ranker,player_game_num_career,team_game_num_season,date,team_name_abbr,game_location,opp_name_abbr,game_type,game_result,is_starter,mp,fg,fga,fg_pct,fg3,fg3a,fg3_pct,fg2,fg2a,fg2_pct,efg_pct,ft,fta,ft_pct,orb,drb,trb,ast,stl,blk,tov,pf,pts,game_score,player_name,player_sr_link,school,season
1,1,1,2019-11-05,Prairie View A&M,,Tx AM-Kingsvil,REG (Non-Conf),W 85-55,*,21,6,8,.750,3,3,1.000,3,5,.600,.938,2,2,1.000,2,3,5,0,0,0,1,3,17,13.9,Diana Rosenthal,https://www.sports-reference.com/cbb/players/diana-rosenthal-1.html,prairie-view,2019-20
2,2,2,2019-11-08,Prairie View A&M,@,Oklahoma,REG (Non-Conf),L 48-94,*,21,3,8,.375,0,2,.000,3,6,.500,.375,0,1,.000,1,1,2,0,1,0,2,2,6,0.4,Diana Rosenthal,https://www.sports-reference.com/cbb/players/diana-rosenthal-1.html,prairie-view,2019-20
3,3,3,2019-11-14,Prairie View A&M,@,Miami (OH),REG (Non-Conf),L 52-65,*,22,2,5,.400,0,0,,2,5,.400,.400,0,0,,0,2,2,0,1,0,3,1,4,-0.5,Diana Rosenthal,https://www.sports-reference.com/cbb/players/diana-rosenthal-1.html,prairie-view,2019-20
4,4,4,2019-11-15,Prairie View A&M,@,Texas A&M–Corpus Christi,REG (Non-Conf),L 52-64,*,13,1,3,.333,1,2,.500,0,1,.000,.500,0,0,,0,0,0,0,0,0,2,2,3,-1.5,Diana Rosenthal,https://www.sports-reference.com/cbb/players/diana-rosenthal-1.html,prairie-view,2019-20
5,5,5,2019-11-20,Prairie View A&M,@,Arizona,REG (Non-Conf),L 48-83,,26,3,8,.375,0,2,.000,3,6,.500,.375,0,0,,0,4,4,0,0,0,3,0,6,-0.2,Diana Rosenthal,https://www.sports-reference.com/cbb/players/diana-rosenthal-1.html,prairie-view,2019-20
6,6,6,2019-11-23,Prairie View A&M,,Wiley,REG (Non-Conf),W 75-42,,19,2,6,.333,0,1,.000,2,5,.400,.333,2,2,1.000,3,0,3,2,0,0,2,4,6,2.5,Diana Rosenthal,https://www.sports-reference.com/cbb/players/diana-rosenthal-1.html,prairie-view,2019-20
7,7,7,2019-11-27,Prairie View A&M,@,Texas A&M,REG (Non-Conf),L 38-80,*,19,3,9,.333,0,1,.000,3,8,.375,.333,1,2,.500,0,0,0,1,1,0,1,3,7,1.0,Diana Rosenthal,https://www.sports-reference.com/cbb/players/diana-rosenthal-1.html,prairie-view,2019-20
8,8,8,2019-12-05,Prairie View A&M,,Florida,REG (Non-Conf),L 44-51,*,24,2,8,.250,0,0,,2,8,.250,.250,0,0,,1,3,4,3,0,0,1,2,4,1.1,Diana Rosenthal,https://www.sports-reference.com/cbb/players/diana-rosenthal-1.html,prairie-view,2019-20
9,9,9,2019-12-15,Prairie View A&M,@,Rice,REG (Non-Conf),L 55-77,*,24,5,9,.556,0,0,,5,9,.556,.556,1,3,.333,1,0,1,0,2,0,3,3,11,4.4,Diana Rosenthal,https://www.sports-reference.com/cbb/players/diana-rosenthal-1.html,prairie-view,2019-20
10,10,10,2019-12-17,Prairie View A&M,@,Texas Tech,REG (Non-Conf),L 48-82,*,30,4,15,.267,1,3,.333,3,12,.250,.300,0,0,,3,3,6,0,1,0,2,2,9,1.3,Diana Rosenthal,https://www.sports-reference.com/cbb/players/diana-rosenthal-1.html,prairie-view,2019-20
11,11,11,2019-12-20,Prairie View A&M,@,Wisconsin,REG (Non-Conf),L 42-68,*,22,2,6,.333,1,1,1.000,1,5,.200,.417,0,0,,0,1,1,1,1,0,2,2,5,0.8,Diana Rosenthal,https://www.sports-reference.com/cbb/players/diana-rosenthal-1.html,prairie-view,2019-20
12,12,12,2019-12-30,Prairie View A&M,,Huston-Tilotson,REG (Non-Conf),W 79-60,*,27,11,17,.647,0,2,.000,11,15,.733,.647,5,7,.714,3,4,7,1,2,0,5,1,27,19.3,Diana Rosenthal,https://www.sports-reference.com/cbb/players/diana-rosenthal-1.html,prairie-view,2019-20
13,13,13,2020-01-04,Prairie View A&M,,Alcorn State,REG (Conf),L 63-68,,21,3,6,.500,1,2,.500,2,4,.500,.583,2,6,.333,1,2,3,0,2,0,6,1,9,1.3,Diana Rosenthal,https://www.sports-reference.com/cbb/players/diana-rosenthal-1.html,prairie-view,2019-20
14,14,14,2020-01-06,Prairie View A&M,,Southern,REG (Conf),L 48-68,*,25,2,4,.500,0,1,.000,2,3,.667,.500,2,4,.500,0,1,1,1,1,1,0,5,6,3.9,Diana Rosenthal,https://www.sports-reference.com/cbb/players/diana-rosenthal-1.html,prairie-view,2019-20
15,15,15,2020-01-11,Prairie View A&M,@,Texas Southern,REG (Conf),L 65-88,*,31,7,11,.636,1,2,.500,6,9,.667,.682,0,0,,0,2,2,0,1,0,4,2,15,6.9,Diana Rosenthal,https://www.sports-reference.com/cbb/players/diana-rosenthal-1.html,prairie-view,2019-20
16,16,16,2020-01-18,Prairie View A&M,@,Grambling State,REG (Conf),W 67-54,*,22,2,5,.400,0,1,.000,2,4,.500,.400,1,2,.500,1,0,1,2,2,0,1,5,5,3.0,Diana Rosenthal,https://www.sports-reference.com/cbb/players/diana-rosenthal-1.html,prairie-view,2019-20
17,17,17,2020-01-20,Prairie View A&M,@,Jackson State,REG (Conf),L 49-53,*,26,2,7,.286,0,0,,2,7,.286,.286,4,4,1.000,1,3,4,0,3,0,4,3,8,3.3,Diana Rosenthal,https://www.sports-reference.com/cbb/players/diana-rosenthal-1.html,prairie-view,2019-20
18,18,18,2020-01-25,Prairie View A&M,,Arkansas–Pine Bluff,REG (Conf),W 61-51,*,25,2,5,.400,0,1,.000,2,4,.500,.400,5,6,.833,1,0,1,1,1,0,0,0,9,8.3,Diana Rosenthal,https://www.sports-reference.com/cbb/players/diana-rosenthal-1.html,prairie-view,2019-20
19,19,19,2020-01-27,Prairie View A&M,,Mississippi Valley State,REG (Conf),W 81-47,*,15,2,7,.286,2,3,.667,0,4,.000,.429,0,2,.000,0,1,1,1,2,0,2,3,6,0.9,Diana Rosenthal,https://www.sports-reference.com/cbb/players/diana-rosenthal-1.html,prairie-view,2019-20
20,20,20,2020-02-01,Prairie View A&M,@,Alabama State,REG (Conf),W 62-59 (2OT),*,19,0,4,.000,0,1,.000,0,3,.000,.000,2,4,.500,1,4,5,0,1,0,1,3,2,-0.9,Diana Rosenthal,https://www.sports-reference.com/cbb/players/diana-rosenthal-1.html,prairie-view,2019-20
21,21,21,2020-02-03,Prairie View A&M,@,Alabama A&M,REG (Conf),L 44-54,,5,0,2,.000,0,1,.000,0,1,.000,.000,0,0,,0,0,0,0,0,0,1,1,0,-2.8,Diana Rosenthal,https://www.sports-reference.com/cbb/players/diana-rosenthal-1.html,prairie-view,2019-20
22,22,22,2020-02-08,Prairie View A&M,,Texas Southern,REG (Conf),W 50-47,,7,1,2,.500,0,0,,1,2,.500,.500,0,0,,1,0,1,0,1,0,1,2,2,0.9,Diana Rosenthal,https://www.sports-reference.com/cbb/players/diana-rosenthal-1.html,prairie-view,2019-20
23,23,23,2020-02-15,Prairie View A&M,,Grambling State,REG (Conf),W 65-58,*,25,4,5,.800,0,0,,4,5,.800,.800,0,1,.000,1,0,1,1,1,0,0,1,8,7.7,Diana Rosenthal,https://www.sports-reference.com/cbb/players/diana-rosenthal-1.html,prairie-view,2019-20
24,24,24,2020-02-17,Prairie View A&M,,Jackson State,REG (Conf),W 62-52,,26,5,6,.833,0,0,,5,6,.833,.833,3,4,.750,0,3,3,2,0,0,2,3,13,9.5,Diana Rosenthal,https://www.sports-reference.com/cbb/players/diana-rosenthal-1.html,prairie-view,2019-20
25,25,25,2020-02-22,Prairie View A&M,@,Arkansas–Pine Bluff,REG (Conf),L 54-69,*,31,3,12,.250,0,2,.000,3,10,.300,.250,7,10,.700,3,3,6,0,2,0,1,3,13,7.4,Diana Rosenthal,https://www.sports-reference.com/cbb/players/diana-rosenthal-1.html,prairie-view,2019-20
26,26,26,2020-02-24,Prairie View A&M,@,Mississippi Valley State,REG (Conf),W 89-72,,24,4,12,.333,3,5,.600,1,7,.143,.458,0,2,.000,3,1,4,1,2,0,1,2,11,6.7,Diana Rosenthal,https://www.sports-reference.com/cbb/players/diana-rosenthal-1.html,prairie-view,2019-20
27,27,27,2020-02-29,Prairie View A&M,,Alabama State,REG (Conf),L 52-61,,24,2,5,.400,0,0,,2,5,.400,.400,1,4,.250,1,1,2,0,0,0,0,3,5,0.9,Diana Rosenthal,https://www.sports-reference.com/cbb/players/diana-rosenthal-1.html,prairie-view,2019-20
28,28,28,2020-03-02,Prairie View A&M,,Alabama A&M,REG (Conf),W 60-53,,19,1,3,.333,1,2,.500,0,1,.000,.500,0,0,,0,1,1,1,2,0,2,2,3,1.5,Diana Rosenthal,https://www.sports-reference.com/cbb/players/diana-rosenthal-1.html,prairie-view,2019-20
29,29,29,2020-03-05,Prairie View A&M,@,Alcorn State,REG (Conf),L 39-77,,25,3,7,.429,0,2,.000,3,5,.600,.429,0,0,,1,3,4,0,0,1,3,2,6,0.8,Diana Rosenthal,https://www.sports-reference.com/cbb/players/diana-rosenthal-1.html,prairie-view,2019-20
30,30,30,2020-03-07,Prairie View A&M,@,Southern,REG (Conf),L 51-63,*,32,7,12,.583,0,1,.000,7,11,.636,.583,0,0,,0,2,2,0,0,0,3,2,14,5.2,Diana Rosenthal,https://www.sports-reference.com/cbb/players/diana-rosenthal-1.html,prairie-view,2019-20
31,31,31,2020-03-10,Prairie View A&M,@,Southern,CTOURN,L 55-59,*,34,5,12,.417,1,3,.333,4,9,.444,.458,0,0,,0,3,3,2,0,0,1,5,11,3.9,Diana Rosenthal,https://www.sports-reference.com/cbb/players/diana-rosenthal-1.html,prairie-view,2019-20
