ranker,player_game_num_career,team_game_num_season,date,team_name_abbr,game_location,opp_name_abbr,game_type,game_result,is_starter,mp,fg,fga,fg_pct,fg3,fg3a,fg3_pct,fg2,fg2a,fg2_pct,efg_pct,ft,fta,ft_pct,orb,drb,trb,ast,stl,blk,tov,pf,pts,game_score,player_name,player_sr_link,school,season
1,93,1,2019-11-05,Prairie View A&M,,Tx AM-Kingsvil,REG (Non-Conf),W 85-55,*,14,1,6,.167,0,4,.000,1,2,.500,.167,4,4,1.000,0,1,1,0,3,0,1,3,6,3.3,Dominique Newman-Worrell,https://www.sports-reference.com/cbb/players/dominique-newman-1.html,prairie-view,2019-20
2,94,2,2019-11-08,Prairie View A&M,@,Oklahoma,REG (Non-Conf),L 48-94,*,24,0,8,.000,0,4,.000,0,4,.000,.000,4,4,1.000,1,0,1,1,1,0,2,2,4,-2.0,Dominique Newman-Worrell,https://www.sports-reference.com/cbb/players/dominique-newman-1.html,prairie-view,2019-20
3,95,3,2019-11-14,Prairie View A&M,@,Miami (OH),REG (Non-Conf),L 52-65,,23,3,8,.375,2,4,.500,1,4,.250,.500,0,0,,2,0,2,0,2,0,2,3,8,3.8,Dominique Newman-Worrell,https://www.sports-reference.com/cbb/players/dominique-newman-1.html,prairie-view,2019-20
4,96,4,2019-11-15,Prairie View A&M,@,Texas A&M–Corpus Christi,REG (Non-Conf),L 52-64,,23,2,5,.400,2,5,.400,0,0,,.600,0,0,,2,1,3,1,2,0,1,3,6,5.5,Dominique Newman-Worrell,https://www.sports-reference.com/cbb/players/dominique-newman-1.html,prairie-view,2019-20
5,97,5,2019-11-20,Prairie View A&M,@,Arizona,REG (Non-Conf),L 48-83,,26,2,4,.500,2,4,.500,0,0,,.750,1,2,.500,2,0,2,0,1,0,0,2,7,6.2,Dominique Newman-Worrell,https://www.sports-reference.com/cbb/players/dominique-newman-1.html,prairie-view,2019-20
6,98,6,2019-11-23,Prairie View A&M,,Wiley,REG (Non-Conf),W 75-42,*,19,1,2,.500,0,1,.000,1,1,1.000,.500,4,6,.667,0,2,2,1,2,0,0,2,6,6.7,Dominique Newman-Worrell,https://www.sports-reference.com/cbb/players/dominique-newman-1.html,prairie-view,2019-20
7,99,7,2019-11-27,Prairie View A&M,@,Texas A&M,REG (Non-Conf),L 38-80,*,19,0,1,.000,0,1,.000,0,0,,.000,0,0,,1,0,1,2,0,0,1,1,0,0.0,Dominique Newman-Worrell,https://www.sports-reference.com/cbb/players/dominique-newman-1.html,prairie-view,2019-20
8,100,8,2019-12-05,Prairie View A&M,,Florida,REG (Non-Conf),L 44-51,*,28,4,10,.400,1,5,.200,3,5,.600,.450,0,0,,1,3,4,1,0,0,0,4,9,4.3,Dominique Newman-Worrell,https://www.sports-reference.com/cbb/players/dominique-newman-1.html,prairie-view,2019-20
9,101,9,2019-12-15,Prairie View A&M,@,Rice,REG (Non-Conf),L 55-77,*,16,2,6,.333,1,4,.250,1,2,.500,.417,0,2,.000,1,2,3,2,0,0,1,4,5,0.9,Dominique Newman-Worrell,https://www.sports-reference.com/cbb/players/dominique-newman-1.html,prairie-view,2019-20
10,102,10,2019-12-17,Prairie View A&M,@,Texas Tech,REG (Non-Conf),L 48-82,*,27,0,3,.000,0,2,.000,0,1,.000,.000,0,0,,1,0,1,1,4,0,0,4,0,1.7,Dominique Newman-Worrell,https://www.sports-reference.com/cbb/players/dominique-newman-1.html,prairie-view,2019-20
11,103,11,2019-12-20,Prairie View A&M,@,Wisconsin,REG (Non-Conf),L 42-68,*,28,3,7,.429,0,2,.000,3,5,.600,.429,0,0,,1,3,4,1,4,0,4,2,6,3.8,Dominique Newman-Worrell,https://www.sports-reference.com/cbb/players/dominique-newman-1.html,prairie-view,2019-20
12,104,12,2019-12-30,Prairie View A&M,,Huston-Tilotson,REG (Non-Conf),W 79-60,,10,2,5,.400,0,2,.000,2,3,.667,.400,0,1,.000,3,1,4,0,1,0,1,1,4,2.9,Dominique Newman-Worrell,https://www.sports-reference.com/cbb/players/dominique-newman-1.html,prairie-view,2019-20
13,105,13,2020-01-04,Prairie View A&M,,Alcorn State,REG (Conf),L 63-68,*,33,3,6,.500,2,3,.667,1,3,.333,.667,2,2,1.000,1,2,3,4,2,0,1,2,10,11.3,Dominique Newman-Worrell,https://www.sports-reference.com/cbb/players/dominique-newman-1.html,prairie-view,2019-20
14,106,14,2020-01-06,Prairie View A&M,,Southern,REG (Conf),L 48-68,*,33,2,6,.333,0,2,.000,2,4,.500,.333,1,2,.500,0,2,2,1,4,0,0,3,5,5.3,Dominique Newman-Worrell,https://www.sports-reference.com/cbb/players/dominique-newman-1.html,prairie-view,2019-20
15,107,15,2020-01-11,Prairie View A&M,@,Texas Southern,REG (Conf),L 65-88,*,25,3,6,.500,2,4,.500,1,2,.500,.667,2,2,1.000,1,2,3,1,1,0,1,2,10,8.2,Dominique Newman-Worrell,https://www.sports-reference.com/cbb/players/dominique-newman-1.html,prairie-view,2019-20
16,108,16,2020-01-18,Prairie View A&M,@,Grambling State,REG (Conf),W 67-54,*,23,3,6,.500,2,3,.667,1,3,.333,.667,1,1,1.000,0,3,3,3,4,0,0,4,9,11.4,Dominique Newman-Worrell,https://www.sports-reference.com/cbb/players/dominique-newman-1.html,prairie-view,2019-20
17,109,17,2020-01-20,Prairie View A&M,@,Jackson State,REG (Conf),L 49-53,*,24,1,5,.200,0,3,.000,1,2,.500,.200,0,0,,2,6,8,0,0,0,3,5,2,-2.9,Dominique Newman-Worrell,https://www.sports-reference.com/cbb/players/dominique-newman-1.html,prairie-view,2019-20
18,110,18,2020-01-25,Prairie View A&M,,Arkansas–Pine Bluff,REG (Conf),W 61-51,,17,0,3,.000,0,2,.000,0,1,.000,.000,2,2,1.000,0,3,3,1,1,0,1,3,2,0.3,Dominique Newman-Worrell,https://www.sports-reference.com/cbb/players/dominique-newman-1.html,prairie-view,2019-20
19,111,19,2020-01-27,Prairie View A&M,,Mississippi Valley State,REG (Conf),W 81-47,,14,3,5,.600,0,1,.000,3,4,.750,.600,0,0,,0,3,3,2,1,0,1,4,6,4.4,Dominique Newman-Worrell,https://www.sports-reference.com/cbb/players/dominique-newman-1.html,prairie-view,2019-20
20,112,20,2020-02-01,Prairie View A&M,@,Alabama State,REG (Conf),W 62-59 (2OT),,31,3,8,.375,0,3,.000,3,5,.600,.375,2,2,1.000,0,4,4,0,2,0,2,3,8,3.6,Dominique Newman-Worrell,https://www.sports-reference.com/cbb/players/dominique-newman-1.html,prairie-view,2019-20
21,113,21,2020-02-03,Prairie View A&M,@,Alabama A&M,REG (Conf),L 44-54,*,32,1,4,.250,0,1,.000,1,3,.333,.250,0,0,,0,1,1,5,1,0,1,2,2,2.6,Dominique Newman-Worrell,https://www.sports-reference.com/cbb/players/dominique-newman-1.html,prairie-view,2019-20
22,114,22,2020-02-08,Prairie View A&M,,Texas Southern,REG (Conf),W 50-47,*,29,1,5,.200,0,4,.000,1,1,1.000,.200,1,2,.500,5,3,8,1,1,0,2,3,3,2.4,Dominique Newman-Worrell,https://www.sports-reference.com/cbb/players/dominique-newman-1.html,prairie-view,2019-20
23,115,23,2020-02-15,Prairie View A&M,,Grambling State,REG (Conf),W 65-58,*,32,5,11,.455,2,5,.400,3,6,.500,.545,2,4,.500,3,11,14,4,3,1,2,0,14,17.4,Dominique Newman-Worrell,https://www.sports-reference.com/cbb/players/dominique-newman-1.html,prairie-view,2019-20
24,116,24,2020-02-17,Prairie View A&M,,Jackson State,REG (Conf),W 62-52,*,25,2,4,.500,1,3,.333,1,1,1.000,.625,6,6,1.000,0,5,5,0,4,0,2,4,11,10.9,Dominique Newman-Worrell,https://www.sports-reference.com/cbb/players/dominique-newman-1.html,prairie-view,2019-20
25,117,25,2020-02-22,Prairie View A&M,@,Arkansas–Pine Bluff,REG (Conf),L 54-69,*,24,1,8,.125,0,3,.000,1,5,.200,.125,0,0,,0,4,4,1,2,0,5,2,2,-5.1,Dominique Newman-Worrell,https://www.sports-reference.com/cbb/players/dominique-newman-1.html,prairie-view,2019-20
26,118,26,2020-02-24,Prairie View A&M,@,Mississippi Valley State,REG (Conf),W 89-72,*,31,7,14,.500,7,12,.583,0,2,.000,.750,8,9,.889,0,4,4,3,1,0,2,3,29,22.7,Dominique Newman-Worrell,https://www.sports-reference.com/cbb/players/dominique-newman-1.html,prairie-view,2019-20
27,119,27,2020-02-29,Prairie View A&M,,Alabama State,REG (Conf),L 52-61,*,30,4,7,.571,0,2,.000,4,5,.800,.571,1,1,1.000,1,1,2,4,0,0,0,1,9,9.1,Dominique Newman-Worrell,https://www.sports-reference.com/cbb/players/dominique-newman-1.html,prairie-view,2019-20
28,120,28,2020-03-02,Prairie View A&M,,Alabama A&M,REG (Conf),W 60-53,*,20,2,4,.500,1,3,.333,1,1,1.000,.625,1,2,.500,0,2,2,1,1,0,1,1,6,4.5,Dominique Newman-Worrell,https://www.sports-reference.com/cbb/players/dominique-newman-1.html,prairie-view,2019-20
29,121,29,2020-03-05,Prairie View A&M,@,Alcorn State,REG (Conf),L 39-77,*,30,2,7,.286,0,2,.000,2,5,.400,.286,0,0,,3,2,5,2,1,0,1,0,4,4.0,Dominique Newman-Worrell,https://www.sports-reference.com/cbb/players/dominique-newman-1.html,prairie-view,2019-20
30,122,30,2020-03-07,Prairie View A&M,@,Southern,REG (Conf),L 51-63,*,27,2,4,.500,0,0,,2,4,.500,.500,1,2,.500,1,7,8,8,3,0,4,3,5,8.8,Dominique Newman-Worrell,https://www.sports-reference.com/cbb/players/dominique-newman-1.html,prairie-view,2019-20
31,123,31,2020-03-10,Prairie View A&M,@,Southern,CTOURN,L 55-59,*,31,2,4,.500,0,1,.000,2,3,.667,.500,1,2,.500,0,7,7,4,1,0,6,4,5,0.9,Dominique Newman-Worrell,https://www.sports-reference.com/cbb/players/dominique-newman-1.html,prairie-view,2019-20
