ranker,player_game_num_career,team_game_num_season,date,team_name_abbr,game_location,opp_name_abbr,game_type,game_result,is_starter,mp,fg,fga,fg_pct,fg3,fg3a,fg3_pct,fg2,fg2a,fg2_pct,efg_pct,ft,fta,ft_pct,orb,drb,trb,ast,stl,blk,tov,pf,pts,game_score,player_name,player_sr_link,school,season
1,62,8,2019-12-05,Prairie View A&M,,Florida,REG (Non-Conf),L 44-51,,4,0,0,,0,0,,0,0,,,0,0,,0,0,0,0,0,0,0,1,0,-0.4,Jhyrah Cobb,https://www.sports-reference.com/cbb/players/jhyrah-cobb-1.html,prairie-view,2019-20
2,63,9,2019-12-15,Prairie View A&M,@,Rice,REG (Non-Conf),L 55-77,,3,0,1,.000,0,0,,0,1,.000,.000,0,0,,0,1,1,0,0,0,0,1,0,-0.8,Jhyrah Cobb,https://www.sports-reference.com/cbb/players/jhyrah-cobb-1.html,prairie-view,2019-20
3,64,10,2019-12-17,Prairie View A&M,@,Texas Tech,REG (Non-Conf),L 48-82,,7,1,3,.333,0,0,,1,3,.333,.333,0,0,,0,2,2,0,0,0,2,1,2,-1.5,Jhyrah Cobb,https://www.sports-reference.com/cbb/players/jhyrah-cobb-1.html,prairie-view,2019-20
4,65,11,2019-12-20,Prairie View A&M,@,Wisconsin,REG (Non-Conf),L 42-68,,8,1,2,.500,0,0,,1,2,.500,.500,0,0,,3,3,6,0,1,0,2,1,2,2.6,Jhyrah Cobb,https://www.sports-reference.com/cbb/players/jhyrah-cobb-1.html,prairie-view,2019-20
5,66,12,2019-12-30,Prairie View A&M,,Huston-Tilotson,REG (Non-Conf),W 79-60,,2,0,1,.000,0,0,,0,1,.000,.000,0,0,,0,0,0,0,0,0,0,1,0,-1.1,Jhyrah Cobb,https://www.sports-reference.com/cbb/players/jhyrah-cobb-1.html,prairie-view,2019-20
6,67,13,2020-01-04,Prairie View A&M,,Alcorn State,REG (Conf),L 63-68,,2,0,0,,0,0,,0,0,,,0,0,,0,1,1,0,0,0,0,0,0,0.3,Jhyrah Cobb,https://www.sports-reference.com/cbb/players/jhyrah-cobb-1.html,prairie-view,2019-20
7,68,14,2020-01-06,Prairie View A&M,,Southern,REG (Conf),L 48-68,,14,0,1,.000,0,0,,0,1,.000,.000,1,2,.500,0,1,1,2,0,0,1,2,1,-0.2,Jhyrah Cobb,https://www.sports-reference.com/cbb/players/jhyrah-cobb-1.html,prairie-view,2019-20
8,69,15,2020-01-11,Prairie View A&M,@,Texas Southern,REG (Conf),L 65-88,,3,0,0,,0,0,,0,0,,,0,0,,0,0,0,0,0,0,0,0,0,0.0,Jhyrah Cobb,https://www.sports-reference.com/cbb/players/jhyrah-cobb-1.html,prairie-view,2019-20
9,70,16,2020-01-18,Prairie View A&M,@,Grambling State,REG (Conf),W 67-54,,9,2,3,.667,0,0,,2,3,.667,.667,0,0,,1,0,1,1,0,0,0,2,4,3.3,Jhyrah Cobb,https://www.sports-reference.com/cbb/players/jhyrah-cobb-1.html,prairie-view,2019-20
10,71,17,2020-01-20,Prairie View A&M,@,Jackson State,REG (Conf),L 49-53,,20,1,3,.333,0,0,,1,3,.333,.333,0,0,,1,2,3,1,0,3,2,4,2,0.8,Jhyrah Cobb,https://www.sports-reference.com/cbb/players/jhyrah-cobb-1.html,prairie-view,2019-20
11,72,18,2020-01-25,Prairie View A&M,,Arkansas–Pine Bluff,REG (Conf),W 61-51,,12,1,3,.333,0,0,,1,3,.333,.333,0,0,,2,2,4,1,2,1,2,2,2,2.9,Jhyrah Cobb,https://www.sports-reference.com/cbb/players/jhyrah-cobb-1.html,prairie-view,2019-20
12,73,19,2020-01-27,Prairie View A&M,,Mississippi Valley State,REG (Conf),W 81-47,,13,1,3,.333,0,0,,1,3,.333,.333,1,2,.500,1,5,6,3,0,2,2,0,3,4.6,Jhyrah Cobb,https://www.sports-reference.com/cbb/players/jhyrah-cobb-1.html,prairie-view,2019-20
13,74,20,2020-02-01,Prairie View A&M,@,Alabama State,REG (Conf),W 62-59 (2OT),,11,0,2,.000,0,0,,0,2,.000,.000,1,2,.500,1,2,3,0,0,1,3,3,1,-3.0,Jhyrah Cobb,https://www.sports-reference.com/cbb/players/jhyrah-cobb-1.html,prairie-view,2019-20
14,75,21,2020-02-03,Prairie View A&M,@,Alabama A&M,REG (Conf),L 44-54,,15,2,4,.500,0,0,,2,4,.500,.500,0,0,,1,4,5,0,1,3,2,0,4,5.0,Jhyrah Cobb,https://www.sports-reference.com/cbb/players/jhyrah-cobb-1.html,prairie-view,2019-20
15,76,22,2020-02-08,Prairie View A&M,,Texas Southern,REG (Conf),W 50-47,,18,3,7,.429,0,0,,3,7,.429,.429,2,2,1.000,1,5,6,2,2,4,1,1,8,11.3,Jhyrah Cobb,https://www.sports-reference.com/cbb/players/jhyrah-cobb-1.html,prairie-view,2019-20
16,77,23,2020-02-15,Prairie View A&M,,Grambling State,REG (Conf),W 65-58,,5,0,0,,0,0,,0,0,,,0,0,,0,0,0,1,0,1,1,1,0,0.0,Jhyrah Cobb,https://www.sports-reference.com/cbb/players/jhyrah-cobb-1.html,prairie-view,2019-20
17,78,24,2020-02-17,Prairie View A&M,,Jackson State,REG (Conf),W 62-52,*,14,1,3,.333,0,0,,1,3,.333,.333,0,0,,2,0,2,0,0,5,2,3,2,2.0,Jhyrah Cobb,https://www.sports-reference.com/cbb/players/jhyrah-cobb-1.html,prairie-view,2019-20
18,79,25,2020-02-22,Prairie View A&M,@,Arkansas–Pine Bluff,REG (Conf),L 54-69,,9,2,2,1.000,0,0,,2,2,1.000,1.000,0,0,,0,1,1,0,0,2,0,3,4,3.9,Jhyrah Cobb,https://www.sports-reference.com/cbb/players/jhyrah-cobb-1.html,prairie-view,2019-20
19,80,26,2020-02-24,Prairie View A&M,@,Mississippi Valley State,REG (Conf),W 89-72,*,19,1,4,.250,0,0,,1,4,.250,.250,0,0,,4,3,7,2,0,4,0,2,2,6.7,Jhyrah Cobb,https://www.sports-reference.com/cbb/players/jhyrah-cobb-1.html,prairie-view,2019-20
20,81,27,2020-02-29,Prairie View A&M,,Alabama State,REG (Conf),L 52-61,*,23,3,5,.600,0,0,,3,5,.600,.600,1,2,.500,2,6,8,2,0,10,0,4,7,14.3,Jhyrah Cobb,https://www.sports-reference.com/cbb/players/jhyrah-cobb-1.html,prairie-view,2019-20
21,82,28,2020-03-02,Prairie View A&M,,Alabama A&M,REG (Conf),W 60-53,*,13,0,6,.000,0,1,.000,0,5,.000,.000,3,4,.750,3,2,5,1,0,1,1,4,3,-0.1,Jhyrah Cobb,https://www.sports-reference.com/cbb/players/jhyrah-cobb-1.html,prairie-view,2019-20
22,83,29,2020-03-05,Prairie View A&M,@,Alcorn State,REG (Conf),L 39-77,*,9,0,1,.000,0,0,,0,1,.000,.000,0,0,,2,5,7,0,0,0,4,3,0,-3.0,Jhyrah Cobb,https://www.sports-reference.com/cbb/players/jhyrah-cobb-1.html,prairie-view,2019-20
23,84,30,2020-03-07,Prairie View A&M,@,Southern,REG (Conf),L 51-63,,5,0,0,,0,0,,0,0,,,0,0,,0,1,1,0,0,1,0,0,0,1.0,Jhyrah Cobb,https://www.sports-reference.com/cbb/players/jhyrah-cobb-1.html,prairie-view,2019-20
24,85,31,2020-03-10,Prairie View A&M,@,Southern,CTOURN,L 55-59,,4,0,0,,0,0,,0,0,,,0,0,,0,1,1,0,0,0,1,0,0,-0.7,Jhyrah Cobb,https://www.sports-reference.com/cbb/players/jhyrah-cobb-1.html,prairie-view,2019-20
