ranker,player_game_num_career,team_game_num_season,date,team_name_abbr,game_location,opp_name_abbr,game_type,game_result,is_starter,mp,fg,fga,fg_pct,fg3,fg3a,fg3_pct,fg2,fg2a,fg2_pct,efg_pct,ft,fta,ft_pct,orb,drb,trb,ast,stl,blk,tov,pf,pts,game_score,player_name,player_sr_link,school,season
1,32,1,2019-11-05,Prairie View A&M,,Tx AM-Kingsvil,REG (Non-Conf),W 85-55,*,34,2,4,.500,0,0,,2,4,.500,.500,0,0,,1,5,6,1,0,0,4,3,4,-0.3,Ke'Asia Williams,https://www.sports-reference.com/cbb/players/keasia-williams-1.html,prairie-view,2019-20
2,33,2,2019-11-08,Prairie View A&M,@,Oklahoma,REG (Non-Conf),L 48-94,*,30,1,7,.143,0,1,.000,1,6,.167,.143,0,0,,3,5,8,1,2,0,1,4,2,1.2,Ke'Asia Williams,https://www.sports-reference.com/cbb/players/keasia-williams-1.html,prairie-view,2019-20
3,34,3,2019-11-14,Prairie View A&M,@,Miami (OH),REG (Non-Conf),L 52-65,*,33,2,9,.222,0,1,.000,2,8,.250,.222,1,2,.500,1,8,9,2,1,1,3,4,5,0.7,Ke'Asia Williams,https://www.sports-reference.com/cbb/players/keasia-williams-1.html,prairie-view,2019-20
4,35,4,2019-11-15,Prairie View A&M,@,Texas A&M–Corpus Christi,REG (Non-Conf),L 52-64,*,32,3,10,.300,0,0,,3,10,.300,.300,0,0,,1,3,4,1,1,0,0,4,6,1.9,Ke'Asia Williams,https://www.sports-reference.com/cbb/players/keasia-williams-1.html,prairie-view,2019-20
5,36,5,2019-11-20,Prairie View A&M,@,Arizona,REG (Non-Conf),L 48-83,*,26,1,7,.143,0,1,.000,1,6,.167,.143,0,0,,3,1,4,1,1,0,1,2,2,-0.2,Ke'Asia Williams,https://www.sports-reference.com/cbb/players/keasia-williams-1.html,prairie-view,2019-20
6,37,6,2019-11-23,Prairie View A&M,,Wiley,REG (Non-Conf),W 75-42,*,23,4,6,.667,2,2,1.000,2,4,.500,.833,3,4,.750,2,7,9,2,2,1,2,1,13,15.2,Ke'Asia Williams,https://www.sports-reference.com/cbb/players/keasia-williams-1.html,prairie-view,2019-20
7,38,9,2019-12-15,Prairie View A&M,@,Rice,REG (Non-Conf),L 55-77,*,29,2,4,.500,0,1,.000,2,3,.667,.500,0,0,,0,3,3,0,0,2,0,3,4,3.1,Ke'Asia Williams,https://www.sports-reference.com/cbb/players/keasia-williams-1.html,prairie-view,2019-20
8,39,10,2019-12-17,Prairie View A&M,@,Texas Tech,REG (Non-Conf),L 48-82,,16,0,6,.000,0,2,.000,0,4,.000,.000,0,0,,1,3,4,1,0,2,3,1,0,-3.9,Ke'Asia Williams,https://www.sports-reference.com/cbb/players/keasia-williams-1.html,prairie-view,2019-20
9,40,11,2019-12-20,Prairie View A&M,@,Wisconsin,REG (Non-Conf),L 42-68,,16,0,3,.000,0,0,,0,3,.000,.000,0,0,,2,2,4,0,0,0,1,2,0,-1.9,Ke'Asia Williams,https://www.sports-reference.com/cbb/players/keasia-williams-1.html,prairie-view,2019-20
10,41,12,2019-12-30,Prairie View A&M,,Huston-Tilotson,REG (Non-Conf),W 79-60,*,22,5,6,.833,0,0,,5,6,.833,.833,2,2,1.000,1,2,3,4,4,1,1,2,12,16.8,Ke'Asia Williams,https://www.sports-reference.com/cbb/players/keasia-williams-1.html,prairie-view,2019-20
11,42,13,2020-01-04,Prairie View A&M,,Alcorn State,REG (Conf),L 63-68,*,31,4,7,.571,0,1,.000,4,6,.667,.571,5,8,.625,3,6,9,0,3,0,2,2,13,12.6,Ke'Asia Williams,https://www.sports-reference.com/cbb/players/keasia-williams-1.html,prairie-view,2019-20
12,43,14,2020-01-06,Prairie View A&M,,Southern,REG (Conf),L 48-68,*,35,4,5,.800,0,0,,4,5,.800,.800,5,6,.833,2,2,4,0,0,0,3,4,13,8.1,Ke'Asia Williams,https://www.sports-reference.com/cbb/players/keasia-williams-1.html,prairie-view,2019-20
13,44,15,2020-01-11,Prairie View A&M,@,Texas Southern,REG (Conf),L 65-88,*,27,3,4,.750,0,0,,3,4,.750,.750,2,2,1.000,0,1,1,1,1,0,3,3,8,4.2,Ke'Asia Williams,https://www.sports-reference.com/cbb/players/keasia-williams-1.html,prairie-view,2019-20
14,45,16,2020-01-18,Prairie View A&M,@,Grambling State,REG (Conf),W 67-54,*,29,6,9,.667,1,2,.500,5,7,.714,.722,3,3,1.000,4,5,9,0,0,0,1,3,16,14.2,Ke'Asia Williams,https://www.sports-reference.com/cbb/players/keasia-williams-1.html,prairie-view,2019-20
15,46,17,2020-01-20,Prairie View A&M,@,Jackson State,REG (Conf),L 49-53,*,26,3,5,.600,1,1,1.000,2,4,.500,.700,0,0,,0,10,10,2,0,0,4,4,7,3.5,Ke'Asia Williams,https://www.sports-reference.com/cbb/players/keasia-williams-1.html,prairie-view,2019-20
16,47,18,2020-01-25,Prairie View A&M,,Arkansas–Pine Bluff,REG (Conf),W 61-51,*,29,4,7,.571,0,2,.000,4,5,.800,.571,5,7,.714,2,2,4,1,0,0,3,3,13,7.4,Ke'Asia Williams,https://www.sports-reference.com/cbb/players/keasia-williams-1.html,prairie-view,2019-20
17,48,19,2020-01-27,Prairie View A&M,,Mississippi Valley State,REG (Conf),W 81-47,*,25,4,5,.800,0,0,,4,5,.800,.800,0,0,,3,4,7,3,1,0,3,2,8,8.7,Ke'Asia Williams,https://www.sports-reference.com/cbb/players/keasia-williams-1.html,prairie-view,2019-20
18,49,20,2020-02-01,Prairie View A&M,@,Alabama State,REG (Conf),W 62-59 (2OT),*,38,4,6,.667,0,0,,4,6,.667,.667,2,2,1.000,5,4,9,2,1,0,2,4,10,10.9,Ke'Asia Williams,https://www.sports-reference.com/cbb/players/keasia-williams-1.html,prairie-view,2019-20
19,50,21,2020-02-03,Prairie View A&M,@,Alabama A&M,REG (Conf),L 44-54,*,33,5,8,.625,1,2,.500,4,6,.667,.688,2,2,1.000,1,4,5,1,0,0,2,0,13,10.0,Ke'Asia Williams,https://www.sports-reference.com/cbb/players/keasia-williams-1.html,prairie-view,2019-20
20,51,22,2020-02-08,Prairie View A&M,,Texas Southern,REG (Conf),W 50-47,*,23,1,4,.250,0,0,,1,4,.250,.250,0,0,,6,2,8,1,2,0,1,2,2,5.3,Ke'Asia Williams,https://www.sports-reference.com/cbb/players/keasia-williams-1.html,prairie-view,2019-20
21,52,23,2020-02-15,Prairie View A&M,,Grambling State,REG (Conf),W 65-58,*,34,4,7,.571,0,1,.000,4,6,.667,.571,3,4,.750,2,8,10,5,3,1,1,2,11,16.5,Ke'Asia Williams,https://www.sports-reference.com/cbb/players/keasia-williams-1.html,prairie-view,2019-20
22,53,24,2020-02-17,Prairie View A&M,,Jackson State,REG (Conf),W 62-52,*,22,2,4,.500,0,0,,2,4,.500,.500,3,4,.750,4,7,11,1,1,0,2,4,7,7.6,Ke'Asia Williams,https://www.sports-reference.com/cbb/players/keasia-williams-1.html,prairie-view,2019-20
23,54,25,2020-02-22,Prairie View A&M,@,Arkansas–Pine Bluff,REG (Conf),L 54-69,*,37,6,11,.545,2,2,1.000,4,9,.444,.636,0,0,,7,6,13,1,4,1,3,1,14,17.4,Ke'Asia Williams,https://www.sports-reference.com/cbb/players/keasia-williams-1.html,prairie-view,2019-20
24,55,26,2020-02-24,Prairie View A&M,@,Mississippi Valley State,REG (Conf),W 89-72,*,24,4,6,.667,0,0,,4,6,.667,.667,2,2,1.000,0,5,5,2,1,0,1,4,10,8.7,Ke'Asia Williams,https://www.sports-reference.com/cbb/players/keasia-williams-1.html,prairie-view,2019-20
25,56,27,2020-02-29,Prairie View A&M,,Alabama State,REG (Conf),L 52-61,*,27,3,7,.429,0,0,,3,7,.429,.429,4,4,1.000,2,10,12,2,0,1,1,3,10,10.6,Ke'Asia Williams,https://www.sports-reference.com/cbb/players/keasia-williams-1.html,prairie-view,2019-20
26,57,28,2020-03-02,Prairie View A&M,,Alabama A&M,REG (Conf),W 60-53,*,27,1,3,.333,0,0,,1,3,.333,.333,2,5,.400,2,9,11,3,1,0,1,3,4,6.1,Ke'Asia Williams,https://www.sports-reference.com/cbb/players/keasia-williams-1.html,prairie-view,2019-20
27,58,29,2020-03-05,Prairie View A&M,@,Alcorn State,REG (Conf),L 39-77,*,35,2,9,.222,0,1,.000,2,8,.250,.222,3,4,.750,1,4,5,1,0,1,2,1,7,2.0,Ke'Asia Williams,https://www.sports-reference.com/cbb/players/keasia-williams-1.html,prairie-view,2019-20
28,59,30,2020-03-07,Prairie View A&M,@,Southern,REG (Conf),L 51-63,*,26,2,7,.286,0,1,.000,2,6,.333,.286,2,3,.667,4,3,7,3,0,0,3,2,6,3.5,Ke'Asia Williams,https://www.sports-reference.com/cbb/players/keasia-williams-1.html,prairie-view,2019-20
29,60,31,2020-03-10,Prairie View A&M,@,Southern,CTOURN,L 55-59,*,38,4,7,.571,0,0,,4,7,.571,.571,2,2,1.000,2,7,9,3,1,0,2,0,10,11.3,Ke'Asia Williams,https://www.sports-reference.com/cbb/players/keasia-williams-1.html,prairie-view,2019-20
