ranker,player_game_num_career,team_game_num_season,date,team_name_abbr,game_location,opp_name_abbr,game_type,game_result,is_starter,mp,fg,fga,fg_pct,fg3,fg3a,fg3_pct,fg2,fg2a,fg2_pct,efg_pct,ft,fta,ft_pct,orb,drb,trb,ast,stl,blk,tov,pf,pts,game_score,player_name,player_sr_link,school,season
1,27,1,2019-11-05,Prairie View A&M,,Tx AM-Kingsvil,REG (Non-Conf),W 85-55,,17,1,2,.500,0,1,.000,1,1,1.000,.500,1,1,1.000,0,0,0,0,0,0,0,1,3,1.6,Keaynna Tolbert,https://www.sports-reference.com/cbb/players/keaynna-tolbert-1.html,prairie-view,2019-20
2,28,3,2019-11-14,Prairie View A&M,@,Miami (OH),REG (Non-Conf),L 52-65,,2,0,0,,0,0,,0,0,,,2,2,1.000,0,0,0,0,0,0,0,1,2,1.6,Keaynna Tolbert,https://www.sports-reference.com/cbb/players/keaynna-tolbert-1.html,prairie-view,2019-20
3,29,4,2019-11-15,Prairie View A&M,@,Texas A&M–Corpus Christi,REG (Non-Conf),L 52-64,,3,0,2,.000,0,2,.000,0,0,,.000,2,2,1.000,0,1,1,0,0,0,0,0,2,0.9,Keaynna Tolbert,https://www.sports-reference.com/cbb/players/keaynna-tolbert-1.html,prairie-view,2019-20
4,30,6,2019-11-23,Prairie View A&M,,Wiley,REG (Non-Conf),W 75-42,,15,0,3,.000,0,3,.000,0,0,,.000,0,0,,0,1,1,0,0,0,1,3,0,-4.0,Keaynna Tolbert,https://www.sports-reference.com/cbb/players/keaynna-tolbert-1.html,prairie-view,2019-20
5,31,7,2019-11-27,Prairie View A&M,@,Texas A&M,REG (Non-Conf),L 38-80,,2,0,0,,0,0,,0,0,,,0,0,,0,0,0,1,0,0,1,0,0,-0.3,Keaynna Tolbert,https://www.sports-reference.com/cbb/players/keaynna-tolbert-1.html,prairie-view,2019-20
6,32,8,2019-12-05,Prairie View A&M,,Florida,REG (Non-Conf),L 44-51,,1,0,0,,0,0,,0,0,,,0,0,,0,0,0,0,0,0,0,0,0,0.0,Keaynna Tolbert,https://www.sports-reference.com/cbb/players/keaynna-tolbert-1.html,prairie-view,2019-20
7,33,9,2019-12-15,Prairie View A&M,@,Rice,REG (Non-Conf),L 55-77,,7,1,1,1.000,1,1,1.000,0,0,,1.500,1,2,.500,0,0,0,0,2,0,0,1,4,4.9,Keaynna Tolbert,https://www.sports-reference.com/cbb/players/keaynna-tolbert-1.html,prairie-view,2019-20
8,34,10,2019-12-17,Prairie View A&M,@,Texas Tech,REG (Non-Conf),L 48-82,,5,0,1,.000,0,0,,0,1,.000,.000,0,0,,0,1,1,0,0,0,1,1,0,-1.8,Keaynna Tolbert,https://www.sports-reference.com/cbb/players/keaynna-tolbert-1.html,prairie-view,2019-20
9,35,12,2019-12-30,Prairie View A&M,,Huston-Tilotson,REG (Non-Conf),W 79-60,,17,0,2,.000,0,1,.000,0,1,.000,.000,0,2,.000,0,2,2,2,1,0,0,2,0,0.0,Keaynna Tolbert,https://www.sports-reference.com/cbb/players/keaynna-tolbert-1.html,prairie-view,2019-20
10,36,15,2020-01-11,Prairie View A&M,@,Texas Southern,REG (Conf),L 65-88,,1,0,0,,0,0,,0,0,,,0,0,,0,0,0,0,0,0,0,0,0,0.0,Keaynna Tolbert,https://www.sports-reference.com/cbb/players/keaynna-tolbert-1.html,prairie-view,2019-20
11,37,16,2020-01-18,Prairie View A&M,@,Grambling State,REG (Conf),W 67-54,,4,0,1,.000,0,0,,0,1,.000,.000,0,0,,1,1,2,0,0,0,1,0,0,-0.7,Keaynna Tolbert,https://www.sports-reference.com/cbb/players/keaynna-tolbert-1.html,prairie-view,2019-20
12,38,17,2020-01-20,Prairie View A&M,@,Jackson State,REG (Conf),L 49-53,,3,1,1,1.000,1,1,1.000,0,0,,1.500,0,0,,0,0,0,1,0,0,0,0,3,3.4,Keaynna Tolbert,https://www.sports-reference.com/cbb/players/keaynna-tolbert-1.html,prairie-view,2019-20
13,39,18,2020-01-25,Prairie View A&M,,Arkansas–Pine Bluff,REG (Conf),W 61-51,,8,0,1,.000,0,0,,0,1,.000,.000,0,0,,0,0,0,1,1,0,2,0,0,-1.0,Keaynna Tolbert,https://www.sports-reference.com/cbb/players/keaynna-tolbert-1.html,prairie-view,2019-20
14,40,19,2020-01-27,Prairie View A&M,,Mississippi Valley State,REG (Conf),W 81-47,,12,2,4,.500,0,1,.000,2,3,.667,.500,0,0,,1,2,3,3,0,0,1,4,4,2.8,Keaynna Tolbert,https://www.sports-reference.com/cbb/players/keaynna-tolbert-1.html,prairie-view,2019-20
15,41,20,2020-02-01,Prairie View A&M,@,Alabama State,REG (Conf),W 62-59 (2OT),,7,1,1,1.000,0,0,,1,1,1.000,1.000,1,2,.500,0,1,1,0,1,0,1,0,3,2.6,Keaynna Tolbert,https://www.sports-reference.com/cbb/players/keaynna-tolbert-1.html,prairie-view,2019-20
16,42,21,2020-02-03,Prairie View A&M,@,Alabama A&M,REG (Conf),L 44-54,,5,0,0,,0,0,,0,0,,,0,0,,0,0,0,0,0,0,1,1,0,-1.4,Keaynna Tolbert,https://www.sports-reference.com/cbb/players/keaynna-tolbert-1.html,prairie-view,2019-20
17,43,22,2020-02-08,Prairie View A&M,,Texas Southern,REG (Conf),W 50-47,,12,2,5,.400,0,2,.000,2,3,.667,.400,0,2,.000,1,0,1,0,0,0,2,2,4,-1.6,Keaynna Tolbert,https://www.sports-reference.com/cbb/players/keaynna-tolbert-1.html,prairie-view,2019-20
18,44,23,2020-02-15,Prairie View A&M,,Grambling State,REG (Conf),W 65-58,,3,1,1,1.000,1,1,1.000,0,0,,1.500,0,0,,0,0,0,1,0,0,0,0,3,3.4,Keaynna Tolbert,https://www.sports-reference.com/cbb/players/keaynna-tolbert-1.html,prairie-view,2019-20
19,45,25,2020-02-22,Prairie View A&M,@,Arkansas–Pine Bluff,REG (Conf),L 54-69,,13,2,4,.500,2,2,1.000,0,2,.000,.750,0,2,.000,0,1,1,0,0,0,1,0,6,2.5,Keaynna Tolbert,https://www.sports-reference.com/cbb/players/keaynna-tolbert-1.html,prairie-view,2019-20
20,46,26,2020-02-24,Prairie View A&M,@,Mississippi Valley State,REG (Conf),W 89-72,,5,0,0,,0,0,,0,0,,,2,2,1.000,0,1,1,1,0,0,1,1,2,1.6,Keaynna Tolbert,https://www.sports-reference.com/cbb/players/keaynna-tolbert-1.html,prairie-view,2019-20
21,47,27,2020-02-29,Prairie View A&M,,Alabama State,REG (Conf),L 52-61,,3,0,0,,0,0,,0,0,,,0,0,,0,0,0,0,0,0,0,0,0,0.0,Keaynna Tolbert,https://www.sports-reference.com/cbb/players/keaynna-tolbert-1.html,prairie-view,2019-20
22,48,28,2020-03-02,Prairie View A&M,,Alabama A&M,REG (Conf),W 60-53,,2,0,0,,0,0,,0,0,,,0,0,,0,0,0,0,0,0,0,0,0,0.0,Keaynna Tolbert,https://www.sports-reference.com/cbb/players/keaynna-tolbert-1.html,prairie-view,2019-20
23,49,29,2020-03-05,Prairie View A&M,@,Alcorn State,REG (Conf),L 39-77,,6,0,2,.000,0,2,.000,0,0,,.000,2,4,.500,2,2,4,0,2,1,3,2,2,0.7,Keaynna Tolbert,https://www.sports-reference.com/cbb/players/keaynna-tolbert-1.html,prairie-view,2019-20
24,50,30,2020-03-07,Prairie View A&M,@,Southern,REG (Conf),L 51-63,,17,1,2,.500,1,2,.500,0,0,,.750,1,2,.500,0,0,0,2,1,0,2,0,4,3.0,Keaynna Tolbert,https://www.sports-reference.com/cbb/players/keaynna-tolbert-1.html,prairie-view,2019-20
25,51,31,2020-03-10,Prairie View A&M,@,Southern,CTOURN,L 55-59,,11,1,3,.333,0,1,.000,1,2,.500,.333,2,2,1.000,0,0,0,0,0,0,4,2,4,-2.5,Keaynna Tolbert,https://www.sports-reference.com/cbb/players/keaynna-tolbert-1.html,prairie-view,2019-20
