ranker,player_game_num_career,team_game_num_season,date,team_name_abbr,game_location,opp_name_abbr,game_type,game_result,is_starter,mp,fg,fga,fg_pct,fg3,fg3a,fg3_pct,fg2,fg2a,fg2_pct,efg_pct,ft,fta,ft_pct,orb,drb,trb,ast,stl,blk,tov,pf,pts,game_score,player_name,player_sr_link,school,season
1,1,1,2019-11-05,Prairie View A&M,,Tx AM-Kingsvil,REG (Non-Conf),W 85-55,,15,2,4,.500,0,0,,2,4,.500,.500,0,0,,0,2,2,1,0,0,1,4,4,0.7,Kennedi Heard,https://www.sports-reference.com/cbb/players/kennedi-heard-1.html,prairie-view,2019-20
2,2,2,2019-11-08,Prairie View A&M,@,Oklahoma,REG (Non-Conf),L 48-94,,4,0,0,,0,0,,0,0,,,0,0,,1,0,1,0,0,0,1,2,0,-1.1,Kennedi Heard,https://www.sports-reference.com/cbb/players/kennedi-heard-1.html,prairie-view,2019-20
3,3,3,2019-11-14,Prairie View A&M,@,Miami (OH),REG (Non-Conf),L 52-65,,7,0,1,.000,0,0,,0,1,.000,.000,0,0,,2,4,6,0,0,0,0,0,0,1.9,Kennedi Heard,https://www.sports-reference.com/cbb/players/kennedi-heard-1.html,prairie-view,2019-20
4,4,4,2019-11-15,Prairie View A&M,@,Texas A&M–Corpus Christi,REG (Non-Conf),L 52-64,,10,0,3,.000,0,0,,0,3,.000,.000,0,0,,1,0,1,0,0,0,0,2,0,-2.2,Kennedi Heard,https://www.sports-reference.com/cbb/players/kennedi-heard-1.html,prairie-view,2019-20
5,5,5,2019-11-20,Prairie View A&M,@,Arizona,REG (Non-Conf),L 48-83,*,21,3,6,.500,2,3,.667,1,3,.333,.667,1,2,.500,1,4,5,0,3,0,0,0,9,10.5,Kennedi Heard,https://www.sports-reference.com/cbb/players/kennedi-heard-1.html,prairie-view,2019-20
6,6,6,2019-11-23,Prairie View A&M,,Wiley,REG (Non-Conf),W 75-42,*,22,5,6,.833,0,1,.000,5,5,1.000,.833,2,2,1.000,3,5,8,2,2,0,2,1,12,14.4,Kennedi Heard,https://www.sports-reference.com/cbb/players/kennedi-heard-1.html,prairie-view,2019-20
7,7,7,2019-11-27,Prairie View A&M,@,Texas A&M,REG (Non-Conf),L 38-80,*,19,0,5,.000,0,2,.000,0,3,.000,.000,0,0,,2,1,3,0,0,0,1,4,0,-4.4,Kennedi Heard,https://www.sports-reference.com/cbb/players/kennedi-heard-1.html,prairie-view,2019-20
8,8,8,2019-12-05,Prairie View A&M,,Florida,REG (Non-Conf),L 44-51,*,33,3,5,.600,1,2,.500,2,3,.667,.700,0,0,,0,3,3,0,0,1,1,4,7,3.7,Kennedi Heard,https://www.sports-reference.com/cbb/players/kennedi-heard-1.html,prairie-view,2019-20
9,9,9,2019-12-15,Prairie View A&M,@,Rice,REG (Non-Conf),L 55-77,,15,0,2,.000,0,0,,0,2,.000,.000,0,0,,0,3,3,1,1,0,0,2,0,0.4,Kennedi Heard,https://www.sports-reference.com/cbb/players/kennedi-heard-1.html,prairie-view,2019-20
10,10,10,2019-12-17,Prairie View A&M,@,Texas Tech,REG (Non-Conf),L 48-82,*,23,3,8,.375,0,0,,3,8,.375,.375,0,0,,2,2,4,4,2,0,0,4,6,6.8,Kennedi Heard,https://www.sports-reference.com/cbb/players/kennedi-heard-1.html,prairie-view,2019-20
11,11,11,2019-12-20,Prairie View A&M,@,Wisconsin,REG (Non-Conf),L 42-68,*,31,2,7,.286,0,2,.000,2,5,.400,.286,0,0,,3,2,5,0,3,0,1,4,4,3.0,Kennedi Heard,https://www.sports-reference.com/cbb/players/kennedi-heard-1.html,prairie-view,2019-20
12,12,12,2019-12-30,Prairie View A&M,,Huston-Tilotson,REG (Non-Conf),W 79-60,*,15,3,3,1.000,0,0,,3,3,1.000,1.000,0,0,,0,1,1,0,0,0,0,1,6,5.0,Kennedi Heard,https://www.sports-reference.com/cbb/players/kennedi-heard-1.html,prairie-view,2019-20
13,13,13,2020-01-04,Prairie View A&M,,Alcorn State,REG (Conf),L 63-68,,14,1,4,.250,0,0,,1,4,.250,.250,0,0,,1,2,3,0,0,0,0,4,2,-0.7,Kennedi Heard,https://www.sports-reference.com/cbb/players/kennedi-heard-1.html,prairie-view,2019-20
14,14,14,2020-01-06,Prairie View A&M,,Southern,REG (Conf),L 48-68,,14,0,3,.000,0,1,.000,0,2,.000,.000,0,0,,0,1,1,0,1,0,1,2,0,-2.6,Kennedi Heard,https://www.sports-reference.com/cbb/players/kennedi-heard-1.html,prairie-view,2019-20
15,15,15,2020-01-11,Prairie View A&M,@,Texas Southern,REG (Conf),L 65-88,,6,0,0,,0,0,,0,0,,,0,0,,0,1,1,0,0,0,2,2,0,-2.5,Kennedi Heard,https://www.sports-reference.com/cbb/players/kennedi-heard-1.html,prairie-view,2019-20
16,16,16,2020-01-18,Prairie View A&M,@,Grambling State,REG (Conf),W 67-54,,14,2,6,.333,0,0,,2,6,.333,.333,1,2,.500,2,1,3,0,1,1,0,0,5,4.6,Kennedi Heard,https://www.sports-reference.com/cbb/players/kennedi-heard-1.html,prairie-view,2019-20
17,17,17,2020-01-20,Prairie View A&M,@,Jackson State,REG (Conf),L 49-53,,11,0,2,.000,0,2,.000,0,0,,.000,2,2,1.000,0,0,0,1,0,0,1,3,2,-0.9,Kennedi Heard,https://www.sports-reference.com/cbb/players/kennedi-heard-1.html,prairie-view,2019-20
18,18,18,2020-01-25,Prairie View A&M,,Arkansas–Pine Bluff,REG (Conf),W 61-51,,11,1,2,.500,0,0,,1,2,.500,.500,1,4,.250,0,0,0,0,0,0,0,2,3,0.0,Kennedi Heard,https://www.sports-reference.com/cbb/players/kennedi-heard-1.html,prairie-view,2019-20
19,19,19,2020-01-27,Prairie View A&M,,Mississippi Valley State,REG (Conf),W 81-47,,18,7,8,.875,0,0,,7,8,.875,.875,4,5,.800,7,3,10,2,2,0,0,1,18,23.6,Kennedi Heard,https://www.sports-reference.com/cbb/players/kennedi-heard-1.html,prairie-view,2019-20
20,20,20,2020-02-01,Prairie View A&M,@,Alabama State,REG (Conf),W 62-59 (2OT),,15,1,6,.167,0,3,.000,1,3,.333,.167,1,2,.500,1,0,1,0,1,0,1,4,3,-2.1,Kennedi Heard,https://www.sports-reference.com/cbb/players/kennedi-heard-1.html,prairie-view,2019-20
21,21,21,2020-02-03,Prairie View A&M,@,Alabama A&M,REG (Conf),L 44-54,,12,0,3,.000,0,0,,0,3,.000,.000,0,0,,1,1,2,1,1,0,0,3,0,-0.6,Kennedi Heard,https://www.sports-reference.com/cbb/players/kennedi-heard-1.html,prairie-view,2019-20
22,22,22,2020-02-08,Prairie View A&M,,Texas Southern,REG (Conf),W 50-47,,19,2,5,.400,1,1,1.000,1,4,.250,.500,0,0,,1,1,2,2,1,1,2,1,5,4.0,Kennedi Heard,https://www.sports-reference.com/cbb/players/kennedi-heard-1.html,prairie-view,2019-20
23,23,23,2020-02-15,Prairie View A&M,,Grambling State,REG (Conf),W 65-58,,19,0,3,.000,0,0,,0,3,.000,.000,0,0,,2,1,3,2,0,0,1,4,0,-1.6,Kennedi Heard,https://www.sports-reference.com/cbb/players/kennedi-heard-1.html,prairie-view,2019-20
24,24,24,2020-02-17,Prairie View A&M,,Jackson State,REG (Conf),W 62-52,,5,0,1,.000,0,0,,0,1,.000,.000,0,0,,0,1,1,0,0,0,0,2,0,-1.2,Kennedi Heard,https://www.sports-reference.com/cbb/players/kennedi-heard-1.html,prairie-view,2019-20
25,25,25,2020-02-22,Prairie View A&M,@,Arkansas–Pine Bluff,REG (Conf),L 54-69,,13,0,2,.000,0,1,.000,0,1,.000,.000,0,0,,0,4,4,0,0,1,4,2,0,-4.3,Kennedi Heard,https://www.sports-reference.com/cbb/players/kennedi-heard-1.html,prairie-view,2019-20
26,26,26,2020-02-24,Prairie View A&M,@,Mississippi Valley State,REG (Conf),W 89-72,,15,1,2,.500,0,0,,1,2,.500,.500,0,0,,1,3,4,1,1,0,1,4,2,1.7,Kennedi Heard,https://www.sports-reference.com/cbb/players/kennedi-heard-1.html,prairie-view,2019-20
27,27,27,2020-02-29,Prairie View A&M,,Alabama State,REG (Conf),L 52-61,,13,2,2,1.000,0,0,,2,2,1.000,1.000,0,0,,0,2,2,2,0,1,2,1,4,3.7,Kennedi Heard,https://www.sports-reference.com/cbb/players/kennedi-heard-1.html,prairie-view,2019-20
28,28,28,2020-03-02,Prairie View A&M,,Alabama A&M,REG (Conf),W 60-53,,19,0,0,,0,0,,0,0,,,2,2,1.000,0,2,2,1,0,0,0,3,2,2.1,Kennedi Heard,https://www.sports-reference.com/cbb/players/kennedi-heard-1.html,prairie-view,2019-20
29,29,29,2020-03-05,Prairie View A&M,@,Alcorn State,REG (Conf),L 39-77,,19,1,5,.200,0,1,.000,1,4,.250,.200,5,6,.833,3,1,4,1,0,1,2,1,7,4.9,Kennedi Heard,https://www.sports-reference.com/cbb/players/kennedi-heard-1.html,prairie-view,2019-20
30,30,30,2020-03-07,Prairie View A&M,@,Southern,REG (Conf),L 51-63,*,22,3,5,.600,2,3,.667,1,2,.500,.800,1,4,.250,1,4,5,2,1,0,5,3,9,3.6,Kennedi Heard,https://www.sports-reference.com/cbb/players/kennedi-heard-1.html,prairie-view,2019-20
31,31,31,2020-03-10,Prairie View A&M,@,Southern,CTOURN,L 55-59,*,33,5,9,.556,3,6,.500,2,3,.667,.722,1,2,.500,1,5,6,1,3,0,4,3,14,10.0,Kennedi Heard,https://www.sports-reference.com/cbb/players/kennedi-heard-1.html,prairie-view,2019-20
