ranker,player_game_num_career,team_game_num_season,date,team_name_abbr,game_location,opp_name_abbr,game_type,game_result,is_starter,mp,fg,fga,fg_pct,fg3,fg3a,fg3_pct,fg2,fg2a,fg2_pct,efg_pct,ft,fta,ft_pct,orb,drb,trb,ast,stl,blk,tov,pf,pts,game_score,player_name,player_sr_link,school,season
1,90,1,2019-11-05,Prairie View A&M,,Tx AM-Kingsvil,REG (Non-Conf),W 85-55,,16,2,3,.667,0,0,,2,3,.667,.667,0,0,,1,4,5,0,0,0,1,2,4,2.8,Mariah Campbell,https://www.sports-reference.com/cbb/players/mariah-campbell-1.html,prairie-view,2019-20
2,91,2,2019-11-08,Prairie View A&M,@,Oklahoma,REG (Non-Conf),L 48-94,,21,2,5,.400,1,2,.500,1,3,.333,.500,0,0,,0,5,5,1,1,0,1,2,5,3.7,Mariah Campbell,https://www.sports-reference.com/cbb/players/mariah-campbell-1.html,prairie-view,2019-20
3,92,3,2019-11-14,Prairie View A&M,@,Miami (OH),REG (Non-Conf),L 52-65,,17,0,5,.000,0,1,.000,0,4,.000,.000,0,0,,1,1,2,1,0,0,1,2,0,-3.6,Mariah Campbell,https://www.sports-reference.com/cbb/players/mariah-campbell-1.html,prairie-view,2019-20
4,93,4,2019-11-15,Prairie View A&M,@,Texas A&M–Corpus Christi,REG (Non-Conf),L 52-64,*,21,2,5,.400,0,0,,2,5,.400,.400,0,0,,4,1,5,1,0,0,2,2,4,2.3,Mariah Campbell,https://www.sports-reference.com/cbb/players/mariah-campbell-1.html,prairie-view,2019-20
5,94,5,2019-11-20,Prairie View A&M,@,Arizona,REG (Non-Conf),L 48-83,,14,0,2,.000,0,0,,0,2,.000,.000,0,2,.000,0,1,1,0,0,0,2,2,0,-4.7,Mariah Campbell,https://www.sports-reference.com/cbb/players/mariah-campbell-1.html,prairie-view,2019-20
6,95,6,2019-11-23,Prairie View A&M,,Wiley,REG (Non-Conf),W 75-42,,5,1,1,1.000,0,0,,1,1,1.000,1.000,0,0,,0,0,0,0,1,1,2,0,2,1.4,Mariah Campbell,https://www.sports-reference.com/cbb/players/mariah-campbell-1.html,prairie-view,2019-20
7,96,9,2019-12-15,Prairie View A&M,@,Rice,REG (Non-Conf),L 55-77,,11,0,2,.000,0,0,,0,2,.000,.000,0,0,,0,0,0,0,0,0,2,1,0,-3.8,Mariah Campbell,https://www.sports-reference.com/cbb/players/mariah-campbell-1.html,prairie-view,2019-20
8,97,10,2019-12-17,Prairie View A&M,@,Texas Tech,REG (Non-Conf),L 48-82,,12,1,2,.500,0,0,,1,2,.500,.500,0,0,,0,1,1,2,0,0,1,1,2,1.3,Mariah Campbell,https://www.sports-reference.com/cbb/players/mariah-campbell-1.html,prairie-view,2019-20
9,98,12,2019-12-30,Prairie View A&M,,Huston-Tilotson,REG (Non-Conf),W 79-60,,11,2,2,1.000,0,0,,2,2,1.000,1.000,0,0,,0,4,4,1,0,0,2,2,4,2.5,Mariah Campbell,https://www.sports-reference.com/cbb/players/mariah-campbell-1.html,prairie-view,2019-20
10,99,13,2020-01-04,Prairie View A&M,,Alcorn State,REG (Conf),L 63-68,,6,0,1,.000,0,0,,0,1,.000,.000,0,0,,0,1,1,0,0,0,1,0,0,-1.4,Mariah Campbell,https://www.sports-reference.com/cbb/players/mariah-campbell-1.html,prairie-view,2019-20
11,100,15,2020-01-11,Prairie View A&M,@,Texas Southern,REG (Conf),L 65-88,,10,1,2,.500,0,0,,1,2,.500,.500,0,0,,0,1,1,0,1,0,1,0,2,1.3,Mariah Campbell,https://www.sports-reference.com/cbb/players/mariah-campbell-1.html,prairie-view,2019-20
12,101,16,2020-01-18,Prairie View A&M,@,Grambling State,REG (Conf),W 67-54,,14,1,3,.333,0,0,,1,3,.333,.333,0,0,,0,0,0,1,0,0,2,1,2,-1.4,Mariah Campbell,https://www.sports-reference.com/cbb/players/mariah-campbell-1.html,prairie-view,2019-20
13,102,17,2020-01-20,Prairie View A&M,@,Jackson State,REG (Conf),L 49-53,,7,0,2,.000,0,0,,0,2,.000,.000,0,0,,0,0,0,0,0,0,0,2,0,-2.2,Mariah Campbell,https://www.sports-reference.com/cbb/players/mariah-campbell-1.html,prairie-view,2019-20
14,103,18,2020-01-25,Prairie View A&M,,Arkansas–Pine Bluff,REG (Conf),W 61-51,,8,2,4,.500,0,0,,2,4,.500,.500,0,0,,0,2,2,0,0,0,1,1,4,1.2,Mariah Campbell,https://www.sports-reference.com/cbb/players/mariah-campbell-1.html,prairie-view,2019-20
15,104,19,2020-01-27,Prairie View A&M,,Mississippi Valley State,REG (Conf),W 81-47,,8,1,2,.500,0,0,,1,2,.500,.500,0,0,,0,3,3,0,0,0,0,1,2,1.5,Mariah Campbell,https://www.sports-reference.com/cbb/players/mariah-campbell-1.html,prairie-view,2019-20
16,105,20,2020-02-01,Prairie View A&M,@,Alabama State,REG (Conf),W 62-59 (2OT),,7,0,1,.000,0,0,,0,1,.000,.000,0,0,,1,1,2,0,0,0,1,0,0,-0.7,Mariah Campbell,https://www.sports-reference.com/cbb/players/mariah-campbell-1.html,prairie-view,2019-20
17,106,21,2020-02-03,Prairie View A&M,@,Alabama A&M,REG (Conf),L 44-54,,7,2,4,.500,0,0,,2,4,.500,.500,1,1,1.000,1,0,1,0,0,0,1,4,5,1.1,Mariah Campbell,https://www.sports-reference.com/cbb/players/mariah-campbell-1.html,prairie-view,2019-20
18,107,22,2020-02-08,Prairie View A&M,,Texas Southern,REG (Conf),W 50-47,,2,0,2,.000,0,0,,0,2,.000,.000,0,0,,0,0,0,0,0,0,0,0,0,-1.4,Mariah Campbell,https://www.sports-reference.com/cbb/players/mariah-campbell-1.html,prairie-view,2019-20
19,108,23,2020-02-15,Prairie View A&M,,Grambling State,REG (Conf),W 65-58,,13,3,5,.600,0,0,,3,5,.600,.600,1,2,.500,0,1,1,0,1,0,1,1,7,4.2,Mariah Campbell,https://www.sports-reference.com/cbb/players/mariah-campbell-1.html,prairie-view,2019-20
20,109,24,2020-02-17,Prairie View A&M,,Jackson State,REG (Conf),W 62-52,,19,0,4,.000,0,0,,0,4,.000,.000,0,0,,2,5,7,2,1,0,3,4,0,-2.1,Mariah Campbell,https://www.sports-reference.com/cbb/players/mariah-campbell-1.html,prairie-view,2019-20
21,110,25,2020-02-22,Prairie View A&M,@,Arkansas–Pine Bluff,REG (Conf),L 54-69,,10,0,2,.000,0,0,,0,2,.000,.000,0,0,,0,0,0,1,0,0,0,1,0,-1.1,Mariah Campbell,https://www.sports-reference.com/cbb/players/mariah-campbell-1.html,prairie-view,2019-20
22,111,26,2020-02-24,Prairie View A&M,@,Mississippi Valley State,REG (Conf),W 89-72,,16,3,4,.750,0,0,,3,4,.750,.750,4,4,1.000,0,3,3,1,0,0,0,3,10,8.8,Mariah Campbell,https://www.sports-reference.com/cbb/players/mariah-campbell-1.html,prairie-view,2019-20
23,112,27,2020-02-29,Prairie View A&M,,Alabama State,REG (Conf),L 52-61,,12,3,6,.500,0,0,,3,6,.500,.500,0,0,,0,0,0,0,0,1,1,3,6,1.5,Mariah Campbell,https://www.sports-reference.com/cbb/players/mariah-campbell-1.html,prairie-view,2019-20
24,113,28,2020-03-02,Prairie View A&M,,Alabama A&M,REG (Conf),W 60-53,,19,5,9,.556,0,0,,5,9,.556,.556,1,1,1.000,3,4,7,1,0,0,3,4,11,6.1,Mariah Campbell,https://www.sports-reference.com/cbb/players/mariah-campbell-1.html,prairie-view,2019-20
25,114,29,2020-03-05,Prairie View A&M,@,Alcorn State,REG (Conf),L 39-77,,10,1,3,.333,0,0,,1,3,.333,.333,0,0,,2,3,5,0,1,0,3,0,2,0.6,Mariah Campbell,https://www.sports-reference.com/cbb/players/mariah-campbell-1.html,prairie-view,2019-20
26,115,30,2020-03-07,Prairie View A&M,@,Southern,REG (Conf),L 51-63,,18,2,3,.667,0,0,,2,3,.667,.667,0,0,,0,0,0,0,1,0,2,2,4,0.9,Mariah Campbell,https://www.sports-reference.com/cbb/players/mariah-campbell-1.html,prairie-view,2019-20
27,116,31,2020-03-10,Prairie View A&M,@,Southern,CTOURN,L 55-59,,6,0,0,,0,0,,0,0,,,0,0,,0,1,1,0,0,1,3,1,0,-2.4,Mariah Campbell,https://www.sports-reference.com/cbb/players/mariah-campbell-1.html,prairie-view,2019-20
