ranker,player_game_num_career,team_game_num_season,date,team_name_abbr,game_location,opp_name_abbr,game_type,game_result,is_starter,mp,fg,fga,fg_pct,fg3,fg3a,fg2,fg2a,fg2_pct,efg_pct,ft,fta,ft_pct,orb,drb,trb,ast,stl,blk,tov,pf,pts,game_score,player_name,player_sr_link,school,season
1,1,1,2019-11-05,Prairie View A&M,,Tx AM-Kingsvil,REG (Non-Conf),W 85-55,,4,0,0,,0,0,0,0,,,0,0,,0,1,1,0,0,0,1,0,0,-0.7,Rachel Williams,https://www.sports-reference.com/cbb/players/rachel-williams-2.html,prairie-view,2019-20
2,2,2,2019-11-08,Prairie View A&M,@,Oklahoma,REG (Non-Conf),L 48-94,,1,0,1,.000,0,0,0,1,.000,.000,0,0,,0,1,1,0,0,0,0,0,0,-0.4,Rachel Williams,https://www.sports-reference.com/cbb/players/rachel-williams-2.html,prairie-view,2019-20
3,3,4,2019-11-15,Prairie View A&M,@,Texas A&M–Corpus Christi,REG (Non-Conf),L 52-64,,2,0,0,,0,0,0,0,,,0,0,,0,0,0,0,0,0,0,1,0,-0.4,Rachel Williams,https://www.sports-reference.com/cbb/players/rachel-williams-2.html,prairie-view,2019-20
4,4,5,2019-11-20,Prairie View A&M,@,Arizona,REG (Non-Conf),L 48-83,,17,1,3,.333,0,0,1,3,.333,.333,0,2,.000,1,2,3,0,1,1,0,3,2,1.3,Rachel Williams,https://www.sports-reference.com/cbb/players/rachel-williams-2.html,prairie-view,2019-20
5,5,6,2019-11-23,Prairie View A&M,,Wiley,REG (Non-Conf),W 75-42,,8,1,1,1.000,0,0,1,1,1.000,1.000,1,2,.500,0,1,1,0,0,0,0,1,3,2.2,Rachel Williams,https://www.sports-reference.com/cbb/players/rachel-williams-2.html,prairie-view,2019-20
6,6,7,2019-11-27,Prairie View A&M,@,Texas A&M,REG (Non-Conf),L 38-80,,11,0,1,.000,0,0,0,1,.000,.000,1,2,.500,0,2,2,1,1,0,0,3,1,1.0,Rachel Williams,https://www.sports-reference.com/cbb/players/rachel-williams-2.html,prairie-view,2019-20
7,7,8,2019-12-05,Prairie View A&M,,Florida,REG (Non-Conf),L 44-51,,6,0,0,,0,0,0,0,,,0,0,,1,1,2,0,1,0,0,0,0,2.0,Rachel Williams,https://www.sports-reference.com/cbb/players/rachel-williams-2.html,prairie-view,2019-20
8,8,9,2019-12-15,Prairie View A&M,@,Rice,REG (Non-Conf),L 55-77,,4,0,0,,0,0,0,0,,,4,4,1.000,0,0,0,0,0,0,0,2,4,3.2,Rachel Williams,https://www.sports-reference.com/cbb/players/rachel-williams-2.html,prairie-view,2019-20
9,9,10,2019-12-17,Prairie View A&M,@,Texas Tech,REG (Non-Conf),L 48-82,,3,0,1,.000,0,0,0,1,.000,.000,0,0,,0,0,0,0,0,0,0,0,0,-0.7,Rachel Williams,https://www.sports-reference.com/cbb/players/rachel-williams-2.html,prairie-view,2019-20
10,10,11,2019-12-20,Prairie View A&M,@,Wisconsin,REG (Non-Conf),L 42-68,,9,1,3,.333,0,0,1,3,.333,.333,0,0,,0,0,0,0,1,0,1,3,2,-0.9,Rachel Williams,https://www.sports-reference.com/cbb/players/rachel-williams-2.html,prairie-view,2019-20
11,11,12,2019-12-30,Prairie View A&M,,Huston-Tilotson,REG (Non-Conf),W 79-60,,9,4,7,.571,0,0,4,7,.571,.571,0,0,,1,0,1,0,0,1,0,2,8,5.3,Rachel Williams,https://www.sports-reference.com/cbb/players/rachel-williams-2.html,prairie-view,2019-20
12,12,13,2020-01-04,Prairie View A&M,,Alcorn State,REG (Conf),L 63-68,,8,1,1,1.000,0,0,1,1,1.000,1.000,0,0,,0,0,0,0,0,1,0,4,2,0.8,Rachel Williams,https://www.sports-reference.com/cbb/players/rachel-williams-2.html,prairie-view,2019-20
13,13,14,2020-01-06,Prairie View A&M,,Southern,REG (Conf),L 48-68,,1,0,0,,0,0,0,0,,,0,0,,0,0,0,0,0,0,0,0,0,0.0,Rachel Williams,https://www.sports-reference.com/cbb/players/rachel-williams-2.html,prairie-view,2019-20
14,14,15,2020-01-11,Prairie View A&M,@,Texas Southern,REG (Conf),L 65-88,,6,0,0,,0,0,0,0,,,0,0,,0,0,0,0,0,0,0,1,0,-0.4,Rachel Williams,https://www.sports-reference.com/cbb/players/rachel-williams-2.html,prairie-view,2019-20
15,15,17,2020-01-20,Prairie View A&M,@,Jackson State,REG (Conf),L 49-53,,1,0,0,,0,0,0,0,,,0,0,,0,0,0,0,0,0,0,0,0,0.0,Rachel Williams,https://www.sports-reference.com/cbb/players/rachel-williams-2.html,prairie-view,2019-20
16,16,18,2020-01-25,Prairie View A&M,,Arkansas–Pine Bluff,REG (Conf),W 61-51,,5,1,1,1.000,0,0,1,1,1.000,1.000,1,2,.500,2,0,2,0,1,0,0,2,3,3.9,Rachel Williams,https://www.sports-reference.com/cbb/players/rachel-williams-2.html,prairie-view,2019-20
17,17,19,2020-01-27,Prairie View A&M,,Mississippi Valley State,REG (Conf),W 81-47,,11,1,2,.500,0,0,1,2,.500,.500,0,2,.000,0,1,1,0,0,0,1,2,2,-1.3,Rachel Williams,https://www.sports-reference.com/cbb/players/rachel-williams-2.html,prairie-view,2019-20
18,18,20,2020-02-01,Prairie View A&M,@,Alabama State,REG (Conf),W 62-59 (2OT),,17,2,4,.500,0,0,2,4,.500,.500,0,0,,2,1,3,0,0,1,0,2,4,3.6,Rachel Williams,https://www.sports-reference.com/cbb/players/rachel-williams-2.html,prairie-view,2019-20
19,19,21,2020-02-03,Prairie View A&M,@,Alabama A&M,REG (Conf),L 44-54,,8,0,0,,0,0,0,0,,,0,0,,0,0,0,0,0,0,2,2,0,-2.8,Rachel Williams,https://www.sports-reference.com/cbb/players/rachel-williams-2.html,prairie-view,2019-20
20,20,22,2020-02-08,Prairie View A&M,,Texas Southern,REG (Conf),W 50-47,,5,0,2,.000,0,0,0,2,.000,.000,0,2,.000,0,1,1,0,0,0,0,0,0,-1.9,Rachel Williams,https://www.sports-reference.com/cbb/players/rachel-williams-2.html,prairie-view,2019-20
21,21,23,2020-02-15,Prairie View A&M,,Grambling State,REG (Conf),W 65-58,,4,0,0,,0,0,0,0,,,0,0,,0,0,0,0,0,0,0,0,0,0.0,Rachel Williams,https://www.sports-reference.com/cbb/players/rachel-williams-2.html,prairie-view,2019-20
22,22,24,2020-02-17,Prairie View A&M,,Jackson State,REG (Conf),W 62-52,,2,0,0,,0,0,0,0,,,0,0,,0,0,0,0,0,0,0,0,0,0.0,Rachel Williams,https://www.sports-reference.com/cbb/players/rachel-williams-2.html,prairie-view,2019-20
23,23,25,2020-02-22,Prairie View A&M,@,Arkansas–Pine Bluff,REG (Conf),L 54-69,,3,0,1,.000,0,0,0,1,.000,.000,0,0,,0,0,0,0,0,0,0,1,0,-1.1,Rachel Williams,https://www.sports-reference.com/cbb/players/rachel-williams-2.html,prairie-view,2019-20
24,24,26,2020-02-24,Prairie View A&M,@,Mississippi Valley State,REG (Conf),W 89-72,,3,0,0,,0,0,0,0,,,0,0,,0,1,1,0,0,0,0,1,0,-0.1,Rachel Williams,https://www.sports-reference.com/cbb/players/rachel-williams-2.html,prairie-view,2019-20
25,25,27,2020-02-29,Prairie View A&M,,Alabama State,REG (Conf),L 52-61,,3,0,0,,0,0,0,0,,,0,0,,1,0,1,0,1,0,0,0,0,1.7,Rachel Williams,https://www.sports-reference.com/cbb/players/rachel-williams-2.html,prairie-view,2019-20
26,26,28,2020-03-02,Prairie View A&M,,Alabama A&M,REG (Conf),W 60-53,,1,0,0,,0,0,0,0,,,0,0,,0,0,0,1,0,0,0,0,0,0.7,Rachel Williams,https://www.sports-reference.com/cbb/players/rachel-williams-2.html,prairie-view,2019-20
27,27,29,2020-03-05,Prairie View A&M,@,Alcorn State,REG (Conf),L 39-77,,7,0,2,.000,0,0,0,2,.000,.000,0,2,.000,2,0,2,0,0,0,1,2,0,-2.6,Rachel Williams,https://www.sports-reference.com/cbb/players/rachel-williams-2.html,prairie-view,2019-20
