ranker,player_game_num_career,team_game_num_season,date,team_name_abbr,game_location,opp_name_abbr,game_type,game_result,is_starter,mp,fg,fga,fg_pct,fg3,fg3a,fg3_pct,fg2,fg2a,fg2_pct,efg_pct,ft,fta,ft_pct,orb,drb,trb,ast,stl,blk,tov,pf,pts,game_score,player_name,player_sr_link,school,season
1,71,1,2019-11-05,Prairie View A&M,,Tx AM-Kingsvil,REG (Non-Conf),W 85-55,,13,4,8,.500,2,4,.500,2,4,.500,.625,0,0,,1,1,2,1,2,0,3,0,10,6.7,Tatyana Perez,https://www.sports-reference.com/cbb/players/tatyana-perez-1.html,prairie-view,2019-20
2,72,2,2019-11-08,Prairie View A&M,@,Oklahoma,REG (Non-Conf),L 48-94,,28,8,15,.533,3,5,.600,5,10,.500,.633,1,2,.500,1,0,1,0,1,0,1,2,20,12.2,Tatyana Perez,https://www.sports-reference.com/cbb/players/tatyana-perez-1.html,prairie-view,2019-20
3,73,3,2019-11-14,Prairie View A&M,@,Miami (OH),REG (Non-Conf),L 52-65,*,33,3,12,.250,2,3,.667,1,9,.111,.333,0,0,,0,2,2,3,0,0,3,0,8,0.5,Tatyana Perez,https://www.sports-reference.com/cbb/players/tatyana-perez-1.html,prairie-view,2019-20
4,74,4,2019-11-15,Prairie View A&M,@,Texas A&M–Corpus Christi,REG (Non-Conf),L 52-64,*,33,2,8,.250,1,5,.200,1,3,.333,.313,1,1,1.000,0,1,1,1,2,0,1,3,6,2.0,Tatyana Perez,https://www.sports-reference.com/cbb/players/tatyana-perez-1.html,prairie-view,2019-20
5,75,5,2019-11-20,Prairie View A&M,@,Arizona,REG (Non-Conf),L 48-83,*,27,4,12,.333,0,2,.000,4,10,.400,.333,4,5,.800,0,2,2,4,1,0,1,1,12,7.8,Tatyana Perez,https://www.sports-reference.com/cbb/players/tatyana-perez-1.html,prairie-view,2019-20
6,76,6,2019-11-23,Prairie View A&M,,Wiley,REG (Non-Conf),W 75-42,*,17,2,5,.400,0,1,.000,2,4,.500,.400,0,0,,0,0,0,6,2,0,1,1,4,6.1,Tatyana Perez,https://www.sports-reference.com/cbb/players/tatyana-perez-1.html,prairie-view,2019-20
7,77,7,2019-11-27,Prairie View A&M,@,Texas A&M,REG (Non-Conf),L 38-80,*,24,1,7,.143,1,1,1.000,0,6,.000,.214,0,0,,1,3,4,2,1,1,3,0,3,0.2,Tatyana Perez,https://www.sports-reference.com/cbb/players/tatyana-perez-1.html,prairie-view,2019-20
8,78,8,2019-12-05,Prairie View A&M,,Florida,REG (Non-Conf),L 44-51,,19,0,1,.000,0,0,,0,1,.000,.000,0,0,,1,1,2,3,1,0,1,1,0,2.0,Tatyana Perez,https://www.sports-reference.com/cbb/players/tatyana-perez-1.html,prairie-view,2019-20
9,79,9,2019-12-15,Prairie View A&M,@,Rice,REG (Non-Conf),L 55-77,,11,0,2,.000,0,1,.000,0,1,.000,.000,0,0,,0,2,2,0,0,0,0,3,0,-2.0,Tatyana Perez,https://www.sports-reference.com/cbb/players/tatyana-perez-1.html,prairie-view,2019-20
10,80,10,2019-12-17,Prairie View A&M,@,Texas Tech,REG (Non-Conf),L 48-82,,11,0,3,.000,0,3,.000,0,0,,.000,0,0,,0,1,1,2,2,0,1,1,0,0.2,Tatyana Perez,https://www.sports-reference.com/cbb/players/tatyana-perez-1.html,prairie-view,2019-20
11,81,11,2019-12-20,Prairie View A&M,@,Wisconsin,REG (Non-Conf),L 42-68,,17,0,6,.000,0,2,.000,0,4,.000,.000,0,0,,0,2,2,1,5,0,2,1,0,-0.3,Tatyana Perez,https://www.sports-reference.com/cbb/players/tatyana-perez-1.html,prairie-view,2019-20
12,82,12,2019-12-30,Prairie View A&M,,Huston-Tilotson,REG (Non-Conf),W 79-60,,17,1,4,.250,1,3,.333,0,1,.000,.375,2,2,1.000,0,1,1,4,4,0,0,0,5,9.7,Tatyana Perez,https://www.sports-reference.com/cbb/players/tatyana-perez-1.html,prairie-view,2019-20
13,83,13,2020-01-04,Prairie View A&M,,Alcorn State,REG (Conf),L 63-68,*,18,3,6,.500,0,1,.000,3,5,.600,.500,0,0,,1,6,7,3,1,0,2,2,6,5.8,Tatyana Perez,https://www.sports-reference.com/cbb/players/tatyana-perez-1.html,prairie-view,2019-20
14,84,14,2020-01-06,Prairie View A&M,,Southern,REG (Conf),L 48-68,,7,0,1,.000,0,1,.000,0,0,,.000,0,0,,0,0,0,0,1,0,2,1,0,-2.1,Tatyana Perez,https://www.sports-reference.com/cbb/players/tatyana-perez-1.html,prairie-view,2019-20
15,85,15,2020-01-11,Prairie View A&M,@,Texas Southern,REG (Conf),L 65-88,*,31,7,11,.636,0,1,.000,7,10,.700,.636,0,0,,1,0,1,5,3,1,4,3,14,11.8,Tatyana Perez,https://www.sports-reference.com/cbb/players/tatyana-perez-1.html,prairie-view,2019-20
16,86,16,2020-01-18,Prairie View A&M,@,Grambling State,REG (Conf),W 67-54,*,20,2,5,.400,0,2,.000,2,3,.667,.400,0,0,,0,0,0,2,2,0,3,3,4,0.5,Tatyana Perez,https://www.sports-reference.com/cbb/players/tatyana-perez-1.html,prairie-view,2019-20
17,87,17,2020-01-20,Prairie View A&M,@,Jackson State,REG (Conf),L 49-53,*,36,5,10,.500,0,3,.000,5,7,.714,.500,4,8,.500,0,2,2,6,2,0,1,3,14,12.0,Tatyana Perez,https://www.sports-reference.com/cbb/players/tatyana-perez-1.html,prairie-view,2019-20
18,88,18,2020-01-25,Prairie View A&M,,Arkansas–Pine Bluff,REG (Conf),W 61-51,*,32,1,3,.333,0,1,.000,1,2,.500,.333,4,4,1.000,0,3,3,6,3,0,1,1,6,11.0,Tatyana Perez,https://www.sports-reference.com/cbb/players/tatyana-perez-1.html,prairie-view,2019-20
19,89,19,2020-01-27,Prairie View A&M,,Mississippi Valley State,REG (Conf),W 81-47,*,22,3,4,.750,2,2,1.000,1,2,.500,1.000,1,2,.500,0,0,0,8,1,0,0,1,9,13.2,Tatyana Perez,https://www.sports-reference.com/cbb/players/tatyana-perez-1.html,prairie-view,2019-20
20,90,20,2020-02-01,Prairie View A&M,@,Alabama State,REG (Conf),W 62-59 (2OT),*,41,5,9,.556,1,2,.500,4,7,.571,.611,6,8,.750,0,5,5,1,4,0,1,2,17,16.3,Tatyana Perez,https://www.sports-reference.com/cbb/players/tatyana-perez-1.html,prairie-view,2019-20
21,91,21,2020-02-03,Prairie View A&M,@,Alabama A&M,REG (Conf),L 44-54,*,33,3,8,.375,1,2,.500,2,6,.333,.438,0,0,,1,3,4,3,2,0,1,2,7,6.5,Tatyana Perez,https://www.sports-reference.com/cbb/players/tatyana-perez-1.html,prairie-view,2019-20
22,92,22,2020-02-08,Prairie View A&M,,Texas Southern,REG (Conf),W 50-47,*,34,3,8,.375,0,0,,3,8,.375,.375,0,2,.000,0,7,7,6,0,0,3,0,6,4.1,Tatyana Perez,https://www.sports-reference.com/cbb/players/tatyana-perez-1.html,prairie-view,2019-20
23,93,23,2020-02-15,Prairie View A&M,,Grambling State,REG (Conf),W 65-58,*,34,5,9,.556,2,4,.500,3,5,.600,.667,3,4,.750,0,1,1,6,1,0,5,2,15,10.0,Tatyana Perez,https://www.sports-reference.com/cbb/players/tatyana-perez-1.html,prairie-view,2019-20
24,94,24,2020-02-17,Prairie View A&M,,Jackson State,REG (Conf),W 62-52,*,29,2,7,.286,1,3,.333,1,4,.250,.357,3,4,.750,0,2,2,5,0,0,5,3,8,1.4,Tatyana Perez,https://www.sports-reference.com/cbb/players/tatyana-perez-1.html,prairie-view,2019-20
25,95,25,2020-02-22,Prairie View A&M,@,Arkansas–Pine Bluff,REG (Conf),L 54-69,*,9,1,3,.333,0,0,,1,3,.333,.333,0,0,,1,1,2,0,0,0,0,1,2,0.9,Tatyana Perez,https://www.sports-reference.com/cbb/players/tatyana-perez-1.html,prairie-view,2019-20
26,96,26,2020-02-24,Prairie View A&M,@,Mississippi Valley State,REG (Conf),W 89-72,*,28,2,10,.200,2,5,.400,0,5,.000,.300,2,2,1.000,0,0,0,8,1,0,0,1,8,8.0,Tatyana Perez,https://www.sports-reference.com/cbb/players/tatyana-perez-1.html,prairie-view,2019-20
27,97,27,2020-02-29,Prairie View A&M,,Alabama State,REG (Conf),L 52-61,*,22,3,8,.375,0,1,.000,3,7,.429,.375,0,0,,0,2,2,3,0,0,1,1,6,2.9,Tatyana Perez,https://www.sports-reference.com/cbb/players/tatyana-perez-1.html,prairie-view,2019-20
28,98,28,2020-03-02,Prairie View A&M,,Alabama A&M,REG (Conf),W 60-53,*,23,2,3,.667,1,1,1.000,1,2,.500,.833,2,2,1.000,0,2,2,1,1,0,4,1,7,3.6,Tatyana Perez,https://www.sports-reference.com/cbb/players/tatyana-perez-1.html,prairie-view,2019-20
29,99,29,2020-03-05,Prairie View A&M,@,Alcorn State,REG (Conf),L 39-77,*,10,0,0,,0,0,,0,0,,,0,0,,0,0,0,0,0,0,2,0,0,-2.0,Tatyana Perez,https://www.sports-reference.com/cbb/players/tatyana-perez-1.html,prairie-view,2019-20
