ranker,player_game_num_career,team_game_num_season,date,team_name_abbr,game_location,opp_name_abbr,game_type,game_result,is_starter,mp,fg,fga,fg_pct,fg3,fg3a,fg2,fg2a,fg2_pct,efg_pct,ft,fta,ft_pct,orb,drb,trb,ast,stl,blk,tov,pf,pts,game_score,player_name,player_sr_link,school,season
1,9,2,2022-11-11,Fairfield,@,Penn State,REG (Non-Conf),L 49-77,,3,0,0,,0,0,0,0,,,0,0,,0,0,0,0,0,0,0,0,0,0.0,Dayna Tirado,https://www.sports-reference.com/cbb/players/dayna-tirado-1.html,fairfield,2022-23
2,10,4,2022-11-18,Fairfield,,Stonehill,REG (Non-Conf),W 77-53,,4,0,0,,0,0,0,0,,,0,2,.000,0,0,0,0,0,0,0,1,0,-1.2,Dayna Tirado,https://www.sports-reference.com/cbb/players/dayna-tirado-1.html,fairfield,2022-23
3,11,10,2022-12-17,Fairfield,@,Saint Peter's,REG (Conf),W 76-49,,5,0,3,.000,0,0,0,3,.000,.000,0,0,,0,0,0,0,0,1,0,0,0,-1.4,Dayna Tirado,https://www.sports-reference.com/cbb/players/dayna-tirado-1.html,fairfield,2022-23
4,12,15,2023-01-12,Fairfield,,Niagara,REG (Conf),L 62-70 (OT),,1,0,0,,0,0,0,0,,,0,0,,0,0,0,0,0,0,0,0,0,0.0,Dayna Tirado,https://www.sports-reference.com/cbb/players/dayna-tirado-1.html,fairfield,2022-23
5,13,21,2023-02-02,Fairfield,@,Manhattan,REG (Conf),L 46-53,,2,0,0,,0,0,0,0,,,0,0,,0,0,0,0,0,0,1,0,0,-1.0,Dayna Tirado,https://www.sports-reference.com/cbb/players/dayna-tirado-1.html,fairfield,2022-23
6,14,22,2023-02-04,Fairfield,,Rider,REG (Conf),W 62-49,,2,0,1,.000,0,0,0,1,.000,.000,0,0,,0,0,0,0,0,0,2,0,0,-2.7,Dayna Tirado,https://www.sports-reference.com/cbb/players/dayna-tirado-1.html,fairfield,2022-23
7,15,28,2023-03-02,Fairfield,,Saint Peter's,REG (Conf),W 65-53,,4,0,1,.000,0,0,0,1,.000,.000,0,0,,0,0,0,0,0,0,1,2,0,-2.5,Dayna Tirado,https://www.sports-reference.com/cbb/players/dayna-tirado-1.html,fairfield,2022-23
