ranker,player_game_num_career,team_game_num_season,date,team_name_abbr,game_location,opp_name_abbr,game_type,game_result,is_starter,mp,fg,fga,fg_pct,fg3,fg3a,fg2,fg2a,fg2_pct,efg_pct,ft,fta,ft_pct,orb,drb,trb,ast,stl,blk,tov,pf,pts,game_score,player_name,player_sr_link,school,season
1,21,2,2022-11-11,Fairfield,@,Penn State,REG (Non-Conf),L 49-77,,3,0,1,.000,0,0,0,1,.000,.000,1,4,.250,1,1,2,0,0,0,0,1,1,-0.3,Mackenzie Daleba,https://www.sports-reference.com/cbb/players/mackenzie-daleba-1.html,fairfield,2022-23
2,22,4,2022-11-18,Fairfield,,Stonehill,REG (Non-Conf),W 77-53,,5,3,4,.750,0,0,3,4,.750,.750,0,0,,1,1,2,0,0,0,0,0,6,5.4,Mackenzie Daleba,https://www.sports-reference.com/cbb/players/mackenzie-daleba-1.html,fairfield,2022-23
3,23,5,2022-11-20,Fairfield,,Michigan,REG (Non-Conf),L 53-69,,5,1,1,1.000,0,0,1,1,1.000,1.000,2,3,.667,1,0,1,1,0,0,3,2,4,0.9,Mackenzie Daleba,https://www.sports-reference.com/cbb/players/mackenzie-daleba-1.html,fairfield,2022-23
4,24,6,2022-11-30,Fairfield,@,Fordham,REG (Non-Conf),W 82-75 (OT),,8,1,4,.250,0,0,1,4,.250,.250,0,0,,0,1,1,1,0,0,0,1,2,0.2,Mackenzie Daleba,https://www.sports-reference.com/cbb/players/mackenzie-daleba-1.html,fairfield,2022-23
5,25,7,2022-12-03,Fairfield,@,Binghamton,REG (Non-Conf),L 72-77,,0,0,0,,0,0,0,0,,,0,0,,0,0,0,0,0,0,0,0,0,0.0,Mackenzie Daleba,https://www.sports-reference.com/cbb/players/mackenzie-daleba-1.html,fairfield,2022-23
6,26,10,2022-12-17,Fairfield,@,Saint Peter's,REG (Conf),W 76-49,,10,4,8,.500,0,0,4,8,.500,.500,0,1,.000,6,3,9,0,0,1,0,1,8,9.0,Mackenzie Daleba,https://www.sports-reference.com/cbb/players/mackenzie-daleba-1.html,fairfield,2022-23
7,27,11,2022-12-19,Fairfield,,Iona,REG (Conf),W 49-43,,2,0,3,.000,0,0,0,3,.000,.000,0,0,,1,0,1,0,0,0,0,1,0,-1.8,Mackenzie Daleba,https://www.sports-reference.com/cbb/players/mackenzie-daleba-1.html,fairfield,2022-23
8,28,17,2023-01-19,Fairfield,,Siena,REG (Conf),L 51-55 (OT),,3,0,1,.000,0,0,0,1,.000,.000,0,0,,1,1,2,0,0,0,1,0,0,-0.7,Mackenzie Daleba,https://www.sports-reference.com/cbb/players/mackenzie-daleba-1.html,fairfield,2022-23
9,29,18,2023-01-21,Fairfield,@,Rider,REG (Conf),W 64-61 (2OT),,4,2,4,.500,0,0,2,4,.500,.500,0,0,,2,0,2,0,0,0,1,0,4,2.4,Mackenzie Daleba,https://www.sports-reference.com/cbb/players/mackenzie-daleba-1.html,fairfield,2022-23
10,30,19,2023-01-26,Fairfield,,Mount St. Mary's,REG (Conf),W 54-53,,16,2,3,.667,0,0,2,3,.667,.667,1,2,.500,2,4,6,0,0,0,0,3,5,4.7,Mackenzie Daleba,https://www.sports-reference.com/cbb/players/mackenzie-daleba-1.html,fairfield,2022-23
11,31,20,2023-01-28,Fairfield,,Canisius,REG (Conf),W 65-55,,27,3,4,.750,0,0,3,4,.750,.750,0,0,,2,1,3,2,0,0,3,3,6,3.3,Mackenzie Daleba,https://www.sports-reference.com/cbb/players/mackenzie-daleba-1.html,fairfield,2022-23
12,32,21,2023-02-02,Fairfield,@,Manhattan,REG (Conf),L 46-53,,18,1,6,.167,0,0,1,6,.167,.167,1,3,.333,2,6,8,0,0,0,2,2,3,-1.2,Mackenzie Daleba,https://www.sports-reference.com/cbb/players/mackenzie-daleba-1.html,fairfield,2022-23
13,33,22,2023-02-04,Fairfield,,Rider,REG (Conf),W 62-49,,18,7,11,.636,0,0,7,11,.636,.636,2,5,.400,2,5,7,4,1,0,1,1,16,15.2,Mackenzie Daleba,https://www.sports-reference.com/cbb/players/mackenzie-daleba-1.html,fairfield,2022-23
14,34,23,2023-02-09,Fairfield,@,Iona,REG (Conf),L 55-66,*,27,1,8,.125,0,0,1,8,.125,.125,0,0,,4,3,7,2,1,0,4,2,2,-1.9,Mackenzie Daleba,https://www.sports-reference.com/cbb/players/mackenzie-daleba-1.html,fairfield,2022-23
15,35,24,2023-02-11,Fairfield,,Quinnipiac,REG (Conf),L 60-66 (OT),*,8,0,0,,0,0,0,0,,,0,0,,0,1,1,0,0,0,2,2,0,-2.5,Mackenzie Daleba,https://www.sports-reference.com/cbb/players/mackenzie-daleba-1.html,fairfield,2022-23
16,36,25,2023-02-17,Fairfield,@,Canisius,REG (Conf),L 60-73,,11,0,0,,0,0,0,0,,,0,0,,2,0,2,0,0,1,1,2,0,0.3,Mackenzie Daleba,https://www.sports-reference.com/cbb/players/mackenzie-daleba-1.html,fairfield,2022-23
17,37,26,2023-02-19,Fairfield,@,Niagara,REG (Conf),L 56-65 (OT),,27,1,4,.250,0,0,1,4,.250,.250,2,6,.333,2,6,8,1,0,1,2,2,4,1.8,Mackenzie Daleba,https://www.sports-reference.com/cbb/players/mackenzie-daleba-1.html,fairfield,2022-23
18,38,27,2023-02-23,Fairfield,,Marist,REG (Conf),W 73-57,,9,0,1,.000,0,0,0,1,.000,.000,0,0,,2,2,4,2,0,0,0,0,0,2.7,Mackenzie Daleba,https://www.sports-reference.com/cbb/players/mackenzie-daleba-1.html,fairfield,2022-23
19,39,28,2023-03-02,Fairfield,,Saint Peter's,REG (Conf),W 65-53,,9,2,2,1.000,0,0,2,2,1.000,1.000,0,0,,2,2,4,3,0,0,1,3,4,5.3,Mackenzie Daleba,https://www.sports-reference.com/cbb/players/mackenzie-daleba-1.html,fairfield,2022-23
20,40,29,2023-03-04,Fairfield,@,Quinnipiac,REG (Conf),L 39-52,,5,1,4,.250,0,0,1,4,.250,.250,0,0,,1,0,1,0,0,0,1,0,2,-0.7,Mackenzie Daleba,https://www.sports-reference.com/cbb/players/mackenzie-daleba-1.html,fairfield,2022-23
21,41,30,2023-03-09,Fairfield,N,Siena,CTOURN,L 53-59,,13,3,4,.750,0,0,3,4,.750,.750,0,2,.000,4,2,6,1,0,0,4,0,6,3.7,Mackenzie Daleba,https://www.sports-reference.com/cbb/players/mackenzie-daleba-1.html,fairfield,2022-23
