ranker,player_game_num_career,team_game_num_season,date,team_name_abbr,game_location,opp_name_abbr,game_type,game_result,is_starter,mp,fg,fga,fg_pct,fg3,fg3a,fg3_pct,fg2,fg2a,fg2_pct,efg_pct,ft,fta,ft_pct,orb,drb,trb,ast,stl,blk,tov,pf,pts,game_score,player_name,player_sr_link,school,season
1,1,1,2020-11-28,Utah Valley,,Southern Utah,REG (Non-Conf),W 58-47,,6,1,3,.333,1,1,1.000,0,2,.000,.500,0,0,,0,0,0,0,0,0,1,0,3,0.3,Eleyana Tafisi,https://www.sports-reference.com/cbb/players/eleyana-tafisi-1.html,utah-valley,2020-21
2,2,2,2020-12-10,Utah Valley,,William Jessup,REG (Non-Conf),W 84-43,,21,2,2,1.000,1,1,1.000,1,1,1.000,1.250,4,6,.667,0,2,2,3,1,0,2,3,9,8.1,Eleyana Tafisi,https://www.sports-reference.com/cbb/players/eleyana-tafisi-1.html,utah-valley,2020-21
3,3,3,2021-01-02,Utah Valley,,Montana State,REG (Non-Conf),L 63-66,,17,0,2,.000,0,0,,0,2,.000,.000,1,2,.500,3,2,5,3,0,0,6,0,1,-2.0,Eleyana Tafisi,https://www.sports-reference.com/cbb/players/eleyana-tafisi-1.html,utah-valley,2020-21
4,4,4,2021-01-08,Utah Valley,@,California Baptist,REG (Conf),L 69-98,,15,0,3,.000,0,1,.000,0,2,.000,.000,1,2,.500,0,1,1,2,2,0,1,4,1,-0.4,Eleyana Tafisi,https://www.sports-reference.com/cbb/players/eleyana-tafisi-1.html,utah-valley,2020-21
5,5,5,2021-01-09,Utah Valley,@,California Baptist,REG (Conf),L 53-62,,2,0,1,.000,0,0,,0,1,.000,.000,0,0,,0,0,0,0,0,0,0,1,0,-1.1,Eleyana Tafisi,https://www.sports-reference.com/cbb/players/eleyana-tafisi-1.html,utah-valley,2020-21
6,6,6,2021-01-15,Utah Valley,,Seattle,REG (Conf),W 66-56,,8,0,0,,0,0,,0,0,,,0,0,,0,0,0,1,0,0,2,2,0,-2.1,Eleyana Tafisi,https://www.sports-reference.com/cbb/players/eleyana-tafisi-1.html,utah-valley,2020-21
7,7,7,2021-01-16,Utah Valley,,Seattle,REG (Conf),W 78-66,,2,0,0,,0,0,,0,0,,,0,0,,0,0,0,0,0,0,1,0,0,-1.0,Eleyana Tafisi,https://www.sports-reference.com/cbb/players/eleyana-tafisi-1.html,utah-valley,2020-21
8,8,8,2021-02-05,Utah Valley,,Chicago State,REG (Conf),W 61-53,,2,0,1,.000,0,0,,0,1,.000,.000,0,0,,0,0,0,0,0,0,0,2,0,-1.5,Eleyana Tafisi,https://www.sports-reference.com/cbb/players/eleyana-tafisi-1.html,utah-valley,2020-21
9,9,9,2021-02-06,Utah Valley,,Chicago State,REG (Conf),W 56-46,,12,2,4,.500,1,1,1.000,1,3,.333,.625,0,0,,0,0,0,1,2,0,4,1,5,1.3,Eleyana Tafisi,https://www.sports-reference.com/cbb/players/eleyana-tafisi-1.html,utah-valley,2020-21
10,10,10,2021-02-12,Utah Valley,,Grand Canyon,REG (Conf),W 63-51,,2,0,0,,0,0,,0,0,,,0,0,,0,1,1,0,0,0,1,2,0,-1.5,Eleyana Tafisi,https://www.sports-reference.com/cbb/players/eleyana-tafisi-1.html,utah-valley,2020-21
11,11,11,2021-02-13,Utah Valley,,Grand Canyon,REG (Conf),L 62-72,,4,0,0,,0,0,,0,0,,,0,0,,0,0,0,0,0,0,2,0,0,-2.0,Eleyana Tafisi,https://www.sports-reference.com/cbb/players/eleyana-tafisi-1.html,utah-valley,2020-21
12,12,13,2021-02-20,Utah Valley,,New Mexico State,REG (Conf),W 56-47,,1,0,0,,0,0,,0,0,,,0,0,,0,0,0,0,0,0,0,0,0,0.0,Eleyana Tafisi,https://www.sports-reference.com/cbb/players/eleyana-tafisi-1.html,utah-valley,2020-21
13,13,14,2021-02-26,Utah Valley,@,Texas–Rio Grande Valley,REG (Conf),W 62-54,,4,0,0,,0,0,,0,0,,,0,0,,0,0,0,2,0,0,0,0,0,1.4,Eleyana Tafisi,https://www.sports-reference.com/cbb/players/eleyana-tafisi-1.html,utah-valley,2020-21
14,14,15,2021-02-27,Utah Valley,@,Texas–Rio Grande Valley,REG (Conf),W 53-50,,11,0,1,.000,0,0,,0,1,.000,.000,0,0,,0,0,0,3,1,0,1,2,0,0.6,Eleyana Tafisi,https://www.sports-reference.com/cbb/players/eleyana-tafisi-1.html,utah-valley,2020-21
15,15,16,2021-03-02,Utah Valley,@,Tarleton State,REG (Conf),W 60-58,,3,0,1,.000,0,1,.000,0,0,,.000,0,0,,0,0,0,0,0,0,0,1,0,-1.1,Eleyana Tafisi,https://www.sports-reference.com/cbb/players/eleyana-tafisi-1.html,utah-valley,2020-21
16,16,17,2021-03-03,Utah Valley,@,Tarleton State,REG (Conf),W 67-54,,2,0,0,,0,0,,0,0,,,0,0,,0,0,0,1,0,0,0,0,0,0.7,Eleyana Tafisi,https://www.sports-reference.com/cbb/players/eleyana-tafisi-1.html,utah-valley,2020-21
17,17,18,2021-03-10,Utah Valley,,Chicago State,CTOURN,W 61-43,,8,0,0,,0,0,,0,0,,,0,0,,0,0,0,2,0,0,2,0,0,-0.6,Eleyana Tafisi,https://www.sports-reference.com/cbb/players/eleyana-tafisi-1.html,utah-valley,2020-21
18,18,20,2021-03-21,Utah Valley,N,Stanford,ROUND-64,L 44-87,,8,1,4,.250,0,1,.000,1,3,.333,.250,2,2,1.000,0,0,0,0,0,0,2,1,4,-0.8,Eleyana Tafisi,https://www.sports-reference.com/cbb/players/eleyana-tafisi-1.html,utah-valley,2020-21
