ranker,player_game_num_career,team_game_num_season,date,team_name_abbr,game_location,opp_name_abbr,game_type,game_result,is_starter,mp,fg,fga,fg_pct,fg3,fg3a,fg2,fg2a,fg2_pct,efg_pct,ft,fta,ft_pct,orb,drb,trb,ast,stl,blk,tov,pf,pts,game_score,player_name,player_sr_link,school,season
1,1,2,2020-12-10,Utah Valley,,William Jessup,REG (Non-Conf),W 84-43,,10,1,1,1.000,0,0,1,1,1.000,1.000,5,6,.833,4,3,7,1,3,0,3,0,7,10.7,Elina Tausinga,https://www.sports-reference.com/cbb/players/elina-tausinga-1.html,utah-valley,2020-21
2,2,3,2021-01-02,Utah Valley,,Montana State,REG (Non-Conf),L 63-66,,1,0,0,,0,0,0,0,,,0,0,,0,0,0,0,0,0,0,1,0,-0.4,Elina Tausinga,https://www.sports-reference.com/cbb/players/elina-tausinga-1.html,utah-valley,2020-21
3,3,4,2021-01-08,Utah Valley,@,California Baptist,REG (Conf),L 69-98,,7,0,1,.000,0,0,0,1,.000,.000,0,0,,0,1,1,0,0,0,1,1,0,-1.8,Elina Tausinga,https://www.sports-reference.com/cbb/players/elina-tausinga-1.html,utah-valley,2020-21
4,4,9,2021-02-06,Utah Valley,,Chicago State,REG (Conf),W 56-46,,5,0,1,.000,0,0,0,1,.000,.000,1,2,.500,0,1,1,0,0,0,0,1,1,-0.2,Elina Tausinga,https://www.sports-reference.com/cbb/players/elina-tausinga-1.html,utah-valley,2020-21
5,5,16,2021-03-02,Utah Valley,@,Tarleton State,REG (Conf),W 60-58,,1,0,0,,0,0,0,0,,,0,0,,0,0,0,0,0,0,0,0,0,0.0,Elina Tausinga,https://www.sports-reference.com/cbb/players/elina-tausinga-1.html,utah-valley,2020-21
6,6,17,2021-03-03,Utah Valley,@,Tarleton State,REG (Conf),W 67-54,,2,0,0,,0,0,0,0,,,0,0,,0,0,0,0,0,0,1,0,0,-1.0,Elina Tausinga,https://www.sports-reference.com/cbb/players/elina-tausinga-1.html,utah-valley,2020-21
7,7,20,2021-03-21,Utah Valley,N,Stanford,ROUND-64,L 44-87,,2,0,0,,0,0,0,0,,,0,0,,0,0,0,0,0,0,0,0,0,0.0,Elina Tausinga,https://www.sports-reference.com/cbb/players/elina-tausinga-1.html,utah-valley,2020-21
