ranker,player_game_num_career,team_game_num_season,date,team_name_abbr,game_location,opp_name_abbr,game_type,game_result,is_starter,mp,fg,fga,fg_pct,fg3,fg3a,fg3_pct,fg2,fg2a,fg2_pct,efg_pct,ft,fta,ft_pct,orb,drb,trb,ast,stl,blk,tov,pf,pts,game_score,player_name,player_sr_link,school,season
1,57,1,2020-11-28,Utah Valley,,Southern Utah,REG (Non-Conf),W 58-47,*,33,5,12,.417,0,1,.000,5,11,.455,.417,9,10,.900,3,7,10,1,0,2,2,4,19,14.9,Josie Williams,https://www.sports-reference.com/cbb/players/josie-williams-1.html,utah-valley,2020-21
2,58,2,2020-12-10,Utah Valley,,William Jessup,REG (Non-Conf),W 84-43,*,17,3,6,.500,1,1,1.000,2,5,.400,.583,3,3,1.000,2,4,6,1,0,0,1,1,10,8.9,Josie Williams,https://www.sports-reference.com/cbb/players/josie-williams-1.html,utah-valley,2020-21
3,59,3,2021-01-02,Utah Valley,,Montana State,REG (Non-Conf),L 63-66,*,32,6,9,.667,1,1,1.000,5,8,.625,.722,4,5,.800,2,6,8,2,0,3,4,3,17,14.2,Josie Williams,https://www.sports-reference.com/cbb/players/josie-williams-1.html,utah-valley,2020-21
4,60,4,2021-01-08,Utah Valley,@,California Baptist,REG (Conf),L 69-98,*,27,5,16,.313,0,1,.000,5,15,.333,.313,5,7,.714,7,3,10,2,2,1,2,3,15,11.7,Josie Williams,https://www.sports-reference.com/cbb/players/josie-williams-1.html,utah-valley,2020-21
5,61,5,2021-01-09,Utah Valley,@,California Baptist,REG (Conf),L 53-62,*,30,6,10,.600,0,0,,6,10,.600,.600,2,3,.667,2,3,5,2,0,1,3,4,14,8.8,Josie Williams,https://www.sports-reference.com/cbb/players/josie-williams-1.html,utah-valley,2020-21
6,62,6,2021-01-15,Utah Valley,,Seattle,REG (Conf),W 66-56,*,26,5,8,.625,0,1,.000,5,7,.714,.625,1,4,.250,2,7,9,1,0,5,4,5,11,7.9,Josie Williams,https://www.sports-reference.com/cbb/players/josie-williams-1.html,utah-valley,2020-21
7,63,7,2021-01-16,Utah Valley,,Seattle,REG (Conf),W 78-66,*,31,6,9,.667,0,0,,6,9,.667,.667,6,6,1.000,5,6,11,3,0,1,3,3,18,18.0,Josie Williams,https://www.sports-reference.com/cbb/players/josie-williams-1.html,utah-valley,2020-21
8,64,8,2021-02-05,Utah Valley,,Chicago State,REG (Conf),W 61-53,*,28,7,12,.583,1,1,1.000,6,11,.545,.625,11,11,1.000,7,6,13,1,0,4,0,2,26,29.8,Josie Williams,https://www.sports-reference.com/cbb/players/josie-williams-1.html,utah-valley,2020-21
9,65,9,2021-02-06,Utah Valley,,Chicago State,REG (Conf),W 56-46,*,27,4,9,.444,0,0,,4,9,.444,.444,1,4,.250,3,4,7,1,0,2,0,3,9,7.3,Josie Williams,https://www.sports-reference.com/cbb/players/josie-williams-1.html,utah-valley,2020-21
10,66,10,2021-02-12,Utah Valley,,Grand Canyon,REG (Conf),W 63-51,*,32,6,8,.750,0,1,.000,6,7,.857,.750,2,3,.667,4,8,12,1,0,2,0,0,14,17.7,Josie Williams,https://www.sports-reference.com/cbb/players/josie-williams-1.html,utah-valley,2020-21
11,67,11,2021-02-13,Utah Valley,,Grand Canyon,REG (Conf),L 62-72,*,30,1,4,.250,0,1,.000,1,3,.333,.250,2,4,.500,1,3,4,1,0,1,1,2,4,2.0,Josie Williams,https://www.sports-reference.com/cbb/players/josie-williams-1.html,utah-valley,2020-21
12,68,12,2021-02-19,Utah Valley,,New Mexico State,REG (Conf),L 62-65,*,29,7,9,.778,1,2,.500,6,7,.857,.833,0,0,,1,1,2,3,0,3,4,1,15,12.3,Josie Williams,https://www.sports-reference.com/cbb/players/josie-williams-1.html,utah-valley,2020-21
13,69,13,2021-02-20,Utah Valley,,New Mexico State,REG (Conf),W 56-47,*,31,5,12,.417,0,1,.000,5,11,.455,.417,5,5,1.000,3,7,10,4,0,4,2,4,15,14.8,Josie Williams,https://www.sports-reference.com/cbb/players/josie-williams-1.html,utah-valley,2020-21
14,70,14,2021-02-26,Utah Valley,@,Texas–Rio Grande Valley,REG (Conf),W 62-54,*,27,5,9,.556,0,0,,5,9,.556,.556,5,9,.556,3,2,5,0,0,0,1,2,15,10.0,Josie Williams,https://www.sports-reference.com/cbb/players/josie-williams-1.html,utah-valley,2020-21
15,71,15,2021-02-27,Utah Valley,@,Texas–Rio Grande Valley,REG (Conf),W 53-50,*,30,7,11,.636,0,0,,7,11,.636,.636,5,7,.714,3,6,9,1,0,0,3,2,19,14.1,Josie Williams,https://www.sports-reference.com/cbb/players/josie-williams-1.html,utah-valley,2020-21
16,72,16,2021-03-02,Utah Valley,@,Tarleton State,REG (Conf),W 60-58,*,29,5,8,.625,0,0,,5,8,.625,.625,3,3,1.000,2,6,8,1,0,3,3,0,13,12.4,Josie Williams,https://www.sports-reference.com/cbb/players/josie-williams-1.html,utah-valley,2020-21
17,73,17,2021-03-03,Utah Valley,@,Tarleton State,REG (Conf),W 67-54,*,30,3,8,.375,0,1,.000,3,7,.429,.375,2,2,1.000,2,7,9,5,0,3,1,3,8,10.5,Josie Williams,https://www.sports-reference.com/cbb/players/josie-williams-1.html,utah-valley,2020-21
18,74,18,2021-03-10,Utah Valley,,Chicago State,CTOURN,W 61-43,*,26,2,6,.333,0,0,,2,6,.333,.333,4,6,.667,2,5,7,3,1,0,1,3,8,7.6,Josie Williams,https://www.sports-reference.com/cbb/players/josie-williams-1.html,utah-valley,2020-21
19,75,19,2021-03-12,Utah Valley,,Grand Canyon,CTOURN,L 54-57,*,25,5,10,.500,0,1,.000,5,9,.556,.500,6,7,.857,5,6,11,0,0,2,3,4,16,12.7,Josie Williams,https://www.sports-reference.com/cbb/players/josie-williams-1.html,utah-valley,2020-21
20,76,20,2021-03-21,Utah Valley,N,Stanford,ROUND-64,L 44-87,*,31,5,9,.556,1,2,.500,4,7,.571,.611,7,10,.700,2,3,5,0,0,1,2,3,18,12.3,Josie Williams,https://www.sports-reference.com/cbb/players/josie-williams-1.html,utah-valley,2020-21
