ranker,player_game_num_career,team_game_num_season,date,team_name_abbr,game_location,opp_name_abbr,game_type,game_result,is_starter,mp,fg,fga,fg_pct,fg3,fg3a,fg3_pct,fg2,fg2a,fg2_pct,efg_pct,ft,fta,ft_pct,orb,drb,trb,ast,stl,blk,tov,pf,pts,game_score,player_name,player_sr_link,school,season
1,1,1,2020-11-28,Utah Valley,,Southern Utah,REG (Non-Conf),W 58-47,*,32,3,7,.429,2,3,.667,1,4,.250,.571,0,0,,1,5,6,2,2,0,2,4,8,6.3,Kayla Anderson,https://www.sports-reference.com/cbb/players/kayla-anderson-2.html,utah-valley,2020-21
2,2,2,2020-12-10,Utah Valley,,William Jessup,REG (Non-Conf),W 84-43,*,18,1,7,.143,1,4,.250,0,3,.000,.214,0,0,,0,1,1,5,0,0,1,3,3,0.1,Kayla Anderson,https://www.sports-reference.com/cbb/players/kayla-anderson-2.html,utah-valley,2020-21
3,3,3,2021-01-02,Utah Valley,,Montana State,REG (Non-Conf),L 63-66,*,23,4,7,.571,1,3,.333,3,4,.750,.643,0,0,,0,2,2,2,0,0,0,3,9,6.5,Kayla Anderson,https://www.sports-reference.com/cbb/players/kayla-anderson-2.html,utah-valley,2020-21
4,4,6,2021-01-15,Utah Valley,,Seattle,REG (Conf),W 66-56,*,30,2,7,.286,0,2,.000,2,5,.400,.286,0,0,,0,4,4,4,4,0,2,5,4,3.9,Kayla Anderson,https://www.sports-reference.com/cbb/players/kayla-anderson-2.html,utah-valley,2020-21
5,5,7,2021-01-16,Utah Valley,,Seattle,REG (Conf),W 78-66,*,35,4,8,.500,2,4,.500,2,4,.500,.625,4,4,1.000,0,4,4,5,3,0,2,3,14,14.5,Kayla Anderson,https://www.sports-reference.com/cbb/players/kayla-anderson-2.html,utah-valley,2020-21
6,6,8,2021-02-05,Utah Valley,,Chicago State,REG (Conf),W 61-53,*,27,1,7,.143,0,3,.000,1,4,.250,.143,0,0,,0,2,2,1,1,0,1,3,2,-2.4,Kayla Anderson,https://www.sports-reference.com/cbb/players/kayla-anderson-2.html,utah-valley,2020-21
7,7,9,2021-02-06,Utah Valley,,Chicago State,REG (Conf),W 56-46,*,15,0,3,.000,0,1,.000,0,2,.000,.000,0,0,,0,1,1,0,0,0,0,4,0,-3.4,Kayla Anderson,https://www.sports-reference.com/cbb/players/kayla-anderson-2.html,utah-valley,2020-21
8,8,10,2021-02-12,Utah Valley,,Grand Canyon,REG (Conf),W 63-51,*,33,2,4,.500,0,1,.000,2,3,.667,.500,2,2,1.000,0,0,0,5,1,0,3,3,6,4.3,Kayla Anderson,https://www.sports-reference.com/cbb/players/kayla-anderson-2.html,utah-valley,2020-21
9,9,11,2021-02-13,Utah Valley,,Grand Canyon,REG (Conf),L 62-72,*,22,1,3,.333,1,2,.500,0,1,.000,.500,0,0,,0,0,0,0,0,0,2,1,3,-1.1,Kayla Anderson,https://www.sports-reference.com/cbb/players/kayla-anderson-2.html,utah-valley,2020-21
10,10,12,2021-02-19,Utah Valley,,New Mexico State,REG (Conf),L 62-65,*,23,4,4,1.000,1,1,1.000,3,3,1.000,1.125,0,0,,0,2,2,1,0,0,0,4,9,7.5,Kayla Anderson,https://www.sports-reference.com/cbb/players/kayla-anderson-2.html,utah-valley,2020-21
11,11,13,2021-02-20,Utah Valley,,New Mexico State,REG (Conf),W 56-47,*,26,0,2,.000,0,1,.000,0,1,.000,.000,0,0,,0,3,3,2,3,0,2,1,0,1.5,Kayla Anderson,https://www.sports-reference.com/cbb/players/kayla-anderson-2.html,utah-valley,2020-21
12,12,14,2021-02-26,Utah Valley,@,Texas–Rio Grande Valley,REG (Conf),W 62-54,*,31,3,7,.429,1,3,.333,2,4,.500,.500,0,0,,0,2,2,5,1,0,1,2,7,6.6,Kayla Anderson,https://www.sports-reference.com/cbb/players/kayla-anderson-2.html,utah-valley,2020-21
13,13,15,2021-02-27,Utah Valley,@,Texas–Rio Grande Valley,REG (Conf),W 53-50,*,25,2,4,.500,0,2,.000,2,2,1.000,.500,0,0,,0,3,3,3,1,0,1,2,4,4.2,Kayla Anderson,https://www.sports-reference.com/cbb/players/kayla-anderson-2.html,utah-valley,2020-21
14,14,16,2021-03-02,Utah Valley,@,Tarleton State,REG (Conf),W 60-58,*,33,3,4,.750,1,2,.500,2,2,1.000,.875,0,3,.000,0,3,3,3,0,0,1,4,7,4.6,Kayla Anderson,https://www.sports-reference.com/cbb/players/kayla-anderson-2.html,utah-valley,2020-21
15,15,17,2021-03-03,Utah Valley,@,Tarleton State,REG (Conf),W 67-54,*,31,2,5,.400,1,3,.333,1,2,.500,.500,0,0,,0,0,0,3,1,0,1,1,5,4.0,Kayla Anderson,https://www.sports-reference.com/cbb/players/kayla-anderson-2.html,utah-valley,2020-21
16,16,18,2021-03-10,Utah Valley,,Chicago State,CTOURN,W 61-43,*,30,0,4,.000,0,1,.000,0,3,.000,.000,0,0,,1,4,5,4,0,0,4,1,0,-2.5,Kayla Anderson,https://www.sports-reference.com/cbb/players/kayla-anderson-2.html,utah-valley,2020-21
17,17,19,2021-03-12,Utah Valley,,Grand Canyon,CTOURN,L 54-57,*,24,1,3,.333,1,2,.500,0,1,.000,.500,0,0,,2,3,5,4,2,0,3,5,3,3.4,Kayla Anderson,https://www.sports-reference.com/cbb/players/kayla-anderson-2.html,utah-valley,2020-21
18,18,20,2021-03-21,Utah Valley,N,Stanford,ROUND-64,L 44-87,*,26,1,2,.500,0,1,.000,1,1,1.000,.500,0,0,,0,3,3,0,0,0,1,2,2,0.1,Kayla Anderson,https://www.sports-reference.com/cbb/players/kayla-anderson-2.html,utah-valley,2020-21
