ranker,player_game_num_career,team_game_num_season,date,team_name_abbr,game_location,opp_name_abbr,game_type,game_result,is_starter,mp,fg,fga,fg_pct,fg3,fg3a,fg3_pct,fg2,fg2a,fg2_pct,efg_pct,ft,fta,ft_pct,orb,drb,trb,ast,stl,blk,tov,pf,pts,game_score,player_name,player_sr_link,school,season
1,19,1,2020-11-28,Utah Valley,,Southern Utah,REG (Non-Conf),W 58-47,,9,0,2,.000,0,0,,0,2,.000,.000,0,2,.000,0,1,1,0,2,0,2,1,0,-2.3,Leilani Otuafi,https://www.sports-reference.com/cbb/players/leilani-otuafi-1.html,utah-valley,2020-21
2,20,3,2021-01-02,Utah Valley,,Montana State,REG (Non-Conf),L 63-66,,10,0,1,.000,0,1,.000,0,0,,.000,0,0,,0,3,3,1,2,0,0,1,0,2.5,Leilani Otuafi,https://www.sports-reference.com/cbb/players/leilani-otuafi-1.html,utah-valley,2020-21
3,21,4,2021-01-08,Utah Valley,@,California Baptist,REG (Conf),L 69-98,,16,1,5,.200,0,2,.000,1,3,.333,.200,0,2,.000,0,0,0,0,1,0,1,3,2,-3.1,Leilani Otuafi,https://www.sports-reference.com/cbb/players/leilani-otuafi-1.html,utah-valley,2020-21
4,22,5,2021-01-09,Utah Valley,@,California Baptist,REG (Conf),L 53-62,,20,0,2,.000,0,2,.000,0,0,,.000,0,0,,1,1,2,0,1,0,3,1,0,-2.8,Leilani Otuafi,https://www.sports-reference.com/cbb/players/leilani-otuafi-1.html,utah-valley,2020-21
5,23,7,2021-01-16,Utah Valley,,Seattle,REG (Conf),W 78-66,,2,0,0,,0,0,,0,0,,,0,0,,0,0,0,0,0,0,0,0,0,0.0,Leilani Otuafi,https://www.sports-reference.com/cbb/players/leilani-otuafi-1.html,utah-valley,2020-21
6,24,8,2021-02-05,Utah Valley,,Chicago State,REG (Conf),W 61-53,,7,0,0,,0,0,,0,0,,,0,0,,0,2,2,0,2,0,1,1,0,1.2,Leilani Otuafi,https://www.sports-reference.com/cbb/players/leilani-otuafi-1.html,utah-valley,2020-21
7,25,9,2021-02-06,Utah Valley,,Chicago State,REG (Conf),W 56-46,,7,0,0,,0,0,,0,0,,,0,0,,1,0,1,2,0,0,2,1,0,-0.3,Leilani Otuafi,https://www.sports-reference.com/cbb/players/leilani-otuafi-1.html,utah-valley,2020-21
