ranker,player_game_num_career,team_game_num_season,date,team_name_abbr,game_location,opp_name_abbr,game_type,game_result,is_starter,mp,fg,fga,fg_pct,fg3,fg3a,fg3_pct,fg2,fg2a,fg2_pct,efg_pct,ft,fta,ft_pct,orb,drb,trb,ast,stl,blk,tov,pf,pts,game_score,player_name,player_sr_link,school,season
1,59,1,2020-11-28,Utah Valley,,Southern Utah,REG (Non-Conf),W 58-47,,13,0,1,.000,0,1,.000,0,0,,.000,0,0,,0,1,1,1,0,0,1,1,0,-1.1,Madison Grange,https://www.sports-reference.com/cbb/players/madison-grange-1.html,utah-valley,2020-21
2,60,2,2020-12-10,Utah Valley,,William Jessup,REG (Non-Conf),W 84-43,,15,2,4,.500,2,4,.500,0,0,,.750,0,0,,1,1,2,1,0,0,0,0,6,5.7,Madison Grange,https://www.sports-reference.com/cbb/players/madison-grange-1.html,utah-valley,2020-21
3,61,3,2021-01-02,Utah Valley,,Montana State,REG (Non-Conf),L 63-66,,26,3,7,.429,2,4,.500,1,3,.333,.571,2,2,1.000,0,2,2,1,1,0,1,1,10,7.2,Madison Grange,https://www.sports-reference.com/cbb/players/madison-grange-1.html,utah-valley,2020-21
4,62,4,2021-01-08,Utah Valley,@,California Baptist,REG (Conf),L 69-98,*,25,4,7,.571,3,5,.600,1,2,.500,.786,1,2,.500,1,2,3,1,0,0,1,1,12,8.9,Madison Grange,https://www.sports-reference.com/cbb/players/madison-grange-1.html,utah-valley,2020-21
5,63,5,2021-01-09,Utah Valley,@,California Baptist,REG (Conf),L 53-62,*,30,3,6,.500,1,1,1.000,2,5,.400,.583,0,0,,0,2,2,1,0,1,0,0,7,6.0,Madison Grange,https://www.sports-reference.com/cbb/players/madison-grange-1.html,utah-valley,2020-21
6,64,6,2021-01-15,Utah Valley,,Seattle,REG (Conf),W 66-56,,20,1,3,.333,0,1,.000,1,2,.500,.333,2,2,1.000,0,1,1,2,2,0,0,1,4,5.6,Madison Grange,https://www.sports-reference.com/cbb/players/madison-grange-1.html,utah-valley,2020-21
7,65,7,2021-01-16,Utah Valley,,Seattle,REG (Conf),W 78-66,,12,1,4,.250,1,4,.250,0,0,,.375,0,0,,0,0,0,2,1,0,1,1,3,1.6,Madison Grange,https://www.sports-reference.com/cbb/players/madison-grange-1.html,utah-valley,2020-21
8,66,8,2021-02-05,Utah Valley,,Chicago State,REG (Conf),W 61-53,,23,0,1,.000,0,1,.000,0,0,,.000,3,4,.750,0,2,2,2,0,0,1,0,3,2.9,Madison Grange,https://www.sports-reference.com/cbb/players/madison-grange-1.html,utah-valley,2020-21
9,67,9,2021-02-06,Utah Valley,,Chicago State,REG (Conf),W 56-46,,20,3,6,.500,3,6,.500,0,0,,.750,0,0,,1,2,3,4,2,0,0,0,9,12.1,Madison Grange,https://www.sports-reference.com/cbb/players/madison-grange-1.html,utah-valley,2020-21
10,68,10,2021-02-12,Utah Valley,,Grand Canyon,REG (Conf),W 63-51,,21,3,4,.750,0,1,.000,3,3,1.000,.750,1,1,1.000,0,3,3,2,1,1,2,1,7,7.0,Madison Grange,https://www.sports-reference.com/cbb/players/madison-grange-1.html,utah-valley,2020-21
11,69,11,2021-02-13,Utah Valley,,Grand Canyon,REG (Conf),L 62-72,,33,5,7,.714,2,3,.667,3,4,.750,.857,1,3,.333,0,0,0,5,1,0,0,0,13,13.8,Madison Grange,https://www.sports-reference.com/cbb/players/madison-grange-1.html,utah-valley,2020-21
12,70,12,2021-02-19,Utah Valley,,New Mexico State,REG (Conf),L 62-65,,30,3,7,.429,1,4,.250,2,3,.667,.500,1,1,1.000,0,2,2,4,1,0,0,0,8,8.7,Madison Grange,https://www.sports-reference.com/cbb/players/madison-grange-1.html,utah-valley,2020-21
13,71,13,2021-02-20,Utah Valley,,New Mexico State,REG (Conf),W 56-47,,17,3,4,.750,1,2,.500,2,2,1.000,.875,0,0,,0,0,0,1,1,0,0,0,7,7.1,Madison Grange,https://www.sports-reference.com/cbb/players/madison-grange-1.html,utah-valley,2020-21
14,72,14,2021-02-26,Utah Valley,@,Texas–Rio Grande Valley,REG (Conf),W 62-54,,22,2,3,.667,0,1,.000,2,2,1.000,.667,0,0,,0,3,3,2,1,0,0,2,4,5.2,Madison Grange,https://www.sports-reference.com/cbb/players/madison-grange-1.html,utah-valley,2020-21
15,73,15,2021-02-27,Utah Valley,@,Texas–Rio Grande Valley,REG (Conf),W 53-50,,21,1,3,.333,0,1,.000,1,2,.500,.333,0,0,,0,1,1,1,1,0,0,0,2,2.3,Madison Grange,https://www.sports-reference.com/cbb/players/madison-grange-1.html,utah-valley,2020-21
16,74,16,2021-03-02,Utah Valley,@,Tarleton State,REG (Conf),W 60-58,,22,0,1,.000,0,1,.000,0,0,,.000,0,0,,0,1,1,1,0,1,0,0,0,1.0,Madison Grange,https://www.sports-reference.com/cbb/players/madison-grange-1.html,utah-valley,2020-21
17,75,17,2021-03-03,Utah Valley,@,Tarleton State,REG (Conf),W 67-54,,14,1,3,.333,0,2,.000,1,1,1.000,.333,5,6,.833,0,3,3,1,1,0,1,3,7,5.3,Madison Grange,https://www.sports-reference.com/cbb/players/madison-grange-1.html,utah-valley,2020-21
18,76,18,2021-03-10,Utah Valley,,Chicago State,CTOURN,W 61-43,,24,4,5,.800,3,4,.750,1,1,1.000,1.100,2,2,1.000,0,2,2,3,3,0,2,0,13,14.8,Madison Grange,https://www.sports-reference.com/cbb/players/madison-grange-1.html,utah-valley,2020-21
19,77,19,2021-03-12,Utah Valley,,Grand Canyon,CTOURN,L 54-57,,25,1,4,.250,0,3,.000,1,1,1.000,.250,0,1,.000,0,3,3,1,1,0,1,1,2,0.4,Madison Grange,https://www.sports-reference.com/cbb/players/madison-grange-1.html,utah-valley,2020-21
20,78,20,2021-03-21,Utah Valley,N,Stanford,ROUND-64,L 44-87,,19,1,5,.200,0,0,,1,5,.200,.200,2,3,.667,0,1,1,0,1,0,1,0,4,0.8,Madison Grange,https://www.sports-reference.com/cbb/players/madison-grange-1.html,utah-valley,2020-21
