ranker,player_game_num_career,team_game_num_season,date,team_name_abbr,game_location,opp_name_abbr,game_type,game_result,is_starter,mp,fg,fga,fg_pct,fg3,fg3a,fg3_pct,fg2,fg2a,fg2_pct,efg_pct,ft,fta,ft_pct,orb,drb,trb,ast,stl,blk,tov,pf,pts,game_score,player_name,player_sr_link,school,season
1,56,1,2020-11-28,Utah Valley,,Southern Utah,REG (Non-Conf),W 58-47,*,34,4,9,.444,0,2,.000,4,7,.571,.444,4,6,.667,0,3,3,4,1,0,2,3,12,8.0,Maria Carvalho,https://www.sports-reference.com/cbb/players/maria-carvalho-1.html,utah-valley,2020-21
2,57,2,2020-12-10,Utah Valley,,William Jessup,REG (Non-Conf),W 84-43,*,19,5,12,.417,3,5,.600,2,7,.286,.542,1,1,1.000,2,3,5,1,1,0,2,2,14,8.8,Maria Carvalho,https://www.sports-reference.com/cbb/players/maria-carvalho-1.html,utah-valley,2020-21
3,58,3,2021-01-02,Utah Valley,,Montana State,REG (Non-Conf),L 63-66,*,23,2,7,.286,0,1,.000,2,6,.333,.286,0,0,,1,2,3,4,1,0,5,3,4,-1.2,Maria Carvalho,https://www.sports-reference.com/cbb/players/maria-carvalho-1.html,utah-valley,2020-21
4,59,4,2021-01-08,Utah Valley,@,California Baptist,REG (Conf),L 69-98,*,25,5,13,.385,1,5,.200,4,8,.500,.423,3,4,.750,1,2,3,0,0,0,5,1,14,2.4,Maria Carvalho,https://www.sports-reference.com/cbb/players/maria-carvalho-1.html,utah-valley,2020-21
5,60,5,2021-01-09,Utah Valley,@,California Baptist,REG (Conf),L 53-62,*,38,5,15,.333,3,9,.333,2,6,.333,.433,1,3,.333,2,5,7,3,3,0,2,1,14,10.3,Maria Carvalho,https://www.sports-reference.com/cbb/players/maria-carvalho-1.html,utah-valley,2020-21
6,61,6,2021-01-15,Utah Valley,,Seattle,REG (Conf),W 66-56,*,33,6,18,.333,1,6,.167,5,12,.417,.361,5,6,.833,1,7,8,6,0,0,7,4,18,5.8,Maria Carvalho,https://www.sports-reference.com/cbb/players/maria-carvalho-1.html,utah-valley,2020-21
7,62,7,2021-01-16,Utah Valley,,Seattle,REG (Conf),W 78-66,*,37,4,14,.286,2,6,.333,2,8,.250,.357,3,4,.750,0,3,3,6,4,0,2,0,13,11.5,Maria Carvalho,https://www.sports-reference.com/cbb/players/maria-carvalho-1.html,utah-valley,2020-21
8,63,8,2021-02-05,Utah Valley,,Chicago State,REG (Conf),W 61-53,*,37,3,11,.273,1,7,.143,2,4,.500,.318,3,6,.500,0,6,6,4,0,0,4,3,10,1.7,Maria Carvalho,https://www.sports-reference.com/cbb/players/maria-carvalho-1.html,utah-valley,2020-21
9,64,9,2021-02-06,Utah Valley,,Chicago State,REG (Conf),W 56-46,*,28,3,10,.300,1,5,.200,2,5,.400,.350,5,5,1.000,0,3,3,1,1,0,2,2,12,6.0,Maria Carvalho,https://www.sports-reference.com/cbb/players/maria-carvalho-1.html,utah-valley,2020-21
10,65,10,2021-02-12,Utah Valley,,Grand Canyon,REG (Conf),W 63-51,*,38,8,15,.533,2,6,.333,6,9,.667,.600,5,6,.833,2,4,6,4,1,0,7,3,23,13.5,Maria Carvalho,https://www.sports-reference.com/cbb/players/maria-carvalho-1.html,utah-valley,2020-21
11,66,11,2021-02-13,Utah Valley,,Grand Canyon,REG (Conf),L 62-72,*,36,5,11,.455,4,5,.800,1,6,.167,.636,1,2,.500,1,5,6,9,1,0,5,4,15,11.8,Maria Carvalho,https://www.sports-reference.com/cbb/players/maria-carvalho-1.html,utah-valley,2020-21
12,67,12,2021-02-19,Utah Valley,,New Mexico State,REG (Conf),L 62-65,*,40,5,14,.357,2,7,.286,3,7,.429,.429,4,5,.800,0,3,3,5,5,0,3,4,16,12.6,Maria Carvalho,https://www.sports-reference.com/cbb/players/maria-carvalho-1.html,utah-valley,2020-21
13,68,13,2021-02-20,Utah Valley,,New Mexico State,REG (Conf),W 56-47,*,39,2,13,.154,1,4,.250,1,9,.111,.192,3,4,.750,1,2,3,2,1,0,2,0,8,1.0,Maria Carvalho,https://www.sports-reference.com/cbb/players/maria-carvalho-1.html,utah-valley,2020-21
14,69,14,2021-02-26,Utah Valley,@,Texas–Rio Grande Valley,REG (Conf),W 62-54,*,36,4,18,.222,0,3,.000,4,15,.267,.222,2,2,1.000,3,4,7,3,3,0,1,1,10,6.0,Maria Carvalho,https://www.sports-reference.com/cbb/players/maria-carvalho-1.html,utah-valley,2020-21
15,70,15,2021-02-27,Utah Valley,@,Texas–Rio Grande Valley,REG (Conf),W 53-50,*,29,5,18,.278,1,4,.250,4,14,.286,.306,0,0,,2,4,6,1,3,0,2,1,11,4.3,Maria Carvalho,https://www.sports-reference.com/cbb/players/maria-carvalho-1.html,utah-valley,2020-21
16,71,16,2021-03-02,Utah Valley,@,Tarleton State,REG (Conf),W 60-58,*,37,6,13,.462,2,4,.500,4,9,.444,.538,2,2,1.000,0,5,5,1,2,0,3,1,16,10.1,Maria Carvalho,https://www.sports-reference.com/cbb/players/maria-carvalho-1.html,utah-valley,2020-21
17,72,17,2021-03-03,Utah Valley,@,Tarleton State,REG (Conf),W 67-54,*,38,6,10,.600,3,7,.429,3,3,1.000,.750,4,4,1.000,1,6,7,3,3,0,1,1,19,20.6,Maria Carvalho,https://www.sports-reference.com/cbb/players/maria-carvalho-1.html,utah-valley,2020-21
18,73,18,2021-03-10,Utah Valley,,Chicago State,CTOURN,W 61-43,*,32,6,14,.429,2,7,.286,4,7,.571,.500,1,1,1.000,1,3,4,1,1,0,2,1,15,8.5,Maria Carvalho,https://www.sports-reference.com/cbb/players/maria-carvalho-1.html,utah-valley,2020-21
19,74,19,2021-03-12,Utah Valley,,Grand Canyon,CTOURN,L 54-57,*,40,4,12,.333,0,3,.000,4,9,.444,.333,0,0,,1,4,5,3,1,0,9,0,8,-2.8,Maria Carvalho,https://www.sports-reference.com/cbb/players/maria-carvalho-1.html,utah-valley,2020-21
20,75,20,2021-03-21,Utah Valley,N,Stanford,ROUND-64,L 44-87,*,32,2,15,.133,1,3,.333,1,12,.083,.167,1,5,.200,1,7,8,4,0,0,1,3,6,-1.9,Maria Carvalho,https://www.sports-reference.com/cbb/players/maria-carvalho-1.html,utah-valley,2020-21
