ranker,player_game_num_career,team_game_num_season,date,team_name_abbr,game_location,opp_name_abbr,game_type,game_result,is_starter,mp,fg,fga,fg_pct,fg3,fg3a,fg2,fg2a,fg2_pct,efg_pct,ft,fta,ft_pct,orb,drb,trb,ast,stl,blk,tov,pf,pts,game_score,player_name,player_sr_link,school,season
1,27,3,2021-01-02,Utah Valley,,Montana State,REG (Non-Conf),L 63-66,,3,0,0,,0,0,0,0,,,0,0,,0,0,0,1,0,0,0,0,0,0.7,Megan Jensen,https://www.sports-reference.com/cbb/players/megan-jensen-1.html,utah-valley,2020-21
2,28,6,2021-01-15,Utah Valley,,Seattle,REG (Conf),W 66-56,,8,3,3,1.000,0,0,3,3,1.000,1.000,2,2,1.000,1,5,6,0,2,2,1,3,8,10.5,Megan Jensen,https://www.sports-reference.com/cbb/players/megan-jensen-1.html,utah-valley,2020-21
3,29,7,2021-01-16,Utah Valley,,Seattle,REG (Conf),W 78-66,,9,2,5,.400,0,0,2,5,.400,.400,0,0,,2,2,4,0,1,0,1,1,4,2.9,Megan Jensen,https://www.sports-reference.com/cbb/players/megan-jensen-1.html,utah-valley,2020-21
4,30,12,2021-02-19,Utah Valley,,New Mexico State,REG (Conf),L 62-65,,4,0,2,.000,0,0,0,2,.000,.000,0,0,,0,2,2,0,0,0,0,1,0,-1.2,Megan Jensen,https://www.sports-reference.com/cbb/players/megan-jensen-1.html,utah-valley,2020-21
5,31,14,2021-02-26,Utah Valley,@,Texas–Rio Grande Valley,REG (Conf),W 62-54,,10,2,2,1.000,0,0,2,2,1.000,1.000,1,2,.500,0,3,3,1,0,1,1,1,5,4.9,Megan Jensen,https://www.sports-reference.com/cbb/players/megan-jensen-1.html,utah-valley,2020-21
6,32,15,2021-02-27,Utah Valley,@,Texas–Rio Grande Valley,REG (Conf),W 53-50,,10,1,2,.500,0,0,1,2,.500,.500,0,0,,0,3,3,0,0,0,0,0,2,1.9,Megan Jensen,https://www.sports-reference.com/cbb/players/megan-jensen-1.html,utah-valley,2020-21
7,33,16,2021-03-02,Utah Valley,@,Tarleton State,REG (Conf),W 60-58,,11,2,3,.667,0,0,2,3,.667,.667,0,0,,1,4,5,3,0,1,3,3,4,3.2,Megan Jensen,https://www.sports-reference.com/cbb/players/megan-jensen-1.html,utah-valley,2020-21
8,34,17,2021-03-03,Utah Valley,@,Tarleton State,REG (Conf),W 67-54,,9,1,3,.333,0,0,1,3,.333,.333,0,0,,0,3,3,1,0,1,1,2,2,0.8,Megan Jensen,https://www.sports-reference.com/cbb/players/megan-jensen-1.html,utah-valley,2020-21
9,35,18,2021-03-10,Utah Valley,,Chicago State,CTOURN,W 61-43,,16,2,2,1.000,0,0,2,2,1.000,1.000,2,4,.500,2,1,3,1,2,0,2,1,6,6.6,Megan Jensen,https://www.sports-reference.com/cbb/players/megan-jensen-1.html,utah-valley,2020-21
10,36,19,2021-03-12,Utah Valley,,Grand Canyon,CTOURN,L 54-57,,15,4,6,.667,0,0,4,6,.667,.667,1,2,.500,2,1,3,0,0,0,2,1,9,5.3,Megan Jensen,https://www.sports-reference.com/cbb/players/megan-jensen-1.html,utah-valley,2020-21
11,37,20,2021-03-21,Utah Valley,N,Stanford,ROUND-64,L 44-87,,9,0,4,.000,0,0,0,4,.000,.000,2,2,1.000,3,0,3,0,1,0,0,1,2,1.9,Megan Jensen,https://www.sports-reference.com/cbb/players/megan-jensen-1.html,utah-valley,2020-21
