ranker,player_game_num_career,team_game_num_season,date,team_name_abbr,game_location,opp_name_abbr,game_type,game_result,is_starter,mp,fg,fga,fg_pct,fg3,fg3a,fg3_pct,fg2,fg2a,fg2_pct,efg_pct,ft,fta,ft_pct,orb,drb,trb,ast,stl,blk,tov,pf,pts,game_score,player_name,player_sr_link,school,season
1,44,1,2020-11-28,Utah Valley,,Southern Utah,REG (Non-Conf),W 58-47,*,34,6,10,.600,0,2,.000,6,8,.750,.600,4,5,.800,4,7,11,3,1,2,2,3,16,17.2,Nehaa Sohail,https://www.sports-reference.com/cbb/players/nehaa-sohail-1.html,utah-valley,2020-21
2,45,2,2020-12-10,Utah Valley,,William Jessup,REG (Non-Conf),W 84-43,*,21,1,3,.333,0,2,.000,1,1,1.000,.333,0,0,,2,6,8,2,0,1,1,0,2,4.6,Nehaa Sohail,https://www.sports-reference.com/cbb/players/nehaa-sohail-1.html,utah-valley,2020-21
3,46,3,2021-01-02,Utah Valley,,Montana State,REG (Non-Conf),L 63-66,*,30,3,10,.300,1,3,.333,2,7,.286,.350,2,4,.500,1,5,6,3,0,0,2,3,9,3.5,Nehaa Sohail,https://www.sports-reference.com/cbb/players/nehaa-sohail-1.html,utah-valley,2020-21
4,47,4,2021-01-08,Utah Valley,@,California Baptist,REG (Conf),L 69-98,*,20,3,8,.375,1,4,.250,2,4,.500,.438,4,6,.667,1,4,5,2,1,0,0,0,11,10.1,Nehaa Sohail,https://www.sports-reference.com/cbb/players/nehaa-sohail-1.html,utah-valley,2020-21
5,48,5,2021-01-09,Utah Valley,@,California Baptist,REG (Conf),L 53-62,*,35,4,11,.364,3,5,.600,1,6,.167,.500,1,2,.500,3,8,11,1,3,2,5,4,12,8.5,Nehaa Sohail,https://www.sports-reference.com/cbb/players/nehaa-sohail-1.html,utah-valley,2020-21
6,49,6,2021-01-15,Utah Valley,,Seattle,REG (Conf),W 66-56,*,34,2,7,.286,2,4,.500,0,3,.000,.429,1,2,.500,0,2,2,1,0,1,3,1,7,1.1,Nehaa Sohail,https://www.sports-reference.com/cbb/players/nehaa-sohail-1.html,utah-valley,2020-21
7,50,7,2021-01-16,Utah Valley,,Seattle,REG (Conf),W 78-66,*,32,6,8,.750,4,5,.800,2,3,.667,1.000,5,5,1.000,0,2,2,1,1,2,2,2,21,18.7,Nehaa Sohail,https://www.sports-reference.com/cbb/players/nehaa-sohail-1.html,utah-valley,2020-21
8,51,8,2021-02-05,Utah Valley,,Chicago State,REG (Conf),W 61-53,*,33,3,12,.250,0,3,.000,3,9,.333,.250,0,1,.000,4,7,11,2,2,3,4,3,6,3.6,Nehaa Sohail,https://www.sports-reference.com/cbb/players/nehaa-sohail-1.html,utah-valley,2020-21
9,52,9,2021-02-06,Utah Valley,,Chicago State,REG (Conf),W 56-46,*,28,3,8,.375,2,3,.667,1,5,.200,.500,0,0,,3,8,11,7,0,0,0,2,8,12.2,Nehaa Sohail,https://www.sports-reference.com/cbb/players/nehaa-sohail-1.html,utah-valley,2020-21
10,53,10,2021-02-12,Utah Valley,,Grand Canyon,REG (Conf),W 63-51,*,22,3,7,.429,2,5,.400,1,2,.500,.571,2,2,1.000,1,4,5,1,1,0,4,4,10,4.3,Nehaa Sohail,https://www.sports-reference.com/cbb/players/nehaa-sohail-1.html,utah-valley,2020-21
11,54,11,2021-02-13,Utah Valley,,Grand Canyon,REG (Conf),L 62-72,*,29,5,10,.500,2,4,.500,3,6,.500,.600,2,2,1.000,2,7,9,1,2,0,3,4,14,10.6,Nehaa Sohail,https://www.sports-reference.com/cbb/players/nehaa-sohail-1.html,utah-valley,2020-21
12,55,12,2021-02-19,Utah Valley,,New Mexico State,REG (Conf),L 62-65,*,28,1,5,.200,0,2,.000,1,3,.333,.200,0,0,,1,5,6,2,0,0,3,3,2,-1.7,Nehaa Sohail,https://www.sports-reference.com/cbb/players/nehaa-sohail-1.html,utah-valley,2020-21
13,56,13,2021-02-20,Utah Valley,,New Mexico State,REG (Conf),W 56-47,*,34,3,8,.375,1,5,.200,2,3,.667,.438,3,4,.750,1,7,8,2,2,0,4,1,10,7.0,Nehaa Sohail,https://www.sports-reference.com/cbb/players/nehaa-sohail-1.html,utah-valley,2020-21
14,57,14,2021-02-26,Utah Valley,@,Texas–Rio Grande Valley,REG (Conf),W 62-54,*,31,2,3,.667,1,2,.500,1,1,1.000,.833,2,2,1.000,0,3,3,2,0,1,5,2,7,2.9,Nehaa Sohail,https://www.sports-reference.com/cbb/players/nehaa-sohail-1.html,utah-valley,2020-21
15,58,15,2021-02-27,Utah Valley,@,Texas–Rio Grande Valley,REG (Conf),W 53-50,*,34,3,9,.333,2,4,.500,1,5,.200,.444,1,4,.250,0,6,6,6,0,1,0,2,9,8.6,Nehaa Sohail,https://www.sports-reference.com/cbb/players/nehaa-sohail-1.html,utah-valley,2020-21
16,59,16,2021-03-02,Utah Valley,@,Tarleton State,REG (Conf),W 60-58,*,28,1,7,.143,1,5,.200,0,2,.000,.214,4,4,1.000,0,2,2,4,1,0,2,3,7,3.7,Nehaa Sohail,https://www.sports-reference.com/cbb/players/nehaa-sohail-1.html,utah-valley,2020-21
17,60,17,2021-03-03,Utah Valley,@,Tarleton State,REG (Conf),W 67-54,*,37,3,9,.333,2,6,.333,1,3,.333,.444,0,0,,1,5,6,3,1,0,2,2,8,5.4,Nehaa Sohail,https://www.sports-reference.com/cbb/players/nehaa-sohail-1.html,utah-valley,2020-21
18,61,18,2021-03-10,Utah Valley,,Chicago State,CTOURN,W 61-43,*,25,3,7,.429,0,2,.000,3,5,.600,.429,1,2,.500,1,4,5,2,2,0,3,2,7,4.4,Nehaa Sohail,https://www.sports-reference.com/cbb/players/nehaa-sohail-1.html,utah-valley,2020-21
19,62,19,2021-03-12,Utah Valley,,Grand Canyon,CTOURN,L 54-57,*,31,2,6,.333,1,2,.500,1,4,.250,.417,0,0,,1,6,7,2,0,0,4,2,5,0.7,Nehaa Sohail,https://www.sports-reference.com/cbb/players/nehaa-sohail-1.html,utah-valley,2020-21
20,63,20,2021-03-21,Utah Valley,N,Stanford,ROUND-64,L 44-87,*,30,2,5,.400,1,3,.333,1,2,.500,.500,0,0,,0,0,0,1,0,0,3,1,5,-0.4,Nehaa Sohail,https://www.sports-reference.com/cbb/players/nehaa-sohail-1.html,utah-valley,2020-21
