ranker,player_game_num_career,team_game_num_season,date,team_name_abbr,game_location,opp_name_abbr,game_type,game_result,is_starter,mp,fg,fga,fg_pct,fg3,fg3a,fg3_pct,fg2,fg2a,fg2_pct,efg_pct,ft,fta,ft_pct,orb,drb,trb,ast,stl,blk,tov,pf,pts,game_score,player_name,player_sr_link,school,season
1,32,1,2020-11-28,Utah Valley,,Southern Utah,REG (Non-Conf),W 58-47,*,24,0,5,.000,0,1,.000,0,4,.000,.000,0,0,,0,1,1,1,1,0,2,4,0,-5.1,Shay Fano,https://www.sports-reference.com/cbb/players/shay-fano-1.html,utah-valley,2020-21
2,33,2,2020-12-10,Utah Valley,,William Jessup,REG (Non-Conf),W 84-43,*,23,5,9,.556,1,4,.250,4,5,.800,.611,2,2,1.000,2,5,7,4,1,0,1,2,13,13.6,Shay Fano,https://www.sports-reference.com/cbb/players/shay-fano-1.html,utah-valley,2020-21
3,34,3,2021-01-02,Utah Valley,,Montana State,REG (Non-Conf),L 63-66,*,28,5,6,.833,2,3,.667,3,3,1.000,1.000,1,2,.500,1,4,5,1,0,1,5,4,13,7.1,Shay Fano,https://www.sports-reference.com/cbb/players/shay-fano-1.html,utah-valley,2020-21
4,35,4,2021-01-08,Utah Valley,@,California Baptist,REG (Conf),L 69-98,*,30,4,10,.400,0,4,.000,4,6,.667,.400,0,0,,2,3,5,4,1,0,3,3,8,4.5,Shay Fano,https://www.sports-reference.com/cbb/players/shay-fano-1.html,utah-valley,2020-21
5,36,5,2021-01-09,Utah Valley,@,California Baptist,REG (Conf),L 53-62,*,32,2,13,.154,0,7,.000,2,6,.333,.154,0,0,,2,5,7,4,0,0,0,2,4,0.6,Shay Fano,https://www.sports-reference.com/cbb/players/shay-fano-1.html,utah-valley,2020-21
6,37,6,2021-01-15,Utah Valley,,Seattle,REG (Conf),W 66-56,*,38,5,10,.500,4,7,.571,1,3,.333,.700,0,0,,3,6,9,2,1,0,1,2,14,13.5,Shay Fano,https://www.sports-reference.com/cbb/players/shay-fano-1.html,utah-valley,2020-21
7,38,7,2021-01-16,Utah Valley,,Seattle,REG (Conf),W 78-66,*,38,1,5,.200,0,3,.000,1,2,.500,.200,3,4,.750,1,7,8,1,2,1,2,1,5,5.3,Shay Fano,https://www.sports-reference.com/cbb/players/shay-fano-1.html,utah-valley,2020-21
8,39,8,2021-02-05,Utah Valley,,Chicago State,REG (Conf),W 61-53,*,38,6,12,.500,1,2,.500,5,10,.500,.542,1,2,.500,5,2,7,4,0,1,3,1,14,11.8,Shay Fano,https://www.sports-reference.com/cbb/players/shay-fano-1.html,utah-valley,2020-21
9,40,9,2021-02-06,Utah Valley,,Chicago State,REG (Conf),W 56-46,*,35,5,11,.455,0,3,.000,5,8,.625,.455,0,0,,2,6,8,4,2,0,4,1,10,7.9,Shay Fano,https://www.sports-reference.com/cbb/players/shay-fano-1.html,utah-valley,2020-21
10,41,10,2021-02-12,Utah Valley,,Grand Canyon,REG (Conf),W 63-51,*,39,1,9,.111,0,6,.000,1,3,.333,.111,1,2,.500,3,8,11,5,2,0,2,1,3,4.3,Shay Fano,https://www.sports-reference.com/cbb/players/shay-fano-1.html,utah-valley,2020-21
11,42,11,2021-02-13,Utah Valley,,Grand Canyon,REG (Conf),L 62-72,*,40,4,11,.364,0,3,.000,4,8,.500,.364,5,6,.833,2,5,7,3,1,0,3,2,13,8.7,Shay Fano,https://www.sports-reference.com/cbb/players/shay-fano-1.html,utah-valley,2020-21
12,43,12,2021-02-19,Utah Valley,,New Mexico State,REG (Conf),L 62-65,*,37,5,14,.357,1,5,.200,4,9,.444,.393,1,2,.500,1,2,3,8,1,0,4,3,12,6.5,Shay Fano,https://www.sports-reference.com/cbb/players/shay-fano-1.html,utah-valley,2020-21
13,44,13,2021-02-20,Utah Valley,,New Mexico State,REG (Conf),W 56-47,*,38,7,13,.538,2,5,.400,5,8,.625,.615,0,1,.000,5,5,10,6,1,0,2,2,16,16.7,Shay Fano,https://www.sports-reference.com/cbb/players/shay-fano-1.html,utah-valley,2020-21
14,45,14,2021-02-26,Utah Valley,@,Texas–Rio Grande Valley,REG (Conf),W 62-54,*,36,6,16,.375,1,5,.200,5,11,.455,.406,1,2,.500,6,5,11,0,3,0,3,3,14,9.3,Shay Fano,https://www.sports-reference.com/cbb/players/shay-fano-1.html,utah-valley,2020-21
15,46,15,2021-02-27,Utah Valley,@,Texas–Rio Grande Valley,REG (Conf),W 53-50,*,38,2,6,.333,0,2,.000,2,4,.500,.333,2,4,.500,2,3,5,2,0,0,0,1,6,5.1,Shay Fano,https://www.sports-reference.com/cbb/players/shay-fano-1.html,utah-valley,2020-21
16,47,16,2021-03-02,Utah Valley,@,Tarleton State,REG (Conf),W 60-58,*,34,5,10,.500,1,3,.333,4,7,.571,.550,2,5,.400,1,9,10,1,0,0,3,2,13,7.1,Shay Fano,https://www.sports-reference.com/cbb/players/shay-fano-1.html,utah-valley,2020-21
17,48,17,2021-03-03,Utah Valley,@,Tarleton State,REG (Conf),W 67-54,*,34,7,14,.500,2,5,.400,5,9,.556,.571,2,2,1.000,1,5,6,1,0,0,2,2,18,11.1,Shay Fano,https://www.sports-reference.com/cbb/players/shay-fano-1.html,utah-valley,2020-21
18,49,18,2021-03-10,Utah Valley,,Chicago State,CTOURN,W 61-43,*,26,3,8,.375,1,2,.500,2,6,.333,.438,0,0,,1,1,2,1,2,0,2,2,7,3.5,Shay Fano,https://www.sports-reference.com/cbb/players/shay-fano-1.html,utah-valley,2020-21
19,50,19,2021-03-12,Utah Valley,,Grand Canyon,CTOURN,L 54-57,*,40,4,8,.500,0,2,.000,4,6,.667,.500,3,4,.750,1,6,7,2,1,0,2,2,11,8.7,Shay Fano,https://www.sports-reference.com/cbb/players/shay-fano-1.html,utah-valley,2020-21
20,51,20,2021-03-21,Utah Valley,N,Stanford,ROUND-64,L 44-87,*,35,1,7,.143,1,4,.250,0,3,.000,.214,0,0,,1,3,4,2,0,0,0,3,3,0.3,Shay Fano,https://www.sports-reference.com/cbb/players/shay-fano-1.html,utah-valley,2020-21
