ranker,player_game_num_career,team_game_num_season,date,team_name_abbr,game_location,opp_name_abbr,game_type,game_result,is_starter,mp,fg,fga,fg_pct,fg3,fg3a,fg3_pct,fg2,fg2a,fg2_pct,efg_pct,ft,fta,ft_pct,orb,drb,trb,ast,stl,blk,tov,pf,pts,game_score,player_name,player_sr_link,school,season
1,17,2,2020-12-10,Utah Valley,,William Jessup,REG (Non-Conf),W 84-43,,15,3,8,.375,1,5,.200,2,3,.667,.438,2,4,.500,0,2,2,0,0,0,1,2,9,2.6,Sydney Wright,https://www.sports-reference.com/cbb/players/sydney-wright-1.html,utah-valley,2020-21
2,18,3,2021-01-02,Utah Valley,,Montana State,REG (Non-Conf),L 63-66,,4,0,0,,0,0,,0,0,,,0,0,,0,1,1,1,0,0,0,0,0,1.0,Sydney Wright,https://www.sports-reference.com/cbb/players/sydney-wright-1.html,utah-valley,2020-21
3,19,4,2021-01-08,Utah Valley,@,California Baptist,REG (Conf),L 69-98,,25,0,4,.000,0,4,.000,0,0,,.000,1,2,.500,0,1,1,2,0,0,0,0,1,-0.5,Sydney Wright,https://www.sports-reference.com/cbb/players/sydney-wright-1.html,utah-valley,2020-21
4,20,5,2021-01-09,Utah Valley,@,California Baptist,REG (Conf),L 53-62,,4,0,0,,0,0,,0,0,,,2,2,1.000,0,0,0,0,0,0,1,0,2,1.0,Sydney Wright,https://www.sports-reference.com/cbb/players/sydney-wright-1.html,utah-valley,2020-21
5,21,8,2021-02-05,Utah Valley,,Chicago State,REG (Conf),W 61-53,,2,0,0,,0,0,,0,0,,,0,0,,0,0,0,0,0,0,0,0,0,0.0,Sydney Wright,https://www.sports-reference.com/cbb/players/sydney-wright-1.html,utah-valley,2020-21
6,22,9,2021-02-06,Utah Valley,,Chicago State,REG (Conf),W 56-46,,7,0,0,,0,0,,0,0,,,0,0,,0,0,0,0,0,0,1,0,0,-1.0,Sydney Wright,https://www.sports-reference.com/cbb/players/sydney-wright-1.html,utah-valley,2020-21
7,23,10,2021-02-12,Utah Valley,,Grand Canyon,REG (Conf),W 63-51,,6,0,1,.000,0,1,.000,0,0,,.000,0,0,,0,0,0,0,0,0,1,1,0,-2.1,Sydney Wright,https://www.sports-reference.com/cbb/players/sydney-wright-1.html,utah-valley,2020-21
8,24,12,2021-02-19,Utah Valley,,New Mexico State,REG (Conf),L 62-65,,4,0,0,,0,0,,0,0,,,0,0,,0,0,0,0,0,0,0,0,0,0.0,Sydney Wright,https://www.sports-reference.com/cbb/players/sydney-wright-1.html,utah-valley,2020-21
9,25,13,2021-02-20,Utah Valley,,New Mexico State,REG (Conf),W 56-47,,2,0,1,.000,0,1,.000,0,0,,.000,0,0,,0,0,0,0,0,0,0,0,0,-0.7,Sydney Wright,https://www.sports-reference.com/cbb/players/sydney-wright-1.html,utah-valley,2020-21
10,26,14,2021-02-26,Utah Valley,@,Texas–Rio Grande Valley,REG (Conf),W 62-54,,3,0,0,,0,0,,0,0,,,0,0,,0,0,0,0,0,0,0,0,0,0.0,Sydney Wright,https://www.sports-reference.com/cbb/players/sydney-wright-1.html,utah-valley,2020-21
11,27,15,2021-02-27,Utah Valley,@,Texas–Rio Grande Valley,REG (Conf),W 53-50,,2,0,0,,0,0,,0,0,,,0,0,,0,0,0,0,0,0,0,0,0,0.0,Sydney Wright,https://www.sports-reference.com/cbb/players/sydney-wright-1.html,utah-valley,2020-21
12,28,16,2021-03-02,Utah Valley,@,Tarleton State,REG (Conf),W 60-58,,3,0,0,,0,0,,0,0,,,0,0,,0,0,0,1,0,0,0,0,0,0.7,Sydney Wright,https://www.sports-reference.com/cbb/players/sydney-wright-1.html,utah-valley,2020-21
13,29,17,2021-03-03,Utah Valley,@,Tarleton State,REG (Conf),W 67-54,,2,0,0,,0,0,,0,0,,,0,0,,0,0,0,0,0,0,0,1,0,-0.4,Sydney Wright,https://www.sports-reference.com/cbb/players/sydney-wright-1.html,utah-valley,2020-21
14,30,18,2021-03-10,Utah Valley,,Chicago State,CTOURN,W 61-43,,5,0,0,,0,0,,0,0,,,1,2,.500,0,0,0,0,0,0,0,0,1,0.6,Sydney Wright,https://www.sports-reference.com/cbb/players/sydney-wright-1.html,utah-valley,2020-21
15,31,20,2021-03-21,Utah Valley,N,Stanford,ROUND-64,L 44-87,,2,0,1,.000,0,1,.000,0,0,,.000,0,0,,0,0,0,0,0,0,0,0,0,-0.7,Sydney Wright,https://www.sports-reference.com/cbb/players/sydney-wright-1.html,utah-valley,2020-21
