ranker,player_game_num_career,team_game_num_season,date,team_name_abbr,game_location,opp_name_abbr,game_type,game_result,is_starter,mp,fg,fga,fg_pct,fg3,fg3a,fg3_pct,fg2,fg2a,fg2_pct,efg_pct,ft,fta,ft_pct,orb,drb,trb,ast,stl,blk,tov,pf,pts,game_score,player_name,player_sr_link,school,season
1,47,1,2020-11-28,Utah Valley,,Southern Utah,REG (Non-Conf),W 58-47,,6,0,2,.000,0,0,,0,2,.000,.000,0,0,,0,1,1,0,0,1,2,2,0,-3.2,Va'e Malufau,https://www.sports-reference.com/cbb/players/vae-malufau-1.html,utah-valley,2020-21
2,48,2,2020-12-10,Utah Valley,,William Jessup,REG (Non-Conf),W 84-43,,19,2,5,.400,0,0,,2,5,.400,.400,1,1,1.000,3,2,5,3,0,1,3,2,5,4.0,Va'e Malufau,https://www.sports-reference.com/cbb/players/vae-malufau-1.html,utah-valley,2020-21
3,49,3,2021-01-02,Utah Valley,,Montana State,REG (Non-Conf),L 63-66,,4,0,0,,0,0,,0,0,,,0,0,,0,1,1,0,0,0,0,0,0,0.3,Va'e Malufau,https://www.sports-reference.com/cbb/players/vae-malufau-1.html,utah-valley,2020-21
4,50,4,2021-01-08,Utah Valley,@,California Baptist,REG (Conf),L 69-98,,10,1,1,1.000,1,1,1.000,0,0,,1.500,2,2,1.000,1,2,3,0,0,1,1,3,5,4.5,Va'e Malufau,https://www.sports-reference.com/cbb/players/vae-malufau-1.html,utah-valley,2020-21
5,51,5,2021-01-09,Utah Valley,@,California Baptist,REG (Conf),L 53-62,,9,0,0,,0,0,,0,0,,,0,0,,2,2,4,1,0,0,2,3,0,-0.5,Va'e Malufau,https://www.sports-reference.com/cbb/players/vae-malufau-1.html,utah-valley,2020-21
6,52,6,2021-01-15,Utah Valley,,Seattle,REG (Conf),W 66-56,,4,0,0,,0,0,,0,0,,,0,0,,0,1,1,1,0,1,0,0,0,1.7,Va'e Malufau,https://www.sports-reference.com/cbb/players/vae-malufau-1.html,utah-valley,2020-21
7,53,8,2021-02-05,Utah Valley,,Chicago State,REG (Conf),W 61-53,,3,0,1,.000,0,0,,0,1,.000,.000,0,0,,0,0,0,1,0,0,0,0,0,0.0,Va'e Malufau,https://www.sports-reference.com/cbb/players/vae-malufau-1.html,utah-valley,2020-21
8,54,9,2021-02-06,Utah Valley,,Chicago State,REG (Conf),W 56-46,,13,1,1,1.000,0,0,,1,1,1.000,1.000,0,0,,0,2,2,0,0,2,2,0,2,1.7,Va'e Malufau,https://www.sports-reference.com/cbb/players/vae-malufau-1.html,utah-valley,2020-21
9,55,10,2021-02-12,Utah Valley,,Grand Canyon,REG (Conf),W 63-51,,7,0,0,,0,0,,0,0,,,0,0,,0,0,0,0,0,0,1,1,0,-1.4,Va'e Malufau,https://www.sports-reference.com/cbb/players/vae-malufau-1.html,utah-valley,2020-21
10,56,11,2021-02-13,Utah Valley,,Grand Canyon,REG (Conf),L 62-72,,6,0,0,,0,0,,0,0,,,0,0,,0,1,1,1,0,0,0,2,0,0.2,Va'e Malufau,https://www.sports-reference.com/cbb/players/vae-malufau-1.html,utah-valley,2020-21
11,57,12,2021-02-19,Utah Valley,,New Mexico State,REG (Conf),L 62-65,,6,0,1,.000,0,0,,0,1,.000,.000,0,2,.000,1,2,3,0,0,0,1,1,0,-1.6,Va'e Malufau,https://www.sports-reference.com/cbb/players/vae-malufau-1.html,utah-valley,2020-21
12,58,13,2021-02-20,Utah Valley,,New Mexico State,REG (Conf),W 56-47,,11,0,3,.000,0,0,,0,3,.000,.000,0,0,,1,1,2,1,0,0,0,1,0,-0.8,Va'e Malufau,https://www.sports-reference.com/cbb/players/vae-malufau-1.html,utah-valley,2020-21
13,59,18,2021-03-10,Utah Valley,,Chicago State,CTOURN,W 61-43,,7,2,2,1.000,0,0,,2,2,1.000,1.000,0,0,,0,2,2,0,0,0,3,2,4,0.2,Va'e Malufau,https://www.sports-reference.com/cbb/players/vae-malufau-1.html,utah-valley,2020-21
14,60,20,2021-03-21,Utah Valley,N,Stanford,ROUND-64,L 44-87,,5,0,0,,0,0,,0,0,,,0,0,,0,0,0,0,0,0,1,1,0,-1.4,Va'e Malufau,https://www.sports-reference.com/cbb/players/vae-malufau-1.html,utah-valley,2020-21
