ranker,player_game_num_career,team_game_num_season,date,team_name_abbr,game_location,opp_name_abbr,game_type,game_result,is_starter,mp,fg,fga,fg_pct,fg3,fg3a,fg3_pct,fg2,fg2a,fg2_pct,efg_pct,ft,fta,ft_pct,orb,drb,trb,ast,stl,blk,tov,pf,pts,game_score,player_name,player_sr_link,school,season
1,41,1,2023-11-06,Fordham,,Adelphi,REG (Non-Conf),W 70-43,,12,2,6,.333,0,1,.000,2,5,.400,.333,1,1,1.000,1,6,7,0,0,0,2,2,5,1.3,Kailah Harris,https://www.sports-reference.com/cbb/players/kailah-harris-1.html,fordham,2023-24
2,42,2,2023-11-10,Fordham,,Albany (NY),REG (Non-Conf),W 66-63,,11,3,3,1.000,0,0,,3,3,1.000,1.000,0,0,,0,2,2,0,1,0,0,2,6,5.9,Kailah Harris,https://www.sports-reference.com/cbb/players/kailah-harris-1.html,fordham,2023-24
3,43,3,2023-11-12,Fordham,@,Miami (FL),REG (Non-Conf),L 39-78,,16,1,3,.333,0,0,,1,3,.333,.333,0,0,,1,3,4,0,1,1,1,0,2,2.6,Kailah Harris,https://www.sports-reference.com/cbb/players/kailah-harris-1.html,fordham,2023-24
4,44,4,2023-11-16,Fordham,,Manhattan,REG (Non-Conf),L 44-58,,13,1,3,.333,0,0,,1,3,.333,.333,0,0,,0,1,1,0,1,0,2,1,2,-0.8,Kailah Harris,https://www.sports-reference.com/cbb/players/kailah-harris-1.html,fordham,2023-24
5,45,12,2023-12-21,Fordham,@,Virginia,REG (Non-Conf),L 56-82,,3,1,3,.333,0,0,,1,3,.333,.333,0,0,,1,1,2,0,0,0,0,0,2,1.3,Kailah Harris,https://www.sports-reference.com/cbb/players/kailah-harris-1.html,fordham,2023-24
6,46,13,2023-12-30,Fordham,,Saint Joseph's,REG (Conf),L 49-76,,15,3,4,.750,0,0,,3,4,.750,.750,0,1,.000,2,2,4,1,1,0,0,0,6,7.7,Kailah Harris,https://www.sports-reference.com/cbb/players/kailah-harris-1.html,fordham,2023-24
7,47,14,2024-01-03,Fordham,,St. Bonaventure,REG (Conf),W 65-57,,12,0,0,,0,0,,0,0,,,0,0,,0,3,3,2,0,1,1,0,0,2.0,Kailah Harris,https://www.sports-reference.com/cbb/players/kailah-harris-1.html,fordham,2023-24
8,48,15,2024-01-06,Fordham,@,La Salle,REG (Conf),L 53-64,,1,0,0,,0,0,,0,0,,,0,0,,0,0,0,0,0,0,0,0,0,0.0,Kailah Harris,https://www.sports-reference.com/cbb/players/kailah-harris-1.html,fordham,2023-24
9,49,16,2024-01-10,Fordham,@,VCU,REG (Conf),L 54-57,*,15,2,2,1.000,0,0,,2,2,1.000,1.000,0,0,,0,5,5,1,1,0,3,3,4,2.4,Kailah Harris,https://www.sports-reference.com/cbb/players/kailah-harris-1.html,fordham,2023-24
10,50,17,2024-01-14,Fordham,,Davidson,REG (Conf),L 48-66,*,22,4,6,.667,0,0,,4,6,.667,.667,0,0,,4,3,7,0,1,0,0,2,8,9.3,Kailah Harris,https://www.sports-reference.com/cbb/players/kailah-harris-1.html,fordham,2023-24
11,51,18,2024-01-17,Fordham,@,Rhode Island,REG (Conf),L 44-55,*,15,1,4,.250,0,0,,1,4,.250,.250,0,0,,4,2,6,0,1,0,1,4,2,1.4,Kailah Harris,https://www.sports-reference.com/cbb/players/kailah-harris-1.html,fordham,2023-24
12,52,19,2024-01-24,Fordham,,Loyola Chicago,REG (Conf),L 64-73,,18,4,4,1.000,0,0,,4,4,1.000,1.000,4,4,1.000,2,3,5,0,0,1,3,1,12,10.4,Kailah Harris,https://www.sports-reference.com/cbb/players/kailah-harris-1.html,fordham,2023-24
13,53,20,2024-01-27,Fordham,,George Washington,REG (Conf),W 60-55,,18,2,4,.500,0,0,,2,4,.500,.500,3,3,1.000,4,5,9,1,0,0,1,1,7,8.6,Kailah Harris,https://www.sports-reference.com/cbb/players/kailah-harris-1.html,fordham,2023-24
14,54,21,2024-01-31,Fordham,@,George Mason,REG (Conf),L 47-54,,7,0,1,.000,0,0,,0,1,.000,.000,2,2,1.000,1,2,3,0,1,0,0,2,2,2.8,Kailah Harris,https://www.sports-reference.com/cbb/players/kailah-harris-1.html,fordham,2023-24
15,55,22,2024-02-03,Fordham,@,Richmond,REG (Conf),L 60-79,,5,0,0,,0,0,,0,0,,,0,0,,1,1,2,0,0,0,1,1,0,-0.4,Kailah Harris,https://www.sports-reference.com/cbb/players/kailah-harris-1.html,fordham,2023-24
16,56,23,2024-02-07,Fordham,,Dayton,REG (Conf),W 70-48,,2,0,0,,0,0,,0,0,,,0,0,,0,0,0,0,0,0,0,0,0,0.0,Kailah Harris,https://www.sports-reference.com/cbb/players/kailah-harris-1.html,fordham,2023-24
17,57,25,2024-02-18,Fordham,@,St. Bonaventure,REG (Conf),W 70-48,,12,0,0,,0,0,,0,0,,,1,2,.500,0,1,1,0,0,1,0,4,1,0.0,Kailah Harris,https://www.sports-reference.com/cbb/players/kailah-harris-1.html,fordham,2023-24
18,58,26,2024-02-21,Fordham,,Saint Louis,REG (Conf),W 79-64,,19,4,7,.571,0,0,,4,7,.571,.571,0,0,,2,4,6,2,0,0,2,2,8,5.9,Kailah Harris,https://www.sports-reference.com/cbb/players/kailah-harris-1.html,fordham,2023-24
19,59,28,2024-02-28,Fordham,@,Saint Joseph's,REG (Conf),W 62-57,,9,1,1,1.000,0,0,,1,1,1.000,1.000,0,0,,0,2,2,0,0,1,0,0,2,3.0,Kailah Harris,https://www.sports-reference.com/cbb/players/kailah-harris-1.html,fordham,2023-24
20,60,29,2024-03-02,Fordham,,La Salle,REG (Conf),L 83-93,,11,2,3,.667,0,0,,2,3,.667,.667,0,0,,0,1,1,0,0,0,2,1,4,0.6,Kailah Harris,https://www.sports-reference.com/cbb/players/kailah-harris-1.html,fordham,2023-24
21,61,30,2024-03-07,Fordham,N,Loyola Chicago,CTOURN,L 52-53,,4,0,0,,0,0,,0,0,,,0,0,,0,0,0,0,0,0,0,0,0,0.0,Kailah Harris,https://www.sports-reference.com/cbb/players/kailah-harris-1.html,fordham,2023-24
