ranker,player_game_num_career,team_game_num_season,date,team_name_abbr,game_location,opp_name_abbr,game_type,game_result,is_starter,mp,fg,fga,fg_pct,fg3,fg3a,fg3_pct,fg2,fg2a,fg2_pct,efg_pct,ft,fta,ft_pct,orb,drb,trb,ast,stl,blk,tov,pf,pts,game_score,player_name,player_sr_link,school,season
1,32,1,2018-11-06,Montana State,,Carroll (MT),REG (Non-Conf),W 64-48,,4,0,1,.000,0,1,.000,0,0,,.000,0,0,,0,0,0,1,0,0,1,0,0,-1.0,Ashley Van Sickle,https://www.sports-reference.com/cbb/players/ashley-van-sickle-1.html,montana-state,2018-19
2,33,8,2018-12-08,Montana State,@,TCU,REG (Non-Conf),L 49-71,,3,0,2,.000,0,2,.000,0,0,,.000,0,0,,0,0,0,0,0,0,0,0,0,-1.4,Ashley Van Sickle,https://www.sports-reference.com/cbb/players/ashley-van-sickle-1.html,montana-state,2018-19
3,34,10,2018-12-18,Montana State,,South Dakota State,REG (Non-Conf),L 67-88,,2,0,0,,0,0,,0,0,,,2,2,1.000,0,0,0,1,0,0,0,0,2,2.7,Ashley Van Sickle,https://www.sports-reference.com/cbb/players/ashley-van-sickle-1.html,montana-state,2018-19
4,35,13,2019-01-03,Montana State,@,Portland State,REG (Conf),L 53-55,,2,0,1,.000,0,0,,0,1,.000,.000,0,0,,0,0,0,0,0,0,0,0,0,-0.7,Ashley Van Sickle,https://www.sports-reference.com/cbb/players/ashley-van-sickle-1.html,montana-state,2018-19
5,36,14,2019-01-05,Montana State,@,Sacramento State,REG (Conf),W 69-53,,1,0,0,,0,0,,0,0,,,0,0,,0,0,0,0,0,0,0,0,0,0.0,Ashley Van Sickle,https://www.sports-reference.com/cbb/players/ashley-van-sickle-1.html,montana-state,2018-19
6,37,15,2019-01-10,Montana State,,Idaho,REG (Conf),L 66-82,,0,0,0,,0,0,,0,0,,,0,0,,0,0,0,0,0,0,0,0,0,0.0,Ashley Van Sickle,https://www.sports-reference.com/cbb/players/ashley-van-sickle-1.html,montana-state,2018-19
7,38,16,2019-01-14,Montana State,@,Northern Colorado,REG (Conf),W 79-66,,7,0,1,.000,0,1,.000,0,0,,.000,0,0,,0,0,0,1,0,0,0,0,0,0.0,Ashley Van Sickle,https://www.sports-reference.com/cbb/players/ashley-van-sickle-1.html,montana-state,2018-19
8,39,17,2019-01-19,Montana State,,Eastern Washington,REG (Conf),L 87-89 (OT),,7,1,2,.500,1,2,.500,0,0,,.750,0,0,,0,0,0,0,0,0,0,1,3,1.6,Ashley Van Sickle,https://www.sports-reference.com/cbb/players/ashley-van-sickle-1.html,montana-state,2018-19
9,40,18,2019-01-24,Montana State,@,Weber State,REG (Conf),W 66-59,,11,0,2,.000,0,1,.000,0,1,.000,.000,0,0,,0,3,3,1,0,0,1,1,0,-1.2,Ashley Van Sickle,https://www.sports-reference.com/cbb/players/ashley-van-sickle-1.html,montana-state,2018-19
10,41,19,2019-01-26,Montana State,@,Idaho State,REG (Conf),L 43-61,,8,1,3,.333,1,3,.333,0,0,,.500,0,0,,0,0,0,0,0,0,0,0,3,1.3,Ashley Van Sickle,https://www.sports-reference.com/cbb/players/ashley-van-sickle-1.html,montana-state,2018-19
11,42,20,2019-02-02,Montana State,,Montana,REG (Conf),W 74-52,,21,0,2,.000,0,2,.000,0,0,,.000,0,0,,1,1,2,2,0,0,0,1,0,0.6,Ashley Van Sickle,https://www.sports-reference.com/cbb/players/ashley-van-sickle-1.html,montana-state,2018-19
12,43,21,2019-02-04,Montana State,,Northern Colorado,REG (Conf),L 73-84,,12,1,2,.500,0,1,.000,1,1,1.000,.500,2,2,1.000,0,2,2,0,0,0,3,2,4,-0.2,Ashley Van Sickle,https://www.sports-reference.com/cbb/players/ashley-van-sickle-1.html,montana-state,2018-19
13,44,22,2019-02-07,Montana State,@,Eastern Washington,REG (Conf),W 61-47,,5,0,1,.000,0,1,.000,0,0,,.000,0,0,,0,0,0,1,0,0,0,1,0,-0.4,Ashley Van Sickle,https://www.sports-reference.com/cbb/players/ashley-van-sickle-1.html,montana-state,2018-19
14,45,23,2019-02-09,Montana State,@,Idaho,REG (Conf),L 65-90,,14,1,3,.333,1,2,.500,0,1,.000,.500,0,0,,1,1,2,2,0,0,0,0,3,3.7,Ashley Van Sickle,https://www.sports-reference.com/cbb/players/ashley-van-sickle-1.html,montana-state,2018-19
15,46,24,2019-02-14,Montana State,,Idaho State,REG (Conf),L 49-62,,22,0,2,.000,0,1,.000,0,1,.000,.000,1,2,.500,0,2,2,1,0,0,1,1,1,-0.9,Ashley Van Sickle,https://www.sports-reference.com/cbb/players/ashley-van-sickle-1.html,montana-state,2018-19
16,47,25,2019-02-16,Montana State,,Weber State,REG (Conf),W 72-59,,8,1,1,1.000,1,1,1.000,0,0,,1.500,0,0,,0,1,1,2,0,0,1,1,3,3.0,Ashley Van Sickle,https://www.sports-reference.com/cbb/players/ashley-van-sickle-1.html,montana-state,2018-19
17,48,26,2019-02-23,Montana State,@,Montana,REG (Conf),W 75-71,,13,1,1,1.000,1,1,1.000,0,0,,1.500,0,0,,0,1,1,0,0,0,0,0,3,3.0,Ashley Van Sickle,https://www.sports-reference.com/cbb/players/ashley-van-sickle-1.html,montana-state,2018-19
18,49,27,2019-03-02,Montana State,@,Northern Arizona,REG (Conf),L 72-76,,14,1,3,.333,1,2,.500,0,1,.000,.500,0,0,,0,1,1,3,2,0,0,1,3,5.3,Ashley Van Sickle,https://www.sports-reference.com/cbb/players/ashley-van-sickle-1.html,montana-state,2018-19
19,50,28,2019-03-04,Montana State,@,Southern Utah,REG (Conf),W 70-55,,16,0,3,.000,0,2,.000,0,1,.000,.000,0,0,,0,0,0,0,0,0,1,1,0,-3.5,Ashley Van Sickle,https://www.sports-reference.com/cbb/players/ashley-van-sickle-1.html,montana-state,2018-19
20,51,29,2019-03-07,Montana State,,Sacramento State,REG (Conf),W 64-58,,12,0,0,,0,0,,0,0,,,0,0,,0,0,0,2,2,0,0,0,0,3.4,Ashley Van Sickle,https://www.sports-reference.com/cbb/players/ashley-van-sickle-1.html,montana-state,2018-19
21,52,30,2019-03-09,Montana State,,Portland State,REG (Conf),L 55-68,,15,2,5,.400,2,4,.500,0,1,.000,.600,2,2,1.000,0,0,0,1,0,0,2,1,8,3.6,Ashley Van Sickle,https://www.sports-reference.com/cbb/players/ashley-van-sickle-1.html,montana-state,2018-19
22,53,31,2019-03-12,Montana State,@,Portland State,CTOURN,L 56-68,,10,0,0,,0,0,,0,0,,,0,0,,0,1,1,1,0,0,2,0,0,-1.0,Ashley Van Sickle,https://www.sports-reference.com/cbb/players/ashley-van-sickle-1.html,montana-state,2018-19
