ranker,player_game_num_career,team_game_num_season,date,team_name_abbr,game_location,opp_name_abbr,game_type,game_result,is_starter,mp,fg,fga,fg_pct,fg3,fg3a,fg2,fg2a,fg2_pct,efg_pct,ft,fta,ft_pct,orb,drb,trb,ast,stl,blk,tov,pf,pts,game_score,player_name,player_sr_link,school,season
1,64,1,2018-11-06,Montana State,,Carroll (MT),REG (Non-Conf),W 64-48,,13,2,2,1.000,0,0,2,2,1.000,1.000,0,0,,1,1,2,1,1,1,0,0,4,6.8,Blaire Braxton,https://www.sports-reference.com/cbb/players/blaire-braxton-1.html,montana-state,2018-19
2,65,2,2018-11-09,Montana State,@,Marquette,REG (Non-Conf),L 52-100,,18,3,4,.750,0,0,3,4,.750,.750,1,4,.250,4,6,10,0,0,0,1,4,7,6.2,Blaire Braxton,https://www.sports-reference.com/cbb/players/blaire-braxton-1.html,montana-state,2018-19
3,66,3,2018-11-16,Montana State,@,Delaware,REG (Non-Conf),W 69-60,,16,0,2,.000,0,0,0,2,.000,.000,0,0,,2,3,5,0,0,0,2,1,0,-1.5,Blaire Braxton,https://www.sports-reference.com/cbb/players/blaire-braxton-1.html,montana-state,2018-19
4,67,4,2018-11-17,Montana State,@,Texas State,REG (Non-Conf),W 67-59,,20,0,1,.000,0,0,0,1,.000,.000,0,0,,3,6,9,1,0,1,1,2,0,2.8,Blaire Braxton,https://www.sports-reference.com/cbb/players/blaire-braxton-1.html,montana-state,2018-19
5,68,5,2018-11-27,Montana State,@,Wyoming,REG (Non-Conf),L 58-66,,18,3,4,.750,0,0,3,4,.750,.750,0,0,,2,2,4,0,1,2,1,3,6,6.6,Blaire Braxton,https://www.sports-reference.com/cbb/players/blaire-braxton-1.html,montana-state,2018-19
6,69,6,2018-11-30,Montana State,,Long Beach State,REG (Non-Conf),W 85-62,,17,5,5,1.000,0,0,5,5,1.000,1.000,5,5,1.000,4,4,8,2,0,0,1,1,15,17.5,Blaire Braxton,https://www.sports-reference.com/cbb/players/blaire-braxton-1.html,montana-state,2018-19
7,70,7,2018-12-06,Montana State,@,Stephen F. Austin,REG (Non-Conf),L 53-60,,21,2,2,1.000,0,0,2,2,1.000,1.000,2,2,1.000,1,3,4,0,0,1,2,4,6,4.1,Blaire Braxton,https://www.sports-reference.com/cbb/players/blaire-braxton-1.html,montana-state,2018-19
8,71,8,2018-12-08,Montana State,@,TCU,REG (Non-Conf),L 49-71,,20,1,2,.500,0,0,1,2,.500,.500,0,0,,0,3,3,1,0,2,1,2,2,2.2,Blaire Braxton,https://www.sports-reference.com/cbb/players/blaire-braxton-1.html,montana-state,2018-19
9,72,9,2018-12-16,Montana State,,Omaha,REG (Non-Conf),W 59-56,,18,2,4,.500,0,0,2,4,.500,.500,1,2,.500,6,2,8,1,1,1,0,2,5,9.0,Blaire Braxton,https://www.sports-reference.com/cbb/players/blaire-braxton-1.html,montana-state,2018-19
10,73,10,2018-12-18,Montana State,,South Dakota State,REG (Non-Conf),L 67-88,,17,2,3,.667,0,0,2,3,.667,.667,1,4,.250,3,1,4,1,0,0,1,2,5,3.8,Blaire Braxton,https://www.sports-reference.com/cbb/players/blaire-braxton-1.html,montana-state,2018-19
11,74,11,2018-12-29,Montana State,,Southern Utah,REG (Conf),W 69-64,,23,3,5,.600,0,0,3,5,.600,.600,3,4,.750,2,4,6,0,0,2,2,2,9,7.5,Blaire Braxton,https://www.sports-reference.com/cbb/players/blaire-braxton-1.html,montana-state,2018-19
12,75,12,2018-12-31,Montana State,,Northern Arizona,REG (Conf),W 80-70,,25,5,7,.714,0,0,5,7,.714,.714,3,6,.500,0,7,7,1,1,0,2,2,13,9.9,Blaire Braxton,https://www.sports-reference.com/cbb/players/blaire-braxton-1.html,montana-state,2018-19
13,76,13,2019-01-03,Montana State,@,Portland State,REG (Conf),L 53-55,,18,2,6,.333,0,0,2,6,.333,.333,1,2,.500,3,2,5,0,0,0,2,2,5,1.1,Blaire Braxton,https://www.sports-reference.com/cbb/players/blaire-braxton-1.html,montana-state,2018-19
14,77,14,2019-01-05,Montana State,@,Sacramento State,REG (Conf),W 69-53,,24,2,4,.500,0,0,2,4,.500,.500,0,0,,2,5,7,2,0,2,0,1,4,7.3,Blaire Braxton,https://www.sports-reference.com/cbb/players/blaire-braxton-1.html,montana-state,2018-19
15,78,15,2019-01-10,Montana State,,Idaho,REG (Conf),L 66-82,,19,7,11,.636,0,0,7,11,.636,.636,4,6,.667,4,4,8,0,0,1,1,1,18,15.6,Blaire Braxton,https://www.sports-reference.com/cbb/players/blaire-braxton-1.html,montana-state,2018-19
16,79,16,2019-01-14,Montana State,@,Northern Colorado,REG (Conf),W 79-66,*,19,0,3,.000,0,0,0,3,.000,.000,0,0,,0,4,4,2,0,0,2,3,0,-2.7,Blaire Braxton,https://www.sports-reference.com/cbb/players/blaire-braxton-1.html,montana-state,2018-19
17,80,17,2019-01-19,Montana State,,Eastern Washington,REG (Conf),L 87-89 (OT),,22,2,3,.667,0,0,2,3,.667,.667,0,0,,1,3,4,1,0,1,1,4,4,3.1,Blaire Braxton,https://www.sports-reference.com/cbb/players/blaire-braxton-1.html,montana-state,2018-19
18,81,18,2019-01-24,Montana State,@,Weber State,REG (Conf),W 66-59,,22,5,7,.714,0,0,5,7,.714,.714,3,4,.750,3,4,7,0,3,1,2,1,13,14.3,Blaire Braxton,https://www.sports-reference.com/cbb/players/blaire-braxton-1.html,montana-state,2018-19
19,82,19,2019-01-26,Montana State,@,Idaho State,REG (Conf),L 43-61,*,21,1,3,.333,0,0,1,3,.333,.333,2,4,.500,3,2,5,0,3,2,3,2,4,4.8,Blaire Braxton,https://www.sports-reference.com/cbb/players/blaire-braxton-1.html,montana-state,2018-19
20,83,20,2019-02-02,Montana State,,Montana,REG (Conf),W 74-52,*,21,6,7,.857,0,0,6,7,.857,.857,1,2,.500,0,6,6,2,0,1,1,1,13,12.6,Blaire Braxton,https://www.sports-reference.com/cbb/players/blaire-braxton-1.html,montana-state,2018-19
21,84,21,2019-02-04,Montana State,,Northern Colorado,REG (Conf),L 73-84,*,24,4,8,.500,0,0,4,8,.500,.500,1,2,.500,2,5,7,1,1,1,1,1,9,8.5,Blaire Braxton,https://www.sports-reference.com/cbb/players/blaire-braxton-1.html,montana-state,2018-19
22,85,22,2019-02-07,Montana State,@,Eastern Washington,REG (Conf),W 61-47,*,23,1,7,.143,0,0,1,7,.143,.143,2,2,1.000,4,9,13,0,0,3,3,2,4,3.3,Blaire Braxton,https://www.sports-reference.com/cbb/players/blaire-braxton-1.html,montana-state,2018-19
23,86,23,2019-02-09,Montana State,@,Idaho,REG (Conf),L 65-90,*,21,4,7,.571,0,0,4,7,.571,.571,2,2,1.000,1,3,4,3,3,1,0,2,10,13.3,Blaire Braxton,https://www.sports-reference.com/cbb/players/blaire-braxton-1.html,montana-state,2018-19
24,87,24,2019-02-14,Montana State,,Idaho State,REG (Conf),L 49-62,*,17,1,2,.500,0,0,1,2,.500,.500,0,0,,1,1,2,2,2,1,1,1,2,4.7,Blaire Braxton,https://www.sports-reference.com/cbb/players/blaire-braxton-1.html,montana-state,2018-19
25,88,25,2019-02-16,Montana State,,Weber State,REG (Conf),W 72-59,,19,4,5,.800,0,0,4,5,.800,.800,0,0,,0,4,4,1,1,0,1,2,8,7.2,Blaire Braxton,https://www.sports-reference.com/cbb/players/blaire-braxton-1.html,montana-state,2018-19
26,89,26,2019-02-23,Montana State,@,Montana,REG (Conf),W 75-71,,16,3,6,.500,0,0,3,6,.500,.500,1,1,1.000,4,2,6,0,1,0,0,1,7,8.0,Blaire Braxton,https://www.sports-reference.com/cbb/players/blaire-braxton-1.html,montana-state,2018-19
27,90,27,2019-03-02,Montana State,@,Northern Arizona,REG (Conf),L 72-76,,17,4,10,.400,0,0,4,10,.400,.400,1,2,.500,3,1,4,1,1,0,1,1,9,5.9,Blaire Braxton,https://www.sports-reference.com/cbb/players/blaire-braxton-1.html,montana-state,2018-19
28,91,28,2019-03-04,Montana State,@,Southern Utah,REG (Conf),W 70-55,,19,5,9,.556,0,0,5,9,.556,.556,0,0,,1,5,6,0,1,1,4,2,10,4.8,Blaire Braxton,https://www.sports-reference.com/cbb/players/blaire-braxton-1.html,montana-state,2018-19
29,92,29,2019-03-07,Montana State,,Sacramento State,REG (Conf),W 64-58,,19,4,7,.571,0,0,4,7,.571,.571,1,4,.250,2,3,5,1,2,0,1,2,9,7.7,Blaire Braxton,https://www.sports-reference.com/cbb/players/blaire-braxton-1.html,montana-state,2018-19
30,93,30,2019-03-09,Montana State,,Portland State,REG (Conf),L 55-68,,24,5,9,.556,0,0,5,9,.556,.556,1,2,.500,4,3,7,0,0,0,0,1,11,9.6,Blaire Braxton,https://www.sports-reference.com/cbb/players/blaire-braxton-1.html,montana-state,2018-19
31,94,31,2019-03-12,Montana State,@,Portland State,CTOURN,L 56-68,,21,3,8,.375,0,0,3,8,.375,.375,0,0,,2,3,5,2,2,2,4,2,6,3.9,Blaire Braxton,https://www.sports-reference.com/cbb/players/blaire-braxton-1.html,montana-state,2018-19
