ranker,player_game_num_career,team_game_num_season,date,team_name_abbr,game_location,opp_name_abbr,game_type,game_result,is_starter,mp,fg,fga,fg_pct,fg3,fg3a,fg3_pct,fg2,fg2a,fg2_pct,efg_pct,ft,fta,ft_pct,orb,drb,trb,ast,stl,blk,tov,pf,pts,game_score,player_name,player_sr_link,school,season
1,1,6,2018-11-30,Montana State,,Long Beach State,REG (Non-Conf),W 85-62,,5,0,0,,0,0,,0,0,,,0,0,,2,0,2,1,0,1,3,3,0,-1.4,Brynley Fitzgerald,https://www.sports-reference.com/cbb/players/brynley-fitzgerald-1.html,montana-state,2018-19
2,2,8,2018-12-08,Montana State,@,TCU,REG (Non-Conf),L 49-71,,3,0,0,,0,0,,0,0,,,0,0,,0,0,0,0,0,0,0,0,0,0.0,Brynley Fitzgerald,https://www.sports-reference.com/cbb/players/brynley-fitzgerald-1.html,montana-state,2018-19
3,3,14,2019-01-05,Montana State,@,Sacramento State,REG (Conf),W 69-53,,1,0,0,,0,0,,0,0,,,0,0,,0,0,0,0,0,0,0,0,0,0.0,Brynley Fitzgerald,https://www.sports-reference.com/cbb/players/brynley-fitzgerald-1.html,montana-state,2018-19
4,4,15,2019-01-10,Montana State,,Idaho,REG (Conf),L 66-82,,0,0,0,,0,0,,0,0,,,0,0,,0,0,0,0,0,0,0,0,0,0.0,Brynley Fitzgerald,https://www.sports-reference.com/cbb/players/brynley-fitzgerald-1.html,montana-state,2018-19
5,5,16,2019-01-14,Montana State,@,Northern Colorado,REG (Conf),W 79-66,,0,0,0,,0,0,,0,0,,,0,0,,0,0,0,0,0,0,0,0,0,0.0,Brynley Fitzgerald,https://www.sports-reference.com/cbb/players/brynley-fitzgerald-1.html,montana-state,2018-19
6,6,18,2019-01-24,Montana State,@,Weber State,REG (Conf),W 66-59,,0,0,0,,0,0,,0,0,,,0,0,,0,0,0,0,0,0,0,0,0,0.0,Brynley Fitzgerald,https://www.sports-reference.com/cbb/players/brynley-fitzgerald-1.html,montana-state,2018-19
7,7,19,2019-01-26,Montana State,@,Idaho State,REG (Conf),L 43-61,,2,0,0,,0,0,,0,0,,,0,0,,0,0,0,0,1,0,0,1,0,0.6,Brynley Fitzgerald,https://www.sports-reference.com/cbb/players/brynley-fitzgerald-1.html,montana-state,2018-19
8,8,20,2019-02-02,Montana State,,Montana,REG (Conf),W 74-52,,1,0,1,.000,0,0,,0,1,.000,.000,0,0,,0,0,0,0,0,0,0,0,0,-0.7,Brynley Fitzgerald,https://www.sports-reference.com/cbb/players/brynley-fitzgerald-1.html,montana-state,2018-19
9,9,21,2019-02-04,Montana State,,Northern Colorado,REG (Conf),L 73-84,,6,1,2,.500,1,2,.500,0,0,,.750,3,4,.750,0,1,1,0,1,0,0,0,6,5.9,Brynley Fitzgerald,https://www.sports-reference.com/cbb/players/brynley-fitzgerald-1.html,montana-state,2018-19
10,10,23,2019-02-09,Montana State,@,Idaho,REG (Conf),L 65-90,,14,1,2,.500,0,1,.000,1,1,1.000,.500,0,0,,0,1,1,0,0,0,0,2,2,0.5,Brynley Fitzgerald,https://www.sports-reference.com/cbb/players/brynley-fitzgerald-1.html,montana-state,2018-19
11,11,24,2019-02-14,Montana State,,Idaho State,REG (Conf),L 49-62,,7,0,0,,0,0,,0,0,,,0,0,,1,0,1,0,0,0,0,2,0,-0.1,Brynley Fitzgerald,https://www.sports-reference.com/cbb/players/brynley-fitzgerald-1.html,montana-state,2018-19
12,12,25,2019-02-16,Montana State,,Weber State,REG (Conf),W 72-59,,8,0,1,.000,0,1,.000,0,0,,.000,0,0,,0,1,1,0,0,0,1,1,0,-1.8,Brynley Fitzgerald,https://www.sports-reference.com/cbb/players/brynley-fitzgerald-1.html,montana-state,2018-19
13,13,28,2019-03-04,Montana State,@,Southern Utah,REG (Conf),W 70-55,,6,0,1,.000,0,0,,0,1,.000,.000,2,2,1.000,2,1,3,0,0,0,1,0,2,2.0,Brynley Fitzgerald,https://www.sports-reference.com/cbb/players/brynley-fitzgerald-1.html,montana-state,2018-19
14,14,30,2019-03-09,Montana State,,Portland State,REG (Conf),L 55-68,,8,0,1,.000,0,0,,0,1,.000,.000,0,0,,0,0,0,1,0,0,1,1,0,-1.4,Brynley Fitzgerald,https://www.sports-reference.com/cbb/players/brynley-fitzgerald-1.html,montana-state,2018-19
