ranker,player_game_num_career,team_game_num_season,date,team_name_abbr,game_location,opp_name_abbr,game_type,game_result,is_starter,mp,fg,fga,fg_pct,fg3,fg3a,fg3_pct,fg2,fg2a,fg2_pct,efg_pct,ft,fta,ft_pct,orb,drb,trb,ast,stl,blk,tov,pf,pts,game_score,player_name,player_sr_link,school,season
1,81,1,2018-11-06,Montana State,,Carroll (MT),REG (Non-Conf),W 64-48,*,36,11,14,.786,2,3,.667,9,11,.818,.857,1,1,1.000,0,1,1,2,2,1,2,0,25,22.0,Claire Lundberg,https://www.sports-reference.com/cbb/players/claire-lundberg-1.html,montana-state,2018-19
2,82,2,2018-11-09,Montana State,@,Marquette,REG (Non-Conf),L 52-100,*,34,3,15,.200,0,5,.000,3,10,.300,.200,4,4,1.000,2,1,3,2,1,0,3,3,10,0.6,Claire Lundberg,https://www.sports-reference.com/cbb/players/claire-lundberg-1.html,montana-state,2018-19
3,83,3,2018-11-16,Montana State,@,Delaware,REG (Non-Conf),W 69-60,*,32,8,13,.615,1,2,.500,7,11,.636,.654,11,11,1.000,1,5,6,0,2,0,6,4,28,18.7,Claire Lundberg,https://www.sports-reference.com/cbb/players/claire-lundberg-1.html,montana-state,2018-19
4,84,4,2018-11-17,Montana State,@,Texas State,REG (Non-Conf),W 67-59,*,30,8,8,1.000,4,4,1.000,4,4,1.000,1.250,6,6,1.000,0,6,6,0,1,0,4,4,26,20.8,Claire Lundberg,https://www.sports-reference.com/cbb/players/claire-lundberg-1.html,montana-state,2018-19
5,85,5,2018-11-27,Montana State,@,Wyoming,REG (Non-Conf),L 58-66,*,29,4,10,.400,2,5,.400,2,5,.400,.500,3,6,.500,1,3,4,0,0,0,5,4,13,1.4,Claire Lundberg,https://www.sports-reference.com/cbb/players/claire-lundberg-1.html,montana-state,2018-19
6,86,6,2018-11-30,Montana State,,Long Beach State,REG (Non-Conf),W 85-62,*,27,5,12,.417,2,6,.333,3,6,.500,.500,0,0,,0,2,2,0,0,0,1,1,12,4.8,Claire Lundberg,https://www.sports-reference.com/cbb/players/claire-lundberg-1.html,montana-state,2018-19
7,87,7,2018-12-06,Montana State,@,Stephen F. Austin,REG (Non-Conf),L 53-60,*,24,8,12,.667,2,4,.500,6,8,.750,.750,0,0,,1,4,5,1,2,0,1,5,18,14.4,Claire Lundberg,https://www.sports-reference.com/cbb/players/claire-lundberg-1.html,montana-state,2018-19
8,88,8,2018-12-08,Montana State,@,TCU,REG (Non-Conf),L 49-71,*,32,7,16,.438,1,5,.200,6,11,.545,.469,1,2,.500,1,1,2,0,1,0,3,2,16,5.4,Claire Lundberg,https://www.sports-reference.com/cbb/players/claire-lundberg-1.html,montana-state,2018-19
9,89,9,2018-12-16,Montana State,,Omaha,REG (Non-Conf),W 59-56,*,34,4,19,.211,2,9,.222,2,10,.200,.263,2,2,1.000,0,2,2,2,1,1,1,5,12,1.0,Claire Lundberg,https://www.sports-reference.com/cbb/players/claire-lundberg-1.html,montana-state,2018-19
10,90,10,2018-12-18,Montana State,,South Dakota State,REG (Non-Conf),L 67-88,*,34,9,14,.643,4,8,.500,5,6,.833,.786,2,2,1.000,1,2,3,1,2,0,2,1,24,19.4,Claire Lundberg,https://www.sports-reference.com/cbb/players/claire-lundberg-1.html,montana-state,2018-19
11,91,11,2018-12-29,Montana State,,Southern Utah,REG (Conf),W 69-64,*,39,6,18,.333,2,7,.286,4,11,.364,.389,2,2,1.000,4,5,9,2,1,1,2,2,16,10.4,Claire Lundberg,https://www.sports-reference.com/cbb/players/claire-lundberg-1.html,montana-state,2018-19
12,92,12,2018-12-31,Montana State,,Northern Arizona,REG (Conf),W 80-70,*,25,8,14,.571,4,6,.667,4,8,.500,.714,4,4,1.000,0,2,2,1,2,0,2,5,24,16.7,Claire Lundberg,https://www.sports-reference.com/cbb/players/claire-lundberg-1.html,montana-state,2018-19
13,93,13,2019-01-03,Montana State,@,Portland State,REG (Conf),L 53-55,*,24,6,14,.429,4,8,.500,2,6,.333,.571,0,0,,1,1,2,1,1,0,1,3,16,9.1,Claire Lundberg,https://www.sports-reference.com/cbb/players/claire-lundberg-1.html,montana-state,2018-19
14,94,14,2019-01-05,Montana State,@,Sacramento State,REG (Conf),W 69-53,*,34,8,14,.571,5,9,.556,3,5,.600,.750,4,6,.667,2,4,6,1,2,1,2,1,25,21.2,Claire Lundberg,https://www.sports-reference.com/cbb/players/claire-lundberg-1.html,montana-state,2018-19
15,95,15,2019-01-10,Montana State,,Idaho,REG (Conf),L 66-82,*,33,4,14,.286,1,5,.200,3,9,.333,.321,0,0,,1,3,4,0,0,2,3,0,9,0.8,Claire Lundberg,https://www.sports-reference.com/cbb/players/claire-lundberg-1.html,montana-state,2018-19
16,96,16,2019-01-14,Montana State,@,Northern Colorado,REG (Conf),W 79-66,*,32,2,9,.222,2,6,.333,0,3,.000,.333,4,4,1.000,0,5,5,2,2,0,2,0,10,7.4,Claire Lundberg,https://www.sports-reference.com/cbb/players/claire-lundberg-1.html,montana-state,2018-19
17,97,17,2019-01-19,Montana State,,Eastern Washington,REG (Conf),L 87-89 (OT),*,38,7,20,.350,4,10,.400,3,10,.300,.450,1,2,.500,1,1,2,1,1,0,2,2,19,7.3,Claire Lundberg,https://www.sports-reference.com/cbb/players/claire-lundberg-1.html,montana-state,2018-19
18,98,18,2019-01-24,Montana State,@,Weber State,REG (Conf),W 66-59,*,29,7,16,.438,5,9,.556,2,7,.286,.594,4,4,1.000,1,2,3,1,0,0,2,2,23,13.8,Claire Lundberg,https://www.sports-reference.com/cbb/players/claire-lundberg-1.html,montana-state,2018-19
19,99,19,2019-01-26,Montana State,@,Idaho State,REG (Conf),L 43-61,*,29,1,11,.091,1,7,.143,0,4,.000,.136,5,6,.833,1,0,1,0,2,0,2,3,8,-0.2,Claire Lundberg,https://www.sports-reference.com/cbb/players/claire-lundberg-1.html,montana-state,2018-19
20,100,20,2019-02-02,Montana State,,Montana,REG (Conf),W 74-52,*,35,3,13,.231,1,7,.143,2,6,.333,.269,2,2,1.000,1,6,7,2,0,0,0,0,9,5.0,Claire Lundberg,https://www.sports-reference.com/cbb/players/claire-lundberg-1.html,montana-state,2018-19
21,101,21,2019-02-04,Montana State,,Northern Colorado,REG (Conf),L 73-84,*,22,4,8,.500,2,4,.500,2,4,.500,.625,3,4,.750,0,1,1,2,0,0,1,0,13,9.3,Claire Lundberg,https://www.sports-reference.com/cbb/players/claire-lundberg-1.html,montana-state,2018-19
