ranker,player_game_num_career,team_game_num_season,date,team_name_abbr,game_location,opp_name_abbr,game_type,game_result,is_starter,mp,fg,fga,fg_pct,fg3,fg3a,fg3_pct,fg2,fg2a,fg2_pct,efg_pct,ft,fta,ft_pct,orb,drb,trb,ast,stl,blk,tov,pf,pts,game_score,player_name,player_sr_link,school,season
1,1,1,2018-11-06,Montana State,,Carroll (MT),REG (Non-Conf),W 64-48,,15,0,0,,0,0,,0,0,,,0,0,,1,0,1,1,0,0,2,1,0,-1.0,Gabby Mocchi,https://www.sports-reference.com/cbb/players/gabby-mocchi-1.html,montana-state,2018-19
2,2,2,2018-11-09,Montana State,@,Marquette,REG (Non-Conf),L 52-100,,10,0,2,.000,0,2,.000,0,0,,.000,0,0,,0,0,0,1,0,0,0,0,0,-0.7,Gabby Mocchi,https://www.sports-reference.com/cbb/players/gabby-mocchi-1.html,montana-state,2018-19
3,3,3,2018-11-16,Montana State,@,Delaware,REG (Non-Conf),W 69-60,,14,0,1,.000,0,1,.000,0,0,,.000,0,0,,0,0,0,0,1,0,0,1,0,-0.1,Gabby Mocchi,https://www.sports-reference.com/cbb/players/gabby-mocchi-1.html,montana-state,2018-19
4,4,4,2018-11-17,Montana State,@,Texas State,REG (Non-Conf),W 67-59,,17,0,1,.000,0,0,,0,1,.000,.000,2,2,1.000,0,4,4,0,0,0,1,3,2,0.3,Gabby Mocchi,https://www.sports-reference.com/cbb/players/gabby-mocchi-1.html,montana-state,2018-19
5,5,5,2018-11-27,Montana State,@,Wyoming,REG (Non-Conf),L 58-66,,18,3,5,.600,2,4,.500,1,1,1.000,.800,0,0,,1,2,3,0,0,0,0,3,8,5.8,Gabby Mocchi,https://www.sports-reference.com/cbb/players/gabby-mocchi-1.html,montana-state,2018-19
6,6,6,2018-11-30,Montana State,,Long Beach State,REG (Non-Conf),W 85-62,,17,1,4,.250,0,1,.000,1,3,.333,.250,1,2,.500,2,5,7,2,0,0,1,4,3,1.9,Gabby Mocchi,https://www.sports-reference.com/cbb/players/gabby-mocchi-1.html,montana-state,2018-19
7,7,7,2018-12-06,Montana State,@,Stephen F. Austin,REG (Non-Conf),L 53-60,,19,0,3,.000,0,2,.000,0,1,.000,.000,0,0,,0,1,1,0,1,0,1,2,0,-2.6,Gabby Mocchi,https://www.sports-reference.com/cbb/players/gabby-mocchi-1.html,montana-state,2018-19
8,8,8,2018-12-08,Montana State,@,TCU,REG (Non-Conf),L 49-71,,10,1,4,.250,0,2,.000,1,2,.500,.250,0,0,,0,2,2,0,1,0,0,2,2,0.4,Gabby Mocchi,https://www.sports-reference.com/cbb/players/gabby-mocchi-1.html,montana-state,2018-19
9,9,9,2018-12-16,Montana State,,Omaha,REG (Non-Conf),W 59-56,,13,1,3,.333,0,1,.000,1,2,.500,.333,1,2,.500,0,0,0,1,1,0,1,2,3,0.8,Gabby Mocchi,https://www.sports-reference.com/cbb/players/gabby-mocchi-1.html,montana-state,2018-19
10,10,10,2018-12-18,Montana State,,South Dakota State,REG (Non-Conf),L 67-88,,13,1,1,1.000,1,1,1.000,0,0,,1.500,0,0,,0,1,1,1,0,0,1,1,3,2.3,Gabby Mocchi,https://www.sports-reference.com/cbb/players/gabby-mocchi-1.html,montana-state,2018-19
11,11,11,2018-12-29,Montana State,,Southern Utah,REG (Conf),W 69-64,,9,0,1,.000,0,1,.000,0,0,,.000,0,0,,0,0,0,0,0,0,0,0,0,-0.7,Gabby Mocchi,https://www.sports-reference.com/cbb/players/gabby-mocchi-1.html,montana-state,2018-19
12,12,12,2018-12-31,Montana State,,Northern Arizona,REG (Conf),W 80-70,,10,1,3,.333,1,2,.500,0,1,.000,.500,0,0,,0,0,0,0,0,0,0,0,3,1.3,Gabby Mocchi,https://www.sports-reference.com/cbb/players/gabby-mocchi-1.html,montana-state,2018-19
13,13,13,2019-01-03,Montana State,@,Portland State,REG (Conf),L 53-55,,18,2,6,.333,0,1,.000,2,5,.400,.333,0,0,,3,4,7,2,0,0,5,1,4,-0.1,Gabby Mocchi,https://www.sports-reference.com/cbb/players/gabby-mocchi-1.html,montana-state,2018-19
14,14,14,2019-01-05,Montana State,@,Sacramento State,REG (Conf),W 69-53,,7,0,1,.000,0,1,.000,0,0,,.000,0,0,,0,2,2,0,0,0,0,0,0,-0.1,Gabby Mocchi,https://www.sports-reference.com/cbb/players/gabby-mocchi-1.html,montana-state,2018-19
15,15,15,2019-01-10,Montana State,,Idaho,REG (Conf),L 66-82,,4,0,1,.000,0,1,.000,0,0,,.000,0,0,,0,0,0,0,0,0,0,0,0,-0.7,Gabby Mocchi,https://www.sports-reference.com/cbb/players/gabby-mocchi-1.html,montana-state,2018-19
16,16,16,2019-01-14,Montana State,@,Northern Colorado,REG (Conf),W 79-66,,13,2,3,.667,2,3,.667,0,0,,1.000,0,0,,0,1,1,2,1,0,1,1,6,6.0,Gabby Mocchi,https://www.sports-reference.com/cbb/players/gabby-mocchi-1.html,montana-state,2018-19
17,17,17,2019-01-19,Montana State,,Eastern Washington,REG (Conf),L 87-89 (OT),,9,0,1,.000,0,1,.000,0,0,,.000,4,6,.667,0,1,1,1,1,0,0,1,4,4.1,Gabby Mocchi,https://www.sports-reference.com/cbb/players/gabby-mocchi-1.html,montana-state,2018-19
18,18,18,2019-01-24,Montana State,@,Weber State,REG (Conf),W 66-59,,18,1,5,.200,1,5,.200,0,0,,.300,2,2,1.000,0,0,0,0,0,0,0,2,5,1.1,Gabby Mocchi,https://www.sports-reference.com/cbb/players/gabby-mocchi-1.html,montana-state,2018-19
19,19,19,2019-01-26,Montana State,@,Idaho State,REG (Conf),L 43-61,,13,0,1,.000,0,1,.000,0,0,,.000,0,0,,0,0,0,0,0,0,2,3,0,-3.9,Gabby Mocchi,https://www.sports-reference.com/cbb/players/gabby-mocchi-1.html,montana-state,2018-19
20,20,20,2019-02-02,Montana State,,Montana,REG (Conf),W 74-52,,23,2,5,.400,2,4,.500,0,1,.000,.600,2,2,1.000,0,5,5,1,0,0,0,2,8,6.7,Gabby Mocchi,https://www.sports-reference.com/cbb/players/gabby-mocchi-1.html,montana-state,2018-19
21,21,21,2019-02-04,Montana State,,Northern Colorado,REG (Conf),L 73-84,,24,3,6,.500,3,5,.600,0,1,.000,.750,0,0,,2,3,5,0,2,0,1,1,9,8.9,Gabby Mocchi,https://www.sports-reference.com/cbb/players/gabby-mocchi-1.html,montana-state,2018-19
22,22,22,2019-02-07,Montana State,@,Eastern Washington,REG (Conf),W 61-47,,25,2,3,.667,1,1,1.000,1,2,.500,.833,0,0,,0,1,1,0,0,0,1,4,5,1.4,Gabby Mocchi,https://www.sports-reference.com/cbb/players/gabby-mocchi-1.html,montana-state,2018-19
23,23,23,2019-02-09,Montana State,@,Idaho,REG (Conf),L 65-90,,24,1,4,.250,0,2,.000,1,2,.500,.250,1,2,.500,0,3,3,0,1,0,0,0,3,2.1,Gabby Mocchi,https://www.sports-reference.com/cbb/players/gabby-mocchi-1.html,montana-state,2018-19
24,24,24,2019-02-14,Montana State,,Idaho State,REG (Conf),L 49-62,,15,1,2,.500,0,1,.000,1,1,1.000,.500,0,0,,0,0,0,0,0,0,0,0,2,1.0,Gabby Mocchi,https://www.sports-reference.com/cbb/players/gabby-mocchi-1.html,montana-state,2018-19
25,25,25,2019-02-16,Montana State,,Weber State,REG (Conf),W 72-59,,9,0,1,.000,0,1,.000,0,0,,.000,0,0,,1,0,1,0,0,0,1,0,0,-1.0,Gabby Mocchi,https://www.sports-reference.com/cbb/players/gabby-mocchi-1.html,montana-state,2018-19
26,26,26,2019-02-23,Montana State,@,Montana,REG (Conf),W 75-71,,19,3,7,.429,1,4,.250,2,3,.667,.500,2,2,1.000,0,1,1,1,0,0,1,1,9,4.9,Gabby Mocchi,https://www.sports-reference.com/cbb/players/gabby-mocchi-1.html,montana-state,2018-19
27,27,27,2019-03-02,Montana State,@,Northern Arizona,REG (Conf),L 72-76,,24,1,4,.250,1,2,.500,0,2,.000,.375,1,2,.500,0,2,2,1,0,1,1,2,4,1.4,Gabby Mocchi,https://www.sports-reference.com/cbb/players/gabby-mocchi-1.html,montana-state,2018-19
28,28,28,2019-03-04,Montana State,@,Southern Utah,REG (Conf),W 70-55,,21,3,5,.600,2,4,.500,1,1,1.000,.800,0,0,,1,3,4,1,0,1,1,2,8,6.9,Gabby Mocchi,https://www.sports-reference.com/cbb/players/gabby-mocchi-1.html,montana-state,2018-19
29,29,29,2019-03-07,Montana State,,Sacramento State,REG (Conf),W 64-58,,22,3,6,.500,3,5,.600,0,1,.000,.750,0,0,,1,0,1,1,0,0,1,0,9,6.4,Gabby Mocchi,https://www.sports-reference.com/cbb/players/gabby-mocchi-1.html,montana-state,2018-19
30,30,30,2019-03-09,Montana State,,Portland State,REG (Conf),L 55-68,*,27,4,9,.444,2,5,.400,2,4,.500,.556,1,1,1.000,0,0,0,2,1,1,1,3,11,7.2,Gabby Mocchi,https://www.sports-reference.com/cbb/players/gabby-mocchi-1.html,montana-state,2018-19
31,31,31,2019-03-12,Montana State,@,Portland State,CTOURN,L 56-68,,15,0,1,.000,0,1,.000,0,0,,.000,0,0,,0,1,1,0,0,0,0,4,0,-2.0,Gabby Mocchi,https://www.sports-reference.com/cbb/players/gabby-mocchi-1.html,montana-state,2018-19
