ranker,player_game_num_career,team_game_num_season,date,team_name_abbr,game_location,opp_name_abbr,game_type,game_result,is_starter,mp,fg,fga,fg_pct,fg3,fg3a,fg3_pct,fg2,fg2a,fg2_pct,efg_pct,ft,fta,ft_pct,orb,drb,trb,ast,stl,blk,tov,pf,pts,game_score,player_name,player_sr_link,school,season
1,1,1,2018-11-06,Montana State,,Carroll (MT),REG (Non-Conf),W 64-48,,10,0,1,.000,0,0,,0,1,.000,.000,0,0,,1,1,2,0,1,0,1,0,0,0.3,Kamden Hilborn,https://www.sports-reference.com/cbb/players/kamden-hilborn-1.html,montana-state,2018-19
2,2,2,2018-11-09,Montana State,@,Marquette,REG (Non-Conf),L 52-100,,19,0,5,.000,0,2,.000,0,3,.000,.000,0,0,,0,0,0,3,0,0,2,3,0,-4.6,Kamden Hilborn,https://www.sports-reference.com/cbb/players/kamden-hilborn-1.html,montana-state,2018-19
3,3,3,2018-11-16,Montana State,@,Delaware,REG (Non-Conf),W 69-60,,8,0,1,.000,0,0,,0,1,.000,.000,0,0,,0,2,2,0,1,0,2,1,0,-1.5,Kamden Hilborn,https://www.sports-reference.com/cbb/players/kamden-hilborn-1.html,montana-state,2018-19
4,4,4,2018-11-17,Montana State,@,Texas State,REG (Non-Conf),W 67-59,,22,0,3,.000,0,2,.000,0,1,.000,.000,1,2,.500,0,1,1,4,2,2,3,2,1,1.2,Kamden Hilborn,https://www.sports-reference.com/cbb/players/kamden-hilborn-1.html,montana-state,2018-19
5,5,5,2018-11-27,Montana State,@,Wyoming,REG (Non-Conf),L 58-66,,3,0,0,,0,0,,0,0,,,0,0,,0,0,0,0,0,0,0,0,0,0.0,Kamden Hilborn,https://www.sports-reference.com/cbb/players/kamden-hilborn-1.html,montana-state,2018-19
6,6,6,2018-11-30,Montana State,,Long Beach State,REG (Non-Conf),W 85-62,,10,1,1,1.000,0,0,,1,1,1.000,1.000,0,0,,0,0,0,0,0,0,1,2,2,-0.1,Kamden Hilborn,https://www.sports-reference.com/cbb/players/kamden-hilborn-1.html,montana-state,2018-19
7,7,8,2018-12-08,Montana State,@,TCU,REG (Non-Conf),L 49-71,,8,0,0,,0,0,,0,0,,,2,2,1.000,0,0,0,1,3,0,2,4,2,2.1,Kamden Hilborn,https://www.sports-reference.com/cbb/players/kamden-hilborn-1.html,montana-state,2018-19
8,8,9,2018-12-16,Montana State,,Omaha,REG (Non-Conf),W 59-56,,3,0,0,,0,0,,0,0,,,1,2,.500,0,0,0,0,1,0,0,0,1,1.6,Kamden Hilborn,https://www.sports-reference.com/cbb/players/kamden-hilborn-1.html,montana-state,2018-19
9,9,10,2018-12-18,Montana State,,South Dakota State,REG (Non-Conf),L 67-88,,14,1,1,1.000,0,0,,1,1,1.000,1.000,1,2,.500,0,0,0,1,0,0,2,1,3,0.6,Kamden Hilborn,https://www.sports-reference.com/cbb/players/kamden-hilborn-1.html,montana-state,2018-19
10,10,11,2018-12-29,Montana State,,Southern Utah,REG (Conf),W 69-64,,9,0,0,,0,0,,0,0,,,0,0,,0,1,1,2,1,0,0,1,0,2.3,Kamden Hilborn,https://www.sports-reference.com/cbb/players/kamden-hilborn-1.html,montana-state,2018-19
11,11,12,2018-12-31,Montana State,,Northern Arizona,REG (Conf),W 80-70,,19,0,4,.000,0,2,.000,0,2,.000,.000,0,0,,0,2,2,1,2,0,2,1,0,-1.9,Kamden Hilborn,https://www.sports-reference.com/cbb/players/kamden-hilborn-1.html,montana-state,2018-19
12,12,13,2019-01-03,Montana State,@,Portland State,REG (Conf),L 53-55,,23,2,6,.333,1,3,.333,1,3,.333,.417,3,4,.750,2,1,3,3,0,0,0,1,8,7.6,Kamden Hilborn,https://www.sports-reference.com/cbb/players/kamden-hilborn-1.html,montana-state,2018-19
13,13,14,2019-01-05,Montana State,@,Sacramento State,REG (Conf),W 69-53,,23,1,4,.250,1,3,.333,0,1,.000,.375,0,2,.000,1,2,3,3,0,0,1,0,3,2.2,Kamden Hilborn,https://www.sports-reference.com/cbb/players/kamden-hilborn-1.html,montana-state,2018-19
14,14,15,2019-01-10,Montana State,,Idaho,REG (Conf),L 66-82,,25,0,3,.000,0,2,.000,0,1,.000,.000,1,2,.500,0,3,3,4,0,0,0,4,1,0.6,Kamden Hilborn,https://www.sports-reference.com/cbb/players/kamden-hilborn-1.html,montana-state,2018-19
15,15,16,2019-01-14,Montana State,@,Northern Colorado,REG (Conf),W 79-66,,5,0,1,.000,0,1,.000,0,0,,.000,0,0,,1,0,1,0,0,0,0,2,0,-0.8,Kamden Hilborn,https://www.sports-reference.com/cbb/players/kamden-hilborn-1.html,montana-state,2018-19
16,16,18,2019-01-24,Montana State,@,Weber State,REG (Conf),W 66-59,,6,0,1,.000,0,1,.000,0,0,,.000,0,0,,1,2,3,1,0,0,2,0,0,-0.7,Kamden Hilborn,https://www.sports-reference.com/cbb/players/kamden-hilborn-1.html,montana-state,2018-19
17,17,19,2019-01-26,Montana State,@,Idaho State,REG (Conf),L 43-61,,5,0,1,.000,0,1,.000,0,0,,.000,0,0,,0,1,1,2,0,0,1,2,0,-0.8,Kamden Hilborn,https://www.sports-reference.com/cbb/players/kamden-hilborn-1.html,montana-state,2018-19
18,18,20,2019-02-02,Montana State,,Montana,REG (Conf),W 74-52,,1,0,0,,0,0,,0,0,,,0,0,,0,1,1,0,0,0,1,0,0,-0.7,Kamden Hilborn,https://www.sports-reference.com/cbb/players/kamden-hilborn-1.html,montana-state,2018-19
19,19,21,2019-02-04,Montana State,,Northern Colorado,REG (Conf),L 73-84,,10,0,0,,0,0,,0,0,,,0,0,,2,1,3,1,1,0,2,4,0,-0.2,Kamden Hilborn,https://www.sports-reference.com/cbb/players/kamden-hilborn-1.html,montana-state,2018-19
20,20,22,2019-02-07,Montana State,@,Eastern Washington,REG (Conf),W 61-47,,18,2,3,.667,1,2,.500,1,1,1.000,.833,0,0,,0,3,3,4,1,0,1,1,5,7.0,Kamden Hilborn,https://www.sports-reference.com/cbb/players/kamden-hilborn-1.html,montana-state,2018-19
21,21,23,2019-02-09,Montana State,@,Idaho,REG (Conf),L 65-90,,5,0,2,.000,0,1,.000,0,1,.000,.000,0,0,,0,1,1,1,0,0,1,1,0,-1.8,Kamden Hilborn,https://www.sports-reference.com/cbb/players/kamden-hilborn-1.html,montana-state,2018-19
22,22,24,2019-02-14,Montana State,,Idaho State,REG (Conf),L 49-62,,5,0,1,.000,0,0,,0,1,.000,.000,0,0,,0,0,0,0,0,0,1,2,0,-2.5,Kamden Hilborn,https://www.sports-reference.com/cbb/players/kamden-hilborn-1.html,montana-state,2018-19
23,23,25,2019-02-16,Montana State,,Weber State,REG (Conf),W 72-59,,8,0,0,,0,0,,0,0,,,0,0,,1,1,2,0,0,0,1,0,0,0.0,Kamden Hilborn,https://www.sports-reference.com/cbb/players/kamden-hilborn-1.html,montana-state,2018-19
24,24,28,2019-03-04,Montana State,@,Southern Utah,REG (Conf),W 70-55,,3,0,1,.000,0,0,,0,1,.000,.000,0,0,,1,0,1,0,0,0,0,1,0,-0.4,Kamden Hilborn,https://www.sports-reference.com/cbb/players/kamden-hilborn-1.html,montana-state,2018-19
25,25,29,2019-03-07,Montana State,,Sacramento State,REG (Conf),W 64-58,,2,0,0,,0,0,,0,0,,,0,0,,0,0,0,0,0,0,0,0,0,0.0,Kamden Hilborn,https://www.sports-reference.com/cbb/players/kamden-hilborn-1.html,montana-state,2018-19
26,26,30,2019-03-09,Montana State,,Portland State,REG (Conf),L 55-68,,8,1,2,.500,0,1,.000,1,1,1.000,.500,1,2,.500,0,0,0,1,0,1,0,0,3,3.0,Kamden Hilborn,https://www.sports-reference.com/cbb/players/kamden-hilborn-1.html,montana-state,2018-19
