ranker,player_game_num_career,team_game_num_season,date,team_name_abbr,game_location,opp_name_abbr,game_type,game_result,is_starter,mp,fg,fga,fg_pct,fg3,fg3a,fg3_pct,fg2,fg2a,fg2_pct,efg_pct,ft,fta,orb,drb,trb,ast,stl,blk,tov,pf,pts,game_score,player_name,player_sr_link,school,season
1,30,1,2018-11-06,Montana State,,Carroll (MT),REG (Non-Conf),W 64-48,,0,0,0,,0,0,,0,0,,,0,0,0,0,0,0,0,0,0,0,0,0.0,Madisyn Shaide,https://www.sports-reference.com/cbb/players/madisyn-shaide-1.html,montana-state,2018-19
2,31,2,2018-11-09,Montana State,@,Marquette,REG (Non-Conf),L 52-100,,15,2,7,.286,2,4,.500,0,3,.000,.429,0,0,0,0,0,1,0,0,0,1,6,2.2,Madisyn Shaide,https://www.sports-reference.com/cbb/players/madisyn-shaide-1.html,montana-state,2018-19
3,32,6,2018-11-30,Montana State,,Long Beach State,REG (Non-Conf),W 85-62,,4,0,1,.000,0,0,,0,1,.000,.000,0,0,0,0,0,1,0,0,2,3,0,-3.2,Madisyn Shaide,https://www.sports-reference.com/cbb/players/madisyn-shaide-1.html,montana-state,2018-19
4,33,8,2018-12-08,Montana State,@,TCU,REG (Non-Conf),L 49-71,,2,0,0,,0,0,,0,0,,,0,0,0,0,0,0,0,0,0,0,0,0.0,Madisyn Shaide,https://www.sports-reference.com/cbb/players/madisyn-shaide-1.html,montana-state,2018-19
5,34,10,2018-12-18,Montana State,,South Dakota State,REG (Non-Conf),L 67-88,,2,0,1,.000,0,1,.000,0,0,,.000,0,0,0,0,0,0,0,0,0,0,0,-0.7,Madisyn Shaide,https://www.sports-reference.com/cbb/players/madisyn-shaide-1.html,montana-state,2018-19
6,35,14,2019-01-05,Montana State,@,Sacramento State,REG (Conf),W 69-53,,1,0,0,,0,0,,0,0,,,0,0,0,0,0,0,0,0,0,0,0,0.0,Madisyn Shaide,https://www.sports-reference.com/cbb/players/madisyn-shaide-1.html,montana-state,2018-19
7,36,15,2019-01-10,Montana State,,Idaho,REG (Conf),L 66-82,,0,0,0,,0,0,,0,0,,,0,0,0,0,0,0,0,0,0,0,0,0.0,Madisyn Shaide,https://www.sports-reference.com/cbb/players/madisyn-shaide-1.html,montana-state,2018-19
8,37,16,2019-01-14,Montana State,@,Northern Colorado,REG (Conf),W 79-66,,0,0,0,,0,0,,0,0,,,0,0,0,0,0,0,0,0,0,0,0,0.0,Madisyn Shaide,https://www.sports-reference.com/cbb/players/madisyn-shaide-1.html,montana-state,2018-19
9,38,18,2019-01-24,Montana State,@,Weber State,REG (Conf),W 66-59,,0,0,0,,0,0,,0,0,,,0,0,0,0,0,0,0,0,0,0,0,0.0,Madisyn Shaide,https://www.sports-reference.com/cbb/players/madisyn-shaide-1.html,montana-state,2018-19
10,39,20,2019-02-02,Montana State,,Montana,REG (Conf),W 74-52,,1,0,0,,0,0,,0,0,,,0,0,0,0,0,0,0,0,0,0,0,0.0,Madisyn Shaide,https://www.sports-reference.com/cbb/players/madisyn-shaide-1.html,montana-state,2018-19
11,40,21,2019-02-04,Montana State,,Northern Colorado,REG (Conf),L 73-84,,1,0,0,,0,0,,0,0,,,0,0,0,1,1,1,0,0,0,0,0,1.0,Madisyn Shaide,https://www.sports-reference.com/cbb/players/madisyn-shaide-1.html,montana-state,2018-19
12,41,23,2019-02-09,Montana State,@,Idaho,REG (Conf),L 65-90,,2,0,0,,0,0,,0,0,,,0,0,0,0,0,0,0,0,0,0,0,0.0,Madisyn Shaide,https://www.sports-reference.com/cbb/players/madisyn-shaide-1.html,montana-state,2018-19
13,42,24,2019-02-14,Montana State,,Idaho State,REG (Conf),L 49-62,,2,0,0,,0,0,,0,0,,,0,0,0,1,1,0,0,0,0,0,0,0.3,Madisyn Shaide,https://www.sports-reference.com/cbb/players/madisyn-shaide-1.html,montana-state,2018-19
14,43,25,2019-02-16,Montana State,,Weber State,REG (Conf),W 72-59,,0,0,0,,0,0,,0,0,,,0,0,0,0,0,0,0,0,0,0,0,0.0,Madisyn Shaide,https://www.sports-reference.com/cbb/players/madisyn-shaide-1.html,montana-state,2018-19
15,44,28,2019-03-04,Montana State,@,Southern Utah,REG (Conf),W 70-55,,3,1,2,.500,0,1,.000,1,1,1.000,.500,0,0,1,0,1,0,0,0,0,0,2,1.7,Madisyn Shaide,https://www.sports-reference.com/cbb/players/madisyn-shaide-1.html,montana-state,2018-19
16,45,30,2019-03-09,Montana State,,Portland State,REG (Conf),L 55-68,,10,1,4,.250,0,2,.000,1,2,.500,.250,0,0,0,0,0,1,0,0,0,2,2,-0.5,Madisyn Shaide,https://www.sports-reference.com/cbb/players/madisyn-shaide-1.html,montana-state,2018-19
17,46,31,2019-03-12,Montana State,@,Portland State,CTOURN,L 56-68,,1,0,0,,0,0,,0,0,,,0,0,0,0,0,0,0,0,0,0,0,0.0,Madisyn Shaide,https://www.sports-reference.com/cbb/players/madisyn-shaide-1.html,montana-state,2018-19
