ranker,player_game_num_career,team_game_num_season,date,team_name_abbr,game_location,opp_name_abbr,game_type,game_result,is_starter,mp,fg,fga,fg_pct,fg3,fg3a,fg3_pct,fg2,fg2a,fg2_pct,efg_pct,ft,fta,ft_pct,orb,drb,trb,ast,stl,blk,tov,pf,pts,game_score,player_name,player_sr_link,school,season
1,38,1,2018-11-06,Montana State,,Carroll (MT),REG (Non-Conf),W 64-48,*,33,2,8,.250,1,3,.333,1,5,.200,.313,0,1,.000,1,6,7,1,1,1,1,1,5,3.3,Martha Kuderer,https://www.sports-reference.com/cbb/players/martha-kuderer-1.html,montana-state,2018-19
2,39,2,2018-11-09,Montana State,@,Marquette,REG (Non-Conf),L 52-100,*,27,0,3,.000,0,1,.000,0,2,.000,.000,5,6,.833,0,5,5,3,0,1,2,2,5,4.0,Martha Kuderer,https://www.sports-reference.com/cbb/players/martha-kuderer-1.html,montana-state,2018-19
3,40,3,2018-11-16,Montana State,@,Delaware,REG (Non-Conf),W 69-60,*,35,7,12,.583,1,3,.333,6,9,.667,.625,2,5,.400,3,7,10,3,2,0,5,4,17,11.9,Martha Kuderer,https://www.sports-reference.com/cbb/players/martha-kuderer-1.html,montana-state,2018-19
4,41,4,2018-11-17,Montana State,@,Texas State,REG (Non-Conf),W 67-59,*,37,8,12,.667,2,5,.400,6,7,.857,.750,3,7,.429,2,3,5,2,0,0,0,1,21,17.5,Martha Kuderer,https://www.sports-reference.com/cbb/players/martha-kuderer-1.html,montana-state,2018-19
5,42,5,2018-11-27,Montana State,@,Wyoming,REG (Non-Conf),L 58-66,*,31,3,4,.750,0,0,,3,4,.750,.750,1,2,.500,0,1,1,1,0,1,0,1,7,6.3,Martha Kuderer,https://www.sports-reference.com/cbb/players/martha-kuderer-1.html,montana-state,2018-19
6,43,6,2018-11-30,Montana State,,Long Beach State,REG (Non-Conf),W 85-62,*,32,4,10,.400,0,3,.000,4,7,.571,.400,4,6,.667,3,2,5,1,3,0,0,0,12,12.2,Martha Kuderer,https://www.sports-reference.com/cbb/players/martha-kuderer-1.html,montana-state,2018-19
7,44,7,2018-12-06,Montana State,@,Stephen F. Austin,REG (Non-Conf),L 53-60,*,37,3,10,.300,2,6,.333,1,4,.250,.400,0,0,,4,5,9,3,1,0,4,1,8,5.2,Martha Kuderer,https://www.sports-reference.com/cbb/players/martha-kuderer-1.html,montana-state,2018-19
8,45,8,2018-12-08,Montana State,@,TCU,REG (Non-Conf),L 49-71,*,35,3,7,.429,0,2,.000,3,5,.600,.429,3,4,.750,0,1,1,0,4,1,1,4,9,7.3,Martha Kuderer,https://www.sports-reference.com/cbb/players/martha-kuderer-1.html,montana-state,2018-19
9,46,9,2018-12-16,Montana State,,Omaha,REG (Non-Conf),W 59-56,*,32,2,5,.400,1,3,.333,1,2,.500,.500,0,0,,2,2,4,0,5,0,3,0,5,6.3,Martha Kuderer,https://www.sports-reference.com/cbb/players/martha-kuderer-1.html,montana-state,2018-19
10,47,10,2018-12-18,Montana State,,South Dakota State,REG (Non-Conf),L 67-88,*,28,1,6,.167,0,2,.000,1,4,.250,.167,4,4,1.000,2,0,2,2,0,0,3,3,6,0.8,Martha Kuderer,https://www.sports-reference.com/cbb/players/martha-kuderer-1.html,montana-state,2018-19
11,48,11,2018-12-29,Montana State,,Southern Utah,REG (Conf),W 69-64,*,28,4,9,.444,1,3,.333,3,6,.500,.500,6,7,.857,2,4,6,0,1,0,1,1,15,12.1,Martha Kuderer,https://www.sports-reference.com/cbb/players/martha-kuderer-1.html,montana-state,2018-19
12,49,12,2018-12-31,Montana State,,Northern Arizona,REG (Conf),W 80-70,*,36,4,10,.400,1,4,.250,3,6,.500,.450,3,3,1.000,5,3,8,2,3,1,2,3,12,12.9,Martha Kuderer,https://www.sports-reference.com/cbb/players/martha-kuderer-1.html,montana-state,2018-19
13,50,13,2019-01-03,Montana State,@,Portland State,REG (Conf),L 53-55,*,33,3,9,.333,1,6,.167,2,3,.667,.389,3,4,.750,2,4,6,2,2,0,1,3,10,8.3,Martha Kuderer,https://www.sports-reference.com/cbb/players/martha-kuderer-1.html,montana-state,2018-19
14,51,14,2019-01-05,Montana State,@,Sacramento State,REG (Conf),W 69-53,*,32,7,13,.538,2,3,.667,5,10,.500,.615,3,6,.500,4,2,6,1,2,0,3,1,19,14.2,Martha Kuderer,https://www.sports-reference.com/cbb/players/martha-kuderer-1.html,montana-state,2018-19
15,52,15,2019-01-10,Montana State,,Idaho,REG (Conf),L 66-82,*,33,0,4,.000,0,1,.000,0,3,.000,.000,0,0,,0,8,8,0,2,0,0,2,0,0.8,Martha Kuderer,https://www.sports-reference.com/cbb/players/martha-kuderer-1.html,montana-state,2018-19
16,53,16,2019-01-14,Montana State,@,Northern Colorado,REG (Conf),W 79-66,*,18,0,2,.000,0,0,,0,2,.000,.000,0,0,,0,2,2,1,2,0,4,1,0,-2.5,Martha Kuderer,https://www.sports-reference.com/cbb/players/martha-kuderer-1.html,montana-state,2018-19
17,54,17,2019-01-19,Montana State,,Eastern Washington,REG (Conf),L 87-89 (OT),*,36,4,10,.400,1,6,.167,3,4,.750,.450,6,6,1.000,2,4,6,1,1,0,0,2,15,13.1,Martha Kuderer,https://www.sports-reference.com/cbb/players/martha-kuderer-1.html,montana-state,2018-19
18,55,18,2019-01-24,Montana State,@,Weber State,REG (Conf),W 66-59,*,27,1,2,.500,1,2,.500,0,0,,.750,0,0,,2,5,7,3,3,0,2,4,3,6.4,Martha Kuderer,https://www.sports-reference.com/cbb/players/martha-kuderer-1.html,montana-state,2018-19
19,56,19,2019-01-26,Montana State,@,Idaho State,REG (Conf),L 43-61,*,34,5,11,.455,4,6,.667,1,5,.200,.636,4,4,1.000,1,2,3,1,3,0,4,2,18,12.5,Martha Kuderer,https://www.sports-reference.com/cbb/players/martha-kuderer-1.html,montana-state,2018-19
20,57,22,2019-02-07,Montana State,@,Eastern Washington,REG (Conf),W 61-47,*,31,4,11,.364,1,2,.500,3,9,.333,.409,7,7,1.000,1,1,2,2,2,1,1,0,16,14.0,Martha Kuderer,https://www.sports-reference.com/cbb/players/martha-kuderer-1.html,montana-state,2018-19
21,58,23,2019-02-09,Montana State,@,Idaho,REG (Conf),L 65-90,*,20,2,6,.333,2,3,.667,0,3,.000,.500,0,0,,1,1,2,0,0,0,0,3,6,2.4,Martha Kuderer,https://www.sports-reference.com/cbb/players/martha-kuderer-1.html,montana-state,2018-19
22,59,24,2019-02-14,Montana State,,Idaho State,REG (Conf),L 49-62,*,33,2,5,.400,0,1,.000,2,4,.500,.400,4,6,.667,0,7,7,2,3,1,4,0,8,7.7,Martha Kuderer,https://www.sports-reference.com/cbb/players/martha-kuderer-1.html,montana-state,2018-19
23,60,25,2019-02-16,Montana State,,Weber State,REG (Conf),W 72-59,*,34,3,8,.375,1,2,.500,2,6,.333,.438,5,5,1.000,1,4,5,0,0,0,1,3,12,7.3,Martha Kuderer,https://www.sports-reference.com/cbb/players/martha-kuderer-1.html,montana-state,2018-19
24,61,26,2019-02-23,Montana State,@,Montana,REG (Conf),W 75-71,*,25,2,7,.286,2,4,.500,0,3,.000,.429,1,2,.500,2,5,7,2,0,1,1,4,7,4.9,Martha Kuderer,https://www.sports-reference.com/cbb/players/martha-kuderer-1.html,montana-state,2018-19
25,62,27,2019-03-02,Montana State,@,Northern Arizona,REG (Conf),L 72-76,*,35,5,7,.714,2,4,.500,3,3,1.000,.857,4,4,1.000,1,1,2,0,1,0,0,0,16,15.1,Martha Kuderer,https://www.sports-reference.com/cbb/players/martha-kuderer-1.html,montana-state,2018-19
26,63,28,2019-03-04,Montana State,@,Southern Utah,REG (Conf),W 70-55,*,23,1,2,.500,1,2,.500,0,0,,.750,0,0,,1,7,8,2,0,0,1,1,3,4.8,Martha Kuderer,https://www.sports-reference.com/cbb/players/martha-kuderer-1.html,montana-state,2018-19
27,64,29,2019-03-07,Montana State,,Sacramento State,REG (Conf),W 64-58,*,33,5,10,.500,2,5,.400,3,5,.600,.600,1,1,1.000,1,9,10,1,1,1,1,0,13,12.8,Martha Kuderer,https://www.sports-reference.com/cbb/players/martha-kuderer-1.html,montana-state,2018-19
28,65,31,2019-03-12,Montana State,@,Portland State,CTOURN,L 56-68,*,34,4,7,.571,4,5,.800,0,2,.000,.857,0,0,,2,2,4,2,2,1,3,5,12,9.8,Martha Kuderer,https://www.sports-reference.com/cbb/players/martha-kuderer-1.html,montana-state,2018-19
