ranker,player_game_num_career,team_game_num_season,date,team_name_abbr,game_location,opp_name_abbr,game_type,game_result,is_starter,mp,fg,fga,fg_pct,fg3,fg3a,fg3_pct,fg2,fg2a,fg2_pct,efg_pct,ft,fta,ft_pct,orb,drb,trb,ast,stl,blk,tov,pf,pts,game_score,player_name,player_sr_link,school,season
1,31,1,2018-11-06,Montana State,,Carroll (MT),REG (Non-Conf),W 64-48,*,35,2,10,.200,1,7,.143,1,3,.333,.250,4,6,.667,0,7,7,3,0,0,0,1,9,5.8,Tori Martell,https://www.sports-reference.com/cbb/players/tori-martell-1.html,montana-state,2018-19
2,32,2,2018-11-09,Montana State,@,Marquette,REG (Non-Conf),L 52-100,*,27,2,13,.154,1,10,.100,1,3,.333,.192,0,1,.000,0,5,5,0,2,0,5,4,5,-6.8,Tori Martell,https://www.sports-reference.com/cbb/players/tori-martell-1.html,montana-state,2018-19
3,33,3,2018-11-16,Montana State,@,Delaware,REG (Non-Conf),W 69-60,*,37,2,8,.250,2,6,.333,0,2,.000,.375,2,4,.500,0,3,3,4,4,0,1,2,8,8.3,Tori Martell,https://www.sports-reference.com/cbb/players/tori-martell-1.html,montana-state,2018-19
4,34,4,2018-11-17,Montana State,@,Texas State,REG (Non-Conf),W 67-59,*,30,2,10,.200,2,9,.222,0,1,.000,.300,1,2,.500,0,1,1,2,2,0,7,2,7,-3.7,Tori Martell,https://www.sports-reference.com/cbb/players/tori-martell-1.html,montana-state,2018-19
5,35,5,2018-11-27,Montana State,@,Wyoming,REG (Non-Conf),L 58-66,*,36,3,9,.333,1,4,.250,2,5,.400,.389,0,0,,0,4,4,1,2,0,2,1,7,3.4,Tori Martell,https://www.sports-reference.com/cbb/players/tori-martell-1.html,montana-state,2018-19
6,36,6,2018-11-30,Montana State,,Long Beach State,REG (Non-Conf),W 85-62,*,27,4,11,.364,2,7,.286,2,4,.500,.455,0,0,,1,6,7,2,0,0,1,2,10,6.0,Tori Martell,https://www.sports-reference.com/cbb/players/tori-martell-1.html,montana-state,2018-19
7,37,7,2018-12-06,Montana State,@,Stephen F. Austin,REG (Non-Conf),L 53-60,*,21,0,6,.000,0,5,.000,0,1,.000,.000,0,0,,0,2,2,1,0,0,2,0,0,-4.9,Tori Martell,https://www.sports-reference.com/cbb/players/tori-martell-1.html,montana-state,2018-19
8,38,8,2018-12-08,Montana State,@,TCU,REG (Non-Conf),L 49-71,,19,2,8,.250,1,5,.200,1,3,.333,.313,0,0,,0,1,1,0,0,0,1,0,5,-0.5,Tori Martell,https://www.sports-reference.com/cbb/players/tori-martell-1.html,montana-state,2018-19
9,39,9,2018-12-16,Montana State,,Omaha,REG (Non-Conf),W 59-56,,26,2,7,.286,2,7,.286,0,0,,.429,0,0,,0,3,3,2,1,0,1,0,6,4.2,Tori Martell,https://www.sports-reference.com/cbb/players/tori-martell-1.html,montana-state,2018-19
10,40,10,2018-12-18,Montana State,,South Dakota State,REG (Non-Conf),L 67-88,,19,3,7,.429,2,5,.400,1,2,.500,.571,0,0,,1,1,2,0,1,0,2,2,8,3.5,Tori Martell,https://www.sports-reference.com/cbb/players/tori-martell-1.html,montana-state,2018-19
11,41,11,2018-12-29,Montana State,,Southern Utah,REG (Conf),W 69-64,,26,1,6,.167,1,5,.200,0,1,.000,.250,0,0,,0,3,3,2,0,0,3,1,3,-1.9,Tori Martell,https://www.sports-reference.com/cbb/players/tori-martell-1.html,montana-state,2018-19
12,42,12,2018-12-31,Montana State,,Northern Arizona,REG (Conf),W 80-70,,5,0,0,,0,0,,0,0,,,0,0,,0,1,1,1,0,0,0,1,0,0.6,Tori Martell,https://www.sports-reference.com/cbb/players/tori-martell-1.html,montana-state,2018-19
13,43,15,2019-01-10,Montana State,,Idaho,REG (Conf),L 66-82,,17,1,8,.125,0,4,.000,1,4,.250,.125,0,0,,0,3,3,0,0,0,0,0,2,-2.3,Tori Martell,https://www.sports-reference.com/cbb/players/tori-martell-1.html,montana-state,2018-19
14,44,16,2019-01-14,Montana State,@,Northern Colorado,REG (Conf),W 79-66,,25,6,11,.545,5,8,.625,1,3,.333,.773,2,2,1.000,0,3,3,0,1,0,0,1,19,15.2,Tori Martell,https://www.sports-reference.com/cbb/players/tori-martell-1.html,montana-state,2018-19
15,45,17,2019-01-19,Montana State,,Eastern Washington,REG (Conf),L 87-89 (OT),,27,4,9,.444,4,8,.500,0,1,.000,.667,0,0,,0,4,4,3,2,1,0,2,12,12.5,Tori Martell,https://www.sports-reference.com/cbb/players/tori-martell-1.html,montana-state,2018-19
16,46,18,2019-01-24,Montana State,@,Weber State,REG (Conf),W 66-59,,20,3,7,.429,3,6,.500,0,1,.000,.643,1,2,.500,0,5,5,2,2,0,1,0,10,9.8,Tori Martell,https://www.sports-reference.com/cbb/players/tori-martell-1.html,montana-state,2018-19
17,47,19,2019-01-26,Montana State,@,Idaho State,REG (Conf),L 43-61,,22,1,6,.167,1,5,.200,0,1,.000,.250,4,4,1.000,0,3,3,0,0,0,2,2,7,1.3,Tori Martell,https://www.sports-reference.com/cbb/players/tori-martell-1.html,montana-state,2018-19
18,48,20,2019-02-02,Montana State,,Montana,REG (Conf),W 74-52,*,27,2,6,.333,0,4,.000,2,2,1.000,.333,0,0,,1,4,5,2,0,0,0,0,4,3.9,Tori Martell,https://www.sports-reference.com/cbb/players/tori-martell-1.html,montana-state,2018-19
19,49,21,2019-02-04,Montana State,,Northern Colorado,REG (Conf),L 73-84,*,32,0,6,.000,0,5,.000,0,1,.000,.000,5,7,.714,1,4,5,0,1,0,3,2,5,-0.9,Tori Martell,https://www.sports-reference.com/cbb/players/tori-martell-1.html,montana-state,2018-19
20,50,22,2019-02-07,Montana State,@,Eastern Washington,REG (Conf),W 61-47,*,30,2,7,.286,2,7,.286,0,0,,.429,0,0,,0,2,2,2,1,0,0,2,6,4.1,Tori Martell,https://www.sports-reference.com/cbb/players/tori-martell-1.html,montana-state,2018-19
21,51,23,2019-02-09,Montana State,@,Idaho,REG (Conf),L 65-90,*,31,5,15,.333,1,7,.143,4,8,.500,.367,2,3,.667,0,1,1,1,2,0,0,3,13,5.9,Tori Martell,https://www.sports-reference.com/cbb/players/tori-martell-1.html,montana-state,2018-19
22,52,24,2019-02-14,Montana State,,Idaho State,REG (Conf),L 49-62,*,34,3,12,.250,3,8,.375,0,4,.000,.375,3,3,1.000,1,1,2,1,0,0,1,2,12,4.7,Tori Martell,https://www.sports-reference.com/cbb/players/tori-martell-1.html,montana-state,2018-19
23,53,25,2019-02-16,Montana State,,Weber State,REG (Conf),W 72-59,*,32,2,10,.200,1,7,.143,1,3,.333,.250,1,2,.500,0,5,5,2,4,0,1,2,6,4.5,Tori Martell,https://www.sports-reference.com/cbb/players/tori-martell-1.html,montana-state,2018-19
24,54,26,2019-02-23,Montana State,@,Montana,REG (Conf),W 75-71,*,35,4,12,.333,4,11,.364,0,1,.000,.500,0,0,,0,3,3,1,2,0,0,3,12,7.6,Tori Martell,https://www.sports-reference.com/cbb/players/tori-martell-1.html,montana-state,2018-19
25,55,27,2019-03-02,Montana State,@,Northern Arizona,REG (Conf),L 72-76,*,33,4,10,.400,1,6,.167,3,4,.750,.450,2,2,1.000,1,5,6,4,0,0,1,2,11,8.8,Tori Martell,https://www.sports-reference.com/cbb/players/tori-martell-1.html,montana-state,2018-19
26,56,28,2019-03-04,Montana State,@,Southern Utah,REG (Conf),W 70-55,*,30,2,4,.500,2,3,.667,0,1,.000,.750,0,0,,0,3,3,5,1,0,1,0,6,8.4,Tori Martell,https://www.sports-reference.com/cbb/players/tori-martell-1.html,montana-state,2018-19
27,57,29,2019-03-07,Montana State,,Sacramento State,REG (Conf),W 64-58,*,32,0,7,.000,0,6,.000,0,1,.000,.000,1,2,.500,0,5,5,3,1,1,1,1,1,-0.4,Tori Martell,https://www.sports-reference.com/cbb/players/tori-martell-1.html,montana-state,2018-19
28,58,30,2019-03-09,Montana State,,Portland State,REG (Conf),L 55-68,*,33,2,8,.250,2,7,.286,0,1,.000,.375,0,0,,1,3,4,3,0,0,1,1,6,3.5,Tori Martell,https://www.sports-reference.com/cbb/players/tori-martell-1.html,montana-state,2018-19
29,59,31,2019-03-12,Montana State,@,Portland State,CTOURN,L 56-68,*,35,3,11,.273,2,7,.286,1,4,.250,.364,0,0,,0,1,1,3,1,0,3,0,8,1.9,Tori Martell,https://www.sports-reference.com/cbb/players/tori-martell-1.html,montana-state,2018-19
