ranker,player_game_num_career,team_game_num_season,date,team_name_abbr,game_location,opp_name_abbr,game_type,game_result,is_starter,mp,fg,fga,fg_pct,fg3,fg3a,fg3_pct,fg2,fg2a,fg2_pct,efg_pct,ft,fta,ft_pct,orb,drb,trb,ast,stl,blk,tov,pf,pts,game_score,player_name,player_sr_link,school,season
1,47,1,2023-11-06,William & Mary,,Norfolk State,REG (Non-Conf),L 64-66,,3,0,0,,0,0,,0,0,,,0,0,,0,0,0,1,0,0,0,0,0,0.7,Lanni Brown,https://www.sports-reference.com/cbb/players/lanni-brown-1.html,william-mary,2023-24
2,48,5,2023-11-24,William & Mary,N,Tennessee State,REG (Non-Conf),W 63-53,,9,2,3,.667,1,2,.500,1,1,1.000,.833,0,0,,1,0,1,0,0,0,1,1,5,3.0,Lanni Brown,https://www.sports-reference.com/cbb/players/lanni-brown-1.html,william-mary,2023-24
3,49,6,2023-11-26,William & Mary,@,Florida International,REG (Non-Conf),W 59-57,,8,0,2,.000,0,0,,0,2,.000,.000,0,0,,0,0,0,0,0,0,0,0,0,-1.4,Lanni Brown,https://www.sports-reference.com/cbb/players/lanni-brown-1.html,william-mary,2023-24
4,50,8,2023-12-03,William & Mary,@,Navy,REG (Non-Conf),W 81-53,,9,0,1,.000,0,0,,0,1,.000,.000,1,4,.250,2,1,3,0,1,0,0,0,1,1.8,Lanni Brown,https://www.sports-reference.com/cbb/players/lanni-brown-1.html,william-mary,2023-24
5,51,9,2023-12-07,William & Mary,@,James Madison,REG (Non-Conf),L 56-75,,1,0,0,,0,0,,0,0,,,0,0,,0,0,0,0,0,0,0,0,0,0.0,Lanni Brown,https://www.sports-reference.com/cbb/players/lanni-brown-1.html,william-mary,2023-24
6,52,17,2024-01-21,William & Mary,@,Towson,REG (Conf),L 64-80,,3,2,2,1.000,0,0,,2,2,1.000,1.000,1,2,.500,0,1,1,0,0,0,0,0,5,4.3,Lanni Brown,https://www.sports-reference.com/cbb/players/lanni-brown-1.html,william-mary,2023-24
7,53,18,2024-01-26,William & Mary,,Hofstra,REG (Conf),W 61-50,,3,0,0,,0,0,,0,0,,,0,0,,0,1,1,0,0,0,0,0,0,0.3,Lanni Brown,https://www.sports-reference.com/cbb/players/lanni-brown-1.html,william-mary,2023-24
8,54,26,2024-03-01,William & Mary,@,UNC Wilmington,REG (Conf),W 68-50,,16,2,4,.500,1,2,.500,1,2,.500,.625,0,0,,0,1,1,0,0,0,0,0,5,3.3,Lanni Brown,https://www.sports-reference.com/cbb/players/lanni-brown-1.html,william-mary,2023-24
9,55,29,2024-03-09,William & Mary,,Stony Brook,REG (Conf),L 68-74,*,8,1,5,.200,1,4,.250,0,1,.000,.300,0,0,,1,0,1,1,0,0,0,1,3,0.9,Lanni Brown,https://www.sports-reference.com/cbb/players/lanni-brown-1.html,william-mary,2023-24
