ranker,player_game_num_career,team_game_num_season,date,team_name_abbr,game_location,opp_name_abbr,game_type,game_result,is_starter,mp,fg,fga,fg_pct,fg3,fg3a,fg2,fg2a,fg2_pct,efg_pct,ft,fta,ft_pct,orb,drb,trb,ast,stl,blk,tov,pf,pts,game_score,player_name,player_sr_link,school,season
1,33,8,2023-12-03,William & Mary,@,Navy,REG (Non-Conf),W 81-53,,5,0,0,,0,0,0,0,,,0,0,,0,0,0,0,0,0,0,2,0,-0.8,Madison Magee,https://www.sports-reference.com/cbb/players/madison-magee-1.html,william-mary,2023-24
2,34,9,2023-12-07,William & Mary,@,James Madison,REG (Non-Conf),L 56-75,,1,0,0,,0,0,0,0,,,0,0,,0,0,0,0,0,0,1,1,0,-1.4,Madison Magee,https://www.sports-reference.com/cbb/players/madison-magee-1.html,william-mary,2023-24
3,35,10,2023-12-17,William & Mary,,Longwood,REG (Non-Conf),W 86-49,,9,1,2,.500,0,0,1,2,.500,.500,0,0,,0,3,3,0,0,0,1,1,2,0.5,Madison Magee,https://www.sports-reference.com/cbb/players/madison-magee-1.html,william-mary,2023-24
4,36,11,2023-12-21,William & Mary,@,Virginia Tech,REG (Non-Conf),L 43-76,,4,0,1,.000,0,0,0,1,.000,.000,2,2,1.000,1,0,1,0,0,0,1,0,2,1.0,Madison Magee,https://www.sports-reference.com/cbb/players/madison-magee-1.html,william-mary,2023-24
