ranker,player_game_num_career,team_game_num_season,date,team_name_abbr,game_location,opp_name_abbr,game_type,game_result,is_starter,mp,fg,fga,fg_pct,fg3,fg3a,fg3_pct,fg2,fg2a,fg2_pct,efg_pct,ft,fta,ft_pct,orb,drb,trb,ast,stl,blk,tov,pf,pts,game_score,player_name,player_sr_link,school,season
1,104,1,2023-11-06,William & Mary,,Norfolk State,REG (Non-Conf),L 64-66,*,32,9,14,.643,0,1,.000,9,13,.692,.643,11,11,1.000,3,6,9,2,0,1,1,4,29,26.2,Nylah Young,https://www.sports-reference.com/cbb/players/nylah-young-1.html,william-mary,2023-24
2,105,2,2023-11-10,William & Mary,,VCU,REG (Non-Conf),L 54-70,*,27,11,18,.611,0,1,.000,11,17,.647,.611,4,5,.800,3,3,6,0,1,0,5,4,26,14.8,Nylah Young,https://www.sports-reference.com/cbb/players/nylah-young-1.html,william-mary,2023-24
3,106,3,2023-11-12,William & Mary,,George Mason,REG (Non-Conf),L 72-77,*,26,7,15,.467,0,0,,7,15,.467,.467,9,9,1.000,4,6,10,1,2,0,4,5,23,16.6,Nylah Young,https://www.sports-reference.com/cbb/players/nylah-young-1.html,william-mary,2023-24
4,107,4,2023-11-15,William & Mary,@,Virginia,REG (Non-Conf),L 51-80,*,25,5,14,.357,0,2,.000,5,12,.417,.357,3,3,1.000,1,3,4,0,2,1,2,3,13,6.3,Nylah Young,https://www.sports-reference.com/cbb/players/nylah-young-1.html,william-mary,2023-24
5,108,5,2023-11-24,William & Mary,N,Tennessee State,REG (Non-Conf),W 63-53,*,28,8,17,.471,0,0,,8,17,.471,.471,5,6,.833,2,2,4,1,2,0,2,2,21,13.8,Nylah Young,https://www.sports-reference.com/cbb/players/nylah-young-1.html,william-mary,2023-24
6,109,6,2023-11-26,William & Mary,@,Florida International,REG (Non-Conf),W 59-57,*,24,5,9,.556,0,0,,5,9,.556,.556,4,4,1.000,1,5,6,0,2,1,3,4,14,10.0,Nylah Young,https://www.sports-reference.com/cbb/players/nylah-young-1.html,william-mary,2023-24
7,110,7,2023-11-30,William & Mary,,Old Dominion,REG (Non-Conf),L 66-72,*,29,7,15,.467,0,0,,7,15,.467,.467,5,6,.833,1,5,6,0,0,4,4,5,19,9.9,Nylah Young,https://www.sports-reference.com/cbb/players/nylah-young-1.html,william-mary,2023-24
8,111,8,2023-12-03,William & Mary,@,Navy,REG (Non-Conf),W 81-53,*,14,2,6,.333,0,0,,2,6,.333,.333,3,4,.750,0,2,2,0,0,0,0,0,7,3.8,Nylah Young,https://www.sports-reference.com/cbb/players/nylah-young-1.html,william-mary,2023-24
9,112,9,2023-12-07,William & Mary,@,James Madison,REG (Non-Conf),L 56-75,*,18,3,14,.214,0,0,,3,14,.214,.214,4,4,1.000,2,2,4,0,0,0,1,3,10,1.2,Nylah Young,https://www.sports-reference.com/cbb/players/nylah-young-1.html,william-mary,2023-24
10,113,10,2023-12-17,William & Mary,,Longwood,REG (Non-Conf),W 86-49,*,13,8,11,.727,0,0,,8,11,.727,.727,4,4,1.000,3,2,5,0,0,0,2,3,20,15.0,Nylah Young,https://www.sports-reference.com/cbb/players/nylah-young-1.html,william-mary,2023-24
11,114,11,2023-12-21,William & Mary,@,Virginia Tech,REG (Non-Conf),L 43-76,*,6,0,5,.000,0,3,.000,0,2,.000,.000,0,0,,1,0,1,0,0,0,0,1,0,-3.2,Nylah Young,https://www.sports-reference.com/cbb/players/nylah-young-1.html,william-mary,2023-24
12,115,12,2024-01-05,William & Mary,@,Monmouth,REG (Conf),W 70-66,*,27,8,18,.444,0,0,,8,18,.444,.444,1,2,.500,2,3,5,1,2,0,2,4,17,8.6,Nylah Young,https://www.sports-reference.com/cbb/players/nylah-young-1.html,william-mary,2023-24
13,116,13,2024-01-07,William & Mary,@,Hofstra,REG (Conf),W 48-46,*,17,1,4,.250,0,0,,1,4,.250,.250,2,2,1.000,0,4,4,1,0,0,1,4,4,0.9,Nylah Young,https://www.sports-reference.com/cbb/players/nylah-young-1.html,william-mary,2023-24
14,117,14,2024-01-12,William & Mary,,North Carolina A&T,REG (Conf),L 51-53,*,26,2,15,.133,0,0,,2,15,.133,.133,4,4,1.000,2,2,4,0,2,0,1,4,8,-0.3,Nylah Young,https://www.sports-reference.com/cbb/players/nylah-young-1.html,william-mary,2023-24
15,118,15,2024-01-14,William & Mary,@,Elon,REG (Conf),W 62-43,*,20,3,9,.333,0,0,,3,9,.333,.333,2,2,1.000,0,4,4,1,0,0,2,2,8,2.0,Nylah Young,https://www.sports-reference.com/cbb/players/nylah-young-1.html,william-mary,2023-24
16,119,16,2024-01-19,William & Mary,,Delaware,REG (Conf),W 78-72 (OT),*,27,3,13,.231,0,0,,3,13,.231,.231,5,6,.833,2,8,10,0,2,0,3,3,11,4.3,Nylah Young,https://www.sports-reference.com/cbb/players/nylah-young-1.html,william-mary,2023-24
17,120,17,2024-01-21,William & Mary,@,Towson,REG (Conf),L 64-80,*,27,5,15,.333,0,0,,5,15,.333,.333,4,5,.800,0,3,3,0,1,0,0,1,14,6.6,Nylah Young,https://www.sports-reference.com/cbb/players/nylah-young-1.html,william-mary,2023-24
18,121,18,2024-01-26,William & Mary,,Hofstra,REG (Conf),W 61-50,,14,2,7,.286,0,0,,2,7,.286,.286,0,0,,0,2,2,1,0,1,2,2,4,-0.9,Nylah Young,https://www.sports-reference.com/cbb/players/nylah-young-1.html,william-mary,2023-24
19,122,19,2024-01-28,William & Mary,,Monmouth,REG (Conf),L 56-67,,23,5,15,.333,0,0,,5,15,.333,.333,3,4,.750,2,1,3,0,2,1,2,3,13,5.3,Nylah Young,https://www.sports-reference.com/cbb/players/nylah-young-1.html,william-mary,2023-24
20,123,20,2024-02-04,William & Mary,,Drexel,REG (Conf),W 75-62,,28,11,19,.579,0,0,,11,19,.579,.579,5,5,1.000,1,6,7,0,2,0,3,3,27,18.4,Nylah Young,https://www.sports-reference.com/cbb/players/nylah-young-1.html,william-mary,2023-24
21,124,21,2024-02-09,William & Mary,@,Delaware,REG (Conf),W 62-58,*,18,7,10,.700,0,0,,7,10,.700,.700,2,2,1.000,1,2,3,0,2,1,2,5,16,11.8,Nylah Young,https://www.sports-reference.com/cbb/players/nylah-young-1.html,william-mary,2023-24
22,125,22,2024-02-11,William & Mary,@,Hampton,REG (Conf),W 65-55,*,21,5,10,.500,0,0,,5,10,.500,.500,2,2,1.000,2,7,9,0,0,0,1,3,12,8.3,Nylah Young,https://www.sports-reference.com/cbb/players/nylah-young-1.html,william-mary,2023-24
23,126,23,2024-02-18,William & Mary,@,Campbell,REG (Conf),L 46-57,*,23,8,13,.615,0,1,.000,8,12,.667,.615,4,4,1.000,1,4,5,0,0,0,2,4,20,12.4,Nylah Young,https://www.sports-reference.com/cbb/players/nylah-young-1.html,william-mary,2023-24
24,127,24,2024-02-23,William & Mary,,Elon,REG (Conf),W 73-61,*,24,5,15,.333,0,0,,5,15,.333,.333,8,9,.889,3,4,7,1,3,1,2,3,18,13.6,Nylah Young,https://www.sports-reference.com/cbb/players/nylah-young-1.html,william-mary,2023-24
25,128,25,2024-02-25,William & Mary,,Hampton,REG (Conf),W 66-58,*,32,9,17,.529,1,1,1.000,8,16,.500,.559,5,5,1.000,1,9,10,2,1,2,4,2,24,18.1,Nylah Young,https://www.sports-reference.com/cbb/players/nylah-young-1.html,william-mary,2023-24
26,129,26,2024-03-01,William & Mary,@,UNC Wilmington,REG (Conf),W 68-50,*,19,3,8,.375,0,0,,3,8,.375,.375,6,6,1.000,0,2,2,2,0,1,1,1,12,8.9,Nylah Young,https://www.sports-reference.com/cbb/players/nylah-young-1.html,william-mary,2023-24
27,130,27,2024-03-03,William & Mary,@,College of Charleston,REG (Conf),L 72-77,*,27,9,19,.474,0,1,.000,9,18,.500,.474,14,16,.875,4,6,10,1,0,1,2,3,32,24.3,Nylah Young,https://www.sports-reference.com/cbb/players/nylah-young-1.html,william-mary,2023-24
28,131,29,2024-03-09,William & Mary,,Stony Brook,REG (Conf),L 68-74,*,23,10,17,.588,1,1,1.000,9,16,.563,.618,2,3,.667,0,2,2,1,1,0,3,3,23,12.8,Nylah Young,https://www.sports-reference.com/cbb/players/nylah-young-1.html,william-mary,2023-24
29,132,30,2024-03-14,William & Mary,N,Hofstra,CTOURN,L 53-57,*,32,8,19,.421,0,1,.000,8,18,.444,.421,6,10,.600,4,6,10,1,0,2,2,2,22,14.2,Nylah Young,https://www.sports-reference.com/cbb/players/nylah-young-1.html,william-mary,2023-24
