ranker,player_game_num_career,team_game_num_season,date,team_name_abbr,game_location,opp_name_abbr,game_type,game_result,is_starter,mp,fg,fga,fg_pct,fg3,fg3a,fg3_pct,fg2,fg2a,fg2_pct,efg_pct,ft,fta,ft_pct,orb,drb,trb,ast,stl,blk,tov,pf,pts,game_score,player_name,player_sr_link,school,season
1,1,1,2018-11-06,Seton Hall,,Wagner,REG (Non-Conf),W 95-40,,7,0,2,.000,0,1,.000,0,1,.000,.000,0,0,,0,0,0,0,0,0,0,1,0,-1.8,Danielle Robinson,https://www.sports-reference.com/cbb/players/danielle-robinson-4.html,seton-hall,2018-19
2,2,2,2018-11-10,Seton Hall,,Kennesaw State,REG (Non-Conf),W 102-80,,4,0,1,.000,0,1,.000,0,0,,.000,2,2,1.000,0,0,0,1,0,0,0,1,2,1.6,Danielle Robinson,https://www.sports-reference.com/cbb/players/danielle-robinson-4.html,seton-hall,2018-19
3,3,3,2018-11-11,Seton Hall,,UTSA,REG (Non-Conf),W 84-53,,9,1,1,1.000,1,1,1.000,0,0,,1.500,0,0,,1,0,1,0,0,0,2,4,3,-0.2,Danielle Robinson,https://www.sports-reference.com/cbb/players/danielle-robinson-4.html,seton-hall,2018-19
4,4,6,2018-11-25,Seton Hall,,St. Francis Brooklyn,REG (Non-Conf),W 100-77,,3,0,0,,0,0,,0,0,,,0,0,,0,1,1,1,0,0,1,1,0,-0.4,Danielle Robinson,https://www.sports-reference.com/cbb/players/danielle-robinson-4.html,seton-hall,2018-19
5,5,7,2018-11-27,Seton Hall,,UMass Lowell,REG (Non-Conf),W 90-57,,10,3,5,.600,1,2,.500,2,3,.667,.700,0,0,,1,0,1,0,1,1,0,2,7,6.3,Danielle Robinson,https://www.sports-reference.com/cbb/players/danielle-robinson-4.html,seton-hall,2018-19
6,6,8,2018-12-02,Seton Hall,,Saint Peter's,REG (Non-Conf),W 90-47,,4,0,3,.000,0,2,.000,0,1,.000,.000,0,0,,1,3,4,0,0,0,0,0,0,-0.5,Danielle Robinson,https://www.sports-reference.com/cbb/players/danielle-robinson-4.html,seton-hall,2018-19
7,7,9,2018-12-08,Seton Hall,@,Connecticut,REG (Non-Conf),L 61-99,,10,4,6,.667,2,3,.667,2,3,.667,.833,0,0,,0,0,0,0,2,0,0,0,10,9.4,Danielle Robinson,https://www.sports-reference.com/cbb/players/danielle-robinson-4.html,seton-hall,2018-19
8,8,10,2018-12-20,Seton Hall,@,Georgia Tech,REG (Non-Conf),L 73-84,,3,0,0,,0,0,,0,0,,,0,0,,0,0,0,0,0,0,0,0,0,0.0,Danielle Robinson,https://www.sports-reference.com/cbb/players/danielle-robinson-4.html,seton-hall,2018-19
9,9,12,2018-12-30,Seton Hall,,St. John's (NY),REG (Conf),W 77-67,,2,0,0,,0,0,,0,0,,,1,2,.500,0,0,0,0,0,0,0,0,1,0.6,Danielle Robinson,https://www.sports-reference.com/cbb/players/danielle-robinson-4.html,seton-hall,2018-19
10,10,14,2019-01-06,Seton Hall,@,Xavier,REG (Conf),L 62-63 (OT),,2,0,0,,0,0,,0,0,,,0,0,,0,0,0,0,0,0,1,1,0,-1.4,Danielle Robinson,https://www.sports-reference.com/cbb/players/danielle-robinson-4.html,seton-hall,2018-19
11,11,16,2019-01-13,Seton Hall,,Providence,REG (Conf),W 79-73,,2,0,0,,0,0,,0,0,,,0,0,,0,0,0,0,0,0,1,1,0,-1.4,Danielle Robinson,https://www.sports-reference.com/cbb/players/danielle-robinson-4.html,seton-hall,2018-19
12,12,17,2019-01-18,Seton Hall,@,Marquette,REG (Conf),L 60-96,,11,1,4,.250,0,2,.000,1,2,.500,.250,0,0,,0,0,0,1,1,0,0,1,2,0.9,Danielle Robinson,https://www.sports-reference.com/cbb/players/danielle-robinson-4.html,seton-hall,2018-19
13,13,22,2019-02-03,Seton Hall,,Butler,REG (Conf),W 83-62,,1,0,0,,0,0,,0,0,,,2,2,1.000,0,0,0,0,0,0,0,0,2,2.0,Danielle Robinson,https://www.sports-reference.com/cbb/players/danielle-robinson-4.html,seton-hall,2018-19
14,14,24,2019-02-10,Seton Hall,@,Creighton,REG (Conf),L 71-80,,3,1,1,1.000,0,0,,1,1,1.000,1.000,0,0,,0,1,1,0,1,0,0,1,2,2.6,Danielle Robinson,https://www.sports-reference.com/cbb/players/danielle-robinson-4.html,seton-hall,2018-19
15,15,25,2019-02-15,Seton Hall,,DePaul,REG (Conf),L 85-94,,2,0,0,,0,0,,0,0,,,0,0,,0,0,0,0,0,0,0,0,0,0.0,Danielle Robinson,https://www.sports-reference.com/cbb/players/danielle-robinson-4.html,seton-hall,2018-19
16,16,26,2019-02-17,Seton Hall,,Marquette,REG (Conf),L 63-109,,14,0,3,.000,0,1,.000,0,2,.000,.000,2,4,.500,2,1,3,0,0,0,2,2,2,-2.0,Danielle Robinson,https://www.sports-reference.com/cbb/players/danielle-robinson-4.html,seton-hall,2018-19
17,17,28,2019-02-24,Seton Hall,@,Villanova,REG (Conf),L 68-73,,3,0,0,,0,0,,0,0,,,0,0,,0,1,1,0,0,0,1,0,0,-0.7,Danielle Robinson,https://www.sports-reference.com/cbb/players/danielle-robinson-4.html,seton-hall,2018-19
18,18,30,2019-03-09,Seton Hall,,St. John's (NY),CTOURN,L 51-76,,6,0,2,.000,0,0,,0,2,.000,.000,0,0,,1,0,1,1,1,0,0,0,0,1.0,Danielle Robinson,https://www.sports-reference.com/cbb/players/danielle-robinson-4.html,seton-hall,2018-19
