ranker,player_game_num_career,team_game_num_season,date,team_name_abbr,game_location,opp_name_abbr,game_type,game_result,is_starter,mp,fg,fga,fg_pct,fg3,fg3a,fg3_pct,fg2,fg2a,fg2_pct,efg_pct,ft,fta,ft_pct,orb,drb,trb,ast,stl,blk,tov,pf,pts,game_score,player_name,player_sr_link,school,season
1,30,1,2018-11-06,Seton Hall,,Wagner,REG (Non-Conf),W 95-40,*,24,4,13,.308,2,8,.250,2,5,.400,.385,2,2,1.000,0,2,2,1,1,0,0,1,12,6.4,Inja Butina,https://www.sports-reference.com/cbb/players/inja-butina-1.html,seton-hall,2018-19
2,31,2,2018-11-10,Seton Hall,,Kennesaw State,REG (Non-Conf),W 102-80,*,30,6,11,.545,0,2,.000,6,9,.667,.545,3,4,.750,1,1,2,6,2,0,1,2,15,14.7,Inja Butina,https://www.sports-reference.com/cbb/players/inja-butina-1.html,seton-hall,2018-19
3,32,3,2018-11-11,Seton Hall,,UTSA,REG (Non-Conf),W 84-53,*,19,2,6,.333,1,4,.250,1,2,.500,.417,0,0,,0,3,3,4,1,0,3,1,5,2.9,Inja Butina,https://www.sports-reference.com/cbb/players/inja-butina-1.html,seton-hall,2018-19
4,33,4,2018-11-14,Seton Hall,@,Princeton,REG (Non-Conf),W 70-66,*,32,5,11,.455,3,7,.429,2,4,.500,.591,0,0,,1,2,3,3,0,0,6,3,13,3.5,Inja Butina,https://www.sports-reference.com/cbb/players/inja-butina-1.html,seton-hall,2018-19
5,34,5,2018-11-18,Seton Hall,@,UCLA,REG (Non-Conf),L 62-78,*,32,4,12,.333,1,3,.333,3,9,.333,.375,4,4,1.000,0,1,1,3,1,0,1,2,13,7.8,Inja Butina,https://www.sports-reference.com/cbb/players/inja-butina-1.html,seton-hall,2018-19
6,35,6,2018-11-25,Seton Hall,,St. Francis Brooklyn,REG (Non-Conf),W 100-77,*,1,0,1,.000,0,0,,0,1,.000,.000,0,0,,0,0,0,1,0,0,0,0,0,0.0,Inja Butina,https://www.sports-reference.com/cbb/players/inja-butina-1.html,seton-hall,2018-19
7,36,10,2018-12-20,Seton Hall,@,Georgia Tech,REG (Non-Conf),L 73-84,*,37,7,13,.538,4,6,.667,3,7,.429,.692,3,3,1.000,0,1,1,2,4,0,5,1,21,15.0,Inja Butina,https://www.sports-reference.com/cbb/players/inja-butina-1.html,seton-hall,2018-19
8,37,11,2018-12-21,Seton Hall,@,UNC Greensboro,REG (Non-Conf),W 71-64,*,34,2,10,.200,0,1,.000,2,9,.222,.200,1,1,1.000,0,2,2,4,1,0,2,2,5,0.4,Inja Butina,https://www.sports-reference.com/cbb/players/inja-butina-1.html,seton-hall,2018-19
9,38,12,2018-12-30,Seton Hall,,St. John's (NY),REG (Conf),W 77-67,*,34,5,12,.417,3,5,.600,2,7,.286,.542,6,8,.750,0,3,3,5,4,0,7,2,19,12.4,Inja Butina,https://www.sports-reference.com/cbb/players/inja-butina-1.html,seton-hall,2018-19
10,39,13,2019-01-04,Seton Hall,@,Butler,REG (Conf),L 59-62,*,31,2,8,.250,0,4,.000,2,4,.500,.250,1,2,.500,2,0,2,0,1,1,1,4,5,0.3,Inja Butina,https://www.sports-reference.com/cbb/players/inja-butina-1.html,seton-hall,2018-19
11,40,14,2019-01-06,Seton Hall,@,Xavier,REG (Conf),L 62-63 (OT),*,28,1,9,.111,0,2,.000,1,7,.143,.111,0,0,,1,4,5,4,2,0,6,1,2,-3.6,Inja Butina,https://www.sports-reference.com/cbb/players/inja-butina-1.html,seton-hall,2018-19
12,41,15,2019-01-11,Seton Hall,,Creighton,REG (Conf),W 82-75,,26,8,11,.727,0,2,.000,8,9,.889,.727,5,6,.833,0,4,4,4,1,0,2,3,21,17.9,Inja Butina,https://www.sports-reference.com/cbb/players/inja-butina-1.html,seton-hall,2018-19
13,42,16,2019-01-13,Seton Hall,,Providence,REG (Conf),W 79-73,*,35,4,10,.400,1,2,.500,3,8,.375,.450,2,3,.667,2,4,6,5,0,0,1,3,11,9.1,Inja Butina,https://www.sports-reference.com/cbb/players/inja-butina-1.html,seton-hall,2018-19
14,43,17,2019-01-18,Seton Hall,@,Marquette,REG (Conf),L 60-96,*,9,1,5,.200,0,3,.000,1,2,.500,.200,0,0,,1,0,1,2,1,0,0,5,2,0.0,Inja Butina,https://www.sports-reference.com/cbb/players/inja-butina-1.html,seton-hall,2018-19
15,44,18,2019-01-20,Seton Hall,@,DePaul,REG (Conf),W 84-73,*,35,3,10,.300,1,4,.250,2,6,.333,.350,8,8,1.000,1,4,5,6,2,0,4,4,15,11.7,Inja Butina,https://www.sports-reference.com/cbb/players/inja-butina-1.html,seton-hall,2018-19
16,45,19,2019-01-25,Seton Hall,,Villanova,REG (Conf),L 66-70,*,34,7,14,.500,2,4,.500,5,10,.500,.571,6,6,1.000,2,6,8,4,0,0,2,4,22,17.4,Inja Butina,https://www.sports-reference.com/cbb/players/inja-butina-1.html,seton-hall,2018-19
17,46,20,2019-01-27,Seton Hall,,Georgetown,REG (Conf),W 76-63,*,38,4,13,.308,2,6,.333,2,7,.286,.385,3,3,1.000,0,3,3,1,2,0,4,2,13,4.3,Inja Butina,https://www.sports-reference.com/cbb/players/inja-butina-1.html,seton-hall,2018-19
18,47,21,2019-02-01,Seton Hall,,Xavier,REG (Conf),L 76-80,*,30,6,11,.545,1,3,.333,5,8,.625,.591,2,3,.667,0,1,1,2,0,0,1,4,15,8.4,Inja Butina,https://www.sports-reference.com/cbb/players/inja-butina-1.html,seton-hall,2018-19
19,48,22,2019-02-03,Seton Hall,,Butler,REG (Conf),W 83-62,*,29,4,9,.444,2,6,.333,2,3,.667,.556,11,12,.917,1,2,3,2,3,0,4,2,21,16.8,Inja Butina,https://www.sports-reference.com/cbb/players/inja-butina-1.html,seton-hall,2018-19
20,49,23,2019-02-08,Seton Hall,@,Providence,REG (Conf),L 75-82,*,32,4,15,.267,2,10,.200,2,5,.400,.333,0,0,,1,2,3,6,1,0,3,3,10,3.4,Inja Butina,https://www.sports-reference.com/cbb/players/inja-butina-1.html,seton-hall,2018-19
21,50,24,2019-02-10,Seton Hall,@,Creighton,REG (Conf),L 71-80,*,32,6,15,.400,3,4,.750,3,11,.273,.500,1,2,.500,1,2,3,2,2,0,3,4,16,7.6,Inja Butina,https://www.sports-reference.com/cbb/players/inja-butina-1.html,seton-hall,2018-19
22,51,25,2019-02-15,Seton Hall,,DePaul,REG (Conf),L 85-94,*,34,3,15,.200,1,7,.143,2,8,.250,.233,4,4,1.000,0,2,2,5,2,0,4,4,11,2.2,Inja Butina,https://www.sports-reference.com/cbb/players/inja-butina-1.html,seton-hall,2018-19
23,52,26,2019-02-17,Seton Hall,,Marquette,REG (Conf),L 63-109,*,32,5,9,.556,3,4,.750,2,5,.400,.722,0,0,,0,1,1,4,1,0,2,4,13,9.2,Inja Butina,https://www.sports-reference.com/cbb/players/inja-butina-1.html,seton-hall,2018-19
24,53,27,2019-02-22,Seton Hall,@,Georgetown,REG (Conf),L 43-51,*,40,3,10,.300,2,5,.400,1,5,.200,.400,0,0,,1,4,5,4,1,0,3,1,8,4.5,Inja Butina,https://www.sports-reference.com/cbb/players/inja-butina-1.html,seton-hall,2018-19
25,54,28,2019-02-24,Seton Hall,@,Villanova,REG (Conf),L 68-73,*,37,9,16,.563,2,4,.500,7,12,.583,.625,3,4,.750,1,3,4,8,1,0,4,3,23,18.0,Inja Butina,https://www.sports-reference.com/cbb/players/inja-butina-1.html,seton-hall,2018-19
26,55,29,2019-03-03,Seton Hall,@,St. John's (NY),REG (Conf),W 76-72,*,31,1,3,.333,0,2,.000,1,1,1.000,.333,4,5,.800,0,0,0,2,0,0,1,4,6,2.7,Inja Butina,https://www.sports-reference.com/cbb/players/inja-butina-1.html,seton-hall,2018-19
27,56,30,2019-03-09,Seton Hall,,St. John's (NY),CTOURN,L 51-76,*,38,4,10,.400,1,2,.500,3,8,.375,.450,2,2,1.000,1,2,3,3,1,0,3,2,11,6.2,Inja Butina,https://www.sports-reference.com/cbb/players/inja-butina-1.html,seton-hall,2018-19
28,57,31,2019-03-21,Seton Hall,@,Toledo,WNIT,L 65-71,*,40,3,7,.429,0,1,.000,3,6,.500,.429,2,2,1.000,0,2,2,7,2,0,2,2,8,9.0,Inja Butina,https://www.sports-reference.com/cbb/players/inja-butina-1.html,seton-hall,2018-19
