ranker,player_game_num_career,team_game_num_season,date,team_name_abbr,game_location,opp_name_abbr,game_type,game_result,is_starter,mp,fg,fga,fg_pct,fg3,fg3a,fg3_pct,fg2,fg2a,fg2_pct,efg_pct,ft,fta,ft_pct,orb,drb,trb,ast,stl,blk,tov,pf,pts,game_score,player_name,player_sr_link,school,season
1,60,1,2018-11-06,Seton Hall,,Wagner,REG (Non-Conf),W 95-40,,18,1,3,.333,0,2,.000,1,1,1.000,.333,1,2,.500,0,0,0,6,3,0,2,1,3,5.7,Kaela Hilaire,https://www.sports-reference.com/cbb/players/kaela-hilaire-1.html,seton-hall,2018-19
2,61,2,2018-11-10,Seton Hall,,Kennesaw State,REG (Non-Conf),W 102-80,,21,3,6,.500,1,1,1.000,2,5,.400,.583,6,6,1.000,0,0,0,6,3,0,2,2,13,14.4,Kaela Hilaire,https://www.sports-reference.com/cbb/players/kaela-hilaire-1.html,seton-hall,2018-19
3,62,3,2018-11-11,Seton Hall,,UTSA,REG (Non-Conf),W 84-53,,12,2,3,.667,1,2,.500,1,1,1.000,.833,4,4,1.000,2,1,3,3,2,0,1,3,9,11.3,Kaela Hilaire,https://www.sports-reference.com/cbb/players/kaela-hilaire-1.html,seton-hall,2018-19
4,63,4,2018-11-14,Seton Hall,@,Princeton,REG (Non-Conf),W 70-66,,22,2,4,.500,0,2,.000,2,2,1.000,.500,0,0,,1,0,1,7,3,0,1,2,4,8.8,Kaela Hilaire,https://www.sports-reference.com/cbb/players/kaela-hilaire-1.html,seton-hall,2018-19
5,64,5,2018-11-18,Seton Hall,@,UCLA,REG (Non-Conf),L 62-78,,25,3,6,.500,0,1,.000,3,5,.600,.500,0,0,,1,2,3,5,1,0,3,3,6,4.6,Kaela Hilaire,https://www.sports-reference.com/cbb/players/kaela-hilaire-1.html,seton-hall,2018-19
6,65,6,2018-11-25,Seton Hall,,St. Francis Brooklyn,REG (Non-Conf),W 100-77,,25,5,10,.500,0,3,.000,5,7,.714,.500,2,2,1.000,0,3,3,9,3,0,1,2,12,15.4,Kaela Hilaire,https://www.sports-reference.com/cbb/players/kaela-hilaire-1.html,seton-hall,2018-19
7,66,7,2018-11-27,Seton Hall,,UMass Lowell,REG (Non-Conf),W 90-57,*,28,6,6,1.000,1,1,1.000,5,5,1.000,1.083,5,9,.556,0,0,0,9,2,0,3,2,18,19.1,Kaela Hilaire,https://www.sports-reference.com/cbb/players/kaela-hilaire-1.html,seton-hall,2018-19
8,67,8,2018-12-02,Seton Hall,,Saint Peter's,REG (Non-Conf),W 90-47,*,17,2,3,.667,0,0,,2,3,.667,.667,0,0,,0,0,0,2,2,0,3,1,4,2.7,Kaela Hilaire,https://www.sports-reference.com/cbb/players/kaela-hilaire-1.html,seton-hall,2018-19
9,68,9,2018-12-08,Seton Hall,@,Connecticut,REG (Non-Conf),L 61-99,,4,0,0,,0,0,,0,0,,,0,0,,0,0,0,0,0,0,2,1,0,-2.4,Kaela Hilaire,https://www.sports-reference.com/cbb/players/kaela-hilaire-1.html,seton-hall,2018-19
10,69,10,2018-12-20,Seton Hall,@,Georgia Tech,REG (Non-Conf),L 73-84,,24,3,3,1.000,1,1,1.000,2,2,1.000,1.167,0,0,,0,0,0,5,0,0,0,4,7,8.0,Kaela Hilaire,https://www.sports-reference.com/cbb/players/kaela-hilaire-1.html,seton-hall,2018-19
11,70,11,2018-12-21,Seton Hall,@,UNC Greensboro,REG (Non-Conf),W 71-64,,23,7,11,.636,0,4,.000,7,7,1.000,.636,1,2,.500,0,1,1,4,1,0,3,3,15,9.6,Kaela Hilaire,https://www.sports-reference.com/cbb/players/kaela-hilaire-1.html,seton-hall,2018-19
12,71,12,2018-12-30,Seton Hall,,St. John's (NY),REG (Conf),W 77-67,,8,0,1,.000,0,0,,0,1,.000,.000,0,0,,0,1,1,2,2,0,2,5,0,-1.0,Kaela Hilaire,https://www.sports-reference.com/cbb/players/kaela-hilaire-1.html,seton-hall,2018-19
13,72,13,2019-01-04,Seton Hall,@,Butler,REG (Conf),L 59-62,,28,5,9,.556,0,3,.000,5,6,.833,.556,5,5,1.000,2,1,3,6,2,0,5,1,15,13.2,Kaela Hilaire,https://www.sports-reference.com/cbb/players/kaela-hilaire-1.html,seton-hall,2018-19
14,73,14,2019-01-06,Seton Hall,@,Xavier,REG (Conf),L 62-63 (OT),,23,1,5,.200,0,1,.000,1,4,.250,.200,0,0,,1,1,2,1,0,0,5,2,2,-5.2,Kaela Hilaire,https://www.sports-reference.com/cbb/players/kaela-hilaire-1.html,seton-hall,2018-19
15,74,15,2019-01-11,Seton Hall,,Creighton,REG (Conf),W 82-75,,9,0,2,.000,0,1,.000,0,1,.000,.000,0,0,,0,1,1,1,0,0,1,1,0,-1.8,Kaela Hilaire,https://www.sports-reference.com/cbb/players/kaela-hilaire-1.html,seton-hall,2018-19
16,75,16,2019-01-13,Seton Hall,,Providence,REG (Conf),W 79-73,,9,1,1,1.000,0,0,,1,1,1.000,1.000,0,0,,0,1,1,1,1,0,1,1,2,2.3,Kaela Hilaire,https://www.sports-reference.com/cbb/players/kaela-hilaire-1.html,seton-hall,2018-19
17,76,17,2019-01-18,Seton Hall,@,Marquette,REG (Conf),L 60-96,,21,1,5,.200,0,0,,1,5,.200,.200,1,2,.500,0,0,0,6,3,0,4,3,3,1.5,Kaela Hilaire,https://www.sports-reference.com/cbb/players/kaela-hilaire-1.html,seton-hall,2018-19
18,77,19,2019-01-25,Seton Hall,,Villanova,REG (Conf),L 66-70,,20,2,4,.500,0,1,.000,2,3,.667,.500,0,0,,1,0,1,1,0,0,1,4,4,0.8,Kaela Hilaire,https://www.sports-reference.com/cbb/players/kaela-hilaire-1.html,seton-hall,2018-19
19,78,20,2019-01-27,Seton Hall,,Georgetown,REG (Conf),W 76-63,,20,2,7,.286,1,2,.500,1,5,.200,.357,4,4,1.000,0,1,1,4,3,0,0,2,9,10.2,Kaela Hilaire,https://www.sports-reference.com/cbb/players/kaela-hilaire-1.html,seton-hall,2018-19
20,79,21,2019-02-01,Seton Hall,,Xavier,REG (Conf),L 76-80,,25,1,6,.167,0,2,.000,1,4,.250,.167,0,0,,0,2,2,5,3,0,0,3,2,4.1,Kaela Hilaire,https://www.sports-reference.com/cbb/players/kaela-hilaire-1.html,seton-hall,2018-19
21,80,22,2019-02-03,Seton Hall,,Butler,REG (Conf),W 83-62,,22,3,7,.429,1,4,.250,2,3,.667,.500,8,8,1.000,1,1,2,5,1,0,0,2,15,16.0,Kaela Hilaire,https://www.sports-reference.com/cbb/players/kaela-hilaire-1.html,seton-hall,2018-19
22,81,23,2019-02-08,Seton Hall,@,Providence,REG (Conf),L 75-82,,22,2,4,.500,0,0,,2,4,.500,.500,1,2,.500,0,3,3,2,1,0,1,5,5,2.9,Kaela Hilaire,https://www.sports-reference.com/cbb/players/kaela-hilaire-1.html,seton-hall,2018-19
23,82,24,2019-02-10,Seton Hall,@,Creighton,REG (Conf),L 71-80,,23,4,12,.333,1,3,.333,3,9,.333,.375,3,4,.750,1,2,3,0,0,0,1,4,12,3.5,Kaela Hilaire,https://www.sports-reference.com/cbb/players/kaela-hilaire-1.html,seton-hall,2018-19
24,83,25,2019-02-15,Seton Hall,,DePaul,REG (Conf),L 85-94,,18,3,5,.600,1,1,1.000,2,4,.500,.700,2,2,1.000,1,0,1,2,1,0,2,3,9,6.6,Kaela Hilaire,https://www.sports-reference.com/cbb/players/kaela-hilaire-1.html,seton-hall,2018-19
25,84,26,2019-02-17,Seton Hall,,Marquette,REG (Conf),L 63-109,,11,0,3,.000,0,0,,0,3,.000,.000,0,0,,0,2,2,1,1,0,0,3,0,-1.0,Kaela Hilaire,https://www.sports-reference.com/cbb/players/kaela-hilaire-1.html,seton-hall,2018-19
26,85,29,2019-03-03,Seton Hall,@,St. John's (NY),REG (Conf),W 76-72,,25,3,7,.429,0,3,.000,3,4,.750,.429,2,4,.500,0,2,2,2,1,0,3,0,8,3.5,Kaela Hilaire,https://www.sports-reference.com/cbb/players/kaela-hilaire-1.html,seton-hall,2018-19
27,86,30,2019-03-09,Seton Hall,,St. John's (NY),CTOURN,L 51-76,,17,0,3,.000,0,1,.000,0,2,.000,.000,0,0,,0,2,2,2,1,0,5,0,0,-4.1,Kaela Hilaire,https://www.sports-reference.com/cbb/players/kaela-hilaire-1.html,seton-hall,2018-19
28,87,31,2019-03-21,Seton Hall,@,Toledo,WNIT,L 65-71,,7,1,1,1.000,0,0,,1,1,1.000,1.000,0,0,,0,0,0,0,0,0,1,0,2,0.7,Kaela Hilaire,https://www.sports-reference.com/cbb/players/kaela-hilaire-1.html,seton-hall,2018-19
