ranker,player_game_num_career,team_game_num_season,date,team_name_abbr,game_location,opp_name_abbr,game_type,game_result,is_starter,mp,fg,fga,fg_pct,fg3,fg3a,fg2,fg2a,fg2_pct,efg_pct,ft,fta,ft_pct,orb,drb,trb,ast,stl,blk,tov,pf,pts,game_score,player_name,player_sr_link,school,season
1,33,4,2018-11-14,Seton Hall,@,Princeton,REG (Non-Conf),W 70-66,*,15,2,5,.400,0,0,2,5,.400,.400,0,2,.000,0,2,2,1,1,1,0,2,4,2.7,Kimi Evans,https://www.sports-reference.com/cbb/players/kimi-evans-1.html,seton-hall,2018-19
2,34,5,2018-11-18,Seton Hall,@,UCLA,REG (Non-Conf),L 62-78,*,10,0,1,.000,0,0,0,1,.000,.000,0,0,,0,1,1,1,0,0,0,2,0,-0.5,Kimi Evans,https://www.sports-reference.com/cbb/players/kimi-evans-1.html,seton-hall,2018-19
3,35,6,2018-11-25,Seton Hall,,St. Francis Brooklyn,REG (Non-Conf),W 100-77,*,14,4,10,.400,0,0,4,10,.400,.400,0,0,,2,2,4,1,0,1,2,1,8,3.6,Kimi Evans,https://www.sports-reference.com/cbb/players/kimi-evans-1.html,seton-hall,2018-19
4,36,7,2018-11-27,Seton Hall,,UMass Lowell,REG (Non-Conf),W 90-57,*,18,2,5,.400,0,0,2,5,.400,.400,2,4,.500,3,1,4,0,1,1,1,1,6,5.2,Kimi Evans,https://www.sports-reference.com/cbb/players/kimi-evans-1.html,seton-hall,2018-19
5,37,8,2018-12-02,Seton Hall,,Saint Peter's,REG (Non-Conf),W 90-47,,3,1,3,.333,0,0,1,3,.333,.333,0,0,,1,0,1,0,0,1,0,0,2,1.7,Kimi Evans,https://www.sports-reference.com/cbb/players/kimi-evans-1.html,seton-hall,2018-19
6,38,9,2018-12-08,Seton Hall,@,Connecticut,REG (Non-Conf),L 61-99,,3,0,0,,0,0,0,0,,,0,0,,0,2,2,0,0,0,1,4,0,-2.0,Kimi Evans,https://www.sports-reference.com/cbb/players/kimi-evans-1.html,seton-hall,2018-19
7,39,10,2018-12-20,Seton Hall,@,Georgia Tech,REG (Non-Conf),L 73-84,,6,0,2,.000,0,0,0,2,.000,.000,0,0,,0,1,1,0,0,0,1,2,0,-2.9,Kimi Evans,https://www.sports-reference.com/cbb/players/kimi-evans-1.html,seton-hall,2018-19
8,40,11,2018-12-21,Seton Hall,@,UNC Greensboro,REG (Non-Conf),W 71-64,,4,0,1,.000,0,0,0,1,.000,.000,0,0,,0,1,1,0,0,1,1,2,0,-1.5,Kimi Evans,https://www.sports-reference.com/cbb/players/kimi-evans-1.html,seton-hall,2018-19
9,41,12,2018-12-30,Seton Hall,,St. John's (NY),REG (Conf),W 77-67,,3,0,1,.000,0,0,0,1,.000,.000,0,0,,0,0,0,0,0,0,0,0,0,-0.7,Kimi Evans,https://www.sports-reference.com/cbb/players/kimi-evans-1.html,seton-hall,2018-19
10,42,13,2019-01-04,Seton Hall,@,Butler,REG (Conf),L 59-62,,10,1,2,.500,0,0,1,2,.500,.500,0,0,,0,0,0,0,0,0,0,1,2,0.6,Kimi Evans,https://www.sports-reference.com/cbb/players/kimi-evans-1.html,seton-hall,2018-19
11,43,14,2019-01-06,Seton Hall,@,Xavier,REG (Conf),L 62-63 (OT),,3,0,0,,0,0,0,0,,,0,0,,0,0,0,0,0,0,0,0,0,0.0,Kimi Evans,https://www.sports-reference.com/cbb/players/kimi-evans-1.html,seton-hall,2018-19
12,44,16,2019-01-13,Seton Hall,,Providence,REG (Conf),W 79-73,,2,0,0,,0,0,0,0,,,0,0,,0,0,0,0,0,0,1,1,0,-1.4,Kimi Evans,https://www.sports-reference.com/cbb/players/kimi-evans-1.html,seton-hall,2018-19
13,45,17,2019-01-18,Seton Hall,@,Marquette,REG (Conf),L 60-96,,3,0,0,,0,0,0,0,,,0,0,,1,0,1,0,1,0,0,0,0,1.7,Kimi Evans,https://www.sports-reference.com/cbb/players/kimi-evans-1.html,seton-hall,2018-19
14,46,22,2019-02-03,Seton Hall,,Butler,REG (Conf),W 83-62,,2,0,0,,0,0,0,0,,,0,0,,0,0,0,0,0,1,0,0,0,0.7,Kimi Evans,https://www.sports-reference.com/cbb/players/kimi-evans-1.html,seton-hall,2018-19
15,47,23,2019-02-08,Seton Hall,@,Providence,REG (Conf),L 75-82,,2,0,0,,0,0,0,0,,,0,0,,0,0,0,0,0,0,1,1,0,-1.4,Kimi Evans,https://www.sports-reference.com/cbb/players/kimi-evans-1.html,seton-hall,2018-19
16,48,24,2019-02-10,Seton Hall,@,Creighton,REG (Conf),L 71-80,,2,0,0,,0,0,0,0,,,0,0,,0,0,0,0,0,0,0,1,0,-0.4,Kimi Evans,https://www.sports-reference.com/cbb/players/kimi-evans-1.html,seton-hall,2018-19
17,49,26,2019-02-17,Seton Hall,,Marquette,REG (Conf),L 63-109,,10,0,3,.000,0,0,0,3,.000,.000,1,2,.500,2,1,3,0,0,0,0,1,1,-0.2,Kimi Evans,https://www.sports-reference.com/cbb/players/kimi-evans-1.html,seton-hall,2018-19
18,50,30,2019-03-09,Seton Hall,,St. John's (NY),CTOURN,L 51-76,,1,1,1,1.000,0,0,1,1,1.000,1.000,0,1,.000,0,0,0,0,0,0,0,0,2,1.3,Kimi Evans,https://www.sports-reference.com/cbb/players/kimi-evans-1.html,seton-hall,2018-19
19,51,31,2019-03-21,Seton Hall,@,Toledo,WNIT,L 65-71,,7,0,0,,0,0,0,0,,,0,0,,0,1,1,0,0,0,0,0,0,0.3,Kimi Evans,https://www.sports-reference.com/cbb/players/kimi-evans-1.html,seton-hall,2018-19
