ranker,player_game_num_career,team_game_num_season,date,team_name_abbr,game_location,opp_name_abbr,game_type,game_result,is_starter,mp,fg,fga,fg_pct,fg3,fg3a,fg3_pct,fg2,fg2a,fg2_pct,efg_pct,ft,fta,ft_pct,orb,drb,trb,ast,stl,blk,tov,pf,pts,game_score,player_name,player_sr_link,school,season
1,33,1,2018-11-06,Seton Hall,,Wagner,REG (Non-Conf),W 95-40,*,28,1,7,.143,1,7,.143,0,0,,.214,0,0,,1,3,4,4,6,0,5,1,3,3.5,Nicole Jimenez,https://www.sports-reference.com/cbb/players/nicole-jimenez-1.html,seton-hall,2018-19
2,34,2,2018-11-10,Seton Hall,,Kennesaw State,REG (Non-Conf),W 102-80,*,29,3,10,.300,3,9,.333,0,1,.000,.450,0,0,,1,0,1,0,1,0,4,2,9,0.1,Nicole Jimenez,https://www.sports-reference.com/cbb/players/nicole-jimenez-1.html,seton-hall,2018-19
3,35,3,2018-11-11,Seton Hall,,UTSA,REG (Non-Conf),W 84-53,*,33,1,8,.125,1,7,.143,0,1,.000,.188,0,0,,2,2,4,4,4,0,0,1,3,6.2,Nicole Jimenez,https://www.sports-reference.com/cbb/players/nicole-jimenez-1.html,seton-hall,2018-19
4,36,4,2018-11-14,Seton Hall,@,Princeton,REG (Non-Conf),W 70-66,*,35,5,9,.556,4,8,.500,1,1,1.000,.778,1,1,1.000,0,1,1,2,0,1,1,1,15,11.7,Nicole Jimenez,https://www.sports-reference.com/cbb/players/nicole-jimenez-1.html,seton-hall,2018-19
5,37,5,2018-11-18,Seton Hall,@,UCLA,REG (Non-Conf),L 62-78,*,34,4,18,.222,2,11,.182,2,7,.286,.278,0,0,,2,2,4,3,2,0,3,0,10,2.1,Nicole Jimenez,https://www.sports-reference.com/cbb/players/nicole-jimenez-1.html,seton-hall,2018-19
6,38,6,2018-11-25,Seton Hall,,St. Francis Brooklyn,REG (Non-Conf),W 100-77,*,40,6,16,.375,6,14,.429,0,2,.000,.563,0,0,,1,4,5,5,3,0,2,1,18,15.2,Nicole Jimenez,https://www.sports-reference.com/cbb/players/nicole-jimenez-1.html,seton-hall,2018-19
7,39,7,2018-11-27,Seton Hall,,UMass Lowell,REG (Non-Conf),W 90-57,*,25,2,8,.250,1,6,.167,1,2,.500,.313,0,0,,1,6,7,3,8,0,0,3,5,11.6,Nicole Jimenez,https://www.sports-reference.com/cbb/players/nicole-jimenez-1.html,seton-hall,2018-19
8,40,8,2018-12-02,Seton Hall,,Saint Peter's,REG (Non-Conf),W 90-47,*,36,11,15,.733,9,13,.692,2,2,1.000,1.033,2,2,1.000,2,0,2,3,9,1,3,2,33,36.3,Nicole Jimenez,https://www.sports-reference.com/cbb/players/nicole-jimenez-1.html,seton-hall,2018-19
9,41,9,2018-12-08,Seton Hall,@,Connecticut,REG (Non-Conf),L 61-99,*,40,9,20,.450,5,14,.357,4,6,.667,.575,0,0,,1,5,6,1,2,0,1,2,23,15.7,Nicole Jimenez,https://www.sports-reference.com/cbb/players/nicole-jimenez-1.html,seton-hall,2018-19
10,42,10,2018-12-20,Seton Hall,@,Georgia Tech,REG (Non-Conf),L 73-84,*,37,4,15,.267,3,11,.273,1,4,.250,.367,1,1,1.000,0,3,3,4,1,0,1,3,12,5.6,Nicole Jimenez,https://www.sports-reference.com/cbb/players/nicole-jimenez-1.html,seton-hall,2018-19
11,43,11,2018-12-21,Seton Hall,@,UNC Greensboro,REG (Non-Conf),W 71-64,*,38,3,8,.375,2,6,.333,1,2,.500,.500,0,1,.000,1,2,3,3,2,1,0,2,8,8.5,Nicole Jimenez,https://www.sports-reference.com/cbb/players/nicole-jimenez-1.html,seton-hall,2018-19
12,44,12,2018-12-30,Seton Hall,,St. John's (NY),REG (Conf),W 77-67,*,39,5,20,.250,3,9,.333,2,11,.182,.325,3,4,.750,0,4,4,4,5,0,1,2,16,10.8,Nicole Jimenez,https://www.sports-reference.com/cbb/players/nicole-jimenez-1.html,seton-hall,2018-19
13,45,13,2019-01-04,Seton Hall,@,Butler,REG (Conf),L 59-62,*,25,3,11,.273,2,10,.200,1,1,1.000,.364,0,0,,0,2,2,2,1,1,1,1,8,3.8,Nicole Jimenez,https://www.sports-reference.com/cbb/players/nicole-jimenez-1.html,seton-hall,2018-19
14,46,14,2019-01-06,Seton Hall,@,Xavier,REG (Conf),L 62-63 (OT),*,39,6,18,.333,4,10,.400,2,8,.250,.444,0,0,,2,3,5,2,3,1,2,0,16,11.2,Nicole Jimenez,https://www.sports-reference.com/cbb/players/nicole-jimenez-1.html,seton-hall,2018-19
15,47,15,2019-01-11,Seton Hall,,Creighton,REG (Conf),W 82-75,*,34,7,15,.467,1,7,.143,6,8,.750,.500,2,2,1.000,1,7,8,5,3,0,3,3,17,14.4,Nicole Jimenez,https://www.sports-reference.com/cbb/players/nicole-jimenez-1.html,seton-hall,2018-19
16,48,16,2019-01-13,Seton Hall,,Providence,REG (Conf),W 79-73,*,35,5,15,.333,4,10,.400,1,5,.200,.467,5,6,.833,1,4,5,4,3,0,1,1,19,16.4,Nicole Jimenez,https://www.sports-reference.com/cbb/players/nicole-jimenez-1.html,seton-hall,2018-19
17,49,17,2019-01-18,Seton Hall,@,Marquette,REG (Conf),L 60-96,*,27,3,17,.176,1,9,.111,2,8,.250,.206,0,0,,2,0,2,1,1,0,2,2,7,-3.4,Nicole Jimenez,https://www.sports-reference.com/cbb/players/nicole-jimenez-1.html,seton-hall,2018-19
18,50,18,2019-01-20,Seton Hall,@,DePaul,REG (Conf),W 84-73,*,39,5,10,.500,3,7,.429,2,3,.667,.650,2,2,1.000,0,5,5,3,0,0,4,0,15,9.6,Nicole Jimenez,https://www.sports-reference.com/cbb/players/nicole-jimenez-1.html,seton-hall,2018-19
19,51,19,2019-01-25,Seton Hall,,Villanova,REG (Conf),L 66-70,*,28,0,7,.000,0,5,.000,0,2,.000,.000,0,0,,1,4,5,1,0,0,0,1,0,-2.7,Nicole Jimenez,https://www.sports-reference.com/cbb/players/nicole-jimenez-1.html,seton-hall,2018-19
20,52,20,2019-01-27,Seton Hall,,Georgetown,REG (Conf),W 76-63,*,31,6,17,.353,5,12,.417,1,5,.200,.500,0,0,,1,1,2,2,3,0,2,2,17,10.1,Nicole Jimenez,https://www.sports-reference.com/cbb/players/nicole-jimenez-1.html,seton-hall,2018-19
21,53,21,2019-02-01,Seton Hall,,Xavier,REG (Conf),L 76-80,*,33,7,14,.500,3,9,.333,4,5,.800,.607,2,2,1.000,0,2,2,1,3,0,5,5,19,9.3,Nicole Jimenez,https://www.sports-reference.com/cbb/players/nicole-jimenez-1.html,seton-hall,2018-19
22,54,22,2019-02-03,Seton Hall,,Butler,REG (Conf),W 83-62,*,33,3,14,.214,3,11,.273,0,3,.000,.321,0,0,,1,1,2,3,2,0,3,2,9,1.7,Nicole Jimenez,https://www.sports-reference.com/cbb/players/nicole-jimenez-1.html,seton-hall,2018-19
23,55,23,2019-02-08,Seton Hall,@,Providence,REG (Conf),L 75-82,*,35,4,11,.364,4,10,.400,0,1,.000,.545,3,3,1.000,1,2,3,1,1,1,1,2,15,10.8,Nicole Jimenez,https://www.sports-reference.com/cbb/players/nicole-jimenez-1.html,seton-hall,2018-19
24,56,24,2019-02-10,Seton Hall,@,Creighton,REG (Conf),L 71-80,*,32,2,7,.286,2,6,.333,0,1,.000,.429,3,5,.600,0,2,2,0,1,0,0,1,9,5.3,Nicole Jimenez,https://www.sports-reference.com/cbb/players/nicole-jimenez-1.html,seton-hall,2018-19
25,57,25,2019-02-15,Seton Hall,,DePaul,REG (Conf),L 85-94,*,40,5,18,.278,4,12,.333,1,6,.167,.389,2,2,1.000,0,2,2,2,3,0,5,2,16,4.6,Nicole Jimenez,https://www.sports-reference.com/cbb/players/nicole-jimenez-1.html,seton-hall,2018-19
26,58,26,2019-02-17,Seton Hall,,Marquette,REG (Conf),L 63-109,*,34,3,15,.200,3,13,.231,0,2,.000,.300,1,2,.500,0,2,2,3,1,0,2,1,10,1.6,Nicole Jimenez,https://www.sports-reference.com/cbb/players/nicole-jimenez-1.html,seton-hall,2018-19
27,59,27,2019-02-22,Seton Hall,@,Georgetown,REG (Conf),L 43-51,*,40,3,11,.273,2,8,.250,1,3,.333,.364,0,0,,0,3,3,4,0,0,3,4,8,0.6,Nicole Jimenez,https://www.sports-reference.com/cbb/players/nicole-jimenez-1.html,seton-hall,2018-19
28,60,28,2019-02-24,Seton Hall,@,Villanova,REG (Conf),L 68-73,*,40,4,15,.267,3,12,.250,1,3,.333,.367,0,0,,1,6,7,2,1,0,2,4,11,3.4,Nicole Jimenez,https://www.sports-reference.com/cbb/players/nicole-jimenez-1.html,seton-hall,2018-19
29,61,29,2019-03-03,Seton Hall,@,St. John's (NY),REG (Conf),W 76-72,*,33,2,4,.500,2,2,1.000,0,2,.000,.750,0,0,,1,1,2,1,1,0,4,2,6,1.9,Nicole Jimenez,https://www.sports-reference.com/cbb/players/nicole-jimenez-1.html,seton-hall,2018-19
30,62,30,2019-03-09,Seton Hall,,St. John's (NY),CTOURN,L 51-76,*,23,2,6,.333,2,5,.400,0,1,.000,.500,0,0,,0,1,1,3,0,0,2,5,6,1.0,Nicole Jimenez,https://www.sports-reference.com/cbb/players/nicole-jimenez-1.html,seton-hall,2018-19
31,63,31,2019-03-21,Seton Hall,@,Toledo,WNIT,L 65-71,*,40,5,14,.357,5,13,.385,0,1,.000,.536,0,0,,0,2,2,1,1,0,4,1,15,5.1,Nicole Jimenez,https://www.sports-reference.com/cbb/players/nicole-jimenez-1.html,seton-hall,2018-19
