ranker,player_game_num_career,team_game_num_season,date,team_name_abbr,game_location,opp_name_abbr,game_type,game_result,is_starter,mp,fg,fga,fg_pct,fg3,fg3a,fg3_pct,fg2,fg2a,fg2_pct,efg_pct,ft,fta,ft_pct,orb,drb,trb,ast,stl,blk,tov,pf,pts,game_score,player_name,player_sr_link,school,season
1,33,1,2018-11-06,Seton Hall,,Wagner,REG (Non-Conf),W 95-40,,12,3,4,.750,0,0,,3,4,.750,.750,0,0,,1,1,2,0,2,0,2,2,6,4.6,Selena Philoxy,https://www.sports-reference.com/cbb/players/selena-philoxy-1.html,seton-hall,2018-19
2,34,2,2018-11-10,Seton Hall,,Kennesaw State,REG (Non-Conf),W 102-80,,18,1,5,.200,0,0,,1,5,.200,.200,6,6,1.000,1,6,7,2,1,0,3,4,8,5.2,Selena Philoxy,https://www.sports-reference.com/cbb/players/selena-philoxy-1.html,seton-hall,2018-19
3,35,3,2018-11-11,Seton Hall,,UTSA,REG (Non-Conf),W 84-53,,21,2,3,.667,0,0,,2,3,.667,.667,0,0,,3,8,11,2,0,0,7,1,4,1.2,Selena Philoxy,https://www.sports-reference.com/cbb/players/selena-philoxy-1.html,seton-hall,2018-19
4,36,4,2018-11-14,Seton Hall,@,Princeton,REG (Non-Conf),W 70-66,,8,2,2,1.000,0,0,,2,2,1.000,1.000,0,0,,1,3,4,0,1,1,3,0,4,3.7,Selena Philoxy,https://www.sports-reference.com/cbb/players/selena-philoxy-1.html,seton-hall,2018-19
5,37,5,2018-11-18,Seton Hall,@,UCLA,REG (Non-Conf),L 62-78,,6,0,0,,0,0,,0,0,,,0,0,,0,1,1,0,0,0,3,1,0,-3.1,Selena Philoxy,https://www.sports-reference.com/cbb/players/selena-philoxy-1.html,seton-hall,2018-19
6,38,6,2018-11-25,Seton Hall,,St. Francis Brooklyn,REG (Non-Conf),W 100-77,,9,1,2,.500,0,0,,1,2,.500,.500,0,2,.000,1,2,3,1,1,1,1,0,2,2.9,Selena Philoxy,https://www.sports-reference.com/cbb/players/selena-philoxy-1.html,seton-hall,2018-19
7,39,7,2018-11-27,Seton Hall,,UMass Lowell,REG (Non-Conf),W 90-57,,17,1,2,.500,0,0,,1,2,.500,.500,3,4,.750,2,4,6,0,1,0,6,2,5,0.4,Selena Philoxy,https://www.sports-reference.com/cbb/players/selena-philoxy-1.html,seton-hall,2018-19
8,40,8,2018-12-02,Seton Hall,,Saint Peter's,REG (Non-Conf),W 90-47,,17,3,9,.333,0,0,,3,9,.333,.333,2,2,1.000,4,3,7,3,2,2,3,1,8,8.7,Selena Philoxy,https://www.sports-reference.com/cbb/players/selena-philoxy-1.html,seton-hall,2018-19
9,41,9,2018-12-08,Seton Hall,@,Connecticut,REG (Non-Conf),L 61-99,*,16,3,9,.333,0,0,,3,9,.333,.333,1,4,.250,1,3,4,1,1,1,0,4,7,3.1,Selena Philoxy,https://www.sports-reference.com/cbb/players/selena-philoxy-1.html,seton-hall,2018-19
10,42,10,2018-12-20,Seton Hall,@,Georgia Tech,REG (Non-Conf),L 73-84,*,23,3,7,.429,0,0,,3,7,.429,.429,0,0,,5,4,9,3,3,0,3,4,6,7.5,Selena Philoxy,https://www.sports-reference.com/cbb/players/selena-philoxy-1.html,seton-hall,2018-19
11,43,11,2018-12-21,Seton Hall,@,UNC Greensboro,REG (Non-Conf),W 71-64,*,26,3,7,.429,0,0,,3,7,.429,.429,3,4,.750,0,2,2,0,2,0,1,2,9,5.7,Selena Philoxy,https://www.sports-reference.com/cbb/players/selena-philoxy-1.html,seton-hall,2018-19
12,44,12,2018-12-30,Seton Hall,,St. John's (NY),REG (Conf),W 77-67,*,23,2,8,.250,0,0,,2,8,.250,.250,1,2,.500,6,6,12,3,2,0,2,4,5,6.3,Selena Philoxy,https://www.sports-reference.com/cbb/players/selena-philoxy-1.html,seton-hall,2018-19
13,45,13,2019-01-04,Seton Hall,@,Butler,REG (Conf),L 59-62,*,18,3,5,.600,0,0,,3,5,.600,.600,0,0,,1,4,5,0,1,0,0,2,6,5.8,Selena Philoxy,https://www.sports-reference.com/cbb/players/selena-philoxy-1.html,seton-hall,2018-19
14,46,14,2019-01-06,Seton Hall,@,Xavier,REG (Conf),L 62-63 (OT),*,36,4,9,.444,0,0,,4,9,.444,.444,0,4,.000,6,15,21,3,3,0,2,2,8,12.7,Selena Philoxy,https://www.sports-reference.com/cbb/players/selena-philoxy-1.html,seton-hall,2018-19
15,47,15,2019-01-11,Seton Hall,,Creighton,REG (Conf),W 82-75,*,25,2,4,.500,0,0,,2,4,.500,.500,0,1,.000,4,6,10,2,0,1,4,3,4,3.1,Selena Philoxy,https://www.sports-reference.com/cbb/players/selena-philoxy-1.html,seton-hall,2018-19
16,48,16,2019-01-13,Seton Hall,,Providence,REG (Conf),W 79-73,*,23,3,9,.333,0,0,,3,9,.333,.333,0,6,.000,1,8,9,2,2,1,3,3,6,1.5,Selena Philoxy,https://www.sports-reference.com/cbb/players/selena-philoxy-1.html,seton-hall,2018-19
17,49,17,2019-01-18,Seton Hall,@,Marquette,REG (Conf),L 60-96,*,29,5,12,.417,0,1,.000,5,11,.455,.417,0,1,.000,0,11,11,1,4,0,2,2,10,8.4,Selena Philoxy,https://www.sports-reference.com/cbb/players/selena-philoxy-1.html,seton-hall,2018-19
18,50,18,2019-01-20,Seton Hall,@,DePaul,REG (Conf),W 84-73,*,19,4,6,.667,0,0,,4,6,.667,.667,1,4,.250,2,4,6,0,1,0,1,3,9,6.6,Selena Philoxy,https://www.sports-reference.com/cbb/players/selena-philoxy-1.html,seton-hall,2018-19
19,51,19,2019-01-25,Seton Hall,,Villanova,REG (Conf),L 66-70,*,21,0,5,.000,0,0,,0,5,.000,.000,0,0,,3,5,8,1,1,1,2,3,0,-0.7,Selena Philoxy,https://www.sports-reference.com/cbb/players/selena-philoxy-1.html,seton-hall,2018-19
20,52,20,2019-01-27,Seton Hall,,Georgetown,REG (Conf),W 76-63,*,36,1,4,.250,0,0,,1,4,.250,.250,0,1,.000,2,10,12,5,0,0,4,4,2,1.5,Selena Philoxy,https://www.sports-reference.com/cbb/players/selena-philoxy-1.html,seton-hall,2018-19
21,53,21,2019-02-01,Seton Hall,,Xavier,REG (Conf),L 76-80,*,27,1,4,.250,0,0,,1,4,.250,.250,0,0,,1,7,8,2,1,0,1,3,2,2.6,Selena Philoxy,https://www.sports-reference.com/cbb/players/selena-philoxy-1.html,seton-hall,2018-19
22,54,22,2019-02-03,Seton Hall,,Butler,REG (Conf),W 83-62,*,25,0,5,.000,0,0,,0,5,.000,.000,0,0,,0,5,5,2,2,2,4,2,0,-2.0,Selena Philoxy,https://www.sports-reference.com/cbb/players/selena-philoxy-1.html,seton-hall,2018-19
23,55,23,2019-02-08,Seton Hall,@,Providence,REG (Conf),L 75-82,*,26,1,5,.200,0,0,,1,5,.200,.200,1,2,.500,3,11,14,0,0,0,1,1,3,3.5,Selena Philoxy,https://www.sports-reference.com/cbb/players/selena-philoxy-1.html,seton-hall,2018-19
24,56,24,2019-02-10,Seton Hall,@,Creighton,REG (Conf),L 71-80,*,14,2,5,.400,0,0,,2,5,.400,.400,0,0,,0,6,6,0,0,0,2,3,4,-0.1,Selena Philoxy,https://www.sports-reference.com/cbb/players/selena-philoxy-1.html,seton-hall,2018-19
25,57,25,2019-02-15,Seton Hall,,DePaul,REG (Conf),L 85-94,,22,1,1,1.000,0,0,,1,1,1.000,1.000,0,2,.000,4,4,8,3,1,1,2,3,2,5.5,Selena Philoxy,https://www.sports-reference.com/cbb/players/selena-philoxy-1.html,seton-hall,2018-19
26,58,26,2019-02-17,Seton Hall,,Marquette,REG (Conf),L 63-109,,18,2,6,.333,0,0,,2,6,.333,.333,4,4,1.000,2,3,5,0,0,0,4,2,8,2.1,Selena Philoxy,https://www.sports-reference.com/cbb/players/selena-philoxy-1.html,seton-hall,2018-19
27,59,27,2019-02-22,Seton Hall,@,Georgetown,REG (Conf),L 43-51,,28,1,2,.500,0,0,,1,2,.500,.500,0,0,,0,6,6,1,0,0,5,3,2,-2.7,Selena Philoxy,https://www.sports-reference.com/cbb/players/selena-philoxy-1.html,seton-hall,2018-19
28,60,28,2019-02-24,Seton Hall,@,Villanova,REG (Conf),L 68-73,,24,2,7,.286,0,0,,2,7,.286,.286,1,2,.500,3,7,10,2,1,0,3,4,5,2.5,Selena Philoxy,https://www.sports-reference.com/cbb/players/selena-philoxy-1.html,seton-hall,2018-19
29,61,29,2019-03-03,Seton Hall,@,St. John's (NY),REG (Conf),W 76-72,*,24,2,6,.333,0,0,,2,6,.333,.333,0,0,,2,9,11,1,0,1,2,3,4,2.9,Selena Philoxy,https://www.sports-reference.com/cbb/players/selena-philoxy-1.html,seton-hall,2018-19
30,62,30,2019-03-09,Seton Hall,,St. John's (NY),CTOURN,L 51-76,*,32,5,8,.625,0,0,,5,8,.625,.625,4,8,.500,2,4,6,1,0,0,3,0,14,9.1,Selena Philoxy,https://www.sports-reference.com/cbb/players/selena-philoxy-1.html,seton-hall,2018-19
31,63,31,2019-03-21,Seton Hall,@,Toledo,WNIT,L 65-71,*,33,7,13,.538,0,0,,7,13,.538,.538,5,8,.625,1,6,7,2,0,0,2,4,19,11.8,Selena Philoxy,https://www.sports-reference.com/cbb/players/selena-philoxy-1.html,seton-hall,2018-19
