ranker,player_game_num_career,team_game_num_season,date,team_name_abbr,game_location,opp_name_abbr,game_type,game_result,is_starter,mp,fg,fga,fg_pct,fg3,fg3a,fg3_pct,fg2,fg2a,fg2_pct,efg_pct,ft,fta,ft_pct,orb,drb,trb,ast,stl,blk,tov,pf,pts,game_score,player_name,player_sr_link,school,season
1,75,1,2018-11-06,Seton Hall,,Wagner,REG (Non-Conf),W 95-40,*,24,7,12,.583,7,12,.583,0,0,,.875,0,0,,0,3,3,4,0,0,2,1,21,16.7,Victoria Cardaci,https://www.sports-reference.com/cbb/players/victoria-cardaci-1.html,seton-hall,2018-19
2,76,2,2018-11-10,Seton Hall,,Kennesaw State,REG (Non-Conf),W 102-80,*,24,2,3,.667,1,2,.500,1,1,1.000,.833,0,0,,1,0,1,1,1,0,1,2,5,4.3,Victoria Cardaci,https://www.sports-reference.com/cbb/players/victoria-cardaci-1.html,seton-hall,2018-19
3,77,3,2018-11-11,Seton Hall,,UTSA,REG (Non-Conf),W 84-53,*,21,2,6,.333,1,5,.200,1,1,1.000,.417,0,0,,0,1,1,6,3,0,0,3,5,7.9,Victoria Cardaci,https://www.sports-reference.com/cbb/players/victoria-cardaci-1.html,seton-hall,2018-19
4,78,4,2018-11-14,Seton Hall,@,Princeton,REG (Non-Conf),W 70-66,*,24,2,7,.286,2,7,.286,0,0,,.429,0,0,,1,1,2,5,0,0,1,2,6,4.6,Victoria Cardaci,https://www.sports-reference.com/cbb/players/victoria-cardaci-1.html,seton-hall,2018-19
5,79,5,2018-11-18,Seton Hall,@,UCLA,REG (Non-Conf),L 62-78,*,23,2,7,.286,2,7,.286,0,0,,.429,0,0,,1,1,2,2,1,1,2,2,6,3.2,Victoria Cardaci,https://www.sports-reference.com/cbb/players/victoria-cardaci-1.html,seton-hall,2018-19
6,80,6,2018-11-25,Seton Hall,,St. Francis Brooklyn,REG (Non-Conf),W 100-77,*,26,3,11,.273,3,11,.273,0,0,,.409,0,0,,0,0,0,1,1,1,0,2,9,4.1,Victoria Cardaci,https://www.sports-reference.com/cbb/players/victoria-cardaci-1.html,seton-hall,2018-19
7,81,7,2018-11-27,Seton Hall,,UMass Lowell,REG (Non-Conf),W 90-57,*,24,6,11,.545,6,10,.600,0,1,.000,.818,0,0,,1,1,2,0,1,1,0,1,18,15.0,Victoria Cardaci,https://www.sports-reference.com/cbb/players/victoria-cardaci-1.html,seton-hall,2018-19
8,82,8,2018-12-02,Seton Hall,,Saint Peter's,REG (Non-Conf),W 90-47,*,34,4,10,.400,4,10,.400,0,0,,.600,0,0,,0,1,1,3,1,0,0,1,12,9.6,Victoria Cardaci,https://www.sports-reference.com/cbb/players/victoria-cardaci-1.html,seton-hall,2018-19
9,83,9,2018-12-08,Seton Hall,@,Connecticut,REG (Non-Conf),L 61-99,*,22,0,5,.000,0,5,.000,0,0,,.000,0,0,,0,0,0,0,0,0,1,0,0,-4.5,Victoria Cardaci,https://www.sports-reference.com/cbb/players/victoria-cardaci-1.html,seton-hall,2018-19
10,84,10,2018-12-20,Seton Hall,@,Georgia Tech,REG (Non-Conf),L 73-84,*,21,1,4,.250,1,3,.333,0,1,.000,.375,0,0,,1,2,3,1,0,0,0,0,3,2.6,Victoria Cardaci,https://www.sports-reference.com/cbb/players/victoria-cardaci-1.html,seton-hall,2018-19
11,85,11,2018-12-21,Seton Hall,@,UNC Greensboro,REG (Non-Conf),W 71-64,*,29,5,9,.556,2,5,.400,3,4,.750,.667,1,1,1.000,0,2,2,1,2,0,0,0,13,12.0,Victoria Cardaci,https://www.sports-reference.com/cbb/players/victoria-cardaci-1.html,seton-hall,2018-19
12,86,12,2018-12-30,Seton Hall,,St. John's (NY),REG (Conf),W 77-67,*,14,1,1,1.000,1,1,1.000,0,0,,1.500,0,0,,1,0,1,0,0,0,0,3,3,2.2,Victoria Cardaci,https://www.sports-reference.com/cbb/players/victoria-cardaci-1.html,seton-hall,2018-19
13,87,13,2019-01-04,Seton Hall,@,Butler,REG (Conf),L 59-62,*,14,0,7,.000,0,7,.000,0,0,,.000,0,0,,1,3,4,0,1,0,0,0,0,-2.3,Victoria Cardaci,https://www.sports-reference.com/cbb/players/victoria-cardaci-1.html,seton-hall,2018-19
14,88,14,2019-01-06,Seton Hall,@,Xavier,REG (Conf),L 62-63 (OT),*,20,1,5,.200,1,4,.250,0,1,.000,.300,0,0,,0,3,3,1,0,0,1,1,3,0.1,Victoria Cardaci,https://www.sports-reference.com/cbb/players/victoria-cardaci-1.html,seton-hall,2018-19
15,89,15,2019-01-11,Seton Hall,,Creighton,REG (Conf),W 82-75,*,26,1,6,.167,0,4,.000,1,2,.500,.167,0,0,,0,3,3,1,0,0,0,1,2,-0.6,Victoria Cardaci,https://www.sports-reference.com/cbb/players/victoria-cardaci-1.html,seton-hall,2018-19
16,90,16,2019-01-13,Seton Hall,,Providence,REG (Conf),W 79-73,*,9,1,1,1.000,1,1,1.000,0,0,,1.500,0,0,,0,0,0,0,0,0,1,4,3,0.1,Victoria Cardaci,https://www.sports-reference.com/cbb/players/victoria-cardaci-1.html,seton-hall,2018-19
17,91,17,2019-01-18,Seton Hall,@,Marquette,REG (Conf),L 60-96,*,35,6,13,.462,4,9,.444,2,4,.500,.615,0,0,,1,1,2,2,1,0,1,2,16,10.9,Victoria Cardaci,https://www.sports-reference.com/cbb/players/victoria-cardaci-1.html,seton-hall,2018-19
18,92,18,2019-01-20,Seton Hall,@,DePaul,REG (Conf),W 84-73,*,40,4,11,.364,4,8,.500,0,3,.000,.545,0,0,,2,5,7,3,1,0,2,3,12,8.7,Victoria Cardaci,https://www.sports-reference.com/cbb/players/victoria-cardaci-1.html,seton-hall,2018-19
19,93,19,2019-01-25,Seton Hall,,Villanova,REG (Conf),L 66-70,*,28,1,8,.125,1,8,.125,0,0,,.188,0,0,,0,1,1,0,0,0,0,0,3,-1.9,Victoria Cardaci,https://www.sports-reference.com/cbb/players/victoria-cardaci-1.html,seton-hall,2018-19
20,94,20,2019-01-27,Seton Hall,,Georgetown,REG (Conf),W 76-63,,7,0,0,,0,0,,0,0,,,0,0,,0,0,0,1,0,0,1,2,0,-1.1,Victoria Cardaci,https://www.sports-reference.com/cbb/players/victoria-cardaci-1.html,seton-hall,2018-19
21,95,21,2019-02-01,Seton Hall,,Xavier,REG (Conf),L 76-80,,8,0,1,.000,0,0,,0,1,.000,.000,0,0,,0,0,0,0,0,0,1,0,0,-1.7,Victoria Cardaci,https://www.sports-reference.com/cbb/players/victoria-cardaci-1.html,seton-hall,2018-19
22,96,22,2019-02-03,Seton Hall,,Butler,REG (Conf),W 83-62,,5,0,1,.000,0,1,.000,0,0,,.000,0,0,,0,0,0,0,0,0,1,2,0,-2.5,Victoria Cardaci,https://www.sports-reference.com/cbb/players/victoria-cardaci-1.html,seton-hall,2018-19
23,97,23,2019-02-08,Seton Hall,@,Providence,REG (Conf),L 75-82,,4,0,2,.000,0,2,.000,0,0,,.000,0,0,,0,0,0,0,0,0,0,0,0,-1.4,Victoria Cardaci,https://www.sports-reference.com/cbb/players/victoria-cardaci-1.html,seton-hall,2018-19
24,98,24,2019-02-10,Seton Hall,@,Creighton,REG (Conf),L 71-80,,16,0,3,.000,0,1,.000,0,2,.000,.000,0,0,,1,2,3,1,0,0,1,1,0,-1.5,Victoria Cardaci,https://www.sports-reference.com/cbb/players/victoria-cardaci-1.html,seton-hall,2018-19
25,99,25,2019-02-15,Seton Hall,,DePaul,REG (Conf),L 85-94,,14,2,2,1.000,2,2,1.000,0,0,,1.500,1,2,.500,0,2,2,0,0,0,0,3,7,5.4,Victoria Cardaci,https://www.sports-reference.com/cbb/players/victoria-cardaci-1.html,seton-hall,2018-19
26,100,26,2019-02-17,Seton Hall,,Marquette,REG (Conf),L 63-109,*,22,0,3,.000,0,3,.000,0,0,,.000,0,0,,1,0,1,2,1,0,1,2,0,-0.8,Victoria Cardaci,https://www.sports-reference.com/cbb/players/victoria-cardaci-1.html,seton-hall,2018-19
27,101,28,2019-02-24,Seton Hall,@,Villanova,REG (Conf),L 68-73,,13,2,5,.400,2,5,.400,0,0,,.600,0,0,,0,2,2,0,0,0,1,1,6,2.5,Victoria Cardaci,https://www.sports-reference.com/cbb/players/victoria-cardaci-1.html,seton-hall,2018-19
28,102,29,2019-03-03,Seton Hall,@,St. John's (NY),REG (Conf),W 76-72,*,17,0,1,.000,0,1,.000,0,0,,.000,0,0,,0,0,0,0,0,0,1,2,0,-2.5,Victoria Cardaci,https://www.sports-reference.com/cbb/players/victoria-cardaci-1.html,seton-hall,2018-19
29,103,30,2019-03-09,Seton Hall,,St. John's (NY),CTOURN,L 51-76,*,15,0,4,.000,0,4,.000,0,0,,.000,0,0,,0,0,0,0,0,0,0,1,0,-3.2,Victoria Cardaci,https://www.sports-reference.com/cbb/players/victoria-cardaci-1.html,seton-hall,2018-19
30,104,31,2019-03-21,Seton Hall,@,Toledo,WNIT,L 65-71,*,33,5,8,.625,4,7,.571,1,1,1.000,.875,0,0,,0,3,3,1,2,0,1,1,14,12.6,Victoria Cardaci,https://www.sports-reference.com/cbb/players/victoria-cardaci-1.html,seton-hall,2018-19
