ranker,player_game_num_career,team_game_num_season,date,team_name_abbr,game_location,opp_name_abbr,game_type,game_result,is_starter,mp,fg,fga,fg_pct,fg3,fg3a,fg2,fg2a,fg2_pct,efg_pct,ft,fta,ft_pct,orb,drb,trb,ast,stl,blk,tov,pf,pts,game_score,player_name,player_sr_link,school,season
1,1,1,2018-11-06,Seton Hall,,Wagner,REG (Non-Conf),W 95-40,*,15,1,2,.500,0,0,1,2,.500,.500,3,8,.375,3,5,8,0,0,0,1,1,5,4.2,Whitney Howell,https://www.sports-reference.com/cbb/players/whitney-howell-1.html,seton-hall,2018-19
2,2,2,2018-11-10,Seton Hall,,Kennesaw State,REG (Non-Conf),W 102-80,*,7,1,3,.333,0,0,1,3,.333,.333,0,0,,1,1,2,0,0,0,1,1,2,-0.1,Whitney Howell,https://www.sports-reference.com/cbb/players/whitney-howell-1.html,seton-hall,2018-19
3,3,3,2018-11-11,Seton Hall,,UTSA,REG (Non-Conf),W 84-53,*,14,0,2,.000,0,0,0,2,.000,.000,0,2,.000,1,1,2,1,0,3,1,2,0,-0.2,Whitney Howell,https://www.sports-reference.com/cbb/players/whitney-howell-1.html,seton-hall,2018-19
4,4,5,2018-11-18,Seton Hall,@,UCLA,REG (Non-Conf),L 62-78,,1,0,0,,0,0,0,0,,,0,0,,0,0,0,0,0,0,0,0,0,0.0,Whitney Howell,https://www.sports-reference.com/cbb/players/whitney-howell-1.html,seton-hall,2018-19
5,5,6,2018-11-25,Seton Hall,,St. Francis Brooklyn,REG (Non-Conf),W 100-77,,5,0,0,,0,0,0,0,,,0,0,,0,2,2,0,0,0,0,2,0,-0.2,Whitney Howell,https://www.sports-reference.com/cbb/players/whitney-howell-1.html,seton-hall,2018-19
6,6,7,2018-11-27,Seton Hall,,UMass Lowell,REG (Non-Conf),W 90-57,,5,1,1,1.000,0,0,1,1,1.000,1.000,0,0,,0,0,0,0,1,0,1,1,2,1.3,Whitney Howell,https://www.sports-reference.com/cbb/players/whitney-howell-1.html,seton-hall,2018-19
7,7,8,2018-12-02,Seton Hall,,Saint Peter's,REG (Non-Conf),W 90-47,*,7,3,5,.600,0,0,3,5,.600,.600,0,0,,2,1,3,1,0,2,0,1,6,7.1,Whitney Howell,https://www.sports-reference.com/cbb/players/whitney-howell-1.html,seton-hall,2018-19
8,8,9,2018-12-08,Seton Hall,@,Connecticut,REG (Non-Conf),L 61-99,,1,0,0,,0,0,0,0,,,0,0,,1,0,1,0,0,0,1,0,0,-0.3,Whitney Howell,https://www.sports-reference.com/cbb/players/whitney-howell-1.html,seton-hall,2018-19
9,9,10,2018-12-20,Seton Hall,@,Georgia Tech,REG (Non-Conf),L 73-84,,1,1,1,1.000,0,0,1,1,1.000,1.000,0,0,,0,0,0,0,0,0,0,0,2,1.7,Whitney Howell,https://www.sports-reference.com/cbb/players/whitney-howell-1.html,seton-hall,2018-19
10,10,11,2018-12-21,Seton Hall,@,UNC Greensboro,REG (Non-Conf),W 71-64,,2,1,1,1.000,0,0,1,1,1.000,1.000,0,0,,0,0,0,0,0,0,0,0,2,1.7,Whitney Howell,https://www.sports-reference.com/cbb/players/whitney-howell-1.html,seton-hall,2018-19
11,11,17,2019-01-18,Seton Hall,@,Marquette,REG (Conf),L 60-96,,7,0,1,.000,0,0,0,1,.000,.000,1,2,.500,3,2,5,1,0,0,1,0,1,2.3,Whitney Howell,https://www.sports-reference.com/cbb/players/whitney-howell-1.html,seton-hall,2018-19
12,12,22,2019-02-03,Seton Hall,,Butler,REG (Conf),W 83-62,,1,0,0,,0,0,0,0,,,0,0,,0,1,1,0,0,0,0,0,0,0.3,Whitney Howell,https://www.sports-reference.com/cbb/players/whitney-howell-1.html,seton-hall,2018-19
13,13,26,2019-02-17,Seton Hall,,Marquette,REG (Conf),L 63-109,,5,1,1,1.000,0,0,1,1,1.000,1.000,0,0,,0,1,1,0,0,0,1,1,2,0.6,Whitney Howell,https://www.sports-reference.com/cbb/players/whitney-howell-1.html,seton-hall,2018-19
14,14,27,2019-02-22,Seton Hall,@,Georgetown,REG (Conf),L 43-51,*,12,1,1,1.000,0,0,1,1,1.000,1.000,0,0,,2,1,3,0,0,0,2,2,2,0.6,Whitney Howell,https://www.sports-reference.com/cbb/players/whitney-howell-1.html,seton-hall,2018-19
15,15,28,2019-02-24,Seton Hall,@,Villanova,REG (Conf),L 68-73,*,10,0,1,.000,0,0,0,1,.000,.000,0,0,,2,1,3,0,0,0,1,2,0,-0.8,Whitney Howell,https://www.sports-reference.com/cbb/players/whitney-howell-1.html,seton-hall,2018-19
16,16,29,2019-03-03,Seton Hall,@,St. John's (NY),REG (Conf),W 76-72,,4,0,0,,0,0,0,0,,,0,0,,0,0,0,0,1,0,0,0,0,1.0,Whitney Howell,https://www.sports-reference.com/cbb/players/whitney-howell-1.html,seton-hall,2018-19
17,17,30,2019-03-09,Seton Hall,,St. John's (NY),CTOURN,L 51-76,,5,0,0,,0,0,0,0,,,0,0,,0,0,0,0,0,0,0,1,0,-0.4,Whitney Howell,https://www.sports-reference.com/cbb/players/whitney-howell-1.html,seton-hall,2018-19
18,18,31,2019-03-21,Seton Hall,@,Toledo,WNIT,L 65-71,,9,0,0,,0,0,0,0,,,0,0,,0,1,1,1,0,0,2,1,0,-1.4,Whitney Howell,https://www.sports-reference.com/cbb/players/whitney-howell-1.html,seton-hall,2018-19
