ranker,player_game_num_career,team_game_num_season,date,team_name_abbr,game_location,opp_name_abbr,game_type,game_result,is_starter,mp,fg,fga,fg_pct,fg3,fg3a,fg3_pct,fg2,fg2a,fg2_pct,efg_pct,ft,fta,ft_pct,orb,drb,trb,ast,stl,blk,tov,pf,pts,game_score,player_name,player_sr_link,school,season
1,97,1,2019-11-06,Seton Hall,,Sacred Heart,REG (Non-Conf),W 95-69,*,32,3,13,.231,3,9,.333,0,4,.000,.346,0,0,,1,1,2,2,3,1,3,2,9,3.4,Alexis Lewis,https://www.sports-reference.com/cbb/players/alexis-lewis-1.html,seton-hall,2019-20
2,98,2,2019-11-09,Seton Hall,,Fairfield,REG (Non-Conf),W 74-44,*,27,4,11,.364,2,8,.250,2,3,.667,.455,1,1,1.000,2,5,7,1,0,1,3,1,11,5.8,Alexis Lewis,https://www.sports-reference.com/cbb/players/alexis-lewis-1.html,seton-hall,2019-20
3,99,3,2019-11-12,Seton Hall,,VCU,REG (Non-Conf),W 53-33,*,30,5,15,.333,3,10,.300,2,5,.400,.433,0,0,,1,4,5,1,4,0,2,2,13,8.3,Alexis Lewis,https://www.sports-reference.com/cbb/players/alexis-lewis-1.html,seton-hall,2019-20
4,100,4,2019-11-15,Seton Hall,,Princeton,REG (Non-Conf),L 76-78,*,38,9,12,.750,2,4,.500,7,8,.875,.833,7,8,.875,3,4,7,0,5,0,2,2,27,27.3,Alexis Lewis,https://www.sports-reference.com/cbb/players/alexis-lewis-1.html,seton-hall,2019-20
5,101,5,2019-11-17,Seton Hall,@,Saint Joseph's,REG (Non-Conf),W 55-39,*,37,5,16,.313,2,10,.200,3,6,.500,.375,0,0,,1,3,4,0,2,0,2,3,12,3.2,Alexis Lewis,https://www.sports-reference.com/cbb/players/alexis-lewis-1.html,seton-hall,2019-20
6,102,6,2019-11-22,Seton Hall,@,Lehigh,REG (Non-Conf),L 68-75,*,33,6,18,.333,1,7,.143,5,11,.455,.361,4,4,1.000,1,6,7,1,0,1,0,3,17,9.5,Alexis Lewis,https://www.sports-reference.com/cbb/players/alexis-lewis-1.html,seton-hall,2019-20
7,103,7,2019-11-28,Seton Hall,@,Georgia Tech,REG (Non-Conf),L 54-79,*,34,5,12,.417,4,8,.500,1,4,.250,.583,0,0,,2,4,6,0,3,0,2,0,14,11.2,Alexis Lewis,https://www.sports-reference.com/cbb/players/alexis-lewis-1.html,seton-hall,2019-20
8,104,8,2019-11-29,Seton Hall,,Vanderbilt,REG (Non-Conf),W 69-65,*,38,8,17,.471,4,12,.333,4,5,.800,.588,4,4,1.000,4,4,8,2,4,2,3,3,24,21.9,Alexis Lewis,https://www.sports-reference.com/cbb/players/alexis-lewis-1.html,seton-hall,2019-20
9,105,9,2019-12-05,Seton Hall,,Connecticut,REG (Non-Conf),L 78-92,*,30,2,12,.167,2,12,.167,0,0,,.250,0,0,,0,3,3,1,0,0,0,4,6,-1.6,Alexis Lewis,https://www.sports-reference.com/cbb/players/alexis-lewis-1.html,seton-hall,2019-20
10,106,10,2019-12-08,Seton Hall,@,Iona,REG (Non-Conf),W 89-37,*,26,4,9,.444,1,5,.200,3,4,.750,.500,1,2,.500,3,3,6,3,2,2,1,2,10,11.6,Alexis Lewis,https://www.sports-reference.com/cbb/players/alexis-lewis-1.html,seton-hall,2019-20
11,107,11,2019-12-20,Seton Hall,,Lafayette,REG (Non-Conf),W 74-50,*,23,3,8,.375,0,4,.000,3,4,.750,.375,0,0,,1,1,2,2,1,1,3,3,6,1.5,Alexis Lewis,https://www.sports-reference.com/cbb/players/alexis-lewis-1.html,seton-hall,2019-20
12,108,12,2019-12-29,Seton Hall,@,Butler,REG (Conf),W 67-62,*,25,7,12,.583,3,8,.375,4,4,1.000,.708,0,0,,2,3,5,0,6,1,1,2,17,18.6,Alexis Lewis,https://www.sports-reference.com/cbb/players/alexis-lewis-1.html,seton-hall,2019-20
13,109,13,2019-12-31,Seton Hall,@,Xavier,REG (Conf),W 83-61,*,35,2,13,.154,2,10,.200,0,3,.000,.231,0,0,,4,2,6,3,1,0,1,3,6,2.0,Alexis Lewis,https://www.sports-reference.com/cbb/players/alexis-lewis-1.html,seton-hall,2019-20
14,110,14,2020-01-03,Seton Hall,,Villanova,REG (Conf),L 55-61,*,23,2,8,.250,1,7,.143,1,1,1.000,.313,0,0,,3,5,8,0,3,0,2,1,5,4.4,Alexis Lewis,https://www.sports-reference.com/cbb/players/alexis-lewis-1.html,seton-hall,2019-20
15,111,15,2020-01-05,Seton Hall,,Georgetown,REG (Conf),W 79-60,,16,1,3,.333,1,3,.333,0,0,,.500,0,0,,2,4,6,1,2,0,0,0,3,6.6,Alexis Lewis,https://www.sports-reference.com/cbb/players/alexis-lewis-1.html,seton-hall,2019-20
16,112,16,2020-01-10,Seton Hall,@,DePaul,REG (Conf),L 68-85,,18,4,11,.364,4,9,.444,0,2,.000,.545,0,0,,1,2,3,1,0,0,0,2,12,7.1,Alexis Lewis,https://www.sports-reference.com/cbb/players/alexis-lewis-1.html,seton-hall,2019-20
17,113,17,2020-01-12,Seton Hall,@,Marquette,REG (Conf),L 60-81,,16,0,3,.000,0,3,.000,0,0,,.000,0,0,,1,2,3,0,0,0,2,4,0,-4.4,Alexis Lewis,https://www.sports-reference.com/cbb/players/alexis-lewis-1.html,seton-hall,2019-20
18,114,18,2020-01-17,Seton Hall,,Creighton,REG (Conf),W 82-70,*,40,8,12,.667,2,4,.500,6,8,.750,.750,0,0,,3,4,7,3,3,0,3,1,18,17.8,Alexis Lewis,https://www.sports-reference.com/cbb/players/alexis-lewis-1.html,seton-hall,2019-20
19,115,19,2020-01-19,Seton Hall,,Providence,REG (Conf),W 97-55,*,27,6,12,.500,5,9,.556,1,3,.333,.708,3,3,1.000,0,5,5,2,2,0,1,1,20,17.5,Alexis Lewis,https://www.sports-reference.com/cbb/players/alexis-lewis-1.html,seton-hall,2019-20
20,116,20,2020-01-26,Seton Hall,,St. John's (NY),REG (Conf),L 66-82,*,37,6,12,.500,3,8,.375,3,4,.750,.625,1,2,.500,4,6,10,1,0,0,1,1,16,13.5,Alexis Lewis,https://www.sports-reference.com/cbb/players/alexis-lewis-1.html,seton-hall,2019-20
21,117,21,2020-01-31,Seton Hall,@,Georgetown,REG (Conf),W 61-47,*,38,6,14,.429,4,10,.400,2,4,.500,.571,2,2,1.000,2,8,10,4,2,1,1,0,18,18.9,Alexis Lewis,https://www.sports-reference.com/cbb/players/alexis-lewis-1.html,seton-hall,2019-20
22,118,22,2020-02-02,Seton Hall,@,Villanova,REG (Conf),W 65-63,*,36,5,14,.357,1,8,.125,4,6,.667,.393,0,0,,4,4,8,1,1,0,2,3,11,5.7,Alexis Lewis,https://www.sports-reference.com/cbb/players/alexis-lewis-1.html,seton-hall,2019-20
23,119,23,2020-02-07,Seton Hall,,Marquette,REG (Conf),W 72-60,*,37,11,15,.733,6,7,.857,5,8,.625,.933,0,0,,3,5,8,1,3,1,2,1,28,27.5,Alexis Lewis,https://www.sports-reference.com/cbb/players/alexis-lewis-1.html,seton-hall,2019-20
24,120,24,2020-02-09,Seton Hall,,DePaul,REG (Conf),L 76-86,*,20,2,6,.333,2,4,.500,0,2,.000,.500,0,0,,0,1,1,1,1,0,0,4,6,3.0,Alexis Lewis,https://www.sports-reference.com/cbb/players/alexis-lewis-1.html,seton-hall,2019-20
25,121,25,2020-02-14,Seton Hall,@,Providence,REG (Conf),W 71-45,*,28,3,10,.300,1,3,.333,2,7,.286,.350,0,0,,1,4,5,3,0,0,2,1,7,2.8,Alexis Lewis,https://www.sports-reference.com/cbb/players/alexis-lewis-1.html,seton-hall,2019-20
26,122,26,2020-02-16,Seton Hall,@,Creighton,REG (Conf),L 66-78,*,31,2,7,.286,0,2,.000,2,5,.400,.286,0,0,,1,1,2,0,1,1,0,3,4,1.4,Alexis Lewis,https://www.sports-reference.com/cbb/players/alexis-lewis-1.html,seton-hall,2019-20
27,123,27,2020-02-22,Seton Hall,@,St. John's (NY),REG (Conf),L 76-77,*,38,9,17,.529,1,2,.500,8,15,.533,.559,3,3,1.000,4,8,12,0,1,0,3,1,22,16.5,Alexis Lewis,https://www.sports-reference.com/cbb/players/alexis-lewis-1.html,seton-hall,2019-20
28,124,28,2020-02-28,Seton Hall,,Xavier,REG (Conf),W 69-59,*,35,7,19,.368,2,10,.200,5,9,.556,.421,5,6,.833,3,7,10,4,3,0,1,1,21,18.7,Alexis Lewis,https://www.sports-reference.com/cbb/players/alexis-lewis-1.html,seton-hall,2019-20
29,125,29,2020-03-01,Seton Hall,,Butler,REG (Conf),W 66-53,*,36,7,12,.583,3,6,.500,4,6,.667,.708,3,4,.750,2,6,8,1,4,1,4,2,20,17.8,Alexis Lewis,https://www.sports-reference.com/cbb/players/alexis-lewis-1.html,seton-hall,2019-20
30,126,30,2020-03-07,Seton Hall,,Butler,CTOURN,W 83-57,*,34,7,13,.538,6,10,.600,1,3,.333,.769,0,0,,1,3,4,3,0,0,3,2,20,13.6,Alexis Lewis,https://www.sports-reference.com/cbb/players/alexis-lewis-1.html,seton-hall,2019-20
31,127,31,2020-03-08,Seton Hall,@,DePaul,CTOURN,L 80-83,*,38,4,10,.400,2,5,.400,2,5,.400,.500,0,0,,3,5,8,2,0,2,1,4,10,8.4,Alexis Lewis,https://www.sports-reference.com/cbb/players/alexis-lewis-1.html,seton-hall,2019-20
