ranker,player_game_num_career,team_game_num_season,date,team_name_abbr,game_location,opp_name_abbr,game_type,game_result,is_starter,mp,fg,fga,fg_pct,fg3,fg3a,fg3_pct,fg2,fg2a,fg2_pct,efg_pct,ft,fta,ft_pct,orb,drb,trb,ast,stl,blk,tov,pf,pts,game_score,player_name,player_sr_link,school,season
1,32,1,2019-11-06,Seton Hall,,Sacred Heart,REG (Non-Conf),W 95-69,*,22,3,10,.300,1,7,.143,2,3,.667,.350,1,1,1.000,0,3,3,3,1,0,2,3,8,3.0,Barbara Johnson,https://www.sports-reference.com/cbb/players/barbara-johnson-2.html,seton-hall,2019-20
2,33,2,2019-11-09,Seton Hall,,Fairfield,REG (Non-Conf),W 74-44,*,30,5,13,.385,1,4,.250,4,9,.444,.423,3,4,.750,0,2,2,1,2,0,2,0,14,7.8,Barbara Johnson,https://www.sports-reference.com/cbb/players/barbara-johnson-2.html,seton-hall,2019-20
3,34,3,2019-11-12,Seton Hall,,VCU,REG (Non-Conf),W 53-33,*,11,1,2,.500,0,1,.000,1,1,1.000,.500,2,2,1.000,0,0,0,0,0,0,2,1,4,0.6,Barbara Johnson,https://www.sports-reference.com/cbb/players/barbara-johnson-2.html,seton-hall,2019-20
4,35,4,2019-11-15,Seton Hall,,Princeton,REG (Non-Conf),L 76-78,*,34,8,14,.571,2,4,.500,6,10,.600,.643,3,4,.750,1,2,3,4,4,0,5,4,21,15.5,Barbara Johnson,https://www.sports-reference.com/cbb/players/barbara-johnson-2.html,seton-hall,2019-20
5,36,5,2019-11-17,Seton Hall,@,Saint Joseph's,REG (Non-Conf),W 55-39,,34,2,7,.286,1,2,.500,1,5,.200,.357,2,2,1.000,1,4,5,2,3,0,3,2,7,5.4,Barbara Johnson,https://www.sports-reference.com/cbb/players/barbara-johnson-2.html,seton-hall,2019-20
6,37,6,2019-11-22,Seton Hall,@,Lehigh,REG (Non-Conf),L 68-75,*,24,4,14,.286,1,6,.167,3,8,.375,.321,3,5,.600,0,3,3,2,1,0,0,3,12,5.1,Barbara Johnson,https://www.sports-reference.com/cbb/players/barbara-johnson-2.html,seton-hall,2019-20
7,38,7,2019-11-28,Seton Hall,@,Georgia Tech,REG (Non-Conf),L 54-79,*,25,3,8,.375,0,2,.000,3,6,.500,.375,0,0,,1,2,3,0,1,0,3,0,6,0.9,Barbara Johnson,https://www.sports-reference.com/cbb/players/barbara-johnson-2.html,seton-hall,2019-20
8,39,8,2019-11-29,Seton Hall,,Vanderbilt,REG (Non-Conf),W 69-65,*,19,3,13,.231,0,1,.000,3,12,.250,.231,0,0,,4,1,5,2,2,0,2,0,6,2.6,Barbara Johnson,https://www.sports-reference.com/cbb/players/barbara-johnson-2.html,seton-hall,2019-20
9,40,9,2019-12-05,Seton Hall,,Connecticut,REG (Non-Conf),L 78-92,*,7,1,3,.333,0,0,,1,3,.333,.333,0,0,,0,1,1,1,0,0,0,1,2,0.9,Barbara Johnson,https://www.sports-reference.com/cbb/players/barbara-johnson-2.html,seton-hall,2019-20
10,41,10,2019-12-08,Seton Hall,@,Iona,REG (Non-Conf),W 89-37,*,22,2,9,.222,1,4,.250,1,5,.200,.278,2,2,1.000,2,3,5,1,3,0,2,1,7,5.1,Barbara Johnson,https://www.sports-reference.com/cbb/players/barbara-johnson-2.html,seton-hall,2019-20
11,42,11,2019-12-20,Seton Hall,,Lafayette,REG (Non-Conf),W 74-50,*,22,4,10,.400,3,6,.500,1,4,.250,.550,2,2,1.000,1,1,2,3,2,0,2,1,13,10.3,Barbara Johnson,https://www.sports-reference.com/cbb/players/barbara-johnson-2.html,seton-hall,2019-20
12,43,12,2019-12-29,Seton Hall,@,Butler,REG (Conf),W 67-62,*,28,6,10,.600,3,4,.750,3,6,.500,.750,3,3,1.000,1,4,5,2,0,0,4,1,18,12.3,Barbara Johnson,https://www.sports-reference.com/cbb/players/barbara-johnson-2.html,seton-hall,2019-20
13,44,13,2019-12-31,Seton Hall,@,Xavier,REG (Conf),W 83-61,*,21,2,6,.333,2,4,.500,0,2,.000,.500,1,2,.500,0,2,2,1,1,0,1,0,7,4.5,Barbara Johnson,https://www.sports-reference.com/cbb/players/barbara-johnson-2.html,seton-hall,2019-20
14,45,14,2020-01-03,Seton Hall,,Villanova,REG (Conf),L 55-61,*,32,3,11,.273,2,5,.400,1,6,.167,.364,4,4,1.000,1,6,7,1,3,1,1,2,12,10.6,Barbara Johnson,https://www.sports-reference.com/cbb/players/barbara-johnson-2.html,seton-hall,2019-20
15,46,15,2020-01-05,Seton Hall,,Georgetown,REG (Conf),W 79-60,*,18,4,8,.500,1,4,.250,3,4,.750,.563,0,0,,0,0,0,0,2,0,1,2,9,5.2,Barbara Johnson,https://www.sports-reference.com/cbb/players/barbara-johnson-2.html,seton-hall,2019-20
16,47,16,2020-01-10,Seton Hall,@,DePaul,REG (Conf),L 68-85,*,29,7,11,.636,1,2,.500,6,9,.667,.682,2,2,1.000,6,4,10,2,2,1,3,2,17,17.8,Barbara Johnson,https://www.sports-reference.com/cbb/players/barbara-johnson-2.html,seton-hall,2019-20
17,48,17,2020-01-12,Seton Hall,@,Marquette,REG (Conf),L 60-81,*,28,8,17,.471,1,3,.333,7,14,.500,.500,3,5,.600,4,2,6,2,4,0,3,3,20,15.1,Barbara Johnson,https://www.sports-reference.com/cbb/players/barbara-johnson-2.html,seton-hall,2019-20
18,49,18,2020-01-17,Seton Hall,,Creighton,REG (Conf),W 82-70,*,32,4,10,.400,1,4,.250,3,6,.500,.450,1,2,.500,0,3,3,2,0,0,0,3,10,5.3,Barbara Johnson,https://www.sports-reference.com/cbb/players/barbara-johnson-2.html,seton-hall,2019-20
19,50,19,2020-01-19,Seton Hall,,Providence,REG (Conf),W 97-55,*,27,4,12,.333,0,1,.000,4,11,.364,.333,2,2,1.000,2,2,4,0,3,0,1,2,10,6.4,Barbara Johnson,https://www.sports-reference.com/cbb/players/barbara-johnson-2.html,seton-hall,2019-20
20,51,20,2020-01-26,Seton Hall,,St. John's (NY),REG (Conf),L 66-82,*,15,1,8,.125,0,3,.000,1,5,.200,.125,0,0,,2,0,2,0,0,0,2,3,2,-5.0,Barbara Johnson,https://www.sports-reference.com/cbb/players/barbara-johnson-2.html,seton-hall,2019-20
21,52,21,2020-01-31,Seton Hall,@,Georgetown,REG (Conf),W 61-47,*,12,1,5,.200,0,4,.000,1,1,1.000,.200,0,0,,1,4,5,0,1,0,2,1,2,-0.6,Barbara Johnson,https://www.sports-reference.com/cbb/players/barbara-johnson-2.html,seton-hall,2019-20
22,53,22,2020-02-02,Seton Hall,@,Villanova,REG (Conf),W 65-63,*,14,1,3,.333,0,0,,1,3,.333,.333,3,4,.750,0,0,0,0,0,0,0,1,5,2.5,Barbara Johnson,https://www.sports-reference.com/cbb/players/barbara-johnson-2.html,seton-hall,2019-20
23,54,23,2020-02-07,Seton Hall,,Marquette,REG (Conf),W 72-60,,1,0,0,,0,0,,0,0,,,0,0,,0,0,0,0,0,0,0,0,0,0.0,Barbara Johnson,https://www.sports-reference.com/cbb/players/barbara-johnson-2.html,seton-hall,2019-20
24,55,24,2020-02-09,Seton Hall,,DePaul,REG (Conf),L 76-86,,9,1,4,.250,1,2,.500,0,2,.000,.375,0,0,,0,0,0,0,1,0,1,1,3,0.2,Barbara Johnson,https://www.sports-reference.com/cbb/players/barbara-johnson-2.html,seton-hall,2019-20
25,56,25,2020-02-14,Seton Hall,@,Providence,REG (Conf),W 71-45,,18,5,11,.455,2,5,.400,3,6,.500,.545,0,1,.000,1,4,5,1,2,1,1,1,12,9.8,Barbara Johnson,https://www.sports-reference.com/cbb/players/barbara-johnson-2.html,seton-hall,2019-20
26,57,26,2020-02-16,Seton Hall,@,Creighton,REG (Conf),L 66-78,*,12,2,4,.500,0,1,.000,2,3,.667,.500,2,2,1.000,1,2,3,0,0,0,1,1,6,3.9,Barbara Johnson,https://www.sports-reference.com/cbb/players/barbara-johnson-2.html,seton-hall,2019-20
27,58,27,2020-02-22,Seton Hall,@,St. John's (NY),REG (Conf),L 76-77,,15,1,3,.333,0,2,.000,1,1,1.000,.333,1,2,.500,0,0,0,0,0,0,1,2,3,-0.9,Barbara Johnson,https://www.sports-reference.com/cbb/players/barbara-johnson-2.html,seton-hall,2019-20
28,59,28,2020-02-28,Seton Hall,,Xavier,REG (Conf),W 69-59,*,12,1,4,.250,1,3,.333,0,1,.000,.375,0,0,,0,0,0,0,0,0,1,0,3,-0.4,Barbara Johnson,https://www.sports-reference.com/cbb/players/barbara-johnson-2.html,seton-hall,2019-20
29,60,29,2020-03-01,Seton Hall,,Butler,REG (Conf),W 66-53,*,5,0,2,.000,0,1,.000,0,1,.000,.000,0,0,,1,0,1,0,0,0,0,1,0,-1.1,Barbara Johnson,https://www.sports-reference.com/cbb/players/barbara-johnson-2.html,seton-hall,2019-20
30,61,30,2020-03-07,Seton Hall,,Butler,CTOURN,W 83-57,*,14,1,3,.333,1,2,.500,0,1,.000,.500,0,0,,0,3,3,1,0,0,1,1,3,1.5,Barbara Johnson,https://www.sports-reference.com/cbb/players/barbara-johnson-2.html,seton-hall,2019-20
31,62,31,2020-03-08,Seton Hall,@,DePaul,CTOURN,L 80-83,*,8,1,3,.333,1,1,1.000,0,2,.000,.500,0,2,.000,3,0,3,0,0,0,1,0,3,1.6,Barbara Johnson,https://www.sports-reference.com/cbb/players/barbara-johnson-2.html,seton-hall,2019-20
