ranker,player_game_num_career,team_game_num_season,date,team_name_abbr,game_location,opp_name_abbr,game_type,game_result,is_starter,mp,fg,fga,fg_pct,fg3,fg3a,fg3_pct,fg2,fg2a,fg2_pct,efg_pct,ft,fta,ft_pct,orb,drb,trb,ast,stl,blk,tov,pf,pts,game_score,player_name,player_sr_link,school,season
1,54,1,2019-11-06,Seton Hall,,Sacred Heart,REG (Non-Conf),W 95-69,*,22,6,9,.667,1,1,1.000,5,8,.625,.722,7,8,.875,3,6,9,3,1,3,1,1,20,23.4,Desiree Elmore,https://www.sports-reference.com/cbb/players/desiree-elmore-1.html,seton-hall,2019-20
2,55,2,2019-11-09,Seton Hall,,Fairfield,REG (Non-Conf),W 74-44,*,30,7,9,.778,0,0,,7,9,.778,.778,4,4,1.000,3,11,14,3,2,1,3,3,18,20.5,Desiree Elmore,https://www.sports-reference.com/cbb/players/desiree-elmore-1.html,seton-hall,2019-20
3,56,3,2019-11-12,Seton Hall,,VCU,REG (Non-Conf),W 53-33,*,25,3,10,.300,0,1,.000,3,9,.333,.300,2,3,.667,1,4,5,1,1,1,3,3,8,1.9,Desiree Elmore,https://www.sports-reference.com/cbb/players/desiree-elmore-1.html,seton-hall,2019-20
4,57,4,2019-11-15,Seton Hall,,Princeton,REG (Non-Conf),L 76-78,*,27,9,16,.563,1,1,1.000,8,15,.533,.594,1,3,.333,0,7,7,4,1,1,3,4,20,13.6,Desiree Elmore,https://www.sports-reference.com/cbb/players/desiree-elmore-1.html,seton-hall,2019-20
5,58,5,2019-11-17,Seton Hall,@,Saint Joseph's,REG (Non-Conf),W 55-39,*,32,7,12,.583,0,0,,7,12,.583,.583,2,2,1.000,1,6,7,0,3,1,3,1,16,13.2,Desiree Elmore,https://www.sports-reference.com/cbb/players/desiree-elmore-1.html,seton-hall,2019-20
6,59,6,2019-11-22,Seton Hall,@,Lehigh,REG (Non-Conf),L 68-75,*,35,8,13,.615,0,0,,8,13,.615,.615,4,8,.500,5,11,16,2,0,0,1,5,20,17.7,Desiree Elmore,https://www.sports-reference.com/cbb/players/desiree-elmore-1.html,seton-hall,2019-20
7,60,7,2019-11-28,Seton Hall,@,Georgia Tech,REG (Non-Conf),L 54-79,*,30,4,12,.333,0,0,,4,12,.333,.333,6,8,.750,1,2,3,0,1,0,1,4,14,6.1,Desiree Elmore,https://www.sports-reference.com/cbb/players/desiree-elmore-1.html,seton-hall,2019-20
8,61,8,2019-11-29,Seton Hall,,Vanderbilt,REG (Non-Conf),W 69-65,*,37,7,17,.412,0,0,,7,17,.412,.412,1,3,.333,0,4,4,3,1,0,4,3,15,4.2,Desiree Elmore,https://www.sports-reference.com/cbb/players/desiree-elmore-1.html,seton-hall,2019-20
9,62,9,2019-12-05,Seton Hall,,Connecticut,REG (Non-Conf),L 78-92,*,33,7,14,.500,0,0,,7,14,.500,.500,2,2,1.000,1,3,4,3,1,1,3,3,16,10.2,Desiree Elmore,https://www.sports-reference.com/cbb/players/desiree-elmore-1.html,seton-hall,2019-20
10,63,10,2019-12-08,Seton Hall,@,Iona,REG (Non-Conf),W 89-37,*,23,8,15,.533,0,1,.000,8,14,.571,.533,1,2,.500,5,5,10,4,0,1,1,0,17,16.8,Desiree Elmore,https://www.sports-reference.com/cbb/players/desiree-elmore-1.html,seton-hall,2019-20
11,64,11,2019-12-20,Seton Hall,,Lafayette,REG (Non-Conf),W 74-50,,22,4,8,.500,0,0,,4,8,.500,.500,4,5,.800,3,5,8,1,3,1,5,2,12,9.8,Desiree Elmore,https://www.sports-reference.com/cbb/players/desiree-elmore-1.html,seton-hall,2019-20
12,65,12,2019-12-29,Seton Hall,@,Butler,REG (Conf),W 67-62,*,25,2,9,.222,0,1,.000,2,8,.250,.222,0,0,,1,3,4,3,0,1,1,2,4,1.1,Desiree Elmore,https://www.sports-reference.com/cbb/players/desiree-elmore-1.html,seton-hall,2019-20
13,66,13,2019-12-31,Seton Hall,@,Xavier,REG (Conf),W 83-61,*,23,1,7,.143,0,0,,1,7,.143,.143,8,11,.727,1,5,6,2,1,1,3,3,10,5.4,Desiree Elmore,https://www.sports-reference.com/cbb/players/desiree-elmore-1.html,seton-hall,2019-20
14,67,14,2020-01-03,Seton Hall,,Villanova,REG (Conf),L 55-61,*,25,5,11,.455,0,2,.000,5,9,.556,.455,2,2,1.000,2,3,5,0,1,1,6,2,12,3.5,Desiree Elmore,https://www.sports-reference.com/cbb/players/desiree-elmore-1.html,seton-hall,2019-20
15,68,15,2020-01-05,Seton Hall,,Georgetown,REG (Conf),W 79-60,,20,7,9,.778,1,1,1.000,6,8,.750,.833,6,7,.857,0,7,7,0,1,0,0,1,21,19.8,Desiree Elmore,https://www.sports-reference.com/cbb/players/desiree-elmore-1.html,seton-hall,2019-20
16,69,16,2020-01-10,Seton Hall,@,DePaul,REG (Conf),L 68-85,,24,5,10,.500,0,0,,5,10,.500,.500,1,1,1.000,1,1,2,2,0,0,7,3,11,0.2,Desiree Elmore,https://www.sports-reference.com/cbb/players/desiree-elmore-1.html,seton-hall,2019-20
17,70,17,2020-01-12,Seton Hall,@,Marquette,REG (Conf),L 60-81,,26,4,11,.364,0,0,,4,11,.364,.364,4,5,.800,2,3,5,3,1,1,4,5,12,5.6,Desiree Elmore,https://www.sports-reference.com/cbb/players/desiree-elmore-1.html,seton-hall,2019-20
18,71,18,2020-01-17,Seton Hall,,Creighton,REG (Conf),W 82-70,*,31,4,10,.400,1,2,.500,3,8,.375,.450,4,4,1.000,2,7,9,6,1,1,4,3,13,11.8,Desiree Elmore,https://www.sports-reference.com/cbb/players/desiree-elmore-1.html,seton-hall,2019-20
19,72,19,2020-01-19,Seton Hall,,Providence,REG (Conf),W 97-55,*,20,3,6,.500,1,1,1.000,2,5,.400,.583,2,6,.333,3,4,7,3,2,2,0,1,9,12.8,Desiree Elmore,https://www.sports-reference.com/cbb/players/desiree-elmore-1.html,seton-hall,2019-20
20,73,20,2020-01-26,Seton Hall,,St. John's (NY),REG (Conf),L 66-82,*,17,3,11,.273,0,1,.000,3,10,.300,.273,0,0,,2,1,3,1,1,1,1,1,6,2.2,Desiree Elmore,https://www.sports-reference.com/cbb/players/desiree-elmore-1.html,seton-hall,2019-20
21,74,21,2020-01-31,Seton Hall,@,Georgetown,REG (Conf),W 61-47,*,27,4,7,.571,0,0,,4,7,.571,.571,2,2,1.000,4,7,11,1,0,4,5,1,10,9.7,Desiree Elmore,https://www.sports-reference.com/cbb/players/desiree-elmore-1.html,seton-hall,2019-20
22,75,22,2020-02-02,Seton Hall,@,Villanova,REG (Conf),W 65-63,*,23,6,12,.500,0,0,,6,12,.500,.500,0,0,,0,6,6,2,1,0,1,3,12,8.0,Desiree Elmore,https://www.sports-reference.com/cbb/players/desiree-elmore-1.html,seton-hall,2019-20
23,76,23,2020-02-07,Seton Hall,,Marquette,REG (Conf),W 72-60,*,28,1,9,.111,0,1,.000,1,8,.125,.111,4,4,1.000,1,6,7,1,2,1,2,3,6,2.8,Desiree Elmore,https://www.sports-reference.com/cbb/players/desiree-elmore-1.html,seton-hall,2019-20
24,77,24,2020-02-09,Seton Hall,,DePaul,REG (Conf),L 76-86,*,35,5,10,.500,0,0,,5,10,.500,.500,3,4,.750,1,6,7,6,1,1,4,3,13,10.8,Desiree Elmore,https://www.sports-reference.com/cbb/players/desiree-elmore-1.html,seton-hall,2019-20
25,78,25,2020-02-14,Seton Hall,@,Providence,REG (Conf),W 71-45,*,20,4,8,.500,0,0,,4,8,.500,.500,4,4,1.000,1,8,9,2,0,0,0,3,12,11.3,Desiree Elmore,https://www.sports-reference.com/cbb/players/desiree-elmore-1.html,seton-hall,2019-20
26,79,26,2020-02-16,Seton Hall,@,Creighton,REG (Conf),L 66-78,*,22,3,10,.300,0,0,,3,10,.300,.300,0,0,,3,2,5,1,1,1,5,1,6,-0.1,Desiree Elmore,https://www.sports-reference.com/cbb/players/desiree-elmore-1.html,seton-hall,2019-20
27,80,27,2020-02-22,Seton Hall,@,St. John's (NY),REG (Conf),L 76-77,*,33,8,17,.471,0,0,,8,17,.471,.471,0,0,,6,5,11,2,0,2,3,3,16,11.6,Desiree Elmore,https://www.sports-reference.com/cbb/players/desiree-elmore-1.html,seton-hall,2019-20
28,81,28,2020-02-28,Seton Hall,,Xavier,REG (Conf),W 69-59,*,25,3,5,.600,0,0,,3,5,.600,.600,6,8,.750,2,5,7,3,3,1,2,4,12,14.0,Desiree Elmore,https://www.sports-reference.com/cbb/players/desiree-elmore-1.html,seton-hall,2019-20
29,82,29,2020-03-01,Seton Hall,,Butler,REG (Conf),W 66-53,*,31,5,14,.357,0,1,.000,5,13,.385,.357,0,2,.000,5,4,9,4,3,1,2,3,10,9.4,Desiree Elmore,https://www.sports-reference.com/cbb/players/desiree-elmore-1.html,seton-hall,2019-20
30,83,30,2020-03-07,Seton Hall,,Butler,CTOURN,W 83-57,*,29,2,5,.400,0,0,,2,5,.400,.400,1,2,.500,1,3,4,5,3,2,3,3,5,7.2,Desiree Elmore,https://www.sports-reference.com/cbb/players/desiree-elmore-1.html,seton-hall,2019-20
31,84,31,2020-03-08,Seton Hall,@,DePaul,CTOURN,L 80-83,*,38,12,16,.750,0,0,,12,16,.750,.750,2,4,.500,3,10,13,3,3,2,2,2,26,27.6,Desiree Elmore,https://www.sports-reference.com/cbb/players/desiree-elmore-1.html,seton-hall,2019-20
