ranker,player_game_num_career,team_game_num_season,date,team_name_abbr,game_location,opp_name_abbr,game_type,game_result,is_starter,mp,fg,fga,fg_pct,fg3,fg3a,fg2,fg2a,fg2_pct,efg_pct,ft,fta,ft_pct,orb,drb,trb,ast,stl,blk,tov,pf,pts,game_score,player_name,player_sr_link,school,season
1,12,11,2019-12-20,Seton Hall,,Lafayette,REG (Non-Conf),W 74-50,,9,3,4,.750,0,0,3,4,.750,.750,4,4,1.000,2,0,2,0,0,0,0,1,10,9.4,Femi Funeus,https://www.sports-reference.com/cbb/players/femi-funeus-1.html,seton-hall,2019-20
2,13,12,2019-12-29,Seton Hall,@,Butler,REG (Conf),W 67-62,,3,0,2,.000,0,0,0,2,.000,.000,1,2,.500,1,1,2,0,0,0,0,2,1,-0.6,Femi Funeus,https://www.sports-reference.com/cbb/players/femi-funeus-1.html,seton-hall,2019-20
3,14,13,2019-12-31,Seton Hall,@,Xavier,REG (Conf),W 83-61,,6,2,4,.500,0,0,2,4,.500,.500,0,0,,1,0,1,0,1,0,1,1,4,2.3,Femi Funeus,https://www.sports-reference.com/cbb/players/femi-funeus-1.html,seton-hall,2019-20
4,15,15,2020-01-05,Seton Hall,,Georgetown,REG (Conf),W 79-60,,13,2,6,.333,0,0,2,6,.333,.333,1,1,1.000,1,2,3,0,0,1,1,1,5,2.2,Femi Funeus,https://www.sports-reference.com/cbb/players/femi-funeus-1.html,seton-hall,2019-20
5,16,16,2020-01-10,Seton Hall,@,DePaul,REG (Conf),L 68-85,,3,0,2,.000,0,0,0,2,.000,.000,2,2,1.000,0,0,0,0,0,0,0,0,2,0.6,Femi Funeus,https://www.sports-reference.com/cbb/players/femi-funeus-1.html,seton-hall,2019-20
6,17,17,2020-01-12,Seton Hall,@,Marquette,REG (Conf),L 60-81,,4,0,1,.000,0,0,0,1,.000,.000,0,0,,0,1,1,0,0,0,1,3,0,-2.6,Femi Funeus,https://www.sports-reference.com/cbb/players/femi-funeus-1.html,seton-hall,2019-20
7,18,18,2020-01-17,Seton Hall,,Creighton,REG (Conf),W 82-70,,3,1,2,.500,0,0,1,2,.500,.500,0,0,,0,1,1,0,0,0,0,0,2,1.3,Femi Funeus,https://www.sports-reference.com/cbb/players/femi-funeus-1.html,seton-hall,2019-20
8,19,19,2020-01-19,Seton Hall,,Providence,REG (Conf),W 97-55,,13,2,7,.286,0,0,2,7,.286,.286,1,1,1.000,3,1,4,1,0,0,2,1,5,1.6,Femi Funeus,https://www.sports-reference.com/cbb/players/femi-funeus-1.html,seton-hall,2019-20
9,20,20,2020-01-26,Seton Hall,,St. John's (NY),REG (Conf),L 66-82,,4,0,0,,0,0,0,0,,,0,0,,1,0,1,0,0,0,1,0,0,-0.3,Femi Funeus,https://www.sports-reference.com/cbb/players/femi-funeus-1.html,seton-hall,2019-20
10,21,21,2020-01-31,Seton Hall,@,Georgetown,REG (Conf),W 61-47,,4,0,0,,0,0,0,0,,,0,0,,0,1,1,0,0,0,0,1,0,-0.1,Femi Funeus,https://www.sports-reference.com/cbb/players/femi-funeus-1.html,seton-hall,2019-20
11,22,23,2020-02-07,Seton Hall,,Marquette,REG (Conf),W 72-60,,19,2,6,.333,0,0,2,6,.333,.333,0,0,,2,2,4,0,1,0,1,2,4,1.8,Femi Funeus,https://www.sports-reference.com/cbb/players/femi-funeus-1.html,seton-hall,2019-20
12,23,24,2020-02-09,Seton Hall,,DePaul,REG (Conf),L 76-86,,7,0,1,.000,0,0,0,1,.000,.000,2,2,1.000,0,0,0,0,0,0,0,0,2,1.3,Femi Funeus,https://www.sports-reference.com/cbb/players/femi-funeus-1.html,seton-hall,2019-20
13,24,25,2020-02-14,Seton Hall,@,Providence,REG (Conf),W 71-45,,10,0,2,.000,0,0,0,2,.000,.000,0,0,,0,3,3,1,0,0,1,3,0,-2.0,Femi Funeus,https://www.sports-reference.com/cbb/players/femi-funeus-1.html,seton-hall,2019-20
14,25,26,2020-02-16,Seton Hall,@,Creighton,REG (Conf),L 66-78,,12,3,5,.600,0,0,3,5,.600,.600,1,1,1.000,0,3,3,0,0,0,0,2,7,4.8,Femi Funeus,https://www.sports-reference.com/cbb/players/femi-funeus-1.html,seton-hall,2019-20
15,26,27,2020-02-22,Seton Hall,@,St. John's (NY),REG (Conf),L 76-77,,3,0,1,.000,0,0,0,1,.000,.000,0,0,,0,0,0,0,0,0,0,0,0,-0.7,Femi Funeus,https://www.sports-reference.com/cbb/players/femi-funeus-1.html,seton-hall,2019-20
16,27,28,2020-02-28,Seton Hall,,Xavier,REG (Conf),W 69-59,,7,0,0,,0,0,0,0,,,0,0,,1,0,1,1,0,0,1,1,0,0.0,Femi Funeus,https://www.sports-reference.com/cbb/players/femi-funeus-1.html,seton-hall,2019-20
17,28,29,2020-03-01,Seton Hall,,Butler,REG (Conf),W 66-53,,1,0,0,,0,0,0,0,,,0,0,,0,0,0,0,0,0,0,1,0,-0.4,Femi Funeus,https://www.sports-reference.com/cbb/players/femi-funeus-1.html,seton-hall,2019-20
18,29,30,2020-03-07,Seton Hall,,Butler,CTOURN,W 83-57,,8,2,2,1.000,0,0,2,2,1.000,1.000,2,2,1.000,2,0,2,1,1,0,1,0,6,7.5,Femi Funeus,https://www.sports-reference.com/cbb/players/femi-funeus-1.html,seton-hall,2019-20
