ranker,player_game_num_career,team_game_num_season,date,team_name_abbr,game_location,opp_name_abbr,game_type,game_result,is_starter,mp,fg,fga,fg_pct,fg3,fg3a,fg3_pct,fg2,fg2a,fg2_pct,efg_pct,ft,fta,ft_pct,orb,drb,trb,ast,stl,blk,tov,pf,pts,game_score,player_name,player_sr_link,school,season
1,1,1,2019-11-06,Seton Hall,,Sacred Heart,REG (Non-Conf),W 95-69,,18,4,7,.571,1,2,.500,3,5,.600,.643,0,0,,0,0,0,2,2,0,3,2,9,5.3,Jasmine Smith,https://www.sports-reference.com/cbb/players/jasmine-smith-5.html,seton-hall,2019-20
2,2,2,2019-11-09,Seton Hall,,Fairfield,REG (Non-Conf),W 74-44,,12,2,6,.333,2,4,.500,0,2,.000,.500,0,0,,0,0,0,1,0,0,1,2,6,1.5,Jasmine Smith,https://www.sports-reference.com/cbb/players/jasmine-smith-5.html,seton-hall,2019-20
3,3,3,2019-11-12,Seton Hall,,VCU,REG (Non-Conf),W 53-33,,15,1,5,.200,1,3,.333,0,2,.000,.300,1,2,.500,0,3,3,0,2,0,0,0,4,3.4,Jasmine Smith,https://www.sports-reference.com/cbb/players/jasmine-smith-5.html,seton-hall,2019-20
4,4,4,2019-11-15,Seton Hall,,Princeton,REG (Non-Conf),L 76-78,,14,0,2,.000,0,1,.000,0,1,.000,.000,0,0,,0,0,0,2,0,0,0,0,0,0.0,Jasmine Smith,https://www.sports-reference.com/cbb/players/jasmine-smith-5.html,seton-hall,2019-20
5,5,5,2019-11-17,Seton Hall,@,Saint Joseph's,REG (Non-Conf),W 55-39,,11,0,4,.000,0,2,.000,0,2,.000,.000,0,2,.000,0,0,0,0,0,0,0,1,0,-4.0,Jasmine Smith,https://www.sports-reference.com/cbb/players/jasmine-smith-5.html,seton-hall,2019-20
6,6,6,2019-11-22,Seton Hall,@,Lehigh,REG (Non-Conf),L 68-75,,20,2,10,.200,0,2,.000,2,8,.250,.200,0,0,,1,3,4,1,0,0,1,4,4,-2.5,Jasmine Smith,https://www.sports-reference.com/cbb/players/jasmine-smith-5.html,seton-hall,2019-20
7,7,7,2019-11-28,Seton Hall,@,Georgia Tech,REG (Non-Conf),L 54-79,,12,1,3,.333,0,0,,1,3,.333,.333,0,1,.000,0,1,1,0,0,0,1,1,2,-1.2,Jasmine Smith,https://www.sports-reference.com/cbb/players/jasmine-smith-5.html,seton-hall,2019-20
8,8,8,2019-11-29,Seton Hall,,Vanderbilt,REG (Non-Conf),W 69-65,,11,0,1,.000,0,1,.000,0,0,,.000,0,0,,1,0,1,0,0,0,0,1,0,-0.4,Jasmine Smith,https://www.sports-reference.com/cbb/players/jasmine-smith-5.html,seton-hall,2019-20
9,9,9,2019-12-05,Seton Hall,,Connecticut,REG (Non-Conf),L 78-92,,19,1,6,.167,1,4,.250,0,2,.000,.250,0,0,,0,1,1,1,2,0,0,1,3,1.8,Jasmine Smith,https://www.sports-reference.com/cbb/players/jasmine-smith-5.html,seton-hall,2019-20
10,10,10,2019-12-08,Seton Hall,@,Iona,REG (Non-Conf),W 89-37,,16,3,10,.300,2,7,.286,1,3,.333,.400,1,2,.500,1,0,1,1,1,0,1,1,9,3.8,Jasmine Smith,https://www.sports-reference.com/cbb/players/jasmine-smith-5.html,seton-hall,2019-20
11,11,11,2019-12-20,Seton Hall,,Lafayette,REG (Non-Conf),W 74-50,,13,0,3,.000,0,2,.000,0,1,.000,.000,0,0,,2,2,4,1,0,0,0,1,0,0.2,Jasmine Smith,https://www.sports-reference.com/cbb/players/jasmine-smith-5.html,seton-hall,2019-20
12,12,12,2019-12-29,Seton Hall,@,Butler,REG (Conf),W 67-62,,17,1,8,.125,1,6,.167,0,2,.000,.188,0,0,,1,0,1,4,0,0,0,2,3,0.5,Jasmine Smith,https://www.sports-reference.com/cbb/players/jasmine-smith-5.html,seton-hall,2019-20
13,13,13,2019-12-31,Seton Hall,@,Xavier,REG (Conf),W 83-61,,7,1,1,1.000,0,0,,1,1,1.000,1.000,0,0,,0,0,0,0,0,0,1,2,2,-0.1,Jasmine Smith,https://www.sports-reference.com/cbb/players/jasmine-smith-5.html,seton-hall,2019-20
14,14,14,2020-01-03,Seton Hall,,Villanova,REG (Conf),L 55-61,,11,0,2,.000,0,1,.000,0,1,.000,.000,0,0,,0,1,1,0,0,0,0,0,0,-1.1,Jasmine Smith,https://www.sports-reference.com/cbb/players/jasmine-smith-5.html,seton-hall,2019-20
15,15,15,2020-01-05,Seton Hall,,Georgetown,REG (Conf),W 79-60,,12,0,1,.000,0,0,,0,1,.000,.000,0,0,,0,0,0,1,1,0,0,0,0,1.0,Jasmine Smith,https://www.sports-reference.com/cbb/players/jasmine-smith-5.html,seton-hall,2019-20
16,16,16,2020-01-10,Seton Hall,@,DePaul,REG (Conf),L 68-85,,15,0,4,.000,0,1,.000,0,3,.000,.000,0,0,,0,1,1,1,0,0,0,1,0,-2.2,Jasmine Smith,https://www.sports-reference.com/cbb/players/jasmine-smith-5.html,seton-hall,2019-20
17,17,17,2020-01-12,Seton Hall,@,Marquette,REG (Conf),L 60-81,,10,1,3,.333,0,1,.000,1,2,.500,.333,1,3,.333,0,0,0,0,0,0,1,1,3,-0.9,Jasmine Smith,https://www.sports-reference.com/cbb/players/jasmine-smith-5.html,seton-hall,2019-20
18,18,18,2020-01-17,Seton Hall,,Creighton,REG (Conf),W 82-70,,8,0,0,,0,0,,0,0,,,0,0,,1,0,1,1,1,0,2,1,0,0.0,Jasmine Smith,https://www.sports-reference.com/cbb/players/jasmine-smith-5.html,seton-hall,2019-20
19,19,19,2020-01-19,Seton Hall,,Providence,REG (Conf),W 97-55,,21,2,5,.400,0,1,.000,2,4,.500,.400,0,0,,0,2,2,3,1,0,0,1,4,4.6,Jasmine Smith,https://www.sports-reference.com/cbb/players/jasmine-smith-5.html,seton-hall,2019-20
20,20,20,2020-01-26,Seton Hall,,St. John's (NY),REG (Conf),L 66-82,,17,2,5,.400,0,2,.000,2,3,.667,.400,1,2,.500,0,0,0,2,1,0,0,0,5,4.3,Jasmine Smith,https://www.sports-reference.com/cbb/players/jasmine-smith-5.html,seton-hall,2019-20
21,21,21,2020-01-31,Seton Hall,@,Georgetown,REG (Conf),W 61-47,,20,1,5,.200,1,3,.333,0,2,.000,.300,0,0,,0,1,1,0,0,0,1,3,3,-2.0,Jasmine Smith,https://www.sports-reference.com/cbb/players/jasmine-smith-5.html,seton-hall,2019-20
22,22,22,2020-02-02,Seton Hall,@,Villanova,REG (Conf),W 65-63,,23,1,3,.333,0,1,.000,1,2,.500,.333,0,0,,0,0,0,1,1,0,1,0,2,1.0,Jasmine Smith,https://www.sports-reference.com/cbb/players/jasmine-smith-5.html,seton-hall,2019-20
23,23,23,2020-02-07,Seton Hall,,Marquette,REG (Conf),W 72-60,,11,0,0,,0,0,,0,0,,,0,0,,0,0,0,0,0,0,0,1,0,-0.4,Jasmine Smith,https://www.sports-reference.com/cbb/players/jasmine-smith-5.html,seton-hall,2019-20
24,24,24,2020-02-09,Seton Hall,,DePaul,REG (Conf),L 76-86,,13,1,2,.500,0,1,.000,1,1,1.000,.500,0,0,,0,1,1,0,0,0,0,0,2,1.3,Jasmine Smith,https://www.sports-reference.com/cbb/players/jasmine-smith-5.html,seton-hall,2019-20
25,25,25,2020-02-14,Seton Hall,@,Providence,REG (Conf),W 71-45,,10,0,1,.000,0,0,,0,1,.000,.000,1,2,.500,0,0,0,0,0,0,0,0,1,-0.1,Jasmine Smith,https://www.sports-reference.com/cbb/players/jasmine-smith-5.html,seton-hall,2019-20
26,26,26,2020-02-16,Seton Hall,@,Creighton,REG (Conf),L 66-78,,18,3,8,.375,3,6,.500,0,2,.000,.563,0,0,,2,1,3,1,1,0,0,1,9,7.6,Jasmine Smith,https://www.sports-reference.com/cbb/players/jasmine-smith-5.html,seton-hall,2019-20
27,27,27,2020-02-22,Seton Hall,@,St. John's (NY),REG (Conf),L 76-77,*,25,1,8,.125,1,5,.200,0,3,.000,.188,0,0,,3,3,6,3,1,0,0,2,3,3.1,Jasmine Smith,https://www.sports-reference.com/cbb/players/jasmine-smith-5.html,seton-hall,2019-20
28,28,28,2020-02-28,Seton Hall,,Xavier,REG (Conf),W 69-59,,33,5,7,.714,0,2,.000,5,5,1.000,.714,0,2,.000,0,1,1,0,0,0,2,1,10,4.2,Jasmine Smith,https://www.sports-reference.com/cbb/players/jasmine-smith-5.html,seton-hall,2019-20
29,29,29,2020-03-01,Seton Hall,,Butler,REG (Conf),W 66-53,,25,1,3,.333,0,2,.000,1,1,1.000,.333,4,4,1.000,0,0,0,2,2,0,1,1,6,6.3,Jasmine Smith,https://www.sports-reference.com/cbb/players/jasmine-smith-5.html,seton-hall,2019-20
30,30,30,2020-03-07,Seton Hall,,Butler,CTOURN,W 83-57,,8,0,1,.000,0,1,.000,0,0,,.000,0,0,,0,0,0,1,0,0,0,2,0,-0.8,Jasmine Smith,https://www.sports-reference.com/cbb/players/jasmine-smith-5.html,seton-hall,2019-20
31,31,31,2020-03-08,Seton Hall,@,DePaul,CTOURN,L 80-83,,8,1,2,.500,1,2,.500,0,0,,.750,0,0,,0,1,1,0,1,0,0,0,3,3.3,Jasmine Smith,https://www.sports-reference.com/cbb/players/jasmine-smith-5.html,seton-hall,2019-20
