ranker,player_game_num_career,team_game_num_season,date,team_name_abbr,game_location,opp_name_abbr,game_type,game_result,is_starter,mp,fg,fga,fg_pct,fg3,fg3a,fg2,fg2a,fg2_pct,efg_pct,ft,fta,ft_pct,orb,drb,trb,ast,stl,blk,tov,pf,pts,game_score,player_name,player_sr_link,school,season
1,1,1,2019-11-06,Seton Hall,,Sacred Heart,REG (Non-Conf),W 95-69,,4,0,2,.000,0,0,0,2,.000,.000,0,0,,1,0,1,1,0,0,1,1,0,-1.4,Kailah Harris,https://www.sports-reference.com/cbb/players/kailah-harris-1.html,seton-hall,2019-20
2,2,2,2019-11-09,Seton Hall,,Fairfield,REG (Non-Conf),W 74-44,,3,0,0,,0,0,0,0,,,0,0,,0,1,1,0,0,0,0,0,0,0.3,Kailah Harris,https://www.sports-reference.com/cbb/players/kailah-harris-1.html,seton-hall,2019-20
3,3,5,2019-11-17,Seton Hall,@,Saint Joseph's,REG (Non-Conf),W 55-39,,1,0,0,,0,0,0,0,,,0,0,,0,0,0,0,0,0,0,0,0,0.0,Kailah Harris,https://www.sports-reference.com/cbb/players/kailah-harris-1.html,seton-hall,2019-20
4,4,7,2019-11-28,Seton Hall,@,Georgia Tech,REG (Non-Conf),L 54-79,,3,0,1,.000,0,0,0,1,.000,.000,0,0,,1,0,1,0,0,0,0,0,0,0.0,Kailah Harris,https://www.sports-reference.com/cbb/players/kailah-harris-1.html,seton-hall,2019-20
5,5,10,2019-12-08,Seton Hall,@,Iona,REG (Non-Conf),W 89-37,,6,1,2,.500,0,0,1,2,.500,.500,1,2,.500,1,3,4,0,2,0,0,1,3,4.8,Kailah Harris,https://www.sports-reference.com/cbb/players/kailah-harris-1.html,seton-hall,2019-20
6,6,11,2019-12-20,Seton Hall,,Lafayette,REG (Non-Conf),W 74-50,,4,0,1,.000,0,0,0,1,.000,.000,0,0,,1,1,2,0,0,0,0,1,0,-0.1,Kailah Harris,https://www.sports-reference.com/cbb/players/kailah-harris-1.html,seton-hall,2019-20
7,7,13,2019-12-31,Seton Hall,@,Xavier,REG (Conf),W 83-61,,2,0,1,.000,0,0,0,1,.000,.000,0,0,,0,0,0,0,0,0,0,1,0,-1.1,Kailah Harris,https://www.sports-reference.com/cbb/players/kailah-harris-1.html,seton-hall,2019-20
8,8,15,2020-01-05,Seton Hall,,Georgetown,REG (Conf),W 79-60,,3,0,2,.000,0,0,0,2,.000,.000,0,0,,2,0,2,0,0,0,0,0,0,0.0,Kailah Harris,https://www.sports-reference.com/cbb/players/kailah-harris-1.html,seton-hall,2019-20
9,9,19,2020-01-19,Seton Hall,,Providence,REG (Conf),W 97-55,,12,1,2,.500,0,0,1,2,.500,.500,0,0,,1,2,3,0,0,0,0,2,2,1.5,Kailah Harris,https://www.sports-reference.com/cbb/players/kailah-harris-1.html,seton-hall,2019-20
10,10,29,2020-03-01,Seton Hall,,Butler,REG (Conf),W 66-53,,1,0,0,,0,0,0,0,,,0,0,,0,0,0,0,0,0,0,0,0,0.0,Kailah Harris,https://www.sports-reference.com/cbb/players/kailah-harris-1.html,seton-hall,2019-20
11,11,30,2020-03-07,Seton Hall,,Butler,CTOURN,W 83-57,,2,1,1,1.000,0,0,1,1,1.000,1.000,0,0,,0,1,1,0,0,0,0,0,2,2.0,Kailah Harris,https://www.sports-reference.com/cbb/players/kailah-harris-1.html,seton-hall,2019-20
