ranker,player_game_num_career,team_game_num_season,date,team_name_abbr,game_location,opp_name_abbr,game_type,game_result,is_starter,mp,fg,fga,fg_pct,fg3,fg3a,fg3_pct,fg2,fg2a,fg2_pct,efg_pct,ft,fta,ft_pct,orb,drb,trb,ast,stl,blk,tov,pf,pts,game_score,player_name,player_sr_link,school,season
1,1,1,2019-11-06,Seton Hall,,Sacred Heart,REG (Non-Conf),W 95-69,*,31,3,8,.375,2,3,.667,1,5,.200,.500,1,2,.500,0,1,1,6,3,0,1,1,9,10.3,Lauren Park-Lane,https://www.sports-reference.com/cbb/players/lauren-park-lane-1.html,seton-hall,2019-20
2,2,2,2019-11-09,Seton Hall,,Fairfield,REG (Non-Conf),W 74-44,*,33,1,6,.167,1,2,.500,0,4,.000,.250,0,0,,0,0,0,6,2,0,1,2,3,3.6,Lauren Park-Lane,https://www.sports-reference.com/cbb/players/lauren-park-lane-1.html,seton-hall,2019-20
3,3,3,2019-11-12,Seton Hall,,VCU,REG (Non-Conf),W 53-33,*,40,2,6,.333,0,2,.000,2,4,.500,.333,0,0,,1,0,1,4,3,0,3,2,4,3.3,Lauren Park-Lane,https://www.sports-reference.com/cbb/players/lauren-park-lane-1.html,seton-hall,2019-20
4,4,4,2019-11-15,Seton Hall,,Princeton,REG (Non-Conf),L 76-78,*,37,1,6,.167,0,3,.000,1,3,.333,.167,0,0,,0,1,1,4,1,0,5,1,2,-3.1,Lauren Park-Lane,https://www.sports-reference.com/cbb/players/lauren-park-lane-1.html,seton-hall,2019-20
5,5,5,2019-11-17,Seton Hall,@,Saint Joseph's,REG (Non-Conf),W 55-39,*,33,4,8,.500,1,1,1.000,3,7,.429,.563,1,2,.500,0,1,1,5,1,0,1,2,10,8.6,Lauren Park-Lane,https://www.sports-reference.com/cbb/players/lauren-park-lane-1.html,seton-hall,2019-20
6,6,6,2019-11-22,Seton Hall,@,Lehigh,REG (Non-Conf),L 68-75,*,34,1,4,.250,0,1,.000,1,3,.333,.250,2,2,1.000,0,1,1,5,0,0,1,1,4,4.0,Lauren Park-Lane,https://www.sports-reference.com/cbb/players/lauren-park-lane-1.html,seton-hall,2019-20
7,7,7,2019-11-28,Seton Hall,@,Georgia Tech,REG (Non-Conf),L 54-79,*,27,2,5,.400,0,1,.000,2,4,.500,.400,2,4,.500,0,0,0,2,1,0,1,3,6,2.7,Lauren Park-Lane,https://www.sports-reference.com/cbb/players/lauren-park-lane-1.html,seton-hall,2019-20
8,8,8,2019-11-29,Seton Hall,,Vanderbilt,REG (Non-Conf),W 69-65,*,10,0,2,.000,0,1,.000,0,1,.000,.000,3,4,.750,0,0,0,1,0,0,1,4,3,-0.7,Lauren Park-Lane,https://www.sports-reference.com/cbb/players/lauren-park-lane-1.html,seton-hall,2019-20
9,9,9,2019-12-05,Seton Hall,,Connecticut,REG (Non-Conf),L 78-92,*,29,4,11,.364,3,7,.429,1,4,.250,.500,0,0,,0,0,0,4,1,0,0,2,11,7.9,Lauren Park-Lane,https://www.sports-reference.com/cbb/players/lauren-park-lane-1.html,seton-hall,2019-20
10,10,10,2019-12-08,Seton Hall,@,Iona,REG (Non-Conf),W 89-37,*,16,2,2,1.000,0,0,,2,2,1.000,1.000,1,2,.500,0,3,3,3,0,0,1,4,5,4.4,Lauren Park-Lane,https://www.sports-reference.com/cbb/players/lauren-park-lane-1.html,seton-hall,2019-20
11,11,11,2019-12-20,Seton Hall,,Lafayette,REG (Non-Conf),W 74-50,*,28,1,6,.167,0,2,.000,1,4,.250,.167,0,0,,0,1,1,4,2,0,3,1,2,-0.1,Lauren Park-Lane,https://www.sports-reference.com/cbb/players/lauren-park-lane-1.html,seton-hall,2019-20
12,12,12,2019-12-29,Seton Hall,@,Butler,REG (Conf),W 67-62,*,25,2,5,.400,1,2,.500,1,3,.333,.500,0,0,,0,0,0,2,0,0,1,0,5,2.7,Lauren Park-Lane,https://www.sports-reference.com/cbb/players/lauren-park-lane-1.html,seton-hall,2019-20
13,13,13,2019-12-31,Seton Hall,@,Xavier,REG (Conf),W 83-61,*,28,2,8,.250,1,2,.500,1,6,.167,.313,1,2,.500,0,1,1,2,0,0,2,0,6,0.5,Lauren Park-Lane,https://www.sports-reference.com/cbb/players/lauren-park-lane-1.html,seton-hall,2019-20
14,14,14,2020-01-03,Seton Hall,,Villanova,REG (Conf),L 55-61,*,29,2,5,.400,1,2,.500,1,3,.333,.500,0,0,,0,0,0,4,1,0,2,4,5,2.5,Lauren Park-Lane,https://www.sports-reference.com/cbb/players/lauren-park-lane-1.html,seton-hall,2019-20
15,15,15,2020-01-05,Seton Hall,,Georgetown,REG (Conf),W 79-60,*,27,3,10,.300,0,2,.000,3,8,.375,.300,0,0,,0,0,0,3,1,0,4,1,6,-1.1,Lauren Park-Lane,https://www.sports-reference.com/cbb/players/lauren-park-lane-1.html,seton-hall,2019-20
16,16,16,2020-01-10,Seton Hall,@,DePaul,REG (Conf),L 68-85,*,20,2,6,.333,0,3,.000,2,3,.667,.333,0,0,,1,0,1,0,1,0,2,1,4,-0.1,Lauren Park-Lane,https://www.sports-reference.com/cbb/players/lauren-park-lane-1.html,seton-hall,2019-20
17,17,17,2020-01-12,Seton Hall,@,Marquette,REG (Conf),L 60-81,*,36,2,9,.222,1,2,.500,1,7,.143,.278,1,1,1.000,0,1,1,2,1,0,6,2,6,-3.6,Lauren Park-Lane,https://www.sports-reference.com/cbb/players/lauren-park-lane-1.html,seton-hall,2019-20
18,18,18,2020-01-17,Seton Hall,,Creighton,REG (Conf),W 82-70,*,36,4,6,.667,3,5,.600,1,1,1.000,.917,4,6,.667,1,0,1,4,0,0,1,2,15,13.3,Lauren Park-Lane,https://www.sports-reference.com/cbb/players/lauren-park-lane-1.html,seton-hall,2019-20
19,19,19,2020-01-19,Seton Hall,,Providence,REG (Conf),W 97-55,*,20,1,4,.250,1,3,.333,0,1,.000,.375,2,2,1.000,0,1,1,4,0,0,0,1,5,5.3,Lauren Park-Lane,https://www.sports-reference.com/cbb/players/lauren-park-lane-1.html,seton-hall,2019-20
20,20,20,2020-01-26,Seton Hall,,St. John's (NY),REG (Conf),L 66-82,*,35,2,8,.250,0,5,.000,2,3,.667,.250,3,4,.750,0,0,0,8,1,0,1,3,7,6.2,Lauren Park-Lane,https://www.sports-reference.com/cbb/players/lauren-park-lane-1.html,seton-hall,2019-20
21,21,21,2020-01-31,Seton Hall,@,Georgetown,REG (Conf),W 61-47,*,25,1,8,.125,1,4,.250,0,4,.000,.188,3,4,.750,0,2,2,4,1,0,1,1,6,3.4,Lauren Park-Lane,https://www.sports-reference.com/cbb/players/lauren-park-lane-1.html,seton-hall,2019-20
22,22,22,2020-02-02,Seton Hall,@,Villanova,REG (Conf),W 65-63,*,17,1,2,.500,0,0,,1,2,.500,.500,1,4,.250,0,0,0,5,0,0,1,1,3,2.9,Lauren Park-Lane,https://www.sports-reference.com/cbb/players/lauren-park-lane-1.html,seton-hall,2019-20
23,23,23,2020-02-07,Seton Hall,,Marquette,REG (Conf),W 72-60,*,30,3,5,.600,0,0,,3,5,.600,.600,2,2,1.000,0,1,1,6,2,0,3,0,8,9.2,Lauren Park-Lane,https://www.sports-reference.com/cbb/players/lauren-park-lane-1.html,seton-hall,2019-20
24,24,24,2020-02-09,Seton Hall,,DePaul,REG (Conf),L 76-86,*,28,3,6,.500,0,2,.000,3,4,.750,.500,1,3,.333,0,1,1,4,2,0,5,0,7,3.3,Lauren Park-Lane,https://www.sports-reference.com/cbb/players/lauren-park-lane-1.html,seton-hall,2019-20
25,25,25,2020-02-14,Seton Hall,@,Providence,REG (Conf),W 71-45,*,32,5,10,.500,0,4,.000,5,6,.833,.500,0,0,,1,2,3,2,1,0,2,0,10,6.7,Lauren Park-Lane,https://www.sports-reference.com/cbb/players/lauren-park-lane-1.html,seton-hall,2019-20
26,26,26,2020-02-16,Seton Hall,@,Creighton,REG (Conf),L 66-78,*,30,2,8,.250,1,4,.250,1,4,.250,.313,2,2,1.000,0,2,2,6,1,0,2,1,7,5.6,Lauren Park-Lane,https://www.sports-reference.com/cbb/players/lauren-park-lane-1.html,seton-hall,2019-20
27,27,27,2020-02-22,Seton Hall,@,St. John's (NY),REG (Conf),L 76-77,*,33,5,13,.385,2,4,.500,3,9,.333,.462,1,1,1.000,0,3,3,6,0,0,2,2,13,8.2,Lauren Park-Lane,https://www.sports-reference.com/cbb/players/lauren-park-lane-1.html,seton-hall,2019-20
28,28,28,2020-02-28,Seton Hall,,Xavier,REG (Conf),W 69-59,*,31,1,7,.143,0,2,.000,1,5,.200,.143,3,4,.750,1,1,2,3,2,0,4,1,5,0.8,Lauren Park-Lane,https://www.sports-reference.com/cbb/players/lauren-park-lane-1.html,seton-hall,2019-20
29,29,29,2020-03-01,Seton Hall,,Butler,REG (Conf),W 66-53,*,35,1,6,.167,0,0,,1,6,.167,.167,2,2,1.000,0,1,1,6,2,0,0,3,4,5.5,Lauren Park-Lane,https://www.sports-reference.com/cbb/players/lauren-park-lane-1.html,seton-hall,2019-20
30,30,30,2020-03-07,Seton Hall,,Butler,CTOURN,W 83-57,*,36,6,12,.500,3,7,.429,3,5,.600,.625,2,4,.500,0,2,2,7,1,0,4,3,17,11.5,Lauren Park-Lane,https://www.sports-reference.com/cbb/players/lauren-park-lane-1.html,seton-hall,2019-20
31,31,31,2020-03-08,Seton Hall,@,DePaul,CTOURN,L 80-83,*,35,5,14,.357,0,4,.000,5,10,.500,.357,0,0,,0,2,2,7,0,0,4,3,10,2.5,Lauren Park-Lane,https://www.sports-reference.com/cbb/players/lauren-park-lane-1.html,seton-hall,2019-20
