ranker,player_game_num_career,team_game_num_season,date,team_name_abbr,game_location,opp_name_abbr,game_type,game_result,is_starter,mp,fg,fga,fg_pct,fg3,fg3a,fg3_pct,fg2,fg2a,fg2_pct,efg_pct,ft,fta,ft_pct,orb,drb,trb,ast,stl,blk,tov,pf,pts,game_score,player_name,player_sr_link,school,season
1,88,1,2019-11-06,Seton Hall,,Sacred Heart,REG (Non-Conf),W 95-69,*,30,5,9,.556,0,1,.000,5,8,.625,.556,5,6,.833,6,8,14,4,2,1,1,2,15,20.6,Shadeen Samuels,https://www.sports-reference.com/cbb/players/shadeen-samuels-1.html,seton-hall,2019-20
2,89,2,2019-11-09,Seton Hall,,Fairfield,REG (Non-Conf),W 74-44,*,28,3,6,.500,0,0,,3,6,.500,.500,6,7,.857,2,7,9,3,0,0,5,3,12,8.0,Shadeen Samuels,https://www.sports-reference.com/cbb/players/shadeen-samuels-1.html,seton-hall,2019-20
3,90,3,2019-11-12,Seton Hall,,VCU,REG (Non-Conf),W 53-33,*,38,4,11,.364,0,1,.000,4,10,.400,.364,1,2,.500,3,8,11,4,1,1,3,3,9,7.3,Shadeen Samuels,https://www.sports-reference.com/cbb/players/shadeen-samuels-1.html,seton-hall,2019-20
4,91,4,2019-11-15,Seton Hall,,Princeton,REG (Non-Conf),L 76-78,*,3,0,1,.000,0,0,,0,1,.000,.000,2,2,1.000,0,0,0,0,0,0,0,0,2,1.3,Shadeen Samuels,https://www.sports-reference.com/cbb/players/shadeen-samuels-1.html,seton-hall,2019-20
5,92,9,2019-12-05,Seton Hall,,Connecticut,REG (Non-Conf),L 78-92,,26,6,7,.857,2,3,.667,4,4,1.000,1.000,0,0,,3,1,4,2,1,0,2,5,14,12.3,Shadeen Samuels,https://www.sports-reference.com/cbb/players/shadeen-samuels-1.html,seton-hall,2019-20
6,93,10,2019-12-08,Seton Hall,@,Iona,REG (Non-Conf),W 89-37,*,23,6,9,.667,1,2,.500,5,7,.714,.722,2,5,.400,4,1,5,1,2,0,2,2,15,12.9,Shadeen Samuels,https://www.sports-reference.com/cbb/players/shadeen-samuels-1.html,seton-hall,2019-20
7,94,11,2019-12-20,Seton Hall,,Lafayette,REG (Non-Conf),W 74-50,*,23,7,8,.875,3,4,.750,4,4,1.000,1.063,2,3,.667,4,4,8,4,4,0,0,1,19,26.2,Shadeen Samuels,https://www.sports-reference.com/cbb/players/shadeen-samuels-1.html,seton-hall,2019-20
8,95,12,2019-12-29,Seton Hall,@,Butler,REG (Conf),W 67-62,*,37,3,7,.429,0,2,.000,3,5,.600,.429,3,4,.750,6,5,11,2,2,0,1,4,9,11.4,Shadeen Samuels,https://www.sports-reference.com/cbb/players/shadeen-samuels-1.html,seton-hall,2019-20
9,96,13,2019-12-31,Seton Hall,@,Xavier,REG (Conf),W 83-61,*,31,7,14,.500,0,2,.000,7,12,.583,.500,3,3,1.000,3,3,6,2,3,1,2,3,17,14.9,Shadeen Samuels,https://www.sports-reference.com/cbb/players/shadeen-samuels-1.html,seton-hall,2019-20
10,97,14,2020-01-03,Seton Hall,,Villanova,REG (Conf),L 55-61,*,36,3,7,.429,0,2,.000,3,5,.600,.429,5,8,.625,4,10,14,2,2,1,1,4,11,13.4,Shadeen Samuels,https://www.sports-reference.com/cbb/players/shadeen-samuels-1.html,seton-hall,2019-20
11,98,15,2020-01-05,Seton Hall,,Georgetown,REG (Conf),W 79-60,*,26,5,10,.500,0,2,.000,5,8,.625,.500,3,3,1.000,1,3,4,2,1,0,3,2,13,8.2,Shadeen Samuels,https://www.sports-reference.com/cbb/players/shadeen-samuels-1.html,seton-hall,2019-20
12,99,16,2020-01-10,Seton Hall,@,DePaul,REG (Conf),L 68-85,*,27,4,11,.364,0,2,.000,4,9,.444,.364,1,2,.500,3,4,7,0,2,1,3,1,9,5.1,Shadeen Samuels,https://www.sports-reference.com/cbb/players/shadeen-samuels-1.html,seton-hall,2019-20
13,100,17,2020-01-12,Seton Hall,@,Marquette,REG (Conf),L 60-81,*,29,2,7,.286,0,1,.000,2,6,.333,.286,2,2,1.000,1,5,6,0,1,0,0,4,6,3.5,Shadeen Samuels,https://www.sports-reference.com/cbb/players/shadeen-samuels-1.html,seton-hall,2019-20
14,101,18,2020-01-17,Seton Hall,,Creighton,REG (Conf),W 82-70,*,26,5,10,.500,1,1,1.000,4,9,.444,.550,5,6,.833,3,2,5,4,1,0,1,4,16,14.5,Shadeen Samuels,https://www.sports-reference.com/cbb/players/shadeen-samuels-1.html,seton-hall,2019-20
15,102,19,2020-01-19,Seton Hall,,Providence,REG (Conf),W 97-55,*,20,9,11,.818,1,1,1.000,8,10,.800,.864,4,6,.667,2,4,6,2,1,1,2,0,23,21.8,Shadeen Samuels,https://www.sports-reference.com/cbb/players/shadeen-samuels-1.html,seton-hall,2019-20
16,103,20,2020-01-26,Seton Hall,,St. John's (NY),REG (Conf),L 66-82,*,40,10,14,.714,1,3,.333,9,11,.818,.750,3,5,.600,9,3,12,2,1,3,5,2,24,23.3,Shadeen Samuels,https://www.sports-reference.com/cbb/players/shadeen-samuels-1.html,seton-hall,2019-20
17,104,21,2020-01-31,Seton Hall,@,Georgetown,REG (Conf),W 61-47,*,35,4,10,.400,1,5,.200,3,5,.600,.450,2,2,1.000,3,4,7,4,4,2,0,3,11,15.9,Shadeen Samuels,https://www.sports-reference.com/cbb/players/shadeen-samuels-1.html,seton-hall,2019-20
18,105,22,2020-02-02,Seton Hall,@,Villanova,REG (Conf),W 65-63,*,38,10,13,.769,0,0,,10,13,.769,.769,5,8,.625,2,5,7,2,1,0,4,4,25,18.4,Shadeen Samuels,https://www.sports-reference.com/cbb/players/shadeen-samuels-1.html,seton-hall,2019-20
19,106,23,2020-02-07,Seton Hall,,Marquette,REG (Conf),W 72-60,*,36,6,12,.500,0,1,.000,6,11,.545,.500,5,7,.714,5,3,8,6,3,1,4,3,17,17.3,Shadeen Samuels,https://www.sports-reference.com/cbb/players/shadeen-samuels-1.html,seton-hall,2019-20
20,107,24,2020-02-09,Seton Hall,,DePaul,REG (Conf),L 76-86,*,36,6,8,.750,1,1,1.000,5,7,.714,.813,5,7,.714,1,4,5,4,3,1,2,4,18,18.8,Shadeen Samuels,https://www.sports-reference.com/cbb/players/shadeen-samuels-1.html,seton-hall,2019-20
21,108,25,2020-02-14,Seton Hall,@,Providence,REG (Conf),W 71-45,*,25,2,4,.500,1,1,1.000,1,3,.333,.625,6,8,.750,3,4,7,1,3,1,3,2,11,12.1,Shadeen Samuels,https://www.sports-reference.com/cbb/players/shadeen-samuels-1.html,seton-hall,2019-20
22,109,26,2020-02-16,Seton Hall,@,Creighton,REG (Conf),L 66-78,*,35,2,8,.250,0,2,.000,2,6,.333,.250,4,4,1.000,2,2,4,6,0,0,1,5,8,6.4,Shadeen Samuels,https://www.sports-reference.com/cbb/players/shadeen-samuels-1.html,seton-hall,2019-20
23,110,27,2020-02-22,Seton Hall,@,St. John's (NY),REG (Conf),L 76-77,*,39,7,9,.778,2,3,.667,5,6,.833,.889,3,5,.600,7,5,12,4,2,0,5,4,19,19.3,Shadeen Samuels,https://www.sports-reference.com/cbb/players/shadeen-samuels-1.html,seton-hall,2019-20
24,111,28,2020-02-28,Seton Hall,,Xavier,REG (Conf),W 69-59,*,31,3,4,.750,1,2,.500,2,2,1.000,.875,4,7,.571,3,4,7,6,2,0,3,5,11,12.7,Shadeen Samuels,https://www.sports-reference.com/cbb/players/shadeen-samuels-1.html,seton-hall,2019-20
25,112,29,2020-03-01,Seton Hall,,Butler,REG (Conf),W 66-53,*,34,8,14,.571,0,3,.000,8,11,.727,.571,7,7,1.000,5,3,8,1,2,1,5,3,23,18.0,Shadeen Samuels,https://www.sports-reference.com/cbb/players/shadeen-samuels-1.html,seton-hall,2019-20
26,113,30,2020-03-07,Seton Hall,,Butler,CTOURN,W 83-57,*,36,7,14,.500,3,6,.500,4,8,.500,.607,0,0,,6,8,14,2,1,0,3,1,17,15.6,Shadeen Samuels,https://www.sports-reference.com/cbb/players/shadeen-samuels-1.html,seton-hall,2019-20
27,114,31,2020-03-08,Seton Hall,@,DePaul,CTOURN,L 80-83,*,36,6,13,.462,0,4,.000,6,9,.667,.462,1,2,.500,2,5,7,5,0,1,4,2,13,8.2,Shadeen Samuels,https://www.sports-reference.com/cbb/players/shadeen-samuels-1.html,seton-hall,2019-20
