ranker,player_game_num_career,team_game_num_season,date,team_name_abbr,game_location,opp_name_abbr,game_type,game_result,is_starter,mp,fg,fga,fg_pct,fg3,fg3a,fg3_pct,fg2,fg2a,fg2_pct,efg_pct,ft,fta,orb,drb,trb,ast,stl,blk,tov,pf,pts,game_score,player_name,player_sr_link,school,season
1,1,1,2019-11-06,Seton Hall,,Sacred Heart,REG (Non-Conf),W 95-69,,4,0,1,.000,0,0,,0,1,.000,.000,0,0,0,0,0,0,1,0,1,0,0,-0.7,Victoria Keenan,https://www.sports-reference.com/cbb/players/victoria-keenan-1.html,seton-hall,2019-20
2,2,2,2019-11-09,Seton Hall,,Fairfield,REG (Non-Conf),W 74-44,,5,0,1,.000,0,1,.000,0,0,,.000,0,0,0,0,0,0,0,0,0,1,0,-1.1,Victoria Keenan,https://www.sports-reference.com/cbb/players/victoria-keenan-1.html,seton-hall,2019-20
3,3,4,2019-11-15,Seton Hall,,Princeton,REG (Non-Conf),L 76-78,,0,0,0,,0,0,,0,0,,,0,0,0,0,0,0,0,0,0,0,0,0.0,Victoria Keenan,https://www.sports-reference.com/cbb/players/victoria-keenan-1.html,seton-hall,2019-20
4,4,5,2019-11-17,Seton Hall,@,Saint Joseph's,REG (Non-Conf),W 55-39,,1,0,0,,0,0,,0,0,,,0,0,0,0,0,0,0,0,0,0,0,0.0,Victoria Keenan,https://www.sports-reference.com/cbb/players/victoria-keenan-1.html,seton-hall,2019-20
5,5,7,2019-11-28,Seton Hall,@,Georgia Tech,REG (Non-Conf),L 54-79,,4,0,2,.000,0,2,.000,0,0,,.000,0,0,0,1,1,0,1,0,0,0,0,-0.1,Victoria Keenan,https://www.sports-reference.com/cbb/players/victoria-keenan-1.html,seton-hall,2019-20
6,6,10,2019-12-08,Seton Hall,@,Iona,REG (Non-Conf),W 89-37,,7,3,4,.750,2,3,.667,1,1,1.000,1.000,0,0,3,0,3,1,0,1,1,0,8,8.9,Victoria Keenan,https://www.sports-reference.com/cbb/players/victoria-keenan-1.html,seton-hall,2019-20
7,7,11,2019-12-20,Seton Hall,,Lafayette,REG (Non-Conf),W 74-50,,3,0,1,.000,0,1,.000,0,0,,.000,0,0,0,0,0,0,0,0,0,0,0,-0.7,Victoria Keenan,https://www.sports-reference.com/cbb/players/victoria-keenan-1.html,seton-hall,2019-20
8,8,13,2019-12-31,Seton Hall,@,Xavier,REG (Conf),W 83-61,,2,0,0,,0,0,,0,0,,,0,0,0,0,0,0,0,0,0,0,0,0.0,Victoria Keenan,https://www.sports-reference.com/cbb/players/victoria-keenan-1.html,seton-hall,2019-20
9,9,15,2020-01-05,Seton Hall,,Georgetown,REG (Conf),W 79-60,,2,0,0,,0,0,,0,0,,,0,0,0,0,0,0,0,0,0,0,0,0.0,Victoria Keenan,https://www.sports-reference.com/cbb/players/victoria-keenan-1.html,seton-hall,2019-20
10,10,19,2020-01-19,Seton Hall,,Providence,REG (Conf),W 97-55,,3,1,2,.500,1,1,1.000,0,1,.000,.750,0,0,0,0,0,1,0,0,0,0,3,2.7,Victoria Keenan,https://www.sports-reference.com/cbb/players/victoria-keenan-1.html,seton-hall,2019-20
11,11,25,2020-02-14,Seton Hall,@,Providence,REG (Conf),W 71-45,,2,0,0,,0,0,,0,0,,,0,0,0,0,0,0,0,0,0,0,0,0.0,Victoria Keenan,https://www.sports-reference.com/cbb/players/victoria-keenan-1.html,seton-hall,2019-20
