ranker,player_game_num_career,team_game_num_season,date,team_name_abbr,game_location,opp_name_abbr,game_type,game_result,is_starter,mp,fg,fga,fg_pct,fg3,fg3a,fg3_pct,fg2,fg2a,fg2_pct,efg_pct,ft,fta,ft_pct,orb,drb,trb,ast,stl,blk,tov,pf,pts,game_score,player_name,player_sr_link,school,season
1,56,1,2018-11-06,Georgia Southern,,Wofford,REG (Non-Conf),L 65-81,*,31,6,13,.462,1,4,.250,5,9,.556,.500,1,1,1.000,2,1,3,1,2,0,0,1,14,11.3,Alexis Brown,https://www.sports-reference.com/cbb/players/alexis-brown-3.html,georgia-southern,2018-19
2,57,2,2018-11-10,Georgia Southern,@,Virginia Tech,REG (Non-Conf),L 49-78,*,26,7,13,.538,1,4,.250,6,9,.667,.577,6,6,1.000,0,3,3,2,2,0,0,2,21,18.2,Alexis Brown,https://www.sports-reference.com/cbb/players/alexis-brown-3.html,georgia-southern,2018-19
3,58,3,2018-11-12,Georgia Southern,,Mercer,REG (Non-Conf),L 72-79,*,30,2,11,.182,1,3,.333,1,8,.125,.227,14,18,.778,2,4,6,2,3,0,3,1,19,14.1,Alexis Brown,https://www.sports-reference.com/cbb/players/alexis-brown-3.html,georgia-southern,2018-19
4,59,4,2018-11-15,Georgia Southern,@,Savannah State,REG (Non-Conf),W 82-71,*,30,7,17,.412,1,8,.125,6,9,.667,.441,9,10,.900,1,3,4,6,6,1,2,2,24,24.2,Alexis Brown,https://www.sports-reference.com/cbb/players/alexis-brown-3.html,georgia-southern,2018-19
5,60,5,2018-11-20,Georgia Southern,@,Stony Brook,REG (Non-Conf),L 43-72,*,31,5,14,.357,2,8,.250,3,6,.500,.429,2,3,.667,0,1,1,0,0,0,3,2,14,2.3,Alexis Brown,https://www.sports-reference.com/cbb/players/alexis-brown-3.html,georgia-southern,2018-19
6,61,6,2018-11-25,Georgia Southern,,Bethune-Cookman,REG (Non-Conf),W 77-76,*,33,7,14,.500,3,7,.429,4,7,.571,.607,10,13,.769,0,3,3,0,1,0,4,0,27,16.7,Alexis Brown,https://www.sports-reference.com/cbb/players/alexis-brown-3.html,georgia-southern,2018-19
7,62,7,2018-11-28,Georgia Southern,@,Kennesaw State,REG (Non-Conf),L 59-78,*,33,6,17,.353,1,2,.500,5,15,.333,.382,3,3,1.000,2,1,3,1,2,0,2,2,16,8.1,Alexis Brown,https://www.sports-reference.com/cbb/players/alexis-brown-3.html,georgia-southern,2018-19
8,63,8,2018-12-12,Georgia Southern,@,Presbyterian,REG (Non-Conf),W 69-68,*,31,9,15,.600,2,4,.500,7,11,.636,.667,2,3,.667,1,4,5,0,2,0,2,1,22,16.2,Alexis Brown,https://www.sports-reference.com/cbb/players/alexis-brown-3.html,georgia-southern,2018-19
9,64,9,2018-12-14,Georgia Southern,,Coastal Georgia,REG (Non-Conf),W 68-46,*,34,9,16,.563,2,5,.400,7,11,.636,.625,0,0,,1,4,5,2,3,0,3,3,20,14.5,Alexis Brown,https://www.sports-reference.com/cbb/players/alexis-brown-3.html,georgia-southern,2018-19
10,65,10,2018-12-18,Georgia Southern,,Winthrop,REG (Non-Conf),W 64-55,*,33,3,9,.333,2,4,.500,1,5,.200,.444,0,0,,1,3,4,1,3,0,1,3,8,6.0,Alexis Brown,https://www.sports-reference.com/cbb/players/alexis-brown-3.html,georgia-southern,2018-19
11,66,11,2018-12-21,Georgia Southern,@,Georgia,REG (Non-Conf),L 38-81,*,35,2,12,.167,0,3,.000,2,9,.222,.167,6,9,.667,2,2,4,4,3,2,2,3,10,7.2,Alexis Brown,https://www.sports-reference.com/cbb/players/alexis-brown-3.html,georgia-southern,2018-19
12,67,12,2019-01-03,Georgia Southern,,Texas State,REG (Conf),L 52-64,*,38,4,17,.235,1,8,.125,3,9,.333,.265,2,4,.500,3,1,4,1,2,0,3,3,11,0.8,Alexis Brown,https://www.sports-reference.com/cbb/players/alexis-brown-3.html,georgia-southern,2018-19
13,68,13,2019-01-05,Georgia Southern,,UT Arlington,REG (Conf),L 53-74,*,37,3,10,.300,1,6,.167,2,4,.500,.350,4,4,1.000,0,3,3,2,2,1,2,1,11,7.8,Alexis Brown,https://www.sports-reference.com/cbb/players/alexis-brown-3.html,georgia-southern,2018-19
14,69,14,2019-01-10,Georgia Southern,@,Louisiana–Monroe,REG (Conf),L 57-58,*,26,4,12,.333,2,4,.500,2,8,.250,.417,2,2,1.000,3,2,5,2,1,1,3,1,12,7.6,Alexis Brown,https://www.sports-reference.com/cbb/players/alexis-brown-3.html,georgia-southern,2018-19
15,70,15,2019-01-12,Georgia Southern,@,Louisiana,REG (Conf),L 48-59,*,29,5,14,.357,2,6,.333,3,8,.375,.429,0,0,,1,2,3,2,1,0,4,5,12,1.9,Alexis Brown,https://www.sports-reference.com/cbb/players/alexis-brown-3.html,georgia-southern,2018-19
16,71,16,2019-01-17,Georgia Southern,,Troy,REG (Conf),L 81-97,*,34,12,19,.632,8,10,.800,4,9,.444,.842,2,3,.667,1,9,10,2,1,1,6,3,34,24.4,Alexis Brown,https://www.sports-reference.com/cbb/players/alexis-brown-3.html,georgia-southern,2018-19
17,72,17,2019-01-19,Georgia Southern,,South Alabama,REG (Conf),L 53-69,*,34,4,11,.364,3,8,.375,1,3,.333,.500,4,4,1.000,2,11,13,2,2,1,2,1,15,15.3,Alexis Brown,https://www.sports-reference.com/cbb/players/alexis-brown-3.html,georgia-southern,2018-19
18,73,18,2019-01-24,Georgia Southern,@,UT Arlington,REG (Conf),L 48-81,*,32,6,13,.462,2,7,.286,4,6,.667,.538,4,4,1.000,2,6,8,0,1,0,1,2,18,13.7,Alexis Brown,https://www.sports-reference.com/cbb/players/alexis-brown-3.html,georgia-southern,2018-19
19,74,19,2019-01-26,Georgia Southern,@,Texas State,REG (Conf),W 65-55,*,36,12,21,.571,4,12,.333,8,9,.889,.667,3,4,.750,3,2,5,0,3,0,1,3,31,24.2,Alexis Brown,https://www.sports-reference.com/cbb/players/alexis-brown-3.html,georgia-southern,2018-19
20,75,20,2019-02-02,Georgia Southern,,Georgia State,REG (Conf),L 66-83,*,38,6,11,.545,3,8,.375,3,3,1.000,.682,0,0,,1,0,1,5,2,0,2,3,15,12.7,Alexis Brown,https://www.sports-reference.com/cbb/players/alexis-brown-3.html,georgia-southern,2018-19
21,76,21,2019-02-07,Georgia Southern,,Louisiana,REG (Conf),W 79-71,*,25,6,12,.500,2,4,.500,4,8,.500,.583,4,4,1.000,0,4,4,1,2,0,3,4,18,11.3,Alexis Brown,https://www.sports-reference.com/cbb/players/alexis-brown-3.html,georgia-southern,2018-19
22,77,22,2019-02-09,Georgia Southern,,Louisiana–Monroe,REG (Conf),L 62-80,*,38,3,9,.333,2,5,.400,1,4,.250,.444,6,6,1.000,1,3,4,2,2,1,2,2,14,11.8,Alexis Brown,https://www.sports-reference.com/cbb/players/alexis-brown-3.html,georgia-southern,2018-19
23,78,23,2019-02-14,Georgia Southern,@,South Alabama,REG (Conf),L 60-73,*,38,5,16,.313,3,8,.375,2,8,.250,.406,8,10,.800,3,7,10,1,3,0,4,4,21,13.3,Alexis Brown,https://www.sports-reference.com/cbb/players/alexis-brown-3.html,georgia-southern,2018-19
24,79,24,2019-02-16,Georgia Southern,@,Troy,REG (Conf),L 78-100,*,36,4,16,.250,1,6,.167,3,10,.300,.281,2,4,.500,0,5,5,2,0,0,4,3,11,-1.7,Alexis Brown,https://www.sports-reference.com/cbb/players/alexis-brown-3.html,georgia-southern,2018-19
25,80,25,2019-02-21,Georgia Southern,,Coastal Carolina,REG (Conf),L 73-76,*,35,5,16,.313,1,8,.125,4,8,.500,.344,9,11,.818,1,2,3,0,2,0,2,4,20,9.7,Alexis Brown,https://www.sports-reference.com/cbb/players/alexis-brown-3.html,georgia-southern,2018-19
26,81,26,2019-02-23,Georgia Southern,,Appalachian State,REG (Conf),L 52-70,*,35,6,13,.462,4,8,.500,2,5,.400,.615,2,2,1.000,0,5,5,1,0,0,2,3,18,10.3,Alexis Brown,https://www.sports-reference.com/cbb/players/alexis-brown-3.html,georgia-southern,2018-19
27,82,27,2019-02-28,Georgia Southern,@,Little Rock,REG (Conf),L 51-80,*,32,2,8,.250,0,3,.000,2,5,.400,.250,4,5,.800,1,3,4,1,2,0,4,1,8,2.7,Alexis Brown,https://www.sports-reference.com/cbb/players/alexis-brown-3.html,georgia-southern,2018-19
28,83,28,2019-03-02,Georgia Southern,@,Arkansas State,REG (Conf),L 75-86,*,34,11,18,.611,7,12,.583,4,6,.667,.806,0,0,,1,0,1,2,4,0,3,4,29,22.3,Alexis Brown,https://www.sports-reference.com/cbb/players/alexis-brown-3.html,georgia-southern,2018-19
29,84,29,2019-03-09,Georgia Southern,@,Georgia State,REG (Conf),L 66-73,*,35,3,15,.200,2,9,.222,1,6,.167,.267,5,6,.833,1,3,4,3,2,0,2,1,13,6.6,Alexis Brown,https://www.sports-reference.com/cbb/players/alexis-brown-3.html,georgia-southern,2018-19
