ranker,player_game_num_career,team_game_num_season,date,team_name_abbr,game_location,opp_name_abbr,game_type,game_result,is_starter,mp,fg,fga,fg_pct,fg3,fg3a,fg3_pct,fg2,fg2a,fg2_pct,efg_pct,ft,fta,ft_pct,orb,drb,trb,ast,stl,blk,tov,pf,pts,game_score,player_name,player_sr_link,school,season
1,1,2,2018-11-10,Georgia Southern,@,Virginia Tech,REG (Non-Conf),L 49-78,,6,0,0,,0,0,,0,0,,,0,0,,2,0,2,0,0,0,0,1,0,1.0,Alisha Owens,https://www.sports-reference.com/cbb/players/alisha-owens-1.html,georgia-southern,2018-19
2,2,3,2018-11-12,Georgia Southern,,Mercer,REG (Non-Conf),L 72-79,,12,2,2,1.000,0,0,,2,2,1.000,1.000,1,2,.500,2,1,3,0,0,0,0,0,5,5.7,Alisha Owens,https://www.sports-reference.com/cbb/players/alisha-owens-1.html,georgia-southern,2018-19
3,3,4,2018-11-15,Georgia Southern,@,Savannah State,REG (Non-Conf),W 82-71,,12,3,5,.600,1,1,1.000,2,4,.500,.700,1,2,.500,1,2,3,0,0,0,3,1,8,3.2,Alisha Owens,https://www.sports-reference.com/cbb/players/alisha-owens-1.html,georgia-southern,2018-19
4,4,5,2018-11-20,Georgia Southern,@,Stony Brook,REG (Non-Conf),L 43-72,,13,1,3,.333,0,0,,1,3,.333,.333,2,2,1.000,2,0,2,0,0,1,0,1,4,4.0,Alisha Owens,https://www.sports-reference.com/cbb/players/alisha-owens-1.html,georgia-southern,2018-19
5,5,6,2018-11-25,Georgia Southern,,Bethune-Cookman,REG (Non-Conf),W 77-76,,12,1,4,.250,1,2,.500,0,2,.000,.375,1,2,.500,2,0,2,2,0,0,1,0,4,3.0,Alisha Owens,https://www.sports-reference.com/cbb/players/alisha-owens-1.html,georgia-southern,2018-19
6,6,7,2018-11-28,Georgia Southern,@,Kennesaw State,REG (Non-Conf),L 59-78,,19,2,9,.222,0,1,.000,2,8,.250,.222,7,12,.583,1,2,3,0,1,2,0,0,11,7.2,Alisha Owens,https://www.sports-reference.com/cbb/players/alisha-owens-1.html,georgia-southern,2018-19
7,7,8,2018-12-12,Georgia Southern,@,Presbyterian,REG (Non-Conf),W 69-68,*,14,0,1,.000,0,0,,0,1,.000,.000,0,0,,0,0,0,2,0,0,1,2,0,-1.1,Alisha Owens,https://www.sports-reference.com/cbb/players/alisha-owens-1.html,georgia-southern,2018-19
8,8,9,2018-12-14,Georgia Southern,,Coastal Georgia,REG (Non-Conf),W 68-46,*,17,1,5,.200,0,1,.000,1,4,.250,.200,0,0,,4,0,4,1,0,0,1,3,2,0.2,Alisha Owens,https://www.sports-reference.com/cbb/players/alisha-owens-1.html,georgia-southern,2018-19
9,9,10,2018-12-18,Georgia Southern,,Winthrop,REG (Non-Conf),W 64-55,,7,1,1,1.000,0,0,,1,1,1.000,1.000,1,2,.500,1,1,2,0,0,0,1,0,3,2.3,Alisha Owens,https://www.sports-reference.com/cbb/players/alisha-owens-1.html,georgia-southern,2018-19
10,10,11,2018-12-21,Georgia Southern,@,Georgia,REG (Non-Conf),L 38-81,,19,3,11,.273,0,1,.000,3,10,.300,.273,1,2,.500,2,3,5,0,0,0,2,2,7,-0.4,Alisha Owens,https://www.sports-reference.com/cbb/players/alisha-owens-1.html,georgia-southern,2018-19
11,11,12,2019-01-03,Georgia Southern,,Texas State,REG (Conf),L 52-64,,25,0,2,.000,0,0,,0,2,.000,.000,2,2,1.000,2,4,6,1,0,0,0,1,2,3.5,Alisha Owens,https://www.sports-reference.com/cbb/players/alisha-owens-1.html,georgia-southern,2018-19
12,12,13,2019-01-05,Georgia Southern,,UT Arlington,REG (Conf),L 53-74,,25,1,3,.333,0,0,,1,3,.333,.333,0,0,,1,1,2,0,1,0,1,3,2,0.1,Alisha Owens,https://www.sports-reference.com/cbb/players/alisha-owens-1.html,georgia-southern,2018-19
13,13,14,2019-01-10,Georgia Southern,@,Louisiana–Monroe,REG (Conf),L 57-58,*,27,8,11,.727,0,1,.000,8,10,.800,.727,0,0,,0,2,2,0,0,0,1,0,16,11.1,Alisha Owens,https://www.sports-reference.com/cbb/players/alisha-owens-1.html,georgia-southern,2018-19
14,14,15,2019-01-12,Georgia Southern,@,Louisiana,REG (Conf),L 48-59,*,29,3,7,.429,0,2,.000,3,5,.600,.429,2,2,1.000,2,3,5,1,0,0,2,3,8,4.1,Alisha Owens,https://www.sports-reference.com/cbb/players/alisha-owens-1.html,georgia-southern,2018-19
15,15,16,2019-01-17,Georgia Southern,,Troy,REG (Conf),L 81-97,*,26,1,5,.200,0,0,,1,5,.200,.200,0,0,,2,1,3,4,0,0,4,5,2,-2.6,Alisha Owens,https://www.sports-reference.com/cbb/players/alisha-owens-1.html,georgia-southern,2018-19
16,16,17,2019-01-19,Georgia Southern,,South Alabama,REG (Conf),L 53-69,*,22,2,8,.250,0,1,.000,2,7,.286,.250,0,0,,3,3,6,0,0,0,3,1,4,-1.2,Alisha Owens,https://www.sports-reference.com/cbb/players/alisha-owens-1.html,georgia-southern,2018-19
17,17,18,2019-01-24,Georgia Southern,@,UT Arlington,REG (Conf),L 48-81,,15,0,4,.000,0,0,,0,4,.000,.000,0,0,,1,0,1,0,0,0,1,1,0,-3.5,Alisha Owens,https://www.sports-reference.com/cbb/players/alisha-owens-1.html,georgia-southern,2018-19
18,18,19,2019-01-26,Georgia Southern,@,Texas State,REG (Conf),W 65-55,,8,3,4,.750,1,1,1.000,2,3,.667,.875,0,0,,4,0,4,0,0,0,1,0,7,7.2,Alisha Owens,https://www.sports-reference.com/cbb/players/alisha-owens-1.html,georgia-southern,2018-19
19,19,20,2019-02-02,Georgia Southern,,Georgia State,REG (Conf),L 66-83,,11,2,3,.667,0,0,,2,3,.667,.667,0,0,,1,0,1,0,0,0,1,2,4,1.6,Alisha Owens,https://www.sports-reference.com/cbb/players/alisha-owens-1.html,georgia-southern,2018-19
20,20,21,2019-02-07,Georgia Southern,,Louisiana,REG (Conf),W 79-71,,15,6,7,.857,0,0,,6,7,.857,.857,0,0,,3,0,3,1,1,0,0,2,12,12.5,Alisha Owens,https://www.sports-reference.com/cbb/players/alisha-owens-1.html,georgia-southern,2018-19
21,21,22,2019-02-09,Georgia Southern,,Louisiana–Monroe,REG (Conf),L 62-80,,15,3,3,1.000,0,0,,3,3,1.000,1.000,0,0,,1,0,1,1,0,0,2,3,6,3.3,Alisha Owens,https://www.sports-reference.com/cbb/players/alisha-owens-1.html,georgia-southern,2018-19
22,22,23,2019-02-14,Georgia Southern,@,South Alabama,REG (Conf),L 60-73,,12,3,4,.750,0,1,.000,3,3,1.000,.750,7,8,.875,4,4,8,0,0,1,1,3,13,13.5,Alisha Owens,https://www.sports-reference.com/cbb/players/alisha-owens-1.html,georgia-southern,2018-19
23,23,24,2019-02-16,Georgia Southern,@,Troy,REG (Conf),L 78-100,,10,3,4,.750,0,0,,3,4,.750,.750,0,0,,0,1,1,0,2,0,0,1,6,6.3,Alisha Owens,https://www.sports-reference.com/cbb/players/alisha-owens-1.html,georgia-southern,2018-19
24,24,29,2019-03-09,Georgia Southern,@,Georgia State,REG (Conf),L 66-73,,5,0,0,,0,0,,0,0,,,0,0,,1,0,1,0,0,0,1,0,0,-0.3,Alisha Owens,https://www.sports-reference.com/cbb/players/alisha-owens-1.html,georgia-southern,2018-19
