ranker,player_game_num_career,team_game_num_season,date,team_name_abbr,game_location,opp_name_abbr,game_type,game_result,is_starter,mp,fg,fga,fg_pct,fg3,fg3a,fg3_pct,fg2,fg2a,fg2_pct,efg_pct,ft,fta,ft_pct,orb,drb,trb,ast,stl,blk,tov,pf,pts,game_score,player_name,player_sr_link,school,season
1,1,1,2018-11-06,Georgia Southern,,Wofford,REG (Non-Conf),L 65-81,,7,0,0,,0,0,,0,0,,,0,0,,0,1,1,0,0,0,1,0,0,-0.7,Ella Felkins,https://www.sports-reference.com/cbb/players/ella-felkins-1.html,georgia-southern,2018-19
2,2,2,2018-11-10,Georgia Southern,@,Virginia Tech,REG (Non-Conf),L 49-78,,5,1,1,1.000,0,0,,1,1,1.000,1.000,0,0,,1,0,1,0,0,0,1,2,2,0.6,Ella Felkins,https://www.sports-reference.com/cbb/players/ella-felkins-1.html,georgia-southern,2018-19
3,3,5,2018-11-20,Georgia Southern,@,Stony Brook,REG (Non-Conf),L 43-72,,6,0,1,.000,0,0,,0,1,.000,.000,0,0,,0,0,0,0,0,0,0,1,0,-1.1,Ella Felkins,https://www.sports-reference.com/cbb/players/ella-felkins-1.html,georgia-southern,2018-19
4,4,7,2018-11-28,Georgia Southern,@,Kennesaw State,REG (Non-Conf),L 59-78,,2,0,2,.000,0,0,,0,2,.000,.000,0,0,,0,0,0,0,0,0,1,1,0,-2.8,Ella Felkins,https://www.sports-reference.com/cbb/players/ella-felkins-1.html,georgia-southern,2018-19
5,5,8,2018-12-12,Georgia Southern,@,Presbyterian,REG (Non-Conf),W 69-68,,3,0,0,,0,0,,0,0,,,0,0,,0,0,0,0,0,0,0,2,0,-0.8,Ella Felkins,https://www.sports-reference.com/cbb/players/ella-felkins-1.html,georgia-southern,2018-19
6,6,9,2018-12-14,Georgia Southern,,Coastal Georgia,REG (Non-Conf),W 68-46,,10,1,1,1.000,0,0,,1,1,1.000,1.000,0,1,.000,0,2,2,0,0,0,0,1,2,1.5,Ella Felkins,https://www.sports-reference.com/cbb/players/ella-felkins-1.html,georgia-southern,2018-19
7,7,10,2018-12-18,Georgia Southern,,Winthrop,REG (Non-Conf),W 64-55,,3,1,2,.500,0,0,,1,2,.500,.500,0,0,,1,0,1,0,0,0,0,0,2,1.7,Ella Felkins,https://www.sports-reference.com/cbb/players/ella-felkins-1.html,georgia-southern,2018-19
8,8,11,2018-12-21,Georgia Southern,@,Georgia,REG (Non-Conf),L 38-81,,7,0,1,.000,0,0,,0,1,.000,.000,0,0,,0,0,0,0,0,0,2,3,0,-3.9,Ella Felkins,https://www.sports-reference.com/cbb/players/ella-felkins-1.html,georgia-southern,2018-19
9,9,13,2019-01-05,Georgia Southern,,UT Arlington,REG (Conf),L 53-74,,8,1,3,.333,0,0,,1,3,.333,.333,4,4,1.000,4,1,5,0,0,0,0,0,6,7.4,Ella Felkins,https://www.sports-reference.com/cbb/players/ella-felkins-1.html,georgia-southern,2018-19
10,10,14,2019-01-10,Georgia Southern,@,Louisiana–Monroe,REG (Conf),L 57-58,,13,2,3,.667,0,0,,2,3,.667,.667,1,1,1.000,2,3,5,0,0,1,0,0,5,6.7,Ella Felkins,https://www.sports-reference.com/cbb/players/ella-felkins-1.html,georgia-southern,2018-19
11,11,15,2019-01-12,Georgia Southern,@,Louisiana,REG (Conf),L 48-59,,11,0,0,,0,0,,0,0,,,0,0,,1,1,2,0,0,0,1,3,0,-1.2,Ella Felkins,https://www.sports-reference.com/cbb/players/ella-felkins-1.html,georgia-southern,2018-19
12,12,16,2019-01-17,Georgia Southern,,Troy,REG (Conf),L 81-97,,11,0,0,,0,0,,0,0,,,0,0,,0,0,0,0,0,0,1,3,0,-2.2,Ella Felkins,https://www.sports-reference.com/cbb/players/ella-felkins-1.html,georgia-southern,2018-19
13,13,17,2019-01-19,Georgia Southern,,South Alabama,REG (Conf),L 53-69,,18,1,5,.200,0,2,.000,1,3,.333,.200,2,4,.500,2,3,5,1,2,2,3,0,4,3.5,Ella Felkins,https://www.sports-reference.com/cbb/players/ella-felkins-1.html,georgia-southern,2018-19
14,14,18,2019-01-24,Georgia Southern,@,UT Arlington,REG (Conf),L 48-81,,8,0,1,.000,0,0,,0,1,.000,.000,0,0,,0,1,1,0,0,1,0,0,0,0.3,Ella Felkins,https://www.sports-reference.com/cbb/players/ella-felkins-1.html,georgia-southern,2018-19
15,15,19,2019-01-26,Georgia Southern,@,Texas State,REG (Conf),W 65-55,,2,0,2,.000,0,0,,0,2,.000,.000,0,0,,1,0,1,0,0,1,1,0,0,-1.0,Ella Felkins,https://www.sports-reference.com/cbb/players/ella-felkins-1.html,georgia-southern,2018-19
16,16,24,2019-02-16,Georgia Southern,@,Troy,REG (Conf),L 78-100,,1,0,0,,0,0,,0,0,,,0,0,,0,0,0,0,0,0,0,0,0,0.0,Ella Felkins,https://www.sports-reference.com/cbb/players/ella-felkins-1.html,georgia-southern,2018-19
17,17,29,2019-03-09,Georgia Southern,@,Georgia State,REG (Conf),L 66-73,,0,0,0,,0,0,,0,0,,,0,0,,0,0,0,0,0,0,0,0,0,0.0,Ella Felkins,https://www.sports-reference.com/cbb/players/ella-felkins-1.html,georgia-southern,2018-19
