ranker,player_game_num_career,team_game_num_season,date,team_name_abbr,game_location,opp_name_abbr,game_type,game_result,is_starter,mp,fg,fga,fg_pct,fg3,fg3a,fg3_pct,fg2,fg2a,fg2_pct,efg_pct,ft,fta,ft_pct,orb,drb,trb,ast,stl,blk,tov,pf,pts,game_score,player_name,player_sr_link,school,season
1,54,1,2018-11-06,Georgia Southern,,Wofford,REG (Non-Conf),L 65-81,*,21,6,11,.545,1,2,.500,5,9,.556,.591,1,1,1.000,3,1,4,1,1,0,0,2,14,12.0,Hailey Dias-Allen,https://www.sports-reference.com/cbb/players/hailey-dias-allen-1.html,georgia-southern,2018-19
2,55,2,2018-11-10,Georgia Southern,@,Virginia Tech,REG (Non-Conf),L 49-78,*,24,2,11,.182,0,0,,2,11,.182,.182,0,0,,0,2,2,0,0,0,3,1,4,-5.7,Hailey Dias-Allen,https://www.sports-reference.com/cbb/players/hailey-dias-allen-1.html,georgia-southern,2018-19
3,56,3,2018-11-12,Georgia Southern,,Mercer,REG (Non-Conf),L 72-79,*,24,1,2,.500,0,1,.000,1,1,1.000,.500,0,0,,1,2,3,1,0,0,2,4,2,-0.6,Hailey Dias-Allen,https://www.sports-reference.com/cbb/players/hailey-dias-allen-1.html,georgia-southern,2018-19
4,57,4,2018-11-15,Georgia Southern,@,Savannah State,REG (Non-Conf),W 82-71,*,26,0,2,.000,0,0,,0,2,.000,.000,0,0,,2,2,4,1,1,0,2,1,0,-0.1,Hailey Dias-Allen,https://www.sports-reference.com/cbb/players/hailey-dias-allen-1.html,georgia-southern,2018-19
5,58,5,2018-11-20,Georgia Southern,@,Stony Brook,REG (Non-Conf),L 43-72,*,31,2,8,.250,1,3,.333,1,5,.200,.313,2,5,.400,1,4,5,1,0,0,5,1,7,-1.8,Hailey Dias-Allen,https://www.sports-reference.com/cbb/players/hailey-dias-allen-1.html,georgia-southern,2018-19
6,59,6,2018-11-25,Georgia Southern,,Bethune-Cookman,REG (Non-Conf),W 77-76,*,28,7,10,.700,1,2,.500,6,8,.750,.750,2,2,1.000,4,5,9,0,0,0,0,2,17,16.3,Hailey Dias-Allen,https://www.sports-reference.com/cbb/players/hailey-dias-allen-1.html,georgia-southern,2018-19
7,60,7,2018-11-28,Georgia Southern,@,Kennesaw State,REG (Non-Conf),L 59-78,*,23,0,5,.000,0,3,.000,0,2,.000,.000,0,0,,2,3,5,0,0,1,0,1,0,-0.9,Hailey Dias-Allen,https://www.sports-reference.com/cbb/players/hailey-dias-allen-1.html,georgia-southern,2018-19
8,61,8,2018-12-12,Georgia Southern,@,Presbyterian,REG (Non-Conf),W 69-68,*,35,6,10,.600,0,0,,6,10,.600,.600,2,3,.667,1,4,5,0,1,0,2,3,14,8.7,Hailey Dias-Allen,https://www.sports-reference.com/cbb/players/hailey-dias-allen-1.html,georgia-southern,2018-19
9,62,9,2018-12-14,Georgia Southern,,Coastal Georgia,REG (Non-Conf),W 68-46,*,31,3,7,.429,0,2,.000,3,5,.600,.429,3,3,1.000,1,4,5,0,0,2,3,3,9,4.4,Hailey Dias-Allen,https://www.sports-reference.com/cbb/players/hailey-dias-allen-1.html,georgia-southern,2018-19
10,63,10,2018-12-18,Georgia Southern,,Winthrop,REG (Non-Conf),W 64-55,*,33,6,9,.667,0,0,,6,9,.667,.667,3,4,.750,2,7,9,1,0,1,1,2,15,13.8,Hailey Dias-Allen,https://www.sports-reference.com/cbb/players/hailey-dias-allen-1.html,georgia-southern,2018-19
11,64,11,2018-12-21,Georgia Southern,@,Georgia,REG (Non-Conf),L 38-81,*,33,2,9,.222,0,1,.000,2,8,.250,.222,2,2,1.000,1,4,5,1,1,0,5,3,6,-2.1,Hailey Dias-Allen,https://www.sports-reference.com/cbb/players/hailey-dias-allen-1.html,georgia-southern,2018-19
12,65,12,2019-01-03,Georgia Southern,,Texas State,REG (Conf),L 52-64,*,37,9,16,.563,1,2,.500,8,14,.571,.594,1,1,1.000,3,5,8,0,1,0,5,2,20,11.2,Hailey Dias-Allen,https://www.sports-reference.com/cbb/players/hailey-dias-allen-1.html,georgia-southern,2018-19
13,66,13,2019-01-05,Georgia Southern,,UT Arlington,REG (Conf),L 53-74,*,35,4,9,.444,1,3,.333,3,6,.500,.500,0,0,,3,6,9,3,0,0,2,2,9,7.5,Hailey Dias-Allen,https://www.sports-reference.com/cbb/players/hailey-dias-allen-1.html,georgia-southern,2018-19
14,67,14,2019-01-10,Georgia Southern,@,Louisiana–Monroe,REG (Conf),L 57-58,*,37,1,3,.333,0,0,,1,3,.333,.333,2,2,1.000,1,9,10,5,1,2,3,3,4,7.4,Hailey Dias-Allen,https://www.sports-reference.com/cbb/players/hailey-dias-allen-1.html,georgia-southern,2018-19
15,68,15,2019-01-12,Georgia Southern,@,Louisiana,REG (Conf),L 48-59,*,35,4,12,.333,0,1,.000,4,11,.364,.333,0,0,,3,11,14,0,0,0,4,2,8,1.8,Hailey Dias-Allen,https://www.sports-reference.com/cbb/players/hailey-dias-allen-1.html,georgia-southern,2018-19
16,69,16,2019-01-17,Georgia Southern,,Troy,REG (Conf),L 81-97,*,32,3,12,.250,0,3,.000,3,9,.333,.250,2,4,.500,1,4,5,1,1,0,3,1,8,0.2,Hailey Dias-Allen,https://www.sports-reference.com/cbb/players/hailey-dias-allen-1.html,georgia-southern,2018-19
17,70,17,2019-01-19,Georgia Southern,,South Alabama,REG (Conf),L 53-69,*,27,2,6,.333,0,2,.000,2,4,.500,.333,0,0,,1,4,5,0,0,0,4,3,4,-2.7,Hailey Dias-Allen,https://www.sports-reference.com/cbb/players/hailey-dias-allen-1.html,georgia-southern,2018-19
18,71,18,2019-01-24,Georgia Southern,@,UT Arlington,REG (Conf),L 48-81,*,22,2,7,.286,0,2,.000,2,5,.400,.286,0,0,,2,1,3,0,1,0,2,1,4,0.2,Hailey Dias-Allen,https://www.sports-reference.com/cbb/players/hailey-dias-allen-1.html,georgia-southern,2018-19
19,72,19,2019-01-26,Georgia Southern,@,Texas State,REG (Conf),W 65-55,*,34,4,11,.364,0,1,.000,4,10,.400,.364,2,2,1.000,3,5,8,1,0,0,0,1,10,7.8,Hailey Dias-Allen,https://www.sports-reference.com/cbb/players/hailey-dias-allen-1.html,georgia-southern,2018-19
20,73,20,2019-02-02,Georgia Southern,,Georgia State,REG (Conf),L 66-83,*,34,5,10,.500,0,0,,5,10,.500,.500,6,8,.750,4,8,12,0,0,0,3,1,16,12.0,Hailey Dias-Allen,https://www.sports-reference.com/cbb/players/hailey-dias-allen-1.html,georgia-southern,2018-19
21,74,21,2019-02-07,Georgia Southern,,Louisiana,REG (Conf),W 79-71,*,22,1,3,.333,0,0,,1,3,.333,.333,3,4,.750,1,3,4,1,1,0,1,2,5,4.4,Hailey Dias-Allen,https://www.sports-reference.com/cbb/players/hailey-dias-allen-1.html,georgia-southern,2018-19
22,75,22,2019-02-09,Georgia Southern,,Louisiana–Monroe,REG (Conf),L 62-80,*,24,5,10,.500,0,2,.000,5,8,.625,.500,4,4,1.000,3,4,7,0,1,1,2,4,14,10.4,Hailey Dias-Allen,https://www.sports-reference.com/cbb/players/hailey-dias-allen-1.html,georgia-southern,2018-19
23,76,23,2019-02-14,Georgia Southern,@,South Alabama,REG (Conf),L 60-73,*,26,3,10,.300,0,3,.000,3,7,.429,.300,1,2,.500,1,1,2,0,1,0,2,1,7,0.4,Hailey Dias-Allen,https://www.sports-reference.com/cbb/players/hailey-dias-allen-1.html,georgia-southern,2018-19
24,77,24,2019-02-16,Georgia Southern,@,Troy,REG (Conf),L 78-100,*,26,5,8,.625,1,2,.500,4,6,.667,.688,0,0,,3,3,6,0,1,0,4,1,11,7.0,Hailey Dias-Allen,https://www.sports-reference.com/cbb/players/hailey-dias-allen-1.html,georgia-southern,2018-19
25,78,25,2019-02-21,Georgia Southern,,Coastal Carolina,REG (Conf),L 73-76,*,29,4,8,.500,1,1,1.000,3,7,.429,.563,4,6,.667,7,3,10,1,2,1,2,1,13,15.0,Hailey Dias-Allen,https://www.sports-reference.com/cbb/players/hailey-dias-allen-1.html,georgia-southern,2018-19
26,79,26,2019-02-23,Georgia Southern,,Appalachian State,REG (Conf),L 52-70,*,27,3,11,.273,0,3,.000,3,8,.375,.273,2,2,1.000,2,7,9,0,0,2,7,1,8,-1.0,Hailey Dias-Allen,https://www.sports-reference.com/cbb/players/hailey-dias-allen-1.html,georgia-southern,2018-19
27,80,27,2019-02-28,Georgia Southern,@,Little Rock,REG (Conf),L 51-80,*,21,3,6,.500,0,0,,3,6,.500,.500,6,7,.857,1,1,2,1,1,0,0,1,12,10.9,Hailey Dias-Allen,https://www.sports-reference.com/cbb/players/hailey-dias-allen-1.html,georgia-southern,2018-19
28,81,28,2019-03-02,Georgia Southern,@,Arkansas State,REG (Conf),L 75-86,*,21,4,4,1.000,0,0,,4,4,1.000,1.000,2,4,.500,0,2,2,0,0,0,0,3,10,7.4,Hailey Dias-Allen,https://www.sports-reference.com/cbb/players/hailey-dias-allen-1.html,georgia-southern,2018-19
29,82,29,2019-03-09,Georgia Southern,@,Georgia State,REG (Conf),L 66-73,*,27,4,5,.800,0,0,,4,5,.800,.800,2,2,1.000,1,7,8,2,2,0,2,5,10,10.3,Hailey Dias-Allen,https://www.sports-reference.com/cbb/players/hailey-dias-allen-1.html,georgia-southern,2018-19
