ranker,player_game_num_career,team_game_num_season,date,team_name_abbr,game_location,opp_name_abbr,game_type,game_result,is_starter,mp,fg,fga,fg_pct,fg3,fg3a,fg3_pct,fg2,fg2a,fg2_pct,efg_pct,ft,fta,ft_pct,orb,drb,trb,ast,stl,blk,tov,pf,pts,game_score,player_name,player_sr_link,school,season
1,1,1,2018-11-06,Georgia Southern,,Wofford,REG (Non-Conf),L 65-81,,20,1,2,.500,0,0,,1,2,.500,.500,0,0,,0,1,1,0,1,0,1,4,2,-0.3,Jordan Strange,https://www.sports-reference.com/cbb/players/jordan-strange-1.html,georgia-southern,2018-19
2,2,2,2018-11-10,Georgia Southern,@,Virginia Tech,REG (Non-Conf),L 49-78,,17,0,1,.000,0,1,.000,0,0,,.000,0,0,,0,1,1,0,0,0,1,0,0,-1.4,Jordan Strange,https://www.sports-reference.com/cbb/players/jordan-strange-1.html,georgia-southern,2018-19
3,3,3,2018-11-12,Georgia Southern,,Mercer,REG (Non-Conf),L 72-79,,14,1,3,.333,0,0,,1,3,.333,.333,0,0,,0,1,1,0,1,0,0,2,2,0.8,Jordan Strange,https://www.sports-reference.com/cbb/players/jordan-strange-1.html,georgia-southern,2018-19
4,4,4,2018-11-15,Georgia Southern,@,Savannah State,REG (Non-Conf),W 82-71,,12,2,4,.500,1,3,.333,1,1,1.000,.625,0,0,,0,0,0,1,0,0,0,1,5,3.3,Jordan Strange,https://www.sports-reference.com/cbb/players/jordan-strange-1.html,georgia-southern,2018-19
5,5,5,2018-11-20,Georgia Southern,@,Stony Brook,REG (Non-Conf),L 43-72,,13,0,1,.000,0,0,,0,1,.000,.000,0,0,,0,2,2,1,0,0,3,2,0,-3.2,Jordan Strange,https://www.sports-reference.com/cbb/players/jordan-strange-1.html,georgia-southern,2018-19
6,6,6,2018-11-25,Georgia Southern,,Bethune-Cookman,REG (Non-Conf),W 77-76,,9,0,2,.000,0,1,.000,0,1,.000,.000,0,0,,0,1,1,2,0,0,1,2,0,-1.5,Jordan Strange,https://www.sports-reference.com/cbb/players/jordan-strange-1.html,georgia-southern,2018-19
7,7,7,2018-11-28,Georgia Southern,@,Kennesaw State,REG (Non-Conf),L 59-78,,14,0,0,,0,0,,0,0,,,0,0,,0,1,1,1,1,0,0,2,0,1.2,Jordan Strange,https://www.sports-reference.com/cbb/players/jordan-strange-1.html,georgia-southern,2018-19
8,8,8,2018-12-12,Georgia Southern,@,Presbyterian,REG (Non-Conf),W 69-68,,25,3,5,.600,2,3,.667,1,2,.500,.800,0,0,,0,4,4,1,0,0,1,1,8,6.2,Jordan Strange,https://www.sports-reference.com/cbb/players/jordan-strange-1.html,georgia-southern,2018-19
9,9,9,2018-12-14,Georgia Southern,,Coastal Georgia,REG (Non-Conf),W 68-46,,14,0,2,.000,0,0,,0,2,.000,.000,2,2,1.000,0,1,1,0,0,0,0,2,2,0.1,Jordan Strange,https://www.sports-reference.com/cbb/players/jordan-strange-1.html,georgia-southern,2018-19
10,10,10,2018-12-18,Georgia Southern,,Winthrop,REG (Non-Conf),W 64-55,,15,0,2,.000,0,1,.000,0,1,.000,.000,0,0,,0,1,1,0,0,0,1,0,0,-2.1,Jordan Strange,https://www.sports-reference.com/cbb/players/jordan-strange-1.html,georgia-southern,2018-19
11,11,11,2018-12-21,Georgia Southern,@,Georgia,REG (Non-Conf),L 38-81,,27,1,6,.167,1,2,.500,0,4,.000,.250,2,2,1.000,2,3,5,2,0,0,2,2,5,2.1,Jordan Strange,https://www.sports-reference.com/cbb/players/jordan-strange-1.html,georgia-southern,2018-19
12,12,12,2019-01-03,Georgia Southern,,Texas State,REG (Conf),L 52-64,*,37,2,7,.286,2,6,.333,0,1,.000,.429,0,0,,0,3,3,2,1,0,4,4,6,-0.4,Jordan Strange,https://www.sports-reference.com/cbb/players/jordan-strange-1.html,georgia-southern,2018-19
13,13,13,2019-01-05,Georgia Southern,,UT Arlington,REG (Conf),L 53-74,*,23,3,6,.500,3,4,.750,0,2,.000,.750,0,0,,0,0,0,2,0,0,1,3,9,5.2,Jordan Strange,https://www.sports-reference.com/cbb/players/jordan-strange-1.html,georgia-southern,2018-19
14,14,14,2019-01-10,Georgia Southern,@,Louisiana–Monroe,REG (Conf),L 57-58,,18,1,2,.500,1,1,1.000,0,1,.000,.750,0,0,,0,0,0,0,0,0,0,0,3,2.0,Jordan Strange,https://www.sports-reference.com/cbb/players/jordan-strange-1.html,georgia-southern,2018-19
15,15,15,2019-01-12,Georgia Southern,@,Louisiana,REG (Conf),L 48-59,,14,0,3,.000,0,2,.000,0,1,.000,.000,0,0,,0,1,1,0,1,1,1,1,0,-1.5,Jordan Strange,https://www.sports-reference.com/cbb/players/jordan-strange-1.html,georgia-southern,2018-19
16,16,16,2019-01-17,Georgia Southern,,Troy,REG (Conf),L 81-97,,23,2,3,.667,1,2,.500,1,1,1.000,.833,0,0,,0,0,0,0,1,0,0,2,5,3.9,Jordan Strange,https://www.sports-reference.com/cbb/players/jordan-strange-1.html,georgia-southern,2018-19
17,17,17,2019-01-19,Georgia Southern,,South Alabama,REG (Conf),L 53-69,,17,1,4,.250,1,3,.333,0,1,.000,.375,2,2,1.000,0,1,1,1,0,0,0,1,5,3.2,Jordan Strange,https://www.sports-reference.com/cbb/players/jordan-strange-1.html,georgia-southern,2018-19
18,18,18,2019-01-24,Georgia Southern,@,UT Arlington,REG (Conf),L 48-81,*,20,1,3,.333,1,3,.333,0,0,,.500,0,0,,1,1,2,2,1,0,2,1,3,2.3,Jordan Strange,https://www.sports-reference.com/cbb/players/jordan-strange-1.html,georgia-southern,2018-19
19,19,19,2019-01-26,Georgia Southern,@,Texas State,REG (Conf),W 65-55,*,38,1,7,.143,1,6,.167,0,1,.000,.214,2,2,1.000,0,3,3,0,1,0,1,1,5,1.0,Jordan Strange,https://www.sports-reference.com/cbb/players/jordan-strange-1.html,georgia-southern,2018-19
20,20,20,2019-02-02,Georgia Southern,,Georgia State,REG (Conf),L 66-83,*,19,1,5,.200,1,4,.250,0,1,.000,.300,0,0,,0,3,3,2,0,0,2,2,3,-0.6,Jordan Strange,https://www.sports-reference.com/cbb/players/jordan-strange-1.html,georgia-southern,2018-19
21,21,21,2019-02-07,Georgia Southern,,Louisiana,REG (Conf),W 79-71,*,23,1,7,.143,0,4,.000,1,3,.333,.143,0,0,,1,2,3,2,0,0,1,1,2,-1.2,Jordan Strange,https://www.sports-reference.com/cbb/players/jordan-strange-1.html,georgia-southern,2018-19
22,22,22,2019-02-09,Georgia Southern,,Louisiana–Monroe,REG (Conf),L 62-80,*,18,1,3,.333,0,2,.000,1,1,1.000,.333,0,0,,0,1,1,0,0,0,0,3,2,-0.6,Jordan Strange,https://www.sports-reference.com/cbb/players/jordan-strange-1.html,georgia-southern,2018-19
23,23,23,2019-02-14,Georgia Southern,@,South Alabama,REG (Conf),L 60-73,*,21,1,3,.333,0,1,.000,1,2,.500,.333,0,0,,1,2,3,0,1,0,2,2,2,-0.2,Jordan Strange,https://www.sports-reference.com/cbb/players/jordan-strange-1.html,georgia-southern,2018-19
24,24,24,2019-02-16,Georgia Southern,@,Troy,REG (Conf),L 78-100,,10,1,2,.500,1,2,.500,0,0,,.750,1,2,.500,0,2,2,0,0,0,1,2,4,1.4,Jordan Strange,https://www.sports-reference.com/cbb/players/jordan-strange-1.html,georgia-southern,2018-19
25,25,25,2019-02-21,Georgia Southern,,Coastal Carolina,REG (Conf),L 73-76,,13,2,2,1.000,1,1,1.000,1,1,1.000,1.250,3,5,.600,0,3,3,2,1,0,2,3,8,6.7,Jordan Strange,https://www.sports-reference.com/cbb/players/jordan-strange-1.html,georgia-southern,2018-19
26,26,26,2019-02-23,Georgia Southern,,Appalachian State,REG (Conf),L 52-70,,17,0,4,.000,0,2,.000,0,2,.000,.000,0,0,,0,2,2,2,1,0,1,2,0,-1.6,Jordan Strange,https://www.sports-reference.com/cbb/players/jordan-strange-1.html,georgia-southern,2018-19
27,27,27,2019-02-28,Georgia Southern,@,Little Rock,REG (Conf),L 51-80,,21,3,8,.375,2,3,.667,1,5,.200,.500,1,2,.500,0,2,2,1,0,0,2,0,9,3.5,Jordan Strange,https://www.sports-reference.com/cbb/players/jordan-strange-1.html,georgia-southern,2018-19
28,28,28,2019-03-02,Georgia Southern,@,Arkansas State,REG (Conf),L 75-86,,14,0,2,.000,0,0,,0,2,.000,.000,0,0,,0,1,1,1,1,0,1,3,0,-1.6,Jordan Strange,https://www.sports-reference.com/cbb/players/jordan-strange-1.html,georgia-southern,2018-19
29,29,29,2019-03-09,Georgia Southern,@,Georgia State,REG (Conf),L 66-73,*,36,4,9,.444,1,6,.167,3,3,1.000,.500,0,0,,0,3,3,4,1,0,2,4,9,5.4,Jordan Strange,https://www.sports-reference.com/cbb/players/jordan-strange-1.html,georgia-southern,2018-19
