ranker,player_game_num_career,team_game_num_season,date,team_name_abbr,game_location,opp_name_abbr,game_type,game_result,is_starter,mp,fg,fga,fg_pct,fg3,fg3a,fg3_pct,fg2,fg2a,fg2_pct,efg_pct,ft,fta,ft_pct,orb,drb,trb,ast,stl,blk,tov,pf,pts,game_score,player_name,player_sr_link,school,season
1,24,1,2018-11-06,Georgia Southern,,Wofford,REG (Non-Conf),L 65-81,,21,3,9,.333,0,4,.000,3,5,.600,.333,1,2,.500,2,1,3,3,0,0,3,2,7,1.5,Tatum Barber,https://www.sports-reference.com/cbb/players/tatum-barber-1.html,georgia-southern,2018-19
2,25,2,2018-11-10,Georgia Southern,@,Virginia Tech,REG (Non-Conf),L 49-78,,25,2,9,.222,0,1,.000,2,8,.250,.222,0,0,,0,1,1,1,0,0,2,2,4,-3.3,Tatum Barber,https://www.sports-reference.com/cbb/players/tatum-barber-1.html,georgia-southern,2018-19
3,26,3,2018-11-12,Georgia Southern,,Mercer,REG (Non-Conf),L 72-79,,25,5,10,.500,2,6,.333,3,4,.750,.600,2,4,.500,0,3,3,0,1,0,5,4,14,3.5,Tatum Barber,https://www.sports-reference.com/cbb/players/tatum-barber-1.html,georgia-southern,2018-19
4,27,4,2018-11-15,Georgia Southern,@,Savannah State,REG (Non-Conf),W 82-71,,25,4,9,.444,0,2,.000,4,7,.571,.444,3,6,.500,2,4,6,2,1,0,1,3,11,7.9,Tatum Barber,https://www.sports-reference.com/cbb/players/tatum-barber-1.html,georgia-southern,2018-19
5,28,5,2018-11-20,Georgia Southern,@,Stony Brook,REG (Non-Conf),L 43-72,,20,1,5,.200,1,4,.250,0,1,.000,.300,1,2,.500,2,2,4,0,1,0,2,4,4,-0.1,Tatum Barber,https://www.sports-reference.com/cbb/players/tatum-barber-1.html,georgia-southern,2018-19
6,29,6,2018-11-25,Georgia Southern,,Bethune-Cookman,REG (Non-Conf),W 77-76,,21,3,7,.429,2,3,.667,1,4,.250,.571,0,0,,3,5,8,0,0,0,2,1,8,5.5,Tatum Barber,https://www.sports-reference.com/cbb/players/tatum-barber-1.html,georgia-southern,2018-19
7,30,7,2018-11-28,Georgia Southern,@,Kennesaw State,REG (Non-Conf),L 59-78,,20,5,9,.556,2,5,.400,3,4,.750,.667,2,7,.286,2,2,4,3,2,0,2,4,14,10.2,Tatum Barber,https://www.sports-reference.com/cbb/players/tatum-barber-1.html,georgia-southern,2018-19
8,31,8,2018-12-12,Georgia Southern,@,Presbyterian,REG (Non-Conf),W 69-68,,30,5,13,.385,1,5,.200,4,8,.500,.423,1,2,.500,2,4,6,0,2,0,2,1,12,6.7,Tatum Barber,https://www.sports-reference.com/cbb/players/tatum-barber-1.html,georgia-southern,2018-19
9,32,9,2018-12-14,Georgia Southern,,Coastal Georgia,REG (Non-Conf),W 68-46,,23,6,11,.545,2,4,.500,4,7,.571,.636,2,3,.667,0,3,3,2,6,0,2,2,16,15.8,Tatum Barber,https://www.sports-reference.com/cbb/players/tatum-barber-1.html,georgia-southern,2018-19
10,33,10,2018-12-18,Georgia Southern,,Winthrop,REG (Non-Conf),W 64-55,*,32,7,13,.538,3,5,.600,4,8,.500,.654,1,2,.500,3,4,7,1,1,0,1,3,18,14.1,Tatum Barber,https://www.sports-reference.com/cbb/players/tatum-barber-1.html,georgia-southern,2018-19
11,34,11,2018-12-21,Georgia Southern,@,Georgia,REG (Non-Conf),L 38-81,*,27,1,4,.250,0,1,.000,1,3,.333,.250,3,6,.500,1,4,5,0,2,0,1,2,5,3.5,Tatum Barber,https://www.sports-reference.com/cbb/players/tatum-barber-1.html,georgia-southern,2018-19
12,35,12,2019-01-03,Georgia Southern,,Texas State,REG (Conf),L 52-64,*,28,2,8,.250,1,3,.333,1,5,.200,.313,0,0,,0,4,4,0,1,0,1,3,5,0.2,Tatum Barber,https://www.sports-reference.com/cbb/players/tatum-barber-1.html,georgia-southern,2018-19
13,36,13,2019-01-05,Georgia Southern,,UT Arlington,REG (Conf),L 53-74,*,28,4,12,.333,1,5,.200,3,7,.429,.375,4,4,1.000,1,3,4,2,0,0,3,4,13,4.6,Tatum Barber,https://www.sports-reference.com/cbb/players/tatum-barber-1.html,georgia-southern,2018-19
14,37,14,2019-01-10,Georgia Southern,@,Louisiana–Monroe,REG (Conf),L 57-58,*,30,2,8,.250,1,4,.250,1,4,.250,.313,0,0,,1,1,2,3,0,0,3,4,5,-1.3,Tatum Barber,https://www.sports-reference.com/cbb/players/tatum-barber-1.html,georgia-southern,2018-19
15,38,15,2019-01-12,Georgia Southern,@,Louisiana,REG (Conf),L 48-59,*,32,4,10,.400,3,8,.375,1,2,.500,.550,0,0,,1,5,6,0,1,1,3,4,11,4.9,Tatum Barber,https://www.sports-reference.com/cbb/players/tatum-barber-1.html,georgia-southern,2018-19
16,39,16,2019-01-17,Georgia Southern,,Troy,REG (Conf),L 81-97,*,30,8,13,.615,2,3,.667,6,10,.600,.692,2,2,1.000,3,1,4,2,0,1,3,2,20,14.8,Tatum Barber,https://www.sports-reference.com/cbb/players/tatum-barber-1.html,georgia-southern,2018-19
17,40,17,2019-01-19,Georgia Southern,,South Alabama,REG (Conf),L 53-69,*,32,4,15,.267,4,9,.444,0,6,.000,.400,2,2,1.000,1,1,2,3,1,0,1,5,14,6.2,Tatum Barber,https://www.sports-reference.com/cbb/players/tatum-barber-1.html,georgia-southern,2018-19
18,41,18,2019-01-24,Georgia Southern,@,UT Arlington,REG (Conf),L 48-81,*,30,3,13,.231,3,8,.375,0,5,.000,.346,1,2,.500,0,4,4,1,1,0,2,2,10,1.8,Tatum Barber,https://www.sports-reference.com/cbb/players/tatum-barber-1.html,georgia-southern,2018-19
19,42,19,2019-01-26,Georgia Southern,@,Texas State,REG (Conf),W 65-55,*,24,1,11,.091,1,5,.200,0,6,.000,.136,0,0,,3,3,6,1,1,0,1,3,3,-1.8,Tatum Barber,https://www.sports-reference.com/cbb/players/tatum-barber-1.html,georgia-southern,2018-19
20,43,20,2019-02-02,Georgia Southern,,Georgia State,REG (Conf),L 66-83,*,31,4,13,.308,1,6,.167,3,7,.429,.346,0,0,,1,3,4,1,1,0,1,1,9,3.4,Tatum Barber,https://www.sports-reference.com/cbb/players/tatum-barber-1.html,georgia-southern,2018-19
21,44,21,2019-02-07,Georgia Southern,,Louisiana,REG (Conf),W 79-71,*,32,7,13,.538,5,10,.500,2,3,.667,.731,1,2,.500,4,9,13,2,1,0,1,4,20,18.6,Tatum Barber,https://www.sports-reference.com/cbb/players/tatum-barber-1.html,georgia-southern,2018-19
22,45,22,2019-02-09,Georgia Southern,,Louisiana–Monroe,REG (Conf),L 62-80,*,31,4,13,.308,1,9,.111,3,4,.750,.346,0,0,,1,5,6,1,0,0,3,3,9,0.2,Tatum Barber,https://www.sports-reference.com/cbb/players/tatum-barber-1.html,georgia-southern,2018-19
23,46,23,2019-02-14,Georgia Southern,@,South Alabama,REG (Conf),L 60-73,*,35,3,12,.250,0,5,.000,3,7,.429,.250,2,2,1.000,2,5,7,1,0,0,3,4,8,-0.2,Tatum Barber,https://www.sports-reference.com/cbb/players/tatum-barber-1.html,georgia-southern,2018-19
24,47,24,2019-02-16,Georgia Southern,@,Troy,REG (Conf),L 78-100,*,35,9,17,.529,5,5,1.000,4,12,.333,.676,5,7,.714,1,2,3,5,2,0,3,4,28,21.1,Tatum Barber,https://www.sports-reference.com/cbb/players/tatum-barber-1.html,georgia-southern,2018-19
25,48,25,2019-02-21,Georgia Southern,,Coastal Carolina,REG (Conf),L 73-76,*,29,4,8,.500,1,4,.250,3,4,.750,.563,0,0,,1,4,5,2,3,0,1,4,9,8.7,Tatum Barber,https://www.sports-reference.com/cbb/players/tatum-barber-1.html,georgia-southern,2018-19
26,49,26,2019-02-23,Georgia Southern,,Appalachian State,REG (Conf),L 52-70,*,36,6,15,.400,3,8,.375,3,7,.429,.500,3,3,1.000,4,2,6,0,3,0,2,3,18,13.1,Tatum Barber,https://www.sports-reference.com/cbb/players/tatum-barber-1.html,georgia-southern,2018-19
27,50,27,2019-02-28,Georgia Southern,@,Little Rock,REG (Conf),L 51-80,*,26,4,6,.667,1,2,.500,3,4,.750,.750,0,0,,2,2,4,0,0,0,3,3,9,4.2,Tatum Barber,https://www.sports-reference.com/cbb/players/tatum-barber-1.html,georgia-southern,2018-19
28,51,28,2019-03-02,Georgia Southern,@,Arkansas State,REG (Conf),L 75-86,*,38,6,14,.429,3,6,.500,3,8,.375,.536,2,4,.500,3,7,10,2,4,0,4,3,17,13.2,Tatum Barber,https://www.sports-reference.com/cbb/players/tatum-barber-1.html,georgia-southern,2018-19
29,52,29,2019-03-09,Georgia Southern,@,Georgia State,REG (Conf),L 66-73,*,36,7,15,.467,0,5,.000,7,10,.700,.467,3,6,.500,2,5,7,1,1,0,4,5,17,6.7,Tatum Barber,https://www.sports-reference.com/cbb/players/tatum-barber-1.html,georgia-southern,2018-19
