ranker,player_game_num_career,team_game_num_season,date,team_name_abbr,game_location,opp_name_abbr,game_type,game_result,is_starter,mp,fg,fga,fg_pct,fg3,fg3a,fg3_pct,fg2,fg2a,fg2_pct,efg_pct,ft,fta,orb,drb,trb,ast,stl,blk,tov,pf,pts,game_score,player_name,player_sr_link,school,season
1,1,9,2018-12-14,Georgia Southern,,Coastal Georgia,REG (Non-Conf),W 68-46,,2,0,1,.000,0,0,,0,1,.000,.000,0,0,1,1,2,0,0,0,0,0,0,0.3,Tsubasa Nisbet,https://www.sports-reference.com/cbb/players/tsubasa-nisbet-1.html,georgia-southern,2018-19
2,2,11,2018-12-21,Georgia Southern,@,Georgia,REG (Non-Conf),L 38-81,,4,0,0,,0,0,,0,0,,,0,0,0,0,0,0,0,0,0,0,0,0.0,Tsubasa Nisbet,https://www.sports-reference.com/cbb/players/tsubasa-nisbet-1.html,georgia-southern,2018-19
3,3,13,2019-01-05,Georgia Southern,,UT Arlington,REG (Conf),L 53-74,,1,0,0,,0,0,,0,0,,,0,0,0,0,0,0,1,0,0,0,0,1.0,Tsubasa Nisbet,https://www.sports-reference.com/cbb/players/tsubasa-nisbet-1.html,georgia-southern,2018-19
4,4,14,2019-01-10,Georgia Southern,@,Louisiana–Monroe,REG (Conf),L 57-58,,2,0,0,,0,0,,0,0,,,0,0,0,0,0,0,0,0,1,0,0,-1.0,Tsubasa Nisbet,https://www.sports-reference.com/cbb/players/tsubasa-nisbet-1.html,georgia-southern,2018-19
5,5,16,2019-01-17,Georgia Southern,,Troy,REG (Conf),L 81-97,,1,0,0,,0,0,,0,0,,,0,0,0,1,1,0,0,0,0,0,0,0.3,Tsubasa Nisbet,https://www.sports-reference.com/cbb/players/tsubasa-nisbet-1.html,georgia-southern,2018-19
6,6,17,2019-01-19,Georgia Southern,,South Alabama,REG (Conf),L 53-69,,0,0,0,,0,0,,0,0,,,0,0,0,0,0,0,0,0,0,0,0,0.0,Tsubasa Nisbet,https://www.sports-reference.com/cbb/players/tsubasa-nisbet-1.html,georgia-southern,2018-19
7,7,18,2019-01-24,Georgia Southern,@,UT Arlington,REG (Conf),L 48-81,,2,0,1,.000,0,1,.000,0,0,,.000,0,0,0,0,0,0,0,0,0,1,0,-1.1,Tsubasa Nisbet,https://www.sports-reference.com/cbb/players/tsubasa-nisbet-1.html,georgia-southern,2018-19
8,8,24,2019-02-16,Georgia Southern,@,Troy,REG (Conf),L 78-100,,4,0,0,,0,0,,0,0,,,0,0,0,0,0,0,0,0,0,0,0,0.0,Tsubasa Nisbet,https://www.sports-reference.com/cbb/players/tsubasa-nisbet-1.html,georgia-southern,2018-19
9,9,25,2019-02-21,Georgia Southern,,Coastal Carolina,REG (Conf),L 73-76,,3,0,0,,0,0,,0,0,,,0,0,0,0,0,0,0,0,0,0,0,0.0,Tsubasa Nisbet,https://www.sports-reference.com/cbb/players/tsubasa-nisbet-1.html,georgia-southern,2018-19
10,10,26,2019-02-23,Georgia Southern,,Appalachian State,REG (Conf),L 52-70,,1,0,0,,0,0,,0,0,,,0,0,0,0,0,0,1,0,0,0,0,1.0,Tsubasa Nisbet,https://www.sports-reference.com/cbb/players/tsubasa-nisbet-1.html,georgia-southern,2018-19
11,11,27,2019-02-28,Georgia Southern,@,Little Rock,REG (Conf),L 51-80,,9,0,0,,0,0,,0,0,,,0,0,2,1,3,2,0,0,3,2,0,-0.7,Tsubasa Nisbet,https://www.sports-reference.com/cbb/players/tsubasa-nisbet-1.html,georgia-southern,2018-19
12,12,28,2019-03-02,Georgia Southern,@,Arkansas State,REG (Conf),L 75-86,,2,0,1,.000,0,0,,0,1,.000,.000,0,0,0,1,1,0,0,0,1,0,0,-1.4,Tsubasa Nisbet,https://www.sports-reference.com/cbb/players/tsubasa-nisbet-1.html,georgia-southern,2018-19
13,13,29,2019-03-09,Georgia Southern,@,Georgia State,REG (Conf),L 66-73,,1,0,1,.000,0,0,,0,1,.000,.000,0,0,2,0,2,0,0,0,0,0,0,0.7,Tsubasa Nisbet,https://www.sports-reference.com/cbb/players/tsubasa-nisbet-1.html,georgia-southern,2018-19
