ranker,player_game_num_career,team_game_num_season,date,team_name_abbr,game_location,opp_name_abbr,game_type,game_result,is_starter,mp,fg,fga,fg_pct,fg3,fg3a,fg3_pct,fg2,fg2a,fg2_pct,efg_pct,ft,fta,ft_pct,orb,drb,trb,ast,stl,blk,tov,pf,pts,game_score,player_name,player_sr_link,school,season
1,21,1,2018-11-06,Georgia Southern,,Wofford,REG (Non-Conf),L 65-81,,10,0,1,.000,0,1,.000,0,0,,.000,0,0,,0,1,1,0,1,1,0,1,0,0.9,Victoria Stavropoulos,https://www.sports-reference.com/cbb/players/victoria-stavropoulos-1.html,georgia-southern,2018-19
2,22,2,2018-11-10,Georgia Southern,@,Virginia Tech,REG (Non-Conf),L 49-78,,5,0,1,.000,0,0,,0,1,.000,.000,0,0,,0,1,1,0,0,0,1,0,0,-1.4,Victoria Stavropoulos,https://www.sports-reference.com/cbb/players/victoria-stavropoulos-1.html,georgia-southern,2018-19
3,23,3,2018-11-12,Georgia Southern,,Mercer,REG (Non-Conf),L 72-79,,6,0,0,,0,0,,0,0,,,0,0,,0,0,0,0,0,0,0,1,0,-0.4,Victoria Stavropoulos,https://www.sports-reference.com/cbb/players/victoria-stavropoulos-1.html,georgia-southern,2018-19
4,24,4,2018-11-15,Georgia Southern,@,Savannah State,REG (Non-Conf),W 82-71,,7,2,5,.400,1,2,.500,1,3,.333,.500,0,0,,1,0,1,0,0,0,1,4,5,0.4,Victoria Stavropoulos,https://www.sports-reference.com/cbb/players/victoria-stavropoulos-1.html,georgia-southern,2018-19
5,25,5,2018-11-20,Georgia Southern,@,Stony Brook,REG (Non-Conf),L 43-72,,6,0,0,,0,0,,0,0,,,0,0,,0,1,1,0,0,0,1,1,0,-1.1,Victoria Stavropoulos,https://www.sports-reference.com/cbb/players/victoria-stavropoulos-1.html,georgia-southern,2018-19
6,26,6,2018-11-25,Georgia Southern,,Bethune-Cookman,REG (Non-Conf),W 77-76,,2,0,0,,0,0,,0,0,,,0,0,,0,1,1,0,0,0,0,1,0,-0.1,Victoria Stavropoulos,https://www.sports-reference.com/cbb/players/victoria-stavropoulos-1.html,georgia-southern,2018-19
7,27,7,2018-11-28,Georgia Southern,@,Kennesaw State,REG (Non-Conf),L 59-78,,6,0,0,,0,0,,0,0,,,0,0,,1,0,1,0,1,0,0,0,0,1.7,Victoria Stavropoulos,https://www.sports-reference.com/cbb/players/victoria-stavropoulos-1.html,georgia-southern,2018-19
8,28,8,2018-12-12,Georgia Southern,@,Presbyterian,REG (Non-Conf),W 69-68,,4,0,0,,0,0,,0,0,,,0,0,,1,0,1,0,0,0,0,1,0,0.3,Victoria Stavropoulos,https://www.sports-reference.com/cbb/players/victoria-stavropoulos-1.html,georgia-southern,2018-19
9,29,9,2018-12-14,Georgia Southern,,Coastal Georgia,REG (Non-Conf),W 68-46,,6,0,2,.000,0,0,,0,2,.000,.000,0,0,,0,1,1,0,0,0,0,1,0,-1.5,Victoria Stavropoulos,https://www.sports-reference.com/cbb/players/victoria-stavropoulos-1.html,georgia-southern,2018-19
10,30,10,2018-12-18,Georgia Southern,,Winthrop,REG (Non-Conf),W 64-55,,7,0,2,.000,0,0,,0,2,.000,.000,0,0,,0,0,0,0,0,0,1,0,0,-2.4,Victoria Stavropoulos,https://www.sports-reference.com/cbb/players/victoria-stavropoulos-1.html,georgia-southern,2018-19
11,31,11,2018-12-21,Georgia Southern,@,Georgia,REG (Non-Conf),L 38-81,,8,0,0,,0,0,,0,0,,,0,0,,0,0,0,0,0,0,2,1,0,-2.4,Victoria Stavropoulos,https://www.sports-reference.com/cbb/players/victoria-stavropoulos-1.html,georgia-southern,2018-19
12,32,12,2019-01-03,Georgia Southern,,Texas State,REG (Conf),L 52-64,,3,0,0,,0,0,,0,0,,,0,0,,0,0,0,0,0,0,0,1,0,-0.4,Victoria Stavropoulos,https://www.sports-reference.com/cbb/players/victoria-stavropoulos-1.html,georgia-southern,2018-19
13,33,13,2019-01-05,Georgia Southern,,UT Arlington,REG (Conf),L 53-74,,4,1,2,.500,1,1,1.000,0,1,.000,.750,0,0,,0,0,0,0,0,0,0,0,3,2.0,Victoria Stavropoulos,https://www.sports-reference.com/cbb/players/victoria-stavropoulos-1.html,georgia-southern,2018-19
14,34,14,2019-01-10,Georgia Southern,@,Louisiana–Monroe,REG (Conf),L 57-58,,11,0,2,.000,0,1,.000,0,1,.000,.000,2,2,1.000,1,0,1,0,0,0,1,1,2,-0.1,Victoria Stavropoulos,https://www.sports-reference.com/cbb/players/victoria-stavropoulos-1.html,georgia-southern,2018-19
15,35,15,2019-01-12,Georgia Southern,@,Louisiana,REG (Conf),L 48-59,,11,1,2,.500,0,1,.000,1,1,1.000,.500,0,0,,1,0,1,0,1,0,0,1,2,2.3,Victoria Stavropoulos,https://www.sports-reference.com/cbb/players/victoria-stavropoulos-1.html,georgia-southern,2018-19
16,36,16,2019-01-17,Georgia Southern,,Troy,REG (Conf),L 81-97,,5,0,0,,0,0,,0,0,,,0,0,,0,0,0,0,0,0,0,0,0,0.0,Victoria Stavropoulos,https://www.sports-reference.com/cbb/players/victoria-stavropoulos-1.html,georgia-southern,2018-19
17,37,17,2019-01-19,Georgia Southern,,South Alabama,REG (Conf),L 53-69,,13,0,0,,0,0,,0,0,,,0,0,,0,2,2,0,0,0,0,0,0,0.6,Victoria Stavropoulos,https://www.sports-reference.com/cbb/players/victoria-stavropoulos-1.html,georgia-southern,2018-19
18,38,18,2019-01-24,Georgia Southern,@,UT Arlington,REG (Conf),L 48-81,,15,1,3,.333,0,1,.000,1,2,.500,.333,2,4,.500,2,3,5,0,3,0,1,4,4,4.2,Victoria Stavropoulos,https://www.sports-reference.com/cbb/players/victoria-stavropoulos-1.html,georgia-southern,2018-19
19,39,19,2019-01-26,Georgia Southern,@,Texas State,REG (Conf),W 65-55,,7,0,1,.000,0,1,.000,0,0,,.000,0,0,,0,1,1,0,0,0,0,0,0,-0.4,Victoria Stavropoulos,https://www.sports-reference.com/cbb/players/victoria-stavropoulos-1.html,georgia-southern,2018-19
20,40,20,2019-02-02,Georgia Southern,,Georgia State,REG (Conf),L 66-83,,2,1,1,1.000,0,0,,1,1,1.000,1.000,0,0,,0,0,0,0,0,0,0,0,2,1.7,Victoria Stavropoulos,https://www.sports-reference.com/cbb/players/victoria-stavropoulos-1.html,georgia-southern,2018-19
21,41,21,2019-02-07,Georgia Southern,,Louisiana,REG (Conf),W 79-71,,13,3,5,.600,2,3,.667,1,2,.500,.800,0,0,,1,0,1,1,1,1,0,1,8,8.4,Victoria Stavropoulos,https://www.sports-reference.com/cbb/players/victoria-stavropoulos-1.html,georgia-southern,2018-19
22,42,22,2019-02-09,Georgia Southern,,Louisiana–Monroe,REG (Conf),L 62-80,,6,1,3,.333,1,2,.500,0,1,.000,.500,0,0,,0,0,0,0,0,0,1,3,3,-0.9,Victoria Stavropoulos,https://www.sports-reference.com/cbb/players/victoria-stavropoulos-1.html,georgia-southern,2018-19
23,43,23,2019-02-14,Georgia Southern,@,South Alabama,REG (Conf),L 60-73,,2,0,0,,0,0,,0,0,,,0,0,,0,0,0,0,0,0,0,0,0,0.0,Victoria Stavropoulos,https://www.sports-reference.com/cbb/players/victoria-stavropoulos-1.html,georgia-southern,2018-19
24,44,24,2019-02-16,Georgia Southern,@,Troy,REG (Conf),L 78-100,,4,1,2,.500,0,0,,1,2,.500,.500,0,0,,0,0,0,0,0,0,0,0,2,1.0,Victoria Stavropoulos,https://www.sports-reference.com/cbb/players/victoria-stavropoulos-1.html,georgia-southern,2018-19
25,45,25,2019-02-21,Georgia Southern,,Coastal Carolina,REG (Conf),L 73-76,,9,0,1,.000,0,1,.000,0,0,,.000,0,0,,1,2,3,0,0,0,0,2,0,-0.2,Victoria Stavropoulos,https://www.sports-reference.com/cbb/players/victoria-stavropoulos-1.html,georgia-southern,2018-19
26,46,26,2019-02-23,Georgia Southern,,Appalachian State,REG (Conf),L 52-70,,8,0,0,,0,0,,0,0,,,0,0,,1,1,2,0,0,0,0,0,0,1.0,Victoria Stavropoulos,https://www.sports-reference.com/cbb/players/victoria-stavropoulos-1.html,georgia-southern,2018-19
27,47,27,2019-02-28,Georgia Southern,@,Little Rock,REG (Conf),L 51-80,,9,0,1,.000,0,0,,0,1,.000,.000,0,0,,0,0,0,0,0,0,0,2,0,-1.5,Victoria Stavropoulos,https://www.sports-reference.com/cbb/players/victoria-stavropoulos-1.html,georgia-southern,2018-19
28,48,28,2019-03-02,Georgia Southern,@,Arkansas State,REG (Conf),L 75-86,,9,1,4,.250,0,1,.000,1,3,.333,.250,0,0,,1,0,1,0,0,0,1,1,2,-1.1,Victoria Stavropoulos,https://www.sports-reference.com/cbb/players/victoria-stavropoulos-1.html,georgia-southern,2018-19
29,49,29,2019-03-09,Georgia Southern,@,Georgia State,REG (Conf),L 66-73,,7,0,3,.000,0,2,.000,0,1,.000,.000,0,0,,0,1,1,0,0,1,0,0,0,-1.1,Victoria Stavropoulos,https://www.sports-reference.com/cbb/players/victoria-stavropoulos-1.html,georgia-southern,2018-19
