ranker,player_game_num_career,team_game_num_season,date,team_name_abbr,game_location,opp_name_abbr,game_type,game_result,is_starter,mp,fg,fga,fg_pct,fg3,fg3a,fg3_pct,fg2,fg2a,fg2_pct,efg_pct,ft,fta,ft_pct,orb,drb,trb,ast,stl,blk,tov,pf,pts,game_score,player_name,player_sr_link,school,season
1,31,1,2023-11-06,Jacksonville State,@,Auburn,REG (Non-Conf),L 49-78,*,24,0,5,.000,0,1,.000,0,4,.000,.000,3,4,.750,1,1,2,0,1,0,2,2,3,-1.7,Brooklyn McDaniel,https://www.sports-reference.com/cbb/players/brooklyn-mcdaniel-1.html,jacksonville-state,2023-24
2,32,2,2023-11-09,Jacksonville State,@,Utah Tech,REG (Non-Conf),L 58-73,*,28,2,11,.182,1,5,.200,1,6,.167,.227,4,6,.667,7,2,9,3,1,1,1,2,9,8.8,Brooklyn McDaniel,https://www.sports-reference.com/cbb/players/brooklyn-mcdaniel-1.html,jacksonville-state,2023-24
3,33,3,2023-11-12,Jacksonville State,@,Mississippi State,REG (Non-Conf),L 45-84,*,15,0,4,.000,0,2,.000,0,2,.000,.000,0,0,,0,1,1,1,0,0,3,2,0,-5.6,Brooklyn McDaniel,https://www.sports-reference.com/cbb/players/brooklyn-mcdaniel-1.html,jacksonville-state,2023-24
4,34,4,2023-11-17,Jacksonville State,,Ala.-Huntsville,REG (Non-Conf),W 67-53,*,24,3,10,.300,1,3,.333,2,7,.286,.350,1,1,1.000,3,1,4,1,1,0,2,3,8,3.1,Brooklyn McDaniel,https://www.sports-reference.com/cbb/players/brooklyn-mcdaniel-1.html,jacksonville-state,2023-24
5,35,5,2023-11-20,Jacksonville State,,Life,REG (Non-Conf),W 83-31,*,17,3,5,.600,0,2,.000,3,3,1.000,.600,0,0,,0,2,2,2,1,2,2,1,6,5.7,Brooklyn McDaniel,https://www.sports-reference.com/cbb/players/brooklyn-mcdaniel-1.html,jacksonville-state,2023-24
6,36,6,2023-11-27,Jacksonville State,@,UAB,REG (Non-Conf),L 78-85 (OT),*,31,6,14,.429,0,5,.000,6,9,.667,.429,1,3,.333,1,2,3,0,1,0,2,1,13,4.7,Brooklyn McDaniel,https://www.sports-reference.com/cbb/players/brooklyn-mcdaniel-1.html,jacksonville-state,2023-24
7,37,7,2023-11-30,Jacksonville State,@,Alabama State,REG (Non-Conf),W 74-53,*,17,2,4,.500,0,0,,2,4,.500,.500,1,2,.500,1,2,3,1,2,0,7,2,5,-1.2,Brooklyn McDaniel,https://www.sports-reference.com/cbb/players/brooklyn-mcdaniel-1.html,jacksonville-state,2023-24
8,38,8,2023-12-03,Jacksonville State,@,Samford,REG (Non-Conf),L 51-65,*,22,2,4,.500,0,1,.000,2,3,.667,.500,0,0,,2,0,2,0,0,0,1,1,4,2.0,Brooklyn McDaniel,https://www.sports-reference.com/cbb/players/brooklyn-mcdaniel-1.html,jacksonville-state,2023-24
9,39,9,2023-12-11,Jacksonville State,@,College of Charleston,REG (Non-Conf),L 58-69,*,21,1,5,.200,0,2,.000,1,3,.333,.200,0,0,,2,1,3,1,1,0,1,3,2,0.1,Brooklyn McDaniel,https://www.sports-reference.com/cbb/players/brooklyn-mcdaniel-1.html,jacksonville-state,2023-24
10,40,10,2023-12-17,Jacksonville State,,Coastal Carolina,REG (Non-Conf),W 84-72,*,18,4,5,.800,0,1,.000,4,4,1.000,.800,1,4,.250,1,4,5,1,1,0,1,2,9,7.7,Brooklyn McDaniel,https://www.sports-reference.com/cbb/players/brooklyn-mcdaniel-1.html,jacksonville-state,2023-24
11,41,11,2023-12-19,Jacksonville State,,UT Arlington,REG (Non-Conf),L 64-69,*,15,2,3,.667,0,1,.000,2,2,1.000,.667,0,0,,0,1,1,0,0,0,3,0,4,0.0,Brooklyn McDaniel,https://www.sports-reference.com/cbb/players/brooklyn-mcdaniel-1.html,jacksonville-state,2023-24
12,42,12,2023-12-29,Jacksonville State,,South Carolina State,REG (Non-Conf),W 55-41,*,30,4,11,.364,2,6,.333,2,5,.400,.455,2,2,1.000,1,3,4,2,0,2,2,0,12,8.3,Brooklyn McDaniel,https://www.sports-reference.com/cbb/players/brooklyn-mcdaniel-1.html,jacksonville-state,2023-24
13,43,13,2024-01-06,Jacksonville State,@,Florida International,REG (Conf),L 50-75,*,16,0,3,.000,0,1,.000,0,2,.000,.000,0,0,,1,0,1,0,0,0,4,1,0,-5.8,Brooklyn McDaniel,https://www.sports-reference.com/cbb/players/brooklyn-mcdaniel-1.html,jacksonville-state,2023-24
14,44,14,2024-01-10,Jacksonville State,,Liberty,REG (Conf),W 78-63,*,16,2,6,.333,2,3,.667,0,3,.000,.500,0,0,,1,1,2,2,0,0,0,1,6,4.6,Brooklyn McDaniel,https://www.sports-reference.com/cbb/players/brooklyn-mcdaniel-1.html,jacksonville-state,2023-24
15,45,15,2024-01-13,Jacksonville State,,Western Kentucky,REG (Conf),L 52-62,*,18,2,7,.286,0,3,.000,2,4,.500,.286,2,3,.667,0,1,1,1,1,0,0,1,6,3.1,Brooklyn McDaniel,https://www.sports-reference.com/cbb/players/brooklyn-mcdaniel-1.html,jacksonville-state,2023-24
16,46,16,2024-01-20,Jacksonville State,@,Louisiana Tech,REG (Conf),L 53-67,*,19,4,4,1.000,0,0,,4,4,1.000,1.000,0,0,,1,1,2,0,0,0,1,1,8,6.4,Brooklyn McDaniel,https://www.sports-reference.com/cbb/players/brooklyn-mcdaniel-1.html,jacksonville-state,2023-24
17,47,17,2024-01-24,Jacksonville State,,Middle Tennessee,REG (Conf),L 45-66,*,20,2,5,.400,1,2,.500,1,3,.333,.500,1,2,.500,2,0,2,1,0,0,2,2,6,2.2,Brooklyn McDaniel,https://www.sports-reference.com/cbb/players/brooklyn-mcdaniel-1.html,jacksonville-state,2023-24
18,48,18,2024-01-27,Jacksonville State,@,Liberty,REG (Conf),L 32-63,*,23,1,5,.200,0,3,.000,1,2,.500,.200,0,0,,0,2,2,0,0,0,1,0,2,-1.5,Brooklyn McDaniel,https://www.sports-reference.com/cbb/players/brooklyn-mcdaniel-1.html,jacksonville-state,2023-24
19,49,19,2024-02-01,Jacksonville State,,UTEP,REG (Conf),W 70-62,*,25,2,4,.500,1,3,.333,1,1,1.000,.625,5,6,.833,0,1,1,1,3,0,1,3,10,9.4,Brooklyn McDaniel,https://www.sports-reference.com/cbb/players/brooklyn-mcdaniel-1.html,jacksonville-state,2023-24
20,50,20,2024-02-03,Jacksonville State,,New Mexico State,REG (Conf),W 56-49,*,19,0,1,.000,0,1,.000,0,0,,.000,0,0,,1,0,1,0,1,0,4,1,0,-3.4,Brooklyn McDaniel,https://www.sports-reference.com/cbb/players/brooklyn-mcdaniel-1.html,jacksonville-state,2023-24
21,51,21,2024-02-08,Jacksonville State,@,Sam Houston State,REG (Conf),W 58-56,*,11,0,2,.000,0,1,.000,0,1,.000,.000,1,2,.500,1,0,1,0,1,0,2,2,1,-1.9,Brooklyn McDaniel,https://www.sports-reference.com/cbb/players/brooklyn-mcdaniel-1.html,jacksonville-state,2023-24
22,52,22,2024-02-10,Jacksonville State,@,Western Kentucky,REG (Conf),L 45-54,*,9,0,2,.000,0,1,.000,0,1,.000,.000,0,0,,1,0,1,0,0,0,3,0,0,-3.7,Brooklyn McDaniel,https://www.sports-reference.com/cbb/players/brooklyn-mcdaniel-1.html,jacksonville-state,2023-24
23,53,23,2024-02-15,Jacksonville State,,Louisiana Tech,REG (Conf),L 51-61,*,8,0,0,,0,0,,0,0,,,0,0,,0,0,0,0,0,0,2,2,0,-2.8,Brooklyn McDaniel,https://www.sports-reference.com/cbb/players/brooklyn-mcdaniel-1.html,jacksonville-state,2023-24
24,54,24,2024-02-21,Jacksonville State,@,Middle Tennessee,REG (Conf),L 40-66,,3,0,0,,0,0,,0,0,,,0,0,,0,1,1,0,0,0,1,0,0,-0.7,Brooklyn McDaniel,https://www.sports-reference.com/cbb/players/brooklyn-mcdaniel-1.html,jacksonville-state,2023-24
25,55,25,2024-02-24,Jacksonville State,,Florida International,REG (Conf),W 80-63,,10,0,2,.000,0,2,.000,0,0,,.000,3,4,.750,2,1,3,3,0,0,1,1,3,3.6,Brooklyn McDaniel,https://www.sports-reference.com/cbb/players/brooklyn-mcdaniel-1.html,jacksonville-state,2023-24
26,56,26,2024-02-29,Jacksonville State,@,UTEP,REG (Conf),L 48-70,,13,0,3,.000,0,2,.000,0,1,.000,.000,1,2,.500,2,0,2,0,2,0,1,0,1,0.9,Brooklyn McDaniel,https://www.sports-reference.com/cbb/players/brooklyn-mcdaniel-1.html,jacksonville-state,2023-24
27,57,27,2024-03-02,Jacksonville State,@,New Mexico State,REG (Conf),W 60-51,,13,1,3,.333,0,1,.000,1,2,.500,.333,0,0,,2,0,2,2,0,0,0,0,2,3.1,Brooklyn McDaniel,https://www.sports-reference.com/cbb/players/brooklyn-mcdaniel-1.html,jacksonville-state,2023-24
28,58,28,2024-03-09,Jacksonville State,,Sam Houston State,REG (Conf),W 74-70 (OT),,4,0,0,,0,0,,0,0,,,2,4,.500,0,0,0,0,0,0,0,2,2,0.4,Brooklyn McDaniel,https://www.sports-reference.com/cbb/players/brooklyn-mcdaniel-1.html,jacksonville-state,2023-24
29,59,29,2024-03-14,Jacksonville State,N,Louisiana Tech,REG (Non-Conf),L 54-60,,8,0,3,.000,0,2,.000,0,1,.000,.000,0,0,,0,0,0,0,1,0,1,0,0,-2.1,Brooklyn McDaniel,https://www.sports-reference.com/cbb/players/brooklyn-mcdaniel-1.html,jacksonville-state,2023-24
