ranker,player_game_num_career,team_game_num_season,date,team_name_abbr,game_location,opp_name_abbr,game_type,game_result,is_starter,mp,fg,fga,fg_pct,fg3,fg3a,fg3_pct,fg2,fg2a,fg2_pct,efg_pct,ft,fta,ft_pct,orb,drb,trb,ast,stl,blk,tov,pf,pts,game_score,player_name,player_sr_link,school,season
1,28,1,2022-11-07,Northeastern,@,Boston University,REG (Non-Conf),W 66-65,*,35,9,14,.643,4,8,.500,5,6,.833,.786,2,2,1.000,0,4,4,3,3,0,4,3,24,18.9,Derin Erdogan,https://www.sports-reference.com/cbb/players/derin-erdogan-1.html,northeastern,2022-23
2,29,2,2022-11-10,Northeastern,@,Connecticut,REG (Non-Conf),L 39-98,*,15,1,4,.250,1,3,.333,0,1,.000,.375,2,2,1.000,0,0,0,3,2,1,5,5,5,0.4,Derin Erdogan,https://www.sports-reference.com/cbb/players/derin-erdogan-1.html,northeastern,2022-23
3,30,3,2022-11-16,Northeastern,,Boston College,REG (Non-Conf),L 59-64,*,34,6,16,.375,1,5,.200,5,11,.455,.406,2,2,1.000,0,0,0,4,1,0,6,3,15,2.8,Derin Erdogan,https://www.sports-reference.com/cbb/players/derin-erdogan-1.html,northeastern,2022-23
4,31,4,2022-11-19,Northeastern,@,New Hampshire,REG (Non-Conf),W 63-51,*,29,5,9,.556,5,8,.625,0,1,.000,.833,0,0,,0,2,2,2,1,0,1,4,15,11.1,Derin Erdogan,https://www.sports-reference.com/cbb/players/derin-erdogan-1.html,northeastern,2022-23
5,32,5,2022-11-21,Northeastern,@,Maine,REG (Non-Conf),L 59-61,*,35,6,15,.400,1,4,.250,5,11,.455,.433,2,2,1.000,1,1,2,2,5,0,4,1,15,9.9,Derin Erdogan,https://www.sports-reference.com/cbb/players/derin-erdogan-1.html,northeastern,2022-23
6,33,6,2022-11-25,Northeastern,N,Green Bay,REG (Non-Conf),L 46-56,*,36,6,17,.353,0,6,.000,6,11,.545,.353,1,1,1.000,1,2,3,3,0,0,3,2,13,3.1,Derin Erdogan,https://www.sports-reference.com/cbb/players/derin-erdogan-1.html,northeastern,2022-23
7,34,7,2022-11-26,Northeastern,N,Portland,REG (Non-Conf),L 41-67,*,34,4,8,.500,1,3,.333,3,5,.600,.563,0,0,,1,3,4,3,1,0,6,2,9,2.9,Derin Erdogan,https://www.sports-reference.com/cbb/players/derin-erdogan-1.html,northeastern,2022-23
8,35,8,2022-11-30,Northeastern,@,Merrimack,REG (Non-Conf),W 75-47,*,23,5,12,.417,2,6,.333,3,6,.500,.500,1,2,.500,0,2,2,5,2,0,1,2,13,10.5,Derin Erdogan,https://www.sports-reference.com/cbb/players/derin-erdogan-1.html,northeastern,2022-23
9,36,9,2022-12-03,Northeastern,,Holy Cross,REG (Non-Conf),L 55-60,*,38,5,16,.313,1,5,.200,4,11,.364,.344,2,2,1.000,0,3,3,6,1,0,2,3,13,6.7,Derin Erdogan,https://www.sports-reference.com/cbb/players/derin-erdogan-1.html,northeastern,2022-23
10,37,10,2022-12-05,Northeastern,,Harvard,REG (Non-Conf),W 73-64,*,37,9,13,.692,3,5,.600,6,8,.750,.808,0,0,,0,3,3,6,1,0,10,4,21,10.0,Derin Erdogan,https://www.sports-reference.com/cbb/players/derin-erdogan-1.html,northeastern,2022-23
11,38,11,2022-12-20,Northeastern,@,Stonehill,REG (Non-Conf),W 75-64,*,34,5,11,.455,0,4,.000,5,7,.714,.455,0,0,,0,4,4,1,0,0,1,1,10,4.8,Derin Erdogan,https://www.sports-reference.com/cbb/players/derin-erdogan-1.html,northeastern,2022-23
12,39,12,2022-12-30,Northeastern,@,Monmouth,REG (Conf),L 49-54,*,36,7,15,.467,2,6,.333,5,9,.556,.533,2,2,1.000,0,5,5,0,2,0,5,2,18,8.0,Derin Erdogan,https://www.sports-reference.com/cbb/players/derin-erdogan-1.html,northeastern,2022-23
13,40,13,2023-01-01,Northeastern,,William & Mary,REG (Conf),W 71-57,*,31,3,8,.375,3,7,.429,0,1,.000,.563,0,1,.000,0,2,2,4,4,0,4,4,9,6.0,Derin Erdogan,https://www.sports-reference.com/cbb/players/derin-erdogan-1.html,northeastern,2022-23
14,41,14,2023-01-08,Northeastern,,UNC Wilmington,REG (Conf),W 92-51,*,21,4,12,.333,1,6,.167,3,6,.500,.375,2,2,1.000,1,2,3,2,2,0,2,1,11,6.5,Derin Erdogan,https://www.sports-reference.com/cbb/players/derin-erdogan-1.html,northeastern,2022-23
15,42,15,2023-01-13,Northeastern,@,North Carolina A&T,REG (Conf),L 63-67 (OT),*,42,7,16,.438,4,7,.571,3,9,.333,.563,2,2,1.000,1,2,3,7,4,0,10,5,20,9.8,Derin Erdogan,https://www.sports-reference.com/cbb/players/derin-erdogan-1.html,northeastern,2022-23
16,43,16,2023-01-15,Northeastern,@,Elon,REG (Conf),W 69-51,*,32,5,12,.417,1,4,.250,4,8,.500,.458,0,0,,2,3,5,2,1,0,4,2,11,4.5,Derin Erdogan,https://www.sports-reference.com/cbb/players/derin-erdogan-1.html,northeastern,2022-23
17,44,17,2023-01-22,Northeastern,@,Hofstra,REG (Conf),W 68-48,*,30,6,10,.600,4,6,.667,2,4,.500,.800,0,0,,1,1,2,3,2,0,2,0,16,14.5,Derin Erdogan,https://www.sports-reference.com/cbb/players/derin-erdogan-1.html,northeastern,2022-23
18,45,18,2023-01-27,Northeastern,,Towson,REG (Conf),L 67-73,*,38,7,16,.438,1,4,.250,6,12,.500,.469,6,6,1.000,1,1,2,5,1,0,2,2,21,15.3,Derin Erdogan,https://www.sports-reference.com/cbb/players/derin-erdogan-1.html,northeastern,2022-23
19,46,19,2023-01-29,Northeastern,,Monmouth,REG (Conf),W 75-70,*,33,5,11,.455,1,4,.250,4,7,.571,.500,0,0,,0,3,3,6,1,0,6,4,11,3.8,Derin Erdogan,https://www.sports-reference.com/cbb/players/derin-erdogan-1.html,northeastern,2022-23
20,47,20,2023-02-03,Northeastern,,Drexel,REG (Conf),L 56-67,*,36,3,11,.273,3,7,.429,0,4,.000,.409,4,5,.800,1,5,6,4,2,0,7,0,13,6.1,Derin Erdogan,https://www.sports-reference.com/cbb/players/derin-erdogan-1.html,northeastern,2022-23
21,48,21,2023-02-05,Northeastern,@,Delaware,REG (Conf),L 67-77,*,37,7,15,.467,4,9,.444,3,6,.500,.600,0,0,,0,5,5,5,1,0,6,1,18,9.9,Derin Erdogan,https://www.sports-reference.com/cbb/players/derin-erdogan-1.html,northeastern,2022-23
22,49,22,2023-02-09,Northeastern,,Stony Brook,REG (Conf),W 68-63,*,37,8,19,.421,2,7,.286,6,12,.500,.474,1,1,1.000,0,4,4,5,1,0,3,1,19,11.2,Derin Erdogan,https://www.sports-reference.com/cbb/players/derin-erdogan-1.html,northeastern,2022-23
23,50,23,2023-02-12,Northeastern,@,Hampton,REG (Conf),W 72-67,*,37,7,12,.583,3,5,.600,4,7,.571,.708,2,3,.667,0,7,7,5,2,0,4,2,19,15.8,Derin Erdogan,https://www.sports-reference.com/cbb/players/derin-erdogan-1.html,northeastern,2022-23
24,51,24,2023-02-17,Northeastern,@,Drexel,REG (Conf),W 71-64,*,37,8,16,.500,4,8,.500,4,8,.500,.625,1,2,.500,0,0,0,8,3,0,0,3,21,20.0,Derin Erdogan,https://www.sports-reference.com/cbb/players/derin-erdogan-1.html,northeastern,2022-23
25,52,25,2023-02-19,Northeastern,,Hofstra,REG (Conf),W 59-52,*,34,4,13,.308,2,7,.286,2,6,.333,.385,0,0,,0,7,7,7,0,0,6,2,10,2.7,Derin Erdogan,https://www.sports-reference.com/cbb/players/derin-erdogan-1.html,northeastern,2022-23
26,53,26,2023-02-24,Northeastern,,Delaware,REG (Conf),W 70-61,*,36,6,18,.333,1,6,.167,5,12,.417,.361,1,2,.500,0,3,3,4,1,1,7,1,14,1.4,Derin Erdogan,https://www.sports-reference.com/cbb/players/derin-erdogan-1.html,northeastern,2022-23
27,54,27,2023-02-26,Northeastern,,Hampton,REG (Conf),W 79-46,*,16,4,5,.800,2,2,1.000,2,3,.667,1.000,0,0,,0,2,2,0,0,0,7,4,10,0.1,Derin Erdogan,https://www.sports-reference.com/cbb/players/derin-erdogan-1.html,northeastern,2022-23
28,55,28,2023-03-02,Northeastern,@,College of Charleston,REG (Conf),W 74-60,*,23,5,11,.455,4,7,.571,1,4,.250,.636,0,0,,0,1,1,4,1,0,2,4,14,8.8,Derin Erdogan,https://www.sports-reference.com/cbb/players/derin-erdogan-1.html,northeastern,2022-23
29,56,29,2023-03-04,Northeastern,@,UNC Wilmington,REG (Conf),W 78-69,*,26,6,15,.400,2,6,.333,4,9,.444,.467,4,4,1.000,0,3,3,2,2,0,1,2,18,12.4,Derin Erdogan,https://www.sports-reference.com/cbb/players/derin-erdogan-1.html,northeastern,2022-23
30,57,30,2023-03-10,Northeastern,N,Stony Brook,CTOURN,W 85-68,*,36,9,18,.500,3,9,.333,6,9,.667,.583,6,6,1.000,0,5,5,10,1,0,4,2,27,22.7,Derin Erdogan,https://www.sports-reference.com/cbb/players/derin-erdogan-1.html,northeastern,2022-23
31,58,31,2023-03-11,Northeastern,N,Monmouth,CTOURN,L 60-73,*,38,6,14,.429,1,5,.200,5,9,.556,.464,0,0,,0,3,3,4,2,0,3,4,13,6.7,Derin Erdogan,https://www.sports-reference.com/cbb/players/derin-erdogan-1.html,northeastern,2022-23
