ranker,player_game_num_career,team_game_num_season,date,team_name_abbr,game_location,opp_name_abbr,game_type,game_result,is_starter,mp,fg,fga,fg_pct,fg3,fg3a,fg3_pct,fg2,fg2a,fg2_pct,efg_pct,ft,fta,ft_pct,orb,drb,trb,ast,stl,blk,tov,pf,pts,game_score,player_name,player_sr_link,school,season
1,47,1,2022-11-07,Northeastern,@,Boston University,REG (Non-Conf),W 66-65,*,23,2,4,.500,0,1,.000,2,3,.667,.500,0,0,,1,4,5,2,0,1,1,4,4,3.4,Halle Idowu,https://www.sports-reference.com/cbb/players/halle-idowu-1.html,northeastern,2022-23
2,48,2,2022-11-10,Northeastern,@,Connecticut,REG (Non-Conf),L 39-98,*,25,1,8,.125,1,1,1.000,0,7,.000,.188,0,2,.000,4,1,5,0,2,0,2,2,3,-0.7,Halle Idowu,https://www.sports-reference.com/cbb/players/halle-idowu-1.html,northeastern,2022-23
3,49,3,2022-11-16,Northeastern,,Boston College,REG (Non-Conf),L 59-64,*,24,3,5,.600,1,1,1.000,2,4,.500,.700,0,0,,2,4,6,0,1,0,0,1,7,7.9,Halle Idowu,https://www.sports-reference.com/cbb/players/halle-idowu-1.html,northeastern,2022-23
4,50,4,2022-11-19,Northeastern,@,New Hampshire,REG (Non-Conf),W 63-51,*,16,0,1,.000,0,0,,0,1,.000,.000,1,2,.500,1,3,4,1,1,0,2,1,1,0.8,Halle Idowu,https://www.sports-reference.com/cbb/players/halle-idowu-1.html,northeastern,2022-23
5,51,5,2022-11-21,Northeastern,@,Maine,REG (Non-Conf),L 59-61,*,3,0,1,.000,0,1,.000,0,0,,.000,0,0,,0,0,0,0,0,0,0,0,0,-0.7,Halle Idowu,https://www.sports-reference.com/cbb/players/halle-idowu-1.html,northeastern,2022-23
6,52,6,2022-11-25,Northeastern,N,Green Bay,REG (Non-Conf),L 46-56,*,27,1,2,.500,0,1,.000,1,1,1.000,.500,2,2,1.000,2,7,9,0,1,0,1,0,4,6.5,Halle Idowu,https://www.sports-reference.com/cbb/players/halle-idowu-1.html,northeastern,2022-23
7,53,7,2022-11-26,Northeastern,N,Portland,REG (Non-Conf),L 41-67,*,25,1,3,.333,0,0,,1,3,.333,.333,0,0,,0,5,5,0,1,0,2,1,2,0.4,Halle Idowu,https://www.sports-reference.com/cbb/players/halle-idowu-1.html,northeastern,2022-23
8,54,8,2022-11-30,Northeastern,@,Merrimack,REG (Non-Conf),W 75-47,*,14,0,2,.000,0,0,,0,2,.000,.000,2,2,1.000,2,0,2,0,1,0,2,3,2,-0.2,Halle Idowu,https://www.sports-reference.com/cbb/players/halle-idowu-1.html,northeastern,2022-23
9,55,9,2022-12-03,Northeastern,,Holy Cross,REG (Non-Conf),L 55-60,*,28,2,7,.286,0,1,.000,2,6,.333,.286,0,0,,5,7,12,4,1,0,2,3,4,6.1,Halle Idowu,https://www.sports-reference.com/cbb/players/halle-idowu-1.html,northeastern,2022-23
10,56,10,2022-12-05,Northeastern,,Harvard,REG (Non-Conf),W 73-64,*,30,4,6,.667,0,0,,4,6,.667,.667,0,2,.000,3,7,10,2,2,3,1,1,8,12.9,Halle Idowu,https://www.sports-reference.com/cbb/players/halle-idowu-1.html,northeastern,2022-23
11,57,11,2022-12-20,Northeastern,@,Stonehill,REG (Non-Conf),W 75-64,*,22,3,4,.750,1,1,1.000,2,3,.667,.875,2,3,.667,1,2,3,1,0,1,1,2,9,7.9,Halle Idowu,https://www.sports-reference.com/cbb/players/halle-idowu-1.html,northeastern,2022-23
12,58,12,2022-12-30,Northeastern,@,Monmouth,REG (Conf),L 49-54,*,23,1,2,.500,0,1,.000,1,1,1.000,.500,2,2,1.000,1,5,6,2,1,0,2,1,4,5.2,Halle Idowu,https://www.sports-reference.com/cbb/players/halle-idowu-1.html,northeastern,2022-23
13,59,13,2023-01-01,Northeastern,,William & Mary,REG (Conf),W 71-57,*,25,6,9,.667,0,0,,6,9,.667,.667,7,8,.875,1,9,10,1,3,1,2,0,19,20.5,Halle Idowu,https://www.sports-reference.com/cbb/players/halle-idowu-1.html,northeastern,2022-23
14,60,14,2023-01-08,Northeastern,,UNC Wilmington,REG (Conf),W 92-51,*,21,5,6,.833,0,0,,5,6,.833,.833,2,3,.667,2,2,4,0,3,0,3,2,12,10.6,Halle Idowu,https://www.sports-reference.com/cbb/players/halle-idowu-1.html,northeastern,2022-23
15,61,15,2023-01-13,Northeastern,@,North Carolina A&T,REG (Conf),L 63-67 (OT),*,28,1,9,.111,0,0,,1,9,.111,.111,2,2,1.000,5,6,11,1,1,1,6,1,4,-0.6,Halle Idowu,https://www.sports-reference.com/cbb/players/halle-idowu-1.html,northeastern,2022-23
16,62,16,2023-01-15,Northeastern,@,Elon,REG (Conf),W 69-51,*,26,1,4,.250,0,1,.000,1,3,.333,.250,0,1,.000,1,6,7,1,3,0,1,2,2,3.6,Halle Idowu,https://www.sports-reference.com/cbb/players/halle-idowu-1.html,northeastern,2022-23
17,63,17,2023-01-22,Northeastern,@,Hofstra,REG (Conf),W 68-48,*,18,2,5,.400,1,1,1.000,1,4,.250,.500,0,0,,1,4,5,1,2,0,2,0,5,4.9,Halle Idowu,https://www.sports-reference.com/cbb/players/halle-idowu-1.html,northeastern,2022-23
18,64,18,2023-01-27,Northeastern,,Towson,REG (Conf),L 67-73,*,27,0,5,.000,0,1,.000,0,4,.000,.000,4,4,1.000,3,5,8,3,1,0,1,2,4,5.4,Halle Idowu,https://www.sports-reference.com/cbb/players/halle-idowu-1.html,northeastern,2022-23
19,65,19,2023-01-29,Northeastern,,Monmouth,REG (Conf),W 75-70,,17,2,2,1.000,0,0,,2,2,1.000,1.000,0,0,,0,1,1,0,1,0,3,1,4,1.3,Halle Idowu,https://www.sports-reference.com/cbb/players/halle-idowu-1.html,northeastern,2022-23
20,66,20,2023-02-03,Northeastern,,Drexel,REG (Conf),L 56-67,,15,0,2,.000,0,0,,0,2,.000,.000,1,2,.500,1,3,4,1,0,0,1,0,1,0.5,Halle Idowu,https://www.sports-reference.com/cbb/players/halle-idowu-1.html,northeastern,2022-23
21,67,21,2023-02-05,Northeastern,@,Delaware,REG (Conf),L 67-77,,22,1,4,.250,0,1,.000,1,3,.333,.250,1,3,.333,4,3,7,2,1,1,1,4,3,4.0,Halle Idowu,https://www.sports-reference.com/cbb/players/halle-idowu-1.html,northeastern,2022-23
22,68,22,2023-02-09,Northeastern,,Stony Brook,REG (Conf),W 68-63,,21,2,3,.667,0,0,,2,3,.667,.667,0,0,,1,3,4,1,1,2,1,0,4,6.4,Halle Idowu,https://www.sports-reference.com/cbb/players/halle-idowu-1.html,northeastern,2022-23
23,69,23,2023-02-12,Northeastern,@,Hampton,REG (Conf),W 72-67,,17,0,3,.000,0,1,.000,0,2,.000,.000,2,2,1.000,2,2,4,1,1,0,2,4,2,0.0,Halle Idowu,https://www.sports-reference.com/cbb/players/halle-idowu-1.html,northeastern,2022-23
24,70,24,2023-02-17,Northeastern,@,Drexel,REG (Conf),W 71-64,,23,0,2,.000,0,1,.000,0,1,.000,.000,0,0,,2,3,5,2,2,0,0,1,0,3.9,Halle Idowu,https://www.sports-reference.com/cbb/players/halle-idowu-1.html,northeastern,2022-23
25,71,25,2023-02-19,Northeastern,,Hofstra,REG (Conf),W 59-52,,18,3,4,.750,0,0,,3,4,.750,.750,1,2,.500,1,2,3,1,0,0,1,2,7,5.2,Halle Idowu,https://www.sports-reference.com/cbb/players/halle-idowu-1.html,northeastern,2022-23
26,72,26,2023-02-24,Northeastern,,Delaware,REG (Conf),W 70-61,,21,1,3,.333,0,0,,1,3,.333,.333,0,0,,1,2,3,3,1,1,0,1,2,5.0,Halle Idowu,https://www.sports-reference.com/cbb/players/halle-idowu-1.html,northeastern,2022-23
27,73,27,2023-02-26,Northeastern,,Hampton,REG (Conf),W 79-46,,13,1,2,.500,0,0,,1,2,.500,.500,0,0,,1,5,6,0,1,2,1,1,2,4.2,Halle Idowu,https://www.sports-reference.com/cbb/players/halle-idowu-1.html,northeastern,2022-23
28,74,28,2023-03-02,Northeastern,@,College of Charleston,REG (Conf),W 74-60,,21,2,3,.667,0,1,.000,2,2,1.000,.667,0,0,,2,6,8,1,1,2,3,4,4,4.4,Halle Idowu,https://www.sports-reference.com/cbb/players/halle-idowu-1.html,northeastern,2022-23
29,75,29,2023-03-04,Northeastern,@,UNC Wilmington,REG (Conf),W 78-69,,14,2,2,1.000,0,0,,2,2,1.000,1.000,1,1,1.000,3,1,4,0,0,1,1,2,5,5.7,Halle Idowu,https://www.sports-reference.com/cbb/players/halle-idowu-1.html,northeastern,2022-23
30,76,30,2023-03-10,Northeastern,N,Stony Brook,CTOURN,W 85-68,,26,3,5,.600,0,1,.000,3,4,.750,.600,1,1,1.000,2,7,9,1,1,0,0,2,7,9.1,Halle Idowu,https://www.sports-reference.com/cbb/players/halle-idowu-1.html,northeastern,2022-23
31,77,31,2023-03-11,Northeastern,N,Monmouth,CTOURN,L 60-73,,25,2,4,.500,0,1,.000,2,3,.667,.500,0,0,,1,5,6,1,0,1,0,1,4,5.2,Halle Idowu,https://www.sports-reference.com/cbb/players/halle-idowu-1.html,northeastern,2022-23
