ranker,player_game_num_career,team_game_num_season,date,team_name_abbr,game_location,opp_name_abbr,game_type,game_result,is_starter,mp,fg,fga,fg_pct,fg3,fg3a,fg3_pct,fg2,fg2a,fg2_pct,efg_pct,ft,fta,ft_pct,orb,drb,trb,ast,stl,blk,tov,pf,pts,game_score,player_name,player_sr_link,school,season
1,94,1,2022-11-07,Northeastern,@,Boston University,REG (Non-Conf),W 66-65,*,33,4,16,.250,1,9,.111,3,7,.429,.281,0,1,.000,0,1,1,1,1,0,1,0,9,0.0,JaMiya Braxton,https://www.sports-reference.com/cbb/players/jamiya-braxton-1.html,northeastern,2022-23
2,95,2,2022-11-10,Northeastern,@,Connecticut,REG (Non-Conf),L 39-98,*,34,1,9,.111,1,9,.111,0,0,,.167,0,0,,0,0,0,3,0,0,2,2,3,-3.6,JaMiya Braxton,https://www.sports-reference.com/cbb/players/jamiya-braxton-1.html,northeastern,2022-23
3,96,3,2022-11-16,Northeastern,,Boston College,REG (Non-Conf),L 59-64,*,32,1,7,.143,1,5,.200,0,2,.000,.214,1,2,.500,0,2,2,1,3,0,1,2,4,1.6,JaMiya Braxton,https://www.sports-reference.com/cbb/players/jamiya-braxton-1.html,northeastern,2022-23
4,97,4,2022-11-19,Northeastern,@,New Hampshire,REG (Non-Conf),W 63-51,*,22,3,10,.300,1,4,.250,2,6,.333,.350,0,0,,1,1,2,2,0,0,0,0,7,3.6,JaMiya Braxton,https://www.sports-reference.com/cbb/players/jamiya-braxton-1.html,northeastern,2022-23
5,98,5,2022-11-21,Northeastern,@,Maine,REG (Non-Conf),L 59-61,*,36,2,5,.400,2,3,.667,0,2,.000,.600,0,0,,2,0,2,2,2,0,0,3,6,6.9,JaMiya Braxton,https://www.sports-reference.com/cbb/players/jamiya-braxton-1.html,northeastern,2022-23
6,99,6,2022-11-25,Northeastern,N,Green Bay,REG (Non-Conf),L 46-56,*,25,1,3,.333,1,3,.333,0,0,,.500,0,0,,0,1,1,0,0,0,0,0,3,1.6,JaMiya Braxton,https://www.sports-reference.com/cbb/players/jamiya-braxton-1.html,northeastern,2022-23
7,100,11,2022-12-20,Northeastern,@,Stonehill,REG (Non-Conf),W 75-64,,6,1,4,.250,0,3,.000,1,1,1.000,.250,0,0,,0,2,2,0,0,0,0,0,2,0.2,JaMiya Braxton,https://www.sports-reference.com/cbb/players/jamiya-braxton-1.html,northeastern,2022-23
8,101,12,2022-12-30,Northeastern,@,Monmouth,REG (Conf),L 49-54,,23,0,6,.000,0,5,.000,0,1,.000,.000,0,0,,0,0,0,2,0,0,4,0,0,-6.8,JaMiya Braxton,https://www.sports-reference.com/cbb/players/jamiya-braxton-1.html,northeastern,2022-23
9,102,13,2023-01-01,Northeastern,,William & Mary,REG (Conf),W 71-57,,26,2,4,.500,1,3,.333,1,1,1.000,.625,0,0,,0,1,1,1,2,0,1,1,5,4.6,JaMiya Braxton,https://www.sports-reference.com/cbb/players/jamiya-braxton-1.html,northeastern,2022-23
10,103,14,2023-01-08,Northeastern,,UNC Wilmington,REG (Conf),W 92-51,,21,6,7,.857,4,5,.800,2,2,1.000,1.143,0,0,,0,1,1,1,0,0,0,0,16,14.5,JaMiya Braxton,https://www.sports-reference.com/cbb/players/jamiya-braxton-1.html,northeastern,2022-23
11,104,15,2023-01-13,Northeastern,@,North Carolina A&T,REG (Conf),L 63-67 (OT),*,42,7,16,.438,5,12,.417,2,4,.500,.594,0,0,,0,3,3,3,2,0,4,1,19,11.2,JaMiya Braxton,https://www.sports-reference.com/cbb/players/jamiya-braxton-1.html,northeastern,2022-23
12,105,16,2023-01-15,Northeastern,@,Elon,REG (Conf),W 69-51,*,33,8,12,.667,4,7,.571,4,5,.800,.833,1,2,.500,2,0,2,1,3,0,0,0,21,20.5,JaMiya Braxton,https://www.sports-reference.com/cbb/players/jamiya-braxton-1.html,northeastern,2022-23
13,106,17,2023-01-22,Northeastern,@,Hofstra,REG (Conf),W 68-48,*,30,4,8,.500,3,6,.500,1,2,.500,.688,2,2,1.000,0,1,1,1,2,0,1,1,13,10.6,JaMiya Braxton,https://www.sports-reference.com/cbb/players/jamiya-braxton-1.html,northeastern,2022-23
14,107,18,2023-01-27,Northeastern,,Towson,REG (Conf),L 67-73,*,32,3,6,.500,2,4,.500,1,2,.500,.667,2,3,.667,0,2,2,1,0,0,1,3,10,5.7,JaMiya Braxton,https://www.sports-reference.com/cbb/players/jamiya-braxton-1.html,northeastern,2022-23
15,108,19,2023-01-29,Northeastern,,Monmouth,REG (Conf),W 75-70,*,31,6,8,.750,1,3,.333,5,5,1.000,.813,1,2,.500,0,1,1,2,0,0,0,2,14,11.3,JaMiya Braxton,https://www.sports-reference.com/cbb/players/jamiya-braxton-1.html,northeastern,2022-23
16,109,20,2023-02-03,Northeastern,,Drexel,REG (Conf),L 56-67,*,33,2,12,.167,2,10,.200,0,2,.000,.250,4,4,1.000,0,1,1,1,0,0,0,3,10,2.2,JaMiya Braxton,https://www.sports-reference.com/cbb/players/jamiya-braxton-1.html,northeastern,2022-23
17,110,21,2023-02-05,Northeastern,@,Delaware,REG (Conf),L 67-77,*,33,2,12,.167,0,9,.000,2,3,.667,.167,0,0,,0,2,2,2,1,0,3,3,4,-4.8,JaMiya Braxton,https://www.sports-reference.com/cbb/players/jamiya-braxton-1.html,northeastern,2022-23
18,111,22,2023-02-09,Northeastern,,Stony Brook,REG (Conf),W 68-63,*,30,2,8,.250,1,7,.143,1,1,1.000,.313,0,0,,0,0,0,1,0,2,2,1,5,-0.1,JaMiya Braxton,https://www.sports-reference.com/cbb/players/jamiya-braxton-1.html,northeastern,2022-23
19,112,23,2023-02-12,Northeastern,@,Hampton,REG (Conf),W 72-67,*,36,7,11,.636,4,7,.571,3,4,.750,.818,1,4,.250,1,2,3,1,1,0,4,1,19,11.5,JaMiya Braxton,https://www.sports-reference.com/cbb/players/jamiya-braxton-1.html,northeastern,2022-23
20,113,24,2023-02-17,Northeastern,@,Drexel,REG (Conf),W 71-64,*,38,4,10,.400,3,7,.429,1,3,.333,.550,1,1,1.000,1,1,2,1,0,1,1,1,12,7.6,JaMiya Braxton,https://www.sports-reference.com/cbb/players/jamiya-braxton-1.html,northeastern,2022-23
21,114,25,2023-02-19,Northeastern,,Hofstra,REG (Conf),W 59-52,*,33,2,8,.250,1,4,.250,1,4,.250,.313,4,4,1.000,0,4,4,2,0,0,0,1,9,6.4,JaMiya Braxton,https://www.sports-reference.com/cbb/players/jamiya-braxton-1.html,northeastern,2022-23
22,115,26,2023-02-24,Northeastern,,Delaware,REG (Conf),W 70-61,*,35,7,12,.583,2,4,.500,5,8,.625,.667,6,6,1.000,0,3,3,0,1,0,0,2,22,17.5,JaMiya Braxton,https://www.sports-reference.com/cbb/players/jamiya-braxton-1.html,northeastern,2022-23
23,116,27,2023-02-26,Northeastern,,Hampton,REG (Conf),W 79-46,*,30,6,13,.462,3,6,.500,3,7,.429,.577,2,2,1.000,0,2,2,2,2,0,0,0,17,14.3,JaMiya Braxton,https://www.sports-reference.com/cbb/players/jamiya-braxton-1.html,northeastern,2022-23
24,117,28,2023-03-02,Northeastern,@,College of Charleston,REG (Conf),W 74-60,*,27,5,10,.500,2,6,.333,3,4,.750,.600,2,2,1.000,1,5,6,5,0,0,3,0,14,11.7,JaMiya Braxton,https://www.sports-reference.com/cbb/players/jamiya-braxton-1.html,northeastern,2022-23
25,118,29,2023-03-04,Northeastern,@,UNC Wilmington,REG (Conf),W 78-69,*,30,0,7,.000,0,5,.000,0,2,.000,.000,0,0,,1,3,4,1,0,0,1,1,0,-4.0,JaMiya Braxton,https://www.sports-reference.com/cbb/players/jamiya-braxton-1.html,northeastern,2022-23
26,119,30,2023-03-10,Northeastern,N,Stony Brook,CTOURN,W 85-68,*,39,5,15,.333,4,11,.364,1,4,.250,.467,0,0,,0,3,3,1,1,0,0,1,14,7.7,JaMiya Braxton,https://www.sports-reference.com/cbb/players/jamiya-braxton-1.html,northeastern,2022-23
27,120,31,2023-03-11,Northeastern,N,Monmouth,CTOURN,L 60-73,*,33,4,14,.286,2,10,.200,2,4,.500,.357,0,0,,1,0,1,2,0,0,2,3,10,0.7,JaMiya Braxton,https://www.sports-reference.com/cbb/players/jamiya-braxton-1.html,northeastern,2022-23
