ranker,player_game_num_career,team_game_num_season,date,team_name_abbr,game_location,opp_name_abbr,game_type,game_result,is_starter,mp,fg,fga,fg_pct,fg3,fg3a,fg2,fg2a,fg2_pct,efg_pct,ft,fta,ft_pct,orb,drb,trb,ast,stl,blk,tov,pf,pts,game_score,player_name,player_sr_link,school,season
1,73,1,2024-11-04,LIU,@,Lehigh,REG (Non-Conf),L 59-83,*,13,2,6,.333,0,0,2,6,.333,.333,0,0,,0,1,1,0,1,0,1,5,4,-1.1,Amaya Dowdy,https://www.sports-reference.com/cbb/players/amaya-dowdy-1.html,long-island-university,2024-25
2,74,2,2024-11-08,LIU,,St. John's (NY),REG (Non-Conf),L 50-67,,25,2,4,.500,0,0,2,4,.500,.500,0,0,,1,3,4,2,1,0,1,3,4,3.8,Amaya Dowdy,https://www.sports-reference.com/cbb/players/amaya-dowdy-1.html,long-island-university,2024-25
3,75,3,2024-11-10,LIU,,Cal State Fullerton,REG (Non-Conf),W 63-52,*,34,9,12,.750,0,0,9,12,.750,.750,6,8,.750,4,4,8,2,0,2,2,4,24,21.6,Amaya Dowdy,https://www.sports-reference.com/cbb/players/amaya-dowdy-1.html,long-island-university,2024-25
4,76,4,2024-11-12,LIU,,Rider,REG (Non-Conf),L 54-66,*,27,4,9,.444,0,0,4,9,.444,.444,2,2,1.000,1,0,1,0,1,0,4,4,10,1.4,Amaya Dowdy,https://www.sports-reference.com/cbb/players/amaya-dowdy-1.html,long-island-university,2024-25
5,77,5,2024-11-14,LIU,@,Manhattan,REG (Non-Conf),L 50-73,*,21,2,7,.286,0,0,2,7,.286,.286,1,1,1.000,2,1,3,0,0,1,0,3,5,2.1,Amaya Dowdy,https://www.sports-reference.com/cbb/players/amaya-dowdy-1.html,long-island-university,2024-25
6,78,8,2024-12-01,LIU,,Northeastern,REG (Non-Conf),W 63-61,,10,2,6,.333,0,0,2,6,.333,.333,2,4,.500,3,2,5,1,0,1,0,1,6,5.5,Amaya Dowdy,https://www.sports-reference.com/cbb/players/amaya-dowdy-1.html,long-island-university,2024-25
