ranker,player_game_num_career,team_game_num_season,date,team_name_abbr,game_location,opp_name_abbr,game_type,game_result,is_starter,mp,fg,fga,fg_pct,fg3,fg3a,fg3_pct,fg2,fg2a,fg2_pct,efg_pct,ft,fta,ft_pct,orb,drb,trb,ast,stl,blk,tov,pf,pts,game_score,player_name,player_sr_link,school,season
1,1,1,2024-11-04,LIU,@,Lehigh,REG (Non-Conf),L 59-83,,25,8,12,.667,0,0,,8,12,.667,.667,2,6,.333,0,2,2,0,1,0,0,0,18,12.8,Shanaii Gamble,https://www.sports-reference.com/cbb/players/shanaii-gamble-1.html,long-island-university,2024-25
2,2,2,2024-11-08,LIU,,St. John's (NY),REG (Non-Conf),L 50-67,*,23,3,6,.500,0,1,.000,3,5,.600,.500,0,0,,1,0,1,0,1,0,3,2,6,0.9,Shanaii Gamble,https://www.sports-reference.com/cbb/players/shanaii-gamble-1.html,long-island-university,2024-25
3,3,3,2024-11-10,LIU,,Cal State Fullerton,REG (Non-Conf),W 63-52,*,19,3,5,.600,0,0,,3,5,.600,.600,0,0,,3,3,6,1,1,0,3,4,6,3.8,Shanaii Gamble,https://www.sports-reference.com/cbb/players/shanaii-gamble-1.html,long-island-university,2024-25
4,4,4,2024-11-12,LIU,,Rider,REG (Non-Conf),L 54-66,*,14,0,3,.000,0,0,,0,3,.000,.000,2,2,1.000,4,1,5,1,0,0,2,2,2,0.9,Shanaii Gamble,https://www.sports-reference.com/cbb/players/shanaii-gamble-1.html,long-island-university,2024-25
