ranker,player_game_num_career,team_game_num_season,date,team_name_abbr,game_location,opp_name_abbr,game_type,game_result,is_starter,mp,fg,fga,fg_pct,fg3,fg3a,fg3_pct,fg2,fg2a,fg2_pct,efg_pct,ft,fta,ft_pct,orb,drb,trb,ast,stl,blk,tov,pf,pts,game_score,player_name,player_sr_link,school,season
1,33,1,2019-11-05,Northeastern,,South Dakota,REG (Non-Conf),L 76-80,*,31,7,11,.636,0,0,,7,11,.636,.636,1,1,1.000,2,2,4,3,4,3,3,3,15,16.1,Alexis Hill,https://www.sports-reference.com/cbb/players/alexis-hill-2.html,northeastern,2019-20
2,34,2,2019-11-11,Northeastern,@,Oregon,REG (Non-Conf),L 47-89,*,22,2,4,.500,0,0,,2,4,.500,.500,0,0,,0,2,2,0,2,0,1,1,4,3.2,Alexis Hill,https://www.sports-reference.com/cbb/players/alexis-hill-2.html,northeastern,2019-20
3,35,3,2019-11-16,Northeastern,,Dayton,REG (Non-Conf),L 60-71,*,31,6,13,.462,0,0,,6,13,.462,.462,4,5,.800,4,5,9,0,4,2,1,4,16,16.0,Alexis Hill,https://www.sports-reference.com/cbb/players/alexis-hill-2.html,northeastern,2019-20
4,36,4,2019-11-20,Northeastern,@,Fordham,REG (Non-Conf),L 58-74,*,29,8,13,.615,0,1,.000,8,12,.667,.615,2,4,.500,1,6,7,4,3,0,6,5,18,11.6,Alexis Hill,https://www.sports-reference.com/cbb/players/alexis-hill-2.html,northeastern,2019-20
5,37,5,2019-11-23,Northeastern,,Yale,REG (Non-Conf),L 63-78,*,29,9,11,.818,0,0,,9,11,.818,.818,2,3,.667,0,3,3,2,2,2,4,4,20,15.6,Alexis Hill,https://www.sports-reference.com/cbb/players/alexis-hill-2.html,northeastern,2019-20
6,38,6,2019-11-27,Northeastern,@,Central Michigan,REG (Non-Conf),L 63-79,*,34,6,13,.462,0,0,,6,13,.462,.462,12,14,.857,3,4,7,2,1,2,2,4,24,20.0,Alexis Hill,https://www.sports-reference.com/cbb/players/alexis-hill-2.html,northeastern,2019-20
7,39,7,2019-11-30,Northeastern,,North Dakota State,REG (Non-Conf),W 72-61,*,26,4,12,.333,0,0,,4,12,.333,.333,3,6,.500,3,1,4,4,2,0,3,2,11,6.4,Alexis Hill,https://www.sports-reference.com/cbb/players/alexis-hill-2.html,northeastern,2019-20
8,40,8,2019-12-04,Northeastern,@,Harvard,REG (Non-Conf),W 46-44,*,34,3,8,.375,0,0,,3,8,.375,.375,4,6,.667,3,6,9,1,2,0,6,1,10,5.0,Alexis Hill,https://www.sports-reference.com/cbb/players/alexis-hill-2.html,northeastern,2019-20
9,41,9,2019-12-14,Northeastern,,Hartford,REG (Non-Conf),W 60-47,*,30,3,11,.273,0,1,.000,3,10,.300,.273,2,6,.333,1,4,5,7,5,0,3,4,8,7.1,Alexis Hill,https://www.sports-reference.com/cbb/players/alexis-hill-2.html,northeastern,2019-20
10,42,10,2019-12-21,Northeastern,@,Maine,REG (Non-Conf),W 66-58,*,36,10,18,.556,0,0,,10,18,.556,.556,5,8,.625,1,3,4,1,6,0,2,3,25,20.3,Alexis Hill,https://www.sports-reference.com/cbb/players/alexis-hill-2.html,northeastern,2019-20
11,43,11,2019-12-29,Northeastern,@,Boston University,REG (Non-Conf),L 56-72,*,26,0,5,.000,0,1,.000,0,4,.000,.000,0,0,,0,4,4,0,3,1,2,4,0,-2.2,Alexis Hill,https://www.sports-reference.com/cbb/players/alexis-hill-2.html,northeastern,2019-20
12,44,12,2020-01-05,Northeastern,,Hofstra,REG (Conf),W 74-51,,20,4,5,.800,0,0,,4,5,.800,.800,3,4,.750,2,4,6,3,3,0,0,1,11,16.0,Alexis Hill,https://www.sports-reference.com/cbb/players/alexis-hill-2.html,northeastern,2019-20
13,45,13,2020-01-10,Northeastern,@,Drexel,REG (Conf),L 41-50,*,36,7,16,.438,0,0,,7,16,.438,.438,1,2,.500,7,3,10,3,2,2,3,4,15,12.9,Alexis Hill,https://www.sports-reference.com/cbb/players/alexis-hill-2.html,northeastern,2019-20
14,46,14,2020-01-12,Northeastern,@,Delaware,REG (Conf),W 72-62,*,34,5,13,.385,0,0,,5,13,.385,.385,0,0,,4,7,11,7,1,2,6,4,10,7.5,Alexis Hill,https://www.sports-reference.com/cbb/players/alexis-hill-2.html,northeastern,2019-20
15,47,15,2020-01-17,Northeastern,,Elon,REG (Conf),W 68-65 (OT),*,41,2,9,.222,0,0,,2,9,.222,.222,13,18,.722,5,11,16,1,2,3,3,4,17,16.5,Alexis Hill,https://www.sports-reference.com/cbb/players/alexis-hill-2.html,northeastern,2019-20
16,48,16,2020-01-19,Northeastern,,William & Mary,REG (Conf),W 61-55,*,34,5,11,.455,0,0,,5,11,.455,.455,8,10,.800,4,6,10,0,3,1,7,4,18,11.2,Alexis Hill,https://www.sports-reference.com/cbb/players/alexis-hill-2.html,northeastern,2019-20
17,49,17,2020-01-24,Northeastern,@,Towson,REG (Conf),L 68-81,*,30,4,6,.667,0,0,,4,6,.667,.667,0,0,,1,4,5,5,3,0,6,4,8,6.2,Alexis Hill,https://www.sports-reference.com/cbb/players/alexis-hill-2.html,northeastern,2019-20
18,50,18,2020-01-26,Northeastern,@,James Madison,REG (Conf),L 54-67,*,32,5,11,.455,0,0,,5,11,.455,.455,3,8,.375,1,2,3,1,3,1,4,4,13,5.4,Alexis Hill,https://www.sports-reference.com/cbb/players/alexis-hill-2.html,northeastern,2019-20
19,51,19,2020-01-31,Northeastern,,College of Charleston,REG (Conf),W 72-68,*,34,5,11,.455,0,0,,5,11,.455,.455,9,10,.900,2,4,6,1,3,4,5,4,19,15.4,Alexis Hill,https://www.sports-reference.com/cbb/players/alexis-hill-2.html,northeastern,2019-20
20,52,20,2020-02-02,Northeastern,,UNC Wilmington,REG (Conf),W 63-61,*,35,5,10,.500,0,1,.000,5,9,.556,.500,0,3,.000,5,3,8,6,2,2,5,4,10,9.2,Alexis Hill,https://www.sports-reference.com/cbb/players/alexis-hill-2.html,northeastern,2019-20
21,53,21,2020-02-07,Northeastern,,Delaware,REG (Conf),L 69-81,*,18,3,7,.429,0,0,,3,7,.429,.429,2,2,1.000,4,1,5,1,1,2,6,5,8,2.5,Alexis Hill,https://www.sports-reference.com/cbb/players/alexis-hill-2.html,northeastern,2019-20
22,54,22,2020-02-09,Northeastern,,Drexel,REG (Conf),L 51-67,,34,3,5,.600,0,0,,3,5,.600,.600,4,6,.667,3,2,5,2,3,0,3,4,10,9.4,Alexis Hill,https://www.sports-reference.com/cbb/players/alexis-hill-2.html,northeastern,2019-20
23,55,23,2020-02-14,Northeastern,@,William & Mary,REG (Conf),L 64-80,*,29,5,10,.500,0,0,,5,10,.500,.500,4,6,.667,3,2,5,3,1,3,2,5,14,12.1,Alexis Hill,https://www.sports-reference.com/cbb/players/alexis-hill-2.html,northeastern,2019-20
24,56,24,2020-02-16,Northeastern,@,Elon,REG (Conf),W 69-45,*,30,5,6,.833,0,0,,5,6,.833,.833,1,1,1.000,1,5,6,0,2,1,4,3,11,8.5,Alexis Hill,https://www.sports-reference.com/cbb/players/alexis-hill-2.html,northeastern,2019-20
25,57,25,2020-02-21,Northeastern,,James Madison,REG (Conf),L 64-86,,5,1,2,.500,0,0,,1,2,.500,.500,1,2,.500,0,0,0,0,0,0,0,1,3,1.2,Alexis Hill,https://www.sports-reference.com/cbb/players/alexis-hill-2.html,northeastern,2019-20
26,58,26,2020-02-23,Northeastern,,Towson,REG (Conf),W 66-63,*,37,3,10,.300,0,0,,3,10,.300,.300,3,5,.600,3,6,9,3,1,1,4,3,9,4.9,Alexis Hill,https://www.sports-reference.com/cbb/players/alexis-hill-2.html,northeastern,2019-20
27,59,27,2020-02-28,Northeastern,@,UNC Wilmington,REG (Conf),L 48-61,*,30,4,10,.400,0,0,,4,10,.400,.400,0,2,.000,2,0,2,1,3,1,5,2,8,1.8,Alexis Hill,https://www.sports-reference.com/cbb/players/alexis-hill-2.html,northeastern,2019-20
28,60,28,2020-03-01,Northeastern,@,College of Charleston,REG (Conf),L 61-66 (OT),*,43,11,17,.647,0,0,,11,17,.647,.647,6,6,1.000,7,5,12,1,6,2,6,5,28,27.0,Alexis Hill,https://www.sports-reference.com/cbb/players/alexis-hill-2.html,northeastern,2019-20
29,61,29,2020-03-07,Northeastern,@,Hofstra,REG (Conf),W 62-54,*,32,9,17,.529,0,0,,9,17,.529,.529,0,0,,6,3,9,2,0,0,2,3,18,13.0,Alexis Hill,https://www.sports-reference.com/cbb/players/alexis-hill-2.html,northeastern,2019-20
