ranker,player_game_num_career,team_game_num_season,date,team_name_abbr,game_location,opp_name_abbr,game_type,game_result,is_starter,mp,fg,fga,fg_pct,fg3,fg3a,fg2,fg2a,fg2_pct,efg_pct,ft,fta,ft_pct,orb,drb,trb,ast,stl,blk,tov,pf,pts,game_score,player_name,player_sr_link,school,season
1,59,1,2019-11-05,Northeastern,,South Dakota,REG (Non-Conf),L 76-80,*,20,2,4,.500,0,0,2,4,.500,.500,2,3,.667,1,2,3,0,1,0,3,5,6,0.9,Ayanna Dublin,https://www.sports-reference.com/cbb/players/ayanna-dublin-1.html,northeastern,2019-20
2,60,2,2019-11-11,Northeastern,@,Oregon,REG (Non-Conf),L 47-89,*,28,3,5,.600,0,0,3,5,.600,.600,2,2,1.000,1,3,4,1,1,0,3,3,8,4.8,Ayanna Dublin,https://www.sports-reference.com/cbb/players/ayanna-dublin-1.html,northeastern,2019-20
3,61,3,2019-11-16,Northeastern,,Dayton,REG (Non-Conf),L 60-71,*,27,0,5,.000,0,0,0,5,.000,.000,0,0,,3,2,5,3,0,1,2,5,0,-2.0,Ayanna Dublin,https://www.sports-reference.com/cbb/players/ayanna-dublin-1.html,northeastern,2019-20
4,62,4,2019-11-20,Northeastern,@,Fordham,REG (Non-Conf),L 58-74,*,22,2,6,.333,0,0,2,6,.333,.333,0,0,,3,1,4,4,0,0,2,0,4,3.8,Ayanna Dublin,https://www.sports-reference.com/cbb/players/ayanna-dublin-1.html,northeastern,2019-20
5,63,5,2019-11-23,Northeastern,,Yale,REG (Non-Conf),L 63-78,*,8,1,2,.500,0,0,1,2,.500,.500,0,0,,1,0,1,1,1,0,2,5,2,-0.6,Ayanna Dublin,https://www.sports-reference.com/cbb/players/ayanna-dublin-1.html,northeastern,2019-20
6,64,6,2019-11-27,Northeastern,@,Central Michigan,REG (Non-Conf),L 63-79,*,19,2,4,.500,0,0,2,4,.500,.500,0,0,,1,2,3,3,0,0,2,2,4,2.6,Ayanna Dublin,https://www.sports-reference.com/cbb/players/ayanna-dublin-1.html,northeastern,2019-20
7,65,7,2019-11-30,Northeastern,,North Dakota State,REG (Non-Conf),W 72-61,*,30,2,4,.500,0,0,2,4,.500,.500,8,10,.800,2,5,7,3,1,0,2,2,12,12.4,Ayanna Dublin,https://www.sports-reference.com/cbb/players/ayanna-dublin-1.html,northeastern,2019-20
8,66,8,2019-12-04,Northeastern,@,Harvard,REG (Non-Conf),W 46-44,*,23,1,1,1.000,0,0,1,1,1.000,1.000,0,0,,3,0,3,0,1,0,1,1,2,3.4,Ayanna Dublin,https://www.sports-reference.com/cbb/players/ayanna-dublin-1.html,northeastern,2019-20
9,67,9,2019-12-14,Northeastern,,Hartford,REG (Non-Conf),W 60-47,*,25,2,4,.500,0,0,2,4,.500,.500,2,2,1.000,4,1,5,2,0,0,2,1,6,6.1,Ayanna Dublin,https://www.sports-reference.com/cbb/players/ayanna-dublin-1.html,northeastern,2019-20
10,68,10,2019-12-21,Northeastern,@,Maine,REG (Non-Conf),W 66-58,*,31,4,9,.444,0,0,4,9,.444,.444,4,7,.571,5,3,8,1,4,0,2,0,12,13.2,Ayanna Dublin,https://www.sports-reference.com/cbb/players/ayanna-dublin-1.html,northeastern,2019-20
11,69,11,2019-12-29,Northeastern,@,Boston University,REG (Non-Conf),L 56-72,*,22,4,8,.500,0,0,4,8,.500,.500,0,0,,4,2,6,0,0,0,3,5,8,2.4,Ayanna Dublin,https://www.sports-reference.com/cbb/players/ayanna-dublin-1.html,northeastern,2019-20
12,70,12,2020-01-05,Northeastern,,Hofstra,REG (Conf),W 74-51,*,26,4,5,.800,0,0,4,5,.800,.800,8,10,.800,1,4,5,4,2,0,3,1,16,16.6,Ayanna Dublin,https://www.sports-reference.com/cbb/players/ayanna-dublin-1.html,northeastern,2019-20
13,71,13,2020-01-10,Northeastern,@,Drexel,REG (Conf),L 41-50,*,34,3,6,.500,0,0,3,6,.500,.500,0,0,,5,4,9,4,0,1,4,5,6,5.2,Ayanna Dublin,https://www.sports-reference.com/cbb/players/ayanna-dublin-1.html,northeastern,2019-20
14,72,14,2020-01-12,Northeastern,@,Delaware,REG (Conf),W 72-62,*,22,2,7,.286,0,0,2,7,.286,.286,5,5,1.000,2,2,4,1,5,0,5,5,9,5.6,Ayanna Dublin,https://www.sports-reference.com/cbb/players/ayanna-dublin-1.html,northeastern,2019-20
15,73,15,2020-01-17,Northeastern,,Elon,REG (Conf),W 68-65 (OT),*,15,0,1,.000,0,0,0,1,.000,.000,0,0,,2,1,3,3,0,0,5,1,0,-2.3,Ayanna Dublin,https://www.sports-reference.com/cbb/players/ayanna-dublin-1.html,northeastern,2019-20
16,74,19,2020-01-31,Northeastern,,College of Charleston,REG (Conf),W 72-68,,12,0,1,.000,0,0,0,1,.000,.000,1,2,.500,2,0,2,0,0,0,0,1,1,0.9,Ayanna Dublin,https://www.sports-reference.com/cbb/players/ayanna-dublin-1.html,northeastern,2019-20
17,75,20,2020-02-02,Northeastern,,UNC Wilmington,REG (Conf),W 63-61,,11,0,1,.000,0,0,0,1,.000,.000,0,0,,0,1,1,0,0,0,2,2,0,-3.2,Ayanna Dublin,https://www.sports-reference.com/cbb/players/ayanna-dublin-1.html,northeastern,2019-20
18,76,21,2020-02-07,Northeastern,,Delaware,REG (Conf),L 69-81,*,26,2,4,.500,0,0,2,4,.500,.500,3,4,.750,4,3,7,0,1,0,0,2,7,8.5,Ayanna Dublin,https://www.sports-reference.com/cbb/players/ayanna-dublin-1.html,northeastern,2019-20
19,77,22,2020-02-09,Northeastern,,Drexel,REG (Conf),L 51-67,*,23,1,5,.200,0,0,1,5,.200,.200,4,4,1.000,2,3,5,1,0,0,3,4,6,1.3,Ayanna Dublin,https://www.sports-reference.com/cbb/players/ayanna-dublin-1.html,northeastern,2019-20
20,78,23,2020-02-14,Northeastern,@,William & Mary,REG (Conf),L 64-80,*,34,5,7,.714,0,0,5,7,.714,.714,2,2,1.000,0,5,5,3,2,0,0,0,12,14.7,Ayanna Dublin,https://www.sports-reference.com/cbb/players/ayanna-dublin-1.html,northeastern,2019-20
21,79,24,2020-02-16,Northeastern,@,Elon,REG (Conf),W 69-45,*,25,2,8,.250,0,0,2,8,.250,.250,2,2,1.000,3,3,6,0,0,0,7,4,6,-4.4,Ayanna Dublin,https://www.sports-reference.com/cbb/players/ayanna-dublin-1.html,northeastern,2019-20
22,80,25,2020-02-21,Northeastern,,James Madison,REG (Conf),L 64-86,,14,1,4,.250,0,0,1,4,.250,.250,0,0,,3,1,4,0,0,0,0,2,2,1.2,Ayanna Dublin,https://www.sports-reference.com/cbb/players/ayanna-dublin-1.html,northeastern,2019-20
23,81,26,2020-02-23,Northeastern,,Towson,REG (Conf),W 66-63,*,24,2,5,.400,0,0,2,5,.400,.400,3,4,.750,2,1,3,1,1,0,0,3,7,6.1,Ayanna Dublin,https://www.sports-reference.com/cbb/players/ayanna-dublin-1.html,northeastern,2019-20
24,82,27,2020-02-28,Northeastern,@,UNC Wilmington,REG (Conf),L 48-61,*,33,3,8,.375,0,0,3,8,.375,.375,4,4,1.000,3,4,7,3,1,0,0,2,10,11.2,Ayanna Dublin,https://www.sports-reference.com/cbb/players/ayanna-dublin-1.html,northeastern,2019-20
25,83,28,2020-03-01,Northeastern,@,College of Charleston,REG (Conf),L 61-66 (OT),*,25,0,5,.000,0,0,0,5,.000,.000,3,4,.750,2,4,6,1,0,0,4,5,3,-3.6,Ayanna Dublin,https://www.sports-reference.com/cbb/players/ayanna-dublin-1.html,northeastern,2019-20
26,84,29,2020-03-07,Northeastern,@,Hofstra,REG (Conf),W 62-54,*,22,1,4,.250,0,0,1,4,.250,.250,3,3,1.000,0,4,4,0,1,0,4,0,5,0.8,Ayanna Dublin,https://www.sports-reference.com/cbb/players/ayanna-dublin-1.html,northeastern,2019-20
