ranker,player_game_num_career,team_game_num_season,date,team_name_abbr,game_location,opp_name_abbr,game_type,game_result,is_starter,mp,fg,fga,fg_pct,fg3,fg3a,fg3_pct,fg2,fg2a,fg2_pct,efg_pct,ft,fta,ft_pct,orb,drb,trb,ast,stl,blk,tov,pf,pts,game_score,player_name,player_sr_link,school,season
1,1,1,2019-11-05,Northeastern,,South Dakota,REG (Non-Conf),L 76-80,,6,2,2,1.000,0,0,,2,2,1.000,1.000,0,0,,0,1,1,0,0,0,0,0,4,3.7,Century McCartney,https://www.sports-reference.com/cbb/players/century-mccartney-1.html,northeastern,2019-20
2,2,2,2019-11-11,Northeastern,@,Oregon,REG (Non-Conf),L 47-89,,11,0,1,.000,0,0,,0,1,.000,.000,0,0,,0,2,2,0,0,0,1,0,0,-1.1,Century McCartney,https://www.sports-reference.com/cbb/players/century-mccartney-1.html,northeastern,2019-20
3,3,3,2019-11-16,Northeastern,,Dayton,REG (Non-Conf),L 60-71,,4,0,0,,0,0,,0,0,,,0,0,,0,0,0,0,0,0,0,2,0,-0.8,Century McCartney,https://www.sports-reference.com/cbb/players/century-mccartney-1.html,northeastern,2019-20
4,4,4,2019-11-20,Northeastern,@,Fordham,REG (Non-Conf),L 58-74,,10,0,0,,0,0,,0,0,,,2,2,1.000,0,4,4,0,0,0,2,0,2,1.2,Century McCartney,https://www.sports-reference.com/cbb/players/century-mccartney-1.html,northeastern,2019-20
5,5,5,2019-11-23,Northeastern,,Yale,REG (Non-Conf),L 63-78,,10,1,3,.333,0,0,,1,3,.333,.333,0,0,,0,2,2,0,0,0,0,0,2,0.9,Century McCartney,https://www.sports-reference.com/cbb/players/century-mccartney-1.html,northeastern,2019-20
6,6,6,2019-11-27,Northeastern,@,Central Michigan,REG (Non-Conf),L 63-79,,15,0,1,.000,0,0,,0,1,.000,.000,0,0,,0,2,2,3,0,1,2,1,0,0.3,Century McCartney,https://www.sports-reference.com/cbb/players/century-mccartney-1.html,northeastern,2019-20
7,7,7,2019-11-30,Northeastern,,North Dakota State,REG (Non-Conf),W 72-61,,3,0,0,,0,0,,0,0,,,0,0,,0,1,1,0,0,0,0,0,0,0.3,Century McCartney,https://www.sports-reference.com/cbb/players/century-mccartney-1.html,northeastern,2019-20
8,8,9,2019-12-14,Northeastern,,Hartford,REG (Non-Conf),W 60-47,,10,0,2,.000,0,1,.000,0,1,.000,.000,0,0,,2,3,5,1,0,0,0,2,0,0.8,Century McCartney,https://www.sports-reference.com/cbb/players/century-mccartney-1.html,northeastern,2019-20
9,9,12,2020-01-05,Northeastern,,Hofstra,REG (Conf),W 74-51,,13,3,3,1.000,0,0,,3,3,1.000,1.000,0,0,,1,0,1,1,0,0,1,3,6,4.3,Century McCartney,https://www.sports-reference.com/cbb/players/century-mccartney-1.html,northeastern,2019-20
10,10,14,2020-01-12,Northeastern,@,Delaware,REG (Conf),W 72-62,,5,0,0,,0,0,,0,0,,,0,2,.000,0,2,2,0,0,0,0,1,0,-0.6,Century McCartney,https://www.sports-reference.com/cbb/players/century-mccartney-1.html,northeastern,2019-20
11,11,15,2020-01-17,Northeastern,,Elon,REG (Conf),W 68-65 (OT),,24,0,1,.000,0,0,,0,1,.000,.000,0,0,,2,5,7,0,0,0,2,0,0,0.2,Century McCartney,https://www.sports-reference.com/cbb/players/century-mccartney-1.html,northeastern,2019-20
12,12,16,2020-01-19,Northeastern,,William & Mary,REG (Conf),W 61-55,,26,1,4,.250,0,0,,1,4,.250,.250,5,5,1.000,2,8,10,2,0,0,3,3,7,5.6,Century McCartney,https://www.sports-reference.com/cbb/players/century-mccartney-1.html,northeastern,2019-20
13,13,17,2020-01-24,Northeastern,@,Towson,REG (Conf),L 68-81,,9,0,2,.000,0,0,,0,2,.000,.000,0,0,,0,1,1,0,1,0,1,0,0,-1.1,Century McCartney,https://www.sports-reference.com/cbb/players/century-mccartney-1.html,northeastern,2019-20
14,14,18,2020-01-26,Northeastern,@,James Madison,REG (Conf),L 54-67,,20,3,4,.750,0,0,,3,4,.750,.750,0,0,,1,4,5,1,0,2,1,1,6,7.0,Century McCartney,https://www.sports-reference.com/cbb/players/century-mccartney-1.html,northeastern,2019-20
15,15,19,2020-01-31,Northeastern,,College of Charleston,REG (Conf),W 72-68,,8,0,0,,0,0,,0,0,,,1,2,.500,1,2,3,0,0,0,1,0,1,0.9,Century McCartney,https://www.sports-reference.com/cbb/players/century-mccartney-1.html,northeastern,2019-20
16,16,20,2020-02-02,Northeastern,,UNC Wilmington,REG (Conf),W 63-61,,3,0,0,,0,0,,0,0,,,0,0,,0,1,1,0,0,0,0,2,0,-0.5,Century McCartney,https://www.sports-reference.com/cbb/players/century-mccartney-1.html,northeastern,2019-20
17,17,21,2020-02-07,Northeastern,,Delaware,REG (Conf),L 69-81,,6,1,2,.500,0,0,,1,2,.500,.500,1,1,1.000,1,0,1,1,0,0,0,2,3,2.6,Century McCartney,https://www.sports-reference.com/cbb/players/century-mccartney-1.html,northeastern,2019-20
18,18,22,2020-02-09,Northeastern,,Drexel,REG (Conf),L 51-67,,4,0,0,,0,0,,0,0,,,0,0,,0,1,1,0,0,0,0,1,0,-0.1,Century McCartney,https://www.sports-reference.com/cbb/players/century-mccartney-1.html,northeastern,2019-20
19,19,23,2020-02-14,Northeastern,@,William & Mary,REG (Conf),L 64-80,,2,0,0,,0,0,,0,0,,,0,0,,0,0,0,0,0,0,0,1,0,-0.4,Century McCartney,https://www.sports-reference.com/cbb/players/century-mccartney-1.html,northeastern,2019-20
20,20,24,2020-02-16,Northeastern,@,Elon,REG (Conf),W 69-45,,4,0,0,,0,0,,0,0,,,0,0,,0,0,0,0,0,0,1,0,0,-1.0,Century McCartney,https://www.sports-reference.com/cbb/players/century-mccartney-1.html,northeastern,2019-20
21,21,25,2020-02-21,Northeastern,,James Madison,REG (Conf),L 64-86,,13,0,1,.000,0,1,.000,0,0,,.000,1,2,.500,1,4,5,0,2,1,1,2,1,2.7,Century McCartney,https://www.sports-reference.com/cbb/players/century-mccartney-1.html,northeastern,2019-20
