ranker,player_game_num_career,team_game_num_season,date,team_name_abbr,game_location,opp_name_abbr,game_type,game_result,is_starter,mp,fg,fga,fg_pct,fg3,fg3a,fg3_pct,fg2,fg2a,fg2_pct,efg_pct,ft,fta,ft_pct,orb,drb,trb,ast,stl,blk,tov,pf,pts,game_score,player_name,player_sr_link,school,season
1,30,1,2019-11-05,Northeastern,,South Dakota,REG (Non-Conf),L 76-80,,22,0,2,.000,0,1,.000,0,1,.000,.000,0,0,,0,0,0,1,0,1,1,4,0,-2.6,Katie May,https://www.sports-reference.com/cbb/players/katie-may-1.html,northeastern,2019-20
2,31,2,2019-11-11,Northeastern,@,Oregon,REG (Non-Conf),L 47-89,,14,1,1,1.000,0,0,,1,1,1.000,1.000,0,0,,0,1,1,2,0,0,1,2,2,1.6,Katie May,https://www.sports-reference.com/cbb/players/katie-may-1.html,northeastern,2019-20
3,32,3,2019-11-16,Northeastern,,Dayton,REG (Non-Conf),L 60-71,*,26,1,6,.167,1,3,.333,0,3,.000,.250,2,2,1.000,3,3,6,0,0,0,1,2,5,2.4,Katie May,https://www.sports-reference.com/cbb/players/katie-may-1.html,northeastern,2019-20
4,33,4,2019-11-20,Northeastern,@,Fordham,REG (Non-Conf),L 58-74,*,26,4,8,.500,3,6,.500,1,2,.500,.688,2,2,1.000,1,1,2,2,2,0,0,3,13,12.2,Katie May,https://www.sports-reference.com/cbb/players/katie-may-1.html,northeastern,2019-20
5,34,5,2019-11-23,Northeastern,,Yale,REG (Non-Conf),L 63-78,*,18,0,3,.000,0,2,.000,0,1,.000,.000,0,2,.000,0,3,3,3,0,1,2,0,0,-1.2,Katie May,https://www.sports-reference.com/cbb/players/katie-may-1.html,northeastern,2019-20
6,35,6,2019-11-27,Northeastern,@,Central Michigan,REG (Non-Conf),L 63-79,*,23,1,6,.167,0,2,.000,1,4,.250,.167,0,0,,1,1,2,0,0,1,0,2,2,-0.9,Katie May,https://www.sports-reference.com/cbb/players/katie-may-1.html,northeastern,2019-20
7,36,7,2019-11-30,Northeastern,,North Dakota State,REG (Non-Conf),W 72-61,*,33,0,5,.000,0,3,.000,0,2,.000,.000,0,0,,0,3,3,0,1,0,1,2,0,-3.4,Katie May,https://www.sports-reference.com/cbb/players/katie-may-1.html,northeastern,2019-20
8,37,8,2019-12-04,Northeastern,@,Harvard,REG (Non-Conf),W 46-44,*,27,0,3,.000,0,2,.000,0,1,.000,.000,0,0,,1,3,4,0,2,0,2,1,0,-0.9,Katie May,https://www.sports-reference.com/cbb/players/katie-may-1.html,northeastern,2019-20
9,38,9,2019-12-14,Northeastern,,Hartford,REG (Non-Conf),W 60-47,*,18,0,1,.000,0,1,.000,0,0,,.000,0,0,,0,4,4,1,1,0,1,0,0,1.2,Katie May,https://www.sports-reference.com/cbb/players/katie-may-1.html,northeastern,2019-20
10,39,10,2019-12-21,Northeastern,@,Maine,REG (Non-Conf),W 66-58,*,27,1,2,.500,0,1,.000,1,1,1.000,.500,0,0,,0,4,4,0,2,1,0,4,2,3.3,Katie May,https://www.sports-reference.com/cbb/players/katie-may-1.html,northeastern,2019-20
11,40,11,2019-12-29,Northeastern,@,Boston University,REG (Non-Conf),L 56-72,*,18,1,4,.250,0,2,.000,1,2,.500,.250,0,0,,0,2,2,2,0,0,1,3,2,-0.6,Katie May,https://www.sports-reference.com/cbb/players/katie-may-1.html,northeastern,2019-20
12,41,12,2020-01-05,Northeastern,,Hofstra,REG (Conf),W 74-51,*,16,1,2,.500,1,2,.500,0,0,,.750,0,0,,0,1,1,2,0,0,0,0,3,3.7,Katie May,https://www.sports-reference.com/cbb/players/katie-may-1.html,northeastern,2019-20
13,42,13,2020-01-10,Northeastern,@,Drexel,REG (Conf),L 41-50,*,32,1,5,.200,1,4,.250,0,1,.000,.300,0,0,,1,6,7,0,1,1,3,3,3,-0.1,Katie May,https://www.sports-reference.com/cbb/players/katie-may-1.html,northeastern,2019-20
14,43,14,2020-01-12,Northeastern,@,Delaware,REG (Conf),W 72-62,*,32,1,3,.333,1,2,.500,0,1,.000,.500,0,0,,0,5,5,2,1,0,3,3,3,1.0,Katie May,https://www.sports-reference.com/cbb/players/katie-may-1.html,northeastern,2019-20
15,44,15,2020-01-17,Northeastern,,Elon,REG (Conf),W 68-65 (OT),*,28,1,3,.333,1,2,.500,0,1,.000,.500,0,0,,0,3,3,3,0,1,3,1,3,1.6,Katie May,https://www.sports-reference.com/cbb/players/katie-may-1.html,northeastern,2019-20
16,45,16,2020-01-19,Northeastern,,William & Mary,REG (Conf),W 61-55,*,29,1,4,.250,1,4,.250,0,0,,.375,0,0,,0,2,2,3,1,0,0,0,3,4.3,Katie May,https://www.sports-reference.com/cbb/players/katie-may-1.html,northeastern,2019-20
17,46,17,2020-01-24,Northeastern,@,Towson,REG (Conf),L 68-81,*,26,3,8,.375,1,4,.250,2,4,.500,.438,0,0,,1,4,5,2,0,0,0,1,7,5.5,Katie May,https://www.sports-reference.com/cbb/players/katie-may-1.html,northeastern,2019-20
18,47,18,2020-01-26,Northeastern,@,James Madison,REG (Conf),L 54-67,*,31,1,2,.500,0,0,,1,2,.500,.500,0,0,,0,1,1,1,0,1,1,3,2,0.5,Katie May,https://www.sports-reference.com/cbb/players/katie-may-1.html,northeastern,2019-20
19,48,19,2020-01-31,Northeastern,,College of Charleston,REG (Conf),W 72-68,*,31,1,4,.250,0,3,.000,1,1,1.000,.250,1,2,.500,0,2,2,1,0,0,2,1,3,-0.9,Katie May,https://www.sports-reference.com/cbb/players/katie-may-1.html,northeastern,2019-20
20,49,20,2020-02-02,Northeastern,,UNC Wilmington,REG (Conf),W 63-61,*,32,3,6,.500,1,3,.333,2,3,.667,.583,3,4,.750,1,2,3,2,0,1,2,4,10,6.4,Katie May,https://www.sports-reference.com/cbb/players/katie-may-1.html,northeastern,2019-20
21,50,21,2020-02-07,Northeastern,,Delaware,REG (Conf),L 69-81,*,25,2,4,.500,2,4,.500,0,0,,.750,0,0,,1,1,2,1,1,0,0,2,6,5.9,Katie May,https://www.sports-reference.com/cbb/players/katie-may-1.html,northeastern,2019-20
22,51,22,2020-02-09,Northeastern,,Drexel,REG (Conf),L 51-67,*,24,1,4,.250,0,3,.000,1,1,1.000,.250,2,2,1.000,0,3,3,1,0,0,1,0,4,2.2,Katie May,https://www.sports-reference.com/cbb/players/katie-may-1.html,northeastern,2019-20
23,52,23,2020-02-14,Northeastern,@,William & Mary,REG (Conf),L 64-80,*,29,2,4,.500,2,3,.667,0,1,.000,.750,2,2,1.000,0,2,2,2,0,1,3,2,8,4.9,Katie May,https://www.sports-reference.com/cbb/players/katie-may-1.html,northeastern,2019-20
24,53,24,2020-02-16,Northeastern,@,Elon,REG (Conf),W 69-45,*,25,2,2,1.000,1,1,1.000,1,1,1.000,1.250,0,0,,0,3,3,1,1,0,3,2,5,3.2,Katie May,https://www.sports-reference.com/cbb/players/katie-may-1.html,northeastern,2019-20
25,54,25,2020-02-21,Northeastern,,James Madison,REG (Conf),L 64-86,*,22,0,3,.000,0,1,.000,0,2,.000,.000,0,0,,0,2,2,2,1,0,1,1,0,-0.5,Katie May,https://www.sports-reference.com/cbb/players/katie-may-1.html,northeastern,2019-20
26,55,26,2020-02-23,Northeastern,,Towson,REG (Conf),W 66-63,*,37,6,12,.500,3,7,.429,3,5,.600,.625,0,0,,0,2,2,5,1,0,1,1,15,12.7,Katie May,https://www.sports-reference.com/cbb/players/katie-may-1.html,northeastern,2019-20
27,56,27,2020-02-28,Northeastern,@,UNC Wilmington,REG (Conf),L 48-61,*,26,2,4,.500,0,1,.000,2,3,.667,.500,0,0,,0,2,2,0,1,0,1,3,4,1.4,Katie May,https://www.sports-reference.com/cbb/players/katie-may-1.html,northeastern,2019-20
28,57,28,2020-03-01,Northeastern,@,College of Charleston,REG (Conf),L 61-66 (OT),*,34,0,3,.000,0,3,.000,0,0,,.000,0,0,,1,5,6,2,0,2,2,1,0,0.5,Katie May,https://www.sports-reference.com/cbb/players/katie-may-1.html,northeastern,2019-20
29,58,29,2020-03-07,Northeastern,@,Hofstra,REG (Conf),W 62-54,*,38,3,8,.375,3,4,.750,0,4,.000,.563,0,0,,0,3,3,4,2,0,0,2,9,9.5,Katie May,https://www.sports-reference.com/cbb/players/katie-may-1.html,northeastern,2019-20
