ranker,player_game_num_career,team_game_num_season,date,team_name_abbr,game_location,opp_name_abbr,game_type,game_result,is_starter,mp,fg,fga,fg_pct,fg3,fg3a,fg3_pct,fg2,fg2a,fg2_pct,efg_pct,ft,fta,ft_pct,orb,drb,trb,ast,stl,blk,tov,pf,pts,game_score,player_name,player_sr_link,school,season
1,28,1,2019-11-05,Northeastern,,South Dakota,REG (Non-Conf),L 76-80,*,22,7,9,.778,5,6,.833,2,3,.667,1.056,0,0,,0,2,2,0,0,0,1,1,19,14.7,Kendall Currence,https://www.sports-reference.com/cbb/players/kendall-currence-1.html,northeastern,2019-20
2,29,2,2019-11-11,Northeastern,@,Oregon,REG (Non-Conf),L 47-89,*,21,1,4,.250,0,2,.000,1,2,.500,.250,2,2,1.000,1,2,3,0,1,0,2,2,4,1.1,Kendall Currence,https://www.sports-reference.com/cbb/players/kendall-currence-1.html,northeastern,2019-20
3,30,3,2019-11-16,Northeastern,,Dayton,REG (Non-Conf),L 60-71,,22,1,8,.125,0,3,.000,1,5,.200,.125,2,2,1.000,0,3,3,1,0,0,4,2,4,-4.4,Kendall Currence,https://www.sports-reference.com/cbb/players/kendall-currence-1.html,northeastern,2019-20
4,31,4,2019-11-20,Northeastern,@,Fordham,REG (Non-Conf),L 58-74,,25,3,6,.500,0,2,.000,3,4,.750,.500,1,4,.250,2,2,4,2,0,0,1,3,7,4.0,Kendall Currence,https://www.sports-reference.com/cbb/players/kendall-currence-1.html,northeastern,2019-20
5,32,5,2019-11-23,Northeastern,,Yale,REG (Non-Conf),L 63-78,,27,4,8,.500,2,4,.500,2,4,.500,.625,2,3,.667,2,2,4,2,1,0,3,2,12,8.2,Kendall Currence,https://www.sports-reference.com/cbb/players/kendall-currence-1.html,northeastern,2019-20
6,33,6,2019-11-27,Northeastern,@,Central Michigan,REG (Non-Conf),L 63-79,,20,1,6,.167,0,2,.000,1,4,.250,.167,2,2,1.000,0,3,3,0,0,0,0,1,4,0.7,Kendall Currence,https://www.sports-reference.com/cbb/players/kendall-currence-1.html,northeastern,2019-20
7,34,7,2019-11-30,Northeastern,,North Dakota State,REG (Non-Conf),W 72-61,,30,3,10,.300,3,5,.600,0,5,.000,.450,1,4,.250,1,4,5,0,1,0,0,1,10,5.5,Kendall Currence,https://www.sports-reference.com/cbb/players/kendall-currence-1.html,northeastern,2019-20
8,35,8,2019-12-04,Northeastern,@,Harvard,REG (Non-Conf),W 46-44,,23,1,6,.167,0,2,.000,1,4,.250,.167,0,0,,0,0,0,0,1,0,1,0,2,-1.8,Kendall Currence,https://www.sports-reference.com/cbb/players/kendall-currence-1.html,northeastern,2019-20
9,36,9,2019-12-14,Northeastern,,Hartford,REG (Non-Conf),W 60-47,,18,2,7,.286,1,4,.250,1,3,.333,.357,2,2,1.000,1,2,3,0,0,0,0,0,7,4.2,Kendall Currence,https://www.sports-reference.com/cbb/players/kendall-currence-1.html,northeastern,2019-20
10,37,10,2019-12-21,Northeastern,@,Maine,REG (Non-Conf),W 66-58,,10,3,4,.750,0,0,,3,4,.750,.750,0,0,,0,1,1,0,0,0,2,1,6,2.3,Kendall Currence,https://www.sports-reference.com/cbb/players/kendall-currence-1.html,northeastern,2019-20
11,38,11,2019-12-29,Northeastern,@,Boston University,REG (Non-Conf),L 56-72,,20,4,6,.667,0,1,.000,4,5,.800,.667,5,5,1.000,1,2,3,1,0,0,0,2,13,11.6,Kendall Currence,https://www.sports-reference.com/cbb/players/kendall-currence-1.html,northeastern,2019-20
12,39,12,2020-01-05,Northeastern,,Hofstra,REG (Conf),W 74-51,*,26,3,7,.429,0,2,.000,3,5,.600,.429,0,0,,0,2,2,2,0,0,2,0,6,2.3,Kendall Currence,https://www.sports-reference.com/cbb/players/kendall-currence-1.html,northeastern,2019-20
13,40,13,2020-01-10,Northeastern,@,Drexel,REG (Conf),L 41-50,,18,3,5,.600,1,3,.333,2,2,1.000,.700,0,0,,2,1,3,0,0,0,3,1,7,3.0,Kendall Currence,https://www.sports-reference.com/cbb/players/kendall-currence-1.html,northeastern,2019-20
14,41,14,2020-01-12,Northeastern,@,Delaware,REG (Conf),W 72-62,,8,0,2,.000,0,1,.000,0,1,.000,.000,1,2,.500,0,1,1,0,0,0,0,1,1,-0.9,Kendall Currence,https://www.sports-reference.com/cbb/players/kendall-currence-1.html,northeastern,2019-20
15,42,15,2020-01-17,Northeastern,,Elon,REG (Conf),W 68-65 (OT),,12,2,4,.500,0,1,.000,2,3,.667,.500,1,3,.333,0,0,0,0,0,0,1,1,5,0.8,Kendall Currence,https://www.sports-reference.com/cbb/players/kendall-currence-1.html,northeastern,2019-20
16,43,16,2020-01-19,Northeastern,,William & Mary,REG (Conf),W 61-55,*,11,0,3,.000,0,2,.000,0,1,.000,.000,0,0,,0,0,0,0,0,0,1,0,0,-3.1,Kendall Currence,https://www.sports-reference.com/cbb/players/kendall-currence-1.html,northeastern,2019-20
17,44,17,2020-01-24,Northeastern,@,Towson,REG (Conf),L 68-81,*,20,3,5,.600,0,1,.000,3,4,.750,.600,6,10,.600,0,1,1,0,0,0,0,0,12,8.4,Kendall Currence,https://www.sports-reference.com/cbb/players/kendall-currence-1.html,northeastern,2019-20
18,45,19,2020-01-31,Northeastern,,College of Charleston,REG (Conf),W 72-68,*,28,4,11,.364,0,3,.000,4,8,.500,.364,4,5,.800,2,6,8,1,0,0,3,1,12,6.0,Kendall Currence,https://www.sports-reference.com/cbb/players/kendall-currence-1.html,northeastern,2019-20
19,46,20,2020-02-02,Northeastern,,UNC Wilmington,REG (Conf),W 63-61,*,38,10,17,.588,3,5,.600,7,12,.583,.676,0,4,.000,1,7,8,3,4,0,2,1,23,20.0,Kendall Currence,https://www.sports-reference.com/cbb/players/kendall-currence-1.html,northeastern,2019-20
20,47,21,2020-02-07,Northeastern,,Delaware,REG (Conf),L 69-81,,28,4,13,.308,0,5,.000,4,8,.500,.308,2,4,.500,1,1,2,0,1,0,0,1,10,3.3,Kendall Currence,https://www.sports-reference.com/cbb/players/kendall-currence-1.html,northeastern,2019-20
21,48,22,2020-02-09,Northeastern,,Drexel,REG (Conf),L 51-67,*,26,4,7,.571,1,3,.333,3,4,.750,.643,1,2,.500,0,1,1,1,0,0,1,4,10,4.7,Kendall Currence,https://www.sports-reference.com/cbb/players/kendall-currence-1.html,northeastern,2019-20
22,49,23,2020-02-14,Northeastern,@,William & Mary,REG (Conf),L 64-80,,19,2,6,.333,0,3,.000,2,3,.667,.333,2,3,.667,0,2,2,1,0,0,1,1,6,2.1,Kendall Currence,https://www.sports-reference.com/cbb/players/kendall-currence-1.html,northeastern,2019-20
23,50,24,2020-02-16,Northeastern,@,Elon,REG (Conf),W 69-45,,27,4,9,.444,0,2,.000,4,7,.571,.444,0,0,,1,3,4,2,1,0,0,1,8,6.9,Kendall Currence,https://www.sports-reference.com/cbb/players/kendall-currence-1.html,northeastern,2019-20
24,51,25,2020-02-21,Northeastern,,James Madison,REG (Conf),L 64-86,,20,7,9,.778,2,4,.500,5,5,1.000,.889,8,10,.800,1,1,2,0,0,0,1,2,24,18.9,Kendall Currence,https://www.sports-reference.com/cbb/players/kendall-currence-1.html,northeastern,2019-20
25,52,26,2020-02-23,Northeastern,,Towson,REG (Conf),W 66-63,,22,4,10,.400,2,4,.500,2,6,.333,.500,2,2,1.000,2,1,3,0,0,0,2,0,12,6.3,Kendall Currence,https://www.sports-reference.com/cbb/players/kendall-currence-1.html,northeastern,2019-20
26,53,27,2020-02-28,Northeastern,@,UNC Wilmington,REG (Conf),L 48-61,,34,3,10,.300,0,2,.000,3,8,.375,.300,4,8,.500,2,2,4,2,1,0,1,3,10,4.8,Kendall Currence,https://www.sports-reference.com/cbb/players/kendall-currence-1.html,northeastern,2019-20
27,54,28,2020-03-01,Northeastern,@,College of Charleston,REG (Conf),L 61-66 (OT),,28,2,8,.250,0,3,.000,2,5,.400,.250,1,2,.500,1,1,2,0,0,0,1,0,5,-0.2,Kendall Currence,https://www.sports-reference.com/cbb/players/kendall-currence-1.html,northeastern,2019-20
28,55,29,2020-03-07,Northeastern,@,Hofstra,REG (Conf),W 62-54,,5,1,1,1.000,0,0,,1,1,1.000,1.000,1,1,1.000,0,0,0,1,0,0,0,0,3,3.4,Kendall Currence,https://www.sports-reference.com/cbb/players/kendall-currence-1.html,northeastern,2019-20
