ranker,player_game_num_career,team_game_num_season,date,team_name_abbr,game_location,opp_name_abbr,game_type,game_result,is_starter,mp,fg,fga,fg_pct,fg3,fg3a,fg3_pct,fg2,fg2a,fg2_pct,efg_pct,ft,fta,ft_pct,orb,drb,trb,ast,stl,blk,tov,pf,pts,game_score,player_name,player_sr_link,school,season
1,1,1,2019-11-05,Northeastern,,South Dakota,REG (Non-Conf),L 76-80,,8,1,5,.200,0,3,.000,1,2,.500,.200,0,0,,1,0,1,2,2,0,0,2,2,2.2,Mossi Staples,https://www.sports-reference.com/cbb/players/mossi-staples-1.html,northeastern,2019-20
2,2,2,2019-11-11,Northeastern,@,Oregon,REG (Non-Conf),L 47-89,,9,0,5,.000,0,1,.000,0,4,.000,.000,0,0,,0,1,1,0,0,0,1,2,0,-5.0,Mossi Staples,https://www.sports-reference.com/cbb/players/mossi-staples-1.html,northeastern,2019-20
3,3,3,2019-11-16,Northeastern,,Dayton,REG (Non-Conf),L 60-71,,6,0,1,.000,0,0,,0,1,.000,.000,0,0,,1,1,2,0,0,0,2,2,0,-2.5,Mossi Staples,https://www.sports-reference.com/cbb/players/mossi-staples-1.html,northeastern,2019-20
4,4,4,2019-11-20,Northeastern,@,Fordham,REG (Non-Conf),L 58-74,,8,0,0,,0,0,,0,0,,,0,0,,0,0,0,0,0,0,1,1,0,-1.4,Mossi Staples,https://www.sports-reference.com/cbb/players/mossi-staples-1.html,northeastern,2019-20
5,5,5,2019-11-23,Northeastern,,Yale,REG (Non-Conf),L 63-78,,9,0,1,.000,0,0,,0,1,.000,.000,2,2,1.000,0,2,2,1,3,0,0,2,2,4.8,Mossi Staples,https://www.sports-reference.com/cbb/players/mossi-staples-1.html,northeastern,2019-20
6,6,6,2019-11-27,Northeastern,@,Central Michigan,REG (Non-Conf),L 63-79,,8,1,1,1.000,1,1,1.000,0,0,,1.500,0,2,.000,0,2,2,0,1,0,2,2,3,0.7,Mossi Staples,https://www.sports-reference.com/cbb/players/mossi-staples-1.html,northeastern,2019-20
7,7,9,2019-12-14,Northeastern,,Hartford,REG (Non-Conf),W 60-47,,13,2,4,.500,0,1,.000,2,3,.667,.500,1,5,.200,1,3,4,0,2,0,2,0,5,3.0,Mossi Staples,https://www.sports-reference.com/cbb/players/mossi-staples-1.html,northeastern,2019-20
8,8,10,2019-12-21,Northeastern,@,Maine,REG (Non-Conf),W 66-58,,9,1,1,1.000,0,0,,1,1,1.000,1.000,0,0,,0,1,1,0,0,0,1,1,2,0.6,Mossi Staples,https://www.sports-reference.com/cbb/players/mossi-staples-1.html,northeastern,2019-20
9,9,11,2019-12-29,Northeastern,@,Boston University,REG (Non-Conf),L 56-72,,6,2,3,.667,0,1,.000,2,2,1.000,.667,1,2,.500,0,0,0,0,0,0,1,1,5,1.9,Mossi Staples,https://www.sports-reference.com/cbb/players/mossi-staples-1.html,northeastern,2019-20
10,10,12,2020-01-05,Northeastern,,Hofstra,REG (Conf),W 74-51,,15,3,4,.750,0,1,.000,3,3,1.000,.750,1,1,1.000,0,2,2,2,1,0,2,0,7,6.4,Mossi Staples,https://www.sports-reference.com/cbb/players/mossi-staples-1.html,northeastern,2019-20
11,11,13,2020-01-10,Northeastern,@,Drexel,REG (Conf),L 41-50,,7,0,4,.000,0,3,.000,0,1,.000,.000,0,0,,1,2,3,2,0,0,2,3,0,-3.3,Mossi Staples,https://www.sports-reference.com/cbb/players/mossi-staples-1.html,northeastern,2019-20
12,12,14,2020-01-12,Northeastern,@,Delaware,REG (Conf),W 72-62,,6,1,1,1.000,0,0,,1,1,1.000,1.000,3,4,.750,0,1,1,0,0,0,3,1,5,1.2,Mossi Staples,https://www.sports-reference.com/cbb/players/mossi-staples-1.html,northeastern,2019-20
13,13,17,2020-01-24,Northeastern,@,Towson,REG (Conf),L 68-81,,17,1,3,.333,1,2,.500,0,1,.000,.500,4,6,.667,3,3,6,2,1,0,3,1,7,6.5,Mossi Staples,https://www.sports-reference.com/cbb/players/mossi-staples-1.html,northeastern,2019-20
14,14,18,2020-01-26,Northeastern,@,James Madison,REG (Conf),L 54-67,,11,2,6,.333,1,3,.333,1,3,.333,.417,3,4,.750,1,0,1,1,2,0,3,0,8,4.6,Mossi Staples,https://www.sports-reference.com/cbb/players/mossi-staples-1.html,northeastern,2019-20
15,15,19,2020-01-31,Northeastern,,College of Charleston,REG (Conf),W 72-68,,18,0,2,.000,0,0,,0,2,.000,.000,0,0,,0,0,0,1,3,0,1,2,0,0.5,Mossi Staples,https://www.sports-reference.com/cbb/players/mossi-staples-1.html,northeastern,2019-20
16,16,20,2020-02-02,Northeastern,,UNC Wilmington,REG (Conf),W 63-61,,7,0,0,,0,0,,0,0,,,0,0,,0,1,1,0,0,0,1,1,0,-1.1,Mossi Staples,https://www.sports-reference.com/cbb/players/mossi-staples-1.html,northeastern,2019-20
17,17,21,2020-02-07,Northeastern,,Delaware,REG (Conf),L 69-81,,21,4,6,.667,1,2,.500,3,4,.750,.750,1,5,.200,3,1,4,3,2,0,3,4,10,7.7,Mossi Staples,https://www.sports-reference.com/cbb/players/mossi-staples-1.html,northeastern,2019-20
18,18,22,2020-02-09,Northeastern,,Drexel,REG (Conf),L 51-67,,13,1,3,.333,1,3,.333,0,0,,.500,0,0,,0,1,1,0,0,0,2,1,3,-0.8,Mossi Staples,https://www.sports-reference.com/cbb/players/mossi-staples-1.html,northeastern,2019-20
19,19,23,2020-02-14,Northeastern,@,William & Mary,REG (Conf),L 64-80,,13,1,4,.250,1,1,1.000,0,3,.000,.375,0,0,,0,2,2,2,0,0,1,0,3,1.6,Mossi Staples,https://www.sports-reference.com/cbb/players/mossi-staples-1.html,northeastern,2019-20
20,20,24,2020-02-16,Northeastern,@,Elon,REG (Conf),W 69-45,,15,2,4,.500,1,2,.500,1,2,.500,.625,0,0,,1,0,1,3,1,0,2,1,5,4.4,Mossi Staples,https://www.sports-reference.com/cbb/players/mossi-staples-1.html,northeastern,2019-20
21,21,25,2020-02-21,Northeastern,,James Madison,REG (Conf),L 64-86,*,28,2,7,.286,2,4,.500,0,3,.000,.429,0,0,,0,1,1,3,1,0,5,1,6,-0.1,Mossi Staples,https://www.sports-reference.com/cbb/players/mossi-staples-1.html,northeastern,2019-20
22,22,26,2020-02-23,Northeastern,,Towson,REG (Conf),W 66-63,,3,1,2,.500,0,0,,1,2,.500,.500,0,0,,0,0,0,0,1,0,0,0,2,2.0,Mossi Staples,https://www.sports-reference.com/cbb/players/mossi-staples-1.html,northeastern,2019-20
23,23,27,2020-02-28,Northeastern,@,UNC Wilmington,REG (Conf),L 48-61,,26,5,9,.556,0,1,.000,5,8,.625,.556,2,3,.667,0,1,1,1,3,0,5,4,12,4.7,Mossi Staples,https://www.sports-reference.com/cbb/players/mossi-staples-1.html,northeastern,2019-20
24,24,28,2020-03-01,Northeastern,@,College of Charleston,REG (Conf),L 61-66 (OT),,16,0,6,.000,0,3,.000,0,3,.000,.000,2,2,1.000,0,1,1,2,2,0,1,1,2,0.1,Mossi Staples,https://www.sports-reference.com/cbb/players/mossi-staples-1.html,northeastern,2019-20
25,25,29,2020-03-07,Northeastern,@,Hofstra,REG (Conf),W 62-54,,7,0,0,,0,0,,0,0,,,0,0,,0,1,1,0,1,0,2,1,0,-1.1,Mossi Staples,https://www.sports-reference.com/cbb/players/mossi-staples-1.html,northeastern,2019-20
