ranker,player_game_num_career,team_game_num_season,date,team_name_abbr,game_location,opp_name_abbr,game_type,game_result,is_starter,mp,fg,fga,fg_pct,fg3,fg3a,fg2,fg2a,fg2_pct,efg_pct,ft,fta,ft_pct,orb,drb,trb,ast,stl,blk,tov,pf,pts,game_score,player_name,player_sr_link,school,season
1,21,1,2019-11-05,Northeastern,,South Dakota,REG (Non-Conf),L 76-80,,4,0,1,.000,0,0,0,1,.000,.000,0,0,,0,1,1,0,0,0,1,2,0,-2.2,Samantha Michel,https://www.sports-reference.com/cbb/players/samantha-michel-1.html,northeastern,2019-20
2,22,2,2019-11-11,Northeastern,@,Oregon,REG (Non-Conf),L 47-89,,8,1,3,.333,0,0,1,3,.333,.333,0,0,,3,2,5,0,0,0,1,0,2,2.0,Samantha Michel,https://www.sports-reference.com/cbb/players/samantha-michel-1.html,northeastern,2019-20
3,23,8,2019-12-04,Northeastern,@,Harvard,REG (Non-Conf),W 46-44,,12,4,5,.800,0,0,4,5,.800,.800,2,2,1.000,2,3,5,0,0,0,1,2,10,8.6,Samantha Michel,https://www.sports-reference.com/cbb/players/samantha-michel-1.html,northeastern,2019-20
4,24,9,2019-12-14,Northeastern,,Hartford,REG (Non-Conf),W 60-47,,6,2,6,.333,0,0,2,6,.333,.333,0,0,,4,0,4,0,1,0,1,5,4,1.4,Samantha Michel,https://www.sports-reference.com/cbb/players/samantha-michel-1.html,northeastern,2019-20
5,25,10,2019-12-21,Northeastern,@,Maine,REG (Non-Conf),W 66-58,,2,0,1,.000,0,0,0,1,.000,.000,0,0,,1,0,1,0,0,0,0,0,0,0.0,Samantha Michel,https://www.sports-reference.com/cbb/players/samantha-michel-1.html,northeastern,2019-20
