ranker,player_game_num_career,team_game_num_season,date,team_name_abbr,game_location,opp_name_abbr,game_type,game_result,is_starter,mp,fg,fga,fg_pct,fg3,fg3a,fg3_pct,fg2,fg2a,fg2_pct,efg_pct,ft,fta,ft_pct,orb,drb,trb,ast,stl,blk,tov,pf,pts,game_score,player_name,player_sr_link,school,season
1,1,5,2019-11-23,Northeastern,,Yale,REG (Non-Conf),L 63-78,,17,0,1,.000,0,1,.000,0,0,,.000,2,2,1.000,2,2,4,0,1,0,1,1,2,2.9,Sammie Martin,https://www.sports-reference.com/cbb/players/sammie-martin-1.html,northeastern,2019-20
2,2,6,2019-11-27,Northeastern,@,Central Michigan,REG (Non-Conf),L 63-79,,3,0,0,,0,0,,0,0,,,0,0,,0,0,0,0,0,0,0,0,0,0.0,Sammie Martin,https://www.sports-reference.com/cbb/players/sammie-martin-1.html,northeastern,2019-20
3,3,7,2019-11-30,Northeastern,,North Dakota State,REG (Non-Conf),W 72-61,,5,1,1,1.000,0,0,,1,1,1.000,1.000,1,2,.500,1,0,1,0,0,0,1,2,3,1.2,Sammie Martin,https://www.sports-reference.com/cbb/players/sammie-martin-1.html,northeastern,2019-20
4,4,8,2019-12-04,Northeastern,@,Harvard,REG (Non-Conf),W 46-44,,2,0,1,.000,0,1,.000,0,0,,.000,0,0,,0,0,0,0,0,0,1,0,0,-1.7,Sammie Martin,https://www.sports-reference.com/cbb/players/sammie-martin-1.html,northeastern,2019-20
