ranker,player_game_num_career,team_game_num_season,date,team_name_abbr,game_location,opp_name_abbr,game_type,game_result,is_starter,mp,fg,fga,fg_pct,fg3,fg3a,fg3_pct,fg2,fg2a,fg2_pct,efg_pct,ft,fta,ft_pct,orb,drb,trb,ast,stl,blk,tov,pf,pts,game_score,player_name,player_sr_link,school,season
1,57,1,2019-11-05,Northeastern,,South Dakota,REG (Non-Conf),L 76-80,*,32,4,10,.400,2,4,.500,2,6,.333,.500,3,6,.500,1,3,4,8,1,0,5,3,13,8.4,Stella Clark,https://www.sports-reference.com/cbb/players/stella-clark-1.html,northeastern,2019-20
2,58,2,2019-11-11,Northeastern,@,Oregon,REG (Non-Conf),L 47-89,*,31,5,22,.227,2,9,.222,3,13,.231,.273,0,0,,0,3,3,4,1,0,7,3,12,-4.9,Stella Clark,https://www.sports-reference.com/cbb/players/stella-clark-1.html,northeastern,2019-20
3,59,3,2019-11-16,Northeastern,,Dayton,REG (Non-Conf),L 60-71,*,35,5,16,.313,1,5,.200,4,11,.364,.344,6,8,.750,1,5,6,4,5,0,7,3,17,8.8,Stella Clark,https://www.sports-reference.com/cbb/players/stella-clark-1.html,northeastern,2019-20
4,60,4,2019-11-20,Northeastern,@,Fordham,REG (Non-Conf),L 58-74,*,32,2,8,.250,1,3,.333,1,5,.200,.313,2,4,.500,1,1,2,2,0,0,3,4,7,-0.8,Stella Clark,https://www.sports-reference.com/cbb/players/stella-clark-1.html,northeastern,2019-20
5,61,5,2019-11-23,Northeastern,,Yale,REG (Non-Conf),L 63-78,*,27,2,9,.222,1,4,.250,1,5,.200,.278,0,0,,3,1,4,3,1,0,8,3,5,-4.2,Stella Clark,https://www.sports-reference.com/cbb/players/stella-clark-1.html,northeastern,2019-20
6,62,6,2019-11-27,Northeastern,@,Central Michigan,REG (Non-Conf),L 63-79,*,36,9,18,.500,3,8,.375,6,10,.600,.583,0,0,,1,1,2,0,1,0,3,3,21,9.8,Stella Clark,https://www.sports-reference.com/cbb/players/stella-clark-1.html,northeastern,2019-20
7,63,7,2019-11-30,Northeastern,,North Dakota State,REG (Non-Conf),W 72-61,*,40,7,11,.636,4,8,.500,3,3,1.000,.818,6,7,.857,2,6,8,6,2,0,5,3,24,21.9,Stella Clark,https://www.sports-reference.com/cbb/players/stella-clark-1.html,northeastern,2019-20
8,64,8,2019-12-04,Northeastern,@,Harvard,REG (Non-Conf),W 46-44,*,40,5,16,.313,1,8,.125,4,8,.500,.344,0,0,,2,2,4,4,1,1,5,1,11,2.9,Stella Clark,https://www.sports-reference.com/cbb/players/stella-clark-1.html,northeastern,2019-20
9,65,9,2019-12-14,Northeastern,,Hartford,REG (Non-Conf),W 60-47,*,27,5,9,.556,3,5,.600,2,4,.500,.722,4,5,.800,4,2,6,1,1,0,5,3,17,11.2,Stella Clark,https://www.sports-reference.com/cbb/players/stella-clark-1.html,northeastern,2019-20
10,66,10,2019-12-21,Northeastern,@,Maine,REG (Non-Conf),W 66-58,*,36,4,13,.308,0,3,.000,4,10,.400,.308,5,7,.714,3,4,7,3,4,0,3,2,13,10.3,Stella Clark,https://www.sports-reference.com/cbb/players/stella-clark-1.html,northeastern,2019-20
11,67,11,2019-12-29,Northeastern,@,Boston University,REG (Non-Conf),L 56-72,*,30,1,10,.100,1,5,.200,0,5,.000,.150,0,0,,0,1,1,2,2,0,2,5,3,-3.9,Stella Clark,https://www.sports-reference.com/cbb/players/stella-clark-1.html,northeastern,2019-20
12,68,12,2020-01-05,Northeastern,,Hofstra,REG (Conf),W 74-51,*,30,6,11,.545,1,3,.333,5,8,.625,.591,0,0,,1,3,4,2,0,0,3,0,13,7.7,Stella Clark,https://www.sports-reference.com/cbb/players/stella-clark-1.html,northeastern,2019-20
13,69,13,2020-01-10,Northeastern,@,Drexel,REG (Conf),L 41-50,*,33,3,13,.231,1,5,.200,2,8,.250,.269,0,4,.000,1,0,1,3,1,0,6,5,7,-6.7,Stella Clark,https://www.sports-reference.com/cbb/players/stella-clark-1.html,northeastern,2019-20
14,70,14,2020-01-12,Northeastern,@,Delaware,REG (Conf),W 72-62,*,37,4,9,.444,1,3,.333,3,6,.500,.500,4,6,.667,2,5,7,5,3,0,4,2,13,12.1,Stella Clark,https://www.sports-reference.com/cbb/players/stella-clark-1.html,northeastern,2019-20
15,71,15,2020-01-17,Northeastern,,Elon,REG (Conf),W 68-65 (OT),*,37,6,12,.500,1,3,.333,5,9,.556,.542,2,2,1.000,0,3,3,2,3,0,4,5,15,8.3,Stella Clark,https://www.sports-reference.com/cbb/players/stella-clark-1.html,northeastern,2019-20
16,72,16,2020-01-19,Northeastern,,William & Mary,REG (Conf),W 61-55,*,40,8,16,.500,2,5,.400,6,11,.545,.563,4,4,1.000,2,1,3,2,1,0,0,2,22,17.3,Stella Clark,https://www.sports-reference.com/cbb/players/stella-clark-1.html,northeastern,2019-20
17,73,17,2020-01-24,Northeastern,@,Towson,REG (Conf),L 68-81,*,34,4,12,.333,2,6,.333,2,6,.333,.417,0,0,,3,6,9,7,0,0,6,3,10,4.8,Stella Clark,https://www.sports-reference.com/cbb/players/stella-clark-1.html,northeastern,2019-20
18,74,18,2020-01-26,Northeastern,@,James Madison,REG (Conf),L 54-67,*,40,5,12,.417,3,7,.429,2,5,.400,.542,1,3,.333,1,8,9,4,2,0,3,3,14,10.5,Stella Clark,https://www.sports-reference.com/cbb/players/stella-clark-1.html,northeastern,2019-20
19,75,19,2020-01-31,Northeastern,,College of Charleston,REG (Conf),W 72-68,*,38,6,11,.545,2,4,.500,4,7,.571,.636,5,6,.833,3,4,7,7,1,0,5,3,19,16.3,Stella Clark,https://www.sports-reference.com/cbb/players/stella-clark-1.html,northeastern,2019-20
20,76,20,2020-02-02,Northeastern,,UNC Wilmington,REG (Conf),W 63-61,*,36,2,5,.400,0,3,.000,2,2,1.000,.400,1,2,.500,2,3,5,2,1,0,3,3,5,2.4,Stella Clark,https://www.sports-reference.com/cbb/players/stella-clark-1.html,northeastern,2019-20
21,77,21,2020-02-07,Northeastern,,Delaware,REG (Conf),L 69-81,*,36,2,10,.200,2,7,.286,0,3,.000,.300,1,4,.250,1,4,5,3,0,0,5,2,7,-2.2,Stella Clark,https://www.sports-reference.com/cbb/players/stella-clark-1.html,northeastern,2019-20
22,78,22,2020-02-09,Northeastern,,Drexel,REG (Conf),L 51-67,*,36,3,8,.375,2,3,.667,1,5,.200,.500,0,0,,0,2,2,5,0,0,2,3,8,4.5,Stella Clark,https://www.sports-reference.com/cbb/players/stella-clark-1.html,northeastern,2019-20
23,79,23,2020-02-14,Northeastern,@,William & Mary,REG (Conf),L 64-80,*,37,3,7,.429,0,0,,3,7,.429,.429,0,0,,1,7,8,4,5,0,9,3,6,2.7,Stella Clark,https://www.sports-reference.com/cbb/players/stella-clark-1.html,northeastern,2019-20
24,80,24,2020-02-16,Northeastern,@,Elon,REG (Conf),W 69-45,*,30,1,5,.200,0,1,.000,1,4,.250,.200,2,2,1.000,1,4,5,2,1,0,4,4,4,-0.4,Stella Clark,https://www.sports-reference.com/cbb/players/stella-clark-1.html,northeastern,2019-20
25,81,25,2020-02-21,Northeastern,,James Madison,REG (Conf),L 64-86,*,26,2,7,.286,1,4,.250,1,3,.333,.357,0,0,,0,3,3,6,1,0,2,2,5,4.2,Stella Clark,https://www.sports-reference.com/cbb/players/stella-clark-1.html,northeastern,2019-20
26,82,26,2020-02-23,Northeastern,,Towson,REG (Conf),W 66-63,*,37,2,6,.333,1,4,.250,1,2,.500,.417,6,8,.750,1,8,9,3,2,0,2,1,11,11.6,Stella Clark,https://www.sports-reference.com/cbb/players/stella-clark-1.html,northeastern,2019-20
27,83,27,2020-02-28,Northeastern,@,UNC Wilmington,REG (Conf),L 48-61,*,18,0,4,.000,0,2,.000,0,2,.000,.000,0,0,,2,0,2,1,1,0,2,3,0,-2.9,Stella Clark,https://www.sports-reference.com/cbb/players/stella-clark-1.html,northeastern,2019-20
28,84,28,2020-03-01,Northeastern,@,College of Charleston,REG (Conf),L 61-66 (OT),*,41,0,3,.000,0,2,.000,0,1,.000,.000,4,8,.500,0,6,6,3,0,0,6,2,4,-2.6,Stella Clark,https://www.sports-reference.com/cbb/players/stella-clark-1.html,northeastern,2019-20
29,85,29,2020-03-07,Northeastern,@,Hofstra,REG (Conf),W 62-54,*,40,4,10,.400,4,8,.500,0,2,.000,.600,0,0,,0,4,4,7,4,0,2,1,12,14.3,Stella Clark,https://www.sports-reference.com/cbb/players/stella-clark-1.html,northeastern,2019-20
