ranker,player_game_num_career,team_game_num_season,date,team_name_abbr,game_location,opp_name_abbr,game_type,game_result,is_starter,mp,fg,fga,fg_pct,fg3,fg3a,fg3_pct,fg2,fg2a,fg2_pct,efg_pct,ft,fta,ft_pct,orb,drb,trb,ast,stl,blk,tov,pf,pts,game_score,player_name,player_sr_link,school,season
1,21,7,2018-11-30,Long Beach State,@,Montana State,REG (Non-Conf),L 62-85,,22,1,3,.333,0,0,,1,3,.333,.333,0,0,,1,1,2,0,2,0,1,4,2,0.7,Bria Rice,https://www.sports-reference.com/cbb/players/bria-rice-1.html,long-beach-state,2018-19
2,22,8,2018-12-02,Long Beach State,@,Oregon,REG (Non-Conf),L 48-110,,14,0,0,,0,0,,0,0,,,0,0,,0,1,1,1,2,1,0,3,0,2.5,Bria Rice,https://www.sports-reference.com/cbb/players/bria-rice-1.html,long-beach-state,2018-19
3,23,9,2018-12-06,Long Beach State,,San Diego,REG (Non-Conf),L 56-60,,6,0,2,.000,0,0,,0,2,.000,.000,0,0,,1,0,1,1,0,0,0,1,0,-0.4,Bria Rice,https://www.sports-reference.com/cbb/players/bria-rice-1.html,long-beach-state,2018-19
4,24,10,2018-12-09,Long Beach State,,Arizona,REG (Non-Conf),L 43-70,,14,0,1,.000,0,1,.000,0,0,,.000,0,2,.000,1,1,2,1,1,0,1,2,0,-0.6,Bria Rice,https://www.sports-reference.com/cbb/players/bria-rice-1.html,long-beach-state,2018-19
5,25,11,2018-12-14,Long Beach State,@,Loyola Marymount,REG (Non-Conf),L 62-71,,14,0,1,.000,0,1,.000,0,0,,.000,0,0,,1,1,2,0,0,0,0,0,0,0.3,Bria Rice,https://www.sports-reference.com/cbb/players/bria-rice-1.html,long-beach-state,2018-19
6,26,12,2018-12-16,Long Beach State,,Grand Canyon,REG (Non-Conf),W 57-50,*,14,0,1,.000,0,1,.000,0,0,,.000,0,2,.000,1,0,1,1,1,1,1,1,0,0.2,Bria Rice,https://www.sports-reference.com/cbb/players/bria-rice-1.html,long-beach-state,2018-19
7,27,13,2018-12-22,Long Beach State,@,Utah State,REG (Non-Conf),W 50-48,,9,0,0,,0,0,,0,0,,,0,0,,0,0,0,0,1,0,2,0,0,-1.0,Bria Rice,https://www.sports-reference.com/cbb/players/bria-rice-1.html,long-beach-state,2018-19
8,28,14,2019-01-10,Long Beach State,@,UC Riverside,REG (Conf),W 63-45,,8,0,3,.000,0,1,.000,0,2,.000,.000,0,0,,2,1,3,1,0,0,0,0,0,0.3,Bria Rice,https://www.sports-reference.com/cbb/players/bria-rice-1.html,long-beach-state,2018-19
9,29,15,2019-01-17,Long Beach State,,Cal Poly,REG (Conf),W 61-58,,3,0,1,.000,0,1,.000,0,0,,.000,0,0,,1,1,2,0,0,0,1,0,0,-0.7,Bria Rice,https://www.sports-reference.com/cbb/players/bria-rice-1.html,long-beach-state,2018-19
10,30,16,2019-01-19,Long Beach State,@,UC Santa Barbara,REG (Conf),L 54-60,,2,0,0,,0,0,,0,0,,,0,0,,0,0,0,0,0,0,0,0,0,0.0,Bria Rice,https://www.sports-reference.com/cbb/players/bria-rice-1.html,long-beach-state,2018-19
11,31,17,2019-01-24,Long Beach State,,UC Riverside,REG (Conf),L 59-73,,13,2,2,1.000,0,0,,2,2,1.000,1.000,0,0,,1,0,1,3,5,0,1,1,4,9.8,Bria Rice,https://www.sports-reference.com/cbb/players/bria-rice-1.html,long-beach-state,2018-19
12,32,19,2019-01-31,Long Beach State,@,UC Davis,REG (Conf),L 50-70,,20,0,3,.000,0,0,,0,3,.000,.000,0,0,,1,1,2,0,1,0,1,3,0,-2.3,Bria Rice,https://www.sports-reference.com/cbb/players/bria-rice-1.html,long-beach-state,2018-19
13,33,20,2019-02-02,Long Beach State,@,Cal State Fullerton,REG (Conf),W 59-53,*,8,0,1,.000,0,1,.000,0,0,,.000,0,0,,1,3,4,0,0,0,0,2,0,0.1,Bria Rice,https://www.sports-reference.com/cbb/players/bria-rice-1.html,long-beach-state,2018-19
14,34,27,2019-02-28,Long Beach State,,UC Davis,REG (Conf),L 49-66,,4,0,0,,0,0,,0,0,,,0,0,,0,0,0,1,0,0,0,0,0,0.7,Bria Rice,https://www.sports-reference.com/cbb/players/bria-rice-1.html,long-beach-state,2018-19
15,35,30,2019-03-12,Long Beach State,@,Cal State Fullerton,CTOURN,W 60-54,,0,0,0,,0,0,,0,0,,,0,0,,0,0,0,0,0,0,0,0,0,0.0,Bria Rice,https://www.sports-reference.com/cbb/players/bria-rice-1.html,long-beach-state,2018-19
16,36,31,2019-03-13,Long Beach State,@,UC Riverside,CTOURN,L 50-67,,4,0,0,,0,0,,0,0,,,0,0,,0,0,0,0,0,0,0,0,0,0.0,Bria Rice,https://www.sports-reference.com/cbb/players/bria-rice-1.html,long-beach-state,2018-19
