ranker,player_game_num_career,team_game_num_season,date,team_name_abbr,game_location,opp_name_abbr,game_type,game_result,is_starter,mp,fg,fga,fg_pct,fg3,fg3a,fg3_pct,fg2,fg2a,fg2_pct,efg_pct,ft,fta,ft_pct,orb,drb,trb,ast,stl,blk,tov,pf,pts,game_score,player_name,player_sr_link,school,season
1,13,13,2018-12-22,Long Beach State,@,Utah State,REG (Non-Conf),W 50-48,*,37,1,4,.250,1,3,.333,0,1,.000,.375,0,0,,1,8,9,0,1,1,2,3,3,2.2,Cydnee Kinslow,https://www.sports-reference.com/cbb/players/cydnee-kinslow-1.html,long-beach-state,2018-19
2,14,14,2019-01-10,Long Beach State,@,UC Riverside,REG (Conf),W 63-45,*,31,5,8,.625,4,5,.800,1,3,.333,.875,0,0,,1,3,4,1,1,0,0,2,14,12.9,Cydnee Kinslow,https://www.sports-reference.com/cbb/players/cydnee-kinslow-1.html,long-beach-state,2018-19
3,15,15,2019-01-17,Long Beach State,,Cal Poly,REG (Conf),W 61-58,*,33,2,7,.286,0,3,.000,2,4,.500,.286,2,2,1.000,0,3,3,1,0,1,0,2,6,3.4,Cydnee Kinslow,https://www.sports-reference.com/cbb/players/cydnee-kinslow-1.html,long-beach-state,2018-19
4,16,16,2019-01-19,Long Beach State,@,UC Santa Barbara,REG (Conf),L 54-60,*,36,4,6,.667,4,4,1.000,0,2,.000,1.000,0,0,,2,4,6,1,3,0,2,3,12,12.5,Cydnee Kinslow,https://www.sports-reference.com/cbb/players/cydnee-kinslow-1.html,long-beach-state,2018-19
5,17,17,2019-01-24,Long Beach State,,UC Riverside,REG (Conf),L 59-73,*,23,0,4,.000,0,1,.000,0,3,.000,.000,0,0,,2,0,2,0,1,0,1,3,0,-2.6,Cydnee Kinslow,https://www.sports-reference.com/cbb/players/cydnee-kinslow-1.html,long-beach-state,2018-19
6,18,18,2019-01-26,Long Beach State,,Cal State Northridge,REG (Conf),L 37-51,*,30,1,8,.125,1,6,.167,0,2,.000,.188,0,0,,2,5,7,0,1,0,2,2,3,-1.1,Cydnee Kinslow,https://www.sports-reference.com/cbb/players/cydnee-kinslow-1.html,long-beach-state,2018-19
7,19,19,2019-01-31,Long Beach State,@,UC Davis,REG (Conf),L 50-70,,33,3,7,.429,2,4,.500,1,3,.333,.571,0,0,,3,6,9,3,2,0,2,4,8,8.7,Cydnee Kinslow,https://www.sports-reference.com/cbb/players/cydnee-kinslow-1.html,long-beach-state,2018-19
8,20,20,2019-02-02,Long Beach State,@,Cal State Fullerton,REG (Conf),W 59-53,*,35,0,3,.000,0,2,.000,0,1,.000,.000,5,6,.833,1,6,7,2,4,0,1,3,5,8.2,Cydnee Kinslow,https://www.sports-reference.com/cbb/players/cydnee-kinslow-1.html,long-beach-state,2018-19
9,21,21,2019-02-06,Long Beach State,@,Cal Poly,REG (Conf),L 59-66 (OT),*,35,0,5,.000,0,4,.000,0,1,.000,.000,0,0,,2,2,4,1,0,0,0,3,0,-2.0,Cydnee Kinslow,https://www.sports-reference.com/cbb/players/cydnee-kinslow-1.html,long-beach-state,2018-19
10,22,22,2019-02-09,Long Beach State,,Hawaii,REG (Conf),W 56-40,*,31,1,2,.500,1,1,1.000,0,1,.000,.750,0,0,,1,5,6,0,3,0,0,2,3,6.4,Cydnee Kinslow,https://www.sports-reference.com/cbb/players/cydnee-kinslow-1.html,long-beach-state,2018-19
11,23,23,2019-02-14,Long Beach State,,UC Irvine,REG (Conf),L 46-48,*,37,1,3,.333,1,3,.333,0,0,,.500,0,0,,3,6,9,0,1,0,1,1,3,4.8,Cydnee Kinslow,https://www.sports-reference.com/cbb/players/cydnee-kinslow-1.html,long-beach-state,2018-19
12,24,24,2019-02-16,Long Beach State,@,Hawaii,REG (Conf),L 49-63,*,36,4,4,1.000,1,1,1.000,3,3,1.000,1.125,1,2,.500,4,6,10,0,0,0,1,3,10,10.8,Cydnee Kinslow,https://www.sports-reference.com/cbb/players/cydnee-kinslow-1.html,long-beach-state,2018-19
13,25,25,2019-02-21,Long Beach State,@,Cal State Northridge,REG (Conf),L 45-60,*,28,0,2,.000,0,2,.000,0,0,,.000,0,0,,3,5,8,0,2,0,2,2,0,1.4,Cydnee Kinslow,https://www.sports-reference.com/cbb/players/cydnee-kinslow-1.html,long-beach-state,2018-19
14,26,26,2019-02-23,Long Beach State,,UC Santa Barbara,REG (Conf),W 62-53,*,24,0,2,.000,0,2,.000,0,0,,.000,0,0,,1,5,6,1,3,0,2,0,0,2.5,Cydnee Kinslow,https://www.sports-reference.com/cbb/players/cydnee-kinslow-1.html,long-beach-state,2018-19
15,27,27,2019-02-28,Long Beach State,,UC Davis,REG (Conf),L 49-66,*,32,0,3,.000,0,2,.000,0,1,.000,.000,0,0,,0,8,8,2,1,1,1,3,0,1.2,Cydnee Kinslow,https://www.sports-reference.com/cbb/players/cydnee-kinslow-1.html,long-beach-state,2018-19
16,28,28,2019-03-07,Long Beach State,,Cal State Fullerton,REG (Conf),L 47-50,*,29,2,8,.250,0,4,.000,2,4,.500,.250,0,0,,2,7,9,1,0,0,0,3,4,2.2,Cydnee Kinslow,https://www.sports-reference.com/cbb/players/cydnee-kinslow-1.html,long-beach-state,2018-19
17,29,29,2019-03-09,Long Beach State,@,UC Irvine,REG (Conf),L 60-65,*,26,1,3,.333,0,1,.000,1,2,.500,.333,0,0,,2,4,6,1,1,0,3,2,2,0.8,Cydnee Kinslow,https://www.sports-reference.com/cbb/players/cydnee-kinslow-1.html,long-beach-state,2018-19
18,30,30,2019-03-12,Long Beach State,@,Cal State Fullerton,CTOURN,W 60-54,*,19,0,1,.000,0,0,,0,1,.000,.000,1,2,.500,3,5,8,0,0,0,1,4,1,0.9,Cydnee Kinslow,https://www.sports-reference.com/cbb/players/cydnee-kinslow-1.html,long-beach-state,2018-19
19,31,31,2019-03-13,Long Beach State,@,UC Riverside,CTOURN,L 50-67,*,14,0,0,,0,0,,0,0,,,0,0,,0,1,1,0,0,0,0,1,0,-0.1,Cydnee Kinslow,https://www.sports-reference.com/cbb/players/cydnee-kinslow-1.html,long-beach-state,2018-19
