ranker,player_game_num_career,team_game_num_season,date,team_name_abbr,game_location,opp_name_abbr,game_type,game_result,is_starter,mp,fg,fga,fg_pct,fg3,fg3a,fg3_pct,fg2,fg2a,fg2_pct,efg_pct,ft,fta,ft_pct,orb,drb,trb,ast,stl,blk,tov,pf,pts,game_score,player_name,player_sr_link,school,season
1,1,1,2018-11-09,Long Beach State,,California Baptist,REG (Non-Conf),L 83-85,,26,5,9,.556,3,5,.600,2,4,.500,.722,1,2,.500,2,3,5,0,1,0,1,2,14,10.8,Jasmine Hardy,https://www.sports-reference.com/cbb/players/jasmine-hardy-1.html,long-beach-state,2018-19
2,2,2,2018-11-11,Long Beach State,,Southern California,REG (Non-Conf),L 50-86,,27,3,8,.375,2,7,.286,1,1,1.000,.500,3,4,.750,0,2,2,0,0,0,4,4,11,1.2,Jasmine Hardy,https://www.sports-reference.com/cbb/players/jasmine-hardy-1.html,long-beach-state,2018-19
3,3,3,2018-11-16,Long Beach State,@,Utah,REG (Non-Conf),L 59-82,*,17,2,6,.333,0,1,.000,2,5,.400,.333,0,0,,0,0,0,0,0,0,0,2,4,-0.2,Jasmine Hardy,https://www.sports-reference.com/cbb/players/jasmine-hardy-1.html,long-beach-state,2018-19
4,4,4,2018-11-18,Long Beach State,,Nevada,REG (Non-Conf),L 67-76,*,16,4,6,.667,0,0,,4,6,.667,.667,0,3,.000,2,3,5,0,0,1,3,4,8,2.6,Jasmine Hardy,https://www.sports-reference.com/cbb/players/jasmine-hardy-1.html,long-beach-state,2018-19
5,5,5,2018-11-23,Long Beach State,,Northern Iowa,REG (Non-Conf),L 64-71,,16,1,4,.250,0,0,,1,4,.250,.250,0,0,,0,2,2,0,0,0,3,1,2,-3.2,Jasmine Hardy,https://www.sports-reference.com/cbb/players/jasmine-hardy-1.html,long-beach-state,2018-19
6,6,6,2018-11-24,Long Beach State,,Idaho,REG (Non-Conf),W 70-63,,13,3,6,.500,1,3,.333,2,3,.667,.583,0,0,,1,0,1,0,0,0,1,0,7,3.7,Jasmine Hardy,https://www.sports-reference.com/cbb/players/jasmine-hardy-1.html,long-beach-state,2018-19
7,7,7,2018-11-30,Long Beach State,@,Montana State,REG (Non-Conf),L 62-85,,15,1,5,.200,1,2,.500,0,3,.000,.300,0,0,,1,0,1,0,0,0,2,3,3,-2.6,Jasmine Hardy,https://www.sports-reference.com/cbb/players/jasmine-hardy-1.html,long-beach-state,2018-19
8,8,8,2018-12-02,Long Beach State,@,Oregon,REG (Non-Conf),L 48-110,*,27,2,11,.182,0,5,.000,2,6,.333,.182,0,0,,3,5,8,1,1,0,2,1,4,0.0,Jasmine Hardy,https://www.sports-reference.com/cbb/players/jasmine-hardy-1.html,long-beach-state,2018-19
9,9,9,2018-12-06,Long Beach State,,San Diego,REG (Non-Conf),L 56-60,,19,1,3,.333,0,1,.000,1,2,.500,.333,3,4,.750,0,4,4,0,0,0,1,1,5,2.7,Jasmine Hardy,https://www.sports-reference.com/cbb/players/jasmine-hardy-1.html,long-beach-state,2018-19
10,10,10,2018-12-09,Long Beach State,,Arizona,REG (Non-Conf),L 43-70,,25,6,12,.500,1,3,.333,5,9,.556,.542,2,4,.500,1,6,7,0,1,0,2,1,15,9.3,Jasmine Hardy,https://www.sports-reference.com/cbb/players/jasmine-hardy-1.html,long-beach-state,2018-19
11,11,11,2018-12-14,Long Beach State,@,Loyola Marymount,REG (Non-Conf),L 62-71,,26,3,8,.375,2,4,.500,1,4,.250,.500,0,0,,0,1,1,2,1,1,1,2,8,5.2,Jasmine Hardy,https://www.sports-reference.com/cbb/players/jasmine-hardy-1.html,long-beach-state,2018-19
12,12,12,2018-12-16,Long Beach State,,Grand Canyon,REG (Non-Conf),W 57-50,,22,4,7,.571,2,4,.500,2,3,.667,.714,1,2,.500,0,1,1,1,2,0,1,1,11,8.9,Jasmine Hardy,https://www.sports-reference.com/cbb/players/jasmine-hardy-1.html,long-beach-state,2018-19
13,13,13,2018-12-22,Long Beach State,@,Utah State,REG (Non-Conf),W 50-48,,19,1,4,.250,0,2,.000,1,2,.500,.250,1,1,1.000,0,1,1,0,0,0,1,3,3,-1.3,Jasmine Hardy,https://www.sports-reference.com/cbb/players/jasmine-hardy-1.html,long-beach-state,2018-19
14,14,14,2019-01-10,Long Beach State,@,UC Riverside,REG (Conf),W 63-45,,28,2,7,.286,0,3,.000,2,4,.500,.286,4,4,1.000,5,5,10,1,2,0,4,0,8,7.6,Jasmine Hardy,https://www.sports-reference.com/cbb/players/jasmine-hardy-1.html,long-beach-state,2018-19
15,15,15,2019-01-17,Long Beach State,,Cal Poly,REG (Conf),W 61-58,,25,4,8,.500,2,4,.500,2,4,.500,.625,2,2,1.000,2,2,4,0,1,0,0,1,12,10.6,Jasmine Hardy,https://www.sports-reference.com/cbb/players/jasmine-hardy-1.html,long-beach-state,2018-19
16,16,16,2019-01-19,Long Beach State,@,UC Santa Barbara,REG (Conf),L 54-60,,19,3,7,.429,2,5,.400,1,2,.500,.571,4,8,.500,1,3,4,0,0,0,2,3,12,5.1,Jasmine Hardy,https://www.sports-reference.com/cbb/players/jasmine-hardy-1.html,long-beach-state,2018-19
17,17,17,2019-01-24,Long Beach State,,UC Riverside,REG (Conf),L 59-73,,18,2,9,.222,2,4,.500,0,5,.000,.333,1,2,.500,3,1,4,0,2,1,1,3,7,4.0,Jasmine Hardy,https://www.sports-reference.com/cbb/players/jasmine-hardy-1.html,long-beach-state,2018-19
18,18,18,2019-01-26,Long Beach State,,Cal State Northridge,REG (Conf),L 37-51,,22,1,9,.111,0,4,.000,1,5,.200,.111,1,1,1.000,0,5,5,0,0,0,0,2,3,-2.2,Jasmine Hardy,https://www.sports-reference.com/cbb/players/jasmine-hardy-1.html,long-beach-state,2018-19
19,19,19,2019-01-31,Long Beach State,@,UC Davis,REG (Conf),L 50-70,*,14,3,7,.429,2,2,1.000,1,5,.200,.571,0,0,,0,2,2,0,0,0,1,3,8,2.7,Jasmine Hardy,https://www.sports-reference.com/cbb/players/jasmine-hardy-1.html,long-beach-state,2018-19
20,20,20,2019-02-02,Long Beach State,@,Cal State Fullerton,REG (Conf),W 59-53,,15,3,4,.750,1,1,1.000,2,3,.667,.875,0,0,,0,4,4,1,0,0,0,1,7,6.9,Jasmine Hardy,https://www.sports-reference.com/cbb/players/jasmine-hardy-1.html,long-beach-state,2018-19
21,21,21,2019-02-06,Long Beach State,@,Cal Poly,REG (Conf),L 59-66 (OT),,12,3,5,.600,0,2,.000,3,3,1.000,.600,1,1,1.000,0,1,1,1,0,0,0,2,7,4.9,Jasmine Hardy,https://www.sports-reference.com/cbb/players/jasmine-hardy-1.html,long-beach-state,2018-19
22,22,22,2019-02-09,Long Beach State,,Hawaii,REG (Conf),W 56-40,,14,0,0,,0,0,,0,0,,,0,0,,0,3,3,0,0,0,2,1,0,-1.5,Jasmine Hardy,https://www.sports-reference.com/cbb/players/jasmine-hardy-1.html,long-beach-state,2018-19
23,23,23,2019-02-14,Long Beach State,,UC Irvine,REG (Conf),L 46-48,,18,2,7,.286,0,3,.000,2,4,.500,.286,0,1,.000,2,1,3,1,0,0,1,3,4,-0.3,Jasmine Hardy,https://www.sports-reference.com/cbb/players/jasmine-hardy-1.html,long-beach-state,2018-19
24,24,24,2019-02-16,Long Beach State,@,Hawaii,REG (Conf),L 49-63,,15,0,2,.000,0,1,.000,0,1,.000,.000,0,0,,1,1,2,0,1,0,2,2,0,-2.2,Jasmine Hardy,https://www.sports-reference.com/cbb/players/jasmine-hardy-1.html,long-beach-state,2018-19
25,25,25,2019-02-21,Long Beach State,@,Cal State Northridge,REG (Conf),L 45-60,,16,2,7,.286,0,2,.000,2,5,.400,.286,0,0,,2,3,5,0,0,0,0,4,4,0.6,Jasmine Hardy,https://www.sports-reference.com/cbb/players/jasmine-hardy-1.html,long-beach-state,2018-19
26,26,26,2019-02-23,Long Beach State,,UC Santa Barbara,REG (Conf),W 62-53,,6,0,1,.000,0,0,,0,1,.000,.000,0,0,,2,0,2,0,0,0,3,1,0,-2.7,Jasmine Hardy,https://www.sports-reference.com/cbb/players/jasmine-hardy-1.html,long-beach-state,2018-19
27,27,28,2019-03-07,Long Beach State,,Cal State Fullerton,REG (Conf),L 47-50,,15,2,3,.667,1,2,.500,1,1,1.000,.833,1,2,.500,0,1,1,0,1,0,0,1,6,5.2,Jasmine Hardy,https://www.sports-reference.com/cbb/players/jasmine-hardy-1.html,long-beach-state,2018-19
28,28,29,2019-03-09,Long Beach State,@,UC Irvine,REG (Conf),L 60-65,,3,0,1,.000,0,1,.000,0,0,,.000,0,0,,0,0,0,1,0,0,0,0,0,0.0,Jasmine Hardy,https://www.sports-reference.com/cbb/players/jasmine-hardy-1.html,long-beach-state,2018-19
29,29,30,2019-03-12,Long Beach State,@,Cal State Fullerton,CTOURN,W 60-54,,7,0,1,.000,0,0,,0,1,.000,.000,0,0,,0,0,0,0,0,0,0,3,0,-1.9,Jasmine Hardy,https://www.sports-reference.com/cbb/players/jasmine-hardy-1.html,long-beach-state,2018-19
30,30,31,2019-03-13,Long Beach State,@,UC Riverside,CTOURN,L 50-67,,22,5,8,.625,2,3,.667,3,5,.600,.750,2,2,1.000,0,1,1,1,0,0,3,1,14,8.0,Jasmine Hardy,https://www.sports-reference.com/cbb/players/jasmine-hardy-1.html,long-beach-state,2018-19
