ranker,player_game_num_career,team_game_num_season,date,team_name_abbr,game_location,opp_name_abbr,game_type,game_result,is_starter,mp,fg,fga,fg_pct,fg3,fg3a,fg3_pct,fg2,fg2a,fg2_pct,efg_pct,ft,fta,ft_pct,orb,drb,trb,ast,stl,blk,tov,pf,pts,game_score,player_name,player_sr_link,school,season
1,1,1,2018-11-09,Long Beach State,,California Baptist,REG (Non-Conf),L 83-85,,13,1,3,.333,0,1,.000,1,2,.500,.333,0,0,,1,1,2,0,2,0,4,2,2,-1.5,Kianna Hamilton-Fisher,https://www.sports-reference.com/cbb/players/kianna-hamilton-fisher-1.html,long-beach-state,2018-19
2,2,2,2018-11-11,Long Beach State,,Southern California,REG (Non-Conf),L 50-86,,21,3,6,.500,0,2,.000,3,4,.750,.500,0,0,,0,2,2,1,3,0,2,4,6,3.7,Kianna Hamilton-Fisher,https://www.sports-reference.com/cbb/players/kianna-hamilton-fisher-1.html,long-beach-state,2018-19
3,3,3,2018-11-16,Long Beach State,@,Utah,REG (Non-Conf),L 59-82,,30,3,6,.500,2,3,.667,1,3,.333,.667,3,4,.750,1,2,3,1,2,0,2,0,11,9.6,Kianna Hamilton-Fisher,https://www.sports-reference.com/cbb/players/kianna-hamilton-fisher-1.html,long-beach-state,2018-19
4,4,4,2018-11-18,Long Beach State,,Nevada,REG (Non-Conf),L 67-76,,28,1,8,.125,0,3,.000,1,5,.200,.125,2,4,.500,1,3,4,0,2,1,1,1,4,0.9,Kianna Hamilton-Fisher,https://www.sports-reference.com/cbb/players/kianna-hamilton-fisher-1.html,long-beach-state,2018-19
5,5,5,2018-11-23,Long Beach State,,Northern Iowa,REG (Non-Conf),L 64-71,,31,2,6,.333,0,0,,2,6,.333,.333,2,2,1.000,1,1,2,4,4,0,2,3,6,7.2,Kianna Hamilton-Fisher,https://www.sports-reference.com/cbb/players/kianna-hamilton-fisher-1.html,long-beach-state,2018-19
6,6,6,2018-11-24,Long Beach State,,Idaho,REG (Non-Conf),W 70-63,,25,3,9,.333,0,1,.000,3,8,.375,.333,0,2,.000,2,3,5,1,2,0,1,4,6,2.5,Kianna Hamilton-Fisher,https://www.sports-reference.com/cbb/players/kianna-hamilton-fisher-1.html,long-beach-state,2018-19
7,7,7,2018-11-30,Long Beach State,@,Montana State,REG (Non-Conf),L 62-85,*,35,3,6,.500,0,1,.000,3,5,.600,.500,3,4,.750,0,1,1,2,4,0,0,4,9,9.7,Kianna Hamilton-Fisher,https://www.sports-reference.com/cbb/players/kianna-hamilton-fisher-1.html,long-beach-state,2018-19
8,8,8,2018-12-02,Long Beach State,@,Oregon,REG (Non-Conf),L 48-110,*,27,2,6,.333,0,3,.000,2,3,.667,.333,1,2,.500,0,1,1,2,0,0,1,1,5,1.5,Kianna Hamilton-Fisher,https://www.sports-reference.com/cbb/players/kianna-hamilton-fisher-1.html,long-beach-state,2018-19
9,9,9,2018-12-06,Long Beach State,,San Diego,REG (Non-Conf),L 56-60,*,35,4,7,.571,0,0,,4,7,.571,.571,2,2,1.000,1,2,3,1,2,0,3,1,10,7.3,Kianna Hamilton-Fisher,https://www.sports-reference.com/cbb/players/kianna-hamilton-fisher-1.html,long-beach-state,2018-19
10,10,10,2018-12-09,Long Beach State,,Arizona,REG (Non-Conf),L 43-70,*,25,1,5,.200,0,1,.000,1,4,.250,.200,0,1,.000,0,2,2,0,0,0,2,2,2,-3.7,Kianna Hamilton-Fisher,https://www.sports-reference.com/cbb/players/kianna-hamilton-fisher-1.html,long-beach-state,2018-19
11,11,11,2018-12-14,Long Beach State,@,Loyola Marymount,REG (Non-Conf),L 62-71,*,19,0,0,,0,0,,0,0,,,0,0,,1,2,3,2,0,0,1,1,0,1.3,Kianna Hamilton-Fisher,https://www.sports-reference.com/cbb/players/kianna-hamilton-fisher-1.html,long-beach-state,2018-19
12,12,12,2018-12-16,Long Beach State,,Grand Canyon,REG (Non-Conf),W 57-50,*,34,2,9,.222,1,2,.500,1,7,.143,.278,0,2,.000,3,3,6,3,4,0,2,1,5,5.4,Kianna Hamilton-Fisher,https://www.sports-reference.com/cbb/players/kianna-hamilton-fisher-1.html,long-beach-state,2018-19
13,13,13,2018-12-22,Long Beach State,@,Utah State,REG (Non-Conf),W 50-48,*,31,2,6,.333,0,1,.000,2,5,.400,.333,2,4,.500,1,8,9,1,1,0,3,1,6,3.2,Kianna Hamilton-Fisher,https://www.sports-reference.com/cbb/players/kianna-hamilton-fisher-1.html,long-beach-state,2018-19
14,14,14,2019-01-10,Long Beach State,@,UC Riverside,REG (Conf),W 63-45,,20,1,3,.333,1,2,.500,0,1,.000,.500,1,2,.500,0,2,2,4,2,0,1,2,4,5.5,Kianna Hamilton-Fisher,https://www.sports-reference.com/cbb/players/kianna-hamilton-fisher-1.html,long-beach-state,2018-19
15,15,15,2019-01-17,Long Beach State,,Cal Poly,REG (Conf),W 61-58,,19,2,7,.286,0,2,.000,2,5,.400,.286,0,0,,1,1,2,1,1,0,0,2,4,1.8,Kianna Hamilton-Fisher,https://www.sports-reference.com/cbb/players/kianna-hamilton-fisher-1.html,long-beach-state,2018-19
16,16,16,2019-01-19,Long Beach State,@,UC Santa Barbara,REG (Conf),L 54-60,,23,1,9,.111,0,3,.000,1,6,.167,.111,0,2,.000,1,1,2,2,0,0,2,5,2,-6.3,Kianna Hamilton-Fisher,https://www.sports-reference.com/cbb/players/kianna-hamilton-fisher-1.html,long-beach-state,2018-19
17,17,17,2019-01-24,Long Beach State,,UC Riverside,REG (Conf),L 59-73,*,20,0,2,.000,0,1,.000,0,1,.000,.000,0,0,,1,1,2,0,0,0,1,3,0,-2.6,Kianna Hamilton-Fisher,https://www.sports-reference.com/cbb/players/kianna-hamilton-fisher-1.html,long-beach-state,2018-19
18,18,18,2019-01-26,Long Beach State,,Cal State Northridge,REG (Conf),L 37-51,*,10,1,1,1.000,0,0,,1,1,1.000,1.000,0,0,,1,1,2,1,0,0,1,1,2,2.0,Kianna Hamilton-Fisher,https://www.sports-reference.com/cbb/players/kianna-hamilton-fisher-1.html,long-beach-state,2018-19
19,19,19,2019-01-31,Long Beach State,@,UC Davis,REG (Conf),L 50-70,*,14,1,2,.500,0,0,,1,2,.500,.500,0,0,,2,1,3,0,1,0,3,0,2,0.7,Kianna Hamilton-Fisher,https://www.sports-reference.com/cbb/players/kianna-hamilton-fisher-1.html,long-beach-state,2018-19
20,20,20,2019-02-02,Long Beach State,@,Cal State Fullerton,REG (Conf),W 59-53,,22,2,4,.500,0,1,.000,2,3,.667,.500,0,0,,3,2,5,1,0,1,0,4,4,4.5,Kianna Hamilton-Fisher,https://www.sports-reference.com/cbb/players/kianna-hamilton-fisher-1.html,long-beach-state,2018-19
21,21,21,2019-02-06,Long Beach State,@,Cal Poly,REG (Conf),L 59-66 (OT),,18,0,2,.000,0,0,,0,2,.000,.000,1,2,.500,1,1,2,1,3,0,0,4,1,2.3,Kianna Hamilton-Fisher,https://www.sports-reference.com/cbb/players/kianna-hamilton-fisher-1.html,long-beach-state,2018-19
22,22,22,2019-02-09,Long Beach State,,Hawaii,REG (Conf),W 56-40,,13,2,4,.500,0,2,.000,2,2,1.000,.500,0,0,,0,2,2,2,0,0,2,3,4,0.8,Kianna Hamilton-Fisher,https://www.sports-reference.com/cbb/players/kianna-hamilton-fisher-1.html,long-beach-state,2018-19
23,23,23,2019-02-14,Long Beach State,,UC Irvine,REG (Conf),L 46-48,,12,1,1,1.000,0,0,,1,1,1.000,1.000,1,2,.500,1,2,3,0,0,0,4,1,3,-0.8,Kianna Hamilton-Fisher,https://www.sports-reference.com/cbb/players/kianna-hamilton-fisher-1.html,long-beach-state,2018-19
24,24,24,2019-02-16,Long Beach State,@,Hawaii,REG (Conf),L 49-63,,33,1,3,.333,0,2,.000,1,1,1.000,.333,4,6,.667,1,3,4,2,3,0,0,3,6,8.3,Kianna Hamilton-Fisher,https://www.sports-reference.com/cbb/players/kianna-hamilton-fisher-1.html,long-beach-state,2018-19
25,25,25,2019-02-21,Long Beach State,@,Cal State Northridge,REG (Conf),L 45-60,,21,1,5,.200,0,1,.000,1,4,.250,.200,4,4,1.000,2,1,3,1,0,0,1,4,6,2.7,Kianna Hamilton-Fisher,https://www.sports-reference.com/cbb/players/kianna-hamilton-fisher-1.html,long-beach-state,2018-19
26,26,26,2019-02-23,Long Beach State,,UC Santa Barbara,REG (Conf),W 62-53,,30,3,7,.429,1,2,.500,2,5,.400,.500,0,0,,2,1,3,3,1,0,2,0,7,6.1,Kianna Hamilton-Fisher,https://www.sports-reference.com/cbb/players/kianna-hamilton-fisher-1.html,long-beach-state,2018-19
27,27,27,2019-02-28,Long Beach State,,UC Davis,REG (Conf),L 49-66,,38,2,8,.250,1,2,.500,1,6,.167,.313,0,0,,1,2,3,2,3,0,3,1,5,2.5,Kianna Hamilton-Fisher,https://www.sports-reference.com/cbb/players/kianna-hamilton-fisher-1.html,long-beach-state,2018-19
28,28,28,2019-03-07,Long Beach State,,Cal State Fullerton,REG (Conf),L 47-50,*,26,1,4,.250,0,0,,1,4,.250,.250,1,2,.500,1,2,3,3,2,0,0,1,3,5.2,Kianna Hamilton-Fisher,https://www.sports-reference.com/cbb/players/kianna-hamilton-fisher-1.html,long-beach-state,2018-19
29,29,29,2019-03-09,Long Beach State,@,UC Irvine,REG (Conf),L 60-65,*,24,2,6,.333,0,2,.000,2,4,.500,.333,0,0,,2,4,6,1,1,1,2,5,4,1.6,Kianna Hamilton-Fisher,https://www.sports-reference.com/cbb/players/kianna-hamilton-fisher-1.html,long-beach-state,2018-19
30,30,30,2019-03-12,Long Beach State,@,Cal State Fullerton,CTOURN,W 60-54,,28,6,7,.857,2,3,.667,4,4,1.000,1.000,2,3,.667,2,4,6,1,1,0,1,0,16,16.4,Kianna Hamilton-Fisher,https://www.sports-reference.com/cbb/players/kianna-hamilton-fisher-1.html,long-beach-state,2018-19
31,31,31,2019-03-13,Long Beach State,@,UC Riverside,CTOURN,L 50-67,,31,1,3,.333,1,1,1.000,0,2,.000,.500,2,2,1.000,0,3,3,0,1,1,3,3,5,1.7,Kianna Hamilton-Fisher,https://www.sports-reference.com/cbb/players/kianna-hamilton-fisher-1.html,long-beach-state,2018-19
