ranker,player_game_num_career,team_game_num_season,date,team_name_abbr,game_location,opp_name_abbr,game_type,game_result,is_starter,mp,fg,fga,fg_pct,fg3,fg3a,fg3_pct,fg2,fg2a,fg2_pct,efg_pct,ft,fta,ft_pct,orb,drb,trb,ast,stl,blk,tov,pf,pts,game_score,player_name,player_sr_link,school,season
1,1,1,2018-11-09,Long Beach State,,California Baptist,REG (Non-Conf),L 83-85,,4,0,0,,0,0,,0,0,,,0,0,,1,0,1,0,0,0,1,3,0,-1.5,Lauren Green,https://www.sports-reference.com/cbb/players/lauren-green-1.html,long-beach-state,2018-19
2,2,2,2018-11-11,Long Beach State,,Southern California,REG (Non-Conf),L 50-86,,4,0,0,,0,0,,0,0,,,0,0,,0,0,0,0,0,0,0,1,0,-0.4,Lauren Green,https://www.sports-reference.com/cbb/players/lauren-green-1.html,long-beach-state,2018-19
3,3,3,2018-11-16,Long Beach State,@,Utah,REG (Non-Conf),L 59-82,,20,1,3,.333,0,0,,1,3,.333,.333,0,0,,0,3,3,1,1,2,2,4,2,0.7,Lauren Green,https://www.sports-reference.com/cbb/players/lauren-green-1.html,long-beach-state,2018-19
4,4,4,2018-11-18,Long Beach State,,Nevada,REG (Non-Conf),L 67-76,,17,0,1,.000,0,0,,0,1,.000,.000,3,4,.750,1,2,3,1,0,0,2,5,3,-0.1,Lauren Green,https://www.sports-reference.com/cbb/players/lauren-green-1.html,long-beach-state,2018-19
5,5,5,2018-11-23,Long Beach State,,Northern Iowa,REG (Non-Conf),L 64-71,*,25,5,6,.833,0,0,,5,6,.833,.833,1,3,.333,6,1,7,1,1,0,1,3,11,12.0,Lauren Green,https://www.sports-reference.com/cbb/players/lauren-green-1.html,long-beach-state,2018-19
6,6,6,2018-11-24,Long Beach State,,Idaho,REG (Non-Conf),W 70-63,*,34,0,6,.000,0,0,,0,6,.000,.000,0,0,,4,8,12,1,1,1,1,3,0,1.2,Lauren Green,https://www.sports-reference.com/cbb/players/lauren-green-1.html,long-beach-state,2018-19
7,7,7,2018-11-30,Long Beach State,@,Montana State,REG (Non-Conf),L 62-85,*,19,1,1,1.000,0,0,,1,1,1.000,1.000,0,2,.000,1,2,3,0,1,0,2,2,2,0.4,Lauren Green,https://www.sports-reference.com/cbb/players/lauren-green-1.html,long-beach-state,2018-19
8,8,8,2018-12-02,Long Beach State,@,Oregon,REG (Non-Conf),L 48-110,*,20,1,4,.250,0,0,,1,4,.250,.250,0,0,,1,2,3,0,0,0,2,2,2,-1.9,Lauren Green,https://www.sports-reference.com/cbb/players/lauren-green-1.html,long-beach-state,2018-19
9,9,9,2018-12-06,Long Beach State,,San Diego,REG (Non-Conf),L 56-60,*,25,2,4,.500,0,0,,2,4,.500,.500,3,4,.750,4,2,6,1,0,1,2,3,7,6.2,Lauren Green,https://www.sports-reference.com/cbb/players/lauren-green-1.html,long-beach-state,2018-19
10,10,10,2018-12-09,Long Beach State,,Arizona,REG (Non-Conf),L 43-70,*,17,0,1,.000,0,0,,0,1,.000,.000,1,2,.500,3,1,4,0,0,0,1,3,1,0.1,Lauren Green,https://www.sports-reference.com/cbb/players/lauren-green-1.html,long-beach-state,2018-19
11,11,11,2018-12-14,Long Beach State,@,Loyola Marymount,REG (Non-Conf),L 62-71,*,13,0,1,.000,0,0,,0,1,.000,.000,0,0,,0,2,2,1,0,1,1,3,0,-0.9,Lauren Green,https://www.sports-reference.com/cbb/players/lauren-green-1.html,long-beach-state,2018-19
12,12,12,2018-12-16,Long Beach State,,Grand Canyon,REG (Non-Conf),W 57-50,*,19,1,1,1.000,0,0,,1,1,1.000,1.000,2,2,1.000,1,5,6,0,0,3,0,5,4,6.0,Lauren Green,https://www.sports-reference.com/cbb/players/lauren-green-1.html,long-beach-state,2018-19
13,13,13,2018-12-22,Long Beach State,@,Utah State,REG (Non-Conf),W 50-48,*,9,1,2,.500,0,0,,1,2,.500,.500,0,0,,0,2,2,0,0,1,2,3,2,-0.9,Lauren Green,https://www.sports-reference.com/cbb/players/lauren-green-1.html,long-beach-state,2018-19
14,14,14,2019-01-10,Long Beach State,@,UC Riverside,REG (Conf),W 63-45,*,11,1,1,1.000,0,0,,1,1,1.000,1.000,0,0,,0,0,0,0,0,0,3,3,2,-2.5,Lauren Green,https://www.sports-reference.com/cbb/players/lauren-green-1.html,long-beach-state,2018-19
15,15,15,2019-01-17,Long Beach State,,Cal Poly,REG (Conf),W 61-58,*,21,1,7,.143,0,0,,1,7,.143,.143,1,2,.500,2,3,5,1,2,0,0,2,3,2.3,Lauren Green,https://www.sports-reference.com/cbb/players/lauren-green-1.html,long-beach-state,2018-19
16,16,16,2019-01-19,Long Beach State,@,UC Santa Barbara,REG (Conf),L 54-60,*,18,2,4,.500,0,0,,2,4,.500,.500,0,0,,0,3,3,0,1,1,1,2,4,2.8,Lauren Green,https://www.sports-reference.com/cbb/players/lauren-green-1.html,long-beach-state,2018-19
17,17,17,2019-01-24,Long Beach State,,UC Riverside,REG (Conf),L 59-73,*,17,0,0,,0,0,,0,0,,,6,10,.600,2,4,6,0,0,0,2,1,6,4.6,Lauren Green,https://www.sports-reference.com/cbb/players/lauren-green-1.html,long-beach-state,2018-19
18,18,18,2019-01-26,Long Beach State,,Cal State Northridge,REG (Conf),L 37-51,*,23,0,5,.000,0,0,,0,5,.000,.000,0,0,,0,1,1,1,2,1,3,3,0,-4.0,Lauren Green,https://www.sports-reference.com/cbb/players/lauren-green-1.html,long-beach-state,2018-19
19,19,19,2019-01-31,Long Beach State,@,UC Davis,REG (Conf),L 50-70,*,14,1,2,.500,0,0,,1,2,.500,.500,0,0,,2,2,4,0,0,3,1,5,2,2.1,Lauren Green,https://www.sports-reference.com/cbb/players/lauren-green-1.html,long-beach-state,2018-19
20,20,20,2019-02-02,Long Beach State,@,Cal State Fullerton,REG (Conf),W 59-53,,1,0,0,,0,0,,0,0,,,0,0,,0,0,0,0,0,0,0,0,0,0.0,Lauren Green,https://www.sports-reference.com/cbb/players/lauren-green-1.html,long-beach-state,2018-19
21,21,21,2019-02-06,Long Beach State,@,Cal Poly,REG (Conf),L 59-66 (OT),,11,1,1,1.000,0,0,,1,1,1.000,1.000,0,0,,0,1,1,2,0,1,1,2,2,2.3,Lauren Green,https://www.sports-reference.com/cbb/players/lauren-green-1.html,long-beach-state,2018-19
22,22,22,2019-02-09,Long Beach State,,Hawaii,REG (Conf),W 56-40,,4,0,0,,0,0,,0,0,,,0,0,,0,1,1,0,0,0,0,2,0,-0.5,Lauren Green,https://www.sports-reference.com/cbb/players/lauren-green-1.html,long-beach-state,2018-19
23,23,23,2019-02-14,Long Beach State,,UC Irvine,REG (Conf),L 46-48,,8,0,1,.000,0,0,,0,1,.000,.000,0,2,.000,0,2,2,0,0,0,1,0,0,-1.9,Lauren Green,https://www.sports-reference.com/cbb/players/lauren-green-1.html,long-beach-state,2018-19
24,24,24,2019-02-16,Long Beach State,@,Hawaii,REG (Conf),L 49-63,,10,0,0,,0,0,,0,0,,,1,4,.250,1,2,3,0,1,0,0,1,1,1.7,Lauren Green,https://www.sports-reference.com/cbb/players/lauren-green-1.html,long-beach-state,2018-19
25,25,25,2019-02-21,Long Beach State,@,Cal State Northridge,REG (Conf),L 45-60,,16,0,1,.000,0,0,,0,1,.000,.000,1,2,.500,1,2,3,0,0,0,2,2,1,-1.6,Lauren Green,https://www.sports-reference.com/cbb/players/lauren-green-1.html,long-beach-state,2018-19
26,26,26,2019-02-23,Long Beach State,,UC Santa Barbara,REG (Conf),W 62-53,,20,3,5,.600,1,1,1.000,2,4,.500,.700,5,6,.833,1,5,6,0,2,1,1,4,12,11.6,Lauren Green,https://www.sports-reference.com/cbb/players/lauren-green-1.html,long-beach-state,2018-19
27,27,27,2019-02-28,Long Beach State,,UC Davis,REG (Conf),L 49-66,,16,0,4,.000,0,1,.000,0,3,.000,.000,3,4,.750,3,1,4,1,0,0,0,1,3,2.5,Lauren Green,https://www.sports-reference.com/cbb/players/lauren-green-1.html,long-beach-state,2018-19
28,28,28,2019-03-07,Long Beach State,,Cal State Fullerton,REG (Conf),L 47-50,,11,1,3,.333,0,0,,1,3,.333,.333,0,0,,1,3,4,0,0,0,2,1,2,-0.5,Lauren Green,https://www.sports-reference.com/cbb/players/lauren-green-1.html,long-beach-state,2018-19
29,29,29,2019-03-09,Long Beach State,@,UC Irvine,REG (Conf),L 60-65,,13,0,2,.000,0,0,,0,2,.000,.000,0,0,,0,4,4,0,0,0,1,2,0,-2.0,Lauren Green,https://www.sports-reference.com/cbb/players/lauren-green-1.html,long-beach-state,2018-19
30,30,30,2019-03-12,Long Beach State,@,Cal State Fullerton,CTOURN,W 60-54,*,27,1,4,.250,0,0,,1,4,.250,.250,0,0,,3,5,8,0,4,0,2,1,2,4.8,Lauren Green,https://www.sports-reference.com/cbb/players/lauren-green-1.html,long-beach-state,2018-19
31,31,31,2019-03-13,Long Beach State,@,UC Riverside,CTOURN,L 50-67,*,16,2,2,1.000,0,0,,2,2,1.000,1.000,1,2,.500,0,2,2,1,1,1,1,1,5,5.6,Lauren Green,https://www.sports-reference.com/cbb/players/lauren-green-1.html,long-beach-state,2018-19
