ranker,player_game_num_career,team_game_num_season,date,team_name_abbr,game_location,opp_name_abbr,game_type,game_result,is_starter,mp,fg,fga,fg_pct,fg3,fg3a,fg3_pct,fg2,fg2a,fg2_pct,efg_pct,ft,fta,ft_pct,orb,drb,trb,ast,stl,blk,tov,pf,pts,game_score,player_name,player_sr_link,school,season
1,84,1,2018-11-09,Long Beach State,,California Baptist,REG (Non-Conf),L 83-85,*,30,3,13,.231,0,3,.000,3,10,.300,.231,0,0,,1,3,4,4,1,0,0,4,6,1.9,Martina McCowan,https://www.sports-reference.com/cbb/players/martina-mccowan-1.html,long-beach-state,2018-19
2,85,2,2018-11-11,Long Beach State,,Southern California,REG (Non-Conf),L 50-86,*,25,0,5,.000,0,2,.000,0,3,.000,.000,2,2,1.000,0,1,1,0,0,0,1,4,2,-3.8,Martina McCowan,https://www.sports-reference.com/cbb/players/martina-mccowan-1.html,long-beach-state,2018-19
3,86,3,2018-11-16,Long Beach State,@,Utah,REG (Non-Conf),L 59-82,*,21,1,7,.143,0,2,.000,1,5,.200,.143,0,0,,0,1,1,1,2,0,1,3,2,-1.7,Martina McCowan,https://www.sports-reference.com/cbb/players/martina-mccowan-1.html,long-beach-state,2018-19
4,87,4,2018-11-18,Long Beach State,,Nevada,REG (Non-Conf),L 67-76,*,20,1,5,.200,0,1,.000,1,4,.250,.200,3,7,.429,3,2,5,1,0,0,1,1,5,2.3,Martina McCowan,https://www.sports-reference.com/cbb/players/martina-mccowan-1.html,long-beach-state,2018-19
