ranker,player_game_num_career,team_game_num_season,date,team_name_abbr,game_location,opp_name_abbr,game_type,game_result,is_starter,mp,fg,fga,fg_pct,fg3,fg3a,fg2,fg2a,fg2_pct,efg_pct,ft,fta,ft_pct,orb,drb,trb,ast,stl,blk,tov,pf,pts,game_score,player_name,player_sr_link,school,season
1,1,1,2018-11-09,Long Beach State,,California Baptist,REG (Non-Conf),L 83-85,,2,0,0,,0,0,0,0,,,0,0,,0,0,0,0,0,0,0,0,0,0.0,Miranda Martinez,https://www.sports-reference.com/cbb/players/miranda-martinez-1.html,long-beach-state,2018-19
2,2,5,2018-11-23,Long Beach State,,Northern Iowa,REG (Non-Conf),L 64-71,,4,1,2,.500,0,0,1,2,.500,.500,1,2,.500,0,0,0,0,0,0,0,1,3,1.2,Miranda Martinez,https://www.sports-reference.com/cbb/players/miranda-martinez-1.html,long-beach-state,2018-19
3,3,7,2018-11-30,Long Beach State,@,Montana State,REG (Non-Conf),L 62-85,,1,0,0,,0,0,0,0,,,0,0,,0,0,0,0,0,0,0,0,0,0.0,Miranda Martinez,https://www.sports-reference.com/cbb/players/miranda-martinez-1.html,long-beach-state,2018-19
4,4,8,2018-12-02,Long Beach State,@,Oregon,REG (Non-Conf),L 48-110,,2,0,0,,0,0,0,0,,,0,0,,0,0,0,0,0,0,0,0,0,0.0,Miranda Martinez,https://www.sports-reference.com/cbb/players/miranda-martinez-1.html,long-beach-state,2018-19
5,5,11,2018-12-14,Long Beach State,@,Loyola Marymount,REG (Non-Conf),L 62-71,,3,0,0,,0,0,0,0,,,0,0,,0,1,1,1,0,0,0,0,0,1.0,Miranda Martinez,https://www.sports-reference.com/cbb/players/miranda-martinez-1.html,long-beach-state,2018-19
6,6,20,2019-02-02,Long Beach State,@,Cal State Fullerton,REG (Conf),W 59-53,,2,0,0,,0,0,0,0,,,0,0,,0,0,0,0,0,0,0,0,0,0.0,Miranda Martinez,https://www.sports-reference.com/cbb/players/miranda-martinez-1.html,long-beach-state,2018-19
7,7,22,2019-02-09,Long Beach State,,Hawaii,REG (Conf),W 56-40,,5,0,0,,0,0,0,0,,,0,0,,0,0,0,1,0,0,0,1,0,0.3,Miranda Martinez,https://www.sports-reference.com/cbb/players/miranda-martinez-1.html,long-beach-state,2018-19
8,8,24,2019-02-16,Long Beach State,@,Hawaii,REG (Conf),L 49-63,,2,0,1,.000,0,0,0,1,.000,.000,0,0,,0,0,0,0,0,0,0,1,0,-1.1,Miranda Martinez,https://www.sports-reference.com/cbb/players/miranda-martinez-1.html,long-beach-state,2018-19
9,9,25,2019-02-21,Long Beach State,@,Cal State Northridge,REG (Conf),L 45-60,*,6,0,1,.000,0,0,0,1,.000,.000,0,0,,0,0,0,0,0,0,1,1,0,-2.1,Miranda Martinez,https://www.sports-reference.com/cbb/players/miranda-martinez-1.html,long-beach-state,2018-19
