ranker,player_game_num_career,team_game_num_season,date,team_name_abbr,game_location,opp_name_abbr,game_type,game_result,is_starter,mp,fg,fga,fg_pct,fg3,fg3a,fg3_pct,fg2,fg2a,fg2_pct,efg_pct,ft,fta,ft_pct,orb,drb,trb,ast,stl,blk,tov,pf,pts,game_score,player_name,player_sr_link,school,season
1,30,1,2018-11-09,Long Beach State,,California Baptist,REG (Non-Conf),L 83-85,*,34,14,27,.519,6,9,.667,8,18,.444,.630,0,0,,2,3,5,6,3,0,2,3,34,27.0,Shanaijah Davison,https://www.sports-reference.com/cbb/players/shanaijah-davison-1.html,long-beach-state,2018-19
2,31,2,2018-11-11,Long Beach State,,Southern California,REG (Non-Conf),L 50-86,*,20,0,7,.000,0,5,.000,0,2,.000,.000,1,2,.500,0,1,1,0,1,0,6,3,1,-10.2,Shanaijah Davison,https://www.sports-reference.com/cbb/players/shanaijah-davison-1.html,long-beach-state,2018-19
3,32,3,2018-11-16,Long Beach State,@,Utah,REG (Non-Conf),L 59-82,*,15,1,9,.111,1,3,.333,0,6,.000,.167,0,0,,0,2,2,0,0,0,4,1,3,-6.7,Shanaijah Davison,https://www.sports-reference.com/cbb/players/shanaijah-davison-1.html,long-beach-state,2018-19
4,33,4,2018-11-18,Long Beach State,,Nevada,REG (Non-Conf),L 67-76,*,25,5,15,.333,0,6,.000,5,9,.556,.333,5,8,.625,0,5,5,0,1,0,7,4,15,-0.8,Shanaijah Davison,https://www.sports-reference.com/cbb/players/shanaijah-davison-1.html,long-beach-state,2018-19
5,34,5,2018-11-23,Long Beach State,,Northern Iowa,REG (Non-Conf),L 64-71,*,33,7,17,.412,1,4,.250,6,13,.462,.441,5,10,.500,0,3,3,2,1,0,5,2,20,6.4,Shanaijah Davison,https://www.sports-reference.com/cbb/players/shanaijah-davison-1.html,long-beach-state,2018-19
6,35,6,2018-11-24,Long Beach State,,Idaho,REG (Non-Conf),W 70-63,*,37,8,19,.421,1,2,.500,7,17,.412,.447,8,8,1.000,1,11,12,2,2,0,1,0,25,21.3,Shanaijah Davison,https://www.sports-reference.com/cbb/players/shanaijah-davison-1.html,long-beach-state,2018-19
7,36,7,2018-11-30,Long Beach State,@,Montana State,REG (Non-Conf),L 62-85,*,24,2,17,.118,0,7,.000,2,10,.200,.118,1,2,.500,0,1,1,4,3,0,2,1,5,-2.8,Shanaijah Davison,https://www.sports-reference.com/cbb/players/shanaijah-davison-1.html,long-beach-state,2018-19
8,37,8,2018-12-02,Long Beach State,@,Oregon,REG (Non-Conf),L 48-110,,33,11,19,.579,3,8,.375,8,11,.727,.658,0,0,,1,1,2,1,1,0,5,0,25,13.8,Shanaijah Davison,https://www.sports-reference.com/cbb/players/shanaijah-davison-1.html,long-beach-state,2018-19
9,38,9,2018-12-06,Long Beach State,,San Diego,REG (Non-Conf),L 56-60,,26,3,17,.176,1,3,.333,2,14,.143,.206,3,4,.750,0,2,2,4,1,0,2,2,10,0.5,Shanaijah Davison,https://www.sports-reference.com/cbb/players/shanaijah-davison-1.html,long-beach-state,2018-19
10,39,10,2018-12-09,Long Beach State,,Arizona,REG (Non-Conf),L 43-70,*,21,3,7,.429,0,2,.000,3,5,.600,.429,0,0,,0,1,1,2,0,0,4,2,6,-0.8,Shanaijah Davison,https://www.sports-reference.com/cbb/players/shanaijah-davison-1.html,long-beach-state,2018-19
11,40,11,2018-12-14,Long Beach State,@,Loyola Marymount,REG (Non-Conf),L 62-71,*,26,9,18,.500,1,3,.333,8,15,.533,.528,0,0,,0,4,4,1,3,0,5,2,19,9.1,Shanaijah Davison,https://www.sports-reference.com/cbb/players/shanaijah-davison-1.html,long-beach-state,2018-19
12,41,12,2018-12-16,Long Beach State,,Grand Canyon,REG (Non-Conf),W 57-50,,31,4,14,.286,0,3,.000,4,11,.364,.286,1,3,.333,1,3,4,3,2,0,2,0,9,3.7,Shanaijah Davison,https://www.sports-reference.com/cbb/players/shanaijah-davison-1.html,long-beach-state,2018-19
13,42,13,2018-12-22,Long Beach State,@,Utah State,REG (Non-Conf),W 50-48,,35,9,20,.450,0,5,.000,9,15,.600,.450,2,4,.500,1,4,5,3,0,0,6,3,20,5.6,Shanaijah Davison,https://www.sports-reference.com/cbb/players/shanaijah-davison-1.html,long-beach-state,2018-19
14,43,14,2019-01-10,Long Beach State,@,UC Riverside,REG (Conf),W 63-45,*,23,4,9,.444,0,3,.000,4,6,.667,.444,3,4,.750,0,2,2,2,4,0,5,1,11,6.5,Shanaijah Davison,https://www.sports-reference.com/cbb/players/shanaijah-davison-1.html,long-beach-state,2018-19
15,44,15,2019-01-17,Long Beach State,,Cal Poly,REG (Conf),W 61-58,*,31,7,19,.368,1,8,.125,6,11,.545,.395,1,2,.500,2,0,2,0,2,1,0,3,16,8.0,Shanaijah Davison,https://www.sports-reference.com/cbb/players/shanaijah-davison-1.html,long-beach-state,2018-19
16,45,16,2019-01-19,Long Beach State,@,UC Santa Barbara,REG (Conf),L 54-60,*,28,3,9,.333,0,3,.000,3,6,.500,.333,1,2,.500,0,2,2,3,0,0,6,5,7,-3.8,Shanaijah Davison,https://www.sports-reference.com/cbb/players/shanaijah-davison-1.html,long-beach-state,2018-19
17,46,17,2019-01-24,Long Beach State,,UC Riverside,REG (Conf),L 59-73,,24,4,16,.250,1,4,.250,3,12,.250,.281,2,3,.667,1,0,1,2,2,1,4,5,11,-0.2,Shanaijah Davison,https://www.sports-reference.com/cbb/players/shanaijah-davison-1.html,long-beach-state,2018-19
18,47,18,2019-01-26,Long Beach State,,Cal State Northridge,REG (Conf),L 37-51,,18,1,7,.143,1,4,.250,0,3,.000,.214,0,0,,0,2,2,1,0,0,3,3,3,-4.4,Shanaijah Davison,https://www.sports-reference.com/cbb/players/shanaijah-davison-1.html,long-beach-state,2018-19
19,48,19,2019-01-31,Long Beach State,@,UC Davis,REG (Conf),L 50-70,,31,7,24,.292,1,4,.250,6,20,.300,.313,1,2,.500,0,1,1,3,1,0,5,2,16,-0.8,Shanaijah Davison,https://www.sports-reference.com/cbb/players/shanaijah-davison-1.html,long-beach-state,2018-19
20,49,20,2019-02-02,Long Beach State,@,Cal State Fullerton,REG (Conf),W 59-53,*,32,5,15,.333,0,0,,5,15,.333,.333,1,2,.500,0,2,2,2,1,0,5,1,11,-0.3,Shanaijah Davison,https://www.sports-reference.com/cbb/players/shanaijah-davison-1.html,long-beach-state,2018-19
21,50,21,2019-02-06,Long Beach State,@,Cal Poly,REG (Conf),L 59-66 (OT),*,44,9,23,.391,6,15,.400,3,8,.375,.522,2,4,.500,0,1,1,3,4,0,5,0,26,14.1,Shanaijah Davison,https://www.sports-reference.com/cbb/players/shanaijah-davison-1.html,long-beach-state,2018-19
22,51,22,2019-02-09,Long Beach State,,Hawaii,REG (Conf),W 56-40,*,36,6,16,.375,2,4,.500,4,12,.333,.438,4,4,1.000,0,3,3,3,2,0,5,1,18,8.8,Shanaijah Davison,https://www.sports-reference.com/cbb/players/shanaijah-davison-1.html,long-beach-state,2018-19
23,52,23,2019-02-14,Long Beach State,,UC Irvine,REG (Conf),L 46-48,*,37,4,11,.364,1,4,.250,3,7,.429,.409,2,2,1.000,0,2,2,5,4,0,3,2,11,9.2,Shanaijah Davison,https://www.sports-reference.com/cbb/players/shanaijah-davison-1.html,long-beach-state,2018-19
24,53,24,2019-02-16,Long Beach State,@,Hawaii,REG (Conf),L 49-63,*,34,6,22,.273,1,10,.100,5,12,.417,.295,1,2,.500,0,2,2,2,1,0,4,3,14,-1.6,Shanaijah Davison,https://www.sports-reference.com/cbb/players/shanaijah-davison-1.html,long-beach-state,2018-19
25,54,25,2019-02-21,Long Beach State,@,Cal State Northridge,REG (Conf),L 45-60,*,38,5,16,.313,2,7,.286,3,9,.333,.375,3,4,.750,0,4,4,3,2,0,2,1,15,8.3,Shanaijah Davison,https://www.sports-reference.com/cbb/players/shanaijah-davison-1.html,long-beach-state,2018-19
26,55,26,2019-02-23,Long Beach State,,UC Santa Barbara,REG (Conf),W 62-53,*,33,5,13,.385,1,1,1.000,4,12,.333,.423,3,4,.750,0,3,3,1,0,0,3,2,14,4.3,Shanaijah Davison,https://www.sports-reference.com/cbb/players/shanaijah-davison-1.html,long-beach-state,2018-19
27,56,27,2019-02-28,Long Beach State,,UC Davis,REG (Conf),L 49-66,*,37,4,14,.286,3,7,.429,1,7,.143,.393,3,5,.600,2,1,3,1,1,0,2,0,14,6.4,Shanaijah Davison,https://www.sports-reference.com/cbb/players/shanaijah-davison-1.html,long-beach-state,2018-19
28,57,28,2019-03-07,Long Beach State,,Cal State Fullerton,REG (Conf),L 47-50,,17,1,5,.200,1,3,.333,0,2,.000,.300,0,0,,1,0,1,1,2,0,1,0,3,2.3,Shanaijah Davison,https://www.sports-reference.com/cbb/players/shanaijah-davison-1.html,long-beach-state,2018-19
29,58,29,2019-03-09,Long Beach State,@,UC Irvine,REG (Conf),L 60-65,,24,6,9,.667,1,2,.500,5,7,.714,.722,0,0,,1,1,2,2,1,0,4,0,13,8.5,Shanaijah Davison,https://www.sports-reference.com/cbb/players/shanaijah-davison-1.html,long-beach-state,2018-19
30,59,30,2019-03-12,Long Beach State,@,Cal State Fullerton,CTOURN,W 60-54,*,34,7,16,.438,3,6,.500,4,10,.400,.531,4,6,.667,2,3,5,1,2,0,1,2,21,15.0,Shanaijah Davison,https://www.sports-reference.com/cbb/players/shanaijah-davison-1.html,long-beach-state,2018-19
31,60,31,2019-03-13,Long Beach State,@,UC Riverside,CTOURN,L 50-67,*,37,7,17,.412,1,3,.333,6,14,.429,.441,3,6,.500,1,3,4,1,1,0,1,2,18,9.2,Shanaijah Davison,https://www.sports-reference.com/cbb/players/shanaijah-davison-1.html,long-beach-state,2018-19
