ranker,player_game_num_career,team_game_num_season,date,team_name_abbr,game_location,opp_name_abbr,game_type,game_result,is_starter,mp,fg,fga,fg_pct,fg3,fg3a,fg3_pct,fg2,fg2a,fg2_pct,efg_pct,ft,fta,ft_pct,orb,drb,trb,ast,stl,blk,tov,pf,pts,game_score,player_name,player_sr_link,school,season
1,18,1,2019-11-05,Troy,,Fort Valley St.,REG (Non-Conf),W 101-52,,16,0,3,.000,0,1,.000,0,2,.000,.000,0,0,,1,1,2,2,0,1,2,1,0,-1.4,Emely Rosario,https://www.sports-reference.com/cbb/players/emely-rosario-1.html,troy,2019-20
2,19,2,2019-11-12,Troy,@,Samford,REG (Non-Conf),W 74-65,,12,0,2,.000,0,0,,0,2,.000,.000,0,0,,1,0,1,1,0,0,2,3,0,-3.2,Emely Rosario,https://www.sports-reference.com/cbb/players/emely-rosario-1.html,troy,2019-20
3,20,3,2019-11-16,Troy,,Jacksonville State,REG (Non-Conf),W 94-64,,4,1,1,1.000,0,0,,1,1,1.000,1.000,1,2,.500,0,0,0,1,0,0,1,0,3,2.0,Emely Rosario,https://www.sports-reference.com/cbb/players/emely-rosario-1.html,troy,2019-20
4,21,4,2019-11-18,Troy,@,Mississippi State,REG (Non-Conf),L 82-122,,6,0,2,.000,0,1,.000,0,1,.000,.000,2,2,1.000,0,0,0,1,0,0,2,0,2,-0.7,Emely Rosario,https://www.sports-reference.com/cbb/players/emely-rosario-1.html,troy,2019-20
5,22,5,2019-11-24,Troy,@,Duke,REG (Non-Conf),L 85-99,,6,0,1,.000,0,1,.000,0,0,,.000,0,0,,0,1,1,0,0,0,0,1,0,-0.8,Emely Rosario,https://www.sports-reference.com/cbb/players/emely-rosario-1.html,troy,2019-20
6,23,6,2019-12-01,Troy,@,Bethune-Cookman,REG (Non-Conf),W 68-62,,1,0,1,.000,0,0,,0,1,.000,.000,0,0,,0,0,0,0,0,0,1,0,0,-1.7,Emely Rosario,https://www.sports-reference.com/cbb/players/emely-rosario-1.html,troy,2019-20
7,24,7,2019-12-04,Troy,,Auburn Montgomery,REG (Non-Conf),W 72-42,,24,5,9,.556,1,1,1.000,4,8,.500,.611,4,5,.800,0,2,2,3,0,1,1,0,15,12.7,Emely Rosario,https://www.sports-reference.com/cbb/players/emely-rosario-1.html,troy,2019-20
8,25,8,2019-12-11,Troy,,East Tennessee State,REG (Non-Conf),W 79-61,,8,0,1,.000,0,0,,0,1,.000,.000,0,0,,0,0,0,2,0,0,2,1,0,-1.7,Emely Rosario,https://www.sports-reference.com/cbb/players/emely-rosario-1.html,troy,2019-20
9,26,9,2019-12-15,Troy,@,Chattanooga,REG (Non-Conf),W 90-51,,10,1,2,.500,0,0,,1,2,.500,.500,0,0,,0,0,0,0,0,0,0,0,2,1.0,Emely Rosario,https://www.sports-reference.com/cbb/players/emely-rosario-1.html,troy,2019-20
10,27,10,2019-12-19,Troy,@,Toledo,REG (Non-Conf),W 71-64,,2,0,0,,0,0,,0,0,,,0,2,.000,0,0,0,0,1,0,0,0,0,0.2,Emely Rosario,https://www.sports-reference.com/cbb/players/emely-rosario-1.html,troy,2019-20
11,28,11,2019-12-20,Troy,,Kent State,REG (Non-Conf),W 71-64,,2,0,0,,0,0,,0,0,,,0,0,,0,0,0,0,0,0,0,0,0,0.0,Emely Rosario,https://www.sports-reference.com/cbb/players/emely-rosario-1.html,troy,2019-20
12,29,12,2020-01-02,Troy,,Coastal Carolina,REG (Conf),W 84-77,,8,1,2,.500,0,0,,1,2,.500,.500,0,0,,0,0,0,4,0,0,0,0,2,3.8,Emely Rosario,https://www.sports-reference.com/cbb/players/emely-rosario-1.html,troy,2019-20
13,30,13,2020-01-04,Troy,,Appalachian State,REG (Conf),W 84-55,,10,1,2,.500,1,1,1.000,0,1,.000,.750,0,0,,0,1,1,3,1,0,0,0,3,5.4,Emely Rosario,https://www.sports-reference.com/cbb/players/emely-rosario-1.html,troy,2019-20
14,31,14,2020-01-08,Troy,@,Louisiana–Monroe,REG (Conf),W 72-65,,4,1,3,.333,0,0,,1,3,.333,.333,0,0,,0,0,0,0,1,0,1,0,2,0.3,Emely Rosario,https://www.sports-reference.com/cbb/players/emely-rosario-1.html,troy,2019-20
15,32,16,2020-01-16,Troy,@,Georgia Southern,REG (Conf),W 79-69,,8,1,3,.333,0,1,.000,1,2,.500,.333,1,2,.500,0,0,0,0,1,0,0,1,3,1.5,Emely Rosario,https://www.sports-reference.com/cbb/players/emely-rosario-1.html,troy,2019-20
16,33,17,2020-01-18,Troy,@,Georgia State,REG (Conf),W 71-57,,9,0,1,.000,0,0,,0,1,.000,.000,0,0,,0,3,3,0,1,0,1,0,0,0.2,Emely Rosario,https://www.sports-reference.com/cbb/players/emely-rosario-1.html,troy,2019-20
17,34,18,2020-01-23,Troy,,Texas State,REG (Conf),W 84-50,,10,0,1,.000,0,0,,0,1,.000,.000,0,0,,0,4,4,0,0,0,4,0,0,-3.5,Emely Rosario,https://www.sports-reference.com/cbb/players/emely-rosario-1.html,troy,2019-20
18,35,19,2020-01-25,Troy,,UT Arlington,REG (Conf),W 85-69,,1,0,0,,0,0,,0,0,,,0,0,,0,1,1,0,0,0,0,0,0,0.3,Emely Rosario,https://www.sports-reference.com/cbb/players/emely-rosario-1.html,troy,2019-20
19,36,20,2020-02-01,Troy,,South Alabama,REG (Conf),W 85-68,,2,0,1,.000,0,0,,0,1,.000,.000,0,0,,0,0,0,0,0,0,0,0,0,-0.7,Emely Rosario,https://www.sports-reference.com/cbb/players/emely-rosario-1.html,troy,2019-20
20,37,22,2020-02-08,Troy,@,Louisiana,REG (Conf),W 67-64,,4,0,1,.000,0,0,,0,1,.000,.000,0,2,.000,0,1,1,0,0,0,0,0,0,-1.2,Emely Rosario,https://www.sports-reference.com/cbb/players/emely-rosario-1.html,troy,2019-20
21,38,23,2020-02-13,Troy,@,Coastal Carolina,REG (Conf),L 103-124,,4,0,0,,0,0,,0,0,,,0,0,,0,1,1,0,0,0,0,0,0,0.3,Emely Rosario,https://www.sports-reference.com/cbb/players/emely-rosario-1.html,troy,2019-20
22,39,24,2020-02-15,Troy,@,Appalachian State,REG (Conf),W 81-61,,5,0,2,.000,0,0,,0,2,.000,.000,0,0,,0,0,0,1,0,0,0,0,0,-0.7,Emely Rosario,https://www.sports-reference.com/cbb/players/emely-rosario-1.html,troy,2019-20
23,40,25,2020-02-20,Troy,,Little Rock,REG (Conf),W 77-59,,2,0,1,.000,0,0,,0,1,.000,.000,0,0,,0,0,0,0,0,0,0,0,0,-0.7,Emely Rosario,https://www.sports-reference.com/cbb/players/emely-rosario-1.html,troy,2019-20
24,41,26,2020-02-22,Troy,,Arkansas State,REG (Conf),W 79-64,,6,1,1,1.000,0,0,,1,1,1.000,1.000,0,0,,0,0,0,2,0,0,1,1,2,1.7,Emely Rosario,https://www.sports-reference.com/cbb/players/emely-rosario-1.html,troy,2019-20
25,42,28,2020-03-05,Troy,@,Little Rock,REG (Conf),W 70-54,,8,0,2,.000,0,0,,0,2,.000,.000,0,0,,0,0,0,1,0,0,0,1,0,-1.1,Emely Rosario,https://www.sports-reference.com/cbb/players/emely-rosario-1.html,troy,2019-20
26,43,29,2020-03-07,Troy,@,Arkansas State,REG (Conf),W 91-81,,2,0,1,.000,0,1,.000,0,0,,.000,0,0,,0,0,0,0,0,0,0,0,0,-0.7,Emely Rosario,https://www.sports-reference.com/cbb/players/emely-rosario-1.html,troy,2019-20
