ranker,player_game_num_career,team_game_num_season,date,team_name_abbr,game_location,opp_name_abbr,game_type,game_result,is_starter,mp,fg,fga,fg_pct,fg3,fg3a,fg3_pct,fg2,fg2a,fg2_pct,efg_pct,ft,fta,ft_pct,orb,drb,trb,ast,stl,blk,tov,pf,pts,game_score,player_name,player_sr_link,school,season
1,94,1,2019-11-05,Troy,,Fort Valley St.,REG (Non-Conf),W 101-52,*,18,3,9,.333,2,6,.333,1,3,.333,.444,0,0,,4,0,4,0,6,0,2,1,8,9.3,Harriet Winchester,https://www.sports-reference.com/cbb/players/harriet-winchester-1.html,troy,2019-20
2,95,2,2019-11-12,Troy,@,Samford,REG (Non-Conf),W 74-65,*,27,1,5,.200,0,3,.000,1,2,.500,.200,0,2,.000,2,7,9,3,3,0,5,0,2,1.7,Harriet Winchester,https://www.sports-reference.com/cbb/players/harriet-winchester-1.html,troy,2019-20
3,96,3,2019-11-16,Troy,,Jacksonville State,REG (Non-Conf),W 94-64,*,24,1,3,.333,0,2,.000,1,1,1.000,.333,4,4,1.000,6,3,9,1,1,0,0,0,6,11.1,Harriet Winchester,https://www.sports-reference.com/cbb/players/harriet-winchester-1.html,troy,2019-20
4,97,4,2019-11-18,Troy,@,Mississippi State,REG (Non-Conf),L 82-122,*,26,1,4,.250,0,2,.000,1,2,.500,.250,2,2,1.000,1,2,3,1,0,1,6,1,4,-2.1,Harriet Winchester,https://www.sports-reference.com/cbb/players/harriet-winchester-1.html,troy,2019-20
5,98,5,2019-11-24,Troy,@,Duke,REG (Non-Conf),L 85-99,,23,3,13,.231,1,9,.111,2,4,.500,.269,0,0,,3,3,6,2,1,0,1,3,7,2.3,Harriet Winchester,https://www.sports-reference.com/cbb/players/harriet-winchester-1.html,troy,2019-20
6,99,6,2019-12-01,Troy,@,Bethune-Cookman,REG (Non-Conf),W 68-62,*,30,0,4,.000,0,1,.000,0,3,.000,.000,0,0,,2,1,3,0,0,0,2,2,0,-3.9,Harriet Winchester,https://www.sports-reference.com/cbb/players/harriet-winchester-1.html,troy,2019-20
7,100,7,2019-12-04,Troy,,Auburn Montgomery,REG (Non-Conf),W 72-42,*,22,2,7,.286,1,3,.333,1,4,.250,.357,0,0,,3,5,8,1,0,0,0,1,5,4.8,Harriet Winchester,https://www.sports-reference.com/cbb/players/harriet-winchester-1.html,troy,2019-20
8,101,8,2019-12-11,Troy,,East Tennessee State,REG (Non-Conf),W 79-61,*,29,4,8,.500,0,2,.000,4,6,.667,.500,5,7,.714,4,8,12,3,2,2,3,0,13,15.9,Harriet Winchester,https://www.sports-reference.com/cbb/players/harriet-winchester-1.html,troy,2019-20
9,102,9,2019-12-15,Troy,@,Chattanooga,REG (Non-Conf),W 90-51,*,14,0,2,.000,0,1,.000,0,1,.000,.000,2,2,1.000,1,4,5,1,0,0,1,1,2,1.8,Harriet Winchester,https://www.sports-reference.com/cbb/players/harriet-winchester-1.html,troy,2019-20
10,103,10,2019-12-19,Troy,@,Toledo,REG (Non-Conf),W 71-64,*,23,1,4,.250,1,1,1.000,0,3,.000,.375,0,0,,1,5,6,1,2,0,1,5,3,2.5,Harriet Winchester,https://www.sports-reference.com/cbb/players/harriet-winchester-1.html,troy,2019-20
11,104,11,2019-12-20,Troy,,Kent State,REG (Non-Conf),W 71-64,*,24,1,5,.200,0,2,.000,1,3,.333,.200,0,0,,0,6,6,3,0,0,2,1,2,0.4,Harriet Winchester,https://www.sports-reference.com/cbb/players/harriet-winchester-1.html,troy,2019-20
12,105,12,2020-01-02,Troy,,Coastal Carolina,REG (Conf),W 84-77,*,23,0,4,.000,0,2,.000,0,2,.000,.000,4,6,.667,3,6,9,1,0,0,0,0,4,5.0,Harriet Winchester,https://www.sports-reference.com/cbb/players/harriet-winchester-1.html,troy,2019-20
13,106,13,2020-01-04,Troy,,Appalachian State,REG (Conf),W 84-55,*,19,2,4,.500,2,4,.500,0,0,,.750,0,0,,1,2,3,2,0,0,0,1,6,6.3,Harriet Winchester,https://www.sports-reference.com/cbb/players/harriet-winchester-1.html,troy,2019-20
14,107,14,2020-01-08,Troy,@,Louisiana–Monroe,REG (Conf),W 72-65,*,24,3,7,.429,0,2,.000,3,5,.600,.429,1,1,1.000,4,0,4,2,1,1,1,2,7,7.4,Harriet Winchester,https://www.sports-reference.com/cbb/players/harriet-winchester-1.html,troy,2019-20
15,108,15,2020-01-11,Troy,,Louisiana,REG (Conf),L 73-79,*,16,1,5,.200,0,2,.000,1,3,.333,.200,0,0,,2,0,2,1,1,0,2,3,2,-1.2,Harriet Winchester,https://www.sports-reference.com/cbb/players/harriet-winchester-1.html,troy,2019-20
16,109,16,2020-01-16,Troy,@,Georgia Southern,REG (Conf),W 79-69,,19,3,8,.375,0,1,.000,3,7,.429,.375,0,0,,3,1,4,1,1,0,1,2,6,3.9,Harriet Winchester,https://www.sports-reference.com/cbb/players/harriet-winchester-1.html,troy,2019-20
17,110,17,2020-01-18,Troy,@,Georgia State,REG (Conf),W 71-57,,29,4,9,.444,1,3,.333,3,6,.500,.500,2,2,1.000,2,6,8,1,0,0,2,0,11,8.2,Harriet Winchester,https://www.sports-reference.com/cbb/players/harriet-winchester-1.html,troy,2019-20
18,111,18,2020-01-23,Troy,,Texas State,REG (Conf),W 84-50,*,17,2,3,.667,1,2,.500,1,1,1.000,.833,0,0,,0,2,2,1,1,1,1,1,5,5.3,Harriet Winchester,https://www.sports-reference.com/cbb/players/harriet-winchester-1.html,troy,2019-20
19,112,19,2020-01-25,Troy,,UT Arlington,REG (Conf),W 85-69,*,26,2,7,.286,0,3,.000,2,4,.500,.286,2,4,.500,7,7,14,2,2,0,1,2,6,9.7,Harriet Winchester,https://www.sports-reference.com/cbb/players/harriet-winchester-1.html,troy,2019-20
20,113,20,2020-02-01,Troy,,South Alabama,REG (Conf),W 85-68,*,29,2,6,.333,1,3,.333,1,3,.333,.417,0,0,,2,8,10,3,1,1,2,0,5,7.2,Harriet Winchester,https://www.sports-reference.com/cbb/players/harriet-winchester-1.html,troy,2019-20
21,114,21,2020-02-05,Troy,,Louisiana–Monroe,REG (Conf),W 77-65,*,21,3,6,.500,0,2,.000,3,4,.750,.500,0,0,,3,3,6,3,1,0,0,1,6,8.7,Harriet Winchester,https://www.sports-reference.com/cbb/players/harriet-winchester-1.html,troy,2019-20
22,115,22,2020-02-08,Troy,@,Louisiana,REG (Conf),W 67-64,*,29,4,6,.667,3,4,.750,1,2,.500,.917,0,0,,2,5,7,5,0,0,0,0,11,14.8,Harriet Winchester,https://www.sports-reference.com/cbb/players/harriet-winchester-1.html,troy,2019-20
23,116,23,2020-02-13,Troy,@,Coastal Carolina,REG (Conf),L 103-124,*,28,2,8,.250,1,4,.250,1,4,.250,.313,1,2,.500,2,4,6,0,0,0,1,3,6,1.2,Harriet Winchester,https://www.sports-reference.com/cbb/players/harriet-winchester-1.html,troy,2019-20
24,117,24,2020-02-15,Troy,@,Appalachian State,REG (Conf),W 81-61,*,20,0,5,.000,0,2,.000,0,3,.000,.000,0,0,,1,5,6,3,0,0,0,2,0,0.0,Harriet Winchester,https://www.sports-reference.com/cbb/players/harriet-winchester-1.html,troy,2019-20
25,118,25,2020-02-20,Troy,,Little Rock,REG (Conf),W 77-59,*,25,3,7,.429,0,2,.000,3,5,.600,.429,2,2,1.000,4,3,7,4,2,0,4,0,8,8.8,Harriet Winchester,https://www.sports-reference.com/cbb/players/harriet-winchester-1.html,troy,2019-20
26,119,26,2020-02-22,Troy,,Arkansas State,REG (Conf),W 79-64,*,24,2,5,.400,1,4,.250,1,1,1.000,.500,0,0,,4,6,10,6,0,1,2,1,5,9.4,Harriet Winchester,https://www.sports-reference.com/cbb/players/harriet-winchester-1.html,troy,2019-20
27,120,27,2020-02-29,Troy,@,South Alabama,REG (Conf),W 77-73,*,32,0,1,.000,0,1,.000,0,0,,.000,0,0,,0,4,4,3,0,1,3,2,0,-0.5,Harriet Winchester,https://www.sports-reference.com/cbb/players/harriet-winchester-1.html,troy,2019-20
28,121,28,2020-03-05,Troy,@,Little Rock,REG (Conf),W 70-54,*,25,1,2,.500,1,2,.500,0,0,,.750,0,0,,0,2,2,4,0,0,2,1,3,3.0,Harriet Winchester,https://www.sports-reference.com/cbb/players/harriet-winchester-1.html,troy,2019-20
29,122,29,2020-03-07,Troy,@,Arkansas State,REG (Conf),W 91-81,*,17,2,5,.400,1,4,.250,1,1,1.000,.500,0,0,,2,3,5,0,2,0,1,1,5,5.2,Harriet Winchester,https://www.sports-reference.com/cbb/players/harriet-winchester-1.html,troy,2019-20
