ranker,player_game_num_career,team_game_num_season,date,team_name_abbr,game_location,opp_name_abbr,game_type,game_result,is_starter,mp,fg,fga,fg_pct,fg3,fg3a,fg3_pct,fg2,fg2a,fg2_pct,efg_pct,ft,fta,ft_pct,orb,drb,trb,ast,stl,blk,tov,pf,pts,game_score,player_name,player_sr_link,school,season
1,51,1,2019-11-05,Troy,,Fort Valley St.,REG (Non-Conf),W 101-52,*,19,0,7,.000,0,5,.000,0,2,.000,.000,2,2,1.000,4,0,4,4,1,0,0,0,2,3.7,Janiah Sandifer,https://www.sports-reference.com/cbb/players/janiah-sandifer-1.html,troy,2019-20
2,52,3,2019-11-16,Troy,,Jacksonville State,REG (Non-Conf),W 94-64,,21,1,3,.333,1,3,.333,0,0,,.500,0,0,,1,3,4,1,0,0,0,2,3,2.8,Janiah Sandifer,https://www.sports-reference.com/cbb/players/janiah-sandifer-1.html,troy,2019-20
3,53,4,2019-11-18,Troy,@,Mississippi State,REG (Non-Conf),L 82-122,,15,2,2,1.000,2,2,1.000,0,0,,1.500,0,2,.000,1,0,1,2,0,0,2,3,6,3.5,Janiah Sandifer,https://www.sports-reference.com/cbb/players/janiah-sandifer-1.html,troy,2019-20
4,54,5,2019-11-24,Troy,@,Duke,REG (Non-Conf),L 85-99,*,19,1,9,.111,1,7,.143,0,2,.000,.167,0,0,,1,1,2,1,2,0,0,0,3,0.8,Janiah Sandifer,https://www.sports-reference.com/cbb/players/janiah-sandifer-1.html,troy,2019-20
5,55,6,2019-12-01,Troy,@,Bethune-Cookman,REG (Non-Conf),W 68-62,,13,1,4,.250,0,1,.000,1,3,.333,.250,2,2,1.000,1,2,3,0,0,0,0,0,4,2.9,Janiah Sandifer,https://www.sports-reference.com/cbb/players/janiah-sandifer-1.html,troy,2019-20
6,56,7,2019-12-04,Troy,,Auburn Montgomery,REG (Non-Conf),W 72-42,,21,4,9,.444,2,4,.500,2,5,.400,.556,0,0,,2,3,5,1,1,0,1,0,10,8.3,Janiah Sandifer,https://www.sports-reference.com/cbb/players/janiah-sandifer-1.html,troy,2019-20
7,57,8,2019-12-11,Troy,,East Tennessee State,REG (Non-Conf),W 79-61,,15,0,3,.000,0,3,.000,0,0,,.000,0,0,,2,1,3,1,0,0,1,1,0,-1.1,Janiah Sandifer,https://www.sports-reference.com/cbb/players/janiah-sandifer-1.html,troy,2019-20
8,58,9,2019-12-15,Troy,@,Chattanooga,REG (Non-Conf),W 90-51,,22,1,9,.111,1,8,.125,0,1,.000,.167,2,2,1.000,4,3,7,0,0,0,0,3,5,1.6,Janiah Sandifer,https://www.sports-reference.com/cbb/players/janiah-sandifer-1.html,troy,2019-20
9,59,10,2019-12-19,Troy,@,Toledo,REG (Non-Conf),W 71-64,,10,0,1,.000,0,1,.000,0,0,,.000,1,2,.500,0,1,1,1,0,0,0,2,1,0.1,Janiah Sandifer,https://www.sports-reference.com/cbb/players/janiah-sandifer-1.html,troy,2019-20
10,60,11,2019-12-20,Troy,,Kent State,REG (Non-Conf),W 71-64,,8,1,2,.500,1,2,.500,0,0,,.750,0,0,,0,0,0,0,0,0,0,1,3,1.6,Janiah Sandifer,https://www.sports-reference.com/cbb/players/janiah-sandifer-1.html,troy,2019-20
11,61,12,2020-01-02,Troy,,Coastal Carolina,REG (Conf),W 84-77,,15,2,4,.500,2,2,1.000,0,2,.000,.750,0,0,,2,2,4,1,1,0,2,1,6,5.3,Janiah Sandifer,https://www.sports-reference.com/cbb/players/janiah-sandifer-1.html,troy,2019-20
12,62,13,2020-01-04,Troy,,Appalachian State,REG (Conf),W 84-55,,16,1,4,.250,1,4,.250,0,0,,.375,0,0,,1,3,4,1,0,0,1,0,3,1.9,Janiah Sandifer,https://www.sports-reference.com/cbb/players/janiah-sandifer-1.html,troy,2019-20
13,63,14,2020-01-08,Troy,@,Louisiana–Monroe,REG (Conf),W 72-65,,18,1,6,.167,1,5,.200,0,1,.000,.250,0,0,,2,1,3,1,0,0,0,1,3,1.2,Janiah Sandifer,https://www.sports-reference.com/cbb/players/janiah-sandifer-1.html,troy,2019-20
14,64,15,2020-01-11,Troy,,Louisiana,REG (Conf),L 73-79,,20,2,4,.500,1,2,.500,1,2,.500,.625,1,1,1.000,0,2,2,2,1,0,0,1,6,6.6,Janiah Sandifer,https://www.sports-reference.com/cbb/players/janiah-sandifer-1.html,troy,2019-20
15,65,16,2020-01-16,Troy,@,Georgia Southern,REG (Conf),W 79-69,*,20,2,5,.400,1,2,.500,1,3,.333,.500,0,0,,1,1,2,0,0,0,1,2,5,1.5,Janiah Sandifer,https://www.sports-reference.com/cbb/players/janiah-sandifer-1.html,troy,2019-20
16,66,17,2020-01-18,Troy,@,Georgia State,REG (Conf),W 71-57,*,23,2,7,.286,2,6,.333,0,1,.000,.429,2,2,1.000,2,3,5,0,1,0,0,0,8,7.2,Janiah Sandifer,https://www.sports-reference.com/cbb/players/janiah-sandifer-1.html,troy,2019-20
17,67,18,2020-01-23,Troy,,Texas State,REG (Conf),W 84-50,*,19,1,3,.333,1,2,.500,0,1,.000,.500,0,1,.000,2,1,3,2,0,0,2,0,3,2.0,Janiah Sandifer,https://www.sports-reference.com/cbb/players/janiah-sandifer-1.html,troy,2019-20
18,68,19,2020-01-25,Troy,,UT Arlington,REG (Conf),W 85-69,,11,0,3,.000,0,3,.000,0,0,,.000,0,0,,0,0,0,1,1,0,0,0,0,-0.4,Janiah Sandifer,https://www.sports-reference.com/cbb/players/janiah-sandifer-1.html,troy,2019-20
19,69,20,2020-02-01,Troy,,South Alabama,REG (Conf),W 85-68,,11,2,3,.667,1,2,.500,1,1,1.000,.833,0,0,,1,1,2,0,1,0,2,3,5,2.5,Janiah Sandifer,https://www.sports-reference.com/cbb/players/janiah-sandifer-1.html,troy,2019-20
20,70,21,2020-02-05,Troy,,Louisiana–Monroe,REG (Conf),W 77-65,,19,1,3,.333,1,3,.333,0,0,,.500,2,2,1.000,0,2,2,3,0,0,1,0,5,5.0,Janiah Sandifer,https://www.sports-reference.com/cbb/players/janiah-sandifer-1.html,troy,2019-20
21,71,22,2020-02-08,Troy,@,Louisiana,REG (Conf),W 67-64,*,14,0,1,.000,0,1,.000,0,0,,.000,0,0,,0,1,1,0,0,0,2,1,0,-2.8,Janiah Sandifer,https://www.sports-reference.com/cbb/players/janiah-sandifer-1.html,troy,2019-20
22,72,23,2020-02-13,Troy,@,Coastal Carolina,REG (Conf),L 103-124,,14,4,7,.571,2,5,.400,2,2,1.000,.714,1,2,.500,3,1,4,2,0,0,0,2,11,10.3,Janiah Sandifer,https://www.sports-reference.com/cbb/players/janiah-sandifer-1.html,troy,2019-20
23,73,24,2020-02-15,Troy,@,Appalachian State,REG (Conf),W 81-61,,11,0,1,.000,0,1,.000,0,0,,.000,2,3,.667,1,2,3,1,0,0,1,1,2,1.5,Janiah Sandifer,https://www.sports-reference.com/cbb/players/janiah-sandifer-1.html,troy,2019-20
24,74,25,2020-02-20,Troy,,Little Rock,REG (Conf),W 77-59,,10,0,2,.000,0,1,.000,0,1,.000,.000,0,0,,1,1,2,1,1,0,0,1,0,0.9,Janiah Sandifer,https://www.sports-reference.com/cbb/players/janiah-sandifer-1.html,troy,2019-20
25,75,26,2020-02-22,Troy,,Arkansas State,REG (Conf),W 79-64,,14,0,3,.000,0,2,.000,0,1,.000,.000,0,0,,1,4,5,2,0,0,1,0,0,0.2,Janiah Sandifer,https://www.sports-reference.com/cbb/players/janiah-sandifer-1.html,troy,2019-20
26,76,27,2020-02-29,Troy,@,South Alabama,REG (Conf),W 77-73,*,9,0,3,.000,0,1,.000,0,2,.000,.000,0,0,,0,0,0,0,0,0,1,1,0,-3.5,Janiah Sandifer,https://www.sports-reference.com/cbb/players/janiah-sandifer-1.html,troy,2019-20
27,77,28,2020-03-05,Troy,@,Little Rock,REG (Conf),W 70-54,,17,1,2,.500,1,2,.500,0,0,,.750,0,0,,0,4,4,2,0,0,0,0,3,4.6,Janiah Sandifer,https://www.sports-reference.com/cbb/players/janiah-sandifer-1.html,troy,2019-20
28,78,29,2020-03-07,Troy,@,Arkansas State,REG (Conf),W 91-81,,18,0,3,.000,0,3,.000,0,0,,.000,2,2,1.000,0,4,4,1,0,0,0,2,2,1.0,Janiah Sandifer,https://www.sports-reference.com/cbb/players/janiah-sandifer-1.html,troy,2019-20
