ranker,player_game_num_career,team_game_num_season,date,team_name_abbr,game_location,opp_name_abbr,game_type,game_result,is_starter,mp,fg,fga,fg_pct,fg3,fg3a,fg2,fg2a,fg2_pct,efg_pct,ft,fta,ft_pct,orb,drb,trb,ast,stl,blk,tov,pf,pts,game_score,player_name,player_sr_link,school,season
1,30,1,2019-11-05,Troy,,Fort Valley St.,REG (Non-Conf),W 101-52,,20,7,12,.583,0,0,7,12,.583,.583,14,21,.667,5,3,8,0,6,1,6,4,28,23.1,Japonica James,https://www.sports-reference.com/cbb/players/japonica-james-1.html,troy,2019-20
2,31,2,2019-11-12,Troy,@,Samford,REG (Non-Conf),W 74-65,*,25,4,11,.364,0,0,4,11,.364,.364,10,13,.769,4,3,7,1,0,0,0,3,18,13.9,Japonica James,https://www.sports-reference.com/cbb/players/japonica-james-1.html,troy,2019-20
3,32,3,2019-11-16,Troy,,Jacksonville State,REG (Non-Conf),W 94-64,,10,1,6,.167,0,0,1,6,.167,.167,0,2,.000,0,3,3,1,1,0,2,2,2,-2.8,Japonica James,https://www.sports-reference.com/cbb/players/japonica-james-1.html,troy,2019-20
4,33,4,2019-11-18,Troy,@,Mississippi State,REG (Non-Conf),L 82-122,,13,3,7,.429,0,0,3,7,.429,.429,0,3,.000,0,0,0,0,1,0,3,2,6,-1.7,Japonica James,https://www.sports-reference.com/cbb/players/japonica-james-1.html,troy,2019-20
5,34,5,2019-11-24,Troy,@,Duke,REG (Non-Conf),L 85-99,,19,6,10,.600,0,0,6,10,.600,.600,5,8,.625,2,1,3,0,0,0,3,3,17,8.7,Japonica James,https://www.sports-reference.com/cbb/players/japonica-james-1.html,troy,2019-20
6,35,6,2019-12-01,Troy,@,Bethune-Cookman,REG (Non-Conf),W 68-62,*,9,0,3,.000,0,0,0,3,.000,.000,0,0,,1,2,3,1,0,0,1,1,0,-1.5,Japonica James,https://www.sports-reference.com/cbb/players/japonica-james-1.html,troy,2019-20
7,36,8,2019-12-11,Troy,,East Tennessee State,REG (Non-Conf),W 79-61,,24,5,5,1.000,0,0,5,5,1.000,1.000,2,2,1.000,2,4,6,1,4,0,5,2,12,12.0,Japonica James,https://www.sports-reference.com/cbb/players/japonica-james-1.html,troy,2019-20
8,37,9,2019-12-15,Troy,@,Chattanooga,REG (Non-Conf),W 90-51,,12,5,6,.833,0,0,5,6,.833,.833,0,0,,2,5,7,2,0,2,5,5,10,6.5,Japonica James,https://www.sports-reference.com/cbb/players/japonica-james-1.html,troy,2019-20
9,38,10,2019-12-19,Troy,@,Toledo,REG (Non-Conf),W 71-64,,14,4,9,.444,0,0,4,9,.444,.444,0,4,.000,3,0,3,0,0,0,2,5,8,-0.2,Japonica James,https://www.sports-reference.com/cbb/players/japonica-james-1.html,troy,2019-20
10,39,11,2019-12-20,Troy,,Kent State,REG (Non-Conf),W 71-64,,19,4,7,.571,0,0,4,7,.571,.571,2,5,.400,3,6,9,2,3,1,7,3,10,6.3,Japonica James,https://www.sports-reference.com/cbb/players/japonica-james-1.html,troy,2019-20
11,40,12,2020-01-02,Troy,,Coastal Carolina,REG (Conf),W 84-77,,4,0,1,.000,0,0,0,1,.000,.000,0,0,,0,0,0,1,0,0,2,3,0,-3.2,Japonica James,https://www.sports-reference.com/cbb/players/japonica-james-1.html,troy,2019-20
12,41,13,2020-01-04,Troy,,Appalachian State,REG (Conf),W 84-55,,22,3,8,.375,0,0,3,8,.375,.375,6,7,.857,1,3,4,2,2,0,3,3,12,8.0,Japonica James,https://www.sports-reference.com/cbb/players/japonica-james-1.html,troy,2019-20
13,42,14,2020-01-08,Troy,@,Louisiana–Monroe,REG (Conf),W 72-65,,13,1,6,.167,0,0,1,6,.167,.167,4,6,.667,3,2,5,0,2,0,3,1,6,2.7,Japonica James,https://www.sports-reference.com/cbb/players/japonica-james-1.html,troy,2019-20
14,43,15,2020-01-11,Troy,,Louisiana,REG (Conf),L 73-79,,29,8,10,.800,0,0,8,10,.800,.800,4,8,.500,3,3,6,2,1,0,2,2,20,17.2,Japonica James,https://www.sports-reference.com/cbb/players/japonica-james-1.html,troy,2019-20
15,44,16,2020-01-16,Troy,@,Georgia Southern,REG (Conf),W 79-69,*,23,7,13,.538,0,0,7,13,.538,.538,5,5,1.000,3,2,5,0,4,0,2,4,19,15.8,Japonica James,https://www.sports-reference.com/cbb/players/japonica-james-1.html,troy,2019-20
16,45,17,2020-01-18,Troy,@,Georgia State,REG (Conf),W 71-57,*,24,4,8,.500,0,0,4,8,.500,.500,4,12,.333,6,3,9,1,2,1,5,3,12,7.1,Japonica James,https://www.sports-reference.com/cbb/players/japonica-james-1.html,troy,2019-20
17,46,18,2020-01-23,Troy,,Texas State,REG (Conf),W 84-50,*,24,10,13,.769,0,0,10,13,.769,.769,8,11,.727,8,3,11,1,2,1,3,3,28,27.4,Japonica James,https://www.sports-reference.com/cbb/players/japonica-james-1.html,troy,2019-20
18,47,19,2020-01-25,Troy,,UT Arlington,REG (Conf),W 85-69,*,19,4,6,.667,0,0,4,6,.667,.667,5,7,.714,3,6,9,0,0,1,5,4,13,7.6,Japonica James,https://www.sports-reference.com/cbb/players/japonica-james-1.html,troy,2019-20
19,48,20,2020-02-01,Troy,,South Alabama,REG (Conf),W 85-68,*,18,3,7,.429,0,0,3,7,.429,.429,3,7,.429,2,3,5,2,3,1,1,4,9,8.5,Japonica James,https://www.sports-reference.com/cbb/players/japonica-james-1.html,troy,2019-20
20,49,21,2020-02-05,Troy,,Louisiana–Monroe,REG (Conf),W 77-65,,27,5,8,.625,0,0,5,8,.625,.625,4,6,.667,3,5,8,3,1,1,1,0,14,16.0,Japonica James,https://www.sports-reference.com/cbb/players/japonica-james-1.html,troy,2019-20
21,50,22,2020-02-08,Troy,@,Louisiana,REG (Conf),W 67-64,,13,2,9,.222,0,0,2,9,.222,.222,1,1,1.000,1,2,3,2,0,1,6,2,5,-3.9,Japonica James,https://www.sports-reference.com/cbb/players/japonica-james-1.html,troy,2019-20
22,51,23,2020-02-13,Troy,@,Coastal Carolina,REG (Conf),L 103-124,,21,8,11,.727,0,0,8,11,.727,.727,5,6,.833,3,2,5,0,2,0,4,5,21,14.8,Japonica James,https://www.sports-reference.com/cbb/players/japonica-james-1.html,troy,2019-20
23,52,24,2020-02-15,Troy,@,Appalachian State,REG (Conf),W 81-61,,18,7,8,.875,0,0,7,8,.875,.875,6,7,.857,1,2,3,2,2,0,2,3,20,18.3,Japonica James,https://www.sports-reference.com/cbb/players/japonica-james-1.html,troy,2019-20
24,53,25,2020-02-20,Troy,,Little Rock,REG (Conf),W 77-59,,21,3,9,.333,0,0,3,9,.333,.333,4,5,.800,4,3,7,0,2,0,3,2,10,6.4,Japonica James,https://www.sports-reference.com/cbb/players/japonica-james-1.html,troy,2019-20
25,54,26,2020-02-22,Troy,,Arkansas State,REG (Conf),W 79-64,,25,12,18,.667,0,0,12,18,.667,.667,1,3,.333,2,6,8,0,1,0,1,2,25,18.8,Japonica James,https://www.sports-reference.com/cbb/players/japonica-james-1.html,troy,2019-20
26,55,27,2020-02-29,Troy,@,South Alabama,REG (Conf),W 77-73,,32,10,15,.667,0,0,10,15,.667,.667,4,8,.500,3,9,12,0,4,0,2,3,24,21.5,Japonica James,https://www.sports-reference.com/cbb/players/japonica-james-1.html,troy,2019-20
27,56,28,2020-03-05,Troy,@,Little Rock,REG (Conf),W 70-54,,19,3,5,.600,0,0,3,5,.600,.600,4,6,.667,4,6,10,2,1,0,3,4,10,9.3,Japonica James,https://www.sports-reference.com/cbb/players/japonica-james-1.html,troy,2019-20
28,57,29,2020-03-07,Troy,@,Arkansas State,REG (Conf),W 91-81,,23,6,9,.667,0,0,6,9,.667,.667,2,6,.333,2,4,6,0,1,0,1,3,14,9.9,Japonica James,https://www.sports-reference.com/cbb/players/japonica-james-1.html,troy,2019-20
