ranker,player_game_num_career,team_game_num_season,date,team_name_abbr,game_location,opp_name_abbr,game_type,game_result,is_starter,mp,fg,fga,fg_pct,fg3,fg3a,fg3_pct,fg2,fg2a,fg2_pct,efg_pct,ft,fta,ft_pct,orb,drb,trb,ast,stl,blk,tov,pf,pts,game_score,player_name,player_sr_link,school,season
1,83,1,2019-11-05,Troy,,Fort Valley St.,REG (Non-Conf),W 101-52,*,14,1,4,.250,0,0,,1,4,.250,.250,9,12,.750,3,4,7,1,2,0,2,3,11,10.2,Jasmine LeBlanc,https://www.sports-reference.com/cbb/players/jasmine-leblanc-1.html,troy,2019-20
2,84,2,2019-11-12,Troy,@,Samford,REG (Non-Conf),W 74-65,*,21,4,10,.400,0,0,,4,10,.400,.400,3,3,1.000,3,5,8,2,1,0,4,5,11,5.6,Jasmine LeBlanc,https://www.sports-reference.com/cbb/players/jasmine-leblanc-1.html,troy,2019-20
3,85,3,2019-11-16,Troy,,Jacksonville State,REG (Non-Conf),W 94-64,*,22,6,13,.462,0,0,,6,13,.462,.462,1,2,.500,6,4,10,2,4,0,2,1,13,14.3,Jasmine LeBlanc,https://www.sports-reference.com/cbb/players/jasmine-leblanc-1.html,troy,2019-20
4,86,4,2019-11-18,Troy,@,Mississippi State,REG (Non-Conf),L 82-122,*,22,8,16,.500,1,3,.333,7,13,.538,.531,2,4,.500,7,4,11,2,0,0,3,3,19,13.5,Jasmine LeBlanc,https://www.sports-reference.com/cbb/players/jasmine-leblanc-1.html,troy,2019-20
5,87,5,2019-11-24,Troy,@,Duke,REG (Non-Conf),L 85-99,*,6,0,3,.000,0,0,,0,3,.000,.000,0,0,,1,0,1,0,0,0,0,5,0,-3.4,Jasmine LeBlanc,https://www.sports-reference.com/cbb/players/jasmine-leblanc-1.html,troy,2019-20
6,88,6,2019-12-01,Troy,@,Bethune-Cookman,REG (Non-Conf),W 68-62,,11,3,5,.600,0,0,,3,5,.600,.600,0,0,,0,3,3,2,1,1,1,2,6,5.9,Jasmine LeBlanc,https://www.sports-reference.com/cbb/players/jasmine-leblanc-1.html,troy,2019-20
7,89,7,2019-12-04,Troy,,Auburn Montgomery,REG (Non-Conf),W 72-42,*,19,2,7,.286,0,0,,2,7,.286,.286,4,4,1.000,4,4,8,1,1,1,0,1,8,9.9,Jasmine LeBlanc,https://www.sports-reference.com/cbb/players/jasmine-leblanc-1.html,troy,2019-20
8,90,8,2019-12-11,Troy,,East Tennessee State,REG (Non-Conf),W 79-61,,3,0,0,,0,0,,0,0,,,0,0,,0,0,0,0,0,0,1,2,0,-1.8,Jasmine LeBlanc,https://www.sports-reference.com/cbb/players/jasmine-leblanc-1.html,troy,2019-20
