ranker,player_game_num_career,team_game_num_season,date,team_name_abbr,game_location,opp_name_abbr,game_type,game_result,is_starter,mp,fg,fga,fg_pct,fg3,fg3a,fg3_pct,fg2,fg2a,fg2_pct,efg_pct,ft,fta,ft_pct,orb,drb,trb,ast,stl,blk,tov,pf,pts,game_score,player_name,player_sr_link,school,season
1,63,1,2019-11-05,Troy,,Fort Valley St.,REG (Non-Conf),W 101-52,*,14,1,7,.143,1,3,.333,0,4,.000,.214,2,2,1.000,1,1,2,2,1,0,1,1,5,2.5,Jasmine Robinson,https://www.sports-reference.com/cbb/players/jasmine-robinson-3.html,troy,2019-20
2,64,2,2019-11-12,Troy,@,Samford,REG (Non-Conf),W 74-65,*,30,1,8,.125,0,2,.000,1,6,.167,.125,8,12,.667,1,6,7,3,2,0,2,3,10,6.6,Jasmine Robinson,https://www.sports-reference.com/cbb/players/jasmine-robinson-3.html,troy,2019-20
3,65,3,2019-11-16,Troy,,Jacksonville State,REG (Non-Conf),W 94-64,*,16,6,14,.429,1,2,.500,5,12,.417,.464,4,4,1.000,2,2,4,6,1,0,0,4,17,15.2,Jasmine Robinson,https://www.sports-reference.com/cbb/players/jasmine-robinson-3.html,troy,2019-20
4,66,4,2019-11-18,Troy,@,Mississippi State,REG (Non-Conf),L 82-122,*,17,4,12,.333,2,6,.333,2,6,.333,.417,5,6,.833,2,0,2,2,0,0,0,2,15,9.8,Jasmine Robinson,https://www.sports-reference.com/cbb/players/jasmine-robinson-3.html,troy,2019-20
5,67,5,2019-11-24,Troy,@,Duke,REG (Non-Conf),L 85-99,*,35,8,21,.381,4,11,.364,4,10,.400,.476,5,8,.625,1,2,3,4,1,0,5,3,25,11.2,Jasmine Robinson,https://www.sports-reference.com/cbb/players/jasmine-robinson-3.html,troy,2019-20
6,68,6,2019-12-01,Troy,@,Bethune-Cookman,REG (Non-Conf),W 68-62,*,34,5,9,.556,0,1,.000,5,8,.625,.556,3,6,.500,0,2,2,4,0,0,3,2,13,7.1,Jasmine Robinson,https://www.sports-reference.com/cbb/players/jasmine-robinson-3.html,troy,2019-20
7,69,7,2019-12-04,Troy,,Auburn Montgomery,REG (Non-Conf),W 72-42,*,20,3,8,.375,0,1,.000,3,7,.429,.375,2,2,1.000,0,3,3,1,1,0,3,0,8,3.2,Jasmine Robinson,https://www.sports-reference.com/cbb/players/jasmine-robinson-3.html,troy,2019-20
8,70,8,2019-12-11,Troy,,East Tennessee State,REG (Non-Conf),W 79-61,*,29,6,17,.353,1,5,.200,5,12,.417,.382,0,0,,0,5,5,1,2,0,1,3,13,5.5,Jasmine Robinson,https://www.sports-reference.com/cbb/players/jasmine-robinson-3.html,troy,2019-20
9,71,9,2019-12-15,Troy,@,Chattanooga,REG (Non-Conf),W 90-51,*,23,4,9,.444,2,3,.667,2,6,.333,.556,1,2,.500,0,1,1,2,1,0,0,2,11,7.8,Jasmine Robinson,https://www.sports-reference.com/cbb/players/jasmine-robinson-3.html,troy,2019-20
10,72,10,2019-12-19,Troy,@,Toledo,REG (Non-Conf),W 71-64,*,34,6,19,.316,1,6,.167,5,13,.385,.342,5,5,1.000,1,5,6,1,1,0,4,1,18,6.6,Jasmine Robinson,https://www.sports-reference.com/cbb/players/jasmine-robinson-3.html,troy,2019-20
11,73,11,2019-12-20,Troy,,Kent State,REG (Non-Conf),W 71-64,*,25,1,9,.111,0,2,.000,1,7,.143,.111,6,6,1.000,0,3,3,4,1,0,2,3,8,3.6,Jasmine Robinson,https://www.sports-reference.com/cbb/players/jasmine-robinson-3.html,troy,2019-20
12,74,12,2020-01-02,Troy,,Coastal Carolina,REG (Conf),W 84-77,*,27,6,13,.462,1,2,.500,5,11,.455,.500,2,2,1.000,0,1,1,2,0,0,8,3,15,0.8,Jasmine Robinson,https://www.sports-reference.com/cbb/players/jasmine-robinson-3.html,troy,2019-20
13,75,13,2020-01-04,Troy,,Appalachian State,REG (Conf),W 84-55,*,19,6,9,.667,3,6,.500,3,3,1.000,.833,0,0,,2,1,3,2,0,0,2,3,15,11.0,Jasmine Robinson,https://www.sports-reference.com/cbb/players/jasmine-robinson-3.html,troy,2019-20
14,76,14,2020-01-08,Troy,@,Louisiana–Monroe,REG (Conf),W 72-65,*,23,3,10,.300,1,3,.333,2,7,.286,.350,6,9,.667,0,1,1,2,1,0,3,2,13,4.9,Jasmine Robinson,https://www.sports-reference.com/cbb/players/jasmine-robinson-3.html,troy,2019-20
15,77,15,2020-01-11,Troy,,Louisiana,REG (Conf),L 73-79,*,30,7,19,.368,4,10,.400,3,9,.333,.474,2,6,.333,1,2,3,3,0,0,1,1,20,9.9,Jasmine Robinson,https://www.sports-reference.com/cbb/players/jasmine-robinson-3.html,troy,2019-20
16,78,16,2020-01-16,Troy,@,Georgia Southern,REG (Conf),W 79-69,*,18,3,9,.333,1,3,.333,2,6,.333,.389,3,4,.750,0,1,1,3,1,0,2,3,10,4.7,Jasmine Robinson,https://www.sports-reference.com/cbb/players/jasmine-robinson-3.html,troy,2019-20
17,79,17,2020-01-18,Troy,@,Georgia State,REG (Conf),W 71-57,,24,1,5,.200,0,1,.000,1,4,.250,.200,0,0,,1,2,3,2,0,1,2,1,2,-0.1,Jasmine Robinson,https://www.sports-reference.com/cbb/players/jasmine-robinson-3.html,troy,2019-20
18,80,18,2020-01-23,Troy,,Texas State,REG (Conf),W 84-50,*,23,3,9,.333,3,7,.429,0,2,.000,.500,0,0,,0,1,1,9,1,0,1,2,9,9.7,Jasmine Robinson,https://www.sports-reference.com/cbb/players/jasmine-robinson-3.html,troy,2019-20
19,81,19,2020-01-25,Troy,,UT Arlington,REG (Conf),W 85-69,*,27,4,10,.400,3,7,.429,1,3,.333,.550,6,11,.545,0,1,1,2,0,0,3,3,17,7.1,Jasmine Robinson,https://www.sports-reference.com/cbb/players/jasmine-robinson-3.html,troy,2019-20
20,82,20,2020-02-01,Troy,,South Alabama,REG (Conf),W 85-68,*,25,6,13,.462,1,5,.200,5,8,.625,.500,0,0,,0,4,4,3,1,0,2,2,13,7.8,Jasmine Robinson,https://www.sports-reference.com/cbb/players/jasmine-robinson-3.html,troy,2019-20
21,83,21,2020-02-05,Troy,,Louisiana–Monroe,REG (Conf),W 77-65,*,30,3,7,.429,1,3,.333,2,4,.500,.500,3,4,.750,0,1,1,4,1,1,3,2,10,6.9,Jasmine Robinson,https://www.sports-reference.com/cbb/players/jasmine-robinson-3.html,troy,2019-20
22,84,22,2020-02-08,Troy,@,Louisiana,REG (Conf),W 67-64,*,32,2,9,.222,0,4,.000,2,5,.400,.222,2,2,1.000,0,0,0,5,0,0,5,3,6,-2.2,Jasmine Robinson,https://www.sports-reference.com/cbb/players/jasmine-robinson-3.html,troy,2019-20
23,85,23,2020-02-13,Troy,@,Coastal Carolina,REG (Conf),L 103-124,*,25,6,16,.375,5,12,.417,1,4,.250,.531,2,2,1.000,1,1,2,4,0,0,3,4,19,9.4,Jasmine Robinson,https://www.sports-reference.com/cbb/players/jasmine-robinson-3.html,troy,2019-20
24,86,24,2020-02-15,Troy,@,Appalachian State,REG (Conf),W 81-61,*,22,5,8,.625,3,5,.600,2,3,.667,.813,1,2,.500,0,0,0,2,0,0,4,2,14,6.6,Jasmine Robinson,https://www.sports-reference.com/cbb/players/jasmine-robinson-3.html,troy,2019-20
25,87,25,2020-02-20,Troy,,Little Rock,REG (Conf),W 77-59,*,29,3,7,.429,0,2,.000,3,5,.600,.429,0,0,,0,2,2,4,0,0,2,1,6,3.3,Jasmine Robinson,https://www.sports-reference.com/cbb/players/jasmine-robinson-3.html,troy,2019-20
26,88,26,2020-02-22,Troy,,Arkansas State,REG (Conf),W 79-64,*,29,1,11,.091,0,7,.000,1,4,.250,.091,0,0,,1,0,1,6,0,0,5,2,2,-6.2,Jasmine Robinson,https://www.sports-reference.com/cbb/players/jasmine-robinson-3.html,troy,2019-20
27,89,27,2020-02-29,Troy,@,South Alabama,REG (Conf),W 77-73,*,27,3,10,.300,0,1,.000,3,9,.333,.300,2,2,1.000,0,1,1,3,0,0,4,3,8,-0.6,Jasmine Robinson,https://www.sports-reference.com/cbb/players/jasmine-robinson-3.html,troy,2019-20
28,90,28,2020-03-05,Troy,@,Little Rock,REG (Conf),W 70-54,,23,1,8,.125,0,0,,1,8,.125,.125,0,0,,0,1,1,1,0,0,1,1,2,-3.6,Jasmine Robinson,https://www.sports-reference.com/cbb/players/jasmine-robinson-3.html,troy,2019-20
29,91,29,2020-03-07,Troy,@,Arkansas State,REG (Conf),W 91-81,*,33,5,13,.385,3,7,.429,2,6,.333,.500,3,6,.500,0,2,2,3,0,0,2,2,16,7.6,Jasmine Robinson,https://www.sports-reference.com/cbb/players/jasmine-robinson-3.html,troy,2019-20
