ranker,player_game_num_career,team_game_num_season,date,team_name_abbr,game_location,opp_name_abbr,game_type,game_result,is_starter,mp,fg,fga,fg_pct,fg3,fg3a,fg2,fg2a,fg2_pct,efg_pct,ft,fta,ft_pct,orb,drb,trb,ast,stl,blk,tov,pf,pts,game_score,player_name,player_sr_link,school,season
1,71,2,2019-11-12,Troy,@,Samford,REG (Non-Conf),W 74-65,,13,0,4,.000,0,0,0,4,.000,.000,0,0,,3,2,5,0,0,0,0,1,0,-0.5,Kate Rodgers,https://www.sports-reference.com/cbb/players/kate-rodgers-1.html,troy,2019-20
2,72,4,2019-11-18,Troy,@,Mississippi State,REG (Non-Conf),L 82-122,,6,1,1,1.000,0,0,1,1,1.000,1.000,0,0,,0,1,1,0,0,0,1,2,2,0.2,Kate Rodgers,https://www.sports-reference.com/cbb/players/kate-rodgers-1.html,troy,2019-20
3,73,5,2019-11-24,Troy,@,Duke,REG (Non-Conf),L 85-99,,19,0,2,.000,0,0,0,2,.000,.000,0,0,,3,4,7,0,0,0,1,2,0,0.1,Kate Rodgers,https://www.sports-reference.com/cbb/players/kate-rodgers-1.html,troy,2019-20
4,74,6,2019-12-01,Troy,@,Bethune-Cookman,REG (Non-Conf),W 68-62,*,8,0,1,.000,0,0,0,1,.000,.000,0,0,,0,1,1,0,0,1,2,2,0,-2.5,Kate Rodgers,https://www.sports-reference.com/cbb/players/kate-rodgers-1.html,troy,2019-20
5,75,7,2019-12-04,Troy,,Auburn Montgomery,REG (Non-Conf),W 72-42,,19,0,5,.000,0,0,0,5,.000,.000,0,0,,5,6,11,0,0,2,1,3,0,1.0,Kate Rodgers,https://www.sports-reference.com/cbb/players/kate-rodgers-1.html,troy,2019-20
6,76,8,2019-12-11,Troy,,East Tennessee State,REG (Non-Conf),W 79-61,*,16,1,3,.333,0,0,1,3,.333,.333,2,2,1.000,3,6,9,2,1,1,0,4,4,7.7,Kate Rodgers,https://www.sports-reference.com/cbb/players/kate-rodgers-1.html,troy,2019-20
7,77,9,2019-12-15,Troy,@,Chattanooga,REG (Non-Conf),W 90-51,*,22,1,3,.333,0,0,1,3,.333,.333,4,5,.800,5,3,8,0,1,1,1,2,6,8.2,Kate Rodgers,https://www.sports-reference.com/cbb/players/kate-rodgers-1.html,troy,2019-20
8,78,10,2019-12-19,Troy,@,Toledo,REG (Non-Conf),W 71-64,*,21,0,3,.000,0,0,0,3,.000,.000,3,4,.750,3,5,8,0,0,2,2,2,3,2.7,Kate Rodgers,https://www.sports-reference.com/cbb/players/kate-rodgers-1.html,troy,2019-20
9,79,11,2019-12-20,Troy,,Kent State,REG (Non-Conf),W 71-64,*,12,0,1,.000,0,0,0,1,.000,.000,0,0,,1,2,3,0,0,1,1,5,0,-1.7,Kate Rodgers,https://www.sports-reference.com/cbb/players/kate-rodgers-1.html,troy,2019-20
10,80,12,2020-01-02,Troy,,Coastal Carolina,REG (Conf),W 84-77,*,26,2,3,.667,0,0,2,3,.667,.667,4,4,1.000,4,5,9,1,2,0,3,3,8,9.5,Kate Rodgers,https://www.sports-reference.com/cbb/players/kate-rodgers-1.html,troy,2019-20
11,81,13,2020-01-04,Troy,,Appalachian State,REG (Conf),W 84-55,*,12,0,3,.000,0,0,0,3,.000,.000,0,0,,3,3,6,1,2,1,1,0,0,3.3,Kate Rodgers,https://www.sports-reference.com/cbb/players/kate-rodgers-1.html,troy,2019-20
12,82,14,2020-01-08,Troy,@,Louisiana–Monroe,REG (Conf),W 72-65,*,24,3,5,.600,0,0,3,5,.600,.600,2,2,1.000,4,4,8,1,2,2,0,2,8,13.0,Kate Rodgers,https://www.sports-reference.com/cbb/players/kate-rodgers-1.html,troy,2019-20
13,83,15,2020-01-11,Troy,,Louisiana,REG (Conf),L 73-79,*,18,2,5,.400,0,0,2,5,.400,.400,2,4,.500,4,5,9,0,0,1,1,3,6,5.3,Kate Rodgers,https://www.sports-reference.com/cbb/players/kate-rodgers-1.html,troy,2019-20
14,84,16,2020-01-16,Troy,@,Georgia Southern,REG (Conf),W 79-69,*,26,1,5,.200,0,0,1,5,.200,.200,0,0,,3,6,9,0,0,3,2,3,2,1.7,Kate Rodgers,https://www.sports-reference.com/cbb/players/kate-rodgers-1.html,troy,2019-20
15,85,17,2020-01-18,Troy,@,Georgia State,REG (Conf),W 71-57,*,24,2,6,.333,0,0,2,6,.333,.333,0,0,,3,3,6,3,0,1,1,0,4,5.4,Kate Rodgers,https://www.sports-reference.com/cbb/players/kate-rodgers-1.html,troy,2019-20
16,86,18,2020-01-23,Troy,,Texas State,REG (Conf),W 84-50,*,17,1,3,.333,0,0,1,3,.333,.333,0,0,,0,6,6,1,0,3,4,1,2,0.5,Kate Rodgers,https://www.sports-reference.com/cbb/players/kate-rodgers-1.html,troy,2019-20
17,87,19,2020-01-25,Troy,,UT Arlington,REG (Conf),W 85-69,*,20,1,5,.200,0,0,1,5,.200,.200,5,7,.714,3,0,3,2,2,2,1,2,7,8.2,Kate Rodgers,https://www.sports-reference.com/cbb/players/kate-rodgers-1.html,troy,2019-20
18,88,20,2020-02-01,Troy,,South Alabama,REG (Conf),W 85-68,*,18,2,3,.667,0,0,2,3,.667,.667,0,0,,3,5,8,2,1,1,1,5,4,6.4,Kate Rodgers,https://www.sports-reference.com/cbb/players/kate-rodgers-1.html,troy,2019-20
19,89,21,2020-02-05,Troy,,Louisiana–Monroe,REG (Conf),W 77-65,*,12,1,2,.500,0,0,1,2,.500,.500,0,0,,1,5,6,1,0,0,4,1,2,-0.5,Kate Rodgers,https://www.sports-reference.com/cbb/players/kate-rodgers-1.html,troy,2019-20
20,90,22,2020-02-08,Troy,@,Louisiana,REG (Conf),W 67-64,*,25,1,3,.333,0,0,1,3,.333,.333,1,2,.500,2,10,12,0,2,0,2,2,3,4.5,Kate Rodgers,https://www.sports-reference.com/cbb/players/kate-rodgers-1.html,troy,2019-20
21,91,23,2020-02-13,Troy,@,Coastal Carolina,REG (Conf),L 103-124,*,15,4,4,1.000,0,0,4,4,1.000,1.000,0,0,,1,5,6,0,0,0,1,2,8,7.2,Kate Rodgers,https://www.sports-reference.com/cbb/players/kate-rodgers-1.html,troy,2019-20
22,92,24,2020-02-15,Troy,@,Appalachian State,REG (Conf),W 81-61,*,15,3,5,.600,0,0,3,5,.600,.600,0,0,,3,0,3,0,0,0,0,1,6,5.4,Kate Rodgers,https://www.sports-reference.com/cbb/players/kate-rodgers-1.html,troy,2019-20
23,93,25,2020-02-20,Troy,,Little Rock,REG (Conf),W 77-59,*,11,1,3,.333,0,0,1,3,.333,.333,0,0,,2,5,7,0,0,0,0,2,2,2.4,Kate Rodgers,https://www.sports-reference.com/cbb/players/kate-rodgers-1.html,troy,2019-20
24,94,26,2020-02-22,Troy,,Arkansas State,REG (Conf),W 79-64,*,13,1,4,.250,0,0,1,4,.250,.250,0,0,,3,2,5,0,0,0,2,3,2,-0.9,Kate Rodgers,https://www.sports-reference.com/cbb/players/kate-rodgers-1.html,troy,2019-20
25,95,27,2020-02-29,Troy,@,South Alabama,REG (Conf),W 77-73,*,7,0,3,.000,0,0,0,3,.000,.000,0,0,,2,0,2,0,0,0,0,1,0,-1.1,Kate Rodgers,https://www.sports-reference.com/cbb/players/kate-rodgers-1.html,troy,2019-20
26,96,28,2020-03-05,Troy,@,Little Rock,REG (Conf),W 70-54,*,10,3,4,.750,0,0,3,4,.750,.750,0,0,,2,2,4,1,1,0,0,1,6,7.7,Kate Rodgers,https://www.sports-reference.com/cbb/players/kate-rodgers-1.html,troy,2019-20
27,97,29,2020-03-07,Troy,@,Arkansas State,REG (Conf),W 91-81,*,15,3,5,.600,0,0,3,5,.600,.600,0,0,,2,5,7,0,2,2,1,2,6,8.2,Kate Rodgers,https://www.sports-reference.com/cbb/players/kate-rodgers-1.html,troy,2019-20
