ranker,player_game_num_career,team_game_num_season,date,team_name_abbr,game_location,opp_name_abbr,game_type,game_result,is_starter,mp,fg,fga,fg_pct,fg3,fg3a,fg3_pct,fg2,fg2a,fg2_pct,efg_pct,ft,fta,ft_pct,orb,drb,trb,ast,stl,blk,tov,pf,pts,game_score,player_name,player_sr_link,school,season
1,27,1,2019-11-05,Troy,,Fort Valley St.,REG (Non-Conf),W 101-52,,9,1,2,.500,0,0,,1,2,.500,.500,0,0,,0,2,2,1,1,1,1,2,2,2.2,Shawnta Shaw,https://www.sports-reference.com/cbb/players/shawnta-shaw-1.html,troy,2019-20
2,28,2,2019-11-12,Troy,@,Samford,REG (Non-Conf),W 74-65,,3,0,2,.000,0,0,,0,2,.000,.000,0,0,,1,2,3,0,0,0,3,0,0,-3.1,Shawnta Shaw,https://www.sports-reference.com/cbb/players/shawnta-shaw-1.html,troy,2019-20
3,29,3,2019-11-16,Troy,,Jacksonville State,REG (Non-Conf),W 94-64,,23,3,9,.333,0,0,,3,9,.333,.333,5,6,.833,0,0,0,0,4,0,0,1,11,9.1,Shawnta Shaw,https://www.sports-reference.com/cbb/players/shawnta-shaw-1.html,troy,2019-20
4,30,4,2019-11-18,Troy,@,Mississippi State,REG (Non-Conf),L 82-122,,11,0,4,.000,0,0,,0,4,.000,.000,0,0,,0,1,1,0,1,0,0,3,0,-2.7,Shawnta Shaw,https://www.sports-reference.com/cbb/players/shawnta-shaw-1.html,troy,2019-20
5,31,8,2019-12-11,Troy,,East Tennessee State,REG (Non-Conf),W 79-61,,3,0,0,,0,0,,0,0,,,0,0,,0,0,0,1,0,0,2,1,0,-1.7,Shawnta Shaw,https://www.sports-reference.com/cbb/players/shawnta-shaw-1.html,troy,2019-20
6,32,9,2019-12-15,Troy,@,Chattanooga,REG (Non-Conf),W 90-51,,8,0,3,.000,0,0,,0,3,.000,.000,1,2,.500,1,0,1,1,1,0,1,3,1,-1.3,Shawnta Shaw,https://www.sports-reference.com/cbb/players/shawnta-shaw-1.html,troy,2019-20
7,33,10,2019-12-19,Troy,@,Toledo,REG (Non-Conf),W 71-64,,5,0,1,.000,0,1,.000,0,0,,.000,0,0,,0,0,0,0,1,0,0,0,0,0.3,Shawnta Shaw,https://www.sports-reference.com/cbb/players/shawnta-shaw-1.html,troy,2019-20
8,34,11,2019-12-20,Troy,,Kent State,REG (Non-Conf),W 71-64,,2,0,1,.000,0,0,,0,1,.000,.000,0,0,,0,1,1,1,0,0,0,1,0,-0.1,Shawnta Shaw,https://www.sports-reference.com/cbb/players/shawnta-shaw-1.html,troy,2019-20
9,35,12,2020-01-02,Troy,,Coastal Carolina,REG (Conf),W 84-77,,1,0,0,,0,0,,0,0,,,0,0,,0,1,1,0,0,0,1,0,0,-0.7,Shawnta Shaw,https://www.sports-reference.com/cbb/players/shawnta-shaw-1.html,troy,2019-20
10,36,13,2020-01-04,Troy,,Appalachian State,REG (Conf),W 84-55,,11,0,1,.000,0,0,,0,1,.000,.000,0,0,,0,1,1,3,0,0,2,5,0,-2.3,Shawnta Shaw,https://www.sports-reference.com/cbb/players/shawnta-shaw-1.html,troy,2019-20
11,37,14,2020-01-08,Troy,@,Louisiana–Monroe,REG (Conf),W 72-65,,5,0,2,.000,0,0,,0,2,.000,.000,0,0,,0,1,1,1,0,0,0,0,0,-0.4,Shawnta Shaw,https://www.sports-reference.com/cbb/players/shawnta-shaw-1.html,troy,2019-20
12,38,18,2020-01-23,Troy,,Texas State,REG (Conf),W 84-50,,1,0,0,,0,0,,0,0,,,0,0,,0,0,0,0,0,0,0,1,0,-0.4,Shawnta Shaw,https://www.sports-reference.com/cbb/players/shawnta-shaw-1.html,troy,2019-20
13,39,20,2020-02-01,Troy,,South Alabama,REG (Conf),W 85-68,,2,1,1,1.000,0,0,,1,1,1.000,1.000,0,0,,0,0,0,0,0,0,0,0,2,1.7,Shawnta Shaw,https://www.sports-reference.com/cbb/players/shawnta-shaw-1.html,troy,2019-20
14,40,21,2020-02-05,Troy,,Louisiana–Monroe,REG (Conf),W 77-65,,3,0,1,.000,0,0,,0,1,.000,.000,0,0,,0,0,0,0,0,0,1,0,0,-1.7,Shawnta Shaw,https://www.sports-reference.com/cbb/players/shawnta-shaw-1.html,troy,2019-20
15,41,23,2020-02-13,Troy,@,Coastal Carolina,REG (Conf),L 103-124,,5,0,1,.000,0,0,,0,1,.000,.000,0,0,,0,0,0,2,0,0,0,2,0,-0.1,Shawnta Shaw,https://www.sports-reference.com/cbb/players/shawnta-shaw-1.html,troy,2019-20
16,42,24,2020-02-15,Troy,@,Appalachian State,REG (Conf),W 81-61,,5,0,1,.000,0,0,,0,1,.000,.000,0,2,.000,0,0,0,2,1,0,0,1,0,0.5,Shawnta Shaw,https://www.sports-reference.com/cbb/players/shawnta-shaw-1.html,troy,2019-20
17,43,26,2020-02-22,Troy,,Arkansas State,REG (Conf),W 79-64,,1,0,0,,0,0,,0,0,,,0,0,,0,0,0,0,0,0,0,0,0,0.0,Shawnta Shaw,https://www.sports-reference.com/cbb/players/shawnta-shaw-1.html,troy,2019-20
