ranker,player_game_num_career,team_game_num_season,date,team_name_abbr,game_location,opp_name_abbr,game_type,game_result,is_starter,mp,fg,fga,fg_pct,fg3,fg3a,fg3_pct,fg2,fg2a,fg2_pct,efg_pct,ft,fta,ft_pct,orb,drb,trb,ast,stl,blk,tov,pf,pts,game_score,player_name,player_sr_link,school,season
1,1,1,2019-11-05,Troy,,Fort Valley St.,REG (Non-Conf),W 101-52,,17,0,5,.000,0,4,.000,0,1,.000,.000,1,2,.500,0,2,2,0,3,1,1,0,1,0.4,Tiyah Johnson,https://www.sports-reference.com/cbb/players/tiyah-johnson-1.html,troy,2019-20
2,2,2,2019-11-12,Troy,@,Samford,REG (Non-Conf),W 74-65,*,29,4,14,.286,4,10,.400,0,4,.000,.429,0,0,,1,0,1,0,1,1,1,1,12,4.8,Tiyah Johnson,https://www.sports-reference.com/cbb/players/tiyah-johnson-1.html,troy,2019-20
3,3,3,2019-11-16,Troy,,Jacksonville State,REG (Non-Conf),W 94-64,*,17,0,4,.000,0,4,.000,0,0,,.000,2,2,1.000,0,6,6,0,0,0,0,1,2,0.6,Tiyah Johnson,https://www.sports-reference.com/cbb/players/tiyah-johnson-1.html,troy,2019-20
4,4,4,2019-11-18,Troy,@,Mississippi State,REG (Non-Conf),L 82-122,*,24,1,8,.125,0,5,.000,1,3,.333,.125,4,4,1.000,0,2,2,0,1,0,0,2,6,1.6,Tiyah Johnson,https://www.sports-reference.com/cbb/players/tiyah-johnson-1.html,troy,2019-20
5,5,5,2019-11-24,Troy,@,Duke,REG (Non-Conf),L 85-99,,24,5,10,.500,3,7,.429,2,3,.667,.650,0,0,,1,1,2,3,1,0,0,3,13,10.9,Tiyah Johnson,https://www.sports-reference.com/cbb/players/tiyah-johnson-1.html,troy,2019-20
6,6,6,2019-12-01,Troy,@,Bethune-Cookman,REG (Non-Conf),W 68-62,,11,0,2,.000,0,1,.000,0,1,.000,.000,0,0,,1,6,7,0,0,0,1,1,0,-0.3,Tiyah Johnson,https://www.sports-reference.com/cbb/players/tiyah-johnson-1.html,troy,2019-20
7,7,7,2019-12-04,Troy,,Auburn Montgomery,REG (Non-Conf),W 72-42,,12,0,6,.000,0,3,.000,0,3,.000,.000,0,0,,4,0,4,1,0,0,0,0,0,-0.7,Tiyah Johnson,https://www.sports-reference.com/cbb/players/tiyah-johnson-1.html,troy,2019-20
8,8,8,2019-12-11,Troy,,East Tennessee State,REG (Non-Conf),W 79-61,,12,2,4,.500,1,1,1.000,1,3,.333,.625,5,5,1.000,1,2,3,2,0,0,1,1,10,9.3,Tiyah Johnson,https://www.sports-reference.com/cbb/players/tiyah-johnson-1.html,troy,2019-20
9,9,9,2019-12-15,Troy,@,Chattanooga,REG (Non-Conf),W 90-51,,12,3,5,.600,1,3,.333,2,2,1.000,.700,0,0,,1,3,4,1,1,0,0,0,7,8.0,Tiyah Johnson,https://www.sports-reference.com/cbb/players/tiyah-johnson-1.html,troy,2019-20
10,10,10,2019-12-19,Troy,@,Toledo,REG (Non-Conf),W 71-64,*,13,0,5,.000,0,2,.000,0,3,.000,.000,2,2,1.000,2,0,2,0,1,0,0,4,2,-0.7,Tiyah Johnson,https://www.sports-reference.com/cbb/players/tiyah-johnson-1.html,troy,2019-20
11,11,11,2019-12-20,Troy,,Kent State,REG (Non-Conf),W 71-64,*,27,3,11,.273,0,4,.000,3,7,.429,.273,2,2,1.000,1,4,5,0,1,2,1,2,8,4.0,Tiyah Johnson,https://www.sports-reference.com/cbb/players/tiyah-johnson-1.html,troy,2019-20
12,12,12,2020-01-02,Troy,,Coastal Carolina,REG (Conf),W 84-77,*,21,2,6,.333,2,4,.500,0,2,.000,.500,6,6,1.000,1,3,4,0,2,0,0,1,12,11.8,Tiyah Johnson,https://www.sports-reference.com/cbb/players/tiyah-johnson-1.html,troy,2019-20
13,13,13,2020-01-04,Troy,,Appalachian State,REG (Conf),W 84-55,*,24,5,9,.556,3,6,.500,2,3,.667,.722,0,0,,1,5,6,1,3,0,0,0,13,14.6,Tiyah Johnson,https://www.sports-reference.com/cbb/players/tiyah-johnson-1.html,troy,2019-20
14,14,14,2020-01-08,Troy,@,Louisiana–Monroe,REG (Conf),W 72-65,*,18,1,5,.200,0,1,.000,1,4,.250,.200,3,4,.750,3,3,6,1,0,0,0,1,5,4.8,Tiyah Johnson,https://www.sports-reference.com/cbb/players/tiyah-johnson-1.html,troy,2019-20
15,15,15,2020-01-11,Troy,,Louisiana,REG (Conf),L 73-79,*,27,4,13,.308,1,6,.167,3,7,.429,.346,1,3,.333,3,4,7,0,0,0,0,1,10,4.6,Tiyah Johnson,https://www.sports-reference.com/cbb/players/tiyah-johnson-1.html,troy,2019-20
16,16,16,2020-01-16,Troy,@,Georgia Southern,REG (Conf),W 79-69,,13,3,7,.429,2,4,.500,1,3,.333,.571,1,5,.200,1,0,1,0,0,0,1,1,9,3.0,Tiyah Johnson,https://www.sports-reference.com/cbb/players/tiyah-johnson-1.html,troy,2019-20
17,17,17,2020-01-18,Troy,@,Georgia State,REG (Conf),W 71-57,*,15,1,3,.333,1,3,.333,0,0,,.500,0,0,,0,1,1,1,0,0,0,0,3,2.3,Tiyah Johnson,https://www.sports-reference.com/cbb/players/tiyah-johnson-1.html,troy,2019-20
18,18,18,2020-01-23,Troy,,Texas State,REG (Conf),W 84-50,,15,4,7,.571,2,5,.400,2,2,1.000,.714,0,0,,0,1,1,1,0,1,0,0,10,8.4,Tiyah Johnson,https://www.sports-reference.com/cbb/players/tiyah-johnson-1.html,troy,2019-20
19,19,19,2020-01-25,Troy,,UT Arlington,REG (Conf),W 85-69,,20,2,7,.286,0,4,.000,2,3,.667,.286,5,6,.833,2,3,5,0,1,0,1,3,9,5.6,Tiyah Johnson,https://www.sports-reference.com/cbb/players/tiyah-johnson-1.html,troy,2019-20
20,20,20,2020-02-01,Troy,,South Alabama,REG (Conf),W 85-68,,18,2,4,.500,1,2,.500,1,2,.500,.625,4,7,.571,2,1,3,1,3,0,2,3,9,8.0,Tiyah Johnson,https://www.sports-reference.com/cbb/players/tiyah-johnson-1.html,troy,2019-20
21,21,21,2020-02-05,Troy,,Louisiana–Monroe,REG (Conf),W 77-65,,21,1,8,.125,1,5,.200,0,3,.000,.188,0,0,,1,2,3,2,0,0,1,1,3,-0.9,Tiyah Johnson,https://www.sports-reference.com/cbb/players/tiyah-johnson-1.html,troy,2019-20
22,22,22,2020-02-08,Troy,@,Louisiana,REG (Conf),W 67-64,,5,0,0,,0,0,,0,0,,,0,0,,0,0,0,0,0,0,0,2,0,-0.8,Tiyah Johnson,https://www.sports-reference.com/cbb/players/tiyah-johnson-1.html,troy,2019-20
23,23,23,2020-02-13,Troy,@,Coastal Carolina,REG (Conf),L 103-124,,10,1,6,.167,0,5,.000,1,1,1.000,.167,0,0,,0,0,0,0,0,0,0,2,2,-2.6,Tiyah Johnson,https://www.sports-reference.com/cbb/players/tiyah-johnson-1.html,troy,2019-20
24,24,24,2020-02-15,Troy,@,Appalachian State,REG (Conf),W 81-61,,14,0,1,.000,0,1,.000,0,0,,.000,0,0,,1,1,2,1,0,0,0,2,0,0.2,Tiyah Johnson,https://www.sports-reference.com/cbb/players/tiyah-johnson-1.html,troy,2019-20
25,25,25,2020-02-20,Troy,,Little Rock,REG (Conf),W 77-59,,16,1,6,.167,0,2,.000,1,4,.250,.167,2,2,1.000,1,2,3,0,1,0,1,2,4,0.7,Tiyah Johnson,https://www.sports-reference.com/cbb/players/tiyah-johnson-1.html,troy,2019-20
26,26,26,2020-02-22,Troy,,Arkansas State,REG (Conf),W 79-64,,9,1,3,.333,1,3,.333,0,0,,.500,1,2,.500,0,1,1,0,0,1,2,1,4,0.5,Tiyah Johnson,https://www.sports-reference.com/cbb/players/tiyah-johnson-1.html,troy,2019-20
27,27,27,2020-02-29,Troy,@,South Alabama,REG (Conf),W 77-73,,14,1,2,.500,0,1,.000,1,1,1.000,.500,2,2,1.000,0,2,2,0,2,1,1,2,4,4.5,Tiyah Johnson,https://www.sports-reference.com/cbb/players/tiyah-johnson-1.html,troy,2019-20
28,28,28,2020-03-05,Troy,@,Little Rock,REG (Conf),W 70-54,,13,2,2,1.000,1,1,1.000,1,1,1.000,1.250,0,0,,0,3,3,0,0,0,1,0,5,4.3,Tiyah Johnson,https://www.sports-reference.com/cbb/players/tiyah-johnson-1.html,troy,2019-20
29,29,29,2020-03-07,Troy,@,Arkansas State,REG (Conf),W 91-81,,20,3,4,.750,2,3,.667,1,1,1.000,1.000,2,2,1.000,1,3,4,1,0,0,0,1,10,10.3,Tiyah Johnson,https://www.sports-reference.com/cbb/players/tiyah-johnson-1.html,troy,2019-20
