ranker,player_game_num_career,team_game_num_season,date,team_name_abbr,game_location,opp_name_abbr,game_type,game_result,is_starter,mp,fg,fga,fg_pct,fg3,fg3a,fg3_pct,fg2,fg2a,fg2_pct,efg_pct,ft,fta,ft_pct,orb,drb,trb,ast,stl,blk,tov,pf,pts,game_score,player_name,player_sr_link,school,season
1,1,1,2019-11-05,Troy,,Fort Valley St.,REG (Non-Conf),W 101-52,,18,3,7,.429,1,1,1.000,2,6,.333,.500,5,5,1.000,2,5,7,1,5,0,3,2,12,13.1,Tyasia Moore,https://www.sports-reference.com/cbb/players/tyasia-moore-1.html,troy,2019-20
2,2,2,2019-11-12,Troy,@,Samford,REG (Non-Conf),W 74-65,,8,0,6,.000,0,0,,0,6,.000,.000,0,0,,3,1,4,0,0,1,0,0,0,-1.1,Tyasia Moore,https://www.sports-reference.com/cbb/players/tyasia-moore-1.html,troy,2019-20
3,3,6,2019-12-01,Troy,@,Bethune-Cookman,REG (Non-Conf),W 68-62,,15,3,6,.500,0,0,,3,6,.500,.500,3,4,.750,6,4,10,1,0,0,1,2,9,9.9,Tyasia Moore,https://www.sports-reference.com/cbb/players/tyasia-moore-1.html,troy,2019-20
4,4,7,2019-12-04,Troy,,Auburn Montgomery,REG (Non-Conf),W 72-42,,16,2,9,.222,0,0,,2,9,.222,.222,2,2,1.000,3,4,7,0,2,1,3,0,6,3.5,Tyasia Moore,https://www.sports-reference.com/cbb/players/tyasia-moore-1.html,troy,2019-20
5,5,8,2019-12-11,Troy,,East Tennessee State,REG (Non-Conf),W 79-61,,11,2,5,.400,0,0,,2,5,.400,.400,0,0,,0,3,3,1,1,0,0,5,4,1.9,Tyasia Moore,https://www.sports-reference.com/cbb/players/tyasia-moore-1.html,troy,2019-20
6,6,9,2019-12-15,Troy,@,Chattanooga,REG (Non-Conf),W 90-51,*,17,2,7,.286,0,0,,2,7,.286,.286,2,3,.667,0,3,3,1,1,2,2,4,6,1.9,Tyasia Moore,https://www.sports-reference.com/cbb/players/tyasia-moore-1.html,troy,2019-20
7,7,10,2019-12-19,Troy,@,Toledo,REG (Non-Conf),W 71-64,,15,1,5,.200,0,0,,1,5,.200,.200,0,0,,0,5,5,0,1,1,1,1,2,0.7,Tyasia Moore,https://www.sports-reference.com/cbb/players/tyasia-moore-1.html,troy,2019-20
8,8,11,2019-12-20,Troy,,Kent State,REG (Non-Conf),W 71-64,,13,2,2,1.000,0,0,,2,2,1.000,1.000,0,0,,0,2,2,0,1,0,0,2,4,4.2,Tyasia Moore,https://www.sports-reference.com/cbb/players/tyasia-moore-1.html,troy,2019-20
9,9,12,2020-01-02,Troy,,Coastal Carolina,REG (Conf),W 84-77,,13,4,8,.500,0,0,,4,8,.500,.500,0,0,,3,2,5,0,1,0,0,4,8,6.1,Tyasia Moore,https://www.sports-reference.com/cbb/players/tyasia-moore-1.html,troy,2019-20
10,10,13,2020-01-04,Troy,,Appalachian State,REG (Conf),W 84-55,,17,5,11,.455,0,1,.000,5,10,.500,.455,0,0,,1,1,2,0,0,2,0,3,10,5.5,Tyasia Moore,https://www.sports-reference.com/cbb/players/tyasia-moore-1.html,troy,2019-20
11,11,14,2020-01-08,Troy,@,Louisiana–Monroe,REG (Conf),W 72-65,,10,1,2,.500,0,0,,1,2,.500,.500,0,0,,1,0,1,0,0,1,0,3,2,1.2,Tyasia Moore,https://www.sports-reference.com/cbb/players/tyasia-moore-1.html,troy,2019-20
12,12,15,2020-01-11,Troy,,Louisiana,REG (Conf),L 73-79,,7,0,3,.000,0,0,,0,3,.000,.000,0,0,,0,0,0,0,0,0,0,1,0,-2.5,Tyasia Moore,https://www.sports-reference.com/cbb/players/tyasia-moore-1.html,troy,2019-20
13,13,16,2020-01-16,Troy,@,Georgia Southern,REG (Conf),W 79-69,,19,6,9,.667,0,0,,6,9,.667,.667,0,3,.000,3,6,9,0,2,0,1,4,12,10.2,Tyasia Moore,https://www.sports-reference.com/cbb/players/tyasia-moore-1.html,troy,2019-20
14,14,17,2020-01-18,Troy,@,Georgia State,REG (Conf),W 71-57,,6,2,2,1.000,0,0,,2,2,1.000,1.000,0,0,,0,3,3,0,0,1,2,1,4,2.6,Tyasia Moore,https://www.sports-reference.com/cbb/players/tyasia-moore-1.html,troy,2019-20
15,15,18,2020-01-23,Troy,,Texas State,REG (Conf),W 84-50,,17,2,4,.500,0,0,,2,4,.500,.500,0,0,,2,3,5,2,0,1,0,3,4,5.2,Tyasia Moore,https://www.sports-reference.com/cbb/players/tyasia-moore-1.html,troy,2019-20
16,16,19,2020-01-25,Troy,,UT Arlington,REG (Conf),W 85-69,*,21,3,10,.300,0,0,,3,10,.300,.300,2,2,1.000,3,9,12,1,1,0,1,1,8,7.3,Tyasia Moore,https://www.sports-reference.com/cbb/players/tyasia-moore-1.html,troy,2019-20
17,17,20,2020-02-01,Troy,,South Alabama,REG (Conf),W 85-68,*,18,3,11,.273,0,0,,3,11,.273,.273,1,2,.500,2,1,3,0,1,2,0,2,7,3.4,Tyasia Moore,https://www.sports-reference.com/cbb/players/tyasia-moore-1.html,troy,2019-20
18,18,21,2020-02-05,Troy,,Louisiana–Monroe,REG (Conf),W 77-65,*,11,0,4,.000,0,1,.000,0,3,.000,.000,3,4,.750,2,2,4,0,0,1,0,1,3,2.1,Tyasia Moore,https://www.sports-reference.com/cbb/players/tyasia-moore-1.html,troy,2019-20
19,19,22,2020-02-08,Troy,@,Louisiana,REG (Conf),W 67-64,,14,2,9,.222,0,0,,2,9,.222,.222,2,4,.500,3,5,8,0,0,0,1,3,6,1.1,Tyasia Moore,https://www.sports-reference.com/cbb/players/tyasia-moore-1.html,troy,2019-20
20,20,23,2020-02-13,Troy,@,Coastal Carolina,REG (Conf),L 103-124,,13,3,7,.429,0,0,,3,7,.429,.429,0,4,.000,4,5,9,0,3,0,0,3,6,6.8,Tyasia Moore,https://www.sports-reference.com/cbb/players/tyasia-moore-1.html,troy,2019-20
21,21,24,2020-02-15,Troy,@,Appalachian State,REG (Conf),W 81-61,,20,4,6,.667,0,2,.000,4,4,1.000,.667,2,6,.333,1,3,4,0,1,0,2,2,10,5.6,Tyasia Moore,https://www.sports-reference.com/cbb/players/tyasia-moore-1.html,troy,2019-20
22,22,25,2020-02-20,Troy,,Little Rock,REG (Conf),W 77-59,*,16,2,9,.222,0,0,,2,9,.222,.222,2,2,1.000,2,3,5,0,0,0,1,1,6,1.4,Tyasia Moore,https://www.sports-reference.com/cbb/players/tyasia-moore-1.html,troy,2019-20
23,23,26,2020-02-22,Troy,,Arkansas State,REG (Conf),W 79-64,,17,4,6,.667,0,0,,4,6,.667,.667,0,2,.000,2,5,7,1,1,3,2,1,8,8.9,Tyasia Moore,https://www.sports-reference.com/cbb/players/tyasia-moore-1.html,troy,2019-20
24,24,27,2020-02-29,Troy,@,South Alabama,REG (Conf),W 77-73,,12,1,3,.333,0,0,,1,3,.333,.333,5,6,.833,1,0,1,2,0,0,0,1,7,6.6,Tyasia Moore,https://www.sports-reference.com/cbb/players/tyasia-moore-1.html,troy,2019-20
25,25,28,2020-03-05,Troy,@,Little Rock,REG (Conf),W 70-54,*,15,3,4,.750,0,0,,3,4,.750,.750,1,4,.250,0,2,2,1,1,3,2,0,7,6.6,Tyasia Moore,https://www.sports-reference.com/cbb/players/tyasia-moore-1.html,troy,2019-20
26,26,29,2020-03-07,Troy,@,Arkansas State,REG (Conf),W 91-81,,9,0,2,.000,0,0,,0,2,.000,.000,2,2,1.000,3,0,3,0,0,0,0,2,2,1.9,Tyasia Moore,https://www.sports-reference.com/cbb/players/tyasia-moore-1.html,troy,2019-20
