ranker,player_game_num_career,team_game_num_season,date,team_name_abbr,game_location,opp_name_abbr,game_type,game_result,is_starter,mp,fg,fga,fg_pct,fg3,fg3a,fg2,fg2a,fg2_pct,efg_pct,ft,fta,ft_pct,orb,drb,trb,ast,stl,blk,tov,pf,pts,game_score,player_name,player_sr_link,school,season
1,2,1,2024-11-04,Appalachian State,@,Miami (OH),REG (Non-Conf),L 48-75,,3,0,0,,0,0,0,0,,,0,0,,0,0,0,0,0,0,0,0,0,0.0,Georgia Gray,https://www.sports-reference.com/cbb/players/georgia-gray-1.html,appalachian-state,2024-25
2,3,2,2024-11-06,Appalachian State,,Columbia Intl,REG (Non-Conf),W 97-43,,4,0,0,,0,0,0,0,,,1,2,.500,1,1,2,0,0,0,1,0,1,0.6,Georgia Gray,https://www.sports-reference.com/cbb/players/georgia-gray-1.html,appalachian-state,2024-25
3,4,4,2024-11-20,Appalachian State,,Clinton College,REG (Non-Conf),W 101-44,,9,0,0,,0,0,0,0,,,0,2,.000,0,2,2,0,0,0,2,2,0,-3.0,Georgia Gray,https://www.sports-reference.com/cbb/players/georgia-gray-1.html,appalachian-state,2024-25
4,5,6,2024-11-27,Appalachian State,,Gardner-Webb,REG (Non-Conf),W 82-64,,5,0,1,.000,0,0,0,1,.000,.000,0,0,,0,2,2,0,0,0,3,3,0,-4.3,Georgia Gray,https://www.sports-reference.com/cbb/players/georgia-gray-1.html,appalachian-state,2024-25
5,6,7,2024-12-01,Appalachian State,@,Vanderbilt,REG (Non-Conf),L 40-94,,12,0,4,.000,0,0,0,4,.000,.000,0,0,,1,2,3,0,1,0,0,0,0,-0.5,Georgia Gray,https://www.sports-reference.com/cbb/players/georgia-gray-1.html,appalachian-state,2024-25
6,7,9,2024-12-17,Appalachian State,@,College of Charleston,REG (Non-Conf),L 47-83,,5,1,1,1.000,0,0,1,1,1.000,1.000,0,1,.000,1,1,2,0,0,0,0,0,2,2.3,Georgia Gray,https://www.sports-reference.com/cbb/players/georgia-gray-1.html,appalachian-state,2024-25
7,8,10,2024-12-21,Appalachian State,@,Mercer,REG (Non-Conf),W 74-61,,1,0,0,,0,0,0,0,,,0,0,,0,0,0,0,0,0,0,0,0,0.0,Georgia Gray,https://www.sports-reference.com/cbb/players/georgia-gray-1.html,appalachian-state,2024-25
8,9,13,2025-01-04,Appalachian State,@,Southern Mississippi,REG (Conf),W 76-56,,1,0,1,.000,0,0,0,1,.000,.000,0,0,,0,0,0,0,0,0,0,1,0,-1.1,Georgia Gray,https://www.sports-reference.com/cbb/players/georgia-gray-1.html,appalachian-state,2024-25
9,10,29,2025-02-28,Appalachian State,@,Coastal Carolina,REG (Conf),L 51-88,,1,0,0,,0,0,0,0,,,0,0,,0,0,0,0,0,0,0,0,0,0.0,Georgia Gray,https://www.sports-reference.com/cbb/players/georgia-gray-1.html,appalachian-state,2024-25
