ranker,player_game_num_career,team_game_num_season,date,team_name_abbr,game_location,opp_name_abbr,game_type,game_result,is_starter,mp,fg,fga,fg_pct,fg3,fg3a,fg3_pct,fg2,fg2a,fg2_pct,efg_pct,ft,fta,ft_pct,orb,drb,trb,ast,stl,blk,tov,pf,pts,game_score,player_name,player_sr_link,school,season
1,82,1,2024-11-04,Appalachian State,@,Miami (OH),REG (Non-Conf),L 48-75,,10,0,2,.000,0,0,,0,2,.000,.000,1,2,.500,1,3,4,0,0,0,2,3,1,-2.4,J'Mani Ingram,https://www.sports-reference.com/cbb/players/jmani-ingram-1.html,appalachian-state,2024-25
2,83,2,2024-11-06,Appalachian State,,Columbia Intl,REG (Non-Conf),W 97-43,,17,8,11,.727,0,1,.000,8,10,.800,.727,2,2,1.000,2,3,5,2,1,1,2,1,18,16.5,J'Mani Ingram,https://www.sports-reference.com/cbb/players/jmani-ingram-1.html,appalachian-state,2024-25
3,84,3,2024-11-16,Appalachian State,@,UNC Greensboro,REG (Non-Conf),L 55-68,,9,0,0,,0,0,,0,0,,,0,0,,0,1,1,0,0,0,1,1,0,-1.1,J'Mani Ingram,https://www.sports-reference.com/cbb/players/jmani-ingram-1.html,appalachian-state,2024-25
4,85,4,2024-11-20,Appalachian State,,Clinton College,REG (Non-Conf),W 101-44,,22,7,9,.778,0,0,,7,9,.778,.778,2,3,.667,6,2,8,3,3,0,0,4,16,20.4,J'Mani Ingram,https://www.sports-reference.com/cbb/players/jmani-ingram-1.html,appalachian-state,2024-25
5,86,5,2024-11-24,Appalachian State,,Richmond,REG (Non-Conf),L 61-73,,13,0,2,.000,0,0,,0,2,.000,.000,0,0,,2,3,5,1,0,0,4,4,0,-4.0,J'Mani Ingram,https://www.sports-reference.com/cbb/players/jmani-ingram-1.html,appalachian-state,2024-25
6,87,6,2024-11-27,Appalachian State,,Gardner-Webb,REG (Non-Conf),W 82-64,,22,6,10,.600,0,0,,6,10,.600,.600,2,2,1.000,1,1,2,3,0,0,2,3,14,9.3,J'Mani Ingram,https://www.sports-reference.com/cbb/players/jmani-ingram-1.html,appalachian-state,2024-25
7,88,7,2024-12-01,Appalachian State,@,Vanderbilt,REG (Non-Conf),L 40-94,,20,2,5,.400,0,0,,2,5,.400,.400,2,2,1.000,1,5,6,1,0,0,0,2,6,5.4,J'Mani Ingram,https://www.sports-reference.com/cbb/players/jmani-ingram-1.html,appalachian-state,2024-25
8,89,8,2024-12-07,Appalachian State,@,Wofford,REG (Non-Conf),L 63-71,,3,0,0,,0,0,,0,0,,,0,0,,0,0,0,0,0,0,0,1,0,-0.4,J'Mani Ingram,https://www.sports-reference.com/cbb/players/jmani-ingram-1.html,appalachian-state,2024-25
9,90,9,2024-12-17,Appalachian State,@,College of Charleston,REG (Non-Conf),L 47-83,,18,0,6,.000,0,0,,0,6,.000,.000,1,2,.500,2,2,4,0,1,0,1,0,1,-1.6,J'Mani Ingram,https://www.sports-reference.com/cbb/players/jmani-ingram-1.html,appalachian-state,2024-25
10,91,10,2024-12-21,Appalachian State,@,Mercer,REG (Non-Conf),W 74-61,,4,2,2,1.000,0,0,,2,2,1.000,1.000,0,0,,0,0,0,0,0,0,0,0,4,3.4,J'Mani Ingram,https://www.sports-reference.com/cbb/players/jmani-ingram-1.html,appalachian-state,2024-25
11,92,11,2024-12-29,Appalachian State,,Arkansas State,REG (Conf),W 77-62,,3,1,1,1.000,0,0,,1,1,1.000,1.000,1,2,.500,0,0,0,1,0,0,0,1,3,2.6,J'Mani Ingram,https://www.sports-reference.com/cbb/players/jmani-ingram-1.html,appalachian-state,2024-25
12,93,13,2025-01-04,Appalachian State,@,Southern Mississippi,REG (Conf),W 76-56,,18,7,9,.778,0,0,,7,9,.778,.778,3,4,.750,3,4,7,0,1,0,1,1,17,16.0,J'Mani Ingram,https://www.sports-reference.com/cbb/players/jmani-ingram-1.html,appalachian-state,2024-25
13,94,14,2025-01-09,Appalachian State,,Troy,REG (Conf),L 68-85,,11,1,4,.250,0,0,,1,4,.250,.250,1,4,.250,1,2,3,2,1,0,2,3,3,-0.1,J'Mani Ingram,https://www.sports-reference.com/cbb/players/jmani-ingram-1.html,appalachian-state,2024-25
14,95,15,2025-01-11,Appalachian State,,Coastal Carolina,REG (Conf),W 63-60,,7,1,3,.333,0,0,,1,3,.333,.333,0,0,,1,4,5,0,0,0,0,0,2,2.2,J'Mani Ingram,https://www.sports-reference.com/cbb/players/jmani-ingram-1.html,appalachian-state,2024-25
15,96,16,2025-01-15,Appalachian State,@,Old Dominion,REG (Conf),L 71-78,,3,1,1,1.000,0,0,,1,1,1.000,1.000,0,0,,0,0,0,0,0,0,1,1,2,0.3,J'Mani Ingram,https://www.sports-reference.com/cbb/players/jmani-ingram-1.html,appalachian-state,2024-25
16,97,17,2025-01-18,Appalachian State,@,Marshall,REG (Conf),W 68-64,,7,0,3,.000,0,0,,0,3,.000,.000,0,0,,2,0,2,1,0,0,2,0,0,-2.0,J'Mani Ingram,https://www.sports-reference.com/cbb/players/jmani-ingram-1.html,appalachian-state,2024-25
17,98,18,2025-01-23,Appalachian State,,Old Dominion,REG (Conf),W 74-66,,13,2,3,.667,0,0,,2,3,.667,.667,0,2,.000,1,2,3,0,0,0,0,0,4,3.2,J'Mani Ingram,https://www.sports-reference.com/cbb/players/jmani-ingram-1.html,appalachian-state,2024-25
18,99,19,2025-01-25,Appalachian State,,Georgia Southern,REG (Conf),W 60-56,,6,0,1,.000,0,0,,0,1,.000,.000,0,0,,0,0,0,0,0,0,1,0,0,-1.7,J'Mani Ingram,https://www.sports-reference.com/cbb/players/jmani-ingram-1.html,appalachian-state,2024-25
19,100,20,2025-01-30,Appalachian State,,Louisiana,REG (Conf),W 61-52,,7,1,1,1.000,0,0,,1,1,1.000,1.000,0,0,,1,2,3,0,0,0,0,0,2,3.0,J'Mani Ingram,https://www.sports-reference.com/cbb/players/jmani-ingram-1.html,appalachian-state,2024-25
20,101,21,2025-02-01,Appalachian State,,Georgia State,REG (Conf),L 55-62,,17,1,5,.200,0,0,,1,5,.200,.200,5,10,.500,1,4,5,1,2,0,1,3,7,4.3,J'Mani Ingram,https://www.sports-reference.com/cbb/players/jmani-ingram-1.html,appalachian-state,2024-25
21,102,22,2025-02-05,Appalachian State,@,Louisiana–Monroe,REG (Conf),W 73-71,,13,1,4,.250,0,0,,1,4,.250,.250,0,0,,0,4,4,0,0,0,0,3,2,-0.4,J'Mani Ingram,https://www.sports-reference.com/cbb/players/jmani-ingram-1.html,appalachian-state,2024-25
22,103,23,2025-02-08,Appalachian State,,Northern Illinois,REG (Non-Conf),L 62-75,,16,3,6,.500,0,0,,3,6,.500,.500,3,3,1.000,0,2,2,0,0,0,2,3,9,3.4,J'Mani Ingram,https://www.sports-reference.com/cbb/players/jmani-ingram-1.html,appalachian-state,2024-25
23,104,24,2025-02-13,Appalachian State,@,James Madison,REG (Conf),L 61-77,,1,0,0,,0,0,,0,0,,,0,0,,0,0,0,0,0,0,0,0,0,0.0,J'Mani Ingram,https://www.sports-reference.com/cbb/players/jmani-ingram-1.html,appalachian-state,2024-25
24,105,25,2025-02-15,Appalachian State,@,Georgia State,REG (Conf),L 50-53,,6,1,1,1.000,0,0,,1,1,1.000,1.000,0,0,,0,0,0,0,0,0,1,0,2,0.7,J'Mani Ingram,https://www.sports-reference.com/cbb/players/jmani-ingram-1.html,appalachian-state,2024-25
25,106,26,2025-02-19,Appalachian State,,Marshall,REG (Conf),L 58-76,,3,0,1,.000,0,0,,0,1,.000,.000,0,0,,0,0,0,0,0,0,1,1,0,-2.1,J'Mani Ingram,https://www.sports-reference.com/cbb/players/jmani-ingram-1.html,appalachian-state,2024-25
26,107,29,2025-02-28,Appalachian State,@,Coastal Carolina,REG (Conf),L 51-88,,10,1,4,.250,0,0,,1,4,.250,.250,2,3,.667,1,1,2,1,1,0,2,0,4,1.9,J'Mani Ingram,https://www.sports-reference.com/cbb/players/jmani-ingram-1.html,appalachian-state,2024-25
27,108,30,2025-03-07,Appalachian State,N,Marshall,CTOURN,L 66-75,,1,0,0,,0,0,,0,0,,,0,0,,0,0,0,0,0,0,0,0,0,0.0,J'Mani Ingram,https://www.sports-reference.com/cbb/players/jmani-ingram-1.html,appalachian-state,2024-25
