ranker,player_game_num_career,team_game_num_season,date,team_name_abbr,game_location,opp_name_abbr,game_type,game_result,is_starter,mp,fg,fga,fg_pct,fg3,fg3a,fg3_pct,fg2,fg2a,fg2_pct,efg_pct,ft,fta,ft_pct,orb,drb,trb,ast,stl,blk,tov,pf,pts,game_score,player_name,player_sr_link,school,season
1,24,2,2023-11-14,Troy,,Samford,REG (Non-Conf),L 61-65,,3,0,1,.000,0,0,,0,1,.000,.000,0,0,,0,0,0,0,0,0,0,0,0,-0.7,Shaniah Nunn,https://www.sports-reference.com/cbb/players/shaniah-nunn-1.html,troy,2023-24
2,25,3,2023-11-19,Troy,@,Tennessee,REG (Non-Conf),L 73-100,,12,1,3,.333,1,3,.333,0,0,,.500,0,2,.000,0,2,2,0,0,0,0,1,3,0.7,Shaniah Nunn,https://www.sports-reference.com/cbb/players/shaniah-nunn-1.html,troy,2023-24
3,26,4,2023-11-29,Troy,,Belmont,REG (Non-Conf),L 68-72,,13,2,5,.400,0,3,.000,2,2,1.000,.400,2,2,1.000,0,1,1,2,0,0,0,0,6,5.0,Shaniah Nunn,https://www.sports-reference.com/cbb/players/shaniah-nunn-1.html,troy,2023-24
4,27,5,2023-12-02,Troy,@,Memphis,REG (Non-Conf),L 88-100,,21,1,5,.200,0,1,.000,1,4,.250,.200,2,3,.667,3,3,6,2,1,2,1,1,4,5.9,Shaniah Nunn,https://www.sports-reference.com/cbb/players/shaniah-nunn-1.html,troy,2023-24
5,28,6,2023-12-06,Troy,@,Georgia,REG (Non-Conf),L 70-86,,2,0,1,.000,0,1,.000,0,0,,.000,0,0,,0,0,0,0,0,0,0,0,0,-0.7,Shaniah Nunn,https://www.sports-reference.com/cbb/players/shaniah-nunn-1.html,troy,2023-24
6,29,7,2023-12-09,Troy,,UT Martin,REG (Non-Conf),W 71-59,,4,0,1,.000,0,1,.000,0,0,,.000,0,0,,0,0,0,0,0,0,0,0,0,-0.7,Shaniah Nunn,https://www.sports-reference.com/cbb/players/shaniah-nunn-1.html,troy,2023-24
7,30,8,2023-12-17,Troy,@,Iowa State,REG (Non-Conf),L 68-105,,3,0,1,.000,0,1,.000,0,0,,.000,0,0,,0,0,0,1,1,0,0,0,0,1.0,Shaniah Nunn,https://www.sports-reference.com/cbb/players/shaniah-nunn-1.html,troy,2023-24
8,31,9,2023-12-20,Troy,N,Stephen F. Austin,REG (Non-Conf),W 98-78,,4,0,0,,0,0,,0,0,,,0,0,,1,0,1,0,0,0,0,0,0,0.7,Shaniah Nunn,https://www.sports-reference.com/cbb/players/shaniah-nunn-1.html,troy,2023-24
9,32,10,2023-12-21,Troy,N,New Mexico State,REG (Non-Conf),W 81-66,,2,0,0,,0,0,,0,0,,,0,0,,0,0,0,0,0,0,0,1,0,-0.4,Shaniah Nunn,https://www.sports-reference.com/cbb/players/shaniah-nunn-1.html,troy,2023-24
