ranker,player_game_num_career,team_game_num_season,date,team_name_abbr,game_location,opp_name_abbr,game_type,game_result,is_starter,mp,fg,fga,fg_pct,fg3,fg3a,fg2,fg2a,fg2_pct,efg_pct,ft,fta,ft_pct,orb,drb,trb,ast,stl,blk,tov,pf,pts,game_score,player_name,player_sr_link,school,season
1,1,1,2023-11-06,Brown,,Florida Gulf Coast,REG (Non-Conf),L 58-80,,2,0,0,,0,0,0,0,,,0,0,,0,0,0,0,0,0,0,0,0,0.0,Amiya Hopkins,https://www.sports-reference.com/cbb/players/amiya-hopkins-1.html,brown,2023-24
2,2,9,2023-12-03,Brown,,Johnson/Wales-RI,REG (Non-Conf),W 90-35,,13,5,8,.625,0,0,5,8,.625,.625,1,3,.333,3,2,5,1,0,0,0,1,11,9.6,Amiya Hopkins,https://www.sports-reference.com/cbb/players/amiya-hopkins-1.html,brown,2023-24
3,3,10,2023-12-05,Brown,,UMass Lowell,REG (Non-Conf),W 74-54,,5,1,2,.500,0,0,1,2,.500,.500,0,2,.000,2,1,3,0,0,0,0,2,2,1.1,Amiya Hopkins,https://www.sports-reference.com/cbb/players/amiya-hopkins-1.html,brown,2023-24
4,4,12,2023-12-30,Brown,@,San Diego,REG (Non-Conf),W 70-61,,2,0,0,,0,0,0,0,,,0,0,,1,0,1,0,0,0,0,1,0,0.3,Amiya Hopkins,https://www.sports-reference.com/cbb/players/amiya-hopkins-1.html,brown,2023-24
5,5,14,2024-01-06,Brown,@,Dartmouth,REG (Conf),W 65-39,,2,1,1,1.000,0,0,1,1,1.000,1.000,0,0,,0,1,1,0,0,0,1,0,2,1.0,Amiya Hopkins,https://www.sports-reference.com/cbb/players/amiya-hopkins-1.html,brown,2023-24
6,6,19,2024-02-02,Brown,@,Pennsylvania,REG (Conf),L 56-77,,4,0,1,.000,0,0,0,1,.000,.000,0,0,,0,0,0,0,0,0,0,0,0,-0.7,Amiya Hopkins,https://www.sports-reference.com/cbb/players/amiya-hopkins-1.html,brown,2023-24
7,7,27,2024-03-09,Brown,,Yale,REG (Conf),W 76-57,,1,0,0,,0,0,0,0,,,0,0,,0,0,0,0,0,0,0,0,0,0.0,Amiya Hopkins,https://www.sports-reference.com/cbb/players/amiya-hopkins-1.html,brown,2023-24
