ranker,player_game_num_career,team_game_num_season,date,team_name_abbr,game_location,opp_name_abbr,game_type,game_result,is_starter,mp,fg,fga,fg_pct,fg3,fg3a,fg3_pct,fg2,fg2a,fg2_pct,efg_pct,ft,fta,ft_pct,orb,drb,trb,ast,stl,blk,tov,pf,pts,game_score,player_name,player_sr_link,school,season
1,34,18,2024-01-27,Brown,,Dartmouth,REG (Conf),W 35-31,,9,1,2,.500,0,0,,1,2,.500,.500,0,0,,0,1,1,0,0,0,2,0,2,-0.7,Charlotte Jewell,https://www.sports-reference.com/cbb/players/charlotte-jewell-1.html,brown,2023-24
2,35,19,2024-02-02,Brown,@,Pennsylvania,REG (Conf),L 56-77,,12,1,3,.333,0,2,.000,1,1,1.000,.333,0,0,,1,1,2,2,0,0,1,0,2,1.7,Charlotte Jewell,https://www.sports-reference.com/cbb/players/charlotte-jewell-1.html,brown,2023-24
3,36,20,2024-02-03,Brown,@,Princeton,REG (Conf),L 63-76,,3,0,0,,0,0,,0,0,,,0,0,,0,0,0,0,0,0,0,0,0,0.0,Charlotte Jewell,https://www.sports-reference.com/cbb/players/charlotte-jewell-1.html,brown,2023-24
4,37,22,2024-02-16,Brown,,Princeton,REG (Conf),L 62-74,,8,0,0,,0,0,,0,0,,,0,0,,0,0,0,2,0,0,1,1,0,0.0,Charlotte Jewell,https://www.sports-reference.com/cbb/players/charlotte-jewell-1.html,brown,2023-24
5,38,23,2024-02-17,Brown,,Pennsylvania,REG (Conf),W 61-59,,8,0,1,.000,0,0,,0,1,.000,.000,1,2,.500,0,1,1,0,0,0,0,0,1,0.2,Charlotte Jewell,https://www.sports-reference.com/cbb/players/charlotte-jewell-1.html,brown,2023-24
6,39,24,2024-02-24,Brown,@,Harvard,REG (Conf),L 73-80,,5,0,2,.000,0,0,,0,2,.000,.000,0,0,,0,0,0,0,1,0,0,0,0,-0.4,Charlotte Jewell,https://www.sports-reference.com/cbb/players/charlotte-jewell-1.html,brown,2023-24
7,40,25,2024-03-01,Brown,,Columbia,REG (Conf),L 62-77,,6,0,1,.000,0,0,,0,1,.000,.000,0,0,,0,0,0,0,0,0,0,0,0,-0.7,Charlotte Jewell,https://www.sports-reference.com/cbb/players/charlotte-jewell-1.html,brown,2023-24
8,41,26,2024-03-02,Brown,,Cornell,REG (Conf),W 75-66,,0,0,0,,0,0,,0,0,,,0,0,,0,0,0,0,0,0,0,0,0,0.0,Charlotte Jewell,https://www.sports-reference.com/cbb/players/charlotte-jewell-1.html,brown,2023-24
9,42,27,2024-03-09,Brown,,Yale,REG (Conf),W 76-57,*,14,1,3,.333,0,0,,1,3,.333,.333,0,0,,0,1,1,2,1,0,1,1,2,1.6,Charlotte Jewell,https://www.sports-reference.com/cbb/players/charlotte-jewell-1.html,brown,2023-24
