ranker,player_game_num_career,team_game_num_season,date,team_name_abbr,game_location,opp_name_abbr,game_type,game_result,is_starter,mp,fg,fga,fg_pct,fg3,fg3a,fg3_pct,fg2,fg2a,fg2_pct,efg_pct,ft,fta,ft_pct,orb,drb,trb,ast,stl,blk,tov,pf,pts,game_score,player_name,player_sr_link,school,season
1,17,8,2022-11-30,Cornell,,Binghamton,REG (Non-Conf),W 71-48,,1,0,0,,0,0,,0,0,,,0,0,,0,0,0,0,0,0,0,0,0,0.0,Lexi Green,https://www.sports-reference.com/cbb/players/lexi-green-1.html,cornell,2022-23
2,18,10,2022-12-05,Cornell,@,Hartford,REG (Non-Conf),W 89-38,,4,0,1,.000,0,0,,0,1,.000,.000,0,0,,0,0,0,0,0,0,1,1,0,-2.1,Lexi Green,https://www.sports-reference.com/cbb/players/lexi-green-1.html,cornell,2022-23
3,19,11,2022-12-19,Cornell,@,Duquesne,REG (Non-Conf),L 60-87,,2,0,0,,0,0,,0,0,,,0,0,,0,0,0,0,0,0,0,0,0,0.0,Lexi Green,https://www.sports-reference.com/cbb/players/lexi-green-1.html,cornell,2022-23
4,20,12,2022-12-21,Cornell,@,Penn State,REG (Non-Conf),L 48-79,,7,1,1,1.000,0,0,,1,1,1.000,1.000,0,0,,0,0,0,0,0,0,0,0,2,1.7,Lexi Green,https://www.sports-reference.com/cbb/players/lexi-green-1.html,cornell,2022-23
5,21,13,2022-12-28,Cornell,,Clarion,REG (Non-Conf),W 93-49,,18,4,7,.571,1,2,.500,3,5,.600,.643,2,2,1.000,1,3,4,1,0,0,1,3,11,7.8,Lexi Green,https://www.sports-reference.com/cbb/players/lexi-green-1.html,cornell,2022-23
6,22,14,2023-01-01,Cornell,,Dartmouth,REG (Conf),W 61-48,,2,0,0,,0,0,,0,0,,,0,0,,0,0,0,0,0,0,1,0,0,-1.0,Lexi Green,https://www.sports-reference.com/cbb/players/lexi-green-1.html,cornell,2022-23
7,23,15,2023-01-06,Cornell,@,Pennsylvania,REG (Conf),L 54-62,,3,0,3,.000,0,1,.000,0,2,.000,.000,0,0,,1,0,1,0,0,0,0,0,0,-1.4,Lexi Green,https://www.sports-reference.com/cbb/players/lexi-green-1.html,cornell,2022-23
