ranker,player_game_num_career,team_game_num_season,date,team_name_abbr,game_location,opp_name_abbr,game_type,game_result,is_starter,mp,fg,fga,fg_pct,fg3,fg3a,fg2,fg2a,fg2_pct,efg_pct,ft,fta,ft_pct,orb,drb,trb,ast,stl,blk,tov,pf,pts,game_score,player_name,player_sr_link,school,season
1,114,1,2024-11-04,Winthrop,@,Georgia Tech,REG (Non-Conf),L 39-85,,13,3,4,.750,0,0,3,4,.750,.750,2,2,1.000,0,3,3,0,1,0,1,1,8,6.9,Nuria Cunill,https://www.sports-reference.com/cbb/players/nuria-cunill-1.html,winthrop,2024-25
2,115,2,2024-11-10,Winthrop,,Paine,REG (Non-Conf),W 111-32,,8,2,2,1.000,0,0,2,2,1.000,1.000,2,2,1.000,1,2,3,1,0,0,0,3,6,6.2,Nuria Cunill,https://www.sports-reference.com/cbb/players/nuria-cunill-1.html,winthrop,2024-25
3,116,3,2024-11-13,Winthrop,@,Queens (NC),REG (Non-Conf),W 69-52,,10,2,2,1.000,0,0,2,2,1.000,1.000,1,2,.500,1,1,2,0,0,0,1,0,5,4.0,Nuria Cunill,https://www.sports-reference.com/cbb/players/nuria-cunill-1.html,winthrop,2024-25
4,117,4,2024-11-17,Winthrop,@,Wake Forest,REG (Non-Conf),L 50-66,,14,1,3,.333,0,0,1,3,.333,.333,0,0,,1,0,1,0,0,0,3,0,2,-2.0,Nuria Cunill,https://www.sports-reference.com/cbb/players/nuria-cunill-1.html,winthrop,2024-25
5,118,5,2024-11-20,Winthrop,@,UNC Wilmington,REG (Non-Conf),L 48-66,,15,2,7,.286,0,0,2,7,.286,.286,0,0,,1,2,3,0,2,0,1,0,4,2.2,Nuria Cunill,https://www.sports-reference.com/cbb/players/nuria-cunill-1.html,winthrop,2024-25
6,119,6,2024-11-23,Winthrop,,North Florida,REG (Non-Conf),W 71-61,,10,1,1,1.000,0,0,1,1,1.000,1.000,0,0,,0,0,0,1,0,0,0,2,2,1.6,Nuria Cunill,https://www.sports-reference.com/cbb/players/nuria-cunill-1.html,winthrop,2024-25
7,120,8,2024-11-29,Winthrop,N,American,REG (Non-Conf),W 74-66,,12,0,1,.000,0,0,0,1,.000,.000,0,0,,1,5,6,0,1,0,1,2,0,0.7,Nuria Cunill,https://www.sports-reference.com/cbb/players/nuria-cunill-1.html,winthrop,2024-25
8,121,9,2024-11-30,Winthrop,N,Air Force,REG (Non-Conf),L 47-62,,3,0,1,.000,0,0,0,1,.000,.000,0,0,,0,0,0,0,0,0,0,0,0,-0.7,Nuria Cunill,https://www.sports-reference.com/cbb/players/nuria-cunill-1.html,winthrop,2024-25
9,122,10,2024-12-11,Winthrop,,South Carolina State,REG (Non-Conf),W 55-46,,18,4,6,.667,0,0,4,6,.667,.667,4,5,.800,2,3,5,1,1,0,1,2,12,11.2,Nuria Cunill,https://www.sports-reference.com/cbb/players/nuria-cunill-1.html,winthrop,2024-25
10,123,11,2024-12-16,Winthrop,@,Charlotte,REG (Non-Conf),L 47-55,,16,2,3,.667,0,0,2,3,.667,.667,2,2,1.000,1,0,1,1,1,1,0,0,6,7.8,Nuria Cunill,https://www.sports-reference.com/cbb/players/nuria-cunill-1.html,winthrop,2024-25
11,124,12,2024-12-20,Winthrop,,North Carolina Central,REG (Non-Conf),L 71-76,,8,1,3,.333,0,0,1,3,.333,.333,0,0,,0,0,0,1,1,0,1,0,2,1.0,Nuria Cunill,https://www.sports-reference.com/cbb/players/nuria-cunill-1.html,winthrop,2024-25
12,125,13,2024-12-29,Winthrop,@,Tennessee,REG (Non-Conf),L 50-114,,6,0,0,,0,0,0,0,,,0,0,,0,0,0,0,0,0,1,0,0,-1.0,Nuria Cunill,https://www.sports-reference.com/cbb/players/nuria-cunill-1.html,winthrop,2024-25
13,126,15,2025-01-04,Winthrop,,Radford,REG (Conf),W 65-58,,4,0,1,.000,0,0,0,1,.000,.000,0,0,,0,0,0,0,2,0,0,0,0,1.3,Nuria Cunill,https://www.sports-reference.com/cbb/players/nuria-cunill-1.html,winthrop,2024-25
14,127,17,2025-01-11,Winthrop,@,Longwood,REG (Conf),L 59-77,,3,0,0,,0,0,0,0,,,0,0,,0,0,0,0,0,0,0,0,0,0.0,Nuria Cunill,https://www.sports-reference.com/cbb/players/nuria-cunill-1.html,winthrop,2024-25
15,128,19,2025-01-18,Winthrop,,UNC Asheville,REG (Conf),W 63-43,,7,1,1,1.000,0,0,1,1,1.000,1.000,1,2,.500,0,0,0,2,0,0,2,1,3,1.3,Nuria Cunill,https://www.sports-reference.com/cbb/players/nuria-cunill-1.html,winthrop,2024-25
16,129,20,2025-01-25,Winthrop,,High Point,REG (Conf),L 55-73,,11,0,0,,0,0,0,0,,,1,2,.500,1,1,2,0,0,0,2,0,1,-0.4,Nuria Cunill,https://www.sports-reference.com/cbb/players/nuria-cunill-1.html,winthrop,2024-25
17,130,21,2025-01-29,Winthrop,@,Presbyterian,REG (Conf),W 67-58 (OT),,11,1,2,.500,0,0,1,2,.500,.500,0,0,,1,2,3,1,0,0,0,0,2,3.0,Nuria Cunill,https://www.sports-reference.com/cbb/players/nuria-cunill-1.html,winthrop,2024-25
18,131,22,2025-02-01,Winthrop,@,Gardner-Webb,REG (Conf),L 54-66,,8,1,2,.500,0,0,1,2,.500,.500,0,0,,1,0,1,0,1,0,0,1,2,2.3,Nuria Cunill,https://www.sports-reference.com/cbb/players/nuria-cunill-1.html,winthrop,2024-25
19,132,23,2025-02-05,Winthrop,,Charleston Southern,REG (Conf),W 54-47,,9,2,2,1.000,0,0,2,2,1.000,1.000,0,0,,0,1,1,0,0,0,0,1,4,3.3,Nuria Cunill,https://www.sports-reference.com/cbb/players/nuria-cunill-1.html,winthrop,2024-25
20,133,24,2025-02-08,Winthrop,,USC Upstate,REG (Conf),L 48-52,,12,1,2,.500,0,0,1,2,.500,.500,1,2,.500,2,0,2,0,0,1,0,0,3,3.7,Nuria Cunill,https://www.sports-reference.com/cbb/players/nuria-cunill-1.html,winthrop,2024-25
21,134,25,2025-02-12,Winthrop,@,Radford,REG (Conf),W 78-68,,3,0,0,,0,0,0,0,,,0,0,,0,0,0,0,0,0,1,0,0,-1.0,Nuria Cunill,https://www.sports-reference.com/cbb/players/nuria-cunill-1.html,winthrop,2024-25
22,135,26,2025-02-15,Winthrop,@,High Point,REG (Conf),L 56-69,,6,1,1,1.000,0,0,1,1,1.000,1.000,0,0,,0,2,2,0,0,0,1,1,2,0.9,Nuria Cunill,https://www.sports-reference.com/cbb/players/nuria-cunill-1.html,winthrop,2024-25
23,136,27,2025-02-19,Winthrop,,Presbyterian,REG (Conf),W 60-55,,10,0,0,,0,0,0,0,,,0,0,,0,3,3,0,0,0,1,0,0,-0.1,Nuria Cunill,https://www.sports-reference.com/cbb/players/nuria-cunill-1.html,winthrop,2024-25
24,137,28,2025-02-26,Winthrop,,Longwood,REG (Conf),L 55-59,,10,2,4,.500,0,0,2,4,.500,.500,0,1,.000,1,2,3,0,1,0,1,0,4,2.9,Nuria Cunill,https://www.sports-reference.com/cbb/players/nuria-cunill-1.html,winthrop,2024-25
25,138,29,2025-03-01,Winthrop,@,UNC Asheville,REG (Conf),W 71-66,,8,0,0,,0,0,0,0,,,0,0,,0,2,2,1,0,0,1,0,0,0.3,Nuria Cunill,https://www.sports-reference.com/cbb/players/nuria-cunill-1.html,winthrop,2024-25
26,139,30,2025-03-06,Winthrop,N,Charleston Southern,CTOURN,W 48-45,,10,1,3,.333,0,0,1,3,.333,.333,0,0,,0,4,4,0,0,0,1,2,2,-0.3,Nuria Cunill,https://www.sports-reference.com/cbb/players/nuria-cunill-1.html,winthrop,2024-25
27,140,31,2025-03-08,Winthrop,N,High Point,CTOURN,L 49-64,,2,0,0,,0,0,0,0,,,0,0,,0,0,0,0,0,0,0,0,0,0.0,Nuria Cunill,https://www.sports-reference.com/cbb/players/nuria-cunill-1.html,winthrop,2024-25
