ranker,player_game_num_career,team_game_num_season,date,team_name_abbr,game_location,opp_name_abbr,game_type,game_result,is_starter,mp,fg,fga,fg_pct,fg3,fg3a,fg2,fg2a,fg2_pct,efg_pct,ft,fta,ft_pct,orb,drb,trb,ast,stl,blk,tov,pf,pts,game_score,player_name,player_sr_link,school,season
1,49,1,2024-11-04,Winthrop,@,Georgia Tech,REG (Non-Conf),L 39-85,,2,0,0,,0,0,0,0,,,0,0,,0,0,0,0,0,0,0,0,0,0.0,Prunelle Mungo,https://www.sports-reference.com/cbb/players/prunelle-mungo-1.html,winthrop,2024-25
2,50,2,2024-11-10,Winthrop,,Paine,REG (Non-Conf),W 111-32,,10,1,2,.500,0,0,1,2,.500,.500,0,2,.000,2,1,3,0,0,0,1,3,2,-0.3,Prunelle Mungo,https://www.sports-reference.com/cbb/players/prunelle-mungo-1.html,winthrop,2024-25
3,51,7,2024-11-26,Winthrop,,Johnson/Wales-NC,REG (Non-Conf),W 96-39,,12,1,4,.250,0,0,1,4,.250,.250,1,2,.500,4,1,5,0,0,0,1,1,3,1.9,Prunelle Mungo,https://www.sports-reference.com/cbb/players/prunelle-mungo-1.html,winthrop,2024-25
4,52,13,2024-12-29,Winthrop,@,Tennessee,REG (Non-Conf),L 50-114,,2,0,0,,0,0,0,0,,,0,0,,0,0,0,0,0,0,0,0,0,0.0,Prunelle Mungo,https://www.sports-reference.com/cbb/players/prunelle-mungo-1.html,winthrop,2024-25
5,53,19,2025-01-18,Winthrop,,UNC Asheville,REG (Conf),W 63-43,,1,0,0,,0,0,0,0,,,0,0,,0,0,0,0,0,0,0,0,0,0.0,Prunelle Mungo,https://www.sports-reference.com/cbb/players/prunelle-mungo-1.html,winthrop,2024-25
6,54,22,2025-02-01,Winthrop,@,Gardner-Webb,REG (Conf),L 54-66,,2,0,0,,0,0,0,0,,,0,0,,0,0,0,0,0,0,0,0,0,0.0,Prunelle Mungo,https://www.sports-reference.com/cbb/players/prunelle-mungo-1.html,winthrop,2024-25
7,55,24,2025-02-08,Winthrop,,USC Upstate,REG (Conf),L 48-52,,1,0,0,,0,0,0,0,,,0,0,,0,1,1,0,0,0,0,0,0,0.3,Prunelle Mungo,https://www.sports-reference.com/cbb/players/prunelle-mungo-1.html,winthrop,2024-25
8,56,28,2025-02-26,Winthrop,,Longwood,REG (Conf),L 55-59,,2,0,0,,0,0,0,0,,,0,0,,0,0,0,0,0,0,1,0,0,-1.0,Prunelle Mungo,https://www.sports-reference.com/cbb/players/prunelle-mungo-1.html,winthrop,2024-25
9,57,30,2025-03-06,Winthrop,N,Charleston Southern,CTOURN,W 48-45,,2,0,0,,0,0,0,0,,,0,0,,1,0,1,0,0,0,0,1,0,0.3,Prunelle Mungo,https://www.sports-reference.com/cbb/players/prunelle-mungo-1.html,winthrop,2024-25
