ranker,player_game_num_career,team_game_num_season,date,team_name_abbr,game_location,opp_name_abbr,game_type,game_result,is_starter,mp,fg,fga,fg_pct,fg3,fg3a,fg3_pct,fg2,fg2a,fg2_pct,efg_pct,ft,fta,ft_pct,orb,drb,trb,ast,stl,blk,tov,pf,pts,game_score,player_name,player_sr_link,school,season
1,55,1,2019-11-05,Long Beach State,@,California Baptist,REG (Non-Conf),L 70-79,,4,0,1,.000,0,0,,0,1,.000,.000,0,0,,0,0,0,0,1,0,0,0,0,0.3,Aaryon Green,https://www.sports-reference.com/cbb/players/aaryon-green-1.html,long-beach-state,2019-20
2,56,2,2019-11-09,Long Beach State,,Westcliff,REG (Non-Conf),W 94-47,*,10,2,2,1.000,0,0,,2,2,1.000,1.000,0,0,,2,0,2,1,0,0,0,2,4,4.7,Aaryon Green,https://www.sports-reference.com/cbb/players/aaryon-green-1.html,long-beach-state,2019-20
3,57,3,2019-11-14,Long Beach State,@,UCLA,REG (Non-Conf),L 51-86,,2,0,0,,0,0,,0,0,,,0,0,,0,0,0,0,0,0,1,0,0,-1.0,Aaryon Green,https://www.sports-reference.com/cbb/players/aaryon-green-1.html,long-beach-state,2019-20
4,58,4,2019-11-18,Long Beach State,,Utah State,REG (Non-Conf),L 48-56,*,15,2,3,.667,0,0,,2,3,.667,.667,0,0,,2,0,2,0,0,0,2,2,4,1.3,Aaryon Green,https://www.sports-reference.com/cbb/players/aaryon-green-1.html,long-beach-state,2019-20
5,59,5,2019-11-23,Long Beach State,,Loyola Marymount,REG (Non-Conf),L 57-70,,6,0,0,,0,0,,0,0,,,1,2,.500,1,2,3,0,0,0,1,0,1,0.9,Aaryon Green,https://www.sports-reference.com/cbb/players/aaryon-green-1.html,long-beach-state,2019-20
6,60,6,2019-11-29,Long Beach State,,Penn State,REG (Non-Conf),W 64-56,,17,1,1,1.000,0,0,,1,1,1.000,1.000,0,2,.000,1,1,2,0,0,0,0,3,2,0.7,Aaryon Green,https://www.sports-reference.com/cbb/players/aaryon-green-1.html,long-beach-state,2019-20
7,61,7,2019-11-30,Long Beach State,@,California,REG (Non-Conf),L 45-68,,6,0,2,.000,0,0,,0,2,.000,.000,2,2,1.000,0,0,0,1,0,0,0,0,2,1.3,Aaryon Green,https://www.sports-reference.com/cbb/players/aaryon-green-1.html,long-beach-state,2019-20
8,62,8,2019-12-06,Long Beach State,@,Santa Clara,REG (Non-Conf),W 54-46,,16,3,9,.333,0,1,.000,3,8,.375,.333,1,1,1.000,2,1,3,0,1,0,0,0,7,4.6,Aaryon Green,https://www.sports-reference.com/cbb/players/aaryon-green-1.html,long-beach-state,2019-20
9,63,9,2019-12-08,Long Beach State,@,Seattle,REG (Non-Conf),L 54-66,,20,2,4,.500,0,0,,2,4,.500,.500,0,0,,1,1,2,0,2,0,0,0,4,5.0,Aaryon Green,https://www.sports-reference.com/cbb/players/aaryon-green-1.html,long-beach-state,2019-20
10,64,10,2019-12-14,Long Beach State,,Oregon,REG (Non-Conf),L 45-81,*,29,2,4,.500,0,0,,2,4,.500,.500,0,0,,1,5,6,3,1,0,2,1,4,4.9,Aaryon Green,https://www.sports-reference.com/cbb/players/aaryon-green-1.html,long-beach-state,2019-20
11,65,11,2019-12-18,Long Beach State,,Air Force,REG (Non-Conf),W 74-68 (OT),*,33,3,8,.375,0,0,,3,8,.375,.375,2,4,.500,4,2,6,1,1,0,1,1,8,6.5,Aaryon Green,https://www.sports-reference.com/cbb/players/aaryon-green-1.html,long-beach-state,2019-20
12,66,12,2019-12-20,Long Beach State,,Texas–Rio Grande Valley,REG (Non-Conf),W 69-65,*,13,2,3,.667,0,0,,2,3,.667,.667,0,0,,4,1,5,0,2,0,1,0,4,6.8,Aaryon Green,https://www.sports-reference.com/cbb/players/aaryon-green-1.html,long-beach-state,2019-20
13,67,13,2019-12-21,Long Beach State,@,Southern California,REG (Non-Conf),L 40-57,*,13,0,0,,0,0,,0,0,,,0,0,,1,0,1,1,1,2,1,2,0,2.0,Aaryon Green,https://www.sports-reference.com/cbb/players/aaryon-green-1.html,long-beach-state,2019-20
14,68,14,2020-01-09,Long Beach State,,Cal Poly,REG (Conf),W 72-69,*,21,1,4,.250,0,0,,1,4,.250,.250,0,0,,0,3,3,0,0,0,0,3,2,-0.7,Aaryon Green,https://www.sports-reference.com/cbb/players/aaryon-green-1.html,long-beach-state,2019-20
15,69,15,2020-01-11,Long Beach State,@,Cal State Fullerton,REG (Conf),L 65-69,*,35,3,7,.429,0,1,.000,3,6,.500,.429,1,1,1.000,0,3,3,0,3,2,1,2,7,6.8,Aaryon Green,https://www.sports-reference.com/cbb/players/aaryon-green-1.html,long-beach-state,2019-20
16,70,16,2020-01-16,Long Beach State,@,UC Davis,REG (Conf),L 55-57,*,25,2,3,.667,0,0,,2,3,.667,.667,0,2,.000,3,3,6,1,1,1,1,4,4,4.7,Aaryon Green,https://www.sports-reference.com/cbb/players/aaryon-green-1.html,long-beach-state,2019-20
17,71,17,2020-01-18,Long Beach State,,Cal State Northridge,REG (Conf),W 60-52,*,33,4,5,.800,0,0,,4,5,.800,.800,0,0,,2,2,4,1,2,1,1,1,8,10.1,Aaryon Green,https://www.sports-reference.com/cbb/players/aaryon-green-1.html,long-beach-state,2019-20
18,72,18,2020-01-23,Long Beach State,,Hawaii,REG (Conf),W 62-55,*,26,1,3,.333,0,1,.000,1,2,.500,.333,0,0,,1,3,4,0,1,0,0,3,2,1.7,Aaryon Green,https://www.sports-reference.com/cbb/players/aaryon-green-1.html,long-beach-state,2019-20
19,73,19,2020-01-25,Long Beach State,@,UC Irvine,REG (Conf),W 56-46,*,34,4,12,.333,0,1,.000,4,11,.364,.333,1,2,.500,2,4,6,1,3,0,5,2,9,2.3,Aaryon Green,https://www.sports-reference.com/cbb/players/aaryon-green-1.html,long-beach-state,2019-20
20,74,20,2020-01-30,Long Beach State,,UC Riverside,REG (Conf),W 73-67 (2OT),*,35,2,6,.333,0,0,,2,6,.333,.333,0,2,.000,7,5,12,1,5,1,4,2,4,7.8,Aaryon Green,https://www.sports-reference.com/cbb/players/aaryon-green-1.html,long-beach-state,2019-20
21,75,21,2020-02-01,Long Beach State,@,Hawaii,REG (Conf),L 44-68,*,13,0,1,.000,0,0,,0,1,.000,.000,0,0,,0,2,2,0,2,0,1,3,0,-0.3,Aaryon Green,https://www.sports-reference.com/cbb/players/aaryon-green-1.html,long-beach-state,2019-20
22,76,22,2020-02-08,Long Beach State,@,Cal Poly,REG (Conf),L 41-61,*,19,1,1,1.000,0,0,,1,1,1.000,1.000,0,1,.000,1,0,1,0,0,0,2,3,2,-1.2,Aaryon Green,https://www.sports-reference.com/cbb/players/aaryon-green-1.html,long-beach-state,2019-20
23,77,23,2020-02-13,Long Beach State,,UC Santa Barbara,REG (Conf),W 59-53,*,14,3,7,.429,0,0,,3,7,.429,.429,0,0,,3,1,4,0,0,0,0,1,6,4.3,Aaryon Green,https://www.sports-reference.com/cbb/players/aaryon-green-1.html,long-beach-state,2019-20
24,78,24,2020-02-15,Long Beach State,@,UC Riverside,REG (Conf),L 57-58,*,5,0,0,,0,0,,0,0,,,0,0,,0,0,0,0,0,0,1,0,0,-1.0,Aaryon Green,https://www.sports-reference.com/cbb/players/aaryon-green-1.html,long-beach-state,2019-20
25,79,25,2020-02-20,Long Beach State,,UC Irvine,REG (Conf),L 61-70,*,24,4,8,.500,0,0,,4,8,.500,.500,0,0,,3,4,7,0,1,0,3,3,8,4.1,Aaryon Green,https://www.sports-reference.com/cbb/players/aaryon-green-1.html,long-beach-state,2019-20
26,80,26,2020-02-27,Long Beach State,@,Cal State Northridge,REG (Conf),L 54-66,*,23,2,4,.500,0,0,,2,4,.500,.500,2,6,.333,2,1,3,2,1,0,0,0,6,6.5,Aaryon Green,https://www.sports-reference.com/cbb/players/aaryon-green-1.html,long-beach-state,2019-20
27,81,27,2020-02-29,Long Beach State,@,UC Santa Barbara,REG (Conf),L 47-55,*,24,0,3,.000,0,0,,0,3,.000,.000,2,2,1.000,4,1,5,0,0,1,0,1,2,3.3,Aaryon Green,https://www.sports-reference.com/cbb/players/aaryon-green-1.html,long-beach-state,2019-20
28,82,28,2020-03-04,Long Beach State,,Cal State Fullerton,REG (Conf),W 52-49,,19,2,3,.667,0,0,,2,3,.667,.667,0,2,.000,2,2,4,0,0,1,0,0,4,4.6,Aaryon Green,https://www.sports-reference.com/cbb/players/aaryon-green-1.html,long-beach-state,2019-20
29,83,29,2020-03-07,Long Beach State,,UC Davis,REG (Conf),W 66-57,*,20,2,4,.500,0,0,,2,4,.500,.500,1,1,1.000,1,2,3,0,1,0,1,2,5,3.5,Aaryon Green,https://www.sports-reference.com/cbb/players/aaryon-green-1.html,long-beach-state,2019-20
30,84,30,2020-03-10,Long Beach State,,Cal Poly,CTOURN,L 48-59,*,15,3,3,1.000,0,0,,3,3,1.000,1.000,0,0,,1,1,2,0,1,1,1,1,6,6.4,Aaryon Green,https://www.sports-reference.com/cbb/players/aaryon-green-1.html,long-beach-state,2019-20
