ranker,player_game_num_career,team_game_num_season,date,team_name_abbr,game_location,opp_name_abbr,game_type,game_result,is_starter,mp,fg,fga,fg_pct,fg3,fg3a,fg3_pct,fg2,fg2a,fg2_pct,efg_pct,ft,fta,ft_pct,orb,drb,trb,ast,stl,blk,tov,pf,pts,game_score,player_name,player_sr_link,school,season
1,1,2,2019-11-09,Long Beach State,,Westcliff,REG (Non-Conf),W 94-47,,16,3,8,.375,3,6,.500,0,2,.000,.563,3,5,.600,2,2,4,1,1,0,0,2,12,9.7,Alexis Legan,https://www.sports-reference.com/cbb/players/alexis-legan-1.html,long-beach-state,2019-20
2,2,3,2019-11-14,Long Beach State,@,UCLA,REG (Non-Conf),L 51-86,,5,0,1,.000,0,1,.000,0,0,,.000,0,0,,0,0,0,0,0,0,0,0,0,-0.7,Alexis Legan,https://www.sports-reference.com/cbb/players/alexis-legan-1.html,long-beach-state,2019-20
3,3,4,2019-11-18,Long Beach State,,Utah State,REG (Non-Conf),L 48-56,,7,3,3,1.000,3,3,1.000,0,0,,1.500,0,0,,0,0,0,0,1,0,0,1,9,8.7,Alexis Legan,https://www.sports-reference.com/cbb/players/alexis-legan-1.html,long-beach-state,2019-20
4,4,5,2019-11-23,Long Beach State,,Loyola Marymount,REG (Non-Conf),L 57-70,,6,0,2,.000,0,0,,0,2,.000,.000,0,0,,0,0,0,1,0,0,0,3,0,-1.9,Alexis Legan,https://www.sports-reference.com/cbb/players/alexis-legan-1.html,long-beach-state,2019-20
5,5,7,2019-11-30,Long Beach State,@,California,REG (Non-Conf),L 45-68,,1,0,1,.000,0,1,.000,0,0,,.000,0,0,,0,0,0,0,0,0,0,0,0,-0.7,Alexis Legan,https://www.sports-reference.com/cbb/players/alexis-legan-1.html,long-beach-state,2019-20
6,6,9,2019-12-08,Long Beach State,@,Seattle,REG (Non-Conf),L 54-66,,8,1,3,.333,0,2,.000,1,1,1.000,.333,0,0,,0,0,0,0,0,0,0,2,2,-0.5,Alexis Legan,https://www.sports-reference.com/cbb/players/alexis-legan-1.html,long-beach-state,2019-20
7,7,11,2019-12-18,Long Beach State,,Air Force,REG (Non-Conf),W 74-68 (OT),,3,0,0,,0,0,,0,0,,,0,0,,1,0,1,0,0,0,1,0,0,-0.3,Alexis Legan,https://www.sports-reference.com/cbb/players/alexis-legan-1.html,long-beach-state,2019-20
8,8,12,2019-12-20,Long Beach State,,Texas–Rio Grande Valley,REG (Non-Conf),W 69-65,,2,1,1,1.000,1,1,1.000,0,0,,1.500,1,1,1.000,0,0,0,0,0,0,0,0,4,3.7,Alexis Legan,https://www.sports-reference.com/cbb/players/alexis-legan-1.html,long-beach-state,2019-20
9,9,13,2019-12-21,Long Beach State,@,Southern California,REG (Non-Conf),L 40-57,,3,0,0,,0,0,,0,0,,,0,0,,0,0,0,0,0,0,0,0,0,0.0,Alexis Legan,https://www.sports-reference.com/cbb/players/alexis-legan-1.html,long-beach-state,2019-20
10,10,21,2020-02-01,Long Beach State,@,Hawaii,REG (Conf),L 44-68,,4,1,1,1.000,0,0,,1,1,1.000,1.000,0,0,,0,0,0,0,0,0,0,0,2,1.7,Alexis Legan,https://www.sports-reference.com/cbb/players/alexis-legan-1.html,long-beach-state,2019-20
11,11,22,2020-02-08,Long Beach State,@,Cal Poly,REG (Conf),L 41-61,,3,1,1,1.000,1,1,1.000,0,0,,1.500,0,0,,0,0,0,0,0,0,0,0,3,2.7,Alexis Legan,https://www.sports-reference.com/cbb/players/alexis-legan-1.html,long-beach-state,2019-20
12,12,23,2020-02-13,Long Beach State,,UC Santa Barbara,REG (Conf),W 59-53,,19,2,3,.667,1,2,.500,1,1,1.000,.833,0,1,.000,0,0,0,0,0,0,0,0,5,3.3,Alexis Legan,https://www.sports-reference.com/cbb/players/alexis-legan-1.html,long-beach-state,2019-20
13,13,24,2020-02-15,Long Beach State,@,UC Riverside,REG (Conf),L 57-58,,10,1,2,.500,1,2,.500,0,0,,.750,0,0,,1,0,1,1,0,0,0,1,3,3.0,Alexis Legan,https://www.sports-reference.com/cbb/players/alexis-legan-1.html,long-beach-state,2019-20
14,14,25,2020-02-20,Long Beach State,,UC Irvine,REG (Conf),L 61-70,*,14,2,7,.286,2,5,.400,0,2,.000,.429,0,0,,2,2,4,0,1,0,2,1,6,2.5,Alexis Legan,https://www.sports-reference.com/cbb/players/alexis-legan-1.html,long-beach-state,2019-20
15,15,26,2020-02-27,Long Beach State,@,Cal State Northridge,REG (Conf),L 54-66,,4,0,1,.000,0,1,.000,0,0,,.000,0,0,,0,0,0,0,0,0,0,0,0,-0.7,Alexis Legan,https://www.sports-reference.com/cbb/players/alexis-legan-1.html,long-beach-state,2019-20
16,16,28,2020-03-04,Long Beach State,,Cal State Fullerton,REG (Conf),W 52-49,,5,0,0,,0,0,,0,0,,,0,0,,0,0,0,0,0,0,0,1,0,-0.4,Alexis Legan,https://www.sports-reference.com/cbb/players/alexis-legan-1.html,long-beach-state,2019-20
