ranker,player_game_num_career,team_game_num_season,date,team_name_abbr,game_location,opp_name_abbr,game_type,game_result,is_starter,mp,fg,fga,fg_pct,fg3,fg3a,fg3_pct,fg2,fg2a,fg2_pct,efg_pct,ft,fta,ft_pct,orb,drb,trb,ast,stl,blk,tov,pf,pts,game_score,player_name,player_sr_link,school,season
1,31,1,2019-11-05,Long Beach State,@,California Baptist,REG (Non-Conf),L 70-79,*,30,5,15,.333,2,6,.333,3,9,.333,.400,2,2,1.000,1,5,6,1,1,1,2,3,14,6.9,Jasmine Hardy,https://www.sports-reference.com/cbb/players/jasmine-hardy-1.html,long-beach-state,2019-20
2,32,2,2019-11-09,Long Beach State,,Westcliff,REG (Non-Conf),W 94-47,*,26,6,13,.462,1,5,.200,5,8,.625,.500,3,6,.500,0,1,1,2,0,0,2,2,16,7.0,Jasmine Hardy,https://www.sports-reference.com/cbb/players/jasmine-hardy-1.html,long-beach-state,2019-20
3,33,3,2019-11-14,Long Beach State,@,UCLA,REG (Non-Conf),L 51-86,,24,2,3,.667,0,1,.000,2,2,1.000,.667,0,0,,0,1,1,2,0,1,1,2,4,3.3,Jasmine Hardy,https://www.sports-reference.com/cbb/players/jasmine-hardy-1.html,long-beach-state,2019-20
4,34,4,2019-11-18,Long Beach State,,Utah State,REG (Non-Conf),L 48-56,,15,0,2,.000,0,1,.000,0,1,.000,.000,0,0,,1,0,1,0,0,0,3,4,0,-5.3,Jasmine Hardy,https://www.sports-reference.com/cbb/players/jasmine-hardy-1.html,long-beach-state,2019-20
5,35,5,2019-11-23,Long Beach State,,Loyola Marymount,REG (Non-Conf),L 57-70,*,36,2,11,.182,1,5,.200,1,6,.167,.227,2,2,1.000,1,1,2,0,2,1,2,3,7,0.6,Jasmine Hardy,https://www.sports-reference.com/cbb/players/jasmine-hardy-1.html,long-beach-state,2019-20
6,36,6,2019-11-29,Long Beach State,,Penn State,REG (Non-Conf),W 64-56,*,26,4,10,.400,2,5,.400,2,5,.400,.500,0,0,,1,0,1,0,1,0,1,4,10,3.7,Jasmine Hardy,https://www.sports-reference.com/cbb/players/jasmine-hardy-1.html,long-beach-state,2019-20
7,37,7,2019-11-30,Long Beach State,@,California,REG (Non-Conf),L 45-68,*,23,1,7,.143,0,1,.000,1,6,.167,.143,0,0,,1,1,2,0,1,1,3,3,2,-4.0,Jasmine Hardy,https://www.sports-reference.com/cbb/players/jasmine-hardy-1.html,long-beach-state,2019-20
8,38,8,2019-12-06,Long Beach State,@,Santa Clara,REG (Non-Conf),W 54-46,*,34,5,11,.455,3,8,.375,2,3,.667,.591,2,2,1.000,2,1,3,0,2,0,1,1,15,11.6,Jasmine Hardy,https://www.sports-reference.com/cbb/players/jasmine-hardy-1.html,long-beach-state,2019-20
9,39,9,2019-12-08,Long Beach State,@,Seattle,REG (Non-Conf),L 54-66,*,28,4,9,.444,0,0,,4,9,.444,.444,0,0,,1,3,4,0,1,0,0,5,8,3.9,Jasmine Hardy,https://www.sports-reference.com/cbb/players/jasmine-hardy-1.html,long-beach-state,2019-20
10,40,10,2019-12-14,Long Beach State,,Oregon,REG (Non-Conf),L 45-81,,32,3,9,.333,1,5,.200,2,4,.500,.389,4,4,1.000,0,0,0,1,3,0,3,3,11,5.4,Jasmine Hardy,https://www.sports-reference.com/cbb/players/jasmine-hardy-1.html,long-beach-state,2019-20
11,41,11,2019-12-18,Long Beach State,,Air Force,REG (Non-Conf),W 74-68 (OT),*,23,3,9,.333,0,4,.000,3,5,.600,.333,4,5,.800,2,4,6,1,3,0,0,2,10,10.0,Jasmine Hardy,https://www.sports-reference.com/cbb/players/jasmine-hardy-1.html,long-beach-state,2019-20
12,42,12,2019-12-20,Long Beach State,,Texas–Rio Grande Valley,REG (Non-Conf),W 69-65,*,21,1,6,.167,0,3,.000,1,3,.333,.167,4,4,1.000,3,3,6,0,0,1,3,1,6,2.5,Jasmine Hardy,https://www.sports-reference.com/cbb/players/jasmine-hardy-1.html,long-beach-state,2019-20
13,43,13,2019-12-21,Long Beach State,@,Southern California,REG (Non-Conf),L 40-57,*,24,1,9,.111,0,2,.000,1,7,.143,.111,1,2,.500,0,4,4,0,1,1,0,3,3,-1.6,Jasmine Hardy,https://www.sports-reference.com/cbb/players/jasmine-hardy-1.html,long-beach-state,2019-20
14,44,14,2020-01-09,Long Beach State,,Cal Poly,REG (Conf),W 72-69,*,18,2,3,.667,2,3,.667,0,0,,1.000,0,0,,0,1,1,1,1,0,1,1,6,5.3,Jasmine Hardy,https://www.sports-reference.com/cbb/players/jasmine-hardy-1.html,long-beach-state,2019-20
15,45,15,2020-01-11,Long Beach State,@,Cal State Fullerton,REG (Conf),L 65-69,*,14,0,3,.000,0,2,.000,0,1,.000,.000,0,0,,1,1,2,0,0,0,1,0,0,-2.1,Jasmine Hardy,https://www.sports-reference.com/cbb/players/jasmine-hardy-1.html,long-beach-state,2019-20
16,46,16,2020-01-16,Long Beach State,@,UC Davis,REG (Conf),L 55-57,,24,1,5,.200,0,3,.000,1,2,.500,.200,0,0,,0,3,3,0,2,1,1,1,2,1.1,Jasmine Hardy,https://www.sports-reference.com/cbb/players/jasmine-hardy-1.html,long-beach-state,2019-20
17,47,17,2020-01-18,Long Beach State,,Cal State Northridge,REG (Conf),W 60-52,,14,1,3,.333,0,1,.000,1,2,.500,.333,2,2,1.000,0,1,1,1,0,0,2,1,4,0.9,Jasmine Hardy,https://www.sports-reference.com/cbb/players/jasmine-hardy-1.html,long-beach-state,2019-20
18,48,18,2020-01-23,Long Beach State,,Hawaii,REG (Conf),W 62-55,,22,3,7,.429,0,1,.000,3,6,.500,.429,12,12,1.000,0,1,1,2,2,0,3,2,18,14.2,Jasmine Hardy,https://www.sports-reference.com/cbb/players/jasmine-hardy-1.html,long-beach-state,2019-20
19,49,19,2020-01-25,Long Beach State,@,UC Irvine,REG (Conf),W 56-46,,27,5,8,.625,1,2,.500,4,6,.667,.688,2,2,1.000,1,3,4,1,2,0,5,3,13,7.5,Jasmine Hardy,https://www.sports-reference.com/cbb/players/jasmine-hardy-1.html,long-beach-state,2019-20
20,50,20,2020-01-30,Long Beach State,,UC Riverside,REG (Conf),W 73-67 (2OT),,28,4,9,.444,1,3,.333,3,6,.500,.500,0,0,,0,3,3,0,2,1,2,3,9,4.7,Jasmine Hardy,https://www.sports-reference.com/cbb/players/jasmine-hardy-1.html,long-beach-state,2019-20
21,51,21,2020-02-01,Long Beach State,@,Hawaii,REG (Conf),L 44-68,,15,1,2,.500,0,1,.000,1,1,1.000,.500,0,0,,0,1,1,0,0,0,2,4,2,-2.3,Jasmine Hardy,https://www.sports-reference.com/cbb/players/jasmine-hardy-1.html,long-beach-state,2019-20
22,52,22,2020-02-08,Long Beach State,@,Cal Poly,REG (Conf),L 41-61,,31,6,13,.462,2,5,.400,4,8,.500,.538,1,5,.200,2,2,4,1,0,0,2,4,15,5.8,Jasmine Hardy,https://www.sports-reference.com/cbb/players/jasmine-hardy-1.html,long-beach-state,2019-20
23,53,23,2020-02-13,Long Beach State,,UC Santa Barbara,REG (Conf),W 59-53,,30,1,7,.143,0,2,.000,1,5,.200,.143,4,4,1.000,2,3,5,1,1,0,1,2,6,3.7,Jasmine Hardy,https://www.sports-reference.com/cbb/players/jasmine-hardy-1.html,long-beach-state,2019-20
24,54,24,2020-02-15,Long Beach State,@,UC Riverside,REG (Conf),L 57-58,,18,2,10,.200,1,5,.200,1,5,.200,.250,2,2,1.000,1,3,4,0,1,0,1,2,7,1.6,Jasmine Hardy,https://www.sports-reference.com/cbb/players/jasmine-hardy-1.html,long-beach-state,2019-20
25,55,25,2020-02-20,Long Beach State,,UC Irvine,REG (Conf),L 61-70,,15,0,3,.000,0,2,.000,0,1,.000,.000,0,0,,1,2,3,0,3,1,3,2,0,-0.9,Jasmine Hardy,https://www.sports-reference.com/cbb/players/jasmine-hardy-1.html,long-beach-state,2019-20
26,56,26,2020-02-27,Long Beach State,@,Cal State Northridge,REG (Conf),L 54-66,*,23,5,9,.556,2,4,.500,3,5,.600,.667,1,2,.500,0,4,4,1,1,1,1,2,13,10.1,Jasmine Hardy,https://www.sports-reference.com/cbb/players/jasmine-hardy-1.html,long-beach-state,2019-20
27,57,27,2020-02-29,Long Beach State,@,UC Santa Barbara,REG (Conf),L 47-55,,26,1,8,.125,0,3,.000,1,5,.200,.125,1,3,.333,0,5,5,0,0,1,0,2,3,-1.6,Jasmine Hardy,https://www.sports-reference.com/cbb/players/jasmine-hardy-1.html,long-beach-state,2019-20
28,58,28,2020-03-04,Long Beach State,,Cal State Fullerton,REG (Conf),W 52-49,,6,0,3,.000,0,0,,0,3,.000,.000,2,2,1.000,0,1,1,0,0,0,1,2,2,-1.6,Jasmine Hardy,https://www.sports-reference.com/cbb/players/jasmine-hardy-1.html,long-beach-state,2019-20
29,59,29,2020-03-07,Long Beach State,,UC Davis,REG (Conf),W 66-57,,10,0,7,.000,0,4,.000,0,3,.000,.000,0,0,,2,0,2,0,1,1,1,2,0,-3.6,Jasmine Hardy,https://www.sports-reference.com/cbb/players/jasmine-hardy-1.html,long-beach-state,2019-20
30,60,30,2020-03-10,Long Beach State,,Cal Poly,CTOURN,L 48-59,,23,3,8,.375,0,1,.000,3,7,.429,.375,2,2,1.000,1,1,2,2,2,0,1,3,8,5.8,Jasmine Hardy,https://www.sports-reference.com/cbb/players/jasmine-hardy-1.html,long-beach-state,2019-20
