ranker,player_game_num_career,team_game_num_season,date,team_name_abbr,game_location,opp_name_abbr,game_type,game_result,is_starter,mp,fg,fga,fg_pct,fg3,fg3a,fg3_pct,fg2,fg2a,fg2_pct,efg_pct,ft,fta,ft_pct,orb,drb,trb,ast,stl,blk,tov,pf,pts,game_score,player_name,player_sr_link,school,season
1,32,1,2019-11-05,Long Beach State,@,California Baptist,REG (Non-Conf),L 70-79,*,38,5,15,.333,0,3,.000,5,12,.417,.333,2,2,1.000,1,1,2,7,1,0,2,1,12,8.0,Justina King,https://www.sports-reference.com/cbb/players/justina-king-1.html,long-beach-state,2019-20
2,33,2,2019-11-09,Long Beach State,,Westcliff,REG (Non-Conf),W 94-47,*,26,3,4,.750,1,2,.500,2,2,1.000,.875,0,0,,1,1,2,2,1,0,1,1,7,7.4,Justina King,https://www.sports-reference.com/cbb/players/justina-king-1.html,long-beach-state,2019-20
3,34,3,2019-11-14,Long Beach State,@,UCLA,REG (Non-Conf),L 51-86,*,33,8,14,.571,4,7,.571,4,7,.571,.714,2,2,1.000,0,4,4,4,2,0,5,1,22,16.0,Justina King,https://www.sports-reference.com/cbb/players/justina-king-1.html,long-beach-state,2019-20
4,35,4,2019-11-18,Long Beach State,,Utah State,REG (Non-Conf),L 48-56,*,35,2,12,.167,0,3,.000,2,9,.222,.167,2,4,.500,3,1,4,4,1,0,1,2,6,2.0,Justina King,https://www.sports-reference.com/cbb/players/justina-king-1.html,long-beach-state,2019-20
5,36,5,2019-11-23,Long Beach State,,Loyola Marymount,REG (Non-Conf),L 57-70,*,40,7,15,.467,1,3,.333,6,12,.500,.500,8,11,.727,0,0,0,2,4,0,0,3,23,18.3,Justina King,https://www.sports-reference.com/cbb/players/justina-king-1.html,long-beach-state,2019-20
6,37,6,2019-11-29,Long Beach State,,Penn State,REG (Non-Conf),W 64-56,*,39,5,11,.455,1,4,.250,4,7,.571,.500,5,6,.833,0,2,2,4,2,0,4,0,16,11.3,Justina King,https://www.sports-reference.com/cbb/players/justina-king-1.html,long-beach-state,2019-20
7,38,7,2019-11-30,Long Beach State,@,California,REG (Non-Conf),L 45-68,*,40,5,12,.417,0,3,.000,5,9,.556,.417,3,5,.600,0,0,0,1,2,0,3,1,13,5.1,Justina King,https://www.sports-reference.com/cbb/players/justina-king-1.html,long-beach-state,2019-20
8,39,8,2019-12-06,Long Beach State,@,Santa Clara,REG (Non-Conf),W 54-46,*,40,3,9,.333,2,6,.333,1,3,.333,.444,0,0,,0,1,1,3,2,0,1,0,8,6.3,Justina King,https://www.sports-reference.com/cbb/players/justina-king-1.html,long-beach-state,2019-20
9,40,9,2019-12-08,Long Beach State,@,Seattle,REG (Non-Conf),L 54-66,*,35,3,12,.250,2,6,.333,1,6,.167,.333,1,1,1.000,0,2,2,6,4,0,5,1,9,5.2,Justina King,https://www.sports-reference.com/cbb/players/justina-king-1.html,long-beach-state,2019-20
10,41,10,2019-12-14,Long Beach State,,Oregon,REG (Non-Conf),L 45-81,*,34,3,7,.429,1,5,.200,2,2,1.000,.500,0,0,,0,1,1,1,1,0,5,1,7,-0.1,Justina King,https://www.sports-reference.com/cbb/players/justina-king-1.html,long-beach-state,2019-20
11,42,11,2019-12-18,Long Beach State,,Air Force,REG (Non-Conf),W 74-68 (OT),*,42,4,8,.500,0,0,,4,8,.500,.500,5,6,.833,0,1,1,2,2,0,2,3,13,9.1,Justina King,https://www.sports-reference.com/cbb/players/justina-king-1.html,long-beach-state,2019-20
12,43,12,2019-12-20,Long Beach State,,Texas–Rio Grande Valley,REG (Non-Conf),W 69-65,*,39,6,13,.462,3,8,.375,3,5,.600,.577,5,8,.625,1,4,5,4,1,0,6,1,20,11.4,Justina King,https://www.sports-reference.com/cbb/players/justina-king-1.html,long-beach-state,2019-20
13,44,13,2019-12-21,Long Beach State,@,Southern California,REG (Non-Conf),L 40-57,*,39,4,15,.267,1,4,.250,3,11,.273,.300,3,4,.750,0,2,2,4,2,0,3,0,12,5.1,Justina King,https://www.sports-reference.com/cbb/players/justina-king-1.html,long-beach-state,2019-20
14,45,14,2020-01-09,Long Beach State,,Cal Poly,REG (Conf),W 72-69,*,40,4,11,.364,0,4,.000,4,7,.571,.364,4,4,1.000,0,0,0,6,1,0,3,1,12,7.7,Justina King,https://www.sports-reference.com/cbb/players/justina-king-1.html,long-beach-state,2019-20
15,46,15,2020-01-11,Long Beach State,@,Cal State Fullerton,REG (Conf),L 65-69,*,40,3,7,.429,1,2,.500,2,5,.400,.500,0,1,.000,1,3,4,3,0,0,6,0,7,0.6,Justina King,https://www.sports-reference.com/cbb/players/justina-king-1.html,long-beach-state,2019-20
16,47,16,2020-01-16,Long Beach State,@,UC Davis,REG (Conf),L 55-57,*,40,4,16,.250,1,3,.333,3,13,.231,.281,6,6,1.000,0,1,1,3,3,0,1,1,15,9.4,Justina King,https://www.sports-reference.com/cbb/players/justina-king-1.html,long-beach-state,2019-20
17,48,17,2020-01-18,Long Beach State,,Cal State Northridge,REG (Conf),W 60-52,*,37,7,13,.538,2,7,.286,5,6,.833,.615,7,8,.875,1,1,2,1,1,0,5,1,23,13.6,Justina King,https://www.sports-reference.com/cbb/players/justina-king-1.html,long-beach-state,2019-20
18,49,18,2020-01-23,Long Beach State,,Hawaii,REG (Conf),W 62-55,*,36,4,12,.333,2,4,.500,2,8,.250,.417,2,2,1.000,1,3,4,0,0,0,4,2,12,2.0,Justina King,https://www.sports-reference.com/cbb/players/justina-king-1.html,long-beach-state,2019-20
19,50,19,2020-01-25,Long Beach State,@,UC Irvine,REG (Conf),W 56-46,*,26,1,6,.167,0,1,.000,1,5,.200,.167,1,1,1.000,0,1,1,5,2,0,2,4,3,1.4,Justina King,https://www.sports-reference.com/cbb/players/justina-king-1.html,long-beach-state,2019-20
20,51,20,2020-01-30,Long Beach State,,UC Riverside,REG (Conf),W 73-67 (2OT),*,47,5,14,.357,1,4,.250,4,10,.400,.393,7,8,.875,0,2,2,4,2,0,1,0,18,14.2,Justina King,https://www.sports-reference.com/cbb/players/justina-king-1.html,long-beach-state,2019-20
21,52,21,2020-02-01,Long Beach State,@,Hawaii,REG (Conf),L 44-68,*,38,5,13,.385,1,6,.167,4,7,.571,.423,1,4,.250,0,2,2,1,3,0,1,1,12,6.6,Justina King,https://www.sports-reference.com/cbb/players/justina-king-1.html,long-beach-state,2019-20
22,53,22,2020-02-08,Long Beach State,@,Cal Poly,REG (Conf),L 41-61,*,36,3,8,.375,1,4,.250,2,4,.500,.438,3,6,.500,1,2,3,3,2,0,7,1,10,2.4,Justina King,https://www.sports-reference.com/cbb/players/justina-king-1.html,long-beach-state,2019-20
23,54,23,2020-02-13,Long Beach State,,UC Santa Barbara,REG (Conf),W 59-53,*,39,7,13,.538,0,2,.000,7,11,.636,.538,3,3,1.000,0,1,1,5,3,0,8,2,17,8.7,Justina King,https://www.sports-reference.com/cbb/players/justina-king-1.html,long-beach-state,2019-20
24,55,24,2020-02-15,Long Beach State,@,UC Riverside,REG (Conf),L 57-58,*,40,8,20,.400,2,8,.250,6,12,.500,.450,5,7,.714,2,1,3,1,1,0,3,1,23,11.4,Justina King,https://www.sports-reference.com/cbb/players/justina-king-1.html,long-beach-state,2019-20
25,56,25,2020-02-20,Long Beach State,,UC Irvine,REG (Conf),L 61-70,*,40,6,16,.375,2,4,.500,4,12,.333,.438,2,2,1.000,2,0,2,5,2,0,2,1,16,11.7,Justina King,https://www.sports-reference.com/cbb/players/justina-king-1.html,long-beach-state,2019-20
26,57,26,2020-02-27,Long Beach State,@,Cal State Northridge,REG (Conf),L 54-66,*,36,4,16,.250,2,8,.250,2,8,.250,.313,4,5,.800,2,1,3,5,2,0,7,5,14,2.2,Justina King,https://www.sports-reference.com/cbb/players/justina-king-1.html,long-beach-state,2019-20
27,58,27,2020-02-29,Long Beach State,@,UC Santa Barbara,REG (Conf),L 47-55,*,40,6,23,.261,2,6,.333,4,17,.235,.304,1,1,1.000,0,2,2,3,2,0,3,3,15,1.8,Justina King,https://www.sports-reference.com/cbb/players/justina-king-1.html,long-beach-state,2019-20
28,59,28,2020-03-04,Long Beach State,,Cal State Fullerton,REG (Conf),W 52-49,*,40,4,14,.286,3,9,.333,1,5,.200,.393,5,6,.833,0,0,0,4,1,1,1,2,16,10.1,Justina King,https://www.sports-reference.com/cbb/players/justina-king-1.html,long-beach-state,2019-20
29,60,29,2020-03-07,Long Beach State,,UC Davis,REG (Conf),W 66-57,*,35,4,9,.444,1,4,.250,3,5,.600,.500,10,14,.714,0,1,1,3,1,0,4,2,19,11.3,Justina King,https://www.sports-reference.com/cbb/players/justina-king-1.html,long-beach-state,2019-20
30,61,30,2020-03-10,Long Beach State,,Cal Poly,CTOURN,L 48-59,*,39,3,20,.150,1,9,.111,2,11,.182,.175,1,2,.500,1,1,2,1,2,0,3,1,8,-4.9,Justina King,https://www.sports-reference.com/cbb/players/justina-king-1.html,long-beach-state,2019-20
