ranker,player_game_num_career,team_game_num_season,date,team_name_abbr,game_location,opp_name_abbr,game_type,game_result,is_starter,mp,fg,fga,fg_pct,fg3,fg3a,fg3_pct,fg2,fg2a,fg2_pct,efg_pct,ft,fta,ft_pct,orb,drb,trb,ast,stl,blk,tov,pf,pts,game_score,player_name,player_sr_link,school,season
1,1,2,2019-11-09,Long Beach State,,Westcliff,REG (Non-Conf),W 94-47,*,18,3,4,.750,0,1,.000,3,3,1.000,.750,0,0,,2,5,7,2,4,0,0,3,6,11.5,Kristyna Jeskeova,https://www.sports-reference.com/cbb/players/kristyna-jeskeova-1.html,long-beach-state,2019-20
2,2,3,2019-11-14,Long Beach State,@,UCLA,REG (Non-Conf),L 51-86,,8,0,1,.000,0,1,.000,0,0,,.000,0,0,,1,1,2,0,0,0,0,0,0,0.3,Kristyna Jeskeova,https://www.sports-reference.com/cbb/players/kristyna-jeskeova-1.html,long-beach-state,2019-20
3,3,4,2019-11-18,Long Beach State,,Utah State,REG (Non-Conf),L 48-56,,6,0,1,.000,0,1,.000,0,0,,.000,0,0,,0,1,1,0,1,0,1,0,0,-0.4,Kristyna Jeskeova,https://www.sports-reference.com/cbb/players/kristyna-jeskeova-1.html,long-beach-state,2019-20
4,4,5,2019-11-23,Long Beach State,,Loyola Marymount,REG (Non-Conf),L 57-70,,2,0,2,.000,0,1,.000,0,1,.000,.000,0,0,,0,0,0,0,0,0,0,2,0,-2.2,Kristyna Jeskeova,https://www.sports-reference.com/cbb/players/kristyna-jeskeova-1.html,long-beach-state,2019-20
5,5,7,2019-11-30,Long Beach State,@,California,REG (Non-Conf),L 45-68,,3,2,2,1.000,0,0,,2,2,1.000,1.000,0,0,,1,0,1,0,0,0,0,2,4,3.3,Kristyna Jeskeova,https://www.sports-reference.com/cbb/players/kristyna-jeskeova-1.html,long-beach-state,2019-20
6,6,10,2019-12-14,Long Beach State,,Oregon,REG (Non-Conf),L 45-81,,7,0,2,.000,0,1,.000,0,1,.000,.000,0,0,,1,1,2,0,1,0,1,2,0,-1.2,Kristyna Jeskeova,https://www.sports-reference.com/cbb/players/kristyna-jeskeova-1.html,long-beach-state,2019-20
7,7,11,2019-12-18,Long Beach State,,Air Force,REG (Non-Conf),W 74-68 (OT),,4,0,0,,0,0,,0,0,,,0,0,,0,0,0,0,1,1,0,1,0,1.3,Kristyna Jeskeova,https://www.sports-reference.com/cbb/players/kristyna-jeskeova-1.html,long-beach-state,2019-20
8,8,12,2019-12-20,Long Beach State,,Texas–Rio Grande Valley,REG (Non-Conf),W 69-65,,3,0,0,,0,0,,0,0,,,0,0,,0,2,2,0,0,0,0,1,0,0.2,Kristyna Jeskeova,https://www.sports-reference.com/cbb/players/kristyna-jeskeova-1.html,long-beach-state,2019-20
9,9,16,2020-01-16,Long Beach State,@,UC Davis,REG (Conf),L 55-57,,10,1,1,1.000,1,1,1.000,0,0,,1.500,0,0,,1,0,1,0,1,1,0,1,3,4.7,Kristyna Jeskeova,https://www.sports-reference.com/cbb/players/kristyna-jeskeova-1.html,long-beach-state,2019-20
10,10,17,2020-01-18,Long Beach State,,Cal State Northridge,REG (Conf),W 60-52,,4,0,0,,0,0,,0,0,,,0,0,,0,2,2,0,1,0,1,0,0,0.6,Kristyna Jeskeova,https://www.sports-reference.com/cbb/players/kristyna-jeskeova-1.html,long-beach-state,2019-20
11,11,18,2020-01-23,Long Beach State,,Hawaii,REG (Conf),W 62-55,,6,0,0,,0,0,,0,0,,,0,0,,0,2,2,0,0,1,0,1,0,0.9,Kristyna Jeskeova,https://www.sports-reference.com/cbb/players/kristyna-jeskeova-1.html,long-beach-state,2019-20
12,12,21,2020-02-01,Long Beach State,@,Hawaii,REG (Conf),L 44-68,,9,0,0,,0,0,,0,0,,,0,0,,0,1,1,0,0,0,0,1,0,-0.1,Kristyna Jeskeova,https://www.sports-reference.com/cbb/players/kristyna-jeskeova-1.html,long-beach-state,2019-20
13,13,22,2020-02-08,Long Beach State,@,Cal Poly,REG (Conf),L 41-61,,1,0,1,.000,0,1,.000,0,0,,.000,0,0,,0,0,0,0,0,0,1,0,0,-1.7,Kristyna Jeskeova,https://www.sports-reference.com/cbb/players/kristyna-jeskeova-1.html,long-beach-state,2019-20
14,14,23,2020-02-13,Long Beach State,,UC Santa Barbara,REG (Conf),W 59-53,,2,0,0,,0,0,,0,0,,,0,0,,0,1,1,0,0,0,0,0,0,0.3,Kristyna Jeskeova,https://www.sports-reference.com/cbb/players/kristyna-jeskeova-1.html,long-beach-state,2019-20
15,15,26,2020-02-27,Long Beach State,@,Cal State Northridge,REG (Conf),L 54-66,,1,0,0,,0,0,,0,0,,,0,0,,0,0,0,0,0,0,0,1,0,-0.4,Kristyna Jeskeova,https://www.sports-reference.com/cbb/players/kristyna-jeskeova-1.html,long-beach-state,2019-20
16,16,27,2020-02-29,Long Beach State,@,UC Santa Barbara,REG (Conf),L 47-55,,11,1,2,.500,0,1,.000,1,1,1.000,.500,1,2,.500,3,2,5,0,2,0,0,2,3,5.5,Kristyna Jeskeova,https://www.sports-reference.com/cbb/players/kristyna-jeskeova-1.html,long-beach-state,2019-20
17,17,28,2020-03-04,Long Beach State,,Cal State Fullerton,REG (Conf),W 52-49,*,14,2,3,.667,0,0,,2,3,.667,.667,1,1,1.000,3,0,3,1,1,0,0,0,5,7.5,Kristyna Jeskeova,https://www.sports-reference.com/cbb/players/kristyna-jeskeova-1.html,long-beach-state,2019-20
18,18,29,2020-03-07,Long Beach State,,UC Davis,REG (Conf),W 66-57,*,12,1,1,1.000,0,0,,1,1,1.000,1.000,0,0,,3,1,4,0,0,0,0,2,2,3.3,Kristyna Jeskeova,https://www.sports-reference.com/cbb/players/kristyna-jeskeova-1.html,long-beach-state,2019-20
19,19,30,2020-03-10,Long Beach State,,Cal Poly,CTOURN,L 48-59,*,14,1,3,.333,0,2,.000,1,1,1.000,.333,0,2,.000,2,1,3,0,3,0,1,3,2,2.0,Kristyna Jeskeova,https://www.sports-reference.com/cbb/players/kristyna-jeskeova-1.html,long-beach-state,2019-20
