ranker,player_game_num_career,team_game_num_season,date,team_name_abbr,game_location,opp_name_abbr,game_type,game_result,is_starter,mp,fg,fga,fg_pct,fg3,fg3a,fg3_pct,fg2,fg2a,fg2_pct,efg_pct,ft,fta,ft_pct,orb,drb,trb,ast,stl,blk,tov,pf,pts,game_score,player_name,player_sr_link,school,season
1,32,1,2019-11-05,Long Beach State,@,California Baptist,REG (Non-Conf),L 70-79,*,24,4,8,.500,0,0,,4,8,.500,.500,1,2,.500,3,6,9,2,0,4,1,4,9,10.1,Lauren Green,https://www.sports-reference.com/cbb/players/lauren-green-1.html,long-beach-state,2019-20
2,33,2,2019-11-09,Long Beach State,,Westcliff,REG (Non-Conf),W 94-47,*,17,2,3,.667,0,0,,2,3,.667,.667,1,2,.500,2,3,5,1,2,1,1,2,5,7.2,Lauren Green,https://www.sports-reference.com/cbb/players/lauren-green-1.html,long-beach-state,2019-20
3,34,3,2019-11-14,Long Beach State,@,UCLA,REG (Non-Conf),L 51-86,*,11,0,1,.000,0,0,,0,1,.000,.000,0,0,,0,0,0,0,0,0,0,4,0,-2.3,Lauren Green,https://www.sports-reference.com/cbb/players/lauren-green-1.html,long-beach-state,2019-20
4,35,4,2019-11-18,Long Beach State,,Utah State,REG (Non-Conf),L 48-56,,13,0,0,,0,0,,0,0,,,0,2,.000,1,0,1,0,1,0,1,5,0,-2.1,Lauren Green,https://www.sports-reference.com/cbb/players/lauren-green-1.html,long-beach-state,2019-20
5,36,5,2019-11-23,Long Beach State,,Loyola Marymount,REG (Non-Conf),L 57-70,*,19,1,5,.200,0,0,,1,5,.200,.200,0,2,.000,4,0,4,2,2,0,1,2,2,2.5,Lauren Green,https://www.sports-reference.com/cbb/players/lauren-green-1.html,long-beach-state,2019-20
6,37,6,2019-11-29,Long Beach State,,Penn State,REG (Non-Conf),W 64-56,*,25,4,7,.571,0,0,,4,7,.571,.571,0,0,,1,6,7,0,1,0,2,4,8,4.6,Lauren Green,https://www.sports-reference.com/cbb/players/lauren-green-1.html,long-beach-state,2019-20
7,38,7,2019-11-30,Long Beach State,@,California,REG (Non-Conf),L 45-68,*,34,2,4,.500,0,0,,2,4,.500,.500,0,2,.000,5,3,8,2,4,0,3,4,4,6.4,Lauren Green,https://www.sports-reference.com/cbb/players/lauren-green-1.html,long-beach-state,2019-20
8,39,8,2019-12-06,Long Beach State,@,Santa Clara,REG (Non-Conf),W 54-46,*,26,3,7,.429,0,0,,3,7,.429,.429,0,0,,2,0,2,0,1,0,0,4,6,3.1,Lauren Green,https://www.sports-reference.com/cbb/players/lauren-green-1.html,long-beach-state,2019-20
9,40,9,2019-12-08,Long Beach State,@,Seattle,REG (Non-Conf),L 54-66,*,20,3,5,.600,0,0,,3,5,.600,.600,1,2,.500,3,3,6,0,2,1,0,4,7,8.4,Lauren Green,https://www.sports-reference.com/cbb/players/lauren-green-1.html,long-beach-state,2019-20
10,41,10,2019-12-14,Long Beach State,,Oregon,REG (Non-Conf),L 45-81,*,12,0,2,.000,0,0,,0,2,.000,.000,0,0,,1,1,2,0,1,1,1,3,0,-0.9,Lauren Green,https://www.sports-reference.com/cbb/players/lauren-green-1.html,long-beach-state,2019-20
11,42,11,2019-12-18,Long Beach State,,Air Force,REG (Non-Conf),W 74-68 (OT),,3,0,0,,0,0,,0,0,,,0,0,,0,1,1,0,0,0,0,2,0,-0.5,Lauren Green,https://www.sports-reference.com/cbb/players/lauren-green-1.html,long-beach-state,2019-20
12,43,12,2019-12-20,Long Beach State,,Texas–Rio Grande Valley,REG (Non-Conf),W 69-65,,28,1,6,.167,0,0,,1,6,.167,.167,0,0,,1,2,3,2,1,0,2,3,2,-1.3,Lauren Green,https://www.sports-reference.com/cbb/players/lauren-green-1.html,long-beach-state,2019-20
13,44,13,2019-12-21,Long Beach State,@,Southern California,REG (Non-Conf),L 40-57,,27,3,8,.375,0,1,.000,3,7,.429,.375,1,2,.500,4,4,8,0,0,1,0,4,7,5.3,Lauren Green,https://www.sports-reference.com/cbb/players/lauren-green-1.html,long-beach-state,2019-20
14,45,14,2020-01-09,Long Beach State,,Cal Poly,REG (Conf),W 72-69,,18,0,0,,0,0,,0,0,,,0,0,,1,2,3,0,1,0,0,4,0,0.7,Lauren Green,https://www.sports-reference.com/cbb/players/lauren-green-1.html,long-beach-state,2019-20
15,46,15,2020-01-11,Long Beach State,@,Cal State Fullerton,REG (Conf),L 65-69,,9,3,5,.600,0,0,,3,5,.600,.600,0,0,,3,0,3,0,0,0,2,3,6,2.6,Lauren Green,https://www.sports-reference.com/cbb/players/lauren-green-1.html,long-beach-state,2019-20
16,47,16,2020-01-16,Long Beach State,@,UC Davis,REG (Conf),L 55-57,,6,1,2,.500,0,0,,1,2,.500,.500,0,0,,1,0,1,0,0,0,1,2,2,-0.1,Lauren Green,https://www.sports-reference.com/cbb/players/lauren-green-1.html,long-beach-state,2019-20
17,48,17,2020-01-18,Long Beach State,,Cal State Northridge,REG (Conf),W 60-52,*,26,3,7,.429,0,0,,3,7,.429,.429,0,0,,0,2,2,0,0,1,1,4,6,1.0,Lauren Green,https://www.sports-reference.com/cbb/players/lauren-green-1.html,long-beach-state,2019-20
18,49,18,2020-01-23,Long Beach State,,Hawaii,REG (Conf),W 62-55,*,23,3,6,.500,0,0,,3,6,.500,.500,0,2,.000,0,4,4,0,1,0,1,5,6,1.4,Lauren Green,https://www.sports-reference.com/cbb/players/lauren-green-1.html,long-beach-state,2019-20
19,50,19,2020-01-25,Long Beach State,@,UC Irvine,REG (Conf),W 56-46,*,24,2,4,.500,0,0,,2,4,.500,.500,0,0,,4,6,10,1,1,2,1,2,4,7.9,Lauren Green,https://www.sports-reference.com/cbb/players/lauren-green-1.html,long-beach-state,2019-20
20,51,20,2020-01-30,Long Beach State,,UC Riverside,REG (Conf),W 73-67 (2OT),*,23,2,4,.500,0,0,,2,4,.500,.500,0,0,,3,1,4,1,2,0,0,5,4,5.1,Lauren Green,https://www.sports-reference.com/cbb/players/lauren-green-1.html,long-beach-state,2019-20
21,52,21,2020-02-01,Long Beach State,@,Hawaii,REG (Conf),L 44-68,*,24,3,3,1.000,0,0,,3,3,1.000,1.000,2,4,.500,1,2,3,0,2,1,2,4,8,6.7,Lauren Green,https://www.sports-reference.com/cbb/players/lauren-green-1.html,long-beach-state,2019-20
22,53,22,2020-02-08,Long Beach State,@,Cal Poly,REG (Conf),L 41-61,*,26,1,2,.500,0,0,,1,2,.500,.500,0,0,,3,0,3,1,2,0,0,1,2,5.4,Lauren Green,https://www.sports-reference.com/cbb/players/lauren-green-1.html,long-beach-state,2019-20
23,54,23,2020-02-13,Long Beach State,,UC Santa Barbara,REG (Conf),W 59-53,*,22,1,6,.167,0,0,,1,6,.167,.167,0,0,,0,1,1,0,3,0,1,2,2,-0.3,Lauren Green,https://www.sports-reference.com/cbb/players/lauren-green-1.html,long-beach-state,2019-20
24,55,24,2020-02-15,Long Beach State,@,UC Riverside,REG (Conf),L 57-58,*,30,0,4,.000,0,0,,0,4,.000,.000,0,2,.000,4,2,6,0,2,1,3,3,0,-1.7,Lauren Green,https://www.sports-reference.com/cbb/players/lauren-green-1.html,long-beach-state,2019-20
25,56,25,2020-02-20,Long Beach State,,UC Irvine,REG (Conf),L 61-70,*,16,1,4,.250,0,0,,1,4,.250,.250,1,3,.333,5,0,5,0,1,0,1,4,3,1.7,Lauren Green,https://www.sports-reference.com/cbb/players/lauren-green-1.html,long-beach-state,2019-20
26,57,26,2020-02-27,Long Beach State,@,Cal State Northridge,REG (Conf),L 54-66,*,25,3,4,.750,0,0,,3,4,.750,.750,0,0,,4,1,5,0,1,0,0,4,6,6.9,Lauren Green,https://www.sports-reference.com/cbb/players/lauren-green-1.html,long-beach-state,2019-20
27,58,27,2020-02-29,Long Beach State,@,UC Santa Barbara,REG (Conf),L 47-55,*,17,2,5,.400,0,0,,2,5,.400,.400,2,2,1.000,1,0,1,0,0,0,1,4,6,1.4,Lauren Green,https://www.sports-reference.com/cbb/players/lauren-green-1.html,long-beach-state,2019-20
28,59,28,2020-03-04,Long Beach State,,Cal State Fullerton,REG (Conf),W 52-49,*,20,0,3,.000,0,0,,0,3,.000,.000,0,0,,1,4,5,0,0,0,3,4,0,-4.8,Lauren Green,https://www.sports-reference.com/cbb/players/lauren-green-1.html,long-beach-state,2019-20
29,60,29,2020-03-07,Long Beach State,,UC Davis,REG (Conf),W 66-57,,18,1,4,.250,0,0,,1,4,.250,.250,0,0,,1,3,4,0,1,0,0,4,2,0.6,Lauren Green,https://www.sports-reference.com/cbb/players/lauren-green-1.html,long-beach-state,2019-20
30,61,30,2020-03-10,Long Beach State,,Cal Poly,CTOURN,L 48-59,,13,0,2,.000,0,0,,0,2,.000,.000,1,2,.500,2,1,3,0,1,2,0,3,1,2.1,Lauren Green,https://www.sports-reference.com/cbb/players/lauren-green-1.html,long-beach-state,2019-20
