ranker,player_game_num_career,team_game_num_season,date,team_name_abbr,game_location,opp_name_abbr,game_type,game_result,is_starter,mp,fg,fga,fg_pct,fg3,fg3a,fg3_pct,fg2,fg2a,fg2_pct,efg_pct,ft,fta,ft_pct,orb,drb,trb,ast,stl,blk,tov,pf,pts,game_score,player_name,player_sr_link,school,season
1,32,1,2019-11-05,Long Beach State,@,California Baptist,REG (Non-Conf),L 70-79,*,20,1,4,.250,0,0,,1,4,.250,.250,1,2,.500,0,3,3,2,2,0,1,2,3,2.7,Ma'Qhi Berry,https://www.sports-reference.com/cbb/players/maqhi-berry-1.html,long-beach-state,2019-20
2,33,2,2019-11-09,Long Beach State,,Westcliff,REG (Non-Conf),W 94-47,,17,5,6,.833,0,0,,5,6,.833,.833,0,0,,1,0,1,1,3,0,2,3,10,9.0,Ma'Qhi Berry,https://www.sports-reference.com/cbb/players/maqhi-berry-1.html,long-beach-state,2019-20
3,34,3,2019-11-14,Long Beach State,@,UCLA,REG (Non-Conf),L 51-86,,24,1,4,.250,0,1,.000,1,3,.333,.250,2,5,.400,2,3,5,1,0,0,5,3,4,-2.8,Ma'Qhi Berry,https://www.sports-reference.com/cbb/players/maqhi-berry-1.html,long-beach-state,2019-20
4,35,4,2019-11-18,Long Beach State,,Utah State,REG (Non-Conf),L 48-56,*,15,1,1,1.000,0,0,,1,1,1.000,1.000,2,4,.500,0,0,0,1,0,0,2,2,4,0.8,Ma'Qhi Berry,https://www.sports-reference.com/cbb/players/maqhi-berry-1.html,long-beach-state,2019-20
5,36,5,2019-11-23,Long Beach State,,Loyola Marymount,REG (Non-Conf),L 57-70,*,35,8,12,.667,0,0,,8,12,.667,.667,6,10,.600,0,4,4,1,5,0,1,5,22,19.1,Ma'Qhi Berry,https://www.sports-reference.com/cbb/players/maqhi-berry-1.html,long-beach-state,2019-20
6,37,6,2019-11-29,Long Beach State,,Penn State,REG (Non-Conf),W 64-56,*,38,6,10,.600,2,2,1.000,4,8,.500,.700,0,0,,3,1,4,1,4,0,0,1,14,16.1,Ma'Qhi Berry,https://www.sports-reference.com/cbb/players/maqhi-berry-1.html,long-beach-state,2019-20
7,38,7,2019-11-30,Long Beach State,@,California,REG (Non-Conf),L 45-68,*,28,1,5,.200,0,0,,1,5,.200,.200,2,2,1.000,0,3,3,2,0,0,3,4,4,-1.4,Ma'Qhi Berry,https://www.sports-reference.com/cbb/players/maqhi-berry-1.html,long-beach-state,2019-20
8,39,8,2019-12-06,Long Beach State,@,Santa Clara,REG (Non-Conf),W 54-46,*,31,3,9,.333,0,2,.000,3,7,.429,.333,0,2,.000,1,4,5,2,5,0,2,2,6,5.6,Ma'Qhi Berry,https://www.sports-reference.com/cbb/players/maqhi-berry-1.html,long-beach-state,2019-20
9,40,9,2019-12-08,Long Beach State,@,Seattle,REG (Non-Conf),L 54-66,*,38,7,10,.700,1,1,1.000,6,9,.667,.750,0,1,.000,3,6,9,3,4,1,4,0,15,17.1,Ma'Qhi Berry,https://www.sports-reference.com/cbb/players/maqhi-berry-1.html,long-beach-state,2019-20
10,41,10,2019-12-14,Long Beach State,,Oregon,REG (Non-Conf),L 45-81,*,34,5,12,.417,0,2,.000,5,10,.500,.417,0,0,,1,1,2,1,3,0,2,0,10,6.3,Ma'Qhi Berry,https://www.sports-reference.com/cbb/players/maqhi-berry-1.html,long-beach-state,2019-20
11,42,11,2019-12-18,Long Beach State,,Air Force,REG (Non-Conf),W 74-68 (OT),*,41,2,10,.200,0,0,,2,10,.200,.200,2,4,.500,1,5,6,2,4,0,1,4,6,4.0,Ma'Qhi Berry,https://www.sports-reference.com/cbb/players/maqhi-berry-1.html,long-beach-state,2019-20
12,43,12,2019-12-20,Long Beach State,,Texas–Rio Grande Valley,REG (Non-Conf),W 69-65,*,33,3,6,.500,2,3,.667,1,3,.333,.667,1,2,.500,0,3,3,5,2,0,3,1,9,8.6,Ma'Qhi Berry,https://www.sports-reference.com/cbb/players/maqhi-berry-1.html,long-beach-state,2019-20
13,44,13,2019-12-21,Long Beach State,@,Southern California,REG (Non-Conf),L 40-57,*,40,5,14,.357,0,3,.000,5,11,.455,.357,2,3,.667,2,4,6,6,1,1,0,1,12,11.9,Ma'Qhi Berry,https://www.sports-reference.com/cbb/players/maqhi-berry-1.html,long-beach-state,2019-20
14,45,14,2020-01-09,Long Beach State,,Cal Poly,REG (Conf),W 72-69,*,40,9,13,.692,4,6,.667,5,7,.714,.846,2,4,.500,1,3,4,4,0,0,0,1,24,21.7,Ma'Qhi Berry,https://www.sports-reference.com/cbb/players/maqhi-berry-1.html,long-beach-state,2019-20
15,46,15,2020-01-11,Long Beach State,@,Cal State Fullerton,REG (Conf),L 65-69,*,33,4,6,.667,0,1,.000,4,5,.800,.667,2,2,1.000,0,3,3,4,2,0,3,5,10,8.1,Ma'Qhi Berry,https://www.sports-reference.com/cbb/players/maqhi-berry-1.html,long-beach-state,2019-20
16,47,16,2020-01-16,Long Beach State,@,UC Davis,REG (Conf),L 55-57,*,39,1,9,.111,0,2,.000,1,7,.143,.111,1,1,1.000,1,5,6,3,4,0,1,3,3,3.2,Ma'Qhi Berry,https://www.sports-reference.com/cbb/players/maqhi-berry-1.html,long-beach-state,2019-20
17,48,17,2020-01-18,Long Beach State,,Cal State Northridge,REG (Conf),W 60-52,*,36,4,12,.333,2,5,.400,2,7,.286,.417,1,4,.250,2,3,5,6,4,0,3,3,11,9.3,Ma'Qhi Berry,https://www.sports-reference.com/cbb/players/maqhi-berry-1.html,long-beach-state,2019-20
18,49,18,2020-01-23,Long Beach State,,Hawaii,REG (Conf),W 62-55,*,24,2,10,.200,0,2,.000,2,8,.250,.200,0,0,,2,1,3,4,2,1,2,5,4,1.0,Ma'Qhi Berry,https://www.sports-reference.com/cbb/players/maqhi-berry-1.html,long-beach-state,2019-20
19,50,19,2020-01-25,Long Beach State,@,UC Irvine,REG (Conf),W 56-46,*,30,3,5,.600,0,1,.000,3,4,.750,.600,2,3,.667,2,5,7,0,1,0,4,0,8,5.2,Ma'Qhi Berry,https://www.sports-reference.com/cbb/players/maqhi-berry-1.html,long-beach-state,2019-20
20,51,20,2020-01-30,Long Beach State,,UC Riverside,REG (Conf),W 73-67 (2OT),*,47,5,20,.250,1,4,.250,4,16,.250,.275,3,3,1.000,2,2,4,5,6,1,2,3,14,11.0,Ma'Qhi Berry,https://www.sports-reference.com/cbb/players/maqhi-berry-1.html,long-beach-state,2019-20
21,52,21,2020-02-01,Long Beach State,@,Hawaii,REG (Conf),L 44-68,*,23,3,5,.600,0,1,.000,3,4,.750,.600,0,0,,0,1,1,0,0,0,2,4,6,0.4,Ma'Qhi Berry,https://www.sports-reference.com/cbb/players/maqhi-berry-1.html,long-beach-state,2019-20
22,53,22,2020-02-08,Long Beach State,@,Cal Poly,REG (Conf),L 41-61,*,37,2,4,.500,1,3,.333,1,1,1.000,.625,0,2,.000,1,2,3,2,0,0,2,2,5,2.1,Ma'Qhi Berry,https://www.sports-reference.com/cbb/players/maqhi-berry-1.html,long-beach-state,2019-20
23,54,23,2020-02-13,Long Beach State,,UC Santa Barbara,REG (Conf),W 59-53,*,11,0,3,.000,0,0,,0,3,.000,.000,0,0,,1,2,3,0,0,1,1,3,0,-2.3,Ma'Qhi Berry,https://www.sports-reference.com/cbb/players/maqhi-berry-1.html,long-beach-state,2019-20
24,55,24,2020-02-15,Long Beach State,@,UC Riverside,REG (Conf),L 57-58,*,33,1,7,.143,1,2,.500,0,5,.000,.214,3,6,.500,2,1,3,5,5,0,2,1,6,8.1,Ma'Qhi Berry,https://www.sports-reference.com/cbb/players/maqhi-berry-1.html,long-beach-state,2019-20
25,56,25,2020-02-20,Long Beach State,,UC Irvine,REG (Conf),L 61-70,*,28,2,9,.222,1,3,.333,1,6,.167,.278,2,4,.500,6,3,9,5,3,0,2,3,7,9.1,Ma'Qhi Berry,https://www.sports-reference.com/cbb/players/maqhi-berry-1.html,long-beach-state,2019-20
26,57,26,2020-02-27,Long Beach State,@,Cal State Northridge,REG (Conf),L 54-66,*,36,1,8,.125,1,7,.143,0,1,.000,.188,1,3,.333,0,2,2,5,3,1,1,5,4,2.8,Ma'Qhi Berry,https://www.sports-reference.com/cbb/players/maqhi-berry-1.html,long-beach-state,2019-20
27,58,27,2020-02-29,Long Beach State,@,UC Santa Barbara,REG (Conf),L 47-55,*,40,5,13,.385,0,2,.000,5,11,.455,.385,0,0,,0,2,2,1,1,0,1,3,10,3.0,Ma'Qhi Berry,https://www.sports-reference.com/cbb/players/maqhi-berry-1.html,long-beach-state,2019-20
28,59,28,2020-03-04,Long Beach State,,Cal State Fullerton,REG (Conf),W 52-49,*,24,2,6,.333,1,2,.500,1,4,.250,.417,4,6,.667,2,2,4,0,0,0,3,3,9,2.6,Ma'Qhi Berry,https://www.sports-reference.com/cbb/players/maqhi-berry-1.html,long-beach-state,2019-20
29,60,29,2020-03-07,Long Beach State,,UC Davis,REG (Conf),W 66-57,*,38,5,9,.556,1,1,1.000,4,8,.500,.611,1,2,.500,1,2,3,1,1,0,4,4,12,4.7,Ma'Qhi Berry,https://www.sports-reference.com/cbb/players/maqhi-berry-1.html,long-beach-state,2019-20
30,61,30,2020-03-10,Long Beach State,,Cal Poly,CTOURN,L 48-59,*,33,3,11,.273,0,5,.000,3,6,.500,.273,0,0,,0,1,1,3,6,0,1,5,6,4.9,Ma'Qhi Berry,https://www.sports-reference.com/cbb/players/maqhi-berry-1.html,long-beach-state,2019-20
