ranker,player_game_num_career,team_game_num_season,date,team_name_abbr,game_location,opp_name_abbr,game_type,game_result,is_starter,mp,fg,fga,fg_pct,fg3,fg3a,fg3_pct,fg2,fg2a,fg2_pct,efg_pct,ft,fta,ft_pct,orb,drb,trb,ast,stl,blk,tov,pf,pts,game_score,player_name,player_sr_link,school,season
1,61,1,2019-11-05,Long Beach State,@,California Baptist,REG (Non-Conf),L 70-79,,29,5,12,.417,0,3,.000,5,9,.556,.417,3,4,.750,2,0,2,4,0,0,4,1,13,6.0,Shanaijah Davison,https://www.sports-reference.com/cbb/players/shanaijah-davison-1.html,long-beach-state,2019-20
2,62,2,2019-11-09,Long Beach State,,Westcliff,REG (Non-Conf),W 94-47,,19,8,13,.615,2,5,.400,6,8,.750,.692,3,4,.750,0,2,2,3,3,0,4,2,21,15.6,Shanaijah Davison,https://www.sports-reference.com/cbb/players/shanaijah-davison-1.html,long-beach-state,2019-20
3,63,3,2019-11-14,Long Beach State,@,UCLA,REG (Non-Conf),L 51-86,*,25,4,17,.235,0,5,.000,4,12,.333,.235,2,4,.500,0,2,2,0,0,0,3,2,10,-4.3,Shanaijah Davison,https://www.sports-reference.com/cbb/players/shanaijah-davison-1.html,long-beach-state,2019-20
4,64,4,2019-11-18,Long Beach State,,Utah State,REG (Non-Conf),L 48-56,,28,3,19,.158,0,7,.000,3,12,.250,.158,4,4,1.000,1,4,5,1,1,0,3,2,10,-2.3,Shanaijah Davison,https://www.sports-reference.com/cbb/players/shanaijah-davison-1.html,long-beach-state,2019-20
5,65,6,2019-11-29,Long Beach State,,Penn State,REG (Non-Conf),W 64-56,,18,3,12,.250,0,3,.000,3,9,.333,.250,8,12,.667,1,2,3,1,2,0,2,0,14,7.2,Shanaijah Davison,https://www.sports-reference.com/cbb/players/shanaijah-davison-1.html,long-beach-state,2019-20
6,66,7,2019-11-30,Long Beach State,@,California,REG (Non-Conf),L 45-68,,28,5,12,.417,2,2,1.000,3,10,.300,.500,0,0,,0,4,4,1,3,0,5,3,12,4.3,Shanaijah Davison,https://www.sports-reference.com/cbb/players/shanaijah-davison-1.html,long-beach-state,2019-20
7,67,8,2019-12-06,Long Beach State,@,Santa Clara,REG (Non-Conf),W 54-46,,19,4,14,.286,0,2,.000,4,12,.333,.286,3,3,1.000,3,3,6,1,3,0,1,0,11,8.5,Shanaijah Davison,https://www.sports-reference.com/cbb/players/shanaijah-davison-1.html,long-beach-state,2019-20
8,68,9,2019-12-08,Long Beach State,@,Seattle,REG (Non-Conf),L 54-66,,29,3,11,.273,2,6,.333,1,5,.200,.364,1,4,.250,0,1,1,3,0,0,3,3,9,-0.5,Shanaijah Davison,https://www.sports-reference.com/cbb/players/shanaijah-davison-1.html,long-beach-state,2019-20
9,69,10,2019-12-14,Long Beach State,,Oregon,REG (Non-Conf),L 45-81,,27,4,13,.308,2,6,.333,2,7,.286,.385,0,0,,0,0,0,4,2,1,2,2,10,5.2,Shanaijah Davison,https://www.sports-reference.com/cbb/players/shanaijah-davison-1.html,long-beach-state,2019-20
10,70,11,2019-12-18,Long Beach State,,Air Force,REG (Non-Conf),W 74-68 (OT),*,42,10,23,.435,1,4,.250,9,19,.474,.457,5,9,.556,1,2,3,3,0,0,4,1,26,11.3,Shanaijah Davison,https://www.sports-reference.com/cbb/players/shanaijah-davison-1.html,long-beach-state,2019-20
11,71,12,2019-12-20,Long Beach State,,Texas–Rio Grande Valley,REG (Non-Conf),W 69-65,*,34,7,13,.538,2,4,.500,5,9,.556,.615,1,4,.250,1,3,4,6,1,0,3,2,17,12.5,Shanaijah Davison,https://www.sports-reference.com/cbb/players/shanaijah-davison-1.html,long-beach-state,2019-20
12,72,13,2019-12-21,Long Beach State,@,Southern California,REG (Non-Conf),L 40-57,*,37,2,13,.154,2,7,.286,0,6,.000,.231,0,0,,0,1,1,0,0,0,2,1,6,-4.4,Shanaijah Davison,https://www.sports-reference.com/cbb/players/shanaijah-davison-1.html,long-beach-state,2019-20
13,73,14,2020-01-09,Long Beach State,,Cal Poly,REG (Conf),W 72-69,*,40,8,19,.421,2,7,.286,6,12,.500,.474,1,2,.500,0,4,4,2,1,0,0,2,19,11.3,Shanaijah Davison,https://www.sports-reference.com/cbb/players/shanaijah-davison-1.html,long-beach-state,2019-20
14,74,15,2020-01-11,Long Beach State,@,Cal State Fullerton,REG (Conf),L 65-69,*,35,8,23,.348,1,7,.143,7,16,.438,.370,2,2,1.000,1,1,2,3,4,0,2,2,19,10.4,Shanaijah Davison,https://www.sports-reference.com/cbb/players/shanaijah-davison-1.html,long-beach-state,2019-20
15,75,16,2020-01-16,Long Beach State,@,UC Davis,REG (Conf),L 55-57,*,37,10,25,.400,3,8,.375,7,17,.412,.460,1,3,.333,0,1,1,3,1,0,2,5,24,9.1,Shanaijah Davison,https://www.sports-reference.com/cbb/players/shanaijah-davison-1.html,long-beach-state,2019-20
16,76,17,2020-01-18,Long Beach State,,Cal State Northridge,REG (Conf),W 60-52,*,25,2,7,.286,0,2,.000,2,5,.400,.286,2,2,1.000,1,3,4,3,0,0,3,3,6,1.4,Shanaijah Davison,https://www.sports-reference.com/cbb/players/shanaijah-davison-1.html,long-beach-state,2019-20
17,77,18,2020-01-23,Long Beach State,,Hawaii,REG (Conf),W 62-55,*,32,5,12,.417,3,5,.600,2,7,.286,.542,4,4,1.000,0,6,6,3,2,0,3,2,17,12.7,Shanaijah Davison,https://www.sports-reference.com/cbb/players/shanaijah-davison-1.html,long-beach-state,2019-20
18,78,19,2020-01-25,Long Beach State,@,UC Irvine,REG (Conf),W 56-46,*,31,4,12,.333,0,2,.000,4,10,.400,.333,1,2,.500,1,2,3,3,1,0,6,1,9,-0.2,Shanaijah Davison,https://www.sports-reference.com/cbb/players/shanaijah-davison-1.html,long-beach-state,2019-20
19,79,20,2020-01-30,Long Beach State,,UC Riverside,REG (Conf),W 73-67 (2OT),*,38,6,20,.300,0,1,.000,6,19,.316,.300,3,4,.750,0,4,4,1,1,0,2,1,15,3.5,Shanaijah Davison,https://www.sports-reference.com/cbb/players/shanaijah-davison-1.html,long-beach-state,2019-20
20,80,21,2020-02-01,Long Beach State,@,Hawaii,REG (Conf),L 44-68,*,37,5,19,.263,1,3,.333,4,16,.250,.289,3,6,.500,0,1,1,2,3,0,1,0,14,5.2,Shanaijah Davison,https://www.sports-reference.com/cbb/players/shanaijah-davison-1.html,long-beach-state,2019-20
21,81,22,2020-02-08,Long Beach State,@,Cal Poly,REG (Conf),L 41-61,*,26,0,9,.000,0,3,.000,0,6,.000,.000,0,2,.000,0,2,2,2,0,0,2,3,0,-8.3,Shanaijah Davison,https://www.sports-reference.com/cbb/players/shanaijah-davison-1.html,long-beach-state,2019-20
22,82,23,2020-02-13,Long Beach State,,UC Santa Barbara,REG (Conf),W 59-53,*,35,7,12,.583,0,2,.000,7,10,.700,.583,5,5,1.000,0,7,7,4,3,0,5,1,19,15.9,Shanaijah Davison,https://www.sports-reference.com/cbb/players/shanaijah-davison-1.html,long-beach-state,2019-20
23,83,24,2020-02-15,Long Beach State,@,UC Riverside,REG (Conf),L 57-58,*,30,7,15,.467,0,2,.000,7,13,.538,.467,1,2,.500,2,0,2,2,3,0,3,4,15,8.1,Shanaijah Davison,https://www.sports-reference.com/cbb/players/shanaijah-davison-1.html,long-beach-state,2019-20
24,84,25,2020-02-20,Long Beach State,,UC Irvine,REG (Conf),L 61-70,,31,3,13,.231,1,5,.200,2,8,.250,.269,2,2,1.000,1,3,4,4,0,0,6,2,9,-1.3,Shanaijah Davison,https://www.sports-reference.com/cbb/players/shanaijah-davison-1.html,long-beach-state,2019-20
25,85,26,2020-02-27,Long Beach State,@,Cal State Northridge,REG (Conf),L 54-66,,22,2,11,.182,1,6,.167,1,5,.200,.227,0,0,,2,1,3,3,1,0,4,2,5,-1.9,Shanaijah Davison,https://www.sports-reference.com/cbb/players/shanaijah-davison-1.html,long-beach-state,2019-20
26,86,27,2020-02-29,Long Beach State,@,UC Santa Barbara,REG (Conf),L 47-55,*,18,2,4,.500,0,0,,2,4,.500,.500,1,1,1.000,1,3,4,1,0,0,6,2,5,-1.5,Shanaijah Davison,https://www.sports-reference.com/cbb/players/shanaijah-davison-1.html,long-beach-state,2019-20
27,87,28,2020-03-04,Long Beach State,,Cal State Fullerton,REG (Conf),W 52-49,,34,2,14,.143,1,7,.143,1,7,.143,.179,1,2,.500,2,5,7,1,2,0,4,3,6,-3.0,Shanaijah Davison,https://www.sports-reference.com/cbb/players/shanaijah-davison-1.html,long-beach-state,2019-20
28,88,29,2020-03-07,Long Beach State,,UC Davis,REG (Conf),W 66-57,,28,5,11,.455,1,4,.250,4,7,.571,.500,2,3,.667,0,5,5,2,0,0,3,1,13,6.4,Shanaijah Davison,https://www.sports-reference.com/cbb/players/shanaijah-davison-1.html,long-beach-state,2019-20
29,89,30,2020-03-10,Long Beach State,,Cal Poly,CTOURN,L 48-59,,26,2,15,.133,1,8,.125,1,7,.143,.167,5,6,.833,3,3,6,1,3,0,3,1,10,3.2,Shanaijah Davison,https://www.sports-reference.com/cbb/players/shanaijah-davison-1.html,long-beach-state,2019-20
