ranker,player_game_num_career,team_game_num_season,date,team_name_abbr,game_location,opp_name_abbr,game_type,game_result,is_starter,mp,fg,fga,fg_pct,fg3,fg3a,fg3_pct,fg2,fg2a,fg2_pct,efg_pct,ft,fta,ft_pct,orb,drb,trb,ast,stl,blk,tov,pf,pts,game_score,player_name,player_sr_link,school,season
1,15,1,2023-11-06,Louisiana,,Spring Hill,REG (Non-Conf),W 75-45,,11,1,3,.333,0,0,,1,3,.333,.333,0,0,,0,3,3,1,1,0,0,2,2,2.1,Imani Ivery,https://www.sports-reference.com/cbb/players/imani-ivery-1.html,louisiana-lafayette,2023-24
2,16,8,2023-12-10,Louisiana,@,Louisiana State,REG (Non-Conf),L 53-83,,2,0,0,,0,0,,0,0,,,0,0,,0,0,0,0,0,0,0,0,0,0.0,Imani Ivery,https://www.sports-reference.com/cbb/players/imani-ivery-1.html,louisiana-lafayette,2023-24
3,17,10,2023-12-17,Louisiana,,North Texas,REG (Non-Conf),L 48-71,,1,0,0,,0,0,,0,0,,,0,0,,0,0,0,0,0,0,0,0,0,0.0,Imani Ivery,https://www.sports-reference.com/cbb/players/imani-ivery-1.html,louisiana-lafayette,2023-24
4,18,11,2023-12-19,Louisiana,,LSU Shreveport,REG (Non-Conf),W 64-46,,4,0,0,,0,0,,0,0,,,2,2,1.000,0,0,0,0,0,0,0,0,2,2.0,Imani Ivery,https://www.sports-reference.com/cbb/players/imani-ivery-1.html,louisiana-lafayette,2023-24
5,19,23,2024-02-07,Louisiana,@,Marshall,REG (Conf),L 42-74,,2,0,2,.000,0,1,.000,0,1,.000,.000,0,0,,0,0,0,0,0,0,0,0,0,-1.4,Imani Ivery,https://www.sports-reference.com/cbb/players/imani-ivery-1.html,louisiana-lafayette,2023-24
6,20,27,2024-02-21,Louisiana,@,South Alabama,REG (Conf),W 74-42,,9,0,0,,0,0,,0,0,,,0,0,,0,0,0,0,0,0,1,1,0,-1.4,Imani Ivery,https://www.sports-reference.com/cbb/players/imani-ivery-1.html,louisiana-lafayette,2023-24
