ranker,player_game_num_career,team_game_num_season,date,team_name_abbr,game_location,opp_name_abbr,game_type,game_result,is_starter,mp,fg,fga,fg_pct,fg3,fg3a,fg3_pct,fg2,fg2a,fg2_pct,efg_pct,ft,fta,ft_pct,orb,drb,trb,ast,stl,blk,tov,pf,pts,game_score,player_name,player_sr_link,school,season
1,1,1,2020-12-06,Montana State,,North Dakota,REG (Non-Conf),W 84-72,,11,1,5,.200,1,4,.250,0,1,.000,.300,3,4,.750,0,1,1,1,1,0,0,1,6,4.1,Ava Ranson,https://www.sports-reference.com/cbb/players/ava-ranson-1.html,montana-state,2020-21
2,2,2,2020-12-10,Montana State,@,Brigham Young,REG (Non-Conf),L 58-72,,12,0,2,.000,0,2,.000,0,0,,.000,5,6,.833,0,1,1,1,0,0,2,2,5,1.4,Ava Ranson,https://www.sports-reference.com/cbb/players/ava-ranson-1.html,montana-state,2020-21
3,3,3,2020-12-11,Montana State,@,Utah,REG (Non-Conf),L 63-73,,7,0,6,.000,0,3,.000,0,3,.000,.000,0,0,,0,1,1,0,0,0,0,0,0,-3.9,Ava Ranson,https://www.sports-reference.com/cbb/players/ava-ranson-1.html,montana-state,2020-21
4,4,4,2020-12-17,Montana State,@,Portland,REG (Non-Conf),W 80-67,,4,0,4,.000,0,1,.000,0,3,.000,.000,0,0,,0,0,0,0,0,0,0,2,0,-3.6,Ava Ranson,https://www.sports-reference.com/cbb/players/ava-ranson-1.html,montana-state,2020-21
5,5,5,2020-12-21,Montana State,,South Dakota State,REG (Non-Conf),L 67-82,,7,0,2,.000,0,0,,0,2,.000,.000,0,0,,0,0,0,0,0,0,0,0,0,-1.4,Ava Ranson,https://www.sports-reference.com/cbb/players/ava-ranson-1.html,montana-state,2020-21
6,6,6,2021-01-02,Montana State,@,Utah Valley,REG (Non-Conf),W 66-63,,8,0,0,,0,0,,0,0,,,0,0,,0,0,0,1,0,0,1,1,0,-0.7,Ava Ranson,https://www.sports-reference.com/cbb/players/ava-ranson-1.html,montana-state,2020-21
7,7,7,2021-01-07,Montana State,,Northern Colorado,REG (Conf),W 54-46,,7,1,2,.500,1,2,.500,0,0,,.750,0,0,,0,0,0,1,0,0,0,0,3,2.7,Ava Ranson,https://www.sports-reference.com/cbb/players/ava-ranson-1.html,montana-state,2020-21
8,8,8,2021-01-09,Montana State,,Northern Colorado,REG (Conf),L 49-57,,7,2,2,1.000,1,1,1.000,1,1,1.000,1.250,0,0,,0,0,0,0,1,0,1,0,5,4.4,Ava Ranson,https://www.sports-reference.com/cbb/players/ava-ranson-1.html,montana-state,2020-21
9,9,9,2021-01-14,Montana State,@,Portland State,REG (Conf),W 75-67,,8,0,2,.000,0,1,.000,0,1,.000,.000,0,0,,0,0,0,2,0,0,0,1,0,-0.4,Ava Ranson,https://www.sports-reference.com/cbb/players/ava-ranson-1.html,montana-state,2020-21
10,10,11,2021-01-21,Montana State,,Northern Arizona,REG (Conf),W 79-56,,9,4,5,.800,4,5,.800,0,0,,1.200,0,0,,0,1,1,0,0,0,1,2,12,8.6,Ava Ranson,https://www.sports-reference.com/cbb/players/ava-ranson-1.html,montana-state,2020-21
11,11,12,2021-01-23,Montana State,,Northern Arizona,REG (Conf),W 90-65,,12,1,2,.500,1,2,.500,0,0,,.750,0,0,,0,0,0,0,1,0,1,0,3,2.0,Ava Ranson,https://www.sports-reference.com/cbb/players/ava-ranson-1.html,montana-state,2020-21
12,12,13,2021-01-28,Montana State,,Montana,REG (Conf),W 70-46,,12,0,2,.000,0,2,.000,0,0,,.000,1,2,.500,0,0,0,0,1,0,0,0,1,0.2,Ava Ranson,https://www.sports-reference.com/cbb/players/ava-ranson-1.html,montana-state,2020-21
13,13,14,2021-01-30,Montana State,@,Montana,REG (Conf),W 70-60,,8,0,2,.000,0,1,.000,0,1,.000,.000,0,0,,0,3,3,0,0,0,0,0,0,-0.5,Ava Ranson,https://www.sports-reference.com/cbb/players/ava-ranson-1.html,montana-state,2020-21
14,14,15,2021-02-04,Montana State,,Weber State,REG (Conf),W 102-53,,16,1,1,1.000,0,0,,1,1,1.000,1.000,3,4,.750,0,1,1,1,1,0,5,1,5,0.9,Ava Ranson,https://www.sports-reference.com/cbb/players/ava-ranson-1.html,montana-state,2020-21
15,15,16,2021-02-06,Montana State,,Weber State,REG (Conf),W 84-57,,13,3,5,.600,1,2,.500,2,3,.667,.700,1,2,.500,0,0,0,2,1,0,2,1,8,5.3,Ava Ranson,https://www.sports-reference.com/cbb/players/ava-ranson-1.html,montana-state,2020-21
16,16,17,2021-02-11,Montana State,@,Eastern Washington,REG (Conf),W 73-42,,11,1,2,.500,1,2,.500,0,0,,.750,2,2,1.000,0,1,1,3,1,0,1,2,5,5.6,Ava Ranson,https://www.sports-reference.com/cbb/players/ava-ranson-1.html,montana-state,2020-21
17,17,18,2021-02-13,Montana State,@,Eastern Washington,REG (Conf),W 76-64,,10,0,4,.000,0,2,.000,0,2,.000,.000,1,2,.500,0,0,0,2,0,0,0,0,1,-0.8,Ava Ranson,https://www.sports-reference.com/cbb/players/ava-ranson-1.html,montana-state,2020-21
18,18,19,2021-02-18,Montana State,@,Idaho State,REG (Conf),L 59-69,,5,1,2,.500,0,1,.000,1,1,1.000,.500,2,2,1.000,0,1,1,1,0,0,0,0,4,4.0,Ava Ranson,https://www.sports-reference.com/cbb/players/ava-ranson-1.html,montana-state,2020-21
19,19,20,2021-02-20,Montana State,,Idaho State,REG (Conf),W 88-80 (OT),,5,0,1,.000,0,1,.000,0,0,,.000,0,0,,0,0,0,0,0,0,0,0,0,-0.7,Ava Ranson,https://www.sports-reference.com/cbb/players/ava-ranson-1.html,montana-state,2020-21
20,20,21,2021-03-03,Montana State,@,Sacramento State,REG (Conf),W 61-57,,9,1,4,.250,1,3,.333,0,1,.000,.375,0,0,,1,0,1,0,0,0,0,0,3,1.3,Ava Ranson,https://www.sports-reference.com/cbb/players/ava-ranson-1.html,montana-state,2020-21
21,21,22,2021-03-05,Montana State,@,Sacramento State,REG (Conf),W 81-66,,10,0,0,,0,0,,0,0,,,0,0,,0,0,0,1,0,0,0,0,0,0.7,Ava Ranson,https://www.sports-reference.com/cbb/players/ava-ranson-1.html,montana-state,2020-21
22,22,23,2021-03-09,Montana State,,Sacramento State,CTOURN,W 66-55,,8,1,4,.250,1,3,.333,0,1,.000,.375,0,0,,0,0,0,1,0,0,1,0,3,0.3,Ava Ranson,https://www.sports-reference.com/cbb/players/ava-ranson-1.html,montana-state,2020-21
23,23,24,2021-03-10,Montana State,@,Idaho,CTOURN,L 64-80,,8,3,4,.750,1,2,.500,2,2,1.000,.875,0,0,,0,0,0,0,2,0,1,0,7,6.4,Ava Ranson,https://www.sports-reference.com/cbb/players/ava-ranson-1.html,montana-state,2020-21
