ranker,player_game_num_career,team_game_num_season,date,team_name_abbr,game_location,opp_name_abbr,game_type,game_result,is_starter,mp,fg,fga,fg_pct,fg3,fg3a,fg3_pct,fg2,fg2a,fg2_pct,efg_pct,ft,fta,ft_pct,orb,drb,trb,ast,stl,blk,tov,pf,pts,game_score,player_name,player_sr_link,school,season
1,32,1,2020-12-06,Montana State,,North Dakota,REG (Non-Conf),W 84-72,*,31,7,12,.583,1,2,.500,6,10,.600,.625,7,12,.583,3,2,5,6,4,0,5,1,22,19.9,Darian White,https://www.sports-reference.com/cbb/players/darian-white-1.html,montana-state,2020-21
2,33,2,2020-12-10,Montana State,@,Brigham Young,REG (Non-Conf),L 58-72,*,25,4,7,.571,1,2,.500,3,5,.600,.643,7,7,1.000,0,3,3,0,4,0,2,1,16,15.2,Darian White,https://www.sports-reference.com/cbb/players/darian-white-1.html,montana-state,2020-21
3,34,3,2020-12-11,Montana State,@,Utah,REG (Non-Conf),L 63-73,*,35,10,19,.526,1,1,1.000,9,18,.500,.553,0,0,,0,3,3,3,3,0,3,2,21,13.9,Darian White,https://www.sports-reference.com/cbb/players/darian-white-1.html,montana-state,2020-21
4,35,4,2020-12-17,Montana State,@,Portland,REG (Non-Conf),W 80-67,*,33,8,15,.533,1,2,.500,7,13,.538,.567,7,9,.778,5,6,11,9,5,1,4,1,24,28.8,Darian White,https://www.sports-reference.com/cbb/players/darian-white-1.html,montana-state,2020-21
5,36,5,2020-12-21,Montana State,,South Dakota State,REG (Non-Conf),L 67-82,*,29,6,14,.429,0,2,.000,6,12,.500,.429,2,3,.667,2,3,5,5,2,1,1,2,14,12.9,Darian White,https://www.sports-reference.com/cbb/players/darian-white-1.html,montana-state,2020-21
6,37,6,2021-01-02,Montana State,@,Utah Valley,REG (Non-Conf),W 66-63,*,28,1,9,.111,0,1,.000,1,8,.125,.111,3,4,.750,0,4,4,5,2,1,4,2,5,1.3,Darian White,https://www.sports-reference.com/cbb/players/darian-white-1.html,montana-state,2020-21
7,38,7,2021-01-07,Montana State,,Northern Colorado,REG (Conf),W 54-46,*,29,4,9,.444,1,1,1.000,3,8,.375,.500,7,7,1.000,1,3,4,1,2,0,0,1,16,15.2,Darian White,https://www.sports-reference.com/cbb/players/darian-white-1.html,montana-state,2020-21
8,39,8,2021-01-09,Montana State,,Northern Colorado,REG (Conf),L 49-57,*,31,3,19,.158,0,4,.000,3,15,.200,.158,4,5,.800,6,4,10,4,3,1,3,3,10,5.2,Darian White,https://www.sports-reference.com/cbb/players/darian-white-1.html,montana-state,2020-21
9,40,9,2021-01-14,Montana State,@,Portland State,REG (Conf),W 75-67,*,32,6,11,.545,1,1,1.000,5,10,.500,.591,4,5,.800,1,4,5,3,2,0,2,0,17,15.3,Darian White,https://www.sports-reference.com/cbb/players/darian-white-1.html,montana-state,2020-21
10,41,10,2021-01-16,Montana State,@,Portland State,REG (Conf),L 70-72,*,35,0,6,.000,0,1,.000,0,5,.000,.000,2,2,1.000,5,2,7,8,2,0,4,3,2,4.3,Darian White,https://www.sports-reference.com/cbb/players/darian-white-1.html,montana-state,2020-21
11,42,11,2021-01-21,Montana State,,Northern Arizona,REG (Conf),W 79-56,*,27,5,12,.417,0,2,.000,5,10,.500,.417,5,6,.833,0,1,1,5,3,0,3,1,15,11.6,Darian White,https://www.sports-reference.com/cbb/players/darian-white-1.html,montana-state,2020-21
12,43,12,2021-01-23,Montana State,,Northern Arizona,REG (Conf),W 90-65,*,25,3,10,.300,0,2,.000,3,8,.375,.300,6,9,.667,3,6,9,6,2,0,3,2,12,11.3,Darian White,https://www.sports-reference.com/cbb/players/darian-white-1.html,montana-state,2020-21
13,44,13,2021-01-28,Montana State,,Montana,REG (Conf),W 70-46,*,30,5,11,.455,0,1,.000,5,10,.500,.455,3,4,.750,2,2,4,4,3,0,3,2,13,10.9,Darian White,https://www.sports-reference.com/cbb/players/darian-white-1.html,montana-state,2020-21
14,45,14,2021-01-30,Montana State,@,Montana,REG (Conf),W 70-60,*,31,3,11,.273,1,3,.333,2,8,.250,.318,12,14,.857,2,2,4,1,1,0,4,4,19,9.8,Darian White,https://www.sports-reference.com/cbb/players/darian-white-1.html,montana-state,2020-21
15,46,15,2021-02-04,Montana State,,Weber State,REG (Conf),W 102-53,*,18,6,10,.600,2,4,.500,4,6,.667,.700,3,4,.750,1,1,2,2,1,0,2,1,17,13.0,Darian White,https://www.sports-reference.com/cbb/players/darian-white-1.html,montana-state,2020-21
16,47,16,2021-02-06,Montana State,,Weber State,REG (Conf),W 84-57,*,20,4,6,.667,2,2,1.000,2,4,.500,.833,4,5,.800,2,3,5,2,2,0,3,3,14,12.5,Darian White,https://www.sports-reference.com/cbb/players/darian-white-1.html,montana-state,2020-21
17,48,17,2021-02-11,Montana State,@,Eastern Washington,REG (Conf),W 73-42,*,22,7,13,.538,0,0,,7,13,.538,.538,2,2,1.000,4,6,10,4,7,0,1,1,16,22.7,Darian White,https://www.sports-reference.com/cbb/players/darian-white-1.html,montana-state,2020-21
18,49,18,2021-02-13,Montana State,@,Eastern Washington,REG (Conf),W 76-64,*,20,4,12,.333,0,1,.000,4,11,.364,.333,2,2,1.000,0,5,5,2,2,0,0,2,10,7.3,Darian White,https://www.sports-reference.com/cbb/players/darian-white-1.html,montana-state,2020-21
19,50,19,2021-02-18,Montana State,@,Idaho State,REG (Conf),L 59-69,*,33,6,12,.500,0,1,.000,6,11,.545,.500,4,7,.571,1,3,4,1,4,0,1,2,16,13.3,Darian White,https://www.sports-reference.com/cbb/players/darian-white-1.html,montana-state,2020-21
20,51,20,2021-02-20,Montana State,,Idaho State,REG (Conf),W 88-80 (OT),*,36,4,13,.308,1,3,.333,3,10,.300,.346,3,4,.750,0,2,2,3,3,0,2,4,12,6.2,Darian White,https://www.sports-reference.com/cbb/players/darian-white-1.html,montana-state,2020-21
21,52,21,2021-03-03,Montana State,@,Sacramento State,REG (Conf),W 61-57,*,32,7,14,.500,0,2,.000,7,12,.583,.500,3,5,.600,1,4,5,4,2,1,1,4,17,14.0,Darian White,https://www.sports-reference.com/cbb/players/darian-white-1.html,montana-state,2020-21
22,53,22,2021-03-05,Montana State,@,Sacramento State,REG (Conf),W 81-66,*,26,6,11,.545,1,2,.500,5,9,.556,.591,4,4,1.000,3,1,4,7,5,0,2,2,17,21.2,Darian White,https://www.sports-reference.com/cbb/players/darian-white-1.html,montana-state,2020-21
23,54,23,2021-03-09,Montana State,,Sacramento State,CTOURN,W 66-55,*,29,4,15,.267,0,3,.000,4,12,.333,.267,2,6,.333,2,2,4,2,0,0,2,3,10,-0.3,Darian White,https://www.sports-reference.com/cbb/players/darian-white-1.html,montana-state,2020-21
24,55,24,2021-03-10,Montana State,@,Idaho,CTOURN,L 64-80,*,34,5,11,.455,0,1,.000,5,10,.500,.455,5,7,.714,2,4,6,4,1,1,2,2,15,12.8,Darian White,https://www.sports-reference.com/cbb/players/darian-white-1.html,montana-state,2020-21
