ranker,player_game_num_career,team_game_num_season,date,team_name_abbr,game_location,opp_name_abbr,game_type,game_result,is_starter,mp,fg,fga,fg_pct,fg3,fg3a,fg3_pct,fg2,fg2a,fg2_pct,efg_pct,ft,fta,ft_pct,orb,drb,trb,ast,stl,blk,tov,pf,pts,game_score,player_name,player_sr_link,school,season
1,1,1,2020-12-06,Montana State,,North Dakota,REG (Non-Conf),W 84-72,*,28,2,6,.333,1,5,.200,1,1,1.000,.417,2,4,.500,1,5,6,0,0,0,2,1,7,2.6,Katelynn Martin,https://www.sports-reference.com/cbb/players/katelynn-limardo-1.html,montana-state,2020-21
2,2,2,2020-12-10,Montana State,@,Brigham Young,REG (Non-Conf),L 58-72,*,27,0,4,.000,0,2,.000,0,2,.000,.000,6,6,1.000,1,5,6,1,0,0,1,3,6,3.9,Katelynn Martin,https://www.sports-reference.com/cbb/players/katelynn-limardo-1.html,montana-state,2020-21
3,3,3,2020-12-11,Montana State,@,Utah,REG (Non-Conf),L 63-73,*,31,3,10,.300,2,2,1.000,1,8,.125,.400,2,2,1.000,0,2,2,1,0,0,3,3,10,1.3,Katelynn Martin,https://www.sports-reference.com/cbb/players/katelynn-limardo-1.html,montana-state,2020-21
4,4,4,2020-12-17,Montana State,@,Portland,REG (Non-Conf),W 80-67,*,20,0,2,.000,0,2,.000,0,0,,.000,0,0,,1,2,3,1,0,0,4,2,0,-4.2,Katelynn Martin,https://www.sports-reference.com/cbb/players/katelynn-limardo-1.html,montana-state,2020-21
5,5,5,2020-12-21,Montana State,,South Dakota State,REG (Non-Conf),L 67-82,*,24,0,3,.000,0,3,.000,0,0,,.000,1,2,.500,2,2,4,1,0,0,1,1,1,-0.2,Katelynn Martin,https://www.sports-reference.com/cbb/players/katelynn-limardo-1.html,montana-state,2020-21
6,6,6,2021-01-02,Montana State,@,Utah Valley,REG (Non-Conf),W 66-63,*,28,6,8,.750,3,5,.600,3,3,1.000,.938,0,0,,2,2,4,2,1,1,2,3,15,13.7,Katelynn Martin,https://www.sports-reference.com/cbb/players/katelynn-limardo-1.html,montana-state,2020-21
7,7,7,2021-01-07,Montana State,,Northern Colorado,REG (Conf),W 54-46,*,21,1,5,.200,0,2,.000,1,3,.333,.200,1,2,.500,2,1,3,1,0,0,1,4,3,-0.7,Katelynn Martin,https://www.sports-reference.com/cbb/players/katelynn-limardo-1.html,montana-state,2020-21
8,8,8,2021-01-09,Montana State,,Northern Colorado,REG (Conf),L 49-57,*,25,3,5,.600,2,2,1.000,1,3,.333,.800,0,0,,2,1,3,0,1,0,1,3,8,6.2,Katelynn Martin,https://www.sports-reference.com/cbb/players/katelynn-limardo-1.html,montana-state,2020-21
9,9,9,2021-01-14,Montana State,@,Portland State,REG (Conf),W 75-67,*,32,2,6,.333,1,4,.250,1,2,.500,.417,0,0,,4,4,8,4,1,0,1,3,5,7.2,Katelynn Martin,https://www.sports-reference.com/cbb/players/katelynn-limardo-1.html,montana-state,2020-21
10,10,10,2021-01-16,Montana State,@,Portland State,REG (Conf),L 70-72,*,30,0,4,.000,0,4,.000,0,0,,.000,0,0,,0,5,5,1,1,0,1,3,0,-1.8,Katelynn Martin,https://www.sports-reference.com/cbb/players/katelynn-limardo-1.html,montana-state,2020-21
11,11,11,2021-01-21,Montana State,,Northern Arizona,REG (Conf),W 79-56,*,28,3,8,.375,1,5,.200,2,3,.667,.438,0,0,,2,2,4,1,3,0,2,2,7,5.5,Katelynn Martin,https://www.sports-reference.com/cbb/players/katelynn-limardo-1.html,montana-state,2020-21
12,12,12,2021-01-23,Montana State,,Northern Arizona,REG (Conf),W 90-65,*,30,2,7,.286,2,6,.333,0,1,.000,.429,0,0,,1,2,3,3,0,1,0,3,6,4.8,Katelynn Martin,https://www.sports-reference.com/cbb/players/katelynn-limardo-1.html,montana-state,2020-21
13,13,13,2021-01-28,Montana State,,Montana,REG (Conf),W 70-46,*,27,3,10,.300,1,5,.200,2,5,.400,.350,0,0,,3,4,7,1,2,1,0,2,7,7.1,Katelynn Martin,https://www.sports-reference.com/cbb/players/katelynn-limardo-1.html,montana-state,2020-21
14,14,14,2021-01-30,Montana State,@,Montana,REG (Conf),W 70-60,*,21,0,3,.000,0,3,.000,0,0,,.000,0,0,,2,3,5,0,1,0,2,3,0,-2.0,Katelynn Martin,https://www.sports-reference.com/cbb/players/katelynn-limardo-1.html,montana-state,2020-21
15,15,15,2021-02-04,Montana State,,Weber State,REG (Conf),W 102-53,*,19,3,5,.600,2,4,.500,1,1,1.000,.800,0,0,,1,5,6,1,1,0,0,0,8,9.6,Katelynn Martin,https://www.sports-reference.com/cbb/players/katelynn-limardo-1.html,montana-state,2020-21
16,16,16,2021-02-06,Montana State,,Weber State,REG (Conf),W 84-57,*,20,2,5,.400,1,2,.500,1,3,.333,.500,4,4,1.000,1,3,4,3,3,1,3,1,9,10.3,Katelynn Martin,https://www.sports-reference.com/cbb/players/katelynn-limardo-1.html,montana-state,2020-21
17,17,17,2021-02-11,Montana State,@,Eastern Washington,REG (Conf),W 73-42,*,23,3,7,.429,2,6,.333,1,1,1.000,.571,0,0,,1,4,5,4,2,0,1,1,8,9.6,Katelynn Martin,https://www.sports-reference.com/cbb/players/katelynn-limardo-1.html,montana-state,2020-21
18,18,18,2021-02-13,Montana State,@,Eastern Washington,REG (Conf),W 76-64,*,20,6,6,1.000,5,5,1.000,1,1,1.000,1.417,0,0,,1,2,3,1,1,0,2,3,17,15.0,Katelynn Martin,https://www.sports-reference.com/cbb/players/katelynn-limardo-1.html,montana-state,2020-21
19,19,19,2021-02-18,Montana State,@,Idaho State,REG (Conf),L 59-69,*,23,2,9,.222,2,8,.250,0,1,.000,.333,2,2,1.000,0,2,2,1,1,0,2,1,8,2.4,Katelynn Martin,https://www.sports-reference.com/cbb/players/katelynn-limardo-1.html,montana-state,2020-21
20,20,20,2021-02-20,Montana State,,Idaho State,REG (Conf),W 88-80 (OT),*,17,0,3,.000,0,2,.000,0,1,.000,.000,0,0,,0,0,0,0,0,0,2,1,0,-4.5,Katelynn Martin,https://www.sports-reference.com/cbb/players/katelynn-limardo-1.html,montana-state,2020-21
21,21,21,2021-03-03,Montana State,@,Sacramento State,REG (Conf),W 61-57,*,18,2,5,.400,2,4,.500,0,1,.000,.600,2,2,1.000,5,6,11,1,1,0,2,3,8,9.1,Katelynn Martin,https://www.sports-reference.com/cbb/players/katelynn-limardo-1.html,montana-state,2020-21
22,22,22,2021-03-05,Montana State,@,Sacramento State,REG (Conf),W 81-66,*,22,3,8,.375,2,6,.333,1,2,.500,.500,0,0,,1,5,6,2,1,0,0,2,8,7.4,Katelynn Martin,https://www.sports-reference.com/cbb/players/katelynn-limardo-1.html,montana-state,2020-21
23,23,23,2021-03-09,Montana State,,Sacramento State,CTOURN,W 66-55,*,29,3,5,.600,3,5,.600,0,0,,.900,0,0,,2,4,6,0,1,1,1,2,9,9.2,Katelynn Martin,https://www.sports-reference.com/cbb/players/katelynn-limardo-1.html,montana-state,2020-21
24,24,24,2021-03-10,Montana State,@,Idaho,CTOURN,L 64-80,*,23,3,8,.375,1,4,.250,2,4,.500,.438,1,2,.500,1,1,2,0,0,0,3,0,8,1.2,Katelynn Martin,https://www.sports-reference.com/cbb/players/katelynn-limardo-1.html,montana-state,2020-21
