ranker,player_game_num_career,team_game_num_season,date,team_name_abbr,game_location,opp_name_abbr,game_type,game_result,is_starter,mp,fg,fga,fg_pct,fg3,fg3a,fg3_pct,fg2,fg2a,fg2_pct,efg_pct,ft,fta,ft_pct,orb,drb,trb,ast,stl,blk,tov,pf,pts,game_score,player_name,player_sr_link,school,season
1,32,1,2020-12-06,Montana State,,North Dakota,REG (Non-Conf),W 84-72,*,9,0,0,,0,0,,0,0,,,0,0,,0,1,1,0,0,0,1,5,0,-2.7,Kola Bad Bear,https://www.sports-reference.com/cbb/players/kola-bad-bear-1.html,montana-state,2020-21
2,33,2,2020-12-10,Montana State,@,Brigham Young,REG (Non-Conf),L 58-72,*,20,3,10,.300,0,2,.000,3,8,.375,.300,4,4,1.000,4,2,6,0,0,1,2,1,10,5.9,Kola Bad Bear,https://www.sports-reference.com/cbb/players/kola-bad-bear-1.html,montana-state,2020-21
3,34,3,2020-12-11,Montana State,@,Utah,REG (Non-Conf),L 63-73,*,21,2,5,.400,0,0,,2,5,.400,.400,1,2,.500,2,0,2,1,3,1,2,3,5,4.5,Kola Bad Bear,https://www.sports-reference.com/cbb/players/kola-bad-bear-1.html,montana-state,2020-21
4,35,4,2020-12-17,Montana State,@,Portland,REG (Non-Conf),W 80-67,*,13,4,6,.667,0,0,,4,6,.667,.667,2,2,1.000,1,1,2,0,0,0,2,4,10,4.8,Kola Bad Bear,https://www.sports-reference.com/cbb/players/kola-bad-bear-1.html,montana-state,2020-21
5,36,5,2020-12-21,Montana State,,South Dakota State,REG (Non-Conf),L 67-82,*,14,0,3,.000,0,0,,0,3,.000,.000,2,2,1.000,0,1,1,0,0,0,1,4,2,-2.4,Kola Bad Bear,https://www.sports-reference.com/cbb/players/kola-bad-bear-1.html,montana-state,2020-21
6,37,6,2021-01-02,Montana State,@,Utah Valley,REG (Non-Conf),W 66-63,*,19,2,7,.286,0,2,.000,2,5,.400,.286,1,2,.500,2,1,3,3,1,1,0,3,5,4.8,Kola Bad Bear,https://www.sports-reference.com/cbb/players/kola-bad-bear-1.html,montana-state,2020-21
7,38,7,2021-01-07,Montana State,,Northern Colorado,REG (Conf),W 54-46,*,24,2,5,.400,1,2,.500,1,3,.333,.500,4,6,.667,2,3,5,0,1,1,2,3,9,6.3,Kola Bad Bear,https://www.sports-reference.com/cbb/players/kola-bad-bear-1.html,montana-state,2020-21
8,39,8,2021-01-09,Montana State,,Northern Colorado,REG (Conf),L 49-57,*,20,0,2,.000,0,1,.000,0,1,.000,.000,3,4,.750,1,3,4,1,3,0,0,4,3,4.9,Kola Bad Bear,https://www.sports-reference.com/cbb/players/kola-bad-bear-1.html,montana-state,2020-21
9,40,9,2021-01-14,Montana State,@,Portland State,REG (Conf),W 75-67,*,15,7,10,.700,0,0,,7,10,.700,.700,2,2,1.000,3,0,3,0,1,0,0,4,16,13.3,Kola Bad Bear,https://www.sports-reference.com/cbb/players/kola-bad-bear-1.html,montana-state,2020-21
10,41,10,2021-01-16,Montana State,@,Portland State,REG (Conf),L 70-72,*,13,0,4,.000,0,0,,0,4,.000,.000,2,2,1.000,0,1,1,0,0,0,0,2,2,-1.3,Kola Bad Bear,https://www.sports-reference.com/cbb/players/kola-bad-bear-1.html,montana-state,2020-21
11,42,11,2021-01-21,Montana State,,Northern Arizona,REG (Conf),W 79-56,*,19,2,5,.400,0,2,.000,2,3,.667,.400,0,0,,1,2,3,0,0,0,1,3,4,0.4,Kola Bad Bear,https://www.sports-reference.com/cbb/players/kola-bad-bear-1.html,montana-state,2020-21
12,43,12,2021-01-23,Montana State,,Northern Arizona,REG (Conf),W 90-65,*,13,2,3,.667,0,0,,2,3,.667,.667,0,0,,1,1,2,3,0,0,1,1,4,4.4,Kola Bad Bear,https://www.sports-reference.com/cbb/players/kola-bad-bear-1.html,montana-state,2020-21
13,44,13,2021-01-28,Montana State,,Montana,REG (Conf),W 70-46,*,9,1,1,1.000,0,0,,1,1,1.000,1.000,0,0,,2,1,3,0,1,0,0,4,2,2.8,Kola Bad Bear,https://www.sports-reference.com/cbb/players/kola-bad-bear-1.html,montana-state,2020-21
14,45,14,2021-01-30,Montana State,@,Montana,REG (Conf),W 70-60,*,15,3,4,.750,1,1,1.000,2,3,.667,.875,0,0,,0,2,2,1,0,0,1,2,7,4.9,Kola Bad Bear,https://www.sports-reference.com/cbb/players/kola-bad-bear-1.html,montana-state,2020-21
15,46,15,2021-02-04,Montana State,,Weber State,REG (Conf),W 102-53,*,20,3,7,.429,0,1,.000,3,6,.500,.429,0,0,,0,2,2,1,3,2,0,2,6,7.2,Kola Bad Bear,https://www.sports-reference.com/cbb/players/kola-bad-bear-1.html,montana-state,2020-21
16,47,16,2021-02-06,Montana State,,Weber State,REG (Conf),W 84-57,*,11,1,3,.333,0,0,,1,3,.333,.333,3,4,.750,1,0,1,1,0,0,0,5,5,2.3,Kola Bad Bear,https://www.sports-reference.com/cbb/players/kola-bad-bear-1.html,montana-state,2020-21
17,48,17,2021-02-11,Montana State,@,Eastern Washington,REG (Conf),W 73-42,*,17,1,3,.333,0,0,,1,3,.333,.333,0,0,,2,5,7,0,0,0,1,1,2,1.8,Kola Bad Bear,https://www.sports-reference.com/cbb/players/kola-bad-bear-1.html,montana-state,2020-21
18,49,18,2021-02-13,Montana State,@,Eastern Washington,REG (Conf),W 76-64,*,24,2,5,.400,1,2,.500,1,3,.333,.500,3,3,1.000,2,5,7,3,0,0,1,2,8,8.5,Kola Bad Bear,https://www.sports-reference.com/cbb/players/kola-bad-bear-1.html,montana-state,2020-21
19,50,19,2021-02-18,Montana State,@,Idaho State,REG (Conf),L 59-69,*,10,0,2,.000,0,2,.000,0,0,,.000,1,2,.500,1,0,1,1,1,0,3,4,1,-3.0,Kola Bad Bear,https://www.sports-reference.com/cbb/players/kola-bad-bear-1.html,montana-state,2020-21
20,51,20,2021-02-20,Montana State,,Idaho State,REG (Conf),W 88-80 (OT),*,18,4,8,.500,1,3,.333,3,5,.600,.563,5,7,.714,2,7,9,2,0,3,0,5,14,14.2,Kola Bad Bear,https://www.sports-reference.com/cbb/players/kola-bad-bear-1.html,montana-state,2020-21
21,52,21,2021-03-03,Montana State,@,Sacramento State,REG (Conf),W 61-57,*,16,0,3,.000,0,1,.000,0,2,.000,.000,1,2,.500,0,3,3,0,1,1,0,5,1,-0.9,Kola Bad Bear,https://www.sports-reference.com/cbb/players/kola-bad-bear-1.html,montana-state,2020-21
22,53,22,2021-03-05,Montana State,@,Sacramento State,REG (Conf),W 81-66,,11,0,2,.000,0,1,.000,0,1,.000,.000,1,2,.500,0,2,2,1,0,0,0,3,1,-0.7,Kola Bad Bear,https://www.sports-reference.com/cbb/players/kola-bad-bear-1.html,montana-state,2020-21
23,54,23,2021-03-09,Montana State,,Sacramento State,CTOURN,W 66-55,,3,0,1,.000,0,0,,0,1,.000,.000,0,0,,0,1,1,0,0,0,0,0,0,-0.4,Kola Bad Bear,https://www.sports-reference.com/cbb/players/kola-bad-bear-1.html,montana-state,2020-21
24,55,24,2021-03-10,Montana State,@,Idaho,CTOURN,L 64-80,,4,1,2,.500,1,2,.500,0,0,,.750,0,0,,0,0,0,0,0,0,1,1,3,0.6,Kola Bad Bear,https://www.sports-reference.com/cbb/players/kola-bad-bear-1.html,montana-state,2020-21
