ranker,player_game_num_career,team_game_num_season,date,team_name_abbr,game_location,opp_name_abbr,game_type,game_result,is_starter,mp,fg,fga,fg_pct,fg3,fg3a,fg3_pct,fg2,fg2a,fg2_pct,efg_pct,ft,fta,ft_pct,orb,drb,trb,ast,stl,blk,tov,pf,pts,game_score,player_name,player_sr_link,school,season
1,1,1,2020-12-06,Montana State,,North Dakota,REG (Non-Conf),W 84-72,,23,4,6,.667,1,1,1.000,3,5,.600,.750,0,0,,0,0,0,1,0,0,0,4,9,5.5,Lexi Deden,https://www.sports-reference.com/cbb/players/lexi-deden-1.html,montana-state,2020-21
2,2,2,2020-12-10,Montana State,@,Brigham Young,REG (Non-Conf),L 58-72,,10,2,4,.500,0,0,,2,4,.500,.500,1,2,.500,1,0,1,0,1,1,0,0,5,5.0,Lexi Deden,https://www.sports-reference.com/cbb/players/lexi-deden-1.html,montana-state,2020-21
3,3,3,2020-12-11,Montana State,@,Utah,REG (Non-Conf),L 63-73,,5,0,0,,0,0,,0,0,,,2,2,1.000,2,1,3,0,1,0,1,0,2,3.7,Lexi Deden,https://www.sports-reference.com/cbb/players/lexi-deden-1.html,montana-state,2020-21
4,4,4,2020-12-17,Montana State,@,Portland,REG (Non-Conf),W 80-67,,21,2,6,.333,1,1,1.000,1,5,.200,.417,0,0,,2,5,7,2,1,2,0,4,5,6.7,Lexi Deden,https://www.sports-reference.com/cbb/players/lexi-deden-1.html,montana-state,2020-21
5,5,5,2020-12-21,Montana State,,South Dakota State,REG (Non-Conf),L 67-82,,12,2,5,.400,1,2,.500,1,3,.333,.500,0,0,,0,2,2,1,0,0,0,5,5,1.6,Lexi Deden,https://www.sports-reference.com/cbb/players/lexi-deden-1.html,montana-state,2020-21
6,6,6,2021-01-02,Montana State,@,Utah Valley,REG (Non-Conf),W 66-63,,13,3,6,.500,1,2,.500,2,4,.500,.583,2,2,1.000,0,3,3,1,4,2,0,1,9,12.6,Lexi Deden,https://www.sports-reference.com/cbb/players/lexi-deden-1.html,montana-state,2020-21
7,7,7,2021-01-07,Montana State,,Northern Colorado,REG (Conf),W 54-46,,19,1,9,.111,0,1,.000,1,8,.125,.111,0,0,,4,4,8,1,0,1,1,2,2,-0.3,Lexi Deden,https://www.sports-reference.com/cbb/players/lexi-deden-1.html,montana-state,2020-21
8,8,8,2021-01-09,Montana State,,Northern Colorado,REG (Conf),L 49-57,,23,2,6,.333,0,1,.000,2,5,.400,.333,0,0,,2,3,5,0,2,0,2,2,4,2.1,Lexi Deden,https://www.sports-reference.com/cbb/players/lexi-deden-1.html,montana-state,2020-21
9,9,9,2021-01-14,Montana State,@,Portland State,REG (Conf),W 75-67,,25,2,8,.250,0,0,,2,8,.250,.250,3,4,.750,1,4,5,1,1,0,1,1,7,4.0,Lexi Deden,https://www.sports-reference.com/cbb/players/lexi-deden-1.html,montana-state,2020-21
10,10,10,2021-01-16,Montana State,@,Portland State,REG (Conf),L 70-72,,27,7,12,.583,0,0,,7,12,.583,.583,1,1,1.000,2,2,4,3,2,0,2,5,15,11.5,Lexi Deden,https://www.sports-reference.com/cbb/players/lexi-deden-1.html,montana-state,2020-21
11,11,11,2021-01-21,Montana State,,Northern Arizona,REG (Conf),W 79-56,,23,4,7,.571,0,0,,4,7,.571,.571,0,0,,1,7,8,1,4,0,1,3,8,10.0,Lexi Deden,https://www.sports-reference.com/cbb/players/lexi-deden-1.html,montana-state,2020-21
12,12,12,2021-01-23,Montana State,,Northern Arizona,REG (Conf),W 90-65,,29,10,14,.714,0,1,.000,10,13,.769,.714,2,2,1.000,3,4,7,2,1,0,2,2,22,19.1,Lexi Deden,https://www.sports-reference.com/cbb/players/lexi-deden-1.html,montana-state,2020-21
13,13,13,2021-01-28,Montana State,,Montana,REG (Conf),W 70-46,,24,1,9,.111,0,0,,1,9,.111,.111,2,2,1.000,0,5,5,2,2,0,0,4,4,1.4,Lexi Deden,https://www.sports-reference.com/cbb/players/lexi-deden-1.html,montana-state,2020-21
14,14,14,2021-01-30,Montana State,@,Montana,REG (Conf),W 70-60,,22,2,8,.250,1,2,.500,1,6,.167,.313,0,0,,1,2,3,3,1,0,1,2,5,2.8,Lexi Deden,https://www.sports-reference.com/cbb/players/lexi-deden-1.html,montana-state,2020-21
15,15,15,2021-02-04,Montana State,,Weber State,REG (Conf),W 102-53,,11,6,9,.667,0,0,,6,9,.667,.667,3,4,.750,3,0,3,0,1,0,1,2,15,12.0,Lexi Deden,https://www.sports-reference.com/cbb/players/lexi-deden-1.html,montana-state,2020-21
16,16,16,2021-02-06,Montana State,,Weber State,REG (Conf),W 84-57,,12,1,5,.200,0,1,.000,1,4,.250,.200,0,0,,3,3,6,0,2,0,0,4,2,2.3,Lexi Deden,https://www.sports-reference.com/cbb/players/lexi-deden-1.html,montana-state,2020-21
17,17,17,2021-02-11,Montana State,@,Eastern Washington,REG (Conf),W 73-42,,15,1,4,.250,0,0,,1,4,.250,.250,1,2,.500,1,2,3,0,0,0,2,2,3,-1.3,Lexi Deden,https://www.sports-reference.com/cbb/players/lexi-deden-1.html,montana-state,2020-21
18,18,18,2021-02-13,Montana State,@,Eastern Washington,REG (Conf),W 76-64,,15,4,9,.444,0,1,.000,4,8,.500,.444,2,2,1.000,0,2,2,0,0,0,1,1,10,4.5,Lexi Deden,https://www.sports-reference.com/cbb/players/lexi-deden-1.html,montana-state,2020-21
19,19,19,2021-02-18,Montana State,@,Idaho State,REG (Conf),L 59-69,,22,3,6,.500,0,0,,3,6,.500,.500,0,0,,3,4,7,1,0,0,1,2,6,5.2,Lexi Deden,https://www.sports-reference.com/cbb/players/lexi-deden-1.html,montana-state,2020-21
20,20,20,2021-02-20,Montana State,,Idaho State,REG (Conf),W 88-80 (OT),,15,2,6,.333,0,1,.000,2,5,.400,.333,0,0,,1,2,3,0,1,0,2,2,4,0.1,Lexi Deden,https://www.sports-reference.com/cbb/players/lexi-deden-1.html,montana-state,2020-21
21,21,21,2021-03-03,Montana State,@,Sacramento State,REG (Conf),W 61-57,,5,0,1,.000,0,0,,0,1,.000,.000,0,0,,0,1,1,0,0,1,2,1,0,-2.1,Lexi Deden,https://www.sports-reference.com/cbb/players/lexi-deden-1.html,montana-state,2020-21
22,22,22,2021-03-05,Montana State,@,Sacramento State,REG (Conf),W 81-66,,11,2,5,.400,0,0,,2,5,.400,.400,2,2,1.000,2,3,5,0,0,0,0,3,6,4.4,Lexi Deden,https://www.sports-reference.com/cbb/players/lexi-deden-1.html,montana-state,2020-21
23,23,23,2021-03-09,Montana State,,Sacramento State,CTOURN,W 66-55,,23,6,9,.667,0,1,.000,6,8,.750,.667,1,2,.500,1,4,5,1,5,1,1,1,13,15.6,Lexi Deden,https://www.sports-reference.com/cbb/players/lexi-deden-1.html,montana-state,2020-21
24,24,24,2021-03-10,Montana State,@,Idaho,CTOURN,L 64-80,,23,1,3,.333,0,0,,1,3,.333,.333,3,4,.750,3,4,7,0,4,0,0,5,5,8.2,Lexi Deden,https://www.sports-reference.com/cbb/players/lexi-deden-1.html,montana-state,2020-21
