ranker,player_game_num_career,team_game_num_season,date,team_name_abbr,game_location,opp_name_abbr,game_type,game_result,is_starter,mp,fg,fga,fg_pct,fg3,fg3a,fg3_pct,fg2,fg2a,fg2_pct,efg_pct,ft,fta,ft_pct,orb,drb,trb,ast,stl,blk,tov,pf,pts,game_score,player_name,player_sr_link,school,season
1,28,1,2020-12-06,Montana State,,North Dakota,REG (Non-Conf),W 84-72,*,19,1,8,.125,0,4,.000,1,4,.250,.125,2,3,.667,0,2,2,0,2,0,1,2,4,-0.8,Madison Hall,https://www.sports-reference.com/cbb/players/madison-jackson-1.html,montana-state,2020-21
2,29,2,2020-12-10,Montana State,@,Brigham Young,REG (Non-Conf),L 58-72,*,10,0,3,.000,0,0,,0,3,.000,.000,0,0,,2,0,2,0,1,0,2,2,0,-2.5,Madison Hall,https://www.sports-reference.com/cbb/players/madison-jackson-1.html,montana-state,2020-21
3,30,3,2020-12-11,Montana State,@,Utah,REG (Non-Conf),L 63-73,*,27,1,5,.200,0,0,,1,5,.200,.200,9,9,1.000,2,2,4,1,4,1,0,3,11,14.1,Madison Hall,https://www.sports-reference.com/cbb/players/madison-jackson-1.html,montana-state,2020-21
4,31,11,2021-01-21,Montana State,,Northern Arizona,REG (Conf),W 79-56,,8,2,3,.667,0,0,,2,3,.667,.667,0,0,,0,1,1,0,0,0,3,1,4,-0.4,Madison Hall,https://www.sports-reference.com/cbb/players/madison-jackson-1.html,montana-state,2020-21
5,32,12,2021-01-23,Montana State,,Northern Arizona,REG (Conf),W 90-65,,7,0,3,.000,0,2,.000,0,1,.000,.000,0,0,,0,1,1,1,0,1,1,1,0,-1.8,Madison Hall,https://www.sports-reference.com/cbb/players/madison-jackson-1.html,montana-state,2020-21
6,33,13,2021-01-28,Montana State,,Montana,REG (Conf),W 70-46,,13,2,4,.500,0,0,,2,4,.500,.500,2,3,.667,0,0,0,0,1,0,1,3,6,2.4,Madison Hall,https://www.sports-reference.com/cbb/players/madison-jackson-1.html,montana-state,2020-21
7,34,14,2021-01-30,Montana State,@,Montana,REG (Conf),W 70-60,,9,0,2,.000,0,0,,0,2,.000,.000,0,0,,1,0,1,1,1,0,3,1,0,-2.4,Madison Hall,https://www.sports-reference.com/cbb/players/madison-jackson-1.html,montana-state,2020-21
8,35,15,2021-02-04,Montana State,,Weber State,REG (Conf),W 102-53,,11,3,3,1.000,2,2,1.000,1,1,1.000,1.333,0,0,,1,0,1,2,3,0,0,0,8,12.2,Madison Hall,https://www.sports-reference.com/cbb/players/madison-jackson-1.html,montana-state,2020-21
9,36,16,2021-02-06,Montana State,,Weber State,REG (Conf),W 84-57,,12,1,4,.250,1,2,.500,0,2,.000,.375,1,2,.500,0,3,3,0,0,0,0,2,4,1.3,Madison Hall,https://www.sports-reference.com/cbb/players/madison-jackson-1.html,montana-state,2020-21
10,37,17,2021-02-11,Montana State,@,Eastern Washington,REG (Conf),W 73-42,,11,1,3,.333,1,1,1.000,0,2,.000,.500,0,0,,0,0,0,0,0,0,0,2,3,0.5,Madison Hall,https://www.sports-reference.com/cbb/players/madison-jackson-1.html,montana-state,2020-21
11,38,18,2021-02-13,Montana State,@,Eastern Washington,REG (Conf),W 76-64,,12,2,4,.500,1,2,.500,1,2,.500,.625,0,0,,0,1,1,0,2,0,0,1,5,4.9,Madison Hall,https://www.sports-reference.com/cbb/players/madison-jackson-1.html,montana-state,2020-21
12,39,19,2021-02-18,Montana State,@,Idaho State,REG (Conf),L 59-69,,20,1,2,.500,0,0,,1,2,.500,.500,0,0,,1,1,2,2,2,1,3,1,2,2.7,Madison Hall,https://www.sports-reference.com/cbb/players/madison-jackson-1.html,montana-state,2020-21
13,40,20,2021-02-20,Montana State,,Idaho State,REG (Conf),W 88-80 (OT),,28,6,9,.667,3,4,.750,3,5,.600,.833,5,10,.500,3,4,7,1,2,0,0,3,20,18.9,Madison Hall,https://www.sports-reference.com/cbb/players/madison-jackson-1.html,montana-state,2020-21
14,41,21,2021-03-03,Montana State,@,Sacramento State,REG (Conf),W 61-57,,9,0,3,.000,0,2,.000,0,1,.000,.000,0,0,,1,2,3,0,0,0,2,3,0,-4.0,Madison Hall,https://www.sports-reference.com/cbb/players/madison-jackson-1.html,montana-state,2020-21
15,42,22,2021-03-05,Montana State,@,Sacramento State,REG (Conf),W 81-66,,12,2,4,.500,0,0,,2,4,.500,.500,0,0,,1,1,2,0,2,0,2,3,4,1.8,Madison Hall,https://www.sports-reference.com/cbb/players/madison-jackson-1.html,montana-state,2020-21
16,43,23,2021-03-09,Montana State,,Sacramento State,CTOURN,W 66-55,,12,1,2,.500,0,1,.000,1,1,1.000,.500,0,0,,1,2,3,1,0,0,0,2,2,2.2,Madison Hall,https://www.sports-reference.com/cbb/players/madison-jackson-1.html,montana-state,2020-21
17,44,24,2021-03-10,Montana State,@,Idaho,CTOURN,L 64-80,,5,0,1,.000,0,0,,0,1,.000,.000,0,0,,0,0,0,0,0,0,0,3,0,-1.9,Madison Hall,https://www.sports-reference.com/cbb/players/madison-jackson-1.html,montana-state,2020-21
