ranker,player_game_num_career,team_game_num_season,date,team_name_abbr,game_location,opp_name_abbr,game_type,game_result,is_starter,mp,fg,fga,fg_pct,fg3,fg3a,fg3_pct,fg2,fg2a,efg_pct,ft,fta,orb,drb,trb,ast,stl,blk,tov,pf,pts,game_score,player_name,player_sr_link,school,season
1,19,5,2020-12-21,Montana State,,South Dakota State,REG (Non-Conf),L 67-82,,1,0,0,,0,0,,0,0,,0,0,0,0,0,0,0,0,1,0,0,-1.0,Sidney Zieske,https://www.sports-reference.com/cbb/players/sidney-zieske-1.html,montana-state,2020-21
2,20,11,2021-01-21,Montana State,,Northern Arizona,REG (Conf),W 79-56,,2,0,0,,0,0,,0,0,,0,0,0,0,0,0,0,0,1,0,0,-1.0,Sidney Zieske,https://www.sports-reference.com/cbb/players/sidney-zieske-1.html,montana-state,2020-21
3,21,12,2021-01-23,Montana State,,Northern Arizona,REG (Conf),W 90-65,,1,0,0,,0,0,,0,0,,0,0,0,0,0,0,0,0,0,0,0,0.0,Sidney Zieske,https://www.sports-reference.com/cbb/players/sidney-zieske-1.html,montana-state,2020-21
4,22,13,2021-01-28,Montana State,,Montana,REG (Conf),W 70-46,,1,0,0,,0,0,,0,0,,0,0,0,0,0,1,0,0,0,1,0,0.3,Sidney Zieske,https://www.sports-reference.com/cbb/players/sidney-zieske-1.html,montana-state,2020-21
5,23,16,2021-02-06,Montana State,,Weber State,REG (Conf),W 84-57,,5,0,0,,0,0,,0,0,,0,0,0,0,0,1,0,0,0,0,0,0.7,Sidney Zieske,https://www.sports-reference.com/cbb/players/sidney-zieske-1.html,montana-state,2020-21
6,24,17,2021-02-11,Montana State,@,Eastern Washington,REG (Conf),W 73-42,,3,0,2,.000,0,2,.000,0,0,.000,0,0,0,0,0,0,0,0,0,0,0,-1.4,Sidney Zieske,https://www.sports-reference.com/cbb/players/sidney-zieske-1.html,montana-state,2020-21
7,25,22,2021-03-05,Montana State,@,Sacramento State,REG (Conf),W 81-66,,1,0,0,,0,0,,0,0,,0,0,0,0,0,0,0,0,0,0,0,0.0,Sidney Zieske,https://www.sports-reference.com/cbb/players/sidney-zieske-1.html,montana-state,2020-21
8,26,24,2021-03-10,Montana State,@,Idaho,CTOURN,L 64-80,,0,0,0,,0,0,,0,0,,0,0,0,0,0,0,0,0,0,0,0,0.0,Sidney Zieske,https://www.sports-reference.com/cbb/players/sidney-zieske-1.html,montana-state,2020-21
