ranker,player_game_num_career,team_game_num_season,date,team_name_abbr,game_location,opp_name_abbr,game_type,game_result,is_starter,mp,fg,fga,fg_pct,fg3,fg3a,fg2,fg2a,fg2_pct,efg_pct,ft,fta,ft_pct,orb,drb,trb,ast,stl,blk,tov,pf,pts,game_score,player_name,player_sr_link,school,season
1,35,2,2020-12-10,Montana State,@,Brigham Young,REG (Non-Conf),L 58-72,,13,0,1,.000,0,0,0,1,.000,.000,0,0,,0,1,1,1,0,0,2,5,0,-3.7,Skye Lindsay,https://www.sports-reference.com/cbb/players/skye-lindsay-1.html,montana-state,2020-21
2,36,3,2020-12-11,Montana State,@,Utah,REG (Non-Conf),L 63-73,,11,2,3,.667,0,0,2,3,.667,.667,1,2,.500,2,2,4,0,0,1,3,5,5,1.0,Skye Lindsay,https://www.sports-reference.com/cbb/players/skye-lindsay-1.html,montana-state,2020-21
3,37,4,2020-12-17,Montana State,@,Portland,REG (Non-Conf),W 80-67,,17,5,7,.714,0,0,5,7,.714,.714,1,2,.500,3,2,5,0,2,0,2,4,11,8.8,Skye Lindsay,https://www.sports-reference.com/cbb/players/skye-lindsay-1.html,montana-state,2020-21
4,38,5,2020-12-21,Montana State,,South Dakota State,REG (Non-Conf),L 67-82,,20,2,6,.333,0,0,2,6,.333,.333,4,6,.667,4,1,5,0,2,0,0,1,8,8.5,Skye Lindsay,https://www.sports-reference.com/cbb/players/skye-lindsay-1.html,montana-state,2020-21
5,39,13,2021-01-28,Montana State,,Montana,REG (Conf),W 70-46,,1,0,2,.000,0,0,0,2,.000,.000,0,0,,1,1,2,0,0,0,0,0,0,-0.4,Skye Lindsay,https://www.sports-reference.com/cbb/players/skye-lindsay-1.html,montana-state,2020-21
6,40,14,2021-01-30,Montana State,@,Montana,REG (Conf),W 70-60,,6,3,5,.600,0,0,3,5,.600,.600,0,0,,4,0,4,1,1,0,0,1,6,7.8,Skye Lindsay,https://www.sports-reference.com/cbb/players/skye-lindsay-1.html,montana-state,2020-21
7,41,15,2021-02-04,Montana State,,Weber State,REG (Conf),W 102-53,,3,0,1,.000,0,0,0,1,.000,.000,0,0,,2,1,3,0,0,0,0,1,0,0.6,Skye Lindsay,https://www.sports-reference.com/cbb/players/skye-lindsay-1.html,montana-state,2020-21
8,42,16,2021-02-06,Montana State,,Weber State,REG (Conf),W 84-57,,4,0,3,.000,0,0,0,3,.000,.000,0,0,,1,0,1,0,0,0,0,2,0,-2.2,Skye Lindsay,https://www.sports-reference.com/cbb/players/skye-lindsay-1.html,montana-state,2020-21
9,43,20,2021-02-20,Montana State,,Idaho State,REG (Conf),W 88-80 (OT),,12,2,5,.400,0,0,2,5,.400,.400,3,4,.750,2,1,3,0,0,0,0,1,7,5.2,Skye Lindsay,https://www.sports-reference.com/cbb/players/skye-lindsay-1.html,montana-state,2020-21
10,44,21,2021-03-03,Montana State,@,Sacramento State,REG (Conf),W 61-57,,19,2,7,.286,0,0,2,7,.286,.286,2,5,.400,6,5,11,0,0,1,2,1,6,4.7,Skye Lindsay,https://www.sports-reference.com/cbb/players/skye-lindsay-1.html,montana-state,2020-21
11,45,22,2021-03-05,Montana State,@,Sacramento State,REG (Conf),W 81-66,*,14,1,3,.333,0,0,1,3,.333,.333,2,4,.500,0,1,1,2,1,0,0,2,4,3.4,Skye Lindsay,https://www.sports-reference.com/cbb/players/skye-lindsay-1.html,montana-state,2020-21
12,46,23,2021-03-09,Montana State,,Sacramento State,CTOURN,W 66-55,*,11,1,1,1.000,0,0,1,1,1.000,1.000,0,0,,0,1,1,0,0,0,1,3,2,-0.2,Skye Lindsay,https://www.sports-reference.com/cbb/players/skye-lindsay-1.html,montana-state,2020-21
13,47,24,2021-03-10,Montana State,@,Idaho,CTOURN,L 64-80,*,15,1,4,.250,0,0,1,4,.250,.250,1,4,.250,1,1,2,1,0,1,1,5,3,-1.2,Skye Lindsay,https://www.sports-reference.com/cbb/players/skye-lindsay-1.html,montana-state,2020-21
