ranker,player_game_num_career,team_game_num_season,date,team_name_abbr,game_location,opp_name_abbr,game_type,game_result,is_starter,mp,fg,fga,fg_pct,fg3,fg3a,fg3_pct,fg2,fg2a,efg_pct,ft,fta,ft_pct,orb,drb,trb,ast,stl,blk,tov,pf,pts,game_score,player_name,player_sr_link,school,season
1,1,2,2020-12-10,Montana State,@,Brigham Young,REG (Non-Conf),L 58-72,,5,0,0,,0,0,,0,0,,1,2,.500,0,0,0,0,0,0,0,0,1,0.6,Sydney Stensgard,https://www.sports-reference.com/cbb/players/sydney-stensgard-1.html,montana-state,2020-21
2,2,5,2020-12-21,Montana State,,South Dakota State,REG (Non-Conf),L 67-82,,4,0,0,,0,0,,0,0,,2,2,1.000,0,0,0,0,1,0,0,2,2,2.2,Sydney Stensgard,https://www.sports-reference.com/cbb/players/sydney-stensgard-1.html,montana-state,2020-21
3,3,11,2021-01-21,Montana State,,Northern Arizona,REG (Conf),W 79-56,,3,0,0,,0,0,,0,0,,2,2,1.000,0,0,0,0,0,0,0,1,2,1.6,Sydney Stensgard,https://www.sports-reference.com/cbb/players/sydney-stensgard-1.html,montana-state,2020-21
4,4,12,2021-01-23,Montana State,,Northern Arizona,REG (Conf),W 90-65,,2,0,0,,0,0,,0,0,,0,0,,0,0,0,0,0,0,0,0,0,0.0,Sydney Stensgard,https://www.sports-reference.com/cbb/players/sydney-stensgard-1.html,montana-state,2020-21
5,5,13,2021-01-28,Montana State,,Montana,REG (Conf),W 70-46,,1,0,0,,0,0,,0,0,,0,0,,0,0,0,0,0,0,0,0,0,0.0,Sydney Stensgard,https://www.sports-reference.com/cbb/players/sydney-stensgard-1.html,montana-state,2020-21
6,6,15,2021-02-04,Montana State,,Weber State,REG (Conf),W 102-53,,10,0,1,.000,0,1,.000,0,0,.000,0,0,,0,2,2,0,0,0,3,3,0,-4.3,Sydney Stensgard,https://www.sports-reference.com/cbb/players/sydney-stensgard-1.html,montana-state,2020-21
7,7,16,2021-02-06,Montana State,,Weber State,REG (Conf),W 84-57,,6,0,0,,0,0,,0,0,,0,0,,0,0,0,0,0,0,0,2,0,-0.8,Sydney Stensgard,https://www.sports-reference.com/cbb/players/sydney-stensgard-1.html,montana-state,2020-21
8,8,17,2021-02-11,Montana State,@,Eastern Washington,REG (Conf),W 73-42,,4,0,0,,0,0,,0,0,,0,0,,0,0,0,1,0,0,0,0,0,0.7,Sydney Stensgard,https://www.sports-reference.com/cbb/players/sydney-stensgard-1.html,montana-state,2020-21
9,9,18,2021-02-13,Montana State,@,Eastern Washington,REG (Conf),W 76-64,,1,0,1,.000,0,1,.000,0,0,.000,0,0,,0,0,0,0,0,0,1,0,0,-1.7,Sydney Stensgard,https://www.sports-reference.com/cbb/players/sydney-stensgard-1.html,montana-state,2020-21
10,10,22,2021-03-05,Montana State,@,Sacramento State,REG (Conf),W 81-66,,1,0,1,.000,0,1,.000,0,0,.000,0,0,,0,0,0,0,0,0,0,0,0,-0.7,Sydney Stensgard,https://www.sports-reference.com/cbb/players/sydney-stensgard-1.html,montana-state,2020-21
11,11,24,2021-03-10,Montana State,@,Idaho,CTOURN,L 64-80,,0,0,0,,0,0,,0,0,,0,0,,0,0,0,0,0,0,0,0,0,0.0,Sydney Stensgard,https://www.sports-reference.com/cbb/players/sydney-stensgard-1.html,montana-state,2020-21
