ranker,player_game_num_career,team_game_num_season,date,team_name_abbr,game_location,opp_name_abbr,game_type,game_result,is_starter,mp,fg,fga,fg_pct,fg3,fg3a,fg3_pct,fg2,fg2a,fg2_pct,efg_pct,ft,fta,ft_pct,orb,drb,trb,ast,stl,blk,tov,pf,pts,game_score,player_name,player_sr_link,school,season
1,1,1,2020-12-06,Montana State,,North Dakota,REG (Non-Conf),W 84-72,,22,4,12,.333,2,8,.250,2,4,.500,.417,0,0,,3,2,5,3,2,0,2,2,10,7.2,Taylor Janssen,https://www.sports-reference.com/cbb/players/taylor-janssen-1.html,montana-state,2020-21
2,2,2,2020-12-10,Montana State,@,Brigham Young,REG (Non-Conf),L 58-72,,20,1,4,.250,1,3,.333,0,1,.000,.375,0,0,,1,1,2,0,1,0,0,2,3,1.8,Taylor Janssen,https://www.sports-reference.com/cbb/players/taylor-janssen-1.html,montana-state,2020-21
3,3,3,2020-12-11,Montana State,@,Utah,REG (Non-Conf),L 63-73,,21,1,4,.250,0,3,.000,1,1,1.000,.250,2,3,.667,0,2,2,0,2,0,1,2,4,2.0,Taylor Janssen,https://www.sports-reference.com/cbb/players/taylor-janssen-1.html,montana-state,2020-21
4,4,4,2020-12-17,Montana State,@,Portland,REG (Non-Conf),W 80-67,*,26,3,9,.333,0,5,.000,3,4,.750,.333,0,0,,2,3,5,0,1,0,1,4,6,1.6,Taylor Janssen,https://www.sports-reference.com/cbb/players/taylor-janssen-1.html,montana-state,2020-21
5,5,5,2020-12-21,Montana State,,South Dakota State,REG (Non-Conf),L 67-82,*,24,1,5,.200,1,3,.333,0,2,.000,.300,2,2,1.000,0,3,3,1,0,0,2,5,5,-0.5,Taylor Janssen,https://www.sports-reference.com/cbb/players/taylor-janssen-1.html,montana-state,2020-21
6,6,6,2021-01-02,Montana State,@,Utah Valley,REG (Non-Conf),W 66-63,*,15,2,3,.667,2,2,1.000,0,1,.000,1.000,0,0,,2,5,7,1,0,0,2,3,6,5.1,Taylor Janssen,https://www.sports-reference.com/cbb/players/taylor-janssen-1.html,montana-state,2020-21
7,7,7,2021-01-07,Montana State,,Northern Colorado,REG (Conf),W 54-46,,12,2,7,.286,0,2,.000,2,5,.400,.286,0,0,,1,3,4,0,1,0,2,0,4,0.5,Taylor Janssen,https://www.sports-reference.com/cbb/players/taylor-janssen-1.html,montana-state,2020-21
8,8,8,2021-01-09,Montana State,,Northern Colorado,REG (Conf),L 49-57,,12,0,3,.000,0,1,.000,0,2,.000,.000,0,0,,1,1,2,0,0,0,2,0,0,-3.1,Taylor Janssen,https://www.sports-reference.com/cbb/players/taylor-janssen-1.html,montana-state,2020-21
9,9,9,2021-01-14,Montana State,@,Portland State,REG (Conf),W 75-67,,17,3,6,.500,0,0,,3,6,.500,.500,2,2,1.000,2,2,4,0,0,1,0,2,8,6.9,Taylor Janssen,https://www.sports-reference.com/cbb/players/taylor-janssen-1.html,montana-state,2020-21
10,10,10,2021-01-16,Montana State,@,Portland State,REG (Conf),L 70-72,,13,3,5,.600,0,0,,3,5,.600,.600,0,0,,0,1,1,1,0,0,1,1,6,3.3,Taylor Janssen,https://www.sports-reference.com/cbb/players/taylor-janssen-1.html,montana-state,2020-21
11,11,11,2021-01-21,Montana State,,Northern Arizona,REG (Conf),W 79-56,,9,1,2,.500,0,1,.000,1,1,1.000,.500,0,0,,0,0,0,0,0,0,0,1,2,0.6,Taylor Janssen,https://www.sports-reference.com/cbb/players/taylor-janssen-1.html,montana-state,2020-21
12,12,12,2021-01-23,Montana State,,Northern Arizona,REG (Conf),W 90-65,,6,0,2,.000,0,1,.000,0,1,.000,.000,0,0,,0,3,3,2,0,0,1,0,0,-0.1,Taylor Janssen,https://www.sports-reference.com/cbb/players/taylor-janssen-1.html,montana-state,2020-21
13,13,13,2021-01-28,Montana State,,Montana,REG (Conf),W 70-46,,2,2,3,.667,0,1,.000,2,2,1.000,.667,0,0,,0,1,1,0,0,0,1,0,4,2.0,Taylor Janssen,https://www.sports-reference.com/cbb/players/taylor-janssen-1.html,montana-state,2020-21
14,14,14,2021-01-30,Montana State,@,Montana,REG (Conf),W 70-60,,10,4,4,1.000,2,2,1.000,2,2,1.000,1.250,1,1,1.000,0,0,0,0,0,0,1,1,11,8.4,Taylor Janssen,https://www.sports-reference.com/cbb/players/taylor-janssen-1.html,montana-state,2020-21
15,15,15,2021-02-04,Montana State,,Weber State,REG (Conf),W 102-53,,15,4,7,.571,2,3,.667,2,4,.500,.714,4,4,1.000,0,2,2,1,0,0,0,1,14,11.6,Taylor Janssen,https://www.sports-reference.com/cbb/players/taylor-janssen-1.html,montana-state,2020-21
16,16,16,2021-02-06,Montana State,,Weber State,REG (Conf),W 84-57,,18,3,4,.750,1,2,.500,2,2,1.000,.875,2,2,1.000,2,1,3,1,0,2,0,2,9,10.4,Taylor Janssen,https://www.sports-reference.com/cbb/players/taylor-janssen-1.html,montana-state,2020-21
17,17,17,2021-02-11,Montana State,@,Eastern Washington,REG (Conf),W 73-42,,13,0,2,.000,0,1,.000,0,1,.000,.000,0,0,,2,1,3,0,0,0,2,2,0,-2.5,Taylor Janssen,https://www.sports-reference.com/cbb/players/taylor-janssen-1.html,montana-state,2020-21
18,18,18,2021-02-13,Montana State,@,Eastern Washington,REG (Conf),W 76-64,,8,1,3,.333,0,0,,1,3,.333,.333,0,0,,1,2,3,1,0,0,0,0,2,2.3,Taylor Janssen,https://www.sports-reference.com/cbb/players/taylor-janssen-1.html,montana-state,2020-21
19,19,19,2021-02-18,Montana State,@,Idaho State,REG (Conf),L 59-69,,9,3,6,.500,1,2,.500,2,4,.500,.583,0,0,,0,1,1,1,0,1,0,0,7,5.7,Taylor Janssen,https://www.sports-reference.com/cbb/players/taylor-janssen-1.html,montana-state,2020-21
20,20,20,2021-02-20,Montana State,,Idaho State,REG (Conf),W 88-80 (OT),,21,0,2,.000,0,2,.000,0,0,,.000,0,0,,1,2,3,3,1,0,0,2,0,2.2,Taylor Janssen,https://www.sports-reference.com/cbb/players/taylor-janssen-1.html,montana-state,2020-21
21,21,21,2021-03-03,Montana State,@,Sacramento State,REG (Conf),W 61-57,,14,0,1,.000,0,1,.000,0,0,,.000,0,0,,1,2,3,0,0,2,1,1,0,0.6,Taylor Janssen,https://www.sports-reference.com/cbb/players/taylor-janssen-1.html,montana-state,2020-21
22,22,22,2021-03-05,Montana State,@,Sacramento State,REG (Conf),W 81-66,,11,0,4,.000,0,3,.000,0,1,.000,.000,0,0,,1,1,2,0,0,1,3,0,0,-4.1,Taylor Janssen,https://www.sports-reference.com/cbb/players/taylor-janssen-1.html,montana-state,2020-21
23,23,24,2021-03-10,Montana State,@,Idaho,CTOURN,L 64-80,,15,1,3,.333,0,1,.000,1,2,.500,.333,0,0,,0,1,1,0,0,2,1,1,2,0.6,Taylor Janssen,https://www.sports-reference.com/cbb/players/taylor-janssen-1.html,montana-state,2020-21
