ranker,player_game_num_career,team_game_num_season,date,team_name_abbr,game_location,opp_name_abbr,game_type,game_result,is_starter,mp,fg,fga,fg_pct,fg3,fg3a,fg3_pct,fg2,fg2a,fg2_pct,efg_pct,ft,fta,ft_pct,orb,drb,trb,ast,stl,blk,tov,pf,pts,game_score,player_name,player_sr_link,school,season
1,91,1,2020-12-06,Montana State,,North Dakota,REG (Non-Conf),W 84-72,*,29,8,14,.571,8,11,.727,0,3,.000,.857,2,2,1.000,0,3,3,1,2,0,0,3,26,21.8,Tori Martell,https://www.sports-reference.com/cbb/players/tori-martell-1.html,montana-state,2020-21
2,92,2,2020-12-10,Montana State,@,Brigham Young,REG (Non-Conf),L 58-72,*,23,2,7,.286,1,3,.333,1,4,.250,.357,5,6,.833,1,2,3,0,0,0,1,3,10,4.6,Tori Martell,https://www.sports-reference.com/cbb/players/tori-martell-1.html,montana-state,2020-21
3,93,3,2020-12-11,Montana State,@,Utah,REG (Non-Conf),L 63-73,*,30,2,12,.167,1,6,.167,1,6,.167,.208,0,0,,1,3,4,1,0,0,1,1,5,-1.7,Tori Martell,https://www.sports-reference.com/cbb/players/tori-martell-1.html,montana-state,2020-21
4,94,4,2020-12-17,Montana State,@,Portland,REG (Non-Conf),W 80-67,*,34,6,12,.500,4,8,.500,2,4,.500,.667,3,4,.750,0,3,3,4,0,0,2,0,19,14.3,Tori Martell,https://www.sports-reference.com/cbb/players/tori-martell-1.html,montana-state,2020-21
5,95,5,2020-12-21,Montana State,,South Dakota State,REG (Non-Conf),L 67-82,*,31,6,11,.545,4,8,.500,2,3,.667,.727,0,2,.000,0,2,2,1,2,0,0,3,16,12.0,Tori Martell,https://www.sports-reference.com/cbb/players/tori-martell-1.html,montana-state,2020-21
6,96,6,2021-01-02,Montana State,@,Utah Valley,REG (Non-Conf),W 66-63,*,32,2,11,.182,2,11,.182,0,0,,.273,0,0,,0,0,0,2,0,0,0,2,6,-0.3,Tori Martell,https://www.sports-reference.com/cbb/players/tori-martell-1.html,montana-state,2020-21
7,97,7,2021-01-07,Montana State,,Northern Colorado,REG (Conf),W 54-46,*,32,3,7,.429,1,3,.333,2,4,.500,.500,1,2,.500,0,7,7,1,1,0,3,1,8,4.3,Tori Martell,https://www.sports-reference.com/cbb/players/tori-martell-1.html,montana-state,2020-21
8,98,8,2021-01-09,Montana State,,Northern Colorado,REG (Conf),L 49-57,*,33,3,8,.375,2,6,.333,1,2,.500,.500,0,0,,0,0,0,3,1,0,2,2,8,3.9,Tori Martell,https://www.sports-reference.com/cbb/players/tori-martell-1.html,montana-state,2020-21
9,99,9,2021-01-14,Montana State,@,Portland State,REG (Conf),W 75-67,*,32,2,10,.200,0,6,.000,2,4,.500,.200,2,2,1.000,0,3,3,4,2,0,2,1,6,3.1,Tori Martell,https://www.sports-reference.com/cbb/players/tori-martell-1.html,montana-state,2020-21
10,100,10,2021-01-16,Montana State,@,Portland State,REG (Conf),L 70-72,*,30,6,10,.600,6,8,.750,0,2,.000,.900,2,3,.667,2,4,6,5,0,0,2,2,20,18.3,Tori Martell,https://www.sports-reference.com/cbb/players/tori-martell-1.html,montana-state,2020-21
11,101,11,2021-01-21,Montana State,,Northern Arizona,REG (Conf),W 79-56,*,29,6,9,.667,2,4,.500,4,5,.800,.778,2,3,.667,1,3,4,4,1,0,3,2,16,13.3,Tori Martell,https://www.sports-reference.com/cbb/players/tori-martell-1.html,montana-state,2020-21
12,102,12,2021-01-23,Montana State,,Northern Arizona,REG (Conf),W 90-65,*,27,4,7,.571,4,6,.667,0,1,.000,.857,2,2,1.000,0,3,3,1,1,0,0,2,14,12.5,Tori Martell,https://www.sports-reference.com/cbb/players/tori-martell-1.html,montana-state,2020-21
13,103,13,2021-01-28,Montana State,,Montana,REG (Conf),W 70-46,*,29,6,10,.600,4,5,.800,2,5,.400,.800,2,2,1.000,0,4,4,0,1,1,1,1,18,14.9,Tori Martell,https://www.sports-reference.com/cbb/players/tori-martell-1.html,montana-state,2020-21
14,104,14,2021-01-30,Montana State,@,Montana,REG (Conf),W 70-60,*,32,3,6,.500,2,4,.500,1,2,.500,.667,2,3,.667,2,3,5,2,1,0,1,2,10,9.5,Tori Martell,https://www.sports-reference.com/cbb/players/tori-martell-1.html,montana-state,2020-21
15,105,15,2021-02-04,Montana State,,Weber State,REG (Conf),W 102-53,*,18,3,6,.500,2,4,.500,1,2,.500,.667,0,0,,1,1,2,4,1,0,1,2,8,8.0,Tori Martell,https://www.sports-reference.com/cbb/players/tori-martell-1.html,montana-state,2020-21
16,106,16,2021-02-06,Montana State,,Weber State,REG (Conf),W 84-57,*,23,2,8,.250,2,6,.333,0,2,.000,.375,0,0,,0,3,3,2,3,0,0,0,6,6.5,Tori Martell,https://www.sports-reference.com/cbb/players/tori-martell-1.html,montana-state,2020-21
17,107,17,2021-02-11,Montana State,@,Eastern Washington,REG (Conf),W 73-42,*,27,7,14,.500,2,6,.333,5,8,.625,.571,0,0,,1,4,5,2,2,0,2,0,16,12.3,Tori Martell,https://www.sports-reference.com/cbb/players/tori-martell-1.html,montana-state,2020-21
18,108,18,2021-02-13,Montana State,@,Eastern Washington,REG (Conf),W 76-64,*,30,4,9,.444,2,7,.286,2,2,1.000,.556,0,0,,0,1,1,3,1,0,2,2,10,5.9,Tori Martell,https://www.sports-reference.com/cbb/players/tori-martell-1.html,montana-state,2020-21
19,109,19,2021-02-18,Montana State,@,Idaho State,REG (Conf),L 59-69,*,35,1,7,.143,0,4,.000,1,3,.333,.143,2,2,1.000,1,1,2,2,2,0,1,0,4,2.9,Tori Martell,https://www.sports-reference.com/cbb/players/tori-martell-1.html,montana-state,2020-21
20,110,20,2021-02-20,Montana State,,Idaho State,REG (Conf),W 88-80 (OT),*,40,7,11,.636,4,5,.800,3,6,.500,.818,2,2,1.000,0,4,4,4,2,0,1,2,20,19.3,Tori Martell,https://www.sports-reference.com/cbb/players/tori-martell-1.html,montana-state,2020-21
21,111,21,2021-03-03,Montana State,@,Sacramento State,REG (Conf),W 61-57,*,32,6,18,.333,4,13,.308,2,5,.400,.444,2,4,.500,0,4,4,2,1,0,1,1,18,9.2,Tori Martell,https://www.sports-reference.com/cbb/players/tori-martell-1.html,montana-state,2020-21
22,112,22,2021-03-05,Montana State,@,Sacramento State,REG (Conf),W 81-66,*,30,7,15,.467,7,12,.583,0,3,.000,.700,2,2,1.000,0,1,1,4,2,0,1,2,23,18.6,Tori Martell,https://www.sports-reference.com/cbb/players/tori-martell-1.html,montana-state,2020-21
23,113,23,2021-03-09,Montana State,,Sacramento State,CTOURN,W 66-55,*,34,5,16,.313,2,10,.200,3,6,.500,.375,6,7,.857,0,4,4,1,3,1,2,0,18,12.0,Tori Martell,https://www.sports-reference.com/cbb/players/tori-martell-1.html,montana-state,2020-21
24,114,24,2021-03-10,Montana State,@,Idaho,CTOURN,L 64-80,*,31,5,14,.357,3,11,.273,2,3,.667,.464,1,1,1.000,0,2,2,1,0,0,0,2,14,6.7,Tori Martell,https://www.sports-reference.com/cbb/players/tori-martell-1.html,montana-state,2020-21
