ranker,player_game_num_career,team_game_num_season,date,team_name_abbr,game_location,opp_name_abbr,game_type,game_result,is_starter,mp,fg,fga,fg_pct,fg3,fg3a,fg3_pct,fg2,fg2a,fg2_pct,efg_pct,ft,fta,ft_pct,orb,drb,trb,ast,stl,blk,tov,pf,pts,game_score,player_name,player_sr_link,school,season
1,53,1,2024-11-04,California Baptist,@,Oregon,REG (Non-Conf),L 63-93,*,23,5,9,.556,3,6,.500,2,3,.667,.722,0,2,.000,1,9,10,0,0,1,1,1,13,10.6,Emma Johansson,https://www.sports-reference.com/cbb/players/emma-johansson-1.html,california-baptist,2024-25
2,54,2,2024-11-09,California Baptist,@,Liberty,REG (Non-Conf),L 44-72,*,23,1,4,.250,1,4,.250,0,0,,.375,0,0,,0,2,2,0,2,0,3,4,3,-1.4,Emma Johansson,https://www.sports-reference.com/cbb/players/emma-johansson-1.html,california-baptist,2024-25
3,55,3,2024-11-16,California Baptist,,Pepperdine,REG (Non-Conf),L 64-75,*,21,0,3,.000,0,3,.000,0,0,,.000,0,0,,0,3,3,1,0,0,0,2,0,-1.3,Emma Johansson,https://www.sports-reference.com/cbb/players/emma-johansson-1.html,california-baptist,2024-25
4,56,4,2024-11-20,California Baptist,,San Diego State,REG (Non-Conf),L 66-78,*,34,5,11,.455,3,6,.500,2,5,.400,.591,1,2,.500,0,7,7,1,2,3,2,5,14,10.8,Emma Johansson,https://www.sports-reference.com/cbb/players/emma-johansson-1.html,california-baptist,2024-25
5,57,5,2024-11-23,California Baptist,@,Portland,REG (Non-Conf),L 66-85,*,17,1,5,.200,0,4,.000,1,1,1.000,.200,0,0,,1,1,2,1,0,0,4,2,2,-4.2,Emma Johansson,https://www.sports-reference.com/cbb/players/emma-johansson-1.html,california-baptist,2024-25
6,58,6,2024-11-26,California Baptist,,Saint Louis,REG (Non-Conf),L 70-82,*,25,5,11,.455,1,5,.200,4,6,.667,.500,0,0,,3,10,13,1,0,3,3,4,11,8.6,Emma Johansson,https://www.sports-reference.com/cbb/players/emma-johansson-1.html,california-baptist,2024-25
7,59,7,2024-11-29,California Baptist,@,Florida Gulf Coast,REG (Non-Conf),L 56-66,*,31,6,9,.667,2,3,.667,4,6,.667,.778,0,0,,0,7,7,0,1,1,2,4,14,10.3,Emma Johansson,https://www.sports-reference.com/cbb/players/emma-johansson-1.html,california-baptist,2024-25
8,60,8,2024-11-30,California Baptist,N,Pennsylvania,REG (Non-Conf),L 51-64,*,36,3,11,.273,1,7,.143,2,4,.500,.318,3,4,.750,2,10,12,1,3,3,1,4,10,10.7,Emma Johansson,https://www.sports-reference.com/cbb/players/emma-johansson-1.html,california-baptist,2024-25
9,61,9,2024-12-03,California Baptist,@,Southern California,REG (Non-Conf),L 52-94,*,24,3,6,.500,2,4,.500,1,2,.500,.667,0,0,,0,1,1,1,0,1,1,3,8,4.5,Emma Johansson,https://www.sports-reference.com/cbb/players/emma-johansson-1.html,california-baptist,2024-25
10,62,10,2024-12-07,California Baptist,@,St. Mary's (CA),REG (Non-Conf),W 71-68,*,30,5,12,.417,1,4,.250,4,8,.500,.458,0,0,,1,6,7,0,1,4,5,4,11,4.3,Emma Johansson,https://www.sports-reference.com/cbb/players/emma-johansson-1.html,california-baptist,2024-25
11,63,11,2024-12-11,California Baptist,@,Cal State Northridge,REG (Non-Conf),W 73-71,*,38,3,10,.300,3,9,.333,0,1,.000,.450,2,2,1.000,1,6,7,0,1,3,2,1,11,8.4,Emma Johansson,https://www.sports-reference.com/cbb/players/emma-johansson-1.html,california-baptist,2024-25
12,64,12,2024-12-14,California Baptist,,UC San Diego,REG (Non-Conf),L 58-81,*,25,0,4,.000,0,3,.000,0,1,.000,.000,2,2,1.000,0,5,5,1,1,2,2,2,2,1.0,Emma Johansson,https://www.sports-reference.com/cbb/players/emma-johansson-1.html,california-baptist,2024-25
13,65,13,2024-12-17,California Baptist,,Middle Tennessee,REG (Non-Conf),L 54-74,*,37,3,9,.333,2,6,.333,1,3,.333,.444,0,0,,0,6,6,1,4,2,4,1,8,6.4,Emma Johansson,https://www.sports-reference.com/cbb/players/emma-johansson-1.html,california-baptist,2024-25
14,66,14,2024-12-19,California Baptist,,Texas Southern,REG (Non-Conf),W 72-58,*,19,2,5,.400,1,2,.500,1,3,.333,.500,0,0,,3,6,9,1,0,0,3,1,5,3.5,Emma Johansson,https://www.sports-reference.com/cbb/players/emma-johansson-1.html,california-baptist,2024-25
15,67,15,2025-01-04,California Baptist,@,Seattle,REG (Conf),W 70-64,*,34,5,15,.333,3,11,.273,2,4,.500,.433,0,0,,0,4,4,2,3,1,2,3,13,7.6,Emma Johansson,https://www.sports-reference.com/cbb/players/emma-johansson-1.html,california-baptist,2024-25
16,68,16,2025-01-11,California Baptist,,Utah Valley,REG (Conf),W 77-50,*,26,3,6,.500,3,5,.600,0,1,.000,.750,0,0,,0,5,5,3,1,4,0,5,9,11.4,Emma Johansson,https://www.sports-reference.com/cbb/players/emma-johansson-1.html,california-baptist,2024-25
17,69,17,2025-01-16,California Baptist,,Tarleton State,REG (Conf),W 73-72,*,38,8,16,.500,2,5,.400,6,11,.545,.563,0,1,.000,1,6,7,2,2,6,2,2,18,16.9,Emma Johansson,https://www.sports-reference.com/cbb/players/emma-johansson-1.html,california-baptist,2024-25
18,70,18,2025-01-18,California Baptist,,Abilene Christian,REG (Conf),L 55-71,*,31,3,6,.500,0,1,.000,3,5,.600,.500,2,2,1.000,1,5,6,2,2,4,1,4,8,10.8,Emma Johansson,https://www.sports-reference.com/cbb/players/emma-johansson-1.html,california-baptist,2024-25
19,71,19,2025-01-23,California Baptist,@,Utah Valley,REG (Conf),L 50-59,*,24,2,5,.400,2,4,.500,0,1,.000,.600,0,0,,1,3,4,1,0,4,1,4,6,5.8,Emma Johansson,https://www.sports-reference.com/cbb/players/emma-johansson-1.html,california-baptist,2024-25
20,72,20,2025-01-25,California Baptist,,Southern Utah,REG (Conf),L 63-64,*,34,1,6,.167,0,2,.000,1,4,.250,.167,0,0,,2,5,7,2,1,2,0,2,2,4.1,Emma Johansson,https://www.sports-reference.com/cbb/players/emma-johansson-1.html,california-baptist,2024-25
21,73,21,2025-01-30,California Baptist,@,Abilene Christian,REG (Conf),W 87-84,*,16,1,5,.200,1,5,.200,0,0,,.300,1,2,.500,0,4,4,1,1,0,0,3,4,2.2,Emma Johansson,https://www.sports-reference.com/cbb/players/emma-johansson-1.html,california-baptist,2024-25
22,74,22,2025-02-06,California Baptist,@,Southern Utah,REG (Conf),W 69-66,*,18,1,3,.333,0,2,.000,1,1,1.000,.333,1,1,1.000,1,7,8,1,0,2,1,1,3,4.8,Emma Johansson,https://www.sports-reference.com/cbb/players/emma-johansson-1.html,california-baptist,2024-25
23,75,23,2025-02-08,California Baptist,@,Grand Canyon,REG (Conf),L 55-84,*,20,3,8,.375,1,6,.167,2,2,1.000,.438,2,2,1.000,0,4,4,1,0,3,1,3,9,6.4,Emma Johansson,https://www.sports-reference.com/cbb/players/emma-johansson-1.html,california-baptist,2024-25
24,76,24,2025-02-13,California Baptist,,UT Arlington,REG (Conf),W 90-79,,14,2,3,.667,0,1,.000,2,2,1.000,.667,1,2,.500,1,4,5,2,1,3,2,4,5,6.1,Emma Johansson,https://www.sports-reference.com/cbb/players/emma-johansson-1.html,california-baptist,2024-25
25,77,25,2025-02-15,California Baptist,@,Utah Tech,REG (Conf),W 81-75,,16,3,6,.500,0,3,.000,3,3,1.000,.500,3,4,.750,1,6,7,2,0,0,3,5,9,4.5,Emma Johansson,https://www.sports-reference.com/cbb/players/emma-johansson-1.html,california-baptist,2024-25
26,78,26,2025-02-22,California Baptist,,Grand Canyon,REG (Conf),L 56-74,,8,0,1,.000,0,1,.000,0,0,,.000,0,0,,0,3,3,0,0,0,4,0,0,-3.8,Emma Johansson,https://www.sports-reference.com/cbb/players/emma-johansson-1.html,california-baptist,2024-25
27,79,27,2025-02-27,California Baptist,,Seattle,REG (Conf),W 81-68,,24,7,11,.636,2,4,.500,5,7,.714,.727,0,1,.000,2,5,7,3,1,4,3,3,16,15.3,Emma Johansson,https://www.sports-reference.com/cbb/players/emma-johansson-1.html,california-baptist,2024-25
28,80,28,2025-03-01,California Baptist,,Utah Tech,REG (Conf),W 94-74,,18,5,8,.625,2,4,.500,3,4,.750,.750,2,2,1.000,1,5,6,0,1,2,0,4,14,13.4,Emma Johansson,https://www.sports-reference.com/cbb/players/emma-johansson-1.html,california-baptist,2024-25
29,81,29,2025-03-06,California Baptist,@,Tarleton State,REG (Conf),L 44-75,,22,2,3,.667,0,1,.000,2,2,1.000,.667,0,0,,0,4,4,0,0,3,2,1,4,3.6,Emma Johansson,https://www.sports-reference.com/cbb/players/emma-johansson-1.html,california-baptist,2024-25
30,82,30,2025-03-08,California Baptist,@,UT Arlington,REG (Conf),L 73-87,,22,3,6,.500,2,5,.400,1,1,1.000,.667,1,2,.500,0,3,3,2,0,1,0,4,9,7.0,Emma Johansson,https://www.sports-reference.com/cbb/players/emma-johansson-1.html,california-baptist,2024-25
31,83,31,2025-03-13,California Baptist,N,UT Arlington,CTOURN,L 66-72,,28,3,10,.300,0,5,.000,3,5,.600,.300,0,0,,1,7,8,1,0,0,1,3,6,1.5,Emma Johansson,https://www.sports-reference.com/cbb/players/emma-johansson-1.html,california-baptist,2024-25
