ranker,player_game_num_career,team_game_num_season,date,team_name_abbr,game_location,opp_name_abbr,game_type,game_result,is_starter,mp,fg,fga,fg_pct,fg3,fg3a,fg3_pct,fg2,fg2a,fg2_pct,efg_pct,ft,fta,ft_pct,orb,drb,trb,ast,stl,blk,tov,pf,pts,game_score,player_name,player_sr_link,school,season
1,1,1,2024-11-04,California Baptist,@,Oregon,REG (Non-Conf),L 63-93,,6,0,2,.000,0,1,.000,0,1,.000,.000,0,0,,0,1,1,0,0,0,1,2,0,-2.9,Hailey Long,https://www.sports-reference.com/cbb/players/hailey-long-1.html,california-baptist,2024-25
2,2,2,2024-11-09,California Baptist,@,Liberty,REG (Non-Conf),L 44-72,,5,1,2,.500,0,1,.000,1,1,1.000,.500,0,0,,1,0,1,1,0,0,0,1,2,2.0,Hailey Long,https://www.sports-reference.com/cbb/players/hailey-long-1.html,california-baptist,2024-25
3,3,3,2024-11-16,California Baptist,,Pepperdine,REG (Non-Conf),L 64-75,,0,0,0,,0,0,,0,0,,,0,0,,0,0,0,0,0,0,0,0,0,0.0,Hailey Long,https://www.sports-reference.com/cbb/players/hailey-long-1.html,california-baptist,2024-25
4,4,4,2024-11-20,California Baptist,,San Diego State,REG (Non-Conf),L 66-78,,3,0,0,,0,0,,0,0,,,0,0,,0,0,0,0,0,0,1,0,0,-1.0,Hailey Long,https://www.sports-reference.com/cbb/players/hailey-long-1.html,california-baptist,2024-25
5,5,5,2024-11-23,California Baptist,@,Portland,REG (Non-Conf),L 66-85,,8,1,3,.333,0,0,,1,3,.333,.333,2,2,1.000,1,3,4,0,0,1,0,0,4,4.6,Hailey Long,https://www.sports-reference.com/cbb/players/hailey-long-1.html,california-baptist,2024-25
6,6,9,2024-12-03,California Baptist,@,Southern California,REG (Non-Conf),L 52-94,,6,1,2,.500,1,2,.500,0,0,,.750,0,0,,0,1,1,0,0,1,0,1,3,2.6,Hailey Long,https://www.sports-reference.com/cbb/players/hailey-long-1.html,california-baptist,2024-25
7,7,12,2024-12-14,California Baptist,,UC San Diego,REG (Non-Conf),L 58-81,,18,2,6,.333,1,5,.200,1,1,1.000,.417,2,3,.667,1,1,2,1,0,0,1,2,7,3.1,Hailey Long,https://www.sports-reference.com/cbb/players/hailey-long-1.html,california-baptist,2024-25
8,8,13,2024-12-17,California Baptist,,Middle Tennessee,REG (Non-Conf),L 54-74,,3,1,2,.500,1,1,1.000,0,1,.000,.750,0,0,,0,0,0,0,0,0,1,0,3,1.0,Hailey Long,https://www.sports-reference.com/cbb/players/hailey-long-1.html,california-baptist,2024-25
9,9,29,2025-03-06,California Baptist,@,Tarleton State,REG (Conf),L 44-75,,7,0,2,.000,0,1,.000,0,1,.000,.000,0,0,,0,1,1,1,0,0,1,0,0,-1.4,Hailey Long,https://www.sports-reference.com/cbb/players/hailey-long-1.html,california-baptist,2024-25
