ranker,player_game_num_career,team_game_num_season,date,team_name_abbr,game_location,opp_name_abbr,game_type,game_result,is_starter,mp,fg,fga,fg_pct,fg3,fg3a,fg3_pct,fg2,fg2a,fg2_pct,efg_pct,ft,fta,ft_pct,orb,drb,trb,ast,stl,blk,tov,pf,pts,game_score,player_name,player_sr_link,school,season
1,52,1,2020-12-08,Seton Hall,,Saint Peter's,REG (Non-Conf),W 107-60,*,24,1,3,.333,1,3,.333,0,0,,.500,0,0,,2,6,8,0,5,2,2,3,3,7.7,Alexia Allesch,https://www.sports-reference.com/cbb/players/alexia-allesch-1.html,seton-hall,2020-21
2,53,2,2020-12-11,Seton Hall,,Wagner,REG (Non-Conf),W 96-53,*,22,3,6,.500,1,2,.500,2,4,.500,.583,0,0,,1,3,4,2,1,3,0,2,7,9.3,Alexia Allesch,https://www.sports-reference.com/cbb/players/alexia-allesch-1.html,seton-hall,2020-21
3,54,3,2020-12-13,Seton Hall,,Albany (NY),REG (Non-Conf),L 66-71,*,38,4,12,.333,1,6,.167,3,6,.500,.375,4,5,.800,4,6,10,0,2,3,2,4,13,10.9,Alexia Allesch,https://www.sports-reference.com/cbb/players/alexia-allesch-1.html,seton-hall,2020-21
4,55,4,2020-12-15,Seton Hall,,Connecticut,REG (Conf),L 65-92,*,33,1,7,.143,0,6,.000,1,1,1.000,.143,0,0,,2,4,6,0,1,1,3,5,2,-3.2,Alexia Allesch,https://www.sports-reference.com/cbb/players/alexia-allesch-1.html,seton-hall,2020-21
5,56,5,2021-01-03,Seton Hall,@,Providence,REG (Conf),W 77-71,*,17,2,4,.500,0,2,.000,2,2,1.000,.500,0,0,,1,1,2,1,1,0,0,3,4,3.5,Alexia Allesch,https://www.sports-reference.com/cbb/players/alexia-allesch-1.html,seton-hall,2020-21
6,57,6,2021-01-06,Seton Hall,,Villanova,REG (Conf),L 71-78,*,26,3,8,.375,2,5,.400,1,3,.333,.500,0,0,,3,1,4,1,1,2,0,3,8,7.9,Alexia Allesch,https://www.sports-reference.com/cbb/players/alexia-allesch-1.html,seton-hall,2020-21
7,58,7,2021-01-11,Seton Hall,@,Butler,REG (Conf),W 79-64,*,23,1,5,.200,0,3,.000,1,2,.500,.200,1,3,.333,1,8,9,1,1,0,2,2,3,1.1,Alexia Allesch,https://www.sports-reference.com/cbb/players/alexia-allesch-1.html,seton-hall,2020-21
8,59,8,2021-01-15,Seton Hall,,Marquette,REG (Conf),W 77-66,*,24,2,4,.500,0,1,.000,2,3,.667,.500,0,0,,1,3,4,0,0,1,1,2,4,2.5,Alexia Allesch,https://www.sports-reference.com/cbb/players/alexia-allesch-1.html,seton-hall,2020-21
9,60,9,2021-01-17,Seton Hall,,Butler,REG (Conf),W 83-68,*,18,4,9,.444,2,4,.500,2,5,.400,.556,3,3,1.000,2,3,5,1,1,1,0,5,13,11.0,Alexia Allesch,https://www.sports-reference.com/cbb/players/alexia-allesch-1.html,seton-hall,2020-21
10,61,10,2021-01-20,Seton Hall,,St. John's (NY),REG (Conf),W 87-64,*,26,1,3,.333,1,3,.333,0,0,,.500,1,2,.500,5,3,8,2,0,0,0,1,4,7.3,Alexia Allesch,https://www.sports-reference.com/cbb/players/alexia-allesch-1.html,seton-hall,2020-21
11,62,11,2021-01-23,Seton Hall,,Xavier,REG (Conf),W 85-59,*,28,2,5,.400,1,4,.250,1,1,1.000,.500,0,0,,2,8,10,0,3,1,1,5,5,6.8,Alexia Allesch,https://www.sports-reference.com/cbb/players/alexia-allesch-1.html,seton-hall,2020-21
12,63,15,2021-02-15,Seton Hall,@,DePaul,REG (Conf),L 76-82,*,24,1,4,.250,0,2,.000,1,2,.500,.250,0,0,,1,2,3,0,1,0,0,0,2,1.9,Alexia Allesch,https://www.sports-reference.com/cbb/players/alexia-allesch-1.html,seton-hall,2020-21
13,64,16,2021-02-18,Seton Hall,,Georgetown,REG (Conf),W 79-72 (OT),*,34,0,3,.000,0,2,.000,0,1,.000,.000,0,0,,3,2,5,0,1,0,1,3,0,-0.6,Alexia Allesch,https://www.sports-reference.com/cbb/players/alexia-allesch-1.html,seton-hall,2020-21
14,65,17,2021-02-20,Seton Hall,,Providence,REG (Conf),W 67-55,*,17,1,5,.200,0,1,.000,1,4,.250,.200,0,0,,1,6,7,0,0,0,0,4,2,-0.2,Alexia Allesch,https://www.sports-reference.com/cbb/players/alexia-allesch-1.html,seton-hall,2020-21
15,66,18,2021-02-24,Seton Hall,@,Xavier,REG (Conf),W 108-65,*,8,0,3,.000,0,1,.000,0,2,.000,.000,0,0,,0,0,0,0,0,0,0,1,0,-2.5,Alexia Allesch,https://www.sports-reference.com/cbb/players/alexia-allesch-1.html,seton-hall,2020-21
16,67,19,2021-02-27,Seton Hall,@,Villanova,REG (Conf),W 67-55,*,15,1,4,.250,0,3,.000,1,1,1.000,.250,0,2,.000,1,3,4,0,0,1,3,2,2,-2.7,Alexia Allesch,https://www.sports-reference.com/cbb/players/alexia-allesch-1.html,seton-hall,2020-21
17,68,20,2021-03-01,Seton Hall,@,St. John's (NY),REG (Conf),W 59-43,*,25,1,5,.200,0,1,.000,1,4,.250,.200,0,0,,0,1,1,1,2,0,1,2,2,0.1,Alexia Allesch,https://www.sports-reference.com/cbb/players/alexia-allesch-1.html,seton-hall,2020-21
18,69,21,2021-03-06,Seton Hall,,Creighton,CTOURN,L 76-83,*,17,1,1,1.000,1,1,1.000,0,0,,1.500,0,0,,0,0,0,0,2,0,0,1,3,4.3,Alexia Allesch,https://www.sports-reference.com/cbb/players/alexia-allesch-1.html,seton-hall,2020-21
