ranker,player_game_num_career,team_game_num_season,date,team_name_abbr,game_location,opp_name_abbr,game_type,game_result,is_starter,mp,fg,fga,fg_pct,fg3,fg3a,fg3_pct,fg2,fg2a,fg2_pct,efg_pct,ft,fta,ft_pct,orb,drb,trb,ast,stl,blk,tov,pf,pts,game_score,player_name,player_sr_link,school,season
1,1,1,2020-12-08,Seton Hall,,Saint Peter's,REG (Non-Conf),W 107-60,,6,3,4,.750,0,1,.000,3,3,1.000,.750,0,1,.000,0,0,0,0,1,0,0,1,6,4.6,Amari Wright,https://www.sports-reference.com/cbb/players/amari-wright-1.html,seton-hall,2020-21
2,2,2,2020-12-11,Seton Hall,,Wagner,REG (Non-Conf),W 96-53,,15,4,5,.800,0,0,,4,5,.800,.800,4,5,.800,0,3,3,2,2,0,1,2,12,12.2,Amari Wright,https://www.sports-reference.com/cbb/players/amari-wright-1.html,seton-hall,2020-21
3,3,3,2020-12-13,Seton Hall,,Albany (NY),REG (Non-Conf),L 66-71,,10,1,2,.500,0,0,,1,2,.500,.500,0,2,.000,1,1,2,2,0,0,0,1,2,2.2,Amari Wright,https://www.sports-reference.com/cbb/players/amari-wright-1.html,seton-hall,2020-21
4,4,4,2020-12-15,Seton Hall,,Connecticut,REG (Conf),L 65-92,,18,3,4,.750,0,0,,3,4,.750,.750,0,0,,0,1,1,0,1,0,2,1,6,3.3,Amari Wright,https://www.sports-reference.com/cbb/players/amari-wright-1.html,seton-hall,2020-21
5,5,5,2021-01-03,Seton Hall,@,Providence,REG (Conf),W 77-71,,4,0,1,.000,0,0,,0,1,.000,.000,0,0,,0,0,0,1,1,1,0,1,0,1.3,Amari Wright,https://www.sports-reference.com/cbb/players/amari-wright-1.html,seton-hall,2020-21
6,6,6,2021-01-06,Seton Hall,,Villanova,REG (Conf),L 71-78,,6,0,0,,0,0,,0,0,,,0,0,,0,2,2,0,0,0,1,1,0,-0.8,Amari Wright,https://www.sports-reference.com/cbb/players/amari-wright-1.html,seton-hall,2020-21
7,7,7,2021-01-11,Seton Hall,@,Butler,REG (Conf),W 79-64,,15,0,0,,0,0,,0,0,,,3,4,.750,1,1,2,1,1,0,1,3,3,3.1,Amari Wright,https://www.sports-reference.com/cbb/players/amari-wright-1.html,seton-hall,2020-21
8,8,8,2021-01-15,Seton Hall,,Marquette,REG (Conf),W 77-66,,8,0,1,.000,0,0,,0,1,.000,.000,0,0,,1,1,2,0,0,0,0,2,0,-0.5,Amari Wright,https://www.sports-reference.com/cbb/players/amari-wright-1.html,seton-hall,2020-21
9,9,9,2021-01-17,Seton Hall,,Butler,REG (Conf),W 83-68,,21,1,3,.333,1,1,1.000,0,2,.000,.500,2,4,.500,1,1,2,5,0,0,2,2,5,4.2,Amari Wright,https://www.sports-reference.com/cbb/players/amari-wright-1.html,seton-hall,2020-21
10,10,10,2021-01-20,Seton Hall,,St. John's (NY),REG (Conf),W 87-64,,27,2,7,.286,1,3,.333,1,4,.250,.357,1,1,1.000,2,2,4,3,2,0,1,3,6,5.8,Amari Wright,https://www.sports-reference.com/cbb/players/amari-wright-1.html,seton-hall,2020-21
11,11,11,2021-01-23,Seton Hall,,Xavier,REG (Conf),W 85-59,,16,1,2,.500,0,0,,1,2,.500,.500,5,6,.833,2,1,3,4,3,0,3,5,7,8.1,Amari Wright,https://www.sports-reference.com/cbb/players/amari-wright-1.html,seton-hall,2020-21
12,12,12,2021-02-08,Seton Hall,@,Georgetown,REG (Conf),W 60-52,,14,0,0,,0,0,,0,0,,,0,0,,1,0,1,1,0,0,0,1,0,1.0,Amari Wright,https://www.sports-reference.com/cbb/players/amari-wright-1.html,seton-hall,2020-21
13,13,13,2021-02-10,Seton Hall,@,Connecticut,REG (Conf),L 49-70,,10,0,0,,0,0,,0,0,,,0,0,,0,0,0,0,0,0,2,0,0,-2.0,Amari Wright,https://www.sports-reference.com/cbb/players/amari-wright-1.html,seton-hall,2020-21
14,14,14,2021-02-13,Seton Hall,,Creighton,REG (Conf),L 76-77 (OT),,17,1,1,1.000,1,1,1.000,0,0,,1.500,0,0,,0,1,1,0,1,0,0,3,3,2.8,Amari Wright,https://www.sports-reference.com/cbb/players/amari-wright-1.html,seton-hall,2020-21
15,15,15,2021-02-15,Seton Hall,@,DePaul,REG (Conf),L 76-82,,5,0,1,.000,0,0,,0,1,.000,.000,0,0,,1,0,1,0,0,0,1,2,0,-1.8,Amari Wright,https://www.sports-reference.com/cbb/players/amari-wright-1.html,seton-hall,2020-21
16,16,16,2021-02-18,Seton Hall,,Georgetown,REG (Conf),W 79-72 (OT),,4,0,0,,0,0,,0,0,,,0,0,,0,0,0,0,0,0,1,0,0,-1.0,Amari Wright,https://www.sports-reference.com/cbb/players/amari-wright-1.html,seton-hall,2020-21
17,17,17,2021-02-20,Seton Hall,,Providence,REG (Conf),W 67-55,,9,1,1,1.000,0,0,,1,1,1.000,1.000,0,0,,0,1,1,0,2,0,0,1,2,3.6,Amari Wright,https://www.sports-reference.com/cbb/players/amari-wright-1.html,seton-hall,2020-21
18,18,18,2021-02-24,Seton Hall,@,Xavier,REG (Conf),W 108-65,,7,1,2,.500,0,0,,1,2,.500,.500,2,2,1.000,0,1,1,1,0,0,2,1,4,1.6,Amari Wright,https://www.sports-reference.com/cbb/players/amari-wright-1.html,seton-hall,2020-21
19,19,19,2021-02-27,Seton Hall,@,Villanova,REG (Conf),W 67-55,,13,0,0,,0,0,,0,0,,,1,2,.500,1,1,2,0,1,0,1,1,1,1.2,Amari Wright,https://www.sports-reference.com/cbb/players/amari-wright-1.html,seton-hall,2020-21
20,20,20,2021-03-01,Seton Hall,@,St. John's (NY),REG (Conf),W 59-43,,3,0,0,,0,0,,0,0,,,0,0,,0,1,1,0,0,0,0,1,0,-0.1,Amari Wright,https://www.sports-reference.com/cbb/players/amari-wright-1.html,seton-hall,2020-21
