ranker,player_game_num_career,team_game_num_season,date,team_name_abbr,game_location,opp_name_abbr,game_type,game_result,is_starter,mp,fg,fga,fg_pct,fg3,fg3a,fg3_pct,fg2,fg2a,fg2_pct,efg_pct,ft,fta,ft_pct,orb,drb,trb,ast,stl,blk,tov,pf,pts,game_score,player_name,player_sr_link,school,season
1,75,5,2021-01-03,Seton Hall,@,Providence,REG (Conf),W 77-71,*,36,3,11,.273,0,8,.000,3,3,1.000,.273,5,6,.833,0,2,2,1,1,0,4,2,11,1.6,Andra Espinoza-Hunter,https://www.sports-reference.com/cbb/players/andra-espinoza-hunter-1.html,seton-hall,2020-21
2,76,6,2021-01-06,Seton Hall,,Villanova,REG (Conf),L 71-78,*,39,4,13,.308,2,7,.286,2,6,.333,.385,0,0,,0,3,3,0,0,0,2,3,10,0.2,Andra Espinoza-Hunter,https://www.sports-reference.com/cbb/players/andra-espinoza-hunter-1.html,seton-hall,2020-21
3,77,7,2021-01-11,Seton Hall,@,Butler,REG (Conf),W 79-64,*,34,7,13,.538,7,11,.636,0,2,.000,.808,2,4,.500,1,2,3,0,2,1,0,1,23,19.5,Andra Espinoza-Hunter,https://www.sports-reference.com/cbb/players/andra-espinoza-hunter-1.html,seton-hall,2020-21
4,78,8,2021-01-15,Seton Hall,,Marquette,REG (Conf),W 77-66,*,35,8,16,.500,7,12,.583,1,4,.250,.719,2,2,1.000,0,5,5,0,2,0,2,2,25,17.7,Andra Espinoza-Hunter,https://www.sports-reference.com/cbb/players/andra-espinoza-hunter-1.html,seton-hall,2020-21
5,79,9,2021-01-17,Seton Hall,,Butler,REG (Conf),W 83-68,*,36,9,12,.750,6,7,.857,3,5,.600,1.000,0,0,,2,6,8,4,1,2,3,1,24,24.2,Andra Espinoza-Hunter,https://www.sports-reference.com/cbb/players/andra-espinoza-hunter-1.html,seton-hall,2020-21
6,80,10,2021-01-20,Seton Hall,,St. John's (NY),REG (Conf),W 87-64,*,32,12,26,.462,4,9,.444,8,17,.471,.538,2,3,.667,1,7,8,3,3,0,1,3,30,21.9,Andra Espinoza-Hunter,https://www.sports-reference.com/cbb/players/andra-espinoza-hunter-1.html,seton-hall,2020-21
7,81,11,2021-01-23,Seton Hall,,Xavier,REG (Conf),W 85-59,*,31,10,20,.500,4,9,.444,6,11,.545,.600,4,4,1.000,2,2,4,2,0,0,5,2,28,15.6,Andra Espinoza-Hunter,https://www.sports-reference.com/cbb/players/andra-espinoza-hunter-1.html,seton-hall,2020-21
8,82,12,2021-02-08,Seton Hall,@,Georgetown,REG (Conf),W 60-52,*,40,6,20,.300,1,6,.167,5,14,.357,.325,5,6,.833,2,4,6,2,2,0,1,1,18,10.6,Andra Espinoza-Hunter,https://www.sports-reference.com/cbb/players/andra-espinoza-hunter-1.html,seton-hall,2020-21
9,83,13,2021-02-10,Seton Hall,@,Connecticut,REG (Conf),L 49-70,*,40,6,15,.400,3,9,.333,3,6,.500,.500,0,0,,0,3,3,1,1,2,2,3,15,7.7,Andra Espinoza-Hunter,https://www.sports-reference.com/cbb/players/andra-espinoza-hunter-1.html,seton-hall,2020-21
10,84,14,2021-02-13,Seton Hall,,Creighton,REG (Conf),L 76-77 (OT),*,45,3,17,.176,0,5,.000,3,12,.250,.176,1,2,.500,1,14,15,2,2,2,3,2,7,1.8,Andra Espinoza-Hunter,https://www.sports-reference.com/cbb/players/andra-espinoza-hunter-1.html,seton-hall,2020-21
11,85,15,2021-02-15,Seton Hall,@,DePaul,REG (Conf),L 76-82,*,33,8,15,.533,0,3,.000,8,12,.667,.533,1,2,.500,3,12,15,4,0,1,0,4,17,16.9,Andra Espinoza-Hunter,https://www.sports-reference.com/cbb/players/andra-espinoza-hunter-1.html,seton-hall,2020-21
12,86,16,2021-02-18,Seton Hall,,Georgetown,REG (Conf),W 79-72 (OT),*,44,7,19,.368,5,11,.455,2,8,.250,.500,7,7,1.000,1,4,5,3,2,0,0,2,26,20.7,Andra Espinoza-Hunter,https://www.sports-reference.com/cbb/players/andra-espinoza-hunter-1.html,seton-hall,2020-21
13,87,17,2021-02-20,Seton Hall,,Providence,REG (Conf),W 67-55,*,40,5,16,.313,2,9,.222,3,7,.429,.375,1,2,.500,2,4,6,3,2,0,1,2,13,8.3,Andra Espinoza-Hunter,https://www.sports-reference.com/cbb/players/andra-espinoza-hunter-1.html,seton-hall,2020-21
14,88,18,2021-02-24,Seton Hall,@,Xavier,REG (Conf),W 108-65,*,30,9,13,.692,5,8,.625,4,5,.800,.885,2,2,1.000,0,3,3,2,3,0,1,1,25,23.4,Andra Espinoza-Hunter,https://www.sports-reference.com/cbb/players/andra-espinoza-hunter-1.html,seton-hall,2020-21
15,89,19,2021-02-27,Seton Hall,@,Villanova,REG (Conf),W 67-55,*,40,5,14,.357,3,6,.500,2,8,.250,.464,3,3,1.000,0,7,7,0,2,1,2,4,16,9.4,Andra Espinoza-Hunter,https://www.sports-reference.com/cbb/players/andra-espinoza-hunter-1.html,seton-hall,2020-21
16,90,20,2021-03-01,Seton Hall,@,St. John's (NY),REG (Conf),W 59-43,*,38,2,13,.154,0,5,.000,2,8,.250,.154,6,7,.857,1,5,6,4,2,0,0,0,10,8.3,Andra Espinoza-Hunter,https://www.sports-reference.com/cbb/players/andra-espinoza-hunter-1.html,seton-hall,2020-21
17,91,21,2021-03-06,Seton Hall,,Creighton,CTOURN,L 76-83,*,33,7,15,.467,1,3,.333,6,12,.500,.500,4,7,.571,1,4,5,1,0,0,0,5,19,10.7,Andra Espinoza-Hunter,https://www.sports-reference.com/cbb/players/andra-espinoza-hunter-1.html,seton-hall,2020-21
