ranker,player_game_num_career,team_game_num_season,date,team_name_abbr,game_location,opp_name_abbr,game_type,game_result,is_starter,mp,fg,fga,fg_pct,fg3,fg3a,fg3_pct,fg2,fg2a,efg_pct,ft,fta,orb,drb,trb,ast,stl,blk,tov,pf,pts,game_score,player_name,player_sr_link,school,season
1,1,1,2020-12-08,Seton Hall,,Saint Peter's,REG (Non-Conf),W 107-60,,2,0,0,,0,0,,0,0,,0,0,0,0,0,0,0,0,0,1,0,-0.4,Britany Range,https://www.sports-reference.com/cbb/players/britany-range-1.html,seton-hall,2020-21
2,2,2,2020-12-11,Seton Hall,,Wagner,REG (Non-Conf),W 96-53,,3,0,1,.000,0,1,.000,0,0,.000,0,0,0,0,0,0,0,0,0,1,0,-1.1,Britany Range,https://www.sports-reference.com/cbb/players/britany-range-1.html,seton-hall,2020-21
3,3,9,2021-01-17,Seton Hall,,Butler,REG (Conf),W 83-68,,1,0,0,,0,0,,0,0,,0,0,0,0,0,0,0,0,0,0,0,0.0,Britany Range,https://www.sports-reference.com/cbb/players/britany-range-1.html,seton-hall,2020-21
4,4,11,2021-01-23,Seton Hall,,Xavier,REG (Conf),W 85-59,,3,0,0,,0,0,,0,0,,0,0,1,0,1,0,0,0,0,0,0,0.7,Britany Range,https://www.sports-reference.com/cbb/players/britany-range-1.html,seton-hall,2020-21
5,5,18,2021-02-24,Seton Hall,@,Xavier,REG (Conf),W 108-65,,3,0,1,.000,0,1,.000,0,0,.000,0,0,0,0,0,0,0,0,1,0,0,-1.7,Britany Range,https://www.sports-reference.com/cbb/players/britany-range-1.html,seton-hall,2020-21
