ranker,player_game_num_career,team_game_num_season,date,team_name_abbr,game_location,opp_name_abbr,game_type,game_result,is_starter,mp,fg,fga,fg_pct,fg3,fg3a,fg3_pct,fg2,fg2a,fg2_pct,efg_pct,ft,fta,ft_pct,orb,drb,trb,ast,stl,blk,tov,pf,pts,game_score,player_name,player_sr_link,school,season
1,19,1,2020-12-08,Seton Hall,,Saint Peter's,REG (Non-Conf),W 107-60,,7,1,2,.500,1,1,1.000,0,1,.000,.750,1,2,.500,0,1,1,1,0,0,0,2,4,2.8,Danielle Robinson,https://www.sports-reference.com/cbb/players/danielle-robinson-4.html,seton-hall,2020-21
2,20,2,2020-12-11,Seton Hall,,Wagner,REG (Non-Conf),W 96-53,,16,2,2,1.000,2,2,1.000,0,0,,1.500,1,2,.500,1,2,3,0,2,0,3,0,7,6.3,Danielle Robinson,https://www.sports-reference.com/cbb/players/danielle-robinson-4.html,seton-hall,2020-21
3,21,3,2020-12-13,Seton Hall,,Albany (NY),REG (Non-Conf),L 66-71,*,31,1,6,.167,1,2,.500,0,4,.000,.250,0,0,,5,1,6,1,1,0,0,0,3,4.7,Danielle Robinson,https://www.sports-reference.com/cbb/players/danielle-robinson-4.html,seton-hall,2020-21
4,22,7,2021-01-11,Seton Hall,@,Butler,REG (Conf),W 79-64,,6,0,2,.000,0,1,.000,0,1,.000,.000,0,0,,0,0,0,0,0,0,0,0,0,-1.4,Danielle Robinson,https://www.sports-reference.com/cbb/players/danielle-robinson-4.html,seton-hall,2020-21
5,23,9,2021-01-17,Seton Hall,,Butler,REG (Conf),W 83-68,,4,0,0,,0,0,,0,0,,,0,0,,0,0,0,0,0,1,1,0,0,-0.3,Danielle Robinson,https://www.sports-reference.com/cbb/players/danielle-robinson-4.html,seton-hall,2020-21
6,24,10,2021-01-20,Seton Hall,,St. John's (NY),REG (Conf),W 87-64,,1,1,1,1.000,1,1,1.000,0,0,,1.500,0,0,,0,0,0,0,0,0,0,0,3,2.7,Danielle Robinson,https://www.sports-reference.com/cbb/players/danielle-robinson-4.html,seton-hall,2020-21
7,25,11,2021-01-23,Seton Hall,,Xavier,REG (Conf),W 85-59,,6,1,2,.500,0,0,,1,2,.500,.500,0,0,,0,0,0,0,0,0,1,2,2,-0.8,Danielle Robinson,https://www.sports-reference.com/cbb/players/danielle-robinson-4.html,seton-hall,2020-21
8,26,13,2021-02-10,Seton Hall,@,Connecticut,REG (Conf),L 49-70,,1,0,0,,0,0,,0,0,,,0,0,,0,0,0,0,0,0,0,0,0,0.0,Danielle Robinson,https://www.sports-reference.com/cbb/players/danielle-robinson-4.html,seton-hall,2020-21
9,27,18,2021-02-24,Seton Hall,@,Xavier,REG (Conf),W 108-65,,3,1,1,1.000,0,0,,1,1,1.000,1.000,0,0,,1,1,2,0,0,1,0,0,2,3.4,Danielle Robinson,https://www.sports-reference.com/cbb/players/danielle-robinson-4.html,seton-hall,2020-21
