ranker,player_game_num_career,team_game_num_season,date,team_name_abbr,game_location,opp_name_abbr,game_type,game_result,is_starter,mp,fg,fga,fg_pct,fg3,fg3a,fg3_pct,fg2,fg2a,fg2_pct,efg_pct,ft,fta,ft_pct,orb,drb,trb,ast,stl,blk,tov,pf,pts,game_score,player_name,player_sr_link,school,season
1,85,1,2020-12-08,Seton Hall,,Saint Peter's,REG (Non-Conf),W 107-60,*,26,10,12,.833,0,1,.000,10,11,.909,.833,5,5,1.000,0,7,7,2,3,1,1,0,25,26.8,Desiree Elmore,https://www.sports-reference.com/cbb/players/desiree-elmore-1.html,seton-hall,2020-21
2,86,2,2020-12-11,Seton Hall,,Wagner,REG (Non-Conf),W 96-53,*,20,3,7,.429,0,1,.000,3,6,.500,.429,0,0,,0,9,9,7,3,0,3,0,6,9.9,Desiree Elmore,https://www.sports-reference.com/cbb/players/desiree-elmore-1.html,seton-hall,2020-21
3,87,4,2020-12-15,Seton Hall,,Connecticut,REG (Conf),L 65-92,*,31,4,15,.267,0,1,.000,4,14,.286,.267,3,4,.750,1,6,7,0,1,0,3,5,11,0.2,Desiree Elmore,https://www.sports-reference.com/cbb/players/desiree-elmore-1.html,seton-hall,2020-21
4,88,5,2021-01-03,Seton Hall,@,Providence,REG (Conf),W 77-71,*,30,6,14,.429,0,1,.000,6,13,.462,.429,2,2,1.000,2,9,11,5,1,0,1,4,14,12.6,Desiree Elmore,https://www.sports-reference.com/cbb/players/desiree-elmore-1.html,seton-hall,2020-21
5,89,6,2021-01-06,Seton Hall,,Villanova,REG (Conf),L 71-78,*,28,6,16,.375,1,2,.500,5,14,.357,.406,2,2,1.000,0,8,8,3,2,1,0,1,15,13.0,Desiree Elmore,https://www.sports-reference.com/cbb/players/desiree-elmore-1.html,seton-hall,2020-21
6,90,8,2021-01-15,Seton Hall,,Marquette,REG (Conf),W 77-66,,28,9,17,.529,0,2,.000,9,15,.600,.529,2,4,.500,2,6,8,2,1,1,0,3,20,16.0,Desiree Elmore,https://www.sports-reference.com/cbb/players/desiree-elmore-1.html,seton-hall,2020-21
7,91,9,2021-01-17,Seton Hall,,Butler,REG (Conf),W 83-68,,21,8,13,.615,1,1,1.000,7,12,.583,.654,1,1,1.000,1,4,5,3,4,3,2,2,18,19.4,Desiree Elmore,https://www.sports-reference.com/cbb/players/desiree-elmore-1.html,seton-hall,2020-21
8,92,10,2021-01-20,Seton Hall,,St. John's (NY),REG (Conf),W 87-64,*,36,12,16,.750,0,0,,12,16,.750,.750,2,2,1.000,4,5,9,1,2,1,3,1,26,23.9,Desiree Elmore,https://www.sports-reference.com/cbb/players/desiree-elmore-1.html,seton-hall,2020-21
9,93,11,2021-01-23,Seton Hall,,Xavier,REG (Conf),W 85-59,*,32,4,9,.444,0,0,,4,9,.444,.444,5,8,.625,0,6,6,6,2,3,4,2,13,12.4,Desiree Elmore,https://www.sports-reference.com/cbb/players/desiree-elmore-1.html,seton-hall,2020-21
10,94,12,2021-02-08,Seton Hall,@,Georgetown,REG (Conf),W 60-52,*,39,6,12,.500,0,1,.000,6,11,.545,.500,3,3,1.000,1,4,5,3,4,0,3,2,15,13.2,Desiree Elmore,https://www.sports-reference.com/cbb/players/desiree-elmore-1.html,seton-hall,2020-21
11,95,13,2021-02-10,Seton Hall,@,Connecticut,REG (Conf),L 49-70,*,25,6,16,.375,0,0,,6,16,.375,.375,0,0,,2,5,7,3,0,1,6,2,12,2.1,Desiree Elmore,https://www.sports-reference.com/cbb/players/desiree-elmore-1.html,seton-hall,2020-21
12,96,14,2021-02-13,Seton Hall,,Creighton,REG (Conf),L 76-77 (OT),*,44,11,20,.550,0,0,,11,20,.550,.550,3,4,.750,4,13,17,1,1,2,3,2,25,21.0,Desiree Elmore,https://www.sports-reference.com/cbb/players/desiree-elmore-1.html,seton-hall,2020-21
13,97,15,2021-02-15,Seton Hall,@,DePaul,REG (Conf),L 76-82,*,37,5,16,.313,0,1,.000,5,15,.333,.313,3,9,.333,3,10,13,5,2,5,4,2,13,10.7,Desiree Elmore,https://www.sports-reference.com/cbb/players/desiree-elmore-1.html,seton-hall,2020-21
14,98,16,2021-02-18,Seton Hall,,Georgetown,REG (Conf),W 79-72 (OT),*,37,4,9,.444,1,1,1.000,3,8,.375,.500,4,6,.667,3,6,9,2,2,2,4,1,13,11.8,Desiree Elmore,https://www.sports-reference.com/cbb/players/desiree-elmore-1.html,seton-hall,2020-21
15,99,17,2021-02-20,Seton Hall,,Providence,REG (Conf),W 67-55,*,35,9,20,.450,1,1,1.000,8,19,.421,.475,4,5,.800,7,5,12,4,2,0,2,1,23,21.0,Desiree Elmore,https://www.sports-reference.com/cbb/players/desiree-elmore-1.html,seton-hall,2020-21
16,100,18,2021-02-24,Seton Hall,@,Xavier,REG (Conf),W 108-65,*,27,4,5,.800,0,0,,4,5,.800,.800,0,3,.000,0,8,8,5,4,1,2,2,8,12.7,Desiree Elmore,https://www.sports-reference.com/cbb/players/desiree-elmore-1.html,seton-hall,2020-21
17,101,19,2021-02-27,Seton Hall,@,Villanova,REG (Conf),W 67-55,*,33,6,10,.600,1,1,1.000,5,9,.556,.650,8,10,.800,4,12,16,4,0,0,0,4,21,23.2,Desiree Elmore,https://www.sports-reference.com/cbb/players/desiree-elmore-1.html,seton-hall,2020-21
18,102,20,2021-03-01,Seton Hall,@,St. John's (NY),REG (Conf),W 59-43,*,38,11,16,.688,0,0,,11,16,.688,.688,8,8,1.000,2,7,9,1,2,3,3,3,30,27.3,Desiree Elmore,https://www.sports-reference.com/cbb/players/desiree-elmore-1.html,seton-hall,2020-21
19,103,21,2021-03-06,Seton Hall,,Creighton,CTOURN,L 76-83,*,36,10,16,.625,1,1,1.000,9,15,.600,.656,1,4,.250,0,6,6,6,0,2,2,2,22,18.2,Desiree Elmore,https://www.sports-reference.com/cbb/players/desiree-elmore-1.html,seton-hall,2020-21
