ranker,player_game_num_career,team_game_num_season,date,team_name_abbr,game_location,opp_name_abbr,game_type,game_result,is_starter,mp,fg,fga,fg_pct,fg3,fg3a,fg3_pct,fg2,fg2a,fg2_pct,efg_pct,ft,fta,ft_pct,orb,drb,trb,ast,stl,blk,tov,pf,pts,game_score,player_name,player_sr_link,school,season
1,32,1,2020-12-08,Seton Hall,,Saint Peter's,REG (Non-Conf),W 107-60,,20,0,7,.000,0,4,.000,0,3,.000,.000,0,0,,2,1,3,3,0,0,0,1,0,-1.5,Jasmine Smith,https://www.sports-reference.com/cbb/players/jasmine-smith-5.html,seton-hall,2020-21
2,33,5,2021-01-03,Seton Hall,@,Providence,REG (Conf),W 77-71,,14,2,4,.500,0,1,.000,2,3,.667,.500,0,0,,0,1,1,0,0,0,2,1,4,-0.1,Jasmine Smith,https://www.sports-reference.com/cbb/players/jasmine-smith-5.html,seton-hall,2020-21
3,34,7,2021-01-11,Seton Hall,@,Butler,REG (Conf),W 79-64,,23,4,8,.500,1,4,.250,3,4,.750,.563,5,6,.833,1,5,6,3,1,0,2,3,14,11.7,Jasmine Smith,https://www.sports-reference.com/cbb/players/jasmine-smith-5.html,seton-hall,2020-21
4,35,8,2021-01-15,Seton Hall,,Marquette,REG (Conf),W 77-66,,22,3,6,.500,0,2,.000,3,4,.750,.500,4,4,1.000,2,3,5,4,1,0,0,2,10,12.3,Jasmine Smith,https://www.sports-reference.com/cbb/players/jasmine-smith-5.html,seton-hall,2020-21
5,36,9,2021-01-17,Seton Hall,,Butler,REG (Conf),W 83-68,,12,0,2,.000,0,1,.000,0,1,.000,.000,0,0,,0,3,3,4,1,0,0,0,0,3.3,Jasmine Smith,https://www.sports-reference.com/cbb/players/jasmine-smith-5.html,seton-hall,2020-21
6,37,10,2021-01-20,Seton Hall,,St. John's (NY),REG (Conf),W 87-64,*,26,4,10,.400,0,2,.000,4,8,.500,.400,2,3,.667,0,1,1,1,1,0,4,2,10,1.4,Jasmine Smith,https://www.sports-reference.com/cbb/players/jasmine-smith-5.html,seton-hall,2020-21
7,38,11,2021-01-23,Seton Hall,,Xavier,REG (Conf),W 85-59,,9,0,0,,0,0,,0,0,,,0,0,,1,3,4,2,0,0,2,4,0,-0.6,Jasmine Smith,https://www.sports-reference.com/cbb/players/jasmine-smith-5.html,seton-hall,2020-21
8,39,12,2021-02-08,Seton Hall,@,Georgetown,REG (Conf),W 60-52,,24,5,7,.714,1,2,.500,4,5,.800,.786,0,0,,1,3,4,0,2,0,1,1,11,10.3,Jasmine Smith,https://www.sports-reference.com/cbb/players/jasmine-smith-5.html,seton-hall,2020-21
9,40,13,2021-02-10,Seton Hall,@,Connecticut,REG (Conf),L 49-70,*,33,1,6,.167,0,2,.000,1,4,.250,.167,0,0,,1,1,2,1,2,0,4,1,2,-2.5,Jasmine Smith,https://www.sports-reference.com/cbb/players/jasmine-smith-5.html,seton-hall,2020-21
10,41,14,2021-02-13,Seton Hall,,Creighton,REG (Conf),L 76-77 (OT),,11,0,1,.000,0,1,.000,0,0,,.000,0,0,,0,0,0,0,0,0,1,0,0,-1.7,Jasmine Smith,https://www.sports-reference.com/cbb/players/jasmine-smith-5.html,seton-hall,2020-21
11,42,15,2021-02-15,Seton Hall,@,DePaul,REG (Conf),L 76-82,,11,2,3,.667,1,2,.500,1,1,1.000,.833,0,0,,0,2,2,0,0,0,0,1,5,3.9,Jasmine Smith,https://www.sports-reference.com/cbb/players/jasmine-smith-5.html,seton-hall,2020-21
12,43,16,2021-02-18,Seton Hall,,Georgetown,REG (Conf),W 79-72 (OT),,23,0,5,.000,0,2,.000,0,3,.000,.000,0,0,,0,1,1,2,1,0,1,3,0,-3.0,Jasmine Smith,https://www.sports-reference.com/cbb/players/jasmine-smith-5.html,seton-hall,2020-21
13,44,17,2021-02-20,Seton Hall,,Providence,REG (Conf),W 67-55,,9,0,0,,0,0,,0,0,,,0,0,,1,0,1,0,0,0,0,0,0,0.7,Jasmine Smith,https://www.sports-reference.com/cbb/players/jasmine-smith-5.html,seton-hall,2020-21
14,45,18,2021-02-24,Seton Hall,@,Xavier,REG (Conf),W 108-65,,8,1,2,.500,0,0,,1,2,.500,.500,0,0,,1,1,2,0,0,0,0,2,2,1.2,Jasmine Smith,https://www.sports-reference.com/cbb/players/jasmine-smith-5.html,seton-hall,2020-21
15,46,20,2021-03-01,Seton Hall,@,St. John's (NY),REG (Conf),W 59-43,,22,1,3,.333,0,1,.000,1,2,.500,.333,0,0,,0,1,1,2,1,0,0,3,2,1.8,Jasmine Smith,https://www.sports-reference.com/cbb/players/jasmine-smith-5.html,seton-hall,2020-21
16,47,21,2021-03-06,Seton Hall,,Creighton,CTOURN,L 76-83,,22,2,10,.200,0,2,.000,2,8,.250,.200,0,0,,4,2,6,3,0,0,0,2,4,2.5,Jasmine Smith,https://www.sports-reference.com/cbb/players/jasmine-smith-5.html,seton-hall,2020-21
