ranker,player_game_num_career,team_game_num_season,date,team_name_abbr,game_location,opp_name_abbr,game_type,game_result,is_starter,mp,fg,fga,fg_pct,fg3,fg3a,fg3_pct,fg2,fg2a,fg2_pct,efg_pct,ft,fta,ft_pct,orb,drb,trb,ast,stl,blk,tov,pf,pts,game_score,player_name,player_sr_link,school,season
1,12,1,2020-12-08,Seton Hall,,Saint Peter's,REG (Non-Conf),W 107-60,,6,0,0,,0,0,,0,0,,,2,2,1.000,1,1,2,1,1,0,2,1,2,2.3,Kailah Harris,https://www.sports-reference.com/cbb/players/kailah-harris-1.html,seton-hall,2020-21
2,13,2,2020-12-11,Seton Hall,,Wagner,REG (Non-Conf),W 96-53,,8,0,0,,0,0,,0,0,,,2,4,.500,2,2,4,0,2,0,1,1,2,3.8,Kailah Harris,https://www.sports-reference.com/cbb/players/kailah-harris-1.html,seton-hall,2020-21
3,14,4,2020-12-15,Seton Hall,,Connecticut,REG (Conf),L 65-92,,2,0,0,,0,0,,0,0,,,0,0,,1,1,2,0,0,0,0,0,0,1.0,Kailah Harris,https://www.sports-reference.com/cbb/players/kailah-harris-1.html,seton-hall,2020-21
4,15,7,2021-01-11,Seton Hall,@,Butler,REG (Conf),W 79-64,,1,0,0,,0,0,,0,0,,,0,0,,0,0,0,0,0,0,1,1,0,-1.4,Kailah Harris,https://www.sports-reference.com/cbb/players/kailah-harris-1.html,seton-hall,2020-21
5,16,9,2021-01-17,Seton Hall,,Butler,REG (Conf),W 83-68,,3,0,1,.000,0,0,,0,1,.000,.000,0,0,,0,0,0,0,0,0,1,0,0,-1.7,Kailah Harris,https://www.sports-reference.com/cbb/players/kailah-harris-1.html,seton-hall,2020-21
6,17,11,2021-01-23,Seton Hall,,Xavier,REG (Conf),W 85-59,,5,0,1,.000,0,1,.000,0,0,,.000,0,0,,0,1,1,0,0,0,1,1,0,-1.8,Kailah Harris,https://www.sports-reference.com/cbb/players/kailah-harris-1.html,seton-hall,2020-21
