ranker,player_game_num_career,team_game_num_season,date,team_name_abbr,game_location,opp_name_abbr,game_type,game_result,is_starter,mp,fg,fga,fg_pct,fg3,fg3a,fg3_pct,fg2,fg2a,fg2_pct,efg_pct,ft,fta,ft_pct,orb,drb,trb,ast,stl,blk,tov,pf,pts,game_score,player_name,player_sr_link,school,season
1,32,1,2020-12-08,Seton Hall,,Saint Peter's,REG (Non-Conf),W 107-60,*,26,6,8,.750,1,2,.500,5,6,.833,.813,5,5,1.000,1,1,2,7,3,0,5,2,18,17.9,Lauren Park-Lane,https://www.sports-reference.com/cbb/players/lauren-park-lane-1.html,seton-hall,2020-21
2,33,2,2020-12-11,Seton Hall,,Wagner,REG (Non-Conf),W 96-53,*,25,5,11,.455,1,3,.333,4,8,.500,.500,2,2,1.000,1,0,1,6,3,0,3,0,13,12.2,Lauren Park-Lane,https://www.sports-reference.com/cbb/players/lauren-park-lane-1.html,seton-hall,2020-21
3,34,3,2020-12-13,Seton Hall,,Albany (NY),REG (Non-Conf),L 66-71,*,38,6,16,.375,1,6,.167,5,10,.500,.406,2,6,.333,2,0,2,5,1,0,3,4,15,5.9,Lauren Park-Lane,https://www.sports-reference.com/cbb/players/lauren-park-lane-1.html,seton-hall,2020-21
4,35,4,2020-12-15,Seton Hall,,Connecticut,REG (Conf),L 65-92,*,35,9,20,.450,2,8,.250,7,12,.583,.500,9,10,.900,1,1,2,6,1,0,2,0,29,22.4,Lauren Park-Lane,https://www.sports-reference.com/cbb/players/lauren-park-lane-1.html,seton-hall,2020-21
5,36,5,2021-01-03,Seton Hall,@,Providence,REG (Conf),W 77-71,*,37,5,10,.500,2,4,.500,3,6,.500,.600,8,11,.727,0,2,2,5,1,0,2,4,20,15.3,Lauren Park-Lane,https://www.sports-reference.com/cbb/players/lauren-park-lane-1.html,seton-hall,2020-21
6,37,6,2021-01-06,Seton Hall,,Villanova,REG (Conf),L 71-78,*,38,7,14,.500,1,3,.333,6,11,.545,.536,12,13,.923,0,2,2,3,0,0,4,3,27,17.1,Lauren Park-Lane,https://www.sports-reference.com/cbb/players/lauren-park-lane-1.html,seton-hall,2020-21
7,38,7,2021-01-11,Seton Hall,@,Butler,REG (Conf),W 79-64,*,37,7,15,.467,0,5,.000,7,10,.700,.467,4,4,1.000,1,3,4,7,1,0,3,1,18,14.4,Lauren Park-Lane,https://www.sports-reference.com/cbb/players/lauren-park-lane-1.html,seton-hall,2020-21
8,39,8,2021-01-15,Seton Hall,,Marquette,REG (Conf),W 77-66,*,34,5,18,.278,0,7,.000,5,11,.455,.278,4,5,.800,0,1,1,6,1,0,7,2,14,0.7,Lauren Park-Lane,https://www.sports-reference.com/cbb/players/lauren-park-lane-1.html,seton-hall,2020-21
9,40,9,2021-01-17,Seton Hall,,Butler,REG (Conf),W 83-68,*,22,3,5,.600,2,3,.667,1,2,.500,.800,0,0,,0,2,2,6,1,0,2,0,8,9.5,Lauren Park-Lane,https://www.sports-reference.com/cbb/players/lauren-park-lane-1.html,seton-hall,2020-21
10,41,12,2021-02-08,Seton Hall,@,Georgetown,REG (Conf),W 60-52,*,38,5,16,.313,2,6,.333,3,10,.300,.375,0,0,,0,2,2,1,3,0,1,0,12,6.1,Lauren Park-Lane,https://www.sports-reference.com/cbb/players/lauren-park-lane-1.html,seton-hall,2020-21
11,42,13,2021-02-10,Seton Hall,@,Connecticut,REG (Conf),L 49-70,*,38,1,12,.083,1,5,.200,0,7,.000,.125,2,2,1.000,2,3,5,4,0,0,3,2,5,-1.7,Lauren Park-Lane,https://www.sports-reference.com/cbb/players/lauren-park-lane-1.html,seton-hall,2020-21
12,43,14,2021-02-13,Seton Hall,,Creighton,REG (Conf),L 76-77 (OT),*,41,8,16,.500,1,5,.200,7,11,.636,.531,2,2,1.000,0,2,2,9,2,0,4,1,19,15.5,Lauren Park-Lane,https://www.sports-reference.com/cbb/players/lauren-park-lane-1.html,seton-hall,2020-21
13,44,15,2021-02-15,Seton Hall,@,DePaul,REG (Conf),L 76-82,*,39,10,20,.500,2,6,.333,8,14,.571,.550,2,3,.667,0,0,0,5,0,0,5,4,24,10.5,Lauren Park-Lane,https://www.sports-reference.com/cbb/players/lauren-park-lane-1.html,seton-hall,2020-21
14,45,16,2021-02-18,Seton Hall,,Georgetown,REG (Conf),W 79-72 (OT),*,41,9,17,.529,3,7,.429,6,10,.600,.618,11,12,.917,0,2,2,4,1,0,5,2,32,21.9,Lauren Park-Lane,https://www.sports-reference.com/cbb/players/lauren-park-lane-1.html,seton-hall,2020-21
15,46,17,2021-02-20,Seton Hall,,Providence,REG (Conf),W 67-55,*,36,2,10,.200,1,5,.200,1,5,.200,.250,5,6,.833,0,0,0,5,0,0,3,0,10,3.9,Lauren Park-Lane,https://www.sports-reference.com/cbb/players/lauren-park-lane-1.html,seton-hall,2020-21
16,47,18,2021-02-24,Seton Hall,@,Xavier,REG (Conf),W 108-65,*,32,6,13,.462,0,3,.000,6,10,.600,.462,5,5,1.000,0,0,0,15,0,0,3,1,17,17.4,Lauren Park-Lane,https://www.sports-reference.com/cbb/players/lauren-park-lane-1.html,seton-hall,2020-21
17,48,19,2021-02-27,Seton Hall,@,Villanova,REG (Conf),W 67-55,*,40,7,20,.350,1,5,.200,6,15,.400,.375,5,7,.714,0,1,1,5,0,0,5,3,20,5.6,Lauren Park-Lane,https://www.sports-reference.com/cbb/players/lauren-park-lane-1.html,seton-hall,2020-21
18,49,20,2021-03-01,Seton Hall,@,St. John's (NY),REG (Conf),W 59-43,*,37,4,10,.400,2,4,.500,2,6,.333,.500,3,4,.750,0,4,4,2,1,0,3,1,13,7.4,Lauren Park-Lane,https://www.sports-reference.com/cbb/players/lauren-park-lane-1.html,seton-hall,2020-21
19,50,21,2021-03-06,Seton Hall,,Creighton,CTOURN,L 76-83,*,39,6,9,.667,1,2,.500,5,7,.714,.722,6,8,.750,1,5,6,1,1,0,3,4,19,13.6,Lauren Park-Lane,https://www.sports-reference.com/cbb/players/lauren-park-lane-1.html,seton-hall,2020-21
