ranker,player_game_num_career,team_game_num_season,date,team_name_abbr,game_location,opp_name_abbr,game_type,game_result,is_starter,mp,fg,fga,fg_pct,fg3,fg3a,fg3_pct,fg2,fg2a,fg2_pct,efg_pct,ft,fta,ft_pct,orb,drb,trb,ast,stl,blk,tov,pf,pts,game_score,player_name,player_sr_link,school,season
1,1,1,2020-12-08,Seton Hall,,Saint Peter's,REG (Non-Conf),W 107-60,,9,5,6,.833,1,1,1.000,4,5,.800,.917,1,2,.500,0,1,1,1,1,0,1,2,12,9.6,McKenna Minter,https://www.sports-reference.com/cbb/players/mckenna-minter-1.html,seton-hall,2020-21
2,2,2,2020-12-11,Seton Hall,,Wagner,REG (Non-Conf),W 96-53,,14,1,1,1.000,0,0,,1,1,1.000,1.000,3,4,.750,0,0,0,0,2,0,1,3,5,4.1,McKenna Minter,https://www.sports-reference.com/cbb/players/mckenna-minter-1.html,seton-hall,2020-21
3,3,3,2020-12-13,Seton Hall,,Albany (NY),REG (Non-Conf),L 66-71,,8,1,2,.500,0,0,,1,2,.500,.500,0,0,,1,0,1,0,1,0,0,1,2,2.3,McKenna Minter,https://www.sports-reference.com/cbb/players/mckenna-minter-1.html,seton-hall,2020-21
4,4,6,2021-01-06,Seton Hall,,Villanova,REG (Conf),L 71-78,,3,0,0,,0,0,,0,0,,,0,0,,0,0,0,0,0,0,1,0,0,-1.0,McKenna Minter,https://www.sports-reference.com/cbb/players/mckenna-minter-1.html,seton-hall,2020-21
5,5,9,2021-01-17,Seton Hall,,Butler,REG (Conf),W 83-68,,3,0,1,.000,0,0,,0,1,.000,.000,0,0,,0,0,0,0,0,0,0,0,0,-0.7,McKenna Minter,https://www.sports-reference.com/cbb/players/mckenna-minter-1.html,seton-hall,2020-21
6,6,10,2021-01-20,Seton Hall,,St. John's (NY),REG (Conf),W 87-64,,1,0,0,,0,0,,0,0,,,0,0,,0,0,0,0,0,0,0,0,0,0.0,McKenna Minter,https://www.sports-reference.com/cbb/players/mckenna-minter-1.html,seton-hall,2020-21
7,7,11,2021-01-23,Seton Hall,,Xavier,REG (Conf),W 85-59,,11,0,2,.000,0,0,,0,2,.000,.000,4,6,.667,1,1,2,1,0,0,0,3,4,2.3,McKenna Minter,https://www.sports-reference.com/cbb/players/mckenna-minter-1.html,seton-hall,2020-21
8,8,18,2021-02-24,Seton Hall,@,Xavier,REG (Conf),W 108-65,,8,1,3,.333,0,0,,1,3,.333,.333,0,0,,0,1,1,0,0,0,0,0,2,0.6,McKenna Minter,https://www.sports-reference.com/cbb/players/mckenna-minter-1.html,seton-hall,2020-21
