ranker,player_game_num_career,team_game_num_season,date,team_name_abbr,game_location,opp_name_abbr,game_type,game_result,is_starter,mp,fg,fga,fg_pct,fg3,fg3a,fg3_pct,fg2,fg2a,fg2_pct,efg_pct,ft,fta,ft_pct,orb,drb,trb,ast,stl,blk,tov,pf,pts,game_score,player_name,player_sr_link,school,season
1,31,1,2020-12-08,Seton Hall,,Saint Peter's,REG (Non-Conf),W 107-60,,15,2,3,.667,0,0,,2,3,.667,.667,0,0,,0,5,5,1,1,0,2,4,4,2.3,Mya Bembry,https://www.sports-reference.com/cbb/players/mya-bembry-1.html,seton-hall,2020-21
2,32,2,2020-12-11,Seton Hall,,Wagner,REG (Non-Conf),W 96-53,,24,6,6,1.000,0,0,,6,6,1.000,1.000,2,3,.667,2,2,4,2,3,1,0,1,14,18.5,Mya Bembry,https://www.sports-reference.com/cbb/players/mya-bembry-1.html,seton-hall,2020-21
3,33,3,2020-12-13,Seton Hall,,Albany (NY),REG (Non-Conf),L 66-71,*,18,0,4,.000,0,2,.000,0,2,.000,.000,0,0,,2,2,4,1,2,0,1,1,0,0.5,Mya Bembry,https://www.sports-reference.com/cbb/players/mya-bembry-1.html,seton-hall,2020-21
4,34,4,2020-12-15,Seton Hall,,Connecticut,REG (Conf),L 65-92,*,22,4,8,.500,2,4,.500,2,4,.500,.625,0,0,,2,2,4,0,0,0,2,2,10,5.2,Mya Bembry,https://www.sports-reference.com/cbb/players/mya-bembry-1.html,seton-hall,2020-21
5,35,5,2021-01-03,Seton Hall,@,Providence,REG (Conf),W 77-71,,25,2,6,.333,0,4,.000,2,2,1.000,.333,0,0,,2,4,6,1,5,1,2,5,4,5.6,Mya Bembry,https://www.sports-reference.com/cbb/players/mya-bembry-1.html,seton-hall,2020-21
6,36,6,2021-01-06,Seton Hall,,Villanova,REG (Conf),L 71-78,,24,1,2,.500,0,1,.000,1,1,1.000,.500,0,0,,2,3,5,1,1,0,0,1,2,4.6,Mya Bembry,https://www.sports-reference.com/cbb/players/mya-bembry-1.html,seton-hall,2020-21
7,37,7,2021-01-11,Seton Hall,@,Butler,REG (Conf),W 79-64,*,30,3,6,.500,0,1,.000,3,5,.600,.500,0,0,,4,4,8,1,1,1,2,2,6,6.6,Mya Bembry,https://www.sports-reference.com/cbb/players/mya-bembry-1.html,seton-hall,2020-21
8,38,8,2021-01-15,Seton Hall,,Marquette,REG (Conf),W 77-66,*,28,1,4,.250,0,1,.000,1,3,.333,.250,0,0,,2,3,5,0,1,1,1,3,2,1.4,Mya Bembry,https://www.sports-reference.com/cbb/players/mya-bembry-1.html,seton-hall,2020-21
9,39,9,2021-01-17,Seton Hall,,Butler,REG (Conf),W 83-68,*,22,3,7,.429,0,1,.000,3,6,.500,.429,0,0,,0,3,3,1,0,3,2,1,6,3.6,Mya Bembry,https://www.sports-reference.com/cbb/players/mya-bembry-1.html,seton-hall,2020-21
10,40,10,2021-01-20,Seton Hall,,St. John's (NY),REG (Conf),W 87-64,,16,0,4,.000,0,0,,0,4,.000,.000,0,0,,3,2,5,3,1,1,1,0,0,2.7,Mya Bembry,https://www.sports-reference.com/cbb/players/mya-bembry-1.html,seton-hall,2020-21
11,41,11,2021-01-23,Seton Hall,,Xavier,REG (Conf),W 85-59,*,21,3,3,1.000,2,2,1.000,1,1,1.000,1.333,0,0,,0,4,4,1,1,0,1,2,8,8.2,Mya Bembry,https://www.sports-reference.com/cbb/players/mya-bembry-1.html,seton-hall,2020-21
12,42,12,2021-02-08,Seton Hall,@,Georgetown,REG (Conf),W 60-52,*,23,1,6,.167,1,3,.333,0,3,.000,.250,0,0,,1,4,5,0,0,0,0,2,3,0.3,Mya Bembry,https://www.sports-reference.com/cbb/players/mya-bembry-1.html,seton-hall,2020-21
13,43,13,2021-02-10,Seton Hall,@,Connecticut,REG (Conf),L 49-70,,15,0,1,.000,0,1,.000,0,0,,.000,0,0,,0,3,3,1,0,0,0,0,0,0.9,Mya Bembry,https://www.sports-reference.com/cbb/players/mya-bembry-1.html,seton-hall,2020-21
14,44,14,2021-02-13,Seton Hall,,Creighton,REG (Conf),L 76-77 (OT),*,19,1,3,.333,1,1,1.000,0,2,.000,.500,0,0,,0,0,0,1,1,0,0,2,3,2.2,Mya Bembry,https://www.sports-reference.com/cbb/players/mya-bembry-1.html,seton-hall,2020-21
15,45,15,2021-02-15,Seton Hall,@,DePaul,REG (Conf),L 76-82,,25,3,7,.429,0,2,.000,3,5,.600,.429,0,0,,5,5,10,1,0,0,0,1,6,7.6,Mya Bembry,https://www.sports-reference.com/cbb/players/mya-bembry-1.html,seton-hall,2020-21
16,46,16,2021-02-18,Seton Hall,,Georgetown,REG (Conf),W 79-72 (OT),,18,2,3,.667,1,1,1.000,1,2,.500,.833,1,2,.500,2,4,6,0,0,0,2,1,6,4.5,Mya Bembry,https://www.sports-reference.com/cbb/players/mya-bembry-1.html,seton-hall,2020-21
17,47,17,2021-02-20,Seton Hall,,Providence,REG (Conf),W 67-55,,23,0,2,.000,0,1,.000,0,1,.000,.000,3,4,.750,4,7,11,0,1,0,1,4,3,4.5,Mya Bembry,https://www.sports-reference.com/cbb/players/mya-bembry-1.html,seton-hall,2020-21
18,48,18,2021-02-24,Seton Hall,@,Xavier,REG (Conf),W 108-65,,21,2,2,1.000,0,0,,2,2,1.000,1.000,0,0,,2,5,7,1,1,2,0,3,4,8.2,Mya Bembry,https://www.sports-reference.com/cbb/players/mya-bembry-1.html,seton-hall,2020-21
19,49,19,2021-02-27,Seton Hall,@,Villanova,REG (Conf),W 67-55,,25,1,4,.250,1,2,.500,0,2,.000,.375,0,0,,1,2,3,0,0,0,1,2,3,0.1,Mya Bembry,https://www.sports-reference.com/cbb/players/mya-bembry-1.html,seton-hall,2020-21
20,50,20,2021-03-01,Seton Hall,@,St. John's (NY),REG (Conf),W 59-43,,16,0,2,.000,0,2,.000,0,0,,.000,0,0,,0,3,3,1,0,0,3,0,0,-2.8,Mya Bembry,https://www.sports-reference.com/cbb/players/mya-bembry-1.html,seton-hall,2020-21
21,51,21,2021-03-06,Seton Hall,,Creighton,CTOURN,L 76-83,,20,3,5,.600,0,1,.000,3,4,.750,.600,0,0,,0,1,1,0,0,1,0,2,6,3.9,Mya Bembry,https://www.sports-reference.com/cbb/players/mya-bembry-1.html,seton-hall,2020-21
