ranker,player_game_num_career,team_game_num_season,date,team_name_abbr,game_location,opp_name_abbr,game_type,game_result,is_starter,mp,fg,fga,fg_pct,fg3,fg3a,fg3_pct,fg2,fg2a,fg2_pct,efg_pct,ft,fta,ft_pct,orb,drb,trb,ast,stl,blk,tov,pf,pts,game_score,player_name,player_sr_link,school,season
1,28,1,2020-12-08,Seton Hall,,Saint Peter's,REG (Non-Conf),W 107-60,*,23,2,6,.333,2,4,.500,0,2,.000,.500,2,2,1.000,0,2,2,4,0,0,3,1,8,4.6,Mya Jackson,https://www.sports-reference.com/cbb/players/mya-jackson-1.html,seton-hall,2020-21
2,29,2,2020-12-11,Seton Hall,,Wagner,REG (Non-Conf),W 96-53,*,25,11,16,.688,4,7,.571,7,9,.778,.813,1,2,.500,2,2,4,2,1,0,1,2,27,22.4,Mya Jackson,https://www.sports-reference.com/cbb/players/mya-jackson-1.html,seton-hall,2020-21
3,30,3,2020-12-13,Seton Hall,,Albany (NY),REG (Non-Conf),L 66-71,*,39,9,20,.450,4,9,.444,5,11,.455,.550,0,0,,0,2,2,3,2,0,3,1,22,12.9,Mya Jackson,https://www.sports-reference.com/cbb/players/mya-jackson-1.html,seton-hall,2020-21
4,31,4,2020-12-15,Seton Hall,,Connecticut,REG (Conf),L 65-92,*,31,2,8,.250,1,4,.250,1,4,.250,.313,2,2,1.000,2,1,3,1,0,0,5,1,7,-0.8,Mya Jackson,https://www.sports-reference.com/cbb/players/mya-jackson-1.html,seton-hall,2020-21
5,32,5,2021-01-03,Seton Hall,@,Providence,REG (Conf),W 77-71,*,37,7,11,.636,5,6,.833,2,5,.400,.864,1,1,1.000,1,2,3,1,0,0,1,0,20,16.1,Mya Jackson,https://www.sports-reference.com/cbb/players/mya-jackson-1.html,seton-hall,2020-21
6,33,6,2021-01-06,Seton Hall,,Villanova,REG (Conf),L 71-78,*,34,4,8,.500,1,4,.250,3,4,.750,.563,0,0,,0,2,2,2,1,0,4,0,9,4.0,Mya Jackson,https://www.sports-reference.com/cbb/players/mya-jackson-1.html,seton-hall,2020-21
7,34,7,2021-01-11,Seton Hall,@,Butler,REG (Conf),W 79-64,*,28,3,11,.273,3,5,.600,0,6,.000,.409,3,4,.750,5,1,6,0,1,0,1,1,12,8.5,Mya Jackson,https://www.sports-reference.com/cbb/players/mya-jackson-1.html,seton-hall,2020-21
8,35,8,2021-01-15,Seton Hall,,Marquette,REG (Conf),W 77-66,*,20,1,4,.250,0,1,.000,1,3,.333,.250,0,0,,3,0,3,1,1,0,0,2,2,2.6,Mya Jackson,https://www.sports-reference.com/cbb/players/mya-jackson-1.html,seton-hall,2020-21
9,36,9,2021-01-17,Seton Hall,,Butler,REG (Conf),W 83-68,*,28,3,9,.333,3,6,.500,0,3,.000,.500,0,0,,2,2,4,2,0,0,2,0,9,5.3,Mya Jackson,https://www.sports-reference.com/cbb/players/mya-jackson-1.html,seton-hall,2020-21
10,37,10,2021-01-20,Seton Hall,,St. John's (NY),REG (Conf),W 87-64,*,32,3,9,.333,0,3,.000,3,6,.500,.333,2,2,1.000,4,2,6,5,1,0,1,0,8,9.8,Mya Jackson,https://www.sports-reference.com/cbb/players/mya-jackson-1.html,seton-hall,2020-21
11,38,11,2021-01-23,Seton Hall,,Xavier,REG (Conf),W 85-59,*,25,4,10,.400,1,4,.250,3,6,.500,.450,4,4,1.000,2,0,2,4,1,0,2,2,13,10.0,Mya Jackson,https://www.sports-reference.com/cbb/players/mya-jackson-1.html,seton-hall,2020-21
12,39,12,2021-02-08,Seton Hall,@,Georgetown,REG (Conf),W 60-52,*,18,0,6,.000,0,2,.000,0,4,.000,.000,1,2,.500,1,2,3,0,0,0,0,0,1,-2.3,Mya Jackson,https://www.sports-reference.com/cbb/players/mya-jackson-1.html,seton-hall,2020-21
13,40,13,2021-02-10,Seton Hall,@,Connecticut,REG (Conf),L 49-70,*,39,6,12,.500,3,6,.500,3,6,.500,.625,0,0,,3,3,6,0,1,0,1,1,15,11.6,Mya Jackson,https://www.sports-reference.com/cbb/players/mya-jackson-1.html,seton-hall,2020-21
14,41,14,2021-02-13,Seton Hall,,Creighton,REG (Conf),L 76-77 (OT),*,40,5,9,.556,2,3,.667,3,6,.500,.667,3,4,.750,0,2,2,1,2,0,1,0,15,12.6,Mya Jackson,https://www.sports-reference.com/cbb/players/mya-jackson-1.html,seton-hall,2020-21
15,42,15,2021-02-15,Seton Hall,@,DePaul,REG (Conf),L 76-82,*,26,3,13,.231,2,10,.200,1,3,.333,.308,1,2,.500,0,0,0,0,2,1,2,3,9,0.2,Mya Jackson,https://www.sports-reference.com/cbb/players/mya-jackson-1.html,seton-hall,2020-21
16,43,16,2021-02-18,Seton Hall,,Georgetown,REG (Conf),W 79-72 (OT),*,23,1,6,.167,0,3,.000,1,3,.333,.167,0,0,,0,0,0,2,0,0,0,2,2,-1.2,Mya Jackson,https://www.sports-reference.com/cbb/players/mya-jackson-1.html,seton-hall,2020-21
17,44,17,2021-02-20,Seton Hall,,Providence,REG (Conf),W 67-55,*,31,5,9,.556,3,5,.600,2,4,.500,.722,1,2,.500,1,2,3,1,1,0,3,3,14,8.1,Mya Jackson,https://www.sports-reference.com/cbb/players/mya-jackson-1.html,seton-hall,2020-21
18,45,18,2021-02-24,Seton Hall,@,Xavier,REG (Conf),W 108-65,*,20,7,9,.778,5,7,.714,2,2,1.000,1.056,2,2,1.000,0,0,0,0,1,0,0,3,21,17.3,Mya Jackson,https://www.sports-reference.com/cbb/players/mya-jackson-1.html,seton-hall,2020-21
19,46,19,2021-02-27,Seton Hall,@,Villanova,REG (Conf),W 67-55,*,27,1,6,.167,0,2,.000,1,4,.250,.167,2,2,1.000,1,3,4,1,0,0,0,1,4,2.1,Mya Jackson,https://www.sports-reference.com/cbb/players/mya-jackson-1.html,seton-hall,2020-21
20,47,20,2021-03-01,Seton Hall,@,St. John's (NY),REG (Conf),W 59-43,*,20,1,4,.250,0,2,.000,1,2,.500,.250,0,0,,0,3,3,0,0,0,1,0,2,-0.5,Mya Jackson,https://www.sports-reference.com/cbb/players/mya-jackson-1.html,seton-hall,2020-21
21,48,21,2021-03-06,Seton Hall,,Creighton,CTOURN,L 76-83,*,33,1,6,.167,1,3,.333,0,3,.000,.250,0,0,,0,1,1,1,1,0,2,1,3,-1.2,Mya Jackson,https://www.sports-reference.com/cbb/players/mya-jackson-1.html,seton-hall,2020-21
