ranker,player_game_num_career,team_game_num_season,date,team_name_abbr,game_location,opp_name_abbr,game_type,game_result,is_starter,mp,fg,fga,fg_pct,fg3,fg3a,fg3_pct,fg2,fg2a,fg2_pct,efg_pct,ft,fta,ft_pct,orb,drb,trb,ast,stl,blk,tov,pf,pts,game_score,player_name,player_sr_link,school,season
1,1,1,2020-12-08,Seton Hall,,Saint Peter's,REG (Non-Conf),W 107-60,,7,0,1,.000,0,1,.000,0,0,,.000,0,0,,1,1,2,1,1,0,2,1,0,-0.4,Skylar Treadwell,https://www.sports-reference.com/cbb/players/skylar-treadwell-1.html,seton-hall,2020-21
2,2,2,2020-12-11,Seton Hall,,Wagner,REG (Non-Conf),W 96-53,,9,1,1,1.000,1,1,1.000,0,0,,1.500,0,0,,0,2,2,0,1,0,0,1,3,3.9,Skylar Treadwell,https://www.sports-reference.com/cbb/players/skylar-treadwell-1.html,seton-hall,2020-21
3,3,4,2020-12-15,Seton Hall,,Connecticut,REG (Conf),L 65-92,,26,0,6,.000,0,5,.000,0,1,.000,.000,0,0,,0,6,6,0,2,0,1,2,0,-2.2,Skylar Treadwell,https://www.sports-reference.com/cbb/players/skylar-treadwell-1.html,seton-hall,2020-21
4,4,6,2021-01-06,Seton Hall,,Villanova,REG (Conf),L 71-78,,2,0,0,,0,0,,0,0,,,0,0,,0,0,0,0,0,0,0,0,0,0.0,Skylar Treadwell,https://www.sports-reference.com/cbb/players/skylar-treadwell-1.html,seton-hall,2020-21
5,5,7,2021-01-11,Seton Hall,@,Butler,REG (Conf),W 79-64,,3,0,1,.000,0,1,.000,0,0,,.000,0,0,,0,0,0,0,1,0,0,0,0,0.3,Skylar Treadwell,https://www.sports-reference.com/cbb/players/skylar-treadwell-1.html,seton-hall,2020-21
6,6,9,2021-01-17,Seton Hall,,Butler,REG (Conf),W 83-68,,4,0,1,.000,0,1,.000,0,0,,.000,0,0,,0,0,0,0,0,0,0,1,0,-1.1,Skylar Treadwell,https://www.sports-reference.com/cbb/players/skylar-treadwell-1.html,seton-hall,2020-21
7,7,10,2021-01-20,Seton Hall,,St. John's (NY),REG (Conf),W 87-64,,1,0,0,,0,0,,0,0,,,0,0,,0,0,0,0,0,0,0,0,0,0.0,Skylar Treadwell,https://www.sports-reference.com/cbb/players/skylar-treadwell-1.html,seton-hall,2020-21
8,8,11,2021-01-23,Seton Hall,,Xavier,REG (Conf),W 85-59,,7,0,1,.000,0,0,,0,1,.000,.000,0,0,,0,2,2,1,1,0,1,0,0,0.6,Skylar Treadwell,https://www.sports-reference.com/cbb/players/skylar-treadwell-1.html,seton-hall,2020-21
9,9,14,2021-02-13,Seton Hall,,Creighton,REG (Conf),L 76-77 (OT),,8,2,3,.667,0,1,.000,2,2,1.000,.667,0,2,.000,0,2,2,0,1,0,0,1,4,3.1,Skylar Treadwell,https://www.sports-reference.com/cbb/players/skylar-treadwell-1.html,seton-hall,2020-21
10,10,18,2021-02-24,Seton Hall,@,Xavier,REG (Conf),W 108-65,,13,0,1,.000,0,1,.000,0,0,,.000,2,2,1.000,1,3,4,1,1,0,0,2,2,3.8,Skylar Treadwell,https://www.sports-reference.com/cbb/players/skylar-treadwell-1.html,seton-hall,2020-21
