ranker,player_game_num_career,team_game_num_season,date,team_name_abbr,game_location,opp_name_abbr,game_type,game_result,is_starter,mp,fg,fga,fg_pct,fg3,fg3a,fg3_pct,fg2,fg2a,fg2_pct,efg_pct,ft,fta,orb,drb,trb,ast,stl,blk,tov,pf,pts,game_score,player_name,player_sr_link,school,season
1,12,1,2020-12-08,Seton Hall,,Saint Peter's,REG (Non-Conf),W 107-60,,14,7,8,.875,7,7,1.000,0,1,.000,1.313,0,0,0,1,1,1,0,0,0,1,21,18.8,Victoria Keenan,https://www.sports-reference.com/cbb/players/victoria-keenan-1.html,seton-hall,2020-21
2,13,2,2020-12-11,Seton Hall,,Wagner,REG (Non-Conf),W 96-53,,16,0,4,.000,0,4,.000,0,0,,.000,0,0,0,1,1,1,0,0,2,3,0,-5.0,Victoria Keenan,https://www.sports-reference.com/cbb/players/victoria-keenan-1.html,seton-hall,2020-21
3,14,3,2020-12-13,Seton Hall,,Albany (NY),REG (Non-Conf),L 66-71,,17,3,5,.600,3,5,.600,0,0,,.900,0,0,0,0,0,0,1,0,1,0,9,6.7,Victoria Keenan,https://www.sports-reference.com/cbb/players/victoria-keenan-1.html,seton-hall,2020-21
4,15,4,2020-12-15,Seton Hall,,Connecticut,REG (Conf),L 65-92,,1,0,0,,0,0,,0,0,,,0,0,0,0,0,0,0,0,0,1,0,-0.4,Victoria Keenan,https://www.sports-reference.com/cbb/players/victoria-keenan-1.html,seton-hall,2020-21
5,16,5,2021-01-03,Seton Hall,@,Providence,REG (Conf),W 77-71,,1,0,0,,0,0,,0,0,,,0,0,0,0,0,0,0,0,0,0,0,0.0,Victoria Keenan,https://www.sports-reference.com/cbb/players/victoria-keenan-1.html,seton-hall,2020-21
6,17,7,2021-01-11,Seton Hall,@,Butler,REG (Conf),W 79-64,,1,0,0,,0,0,,0,0,,,0,0,0,0,0,0,0,0,0,0,0,0.0,Victoria Keenan,https://www.sports-reference.com/cbb/players/victoria-keenan-1.html,seton-hall,2020-21
7,18,9,2021-01-17,Seton Hall,,Butler,REG (Conf),W 83-68,,4,0,1,.000,0,1,.000,0,0,,.000,0,0,1,0,1,0,0,0,0,0,0,0.0,Victoria Keenan,https://www.sports-reference.com/cbb/players/victoria-keenan-1.html,seton-hall,2020-21
8,19,10,2021-01-20,Seton Hall,,St. John's (NY),REG (Conf),W 87-64,,2,0,0,,0,0,,0,0,,,0,0,0,1,1,0,0,0,0,0,0,0.3,Victoria Keenan,https://www.sports-reference.com/cbb/players/victoria-keenan-1.html,seton-hall,2020-21
9,20,11,2021-01-23,Seton Hall,,Xavier,REG (Conf),W 85-59,,6,2,2,1.000,1,1,1.000,1,1,1.000,1.250,0,0,0,0,0,0,1,0,2,0,5,3.4,Victoria Keenan,https://www.sports-reference.com/cbb/players/victoria-keenan-1.html,seton-hall,2020-21
10,21,12,2021-02-08,Seton Hall,@,Georgetown,REG (Conf),W 60-52,,4,0,1,.000,0,1,.000,0,0,,.000,0,0,1,0,1,0,0,0,0,1,0,-0.4,Victoria Keenan,https://www.sports-reference.com/cbb/players/victoria-keenan-1.html,seton-hall,2020-21
11,22,18,2021-02-24,Seton Hall,@,Xavier,REG (Conf),W 108-65,,17,7,8,.875,7,7,1.000,0,1,.000,1.313,0,0,0,0,0,0,0,0,0,1,21,17.8,Victoria Keenan,https://www.sports-reference.com/cbb/players/victoria-keenan-1.html,seton-hall,2020-21
12,23,19,2021-02-27,Seton Hall,@,Villanova,REG (Conf),W 67-55,,7,0,2,.000,0,2,.000,0,0,,.000,0,0,1,1,2,0,0,0,0,0,0,-0.4,Victoria Keenan,https://www.sports-reference.com/cbb/players/victoria-keenan-1.html,seton-hall,2020-21
13,24,20,2021-03-01,Seton Hall,@,St. John's (NY),REG (Conf),W 59-43,,1,0,0,,0,0,,0,0,,,0,0,0,0,0,0,0,0,0,1,0,-0.4,Victoria Keenan,https://www.sports-reference.com/cbb/players/victoria-keenan-1.html,seton-hall,2020-21
14,25,21,2021-03-06,Seton Hall,,Creighton,CTOURN,L 76-83,,0,0,1,.000,0,1,.000,0,0,,.000,0,0,0,0,0,0,0,0,0,0,0,-0.7,Victoria Keenan,https://www.sports-reference.com/cbb/players/victoria-keenan-1.html,seton-hall,2020-21
