ranker,player_game_num_career,team_game_num_season,date,team_name_abbr,game_location,opp_name_abbr,game_type,game_result,is_starter,mp,fg,fga,fg_pct,fg3,fg3a,fg3_pct,fg2,fg2a,fg2_pct,efg_pct,ft,fta,ft_pct,orb,drb,trb,ast,stl,blk,tov,pf,pts,game_score,player_name,player_sr_link,school,season
1,44,1,2018-11-06,George Mason,,Loyola (MD),REG (Non-Conf),W 70-38,*,23,0,4,.000,0,1,.000,0,3,.000,.000,0,0,,1,3,4,4,0,0,3,2,0,-2.2,Alexsis Grate,https://www.sports-reference.com/cbb/players/alexsis-grate-1.html,george-mason,2018-19
2,45,2,2018-11-09,George Mason,@,Air Force,REG (Non-Conf),W 78-71,*,9,0,1,.000,0,0,,0,1,.000,.000,2,6,.333,1,1,2,0,0,0,2,2,2,-2.1,Alexsis Grate,https://www.sports-reference.com/cbb/players/alexsis-grate-1.html,george-mason,2018-19
3,46,3,2018-11-14,George Mason,@,American,REG (Non-Conf),L 71-86,*,22,3,3,1.000,0,0,,3,3,1.000,1.000,4,4,1.000,1,1,2,5,1,0,1,2,10,12.8,Alexsis Grate,https://www.sports-reference.com/cbb/players/alexsis-grate-1.html,george-mason,2018-19
4,47,4,2018-11-18,George Mason,,Colgate,REG (Non-Conf),W 64-61,*,17,0,2,.000,0,1,.000,0,1,.000,.000,0,0,,3,1,4,1,0,0,2,1,0,-0.7,Alexsis Grate,https://www.sports-reference.com/cbb/players/alexsis-grate-1.html,george-mason,2018-19
5,48,5,2018-11-21,George Mason,@,Kansas,REG (Non-Conf),L 56-77,*,23,1,2,.500,0,0,,1,2,.500,.500,7,8,.875,1,4,5,2,0,0,5,1,9,5.5,Alexsis Grate,https://www.sports-reference.com/cbb/players/alexsis-grate-1.html,george-mason,2018-19
6,49,6,2018-11-23,George Mason,@,Kansas City,REG (Non-Conf),W 91-84,*,21,1,6,.167,0,3,.000,1,3,.333,.167,1,2,.500,1,1,2,6,1,0,5,1,3,-0.4,Alexsis Grate,https://www.sports-reference.com/cbb/players/alexsis-grate-1.html,george-mason,2018-19
7,50,7,2018-11-28,George Mason,@,Howard,REG (Non-Conf),L 59-73,*,18,1,5,.200,0,1,.000,1,4,.250,.200,1,3,.333,0,3,3,3,1,0,2,3,3,-0.1,Alexsis Grate,https://www.sports-reference.com/cbb/players/alexsis-grate-1.html,george-mason,2018-19
8,51,8,2018-12-02,George Mason,@,Washington,REG (Non-Conf),L 52-81,,1,0,0,,0,0,,0,0,,,0,0,,1,0,1,0,0,0,1,1,0,-0.7,Alexsis Grate,https://www.sports-reference.com/cbb/players/alexsis-grate-1.html,george-mason,2018-19
9,52,9,2018-12-06,George Mason,,Delaware,REG (Non-Conf),W 72-46,,6,1,2,.500,0,0,,1,2,.500,.500,1,2,.500,1,1,2,1,0,0,0,1,3,2.9,Alexsis Grate,https://www.sports-reference.com/cbb/players/alexsis-grate-1.html,george-mason,2018-19
10,53,10,2018-12-09,George Mason,@,Eastern Kentucky,REG (Non-Conf),W 91-75,,17,3,6,.500,0,1,.000,3,5,.600,.500,4,5,.800,0,1,1,2,1,0,2,1,10,6.9,Alexsis Grate,https://www.sports-reference.com/cbb/players/alexsis-grate-1.html,george-mason,2018-19
11,54,11,2018-12-21,George Mason,,Houston,REG (Non-Conf),L 56-66,*,22,2,7,.286,0,0,,2,7,.286,.286,6,7,.857,2,4,6,1,2,1,5,3,10,5.3,Alexsis Grate,https://www.sports-reference.com/cbb/players/alexsis-grate-1.html,george-mason,2018-19
12,55,12,2018-12-29,George Mason,,Maryland Eastern Shore,REG (Non-Conf),W 70-49,*,14,0,5,.000,0,0,,0,5,.000,.000,0,0,,2,1,3,1,0,0,0,3,0,-2.3,Alexsis Grate,https://www.sports-reference.com/cbb/players/alexsis-grate-1.html,george-mason,2018-19
13,56,13,2018-12-31,George Mason,,College of Charleston,REG (Non-Conf),W 66-52,*,16,0,3,.000,0,0,,0,3,.000,.000,0,0,,0,1,1,3,0,0,2,2,0,-2.5,Alexsis Grate,https://www.sports-reference.com/cbb/players/alexsis-grate-1.html,george-mason,2018-19
14,57,14,2019-01-06,George Mason,@,Davidson,REG (Conf),L 59-67,*,19,0,2,.000,0,1,.000,0,1,.000,.000,0,0,,0,1,1,1,1,0,2,2,0,-2.2,Alexsis Grate,https://www.sports-reference.com/cbb/players/alexsis-grate-1.html,george-mason,2018-19
15,58,15,2019-01-10,George Mason,,St. Bonaventure,REG (Conf),L 57-68,*,10,2,5,.400,1,3,.333,1,2,.500,.500,2,2,1.000,0,1,1,1,1,0,0,1,7,5.9,Alexsis Grate,https://www.sports-reference.com/cbb/players/alexsis-grate-1.html,george-mason,2018-19
16,59,16,2019-01-13,George Mason,,Duquesne,REG (Conf),L 57-60,,11,0,1,.000,0,0,,0,1,.000,.000,0,0,,0,0,0,0,1,0,1,0,0,-0.7,Alexsis Grate,https://www.sports-reference.com/cbb/players/alexsis-grate-1.html,george-mason,2018-19
17,60,17,2019-01-16,George Mason,@,Massachusetts,REG (Conf),W 70-52,,20,1,4,.250,1,1,1.000,0,3,.000,.375,0,1,.000,1,2,3,4,2,0,3,2,3,2.5,Alexsis Grate,https://www.sports-reference.com/cbb/players/alexsis-grate-1.html,george-mason,2018-19
18,61,18,2019-01-19,George Mason,@,George Washington,REG (Conf),W 64-60,,23,1,4,.250,0,1,.000,1,3,.333,.250,2,4,.500,0,2,2,0,2,0,3,2,4,-0.4,Alexsis Grate,https://www.sports-reference.com/cbb/players/alexsis-grate-1.html,george-mason,2018-19
19,62,19,2019-01-27,George Mason,,Rhode Island,REG (Conf),W 75-69,,19,0,1,.000,0,0,,0,1,.000,.000,3,6,.500,0,0,0,1,1,0,3,5,3,-2.2,Alexsis Grate,https://www.sports-reference.com/cbb/players/alexsis-grate-1.html,george-mason,2018-19
20,63,20,2019-01-31,George Mason,@,Saint Louis,REG (Conf),L 53-60,,22,2,6,.333,0,1,.000,2,5,.400,.333,0,0,,1,1,2,1,1,0,0,4,4,1.7,Alexsis Grate,https://www.sports-reference.com/cbb/players/alexsis-grate-1.html,george-mason,2018-19
21,64,21,2019-02-03,George Mason,@,St. Bonaventure,REG (Conf),L 55-64,,6,0,1,.000,0,1,.000,0,0,,.000,0,0,,0,1,1,0,0,0,1,1,0,-1.8,Alexsis Grate,https://www.sports-reference.com/cbb/players/alexsis-grate-1.html,george-mason,2018-19
22,65,22,2019-02-06,George Mason,,George Washington,REG (Conf),W 61-46,,26,2,2,1.000,1,1,1.000,1,1,1.000,1.250,2,2,1.000,0,2,2,2,1,0,3,3,7,5.2,Alexsis Grate,https://www.sports-reference.com/cbb/players/alexsis-grate-1.html,george-mason,2018-19
23,66,23,2019-02-10,George Mason,@,Fordham,REG (Conf),L 53-64,,33,1,4,.250,0,0,,1,4,.250,.250,2,2,1.000,0,4,4,3,0,0,2,4,4,1.3,Alexsis Grate,https://www.sports-reference.com/cbb/players/alexsis-grate-1.html,george-mason,2018-19
24,67,24,2019-02-14,George Mason,,La Salle,REG (Conf),W 59-42,,16,3,4,.750,0,0,,3,4,.750,.750,2,2,1.000,2,1,3,2,0,0,2,2,8,6.7,Alexsis Grate,https://www.sports-reference.com/cbb/players/alexsis-grate-1.html,george-mason,2018-19
25,68,25,2019-02-17,George Mason,,VCU,REG (Conf),L 38-62,,31,1,6,.167,1,2,.500,0,4,.000,.250,0,0,,1,3,4,1,1,0,3,1,3,-0.9,Alexsis Grate,https://www.sports-reference.com/cbb/players/alexsis-grate-1.html,george-mason,2018-19
26,69,26,2019-02-21,George Mason,@,Richmond,REG (Conf),W 67-52,,24,4,6,.667,1,2,.500,3,4,.750,.750,2,2,1.000,2,0,2,1,0,0,2,3,11,7.3,Alexsis Grate,https://www.sports-reference.com/cbb/players/alexsis-grate-1.html,george-mason,2018-19
27,70,27,2019-02-24,George Mason,,Dayton,REG (Conf),W 54-51,,27,4,8,.500,0,2,.000,4,6,.667,.500,5,8,.625,2,2,4,1,0,0,7,3,13,2.3,Alexsis Grate,https://www.sports-reference.com/cbb/players/alexsis-grate-1.html,george-mason,2018-19
28,71,28,2019-02-27,George Mason,,Saint Joseph's,REG (Conf),W 68-59,,26,1,5,.200,0,0,,1,5,.200,.200,4,4,1.000,0,1,1,6,1,0,2,3,6,5.2,Alexsis Grate,https://www.sports-reference.com/cbb/players/alexsis-grate-1.html,george-mason,2018-19
29,72,29,2019-03-02,George Mason,@,La Salle,REG (Conf),L 71-77 (OT),,31,5,10,.500,0,1,.000,5,9,.556,.500,0,0,,1,4,5,1,2,0,2,2,10,6.8,Alexsis Grate,https://www.sports-reference.com/cbb/players/alexsis-grate-1.html,george-mason,2018-19
30,73,30,2019-03-05,George Mason,,Massachusetts,CTOURN,L 80-86 (2OT),,26,0,2,.000,0,0,,0,2,.000,.000,4,6,.667,0,0,0,4,1,0,1,5,4,2.6,Alexsis Grate,https://www.sports-reference.com/cbb/players/alexsis-grate-1.html,george-mason,2018-19
