ranker,player_game_num_career,team_game_num_season,date,team_name_abbr,game_location,opp_name_abbr,game_type,game_result,is_starter,mp,fg,fga,fg_pct,fg3,fg3a,fg3_pct,fg2,fg2a,fg2_pct,efg_pct,ft,fta,ft_pct,orb,drb,trb,ast,stl,blk,tov,pf,pts,game_score,player_name,player_sr_link,school,season
1,46,1,2018-11-06,George Mason,,Loyola (MD),REG (Non-Conf),W 70-38,,9,3,5,.600,0,0,,3,5,.600,.600,1,3,.333,1,2,3,0,1,0,1,0,7,5.2,Allie McCool,https://www.sports-reference.com/cbb/players/allie-mccool-1.html,george-mason,2018-19
2,47,2,2018-11-09,George Mason,@,Air Force,REG (Non-Conf),W 78-71,,4,0,0,,0,0,,0,0,,,0,0,,0,0,0,0,0,0,0,2,0,-0.8,Allie McCool,https://www.sports-reference.com/cbb/players/allie-mccool-1.html,george-mason,2018-19
3,48,3,2018-11-14,George Mason,@,American,REG (Non-Conf),L 71-86,,4,0,0,,0,0,,0,0,,,0,0,,0,1,1,0,0,0,0,1,0,-0.1,Allie McCool,https://www.sports-reference.com/cbb/players/allie-mccool-1.html,george-mason,2018-19
4,49,4,2018-11-18,George Mason,,Colgate,REG (Non-Conf),W 64-61,,4,1,1,1.000,0,0,,1,1,1.000,1.000,0,0,,0,1,1,0,0,0,0,0,2,2.0,Allie McCool,https://www.sports-reference.com/cbb/players/allie-mccool-1.html,george-mason,2018-19
5,50,5,2018-11-21,George Mason,@,Kansas,REG (Non-Conf),L 56-77,,11,4,4,1.000,0,0,,4,4,1.000,1.000,1,2,.500,1,2,3,0,0,1,1,3,9,7.2,Allie McCool,https://www.sports-reference.com/cbb/players/allie-mccool-1.html,george-mason,2018-19
6,51,6,2018-11-23,George Mason,@,Kansas City,REG (Non-Conf),W 91-84,,20,5,10,.500,0,0,,5,10,.500,.500,2,2,1.000,2,2,4,0,0,0,0,1,12,8.6,Allie McCool,https://www.sports-reference.com/cbb/players/allie-mccool-1.html,george-mason,2018-19
7,52,7,2018-11-28,George Mason,@,Howard,REG (Non-Conf),L 59-73,,18,4,8,.500,0,0,,4,8,.500,.500,0,0,,2,4,6,1,0,0,0,1,8,6.9,Allie McCool,https://www.sports-reference.com/cbb/players/allie-mccool-1.html,george-mason,2018-19
8,53,8,2018-12-02,George Mason,@,Washington,REG (Non-Conf),L 52-81,*,30,1,4,.250,0,0,,1,4,.250,.250,0,0,,3,5,8,0,1,0,0,1,2,3.8,Allie McCool,https://www.sports-reference.com/cbb/players/allie-mccool-1.html,george-mason,2018-19
9,54,9,2018-12-06,George Mason,,Delaware,REG (Non-Conf),W 72-46,*,19,3,6,.500,0,0,,3,6,.500,.500,0,1,.000,1,3,4,1,0,0,0,2,6,4.1,Allie McCool,https://www.sports-reference.com/cbb/players/allie-mccool-1.html,george-mason,2018-19
10,55,10,2018-12-09,George Mason,@,Eastern Kentucky,REG (Non-Conf),W 91-75,*,25,1,4,.250,1,1,1.000,0,3,.000,.375,2,4,.500,3,5,8,1,0,0,2,1,5,3.7,Allie McCool,https://www.sports-reference.com/cbb/players/allie-mccool-1.html,george-mason,2018-19
11,56,11,2018-12-21,George Mason,,Houston,REG (Non-Conf),L 56-66,,13,1,2,.500,0,0,,1,2,.500,.500,0,0,,0,0,0,1,0,0,0,3,2,0.5,Allie McCool,https://www.sports-reference.com/cbb/players/allie-mccool-1.html,george-mason,2018-19
12,57,12,2018-12-29,George Mason,,Maryland Eastern Shore,REG (Non-Conf),W 70-49,,13,2,2,1.000,0,0,,2,2,1.000,1.000,2,4,.500,1,3,4,0,0,0,1,1,6,4.8,Allie McCool,https://www.sports-reference.com/cbb/players/allie-mccool-1.html,george-mason,2018-19
13,58,13,2018-12-31,George Mason,,College of Charleston,REG (Non-Conf),W 66-52,,12,2,2,1.000,0,0,,2,2,1.000,1.000,1,2,.500,2,0,2,1,0,0,1,1,5,4.7,Allie McCool,https://www.sports-reference.com/cbb/players/allie-mccool-1.html,george-mason,2018-19
14,59,14,2019-01-06,George Mason,@,Davidson,REG (Conf),L 59-67,,8,1,2,.500,0,0,,1,2,.500,.500,0,0,,0,2,2,0,0,0,0,1,2,1.2,Allie McCool,https://www.sports-reference.com/cbb/players/allie-mccool-1.html,george-mason,2018-19
15,60,15,2019-01-10,George Mason,,St. Bonaventure,REG (Conf),L 57-68,,3,0,0,,0,0,,0,0,,,0,0,,0,0,0,0,0,0,0,0,0,0.0,Allie McCool,https://www.sports-reference.com/cbb/players/allie-mccool-1.html,george-mason,2018-19
16,61,16,2019-01-13,George Mason,,Duquesne,REG (Conf),L 57-60,,12,0,2,.000,0,0,,0,2,.000,.000,0,0,,1,0,1,2,0,0,0,0,0,0.7,Allie McCool,https://www.sports-reference.com/cbb/players/allie-mccool-1.html,george-mason,2018-19
17,62,17,2019-01-16,George Mason,@,Massachusetts,REG (Conf),W 70-52,,9,1,1,1.000,0,0,,1,1,1.000,1.000,0,0,,1,1,2,0,0,0,0,1,2,2.3,Allie McCool,https://www.sports-reference.com/cbb/players/allie-mccool-1.html,george-mason,2018-19
18,63,18,2019-01-19,George Mason,@,George Washington,REG (Conf),W 64-60,,14,2,5,.400,0,0,,2,5,.400,.400,1,1,1.000,4,2,6,0,0,0,1,3,5,3.5,Allie McCool,https://www.sports-reference.com/cbb/players/allie-mccool-1.html,george-mason,2018-19
19,64,19,2019-01-27,George Mason,,Rhode Island,REG (Conf),W 75-69,,19,1,7,.143,0,0,,1,7,.143,.143,2,3,.667,4,5,9,1,0,0,2,0,4,2.1,Allie McCool,https://www.sports-reference.com/cbb/players/allie-mccool-1.html,george-mason,2018-19
20,65,20,2019-01-31,George Mason,@,Saint Louis,REG (Conf),L 53-60,,14,0,3,.000,0,0,,0,3,.000,.000,0,0,,1,1,2,1,0,0,2,1,0,-2.8,Allie McCool,https://www.sports-reference.com/cbb/players/allie-mccool-1.html,george-mason,2018-19
21,66,21,2019-02-03,George Mason,@,St. Bonaventure,REG (Conf),L 55-64,,1,0,0,,0,0,,0,0,,,0,0,,0,1,1,0,0,0,0,0,0,0.3,Allie McCool,https://www.sports-reference.com/cbb/players/allie-mccool-1.html,george-mason,2018-19
22,67,22,2019-02-06,George Mason,,George Washington,REG (Conf),W 61-46,,23,2,3,.667,0,0,,2,3,.667,.667,3,4,.750,0,3,3,0,0,1,1,2,7,5.1,Allie McCool,https://www.sports-reference.com/cbb/players/allie-mccool-1.html,george-mason,2018-19
23,68,23,2019-02-10,George Mason,@,Fordham,REG (Conf),L 53-64,,5,0,0,,0,0,,0,0,,,0,0,,0,0,0,0,0,0,0,0,0,0.0,Allie McCool,https://www.sports-reference.com/cbb/players/allie-mccool-1.html,george-mason,2018-19
24,69,24,2019-02-14,George Mason,,La Salle,REG (Conf),W 59-42,,21,0,5,.000,0,1,.000,0,4,.000,.000,0,0,,1,3,4,0,2,0,1,0,0,-0.9,Allie McCool,https://www.sports-reference.com/cbb/players/allie-mccool-1.html,george-mason,2018-19
25,70,25,2019-02-17,George Mason,,VCU,REG (Conf),L 38-62,,17,0,0,,0,0,,0,0,,,0,0,,3,1,4,0,2,0,2,1,0,2.0,Allie McCool,https://www.sports-reference.com/cbb/players/allie-mccool-1.html,george-mason,2018-19
26,71,26,2019-02-21,George Mason,@,Richmond,REG (Conf),W 67-52,,6,2,3,.667,0,0,,2,3,.667,.667,2,2,1.000,0,2,2,0,0,0,1,2,6,3.5,Allie McCool,https://www.sports-reference.com/cbb/players/allie-mccool-1.html,george-mason,2018-19
27,72,27,2019-02-24,George Mason,,Dayton,REG (Conf),W 54-51,,13,2,2,1.000,1,1,1.000,1,1,1.000,1.250,0,0,,0,1,1,0,0,0,1,1,5,3.3,Allie McCool,https://www.sports-reference.com/cbb/players/allie-mccool-1.html,george-mason,2018-19
28,73,28,2019-02-27,George Mason,,Saint Joseph's,REG (Conf),W 68-59,,20,3,4,.750,0,0,,3,4,.750,.750,2,2,1.000,1,0,1,0,0,0,1,1,8,5.7,Allie McCool,https://www.sports-reference.com/cbb/players/allie-mccool-1.html,george-mason,2018-19
29,74,29,2019-03-02,George Mason,@,La Salle,REG (Conf),L 71-77 (OT),,25,3,6,.500,0,1,.000,3,5,.600,.500,0,1,.000,2,2,4,1,1,1,3,1,6,3.6,Allie McCool,https://www.sports-reference.com/cbb/players/allie-mccool-1.html,george-mason,2018-19
30,75,30,2019-03-05,George Mason,,Massachusetts,CTOURN,L 80-86 (2OT),,34,1,2,.500,0,0,,1,2,.500,.500,2,2,1.000,2,5,7,1,0,0,1,1,4,5.2,Allie McCool,https://www.sports-reference.com/cbb/players/allie-mccool-1.html,george-mason,2018-19
