ranker,player_game_num_career,team_game_num_season,date,team_name_abbr,game_location,opp_name_abbr,game_type,game_result,is_starter,mp,fg,fga,fg_pct,fg3,fg3a,fg3_pct,fg2,fg2a,fg2_pct,efg_pct,ft,fta,ft_pct,orb,drb,trb,ast,stl,blk,tov,pf,pts,game_score,player_name,player_sr_link,school,season
1,35,1,2018-11-06,George Mason,,Loyola (MD),REG (Non-Conf),W 70-38,,13,5,6,.833,0,0,,5,6,.833,.833,1,2,.500,1,2,3,0,0,2,2,3,11,7.9,Camarie Gatling,https://www.sports-reference.com/cbb/players/camarie-gatling-1.html,george-mason,2018-19
2,36,2,2018-11-09,George Mason,@,Air Force,REG (Non-Conf),W 78-71,,17,4,7,.571,0,0,,4,7,.571,.571,3,4,.750,3,1,4,0,0,0,2,3,11,6.5,Camarie Gatling,https://www.sports-reference.com/cbb/players/camarie-gatling-1.html,george-mason,2018-19
3,37,3,2018-11-14,George Mason,@,American,REG (Non-Conf),L 71-86,,20,3,5,.600,0,0,,3,5,.600,.600,4,6,.667,2,1,3,0,0,2,1,3,10,7.8,Camarie Gatling,https://www.sports-reference.com/cbb/players/camarie-gatling-1.html,george-mason,2018-19
4,38,4,2018-11-18,George Mason,,Colgate,REG (Non-Conf),W 64-61,,17,6,10,.600,0,0,,6,10,.600,.600,0,3,.000,1,2,3,0,0,2,2,3,12,5.7,Camarie Gatling,https://www.sports-reference.com/cbb/players/camarie-gatling-1.html,george-mason,2018-19
5,39,5,2018-11-21,George Mason,@,Kansas,REG (Non-Conf),L 56-77,,20,2,8,.250,0,1,.000,2,7,.286,.250,1,2,.500,4,2,6,1,0,0,1,4,5,1.3,Camarie Gatling,https://www.sports-reference.com/cbb/players/camarie-gatling-1.html,george-mason,2018-19
6,40,6,2018-11-23,George Mason,@,Kansas City,REG (Non-Conf),W 91-84,*,15,3,5,.600,0,1,.000,3,4,.750,.600,0,0,,0,1,1,2,0,0,0,3,6,4.2,Camarie Gatling,https://www.sports-reference.com/cbb/players/camarie-gatling-1.html,george-mason,2018-19
7,41,7,2018-11-28,George Mason,@,Howard,REG (Non-Conf),L 59-73,*,17,3,5,.600,0,0,,3,5,.600,.600,1,3,.333,4,3,7,0,1,0,2,3,7,5.4,Camarie Gatling,https://www.sports-reference.com/cbb/players/camarie-gatling-1.html,george-mason,2018-19
8,42,8,2018-12-02,George Mason,@,Washington,REG (Non-Conf),L 52-81,*,23,3,6,.500,1,1,1.000,2,5,.400,.583,0,0,,4,1,5,1,1,0,2,1,7,6.4,Camarie Gatling,https://www.sports-reference.com/cbb/players/camarie-gatling-1.html,george-mason,2018-19
9,43,9,2018-12-06,George Mason,,Delaware,REG (Non-Conf),W 72-46,*,25,6,8,.750,0,0,,6,8,.750,.750,5,8,.625,3,7,10,2,0,2,4,3,17,14.4,Camarie Gatling,https://www.sports-reference.com/cbb/players/camarie-gatling-1.html,george-mason,2018-19
10,44,10,2018-12-09,George Mason,@,Eastern Kentucky,REG (Non-Conf),W 91-75,*,20,4,5,.800,0,1,.000,4,4,1.000,.800,0,0,,1,2,3,1,1,0,1,4,8,6.5,Camarie Gatling,https://www.sports-reference.com/cbb/players/camarie-gatling-1.html,george-mason,2018-19
11,45,11,2018-12-21,George Mason,,Houston,REG (Non-Conf),L 56-66,*,13,0,1,.000,0,0,,0,1,.000,.000,1,2,.500,1,1,2,2,0,1,2,5,1,-1.0,Camarie Gatling,https://www.sports-reference.com/cbb/players/camarie-gatling-1.html,george-mason,2018-19
12,46,12,2018-12-29,George Mason,,Maryland Eastern Shore,REG (Non-Conf),W 70-49,*,25,4,8,.500,0,0,,4,8,.500,.500,3,4,.750,3,3,6,1,2,0,2,0,11,10.3,Camarie Gatling,https://www.sports-reference.com/cbb/players/camarie-gatling-1.html,george-mason,2018-19
13,47,13,2018-12-31,George Mason,,College of Charleston,REG (Non-Conf),W 66-52,*,20,4,8,.500,0,0,,4,8,.500,.500,3,8,.375,2,4,6,0,1,1,2,3,11,6.1,Camarie Gatling,https://www.sports-reference.com/cbb/players/camarie-gatling-1.html,george-mason,2018-19
14,48,14,2019-01-06,George Mason,@,Davidson,REG (Conf),L 59-67,*,32,6,13,.462,0,0,,6,13,.462,.462,0,2,.000,9,4,13,0,1,1,2,2,12,10.9,Camarie Gatling,https://www.sports-reference.com/cbb/players/camarie-gatling-1.html,george-mason,2018-19
15,49,15,2019-01-10,George Mason,,St. Bonaventure,REG (Conf),L 57-68,*,25,2,7,.286,0,0,,2,7,.286,.286,0,0,,1,4,5,1,0,1,3,2,4,-0.6,Camarie Gatling,https://www.sports-reference.com/cbb/players/camarie-gatling-1.html,george-mason,2018-19
16,50,16,2019-01-13,George Mason,,Duquesne,REG (Conf),L 57-60,*,29,3,7,.429,0,1,.000,3,6,.500,.429,0,2,.000,2,5,7,1,1,1,0,3,6,5.6,Camarie Gatling,https://www.sports-reference.com/cbb/players/camarie-gatling-1.html,george-mason,2018-19
17,51,17,2019-01-16,George Mason,@,Massachusetts,REG (Conf),W 70-52,*,31,7,7,1.000,0,0,,7,7,1.000,1.000,1,2,.500,2,2,4,4,1,0,1,4,15,15.7,Camarie Gatling,https://www.sports-reference.com/cbb/players/camarie-gatling-1.html,george-mason,2018-19
18,52,18,2019-01-19,George Mason,@,George Washington,REG (Conf),W 64-60,*,22,3,7,.429,0,0,,3,7,.429,.429,0,0,,2,2,4,2,0,0,1,5,6,2.7,Camarie Gatling,https://www.sports-reference.com/cbb/players/camarie-gatling-1.html,george-mason,2018-19
19,53,19,2019-01-27,George Mason,,Rhode Island,REG (Conf),W 75-69,*,20,2,4,.500,0,0,,2,4,.500,.500,0,0,,2,4,6,2,1,0,3,4,4,2.4,Camarie Gatling,https://www.sports-reference.com/cbb/players/camarie-gatling-1.html,george-mason,2018-19
20,54,20,2019-01-31,George Mason,@,Saint Louis,REG (Conf),L 53-60,*,26,3,8,.375,0,0,,3,8,.375,.375,0,2,.000,3,2,5,0,1,1,5,4,6,-1.4,Camarie Gatling,https://www.sports-reference.com/cbb/players/camarie-gatling-1.html,george-mason,2018-19
21,55,21,2019-02-03,George Mason,@,St. Bonaventure,REG (Conf),L 55-64,*,25,8,12,.667,0,0,,8,12,.667,.667,1,2,.500,2,1,3,0,0,1,1,2,17,12.0,Camarie Gatling,https://www.sports-reference.com/cbb/players/camarie-gatling-1.html,george-mason,2018-19
22,56,22,2019-02-06,George Mason,,George Washington,REG (Conf),W 61-46,*,12,1,2,.500,0,0,,1,2,.500,.500,0,0,,1,2,3,0,1,1,2,5,2,0.0,Camarie Gatling,https://www.sports-reference.com/cbb/players/camarie-gatling-1.html,george-mason,2018-19
23,57,23,2019-02-10,George Mason,@,Fordham,REG (Conf),L 53-64,*,26,6,8,.750,0,0,,6,8,.750,.750,0,0,,2,5,7,2,2,0,6,4,12,7.5,Camarie Gatling,https://www.sports-reference.com/cbb/players/camarie-gatling-1.html,george-mason,2018-19
24,58,24,2019-02-14,George Mason,,La Salle,REG (Conf),W 59-42,*,22,4,8,.500,0,0,,4,8,.500,.500,0,2,.000,1,4,5,1,3,0,2,4,8,5.2,Camarie Gatling,https://www.sports-reference.com/cbb/players/camarie-gatling-1.html,george-mason,2018-19
25,59,25,2019-02-17,George Mason,,VCU,REG (Conf),L 38-62,*,24,5,11,.455,0,0,,5,11,.455,.455,0,0,,2,2,4,1,0,2,2,4,10,4.8,Camarie Gatling,https://www.sports-reference.com/cbb/players/camarie-gatling-1.html,george-mason,2018-19
26,60,26,2019-02-21,George Mason,@,Richmond,REG (Conf),W 67-52,*,32,7,12,.583,0,0,,7,12,.583,.583,0,0,,2,5,7,2,1,2,4,4,14,9.5,Camarie Gatling,https://www.sports-reference.com/cbb/players/camarie-gatling-1.html,george-mason,2018-19
27,61,27,2019-02-24,George Mason,,Dayton,REG (Conf),W 54-51,*,25,5,8,.625,0,1,.000,5,7,.714,.625,0,0,,1,2,3,0,0,3,0,4,10,8.2,Camarie Gatling,https://www.sports-reference.com/cbb/players/camarie-gatling-1.html,george-mason,2018-19
28,62,28,2019-02-27,George Mason,,Saint Joseph's,REG (Conf),W 68-59,*,25,5,9,.556,0,0,,5,9,.556,.556,1,2,.500,4,4,8,0,1,1,0,2,11,11.2,Camarie Gatling,https://www.sports-reference.com/cbb/players/camarie-gatling-1.html,george-mason,2018-19
29,63,29,2019-03-02,George Mason,@,La Salle,REG (Conf),L 71-77 (OT),*,20,2,5,.400,0,0,,2,5,.400,.400,0,0,,0,1,1,0,0,1,1,5,4,-0.7,Camarie Gatling,https://www.sports-reference.com/cbb/players/camarie-gatling-1.html,george-mason,2018-19
30,64,30,2019-03-05,George Mason,,Massachusetts,CTOURN,L 80-86 (2OT),*,19,1,2,.500,0,0,,1,2,.500,.500,1,2,.500,0,0,0,0,0,2,1,1,3,1.6,Camarie Gatling,https://www.sports-reference.com/cbb/players/camarie-gatling-1.html,george-mason,2018-19
