ranker,player_game_num_career,team_game_num_season,date,team_name_abbr,game_location,opp_name_abbr,game_type,game_result,is_starter,mp,fg,fga,fg_pct,fg3,fg3a,fg3_pct,fg2,fg2a,fg2_pct,efg_pct,ft,fta,ft_pct,orb,drb,trb,ast,stl,blk,tov,pf,pts,game_score,player_name,player_sr_link,school,season
1,78,1,2018-11-06,George Mason,,Loyola (MD),REG (Non-Conf),W 70-38,*,18,0,2,.000,0,0,,0,2,.000,.000,0,0,,0,6,6,0,0,1,0,0,0,1.1,Casey Davis,https://www.sports-reference.com/cbb/players/casey-davis-1.html,george-mason,2018-19
2,79,2,2018-11-09,George Mason,@,Air Force,REG (Non-Conf),W 78-71,*,28,5,8,.625,0,1,.000,5,7,.714,.625,1,1,1.000,6,2,8,1,1,2,1,3,11,13.1,Casey Davis,https://www.sports-reference.com/cbb/players/casey-davis-1.html,george-mason,2018-19
3,80,3,2018-11-14,George Mason,@,American,REG (Non-Conf),L 71-86,*,17,0,1,.000,0,0,,0,1,.000,.000,2,4,.500,2,2,4,1,0,0,3,4,2,-1.4,Casey Davis,https://www.sports-reference.com/cbb/players/casey-davis-1.html,george-mason,2018-19
4,81,4,2018-11-18,George Mason,,Colgate,REG (Non-Conf),W 64-61,*,21,2,3,.667,0,0,,2,3,.667,.667,0,0,,3,4,7,1,1,1,3,3,4,4.2,Casey Davis,https://www.sports-reference.com/cbb/players/casey-davis-1.html,george-mason,2018-19
5,82,5,2018-11-21,George Mason,@,Kansas,REG (Non-Conf),L 56-77,*,12,0,0,,0,0,,0,0,,,0,0,,0,1,1,0,0,0,2,0,0,-1.7,Casey Davis,https://www.sports-reference.com/cbb/players/casey-davis-1.html,george-mason,2018-19
6,83,6,2018-11-23,George Mason,@,Kansas City,REG (Non-Conf),W 91-84,,4,2,2,1.000,0,0,,2,2,1.000,1.000,1,1,1.000,1,0,1,0,1,0,0,1,5,5.7,Casey Davis,https://www.sports-reference.com/cbb/players/casey-davis-1.html,george-mason,2018-19
7,84,7,2018-11-28,George Mason,@,Howard,REG (Non-Conf),L 59-73,,8,0,1,.000,0,0,,0,1,.000,.000,0,0,,0,1,1,0,0,0,0,0,0,-0.4,Casey Davis,https://www.sports-reference.com/cbb/players/casey-davis-1.html,george-mason,2018-19
8,85,8,2018-12-02,George Mason,@,Washington,REG (Non-Conf),L 52-81,,7,1,2,.500,0,0,,1,2,.500,.500,0,0,,1,1,2,0,0,1,0,0,2,2.7,Casey Davis,https://www.sports-reference.com/cbb/players/casey-davis-1.html,george-mason,2018-19
9,86,9,2018-12-06,George Mason,,Delaware,REG (Non-Conf),W 72-46,,4,0,0,,0,0,,0,0,,,0,0,,0,2,2,0,0,1,0,1,0,0.9,Casey Davis,https://www.sports-reference.com/cbb/players/casey-davis-1.html,george-mason,2018-19
10,87,10,2018-12-09,George Mason,@,Eastern Kentucky,REG (Non-Conf),W 91-75,,3,0,1,.000,0,0,,0,1,.000,.000,0,0,,0,0,0,1,0,0,0,1,0,-0.4,Casey Davis,https://www.sports-reference.com/cbb/players/casey-davis-1.html,george-mason,2018-19
11,88,22,2019-02-06,George Mason,,George Washington,REG (Conf),W 61-46,,4,0,0,,0,0,,0,0,,,0,0,,0,0,0,0,0,0,1,0,0,-1.0,Casey Davis,https://www.sports-reference.com/cbb/players/casey-davis-1.html,george-mason,2018-19
12,89,24,2019-02-14,George Mason,,La Salle,REG (Conf),W 59-42,,3,0,0,,0,0,,0,0,,,0,0,,0,1,1,0,0,1,0,0,0,1.0,Casey Davis,https://www.sports-reference.com/cbb/players/casey-davis-1.html,george-mason,2018-19
13,90,25,2019-02-17,George Mason,,VCU,REG (Conf),L 38-62,,1,0,0,,0,0,,0,0,,,0,0,,0,0,0,0,0,0,0,0,0,0.0,Casey Davis,https://www.sports-reference.com/cbb/players/casey-davis-1.html,george-mason,2018-19
14,91,26,2019-02-21,George Mason,@,Richmond,REG (Conf),W 67-52,,1,0,0,,0,0,,0,0,,,0,0,,0,0,0,0,0,0,0,0,0,0.0,Casey Davis,https://www.sports-reference.com/cbb/players/casey-davis-1.html,george-mason,2018-19
15,92,28,2019-02-27,George Mason,,Saint Joseph's,REG (Conf),W 68-59,,0,0,0,,0,0,,0,0,,,0,0,,0,0,0,0,0,0,0,0,0,0.0,Casey Davis,https://www.sports-reference.com/cbb/players/casey-davis-1.html,george-mason,2018-19
16,93,30,2019-03-05,George Mason,,Massachusetts,CTOURN,L 80-86 (2OT),,1,0,0,,0,0,,0,0,,,0,0,,0,0,0,0,0,0,0,0,0,0.0,Casey Davis,https://www.sports-reference.com/cbb/players/casey-davis-1.html,george-mason,2018-19
