ranker,player_game_num_career,team_game_num_season,date,team_name_abbr,game_location,opp_name_abbr,game_type,game_result,is_starter,mp,fg,fga,fg_pct,fg3,fg3a,fg2,fg2a,fg2_pct,efg_pct,ft,fta,ft_pct,orb,drb,trb,ast,stl,blk,tov,pf,pts,game_score,player_name,player_sr_link,school,season
1,1,1,2018-11-06,George Mason,,Loyola (MD),REG (Non-Conf),W 70-38,,5,1,2,.500,0,0,1,2,.500,.500,0,0,,1,2,3,0,0,0,1,3,2,0.1,Devyn Wilson,https://www.sports-reference.com/cbb/players/devyn-wilson-2.html,george-mason,2018-19
2,2,2,2018-11-09,George Mason,@,Air Force,REG (Non-Conf),W 78-71,,0,0,0,,0,0,0,0,,,0,0,,0,0,0,0,0,0,0,0,0,0.0,Devyn Wilson,https://www.sports-reference.com/cbb/players/devyn-wilson-2.html,george-mason,2018-19
3,3,6,2018-11-23,George Mason,@,Kansas City,REG (Non-Conf),W 91-84,,0,0,0,,0,0,0,0,,,0,0,,0,0,0,0,0,0,0,0,0,0.0,Devyn Wilson,https://www.sports-reference.com/cbb/players/devyn-wilson-2.html,george-mason,2018-19
4,4,7,2018-11-28,George Mason,@,Howard,REG (Non-Conf),L 59-73,,2,0,0,,0,0,0,0,,,0,0,,0,0,0,0,0,0,0,0,0,0.0,Devyn Wilson,https://www.sports-reference.com/cbb/players/devyn-wilson-2.html,george-mason,2018-19
5,5,8,2018-12-02,George Mason,@,Washington,REG (Non-Conf),L 52-81,,4,0,0,,0,0,0,0,,,1,2,.500,1,0,1,0,0,0,0,0,1,1.3,Devyn Wilson,https://www.sports-reference.com/cbb/players/devyn-wilson-2.html,george-mason,2018-19
6,6,9,2018-12-06,George Mason,,Delaware,REG (Non-Conf),W 72-46,,6,0,0,,0,0,0,0,,,1,2,.500,1,1,2,0,1,0,1,1,1,1.2,Devyn Wilson,https://www.sports-reference.com/cbb/players/devyn-wilson-2.html,george-mason,2018-19
7,7,10,2018-12-09,George Mason,@,Eastern Kentucky,REG (Non-Conf),W 91-75,,5,0,1,.000,0,0,0,1,.000,.000,0,0,,0,1,1,0,0,0,0,0,0,-0.4,Devyn Wilson,https://www.sports-reference.com/cbb/players/devyn-wilson-2.html,george-mason,2018-19
8,8,11,2018-12-21,George Mason,,Houston,REG (Non-Conf),L 56-66,,5,1,1,1.000,0,0,1,1,1.000,1.000,1,1,1.000,1,0,1,0,0,0,1,2,3,1.6,Devyn Wilson,https://www.sports-reference.com/cbb/players/devyn-wilson-2.html,george-mason,2018-19
9,9,12,2018-12-29,George Mason,,Maryland Eastern Shore,REG (Non-Conf),W 70-49,,8,1,3,.333,0,0,1,3,.333,.333,1,3,.333,0,2,2,0,0,0,0,2,3,0.3,Devyn Wilson,https://www.sports-reference.com/cbb/players/devyn-wilson-2.html,george-mason,2018-19
10,10,13,2018-12-31,George Mason,,College of Charleston,REG (Non-Conf),W 66-52,,11,0,0,,0,0,0,0,,,0,0,,2,4,6,0,1,0,2,0,0,1.6,Devyn Wilson,https://www.sports-reference.com/cbb/players/devyn-wilson-2.html,george-mason,2018-19
11,11,15,2019-01-10,George Mason,,St. Bonaventure,REG (Conf),L 57-68,,5,0,0,,0,0,0,0,,,0,0,,1,0,1,0,0,1,0,1,0,1.0,Devyn Wilson,https://www.sports-reference.com/cbb/players/devyn-wilson-2.html,george-mason,2018-19
12,12,16,2019-01-13,George Mason,,Duquesne,REG (Conf),L 57-60,,1,0,0,,0,0,0,0,,,0,0,,0,1,1,0,0,0,0,0,0,0.3,Devyn Wilson,https://www.sports-reference.com/cbb/players/devyn-wilson-2.html,george-mason,2018-19
13,13,19,2019-01-27,George Mason,,Rhode Island,REG (Conf),W 75-69,,0,0,0,,0,0,0,0,,,0,0,,0,0,0,0,0,0,0,0,0,0.0,Devyn Wilson,https://www.sports-reference.com/cbb/players/devyn-wilson-2.html,george-mason,2018-19
14,14,20,2019-01-31,George Mason,@,Saint Louis,REG (Conf),L 53-60,,0,0,0,,0,0,0,0,,,0,0,,0,0,0,0,0,0,0,0,0,0.0,Devyn Wilson,https://www.sports-reference.com/cbb/players/devyn-wilson-2.html,george-mason,2018-19
15,15,21,2019-02-03,George Mason,@,St. Bonaventure,REG (Conf),L 55-64,,3,0,0,,0,0,0,0,,,0,0,,0,1,1,0,0,0,0,1,0,-0.1,Devyn Wilson,https://www.sports-reference.com/cbb/players/devyn-wilson-2.html,george-mason,2018-19
16,16,22,2019-02-06,George Mason,,George Washington,REG (Conf),W 61-46,,1,0,0,,0,0,0,0,,,0,0,,0,0,0,0,0,0,0,0,0,0.0,Devyn Wilson,https://www.sports-reference.com/cbb/players/devyn-wilson-2.html,george-mason,2018-19
17,17,23,2019-02-10,George Mason,@,Fordham,REG (Conf),L 53-64,,1,0,0,,0,0,0,0,,,0,0,,0,0,0,0,0,0,0,1,0,-0.4,Devyn Wilson,https://www.sports-reference.com/cbb/players/devyn-wilson-2.html,george-mason,2018-19
18,18,24,2019-02-14,George Mason,,La Salle,REG (Conf),W 59-42,,3,0,0,,0,0,0,0,,,0,0,,1,0,1,1,0,0,1,0,0,0.4,Devyn Wilson,https://www.sports-reference.com/cbb/players/devyn-wilson-2.html,george-mason,2018-19
19,19,25,2019-02-17,George Mason,,VCU,REG (Conf),L 38-62,,1,0,0,,0,0,0,0,,,0,0,,0,0,0,0,0,0,0,0,0,0.0,Devyn Wilson,https://www.sports-reference.com/cbb/players/devyn-wilson-2.html,george-mason,2018-19
20,20,26,2019-02-21,George Mason,@,Richmond,REG (Conf),W 67-52,,0,0,0,,0,0,0,0,,,0,0,,0,0,0,0,0,0,0,0,0,0.0,Devyn Wilson,https://www.sports-reference.com/cbb/players/devyn-wilson-2.html,george-mason,2018-19
21,21,28,2019-02-27,George Mason,,Saint Joseph's,REG (Conf),W 68-59,,0,0,0,,0,0,0,0,,,0,0,,0,0,0,0,0,0,0,0,0,0.0,Devyn Wilson,https://www.sports-reference.com/cbb/players/devyn-wilson-2.html,george-mason,2018-19
