ranker,player_game_num_career,team_game_num_season,date,team_name_abbr,game_location,opp_name_abbr,game_type,game_result,is_starter,mp,fg,fga,fg_pct,fg3,fg3a,fg3_pct,fg2,fg2a,fg2_pct,efg_pct,ft,fta,ft_pct,orb,drb,trb,ast,stl,blk,tov,pf,pts,game_score,player_name,player_sr_link,school,season
1,73,1,2018-11-06,George Mason,,Loyola (MD),REG (Non-Conf),W 70-38,,15,0,0,,0,0,,0,0,,,0,2,.000,1,0,1,1,0,0,1,2,0,-1.2,Jewel Triggs,https://www.sports-reference.com/cbb/players/jewel-triggs-1.html,george-mason,2018-19
2,74,2,2018-11-09,George Mason,@,Air Force,REG (Non-Conf),W 78-71,,6,0,0,,0,0,,0,0,,,3,4,.750,0,0,0,0,0,0,0,0,3,2.6,Jewel Triggs,https://www.sports-reference.com/cbb/players/jewel-triggs-1.html,george-mason,2018-19
3,75,3,2018-11-14,George Mason,@,American,REG (Non-Conf),L 71-86,,13,0,0,,0,0,,0,0,,,4,8,.500,3,0,3,0,0,0,0,1,4,4.1,Jewel Triggs,https://www.sports-reference.com/cbb/players/jewel-triggs-1.html,george-mason,2018-19
4,76,4,2018-11-18,George Mason,,Colgate,REG (Non-Conf),W 64-61,,16,0,1,.000,0,1,.000,0,0,,.000,3,4,.750,4,5,9,1,0,0,3,0,3,3.9,Jewel Triggs,https://www.sports-reference.com/cbb/players/jewel-triggs-1.html,george-mason,2018-19
5,77,5,2018-11-21,George Mason,@,Kansas,REG (Non-Conf),L 56-77,,11,0,2,.000,0,0,,0,2,.000,.000,1,2,.500,2,3,5,0,0,0,0,0,1,1.5,Jewel Triggs,https://www.sports-reference.com/cbb/players/jewel-triggs-1.html,george-mason,2018-19
6,78,6,2018-11-23,George Mason,@,Kansas City,REG (Non-Conf),W 91-84,,14,2,3,.667,1,1,1.000,1,2,.500,.833,1,2,.500,3,2,5,3,0,0,0,1,6,8.7,Jewel Triggs,https://www.sports-reference.com/cbb/players/jewel-triggs-1.html,george-mason,2018-19
7,79,7,2018-11-28,George Mason,@,Howard,REG (Non-Conf),L 59-73,,16,1,3,.333,0,1,.000,1,2,.500,.333,0,0,,2,1,3,1,2,0,2,1,2,2.3,Jewel Triggs,https://www.sports-reference.com/cbb/players/jewel-triggs-1.html,george-mason,2018-19
8,80,8,2018-12-02,George Mason,@,Washington,REG (Non-Conf),L 52-81,,5,0,1,.000,0,1,.000,0,0,,.000,0,0,,0,0,0,0,0,0,0,0,0,-0.7,Jewel Triggs,https://www.sports-reference.com/cbb/players/jewel-triggs-1.html,george-mason,2018-19
9,81,9,2018-12-06,George Mason,,Delaware,REG (Non-Conf),W 72-46,,9,0,0,,0,0,,0,0,,,0,0,,1,1,2,1,0,1,1,0,0,1.4,Jewel Triggs,https://www.sports-reference.com/cbb/players/jewel-triggs-1.html,george-mason,2018-19
10,82,10,2018-12-09,George Mason,@,Eastern Kentucky,REG (Non-Conf),W 91-75,,8,2,2,1.000,0,0,,2,2,1.000,1.000,0,0,,0,3,3,1,0,0,0,0,4,5.0,Jewel Triggs,https://www.sports-reference.com/cbb/players/jewel-triggs-1.html,george-mason,2018-19
11,83,11,2018-12-21,George Mason,,Houston,REG (Non-Conf),L 56-66,,22,2,3,.667,0,0,,2,3,.667,.667,1,3,.333,5,8,13,0,0,0,2,1,5,6.4,Jewel Triggs,https://www.sports-reference.com/cbb/players/jewel-triggs-1.html,george-mason,2018-19
12,84,12,2018-12-29,George Mason,,Maryland Eastern Shore,REG (Non-Conf),W 70-49,,17,0,0,,0,0,,0,0,,,1,2,.500,2,4,6,1,0,1,0,0,1,4.6,Jewel Triggs,https://www.sports-reference.com/cbb/players/jewel-triggs-1.html,george-mason,2018-19
13,85,13,2018-12-31,George Mason,,College of Charleston,REG (Non-Conf),W 66-52,,8,0,0,,0,0,,0,0,,,0,0,,1,2,3,1,0,0,0,4,0,0.4,Jewel Triggs,https://www.sports-reference.com/cbb/players/jewel-triggs-1.html,george-mason,2018-19
14,86,14,2019-01-06,George Mason,@,Davidson,REG (Conf),L 59-67,,18,1,2,.500,0,0,,1,2,.500,.500,0,0,,0,2,2,0,0,0,0,1,2,1.2,Jewel Triggs,https://www.sports-reference.com/cbb/players/jewel-triggs-1.html,george-mason,2018-19
15,87,15,2019-01-10,George Mason,,St. Bonaventure,REG (Conf),L 57-68,,25,2,5,.400,0,0,,2,5,.400,.400,0,0,,1,6,7,0,1,0,1,0,4,3.8,Jewel Triggs,https://www.sports-reference.com/cbb/players/jewel-triggs-1.html,george-mason,2018-19
16,88,16,2019-01-13,George Mason,,Duquesne,REG (Conf),L 57-60,,18,1,4,.250,1,1,1.000,0,3,.000,.375,1,2,.500,0,5,5,3,0,0,0,1,4,4.4,Jewel Triggs,https://www.sports-reference.com/cbb/players/jewel-triggs-1.html,george-mason,2018-19
17,89,17,2019-01-16,George Mason,@,Massachusetts,REG (Conf),W 70-52,,8,1,2,.500,0,0,,1,2,.500,.500,0,0,,0,1,1,1,1,0,1,0,2,2.0,Jewel Triggs,https://www.sports-reference.com/cbb/players/jewel-triggs-1.html,george-mason,2018-19
18,90,18,2019-01-19,George Mason,@,George Washington,REG (Conf),W 64-60,,10,0,1,.000,0,0,,0,1,.000,.000,0,0,,1,0,1,1,0,0,1,1,0,-0.7,Jewel Triggs,https://www.sports-reference.com/cbb/players/jewel-triggs-1.html,george-mason,2018-19
19,91,19,2019-01-27,George Mason,,Rhode Island,REG (Conf),W 75-69,,7,0,0,,0,0,,0,0,,,3,4,.750,0,0,0,1,0,0,0,0,3,3.3,Jewel Triggs,https://www.sports-reference.com/cbb/players/jewel-triggs-1.html,george-mason,2018-19
20,92,20,2019-01-31,George Mason,@,Saint Louis,REG (Conf),L 53-60,,10,0,0,,0,0,,0,0,,,0,0,,2,3,5,0,1,0,1,0,0,2.3,Jewel Triggs,https://www.sports-reference.com/cbb/players/jewel-triggs-1.html,george-mason,2018-19
21,93,21,2019-02-03,George Mason,@,St. Bonaventure,REG (Conf),L 55-64,,13,2,4,.500,0,0,,2,4,.500,.500,0,0,,3,2,5,0,0,0,0,0,4,4.7,Jewel Triggs,https://www.sports-reference.com/cbb/players/jewel-triggs-1.html,george-mason,2018-19
22,94,22,2019-02-06,George Mason,,George Washington,REG (Conf),W 61-46,,1,0,0,,0,0,,0,0,,,0,0,,0,0,0,0,0,0,0,0,0,0.0,Jewel Triggs,https://www.sports-reference.com/cbb/players/jewel-triggs-1.html,george-mason,2018-19
23,95,23,2019-02-10,George Mason,@,Fordham,REG (Conf),L 53-64,,17,2,4,.500,0,0,,2,4,.500,.500,1,2,.500,2,5,7,0,0,0,1,0,5,4.5,Jewel Triggs,https://www.sports-reference.com/cbb/players/jewel-triggs-1.html,george-mason,2018-19
24,96,24,2019-02-14,George Mason,,La Salle,REG (Conf),W 59-42,,4,0,0,,0,0,,0,0,,,0,0,,0,0,0,0,0,0,0,0,0,0.0,Jewel Triggs,https://www.sports-reference.com/cbb/players/jewel-triggs-1.html,george-mason,2018-19
25,97,25,2019-02-17,George Mason,,VCU,REG (Conf),L 38-62,,1,0,0,,0,0,,0,0,,,0,0,,0,0,0,0,0,0,0,0,0,0.0,Jewel Triggs,https://www.sports-reference.com/cbb/players/jewel-triggs-1.html,george-mason,2018-19
26,98,26,2019-02-21,George Mason,@,Richmond,REG (Conf),W 67-52,,3,0,1,.000,0,0,,0,1,.000,.000,0,0,,0,0,0,0,0,0,0,0,0,-0.7,Jewel Triggs,https://www.sports-reference.com/cbb/players/jewel-triggs-1.html,george-mason,2018-19
27,99,27,2019-02-24,George Mason,,Dayton,REG (Conf),W 54-51,,14,1,3,.333,1,1,1.000,0,2,.000,.500,0,0,,2,2,4,0,0,0,1,1,3,1.9,Jewel Triggs,https://www.sports-reference.com/cbb/players/jewel-triggs-1.html,george-mason,2018-19
28,100,28,2019-02-27,George Mason,,Saint Joseph's,REG (Conf),W 68-59,,17,1,2,.500,0,0,,1,2,.500,.500,0,2,.000,1,3,4,1,0,0,1,0,2,1.5,Jewel Triggs,https://www.sports-reference.com/cbb/players/jewel-triggs-1.html,george-mason,2018-19
29,101,29,2019-03-02,George Mason,@,La Salle,REG (Conf),L 71-77 (OT),,10,0,1,.000,0,0,,0,1,.000,.000,0,0,,1,0,1,0,0,0,0,1,0,-0.4,Jewel Triggs,https://www.sports-reference.com/cbb/players/jewel-triggs-1.html,george-mason,2018-19
30,102,30,2019-03-05,George Mason,,Massachusetts,CTOURN,L 80-86 (2OT),,11,0,1,.000,0,0,,0,1,.000,.000,1,2,.500,1,4,5,0,0,0,0,1,1,1.4,Jewel Triggs,https://www.sports-reference.com/cbb/players/jewel-triggs-1.html,george-mason,2018-19
