ranker,player_game_num_career,team_game_num_season,date,team_name_abbr,game_location,opp_name_abbr,game_type,game_result,is_starter,mp,fg,fga,fg_pct,fg3,fg3a,fg3_pct,fg2,fg2a,fg2_pct,efg_pct,ft,fta,ft_pct,orb,drb,trb,ast,stl,blk,tov,pf,pts,game_score,player_name,player_sr_link,school,season
1,35,1,2018-11-06,George Mason,,Loyola (MD),REG (Non-Conf),W 70-38,*,31,10,16,.625,3,6,.500,7,10,.700,.719,3,5,.600,1,2,3,0,1,0,4,1,26,15.9,Nicole Cardano-Hillary,https://www.sports-reference.com/cbb/players/nicole-cardano-hillary-1.html,george-mason,2018-19
2,36,2,2018-11-09,George Mason,@,Air Force,REG (Non-Conf),W 78-71,*,38,7,16,.438,1,2,.500,6,14,.429,.469,10,14,.714,0,3,3,6,3,0,6,2,25,16.3,Nicole Cardano-Hillary,https://www.sports-reference.com/cbb/players/nicole-cardano-hillary-1.html,george-mason,2018-19
3,37,3,2018-11-14,George Mason,@,American,REG (Non-Conf),L 71-86,*,36,7,17,.412,2,6,.333,5,11,.455,.471,4,6,.667,1,4,5,1,4,0,6,5,20,8.7,Nicole Cardano-Hillary,https://www.sports-reference.com/cbb/players/nicole-cardano-hillary-1.html,george-mason,2018-19
4,38,4,2018-11-18,George Mason,,Colgate,REG (Non-Conf),W 64-61,*,39,6,21,.286,2,9,.222,4,12,.333,.333,10,13,.769,1,6,7,4,3,0,7,2,24,11.0,Nicole Cardano-Hillary,https://www.sports-reference.com/cbb/players/nicole-cardano-hillary-1.html,george-mason,2018-19
5,39,5,2018-11-21,George Mason,@,Kansas,REG (Non-Conf),L 56-77,*,27,7,17,.412,0,3,.000,7,14,.500,.412,3,3,1.000,0,1,1,4,1,0,7,4,17,3.4,Nicole Cardano-Hillary,https://www.sports-reference.com/cbb/players/nicole-cardano-hillary-1.html,george-mason,2018-19
6,40,6,2018-11-23,George Mason,@,Kansas City,REG (Non-Conf),W 91-84,*,30,2,14,.143,0,2,.000,2,12,.167,.143,12,16,.750,1,4,5,4,1,0,6,0,16,5.1,Nicole Cardano-Hillary,https://www.sports-reference.com/cbb/players/nicole-cardano-hillary-1.html,george-mason,2018-19
7,41,7,2018-11-28,George Mason,@,Howard,REG (Non-Conf),L 59-73,*,36,7,24,.292,1,8,.125,6,16,.375,.313,5,6,.833,1,1,2,3,3,0,2,2,20,8.9,Nicole Cardano-Hillary,https://www.sports-reference.com/cbb/players/nicole-cardano-hillary-1.html,george-mason,2018-19
8,42,8,2018-12-02,George Mason,@,Washington,REG (Non-Conf),L 52-81,*,36,5,21,.238,1,10,.100,4,11,.364,.262,3,4,.750,0,3,3,4,2,0,9,1,14,-2.8,Nicole Cardano-Hillary,https://www.sports-reference.com/cbb/players/nicole-cardano-hillary-1.html,george-mason,2018-19
9,43,9,2018-12-06,George Mason,,Delaware,REG (Non-Conf),W 72-46,*,31,8,19,.421,0,3,.000,8,16,.500,.421,0,2,.000,1,4,5,2,5,0,4,1,16,9.0,Nicole Cardano-Hillary,https://www.sports-reference.com/cbb/players/nicole-cardano-hillary-1.html,george-mason,2018-19
10,44,10,2018-12-09,George Mason,@,Eastern Kentucky,REG (Non-Conf),W 91-75,*,35,12,21,.571,1,3,.333,11,18,.611,.595,8,8,1.000,0,5,5,5,2,0,5,1,33,24.7,Nicole Cardano-Hillary,https://www.sports-reference.com/cbb/players/nicole-cardano-hillary-1.html,george-mason,2018-19
11,45,11,2018-12-21,George Mason,,Houston,REG (Non-Conf),L 56-66,*,30,5,16,.313,0,4,.000,5,12,.417,.313,0,0,,0,2,2,0,1,0,3,2,10,-1.4,Nicole Cardano-Hillary,https://www.sports-reference.com/cbb/players/nicole-cardano-hillary-1.html,george-mason,2018-19
12,46,12,2018-12-29,George Mason,,Maryland Eastern Shore,REG (Non-Conf),W 70-49,*,28,4,14,.286,0,5,.000,4,9,.444,.286,7,8,.875,2,2,4,2,4,0,3,1,15,10.4,Nicole Cardano-Hillary,https://www.sports-reference.com/cbb/players/nicole-cardano-hillary-1.html,george-mason,2018-19
13,47,13,2018-12-31,George Mason,,College of Charleston,REG (Non-Conf),W 66-52,*,35,7,18,.389,2,5,.400,5,13,.385,.444,3,4,.750,1,4,5,6,3,0,3,1,19,14.5,Nicole Cardano-Hillary,https://www.sports-reference.com/cbb/players/nicole-cardano-hillary-1.html,george-mason,2018-19
14,48,14,2019-01-06,George Mason,@,Davidson,REG (Conf),L 59-67,*,38,7,19,.368,2,5,.400,5,14,.357,.421,5,6,.833,1,3,4,1,2,0,6,3,21,7.2,Nicole Cardano-Hillary,https://www.sports-reference.com/cbb/players/nicole-cardano-hillary-1.html,george-mason,2018-19
15,49,15,2019-01-10,George Mason,,St. Bonaventure,REG (Conf),L 57-68,*,36,10,25,.400,3,6,.500,7,19,.368,.460,4,7,.571,2,2,4,5,1,0,5,4,27,12.2,Nicole Cardano-Hillary,https://www.sports-reference.com/cbb/players/nicole-cardano-hillary-1.html,george-mason,2018-19
16,50,16,2019-01-13,George Mason,,Duquesne,REG (Conf),L 57-60,*,36,7,18,.389,3,6,.500,4,12,.333,.472,4,4,1.000,1,0,1,2,2,0,3,2,21,11.5,Nicole Cardano-Hillary,https://www.sports-reference.com/cbb/players/nicole-cardano-hillary-1.html,george-mason,2018-19
17,51,17,2019-01-16,George Mason,@,Massachusetts,REG (Conf),W 70-52,*,39,6,20,.300,3,11,.273,3,9,.333,.375,7,10,.700,0,5,5,5,2,0,3,1,22,12.8,Nicole Cardano-Hillary,https://www.sports-reference.com/cbb/players/nicole-cardano-hillary-1.html,george-mason,2018-19
18,52,18,2019-01-19,George Mason,@,George Washington,REG (Conf),W 64-60,*,36,4,14,.286,1,3,.333,3,11,.273,.321,4,4,1.000,2,5,7,6,1,0,3,2,13,9.1,Nicole Cardano-Hillary,https://www.sports-reference.com/cbb/players/nicole-cardano-hillary-1.html,george-mason,2018-19
19,53,19,2019-01-27,George Mason,,Rhode Island,REG (Conf),W 75-69,*,39,8,18,.444,1,5,.200,7,13,.538,.472,15,17,.882,1,1,2,3,2,0,3,2,32,23.1,Nicole Cardano-Hillary,https://www.sports-reference.com/cbb/players/nicole-cardano-hillary-1.html,george-mason,2018-19
20,54,20,2019-01-31,George Mason,@,Saint Louis,REG (Conf),L 53-60,*,40,11,23,.478,3,7,.429,8,16,.500,.543,4,4,1.000,0,3,3,3,3,0,4,2,29,18.5,Nicole Cardano-Hillary,https://www.sports-reference.com/cbb/players/nicole-cardano-hillary-1.html,george-mason,2018-19
21,55,21,2019-02-03,George Mason,@,St. Bonaventure,REG (Conf),L 55-64,*,36,4,14,.286,1,5,.200,3,9,.333,.321,4,7,.571,1,3,4,5,1,0,6,3,13,2.5,Nicole Cardano-Hillary,https://www.sports-reference.com/cbb/players/nicole-cardano-hillary-1.html,george-mason,2018-19
22,56,22,2019-02-06,George Mason,,George Washington,REG (Conf),W 61-46,*,38,14,23,.609,5,8,.625,9,15,.600,.717,4,8,.500,1,8,9,0,3,0,2,3,37,27.8,Nicole Cardano-Hillary,https://www.sports-reference.com/cbb/players/nicole-cardano-hillary-1.html,george-mason,2018-19
23,57,23,2019-02-10,George Mason,@,Fordham,REG (Conf),L 53-64,*,36,5,15,.333,0,1,.000,5,14,.357,.333,1,2,.500,0,1,1,5,1,0,4,4,11,1.3,Nicole Cardano-Hillary,https://www.sports-reference.com/cbb/players/nicole-cardano-hillary-1.html,george-mason,2018-19
24,58,24,2019-02-14,George Mason,,La Salle,REG (Conf),W 59-42,*,30,7,18,.389,3,6,.500,4,12,.333,.472,0,0,,1,3,4,2,2,0,3,0,17,9.2,Nicole Cardano-Hillary,https://www.sports-reference.com/cbb/players/nicole-cardano-hillary-1.html,george-mason,2018-19
25,59,25,2019-02-17,George Mason,,VCU,REG (Conf),L 38-62,*,30,2,13,.154,0,2,.000,2,11,.182,.154,8,10,.800,2,1,3,3,1,0,5,2,12,1.9,Nicole Cardano-Hillary,https://www.sports-reference.com/cbb/players/nicole-cardano-hillary-1.html,george-mason,2018-19
26,60,26,2019-02-21,George Mason,@,Richmond,REG (Conf),W 67-52,*,39,4,13,.308,1,5,.200,3,8,.375,.346,7,12,.583,1,7,8,7,3,0,5,2,16,11.4,Nicole Cardano-Hillary,https://www.sports-reference.com/cbb/players/nicole-cardano-hillary-1.html,george-mason,2018-19
27,61,27,2019-02-24,George Mason,,Dayton,REG (Conf),W 54-51,*,39,7,19,.368,1,3,.333,6,16,.375,.395,6,8,.750,0,6,6,4,2,0,5,4,21,9.7,Nicole Cardano-Hillary,https://www.sports-reference.com/cbb/players/nicole-cardano-hillary-1.html,george-mason,2018-19
28,62,28,2019-02-27,George Mason,,Saint Joseph's,REG (Conf),W 68-59,*,36,6,18,.333,0,1,.000,6,17,.353,.333,3,4,.750,1,3,4,2,0,0,2,2,15,4.6,Nicole Cardano-Hillary,https://www.sports-reference.com/cbb/players/nicole-cardano-hillary-1.html,george-mason,2018-19
29,63,29,2019-03-02,George Mason,@,La Salle,REG (Conf),L 71-77 (OT),*,43,11,30,.367,2,7,.286,9,23,.391,.400,6,8,.750,3,5,8,0,2,1,5,4,30,12.3,Nicole Cardano-Hillary,https://www.sports-reference.com/cbb/players/nicole-cardano-hillary-1.html,george-mason,2018-19
30,64,30,2019-03-05,George Mason,,Massachusetts,CTOURN,L 80-86 (2OT),*,50,10,35,.286,1,8,.125,9,27,.333,.300,0,0,,1,8,9,1,4,0,4,3,21,3.1,Nicole Cardano-Hillary,https://www.sports-reference.com/cbb/players/nicole-cardano-hillary-1.html,george-mason,2018-19
