ranker,player_game_num_career,team_game_num_season,date,team_name_abbr,game_location,opp_name_abbr,game_type,game_result,is_starter,mp,fg,fga,fg_pct,fg3,fg3a,fg3_pct,fg2,fg2a,fg2_pct,efg_pct,ft,fta,ft_pct,orb,drb,trb,ast,stl,blk,tov,pf,pts,game_score,player_name,player_sr_link,school,season
1,30,1,2020-12-12,Robert Morris,@,Northern Kentucky,REG (Conf),L 33-61,*,16,1,5,.200,0,1,.000,1,4,.250,.200,0,0,,1,1,2,0,0,1,0,2,2,-0.2,Dahomee Forgues,https://www.sports-reference.com/cbb/players/dahomee-forgues-1.html,robert-morris,2020-21
2,31,2,2020-12-13,Robert Morris,@,Northern Kentucky,REG (Conf),L 50-62,*,22,0,6,.000,0,2,.000,0,4,.000,.000,2,2,1.000,1,1,2,1,2,0,0,1,2,1.1,Dahomee Forgues,https://www.sports-reference.com/cbb/players/dahomee-forgues-1.html,robert-morris,2020-21
3,32,3,2020-12-19,Robert Morris,@,Milwaukee,REG (Conf),L 52-64,*,10,2,5,.400,1,3,.333,1,2,.500,.500,0,0,,1,0,1,0,0,0,3,1,5,-0.4,Dahomee Forgues,https://www.sports-reference.com/cbb/players/dahomee-forgues-1.html,robert-morris,2020-21
4,33,4,2020-12-20,Robert Morris,@,Milwaukee,REG (Conf),L 37-56,*,9,0,7,.000,0,1,.000,0,6,.000,.000,0,0,,0,0,0,0,0,0,1,0,0,-5.9,Dahomee Forgues,https://www.sports-reference.com/cbb/players/dahomee-forgues-1.html,robert-morris,2020-21
5,34,5,2021-01-01,Robert Morris,,IUPUI,REG (Conf),L 49-71,,11,1,2,.500,0,1,.000,1,1,1.000,.500,0,0,,0,3,3,0,1,0,3,1,2,-0.5,Dahomee Forgues,https://www.sports-reference.com/cbb/players/dahomee-forgues-1.html,robert-morris,2020-21
6,35,6,2021-01-02,Robert Morris,,IUPUI,REG (Conf),L 53-74,,12,2,5,.400,1,1,1.000,1,4,.250,.500,0,0,,0,2,2,0,0,0,0,1,5,2.5,Dahomee Forgues,https://www.sports-reference.com/cbb/players/dahomee-forgues-1.html,robert-morris,2020-21
7,36,7,2021-01-15,Robert Morris,@,Wright State,REG (Conf),L 48-58,,14,1,5,.200,0,0,,1,5,.200,.200,0,2,.000,0,0,0,0,1,0,1,1,2,-2.3,Dahomee Forgues,https://www.sports-reference.com/cbb/players/dahomee-forgues-1.html,robert-morris,2020-21
8,37,8,2021-01-16,Robert Morris,@,Wright State,REG (Conf),L 51-58,,18,3,8,.375,0,1,.000,3,7,.429,.375,0,0,,2,3,5,1,1,0,3,1,6,2.2,Dahomee Forgues,https://www.sports-reference.com/cbb/players/dahomee-forgues-1.html,robert-morris,2020-21
9,38,9,2021-01-22,Robert Morris,,Wright State,REG (Conf),W 50-43,,17,0,6,.000,0,2,.000,0,4,.000,.000,0,0,,0,2,2,1,0,0,3,2,0,-6.7,Dahomee Forgues,https://www.sports-reference.com/cbb/players/dahomee-forgues-1.html,robert-morris,2020-21
10,39,10,2021-01-23,Robert Morris,,Wright State,REG (Conf),W 68-65,,13,3,7,.429,2,4,.500,1,3,.333,.571,0,0,,0,1,1,1,0,0,0,0,8,5.3,Dahomee Forgues,https://www.sports-reference.com/cbb/players/dahomee-forgues-1.html,robert-morris,2020-21
11,40,11,2021-01-29,Robert Morris,,Youngstown State,REG (Conf),W 61-46,,15,5,10,.500,2,4,.500,3,6,.500,.600,0,0,,0,5,5,1,1,0,0,0,12,10.2,Dahomee Forgues,https://www.sports-reference.com/cbb/players/dahomee-forgues-1.html,robert-morris,2020-21
12,41,12,2021-01-30,Robert Morris,,Youngstown State,REG (Conf),L 64-71,,10,0,4,.000,0,1,.000,0,3,.000,.000,0,0,,0,2,2,1,0,0,0,3,0,-2.7,Dahomee Forgues,https://www.sports-reference.com/cbb/players/dahomee-forgues-1.html,robert-morris,2020-21
13,42,13,2021-02-05,Robert Morris,@,Oakland,REG (Conf),L 71-83,,26,4,7,.571,2,4,.500,2,3,.667,.714,2,2,1.000,0,1,1,5,0,0,1,3,12,10.3,Dahomee Forgues,https://www.sports-reference.com/cbb/players/dahomee-forgues-1.html,robert-morris,2020-21
14,43,14,2021-02-06,Robert Morris,@,Oakland,REG (Conf),L 77-84,,18,2,4,.500,0,0,,2,4,.500,.500,3,4,.750,0,2,2,1,1,0,2,4,7,3.3,Dahomee Forgues,https://www.sports-reference.com/cbb/players/dahomee-forgues-1.html,robert-morris,2020-21
15,44,17,2021-02-25,Robert Morris,@,Northern Kentucky,CTOURN,L 54-68,,5,0,1,.000,0,0,,0,1,.000,.000,0,0,,0,1,1,0,0,0,0,0,0,-0.4,Dahomee Forgues,https://www.sports-reference.com/cbb/players/dahomee-forgues-1.html,robert-morris,2020-21
