ranker,player_game_num_career,team_game_num_season,date,team_name_abbr,game_location,opp_name_abbr,game_type,game_result,is_starter,mp,fg,fga,fg_pct,fg3,fg3a,fg3_pct,fg2,fg2a,fg2_pct,efg_pct,ft,fta,ft_pct,orb,drb,trb,ast,stl,blk,tov,pf,pts,game_score,player_name,player_sr_link,school,season
1,63,1,2020-12-12,Robert Morris,@,Northern Kentucky,REG (Conf),L 33-61,,17,2,7,.286,1,2,.500,1,5,.200,.357,0,0,,1,2,3,0,0,1,0,1,5,2.5,Esther Castedo,https://www.sports-reference.com/cbb/players/esther-castedo-1.html,robert-morris,2020-21
2,64,2,2020-12-13,Robert Morris,@,Northern Kentucky,REG (Conf),L 50-62,,18,3,6,.500,0,1,.000,3,5,.600,.500,0,0,,0,0,0,1,2,0,2,2,6,2.9,Esther Castedo,https://www.sports-reference.com/cbb/players/esther-castedo-1.html,robert-morris,2020-21
3,65,3,2020-12-19,Robert Morris,@,Milwaukee,REG (Conf),L 52-64,,30,5,11,.455,0,3,.000,5,8,.625,.455,2,2,1.000,2,0,2,2,1,0,1,2,12,8.3,Esther Castedo,https://www.sports-reference.com/cbb/players/esther-castedo-1.html,robert-morris,2020-21
4,66,4,2020-12-20,Robert Morris,@,Milwaukee,REG (Conf),L 37-56,,22,1,5,.200,1,1,1.000,0,4,.000,.300,1,2,.500,1,0,1,1,1,0,3,1,4,-0.5,Esther Castedo,https://www.sports-reference.com/cbb/players/esther-castedo-1.html,robert-morris,2020-21
5,67,5,2021-01-01,Robert Morris,,IUPUI,REG (Conf),L 49-71,*,28,4,8,.500,1,3,.333,3,5,.600,.563,0,0,,0,3,3,4,1,0,2,0,9,7.7,Esther Castedo,https://www.sports-reference.com/cbb/players/esther-castedo-1.html,robert-morris,2020-21
6,68,6,2021-01-02,Robert Morris,,IUPUI,REG (Conf),L 53-74,*,28,1,6,.167,1,3,.333,0,3,.000,.250,0,0,,0,2,2,2,1,0,2,4,3,-1.4,Esther Castedo,https://www.sports-reference.com/cbb/players/esther-castedo-1.html,robert-morris,2020-21
7,69,7,2021-01-15,Robert Morris,@,Wright State,REG (Conf),L 48-58,*,26,4,7,.571,0,2,.000,4,5,.800,.571,2,2,1.000,1,3,4,2,0,0,2,1,10,7.3,Esther Castedo,https://www.sports-reference.com/cbb/players/esther-castedo-1.html,robert-morris,2020-21
8,70,8,2021-01-16,Robert Morris,@,Wright State,REG (Conf),L 51-58,*,22,3,7,.429,1,1,1.000,2,6,.333,.500,1,1,1.000,0,1,1,0,0,0,2,3,8,1.4,Esther Castedo,https://www.sports-reference.com/cbb/players/esther-castedo-1.html,robert-morris,2020-21
9,71,9,2021-01-22,Robert Morris,,Wright State,REG (Conf),W 50-43,*,23,2,7,.286,0,4,.000,2,3,.667,.286,0,0,,1,4,5,2,0,0,2,3,4,0.0,Esther Castedo,https://www.sports-reference.com/cbb/players/esther-castedo-1.html,robert-morris,2020-21
10,72,10,2021-01-23,Robert Morris,,Wright State,REG (Conf),W 68-65,*,27,3,9,.333,1,1,1.000,2,8,.250,.389,0,0,,2,3,5,4,1,0,2,0,7,6.0,Esther Castedo,https://www.sports-reference.com/cbb/players/esther-castedo-1.html,robert-morris,2020-21
11,73,11,2021-01-29,Robert Morris,,Youngstown State,REG (Conf),W 61-46,*,25,4,9,.444,3,5,.600,1,4,.250,.611,0,0,,1,3,4,1,1,1,2,1,11,7.9,Esther Castedo,https://www.sports-reference.com/cbb/players/esther-castedo-1.html,robert-morris,2020-21
12,74,12,2021-01-30,Robert Morris,,Youngstown State,REG (Conf),L 64-71,*,31,5,12,.417,1,6,.167,4,6,.667,.458,4,8,.500,3,1,4,1,2,0,1,2,15,10.3,Esther Castedo,https://www.sports-reference.com/cbb/players/esther-castedo-1.html,robert-morris,2020-21
13,75,13,2021-02-05,Robert Morris,@,Oakland,REG (Conf),L 71-83,*,17,4,7,.571,1,1,1.000,3,6,.500,.643,2,2,1.000,2,1,3,2,1,1,2,3,11,9.3,Esther Castedo,https://www.sports-reference.com/cbb/players/esther-castedo-1.html,robert-morris,2020-21
14,76,14,2021-02-06,Robert Morris,@,Oakland,REG (Conf),L 77-84,*,25,4,10,.400,0,2,.000,4,8,.500,.400,2,2,1.000,1,1,2,3,1,1,2,0,10,7.4,Esther Castedo,https://www.sports-reference.com/cbb/players/esther-castedo-1.html,robert-morris,2020-21
15,77,15,2021-02-19,Robert Morris,@,Purdue Fort Wayne,REG (Conf),L 67-71,*,29,3,9,.333,0,2,.000,3,7,.429,.333,3,4,.750,2,3,5,3,0,0,0,3,9,6.7,Esther Castedo,https://www.sports-reference.com/cbb/players/esther-castedo-1.html,robert-morris,2020-21
16,78,16,2021-02-20,Robert Morris,@,Purdue Fort Wayne,REG (Conf),W 77-63,*,31,3,7,.429,2,4,.500,1,3,.333,.571,3,4,.750,1,3,4,2,1,0,2,1,11,8.5,Esther Castedo,https://www.sports-reference.com/cbb/players/esther-castedo-1.html,robert-morris,2020-21
17,79,17,2021-02-25,Robert Morris,@,Northern Kentucky,CTOURN,L 54-68,*,35,8,16,.500,1,6,.167,7,10,.700,.531,4,5,.800,0,3,3,2,3,0,1,3,21,15.7,Esther Castedo,https://www.sports-reference.com/cbb/players/esther-castedo-1.html,robert-morris,2020-21
