ranker,player_game_num_career,team_game_num_season,date,team_name_abbr,game_location,opp_name_abbr,game_type,game_result,is_starter,mp,fg,fga,fg_pct,fg3,fg3a,fg3_pct,fg2,fg2a,fg2_pct,efg_pct,ft,fta,ft_pct,orb,drb,trb,ast,stl,blk,tov,pf,pts,game_score,player_name,player_sr_link,school,season
1,31,1,2020-12-12,Robert Morris,@,Northern Kentucky,REG (Conf),L 33-61,*,21,2,6,.333,0,0,,2,6,.333,.333,0,0,,2,2,4,1,1,0,0,4,4,2.7,Holly Forbes,https://www.sports-reference.com/cbb/players/holly-forbes-1.html,robert-morris,2020-21
2,32,2,2020-12-13,Robert Morris,@,Northern Kentucky,REG (Conf),L 50-62,*,24,3,4,.750,0,0,,3,4,.750,.750,2,2,1.000,0,2,2,0,1,0,2,3,8,4.8,Holly Forbes,https://www.sports-reference.com/cbb/players/holly-forbes-1.html,robert-morris,2020-21
3,33,3,2020-12-19,Robert Morris,@,Milwaukee,REG (Conf),L 52-64,*,30,0,0,,0,0,,0,0,,,3,4,.750,1,3,4,0,0,1,4,0,3,0.9,Holly Forbes,https://www.sports-reference.com/cbb/players/holly-forbes-1.html,robert-morris,2020-21
4,34,4,2020-12-20,Robert Morris,@,Milwaukee,REG (Conf),L 37-56,*,18,0,6,.000,0,1,.000,0,5,.000,.000,1,2,.500,1,2,3,0,1,0,2,4,1,-4.9,Holly Forbes,https://www.sports-reference.com/cbb/players/holly-forbes-1.html,robert-morris,2020-21
5,35,5,2021-01-01,Robert Morris,,IUPUI,REG (Conf),L 49-71,*,30,3,8,.375,0,1,.000,3,7,.429,.375,2,2,1.000,3,4,7,0,2,0,1,3,8,6.7,Holly Forbes,https://www.sports-reference.com/cbb/players/holly-forbes-1.html,robert-morris,2020-21
6,36,6,2021-01-02,Robert Morris,,IUPUI,REG (Conf),L 53-74,*,21,1,4,.250,0,0,,1,4,.250,.250,0,2,.000,3,3,6,1,0,0,1,4,2,-0.1,Holly Forbes,https://www.sports-reference.com/cbb/players/holly-forbes-1.html,robert-morris,2020-21
7,37,7,2021-01-15,Robert Morris,@,Wright State,REG (Conf),L 48-58,*,18,2,5,.400,0,0,,2,5,.400,.400,4,4,1.000,4,3,7,0,0,0,2,4,8,5.4,Holly Forbes,https://www.sports-reference.com/cbb/players/holly-forbes-1.html,robert-morris,2020-21
8,38,8,2021-01-16,Robert Morris,@,Wright State,REG (Conf),L 51-58,*,25,2,4,.500,0,2,.000,2,2,1.000,.500,0,0,,1,3,4,0,0,0,0,4,4,2.0,Holly Forbes,https://www.sports-reference.com/cbb/players/holly-forbes-1.html,robert-morris,2020-21
9,39,9,2021-01-22,Robert Morris,,Wright State,REG (Conf),W 50-43,*,18,3,4,.750,0,0,,3,4,.750,.750,0,0,,4,1,5,1,0,0,2,5,6,4.2,Holly Forbes,https://www.sports-reference.com/cbb/players/holly-forbes-1.html,robert-morris,2020-21
10,40,10,2021-01-23,Robert Morris,,Wright State,REG (Conf),W 68-65,*,30,2,6,.333,0,1,.000,2,5,.400,.333,1,2,.500,1,6,7,1,2,0,1,2,5,4.6,Holly Forbes,https://www.sports-reference.com/cbb/players/holly-forbes-1.html,robert-morris,2020-21
11,41,11,2021-01-29,Robert Morris,,Youngstown State,REG (Conf),W 61-46,*,20,3,8,.375,0,2,.000,3,6,.500,.375,0,0,,2,4,6,0,2,0,3,4,6,1.6,Holly Forbes,https://www.sports-reference.com/cbb/players/holly-forbes-1.html,robert-morris,2020-21
12,42,12,2021-01-30,Robert Morris,,Youngstown State,REG (Conf),L 64-71,*,17,1,5,.200,1,3,.333,0,2,.000,.300,0,0,,1,0,1,3,0,0,0,4,3,1.1,Holly Forbes,https://www.sports-reference.com/cbb/players/holly-forbes-1.html,robert-morris,2020-21
13,43,13,2021-02-05,Robert Morris,@,Oakland,REG (Conf),L 71-83,*,33,2,5,.400,0,1,.000,2,4,.500,.400,5,7,.714,1,4,5,2,3,0,0,2,9,11.0,Holly Forbes,https://www.sports-reference.com/cbb/players/holly-forbes-1.html,robert-morris,2020-21
14,44,14,2021-02-06,Robert Morris,@,Oakland,REG (Conf),L 77-84,*,17,2,4,.500,0,1,.000,2,3,.667,.500,2,2,1.000,2,1,3,1,1,0,0,5,6,5.4,Holly Forbes,https://www.sports-reference.com/cbb/players/holly-forbes-1.html,robert-morris,2020-21
15,45,15,2021-02-19,Robert Morris,@,Purdue Fort Wayne,REG (Conf),L 67-71,*,33,7,13,.538,0,0,,7,13,.538,.538,0,0,,5,0,5,1,2,0,0,4,14,12.3,Holly Forbes,https://www.sports-reference.com/cbb/players/holly-forbes-1.html,robert-morris,2020-21
16,46,16,2021-02-20,Robert Morris,@,Purdue Fort Wayne,REG (Conf),W 77-63,*,33,7,13,.538,0,1,.000,7,12,.583,.538,2,2,1.000,2,3,5,1,0,0,1,2,16,10.9,Holly Forbes,https://www.sports-reference.com/cbb/players/holly-forbes-1.html,robert-morris,2020-21
17,47,17,2021-02-25,Robert Morris,@,Northern Kentucky,CTOURN,L 54-68,*,19,0,1,.000,0,0,,0,1,.000,.000,4,6,.667,1,2,3,0,1,0,0,3,4,3.6,Holly Forbes,https://www.sports-reference.com/cbb/players/holly-forbes-1.html,robert-morris,2020-21
