ranker,player_game_num_career,team_game_num_season,date,team_name_abbr,game_location,opp_name_abbr,game_type,game_result,is_starter,mp,fg,fga,fg_pct,fg3,fg3a,fg3_pct,fg2,fg2a,fg2_pct,efg_pct,ft,fta,orb,drb,trb,ast,stl,blk,tov,pf,pts,game_score,player_name,player_sr_link,school,season
1,95,1,2020-12-12,Robert Morris,@,Northern Kentucky,REG (Conf),L 33-61,,20,1,8,.125,0,6,.000,1,2,.500,.125,0,0,0,1,1,3,0,0,2,1,2,-3.2,Honoka Ikematsu,https://www.sports-reference.com/cbb/players/honoka-ikematsu-1.html,robert-morris,2020-21
2,96,2,2020-12-13,Robert Morris,@,Northern Kentucky,REG (Conf),L 50-62,,15,0,4,.000,0,4,.000,0,0,,.000,0,0,0,0,0,3,0,0,2,1,0,-3.1,Honoka Ikematsu,https://www.sports-reference.com/cbb/players/honoka-ikematsu-1.html,robert-morris,2020-21
3,97,3,2020-12-19,Robert Morris,@,Milwaukee,REG (Conf),L 52-64,,6,0,2,.000,0,2,.000,0,0,,.000,0,0,0,0,0,1,0,0,1,2,0,-2.5,Honoka Ikematsu,https://www.sports-reference.com/cbb/players/honoka-ikematsu-1.html,robert-morris,2020-21
4,98,4,2020-12-20,Robert Morris,@,Milwaukee,REG (Conf),L 37-56,,6,0,2,.000,0,1,.000,0,1,.000,.000,0,0,0,0,0,0,0,0,1,1,0,-2.8,Honoka Ikematsu,https://www.sports-reference.com/cbb/players/honoka-ikematsu-1.html,robert-morris,2020-21
5,99,5,2021-01-01,Robert Morris,,IUPUI,REG (Conf),L 49-71,,13,1,5,.200,1,4,.250,0,1,.000,.300,0,0,0,0,0,0,1,1,1,0,3,0.6,Honoka Ikematsu,https://www.sports-reference.com/cbb/players/honoka-ikematsu-1.html,robert-morris,2020-21
6,100,6,2021-01-02,Robert Morris,,IUPUI,REG (Conf),L 53-74,,11,1,3,.333,1,2,.500,0,1,.000,.500,0,0,0,0,0,2,0,0,2,1,3,0.3,Honoka Ikematsu,https://www.sports-reference.com/cbb/players/honoka-ikematsu-1.html,robert-morris,2020-21
7,101,15,2021-02-19,Robert Morris,@,Purdue Fort Wayne,REG (Conf),L 67-71,,10,0,1,.000,0,1,.000,0,0,,.000,0,0,0,0,0,0,1,0,0,0,0,0.3,Honoka Ikematsu,https://www.sports-reference.com/cbb/players/honoka-ikematsu-1.html,robert-morris,2020-21
8,102,16,2021-02-20,Robert Morris,@,Purdue Fort Wayne,REG (Conf),W 77-63,,4,0,0,,0,0,,0,0,,,0,0,0,1,1,0,0,0,0,0,0,0.3,Honoka Ikematsu,https://www.sports-reference.com/cbb/players/honoka-ikematsu-1.html,robert-morris,2020-21
9,103,17,2021-02-25,Robert Morris,@,Northern Kentucky,CTOURN,L 54-68,,0,0,1,.000,0,1,.000,0,0,,.000,0,0,0,0,0,0,0,0,0,0,0,-0.7,Honoka Ikematsu,https://www.sports-reference.com/cbb/players/honoka-ikematsu-1.html,robert-morris,2020-21
