ranker,player_game_num_career,team_game_num_season,date,team_name_abbr,game_location,opp_name_abbr,game_type,game_result,is_starter,mp,fg,fga,fg_pct,fg3,fg3a,fg3_pct,fg2,fg2a,fg2_pct,efg_pct,ft,fta,ft_pct,orb,drb,trb,ast,stl,blk,tov,pf,pts,game_score,player_name,player_sr_link,school,season
1,64,1,2020-12-12,Robert Morris,@,Northern Kentucky,REG (Conf),L 33-61,*,21,3,8,.375,0,2,.000,3,6,.500,.375,0,0,,0,5,5,1,4,0,1,2,6,6.0,Isabella Posset,https://www.sports-reference.com/cbb/players/isabella-posset-1.html,robert-morris,2020-21
2,65,2,2020-12-13,Robert Morris,@,Northern Kentucky,REG (Conf),L 50-62,*,24,1,5,.200,0,0,,1,5,.200,.200,0,0,,1,2,3,0,3,1,0,3,2,2.7,Isabella Posset,https://www.sports-reference.com/cbb/players/isabella-posset-1.html,robert-morris,2020-21
3,66,3,2020-12-19,Robert Morris,@,Milwaukee,REG (Conf),L 52-64,*,20,1,5,.200,0,2,.000,1,3,.333,.200,0,0,,0,2,2,2,1,0,3,5,2,-3.1,Isabella Posset,https://www.sports-reference.com/cbb/players/isabella-posset-1.html,robert-morris,2020-21
4,67,4,2020-12-20,Robert Morris,@,Milwaukee,REG (Conf),L 37-56,*,21,0,2,.000,0,0,,0,2,.000,.000,0,2,.000,1,5,6,1,0,0,3,4,0,-3.9,Isabella Posset,https://www.sports-reference.com/cbb/players/isabella-posset-1.html,robert-morris,2020-21
