ranker,player_game_num_career,team_game_num_season,date,team_name_abbr,game_location,opp_name_abbr,game_type,game_result,is_starter,mp,fg,fga,fg_pct,fg3,fg3a,fg3_pct,fg2,fg2a,fg2_pct,efg_pct,ft,fta,ft_pct,orb,drb,trb,ast,stl,blk,tov,pf,pts,game_score,player_name,player_sr_link,school,season
1,91,1,2020-12-12,Robert Morris,@,Northern Kentucky,REG (Conf),L 33-61,,7,0,3,.000,0,1,.000,0,2,.000,.000,0,0,,1,2,3,1,1,0,0,0,0,0.9,Laura Carrasco,https://www.sports-reference.com/cbb/players/laura-carrasco-1.html,robert-morris,2020-21
2,92,2,2020-12-13,Robert Morris,@,Northern Kentucky,REG (Conf),L 50-62,,3,0,1,.000,0,1,.000,0,0,,.000,0,0,,0,0,0,0,0,0,0,0,0,-0.7,Laura Carrasco,https://www.sports-reference.com/cbb/players/laura-carrasco-1.html,robert-morris,2020-21
3,93,4,2020-12-20,Robert Morris,@,Milwaukee,REG (Conf),L 37-56,,15,0,4,.000,0,3,.000,0,1,.000,.000,4,4,1.000,1,0,1,0,0,0,2,3,4,-1.3,Laura Carrasco,https://www.sports-reference.com/cbb/players/laura-carrasco-1.html,robert-morris,2020-21
4,94,5,2021-01-01,Robert Morris,,IUPUI,REG (Conf),L 49-71,,14,1,4,.250,0,2,.000,1,2,.500,.250,0,0,,0,1,1,0,2,0,0,0,2,1.9,Laura Carrasco,https://www.sports-reference.com/cbb/players/laura-carrasco-1.html,robert-morris,2020-21
5,95,6,2021-01-02,Robert Morris,,IUPUI,REG (Conf),L 53-74,,20,1,5,.200,0,3,.000,1,2,.500,.200,2,2,1.000,0,0,0,3,1,0,0,0,4,4.0,Laura Carrasco,https://www.sports-reference.com/cbb/players/laura-carrasco-1.html,robert-morris,2020-21
6,96,7,2021-01-15,Robert Morris,@,Wright State,REG (Conf),L 48-58,,18,1,3,.333,1,1,1.000,0,2,.000,.500,0,0,,0,0,0,1,1,0,2,1,3,0.6,Laura Carrasco,https://www.sports-reference.com/cbb/players/laura-carrasco-1.html,robert-morris,2020-21
7,97,8,2021-01-16,Robert Morris,@,Wright State,REG (Conf),L 51-58,,19,2,4,.500,0,2,.000,2,2,1.000,.500,1,2,.500,1,1,2,1,2,0,3,0,5,3.3,Laura Carrasco,https://www.sports-reference.com/cbb/players/laura-carrasco-1.html,robert-morris,2020-21
8,98,9,2021-01-22,Robert Morris,,Wright State,REG (Conf),W 50-43,,13,1,1,1.000,0,0,,1,1,1.000,1.000,0,0,,0,1,1,0,0,0,0,0,2,2.0,Laura Carrasco,https://www.sports-reference.com/cbb/players/laura-carrasco-1.html,robert-morris,2020-21
9,99,10,2021-01-23,Robert Morris,,Wright State,REG (Conf),W 68-65,,6,0,1,.000,0,0,,0,1,.000,.000,0,0,,0,0,0,0,0,0,1,0,0,-1.7,Laura Carrasco,https://www.sports-reference.com/cbb/players/laura-carrasco-1.html,robert-morris,2020-21
10,100,11,2021-01-29,Robert Morris,,Youngstown State,REG (Conf),W 61-46,,11,2,6,.333,1,4,.250,1,2,.500,.417,0,0,,0,2,2,2,0,0,0,0,5,3.6,Laura Carrasco,https://www.sports-reference.com/cbb/players/laura-carrasco-1.html,robert-morris,2020-21
11,101,12,2021-01-30,Robert Morris,,Youngstown State,REG (Conf),L 64-71,,7,1,2,.500,0,0,,1,2,.500,.500,0,0,,0,0,0,0,0,0,0,0,2,1.0,Laura Carrasco,https://www.sports-reference.com/cbb/players/laura-carrasco-1.html,robert-morris,2020-21
12,102,13,2021-02-05,Robert Morris,@,Oakland,REG (Conf),L 71-83,,12,2,4,.500,1,1,1.000,1,3,.333,.625,0,0,,1,0,1,2,0,0,1,2,5,3.3,Laura Carrasco,https://www.sports-reference.com/cbb/players/laura-carrasco-1.html,robert-morris,2020-21
13,103,14,2021-02-06,Robert Morris,@,Oakland,REG (Conf),L 77-84,,13,0,0,,0,0,,0,0,,,0,0,,0,0,0,2,2,0,2,2,0,0.6,Laura Carrasco,https://www.sports-reference.com/cbb/players/laura-carrasco-1.html,robert-morris,2020-21
14,104,15,2021-02-19,Robert Morris,@,Purdue Fort Wayne,REG (Conf),L 67-71,,11,0,1,.000,0,1,.000,0,0,,.000,0,0,,1,1,2,3,0,0,0,0,0,2.4,Laura Carrasco,https://www.sports-reference.com/cbb/players/laura-carrasco-1.html,robert-morris,2020-21
15,105,16,2021-02-20,Robert Morris,@,Purdue Fort Wayne,REG (Conf),W 77-63,,12,1,3,.333,0,2,.000,1,1,1.000,.333,0,0,,0,1,1,2,1,1,0,3,2,2.5,Laura Carrasco,https://www.sports-reference.com/cbb/players/laura-carrasco-1.html,robert-morris,2020-21
16,106,17,2021-02-25,Robert Morris,@,Northern Kentucky,CTOURN,L 54-68,,19,1,2,.500,0,1,.000,1,1,1.000,.500,0,0,,1,1,2,0,1,0,1,1,2,1.6,Laura Carrasco,https://www.sports-reference.com/cbb/players/laura-carrasco-1.html,robert-morris,2020-21
