ranker,player_game_num_career,team_game_num_season,date,team_name_abbr,game_location,opp_name_abbr,game_type,game_result,is_starter,mp,fg,fga,fg_pct,fg3,fg3a,fg3_pct,fg2,fg2a,fg2_pct,efg_pct,ft,fta,ft_pct,orb,drb,trb,ast,stl,blk,tov,pf,pts,game_score,player_name,player_sr_link,school,season
1,1,1,2020-12-12,Robert Morris,@,Northern Kentucky,REG (Conf),L 33-61,,3,0,1,.000,0,1,.000,0,0,,.000,0,0,,0,1,1,0,0,0,0,0,0,-0.4,Mackenzie Amalia,https://www.sports-reference.com/cbb/players/mackenzie-amalia-1.html,robert-morris,2020-21
2,2,4,2020-12-20,Robert Morris,@,Milwaukee,REG (Conf),L 37-56,,5,0,3,.000,0,3,.000,0,0,,.000,0,0,,0,0,0,0,1,0,1,0,0,-2.1,Mackenzie Amalia,https://www.sports-reference.com/cbb/players/mackenzie-amalia-1.html,robert-morris,2020-21
3,3,5,2021-01-01,Robert Morris,,IUPUI,REG (Conf),L 49-71,,8,0,0,,0,0,,0,0,,,1,2,.500,0,1,1,0,0,0,0,0,1,0.9,Mackenzie Amalia,https://www.sports-reference.com/cbb/players/mackenzie-amalia-1.html,robert-morris,2020-21
4,4,6,2021-01-02,Robert Morris,,IUPUI,REG (Conf),L 53-74,,5,1,1,1.000,1,1,1.000,0,0,,1.500,0,0,,0,0,0,0,0,0,0,1,3,2.3,Mackenzie Amalia,https://www.sports-reference.com/cbb/players/mackenzie-amalia-1.html,robert-morris,2020-21
5,5,7,2021-01-15,Robert Morris,@,Wright State,REG (Conf),L 48-58,,14,1,4,.250,1,2,.500,0,2,.000,.375,0,0,,0,4,4,1,0,0,1,1,3,1.1,Mackenzie Amalia,https://www.sports-reference.com/cbb/players/mackenzie-amalia-1.html,robert-morris,2020-21
6,6,8,2021-01-16,Robert Morris,@,Wright State,REG (Conf),L 51-58,,11,2,7,.286,2,6,.333,0,1,.000,.429,0,0,,0,2,2,1,0,0,2,2,6,0.4,Mackenzie Amalia,https://www.sports-reference.com/cbb/players/mackenzie-amalia-1.html,robert-morris,2020-21
7,7,9,2021-01-22,Robert Morris,,Wright State,REG (Conf),W 50-43,,13,2,5,.400,2,4,.500,0,1,.000,.600,0,0,,1,1,2,0,0,0,1,0,6,3.3,Mackenzie Amalia,https://www.sports-reference.com/cbb/players/mackenzie-amalia-1.html,robert-morris,2020-21
8,8,10,2021-01-23,Robert Morris,,Wright State,REG (Conf),W 68-65,,10,0,2,.000,0,2,.000,0,0,,.000,0,0,,0,0,0,0,0,0,2,1,0,-3.8,Mackenzie Amalia,https://www.sports-reference.com/cbb/players/mackenzie-amalia-1.html,robert-morris,2020-21
9,9,11,2021-01-29,Robert Morris,,Youngstown State,REG (Conf),W 61-46,,8,0,1,.000,0,1,.000,0,0,,.000,0,0,,0,1,1,1,0,0,0,0,0,0.3,Mackenzie Amalia,https://www.sports-reference.com/cbb/players/mackenzie-amalia-1.html,robert-morris,2020-21
10,10,12,2021-01-30,Robert Morris,,Youngstown State,REG (Conf),L 64-71,,12,1,2,.500,1,2,.500,0,0,,.750,0,0,,0,1,1,1,0,0,0,1,3,2.6,Mackenzie Amalia,https://www.sports-reference.com/cbb/players/mackenzie-amalia-1.html,robert-morris,2020-21
11,11,13,2021-02-05,Robert Morris,@,Oakland,REG (Conf),L 71-83,,11,0,3,.000,0,1,.000,0,2,.000,.000,0,0,,1,3,4,1,1,0,3,0,0,-1.8,Mackenzie Amalia,https://www.sports-reference.com/cbb/players/mackenzie-amalia-1.html,robert-morris,2020-21
12,12,14,2021-02-06,Robert Morris,@,Oakland,REG (Conf),L 77-84,,22,3,7,.429,2,4,.500,1,3,.333,.571,0,1,.000,0,4,4,1,0,0,1,3,8,3.6,Mackenzie Amalia,https://www.sports-reference.com/cbb/players/mackenzie-amalia-1.html,robert-morris,2020-21
13,13,15,2021-02-19,Robert Morris,@,Purdue Fort Wayne,REG (Conf),L 67-71,,29,8,12,.667,4,7,.571,4,5,.800,.833,2,2,1.000,0,4,4,2,1,0,1,1,22,19.0,Mackenzie Amalia,https://www.sports-reference.com/cbb/players/mackenzie-amalia-1.html,robert-morris,2020-21
14,14,16,2021-02-20,Robert Morris,@,Purdue Fort Wayne,REG (Conf),W 77-63,,20,0,7,.000,0,3,.000,0,4,.000,.000,0,0,,0,1,1,2,1,0,0,0,0,-2.2,Mackenzie Amalia,https://www.sports-reference.com/cbb/players/mackenzie-amalia-1.html,robert-morris,2020-21
15,15,17,2021-02-25,Robert Morris,@,Northern Kentucky,CTOURN,L 54-68,,6,0,1,.000,0,1,.000,0,0,,.000,0,0,,0,1,1,0,0,0,0,1,0,-0.8,Mackenzie Amalia,https://www.sports-reference.com/cbb/players/mackenzie-amalia-1.html,robert-morris,2020-21
