ranker,player_game_num_career,team_game_num_season,date,team_name_abbr,game_location,opp_name_abbr,game_type,game_result,is_starter,mp,fg,fga,fg_pct,fg3,fg3a,fg3_pct,fg2,fg2a,fg2_pct,efg_pct,ft,fta,ft_pct,orb,drb,trb,ast,stl,blk,tov,pf,pts,game_score,player_name,player_sr_link,school,season
1,73,1,2020-12-12,Robert Morris,@,Northern Kentucky,REG (Conf),L 33-61,,19,2,7,.286,2,4,.500,0,3,.000,.429,0,0,,2,0,2,0,3,0,1,0,6,5.3,Megan Callahan,https://www.sports-reference.com/cbb/players/megan-callahan-1.html,robert-morris,2020-21
2,74,2,2020-12-13,Robert Morris,@,Northern Kentucky,REG (Conf),L 50-62,,13,3,4,.750,3,3,1.000,0,1,.000,1.125,0,0,,0,1,1,1,1,0,0,0,9,9.4,Megan Callahan,https://www.sports-reference.com/cbb/players/megan-callahan-1.html,robert-morris,2020-21
3,75,3,2020-12-19,Robert Morris,@,Milwaukee,REG (Conf),L 52-64,,20,0,5,.000,0,2,.000,0,3,.000,.000,0,0,,0,0,0,0,0,0,1,2,0,-5.3,Megan Callahan,https://www.sports-reference.com/cbb/players/megan-callahan-1.html,robert-morris,2020-21
4,76,4,2020-12-20,Robert Morris,@,Milwaukee,REG (Conf),L 37-56,,14,1,3,.333,1,3,.333,0,0,,.500,1,2,.500,0,1,1,0,1,0,1,1,4,1.8,Megan Callahan,https://www.sports-reference.com/cbb/players/megan-callahan-1.html,robert-morris,2020-21
5,77,5,2021-01-01,Robert Morris,,IUPUI,REG (Conf),L 49-71,*,27,2,6,.333,2,5,.400,0,1,.000,.500,0,0,,0,2,2,1,0,0,2,0,6,1.9,Megan Callahan,https://www.sports-reference.com/cbb/players/megan-callahan-1.html,robert-morris,2020-21
6,78,6,2021-01-02,Robert Morris,,IUPUI,REG (Conf),L 53-74,*,20,2,3,.667,0,0,,2,3,.667,.667,0,1,.000,0,0,0,0,0,0,0,3,4,1.1,Megan Callahan,https://www.sports-reference.com/cbb/players/megan-callahan-1.html,robert-morris,2020-21
7,79,7,2021-01-15,Robert Morris,@,Wright State,REG (Conf),L 48-58,*,22,1,3,.333,1,2,.500,0,1,.000,.500,1,2,.500,0,2,2,0,0,0,2,1,4,0.1,Megan Callahan,https://www.sports-reference.com/cbb/players/megan-callahan-1.html,robert-morris,2020-21
8,80,8,2021-01-16,Robert Morris,@,Wright State,REG (Conf),L 51-58,*,21,1,5,.200,0,4,.000,1,1,1.000,.200,0,0,,0,5,5,2,1,0,1,1,2,1.4,Megan Callahan,https://www.sports-reference.com/cbb/players/megan-callahan-1.html,robert-morris,2020-21
9,81,9,2021-01-22,Robert Morris,,Wright State,REG (Conf),W 50-43,*,27,2,8,.250,2,3,.667,0,5,.000,.375,1,2,.500,1,1,2,3,3,0,2,2,7,5.1,Megan Callahan,https://www.sports-reference.com/cbb/players/megan-callahan-1.html,robert-morris,2020-21
10,82,10,2021-01-23,Robert Morris,,Wright State,REG (Conf),W 68-65,*,34,3,8,.375,3,8,.375,0,0,,.563,1,2,.500,0,0,0,5,1,0,0,2,10,8.9,Megan Callahan,https://www.sports-reference.com/cbb/players/megan-callahan-1.html,robert-morris,2020-21
11,83,11,2021-01-29,Robert Morris,,Youngstown State,REG (Conf),W 61-46,*,29,4,9,.444,0,1,.000,4,8,.500,.444,0,0,,1,1,2,0,2,0,2,1,8,3.9,Megan Callahan,https://www.sports-reference.com/cbb/players/megan-callahan-1.html,robert-morris,2020-21
12,84,12,2021-01-30,Robert Morris,,Youngstown State,REG (Conf),L 64-71,*,32,3,8,.375,0,3,.000,3,5,.600,.375,0,0,,0,0,0,1,2,0,1,3,6,2.1,Megan Callahan,https://www.sports-reference.com/cbb/players/megan-callahan-1.html,robert-morris,2020-21
13,85,13,2021-02-05,Robert Morris,@,Oakland,REG (Conf),L 71-83,*,24,3,6,.500,1,3,.333,2,3,.667,.583,0,1,.000,1,1,2,3,0,0,0,2,7,5.9,Megan Callahan,https://www.sports-reference.com/cbb/players/megan-callahan-1.html,robert-morris,2020-21
14,86,14,2021-02-06,Robert Morris,@,Oakland,REG (Conf),L 77-84,*,24,4,9,.444,2,6,.333,2,3,.667,.556,2,2,1.000,0,4,4,1,3,0,3,1,12,8.8,Megan Callahan,https://www.sports-reference.com/cbb/players/megan-callahan-1.html,robert-morris,2020-21
15,87,15,2021-02-19,Robert Morris,@,Purdue Fort Wayne,REG (Conf),L 67-71,*,30,1,10,.100,0,3,.000,1,7,.143,.100,0,0,,2,5,7,1,1,0,2,4,2,-3.6,Megan Callahan,https://www.sports-reference.com/cbb/players/megan-callahan-1.html,robert-morris,2020-21
16,88,16,2021-02-20,Robert Morris,@,Purdue Fort Wayne,REG (Conf),W 77-63,*,30,4,7,.571,1,1,1.000,3,6,.500,.643,1,1,1.000,0,2,2,1,2,0,2,3,10,6.8,Megan Callahan,https://www.sports-reference.com/cbb/players/megan-callahan-1.html,robert-morris,2020-21
17,89,17,2021-02-25,Robert Morris,@,Northern Kentucky,CTOURN,L 54-68,*,21,1,4,.250,1,3,.333,0,1,.000,.375,3,4,.750,0,2,2,0,0,1,2,4,6,0.9,Megan Callahan,https://www.sports-reference.com/cbb/players/megan-callahan-1.html,robert-morris,2020-21
