ranker,player_game_num_career,team_game_num_season,date,team_name_abbr,game_location,opp_name_abbr,game_type,game_result,is_starter,mp,fg,fga,fg_pct,fg3,fg3a,fg3_pct,fg2,fg2a,fg2_pct,efg_pct,ft,fta,ft_pct,orb,drb,trb,ast,stl,blk,tov,pf,pts,game_score,player_name,player_sr_link,school,season
1,64,1,2020-12-12,Robert Morris,@,Northern Kentucky,REG (Conf),L 33-61,,12,1,3,.333,0,0,,1,3,.333,.333,0,0,,2,4,6,0,0,0,0,2,2,2.1,Natalie Villaflor,https://www.sports-reference.com/cbb/players/natalie-villaflor-1.html,robert-morris,2020-21
2,65,2,2020-12-13,Robert Morris,@,Northern Kentucky,REG (Conf),L 50-62,,18,2,4,.500,1,1,1.000,1,3,.333,.625,0,0,,0,1,1,0,1,0,0,0,5,4.3,Natalie Villaflor,https://www.sports-reference.com/cbb/players/natalie-villaflor-1.html,robert-morris,2020-21
3,66,3,2020-12-19,Robert Morris,@,Milwaukee,REG (Conf),L 52-64,,11,3,5,.600,1,1,1.000,2,4,.500,.700,2,2,1.000,2,3,5,0,0,0,1,4,9,6.4,Natalie Villaflor,https://www.sports-reference.com/cbb/players/natalie-villaflor-1.html,robert-morris,2020-21
4,67,4,2020-12-20,Robert Morris,@,Milwaukee,REG (Conf),L 37-56,,13,1,1,1.000,0,0,,1,1,1.000,1.000,1,1,1.000,3,1,4,0,0,1,1,2,3,4.0,Natalie Villaflor,https://www.sports-reference.com/cbb/players/natalie-villaflor-1.html,robert-morris,2020-21
5,68,5,2021-01-01,Robert Morris,,IUPUI,REG (Conf),L 49-71,,16,0,4,.000,0,2,.000,0,2,.000,.000,0,0,,0,1,1,1,0,1,0,1,0,-1.5,Natalie Villaflor,https://www.sports-reference.com/cbb/players/natalie-villaflor-1.html,robert-morris,2020-21
6,69,6,2021-01-02,Robert Morris,,IUPUI,REG (Conf),L 53-74,,14,3,7,.429,1,4,.250,2,3,.667,.500,0,0,,1,1,2,0,1,0,1,1,7,3.9,Natalie Villaflor,https://www.sports-reference.com/cbb/players/natalie-villaflor-1.html,robert-morris,2020-21
7,70,7,2021-01-15,Robert Morris,@,Wright State,REG (Conf),L 48-58,,9,2,3,.667,0,0,,2,3,.667,.667,0,0,,2,0,2,0,0,0,1,1,4,2.7,Natalie Villaflor,https://www.sports-reference.com/cbb/players/natalie-villaflor-1.html,robert-morris,2020-21
8,71,8,2021-01-16,Robert Morris,@,Wright State,REG (Conf),L 51-58,,17,2,8,.250,0,0,,2,8,.250,.250,0,0,,1,2,3,1,1,0,0,3,4,1.0,Natalie Villaflor,https://www.sports-reference.com/cbb/players/natalie-villaflor-1.html,robert-morris,2020-21
9,72,9,2021-01-22,Robert Morris,,Wright State,REG (Conf),W 50-43,,11,0,3,.000,0,0,,0,3,.000,.000,0,0,,0,2,2,0,0,0,0,0,0,-1.5,Natalie Villaflor,https://www.sports-reference.com/cbb/players/natalie-villaflor-1.html,robert-morris,2020-21
10,73,10,2021-01-23,Robert Morris,,Wright State,REG (Conf),W 68-65,,4,0,0,,0,0,,0,0,,,0,0,,0,0,0,0,0,0,0,0,0,0.0,Natalie Villaflor,https://www.sports-reference.com/cbb/players/natalie-villaflor-1.html,robert-morris,2020-21
11,74,11,2021-01-29,Robert Morris,,Youngstown State,REG (Conf),W 61-46,,9,1,3,.333,1,2,.500,0,1,.000,.500,0,0,,1,0,1,0,0,0,0,0,3,2.0,Natalie Villaflor,https://www.sports-reference.com/cbb/players/natalie-villaflor-1.html,robert-morris,2020-21
12,75,12,2021-01-30,Robert Morris,,Youngstown State,REG (Conf),L 64-71,,5,2,2,1.000,0,0,,2,2,1.000,1.000,0,0,,0,0,0,0,0,0,0,2,4,2.6,Natalie Villaflor,https://www.sports-reference.com/cbb/players/natalie-villaflor-1.html,robert-morris,2020-21
13,76,13,2021-02-05,Robert Morris,@,Oakland,REG (Conf),L 71-83,,8,0,1,.000,0,0,,0,1,.000,.000,0,0,,0,1,1,0,0,0,0,1,0,-0.8,Natalie Villaflor,https://www.sports-reference.com/cbb/players/natalie-villaflor-1.html,robert-morris,2020-21
14,77,14,2021-02-06,Robert Morris,@,Oakland,REG (Conf),L 77-84,,25,2,6,.333,0,1,.000,2,5,.400,.333,4,7,.571,0,6,6,1,2,0,3,3,8,3.7,Natalie Villaflor,https://www.sports-reference.com/cbb/players/natalie-villaflor-1.html,robert-morris,2020-21
15,78,15,2021-02-19,Robert Morris,@,Purdue Fort Wayne,REG (Conf),L 67-71,,19,0,5,.000,0,0,,0,5,.000,.000,1,2,.500,4,4,8,0,0,0,2,1,1,-1.3,Natalie Villaflor,https://www.sports-reference.com/cbb/players/natalie-villaflor-1.html,robert-morris,2020-21
16,79,16,2021-02-20,Robert Morris,@,Purdue Fort Wayne,REG (Conf),W 77-63,,9,3,4,.750,0,0,,3,4,.750,.750,3,4,.750,1,3,4,0,0,1,1,1,9,7.9,Natalie Villaflor,https://www.sports-reference.com/cbb/players/natalie-villaflor-1.html,robert-morris,2020-21
17,80,17,2021-02-25,Robert Morris,@,Northern Kentucky,CTOURN,L 54-68,,7,1,1,1.000,0,0,,1,1,1.000,1.000,0,0,,0,1,1,0,0,0,1,0,2,1.0,Natalie Villaflor,https://www.sports-reference.com/cbb/players/natalie-villaflor-1.html,robert-morris,2020-21
