ranker,player_game_num_career,team_game_num_season,date,team_name_abbr,game_location,opp_name_abbr,game_type,game_result,is_starter,mp,fg,fga,fg_pct,fg3,fg3a,fg3_pct,fg2,fg2a,fg2_pct,efg_pct,ft,fta,ft_pct,orb,drb,trb,ast,stl,blk,tov,pf,pts,game_score,player_name,player_sr_link,school,season
1,95,1,2020-12-12,Robert Morris,@,Northern Kentucky,REG (Conf),L 33-61,*,17,1,5,.200,0,2,.000,1,3,.333,.200,0,0,,0,0,0,1,0,0,5,0,2,-5.4,Nina Augustin,https://www.sports-reference.com/cbb/players/nina-augustin-1.html,robert-morris,2020-21
2,96,2,2020-12-13,Robert Morris,@,Northern Kentucky,REG (Conf),L 50-62,*,25,3,9,.333,2,4,.500,1,5,.200,.444,2,2,1.000,1,1,2,0,0,0,3,1,10,2.5,Nina Augustin,https://www.sports-reference.com/cbb/players/nina-augustin-1.html,robert-morris,2020-21
3,97,3,2020-12-19,Robert Morris,@,Milwaukee,REG (Conf),L 52-64,*,34,4,10,.400,3,8,.375,1,2,.500,.550,0,0,,0,3,3,1,1,0,2,2,11,5.4,Nina Augustin,https://www.sports-reference.com/cbb/players/nina-augustin-1.html,robert-morris,2020-21
4,98,4,2020-12-20,Robert Morris,@,Milwaukee,REG (Conf),L 37-56,*,30,3,8,.375,1,5,.200,2,3,.667,.438,1,1,1.000,1,2,3,3,2,0,3,2,8,5.2,Nina Augustin,https://www.sports-reference.com/cbb/players/nina-augustin-1.html,robert-morris,2020-21
5,99,5,2021-01-01,Robert Morris,,IUPUI,REG (Conf),L 49-71,*,19,4,6,.667,1,2,.500,3,4,.750,.750,0,0,,0,0,0,2,1,1,2,0,9,7.5,Nina Augustin,https://www.sports-reference.com/cbb/players/nina-augustin-1.html,robert-morris,2020-21
6,100,6,2021-01-02,Robert Morris,,IUPUI,REG (Conf),L 53-74,*,24,1,4,.250,1,2,.500,0,2,.000,.375,0,0,,1,4,5,1,1,0,4,0,3,0.2,Nina Augustin,https://www.sports-reference.com/cbb/players/nina-augustin-1.html,robert-morris,2020-21
7,101,7,2021-01-15,Robert Morris,@,Wright State,REG (Conf),L 48-58,*,26,1,9,.111,0,6,.000,1,3,.333,.111,0,0,,0,2,2,2,1,0,3,4,2,-5.5,Nina Augustin,https://www.sports-reference.com/cbb/players/nina-augustin-1.html,robert-morris,2020-21
8,102,8,2021-01-16,Robert Morris,@,Wright State,REG (Conf),L 51-58,*,29,1,6,.167,1,5,.200,0,1,.000,.250,3,4,.750,0,2,2,3,2,0,2,5,6,2.5,Nina Augustin,https://www.sports-reference.com/cbb/players/nina-augustin-1.html,robert-morris,2020-21
9,103,9,2021-01-22,Robert Morris,,Wright State,REG (Conf),W 50-43,*,27,0,3,.000,0,2,.000,0,1,.000,.000,0,2,.000,0,1,1,0,1,0,2,2,0,-4.4,Nina Augustin,https://www.sports-reference.com/cbb/players/nina-augustin-1.html,robert-morris,2020-21
10,104,10,2021-01-23,Robert Morris,,Wright State,REG (Conf),W 68-65,*,30,4,8,.500,2,5,.400,2,3,.667,.625,2,2,1.000,0,3,3,1,1,0,1,2,12,8.8,Nina Augustin,https://www.sports-reference.com/cbb/players/nina-augustin-1.html,robert-morris,2020-21
11,105,11,2021-01-29,Robert Morris,,Youngstown State,REG (Conf),W 61-46,*,32,0,7,.000,0,5,.000,0,2,.000,.000,0,0,,1,3,4,5,1,0,1,2,0,-0.6,Nina Augustin,https://www.sports-reference.com/cbb/players/nina-augustin-1.html,robert-morris,2020-21
12,106,12,2021-01-30,Robert Morris,,Youngstown State,REG (Conf),L 64-71,*,28,4,9,.444,2,5,.400,2,4,.500,.556,2,2,1.000,1,1,2,0,1,0,2,1,12,6.9,Nina Augustin,https://www.sports-reference.com/cbb/players/nina-augustin-1.html,robert-morris,2020-21
13,107,13,2021-02-05,Robert Morris,@,Oakland,REG (Conf),L 71-83,*,29,4,13,.308,3,7,.429,1,6,.167,.423,2,2,1.000,0,3,3,2,2,0,1,2,13,8.0,Nina Augustin,https://www.sports-reference.com/cbb/players/nina-augustin-1.html,robert-morris,2020-21
14,108,14,2021-02-06,Robert Morris,@,Oakland,REG (Conf),L 77-84,*,19,1,2,.500,1,1,1.000,0,1,.000,.750,0,2,.000,0,0,0,2,2,0,0,0,3,4.6,Nina Augustin,https://www.sports-reference.com/cbb/players/nina-augustin-1.html,robert-morris,2020-21
15,109,15,2021-02-19,Robert Morris,@,Purdue Fort Wayne,REG (Conf),L 67-71,*,11,3,5,.600,2,3,.667,1,2,.500,.800,2,2,1.000,0,1,1,0,1,0,0,4,10,7.4,Nina Augustin,https://www.sports-reference.com/cbb/players/nina-augustin-1.html,robert-morris,2020-21
16,110,16,2021-02-20,Robert Morris,@,Purdue Fort Wayne,REG (Conf),W 77-63,*,23,3,6,.500,2,5,.400,1,1,1.000,.667,2,2,1.000,0,1,1,1,1,0,1,4,10,6.4,Nina Augustin,https://www.sports-reference.com/cbb/players/nina-augustin-1.html,robert-morris,2020-21
17,111,17,2021-02-25,Robert Morris,@,Northern Kentucky,CTOURN,L 54-68,*,34,1,7,.143,1,6,.167,0,1,.000,.214,0,0,,0,1,1,0,1,0,1,2,3,-2.0,Nina Augustin,https://www.sports-reference.com/cbb/players/nina-augustin-1.html,robert-morris,2020-21
