ranker,player_game_num_career,team_game_num_season,date,team_name_abbr,game_location,opp_name_abbr,game_type,game_result,is_starter,mp,fg,fga,fg_pct,fg3,fg3a,fg3_pct,fg2,fg2a,fg2_pct,efg_pct,ft,fta,ft_pct,orb,drb,trb,ast,stl,blk,tov,pf,pts,game_score,player_name,player_sr_link,school,season
1,1,1,2020-12-12,Robert Morris,@,Northern Kentucky,REG (Conf),L 33-61,*,27,1,6,.167,0,0,,1,6,.167,.167,0,0,,0,2,2,0,1,0,2,0,2,-2.2,Sol Castro,https://www.sports-reference.com/cbb/players/sol-castro-1.html,robert-morris,2020-21
2,2,2,2020-12-13,Robert Morris,@,Northern Kentucky,REG (Conf),L 50-62,*,21,2,6,.333,0,1,.000,2,5,.400,.333,0,0,,1,2,3,1,1,0,2,3,4,0.4,Sol Castro,https://www.sports-reference.com/cbb/players/sol-castro-1.html,robert-morris,2020-21
3,3,3,2020-12-19,Robert Morris,@,Milwaukee,REG (Conf),L 52-64,*,30,4,5,.800,0,0,,4,5,.800,.800,2,3,.667,1,3,4,2,1,0,1,3,10,9.5,Sol Castro,https://www.sports-reference.com/cbb/players/sol-castro-1.html,robert-morris,2020-21
4,4,4,2020-12-20,Robert Morris,@,Milwaukee,REG (Conf),L 37-56,*,26,3,6,.500,0,0,,3,6,.500,.500,0,0,,0,1,1,0,2,0,2,5,6,1.3,Sol Castro,https://www.sports-reference.com/cbb/players/sol-castro-1.html,robert-morris,2020-21
5,5,5,2021-01-01,Robert Morris,,IUPUI,REG (Conf),L 49-71,*,24,2,4,.500,0,0,,2,4,.500,.500,0,0,,0,2,2,1,1,0,1,2,4,2.5,Sol Castro,https://www.sports-reference.com/cbb/players/sol-castro-1.html,robert-morris,2020-21
6,6,6,2021-01-02,Robert Morris,,IUPUI,REG (Conf),L 53-74,*,26,7,15,.467,0,1,.000,7,14,.500,.467,0,0,,0,4,4,1,1,1,1,3,14,7.7,Sol Castro,https://www.sports-reference.com/cbb/players/sol-castro-1.html,robert-morris,2020-21
7,7,7,2021-01-15,Robert Morris,@,Wright State,REG (Conf),L 48-58,*,31,1,7,.143,0,2,.000,1,5,.200,.143,3,4,.750,2,5,7,1,2,0,3,3,5,1.5,Sol Castro,https://www.sports-reference.com/cbb/players/sol-castro-1.html,robert-morris,2020-21
8,8,8,2021-01-16,Robert Morris,@,Wright State,REG (Conf),L 51-58,*,23,2,8,.250,0,1,.000,2,7,.286,.250,0,0,,0,3,3,1,0,0,3,5,4,-4.2,Sol Castro,https://www.sports-reference.com/cbb/players/sol-castro-1.html,robert-morris,2020-21
9,9,9,2021-01-22,Robert Morris,,Wright State,REG (Conf),W 50-43,*,35,8,14,.571,1,3,.333,7,11,.636,.607,6,9,.667,1,10,11,0,1,1,3,4,23,16.0,Sol Castro,https://www.sports-reference.com/cbb/players/sol-castro-1.html,robert-morris,2020-21
10,10,10,2021-01-23,Robert Morris,,Wright State,REG (Conf),W 68-65,*,36,8,16,.500,1,3,.333,7,13,.538,.531,3,6,.500,2,3,5,2,0,2,1,1,20,14.5,Sol Castro,https://www.sports-reference.com/cbb/players/sol-castro-1.html,robert-morris,2020-21
11,11,11,2021-01-29,Robert Morris,,Youngstown State,REG (Conf),W 61-46,*,35,5,11,.455,0,1,.000,5,10,.500,.455,0,2,.000,5,10,15,4,1,0,1,3,10,11.6,Sol Castro,https://www.sports-reference.com/cbb/players/sol-castro-1.html,robert-morris,2020-21
12,12,12,2021-01-30,Robert Morris,,Youngstown State,REG (Conf),L 64-71,*,36,6,13,.462,0,1,.000,6,12,.500,.462,0,0,,4,8,12,2,1,2,2,3,12,11.1,Sol Castro,https://www.sports-reference.com/cbb/players/sol-castro-1.html,robert-morris,2020-21
13,13,13,2021-02-05,Robert Morris,@,Oakland,REG (Conf),L 71-83,*,33,5,14,.357,0,1,.000,5,13,.385,.357,0,0,,3,4,7,2,2,0,2,4,10,5.3,Sol Castro,https://www.sports-reference.com/cbb/players/sol-castro-1.html,robert-morris,2020-21
14,14,14,2021-02-06,Robert Morris,@,Oakland,REG (Conf),L 77-84,*,25,7,11,.636,1,1,1.000,6,10,.600,.682,0,2,.000,0,1,1,1,1,0,2,5,15,7.3,Sol Castro,https://www.sports-reference.com/cbb/players/sol-castro-1.html,robert-morris,2020-21
15,15,15,2021-02-19,Robert Morris,@,Purdue Fort Wayne,REG (Conf),L 67-71,*,18,2,5,.400,0,1,.000,2,4,.500,.400,1,2,.500,1,1,2,1,0,1,4,5,5,-1.7,Sol Castro,https://www.sports-reference.com/cbb/players/sol-castro-1.html,robert-morris,2020-21
16,16,16,2021-02-20,Robert Morris,@,Purdue Fort Wayne,REG (Conf),W 77-63,*,30,6,10,.600,0,0,,6,10,.600,.600,3,4,.750,3,4,7,4,0,1,3,4,15,12.2,Sol Castro,https://www.sports-reference.com/cbb/players/sol-castro-1.html,robert-morris,2020-21
17,17,17,2021-02-25,Robert Morris,@,Northern Kentucky,CTOURN,L 54-68,*,37,4,10,.400,0,0,,4,10,.400,.400,1,6,.167,1,6,7,2,0,1,4,2,9,1.4,Sol Castro,https://www.sports-reference.com/cbb/players/sol-castro-1.html,robert-morris,2020-21
