ranker,player_game_num_career,team_game_num_season,date,team_name_abbr,game_location,opp_name_abbr,game_type,game_result,is_starter,mp,fg,fga,fg_pct,fg3,fg3a,fg2,fg2a,fg2_pct,efg_pct,ft,fta,ft_pct,orb,drb,trb,ast,stl,blk,tov,pf,pts,game_score,player_name,player_sr_link,school,season
1,15,1,2020-12-12,Robert Morris,@,Northern Kentucky,REG (Conf),L 33-61,,4,0,0,,0,0,0,0,,,0,0,,0,1,1,0,1,0,0,0,0,1.3,Trinity Papamandjaris,https://www.sports-reference.com/cbb/players/trinity-papamandjaris-1.html,robert-morris,2020-21
2,16,4,2020-12-20,Robert Morris,@,Milwaukee,REG (Conf),L 37-56,,4,0,0,,0,0,0,0,,,1,2,.500,0,0,0,0,0,0,0,2,1,-0.2,Trinity Papamandjaris,https://www.sports-reference.com/cbb/players/trinity-papamandjaris-1.html,robert-morris,2020-21
3,17,6,2021-01-02,Robert Morris,,IUPUI,REG (Conf),L 53-74,,6,1,2,.500,0,0,1,2,.500,.500,0,0,,1,1,2,0,0,0,0,1,2,1.6,Trinity Papamandjaris,https://www.sports-reference.com/cbb/players/trinity-papamandjaris-1.html,robert-morris,2020-21
4,18,17,2021-02-25,Robert Morris,@,Northern Kentucky,CTOURN,L 54-68,,0,0,0,,0,0,0,0,,,0,0,,0,0,0,0,0,0,0,0,0,0.0,Trinity Papamandjaris,https://www.sports-reference.com/cbb/players/trinity-papamandjaris-1.html,robert-morris,2020-21
