ranker,player_game_num_career,team_game_num_season,date,team_name_abbr,game_location,opp_name_abbr,game_type,game_result,is_starter,mp,fg,fga,fg_pct,fg3,fg3a,fg2,fg2a,fg2_pct,efg_pct,ft,fta,ft_pct,orb,drb,trb,ast,stl,blk,tov,pf,pts,game_score,player_name,player_sr_link,school,season
1,89,1,2019-11-06,North Carolina A&T,@,NC State,REG (Non-Conf),L 44-80,*,21,2,6,.333,0,0,2,6,.333,.333,3,4,.750,3,9,12,0,0,2,0,4,7,7.8,Alexus Lessears,https://www.sports-reference.com/cbb/players/alexus-lessears-1.html,north-carolina-at,2019-20
2,90,2,2019-11-09,North Carolina A&T,,Johnson/Wales-NC,REG (Non-Conf),W 121-61,*,20,4,5,.800,0,0,4,5,.800,.800,6,6,1.000,0,2,2,0,1,0,0,5,14,11.7,Alexus Lessears,https://www.sports-reference.com/cbb/players/alexus-lessears-1.html,north-carolina-at,2019-20
3,91,3,2019-11-13,North Carolina A&T,@,Georgia,REG (Non-Conf),L 54-72,*,23,2,8,.250,0,0,2,8,.250,.250,2,2,1.000,2,3,5,2,1,1,1,2,6,4.8,Alexus Lessears,https://www.sports-reference.com/cbb/players/alexus-lessears-1.html,north-carolina-at,2019-20
4,92,4,2019-11-18,North Carolina A&T,,East Tennessee State,REG (Non-Conf),W 80-69,*,14,3,7,.429,0,0,3,7,.429,.429,1,1,1.000,2,1,3,0,0,0,1,4,7,2.4,Alexus Lessears,https://www.sports-reference.com/cbb/players/alexus-lessears-1.html,north-carolina-at,2019-20
5,93,5,2019-11-22,North Carolina A&T,@,Miami (FL),REG (Non-Conf),L 67-68,*,27,2,4,.500,0,0,2,4,.500,.500,1,2,.500,1,5,6,1,1,2,2,4,5,4.3,Alexus Lessears,https://www.sports-reference.com/cbb/players/alexus-lessears-1.html,north-carolina-at,2019-20
6,94,6,2019-11-23,North Carolina A&T,@,Arkansas State,REG (Non-Conf),W 55-50,*,24,3,5,.600,0,0,3,5,.600,.600,4,5,.800,4,3,7,0,0,0,3,4,10,6.4,Alexus Lessears,https://www.sports-reference.com/cbb/players/alexus-lessears-1.html,north-carolina-at,2019-20
7,95,7,2019-11-26,North Carolina A&T,@,Morehead State,REG (Non-Conf),W 74-56,*,22,9,11,.818,0,0,9,11,.818,.818,4,6,.667,5,4,9,0,1,4,2,3,22,22.4,Alexus Lessears,https://www.sports-reference.com/cbb/players/alexus-lessears-1.html,north-carolina-at,2019-20
8,96,8,2019-12-02,North Carolina A&T,,St. Augustine's,REG (Non-Conf),W 75-44,*,25,2,6,.333,0,0,2,6,.333,.333,0,0,,1,0,1,0,0,0,1,3,4,-0.9,Alexus Lessears,https://www.sports-reference.com/cbb/players/alexus-lessears-1.html,north-carolina-at,2019-20
9,97,9,2019-12-12,North Carolina A&T,,UNC Greensboro,REG (Non-Conf),W 57-48,*,25,5,9,.556,0,0,5,9,.556,.556,1,5,.200,4,3,7,0,2,0,1,2,11,9.0,Alexus Lessears,https://www.sports-reference.com/cbb/players/alexus-lessears-1.html,north-carolina-at,2019-20
10,98,10,2019-12-16,North Carolina A&T,@,Akron,REG (Non-Conf),L 52-64,*,23,2,8,.250,0,0,2,8,.250,.250,6,8,.750,1,6,7,0,0,0,2,3,10,3.7,Alexus Lessears,https://www.sports-reference.com/cbb/players/alexus-lessears-1.html,north-carolina-at,2019-20
11,99,11,2019-12-20,North Carolina A&T,@,Clemson,REG (Non-Conf),W 82-74,*,34,5,10,.500,0,0,5,10,.500,.500,3,6,.500,5,6,11,1,1,1,1,4,13,11.9,Alexus Lessears,https://www.sports-reference.com/cbb/players/alexus-lessears-1.html,north-carolina-at,2019-20
12,100,12,2019-12-30,North Carolina A&T,@,VCU,REG (Non-Conf),W 69-58,*,14,1,2,.500,0,0,1,2,.500,.500,2,3,.667,2,3,5,1,0,1,2,4,4,2.7,Alexus Lessears,https://www.sports-reference.com/cbb/players/alexus-lessears-1.html,north-carolina-at,2019-20
13,101,16,2020-01-18,North Carolina A&T,@,Coppin State,REG (Conf),W 84-38,*,20,4,10,.400,0,0,4,10,.400,.400,3,4,.750,5,1,6,1,0,0,1,1,11,8.3,Alexus Lessears,https://www.sports-reference.com/cbb/players/alexus-lessears-1.html,north-carolina-at,2019-20
14,102,17,2020-01-20,North Carolina A&T,@,Morgan State,REG (Conf),L 38-42,*,22,4,9,.444,0,0,4,9,.444,.444,1,6,.167,4,5,9,0,1,0,2,4,9,4.0,Alexus Lessears,https://www.sports-reference.com/cbb/players/alexus-lessears-1.html,north-carolina-at,2019-20
15,103,18,2020-01-25,North Carolina A&T,,Bethune-Cookman,REG (Conf),L 58-69,*,24,2,5,.400,0,0,2,5,.400,.400,6,8,.750,3,6,9,1,0,1,1,2,10,10.0,Alexus Lessears,https://www.sports-reference.com/cbb/players/alexus-lessears-1.html,north-carolina-at,2019-20
16,104,19,2020-01-27,North Carolina A&T,,Delaware State,REG (Conf),W 58-53,,19,4,5,.800,0,0,4,5,.800,.800,0,2,.000,1,5,6,0,0,0,1,2,8,5.7,Alexus Lessears,https://www.sports-reference.com/cbb/players/alexus-lessears-1.html,north-carolina-at,2019-20
17,105,20,2020-02-01,North Carolina A&T,,Norfolk State,REG (Conf),W 53-39,,17,2,5,.400,0,0,2,5,.400,.400,2,2,1.000,1,6,7,0,1,1,3,4,6,2.9,Alexus Lessears,https://www.sports-reference.com/cbb/players/alexus-lessears-1.html,north-carolina-at,2019-20
18,106,21,2020-02-03,North Carolina A&T,,South Carolina State,REG (Conf),W 66-55,,12,1,3,.333,0,0,1,3,.333,.333,1,4,.250,2,1,3,0,0,0,1,5,3,-1.2,Alexus Lessears,https://www.sports-reference.com/cbb/players/alexus-lessears-1.html,north-carolina-at,2019-20
19,107,22,2020-02-08,North Carolina A&T,@,Bethune-Cookman,REG (Conf),L 50-70,,17,2,5,.400,0,0,2,5,.400,.400,3,5,.600,2,2,4,0,2,1,2,2,7,5.4,Alexus Lessears,https://www.sports-reference.com/cbb/players/alexus-lessears-1.html,north-carolina-at,2019-20
20,108,23,2020-02-10,North Carolina A&T,@,Florida A&M,REG (Conf),W 66-49,,16,2,5,.400,0,0,2,5,.400,.400,2,5,.400,4,2,6,1,2,0,2,3,6,5.0,Alexus Lessears,https://www.sports-reference.com/cbb/players/alexus-lessears-1.html,north-carolina-at,2019-20
21,109,24,2020-02-15,North Carolina A&T,,North Carolina Central,REG (Conf),L 80-86 (2OT),,9,2,3,.667,0,0,2,3,.667,.667,0,0,,1,2,3,1,0,1,2,5,4,1.4,Alexus Lessears,https://www.sports-reference.com/cbb/players/alexus-lessears-1.html,north-carolina-at,2019-20
22,110,25,2020-02-22,North Carolina A&T,,Howard,REG (Conf),W 60-55,*,26,5,10,.500,0,0,5,10,.500,.500,0,3,.000,7,4,11,0,2,2,1,4,10,10.7,Alexus Lessears,https://www.sports-reference.com/cbb/players/alexus-lessears-1.html,north-carolina-at,2019-20
23,111,26,2020-02-24,North Carolina A&T,,Maryland Eastern Shore,REG (Conf),W 72-57,*,21,2,6,.333,0,0,2,6,.333,.333,2,4,.500,4,4,8,0,0,0,3,1,6,2.4,Alexus Lessears,https://www.sports-reference.com/cbb/players/alexus-lessears-1.html,north-carolina-at,2019-20
24,112,27,2020-03-02,North Carolina A&T,@,South Carolina State,REG (Conf),W 63-47,*,26,7,12,.583,0,0,7,12,.583,.583,3,7,.429,7,2,9,1,0,1,2,1,17,14.3,Alexus Lessears,https://www.sports-reference.com/cbb/players/alexus-lessears-1.html,north-carolina-at,2019-20
25,113,28,2020-03-05,North Carolina A&T,@,North Carolina Central,REG (Conf),L 52-65,*,25,0,9,.000,0,0,0,9,.000,.000,1,2,.500,3,4,7,0,3,1,1,4,1,-1.3,Alexus Lessears,https://www.sports-reference.com/cbb/players/alexus-lessears-1.html,north-carolina-at,2019-20
26,114,29,2020-03-12,North Carolina A&T,,North Carolina Central,CTOURN,L 54-56,,13,2,6,.333,0,0,2,6,.333,.333,3,3,1.000,3,2,5,0,0,3,3,4,7,3.8,Alexus Lessears,https://www.sports-reference.com/cbb/players/alexus-lessears-1.html,north-carolina-at,2019-20
