ranker,player_game_num_career,team_game_num_season,date,team_name_abbr,game_location,opp_name_abbr,game_type,game_result,is_starter,mp,fg,fga,fg_pct,fg3,fg3a,fg3_pct,fg2,fg2a,fg2_pct,efg_pct,ft,fta,ft_pct,orb,drb,trb,ast,stl,blk,tov,pf,pts,game_score,player_name,player_sr_link,school,season
1,92,1,2019-11-06,North Carolina A&T,@,NC State,REG (Non-Conf),L 44-80,*,25,0,4,.000,0,2,.000,0,2,.000,.000,0,0,,0,1,1,0,0,0,1,2,0,-4.3,Cinia McCray,https://www.sports-reference.com/cbb/players/cinia-mccray-1.html,north-carolina-at,2019-20
2,93,3,2019-11-13,North Carolina A&T,@,Georgia,REG (Non-Conf),L 54-72,,19,3,8,.375,1,3,.333,2,5,.400,.438,0,0,,1,1,2,0,2,0,1,0,7,4.6,Cinia McCray,https://www.sports-reference.com/cbb/players/cinia-mccray-1.html,north-carolina-at,2019-20
3,94,4,2019-11-18,North Carolina A&T,,East Tennessee State,REG (Non-Conf),W 80-69,*,35,7,15,.467,4,9,.444,3,6,.500,.600,5,6,.833,2,2,4,1,2,0,2,2,23,16.8,Cinia McCray,https://www.sports-reference.com/cbb/players/cinia-mccray-1.html,north-carolina-at,2019-20
4,95,5,2019-11-22,North Carolina A&T,@,Miami (FL),REG (Non-Conf),L 67-68,*,22,2,7,.286,0,3,.000,2,4,.500,.286,1,1,1.000,1,1,2,0,0,0,1,3,5,-0.3,Cinia McCray,https://www.sports-reference.com/cbb/players/cinia-mccray-1.html,north-carolina-at,2019-20
5,96,6,2019-11-23,North Carolina A&T,@,Arkansas State,REG (Non-Conf),W 55-50,*,31,3,13,.231,1,8,.125,2,5,.400,.269,0,0,,2,3,5,0,3,0,4,1,7,0.0,Cinia McCray,https://www.sports-reference.com/cbb/players/cinia-mccray-1.html,north-carolina-at,2019-20
6,97,7,2019-11-26,North Carolina A&T,@,Morehead State,REG (Non-Conf),W 74-56,*,19,2,4,.500,0,2,.000,2,2,1.000,.500,0,0,,0,0,0,3,0,0,1,2,4,2.3,Cinia McCray,https://www.sports-reference.com/cbb/players/cinia-mccray-1.html,north-carolina-at,2019-20
7,98,8,2019-12-02,North Carolina A&T,,St. Augustine's,REG (Non-Conf),W 75-44,,23,4,10,.400,2,2,1.000,2,8,.250,.500,3,3,1.000,2,6,8,0,1,0,3,0,13,8.8,Cinia McCray,https://www.sports-reference.com/cbb/players/cinia-mccray-1.html,north-carolina-at,2019-20
8,99,9,2019-12-12,North Carolina A&T,,UNC Greensboro,REG (Non-Conf),W 57-48,,27,6,11,.545,4,9,.444,2,2,1.000,.727,1,2,.500,2,2,4,0,0,0,1,1,17,11.9,Cinia McCray,https://www.sports-reference.com/cbb/players/cinia-mccray-1.html,north-carolina-at,2019-20
9,100,10,2019-12-16,North Carolina A&T,@,Akron,REG (Non-Conf),L 52-64,*,33,4,13,.308,1,8,.125,3,5,.600,.346,0,0,,0,3,3,2,0,0,2,2,9,1.0,Cinia McCray,https://www.sports-reference.com/cbb/players/cinia-mccray-1.html,north-carolina-at,2019-20
10,101,11,2019-12-20,North Carolina A&T,@,Clemson,REG (Non-Conf),W 82-74,,26,4,6,.667,2,4,.500,2,2,1.000,.833,0,0,,1,0,1,1,0,0,3,4,10,4.2,Cinia McCray,https://www.sports-reference.com/cbb/players/cinia-mccray-1.html,north-carolina-at,2019-20
11,102,12,2019-12-30,North Carolina A&T,@,VCU,REG (Non-Conf),W 69-58,,24,3,4,.750,0,0,,3,4,.750,.750,2,5,.400,0,3,3,3,0,0,3,2,8,4.4,Cinia McCray,https://www.sports-reference.com/cbb/players/cinia-mccray-1.html,north-carolina-at,2019-20
12,103,13,2020-01-06,North Carolina A&T,,Florida A&M,REG (Conf),W 71-44,,28,7,13,.538,1,3,.333,6,10,.600,.577,1,1,1.000,1,0,1,0,0,0,1,0,16,9.4,Cinia McCray,https://www.sports-reference.com/cbb/players/cinia-mccray-1.html,north-carolina-at,2019-20
13,104,14,2020-01-11,North Carolina A&T,@,Maryland Eastern Shore,REG (Conf),W 67-31,*,30,5,12,.417,2,6,.333,3,6,.500,.500,1,2,.500,2,8,10,3,0,0,3,1,13,8.7,Cinia McCray,https://www.sports-reference.com/cbb/players/cinia-mccray-1.html,north-carolina-at,2019-20
14,105,15,2020-01-13,North Carolina A&T,@,Delaware State,REG (Conf),W 69-45,*,35,8,13,.615,7,10,.700,1,3,.333,.885,0,0,,2,5,7,1,0,0,3,1,23,17.3,Cinia McCray,https://www.sports-reference.com/cbb/players/cinia-mccray-1.html,north-carolina-at,2019-20
15,106,16,2020-01-18,North Carolina A&T,@,Coppin State,REG (Conf),W 84-38,*,31,7,13,.538,2,5,.400,5,8,.625,.615,4,6,.667,3,3,6,4,6,0,1,0,20,23.7,Cinia McCray,https://www.sports-reference.com/cbb/players/cinia-mccray-1.html,north-carolina-at,2019-20
16,107,17,2020-01-20,North Carolina A&T,@,Morgan State,REG (Conf),L 38-42,*,27,2,9,.222,1,6,.167,1,3,.333,.278,0,0,,0,2,2,0,3,0,4,4,5,-2.5,Cinia McCray,https://www.sports-reference.com/cbb/players/cinia-mccray-1.html,north-carolina-at,2019-20
17,108,18,2020-01-25,North Carolina A&T,,Bethune-Cookman,REG (Conf),L 58-69,*,35,5,16,.313,1,4,.250,4,12,.333,.344,2,3,.667,3,1,4,2,1,0,2,1,13,5.8,Cinia McCray,https://www.sports-reference.com/cbb/players/cinia-mccray-1.html,north-carolina-at,2019-20
18,109,19,2020-01-27,North Carolina A&T,,Delaware State,REG (Conf),W 58-53,*,34,2,12,.167,1,6,.167,1,6,.167,.208,0,3,.000,1,2,3,4,1,0,2,1,5,-1.1,Cinia McCray,https://www.sports-reference.com/cbb/players/cinia-mccray-1.html,north-carolina-at,2019-20
19,110,20,2020-02-01,North Carolina A&T,,Norfolk State,REG (Conf),W 53-39,*,33,2,12,.167,1,5,.200,1,7,.143,.208,6,6,1.000,1,1,2,2,0,0,0,1,11,5.4,Cinia McCray,https://www.sports-reference.com/cbb/players/cinia-mccray-1.html,north-carolina-at,2019-20
20,111,21,2020-02-03,North Carolina A&T,,South Carolina State,REG (Conf),W 66-55,*,34,5,17,.294,1,7,.143,4,10,.400,.324,4,7,.571,2,4,6,1,1,0,1,1,15,6.8,Cinia McCray,https://www.sports-reference.com/cbb/players/cinia-mccray-1.html,north-carolina-at,2019-20
21,112,22,2020-02-08,North Carolina A&T,@,Bethune-Cookman,REG (Conf),L 50-70,*,33,3,12,.250,1,5,.200,2,7,.286,.292,0,0,,0,2,2,0,1,0,1,2,7,-0.4,Cinia McCray,https://www.sports-reference.com/cbb/players/cinia-mccray-1.html,north-carolina-at,2019-20
22,113,23,2020-02-10,North Carolina A&T,@,Florida A&M,REG (Conf),W 66-49,*,34,2,6,.333,0,3,.000,2,3,.667,.333,0,0,,2,1,3,2,1,1,0,5,4,3.4,Cinia McCray,https://www.sports-reference.com/cbb/players/cinia-mccray-1.html,north-carolina-at,2019-20
23,114,24,2020-02-15,North Carolina A&T,,North Carolina Central,REG (Conf),L 80-86 (2OT),*,48,9,23,.391,4,14,.286,5,9,.556,.478,0,0,,1,4,5,2,1,0,3,2,22,10.0,Cinia McCray,https://www.sports-reference.com/cbb/players/cinia-mccray-1.html,north-carolina-at,2019-20
24,115,25,2020-02-22,North Carolina A&T,,Howard,REG (Conf),W 60-55,*,32,7,15,.467,1,6,.167,6,9,.667,.500,1,2,.500,1,3,4,0,3,0,4,2,16,7.7,Cinia McCray,https://www.sports-reference.com/cbb/players/cinia-mccray-1.html,north-carolina-at,2019-20
25,116,26,2020-02-24,North Carolina A&T,,Maryland Eastern Shore,REG (Conf),W 72-57,*,29,4,13,.308,4,11,.364,0,2,.000,.462,6,6,1.000,3,2,5,1,2,0,2,0,18,13.9,Cinia McCray,https://www.sports-reference.com/cbb/players/cinia-mccray-1.html,north-carolina-at,2019-20
26,117,28,2020-03-05,North Carolina A&T,@,North Carolina Central,REG (Conf),L 52-65,,20,2,11,.182,0,4,.000,2,7,.286,.182,1,2,.500,0,1,1,0,2,0,2,3,5,-3.2,Cinia McCray,https://www.sports-reference.com/cbb/players/cinia-mccray-1.html,north-carolina-at,2019-20
27,118,29,2020-03-12,North Carolina A&T,,North Carolina Central,CTOURN,L 54-56,*,34,2,11,.182,1,5,.200,1,6,.167,.227,6,8,.750,2,3,5,3,0,1,3,0,11,5.4,Cinia McCray,https://www.sports-reference.com/cbb/players/cinia-mccray-1.html,north-carolina-at,2019-20
