ranker,player_game_num_career,team_game_num_season,date,team_name_abbr,game_location,opp_name_abbr,game_type,game_result,is_starter,mp,fg,fga,fg_pct,fg3,fg3a,fg3_pct,fg2,fg2a,fg2_pct,efg_pct,ft,fta,ft_pct,orb,drb,trb,ast,stl,blk,tov,pf,pts,game_score,player_name,player_sr_link,school,season
1,56,1,2019-11-06,North Carolina A&T,@,NC State,REG (Non-Conf),L 44-80,,14,0,1,.000,0,1,.000,0,0,,.000,0,0,,0,0,0,0,0,0,5,4,0,-7.3,Jayla Jones-Pack,https://www.sports-reference.com/cbb/players/jayla-jones-pack-1.html,north-carolina-at,2019-20
2,57,2,2019-11-09,North Carolina A&T,,Johnson/Wales-NC,REG (Non-Conf),W 121-61,,20,9,10,.900,0,0,,9,10,.900,.900,0,1,.000,3,4,7,2,2,1,0,0,18,21.6,Jayla Jones-Pack,https://www.sports-reference.com/cbb/players/jayla-jones-pack-1.html,north-carolina-at,2019-20
3,58,3,2019-11-13,North Carolina A&T,@,Georgia,REG (Non-Conf),L 54-72,,10,1,4,.250,0,1,.000,1,3,.333,.250,2,2,1.000,1,1,2,0,0,0,1,3,4,0.4,Jayla Jones-Pack,https://www.sports-reference.com/cbb/players/jayla-jones-pack-1.html,north-carolina-at,2019-20
4,59,4,2019-11-18,North Carolina A&T,,East Tennessee State,REG (Non-Conf),W 80-69,,26,4,10,.400,0,0,,4,10,.400,.400,6,11,.545,3,8,11,1,1,2,5,4,14,7.6,Jayla Jones-Pack,https://www.sports-reference.com/cbb/players/jayla-jones-pack-1.html,north-carolina-at,2019-20
5,60,5,2019-11-22,North Carolina A&T,@,Miami (FL),REG (Non-Conf),L 67-68,,13,3,6,.500,0,0,,3,6,.500,.500,1,1,1.000,4,2,6,0,0,0,1,3,7,5.2,Jayla Jones-Pack,https://www.sports-reference.com/cbb/players/jayla-jones-pack-1.html,north-carolina-at,2019-20
6,61,6,2019-11-23,North Carolina A&T,@,Arkansas State,REG (Non-Conf),W 55-50,,14,0,1,.000,0,0,,0,1,.000,.000,0,0,,2,0,2,1,0,1,0,4,0,0.5,Jayla Jones-Pack,https://www.sports-reference.com/cbb/players/jayla-jones-pack-1.html,north-carolina-at,2019-20
7,62,7,2019-11-26,North Carolina A&T,@,Morehead State,REG (Non-Conf),W 74-56,,18,4,4,1.000,0,0,,4,4,1.000,1.000,2,3,.667,0,2,2,1,0,7,7,4,10,6.0,Jayla Jones-Pack,https://www.sports-reference.com/cbb/players/jayla-jones-pack-1.html,north-carolina-at,2019-20
8,63,8,2019-12-02,North Carolina A&T,,St. Augustine's,REG (Non-Conf),W 75-44,,10,3,11,.273,0,0,,3,11,.273,.273,2,5,.400,5,3,8,0,2,2,1,2,8,6.3,Jayla Jones-Pack,https://www.sports-reference.com/cbb/players/jayla-jones-pack-1.html,north-carolina-at,2019-20
9,64,9,2019-12-12,North Carolina A&T,,UNC Greensboro,REG (Non-Conf),W 57-48,,14,1,3,.333,0,0,,1,3,.333,.333,0,0,,1,0,1,1,1,1,3,2,2,-0.4,Jayla Jones-Pack,https://www.sports-reference.com/cbb/players/jayla-jones-pack-1.html,north-carolina-at,2019-20
10,65,12,2019-12-30,North Carolina A&T,@,VCU,REG (Non-Conf),W 69-58,,26,8,10,.800,0,0,,8,10,.800,.800,4,4,1.000,2,4,6,0,1,2,3,3,20,17.0,Jayla Jones-Pack,https://www.sports-reference.com/cbb/players/jayla-jones-pack-1.html,north-carolina-at,2019-20
11,66,13,2020-01-06,North Carolina A&T,,Florida A&M,REG (Conf),W 71-44,*,21,5,10,.500,0,0,,5,10,.500,.500,5,6,.833,7,4,11,0,2,0,5,3,15,11.5,Jayla Jones-Pack,https://www.sports-reference.com/cbb/players/jayla-jones-pack-1.html,north-carolina-at,2019-20
12,67,14,2020-01-11,North Carolina A&T,@,Maryland Eastern Shore,REG (Conf),W 67-31,*,25,3,4,.750,0,0,,3,4,.750,.750,4,4,1.000,5,7,12,0,0,0,2,2,10,11.2,Jayla Jones-Pack,https://www.sports-reference.com/cbb/players/jayla-jones-pack-1.html,north-carolina-at,2019-20
13,68,15,2020-01-13,North Carolina A&T,@,Delaware State,REG (Conf),W 69-45,*,23,1,4,.250,0,0,,1,4,.250,.250,2,2,1.000,2,4,6,0,0,2,5,1,4,0.2,Jayla Jones-Pack,https://www.sports-reference.com/cbb/players/jayla-jones-pack-1.html,north-carolina-at,2019-20
14,69,16,2020-01-18,North Carolina A&T,@,Coppin State,REG (Conf),W 84-38,,21,2,7,.286,0,0,,2,7,.286,.286,4,6,.667,3,4,7,0,0,0,3,2,8,2.6,Jayla Jones-Pack,https://www.sports-reference.com/cbb/players/jayla-jones-pack-1.html,north-carolina-at,2019-20
15,70,17,2020-01-20,North Carolina A&T,@,Morgan State,REG (Conf),L 38-42,,17,5,9,.556,0,0,,5,9,.556,.556,1,4,.250,4,0,4,0,0,0,3,2,11,4.5,Jayla Jones-Pack,https://www.sports-reference.com/cbb/players/jayla-jones-pack-1.html,north-carolina-at,2019-20
16,71,18,2020-01-25,North Carolina A&T,,Bethune-Cookman,REG (Conf),L 58-69,,19,2,7,.286,0,0,,2,7,.286,.286,1,2,.500,5,4,9,1,2,3,3,4,5,5.4,Jayla Jones-Pack,https://www.sports-reference.com/cbb/players/jayla-jones-pack-1.html,north-carolina-at,2019-20
17,72,19,2020-01-27,North Carolina A&T,,Delaware State,REG (Conf),W 58-53,*,21,4,6,.667,0,0,,4,6,.667,.667,3,3,1.000,6,5,11,0,1,2,3,4,11,11.9,Jayla Jones-Pack,https://www.sports-reference.com/cbb/players/jayla-jones-pack-1.html,north-carolina-at,2019-20
18,73,20,2020-02-01,North Carolina A&T,,Norfolk State,REG (Conf),W 53-39,*,23,6,11,.545,0,0,,6,11,.545,.545,2,2,1.000,1,7,8,0,1,2,4,2,14,9.1,Jayla Jones-Pack,https://www.sports-reference.com/cbb/players/jayla-jones-pack-1.html,north-carolina-at,2019-20
19,74,21,2020-02-03,North Carolina A&T,,South Carolina State,REG (Conf),W 66-55,*,28,2,13,.154,0,0,,2,13,.154,.154,0,0,,3,5,8,1,0,2,1,1,4,0.0,Jayla Jones-Pack,https://www.sports-reference.com/cbb/players/jayla-jones-pack-1.html,north-carolina-at,2019-20
20,75,22,2020-02-08,North Carolina A&T,@,Bethune-Cookman,REG (Conf),L 50-70,*,23,5,9,.556,0,0,,5,9,.556,.556,2,2,1.000,5,3,8,0,1,4,4,2,12,11.1,Jayla Jones-Pack,https://www.sports-reference.com/cbb/players/jayla-jones-pack-1.html,north-carolina-at,2019-20
21,76,23,2020-02-10,North Carolina A&T,@,Florida A&M,REG (Conf),W 66-49,*,23,5,9,.556,0,0,,5,9,.556,.556,3,9,.333,4,11,15,0,1,1,5,4,13,7.5,Jayla Jones-Pack,https://www.sports-reference.com/cbb/players/jayla-jones-pack-1.html,north-carolina-at,2019-20
22,77,24,2020-02-15,North Carolina A&T,,North Carolina Central,REG (Conf),L 80-86 (2OT),*,23,4,6,.667,0,0,,4,6,.667,.667,2,4,.500,2,2,4,1,1,0,2,5,10,6.3,Jayla Jones-Pack,https://www.sports-reference.com/cbb/players/jayla-jones-pack-1.html,north-carolina-at,2019-20
23,78,25,2020-02-22,North Carolina A&T,,Howard,REG (Conf),W 60-55,,16,1,2,.500,0,0,,1,2,.500,.500,4,6,.667,1,1,2,2,3,1,4,4,6,4.7,Jayla Jones-Pack,https://www.sports-reference.com/cbb/players/jayla-jones-pack-1.html,north-carolina-at,2019-20
24,79,26,2020-02-24,North Carolina A&T,,Maryland Eastern Shore,REG (Conf),W 72-57,,19,3,9,.333,0,0,,3,9,.333,.333,1,2,.500,3,8,11,0,1,0,2,4,7,3.4,Jayla Jones-Pack,https://www.sports-reference.com/cbb/players/jayla-jones-pack-1.html,north-carolina-at,2019-20
25,80,27,2020-03-02,North Carolina A&T,@,South Carolina State,REG (Conf),W 63-47,,13,1,3,.333,0,0,,1,3,.333,.333,1,2,.500,2,4,6,1,0,0,0,3,3,3.0,Jayla Jones-Pack,https://www.sports-reference.com/cbb/players/jayla-jones-pack-1.html,north-carolina-at,2019-20
26,81,28,2020-03-05,North Carolina A&T,@,North Carolina Central,REG (Conf),L 52-65,,17,1,3,.333,0,0,,1,3,.333,.333,0,0,,4,6,10,2,0,2,0,2,2,6.9,Jayla Jones-Pack,https://www.sports-reference.com/cbb/players/jayla-jones-pack-1.html,north-carolina-at,2019-20
27,82,29,2020-03-12,North Carolina A&T,,North Carolina Central,CTOURN,L 54-56,*,29,5,11,.455,0,0,,5,11,.455,.455,1,2,.500,0,3,3,0,1,4,4,1,11,5.2,Jayla Jones-Pack,https://www.sports-reference.com/cbb/players/jayla-jones-pack-1.html,north-carolina-at,2019-20
