ranker,player_game_num_career,team_game_num_season,date,team_name_abbr,game_location,opp_name_abbr,game_type,game_result,is_starter,mp,fg,fga,fg_pct,fg3,fg3a,fg3_pct,fg2,fg2a,fg2_pct,efg_pct,ft,fta,ft_pct,orb,drb,trb,ast,stl,blk,tov,pf,pts,game_score,player_name,player_sr_link,school,season
1,4,1,2019-11-06,North Carolina A&T,@,NC State,REG (Non-Conf),L 44-80,,11,1,2,.500,1,2,.500,0,0,,.750,0,0,,0,1,1,1,0,0,0,0,3,3.0,Kennedy Boyd,https://www.sports-reference.com/cbb/players/kennedy-boyd-1.html,north-carolina-at,2019-20
2,5,2,2019-11-09,North Carolina A&T,,Johnson/Wales-NC,REG (Non-Conf),W 121-61,,19,5,8,.625,3,6,.500,2,2,1.000,.813,0,0,,0,2,2,1,1,0,2,3,13,8.5,Kennedy Boyd,https://www.sports-reference.com/cbb/players/kennedy-boyd-1.html,north-carolina-at,2019-20
3,6,3,2019-11-13,North Carolina A&T,@,Georgia,REG (Non-Conf),L 54-72,,5,0,1,.000,0,1,.000,0,0,,.000,2,2,1.000,0,0,0,0,0,0,0,0,2,1.3,Kennedy Boyd,https://www.sports-reference.com/cbb/players/kennedy-boyd-1.html,north-carolina-at,2019-20
4,7,4,2019-11-18,North Carolina A&T,,East Tennessee State,REG (Non-Conf),W 80-69,,4,0,0,,0,0,,0,0,,,0,0,,0,0,0,1,0,0,0,2,0,-0.1,Kennedy Boyd,https://www.sports-reference.com/cbb/players/kennedy-boyd-1.html,north-carolina-at,2019-20
5,8,6,2019-11-23,North Carolina A&T,@,Arkansas State,REG (Non-Conf),W 55-50,,11,2,5,.400,1,4,.250,1,1,1.000,.500,0,0,,2,1,3,1,1,0,2,1,5,3.3,Kennedy Boyd,https://www.sports-reference.com/cbb/players/kennedy-boyd-1.html,north-carolina-at,2019-20
6,9,7,2019-11-26,North Carolina A&T,@,Morehead State,REG (Non-Conf),W 74-56,,8,0,0,,0,0,,0,0,,,0,0,,0,0,0,1,0,1,0,0,0,1.4,Kennedy Boyd,https://www.sports-reference.com/cbb/players/kennedy-boyd-1.html,north-carolina-at,2019-20
7,10,8,2019-12-02,North Carolina A&T,,St. Augustine's,REG (Non-Conf),W 75-44,,12,1,1,1.000,0,0,,1,1,1.000,1.000,0,0,,1,1,2,4,0,0,1,0,2,4.5,Kennedy Boyd,https://www.sports-reference.com/cbb/players/kennedy-boyd-1.html,north-carolina-at,2019-20
8,11,9,2019-12-12,North Carolina A&T,,UNC Greensboro,REG (Non-Conf),W 57-48,,4,1,2,.500,0,1,.000,1,1,1.000,.500,0,0,,0,1,1,0,0,0,1,0,2,0.3,Kennedy Boyd,https://www.sports-reference.com/cbb/players/kennedy-boyd-1.html,north-carolina-at,2019-20
9,12,10,2019-12-16,North Carolina A&T,@,Akron,REG (Non-Conf),L 52-64,,5,0,1,.000,0,1,.000,0,0,,.000,0,0,,0,1,1,0,0,0,0,0,0,-0.4,Kennedy Boyd,https://www.sports-reference.com/cbb/players/kennedy-boyd-1.html,north-carolina-at,2019-20
10,13,11,2019-12-20,North Carolina A&T,@,Clemson,REG (Non-Conf),W 82-74,,17,3,5,.600,3,5,.600,0,0,,.900,0,0,,0,0,0,0,0,0,3,2,9,2.9,Kennedy Boyd,https://www.sports-reference.com/cbb/players/kennedy-boyd-1.html,north-carolina-at,2019-20
11,14,12,2019-12-30,North Carolina A&T,@,VCU,REG (Non-Conf),W 69-58,,8,0,0,,0,0,,0,0,,,0,0,,0,0,0,2,0,0,0,0,0,1.4,Kennedy Boyd,https://www.sports-reference.com/cbb/players/kennedy-boyd-1.html,north-carolina-at,2019-20
12,15,13,2020-01-06,North Carolina A&T,,Florida A&M,REG (Conf),W 71-44,,13,1,2,.500,1,2,.500,0,0,,.750,0,0,,0,1,1,4,0,0,0,1,3,4.7,Kennedy Boyd,https://www.sports-reference.com/cbb/players/kennedy-boyd-1.html,north-carolina-at,2019-20
13,16,14,2020-01-11,North Carolina A&T,@,Maryland Eastern Shore,REG (Conf),W 67-31,,16,0,4,.000,0,4,.000,0,0,,.000,0,0,,0,3,3,3,1,0,0,0,0,1.2,Kennedy Boyd,https://www.sports-reference.com/cbb/players/kennedy-boyd-1.html,north-carolina-at,2019-20
14,17,15,2020-01-13,North Carolina A&T,@,Delaware State,REG (Conf),W 69-45,,3,0,0,,0,0,,0,0,,,0,0,,0,0,0,0,0,0,0,0,0,0.0,Kennedy Boyd,https://www.sports-reference.com/cbb/players/kennedy-boyd-1.html,north-carolina-at,2019-20
15,18,16,2020-01-18,North Carolina A&T,@,Coppin State,REG (Conf),W 84-38,,7,1,1,1.000,1,1,1.000,0,0,,1.500,0,0,,1,0,1,2,1,0,1,0,3,4.8,Kennedy Boyd,https://www.sports-reference.com/cbb/players/kennedy-boyd-1.html,north-carolina-at,2019-20
16,19,17,2020-01-20,North Carolina A&T,@,Morgan State,REG (Conf),L 38-42,,14,0,1,.000,0,1,.000,0,0,,.000,0,0,,0,1,1,0,0,0,0,0,0,-0.4,Kennedy Boyd,https://www.sports-reference.com/cbb/players/kennedy-boyd-1.html,north-carolina-at,2019-20
17,20,18,2020-01-25,North Carolina A&T,,Bethune-Cookman,REG (Conf),L 58-69,,8,0,1,.000,0,1,.000,0,0,,.000,0,0,,0,1,1,0,0,0,1,0,0,-1.4,Kennedy Boyd,https://www.sports-reference.com/cbb/players/kennedy-boyd-1.html,north-carolina-at,2019-20
18,21,19,2020-01-27,North Carolina A&T,,Delaware State,REG (Conf),W 58-53,,7,0,2,.000,0,2,.000,0,0,,.000,1,2,.500,0,2,2,0,0,0,3,2,1,-4.0,Kennedy Boyd,https://www.sports-reference.com/cbb/players/kennedy-boyd-1.html,north-carolina-at,2019-20
19,22,21,2020-02-03,North Carolina A&T,,South Carolina State,REG (Conf),W 66-55,,2,0,1,.000,0,1,.000,0,0,,.000,0,0,,0,0,0,0,0,0,0,0,0,-0.7,Kennedy Boyd,https://www.sports-reference.com/cbb/players/kennedy-boyd-1.html,north-carolina-at,2019-20
20,23,22,2020-02-08,North Carolina A&T,@,Bethune-Cookman,REG (Conf),L 50-70,,6,0,3,.000,0,2,.000,0,1,.000,.000,0,0,,0,1,1,0,0,0,2,0,0,-3.8,Kennedy Boyd,https://www.sports-reference.com/cbb/players/kennedy-boyd-1.html,north-carolina-at,2019-20
21,24,23,2020-02-10,North Carolina A&T,@,Florida A&M,REG (Conf),W 66-49,,16,3,4,.750,3,4,.750,0,0,,1.125,0,0,,0,1,1,2,0,0,0,0,9,9.1,Kennedy Boyd,https://www.sports-reference.com/cbb/players/kennedy-boyd-1.html,north-carolina-at,2019-20
22,25,24,2020-02-15,North Carolina A&T,,North Carolina Central,REG (Conf),L 80-86 (2OT),,30,2,5,.400,2,5,.400,0,0,,.600,0,0,,0,1,1,2,1,0,2,1,6,3.6,Kennedy Boyd,https://www.sports-reference.com/cbb/players/kennedy-boyd-1.html,north-carolina-at,2019-20
23,26,25,2020-02-22,North Carolina A&T,,Howard,REG (Conf),W 60-55,,7,0,1,.000,0,1,.000,0,0,,.000,0,0,,0,0,0,0,0,0,2,0,0,-2.7,Kennedy Boyd,https://www.sports-reference.com/cbb/players/kennedy-boyd-1.html,north-carolina-at,2019-20
24,27,26,2020-02-24,North Carolina A&T,,Maryland Eastern Shore,REG (Conf),W 72-57,,12,0,4,.000,0,3,.000,0,1,.000,.000,0,0,,0,0,0,0,1,0,2,0,0,-3.8,Kennedy Boyd,https://www.sports-reference.com/cbb/players/kennedy-boyd-1.html,north-carolina-at,2019-20
25,28,27,2020-03-02,North Carolina A&T,@,South Carolina State,REG (Conf),W 63-47,,7,0,0,,0,0,,0,0,,,0,0,,0,1,1,0,1,0,1,0,0,0.3,Kennedy Boyd,https://www.sports-reference.com/cbb/players/kennedy-boyd-1.html,north-carolina-at,2019-20
26,29,28,2020-03-05,North Carolina A&T,@,North Carolina Central,REG (Conf),L 52-65,,10,2,6,.333,2,4,.500,0,2,.000,.500,0,0,,1,2,3,0,0,0,2,2,6,1.1,Kennedy Boyd,https://www.sports-reference.com/cbb/players/kennedy-boyd-1.html,north-carolina-at,2019-20
27,30,29,2020-03-12,North Carolina A&T,,North Carolina Central,CTOURN,L 54-56,,1,0,0,,0,0,,0,0,,,0,0,,0,0,0,0,0,0,0,0,0,0.0,Kennedy Boyd,https://www.sports-reference.com/cbb/players/kennedy-boyd-1.html,north-carolina-at,2019-20
