ranker,player_game_num_career,team_game_num_season,date,team_name_abbr,game_location,opp_name_abbr,game_type,game_result,is_starter,mp,fg,fga,fg_pct,fg3,fg3a,fg3_pct,fg2,fg2a,fg2_pct,efg_pct,ft,fta,ft_pct,orb,drb,trb,ast,stl,blk,tov,pf,pts,game_score,player_name,player_sr_link,school,season
1,60,1,2019-11-06,North Carolina A&T,@,NC State,REG (Non-Conf),L 44-80,*,13,0,2,.000,0,0,,0,2,.000,.000,0,0,,0,2,2,0,0,0,2,1,0,-3.2,Mikaya Wilson,https://www.sports-reference.com/cbb/players/mikaya-wilson-1.html,north-carolina-at,2019-20
2,61,2,2019-11-09,North Carolina A&T,,Johnson/Wales-NC,REG (Non-Conf),W 121-61,*,14,0,3,.000,0,0,,0,3,.000,.000,0,0,,1,1,2,7,1,0,1,0,0,3.8,Mikaya Wilson,https://www.sports-reference.com/cbb/players/mikaya-wilson-1.html,north-carolina-at,2019-20
3,62,3,2019-11-13,North Carolina A&T,@,Georgia,REG (Non-Conf),L 54-72,*,16,2,7,.286,0,0,,2,7,.286,.286,0,0,,0,1,1,2,2,0,1,1,4,2.2,Mikaya Wilson,https://www.sports-reference.com/cbb/players/mikaya-wilson-1.html,north-carolina-at,2019-20
4,63,4,2019-11-18,North Carolina A&T,,East Tennessee State,REG (Non-Conf),W 80-69,*,20,4,8,.500,0,2,.000,4,6,.667,.500,7,11,.636,1,2,3,3,2,0,4,4,15,9.2,Mikaya Wilson,https://www.sports-reference.com/cbb/players/mikaya-wilson-1.html,north-carolina-at,2019-20
5,64,5,2019-11-22,North Carolina A&T,@,Miami (FL),REG (Non-Conf),L 67-68,*,22,5,8,.625,0,1,.000,5,7,.714,.625,1,2,.500,0,0,0,3,1,0,2,4,11,6.5,Mikaya Wilson,https://www.sports-reference.com/cbb/players/mikaya-wilson-1.html,north-carolina-at,2019-20
6,65,6,2019-11-23,North Carolina A&T,@,Arkansas State,REG (Non-Conf),W 55-50,*,22,1,1,1.000,0,0,,1,1,1.000,1.000,0,0,,0,5,5,2,1,0,4,2,2,0.8,Mikaya Wilson,https://www.sports-reference.com/cbb/players/mikaya-wilson-1.html,north-carolina-at,2019-20
7,66,7,2019-11-26,North Carolina A&T,@,Morehead State,REG (Non-Conf),W 74-56,*,24,2,3,.667,0,0,,2,3,.667,.667,2,2,1.000,0,5,5,3,1,0,4,2,6,4.5,Mikaya Wilson,https://www.sports-reference.com/cbb/players/mikaya-wilson-1.html,north-carolina-at,2019-20
8,67,8,2019-12-02,North Carolina A&T,,St. Augustine's,REG (Non-Conf),W 75-44,*,15,1,1,1.000,0,0,,1,1,1.000,1.000,0,0,,1,1,2,4,3,0,3,1,2,5.1,Mikaya Wilson,https://www.sports-reference.com/cbb/players/mikaya-wilson-1.html,north-carolina-at,2019-20
9,68,9,2019-12-12,North Carolina A&T,,UNC Greensboro,REG (Non-Conf),W 57-48,*,26,1,4,.250,0,0,,1,4,.250,.250,0,2,.000,0,1,1,3,2,0,1,3,2,1.0,Mikaya Wilson,https://www.sports-reference.com/cbb/players/mikaya-wilson-1.html,north-carolina-at,2019-20
10,69,10,2019-12-16,North Carolina A&T,@,Akron,REG (Non-Conf),L 52-64,,18,2,2,1.000,0,0,,2,2,1.000,1.000,1,2,.500,0,1,1,1,0,0,1,3,5,2.8,Mikaya Wilson,https://www.sports-reference.com/cbb/players/mikaya-wilson-1.html,north-carolina-at,2019-20
11,70,11,2019-12-20,North Carolina A&T,@,Clemson,REG (Non-Conf),W 82-74,*,27,1,4,.250,0,0,,1,4,.250,.250,4,4,1.000,1,2,3,4,0,0,2,3,6,4.5,Mikaya Wilson,https://www.sports-reference.com/cbb/players/mikaya-wilson-1.html,north-carolina-at,2019-20
12,71,12,2019-12-30,North Carolina A&T,@,VCU,REG (Non-Conf),W 69-58,*,26,2,2,1.000,0,0,,2,2,1.000,1.000,3,4,.750,0,1,1,3,0,0,3,3,7,4.2,Mikaya Wilson,https://www.sports-reference.com/cbb/players/mikaya-wilson-1.html,north-carolina-at,2019-20
13,72,13,2020-01-06,North Carolina A&T,,Florida A&M,REG (Conf),W 71-44,*,19,0,3,.000,0,0,,0,3,.000,.000,1,2,.500,1,1,2,2,0,0,0,0,1,0.9,Mikaya Wilson,https://www.sports-reference.com/cbb/players/mikaya-wilson-1.html,north-carolina-at,2019-20
14,73,14,2020-01-11,North Carolina A&T,@,Maryland Eastern Shore,REG (Conf),W 67-31,*,20,0,0,,0,0,,0,0,,,1,2,.500,1,5,6,3,1,0,1,2,1,4.1,Mikaya Wilson,https://www.sports-reference.com/cbb/players/mikaya-wilson-1.html,north-carolina-at,2019-20
15,74,15,2020-01-13,North Carolina A&T,@,Delaware State,REG (Conf),W 69-45,*,23,2,4,.500,0,0,,2,4,.500,.500,0,0,,0,1,1,3,1,0,6,3,4,-1.8,Mikaya Wilson,https://www.sports-reference.com/cbb/players/mikaya-wilson-1.html,north-carolina-at,2019-20
16,75,16,2020-01-18,North Carolina A&T,@,Coppin State,REG (Conf),W 84-38,*,17,0,4,.000,0,0,,0,4,.000,.000,0,0,,1,1,2,4,1,0,0,2,0,1.2,Mikaya Wilson,https://www.sports-reference.com/cbb/players/mikaya-wilson-1.html,north-carolina-at,2019-20
17,76,17,2020-01-20,North Carolina A&T,@,Morgan State,REG (Conf),L 38-42,*,22,0,3,.000,0,1,.000,0,2,.000,.000,1,2,.500,1,1,2,5,1,0,5,4,1,-2.6,Mikaya Wilson,https://www.sports-reference.com/cbb/players/mikaya-wilson-1.html,north-carolina-at,2019-20
18,77,18,2020-01-25,North Carolina A&T,,Bethune-Cookman,REG (Conf),L 58-69,*,22,3,8,.375,1,2,.500,2,6,.333,.438,2,3,.667,0,2,2,2,0,0,3,2,9,2.4,Mikaya Wilson,https://www.sports-reference.com/cbb/players/mikaya-wilson-1.html,north-carolina-at,2019-20
19,78,19,2020-01-27,North Carolina A&T,,Delaware State,REG (Conf),W 58-53,*,33,7,13,.538,0,0,,7,13,.538,.538,4,8,.500,0,6,6,1,4,0,9,1,18,7.2,Mikaya Wilson,https://www.sports-reference.com/cbb/players/mikaya-wilson-1.html,north-carolina-at,2019-20
20,79,20,2020-02-01,North Carolina A&T,,Norfolk State,REG (Conf),W 53-39,*,27,1,4,.250,0,0,,1,4,.250,.250,2,2,1.000,2,2,4,2,2,0,3,1,4,3.6,Mikaya Wilson,https://www.sports-reference.com/cbb/players/mikaya-wilson-1.html,north-carolina-at,2019-20
21,80,21,2020-02-03,North Carolina A&T,,South Carolina State,REG (Conf),W 66-55,*,20,3,5,.600,0,0,,3,5,.600,.600,4,4,1.000,2,3,5,1,0,0,3,3,10,6.5,Mikaya Wilson,https://www.sports-reference.com/cbb/players/mikaya-wilson-1.html,north-carolina-at,2019-20
22,81,22,2020-02-08,North Carolina A&T,@,Bethune-Cookman,REG (Conf),L 50-70,*,22,1,3,.333,0,0,,1,3,.333,.333,0,2,.000,1,1,2,3,0,0,4,3,2,-2.6,Mikaya Wilson,https://www.sports-reference.com/cbb/players/mikaya-wilson-1.html,north-carolina-at,2019-20
23,82,23,2020-02-10,North Carolina A&T,@,Florida A&M,REG (Conf),W 66-49,*,14,0,1,.000,0,0,,0,1,.000,.000,0,0,,0,0,0,0,0,0,1,3,0,-2.9,Mikaya Wilson,https://www.sports-reference.com/cbb/players/mikaya-wilson-1.html,north-carolina-at,2019-20
24,83,24,2020-02-15,North Carolina A&T,,North Carolina Central,REG (Conf),L 80-86 (2OT),*,18,0,0,,0,0,,0,0,,,0,0,,0,0,0,5,1,0,2,3,0,1.3,Mikaya Wilson,https://www.sports-reference.com/cbb/players/mikaya-wilson-1.html,north-carolina-at,2019-20
25,84,25,2020-02-22,North Carolina A&T,,Howard,REG (Conf),W 60-55,*,15,0,1,.000,0,0,,0,1,.000,.000,0,0,,0,0,0,0,2,0,0,3,0,0.1,Mikaya Wilson,https://www.sports-reference.com/cbb/players/mikaya-wilson-1.html,north-carolina-at,2019-20
26,85,26,2020-02-24,North Carolina A&T,,Maryland Eastern Shore,REG (Conf),W 72-57,*,28,2,5,.400,0,0,,2,5,.400,.400,2,4,.500,0,3,3,6,3,0,1,2,6,8.8,Mikaya Wilson,https://www.sports-reference.com/cbb/players/mikaya-wilson-1.html,north-carolina-at,2019-20
27,86,27,2020-03-02,North Carolina A&T,@,South Carolina State,REG (Conf),W 63-47,*,26,3,5,.600,0,0,,3,5,.600,.600,0,0,,0,0,0,1,0,0,3,1,6,1.0,Mikaya Wilson,https://www.sports-reference.com/cbb/players/mikaya-wilson-1.html,north-carolina-at,2019-20
28,87,28,2020-03-05,North Carolina A&T,@,North Carolina Central,REG (Conf),L 52-65,*,14,1,3,.333,0,0,,1,3,.333,.333,1,2,.500,1,0,1,0,2,0,1,4,3,1.0,Mikaya Wilson,https://www.sports-reference.com/cbb/players/mikaya-wilson-1.html,north-carolina-at,2019-20
29,88,29,2020-03-12,North Carolina A&T,,North Carolina Central,CTOURN,L 54-56,*,16,0,2,.000,0,1,.000,0,1,.000,.000,1,2,.500,0,4,4,2,0,0,5,3,1,-4.4,Mikaya Wilson,https://www.sports-reference.com/cbb/players/mikaya-wilson-1.html,north-carolina-at,2019-20
