ranker,player_game_num_career,team_game_num_season,date,team_name_abbr,game_location,opp_name_abbr,game_type,game_result,is_starter,mp,fg,fga,fg_pct,fg3,fg3a,fg3_pct,fg2,fg2a,fg2_pct,efg_pct,ft,fta,orb,drb,trb,ast,stl,blk,tov,pf,pts,game_score,player_name,player_sr_link,school,season
1,25,2,2019-11-09,North Carolina A&T,,Johnson/Wales-NC,REG (Non-Conf),W 121-61,,7,1,7,.143,0,6,.000,1,1,1.000,.143,0,0,0,1,1,0,1,0,2,0,2,-3.2,Taya Jones,https://www.sports-reference.com/cbb/players/taya-jones-1.html,north-carolina-at,2019-20
2,26,13,2020-01-06,North Carolina A&T,,Florida A&M,REG (Conf),W 71-44,,2,0,0,,0,0,,0,0,,,0,0,0,0,0,0,0,0,0,0,0,0.0,Taya Jones,https://www.sports-reference.com/cbb/players/taya-jones-1.html,north-carolina-at,2019-20
3,27,22,2020-02-08,North Carolina A&T,@,Bethune-Cookman,REG (Conf),L 50-70,,4,0,2,.000,0,1,.000,0,1,.000,.000,0,0,1,0,1,0,0,0,0,1,0,-1.1,Taya Jones,https://www.sports-reference.com/cbb/players/taya-jones-1.html,north-carolina-at,2019-20
4,28,23,2020-02-10,North Carolina A&T,@,Florida A&M,REG (Conf),W 66-49,,14,2,5,.400,2,4,.500,0,1,.000,.600,0,0,1,0,1,1,1,0,0,0,6,5.7,Taya Jones,https://www.sports-reference.com/cbb/players/taya-jones-1.html,north-carolina-at,2019-20
5,29,24,2020-02-15,North Carolina A&T,,North Carolina Central,REG (Conf),L 80-86 (2OT),,25,3,11,.273,2,8,.250,1,3,.333,.364,0,0,0,3,3,2,0,0,0,1,8,3.4,Taya Jones,https://www.sports-reference.com/cbb/players/taya-jones-1.html,north-carolina-at,2019-20
6,30,25,2020-02-22,North Carolina A&T,,Howard,REG (Conf),W 60-55,,5,0,1,.000,0,0,,0,1,.000,.000,0,0,1,1,2,0,0,0,1,0,0,-0.7,Taya Jones,https://www.sports-reference.com/cbb/players/taya-jones-1.html,north-carolina-at,2019-20
7,31,26,2020-02-24,North Carolina A&T,,Maryland Eastern Shore,REG (Conf),W 72-57,,4,0,2,.000,0,2,.000,0,0,,.000,0,0,1,0,1,0,0,0,0,0,0,-0.7,Taya Jones,https://www.sports-reference.com/cbb/players/taya-jones-1.html,north-carolina-at,2019-20
8,32,27,2020-03-02,North Carolina A&T,@,South Carolina State,REG (Conf),W 63-47,,6,0,1,.000,0,1,.000,0,0,,.000,0,0,0,0,0,0,0,0,1,1,0,-2.1,Taya Jones,https://www.sports-reference.com/cbb/players/taya-jones-1.html,north-carolina-at,2019-20
9,33,28,2020-03-05,North Carolina A&T,@,North Carolina Central,REG (Conf),L 52-65,,7,1,3,.333,1,2,.500,0,1,.000,.500,0,0,0,0,0,0,0,0,0,0,3,1.3,Taya Jones,https://www.sports-reference.com/cbb/players/taya-jones-1.html,north-carolina-at,2019-20
