ranker,player_game_num_career,team_game_num_season,date,team_name_abbr,game_location,opp_name_abbr,game_type,game_result,is_starter,mp,fg,fga,fg_pct,fg3,fg3a,fg3_pct,fg2,fg2a,fg2_pct,efg_pct,ft,fta,orb,drb,trb,ast,stl,blk,tov,pf,pts,game_score,player_name,player_sr_link,school,season
1,1,2,2019-11-09,North Carolina A&T,,Johnson/Wales-NC,REG (Non-Conf),W 121-61,,4,0,2,.000,0,2,.000,0,0,,.000,0,0,0,0,0,0,0,0,1,2,0,-3.2,Ya'Taria Coleman,https://www.sports-reference.com/cbb/players/yataria-coleman-1.html,north-carolina-at,2019-20
2,2,8,2019-12-02,North Carolina A&T,,St. Augustine's,REG (Non-Conf),W 75-44,,3,0,0,,0,0,,0,0,,,0,0,0,1,1,0,0,0,0,0,0,0.3,Ya'Taria Coleman,https://www.sports-reference.com/cbb/players/yataria-coleman-1.html,north-carolina-at,2019-20
3,3,13,2020-01-06,North Carolina A&T,,Florida A&M,REG (Conf),W 71-44,,2,0,1,.000,0,0,,0,1,.000,.000,0,0,0,0,0,0,0,0,0,2,0,-1.5,Ya'Taria Coleman,https://www.sports-reference.com/cbb/players/yataria-coleman-1.html,north-carolina-at,2019-20
4,4,14,2020-01-11,North Carolina A&T,@,Maryland Eastern Shore,REG (Conf),W 67-31,,3,0,2,.000,0,2,.000,0,0,,.000,0,0,0,0,0,0,0,0,0,0,0,-1.4,Ya'Taria Coleman,https://www.sports-reference.com/cbb/players/yataria-coleman-1.html,north-carolina-at,2019-20
5,5,16,2020-01-18,North Carolina A&T,@,Coppin State,REG (Conf),W 84-38,,3,0,0,,0,0,,0,0,,,0,0,0,0,0,0,1,0,1,0,0,0.0,Ya'Taria Coleman,https://www.sports-reference.com/cbb/players/yataria-coleman-1.html,north-carolina-at,2019-20
6,6,27,2020-03-02,North Carolina A&T,@,South Carolina State,REG (Conf),W 63-47,,1,0,1,.000,0,0,,0,1,.000,.000,0,0,0,0,0,0,0,0,0,0,0,-0.7,Ya'Taria Coleman,https://www.sports-reference.com/cbb/players/yataria-coleman-1.html,north-carolina-at,2019-20
