ranker,player_game_num_career,team_game_num_season,date,team_name_abbr,game_location,opp_name_abbr,game_type,game_result,is_starter,mp,fg,fga,fg_pct,fg3,fg3a,fg3_pct,fg2,fg2a,fg2_pct,efg_pct,ft,fta,ft_pct,orb,drb,trb,ast,stl,blk,tov,pf,pts,game_score,player_name,player_sr_link,school,season
1,11,3,2021-11-17,Missouri,@,Saint Louis,REG (Non-Conf),W 69-53,,1,0,0,,0,0,,0,0,,,0,0,,0,0,0,0,0,0,0,0,0,0.0,Jayla Kelly,https://www.sports-reference.com/cbb/players/jayla-kelly-1.html,missouri,2021-22
2,12,4,2021-11-21,Missouri,,Idaho State,REG (Non-Conf),W 75-47,,6,0,0,,0,0,,0,0,,,0,0,,0,0,0,0,0,0,2,2,0,-2.8,Jayla Kelly,https://www.sports-reference.com/cbb/players/jayla-kelly-1.html,missouri,2021-22
3,13,7,2021-11-28,Missouri,@,Lehigh,REG (Non-Conf),W 88-67,,6,1,2,.500,0,0,,1,2,.500,.500,1,2,.500,0,0,0,0,0,0,0,0,3,1.6,Jayla Kelly,https://www.sports-reference.com/cbb/players/jayla-kelly-1.html,missouri,2021-22
4,14,8,2021-12-02,Missouri,,SIU Edwardsville,REG (Non-Conf),W 79-46,,12,1,3,.333,0,0,,1,3,.333,.333,1,1,1.000,1,2,3,1,1,0,1,2,3,2.5,Jayla Kelly,https://www.sports-reference.com/cbb/players/jayla-kelly-1.html,missouri,2021-22
5,15,9,2021-12-04,Missouri,@,Baylor,REG (Non-Conf),L 68-70,,2,0,1,.000,0,0,,0,1,.000,.000,0,0,,0,0,0,0,0,0,0,1,0,-1.1,Jayla Kelly,https://www.sports-reference.com/cbb/players/jayla-kelly-1.html,missouri,2021-22
6,16,10,2021-12-10,Missouri,@,Missouri State,REG (Non-Conf),L 51-79,,3,1,2,.500,0,0,,1,2,.500,.500,1,1,1.000,0,0,0,0,0,0,0,3,3,0.8,Jayla Kelly,https://www.sports-reference.com/cbb/players/jayla-kelly-1.html,missouri,2021-22
7,17,11,2021-12-12,Missouri,,Alabama A&M,REG (Non-Conf),W 69-55,,6,0,0,,0,0,,0,0,,,0,0,,0,1,1,0,0,0,2,1,0,-2.1,Jayla Kelly,https://www.sports-reference.com/cbb/players/jayla-kelly-1.html,missouri,2021-22
8,18,12,2021-12-20,Missouri,,Southern,REG (Non-Conf),W 73-54,,4,1,1,1.000,0,0,,1,1,1.000,1.000,0,0,,0,0,0,0,0,0,1,1,2,0.3,Jayla Kelly,https://www.sports-reference.com/cbb/players/jayla-kelly-1.html,missouri,2021-22
9,19,13,2021-12-22,Missouri,@,Illinois,REG (Non-Conf),W 84-65,,2,0,0,,0,0,,0,0,,,0,0,,0,1,1,0,0,0,0,0,0,0.3,Jayla Kelly,https://www.sports-reference.com/cbb/players/jayla-kelly-1.html,missouri,2021-22
10,20,15,2022-01-06,Missouri,,Auburn,REG (Conf),W 72-63 (OT),,0,0,0,,0,0,,0,0,,,0,0,,0,0,0,0,0,0,0,0,0,0.0,Jayla Kelly,https://www.sports-reference.com/cbb/players/jayla-kelly-1.html,missouri,2021-22
11,21,17,2022-01-13,Missouri,@,Louisiana State,REG (Conf),L 85-87 (OT),,3,0,1,.000,0,0,,0,1,.000,.000,0,0,,1,0,1,0,0,0,0,0,0,0.0,Jayla Kelly,https://www.sports-reference.com/cbb/players/jayla-kelly-1.html,missouri,2021-22
12,22,18,2022-01-17,Missouri,,Georgia,REG (Conf),L 62-72,,1,0,0,,0,0,,0,0,,,0,0,,0,0,0,0,0,0,2,1,0,-2.4,Jayla Kelly,https://www.sports-reference.com/cbb/players/jayla-kelly-1.html,missouri,2021-22
13,23,19,2022-01-20,Missouri,@,Vanderbilt,REG (Conf),W 66-52,,4,0,2,.000,0,0,,0,2,.000,.000,0,0,,1,1,2,0,1,1,0,0,0,1.3,Jayla Kelly,https://www.sports-reference.com/cbb/players/jayla-kelly-1.html,missouri,2021-22
14,24,22,2022-01-30,Missouri,@,Alabama,REG (Conf),W 77-61,,5,2,4,.500,0,1,.000,2,3,.667,.500,0,2,.000,0,0,0,0,0,1,0,2,4,1.1,Jayla Kelly,https://www.sports-reference.com/cbb/players/jayla-kelly-1.html,missouri,2021-22
15,25,23,2022-02-03,Missouri,,Ole Miss,REG (Conf),L 45-61,,3,1,2,.500,0,0,,1,2,.500,.500,0,0,,1,2,3,0,0,0,0,2,2,1.5,Jayla Kelly,https://www.sports-reference.com/cbb/players/jayla-kelly-1.html,missouri,2021-22
16,26,24,2022-02-10,Missouri,@,Tennessee,REG (Conf),L 62-76,,5,1,4,.250,0,0,,1,4,.250,.250,0,0,,1,0,1,0,0,1,0,1,2,0.6,Jayla Kelly,https://www.sports-reference.com/cbb/players/jayla-kelly-1.html,missouri,2021-22
17,27,26,2022-02-17,Missouri,@,Georgia,REG (Conf),L 49-74,,19,5,9,.556,0,0,,5,9,.556,.556,0,2,.000,2,3,5,0,3,2,2,1,10,9.2,Jayla Kelly,https://www.sports-reference.com/cbb/players/jayla-kelly-1.html,missouri,2021-22
18,28,27,2022-02-20,Missouri,,Mississippi State,REG (Conf),W 76-66,,6,1,3,.333,0,0,,1,3,.333,.333,0,0,,0,1,1,1,0,3,1,0,2,2.4,Jayla Kelly,https://www.sports-reference.com/cbb/players/jayla-kelly-1.html,missouri,2021-22
19,29,28,2022-02-24,Missouri,,Kentucky,REG (Conf),L 63-78,*,15,4,9,.444,0,0,,4,9,.444,.444,3,4,.750,3,1,4,1,1,0,2,2,11,7.2,Jayla Kelly,https://www.sports-reference.com/cbb/players/jayla-kelly-1.html,missouri,2021-22
20,30,29,2022-02-27,Missouri,@,Florida,REG (Conf),W 78-73,,3,0,2,.000,0,0,,0,2,.000,.000,0,0,,0,2,2,1,0,0,0,1,0,-0.5,Jayla Kelly,https://www.sports-reference.com/cbb/players/jayla-kelly-1.html,missouri,2021-22
21,31,30,2022-03-03,Missouri,@,Arkansas,CTOURN,L 52-61 (OT),,3,0,0,,0,0,,0,0,,,0,0,,0,1,1,0,0,0,0,1,0,-0.1,Jayla Kelly,https://www.sports-reference.com/cbb/players/jayla-kelly-1.html,missouri,2021-22
22,32,31,2022-03-17,Missouri,,Drake,WNIT,L 78-83 (OT),,5,2,3,.667,0,0,,2,3,.667,.667,0,0,,0,0,0,0,1,0,2,2,4,0.9,Jayla Kelly,https://www.sports-reference.com/cbb/players/jayla-kelly-1.html,missouri,2021-22
