ranker,player_game_num_career,team_game_num_season,date,team_name_abbr,game_location,opp_name_abbr,game_type,game_result,is_starter,mp,fg,fga,fg_pct,fg3,fg3a,fg3_pct,fg2,fg2a,fg2_pct,efg_pct,ft,fta,ft_pct,orb,drb,trb,ast,stl,blk,tov,pf,pts,game_score,player_name,player_sr_link,school,season
1,1,1,2021-11-09,Louisiana,,Tx AM-Kingsvil,REG (Non-Conf),W 84-58,,12,1,3,.333,0,1,.000,1,2,.500,.333,4,6,.667,2,2,4,0,1,0,0,1,6,6.1,Alicia Blanton,https://www.sports-reference.com/cbb/players/alicia-blanton-1.html,louisiana-lafayette,2021-22
2,2,2,2021-11-13,Louisiana,@,Rice,REG (Non-Conf),W 73-69,,5,1,2,.500,0,1,.000,1,1,1.000,.500,0,0,,0,1,1,0,1,0,0,2,2,1.5,Alicia Blanton,https://www.sports-reference.com/cbb/players/alicia-blanton-1.html,louisiana-lafayette,2021-22
3,3,3,2021-11-18,Louisiana,,Louisiana State,REG (Non-Conf),L 41-70,,13,1,3,.333,0,0,,1,3,.333,.333,2,3,.667,0,2,2,0,1,0,1,1,4,2.1,Alicia Blanton,https://www.sports-reference.com/cbb/players/alicia-blanton-1.html,louisiana-lafayette,2021-22
4,4,4,2021-11-20,Louisiana,,New Orleans,REG (Non-Conf),W 64-45,*,20,5,11,.455,1,3,.333,4,8,.500,.500,1,5,.200,0,4,4,0,0,0,1,1,12,4.5,Alicia Blanton,https://www.sports-reference.com/cbb/players/alicia-blanton-1.html,louisiana-lafayette,2021-22
