ranker,player_game_num_career,team_game_num_season,date,team_name_abbr,game_location,opp_name_abbr,game_type,game_result,is_starter,mp,fg,fga,fg_pct,fg3,fg3a,fg3_pct,fg2,fg2a,fg2_pct,efg_pct,ft,fta,ft_pct,orb,drb,trb,ast,stl,blk,tov,pf,pts,game_score,player_name,player_sr_link,school,season
1,1,1,2024-11-04,La Salle,@,Maine,REG (Non-Conf),L 51-65,,29,5,10,.500,1,3,.333,4,7,.571,.550,1,2,.500,2,1,3,2,2,0,0,3,12,10.5,Joan Quinn,https://www.sports-reference.com/cbb/players/joan-quinn-1.html,la-salle,2024-25
2,2,2,2024-11-09,La Salle,,Delaware,REG (Non-Conf),W 68-54,,24,4,9,.444,1,4,.250,3,5,.600,.500,0,0,,1,2,3,2,0,0,1,2,9,5.2,Joan Quinn,https://www.sports-reference.com/cbb/players/joan-quinn-1.html,la-salle,2024-25
3,3,3,2024-11-13,La Salle,@,Drexel,REG (Non-Conf),L 40-73,,24,1,6,.167,1,4,.250,0,2,.000,.250,2,2,1.000,0,6,6,0,1,0,2,4,5,0.4,Joan Quinn,https://www.sports-reference.com/cbb/players/joan-quinn-1.html,la-salle,2024-25
4,4,4,2024-11-17,La Salle,@,Virginia,REG (Non-Conf),L 47-76,,29,5,12,.417,3,8,.375,2,4,.500,.542,3,4,.750,2,3,5,2,1,0,3,2,16,10.1,Joan Quinn,https://www.sports-reference.com/cbb/players/joan-quinn-1.html,la-salle,2024-25
5,5,5,2024-11-20,La Salle,,Rider,REG (Non-Conf),W 55-54,*,26,1,9,.111,1,4,.250,0,5,.000,.167,0,2,.000,3,1,4,4,2,0,2,5,3,-0.5,Joan Quinn,https://www.sports-reference.com/cbb/players/joan-quinn-1.html,la-salle,2024-25
6,6,6,2024-11-23,La Salle,@,American,REG (Non-Conf),W 69-60,*,31,3,9,.333,1,4,.250,2,5,.400,.389,2,4,.500,4,5,9,1,1,0,2,0,9,7.1,Joan Quinn,https://www.sports-reference.com/cbb/players/joan-quinn-1.html,la-salle,2024-25
7,7,7,2024-11-26,La Salle,,Lehigh,REG (Non-Conf),W 65-62,*,31,2,6,.333,1,4,.250,1,2,.500,.417,1,1,1.000,0,2,2,2,4,0,5,1,6,3.2,Joan Quinn,https://www.sports-reference.com/cbb/players/joan-quinn-1.html,la-salle,2024-25
8,8,8,2024-12-01,La Salle,,Temple,REG (Non-Conf),L 68-73,*,39,3,11,.273,0,3,.000,3,8,.375,.273,2,2,1.000,2,1,3,3,2,2,1,2,8,6.9,Joan Quinn,https://www.sports-reference.com/cbb/players/joan-quinn-1.html,la-salle,2024-25
9,9,9,2024-12-03,La Salle,@,Loyola Chicago,REG (Conf),W 55-45,*,26,1,5,.200,1,3,.333,0,2,.000,.300,2,2,1.000,1,1,2,5,2,0,1,2,5,6.6,Joan Quinn,https://www.sports-reference.com/cbb/players/joan-quinn-1.html,la-salle,2024-25
10,10,10,2024-12-06,La Salle,N,Pennsylvania,REG (Non-Conf),L 63-74,*,29,2,11,.182,0,6,.000,2,5,.400,.182,2,2,1.000,0,2,2,3,2,0,0,2,6,3.0,Joan Quinn,https://www.sports-reference.com/cbb/players/joan-quinn-1.html,la-salle,2024-25
11,11,11,2024-12-13,La Salle,,Chestnut Hill,REG (Non-Conf),W 95-46,*,23,2,5,.400,2,4,.500,0,1,.000,.600,0,0,,0,1,1,5,1,0,0,2,6,7.3,Joan Quinn,https://www.sports-reference.com/cbb/players/joan-quinn-1.html,la-salle,2024-25
12,12,12,2024-12-17,La Salle,@,Texas,REG (Non-Conf),L 49-111,*,20,0,3,.000,0,3,.000,0,0,,.000,4,4,1.000,0,1,1,0,0,0,3,1,4,-1.2,Joan Quinn,https://www.sports-reference.com/cbb/players/joan-quinn-1.html,la-salle,2024-25
13,13,13,2024-12-20,La Salle,N,Northern Kentucky,REG (Non-Conf),W 70-67,*,30,6,10,.600,4,5,.800,2,5,.400,.800,2,2,1.000,0,3,3,0,0,0,1,4,18,11.7,Joan Quinn,https://www.sports-reference.com/cbb/players/joan-quinn-1.html,la-salle,2024-25
14,14,14,2024-12-21,La Salle,@,UC San Diego,REG (Non-Conf),L 53-69,*,26,2,7,.286,0,4,.000,2,3,.667,.286,2,2,1.000,1,1,2,4,1,0,3,5,6,1.7,Joan Quinn,https://www.sports-reference.com/cbb/players/joan-quinn-1.html,la-salle,2024-25
15,15,15,2024-12-29,La Salle,,George Washington,REG (Conf),L 54-65,*,21,1,8,.125,0,4,.000,1,4,.250,.125,2,2,1.000,1,2,3,0,3,0,3,2,4,-0.7,Joan Quinn,https://www.sports-reference.com/cbb/players/joan-quinn-1.html,la-salle,2024-25
16,16,16,2025-01-02,La Salle,@,Davidson,REG (Conf),L 61-78,,28,4,6,.667,1,1,1.000,3,5,.600,.750,5,6,.833,0,2,2,1,2,0,0,1,14,13.9,Joan Quinn,https://www.sports-reference.com/cbb/players/joan-quinn-1.html,la-salle,2024-25
17,17,17,2025-01-05,La Salle,,Saint Joseph's,REG (Conf),L 49-85,,23,1,9,.111,0,1,.000,1,8,.125,.111,0,0,,2,0,2,1,1,0,3,0,2,-3.8,Joan Quinn,https://www.sports-reference.com/cbb/players/joan-quinn-1.html,la-salle,2024-25
18,18,18,2025-01-11,La Salle,@,Dayton,REG (Conf),L 61-79,*,17,2,6,.333,0,1,.000,2,5,.400,.333,1,1,1.000,2,2,4,1,2,0,1,5,5,3.3,Joan Quinn,https://www.sports-reference.com/cbb/players/joan-quinn-1.html,la-salle,2024-25
19,19,19,2025-01-15,La Salle,@,Massachusetts,REG (Conf),L 66-82,*,31,5,12,.417,3,8,.375,2,4,.500,.542,0,0,,1,1,2,1,1,0,2,2,13,6.5,Joan Quinn,https://www.sports-reference.com/cbb/players/joan-quinn-1.html,la-salle,2024-25
20,20,20,2025-01-18,La Salle,,George Mason,REG (Conf),L 40-57,*,34,5,12,.417,1,3,.333,4,9,.444,.458,4,4,1.000,1,1,2,1,2,0,2,5,15,8.3,Joan Quinn,https://www.sports-reference.com/cbb/players/joan-quinn-1.html,la-salle,2024-25
21,21,21,2025-01-22,La Salle,,Duquesne,REG (Conf),L 57-67,*,38,5,18,.278,2,7,.286,3,11,.273,.333,1,2,.500,6,6,12,1,0,1,5,3,13,3.2,Joan Quinn,https://www.sports-reference.com/cbb/players/joan-quinn-1.html,la-salle,2024-25
22,22,22,2025-01-25,La Salle,@,Saint Joseph's,REG (Conf),L 52-76,*,36,8,17,.471,1,3,.333,7,14,.500,.500,6,7,.857,0,6,6,3,1,0,2,2,23,16.0,Joan Quinn,https://www.sports-reference.com/cbb/players/joan-quinn-1.html,la-salle,2024-25
23,23,23,2025-01-29,La Salle,@,St. Bonaventure,REG (Conf),W 67-58,*,38,8,12,.667,1,4,.250,7,8,.875,.708,4,4,1.000,3,1,4,1,3,0,3,2,21,18.1,Joan Quinn,https://www.sports-reference.com/cbb/players/joan-quinn-1.html,la-salle,2024-25
24,24,24,2025-02-02,La Salle,,Massachusetts,REG (Conf),L 50-60,*,31,1,7,.143,0,3,.000,1,4,.250,.143,0,0,,2,2,4,4,0,2,4,5,2,-2.3,Joan Quinn,https://www.sports-reference.com/cbb/players/joan-quinn-1.html,la-salle,2024-25
25,25,25,2025-02-05,La Salle,,Richmond,REG (Conf),L 53-72,*,32,4,8,.500,2,6,.333,2,2,1.000,.625,2,3,.667,0,3,3,4,0,0,6,1,12,4.9,Joan Quinn,https://www.sports-reference.com/cbb/players/joan-quinn-1.html,la-salle,2024-25
26,26,26,2025-02-08,La Salle,@,Saint Louis,REG (Conf),L 51-73,*,33,3,10,.300,2,5,.400,1,5,.200,.400,2,2,1.000,0,1,1,3,2,0,5,4,10,2.0,Joan Quinn,https://www.sports-reference.com/cbb/players/joan-quinn-1.html,la-salle,2024-25
27,27,27,2025-02-12,La Salle,,Fordham,REG (Conf),L 58-61,*,37,4,9,.444,1,3,.333,3,6,.500,.500,1,2,.500,4,2,6,1,1,2,5,3,10,5.2,Joan Quinn,https://www.sports-reference.com/cbb/players/joan-quinn-1.html,la-salle,2024-25
28,28,28,2025-02-15,La Salle,@,Rhode Island,REG (Conf),L 54-77,*,27,3,9,.333,1,3,.333,2,6,.333,.389,0,0,,0,1,1,2,1,0,2,4,7,1.0,Joan Quinn,https://www.sports-reference.com/cbb/players/joan-quinn-1.html,la-salle,2024-25
29,29,29,2025-02-22,La Salle,,St. Bonaventure,REG (Conf),L 41-48,*,35,2,10,.200,0,4,.000,2,6,.333,.200,0,0,,3,2,5,2,4,0,5,3,4,-0.3,Joan Quinn,https://www.sports-reference.com/cbb/players/joan-quinn-1.html,la-salle,2024-25
30,30,30,2025-02-26,La Salle,@,Fordham,REG (Conf),L 51-72,*,26,2,6,.333,0,2,.000,2,4,.500,.333,2,2,1.000,1,0,1,5,2,0,6,4,6,1.2,Joan Quinn,https://www.sports-reference.com/cbb/players/joan-quinn-1.html,la-salle,2024-25
31,31,31,2025-03-01,La Salle,,VCU,REG (Conf),W 61-60,,24,3,10,.300,2,5,.400,1,5,.200,.400,1,2,.500,1,0,1,3,0,0,3,1,9,2.2,Joan Quinn,https://www.sports-reference.com/cbb/players/joan-quinn-1.html,la-salle,2024-25
32,32,32,2025-03-05,La Salle,N,VCU,CTOURN,W 50-48,,31,4,6,.667,1,1,1.000,3,5,.600,.750,3,4,.750,2,1,3,1,2,0,3,1,12,10.0,Joan Quinn,https://www.sports-reference.com/cbb/players/joan-quinn-1.html,la-salle,2024-25
33,33,33,2025-03-06,La Salle,N,Dayton,CTOURN,L 45-60,,29,2,9,.222,1,5,.200,1,4,.250,.278,0,0,,4,2,6,1,1,0,1,2,5,2.8,Joan Quinn,https://www.sports-reference.com/cbb/players/joan-quinn-1.html,la-salle,2024-25
