ranker,player_game_num_career,team_game_num_season,date,team_name_abbr,game_location,opp_name_abbr,game_type,game_result,is_starter,mp,fg,fga,fg_pct,fg3,fg3a,fg3_pct,fg2,fg2a,fg2_pct,efg_pct,ft,fta,ft_pct,orb,drb,trb,ast,stl,blk,tov,pf,pts,game_score,player_name,player_sr_link,school,season
1,45,1,2023-11-09,Prairie View A&M,,Huston-Tilotson,REG (Non-Conf),W 102-62,*,11,1,1,1.000,0,0,,1,1,1.000,1.000,3,5,.600,0,1,1,4,1,0,2,1,5,5.6,Nyam Thornton,https://www.sports-reference.com/cbb/players/nyam-thornton-1.html,prairie-view,2023-24
2,46,2,2023-11-12,Prairie View A&M,@,McNeese State,REG (Non-Conf),W 85-70,*,14,0,2,.000,0,0,,0,2,.000,.000,0,0,,0,1,1,2,0,0,2,3,0,-2.9,Nyam Thornton,https://www.sports-reference.com/cbb/players/nyam-thornton-1.html,prairie-view,2023-24
3,47,3,2023-11-14,Prairie View A&M,@,Tulane,REG (Non-Conf),L 46-71,*,27,2,9,.222,0,4,.000,2,5,.400,.222,1,2,.500,1,1,2,1,1,0,2,2,5,-1.0,Nyam Thornton,https://www.sports-reference.com/cbb/players/nyam-thornton-1.html,prairie-view,2023-24
4,48,4,2023-11-16,Prairie View A&M,,North American,REG (Non-Conf),W 101-44,*,15,1,1,1.000,0,0,,1,1,1.000,1.000,0,0,,1,1,2,3,1,0,3,1,2,2.4,Nyam Thornton,https://www.sports-reference.com/cbb/players/nyam-thornton-1.html,prairie-view,2023-24
5,49,5,2023-11-19,Prairie View A&M,,Washington State,REG (Non-Conf),L 43-81,*,22,2,6,.333,0,0,,2,6,.333,.333,0,0,,2,1,3,3,2,0,1,0,4,5.4,Nyam Thornton,https://www.sports-reference.com/cbb/players/nyam-thornton-1.html,prairie-view,2023-24
6,50,6,2023-11-27,Prairie View A&M,,Incarnate Word,REG (Non-Conf),L 44-57,*,22,2,6,.333,0,1,.000,2,5,.400,.333,0,0,,2,3,5,0,0,0,3,3,4,-1.3,Nyam Thornton,https://www.sports-reference.com/cbb/players/nyam-thornton-1.html,prairie-view,2023-24
7,51,7,2023-12-10,Prairie View A&M,@,TCU,REG (Non-Conf),L 41-85,*,29,1,11,.091,0,3,.000,1,8,.125,.091,0,0,,0,2,2,1,0,0,0,0,2,-4.0,Nyam Thornton,https://www.sports-reference.com/cbb/players/nyam-thornton-1.html,prairie-view,2023-24
8,52,8,2023-12-16,Prairie View A&M,@,Rice,REG (Non-Conf),L 59-85,,25,3,9,.333,0,2,.000,3,7,.429,.333,4,4,1.000,1,0,1,0,1,0,3,1,10,3.2,Nyam Thornton,https://www.sports-reference.com/cbb/players/nyam-thornton-1.html,prairie-view,2023-24
9,53,9,2023-12-20,Prairie View A&M,@,Texas A&M,REG (Non-Conf),L 36-88,*,13,0,3,.000,0,0,,0,3,.000,.000,1,2,.500,0,0,0,1,0,0,3,2,1,-4.6,Nyam Thornton,https://www.sports-reference.com/cbb/players/nyam-thornton-1.html,prairie-view,2023-24
