ranker,player_game_num_career,team_game_num_season,date,team_name_abbr,game_location,opp_name_abbr,game_type,game_result,is_starter,mp,fg,fga,fg_pct,fg3,fg3a,fg3_pct,fg2,fg2a,fg2_pct,efg_pct,ft,fta,ft_pct,orb,drb,trb,ast,stl,blk,tov,pf,pts,game_score,player_name,player_sr_link,school,season
1,98,1,2023-11-09,Prairie View A&M,,Huston-Tilotson,REG (Non-Conf),W 102-62,,20,7,8,.875,2,2,1.000,5,6,.833,1.000,2,2,1.000,2,2,4,6,3,0,0,0,18,24.4,Ryann Payne,https://www.sports-reference.com/cbb/players/ryann-payne-1.html,prairie-view,2023-24
2,99,2,2023-11-12,Prairie View A&M,@,McNeese State,REG (Non-Conf),W 85-70,*,36,5,15,.333,0,0,,5,15,.333,.333,8,10,.800,2,4,6,4,2,0,1,2,18,14.3,Ryann Payne,https://www.sports-reference.com/cbb/players/ryann-payne-1.html,prairie-view,2023-24
3,100,3,2023-11-14,Prairie View A&M,@,Tulane,REG (Non-Conf),L 46-71,*,23,3,12,.250,1,6,.167,2,6,.333,.292,0,0,,0,1,1,1,2,0,0,4,7,1.2,Ryann Payne,https://www.sports-reference.com/cbb/players/ryann-payne-1.html,prairie-view,2023-24
4,101,4,2023-11-16,Prairie View A&M,,North American,REG (Non-Conf),W 101-44,*,18,7,11,.636,2,3,.667,5,8,.625,.727,2,2,1.000,1,1,2,2,1,0,5,0,18,11.5,Ryann Payne,https://www.sports-reference.com/cbb/players/ryann-payne-1.html,prairie-view,2023-24
5,102,5,2023-11-19,Prairie View A&M,,Washington State,REG (Non-Conf),L 43-81,*,28,5,12,.417,1,1,1.000,4,11,.364,.458,3,5,.600,0,1,1,0,0,1,3,1,14,4.4,Ryann Payne,https://www.sports-reference.com/cbb/players/ryann-payne-1.html,prairie-view,2023-24
6,103,6,2023-11-27,Prairie View A&M,,Incarnate Word,REG (Non-Conf),L 44-57,*,19,3,8,.375,0,2,.000,3,6,.500,.375,2,4,.500,5,0,5,1,2,0,1,3,8,6.8,Ryann Payne,https://www.sports-reference.com/cbb/players/ryann-payne-1.html,prairie-view,2023-24
7,104,7,2023-12-10,Prairie View A&M,@,TCU,REG (Non-Conf),L 41-85,,1,0,0,,0,0,,0,0,,,0,0,,0,0,0,0,0,0,0,0,0,0.0,Ryann Payne,https://www.sports-reference.com/cbb/players/ryann-payne-1.html,prairie-view,2023-24
8,105,8,2023-12-16,Prairie View A&M,@,Rice,REG (Non-Conf),L 59-85,,32,4,13,.308,2,8,.250,2,5,.400,.385,2,4,.500,1,3,4,1,2,0,6,0,12,2.0,Ryann Payne,https://www.sports-reference.com/cbb/players/ryann-payne-1.html,prairie-view,2023-24
9,106,9,2023-12-20,Prairie View A&M,@,Texas A&M,REG (Non-Conf),L 36-88,*,33,1,15,.067,0,4,.000,1,11,.091,.067,4,4,1.000,0,3,3,2,0,0,5,3,6,-8.0,Ryann Payne,https://www.sports-reference.com/cbb/players/ryann-payne-1.html,prairie-view,2023-24
10,107,10,2023-12-30,Prairie View A&M,,Wiley,REG (Non-Conf),W 107-32,*,19,9,14,.643,3,4,.750,6,10,.600,.750,1,1,1.000,2,0,2,1,6,0,0,0,22,23.9,Ryann Payne,https://www.sports-reference.com/cbb/players/ryann-payne-1.html,prairie-view,2023-24
11,108,11,2024-01-06,Prairie View A&M,@,Grambling State,REG (Conf),L 54-82,*,34,8,18,.444,1,5,.200,7,13,.538,.472,4,4,1.000,0,0,0,4,1,0,3,2,21,11.6,Ryann Payne,https://www.sports-reference.com/cbb/players/ryann-payne-1.html,prairie-view,2023-24
12,109,12,2024-01-08,Prairie View A&M,@,Southern,REG (Conf),L 56-84,*,36,6,14,.429,0,1,.000,6,13,.462,.429,2,2,1.000,1,2,3,1,3,0,4,0,14,7.6,Ryann Payne,https://www.sports-reference.com/cbb/players/ryann-payne-1.html,prairie-view,2023-24
13,110,13,2024-01-13,Prairie View A&M,,Mississippi Valley State,REG (Conf),W 83-69,*,20,5,12,.417,0,2,.000,5,10,.500,.417,2,2,1.000,1,1,2,3,3,0,0,0,12,11.7,Ryann Payne,https://www.sports-reference.com/cbb/players/ryann-payne-1.html,prairie-view,2023-24
14,111,14,2024-01-20,Prairie View A&M,@,Jackson State,REG (Conf),L 54-91,*,35,7,13,.538,0,2,.000,7,11,.636,.538,5,5,1.000,0,1,1,4,5,1,6,4,19,13.9,Ryann Payne,https://www.sports-reference.com/cbb/players/ryann-payne-1.html,prairie-view,2023-24
15,112,15,2024-01-22,Prairie View A&M,@,Alcorn State,REG (Conf),W 61-55,*,36,6,17,.353,1,3,.333,5,14,.357,.382,3,4,.750,2,4,6,1,2,0,1,2,16,9.6,Ryann Payne,https://www.sports-reference.com/cbb/players/ryann-payne-1.html,prairie-view,2023-24
16,113,16,2024-01-27,Prairie View A&M,,Alabama State,REG (Conf),W 46-43,*,36,6,16,.375,0,3,.000,6,13,.462,.375,5,6,.833,2,2,4,4,3,1,4,0,17,12.3,Ryann Payne,https://www.sports-reference.com/cbb/players/ryann-payne-1.html,prairie-view,2023-24
17,114,17,2024-01-29,Prairie View A&M,,Alabama A&M,REG (Conf),W 65-59,*,35,11,17,.647,1,2,.500,10,15,.667,.676,4,4,1.000,1,1,2,4,1,0,2,2,27,21.5,Ryann Payne,https://www.sports-reference.com/cbb/players/ryann-payne-1.html,prairie-view,2023-24
18,115,18,2024-02-03,Prairie View A&M,,Texas Southern,REG (Conf),W 78-65,*,38,7,18,.389,1,1,1.000,6,17,.353,.417,6,6,1.000,1,2,3,4,2,0,3,1,21,13.9,Ryann Payne,https://www.sports-reference.com/cbb/players/ryann-payne-1.html,prairie-view,2023-24
19,116,19,2024-02-05,Prairie View A&M,,Arkansas–Pine Bluff,REG (Conf),L 48-77,*,35,4,17,.235,0,4,.000,4,13,.308,.235,12,12,1.000,1,2,3,0,1,0,5,1,20,6.6,Ryann Payne,https://www.sports-reference.com/cbb/players/ryann-payne-1.html,prairie-view,2023-24
20,117,20,2024-02-10,Prairie View A&M,@,Bethune-Cookman,REG (Conf),L 61-74,*,37,8,16,.500,1,3,.333,7,13,.538,.531,1,2,.500,2,2,4,3,3,0,2,1,18,14.3,Ryann Payne,https://www.sports-reference.com/cbb/players/ryann-payne-1.html,prairie-view,2023-24
21,118,21,2024-02-12,Prairie View A&M,@,Florida A&M,REG (Conf),L 63-71,*,35,6,19,.316,1,3,.333,5,16,.313,.342,4,5,.800,3,2,5,5,3,0,2,1,17,12.5,Ryann Payne,https://www.sports-reference.com/cbb/players/ryann-payne-1.html,prairie-view,2023-24
22,119,22,2024-02-17,Prairie View A&M,,Southern,REG (Conf),L 68-75 (OT),*,42,6,17,.353,1,5,.200,5,12,.417,.382,8,8,1.000,1,6,7,4,5,0,6,5,21,13.8,Ryann Payne,https://www.sports-reference.com/cbb/players/ryann-payne-1.html,prairie-view,2023-24
23,120,23,2024-02-19,Prairie View A&M,,Grambling State,REG (Conf),L 55-64,*,40,9,17,.529,1,2,.500,8,15,.533,.559,7,9,.778,2,3,5,2,3,0,2,2,26,20.8,Ryann Payne,https://www.sports-reference.com/cbb/players/ryann-payne-1.html,prairie-view,2023-24
24,121,24,2024-02-24,Prairie View A&M,@,Arkansas–Pine Bluff,REG (Conf),W 66-57,*,22,4,7,.571,0,0,,4,7,.571,.571,1,2,.500,0,2,2,3,1,0,5,1,9,3.6,Ryann Payne,https://www.sports-reference.com/cbb/players/ryann-payne-1.html,prairie-view,2023-24
25,122,25,2024-02-26,Prairie View A&M,@,Mississippi Valley State,REG (Conf),W 69-63,*,32,6,16,.375,0,3,.000,6,13,.462,.375,6,8,.750,6,5,11,4,7,0,2,2,18,21.1,Ryann Payne,https://www.sports-reference.com/cbb/players/ryann-payne-1.html,prairie-view,2023-24
26,123,26,2024-03-02,Prairie View A&M,,Alcorn State,REG (Conf),L 53-55,*,35,3,11,.273,0,2,.000,3,9,.333,.273,0,0,,0,3,3,3,3,1,1,4,6,3.6,Ryann Payne,https://www.sports-reference.com/cbb/players/ryann-payne-1.html,prairie-view,2023-24
27,124,27,2024-03-04,Prairie View A&M,,Jackson State,REG (Conf),L 65-75,*,40,8,21,.381,2,4,.500,6,17,.353,.429,3,3,1.000,1,3,4,3,2,0,0,3,21,14.0,Ryann Payne,https://www.sports-reference.com/cbb/players/ryann-payne-1.html,prairie-view,2023-24
28,125,28,2024-03-09,Prairie View A&M,@,Texas Southern,REG (Conf),L 70-83,*,40,11,19,.579,1,2,.500,10,17,.588,.605,2,3,.667,1,1,2,1,0,1,1,1,25,16.7,Ryann Payne,https://www.sports-reference.com/cbb/players/ryann-payne-1.html,prairie-view,2023-24
29,126,29,2024-03-13,Prairie View A&M,N,Jackson State,CTOURN,L 58-67,*,40,6,20,.300,2,3,.667,4,17,.235,.350,5,6,.833,2,1,3,1,2,0,5,2,19,5.6,Ryann Payne,https://www.sports-reference.com/cbb/players/ryann-payne-1.html,prairie-view,2023-24
