ranker,player_game_num_career,team_game_num_season,date,team_name_abbr,game_location,opp_name_abbr,game_type,game_result,is_starter,mp,fg,fga,fg_pct,fg3,fg3a,fg3_pct,fg2,fg2a,fg2_pct,efg_pct,ft,fta,ft_pct,orb,drb,trb,ast,stl,blk,tov,pf,pts,game_score,player_name,player_sr_link,school,season
1,31,1,2019-11-09,Brigham Young,@,Washington State,REG (Non-Conf),L 50-67,,9,1,3,.333,1,2,.500,0,1,.000,.500,0,0,,1,2,3,0,0,0,1,1,3,1.2,Babalu Stewart,https://www.sports-reference.com/cbb/players/babalu-stewart-1.html,brigham-young,2019-20
2,32,2,2019-11-14,Brigham Young,,Tx AM-Kingsvil,REG (Non-Conf),W 90-38,,14,6,9,.667,0,3,.000,6,6,1.000,.667,0,0,,0,5,5,2,3,0,2,1,12,11.6,Babalu Stewart,https://www.sports-reference.com/cbb/players/babalu-stewart-1.html,brigham-young,2019-20
3,33,3,2019-11-21,Brigham Young,@,Fresno State,REG (Non-Conf),W 71-65,,20,5,11,.455,0,1,.000,5,10,.500,.455,0,0,,5,6,11,1,1,1,1,2,10,10.2,Babalu Stewart,https://www.sports-reference.com/cbb/players/babalu-stewart-1.html,brigham-young,2019-20
4,34,4,2019-11-26,Brigham Young,,Utah State,REG (Non-Conf),W 67-50,,16,2,5,.400,0,1,.000,2,4,.500,.400,3,3,1.000,1,2,3,0,1,0,1,2,7,4.8,Babalu Stewart,https://www.sports-reference.com/cbb/players/babalu-stewart-1.html,brigham-young,2019-20
5,35,5,2019-11-29,Brigham Young,,Utah,REG (Non-Conf),L 73-77 (OT),,31,4,13,.308,1,3,.333,3,10,.300,.346,3,3,1.000,3,3,6,2,0,0,3,4,12,4.3,Babalu Stewart,https://www.sports-reference.com/cbb/players/babalu-stewart-1.html,brigham-young,2019-20
6,36,6,2019-12-06,Brigham Young,@,Arizona State,REG (Non-Conf),L 52-60,,13,1,3,.333,0,0,,1,3,.333,.333,0,0,,0,3,3,0,0,0,1,3,2,-1.0,Babalu Stewart,https://www.sports-reference.com/cbb/players/babalu-stewart-1.html,brigham-young,2019-20
7,37,7,2019-12-11,Brigham Young,@,Boise State,REG (Non-Conf),L 55-66,,17,4,8,.500,1,1,1.000,3,7,.429,.563,3,4,.750,2,3,5,0,4,0,1,3,12,11.7,Babalu Stewart,https://www.sports-reference.com/cbb/players/babalu-stewart-1.html,brigham-young,2019-20
8,38,8,2019-12-14,Brigham Young,,Utah Valley,REG (Non-Conf),W 71-57,,24,3,7,.429,1,2,.500,2,5,.400,.500,0,0,,3,4,7,1,1,0,1,3,7,6.1,Babalu Stewart,https://www.sports-reference.com/cbb/players/babalu-stewart-1.html,brigham-young,2019-20
9,39,9,2019-12-18,Brigham Young,,San Jose State,REG (Non-Conf),W 75-56,,11,0,4,.000,0,2,.000,0,2,.000,.000,0,0,,0,2,2,1,1,0,1,1,0,-1.9,Babalu Stewart,https://www.sports-reference.com/cbb/players/babalu-stewart-1.html,brigham-young,2019-20
10,40,10,2019-12-19,Brigham Young,@,Oregon State,REG (Non-Conf),L 34-65,,9,0,5,.000,0,3,.000,0,2,.000,.000,0,0,,0,1,1,0,0,0,0,3,0,-4.4,Babalu Stewart,https://www.sports-reference.com/cbb/players/babalu-stewart-1.html,brigham-young,2019-20
11,41,11,2019-12-28,Brigham Young,@,Loyola Marymount,REG (Conf),W 59-44,,5,0,2,.000,0,1,.000,0,1,.000,.000,0,0,,1,0,1,1,0,0,0,1,0,-0.4,Babalu Stewart,https://www.sports-reference.com/cbb/players/babalu-stewart-1.html,brigham-young,2019-20
12,42,12,2019-12-30,Brigham Young,@,Pepperdine,REG (Conf),W 65-47,,21,3,6,.500,1,2,.500,2,4,.500,.583,0,0,,3,8,11,2,0,1,2,2,7,7.8,Babalu Stewart,https://www.sports-reference.com/cbb/players/babalu-stewart-1.html,brigham-young,2019-20
13,43,13,2020-01-02,Brigham Young,,Gonzaga,REG (Conf),L 43-55,,24,4,6,.667,1,3,.333,3,3,1.000,.750,1,2,.500,1,10,11,0,0,0,0,3,10,9.5,Babalu Stewart,https://www.sports-reference.com/cbb/players/babalu-stewart-1.html,brigham-young,2019-20
14,44,14,2020-01-04,Brigham Young,,Portland,REG (Conf),L 48-57,,23,3,6,.500,0,1,.000,3,5,.600,.500,0,0,,2,2,4,0,0,0,0,5,6,3.0,Babalu Stewart,https://www.sports-reference.com/cbb/players/babalu-stewart-1.html,brigham-young,2019-20
15,45,15,2020-01-11,Brigham Young,,San Diego,REG (Conf),W 52-36,*,19,1,4,.250,0,0,,1,4,.250,.250,1,2,.500,1,4,5,0,1,0,0,1,3,2.7,Babalu Stewart,https://www.sports-reference.com/cbb/players/babalu-stewart-1.html,brigham-young,2019-20
16,46,16,2020-01-16,Brigham Young,@,Pacific,REG (Conf),W 76-66 (OT),*,13,1,5,.200,0,3,.000,1,2,.500,.200,0,0,,1,2,3,2,0,0,2,3,2,-1.6,Babalu Stewart,https://www.sports-reference.com/cbb/players/babalu-stewart-1.html,brigham-young,2019-20
17,47,17,2020-01-18,Brigham Young,@,St. Mary's (CA),REG (Conf),W 65-55,*,10,0,6,.000,0,3,.000,0,3,.000,.000,3,4,.750,1,5,6,0,2,0,1,1,3,1.2,Babalu Stewart,https://www.sports-reference.com/cbb/players/babalu-stewart-1.html,brigham-young,2019-20
18,48,18,2020-01-23,Brigham Young,,San Francisco,REG (Conf),W 57-44,*,14,3,5,.600,1,2,.500,2,3,.667,.700,0,0,,3,4,7,1,1,0,2,0,7,7.7,Babalu Stewart,https://www.sports-reference.com/cbb/players/babalu-stewart-1.html,brigham-young,2019-20
19,49,19,2020-01-25,Brigham Young,,Santa Clara,REG (Conf),W 71-48,*,18,5,11,.455,1,5,.200,4,6,.667,.500,0,0,,0,4,4,1,0,0,0,1,11,6.8,Babalu Stewart,https://www.sports-reference.com/cbb/players/babalu-stewart-1.html,brigham-young,2019-20
20,50,20,2020-01-30,Brigham Young,@,Portland,REG (Conf),W 66-54,*,12,4,5,.800,0,0,,4,5,.800,.800,0,0,,0,2,2,0,1,0,1,2,8,5.9,Babalu Stewart,https://www.sports-reference.com/cbb/players/babalu-stewart-1.html,brigham-young,2019-20
21,51,21,2020-02-01,Brigham Young,@,Gonzaga,REG (Conf),L 44-59,*,17,1,7,.143,0,3,.000,1,4,.250,.143,2,2,1.000,1,3,4,0,3,0,1,3,4,1.9,Babalu Stewart,https://www.sports-reference.com/cbb/players/babalu-stewart-1.html,brigham-young,2019-20
22,52,22,2020-02-08,Brigham Young,@,San Diego,REG (Conf),L 45-51,*,12,1,4,.250,0,0,,1,4,.250,.250,0,0,,1,3,4,0,0,0,0,1,2,0.8,Babalu Stewart,https://www.sports-reference.com/cbb/players/babalu-stewart-1.html,brigham-young,2019-20
23,53,23,2020-02-13,Brigham Young,,St. Mary's (CA),REG (Conf),W 60-39,,3,0,1,.000,0,0,,0,1,.000,.000,0,0,,0,1,1,0,0,0,0,0,0,-0.4,Babalu Stewart,https://www.sports-reference.com/cbb/players/babalu-stewart-1.html,brigham-young,2019-20
24,54,24,2020-02-15,Brigham Young,,Pacific,REG (Conf),W 65-54,,9,1,2,.500,0,0,,1,2,.500,.500,0,0,,0,2,2,0,0,0,0,3,2,0.4,Babalu Stewart,https://www.sports-reference.com/cbb/players/babalu-stewart-1.html,brigham-young,2019-20
25,55,25,2020-02-20,Brigham Young,@,Santa Clara,REG (Conf),W 60-51,,10,1,3,.333,0,0,,1,3,.333,.333,0,0,,4,2,6,0,0,0,2,1,2,1.3,Babalu Stewart,https://www.sports-reference.com/cbb/players/babalu-stewart-1.html,brigham-young,2019-20
26,56,26,2020-02-22,Brigham Young,@,San Francisco,REG (Conf),L 58-60,,8,1,2,.500,0,1,.000,1,1,1.000,.500,0,0,,0,0,0,0,0,0,0,0,2,1.0,Babalu Stewart,https://www.sports-reference.com/cbb/players/babalu-stewart-1.html,brigham-young,2019-20
27,57,27,2020-02-27,Brigham Young,,Pepperdine,REG (Conf),W 66-64,,14,3,3,1.000,0,0,,3,3,1.000,1.000,2,4,.500,2,0,2,0,0,0,0,2,8,6.9,Babalu Stewart,https://www.sports-reference.com/cbb/players/babalu-stewart-1.html,brigham-young,2019-20
28,58,28,2020-02-29,Brigham Young,,Loyola Marymount,REG (Conf),W 57-42,,5,0,2,.000,0,1,.000,0,1,.000,.000,0,0,,0,2,2,0,0,0,0,0,0,-0.8,Babalu Stewart,https://www.sports-reference.com/cbb/players/babalu-stewart-1.html,brigham-young,2019-20
29,59,29,2020-03-07,Brigham Young,,Pepperdine,CTOURN,L 51-62,,16,0,4,.000,0,0,,0,4,.000,.000,0,0,,3,2,5,3,1,1,1,3,0,1.5,Babalu Stewart,https://www.sports-reference.com/cbb/players/babalu-stewart-1.html,brigham-young,2019-20
