ranker,player_game_num_career,team_game_num_season,date,team_name_abbr,game_location,opp_name_abbr,game_type,game_result,is_starter,mp,fg,fga,fg_pct,fg3,fg3a,fg3_pct,fg2,fg2a,fg2_pct,efg_pct,ft,fta,ft_pct,orb,drb,trb,ast,stl,blk,tov,pf,pts,game_score,player_name,player_sr_link,school,season
1,98,1,2019-11-09,Brigham Young,@,Washington State,REG (Non-Conf),L 50-67,*,33,6,10,.600,0,0,,6,10,.600,.600,2,6,.333,3,5,8,0,0,1,2,2,14,9.3,Jasmine Moody,https://www.sports-reference.com/cbb/players/jasmine-moody-1.html,brigham-young,2019-20
2,99,2,2019-11-14,Brigham Young,,Tx AM-Kingsvil,REG (Non-Conf),W 90-38,*,14,3,6,.500,1,2,.500,2,4,.500,.583,1,1,1.000,1,3,4,2,0,0,0,0,8,8.0,Jasmine Moody,https://www.sports-reference.com/cbb/players/jasmine-moody-1.html,brigham-young,2019-20
3,100,9,2019-12-18,Brigham Young,,San Jose State,REG (Non-Conf),W 75-56,,17,3,4,.750,0,0,,3,4,.750,.750,1,2,.500,0,2,2,1,0,0,1,1,7,4.9,Jasmine Moody,https://www.sports-reference.com/cbb/players/jasmine-moody-1.html,brigham-young,2019-20
4,101,10,2019-12-19,Brigham Young,@,Oregon State,REG (Non-Conf),L 34-65,,20,0,5,.000,0,0,,0,5,.000,.000,4,6,.667,5,5,10,0,0,0,2,3,4,1.5,Jasmine Moody,https://www.sports-reference.com/cbb/players/jasmine-moody-1.html,brigham-young,2019-20
5,102,11,2019-12-28,Brigham Young,@,Loyola Marymount,REG (Conf),W 59-44,*,26,1,4,.250,0,1,.000,1,3,.333,.250,2,2,1.000,4,3,7,1,0,0,1,2,4,4.2,Jasmine Moody,https://www.sports-reference.com/cbb/players/jasmine-moody-1.html,brigham-young,2019-20
6,103,12,2019-12-30,Brigham Young,@,Pepperdine,REG (Conf),W 65-47,*,21,5,6,.833,0,0,,5,6,.833,.833,1,2,.500,0,1,1,0,1,0,0,2,11,8.9,Jasmine Moody,https://www.sports-reference.com/cbb/players/jasmine-moody-1.html,brigham-young,2019-20
7,104,13,2020-01-02,Brigham Young,,Gonzaga,REG (Conf),L 43-55,*,16,3,7,.429,1,2,.500,2,5,.400,.500,0,0,,1,0,1,1,0,0,0,1,7,4.3,Jasmine Moody,https://www.sports-reference.com/cbb/players/jasmine-moody-1.html,brigham-young,2019-20
8,105,14,2020-01-04,Brigham Young,,Portland,REG (Conf),L 48-57,*,11,1,5,.200,0,1,.000,1,4,.250,.200,0,0,,0,1,1,0,0,0,1,1,2,-2.2,Jasmine Moody,https://www.sports-reference.com/cbb/players/jasmine-moody-1.html,brigham-young,2019-20
9,106,15,2020-01-11,Brigham Young,,San Diego,REG (Conf),W 52-36,,21,1,4,.250,0,1,.000,1,3,.333,.250,2,2,1.000,1,5,6,2,3,0,1,1,4,6.8,Jasmine Moody,https://www.sports-reference.com/cbb/players/jasmine-moody-1.html,brigham-young,2019-20
10,107,16,2020-01-16,Brigham Young,@,Pacific,REG (Conf),W 76-66 (OT),,32,4,8,.500,0,0,,4,8,.500,.500,1,2,.500,3,4,7,1,3,0,0,2,9,10.8,Jasmine Moody,https://www.sports-reference.com/cbb/players/jasmine-moody-1.html,brigham-young,2019-20
11,108,17,2020-01-18,Brigham Young,@,St. Mary's (CA),REG (Conf),W 65-55,,24,1,3,.333,0,0,,1,3,.333,.333,1,2,.500,2,3,5,0,1,0,0,4,3,2.6,Jasmine Moody,https://www.sports-reference.com/cbb/players/jasmine-moody-1.html,brigham-young,2019-20
12,109,18,2020-01-23,Brigham Young,,San Francisco,REG (Conf),W 57-44,,20,5,7,.714,0,1,.000,5,6,.833,.714,1,2,.500,0,0,0,1,1,0,2,2,11,6.6,Jasmine Moody,https://www.sports-reference.com/cbb/players/jasmine-moody-1.html,brigham-young,2019-20
13,110,19,2020-01-25,Brigham Young,,Santa Clara,REG (Conf),W 71-48,,14,2,3,.667,1,1,1.000,1,2,.500,.833,0,0,,1,2,3,0,0,1,0,2,5,4.9,Jasmine Moody,https://www.sports-reference.com/cbb/players/jasmine-moody-1.html,brigham-young,2019-20
14,111,20,2020-01-30,Brigham Young,@,Portland,REG (Conf),W 66-54,,28,5,8,.625,0,0,,5,8,.625,.625,1,3,.333,2,2,4,1,0,0,3,2,11,5.5,Jasmine Moody,https://www.sports-reference.com/cbb/players/jasmine-moody-1.html,brigham-young,2019-20
15,112,21,2020-02-01,Brigham Young,@,Gonzaga,REG (Conf),L 44-59,,23,0,2,.000,0,1,.000,0,1,.000,.000,1,4,.250,0,3,3,0,0,0,1,2,1,-2.5,Jasmine Moody,https://www.sports-reference.com/cbb/players/jasmine-moody-1.html,brigham-young,2019-20
16,113,22,2020-02-08,Brigham Young,@,San Diego,REG (Conf),L 45-51,,28,1,5,.200,0,0,,1,5,.200,.200,0,0,,1,5,6,1,1,0,1,1,2,1.4,Jasmine Moody,https://www.sports-reference.com/cbb/players/jasmine-moody-1.html,brigham-young,2019-20
17,114,23,2020-02-13,Brigham Young,,St. Mary's (CA),REG (Conf),W 60-39,,20,5,9,.556,0,1,.000,5,8,.625,.556,0,0,,2,1,3,1,0,1,0,0,10,8.8,Jasmine Moody,https://www.sports-reference.com/cbb/players/jasmine-moody-1.html,brigham-young,2019-20
18,115,24,2020-02-15,Brigham Young,,Pacific,REG (Conf),W 65-54,,23,1,5,.200,0,1,.000,1,4,.250,.200,4,6,.667,1,1,2,1,0,0,0,4,6,2.2,Jasmine Moody,https://www.sports-reference.com/cbb/players/jasmine-moody-1.html,brigham-young,2019-20
19,116,25,2020-02-20,Brigham Young,@,Santa Clara,REG (Conf),W 60-51,,23,1,5,.200,0,1,.000,1,4,.250,.200,3,4,.750,1,4,5,2,1,0,0,5,5,3.8,Jasmine Moody,https://www.sports-reference.com/cbb/players/jasmine-moody-1.html,brigham-young,2019-20
20,117,26,2020-02-22,Brigham Young,@,San Francisco,REG (Conf),L 58-60,,29,4,6,.667,0,0,,4,6,.667,.667,1,4,.250,3,5,8,0,0,0,0,3,9,7.6,Jasmine Moody,https://www.sports-reference.com/cbb/players/jasmine-moody-1.html,brigham-young,2019-20
21,118,27,2020-02-27,Brigham Young,,Pepperdine,REG (Conf),W 66-64,,21,3,4,.750,0,0,,3,4,.750,.750,1,5,.200,1,3,4,0,1,0,1,2,7,4.6,Jasmine Moody,https://www.sports-reference.com/cbb/players/jasmine-moody-1.html,brigham-young,2019-20
22,119,28,2020-02-29,Brigham Young,,Loyola Marymount,REG (Conf),W 57-42,,19,4,5,.800,0,0,,4,5,.800,.800,0,0,,3,4,7,0,0,0,0,2,8,8.6,Jasmine Moody,https://www.sports-reference.com/cbb/players/jasmine-moody-1.html,brigham-young,2019-20
23,120,29,2020-03-07,Brigham Young,,Pepperdine,CTOURN,L 51-62,*,22,1,4,.250,0,0,,1,4,.250,.250,5,6,.833,1,2,3,0,0,0,1,1,7,4.1,Jasmine Moody,https://www.sports-reference.com/cbb/players/jasmine-moody-1.html,brigham-young,2019-20
