ranker,player_game_num_career,team_game_num_season,date,team_name_abbr,game_location,opp_name_abbr,game_type,game_result,is_starter,mp,fg,fga,fg_pct,fg3,fg3a,fg3_pct,fg2,fg2a,fg2_pct,efg_pct,ft,fta,ft_pct,orb,drb,trb,ast,stl,blk,tov,pf,pts,game_score,player_name,player_sr_link,school,season
1,1,1,2019-11-09,Brigham Young,@,Washington State,REG (Non-Conf),L 50-67,,1,0,0,,0,0,,0,0,,,0,0,,0,0,0,0,0,0,0,0,0,0.0,Kaylee Smiler,https://www.sports-reference.com/cbb/players/kaylee-smiler-1.html,brigham-young,2019-20
2,2,2,2019-11-14,Brigham Young,,Tx AM-Kingsvil,REG (Non-Conf),W 90-38,,20,2,5,.400,2,4,.500,0,1,.000,.600,0,0,,2,4,6,3,1,0,0,0,6,9.0,Kaylee Smiler,https://www.sports-reference.com/cbb/players/kaylee-smiler-1.html,brigham-young,2019-20
3,3,3,2019-11-21,Brigham Young,@,Fresno State,REG (Non-Conf),W 71-65,,1,0,0,,0,0,,0,0,,,0,0,,0,0,0,0,0,0,0,1,0,-0.4,Kaylee Smiler,https://www.sports-reference.com/cbb/players/kaylee-smiler-1.html,brigham-young,2019-20
4,4,4,2019-11-26,Brigham Young,,Utah State,REG (Non-Conf),W 67-50,,3,0,0,,0,0,,0,0,,,0,0,,0,0,0,1,0,0,1,0,0,-0.3,Kaylee Smiler,https://www.sports-reference.com/cbb/players/kaylee-smiler-1.html,brigham-young,2019-20
5,5,6,2019-12-06,Brigham Young,@,Arizona State,REG (Non-Conf),L 52-60,,1,0,0,,0,0,,0,0,,,0,0,,0,0,0,1,0,0,0,2,0,-0.1,Kaylee Smiler,https://www.sports-reference.com/cbb/players/kaylee-smiler-1.html,brigham-young,2019-20
6,6,7,2019-12-11,Brigham Young,@,Boise State,REG (Non-Conf),L 55-66,,14,0,2,.000,0,1,.000,0,1,.000,.000,0,0,,0,1,1,1,0,0,0,2,0,-1.2,Kaylee Smiler,https://www.sports-reference.com/cbb/players/kaylee-smiler-1.html,brigham-young,2019-20
7,7,8,2019-12-14,Brigham Young,,Utah Valley,REG (Non-Conf),W 71-57,,3,1,1,1.000,1,1,1.000,0,0,,1.500,0,0,,0,0,0,0,0,0,1,1,3,1.3,Kaylee Smiler,https://www.sports-reference.com/cbb/players/kaylee-smiler-1.html,brigham-young,2019-20
8,8,9,2019-12-18,Brigham Young,,San Jose State,REG (Non-Conf),W 75-56,,6,1,1,1.000,1,1,1.000,0,0,,1.500,0,0,,0,0,0,0,1,0,1,0,3,2.7,Kaylee Smiler,https://www.sports-reference.com/cbb/players/kaylee-smiler-1.html,brigham-young,2019-20
9,9,10,2019-12-19,Brigham Young,@,Oregon State,REG (Non-Conf),L 34-65,,3,0,0,,0,0,,0,0,,,0,0,,0,1,1,0,0,0,0,0,0,0.3,Kaylee Smiler,https://www.sports-reference.com/cbb/players/kaylee-smiler-1.html,brigham-young,2019-20
10,10,11,2019-12-28,Brigham Young,@,Loyola Marymount,REG (Conf),W 59-44,,4,0,0,,0,0,,0,0,,,0,0,,0,1,1,0,0,0,0,0,0,0.3,Kaylee Smiler,https://www.sports-reference.com/cbb/players/kaylee-smiler-1.html,brigham-young,2019-20
11,11,12,2019-12-30,Brigham Young,@,Pepperdine,REG (Conf),W 65-47,,0,0,0,,0,0,,0,0,,,0,0,,0,0,0,0,0,0,0,0,0,0.0,Kaylee Smiler,https://www.sports-reference.com/cbb/players/kaylee-smiler-1.html,brigham-young,2019-20
12,12,13,2020-01-02,Brigham Young,,Gonzaga,REG (Conf),L 43-55,,5,0,3,.000,0,3,.000,0,0,,.000,0,0,,0,0,0,0,0,0,1,0,0,-3.1,Kaylee Smiler,https://www.sports-reference.com/cbb/players/kaylee-smiler-1.html,brigham-young,2019-20
13,13,14,2020-01-04,Brigham Young,,Portland,REG (Conf),L 48-57,,8,0,2,.000,0,1,.000,0,1,.000,.000,0,0,,0,0,0,0,0,0,2,1,0,-3.8,Kaylee Smiler,https://www.sports-reference.com/cbb/players/kaylee-smiler-1.html,brigham-young,2019-20
14,14,16,2020-01-16,Brigham Young,@,Pacific,REG (Conf),W 76-66 (OT),,2,0,0,,0,0,,0,0,,,0,0,,0,0,0,0,0,0,0,0,0,0.0,Kaylee Smiler,https://www.sports-reference.com/cbb/players/kaylee-smiler-1.html,brigham-young,2019-20
15,15,17,2020-01-18,Brigham Young,@,St. Mary's (CA),REG (Conf),W 65-55,,29,7,9,.778,4,4,1.000,3,5,.600,1.000,1,2,.500,1,5,6,0,2,0,2,1,19,16.9,Kaylee Smiler,https://www.sports-reference.com/cbb/players/kaylee-smiler-1.html,brigham-young,2019-20
16,16,18,2020-01-23,Brigham Young,,San Francisco,REG (Conf),W 57-44,,20,0,1,.000,0,1,.000,0,0,,.000,0,0,,0,2,2,2,1,0,1,1,0,0.9,Kaylee Smiler,https://www.sports-reference.com/cbb/players/kaylee-smiler-1.html,brigham-young,2019-20
17,17,19,2020-01-25,Brigham Young,,Santa Clara,REG (Conf),W 71-48,,16,1,2,.500,1,2,.500,0,0,,.750,0,0,,0,5,5,3,0,0,0,3,3,4.4,Kaylee Smiler,https://www.sports-reference.com/cbb/players/kaylee-smiler-1.html,brigham-young,2019-20
18,18,20,2020-01-30,Brigham Young,@,Portland,REG (Conf),W 66-54,,10,1,2,.500,0,1,.000,1,1,1.000,.500,0,0,,0,3,3,1,1,0,2,0,2,1.6,Kaylee Smiler,https://www.sports-reference.com/cbb/players/kaylee-smiler-1.html,brigham-young,2019-20
19,19,21,2020-02-01,Brigham Young,@,Gonzaga,REG (Conf),L 44-59,,19,0,1,.000,0,1,.000,0,0,,.000,1,2,.500,0,2,2,2,0,1,2,3,1,-0.6,Kaylee Smiler,https://www.sports-reference.com/cbb/players/kaylee-smiler-1.html,brigham-young,2019-20
20,20,22,2020-02-08,Brigham Young,@,San Diego,REG (Conf),L 45-51,,8,0,0,,0,0,,0,0,,,0,0,,0,0,0,0,0,0,0,0,0,0.0,Kaylee Smiler,https://www.sports-reference.com/cbb/players/kaylee-smiler-1.html,brigham-young,2019-20
21,21,23,2020-02-13,Brigham Young,,St. Mary's (CA),REG (Conf),W 60-39,,13,0,3,.000,0,1,.000,0,2,.000,.000,0,0,,2,2,4,1,0,0,1,1,0,-0.8,Kaylee Smiler,https://www.sports-reference.com/cbb/players/kaylee-smiler-1.html,brigham-young,2019-20
22,22,24,2020-02-15,Brigham Young,,Pacific,REG (Conf),W 65-54,,9,0,0,,0,0,,0,0,,,0,0,,1,2,3,0,1,0,1,0,0,1.3,Kaylee Smiler,https://www.sports-reference.com/cbb/players/kaylee-smiler-1.html,brigham-young,2019-20
23,23,25,2020-02-20,Brigham Young,@,Santa Clara,REG (Conf),W 60-51,,7,0,2,.000,0,1,.000,0,1,.000,.000,0,0,,0,3,3,1,0,0,0,0,0,0.2,Kaylee Smiler,https://www.sports-reference.com/cbb/players/kaylee-smiler-1.html,brigham-young,2019-20
24,24,26,2020-02-22,Brigham Young,@,San Francisco,REG (Conf),L 58-60,,2,0,0,,0,0,,0,0,,,0,0,,0,0,0,0,0,0,0,0,0,0.0,Kaylee Smiler,https://www.sports-reference.com/cbb/players/kaylee-smiler-1.html,brigham-young,2019-20
25,25,27,2020-02-27,Brigham Young,,Pepperdine,REG (Conf),W 66-64,,8,0,2,.000,0,1,.000,0,1,.000,.000,0,0,,1,1,2,2,0,1,1,4,0,-0.9,Kaylee Smiler,https://www.sports-reference.com/cbb/players/kaylee-smiler-1.html,brigham-young,2019-20
26,26,28,2020-02-29,Brigham Young,,Loyola Marymount,REG (Conf),W 57-42,,20,2,4,.500,2,4,.500,0,0,,.750,1,2,.500,2,1,3,2,0,0,1,1,7,6.3,Kaylee Smiler,https://www.sports-reference.com/cbb/players/kaylee-smiler-1.html,brigham-young,2019-20
27,27,29,2020-03-07,Brigham Young,,Pepperdine,CTOURN,L 51-62,,19,2,4,.500,0,1,.000,2,3,.667,.500,0,0,,0,2,2,1,0,1,0,2,4,3.2,Kaylee Smiler,https://www.sports-reference.com/cbb/players/kaylee-smiler-1.html,brigham-young,2019-20
