ranker,player_game_num_career,team_game_num_season,date,team_name_abbr,game_location,opp_name_abbr,game_type,game_result,is_starter,mp,fg,fga,fg_pct,fg3,fg3a,fg3_pct,fg2,fg2a,fg2_pct,efg_pct,ft,fta,orb,drb,trb,ast,stl,blk,tov,pf,pts,game_score,player_name,player_sr_link,school,season
1,40,2,2019-11-14,Brigham Young,,Tx AM-Kingsvil,REG (Non-Conf),W 90-38,,7,0,0,,0,0,,0,0,,,0,0,0,0,0,1,0,0,0,0,0,0.7,Khaedin Taito,https://www.sports-reference.com/cbb/players/khaedin-taito-1.html,brigham-young,2019-20
2,41,4,2019-11-26,Brigham Young,,Utah State,REG (Non-Conf),W 67-50,,2,0,0,,0,0,,0,0,,,0,0,0,1,1,0,0,0,0,0,0,0.3,Khaedin Taito,https://www.sports-reference.com/cbb/players/khaedin-taito-1.html,brigham-young,2019-20
3,42,6,2019-12-06,Brigham Young,@,Arizona State,REG (Non-Conf),L 52-60,,9,0,0,,0,0,,0,0,,,0,0,0,2,2,1,0,0,0,2,0,0.5,Khaedin Taito,https://www.sports-reference.com/cbb/players/khaedin-taito-1.html,brigham-young,2019-20
4,43,7,2019-12-11,Brigham Young,@,Boise State,REG (Non-Conf),L 55-66,,2,0,0,,0,0,,0,0,,,0,0,0,0,0,0,0,0,0,0,0,0.0,Khaedin Taito,https://www.sports-reference.com/cbb/players/khaedin-taito-1.html,brigham-young,2019-20
5,44,8,2019-12-14,Brigham Young,,Utah Valley,REG (Non-Conf),W 71-57,,4,0,0,,0,0,,0,0,,,0,0,0,0,0,1,0,0,0,0,0,0.7,Khaedin Taito,https://www.sports-reference.com/cbb/players/khaedin-taito-1.html,brigham-young,2019-20
6,45,9,2019-12-18,Brigham Young,,San Jose State,REG (Non-Conf),W 75-56,,6,0,0,,0,0,,0,0,,,0,0,0,0,0,0,0,0,0,0,0,0.0,Khaedin Taito,https://www.sports-reference.com/cbb/players/khaedin-taito-1.html,brigham-young,2019-20
7,46,10,2019-12-19,Brigham Young,@,Oregon State,REG (Non-Conf),L 34-65,,9,0,0,,0,0,,0,0,,,0,0,0,1,1,2,1,0,0,2,0,1.9,Khaedin Taito,https://www.sports-reference.com/cbb/players/khaedin-taito-1.html,brigham-young,2019-20
8,47,11,2019-12-28,Brigham Young,@,Loyola Marymount,REG (Conf),W 59-44,,7,1,3,.333,0,1,.000,1,2,.500,.333,0,0,0,1,1,1,0,0,0,1,2,0.9,Khaedin Taito,https://www.sports-reference.com/cbb/players/khaedin-taito-1.html,brigham-young,2019-20
9,48,12,2019-12-30,Brigham Young,@,Pepperdine,REG (Conf),W 65-47,,0,0,0,,0,0,,0,0,,,0,0,0,0,0,0,0,0,0,0,0,0.0,Khaedin Taito,https://www.sports-reference.com/cbb/players/khaedin-taito-1.html,brigham-young,2019-20
10,49,13,2020-01-02,Brigham Young,,Gonzaga,REG (Conf),L 43-55,,1,0,0,,0,0,,0,0,,,0,0,0,0,0,0,0,0,0,0,0,0.0,Khaedin Taito,https://www.sports-reference.com/cbb/players/khaedin-taito-1.html,brigham-young,2019-20
11,50,14,2020-01-04,Brigham Young,,Portland,REG (Conf),L 48-57,,5,0,1,.000,0,1,.000,0,0,,.000,0,0,0,0,0,1,0,0,0,0,0,0.0,Khaedin Taito,https://www.sports-reference.com/cbb/players/khaedin-taito-1.html,brigham-young,2019-20
12,51,15,2020-01-11,Brigham Young,,San Diego,REG (Conf),W 52-36,,17,0,1,.000,0,0,,0,1,.000,.000,0,0,1,2,3,1,2,0,1,0,0,2.3,Khaedin Taito,https://www.sports-reference.com/cbb/players/khaedin-taito-1.html,brigham-young,2019-20
13,52,19,2020-01-25,Brigham Young,,Santa Clara,REG (Conf),W 71-48,,4,0,0,,0,0,,0,0,,,0,0,0,0,0,1,0,0,0,0,0,0.7,Khaedin Taito,https://www.sports-reference.com/cbb/players/khaedin-taito-1.html,brigham-young,2019-20
14,53,22,2020-02-08,Brigham Young,@,San Diego,REG (Conf),L 45-51,,3,0,0,,0,0,,0,0,,,0,0,0,0,0,0,0,0,0,1,0,-0.4,Khaedin Taito,https://www.sports-reference.com/cbb/players/khaedin-taito-1.html,brigham-young,2019-20
15,54,23,2020-02-13,Brigham Young,,St. Mary's (CA),REG (Conf),W 60-39,,2,0,0,,0,0,,0,0,,,0,0,0,1,1,0,0,0,0,0,0,0.3,Khaedin Taito,https://www.sports-reference.com/cbb/players/khaedin-taito-1.html,brigham-young,2019-20
16,55,26,2020-02-22,Brigham Young,@,San Francisco,REG (Conf),L 58-60,,3,0,0,,0,0,,0,0,,,0,0,0,0,0,0,0,0,1,0,0,-1.0,Khaedin Taito,https://www.sports-reference.com/cbb/players/khaedin-taito-1.html,brigham-young,2019-20
17,56,27,2020-02-27,Brigham Young,,Pepperdine,REG (Conf),W 66-64,,2,0,0,,0,0,,0,0,,,0,0,0,0,0,0,0,0,1,0,0,-1.0,Khaedin Taito,https://www.sports-reference.com/cbb/players/khaedin-taito-1.html,brigham-young,2019-20
18,57,28,2020-02-29,Brigham Young,,Loyola Marymount,REG (Conf),W 57-42,,4,0,2,.000,0,1,.000,0,1,.000,.000,0,0,1,0,1,1,0,0,2,0,0,-2.0,Khaedin Taito,https://www.sports-reference.com/cbb/players/khaedin-taito-1.html,brigham-young,2019-20
19,58,29,2020-03-07,Brigham Young,,Pepperdine,CTOURN,L 51-62,,1,0,0,,0,0,,0,0,,,0,0,0,0,0,0,0,0,0,0,0,0.0,Khaedin Taito,https://www.sports-reference.com/cbb/players/khaedin-taito-1.html,brigham-young,2019-20
