ranker,player_game_num_career,team_game_num_season,date,team_name_abbr,game_location,opp_name_abbr,game_type,game_result,is_starter,mp,fg,fga,fg_pct,fg3,fg3a,fg3_pct,fg2,fg2a,fg2_pct,efg_pct,ft,fta,ft_pct,orb,drb,trb,ast,stl,blk,tov,pf,pts,game_score,player_name,player_sr_link,school,season
1,1,1,2019-11-09,Brigham Young,@,Washington State,REG (Non-Conf),L 50-67,,15,0,3,.000,0,2,.000,0,1,.000,.000,0,0,,1,1,2,4,0,0,0,0,0,1.7,Leilani Otuafi,https://www.sports-reference.com/cbb/players/leilani-otuafi-1.html,brigham-young,2019-20
2,2,2,2019-11-14,Brigham Young,,Tx AM-Kingsvil,REG (Non-Conf),W 90-38,,21,2,6,.333,0,3,.000,2,3,.667,.333,2,2,1.000,1,2,3,2,0,0,0,1,6,4.9,Leilani Otuafi,https://www.sports-reference.com/cbb/players/leilani-otuafi-1.html,brigham-young,2019-20
3,3,3,2019-11-21,Brigham Young,@,Fresno State,REG (Non-Conf),W 71-65,,11,1,2,.500,1,2,.500,0,0,,.750,0,0,,0,2,2,2,0,0,1,1,3,2.6,Leilani Otuafi,https://www.sports-reference.com/cbb/players/leilani-otuafi-1.html,brigham-young,2019-20
4,4,4,2019-11-26,Brigham Young,,Utah State,REG (Non-Conf),W 67-50,,8,0,1,.000,0,1,.000,0,0,,.000,0,0,,0,1,1,1,0,0,2,1,0,-2.1,Leilani Otuafi,https://www.sports-reference.com/cbb/players/leilani-otuafi-1.html,brigham-young,2019-20
5,5,5,2019-11-29,Brigham Young,,Utah,REG (Non-Conf),L 73-77 (OT),,17,4,6,.667,1,2,.500,3,4,.750,.750,0,0,,0,3,3,0,1,0,2,1,9,5.9,Leilani Otuafi,https://www.sports-reference.com/cbb/players/leilani-otuafi-1.html,brigham-young,2019-20
6,6,6,2019-12-06,Brigham Young,@,Arizona State,REG (Non-Conf),L 52-60,,11,0,0,,0,0,,0,0,,,0,0,,0,1,1,0,0,0,2,0,0,-1.7,Leilani Otuafi,https://www.sports-reference.com/cbb/players/leilani-otuafi-1.html,brigham-young,2019-20
7,7,7,2019-12-11,Brigham Young,@,Boise State,REG (Non-Conf),L 55-66,,2,0,0,,0,0,,0,0,,,0,0,,0,0,0,0,0,0,1,0,0,-1.0,Leilani Otuafi,https://www.sports-reference.com/cbb/players/leilani-otuafi-1.html,brigham-young,2019-20
8,8,8,2019-12-14,Brigham Young,,Utah Valley,REG (Non-Conf),W 71-57,,11,1,1,1.000,1,1,1.000,0,0,,1.500,0,0,,0,0,0,1,0,0,0,0,3,3.4,Leilani Otuafi,https://www.sports-reference.com/cbb/players/leilani-otuafi-1.html,brigham-young,2019-20
9,9,9,2019-12-18,Brigham Young,,San Jose State,REG (Non-Conf),W 75-56,,12,0,0,,0,0,,0,0,,,0,2,.000,0,0,0,1,1,0,1,1,0,-0.5,Leilani Otuafi,https://www.sports-reference.com/cbb/players/leilani-otuafi-1.html,brigham-young,2019-20
10,10,10,2019-12-19,Brigham Young,@,Oregon State,REG (Non-Conf),L 34-65,,11,0,0,,0,0,,0,0,,,0,0,,2,0,2,0,0,1,0,1,0,1.7,Leilani Otuafi,https://www.sports-reference.com/cbb/players/leilani-otuafi-1.html,brigham-young,2019-20
11,11,11,2019-12-28,Brigham Young,@,Loyola Marymount,REG (Conf),W 59-44,,9,1,4,.250,1,1,1.000,0,3,.000,.375,0,0,,1,0,1,0,0,0,1,3,3,-0.9,Leilani Otuafi,https://www.sports-reference.com/cbb/players/leilani-otuafi-1.html,brigham-young,2019-20
12,12,12,2019-12-30,Brigham Young,@,Pepperdine,REG (Conf),W 65-47,,17,2,3,.667,2,3,.667,0,0,,1.000,0,0,,0,1,1,1,0,2,1,1,6,5.7,Leilani Otuafi,https://www.sports-reference.com/cbb/players/leilani-otuafi-1.html,brigham-young,2019-20
13,13,13,2020-01-02,Brigham Young,,Gonzaga,REG (Conf),L 43-55,,13,0,0,,0,0,,0,0,,,0,0,,1,0,1,0,1,0,1,0,0,0.7,Leilani Otuafi,https://www.sports-reference.com/cbb/players/leilani-otuafi-1.html,brigham-young,2019-20
14,14,14,2020-01-04,Brigham Young,,Portland,REG (Conf),L 48-57,,8,0,0,,0,0,,0,0,,,0,0,,0,0,0,0,0,0,1,2,0,-1.8,Leilani Otuafi,https://www.sports-reference.com/cbb/players/leilani-otuafi-1.html,brigham-young,2019-20
15,15,15,2020-01-11,Brigham Young,,San Diego,REG (Conf),W 52-36,,4,0,0,,0,0,,0,0,,,0,0,,0,0,0,0,0,0,0,2,0,-0.8,Leilani Otuafi,https://www.sports-reference.com/cbb/players/leilani-otuafi-1.html,brigham-young,2019-20
16,16,16,2020-01-16,Brigham Young,@,Pacific,REG (Conf),W 76-66 (OT),,6,0,1,.000,0,0,,0,1,.000,.000,0,0,,0,0,0,1,0,0,0,0,0,0.0,Leilani Otuafi,https://www.sports-reference.com/cbb/players/leilani-otuafi-1.html,brigham-young,2019-20
17,17,17,2020-01-18,Brigham Young,@,St. Mary's (CA),REG (Conf),W 65-55,*,14,1,7,.143,0,4,.000,1,3,.333,.143,2,4,.500,1,2,3,1,0,0,0,0,4,0.7,Leilani Otuafi,https://www.sports-reference.com/cbb/players/leilani-otuafi-1.html,brigham-young,2019-20
18,18,29,2020-03-07,Brigham Young,,Pepperdine,CTOURN,L 51-62,,2,0,0,,0,0,,0,0,,,0,0,,0,0,0,1,0,0,1,0,0,-0.3,Leilani Otuafi,https://www.sports-reference.com/cbb/players/leilani-otuafi-1.html,brigham-young,2019-20
