ranker,player_game_num_career,team_game_num_season,date,team_name_abbr,game_location,opp_name_abbr,game_type,game_result,is_starter,mp,fg,fga,fg_pct,fg3,fg3a,fg3_pct,fg2,fg2a,fg2_pct,efg_pct,ft,fta,ft_pct,orb,drb,trb,ast,stl,blk,tov,pf,pts,game_score,player_name,player_sr_link,school,season
1,20,1,2019-11-09,Brigham Young,@,Washington State,REG (Non-Conf),L 50-67,,1,0,1,.000,0,1,.000,0,0,,.000,0,0,,0,0,0,0,0,0,0,0,0,-0.7,Malli Perri,https://www.sports-reference.com/cbb/players/malli-perri-1.html,brigham-young,2019-20
2,21,2,2019-11-14,Brigham Young,,Tx AM-Kingsvil,REG (Non-Conf),W 90-38,,17,2,8,.250,1,2,.500,1,6,.167,.313,2,2,1.000,1,4,5,1,0,1,1,2,7,3.7,Malli Perri,https://www.sports-reference.com/cbb/players/malli-perri-1.html,brigham-young,2019-20
3,22,3,2019-11-21,Brigham Young,@,Fresno State,REG (Non-Conf),W 71-65,,6,1,3,.333,0,0,,1,3,.333,.333,0,0,,1,0,1,0,0,0,0,1,2,0.6,Malli Perri,https://www.sports-reference.com/cbb/players/malli-perri-1.html,brigham-young,2019-20
4,23,4,2019-11-26,Brigham Young,,Utah State,REG (Non-Conf),W 67-50,,4,1,3,.333,1,2,.500,0,1,.000,.500,0,0,,1,0,1,0,0,0,0,0,3,2.0,Malli Perri,https://www.sports-reference.com/cbb/players/malli-perri-1.html,brigham-young,2019-20
5,24,7,2019-12-11,Brigham Young,@,Boise State,REG (Non-Conf),L 55-66,,2,0,1,.000,0,0,,0,1,.000,.000,0,0,,0,0,0,0,0,0,0,0,0,-0.7,Malli Perri,https://www.sports-reference.com/cbb/players/malli-perri-1.html,brigham-young,2019-20
6,25,8,2019-12-14,Brigham Young,,Utah Valley,REG (Non-Conf),W 71-57,,3,0,0,,0,0,,0,0,,,0,0,,0,1,1,0,0,0,0,0,0,0.3,Malli Perri,https://www.sports-reference.com/cbb/players/malli-perri-1.html,brigham-young,2019-20
7,26,9,2019-12-18,Brigham Young,,San Jose State,REG (Non-Conf),W 75-56,,8,1,1,1.000,1,1,1.000,0,0,,1.500,0,0,,0,1,1,2,0,0,0,1,3,4.0,Malli Perri,https://www.sports-reference.com/cbb/players/malli-perri-1.html,brigham-young,2019-20
8,27,10,2019-12-19,Brigham Young,@,Oregon State,REG (Non-Conf),L 34-65,,4,0,3,.000,0,1,.000,0,2,.000,.000,0,0,,0,1,1,0,0,0,0,1,0,-2.2,Malli Perri,https://www.sports-reference.com/cbb/players/malli-perri-1.html,brigham-young,2019-20
9,28,11,2019-12-28,Brigham Young,@,Loyola Marymount,REG (Conf),W 59-44,,1,1,1,1.000,0,0,,1,1,1.000,1.000,0,0,,1,0,1,0,0,0,0,0,2,2.4,Malli Perri,https://www.sports-reference.com/cbb/players/malli-perri-1.html,brigham-young,2019-20
10,29,12,2019-12-30,Brigham Young,@,Pepperdine,REG (Conf),W 65-47,,3,0,2,.000,0,1,.000,0,1,.000,.000,0,0,,0,0,0,0,0,0,0,0,0,-1.4,Malli Perri,https://www.sports-reference.com/cbb/players/malli-perri-1.html,brigham-young,2019-20
11,30,13,2020-01-02,Brigham Young,,Gonzaga,REG (Conf),L 43-55,,0,0,0,,0,0,,0,0,,,0,0,,0,0,0,0,0,0,0,0,0,0.0,Malli Perri,https://www.sports-reference.com/cbb/players/malli-perri-1.html,brigham-young,2019-20
12,31,14,2020-01-04,Brigham Young,,Portland,REG (Conf),L 48-57,,2,0,1,.000,0,0,,0,1,.000,.000,0,0,,0,0,0,0,0,0,0,1,0,-1.1,Malli Perri,https://www.sports-reference.com/cbb/players/malli-perri-1.html,brigham-young,2019-20
13,32,17,2020-01-18,Brigham Young,@,St. Mary's (CA),REG (Conf),W 65-55,,5,0,1,.000,0,0,,0,1,.000,.000,0,0,,0,0,0,0,1,0,0,1,0,-0.1,Malli Perri,https://www.sports-reference.com/cbb/players/malli-perri-1.html,brigham-young,2019-20
14,33,18,2020-01-23,Brigham Young,,San Francisco,REG (Conf),W 57-44,,8,2,4,.500,1,2,.500,1,2,.500,.625,0,0,,0,0,0,0,0,0,0,1,5,2.6,Malli Perri,https://www.sports-reference.com/cbb/players/malli-perri-1.html,brigham-young,2019-20
15,34,19,2020-01-25,Brigham Young,,Santa Clara,REG (Conf),W 71-48,,10,3,4,.750,1,2,.500,2,2,1.000,.875,0,1,.000,0,3,3,0,1,0,0,1,7,6.5,Malli Perri,https://www.sports-reference.com/cbb/players/malli-perri-1.html,brigham-young,2019-20
16,35,21,2020-02-01,Brigham Young,@,Gonzaga,REG (Conf),L 44-59,,1,0,0,,0,0,,0,0,,,0,0,,0,0,0,0,0,0,0,0,0,0.0,Malli Perri,https://www.sports-reference.com/cbb/players/malli-perri-1.html,brigham-young,2019-20
17,36,22,2020-02-08,Brigham Young,@,San Diego,REG (Conf),L 45-51,,0,0,0,,0,0,,0,0,,,0,0,,0,0,0,0,0,0,0,0,0,0.0,Malli Perri,https://www.sports-reference.com/cbb/players/malli-perri-1.html,brigham-young,2019-20
18,37,23,2020-02-13,Brigham Young,,St. Mary's (CA),REG (Conf),W 60-39,*,19,2,6,.333,1,4,.250,1,2,.500,.417,1,2,.500,0,2,2,2,2,1,1,1,6,5.5,Malli Perri,https://www.sports-reference.com/cbb/players/malli-perri-1.html,brigham-young,2019-20
19,38,24,2020-02-15,Brigham Young,,Pacific,REG (Conf),W 65-54,*,10,1,2,.500,1,2,.500,0,0,,.750,0,0,,0,1,1,0,0,0,0,1,3,1.9,Malli Perri,https://www.sports-reference.com/cbb/players/malli-perri-1.html,brigham-young,2019-20
20,39,25,2020-02-20,Brigham Young,@,Santa Clara,REG (Conf),W 60-51,*,7,1,3,.333,0,0,,1,3,.333,.333,1,2,.500,0,0,0,0,0,0,1,0,3,-0.1,Malli Perri,https://www.sports-reference.com/cbb/players/malli-perri-1.html,brigham-young,2019-20
21,40,26,2020-02-22,Brigham Young,@,San Francisco,REG (Conf),L 58-60,*,4,0,0,,0,0,,0,0,,,0,0,,0,1,1,0,0,1,0,1,0,0.6,Malli Perri,https://www.sports-reference.com/cbb/players/malli-perri-1.html,brigham-young,2019-20
22,41,27,2020-02-27,Brigham Young,,Pepperdine,REG (Conf),W 66-64,*,5,0,3,.000,0,2,.000,0,1,.000,.000,0,0,,0,3,3,0,0,0,0,1,0,-1.6,Malli Perri,https://www.sports-reference.com/cbb/players/malli-perri-1.html,brigham-young,2019-20
23,42,28,2020-02-29,Brigham Young,,Loyola Marymount,REG (Conf),W 57-42,*,14,0,4,.000,0,2,.000,0,2,.000,.000,0,0,,2,4,6,0,1,0,2,1,0,-1.6,Malli Perri,https://www.sports-reference.com/cbb/players/malli-perri-1.html,brigham-young,2019-20
24,43,29,2020-03-07,Brigham Young,,Pepperdine,CTOURN,L 51-62,,1,1,2,.500,0,1,.000,1,1,1.000,.500,0,0,,1,0,1,0,0,0,0,0,2,1.7,Malli Perri,https://www.sports-reference.com/cbb/players/malli-perri-1.html,brigham-young,2019-20
