ranker,player_game_num_career,team_game_num_season,date,team_name_abbr,game_location,opp_name_abbr,game_type,game_result,is_starter,mp,fg,fga,fg_pct,fg3,fg3a,fg3_pct,fg2,fg2a,fg2_pct,efg_pct,ft,fta,ft_pct,orb,drb,trb,ast,stl,blk,tov,pf,pts,game_score,player_name,player_sr_link,school,season
1,63,1,2019-11-09,Brigham Young,@,Washington State,REG (Non-Conf),L 50-67,*,28,0,8,.000,0,2,.000,0,6,.000,.000,0,0,,0,4,4,0,0,0,1,5,0,-7.4,Maria Albiero,https://www.sports-reference.com/cbb/players/maria-albiero-1.html,brigham-young,2019-20
2,64,2,2019-11-14,Brigham Young,,Tx AM-Kingsvil,REG (Non-Conf),W 90-38,*,18,3,7,.429,1,2,.500,2,5,.400,.500,0,0,,1,1,2,6,3,0,1,0,7,10.5,Maria Albiero,https://www.sports-reference.com/cbb/players/maria-albiero-1.html,brigham-young,2019-20
3,65,3,2019-11-21,Brigham Young,@,Fresno State,REG (Non-Conf),W 71-65,*,35,1,7,.143,1,2,.500,0,5,.000,.214,2,2,1.000,0,3,3,5,0,0,3,4,5,0.3,Maria Albiero,https://www.sports-reference.com/cbb/players/maria-albiero-1.html,brigham-young,2019-20
4,66,4,2019-11-26,Brigham Young,,Utah State,REG (Non-Conf),W 67-50,*,33,3,9,.333,2,7,.286,1,2,.500,.444,3,4,.750,0,4,4,4,1,0,2,2,11,7.7,Maria Albiero,https://www.sports-reference.com/cbb/players/maria-albiero-1.html,brigham-young,2019-20
5,67,5,2019-11-29,Brigham Young,,Utah,REG (Non-Conf),L 73-77 (OT),*,41,0,4,.000,0,1,.000,0,3,.000,.000,0,0,,1,4,5,5,2,0,0,1,0,4.2,Maria Albiero,https://www.sports-reference.com/cbb/players/maria-albiero-1.html,brigham-young,2019-20
6,68,6,2019-12-06,Brigham Young,@,Arizona State,REG (Non-Conf),L 52-60,*,23,1,3,.333,0,1,.000,1,2,.500,.333,0,0,,0,1,1,0,1,0,1,4,2,-1.0,Maria Albiero,https://www.sports-reference.com/cbb/players/maria-albiero-1.html,brigham-young,2019-20
7,69,7,2019-12-11,Brigham Young,@,Boise State,REG (Non-Conf),L 55-66,*,27,0,4,.000,0,2,.000,0,2,.000,.000,0,0,,0,0,0,5,0,0,0,1,0,0.3,Maria Albiero,https://www.sports-reference.com/cbb/players/maria-albiero-1.html,brigham-young,2019-20
8,70,8,2019-12-14,Brigham Young,,Utah Valley,REG (Non-Conf),W 71-57,*,28,2,5,.400,2,3,.667,0,2,.000,.600,4,5,.800,0,5,5,5,0,0,3,0,10,8.9,Maria Albiero,https://www.sports-reference.com/cbb/players/maria-albiero-1.html,brigham-young,2019-20
9,71,9,2019-12-18,Brigham Young,,San Jose State,REG (Non-Conf),W 75-56,*,31,3,8,.375,1,5,.200,2,3,.667,.438,1,1,1.000,0,2,2,3,0,0,5,1,8,0.9,Maria Albiero,https://www.sports-reference.com/cbb/players/maria-albiero-1.html,brigham-young,2019-20
10,72,10,2019-12-19,Brigham Young,@,Oregon State,REG (Non-Conf),L 34-65,*,30,3,10,.300,1,4,.250,2,6,.333,.350,1,2,.500,0,1,1,1,0,0,1,0,8,1.8,Maria Albiero,https://www.sports-reference.com/cbb/players/maria-albiero-1.html,brigham-young,2019-20
11,73,11,2019-12-28,Brigham Young,@,Loyola Marymount,REG (Conf),W 59-44,*,24,2,4,.500,1,1,1.000,1,3,.333,.625,0,0,,0,1,1,1,1,0,3,0,5,2.0,Maria Albiero,https://www.sports-reference.com/cbb/players/maria-albiero-1.html,brigham-young,2019-20
12,74,12,2019-12-30,Brigham Young,@,Pepperdine,REG (Conf),W 65-47,*,28,1,7,.143,0,3,.000,1,4,.250,.143,0,0,,0,2,2,6,0,0,0,1,2,1.9,Maria Albiero,https://www.sports-reference.com/cbb/players/maria-albiero-1.html,brigham-young,2019-20
13,75,13,2020-01-02,Brigham Young,,Gonzaga,REG (Conf),L 43-55,*,28,3,5,.600,2,3,.667,1,2,.500,.800,0,0,,0,3,3,1,1,0,2,0,8,6.3,Maria Albiero,https://www.sports-reference.com/cbb/players/maria-albiero-1.html,brigham-young,2019-20
14,76,14,2020-01-04,Brigham Young,,Portland,REG (Conf),L 48-57,*,33,5,8,.625,2,4,.500,3,4,.750,.750,1,2,.500,0,2,2,4,1,0,4,0,13,9.4,Maria Albiero,https://www.sports-reference.com/cbb/players/maria-albiero-1.html,brigham-young,2019-20
15,77,15,2020-01-11,Brigham Young,,San Diego,REG (Conf),W 52-36,*,28,3,4,.750,0,1,.000,3,3,1.000,.750,0,0,,0,3,3,0,0,0,1,1,6,3.9,Maria Albiero,https://www.sports-reference.com/cbb/players/maria-albiero-1.html,brigham-young,2019-20
16,78,16,2020-01-16,Brigham Young,@,Pacific,REG (Conf),W 76-66 (OT),*,40,3,11,.273,2,7,.286,1,4,.250,.364,0,0,,0,7,7,4,2,0,5,1,8,3.0,Maria Albiero,https://www.sports-reference.com/cbb/players/maria-albiero-1.html,brigham-young,2019-20
17,79,17,2020-01-18,Brigham Young,@,St. Mary's (CA),REG (Conf),W 65-55,*,38,5,12,.417,4,8,.500,1,4,.250,.583,0,0,,0,1,1,2,2,0,0,1,14,10.9,Maria Albiero,https://www.sports-reference.com/cbb/players/maria-albiero-1.html,brigham-young,2019-20
18,80,18,2020-01-23,Brigham Young,,San Francisco,REG (Conf),W 57-44,*,28,1,5,.200,1,2,.500,0,3,.000,.300,0,0,,0,4,4,4,0,0,2,1,3,1.5,Maria Albiero,https://www.sports-reference.com/cbb/players/maria-albiero-1.html,brigham-young,2019-20
19,81,19,2020-01-25,Brigham Young,,Santa Clara,REG (Conf),W 71-48,*,30,1,3,.333,0,1,.000,1,2,.500,.333,0,0,,0,4,4,3,2,0,0,0,2,5.6,Maria Albiero,https://www.sports-reference.com/cbb/players/maria-albiero-1.html,brigham-young,2019-20
20,82,20,2020-01-30,Brigham Young,@,Portland,REG (Conf),W 66-54,*,31,3,7,.429,2,4,.500,1,3,.333,.571,2,3,.667,0,2,2,6,1,0,3,4,10,7.1,Maria Albiero,https://www.sports-reference.com/cbb/players/maria-albiero-1.html,brigham-young,2019-20
21,83,21,2020-02-01,Brigham Young,@,Gonzaga,REG (Conf),L 44-59,*,25,0,1,.000,0,1,.000,0,0,,.000,2,2,1.000,2,0,2,0,2,0,3,1,2,1.3,Maria Albiero,https://www.sports-reference.com/cbb/players/maria-albiero-1.html,brigham-young,2019-20
22,84,22,2020-02-08,Brigham Young,@,San Diego,REG (Conf),L 45-51,*,32,3,5,.600,0,1,.000,3,4,.750,.600,0,1,.000,0,0,0,2,0,0,1,4,6,2.1,Maria Albiero,https://www.sports-reference.com/cbb/players/maria-albiero-1.html,brigham-young,2019-20
23,85,23,2020-02-13,Brigham Young,,St. Mary's (CA),REG (Conf),W 60-39,*,36,3,5,.600,1,1,1.000,2,4,.500,.700,0,0,,0,4,4,5,2,0,1,0,7,10.4,Maria Albiero,https://www.sports-reference.com/cbb/players/maria-albiero-1.html,brigham-young,2019-20
24,86,24,2020-02-15,Brigham Young,,Pacific,REG (Conf),W 65-54,*,38,5,11,.455,3,7,.429,2,4,.500,.591,0,0,,0,5,5,8,1,0,1,1,13,14.0,Maria Albiero,https://www.sports-reference.com/cbb/players/maria-albiero-1.html,brigham-young,2019-20
25,87,25,2020-02-20,Brigham Young,@,Santa Clara,REG (Conf),W 60-51,*,33,3,7,.429,3,5,.600,0,2,.000,.643,0,0,,0,4,4,3,2,0,3,3,9,6.4,Maria Albiero,https://www.sports-reference.com/cbb/players/maria-albiero-1.html,brigham-young,2019-20
26,88,26,2020-02-22,Brigham Young,@,San Francisco,REG (Conf),L 58-60,*,36,1,5,.200,1,4,.250,0,1,.000,.300,1,2,.500,0,2,2,4,0,0,1,0,4,2.9,Maria Albiero,https://www.sports-reference.com/cbb/players/maria-albiero-1.html,brigham-young,2019-20
27,89,27,2020-02-27,Brigham Young,,Pepperdine,REG (Conf),W 66-64,*,34,3,4,.750,2,2,1.000,1,2,.500,1.000,0,0,,0,5,5,4,1,0,4,1,8,7.3,Maria Albiero,https://www.sports-reference.com/cbb/players/maria-albiero-1.html,brigham-young,2019-20
28,90,28,2020-02-29,Brigham Young,,Loyola Marymount,REG (Conf),W 57-42,*,29,1,6,.167,0,4,.000,1,2,.500,.167,1,1,1.000,0,1,1,2,0,0,2,0,3,-1.1,Maria Albiero,https://www.sports-reference.com/cbb/players/maria-albiero-1.html,brigham-young,2019-20
29,91,29,2020-03-07,Brigham Young,,Pepperdine,CTOURN,L 51-62,*,23,0,4,.000,0,1,.000,0,3,.000,.000,0,0,,0,0,0,0,0,0,1,0,0,-3.8,Maria Albiero,https://www.sports-reference.com/cbb/players/maria-albiero-1.html,brigham-young,2019-20
