ranker,player_game_num_career,team_game_num_season,date,team_name_abbr,game_location,opp_name_abbr,game_type,game_result,is_starter,mp,fg,fga,fg_pct,fg3,fg3a,fg2,fg2a,fg2_pct,efg_pct,ft,fta,ft_pct,orb,drb,trb,ast,stl,blk,tov,pf,pts,game_score,player_name,player_sr_link,school,season
1,87,1,2019-11-09,Brigham Young,@,Washington State,REG (Non-Conf),L 50-67,,13,0,3,.000,0,0,0,3,.000,.000,0,4,.000,0,0,0,0,1,0,1,2,0,-4.5,Shalae Salmon,https://www.sports-reference.com/cbb/players/shalae-salmon-1.html,brigham-young,2019-20
2,88,2,2019-11-14,Brigham Young,,Tx AM-Kingsvil,REG (Non-Conf),W 90-38,,12,4,6,.667,0,0,4,6,.667,.667,0,0,,1,1,2,2,0,0,2,1,8,5.4,Shalae Salmon,https://www.sports-reference.com/cbb/players/shalae-salmon-1.html,brigham-young,2019-20
3,89,3,2019-11-21,Brigham Young,@,Fresno State,REG (Non-Conf),W 71-65,*,20,6,11,.545,0,0,6,11,.545,.545,4,4,1.000,5,6,11,1,0,1,1,0,16,16.4,Shalae Salmon,https://www.sports-reference.com/cbb/players/shalae-salmon-1.html,brigham-young,2019-20
4,90,4,2019-11-26,Brigham Young,,Utah State,REG (Non-Conf),W 67-50,*,28,4,9,.444,0,0,4,9,.444,.444,2,4,.500,5,6,11,0,0,0,2,3,10,6.6,Shalae Salmon,https://www.sports-reference.com/cbb/players/shalae-salmon-1.html,brigham-young,2019-20
5,91,5,2019-11-29,Brigham Young,,Utah,REG (Non-Conf),L 73-77 (OT),*,24,3,11,.273,0,0,3,11,.273,.273,1,2,.500,5,7,12,1,0,1,0,0,7,7.1,Shalae Salmon,https://www.sports-reference.com/cbb/players/shalae-salmon-1.html,brigham-young,2019-20
6,92,6,2019-12-06,Brigham Young,@,Arizona State,REG (Non-Conf),L 52-60,*,28,3,7,.429,0,0,3,7,.429,.429,0,0,,1,5,6,2,0,1,2,1,6,4.2,Shalae Salmon,https://www.sports-reference.com/cbb/players/shalae-salmon-1.html,brigham-young,2019-20
7,93,7,2019-12-11,Brigham Young,@,Boise State,REG (Non-Conf),L 55-66,*,25,3,13,.231,0,0,3,13,.231,.231,0,0,,6,5,11,0,1,0,2,1,6,2.4,Shalae Salmon,https://www.sports-reference.com/cbb/players/shalae-salmon-1.html,brigham-young,2019-20
8,94,8,2019-12-14,Brigham Young,,Utah Valley,REG (Non-Conf),W 71-57,*,24,7,11,.636,0,0,7,11,.636,.636,0,2,.000,0,6,6,1,1,0,0,1,14,11.4,Shalae Salmon,https://www.sports-reference.com/cbb/players/shalae-salmon-1.html,brigham-young,2019-20
9,95,9,2019-12-18,Brigham Young,,San Jose State,REG (Non-Conf),W 75-56,*,19,5,5,1.000,0,0,5,5,1.000,1.000,0,0,,3,5,8,1,1,0,1,3,10,11.6,Shalae Salmon,https://www.sports-reference.com/cbb/players/shalae-salmon-1.html,brigham-young,2019-20
10,96,10,2019-12-19,Brigham Young,@,Oregon State,REG (Non-Conf),L 34-65,*,18,1,6,.167,0,0,1,6,.167,.167,0,0,,1,1,2,0,1,0,0,1,2,-0.2,Shalae Salmon,https://www.sports-reference.com/cbb/players/shalae-salmon-1.html,brigham-young,2019-20
11,97,11,2019-12-28,Brigham Young,@,Loyola Marymount,REG (Conf),W 59-44,,21,4,6,.667,0,0,4,6,.667,.667,0,0,,1,3,4,0,0,2,0,2,8,7.6,Shalae Salmon,https://www.sports-reference.com/cbb/players/shalae-salmon-1.html,brigham-young,2019-20
12,98,12,2019-12-30,Brigham Young,@,Pepperdine,REG (Conf),W 65-47,,14,3,9,.333,0,0,3,9,.333,.333,0,0,,0,3,3,0,0,2,2,2,6,0.4,Shalae Salmon,https://www.sports-reference.com/cbb/players/shalae-salmon-1.html,brigham-young,2019-20
13,99,13,2020-01-02,Brigham Young,,Gonzaga,REG (Conf),L 43-55,,12,1,7,.143,0,0,1,7,.143,.143,0,0,,1,0,1,1,1,1,0,0,2,0.6,Shalae Salmon,https://www.sports-reference.com/cbb/players/shalae-salmon-1.html,brigham-young,2019-20
14,100,14,2020-01-04,Brigham Young,,Portland,REG (Conf),L 48-57,,15,1,5,.200,0,0,1,5,.200,.200,0,0,,4,3,7,1,1,4,1,3,2,4.9,Shalae Salmon,https://www.sports-reference.com/cbb/players/shalae-salmon-1.html,brigham-young,2019-20
15,101,15,2020-01-11,Brigham Young,,San Diego,REG (Conf),W 52-36,,19,3,4,.750,0,0,3,4,.750,.750,0,0,,2,4,6,0,1,0,2,0,6,6.0,Shalae Salmon,https://www.sports-reference.com/cbb/players/shalae-salmon-1.html,brigham-young,2019-20
16,102,16,2020-01-16,Brigham Young,@,Pacific,REG (Conf),W 76-66 (OT),,15,2,5,.400,0,0,2,5,.400,.400,1,2,.500,1,0,1,0,0,0,4,4,5,-3.0,Shalae Salmon,https://www.sports-reference.com/cbb/players/shalae-salmon-1.html,brigham-young,2019-20
17,103,17,2020-01-18,Brigham Young,@,St. Mary's (CA),REG (Conf),W 65-55,,14,1,3,.333,0,0,1,3,.333,.333,0,0,,1,2,3,1,0,0,0,1,2,1.9,Shalae Salmon,https://www.sports-reference.com/cbb/players/shalae-salmon-1.html,brigham-young,2019-20
18,104,18,2020-01-23,Brigham Young,,San Francisco,REG (Conf),W 57-44,,14,2,2,1.000,0,0,2,2,1.000,1.000,0,0,,1,4,5,0,1,2,1,0,4,6.7,Shalae Salmon,https://www.sports-reference.com/cbb/players/shalae-salmon-1.html,brigham-young,2019-20
19,105,19,2020-01-25,Brigham Young,,Santa Clara,REG (Conf),W 71-48,,13,2,3,.667,0,0,2,3,.667,.667,2,2,1.000,0,3,3,2,0,0,2,3,6,3.8,Shalae Salmon,https://www.sports-reference.com/cbb/players/shalae-salmon-1.html,brigham-young,2019-20
20,106,20,2020-01-30,Brigham Young,@,Portland,REG (Conf),W 66-54,,4,1,1,1.000,0,0,1,1,1.000,1.000,0,0,,0,0,0,0,0,0,0,1,2,1.3,Shalae Salmon,https://www.sports-reference.com/cbb/players/shalae-salmon-1.html,brigham-young,2019-20
21,107,21,2020-02-01,Brigham Young,@,Gonzaga,REG (Conf),L 44-59,,11,1,2,.500,0,0,1,2,.500,.500,0,0,,1,3,4,0,0,0,1,1,2,1.2,Shalae Salmon,https://www.sports-reference.com/cbb/players/shalae-salmon-1.html,brigham-young,2019-20
22,108,22,2020-02-08,Brigham Young,@,San Diego,REG (Conf),L 45-51,,15,3,5,.600,0,0,3,5,.600,.600,0,0,,0,3,3,0,1,1,0,3,6,5.1,Shalae Salmon,https://www.sports-reference.com/cbb/players/shalae-salmon-1.html,brigham-young,2019-20
23,109,23,2020-02-13,Brigham Young,,St. Mary's (CA),REG (Conf),W 60-39,,14,3,8,.375,0,0,3,8,.375,.375,1,2,.500,2,3,5,0,0,0,0,2,7,3.7,Shalae Salmon,https://www.sports-reference.com/cbb/players/shalae-salmon-1.html,brigham-young,2019-20
24,110,24,2020-02-15,Brigham Young,,Pacific,REG (Conf),W 65-54,,10,0,3,.000,0,0,0,3,.000,.000,0,0,,2,1,3,0,1,0,0,1,0,0.2,Shalae Salmon,https://www.sports-reference.com/cbb/players/shalae-salmon-1.html,brigham-young,2019-20
25,111,25,2020-02-20,Brigham Young,@,Santa Clara,REG (Conf),W 60-51,,12,1,1,1.000,0,0,1,1,1.000,1.000,0,0,,0,3,3,1,0,0,0,0,2,3.3,Shalae Salmon,https://www.sports-reference.com/cbb/players/shalae-salmon-1.html,brigham-young,2019-20
26,112,26,2020-02-22,Brigham Young,@,San Francisco,REG (Conf),L 58-60,,12,1,2,.500,0,0,1,2,.500,.500,0,0,,0,3,3,2,0,1,2,1,2,1.6,Shalae Salmon,https://www.sports-reference.com/cbb/players/shalae-salmon-1.html,brigham-young,2019-20
27,113,27,2020-02-27,Brigham Young,,Pepperdine,REG (Conf),W 66-64,,13,0,0,,0,0,0,0,,,0,0,,3,1,4,1,0,0,3,1,0,-0.3,Shalae Salmon,https://www.sports-reference.com/cbb/players/shalae-salmon-1.html,brigham-young,2019-20
28,114,28,2020-02-29,Brigham Young,,Loyola Marymount,REG (Conf),W 57-42,,9,0,2,.000,0,0,0,2,.000,.000,1,2,.500,0,3,3,0,0,0,1,4,1,-2.5,Shalae Salmon,https://www.sports-reference.com/cbb/players/shalae-salmon-1.html,brigham-young,2019-20
29,115,29,2020-03-07,Brigham Young,,Pepperdine,CTOURN,L 51-62,,7,1,3,.333,0,0,1,3,.333,.333,0,0,,1,1,2,0,0,0,0,0,2,1.3,Shalae Salmon,https://www.sports-reference.com/cbb/players/shalae-salmon-1.html,brigham-young,2019-20
