ranker,player_game_num_career,team_game_num_season,date,team_name_abbr,game_location,opp_name_abbr,game_type,game_result,is_starter,mp,fg,fga,fg_pct,fg3,fg3a,fg3_pct,fg2,fg2a,fg2_pct,efg_pct,ft,fta,ft_pct,orb,drb,trb,ast,stl,blk,tov,pf,pts,game_score,player_name,player_sr_link,school,season
1,14,1,2024-11-06,Sam Houston State,,Jarvis Christian,REG (Non-Conf),W 98-47,,14,0,2,.000,0,1,.000,0,1,.000,.000,0,0,,1,3,4,2,0,0,0,3,0,0.4,Esther Rodellar,https://www.sports-reference.com/cbb/players/esther-rodellar-bilbao-1.html,sam-houston-state,2024-25
2,15,2,2024-11-09,Sam Houston State,,Seattle,REG (Non-Conf),W 69-57,,3,0,0,,0,0,,0,0,,,0,0,,0,0,0,0,0,0,0,0,0,0.0,Esther Rodellar,https://www.sports-reference.com/cbb/players/esther-rodellar-bilbao-1.html,sam-houston-state,2024-25
3,16,3,2024-11-11,Sam Houston State,@,Kansas,REG (Non-Conf),L 51-66,,1,0,0,,0,0,,0,0,,,0,0,,0,0,0,0,0,0,0,0,0,0.0,Esther Rodellar,https://www.sports-reference.com/cbb/players/esther-rodellar-bilbao-1.html,sam-houston-state,2024-25
4,17,4,2024-11-17,Sam Houston State,@,Rice,REG (Non-Conf),L 60-65,,2,0,0,,0,0,,0,0,,,0,0,,0,0,0,0,0,0,0,0,0,0.0,Esther Rodellar,https://www.sports-reference.com/cbb/players/esther-rodellar-bilbao-1.html,sam-houston-state,2024-25
5,18,5,2024-11-20,Sam Houston State,,St. Thomas (TX),REG (Non-Conf),W 86-48,,4,1,4,.250,0,1,.000,1,3,.333,.250,0,0,,0,0,0,1,1,0,0,1,2,0.9,Esther Rodellar,https://www.sports-reference.com/cbb/players/esther-rodellar-bilbao-1.html,sam-houston-state,2024-25
6,19,6,2024-11-23,Sam Houston State,,Arkansas–Pine Bluff,REG (Non-Conf),W 67-48,,1,0,0,,0,0,,0,0,,,0,0,,0,0,0,0,0,0,0,1,0,-0.4,Esther Rodellar,https://www.sports-reference.com/cbb/players/esther-rodellar-bilbao-1.html,sam-houston-state,2024-25
7,20,7,2024-12-05,Sam Houston State,,McMurry,REG (Non-Conf),W 75-53,,1,0,0,,0,0,,0,0,,,0,0,,0,0,0,1,0,0,0,0,0,0.7,Esther Rodellar,https://www.sports-reference.com/cbb/players/esther-rodellar-bilbao-1.html,sam-houston-state,2024-25
8,21,8,2024-12-07,Sam Houston State,@,UTSA,REG (Non-Conf),L 36-79,,2,0,1,.000,0,0,,0,1,.000,.000,0,2,.000,0,0,0,0,0,0,0,1,0,-1.9,Esther Rodellar,https://www.sports-reference.com/cbb/players/esther-rodellar-bilbao-1.html,sam-houston-state,2024-25
9,22,9,2024-12-16,Sam Houston State,@,Southern Utah,REG (Non-Conf),W 72-61,,6,0,3,.000,0,0,,0,3,.000,.000,0,0,,0,1,1,0,0,0,0,0,0,-1.8,Esther Rodellar,https://www.sports-reference.com/cbb/players/esther-rodellar-bilbao-1.html,sam-houston-state,2024-25
10,23,10,2024-12-20,Sam Houston State,@,Houston Christian,REG (Non-Conf),W 79-68,,3,1,2,.500,0,0,,1,2,.500,.500,0,0,,0,0,0,0,0,0,0,0,2,1.0,Esther Rodellar,https://www.sports-reference.com/cbb/players/esther-rodellar-bilbao-1.html,sam-houston-state,2024-25
11,24,13,2025-01-09,Sam Houston State,@,Liberty,REG (Conf),L 54-69,,5,0,0,,0,0,,0,0,,,0,0,,0,0,0,1,0,0,0,1,0,0.3,Esther Rodellar,https://www.sports-reference.com/cbb/players/esther-rodellar-bilbao-1.html,sam-houston-state,2024-25
12,25,14,2025-01-11,Sam Houston State,@,Florida International,REG (Conf),L 54-61,,2,1,1,1.000,0,0,,1,1,1.000,1.000,0,0,,0,0,0,0,0,0,0,0,2,1.7,Esther Rodellar,https://www.sports-reference.com/cbb/players/esther-rodellar-bilbao-1.html,sam-houston-state,2024-25
13,26,15,2025-01-16,Sam Houston State,,Kennesaw State,REG (Conf),L 73-85 (OT),,1,0,0,,0,0,,0,0,,,0,0,,0,0,0,0,0,0,0,0,0,0.0,Esther Rodellar,https://www.sports-reference.com/cbb/players/esther-rodellar-bilbao-1.html,sam-houston-state,2024-25
14,27,16,2025-01-18,Sam Houston State,,Jacksonville State,REG (Conf),W 53-48,,6,0,1,.000,0,1,.000,0,0,,.000,0,0,,0,1,1,0,0,0,1,1,0,-1.8,Esther Rodellar,https://www.sports-reference.com/cbb/players/esther-rodellar-bilbao-1.html,sam-houston-state,2024-25
15,28,17,2025-01-23,Sam Houston State,@,Middle Tennessee,REG (Conf),L 38-66,,17,0,5,.000,0,1,.000,0,4,.000,.000,0,0,,0,0,0,0,0,0,0,1,0,-3.9,Esther Rodellar,https://www.sports-reference.com/cbb/players/esther-rodellar-bilbao-1.html,sam-houston-state,2024-25
16,29,18,2025-01-25,Sam Houston State,@,Western Kentucky,REG (Conf),L 49-82,,3,0,1,.000,0,0,,0,1,.000,.000,0,0,,0,0,0,0,0,0,0,0,0,-0.7,Esther Rodellar,https://www.sports-reference.com/cbb/players/esther-rodellar-bilbao-1.html,sam-houston-state,2024-25
17,30,20,2025-02-06,Sam Houston State,,Florida International,REG (Conf),W 66-54,,4,1,1,1.000,1,1,1.000,0,0,,1.500,0,0,,0,0,0,0,0,0,0,1,3,2.3,Esther Rodellar,https://www.sports-reference.com/cbb/players/esther-rodellar-bilbao-1.html,sam-houston-state,2024-25
18,31,21,2025-02-08,Sam Houston State,,Liberty,REG (Conf),L 54-74,,3,0,1,.000,0,1,.000,0,0,,.000,0,0,,0,0,0,0,0,0,0,0,0,-0.7,Esther Rodellar,https://www.sports-reference.com/cbb/players/esther-rodellar-bilbao-1.html,sam-houston-state,2024-25
19,32,22,2025-02-13,Sam Houston State,@,Jacksonville State,REG (Conf),W 56-49,,9,0,1,.000,0,0,,0,1,.000,.000,0,0,,0,0,0,0,0,0,0,1,0,-1.1,Esther Rodellar,https://www.sports-reference.com/cbb/players/esther-rodellar-bilbao-1.html,sam-houston-state,2024-25
20,33,23,2025-02-15,Sam Houston State,@,Kennesaw State,REG (Conf),W 65-53,,7,1,1,1.000,0,0,,1,1,1.000,1.000,0,0,,0,1,1,1,0,0,1,0,2,1.7,Esther Rodellar,https://www.sports-reference.com/cbb/players/esther-rodellar-bilbao-1.html,sam-houston-state,2024-25
21,34,24,2025-02-20,Sam Houston State,,Western Kentucky,REG (Conf),L 45-57,,3,0,0,,0,0,,0,0,,,0,0,,0,1,1,0,0,0,0,0,0,0.3,Esther Rodellar,https://www.sports-reference.com/cbb/players/esther-rodellar-bilbao-1.html,sam-houston-state,2024-25
22,35,25,2025-02-22,Sam Houston State,,Middle Tennessee,REG (Conf),L 46-59,,3,0,1,.000,0,0,,0,1,.000,.000,2,2,1.000,0,1,1,0,1,0,1,0,2,1.6,Esther Rodellar,https://www.sports-reference.com/cbb/players/esther-rodellar-bilbao-1.html,sam-houston-state,2024-25
23,36,28,2025-03-08,Sam Houston State,@,New Mexico State,REG (Conf),L 56-64,,4,0,0,,0,0,,0,0,,,0,0,,0,0,0,0,0,0,0,0,0,0.0,Esther Rodellar,https://www.sports-reference.com/cbb/players/esther-rodellar-bilbao-1.html,sam-houston-state,2024-25
24,37,29,2025-03-11,Sam Houston State,N,Jacksonville State,CTOURN,W 55-53,,7,0,1,.000,0,0,,0,1,.000,.000,0,0,,0,0,0,0,0,0,0,0,0,-0.7,Esther Rodellar,https://www.sports-reference.com/cbb/players/esther-rodellar-bilbao-1.html,sam-houston-state,2024-25
