ranker,player_game_num_career,team_game_num_season,date,team_name_abbr,game_location,opp_name_abbr,game_type,game_result,is_starter,mp,fg,fga,fg_pct,fg3,fg3a,fg3_pct,fg2,fg2a,fg2_pct,efg_pct,ft,fta,ft_pct,orb,drb,trb,ast,stl,blk,tov,pf,pts,game_score,player_name,player_sr_link,school,season
1,61,1,2020-12-03,Fairfield,,Massachusetts,REG (Non-Conf),L 50-71,,12,0,4,.000,0,1,.000,0,3,.000,.000,1,2,.500,1,2,3,1,0,0,0,1,1,-0.6,Andrea Hernangomez,https://www.sports-reference.com/cbb/players/andrea-hernangomez-1.html,fairfield,2020-21
2,62,2,2020-12-06,Fairfield,@,Hofstra,REG (Non-Conf),W 75-55,,17,0,1,.000,0,0,,0,1,.000,.000,0,0,,3,1,4,1,0,0,3,2,0,-1.4,Andrea Hernangomez,https://www.sports-reference.com/cbb/players/andrea-hernangomez-1.html,fairfield,2020-21
3,63,3,2020-12-11,Fairfield,@,Siena,REG (Conf),W 68-56,,5,0,2,.000,0,1,.000,0,1,.000,.000,0,0,,1,1,2,0,0,0,0,0,0,-0.4,Andrea Hernangomez,https://www.sports-reference.com/cbb/players/andrea-hernangomez-1.html,fairfield,2020-21
4,64,4,2020-12-12,Fairfield,@,Siena,REG (Conf),W 76-44,,13,0,1,.000,0,1,.000,0,0,,.000,0,0,,1,1,2,2,3,1,3,3,0,1.2,Andrea Hernangomez,https://www.sports-reference.com/cbb/players/andrea-hernangomez-1.html,fairfield,2020-21
5,65,5,2021-01-02,Fairfield,@,Rider,REG (Conf),W 70-59,,23,4,10,.400,1,1,1.000,3,9,.333,.450,1,1,1.000,0,5,5,2,3,1,1,2,10,9.4,Andrea Hernangomez,https://www.sports-reference.com/cbb/players/andrea-hernangomez-1.html,fairfield,2020-21
6,66,6,2021-01-03,Fairfield,@,Rider,REG (Conf),W 66-45,,18,6,10,.600,0,1,.000,6,9,.667,.600,1,2,.500,0,3,3,0,1,1,0,1,13,10.2,Andrea Hernangomez,https://www.sports-reference.com/cbb/players/andrea-hernangomez-1.html,fairfield,2020-21
7,67,7,2021-01-15,Fairfield,,Marist,REG (Conf),L 38-56,,15,0,3,.000,0,0,,0,3,.000,.000,0,0,,1,2,3,1,0,0,1,2,0,-1.9,Andrea Hernangomez,https://www.sports-reference.com/cbb/players/andrea-hernangomez-1.html,fairfield,2020-21
8,68,8,2021-01-16,Fairfield,,Marist,REG (Conf),W 61-58,,21,3,6,.500,0,1,.000,3,5,.600,.500,1,5,.200,3,0,3,0,2,0,0,2,7,5.7,Andrea Hernangomez,https://www.sports-reference.com/cbb/players/andrea-hernangomez-1.html,fairfield,2020-21
9,69,9,2021-02-08,Fairfield,,Saint Peter's,REG (Conf),W 67-61,,22,1,5,.200,1,1,1.000,0,4,.000,.300,0,0,,1,4,5,2,1,0,0,3,3,3.0,Andrea Hernangomez,https://www.sports-reference.com/cbb/players/andrea-hernangomez-1.html,fairfield,2020-21
10,70,10,2021-02-12,Fairfield,@,Quinnipiac,REG (Conf),L 55-67,,22,5,9,.556,1,2,.500,4,7,.571,.611,0,0,,4,4,8,0,0,0,2,1,11,8.3,Andrea Hernangomez,https://www.sports-reference.com/cbb/players/andrea-hernangomez-1.html,fairfield,2020-21
11,71,11,2021-02-13,Fairfield,@,Quinnipiac,REG (Conf),L 44-60,*,25,2,4,.500,0,1,.000,2,3,.667,.500,2,2,1.000,5,3,8,0,0,2,1,3,6,7.6,Andrea Hernangomez,https://www.sports-reference.com/cbb/players/andrea-hernangomez-1.html,fairfield,2020-21
12,72,12,2021-02-17,Fairfield,@,Iona,REG (Conf),W 63-56,*,33,5,11,.455,3,4,.750,2,7,.286,.591,0,0,,1,3,4,3,2,1,2,3,13,10.5,Andrea Hernangomez,https://www.sports-reference.com/cbb/players/andrea-hernangomez-1.html,fairfield,2020-21
13,73,13,2021-02-20,Fairfield,,Monmouth,REG (Conf),W 51-21,*,34,6,17,.353,1,3,.333,5,14,.357,.382,2,2,1.000,5,9,14,1,1,0,0,1,15,13.0,Andrea Hernangomez,https://www.sports-reference.com/cbb/players/andrea-hernangomez-1.html,fairfield,2020-21
14,74,14,2021-02-21,Fairfield,,Monmouth,REG (Conf),W 60-46,*,28,3,9,.333,0,1,.000,3,8,.375,.333,0,0,,2,4,6,7,2,0,2,0,6,8.4,Andrea Hernangomez,https://www.sports-reference.com/cbb/players/andrea-hernangomez-1.html,fairfield,2020-21
15,75,15,2021-03-11,Fairfield,,Manhattan,CTOURN,W 51-40,*,29,1,5,.200,0,1,.000,1,4,.250,.200,0,0,,1,7,8,2,2,0,4,3,2,-0.1,Andrea Hernangomez,https://www.sports-reference.com/cbb/players/andrea-hernangomez-1.html,fairfield,2020-21
16,76,16,2021-03-12,Fairfield,@,Marist,CTOURN,L 50-66,*,13,1,2,.500,1,2,.500,0,0,,.750,2,2,1.000,0,2,2,0,0,0,0,4,5,3.0,Andrea Hernangomez,https://www.sports-reference.com/cbb/players/andrea-hernangomez-1.html,fairfield,2020-21
