ranker,player_game_num_career,team_game_num_season,date,team_name_abbr,game_location,opp_name_abbr,game_type,game_result,is_starter,mp,fg,fga,fg_pct,fg3,fg3a,fg3_pct,fg2,fg2a,fg2_pct,efg_pct,ft,fta,ft_pct,orb,drb,trb,ast,stl,blk,tov,pf,pts,game_score,player_name,player_sr_link,school,season
1,60,1,2020-12-03,Fairfield,,Massachusetts,REG (Non-Conf),L 50-71,*,28,0,3,.000,0,0,,0,3,.000,.000,2,2,1.000,1,2,3,0,1,1,3,1,2,-0.5,Callie Cavanaugh,https://www.sports-reference.com/cbb/players/callie-cavanaugh-1.html,fairfield,2020-21
2,61,2,2020-12-06,Fairfield,@,Hofstra,REG (Non-Conf),W 75-55,*,16,2,2,1.000,0,0,,2,2,1.000,1.000,1,2,.500,0,0,0,2,1,1,1,3,5,4.9,Callie Cavanaugh,https://www.sports-reference.com/cbb/players/callie-cavanaugh-1.html,fairfield,2020-21
3,62,3,2020-12-11,Fairfield,@,Siena,REG (Conf),W 68-56,*,35,5,9,.556,0,0,,5,9,.556,.556,0,0,,4,3,7,0,0,0,1,1,10,8.0,Callie Cavanaugh,https://www.sports-reference.com/cbb/players/callie-cavanaugh-1.html,fairfield,2020-21
4,63,4,2020-12-12,Fairfield,@,Siena,REG (Conf),W 76-44,*,21,1,2,.500,0,0,,1,2,.500,.500,0,0,,1,2,3,1,2,0,1,4,2,2.4,Callie Cavanaugh,https://www.sports-reference.com/cbb/players/callie-cavanaugh-1.html,fairfield,2020-21
5,64,5,2021-01-02,Fairfield,@,Rider,REG (Conf),W 70-59,*,16,0,3,.000,0,0,,0,3,.000,.000,0,0,,1,2,3,1,1,0,2,4,0,-2.7,Callie Cavanaugh,https://www.sports-reference.com/cbb/players/callie-cavanaugh-1.html,fairfield,2020-21
6,65,6,2021-01-03,Fairfield,@,Rider,REG (Conf),W 66-45,*,19,1,3,.333,0,0,,1,3,.333,.333,0,0,,0,2,2,0,1,0,0,2,2,1.1,Callie Cavanaugh,https://www.sports-reference.com/cbb/players/callie-cavanaugh-1.html,fairfield,2020-21
7,66,7,2021-01-15,Fairfield,,Marist,REG (Conf),L 38-56,*,28,3,8,.375,0,0,,3,8,.375,.375,2,4,.500,2,2,4,0,1,0,3,2,8,2.0,Callie Cavanaugh,https://www.sports-reference.com/cbb/players/callie-cavanaugh-1.html,fairfield,2020-21
8,67,8,2021-01-16,Fairfield,,Marist,REG (Conf),W 61-58,*,20,5,7,.714,0,0,,5,7,.714,.714,0,0,,3,0,3,0,2,1,2,1,10,9.5,Callie Cavanaugh,https://www.sports-reference.com/cbb/players/callie-cavanaugh-1.html,fairfield,2020-21
9,68,9,2021-02-08,Fairfield,,Saint Peter's,REG (Conf),W 67-61,*,20,0,3,.000,0,0,,0,3,.000,.000,0,0,,2,1,3,1,1,0,2,3,0,-1.9,Callie Cavanaugh,https://www.sports-reference.com/cbb/players/callie-cavanaugh-1.html,fairfield,2020-21
10,69,10,2021-02-12,Fairfield,@,Quinnipiac,REG (Conf),L 55-67,*,21,0,2,.000,0,0,,0,2,.000,.000,0,0,,1,1,2,0,0,2,0,0,0,1.0,Callie Cavanaugh,https://www.sports-reference.com/cbb/players/callie-cavanaugh-1.html,fairfield,2020-21
11,70,11,2021-02-13,Fairfield,@,Quinnipiac,REG (Conf),L 44-60,,15,2,3,.667,0,0,,2,3,.667,.667,1,2,.500,3,1,4,0,0,1,2,2,5,3.6,Callie Cavanaugh,https://www.sports-reference.com/cbb/players/callie-cavanaugh-1.html,fairfield,2020-21
12,71,12,2021-02-17,Fairfield,@,Iona,REG (Conf),W 63-56,,10,1,1,1.000,0,0,,1,1,1.000,1.000,0,0,,0,0,0,1,0,0,0,0,2,2.4,Callie Cavanaugh,https://www.sports-reference.com/cbb/players/callie-cavanaugh-1.html,fairfield,2020-21
13,72,13,2021-02-20,Fairfield,,Monmouth,REG (Conf),W 51-21,*,25,5,12,.417,0,0,,5,12,.417,.417,2,3,.667,3,3,6,0,0,1,1,3,12,6.7,Callie Cavanaugh,https://www.sports-reference.com/cbb/players/callie-cavanaugh-1.html,fairfield,2020-21
14,73,14,2021-02-21,Fairfield,,Monmouth,REG (Conf),W 60-46,*,31,4,9,.444,0,0,,4,9,.444,.444,5,6,.833,8,6,14,2,0,0,1,2,13,14.9,Callie Cavanaugh,https://www.sports-reference.com/cbb/players/callie-cavanaugh-1.html,fairfield,2020-21
15,74,15,2021-03-11,Fairfield,,Manhattan,CTOURN,W 51-40,*,24,2,5,.400,0,1,.000,2,4,.500,.400,1,4,.250,2,2,4,0,1,1,2,4,5,1.2,Callie Cavanaugh,https://www.sports-reference.com/cbb/players/callie-cavanaugh-1.html,fairfield,2020-21
16,75,16,2021-03-12,Fairfield,@,Marist,CTOURN,L 50-66,*,37,8,15,.533,0,2,.000,8,13,.615,.533,0,0,,4,1,5,0,0,2,2,3,16,10.0,Callie Cavanaugh,https://www.sports-reference.com/cbb/players/callie-cavanaugh-1.html,fairfield,2020-21
