ranker,player_game_num_career,team_game_num_season,date,team_name_abbr,game_location,opp_name_abbr,game_type,game_result,is_starter,mp,fg,fga,fg_pct,fg3,fg3a,fg3_pct,fg2,fg2a,fg2_pct,efg_pct,ft,fta,orb,drb,trb,ast,stl,blk,tov,pf,pts,game_score,player_name,player_sr_link,school,season
1,68,1,2020-12-03,Fairfield,,Massachusetts,REG (Non-Conf),L 50-71,,19,2,6,.333,2,5,.400,0,1,.000,.500,0,0,1,3,4,1,0,0,2,3,6,1.7,Eden Nibbelink,https://www.sports-reference.com/cbb/players/eden-nibbelink-1.html,fairfield,2020-21
2,69,2,2020-12-06,Fairfield,@,Hofstra,REG (Non-Conf),W 75-55,,18,5,11,.455,5,10,.500,0,1,.000,.682,0,0,1,0,1,0,2,0,0,2,15,11.2,Eden Nibbelink,https://www.sports-reference.com/cbb/players/eden-nibbelink-1.html,fairfield,2020-21
3,70,3,2020-12-11,Fairfield,@,Siena,REG (Conf),W 68-56,,16,1,5,.200,0,3,.000,1,2,.500,.200,0,0,1,3,4,0,0,3,1,2,2,0.8,Eden Nibbelink,https://www.sports-reference.com/cbb/players/eden-nibbelink-1.html,fairfield,2020-21
4,71,4,2020-12-12,Fairfield,@,Siena,REG (Conf),W 76-44,,11,2,5,.400,0,2,.000,2,3,.667,.400,0,0,0,1,1,0,0,1,0,0,4,2.3,Eden Nibbelink,https://www.sports-reference.com/cbb/players/eden-nibbelink-1.html,fairfield,2020-21
5,72,5,2021-01-02,Fairfield,@,Rider,REG (Conf),W 70-59,,11,0,0,,0,0,,0,0,,,0,0,0,0,0,1,0,0,0,0,0,0.7,Eden Nibbelink,https://www.sports-reference.com/cbb/players/eden-nibbelink-1.html,fairfield,2020-21
6,73,6,2021-01-03,Fairfield,@,Rider,REG (Conf),W 66-45,,21,0,2,.000,0,2,.000,0,0,,.000,0,0,0,3,3,1,1,1,3,2,0,-1.9,Eden Nibbelink,https://www.sports-reference.com/cbb/players/eden-nibbelink-1.html,fairfield,2020-21
7,74,7,2021-01-15,Fairfield,,Marist,REG (Conf),L 38-56,,14,1,2,.500,1,2,.500,0,0,,.750,0,0,1,0,1,0,0,0,2,0,3,0.7,Eden Nibbelink,https://www.sports-reference.com/cbb/players/eden-nibbelink-1.html,fairfield,2020-21
8,75,8,2021-01-16,Fairfield,,Marist,REG (Conf),W 61-58,,2,0,0,,0,0,,0,0,,,0,0,0,0,0,1,0,1,1,0,0,0.4,Eden Nibbelink,https://www.sports-reference.com/cbb/players/eden-nibbelink-1.html,fairfield,2020-21
9,76,9,2021-02-08,Fairfield,,Saint Peter's,REG (Conf),W 67-61,,14,1,2,.500,1,2,.500,0,0,,.750,0,0,2,2,4,0,1,1,1,1,3,4.3,Eden Nibbelink,https://www.sports-reference.com/cbb/players/eden-nibbelink-1.html,fairfield,2020-21
10,77,10,2021-02-12,Fairfield,@,Quinnipiac,REG (Conf),L 55-67,,5,0,1,.000,0,1,.000,0,0,,.000,0,0,0,0,0,0,0,0,0,0,0,-0.7,Eden Nibbelink,https://www.sports-reference.com/cbb/players/eden-nibbelink-1.html,fairfield,2020-21
11,78,11,2021-02-13,Fairfield,@,Quinnipiac,REG (Conf),L 44-60,,10,0,2,.000,0,2,.000,0,0,,.000,0,0,0,1,1,1,0,0,0,0,0,-0.4,Eden Nibbelink,https://www.sports-reference.com/cbb/players/eden-nibbelink-1.html,fairfield,2020-21
12,79,12,2021-02-17,Fairfield,@,Iona,REG (Conf),W 63-56,,14,2,5,.400,2,5,.400,0,0,,.600,0,0,0,1,1,2,0,1,2,1,6,3.3,Eden Nibbelink,https://www.sports-reference.com/cbb/players/eden-nibbelink-1.html,fairfield,2020-21
13,80,16,2021-03-12,Fairfield,@,Marist,CTOURN,L 50-66,,2,0,1,.000,0,1,.000,0,0,,.000,0,0,0,0,0,0,0,0,0,0,0,-0.7,Eden Nibbelink,https://www.sports-reference.com/cbb/players/eden-nibbelink-1.html,fairfield,2020-21
