ranker,player_game_num_career,team_game_num_season,date,team_name_abbr,game_location,opp_name_abbr,game_type,game_result,is_starter,mp,fg,fga,fg_pct,fg3,fg3a,fg3_pct,fg2,fg2a,fg2_pct,efg_pct,ft,fta,ft_pct,orb,drb,trb,ast,stl,blk,tov,pf,pts,game_score,player_name,player_sr_link,school,season
1,1,3,2020-12-11,Fairfield,@,Siena,REG (Conf),W 68-56,,3,0,1,.000,0,0,,0,1,.000,.000,0,0,,0,0,0,0,0,0,1,1,0,-2.1,Janelle Brown,https://www.sports-reference.com/cbb/players/janelle-brown-1.html,fairfield,2020-21
2,2,4,2020-12-12,Fairfield,@,Siena,REG (Conf),W 76-44,,14,1,3,.333,0,0,,1,3,.333,.333,0,2,.000,0,1,1,3,1,0,1,2,2,1.1,Janelle Brown,https://www.sports-reference.com/cbb/players/janelle-brown-1.html,fairfield,2020-21
3,3,5,2021-01-02,Fairfield,@,Rider,REG (Conf),W 70-59,,1,0,1,.000,0,0,,0,1,.000,.000,2,2,1.000,0,0,0,0,1,0,0,0,2,2.3,Janelle Brown,https://www.sports-reference.com/cbb/players/janelle-brown-1.html,fairfield,2020-21
4,4,6,2021-01-03,Fairfield,@,Rider,REG (Conf),W 66-45,,8,2,4,.500,0,0,,2,4,.500,.500,0,0,,0,0,0,0,1,0,1,2,4,1.2,Janelle Brown,https://www.sports-reference.com/cbb/players/janelle-brown-1.html,fairfield,2020-21
5,5,7,2021-01-15,Fairfield,,Marist,REG (Conf),L 38-56,,1,1,1,1.000,0,0,,1,1,1.000,1.000,0,0,,0,0,0,0,1,0,0,0,2,2.7,Janelle Brown,https://www.sports-reference.com/cbb/players/janelle-brown-1.html,fairfield,2020-21
6,6,8,2021-01-16,Fairfield,,Marist,REG (Conf),W 61-58,,16,4,5,.800,1,2,.500,3,3,1.000,.900,0,0,,1,4,5,4,1,0,1,4,9,10.2,Janelle Brown,https://www.sports-reference.com/cbb/players/janelle-brown-1.html,fairfield,2020-21
7,7,9,2021-02-08,Fairfield,,Saint Peter's,REG (Conf),W 67-61,,29,4,8,.500,0,3,.000,4,5,.800,.500,3,5,.600,0,2,2,3,3,0,3,3,11,7.7,Janelle Brown,https://www.sports-reference.com/cbb/players/janelle-brown-1.html,fairfield,2020-21
8,8,10,2021-02-12,Fairfield,@,Quinnipiac,REG (Conf),L 55-67,,17,1,7,.143,1,2,.500,0,5,.000,.214,0,0,,1,1,2,1,1,0,2,3,3,-2.0,Janelle Brown,https://www.sports-reference.com/cbb/players/janelle-brown-1.html,fairfield,2020-21
9,9,11,2021-02-13,Fairfield,@,Quinnipiac,REG (Conf),L 44-60,,26,1,3,.333,1,2,.500,0,1,.000,.500,3,4,.750,0,6,6,2,2,0,3,5,6,4.1,Janelle Brown,https://www.sports-reference.com/cbb/players/janelle-brown-1.html,fairfield,2020-21
10,10,12,2021-02-17,Fairfield,@,Iona,REG (Conf),W 63-56,,21,4,6,.667,1,2,.500,3,4,.750,.750,0,0,,1,3,4,3,1,1,2,3,9,8.6,Janelle Brown,https://www.sports-reference.com/cbb/players/janelle-brown-1.html,fairfield,2020-21
11,11,15,2021-03-11,Fairfield,,Manhattan,CTOURN,W 51-40,,7,0,0,,0,0,,0,0,,,0,0,,0,1,1,0,1,0,3,1,0,-2.1,Janelle Brown,https://www.sports-reference.com/cbb/players/janelle-brown-1.html,fairfield,2020-21
12,12,16,2021-03-12,Fairfield,@,Marist,CTOURN,L 50-66,,9,0,2,.000,0,1,.000,0,1,.000,.000,2,2,1.000,0,2,2,0,1,0,1,3,2,0.0,Janelle Brown,https://www.sports-reference.com/cbb/players/janelle-brown-1.html,fairfield,2020-21
