ranker,player_game_num_career,team_game_num_season,date,team_name_abbr,game_location,opp_name_abbr,game_type,game_result,is_starter,mp,fg,fga,fg_pct,fg3,fg3a,fg3_pct,fg2,fg2a,fg2_pct,efg_pct,ft,fta,ft_pct,orb,drb,trb,ast,stl,blk,tov,pf,pts,game_score,player_name,player_sr_link,school,season
1,79,1,2020-12-03,Fairfield,,Massachusetts,REG (Non-Conf),L 50-71,*,34,4,17,.235,1,2,.500,3,15,.200,.265,2,2,1.000,5,12,17,1,2,0,4,4,11,4.9,Katie Armstrong,https://www.sports-reference.com/cbb/players/katie-armstrong-1.html,fairfield,2020-21
2,80,2,2020-12-06,Fairfield,@,Hofstra,REG (Non-Conf),W 75-55,*,34,2,10,.200,2,3,.667,0,7,.000,.300,1,2,.500,2,4,6,2,2,3,4,3,7,3.3,Katie Armstrong,https://www.sports-reference.com/cbb/players/katie-armstrong-1.html,fairfield,2020-21
3,81,3,2020-12-11,Fairfield,@,Siena,REG (Conf),W 68-56,*,40,7,14,.500,0,2,.000,7,12,.583,.500,4,7,.571,4,4,8,1,2,0,2,0,18,14.5,Katie Armstrong,https://www.sports-reference.com/cbb/players/katie-armstrong-1.html,fairfield,2020-21
4,82,4,2020-12-12,Fairfield,@,Siena,REG (Conf),W 76-44,*,27,6,11,.545,1,2,.500,5,9,.556,.591,1,1,1.000,1,4,5,2,2,1,2,1,14,12.3,Katie Armstrong,https://www.sports-reference.com/cbb/players/katie-armstrong-1.html,fairfield,2020-21
5,83,5,2021-01-02,Fairfield,@,Rider,REG (Conf),W 70-59,*,31,6,10,.600,0,0,,6,10,.600,.600,3,5,.600,0,3,3,1,1,0,3,2,15,8.4,Katie Armstrong,https://www.sports-reference.com/cbb/players/katie-armstrong-1.html,fairfield,2020-21
6,84,6,2021-01-03,Fairfield,@,Rider,REG (Conf),W 66-45,*,33,4,12,.333,0,2,.000,4,10,.400,.333,1,2,.500,2,5,7,2,2,0,1,4,9,5.5,Katie Armstrong,https://www.sports-reference.com/cbb/players/katie-armstrong-1.html,fairfield,2020-21
7,85,7,2021-01-15,Fairfield,,Marist,REG (Conf),L 38-56,*,32,5,12,.417,2,4,.500,3,8,.375,.500,1,2,.500,0,3,3,0,0,0,0,1,13,6.7,Katie Armstrong,https://www.sports-reference.com/cbb/players/katie-armstrong-1.html,fairfield,2020-21
8,86,8,2021-01-16,Fairfield,,Marist,REG (Conf),W 61-58,*,39,4,10,.400,2,4,.500,2,6,.333,.500,0,0,,2,2,4,2,0,0,2,3,10,4.8,Katie Armstrong,https://www.sports-reference.com/cbb/players/katie-armstrong-1.html,fairfield,2020-21
9,87,9,2021-02-08,Fairfield,,Saint Peter's,REG (Conf),W 67-61,*,31,6,11,.545,1,5,.200,5,6,.833,.591,1,3,.333,0,6,6,2,1,1,2,2,14,10.0,Katie Armstrong,https://www.sports-reference.com/cbb/players/katie-armstrong-1.html,fairfield,2020-21
10,88,10,2021-02-12,Fairfield,@,Quinnipiac,REG (Conf),L 55-67,*,29,5,9,.556,2,2,1.000,3,7,.429,.667,0,0,,1,0,1,1,2,7,1,1,12,14.6,Katie Armstrong,https://www.sports-reference.com/cbb/players/katie-armstrong-1.html,fairfield,2020-21
11,89,11,2021-02-13,Fairfield,@,Quinnipiac,REG (Conf),L 44-60,*,32,4,13,.308,0,4,.000,4,9,.444,.308,0,1,.000,4,6,10,1,0,2,3,1,8,3.4,Katie Armstrong,https://www.sports-reference.com/cbb/players/katie-armstrong-1.html,fairfield,2020-21
12,90,12,2021-02-17,Fairfield,@,Iona,REG (Conf),W 63-56,*,34,3,10,.300,0,1,.000,3,9,.333,.300,5,6,.833,2,3,5,2,3,0,2,2,11,8.7,Katie Armstrong,https://www.sports-reference.com/cbb/players/katie-armstrong-1.html,fairfield,2020-21
13,91,13,2021-02-20,Fairfield,,Monmouth,REG (Conf),W 51-21,*,31,1,6,.167,0,1,.000,1,5,.200,.167,2,2,1.000,2,10,12,3,3,0,0,1,4,9.3,Katie Armstrong,https://www.sports-reference.com/cbb/players/katie-armstrong-1.html,fairfield,2020-21
14,92,14,2021-02-21,Fairfield,,Monmouth,REG (Conf),W 60-46,*,37,3,12,.250,0,4,.000,3,8,.375,.250,0,0,,1,5,6,1,2,1,2,1,6,2.0,Katie Armstrong,https://www.sports-reference.com/cbb/players/katie-armstrong-1.html,fairfield,2020-21
15,93,15,2021-03-11,Fairfield,,Manhattan,CTOURN,W 51-40,*,37,1,7,.143,0,1,.000,1,6,.167,.143,2,2,1.000,0,11,11,1,1,0,1,1,4,3.1,Katie Armstrong,https://www.sports-reference.com/cbb/players/katie-armstrong-1.html,fairfield,2020-21
16,94,16,2021-03-12,Fairfield,@,Marist,CTOURN,L 50-66,*,32,1,11,.091,0,4,.000,1,7,.143,.091,1,2,.500,3,5,8,1,1,2,2,3,3,-1.2,Katie Armstrong,https://www.sports-reference.com/cbb/players/katie-armstrong-1.html,fairfield,2020-21
