ranker,player_game_num_career,team_game_num_season,date,team_name_abbr,game_location,opp_name_abbr,game_type,game_result,is_starter,mp,fg,fga,fg_pct,fg3,fg3a,fg3_pct,fg2,fg2a,fg2_pct,efg_pct,ft,fta,ft_pct,orb,drb,trb,ast,stl,blk,tov,pf,pts,game_score,player_name,player_sr_link,school,season
1,53,1,2020-12-03,Fairfield,,Massachusetts,REG (Non-Conf),L 50-71,*,35,8,17,.471,5,7,.714,3,10,.300,.618,0,0,,1,1,2,0,0,0,3,1,21,9.9,Lou Lopez Senechal,https://www.sports-reference.com/cbb/players/lou-lopez-senechal-1.html,fairfield,2020-21
2,54,2,2020-12-06,Fairfield,@,Hofstra,REG (Non-Conf),W 75-55,*,32,8,11,.727,6,8,.750,2,3,.667,1.000,1,2,.500,0,2,2,2,0,0,2,4,23,16.5,Lou Lopez Senechal,https://www.sports-reference.com/cbb/players/lou-lopez-senechal-1.html,fairfield,2020-21
3,55,3,2020-12-11,Fairfield,@,Siena,REG (Conf),W 68-56,*,31,4,9,.444,1,3,.333,3,6,.500,.500,2,2,1.000,1,2,3,4,1,0,1,4,11,8.8,Lou Lopez Senechal,https://www.sports-reference.com/cbb/players/lou-lopez-senechal-1.html,fairfield,2020-21
4,56,4,2020-12-12,Fairfield,@,Siena,REG (Conf),W 76-44,*,30,3,8,.375,0,1,.000,3,7,.429,.375,6,7,.857,1,3,4,2,3,0,5,1,12,7.8,Lou Lopez Senechal,https://www.sports-reference.com/cbb/players/lou-lopez-senechal-1.html,fairfield,2020-21
5,57,5,2021-01-02,Fairfield,@,Rider,REG (Conf),W 70-59,*,39,10,16,.625,5,9,.556,5,7,.714,.781,2,3,.667,1,4,5,0,1,1,2,0,27,21.0,Lou Lopez Senechal,https://www.sports-reference.com/cbb/players/lou-lopez-senechal-1.html,fairfield,2020-21
6,58,6,2021-01-03,Fairfield,@,Rider,REG (Conf),W 66-45,*,21,4,7,.571,2,3,.667,2,4,.500,.714,5,6,.833,0,5,5,2,0,0,0,2,15,13.4,Lou Lopez Senechal,https://www.sports-reference.com/cbb/players/lou-lopez-senechal-1.html,fairfield,2020-21
7,59,7,2021-01-15,Fairfield,,Marist,REG (Conf),L 38-56,*,38,3,16,.188,0,4,.000,3,12,.250,.188,3,4,.750,1,4,5,2,1,3,1,1,9,3.6,Lou Lopez Senechal,https://www.sports-reference.com/cbb/players/lou-lopez-senechal-1.html,fairfield,2020-21
8,60,8,2021-01-16,Fairfield,,Marist,REG (Conf),W 61-58,*,38,6,18,.333,1,6,.167,5,12,.417,.361,3,4,.750,2,3,5,0,0,0,3,2,16,3.9,Lou Lopez Senechal,https://www.sports-reference.com/cbb/players/lou-lopez-senechal-1.html,fairfield,2020-21
9,61,9,2021-02-08,Fairfield,,Saint Peter's,REG (Conf),W 67-61,*,32,7,18,.389,2,5,.400,5,13,.385,.444,4,4,1.000,1,3,4,2,0,2,2,2,20,11.8,Lou Lopez Senechal,https://www.sports-reference.com/cbb/players/lou-lopez-senechal-1.html,fairfield,2020-21
10,62,10,2021-02-12,Fairfield,@,Quinnipiac,REG (Conf),L 55-67,*,37,9,17,.529,2,5,.400,7,12,.583,.588,0,1,.000,0,4,4,1,0,0,3,0,20,10.2,Lou Lopez Senechal,https://www.sports-reference.com/cbb/players/lou-lopez-senechal-1.html,fairfield,2020-21
11,63,11,2021-02-13,Fairfield,@,Quinnipiac,REG (Conf),L 44-60,*,34,6,19,.316,3,10,.300,3,9,.333,.395,2,2,1.000,1,0,1,1,1,1,6,2,17,2.4,Lou Lopez Senechal,https://www.sports-reference.com/cbb/players/lou-lopez-senechal-1.html,fairfield,2020-21
12,64,12,2021-02-17,Fairfield,@,Iona,REG (Conf),W 63-56,*,25,4,9,.444,1,3,.333,3,6,.500,.500,2,2,1.000,0,2,2,3,1,0,2,4,11,6.4,Lou Lopez Senechal,https://www.sports-reference.com/cbb/players/lou-lopez-senechal-1.html,fairfield,2020-21
13,65,13,2021-02-20,Fairfield,,Monmouth,REG (Conf),W 51-21,*,33,5,17,.294,2,9,.222,3,8,.375,.353,1,1,1.000,1,1,2,2,2,0,3,1,13,4.1,Lou Lopez Senechal,https://www.sports-reference.com/cbb/players/lou-lopez-senechal-1.html,fairfield,2020-21
14,66,14,2021-02-21,Fairfield,,Monmouth,REG (Conf),W 60-46,*,34,9,19,.474,4,9,.444,5,10,.500,.579,1,1,1.000,0,3,3,1,0,0,0,1,23,14.5,Lou Lopez Senechal,https://www.sports-reference.com/cbb/players/lou-lopez-senechal-1.html,fairfield,2020-21
15,67,15,2021-03-11,Fairfield,,Manhattan,CTOURN,W 51-40,*,37,8,17,.471,3,9,.333,5,8,.625,.559,2,2,1.000,1,2,3,1,2,0,1,2,21,14.5,Lou Lopez Senechal,https://www.sports-reference.com/cbb/players/lou-lopez-senechal-1.html,fairfield,2020-21
16,68,16,2021-03-12,Fairfield,@,Marist,CTOURN,L 50-66,*,38,3,11,.273,0,0,,3,11,.273,.273,5,6,.833,1,3,4,3,2,1,5,3,11,4.3,Lou Lopez Senechal,https://www.sports-reference.com/cbb/players/lou-lopez-senechal-1.html,fairfield,2020-21
