ranker,player_game_num_career,team_game_num_season,date,team_name_abbr,game_location,opp_name_abbr,game_type,game_result,is_starter,mp,fg,fga,fg_pct,fg3,fg3a,fg3_pct,fg2,fg2a,fg2_pct,efg_pct,ft,fta,ft_pct,orb,drb,trb,ast,stl,blk,tov,pf,pts,game_score,player_name,player_sr_link,school,season
1,17,1,2020-12-03,Fairfield,,Massachusetts,REG (Non-Conf),L 50-71,,5,1,2,.500,0,0,,1,2,.500,.500,0,1,.000,0,0,0,0,0,0,0,1,2,0.2,MacKenzie Martin,https://www.sports-reference.com/cbb/players/mackenzie-martin-1.html,fairfield,2020-21
2,18,2,2020-12-06,Fairfield,@,Hofstra,REG (Non-Conf),W 75-55,,6,0,0,,0,0,,0,0,,,0,0,,0,1,1,0,1,0,2,0,0,-0.7,MacKenzie Martin,https://www.sports-reference.com/cbb/players/mackenzie-martin-1.html,fairfield,2020-21
3,19,3,2020-12-11,Fairfield,@,Siena,REG (Conf),W 68-56,,0,0,0,,0,0,,0,0,,,0,0,,0,0,0,0,0,0,0,0,0,0.0,MacKenzie Martin,https://www.sports-reference.com/cbb/players/mackenzie-martin-1.html,fairfield,2020-21
4,20,4,2020-12-12,Fairfield,@,Siena,REG (Conf),W 76-44,,12,0,0,,0,0,,0,0,,,0,0,,0,1,1,2,0,0,2,1,0,-0.7,MacKenzie Martin,https://www.sports-reference.com/cbb/players/mackenzie-martin-1.html,fairfield,2020-21
5,21,5,2021-01-02,Fairfield,@,Rider,REG (Conf),W 70-59,,9,0,0,,0,0,,0,0,,,0,0,,1,0,1,0,0,0,0,1,0,0.3,MacKenzie Martin,https://www.sports-reference.com/cbb/players/mackenzie-martin-1.html,fairfield,2020-21
6,22,6,2021-01-03,Fairfield,@,Rider,REG (Conf),W 66-45,,4,0,1,.000,0,0,,0,1,.000,.000,0,0,,0,1,1,0,0,0,0,0,0,-0.4,MacKenzie Martin,https://www.sports-reference.com/cbb/players/mackenzie-martin-1.html,fairfield,2020-21
7,23,7,2021-01-15,Fairfield,,Marist,REG (Conf),L 38-56,,5,0,0,,0,0,,0,0,,,0,0,,0,0,0,0,0,0,0,0,0,0.0,MacKenzie Martin,https://www.sports-reference.com/cbb/players/mackenzie-martin-1.html,fairfield,2020-21
8,24,9,2021-02-08,Fairfield,,Saint Peter's,REG (Conf),W 67-61,,8,1,2,.500,0,1,.000,1,1,1.000,.500,2,2,1.000,1,2,3,0,0,0,1,0,4,3.3,MacKenzie Martin,https://www.sports-reference.com/cbb/players/mackenzie-martin-1.html,fairfield,2020-21
9,25,10,2021-02-12,Fairfield,@,Quinnipiac,REG (Conf),L 55-67,,8,1,1,1.000,0,0,,1,1,1.000,1.000,0,0,,0,0,0,0,0,0,2,2,2,-1.1,MacKenzie Martin,https://www.sports-reference.com/cbb/players/mackenzie-martin-1.html,fairfield,2020-21
10,26,11,2021-02-13,Fairfield,@,Quinnipiac,REG (Conf),L 44-60,,8,0,3,.000,0,1,.000,0,2,.000,.000,0,0,,0,2,2,0,0,0,1,0,0,-2.5,MacKenzie Martin,https://www.sports-reference.com/cbb/players/mackenzie-martin-1.html,fairfield,2020-21
11,27,12,2021-02-17,Fairfield,@,Iona,REG (Conf),W 63-56,,2,0,0,,0,0,,0,0,,,0,0,,0,1,1,0,0,0,0,0,0,0.3,MacKenzie Martin,https://www.sports-reference.com/cbb/players/mackenzie-martin-1.html,fairfield,2020-21
12,28,13,2021-02-20,Fairfield,,Monmouth,REG (Conf),W 51-21,,14,1,3,.333,0,1,.000,1,2,.500,.333,0,0,,1,1,2,0,0,0,1,1,2,-0.1,MacKenzie Martin,https://www.sports-reference.com/cbb/players/mackenzie-martin-1.html,fairfield,2020-21
13,29,14,2021-02-21,Fairfield,,Monmouth,REG (Conf),W 60-46,,9,1,2,.500,0,1,.000,1,1,1.000,.500,0,0,,0,1,1,0,0,0,1,0,2,0.3,MacKenzie Martin,https://www.sports-reference.com/cbb/players/mackenzie-martin-1.html,fairfield,2020-21
14,30,16,2021-03-12,Fairfield,@,Marist,CTOURN,L 50-66,,4,0,0,,0,0,,0,0,,,0,0,,0,0,0,0,0,0,0,0,0,0.0,MacKenzie Martin,https://www.sports-reference.com/cbb/players/mackenzie-martin-1.html,fairfield,2020-21
