ranker,player_game_num_career,team_game_num_season,date,team_name_abbr,game_location,opp_name_abbr,game_type,game_result,is_starter,mp,fg,fga,fg_pct,fg3,fg3a,fg3_pct,fg2,fg2a,efg_pct,ft,fta,orb,drb,trb,ast,stl,blk,tov,pf,pts,game_score,player_name,player_sr_link,school,season
1,15,1,2020-12-03,Fairfield,,Massachusetts,REG (Non-Conf),L 50-71,,3,0,0,,0,0,,0,0,,0,0,0,0,0,0,0,0,0,0,0,0.0,Meagan Morelli,https://www.sports-reference.com/cbb/players/meagan-morelli-1.html,fairfield,2020-21
2,16,2,2020-12-06,Fairfield,@,Hofstra,REG (Non-Conf),W 75-55,,2,0,1,.000,0,1,.000,0,0,.000,0,0,0,1,1,0,0,0,1,0,0,-1.4,Meagan Morelli,https://www.sports-reference.com/cbb/players/meagan-morelli-1.html,fairfield,2020-21
3,17,6,2021-01-03,Fairfield,@,Rider,REG (Conf),W 66-45,,2,0,0,,0,0,,0,0,,0,0,0,0,0,0,0,0,0,0,0,0.0,Meagan Morelli,https://www.sports-reference.com/cbb/players/meagan-morelli-1.html,fairfield,2020-21
4,18,14,2021-02-21,Fairfield,,Monmouth,REG (Conf),W 60-46,,1,0,0,,0,0,,0,0,,0,0,0,0,0,0,0,0,0,0,0,0.0,Meagan Morelli,https://www.sports-reference.com/cbb/players/meagan-morelli-1.html,fairfield,2020-21
5,19,16,2021-03-12,Fairfield,@,Marist,CTOURN,L 50-66,,1,0,0,,0,0,,0,0,,0,0,0,0,0,0,0,0,0,0,0,0.0,Meagan Morelli,https://www.sports-reference.com/cbb/players/meagan-morelli-1.html,fairfield,2020-21
