ranker,player_game_num_career,team_game_num_season,date,team_name_abbr,game_location,opp_name_abbr,game_type,game_result,is_starter,mp,fg,fga,fg_pct,fg3,fg3a,fg3_pct,fg2,fg2a,fg2_pct,efg_pct,ft,fta,ft_pct,orb,drb,trb,ast,stl,blk,tov,pf,pts,game_score,player_name,player_sr_link,school,season
1,1,4,2020-12-12,Fairfield,@,Siena,REG (Conf),W 76-44,,3,0,0,,0,0,,0,0,,,0,0,,0,0,0,0,1,0,0,0,0,1.0,Mimi Rubino,https://www.sports-reference.com/cbb/players/mimi-rubino-1.html,fairfield,2020-21
2,2,5,2021-01-02,Fairfield,@,Rider,REG (Conf),W 70-59,,1,0,0,,0,0,,0,0,,,0,0,,0,0,0,0,0,0,0,0,0,0.0,Mimi Rubino,https://www.sports-reference.com/cbb/players/mimi-rubino-1.html,fairfield,2020-21
3,3,6,2021-01-03,Fairfield,@,Rider,REG (Conf),W 66-45,,3,0,0,,0,0,,0,0,,,0,0,,0,1,1,0,0,0,0,0,0,0.3,Mimi Rubino,https://www.sports-reference.com/cbb/players/mimi-rubino-1.html,fairfield,2020-21
4,4,7,2021-01-15,Fairfield,,Marist,REG (Conf),L 38-56,,1,0,0,,0,0,,0,0,,,0,0,,0,0,0,0,0,0,0,0,0,0.0,Mimi Rubino,https://www.sports-reference.com/cbb/players/mimi-rubino-1.html,fairfield,2020-21
5,5,11,2021-02-13,Fairfield,@,Quinnipiac,REG (Conf),L 44-60,,1,0,1,.000,0,0,,0,1,.000,.000,0,0,,0,0,0,0,0,0,0,0,0,-0.7,Mimi Rubino,https://www.sports-reference.com/cbb/players/mimi-rubino-1.html,fairfield,2020-21
6,6,13,2021-02-20,Fairfield,,Monmouth,REG (Conf),W 51-21,,26,2,4,.500,1,3,.333,1,1,1.000,.625,0,1,.000,2,3,5,3,1,0,1,2,5,6.2,Mimi Rubino,https://www.sports-reference.com/cbb/players/mimi-rubino-1.html,fairfield,2020-21
7,7,14,2021-02-21,Fairfield,,Monmouth,REG (Conf),W 60-46,,22,2,7,.286,1,4,.250,1,3,.333,.357,0,0,,1,1,2,1,1,0,0,0,5,3.6,Mimi Rubino,https://www.sports-reference.com/cbb/players/mimi-rubino-1.html,fairfield,2020-21
8,8,15,2021-03-11,Fairfield,,Manhattan,CTOURN,W 51-40,,5,0,1,.000,0,1,.000,0,0,,.000,2,2,1.000,0,0,0,0,0,0,0,2,2,0.5,Mimi Rubino,https://www.sports-reference.com/cbb/players/mimi-rubino-1.html,fairfield,2020-21
9,9,16,2021-03-12,Fairfield,@,Marist,CTOURN,L 50-66,,2,0,0,,0,0,,0,0,,,0,0,,0,0,0,0,0,0,0,1,0,-0.4,Mimi Rubino,https://www.sports-reference.com/cbb/players/mimi-rubino-1.html,fairfield,2020-21
