ranker,player_game_num_career,team_game_num_season,date,team_name_abbr,game_location,opp_name_abbr,game_type,game_result,is_starter,mp,fg,fga,fg_pct,fg3,fg3a,fg2,fg2a,fg2_pct,efg_pct,ft,fta,orb,drb,trb,ast,stl,blk,tov,pf,pts,game_score,player_name,player_sr_link,school,season
1,42,1,2020-12-03,Fairfield,,Massachusetts,REG (Non-Conf),L 50-71,,1,0,0,,0,0,0,0,,,0,0,0,0,0,0,0,0,0,0,0,0.0,Molly Bauer,https://www.sports-reference.com/cbb/players/molly-bauer-1.html,fairfield,2020-21
2,43,2,2020-12-06,Fairfield,@,Hofstra,REG (Non-Conf),W 75-55,,5,0,2,.000,0,0,0,2,.000,.000,0,0,1,0,1,1,0,0,0,2,0,-0.8,Molly Bauer,https://www.sports-reference.com/cbb/players/molly-bauer-1.html,fairfield,2020-21
3,44,4,2020-12-12,Fairfield,@,Siena,REG (Conf),W 76-44,,5,0,0,,0,0,0,0,,,0,0,0,1,1,0,0,0,0,0,0,0.3,Molly Bauer,https://www.sports-reference.com/cbb/players/molly-bauer-1.html,fairfield,2020-21
4,45,5,2021-01-02,Fairfield,@,Rider,REG (Conf),W 70-59,,1,0,0,,0,0,0,0,,,0,0,0,0,0,0,0,0,0,0,0,0.0,Molly Bauer,https://www.sports-reference.com/cbb/players/molly-bauer-1.html,fairfield,2020-21
5,46,6,2021-01-03,Fairfield,@,Rider,REG (Conf),W 66-45,,3,0,1,.000,0,0,0,1,.000,.000,0,0,0,0,0,0,0,0,0,0,0,-0.7,Molly Bauer,https://www.sports-reference.com/cbb/players/molly-bauer-1.html,fairfield,2020-21
6,47,8,2021-01-16,Fairfield,,Marist,REG (Conf),W 61-58,,0,0,0,,0,0,0,0,,,0,0,0,0,0,0,0,0,0,0,0,0.0,Molly Bauer,https://www.sports-reference.com/cbb/players/molly-bauer-1.html,fairfield,2020-21
