ranker,player_game_num_career,team_game_num_season,date,team_name_abbr,game_location,opp_name_abbr,game_type,game_result,is_starter,mp,fg,fga,fg_pct,fg3,fg3a,fg3_pct,fg2,fg2a,fg2_pct,efg_pct,ft,fta,ft_pct,orb,drb,trb,ast,stl,blk,tov,pf,pts,game_score,player_name,player_sr_link,school,season
1,60,1,2020-12-03,Fairfield,,Massachusetts,REG (Non-Conf),L 50-71,*,37,1,5,.200,0,2,.000,1,3,.333,.200,2,2,1.000,3,1,4,9,3,0,2,1,4,10.2,Rachel Hakes,https://www.sports-reference.com/cbb/players/rachel-hakes-1.html,fairfield,2020-21
2,61,2,2020-12-06,Fairfield,@,Hofstra,REG (Non-Conf),W 75-55,*,38,6,6,1.000,2,2,1.000,4,4,1.000,1.167,3,4,.750,1,3,4,12,2,0,5,2,17,21.0,Rachel Hakes,https://www.sports-reference.com/cbb/players/rachel-hakes-1.html,fairfield,2020-21
3,62,3,2020-12-11,Fairfield,@,Siena,REG (Conf),W 68-56,*,37,3,4,.750,0,0,,3,4,.750,.750,0,1,.000,0,4,4,5,1,1,0,1,6,10.0,Rachel Hakes,https://www.sports-reference.com/cbb/players/rachel-hakes-1.html,fairfield,2020-21
4,63,4,2020-12-12,Fairfield,@,Siena,REG (Conf),W 76-44,*,26,1,3,.333,1,1,1.000,0,2,.000,.500,0,0,,0,2,2,9,2,0,2,2,3,7.4,Rachel Hakes,https://www.sports-reference.com/cbb/players/rachel-hakes-1.html,fairfield,2020-21
5,64,5,2021-01-02,Fairfield,@,Rider,REG (Conf),W 70-59,*,39,3,5,.600,1,2,.500,2,3,.667,.700,0,0,,2,5,7,13,0,0,2,2,7,13.9,Rachel Hakes,https://www.sports-reference.com/cbb/players/rachel-hakes-1.html,fairfield,2020-21
6,65,6,2021-01-03,Fairfield,@,Rider,REG (Conf),W 66-45,*,32,4,6,.667,1,1,1.000,3,5,.600,.750,5,7,.714,0,2,2,5,0,0,0,1,14,14.3,Rachel Hakes,https://www.sports-reference.com/cbb/players/rachel-hakes-1.html,fairfield,2020-21
7,66,7,2021-01-15,Fairfield,,Marist,REG (Conf),L 38-56,*,39,0,1,.000,0,0,,0,1,.000,.000,0,0,,0,7,7,5,2,0,1,0,0,5.9,Rachel Hakes,https://www.sports-reference.com/cbb/players/rachel-hakes-1.html,fairfield,2020-21
8,67,8,2021-01-16,Fairfield,,Marist,REG (Conf),W 61-58,*,38,2,3,.667,1,2,.500,1,1,1.000,.833,1,2,.500,0,2,2,7,1,0,3,3,6,6.6,Rachel Hakes,https://www.sports-reference.com/cbb/players/rachel-hakes-1.html,fairfield,2020-21
9,68,9,2021-02-08,Fairfield,,Saint Peter's,REG (Conf),W 67-61,*,28,2,4,.500,2,4,.500,0,0,,.750,2,2,1.000,0,5,5,2,2,0,3,3,8,6.7,Rachel Hakes,https://www.sports-reference.com/cbb/players/rachel-hakes-1.html,fairfield,2020-21
10,69,10,2021-02-12,Fairfield,@,Quinnipiac,REG (Conf),L 55-67,*,38,1,2,.500,0,0,,1,2,.500,.500,0,0,,2,2,4,10,0,0,5,2,2,4.2,Rachel Hakes,https://www.sports-reference.com/cbb/players/rachel-hakes-1.html,fairfield,2020-21
11,70,11,2021-02-13,Fairfield,@,Quinnipiac,REG (Conf),L 44-60,*,28,0,2,.000,0,1,.000,0,1,.000,.000,0,0,,1,1,2,1,1,0,5,3,0,-4.9,Rachel Hakes,https://www.sports-reference.com/cbb/players/rachel-hakes-1.html,fairfield,2020-21
12,71,12,2021-02-17,Fairfield,@,Iona,REG (Conf),W 63-56,*,38,1,7,.143,1,4,.250,0,3,.000,.214,2,2,1.000,2,3,5,4,1,0,2,0,5,4.6,Rachel Hakes,https://www.sports-reference.com/cbb/players/rachel-hakes-1.html,fairfield,2020-21
13,72,13,2021-02-20,Fairfield,,Monmouth,REG (Conf),W 51-21,*,34,0,3,.000,0,1,.000,0,2,.000,.000,0,0,,1,2,3,4,0,1,2,2,0,-0.1,Rachel Hakes,https://www.sports-reference.com/cbb/players/rachel-hakes-1.html,fairfield,2020-21
14,73,14,2021-02-21,Fairfield,,Monmouth,REG (Conf),W 60-46,*,38,2,3,.667,1,2,.500,1,1,1.000,.833,0,2,.000,0,3,3,7,3,0,0,2,5,10.9,Rachel Hakes,https://www.sports-reference.com/cbb/players/rachel-hakes-1.html,fairfield,2020-21
15,74,15,2021-03-11,Fairfield,,Manhattan,CTOURN,W 51-40,*,37,1,4,.250,0,2,.000,1,2,.500,.250,4,6,.667,1,4,5,5,0,0,2,2,6,5.4,Rachel Hakes,https://www.sports-reference.com/cbb/players/rachel-hakes-1.html,fairfield,2020-21
16,75,16,2021-03-12,Fairfield,@,Marist,CTOURN,L 50-66,*,36,2,5,.400,1,3,.333,1,2,.500,.500,2,2,1.000,0,5,5,9,0,1,3,0,7,9.8,Rachel Hakes,https://www.sports-reference.com/cbb/players/rachel-hakes-1.html,fairfield,2020-21
