ranker,player_game_num_career,team_game_num_season,date,team_name_abbr,game_location,opp_name_abbr,game_type,game_result,is_starter,mp,fg,fga,fg_pct,fg3,fg3a,fg3_pct,fg2,fg2a,fg2_pct,efg_pct,ft,fta,ft_pct,orb,drb,trb,ast,stl,blk,tov,pf,pts,game_score,player_name,player_sr_link,school,season
1,78,1,2020-12-03,Fairfield,,Massachusetts,REG (Non-Conf),L 50-71,*,25,1,9,.111,1,8,.125,0,1,.000,.167,0,0,,1,0,1,0,1,2,0,0,3,0.2,Sam Lewis,https://www.sports-reference.com/cbb/players/sam-lewis-1.html,fairfield,2020-21
2,79,2,2020-12-06,Fairfield,@,Hofstra,REG (Non-Conf),W 75-55,*,28,3,7,.429,2,5,.400,1,2,.500,.571,0,0,,0,8,8,2,2,1,2,0,8,8.8,Sam Lewis,https://www.sports-reference.com/cbb/players/sam-lewis-1.html,fairfield,2020-21
3,80,3,2020-12-11,Fairfield,@,Siena,REG (Conf),W 68-56,*,32,7,12,.583,5,10,.500,2,2,1.000,.792,2,2,1.000,0,3,3,2,0,0,0,1,21,17.3,Sam Lewis,https://www.sports-reference.com/cbb/players/sam-lewis-1.html,fairfield,2020-21
4,81,4,2020-12-12,Fairfield,@,Siena,REG (Conf),W 76-44,*,36,14,17,.824,11,13,.846,3,4,.750,1.147,0,0,,0,1,1,1,1,1,1,1,39,34.0,Sam Lewis,https://www.sports-reference.com/cbb/players/sam-lewis-1.html,fairfield,2020-21
5,82,5,2021-01-02,Fairfield,@,Rider,REG (Conf),W 70-59,*,30,3,7,.429,3,5,.600,0,2,.000,.643,0,0,,0,3,3,2,2,0,1,1,9,8.2,Sam Lewis,https://www.sports-reference.com/cbb/players/sam-lewis-1.html,fairfield,2020-21
6,83,6,2021-01-03,Fairfield,@,Rider,REG (Conf),W 66-45,*,33,3,5,.600,3,5,.600,0,0,,.900,0,0,,0,1,1,3,0,0,1,1,9,7.7,Sam Lewis,https://www.sports-reference.com/cbb/players/sam-lewis-1.html,fairfield,2020-21
7,84,7,2021-01-15,Fairfield,,Marist,REG (Conf),L 38-56,*,27,1,6,.167,1,5,.200,0,1,.000,.250,0,0,,0,2,2,0,0,0,2,1,3,-2.6,Sam Lewis,https://www.sports-reference.com/cbb/players/sam-lewis-1.html,fairfield,2020-21
8,85,8,2021-01-16,Fairfield,,Marist,REG (Conf),W 61-58,*,26,1,6,.167,1,4,.250,0,2,.000,.250,0,0,,0,6,6,1,0,0,1,1,3,0.3,Sam Lewis,https://www.sports-reference.com/cbb/players/sam-lewis-1.html,fairfield,2020-21
9,86,9,2021-02-08,Fairfield,,Saint Peter's,REG (Conf),W 67-61,*,16,2,4,.500,0,2,.000,2,2,1.000,.500,0,0,,0,2,2,1,1,0,1,1,4,2.9,Sam Lewis,https://www.sports-reference.com/cbb/players/sam-lewis-1.html,fairfield,2020-21
10,87,10,2021-02-12,Fairfield,@,Quinnipiac,REG (Conf),L 55-67,*,24,2,5,.400,1,3,.333,1,2,.500,.500,0,0,,0,4,4,0,1,0,2,3,5,1.3,Sam Lewis,https://www.sports-reference.com/cbb/players/sam-lewis-1.html,fairfield,2020-21
11,88,11,2021-02-13,Fairfield,@,Quinnipiac,REG (Conf),L 44-60,*,18,1,4,.250,0,1,.000,1,3,.333,.250,0,0,,1,0,1,0,0,1,4,0,2,-3.0,Sam Lewis,https://www.sports-reference.com/cbb/players/sam-lewis-1.html,fairfield,2020-21
12,89,12,2021-02-17,Fairfield,@,Iona,REG (Conf),W 63-56,*,22,2,3,.667,2,3,.667,0,0,,1.000,0,0,,0,2,2,0,1,1,1,1,6,5.6,Sam Lewis,https://www.sports-reference.com/cbb/players/sam-lewis-1.html,fairfield,2020-21
13,90,15,2021-03-11,Fairfield,,Manhattan,CTOURN,W 51-40,,22,4,7,.571,3,5,.600,1,2,.500,.786,0,0,,0,2,2,0,0,0,1,2,11,6.5,Sam Lewis,https://www.sports-reference.com/cbb/players/sam-lewis-1.html,fairfield,2020-21
14,91,16,2021-03-12,Fairfield,@,Marist,CTOURN,L 50-66,,26,2,8,.250,2,7,.286,0,1,.000,.375,0,0,,0,4,4,1,3,1,1,1,6,5.4,Sam Lewis,https://www.sports-reference.com/cbb/players/sam-lewis-1.html,fairfield,2020-21
