ranker,player_game_num_career,team_game_num_season,date,team_name_abbr,game_location,opp_name_abbr,game_type,game_result,is_starter,mp,fg,fga,fg_pct,fg3,fg3a,fg3_pct,fg2,fg2a,fg2_pct,efg_pct,ft,fta,ft_pct,orb,drb,trb,ast,stl,blk,tov,pf,pts,game_score,player_name,player_sr_link,school,season
1,1,1,2021-11-11,Eastern Washington,,San Jose State,REG (Non-Conf),L 67-77,*,26,9,21,.429,4,12,.333,5,9,.556,.524,1,1,1.000,1,2,3,0,1,1,1,5,23,11.9,Jaydia Martin,https://www.sports-reference.com/cbb/players/jaydia-martin-1.html,eastern-washington,2021-22
2,2,2,2021-11-14,Eastern Washington,@,Pepperdine,REG (Non-Conf),L 48-67,*,34,6,19,.316,3,8,.375,3,11,.273,.395,4,4,1.000,0,5,5,0,0,1,2,4,19,6.7,Jaydia Martin,https://www.sports-reference.com/cbb/players/jaydia-martin-1.html,eastern-washington,2021-22
3,3,3,2021-11-16,Eastern Washington,@,Grand Canyon,REG (Non-Conf),L 57-64,*,37,4,11,.364,2,7,.286,2,4,.500,.455,2,2,1.000,0,8,8,4,2,1,5,4,12,7.2,Jaydia Martin,https://www.sports-reference.com/cbb/players/jaydia-martin-1.html,eastern-washington,2021-22
4,4,4,2021-11-21,Eastern Washington,,Evergreen St.,REG (Non-Conf),W 101-38,*,25,6,13,.462,5,9,.556,1,4,.250,.654,0,0,,2,2,4,0,0,0,2,1,17,9.9,Jaydia Martin,https://www.sports-reference.com/cbb/players/jaydia-martin-1.html,eastern-washington,2021-22
5,5,5,2021-12-02,Eastern Washington,@,Southern Utah,REG (Conf),L 46-60,*,35,6,20,.300,1,8,.125,5,12,.417,.325,0,2,.000,0,3,3,1,3,2,2,4,13,3.0,Jaydia Martin,https://www.sports-reference.com/cbb/players/jaydia-martin-1.html,eastern-washington,2021-22
6,6,6,2021-12-07,Eastern Washington,,Multnomah,REG (Non-Conf),W 102-61,*,18,8,14,.571,5,7,.714,3,7,.429,.750,0,0,,1,3,4,2,2,0,0,1,21,19.0,Jaydia Martin,https://www.sports-reference.com/cbb/players/jaydia-martin-1.html,eastern-washington,2021-22
7,7,7,2021-12-10,Eastern Washington,,Boise State,REG (Non-Conf),L 63-72,*,33,5,18,.278,1,5,.200,4,13,.308,.306,4,4,1.000,1,5,6,1,1,2,3,3,15,5.5,Jaydia Martin,https://www.sports-reference.com/cbb/players/jaydia-martin-1.html,eastern-washington,2021-22
8,8,8,2021-12-18,Eastern Washington,@,Washington,REG (Non-Conf),L 59-62,*,33,6,22,.273,3,12,.250,3,10,.300,.341,0,0,,1,5,6,0,3,1,2,3,15,4.7,Jaydia Martin,https://www.sports-reference.com/cbb/players/jaydia-martin-1.html,eastern-washington,2021-22
9,9,9,2021-12-19,Eastern Washington,,Nevada,REG (Non-Conf),L 60-71,*,35,5,19,.263,3,10,.300,2,9,.222,.342,5,6,.833,1,3,4,1,3,2,3,3,18,8.8,Jaydia Martin,https://www.sports-reference.com/cbb/players/jaydia-martin-1.html,eastern-washington,2021-22
10,10,10,2021-12-21,Eastern Washington,,Gonzaga,REG (Non-Conf),L 48-76,*,35,4,15,.267,2,8,.250,2,7,.286,.333,2,2,1.000,0,0,0,0,0,1,0,3,12,2.6,Jaydia Martin,https://www.sports-reference.com/cbb/players/jaydia-martin-1.html,eastern-washington,2021-22
11,11,11,2022-01-06,Eastern Washington,@,Montana,REG (Conf),L 50-68,*,36,7,23,.304,1,10,.100,6,13,.462,.326,6,6,1.000,1,10,11,0,0,1,2,4,21,8.5,Jaydia Martin,https://www.sports-reference.com/cbb/players/jaydia-martin-1.html,eastern-washington,2021-22
12,12,12,2022-01-08,Eastern Washington,,Idaho,REG (Conf),L 42-63,*,34,4,11,.364,1,3,.333,3,8,.375,.409,1,2,.500,0,5,5,1,1,0,3,3,10,2.5,Jaydia Martin,https://www.sports-reference.com/cbb/players/jaydia-martin-1.html,eastern-washington,2021-22
13,13,13,2022-01-13,Eastern Washington,,Idaho State,REG (Conf),L 66-87,*,35,4,16,.250,2,10,.200,2,6,.333,.313,6,6,1.000,1,3,4,0,1,0,3,3,16,4.8,Jaydia Martin,https://www.sports-reference.com/cbb/players/jaydia-martin-1.html,eastern-washington,2021-22
14,14,14,2022-01-15,Eastern Washington,,Weber State,REG (Conf),W 56-52,*,32,4,15,.267,2,8,.250,2,7,.286,.333,1,2,.500,0,1,1,2,2,0,1,1,11,4.0,Jaydia Martin,https://www.sports-reference.com/cbb/players/jaydia-martin-1.html,eastern-washington,2021-22
15,15,15,2022-01-17,Eastern Washington,,Portland State,REG (Conf),W 68-44,*,32,7,19,.368,3,7,.429,4,12,.333,.447,2,2,1.000,3,8,11,4,3,1,7,2,19,11.7,Jaydia Martin,https://www.sports-reference.com/cbb/players/jaydia-martin-1.html,eastern-washington,2021-22
16,16,16,2022-01-20,Eastern Washington,@,Sacramento State,REG (Conf),L 49-59,*,24,2,15,.133,1,5,.200,1,10,.100,.167,0,0,,2,3,5,2,1,0,2,2,5,-2.8,Jaydia Martin,https://www.sports-reference.com/cbb/players/jaydia-martin-1.html,eastern-washington,2021-22
17,17,17,2022-01-22,Eastern Washington,@,Northern Colorado,REG (Conf),L 54-62,*,32,4,17,.235,2,7,.286,2,10,.200,.294,0,0,,0,2,2,0,3,0,2,4,10,-0.3,Jaydia Martin,https://www.sports-reference.com/cbb/players/jaydia-martin-1.html,eastern-washington,2021-22
18,18,18,2022-01-24,Eastern Washington,,Northern Arizona,REG (Conf),L 54-69,*,35,3,20,.150,1,11,.091,2,9,.222,.175,1,2,.500,0,5,5,3,2,0,4,3,8,-4.8,Jaydia Martin,https://www.sports-reference.com/cbb/players/jaydia-martin-1.html,eastern-washington,2021-22
19,19,19,2022-01-27,Eastern Washington,,Montana State,REG (Conf),L 55-65,*,32,5,10,.500,2,4,.500,3,6,.500,.600,2,2,1.000,0,8,8,0,2,0,2,5,14,9.4,Jaydia Martin,https://www.sports-reference.com/cbb/players/jaydia-martin-1.html,eastern-washington,2021-22
20,20,20,2022-02-05,Eastern Washington,,Southern Utah,REG (Conf),L 38-55,*,28,3,13,.231,1,4,.250,2,9,.222,.269,0,1,.000,2,2,4,1,2,0,2,5,7,-0.6,Jaydia Martin,https://www.sports-reference.com/cbb/players/jaydia-martin-1.html,eastern-washington,2021-22
21,21,21,2022-02-10,Eastern Washington,@,Weber State,REG (Conf),W 74-61,*,31,7,15,.467,2,5,.400,5,10,.500,.533,3,4,.750,0,4,4,1,2,0,1,2,19,13.0,Jaydia Martin,https://www.sports-reference.com/cbb/players/jaydia-martin-1.html,eastern-washington,2021-22
22,22,22,2022-02-12,Eastern Washington,@,Idaho State,REG (Conf),L 62-79,*,27,4,13,.308,2,9,.222,2,4,.500,.385,0,0,,1,4,5,1,0,1,5,2,10,0.0,Jaydia Martin,https://www.sports-reference.com/cbb/players/jaydia-martin-1.html,eastern-washington,2021-22
23,23,23,2022-02-14,Eastern Washington,,Montana,REG (Conf),W 63-57,*,21,4,13,.308,2,9,.222,2,4,.500,.385,0,0,,0,5,5,0,1,0,1,4,10,2.4,Jaydia Martin,https://www.sports-reference.com/cbb/players/jaydia-martin-1.html,eastern-washington,2021-22
24,24,24,2022-02-17,Eastern Washington,@,Montana State,REG (Conf),W 76-69,*,25,6,13,.462,2,6,.333,4,7,.571,.538,8,11,.727,0,4,4,1,1,0,2,4,22,13.4,Jaydia Martin,https://www.sports-reference.com/cbb/players/jaydia-martin-1.html,eastern-washington,2021-22
25,25,25,2022-02-19,Eastern Washington,@,Idaho,REG (Conf),L 72-79,*,34,6,17,.353,3,8,.375,3,9,.333,.441,2,3,.667,1,4,5,2,1,1,1,2,17,10.3,Jaydia Martin,https://www.sports-reference.com/cbb/players/jaydia-martin-1.html,eastern-washington,2021-22
26,26,26,2022-02-24,Eastern Washington,,Northern Colorado,REG (Conf),W 62-56,*,29,8,16,.500,3,7,.429,5,9,.556,.594,6,8,.750,0,2,2,1,3,0,0,1,25,20.1,Jaydia Martin,https://www.sports-reference.com/cbb/players/jaydia-martin-1.html,eastern-washington,2021-22
27,27,27,2022-02-26,Eastern Washington,,Sacramento State,REG (Conf),L 58-67,*,34,5,13,.385,4,8,.500,1,5,.200,.538,0,0,,0,5,5,0,1,0,2,1,14,7.0,Jaydia Martin,https://www.sports-reference.com/cbb/players/jaydia-martin-1.html,eastern-washington,2021-22
28,28,28,2022-03-02,Eastern Washington,@,Northern Arizona,REG (Conf),L 67-81,*,34,6,14,.429,2,5,.400,4,9,.444,.500,2,2,1.000,1,3,4,3,2,1,2,4,16,11.4,Jaydia Martin,https://www.sports-reference.com/cbb/players/jaydia-martin-1.html,eastern-washington,2021-22
29,29,29,2022-03-04,Eastern Washington,@,Portland State,REG (Conf),W 68-50,*,34,7,18,.389,4,7,.571,3,11,.273,.500,4,6,.667,0,3,3,3,2,0,0,2,22,15.6,Jaydia Martin,https://www.sports-reference.com/cbb/players/jaydia-martin-1.html,eastern-washington,2021-22
30,30,30,2022-03-07,Eastern Washington,@,Northern Colorado,CTOURN,L 45-64,*,32,4,13,.308,2,4,.500,2,9,.222,.385,4,6,.667,0,3,3,0,1,0,3,3,14,3.4,Jaydia Martin,https://www.sports-reference.com/cbb/players/jaydia-martin-1.html,eastern-washington,2021-22
