ranker,player_game_num_career,team_game_num_season,date,team_name_abbr,game_location,opp_name_abbr,game_type,game_result,is_starter,mp,fg,fga,fg_pct,fg3,fg3a,fg3_pct,fg2,fg2a,fg2_pct,efg_pct,ft,fta,ft_pct,orb,drb,trb,ast,stl,blk,tov,pf,pts,game_score,player_name,player_sr_link,school,season
1,82,1,2021-11-09,Troy,,Talladega,REG (Non-Conf),W 101-81,*,26,12,21,.571,0,0,,12,21,.571,.571,8,8,1.000,5,7,12,2,1,1,1,3,32,28.6,Amber Leggett,https://www.sports-reference.com/cbb/players/amber-leggett-1.html,troy,2021-22
2,83,2,2021-11-11,Troy,,Florida A&M,REG (Non-Conf),W 79-50,*,19,8,10,.800,1,1,1.000,7,9,.778,.850,0,0,,1,2,3,0,1,0,0,2,17,14.7,Amber Leggett,https://www.sports-reference.com/cbb/players/amber-leggett-1.html,troy,2021-22
3,84,3,2021-11-15,Troy,@,Mercer,REG (Non-Conf),L 66-75,*,21,3,10,.300,1,3,.333,2,7,.286,.350,2,2,1.000,3,2,5,0,0,0,1,4,9,3.3,Amber Leggett,https://www.sports-reference.com/cbb/players/amber-leggett-1.html,troy,2021-22
4,85,4,2021-11-18,Troy,,Bethune-Cookman,REG (Non-Conf),W 84-58,*,16,4,10,.400,1,1,1.000,3,9,.333,.450,2,2,1.000,5,1,6,2,1,0,1,3,11,9.6,Amber Leggett,https://www.sports-reference.com/cbb/players/amber-leggett-1.html,troy,2021-22
5,86,5,2021-11-23,Troy,@,Missouri,REG (Non-Conf),L 63-76,*,15,1,1,1.000,1,1,1.000,0,0,,1.500,0,0,,0,1,1,0,0,0,2,2,3,0.2,Amber Leggett,https://www.sports-reference.com/cbb/players/amber-leggett-1.html,troy,2021-22
6,87,6,2021-11-28,Troy,@,Duke,REG (Non-Conf),L 75-91,,15,3,10,.300,0,0,,3,10,.300,.300,0,0,,2,2,4,0,0,0,2,5,6,-1.8,Amber Leggett,https://www.sports-reference.com/cbb/players/amber-leggett-1.html,troy,2021-22
7,88,7,2021-12-01,Troy,,Samford,REG (Non-Conf),W 65-61,*,18,2,8,.250,0,1,.000,2,7,.286,.250,0,2,.000,2,4,6,0,0,0,4,3,4,-4.2,Amber Leggett,https://www.sports-reference.com/cbb/players/amber-leggett-1.html,troy,2021-22
8,89,8,2021-12-04,Troy,@,Wake Forest,REG (Non-Conf),L 61-90,*,31,10,20,.500,0,2,.000,10,18,.556,.500,2,4,.500,6,5,11,1,2,1,1,3,22,18.1,Amber Leggett,https://www.sports-reference.com/cbb/players/amber-leggett-1.html,troy,2021-22
9,90,10,2021-12-11,Troy,,Middle Tennessee,REG (Non-Conf),W 77-76,,8,2,4,.500,0,0,,2,4,.500,.500,0,2,.000,0,4,4,0,0,0,1,1,4,1.0,Amber Leggett,https://www.sports-reference.com/cbb/players/amber-leggett-1.html,troy,2021-22
10,91,11,2021-12-15,Troy,,Ala.-Huntsville,REG (Non-Conf),W 107-57,,23,11,17,.647,0,0,,11,17,.647,.647,7,12,.583,4,6,10,0,2,0,0,3,29,24.9,Amber Leggett,https://www.sports-reference.com/cbb/players/amber-leggett-1.html,troy,2021-22
11,92,12,2021-12-18,Troy,@,Mississippi State,REG (Non-Conf),W 73-66,*,28,4,12,.333,1,1,1.000,3,11,.273,.375,4,6,.667,3,12,15,2,0,0,3,4,13,7.9,Amber Leggett,https://www.sports-reference.com/cbb/players/amber-leggett-1.html,troy,2021-22
12,93,13,2021-12-19,Troy,@,South Carolina State,REG (Non-Conf),W 94-51,*,21,6,16,.375,1,2,.500,5,14,.357,.406,6,7,.857,3,6,9,1,2,1,2,3,19,13.9,Amber Leggett,https://www.sports-reference.com/cbb/players/amber-leggett-1.html,troy,2021-22
13,94,14,2021-12-20,Troy,,Jackson State,REG (Non-Conf),W 99-82,*,24,5,11,.455,1,2,.500,4,9,.444,.500,7,9,.778,1,6,7,1,1,1,1,3,18,14.2,Amber Leggett,https://www.sports-reference.com/cbb/players/amber-leggett-1.html,troy,2021-22
14,95,15,2021-12-30,Troy,,Coastal Carolina,REG (Conf),W 91-80,*,29,5,13,.385,0,1,.000,5,12,.417,.385,7,12,.583,8,7,15,2,6,0,3,5,17,18.0,Amber Leggett,https://www.sports-reference.com/cbb/players/amber-leggett-1.html,troy,2021-22
15,96,16,2022-01-06,Troy,@,Texas State,REG (Conf),W 96-73,,25,5,15,.333,1,2,.500,4,13,.308,.367,5,6,.833,6,4,10,4,1,0,2,0,16,14.3,Amber Leggett,https://www.sports-reference.com/cbb/players/amber-leggett-1.html,troy,2021-22
16,97,17,2022-01-08,Troy,@,UT Arlington,REG (Conf),W 59-48,*,29,4,11,.364,0,2,.000,4,9,.444,.364,0,1,.000,2,2,4,0,0,0,0,3,8,2.3,Amber Leggett,https://www.sports-reference.com/cbb/players/amber-leggett-1.html,troy,2021-22
17,98,20,2022-01-20,Troy,,Little Rock,REG (Conf),L 66-68,,19,1,5,.200,0,1,.000,1,4,.250,.200,7,10,.700,3,1,4,1,0,1,1,2,9,6.7,Amber Leggett,https://www.sports-reference.com/cbb/players/amber-leggett-1.html,troy,2021-22
18,99,21,2022-01-22,Troy,,Arkansas State,REG (Conf),W 79-72,,22,5,12,.417,0,2,.000,5,10,.500,.417,3,3,1.000,4,5,9,0,1,1,2,1,13,10.2,Amber Leggett,https://www.sports-reference.com/cbb/players/amber-leggett-1.html,troy,2021-22
19,100,22,2022-01-27,Troy,@,Georgia Southern,REG (Conf),W 78-72,,24,2,7,.286,0,2,.000,2,5,.400,.286,0,2,.000,4,1,5,1,3,0,3,4,4,1.3,Amber Leggett,https://www.sports-reference.com/cbb/players/amber-leggett-1.html,troy,2021-22
20,101,23,2022-01-29,Troy,@,Georgia State,REG (Conf),W 60-56,,15,2,6,.333,0,0,,2,6,.333,.333,0,0,,2,3,5,1,1,0,0,3,4,3.4,Amber Leggett,https://www.sports-reference.com/cbb/players/amber-leggett-1.html,troy,2021-22
21,102,24,2022-02-05,Troy,,South Alabama,REG (Conf),W 84-52,,11,3,5,.600,0,0,,3,5,.600,.600,3,4,.750,3,5,8,3,0,1,0,2,9,11.9,Amber Leggett,https://www.sports-reference.com/cbb/players/amber-leggett-1.html,troy,2021-22
22,103,25,2022-02-12,Troy,@,South Alabama,REG (Conf),W 80-60,*,21,3,8,.375,1,2,.500,2,6,.333,.438,4,4,1.000,2,4,6,1,0,0,0,1,11,9.5,Amber Leggett,https://www.sports-reference.com/cbb/players/amber-leggett-1.html,troy,2021-22
23,104,26,2022-02-17,Troy,,Georgia State,REG (Conf),W 67-56,*,31,6,9,.667,0,0,,6,9,.667,.667,3,3,1.000,3,5,8,2,0,0,6,3,15,8.9,Amber Leggett,https://www.sports-reference.com/cbb/players/amber-leggett-1.html,troy,2021-22
24,105,27,2022-02-19,Troy,,Georgia Southern,REG (Conf),W 82-70,*,20,5,11,.455,1,1,1.000,4,10,.400,.500,0,0,,3,3,6,1,3,0,0,3,11,10.8,Amber Leggett,https://www.sports-reference.com/cbb/players/amber-leggett-1.html,troy,2021-22
25,106,28,2022-02-24,Troy,@,Appalachian State,REG (Conf),W 89-56,,16,2,7,.286,0,0,,2,7,.286,.286,0,1,.000,2,5,7,2,3,0,2,2,4,4.0,Amber Leggett,https://www.sports-reference.com/cbb/players/amber-leggett-1.html,troy,2021-22
26,107,29,2022-02-26,Troy,@,Coastal Carolina,REG (Conf),W 71-58,,16,3,10,.300,0,1,.000,3,9,.333,.300,3,4,.750,8,3,11,4,3,0,2,3,9,11.9,Amber Leggett,https://www.sports-reference.com/cbb/players/amber-leggett-1.html,troy,2021-22
27,108,30,2022-03-04,Troy,,Coastal Carolina,CTOURN,W 99-77,*,14,4,4,1.000,1,1,1.000,3,3,1.000,1.125,0,0,,2,1,3,0,1,0,4,3,9,5.3,Amber Leggett,https://www.sports-reference.com/cbb/players/amber-leggett-1.html,troy,2021-22
28,109,31,2022-03-06,Troy,,Little Rock,CTOURN,W 62-59,*,31,6,10,.600,1,2,.500,5,8,.625,.650,0,0,,3,4,7,1,2,0,3,3,13,10.2,Amber Leggett,https://www.sports-reference.com/cbb/players/amber-leggett-1.html,troy,2021-22
29,110,32,2022-03-07,Troy,,UT Arlington,CTOURN,L 61-76,*,25,3,10,.300,0,1,.000,3,9,.333,.300,0,0,,1,4,5,1,1,0,4,5,6,-2.2,Amber Leggett,https://www.sports-reference.com/cbb/players/amber-leggett-1.html,troy,2021-22
30,111,33,2022-03-17,Troy,,Alabama,WNIT,L 79-82,,19,4,8,.500,0,1,.000,4,7,.571,.500,0,0,,4,4,8,1,3,0,2,1,8,9.3,Amber Leggett,https://www.sports-reference.com/cbb/players/amber-leggett-1.html,troy,2021-22
