ranker,player_game_num_career,team_game_num_season,date,team_name_abbr,game_location,opp_name_abbr,game_type,game_result,is_starter,mp,fg,fga,fg_pct,fg3,fg3a,fg3_pct,fg2,fg2a,fg2_pct,efg_pct,ft,fta,ft_pct,orb,drb,trb,ast,stl,blk,tov,pf,pts,game_score,player_name,player_sr_link,school,season
1,71,1,2021-11-09,Troy,,Talladega,REG (Non-Conf),W 101-81,,20,7,12,.583,0,1,.000,7,11,.636,.583,4,5,.800,4,4,8,1,2,0,1,2,18,16.9,Brianna Harris,https://www.sports-reference.com/cbb/players/brianna-harris-1.html,troy,2021-22
2,72,2,2021-11-11,Troy,,Florida A&M,REG (Non-Conf),W 79-50,*,21,5,8,.625,1,2,.500,4,6,.667,.688,1,1,1.000,1,4,5,3,1,1,2,2,12,11.3,Brianna Harris,https://www.sports-reference.com/cbb/players/brianna-harris-1.html,troy,2021-22
3,73,3,2021-11-15,Troy,@,Mercer,REG (Non-Conf),L 66-75,*,20,3,7,.429,0,2,.000,3,5,.600,.429,1,2,.500,2,1,3,0,0,0,1,3,7,2.4,Brianna Harris,https://www.sports-reference.com/cbb/players/brianna-harris-1.html,troy,2021-22
4,74,4,2021-11-18,Troy,,Bethune-Cookman,REG (Non-Conf),W 84-58,,14,7,9,.778,0,0,,7,9,.778,.778,0,1,.000,2,4,6,1,2,0,1,2,14,13.6,Brianna Harris,https://www.sports-reference.com/cbb/players/brianna-harris-1.html,troy,2021-22
5,75,5,2021-11-23,Troy,@,Missouri,REG (Non-Conf),L 63-76,,34,1,11,.091,0,3,.000,1,8,.125,.091,0,0,,2,7,9,0,0,1,2,5,2,-5.1,Brianna Harris,https://www.sports-reference.com/cbb/players/brianna-harris-1.html,troy,2021-22
6,76,6,2021-11-28,Troy,@,Duke,REG (Non-Conf),L 75-91,,16,1,3,.333,0,0,,1,3,.333,.333,0,0,,1,1,2,0,1,0,0,3,2,1.1,Brianna Harris,https://www.sports-reference.com/cbb/players/brianna-harris-1.html,troy,2021-22
7,77,7,2021-12-01,Troy,,Samford,REG (Non-Conf),W 65-61,,14,0,3,.000,0,1,.000,0,2,.000,.000,0,0,,0,3,3,0,0,0,1,0,0,-2.2,Brianna Harris,https://www.sports-reference.com/cbb/players/brianna-harris-1.html,troy,2021-22
8,78,8,2021-12-04,Troy,@,Wake Forest,REG (Non-Conf),L 61-90,,4,0,0,,0,0,,0,0,,,0,0,,0,1,1,0,0,0,1,0,0,-0.7,Brianna Harris,https://www.sports-reference.com/cbb/players/brianna-harris-1.html,troy,2021-22
9,79,15,2021-12-30,Troy,,Coastal Carolina,REG (Conf),W 91-80,,18,2,8,.250,0,1,.000,2,7,.286,.250,1,2,.500,1,1,2,0,1,0,2,4,5,-1.8,Brianna Harris,https://www.sports-reference.com/cbb/players/brianna-harris-1.html,troy,2021-22
10,80,18,2022-01-13,Troy,@,Louisiana,REG (Conf),L 83-92,,12,2,4,.500,0,0,,2,4,.500,.500,0,0,,3,2,5,0,0,0,2,4,4,1.1,Brianna Harris,https://www.sports-reference.com/cbb/players/brianna-harris-1.html,troy,2021-22
11,81,19,2022-01-15,Troy,,Louisiana–Monroe,REG (Conf),W 89-57,,18,4,7,.571,1,1,1.000,3,6,.500,.643,0,2,.000,1,5,6,2,1,1,1,3,9,8.0,Brianna Harris,https://www.sports-reference.com/cbb/players/brianna-harris-1.html,troy,2021-22
12,82,20,2022-01-20,Troy,,Little Rock,REG (Conf),L 66-68,,21,2,6,.333,0,1,.000,2,5,.400,.333,0,0,,4,4,8,0,0,0,2,2,4,1.8,Brianna Harris,https://www.sports-reference.com/cbb/players/brianna-harris-1.html,troy,2021-22
13,83,21,2022-01-22,Troy,,Arkansas State,REG (Conf),W 79-72,,12,1,6,.167,0,1,.000,1,5,.200,.167,3,4,.750,2,5,7,0,0,0,1,1,5,2.3,Brianna Harris,https://www.sports-reference.com/cbb/players/brianna-harris-1.html,troy,2021-22
14,84,22,2022-01-27,Troy,@,Georgia Southern,REG (Conf),W 78-72,,6,0,0,,0,0,,0,0,,,0,0,,0,1,1,0,0,0,1,4,0,-2.3,Brianna Harris,https://www.sports-reference.com/cbb/players/brianna-harris-1.html,troy,2021-22
15,85,23,2022-01-29,Troy,@,Georgia State,REG (Conf),W 60-56,,13,2,4,.500,0,0,,2,4,.500,.500,0,0,,2,3,5,0,0,1,2,1,4,2.6,Brianna Harris,https://www.sports-reference.com/cbb/players/brianna-harris-1.html,troy,2021-22
16,86,24,2022-02-05,Troy,,South Alabama,REG (Conf),W 84-52,,13,3,4,.750,0,0,,3,4,.750,.750,0,0,,0,2,2,0,1,0,1,0,6,5.0,Brianna Harris,https://www.sports-reference.com/cbb/players/brianna-harris-1.html,troy,2021-22
17,87,25,2022-02-12,Troy,@,South Alabama,REG (Conf),W 80-60,,18,2,5,.400,0,0,,2,5,.400,.400,2,2,1.000,3,0,3,1,0,0,3,3,6,1.9,Brianna Harris,https://www.sports-reference.com/cbb/players/brianna-harris-1.html,troy,2021-22
18,88,26,2022-02-17,Troy,,Georgia State,REG (Conf),W 67-56,,4,0,0,,0,0,,0,0,,,0,0,,1,0,1,0,1,0,2,2,0,-1.1,Brianna Harris,https://www.sports-reference.com/cbb/players/brianna-harris-1.html,troy,2021-22
19,89,30,2022-03-04,Troy,,Coastal Carolina,CTOURN,W 99-77,,6,0,1,.000,0,0,,0,1,.000,.000,0,0,,0,1,1,0,0,0,1,2,0,-2.2,Brianna Harris,https://www.sports-reference.com/cbb/players/brianna-harris-1.html,troy,2021-22
20,90,31,2022-03-06,Troy,,Little Rock,CTOURN,W 62-59,,1,0,0,,0,0,,0,0,,,0,0,,0,0,0,0,0,0,0,0,0,0.0,Brianna Harris,https://www.sports-reference.com/cbb/players/brianna-harris-1.html,troy,2021-22
