ranker,player_game_num_career,team_game_num_season,date,team_name_abbr,game_location,opp_name_abbr,game_type,game_result,is_starter,mp,fg,fga,fg_pct,fg3,fg3a,fg3_pct,fg2,fg2a,fg2_pct,efg_pct,ft,fta,ft_pct,orb,drb,trb,ast,stl,blk,tov,pf,pts,game_score,player_name,player_sr_link,school,season
1,24,1,2021-11-09,Troy,,Talladega,REG (Non-Conf),W 101-81,*,18,5,12,.417,0,0,,5,12,.417,.417,0,0,,5,8,13,2,0,2,1,0,10,11.3,Felmas Koranga,https://www.sports-reference.com/cbb/players/felmas-koranga-1.html,troy,2021-22
2,25,2,2021-11-11,Troy,,Florida A&M,REG (Non-Conf),W 79-50,*,19,2,4,.500,0,0,,2,4,.500,.500,0,0,,3,5,8,1,1,0,1,1,4,5.9,Felmas Koranga,https://www.sports-reference.com/cbb/players/felmas-koranga-1.html,troy,2021-22
3,26,3,2021-11-15,Troy,@,Mercer,REG (Non-Conf),L 66-75,*,30,8,18,.444,0,1,.000,8,17,.471,.444,3,4,.750,2,10,12,1,0,2,2,2,19,12.9,Felmas Koranga,https://www.sports-reference.com/cbb/players/felmas-koranga-1.html,troy,2021-22
4,27,4,2021-11-18,Troy,,Bethune-Cookman,REG (Non-Conf),W 84-58,*,26,7,22,.318,0,0,,7,22,.318,.318,2,6,.333,9,10,19,1,1,2,4,1,16,9.8,Felmas Koranga,https://www.sports-reference.com/cbb/players/felmas-koranga-1.html,troy,2021-22
5,28,5,2021-11-23,Troy,@,Missouri,REG (Non-Conf),L 63-76,*,25,6,11,.545,0,0,,6,11,.545,.545,2,3,.667,1,5,6,0,1,0,2,3,14,8.3,Felmas Koranga,https://www.sports-reference.com/cbb/players/felmas-koranga-1.html,troy,2021-22
6,29,6,2021-11-28,Troy,@,Duke,REG (Non-Conf),L 75-91,*,35,11,16,.688,1,1,1.000,10,15,.667,.719,1,1,1.000,2,14,16,1,5,2,3,0,24,26.9,Felmas Koranga,https://www.sports-reference.com/cbb/players/felmas-koranga-1.html,troy,2021-22
7,30,7,2021-12-01,Troy,,Samford,REG (Non-Conf),W 65-61,*,29,7,18,.389,0,0,,7,18,.389,.389,1,2,.500,6,7,13,2,3,2,2,1,15,14.5,Felmas Koranga,https://www.sports-reference.com/cbb/players/felmas-koranga-1.html,troy,2021-22
8,31,8,2021-12-04,Troy,@,Wake Forest,REG (Non-Conf),L 61-90,*,25,2,9,.222,0,1,.000,2,8,.250,.222,2,4,.500,1,5,6,0,0,3,3,5,6,-1.0,Felmas Koranga,https://www.sports-reference.com/cbb/players/felmas-koranga-1.html,troy,2021-22
9,32,9,2021-12-08,Troy,@,Tulane,REG (Non-Conf),L 84-91,*,30,3,9,.333,0,0,,3,9,.333,.333,2,2,1.000,1,6,7,1,1,1,4,1,8,3.4,Felmas Koranga,https://www.sports-reference.com/cbb/players/felmas-koranga-1.html,troy,2021-22
10,33,10,2021-12-11,Troy,,Middle Tennessee,REG (Non-Conf),W 77-76,*,30,6,9,.667,0,0,,6,9,.667,.667,1,2,.500,4,5,9,0,2,2,3,2,13,12.6,Felmas Koranga,https://www.sports-reference.com/cbb/players/felmas-koranga-1.html,troy,2021-22
11,34,11,2021-12-15,Troy,,Ala.-Huntsville,REG (Non-Conf),W 107-57,*,6,1,2,.500,0,0,,1,2,.500,.500,0,0,,1,1,2,0,0,4,0,0,2,4.8,Felmas Koranga,https://www.sports-reference.com/cbb/players/felmas-koranga-1.html,troy,2021-22
12,35,12,2021-12-18,Troy,@,Mississippi State,REG (Non-Conf),W 73-66,*,32,10,14,.714,0,0,,10,14,.714,.714,3,4,.750,2,7,9,0,0,0,5,1,23,14.9,Felmas Koranga,https://www.sports-reference.com/cbb/players/felmas-koranga-1.html,troy,2021-22
13,36,13,2021-12-19,Troy,@,South Carolina State,REG (Non-Conf),W 94-51,*,11,3,5,.600,0,0,,3,5,.600,.600,1,2,.500,0,2,2,0,1,1,1,0,7,5.6,Felmas Koranga,https://www.sports-reference.com/cbb/players/felmas-koranga-1.html,troy,2021-22
14,37,14,2021-12-20,Troy,,Jackson State,REG (Non-Conf),W 99-82,*,35,9,19,.474,0,1,.000,9,18,.500,.474,4,4,1.000,4,13,17,3,7,3,3,2,22,26.4,Felmas Koranga,https://www.sports-reference.com/cbb/players/felmas-koranga-1.html,troy,2021-22
15,38,15,2021-12-30,Troy,,Coastal Carolina,REG (Conf),W 91-80,*,31,3,10,.300,0,2,.000,3,8,.375,.300,6,6,1.000,5,1,6,3,3,0,1,1,12,13.7,Felmas Koranga,https://www.sports-reference.com/cbb/players/felmas-koranga-1.html,troy,2021-22
16,39,16,2022-01-06,Troy,@,Texas State,REG (Conf),W 96-73,*,21,7,10,.700,0,0,,7,10,.700,.700,1,1,1.000,0,3,3,1,4,0,1,1,15,15.0,Felmas Koranga,https://www.sports-reference.com/cbb/players/felmas-koranga-1.html,troy,2021-22
17,40,17,2022-01-08,Troy,@,UT Arlington,REG (Conf),W 59-48,*,32,7,12,.583,0,0,,7,12,.583,.583,1,2,.500,4,9,13,0,1,0,3,1,15,12.1,Felmas Koranga,https://www.sports-reference.com/cbb/players/felmas-koranga-1.html,troy,2021-22
18,41,18,2022-01-13,Troy,@,Louisiana,REG (Conf),L 83-92,*,35,9,16,.563,0,0,,9,16,.563,.563,7,9,.778,0,8,8,2,1,0,3,5,25,16.4,Felmas Koranga,https://www.sports-reference.com/cbb/players/felmas-koranga-1.html,troy,2021-22
19,42,19,2022-01-15,Troy,,Louisiana–Monroe,REG (Conf),W 89-57,*,14,1,7,.143,0,0,,1,7,.143,.143,2,2,1.000,4,10,14,0,0,1,1,0,4,5.0,Felmas Koranga,https://www.sports-reference.com/cbb/players/felmas-koranga-1.html,troy,2021-22
20,43,20,2022-01-20,Troy,,Little Rock,REG (Conf),L 66-68,*,28,6,12,.500,0,0,,6,12,.500,.500,0,0,,4,5,9,0,0,0,2,0,12,8.3,Felmas Koranga,https://www.sports-reference.com/cbb/players/felmas-koranga-1.html,troy,2021-22
21,44,21,2022-01-22,Troy,,Arkansas State,REG (Conf),W 79-72,*,30,7,17,.412,0,0,,7,17,.412,.412,6,7,.857,5,6,11,1,1,1,0,0,20,18.2,Felmas Koranga,https://www.sports-reference.com/cbb/players/felmas-koranga-1.html,troy,2021-22
22,45,22,2022-01-27,Troy,@,Georgia Southern,REG (Conf),W 78-72,*,31,3,9,.333,0,0,,3,9,.333,.333,9,10,.900,4,7,11,0,3,2,0,2,15,18.0,Felmas Koranga,https://www.sports-reference.com/cbb/players/felmas-koranga-1.html,troy,2021-22
23,46,23,2022-01-29,Troy,@,Georgia State,REG (Conf),W 60-56,*,24,3,8,.375,0,0,,3,8,.375,.375,1,2,.500,4,7,11,1,2,0,1,0,7,8.8,Felmas Koranga,https://www.sports-reference.com/cbb/players/felmas-koranga-1.html,troy,2021-22
24,47,24,2022-02-05,Troy,,South Alabama,REG (Conf),W 84-52,*,17,5,10,.500,0,0,,5,10,.500,.500,0,0,,6,6,12,1,0,3,2,1,10,11.4,Felmas Koranga,https://www.sports-reference.com/cbb/players/felmas-koranga-1.html,troy,2021-22
25,48,25,2022-02-12,Troy,@,South Alabama,REG (Conf),W 80-60,*,17,1,7,.143,0,0,,1,7,.143,.143,1,2,.500,7,6,13,0,1,0,0,0,3,5.8,Felmas Koranga,https://www.sports-reference.com/cbb/players/felmas-koranga-1.html,troy,2021-22
26,49,26,2022-02-17,Troy,,Georgia State,REG (Conf),W 67-56,*,28,6,15,.400,0,0,,6,15,.400,.400,3,5,.600,4,9,13,2,1,2,2,0,15,13.4,Felmas Koranga,https://www.sports-reference.com/cbb/players/felmas-koranga-1.html,troy,2021-22
27,50,27,2022-02-19,Troy,,Georgia Southern,REG (Conf),W 82-70,*,34,3,11,.273,0,1,.000,3,10,.300,.273,5,6,.833,10,14,24,1,0,3,5,2,11,12.3,Felmas Koranga,https://www.sports-reference.com/cbb/players/felmas-koranga-1.html,troy,2021-22
28,51,28,2022-02-24,Troy,@,Appalachian State,REG (Conf),W 89-56,*,23,9,16,.563,0,0,,9,16,.563,.563,0,0,,3,10,13,1,0,0,3,1,18,12.8,Felmas Koranga,https://www.sports-reference.com/cbb/players/felmas-koranga-1.html,troy,2021-22
29,52,29,2022-02-26,Troy,@,Coastal Carolina,REG (Conf),W 71-58,*,29,6,13,.462,0,0,,6,13,.462,.462,1,1,1.000,4,8,12,3,4,2,2,0,13,17.0,Felmas Koranga,https://www.sports-reference.com/cbb/players/felmas-koranga-1.html,troy,2021-22
30,53,30,2022-03-04,Troy,,Coastal Carolina,CTOURN,W 99-77,*,26,5,11,.455,0,0,,5,11,.455,.455,1,2,.500,3,9,12,0,2,1,3,0,11,9.4,Felmas Koranga,https://www.sports-reference.com/cbb/players/felmas-koranga-1.html,troy,2021-22
31,54,31,2022-03-06,Troy,,Little Rock,CTOURN,W 62-59,*,24,2,7,.286,0,0,,2,7,.286,.286,0,0,,1,6,7,1,3,0,5,1,4,0.7,Felmas Koranga,https://www.sports-reference.com/cbb/players/felmas-koranga-1.html,troy,2021-22
32,55,32,2022-03-07,Troy,,UT Arlington,CTOURN,L 61-76,*,34,5,13,.385,0,0,,5,13,.385,.385,3,6,.500,4,7,11,0,0,0,3,0,13,6.6,Felmas Koranga,https://www.sports-reference.com/cbb/players/felmas-koranga-1.html,troy,2021-22
33,56,33,2022-03-17,Troy,,Alabama,WNIT,L 79-82,*,26,3,8,.375,0,0,,3,8,.375,.375,4,4,1.000,5,7,12,0,2,2,4,1,10,10.2,Felmas Koranga,https://www.sports-reference.com/cbb/players/felmas-koranga-1.html,troy,2021-22
