ranker,player_game_num_career,team_game_num_season,date,team_name_abbr,game_location,opp_name_abbr,game_type,game_result,is_starter,mp,fg,fga,fg_pct,fg3,fg3a,fg3_pct,fg2,fg2a,fg2_pct,efg_pct,ft,fta,ft_pct,orb,drb,trb,ast,stl,blk,tov,pf,pts,game_score,player_name,player_sr_link,school,season
1,1,1,2021-11-09,Troy,,Talladega,REG (Non-Conf),W 101-81,,7,1,2,.500,1,2,.500,0,0,,.750,0,0,,0,1,1,0,0,0,1,1,3,0.9,Gabbi Cartagena,https://www.sports-reference.com/cbb/players/gabbi-cartagena-1.html,troy,2021-22
2,2,2,2021-11-11,Troy,,Florida A&M,REG (Non-Conf),W 79-50,,15,2,5,.400,1,2,.500,1,3,.333,.500,0,0,,0,1,1,0,0,0,1,0,5,1.6,Gabbi Cartagena,https://www.sports-reference.com/cbb/players/gabbi-cartagena-1.html,troy,2021-22
3,3,3,2021-11-15,Troy,@,Mercer,REG (Non-Conf),L 66-75,,8,0,2,.000,0,2,.000,0,0,,.000,0,0,,0,0,0,0,1,0,2,0,0,-2.4,Gabbi Cartagena,https://www.sports-reference.com/cbb/players/gabbi-cartagena-1.html,troy,2021-22
4,4,4,2021-11-18,Troy,,Bethune-Cookman,REG (Non-Conf),W 84-58,,15,1,1,1.000,0,0,,1,1,1.000,1.000,0,0,,0,2,2,2,0,0,0,2,2,2.9,Gabbi Cartagena,https://www.sports-reference.com/cbb/players/gabbi-cartagena-1.html,troy,2021-22
5,5,6,2021-11-28,Troy,@,Duke,REG (Non-Conf),L 75-91,,2,0,1,.000,0,0,,0,1,.000,.000,0,0,,2,0,2,0,1,0,0,0,0,1.7,Gabbi Cartagena,https://www.sports-reference.com/cbb/players/gabbi-cartagena-1.html,troy,2021-22
6,6,7,2021-12-01,Troy,,Samford,REG (Non-Conf),W 65-61,,5,1,3,.333,1,3,.333,0,0,,.500,0,0,,0,1,1,0,0,0,0,0,3,1.6,Gabbi Cartagena,https://www.sports-reference.com/cbb/players/gabbi-cartagena-1.html,troy,2021-22
7,7,8,2021-12-04,Troy,@,Wake Forest,REG (Non-Conf),L 61-90,,2,0,1,.000,0,1,.000,0,0,,.000,0,0,,0,0,0,0,0,0,2,0,0,-2.7,Gabbi Cartagena,https://www.sports-reference.com/cbb/players/gabbi-cartagena-1.html,troy,2021-22
8,8,9,2021-12-08,Troy,@,Tulane,REG (Non-Conf),L 84-91,,3,0,0,,0,0,,0,0,,,2,2,1.000,1,0,1,0,0,0,0,0,2,2.7,Gabbi Cartagena,https://www.sports-reference.com/cbb/players/gabbi-cartagena-1.html,troy,2021-22
9,9,11,2021-12-15,Troy,,Ala.-Huntsville,REG (Non-Conf),W 107-57,,22,5,6,.833,1,2,.500,4,4,1.000,.917,5,5,1.000,4,0,4,0,1,0,0,0,16,17.6,Gabbi Cartagena,https://www.sports-reference.com/cbb/players/gabbi-cartagena-1.html,troy,2021-22
10,10,13,2021-12-19,Troy,@,South Carolina State,REG (Non-Conf),W 94-51,,18,3,7,.429,2,4,.500,1,3,.333,.571,2,3,.667,2,3,5,2,0,0,1,0,10,8.6,Gabbi Cartagena,https://www.sports-reference.com/cbb/players/gabbi-cartagena-1.html,troy,2021-22
11,11,17,2022-01-08,Troy,@,UT Arlington,REG (Conf),W 59-48,,2,0,0,,0,0,,0,0,,,0,0,,0,0,0,0,0,0,1,0,0,-1.0,Gabbi Cartagena,https://www.sports-reference.com/cbb/players/gabbi-cartagena-1.html,troy,2021-22
12,12,19,2022-01-15,Troy,,Louisiana–Monroe,REG (Conf),W 89-57,,15,3,6,.500,2,4,.500,1,2,.500,.667,2,2,1.000,2,4,6,1,0,0,3,1,10,6.9,Gabbi Cartagena,https://www.sports-reference.com/cbb/players/gabbi-cartagena-1.html,troy,2021-22
13,13,24,2022-02-05,Troy,,South Alabama,REG (Conf),W 84-52,,8,1,3,.333,1,2,.500,0,1,.000,.500,0,0,,0,1,1,0,0,0,0,1,3,1.2,Gabbi Cartagena,https://www.sports-reference.com/cbb/players/gabbi-cartagena-1.html,troy,2021-22
14,14,25,2022-02-12,Troy,@,South Alabama,REG (Conf),W 80-60,,7,0,4,.000,0,3,.000,0,1,.000,.000,3,3,1.000,1,0,1,0,0,0,1,0,3,-0.1,Gabbi Cartagena,https://www.sports-reference.com/cbb/players/gabbi-cartagena-1.html,troy,2021-22
15,15,26,2022-02-17,Troy,,Georgia State,REG (Conf),W 67-56,,10,2,3,.667,0,1,.000,2,2,1.000,.667,0,0,,4,1,5,0,0,0,0,0,4,5.8,Gabbi Cartagena,https://www.sports-reference.com/cbb/players/gabbi-cartagena-1.html,troy,2021-22
16,16,27,2022-02-19,Troy,,Georgia Southern,REG (Conf),W 82-70,,2,0,1,.000,0,1,.000,0,0,,.000,0,0,,1,0,1,0,0,0,1,0,0,-1.0,Gabbi Cartagena,https://www.sports-reference.com/cbb/players/gabbi-cartagena-1.html,troy,2021-22
17,17,28,2022-02-24,Troy,@,Appalachian State,REG (Conf),W 89-56,,3,2,4,.500,1,3,.333,1,1,1.000,.625,0,0,,0,0,0,1,0,0,0,0,5,3.7,Gabbi Cartagena,https://www.sports-reference.com/cbb/players/gabbi-cartagena-1.html,troy,2021-22
18,18,29,2022-02-26,Troy,@,Coastal Carolina,REG (Conf),W 71-58,,1,0,0,,0,0,,0,0,,,0,0,,0,0,0,0,0,0,0,0,0,0.0,Gabbi Cartagena,https://www.sports-reference.com/cbb/players/gabbi-cartagena-1.html,troy,2021-22
19,19,30,2022-03-04,Troy,,Coastal Carolina,CTOURN,W 99-77,,1,0,0,,0,0,,0,0,,,0,0,,0,0,0,0,0,0,1,1,0,-1.4,Gabbi Cartagena,https://www.sports-reference.com/cbb/players/gabbi-cartagena-1.html,troy,2021-22
20,20,32,2022-03-07,Troy,,UT Arlington,CTOURN,L 61-76,,1,0,1,.000,0,1,.000,0,0,,.000,0,0,,0,0,0,0,0,0,0,0,0,-0.7,Gabbi Cartagena,https://www.sports-reference.com/cbb/players/gabbi-cartagena-1.html,troy,2021-22
21,21,33,2022-03-17,Troy,,Alabama,WNIT,L 79-82,,6,0,2,.000,0,1,.000,0,1,.000,.000,0,0,,0,0,0,0,0,0,0,0,0,-1.4,Gabbi Cartagena,https://www.sports-reference.com/cbb/players/gabbi-cartagena-1.html,troy,2021-22
