ranker,player_game_num_career,team_game_num_season,date,team_name_abbr,game_location,opp_name_abbr,game_type,game_result,is_starter,mp,fg,fga,fg_pct,fg3,fg3a,fg3_pct,fg2,fg2a,fg2_pct,efg_pct,ft,fta,ft_pct,orb,drb,trb,ast,stl,blk,tov,pf,pts,game_score,player_name,player_sr_link,school,season
1,1,1,2021-11-09,Troy,,Talladega,REG (Non-Conf),W 101-81,,9,0,0,,0,0,,0,0,,,2,2,1.000,1,2,3,1,1,0,0,1,2,4.6,Ja'Mia Hollings,https://www.sports-reference.com/cbb/players/jamia-hollings-1.html,troy,2021-22
2,2,2,2021-11-11,Troy,,Florida A&M,REG (Non-Conf),W 79-50,,19,2,7,.286,0,0,,2,7,.286,.286,2,4,.500,3,3,6,0,2,0,2,0,6,4.1,Ja'Mia Hollings,https://www.sports-reference.com/cbb/players/jamia-hollings-1.html,troy,2021-22
3,3,3,2021-11-15,Troy,@,Mercer,REG (Non-Conf),L 66-75,,0,0,0,,0,0,,0,0,,,0,0,,0,0,0,0,0,0,0,0,0,0.0,Ja'Mia Hollings,https://www.sports-reference.com/cbb/players/jamia-hollings-1.html,troy,2021-22
4,4,4,2021-11-18,Troy,,Bethune-Cookman,REG (Non-Conf),W 84-58,,21,4,6,.667,0,0,,4,6,.667,.667,1,1,1.000,4,6,10,0,0,1,2,1,9,9.3,Ja'Mia Hollings,https://www.sports-reference.com/cbb/players/jamia-hollings-1.html,troy,2021-22
5,5,5,2021-11-23,Troy,@,Missouri,REG (Non-Conf),L 63-76,,2,0,0,,0,0,,0,0,,,0,0,,0,1,1,0,0,0,0,0,0,0.3,Ja'Mia Hollings,https://www.sports-reference.com/cbb/players/jamia-hollings-1.html,troy,2021-22
6,6,6,2021-11-28,Troy,@,Duke,REG (Non-Conf),L 75-91,,1,0,1,.000,0,0,,0,1,.000,.000,0,0,,0,1,1,0,0,0,0,0,0,-0.4,Ja'Mia Hollings,https://www.sports-reference.com/cbb/players/jamia-hollings-1.html,troy,2021-22
7,7,7,2021-12-01,Troy,,Samford,REG (Non-Conf),W 65-61,,7,1,2,.500,0,0,,1,2,.500,.500,0,0,,0,1,1,0,1,0,2,0,2,0.3,Ja'Mia Hollings,https://www.sports-reference.com/cbb/players/jamia-hollings-1.html,troy,2021-22
8,8,8,2021-12-04,Troy,@,Wake Forest,REG (Non-Conf),L 61-90,,4,1,1,1.000,0,0,,1,1,1.000,1.000,0,1,.000,1,1,2,0,0,0,0,0,2,2.3,Ja'Mia Hollings,https://www.sports-reference.com/cbb/players/jamia-hollings-1.html,troy,2021-22
9,9,9,2021-12-08,Troy,@,Tulane,REG (Non-Conf),L 84-91,,17,5,7,.714,0,1,.000,5,6,.833,.714,0,0,,1,3,4,0,0,0,0,2,10,7.9,Ja'Mia Hollings,https://www.sports-reference.com/cbb/players/jamia-hollings-1.html,troy,2021-22
10,10,10,2021-12-11,Troy,,Middle Tennessee,REG (Non-Conf),W 77-76,,10,2,5,.400,0,0,,2,5,.400,.400,0,0,,1,2,3,0,1,0,0,0,4,3.6,Ja'Mia Hollings,https://www.sports-reference.com/cbb/players/jamia-hollings-1.html,troy,2021-22
11,11,11,2021-12-15,Troy,,Ala.-Huntsville,REG (Non-Conf),W 107-57,,19,3,8,.375,0,0,,3,8,.375,.375,0,0,,2,4,6,0,2,1,2,1,6,4.5,Ja'Mia Hollings,https://www.sports-reference.com/cbb/players/jamia-hollings-1.html,troy,2021-22
12,12,12,2021-12-18,Troy,@,Mississippi State,REG (Non-Conf),W 73-66,,7,0,4,.000,0,0,,0,4,.000,.000,0,0,,2,2,4,0,0,0,2,0,0,-2.8,Ja'Mia Hollings,https://www.sports-reference.com/cbb/players/jamia-hollings-1.html,troy,2021-22
13,13,13,2021-12-19,Troy,@,South Carolina State,REG (Non-Conf),W 94-51,,29,3,11,.273,0,0,,3,11,.273,.273,1,2,.500,8,4,12,2,2,0,2,4,7,6.7,Ja'Mia Hollings,https://www.sports-reference.com/cbb/players/jamia-hollings-1.html,troy,2021-22
14,14,14,2021-12-20,Troy,,Jackson State,REG (Non-Conf),W 99-82,,4,0,1,.000,0,0,,0,1,.000,.000,0,0,,0,1,1,0,0,0,1,0,0,-1.4,Ja'Mia Hollings,https://www.sports-reference.com/cbb/players/jamia-hollings-1.html,troy,2021-22
15,15,16,2022-01-06,Troy,@,Texas State,REG (Conf),W 96-73,,16,4,7,.571,0,0,,4,7,.571,.571,1,2,.500,1,3,4,2,1,2,0,1,9,10.3,Ja'Mia Hollings,https://www.sports-reference.com/cbb/players/jamia-hollings-1.html,troy,2021-22
16,16,17,2022-01-08,Troy,@,UT Arlington,REG (Conf),W 59-48,,2,0,0,,0,0,,0,0,,,0,0,,0,0,0,0,0,0,0,0,0,0.0,Ja'Mia Hollings,https://www.sports-reference.com/cbb/players/jamia-hollings-1.html,troy,2021-22
17,17,18,2022-01-13,Troy,@,Louisiana,REG (Conf),L 83-92,,2,0,2,.000,0,0,,0,2,.000,.000,0,0,,1,1,2,0,0,0,0,0,0,-0.4,Ja'Mia Hollings,https://www.sports-reference.com/cbb/players/jamia-hollings-1.html,troy,2021-22
18,18,19,2022-01-15,Troy,,Louisiana–Monroe,REG (Conf),W 89-57,,16,1,6,.167,0,1,.000,1,5,.200,.167,1,2,.500,3,5,8,1,0,0,3,2,3,-0.7,Ja'Mia Hollings,https://www.sports-reference.com/cbb/players/jamia-hollings-1.html,troy,2021-22
19,19,20,2022-01-20,Troy,,Little Rock,REG (Conf),L 66-68,,0,0,0,,0,0,,0,0,,,0,0,,0,0,0,0,0,0,0,0,0,0.0,Ja'Mia Hollings,https://www.sports-reference.com/cbb/players/jamia-hollings-1.html,troy,2021-22
20,20,22,2022-01-27,Troy,@,Georgia Southern,REG (Conf),W 78-72,,4,1,3,.333,0,0,,1,3,.333,.333,0,0,,0,1,1,0,0,0,1,1,2,-0.8,Ja'Mia Hollings,https://www.sports-reference.com/cbb/players/jamia-hollings-1.html,troy,2021-22
21,21,24,2022-02-05,Troy,,South Alabama,REG (Conf),W 84-52,,12,4,5,.800,0,0,,4,5,.800,.800,4,4,1.000,3,4,7,0,0,1,0,1,12,13.7,Ja'Mia Hollings,https://www.sports-reference.com/cbb/players/jamia-hollings-1.html,troy,2021-22
22,22,25,2022-02-12,Troy,@,South Alabama,REG (Conf),W 80-60,,13,1,2,.500,0,1,.000,1,1,1.000,.500,4,6,.667,3,3,6,0,1,1,1,3,6,6.7,Ja'Mia Hollings,https://www.sports-reference.com/cbb/players/jamia-hollings-1.html,troy,2021-22
23,23,26,2022-02-17,Troy,,Georgia State,REG (Conf),W 67-56,,13,0,2,.000,0,0,,0,2,.000,.000,0,0,,0,3,3,0,2,0,1,2,0,-0.3,Ja'Mia Hollings,https://www.sports-reference.com/cbb/players/jamia-hollings-1.html,troy,2021-22
24,24,27,2022-02-19,Troy,,Georgia Southern,REG (Conf),W 82-70,,1,0,0,,0,0,,0,0,,,0,0,,0,0,0,0,0,0,1,1,0,-1.4,Ja'Mia Hollings,https://www.sports-reference.com/cbb/players/jamia-hollings-1.html,troy,2021-22
25,25,28,2022-02-24,Troy,@,Appalachian State,REG (Conf),W 89-56,,18,3,8,.375,0,0,,3,8,.375,.375,0,0,,0,2,2,0,0,0,0,0,6,2.2,Ja'Mia Hollings,https://www.sports-reference.com/cbb/players/jamia-hollings-1.html,troy,2021-22
26,26,29,2022-02-26,Troy,@,Coastal Carolina,REG (Conf),W 71-58,,15,4,8,.500,0,0,,4,8,.500,.500,0,2,.000,2,4,6,0,0,0,2,2,8,3.0,Ja'Mia Hollings,https://www.sports-reference.com/cbb/players/jamia-hollings-1.html,troy,2021-22
27,27,30,2022-03-04,Troy,,Coastal Carolina,CTOURN,W 99-77,,14,2,4,.500,0,0,,2,4,.500,.500,2,3,.667,2,3,5,1,0,1,0,3,6,6.1,Ja'Mia Hollings,https://www.sports-reference.com/cbb/players/jamia-hollings-1.html,troy,2021-22
28,28,31,2022-03-06,Troy,,Little Rock,CTOURN,W 62-59,,4,0,2,.000,0,0,,0,2,.000,.000,0,0,,1,1,2,0,0,0,0,0,0,-0.4,Ja'Mia Hollings,https://www.sports-reference.com/cbb/players/jamia-hollings-1.html,troy,2021-22
29,29,32,2022-03-07,Troy,,UT Arlington,CTOURN,L 61-76,,2,0,0,,0,0,,0,0,,,0,0,,0,0,0,0,1,0,1,0,0,0.0,Ja'Mia Hollings,https://www.sports-reference.com/cbb/players/jamia-hollings-1.html,troy,2021-22
30,30,33,2022-03-17,Troy,,Alabama,WNIT,L 79-82,,9,3,3,1.000,0,0,,3,3,1.000,1.000,1,2,.500,2,1,3,1,1,1,0,1,7,9.4,Ja'Mia Hollings,https://www.sports-reference.com/cbb/players/jamia-hollings-1.html,troy,2021-22
