ranker,player_game_num_career,team_game_num_season,date,team_name_abbr,game_location,opp_name_abbr,game_type,game_result,is_starter,mp,fg,fga,fg_pct,fg3,fg3a,fg3_pct,fg2,fg2a,fg2_pct,efg_pct,ft,fta,ft_pct,orb,drb,trb,ast,stl,blk,tov,pf,pts,game_score,player_name,player_sr_link,school,season
1,58,1,2021-11-09,Troy,,Talladega,REG (Non-Conf),W 101-81,,12,2,6,.333,0,3,.000,2,3,.667,.333,0,0,,0,0,0,2,0,1,1,1,4,1.3,Jada Walton,https://www.sports-reference.com/cbb/players/jada-walton-1.html,troy,2021-22
2,59,2,2021-11-11,Troy,,Florida A&M,REG (Non-Conf),W 79-50,,14,1,3,.333,1,2,.500,0,1,.000,.500,0,0,,1,2,3,0,3,1,2,1,3,3.9,Jada Walton,https://www.sports-reference.com/cbb/players/jada-walton-1.html,troy,2021-22
3,60,3,2021-11-15,Troy,@,Mercer,REG (Non-Conf),L 66-75,,5,0,0,,0,0,,0,0,,,0,0,,0,0,0,0,0,0,0,1,0,-0.4,Jada Walton,https://www.sports-reference.com/cbb/players/jada-walton-1.html,troy,2021-22
4,61,4,2021-11-18,Troy,,Bethune-Cookman,REG (Non-Conf),W 84-58,,12,2,5,.400,0,2,.000,2,3,.667,.400,1,2,.500,1,1,2,1,5,0,3,2,5,4.8,Jada Walton,https://www.sports-reference.com/cbb/players/jada-walton-1.html,troy,2021-22
5,62,6,2021-11-28,Troy,@,Duke,REG (Non-Conf),L 75-91,,4,1,3,.333,1,3,.333,0,0,,.500,0,0,,0,2,2,0,0,0,0,2,3,1.1,Jada Walton,https://www.sports-reference.com/cbb/players/jada-walton-1.html,troy,2021-22
6,63,7,2021-12-01,Troy,,Samford,REG (Non-Conf),W 65-61,,9,1,4,.250,1,3,.333,0,1,.000,.375,0,0,,0,0,0,0,1,0,1,1,3,0.2,Jada Walton,https://www.sports-reference.com/cbb/players/jada-walton-1.html,troy,2021-22
7,64,8,2021-12-04,Troy,@,Wake Forest,REG (Non-Conf),L 61-90,,17,5,9,.556,2,5,.400,3,4,.750,.667,0,0,,0,2,2,1,0,1,2,1,12,7.3,Jada Walton,https://www.sports-reference.com/cbb/players/jada-walton-1.html,troy,2021-22
8,65,9,2021-12-08,Troy,@,Tulane,REG (Non-Conf),L 84-91,*,16,3,7,.429,3,5,.600,0,2,.000,.643,1,3,.333,0,0,0,1,0,1,1,2,10,5.1,Jada Walton,https://www.sports-reference.com/cbb/players/jada-walton-1.html,troy,2021-22
9,66,10,2021-12-11,Troy,,Middle Tennessee,REG (Non-Conf),W 77-76,*,14,2,6,.333,0,1,.000,2,5,.400,.333,0,0,,0,3,3,2,0,0,1,0,4,1.9,Jada Walton,https://www.sports-reference.com/cbb/players/jada-walton-1.html,troy,2021-22
10,67,11,2021-12-15,Troy,,Ala.-Huntsville,REG (Non-Conf),W 107-57,*,14,1,6,.167,1,4,.250,0,2,.000,.250,0,0,,4,2,6,3,1,0,1,3,3,3.5,Jada Walton,https://www.sports-reference.com/cbb/players/jada-walton-1.html,troy,2021-22
11,68,12,2021-12-18,Troy,@,Mississippi State,REG (Non-Conf),W 73-66,,3,0,1,.000,0,1,.000,0,0,,.000,0,0,,1,0,1,0,0,0,0,0,0,0.0,Jada Walton,https://www.sports-reference.com/cbb/players/jada-walton-1.html,troy,2021-22
12,69,13,2021-12-19,Troy,@,South Carolina State,REG (Non-Conf),W 94-51,,16,3,8,.375,3,7,.429,0,1,.000,.563,0,0,,0,4,4,2,1,1,1,1,9,7.5,Jada Walton,https://www.sports-reference.com/cbb/players/jada-walton-1.html,troy,2021-22
13,70,14,2021-12-20,Troy,,Jackson State,REG (Non-Conf),W 99-82,,3,0,2,.000,0,2,.000,0,0,,.000,0,0,,0,1,1,0,0,0,0,1,0,-1.5,Jada Walton,https://www.sports-reference.com/cbb/players/jada-walton-1.html,troy,2021-22
14,71,16,2022-01-06,Troy,@,Texas State,REG (Conf),W 96-73,,14,1,3,.333,0,2,.000,1,1,1.000,.333,0,0,,1,2,3,0,2,0,0,0,2,3.6,Jada Walton,https://www.sports-reference.com/cbb/players/jada-walton-1.html,troy,2021-22
15,72,17,2022-01-08,Troy,@,UT Arlington,REG (Conf),W 59-48,,15,2,3,.667,0,1,.000,2,2,1.000,.667,0,0,,0,4,4,2,2,0,1,5,4,4.3,Jada Walton,https://www.sports-reference.com/cbb/players/jada-walton-1.html,troy,2021-22
16,73,18,2022-01-13,Troy,@,Louisiana,REG (Conf),L 83-92,,6,1,4,.250,0,2,.000,1,2,.500,.250,0,2,.000,0,1,1,0,0,0,1,0,2,-1.9,Jada Walton,https://www.sports-reference.com/cbb/players/jada-walton-1.html,troy,2021-22
17,74,19,2022-01-15,Troy,,Louisiana–Monroe,REG (Conf),W 89-57,,14,1,2,.500,0,1,.000,1,1,1.000,.500,0,0,,1,2,3,1,2,0,1,1,2,3.6,Jada Walton,https://www.sports-reference.com/cbb/players/jada-walton-1.html,troy,2021-22
18,75,20,2022-01-20,Troy,,Little Rock,REG (Conf),L 66-68,,4,1,3,.333,0,0,,1,3,.333,.333,0,0,,0,0,0,0,1,0,0,0,2,1.3,Jada Walton,https://www.sports-reference.com/cbb/players/jada-walton-1.html,troy,2021-22
19,76,22,2022-01-27,Troy,@,Georgia Southern,REG (Conf),W 78-72,,2,0,1,.000,0,1,.000,0,0,,.000,0,0,,0,0,0,0,0,0,0,2,0,-1.5,Jada Walton,https://www.sports-reference.com/cbb/players/jada-walton-1.html,troy,2021-22
20,77,24,2022-02-05,Troy,,South Alabama,REG (Conf),W 84-52,,12,1,5,.200,1,3,.333,0,2,.000,.300,0,0,,0,3,3,0,3,0,3,2,3,0.0,Jada Walton,https://www.sports-reference.com/cbb/players/jada-walton-1.html,troy,2021-22
21,78,25,2022-02-12,Troy,@,South Alabama,REG (Conf),W 80-60,,5,1,1,1.000,0,0,,1,1,1.000,1.000,0,0,,0,1,1,0,0,0,2,0,2,0.0,Jada Walton,https://www.sports-reference.com/cbb/players/jada-walton-1.html,troy,2021-22
22,79,27,2022-02-19,Troy,,Georgia Southern,REG (Conf),W 82-70,,9,1,1,1.000,0,0,,1,1,1.000,1.000,0,0,,0,0,0,0,0,0,3,0,2,-1.3,Jada Walton,https://www.sports-reference.com/cbb/players/jada-walton-1.html,troy,2021-22
23,80,28,2022-02-24,Troy,@,Appalachian State,REG (Conf),W 89-56,,6,1,2,.500,1,1,1.000,0,1,.000,.750,1,2,.500,0,0,0,0,0,0,1,0,4,1.6,Jada Walton,https://www.sports-reference.com/cbb/players/jada-walton-1.html,troy,2021-22
24,81,29,2022-02-26,Troy,@,Coastal Carolina,REG (Conf),W 71-58,,6,1,4,.250,0,2,.000,1,2,.500,.250,0,0,,1,2,3,1,0,0,2,0,2,-0.4,Jada Walton,https://www.sports-reference.com/cbb/players/jada-walton-1.html,troy,2021-22
25,82,30,2022-03-04,Troy,,Coastal Carolina,CTOURN,W 99-77,,5,1,2,.500,1,2,.500,0,0,,.750,1,4,.250,2,1,3,1,0,0,1,1,4,2.8,Jada Walton,https://www.sports-reference.com/cbb/players/jada-walton-1.html,troy,2021-22
26,83,33,2022-03-17,Troy,,Alabama,WNIT,L 79-82,,6,0,3,.000,0,3,.000,0,0,,.000,0,0,,0,0,0,0,0,0,1,1,0,-3.5,Jada Walton,https://www.sports-reference.com/cbb/players/jada-walton-1.html,troy,2021-22
