ranker,player_game_num_career,team_game_num_season,date,team_name_abbr,game_location,opp_name_abbr,game_type,game_result,is_starter,mp,fg,fga,fg_pct,fg3,fg3a,fg3_pct,fg2,fg2a,fg2_pct,efg_pct,ft,fta,ft_pct,orb,drb,trb,ast,stl,blk,tov,pf,pts,game_score,player_name,player_sr_link,school,season
1,106,1,2021-11-09,Troy,,Talladega,REG (Non-Conf),W 101-81,*,22,2,6,.333,2,4,.500,0,2,.000,.500,2,2,1.000,3,1,4,2,0,0,2,1,8,6.0,Janiah Sandifer,https://www.sports-reference.com/cbb/players/janiah-sandifer-1.html,troy,2021-22
2,107,2,2021-11-11,Troy,,Florida A&M,REG (Non-Conf),W 79-50,,13,2,5,.400,2,4,.500,0,1,.000,.600,0,0,,0,1,1,1,1,0,1,0,6,4.3,Janiah Sandifer,https://www.sports-reference.com/cbb/players/janiah-sandifer-1.html,troy,2021-22
3,108,3,2021-11-15,Troy,@,Mercer,REG (Non-Conf),L 66-75,*,28,0,3,.000,0,3,.000,0,0,,.000,1,2,.500,3,1,4,1,1,0,1,0,1,1.6,Janiah Sandifer,https://www.sports-reference.com/cbb/players/janiah-sandifer-1.html,troy,2021-22
4,109,4,2021-11-18,Troy,,Bethune-Cookman,REG (Non-Conf),W 84-58,*,20,0,2,.000,0,2,.000,0,0,,.000,3,4,.750,1,5,6,2,0,0,1,1,3,3.4,Janiah Sandifer,https://www.sports-reference.com/cbb/players/janiah-sandifer-1.html,troy,2021-22
5,110,5,2021-11-23,Troy,@,Missouri,REG (Non-Conf),L 63-76,*,19,1,4,.250,0,3,.000,1,1,1.000,.250,0,0,,1,1,2,1,0,0,0,1,2,0.9,Janiah Sandifer,https://www.sports-reference.com/cbb/players/janiah-sandifer-1.html,troy,2021-22
6,111,6,2021-11-28,Troy,@,Duke,REG (Non-Conf),L 75-91,*,22,0,2,.000,0,1,.000,0,1,.000,.000,2,2,1.000,0,0,0,0,0,0,1,2,2,-1.2,Janiah Sandifer,https://www.sports-reference.com/cbb/players/janiah-sandifer-1.html,troy,2021-22
7,112,7,2021-12-01,Troy,,Samford,REG (Non-Conf),W 65-61,,20,2,8,.250,2,8,.250,0,0,,.375,2,4,.500,2,2,4,1,2,0,1,1,8,5.7,Janiah Sandifer,https://www.sports-reference.com/cbb/players/janiah-sandifer-1.html,troy,2021-22
8,113,8,2021-12-04,Troy,@,Wake Forest,REG (Non-Conf),L 61-90,,16,1,5,.200,0,3,.000,1,2,.500,.200,0,1,.000,0,1,1,0,1,0,1,1,2,-1.6,Janiah Sandifer,https://www.sports-reference.com/cbb/players/janiah-sandifer-1.html,troy,2021-22
9,114,9,2021-12-08,Troy,@,Tulane,REG (Non-Conf),L 84-91,,15,1,4,.250,1,3,.333,0,1,.000,.375,2,2,1.000,0,2,2,2,1,0,0,4,5,4.0,Janiah Sandifer,https://www.sports-reference.com/cbb/players/janiah-sandifer-1.html,troy,2021-22
10,115,10,2021-12-11,Troy,,Middle Tennessee,REG (Non-Conf),W 77-76,,18,2,3,.667,0,1,.000,2,2,1.000,.667,4,7,.571,1,0,1,1,1,0,2,1,8,5.5,Janiah Sandifer,https://www.sports-reference.com/cbb/players/janiah-sandifer-1.html,troy,2021-22
11,116,11,2021-12-15,Troy,,Ala.-Huntsville,REG (Non-Conf),W 107-57,,15,3,6,.500,1,3,.333,2,3,.667,.583,1,2,.500,2,2,4,2,0,0,0,0,8,8.0,Janiah Sandifer,https://www.sports-reference.com/cbb/players/janiah-sandifer-1.html,troy,2021-22
12,117,12,2021-12-18,Troy,@,Mississippi State,REG (Non-Conf),W 73-66,,19,1,4,.250,1,2,.500,0,2,.000,.375,1,2,.500,1,0,1,0,0,0,0,0,4,1.9,Janiah Sandifer,https://www.sports-reference.com/cbb/players/janiah-sandifer-1.html,troy,2021-22
13,118,13,2021-12-19,Troy,@,South Carolina State,REG (Non-Conf),W 94-51,,11,1,5,.200,1,5,.200,0,0,,.300,2,2,1.000,1,2,3,1,0,0,2,2,5,1.1,Janiah Sandifer,https://www.sports-reference.com/cbb/players/janiah-sandifer-1.html,troy,2021-22
14,119,14,2021-12-20,Troy,,Jackson State,REG (Non-Conf),W 99-82,,14,0,5,.000,0,4,.000,0,1,.000,.000,0,0,,0,0,0,0,0,0,1,1,0,-4.9,Janiah Sandifer,https://www.sports-reference.com/cbb/players/janiah-sandifer-1.html,troy,2021-22
15,120,15,2021-12-30,Troy,,Coastal Carolina,REG (Conf),W 91-80,,28,4,9,.444,0,4,.000,4,5,.800,.444,0,0,,1,2,3,1,1,0,1,2,8,4.5,Janiah Sandifer,https://www.sports-reference.com/cbb/players/janiah-sandifer-1.html,troy,2021-22
16,121,16,2022-01-06,Troy,@,Texas State,REG (Conf),W 96-73,*,31,4,10,.400,1,6,.167,3,4,.750,.450,0,0,,0,1,1,2,4,0,1,0,9,8.3,Janiah Sandifer,https://www.sports-reference.com/cbb/players/janiah-sandifer-1.html,troy,2021-22
17,122,18,2022-01-13,Troy,@,Louisiana,REG (Conf),L 83-92,,22,4,8,.500,4,7,.571,0,1,.000,.750,2,4,.500,1,1,2,0,1,0,1,0,14,10.2,Janiah Sandifer,https://www.sports-reference.com/cbb/players/janiah-sandifer-1.html,troy,2021-22
18,123,19,2022-01-15,Troy,,Louisiana–Monroe,REG (Conf),W 89-57,*,19,2,6,.333,2,4,.500,0,2,.000,.500,1,2,.500,1,1,2,3,1,0,4,2,7,2.5,Janiah Sandifer,https://www.sports-reference.com/cbb/players/janiah-sandifer-1.html,troy,2021-22
19,124,20,2022-01-20,Troy,,Little Rock,REG (Conf),L 66-68,*,22,2,5,.400,2,4,.500,0,1,.000,.600,0,0,,0,0,0,1,0,0,1,1,6,2.6,Janiah Sandifer,https://www.sports-reference.com/cbb/players/janiah-sandifer-1.html,troy,2021-22
20,125,21,2022-01-22,Troy,,Arkansas State,REG (Conf),W 79-72,*,19,1,2,.500,1,2,.500,0,0,,.750,1,2,.500,0,2,2,3,0,0,0,2,4,4.5,Janiah Sandifer,https://www.sports-reference.com/cbb/players/janiah-sandifer-1.html,troy,2021-22
21,126,22,2022-01-27,Troy,@,Georgia Southern,REG (Conf),W 78-72,*,25,2,7,.286,0,5,.000,2,2,1.000,.286,2,2,1.000,3,2,5,2,0,0,3,0,6,3.0,Janiah Sandifer,https://www.sports-reference.com/cbb/players/janiah-sandifer-1.html,troy,2021-22
22,127,23,2022-01-29,Troy,@,Georgia State,REG (Conf),W 60-56,*,27,3,8,.375,1,5,.200,2,3,.667,.438,3,4,.750,1,3,4,1,0,0,0,1,10,7.1,Janiah Sandifer,https://www.sports-reference.com/cbb/players/janiah-sandifer-1.html,troy,2021-22
23,128,24,2022-02-05,Troy,,South Alabama,REG (Conf),W 84-52,*,16,1,5,.200,1,5,.200,0,0,,.300,0,0,,0,0,0,0,0,0,1,0,3,-1.1,Janiah Sandifer,https://www.sports-reference.com/cbb/players/janiah-sandifer-1.html,troy,2021-22
24,129,26,2022-02-17,Troy,,Georgia State,REG (Conf),W 67-56,,21,3,9,.333,1,6,.167,2,3,.667,.389,1,2,.500,0,1,1,3,0,0,1,1,8,3.5,Janiah Sandifer,https://www.sports-reference.com/cbb/players/janiah-sandifer-1.html,troy,2021-22
25,130,27,2022-02-19,Troy,,Georgia Southern,REG (Conf),W 82-70,*,24,1,12,.083,1,6,.167,0,6,.000,.125,6,8,.750,4,2,6,2,0,0,1,1,9,3.6,Janiah Sandifer,https://www.sports-reference.com/cbb/players/janiah-sandifer-1.html,troy,2021-22
26,131,28,2022-02-24,Troy,@,Appalachian State,REG (Conf),W 89-56,*,20,4,8,.500,4,6,.667,0,2,.000,.750,2,4,.500,2,0,2,2,0,0,2,1,14,9.6,Janiah Sandifer,https://www.sports-reference.com/cbb/players/janiah-sandifer-1.html,troy,2021-22
27,132,29,2022-02-26,Troy,@,Coastal Carolina,REG (Conf),W 71-58,*,26,2,10,.200,1,6,.167,1,4,.250,.250,2,2,1.000,2,2,4,1,0,0,5,3,7,-2.7,Janiah Sandifer,https://www.sports-reference.com/cbb/players/janiah-sandifer-1.html,troy,2021-22
28,133,30,2022-03-04,Troy,,Coastal Carolina,CTOURN,W 99-77,*,28,2,6,.333,2,5,.400,0,1,.000,.500,5,6,.833,1,2,3,6,0,0,0,0,11,12.7,Janiah Sandifer,https://www.sports-reference.com/cbb/players/janiah-sandifer-1.html,troy,2021-22
29,134,31,2022-03-06,Troy,,Little Rock,CTOURN,W 62-59,*,32,2,6,.333,0,3,.000,2,3,.667,.333,3,4,.750,1,3,4,1,0,0,1,1,7,4.1,Janiah Sandifer,https://www.sports-reference.com/cbb/players/janiah-sandifer-1.html,troy,2021-22
30,135,32,2022-03-07,Troy,,UT Arlington,CTOURN,L 61-76,*,25,2,8,.250,1,5,.200,1,3,.333,.313,4,4,1.000,2,0,2,0,2,0,2,2,9,4.8,Janiah Sandifer,https://www.sports-reference.com/cbb/players/janiah-sandifer-1.html,troy,2021-22
31,136,33,2022-03-17,Troy,,Alabama,WNIT,L 79-82,*,17,2,7,.286,1,3,.333,1,4,.250,.357,0,0,,1,2,3,2,1,0,0,3,5,3.4,Janiah Sandifer,https://www.sports-reference.com/cbb/players/janiah-sandifer-1.html,troy,2021-22
