ranker,player_game_num_career,team_game_num_season,date,team_name_abbr,game_location,opp_name_abbr,game_type,game_result,is_starter,mp,fg,fga,fg_pct,fg3,fg3a,fg3_pct,fg2,fg2a,fg2_pct,efg_pct,ft,fta,ft_pct,orb,drb,trb,ast,stl,blk,tov,pf,pts,game_score,player_name,player_sr_link,school,season
1,118,1,2021-11-09,Troy,,Talladega,REG (Non-Conf),W 101-81,*,13,1,3,.333,0,2,.000,1,1,1.000,.333,2,2,1.000,0,0,0,2,1,0,2,1,4,2.3,Jasmine Robinson,https://www.sports-reference.com/cbb/players/jasmine-robinson-3.html,troy,2021-22
2,119,2,2021-11-11,Troy,,Florida A&M,REG (Non-Conf),W 79-50,*,15,0,2,.000,0,2,.000,0,0,,.000,0,0,,0,2,2,9,1,0,1,1,0,5.1,Jasmine Robinson,https://www.sports-reference.com/cbb/players/jasmine-robinson-3.html,troy,2021-22
3,120,3,2021-11-15,Troy,@,Mercer,REG (Non-Conf),L 66-75,*,29,3,13,.231,0,4,.000,3,9,.333,.231,3,5,.600,0,4,4,5,0,0,3,4,9,0.4,Jasmine Robinson,https://www.sports-reference.com/cbb/players/jasmine-robinson-3.html,troy,2021-22
4,121,4,2021-11-18,Troy,,Bethune-Cookman,REG (Non-Conf),W 84-58,*,24,0,4,.000,0,0,,0,4,.000,.000,2,2,1.000,0,1,1,8,2,0,2,2,2,4.3,Jasmine Robinson,https://www.sports-reference.com/cbb/players/jasmine-robinson-3.html,troy,2021-22
5,122,5,2021-11-23,Troy,@,Missouri,REG (Non-Conf),L 63-76,*,29,2,9,.222,1,4,.250,1,5,.200,.278,1,2,.500,0,2,2,4,0,0,3,3,6,-0.7,Jasmine Robinson,https://www.sports-reference.com/cbb/players/jasmine-robinson-3.html,troy,2021-22
6,123,6,2021-11-28,Troy,@,Duke,REG (Non-Conf),L 75-91,*,28,5,15,.333,0,2,.000,5,13,.385,.333,1,2,.500,0,3,3,5,2,0,3,2,11,4.7,Jasmine Robinson,https://www.sports-reference.com/cbb/players/jasmine-robinson-3.html,troy,2021-22
7,124,7,2021-12-01,Troy,,Samford,REG (Non-Conf),W 65-61,*,25,0,4,.000,0,2,.000,0,2,.000,.000,2,2,1.000,1,0,1,4,2,0,1,2,2,2.9,Jasmine Robinson,https://www.sports-reference.com/cbb/players/jasmine-robinson-3.html,troy,2021-22
8,125,8,2021-12-04,Troy,@,Wake Forest,REG (Non-Conf),L 61-90,*,15,1,4,.250,0,1,.000,1,3,.333,.250,0,0,,0,1,1,2,1,0,2,3,2,-0.9,Jasmine Robinson,https://www.sports-reference.com/cbb/players/jasmine-robinson-3.html,troy,2021-22
9,126,9,2021-12-08,Troy,@,Tulane,REG (Non-Conf),L 84-91,,16,0,4,.000,0,1,.000,0,3,.000,.000,0,0,,0,0,0,2,1,0,1,5,0,-3.4,Jasmine Robinson,https://www.sports-reference.com/cbb/players/jasmine-robinson-3.html,troy,2021-22
10,127,10,2021-12-11,Troy,,Middle Tennessee,REG (Non-Conf),W 77-76,,21,1,3,.333,0,2,.000,1,1,1.000,.333,2,2,1.000,0,2,2,2,0,0,5,2,4,-1.5,Jasmine Robinson,https://www.sports-reference.com/cbb/players/jasmine-robinson-3.html,troy,2021-22
11,128,11,2021-12-15,Troy,,Ala.-Huntsville,REG (Non-Conf),W 107-57,,24,4,10,.400,0,4,.000,4,6,.667,.400,0,0,,0,1,1,9,3,0,4,1,8,7.8,Jasmine Robinson,https://www.sports-reference.com/cbb/players/jasmine-robinson-3.html,troy,2021-22
12,129,12,2021-12-18,Troy,@,Mississippi State,REG (Non-Conf),W 73-66,,22,3,7,.429,0,0,,3,7,.429,.429,2,5,.400,1,5,6,2,0,0,1,3,8,4.5,Jasmine Robinson,https://www.sports-reference.com/cbb/players/jasmine-robinson-3.html,troy,2021-22
13,130,13,2021-12-19,Troy,@,South Carolina State,REG (Non-Conf),W 94-51,,17,0,3,.000,0,2,.000,0,1,.000,.000,0,0,,0,0,0,5,0,0,1,2,0,-0.4,Jasmine Robinson,https://www.sports-reference.com/cbb/players/jasmine-robinson-3.html,troy,2021-22
14,131,14,2021-12-20,Troy,,Jackson State,REG (Non-Conf),W 99-82,,21,1,5,.200,0,0,,1,5,.200,.200,1,2,.500,1,1,2,3,1,1,2,3,3,1.1,Jasmine Robinson,https://www.sports-reference.com/cbb/players/jasmine-robinson-3.html,troy,2021-22
15,132,15,2021-12-30,Troy,,Coastal Carolina,REG (Conf),W 91-80,*,27,1,4,.250,0,0,,1,4,.250,.250,9,10,.900,0,1,1,4,4,0,5,2,11,9.5,Jasmine Robinson,https://www.sports-reference.com/cbb/players/jasmine-robinson-3.html,troy,2021-22
16,133,16,2022-01-06,Troy,@,Texas State,REG (Conf),W 96-73,*,33,3,4,.750,2,2,1.000,1,2,.500,1.000,2,2,1.000,0,2,2,7,0,0,2,1,10,11.5,Jasmine Robinson,https://www.sports-reference.com/cbb/players/jasmine-robinson-3.html,troy,2021-22
17,134,17,2022-01-08,Troy,@,UT Arlington,REG (Conf),W 59-48,*,29,1,7,.143,0,3,.000,1,4,.250,.143,7,8,.875,1,0,1,4,1,0,5,3,9,2.4,Jasmine Robinson,https://www.sports-reference.com/cbb/players/jasmine-robinson-3.html,troy,2021-22
18,135,18,2022-01-13,Troy,@,Louisiana,REG (Conf),L 83-92,*,22,1,5,.200,0,1,.000,1,4,.250,.200,2,2,1.000,2,3,5,6,1,0,1,5,4,5.4,Jasmine Robinson,https://www.sports-reference.com/cbb/players/jasmine-robinson-3.html,troy,2021-22
19,136,20,2022-01-20,Troy,,Little Rock,REG (Conf),L 66-68,,29,4,10,.400,1,2,.500,3,8,.375,.450,7,8,.875,1,3,4,4,1,0,2,4,16,12.0,Jasmine Robinson,https://www.sports-reference.com/cbb/players/jasmine-robinson-3.html,troy,2021-22
20,137,21,2022-01-22,Troy,,Arkansas State,REG (Conf),W 79-72,,28,2,8,.250,2,3,.667,0,5,.000,.375,3,4,.750,0,2,2,6,3,0,1,2,9,9.8,Jasmine Robinson,https://www.sports-reference.com/cbb/players/jasmine-robinson-3.html,troy,2021-22
21,138,22,2022-01-27,Troy,@,Georgia Southern,REG (Conf),W 78-72,*,24,5,15,.333,1,3,.333,4,12,.333,.367,5,8,.625,2,4,6,4,0,0,4,3,16,6.5,Jasmine Robinson,https://www.sports-reference.com/cbb/players/jasmine-robinson-3.html,troy,2021-22
22,139,23,2022-01-29,Troy,@,Georgia State,REG (Conf),W 60-56,*,29,3,10,.300,1,1,1.000,2,9,.222,.350,8,8,1.000,0,2,2,1,3,0,3,2,15,9.7,Jasmine Robinson,https://www.sports-reference.com/cbb/players/jasmine-robinson-3.html,troy,2021-22
23,140,24,2022-02-05,Troy,,South Alabama,REG (Conf),W 84-52,*,22,5,15,.333,0,3,.000,5,12,.417,.333,2,3,.667,1,2,3,5,2,0,2,1,12,7.5,Jasmine Robinson,https://www.sports-reference.com/cbb/players/jasmine-robinson-3.html,troy,2021-22
24,141,25,2022-02-12,Troy,@,South Alabama,REG (Conf),W 80-60,*,23,4,16,.250,0,5,.000,4,11,.364,.250,2,2,1.000,1,2,3,2,0,1,1,0,10,2.8,Jasmine Robinson,https://www.sports-reference.com/cbb/players/jasmine-robinson-3.html,troy,2021-22
25,142,26,2022-02-17,Troy,,Georgia State,REG (Conf),W 67-56,*,26,5,14,.357,0,2,.000,5,12,.417,.357,5,5,1.000,0,2,2,4,3,0,2,3,15,10.4,Jasmine Robinson,https://www.sports-reference.com/cbb/players/jasmine-robinson-3.html,troy,2021-22
26,143,27,2022-02-19,Troy,,Georgia Southern,REG (Conf),W 82-70,*,28,1,11,.091,0,1,.000,1,10,.100,.091,6,6,1.000,0,4,4,4,1,0,2,1,8,3.3,Jasmine Robinson,https://www.sports-reference.com/cbb/players/jasmine-robinson-3.html,troy,2021-22
27,144,28,2022-02-24,Troy,@,Appalachian State,REG (Conf),W 89-56,*,25,3,8,.375,0,2,.000,3,6,.500,.375,2,2,1.000,0,3,3,3,0,0,1,3,8,4.4,Jasmine Robinson,https://www.sports-reference.com/cbb/players/jasmine-robinson-3.html,troy,2021-22
28,145,29,2022-02-26,Troy,@,Coastal Carolina,REG (Conf),W 71-58,*,26,2,10,.200,0,3,.000,2,7,.286,.200,4,4,1.000,1,1,2,1,1,0,3,2,8,0.7,Jasmine Robinson,https://www.sports-reference.com/cbb/players/jasmine-robinson-3.html,troy,2021-22
29,146,30,2022-03-04,Troy,,Coastal Carolina,CTOURN,W 99-77,*,18,2,7,.286,0,2,.000,2,5,.400,.286,3,3,1.000,0,1,1,4,0,0,3,3,7,1.8,Jasmine Robinson,https://www.sports-reference.com/cbb/players/jasmine-robinson-3.html,troy,2021-22
30,147,31,2022-03-06,Troy,,Little Rock,CTOURN,W 62-59,*,23,4,8,.500,0,1,.000,4,7,.571,.500,1,2,.500,2,1,3,1,0,0,3,1,9,3.6,Jasmine Robinson,https://www.sports-reference.com/cbb/players/jasmine-robinson-3.html,troy,2021-22
31,148,32,2022-03-07,Troy,,UT Arlington,CTOURN,L 61-76,*,25,2,13,.154,0,3,.000,2,10,.200,.154,0,0,,0,2,2,1,1,0,2,2,4,-4.8,Jasmine Robinson,https://www.sports-reference.com/cbb/players/jasmine-robinson-3.html,troy,2021-22
32,149,33,2022-03-17,Troy,,Alabama,WNIT,L 79-82,*,27,4,13,.308,2,6,.333,2,7,.286,.385,0,0,,1,2,3,5,1,0,3,2,10,4.5,Jasmine Robinson,https://www.sports-reference.com/cbb/players/jasmine-robinson-3.html,troy,2021-22
