ranker,player_game_num_career,team_game_num_season,date,team_name_abbr,game_location,opp_name_abbr,game_type,game_result,is_starter,mp,fg,fga,fg_pct,fg3,fg3a,fg3_pct,fg2,fg2a,fg2_pct,efg_pct,ft,fta,orb,drb,trb,ast,stl,blk,tov,pf,pts,game_score,player_name,player_sr_link,school,season
1,27,19,2022-01-15,Troy,,Louisiana–Monroe,REG (Conf),W 89-57,,5,0,3,.000,0,1,.000,0,2,.000,.000,0,0,0,0,0,1,0,0,0,1,0,-1.8,Jelissa Reese,https://www.sports-reference.com/cbb/players/jelissa-reese-1.html,troy,2021-22
2,28,24,2022-02-05,Troy,,South Alabama,REG (Conf),W 84-52,,7,0,4,.000,0,0,,0,4,.000,.000,0,0,2,1,3,1,0,0,1,0,0,-1.4,Jelissa Reese,https://www.sports-reference.com/cbb/players/jelissa-reese-1.html,troy,2021-22
3,29,25,2022-02-12,Troy,@,South Alabama,REG (Conf),W 80-60,,8,0,4,.000,0,0,,0,4,.000,.000,0,0,4,0,4,0,1,0,0,2,0,0.2,Jelissa Reese,https://www.sports-reference.com/cbb/players/jelissa-reese-1.html,troy,2021-22
4,30,28,2022-02-24,Troy,@,Appalachian State,REG (Conf),W 89-56,,4,0,0,,0,0,,0,0,,,0,0,0,0,0,0,0,0,2,0,0,-2.0,Jelissa Reese,https://www.sports-reference.com/cbb/players/jelissa-reese-1.html,troy,2021-22
5,31,29,2022-02-26,Troy,@,Coastal Carolina,REG (Conf),W 71-58,,1,0,0,,0,0,,0,0,,,0,0,0,0,0,0,0,0,1,1,0,-1.4,Jelissa Reese,https://www.sports-reference.com/cbb/players/jelissa-reese-1.html,troy,2021-22
6,32,30,2022-03-04,Troy,,Coastal Carolina,CTOURN,W 99-77,,1,1,2,.500,0,0,,1,2,.500,.500,0,0,0,0,0,0,0,0,0,1,2,0.6,Jelissa Reese,https://www.sports-reference.com/cbb/players/jelissa-reese-1.html,troy,2021-22
