ranker,player_game_num_career,team_game_num_season,date,team_name_abbr,game_location,opp_name_abbr,game_type,game_result,is_starter,mp,fg,fga,fg_pct,fg3,fg3a,fg3_pct,fg2,fg2a,fg2_pct,efg_pct,ft,fta,ft_pct,orb,drb,trb,ast,stl,blk,tov,pf,pts,game_score,player_name,player_sr_link,school,season
1,46,3,2021-11-15,Troy,@,Mercer,REG (Non-Conf),L 66-75,,16,2,6,.333,0,1,.000,2,5,.400,.333,3,4,.750,2,4,6,0,1,1,2,4,7,3.9,Jhileiya Dunlap,https://www.sports-reference.com/cbb/players/jhileiya-dunlap-1.html,troy,2021-22
2,47,4,2021-11-18,Troy,,Bethune-Cookman,REG (Non-Conf),W 84-58,*,16,3,6,.500,0,0,,3,6,.500,.500,0,0,,1,3,4,1,0,3,0,5,6,5.4,Jhileiya Dunlap,https://www.sports-reference.com/cbb/players/jhileiya-dunlap-1.html,troy,2021-22
3,48,5,2021-11-23,Troy,@,Missouri,REG (Non-Conf),L 63-76,,17,3,9,.333,2,5,.400,1,4,.250,.444,0,0,,1,7,8,0,0,3,3,4,8,3.2,Jhileiya Dunlap,https://www.sports-reference.com/cbb/players/jhileiya-dunlap-1.html,troy,2021-22
4,49,6,2021-11-28,Troy,@,Duke,REG (Non-Conf),L 75-91,*,17,1,6,.167,0,1,.000,1,5,.200,.167,1,2,.500,0,5,5,0,0,1,4,1,3,-3.4,Jhileiya Dunlap,https://www.sports-reference.com/cbb/players/jhileiya-dunlap-1.html,troy,2021-22
5,50,7,2021-12-01,Troy,,Samford,REG (Non-Conf),W 65-61,,13,1,6,.167,0,1,.000,1,5,.200,.167,2,2,1.000,2,5,7,2,0,3,1,2,4,4.8,Jhileiya Dunlap,https://www.sports-reference.com/cbb/players/jhileiya-dunlap-1.html,troy,2021-22
6,51,8,2021-12-04,Troy,@,Wake Forest,REG (Non-Conf),L 61-90,,14,3,6,.500,0,1,.000,3,5,.600,.500,1,1,1.000,1,1,2,1,0,3,0,4,7,6.2,Jhileiya Dunlap,https://www.sports-reference.com/cbb/players/jhileiya-dunlap-1.html,troy,2021-22
7,52,9,2021-12-08,Troy,@,Tulane,REG (Non-Conf),L 84-91,*,12,1,8,.125,1,3,.333,0,5,.000,.188,0,0,,2,1,3,0,1,0,0,1,3,0.1,Jhileiya Dunlap,https://www.sports-reference.com/cbb/players/jhileiya-dunlap-1.html,troy,2021-22
8,53,10,2021-12-11,Troy,,Middle Tennessee,REG (Non-Conf),W 77-76,,11,2,4,.500,0,1,.000,2,3,.667,.500,5,5,1.000,0,3,3,1,0,1,0,3,9,8.1,Jhileiya Dunlap,https://www.sports-reference.com/cbb/players/jhileiya-dunlap-1.html,troy,2021-22
9,54,11,2021-12-15,Troy,,Ala.-Huntsville,REG (Non-Conf),W 107-57,,17,3,6,.500,0,1,.000,3,5,.600,.500,0,0,,2,8,10,2,1,5,2,3,6,9.5,Jhileiya Dunlap,https://www.sports-reference.com/cbb/players/jhileiya-dunlap-1.html,troy,2021-22
10,55,12,2021-12-18,Troy,@,Mississippi State,REG (Non-Conf),W 73-66,,14,1,4,.250,0,1,.000,1,3,.333,.250,0,0,,0,3,3,0,1,1,1,1,2,0.8,Jhileiya Dunlap,https://www.sports-reference.com/cbb/players/jhileiya-dunlap-1.html,troy,2021-22
11,56,13,2021-12-19,Troy,@,South Carolina State,REG (Non-Conf),W 94-51,,24,5,9,.556,0,0,,5,9,.556,.556,2,2,1.000,0,3,3,2,4,3,1,3,12,13.9,Jhileiya Dunlap,https://www.sports-reference.com/cbb/players/jhileiya-dunlap-1.html,troy,2021-22
12,57,14,2021-12-20,Troy,,Jackson State,REG (Non-Conf),W 99-82,,2,0,2,.000,0,0,,0,2,.000,.000,0,0,,0,0,0,0,0,0,1,0,0,-2.4,Jhileiya Dunlap,https://www.sports-reference.com/cbb/players/jhileiya-dunlap-1.html,troy,2021-22
13,58,15,2021-12-30,Troy,,Coastal Carolina,REG (Conf),W 91-80,*,13,4,6,.667,1,2,.500,3,4,.750,.750,1,2,.500,2,2,4,1,0,1,4,3,10,5.2,Jhileiya Dunlap,https://www.sports-reference.com/cbb/players/jhileiya-dunlap-1.html,troy,2021-22
14,59,16,2022-01-06,Troy,@,Texas State,REG (Conf),W 96-73,*,25,5,14,.357,0,0,,5,14,.357,.357,0,0,,1,2,3,2,2,3,2,4,10,5.4,Jhileiya Dunlap,https://www.sports-reference.com/cbb/players/jhileiya-dunlap-1.html,troy,2021-22
15,60,17,2022-01-08,Troy,@,UT Arlington,REG (Conf),W 59-48,*,36,8,16,.500,0,1,.000,8,15,.533,.500,3,4,.750,4,11,15,3,1,6,3,3,19,19.8,Jhileiya Dunlap,https://www.sports-reference.com/cbb/players/jhileiya-dunlap-1.html,troy,2021-22
16,61,18,2022-01-13,Troy,@,Louisiana,REG (Conf),L 83-92,*,27,2,11,.182,0,0,,2,11,.182,.182,3,4,.750,5,9,14,1,1,2,3,4,7,4.4,Jhileiya Dunlap,https://www.sports-reference.com/cbb/players/jhileiya-dunlap-1.html,troy,2021-22
17,62,19,2022-01-15,Troy,,Louisiana–Monroe,REG (Conf),W 89-57,*,14,4,4,1.000,0,0,,4,4,1.000,1.000,4,6,.667,1,4,5,1,1,4,1,1,12,15.0,Jhileiya Dunlap,https://www.sports-reference.com/cbb/players/jhileiya-dunlap-1.html,troy,2021-22
18,63,20,2022-01-20,Troy,,Little Rock,REG (Conf),L 66-68,,15,2,6,.333,0,1,.000,2,5,.400,.333,0,0,,2,3,5,1,0,3,2,2,4,2.9,Jhileiya Dunlap,https://www.sports-reference.com/cbb/players/jhileiya-dunlap-1.html,troy,2021-22
19,64,21,2022-01-22,Troy,,Arkansas State,REG (Conf),W 79-72,,7,1,3,.333,0,0,,1,3,.333,.333,0,0,,1,0,1,0,1,0,1,1,2,0.6,Jhileiya Dunlap,https://www.sports-reference.com/cbb/players/jhileiya-dunlap-1.html,troy,2021-22
20,65,22,2022-01-27,Troy,@,Georgia Southern,REG (Conf),W 78-72,,8,3,6,.500,0,1,.000,3,5,.600,.500,0,0,,1,1,2,0,1,5,0,4,6,6.9,Jhileiya Dunlap,https://www.sports-reference.com/cbb/players/jhileiya-dunlap-1.html,troy,2021-22
21,66,23,2022-01-29,Troy,@,Georgia State,REG (Conf),W 60-56,,22,4,9,.444,0,1,.000,4,8,.500,.444,0,2,.000,3,3,6,0,3,4,3,2,8,7.5,Jhileiya Dunlap,https://www.sports-reference.com/cbb/players/jhileiya-dunlap-1.html,troy,2021-22
22,67,24,2022-02-05,Troy,,South Alabama,REG (Conf),W 84-52,,20,3,5,.600,0,0,,3,5,.600,.600,0,0,,0,4,4,3,0,2,1,2,6,6.6,Jhileiya Dunlap,https://www.sports-reference.com/cbb/players/jhileiya-dunlap-1.html,troy,2021-22
23,68,25,2022-02-12,Troy,@,South Alabama,REG (Conf),W 80-60,,11,2,6,.333,0,0,,2,6,.333,.333,0,0,,1,4,5,1,1,0,1,2,4,2.4,Jhileiya Dunlap,https://www.sports-reference.com/cbb/players/jhileiya-dunlap-1.html,troy,2021-22
24,69,26,2022-02-17,Troy,,Georgia State,REG (Conf),W 67-56,,4,0,1,.000,0,0,,0,1,.000,.000,0,0,,0,0,0,0,0,0,0,1,0,-1.1,Jhileiya Dunlap,https://www.sports-reference.com/cbb/players/jhileiya-dunlap-1.html,troy,2021-22
25,70,27,2022-02-19,Troy,,Georgia Southern,REG (Conf),W 82-70,,19,2,5,.400,0,1,.000,2,4,.500,.400,4,4,1.000,3,5,8,1,1,1,1,2,8,9.5,Jhileiya Dunlap,https://www.sports-reference.com/cbb/players/jhileiya-dunlap-1.html,troy,2021-22
26,71,28,2022-02-24,Troy,@,Appalachian State,REG (Conf),W 89-56,,13,1,5,.200,0,0,,1,5,.200,.200,0,0,,1,3,4,0,0,2,1,2,2,0.1,Jhileiya Dunlap,https://www.sports-reference.com/cbb/players/jhileiya-dunlap-1.html,troy,2021-22
27,72,29,2022-02-26,Troy,@,Coastal Carolina,REG (Conf),W 71-58,,18,2,7,.286,0,1,.000,2,6,.333,.286,0,0,,1,4,5,1,0,2,0,4,4,2.3,Jhileiya Dunlap,https://www.sports-reference.com/cbb/players/jhileiya-dunlap-1.html,troy,2021-22
28,73,30,2022-03-04,Troy,,Coastal Carolina,CTOURN,W 99-77,,13,9,12,.750,1,2,.500,8,10,.800,.792,1,2,.500,3,1,4,1,3,1,2,5,20,17.6,Jhileiya Dunlap,https://www.sports-reference.com/cbb/players/jhileiya-dunlap-1.html,troy,2021-22
29,74,31,2022-03-06,Troy,,Little Rock,CTOURN,W 62-59,,20,7,11,.636,1,1,1.000,6,10,.600,.682,3,4,.750,1,2,3,0,2,1,1,2,18,14.9,Jhileiya Dunlap,https://www.sports-reference.com/cbb/players/jhileiya-dunlap-1.html,troy,2021-22
30,75,32,2022-03-07,Troy,,UT Arlington,CTOURN,L 61-76,,10,4,5,.800,0,0,,4,5,.800,.800,0,0,,1,2,3,0,0,3,1,3,8,7.3,Jhileiya Dunlap,https://www.sports-reference.com/cbb/players/jhileiya-dunlap-1.html,troy,2021-22
31,76,33,2022-03-17,Troy,,Alabama,WNIT,L 79-82,,12,3,7,.429,0,1,.000,3,6,.500,.429,0,0,,1,2,3,1,0,3,2,3,6,3.2,Jhileiya Dunlap,https://www.sports-reference.com/cbb/players/jhileiya-dunlap-1.html,troy,2021-22
