ranker,player_game_num_career,team_game_num_season,date,team_name_abbr,game_location,opp_name_abbr,game_type,game_result,is_starter,mp,fg,fga,fg_pct,fg3,fg3a,fg3_pct,fg2,fg2a,fg2_pct,efg_pct,ft,fta,ft_pct,orb,drb,trb,ast,stl,blk,tov,pf,pts,game_score,player_name,player_sr_link,school,season
1,29,1,2021-11-09,Troy,,Talladega,REG (Non-Conf),W 101-81,,20,0,1,.000,0,1,.000,0,0,,.000,0,0,,1,3,4,4,3,0,4,2,0,1.9,Sharonica Hartsfield,https://www.sports-reference.com/cbb/players/sharonica-hartsfield-1.html,troy,2021-22
2,30,2,2021-11-11,Troy,,Florida A&M,REG (Non-Conf),W 79-50,,11,0,2,.000,0,1,.000,0,1,.000,.000,3,4,.750,0,0,0,1,1,0,2,2,3,0.1,Sharonica Hartsfield,https://www.sports-reference.com/cbb/players/sharonica-hartsfield-1.html,troy,2021-22
3,31,5,2021-11-23,Troy,@,Missouri,REG (Non-Conf),L 63-76,,12,2,3,.667,1,2,.500,1,1,1.000,.833,0,0,,0,2,2,3,2,0,0,1,5,8.0,Sharonica Hartsfield,https://www.sports-reference.com/cbb/players/sharonica-hartsfield-1.html,troy,2021-22
4,32,6,2021-11-28,Troy,@,Duke,REG (Non-Conf),L 75-91,,17,1,10,.100,0,1,.000,1,9,.111,.100,2,2,1.000,4,1,5,1,2,0,2,3,4,0.0,Sharonica Hartsfield,https://www.sports-reference.com/cbb/players/sharonica-hartsfield-1.html,troy,2021-22
5,33,7,2021-12-01,Troy,,Samford,REG (Non-Conf),W 65-61,*,27,3,9,.333,1,6,.167,2,3,.667,.389,0,0,,1,2,3,5,3,0,1,0,7,8.7,Sharonica Hartsfield,https://www.sports-reference.com/cbb/players/sharonica-hartsfield-1.html,troy,2021-22
6,34,8,2021-12-04,Troy,@,Wake Forest,REG (Non-Conf),L 61-90,*,30,0,7,.000,0,4,.000,0,3,.000,.000,0,0,,0,1,1,2,3,0,3,2,0,-4.0,Sharonica Hartsfield,https://www.sports-reference.com/cbb/players/sharonica-hartsfield-1.html,troy,2021-22
7,35,9,2021-12-08,Troy,@,Tulane,REG (Non-Conf),L 84-91,*,23,1,4,.250,1,2,.500,0,2,.000,.375,0,0,,2,1,3,8,0,0,2,2,3,5.1,Sharonica Hartsfield,https://www.sports-reference.com/cbb/players/sharonica-hartsfield-1.html,troy,2021-22
8,36,10,2021-12-11,Troy,,Middle Tennessee,REG (Non-Conf),W 77-76,*,22,1,3,.333,0,1,.000,1,2,.500,.333,1,2,.500,1,3,4,6,0,0,5,3,3,0.5,Sharonica Hartsfield,https://www.sports-reference.com/cbb/players/sharonica-hartsfield-1.html,troy,2021-22
9,37,11,2021-12-15,Troy,,Ala.-Huntsville,REG (Non-Conf),W 107-57,*,12,1,4,.250,0,2,.000,1,2,.500,.250,0,0,,1,0,1,4,2,0,2,2,2,2.3,Sharonica Hartsfield,https://www.sports-reference.com/cbb/players/sharonica-hartsfield-1.html,troy,2021-22
10,38,12,2021-12-18,Troy,@,Mississippi State,REG (Non-Conf),W 73-66,*,18,2,6,.333,0,1,.000,2,5,.400,.333,0,0,,1,1,2,0,0,0,0,0,4,1.6,Sharonica Hartsfield,https://www.sports-reference.com/cbb/players/sharonica-hartsfield-1.html,troy,2021-22
11,39,13,2021-12-19,Troy,@,South Carolina State,REG (Non-Conf),W 94-51,*,13,2,4,.500,0,0,,2,4,.500,.500,4,4,1.000,1,1,2,1,2,0,1,3,8,7.5,Sharonica Hartsfield,https://www.sports-reference.com/cbb/players/sharonica-hartsfield-1.html,troy,2021-22
12,40,14,2021-12-20,Troy,,Jackson State,REG (Non-Conf),W 99-82,*,28,4,7,.571,2,4,.500,2,3,.667,.714,7,8,.875,1,1,2,5,3,1,2,3,17,18.3,Sharonica Hartsfield,https://www.sports-reference.com/cbb/players/sharonica-hartsfield-1.html,troy,2021-22
13,41,17,2022-01-08,Troy,@,UT Arlington,REG (Conf),W 59-48,,23,1,5,.200,0,2,.000,1,3,.333,.200,2,2,1.000,1,2,3,2,1,0,2,1,4,2.2,Sharonica Hartsfield,https://www.sports-reference.com/cbb/players/sharonica-hartsfield-1.html,troy,2021-22
14,42,18,2022-01-13,Troy,@,Louisiana,REG (Conf),L 83-92,*,21,0,1,.000,0,0,,0,1,.000,.000,2,2,1.000,1,0,1,3,1,0,1,5,2,2.1,Sharonica Hartsfield,https://www.sports-reference.com/cbb/players/sharonica-hartsfield-1.html,troy,2021-22
15,43,19,2022-01-15,Troy,,Louisiana–Monroe,REG (Conf),W 89-57,*,28,4,5,.800,3,4,.750,1,1,1.000,1.100,2,3,.667,0,0,0,4,6,0,3,1,13,16.1,Sharonica Hartsfield,https://www.sports-reference.com/cbb/players/sharonica-hartsfield-1.html,troy,2021-22
16,44,20,2022-01-20,Troy,,Little Rock,REG (Conf),L 66-68,*,13,0,1,.000,0,1,.000,0,0,,.000,0,0,,0,1,1,3,2,0,4,2,0,-1.1,Sharonica Hartsfield,https://www.sports-reference.com/cbb/players/sharonica-hartsfield-1.html,troy,2021-22
17,45,21,2022-01-22,Troy,,Arkansas State,REG (Conf),W 79-72,*,12,1,3,.333,0,1,.000,1,2,.500,.333,1,2,.500,0,0,0,3,0,0,0,1,3,2.6,Sharonica Hartsfield,https://www.sports-reference.com/cbb/players/sharonica-hartsfield-1.html,troy,2021-22
18,46,22,2022-01-27,Troy,@,Georgia Southern,REG (Conf),W 78-72,,17,1,3,.333,1,3,.333,0,0,,.500,2,2,1.000,1,0,1,0,0,0,3,1,5,0.6,Sharonica Hartsfield,https://www.sports-reference.com/cbb/players/sharonica-hartsfield-1.html,troy,2021-22
19,47,23,2022-01-29,Troy,@,Georgia State,REG (Conf),W 60-56,,13,0,3,.000,0,2,.000,0,1,.000,.000,0,0,,1,0,1,1,1,0,3,1,0,-3.1,Sharonica Hartsfield,https://www.sports-reference.com/cbb/players/sharonica-hartsfield-1.html,troy,2021-22
20,48,24,2022-02-05,Troy,,South Alabama,REG (Conf),W 84-52,,17,2,5,.400,0,2,.000,2,3,.667,.400,1,2,.500,1,0,1,3,2,0,1,2,5,4.9,Sharonica Hartsfield,https://www.sports-reference.com/cbb/players/sharonica-hartsfield-1.html,troy,2021-22
21,49,25,2022-02-12,Troy,@,South Alabama,REG (Conf),W 80-60,,18,1,5,.200,0,2,.000,1,3,.333,.200,3,3,1.000,0,3,3,1,2,1,3,0,5,3.2,Sharonica Hartsfield,https://www.sports-reference.com/cbb/players/sharonica-hartsfield-1.html,troy,2021-22
22,50,26,2022-02-17,Troy,,Georgia State,REG (Conf),W 67-56,,16,1,3,.333,0,0,,1,3,.333,.333,1,2,.500,0,0,0,1,3,0,1,2,3,2.8,Sharonica Hartsfield,https://www.sports-reference.com/cbb/players/sharonica-hartsfield-1.html,troy,2021-22
23,51,27,2022-02-19,Troy,,Georgia Southern,REG (Conf),W 82-70,,14,1,7,.143,1,5,.200,0,2,.000,.214,1,2,.500,0,3,3,2,2,1,0,2,4,3.3,Sharonica Hartsfield,https://www.sports-reference.com/cbb/players/sharonica-hartsfield-1.html,troy,2021-22
24,52,28,2022-02-24,Troy,@,Appalachian State,REG (Conf),W 89-56,*,17,2,4,.500,2,2,1.000,0,2,.000,.750,0,0,,0,3,3,2,1,0,1,3,6,5.1,Sharonica Hartsfield,https://www.sports-reference.com/cbb/players/sharonica-hartsfield-1.html,troy,2021-22
25,53,29,2022-02-26,Troy,@,Coastal Carolina,REG (Conf),W 71-58,*,18,0,3,.000,0,2,.000,0,1,.000,.000,1,2,.500,1,0,1,3,1,2,1,3,1,1.5,Sharonica Hartsfield,https://www.sports-reference.com/cbb/players/sharonica-hartsfield-1.html,troy,2021-22
26,54,30,2022-03-04,Troy,,Coastal Carolina,CTOURN,W 99-77,,13,0,1,.000,0,0,,0,1,.000,.000,2,2,1.000,0,2,2,1,1,0,1,4,2,1.0,Sharonica Hartsfield,https://www.sports-reference.com/cbb/players/sharonica-hartsfield-1.html,troy,2021-22
27,55,31,2022-03-06,Troy,,Little Rock,CTOURN,W 62-59,,18,1,3,.333,0,1,.000,1,2,.500,.333,0,0,,0,1,1,3,2,0,3,0,2,1.7,Sharonica Hartsfield,https://www.sports-reference.com/cbb/players/sharonica-hartsfield-1.html,troy,2021-22
28,56,32,2022-03-07,Troy,,UT Arlington,CTOURN,L 61-76,,19,0,2,.000,0,0,,0,2,.000,.000,0,2,.000,1,1,2,3,3,0,1,3,0,1.7,Sharonica Hartsfield,https://www.sports-reference.com/cbb/players/sharonica-hartsfield-1.html,troy,2021-22
29,57,33,2022-03-17,Troy,,Alabama,WNIT,L 79-82,*,24,3,6,.500,1,4,.250,2,2,1.000,.583,0,2,.000,2,0,2,4,1,0,5,1,7,3.0,Sharonica Hartsfield,https://www.sports-reference.com/cbb/players/sharonica-hartsfield-1.html,troy,2021-22
