ranker,player_game_num_career,team_game_num_season,date,team_name_abbr,game_location,opp_name_abbr,game_type,game_result,is_starter,mp,fg,fga,fg_pct,fg3,fg3a,fg3_pct,fg2,fg2a,fg2_pct,efg_pct,ft,fta,ft_pct,orb,drb,trb,ast,stl,blk,tov,pf,pts,game_score,player_name,player_sr_link,school,season
1,44,1,2021-11-09,Troy,,Talladega,REG (Non-Conf),W 101-81,,22,6,9,.667,0,0,,6,9,.667,.667,4,7,.571,3,4,7,2,2,0,5,3,16,11.4,Tina Stephens,https://www.sports-reference.com/cbb/players/tina-stephens-1.html,troy,2021-22
2,45,2,2021-11-11,Troy,,Florida A&M,REG (Non-Conf),W 79-50,,21,3,9,.333,1,1,1.000,2,8,.250,.389,3,4,.750,4,3,7,2,4,1,3,2,10,10.5,Tina Stephens,https://www.sports-reference.com/cbb/players/tina-stephens-1.html,troy,2021-22
3,46,3,2021-11-15,Troy,@,Mercer,REG (Non-Conf),L 66-75,,12,0,3,.000,0,1,.000,0,2,.000,.000,2,2,1.000,2,1,3,0,3,0,2,2,2,1.8,Tina Stephens,https://www.sports-reference.com/cbb/players/tina-stephens-1.html,troy,2021-22
4,47,8,2021-12-04,Troy,@,Wake Forest,REG (Non-Conf),L 61-90,,2,0,0,,0,0,,0,0,,,0,0,,0,1,1,1,0,0,0,0,0,1.0,Tina Stephens,https://www.sports-reference.com/cbb/players/tina-stephens-1.html,troy,2021-22
5,48,9,2021-12-08,Troy,@,Tulane,REG (Non-Conf),L 84-91,,21,4,5,.800,0,0,,4,5,.800,.800,6,9,.667,0,1,1,0,0,0,2,1,14,8.8,Tina Stephens,https://www.sports-reference.com/cbb/players/tina-stephens-1.html,troy,2021-22
6,49,10,2021-12-11,Troy,,Middle Tennessee,REG (Non-Conf),W 77-76,*,29,3,8,.375,1,3,.333,2,5,.400,.438,5,6,.833,3,4,7,1,0,0,1,1,12,9.8,Tina Stephens,https://www.sports-reference.com/cbb/players/tina-stephens-1.html,troy,2021-22
7,50,11,2021-12-15,Troy,,Ala.-Huntsville,REG (Non-Conf),W 107-57,*,16,6,7,.857,0,0,,6,7,.857,.857,1,2,.500,4,0,4,0,1,0,3,3,13,9.7,Tina Stephens,https://www.sports-reference.com/cbb/players/tina-stephens-1.html,troy,2021-22
8,51,12,2021-12-18,Troy,@,Mississippi State,REG (Non-Conf),W 73-66,*,27,4,8,.500,0,1,.000,4,7,.571,.500,3,4,.750,3,8,11,0,0,0,3,2,11,7.3,Tina Stephens,https://www.sports-reference.com/cbb/players/tina-stephens-1.html,troy,2021-22
9,52,13,2021-12-19,Troy,@,South Carolina State,REG (Non-Conf),W 94-51,*,5,0,0,,0,0,,0,0,,,0,0,,0,0,0,0,0,0,1,0,0,-1.0,Tina Stephens,https://www.sports-reference.com/cbb/players/tina-stephens-1.html,troy,2021-22
10,53,14,2021-12-20,Troy,,Jackson State,REG (Non-Conf),W 99-82,*,33,3,12,.250,0,0,,3,12,.250,.250,4,4,1.000,4,4,8,3,4,2,2,2,10,11.5,Tina Stephens,https://www.sports-reference.com/cbb/players/tina-stephens-1.html,troy,2021-22
11,54,19,2022-01-15,Troy,,Louisiana–Monroe,REG (Conf),W 89-57,,18,5,11,.455,0,1,.000,5,10,.500,.455,3,4,.750,6,4,10,4,2,2,3,3,13,14.3,Tina Stephens,https://www.sports-reference.com/cbb/players/tina-stephens-1.html,troy,2021-22
12,55,20,2022-01-20,Troy,,Little Rock,REG (Conf),L 66-68,*,16,2,3,.667,0,1,.000,2,2,1.000,.667,2,2,1.000,2,3,5,2,2,0,3,3,6,6.2,Tina Stephens,https://www.sports-reference.com/cbb/players/tina-stephens-1.html,troy,2021-22
13,56,21,2022-01-22,Troy,,Arkansas State,REG (Conf),W 79-72,*,31,5,10,.500,1,1,1.000,4,9,.444,.550,2,2,1.000,1,5,6,4,2,0,1,3,13,12.8,Tina Stephens,https://www.sports-reference.com/cbb/players/tina-stephens-1.html,troy,2021-22
14,57,22,2022-01-27,Troy,@,Georgia Southern,REG (Conf),W 78-72,*,25,4,8,.500,0,2,.000,4,6,.667,.500,5,7,.714,3,4,7,0,2,1,1,1,13,12.8,Tina Stephens,https://www.sports-reference.com/cbb/players/tina-stephens-1.html,troy,2021-22
15,58,23,2022-01-29,Troy,@,Georgia State,REG (Conf),W 60-56,*,21,2,9,.222,0,0,,2,9,.222,.222,1,6,.167,1,2,3,2,0,0,1,1,5,-1.2,Tina Stephens,https://www.sports-reference.com/cbb/players/tina-stephens-1.html,troy,2021-22
16,59,24,2022-02-05,Troy,,South Alabama,REG (Conf),W 84-52,*,19,6,9,.667,0,0,,6,9,.667,.667,0,0,,4,4,8,0,0,0,1,0,12,11.1,Tina Stephens,https://www.sports-reference.com/cbb/players/tina-stephens-1.html,troy,2021-22
17,60,25,2022-02-12,Troy,@,South Alabama,REG (Conf),W 80-60,*,21,2,6,.333,1,1,1.000,1,5,.200,.417,0,2,.000,2,3,5,1,2,0,0,1,5,5.4,Tina Stephens,https://www.sports-reference.com/cbb/players/tina-stephens-1.html,troy,2021-22
18,61,26,2022-02-17,Troy,,Georgia State,REG (Conf),W 67-56,*,29,3,8,.375,0,0,,3,8,.375,.375,1,2,.500,4,8,12,1,1,0,3,1,7,5.7,Tina Stephens,https://www.sports-reference.com/cbb/players/tina-stephens-1.html,troy,2021-22
19,62,27,2022-02-19,Troy,,Georgia Southern,REG (Conf),W 82-70,*,27,6,14,.429,0,3,.000,6,11,.545,.429,2,2,1.000,6,6,12,3,2,0,2,3,14,13.5,Tina Stephens,https://www.sports-reference.com/cbb/players/tina-stephens-1.html,troy,2021-22
20,63,28,2022-02-24,Troy,@,Appalachian State,REG (Conf),W 89-56,*,22,3,6,.500,0,0,,3,6,.500,.500,5,6,.833,3,7,10,2,2,1,1,1,11,14.5,Tina Stephens,https://www.sports-reference.com/cbb/players/tina-stephens-1.html,troy,2021-22
21,64,29,2022-02-26,Troy,@,Coastal Carolina,REG (Conf),W 71-58,*,17,3,6,.500,0,2,.000,3,4,.750,.500,1,2,.500,2,4,6,0,2,0,2,3,7,5.0,Tina Stephens,https://www.sports-reference.com/cbb/players/tina-stephens-1.html,troy,2021-22
22,65,30,2022-03-04,Troy,,Coastal Carolina,CTOURN,W 99-77,*,21,4,6,.667,1,2,.500,3,4,.750,.750,5,5,1.000,2,2,4,2,1,0,3,2,14,12.0,Tina Stephens,https://www.sports-reference.com/cbb/players/tina-stephens-1.html,troy,2021-22
23,66,31,2022-03-06,Troy,,Little Rock,CTOURN,W 62-59,*,31,1,4,.250,0,1,.000,1,3,.333,.250,5,7,.714,1,9,10,3,1,0,4,4,7,4.7,Tina Stephens,https://www.sports-reference.com/cbb/players/tina-stephens-1.html,troy,2021-22
24,67,32,2022-03-07,Troy,,UT Arlington,CTOURN,L 61-76,*,30,2,9,.222,0,0,,2,9,.222,.222,6,6,1.000,7,7,14,1,5,1,5,2,10,12.1,Tina Stephens,https://www.sports-reference.com/cbb/players/tina-stephens-1.html,troy,2021-22
25,68,33,2022-03-17,Troy,,Alabama,WNIT,L 79-82,*,28,6,9,.667,1,2,.500,5,7,.714,.722,0,0,,0,6,6,0,0,0,2,2,13,8.1,Tina Stephens,https://www.sports-reference.com/cbb/players/tina-stephens-1.html,troy,2021-22
