ranker,player_game_num_career,team_game_num_season,date,team_name_abbr,game_location,opp_name_abbr,game_type,game_result,is_starter,mp,fg,fga,fg_pct,fg3,fg3a,fg3_pct,fg2,fg2a,fg2_pct,efg_pct,ft,fta,ft_pct,orb,drb,trb,ast,stl,blk,tov,pf,pts,game_score,player_name,player_sr_link,school,season
1,58,1,2021-11-09,Troy,,Talladega,REG (Non-Conf),W 101-81,*,18,0,4,.000,0,3,.000,0,1,.000,.000,0,0,,1,2,3,3,0,1,1,0,0,0.3,Tiyah Johnson,https://www.sports-reference.com/cbb/players/tiyah-johnson-1.html,troy,2021-22
2,59,2,2021-11-11,Troy,,Florida A&M,REG (Non-Conf),W 79-50,,16,3,7,.429,1,3,.333,2,4,.500,.500,3,6,.500,0,2,2,1,1,0,0,1,10,7.0,Tiyah Johnson,https://www.sports-reference.com/cbb/players/tiyah-johnson-1.html,troy,2021-22
3,60,3,2021-11-15,Troy,@,Mercer,REG (Non-Conf),L 66-75,,19,2,7,.286,1,4,.250,1,3,.333,.357,0,0,,1,4,5,1,0,0,3,4,5,-1.1,Tiyah Johnson,https://www.sports-reference.com/cbb/players/tiyah-johnson-1.html,troy,2021-22
4,61,4,2021-11-18,Troy,,Bethune-Cookman,REG (Non-Conf),W 84-58,,16,3,9,.333,0,5,.000,3,4,.750,.333,4,6,.667,2,3,5,1,1,2,0,2,10,8.7,Tiyah Johnson,https://www.sports-reference.com/cbb/players/tiyah-johnson-1.html,troy,2021-22
5,62,5,2021-11-23,Troy,@,Missouri,REG (Non-Conf),L 63-76,*,33,5,10,.500,4,7,.571,1,3,.333,.700,5,7,.714,0,0,0,2,1,0,0,5,19,13.6,Tiyah Johnson,https://www.sports-reference.com/cbb/players/tiyah-johnson-1.html,troy,2021-22
6,63,6,2021-11-28,Troy,@,Duke,REG (Non-Conf),L 75-91,*,27,4,10,.400,3,4,.750,1,6,.167,.550,2,2,1.000,0,2,2,0,1,0,1,2,13,7.4,Tiyah Johnson,https://www.sports-reference.com/cbb/players/tiyah-johnson-1.html,troy,2021-22
7,64,7,2021-12-01,Troy,,Samford,REG (Non-Conf),W 65-61,*,27,3,12,.250,0,8,.000,3,4,.750,.250,8,10,.800,7,3,10,2,0,0,4,1,14,8.8,Tiyah Johnson,https://www.sports-reference.com/cbb/players/tiyah-johnson-1.html,troy,2021-22
8,65,8,2021-12-04,Troy,@,Wake Forest,REG (Non-Conf),L 61-90,*,35,3,10,.300,2,6,.333,1,4,.250,.400,0,0,,4,6,10,1,0,0,0,3,8,6.3,Tiyah Johnson,https://www.sports-reference.com/cbb/players/tiyah-johnson-1.html,troy,2021-22
9,66,9,2021-12-08,Troy,@,Tulane,REG (Non-Conf),L 84-91,*,28,5,11,.455,2,6,.333,3,5,.600,.545,0,2,.000,0,6,6,3,2,0,0,4,12,9.8,Tiyah Johnson,https://www.sports-reference.com/cbb/players/tiyah-johnson-1.html,troy,2021-22
10,67,10,2021-12-11,Troy,,Middle Tennessee,REG (Non-Conf),W 77-76,*,28,4,8,.500,3,4,.750,1,4,.250,.688,2,2,1.000,0,4,4,0,0,0,3,0,13,7.2,Tiyah Johnson,https://www.sports-reference.com/cbb/players/tiyah-johnson-1.html,troy,2021-22
11,68,11,2021-12-15,Troy,,Ala.-Huntsville,REG (Non-Conf),W 107-57,*,11,2,5,.400,2,4,.500,0,1,.000,.600,0,0,,0,1,1,2,0,0,1,1,6,3.6,Tiyah Johnson,https://www.sports-reference.com/cbb/players/tiyah-johnson-1.html,troy,2021-22
12,69,12,2021-12-18,Troy,@,Mississippi State,REG (Non-Conf),W 73-66,*,26,0,4,.000,0,4,.000,0,0,,.000,8,9,.889,0,2,2,2,1,0,0,3,8,6.6,Tiyah Johnson,https://www.sports-reference.com/cbb/players/tiyah-johnson-1.html,troy,2021-22
13,70,13,2021-12-19,Troy,@,South Carolina State,REG (Non-Conf),W 94-51,*,13,2,7,.286,1,2,.500,1,5,.200,.357,0,0,,1,1,2,1,2,0,0,1,5,4.2,Tiyah Johnson,https://www.sports-reference.com/cbb/players/tiyah-johnson-1.html,troy,2021-22
14,71,14,2021-12-20,Troy,,Jackson State,REG (Non-Conf),W 99-82,*,16,4,4,1.000,4,4,1.000,0,0,,1.500,0,0,,0,1,1,0,0,0,0,4,12,9.5,Tiyah Johnson,https://www.sports-reference.com/cbb/players/tiyah-johnson-1.html,troy,2021-22
15,72,15,2021-12-30,Troy,,Coastal Carolina,REG (Conf),W 91-80,*,28,5,9,.556,4,7,.571,1,2,.500,.778,0,0,,2,1,3,3,1,1,2,5,14,11.2,Tiyah Johnson,https://www.sports-reference.com/cbb/players/tiyah-johnson-1.html,troy,2021-22
16,73,16,2022-01-06,Troy,@,Texas State,REG (Conf),W 96-73,*,35,11,18,.611,3,9,.333,8,9,.889,.694,0,0,,2,7,9,3,5,0,3,1,25,24.0,Tiyah Johnson,https://www.sports-reference.com/cbb/players/tiyah-johnson-1.html,troy,2021-22
17,74,17,2022-01-08,Troy,@,UT Arlington,REG (Conf),W 59-48,*,32,0,10,.000,0,3,.000,0,7,.000,.000,0,0,,2,5,7,1,1,0,3,0,0,-5.4,Tiyah Johnson,https://www.sports-reference.com/cbb/players/tiyah-johnson-1.html,troy,2021-22
18,75,18,2022-01-13,Troy,@,Louisiana,REG (Conf),L 83-92,*,34,4,10,.400,3,6,.500,1,4,.250,.550,1,1,1.000,2,4,6,3,1,2,2,5,12,9.7,Tiyah Johnson,https://www.sports-reference.com/cbb/players/tiyah-johnson-1.html,troy,2021-22
19,76,19,2022-01-15,Troy,,Louisiana–Monroe,REG (Conf),W 89-57,*,18,3,8,.375,2,3,.667,1,5,.200,.500,3,4,.750,0,3,3,1,0,0,0,1,11,7.4,Tiyah Johnson,https://www.sports-reference.com/cbb/players/tiyah-johnson-1.html,troy,2021-22
20,77,20,2022-01-20,Troy,,Little Rock,REG (Conf),L 66-68,*,20,2,5,.400,0,0,,2,5,.400,.400,3,3,1.000,0,2,2,1,1,0,2,3,7,3.4,Tiyah Johnson,https://www.sports-reference.com/cbb/players/tiyah-johnson-1.html,troy,2021-22
21,78,21,2022-01-22,Troy,,Arkansas State,REG (Conf),W 79-72,*,31,2,9,.222,1,5,.200,1,4,.250,.278,2,2,1.000,1,3,4,1,1,0,4,3,7,-0.4,Tiyah Johnson,https://www.sports-reference.com/cbb/players/tiyah-johnson-1.html,troy,2021-22
22,79,22,2022-01-27,Troy,@,Georgia Southern,REG (Conf),W 78-72,*,22,2,7,.286,1,5,.200,1,2,.500,.357,2,2,1.000,0,3,3,0,0,0,0,1,7,3.4,Tiyah Johnson,https://www.sports-reference.com/cbb/players/tiyah-johnson-1.html,troy,2021-22
23,80,23,2022-01-29,Troy,@,Georgia State,REG (Conf),W 60-56,*,27,3,11,.273,0,4,.000,3,7,.429,.273,1,1,1.000,0,6,6,4,1,0,0,1,7,5.7,Tiyah Johnson,https://www.sports-reference.com/cbb/players/tiyah-johnson-1.html,troy,2021-22
24,81,24,2022-02-05,Troy,,South Alabama,REG (Conf),W 84-52,*,19,1,7,.143,1,3,.333,0,4,.000,.214,0,0,,1,6,7,1,1,1,0,2,3,2.6,Tiyah Johnson,https://www.sports-reference.com/cbb/players/tiyah-johnson-1.html,troy,2021-22
25,82,25,2022-02-12,Troy,@,South Alabama,REG (Conf),W 80-60,*,18,4,9,.444,3,5,.600,1,4,.250,.611,0,0,,0,1,1,1,2,0,0,1,11,8.9,Tiyah Johnson,https://www.sports-reference.com/cbb/players/tiyah-johnson-1.html,troy,2021-22
26,83,26,2022-02-17,Troy,,Georgia State,REG (Conf),W 67-56,*,11,0,2,.000,0,1,.000,0,1,.000,.000,0,0,,0,1,1,0,0,0,0,1,0,-1.5,Tiyah Johnson,https://www.sports-reference.com/cbb/players/tiyah-johnson-1.html,troy,2021-22
27,84,27,2022-02-19,Troy,,Georgia Southern,REG (Conf),W 82-70,,15,3,9,.333,1,3,.333,2,6,.333,.389,1,1,1.000,1,0,1,0,0,0,1,4,8,1.0,Tiyah Johnson,https://www.sports-reference.com/cbb/players/tiyah-johnson-1.html,troy,2021-22
28,85,28,2022-02-24,Troy,@,Appalachian State,REG (Conf),W 89-56,,21,3,6,.500,2,4,.500,1,2,.500,.667,2,2,1.000,4,4,8,3,1,0,2,1,10,11.7,Tiyah Johnson,https://www.sports-reference.com/cbb/players/tiyah-johnson-1.html,troy,2021-22
29,86,29,2022-02-26,Troy,@,Coastal Carolina,REG (Conf),W 71-58,,17,2,6,.333,1,5,.200,1,1,1.000,.417,0,0,,1,2,3,1,1,0,0,0,5,4.6,Tiyah Johnson,https://www.sports-reference.com/cbb/players/tiyah-johnson-1.html,troy,2021-22
30,87,30,2022-03-04,Troy,,Coastal Carolina,CTOURN,W 99-77,,17,1,5,.200,1,4,.250,0,1,.000,.300,1,2,.500,0,1,1,1,0,0,4,2,4,-3.3,Tiyah Johnson,https://www.sports-reference.com/cbb/players/tiyah-johnson-1.html,troy,2021-22
31,88,31,2022-03-06,Troy,,Little Rock,CTOURN,W 62-59,,9,0,0,,0,0,,0,0,,,0,0,,0,0,0,0,1,0,1,1,0,-0.4,Tiyah Johnson,https://www.sports-reference.com/cbb/players/tiyah-johnson-1.html,troy,2021-22
32,89,32,2022-03-07,Troy,,UT Arlington,CTOURN,L 61-76,,21,3,10,.300,2,5,.400,1,5,.200,.400,3,4,.750,2,1,3,1,1,0,0,5,11,6.2,Tiyah Johnson,https://www.sports-reference.com/cbb/players/tiyah-johnson-1.html,troy,2021-22
33,90,33,2022-03-17,Troy,,Alabama,WNIT,L 79-82,,21,5,10,.500,2,7,.286,3,3,1.000,.600,1,2,.500,3,5,8,1,0,0,0,2,13,11.1,Tiyah Johnson,https://www.sports-reference.com/cbb/players/tiyah-johnson-1.html,troy,2021-22
