ranker,player_game_num_career,team_game_num_season,date,team_name_abbr,game_location,opp_name_abbr,game_type,game_result,is_starter,mp,fg,fga,fg_pct,fg3,fg3a,fg3_pct,fg2,fg2a,fg2_pct,efg_pct,ft,fta,ft_pct,orb,drb,trb,ast,stl,blk,tov,pf,pts,game_score,player_name,player_sr_link,school,season
1,18,1,2021-11-09,Troy,,Talladega,REG (Non-Conf),W 101-81,,13,1,2,.500,1,1,1.000,0,1,.000,.750,1,2,.500,0,0,0,0,2,0,1,1,4,3.2,Za'Nautica Downs,https://www.sports-reference.com/cbb/players/zanautica-downs-1.html,troy,2021-22
2,19,2,2021-11-11,Troy,,Florida A&M,REG (Non-Conf),W 79-50,*,16,1,6,.167,1,4,.250,0,2,.000,.250,0,0,,1,0,1,2,1,0,1,4,3,-0.3,Za'Nautica Downs,https://www.sports-reference.com/cbb/players/zanautica-downs-1.html,troy,2021-22
3,20,3,2021-11-15,Troy,@,Mercer,REG (Non-Conf),L 66-75,,11,1,3,.333,0,1,.000,1,2,.500,.333,5,6,.833,1,0,1,0,0,0,1,3,7,3.4,Za'Nautica Downs,https://www.sports-reference.com/cbb/players/zanautica-downs-1.html,troy,2021-22
4,21,4,2021-11-18,Troy,,Bethune-Cookman,REG (Non-Conf),W 84-58,,20,1,7,.143,0,4,.000,1,3,.333,.143,4,4,1.000,1,1,2,1,0,0,2,1,6,0.8,Za'Nautica Downs,https://www.sports-reference.com/cbb/players/zanautica-downs-1.html,troy,2021-22
5,22,5,2021-11-23,Troy,@,Missouri,REG (Non-Conf),L 63-76,,13,2,6,.333,0,2,.000,2,4,.500,.333,0,0,,3,1,4,1,0,0,1,2,4,1.9,Za'Nautica Downs,https://www.sports-reference.com/cbb/players/zanautica-downs-1.html,troy,2021-22
6,23,6,2021-11-28,Troy,@,Duke,REG (Non-Conf),L 75-91,,14,3,6,.500,0,0,,3,6,.500,.500,1,4,.250,2,0,2,0,1,0,0,0,7,5.2,Za'Nautica Downs,https://www.sports-reference.com/cbb/players/zanautica-downs-1.html,troy,2021-22
7,24,7,2021-12-01,Troy,,Samford,REG (Non-Conf),W 65-61,,8,1,3,.333,1,2,.500,0,1,.000,.500,0,0,,1,1,2,0,0,0,1,1,3,0.9,Za'Nautica Downs,https://www.sports-reference.com/cbb/players/zanautica-downs-1.html,troy,2021-22
8,25,8,2021-12-04,Troy,@,Wake Forest,REG (Non-Conf),L 61-90,,6,0,2,.000,0,1,.000,0,1,.000,.000,0,0,,0,0,0,0,0,0,1,0,0,-2.4,Za'Nautica Downs,https://www.sports-reference.com/cbb/players/zanautica-downs-1.html,troy,2021-22
9,26,9,2021-12-08,Troy,@,Tulane,REG (Non-Conf),L 84-91,,19,5,12,.417,1,5,.200,4,7,.571,.458,6,6,1.000,0,1,1,1,2,2,2,4,17,11.4,Za'Nautica Downs,https://www.sports-reference.com/cbb/players/zanautica-downs-1.html,troy,2021-22
10,27,10,2021-12-11,Troy,,Middle Tennessee,REG (Non-Conf),W 77-76,,8,1,1,1.000,1,1,1.000,0,0,,1.500,0,0,,0,2,2,0,0,0,1,1,3,1.9,Za'Nautica Downs,https://www.sports-reference.com/cbb/players/zanautica-downs-1.html,troy,2021-22
11,28,11,2021-12-15,Troy,,Ala.-Huntsville,REG (Non-Conf),W 107-57,,21,3,8,.375,2,4,.500,1,4,.250,.500,0,0,,2,2,4,0,2,0,1,2,8,5.8,Za'Nautica Downs,https://www.sports-reference.com/cbb/players/zanautica-downs-1.html,troy,2021-22
12,29,12,2021-12-18,Troy,@,Mississippi State,REG (Non-Conf),W 73-66,,3,0,1,.000,0,1,.000,0,0,,.000,0,0,,0,1,1,0,0,0,0,0,0,-0.4,Za'Nautica Downs,https://www.sports-reference.com/cbb/players/zanautica-downs-1.html,troy,2021-22
13,30,13,2021-12-19,Troy,@,South Carolina State,REG (Non-Conf),W 94-51,,23,4,12,.333,0,5,.000,4,7,.571,.333,4,4,1.000,2,2,4,4,3,1,1,3,12,11.5,Za'Nautica Downs,https://www.sports-reference.com/cbb/players/zanautica-downs-1.html,troy,2021-22
14,31,14,2021-12-20,Troy,,Jackson State,REG (Non-Conf),W 99-82,,19,4,13,.308,2,6,.333,2,7,.286,.385,7,8,.875,1,3,4,2,0,0,1,3,17,9.9,Za'Nautica Downs,https://www.sports-reference.com/cbb/players/zanautica-downs-1.html,troy,2021-22
15,32,15,2021-12-30,Troy,,Coastal Carolina,REG (Conf),W 91-80,,25,4,13,.308,0,3,.000,4,10,.400,.308,6,8,.750,1,3,4,4,1,1,1,2,14,10.0,Za'Nautica Downs,https://www.sports-reference.com/cbb/players/zanautica-downs-1.html,troy,2021-22
16,33,18,2022-01-13,Troy,@,Louisiana,REG (Conf),L 83-92,,19,4,9,.444,2,5,.400,2,4,.500,.556,3,5,.600,0,2,2,0,1,0,0,4,13,7.5,Za'Nautica Downs,https://www.sports-reference.com/cbb/players/zanautica-downs-1.html,troy,2021-22
17,34,19,2022-01-15,Troy,,Louisiana–Monroe,REG (Conf),W 89-57,,21,2,7,.286,1,5,.200,1,2,.500,.357,0,0,,1,0,1,2,0,0,3,4,5,-1.6,Za'Nautica Downs,https://www.sports-reference.com/cbb/players/zanautica-downs-1.html,troy,2021-22
18,35,20,2022-01-20,Troy,,Little Rock,REG (Conf),L 66-68,,13,0,4,.000,0,2,.000,0,2,.000,.000,0,0,,0,1,1,0,0,0,1,0,0,-3.5,Za'Nautica Downs,https://www.sports-reference.com/cbb/players/zanautica-downs-1.html,troy,2021-22
19,36,21,2022-01-22,Troy,,Arkansas State,REG (Conf),W 79-72,,8,1,2,.500,1,2,.500,0,0,,.750,0,0,,0,0,0,0,0,0,0,1,3,1.6,Za'Nautica Downs,https://www.sports-reference.com/cbb/players/zanautica-downs-1.html,troy,2021-22
20,37,22,2022-01-27,Troy,@,Georgia Southern,REG (Conf),W 78-72,,13,1,6,.167,0,2,.000,1,4,.250,.167,2,2,1.000,0,2,2,1,1,2,1,1,4,2.5,Za'Nautica Downs,https://www.sports-reference.com/cbb/players/zanautica-downs-1.html,troy,2021-22
21,38,23,2022-01-29,Troy,@,Georgia State,REG (Conf),W 60-56,,8,0,2,.000,0,2,.000,0,0,,.000,0,0,,0,1,1,0,0,0,0,0,0,-1.1,Za'Nautica Downs,https://www.sports-reference.com/cbb/players/zanautica-downs-1.html,troy,2021-22
22,39,24,2022-02-05,Troy,,South Alabama,REG (Conf),W 84-52,,7,0,3,.000,0,3,.000,0,0,,.000,0,0,,0,1,1,2,0,0,1,3,0,-2.6,Za'Nautica Downs,https://www.sports-reference.com/cbb/players/zanautica-downs-1.html,troy,2021-22
23,40,25,2022-02-12,Troy,@,South Alabama,REG (Conf),W 80-60,,19,6,12,.500,0,2,.000,6,10,.600,.500,2,3,.667,1,1,2,0,1,0,3,1,14,6.2,Za'Nautica Downs,https://www.sports-reference.com/cbb/players/zanautica-downs-1.html,troy,2021-22
24,41,26,2022-02-17,Troy,,Georgia State,REG (Conf),W 67-56,,5,0,3,.000,0,1,.000,0,2,.000,.000,0,0,,1,0,1,0,0,0,0,0,0,-1.4,Za'Nautica Downs,https://www.sports-reference.com/cbb/players/zanautica-downs-1.html,troy,2021-22
25,42,27,2022-02-19,Troy,,Georgia Southern,REG (Conf),W 82-70,,7,3,4,.750,1,1,1.000,2,3,.667,.875,0,0,,0,0,0,0,0,0,0,0,7,5.4,Za'Nautica Downs,https://www.sports-reference.com/cbb/players/zanautica-downs-1.html,troy,2021-22
26,43,28,2022-02-24,Troy,@,Appalachian State,REG (Conf),W 89-56,,11,0,2,.000,0,0,,0,2,.000,.000,1,3,.333,0,2,2,3,0,0,2,4,1,-2.1,Za'Nautica Downs,https://www.sports-reference.com/cbb/players/zanautica-downs-1.html,troy,2021-22
27,44,29,2022-02-26,Troy,@,Coastal Carolina,REG (Conf),W 71-58,,9,3,6,.500,1,2,.500,2,4,.500,.583,0,0,,1,1,2,0,0,0,0,0,7,5.0,Za'Nautica Downs,https://www.sports-reference.com/cbb/players/zanautica-downs-1.html,troy,2021-22
28,45,30,2022-03-04,Troy,,Coastal Carolina,CTOURN,W 99-77,,22,2,9,.222,1,4,.250,1,5,.200,.278,4,5,.800,0,3,3,1,2,0,0,1,9,6.3,Za'Nautica Downs,https://www.sports-reference.com/cbb/players/zanautica-downs-1.html,troy,2021-22
29,46,31,2022-03-06,Troy,,Little Rock,CTOURN,W 62-59,,7,1,3,.333,0,2,.000,1,1,1.000,.333,0,0,,0,0,0,0,0,0,0,0,2,0.3,Za'Nautica Downs,https://www.sports-reference.com/cbb/players/zanautica-downs-1.html,troy,2021-22
30,47,32,2022-03-07,Troy,,UT Arlington,CTOURN,L 61-76,,6,0,1,.000,0,1,.000,0,0,,.000,0,0,,0,0,0,0,0,0,0,2,0,-1.5,Za'Nautica Downs,https://www.sports-reference.com/cbb/players/zanautica-downs-1.html,troy,2021-22
31,48,33,2022-03-17,Troy,,Alabama,WNIT,L 79-82,,4,0,2,.000,0,1,.000,0,1,.000,.000,0,0,,0,0,0,0,0,0,0,2,0,-2.2,Za'Nautica Downs,https://www.sports-reference.com/cbb/players/zanautica-downs-1.html,troy,2021-22
