ranker,player_game_num_career,team_game_num_season,date,team_name_abbr,game_location,opp_name_abbr,game_type,game_result,is_starter,mp,fg,fga,fg_pct,fg3,fg3a,fg3_pct,fg2,fg2a,fg2_pct,efg_pct,ft,fta,ft_pct,orb,drb,trb,ast,stl,blk,tov,pf,pts,game_score,player_name,player_sr_link,school,season
1,29,1,2020-11-25,Georgia Tech,,Georgia State,REG (Non-Conf),W 62-38,,18,1,5,.200,0,0,,1,5,.200,.200,0,0,,2,3,5,2,0,0,1,3,2,0.4,Aixa Wone Aranaz,https://www.sports-reference.com/cbb/players/aixa-wone-aranaz-1.html,georgia-tech,2020-21
2,30,2,2020-11-29,Georgia Tech,,Georgia,REG (Non-Conf),L 69-75 (OT),,26,1,6,.167,0,2,.000,1,4,.250,.167,3,4,.750,0,5,5,2,0,0,1,2,5,1.9,Aixa Wone Aranaz,https://www.sports-reference.com/cbb/players/aixa-wone-aranaz-1.html,georgia-tech,2020-21
3,31,3,2020-12-03,Georgia Tech,,Tulane,REG (Non-Conf),W 55-51,,20,1,2,.500,0,0,,1,2,.500,.500,0,0,,2,2,4,1,0,0,0,2,2,2.9,Aixa Wone Aranaz,https://www.sports-reference.com/cbb/players/aixa-wone-aranaz-1.html,georgia-tech,2020-21
4,32,4,2020-12-09,Georgia Tech,,Boston College,REG (Conf),W 86-68,*,26,1,4,.250,0,0,,1,4,.250,.250,0,0,,2,0,2,2,1,0,1,1,2,2.0,Aixa Wone Aranaz,https://www.sports-reference.com/cbb/players/aixa-wone-aranaz-1.html,georgia-tech,2020-21
5,33,5,2020-12-13,Georgia Tech,@,Notre Dame,REG (Conf),W 82-67,*,23,2,4,.500,0,0,,2,4,.500,.500,1,1,1.000,0,1,1,2,1,0,1,0,5,4.7,Aixa Wone Aranaz,https://www.sports-reference.com/cbb/players/aixa-wone-aranaz-1.html,georgia-tech,2020-21
6,34,6,2020-12-31,Georgia Tech,,NC State,REG (Conf),L 75-84,*,15,0,2,.000,0,0,,0,2,.000,.000,0,0,,0,0,0,2,0,1,0,3,0,-0.5,Aixa Wone Aranaz,https://www.sports-reference.com/cbb/players/aixa-wone-aranaz-1.html,georgia-tech,2020-21
7,35,7,2021-01-03,Georgia Tech,@,Notre Dame,REG (Conf),L 67-69,,14,2,2,1.000,0,0,,2,2,1.000,1.000,0,0,,3,1,4,1,0,0,0,0,4,6.5,Aixa Wone Aranaz,https://www.sports-reference.com/cbb/players/aixa-wone-aranaz-1.html,georgia-tech,2020-21
8,36,8,2021-01-07,Georgia Tech,@,Clemson,REG (Conf),W 67-55,*,8,0,2,.000,0,0,,0,2,.000,.000,0,0,,0,0,0,1,0,0,0,1,0,-1.1,Aixa Wone Aranaz,https://www.sports-reference.com/cbb/players/aixa-wone-aranaz-1.html,georgia-tech,2020-21
