ranker,player_game_num_career,team_game_num_season,date,team_name_abbr,game_location,opp_name_abbr,game_type,game_result,is_starter,mp,fg,fga,fg_pct,fg3,fg3a,fg3_pct,fg2,fg2a,fg2_pct,efg_pct,ft,fta,ft_pct,orb,drb,trb,ast,stl,blk,tov,pf,pts,game_score,player_name,player_sr_link,school,season
1,1,3,2020-12-03,Georgia Tech,,Tulane,REG (Non-Conf),W 55-51,,2,0,1,.000,0,0,,0,1,.000,.000,0,0,,0,1,1,0,1,0,1,1,0,-0.8,Anaya Boyd,https://www.sports-reference.com/cbb/players/anaya-boyd-1.html,georgia-tech,2020-21
2,2,8,2021-01-07,Georgia Tech,@,Clemson,REG (Conf),W 67-55,,1,0,1,.000,0,0,,0,1,.000,.000,0,0,,0,0,0,0,0,0,0,0,0,-0.7,Anaya Boyd,https://www.sports-reference.com/cbb/players/anaya-boyd-1.html,georgia-tech,2020-21
3,3,9,2021-01-10,Georgia Tech,,Virginia Tech,REG (Conf),W 56-54,,5,0,2,.000,0,1,.000,0,1,.000,.000,0,0,,0,1,1,2,0,1,2,2,0,-1.8,Anaya Boyd,https://www.sports-reference.com/cbb/players/anaya-boyd-1.html,georgia-tech,2020-21
4,4,10,2021-01-21,Georgia Tech,@,Wake Forest,REG (Conf),W 73-44,,9,1,2,.500,0,1,.000,1,1,1.000,.500,0,0,,0,1,1,0,0,0,1,2,2,-0.5,Anaya Boyd,https://www.sports-reference.com/cbb/players/anaya-boyd-1.html,georgia-tech,2020-21
5,5,12,2021-01-28,Georgia Tech,@,Miami (FL),REG (Conf),W 70-56,,14,2,7,.286,1,5,.200,1,2,.500,.357,0,0,,0,2,2,0,0,0,1,1,5,0.1,Anaya Boyd,https://www.sports-reference.com/cbb/players/anaya-boyd-1.html,georgia-tech,2020-21
6,6,13,2021-02-02,Georgia Tech,,Syracuse,REG (Conf),W 76-63,,13,1,3,.333,1,2,.500,0,1,.000,.500,0,0,,0,2,2,0,1,0,1,0,3,1.9,Anaya Boyd,https://www.sports-reference.com/cbb/players/anaya-boyd-1.html,georgia-tech,2020-21
7,7,14,2021-02-04,Georgia Tech,,Clemson,REG (Conf),W 71-69,,11,2,5,.400,0,2,.000,2,3,.667,.400,1,3,.333,1,1,2,2,2,0,1,2,5,4.1,Anaya Boyd,https://www.sports-reference.com/cbb/players/anaya-boyd-1.html,georgia-tech,2020-21
8,8,15,2021-02-07,Georgia Tech,,Wake Forest,REG (Conf),L 52-61,,9,0,2,.000,0,1,.000,0,1,.000,.000,0,0,,0,0,0,0,0,0,0,0,0,-1.4,Anaya Boyd,https://www.sports-reference.com/cbb/players/anaya-boyd-1.html,georgia-tech,2020-21
9,9,16,2021-02-11,Georgia Tech,@,Louisville,REG (Conf),L 70-85,,23,4,10,.400,0,4,.000,4,6,.667,.400,0,0,,1,4,5,2,2,0,0,3,8,6.7,Anaya Boyd,https://www.sports-reference.com/cbb/players/anaya-boyd-1.html,georgia-tech,2020-21
10,10,17,2021-02-16,Georgia Tech,,Miami (FL),REG (Conf),W 67-56,,2,0,0,,0,0,,0,0,,,0,0,,0,0,0,0,0,0,1,0,0,-1.0,Anaya Boyd,https://www.sports-reference.com/cbb/players/anaya-boyd-1.html,georgia-tech,2020-21
11,11,18,2021-02-18,Georgia Tech,@,Florida State,REG (Conf),W 62-48,,10,2,2,1.000,0,0,,2,2,1.000,1.000,0,2,.000,0,0,0,0,0,0,0,0,4,2.6,Anaya Boyd,https://www.sports-reference.com/cbb/players/anaya-boyd-1.html,georgia-tech,2020-21
12,12,19,2021-02-21,Georgia Tech,@,Boston College,REG (Conf),L 43-49,,4,0,1,.000,0,0,,0,1,.000,.000,0,0,,0,1,1,1,0,0,0,1,0,-0.1,Anaya Boyd,https://www.sports-reference.com/cbb/players/anaya-boyd-1.html,georgia-tech,2020-21
13,13,20,2021-02-25,Georgia Tech,@,North Carolina,REG (Conf),L 59-84,,15,0,4,.000,0,2,.000,0,2,.000,.000,3,4,.750,1,2,3,0,2,0,1,1,3,1.7,Anaya Boyd,https://www.sports-reference.com/cbb/players/anaya-boyd-1.html,georgia-tech,2020-21
14,14,21,2021-02-28,Georgia Tech,,Pittsburgh,REG (Conf),W 65-60,,7,0,4,.000,0,2,.000,0,2,.000,.000,0,0,,0,1,1,1,0,0,0,1,0,-2.2,Anaya Boyd,https://www.sports-reference.com/cbb/players/anaya-boyd-1.html,georgia-tech,2020-21
15,15,22,2021-03-05,Georgia Tech,,Clemson,CTOURN,W 60-57,,2,0,2,.000,0,0,,0,2,.000,.000,0,0,,0,0,0,0,0,0,0,0,0,-1.4,Anaya Boyd,https://www.sports-reference.com/cbb/players/anaya-boyd-1.html,georgia-tech,2020-21
16,16,23,2021-03-06,Georgia Tech,@,NC State,CTOURN,L 61-66,,8,1,2,.500,0,0,,1,2,.500,.500,0,0,,0,2,2,0,0,0,0,0,2,1.6,Anaya Boyd,https://www.sports-reference.com/cbb/players/anaya-boyd-1.html,georgia-tech,2020-21
17,17,24,2021-03-21,Georgia Tech,N,Stephen F. Austin,ROUND-64,W 54-52 (OT),,11,1,1,1.000,0,0,,1,1,1.000,1.000,2,3,.667,0,2,2,0,0,1,1,1,4,3.2,Anaya Boyd,https://www.sports-reference.com/cbb/players/anaya-boyd-1.html,georgia-tech,2020-21
18,18,25,2021-03-23,Georgia Tech,N,West Virginia,ROUND-32,W 73-56,,19,0,0,,0,0,,0,0,,,3,4,.750,1,2,3,2,1,0,0,0,3,6.3,Anaya Boyd,https://www.sports-reference.com/cbb/players/anaya-boyd-1.html,georgia-tech,2020-21
19,19,26,2021-03-28,Georgia Tech,N,South Carolina,ROUND-16,L 65-76,,16,1,4,.250,0,1,.000,1,3,.333,.250,1,1,1.000,0,1,1,0,0,0,0,2,3,0.1,Anaya Boyd,https://www.sports-reference.com/cbb/players/anaya-boyd-1.html,georgia-tech,2020-21
