ranker,player_game_num_career,team_game_num_season,date,team_name_abbr,game_location,opp_name_abbr,game_type,game_result,is_starter,mp,fg,fga,fg_pct,fg3,fg3a,fg3_pct,fg2,fg2a,fg2_pct,efg_pct,ft,fta,ft_pct,orb,drb,trb,ast,stl,blk,tov,pf,pts,game_score,player_name,player_sr_link,school,season
1,1,1,2020-11-25,Georgia Tech,,Georgia State,REG (Non-Conf),W 62-38,,14,0,3,.000,0,3,.000,0,0,,.000,4,6,.667,0,4,4,2,1,0,3,1,4,1.3,Avyonce Carter,https://www.sports-reference.com/cbb/players/avyonce-carter-1.html,georgia-tech,2020-21
2,2,4,2020-12-09,Georgia Tech,,Boston College,REG (Conf),W 86-68,,10,2,3,.667,1,2,.500,1,1,1.000,.833,2,2,1.000,0,0,0,0,0,0,3,1,7,2.3,Avyonce Carter,https://www.sports-reference.com/cbb/players/avyonce-carter-1.html,georgia-tech,2020-21
3,3,5,2020-12-13,Georgia Tech,@,Notre Dame,REG (Conf),W 82-67,,7,1,1,1.000,0,0,,1,1,1.000,1.000,0,0,,0,0,0,0,0,0,0,0,2,1.7,Avyonce Carter,https://www.sports-reference.com/cbb/players/avyonce-carter-1.html,georgia-tech,2020-21
4,4,6,2020-12-31,Georgia Tech,,NC State,REG (Conf),L 75-84,,14,3,10,.300,1,6,.167,2,4,.500,.350,0,1,.000,2,2,4,0,0,0,0,1,7,2.4,Avyonce Carter,https://www.sports-reference.com/cbb/players/avyonce-carter-1.html,georgia-tech,2020-21
5,5,9,2021-01-10,Georgia Tech,,Virginia Tech,REG (Conf),W 56-54,,1,0,0,,0,0,,0,0,,,0,0,,0,0,0,0,0,0,0,0,0,0.0,Avyonce Carter,https://www.sports-reference.com/cbb/players/avyonce-carter-1.html,georgia-tech,2020-21
6,6,10,2021-01-21,Georgia Tech,@,Wake Forest,REG (Conf),W 73-44,,8,0,0,,0,0,,0,0,,,1,2,.500,0,2,2,0,1,0,1,1,1,0.8,Avyonce Carter,https://www.sports-reference.com/cbb/players/avyonce-carter-1.html,georgia-tech,2020-21
7,7,12,2021-01-28,Georgia Tech,@,Miami (FL),REG (Conf),W 70-56,,5,0,0,,0,0,,0,0,,,0,0,,0,0,0,0,0,0,0,2,0,-0.8,Avyonce Carter,https://www.sports-reference.com/cbb/players/avyonce-carter-1.html,georgia-tech,2020-21
8,8,14,2021-02-04,Georgia Tech,,Clemson,REG (Conf),W 71-69,,6,1,3,.333,0,2,.000,1,1,1.000,.333,0,0,,0,0,0,0,0,0,0,0,2,0.3,Avyonce Carter,https://www.sports-reference.com/cbb/players/avyonce-carter-1.html,georgia-tech,2020-21
9,9,15,2021-02-07,Georgia Tech,,Wake Forest,REG (Conf),L 52-61,,8,1,3,.333,0,1,.000,1,2,.500,.333,0,0,,0,0,0,0,1,0,0,0,2,1.3,Avyonce Carter,https://www.sports-reference.com/cbb/players/avyonce-carter-1.html,georgia-tech,2020-21
10,10,16,2021-02-11,Georgia Tech,@,Louisville,REG (Conf),L 70-85,,4,0,3,.000,0,0,,0,3,.000,.000,0,0,,1,1,2,0,0,0,0,1,0,-1.5,Avyonce Carter,https://www.sports-reference.com/cbb/players/avyonce-carter-1.html,georgia-tech,2020-21
11,11,17,2021-02-16,Georgia Tech,,Miami (FL),REG (Conf),W 67-56,,4,1,3,.333,0,2,.000,1,1,1.000,.333,0,0,,1,0,1,0,1,0,0,2,2,1.2,Avyonce Carter,https://www.sports-reference.com/cbb/players/avyonce-carter-1.html,georgia-tech,2020-21
12,12,18,2021-02-18,Georgia Tech,@,Florida State,REG (Conf),W 62-48,,6,0,1,.000,0,1,.000,0,0,,.000,0,0,,0,1,1,0,0,0,0,1,0,-0.8,Avyonce Carter,https://www.sports-reference.com/cbb/players/avyonce-carter-1.html,georgia-tech,2020-21
13,13,19,2021-02-21,Georgia Tech,@,Boston College,REG (Conf),L 43-49,,1,0,0,,0,0,,0,0,,,0,0,,0,0,0,0,0,0,0,0,0,0.0,Avyonce Carter,https://www.sports-reference.com/cbb/players/avyonce-carter-1.html,georgia-tech,2020-21
14,14,20,2021-02-25,Georgia Tech,@,North Carolina,REG (Conf),L 59-84,,11,0,2,.000,0,2,.000,0,0,,.000,2,2,1.000,1,1,2,0,0,0,2,1,2,-0.8,Avyonce Carter,https://www.sports-reference.com/cbb/players/avyonce-carter-1.html,georgia-tech,2020-21
15,15,25,2021-03-23,Georgia Tech,N,West Virginia,ROUND-32,W 73-56,,1,0,1,.000,0,1,.000,0,0,,.000,0,0,,0,0,0,0,0,0,0,0,0,-0.7,Avyonce Carter,https://www.sports-reference.com/cbb/players/avyonce-carter-1.html,georgia-tech,2020-21
