ranker,player_game_num_career,team_game_num_season,date,team_name_abbr,game_location,opp_name_abbr,game_type,game_result,is_starter,mp,fg,fga,fg_pct,fg3,fg3a,fg3_pct,fg2,fg2a,fg2_pct,efg_pct,ft,fta,ft_pct,orb,drb,trb,ast,stl,blk,tov,pf,pts,game_score,player_name,player_sr_link,school,season
1,1,1,2020-11-25,Georgia Tech,,Georgia State,REG (Non-Conf),W 62-38,,20,1,5,.200,0,0,,1,5,.200,.200,2,4,.500,3,5,8,0,0,1,3,1,4,1.0,Eylia Love,https://www.sports-reference.com/cbb/players/eylia-love-1.html,georgia-tech,2020-21
2,2,2,2020-11-29,Georgia Tech,,Georgia,REG (Non-Conf),L 69-75 (OT),,29,2,4,.500,0,0,,2,4,.500,.500,3,4,.750,2,2,4,0,1,0,2,3,7,4.4,Eylia Love,https://www.sports-reference.com/cbb/players/eylia-love-1.html,georgia-tech,2020-21
3,3,3,2020-12-03,Georgia Tech,,Tulane,REG (Non-Conf),W 55-51,,21,3,5,.600,2,2,1.000,1,3,.333,.800,2,2,1.000,1,3,4,0,1,0,2,4,10,6.7,Eylia Love,https://www.sports-reference.com/cbb/players/eylia-love-1.html,georgia-tech,2020-21
4,4,4,2020-12-09,Georgia Tech,,Boston College,REG (Conf),W 86-68,,23,3,3,1.000,0,0,,3,3,1.000,1.000,4,6,.667,2,3,5,0,0,0,0,4,10,9.0,Eylia Love,https://www.sports-reference.com/cbb/players/eylia-love-1.html,georgia-tech,2020-21
5,5,5,2020-12-13,Georgia Tech,@,Notre Dame,REG (Conf),W 82-67,,35,4,9,.444,1,1,1.000,3,8,.375,.500,2,2,1.000,0,8,8,0,3,0,3,2,11,7.9,Eylia Love,https://www.sports-reference.com/cbb/players/eylia-love-1.html,georgia-tech,2020-21
6,6,6,2020-12-31,Georgia Tech,,NC State,REG (Conf),L 75-84,*,27,0,6,.000,0,2,.000,0,4,.000,.000,0,0,,1,2,3,0,0,0,1,3,0,-5.1,Eylia Love,https://www.sports-reference.com/cbb/players/eylia-love-1.html,georgia-tech,2020-21
7,7,7,2021-01-03,Georgia Tech,@,Notre Dame,REG (Conf),L 67-69,*,9,1,3,.333,0,1,.000,1,2,.500,.333,1,1,1.000,0,0,0,0,0,0,1,1,3,-0.1,Eylia Love,https://www.sports-reference.com/cbb/players/eylia-love-1.html,georgia-tech,2020-21
8,8,8,2021-01-07,Georgia Tech,@,Clemson,REG (Conf),W 67-55,,27,5,8,.625,1,1,1.000,4,7,.571,.688,1,1,1.000,3,0,3,1,0,0,0,3,12,10.0,Eylia Love,https://www.sports-reference.com/cbb/players/eylia-love-1.html,georgia-tech,2020-21
9,9,9,2021-01-10,Georgia Tech,,Virginia Tech,REG (Conf),W 56-54,,10,0,1,.000,0,1,.000,0,0,,.000,0,0,,0,3,3,0,2,0,1,0,0,1.2,Eylia Love,https://www.sports-reference.com/cbb/players/eylia-love-1.html,georgia-tech,2020-21
10,10,10,2021-01-21,Georgia Tech,@,Wake Forest,REG (Conf),W 73-44,,7,0,2,.000,0,2,.000,0,0,,.000,2,2,1.000,0,0,0,0,0,0,1,3,2,-1.6,Eylia Love,https://www.sports-reference.com/cbb/players/eylia-love-1.html,georgia-tech,2020-21
11,11,11,2021-01-24,Georgia Tech,,Florida State,REG (Conf),W 66-58,,15,1,1,1.000,0,0,,1,1,1.000,1.000,0,0,,1,3,4,0,0,0,1,0,2,2.3,Eylia Love,https://www.sports-reference.com/cbb/players/eylia-love-1.html,georgia-tech,2020-21
12,12,12,2021-01-28,Georgia Tech,@,Miami (FL),REG (Conf),W 70-56,,14,4,5,.800,0,0,,4,5,.800,.800,0,0,,2,2,4,0,0,0,0,4,8,6.5,Eylia Love,https://www.sports-reference.com/cbb/players/eylia-love-1.html,georgia-tech,2020-21
13,13,13,2021-02-02,Georgia Tech,,Syracuse,REG (Conf),W 76-63,,29,4,8,.500,0,1,.000,4,7,.571,.500,6,7,.857,0,5,5,1,1,0,1,2,14,11.0,Eylia Love,https://www.sports-reference.com/cbb/players/eylia-love-1.html,georgia-tech,2020-21
14,14,14,2021-02-04,Georgia Tech,,Clemson,REG (Conf),W 71-69,,9,0,1,.000,0,0,,0,1,.000,.000,1,2,.500,0,0,0,0,0,0,1,4,1,-2.7,Eylia Love,https://www.sports-reference.com/cbb/players/eylia-love-1.html,georgia-tech,2020-21
15,15,15,2021-02-07,Georgia Tech,,Wake Forest,REG (Conf),L 52-61,,27,2,4,.500,0,0,,2,4,.500,.500,0,0,,0,3,3,2,1,0,2,1,4,2.9,Eylia Love,https://www.sports-reference.com/cbb/players/eylia-love-1.html,georgia-tech,2020-21
16,16,16,2021-02-11,Georgia Tech,@,Louisville,REG (Conf),L 70-85,,19,3,9,.333,0,1,.000,3,8,.375,.333,0,1,.000,1,2,3,1,0,0,1,1,6,1.1,Eylia Love,https://www.sports-reference.com/cbb/players/eylia-love-1.html,georgia-tech,2020-21
17,17,17,2021-02-16,Georgia Tech,,Miami (FL),REG (Conf),W 67-56,,27,3,7,.429,0,0,,3,7,.429,.429,0,0,,6,3,9,1,2,0,2,3,6,6.9,Eylia Love,https://www.sports-reference.com/cbb/players/eylia-love-1.html,georgia-tech,2020-21
18,18,18,2021-02-18,Georgia Tech,@,Florida State,REG (Conf),W 62-48,,19,1,1,1.000,0,0,,1,1,1.000,1.000,2,3,.667,0,2,2,0,1,0,0,4,4,3.3,Eylia Love,https://www.sports-reference.com/cbb/players/eylia-love-1.html,georgia-tech,2020-21
19,19,19,2021-02-21,Georgia Tech,@,Boston College,REG (Conf),L 43-49,,16,0,1,.000,0,1,.000,0,0,,.000,1,2,.500,0,2,2,1,0,0,2,2,1,-1.6,Eylia Love,https://www.sports-reference.com/cbb/players/eylia-love-1.html,georgia-tech,2020-21
20,20,20,2021-02-25,Georgia Tech,@,North Carolina,REG (Conf),L 59-84,,24,1,5,.200,0,1,.000,1,4,.250,.200,0,0,,0,3,3,0,3,0,2,3,2,-0.4,Eylia Love,https://www.sports-reference.com/cbb/players/eylia-love-1.html,georgia-tech,2020-21
21,21,21,2021-02-28,Georgia Tech,,Pittsburgh,REG (Conf),W 65-60,,13,0,1,.000,0,0,,0,1,.000,.000,0,0,,1,1,2,1,0,0,0,0,0,1.0,Eylia Love,https://www.sports-reference.com/cbb/players/eylia-love-1.html,georgia-tech,2020-21
22,22,22,2021-03-05,Georgia Tech,,Clemson,CTOURN,W 60-57,,4,0,0,,0,0,,0,0,,,0,0,,0,0,0,0,0,0,1,0,0,-1.0,Eylia Love,https://www.sports-reference.com/cbb/players/eylia-love-1.html,georgia-tech,2020-21
23,23,23,2021-03-06,Georgia Tech,@,NC State,CTOURN,L 61-66,,21,2,5,.400,0,0,,2,5,.400,.400,1,1,1.000,1,0,1,0,0,0,1,2,5,1.2,Eylia Love,https://www.sports-reference.com/cbb/players/eylia-love-1.html,georgia-tech,2020-21
24,24,24,2021-03-21,Georgia Tech,N,Stephen F. Austin,ROUND-64,W 54-52 (OT),,20,0,1,.000,0,0,,0,1,.000,.000,0,0,,0,4,4,1,0,0,0,4,0,-0.4,Eylia Love,https://www.sports-reference.com/cbb/players/eylia-love-1.html,georgia-tech,2020-21
25,25,25,2021-03-23,Georgia Tech,N,West Virginia,ROUND-32,W 73-56,,25,3,5,.600,0,0,,3,5,.600,.600,0,0,,2,0,2,0,2,0,0,1,6,6.7,Eylia Love,https://www.sports-reference.com/cbb/players/eylia-love-1.html,georgia-tech,2020-21
26,26,26,2021-03-28,Georgia Tech,N,South Carolina,ROUND-16,L 65-76,,6,0,0,,0,0,,0,0,,,0,0,,0,0,0,0,0,0,0,0,0,0.0,Eylia Love,https://www.sports-reference.com/cbb/players/eylia-love-1.html,georgia-tech,2020-21
