ranker,player_game_num_career,team_game_num_season,date,team_name_abbr,game_location,opp_name_abbr,game_type,game_result,is_starter,mp,fg,fga,fg_pct,fg3,fg3a,fg3_pct,fg2,fg2a,fg2_pct,efg_pct,ft,fta,ft_pct,orb,drb,trb,ast,stl,blk,tov,pf,pts,game_score,player_name,player_sr_link,school,season
1,93,6,2020-12-31,Georgia Tech,,NC State,REG (Conf),L 75-84,,18,3,9,.333,2,3,.667,1,6,.167,.444,2,2,1.000,1,2,3,2,0,0,0,3,10,6.4,Kierra Fletcher,https://www.sports-reference.com/cbb/players/kierra-fletcher-1.html,georgia-tech,2020-21
2,94,7,2021-01-03,Georgia Tech,@,Notre Dame,REG (Conf),L 67-69,,32,6,11,.545,3,4,.750,3,7,.429,.682,4,5,.800,1,6,7,4,2,3,1,3,19,20.5,Kierra Fletcher,https://www.sports-reference.com/cbb/players/kierra-fletcher-1.html,georgia-tech,2020-21
3,95,8,2021-01-07,Georgia Tech,@,Clemson,REG (Conf),W 67-55,*,28,6,15,.400,1,2,.500,5,13,.385,.433,0,1,.000,3,0,3,3,1,0,2,3,13,6.5,Kierra Fletcher,https://www.sports-reference.com/cbb/players/kierra-fletcher-1.html,georgia-tech,2020-21
4,96,9,2021-01-10,Georgia Tech,,Virginia Tech,REG (Conf),W 56-54,*,39,3,11,.273,1,2,.500,2,9,.222,.318,7,9,.778,2,3,5,4,0,0,1,0,14,10.8,Kierra Fletcher,https://www.sports-reference.com/cbb/players/kierra-fletcher-1.html,georgia-tech,2020-21
5,97,10,2021-01-21,Georgia Tech,@,Wake Forest,REG (Conf),W 73-44,*,32,3,8,.375,0,1,.000,3,7,.429,.375,0,0,,2,4,6,1,2,1,1,0,6,6.6,Kierra Fletcher,https://www.sports-reference.com/cbb/players/kierra-fletcher-1.html,georgia-tech,2020-21
6,98,11,2021-01-24,Georgia Tech,,Florida State,REG (Conf),W 66-58,*,37,8,15,.533,1,4,.250,7,11,.636,.567,1,1,1.000,2,5,7,4,0,0,1,3,18,14.2,Kierra Fletcher,https://www.sports-reference.com/cbb/players/kierra-fletcher-1.html,georgia-tech,2020-21
7,99,12,2021-01-28,Georgia Tech,@,Miami (FL),REG (Conf),W 70-56,*,37,4,12,.333,2,5,.400,2,7,.286,.417,2,2,1.000,1,4,5,8,0,0,1,1,12,11.3,Kierra Fletcher,https://www.sports-reference.com/cbb/players/kierra-fletcher-1.html,georgia-tech,2020-21
8,100,13,2021-02-02,Georgia Tech,,Syracuse,REG (Conf),W 76-63,*,38,6,11,.545,1,3,.333,5,8,.625,.591,5,6,.833,2,6,8,5,2,0,1,1,18,19.6,Kierra Fletcher,https://www.sports-reference.com/cbb/players/kierra-fletcher-1.html,georgia-tech,2020-21
9,101,14,2021-02-04,Georgia Tech,,Clemson,REG (Conf),W 71-69,*,34,3,9,.333,0,2,.000,3,7,.429,.333,2,2,1.000,1,5,6,3,2,1,3,3,8,5.7,Kierra Fletcher,https://www.sports-reference.com/cbb/players/kierra-fletcher-1.html,georgia-tech,2020-21
10,102,15,2021-02-07,Georgia Tech,,Wake Forest,REG (Conf),L 52-61,*,38,2,11,.182,1,5,.200,1,6,.167,.227,1,2,.500,1,1,2,5,0,0,1,3,6,1.0,Kierra Fletcher,https://www.sports-reference.com/cbb/players/kierra-fletcher-1.html,georgia-tech,2020-21
11,103,16,2021-02-11,Georgia Tech,@,Louisville,REG (Conf),L 70-85,*,40,5,11,.455,1,1,1.000,4,10,.400,.500,8,8,1.000,0,8,8,3,1,0,3,3,19,14.6,Kierra Fletcher,https://www.sports-reference.com/cbb/players/kierra-fletcher-1.html,georgia-tech,2020-21
12,104,17,2021-02-16,Georgia Tech,,Miami (FL),REG (Conf),W 67-56,*,38,6,12,.500,1,4,.250,5,8,.625,.542,2,2,1.000,1,4,5,3,0,1,2,0,15,11.7,Kierra Fletcher,https://www.sports-reference.com/cbb/players/kierra-fletcher-1.html,georgia-tech,2020-21
13,105,18,2021-02-18,Georgia Tech,@,Florida State,REG (Conf),W 62-48,*,35,3,7,.429,1,1,1.000,2,6,.333,.500,4,6,.667,1,4,5,5,0,0,3,3,11,7.7,Kierra Fletcher,https://www.sports-reference.com/cbb/players/kierra-fletcher-1.html,georgia-tech,2020-21
14,106,19,2021-02-21,Georgia Tech,@,Boston College,REG (Conf),L 43-49,*,27,2,8,.250,1,4,.250,1,4,.250,.313,0,0,,2,2,4,1,0,1,1,4,5,1.0,Kierra Fletcher,https://www.sports-reference.com/cbb/players/kierra-fletcher-1.html,georgia-tech,2020-21
15,107,20,2021-02-25,Georgia Tech,@,North Carolina,REG (Conf),L 59-84,*,33,3,9,.333,0,3,.000,3,6,.500,.333,0,0,,0,4,4,2,0,0,3,2,6,-0.3,Kierra Fletcher,https://www.sports-reference.com/cbb/players/kierra-fletcher-1.html,georgia-tech,2020-21
16,108,21,2021-02-28,Georgia Tech,,Pittsburgh,REG (Conf),W 65-60,*,38,6,13,.462,1,5,.200,5,8,.625,.500,8,10,.800,0,3,3,6,1,1,1,1,21,18.9,Kierra Fletcher,https://www.sports-reference.com/cbb/players/kierra-fletcher-1.html,georgia-tech,2020-21
17,109,22,2021-03-05,Georgia Tech,,Clemson,CTOURN,W 60-57,*,40,9,16,.563,1,3,.333,8,13,.615,.594,2,2,1.000,2,4,6,5,0,0,3,0,21,16.5,Kierra Fletcher,https://www.sports-reference.com/cbb/players/kierra-fletcher-1.html,georgia-tech,2020-21
18,110,23,2021-03-06,Georgia Tech,@,NC State,CTOURN,L 61-66,*,40,4,10,.400,2,4,.500,2,6,.333,.500,0,0,,3,4,7,4,2,0,1,2,10,10.9,Kierra Fletcher,https://www.sports-reference.com/cbb/players/kierra-fletcher-1.html,georgia-tech,2020-21
19,111,24,2021-03-21,Georgia Tech,N,Stephen F. Austin,ROUND-64,W 54-52 (OT),*,45,4,13,.308,1,4,.250,3,9,.333,.346,2,6,.333,5,4,9,3,0,1,1,2,11,7.6,Kierra Fletcher,https://www.sports-reference.com/cbb/players/kierra-fletcher-1.html,georgia-tech,2020-21
20,112,25,2021-03-23,Georgia Tech,N,West Virginia,ROUND-32,W 73-56,*,32,6,12,.500,1,2,.500,5,10,.500,.542,1,3,.333,2,4,6,4,1,2,3,3,14,10.8,Kierra Fletcher,https://www.sports-reference.com/cbb/players/kierra-fletcher-1.html,georgia-tech,2020-21
21,113,26,2021-03-28,Georgia Tech,N,South Carolina,ROUND-16,L 65-76,*,39,7,15,.467,1,2,.500,6,13,.462,.500,1,2,.500,3,4,7,3,3,0,2,0,16,14.3,Kierra Fletcher,https://www.sports-reference.com/cbb/players/kierra-fletcher-1.html,georgia-tech,2020-21
