ranker,player_game_num_career,team_game_num_season,date,team_name_abbr,game_location,opp_name_abbr,game_type,game_result,is_starter,mp,fg,fga,fg_pct,fg3,fg3a,fg3_pct,fg2,fg2a,fg2_pct,efg_pct,ft,fta,ft_pct,orb,drb,trb,ast,stl,blk,tov,pf,pts,game_score,player_name,player_sr_link,school,season
1,96,1,2020-11-25,Georgia Tech,,Georgia State,REG (Non-Conf),W 62-38,*,30,4,10,.400,0,2,.000,4,8,.500,.400,0,1,.000,1,13,14,4,2,4,2,2,8,11.6,Lorela Cubaj,https://www.sports-reference.com/cbb/players/lorela-cubaj-1.html,georgia-tech,2020-21
2,97,2,2020-11-29,Georgia Tech,,Georgia,REG (Non-Conf),L 69-75 (OT),*,37,8,20,.400,1,3,.333,7,17,.412,.425,3,5,.600,4,9,13,2,4,1,3,3,20,15.8,Lorela Cubaj,https://www.sports-reference.com/cbb/players/lorela-cubaj-1.html,georgia-tech,2020-21
3,98,3,2020-12-03,Georgia Tech,,Tulane,REG (Non-Conf),W 55-51,*,35,8,18,.444,0,0,,8,18,.444,.444,2,2,1.000,4,12,16,1,1,1,2,3,18,14.2,Lorela Cubaj,https://www.sports-reference.com/cbb/players/lorela-cubaj-1.html,georgia-tech,2020-21
4,99,4,2020-12-09,Georgia Tech,,Boston College,REG (Conf),W 86-68,*,31,5,11,.455,0,1,.000,5,10,.500,.455,6,8,.750,0,7,7,2,3,3,1,0,16,17.1,Lorela Cubaj,https://www.sports-reference.com/cbb/players/lorela-cubaj-1.html,georgia-tech,2020-21
5,100,5,2020-12-13,Georgia Tech,@,Notre Dame,REG (Conf),W 82-67,*,30,8,13,.615,0,0,,8,13,.615,.615,0,2,.000,5,8,13,3,0,3,4,4,16,13.8,Lorela Cubaj,https://www.sports-reference.com/cbb/players/lorela-cubaj-1.html,georgia-tech,2020-21
6,101,6,2020-12-31,Georgia Tech,,NC State,REG (Conf),L 75-84,*,26,5,12,.417,2,4,.500,3,8,.375,.500,3,4,.750,0,3,3,2,1,1,2,4,15,8.6,Lorela Cubaj,https://www.sports-reference.com/cbb/players/lorela-cubaj-1.html,georgia-tech,2020-21
7,102,7,2021-01-03,Georgia Tech,@,Notre Dame,REG (Conf),L 67-69,*,31,2,7,.286,0,1,.000,2,6,.333,.286,2,4,.500,4,4,8,3,2,0,3,3,6,5.0,Lorela Cubaj,https://www.sports-reference.com/cbb/players/lorela-cubaj-1.html,georgia-tech,2020-21
8,103,8,2021-01-07,Georgia Tech,@,Clemson,REG (Conf),W 67-55,*,37,5,10,.500,0,3,.000,5,7,.714,.500,4,11,.364,6,14,20,2,2,5,1,2,14,19.7,Lorela Cubaj,https://www.sports-reference.com/cbb/players/lorela-cubaj-1.html,georgia-tech,2020-21
9,104,9,2021-01-10,Georgia Tech,,Virginia Tech,REG (Conf),W 56-54,*,33,3,12,.250,0,0,,3,12,.250,.250,4,4,1.000,2,11,13,2,2,0,2,1,10,8.5,Lorela Cubaj,https://www.sports-reference.com/cbb/players/lorela-cubaj-1.html,georgia-tech,2020-21
10,105,10,2021-01-21,Georgia Tech,@,Wake Forest,REG (Conf),W 73-44,*,34,5,11,.455,0,0,,5,11,.455,.455,1,2,.500,4,11,15,5,1,0,1,2,11,13.7,Lorela Cubaj,https://www.sports-reference.com/cbb/players/lorela-cubaj-1.html,georgia-tech,2020-21
11,106,11,2021-01-24,Georgia Tech,,Florida State,REG (Conf),W 66-58,*,34,2,8,.250,0,2,.000,2,6,.333,.250,1,1,1.000,2,7,9,6,1,2,5,0,5,5.3,Lorela Cubaj,https://www.sports-reference.com/cbb/players/lorela-cubaj-1.html,georgia-tech,2020-21
12,107,12,2021-01-28,Georgia Tech,@,Miami (FL),REG (Conf),W 70-56,*,34,6,11,.545,0,2,.000,6,9,.667,.545,2,4,.500,3,11,14,2,2,0,2,3,14,13.5,Lorela Cubaj,https://www.sports-reference.com/cbb/players/lorela-cubaj-1.html,georgia-tech,2020-21
13,108,13,2021-02-02,Georgia Tech,,Syracuse,REG (Conf),W 76-63,*,34,9,14,.643,1,1,1.000,8,13,.615,.679,2,4,.500,6,3,9,2,2,1,2,4,21,19.6,Lorela Cubaj,https://www.sports-reference.com/cbb/players/lorela-cubaj-1.html,georgia-tech,2020-21
14,109,14,2021-02-04,Georgia Tech,,Clemson,REG (Conf),W 71-69,*,38,4,11,.364,0,1,.000,4,10,.400,.364,4,6,.667,2,10,12,5,0,1,0,1,12,13.3,Lorela Cubaj,https://www.sports-reference.com/cbb/players/lorela-cubaj-1.html,georgia-tech,2020-21
15,110,15,2021-02-07,Georgia Tech,,Wake Forest,REG (Conf),L 52-61,*,39,5,14,.357,0,0,,5,14,.357,.357,1,2,.500,2,12,14,4,2,2,2,3,11,10.8,Lorela Cubaj,https://www.sports-reference.com/cbb/players/lorela-cubaj-1.html,georgia-tech,2020-21
16,111,16,2021-02-11,Georgia Tech,@,Louisville,REG (Conf),L 70-85,*,17,2,6,.333,0,0,,2,6,.333,.333,0,0,,2,2,4,0,0,0,1,1,4,1.2,Lorela Cubaj,https://www.sports-reference.com/cbb/players/lorela-cubaj-1.html,georgia-tech,2020-21
17,112,17,2021-02-16,Georgia Tech,,Miami (FL),REG (Conf),W 67-56,*,24,5,11,.455,0,2,.000,5,9,.556,.455,4,4,1.000,2,5,7,3,0,1,2,3,14,10.8,Lorela Cubaj,https://www.sports-reference.com/cbb/players/lorela-cubaj-1.html,georgia-tech,2020-21
18,113,18,2021-02-18,Georgia Tech,@,Florida State,REG (Conf),W 62-48,*,31,7,9,.778,0,0,,7,9,.778,.778,0,1,.000,1,9,10,3,2,0,1,4,14,15.0,Lorela Cubaj,https://www.sports-reference.com/cbb/players/lorela-cubaj-1.html,georgia-tech,2020-21
19,114,19,2021-02-21,Georgia Tech,@,Boston College,REG (Conf),L 43-49,*,40,3,8,.375,0,0,,3,8,.375,.375,1,2,.500,1,14,15,4,2,4,4,2,7,9.9,Lorela Cubaj,https://www.sports-reference.com/cbb/players/lorela-cubaj-1.html,georgia-tech,2020-21
20,115,20,2021-02-25,Georgia Tech,@,North Carolina,REG (Conf),L 59-84,*,30,4,10,.400,0,0,,4,10,.400,.400,0,0,,1,8,9,4,1,0,1,4,8,6.9,Lorela Cubaj,https://www.sports-reference.com/cbb/players/lorela-cubaj-1.html,georgia-tech,2020-21
21,116,21,2021-02-28,Georgia Tech,,Pittsburgh,REG (Conf),W 65-60,*,32,1,9,.111,0,1,.000,1,8,.125,.111,0,0,,5,12,17,3,1,0,1,5,2,3.3,Lorela Cubaj,https://www.sports-reference.com/cbb/players/lorela-cubaj-1.html,georgia-tech,2020-21
22,117,22,2021-03-05,Georgia Tech,,Clemson,CTOURN,W 60-57,*,39,5,9,.556,1,1,1.000,4,8,.500,.611,1,3,.333,4,14,18,4,0,0,5,4,12,10.1,Lorela Cubaj,https://www.sports-reference.com/cbb/players/lorela-cubaj-1.html,georgia-tech,2020-21
23,118,23,2021-03-06,Georgia Tech,@,NC State,CTOURN,L 61-66,*,39,8,18,.444,0,3,.000,8,15,.533,.444,1,2,.500,1,10,11,2,1,0,2,2,17,10.5,Lorela Cubaj,https://www.sports-reference.com/cbb/players/lorela-cubaj-1.html,georgia-tech,2020-21
24,119,24,2021-03-21,Georgia Tech,N,Stephen F. Austin,ROUND-64,W 54-52 (OT),*,41,6,18,.333,0,2,.000,6,16,.375,.333,2,2,1.000,2,8,10,4,1,4,2,4,14,10.6,Lorela Cubaj,https://www.sports-reference.com/cbb/players/lorela-cubaj-1.html,georgia-tech,2020-21
25,120,25,2021-03-23,Georgia Tech,N,West Virginia,ROUND-32,W 73-56,*,39,10,17,.588,0,1,.000,10,16,.625,.588,1,2,.500,4,8,12,1,0,1,3,3,21,15.1,Lorela Cubaj,https://www.sports-reference.com/cbb/players/lorela-cubaj-1.html,georgia-tech,2020-21
26,121,26,2021-03-28,Georgia Tech,N,South Carolina,ROUND-16,L 65-76,*,32,7,15,.467,1,1,1.000,6,14,.429,.500,0,0,,2,5,7,1,1,0,5,3,15,5.7,Lorela Cubaj,https://www.sports-reference.com/cbb/players/lorela-cubaj-1.html,georgia-tech,2020-21
