ranker,player_game_num_career,team_game_num_season,date,team_name_abbr,game_location,opp_name_abbr,game_type,game_result,is_starter,mp,fg,fga,fg_pct,fg3,fg3a,fg3_pct,fg2,fg2a,fg2_pct,efg_pct,ft,fta,ft_pct,orb,drb,trb,ast,stl,blk,tov,pf,pts,game_score,player_name,player_sr_link,school,season
1,62,1,2020-11-25,Georgia Tech,,Georgia State,REG (Non-Conf),W 62-38,*,35,6,11,.545,0,3,.000,6,8,.750,.545,2,3,.667,3,7,10,3,4,0,2,1,14,16.2,Lotta-Maj Lahtinen,https://www.sports-reference.com/cbb/players/lotta-maj-lahtinen-1.html,georgia-tech,2020-21
2,63,2,2020-11-29,Georgia Tech,,Georgia,REG (Non-Conf),L 69-75 (OT),*,36,2,12,.167,0,4,.000,2,8,.250,.167,2,2,1.000,1,4,5,4,0,0,5,4,6,-3.5,Lotta-Maj Lahtinen,https://www.sports-reference.com/cbb/players/lotta-maj-lahtinen-1.html,georgia-tech,2020-21
3,64,3,2020-12-03,Georgia Tech,,Tulane,REG (Non-Conf),W 55-51,*,32,3,11,.273,0,2,.000,3,9,.333,.273,1,1,1.000,3,2,5,3,3,0,6,3,7,1.1,Lotta-Maj Lahtinen,https://www.sports-reference.com/cbb/players/lotta-maj-lahtinen-1.html,georgia-tech,2020-21
4,65,4,2020-12-09,Georgia Tech,,Boston College,REG (Conf),W 86-68,*,37,11,16,.688,5,8,.625,6,8,.750,.844,0,0,,1,6,7,5,8,0,4,1,27,29.8,Lotta-Maj Lahtinen,https://www.sports-reference.com/cbb/players/lotta-maj-lahtinen-1.html,georgia-tech,2020-21
5,66,5,2020-12-13,Georgia Tech,@,Notre Dame,REG (Conf),W 82-67,*,39,7,15,.467,4,6,.667,3,9,.333,.600,1,2,.500,1,2,3,8,3,1,2,2,19,18.7,Lotta-Maj Lahtinen,https://www.sports-reference.com/cbb/players/lotta-maj-lahtinen-1.html,georgia-tech,2020-21
6,67,6,2020-12-31,Georgia Tech,,NC State,REG (Conf),L 75-84,*,40,10,23,.435,3,8,.375,7,15,.467,.500,7,8,.875,2,9,11,1,3,0,2,0,30,23.3,Lotta-Maj Lahtinen,https://www.sports-reference.com/cbb/players/lotta-maj-lahtinen-1.html,georgia-tech,2020-21
7,68,7,2021-01-03,Georgia Tech,@,Notre Dame,REG (Conf),L 67-69,*,37,5,12,.417,1,6,.167,4,6,.667,.458,0,0,,2,5,7,4,3,0,4,0,11,9.3,Lotta-Maj Lahtinen,https://www.sports-reference.com/cbb/players/lotta-maj-lahtinen-1.html,georgia-tech,2020-21
8,69,8,2021-01-07,Georgia Tech,@,Clemson,REG (Conf),W 67-55,*,32,6,12,.500,3,6,.500,3,6,.500,.625,0,0,,1,3,4,3,1,0,5,5,15,6.7,Lotta-Maj Lahtinen,https://www.sports-reference.com/cbb/players/lotta-maj-lahtinen-1.html,georgia-tech,2020-21
9,70,9,2021-01-10,Georgia Tech,,Virginia Tech,REG (Conf),W 56-54,*,35,7,14,.500,0,2,.000,7,12,.583,.500,3,4,.750,1,4,5,2,1,0,2,2,17,11.1,Lotta-Maj Lahtinen,https://www.sports-reference.com/cbb/players/lotta-maj-lahtinen-1.html,georgia-tech,2020-21
10,71,10,2021-01-21,Georgia Tech,@,Wake Forest,REG (Conf),W 73-44,*,32,5,8,.625,1,2,.500,4,6,.667,.688,6,7,.857,2,4,6,4,2,0,4,4,17,14.8,Lotta-Maj Lahtinen,https://www.sports-reference.com/cbb/players/lotta-maj-lahtinen-1.html,georgia-tech,2020-21
11,72,11,2021-01-24,Georgia Tech,,Florida State,REG (Conf),W 66-58,*,34,5,13,.385,3,7,.429,2,6,.333,.500,4,6,.667,3,5,8,2,0,0,3,1,17,10.7,Lotta-Maj Lahtinen,https://www.sports-reference.com/cbb/players/lotta-maj-lahtinen-1.html,georgia-tech,2020-21
12,73,12,2021-01-28,Georgia Tech,@,Miami (FL),REG (Conf),W 70-56,*,39,4,8,.500,3,6,.500,1,2,.500,.688,2,2,1.000,2,2,4,4,0,0,3,1,13,10.4,Lotta-Maj Lahtinen,https://www.sports-reference.com/cbb/players/lotta-maj-lahtinen-1.html,georgia-tech,2020-21
13,74,13,2021-02-02,Georgia Tech,,Syracuse,REG (Conf),W 76-63,*,32,2,9,.222,0,3,.000,2,6,.333,.222,2,2,1.000,0,1,1,2,2,0,3,1,6,0.8,Lotta-Maj Lahtinen,https://www.sports-reference.com/cbb/players/lotta-maj-lahtinen-1.html,georgia-tech,2020-21
14,75,14,2021-02-04,Georgia Tech,,Clemson,REG (Conf),W 71-69,*,37,7,15,.467,3,8,.375,4,7,.571,.567,0,2,.000,0,1,1,5,2,0,5,2,17,8.5,Lotta-Maj Lahtinen,https://www.sports-reference.com/cbb/players/lotta-maj-lahtinen-1.html,georgia-tech,2020-21
15,76,15,2021-02-07,Georgia Tech,,Wake Forest,REG (Conf),L 52-61,*,39,9,17,.529,4,8,.500,5,9,.556,.647,0,2,.000,2,3,5,1,0,0,2,5,22,11.9,Lotta-Maj Lahtinen,https://www.sports-reference.com/cbb/players/lotta-maj-lahtinen-1.html,georgia-tech,2020-21
16,77,16,2021-02-11,Georgia Tech,@,Louisville,REG (Conf),L 70-85,*,33,2,7,.286,1,2,.500,1,5,.200,.357,1,2,.500,0,1,1,5,1,1,4,3,6,1.8,Lotta-Maj Lahtinen,https://www.sports-reference.com/cbb/players/lotta-maj-lahtinen-1.html,georgia-tech,2020-21
17,78,17,2021-02-16,Georgia Tech,,Miami (FL),REG (Conf),W 67-56,*,38,3,12,.250,1,6,.167,2,6,.333,.292,2,2,1.000,0,7,7,10,3,1,2,2,9,11.8,Lotta-Maj Lahtinen,https://www.sports-reference.com/cbb/players/lotta-maj-lahtinen-1.html,georgia-tech,2020-21
18,79,18,2021-02-18,Georgia Tech,@,Florida State,REG (Conf),W 62-48,*,35,2,9,.222,1,2,.500,1,7,.143,.278,1,2,.500,0,1,1,4,0,0,2,1,6,0.8,Lotta-Maj Lahtinen,https://www.sports-reference.com/cbb/players/lotta-maj-lahtinen-1.html,georgia-tech,2020-21
19,80,19,2021-02-21,Georgia Tech,@,Boston College,REG (Conf),L 43-49,*,37,4,14,.286,1,6,.167,3,8,.375,.321,0,0,,2,1,3,0,0,0,2,2,9,-0.3,Lotta-Maj Lahtinen,https://www.sports-reference.com/cbb/players/lotta-maj-lahtinen-1.html,georgia-tech,2020-21
20,81,20,2021-02-25,Georgia Tech,@,North Carolina,REG (Conf),L 59-84,*,34,7,15,.467,3,6,.500,4,9,.444,.567,0,0,,0,0,0,2,1,0,2,3,17,8.5,Lotta-Maj Lahtinen,https://www.sports-reference.com/cbb/players/lotta-maj-lahtinen-1.html,georgia-tech,2020-21
21,82,21,2021-02-28,Georgia Tech,,Pittsburgh,REG (Conf),W 65-60,*,37,6,15,.400,3,8,.375,3,7,.429,.500,7,10,.700,2,3,5,1,2,0,6,4,22,10.1,Lotta-Maj Lahtinen,https://www.sports-reference.com/cbb/players/lotta-maj-lahtinen-1.html,georgia-tech,2020-21
22,83,22,2021-03-05,Georgia Tech,,Clemson,CTOURN,W 60-57,*,38,4,14,.286,1,7,.143,3,7,.429,.321,0,0,,0,2,2,3,2,1,1,3,9,4.0,Lotta-Maj Lahtinen,https://www.sports-reference.com/cbb/players/lotta-maj-lahtinen-1.html,georgia-tech,2020-21
23,84,23,2021-03-06,Georgia Tech,@,NC State,CTOURN,L 61-66,*,40,8,11,.727,0,1,.000,8,10,.800,.727,1,1,1.000,0,4,4,5,0,1,1,3,17,15.7,Lotta-Maj Lahtinen,https://www.sports-reference.com/cbb/players/lotta-maj-lahtinen-1.html,georgia-tech,2020-21
24,85,24,2021-03-21,Georgia Tech,N,Stephen F. Austin,ROUND-64,W 54-52 (OT),*,43,5,19,.263,0,7,.000,5,12,.417,.263,4,6,.667,2,4,6,2,4,0,3,3,14,5.7,Lotta-Maj Lahtinen,https://www.sports-reference.com/cbb/players/lotta-maj-lahtinen-1.html,georgia-tech,2020-21
25,86,25,2021-03-23,Georgia Tech,N,West Virginia,ROUND-32,W 73-56,*,39,9,16,.563,4,9,.444,5,7,.714,.688,0,0,,2,2,4,2,3,1,4,0,22,17.5,Lotta-Maj Lahtinen,https://www.sports-reference.com/cbb/players/lotta-maj-lahtinen-1.html,georgia-tech,2020-21
26,87,26,2021-03-28,Georgia Tech,N,South Carolina,ROUND-16,L 65-76,*,40,8,14,.571,2,4,.500,6,10,.600,.643,2,2,1.000,1,3,4,5,2,0,3,3,20,16.3,Lotta-Maj Lahtinen,https://www.sports-reference.com/cbb/players/lotta-maj-lahtinen-1.html,georgia-tech,2020-21
