ranker,player_game_num_career,team_game_num_season,date,team_name_abbr,game_location,opp_name_abbr,game_type,game_result,is_starter,mp,fg,fga,fg_pct,fg3,fg3a,fg3_pct,fg2,fg2a,fg2_pct,efg_pct,ft,fta,ft_pct,orb,drb,trb,ast,stl,blk,tov,pf,pts,game_score,player_name,player_sr_link,school,season
1,1,1,2020-11-25,Georgia Tech,,Georgia State,REG (Non-Conf),W 62-38,*,31,4,13,.308,1,6,.167,3,7,.429,.346,3,4,.750,0,3,3,1,0,0,4,1,12,1.3,Loyal McQueen,https://www.sports-reference.com/cbb/players/loyal-mcqueen-1.html,georgia-tech,2020-21
2,2,2,2020-11-29,Georgia Tech,,Georgia,REG (Non-Conf),L 69-75 (OT),*,42,5,16,.313,1,5,.200,4,11,.364,.344,1,1,1.000,0,0,0,3,1,0,4,4,12,0.3,Loyal McQueen,https://www.sports-reference.com/cbb/players/loyal-mcqueen-1.html,georgia-tech,2020-21
3,3,3,2020-12-03,Georgia Tech,,Tulane,REG (Non-Conf),W 55-51,*,38,4,11,.364,2,6,.333,2,5,.400,.455,0,0,,0,4,4,4,1,1,4,2,10,4.8,Loyal McQueen,https://www.sports-reference.com/cbb/players/loyal-mcqueen-1.html,georgia-tech,2020-21
4,4,4,2020-12-09,Georgia Tech,,Boston College,REG (Conf),W 86-68,*,28,6,12,.500,1,4,.250,5,8,.625,.542,0,2,.000,1,3,4,5,0,0,4,3,13,6.1,Loyal McQueen,https://www.sports-reference.com/cbb/players/loyal-mcqueen-1.html,georgia-tech,2020-21
5,5,5,2020-12-13,Georgia Tech,@,Notre Dame,REG (Conf),W 82-67,*,19,3,4,.750,1,1,1.000,2,3,.667,.875,4,5,.800,0,1,1,0,0,0,0,2,11,8.5,Loyal McQueen,https://www.sports-reference.com/cbb/players/loyal-mcqueen-1.html,georgia-tech,2020-21
6,6,7,2021-01-03,Georgia Tech,@,Notre Dame,REG (Conf),L 67-69,*,23,4,9,.444,1,5,.200,3,4,.750,.500,0,0,,0,0,0,3,0,0,4,2,9,1.6,Loyal McQueen,https://www.sports-reference.com/cbb/players/loyal-mcqueen-1.html,georgia-tech,2020-21
7,7,8,2021-01-07,Georgia Tech,@,Clemson,REG (Conf),W 67-55,,10,0,2,.000,0,0,,0,2,.000,.000,1,2,.500,0,0,0,0,0,0,1,2,1,-2.6,Loyal McQueen,https://www.sports-reference.com/cbb/players/loyal-mcqueen-1.html,georgia-tech,2020-21
8,8,9,2021-01-10,Georgia Tech,,Virginia Tech,REG (Conf),W 56-54,,8,1,4,.250,0,2,.000,1,2,.500,.250,0,0,,0,2,2,0,0,0,1,1,2,-1.2,Loyal McQueen,https://www.sports-reference.com/cbb/players/loyal-mcqueen-1.html,georgia-tech,2020-21
9,9,10,2021-01-21,Georgia Tech,@,Wake Forest,REG (Conf),W 73-44,,26,4,11,.364,1,4,.250,3,7,.429,.409,0,0,,0,1,1,1,0,0,0,2,9,3.1,Loyal McQueen,https://www.sports-reference.com/cbb/players/loyal-mcqueen-1.html,georgia-tech,2020-21
10,10,11,2021-01-24,Georgia Tech,,Florida State,REG (Conf),W 66-58,,38,2,9,.222,2,6,.333,0,3,.000,.333,6,6,1.000,0,2,2,3,0,0,3,2,12,5.4,Loyal McQueen,https://www.sports-reference.com/cbb/players/loyal-mcqueen-1.html,georgia-tech,2020-21
11,11,12,2021-01-28,Georgia Tech,@,Miami (FL),REG (Conf),W 70-56,*,33,3,10,.300,1,3,.333,2,7,.286,.350,1,2,.500,0,4,4,2,0,0,1,2,8,2.6,Loyal McQueen,https://www.sports-reference.com/cbb/players/loyal-mcqueen-1.html,georgia-tech,2020-21
12,12,13,2021-02-02,Georgia Tech,,Syracuse,REG (Conf),W 76-63,*,29,2,5,.400,1,4,.250,1,1,1.000,.500,0,0,,0,0,0,3,0,0,2,1,5,2.0,Loyal McQueen,https://www.sports-reference.com/cbb/players/loyal-mcqueen-1.html,georgia-tech,2020-21
13,13,14,2021-02-04,Georgia Tech,,Clemson,REG (Conf),W 71-69,*,37,6,10,.600,3,3,1.000,3,7,.429,.750,2,4,.500,0,1,1,7,2,0,1,3,17,16.6,Loyal McQueen,https://www.sports-reference.com/cbb/players/loyal-mcqueen-1.html,georgia-tech,2020-21
14,14,15,2021-02-07,Georgia Tech,,Wake Forest,REG (Conf),L 52-61,*,23,1,3,.333,1,2,.500,0,1,.000,.500,0,0,,0,0,0,2,0,0,0,1,3,2.3,Loyal McQueen,https://www.sports-reference.com/cbb/players/loyal-mcqueen-1.html,georgia-tech,2020-21
15,15,16,2021-02-11,Georgia Tech,@,Louisville,REG (Conf),L 70-85,*,32,4,6,.667,4,5,.800,0,1,.000,1.000,2,6,.333,0,0,0,6,0,0,4,3,14,8.8,Loyal McQueen,https://www.sports-reference.com/cbb/players/loyal-mcqueen-1.html,georgia-tech,2020-21
16,16,17,2021-02-16,Georgia Tech,,Miami (FL),REG (Conf),W 67-56,*,33,2,8,.250,2,6,.333,0,2,.000,.375,0,0,,0,1,1,0,0,0,1,2,6,-0.3,Loyal McQueen,https://www.sports-reference.com/cbb/players/loyal-mcqueen-1.html,georgia-tech,2020-21
17,17,18,2021-02-18,Georgia Tech,@,Florida State,REG (Conf),W 62-48,*,32,2,3,.667,2,2,1.000,0,1,.000,1.000,3,4,.750,0,0,0,3,0,0,2,2,9,6.6,Loyal McQueen,https://www.sports-reference.com/cbb/players/loyal-mcqueen-1.html,georgia-tech,2020-21
18,18,19,2021-02-21,Georgia Tech,@,Boston College,REG (Conf),L 43-49,*,39,1,10,.100,1,7,.143,0,3,.000,.150,4,6,.667,1,2,3,1,0,0,4,0,7,-2.4,Loyal McQueen,https://www.sports-reference.com/cbb/players/loyal-mcqueen-1.html,georgia-tech,2020-21
19,19,20,2021-02-25,Georgia Tech,@,North Carolina,REG (Conf),L 59-84,*,32,5,11,.455,3,6,.500,2,5,.400,.591,0,1,.000,1,1,2,4,0,0,3,2,13,6.9,Loyal McQueen,https://www.sports-reference.com/cbb/players/loyal-mcqueen-1.html,georgia-tech,2020-21
20,20,21,2021-02-28,Georgia Tech,,Pittsburgh,REG (Conf),W 65-60,*,39,3,10,.300,2,7,.286,1,3,.333,.400,0,2,.000,0,0,0,2,1,0,0,0,8,3.8,Loyal McQueen,https://www.sports-reference.com/cbb/players/loyal-mcqueen-1.html,georgia-tech,2020-21
21,21,22,2021-03-05,Georgia Tech,,Clemson,CTOURN,W 60-57,*,40,5,9,.556,4,8,.500,1,1,1.000,.778,0,0,,0,0,0,0,0,0,3,2,14,5.9,Loyal McQueen,https://www.sports-reference.com/cbb/players/loyal-mcqueen-1.html,georgia-tech,2020-21
22,22,23,2021-03-06,Georgia Tech,@,NC State,CTOURN,L 61-66,*,40,2,8,.250,1,5,.200,1,3,.333,.313,1,2,.500,1,0,1,0,0,0,0,1,6,1.1,Loyal McQueen,https://www.sports-reference.com/cbb/players/loyal-mcqueen-1.html,georgia-tech,2020-21
23,23,24,2021-03-21,Georgia Tech,N,Stephen F. Austin,ROUND-64,W 54-52 (OT),*,37,2,6,.333,1,4,.250,1,2,.500,.417,0,0,,1,2,3,1,0,0,2,1,5,1.2,Loyal McQueen,https://www.sports-reference.com/cbb/players/loyal-mcqueen-1.html,georgia-tech,2020-21
24,24,25,2021-03-23,Georgia Tech,N,West Virginia,ROUND-32,W 73-56,*,23,1,2,.500,1,1,1.000,0,1,.000,.750,2,2,1.000,0,1,1,1,0,0,2,0,5,3.0,Loyal McQueen,https://www.sports-reference.com/cbb/players/loyal-mcqueen-1.html,georgia-tech,2020-21
25,25,26,2021-03-28,Georgia Tech,N,South Carolina,ROUND-16,L 65-76,*,39,3,5,.600,2,4,.500,1,1,1.000,.800,1,2,.500,0,1,1,2,1,0,0,0,9,9.0,Loyal McQueen,https://www.sports-reference.com/cbb/players/loyal-mcqueen-1.html,georgia-tech,2020-21
