ranker,player_game_num_career,team_game_num_season,date,team_name_abbr,game_location,opp_name_abbr,game_type,game_result,is_starter,mp,fg,fga,fg_pct,fg3,fg3a,fg2,fg2a,fg2_pct,efg_pct,ft,fta,ft_pct,orb,drb,trb,ast,stl,blk,tov,pf,pts,game_score,player_name,player_sr_link,school,season
1,32,1,2020-11-25,Georgia Tech,,Georgia State,REG (Non-Conf),W 62-38,*,23,3,8,.375,0,0,3,8,.375,.375,0,2,.000,1,4,5,2,0,1,2,4,6,1.2,Nerea Hermosa,https://www.sports-reference.com/cbb/players/nerea-hermosa-1.html,georgia-tech,2020-21
2,33,2,2020-11-29,Georgia Tech,,Georgia,REG (Non-Conf),L 69-75 (OT),*,24,5,9,.556,0,0,5,9,.556,.556,0,0,,3,2,5,0,1,0,0,2,10,8.6,Nerea Hermosa,https://www.sports-reference.com/cbb/players/nerea-hermosa-1.html,georgia-tech,2020-21
3,34,3,2020-12-03,Georgia Tech,,Tulane,REG (Non-Conf),W 55-51,*,16,2,7,.286,0,0,2,7,.286,.286,0,0,,2,1,3,0,0,1,1,1,4,0.9,Nerea Hermosa,https://www.sports-reference.com/cbb/players/nerea-hermosa-1.html,georgia-tech,2020-21
4,35,4,2020-12-09,Georgia Tech,,Boston College,REG (Conf),W 86-68,,8,0,2,.000,0,0,0,2,.000,.000,2,2,1.000,1,0,1,0,0,0,1,1,2,-0.1,Nerea Hermosa,https://www.sports-reference.com/cbb/players/nerea-hermosa-1.html,georgia-tech,2020-21
5,36,5,2020-12-13,Georgia Tech,@,Notre Dame,REG (Conf),W 82-67,,11,3,3,1.000,0,0,3,3,1.000,1.000,0,0,,1,1,2,0,0,2,0,4,6,5.9,Nerea Hermosa,https://www.sports-reference.com/cbb/players/nerea-hermosa-1.html,georgia-tech,2020-21
6,37,6,2020-12-31,Georgia Tech,,NC State,REG (Conf),L 75-84,,29,4,5,.800,0,0,4,5,.800,.800,2,4,.500,4,2,6,1,1,2,2,5,10,9.8,Nerea Hermosa,https://www.sports-reference.com/cbb/players/nerea-hermosa-1.html,georgia-tech,2020-21
7,38,7,2021-01-03,Georgia Tech,@,Notre Dame,REG (Conf),L 67-69,,31,4,9,.444,0,0,4,9,.444,.444,4,4,1.000,5,3,8,1,1,1,1,1,12,12.7,Nerea Hermosa,https://www.sports-reference.com/cbb/players/nerea-hermosa-1.html,georgia-tech,2020-21
8,39,8,2021-01-07,Georgia Tech,@,Clemson,REG (Conf),W 67-55,,23,1,4,.250,0,0,1,4,.250,.250,1,2,.500,3,2,5,2,1,1,1,1,3,4.6,Nerea Hermosa,https://www.sports-reference.com/cbb/players/nerea-hermosa-1.html,georgia-tech,2020-21
9,40,9,2021-01-10,Georgia Tech,,Virginia Tech,REG (Conf),W 56-54,*,37,3,6,.500,0,0,3,6,.500,.500,1,2,.500,7,1,8,0,1,2,3,3,7,7.0,Nerea Hermosa,https://www.sports-reference.com/cbb/players/nerea-hermosa-1.html,georgia-tech,2020-21
10,41,10,2021-01-21,Georgia Tech,@,Wake Forest,REG (Conf),W 73-44,*,24,8,8,1.000,0,0,8,8,1.000,1.000,0,0,,0,3,3,2,0,2,2,2,16,14.5,Nerea Hermosa,https://www.sports-reference.com/cbb/players/nerea-hermosa-1.html,georgia-tech,2020-21
11,42,11,2021-01-24,Georgia Tech,,Florida State,REG (Conf),W 66-58,*,31,4,11,.364,0,0,4,11,.364,.364,1,2,.500,5,3,8,0,0,1,2,2,9,4.8,Nerea Hermosa,https://www.sports-reference.com/cbb/players/nerea-hermosa-1.html,georgia-tech,2020-21
12,43,12,2021-01-28,Georgia Tech,@,Miami (FL),REG (Conf),W 70-56,*,25,5,8,.625,0,0,5,8,.625,.625,0,0,,3,3,6,1,1,0,0,3,10,9.9,Nerea Hermosa,https://www.sports-reference.com/cbb/players/nerea-hermosa-1.html,georgia-tech,2020-21
13,44,13,2021-02-02,Georgia Tech,,Syracuse,REG (Conf),W 76-63,*,26,4,7,.571,0,0,4,7,.571,.571,1,2,.500,1,4,5,0,3,1,2,0,9,8.9,Nerea Hermosa,https://www.sports-reference.com/cbb/players/nerea-hermosa-1.html,georgia-tech,2020-21
14,45,14,2021-02-04,Georgia Tech,,Clemson,REG (Conf),W 71-69,*,28,4,7,.571,0,0,4,7,.571,.571,1,2,.500,1,3,4,1,0,0,0,5,9,5.6,Nerea Hermosa,https://www.sports-reference.com/cbb/players/nerea-hermosa-1.html,georgia-tech,2020-21
15,46,15,2021-02-07,Georgia Tech,,Wake Forest,REG (Conf),L 52-61,*,17,2,4,.500,0,0,2,4,.500,.500,0,0,,1,1,2,1,0,1,1,0,4,3.4,Nerea Hermosa,https://www.sports-reference.com/cbb/players/nerea-hermosa-1.html,georgia-tech,2020-21
16,47,16,2021-02-11,Georgia Tech,@,Louisville,REG (Conf),L 70-85,*,31,5,8,.625,0,0,5,8,.625,.625,3,4,.750,4,2,6,1,0,0,1,1,13,11.7,Nerea Hermosa,https://www.sports-reference.com/cbb/players/nerea-hermosa-1.html,georgia-tech,2020-21
17,48,17,2021-02-16,Georgia Tech,,Miami (FL),REG (Conf),W 67-56,*,35,7,9,.778,0,0,7,9,.778,.778,1,2,.500,3,4,7,0,1,2,3,0,15,13.8,Nerea Hermosa,https://www.sports-reference.com/cbb/players/nerea-hermosa-1.html,georgia-tech,2020-21
18,49,18,2021-02-18,Georgia Tech,@,Florida State,REG (Conf),W 62-48,*,32,7,10,.700,0,0,7,10,.700,.700,0,0,,3,5,8,3,1,3,3,0,14,15.6,Nerea Hermosa,https://www.sports-reference.com/cbb/players/nerea-hermosa-1.html,georgia-tech,2020-21
19,50,19,2021-02-21,Georgia Tech,@,Boston College,REG (Conf),L 43-49,*,36,6,9,.667,0,0,6,9,.667,.667,2,2,1.000,5,5,10,1,1,3,2,4,14,15.3,Nerea Hermosa,https://www.sports-reference.com/cbb/players/nerea-hermosa-1.html,georgia-tech,2020-21
20,51,20,2021-02-25,Georgia Tech,@,North Carolina,REG (Conf),L 59-84,*,21,4,6,.667,0,0,4,6,.667,.667,0,0,,2,1,3,0,0,0,0,2,8,6.3,Nerea Hermosa,https://www.sports-reference.com/cbb/players/nerea-hermosa-1.html,georgia-tech,2020-21
21,52,21,2021-02-28,Georgia Tech,,Pittsburgh,REG (Conf),W 65-60,*,35,6,9,.667,0,0,6,9,.667,.667,0,0,,0,3,3,1,1,3,1,4,12,10.2,Nerea Hermosa,https://www.sports-reference.com/cbb/players/nerea-hermosa-1.html,georgia-tech,2020-21
22,53,22,2021-03-05,Georgia Tech,,Clemson,CTOURN,W 60-57,*,36,2,4,.500,0,0,2,4,.500,.500,0,0,,1,4,5,1,0,1,1,2,4,3.5,Nerea Hermosa,https://www.sports-reference.com/cbb/players/nerea-hermosa-1.html,georgia-tech,2020-21
23,54,23,2021-03-06,Georgia Tech,@,NC State,CTOURN,L 61-66,*,12,2,4,.500,0,0,2,4,.500,.500,0,0,,0,2,2,0,0,0,0,5,4,0.6,Nerea Hermosa,https://www.sports-reference.com/cbb/players/nerea-hermosa-1.html,georgia-tech,2020-21
24,55,24,2021-03-21,Georgia Tech,N,Stephen F. Austin,ROUND-64,W 54-52 (OT),*,27,3,4,.750,0,0,3,4,.750,.750,0,0,,3,3,6,1,2,0,0,1,6,9.7,Nerea Hermosa,https://www.sports-reference.com/cbb/players/nerea-hermosa-1.html,georgia-tech,2020-21
25,56,25,2021-03-23,Georgia Tech,N,West Virginia,ROUND-32,W 73-56,*,21,0,3,.000,0,0,0,3,.000,.000,2,2,1.000,0,3,3,1,0,0,2,3,2,-1.7,Nerea Hermosa,https://www.sports-reference.com/cbb/players/nerea-hermosa-1.html,georgia-tech,2020-21
26,57,26,2021-03-28,Georgia Tech,N,South Carolina,ROUND-16,L 65-76,*,28,1,6,.167,0,0,1,6,.167,.167,0,0,,3,2,5,1,0,0,2,2,2,-1.2,Nerea Hermosa,https://www.sports-reference.com/cbb/players/nerea-hermosa-1.html,georgia-tech,2020-21
