ranker,player_game_num_career,team_game_num_season,date,team_name_abbr,game_location,opp_name_abbr,game_type,game_result,is_starter,mp,fg,fga,fg_pct,fg3,fg3a,fg3_pct,fg2,fg2a,fg2_pct,efg_pct,ft,fta,ft_pct,orb,drb,trb,ast,stl,blk,tov,pf,pts,game_score,player_name,player_sr_link,school,season
1,47,1,2020-11-25,Georgia Tech,,Georgia State,REG (Non-Conf),W 62-38,*,27,4,6,.667,4,6,.667,0,0,,1.000,0,0,,0,1,1,0,0,0,1,1,12,8.3,Sarah Bates,https://www.sports-reference.com/cbb/players/sarah-bates-1.html,georgia-tech,2020-21
2,48,2,2020-11-29,Georgia Tech,,Georgia,REG (Non-Conf),L 69-75 (OT),*,30,3,7,.429,2,6,.333,1,1,1.000,.571,1,1,1.000,0,6,6,2,0,0,1,2,9,6.7,Sarah Bates,https://www.sports-reference.com/cbb/players/sarah-bates-1.html,georgia-tech,2020-21
3,49,3,2020-12-03,Georgia Tech,,Tulane,REG (Non-Conf),W 55-51,*,36,1,7,.143,1,6,.167,0,1,.000,.214,1,1,1.000,0,2,2,0,1,0,0,0,4,1.1,Sarah Bates,https://www.sports-reference.com/cbb/players/sarah-bates-1.html,georgia-tech,2020-21
4,50,4,2020-12-09,Georgia Tech,,Boston College,REG (Conf),W 86-68,*,36,3,9,.333,3,9,.333,0,0,,.500,0,0,,0,5,5,1,0,0,0,1,9,5.7,Sarah Bates,https://www.sports-reference.com/cbb/players/sarah-bates-1.html,georgia-tech,2020-21
5,51,5,2020-12-13,Georgia Tech,@,Notre Dame,REG (Conf),W 82-67,*,37,4,11,.364,4,11,.364,0,0,,.545,0,0,,0,0,0,4,1,0,0,2,12,8.9,Sarah Bates,https://www.sports-reference.com/cbb/players/sarah-bates-1.html,georgia-tech,2020-21
6,52,6,2020-12-31,Georgia Tech,,NC State,REG (Conf),L 75-84,*,31,1,5,.200,1,5,.200,0,0,,.300,0,0,,0,2,2,1,0,0,0,1,3,0.8,Sarah Bates,https://www.sports-reference.com/cbb/players/sarah-bates-1.html,georgia-tech,2020-21
7,53,7,2021-01-03,Georgia Tech,@,Notre Dame,REG (Conf),L 67-69,*,24,1,6,.167,1,6,.167,0,0,,.250,0,0,,0,2,2,1,0,0,0,2,3,-0.3,Sarah Bates,https://www.sports-reference.com/cbb/players/sarah-bates-1.html,georgia-tech,2020-21
8,54,8,2021-01-07,Georgia Tech,@,Clemson,REG (Conf),W 67-55,*,35,3,10,.300,3,9,.333,0,1,.000,.450,0,0,,0,0,0,2,1,1,0,0,9,6.3,Sarah Bates,https://www.sports-reference.com/cbb/players/sarah-bates-1.html,georgia-tech,2020-21
9,55,9,2021-01-10,Georgia Tech,,Virginia Tech,REG (Conf),W 56-54,*,33,2,6,.333,2,5,.400,0,1,.000,.500,0,0,,0,0,0,1,0,0,0,1,6,2.9,Sarah Bates,https://www.sports-reference.com/cbb/players/sarah-bates-1.html,georgia-tech,2020-21
10,56,10,2021-01-21,Georgia Tech,@,Wake Forest,REG (Conf),W 73-44,*,26,2,4,.500,2,4,.500,0,0,,.750,0,0,,0,1,1,1,1,0,0,2,6,5.2,Sarah Bates,https://www.sports-reference.com/cbb/players/sarah-bates-1.html,georgia-tech,2020-21
11,57,11,2021-01-24,Georgia Tech,,Florida State,REG (Conf),W 66-58,*,10,1,2,.500,1,2,.500,0,0,,.750,0,0,,0,2,2,0,0,0,1,0,3,1.6,Sarah Bates,https://www.sports-reference.com/cbb/players/sarah-bates-1.html,georgia-tech,2020-21
