ranker,player_game_num_career,team_game_num_season,date,team_name_abbr,game_location,opp_name_abbr,game_type,game_result,is_starter,mp,fg,fga,fg_pct,fg3,fg3a,fg3_pct,fg2,fg2a,fg2_pct,efg_pct,ft,fta,ft_pct,orb,drb,trb,ast,stl,blk,tov,pf,pts,game_score,player_name,player_sr_link,school,season
1,5,1,2023-11-06,Stephen F. Austin,,Okla. Panhandle St.,REG (Non-Conf),W 118-46,,20,7,13,.538,1,4,.250,6,9,.667,.577,4,4,1.000,0,0,0,2,1,0,0,4,19,13.5,Mimi Gatewood,https://www.sports-reference.com/cbb/players/mimi-gatewood-1.html,stephen-f-austin,2023-24
2,6,3,2023-11-16,Stephen F. Austin,,North Texas,REG (Non-Conf),L 55-78,,18,1,9,.111,0,5,.000,1,4,.250,.111,0,0,,1,1,2,2,1,0,0,1,2,-0.9,Mimi Gatewood,https://www.sports-reference.com/cbb/players/mimi-gatewood-1.html,stephen-f-austin,2023-24
3,7,4,2023-11-22,Stephen F. Austin,@,Texas Southern,REG (Non-Conf),W 73-58,,10,0,2,.000,0,0,,0,2,.000,.000,2,2,1.000,0,0,0,0,0,0,1,2,2,-1.2,Mimi Gatewood,https://www.sports-reference.com/cbb/players/mimi-gatewood-1.html,stephen-f-austin,2023-24
4,8,5,2023-11-25,Stephen F. Austin,,Rice,REG (Non-Conf),W 67-56,,19,3,10,.300,2,6,.333,1,4,.250,.400,3,4,.750,1,2,3,2,0,0,3,2,11,3.7,Mimi Gatewood,https://www.sports-reference.com/cbb/players/mimi-gatewood-1.html,stephen-f-austin,2023-24
5,9,6,2023-11-29,Stephen F. Austin,@,Tarleton State,REG (Conf),W 80-67,,5,0,4,.000,0,2,.000,0,2,.000,.000,0,0,,0,0,0,1,0,0,0,0,0,-2.1,Mimi Gatewood,https://www.sports-reference.com/cbb/players/mimi-gatewood-1.html,stephen-f-austin,2023-24
6,10,7,2023-12-02,Stephen F. Austin,,Abilene Christian,REG (Conf),W 89-82 (2OT),,4,0,1,.000,0,0,,0,1,.000,.000,0,0,,0,1,1,0,0,0,2,1,0,-2.8,Mimi Gatewood,https://www.sports-reference.com/cbb/players/mimi-gatewood-1.html,stephen-f-austin,2023-24
7,11,8,2023-12-07,Stephen F. Austin,,Portland,REG (Non-Conf),W 76-71,,18,2,6,.333,0,0,,2,6,.333,.333,0,1,.000,0,0,0,1,1,0,2,1,4,-0.5,Mimi Gatewood,https://www.sports-reference.com/cbb/players/mimi-gatewood-1.html,stephen-f-austin,2023-24
8,12,9,2023-12-09,Stephen F. Austin,@,Alabama,REG (Non-Conf),L 69-74,,13,1,4,.250,1,1,1.000,0,3,.000,.375,0,0,,0,1,1,1,1,0,0,0,3,2.6,Mimi Gatewood,https://www.sports-reference.com/cbb/players/mimi-gatewood-1.html,stephen-f-austin,2023-24
9,13,10,2023-12-17,Stephen F. Austin,@,Middle Tennessee,REG (Non-Conf),L 47-72,,14,0,2,.000,0,0,,0,2,.000,.000,1,2,.500,0,5,5,0,1,0,4,1,1,-2.7,Mimi Gatewood,https://www.sports-reference.com/cbb/players/mimi-gatewood-1.html,stephen-f-austin,2023-24
