ranker,player_game_num_career,team_game_num_season,date,team_name_abbr,game_location,opp_name_abbr,game_type,game_result,is_starter,mp,fg,fga,fg_pct,fg3,fg3a,fg3_pct,fg2,fg2a,fg2_pct,efg_pct,ft,fta,ft_pct,orb,drb,trb,ast,stl,blk,tov,pf,pts,game_score,player_name,player_sr_link,school,season
1,1,1,2023-11-06,Stephen F. Austin,,Okla. Panhandle St.,REG (Non-Conf),W 118-46,,13,3,7,.429,2,3,.667,1,4,.250,.571,2,3,.667,0,2,2,2,3,0,1,0,10,9.9,Trinity Slocum,https://www.sports-reference.com/cbb/players/trinity-slocum-1.html,stephen-f-austin,2023-24
2,2,3,2023-11-16,Stephen F. Austin,,North Texas,REG (Non-Conf),L 55-78,,2,0,1,.000,0,0,,0,1,.000,.000,0,0,,0,0,0,0,0,0,0,0,0,-0.7,Trinity Slocum,https://www.sports-reference.com/cbb/players/trinity-slocum-1.html,stephen-f-austin,2023-24
3,3,4,2023-11-22,Stephen F. Austin,@,Texas Southern,REG (Non-Conf),W 73-58,,5,0,1,.000,0,0,,0,1,.000,.000,1,2,.500,0,2,2,0,0,0,0,4,1,-1.1,Trinity Slocum,https://www.sports-reference.com/cbb/players/trinity-slocum-1.html,stephen-f-austin,2023-24
4,4,5,2023-11-25,Stephen F. Austin,,Rice,REG (Non-Conf),W 67-56,,3,0,0,,0,0,,0,0,,,0,0,,0,0,0,0,0,0,1,1,0,-1.4,Trinity Slocum,https://www.sports-reference.com/cbb/players/trinity-slocum-1.html,stephen-f-austin,2023-24
5,5,10,2023-12-17,Stephen F. Austin,@,Middle Tennessee,REG (Non-Conf),L 47-72,,4,0,1,.000,0,0,,0,1,.000,.000,0,0,,0,0,0,1,1,0,1,1,0,-0.4,Trinity Slocum,https://www.sports-reference.com/cbb/players/trinity-slocum-1.html,stephen-f-austin,2023-24
