ranker,player_game_num_career,team_game_num_season,date,team_name_abbr,game_location,opp_name_abbr,game_type,game_result,is_starter,mp,fg,fga,fg_pct,fg3,fg3a,fg3_pct,fg2,fg2a,fg2_pct,efg_pct,ft,fta,orb,drb,trb,ast,stl,blk,tov,pf,pts,game_score,player_name,player_sr_link,school,season
1,30,3,2020-12-02,Detroit Mercy,@,Michigan State,REG (Non-Conf),L 45-82,,3,0,0,,0,0,,0,0,,,0,0,0,0,0,0,0,0,1,1,0,-1.4,Abbie McDowell,https://www.sports-reference.com/cbb/players/abbie-mcdowell-1.html,detroit-mercy,2020-21
2,31,5,2020-12-12,Detroit Mercy,,Wright State,REG (Conf),L 55-75,,2,0,0,,0,0,,0,0,,,0,0,0,0,0,0,0,0,0,0,0,0.0,Abbie McDowell,https://www.sports-reference.com/cbb/players/abbie-mcdowell-1.html,detroit-mercy,2020-21
3,32,6,2020-12-13,Detroit Mercy,,Wright State,REG (Conf),L 43-73,,3,0,0,,0,0,,0,0,,,0,0,0,0,0,0,0,0,0,0,0,0.0,Abbie McDowell,https://www.sports-reference.com/cbb/players/abbie-mcdowell-1.html,detroit-mercy,2020-21
4,33,8,2020-12-20,Detroit Mercy,@,Illinois–Chicago,REG (Conf),W 72-58,,6,0,1,.000,0,0,,0,1,.000,.000,0,0,0,0,0,3,1,0,0,3,0,1.2,Abbie McDowell,https://www.sports-reference.com/cbb/players/abbie-mcdowell-1.html,detroit-mercy,2020-21
5,34,9,2021-01-01,Detroit Mercy,,Milwaukee,REG (Conf),L 43-64,,2,0,1,.000,0,1,.000,0,0,,.000,0,0,0,0,0,0,0,0,0,0,0,-0.7,Abbie McDowell,https://www.sports-reference.com/cbb/players/abbie-mcdowell-1.html,detroit-mercy,2020-21
