ranker,player_game_num_career,team_game_num_season,date,team_name_abbr,game_location,opp_name_abbr,game_type,game_result,is_starter,mp,fg,fga,fg_pct,fg3,fg3a,fg3_pct,fg2,fg2a,fg2_pct,efg_pct,ft,fta,ft_pct,orb,drb,trb,ast,stl,blk,tov,pf,pts,game_score,player_name,player_sr_link,school,season
1,1,1,2020-11-25,Detroit Mercy,,Xavier,REG (Non-Conf),L 73-81,,5,0,0,,0,0,,0,0,,,0,0,,0,0,0,1,0,0,1,1,0,-0.7,Alicia Norman,https://www.sports-reference.com/cbb/players/alicia-norman-1.html,detroit-mercy,2020-21
2,2,2,2020-11-29,Detroit Mercy,,Indiana State,REG (Non-Conf),L 79-84,,20,2,5,.400,0,2,.000,2,3,.667,.400,6,6,1.000,0,0,0,7,3,0,2,3,10,12.0,Alicia Norman,https://www.sports-reference.com/cbb/players/alicia-norman-1.html,detroit-mercy,2020-21
3,3,3,2020-12-02,Detroit Mercy,@,Michigan State,REG (Non-Conf),L 45-82,,9,0,1,.000,0,0,,0,1,.000,.000,0,0,,0,0,0,1,0,0,0,1,0,-0.4,Alicia Norman,https://www.sports-reference.com/cbb/players/alicia-norman-1.html,detroit-mercy,2020-21
4,4,4,2020-12-05,Detroit Mercy,@,Toledo,REG (Non-Conf),L 65-75,,27,3,4,.750,0,0,,3,4,.750,.750,2,3,.667,0,4,4,5,2,0,2,3,8,9.5,Alicia Norman,https://www.sports-reference.com/cbb/players/alicia-norman-1.html,detroit-mercy,2020-21
5,5,5,2020-12-12,Detroit Mercy,,Wright State,REG (Conf),L 55-75,,29,0,4,.000,0,0,,0,4,.000,.000,0,0,,0,2,2,6,1,0,5,3,0,-3.2,Alicia Norman,https://www.sports-reference.com/cbb/players/alicia-norman-1.html,detroit-mercy,2020-21
6,6,6,2020-12-13,Detroit Mercy,,Wright State,REG (Conf),L 43-73,,23,0,1,.000,0,0,,0,1,.000,.000,0,0,,1,1,2,1,2,0,1,4,0,0.4,Alicia Norman,https://www.sports-reference.com/cbb/players/alicia-norman-1.html,detroit-mercy,2020-21
7,7,7,2020-12-19,Detroit Mercy,@,Illinois–Chicago,REG (Conf),L 72-76 (OT),,14,0,1,.000,0,1,.000,0,0,,.000,0,2,.000,0,0,0,4,1,0,3,2,0,-1.5,Alicia Norman,https://www.sports-reference.com/cbb/players/alicia-norman-1.html,detroit-mercy,2020-21
8,8,8,2020-12-20,Detroit Mercy,@,Illinois–Chicago,REG (Conf),W 72-58,,6,0,0,,0,0,,0,0,,,0,0,,2,0,2,1,0,0,1,0,0,1.1,Alicia Norman,https://www.sports-reference.com/cbb/players/alicia-norman-1.html,detroit-mercy,2020-21
9,9,10,2021-01-02,Detroit Mercy,,Milwaukee,REG (Conf),L 38-77,,3,0,0,,0,0,,0,0,,,0,0,,0,0,0,0,0,0,0,0,0,0.0,Alicia Norman,https://www.sports-reference.com/cbb/players/alicia-norman-1.html,detroit-mercy,2020-21
10,10,13,2021-01-15,Detroit Mercy,,Oakland,REG (Conf),L 61-80,*,33,3,4,.750,0,0,,3,4,.750,.750,1,1,1.000,0,2,2,4,7,0,4,4,7,10.2,Alicia Norman,https://www.sports-reference.com/cbb/players/alicia-norman-1.html,detroit-mercy,2020-21
11,11,14,2021-01-16,Detroit Mercy,,Oakland,REG (Conf),L 61-71,*,26,1,2,.500,0,0,,1,2,.500,.500,0,0,,0,1,1,4,0,0,3,4,2,-0.5,Alicia Norman,https://www.sports-reference.com/cbb/players/alicia-norman-1.html,detroit-mercy,2020-21
