ranker,player_game_num_career,team_game_num_season,date,team_name_abbr,game_location,opp_name_abbr,game_type,game_result,is_starter,mp,fg,fga,fg_pct,fg3,fg3a,fg3_pct,fg2,fg2a,fg2_pct,efg_pct,ft,fta,ft_pct,orb,drb,trb,ast,stl,blk,tov,pf,pts,game_score,player_name,player_sr_link,school,season
1,88,1,2020-11-25,Detroit Mercy,,Xavier,REG (Non-Conf),L 73-81,,22,3,4,.750,1,1,1.000,2,3,.667,.875,0,0,,0,1,1,2,3,0,1,2,7,8.3,Aly Reiff,https://www.sports-reference.com/cbb/players/aly-reiff-1.html,detroit-mercy,2020-21
2,89,2,2020-11-29,Detroit Mercy,,Indiana State,REG (Non-Conf),L 79-84,,25,1,4,.250,0,2,.000,1,2,.500,.250,0,0,,1,2,3,1,2,0,0,2,2,2.8,Aly Reiff,https://www.sports-reference.com/cbb/players/aly-reiff-1.html,detroit-mercy,2020-21
3,90,3,2020-12-02,Detroit Mercy,@,Michigan State,REG (Non-Conf),L 45-82,,14,0,1,.000,0,0,,0,1,.000,.000,0,0,,0,0,0,0,0,0,0,1,0,-1.1,Aly Reiff,https://www.sports-reference.com/cbb/players/aly-reiff-1.html,detroit-mercy,2020-21
4,91,4,2020-12-05,Detroit Mercy,@,Toledo,REG (Non-Conf),L 65-75,,20,0,1,.000,0,0,,0,1,.000,.000,2,2,1.000,2,4,6,0,1,2,3,5,2,1.3,Aly Reiff,https://www.sports-reference.com/cbb/players/aly-reiff-1.html,detroit-mercy,2020-21
5,92,5,2020-12-12,Detroit Mercy,,Wright State,REG (Conf),L 55-75,,12,2,3,.667,1,2,.500,1,1,1.000,.833,3,3,1.000,2,0,2,2,0,0,1,2,8,7.7,Aly Reiff,https://www.sports-reference.com/cbb/players/aly-reiff-1.html,detroit-mercy,2020-21
6,93,6,2020-12-13,Detroit Mercy,,Wright State,REG (Conf),L 43-73,,11,0,3,.000,0,2,.000,0,1,.000,.000,0,0,,0,1,1,0,1,0,1,1,0,-2.2,Aly Reiff,https://www.sports-reference.com/cbb/players/aly-reiff-1.html,detroit-mercy,2020-21
7,94,7,2020-12-19,Detroit Mercy,@,Illinois–Chicago,REG (Conf),L 72-76 (OT),,16,2,3,.667,0,0,,2,3,.667,.667,0,0,,3,2,5,0,0,0,1,3,4,3.2,Aly Reiff,https://www.sports-reference.com/cbb/players/aly-reiff-1.html,detroit-mercy,2020-21
8,95,8,2020-12-20,Detroit Mercy,@,Illinois–Chicago,REG (Conf),W 72-58,,22,3,6,.500,0,0,,3,6,.500,.500,4,4,1.000,1,5,6,2,0,0,0,4,10,9.0,Aly Reiff,https://www.sports-reference.com/cbb/players/aly-reiff-1.html,detroit-mercy,2020-21
9,96,9,2021-01-01,Detroit Mercy,,Milwaukee,REG (Conf),L 43-64,*,21,0,4,.000,0,1,.000,0,3,.000,.000,0,0,,3,1,4,4,2,0,2,3,0,1.2,Aly Reiff,https://www.sports-reference.com/cbb/players/aly-reiff-1.html,detroit-mercy,2020-21
10,97,10,2021-01-02,Detroit Mercy,,Milwaukee,REG (Conf),L 38-77,*,26,2,6,.333,0,2,.000,2,4,.500,.333,0,0,,1,4,5,1,3,1,1,3,4,4.7,Aly Reiff,https://www.sports-reference.com/cbb/players/aly-reiff-1.html,detroit-mercy,2020-21
11,98,11,2021-01-08,Detroit Mercy,@,Green Bay,REG (Conf),L 49-64,*,29,2,3,.667,2,2,1.000,0,1,.000,1.000,0,0,,4,3,7,4,0,0,2,3,6,8.0,Aly Reiff,https://www.sports-reference.com/cbb/players/aly-reiff-1.html,detroit-mercy,2020-21
12,99,12,2021-01-09,Detroit Mercy,@,Green Bay,REG (Conf),L 48-61,*,38,2,6,.333,1,4,.250,1,2,.500,.417,0,0,,0,3,3,1,1,0,2,5,5,0.2,Aly Reiff,https://www.sports-reference.com/cbb/players/aly-reiff-1.html,detroit-mercy,2020-21
13,100,13,2021-01-15,Detroit Mercy,,Oakland,REG (Conf),L 61-80,*,38,6,11,.545,1,3,.333,5,8,.625,.591,0,0,,2,2,4,1,1,1,1,1,13,10.7,Aly Reiff,https://www.sports-reference.com/cbb/players/aly-reiff-1.html,detroit-mercy,2020-21
14,101,14,2021-01-16,Detroit Mercy,,Oakland,REG (Conf),L 61-71,*,29,4,11,.364,1,5,.200,3,6,.500,.409,1,1,1.000,5,1,6,1,1,1,1,1,10,8.7,Aly Reiff,https://www.sports-reference.com/cbb/players/aly-reiff-1.html,detroit-mercy,2020-21
