ranker,player_game_num_career,team_game_num_season,date,team_name_abbr,game_location,opp_name_abbr,game_type,game_result,is_starter,mp,fg,fga,fg_pct,fg3,fg3a,fg3_pct,fg2,fg2a,fg2_pct,efg_pct,ft,fta,ft_pct,orb,drb,trb,ast,stl,blk,tov,pf,pts,game_score,player_name,player_sr_link,school,season
1,28,9,2021-01-01,Detroit Mercy,,Milwaukee,REG (Conf),L 43-64,,6,0,2,.000,0,2,.000,0,0,,.000,0,0,,0,0,0,0,0,0,0,1,0,-1.8,Annika Corcoran,https://www.sports-reference.com/cbb/players/annika-corcoran-1.html,detroit-mercy,2020-21
2,29,10,2021-01-02,Detroit Mercy,,Milwaukee,REG (Conf),L 38-77,,23,1,6,.167,0,3,.000,1,3,.333,.167,1,4,.250,0,1,1,0,0,0,1,1,3,-3.1,Annika Corcoran,https://www.sports-reference.com/cbb/players/annika-corcoran-1.html,detroit-mercy,2020-21
3,30,11,2021-01-08,Detroit Mercy,@,Green Bay,REG (Conf),L 49-64,,11,0,1,.000,0,0,,0,1,.000,.000,0,0,,0,1,1,3,1,0,2,2,0,-0.1,Annika Corcoran,https://www.sports-reference.com/cbb/players/annika-corcoran-1.html,detroit-mercy,2020-21
4,31,12,2021-01-09,Detroit Mercy,@,Green Bay,REG (Conf),L 48-61,,34,3,7,.429,3,6,.500,0,1,.000,.643,0,0,,0,5,5,4,1,1,6,3,9,4.1,Annika Corcoran,https://www.sports-reference.com/cbb/players/annika-corcoran-1.html,detroit-mercy,2020-21
5,32,13,2021-01-15,Detroit Mercy,,Oakland,REG (Conf),L 61-80,,8,1,3,.333,0,1,.000,1,2,.500,.333,1,3,.333,0,1,1,0,0,0,2,3,3,-2.4,Annika Corcoran,https://www.sports-reference.com/cbb/players/annika-corcoran-1.html,detroit-mercy,2020-21
