ranker,player_game_num_career,team_game_num_season,date,team_name_abbr,game_location,opp_name_abbr,game_type,game_result,is_starter,mp,fg,fga,fg_pct,fg3,fg3a,fg3_pct,fg2,fg2a,fg2_pct,efg_pct,ft,fta,ft_pct,orb,drb,trb,ast,stl,blk,tov,pf,pts,game_score,player_name,player_sr_link,school,season
1,31,1,2020-11-25,Detroit Mercy,,Xavier,REG (Non-Conf),L 73-81,,17,3,5,.600,0,0,,3,5,.600,.600,4,8,.500,5,2,7,1,1,0,0,4,10,10.3,Bridgid Fox,https://www.sports-reference.com/cbb/players/bridgid-fox-1.html,detroit-mercy,2020-21
2,32,2,2020-11-29,Detroit Mercy,,Indiana State,REG (Non-Conf),L 79-84,*,20,2,5,.400,0,0,,2,5,.400,.400,1,2,.500,3,2,5,1,0,0,1,4,5,2.7,Bridgid Fox,https://www.sports-reference.com/cbb/players/bridgid-fox-1.html,detroit-mercy,2020-21
3,33,3,2020-12-02,Detroit Mercy,@,Michigan State,REG (Non-Conf),L 45-82,,10,2,2,1.000,0,0,,2,2,1.000,1.000,0,0,,0,3,3,0,0,0,2,1,4,1.9,Bridgid Fox,https://www.sports-reference.com/cbb/players/bridgid-fox-1.html,detroit-mercy,2020-21
4,34,4,2020-12-05,Detroit Mercy,@,Toledo,REG (Non-Conf),L 65-75,,12,1,1,1.000,0,0,,1,1,1.000,1.000,4,4,1.000,2,3,5,0,0,1,0,4,6,7.1,Bridgid Fox,https://www.sports-reference.com/cbb/players/bridgid-fox-1.html,detroit-mercy,2020-21
5,35,5,2020-12-12,Detroit Mercy,,Wright State,REG (Conf),L 55-75,,10,1,2,.500,0,0,,1,2,.500,.500,0,0,,1,1,2,0,1,0,0,4,2,1.4,Bridgid Fox,https://www.sports-reference.com/cbb/players/bridgid-fox-1.html,detroit-mercy,2020-21
6,36,6,2020-12-13,Detroit Mercy,,Wright State,REG (Conf),L 43-73,,19,1,4,.250,0,0,,1,4,.250,.250,4,4,1.000,0,7,7,0,1,0,2,4,6,3.1,Bridgid Fox,https://www.sports-reference.com/cbb/players/bridgid-fox-1.html,detroit-mercy,2020-21
7,37,7,2020-12-19,Detroit Mercy,@,Illinois–Chicago,REG (Conf),L 72-76 (OT),*,27,6,8,.750,0,0,,6,8,.750,.750,0,2,.000,3,8,11,1,2,0,2,5,12,11.2,Bridgid Fox,https://www.sports-reference.com/cbb/players/bridgid-fox-1.html,detroit-mercy,2020-21
8,38,8,2020-12-20,Detroit Mercy,@,Illinois–Chicago,REG (Conf),W 72-58,*,32,6,11,.545,0,0,,6,11,.545,.545,4,4,1.000,7,4,11,0,2,0,0,2,16,18.0,Bridgid Fox,https://www.sports-reference.com/cbb/players/bridgid-fox-1.html,detroit-mercy,2020-21
9,39,9,2021-01-01,Detroit Mercy,,Milwaukee,REG (Conf),L 43-64,*,22,0,2,.000,0,0,,0,2,.000,.000,2,2,1.000,2,0,2,1,1,1,1,2,2,2.6,Bridgid Fox,https://www.sports-reference.com/cbb/players/bridgid-fox-1.html,detroit-mercy,2020-21
10,40,10,2021-01-02,Detroit Mercy,,Milwaukee,REG (Conf),L 38-77,*,24,0,4,.000,0,1,.000,0,3,.000,.000,4,4,1.000,4,0,4,1,0,0,1,3,4,2.5,Bridgid Fox,https://www.sports-reference.com/cbb/players/bridgid-fox-1.html,detroit-mercy,2020-21
11,41,11,2021-01-08,Detroit Mercy,@,Green Bay,REG (Conf),L 49-64,,29,3,4,.750,1,1,1.000,2,3,.667,.875,0,0,,1,3,4,1,0,0,0,3,7,6.5,Bridgid Fox,https://www.sports-reference.com/cbb/players/bridgid-fox-1.html,detroit-mercy,2020-21
12,42,12,2021-01-09,Detroit Mercy,@,Green Bay,REG (Conf),L 48-61,*,20,2,3,.667,0,0,,2,3,.667,.667,3,4,.750,1,3,4,1,0,0,1,5,7,4.6,Bridgid Fox,https://www.sports-reference.com/cbb/players/bridgid-fox-1.html,detroit-mercy,2020-21
13,43,13,2021-01-15,Detroit Mercy,,Oakland,REG (Conf),L 61-80,*,30,0,4,.000,0,0,,0,4,.000,.000,2,2,1.000,1,5,6,4,1,0,0,3,2,4.0,Bridgid Fox,https://www.sports-reference.com/cbb/players/bridgid-fox-1.html,detroit-mercy,2020-21
14,44,14,2021-01-16,Detroit Mercy,,Oakland,REG (Conf),L 61-71,*,17,3,4,.750,0,0,,3,4,.750,.750,1,1,1.000,1,2,3,0,0,0,1,2,7,4.9,Bridgid Fox,https://www.sports-reference.com/cbb/players/bridgid-fox-1.html,detroit-mercy,2020-21
