ranker,player_game_num_career,team_game_num_season,date,team_name_abbr,game_location,opp_name_abbr,game_type,game_result,is_starter,mp,fg,fga,fg_pct,fg3,fg3a,fg3_pct,fg2,fg2a,fg2_pct,efg_pct,ft,fta,ft_pct,orb,drb,trb,ast,stl,blk,tov,pf,pts,game_score,player_name,player_sr_link,school,season
1,1,1,2020-11-25,Detroit Mercy,,Xavier,REG (Non-Conf),L 73-81,*,28,1,8,.125,0,4,.000,1,4,.250,.125,1,2,.500,2,1,3,1,1,1,7,2,3,-6.3,Cierra Harrison,https://www.sports-reference.com/cbb/players/cierra-harrison-1.html,detroit-mercy,2020-21
2,2,2,2020-11-29,Detroit Mercy,,Indiana State,REG (Non-Conf),L 79-84,,26,2,4,.500,2,4,.500,0,0,,.750,0,0,,0,1,1,2,2,0,1,2,6,5.9,Cierra Harrison,https://www.sports-reference.com/cbb/players/cierra-harrison-1.html,detroit-mercy,2020-21
3,3,3,2020-12-02,Detroit Mercy,@,Michigan State,REG (Non-Conf),L 45-82,,7,0,0,,0,0,,0,0,,,0,0,,0,0,0,0,0,0,0,0,0,0.0,Cierra Harrison,https://www.sports-reference.com/cbb/players/cierra-harrison-1.html,detroit-mercy,2020-21
4,4,4,2020-12-05,Detroit Mercy,@,Toledo,REG (Non-Conf),L 65-75,,4,0,1,.000,0,1,.000,0,0,,.000,0,0,,0,2,2,0,0,0,1,0,0,-1.1,Cierra Harrison,https://www.sports-reference.com/cbb/players/cierra-harrison-1.html,detroit-mercy,2020-21
5,5,5,2020-12-12,Detroit Mercy,,Wright State,REG (Conf),L 55-75,,2,0,0,,0,0,,0,0,,,0,0,,0,1,1,0,0,0,0,0,0,0.3,Cierra Harrison,https://www.sports-reference.com/cbb/players/cierra-harrison-1.html,detroit-mercy,2020-21
6,6,6,2020-12-13,Detroit Mercy,,Wright State,REG (Conf),L 43-73,,18,1,3,.333,0,1,.000,1,2,.500,.333,2,2,1.000,1,3,4,0,1,0,1,1,4,3.5,Cierra Harrison,https://www.sports-reference.com/cbb/players/cierra-harrison-1.html,detroit-mercy,2020-21
7,7,7,2020-12-19,Detroit Mercy,@,Illinois–Chicago,REG (Conf),L 72-76 (OT),,9,0,2,.000,0,2,.000,0,0,,.000,2,4,.500,0,0,0,0,0,0,1,2,2,-2.0,Cierra Harrison,https://www.sports-reference.com/cbb/players/cierra-harrison-1.html,detroit-mercy,2020-21
8,8,9,2021-01-01,Detroit Mercy,,Milwaukee,REG (Conf),L 43-64,,31,3,6,.500,2,3,.667,1,3,.333,.667,0,0,,0,3,3,1,3,1,2,1,8,7.9,Cierra Harrison,https://www.sports-reference.com/cbb/players/cierra-harrison-1.html,detroit-mercy,2020-21
9,9,10,2021-01-02,Detroit Mercy,,Milwaukee,REG (Conf),L 38-77,,18,1,3,.333,1,2,.500,0,1,.000,.500,0,0,,0,1,1,0,1,0,3,3,3,-1.6,Cierra Harrison,https://www.sports-reference.com/cbb/players/cierra-harrison-1.html,detroit-mercy,2020-21
10,10,11,2021-01-08,Detroit Mercy,@,Green Bay,REG (Conf),L 49-64,*,28,2,5,.400,2,5,.400,0,0,,.600,0,0,,1,2,3,1,3,1,1,2,6,7.2,Cierra Harrison,https://www.sports-reference.com/cbb/players/cierra-harrison-1.html,detroit-mercy,2020-21
11,11,12,2021-01-09,Detroit Mercy,@,Green Bay,REG (Conf),L 48-61,*,33,2,8,.250,0,4,.000,2,4,.500,.250,2,2,1.000,2,4,6,0,1,0,3,3,6,0.6,Cierra Harrison,https://www.sports-reference.com/cbb/players/cierra-harrison-1.html,detroit-mercy,2020-21
12,12,13,2021-01-15,Detroit Mercy,,Oakland,REG (Conf),L 61-80,*,34,3,8,.375,2,5,.400,1,3,.333,.500,0,0,,2,5,7,1,0,0,2,5,8,3.2,Cierra Harrison,https://www.sports-reference.com/cbb/players/cierra-harrison-1.html,detroit-mercy,2020-21
13,13,14,2021-01-16,Detroit Mercy,,Oakland,REG (Conf),L 61-71,*,36,5,12,.417,2,8,.250,3,4,.750,.500,2,3,.667,2,7,9,1,1,0,3,4,14,7.8,Cierra Harrison,https://www.sports-reference.com/cbb/players/cierra-harrison-1.html,detroit-mercy,2020-21
