ranker,player_game_num_career,team_game_num_season,date,team_name_abbr,game_location,opp_name_abbr,game_type,game_result,is_starter,mp,fg,fga,fg_pct,fg3,fg3a,fg2,fg2a,fg2_pct,efg_pct,ft,fta,ft_pct,orb,drb,trb,ast,stl,blk,tov,pf,pts,game_score,player_name,player_sr_link,school,season
1,58,5,2020-12-12,Detroit Mercy,,Wright State,REG (Conf),L 55-75,,2,0,0,,0,0,0,0,,,0,0,,0,0,0,0,0,0,0,0,0,0.0,Jiera Shears,https://www.sports-reference.com/cbb/players/jiera-shears-1.html,detroit-mercy,2020-21
2,59,6,2020-12-13,Detroit Mercy,,Wright State,REG (Conf),L 43-73,,2,0,0,,0,0,0,0,,,2,4,.500,0,0,0,0,0,0,0,0,2,1.2,Jiera Shears,https://www.sports-reference.com/cbb/players/jiera-shears-1.html,detroit-mercy,2020-21
3,60,8,2020-12-20,Detroit Mercy,@,Illinois–Chicago,REG (Conf),W 72-58,,1,0,0,,0,0,0,0,,,0,0,,0,0,0,0,0,0,1,0,0,-1.0,Jiera Shears,https://www.sports-reference.com/cbb/players/jiera-shears-1.html,detroit-mercy,2020-21
4,61,10,2021-01-02,Detroit Mercy,,Milwaukee,REG (Conf),L 38-77,,2,1,1,1.000,0,0,1,1,1.000,1.000,0,0,,0,0,0,0,0,0,0,0,2,1.7,Jiera Shears,https://www.sports-reference.com/cbb/players/jiera-shears-1.html,detroit-mercy,2020-21
5,62,13,2021-01-15,Detroit Mercy,,Oakland,REG (Conf),L 61-80,,2,0,0,,0,0,0,0,,,0,0,,0,0,0,0,1,0,1,0,0,0.0,Jiera Shears,https://www.sports-reference.com/cbb/players/jiera-shears-1.html,detroit-mercy,2020-21
6,63,14,2021-01-16,Detroit Mercy,,Oakland,REG (Conf),L 61-71,,2,0,0,,0,0,0,0,,,0,0,,0,0,0,0,0,0,1,0,0,-1.0,Jiera Shears,https://www.sports-reference.com/cbb/players/jiera-shears-1.html,detroit-mercy,2020-21
