ranker,player_game_num_career,team_game_num_season,date,team_name_abbr,game_location,opp_name_abbr,game_type,game_result,is_starter,mp,fg,fga,fg_pct,fg3,fg3a,fg3_pct,fg2,fg2a,fg2_pct,efg_pct,ft,fta,ft_pct,orb,drb,trb,ast,stl,blk,tov,pf,pts,game_score,player_name,player_sr_link,school,season
1,68,1,2020-11-25,Detroit Mercy,,Xavier,REG (Non-Conf),L 73-81,*,28,4,11,.364,1,5,.200,3,6,.500,.409,5,5,1.000,0,2,2,4,4,0,6,5,14,7.3,Kaela Webb,https://www.sports-reference.com/cbb/players/kaela-webb-1.html,detroit-mercy,2020-21
2,69,2,2020-11-29,Detroit Mercy,,Indiana State,REG (Non-Conf),L 79-84,*,27,7,13,.538,6,9,.667,1,4,.250,.769,5,5,1.000,0,2,2,0,0,0,4,4,25,13.7,Kaela Webb,https://www.sports-reference.com/cbb/players/kaela-webb-1.html,detroit-mercy,2020-21
3,70,3,2020-12-02,Detroit Mercy,@,Michigan State,REG (Non-Conf),L 45-82,*,36,2,16,.125,0,6,.000,2,10,.200,.125,0,0,,0,6,6,7,3,0,6,1,4,-3.1,Kaela Webb,https://www.sports-reference.com/cbb/players/kaela-webb-1.html,detroit-mercy,2020-21
4,71,4,2020-12-05,Detroit Mercy,@,Toledo,REG (Non-Conf),L 65-75,*,32,11,25,.440,3,9,.333,8,16,.500,.500,4,5,.800,0,2,2,1,0,0,1,4,29,14.2,Kaela Webb,https://www.sports-reference.com/cbb/players/kaela-webb-1.html,detroit-mercy,2020-21
5,72,5,2020-12-12,Detroit Mercy,,Wright State,REG (Conf),L 55-75,*,38,8,24,.333,4,12,.333,4,12,.333,.417,2,4,.500,1,5,6,2,2,0,2,1,22,10.8,Kaela Webb,https://www.sports-reference.com/cbb/players/kaela-webb-1.html,detroit-mercy,2020-21
6,73,6,2020-12-13,Detroit Mercy,,Wright State,REG (Conf),L 43-73,*,30,6,14,.429,1,5,.200,5,9,.556,.464,4,4,1.000,0,1,1,0,0,0,6,3,17,2.7,Kaela Webb,https://www.sports-reference.com/cbb/players/kaela-webb-1.html,detroit-mercy,2020-21
7,74,7,2020-12-19,Detroit Mercy,@,Illinois–Chicago,REG (Conf),L 72-76 (OT),*,44,8,18,.444,2,5,.400,6,13,.462,.500,5,5,1.000,0,4,4,4,1,0,5,3,23,12.4,Kaela Webb,https://www.sports-reference.com/cbb/players/kaela-webb-1.html,detroit-mercy,2020-21
8,75,8,2020-12-20,Detroit Mercy,@,Illinois–Chicago,REG (Conf),W 72-58,*,40,6,17,.353,3,6,.500,3,11,.273,.441,0,0,,1,5,6,4,0,0,5,3,15,4.3,Kaela Webb,https://www.sports-reference.com/cbb/players/kaela-webb-1.html,detroit-mercy,2020-21
9,76,9,2021-01-01,Detroit Mercy,,Milwaukee,REG (Conf),L 43-64,*,39,6,19,.316,3,10,.300,3,9,.333,.395,2,2,1.000,0,1,1,0,1,0,3,3,17,3.2,Kaela Webb,https://www.sports-reference.com/cbb/players/kaela-webb-1.html,detroit-mercy,2020-21
10,77,10,2021-01-02,Detroit Mercy,,Milwaukee,REG (Conf),L 38-77,*,30,2,10,.200,1,6,.167,1,4,.250,.250,4,4,1.000,0,1,1,1,1,0,3,2,9,1.0,Kaela Webb,https://www.sports-reference.com/cbb/players/kaela-webb-1.html,detroit-mercy,2020-21
11,78,11,2021-01-08,Detroit Mercy,@,Green Bay,REG (Conf),L 49-64,*,35,7,20,.350,5,9,.556,2,11,.182,.475,3,4,.750,1,2,3,2,3,0,2,3,22,12.9,Kaela Webb,https://www.sports-reference.com/cbb/players/kaela-webb-1.html,detroit-mercy,2020-21
12,79,12,2021-01-09,Detroit Mercy,@,Green Bay,REG (Conf),L 48-61,*,35,6,15,.400,3,7,.429,3,8,.375,.500,0,0,,1,1,2,1,2,0,5,1,15,5.2,Kaela Webb,https://www.sports-reference.com/cbb/players/kaela-webb-1.html,detroit-mercy,2020-21
