ranker,player_game_num_career,team_game_num_season,date,team_name_abbr,game_location,opp_name_abbr,game_type,game_result,is_starter,mp,fg,fga,fg3,fg3a,fg2,fg2a,ft,fta,ft_pct,orb,drb,trb,ast,stl,blk,tov,pf,pts,game_score,player_name,player_sr_link,school,season
1,1,2,2020-11-29,Detroit Mercy,,Indiana State,REG (Non-Conf),L 79-84,,2,0,0,0,0,0,0,0,0,,0,0,0,0,0,0,0,0,0,0.0,Maddie Puletti,https://www.sports-reference.com/cbb/players/maddie-puletti-1.html,detroit-mercy,2020-21
2,2,3,2020-12-02,Detroit Mercy,@,Michigan State,REG (Non-Conf),L 45-82,,4,0,0,0,0,0,0,1,2,.500,0,0,0,0,0,0,0,0,1,0.6,Maddie Puletti,https://www.sports-reference.com/cbb/players/maddie-puletti-1.html,detroit-mercy,2020-21
3,3,5,2020-12-12,Detroit Mercy,,Wright State,REG (Conf),L 55-75,,2,0,0,0,0,0,0,0,0,,0,0,0,0,0,0,0,0,0,0.0,Maddie Puletti,https://www.sports-reference.com/cbb/players/maddie-puletti-1.html,detroit-mercy,2020-21
4,4,6,2020-12-13,Detroit Mercy,,Wright State,REG (Conf),L 43-73,,3,0,0,0,0,0,0,0,0,,1,0,1,0,0,0,0,0,0,0.7,Maddie Puletti,https://www.sports-reference.com/cbb/players/maddie-puletti-1.html,detroit-mercy,2020-21
5,5,8,2020-12-20,Detroit Mercy,@,Illinois–Chicago,REG (Conf),W 72-58,,1,0,0,0,0,0,0,0,0,,0,0,0,0,0,0,0,0,0,0.0,Maddie Puletti,https://www.sports-reference.com/cbb/players/maddie-puletti-1.html,detroit-mercy,2020-21
