ranker,player_game_num_career,team_game_num_season,date,team_name_abbr,game_location,opp_name_abbr,game_type,game_result,is_starter,mp,fg,fga,fg_pct,fg3,fg3a,fg3_pct,fg2,fg2a,fg2_pct,efg_pct,ft,fta,ft_pct,orb,drb,trb,ast,stl,blk,tov,pf,pts,game_score,player_name,player_sr_link,school,season
1,31,1,2020-11-25,Detroit Mercy,,Xavier,REG (Non-Conf),L 73-81,,34,4,9,.444,1,3,.333,3,6,.500,.500,8,11,.727,1,3,4,2,1,0,6,3,17,7.9,Markyia McCormick,https://www.sports-reference.com/cbb/players/markyia-mccormick-1.html,detroit-mercy,2020-21
2,32,2,2020-11-29,Detroit Mercy,,Indiana State,REG (Non-Conf),L 79-84,*,37,4,12,.333,3,5,.600,1,7,.143,.458,6,8,.750,1,3,4,2,0,0,4,0,17,8.4,Markyia McCormick,https://www.sports-reference.com/cbb/players/markyia-mccormick-1.html,detroit-mercy,2020-21
3,33,3,2020-12-02,Detroit Mercy,@,Michigan State,REG (Non-Conf),L 45-82,*,26,4,7,.571,1,3,.333,3,4,.750,.643,0,0,,0,2,2,1,1,0,6,3,9,0.8,Markyia McCormick,https://www.sports-reference.com/cbb/players/markyia-mccormick-1.html,detroit-mercy,2020-21
4,34,4,2020-12-05,Detroit Mercy,@,Toledo,REG (Non-Conf),L 65-75,*,18,0,5,.000,0,0,,0,5,.000,.000,0,0,,0,2,2,0,1,0,1,0,0,-2.9,Markyia McCormick,https://www.sports-reference.com/cbb/players/markyia-mccormick-1.html,detroit-mercy,2020-21
5,35,5,2020-12-12,Detroit Mercy,,Wright State,REG (Conf),L 55-75,*,25,2,8,.250,0,1,.000,2,7,.286,.250,2,2,1.000,0,1,1,0,1,0,2,4,6,-1.1,Markyia McCormick,https://www.sports-reference.com/cbb/players/markyia-mccormick-1.html,detroit-mercy,2020-21
6,36,6,2020-12-13,Detroit Mercy,,Wright State,REG (Conf),L 43-73,*,22,3,8,.375,2,4,.500,1,4,.250,.500,3,4,.750,0,1,1,1,2,0,4,1,11,4.8,Markyia McCormick,https://www.sports-reference.com/cbb/players/markyia-mccormick-1.html,detroit-mercy,2020-21
7,37,7,2020-12-19,Detroit Mercy,@,Illinois–Chicago,REG (Conf),L 72-76 (OT),*,42,4,7,.571,1,2,.500,3,5,.600,.643,9,12,.750,0,4,4,4,1,0,3,1,18,15.1,Markyia McCormick,https://www.sports-reference.com/cbb/players/markyia-mccormick-1.html,detroit-mercy,2020-21
8,38,8,2020-12-20,Detroit Mercy,@,Illinois–Chicago,REG (Conf),W 72-58,*,33,3,10,.300,2,3,.667,1,7,.143,.400,2,2,1.000,1,2,3,3,1,1,5,2,10,3.5,Markyia McCormick,https://www.sports-reference.com/cbb/players/markyia-mccormick-1.html,detroit-mercy,2020-21
9,39,9,2021-01-01,Detroit Mercy,,Milwaukee,REG (Conf),L 43-64,*,18,1,3,.333,0,0,,1,3,.333,.333,3,4,.750,0,0,0,1,0,0,1,0,5,2.6,Markyia McCormick,https://www.sports-reference.com/cbb/players/markyia-mccormick-1.html,detroit-mercy,2020-21
10,40,10,2021-01-02,Detroit Mercy,,Milwaukee,REG (Conf),L 38-77,*,16,3,7,.429,0,2,.000,3,5,.600,.429,1,1,1.000,0,0,0,0,2,0,2,4,7,1.7,Markyia McCormick,https://www.sports-reference.com/cbb/players/markyia-mccormick-1.html,detroit-mercy,2020-21
11,41,11,2021-01-08,Detroit Mercy,@,Green Bay,REG (Conf),L 49-64,*,33,0,10,.000,0,4,.000,0,6,.000,.000,3,6,.500,1,2,3,2,4,0,7,3,3,-6.7,Markyia McCormick,https://www.sports-reference.com/cbb/players/markyia-mccormick-1.html,detroit-mercy,2020-21
12,42,12,2021-01-09,Detroit Mercy,@,Green Bay,REG (Conf),L 48-61,*,6,1,3,.333,0,0,,1,3,.333,.333,1,1,1.000,0,0,0,0,0,0,0,0,3,1.3,Markyia McCormick,https://www.sports-reference.com/cbb/players/markyia-mccormick-1.html,detroit-mercy,2020-21
13,43,13,2021-01-15,Detroit Mercy,,Oakland,REG (Conf),L 61-80,,34,7,18,.389,2,8,.250,5,10,.500,.444,5,8,.625,2,2,4,0,3,0,4,2,21,10.2,Markyia McCormick,https://www.sports-reference.com/cbb/players/markyia-mccormick-1.html,detroit-mercy,2020-21
14,44,14,2021-01-16,Detroit Mercy,,Oakland,REG (Conf),L 61-71,,25,3,12,.250,0,4,.000,3,8,.375,.250,1,2,.500,1,1,2,2,3,0,5,2,7,-1.0,Markyia McCormick,https://www.sports-reference.com/cbb/players/markyia-mccormick-1.html,detroit-mercy,2020-21
