ranker,player_game_num_career,team_game_num_season,date,team_name_abbr,game_location,opp_name_abbr,game_type,game_result,is_starter,mp,fg,fga,fg_pct,fg3,fg3a,fg3_pct,fg2,fg2a,fg2_pct,efg_pct,ft,fta,ft_pct,orb,drb,trb,ast,stl,blk,tov,pf,pts,game_score,player_name,player_sr_link,school,season
1,60,1,2020-11-25,Detroit Mercy,,Xavier,REG (Non-Conf),L 73-81,,9,1,4,.250,0,0,,1,4,.250,.250,0,0,,0,1,1,0,0,0,0,2,2,-0.9,Maxine Moore,https://www.sports-reference.com/cbb/players/maxine-moore-1.html,detroit-mercy,2020-21
2,61,2,2020-11-29,Detroit Mercy,,Indiana State,REG (Non-Conf),L 79-84,,14,4,5,.800,0,0,,4,5,.800,.800,0,0,,1,1,2,0,1,0,1,3,8,5.9,Maxine Moore,https://www.sports-reference.com/cbb/players/maxine-moore-1.html,detroit-mercy,2020-21
3,62,3,2020-12-02,Detroit Mercy,@,Michigan State,REG (Non-Conf),L 45-82,,9,0,2,.000,0,0,,0,2,.000,.000,0,0,,0,2,2,0,0,0,0,1,0,-1.2,Maxine Moore,https://www.sports-reference.com/cbb/players/maxine-moore-1.html,detroit-mercy,2020-21
4,63,5,2020-12-12,Detroit Mercy,,Wright State,REG (Conf),L 55-75,,11,3,6,.500,0,0,,3,6,.500,.500,1,2,.500,0,0,0,1,0,0,1,1,7,2.9,Maxine Moore,https://www.sports-reference.com/cbb/players/maxine-moore-1.html,detroit-mercy,2020-21
5,64,7,2020-12-19,Detroit Mercy,@,Illinois–Chicago,REG (Conf),L 72-76 (OT),,18,2,2,1.000,0,0,,2,2,1.000,1.000,1,2,.500,0,1,1,1,0,0,2,0,5,3.0,Maxine Moore,https://www.sports-reference.com/cbb/players/maxine-moore-1.html,detroit-mercy,2020-21
6,65,8,2020-12-20,Detroit Mercy,@,Illinois–Chicago,REG (Conf),W 72-58,,7,2,3,.667,0,0,,2,3,.667,.667,0,0,,0,3,3,0,1,0,0,1,4,4.2,Maxine Moore,https://www.sports-reference.com/cbb/players/maxine-moore-1.html,detroit-mercy,2020-21
7,66,9,2021-01-01,Detroit Mercy,,Milwaukee,REG (Conf),L 43-64,,10,1,7,.143,0,1,.000,1,6,.167,.143,0,0,,0,2,2,0,0,0,0,1,2,-2.3,Maxine Moore,https://www.sports-reference.com/cbb/players/maxine-moore-1.html,detroit-mercy,2020-21
