ranker,player_game_num_career,team_game_num_season,date,team_name_abbr,game_location,opp_name_abbr,game_type,game_result,is_starter,mp,fg,fga,fg_pct,fg3,fg3a,fg2,fg2a,fg2_pct,efg_pct,ft,fta,ft_pct,orb,drb,trb,ast,stl,blk,tov,pf,pts,game_score,player_name,player_sr_link,school,season
1,33,1,2020-11-25,Detroit Mercy,,Xavier,REG (Non-Conf),L 73-81,*,7,0,0,,0,0,0,0,,,2,2,1.000,0,0,0,0,0,0,0,2,2,1.2,Nicole Johanson,https://www.sports-reference.com/cbb/players/nicole-johanson-1.html,detroit-mercy,2020-21
2,34,2,2020-11-29,Detroit Mercy,,Indiana State,REG (Non-Conf),L 79-84,,2,0,0,,0,0,0,0,,,1,2,.500,0,0,0,0,0,0,0,0,1,0.6,Nicole Johanson,https://www.sports-reference.com/cbb/players/nicole-johanson-1.html,detroit-mercy,2020-21
3,35,3,2020-12-02,Detroit Mercy,@,Michigan State,REG (Non-Conf),L 45-82,*,24,1,1,1.000,0,0,1,1,1.000,1.000,3,6,.500,2,2,4,0,0,1,1,4,5,3.6,Nicole Johanson,https://www.sports-reference.com/cbb/players/nicole-johanson-1.html,detroit-mercy,2020-21
4,36,4,2020-12-05,Detroit Mercy,@,Toledo,REG (Non-Conf),L 65-75,*,17,1,2,.500,0,0,1,2,.500,.500,0,0,,0,1,1,0,0,0,1,1,2,-0.1,Nicole Johanson,https://www.sports-reference.com/cbb/players/nicole-johanson-1.html,detroit-mercy,2020-21
5,37,5,2020-12-12,Detroit Mercy,,Wright State,REG (Conf),L 55-75,*,21,1,5,.200,0,0,1,5,.200,.200,2,4,.500,0,6,6,0,2,1,0,2,4,3.8,Nicole Johanson,https://www.sports-reference.com/cbb/players/nicole-johanson-1.html,detroit-mercy,2020-21
6,38,6,2020-12-13,Detroit Mercy,,Wright State,REG (Conf),L 43-73,*,15,0,0,,0,0,0,0,,,1,2,.500,0,5,5,0,0,0,2,4,1,-1.5,Nicole Johanson,https://www.sports-reference.com/cbb/players/nicole-johanson-1.html,detroit-mercy,2020-21
7,39,7,2020-12-19,Detroit Mercy,@,Illinois–Chicago,REG (Conf),L 72-76 (OT),,1,1,1,1.000,0,0,1,1,1.000,1.000,0,0,,0,0,0,0,0,0,0,0,2,1.7,Nicole Johanson,https://www.sports-reference.com/cbb/players/nicole-johanson-1.html,detroit-mercy,2020-21
8,40,8,2020-12-20,Detroit Mercy,@,Illinois–Chicago,REG (Conf),W 72-58,,2,0,0,,0,0,0,0,,,0,0,,0,0,0,0,0,0,0,0,0,0.0,Nicole Johanson,https://www.sports-reference.com/cbb/players/nicole-johanson-1.html,detroit-mercy,2020-21
9,41,9,2021-01-01,Detroit Mercy,,Milwaukee,REG (Conf),L 43-64,,2,0,1,.000,0,0,0,1,.000,.000,0,0,,1,1,2,0,0,0,0,0,0,0.3,Nicole Johanson,https://www.sports-reference.com/cbb/players/nicole-johanson-1.html,detroit-mercy,2020-21
10,42,10,2021-01-02,Detroit Mercy,,Milwaukee,REG (Conf),L 38-77,,9,0,0,,0,0,0,0,,,0,2,.000,0,1,1,0,1,0,1,0,0,-0.5,Nicole Johanson,https://www.sports-reference.com/cbb/players/nicole-johanson-1.html,detroit-mercy,2020-21
11,43,11,2021-01-08,Detroit Mercy,@,Green Bay,REG (Conf),L 49-64,*,3,0,0,,0,0,0,0,,,0,0,,0,0,0,0,0,0,0,2,0,-0.8,Nicole Johanson,https://www.sports-reference.com/cbb/players/nicole-johanson-1.html,detroit-mercy,2020-21
12,44,12,2021-01-09,Detroit Mercy,@,Green Bay,REG (Conf),L 48-61,,11,0,0,,0,0,0,0,,,0,0,,0,0,0,0,1,0,0,1,0,0.6,Nicole Johanson,https://www.sports-reference.com/cbb/players/nicole-johanson-1.html,detroit-mercy,2020-21
13,45,13,2021-01-15,Detroit Mercy,,Oakland,REG (Conf),L 61-80,,4,0,1,.000,0,0,0,1,.000,.000,0,0,,0,0,0,0,0,0,0,1,0,-1.1,Nicole Johanson,https://www.sports-reference.com/cbb/players/nicole-johanson-1.html,detroit-mercy,2020-21
