ranker,player_game_num_career,team_game_num_season,date,team_name_abbr,game_location,opp_name_abbr,game_type,game_result,is_starter,mp,fg,fga,fg_pct,fg3,fg3a,fg3_pct,fg2,fg2a,fg2_pct,efg_pct,ft,fta,ft_pct,orb,drb,trb,ast,stl,blk,tov,pf,pts,game_score,player_name,player_sr_link,school,season
1,1,1,2020-11-25,Detroit Mercy,,Xavier,REG (Non-Conf),L 73-81,*,25,5,7,.714,0,0,,5,7,.714,.714,4,6,.667,1,4,5,1,1,0,4,4,14,8.3,Sammiyah Hoskin,https://www.sports-reference.com/cbb/players/sammiyah-hoskin-1.html,detroit-mercy,2020-21
2,2,2,2020-11-29,Detroit Mercy,,Indiana State,REG (Non-Conf),L 79-84,*,18,0,1,.000,0,0,,0,1,.000,.000,0,0,,0,2,2,0,0,0,3,1,0,-3.5,Sammiyah Hoskin,https://www.sports-reference.com/cbb/players/sammiyah-hoskin-1.html,detroit-mercy,2020-21
3,3,3,2020-12-02,Detroit Mercy,@,Michigan State,REG (Non-Conf),L 45-82,*,20,2,3,.667,0,0,,2,3,.667,.667,0,0,,2,4,6,1,1,0,3,2,4,3.2,Sammiyah Hoskin,https://www.sports-reference.com/cbb/players/sammiyah-hoskin-1.html,detroit-mercy,2020-21
4,4,4,2020-12-05,Detroit Mercy,@,Toledo,REG (Non-Conf),L 65-75,*,30,2,3,.667,0,0,,2,3,.667,.667,1,1,1.000,2,2,4,0,3,0,2,2,5,5.9,Sammiyah Hoskin,https://www.sports-reference.com/cbb/players/sammiyah-hoskin-1.html,detroit-mercy,2020-21
5,5,5,2020-12-12,Detroit Mercy,,Wright State,REG (Conf),L 55-75,*,24,1,3,.333,0,0,,1,3,.333,.333,1,2,.500,2,4,6,0,2,0,1,0,3,4.5,Sammiyah Hoskin,https://www.sports-reference.com/cbb/players/sammiyah-hoskin-1.html,detroit-mercy,2020-21
6,6,6,2020-12-13,Detroit Mercy,,Wright State,REG (Conf),L 43-73,*,32,0,3,.000,0,0,,0,3,.000,.000,1,4,.250,2,1,3,1,1,0,3,1,1,-2.3,Sammiyah Hoskin,https://www.sports-reference.com/cbb/players/sammiyah-hoskin-1.html,detroit-mercy,2020-21
7,7,7,2020-12-19,Detroit Mercy,@,Illinois–Chicago,REG (Conf),L 72-76 (OT),*,29,1,6,.167,0,0,,1,6,.167,.167,1,2,.500,4,2,6,3,3,1,3,5,3,3.0,Sammiyah Hoskin,https://www.sports-reference.com/cbb/players/sammiyah-hoskin-1.html,detroit-mercy,2020-21
8,8,8,2020-12-20,Detroit Mercy,@,Illinois–Chicago,REG (Conf),W 72-58,*,12,1,3,.333,0,0,,1,3,.333,.333,0,0,,3,2,5,0,0,0,0,0,2,3.0,Sammiyah Hoskin,https://www.sports-reference.com/cbb/players/sammiyah-hoskin-1.html,detroit-mercy,2020-21
9,9,9,2021-01-01,Detroit Mercy,,Milwaukee,REG (Conf),L 43-64,,23,2,6,.333,0,1,.000,2,5,.400,.333,0,0,,2,1,3,0,0,0,3,0,4,-0.7,Sammiyah Hoskin,https://www.sports-reference.com/cbb/players/sammiyah-hoskin-1.html,detroit-mercy,2020-21
10,10,10,2021-01-02,Detroit Mercy,,Milwaukee,REG (Conf),L 38-77,,22,1,6,.167,0,0,,1,6,.167,.167,2,2,1.000,0,1,1,1,1,1,2,4,4,-0.7,Sammiyah Hoskin,https://www.sports-reference.com/cbb/players/sammiyah-hoskin-1.html,detroit-mercy,2020-21
11,11,11,2021-01-08,Detroit Mercy,@,Green Bay,REG (Conf),L 49-64,,19,1,5,.200,0,0,,1,5,.200,.200,0,2,.000,1,1,2,1,0,0,0,1,2,-0.6,Sammiyah Hoskin,https://www.sports-reference.com/cbb/players/sammiyah-hoskin-1.html,detroit-mercy,2020-21
12,12,12,2021-01-09,Detroit Mercy,@,Green Bay,REG (Conf),L 48-61,,11,0,0,,0,0,,0,0,,,0,0,,1,0,1,0,1,0,1,1,0,0.3,Sammiyah Hoskin,https://www.sports-reference.com/cbb/players/sammiyah-hoskin-1.html,detroit-mercy,2020-21
13,13,14,2021-01-16,Detroit Mercy,,Oakland,REG (Conf),L 61-71,,34,5,7,.714,0,1,.000,5,6,.833,.714,0,0,,5,8,13,2,1,1,3,3,10,11.9,Sammiyah Hoskin,https://www.sports-reference.com/cbb/players/sammiyah-hoskin-1.html,detroit-mercy,2020-21
