ranker,player_game_num_career,team_game_num_season,date,team_name_abbr,game_location,opp_name_abbr,game_type,game_result,is_starter,mp,fg,fga,fg_pct,fg3,fg3a,fg3_pct,fg2,fg2a,fg2_pct,efg_pct,ft,fta,ft_pct,orb,drb,trb,ast,stl,blk,tov,pf,pts,game_score,player_name,player_sr_link,school,season
1,31,1,2020-11-25,Detroit Mercy,,Xavier,REG (Non-Conf),L 73-81,*,24,0,3,.000,0,2,.000,0,1,.000,.000,4,4,1.000,1,2,3,1,0,0,2,2,4,1.1,Sylare Starks,https://www.sports-reference.com/cbb/players/sylare-starks-1.html,detroit-mercy,2020-21
2,32,2,2020-11-29,Detroit Mercy,,Indiana State,REG (Non-Conf),L 79-84,*,8,2,5,.400,1,2,.500,1,3,.333,.500,0,0,,0,2,2,1,0,0,0,5,5,1.6,Sylare Starks,https://www.sports-reference.com/cbb/players/sylare-starks-1.html,detroit-mercy,2020-21
3,33,3,2020-12-02,Detroit Mercy,@,Michigan State,REG (Non-Conf),L 45-82,*,39,7,17,.412,3,7,.429,4,10,.400,.500,1,2,.500,0,2,2,0,0,0,4,2,18,4.3,Sylare Starks,https://www.sports-reference.com/cbb/players/sylare-starks-1.html,detroit-mercy,2020-21
4,34,4,2020-12-05,Detroit Mercy,@,Toledo,REG (Non-Conf),L 65-75,*,40,4,16,.250,1,8,.125,3,8,.375,.281,4,4,1.000,0,2,2,3,2,0,4,3,13,2.9,Sylare Starks,https://www.sports-reference.com/cbb/players/sylare-starks-1.html,detroit-mercy,2020-21
5,35,5,2020-12-12,Detroit Mercy,,Wright State,REG (Conf),L 55-75,*,22,1,7,.143,1,4,.250,0,3,.000,.214,0,0,,0,2,2,0,2,0,0,4,3,-0.5,Sylare Starks,https://www.sports-reference.com/cbb/players/sylare-starks-1.html,detroit-mercy,2020-21
6,36,6,2020-12-13,Detroit Mercy,,Wright State,REG (Conf),L 43-73,*,21,0,7,.000,0,3,.000,0,4,.000,.000,1,2,.500,0,1,1,1,0,0,1,2,1,-5.1,Sylare Starks,https://www.sports-reference.com/cbb/players/sylare-starks-1.html,detroit-mercy,2020-21
7,37,7,2020-12-19,Detroit Mercy,@,Illinois–Chicago,REG (Conf),L 72-76 (OT),*,26,1,8,.125,1,5,.200,0,3,.000,.188,0,0,,0,4,4,0,1,0,3,5,3,-5.0,Sylare Starks,https://www.sports-reference.com/cbb/players/sylare-starks-1.html,detroit-mercy,2020-21
8,38,8,2020-12-20,Detroit Mercy,@,Illinois–Chicago,REG (Conf),W 72-58,*,39,4,15,.267,2,8,.250,2,7,.286,.333,5,8,.625,2,3,5,2,1,1,1,4,15,7.7,Sylare Starks,https://www.sports-reference.com/cbb/players/sylare-starks-1.html,detroit-mercy,2020-21
9,39,9,2021-01-01,Detroit Mercy,,Milwaukee,REG (Conf),L 43-64,*,26,2,9,.222,1,2,.500,1,7,.143,.278,0,0,,1,3,4,0,0,0,4,3,5,-4.1,Sylare Starks,https://www.sports-reference.com/cbb/players/sylare-starks-1.html,detroit-mercy,2020-21
10,40,10,2021-01-02,Detroit Mercy,,Milwaukee,REG (Conf),L 38-77,*,28,1,7,.143,0,3,.000,1,4,.250,.143,0,0,,0,4,4,0,1,0,3,3,2,-4.5,Sylare Starks,https://www.sports-reference.com/cbb/players/sylare-starks-1.html,detroit-mercy,2020-21
11,41,11,2021-01-08,Detroit Mercy,@,Green Bay,REG (Conf),L 49-64,,12,1,3,.333,1,2,.500,0,1,.000,.500,0,0,,0,0,0,0,1,0,1,1,3,0.9,Sylare Starks,https://www.sports-reference.com/cbb/players/sylare-starks-1.html,detroit-mercy,2020-21
12,42,12,2021-01-09,Detroit Mercy,@,Green Bay,REG (Conf),L 48-61,,12,1,3,.333,1,3,.333,0,0,,.500,0,0,,1,2,3,3,0,0,0,1,3,4.3,Sylare Starks,https://www.sports-reference.com/cbb/players/sylare-starks-1.html,detroit-mercy,2020-21
13,43,13,2021-01-15,Detroit Mercy,,Oakland,REG (Conf),L 61-80,*,19,2,12,.167,1,7,.143,1,5,.200,.208,2,2,1.000,2,2,4,1,0,0,3,3,7,-2.1,Sylare Starks,https://www.sports-reference.com/cbb/players/sylare-starks-1.html,detroit-mercy,2020-21
14,44,14,2021-01-16,Detroit Mercy,,Oakland,REG (Conf),L 61-71,*,31,4,12,.333,2,6,.333,2,6,.333,.417,1,2,.500,2,4,6,3,0,0,2,3,11,5.3,Sylare Starks,https://www.sports-reference.com/cbb/players/sylare-starks-1.html,detroit-mercy,2020-21
