ranker,player_game_num_career,team_game_num_season,date,team_name_abbr,game_location,opp_name_abbr,game_type,game_result,is_starter,mp,fg,fga,fg_pct,fg3,fg3a,fg3_pct,fg2,fg2a,fg2_pct,efg_pct,ft,fta,ft_pct,orb,drb,trb,ast,stl,blk,tov,pf,pts,game_score,player_name,player_sr_link,school,season
1,84,1,2020-11-25,Georgia Southern,@,Jacksonville State,REG (Non-Conf),L 58-70,*,31,9,16,.563,4,6,.667,5,10,.500,.688,3,5,.600,0,5,5,3,0,0,3,1,25,16.8,A'Tyanna Gaulden,https://www.sports-reference.com/cbb/players/atyanna-gaulden-1.html,georgia-southern,2020-21
2,85,2,2020-11-28,Georgia Southern,@,Augusta,REG (Non-Conf),W 76-63,*,16,1,6,.167,0,4,.000,1,2,.500,.167,2,2,1.000,0,2,2,1,0,0,3,4,4,-3.1,A'Tyanna Gaulden,https://www.sports-reference.com/cbb/players/atyanna-gaulden-1.html,georgia-southern,2020-21
3,86,3,2020-12-03,Georgia Southern,,Furman,REG (Non-Conf),L 58-73,*,26,3,9,.333,1,5,.200,2,4,.500,.389,3,4,.750,0,4,4,3,2,0,3,3,10,5.6,A'Tyanna Gaulden,https://www.sports-reference.com/cbb/players/atyanna-gaulden-1.html,georgia-southern,2020-21
4,87,4,2020-12-12,Georgia Southern,,Coastal Georgia,REG (Non-Conf),W 118-48,*,16,2,8,.250,0,4,.000,2,4,.500,.250,2,2,1.000,0,5,5,3,3,0,0,1,6,7.4,A'Tyanna Gaulden,https://www.sports-reference.com/cbb/players/atyanna-gaulden-1.html,georgia-southern,2020-21
5,88,5,2020-12-18,Georgia Southern,,Ga. Southwestern,REG (Non-Conf),W 90-69,*,17,4,10,.400,2,6,.333,2,4,.500,.500,2,2,1.000,0,1,1,1,1,0,4,4,12,3.0,A'Tyanna Gaulden,https://www.sports-reference.com/cbb/players/atyanna-gaulden-1.html,georgia-southern,2020-21
6,89,6,2020-12-20,Georgia Southern,,Chattanooga,REG (Non-Conf),L 87-96,*,23,5,11,.455,0,3,.000,5,8,.625,.455,2,3,.667,0,5,5,4,2,0,6,2,12,5.4,A'Tyanna Gaulden,https://www.sports-reference.com/cbb/players/atyanna-gaulden-1.html,georgia-southern,2020-21
7,90,7,2020-12-21,Georgia Southern,,Western Carolina,REG (Non-Conf),W 89-61,*,25,8,13,.615,3,4,.750,5,9,.556,.731,0,0,,0,4,4,2,4,0,4,2,19,14.9,A'Tyanna Gaulden,https://www.sports-reference.com/cbb/players/atyanna-gaulden-1.html,georgia-southern,2020-21
8,91,8,2021-01-01,Georgia Southern,@,South Alabama,REG (Conf),L 65-71,*,25,1,10,.100,0,4,.000,1,6,.167,.100,2,4,.500,0,4,4,2,2,0,4,3,4,-4.0,A'Tyanna Gaulden,https://www.sports-reference.com/cbb/players/atyanna-gaulden-1.html,georgia-southern,2020-21
9,92,9,2021-01-02,Georgia Southern,@,South Alabama,REG (Conf),W 78-71,*,25,3,7,.429,1,4,.250,2,3,.667,.500,8,10,.800,1,3,4,0,2,0,1,2,15,12.3,A'Tyanna Gaulden,https://www.sports-reference.com/cbb/players/atyanna-gaulden-1.html,georgia-southern,2020-21
10,93,10,2021-01-08,Georgia Southern,,Appalachian State,REG (Conf),W 87-56,*,21,2,5,.400,2,3,.667,0,2,.000,.600,1,2,.500,0,1,1,1,3,0,1,0,7,6.9,A'Tyanna Gaulden,https://www.sports-reference.com/cbb/players/atyanna-gaulden-1.html,georgia-southern,2020-21
11,94,11,2021-01-09,Georgia Southern,,Appalachian State,REG (Conf),L 58-70,*,26,5,12,.417,0,4,.000,5,8,.625,.417,0,0,,0,5,5,1,4,0,3,2,10,6.0,A'Tyanna Gaulden,https://www.sports-reference.com/cbb/players/atyanna-gaulden-1.html,georgia-southern,2020-21
12,95,13,2021-01-16,Georgia Southern,@,Troy,REG (Conf),L 69-82,,23,7,15,.467,0,4,.000,7,11,.636,.467,8,11,.727,0,3,3,5,0,0,6,5,22,9.5,A'Tyanna Gaulden,https://www.sports-reference.com/cbb/players/atyanna-gaulden-1.html,georgia-southern,2020-21
13,96,14,2021-01-22,Georgia Southern,,South Alabama,REG (Conf),L 58-59,*,20,2,9,.222,1,4,.250,1,5,.200,.278,2,2,1.000,1,0,1,3,0,0,4,1,7,-0.1,A'Tyanna Gaulden,https://www.sports-reference.com/cbb/players/atyanna-gaulden-1.html,georgia-southern,2020-21
14,97,15,2021-01-23,Georgia Southern,,South Alabama,REG (Conf),W 68-56,*,17,0,5,.000,0,1,.000,0,4,.000,.000,0,0,,0,5,5,2,1,0,2,1,0,-2.0,A'Tyanna Gaulden,https://www.sports-reference.com/cbb/players/atyanna-gaulden-1.html,georgia-southern,2020-21
15,98,16,2021-02-05,Georgia Southern,,Troy,REG (Conf),W 96-91,*,21,4,9,.444,3,4,.750,1,5,.200,.611,2,4,.500,0,2,2,5,1,0,1,4,13,10.0,A'Tyanna Gaulden,https://www.sports-reference.com/cbb/players/atyanna-gaulden-1.html,georgia-southern,2020-21
16,99,17,2021-02-06,Georgia Southern,,Troy,REG (Conf),L 83-92,*,23,4,12,.333,1,7,.143,3,5,.600,.375,0,0,,2,2,4,6,1,0,2,3,9,6.2,A'Tyanna Gaulden,https://www.sports-reference.com/cbb/players/atyanna-gaulden-1.html,georgia-southern,2020-21
17,100,20,2021-02-20,Georgia Southern,,North Carolina Central,REG (Non-Conf),W 84-60,,7,0,1,.000,0,0,,0,1,.000,.000,0,0,,0,0,0,0,1,0,2,3,0,-2.9,A'Tyanna Gaulden,https://www.sports-reference.com/cbb/players/atyanna-gaulden-1.html,georgia-southern,2020-21
18,101,21,2021-02-21,Georgia Southern,,North Carolina Central,REG (Non-Conf),W 73-65,,5,1,3,.333,1,2,.500,0,1,.000,.500,0,0,,0,0,0,1,0,0,0,4,3,0.4,A'Tyanna Gaulden,https://www.sports-reference.com/cbb/players/atyanna-gaulden-1.html,georgia-southern,2020-21
19,102,22,2021-02-26,Georgia Southern,@,Appalachian State,REG (Conf),L 66-77,,6,1,3,.333,0,1,.000,1,2,.500,.333,2,2,1.000,0,0,0,0,0,0,1,1,4,0.9,A'Tyanna Gaulden,https://www.sports-reference.com/cbb/players/atyanna-gaulden-1.html,georgia-southern,2020-21
