ranker,player_game_num_career,team_game_num_season,date,team_name_abbr,game_location,opp_name_abbr,game_type,game_result,is_starter,mp,fg,fga,fg_pct,fg3,fg3a,fg3_pct,fg2,fg2a,fg2_pct,efg_pct,ft,fta,ft_pct,orb,drb,trb,ast,stl,blk,tov,pf,pts,game_score,player_name,player_sr_link,school,season
1,1,1,2020-11-25,Georgia Southern,@,Jacksonville State,REG (Non-Conf),L 58-70,,9,0,4,.000,0,2,.000,0,2,.000,.000,0,0,,1,2,3,0,1,0,1,2,0,-2.3,Daeja Holmes,https://www.sports-reference.com/cbb/players/daeja-holmes-1.html,georgia-southern,2020-21
2,2,3,2020-12-03,Georgia Southern,,Furman,REG (Non-Conf),L 58-73,,23,3,12,.250,0,4,.000,3,8,.375,.250,0,0,,1,1,2,5,2,0,1,4,6,2.7,Daeja Holmes,https://www.sports-reference.com/cbb/players/daeja-holmes-1.html,georgia-southern,2020-21
3,3,4,2020-12-12,Georgia Southern,,Coastal Georgia,REG (Non-Conf),W 118-48,,11,2,5,.400,2,4,.500,0,1,.000,.600,6,6,1.000,1,0,1,0,2,1,3,2,12,8.9,Daeja Holmes,https://www.sports-reference.com/cbb/players/daeja-holmes-1.html,georgia-southern,2020-21
4,4,5,2020-12-18,Georgia Southern,,Ga. Southwestern,REG (Non-Conf),W 90-69,,17,2,5,.400,1,4,.250,1,1,1.000,.500,1,1,1.000,0,0,0,0,2,0,0,1,6,4.9,Daeja Holmes,https://www.sports-reference.com/cbb/players/daeja-holmes-1.html,georgia-southern,2020-21
5,5,6,2020-12-20,Georgia Southern,,Chattanooga,REG (Non-Conf),L 87-96,,16,3,7,.429,1,3,.333,2,4,.500,.500,2,2,1.000,1,1,2,0,2,0,0,2,9,7.5,Daeja Holmes,https://www.sports-reference.com/cbb/players/daeja-holmes-1.html,georgia-southern,2020-21
6,6,7,2020-12-21,Georgia Southern,,Western Carolina,REG (Non-Conf),W 89-61,,17,4,10,.400,4,5,.800,0,5,.000,.600,4,6,.667,1,1,2,4,3,0,2,0,16,14.6,Daeja Holmes,https://www.sports-reference.com/cbb/players/daeja-holmes-1.html,georgia-southern,2020-21
7,7,8,2021-01-01,Georgia Southern,@,South Alabama,REG (Conf),L 65-71,,15,2,5,.400,0,3,.000,2,2,1.000,.400,1,1,1.000,1,1,2,2,1,0,4,1,5,1.3,Daeja Holmes,https://www.sports-reference.com/cbb/players/daeja-holmes-1.html,georgia-southern,2020-21
8,8,9,2021-01-02,Georgia Southern,@,South Alabama,REG (Conf),W 78-71,,26,5,9,.556,3,5,.600,2,4,.500,.722,0,0,,2,1,3,2,2,0,3,2,13,10.0,Daeja Holmes,https://www.sports-reference.com/cbb/players/daeja-holmes-1.html,georgia-southern,2020-21
9,9,10,2021-01-08,Georgia Southern,,Appalachian State,REG (Conf),W 87-56,,16,4,6,.667,3,3,1.000,1,3,.333,.917,0,0,,0,2,2,2,1,0,3,1,11,8.0,Daeja Holmes,https://www.sports-reference.com/cbb/players/daeja-holmes-1.html,georgia-southern,2020-21
10,10,11,2021-01-09,Georgia Southern,,Appalachian State,REG (Conf),L 58-70,,17,2,6,.333,2,5,.400,0,1,.000,.500,0,0,,1,2,3,1,0,0,2,0,6,2.6,Daeja Holmes,https://www.sports-reference.com/cbb/players/daeja-holmes-1.html,georgia-southern,2020-21
11,11,12,2021-01-15,Georgia Southern,@,Troy,REG (Conf),L 70-87,,14,0,4,.000,0,3,.000,0,1,.000,.000,0,0,,0,2,2,1,0,1,0,1,0,-1.2,Daeja Holmes,https://www.sports-reference.com/cbb/players/daeja-holmes-1.html,georgia-southern,2020-21
12,12,13,2021-01-16,Georgia Southern,@,Troy,REG (Conf),L 69-82,,16,1,3,.333,1,2,.500,0,1,.000,.500,0,0,,0,1,1,0,0,0,3,4,3,-3.0,Daeja Holmes,https://www.sports-reference.com/cbb/players/daeja-holmes-1.html,georgia-southern,2020-21
13,13,14,2021-01-22,Georgia Southern,,South Alabama,REG (Conf),L 58-59,,23,5,9,.556,4,6,.667,1,3,.333,.778,4,4,1.000,0,3,3,2,0,0,3,3,18,11.8,Daeja Holmes,https://www.sports-reference.com/cbb/players/daeja-holmes-1.html,georgia-southern,2020-21
14,14,15,2021-01-23,Georgia Southern,,South Alabama,REG (Conf),W 68-56,,24,4,6,.667,3,4,.750,1,2,.500,.917,0,0,,1,1,2,1,2,0,4,3,11,6.9,Daeja Holmes,https://www.sports-reference.com/cbb/players/daeja-holmes-1.html,georgia-southern,2020-21
15,15,16,2021-02-05,Georgia Southern,,Troy,REG (Conf),W 96-91,,10,0,3,.000,0,2,.000,0,1,.000,.000,0,0,,0,0,0,1,1,0,0,1,0,-0.8,Daeja Holmes,https://www.sports-reference.com/cbb/players/daeja-holmes-1.html,georgia-southern,2020-21
16,16,17,2021-02-06,Georgia Southern,,Troy,REG (Conf),L 83-92,,3,0,1,.000,0,1,.000,0,0,,.000,0,0,,0,1,1,0,0,0,2,1,0,-2.8,Daeja Holmes,https://www.sports-reference.com/cbb/players/daeja-holmes-1.html,georgia-southern,2020-21
17,17,18,2021-02-11,Georgia Southern,,Georgia State,REG (Conf),W 77-69,,17,2,7,.286,1,4,.250,1,3,.333,.357,2,4,.500,0,1,1,2,4,0,4,1,7,3.4,Daeja Holmes,https://www.sports-reference.com/cbb/players/daeja-holmes-1.html,georgia-southern,2020-21
18,18,19,2021-02-13,Georgia Southern,@,Georgia State,REG (Conf),L 66-71,,17,3,9,.333,2,8,.250,1,1,1.000,.444,0,0,,1,2,3,2,1,0,0,2,8,5.8,Daeja Holmes,https://www.sports-reference.com/cbb/players/daeja-holmes-1.html,georgia-southern,2020-21
19,19,20,2021-02-20,Georgia Southern,,North Carolina Central,REG (Non-Conf),W 84-60,,12,2,6,.333,0,2,.000,2,4,.500,.333,0,0,,1,3,4,3,1,0,2,1,4,2.9,Daeja Holmes,https://www.sports-reference.com/cbb/players/daeja-holmes-1.html,georgia-southern,2020-21
20,20,21,2021-02-21,Georgia Southern,,North Carolina Central,REG (Non-Conf),W 73-65,,22,7,13,.538,3,6,.500,4,7,.571,.654,2,3,.667,1,2,3,2,4,0,6,1,19,12.6,Daeja Holmes,https://www.sports-reference.com/cbb/players/daeja-holmes-1.html,georgia-southern,2020-21
21,21,22,2021-02-26,Georgia Southern,@,Appalachian State,REG (Conf),L 66-77,,11,0,0,,0,0,,0,0,,,0,0,,1,1,2,0,0,0,3,1,0,-2.4,Daeja Holmes,https://www.sports-reference.com/cbb/players/daeja-holmes-1.html,georgia-southern,2020-21
22,22,23,2021-02-27,Georgia Southern,@,Appalachian State,REG (Conf),L 78-81,,18,1,6,.167,1,5,.200,0,1,.000,.250,0,0,,0,1,1,1,1,0,1,1,3,-0.2,Daeja Holmes,https://www.sports-reference.com/cbb/players/daeja-holmes-1.html,georgia-southern,2020-21
23,23,24,2021-03-05,Georgia Southern,@,Texas State,CTOURN,L 61-94,,21,2,9,.222,1,7,.143,1,2,.500,.278,7,7,1.000,1,0,1,1,3,0,1,3,12,8.7,Daeja Holmes,https://www.sports-reference.com/cbb/players/daeja-holmes-1.html,georgia-southern,2020-21
