ranker,player_game_num_career,team_game_num_season,date,team_name_abbr,game_location,opp_name_abbr,game_type,game_result,is_starter,mp,fg,fga,fg_pct,fg3,fg3a,fg3_pct,fg2,fg2a,fg2_pct,efg_pct,ft,fta,ft_pct,orb,drb,trb,ast,stl,blk,tov,pf,pts,game_score,player_name,player_sr_link,school,season
1,1,1,2020-11-25,Georgia Southern,@,Jacksonville State,REG (Non-Conf),L 58-70,*,21,5,6,.833,1,2,.500,4,4,1.000,.917,1,1,1.000,0,3,3,0,0,0,3,1,12,7.3,Eden Johnson,https://www.sports-reference.com/cbb/players/eden-johnson-1.html,georgia-southern,2020-21
2,2,2,2020-11-28,Georgia Southern,@,Augusta,REG (Non-Conf),W 76-63,*,19,3,5,.600,0,1,.000,3,4,.750,.600,4,4,1.000,0,4,4,0,0,1,2,3,10,6.4,Eden Johnson,https://www.sports-reference.com/cbb/players/eden-johnson-1.html,georgia-southern,2020-21
3,3,3,2020-12-03,Georgia Southern,,Furman,REG (Non-Conf),L 58-73,*,18,2,4,.500,0,0,,2,4,.500,.500,1,2,.500,2,2,4,0,0,1,2,2,5,2.5,Eden Johnson,https://www.sports-reference.com/cbb/players/eden-johnson-1.html,georgia-southern,2020-21
4,4,4,2020-12-12,Georgia Southern,,Coastal Georgia,REG (Non-Conf),W 118-48,*,11,2,5,.400,0,0,,2,5,.400,.400,0,0,,4,3,7,0,0,0,2,2,4,2.2,Eden Johnson,https://www.sports-reference.com/cbb/players/eden-johnson-1.html,georgia-southern,2020-21
5,5,5,2020-12-18,Georgia Southern,,Ga. Southwestern,REG (Non-Conf),W 90-69,*,14,2,4,.500,0,0,,2,4,.500,.500,2,2,1.000,2,3,5,1,0,0,1,2,6,5.2,Eden Johnson,https://www.sports-reference.com/cbb/players/eden-johnson-1.html,georgia-southern,2020-21
6,6,6,2020-12-20,Georgia Southern,,Chattanooga,REG (Non-Conf),L 87-96,*,10,1,2,.500,0,0,,1,2,.500,.500,2,2,1.000,1,0,1,0,1,0,0,2,4,3.9,Eden Johnson,https://www.sports-reference.com/cbb/players/eden-johnson-1.html,georgia-southern,2020-21
7,7,7,2020-12-21,Georgia Southern,,Western Carolina,REG (Non-Conf),W 89-61,*,18,2,5,.400,0,0,,2,5,.400,.400,1,1,1.000,2,0,2,1,1,0,1,1,5,4.0,Eden Johnson,https://www.sports-reference.com/cbb/players/eden-johnson-1.html,georgia-southern,2020-21
8,8,8,2021-01-01,Georgia Southern,@,South Alabama,REG (Conf),L 65-71,*,11,2,4,.500,0,0,,2,4,.500,.500,0,0,,1,1,2,2,1,0,3,2,4,1.6,Eden Johnson,https://www.sports-reference.com/cbb/players/eden-johnson-1.html,georgia-southern,2020-21
9,9,9,2021-01-02,Georgia Southern,@,South Alabama,REG (Conf),W 78-71,*,13,1,7,.143,0,1,.000,1,6,.167,.143,0,0,,2,1,3,0,0,2,1,0,2,-0.4,Eden Johnson,https://www.sports-reference.com/cbb/players/eden-johnson-1.html,georgia-southern,2020-21
10,10,10,2021-01-08,Georgia Southern,,Appalachian State,REG (Conf),W 87-56,*,14,2,5,.400,0,1,.000,2,4,.500,.400,0,0,,0,1,1,1,0,0,0,1,4,1.9,Eden Johnson,https://www.sports-reference.com/cbb/players/eden-johnson-1.html,georgia-southern,2020-21
11,11,11,2021-01-09,Georgia Southern,,Appalachian State,REG (Conf),L 58-70,*,9,0,2,.000,0,0,,0,2,.000,.000,0,0,,0,2,2,0,0,0,3,3,0,-5.0,Eden Johnson,https://www.sports-reference.com/cbb/players/eden-johnson-1.html,georgia-southern,2020-21
12,12,12,2021-01-15,Georgia Southern,@,Troy,REG (Conf),L 70-87,*,24,7,9,.778,2,3,.667,5,6,.833,.889,0,0,,1,3,4,1,3,0,3,3,16,13.6,Eden Johnson,https://www.sports-reference.com/cbb/players/eden-johnson-1.html,georgia-southern,2020-21
13,13,13,2021-01-16,Georgia Southern,@,Troy,REG (Conf),L 69-82,*,25,3,14,.214,0,2,.000,3,12,.250,.214,0,0,,3,1,4,1,0,0,0,1,6,0.1,Eden Johnson,https://www.sports-reference.com/cbb/players/eden-johnson-1.html,georgia-southern,2020-21
14,14,14,2021-01-22,Georgia Southern,,South Alabama,REG (Conf),L 58-59,*,12,0,5,.000,0,1,.000,0,4,.000,.000,0,0,,0,0,0,0,0,0,0,0,0,-3.5,Eden Johnson,https://www.sports-reference.com/cbb/players/eden-johnson-1.html,georgia-southern,2020-21
15,15,15,2021-01-23,Georgia Southern,,South Alabama,REG (Conf),W 68-56,*,4,0,2,.000,0,1,.000,0,1,.000,.000,0,0,,0,0,0,0,0,0,0,0,0,-1.4,Eden Johnson,https://www.sports-reference.com/cbb/players/eden-johnson-1.html,georgia-southern,2020-21
16,16,16,2021-02-05,Georgia Southern,,Troy,REG (Conf),W 96-91,*,30,8,12,.667,4,5,.800,4,7,.571,.833,0,0,,0,2,2,2,1,3,0,2,20,19.1,Eden Johnson,https://www.sports-reference.com/cbb/players/eden-johnson-1.html,georgia-southern,2020-21
17,17,17,2021-02-06,Georgia Southern,,Troy,REG (Conf),L 83-92,*,29,4,12,.333,1,6,.167,3,6,.500,.375,1,2,.500,3,5,8,0,1,0,1,1,10,6.0,Eden Johnson,https://www.sports-reference.com/cbb/players/eden-johnson-1.html,georgia-southern,2020-21
18,18,18,2021-02-11,Georgia Southern,,Georgia State,REG (Conf),W 77-69,*,13,0,1,.000,0,1,.000,0,0,,.000,0,0,,0,2,2,1,1,1,1,3,0,0.1,Eden Johnson,https://www.sports-reference.com/cbb/players/eden-johnson-1.html,georgia-southern,2020-21
19,19,19,2021-02-13,Georgia Southern,@,Georgia State,REG (Conf),L 66-71,*,18,3,6,.500,0,2,.000,3,4,.750,.500,2,2,1.000,1,3,4,0,0,2,0,1,8,7.6,Eden Johnson,https://www.sports-reference.com/cbb/players/eden-johnson-1.html,georgia-southern,2020-21
20,20,20,2021-02-20,Georgia Southern,,North Carolina Central,REG (Non-Conf),W 84-60,*,12,2,4,.500,1,1,1.000,1,3,.333,.625,0,0,,1,1,2,1,0,0,3,1,5,1.3,Eden Johnson,https://www.sports-reference.com/cbb/players/eden-johnson-1.html,georgia-southern,2020-21
21,21,21,2021-02-21,Georgia Southern,,North Carolina Central,REG (Non-Conf),W 73-65,*,7,0,4,.000,0,3,.000,0,1,.000,.000,0,0,,0,1,1,0,0,0,2,0,0,-4.5,Eden Johnson,https://www.sports-reference.com/cbb/players/eden-johnson-1.html,georgia-southern,2020-21
22,22,22,2021-02-26,Georgia Southern,@,Appalachian State,REG (Conf),L 66-77,*,25,4,7,.571,1,2,.500,3,5,.600,.643,2,2,1.000,2,3,5,0,4,2,1,1,11,14.0,Eden Johnson,https://www.sports-reference.com/cbb/players/eden-johnson-1.html,georgia-southern,2020-21
23,23,23,2021-02-27,Georgia Southern,@,Appalachian State,REG (Conf),L 78-81,*,33,3,9,.333,1,4,.250,2,5,.400,.389,5,5,1.000,1,3,4,0,2,0,3,0,12,7.5,Eden Johnson,https://www.sports-reference.com/cbb/players/eden-johnson-1.html,georgia-southern,2020-21
24,24,24,2021-03-05,Georgia Southern,@,Texas State,CTOURN,L 61-94,*,17,2,3,.667,0,1,.000,2,2,1.000,.667,0,0,,0,1,1,1,1,0,2,1,4,2.3,Eden Johnson,https://www.sports-reference.com/cbb/players/eden-johnson-1.html,georgia-southern,2020-21
