ranker,player_game_num_career,team_game_num_season,date,team_name_abbr,game_location,opp_name_abbr,game_type,game_result,is_starter,mp,fg,fga,fg_pct,fg3,fg3a,fg3_pct,fg2,fg2a,fg2_pct,efg_pct,ft,fta,ft_pct,orb,drb,trb,ast,stl,blk,tov,pf,pts,game_score,player_name,player_sr_link,school,season
1,11,1,2020-11-25,Georgia Southern,@,Jacksonville State,REG (Non-Conf),L 58-70,*,28,0,6,.000,0,1,.000,0,5,.000,.000,4,4,1.000,0,4,4,1,0,0,3,1,4,-1.7,Ja'Nya Love-Hill,https://www.sports-reference.com/cbb/players/janya-love-hill-1.html,georgia-southern,2020-21
2,12,2,2020-11-28,Georgia Southern,@,Augusta,REG (Non-Conf),W 76-63,*,25,1,4,.250,0,0,,1,4,.250,.250,2,4,.500,1,1,2,4,2,0,6,1,4,0.2,Ja'Nya Love-Hill,https://www.sports-reference.com/cbb/players/janya-love-hill-1.html,georgia-southern,2020-21
3,13,3,2020-12-03,Georgia Southern,,Furman,REG (Non-Conf),L 58-73,*,3,0,0,,0,0,,0,0,,,0,0,,0,0,0,1,0,0,2,2,0,-2.1,Ja'Nya Love-Hill,https://www.sports-reference.com/cbb/players/janya-love-hill-1.html,georgia-southern,2020-21
4,14,4,2020-12-12,Georgia Southern,,Coastal Georgia,REG (Non-Conf),W 118-48,,17,2,8,.250,0,1,.000,2,7,.286,.250,2,2,1.000,0,2,2,4,5,0,5,3,6,3.4,Ja'Nya Love-Hill,https://www.sports-reference.com/cbb/players/janya-love-hill-1.html,georgia-southern,2020-21
5,15,5,2020-12-18,Georgia Southern,,Ga. Southwestern,REG (Non-Conf),W 90-69,,15,1,2,.500,0,0,,1,2,.500,.500,0,0,,0,1,1,1,1,0,5,1,2,-2.4,Ja'Nya Love-Hill,https://www.sports-reference.com/cbb/players/janya-love-hill-1.html,georgia-southern,2020-21
6,16,6,2020-12-20,Georgia Southern,,Chattanooga,REG (Non-Conf),L 87-96,,12,2,4,.500,1,2,.500,1,2,.500,.625,0,0,,0,1,1,2,2,0,0,1,5,6.3,Ja'Nya Love-Hill,https://www.sports-reference.com/cbb/players/janya-love-hill-1.html,georgia-southern,2020-21
7,17,7,2020-12-21,Georgia Southern,,Western Carolina,REG (Non-Conf),W 89-61,,8,0,0,,0,0,,0,0,,,0,0,,1,1,2,0,1,0,1,1,0,0.6,Ja'Nya Love-Hill,https://www.sports-reference.com/cbb/players/janya-love-hill-1.html,georgia-southern,2020-21
8,18,8,2021-01-01,Georgia Southern,@,South Alabama,REG (Conf),L 65-71,,7,0,2,.000,0,0,,0,2,.000,.000,0,0,,0,1,1,1,1,0,0,0,0,0.6,Ja'Nya Love-Hill,https://www.sports-reference.com/cbb/players/janya-love-hill-1.html,georgia-southern,2020-21
9,19,9,2021-01-02,Georgia Southern,@,South Alabama,REG (Conf),W 78-71,,3,0,0,,0,0,,0,0,,,0,0,,0,0,0,1,0,0,0,0,0,0.7,Ja'Nya Love-Hill,https://www.sports-reference.com/cbb/players/janya-love-hill-1.html,georgia-southern,2020-21
10,20,10,2021-01-08,Georgia Southern,,Appalachian State,REG (Conf),W 87-56,,2,0,0,,0,0,,0,0,,,0,0,,0,0,0,0,0,0,1,1,0,-1.4,Ja'Nya Love-Hill,https://www.sports-reference.com/cbb/players/janya-love-hill-1.html,georgia-southern,2020-21
11,21,12,2021-01-15,Georgia Southern,@,Troy,REG (Conf),L 70-87,*,27,3,7,.429,0,3,.000,3,4,.750,.429,1,2,.500,2,3,5,4,4,0,2,3,7,8.8,Ja'Nya Love-Hill,https://www.sports-reference.com/cbb/players/janya-love-hill-1.html,georgia-southern,2020-21
12,22,13,2021-01-16,Georgia Southern,@,Troy,REG (Conf),L 69-82,*,15,1,5,.200,0,1,.000,1,4,.250,.200,0,0,,1,4,5,2,0,0,1,0,2,1.2,Ja'Nya Love-Hill,https://www.sports-reference.com/cbb/players/janya-love-hill-1.html,georgia-southern,2020-21
13,23,14,2021-01-22,Georgia Southern,,South Alabama,REG (Conf),L 58-59,,19,2,4,.500,1,2,.500,1,2,.500,.625,0,1,.000,2,2,4,0,1,0,0,2,5,4.8,Ja'Nya Love-Hill,https://www.sports-reference.com/cbb/players/janya-love-hill-1.html,georgia-southern,2020-21
14,24,15,2021-01-23,Georgia Southern,,South Alabama,REG (Conf),W 68-56,,23,2,3,.667,0,0,,2,3,.667,.667,5,6,.833,1,4,5,1,2,1,4,2,9,7.8,Ja'Nya Love-Hill,https://www.sports-reference.com/cbb/players/janya-love-hill-1.html,georgia-southern,2020-21
15,25,16,2021-02-05,Georgia Southern,,Troy,REG (Conf),W 96-91,,17,3,7,.429,0,0,,3,7,.429,.429,0,0,,0,1,1,3,1,0,4,1,6,1.3,Ja'Nya Love-Hill,https://www.sports-reference.com/cbb/players/janya-love-hill-1.html,georgia-southern,2020-21
16,26,17,2021-02-06,Georgia Southern,,Troy,REG (Conf),L 83-92,,19,2,7,.286,1,3,.333,1,4,.250,.357,0,0,,1,2,3,2,1,0,2,1,5,2.2,Ja'Nya Love-Hill,https://www.sports-reference.com/cbb/players/janya-love-hill-1.html,georgia-southern,2020-21
17,27,18,2021-02-11,Georgia Southern,,Georgia State,REG (Conf),W 77-69,*,30,2,3,.667,1,1,1.000,1,2,.500,.833,2,4,.500,2,2,4,0,2,0,5,2,7,3.1,Ja'Nya Love-Hill,https://www.sports-reference.com/cbb/players/janya-love-hill-1.html,georgia-southern,2020-21
18,28,19,2021-02-13,Georgia Southern,@,Georgia State,REG (Conf),L 66-71,*,25,3,8,.375,0,2,.000,3,6,.500,.375,4,6,.667,2,1,3,5,0,0,5,3,10,3.8,Ja'Nya Love-Hill,https://www.sports-reference.com/cbb/players/janya-love-hill-1.html,georgia-southern,2020-21
19,29,20,2021-02-20,Georgia Southern,,North Carolina Central,REG (Non-Conf),W 84-60,*,18,2,4,.500,0,1,.000,2,3,.667,.500,0,1,.000,0,4,4,2,2,0,5,2,4,0.4,Ja'Nya Love-Hill,https://www.sports-reference.com/cbb/players/janya-love-hill-1.html,georgia-southern,2020-21
20,30,21,2021-02-21,Georgia Southern,,North Carolina Central,REG (Non-Conf),W 73-65,*,29,1,5,.200,0,1,.000,1,4,.250,.200,6,11,.545,0,8,8,7,3,0,6,4,8,5.6,Ja'Nya Love-Hill,https://www.sports-reference.com/cbb/players/janya-love-hill-1.html,georgia-southern,2020-21
21,31,22,2021-02-26,Georgia Southern,@,Appalachian State,REG (Conf),L 66-77,*,28,2,6,.333,0,0,,2,6,.333,.333,8,10,.800,1,2,3,2,1,0,4,0,12,7.5,Ja'Nya Love-Hill,https://www.sports-reference.com/cbb/players/janya-love-hill-1.html,georgia-southern,2020-21
22,32,23,2021-02-27,Georgia Southern,@,Appalachian State,REG (Conf),L 78-81,*,28,1,8,.125,0,0,,1,8,.125,.125,0,0,,2,1,3,2,0,0,1,5,2,-3.1,Ja'Nya Love-Hill,https://www.sports-reference.com/cbb/players/janya-love-hill-1.html,georgia-southern,2020-21
23,33,24,2021-03-05,Georgia Southern,@,Texas State,CTOURN,L 61-94,*,29,1,5,.200,0,1,.000,1,4,.250,.200,0,0,,1,4,5,1,0,0,6,3,2,-5.7,Ja'Nya Love-Hill,https://www.sports-reference.com/cbb/players/janya-love-hill-1.html,georgia-southern,2020-21
