ranker,player_game_num_career,team_game_num_season,date,team_name_abbr,game_location,opp_name_abbr,game_type,game_result,is_starter,mp,fg,fga,fg_pct,fg3,fg3a,fg3_pct,fg2,fg2a,fg2_pct,efg_pct,ft,fta,ft_pct,orb,drb,trb,ast,stl,blk,tov,pf,pts,game_score,player_name,player_sr_link,school,season
1,31,1,2020-11-25,Georgia Southern,@,Jacksonville State,REG (Non-Conf),L 58-70,,14,0,2,.000,0,1,.000,0,1,.000,.000,0,0,,0,0,0,0,0,0,1,1,0,-2.8,Jaiden Hamilton,https://www.sports-reference.com/cbb/players/jaiden-hamilton-1.html,georgia-southern,2020-21
2,32,2,2020-11-28,Georgia Southern,@,Augusta,REG (Non-Conf),W 76-63,,17,3,9,.333,0,4,.000,3,5,.600,.333,0,0,,1,2,3,2,2,0,0,0,6,5.6,Jaiden Hamilton,https://www.sports-reference.com/cbb/players/jaiden-hamilton-1.html,georgia-southern,2020-21
3,33,3,2020-12-03,Georgia Southern,,Furman,REG (Non-Conf),L 58-73,,5,0,0,,0,0,,0,0,,,3,4,.750,0,0,0,0,0,0,0,0,3,2.6,Jaiden Hamilton,https://www.sports-reference.com/cbb/players/jaiden-hamilton-1.html,georgia-southern,2020-21
4,34,4,2020-12-12,Georgia Southern,,Coastal Georgia,REG (Non-Conf),W 118-48,,13,3,8,.375,1,1,1.000,2,7,.286,.438,4,6,.667,2,0,2,0,1,0,0,0,11,8.2,Jaiden Hamilton,https://www.sports-reference.com/cbb/players/jaiden-hamilton-1.html,georgia-southern,2020-21
5,35,5,2020-12-18,Georgia Southern,,Ga. Southwestern,REG (Non-Conf),W 90-69,,16,3,6,.500,1,4,.250,2,2,1.000,.583,4,4,1.000,0,2,2,1,3,0,1,1,11,10.9,Jaiden Hamilton,https://www.sports-reference.com/cbb/players/jaiden-hamilton-1.html,georgia-southern,2020-21
6,36,6,2020-12-20,Georgia Southern,,Chattanooga,REG (Non-Conf),L 87-96,,25,3,5,.600,3,4,.750,0,1,.000,.900,7,8,.875,0,2,2,1,2,0,1,2,16,14.8,Jaiden Hamilton,https://www.sports-reference.com/cbb/players/jaiden-hamilton-1.html,georgia-southern,2020-21
7,37,7,2020-12-21,Georgia Southern,,Western Carolina,REG (Non-Conf),W 89-61,,10,1,2,.500,1,2,.500,0,0,,.750,4,4,1.000,0,0,0,0,0,0,0,1,7,5.6,Jaiden Hamilton,https://www.sports-reference.com/cbb/players/jaiden-hamilton-1.html,georgia-southern,2020-21
8,38,8,2021-01-01,Georgia Southern,@,South Alabama,REG (Conf),L 65-71,,10,0,2,.000,0,0,,0,2,.000,.000,1,2,.500,1,0,1,0,1,0,1,2,1,-0.9,Jaiden Hamilton,https://www.sports-reference.com/cbb/players/jaiden-hamilton-1.html,georgia-southern,2020-21
9,39,9,2021-01-02,Georgia Southern,@,South Alabama,REG (Conf),W 78-71,,14,1,4,.250,0,3,.000,1,1,1.000,.250,0,0,,0,0,0,0,0,1,1,2,2,-1.5,Jaiden Hamilton,https://www.sports-reference.com/cbb/players/jaiden-hamilton-1.html,georgia-southern,2020-21
10,40,10,2021-01-08,Georgia Southern,,Appalachian State,REG (Conf),W 87-56,,24,6,7,.857,2,3,.667,4,4,1.000,1.000,2,3,.667,2,2,4,3,1,0,3,1,16,14.8,Jaiden Hamilton,https://www.sports-reference.com/cbb/players/jaiden-hamilton-1.html,georgia-southern,2020-21
11,41,11,2021-01-09,Georgia Southern,,Appalachian State,REG (Conf),L 58-70,,23,0,4,.000,0,2,.000,0,2,.000,.000,2,2,1.000,0,2,2,0,1,0,6,3,2,-6.4,Jaiden Hamilton,https://www.sports-reference.com/cbb/players/jaiden-hamilton-1.html,georgia-southern,2020-21
12,42,12,2021-01-15,Georgia Southern,@,Troy,REG (Conf),L 70-87,,19,1,5,.200,1,5,.200,0,0,,.300,2,2,1.000,1,2,3,2,0,0,3,1,5,1.2,Jaiden Hamilton,https://www.sports-reference.com/cbb/players/jaiden-hamilton-1.html,georgia-southern,2020-21
13,43,13,2021-01-16,Georgia Southern,@,Troy,REG (Conf),L 69-82,,16,2,6,.333,1,3,.333,1,3,.333,.417,0,0,,0,0,0,0,1,0,1,2,5,0.8,Jaiden Hamilton,https://www.sports-reference.com/cbb/players/jaiden-hamilton-1.html,georgia-southern,2020-21
14,44,14,2021-01-22,Georgia Southern,,South Alabama,REG (Conf),L 58-59,,9,1,2,.500,0,0,,1,2,.500,.500,1,1,1.000,0,1,1,0,0,0,2,1,3,-0.1,Jaiden Hamilton,https://www.sports-reference.com/cbb/players/jaiden-hamilton-1.html,georgia-southern,2020-21
15,45,15,2021-01-23,Georgia Southern,,South Alabama,REG (Conf),W 68-56,,10,1,3,.333,1,1,1.000,0,2,.000,.500,2,2,1.000,0,0,0,1,0,0,0,0,5,4.0,Jaiden Hamilton,https://www.sports-reference.com/cbb/players/jaiden-hamilton-1.html,georgia-southern,2020-21
16,46,16,2021-02-05,Georgia Southern,,Troy,REG (Conf),W 96-91,,14,0,3,.000,0,3,.000,0,0,,.000,0,0,,0,0,0,0,0,0,3,1,0,-5.5,Jaiden Hamilton,https://www.sports-reference.com/cbb/players/jaiden-hamilton-1.html,georgia-southern,2020-21
17,47,17,2021-02-06,Georgia Southern,,Troy,REG (Conf),L 83-92,,2,0,1,.000,0,0,,0,1,.000,.000,0,0,,0,0,0,0,0,0,0,0,0,-0.7,Jaiden Hamilton,https://www.sports-reference.com/cbb/players/jaiden-hamilton-1.html,georgia-southern,2020-21
18,48,18,2021-02-11,Georgia Southern,,Georgia State,REG (Conf),W 77-69,,11,0,1,.000,0,0,,0,1,.000,.000,0,0,,0,0,0,1,0,0,1,2,0,-1.8,Jaiden Hamilton,https://www.sports-reference.com/cbb/players/jaiden-hamilton-1.html,georgia-southern,2020-21
19,49,19,2021-02-13,Georgia Southern,@,Georgia State,REG (Conf),L 66-71,,14,0,2,.000,0,0,,0,2,.000,.000,2,2,1.000,1,0,1,0,1,0,1,1,2,0.9,Jaiden Hamilton,https://www.sports-reference.com/cbb/players/jaiden-hamilton-1.html,georgia-southern,2020-21
20,50,20,2021-02-20,Georgia Southern,,North Carolina Central,REG (Non-Conf),W 84-60,,11,1,4,.250,0,2,.000,1,2,.500,.250,0,0,,0,2,2,0,1,0,0,0,2,1.2,Jaiden Hamilton,https://www.sports-reference.com/cbb/players/jaiden-hamilton-1.html,georgia-southern,2020-21
21,51,21,2021-02-21,Georgia Southern,,North Carolina Central,REG (Non-Conf),W 73-65,,12,2,3,.667,1,2,.500,1,1,1.000,.833,0,0,,0,0,0,0,2,0,3,1,5,2.3,Jaiden Hamilton,https://www.sports-reference.com/cbb/players/jaiden-hamilton-1.html,georgia-southern,2020-21
22,52,22,2021-02-26,Georgia Southern,@,Appalachian State,REG (Conf),L 66-77,,11,0,4,.000,0,3,.000,0,1,.000,.000,0,2,.000,0,0,0,0,0,0,1,1,0,-5.0,Jaiden Hamilton,https://www.sports-reference.com/cbb/players/jaiden-hamilton-1.html,georgia-southern,2020-21
23,53,24,2021-03-05,Georgia Southern,@,Texas State,CTOURN,L 61-94,,20,1,3,.333,0,0,,1,3,.333,.333,1,2,.500,0,0,0,3,1,0,1,3,3,1.8,Jaiden Hamilton,https://www.sports-reference.com/cbb/players/jaiden-hamilton-1.html,georgia-southern,2020-21
