ranker,player_game_num_career,team_game_num_season,date,team_name_abbr,game_location,opp_name_abbr,game_type,game_result,is_starter,mp,fg,fga,fg_pct,fg3,fg3a,fg3_pct,fg2,fg2a,fg2_pct,efg_pct,ft,fta,orb,drb,trb,ast,stl,blk,tov,pf,pts,game_score,player_name,player_sr_link,school,season
1,60,2,2020-11-28,Georgia Southern,@,Augusta,REG (Non-Conf),W 76-63,,2,0,0,,0,0,,0,0,,,0,0,0,1,1,0,0,0,0,0,0,0.3,Jordan Strange,https://www.sports-reference.com/cbb/players/jordan-strange-1.html,georgia-southern,2020-21
2,61,3,2020-12-03,Georgia Southern,,Furman,REG (Non-Conf),L 58-73,,1,0,0,,0,0,,0,0,,,0,0,0,0,0,0,0,0,0,0,0,0.0,Jordan Strange,https://www.sports-reference.com/cbb/players/jordan-strange-1.html,georgia-southern,2020-21
3,62,4,2020-12-12,Georgia Southern,,Coastal Georgia,REG (Non-Conf),W 118-48,,12,1,3,.333,1,3,.333,0,0,,.500,0,0,0,3,3,1,1,0,0,1,3,3.5,Jordan Strange,https://www.sports-reference.com/cbb/players/jordan-strange-1.html,georgia-southern,2020-21
4,63,5,2020-12-18,Georgia Southern,,Ga. Southwestern,REG (Non-Conf),W 90-69,,8,0,3,.000,0,2,.000,0,1,.000,.000,0,0,1,0,1,0,0,0,1,2,0,-3.2,Jordan Strange,https://www.sports-reference.com/cbb/players/jordan-strange-1.html,georgia-southern,2020-21
5,64,7,2020-12-21,Georgia Southern,,Western Carolina,REG (Non-Conf),W 89-61,,5,1,3,.333,0,1,.000,1,2,.500,.333,0,0,0,1,1,0,0,0,0,0,2,0.6,Jordan Strange,https://www.sports-reference.com/cbb/players/jordan-strange-1.html,georgia-southern,2020-21
6,65,9,2021-01-02,Georgia Southern,@,South Alabama,REG (Conf),W 78-71,,1,0,0,,0,0,,0,0,,,0,0,0,0,0,0,0,0,0,0,0,0.0,Jordan Strange,https://www.sports-reference.com/cbb/players/jordan-strange-1.html,georgia-southern,2020-21
7,66,10,2021-01-08,Georgia Southern,,Appalachian State,REG (Conf),W 87-56,,3,0,1,.000,0,1,.000,0,0,,.000,0,0,0,0,0,0,0,0,0,0,0,-0.7,Jordan Strange,https://www.sports-reference.com/cbb/players/jordan-strange-1.html,georgia-southern,2020-21
8,67,12,2021-01-15,Georgia Southern,@,Troy,REG (Conf),L 70-87,,3,0,1,.000,0,0,,0,1,.000,.000,0,0,0,0,0,0,0,0,0,0,0,-0.7,Jordan Strange,https://www.sports-reference.com/cbb/players/jordan-strange-1.html,georgia-southern,2020-21
9,68,14,2021-01-22,Georgia Southern,,South Alabama,REG (Conf),L 58-59,,2,1,1,1.000,0,0,,1,1,1.000,1.000,0,0,0,0,0,1,1,0,0,1,2,3.0,Jordan Strange,https://www.sports-reference.com/cbb/players/jordan-strange-1.html,georgia-southern,2020-21
10,69,15,2021-01-23,Georgia Southern,,South Alabama,REG (Conf),W 68-56,,2,0,0,,0,0,,0,0,,,0,0,0,0,0,0,0,0,0,0,0,0.0,Jordan Strange,https://www.sports-reference.com/cbb/players/jordan-strange-1.html,georgia-southern,2020-21
11,70,18,2021-02-11,Georgia Southern,,Georgia State,REG (Conf),W 77-69,,0,0,0,,0,0,,0,0,,,0,0,0,0,0,0,0,0,0,0,0,0.0,Jordan Strange,https://www.sports-reference.com/cbb/players/jordan-strange-1.html,georgia-southern,2020-21
12,71,19,2021-02-13,Georgia Southern,@,Georgia State,REG (Conf),L 66-71,,2,0,0,,0,0,,0,0,,,0,0,0,0,0,0,0,0,0,1,0,-0.4,Jordan Strange,https://www.sports-reference.com/cbb/players/jordan-strange-1.html,georgia-southern,2020-21
13,72,20,2021-02-20,Georgia Southern,,North Carolina Central,REG (Non-Conf),W 84-60,,5,0,1,.000,0,1,.000,0,0,,.000,0,0,0,1,1,0,0,1,0,1,0,-0.1,Jordan Strange,https://www.sports-reference.com/cbb/players/jordan-strange-1.html,georgia-southern,2020-21
