ranker,player_game_num_career,team_game_num_season,date,team_name_abbr,game_location,opp_name_abbr,game_type,game_result,is_starter,mp,fg,fga,fg_pct,fg3,fg3a,fg3_pct,fg2,fg2a,fg2_pct,efg_pct,ft,fta,ft_pct,orb,drb,trb,ast,stl,blk,tov,pf,pts,game_score,player_name,player_sr_link,school,season
1,1,1,2020-11-25,Georgia Southern,@,Jacksonville State,REG (Non-Conf),L 58-70,,1,0,0,,0,0,,0,0,,,0,0,,0,0,0,0,0,0,0,0,0,0.0,Lacy Robins,https://www.sports-reference.com/cbb/players/lacy-robins-1.html,georgia-southern,2020-21
2,2,2,2020-11-28,Georgia Southern,@,Augusta,REG (Non-Conf),W 76-63,,11,1,3,.333,0,1,.000,1,2,.500,.333,0,1,.000,1,0,1,0,2,1,2,1,2,0.9,Lacy Robins,https://www.sports-reference.com/cbb/players/lacy-robins-1.html,georgia-southern,2020-21
3,3,3,2020-12-03,Georgia Southern,,Furman,REG (Non-Conf),L 58-73,,7,0,2,.000,0,2,.000,0,0,,.000,0,0,,0,0,0,1,2,1,0,0,0,2.0,Lacy Robins,https://www.sports-reference.com/cbb/players/lacy-robins-1.html,georgia-southern,2020-21
4,4,4,2020-12-12,Georgia Southern,,Coastal Georgia,REG (Non-Conf),W 118-48,,20,2,8,.250,2,6,.333,0,2,.000,.375,0,0,,0,6,6,1,1,1,1,1,6,4.0,Lacy Robins,https://www.sports-reference.com/cbb/players/lacy-robins-1.html,georgia-southern,2020-21
5,5,5,2020-12-18,Georgia Southern,,Ga. Southwestern,REG (Non-Conf),W 90-69,,7,0,1,.000,0,1,.000,0,0,,.000,0,0,,1,2,3,0,0,0,2,1,0,-1.8,Lacy Robins,https://www.sports-reference.com/cbb/players/lacy-robins-1.html,georgia-southern,2020-21
6,6,7,2020-12-21,Georgia Southern,,Western Carolina,REG (Non-Conf),W 89-61,,9,0,1,.000,0,1,.000,0,0,,.000,0,0,,0,2,2,0,1,0,0,3,0,-0.3,Lacy Robins,https://www.sports-reference.com/cbb/players/lacy-robins-1.html,georgia-southern,2020-21
7,7,8,2021-01-01,Georgia Southern,@,South Alabama,REG (Conf),L 65-71,,12,2,3,.667,2,3,.667,0,0,,1.000,0,0,,0,1,1,0,0,0,1,1,6,3.6,Lacy Robins,https://www.sports-reference.com/cbb/players/lacy-robins-1.html,georgia-southern,2020-21
8,8,9,2021-01-02,Georgia Southern,@,South Alabama,REG (Conf),W 78-71,,8,0,1,.000,0,1,.000,0,0,,.000,0,0,,1,0,1,0,1,0,1,0,0,0.0,Lacy Robins,https://www.sports-reference.com/cbb/players/lacy-robins-1.html,georgia-southern,2020-21
9,9,10,2021-01-08,Georgia Southern,,Appalachian State,REG (Conf),W 87-56,,10,0,2,.000,0,2,.000,0,0,,.000,0,0,,0,1,1,0,1,1,2,2,0,-2.2,Lacy Robins,https://www.sports-reference.com/cbb/players/lacy-robins-1.html,georgia-southern,2020-21
10,10,11,2021-01-09,Georgia Southern,,Appalachian State,REG (Conf),L 58-70,,6,0,1,.000,0,0,,0,1,.000,.000,0,0,,0,0,0,1,0,0,2,1,0,-2.4,Lacy Robins,https://www.sports-reference.com/cbb/players/lacy-robins-1.html,georgia-southern,2020-21
11,11,12,2021-01-15,Georgia Southern,@,Troy,REG (Conf),L 70-87,,5,1,2,.500,0,1,.000,1,1,1.000,.500,0,0,,1,0,1,0,0,0,0,2,2,0.9,Lacy Robins,https://www.sports-reference.com/cbb/players/lacy-robins-1.html,georgia-southern,2020-21
12,12,13,2021-01-16,Georgia Southern,@,Troy,REG (Conf),L 69-82,,5,0,0,,0,0,,0,0,,,0,0,,0,0,0,0,0,0,2,1,0,-2.4,Lacy Robins,https://www.sports-reference.com/cbb/players/lacy-robins-1.html,georgia-southern,2020-21
13,13,14,2021-01-22,Georgia Southern,,South Alabama,REG (Conf),L 58-59,,3,0,0,,0,0,,0,0,,,0,0,,0,1,1,0,0,0,0,1,0,-0.1,Lacy Robins,https://www.sports-reference.com/cbb/players/lacy-robins-1.html,georgia-southern,2020-21
14,14,15,2021-01-23,Georgia Southern,,South Alabama,REG (Conf),W 68-56,,2,0,1,.000,0,0,,0,1,.000,.000,0,0,,0,1,1,0,2,0,0,1,0,1.2,Lacy Robins,https://www.sports-reference.com/cbb/players/lacy-robins-1.html,georgia-southern,2020-21
15,15,17,2021-02-06,Georgia Southern,,Troy,REG (Conf),L 83-92,,10,1,4,.250,1,4,.250,0,0,,.375,2,2,1.000,1,2,3,0,0,2,1,0,5,4.3,Lacy Robins,https://www.sports-reference.com/cbb/players/lacy-robins-1.html,georgia-southern,2020-21
16,16,18,2021-02-11,Georgia Southern,,Georgia State,REG (Conf),W 77-69,,7,0,1,.000,0,0,,0,1,.000,.000,1,2,.500,0,1,1,0,1,0,1,0,1,0.2,Lacy Robins,https://www.sports-reference.com/cbb/players/lacy-robins-1.html,georgia-southern,2020-21
17,17,19,2021-02-13,Georgia Southern,@,Georgia State,REG (Conf),L 66-71,,4,0,1,.000,0,1,.000,0,0,,.000,0,0,,0,1,1,0,0,1,0,0,0,0.3,Lacy Robins,https://www.sports-reference.com/cbb/players/lacy-robins-1.html,georgia-southern,2020-21
18,18,20,2021-02-20,Georgia Southern,,North Carolina Central,REG (Non-Conf),W 84-60,,14,2,5,.400,0,3,.000,2,2,1.000,.400,0,0,,0,4,4,4,2,0,2,3,4,4.1,Lacy Robins,https://www.sports-reference.com/cbb/players/lacy-robins-1.html,georgia-southern,2020-21
19,19,21,2021-02-21,Georgia Southern,,North Carolina Central,REG (Non-Conf),W 73-65,,8,1,4,.250,0,3,.000,1,1,1.000,.250,0,0,,0,2,2,0,0,0,1,1,2,-1.2,Lacy Robins,https://www.sports-reference.com/cbb/players/lacy-robins-1.html,georgia-southern,2020-21
20,20,22,2021-02-26,Georgia Southern,@,Appalachian State,REG (Conf),L 66-77,,10,1,3,.333,0,1,.000,1,2,.500,.333,0,0,,0,1,1,1,1,0,1,1,2,0.9,Lacy Robins,https://www.sports-reference.com/cbb/players/lacy-robins-1.html,georgia-southern,2020-21
21,21,23,2021-02-27,Georgia Southern,@,Appalachian State,REG (Conf),L 78-81,*,27,5,10,.500,1,4,.250,4,6,.667,.550,0,0,,0,0,0,1,2,0,2,5,11,4.7,Lacy Robins,https://www.sports-reference.com/cbb/players/lacy-robins-1.html,georgia-southern,2020-21
22,22,24,2021-03-05,Georgia Southern,@,Texas State,CTOURN,L 61-94,,15,0,2,.000,0,2,.000,0,0,,.000,0,0,,1,1,2,0,0,0,2,2,0,-3.2,Lacy Robins,https://www.sports-reference.com/cbb/players/lacy-robins-1.html,georgia-southern,2020-21
