ranker,player_game_num_career,team_game_num_season,date,team_name_abbr,game_location,opp_name_abbr,game_type,game_result,is_starter,mp,fg,fga,fg_pct,fg3,fg3a,fg3_pct,fg2,fg2a,fg2_pct,efg_pct,ft,fta,ft_pct,orb,drb,trb,ast,stl,blk,tov,pf,pts,game_score,player_name,player_sr_link,school,season
1,31,1,2020-11-25,Georgia Southern,@,Jacksonville State,REG (Non-Conf),L 58-70,,8,0,3,.000,0,1,.000,0,2,.000,.000,0,0,,0,1,1,0,0,0,0,0,0,-1.8,Mya Burns,https://www.sports-reference.com/cbb/players/mya-burns-1.html,georgia-southern,2020-21
2,32,2,2020-11-28,Georgia Southern,@,Augusta,REG (Non-Conf),W 76-63,,16,1,5,.200,0,0,,1,5,.200,.200,2,2,1.000,2,3,5,2,1,1,2,1,4,3.9,Mya Burns,https://www.sports-reference.com/cbb/players/mya-burns-1.html,georgia-southern,2020-21
3,33,3,2020-12-03,Georgia Southern,,Furman,REG (Non-Conf),L 58-73,,14,0,1,.000,0,0,,0,1,.000,.000,2,4,.500,1,3,4,1,0,0,2,1,2,0.4,Mya Burns,https://www.sports-reference.com/cbb/players/mya-burns-1.html,georgia-southern,2020-21
4,34,4,2020-12-12,Georgia Southern,,Coastal Georgia,REG (Non-Conf),W 118-48,*,14,4,10,.400,2,4,.500,2,6,.333,.500,0,0,,4,2,6,1,2,0,1,2,10,8.9,Mya Burns,https://www.sports-reference.com/cbb/players/mya-burns-1.html,georgia-southern,2020-21
5,35,5,2020-12-18,Georgia Southern,,Ga. Southwestern,REG (Non-Conf),W 90-69,*,13,2,6,.333,0,1,.000,2,5,.400,.333,2,2,1.000,1,3,4,1,2,0,1,2,6,5.1,Mya Burns,https://www.sports-reference.com/cbb/players/mya-burns-1.html,georgia-southern,2020-21
6,36,6,2020-12-20,Georgia Southern,,Chattanooga,REG (Non-Conf),L 87-96,*,10,1,6,.167,0,0,,1,6,.167,.167,0,0,,2,1,3,0,0,0,2,2,2,-2.9,Mya Burns,https://www.sports-reference.com/cbb/players/mya-burns-1.html,georgia-southern,2020-21
7,37,7,2020-12-21,Georgia Southern,,Western Carolina,REG (Non-Conf),W 89-61,*,21,2,8,.250,0,3,.000,2,5,.400,.250,0,0,,1,0,1,0,2,2,0,2,4,2.5,Mya Burns,https://www.sports-reference.com/cbb/players/mya-burns-1.html,georgia-southern,2020-21
8,38,8,2021-01-01,Georgia Southern,@,South Alabama,REG (Conf),L 65-71,*,25,3,6,.500,0,2,.000,3,4,.750,.500,2,2,1.000,2,2,4,0,4,0,2,3,8,7.8,Mya Burns,https://www.sports-reference.com/cbb/players/mya-burns-1.html,georgia-southern,2020-21
9,39,9,2021-01-02,Georgia Southern,@,South Alabama,REG (Conf),W 78-71,*,23,3,6,.500,1,2,.500,2,4,.500,.583,1,1,1.000,1,2,3,0,0,0,2,3,8,3.1,Mya Burns,https://www.sports-reference.com/cbb/players/mya-burns-1.html,georgia-southern,2020-21
10,40,10,2021-01-08,Georgia Southern,,Appalachian State,REG (Conf),W 87-56,*,23,4,7,.571,1,4,.250,3,3,1.000,.643,0,0,,2,2,4,1,2,1,3,2,9,7.3,Mya Burns,https://www.sports-reference.com/cbb/players/mya-burns-1.html,georgia-southern,2020-21
11,41,11,2021-01-09,Georgia Southern,,Appalachian State,REG (Conf),L 58-70,*,17,4,7,.571,1,4,.250,3,3,1.000,.643,0,0,,2,2,4,0,1,2,2,3,9,6.9,Mya Burns,https://www.sports-reference.com/cbb/players/mya-burns-1.html,georgia-southern,2020-21
12,42,12,2021-01-15,Georgia Southern,@,Troy,REG (Conf),L 70-87,*,12,0,4,.000,0,2,.000,0,2,.000,.000,1,2,.500,1,1,2,1,0,1,1,2,1,-1.6,Mya Burns,https://www.sports-reference.com/cbb/players/mya-burns-1.html,georgia-southern,2020-21
13,43,13,2021-01-16,Georgia Southern,@,Troy,REG (Conf),L 69-82,*,6,0,1,.000,0,0,,0,1,.000,.000,0,0,,0,1,1,0,0,0,2,0,0,-2.4,Mya Burns,https://www.sports-reference.com/cbb/players/mya-burns-1.html,georgia-southern,2020-21
14,44,14,2021-01-22,Georgia Southern,,South Alabama,REG (Conf),L 58-59,*,13,2,5,.400,0,1,.000,2,4,.500,.400,0,0,,1,3,4,0,0,0,3,0,4,-0.1,Mya Burns,https://www.sports-reference.com/cbb/players/mya-burns-1.html,georgia-southern,2020-21
15,45,15,2021-01-23,Georgia Southern,,South Alabama,REG (Conf),W 68-56,*,13,4,6,.667,0,1,.000,4,5,.800,.667,1,2,.500,1,2,3,0,3,1,1,0,9,10.0,Mya Burns,https://www.sports-reference.com/cbb/players/mya-burns-1.html,georgia-southern,2020-21
16,46,16,2021-02-05,Georgia Southern,,Troy,REG (Conf),W 96-91,*,28,6,13,.462,2,2,1.000,4,11,.364,.538,3,4,.750,3,3,6,1,2,0,1,3,17,13.4,Mya Burns,https://www.sports-reference.com/cbb/players/mya-burns-1.html,georgia-southern,2020-21
17,47,17,2021-02-06,Georgia Southern,,Troy,REG (Conf),L 83-92,*,24,2,7,.286,1,5,.200,1,2,.500,.357,0,0,,1,3,4,0,0,1,2,4,5,-0.4,Mya Burns,https://www.sports-reference.com/cbb/players/mya-burns-1.html,georgia-southern,2020-21
18,48,18,2021-02-11,Georgia Southern,,Georgia State,REG (Conf),W 77-69,*,27,7,14,.500,0,1,.000,7,13,.538,.500,0,0,,1,3,4,1,0,1,1,5,14,7.0,Mya Burns,https://www.sports-reference.com/cbb/players/mya-burns-1.html,georgia-southern,2020-21
19,49,19,2021-02-13,Georgia Southern,@,Georgia State,REG (Conf),L 66-71,*,32,5,16,.313,2,7,.286,3,9,.333,.375,3,3,1.000,6,2,8,1,1,2,4,3,15,8.5,Mya Burns,https://www.sports-reference.com/cbb/players/mya-burns-1.html,georgia-southern,2020-21
20,50,20,2021-02-20,Georgia Southern,,North Carolina Central,REG (Non-Conf),W 84-60,*,27,4,12,.333,1,3,.333,3,9,.333,.375,0,0,,1,6,7,2,3,0,1,2,9,7.3,Mya Burns,https://www.sports-reference.com/cbb/players/mya-burns-1.html,georgia-southern,2020-21
21,51,21,2021-02-21,Georgia Southern,,North Carolina Central,REG (Non-Conf),W 73-65,*,22,5,11,.455,0,4,.000,5,7,.714,.455,2,4,.500,2,2,4,2,2,0,2,3,12,7.7,Mya Burns,https://www.sports-reference.com/cbb/players/mya-burns-1.html,georgia-southern,2020-21
22,52,22,2021-02-26,Georgia Southern,@,Appalachian State,REG (Conf),L 66-77,*,20,2,7,.286,1,1,1.000,1,6,.167,.357,0,0,,3,3,6,1,1,1,3,4,5,1.7,Mya Burns,https://www.sports-reference.com/cbb/players/mya-burns-1.html,georgia-southern,2020-21
23,53,23,2021-02-27,Georgia Southern,@,Appalachian State,REG (Conf),L 78-81,*,23,5,8,.625,1,3,.333,4,5,.800,.688,3,5,.600,0,2,2,0,2,0,3,4,14,7.6,Mya Burns,https://www.sports-reference.com/cbb/players/mya-burns-1.html,georgia-southern,2020-21
24,54,24,2021-03-05,Georgia Southern,@,Texas State,CTOURN,L 61-94,*,18,2,9,.222,0,1,.000,2,8,.250,.222,0,0,,3,1,4,0,0,0,2,2,4,-1.9,Mya Burns,https://www.sports-reference.com/cbb/players/mya-burns-1.html,georgia-southern,2020-21
