ranker,player_game_num_career,team_game_num_season,date,team_name_abbr,game_location,opp_name_abbr,game_type,game_result,is_starter,mp,fg,fga,fg_pct,fg3,fg3a,fg3_pct,fg2,fg2a,fg2_pct,efg_pct,ft,fta,ft_pct,orb,drb,trb,ast,stl,blk,tov,pf,pts,game_score,player_name,player_sr_link,school,season
1,73,1,2020-11-25,Georgia Southern,@,Jacksonville State,REG (Non-Conf),L 58-70,,7,0,1,.000,0,0,,0,1,.000,.000,0,0,,0,1,1,0,0,1,1,0,0,-0.7,Sarah Moore,https://www.sports-reference.com/cbb/players/sarah-moore-1.html,georgia-southern,2020-21
2,74,2,2020-11-28,Georgia Southern,@,Augusta,REG (Non-Conf),W 76-63,,14,4,9,.444,0,0,,4,9,.444,.444,2,3,.667,3,4,7,0,0,1,0,2,10,8.1,Sarah Moore,https://www.sports-reference.com/cbb/players/sarah-moore-1.html,georgia-southern,2020-21
3,75,3,2020-12-03,Georgia Southern,,Furman,REG (Non-Conf),L 58-73,,8,1,3,.333,0,0,,1,3,.333,.333,0,0,,0,1,1,0,0,0,0,0,2,0.6,Sarah Moore,https://www.sports-reference.com/cbb/players/sarah-moore-1.html,georgia-southern,2020-21
4,76,4,2020-12-12,Georgia Southern,,Coastal Georgia,REG (Non-Conf),W 118-48,,12,4,6,.667,0,0,,4,6,.667,.667,0,0,,2,4,6,1,0,1,1,1,8,8.0,Sarah Moore,https://www.sports-reference.com/cbb/players/sarah-moore-1.html,georgia-southern,2020-21
5,77,5,2020-12-18,Georgia Southern,,Ga. Southwestern,REG (Non-Conf),W 90-69,,10,2,5,.400,0,0,,2,5,.400,.400,2,2,1.000,2,1,3,0,0,1,1,2,6,3.9,Sarah Moore,https://www.sports-reference.com/cbb/players/sarah-moore-1.html,georgia-southern,2020-21
6,78,6,2020-12-20,Georgia Southern,,Chattanooga,REG (Non-Conf),L 87-96,,13,0,4,.000,0,0,,0,4,.000,.000,0,0,,0,4,4,1,0,0,0,2,0,-1.7,Sarah Moore,https://www.sports-reference.com/cbb/players/sarah-moore-1.html,georgia-southern,2020-21
7,79,7,2020-12-21,Georgia Southern,,Western Carolina,REG (Non-Conf),W 89-61,,10,0,2,.000,0,0,,0,2,.000,.000,0,0,,2,2,4,1,1,0,0,2,0,1.5,Sarah Moore,https://www.sports-reference.com/cbb/players/sarah-moore-1.html,georgia-southern,2020-21
8,80,8,2021-01-01,Georgia Southern,@,South Alabama,REG (Conf),L 65-71,,16,4,6,.667,0,0,,4,6,.667,.667,1,1,1.000,2,2,4,2,1,0,1,0,9,9.8,Sarah Moore,https://www.sports-reference.com/cbb/players/sarah-moore-1.html,georgia-southern,2020-21
9,81,9,2021-01-02,Georgia Southern,@,South Alabama,REG (Conf),W 78-71,,11,1,3,.333,0,0,,1,3,.333,.333,0,0,,1,6,7,0,0,0,1,5,2,-0.2,Sarah Moore,https://www.sports-reference.com/cbb/players/sarah-moore-1.html,georgia-southern,2020-21
10,82,10,2021-01-08,Georgia Southern,,Appalachian State,REG (Conf),W 87-56,,9,2,4,.500,0,0,,2,4,.500,.500,0,0,,2,3,5,1,0,0,0,1,4,4.6,Sarah Moore,https://www.sports-reference.com/cbb/players/sarah-moore-1.html,georgia-southern,2020-21
11,83,11,2021-01-09,Georgia Southern,,Appalachian State,REG (Conf),L 58-70,,14,2,4,.500,0,1,.000,2,3,.667,.500,1,2,.500,2,1,3,0,0,1,1,0,5,4.0,Sarah Moore,https://www.sports-reference.com/cbb/players/sarah-moore-1.html,georgia-southern,2020-21
12,84,12,2021-01-15,Georgia Southern,@,Troy,REG (Conf),L 70-87,,15,3,9,.333,0,0,,3,9,.333,.333,1,2,.500,1,1,2,0,0,0,3,3,7,-1.7,Sarah Moore,https://www.sports-reference.com/cbb/players/sarah-moore-1.html,georgia-southern,2020-21
13,85,13,2021-01-16,Georgia Southern,@,Troy,REG (Conf),L 69-82,,15,2,5,.400,0,0,,2,5,.400,.400,0,0,,2,5,7,0,1,0,3,3,4,1.0,Sarah Moore,https://www.sports-reference.com/cbb/players/sarah-moore-1.html,georgia-southern,2020-21
14,86,14,2021-01-22,Georgia Southern,,South Alabama,REG (Conf),L 58-59,,23,1,6,.167,0,0,,1,6,.167,.167,0,2,.000,2,6,8,2,2,0,0,4,2,2.4,Sarah Moore,https://www.sports-reference.com/cbb/players/sarah-moore-1.html,georgia-southern,2020-21
15,87,15,2021-01-23,Georgia Southern,,South Alabama,REG (Conf),W 68-56,,24,4,6,.667,0,0,,4,6,.667,.667,1,2,.500,1,5,6,0,1,1,4,0,9,5.9,Sarah Moore,https://www.sports-reference.com/cbb/players/sarah-moore-1.html,georgia-southern,2020-21
16,88,16,2021-02-05,Georgia Southern,,Troy,REG (Conf),W 96-91,,11,3,7,.429,0,0,,3,7,.429,.429,0,0,,0,3,3,2,1,0,0,0,6,5.6,Sarah Moore,https://www.sports-reference.com/cbb/players/sarah-moore-1.html,georgia-southern,2020-21
17,89,17,2021-02-06,Georgia Southern,,Troy,REG (Conf),L 83-92,*,18,1,5,.200,0,0,,1,5,.200,.200,0,0,,2,6,8,1,1,0,1,3,2,1.6,Sarah Moore,https://www.sports-reference.com/cbb/players/sarah-moore-1.html,georgia-southern,2020-21
18,90,18,2021-02-11,Georgia Southern,,Georgia State,REG (Conf),W 77-69,,17,2,4,.500,0,0,,2,4,.500,.500,0,0,,1,3,4,1,2,0,2,3,4,3.1,Sarah Moore,https://www.sports-reference.com/cbb/players/sarah-moore-1.html,georgia-southern,2020-21
19,91,19,2021-02-13,Georgia Southern,@,Georgia State,REG (Conf),L 66-71,,11,1,3,.333,0,0,,1,3,.333,.333,0,0,,1,3,4,1,0,0,2,3,2,-0.6,Sarah Moore,https://www.sports-reference.com/cbb/players/sarah-moore-1.html,georgia-southern,2020-21
20,92,20,2021-02-20,Georgia Southern,,North Carolina Central,REG (Non-Conf),W 84-60,*,21,3,9,.333,0,0,,3,9,.333,.333,0,0,,8,2,10,3,2,0,3,3,6,7.0,Sarah Moore,https://www.sports-reference.com/cbb/players/sarah-moore-1.html,georgia-southern,2020-21
21,93,21,2021-02-21,Georgia Southern,,North Carolina Central,REG (Non-Conf),W 73-65,*,27,3,5,.600,0,0,,3,5,.600,.600,7,14,.500,8,7,15,0,5,1,5,1,13,15.9,Sarah Moore,https://www.sports-reference.com/cbb/players/sarah-moore-1.html,georgia-southern,2020-21
22,94,22,2021-02-26,Georgia Southern,@,Appalachian State,REG (Conf),L 66-77,*,16,1,4,.250,0,0,,1,4,.250,.250,0,0,,1,4,5,3,0,2,0,1,2,4.6,Sarah Moore,https://www.sports-reference.com/cbb/players/sarah-moore-1.html,georgia-southern,2020-21
23,95,23,2021-02-27,Georgia Southern,@,Appalachian State,REG (Conf),L 78-81,*,22,2,4,.500,0,0,,2,4,.500,.500,0,0,,6,4,10,3,0,0,2,1,4,7.1,Sarah Moore,https://www.sports-reference.com/cbb/players/sarah-moore-1.html,georgia-southern,2020-21
24,96,24,2021-03-05,Georgia Southern,@,Texas State,CTOURN,L 61-94,*,22,4,7,.571,0,0,,4,7,.571,.571,2,2,1.000,3,3,6,1,1,1,2,2,10,9.3,Sarah Moore,https://www.sports-reference.com/cbb/players/sarah-moore-1.html,georgia-southern,2020-21
