ranker,player_game_num_career,team_game_num_season,date,team_name_abbr,game_location,opp_name_abbr,game_type,game_result,is_starter,mp,fg,fga,fg_pct,fg3,fg3a,fg3_pct,fg2,fg2a,fg2_pct,efg_pct,ft,fta,ft_pct,orb,drb,trb,ast,stl,blk,tov,pf,pts,game_score,player_name,player_sr_link,school,season
1,1,1,2020-11-25,Georgia Southern,@,Jacksonville State,REG (Non-Conf),L 58-70,*,24,0,3,.000,0,0,,0,3,.000,.000,2,4,.500,3,9,12,2,0,2,3,1,2,3.3,Shondell Vickers,https://www.sports-reference.com/cbb/players/shondell-vickers-1.html,georgia-southern,2020-21
2,2,2,2020-11-28,Georgia Southern,@,Augusta,REG (Non-Conf),W 76-63,*,21,5,9,.556,1,1,1.000,4,8,.500,.611,2,4,.500,4,9,13,1,0,1,1,0,13,13.8,Shondell Vickers,https://www.sports-reference.com/cbb/players/shondell-vickers-1.html,georgia-southern,2020-21
3,3,3,2020-12-03,Georgia Southern,,Furman,REG (Non-Conf),L 58-73,*,24,3,8,.375,0,1,.000,3,7,.429,.375,1,2,.500,1,3,4,0,0,1,2,3,7,1.3,Shondell Vickers,https://www.sports-reference.com/cbb/players/shondell-vickers-1.html,georgia-southern,2020-21
4,4,4,2020-12-12,Georgia Southern,,Coastal Georgia,REG (Non-Conf),W 118-48,*,12,2,8,.250,0,0,,2,8,.250,.250,2,4,.500,7,5,12,1,0,0,0,2,6,6.7,Shondell Vickers,https://www.sports-reference.com/cbb/players/shondell-vickers-1.html,georgia-southern,2020-21
5,5,5,2020-12-18,Georgia Southern,,Ga. Southwestern,REG (Non-Conf),W 90-69,*,19,4,5,.800,0,0,,4,5,.800,.800,3,5,.600,3,4,7,2,0,1,1,1,11,12.3,Shondell Vickers,https://www.sports-reference.com/cbb/players/shondell-vickers-1.html,georgia-southern,2020-21
6,6,6,2020-12-20,Georgia Southern,,Chattanooga,REG (Non-Conf),L 87-96,*,25,5,12,.417,0,1,.000,5,11,.455,.417,1,1,1.000,0,1,1,1,0,0,1,2,11,3.8,Shondell Vickers,https://www.sports-reference.com/cbb/players/shondell-vickers-1.html,georgia-southern,2020-21
7,7,7,2020-12-21,Georgia Southern,,Western Carolina,REG (Non-Conf),W 89-61,*,21,3,5,.600,0,0,,3,5,.600,.600,4,4,1.000,1,6,7,1,0,0,0,0,10,10.9,Shondell Vickers,https://www.sports-reference.com/cbb/players/shondell-vickers-1.html,georgia-southern,2020-21
8,8,8,2021-01-01,Georgia Southern,@,South Alabama,REG (Conf),L 65-71,*,33,5,11,.455,0,2,.000,5,9,.556,.455,2,4,.500,8,7,15,4,1,2,0,0,12,18.4,Shondell Vickers,https://www.sports-reference.com/cbb/players/shondell-vickers-1.html,georgia-southern,2020-21
9,9,9,2021-01-02,Georgia Southern,@,South Alabama,REG (Conf),W 78-71,*,29,4,10,.400,0,0,,4,10,.400,.400,4,5,.800,4,5,9,4,0,0,3,1,12,9.9,Shondell Vickers,https://www.sports-reference.com/cbb/players/shondell-vickers-1.html,georgia-southern,2020-21
10,10,10,2021-01-08,Georgia Southern,,Appalachian State,REG (Conf),W 87-56,*,23,1,3,.333,0,0,,1,3,.333,.333,3,6,.500,0,6,6,3,0,1,0,1,5,6.3,Shondell Vickers,https://www.sports-reference.com/cbb/players/shondell-vickers-1.html,georgia-southern,2020-21
11,11,11,2021-01-09,Georgia Southern,,Appalachian State,REG (Conf),L 58-70,*,9,0,2,.000,0,1,.000,0,1,.000,.000,0,0,,0,1,1,1,0,2,0,0,0,1.0,Shondell Vickers,https://www.sports-reference.com/cbb/players/shondell-vickers-1.html,georgia-southern,2020-21
12,12,12,2021-01-15,Georgia Southern,@,Troy,REG (Conf),L 70-87,*,22,1,7,.143,0,0,,1,7,.143,.143,0,0,,2,2,4,0,0,2,3,3,2,-3.3,Shondell Vickers,https://www.sports-reference.com/cbb/players/shondell-vickers-1.html,georgia-southern,2020-21
13,13,13,2021-01-16,Georgia Southern,@,Troy,REG (Conf),L 69-82,*,21,5,7,.714,1,1,1.000,4,6,.667,.786,6,8,.750,3,5,8,1,0,1,2,3,17,15.1,Shondell Vickers,https://www.sports-reference.com/cbb/players/shondell-vickers-1.html,georgia-southern,2020-21
14,14,14,2021-01-22,Georgia Southern,,South Alabama,REG (Conf),L 58-59,*,24,2,5,.400,1,1,1.000,1,4,.250,.500,2,2,1.000,6,3,9,0,0,0,3,3,7,5.2,Shondell Vickers,https://www.sports-reference.com/cbb/players/shondell-vickers-1.html,georgia-southern,2020-21
15,15,15,2021-01-23,Georgia Southern,,South Alabama,REG (Conf),W 68-56,*,13,0,1,.000,0,1,.000,0,0,,.000,0,2,.000,1,1,2,0,0,1,2,2,0,-2.6,Shondell Vickers,https://www.sports-reference.com/cbb/players/shondell-vickers-1.html,georgia-southern,2020-21
16,16,16,2021-02-05,Georgia Southern,,Troy,REG (Conf),W 96-91,*,15,2,3,.667,0,1,.000,2,2,1.000,.667,0,0,,1,2,3,1,0,0,2,3,4,1.5,Shondell Vickers,https://www.sports-reference.com/cbb/players/shondell-vickers-1.html,georgia-southern,2020-21
17,17,17,2021-02-06,Georgia Southern,,Troy,REG (Conf),L 83-92,,20,8,13,.615,0,2,.000,8,11,.727,.615,1,1,1.000,4,5,9,2,0,0,0,2,17,16.0,Shondell Vickers,https://www.sports-reference.com/cbb/players/shondell-vickers-1.html,georgia-southern,2020-21
18,18,18,2021-02-11,Georgia Southern,,Georgia State,REG (Conf),W 77-69,*,15,2,5,.400,0,1,.000,2,4,.500,.400,0,0,,1,5,6,0,1,0,3,2,4,0.7,Shondell Vickers,https://www.sports-reference.com/cbb/players/shondell-vickers-1.html,georgia-southern,2020-21
19,19,19,2021-02-13,Georgia Southern,@,Georgia State,REG (Conf),L 66-71,*,13,2,5,.400,0,1,.000,2,4,.500,.400,0,0,,1,4,5,0,0,1,2,2,4,1.1,Shondell Vickers,https://www.sports-reference.com/cbb/players/shondell-vickers-1.html,georgia-southern,2020-21
20,20,20,2021-02-20,Georgia Southern,,North Carolina Central,REG (Non-Conf),W 84-60,,10,4,4,1.000,0,0,,4,4,1.000,1.000,2,2,1.000,1,3,4,1,0,0,0,1,10,10.7,Shondell Vickers,https://www.sports-reference.com/cbb/players/shondell-vickers-1.html,georgia-southern,2020-21
21,21,21,2021-02-21,Georgia Southern,,North Carolina Central,REG (Non-Conf),W 73-65,,12,0,0,,0,0,,0,0,,,0,0,,1,0,1,0,0,0,0,1,0,0.3,Shondell Vickers,https://www.sports-reference.com/cbb/players/shondell-vickers-1.html,georgia-southern,2020-21
22,22,22,2021-02-26,Georgia Southern,@,Appalachian State,REG (Conf),L 66-77,,20,3,6,.500,0,0,,3,6,.500,.500,4,5,.800,2,3,5,2,0,0,0,1,10,9.9,Shondell Vickers,https://www.sports-reference.com/cbb/players/shondell-vickers-1.html,georgia-southern,2020-21
23,23,23,2021-02-27,Georgia Southern,@,Appalachian State,REG (Conf),L 78-81,,3,0,0,,0,0,,0,0,,,0,0,,0,2,2,0,0,0,1,0,0,-0.4,Shondell Vickers,https://www.sports-reference.com/cbb/players/shondell-vickers-1.html,georgia-southern,2020-21
