ranker,player_game_num_career,team_game_num_season,date,team_name_abbr,game_location,opp_name_abbr,game_type,game_result,is_starter,mp,fg,fga,fg_pct,fg3,fg3a,fg3_pct,fg2,fg2a,fg2_pct,efg_pct,ft,fta,ft_pct,orb,drb,trb,ast,stl,blk,tov,pf,pts,game_score,player_name,player_sr_link,school,season
1,1,1,2020-11-25,Georgia Southern,@,Jacksonville State,REG (Non-Conf),L 58-70,,9,1,3,.333,0,0,,1,3,.333,.333,2,2,1.000,0,0,0,0,0,0,1,1,4,0.9,Simone James,https://www.sports-reference.com/cbb/players/simone-james-1.html,georgia-southern,2020-21
2,2,2,2020-11-28,Georgia Southern,@,Augusta,REG (Non-Conf),W 76-63,,18,2,4,.500,1,2,.500,1,2,.500,.625,1,2,.500,1,1,2,0,2,0,0,2,6,5.8,Simone James,https://www.sports-reference.com/cbb/players/simone-james-1.html,georgia-southern,2020-21
3,3,3,2020-12-03,Georgia Southern,,Furman,REG (Non-Conf),L 58-73,,13,2,5,.400,1,3,.333,1,2,.500,.500,0,0,,1,0,1,0,0,0,1,3,5,0.8,Simone James,https://www.sports-reference.com/cbb/players/simone-james-1.html,georgia-southern,2020-21
4,4,4,2020-12-12,Georgia Southern,,Coastal Georgia,REG (Non-Conf),W 118-48,*,16,6,12,.500,1,5,.200,5,7,.714,.542,2,2,1.000,2,3,5,0,4,0,0,2,15,14.5,Simone James,https://www.sports-reference.com/cbb/players/simone-james-1.html,georgia-southern,2020-21
5,5,5,2020-12-18,Georgia Southern,,Ga. Southwestern,REG (Non-Conf),W 90-69,*,13,2,3,.667,1,2,.500,1,1,1.000,.833,0,0,,0,1,1,0,2,0,1,2,5,4.2,Simone James,https://www.sports-reference.com/cbb/players/simone-james-1.html,georgia-southern,2020-21
6,6,6,2020-12-20,Georgia Southern,,Chattanooga,REG (Non-Conf),L 87-96,*,25,3,10,.300,2,5,.400,1,5,.200,.400,0,0,,0,0,0,1,3,1,1,1,8,5.2,Simone James,https://www.sports-reference.com/cbb/players/simone-james-1.html,georgia-southern,2020-21
7,7,7,2020-12-21,Georgia Southern,,Western Carolina,REG (Non-Conf),W 89-61,*,20,3,6,.500,0,2,.000,3,4,.750,.500,1,2,.500,1,1,2,4,2,0,2,2,7,6.6,Simone James,https://www.sports-reference.com/cbb/players/simone-james-1.html,georgia-southern,2020-21
8,8,8,2021-01-01,Georgia Southern,@,South Alabama,REG (Conf),L 65-71,*,13,1,5,.200,0,4,.000,1,1,1.000,.200,0,0,,0,1,1,0,0,1,1,1,2,-1.5,Simone James,https://www.sports-reference.com/cbb/players/simone-james-1.html,georgia-southern,2020-21
9,9,9,2021-01-02,Georgia Southern,@,South Alabama,REG (Conf),W 78-71,*,18,3,6,.500,0,2,.000,3,4,.750,.500,2,2,1.000,1,1,2,2,2,0,0,1,8,9.0,Simone James,https://www.sports-reference.com/cbb/players/simone-james-1.html,georgia-southern,2020-21
10,10,10,2021-01-08,Georgia Southern,,Appalachian State,REG (Conf),W 87-56,*,15,2,3,.667,1,2,.500,1,1,1.000,.833,0,0,,0,4,4,1,1,2,2,2,5,5.2,Simone James,https://www.sports-reference.com/cbb/players/simone-james-1.html,georgia-southern,2020-21
11,11,11,2021-01-09,Georgia Southern,,Appalachian State,REG (Conf),L 58-70,*,21,2,6,.333,1,3,.333,1,3,.333,.417,1,1,1.000,0,3,3,0,0,0,2,3,6,0.3,Simone James,https://www.sports-reference.com/cbb/players/simone-james-1.html,georgia-southern,2020-21
12,12,12,2021-01-15,Georgia Southern,@,Troy,REG (Conf),L 70-87,*,22,7,11,.636,4,6,.667,3,5,.600,.818,0,0,,2,1,3,2,1,0,4,2,18,12.4,Simone James,https://www.sports-reference.com/cbb/players/simone-james-1.html,georgia-southern,2020-21
13,13,13,2021-01-16,Georgia Southern,@,Troy,REG (Conf),L 69-82,*,24,2,4,.500,0,1,.000,2,3,.667,.500,0,1,.000,1,6,7,2,1,0,2,0,4,4.5,Simone James,https://www.sports-reference.com/cbb/players/simone-james-1.html,georgia-southern,2020-21
14,14,14,2021-01-22,Georgia Southern,,South Alabama,REG (Conf),L 58-59,*,15,3,8,.375,0,1,.000,3,7,.429,.375,1,2,.500,1,2,3,0,2,0,1,0,7,4.5,Simone James,https://www.sports-reference.com/cbb/players/simone-james-1.html,georgia-southern,2020-21
15,15,15,2021-01-23,Georgia Southern,,South Alabama,REG (Conf),W 68-56,*,27,2,7,.286,0,4,.000,2,3,.667,.286,7,8,.875,3,2,5,1,1,0,1,2,11,9.1,Simone James,https://www.sports-reference.com/cbb/players/simone-james-1.html,georgia-southern,2020-21
16,16,16,2021-02-05,Georgia Southern,,Troy,REG (Conf),W 96-91,*,14,2,3,.667,1,1,1.000,1,2,.500,.833,0,0,,2,1,3,2,1,1,1,0,5,7.5,Simone James,https://www.sports-reference.com/cbb/players/simone-james-1.html,georgia-southern,2020-21
17,17,17,2021-02-06,Georgia Southern,,Troy,REG (Conf),L 83-92,,12,1,4,.250,1,3,.333,0,1,.000,.375,0,0,,0,1,1,0,0,0,2,1,3,-1.5,Simone James,https://www.sports-reference.com/cbb/players/simone-james-1.html,georgia-southern,2020-21
18,18,18,2021-02-11,Georgia Southern,,Georgia State,REG (Conf),W 77-69,*,18,5,6,.833,0,1,.000,5,5,1.000,.833,0,0,,1,1,2,0,0,0,2,1,10,6.4,Simone James,https://www.sports-reference.com/cbb/players/simone-james-1.html,georgia-southern,2020-21
19,19,19,2021-02-13,Georgia Southern,@,Georgia State,REG (Conf),L 66-71,*,20,1,4,.250,0,1,.000,1,3,.333,.250,0,0,,1,1,2,0,0,1,2,3,2,-1.9,Simone James,https://www.sports-reference.com/cbb/players/simone-james-1.html,georgia-southern,2020-21
20,20,20,2021-02-20,Georgia Southern,,North Carolina Central,REG (Non-Conf),W 84-60,*,11,2,4,.500,1,3,.333,1,1,1.000,.625,0,0,,0,0,0,0,0,0,2,1,5,0.6,Simone James,https://www.sports-reference.com/cbb/players/simone-james-1.html,georgia-southern,2020-21
21,21,21,2021-02-21,Georgia Southern,,North Carolina Central,REG (Non-Conf),W 73-65,*,10,1,4,.250,0,2,.000,1,2,.500,.250,0,0,,1,1,2,0,0,0,5,1,2,-4.8,Simone James,https://www.sports-reference.com/cbb/players/simone-james-1.html,georgia-southern,2020-21
