ranker,player_game_num_career,team_game_num_season,date,team_name_abbr,game_location,opp_name_abbr,game_type,game_result,is_starter,mp,fg,fga,fg_pct,fg3,fg3a,fg3_pct,fg2,fg2a,fg2_pct,efg_pct,ft,fta,ft_pct,orb,drb,trb,ast,stl,blk,tov,pf,pts,game_score,player_name,player_sr_link,school,season
1,83,1,2020-11-25,Georgia Southern,@,Jacksonville State,REG (Non-Conf),L 58-70,*,24,2,9,.222,1,4,.250,1,5,.200,.278,0,0,,1,5,6,0,0,0,2,2,5,-1.1,Tatum Barber,https://www.sports-reference.com/cbb/players/tatum-barber-1.html,georgia-southern,2020-21
2,84,2,2020-11-28,Georgia Southern,@,Augusta,REG (Non-Conf),W 76-63,*,11,1,3,.333,0,2,.000,1,1,1.000,.333,2,2,1.000,1,0,1,1,2,0,2,3,4,2.5,Tatum Barber,https://www.sports-reference.com/cbb/players/tatum-barber-1.html,georgia-southern,2020-21
3,85,3,2020-12-03,Georgia Southern,,Furman,REG (Non-Conf),L 58-73,*,24,2,9,.222,1,5,.200,1,4,.250,.278,4,5,.800,2,2,4,1,1,0,3,4,9,2.2,Tatum Barber,https://www.sports-reference.com/cbb/players/tatum-barber-1.html,georgia-southern,2020-21
4,86,4,2020-12-12,Georgia Southern,,Coastal Georgia,REG (Non-Conf),W 118-48,,17,5,9,.556,0,1,.000,5,8,.625,.556,3,4,.750,3,1,4,1,1,1,2,2,13,10.3,Tatum Barber,https://www.sports-reference.com/cbb/players/tatum-barber-1.html,georgia-southern,2020-21
5,87,5,2020-12-18,Georgia Southern,,Ga. Southwestern,REG (Non-Conf),W 90-69,,17,4,9,.444,2,5,.400,2,4,.500,.556,1,1,1.000,3,1,4,0,0,0,2,2,11,5.9,Tatum Barber,https://www.sports-reference.com/cbb/players/tatum-barber-1.html,georgia-southern,2020-21
6,88,6,2020-12-20,Georgia Southern,,Chattanooga,REG (Non-Conf),L 87-96,,15,3,3,1.000,1,1,1.000,2,2,1.000,1.167,1,1,1.000,0,1,1,1,1,0,1,1,8,7.7,Tatum Barber,https://www.sports-reference.com/cbb/players/tatum-barber-1.html,georgia-southern,2020-21
7,89,7,2020-12-21,Georgia Southern,,Western Carolina,REG (Non-Conf),W 89-61,,13,2,10,.200,0,3,.000,2,7,.286,.200,5,7,.714,1,2,3,0,0,1,1,2,9,2.2,Tatum Barber,https://www.sports-reference.com/cbb/players/tatum-barber-1.html,georgia-southern,2020-21
8,90,8,2021-01-01,Georgia Southern,@,South Alabama,REG (Conf),L 65-71,,7,0,3,.000,0,2,.000,0,1,.000,.000,0,0,,0,0,0,1,0,0,0,1,0,-1.8,Tatum Barber,https://www.sports-reference.com/cbb/players/tatum-barber-1.html,georgia-southern,2020-21
9,91,9,2021-01-02,Georgia Southern,@,South Alabama,REG (Conf),W 78-71,,14,2,4,.500,0,1,.000,2,3,.667,.500,1,2,.500,1,1,2,0,0,0,1,2,5,1.8,Tatum Barber,https://www.sports-reference.com/cbb/players/tatum-barber-1.html,georgia-southern,2020-21
10,92,10,2021-01-08,Georgia Southern,,Appalachian State,REG (Conf),W 87-56,,13,4,5,.800,4,4,1.000,0,1,.000,1.200,2,4,.500,2,2,4,0,1,0,1,2,14,12.5,Tatum Barber,https://www.sports-reference.com/cbb/players/tatum-barber-1.html,georgia-southern,2020-21
11,93,11,2021-01-09,Georgia Southern,,Appalachian State,REG (Conf),L 58-70,,28,6,9,.667,2,2,1.000,4,7,.571,.778,2,5,.400,0,6,6,2,0,0,0,1,16,13.7,Tatum Barber,https://www.sports-reference.com/cbb/players/tatum-barber-1.html,georgia-southern,2020-21
12,94,12,2021-01-15,Georgia Southern,@,Troy,REG (Conf),L 70-87,,26,3,7,.429,2,4,.500,1,3,.333,.571,0,0,,0,6,6,6,1,1,0,2,8,11.2,Tatum Barber,https://www.sports-reference.com/cbb/players/tatum-barber-1.html,georgia-southern,2020-21
13,95,13,2021-01-16,Georgia Southern,@,Troy,REG (Conf),L 69-82,,22,2,4,.500,0,0,,2,4,.500,.500,0,4,.000,0,4,4,2,1,0,1,3,4,1.8,Tatum Barber,https://www.sports-reference.com/cbb/players/tatum-barber-1.html,georgia-southern,2020-21
14,96,14,2021-01-22,Georgia Southern,,South Alabama,REG (Conf),L 58-59,,20,1,5,.200,0,2,.000,1,3,.333,.200,1,2,.500,0,3,3,1,2,0,1,2,3,1.3,Tatum Barber,https://www.sports-reference.com/cbb/players/tatum-barber-1.html,georgia-southern,2020-21
15,97,15,2021-01-23,Georgia Southern,,South Alabama,REG (Conf),W 68-56,,7,3,3,1.000,1,1,1.000,2,2,1.000,1.167,0,0,,0,0,0,1,1,0,1,0,7,6.8,Tatum Barber,https://www.sports-reference.com/cbb/players/tatum-barber-1.html,georgia-southern,2020-21
16,98,16,2021-02-05,Georgia Southern,,Troy,REG (Conf),W 96-91,,9,2,2,1.000,0,0,,2,2,1.000,1.000,0,0,,0,1,1,1,0,0,0,1,4,4.0,Tatum Barber,https://www.sports-reference.com/cbb/players/tatum-barber-1.html,georgia-southern,2020-21
17,99,17,2021-02-06,Georgia Southern,,Troy,REG (Conf),L 83-92,*,12,1,5,.200,1,3,.333,0,2,.000,.300,2,2,1.000,0,0,0,2,1,0,3,2,5,0.5,Tatum Barber,https://www.sports-reference.com/cbb/players/tatum-barber-1.html,georgia-southern,2020-21
18,100,18,2021-02-11,Georgia Southern,,Georgia State,REG (Conf),W 77-69,,20,7,15,.467,0,2,.000,7,13,.538,.467,3,5,.600,5,3,8,1,2,0,1,2,17,13.8,Tatum Barber,https://www.sports-reference.com/cbb/players/tatum-barber-1.html,georgia-southern,2020-21
19,101,19,2021-02-13,Georgia Southern,@,Georgia State,REG (Conf),L 66-71,,22,2,4,.500,1,1,1.000,1,3,.333,.625,2,2,1.000,1,3,4,2,1,0,1,2,7,7.2,Tatum Barber,https://www.sports-reference.com/cbb/players/tatum-barber-1.html,georgia-southern,2020-21
20,102,20,2021-02-20,Georgia Southern,,North Carolina Central,REG (Non-Conf),W 84-60,,15,2,4,.500,1,1,1.000,1,3,.333,.625,2,2,1.000,0,3,3,1,1,0,1,2,7,5.8,Tatum Barber,https://www.sports-reference.com/cbb/players/tatum-barber-1.html,georgia-southern,2020-21
21,103,21,2021-02-21,Georgia Southern,,North Carolina Central,REG (Non-Conf),W 73-65,,11,0,3,.000,0,1,.000,0,2,.000,.000,0,0,,1,3,4,0,1,0,2,0,0,-1.5,Tatum Barber,https://www.sports-reference.com/cbb/players/tatum-barber-1.html,georgia-southern,2020-21
22,104,22,2021-02-26,Georgia Southern,@,Appalachian State,REG (Conf),L 66-77,,19,0,3,.000,0,1,.000,0,2,.000,.000,2,2,1.000,0,1,1,0,0,0,0,2,2,-0.6,Tatum Barber,https://www.sports-reference.com/cbb/players/tatum-barber-1.html,georgia-southern,2020-21
23,105,24,2021-03-05,Georgia Southern,@,Texas State,CTOURN,L 61-94,,29,3,8,.375,1,3,.333,2,5,.400,.438,5,8,.625,0,4,4,2,1,0,2,1,12,7.6,Tatum Barber,https://www.sports-reference.com/cbb/players/tatum-barber-1.html,georgia-southern,2020-21
