ranker,player_game_num_career,team_game_num_season,date,team_name_abbr,game_location,opp_name_abbr,game_type,game_result,is_starter,mp,fg,fga,fg_pct,fg3,fg3a,fg3_pct,fg2,fg2a,fg2_pct,efg_pct,ft,fta,ft_pct,orb,drb,trb,ast,stl,blk,tov,pf,pts,game_score,player_name,player_sr_link,school,season
1,1,1,2020-11-25,Georgia Southern,@,Jacksonville State,REG (Non-Conf),L 58-70,,1,0,0,,0,0,,0,0,,,0,0,,0,0,0,0,0,0,0,0,0,0.0,Terren Ward,https://www.sports-reference.com/cbb/players/terren-ward-1.html,georgia-southern,2020-21
2,2,2,2020-11-28,Georgia Southern,@,Augusta,REG (Non-Conf),W 76-63,,6,1,2,.500,1,1,1.000,0,1,.000,.750,0,0,,0,0,0,1,1,0,0,1,3,3.3,Terren Ward,https://www.sports-reference.com/cbb/players/terren-ward-1.html,georgia-southern,2020-21
3,3,3,2020-12-03,Georgia Southern,,Furman,REG (Non-Conf),L 58-73,,10,1,4,.250,0,2,.000,1,2,.500,.250,1,2,.500,1,1,2,0,2,0,1,1,3,1.8,Terren Ward,https://www.sports-reference.com/cbb/players/terren-ward-1.html,georgia-southern,2020-21
4,4,4,2020-12-12,Georgia Southern,,Coastal Georgia,REG (Non-Conf),W 118-48,,13,4,11,.364,0,1,.000,4,10,.400,.364,3,3,1.000,6,3,9,4,3,0,3,3,11,11.6,Terren Ward,https://www.sports-reference.com/cbb/players/terren-ward-1.html,georgia-southern,2020-21
5,5,5,2020-12-18,Georgia Southern,,Ga. Southwestern,REG (Non-Conf),W 90-69,,13,0,1,.000,0,0,,0,1,.000,.000,7,8,.875,3,6,9,1,2,0,2,2,7,9.7,Terren Ward,https://www.sports-reference.com/cbb/players/terren-ward-1.html,georgia-southern,2020-21
6,6,6,2020-12-20,Georgia Southern,,Chattanooga,REG (Non-Conf),L 87-96,,18,2,6,.333,0,1,.000,2,5,.400,.333,6,6,1.000,5,3,8,0,2,0,1,4,10,10.4,Terren Ward,https://www.sports-reference.com/cbb/players/terren-ward-1.html,georgia-southern,2020-21
7,7,7,2020-12-21,Georgia Southern,,Western Carolina,REG (Non-Conf),W 89-61,,11,1,3,.333,1,1,1.000,0,2,.000,.500,1,2,.500,1,3,4,0,0,0,0,1,4,3.1,Terren Ward,https://www.sports-reference.com/cbb/players/terren-ward-1.html,georgia-southern,2020-21
8,8,8,2021-01-01,Georgia Southern,@,South Alabama,REG (Conf),L 65-71,,12,1,4,.250,1,2,.500,0,2,.000,.375,2,2,1.000,1,1,2,2,1,0,0,2,5,5.2,Terren Ward,https://www.sports-reference.com/cbb/players/terren-ward-1.html,georgia-southern,2020-21
9,9,9,2021-01-02,Georgia Southern,@,South Alabama,REG (Conf),W 78-71,,2,0,1,.000,0,0,,0,1,.000,.000,2,2,1.000,1,0,1,0,0,0,1,0,2,1.0,Terren Ward,https://www.sports-reference.com/cbb/players/terren-ward-1.html,georgia-southern,2020-21
10,10,10,2021-01-08,Georgia Southern,,Appalachian State,REG (Conf),W 87-56,,10,2,4,.500,0,0,,2,4,.500,.500,0,0,,0,4,4,0,0,0,0,2,4,2.4,Terren Ward,https://www.sports-reference.com/cbb/players/terren-ward-1.html,georgia-southern,2020-21
11,11,11,2021-01-09,Georgia Southern,,Appalachian State,REG (Conf),L 58-70,,8,1,2,.500,0,0,,1,2,.500,.500,0,0,,2,1,3,0,0,1,1,1,2,2.0,Terren Ward,https://www.sports-reference.com/cbb/players/terren-ward-1.html,georgia-southern,2020-21
12,12,14,2021-01-22,Georgia Southern,,South Alabama,REG (Conf),L 58-59,,4,0,1,.000,0,0,,0,1,.000,.000,0,0,,1,1,2,0,0,0,0,0,0,0.3,Terren Ward,https://www.sports-reference.com/cbb/players/terren-ward-1.html,georgia-southern,2020-21
13,13,15,2021-01-23,Georgia Southern,,South Alabama,REG (Conf),W 68-56,,21,3,7,.429,1,1,1.000,2,6,.333,.500,0,0,,3,4,7,2,1,0,4,3,7,3.8,Terren Ward,https://www.sports-reference.com/cbb/players/terren-ward-1.html,georgia-southern,2020-21
14,14,16,2021-02-05,Georgia Southern,,Troy,REG (Conf),W 96-91,,26,6,10,.600,0,0,,6,10,.600,.600,5,6,.833,2,13,15,3,5,1,4,0,17,21.1,Terren Ward,https://www.sports-reference.com/cbb/players/terren-ward-1.html,georgia-southern,2020-21
15,15,17,2021-02-06,Georgia Southern,,Troy,REG (Conf),L 83-92,,23,4,11,.364,2,4,.500,2,7,.286,.455,10,13,.769,2,7,9,2,1,0,3,2,20,14.8,Terren Ward,https://www.sports-reference.com/cbb/players/terren-ward-1.html,georgia-southern,2020-21
16,16,18,2021-02-11,Georgia Southern,,Georgia State,REG (Conf),W 77-69,,18,4,8,.500,0,1,.000,4,7,.571,.500,1,2,.500,2,4,6,1,0,0,1,2,9,6.1,Terren Ward,https://www.sports-reference.com/cbb/players/terren-ward-1.html,georgia-southern,2020-21
17,17,19,2021-02-13,Georgia Southern,@,Georgia State,REG (Conf),L 66-71,,11,1,5,.200,1,1,1.000,0,4,.000,.300,3,4,.750,1,2,3,0,0,1,1,1,6,3.1,Terren Ward,https://www.sports-reference.com/cbb/players/terren-ward-1.html,georgia-southern,2020-21
18,18,20,2021-02-20,Georgia Southern,,North Carolina Central,REG (Non-Conf),W 84-60,,19,5,11,.455,2,3,.667,3,8,.375,.545,1,1,1.000,3,2,5,2,1,0,1,1,13,11.0,Terren Ward,https://www.sports-reference.com/cbb/players/terren-ward-1.html,georgia-southern,2020-21
19,19,21,2021-02-21,Georgia Southern,,North Carolina Central,REG (Non-Conf),W 73-65,,22,2,4,.500,1,2,.500,1,2,.500,.625,1,2,.500,1,5,6,1,0,0,3,4,6,1.9,Terren Ward,https://www.sports-reference.com/cbb/players/terren-ward-1.html,georgia-southern,2020-21
20,20,22,2021-02-26,Georgia Southern,@,Appalachian State,REG (Conf),L 66-77,*,21,5,10,.500,0,1,.000,5,9,.556,.500,2,2,1.000,0,3,3,0,0,0,2,2,12,5.1,Terren Ward,https://www.sports-reference.com/cbb/players/terren-ward-1.html,georgia-southern,2020-21
21,21,23,2021-02-27,Georgia Southern,@,Appalachian State,REG (Conf),L 78-81,,28,10,12,.833,2,2,1.000,8,10,.800,.917,4,4,1.000,2,0,2,3,3,1,2,3,26,25.6,Terren Ward,https://www.sports-reference.com/cbb/players/terren-ward-1.html,georgia-southern,2020-21
22,22,24,2021-03-05,Georgia Southern,@,Texas State,CTOURN,L 61-94,*,12,2,4,.500,0,1,.000,2,3,.667,.500,2,2,1.000,1,0,1,1,2,0,3,3,6,3.2,Terren Ward,https://www.sports-reference.com/cbb/players/terren-ward-1.html,georgia-southern,2020-21
