ranker,player_game_num_career,team_game_num_season,date,team_name_abbr,game_location,opp_name_abbr,game_type,game_result,is_starter,mp,fg,fga,fg_pct,fg3,fg3a,fg3_pct,fg2,fg2a,fg2_pct,efg_pct,ft,fta,ft_pct,orb,drb,trb,ast,stl,blk,tov,pf,pts,game_score,player_name,player_sr_link,school,season
1,39,1,2020-11-25,Georgia Southern,@,Jacksonville State,REG (Non-Conf),L 58-70,,19,3,6,.500,0,0,,3,6,.500,.500,0,0,,1,4,5,0,1,0,0,2,6,5.1,Tsubasa Nisbet,https://www.sports-reference.com/cbb/players/tsubasa-nisbet-1.html,georgia-southern,2020-21
2,40,2,2020-11-28,Georgia Southern,@,Augusta,REG (Non-Conf),W 76-63,,18,2,5,.400,0,0,,2,5,.400,.400,0,0,,3,1,4,1,0,0,2,1,4,2.0,Tsubasa Nisbet,https://www.sports-reference.com/cbb/players/tsubasa-nisbet-1.html,georgia-southern,2020-21
3,41,3,2020-12-03,Georgia Southern,,Furman,REG (Non-Conf),L 58-73,,12,1,1,1.000,0,0,,1,1,1.000,1.000,0,0,,0,0,0,1,0,0,0,1,2,2.0,Tsubasa Nisbet,https://www.sports-reference.com/cbb/players/tsubasa-nisbet-1.html,georgia-southern,2020-21
4,42,4,2020-12-12,Georgia Southern,,Coastal Georgia,REG (Non-Conf),W 118-48,,11,0,2,.000,0,0,,0,2,.000,.000,4,6,.667,1,2,3,1,2,0,1,2,4,4.0,Tsubasa Nisbet,https://www.sports-reference.com/cbb/players/tsubasa-nisbet-1.html,georgia-southern,2020-21
5,43,5,2020-12-18,Georgia Southern,,Ga. Southwestern,REG (Non-Conf),W 90-69,,12,1,4,.250,0,1,.000,1,3,.333,.250,3,4,.750,2,2,4,1,0,0,2,0,5,2.9,Tsubasa Nisbet,https://www.sports-reference.com/cbb/players/tsubasa-nisbet-1.html,georgia-southern,2020-21
6,44,6,2020-12-20,Georgia Southern,,Chattanooga,REG (Non-Conf),L 87-96,,4,0,1,.000,0,0,,0,1,.000,.000,0,0,,0,1,1,0,0,1,1,0,0,-0.7,Tsubasa Nisbet,https://www.sports-reference.com/cbb/players/tsubasa-nisbet-1.html,georgia-southern,2020-21
7,45,7,2020-12-21,Georgia Southern,,Western Carolina,REG (Non-Conf),W 89-61,,9,2,3,.667,0,0,,2,3,.667,.667,0,0,,0,2,2,1,0,0,0,2,4,3.2,Tsubasa Nisbet,https://www.sports-reference.com/cbb/players/tsubasa-nisbet-1.html,georgia-southern,2020-21
8,46,8,2021-01-01,Georgia Southern,@,South Alabama,REG (Conf),L 65-71,,3,0,0,,0,0,,0,0,,,0,0,,0,0,0,0,1,1,2,0,0,-0.3,Tsubasa Nisbet,https://www.sports-reference.com/cbb/players/tsubasa-nisbet-1.html,georgia-southern,2020-21
9,47,10,2021-01-08,Georgia Southern,,Appalachian State,REG (Conf),W 87-56,,9,2,2,1.000,1,1,1.000,1,1,1.000,1.250,2,2,1.000,0,1,1,1,0,0,0,2,7,6.6,Tsubasa Nisbet,https://www.sports-reference.com/cbb/players/tsubasa-nisbet-1.html,georgia-southern,2020-21
10,48,11,2021-01-09,Georgia Southern,,Appalachian State,REG (Conf),L 58-70,,16,0,5,.000,0,1,.000,0,4,.000,.000,0,0,,1,3,4,1,0,0,0,3,0,-2.4,Tsubasa Nisbet,https://www.sports-reference.com/cbb/players/tsubasa-nisbet-1.html,georgia-southern,2020-21
11,49,12,2021-01-15,Georgia Southern,@,Troy,REG (Conf),L 70-87,,11,1,4,.250,0,0,,1,4,.250,.250,2,2,1.000,1,4,5,0,0,0,1,1,4,2.1,Tsubasa Nisbet,https://www.sports-reference.com/cbb/players/tsubasa-nisbet-1.html,georgia-southern,2020-21
12,50,13,2021-01-16,Georgia Southern,@,Troy,REG (Conf),L 69-82,,9,0,3,.000,0,1,.000,0,2,.000,.000,0,0,,2,0,2,0,1,0,3,0,0,-2.7,Tsubasa Nisbet,https://www.sports-reference.com/cbb/players/tsubasa-nisbet-1.html,georgia-southern,2020-21
13,51,14,2021-01-22,Georgia Southern,,South Alabama,REG (Conf),L 58-59,,6,0,0,,0,0,,0,0,,,0,0,,0,0,0,0,0,0,1,0,0,-1.0,Tsubasa Nisbet,https://www.sports-reference.com/cbb/players/tsubasa-nisbet-1.html,georgia-southern,2020-21
14,52,15,2021-01-23,Georgia Southern,,South Alabama,REG (Conf),W 68-56,,4,0,0,,0,0,,0,0,,,0,0,,0,2,2,0,1,1,1,0,0,1.3,Tsubasa Nisbet,https://www.sports-reference.com/cbb/players/tsubasa-nisbet-1.html,georgia-southern,2020-21
15,53,16,2021-02-05,Georgia Southern,,Troy,REG (Conf),W 96-91,,3,1,1,1.000,0,0,,1,1,1.000,1.000,0,0,,1,0,1,0,0,0,0,2,2,1.6,Tsubasa Nisbet,https://www.sports-reference.com/cbb/players/tsubasa-nisbet-1.html,georgia-southern,2020-21
16,54,17,2021-02-06,Georgia Southern,,Troy,REG (Conf),L 83-92,,3,0,0,,0,0,,0,0,,,0,0,,1,0,1,0,0,0,1,0,0,-0.3,Tsubasa Nisbet,https://www.sports-reference.com/cbb/players/tsubasa-nisbet-1.html,georgia-southern,2020-21
17,55,19,2021-02-13,Georgia Southern,@,Georgia State,REG (Conf),L 66-71,,4,0,0,,0,0,,0,0,,,0,0,,0,0,0,0,0,0,0,0,0,0.0,Tsubasa Nisbet,https://www.sports-reference.com/cbb/players/tsubasa-nisbet-1.html,georgia-southern,2020-21
18,56,20,2021-02-20,Georgia Southern,,North Carolina Central,REG (Non-Conf),W 84-60,,8,0,1,.000,0,1,.000,0,0,,.000,3,4,.750,1,0,1,2,1,0,3,1,3,1.6,Tsubasa Nisbet,https://www.sports-reference.com/cbb/players/tsubasa-nisbet-1.html,georgia-southern,2020-21
19,57,21,2021-02-21,Georgia Southern,,North Carolina Central,REG (Non-Conf),W 73-65,,5,0,0,,0,0,,0,0,,,0,0,,0,0,0,0,1,0,0,1,0,0.6,Tsubasa Nisbet,https://www.sports-reference.com/cbb/players/tsubasa-nisbet-1.html,georgia-southern,2020-21
20,58,22,2021-02-26,Georgia Southern,@,Appalachian State,REG (Conf),L 66-77,,11,1,2,.500,0,1,.000,1,1,1.000,.500,4,4,1.000,4,0,4,2,0,0,2,2,6,6.4,Tsubasa Nisbet,https://www.sports-reference.com/cbb/players/tsubasa-nisbet-1.html,georgia-southern,2020-21
21,59,23,2021-02-27,Georgia Southern,@,Appalachian State,REG (Conf),L 78-81,,17,1,3,.333,0,0,,1,3,.333,.333,2,2,1.000,2,1,3,0,0,0,1,3,4,1.8,Tsubasa Nisbet,https://www.sports-reference.com/cbb/players/tsubasa-nisbet-1.html,georgia-southern,2020-21
22,60,24,2021-03-05,Georgia Southern,@,Texas State,CTOURN,L 61-94,,9,3,4,.750,0,0,,3,4,.750,.750,0,1,.000,0,2,2,0,0,0,2,1,6,2.2,Tsubasa Nisbet,https://www.sports-reference.com/cbb/players/tsubasa-nisbet-1.html,georgia-southern,2020-21
