ranker,player_game_num_career,team_game_num_season,date,team_name_abbr,game_location,opp_name_abbr,game_type,game_result,is_starter,mp,fg,fga,fg_pct,fg3,fg3a,fg3_pct,fg2,fg2a,fg2_pct,efg_pct,ft,fta,ft_pct,orb,drb,trb,ast,stl,blk,tov,pf,pts,game_score,player_name,player_sr_link,school,season
1,81,1,2020-11-25,Jacksonville,@,Miami (FL),REG (Non-Conf),L 58-74,*,33,6,11,.545,1,5,.200,5,6,.833,.591,1,3,.333,0,3,3,3,0,1,1,3,14,9.4,Alexis Pierce,https://www.sports-reference.com/cbb/players/alexis-pierce-1.html,jacksonville,2020-21
2,82,2,2020-11-28,Jacksonville,@,South Florida,REG (Non-Conf),L 46-84,*,39,2,12,.167,0,1,.000,2,11,.182,.167,4,8,.500,0,0,0,1,1,0,1,1,8,-0.9,Alexis Pierce,https://www.sports-reference.com/cbb/players/alexis-pierce-1.html,jacksonville,2020-21
3,83,3,2020-12-05,Jacksonville,,Florida International,REG (Non-Conf),L 59-64,*,40,7,17,.412,4,7,.571,3,10,.300,.529,0,2,.000,0,2,2,3,3,0,3,0,18,10.8,Alexis Pierce,https://www.sports-reference.com/cbb/players/alexis-pierce-1.html,jacksonville,2020-21
4,84,4,2020-12-11,Jacksonville,,Webber,REG (Non-Conf),W 67-52,*,3,1,1,1.000,0,0,,1,1,1.000,1.000,0,0,,0,0,0,0,1,0,0,0,2,2.7,Alexis Pierce,https://www.sports-reference.com/cbb/players/alexis-pierce-1.html,jacksonville,2020-21
5,85,6,2021-01-16,Jacksonville,@,North Florida,REG (Conf),L 65-72,*,33,5,19,.263,2,8,.250,3,11,.273,.316,3,4,.750,1,2,3,1,0,0,2,4,15,1.7,Alexis Pierce,https://www.sports-reference.com/cbb/players/alexis-pierce-1.html,jacksonville,2020-21
6,86,7,2021-01-17,Jacksonville,@,North Florida,REG (Conf),L 56-67,*,31,5,14,.357,1,3,.333,4,11,.364,.393,2,2,1.000,1,2,3,1,1,1,2,2,13,6.1,Alexis Pierce,https://www.sports-reference.com/cbb/players/alexis-pierce-1.html,jacksonville,2020-21
7,87,8,2021-01-23,Jacksonville,,North Alabama,REG (Conf),L 61-75,*,28,2,8,.250,0,2,.000,2,6,.333,.250,1,3,.333,1,3,4,2,2,0,3,1,5,1.0,Alexis Pierce,https://www.sports-reference.com/cbb/players/alexis-pierce-1.html,jacksonville,2020-21
8,88,9,2021-01-24,Jacksonville,,North Alabama,REG (Conf),L 47-57,*,25,3,8,.375,0,1,.000,3,7,.429,.375,5,5,1.000,1,1,2,1,2,0,3,1,11,6.9,Alexis Pierce,https://www.sports-reference.com/cbb/players/alexis-pierce-1.html,jacksonville,2020-21
9,89,10,2021-01-30,Jacksonville,@,Liberty,REG (Conf),L 46-78,,15,1,2,.500,0,0,,1,2,.500,.500,2,5,.400,2,3,5,1,0,0,2,1,4,2.4,Alexis Pierce,https://www.sports-reference.com/cbb/players/alexis-pierce-1.html,jacksonville,2020-21
10,90,11,2021-01-31,Jacksonville,@,Liberty,REG (Conf),L 52-78,*,23,0,7,.000,0,3,.000,0,4,.000,.000,1,2,.500,0,4,4,2,0,0,0,0,1,-1.7,Alexis Pierce,https://www.sports-reference.com/cbb/players/alexis-pierce-1.html,jacksonville,2020-21
11,91,12,2021-02-06,Jacksonville,,Bellarmine,REG (Conf),L 71-75 (OT),*,27,8,11,.727,1,4,.250,7,7,1.000,.773,2,5,.400,1,3,4,2,0,0,1,0,19,15.3,Alexis Pierce,https://www.sports-reference.com/cbb/players/alexis-pierce-1.html,jacksonville,2020-21
12,92,13,2021-02-07,Jacksonville,,Bellarmine,REG (Conf),W 71-65,*,30,2,6,.333,0,2,.000,2,4,.500,.333,3,8,.375,0,2,2,2,0,1,3,3,7,0.1,Alexis Pierce,https://www.sports-reference.com/cbb/players/alexis-pierce-1.html,jacksonville,2020-21
13,93,14,2021-02-13,Jacksonville,@,Lipscomb,REG (Conf),L 55-66,*,32,2,8,.250,2,7,.286,0,1,.000,.375,0,2,.000,2,5,7,2,0,1,1,0,6,4.4,Alexis Pierce,https://www.sports-reference.com/cbb/players/alexis-pierce-1.html,jacksonville,2020-21
14,94,15,2021-02-14,Jacksonville,@,Lipscomb,REG (Conf),L 36-63,*,30,3,10,.300,2,8,.250,1,2,.500,.400,3,5,.600,0,2,2,0,0,0,0,0,11,5.0,Alexis Pierce,https://www.sports-reference.com/cbb/players/alexis-pierce-1.html,jacksonville,2020-21
15,95,16,2021-02-20,Jacksonville,,Florida Gulf Coast,REG (Conf),L 64-89,*,20,1,5,.200,0,0,,1,5,.200,.200,1,2,.500,1,2,3,0,0,0,2,4,3,-2.8,Alexis Pierce,https://www.sports-reference.com/cbb/players/alexis-pierce-1.html,jacksonville,2020-21
16,96,17,2021-02-21,Jacksonville,,Florida Gulf Coast,REG (Conf),L 58-87,*,37,6,13,.462,1,2,.500,5,11,.455,.500,2,2,1.000,0,6,6,0,1,0,1,0,15,10.1,Alexis Pierce,https://www.sports-reference.com/cbb/players/alexis-pierce-1.html,jacksonville,2020-21
17,97,18,2021-03-05,Jacksonville,@,Stetson,REG (Conf),L 64-89,*,24,4,10,.400,3,6,.500,1,4,.250,.550,0,0,,1,3,4,0,0,2,1,3,11,6.4,Alexis Pierce,https://www.sports-reference.com/cbb/players/alexis-pierce-1.html,jacksonville,2020-21
18,98,19,2021-03-06,Jacksonville,@,Stetson,REG (Conf),L 64-68 (OT),*,37,5,16,.313,3,7,.429,2,9,.222,.406,1,3,.333,3,2,5,1,0,0,2,3,14,4.2,Alexis Pierce,https://www.sports-reference.com/cbb/players/alexis-pierce-1.html,jacksonville,2020-21
19,99,20,2021-03-10,Jacksonville,@,Kennesaw State,CTOURN,W 55-52,*,33,3,11,.273,1,5,.200,2,6,.333,.318,0,0,,0,5,5,1,0,0,2,1,7,0.3,Alexis Pierce,https://www.sports-reference.com/cbb/players/alexis-pierce-1.html,jacksonville,2020-21
20,100,21,2021-03-11,Jacksonville,@,Florida Gulf Coast,CTOURN,L 62-87,*,29,1,6,.167,0,1,.000,1,5,.200,.167,1,2,.500,0,2,2,1,0,0,2,2,3,-2.7,Alexis Pierce,https://www.sports-reference.com/cbb/players/alexis-pierce-1.html,jacksonville,2020-21
