ranker,player_game_num_career,team_game_num_season,date,team_name_abbr,game_location,opp_name_abbr,game_type,game_result,is_starter,mp,fg,fga,fg_pct,fg3,fg3a,fg3_pct,fg2,fg2a,fg2_pct,efg_pct,ft,fta,ft_pct,orb,drb,trb,ast,stl,blk,tov,pf,pts,game_score,player_name,player_sr_link,school,season
1,1,1,2020-11-25,Jacksonville,@,Miami (FL),REG (Non-Conf),L 58-74,,19,6,13,.462,2,7,.286,4,6,.667,.538,3,4,.750,0,1,1,0,2,0,1,2,17,10.4,Ashley Malone,https://www.sports-reference.com/cbb/players/ashley-malone-1.html,jacksonville,2020-21
2,2,2,2020-11-28,Jacksonville,@,South Florida,REG (Non-Conf),L 46-84,*,24,2,7,.286,1,3,.333,1,4,.250,.357,2,2,1.000,0,2,2,0,0,0,3,3,7,-0.7,Ashley Malone,https://www.sports-reference.com/cbb/players/ashley-malone-1.html,jacksonville,2020-21
3,3,4,2020-12-11,Jacksonville,,Webber,REG (Non-Conf),W 67-52,*,31,3,18,.167,1,10,.100,2,8,.250,.194,2,3,.667,0,1,1,2,1,0,2,3,9,-3.3,Ashley Malone,https://www.sports-reference.com/cbb/players/ashley-malone-1.html,jacksonville,2020-21
4,4,5,2020-12-14,Jacksonville,,Flagler,REG (Non-Conf),W 59-52,*,17,0,8,.000,0,2,.000,0,6,.000,.000,3,4,.750,1,2,3,1,2,0,1,3,3,-1.2,Ashley Malone,https://www.sports-reference.com/cbb/players/ashley-malone-1.html,jacksonville,2020-21
5,5,9,2021-01-24,Jacksonville,,North Alabama,REG (Conf),L 47-57,,17,0,3,.000,0,0,,0,3,.000,.000,2,4,.500,0,3,3,1,1,0,1,5,2,-1.3,Ashley Malone,https://www.sports-reference.com/cbb/players/ashley-malone-1.html,jacksonville,2020-21
6,6,10,2021-01-30,Jacksonville,@,Liberty,REG (Conf),L 46-78,*,18,1,7,.143,0,5,.000,1,2,.500,.143,2,2,1.000,1,3,4,1,1,0,0,3,4,1.6,Ashley Malone,https://www.sports-reference.com/cbb/players/ashley-malone-1.html,jacksonville,2020-21
7,7,11,2021-01-31,Jacksonville,@,Liberty,REG (Conf),L 52-78,,15,2,8,.250,1,2,.500,1,6,.167,.313,2,5,.400,2,0,2,1,1,0,1,2,7,2.3,Ashley Malone,https://www.sports-reference.com/cbb/players/ashley-malone-1.html,jacksonville,2020-21
8,8,12,2021-02-06,Jacksonville,,Bellarmine,REG (Conf),L 71-75 (OT),,8,0,1,.000,0,0,,0,1,.000,.000,1,2,.500,0,1,1,0,1,0,0,4,1,-0.4,Ashley Malone,https://www.sports-reference.com/cbb/players/ashley-malone-1.html,jacksonville,2020-21
9,9,13,2021-02-07,Jacksonville,,Bellarmine,REG (Conf),W 71-65,,12,0,3,.000,0,1,.000,0,2,.000,.000,0,0,,0,3,3,1,0,0,1,1,0,-1.9,Ashley Malone,https://www.sports-reference.com/cbb/players/ashley-malone-1.html,jacksonville,2020-21
10,10,14,2021-02-13,Jacksonville,@,Lipscomb,REG (Conf),L 55-66,,19,4,13,.308,1,8,.125,3,5,.600,.346,4,9,.444,0,0,0,0,2,0,4,3,13,0.3,Ashley Malone,https://www.sports-reference.com/cbb/players/ashley-malone-1.html,jacksonville,2020-21
11,11,15,2021-02-14,Jacksonville,@,Lipscomb,REG (Conf),L 36-63,,21,1,10,.100,0,3,.000,1,7,.143,.100,4,4,1.000,0,1,1,0,0,0,3,1,6,-3.7,Ashley Malone,https://www.sports-reference.com/cbb/players/ashley-malone-1.html,jacksonville,2020-21
12,12,16,2021-02-20,Jacksonville,,Florida Gulf Coast,REG (Conf),L 64-89,,13,1,8,.125,0,2,.000,1,6,.167,.125,2,2,1.000,1,1,2,0,0,0,1,1,4,-1.6,Ashley Malone,https://www.sports-reference.com/cbb/players/ashley-malone-1.html,jacksonville,2020-21
13,13,17,2021-02-21,Jacksonville,,Florida Gulf Coast,REG (Conf),L 58-87,,25,5,10,.500,2,5,.400,3,5,.600,.600,7,12,.583,0,2,2,1,0,0,3,3,19,9.1,Ashley Malone,https://www.sports-reference.com/cbb/players/ashley-malone-1.html,jacksonville,2020-21
14,14,18,2021-03-05,Jacksonville,@,Stetson,REG (Conf),L 64-89,,17,2,11,.182,1,2,.500,1,9,.111,.227,3,4,.750,2,2,4,0,1,0,2,2,8,0.9,Ashley Malone,https://www.sports-reference.com/cbb/players/ashley-malone-1.html,jacksonville,2020-21
15,15,19,2021-03-06,Jacksonville,@,Stetson,REG (Conf),L 64-68 (OT),,18,0,5,.000,0,2,.000,0,3,.000,.000,0,2,.000,1,0,1,2,0,0,0,2,0,-3.0,Ashley Malone,https://www.sports-reference.com/cbb/players/ashley-malone-1.html,jacksonville,2020-21
16,16,20,2021-03-10,Jacksonville,@,Kennesaw State,CTOURN,W 55-52,,11,1,7,.143,1,2,.500,0,5,.000,.214,0,0,,0,0,0,0,0,0,1,1,3,-2.9,Ashley Malone,https://www.sports-reference.com/cbb/players/ashley-malone-1.html,jacksonville,2020-21
17,17,21,2021-03-11,Jacksonville,@,Florida Gulf Coast,CTOURN,L 62-87,*,28,4,14,.286,0,4,.000,4,10,.400,.286,4,6,.667,0,6,6,3,2,0,2,1,12,6.5,Ashley Malone,https://www.sports-reference.com/cbb/players/ashley-malone-1.html,jacksonville,2020-21
