ranker,player_game_num_career,team_game_num_season,date,team_name_abbr,game_location,opp_name_abbr,game_type,game_result,is_starter,mp,fg,fga,fg_pct,fg3,fg3a,fg3_pct,fg2,fg2a,fg2_pct,efg_pct,ft,fta,ft_pct,orb,drb,trb,ast,stl,blk,tov,pf,pts,game_score,player_name,player_sr_link,school,season
1,24,16,2021-02-20,Jacksonville,,Florida Gulf Coast,REG (Conf),L 64-89,*,29,1,9,.111,0,3,.000,1,6,.167,.111,2,4,.500,0,4,4,1,4,1,2,1,4,1.5,Da'Nasia Shaw,https://www.sports-reference.com/cbb/players/danasia-shaw-1.html,jacksonville,2020-21
2,25,17,2021-02-21,Jacksonville,,Florida Gulf Coast,REG (Conf),L 58-87,*,23,2,6,.333,1,3,.333,1,3,.333,.417,0,2,.000,0,6,6,0,1,1,1,2,5,2.5,Da'Nasia Shaw,https://www.sports-reference.com/cbb/players/danasia-shaw-1.html,jacksonville,2020-21
3,26,18,2021-03-05,Jacksonville,@,Stetson,REG (Conf),L 64-89,,24,3,10,.300,2,8,.250,1,2,.500,.400,2,4,.500,0,1,1,0,1,0,0,1,10,4.3,Da'Nasia Shaw,https://www.sports-reference.com/cbb/players/danasia-shaw-1.html,jacksonville,2020-21
4,27,19,2021-03-06,Jacksonville,@,Stetson,REG (Conf),L 64-68 (OT),*,27,2,13,.154,0,3,.000,2,10,.200,.154,2,4,.500,4,1,5,1,0,0,2,5,6,-3.3,Da'Nasia Shaw,https://www.sports-reference.com/cbb/players/danasia-shaw-1.html,jacksonville,2020-21
5,28,20,2021-03-10,Jacksonville,@,Kennesaw State,CTOURN,W 55-52,*,37,5,15,.333,0,5,.000,5,10,.500,.333,2,2,1.000,1,5,6,1,0,1,1,3,12,4.9,Da'Nasia Shaw,https://www.sports-reference.com/cbb/players/danasia-shaw-1.html,jacksonville,2020-21
6,29,21,2021-03-11,Jacksonville,@,Florida Gulf Coast,CTOURN,L 62-87,*,19,2,5,.400,2,3,.667,0,2,.000,.600,1,2,.500,0,2,2,1,1,0,0,0,7,6.2,Da'Nasia Shaw,https://www.sports-reference.com/cbb/players/danasia-shaw-1.html,jacksonville,2020-21
