ranker,player_game_num_career,team_game_num_season,date,team_name_abbr,game_location,opp_name_abbr,game_type,game_result,is_starter,mp,fg,fga,fg_pct,fg3,fg3a,fg3_pct,fg2,fg2a,fg2_pct,efg_pct,ft,fta,ft_pct,orb,drb,trb,ast,stl,blk,tov,pf,pts,game_score,player_name,player_sr_link,school,season
1,1,1,2020-11-25,Jacksonville,@,Miami (FL),REG (Non-Conf),L 58-74,*,39,7,18,.389,0,4,.000,7,14,.500,.389,0,0,,5,3,8,1,2,0,2,2,14,8.5,Deshari Graham,https://www.sports-reference.com/cbb/players/deshari-graham-1.html,jacksonville,2020-21
2,2,2,2020-11-28,Jacksonville,@,South Florida,REG (Non-Conf),L 46-84,,33,3,10,.300,0,0,,3,10,.300,.300,1,3,.333,0,6,6,2,1,0,4,4,7,-1.0,Deshari Graham,https://www.sports-reference.com/cbb/players/deshari-graham-1.html,jacksonville,2020-21
3,3,3,2020-12-05,Jacksonville,,Florida International,REG (Non-Conf),L 59-64,*,40,6,13,.462,3,7,.429,3,6,.500,.577,0,0,,4,4,8,5,1,1,5,1,15,12.1,Deshari Graham,https://www.sports-reference.com/cbb/players/deshari-graham-1.html,jacksonville,2020-21
4,4,4,2020-12-11,Jacksonville,,Webber,REG (Non-Conf),W 67-52,*,40,6,10,.600,3,3,1.000,3,7,.429,.750,3,4,.750,2,3,5,2,5,0,4,1,18,17.3,Deshari Graham,https://www.sports-reference.com/cbb/players/deshari-graham-1.html,jacksonville,2020-21
5,5,5,2020-12-14,Jacksonville,,Flagler,REG (Non-Conf),W 59-52,*,40,10,23,.435,4,9,.444,6,14,.429,.522,1,1,1.000,3,0,3,3,4,0,3,2,25,17.3,Deshari Graham,https://www.sports-reference.com/cbb/players/deshari-graham-1.html,jacksonville,2020-21
6,6,6,2021-01-16,Jacksonville,@,North Florida,REG (Conf),L 65-72,,7,0,2,.000,0,2,.000,0,0,,.000,0,0,,1,2,3,0,0,0,1,1,0,-1.5,Deshari Graham,https://www.sports-reference.com/cbb/players/deshari-graham-1.html,jacksonville,2020-21
7,7,7,2021-01-17,Jacksonville,@,North Florida,REG (Conf),L 56-67,,29,5,12,.417,1,4,.250,4,8,.500,.458,0,4,.000,3,3,6,4,2,0,2,1,11,8.4,Deshari Graham,https://www.sports-reference.com/cbb/players/deshari-graham-1.html,jacksonville,2020-21
8,8,8,2021-01-23,Jacksonville,,North Alabama,REG (Conf),L 61-75,*,28,2,7,.286,0,1,.000,2,6,.333,.286,0,0,,1,2,3,1,0,1,4,2,4,-2.2,Deshari Graham,https://www.sports-reference.com/cbb/players/deshari-graham-1.html,jacksonville,2020-21
9,9,9,2021-01-24,Jacksonville,,North Alabama,REG (Conf),L 47-57,*,17,4,9,.444,1,2,.500,3,7,.429,.500,1,2,.500,3,0,3,1,3,0,3,5,10,5.7,Deshari Graham,https://www.sports-reference.com/cbb/players/deshari-graham-1.html,jacksonville,2020-21
10,10,10,2021-01-30,Jacksonville,@,Liberty,REG (Conf),L 46-78,*,37,5,14,.357,1,7,.143,4,7,.571,.393,2,2,1.000,0,0,0,3,4,0,1,1,13,9.9,Deshari Graham,https://www.sports-reference.com/cbb/players/deshari-graham-1.html,jacksonville,2020-21
11,11,11,2021-01-31,Jacksonville,@,Liberty,REG (Conf),L 52-78,*,35,3,8,.375,1,4,.250,2,4,.500,.438,1,1,1.000,3,1,4,1,1,0,6,2,8,0.9,Deshari Graham,https://www.sports-reference.com/cbb/players/deshari-graham-1.html,jacksonville,2020-21
12,12,12,2021-02-06,Jacksonville,,Bellarmine,REG (Conf),L 71-75 (OT),*,32,7,13,.538,3,6,.500,4,7,.571,.654,2,2,1.000,0,2,2,1,7,0,0,3,19,19.8,Deshari Graham,https://www.sports-reference.com/cbb/players/deshari-graham-1.html,jacksonville,2020-21
13,13,13,2021-02-07,Jacksonville,,Bellarmine,REG (Conf),W 71-65,*,28,7,11,.636,2,3,.667,5,8,.625,.727,2,2,1.000,0,1,1,5,2,0,1,4,18,16.3,Deshari Graham,https://www.sports-reference.com/cbb/players/deshari-graham-1.html,jacksonville,2020-21
14,14,14,2021-02-13,Jacksonville,@,Lipscomb,REG (Conf),L 55-66,*,37,4,11,.364,2,6,.333,2,5,.400,.455,1,2,.500,3,3,6,2,1,0,3,3,11,5.7,Deshari Graham,https://www.sports-reference.com/cbb/players/deshari-graham-1.html,jacksonville,2020-21
15,15,15,2021-02-14,Jacksonville,@,Lipscomb,REG (Conf),L 36-63,*,24,1,5,.200,0,2,.000,1,3,.333,.200,2,2,1.000,2,8,10,0,1,0,2,4,4,2.1,Deshari Graham,https://www.sports-reference.com/cbb/players/deshari-graham-1.html,jacksonville,2020-21
16,16,16,2021-02-20,Jacksonville,,Florida Gulf Coast,REG (Conf),L 64-89,*,33,6,6,1.000,0,0,,6,6,1.000,1.000,0,1,.000,1,4,5,1,2,0,3,3,12,10.2,Deshari Graham,https://www.sports-reference.com/cbb/players/deshari-graham-1.html,jacksonville,2020-21
17,17,17,2021-02-21,Jacksonville,,Florida Gulf Coast,REG (Conf),L 58-87,*,21,5,6,.833,0,0,,5,6,.833,.833,0,1,.000,1,2,3,2,2,0,1,3,10,9.9,Deshari Graham,https://www.sports-reference.com/cbb/players/deshari-graham-1.html,jacksonville,2020-21
18,18,18,2021-03-05,Jacksonville,@,Stetson,REG (Conf),L 64-89,*,34,6,13,.462,1,3,.333,5,10,.500,.500,2,2,1.000,4,1,5,3,0,0,4,0,15,9.5,Deshari Graham,https://www.sports-reference.com/cbb/players/deshari-graham-1.html,jacksonville,2020-21
19,19,19,2021-03-06,Jacksonville,@,Stetson,REG (Conf),L 64-68 (OT),*,41,6,11,.545,0,1,.000,6,10,.600,.545,0,2,.000,3,5,8,2,2,0,3,1,12,9.5,Deshari Graham,https://www.sports-reference.com/cbb/players/deshari-graham-1.html,jacksonville,2020-21
20,20,20,2021-03-10,Jacksonville,@,Kennesaw State,CTOURN,W 55-52,*,22,5,11,.455,0,3,.000,5,8,.625,.455,1,2,.500,1,2,3,3,2,0,2,3,11,7.1,Deshari Graham,https://www.sports-reference.com/cbb/players/deshari-graham-1.html,jacksonville,2020-21
21,21,21,2021-03-11,Jacksonville,@,Florida Gulf Coast,CTOURN,L 62-87,*,30,7,9,.778,0,0,,7,9,.778,.778,1,1,1.000,0,3,3,4,4,1,3,3,15,15.7,Deshari Graham,https://www.sports-reference.com/cbb/players/deshari-graham-1.html,jacksonville,2020-21
