ranker,player_game_num_career,team_game_num_season,date,team_name_abbr,game_location,opp_name_abbr,game_type,game_result,is_starter,mp,fg,fga,fg_pct,fg3,fg3a,fg3_pct,fg2,fg2a,fg2_pct,efg_pct,ft,fta,ft_pct,orb,drb,trb,ast,stl,blk,tov,pf,pts,game_score,player_name,player_sr_link,school,season
1,29,6,2021-01-16,Jacksonville,@,North Florida,REG (Conf),L 65-72,*,31,9,20,.450,3,9,.333,6,11,.545,.525,5,9,.556,3,1,4,0,1,0,1,2,26,15.6,Erin Wilson,https://www.sports-reference.com/cbb/players/erin-wilson-1.html,jacksonville,2020-21
2,30,7,2021-01-17,Jacksonville,@,North Florida,REG (Conf),L 56-67,*,35,9,17,.529,3,7,.429,6,10,.600,.618,5,5,1.000,1,6,7,0,2,0,1,4,26,19.6,Erin Wilson,https://www.sports-reference.com/cbb/players/erin-wilson-1.html,jacksonville,2020-21
3,31,8,2021-01-23,Jacksonville,,North Alabama,REG (Conf),L 61-75,*,34,6,11,.545,1,1,1.000,5,10,.500,.591,4,6,.667,0,5,5,0,1,1,0,1,17,13.7,Erin Wilson,https://www.sports-reference.com/cbb/players/erin-wilson-1.html,jacksonville,2020-21
4,32,9,2021-01-24,Jacksonville,,North Alabama,REG (Conf),L 47-57,*,34,3,10,.300,0,1,.000,3,9,.333,.300,3,4,.750,2,5,7,0,0,0,0,1,9,5.3,Erin Wilson,https://www.sports-reference.com/cbb/players/erin-wilson-1.html,jacksonville,2020-21
5,33,10,2021-01-30,Jacksonville,@,Liberty,REG (Conf),L 46-78,*,32,1,7,.143,0,5,.000,1,2,.500,.143,0,0,,3,5,8,1,2,0,4,4,2,-1.8,Erin Wilson,https://www.sports-reference.com/cbb/players/erin-wilson-1.html,jacksonville,2020-21
6,34,11,2021-01-31,Jacksonville,@,Liberty,REG (Conf),L 52-78,*,31,6,15,.400,1,6,.167,5,9,.556,.433,0,0,,0,0,0,2,4,0,0,4,13,8.7,Erin Wilson,https://www.sports-reference.com/cbb/players/erin-wilson-1.html,jacksonville,2020-21
7,35,12,2021-02-06,Jacksonville,,Bellarmine,REG (Conf),L 71-75 (OT),*,37,3,12,.250,2,7,.286,1,5,.200,.333,0,0,,3,6,9,3,1,0,2,4,8,4.2,Erin Wilson,https://www.sports-reference.com/cbb/players/erin-wilson-1.html,jacksonville,2020-21
8,36,13,2021-02-07,Jacksonville,,Bellarmine,REG (Conf),W 71-65,*,34,10,18,.556,1,2,.500,9,16,.563,.583,4,6,.667,2,9,11,2,0,0,1,1,25,19.7,Erin Wilson,https://www.sports-reference.com/cbb/players/erin-wilson-1.html,jacksonville,2020-21
