ranker,player_game_num_career,team_game_num_season,date,team_name_abbr,game_location,opp_name_abbr,game_type,game_result,is_starter,mp,fg,fga,fg_pct,fg3,fg3a,fg3_pct,fg2,fg2a,fg2_pct,efg_pct,ft,fta,ft_pct,orb,drb,trb,ast,stl,blk,tov,pf,pts,game_score,player_name,player_sr_link,school,season
1,30,1,2020-11-25,Jacksonville,@,Miami (FL),REG (Non-Conf),L 58-74,*,33,2,10,.200,0,2,.000,2,8,.250,.200,1,3,.333,2,8,10,1,4,3,2,4,5,5.0,Jada Perry,https://www.sports-reference.com/cbb/players/jada-perry-1.html,jacksonville,2020-21
2,31,2,2020-11-28,Jacksonville,@,South Florida,REG (Non-Conf),L 46-84,*,40,4,14,.286,0,3,.000,4,11,.364,.286,2,5,.400,2,3,5,1,1,0,1,1,10,3.2,Jada Perry,https://www.sports-reference.com/cbb/players/jada-perry-1.html,jacksonville,2020-21
3,32,3,2020-12-05,Jacksonville,,Florida International,REG (Non-Conf),L 59-64,*,39,5,19,.263,1,4,.250,4,15,.267,.289,1,2,.500,2,4,6,1,3,1,3,5,12,2.3,Jada Perry,https://www.sports-reference.com/cbb/players/jada-perry-1.html,jacksonville,2020-21
4,33,4,2020-12-11,Jacksonville,,Webber,REG (Non-Conf),W 67-52,*,34,5,11,.455,2,2,1.000,3,9,.333,.545,2,2,1.000,3,9,12,0,2,1,3,2,14,12.0,Jada Perry,https://www.sports-reference.com/cbb/players/jada-perry-1.html,jacksonville,2020-21
5,34,5,2020-12-14,Jacksonville,,Flagler,REG (Non-Conf),W 59-52,,38,5,17,.294,2,3,.667,3,14,.214,.353,7,9,.778,3,11,14,1,2,3,3,3,19,14.3,Jada Perry,https://www.sports-reference.com/cbb/players/jada-perry-1.html,jacksonville,2020-21
6,35,6,2021-01-16,Jacksonville,@,North Florida,REG (Conf),L 65-72,*,28,2,11,.182,0,1,.000,2,10,.200,.182,0,0,,3,4,7,1,3,0,2,2,4,1.3,Jada Perry,https://www.sports-reference.com/cbb/players/jada-perry-1.html,jacksonville,2020-21
7,36,7,2021-01-17,Jacksonville,@,North Florida,REG (Conf),L 56-67,*,4,0,1,.000,0,1,.000,0,0,,.000,0,0,,0,0,0,0,0,1,0,1,0,-0.4,Jada Perry,https://www.sports-reference.com/cbb/players/jada-perry-1.html,jacksonville,2020-21
