ranker,player_game_num_career,team_game_num_season,date,team_name_abbr,game_location,opp_name_abbr,game_type,game_result,is_starter,mp,fg,fga,fg_pct,fg3,fg3a,fg3_pct,fg2,fg2a,fg2_pct,efg_pct,ft,fta,ft_pct,orb,drb,trb,ast,stl,blk,tov,pf,pts,game_score,player_name,player_sr_link,school,season
1,36,6,2021-01-16,Jacksonville,@,North Florida,REG (Conf),L 65-72,*,34,5,10,.500,4,7,.571,1,3,.333,.700,0,0,,1,6,7,7,3,1,2,4,14,16.5,Johne Stewart,https://www.sports-reference.com/cbb/players/johne-stewart-1.html,jacksonville,2020-21
2,37,7,2021-01-17,Jacksonville,@,North Florida,REG (Conf),L 56-67,*,12,0,5,.000,0,5,.000,0,0,,.000,0,0,,0,1,1,0,0,0,4,2,0,-8.0,Johne Stewart,https://www.sports-reference.com/cbb/players/johne-stewart-1.html,jacksonville,2020-21
3,38,8,2021-01-23,Jacksonville,,North Alabama,REG (Conf),L 61-75,,31,7,13,.538,1,2,.500,6,11,.545,.577,1,2,.500,1,1,2,1,2,1,2,2,16,10.9,Johne Stewart,https://www.sports-reference.com/cbb/players/johne-stewart-1.html,jacksonville,2020-21
4,39,9,2021-01-24,Jacksonville,,North Alabama,REG (Conf),L 47-57,,31,0,9,.000,0,3,.000,0,6,.000,.000,0,0,,0,1,1,2,3,0,4,3,0,-6.8,Johne Stewart,https://www.sports-reference.com/cbb/players/johne-stewart-1.html,jacksonville,2020-21
5,40,10,2021-01-30,Jacksonville,@,Liberty,REG (Conf),L 46-78,,18,2,6,.333,1,4,.250,1,2,.500,.417,0,0,,0,1,1,0,0,1,1,0,5,1.6,Johne Stewart,https://www.sports-reference.com/cbb/players/johne-stewart-1.html,jacksonville,2020-21
6,41,11,2021-01-31,Jacksonville,@,Liberty,REG (Conf),L 52-78,,8,0,0,,0,0,,0,0,,,0,0,,0,0,0,0,0,0,0,0,0,0.0,Johne Stewart,https://www.sports-reference.com/cbb/players/johne-stewart-1.html,jacksonville,2020-21
7,42,12,2021-02-06,Jacksonville,,Bellarmine,REG (Conf),L 71-75 (OT),*,37,1,9,.111,0,6,.000,1,3,.333,.111,0,0,,1,5,6,5,1,1,5,3,2,-2.7,Johne Stewart,https://www.sports-reference.com/cbb/players/johne-stewart-1.html,jacksonville,2020-21
8,43,13,2021-02-07,Jacksonville,,Bellarmine,REG (Conf),W 71-65,*,21,1,7,.143,0,2,.000,1,5,.200,.143,0,0,,0,2,2,3,0,0,2,1,2,-2.2,Johne Stewart,https://www.sports-reference.com/cbb/players/johne-stewart-1.html,jacksonville,2020-21
9,44,14,2021-02-13,Jacksonville,@,Lipscomb,REG (Conf),L 55-66,*,23,1,9,.111,1,5,.200,0,4,.000,.167,0,0,,1,6,7,2,0,0,1,1,3,-0.4,Johne Stewart,https://www.sports-reference.com/cbb/players/johne-stewart-1.html,jacksonville,2020-21
10,45,15,2021-02-14,Jacksonville,@,Lipscomb,REG (Conf),L 36-63,*,21,1,7,.143,0,2,.000,1,5,.200,.143,0,0,,0,1,1,0,0,0,2,1,2,-4.6,Johne Stewart,https://www.sports-reference.com/cbb/players/johne-stewart-1.html,jacksonville,2020-21
11,46,16,2021-02-20,Jacksonville,,Florida Gulf Coast,REG (Conf),L 64-89,*,25,6,9,.667,2,3,.667,4,6,.667,.778,0,1,.000,1,3,4,1,0,0,3,2,14,8.2,Johne Stewart,https://www.sports-reference.com/cbb/players/johne-stewart-1.html,jacksonville,2020-21
12,47,17,2021-02-21,Jacksonville,,Florida Gulf Coast,REG (Conf),L 58-87,*,29,0,6,.000,0,4,.000,0,2,.000,.000,0,0,,0,4,4,1,0,0,2,2,0,-5.1,Johne Stewart,https://www.sports-reference.com/cbb/players/johne-stewart-1.html,jacksonville,2020-21
13,48,18,2021-03-05,Jacksonville,@,Stetson,REG (Conf),L 64-89,*,18,3,5,.600,2,4,.500,1,1,1.000,.800,0,0,,0,1,1,2,1,0,0,1,8,8.0,Johne Stewart,https://www.sports-reference.com/cbb/players/johne-stewart-1.html,jacksonville,2020-21
14,49,19,2021-03-06,Jacksonville,@,Stetson,REG (Conf),L 64-68 (OT),,8,0,1,.000,0,1,.000,0,0,,.000,0,0,,0,0,0,1,0,0,1,0,0,-1.0,Johne Stewart,https://www.sports-reference.com/cbb/players/johne-stewart-1.html,jacksonville,2020-21
15,50,20,2021-03-10,Jacksonville,@,Kennesaw State,CTOURN,W 55-52,,7,0,1,.000,0,1,.000,0,0,,.000,0,0,,0,1,1,1,0,0,1,0,0,-0.7,Johne Stewart,https://www.sports-reference.com/cbb/players/johne-stewart-1.html,jacksonville,2020-21
16,51,21,2021-03-11,Jacksonville,@,Florida Gulf Coast,CTOURN,L 62-87,,22,2,4,.500,2,3,.667,0,1,.000,.750,0,2,.000,0,1,1,2,1,0,3,1,6,2.5,Johne Stewart,https://www.sports-reference.com/cbb/players/johne-stewart-1.html,jacksonville,2020-21
