ranker,player_game_num_career,team_game_num_season,date,team_name_abbr,game_location,opp_name_abbr,game_type,game_result,is_starter,mp,fg,fga,fg_pct,fg3,fg3a,fg3_pct,fg2,fg2a,fg2_pct,efg_pct,ft,fta,ft_pct,orb,drb,trb,ast,stl,blk,tov,pf,pts,game_score,player_name,player_sr_link,school,season
1,1,1,2020-11-25,Jacksonville,@,Miami (FL),REG (Non-Conf),L 58-74,,4,0,1,.000,0,0,,0,1,.000,.000,0,0,,0,0,0,0,1,0,0,0,0,0.3,Khalela Hayes,https://www.sports-reference.com/cbb/players/khalela-hayes-1.html,jacksonville,2020-21
2,2,2,2020-11-28,Jacksonville,@,South Florida,REG (Non-Conf),L 46-84,,22,1,4,.250,0,0,,1,4,.250,.250,1,2,.500,1,4,5,1,1,0,0,1,3,3.4,Khalela Hayes,https://www.sports-reference.com/cbb/players/khalela-hayes-1.html,jacksonville,2020-21
3,3,3,2020-12-05,Jacksonville,,Florida International,REG (Non-Conf),L 59-64,,36,4,9,.444,0,0,,4,9,.444,.444,1,2,.500,6,2,8,0,4,3,1,2,9,13.0,Khalela Hayes,https://www.sports-reference.com/cbb/players/khalela-hayes-1.html,jacksonville,2020-21
4,4,4,2020-12-11,Jacksonville,,Webber,REG (Non-Conf),W 67-52,,33,7,12,.583,0,0,,7,12,.583,.583,0,3,.000,7,3,10,2,0,1,1,2,14,13.3,Khalela Hayes,https://www.sports-reference.com/cbb/players/khalela-hayes-1.html,jacksonville,2020-21
5,5,5,2020-12-14,Jacksonville,,Flagler,REG (Non-Conf),W 59-52,*,22,2,6,.333,0,0,,2,6,.333,.333,1,1,1.000,6,1,7,0,1,1,2,4,5,4.2,Khalela Hayes,https://www.sports-reference.com/cbb/players/khalela-hayes-1.html,jacksonville,2020-21
6,6,6,2021-01-16,Jacksonville,@,North Florida,REG (Conf),L 65-72,,9,0,0,,0,0,,0,0,,,0,0,,0,2,2,0,0,1,0,2,0,0.5,Khalela Hayes,https://www.sports-reference.com/cbb/players/khalela-hayes-1.html,jacksonville,2020-21
7,7,7,2021-01-17,Jacksonville,@,North Florida,REG (Conf),L 56-67,,9,1,3,.333,0,0,,1,3,.333,.333,0,0,,2,3,5,1,2,0,0,3,2,4.1,Khalela Hayes,https://www.sports-reference.com/cbb/players/khalela-hayes-1.html,jacksonville,2020-21
8,8,8,2021-01-23,Jacksonville,,North Alabama,REG (Conf),L 61-75,*,33,5,7,.714,0,0,,5,7,.714,.714,0,0,,4,9,13,1,4,2,3,2,10,14.9,Khalela Hayes,https://www.sports-reference.com/cbb/players/khalela-hayes-1.html,jacksonville,2020-21
9,9,9,2021-01-24,Jacksonville,,North Alabama,REG (Conf),L 47-57,*,25,3,7,.429,0,0,,3,7,.429,.429,0,0,,4,5,9,0,1,2,0,3,6,7.8,Khalela Hayes,https://www.sports-reference.com/cbb/players/khalela-hayes-1.html,jacksonville,2020-21
10,10,10,2021-01-30,Jacksonville,@,Liberty,REG (Conf),L 46-78,*,24,5,12,.417,2,3,.667,3,9,.333,.500,1,3,.333,4,4,8,0,2,1,0,1,13,12.1,Khalela Hayes,https://www.sports-reference.com/cbb/players/khalela-hayes-1.html,jacksonville,2020-21
11,11,11,2021-01-31,Jacksonville,@,Liberty,REG (Conf),L 52-78,*,24,6,10,.600,1,2,.500,5,8,.625,.650,4,7,.571,3,3,6,2,1,1,1,4,17,14.7,Khalela Hayes,https://www.sports-reference.com/cbb/players/khalela-hayes-1.html,jacksonville,2020-21
12,12,12,2021-02-06,Jacksonville,,Bellarmine,REG (Conf),L 71-75 (OT),*,10,0,4,.000,0,0,,0,4,.000,.000,0,0,,0,0,0,0,1,1,1,0,0,-2.1,Khalela Hayes,https://www.sports-reference.com/cbb/players/khalela-hayes-1.html,jacksonville,2020-21
13,13,14,2021-02-13,Jacksonville,@,Lipscomb,REG (Conf),L 55-66,,9,1,3,.333,0,0,,1,3,.333,.333,0,0,,1,0,1,1,1,1,0,1,2,3.0,Khalela Hayes,https://www.sports-reference.com/cbb/players/khalela-hayes-1.html,jacksonville,2020-21
14,14,15,2021-02-14,Jacksonville,@,Lipscomb,REG (Conf),L 36-63,,20,0,1,.000,0,1,.000,0,0,,.000,2,6,.333,1,4,5,0,1,4,1,1,2,4.0,Khalela Hayes,https://www.sports-reference.com/cbb/players/khalela-hayes-1.html,jacksonville,2020-21
15,15,17,2021-02-21,Jacksonville,,Florida Gulf Coast,REG (Conf),L 58-87,,7,0,0,,0,0,,0,0,,,0,0,,0,1,1,0,0,0,1,0,0,-0.7,Khalela Hayes,https://www.sports-reference.com/cbb/players/khalela-hayes-1.html,jacksonville,2020-21
16,16,18,2021-03-05,Jacksonville,@,Stetson,REG (Conf),L 64-89,,23,1,4,.250,0,0,,1,4,.250,.250,0,0,,4,2,6,0,3,2,0,1,2,7.0,Khalela Hayes,https://www.sports-reference.com/cbb/players/khalela-hayes-1.html,jacksonville,2020-21
17,17,19,2021-03-06,Jacksonville,@,Stetson,REG (Conf),L 64-68 (OT),*,13,2,4,.500,0,0,,2,4,.500,.500,0,0,,2,5,7,0,0,0,2,3,4,1.7,Khalela Hayes,https://www.sports-reference.com/cbb/players/khalela-hayes-1.html,jacksonville,2020-21
18,18,20,2021-03-10,Jacksonville,@,Kennesaw State,CTOURN,W 55-52,*,4,1,2,.500,0,0,,1,2,.500,.500,0,1,.000,1,0,1,0,0,0,0,0,2,1.3,Khalela Hayes,https://www.sports-reference.com/cbb/players/khalela-hayes-1.html,jacksonville,2020-21
19,19,21,2021-03-11,Jacksonville,@,Florida Gulf Coast,CTOURN,L 62-87,,5,1,2,.500,0,0,,1,2,.500,.500,0,0,,0,1,1,0,0,0,2,0,2,-0.7,Khalela Hayes,https://www.sports-reference.com/cbb/players/khalela-hayes-1.html,jacksonville,2020-21
