ranker,player_game_num_career,team_game_num_season,date,team_name_abbr,game_location,opp_name_abbr,game_type,game_result,is_starter,mp,fg,fga,fg_pct,fg3,fg3a,fg3_pct,fg2,fg2a,fg2_pct,efg_pct,ft,fta,ft_pct,orb,drb,trb,ast,stl,blk,tov,pf,pts,game_score,player_name,player_sr_link,school,season
1,19,1,2020-11-25,Jacksonville,@,Miami (FL),REG (Non-Conf),L 58-74,*,23,2,8,.250,0,4,.000,2,4,.500,.250,0,0,,0,3,3,0,1,0,4,3,4,-4.1,Makayla Edwards,https://www.sports-reference.com/cbb/players/makayla-edwards-1.html,jacksonville,2020-21
2,20,4,2020-12-11,Jacksonville,,Webber,REG (Non-Conf),W 67-52,*,34,0,8,.000,0,4,.000,0,4,.000,.000,2,2,1.000,1,4,5,1,1,0,3,1,2,-3.4,Makayla Edwards,https://www.sports-reference.com/cbb/players/makayla-edwards-1.html,jacksonville,2020-21
3,21,6,2021-01-16,Jacksonville,@,North Florida,REG (Conf),L 65-72,*,30,1,4,.250,1,3,.333,0,1,.000,.375,1,2,.500,0,2,2,3,0,0,0,0,4,3.9,Makayla Edwards,https://www.sports-reference.com/cbb/players/makayla-edwards-1.html,jacksonville,2020-21
4,22,7,2021-01-17,Jacksonville,@,North Florida,REG (Conf),L 56-67,*,33,1,8,.125,0,2,.000,1,6,.167,.125,2,2,1.000,1,4,5,3,2,0,2,0,4,2.8,Makayla Edwards,https://www.sports-reference.com/cbb/players/makayla-edwards-1.html,jacksonville,2020-21
5,23,8,2021-01-23,Jacksonville,,North Alabama,REG (Conf),L 61-75,*,30,3,13,.231,1,4,.250,2,9,.222,.269,0,0,,0,2,2,3,1,0,4,2,7,-2.0,Makayla Edwards,https://www.sports-reference.com/cbb/players/makayla-edwards-1.html,jacksonville,2020-21
6,24,9,2021-01-24,Jacksonville,,North Alabama,REG (Conf),L 47-57,*,31,3,9,.333,3,6,.500,0,3,.000,.500,0,0,,1,6,7,2,3,0,3,3,9,6.6,Makayla Edwards,https://www.sports-reference.com/cbb/players/makayla-edwards-1.html,jacksonville,2020-21
7,25,10,2021-01-30,Jacksonville,@,Liberty,REG (Conf),L 46-78,,24,1,11,.091,0,5,.000,1,6,.167,.091,0,0,,3,0,3,0,2,0,3,2,2,-5.0,Makayla Edwards,https://www.sports-reference.com/cbb/players/makayla-edwards-1.html,jacksonville,2020-21
8,26,11,2021-01-31,Jacksonville,@,Liberty,REG (Conf),L 52-78,,28,0,4,.000,0,3,.000,0,1,.000,.000,0,0,,0,2,2,1,2,0,0,3,0,-0.7,Makayla Edwards,https://www.sports-reference.com/cbb/players/makayla-edwards-1.html,jacksonville,2020-21
9,27,12,2021-02-06,Jacksonville,,Bellarmine,REG (Conf),L 71-75 (OT),,29,3,8,.375,2,5,.400,1,3,.333,.500,3,4,.750,0,5,5,1,1,0,2,3,11,6.2,Makayla Edwards,https://www.sports-reference.com/cbb/players/makayla-edwards-1.html,jacksonville,2020-21
10,28,13,2021-02-07,Jacksonville,,Bellarmine,REG (Conf),W 71-65,,29,4,9,.444,1,5,.200,3,4,.750,.500,0,0,,1,3,4,2,1,0,3,0,9,5.3,Makayla Edwards,https://www.sports-reference.com/cbb/players/makayla-edwards-1.html,jacksonville,2020-21
11,29,14,2021-02-13,Jacksonville,@,Lipscomb,REG (Conf),L 55-66,*,34,5,12,.417,4,8,.500,1,4,.250,.583,4,4,1.000,0,8,8,3,2,0,3,1,18,14.7,Makayla Edwards,https://www.sports-reference.com/cbb/players/makayla-edwards-1.html,jacksonville,2020-21
12,30,15,2021-02-14,Jacksonville,@,Lipscomb,REG (Conf),L 36-63,*,35,2,13,.154,0,9,.000,2,4,.500,.154,1,2,.500,1,5,6,2,0,0,1,2,5,-1.9,Makayla Edwards,https://www.sports-reference.com/cbb/players/makayla-edwards-1.html,jacksonville,2020-21
13,31,16,2021-02-20,Jacksonville,,Florida Gulf Coast,REG (Conf),L 64-89,*,29,6,11,.545,3,5,.600,3,6,.500,.682,1,2,.500,1,4,5,2,0,0,5,4,16,7.0,Makayla Edwards,https://www.sports-reference.com/cbb/players/makayla-edwards-1.html,jacksonville,2020-21
14,32,17,2021-02-21,Jacksonville,,Florida Gulf Coast,REG (Conf),L 58-87,*,36,4,13,.308,1,5,.200,3,8,.375,.346,0,0,,1,7,8,1,1,0,5,3,9,-0.2,Makayla Edwards,https://www.sports-reference.com/cbb/players/makayla-edwards-1.html,jacksonville,2020-21
15,33,18,2021-03-05,Jacksonville,@,Stetson,REG (Conf),L 64-89,*,32,2,7,.286,0,1,.000,2,6,.333,.286,2,3,.667,4,4,8,3,0,0,2,1,6,5.2,Makayla Edwards,https://www.sports-reference.com/cbb/players/makayla-edwards-1.html,jacksonville,2020-21
16,34,19,2021-03-06,Jacksonville,@,Stetson,REG (Conf),L 64-68 (OT),*,39,3,9,.333,3,5,.600,0,4,.000,.500,1,2,.500,2,6,8,4,1,0,4,5,10,5.5,Makayla Edwards,https://www.sports-reference.com/cbb/players/makayla-edwards-1.html,jacksonville,2020-21
17,35,20,2021-03-10,Jacksonville,@,Kennesaw State,CTOURN,W 55-52,*,37,3,6,.500,2,3,.667,1,3,.333,.667,4,4,1.000,0,6,6,3,1,0,2,2,12,11.1,Makayla Edwards,https://www.sports-reference.com/cbb/players/makayla-edwards-1.html,jacksonville,2020-21
18,36,21,2021-03-11,Jacksonville,@,Florida Gulf Coast,CTOURN,L 62-87,*,33,1,9,.111,0,4,.000,1,5,.200,.111,0,0,,1,9,10,0,1,0,2,2,2,-2.3,Makayla Edwards,https://www.sports-reference.com/cbb/players/makayla-edwards-1.html,jacksonville,2020-21
