ranker,player_game_num_career,team_game_num_season,date,team_name_abbr,game_location,opp_name_abbr,game_type,game_result,is_starter,mp,fg,fga,fg_pct,fg3,fg3a,fg3_pct,fg2,fg2a,fg2_pct,efg_pct,ft,fta,ft_pct,orb,drb,trb,ast,stl,blk,tov,pf,pts,game_score,player_name,player_sr_link,school,season
1,1,5,2020-12-14,Jacksonville,,Flagler,REG (Non-Conf),W 59-52,*,25,1,6,.167,0,2,.000,1,4,.250,.167,0,0,,1,4,5,0,1,0,1,1,2,-0.3,Shanese Miller,https://www.sports-reference.com/cbb/players/shanese-miller-1.html,jacksonville,2020-21
2,2,6,2021-01-16,Jacksonville,@,North Florida,REG (Conf),L 65-72,,1,0,0,,0,0,,0,0,,,0,0,,0,0,0,0,0,0,0,0,0,0.0,Shanese Miller,https://www.sports-reference.com/cbb/players/shanese-miller-1.html,jacksonville,2020-21
3,3,7,2021-01-17,Jacksonville,@,North Florida,REG (Conf),L 56-67,,7,0,1,.000,0,1,.000,0,0,,.000,0,0,,0,0,0,0,0,0,2,2,0,-3.5,Shanese Miller,https://www.sports-reference.com/cbb/players/shanese-miller-1.html,jacksonville,2020-21
4,4,8,2021-01-23,Jacksonville,,North Alabama,REG (Conf),L 61-75,,6,0,0,,0,0,,0,0,,,0,0,,1,0,1,1,0,0,1,0,0,0.4,Shanese Miller,https://www.sports-reference.com/cbb/players/shanese-miller-1.html,jacksonville,2020-21
5,5,9,2021-01-24,Jacksonville,,North Alabama,REG (Conf),L 47-57,,6,0,0,,0,0,,0,0,,,0,0,,0,0,0,0,0,0,0,0,0,0.0,Shanese Miller,https://www.sports-reference.com/cbb/players/shanese-miller-1.html,jacksonville,2020-21
6,6,10,2021-01-30,Jacksonville,@,Liberty,REG (Conf),L 46-78,,9,0,0,,0,0,,0,0,,,2,2,1.000,0,0,0,0,0,0,1,0,2,1.0,Shanese Miller,https://www.sports-reference.com/cbb/players/shanese-miller-1.html,jacksonville,2020-21
7,7,11,2021-01-31,Jacksonville,@,Liberty,REG (Conf),L 52-78,,2,0,0,,0,0,,0,0,,,0,2,.000,2,0,2,0,0,0,0,0,0,0.6,Shanese Miller,https://www.sports-reference.com/cbb/players/shanese-miller-1.html,jacksonville,2020-21
8,8,13,2021-02-07,Jacksonville,,Bellarmine,REG (Conf),W 71-65,,5,0,0,,0,0,,0,0,,,0,0,,0,1,1,0,0,0,0,1,0,-0.1,Shanese Miller,https://www.sports-reference.com/cbb/players/shanese-miller-1.html,jacksonville,2020-21
9,9,14,2021-02-13,Jacksonville,@,Lipscomb,REG (Conf),L 55-66,,22,0,4,.000,0,2,.000,0,2,.000,.000,0,2,.000,1,1,2,1,0,0,1,1,0,-3.3,Shanese Miller,https://www.sports-reference.com/cbb/players/shanese-miller-1.html,jacksonville,2020-21
10,10,15,2021-02-14,Jacksonville,@,Lipscomb,REG (Conf),L 36-63,*,19,0,4,.000,0,2,.000,0,2,.000,.000,1,2,.500,1,2,3,2,0,0,2,2,1,-2.3,Shanese Miller,https://www.sports-reference.com/cbb/players/shanese-miller-1.html,jacksonville,2020-21
11,11,16,2021-02-20,Jacksonville,,Florida Gulf Coast,REG (Conf),L 64-89,,25,1,5,.200,0,0,,1,5,.200,.200,0,0,,1,0,1,0,0,0,1,1,2,-1.8,Shanese Miller,https://www.sports-reference.com/cbb/players/shanese-miller-1.html,jacksonville,2020-21
12,12,17,2021-02-21,Jacksonville,,Florida Gulf Coast,REG (Conf),L 58-87,,12,0,6,.000,0,2,.000,0,4,.000,.000,0,0,,0,1,1,0,0,0,1,1,0,-5.3,Shanese Miller,https://www.sports-reference.com/cbb/players/shanese-miller-1.html,jacksonville,2020-21
13,13,18,2021-03-05,Jacksonville,@,Stetson,REG (Conf),L 64-89,,8,0,1,.000,0,0,,0,1,.000,.000,0,0,,1,1,2,2,0,0,0,0,0,1.7,Shanese Miller,https://www.sports-reference.com/cbb/players/shanese-miller-1.html,jacksonville,2020-21
14,14,19,2021-03-06,Jacksonville,@,Stetson,REG (Conf),L 64-68 (OT),,9,0,1,.000,0,1,.000,0,0,,.000,3,4,.750,0,0,0,0,0,0,0,1,3,1.5,Shanese Miller,https://www.sports-reference.com/cbb/players/shanese-miller-1.html,jacksonville,2020-21
15,15,20,2021-03-10,Jacksonville,@,Kennesaw State,CTOURN,W 55-52,,1,0,0,,0,0,,0,0,,,0,0,,0,0,0,0,0,0,0,0,0,0.0,Shanese Miller,https://www.sports-reference.com/cbb/players/shanese-miller-1.html,jacksonville,2020-21
16,16,21,2021-03-11,Jacksonville,@,Florida Gulf Coast,CTOURN,L 62-87,,5,0,0,,0,0,,0,0,,,0,0,,0,0,0,1,0,0,0,1,0,0.3,Shanese Miller,https://www.sports-reference.com/cbb/players/shanese-miller-1.html,jacksonville,2020-21
