ranker,player_game_num_career,team_game_num_season,date,team_name_abbr,game_location,opp_name_abbr,game_type,game_result,is_starter,mp,fg,fga,fg_pct,fg3,fg3a,fg3_pct,fg2,fg2a,fg2_pct,efg_pct,ft,fta,ft_pct,orb,drb,trb,ast,stl,blk,tov,pf,pts,game_score,player_name,player_sr_link,school,season
1,26,1,2020-11-25,Jacksonville,@,Miami (FL),REG (Non-Conf),L 58-74,*,29,1,3,.333,0,2,.000,1,1,1.000,.333,0,2,.000,2,1,3,1,0,0,0,2,2,1.1,Shekinah Rachel,https://www.sports-reference.com/cbb/players/shekinah-rachel-1.html,jacksonville,2020-21
2,27,2,2020-11-28,Jacksonville,@,South Florida,REG (Non-Conf),L 46-84,*,19,3,4,.750,2,3,.667,1,1,1.000,1.000,1,3,.333,0,3,3,0,0,0,0,3,9,6.3,Shekinah Rachel,https://www.sports-reference.com/cbb/players/shekinah-rachel-1.html,jacksonville,2020-21
3,28,3,2020-12-05,Jacksonville,,Florida International,REG (Non-Conf),L 59-64,*,22,1,3,.333,1,2,.500,0,1,.000,.500,0,0,,1,1,2,1,2,1,1,2,3,3.9,Shekinah Rachel,https://www.sports-reference.com/cbb/players/shekinah-rachel-1.html,jacksonville,2020-21
4,29,4,2020-12-11,Jacksonville,,Webber,REG (Non-Conf),W 67-52,,24,3,10,.300,0,1,.000,3,9,.333,.300,2,5,.400,3,5,8,3,3,0,1,3,8,7.5,Shekinah Rachel,https://www.sports-reference.com/cbb/players/shekinah-rachel-1.html,jacksonville,2020-21
5,30,5,2020-12-14,Jacksonville,,Flagler,REG (Non-Conf),W 59-52,*,26,2,6,.333,0,1,.000,2,5,.400,.333,1,2,.500,4,3,7,1,2,0,2,1,5,5.2,Shekinah Rachel,https://www.sports-reference.com/cbb/players/shekinah-rachel-1.html,jacksonville,2020-21
6,31,6,2021-01-16,Jacksonville,@,North Florida,REG (Conf),L 65-72,,18,0,5,.000,0,0,,0,5,.000,.000,2,2,1.000,3,7,10,1,0,0,0,4,2,1.8,Shekinah Rachel,https://www.sports-reference.com/cbb/players/shekinah-rachel-1.html,jacksonville,2020-21
7,32,7,2021-01-17,Jacksonville,@,North Florida,REG (Conf),L 56-67,,17,0,2,.000,0,0,,0,2,.000,.000,0,2,.000,3,5,8,0,2,0,1,5,0,0.4,Shekinah Rachel,https://www.sports-reference.com/cbb/players/shekinah-rachel-1.html,jacksonville,2020-21
8,33,11,2021-01-31,Jacksonville,@,Liberty,REG (Conf),L 52-78,,17,2,5,.400,0,0,,2,5,.400,.400,0,0,,2,1,3,0,1,0,3,2,4,0.2,Shekinah Rachel,https://www.sports-reference.com/cbb/players/shekinah-rachel-1.html,jacksonville,2020-21
9,34,12,2021-02-06,Jacksonville,,Bellarmine,REG (Conf),L 71-75 (OT),,20,2,6,.333,0,1,.000,2,5,.400,.333,1,1,1.000,2,3,5,1,1,0,3,5,5,0.6,Shekinah Rachel,https://www.sports-reference.com/cbb/players/shekinah-rachel-1.html,jacksonville,2020-21
10,35,13,2021-02-07,Jacksonville,,Bellarmine,REG (Conf),W 71-65,*,17,1,1,1.000,0,0,,1,1,1.000,1.000,0,0,,0,5,5,0,0,1,0,3,2,2.7,Shekinah Rachel,https://www.sports-reference.com/cbb/players/shekinah-rachel-1.html,jacksonville,2020-21
11,36,14,2021-02-13,Jacksonville,@,Lipscomb,REG (Conf),L 55-66,*,4,1,3,.333,0,0,,1,3,.333,.333,0,0,,1,1,2,0,0,0,1,4,2,-1.3,Shekinah Rachel,https://www.sports-reference.com/cbb/players/shekinah-rachel-1.html,jacksonville,2020-21
12,37,15,2021-02-14,Jacksonville,@,Lipscomb,REG (Conf),L 36-63,,17,0,2,.000,0,1,.000,0,1,.000,.000,1,2,.500,1,5,6,0,1,0,3,5,1,-2.6,Shekinah Rachel,https://www.sports-reference.com/cbb/players/shekinah-rachel-1.html,jacksonville,2020-21
13,38,16,2021-02-20,Jacksonville,,Florida Gulf Coast,REG (Conf),L 64-89,,20,4,4,1.000,0,0,,4,4,1.000,1.000,1,4,.250,2,4,6,0,0,2,1,1,9,9.2,Shekinah Rachel,https://www.sports-reference.com/cbb/players/shekinah-rachel-1.html,jacksonville,2020-21
14,39,17,2021-02-21,Jacksonville,,Florida Gulf Coast,REG (Conf),L 58-87,,8,0,1,.000,0,0,,0,1,.000,.000,0,0,,0,0,0,0,0,0,1,2,0,-2.5,Shekinah Rachel,https://www.sports-reference.com/cbb/players/shekinah-rachel-1.html,jacksonville,2020-21
15,40,18,2021-03-05,Jacksonville,@,Stetson,REG (Conf),L 64-89,*,16,1,6,.167,0,0,,1,6,.167,.167,2,4,.500,0,5,5,0,0,0,3,4,4,-3.7,Shekinah Rachel,https://www.sports-reference.com/cbb/players/shekinah-rachel-1.html,jacksonville,2020-21
16,41,19,2021-03-06,Jacksonville,@,Stetson,REG (Conf),L 64-68 (OT),,25,6,10,.600,0,0,,6,10,.600,.600,1,4,.250,6,7,13,2,0,1,2,5,13,11.6,Shekinah Rachel,https://www.sports-reference.com/cbb/players/shekinah-rachel-1.html,jacksonville,2020-21
17,42,20,2021-03-10,Jacksonville,@,Kennesaw State,CTOURN,W 55-52,,24,2,6,.333,0,0,,2,6,.333,.333,0,0,,3,4,7,2,1,1,2,4,4,3.4,Shekinah Rachel,https://www.sports-reference.com/cbb/players/shekinah-rachel-1.html,jacksonville,2020-21
18,43,21,2021-03-11,Jacksonville,@,Florida Gulf Coast,CTOURN,L 62-87,,14,2,2,1.000,1,1,1.000,1,1,1.000,1.250,2,2,1.000,0,2,2,0,0,0,2,4,7,3.4,Shekinah Rachel,https://www.sports-reference.com/cbb/players/shekinah-rachel-1.html,jacksonville,2020-21
