ranker,player_game_num_career,team_game_num_season,date,team_name_abbr,game_location,opp_name_abbr,game_type,game_result,is_starter,mp,fg,fga,fg_pct,fg3,fg3a,fg2,fg2a,fg2_pct,efg_pct,ft,fta,ft_pct,orb,drb,trb,ast,stl,blk,tov,pf,pts,game_score,player_name,player_sr_link,school,season
1,24,1,2020-11-25,Jacksonville,@,Miami (FL),REG (Non-Conf),L 58-74,,9,0,3,.000,0,0,0,3,.000,.000,0,0,,1,0,1,0,0,0,0,5,0,-3.4,Tamia Stallings,https://www.sports-reference.com/cbb/players/tamia-stallings-1.html,jacksonville,2020-21
2,25,2,2020-11-28,Jacksonville,@,South Florida,REG (Non-Conf),L 46-84,*,23,1,3,.333,0,0,1,3,.333,.333,0,0,,2,1,3,0,0,0,4,3,2,-3.2,Tamia Stallings,https://www.sports-reference.com/cbb/players/tamia-stallings-1.html,jacksonville,2020-21
3,26,3,2020-12-05,Jacksonville,,Florida International,REG (Non-Conf),L 59-64,*,22,1,1,1.000,0,0,1,1,1.000,1.000,0,0,,2,5,7,1,0,0,2,2,2,2.5,Tamia Stallings,https://www.sports-reference.com/cbb/players/tamia-stallings-1.html,jacksonville,2020-21
4,27,6,2021-01-16,Jacksonville,@,North Florida,REG (Conf),L 65-72,,10,0,3,.000,0,0,0,3,.000,.000,0,2,.000,6,2,8,0,1,0,0,2,0,2.1,Tamia Stallings,https://www.sports-reference.com/cbb/players/tamia-stallings-1.html,jacksonville,2020-21
5,28,7,2021-01-17,Jacksonville,@,North Florida,REG (Conf),L 56-67,,22,0,5,.000,0,0,0,5,.000,.000,0,0,,3,4,7,0,1,0,3,1,0,-2.6,Tamia Stallings,https://www.sports-reference.com/cbb/players/tamia-stallings-1.html,jacksonville,2020-21
6,29,8,2021-01-23,Jacksonville,,North Alabama,REG (Conf),L 61-75,,11,1,2,.500,0,0,1,2,.500,.500,0,0,,0,1,1,0,0,0,2,2,2,-1.5,Tamia Stallings,https://www.sports-reference.com/cbb/players/tamia-stallings-1.html,jacksonville,2020-21
7,30,9,2021-01-24,Jacksonville,,North Alabama,REG (Conf),L 47-57,,13,0,0,,0,0,0,0,,,0,0,,0,1,1,0,1,0,2,4,0,-2.3,Tamia Stallings,https://www.sports-reference.com/cbb/players/tamia-stallings-1.html,jacksonville,2020-21
8,31,10,2021-01-30,Jacksonville,@,Liberty,REG (Conf),L 46-78,*,23,0,1,.000,0,0,0,1,.000,.000,1,2,.500,1,3,4,0,0,0,6,3,1,-5.7,Tamia Stallings,https://www.sports-reference.com/cbb/players/tamia-stallings-1.html,jacksonville,2020-21
9,32,11,2021-01-31,Jacksonville,@,Liberty,REG (Conf),L 52-78,*,16,1,1,1.000,0,0,1,1,1.000,1.000,0,2,.000,0,1,1,0,0,0,1,4,2,-1.4,Tamia Stallings,https://www.sports-reference.com/cbb/players/tamia-stallings-1.html,jacksonville,2020-21
10,33,12,2021-02-06,Jacksonville,,Bellarmine,REG (Conf),L 71-75 (OT),,26,2,5,.400,0,0,2,5,.400,.400,2,3,.667,4,2,6,0,2,1,5,4,6,2.4,Tamia Stallings,https://www.sports-reference.com/cbb/players/tamia-stallings-1.html,jacksonville,2020-21
11,34,13,2021-02-07,Jacksonville,,Bellarmine,REG (Conf),W 71-65,,23,3,4,.750,0,0,3,4,.750,.750,2,4,.500,5,3,8,0,0,0,4,3,8,4.8,Tamia Stallings,https://www.sports-reference.com/cbb/players/tamia-stallings-1.html,jacksonville,2020-21
12,35,14,2021-02-13,Jacksonville,@,Lipscomb,REG (Conf),L 55-66,,20,0,2,.000,0,0,0,2,.000,.000,0,2,.000,2,2,4,1,0,0,0,5,0,-1.5,Tamia Stallings,https://www.sports-reference.com/cbb/players/tamia-stallings-1.html,jacksonville,2020-21
13,36,15,2021-02-14,Jacksonville,@,Lipscomb,REG (Conf),L 36-63,,13,1,2,.500,0,0,1,2,.500,.500,2,2,1.000,1,2,3,1,1,0,2,4,4,2.4,Tamia Stallings,https://www.sports-reference.com/cbb/players/tamia-stallings-1.html,jacksonville,2020-21
14,37,16,2021-02-20,Jacksonville,,Florida Gulf Coast,REG (Conf),L 64-89,,5,0,2,.000,0,0,0,2,.000,.000,0,0,,2,2,4,0,0,0,1,2,0,-1.2,Tamia Stallings,https://www.sports-reference.com/cbb/players/tamia-stallings-1.html,jacksonville,2020-21
15,38,17,2021-02-21,Jacksonville,,Florida Gulf Coast,REG (Conf),L 58-87,,2,0,0,,0,0,0,0,,,0,0,,0,0,0,0,0,0,1,2,0,-1.8,Tamia Stallings,https://www.sports-reference.com/cbb/players/tamia-stallings-1.html,jacksonville,2020-21
16,39,18,2021-03-05,Jacksonville,@,Stetson,REG (Conf),L 64-89,,3,0,0,,0,0,0,0,,,0,0,,0,0,0,0,0,0,1,2,0,-1.8,Tamia Stallings,https://www.sports-reference.com/cbb/players/tamia-stallings-1.html,jacksonville,2020-21
17,40,19,2021-03-06,Jacksonville,@,Stetson,REG (Conf),L 64-68 (OT),,9,0,4,.000,0,0,0,4,.000,.000,2,2,1.000,2,2,4,0,1,1,2,3,2,-0.3,Tamia Stallings,https://www.sports-reference.com/cbb/players/tamia-stallings-1.html,jacksonville,2020-21
18,41,20,2021-03-10,Jacksonville,@,Kennesaw State,CTOURN,W 55-52,,24,2,9,.222,0,0,2,9,.222,.222,0,2,.000,5,3,8,1,1,1,1,4,4,1.9,Tamia Stallings,https://www.sports-reference.com/cbb/players/tamia-stallings-1.html,jacksonville,2020-21
19,42,21,2021-03-11,Jacksonville,@,Florida Gulf Coast,CTOURN,L 62-87,,16,4,6,.667,0,0,4,6,.667,.667,0,0,,0,1,1,1,0,0,3,2,8,2.6,Tamia Stallings,https://www.sports-reference.com/cbb/players/tamia-stallings-1.html,jacksonville,2020-21
