ranker,player_game_num_career,team_game_num_season,date,team_name_abbr,game_location,opp_name_abbr,game_type,game_result,is_starter,mp,fg,fga,fg_pct,fg3,fg3a,fg3_pct,fg2,fg2a,fg2_pct,efg_pct,ft,fta,ft_pct,orb,drb,trb,ast,stl,blk,tov,pf,pts,game_score,player_name,player_sr_link,school,season
1,40,1,2019-11-05,Georgia Tech,,Houston,REG (Non-Conf),W 69-38,,28,1,5,.200,0,0,,1,5,.200,.200,0,0,,1,5,6,0,1,0,1,1,2,0.7,Anne Francoise Diouf,https://www.sports-reference.com/cbb/players/anne-francoise-diouf-1.html,georgia-tech,2019-20
2,41,2,2019-11-10,Georgia Tech,,Grambling State,REG (Non-Conf),W 89-42,,12,1,2,.500,0,0,,1,2,.500,.500,0,0,,1,4,5,1,0,0,0,4,2,2.0,Anne Francoise Diouf,https://www.sports-reference.com/cbb/players/anne-francoise-diouf-1.html,georgia-tech,2019-20
3,42,3,2019-11-17,Georgia Tech,@,Georgia,REG (Non-Conf),W 73-40,,14,0,2,.000,0,1,.000,0,1,.000,.000,0,2,.000,1,5,6,0,1,2,1,0,0,1.4,Anne Francoise Diouf,https://www.sports-reference.com/cbb/players/anne-francoise-diouf-1.html,georgia-tech,2019-20
4,43,4,2019-11-20,Georgia Tech,,Georgia State,REG (Non-Conf),W 69-28,,18,1,5,.200,0,0,,1,5,.200,.200,0,0,,3,3,6,1,0,1,2,2,2,0.5,Anne Francoise Diouf,https://www.sports-reference.com/cbb/players/anne-francoise-diouf-1.html,georgia-tech,2019-20
5,44,5,2019-11-28,Georgia Tech,,Seton Hall,REG (Non-Conf),W 79-54,,15,1,3,.333,0,0,,1,3,.333,.333,1,2,.500,2,2,4,0,0,1,2,1,3,1.2,Anne Francoise Diouf,https://www.sports-reference.com/cbb/players/anne-francoise-diouf-1.html,georgia-tech,2019-20
6,45,6,2019-11-30,Georgia Tech,,Rutgers,REG (Non-Conf),L 43-46,,1,0,0,,0,0,,0,0,,,0,0,,1,0,1,0,0,0,0,0,0,0.7,Anne Francoise Diouf,https://www.sports-reference.com/cbb/players/anne-francoise-diouf-1.html,georgia-tech,2019-20
7,46,7,2019-12-05,Georgia Tech,,Wisconsin,REG (Non-Conf),W 60-41,,9,0,1,.000,0,0,,0,1,.000,.000,0,0,,3,2,5,0,0,0,0,3,0,0.8,Anne Francoise Diouf,https://www.sports-reference.com/cbb/players/anne-francoise-diouf-1.html,georgia-tech,2019-20
8,47,9,2019-12-15,Georgia Tech,,East Tennessee State,REG (Non-Conf),W 87-48,,14,1,2,.500,0,0,,1,2,.500,.500,2,6,.333,3,3,6,0,0,0,2,2,4,1.6,Anne Francoise Diouf,https://www.sports-reference.com/cbb/players/anne-francoise-diouf-1.html,georgia-tech,2019-20
9,48,10,2019-12-20,Georgia Tech,,Texas A&M,REG (Non-Conf),L 48-60,,13,0,0,,0,0,,0,0,,,0,0,,0,1,1,0,0,0,1,0,0,-0.7,Anne Francoise Diouf,https://www.sports-reference.com/cbb/players/anne-francoise-diouf-1.html,georgia-tech,2019-20
10,49,11,2019-12-21,Georgia Tech,,Rice,REG (Non-Conf),W 54-52,,20,0,2,.000,0,0,,0,2,.000,.000,0,0,,1,3,4,1,0,0,1,3,0,-1.3,Anne Francoise Diouf,https://www.sports-reference.com/cbb/players/anne-francoise-diouf-1.html,georgia-tech,2019-20
11,50,12,2019-12-29,Georgia Tech,,Virginia,REG (Conf),W 61-51,,14,1,3,.333,0,0,,1,3,.333,.333,0,0,,1,0,1,1,0,0,0,1,2,1.3,Anne Francoise Diouf,https://www.sports-reference.com/cbb/players/anne-francoise-diouf-1.html,georgia-tech,2019-20
12,51,13,2020-01-02,Georgia Tech,,Miami (FL),REG (Conf),W 61-54,,3,0,0,,0,0,,0,0,,,0,0,,0,1,1,0,0,0,1,0,0,-0.7,Anne Francoise Diouf,https://www.sports-reference.com/cbb/players/anne-francoise-diouf-1.html,georgia-tech,2019-20
13,52,14,2020-01-05,Georgia Tech,@,Wake Forest,REG (Conf),L 60-65,,11,0,2,.000,0,0,,0,2,.000,.000,0,0,,1,2,3,0,0,0,0,0,0,-0.1,Anne Francoise Diouf,https://www.sports-reference.com/cbb/players/anne-francoise-diouf-1.html,georgia-tech,2019-20
14,53,15,2020-01-09,Georgia Tech,@,Florida State,REG (Conf),W 67-52,,13,2,2,1.000,0,0,,2,2,1.000,1.000,0,0,,0,0,0,0,0,0,0,2,4,2.6,Anne Francoise Diouf,https://www.sports-reference.com/cbb/players/anne-francoise-diouf-1.html,georgia-tech,2019-20
15,54,16,2020-01-12,Georgia Tech,,Clemson,REG (Conf),W 49-47,,6,1,1,1.000,0,0,,1,1,1.000,1.000,0,0,,0,1,1,0,0,0,2,3,2,-1.2,Anne Francoise Diouf,https://www.sports-reference.com/cbb/players/anne-francoise-diouf-1.html,georgia-tech,2019-20
16,55,17,2020-01-16,Georgia Tech,@,Syracuse,REG (Conf),W 82-64,,8,0,0,,0,0,,0,0,,,0,0,,0,1,1,0,0,0,1,0,0,-0.7,Anne Francoise Diouf,https://www.sports-reference.com/cbb/players/anne-francoise-diouf-1.html,georgia-tech,2019-20
17,56,18,2020-01-19,Georgia Tech,,Boston College,REG (Conf),L 48-55,,7,0,0,,0,0,,0,0,,,1,2,.500,1,3,4,0,0,0,1,0,1,1.2,Anne Francoise Diouf,https://www.sports-reference.com/cbb/players/anne-francoise-diouf-1.html,georgia-tech,2019-20
18,57,20,2020-01-26,Georgia Tech,@,Duke,REG (Conf),L 46-58,*,14,0,1,.000,0,0,,0,1,.000,.000,0,0,,1,1,2,0,1,0,1,1,0,-0.1,Anne Francoise Diouf,https://www.sports-reference.com/cbb/players/anne-francoise-diouf-1.html,georgia-tech,2019-20
19,58,21,2020-01-30,Georgia Tech,@,Miami (FL),REG (Conf),L 49-54 (OT),*,16,1,2,.500,0,0,,1,2,.500,.500,0,0,,2,3,5,0,0,0,0,1,2,2.9,Anne Francoise Diouf,https://www.sports-reference.com/cbb/players/anne-francoise-diouf-1.html,georgia-tech,2019-20
20,59,22,2020-02-02,Georgia Tech,,Notre Dame,REG (Conf),L 51-59,*,16,1,6,.167,0,0,,1,6,.167,.167,0,0,,4,3,7,0,0,2,1,1,2,1.9,Anne Francoise Diouf,https://www.sports-reference.com/cbb/players/anne-francoise-diouf-1.html,georgia-tech,2019-20
21,60,23,2020-02-06,Georgia Tech,@,Pittsburgh,REG (Conf),W 77-48,*,7,0,1,.000,0,0,,0,1,.000,.000,0,0,,2,1,3,0,0,0,2,0,0,-1.0,Anne Francoise Diouf,https://www.sports-reference.com/cbb/players/anne-francoise-diouf-1.html,georgia-tech,2019-20
22,61,24,2020-02-09,Georgia Tech,,Wake Forest,REG (Conf),W 62-52,*,27,2,3,.667,0,0,,2,3,.667,.667,1,2,.500,0,5,5,0,1,2,1,1,5,5.8,Anne Francoise Diouf,https://www.sports-reference.com/cbb/players/anne-francoise-diouf-1.html,georgia-tech,2019-20
23,62,25,2020-02-13,Georgia Tech,@,Virginia Tech,REG (Conf),L 61-64 (OT),*,6,0,0,,0,0,,0,0,,,0,0,,0,1,1,0,0,1,0,0,0,1.0,Anne Francoise Diouf,https://www.sports-reference.com/cbb/players/anne-francoise-diouf-1.html,georgia-tech,2019-20
24,63,26,2020-02-16,Georgia Tech,@,NC State,REG (Conf),W 65-61,*,16,1,1,1.000,0,0,,1,1,1.000,1.000,0,0,,0,2,2,0,0,0,1,4,2,-0.3,Anne Francoise Diouf,https://www.sports-reference.com/cbb/players/anne-francoise-diouf-1.html,georgia-tech,2019-20
25,64,27,2020-02-20,Georgia Tech,,Louisville,REG (Conf),L 47-58,*,4,0,0,,0,0,,0,0,,,0,0,,0,0,0,0,0,0,0,0,0,0.0,Anne Francoise Diouf,https://www.sports-reference.com/cbb/players/anne-francoise-diouf-1.html,georgia-tech,2019-20
26,65,28,2020-02-23,Georgia Tech,,Florida State,REG (Conf),W 65-62,*,0,0,0,,0,0,,0,0,,,0,0,,0,1,1,0,0,0,0,0,0,0.3,Anne Francoise Diouf,https://www.sports-reference.com/cbb/players/anne-francoise-diouf-1.html,georgia-tech,2019-20
27,66,29,2020-03-01,Georgia Tech,@,Clemson,REG (Conf),W 56-44,*,22,2,7,.286,0,0,,2,7,.286,.286,0,0,,2,4,6,1,0,1,0,2,4,3.1,Anne Francoise Diouf,https://www.sports-reference.com/cbb/players/anne-francoise-diouf-1.html,georgia-tech,2019-20
28,67,30,2020-03-05,Georgia Tech,,Pittsburgh,CTOURN,W 68-58,*,7,0,0,,0,0,,0,0,,,0,0,,0,0,0,1,0,0,0,0,0,0.7,Anne Francoise Diouf,https://www.sports-reference.com/cbb/players/anne-francoise-diouf-1.html,georgia-tech,2019-20
29,68,31,2020-03-06,Georgia Tech,@,NC State,CTOURN,L 48-57,*,17,0,2,.000,0,0,,0,2,.000,.000,0,0,,2,2,4,0,0,0,0,2,0,-0.2,Anne Francoise Diouf,https://www.sports-reference.com/cbb/players/anne-francoise-diouf-1.html,georgia-tech,2019-20
