ranker,player_game_num_career,team_game_num_season,date,team_name_abbr,game_location,opp_name_abbr,game_type,game_result,is_starter,mp,fg,fga,fg_pct,fg3,fg3a,fg3_pct,fg2,fg2a,fg2_pct,efg_pct,ft,fta,ft_pct,orb,drb,trb,ast,stl,blk,tov,pf,pts,game_score,player_name,player_sr_link,school,season
1,24,1,2019-11-05,Georgia Tech,,Houston,REG (Non-Conf),W 69-38,,5,0,0,,0,0,,0,0,,,0,0,,0,2,2,0,0,1,0,0,0,1.3,Daijah Jefferson,https://www.sports-reference.com/cbb/players/daijah-jefferson-1.html,georgia-tech,2019-20
2,25,2,2019-11-10,Georgia Tech,,Grambling State,REG (Non-Conf),W 89-42,,12,2,3,.667,0,0,,2,3,.667,.667,2,2,1.000,2,1,3,0,1,0,1,2,6,5.6,Daijah Jefferson,https://www.sports-reference.com/cbb/players/daijah-jefferson-1.html,georgia-tech,2019-20
3,26,3,2019-11-17,Georgia Tech,@,Georgia,REG (Non-Conf),W 73-40,,2,0,0,,0,0,,0,0,,,0,0,,0,0,0,0,0,0,0,0,0,0.0,Daijah Jefferson,https://www.sports-reference.com/cbb/players/daijah-jefferson-1.html,georgia-tech,2019-20
4,27,4,2019-11-20,Georgia Tech,,Georgia State,REG (Non-Conf),W 69-28,,10,1,3,.333,0,0,,1,3,.333,.333,0,0,,0,1,1,1,0,2,1,2,2,0.9,Daijah Jefferson,https://www.sports-reference.com/cbb/players/daijah-jefferson-1.html,georgia-tech,2019-20
5,28,5,2019-11-28,Georgia Tech,,Seton Hall,REG (Non-Conf),W 79-54,,7,2,2,1.000,1,1,1.000,1,1,1.000,1.250,0,0,,0,0,0,0,0,0,1,3,5,2.2,Daijah Jefferson,https://www.sports-reference.com/cbb/players/daijah-jefferson-1.html,georgia-tech,2019-20
6,29,7,2019-12-05,Georgia Tech,,Wisconsin,REG (Non-Conf),W 60-41,,2,0,1,.000,0,0,,0,1,.000,.000,0,0,,0,0,0,0,0,0,0,0,0,-0.7,Daijah Jefferson,https://www.sports-reference.com/cbb/players/daijah-jefferson-1.html,georgia-tech,2019-20
7,30,8,2019-12-08,Georgia Tech,@,Kennesaw State,REG (Non-Conf),W 63-47,,1,0,0,,0,0,,0,0,,,0,0,,0,0,0,0,0,0,1,0,0,-1.0,Daijah Jefferson,https://www.sports-reference.com/cbb/players/daijah-jefferson-1.html,georgia-tech,2019-20
8,31,9,2019-12-15,Georgia Tech,,East Tennessee State,REG (Non-Conf),W 87-48,,14,2,4,.500,0,0,,2,4,.500,.500,0,0,,0,4,4,0,0,0,1,0,4,2.2,Daijah Jefferson,https://www.sports-reference.com/cbb/players/daijah-jefferson-1.html,georgia-tech,2019-20
9,32,10,2019-12-20,Georgia Tech,,Texas A&M,REG (Non-Conf),L 48-60,,0,0,0,,0,0,,0,0,,,0,0,,0,0,0,0,0,0,0,0,0,0.0,Daijah Jefferson,https://www.sports-reference.com/cbb/players/daijah-jefferson-1.html,georgia-tech,2019-20
10,33,13,2020-01-02,Georgia Tech,,Miami (FL),REG (Conf),W 61-54,,1,0,1,.000,0,1,.000,0,0,,.000,0,0,,0,1,1,0,0,0,0,0,0,-0.4,Daijah Jefferson,https://www.sports-reference.com/cbb/players/daijah-jefferson-1.html,georgia-tech,2019-20
11,34,14,2020-01-05,Georgia Tech,@,Wake Forest,REG (Conf),L 60-65,,3,0,1,.000,0,0,,0,1,.000,.000,0,0,,0,0,0,0,0,0,1,0,0,-1.7,Daijah Jefferson,https://www.sports-reference.com/cbb/players/daijah-jefferson-1.html,georgia-tech,2019-20
12,35,16,2020-01-12,Georgia Tech,,Clemson,REG (Conf),W 49-47,,3,0,1,.000,0,0,,0,1,.000,.000,0,0,,1,0,1,0,0,0,0,0,0,0.0,Daijah Jefferson,https://www.sports-reference.com/cbb/players/daijah-jefferson-1.html,georgia-tech,2019-20
13,36,18,2020-01-19,Georgia Tech,,Boston College,REG (Conf),L 48-55,,19,2,5,.400,1,2,.500,1,3,.333,.500,2,2,1.000,3,1,4,0,1,0,0,2,7,6.9,Daijah Jefferson,https://www.sports-reference.com/cbb/players/daijah-jefferson-1.html,georgia-tech,2019-20
14,37,19,2020-01-23,Georgia Tech,,North Carolina,REG (Conf),L 60-67 (OT),,6,0,1,.000,0,1,.000,0,0,,.000,0,0,,1,0,1,0,0,0,0,0,0,0.0,Daijah Jefferson,https://www.sports-reference.com/cbb/players/daijah-jefferson-1.html,georgia-tech,2019-20
15,38,20,2020-01-26,Georgia Tech,@,Duke,REG (Conf),L 46-58,,2,0,1,.000,0,1,.000,0,0,,.000,0,0,,0,0,0,0,0,0,0,0,0,-0.7,Daijah Jefferson,https://www.sports-reference.com/cbb/players/daijah-jefferson-1.html,georgia-tech,2019-20
16,39,22,2020-02-02,Georgia Tech,,Notre Dame,REG (Conf),L 51-59,,12,0,1,.000,0,1,.000,0,0,,.000,0,0,,0,0,0,1,0,0,0,0,0,0.0,Daijah Jefferson,https://www.sports-reference.com/cbb/players/daijah-jefferson-1.html,georgia-tech,2019-20
17,40,23,2020-02-06,Georgia Tech,@,Pittsburgh,REG (Conf),W 77-48,,12,1,3,.333,0,0,,1,3,.333,.333,0,0,,2,0,2,1,1,0,2,0,2,1.4,Daijah Jefferson,https://www.sports-reference.com/cbb/players/daijah-jefferson-1.html,georgia-tech,2019-20
18,41,24,2020-02-09,Georgia Tech,,Wake Forest,REG (Conf),W 62-52,,2,0,0,,0,0,,0,0,,,0,0,,0,0,0,0,0,0,0,0,0,0.0,Daijah Jefferson,https://www.sports-reference.com/cbb/players/daijah-jefferson-1.html,georgia-tech,2019-20
19,42,25,2020-02-13,Georgia Tech,@,Virginia Tech,REG (Conf),L 61-64 (OT),,15,0,0,,0,0,,0,0,,,0,0,,0,1,1,0,0,0,0,1,0,-0.1,Daijah Jefferson,https://www.sports-reference.com/cbb/players/daijah-jefferson-1.html,georgia-tech,2019-20
20,43,26,2020-02-16,Georgia Tech,@,NC State,REG (Conf),W 65-61,,5,0,0,,0,0,,0,0,,,0,0,,0,0,0,0,0,0,0,1,0,-0.4,Daijah Jefferson,https://www.sports-reference.com/cbb/players/daijah-jefferson-1.html,georgia-tech,2019-20
21,44,27,2020-02-20,Georgia Tech,,Louisville,REG (Conf),L 47-58,,5,0,1,.000,0,1,.000,0,0,,.000,0,0,,1,0,1,0,0,0,1,0,0,-1.0,Daijah Jefferson,https://www.sports-reference.com/cbb/players/daijah-jefferson-1.html,georgia-tech,2019-20
22,45,28,2020-02-23,Georgia Tech,,Florida State,REG (Conf),W 65-62,,4,0,0,,0,0,,0,0,,,0,0,,0,1,1,0,1,0,0,0,0,1.3,Daijah Jefferson,https://www.sports-reference.com/cbb/players/daijah-jefferson-1.html,georgia-tech,2019-20
