ranker,player_game_num_career,team_game_num_season,date,team_name_abbr,game_location,opp_name_abbr,game_type,game_result,is_starter,mp,fg,fga,fg_pct,fg3,fg3a,fg3_pct,fg2,fg2a,fg2_pct,efg_pct,ft,fta,ft_pct,orb,drb,trb,ast,stl,blk,tov,pf,pts,game_score,player_name,player_sr_link,school,season
1,98,1,2019-11-05,Georgia Tech,,Houston,REG (Non-Conf),W 69-38,*,35,8,16,.500,6,11,.545,2,5,.400,.688,2,2,1.000,3,4,7,2,3,1,1,0,24,23.4,Francesca Pan,https://www.sports-reference.com/cbb/players/francesca-pan-1.html,georgia-tech,2019-20
2,99,2,2019-11-10,Georgia Tech,,Grambling State,REG (Non-Conf),W 89-42,*,29,7,17,.412,3,11,.273,4,6,.667,.500,0,0,,0,2,2,3,0,1,1,1,17,9.9,Francesca Pan,https://www.sports-reference.com/cbb/players/francesca-pan-1.html,georgia-tech,2019-20
3,100,3,2019-11-17,Georgia Tech,@,Georgia,REG (Non-Conf),W 73-40,*,32,6,12,.500,4,6,.667,2,6,.333,.667,4,4,1.000,0,7,7,1,0,1,4,3,20,12.3,Francesca Pan,https://www.sports-reference.com/cbb/players/francesca-pan-1.html,georgia-tech,2019-20
4,101,4,2019-11-20,Georgia Tech,,Georgia State,REG (Non-Conf),W 69-28,*,26,4,12,.333,0,5,.000,4,7,.571,.333,1,2,.500,1,5,6,4,0,1,2,1,9,5.1,Francesca Pan,https://www.sports-reference.com/cbb/players/francesca-pan-1.html,georgia-tech,2019-20
5,102,5,2019-11-28,Georgia Tech,,Seton Hall,REG (Non-Conf),W 79-54,*,24,4,10,.400,1,3,.333,3,7,.429,.450,7,7,1.000,1,2,3,2,2,0,1,2,16,13.5,Francesca Pan,https://www.sports-reference.com/cbb/players/francesca-pan-1.html,georgia-tech,2019-20
6,103,6,2019-11-30,Georgia Tech,,Rutgers,REG (Non-Conf),L 43-46,*,37,2,16,.125,0,5,.000,2,11,.182,.125,3,4,.750,1,5,6,1,2,1,2,4,7,-1.8,Francesca Pan,https://www.sports-reference.com/cbb/players/francesca-pan-1.html,georgia-tech,2019-20
7,104,7,2019-12-05,Georgia Tech,,Wisconsin,REG (Non-Conf),W 60-41,*,37,5,15,.333,0,4,.000,5,11,.455,.333,3,5,.600,2,3,5,3,1,0,0,2,13,8.3,Francesca Pan,https://www.sports-reference.com/cbb/players/francesca-pan-1.html,georgia-tech,2019-20
8,105,8,2019-12-08,Georgia Tech,@,Kennesaw State,REG (Non-Conf),W 63-47,*,38,6,14,.429,3,7,.429,3,7,.429,.536,6,7,.857,0,4,4,5,1,0,0,2,21,18.1,Francesca Pan,https://www.sports-reference.com/cbb/players/francesca-pan-1.html,georgia-tech,2019-20
9,106,9,2019-12-15,Georgia Tech,,East Tennessee State,REG (Non-Conf),W 87-48,*,16,2,5,.400,1,3,.333,1,2,.500,.500,2,2,1.000,1,3,4,4,2,0,1,2,7,8.9,Francesca Pan,https://www.sports-reference.com/cbb/players/francesca-pan-1.html,georgia-tech,2019-20
10,107,10,2019-12-20,Georgia Tech,,Texas A&M,REG (Non-Conf),L 48-60,*,37,3,12,.250,2,8,.250,1,4,.250,.333,0,0,,0,2,2,1,0,1,2,3,8,-0.4,Francesca Pan,https://www.sports-reference.com/cbb/players/francesca-pan-1.html,georgia-tech,2019-20
11,108,11,2019-12-21,Georgia Tech,,Rice,REG (Non-Conf),W 54-52,*,40,8,16,.500,1,6,.167,7,10,.700,.531,3,3,1.000,1,1,2,0,1,0,0,0,20,14.0,Francesca Pan,https://www.sports-reference.com/cbb/players/francesca-pan-1.html,georgia-tech,2019-20
12,109,12,2019-12-29,Georgia Tech,,Virginia,REG (Conf),W 61-51,*,35,3,9,.333,0,3,.000,3,6,.500,.333,1,2,.500,0,0,0,4,2,0,0,4,7,4.7,Francesca Pan,https://www.sports-reference.com/cbb/players/francesca-pan-1.html,georgia-tech,2019-20
13,110,13,2020-01-02,Georgia Tech,,Miami (FL),REG (Conf),W 61-54,*,35,3,12,.250,0,3,.000,3,9,.333,.250,0,0,,0,3,3,3,1,0,2,1,6,0.4,Francesca Pan,https://www.sports-reference.com/cbb/players/francesca-pan-1.html,georgia-tech,2019-20
14,111,14,2020-01-05,Georgia Tech,@,Wake Forest,REG (Conf),L 60-65,*,28,2,5,.400,0,1,.000,2,4,.500,.400,0,0,,0,2,2,4,3,0,2,4,4,4.1,Francesca Pan,https://www.sports-reference.com/cbb/players/francesca-pan-1.html,georgia-tech,2019-20
15,112,15,2020-01-09,Georgia Tech,@,Florida State,REG (Conf),W 67-52,*,38,5,13,.385,2,5,.400,3,8,.375,.462,4,4,1.000,0,6,6,5,1,0,2,4,16,11.6,Francesca Pan,https://www.sports-reference.com/cbb/players/francesca-pan-1.html,georgia-tech,2019-20
16,113,16,2020-01-12,Georgia Tech,,Clemson,REG (Conf),W 49-47,*,40,6,18,.333,1,7,.143,5,11,.455,.361,4,5,.800,5,1,6,1,2,0,3,4,17,8.3,Francesca Pan,https://www.sports-reference.com/cbb/players/francesca-pan-1.html,georgia-tech,2019-20
17,114,17,2020-01-16,Georgia Tech,@,Syracuse,REG (Conf),W 82-64,*,39,7,13,.538,0,3,.000,7,10,.700,.538,1,3,.333,1,5,6,5,1,0,3,2,15,10.8,Francesca Pan,https://www.sports-reference.com/cbb/players/francesca-pan-1.html,georgia-tech,2019-20
18,115,18,2020-01-19,Georgia Tech,,Boston College,REG (Conf),L 48-55,*,36,1,9,.111,0,3,.000,1,6,.167,.111,0,0,,1,5,6,2,0,0,3,4,2,-4.9,Francesca Pan,https://www.sports-reference.com/cbb/players/francesca-pan-1.html,georgia-tech,2019-20
19,116,19,2020-01-23,Georgia Tech,,North Carolina,REG (Conf),L 60-67 (OT),*,45,1,9,.111,0,6,.000,1,3,.333,.111,1,2,.500,4,2,6,1,3,2,3,2,3,1.4,Francesca Pan,https://www.sports-reference.com/cbb/players/francesca-pan-1.html,georgia-tech,2019-20
20,117,20,2020-01-26,Georgia Tech,@,Duke,REG (Conf),L 46-58,*,40,4,11,.364,2,6,.333,2,5,.400,.455,0,0,,0,2,2,0,1,0,4,2,10,0.7,Francesca Pan,https://www.sports-reference.com/cbb/players/francesca-pan-1.html,georgia-tech,2019-20
21,118,21,2020-01-30,Georgia Tech,@,Miami (FL),REG (Conf),L 49-54 (OT),*,40,3,15,.200,1,10,.100,2,5,.400,.233,3,3,1.000,1,6,7,5,2,0,5,4,10,2.1,Francesca Pan,https://www.sports-reference.com/cbb/players/francesca-pan-1.html,georgia-tech,2019-20
22,119,22,2020-02-02,Georgia Tech,,Notre Dame,REG (Conf),L 51-59,*,26,1,7,.143,0,3,.000,1,4,.250,.143,0,2,.000,1,1,2,1,0,1,2,5,2,-4.9,Francesca Pan,https://www.sports-reference.com/cbb/players/francesca-pan-1.html,georgia-tech,2019-20
23,120,23,2020-02-06,Georgia Tech,@,Pittsburgh,REG (Conf),W 77-48,*,32,4,13,.308,1,6,.167,3,7,.429,.346,2,3,.667,0,3,3,5,1,0,0,2,11,7.7,Francesca Pan,https://www.sports-reference.com/cbb/players/francesca-pan-1.html,georgia-tech,2019-20
24,121,24,2020-02-09,Georgia Tech,,Wake Forest,REG (Conf),W 62-52,*,38,6,14,.429,2,7,.286,4,7,.571,.500,8,8,1.000,1,3,4,3,1,1,1,3,22,17.8,Francesca Pan,https://www.sports-reference.com/cbb/players/francesca-pan-1.html,georgia-tech,2019-20
25,122,25,2020-02-13,Georgia Tech,@,Virginia Tech,REG (Conf),L 61-64 (OT),*,42,7,18,.389,0,5,.000,7,13,.538,.389,5,5,1.000,0,2,2,0,0,0,3,4,19,5.2,Francesca Pan,https://www.sports-reference.com/cbb/players/francesca-pan-1.html,georgia-tech,2019-20
26,123,26,2020-02-16,Georgia Tech,@,NC State,REG (Conf),W 65-61,*,40,11,24,.458,4,9,.444,7,15,.467,.542,4,5,.800,3,4,7,4,0,0,3,2,30,19.5,Francesca Pan,https://www.sports-reference.com/cbb/players/francesca-pan-1.html,georgia-tech,2019-20
27,124,27,2020-02-20,Georgia Tech,,Louisville,REG (Conf),L 47-58,*,40,1,8,.125,1,4,.250,0,4,.000,.188,2,2,1.000,0,3,3,3,2,0,2,2,5,2.0,Francesca Pan,https://www.sports-reference.com/cbb/players/francesca-pan-1.html,georgia-tech,2019-20
28,125,28,2020-02-23,Georgia Tech,,Florida State,REG (Conf),W 65-62,*,40,8,22,.364,6,13,.462,2,9,.222,.500,1,2,.500,0,0,0,1,6,0,1,1,23,15.7,Francesca Pan,https://www.sports-reference.com/cbb/players/francesca-pan-1.html,georgia-tech,2019-20
29,126,29,2020-03-01,Georgia Tech,@,Clemson,REG (Conf),W 56-44,*,38,4,14,.286,2,7,.286,2,7,.286,.357,0,0,,0,1,1,2,0,0,0,3,10,2.3,Francesca Pan,https://www.sports-reference.com/cbb/players/francesca-pan-1.html,georgia-tech,2019-20
30,127,30,2020-03-05,Georgia Tech,,Pittsburgh,CTOURN,W 68-58,*,34,8,18,.444,1,5,.200,7,13,.538,.472,9,10,.900,0,3,3,3,2,0,1,3,26,19.0,Francesca Pan,https://www.sports-reference.com/cbb/players/francesca-pan-1.html,georgia-tech,2019-20
31,128,31,2020-03-06,Georgia Tech,@,NC State,CTOURN,L 48-57,*,38,6,15,.400,1,7,.143,5,8,.625,.433,2,2,1.000,0,8,8,0,1,0,4,4,15,4.7,Francesca Pan,https://www.sports-reference.com/cbb/players/francesca-pan-1.html,georgia-tech,2019-20
