ranker,player_game_num_career,team_game_num_season,date,team_name_abbr,game_location,opp_name_abbr,game_type,game_result,is_starter,mp,fg,fga,fg_pct,fg3,fg3a,fg3_pct,fg2,fg2a,fg2_pct,efg_pct,ft,fta,ft_pct,orb,drb,trb,ast,stl,blk,tov,pf,pts,game_score,player_name,player_sr_link,school,season
1,62,1,2019-11-05,Georgia Tech,,Houston,REG (Non-Conf),W 69-38,*,28,3,8,.375,0,0,,3,8,.375,.375,3,4,.750,3,4,7,3,0,0,4,3,9,4.4,Kierra Fletcher,https://www.sports-reference.com/cbb/players/kierra-fletcher-1.html,georgia-tech,2019-20
2,63,2,2019-11-10,Georgia Tech,,Grambling State,REG (Non-Conf),W 89-42,*,31,5,6,.833,0,0,,5,6,.833,.833,3,4,.750,5,3,8,7,6,0,1,0,13,24.7,Kierra Fletcher,https://www.sports-reference.com/cbb/players/kierra-fletcher-1.html,georgia-tech,2019-20
3,64,3,2019-11-17,Georgia Tech,@,Georgia,REG (Non-Conf),W 73-40,*,38,7,16,.438,1,2,.500,6,14,.429,.469,1,1,1.000,3,4,7,7,2,1,3,1,16,15.1,Kierra Fletcher,https://www.sports-reference.com/cbb/players/kierra-fletcher-1.html,georgia-tech,2019-20
4,65,4,2019-11-20,Georgia Tech,,Georgia State,REG (Non-Conf),W 69-28,*,27,3,4,.750,0,0,,3,4,.750,.750,1,2,.500,0,2,2,4,0,0,2,2,7,5.6,Kierra Fletcher,https://www.sports-reference.com/cbb/players/kierra-fletcher-1.html,georgia-tech,2019-20
5,66,5,2019-11-28,Georgia Tech,,Seton Hall,REG (Non-Conf),W 79-54,*,32,3,4,.750,0,0,,3,4,.750,.750,2,4,.500,1,5,6,4,0,0,3,1,8,7.2,Kierra Fletcher,https://www.sports-reference.com/cbb/players/kierra-fletcher-1.html,georgia-tech,2019-20
6,67,6,2019-11-30,Georgia Tech,,Rutgers,REG (Non-Conf),L 43-46,*,34,2,6,.333,0,0,,2,6,.333,.333,3,6,.500,4,3,7,3,0,0,4,3,7,3.0,Kierra Fletcher,https://www.sports-reference.com/cbb/players/kierra-fletcher-1.html,georgia-tech,2019-20
7,68,7,2019-12-05,Georgia Tech,,Wisconsin,REG (Non-Conf),W 60-41,*,33,3,6,.500,0,0,,3,6,.500,.500,2,2,1.000,1,4,5,5,1,1,1,2,8,10.3,Kierra Fletcher,https://www.sports-reference.com/cbb/players/kierra-fletcher-1.html,georgia-tech,2019-20
8,69,8,2019-12-08,Georgia Tech,@,Kennesaw State,REG (Non-Conf),W 63-47,*,40,2,5,.400,0,0,,2,5,.400,.400,3,4,.750,3,6,9,2,1,0,2,2,7,7.4,Kierra Fletcher,https://www.sports-reference.com/cbb/players/kierra-fletcher-1.html,georgia-tech,2019-20
9,70,9,2019-12-15,Georgia Tech,,East Tennessee State,REG (Non-Conf),W 87-48,*,22,2,3,.667,0,0,,2,3,.667,.667,0,0,,2,3,5,4,0,0,2,4,4,4.2,Kierra Fletcher,https://www.sports-reference.com/cbb/players/kierra-fletcher-1.html,georgia-tech,2019-20
10,71,10,2019-12-20,Georgia Tech,,Texas A&M,REG (Non-Conf),L 48-60,*,38,5,8,.625,0,1,.000,5,7,.714,.625,1,1,1.000,1,5,6,2,0,0,0,2,11,10.2,Kierra Fletcher,https://www.sports-reference.com/cbb/players/kierra-fletcher-1.html,georgia-tech,2019-20
11,72,11,2019-12-21,Georgia Tech,,Rice,REG (Non-Conf),W 54-52,*,39,6,13,.462,0,1,.000,6,12,.500,.462,3,4,.750,6,7,13,3,0,0,1,0,15,15.3,Kierra Fletcher,https://www.sports-reference.com/cbb/players/kierra-fletcher-1.html,georgia-tech,2019-20
12,73,12,2019-12-29,Georgia Tech,,Virginia,REG (Conf),W 61-51,*,34,4,10,.400,0,2,.000,4,8,.500,.400,3,4,.750,3,5,8,1,1,0,1,2,11,8.7,Kierra Fletcher,https://www.sports-reference.com/cbb/players/kierra-fletcher-1.html,georgia-tech,2019-20
13,74,13,2020-01-02,Georgia Tech,,Miami (FL),REG (Conf),W 61-54,*,39,3,7,.429,0,1,.000,3,6,.500,.429,2,4,.500,3,7,10,2,1,0,3,3,8,5.9,Kierra Fletcher,https://www.sports-reference.com/cbb/players/kierra-fletcher-1.html,georgia-tech,2019-20
14,75,14,2020-01-05,Georgia Tech,@,Wake Forest,REG (Conf),L 60-65,*,36,2,9,.222,0,0,,2,9,.222,.222,8,8,1.000,3,0,3,4,2,0,2,5,12,9.4,Kierra Fletcher,https://www.sports-reference.com/cbb/players/kierra-fletcher-1.html,georgia-tech,2019-20
15,76,15,2020-01-09,Georgia Tech,@,Florida State,REG (Conf),W 67-52,*,40,5,9,.556,0,0,,5,9,.556,.556,2,4,.500,4,2,6,2,4,0,0,2,12,14.9,Kierra Fletcher,https://www.sports-reference.com/cbb/players/kierra-fletcher-1.html,georgia-tech,2019-20
16,77,16,2020-01-12,Georgia Tech,,Clemson,REG (Conf),W 49-47,*,40,1,6,.167,0,1,.000,1,5,.200,.167,3,3,1.000,2,3,5,3,1,0,3,1,5,3.2,Kierra Fletcher,https://www.sports-reference.com/cbb/players/kierra-fletcher-1.html,georgia-tech,2019-20
17,78,17,2020-01-16,Georgia Tech,@,Syracuse,REG (Conf),W 82-64,*,40,4,8,.500,0,0,,4,8,.500,.500,5,5,1.000,3,4,7,1,3,0,3,2,13,12.2,Kierra Fletcher,https://www.sports-reference.com/cbb/players/kierra-fletcher-1.html,georgia-tech,2019-20
18,79,18,2020-01-19,Georgia Tech,,Boston College,REG (Conf),L 48-55,*,33,2,11,.182,0,1,.000,2,10,.200,.182,2,4,.500,0,3,3,0,2,2,3,2,6,-1.2,Kierra Fletcher,https://www.sports-reference.com/cbb/players/kierra-fletcher-1.html,georgia-tech,2019-20
19,80,19,2020-01-23,Georgia Tech,,North Carolina,REG (Conf),L 60-67 (OT),*,39,8,15,.533,1,1,1.000,7,14,.500,.567,2,2,1.000,2,5,7,1,2,0,2,4,19,13.7,Kierra Fletcher,https://www.sports-reference.com/cbb/players/kierra-fletcher-1.html,georgia-tech,2019-20
20,81,20,2020-01-26,Georgia Tech,@,Duke,REG (Conf),L 46-58,*,40,5,11,.455,0,1,.000,5,10,.500,.455,0,0,,2,3,5,1,2,0,6,1,10,2.9,Kierra Fletcher,https://www.sports-reference.com/cbb/players/kierra-fletcher-1.html,georgia-tech,2019-20
21,82,21,2020-01-30,Georgia Tech,@,Miami (FL),REG (Conf),L 49-54 (OT),*,44,4,13,.308,0,1,.000,4,12,.333,.308,2,3,.667,4,4,8,3,2,0,2,1,10,7.8,Kierra Fletcher,https://www.sports-reference.com/cbb/players/kierra-fletcher-1.html,georgia-tech,2019-20
22,83,22,2020-02-02,Georgia Tech,,Notre Dame,REG (Conf),L 51-59,*,37,2,11,.182,0,1,.000,2,10,.200,.182,4,6,.667,4,3,7,5,3,1,3,4,8,6.6,Kierra Fletcher,https://www.sports-reference.com/cbb/players/kierra-fletcher-1.html,georgia-tech,2019-20
23,84,23,2020-02-06,Georgia Tech,@,Pittsburgh,REG (Conf),W 77-48,*,32,4,7,.571,0,0,,4,7,.571,.571,2,2,1.000,3,2,5,4,2,0,0,3,10,13.0,Kierra Fletcher,https://www.sports-reference.com/cbb/players/kierra-fletcher-1.html,georgia-tech,2019-20
24,85,24,2020-02-09,Georgia Tech,,Wake Forest,REG (Conf),W 62-52,*,38,2,7,.286,0,0,,2,7,.286,.286,5,6,.833,3,1,4,3,0,0,1,1,9,7.6,Kierra Fletcher,https://www.sports-reference.com/cbb/players/kierra-fletcher-1.html,georgia-tech,2019-20
25,86,25,2020-02-13,Georgia Tech,@,Virginia Tech,REG (Conf),L 61-64 (OT),*,43,8,16,.500,0,0,,8,16,.500,.500,1,3,.333,5,8,13,3,0,1,3,1,17,13.5,Kierra Fletcher,https://www.sports-reference.com/cbb/players/kierra-fletcher-1.html,georgia-tech,2019-20
26,87,26,2020-02-16,Georgia Tech,@,NC State,REG (Conf),W 65-61,*,22,4,6,.667,0,0,,4,6,.667,.667,0,0,,0,0,0,3,0,0,0,2,8,6.7,Kierra Fletcher,https://www.sports-reference.com/cbb/players/kierra-fletcher-1.html,georgia-tech,2019-20
27,88,27,2020-02-20,Georgia Tech,,Louisville,REG (Conf),L 47-58,*,18,2,8,.250,0,0,,2,8,.250,.250,3,5,.600,4,2,6,0,0,0,1,4,7,2.2,Kierra Fletcher,https://www.sports-reference.com/cbb/players/kierra-fletcher-1.html,georgia-tech,2019-20
28,89,28,2020-02-23,Georgia Tech,,Florida State,REG (Conf),W 65-62,*,37,5,9,.556,0,0,,5,9,.556,.556,4,5,.800,1,4,5,3,0,0,3,3,14,9.1,Kierra Fletcher,https://www.sports-reference.com/cbb/players/kierra-fletcher-1.html,georgia-tech,2019-20
29,90,29,2020-03-01,Georgia Tech,@,Clemson,REG (Conf),W 56-44,*,38,4,7,.571,0,0,,4,7,.571,.571,3,3,1.000,3,1,4,4,1,0,3,1,11,10.5,Kierra Fletcher,https://www.sports-reference.com/cbb/players/kierra-fletcher-1.html,georgia-tech,2019-20
30,91,30,2020-03-05,Georgia Tech,,Pittsburgh,CTOURN,W 68-58,*,40,2,8,.250,0,1,.000,2,7,.286,.250,2,4,.500,1,2,3,5,2,2,0,2,6,7.8,Kierra Fletcher,https://www.sports-reference.com/cbb/players/kierra-fletcher-1.html,georgia-tech,2019-20
31,92,31,2020-03-06,Georgia Tech,@,NC State,CTOURN,L 48-57,*,39,7,11,.636,0,1,.000,7,10,.700,.636,1,3,.333,2,7,9,3,2,1,1,1,15,16.2,Kierra Fletcher,https://www.sports-reference.com/cbb/players/kierra-fletcher-1.html,georgia-tech,2019-20
