ranker,player_game_num_career,team_game_num_season,date,team_name_abbr,game_location,opp_name_abbr,game_type,game_result,is_starter,mp,fg,fga,fg_pct,fg3,fg3a,fg3_pct,fg2,fg2a,fg2_pct,efg_pct,ft,fta,ft_pct,orb,drb,trb,ast,stl,blk,tov,pf,pts,game_score,player_name,player_sr_link,school,season
1,13,1,2019-11-05,Georgia Tech,,Houston,REG (Non-Conf),W 69-38,,12,0,0,,0,0,,0,0,,,0,0,,0,0,0,0,1,0,3,2,0,-2.8,Kondalia Montgomery,https://www.sports-reference.com/cbb/players/kondalia-montgomery-1.html,georgia-tech,2019-20
2,14,2,2019-11-10,Georgia Tech,,Grambling State,REG (Non-Conf),W 89-42,,4,0,0,,0,0,,0,0,,,0,0,,0,1,1,1,0,0,1,0,0,0.0,Kondalia Montgomery,https://www.sports-reference.com/cbb/players/kondalia-montgomery-1.html,georgia-tech,2019-20
3,15,3,2019-11-17,Georgia Tech,@,Georgia,REG (Non-Conf),W 73-40,,2,0,0,,0,0,,0,0,,,0,0,,0,0,0,0,0,0,1,0,0,-1.0,Kondalia Montgomery,https://www.sports-reference.com/cbb/players/kondalia-montgomery-1.html,georgia-tech,2019-20
4,16,4,2019-11-20,Georgia Tech,,Georgia State,REG (Non-Conf),W 69-28,,5,0,0,,0,0,,0,0,,,1,2,.500,0,0,0,1,0,0,0,0,1,1.3,Kondalia Montgomery,https://www.sports-reference.com/cbb/players/kondalia-montgomery-1.html,georgia-tech,2019-20
5,17,5,2019-11-28,Georgia Tech,,Seton Hall,REG (Non-Conf),W 79-54,,12,0,2,.000,0,0,,0,2,.000,.000,0,2,.000,0,0,0,1,0,0,0,2,0,-2.3,Kondalia Montgomery,https://www.sports-reference.com/cbb/players/kondalia-montgomery-1.html,georgia-tech,2019-20
6,18,6,2019-11-30,Georgia Tech,,Rutgers,REG (Non-Conf),L 43-46,,0,0,0,,0,0,,0,0,,,0,0,,0,0,0,0,0,0,0,1,0,-0.4,Kondalia Montgomery,https://www.sports-reference.com/cbb/players/kondalia-montgomery-1.html,georgia-tech,2019-20
7,19,7,2019-12-05,Georgia Tech,,Wisconsin,REG (Non-Conf),W 60-41,,3,0,0,,0,0,,0,0,,,0,0,,0,1,1,0,0,0,0,1,0,-0.1,Kondalia Montgomery,https://www.sports-reference.com/cbb/players/kondalia-montgomery-1.html,georgia-tech,2019-20
8,20,8,2019-12-08,Georgia Tech,@,Kennesaw State,REG (Non-Conf),W 63-47,,3,0,0,,0,0,,0,0,,,0,0,,0,0,0,0,0,0,0,0,0,0.0,Kondalia Montgomery,https://www.sports-reference.com/cbb/players/kondalia-montgomery-1.html,georgia-tech,2019-20
9,21,9,2019-12-15,Georgia Tech,,East Tennessee State,REG (Non-Conf),W 87-48,,9,1,1,1.000,0,0,,1,1,1.000,1.000,2,2,1.000,0,0,0,0,0,0,0,1,4,3.3,Kondalia Montgomery,https://www.sports-reference.com/cbb/players/kondalia-montgomery-1.html,georgia-tech,2019-20
10,22,11,2019-12-21,Georgia Tech,,Rice,REG (Non-Conf),W 54-52,,0,0,0,,0,0,,0,0,,,0,0,,0,0,0,0,0,0,0,0,0,0.0,Kondalia Montgomery,https://www.sports-reference.com/cbb/players/kondalia-montgomery-1.html,georgia-tech,2019-20
11,23,17,2020-01-16,Georgia Tech,@,Syracuse,REG (Conf),W 82-64,,7,0,0,,0,0,,0,0,,,0,0,,1,0,1,1,0,0,0,2,0,0.6,Kondalia Montgomery,https://www.sports-reference.com/cbb/players/kondalia-montgomery-1.html,georgia-tech,2019-20
12,24,18,2020-01-19,Georgia Tech,,Boston College,REG (Conf),L 48-55,,1,0,1,.000,0,0,,0,1,.000,.000,0,0,,1,0,1,0,0,0,0,0,0,0.0,Kondalia Montgomery,https://www.sports-reference.com/cbb/players/kondalia-montgomery-1.html,georgia-tech,2019-20
13,25,22,2020-02-02,Georgia Tech,,Notre Dame,REG (Conf),L 51-59,,6,1,3,.333,0,1,.000,1,2,.500,.333,0,0,,2,0,2,0,0,0,0,1,2,1.3,Kondalia Montgomery,https://www.sports-reference.com/cbb/players/kondalia-montgomery-1.html,georgia-tech,2019-20
14,26,23,2020-02-06,Georgia Tech,@,Pittsburgh,REG (Conf),W 77-48,,10,0,0,,0,0,,0,0,,,3,4,.750,4,1,5,0,0,0,0,2,3,4.9,Kondalia Montgomery,https://www.sports-reference.com/cbb/players/kondalia-montgomery-1.html,georgia-tech,2019-20
15,27,25,2020-02-13,Georgia Tech,@,Virginia Tech,REG (Conf),L 61-64 (OT),,1,0,0,,0,0,,0,0,,,0,0,,0,0,0,0,0,0,0,0,0,0.0,Kondalia Montgomery,https://www.sports-reference.com/cbb/players/kondalia-montgomery-1.html,georgia-tech,2019-20
16,28,27,2020-02-20,Georgia Tech,,Louisville,REG (Conf),L 47-58,,10,0,2,.000,0,0,,0,2,.000,.000,0,0,,1,0,1,1,0,0,0,1,0,-0.4,Kondalia Montgomery,https://www.sports-reference.com/cbb/players/kondalia-montgomery-1.html,georgia-tech,2019-20
17,29,28,2020-02-23,Georgia Tech,,Florida State,REG (Conf),W 65-62,,3,0,0,,0,0,,0,0,,,0,0,,0,0,0,0,0,0,0,0,0,0.0,Kondalia Montgomery,https://www.sports-reference.com/cbb/players/kondalia-montgomery-1.html,georgia-tech,2019-20
