ranker,player_game_num_career,team_game_num_season,date,team_name_abbr,game_location,opp_name_abbr,game_type,game_result,is_starter,mp,fg,fga,fg_pct,fg3,fg3a,fg3_pct,fg2,fg2a,fg2_pct,efg_pct,ft,fta,ft_pct,orb,drb,trb,ast,stl,blk,tov,pf,pts,game_score,player_name,player_sr_link,school,season
1,31,1,2019-11-05,Georgia Tech,,Houston,REG (Non-Conf),W 69-38,*,35,7,14,.500,1,5,.200,6,9,.667,.536,1,1,1.000,6,2,8,4,2,1,0,1,16,18.9,Lotta-Maj Lahtinen,https://www.sports-reference.com/cbb/players/lotta-maj-lahtinen-1.html,georgia-tech,2019-20
2,32,2,2019-11-10,Georgia Tech,,Grambling State,REG (Non-Conf),W 89-42,*,25,2,10,.200,2,6,.333,0,4,.000,.300,2,2,1.000,3,1,4,6,0,0,1,2,8,6.6,Lotta-Maj Lahtinen,https://www.sports-reference.com/cbb/players/lotta-maj-lahtinen-1.html,georgia-tech,2019-20
3,33,3,2019-11-17,Georgia Tech,@,Georgia,REG (Non-Conf),W 73-40,*,33,4,9,.444,2,4,.500,2,5,.400,.556,1,2,.500,2,1,3,0,0,0,0,3,11,6.4,Lotta-Maj Lahtinen,https://www.sports-reference.com/cbb/players/lotta-maj-lahtinen-1.html,georgia-tech,2019-20
4,34,4,2019-11-20,Georgia Tech,,Georgia State,REG (Non-Conf),W 69-28,*,27,2,4,.500,0,0,,2,4,.500,.500,1,2,.500,3,4,7,2,0,0,0,2,5,6.5,Lotta-Maj Lahtinen,https://www.sports-reference.com/cbb/players/lotta-maj-lahtinen-1.html,georgia-tech,2019-20
5,35,5,2019-11-28,Georgia Tech,,Seton Hall,REG (Non-Conf),W 79-54,*,27,3,10,.300,1,4,.250,2,6,.333,.350,5,6,.833,2,2,4,0,1,0,0,3,12,7.6,Lotta-Maj Lahtinen,https://www.sports-reference.com/cbb/players/lotta-maj-lahtinen-1.html,georgia-tech,2019-20
6,36,6,2019-11-30,Georgia Tech,,Rutgers,REG (Non-Conf),L 43-46,*,28,2,8,.250,1,3,.333,1,5,.200,.313,1,2,.500,0,1,1,2,1,0,2,1,6,1.1,Lotta-Maj Lahtinen,https://www.sports-reference.com/cbb/players/lotta-maj-lahtinen-1.html,georgia-tech,2019-20
7,37,7,2019-12-05,Georgia Tech,,Wisconsin,REG (Non-Conf),W 60-41,*,27,3,5,.600,0,0,,3,5,.600,.600,1,1,1.000,4,2,6,2,1,0,3,0,7,7.5,Lotta-Maj Lahtinen,https://www.sports-reference.com/cbb/players/lotta-maj-lahtinen-1.html,georgia-tech,2019-20
8,38,8,2019-12-08,Georgia Tech,@,Kennesaw State,REG (Non-Conf),W 63-47,*,36,7,14,.500,4,8,.500,3,6,.500,.643,0,1,.000,3,6,9,2,0,1,3,1,18,13.2,Lotta-Maj Lahtinen,https://www.sports-reference.com/cbb/players/lotta-maj-lahtinen-1.html,georgia-tech,2019-20
9,39,9,2019-12-15,Georgia Tech,,East Tennessee State,REG (Non-Conf),W 87-48,*,33,2,8,.250,2,5,.400,0,3,.000,.375,0,0,,0,4,4,6,1,0,1,1,6,6.2,Lotta-Maj Lahtinen,https://www.sports-reference.com/cbb/players/lotta-maj-lahtinen-1.html,georgia-tech,2019-20
10,40,10,2019-12-20,Georgia Tech,,Texas A&M,REG (Non-Conf),L 48-60,*,38,7,13,.538,2,7,.286,5,6,.833,.615,0,0,,2,2,4,5,0,0,4,3,16,10.0,Lotta-Maj Lahtinen,https://www.sports-reference.com/cbb/players/lotta-maj-lahtinen-1.html,georgia-tech,2019-20
11,41,11,2019-12-21,Georgia Tech,,Rice,REG (Non-Conf),W 54-52,*,40,1,8,.125,1,3,.333,0,5,.000,.188,3,4,.750,3,0,3,2,1,0,4,1,6,0.5,Lotta-Maj Lahtinen,https://www.sports-reference.com/cbb/players/lotta-maj-lahtinen-1.html,georgia-tech,2019-20
12,42,12,2019-12-29,Georgia Tech,,Virginia,REG (Conf),W 61-51,*,40,5,10,.500,1,4,.250,4,6,.667,.550,2,5,.400,1,3,4,4,1,2,1,3,13,11.4,Lotta-Maj Lahtinen,https://www.sports-reference.com/cbb/players/lotta-maj-lahtinen-1.html,georgia-tech,2019-20
13,43,13,2020-01-02,Georgia Tech,,Miami (FL),REG (Conf),W 61-54,*,40,7,11,.636,0,1,.000,7,10,.700,.636,1,2,.500,2,3,5,3,4,0,4,0,15,14.1,Lotta-Maj Lahtinen,https://www.sports-reference.com/cbb/players/lotta-maj-lahtinen-1.html,georgia-tech,2019-20
14,44,14,2020-01-05,Georgia Tech,@,Wake Forest,REG (Conf),L 60-65,*,33,4,12,.333,2,3,.667,2,9,.222,.417,1,2,.500,0,2,2,2,2,0,3,3,11,3.6,Lotta-Maj Lahtinen,https://www.sports-reference.com/cbb/players/lotta-maj-lahtinen-1.html,georgia-tech,2019-20
15,45,15,2020-01-09,Georgia Tech,@,Florida State,REG (Conf),W 67-52,*,22,2,5,.400,0,2,.000,2,3,.667,.400,0,0,,1,3,4,0,0,0,3,4,4,-1.7,Lotta-Maj Lahtinen,https://www.sports-reference.com/cbb/players/lotta-maj-lahtinen-1.html,georgia-tech,2019-20
16,46,16,2020-01-12,Georgia Tech,,Clemson,REG (Conf),W 49-47,*,24,0,5,.000,0,2,.000,0,3,.000,.000,0,0,,2,0,2,3,1,0,2,3,0,-2.2,Lotta-Maj Lahtinen,https://www.sports-reference.com/cbb/players/lotta-maj-lahtinen-1.html,georgia-tech,2019-20
17,47,17,2020-01-16,Georgia Tech,@,Syracuse,REG (Conf),W 82-64,*,39,7,13,.538,2,5,.400,5,8,.625,.615,1,4,.250,2,0,2,3,0,0,3,4,17,8.4,Lotta-Maj Lahtinen,https://www.sports-reference.com/cbb/players/lotta-maj-lahtinen-1.html,georgia-tech,2019-20
18,48,18,2020-01-19,Georgia Tech,,Boston College,REG (Conf),L 48-55,*,33,3,8,.375,1,5,.200,2,3,.667,.438,3,7,.429,1,1,2,1,3,0,0,4,10,7.1,Lotta-Maj Lahtinen,https://www.sports-reference.com/cbb/players/lotta-maj-lahtinen-1.html,georgia-tech,2019-20
19,49,19,2020-01-23,Georgia Tech,,North Carolina,REG (Conf),L 60-67 (OT),*,31,4,10,.400,2,6,.333,2,4,.500,.500,1,4,.250,0,2,2,4,0,0,2,1,11,5.4,Lotta-Maj Lahtinen,https://www.sports-reference.com/cbb/players/lotta-maj-lahtinen-1.html,georgia-tech,2019-20
20,50,20,2020-01-26,Georgia Tech,@,Duke,REG (Conf),L 46-58,*,34,4,10,.400,2,7,.286,2,3,.667,.500,2,2,1.000,0,2,2,3,4,0,3,2,12,9.5,Lotta-Maj Lahtinen,https://www.sports-reference.com/cbb/players/lotta-maj-lahtinen-1.html,georgia-tech,2019-20
21,51,21,2020-01-30,Georgia Tech,@,Miami (FL),REG (Conf),L 49-54 (OT),*,26,0,7,.000,0,3,.000,0,4,.000,.000,0,0,,0,0,0,3,0,0,5,1,0,-8.2,Lotta-Maj Lahtinen,https://www.sports-reference.com/cbb/players/lotta-maj-lahtinen-1.html,georgia-tech,2019-20
22,52,22,2020-02-02,Georgia Tech,,Notre Dame,REG (Conf),L 51-59,,28,2,4,.500,0,1,.000,2,3,.667,.500,2,5,.400,2,6,8,1,1,0,3,3,6,3.5,Lotta-Maj Lahtinen,https://www.sports-reference.com/cbb/players/lotta-maj-lahtinen-1.html,georgia-tech,2019-20
23,53,23,2020-02-06,Georgia Tech,@,Pittsburgh,REG (Conf),W 77-48,*,14,2,6,.333,0,0,,2,6,.333,.333,2,4,.500,0,0,0,1,2,0,2,2,6,1.7,Lotta-Maj Lahtinen,https://www.sports-reference.com/cbb/players/lotta-maj-lahtinen-1.html,georgia-tech,2019-20
24,54,24,2020-02-09,Georgia Tech,,Wake Forest,REG (Conf),W 62-52,*,35,1,3,.333,1,2,.500,0,1,.000,.500,0,0,,2,2,4,2,2,0,1,2,3,4.9,Lotta-Maj Lahtinen,https://www.sports-reference.com/cbb/players/lotta-maj-lahtinen-1.html,georgia-tech,2019-20
25,55,25,2020-02-13,Georgia Tech,@,Virginia Tech,REG (Conf),L 61-64 (OT),*,45,4,9,.444,1,3,.333,3,6,.500,.500,0,0,,0,4,4,2,2,0,3,3,9,4.7,Lotta-Maj Lahtinen,https://www.sports-reference.com/cbb/players/lotta-maj-lahtinen-1.html,georgia-tech,2019-20
26,56,26,2020-02-16,Georgia Tech,@,NC State,REG (Conf),W 65-61,*,37,3,8,.375,1,4,.250,2,4,.500,.438,2,2,1.000,0,7,7,5,4,0,3,2,9,10.4,Lotta-Maj Lahtinen,https://www.sports-reference.com/cbb/players/lotta-maj-lahtinen-1.html,georgia-tech,2019-20
27,57,27,2020-02-20,Georgia Tech,,Louisville,REG (Conf),L 47-58,*,38,5,16,.313,0,3,.000,5,13,.385,.313,1,2,.500,2,3,5,2,0,0,1,2,11,3.3,Lotta-Maj Lahtinen,https://www.sports-reference.com/cbb/players/lotta-maj-lahtinen-1.html,georgia-tech,2019-20
28,58,28,2020-02-23,Georgia Tech,,Florida State,REG (Conf),W 65-62,*,38,2,4,.500,0,1,.000,2,3,.667,.500,1,4,.250,0,5,5,3,1,0,3,4,5,1.8,Lotta-Maj Lahtinen,https://www.sports-reference.com/cbb/players/lotta-maj-lahtinen-1.html,georgia-tech,2019-20
29,59,29,2020-03-01,Georgia Tech,@,Clemson,REG (Conf),W 56-44,*,33,9,14,.643,0,2,.000,9,12,.750,.643,0,0,,4,8,12,4,2,0,2,3,18,18.6,Lotta-Maj Lahtinen,https://www.sports-reference.com/cbb/players/lotta-maj-lahtinen-1.html,georgia-tech,2019-20
30,60,30,2020-03-05,Georgia Tech,,Pittsburgh,CTOURN,W 68-58,*,37,3,9,.333,0,1,.000,3,8,.375,.333,2,2,1.000,3,2,5,2,5,0,2,3,8,8.8,Lotta-Maj Lahtinen,https://www.sports-reference.com/cbb/players/lotta-maj-lahtinen-1.html,georgia-tech,2019-20
31,61,31,2020-03-06,Georgia Tech,@,NC State,CTOURN,L 48-57,*,38,1,8,.125,0,1,.000,1,7,.143,.125,0,0,,2,3,5,2,1,0,4,3,2,-3.7,Lotta-Maj Lahtinen,https://www.sports-reference.com/cbb/players/lotta-maj-lahtinen-1.html,georgia-tech,2019-20
