ranker,player_game_num_career,team_game_num_season,date,team_name_abbr,game_location,opp_name_abbr,game_type,game_result,is_starter,mp,fg,fga,fg_pct,fg3,fg3a,fg3_pct,fg2,fg2a,fg2_pct,efg_pct,ft,fta,ft_pct,orb,drb,trb,ast,stl,blk,tov,pf,pts,game_score,player_name,player_sr_link,school,season
1,30,1,2019-11-05,Georgia Tech,,Houston,REG (Non-Conf),W 69-38,,2,1,1,1.000,0,0,,1,1,1.000,1.000,0,0,,0,1,1,0,0,0,0,0,2,2.0,Sarah Bates,https://www.sports-reference.com/cbb/players/sarah-bates-1.html,georgia-tech,2019-20
2,31,2,2019-11-10,Georgia Tech,,Grambling State,REG (Non-Conf),W 89-42,,10,1,4,.250,1,3,.333,0,1,.000,.375,0,0,,0,1,1,0,1,0,0,0,3,1.9,Sarah Bates,https://www.sports-reference.com/cbb/players/sarah-bates-1.html,georgia-tech,2019-20
3,32,3,2019-11-17,Georgia Tech,@,Georgia,REG (Non-Conf),W 73-40,,2,0,1,.000,0,1,.000,0,0,,.000,0,0,,0,0,0,0,0,0,0,0,0,-0.7,Sarah Bates,https://www.sports-reference.com/cbb/players/sarah-bates-1.html,georgia-tech,2019-20
4,33,4,2019-11-20,Georgia Tech,,Georgia State,REG (Non-Conf),W 69-28,,7,1,2,.500,0,1,.000,1,1,1.000,.500,2,4,.500,0,0,0,0,1,0,0,1,4,2.8,Sarah Bates,https://www.sports-reference.com/cbb/players/sarah-bates-1.html,georgia-tech,2019-20
5,34,5,2019-11-28,Georgia Tech,,Seton Hall,REG (Non-Conf),W 79-54,,3,0,0,,0,0,,0,0,,,0,0,,0,1,1,0,0,0,0,0,0,0.3,Sarah Bates,https://www.sports-reference.com/cbb/players/sarah-bates-1.html,georgia-tech,2019-20
6,35,7,2019-12-05,Georgia Tech,,Wisconsin,REG (Non-Conf),W 60-41,,3,0,1,.000,0,1,.000,0,0,,.000,0,0,,0,0,0,1,0,0,1,0,0,-1.0,Sarah Bates,https://www.sports-reference.com/cbb/players/sarah-bates-1.html,georgia-tech,2019-20
7,36,8,2019-12-08,Georgia Tech,@,Kennesaw State,REG (Non-Conf),W 63-47,,7,0,2,.000,0,2,.000,0,0,,.000,0,0,,0,1,1,0,0,0,0,0,0,-1.1,Sarah Bates,https://www.sports-reference.com/cbb/players/sarah-bates-1.html,georgia-tech,2019-20
8,37,9,2019-12-15,Georgia Tech,,East Tennessee State,REG (Non-Conf),W 87-48,,17,2,4,.500,2,4,.500,0,0,,.750,0,0,,0,1,1,1,0,0,1,2,6,3.2,Sarah Bates,https://www.sports-reference.com/cbb/players/sarah-bates-1.html,georgia-tech,2019-20
9,38,12,2019-12-29,Georgia Tech,,Virginia,REG (Conf),W 61-51,,3,0,0,,0,0,,0,0,,,0,0,,0,0,0,0,0,0,0,0,0,0.0,Sarah Bates,https://www.sports-reference.com/cbb/players/sarah-bates-1.html,georgia-tech,2019-20
10,39,13,2020-01-02,Georgia Tech,,Miami (FL),REG (Conf),W 61-54,,1,0,1,.000,0,1,.000,0,0,,.000,0,0,,0,0,0,0,0,0,0,1,0,-1.1,Sarah Bates,https://www.sports-reference.com/cbb/players/sarah-bates-1.html,georgia-tech,2019-20
11,40,14,2020-01-05,Georgia Tech,@,Wake Forest,REG (Conf),L 60-65,,3,0,0,,0,0,,0,0,,,0,0,,0,0,0,0,1,0,1,1,0,-0.4,Sarah Bates,https://www.sports-reference.com/cbb/players/sarah-bates-1.html,georgia-tech,2019-20
12,41,15,2020-01-09,Georgia Tech,@,Florida State,REG (Conf),W 67-52,,2,0,1,.000,0,0,,0,1,.000,.000,0,0,,0,0,0,0,0,0,0,0,0,-0.7,Sarah Bates,https://www.sports-reference.com/cbb/players/sarah-bates-1.html,georgia-tech,2019-20
13,42,16,2020-01-12,Georgia Tech,,Clemson,REG (Conf),W 49-47,,3,0,1,.000,0,0,,0,1,.000,.000,0,0,,0,0,0,0,0,0,0,0,0,-0.7,Sarah Bates,https://www.sports-reference.com/cbb/players/sarah-bates-1.html,georgia-tech,2019-20
14,43,22,2020-02-02,Georgia Tech,,Notre Dame,REG (Conf),L 51-59,,2,0,2,.000,0,1,.000,0,1,.000,.000,0,0,,0,1,1,0,0,0,0,0,0,-1.1,Sarah Bates,https://www.sports-reference.com/cbb/players/sarah-bates-1.html,georgia-tech,2019-20
15,44,23,2020-02-06,Georgia Tech,@,Pittsburgh,REG (Conf),W 77-48,,6,1,3,.333,0,1,.000,1,2,.500,.333,1,1,1.000,0,0,0,0,0,0,0,0,3,1.3,Sarah Bates,https://www.sports-reference.com/cbb/players/sarah-bates-1.html,georgia-tech,2019-20
16,45,26,2020-02-16,Georgia Tech,@,NC State,REG (Conf),W 65-61,,3,0,1,.000,0,1,.000,0,0,,.000,0,0,,0,0,0,0,0,0,0,0,0,-0.7,Sarah Bates,https://www.sports-reference.com/cbb/players/sarah-bates-1.html,georgia-tech,2019-20
17,46,28,2020-02-23,Georgia Tech,,Florida State,REG (Conf),W 65-62,,5,0,0,,0,0,,0,0,,,0,0,,0,0,0,1,0,0,2,1,0,-1.7,Sarah Bates,https://www.sports-reference.com/cbb/players/sarah-bates-1.html,georgia-tech,2019-20
