ranker,player_game_num_career,team_game_num_season,date,team_name_abbr,game_location,opp_name_abbr,game_type,game_result,is_starter,mp,fg,fga,fg_pct,fg3,fg3a,fg3_pct,fg2,fg2a,fg2_pct,efg_pct,ft,fta,ft_pct,orb,drb,trb,ast,stl,blk,tov,pf,pts,game_score,player_name,player_sr_link,school,season
1,65,1,2019-11-05,Eastern Washington,@,Stanford,REG (Non-Conf),L 27-92,*,31,1,9,.111,1,7,.143,0,2,.000,.167,0,0,,2,0,2,1,0,0,1,0,3,-1.8,Brittany Klaman,https://www.sports-reference.com/cbb/players/brittany-klaman-1.html,eastern-washington,2019-20
2,66,2,2019-11-08,Eastern Washington,@,San Jose State,REG (Non-Conf),L 66-84,*,29,2,8,.250,2,5,.400,0,3,.000,.375,0,0,,0,2,2,3,1,0,2,2,6,2.1,Brittany Klaman,https://www.sports-reference.com/cbb/players/brittany-klaman-1.html,eastern-washington,2019-20
3,67,3,2019-11-18,Eastern Washington,@,Utah,REG (Non-Conf),L 49-87,*,24,3,12,.250,2,7,.286,1,5,.200,.333,2,2,1.000,0,0,0,4,0,0,1,0,10,4.6,Brittany Klaman,https://www.sports-reference.com/cbb/players/brittany-klaman-1.html,eastern-washington,2019-20
4,68,4,2019-11-22,Eastern Washington,@,Gonzaga,REG (Non-Conf),L 44-84,*,31,2,9,.222,1,4,.250,1,5,.200,.278,0,0,,0,3,3,1,1,1,4,0,5,-1.2,Brittany Klaman,https://www.sports-reference.com/cbb/players/brittany-klaman-1.html,eastern-washington,2019-20
5,69,5,2019-12-01,Eastern Washington,,Pepperdine,REG (Non-Conf),L 52-53,,30,3,6,.500,1,3,.333,2,3,.667,.583,1,2,.500,1,2,3,6,0,0,4,0,8,6.1,Brittany Klaman,https://www.sports-reference.com/cbb/players/brittany-klaman-1.html,eastern-washington,2019-20
