ranker,player_game_num_career,team_game_num_season,date,team_name_abbr,game_location,opp_name_abbr,game_type,game_result,is_starter,mp,fg,fga,fg_pct,fg3,fg3a,fg2,fg2a,fg2_pct,efg_pct,ft,fta,ft_pct,orb,drb,trb,ast,stl,blk,tov,pf,pts,game_score,player_name,player_sr_link,school,season
1,22,4,2019-11-22,Eastern Washington,@,Gonzaga,REG (Non-Conf),L 44-84,,5,1,1,1.000,0,0,1,1,1.000,1.000,0,0,,0,0,0,0,0,0,0,0,2,1.7,Cailyn Francis,https://www.sports-reference.com/cbb/players/cailyn-francis-1.html,eastern-washington,2019-20
2,23,6,2019-12-08,Eastern Washington,,Bushnell,REG (Non-Conf),W 81-62,,2,1,2,.500,0,0,1,2,.500,.500,2,2,1.000,0,0,0,0,0,0,0,0,4,3.0,Cailyn Francis,https://www.sports-reference.com/cbb/players/cailyn-francis-1.html,eastern-washington,2019-20
3,24,9,2019-12-21,Eastern Washington,,Bradley,REG (Non-Conf),L 46-66,,6,1,2,.500,0,0,1,2,.500,.500,0,0,,0,2,2,0,0,0,0,1,2,1.2,Cailyn Francis,https://www.sports-reference.com/cbb/players/cailyn-francis-1.html,eastern-washington,2019-20
4,25,10,2019-12-28,Eastern Washington,,Weber State,REG (Conf),W 63-53,,5,0,1,.000,0,0,0,1,.000,.000,0,0,,0,2,2,0,0,0,0,0,0,-0.1,Cailyn Francis,https://www.sports-reference.com/cbb/players/cailyn-francis-1.html,eastern-washington,2019-20
5,26,11,2019-12-30,Eastern Washington,,Idaho State,REG (Conf),L 47-67,,7,1,1,1.000,0,0,1,1,1.000,1.000,0,1,.000,1,2,3,0,1,0,1,1,2,2.2,Cailyn Francis,https://www.sports-reference.com/cbb/players/cailyn-francis-1.html,eastern-washington,2019-20
6,27,12,2020-01-04,Eastern Washington,@,Portland State,REG (Conf),L 58-75,,17,0,6,.000,0,0,0,6,.000,.000,0,0,,2,4,6,0,0,1,0,3,0,-2.1,Cailyn Francis,https://www.sports-reference.com/cbb/players/cailyn-francis-1.html,eastern-washington,2019-20
7,28,13,2020-01-09,Eastern Washington,@,Montana,REG (Conf),L 54-92,,22,3,5,.600,0,0,3,5,.600,.600,1,1,1.000,1,2,3,1,1,1,2,4,7,4.8,Cailyn Francis,https://www.sports-reference.com/cbb/players/cailyn-francis-1.html,eastern-washington,2019-20
8,29,14,2020-01-16,Eastern Washington,@,Idaho,REG (Conf),L 60-69,,9,0,1,.000,0,0,0,1,.000,.000,0,0,,0,0,0,1,0,0,0,1,0,-0.4,Cailyn Francis,https://www.sports-reference.com/cbb/players/cailyn-francis-1.html,eastern-washington,2019-20
9,30,15,2020-01-18,Eastern Washington,,Montana State,REG (Conf),L 85-89 (2OT),,12,3,3,1.000,0,0,3,3,1.000,1.000,0,0,,1,1,2,1,0,1,1,2,6,5.7,Cailyn Francis,https://www.sports-reference.com/cbb/players/cailyn-francis-1.html,eastern-washington,2019-20
10,31,16,2020-01-25,Eastern Washington,@,Southern Utah,REG (Conf),L 50-71,,16,1,5,.200,0,0,1,5,.200,.200,0,0,,0,3,3,0,1,0,1,3,2,-1.4,Cailyn Francis,https://www.sports-reference.com/cbb/players/cailyn-francis-1.html,eastern-washington,2019-20
11,32,17,2020-01-27,Eastern Washington,@,Northern Colorado,REG (Conf),L 42-63,,18,2,7,.286,0,0,2,7,.286,.286,1,2,.500,1,5,6,0,2,0,2,3,5,1.5,Cailyn Francis,https://www.sports-reference.com/cbb/players/cailyn-francis-1.html,eastern-washington,2019-20
12,33,18,2020-02-01,Eastern Washington,,Sacramento State,REG (Conf),L 67-74,,3,1,3,.333,0,0,1,3,.333,.333,0,0,,0,1,1,0,0,0,0,3,2,-0.6,Cailyn Francis,https://www.sports-reference.com/cbb/players/cailyn-francis-1.html,eastern-washington,2019-20
13,34,19,2020-02-03,Eastern Washington,,Northern Arizona,REG (Conf),L 62-70,,4,0,0,,0,0,0,0,,,0,0,,0,0,0,0,0,0,0,0,0,0.0,Cailyn Francis,https://www.sports-reference.com/cbb/players/cailyn-francis-1.html,eastern-washington,2019-20
14,35,20,2020-02-06,Eastern Washington,,Montana,REG (Conf),L 56-77,,5,1,2,.500,0,0,1,2,.500,.500,0,0,,0,0,0,0,0,0,0,0,2,1.0,Cailyn Francis,https://www.sports-reference.com/cbb/players/cailyn-francis-1.html,eastern-washington,2019-20
15,36,21,2020-02-08,Eastern Washington,@,Montana State,REG (Conf),L 47-79,,13,2,5,.400,0,0,2,5,.400,.400,0,2,.000,1,2,3,0,0,0,0,1,4,1.4,Cailyn Francis,https://www.sports-reference.com/cbb/players/cailyn-francis-1.html,eastern-washington,2019-20
16,37,22,2020-02-13,Eastern Washington,,Idaho,REG (Conf),L 46-75,,3,0,0,,0,0,0,0,,,0,0,,0,0,0,0,1,0,0,0,0,1.0,Cailyn Francis,https://www.sports-reference.com/cbb/players/cailyn-francis-1.html,eastern-washington,2019-20
17,38,23,2020-02-15,Eastern Washington,,Portland State,REG (Conf),W 79-75,,3,0,0,,0,0,0,0,,,0,0,,0,1,1,0,0,0,1,0,0,-0.7,Cailyn Francis,https://www.sports-reference.com/cbb/players/cailyn-francis-1.html,eastern-washington,2019-20
18,39,24,2020-02-20,Eastern Washington,@,Sacramento State,REG (Conf),W 78-73,,5,0,0,,0,0,0,0,,,0,0,,0,0,0,0,0,0,2,2,0,-2.8,Cailyn Francis,https://www.sports-reference.com/cbb/players/cailyn-francis-1.html,eastern-washington,2019-20
19,40,25,2020-02-22,Eastern Washington,@,Northern Arizona,REG (Conf),L 58-63,,7,0,0,,0,0,0,0,,,0,0,,0,2,2,0,0,0,0,0,0,0.6,Cailyn Francis,https://www.sports-reference.com/cbb/players/cailyn-francis-1.html,eastern-washington,2019-20
20,41,27,2020-02-29,Eastern Washington,,Northern Colorado,REG (Conf),L 61-67,,2,0,0,,0,0,0,0,,,0,0,,0,1,1,0,0,0,1,2,0,-1.5,Cailyn Francis,https://www.sports-reference.com/cbb/players/cailyn-francis-1.html,eastern-washington,2019-20
21,42,28,2020-03-04,Eastern Washington,@,Idaho State,REG (Conf),L 49-77,,15,1,3,.333,0,0,1,3,.333,.333,0,0,,0,3,3,0,0,0,3,3,2,-3.0,Cailyn Francis,https://www.sports-reference.com/cbb/players/cailyn-francis-1.html,eastern-washington,2019-20
22,43,29,2020-03-06,Eastern Washington,@,Weber State,REG (Conf),L 77-83 (OT),,3,1,2,.500,0,0,1,2,.500,.500,0,0,,0,1,1,0,0,0,1,2,2,-0.5,Cailyn Francis,https://www.sports-reference.com/cbb/players/cailyn-francis-1.html,eastern-washington,2019-20
