ranker,player_game_num_career,team_game_num_season,date,team_name_abbr,game_location,opp_name_abbr,game_type,game_result,is_starter,mp,fg,fga,fg_pct,fg3,fg3a,fg3_pct,fg2,fg2a,fg2_pct,efg_pct,ft,fta,ft_pct,orb,drb,trb,ast,stl,blk,tov,pf,pts,game_score,player_name,player_sr_link,school,season
1,34,1,2019-11-05,Eastern Washington,@,Stanford,REG (Non-Conf),L 27-92,,24,0,9,.000,0,6,.000,0,3,.000,.000,1,2,.500,1,1,2,2,0,0,1,1,1,-4.7,Grace Kirscher,https://www.sports-reference.com/cbb/players/grace-kirscher-1.html,eastern-washington,2019-20
2,35,2,2019-11-08,Eastern Washington,@,San Jose State,REG (Non-Conf),L 66-84,,19,3,9,.333,1,4,.250,2,5,.400,.389,2,2,1.000,2,2,4,1,1,0,1,2,9,5.8,Grace Kirscher,https://www.sports-reference.com/cbb/players/grace-kirscher-1.html,eastern-washington,2019-20
3,36,3,2019-11-18,Eastern Washington,@,Utah,REG (Non-Conf),L 49-87,*,30,2,8,.250,1,5,.200,1,3,.333,.313,0,0,,1,4,5,1,1,1,2,1,5,2.1,Grace Kirscher,https://www.sports-reference.com/cbb/players/grace-kirscher-1.html,eastern-washington,2019-20
4,37,4,2019-11-22,Eastern Washington,@,Gonzaga,REG (Non-Conf),L 44-84,*,30,6,10,.600,3,4,.750,3,6,.500,.750,0,0,,0,2,2,1,1,0,2,4,15,9.1,Grace Kirscher,https://www.sports-reference.com/cbb/players/grace-kirscher-1.html,eastern-washington,2019-20
5,38,5,2019-12-01,Eastern Washington,,Pepperdine,REG (Non-Conf),L 52-53,*,34,2,7,.286,0,4,.000,2,3,.667,.286,0,0,,0,6,6,1,1,0,1,0,4,2.4,Grace Kirscher,https://www.sports-reference.com/cbb/players/grace-kirscher-1.html,eastern-washington,2019-20
6,39,6,2019-12-08,Eastern Washington,,Bushnell,REG (Non-Conf),W 81-62,*,32,4,11,.364,0,4,.000,4,7,.571,.364,0,0,,0,4,4,4,1,0,3,3,8,2.7,Grace Kirscher,https://www.sports-reference.com/cbb/players/grace-kirscher-1.html,eastern-washington,2019-20
7,40,7,2019-12-15,Eastern Washington,,Boise State,REG (Non-Conf),L 61-63,*,34,8,14,.571,3,7,.429,5,7,.714,.679,1,2,.500,0,0,0,2,3,1,2,1,20,15.7,Grace Kirscher,https://www.sports-reference.com/cbb/players/grace-kirscher-1.html,eastern-washington,2019-20
8,41,8,2019-12-20,Eastern Washington,@,Kansas City,REG (Non-Conf),L 55-66,*,34,2,11,.182,2,6,.333,0,5,.000,.273,0,0,,2,1,3,2,1,0,2,2,6,0.4,Grace Kirscher,https://www.sports-reference.com/cbb/players/grace-kirscher-1.html,eastern-washington,2019-20
9,42,9,2019-12-21,Eastern Washington,,Bradley,REG (Non-Conf),L 46-66,*,37,2,11,.182,0,4,.000,2,7,.286,.182,1,3,.333,0,7,7,0,2,0,0,4,5,-0.2,Grace Kirscher,https://www.sports-reference.com/cbb/players/grace-kirscher-1.html,eastern-washington,2019-20
10,43,10,2019-12-28,Eastern Washington,,Weber State,REG (Conf),W 63-53,*,29,4,10,.400,2,3,.667,2,7,.286,.500,6,6,1.000,0,7,7,1,1,0,1,3,16,12.2,Grace Kirscher,https://www.sports-reference.com/cbb/players/grace-kirscher-1.html,eastern-washington,2019-20
11,44,11,2019-12-30,Eastern Washington,,Idaho State,REG (Conf),L 47-67,*,34,3,10,.300,1,5,.200,2,5,.400,.350,0,0,,1,3,4,0,0,0,3,1,7,-0.6,Grace Kirscher,https://www.sports-reference.com/cbb/players/grace-kirscher-1.html,eastern-washington,2019-20
12,45,12,2020-01-04,Eastern Washington,@,Portland State,REG (Conf),L 58-75,*,38,7,20,.350,6,15,.400,1,5,.200,.500,2,2,1.000,1,7,8,1,0,1,2,0,22,13.0,Grace Kirscher,https://www.sports-reference.com/cbb/players/grace-kirscher-1.html,eastern-washington,2019-20
13,46,13,2020-01-09,Eastern Washington,@,Montana,REG (Conf),L 54-92,*,35,6,15,.400,3,6,.500,3,9,.333,.500,0,0,,0,2,2,2,1,1,2,4,15,7.0,Grace Kirscher,https://www.sports-reference.com/cbb/players/grace-kirscher-1.html,eastern-washington,2019-20
14,47,14,2020-01-16,Eastern Washington,@,Idaho,REG (Conf),L 60-69,*,37,5,9,.556,4,4,1.000,1,5,.200,.778,2,3,.667,0,1,1,0,2,1,1,1,16,12.9,Grace Kirscher,https://www.sports-reference.com/cbb/players/grace-kirscher-1.html,eastern-washington,2019-20
15,48,15,2020-01-18,Eastern Washington,,Montana State,REG (Conf),L 85-89 (2OT),*,35,3,13,.231,2,7,.286,1,6,.167,.308,0,0,,2,2,4,0,1,0,2,4,8,-0.5,Grace Kirscher,https://www.sports-reference.com/cbb/players/grace-kirscher-1.html,eastern-washington,2019-20
16,49,16,2020-01-25,Eastern Washington,@,Southern Utah,REG (Conf),L 50-71,*,25,1,6,.167,0,3,.000,1,3,.333,.167,2,3,.667,0,1,1,1,2,0,1,4,4,0.2,Grace Kirscher,https://www.sports-reference.com/cbb/players/grace-kirscher-1.html,eastern-washington,2019-20
17,50,17,2020-01-27,Eastern Washington,@,Northern Colorado,REG (Conf),L 42-63,*,32,0,8,.000,0,3,.000,0,5,.000,.000,0,0,,1,2,3,2,1,0,1,0,0,-2.9,Grace Kirscher,https://www.sports-reference.com/cbb/players/grace-kirscher-1.html,eastern-washington,2019-20
18,51,18,2020-02-01,Eastern Washington,,Sacramento State,REG (Conf),L 67-74,*,36,5,14,.357,3,9,.333,2,5,.400,.464,0,0,,1,5,6,2,1,0,4,3,13,4.6,Grace Kirscher,https://www.sports-reference.com/cbb/players/grace-kirscher-1.html,eastern-washington,2019-20
19,52,19,2020-02-03,Eastern Washington,,Northern Arizona,REG (Conf),L 62-70,*,38,7,13,.538,2,6,.333,5,7,.714,.615,1,3,.333,3,1,4,2,1,1,1,3,17,13.2,Grace Kirscher,https://www.sports-reference.com/cbb/players/grace-kirscher-1.html,eastern-washington,2019-20
20,53,20,2020-02-06,Eastern Washington,,Montana,REG (Conf),L 56-77,*,25,2,6,.333,1,2,.500,1,4,.250,.417,0,0,,0,1,1,2,0,1,3,3,5,-0.2,Grace Kirscher,https://www.sports-reference.com/cbb/players/grace-kirscher-1.html,eastern-washington,2019-20
21,54,21,2020-02-08,Eastern Washington,@,Montana State,REG (Conf),L 47-79,*,33,3,8,.375,2,5,.400,1,3,.333,.500,2,2,1.000,0,3,3,1,2,0,2,1,10,6.8,Grace Kirscher,https://www.sports-reference.com/cbb/players/grace-kirscher-1.html,eastern-washington,2019-20
22,55,22,2020-02-13,Eastern Washington,,Idaho,REG (Conf),L 46-75,*,35,4,9,.444,1,4,.250,3,5,.600,.500,0,0,,2,2,4,1,1,0,0,2,9,7.2,Grace Kirscher,https://www.sports-reference.com/cbb/players/grace-kirscher-1.html,eastern-washington,2019-20
23,56,23,2020-02-15,Eastern Washington,,Portland State,REG (Conf),W 79-75,*,34,5,12,.417,2,5,.400,3,7,.429,.500,4,6,.667,0,3,3,0,2,0,3,3,16,7.5,Grace Kirscher,https://www.sports-reference.com/cbb/players/grace-kirscher-1.html,eastern-washington,2019-20
24,57,24,2020-02-20,Eastern Washington,@,Sacramento State,REG (Conf),W 78-73,*,37,5,11,.455,4,7,.571,1,4,.250,.636,2,2,1.000,0,2,2,3,3,0,4,0,16,12.0,Grace Kirscher,https://www.sports-reference.com/cbb/players/grace-kirscher-1.html,eastern-washington,2019-20
25,58,25,2020-02-22,Eastern Washington,@,Northern Arizona,REG (Conf),L 58-63,*,36,2,12,.167,0,6,.000,2,6,.333,.167,0,2,.000,1,3,4,1,1,1,3,4,4,-5.0,Grace Kirscher,https://www.sports-reference.com/cbb/players/grace-kirscher-1.html,eastern-washington,2019-20
26,59,26,2020-02-27,Eastern Washington,,Southern Utah,REG (Conf),L 67-70,*,40,3,9,.333,2,7,.286,1,2,.500,.444,2,2,1.000,2,2,4,3,1,0,1,3,10,7.8,Grace Kirscher,https://www.sports-reference.com/cbb/players/grace-kirscher-1.html,eastern-washington,2019-20
27,60,27,2020-02-29,Eastern Washington,,Northern Colorado,REG (Conf),L 61-67,*,36,3,8,.375,0,4,.000,3,4,.750,.375,2,2,1.000,1,2,3,4,1,0,2,2,8,5.9,Grace Kirscher,https://www.sports-reference.com/cbb/players/grace-kirscher-1.html,eastern-washington,2019-20
28,61,28,2020-03-04,Eastern Washington,@,Idaho State,REG (Conf),L 49-77,*,32,2,6,.333,0,1,.000,2,5,.400,.333,0,0,,0,0,0,0,0,0,0,1,4,0.2,Grace Kirscher,https://www.sports-reference.com/cbb/players/grace-kirscher-1.html,eastern-washington,2019-20
29,62,29,2020-03-06,Eastern Washington,@,Weber State,REG (Conf),L 77-83 (OT),*,43,10,16,.625,7,10,.700,3,6,.500,.844,4,7,.571,2,5,7,3,2,0,3,3,31,25.4,Grace Kirscher,https://www.sports-reference.com/cbb/players/grace-kirscher-1.html,eastern-washington,2019-20
30,63,30,2020-03-09,Eastern Washington,@,Portland State,CTOURN,L 70-83,*,40,6,11,.545,3,8,.375,3,3,1.000,.682,2,2,1.000,1,4,5,5,1,1,0,1,17,18.4,Grace Kirscher,https://www.sports-reference.com/cbb/players/grace-kirscher-1.html,eastern-washington,2019-20
