ranker,player_game_num_career,team_game_num_season,date,team_name_abbr,game_location,opp_name_abbr,game_type,game_result,is_starter,mp,fg,fga,fg_pct,fg3,fg3a,fg3_pct,fg2,fg2a,fg2_pct,efg_pct,ft,fta,ft_pct,orb,drb,trb,ast,stl,blk,tov,pf,pts,game_score,player_name,player_sr_link,school,season
1,1,1,2019-11-05,Eastern Washington,@,Stanford,REG (Non-Conf),L 27-92,,2,0,1,.000,0,1,.000,0,0,,.000,0,0,,0,0,0,0,0,0,0,0,0,-0.7,Jenna Dick,https://www.sports-reference.com/cbb/players/jenna-dick-1.html,eastern-washington,2019-20
2,2,2,2019-11-08,Eastern Washington,@,San Jose State,REG (Non-Conf),L 66-84,,17,1,3,.333,1,3,.333,0,0,,.500,2,2,1.000,1,1,2,2,1,0,1,0,5,5.7,Jenna Dick,https://www.sports-reference.com/cbb/players/jenna-dick-1.html,eastern-washington,2019-20
3,3,3,2019-11-18,Eastern Washington,@,Utah,REG (Non-Conf),L 49-87,,21,2,4,.500,2,4,.500,0,0,,.750,1,2,.500,0,1,1,3,2,1,2,3,7,6.5,Jenna Dick,https://www.sports-reference.com/cbb/players/jenna-dick-1.html,eastern-washington,2019-20
4,4,4,2019-11-22,Eastern Washington,@,Gonzaga,REG (Non-Conf),L 44-84,,22,2,5,.400,0,3,.000,2,2,1.000,.400,0,0,,0,1,1,0,2,0,5,0,4,-1.4,Jenna Dick,https://www.sports-reference.com/cbb/players/jenna-dick-1.html,eastern-washington,2019-20
5,5,5,2019-12-01,Eastern Washington,,Pepperdine,REG (Non-Conf),L 52-53,,8,0,2,.000,0,2,.000,0,0,,.000,0,0,,0,3,3,1,0,0,0,0,0,0.2,Jenna Dick,https://www.sports-reference.com/cbb/players/jenna-dick-1.html,eastern-washington,2019-20
6,6,6,2019-12-08,Eastern Washington,,Bushnell,REG (Non-Conf),W 81-62,*,36,6,12,.500,5,10,.500,1,2,.500,.708,0,0,,2,2,4,1,3,0,4,0,17,12.7,Jenna Dick,https://www.sports-reference.com/cbb/players/jenna-dick-1.html,eastern-washington,2019-20
7,7,7,2019-12-15,Eastern Washington,,Boise State,REG (Non-Conf),L 61-63,*,32,6,10,.600,3,7,.429,3,3,1.000,.750,0,0,,0,3,3,3,2,0,3,2,15,11.6,Jenna Dick,https://www.sports-reference.com/cbb/players/jenna-dick-1.html,eastern-washington,2019-20
8,8,8,2019-12-20,Eastern Washington,@,Kansas City,REG (Non-Conf),L 55-66,*,36,3,5,.600,3,5,.600,0,0,,.900,1,2,.500,1,2,3,1,0,0,3,1,10,5.9,Jenna Dick,https://www.sports-reference.com/cbb/players/jenna-dick-1.html,eastern-washington,2019-20
9,9,9,2019-12-21,Eastern Washington,,Bradley,REG (Non-Conf),L 46-66,*,35,2,6,.333,2,4,.500,0,2,.000,.500,4,4,1.000,2,2,4,1,2,0,3,1,10,7.9,Jenna Dick,https://www.sports-reference.com/cbb/players/jenna-dick-1.html,eastern-washington,2019-20
10,10,10,2019-12-28,Eastern Washington,,Weber State,REG (Conf),W 63-53,*,34,2,10,.200,1,6,.167,1,4,.250,.250,0,0,,1,1,2,4,1,0,4,1,5,-0.8,Jenna Dick,https://www.sports-reference.com/cbb/players/jenna-dick-1.html,eastern-washington,2019-20
11,11,11,2019-12-30,Eastern Washington,,Idaho State,REG (Conf),L 47-67,*,37,1,6,.167,1,2,.500,0,4,.000,.250,0,0,,0,0,0,3,2,0,2,1,3,0.9,Jenna Dick,https://www.sports-reference.com/cbb/players/jenna-dick-1.html,eastern-washington,2019-20
12,12,12,2020-01-04,Eastern Washington,@,Portland State,REG (Conf),L 58-75,*,37,4,11,.364,3,10,.300,1,1,1.000,.500,0,0,,2,0,2,4,1,0,2,1,11,7.7,Jenna Dick,https://www.sports-reference.com/cbb/players/jenna-dick-1.html,eastern-washington,2019-20
13,13,13,2020-01-09,Eastern Washington,@,Montana,REG (Conf),L 54-92,*,40,5,12,.417,5,9,.556,0,3,.000,.625,3,4,.750,0,2,2,3,1,0,2,0,18,12.9,Jenna Dick,https://www.sports-reference.com/cbb/players/jenna-dick-1.html,eastern-washington,2019-20
14,14,14,2020-01-16,Eastern Washington,@,Idaho,REG (Conf),L 60-69,,18,2,5,.400,0,3,.000,2,2,1.000,.400,0,0,,0,2,2,1,1,0,1,0,4,2.6,Jenna Dick,https://www.sports-reference.com/cbb/players/jenna-dick-1.html,eastern-washington,2019-20
15,15,15,2020-01-18,Eastern Washington,,Montana State,REG (Conf),L 85-89 (2OT),,39,7,9,.778,5,6,.833,2,3,.667,1.056,2,2,1.000,0,1,1,2,1,0,2,0,21,18.2,Jenna Dick,https://www.sports-reference.com/cbb/players/jenna-dick-1.html,eastern-washington,2019-20
16,16,16,2020-01-25,Eastern Washington,@,Southern Utah,REG (Conf),L 50-71,,29,3,7,.429,1,3,.333,2,4,.500,.500,2,2,1.000,0,1,1,1,1,0,4,1,9,2.9,Jenna Dick,https://www.sports-reference.com/cbb/players/jenna-dick-1.html,eastern-washington,2019-20
17,17,17,2020-01-27,Eastern Washington,@,Northern Colorado,REG (Conf),L 42-63,,27,3,7,.429,2,3,.667,1,4,.250,.571,0,0,,0,1,1,1,2,0,1,0,8,6.3,Jenna Dick,https://www.sports-reference.com/cbb/players/jenna-dick-1.html,eastern-washington,2019-20
18,18,18,2020-02-01,Eastern Washington,,Sacramento State,REG (Conf),L 67-74,*,40,9,16,.563,8,14,.571,1,2,.500,.813,2,2,1.000,0,1,1,4,1,0,3,0,28,21.5,Jenna Dick,https://www.sports-reference.com/cbb/players/jenna-dick-1.html,eastern-washington,2019-20
19,19,19,2020-02-03,Eastern Washington,,Northern Arizona,REG (Conf),L 62-70,*,38,5,13,.385,4,11,.364,1,2,.500,.538,2,2,1.000,0,0,0,1,1,0,1,1,16,9.2,Jenna Dick,https://www.sports-reference.com/cbb/players/jenna-dick-1.html,eastern-washington,2019-20
20,20,20,2020-02-06,Eastern Washington,,Montana,REG (Conf),L 56-77,*,36,3,11,.273,2,6,.333,1,5,.200,.364,2,2,1.000,0,2,2,4,1,0,3,2,10,4.1,Jenna Dick,https://www.sports-reference.com/cbb/players/jenna-dick-1.html,eastern-washington,2019-20
21,21,21,2020-02-08,Eastern Washington,@,Montana State,REG (Conf),L 47-79,*,32,2,4,.500,0,1,.000,2,3,.667,.500,0,0,,0,2,2,1,0,0,3,5,4,-1.7,Jenna Dick,https://www.sports-reference.com/cbb/players/jenna-dick-1.html,eastern-washington,2019-20
22,22,22,2020-02-13,Eastern Washington,,Idaho,REG (Conf),L 46-75,*,33,5,7,.714,2,2,1.000,3,5,.600,.857,0,0,,0,2,2,1,1,0,2,1,12,9.0,Jenna Dick,https://www.sports-reference.com/cbb/players/jenna-dick-1.html,eastern-washington,2019-20
23,23,23,2020-02-15,Eastern Washington,,Portland State,REG (Conf),W 79-75,*,40,6,10,.600,6,8,.750,0,2,.000,.900,1,2,.500,0,0,0,3,0,0,4,3,19,10.9,Jenna Dick,https://www.sports-reference.com/cbb/players/jenna-dick-1.html,eastern-washington,2019-20
24,24,24,2020-02-20,Eastern Washington,@,Sacramento State,REG (Conf),W 78-73,*,35,5,8,.625,5,6,.833,0,2,.000,.938,1,2,.500,0,2,2,1,0,0,2,1,16,10.9,Jenna Dick,https://www.sports-reference.com/cbb/players/jenna-dick-1.html,eastern-washington,2019-20
25,25,25,2020-02-22,Eastern Washington,@,Northern Arizona,REG (Conf),L 58-63,*,35,1,6,.167,0,5,.000,1,1,1.000,.167,2,2,1.000,0,3,3,1,1,0,1,3,4,0.6,Jenna Dick,https://www.sports-reference.com/cbb/players/jenna-dick-1.html,eastern-washington,2019-20
26,26,26,2020-02-27,Eastern Washington,,Southern Utah,REG (Conf),L 67-70,*,33,0,5,.000,0,5,.000,0,0,,.000,2,2,1.000,0,0,0,4,3,0,3,2,2,0.5,Jenna Dick,https://www.sports-reference.com/cbb/players/jenna-dick-1.html,eastern-washington,2019-20
27,27,27,2020-02-29,Eastern Washington,,Northern Colorado,REG (Conf),L 61-67,*,38,4,9,.444,3,6,.500,1,3,.333,.611,0,0,,0,2,2,2,1,0,1,3,11,7.1,Jenna Dick,https://www.sports-reference.com/cbb/players/jenna-dick-1.html,eastern-washington,2019-20
28,28,28,2020-03-04,Eastern Washington,@,Idaho State,REG (Conf),L 49-77,*,29,1,4,.250,1,3,.333,0,1,.000,.375,0,0,,0,0,0,2,0,0,0,1,3,1.6,Jenna Dick,https://www.sports-reference.com/cbb/players/jenna-dick-1.html,eastern-washington,2019-20
29,29,29,2020-03-06,Eastern Washington,@,Weber State,REG (Conf),L 77-83 (OT),*,25,1,3,.333,1,3,.333,0,0,,.500,0,0,,1,2,3,4,2,0,3,0,3,4.4,Jenna Dick,https://www.sports-reference.com/cbb/players/jenna-dick-1.html,eastern-washington,2019-20
30,30,30,2020-03-09,Eastern Washington,@,Portland State,CTOURN,L 70-83,*,35,4,8,.500,4,7,.571,0,1,.000,.750,0,0,,0,2,2,2,1,1,0,2,12,10.9,Jenna Dick,https://www.sports-reference.com/cbb/players/jenna-dick-1.html,eastern-washington,2019-20
