ranker,player_game_num_career,team_game_num_season,date,team_name_abbr,game_location,opp_name_abbr,game_type,game_result,is_starter,mp,fg,fga,fg_pct,fg3,fg3a,fg3_pct,fg2,fg2a,fg2_pct,efg_pct,ft,fta,ft_pct,orb,drb,trb,ast,stl,blk,tov,pf,pts,game_score,player_name,player_sr_link,school,season
1,28,1,2019-11-05,Eastern Washington,@,Stanford,REG (Non-Conf),L 27-92,*,31,1,8,.125,1,5,.200,0,3,.000,.188,0,0,,1,3,4,1,0,0,1,2,3,-1.7,Jessica McDowell-White,https://www.sports-reference.com/cbb/players/jessica-mcdowell-white-1.html,eastern-washington,2019-20
2,29,2,2019-11-08,Eastern Washington,@,San Jose State,REG (Non-Conf),L 66-84,*,36,6,11,.545,4,9,.444,2,2,1.000,.727,0,0,,3,6,9,4,2,1,2,1,16,17.7,Jessica McDowell-White,https://www.sports-reference.com/cbb/players/jessica-mcdowell-white-1.html,eastern-washington,2019-20
3,30,3,2019-11-18,Eastern Washington,@,Utah,REG (Non-Conf),L 49-87,*,27,2,10,.200,2,7,.286,0,3,.000,.300,1,2,.500,1,1,2,5,1,0,3,1,7,2.5,Jessica McDowell-White,https://www.sports-reference.com/cbb/players/jessica-mcdowell-white-1.html,eastern-washington,2019-20
4,31,4,2019-11-22,Eastern Washington,@,Gonzaga,REG (Non-Conf),L 44-84,*,29,1,10,.100,1,6,.167,0,4,.000,.150,0,0,,0,3,3,4,2,0,4,1,3,-2.3,Jessica McDowell-White,https://www.sports-reference.com/cbb/players/jessica-mcdowell-white-1.html,eastern-washington,2019-20
5,32,5,2019-12-01,Eastern Washington,,Pepperdine,REG (Non-Conf),L 52-53,*,35,2,12,.167,2,7,.286,0,5,.000,.250,0,0,,1,8,9,3,3,1,5,1,6,1.9,Jessica McDowell-White,https://www.sports-reference.com/cbb/players/jessica-mcdowell-white-1.html,eastern-washington,2019-20
6,33,6,2019-12-08,Eastern Washington,,Bushnell,REG (Non-Conf),W 81-62,*,37,5,9,.556,3,5,.600,2,4,.500,.722,0,0,,0,5,5,12,3,0,4,1,13,17.2,Jessica McDowell-White,https://www.sports-reference.com/cbb/players/jessica-mcdowell-white-1.html,eastern-washington,2019-20
7,34,7,2019-12-15,Eastern Washington,,Boise State,REG (Non-Conf),L 61-63,*,36,2,13,.154,1,10,.100,1,3,.333,.192,2,2,1.000,1,2,3,5,1,0,3,4,7,-0.1,Jessica McDowell-White,https://www.sports-reference.com/cbb/players/jessica-mcdowell-white-1.html,eastern-washington,2019-20
8,35,8,2019-12-20,Eastern Washington,@,Kansas City,REG (Non-Conf),L 55-66,*,37,4,13,.308,3,11,.273,1,2,.500,.423,0,0,,1,2,3,5,1,1,3,1,11,6.6,Jessica McDowell-White,https://www.sports-reference.com/cbb/players/jessica-mcdowell-white-1.html,eastern-washington,2019-20
9,36,9,2019-12-21,Eastern Washington,,Bradley,REG (Non-Conf),L 46-66,*,35,4,8,.500,2,3,.667,2,5,.400,.625,0,0,,1,3,4,2,0,1,3,2,10,5.9,Jessica McDowell-White,https://www.sports-reference.com/cbb/players/jessica-mcdowell-white-1.html,eastern-washington,2019-20
10,37,10,2019-12-28,Eastern Washington,,Weber State,REG (Conf),W 63-53,*,34,6,13,.462,3,6,.500,3,7,.429,.577,4,6,.667,0,4,4,3,1,1,3,2,19,12.7,Jessica McDowell-White,https://www.sports-reference.com/cbb/players/jessica-mcdowell-white-1.html,eastern-washington,2019-20
11,38,11,2019-12-30,Eastern Washington,,Idaho State,REG (Conf),L 47-67,*,33,1,7,.143,1,4,.250,0,3,.000,.214,0,0,,0,3,3,4,2,0,2,2,3,1.4,Jessica McDowell-White,https://www.sports-reference.com/cbb/players/jessica-mcdowell-white-1.html,eastern-washington,2019-20
12,39,12,2020-01-04,Eastern Washington,@,Portland State,REG (Conf),L 58-75,*,36,1,10,.100,1,6,.167,0,4,.000,.150,0,0,,3,3,6,5,0,0,1,0,3,1.9,Jessica McDowell-White,https://www.sports-reference.com/cbb/players/jessica-mcdowell-white-1.html,eastern-washington,2019-20
13,40,14,2020-01-16,Eastern Washington,@,Idaho,REG (Conf),L 60-69,*,30,1,7,.143,1,4,.250,0,3,.000,.214,0,0,,0,1,1,6,3,0,3,3,3,1.8,Jessica McDowell-White,https://www.sports-reference.com/cbb/players/jessica-mcdowell-white-1.html,eastern-washington,2019-20
14,41,15,2020-01-18,Eastern Washington,,Montana State,REG (Conf),L 85-89 (2OT),*,47,7,20,.350,4,12,.333,3,8,.375,.450,0,0,,0,6,6,12,1,0,2,2,18,15.2,Jessica McDowell-White,https://www.sports-reference.com/cbb/players/jessica-mcdowell-white-1.html,eastern-washington,2019-20
15,42,16,2020-01-25,Eastern Washington,@,Southern Utah,REG (Conf),L 50-71,*,30,2,5,.400,2,3,.667,0,2,.000,.600,0,0,,0,2,2,2,1,0,3,2,6,2.5,Jessica McDowell-White,https://www.sports-reference.com/cbb/players/jessica-mcdowell-white-1.html,eastern-washington,2019-20
16,43,17,2020-01-27,Eastern Washington,@,Northern Colorado,REG (Conf),L 42-63,*,35,4,8,.500,3,5,.600,1,3,.333,.688,0,0,,1,3,4,4,1,0,2,0,11,10.4,Jessica McDowell-White,https://www.sports-reference.com/cbb/players/jessica-mcdowell-white-1.html,eastern-washington,2019-20
17,44,18,2020-02-01,Eastern Washington,,Sacramento State,REG (Conf),L 67-74,*,38,0,7,.000,0,6,.000,0,1,.000,.000,0,0,,0,6,6,11,2,0,3,1,0,3.2,Jessica McDowell-White,https://www.sports-reference.com/cbb/players/jessica-mcdowell-white-1.html,eastern-washington,2019-20
18,45,19,2020-02-03,Eastern Washington,,Northern Arizona,REG (Conf),L 62-70,*,37,4,7,.571,1,1,1.000,3,6,.500,.643,0,0,,0,4,4,4,1,1,5,1,9,6.0,Jessica McDowell-White,https://www.sports-reference.com/cbb/players/jessica-mcdowell-white-1.html,eastern-washington,2019-20
19,46,20,2020-02-06,Eastern Washington,,Montana,REG (Conf),L 56-77,*,32,1,4,.250,1,4,.250,0,0,,.375,0,0,,0,1,1,7,0,1,1,1,3,5.1,Jessica McDowell-White,https://www.sports-reference.com/cbb/players/jessica-mcdowell-white-1.html,eastern-washington,2019-20
20,47,21,2020-02-08,Eastern Washington,@,Montana State,REG (Conf),L 47-79,*,31,2,6,.333,0,2,.000,2,4,.500,.333,0,0,,0,3,3,3,0,0,4,1,4,-0.8,Jessica McDowell-White,https://www.sports-reference.com/cbb/players/jessica-mcdowell-white-1.html,eastern-washington,2019-20
21,48,22,2020-02-13,Eastern Washington,,Idaho,REG (Conf),L 46-75,*,35,4,12,.333,0,2,.000,4,10,.400,.333,0,0,,0,3,3,6,0,1,5,0,8,2.0,Jessica McDowell-White,https://www.sports-reference.com/cbb/players/jessica-mcdowell-white-1.html,eastern-washington,2019-20
22,49,23,2020-02-15,Eastern Washington,,Portland State,REG (Conf),W 79-75,*,40,6,10,.600,3,5,.600,3,5,.600,.750,2,2,1.000,0,4,4,13,1,0,1,1,17,22.3,Jessica McDowell-White,https://www.sports-reference.com/cbb/players/jessica-mcdowell-white-1.html,eastern-washington,2019-20
23,50,24,2020-02-20,Eastern Washington,@,Sacramento State,REG (Conf),W 78-73,*,39,1,9,.111,1,7,.143,0,2,.000,.167,2,2,1.000,1,2,3,6,3,0,3,0,5,4.6,Jessica McDowell-White,https://www.sports-reference.com/cbb/players/jessica-mcdowell-white-1.html,eastern-washington,2019-20
24,51,25,2020-02-22,Eastern Washington,@,Northern Arizona,REG (Conf),L 58-63,*,37,4,9,.444,2,5,.400,2,4,.500,.556,0,0,,1,2,3,2,2,0,2,1,10,7.6,Jessica McDowell-White,https://www.sports-reference.com/cbb/players/jessica-mcdowell-white-1.html,eastern-washington,2019-20
25,52,26,2020-02-27,Eastern Washington,,Southern Utah,REG (Conf),L 67-70,*,38,4,12,.333,3,6,.500,1,6,.167,.458,0,0,,1,1,2,10,3,1,3,4,11,11.3,Jessica McDowell-White,https://www.sports-reference.com/cbb/players/jessica-mcdowell-white-1.html,eastern-washington,2019-20
26,53,27,2020-02-29,Eastern Washington,,Northern Colorado,REG (Conf),L 61-67,*,40,7,14,.500,3,4,.750,4,10,.400,.607,0,0,,0,5,5,4,0,0,5,4,17,7.7,Jessica McDowell-White,https://www.sports-reference.com/cbb/players/jessica-mcdowell-white-1.html,eastern-washington,2019-20
27,54,28,2020-03-04,Eastern Washington,@,Idaho State,REG (Conf),L 49-77,*,32,2,4,.500,1,3,.333,1,1,1.000,.625,0,0,,0,3,3,4,1,0,4,1,5,3.3,Jessica McDowell-White,https://www.sports-reference.com/cbb/players/jessica-mcdowell-white-1.html,eastern-washington,2019-20
28,55,29,2020-03-06,Eastern Washington,@,Weber State,REG (Conf),L 77-83 (OT),*,45,8,15,.533,6,10,.600,2,5,.400,.733,0,0,,0,1,1,4,5,0,5,1,22,17.4,Jessica McDowell-White,https://www.sports-reference.com/cbb/players/jessica-mcdowell-white-1.html,eastern-washington,2019-20
29,56,30,2020-03-09,Eastern Washington,@,Portland State,CTOURN,L 70-83,*,40,1,7,.143,0,5,.000,1,2,.500,.143,0,0,,0,3,3,6,0,0,1,2,2,0.8,Jessica McDowell-White,https://www.sports-reference.com/cbb/players/jessica-mcdowell-white-1.html,eastern-washington,2019-20
