ranker,player_game_num_career,team_game_num_season,date,team_name_abbr,game_location,opp_name_abbr,game_type,game_result,is_starter,mp,fg,fga,fg_pct,fg3,fg3a,fg3_pct,fg2,fg2a,fg2_pct,efg_pct,ft,fta,ft_pct,orb,drb,trb,ast,stl,blk,tov,pf,pts,game_score,player_name,player_sr_link,school,season
1,8,1,2019-11-05,Eastern Washington,@,Stanford,REG (Non-Conf),L 27-92,*,26,1,4,.250,0,0,,1,4,.250,.250,0,0,,1,3,4,0,0,0,1,1,2,-0.2,Milly Knowles,https://www.sports-reference.com/cbb/players/milly-knowles-1.html,eastern-washington,2019-20
2,9,2,2019-11-08,Eastern Washington,@,San Jose State,REG (Non-Conf),L 66-84,*,19,2,3,.667,0,0,,2,3,.667,.667,0,0,,0,1,1,2,0,0,1,2,4,2.6,Milly Knowles,https://www.sports-reference.com/cbb/players/milly-knowles-1.html,eastern-washington,2019-20
3,10,3,2019-11-18,Eastern Washington,@,Utah,REG (Non-Conf),L 49-87,,16,2,2,1.000,0,0,,2,2,1.000,1.000,0,0,,0,1,1,0,1,1,1,1,4,4.0,Milly Knowles,https://www.sports-reference.com/cbb/players/milly-knowles-1.html,eastern-washington,2019-20
4,11,4,2019-11-22,Eastern Washington,@,Gonzaga,REG (Non-Conf),L 44-84,*,9,0,0,,0,0,,0,0,,,0,0,,1,1,2,0,0,0,2,3,0,-2.2,Milly Knowles,https://www.sports-reference.com/cbb/players/milly-knowles-1.html,eastern-washington,2019-20
5,12,5,2019-12-01,Eastern Washington,,Pepperdine,REG (Non-Conf),L 52-53,,10,0,0,,0,0,,0,0,,,0,0,,0,2,2,0,0,0,0,0,0,0.6,Milly Knowles,https://www.sports-reference.com/cbb/players/milly-knowles-1.html,eastern-washington,2019-20
6,13,6,2019-12-08,Eastern Washington,,Bushnell,REG (Non-Conf),W 81-62,,21,2,5,.400,0,0,,2,5,.400,.400,0,0,,2,3,5,0,0,0,1,2,4,1.8,Milly Knowles,https://www.sports-reference.com/cbb/players/milly-knowles-1.html,eastern-washington,2019-20
7,14,7,2019-12-15,Eastern Washington,,Boise State,REG (Non-Conf),L 61-63,,18,0,1,.000,0,0,,0,1,.000,.000,0,0,,1,3,4,1,1,0,1,0,0,1.6,Milly Knowles,https://www.sports-reference.com/cbb/players/milly-knowles-1.html,eastern-washington,2019-20
8,15,8,2019-12-20,Eastern Washington,@,Kansas City,REG (Non-Conf),L 55-66,*,22,1,4,.250,0,0,,1,4,.250,.250,0,0,,0,5,5,0,1,0,0,1,2,1.7,Milly Knowles,https://www.sports-reference.com/cbb/players/milly-knowles-1.html,eastern-washington,2019-20
9,16,9,2019-12-21,Eastern Washington,,Bradley,REG (Non-Conf),L 46-66,,13,0,3,.000,0,1,.000,0,2,.000,.000,0,0,,2,1,3,1,0,0,1,1,0,-1.1,Milly Knowles,https://www.sports-reference.com/cbb/players/milly-knowles-1.html,eastern-washington,2019-20
10,17,10,2019-12-28,Eastern Washington,,Weber State,REG (Conf),W 63-53,,28,1,4,.250,0,0,,1,4,.250,.250,0,0,,1,6,7,1,3,1,0,3,2,5.3,Milly Knowles,https://www.sports-reference.com/cbb/players/milly-knowles-1.html,eastern-washington,2019-20
11,18,19,2020-02-03,Eastern Washington,,Northern Arizona,REG (Conf),L 62-70,,2,0,0,,0,0,,0,0,,,0,0,,0,0,0,0,0,0,0,0,0,0.0,Milly Knowles,https://www.sports-reference.com/cbb/players/milly-knowles-1.html,eastern-washington,2019-20
12,19,20,2020-02-06,Eastern Washington,,Montana,REG (Conf),L 56-77,,12,1,2,.500,0,0,,1,2,.500,.500,0,0,,1,2,3,0,0,0,0,0,2,2.3,Milly Knowles,https://www.sports-reference.com/cbb/players/milly-knowles-1.html,eastern-washington,2019-20
13,20,21,2020-02-08,Eastern Washington,@,Montana State,REG (Conf),L 47-79,,7,0,1,.000,0,0,,0,1,.000,.000,2,2,1.000,0,0,0,0,0,0,0,2,2,0.5,Milly Knowles,https://www.sports-reference.com/cbb/players/milly-knowles-1.html,eastern-washington,2019-20
14,21,22,2020-02-13,Eastern Washington,,Idaho,REG (Conf),L 46-75,,11,0,2,.000,0,0,,0,2,.000,.000,0,0,,1,0,1,0,0,0,1,1,0,-2.1,Milly Knowles,https://www.sports-reference.com/cbb/players/milly-knowles-1.html,eastern-washington,2019-20
15,22,23,2020-02-15,Eastern Washington,,Portland State,REG (Conf),W 79-75,,6,1,1,1.000,0,0,,1,1,1.000,1.000,0,0,,0,0,0,0,0,0,1,1,2,0.3,Milly Knowles,https://www.sports-reference.com/cbb/players/milly-knowles-1.html,eastern-washington,2019-20
16,23,24,2020-02-20,Eastern Washington,@,Sacramento State,REG (Conf),W 78-73,,3,0,0,,0,0,,0,0,,,0,0,,1,1,2,0,0,1,2,1,0,-0.7,Milly Knowles,https://www.sports-reference.com/cbb/players/milly-knowles-1.html,eastern-washington,2019-20
17,24,25,2020-02-22,Eastern Washington,@,Northern Arizona,REG (Conf),L 58-63,,17,2,3,.667,0,0,,2,3,.667,.667,0,0,,0,2,2,1,0,0,0,1,4,3.6,Milly Knowles,https://www.sports-reference.com/cbb/players/milly-knowles-1.html,eastern-washington,2019-20
18,25,26,2020-02-27,Eastern Washington,,Southern Utah,REG (Conf),L 67-70,,4,0,0,,0,0,,0,0,,,0,0,,1,1,2,0,0,0,1,0,0,0.0,Milly Knowles,https://www.sports-reference.com/cbb/players/milly-knowles-1.html,eastern-washington,2019-20
19,26,27,2020-02-29,Eastern Washington,,Northern Colorado,REG (Conf),L 61-67,,13,2,2,1.000,0,0,,2,2,1.000,1.000,0,0,,0,3,3,1,0,0,1,1,4,3.6,Milly Knowles,https://www.sports-reference.com/cbb/players/milly-knowles-1.html,eastern-washington,2019-20
20,27,28,2020-03-04,Eastern Washington,@,Idaho State,REG (Conf),L 49-77,,17,3,7,.429,0,0,,3,7,.429,.429,2,2,1.000,1,1,2,2,0,0,1,3,8,4.5,Milly Knowles,https://www.sports-reference.com/cbb/players/milly-knowles-1.html,eastern-washington,2019-20
21,28,29,2020-03-06,Eastern Washington,@,Weber State,REG (Conf),L 77-83 (OT),,16,0,4,.000,0,0,,0,4,.000,.000,0,0,,2,1,3,1,0,0,1,1,0,-1.8,Milly Knowles,https://www.sports-reference.com/cbb/players/milly-knowles-1.html,eastern-washington,2019-20
22,29,30,2020-03-09,Eastern Washington,@,Portland State,CTOURN,L 70-83,,4,0,0,,0,0,,0,0,,,0,0,,0,0,0,0,1,0,0,0,0,1.0,Milly Knowles,https://www.sports-reference.com/cbb/players/milly-knowles-1.html,eastern-washington,2019-20
