ranker,player_game_num_career,team_game_num_season,date,team_name_abbr,game_location,opp_name_abbr,game_type,game_result,is_starter,mp,fg,fga,fg_pct,fg3,fg3a,fg3_pct,fg2,fg2a,fg2_pct,efg_pct,ft,fta,ft_pct,orb,drb,trb,ast,stl,blk,tov,pf,pts,game_score,player_name,player_sr_link,school,season
1,1,1,2019-11-05,Eastern Washington,@,Stanford,REG (Non-Conf),L 27-92,,7,2,4,.500,1,3,.333,1,1,1.000,.625,0,0,,0,0,0,0,0,0,2,0,5,1.0,Tatiana Reese,https://www.sports-reference.com/cbb/players/tatiana-reese-1.html,eastern-washington,2019-20
2,2,2,2019-11-08,Eastern Washington,@,San Jose State,REG (Non-Conf),L 66-84,,3,0,1,.000,0,1,.000,0,0,,.000,0,0,,0,0,0,1,0,0,0,2,0,-0.8,Tatiana Reese,https://www.sports-reference.com/cbb/players/tatiana-reese-1.html,eastern-washington,2019-20
3,3,3,2019-11-18,Eastern Washington,@,Utah,REG (Non-Conf),L 49-87,,8,0,3,.000,0,0,,0,3,.000,.000,0,0,,0,0,0,0,1,0,0,0,0,-1.1,Tatiana Reese,https://www.sports-reference.com/cbb/players/tatiana-reese-1.html,eastern-washington,2019-20
4,4,4,2019-11-22,Eastern Washington,@,Gonzaga,REG (Non-Conf),L 44-84,,1,0,0,,0,0,,0,0,,,0,0,,0,0,0,1,0,0,0,0,0,0.7,Tatiana Reese,https://www.sports-reference.com/cbb/players/tatiana-reese-1.html,eastern-washington,2019-20
5,5,6,2019-12-08,Eastern Washington,,Bushnell,REG (Non-Conf),W 81-62,,5,0,2,.000,0,0,,0,2,.000,.000,0,0,,0,0,0,0,0,0,1,0,0,-2.4,Tatiana Reese,https://www.sports-reference.com/cbb/players/tatiana-reese-1.html,eastern-washington,2019-20
6,6,9,2019-12-21,Eastern Washington,,Bradley,REG (Non-Conf),L 46-66,,10,0,2,.000,0,1,.000,0,1,.000,.000,0,0,,0,0,0,2,0,0,0,0,0,0.0,Tatiana Reese,https://www.sports-reference.com/cbb/players/tatiana-reese-1.html,eastern-washington,2019-20
7,7,10,2019-12-28,Eastern Washington,,Weber State,REG (Conf),W 63-53,,11,1,1,1.000,1,1,1.000,0,0,,1.500,0,0,,0,0,0,2,1,0,2,0,3,3.1,Tatiana Reese,https://www.sports-reference.com/cbb/players/tatiana-reese-1.html,eastern-washington,2019-20
8,8,11,2019-12-30,Eastern Washington,,Idaho State,REG (Conf),L 47-67,,17,1,2,.500,0,0,,1,2,.500,.500,2,2,1.000,1,2,3,1,1,0,4,4,4,0.4,Tatiana Reese,https://www.sports-reference.com/cbb/players/tatiana-reese-1.html,eastern-washington,2019-20
9,9,12,2020-01-04,Eastern Washington,@,Portland State,REG (Conf),L 58-75,,15,2,5,.400,1,3,.333,1,2,.500,.500,0,0,,0,3,3,2,1,0,0,1,5,5.2,Tatiana Reese,https://www.sports-reference.com/cbb/players/tatiana-reese-1.html,eastern-washington,2019-20
10,10,13,2020-01-09,Eastern Washington,@,Montana,REG (Conf),L 54-92,,19,2,5,.400,1,2,.500,1,3,.333,.500,0,0,,0,1,1,2,1,0,3,2,5,1.2,Tatiana Reese,https://www.sports-reference.com/cbb/players/tatiana-reese-1.html,eastern-washington,2019-20
11,11,16,2020-01-25,Eastern Washington,@,Southern Utah,REG (Conf),L 50-71,,2,0,0,,0,0,,0,0,,,0,0,,0,0,0,0,0,0,0,0,0,0.0,Tatiana Reese,https://www.sports-reference.com/cbb/players/tatiana-reese-1.html,eastern-washington,2019-20
12,12,18,2020-02-01,Eastern Washington,,Sacramento State,REG (Conf),L 67-74,,8,0,1,.000,0,1,.000,0,0,,.000,0,0,,0,1,1,3,0,0,0,0,0,1.7,Tatiana Reese,https://www.sports-reference.com/cbb/players/tatiana-reese-1.html,eastern-washington,2019-20
13,13,19,2020-02-03,Eastern Washington,,Northern Arizona,REG (Conf),L 62-70,,5,0,1,.000,0,1,.000,0,0,,.000,0,0,,0,0,0,3,0,0,0,0,0,1.4,Tatiana Reese,https://www.sports-reference.com/cbb/players/tatiana-reese-1.html,eastern-washington,2019-20
14,14,20,2020-02-06,Eastern Washington,,Montana,REG (Conf),L 56-77,,12,2,3,.667,1,2,.500,1,1,1.000,.833,1,1,1.000,0,2,2,0,0,0,1,0,6,4.3,Tatiana Reese,https://www.sports-reference.com/cbb/players/tatiana-reese-1.html,eastern-washington,2019-20
15,15,21,2020-02-08,Eastern Washington,@,Montana State,REG (Conf),L 47-79,,15,0,5,.000,0,1,.000,0,4,.000,.000,1,2,.500,0,0,0,2,0,0,2,0,1,-3.5,Tatiana Reese,https://www.sports-reference.com/cbb/players/tatiana-reese-1.html,eastern-washington,2019-20
16,16,22,2020-02-13,Eastern Washington,,Idaho,REG (Conf),L 46-75,,8,0,2,.000,0,1,.000,0,1,.000,.000,0,2,.000,1,0,1,0,0,0,1,1,0,-2.9,Tatiana Reese,https://www.sports-reference.com/cbb/players/tatiana-reese-1.html,eastern-washington,2019-20
17,17,24,2020-02-20,Eastern Washington,@,Sacramento State,REG (Conf),W 78-73,,14,2,5,.400,0,2,.000,2,3,.667,.400,4,5,.800,1,2,3,2,1,0,1,0,8,7.6,Tatiana Reese,https://www.sports-reference.com/cbb/players/tatiana-reese-1.html,eastern-washington,2019-20
18,18,25,2020-02-22,Eastern Washington,@,Northern Arizona,REG (Conf),L 58-63,,10,1,3,.333,0,0,,1,3,.333,.333,0,0,,0,1,1,0,1,0,0,1,2,1.2,Tatiana Reese,https://www.sports-reference.com/cbb/players/tatiana-reese-1.html,eastern-washington,2019-20
19,19,26,2020-02-27,Eastern Washington,,Southern Utah,REG (Conf),L 67-70,,6,0,1,.000,0,1,.000,0,0,,.000,2,2,1.000,0,0,0,0,0,0,0,0,2,1.3,Tatiana Reese,https://www.sports-reference.com/cbb/players/tatiana-reese-1.html,eastern-washington,2019-20
20,20,27,2020-02-29,Eastern Washington,,Northern Colorado,REG (Conf),L 61-67,,7,1,3,.333,1,2,.500,0,1,.000,.500,0,0,,0,1,1,0,0,0,0,0,3,1.6,Tatiana Reese,https://www.sports-reference.com/cbb/players/tatiana-reese-1.html,eastern-washington,2019-20
21,21,28,2020-03-04,Eastern Washington,@,Idaho State,REG (Conf),L 49-77,,22,3,7,.429,1,2,.500,2,5,.400,.500,0,0,,0,1,1,3,0,0,2,2,7,2.9,Tatiana Reese,https://www.sports-reference.com/cbb/players/tatiana-reese-1.html,eastern-washington,2019-20
22,22,29,2020-03-06,Eastern Washington,@,Weber State,REG (Conf),L 77-83 (OT),,23,2,7,.286,0,2,.000,2,5,.400,.286,1,2,.500,2,1,3,1,0,0,2,4,5,-0.7,Tatiana Reese,https://www.sports-reference.com/cbb/players/tatiana-reese-1.html,eastern-washington,2019-20
23,23,30,2020-03-09,Eastern Washington,@,Portland State,CTOURN,L 70-83,,5,1,3,.333,1,2,.500,0,1,.000,.500,0,0,,0,0,0,0,0,0,1,1,3,-0.1,Tatiana Reese,https://www.sports-reference.com/cbb/players/tatiana-reese-1.html,eastern-washington,2019-20
