ranker,player_game_num_career,team_game_num_season,date,team_name_abbr,game_location,opp_name_abbr,game_type,game_result,is_starter,mp,fg,fga,fg_pct,fg3,fg3a,fg3_pct,fg2,fg2a,fg2_pct,efg_pct,ft,fta,orb,drb,trb,ast,stl,blk,tov,pf,pts,game_score,player_name,player_sr_link,school,season
1,1,4,2019-11-22,Eastern Washington,@,Gonzaga,REG (Non-Conf),L 44-84,,1,0,0,,0,0,,0,0,,,0,0,0,0,0,0,0,0,0,0,0,0.0,Trinity Golder,https://www.sports-reference.com/cbb/players/trinity-golder-1.html,eastern-washington,2019-20
2,2,6,2019-12-08,Eastern Washington,,Bushnell,REG (Non-Conf),W 81-62,,1,0,0,,0,0,,0,0,,,0,0,0,0,0,0,0,1,0,0,0,0.7,Trinity Golder,https://www.sports-reference.com/cbb/players/trinity-golder-1.html,eastern-washington,2019-20
3,3,9,2019-12-21,Eastern Washington,,Bradley,REG (Non-Conf),L 46-66,,1,0,2,.000,0,2,.000,0,0,,.000,0,0,0,0,0,0,1,0,0,0,0,-0.4,Trinity Golder,https://www.sports-reference.com/cbb/players/trinity-golder-1.html,eastern-washington,2019-20
4,4,11,2019-12-30,Eastern Washington,,Idaho State,REG (Conf),L 47-67,,3,0,2,.000,0,2,.000,0,0,,.000,0,0,0,0,0,0,0,0,1,0,0,-2.4,Trinity Golder,https://www.sports-reference.com/cbb/players/trinity-golder-1.html,eastern-washington,2019-20
5,5,12,2020-01-04,Eastern Washington,@,Portland State,REG (Conf),L 58-75,,5,0,2,.000,0,2,.000,0,0,,.000,0,0,0,0,0,1,0,0,0,1,0,-1.1,Trinity Golder,https://www.sports-reference.com/cbb/players/trinity-golder-1.html,eastern-washington,2019-20
6,6,13,2020-01-09,Eastern Washington,@,Montana,REG (Conf),L 54-92,,3,1,2,.500,1,2,.500,0,0,,.750,0,0,0,0,0,0,0,0,0,0,3,2.0,Trinity Golder,https://www.sports-reference.com/cbb/players/trinity-golder-1.html,eastern-washington,2019-20
7,7,16,2020-01-25,Eastern Washington,@,Southern Utah,REG (Conf),L 50-71,,2,0,0,,0,0,,0,0,,,0,0,0,1,1,0,0,0,0,0,0,0.3,Trinity Golder,https://www.sports-reference.com/cbb/players/trinity-golder-1.html,eastern-washington,2019-20
8,8,18,2020-02-01,Eastern Washington,,Sacramento State,REG (Conf),L 67-74,,1,0,1,.000,0,1,.000,0,0,,.000,0,0,0,0,0,0,0,0,0,0,0,-0.7,Trinity Golder,https://www.sports-reference.com/cbb/players/trinity-golder-1.html,eastern-washington,2019-20
9,9,20,2020-02-06,Eastern Washington,,Montana,REG (Conf),L 56-77,,3,0,2,.000,0,1,.000,0,1,.000,.000,0,0,0,0,0,0,0,0,1,0,0,-2.4,Trinity Golder,https://www.sports-reference.com/cbb/players/trinity-golder-1.html,eastern-washington,2019-20
10,10,21,2020-02-08,Eastern Washington,@,Montana State,REG (Conf),L 47-79,,2,0,1,.000,0,1,.000,0,0,,.000,0,0,0,0,0,0,0,0,0,0,0,-0.7,Trinity Golder,https://www.sports-reference.com/cbb/players/trinity-golder-1.html,eastern-washington,2019-20
11,11,22,2020-02-13,Eastern Washington,,Idaho,REG (Conf),L 46-75,,1,0,0,,0,0,,0,0,,,0,0,0,1,1,0,0,0,0,0,0,0.3,Trinity Golder,https://www.sports-reference.com/cbb/players/trinity-golder-1.html,eastern-washington,2019-20
12,12,28,2020-03-04,Eastern Washington,@,Idaho State,REG (Conf),L 49-77,,5,1,3,.333,0,2,.000,1,1,1.000,.333,0,0,0,0,0,0,0,0,1,0,2,-0.7,Trinity Golder,https://www.sports-reference.com/cbb/players/trinity-golder-1.html,eastern-washington,2019-20
