ranker,player_game_num_career,team_game_num_season,date,team_name_abbr,game_location,opp_name_abbr,game_type,game_result,is_starter,mp,fg,fga,fg_pct,fg3,fg3a,fg3_pct,fg2,fg2a,fg2_pct,efg_pct,ft,fta,ft_pct,orb,drb,trb,ast,stl,blk,tov,pf,pts,game_score,player_name,player_sr_link,school,season
1,66,1,2018-11-06,Missouri,@,Western Illinois,REG (Non-Conf),W 89-64,*,24,6,14,.429,0,1,.000,6,13,.462,.429,2,2,1.000,3,9,12,3,1,3,0,4,14,15.0,Amber Smith,https://www.sports-reference.com/cbb/players/amber-smith-5.html,missouri,2018-19
2,67,2,2018-11-13,Missouri,,Missouri State,REG (Non-Conf),W 65-61,*,25,3,10,.300,1,5,.200,2,5,.400,.350,0,0,,0,3,3,1,0,4,5,1,7,0.2,Amber Smith,https://www.sports-reference.com/cbb/players/amber-smith-5.html,missouri,2018-19
3,68,3,2018-11-16,Missouri,,Green Bay,REG (Non-Conf),L 49-56,*,37,7,17,.412,1,5,.200,6,12,.500,.441,8,10,.800,5,5,10,2,0,2,4,3,23,15.7,Amber Smith,https://www.sports-reference.com/cbb/players/amber-smith-5.html,missouri,2018-19
4,69,4,2018-11-19,Missouri,,SIU Edwardsville,REG (Non-Conf),W 59-36,*,25,4,7,.571,0,1,.000,4,6,.667,.571,2,4,.500,1,4,5,3,3,0,3,1,10,9.5,Amber Smith,https://www.sports-reference.com/cbb/players/amber-smith-5.html,missouri,2018-19
5,70,5,2018-11-23,Missouri,,Michigan,REG (Non-Conf),L 54-70,*,19,3,10,.300,1,6,.167,2,4,.500,.350,1,2,.500,0,2,2,1,2,0,0,2,8,4.3,Amber Smith,https://www.sports-reference.com/cbb/players/amber-smith-5.html,missouri,2018-19
6,71,6,2018-11-24,Missouri,@,Quinnipiac,REG (Non-Conf),W 65-51,*,31,6,11,.545,0,0,,6,11,.545,.545,5,6,.833,2,8,10,1,1,0,3,1,17,13.4,Amber Smith,https://www.sports-reference.com/cbb/players/amber-smith-5.html,missouri,2018-19
7,72,7,2018-11-25,Missouri,@,Duke,REG (Non-Conf),W 62-54,*,29,2,10,.200,2,3,.667,0,7,.000,.300,2,2,1.000,0,5,5,4,1,0,2,2,8,4.3,Amber Smith,https://www.sports-reference.com/cbb/players/amber-smith-5.html,missouri,2018-19
8,73,8,2018-12-02,Missouri,@,West Virginia,REG (Non-Conf),W 68-51,*,37,10,15,.667,4,6,.667,6,9,.667,.800,4,5,.800,4,9,13,2,2,3,1,4,28,29.5,Amber Smith,https://www.sports-reference.com/cbb/players/amber-smith-5.html,missouri,2018-19
9,74,9,2018-12-06,Missouri,,Kansas City,REG (Non-Conf),W 66-59,*,35,8,15,.533,0,2,.000,8,13,.615,.533,3,6,.500,3,7,10,2,2,1,2,1,19,16.4,Amber Smith,https://www.sports-reference.com/cbb/players/amber-smith-5.html,missouri,2018-19
10,75,10,2018-12-09,Missouri,@,Saint Louis,REG (Non-Conf),W 74-62,*,37,6,16,.375,3,7,.429,3,9,.333,.469,0,1,.000,3,10,13,4,1,0,1,3,15,12.5,Amber Smith,https://www.sports-reference.com/cbb/players/amber-smith-5.html,missouri,2018-19
11,76,11,2018-12-15,Missouri,,South Dakota,REG (Non-Conf),L 61-74,*,29,4,11,.364,1,4,.250,3,7,.429,.409,1,3,.333,3,3,6,2,0,2,3,4,10,4.3,Amber Smith,https://www.sports-reference.com/cbb/players/amber-smith-5.html,missouri,2018-19
12,77,12,2018-12-17,Missouri,,Texas State,REG (Non-Conf),W 69-50,*,27,5,8,.625,1,2,.500,4,6,.667,.688,4,5,.800,2,3,5,5,0,0,3,3,15,12.6,Amber Smith,https://www.sports-reference.com/cbb/players/amber-smith-5.html,missouri,2018-19
13,78,13,2018-12-21,Missouri,@,Illinois,REG (Non-Conf),W 67-45,*,30,6,13,.462,2,5,.400,4,8,.500,.538,2,2,1.000,4,5,9,3,0,1,2,0,16,14.4,Amber Smith,https://www.sports-reference.com/cbb/players/amber-smith-5.html,missouri,2018-19
14,79,14,2018-12-30,Missouri,,Arkansas State,REG (Non-Conf),W 70-50,*,29,4,7,.571,0,1,.000,4,6,.667,.571,1,2,.500,2,8,10,1,2,5,4,2,9,10.5,Amber Smith,https://www.sports-reference.com/cbb/players/amber-smith-5.html,missouri,2018-19
15,80,15,2019-01-03,Missouri,,Ole Miss,REG (Conf),W 78-55,*,19,8,10,.800,2,2,1.000,6,8,.750,.900,0,2,.000,0,2,2,1,0,0,2,2,18,11.9,Amber Smith,https://www.sports-reference.com/cbb/players/amber-smith-5.html,missouri,2018-19
16,81,16,2019-01-06,Missouri,@,Tennessee,REG (Conf),W 66-64,*,23,3,8,.375,0,3,.000,3,5,.600,.375,1,2,.500,1,7,8,1,2,0,5,4,7,1.1,Amber Smith,https://www.sports-reference.com/cbb/players/amber-smith-5.html,missouri,2018-19
17,82,17,2019-01-10,Missouri,,Arkansas,REG (Conf),W 71-53,*,28,5,8,.625,0,1,.000,5,7,.714,.625,5,6,.833,3,9,12,3,0,0,2,2,15,15.1,Amber Smith,https://www.sports-reference.com/cbb/players/amber-smith-5.html,missouri,2018-19
18,83,18,2019-01-13,Missouri,@,Florida,REG (Conf),L 56-58,*,29,4,12,.333,1,3,.333,3,9,.333,.375,0,0,,2,5,7,1,1,0,2,2,9,4.0,Amber Smith,https://www.sports-reference.com/cbb/players/amber-smith-5.html,missouri,2018-19
19,84,19,2019-01-17,Missouri,,Georgia,REG (Conf),W 61-35,*,34,4,10,.400,1,3,.333,3,7,.429,.450,0,0,,0,5,5,3,1,0,2,2,9,5.4,Amber Smith,https://www.sports-reference.com/cbb/players/amber-smith-5.html,missouri,2018-19
20,85,20,2019-01-21,Missouri,@,South Carolina,REG (Conf),L 65-79,*,35,6,16,.375,3,6,.500,3,10,.300,.469,1,3,.333,1,3,4,0,2,0,1,3,16,7.8,Amber Smith,https://www.sports-reference.com/cbb/players/amber-smith-5.html,missouri,2018-19
21,86,21,2019-01-24,Missouri,@,Kentucky,REG (Conf),L 41-52,*,25,0,3,.000,0,0,,0,3,.000,.000,0,0,,0,2,2,3,1,1,6,3,0,-4.9,Amber Smith,https://www.sports-reference.com/cbb/players/amber-smith-5.html,missouri,2018-19
22,87,22,2019-01-27,Missouri,,Auburn,REG (Conf),W 74-65,*,34,4,8,.500,2,2,1.000,2,6,.333,.625,4,5,.800,2,6,8,4,0,0,1,3,14,13.4,Amber Smith,https://www.sports-reference.com/cbb/players/amber-smith-5.html,missouri,2018-19
23,88,23,2019-02-04,Missouri,@,Louisiana State,REG (Conf),L 51-61,*,29,4,13,.308,1,4,.250,3,9,.333,.346,1,4,.250,3,5,8,0,2,0,2,2,10,4.1,Amber Smith,https://www.sports-reference.com/cbb/players/amber-smith-5.html,missouri,2018-19
24,89,24,2019-02-07,Missouri,,Texas A&M,REG (Conf),W 70-65 (OT),*,30,7,17,.412,2,5,.400,5,12,.417,.471,2,2,1.000,3,6,9,1,0,0,3,3,18,9.3,Amber Smith,https://www.sports-reference.com/cbb/players/amber-smith-5.html,missouri,2018-19
25,90,25,2019-02-10,Missouri,,Vanderbilt,REG (Conf),W 69-46,*,23,1,4,.250,0,2,.000,1,2,.500,.250,1,2,.500,1,2,3,5,1,0,1,2,3,4.2,Amber Smith,https://www.sports-reference.com/cbb/players/amber-smith-5.html,missouri,2018-19
26,91,26,2019-02-14,Missouri,@,Mississippi State,REG (Conf),W 75-67,*,32,7,10,.700,2,4,.500,5,6,.833,.800,0,0,,1,4,5,0,0,1,1,4,16,11.8,Amber Smith,https://www.sports-reference.com/cbb/players/amber-smith-5.html,missouri,2018-19
27,92,27,2019-02-17,Missouri,,Tennessee,REG (Conf),L 60-62,*,28,6,14,.429,1,3,.333,5,11,.455,.464,1,1,1.000,3,2,5,1,0,0,3,2,14,6.2,Amber Smith,https://www.sports-reference.com/cbb/players/amber-smith-5.html,missouri,2018-19
28,93,28,2019-02-24,Missouri,@,Auburn,REG (Conf),L 54-58,*,37,5,11,.455,0,2,.000,5,9,.556,.455,0,0,,2,9,11,3,0,1,2,0,10,9.2,Amber Smith,https://www.sports-reference.com/cbb/players/amber-smith-5.html,missouri,2018-19
29,94,29,2019-02-28,Missouri,@,Arkansas,REG (Conf),W 73-67,*,20,2,3,.667,1,1,1.000,1,2,.500,.833,1,1,1.000,1,7,8,3,0,0,2,3,6,6.4,Amber Smith,https://www.sports-reference.com/cbb/players/amber-smith-5.html,missouri,2018-19
30,95,30,2019-03-03,Missouri,,Alabama,REG (Conf),W 82-47,*,19,3,8,.375,0,2,.000,3,6,.500,.375,1,1,1.000,0,1,1,0,3,0,1,0,7,4.9,Amber Smith,https://www.sports-reference.com/cbb/players/amber-smith-5.html,missouri,2018-19
31,96,31,2019-03-07,Missouri,,Florida,CTOURN,W 87-56,*,18,6,10,.600,2,4,.500,4,6,.667,.700,4,4,1.000,6,3,9,4,0,1,3,0,18,19.0,Amber Smith,https://www.sports-reference.com/cbb/players/amber-smith-5.html,missouri,2018-19
32,97,32,2019-03-08,Missouri,@,Kentucky,CTOURN,W 70-68 (OT),*,37,5,10,.500,0,0,,5,10,.500,.500,1,2,.500,2,5,7,1,1,2,3,4,11,7.0,Amber Smith,https://www.sports-reference.com/cbb/players/amber-smith-5.html,missouri,2018-19
33,98,33,2019-03-09,Missouri,@,Mississippi State,CTOURN,L 56-71,*,22,1,4,.250,1,2,.500,0,2,.000,.375,0,0,,0,3,3,0,0,0,0,2,3,0.7,Amber Smith,https://www.sports-reference.com/cbb/players/amber-smith-5.html,missouri,2018-19
34,99,34,2019-03-22,Missouri,,Drake,ROUND-64,W 77-76 (OT),*,27,5,14,.357,1,2,.500,4,12,.333,.393,0,0,,1,3,4,4,1,1,1,2,11,7.5,Amber Smith,https://www.sports-reference.com/cbb/players/amber-smith-5.html,missouri,2018-19
35,100,35,2019-03-24,Missouri,@,Iowa,ROUND-32,L 52-68,*,34,9,19,.474,3,7,.429,6,12,.500,.553,0,0,,4,5,9,4,1,0,2,2,21,16.6,Amber Smith,https://www.sports-reference.com/cbb/players/amber-smith-5.html,missouri,2018-19
