ranker,player_game_num_career,team_game_num_season,date,team_name_abbr,game_location,opp_name_abbr,game_type,game_result,is_starter,mp,fg,fga,fg_pct,fg3,fg3a,fg3_pct,fg2,fg2a,fg2_pct,efg_pct,ft,fta,ft_pct,orb,drb,trb,ast,stl,blk,tov,pf,pts,game_score,player_name,player_sr_link,school,season
1,95,14,2018-12-30,Missouri,,Arkansas State,REG (Non-Conf),W 70-50,,11,1,1,1.000,0,0,,1,1,1.000,1.000,2,2,1.000,0,2,2,0,2,0,2,2,4,3.5,Cierra Porter,https://www.sports-reference.com/cbb/players/cierra-porter-1.html,missouri,2018-19
2,96,15,2019-01-03,Missouri,,Ole Miss,REG (Conf),W 78-55,,14,2,2,1.000,0,0,,2,2,1.000,1.000,0,0,,1,2,3,0,0,1,2,3,4,2.2,Cierra Porter,https://www.sports-reference.com/cbb/players/cierra-porter-1.html,missouri,2018-19
3,97,16,2019-01-06,Missouri,@,Tennessee,REG (Conf),W 66-64,,14,1,4,.250,0,0,,1,4,.250,.250,1,2,.500,1,4,5,0,1,1,1,3,3,1.6,Cierra Porter,https://www.sports-reference.com/cbb/players/cierra-porter-1.html,missouri,2018-19
4,98,17,2019-01-10,Missouri,,Arkansas,REG (Conf),W 71-53,,13,3,6,.500,0,0,,3,6,.500,.500,3,3,1.000,2,5,7,0,0,0,1,0,9,7.9,Cierra Porter,https://www.sports-reference.com/cbb/players/cierra-porter-1.html,missouri,2018-19
5,99,18,2019-01-13,Missouri,@,Florida,REG (Conf),L 56-58,,16,3,6,.500,0,1,.000,3,5,.600,.500,2,3,.667,0,2,2,0,0,1,2,3,8,2.7,Cierra Porter,https://www.sports-reference.com/cbb/players/cierra-porter-1.html,missouri,2018-19
6,100,19,2019-01-17,Missouri,,Georgia,REG (Conf),W 61-35,,19,1,3,.333,1,1,1.000,0,2,.000,.500,5,6,.833,2,3,5,1,1,0,0,3,8,8.7,Cierra Porter,https://www.sports-reference.com/cbb/players/cierra-porter-1.html,missouri,2018-19
7,101,20,2019-01-21,Missouri,@,South Carolina,REG (Conf),L 65-79,,12,1,4,.250,0,0,,1,4,.250,.250,0,2,.000,2,1,3,1,2,0,1,3,2,1.0,Cierra Porter,https://www.sports-reference.com/cbb/players/cierra-porter-1.html,missouri,2018-19
8,102,21,2019-01-24,Missouri,@,Kentucky,REG (Conf),L 41-52,*,19,0,2,.000,0,0,,0,2,.000,.000,0,0,,1,2,3,1,1,0,1,2,0,-0.2,Cierra Porter,https://www.sports-reference.com/cbb/players/cierra-porter-1.html,missouri,2018-19
9,103,22,2019-01-27,Missouri,,Auburn,REG (Conf),W 74-65,*,23,3,3,1.000,0,0,,3,3,1.000,1.000,6,6,1.000,2,5,7,1,1,3,2,2,12,15.0,Cierra Porter,https://www.sports-reference.com/cbb/players/cierra-porter-1.html,missouri,2018-19
10,104,23,2019-02-04,Missouri,@,Louisiana State,REG (Conf),L 51-61,*,26,3,7,.429,0,2,.000,3,5,.600,.429,1,1,1.000,4,4,8,2,1,0,3,5,7,4.7,Cierra Porter,https://www.sports-reference.com/cbb/players/cierra-porter-1.html,missouri,2018-19
11,105,24,2019-02-07,Missouri,,Texas A&M,REG (Conf),W 70-65 (OT),*,24,1,7,.143,0,1,.000,1,6,.167,.143,2,2,1.000,1,6,7,2,0,1,1,3,4,1.9,Cierra Porter,https://www.sports-reference.com/cbb/players/cierra-porter-1.html,missouri,2018-19
12,106,25,2019-02-10,Missouri,,Vanderbilt,REG (Conf),W 69-46,*,22,6,9,.667,0,0,,6,9,.667,.667,3,3,1.000,1,6,7,0,2,1,0,1,15,15.9,Cierra Porter,https://www.sports-reference.com/cbb/players/cierra-porter-1.html,missouri,2018-19
13,107,26,2019-02-14,Missouri,@,Mississippi State,REG (Conf),W 75-67,*,10,1,2,.500,1,2,.500,0,0,,.750,0,0,,0,2,2,0,1,0,0,4,3,2.0,Cierra Porter,https://www.sports-reference.com/cbb/players/cierra-porter-1.html,missouri,2018-19
14,108,27,2019-02-17,Missouri,,Tennessee,REG (Conf),L 60-62,*,31,6,7,.857,0,0,,6,7,.857,.857,1,1,1.000,4,5,9,4,1,1,0,3,13,18.1,Cierra Porter,https://www.sports-reference.com/cbb/players/cierra-porter-1.html,missouri,2018-19
15,109,28,2019-02-24,Missouri,@,Auburn,REG (Conf),L 54-58,*,20,3,6,.500,0,0,,3,6,.500,.500,1,1,1.000,2,2,4,1,0,0,1,5,7,3.7,Cierra Porter,https://www.sports-reference.com/cbb/players/cierra-porter-1.html,missouri,2018-19
16,110,29,2019-02-28,Missouri,@,Arkansas,REG (Conf),W 73-67,*,30,5,7,.714,0,0,,5,7,.714,.714,11,11,1.000,2,7,9,4,1,2,5,1,21,21.4,Cierra Porter,https://www.sports-reference.com/cbb/players/cierra-porter-1.html,missouri,2018-19
17,111,30,2019-03-03,Missouri,,Alabama,REG (Conf),W 82-47,*,25,5,6,.833,0,0,,5,6,.833,.833,1,2,.500,1,6,7,0,3,0,3,2,11,10.1,Cierra Porter,https://www.sports-reference.com/cbb/players/cierra-porter-1.html,missouri,2018-19
18,112,31,2019-03-07,Missouri,,Florida,CTOURN,W 87-56,*,15,3,5,.600,0,1,.000,3,4,.750,.600,0,0,,1,2,3,0,0,0,0,3,6,3.8,Cierra Porter,https://www.sports-reference.com/cbb/players/cierra-porter-1.html,missouri,2018-19
19,113,32,2019-03-08,Missouri,@,Kentucky,CTOURN,W 70-68 (OT),*,25,0,2,.000,0,0,,0,2,.000,.000,4,4,1.000,1,5,6,1,0,0,3,4,4,0.9,Cierra Porter,https://www.sports-reference.com/cbb/players/cierra-porter-1.html,missouri,2018-19
20,114,33,2019-03-09,Missouri,@,Mississippi State,CTOURN,L 56-71,*,18,1,4,.250,0,1,.000,1,3,.333,.250,1,2,.500,0,1,1,0,0,0,1,2,3,-1.3,Cierra Porter,https://www.sports-reference.com/cbb/players/cierra-porter-1.html,missouri,2018-19
21,115,34,2019-03-22,Missouri,,Drake,ROUND-64,W 77-76 (OT),*,29,7,9,.778,1,1,1.000,6,8,.750,.833,3,3,1.000,2,2,4,0,0,3,0,5,18,16.6,Cierra Porter,https://www.sports-reference.com/cbb/players/cierra-porter-1.html,missouri,2018-19
22,116,35,2019-03-24,Missouri,@,Iowa,ROUND-32,L 52-68,*,26,4,10,.400,0,0,,4,10,.400,.400,1,2,.500,4,2,6,0,1,0,3,4,9,3.0,Cierra Porter,https://www.sports-reference.com/cbb/players/cierra-porter-1.html,missouri,2018-19
