ranker,player_game_num_career,team_game_num_season,date,team_name_abbr,game_location,opp_name_abbr,game_type,game_result,is_starter,mp,fg,fga,fg_pct,fg3,fg3a,fg3_pct,fg2,fg2a,fg2_pct,efg_pct,ft,fta,ft_pct,orb,drb,trb,ast,stl,blk,tov,pf,pts,game_score,player_name,player_sr_link,school,season
1,13,1,2018-11-06,Missouri,@,Western Illinois,REG (Non-Conf),W 89-64,,4,1,1,1.000,0,0,,1,1,1.000,1.000,1,1,1.000,1,1,2,0,1,1,1,0,3,4.4,Elle Brown,https://www.sports-reference.com/cbb/players/elle-brown-1.html,missouri,2018-19
2,14,2,2018-11-13,Missouri,,Missouri State,REG (Non-Conf),W 65-61,,2,0,0,,0,0,,0,0,,,0,0,,0,0,0,0,0,0,0,0,0,0.0,Elle Brown,https://www.sports-reference.com/cbb/players/elle-brown-1.html,missouri,2018-19
3,15,4,2018-11-19,Missouri,,SIU Edwardsville,REG (Non-Conf),W 59-36,,4,2,2,1.000,1,1,1.000,1,1,1.000,1.250,2,3,.667,0,1,1,0,0,1,0,0,7,7.0,Elle Brown,https://www.sports-reference.com/cbb/players/elle-brown-1.html,missouri,2018-19
4,16,5,2018-11-23,Missouri,,Michigan,REG (Non-Conf),L 54-70,,3,0,0,,0,0,,0,0,,,0,0,,0,0,0,0,0,0,0,1,0,-0.4,Elle Brown,https://www.sports-reference.com/cbb/players/elle-brown-1.html,missouri,2018-19
5,17,6,2018-11-24,Missouri,@,Quinnipiac,REG (Non-Conf),W 65-51,,0,0,0,,0,0,,0,0,,,0,0,,0,0,0,0,0,0,0,0,0,0.0,Elle Brown,https://www.sports-reference.com/cbb/players/elle-brown-1.html,missouri,2018-19
6,18,9,2018-12-06,Missouri,,Kansas City,REG (Non-Conf),W 66-59,,1,0,0,,0,0,,0,0,,,0,0,,0,0,0,0,0,0,0,0,0,0.0,Elle Brown,https://www.sports-reference.com/cbb/players/elle-brown-1.html,missouri,2018-19
7,19,12,2018-12-17,Missouri,,Texas State,REG (Non-Conf),W 69-50,,6,1,1,1.000,0,0,,1,1,1.000,1.000,0,0,,0,1,1,0,0,1,0,0,2,2.7,Elle Brown,https://www.sports-reference.com/cbb/players/elle-brown-1.html,missouri,2018-19
8,20,13,2018-12-21,Missouri,@,Illinois,REG (Non-Conf),W 67-45,,3,0,0,,0,0,,0,0,,,0,0,,1,1,2,0,0,0,0,0,0,1.0,Elle Brown,https://www.sports-reference.com/cbb/players/elle-brown-1.html,missouri,2018-19
9,21,14,2018-12-30,Missouri,,Arkansas State,REG (Non-Conf),W 70-50,,5,1,1,1.000,0,0,,1,1,1.000,1.000,0,0,,0,1,1,1,0,0,1,1,2,1.3,Elle Brown,https://www.sports-reference.com/cbb/players/elle-brown-1.html,missouri,2018-19
10,22,15,2019-01-03,Missouri,,Ole Miss,REG (Conf),W 78-55,,3,0,0,,0,0,,0,0,,,0,0,,0,0,0,0,0,0,0,0,0,0.0,Elle Brown,https://www.sports-reference.com/cbb/players/elle-brown-1.html,missouri,2018-19
11,23,17,2019-01-10,Missouri,,Arkansas,REG (Conf),W 71-53,,2,0,0,,0,0,,0,0,,,0,0,,0,0,0,0,0,0,1,1,0,-1.4,Elle Brown,https://www.sports-reference.com/cbb/players/elle-brown-1.html,missouri,2018-19
12,24,21,2019-01-24,Missouri,@,Kentucky,REG (Conf),L 41-52,,1,0,0,,0,0,,0,0,,,0,0,,0,0,0,0,0,0,0,0,0,0.0,Elle Brown,https://www.sports-reference.com/cbb/players/elle-brown-1.html,missouri,2018-19
13,25,25,2019-02-10,Missouri,,Vanderbilt,REG (Conf),W 69-46,,3,0,0,,0,0,,0,0,,,0,0,,0,1,1,0,0,0,0,0,0,0.3,Elle Brown,https://www.sports-reference.com/cbb/players/elle-brown-1.html,missouri,2018-19
14,26,30,2019-03-03,Missouri,,Alabama,REG (Conf),W 82-47,,4,1,1,1.000,0,0,,1,1,1.000,1.000,0,0,,0,0,0,1,0,0,0,0,2,2.4,Elle Brown,https://www.sports-reference.com/cbb/players/elle-brown-1.html,missouri,2018-19
15,27,31,2019-03-07,Missouri,,Florida,CTOURN,W 87-56,,6,0,0,,0,0,,0,0,,,1,2,.500,0,0,0,0,0,0,1,0,1,-0.4,Elle Brown,https://www.sports-reference.com/cbb/players/elle-brown-1.html,missouri,2018-19
16,28,33,2019-03-09,Missouri,@,Mississippi State,CTOURN,L 56-71,,1,0,0,,0,0,,0,0,,,0,0,,0,0,0,0,0,0,0,0,0,0.0,Elle Brown,https://www.sports-reference.com/cbb/players/elle-brown-1.html,missouri,2018-19
17,29,35,2019-03-24,Missouri,@,Iowa,ROUND-32,L 52-68,,0,0,0,,0,0,,0,0,,,0,0,,0,0,0,0,0,0,0,0,0,0.0,Elle Brown,https://www.sports-reference.com/cbb/players/elle-brown-1.html,missouri,2018-19
