ranker,player_game_num_career,team_game_num_season,date,team_name_abbr,game_location,opp_name_abbr,game_type,game_result,is_starter,mp,fg,fga,fg_pct,fg3,fg3a,fg3_pct,fg2,fg2a,fg2_pct,efg_pct,ft,fta,ft_pct,orb,drb,trb,ast,stl,blk,tov,pf,pts,game_score,player_name,player_sr_link,school,season
1,1,1,2018-11-06,Missouri,@,Western Illinois,REG (Non-Conf),W 89-64,,20,2,3,.667,0,1,.000,2,2,1.000,.667,2,2,1.000,1,3,4,3,1,0,1,3,6,7.2,Grace Berg,https://www.sports-reference.com/cbb/players/grace-berg-1.html,missouri,2018-19
2,2,2,2018-11-13,Missouri,,Missouri State,REG (Non-Conf),W 65-61,,24,3,6,.500,0,1,.000,3,5,.600,.500,6,6,1.000,2,2,4,1,1,0,1,3,12,10.5,Grace Berg,https://www.sports-reference.com/cbb/players/grace-berg-1.html,missouri,2018-19
3,3,3,2018-11-16,Missouri,,Green Bay,REG (Non-Conf),L 49-56,,9,0,1,.000,0,0,,0,1,.000,.000,0,0,,2,0,2,0,0,0,1,2,0,-1.1,Grace Berg,https://www.sports-reference.com/cbb/players/grace-berg-1.html,missouri,2018-19
4,4,4,2018-11-19,Missouri,,SIU Edwardsville,REG (Non-Conf),W 59-36,,17,3,6,.500,0,1,.000,3,5,.600,.500,4,5,.800,2,0,2,0,4,0,0,1,10,11.6,Grace Berg,https://www.sports-reference.com/cbb/players/grace-berg-1.html,missouri,2018-19
5,5,5,2018-11-23,Missouri,,Michigan,REG (Non-Conf),L 54-70,*,21,1,6,.167,1,3,.333,0,3,.000,.250,0,0,,1,2,3,1,1,0,2,2,3,-0.6,Grace Berg,https://www.sports-reference.com/cbb/players/grace-berg-1.html,missouri,2018-19
6,6,6,2018-11-24,Missouri,@,Quinnipiac,REG (Non-Conf),W 65-51,,22,1,4,.250,0,1,.000,1,3,.333,.250,0,0,,2,3,5,0,1,0,2,4,2,-0.7,Grace Berg,https://www.sports-reference.com/cbb/players/grace-berg-1.html,missouri,2018-19
7,7,7,2018-11-25,Missouri,@,Duke,REG (Non-Conf),W 62-54,,8,0,0,,0,0,,0,0,,,0,0,,0,1,1,0,0,0,1,1,0,-1.1,Grace Berg,https://www.sports-reference.com/cbb/players/grace-berg-1.html,missouri,2018-19
8,8,8,2018-12-02,Missouri,@,West Virginia,REG (Non-Conf),W 68-51,,14,0,1,.000,0,0,,0,1,.000,.000,0,0,,0,1,1,0,0,0,0,0,0,-0.4,Grace Berg,https://www.sports-reference.com/cbb/players/grace-berg-1.html,missouri,2018-19
9,9,9,2018-12-06,Missouri,,Kansas City,REG (Non-Conf),W 66-59,,15,2,3,.667,0,0,,2,3,.667,.667,2,3,.667,2,1,3,0,0,0,1,1,6,4.6,Grace Berg,https://www.sports-reference.com/cbb/players/grace-berg-1.html,missouri,2018-19
10,10,10,2018-12-09,Missouri,@,Saint Louis,REG (Non-Conf),W 74-62,,7,1,2,.500,0,1,.000,1,1,1.000,.500,0,0,,0,1,1,0,0,0,1,1,2,-0.1,Grace Berg,https://www.sports-reference.com/cbb/players/grace-berg-1.html,missouri,2018-19
11,11,11,2018-12-15,Missouri,,South Dakota,REG (Non-Conf),L 61-74,,8,0,0,,0,0,,0,0,,,0,0,,0,0,0,1,0,0,1,2,0,-1.1,Grace Berg,https://www.sports-reference.com/cbb/players/grace-berg-1.html,missouri,2018-19
12,12,12,2018-12-17,Missouri,,Texas State,REG (Non-Conf),W 69-50,,12,2,3,.667,1,2,.500,1,1,1.000,.833,0,0,,1,1,2,0,1,0,5,3,5,-0.5,Grace Berg,https://www.sports-reference.com/cbb/players/grace-berg-1.html,missouri,2018-19
13,13,13,2018-12-21,Missouri,@,Illinois,REG (Non-Conf),W 67-45,,16,3,3,1.000,1,1,1.000,2,2,1.000,1.167,0,0,,0,0,0,0,0,0,1,0,7,5.1,Grace Berg,https://www.sports-reference.com/cbb/players/grace-berg-1.html,missouri,2018-19
14,14,14,2018-12-30,Missouri,,Arkansas State,REG (Non-Conf),W 70-50,,17,1,3,.333,0,1,.000,1,2,.500,.333,2,2,1.000,2,1,3,0,0,0,1,1,4,2.6,Grace Berg,https://www.sports-reference.com/cbb/players/grace-berg-1.html,missouri,2018-19
15,15,15,2019-01-03,Missouri,,Ole Miss,REG (Conf),W 78-55,,10,3,3,1.000,0,0,,3,3,1.000,1.000,0,0,,0,1,1,0,0,1,1,0,6,5.1,Grace Berg,https://www.sports-reference.com/cbb/players/grace-berg-1.html,missouri,2018-19
16,16,16,2019-01-06,Missouri,@,Tennessee,REG (Conf),W 66-64,,9,1,2,.500,0,1,.000,1,1,1.000,.500,0,0,,0,0,0,0,1,0,1,0,2,1.0,Grace Berg,https://www.sports-reference.com/cbb/players/grace-berg-1.html,missouri,2018-19
17,17,17,2019-01-10,Missouri,,Arkansas,REG (Conf),W 71-53,,8,2,3,.667,0,0,,2,3,.667,.667,0,0,,0,1,1,1,0,0,1,2,4,1.9,Grace Berg,https://www.sports-reference.com/cbb/players/grace-berg-1.html,missouri,2018-19
18,18,18,2019-01-13,Missouri,@,Florida,REG (Conf),L 56-58,,3,0,0,,0,0,,0,0,,,0,0,,0,0,0,0,0,0,0,0,0,0.0,Grace Berg,https://www.sports-reference.com/cbb/players/grace-berg-1.html,missouri,2018-19
19,19,19,2019-01-17,Missouri,,Georgia,REG (Conf),W 61-35,,2,1,1,1.000,1,1,1.000,0,0,,1.500,0,0,,0,0,0,0,0,0,1,0,3,1.7,Grace Berg,https://www.sports-reference.com/cbb/players/grace-berg-1.html,missouri,2018-19
