ranker,player_game_num_career,team_game_num_season,date,team_name_abbr,game_location,opp_name_abbr,game_type,game_result,is_starter,mp,fg,fga,fg_pct,fg3,fg3a,fg3_pct,fg2,fg2a,fg2_pct,efg_pct,ft,fta,ft_pct,orb,drb,trb,ast,stl,blk,tov,pf,pts,game_score,player_name,player_sr_link,school,season
1,1,1,2018-11-06,Missouri,@,Western Illinois,REG (Non-Conf),W 89-64,,12,0,2,.000,0,1,.000,0,1,.000,.000,0,0,,0,0,0,0,0,0,0,1,0,-1.8,Haley Troup,https://www.sports-reference.com/cbb/players/haley-troup-1.html,missouri,2018-19
2,2,2,2018-11-13,Missouri,,Missouri State,REG (Non-Conf),W 65-61,,12,1,2,.500,1,2,.500,0,0,,.750,0,0,,0,1,1,1,0,0,2,1,3,0.6,Haley Troup,https://www.sports-reference.com/cbb/players/haley-troup-1.html,missouri,2018-19
3,3,3,2018-11-16,Missouri,,Green Bay,REG (Non-Conf),L 49-56,,12,1,4,.250,1,2,.500,0,2,.000,.375,0,0,,0,0,0,0,0,0,0,0,3,0.6,Haley Troup,https://www.sports-reference.com/cbb/players/haley-troup-1.html,missouri,2018-19
4,4,4,2018-11-19,Missouri,,SIU Edwardsville,REG (Non-Conf),W 59-36,,11,0,3,.000,0,2,.000,0,1,.000,.000,0,0,,0,0,0,0,0,0,0,2,0,-2.9,Haley Troup,https://www.sports-reference.com/cbb/players/haley-troup-1.html,missouri,2018-19
5,5,5,2018-11-23,Missouri,,Michigan,REG (Non-Conf),L 54-70,,9,1,3,.333,1,3,.333,0,0,,.500,2,2,1.000,0,0,0,1,0,0,2,0,5,2.0,Haley Troup,https://www.sports-reference.com/cbb/players/haley-troup-1.html,missouri,2018-19
6,6,6,2018-11-24,Missouri,@,Quinnipiac,REG (Non-Conf),W 65-51,,6,0,1,.000,0,1,.000,0,0,,.000,0,0,,0,0,0,0,0,0,0,0,0,-0.7,Haley Troup,https://www.sports-reference.com/cbb/players/haley-troup-1.html,missouri,2018-19
7,7,7,2018-11-25,Missouri,@,Duke,REG (Non-Conf),W 62-54,,14,2,6,.333,2,4,.500,0,2,.000,.500,0,0,,0,2,2,2,0,0,1,2,6,2.8,Haley Troup,https://www.sports-reference.com/cbb/players/haley-troup-1.html,missouri,2018-19
8,8,8,2018-12-02,Missouri,@,West Virginia,REG (Non-Conf),W 68-51,,18,5,9,.556,3,5,.600,2,4,.500,.722,1,2,.500,0,6,6,1,0,0,2,4,14,8.2,Haley Troup,https://www.sports-reference.com/cbb/players/haley-troup-1.html,missouri,2018-19
9,9,9,2018-12-06,Missouri,,Kansas City,REG (Non-Conf),W 66-59,,7,0,2,.000,0,2,.000,0,0,,.000,0,0,,0,2,2,1,0,0,3,2,0,-3.9,Haley Troup,https://www.sports-reference.com/cbb/players/haley-troup-1.html,missouri,2018-19
10,10,10,2018-12-09,Missouri,@,Saint Louis,REG (Non-Conf),W 74-62,,4,0,1,.000,0,1,.000,0,0,,.000,0,0,,0,0,0,0,0,0,0,0,0,-0.7,Haley Troup,https://www.sports-reference.com/cbb/players/haley-troup-1.html,missouri,2018-19
11,11,11,2018-12-15,Missouri,,South Dakota,REG (Non-Conf),L 61-74,,16,2,7,.286,2,7,.286,0,0,,.429,0,0,,0,2,2,1,0,0,1,0,6,2.2,Haley Troup,https://www.sports-reference.com/cbb/players/haley-troup-1.html,missouri,2018-19
12,12,12,2018-12-17,Missouri,,Texas State,REG (Non-Conf),W 69-50,,5,0,2,.000,0,2,.000,0,0,,.000,0,0,,0,1,1,0,0,0,1,0,0,-2.1,Haley Troup,https://www.sports-reference.com/cbb/players/haley-troup-1.html,missouri,2018-19
13,13,13,2018-12-21,Missouri,@,Illinois,REG (Non-Conf),W 67-45,,3,1,2,.500,0,1,.000,1,1,1.000,.500,0,0,,0,0,0,0,1,0,0,1,2,1.6,Haley Troup,https://www.sports-reference.com/cbb/players/haley-troup-1.html,missouri,2018-19
14,14,14,2018-12-30,Missouri,,Arkansas State,REG (Non-Conf),W 70-50,,8,0,2,.000,0,2,.000,0,0,,.000,0,0,,0,2,2,2,0,0,1,1,0,-0.8,Haley Troup,https://www.sports-reference.com/cbb/players/haley-troup-1.html,missouri,2018-19
15,15,15,2019-01-03,Missouri,,Ole Miss,REG (Conf),W 78-55,,12,2,4,.500,1,2,.500,1,2,.500,.625,0,0,,0,3,3,3,0,0,0,1,5,5.6,Haley Troup,https://www.sports-reference.com/cbb/players/haley-troup-1.html,missouri,2018-19
16,16,16,2019-01-06,Missouri,@,Tennessee,REG (Conf),W 66-64,,29,5,7,.714,4,6,.667,1,1,1.000,1.000,2,2,1.000,0,1,1,1,0,0,0,0,16,14.1,Haley Troup,https://www.sports-reference.com/cbb/players/haley-troup-1.html,missouri,2018-19
17,17,17,2019-01-10,Missouri,,Arkansas,REG (Conf),W 71-53,,13,0,1,.000,0,1,.000,0,0,,.000,0,0,,0,0,0,1,0,0,1,0,0,-1.0,Haley Troup,https://www.sports-reference.com/cbb/players/haley-troup-1.html,missouri,2018-19
18,18,18,2019-01-13,Missouri,@,Florida,REG (Conf),L 56-58,,18,2,4,.500,2,4,.500,0,0,,.750,0,0,,0,0,0,2,1,0,2,1,6,4.0,Haley Troup,https://www.sports-reference.com/cbb/players/haley-troup-1.html,missouri,2018-19
19,19,19,2019-01-17,Missouri,,Georgia,REG (Conf),W 61-35,,11,1,3,.333,1,3,.333,0,0,,.500,0,0,,0,1,1,1,0,0,1,0,3,1.3,Haley Troup,https://www.sports-reference.com/cbb/players/haley-troup-1.html,missouri,2018-19
20,20,20,2019-01-21,Missouri,@,South Carolina,REG (Conf),L 65-79,,12,0,2,.000,0,2,.000,0,0,,.000,0,0,,0,0,0,0,0,0,0,1,0,-1.8,Haley Troup,https://www.sports-reference.com/cbb/players/haley-troup-1.html,missouri,2018-19
21,21,21,2019-01-24,Missouri,@,Kentucky,REG (Conf),L 41-52,,11,1,2,.500,1,2,.500,0,0,,.750,0,0,,0,2,2,0,0,0,1,0,3,1.6,Haley Troup,https://www.sports-reference.com/cbb/players/haley-troup-1.html,missouri,2018-19
22,22,22,2019-01-27,Missouri,,Auburn,REG (Conf),W 74-65,,9,0,2,.000,0,2,.000,0,0,,.000,1,2,.500,0,2,2,2,0,0,0,0,1,1.2,Haley Troup,https://www.sports-reference.com/cbb/players/haley-troup-1.html,missouri,2018-19
23,23,23,2019-02-04,Missouri,@,Louisiana State,REG (Conf),L 51-61,,21,0,4,.000,0,3,.000,0,1,.000,.000,0,0,,0,0,0,0,1,0,0,2,0,-2.6,Haley Troup,https://www.sports-reference.com/cbb/players/haley-troup-1.html,missouri,2018-19
24,24,24,2019-02-07,Missouri,,Texas A&M,REG (Conf),W 70-65 (OT),,4,0,1,.000,0,1,.000,0,0,,.000,0,0,,0,0,0,0,0,0,0,0,0,-0.7,Haley Troup,https://www.sports-reference.com/cbb/players/haley-troup-1.html,missouri,2018-19
25,25,25,2019-02-10,Missouri,,Vanderbilt,REG (Conf),W 69-46,,7,1,1,1.000,0,0,,1,1,1.000,1.000,0,0,,0,0,0,0,0,0,1,0,2,0.7,Haley Troup,https://www.sports-reference.com/cbb/players/haley-troup-1.html,missouri,2018-19
26,26,26,2019-02-14,Missouri,@,Mississippi State,REG (Conf),W 75-67,,19,1,3,.333,1,3,.333,0,0,,.500,1,2,.500,0,1,1,0,0,0,0,1,4,1.8,Haley Troup,https://www.sports-reference.com/cbb/players/haley-troup-1.html,missouri,2018-19
27,27,27,2019-02-17,Missouri,,Tennessee,REG (Conf),L 60-62,,10,1,1,1.000,1,1,1.000,0,0,,1.500,0,0,,0,2,2,0,0,0,1,0,3,2.3,Haley Troup,https://www.sports-reference.com/cbb/players/haley-troup-1.html,missouri,2018-19
28,28,28,2019-02-24,Missouri,@,Auburn,REG (Conf),L 54-58,,6,0,1,.000,0,1,.000,0,0,,.000,0,0,,0,1,1,1,0,0,4,0,0,-3.7,Haley Troup,https://www.sports-reference.com/cbb/players/haley-troup-1.html,missouri,2018-19
29,29,29,2019-02-28,Missouri,@,Arkansas,REG (Conf),W 73-67,,11,0,1,.000,0,1,.000,0,0,,.000,0,0,,0,1,1,0,0,0,0,0,0,-0.4,Haley Troup,https://www.sports-reference.com/cbb/players/haley-troup-1.html,missouri,2018-19
30,30,30,2019-03-03,Missouri,,Alabama,REG (Conf),W 82-47,,13,3,3,1.000,3,3,1.000,0,0,,1.500,1,2,.500,0,0,0,2,0,0,1,1,10,8.7,Haley Troup,https://www.sports-reference.com/cbb/players/haley-troup-1.html,missouri,2018-19
31,31,31,2019-03-07,Missouri,,Florida,CTOURN,W 87-56,,23,4,7,.571,2,5,.400,2,2,1.000,.714,0,0,,0,2,2,6,0,0,0,0,10,11.5,Haley Troup,https://www.sports-reference.com/cbb/players/haley-troup-1.html,missouri,2018-19
32,32,32,2019-03-08,Missouri,@,Kentucky,CTOURN,W 70-68 (OT),,9,1,2,.500,1,2,.500,0,0,,.750,0,0,,0,2,2,0,0,0,2,0,3,0.6,Haley Troup,https://www.sports-reference.com/cbb/players/haley-troup-1.html,missouri,2018-19
33,33,33,2019-03-09,Missouri,@,Mississippi State,CTOURN,L 56-71,,27,2,5,.400,1,1,1.000,1,4,.250,.500,0,0,,0,4,4,4,0,0,3,1,5,2.9,Haley Troup,https://www.sports-reference.com/cbb/players/haley-troup-1.html,missouri,2018-19
34,34,34,2019-03-22,Missouri,,Drake,ROUND-64,W 77-76 (OT),,12,2,6,.333,2,5,.400,0,1,.000,.500,0,0,,0,3,3,1,0,0,1,1,6,2.8,Haley Troup,https://www.sports-reference.com/cbb/players/haley-troup-1.html,missouri,2018-19
35,35,35,2019-03-24,Missouri,@,Iowa,ROUND-32,L 52-68,,11,0,0,,0,0,,0,0,,,0,0,,0,0,0,1,0,0,1,0,0,-0.3,Haley Troup,https://www.sports-reference.com/cbb/players/haley-troup-1.html,missouri,2018-19
