ranker,player_game_num_career,team_game_num_season,date,team_name_abbr,game_location,opp_name_abbr,game_type,game_result,is_starter,mp,fg,fga,fg_pct,fg3,fg3a,fg3_pct,fg2,fg2a,fg2_pct,efg_pct,ft,fta,ft_pct,orb,drb,trb,ast,stl,blk,tov,pf,pts,game_score,player_name,player_sr_link,school,season
1,65,1,2018-11-06,Missouri,@,Western Illinois,REG (Non-Conf),W 89-64,,9,2,5,.400,0,2,.000,2,3,.667,.400,0,0,,1,1,2,0,0,0,2,2,4,-0.5,Hannah Schuchts,https://www.sports-reference.com/cbb/players/hannah-schuchts-1.html,missouri,2018-19
2,66,2,2018-11-13,Missouri,,Missouri State,REG (Non-Conf),W 65-61,*,19,3,4,.750,1,2,.500,2,2,1.000,.875,0,0,,1,1,2,0,0,0,0,1,7,6.0,Hannah Schuchts,https://www.sports-reference.com/cbb/players/hannah-schuchts-1.html,missouri,2018-19
3,67,3,2018-11-16,Missouri,,Green Bay,REG (Non-Conf),L 49-56,*,29,1,4,.250,1,4,.250,0,0,,.375,0,0,,1,5,6,0,0,0,1,1,3,1.4,Hannah Schuchts,https://www.sports-reference.com/cbb/players/hannah-schuchts-1.html,missouri,2018-19
4,68,4,2018-11-19,Missouri,,SIU Edwardsville,REG (Non-Conf),W 59-36,*,14,0,1,.000,0,1,.000,0,0,,.000,0,0,,1,4,5,1,0,3,2,0,0,2.0,Hannah Schuchts,https://www.sports-reference.com/cbb/players/hannah-schuchts-1.html,missouri,2018-19
5,69,5,2018-11-23,Missouri,,Michigan,REG (Non-Conf),L 54-70,*,30,2,5,.400,2,5,.400,0,0,,.600,0,0,,2,2,4,2,0,0,1,1,6,5.3,Hannah Schuchts,https://www.sports-reference.com/cbb/players/hannah-schuchts-1.html,missouri,2018-19
6,70,6,2018-11-24,Missouri,@,Quinnipiac,REG (Non-Conf),W 65-51,*,18,3,3,1.000,1,1,1.000,2,2,1.000,1.167,0,0,,2,3,5,1,1,1,1,4,7,8.2,Hannah Schuchts,https://www.sports-reference.com/cbb/players/hannah-schuchts-1.html,missouri,2018-19
7,71,7,2018-11-25,Missouri,@,Duke,REG (Non-Conf),W 62-54,*,28,8,8,1.000,6,6,1.000,2,2,1.000,1.375,3,4,.750,1,4,5,1,0,0,0,3,25,23.6,Hannah Schuchts,https://www.sports-reference.com/cbb/players/hannah-schuchts-1.html,missouri,2018-19
8,72,8,2018-12-02,Missouri,@,West Virginia,REG (Non-Conf),W 68-51,*,25,1,4,.250,0,2,.000,1,2,.500,.250,0,0,,2,7,9,4,0,1,1,3,2,4.4,Hannah Schuchts,https://www.sports-reference.com/cbb/players/hannah-schuchts-1.html,missouri,2018-19
9,73,9,2018-12-06,Missouri,,Kansas City,REG (Non-Conf),W 66-59,*,12,0,2,.000,0,1,.000,0,1,.000,.000,0,0,,1,1,2,0,0,1,0,1,0,-0.1,Hannah Schuchts,https://www.sports-reference.com/cbb/players/hannah-schuchts-1.html,missouri,2018-19
10,74,10,2018-12-09,Missouri,@,Saint Louis,REG (Non-Conf),W 74-62,*,20,2,5,.400,1,4,.250,1,1,1.000,.500,0,0,,1,2,3,2,0,3,0,3,5,5.9,Hannah Schuchts,https://www.sports-reference.com/cbb/players/hannah-schuchts-1.html,missouri,2018-19
11,75,11,2018-12-15,Missouri,,South Dakota,REG (Non-Conf),L 61-74,*,19,0,4,.000,0,2,.000,0,2,.000,.000,2,2,1.000,3,3,6,0,0,5,0,1,2,5.3,Hannah Schuchts,https://www.sports-reference.com/cbb/players/hannah-schuchts-1.html,missouri,2018-19
12,76,12,2018-12-17,Missouri,,Texas State,REG (Non-Conf),W 69-50,*,16,0,1,.000,0,1,.000,0,0,,.000,0,0,,0,2,2,2,1,0,3,0,0,-0.7,Hannah Schuchts,https://www.sports-reference.com/cbb/players/hannah-schuchts-1.html,missouri,2018-19
13,77,13,2018-12-21,Missouri,@,Illinois,REG (Non-Conf),W 67-45,*,17,3,5,.600,0,2,.000,3,3,1.000,.600,0,0,,1,1,2,2,0,0,1,1,6,4.7,Hannah Schuchts,https://www.sports-reference.com/cbb/players/hannah-schuchts-1.html,missouri,2018-19
14,78,14,2018-12-30,Missouri,,Arkansas State,REG (Non-Conf),W 70-50,*,12,1,4,.250,1,2,.500,0,2,.000,.375,0,0,,1,3,4,0,0,1,0,2,3,2.1,Hannah Schuchts,https://www.sports-reference.com/cbb/players/hannah-schuchts-1.html,missouri,2018-19
15,79,15,2019-01-03,Missouri,,Ole Miss,REG (Conf),W 78-55,*,22,1,2,.500,0,0,,1,2,.500,.500,0,0,,2,6,8,4,0,0,0,0,2,7.0,Hannah Schuchts,https://www.sports-reference.com/cbb/players/hannah-schuchts-1.html,missouri,2018-19
16,80,16,2019-01-06,Missouri,@,Tennessee,REG (Conf),W 66-64,*,11,0,4,.000,0,2,.000,0,2,.000,.000,0,0,,1,2,3,0,0,0,2,0,0,-3.5,Hannah Schuchts,https://www.sports-reference.com/cbb/players/hannah-schuchts-1.html,missouri,2018-19
17,81,17,2019-01-10,Missouri,,Arkansas,REG (Conf),W 71-53,*,12,2,3,.667,0,1,.000,2,2,1.000,.667,0,0,,0,2,2,0,0,0,0,0,4,3.3,Hannah Schuchts,https://www.sports-reference.com/cbb/players/hannah-schuchts-1.html,missouri,2018-19
18,82,18,2019-01-13,Missouri,@,Florida,REG (Conf),L 56-58,*,17,2,6,.333,1,2,.500,1,4,.250,.417,0,0,,1,4,5,2,0,1,0,0,5,5.6,Hannah Schuchts,https://www.sports-reference.com/cbb/players/hannah-schuchts-1.html,missouri,2018-19
19,83,19,2019-01-17,Missouri,,Georgia,REG (Conf),W 61-35,*,11,0,2,.000,0,1,.000,0,1,.000,.000,0,0,,1,2,3,1,0,2,0,1,0,1.6,Hannah Schuchts,https://www.sports-reference.com/cbb/players/hannah-schuchts-1.html,missouri,2018-19
20,84,20,2019-01-21,Missouri,@,South Carolina,REG (Conf),L 65-79,*,11,0,0,,0,0,,0,0,,,0,0,,0,2,2,0,0,1,0,2,0,0.5,Hannah Schuchts,https://www.sports-reference.com/cbb/players/hannah-schuchts-1.html,missouri,2018-19
21,85,21,2019-01-24,Missouri,@,Kentucky,REG (Conf),L 41-52,,9,0,1,.000,0,0,,0,1,.000,.000,0,0,,0,4,4,0,0,0,0,0,0,0.5,Hannah Schuchts,https://www.sports-reference.com/cbb/players/hannah-schuchts-1.html,missouri,2018-19
22,86,22,2019-01-27,Missouri,,Auburn,REG (Conf),W 74-65,,9,0,3,.000,0,2,.000,0,1,.000,.000,0,0,,2,2,4,0,0,1,0,2,0,-0.2,Hannah Schuchts,https://www.sports-reference.com/cbb/players/hannah-schuchts-1.html,missouri,2018-19
23,87,23,2019-02-04,Missouri,@,Louisiana State,REG (Conf),L 51-61,,8,0,1,.000,0,1,.000,0,0,,.000,0,0,,1,1,2,0,0,1,1,1,0,-0.4,Hannah Schuchts,https://www.sports-reference.com/cbb/players/hannah-schuchts-1.html,missouri,2018-19
24,88,24,2019-02-07,Missouri,,Texas A&M,REG (Conf),W 70-65 (OT),,6,0,0,,0,0,,0,0,,,0,2,.000,0,1,1,0,0,1,1,2,0,-1.6,Hannah Schuchts,https://www.sports-reference.com/cbb/players/hannah-schuchts-1.html,missouri,2018-19
25,89,25,2019-02-10,Missouri,,Vanderbilt,REG (Conf),W 69-46,,16,0,3,.000,0,1,.000,0,2,.000,.000,0,0,,1,3,4,0,0,3,2,2,0,-1.2,Hannah Schuchts,https://www.sports-reference.com/cbb/players/hannah-schuchts-1.html,missouri,2018-19
26,90,26,2019-02-14,Missouri,@,Mississippi State,REG (Conf),W 75-67,,22,2,3,.667,2,3,.667,0,0,,1.000,0,0,,1,2,3,1,1,1,1,2,6,6.6,Hannah Schuchts,https://www.sports-reference.com/cbb/players/hannah-schuchts-1.html,missouri,2018-19
27,91,27,2019-02-17,Missouri,,Tennessee,REG (Conf),L 60-62,,8,1,3,.333,1,2,.500,0,1,.000,.500,0,0,,1,1,2,0,0,2,2,1,3,1.3,Hannah Schuchts,https://www.sports-reference.com/cbb/players/hannah-schuchts-1.html,missouri,2018-19
28,92,28,2019-02-24,Missouri,@,Auburn,REG (Conf),L 54-58,,15,0,1,.000,0,0,,0,1,.000,.000,0,0,,0,5,5,0,0,2,0,1,0,1.8,Hannah Schuchts,https://www.sports-reference.com/cbb/players/hannah-schuchts-1.html,missouri,2018-19
29,93,29,2019-02-28,Missouri,@,Arkansas,REG (Conf),W 73-67,,8,0,2,.000,0,1,.000,0,1,.000,.000,0,0,,1,2,3,0,0,0,0,0,0,-0.1,Hannah Schuchts,https://www.sports-reference.com/cbb/players/hannah-schuchts-1.html,missouri,2018-19
30,94,30,2019-03-03,Missouri,,Alabama,REG (Conf),W 82-47,,13,4,4,1.000,4,4,1.000,0,0,,1.500,0,0,,1,3,4,0,0,1,1,1,12,11.7,Hannah Schuchts,https://www.sports-reference.com/cbb/players/hannah-schuchts-1.html,missouri,2018-19
31,95,31,2019-03-07,Missouri,,Florida,CTOURN,W 87-56,,21,5,8,.625,4,6,.667,1,2,.500,.875,2,2,1.000,1,2,3,0,0,3,3,1,16,12.4,Hannah Schuchts,https://www.sports-reference.com/cbb/players/hannah-schuchts-1.html,missouri,2018-19
32,96,32,2019-03-08,Missouri,@,Kentucky,CTOURN,W 70-68 (OT),,16,2,3,.667,2,3,.667,0,0,,1.000,0,0,,1,4,5,2,1,2,3,1,6,7.0,Hannah Schuchts,https://www.sports-reference.com/cbb/players/hannah-schuchts-1.html,missouri,2018-19
33,97,33,2019-03-09,Missouri,@,Mississippi State,CTOURN,L 56-71,,16,2,4,.500,0,1,.000,2,3,.667,.500,1,2,.500,0,0,0,0,0,3,1,3,5,2.5,Hannah Schuchts,https://www.sports-reference.com/cbb/players/hannah-schuchts-1.html,missouri,2018-19
34,98,34,2019-03-22,Missouri,,Drake,ROUND-64,W 77-76 (OT),,8,0,0,,0,0,,0,0,,,0,0,,0,2,2,0,1,0,0,1,0,1.2,Hannah Schuchts,https://www.sports-reference.com/cbb/players/hannah-schuchts-1.html,missouri,2018-19
35,99,35,2019-03-24,Missouri,@,Iowa,ROUND-32,L 52-68,,14,0,2,.000,0,2,.000,0,0,,.000,0,0,,1,0,1,2,0,2,1,1,0,0.7,Hannah Schuchts,https://www.sports-reference.com/cbb/players/hannah-schuchts-1.html,missouri,2018-19
