ranker,player_game_num_career,team_game_num_season,date,team_name_abbr,game_location,opp_name_abbr,game_type,game_result,is_starter,mp,fg,fga,fg_pct,fg3,fg3a,fg3_pct,fg2,fg2a,fg2_pct,efg_pct,ft,fta,ft_pct,orb,drb,trb,ast,stl,blk,tov,pf,pts,game_score,player_name,player_sr_link,school,season
1,59,1,2018-11-06,Missouri,@,Western Illinois,REG (Non-Conf),W 89-64,,16,1,4,.250,0,2,.000,1,2,.500,.250,0,0,,1,6,7,1,1,0,0,1,2,3.4,Jordan Roundtree,https://www.sports-reference.com/cbb/players/jordan-roundtree-1.html,missouri,2018-19
2,60,2,2018-11-13,Missouri,,Missouri State,REG (Non-Conf),W 65-61,,11,0,1,.000,0,1,.000,0,0,,.000,2,2,1.000,0,1,1,0,0,0,0,2,2,0.8,Jordan Roundtree,https://www.sports-reference.com/cbb/players/jordan-roundtree-1.html,missouri,2018-19
3,61,3,2018-11-16,Missouri,,Green Bay,REG (Non-Conf),L 49-56,,8,0,2,.000,0,1,.000,0,1,.000,.000,1,2,.500,1,1,2,0,0,0,1,1,1,-1.2,Jordan Roundtree,https://www.sports-reference.com/cbb/players/jordan-roundtree-1.html,missouri,2018-19
4,62,4,2018-11-19,Missouri,,SIU Edwardsville,REG (Non-Conf),W 59-36,,11,1,2,.500,0,1,.000,1,1,1.000,.500,0,0,,0,1,1,1,0,1,1,1,2,1.3,Jordan Roundtree,https://www.sports-reference.com/cbb/players/jordan-roundtree-1.html,missouri,2018-19
5,63,5,2018-11-23,Missouri,,Michigan,REG (Non-Conf),L 54-70,,19,3,7,.429,0,3,.000,3,4,.750,.429,0,0,,1,3,4,0,0,0,0,2,6,3.1,Jordan Roundtree,https://www.sports-reference.com/cbb/players/jordan-roundtree-1.html,missouri,2018-19
6,64,6,2018-11-24,Missouri,@,Quinnipiac,REG (Non-Conf),W 65-51,,11,0,0,,0,0,,0,0,,,0,0,,0,1,1,0,0,0,1,0,0,-0.7,Jordan Roundtree,https://www.sports-reference.com/cbb/players/jordan-roundtree-1.html,missouri,2018-19
7,65,7,2018-11-25,Missouri,@,Duke,REG (Non-Conf),W 62-54,,3,0,1,.000,0,1,.000,0,0,,.000,0,0,,0,0,0,0,0,0,0,0,0,-0.7,Jordan Roundtree,https://www.sports-reference.com/cbb/players/jordan-roundtree-1.html,missouri,2018-19
8,66,8,2018-12-02,Missouri,@,West Virginia,REG (Non-Conf),W 68-51,,18,1,2,.500,0,0,,1,2,.500,.500,0,0,,0,2,2,0,1,0,1,0,2,1.6,Jordan Roundtree,https://www.sports-reference.com/cbb/players/jordan-roundtree-1.html,missouri,2018-19
9,67,9,2018-12-06,Missouri,,Kansas City,REG (Non-Conf),W 66-59,,13,1,3,.333,0,1,.000,1,2,.500,.333,1,3,.333,2,1,3,0,1,0,0,1,3,2.8,Jordan Roundtree,https://www.sports-reference.com/cbb/players/jordan-roundtree-1.html,missouri,2018-19
10,68,10,2018-12-09,Missouri,@,Saint Louis,REG (Non-Conf),W 74-62,,11,1,2,.500,0,1,.000,1,1,1.000,.500,0,0,,2,2,4,1,0,0,0,0,2,3.7,Jordan Roundtree,https://www.sports-reference.com/cbb/players/jordan-roundtree-1.html,missouri,2018-19
11,69,11,2018-12-15,Missouri,,South Dakota,REG (Non-Conf),L 61-74,,6,0,0,,0,0,,0,0,,,0,0,,0,0,0,0,0,0,1,0,0,-1.0,Jordan Roundtree,https://www.sports-reference.com/cbb/players/jordan-roundtree-1.html,missouri,2018-19
12,70,12,2018-12-17,Missouri,,Texas State,REG (Non-Conf),W 69-50,*,29,4,7,.571,0,2,.000,4,5,.800,.571,2,2,1.000,0,5,5,1,3,0,1,0,10,10.9,Jordan Roundtree,https://www.sports-reference.com/cbb/players/jordan-roundtree-1.html,missouri,2018-19
13,71,13,2018-12-21,Missouri,@,Illinois,REG (Non-Conf),W 67-45,*,14,0,1,.000,0,1,.000,0,0,,.000,0,0,,2,4,6,2,0,0,2,0,0,1.3,Jordan Roundtree,https://www.sports-reference.com/cbb/players/jordan-roundtree-1.html,missouri,2018-19
14,72,14,2018-12-30,Missouri,,Arkansas State,REG (Non-Conf),W 70-50,*,24,4,7,.571,1,3,.333,3,4,.750,.643,0,0,,4,2,6,1,0,1,2,0,9,8.5,Jordan Roundtree,https://www.sports-reference.com/cbb/players/jordan-roundtree-1.html,missouri,2018-19
15,73,15,2019-01-03,Missouri,,Ole Miss,REG (Conf),W 78-55,*,26,3,6,.500,2,4,.500,1,2,.500,.667,2,2,1.000,0,3,3,1,0,0,1,0,10,7.6,Jordan Roundtree,https://www.sports-reference.com/cbb/players/jordan-roundtree-1.html,missouri,2018-19
16,74,16,2019-01-06,Missouri,@,Tennessee,REG (Conf),W 66-64,*,15,0,1,.000,0,1,.000,0,0,,.000,2,2,1.000,0,1,1,2,0,0,0,0,2,3.0,Jordan Roundtree,https://www.sports-reference.com/cbb/players/jordan-roundtree-1.html,missouri,2018-19
17,75,17,2019-01-10,Missouri,,Arkansas,REG (Conf),W 71-53,*,23,2,9,.222,0,3,.000,2,6,.333,.222,4,4,1.000,1,1,2,2,0,0,0,1,8,4.5,Jordan Roundtree,https://www.sports-reference.com/cbb/players/jordan-roundtree-1.html,missouri,2018-19
18,76,18,2019-01-13,Missouri,@,Florida,REG (Conf),L 56-58,*,17,3,6,.500,3,5,.600,0,1,.000,.750,0,0,,0,1,1,2,0,0,1,1,9,6.3,Jordan Roundtree,https://www.sports-reference.com/cbb/players/jordan-roundtree-1.html,missouri,2018-19
19,77,19,2019-01-17,Missouri,,Georgia,REG (Conf),W 61-35,*,16,0,1,.000,0,1,.000,0,0,,.000,0,0,,1,1,2,1,1,0,2,0,0,0.0,Jordan Roundtree,https://www.sports-reference.com/cbb/players/jordan-roundtree-1.html,missouri,2018-19
20,78,20,2019-01-21,Missouri,@,South Carolina,REG (Conf),L 65-79,*,19,0,1,.000,0,0,,0,1,.000,.000,2,2,1.000,0,7,7,0,1,0,1,0,2,3.4,Jordan Roundtree,https://www.sports-reference.com/cbb/players/jordan-roundtree-1.html,missouri,2018-19
21,79,21,2019-01-24,Missouri,@,Kentucky,REG (Conf),L 41-52,*,25,3,7,.429,0,3,.000,3,4,.750,.429,1,2,.500,1,3,4,1,0,0,1,1,7,3.8,Jordan Roundtree,https://www.sports-reference.com/cbb/players/jordan-roundtree-1.html,missouri,2018-19
22,80,22,2019-01-27,Missouri,,Auburn,REG (Conf),W 74-65,*,20,2,5,.400,1,2,.500,1,3,.333,.500,0,0,,0,4,4,3,0,0,1,0,5,4.6,Jordan Roundtree,https://www.sports-reference.com/cbb/players/jordan-roundtree-1.html,missouri,2018-19
23,81,23,2019-02-04,Missouri,@,Louisiana State,REG (Conf),L 51-61,*,6,1,1,1.000,0,0,,1,1,1.000,1.000,0,0,,0,2,2,0,0,0,1,0,2,1.3,Jordan Roundtree,https://www.sports-reference.com/cbb/players/jordan-roundtree-1.html,missouri,2018-19
24,82,24,2019-02-07,Missouri,,Texas A&M,REG (Conf),W 70-65 (OT),*,35,4,8,.500,0,2,.000,4,6,.667,.500,1,1,1.000,1,2,3,0,1,0,1,2,9,5.5,Jordan Roundtree,https://www.sports-reference.com/cbb/players/jordan-roundtree-1.html,missouri,2018-19
25,83,25,2019-02-10,Missouri,,Vanderbilt,REG (Conf),W 69-46,*,22,0,0,,0,0,,0,0,,,0,0,,0,1,1,1,0,0,2,0,0,-1.0,Jordan Roundtree,https://www.sports-reference.com/cbb/players/jordan-roundtree-1.html,missouri,2018-19
26,84,26,2019-02-14,Missouri,@,Mississippi State,REG (Conf),W 75-67,*,12,1,2,.500,0,1,.000,1,1,1.000,.500,2,2,1.000,2,1,3,2,0,0,3,2,4,2.3,Jordan Roundtree,https://www.sports-reference.com/cbb/players/jordan-roundtree-1.html,missouri,2018-19
27,85,27,2019-02-17,Missouri,,Tennessee,REG (Conf),L 60-62,*,11,1,2,.500,1,1,1.000,0,1,.000,.750,0,0,,0,1,1,1,0,0,0,0,3,3.0,Jordan Roundtree,https://www.sports-reference.com/cbb/players/jordan-roundtree-1.html,missouri,2018-19
28,86,28,2019-02-24,Missouri,@,Auburn,REG (Conf),L 54-58,*,17,1,2,.500,0,1,.000,1,1,1.000,.500,0,0,,0,0,0,0,1,0,1,0,2,1.0,Jordan Roundtree,https://www.sports-reference.com/cbb/players/jordan-roundtree-1.html,missouri,2018-19
29,87,29,2019-02-28,Missouri,@,Arkansas,REG (Conf),W 73-67,*,24,6,10,.600,4,7,.571,2,3,.667,.800,0,0,,1,2,3,1,0,0,2,1,16,11.0,Jordan Roundtree,https://www.sports-reference.com/cbb/players/jordan-roundtree-1.html,missouri,2018-19
30,88,30,2019-03-03,Missouri,,Alabama,REG (Conf),W 82-47,*,22,2,4,.500,1,3,.333,1,1,1.000,.625,1,2,.500,2,3,5,2,1,0,0,0,6,8.3,Jordan Roundtree,https://www.sports-reference.com/cbb/players/jordan-roundtree-1.html,missouri,2018-19
31,89,31,2019-03-07,Missouri,,Florida,CTOURN,W 87-56,*,16,2,7,.286,2,6,.333,0,1,.000,.429,0,0,,1,2,3,0,1,0,0,1,6,3.8,Jordan Roundtree,https://www.sports-reference.com/cbb/players/jordan-roundtree-1.html,missouri,2018-19
32,90,32,2019-03-08,Missouri,@,Kentucky,CTOURN,W 70-68 (OT),*,35,3,5,.600,0,1,.000,3,4,.750,.600,1,1,1.000,2,5,7,1,0,0,4,2,7,3.5,Jordan Roundtree,https://www.sports-reference.com/cbb/players/jordan-roundtree-1.html,missouri,2018-19
33,91,33,2019-03-09,Missouri,@,Mississippi State,CTOURN,L 56-71,*,16,0,1,.000,0,1,.000,0,0,,.000,1,2,.500,0,0,0,0,1,0,1,1,1,-0.5,Jordan Roundtree,https://www.sports-reference.com/cbb/players/jordan-roundtree-1.html,missouri,2018-19
34,92,34,2019-03-22,Missouri,,Drake,ROUND-64,W 77-76 (OT),*,31,3,5,.600,0,1,.000,3,4,.750,.600,1,3,.333,0,4,4,2,2,0,4,1,7,4.1,Jordan Roundtree,https://www.sports-reference.com/cbb/players/jordan-roundtree-1.html,missouri,2018-19
35,93,35,2019-03-24,Missouri,@,Iowa,ROUND-32,L 52-68,*,20,2,5,.400,1,3,.333,1,2,.500,.500,0,0,,1,3,4,2,0,0,3,1,5,1.9,Jordan Roundtree,https://www.sports-reference.com/cbb/players/jordan-roundtree-1.html,missouri,2018-19
