ranker,player_game_num_career,team_game_num_season,date,team_name_abbr,game_location,opp_name_abbr,game_type,game_result,is_starter,mp,fg,fga,fg_pct,fg3,fg3a,fg3_pct,fg2,fg2a,fg2_pct,efg_pct,ft,fta,ft_pct,orb,drb,trb,ast,stl,blk,tov,pf,pts,game_score,player_name,player_sr_link,school,season
1,66,1,2018-11-06,Missouri,@,Western Illinois,REG (Non-Conf),W 89-64,,19,3,7,.429,3,6,.500,0,1,.000,.643,0,0,,0,3,3,3,0,0,0,3,9,7.1,Jordan Chavis,https://www.sports-reference.com/cbb/players/jordan-chavis-1.html,missouri,2018-19
2,67,2,2018-11-13,Missouri,,Missouri State,REG (Non-Conf),W 65-61,,17,1,4,.250,0,2,.000,1,2,.500,.250,1,2,.500,0,4,4,3,1,0,0,2,3,3.7,Jordan Chavis,https://www.sports-reference.com/cbb/players/jordan-chavis-1.html,missouri,2018-19
3,68,3,2018-11-16,Missouri,,Green Bay,REG (Non-Conf),L 49-56,,14,0,2,.000,0,2,.000,0,0,,.000,0,0,,0,2,2,0,0,0,1,3,0,-3.0,Jordan Chavis,https://www.sports-reference.com/cbb/players/jordan-chavis-1.html,missouri,2018-19
4,69,4,2018-11-19,Missouri,,SIU Edwardsville,REG (Non-Conf),W 59-36,,10,0,2,.000,0,1,.000,0,1,.000,.000,2,2,1.000,0,1,1,1,1,0,0,0,2,2.6,Jordan Chavis,https://www.sports-reference.com/cbb/players/jordan-chavis-1.html,missouri,2018-19
5,70,5,2018-11-23,Missouri,,Michigan,REG (Non-Conf),L 54-70,,9,2,4,.500,2,3,.667,0,1,.000,.750,0,0,,1,0,1,2,1,0,2,0,6,5.1,Jordan Chavis,https://www.sports-reference.com/cbb/players/jordan-chavis-1.html,missouri,2018-19
6,71,6,2018-11-24,Missouri,@,Quinnipiac,REG (Non-Conf),W 65-51,*,32,1,5,.200,0,4,.000,1,1,1.000,.200,2,3,.667,0,3,3,1,0,0,2,3,4,-1.1,Jordan Chavis,https://www.sports-reference.com/cbb/players/jordan-chavis-1.html,missouri,2018-19
7,72,7,2018-11-25,Missouri,@,Duke,REG (Non-Conf),W 62-54,*,30,0,6,.000,0,5,.000,0,1,.000,.000,2,2,1.000,0,0,0,2,2,0,1,1,2,-0.2,Jordan Chavis,https://www.sports-reference.com/cbb/players/jordan-chavis-1.html,missouri,2018-19
8,73,8,2018-12-02,Missouri,@,West Virginia,REG (Non-Conf),W 68-51,*,30,3,9,.333,3,9,.333,0,0,,.500,2,3,.667,0,5,5,3,0,1,3,2,11,6.0,Jordan Chavis,https://www.sports-reference.com/cbb/players/jordan-chavis-1.html,missouri,2018-19
9,74,9,2018-12-06,Missouri,,Kansas City,REG (Non-Conf),W 66-59,*,15,0,2,.000,0,0,,0,2,.000,.000,0,0,,0,1,1,0,0,0,0,2,0,-1.9,Jordan Chavis,https://www.sports-reference.com/cbb/players/jordan-chavis-1.html,missouri,2018-19
10,75,10,2018-12-09,Missouri,@,Saint Louis,REG (Non-Conf),W 74-62,*,14,1,2,.500,1,2,.500,0,0,,.750,0,0,,0,0,0,0,0,0,0,0,3,2.0,Jordan Chavis,https://www.sports-reference.com/cbb/players/jordan-chavis-1.html,missouri,2018-19
11,76,11,2018-12-15,Missouri,,South Dakota,REG (Non-Conf),L 61-74,*,29,1,5,.200,1,5,.200,0,0,,.300,2,3,.667,0,1,1,2,1,0,0,5,5,2.2,Jordan Chavis,https://www.sports-reference.com/cbb/players/jordan-chavis-1.html,missouri,2018-19
12,77,12,2018-12-17,Missouri,,Texas State,REG (Non-Conf),W 69-50,,4,0,2,.000,0,2,.000,0,0,,.000,0,0,,0,0,0,0,1,0,0,0,0,-0.4,Jordan Chavis,https://www.sports-reference.com/cbb/players/jordan-chavis-1.html,missouri,2018-19
13,78,13,2018-12-21,Missouri,@,Illinois,REG (Non-Conf),W 67-45,,10,0,4,.000,0,3,.000,0,1,.000,.000,0,0,,0,0,0,0,1,0,0,0,0,-1.8,Jordan Chavis,https://www.sports-reference.com/cbb/players/jordan-chavis-1.html,missouri,2018-19
14,79,14,2018-12-30,Missouri,,Arkansas State,REG (Non-Conf),W 70-50,,8,3,4,.750,1,1,1.000,2,3,.667,.875,0,0,,1,1,2,0,0,0,0,1,7,6.0,Jordan Chavis,https://www.sports-reference.com/cbb/players/jordan-chavis-1.html,missouri,2018-19
15,80,15,2019-01-03,Missouri,,Ole Miss,REG (Conf),W 78-55,,12,1,1,1.000,1,1,1.000,0,0,,1.500,1,2,.500,0,1,1,1,1,0,0,2,4,4.5,Jordan Chavis,https://www.sports-reference.com/cbb/players/jordan-chavis-1.html,missouri,2018-19
16,81,16,2019-01-06,Missouri,@,Tennessee,REG (Conf),W 66-64,,5,0,0,,0,0,,0,0,,,0,0,,0,0,0,0,0,0,0,0,0,0.0,Jordan Chavis,https://www.sports-reference.com/cbb/players/jordan-chavis-1.html,missouri,2018-19
17,82,17,2019-01-10,Missouri,,Arkansas,REG (Conf),W 71-53,,9,0,1,.000,0,1,.000,0,0,,.000,0,0,,0,2,2,0,0,0,0,1,0,-0.5,Jordan Chavis,https://www.sports-reference.com/cbb/players/jordan-chavis-1.html,missouri,2018-19
18,83,18,2019-01-13,Missouri,@,Florida,REG (Conf),L 56-58,,4,0,0,,0,0,,0,0,,,0,0,,0,0,0,0,0,0,0,1,0,-0.4,Jordan Chavis,https://www.sports-reference.com/cbb/players/jordan-chavis-1.html,missouri,2018-19
19,84,19,2019-01-17,Missouri,,Georgia,REG (Conf),W 61-35,,1,0,0,,0,0,,0,0,,,0,0,,0,1,1,0,0,0,0,0,0,0.3,Jordan Chavis,https://www.sports-reference.com/cbb/players/jordan-chavis-1.html,missouri,2018-19
20,85,20,2019-01-21,Missouri,@,South Carolina,REG (Conf),L 65-79,,20,2,4,.500,1,3,.333,1,1,1.000,.625,0,0,,0,1,1,0,1,0,2,1,5,1.9,Jordan Chavis,https://www.sports-reference.com/cbb/players/jordan-chavis-1.html,missouri,2018-19
21,86,21,2019-01-24,Missouri,@,Kentucky,REG (Conf),L 41-52,,12,1,1,1.000,1,1,1.000,0,0,,1.500,2,3,.667,0,0,0,1,0,0,0,2,5,4.2,Jordan Chavis,https://www.sports-reference.com/cbb/players/jordan-chavis-1.html,missouri,2018-19
22,87,22,2019-01-27,Missouri,,Auburn,REG (Conf),W 74-65,,8,1,2,.500,1,2,.500,0,0,,.750,0,0,,0,1,1,1,0,0,1,0,3,2.0,Jordan Chavis,https://www.sports-reference.com/cbb/players/jordan-chavis-1.html,missouri,2018-19
23,88,23,2019-02-04,Missouri,@,Louisiana State,REG (Conf),L 51-61,,10,0,3,.000,0,3,.000,0,0,,.000,0,0,,0,1,1,1,1,0,0,1,0,-0.5,Jordan Chavis,https://www.sports-reference.com/cbb/players/jordan-chavis-1.html,missouri,2018-19
24,89,24,2019-02-07,Missouri,,Texas A&M,REG (Conf),W 70-65 (OT),,4,0,1,.000,0,1,.000,0,0,,.000,0,0,,0,1,1,0,0,0,0,2,0,-1.2,Jordan Chavis,https://www.sports-reference.com/cbb/players/jordan-chavis-1.html,missouri,2018-19
25,90,25,2019-02-10,Missouri,,Vanderbilt,REG (Conf),W 69-46,,16,3,6,.500,2,4,.500,1,2,.500,.667,0,0,,1,1,2,1,0,0,1,0,8,5.7,Jordan Chavis,https://www.sports-reference.com/cbb/players/jordan-chavis-1.html,missouri,2018-19
26,91,26,2019-02-14,Missouri,@,Mississippi State,REG (Conf),W 75-67,,3,0,1,.000,0,1,.000,0,0,,.000,0,0,,0,1,1,0,0,0,0,0,0,-0.4,Jordan Chavis,https://www.sports-reference.com/cbb/players/jordan-chavis-1.html,missouri,2018-19
27,92,27,2019-02-17,Missouri,,Tennessee,REG (Conf),L 60-62,,2,0,0,,0,0,,0,0,,,0,0,,0,0,0,0,0,0,0,0,0,0.0,Jordan Chavis,https://www.sports-reference.com/cbb/players/jordan-chavis-1.html,missouri,2018-19
28,93,28,2019-02-24,Missouri,@,Auburn,REG (Conf),L 54-58,,10,1,2,.500,1,2,.500,0,0,,.750,0,0,,2,0,2,0,0,0,1,2,3,1.6,Jordan Chavis,https://www.sports-reference.com/cbb/players/jordan-chavis-1.html,missouri,2018-19
29,94,29,2019-02-28,Missouri,@,Arkansas,REG (Conf),W 73-67,,27,2,6,.333,2,5,.400,0,1,.000,.500,5,5,1.000,0,1,1,0,0,0,0,3,11,6.7,Jordan Chavis,https://www.sports-reference.com/cbb/players/jordan-chavis-1.html,missouri,2018-19
30,95,30,2019-03-03,Missouri,,Alabama,REG (Conf),W 82-47,,14,0,4,.000,0,2,.000,0,2,.000,.000,1,3,.333,0,1,1,2,1,0,0,0,1,0.1,Jordan Chavis,https://www.sports-reference.com/cbb/players/jordan-chavis-1.html,missouri,2018-19
31,96,31,2019-03-07,Missouri,,Florida,CTOURN,W 87-56,,19,1,3,.333,1,2,.500,0,1,.000,.500,0,0,,0,2,2,0,1,0,0,0,3,2.9,Jordan Chavis,https://www.sports-reference.com/cbb/players/jordan-chavis-1.html,missouri,2018-19
32,97,32,2019-03-08,Missouri,@,Kentucky,CTOURN,W 70-68 (OT),,9,0,2,.000,0,1,.000,0,1,.000,.000,0,0,,0,2,2,1,0,0,2,3,0,-3.3,Jordan Chavis,https://www.sports-reference.com/cbb/players/jordan-chavis-1.html,missouri,2018-19
33,98,33,2019-03-09,Missouri,@,Mississippi State,CTOURN,L 56-71,,14,2,3,.667,2,3,.667,0,0,,1.000,0,0,,0,3,3,0,0,0,4,0,6,1.6,Jordan Chavis,https://www.sports-reference.com/cbb/players/jordan-chavis-1.html,missouri,2018-19
34,99,34,2019-03-22,Missouri,,Drake,ROUND-64,W 77-76 (OT),,9,0,3,.000,0,3,.000,0,0,,.000,0,0,,0,0,0,0,0,0,0,0,0,-2.1,Jordan Chavis,https://www.sports-reference.com/cbb/players/jordan-chavis-1.html,missouri,2018-19
35,100,35,2019-03-24,Missouri,@,Iowa,ROUND-32,L 52-68,,14,1,2,.500,1,2,.500,0,0,,.750,0,0,,1,1,2,1,1,0,0,1,3,4.3,Jordan Chavis,https://www.sports-reference.com/cbb/players/jordan-chavis-1.html,missouri,2018-19
