ranker,player_game_num_career,team_game_num_season,date,team_name_abbr,game_location,opp_name_abbr,game_type,game_result,is_starter,mp,fg,fga,fg_pct,fg3,fg3a,fg3_pct,fg2,fg2a,fg2_pct,efg_pct,ft,fta,ft_pct,orb,drb,trb,ast,stl,blk,tov,pf,pts,game_score,player_name,player_sr_link,school,season
1,20,1,2018-11-06,Missouri,@,Western Illinois,REG (Non-Conf),W 89-64,,4,0,1,.000,0,0,,0,1,.000,.000,0,0,,2,1,3,0,0,0,1,1,0,-0.4,Nadia Green,https://www.sports-reference.com/cbb/players/nadia-green-1.html,missouri,2018-19
2,21,3,2018-11-16,Missouri,,Green Bay,REG (Non-Conf),L 49-56,,2,0,0,,0,0,,0,0,,,0,0,,0,0,0,0,0,0,0,0,0,0.0,Nadia Green,https://www.sports-reference.com/cbb/players/nadia-green-1.html,missouri,2018-19
3,22,4,2018-11-19,Missouri,,SIU Edwardsville,REG (Non-Conf),W 59-36,,9,0,1,.000,0,1,.000,0,0,,.000,2,2,1.000,0,0,0,0,1,0,2,2,2,-0.5,Nadia Green,https://www.sports-reference.com/cbb/players/nadia-green-1.html,missouri,2018-19
4,23,5,2018-11-23,Missouri,,Michigan,REG (Non-Conf),L 54-70,,2,0,0,,0,0,,0,0,,,0,0,,0,0,0,0,0,0,0,0,0,0.0,Nadia Green,https://www.sports-reference.com/cbb/players/nadia-green-1.html,missouri,2018-19
5,24,6,2018-11-24,Missouri,@,Quinnipiac,REG (Non-Conf),W 65-51,,0,0,0,,0,0,,0,0,,,0,0,,0,0,0,0,0,0,0,0,0,0.0,Nadia Green,https://www.sports-reference.com/cbb/players/nadia-green-1.html,missouri,2018-19
6,25,9,2018-12-06,Missouri,,Kansas City,REG (Non-Conf),W 66-59,,1,0,0,,0,0,,0,0,,,0,0,,0,0,0,0,0,0,0,0,0,0.0,Nadia Green,https://www.sports-reference.com/cbb/players/nadia-green-1.html,missouri,2018-19
7,26,12,2018-12-17,Missouri,,Texas State,REG (Non-Conf),W 69-50,,4,0,0,,0,0,,0,0,,,0,0,,0,1,1,0,0,0,0,0,0,0.3,Nadia Green,https://www.sports-reference.com/cbb/players/nadia-green-1.html,missouri,2018-19
8,27,13,2018-12-21,Missouri,@,Illinois,REG (Non-Conf),W 67-45,,4,0,2,.000,0,1,.000,0,1,.000,.000,0,0,,0,0,0,0,0,0,0,0,0,-1.4,Nadia Green,https://www.sports-reference.com/cbb/players/nadia-green-1.html,missouri,2018-19
9,28,14,2018-12-30,Missouri,,Arkansas State,REG (Non-Conf),W 70-50,,2,1,1,1.000,0,0,,1,1,1.000,1.000,0,0,,0,0,0,0,0,0,0,0,2,1.7,Nadia Green,https://www.sports-reference.com/cbb/players/nadia-green-1.html,missouri,2018-19
10,29,15,2019-01-03,Missouri,,Ole Miss,REG (Conf),W 78-55,,2,0,0,,0,0,,0,0,,,0,2,.000,0,0,0,0,0,0,0,0,0,-0.8,Nadia Green,https://www.sports-reference.com/cbb/players/nadia-green-1.html,missouri,2018-19
11,30,17,2019-01-10,Missouri,,Arkansas,REG (Conf),W 71-53,,1,0,0,,0,0,,0,0,,,0,0,,0,0,0,0,0,0,0,0,0,0.0,Nadia Green,https://www.sports-reference.com/cbb/players/nadia-green-1.html,missouri,2018-19
12,31,23,2019-02-04,Missouri,@,Louisiana State,REG (Conf),L 51-61,,4,0,1,.000,0,1,.000,0,0,,.000,0,0,,0,1,1,0,1,0,0,1,0,0.2,Nadia Green,https://www.sports-reference.com/cbb/players/nadia-green-1.html,missouri,2018-19
13,32,25,2019-02-10,Missouri,,Vanderbilt,REG (Conf),W 69-46,,3,0,1,.000,0,0,,0,1,.000,.000,0,0,,0,0,0,0,1,0,0,1,0,-0.1,Nadia Green,https://www.sports-reference.com/cbb/players/nadia-green-1.html,missouri,2018-19
14,33,28,2019-02-24,Missouri,@,Auburn,REG (Conf),L 54-58,,0,0,0,,0,0,,0,0,,,0,0,,0,0,0,0,0,0,0,0,0,0.0,Nadia Green,https://www.sports-reference.com/cbb/players/nadia-green-1.html,missouri,2018-19
15,34,30,2019-03-03,Missouri,,Alabama,REG (Conf),W 82-47,,2,0,0,,0,0,,0,0,,,0,0,,0,0,0,0,0,0,0,0,0,0.0,Nadia Green,https://www.sports-reference.com/cbb/players/nadia-green-1.html,missouri,2018-19
16,35,31,2019-03-07,Missouri,,Florida,CTOURN,W 87-56,,5,1,1,1.000,0,0,,1,1,1.000,1.000,0,0,,0,1,1,0,0,0,0,0,2,2.0,Nadia Green,https://www.sports-reference.com/cbb/players/nadia-green-1.html,missouri,2018-19
17,36,33,2019-03-09,Missouri,@,Mississippi State,CTOURN,L 56-71,,1,0,0,,0,0,,0,0,,,0,0,,0,0,0,0,1,0,0,0,0,1.0,Nadia Green,https://www.sports-reference.com/cbb/players/nadia-green-1.html,missouri,2018-19
18,37,35,2019-03-24,Missouri,@,Iowa,ROUND-32,L 52-68,,0,0,0,,0,0,,0,0,,,0,0,,0,0,0,0,0,0,0,0,0,0.0,Nadia Green,https://www.sports-reference.com/cbb/players/nadia-green-1.html,missouri,2018-19
