ranker,player_game_num_career,team_game_num_season,date,team_name_abbr,game_location,opp_name_abbr,game_type,game_result,is_starter,mp,fg,fga,fg_pct,fg3,fg3a,fg3_pct,fg2,fg2a,fg2_pct,efg_pct,ft,fta,ft_pct,orb,drb,trb,ast,stl,blk,tov,pf,pts,game_score,player_name,player_sr_link,school,season
1,92,1,2019-11-05,Utah Valley,@,UC Santa Barbara,REG (Non-Conf),L 51-59,*,30,3,13,.231,1,8,.125,2,5,.400,.269,0,0,,1,6,7,1,0,0,1,3,7,0.1,Jordan Holland,https://www.sports-reference.com/cbb/players/jordan-holland-1.html,utah-valley,2019-20
2,93,2,2019-11-09,Utah Valley,,Southern Utah,REG (Non-Conf),L 58-71,*,31,2,10,.200,1,5,.200,1,5,.200,.250,8,10,.800,2,8,10,3,2,0,1,3,13,11.7,Jordan Holland,https://www.sports-reference.com/cbb/players/jordan-holland-1.html,utah-valley,2019-20
3,94,3,2019-11-16,Utah Valley,,Nevada,REG (Non-Conf),L 57-60,*,34,4,7,.571,2,2,1.000,2,5,.400,.714,3,4,.750,1,4,5,1,1,0,2,5,13,8.9,Jordan Holland,https://www.sports-reference.com/cbb/players/jordan-holland-1.html,utah-valley,2019-20
4,95,4,2019-11-21,Utah Valley,@,UC Riverside,REG (Non-Conf),L 53-67,*,34,1,11,.091,1,7,.143,0,4,.000,.136,1,2,.500,3,4,7,2,0,0,5,1,4,-4.4,Jordan Holland,https://www.sports-reference.com/cbb/players/jordan-holland-1.html,utah-valley,2019-20
5,96,5,2019-11-26,Utah Valley,@,Boise State,REG (Non-Conf),L 69-77,*,32,4,12,.333,2,7,.286,2,5,.400,.417,3,4,.750,0,3,3,2,0,0,2,5,13,4.1,Jordan Holland,https://www.sports-reference.com/cbb/players/jordan-holland-1.html,utah-valley,2019-20
6,97,6,2019-11-30,Utah Valley,,Antelope Valley,REG (Non-Conf),W 77-61,*,29,6,13,.462,1,4,.250,5,9,.556,.500,4,4,1.000,1,5,6,0,4,1,2,4,17,13.6,Jordan Holland,https://www.sports-reference.com/cbb/players/jordan-holland-1.html,utah-valley,2019-20
7,98,7,2019-12-03,Utah Valley,,Idaho State,REG (Non-Conf),L 61-88,*,25,2,6,.333,0,4,.000,2,2,1.000,.333,1,2,.500,0,6,6,1,2,0,3,2,5,1.9,Jordan Holland,https://www.sports-reference.com/cbb/players/jordan-holland-1.html,utah-valley,2019-20
8,99,8,2019-12-07,Utah Valley,,Montana,REG (Non-Conf),L 52-63,*,25,4,8,.500,0,3,.000,4,5,.800,.500,1,1,1.000,0,3,3,1,2,0,0,5,9,6.6,Jordan Holland,https://www.sports-reference.com/cbb/players/jordan-holland-1.html,utah-valley,2019-20
9,100,9,2019-12-14,Utah Valley,@,Brigham Young,REG (Non-Conf),L 57-71,*,30,2,9,.222,1,5,.200,1,4,.250,.278,2,2,1.000,0,0,0,0,0,0,1,1,7,0.1,Jordan Holland,https://www.sports-reference.com/cbb/players/jordan-holland-1.html,utah-valley,2019-20
10,101,10,2019-12-17,Utah Valley,@,Weber State,REG (Non-Conf),L 46-72,*,32,1,11,.091,1,8,.125,0,3,.000,.136,4,4,1.000,2,1,3,2,1,0,2,3,7,0.6,Jordan Holland,https://www.sports-reference.com/cbb/players/jordan-holland-1.html,utah-valley,2019-20
11,102,11,2019-12-21,Utah Valley,,Utah State,REG (Non-Conf),W 57-49,*,37,5,11,.455,1,1,1.000,4,10,.400,.500,5,7,.714,4,5,9,4,2,0,2,2,16,15.8,Jordan Holland,https://www.sports-reference.com/cbb/players/jordan-holland-1.html,utah-valley,2019-20
12,103,12,2019-12-28,Utah Valley,,Ottawa (AZ),REG (Non-Conf),W 99-50,*,22,2,4,.500,1,2,.500,1,2,.500,.625,7,8,.875,0,4,4,3,2,0,1,0,12,13.9,Jordan Holland,https://www.sports-reference.com/cbb/players/jordan-holland-1.html,utah-valley,2019-20
13,104,13,2020-01-02,Utah Valley,,Chicago State,REG (Conf),W 89-58,*,22,5,10,.500,1,3,.333,4,7,.571,.550,4,9,.444,2,3,5,2,1,0,3,3,15,8.5,Jordan Holland,https://www.sports-reference.com/cbb/players/jordan-holland-1.html,utah-valley,2019-20
14,105,14,2020-01-04,Utah Valley,,Kansas City,REG (Conf),W 62-41,*,32,1,8,.125,0,3,.000,1,5,.200,.125,2,2,1.000,1,8,9,4,1,0,0,1,4,5.3,Jordan Holland,https://www.sports-reference.com/cbb/players/jordan-holland-1.html,utah-valley,2019-20
15,106,15,2020-01-11,Utah Valley,,Seattle,REG (Conf),W 70-58,*,30,3,11,.273,0,2,.000,3,9,.333,.273,9,9,1.000,2,3,5,4,2,0,1,5,15,12.6,Jordan Holland,https://www.sports-reference.com/cbb/players/jordan-holland-1.html,utah-valley,2019-20
16,107,16,2020-01-16,Utah Valley,@,New Mexico State,REG (Conf),W 58-54,*,36,4,12,.333,0,3,.000,4,9,.444,.333,3,4,.750,1,9,10,0,1,0,1,2,11,6.4,Jordan Holland,https://www.sports-reference.com/cbb/players/jordan-holland-1.html,utah-valley,2019-20
17,108,17,2020-01-18,Utah Valley,@,Texas–Rio Grande Valley,REG (Conf),W 76-67,*,40,6,15,.400,2,5,.400,4,10,.400,.467,2,2,1.000,2,7,9,2,0,1,2,3,16,10.3,Jordan Holland,https://www.sports-reference.com/cbb/players/jordan-holland-1.html,utah-valley,2019-20
18,109,18,2020-01-23,Utah Valley,,Cal State Bakersfield,REG (Conf),L 53-55,*,40,6,11,.545,1,1,1.000,5,10,.500,.591,7,11,.636,0,4,4,1,3,1,1,4,20,16.1,Jordan Holland,https://www.sports-reference.com/cbb/players/jordan-holland-1.html,utah-valley,2019-20
19,110,19,2020-01-25,Utah Valley,,Grand Canyon,REG (Conf),L 59-66,*,31,4,12,.333,0,3,.000,4,9,.444,.333,7,9,.778,2,5,7,1,0,0,2,5,15,7.0,Jordan Holland,https://www.sports-reference.com/cbb/players/jordan-holland-1.html,utah-valley,2019-20
20,111,20,2020-01-29,Utah Valley,@,California Baptist,REG (Conf),L 67-80,*,37,4,11,.364,1,3,.333,3,8,.375,.409,11,12,.917,3,11,14,3,0,0,5,3,20,14.8,Jordan Holland,https://www.sports-reference.com/cbb/players/jordan-holland-1.html,utah-valley,2019-20
21,112,21,2020-02-08,Utah Valley,@,Seattle,REG (Conf),L 80-82 (OT),*,40,3,11,.273,2,5,.400,1,6,.167,.364,6,8,.750,1,6,7,3,0,0,2,1,14,8.9,Jordan Holland,https://www.sports-reference.com/cbb/players/jordan-holland-1.html,utah-valley,2019-20
22,113,22,2020-02-13,Utah Valley,,Texas–Rio Grande Valley,REG (Conf),W 61-54,*,39,5,8,.625,2,3,.667,3,5,.600,.750,6,8,.750,0,4,4,3,0,0,1,1,18,15.5,Jordan Holland,https://www.sports-reference.com/cbb/players/jordan-holland-1.html,utah-valley,2019-20
23,114,23,2020-02-15,Utah Valley,,New Mexico State,REG (Conf),L 58-65,*,34,4,14,.286,1,4,.250,3,10,.300,.321,2,2,1.000,1,3,4,1,2,1,2,3,11,4.6,Jordan Holland,https://www.sports-reference.com/cbb/players/jordan-holland-1.html,utah-valley,2019-20
24,115,24,2020-02-20,Utah Valley,@,Cal State Bakersfield,REG (Conf),W 63-56 (OT),*,36,4,13,.308,0,4,.000,4,9,.444,.308,9,13,.692,0,5,5,1,0,0,1,4,17,7.5,Jordan Holland,https://www.sports-reference.com/cbb/players/jordan-holland-1.html,utah-valley,2019-20
25,116,25,2020-02-22,Utah Valley,@,Grand Canyon,REG (Conf),W 64-54,*,40,6,14,.429,3,4,.750,3,10,.300,.536,5,7,.714,4,5,9,1,2,0,5,3,20,12.6,Jordan Holland,https://www.sports-reference.com/cbb/players/jordan-holland-1.html,utah-valley,2019-20
26,117,26,2020-02-26,Utah Valley,,California Baptist,REG (Conf),W 74-57,*,32,7,13,.538,2,3,.667,5,10,.500,.615,2,2,1.000,4,3,7,3,0,0,2,4,18,13.9,Jordan Holland,https://www.sports-reference.com/cbb/players/jordan-holland-1.html,utah-valley,2019-20
27,118,27,2020-03-05,Utah Valley,@,Kansas City,REG (Conf),L 53-61,*,29,3,7,.429,0,4,.000,3,3,1.000,.429,1,4,.250,1,1,2,1,1,0,4,4,7,-0.8,Jordan Holland,https://www.sports-reference.com/cbb/players/jordan-holland-1.html,utah-valley,2019-20
28,119,28,2020-03-11,Utah Valley,,Seattle,CTOURN,L 48-61,*,40,2,10,.200,2,3,.667,0,7,.000,.300,7,8,.875,1,3,4,1,1,1,3,4,13,5.8,Jordan Holland,https://www.sports-reference.com/cbb/players/jordan-holland-1.html,utah-valley,2019-20
