ranker,player_game_num_career,team_game_num_season,date,team_name_abbr,game_location,opp_name_abbr,game_type,game_result,is_starter,mp,fg,fga,fg_pct,fg3,fg3a,fg3_pct,fg2,fg2a,fg2_pct,efg_pct,ft,fta,ft_pct,orb,drb,trb,ast,stl,blk,tov,pf,pts,game_score,player_name,player_sr_link,school,season
1,30,1,2019-11-05,Utah Valley,@,UC Santa Barbara,REG (Non-Conf),L 51-59,*,21,2,4,.500,0,0,,2,4,.500,.500,1,6,.167,4,5,9,1,1,0,1,3,5,4.8,Josie Williams,https://www.sports-reference.com/cbb/players/josie-williams-1.html,utah-valley,2019-20
2,31,2,2019-11-09,Utah Valley,,Southern Utah,REG (Non-Conf),L 58-71,*,19,0,3,.000,0,0,,0,3,.000,.000,5,6,.833,0,3,3,1,0,2,1,3,5,3.3,Josie Williams,https://www.sports-reference.com/cbb/players/josie-williams-1.html,utah-valley,2019-20
3,32,3,2019-11-16,Utah Valley,,Nevada,REG (Non-Conf),L 57-60,*,15,4,5,.800,0,0,,4,5,.800,.800,1,1,1.000,3,2,5,2,0,0,2,2,9,8.4,Josie Williams,https://www.sports-reference.com/cbb/players/josie-williams-1.html,utah-valley,2019-20
4,33,4,2019-11-21,Utah Valley,@,UC Riverside,REG (Non-Conf),L 53-67,*,20,3,5,.600,0,1,.000,3,4,.750,.600,4,6,.667,3,2,5,0,0,1,1,2,10,8.5,Josie Williams,https://www.sports-reference.com/cbb/players/josie-williams-1.html,utah-valley,2019-20
5,34,5,2019-11-26,Utah Valley,@,Boise State,REG (Non-Conf),L 69-77,*,19,6,8,.750,0,1,.000,6,7,.857,.750,3,3,1.000,2,6,8,0,0,0,1,1,15,13.6,Josie Williams,https://www.sports-reference.com/cbb/players/josie-williams-1.html,utah-valley,2019-20
6,35,6,2019-11-30,Utah Valley,,Antelope Valley,REG (Non-Conf),W 77-61,*,24,8,10,.800,0,0,,8,10,.800,.800,3,5,.600,1,3,4,2,0,2,1,1,19,17.4,Josie Williams,https://www.sports-reference.com/cbb/players/josie-williams-1.html,utah-valley,2019-20
7,36,7,2019-12-03,Utah Valley,,Idaho State,REG (Non-Conf),L 61-88,*,24,3,7,.429,0,0,,3,7,.429,.429,2,3,.667,3,4,7,1,0,0,3,1,8,4.5,Josie Williams,https://www.sports-reference.com/cbb/players/josie-williams-1.html,utah-valley,2019-20
8,37,8,2019-12-07,Utah Valley,,Montana,REG (Non-Conf),L 52-63,*,19,1,3,.333,0,0,,1,3,.333,.333,0,0,,4,4,8,0,1,0,4,3,2,0.1,Josie Williams,https://www.sports-reference.com/cbb/players/josie-williams-1.html,utah-valley,2019-20
9,38,9,2019-12-14,Utah Valley,@,Brigham Young,REG (Non-Conf),L 57-71,*,29,2,7,.286,1,3,.333,1,4,.250,.357,2,2,1.000,0,5,5,1,2,1,1,2,7,6.0,Josie Williams,https://www.sports-reference.com/cbb/players/josie-williams-1.html,utah-valley,2019-20
10,39,10,2019-12-17,Utah Valley,@,Weber State,REG (Non-Conf),L 46-72,*,14,0,4,.000,0,1,.000,0,3,.000,.000,2,2,1.000,0,1,1,0,1,0,0,2,2,-0.3,Josie Williams,https://www.sports-reference.com/cbb/players/josie-williams-1.html,utah-valley,2019-20
11,40,11,2019-12-21,Utah Valley,,Utah State,REG (Non-Conf),W 57-49,*,10,0,0,,0,0,,0,0,,,0,0,,0,1,1,0,1,2,0,2,0,1.9,Josie Williams,https://www.sports-reference.com/cbb/players/josie-williams-1.html,utah-valley,2019-20
12,41,12,2019-12-28,Utah Valley,,Ottawa (AZ),REG (Non-Conf),W 99-50,*,15,9,13,.692,0,0,,9,13,.692,.692,2,2,1.000,4,2,6,2,2,1,0,4,20,20.4,Josie Williams,https://www.sports-reference.com/cbb/players/josie-williams-1.html,utah-valley,2019-20
13,42,13,2020-01-02,Utah Valley,,Chicago State,REG (Conf),W 89-58,*,19,6,12,.500,0,0,,6,12,.500,.500,5,8,.625,6,2,8,4,0,1,0,3,17,16.9,Josie Williams,https://www.sports-reference.com/cbb/players/josie-williams-1.html,utah-valley,2019-20
14,43,14,2020-01-04,Utah Valley,,Kansas City,REG (Conf),W 62-41,*,23,2,9,.222,0,2,.000,2,7,.286,.222,3,3,1.000,4,4,8,1,0,0,2,3,7,3.0,Josie Williams,https://www.sports-reference.com/cbb/players/josie-williams-1.html,utah-valley,2019-20
15,44,15,2020-01-11,Utah Valley,,Seattle,REG (Conf),W 70-58,*,31,4,8,.500,0,0,,4,8,.500,.500,3,3,1.000,7,3,10,1,0,0,1,3,11,11.3,Josie Williams,https://www.sports-reference.com/cbb/players/josie-williams-1.html,utah-valley,2019-20
16,45,16,2020-01-16,Utah Valley,@,New Mexico State,REG (Conf),W 58-54,*,31,5,10,.500,0,1,.000,5,9,.556,.500,3,4,.750,3,4,7,1,2,2,3,0,13,12.0,Josie Williams,https://www.sports-reference.com/cbb/players/josie-williams-1.html,utah-valley,2019-20
17,46,17,2020-01-18,Utah Valley,@,Texas–Rio Grande Valley,REG (Conf),W 76-67,*,12,3,4,.750,0,0,,3,4,.750,.750,0,0,,0,0,0,0,0,0,2,1,6,2.0,Josie Williams,https://www.sports-reference.com/cbb/players/josie-williams-1.html,utah-valley,2019-20
18,47,18,2020-01-23,Utah Valley,,Cal State Bakersfield,REG (Conf),L 53-55,*,19,1,5,.200,0,0,,1,5,.200,.200,1,2,.500,2,6,8,1,0,2,4,2,3,0.0,Josie Williams,https://www.sports-reference.com/cbb/players/josie-williams-1.html,utah-valley,2019-20
19,48,19,2020-01-25,Utah Valley,,Grand Canyon,REG (Conf),L 59-66,*,25,4,6,.667,0,1,.000,4,5,.800,.667,2,2,1.000,1,3,4,1,0,1,0,3,10,9.2,Josie Williams,https://www.sports-reference.com/cbb/players/josie-williams-1.html,utah-valley,2019-20
20,49,20,2020-01-29,Utah Valley,@,California Baptist,REG (Conf),L 67-80,*,24,3,7,.429,0,1,.000,3,6,.500,.429,0,0,,0,3,3,2,0,1,2,2,6,2.5,Josie Williams,https://www.sports-reference.com/cbb/players/josie-williams-1.html,utah-valley,2019-20
21,50,21,2020-02-08,Utah Valley,@,Seattle,REG (Conf),L 80-82 (OT),*,28,8,11,.727,0,0,,8,11,.727,.727,7,8,.875,4,3,7,2,2,1,5,5,23,18.9,Josie Williams,https://www.sports-reference.com/cbb/players/josie-williams-1.html,utah-valley,2019-20
22,51,22,2020-02-13,Utah Valley,,Texas–Rio Grande Valley,REG (Conf),W 61-54,*,30,5,14,.357,0,0,,5,14,.357,.357,0,0,,2,5,7,3,1,0,3,3,10,4.0,Josie Williams,https://www.sports-reference.com/cbb/players/josie-williams-1.html,utah-valley,2019-20
23,52,23,2020-02-15,Utah Valley,,New Mexico State,REG (Conf),L 58-65,*,29,2,8,.250,0,0,,2,8,.250,.250,5,5,1.000,2,7,9,1,0,0,1,1,9,7.0,Josie Williams,https://www.sports-reference.com/cbb/players/josie-williams-1.html,utah-valley,2019-20
24,53,24,2020-02-20,Utah Valley,@,Cal State Bakersfield,REG (Conf),W 63-56 (OT),*,42,4,10,.400,0,0,,4,10,.400,.400,2,4,.500,4,4,8,2,2,0,2,2,10,8.4,Josie Williams,https://www.sports-reference.com/cbb/players/josie-williams-1.html,utah-valley,2019-20
25,54,25,2020-02-22,Utah Valley,@,Grand Canyon,REG (Conf),W 64-54,*,17,1,1,1.000,0,0,,1,1,1.000,1.000,5,6,.833,1,2,3,0,0,0,0,1,7,7.2,Josie Williams,https://www.sports-reference.com/cbb/players/josie-williams-1.html,utah-valley,2019-20
26,55,27,2020-03-05,Utah Valley,@,Kansas City,REG (Conf),L 53-61,*,38,5,12,.417,0,1,.000,5,11,.455,.417,5,8,.625,3,7,10,1,0,1,1,4,15,10.4,Josie Williams,https://www.sports-reference.com/cbb/players/josie-williams-1.html,utah-valley,2019-20
27,56,28,2020-03-11,Utah Valley,,Seattle,CTOURN,L 48-61,*,31,3,7,.429,0,0,,3,7,.429,.429,0,2,.000,3,4,7,2,0,1,1,5,6,3.9,Josie Williams,https://www.sports-reference.com/cbb/players/josie-williams-1.html,utah-valley,2019-20
