ranker,player_game_num_career,team_game_num_season,date,team_name_abbr,game_location,opp_name_abbr,game_type,game_result,is_starter,mp,fg,fga,fg_pct,fg3,fg3a,fg3_pct,fg2,fg2a,fg2_pct,efg_pct,ft,fta,ft_pct,orb,drb,trb,ast,stl,blk,tov,pf,pts,game_score,player_name,player_sr_link,school,season
1,74,1,2019-11-05,Utah Valley,@,UC Santa Barbara,REG (Non-Conf),L 51-59,,13,1,3,.333,0,2,.000,1,1,1.000,.333,0,0,,0,0,0,2,0,0,1,1,2,0.3,Keana Delos Santos,https://www.sports-reference.com/cbb/players/keana-delos-santos-1.html,utah-valley,2019-20
2,75,2,2019-11-09,Utah Valley,,Southern Utah,REG (Non-Conf),L 58-71,,14,1,3,.333,0,1,.000,1,2,.500,.333,0,0,,1,1,2,2,1,0,3,4,2,-0.9,Keana Delos Santos,https://www.sports-reference.com/cbb/players/keana-delos-santos-1.html,utah-valley,2019-20
3,76,3,2019-11-16,Utah Valley,,Nevada,REG (Non-Conf),L 57-60,,6,0,1,.000,0,0,,0,1,.000,.000,0,0,,0,0,0,1,0,0,1,0,0,-1.0,Keana Delos Santos,https://www.sports-reference.com/cbb/players/keana-delos-santos-1.html,utah-valley,2019-20
4,77,4,2019-11-21,Utah Valley,@,UC Riverside,REG (Non-Conf),L 53-67,,11,0,6,.000,0,3,.000,0,3,.000,.000,2,2,1.000,0,0,0,0,1,0,1,0,2,-2.2,Keana Delos Santos,https://www.sports-reference.com/cbb/players/keana-delos-santos-1.html,utah-valley,2019-20
5,78,5,2019-11-26,Utah Valley,@,Boise State,REG (Non-Conf),L 69-77,,3,0,0,,0,0,,0,0,,,0,0,,0,0,0,0,0,0,0,1,0,-0.4,Keana Delos Santos,https://www.sports-reference.com/cbb/players/keana-delos-santos-1.html,utah-valley,2019-20
6,79,6,2019-11-30,Utah Valley,,Antelope Valley,REG (Non-Conf),W 77-61,,12,0,1,.000,0,0,,0,1,.000,.000,0,0,,0,0,0,2,1,0,0,1,0,1.3,Keana Delos Santos,https://www.sports-reference.com/cbb/players/keana-delos-santos-1.html,utah-valley,2019-20
7,80,7,2019-12-03,Utah Valley,,Idaho State,REG (Non-Conf),L 61-88,,12,2,4,.500,1,2,.500,1,2,.500,.625,1,2,.500,0,0,0,1,1,1,2,4,6,2.4,Keana Delos Santos,https://www.sports-reference.com/cbb/players/keana-delos-santos-1.html,utah-valley,2019-20
8,81,8,2019-12-07,Utah Valley,,Montana,REG (Non-Conf),L 52-63,,14,1,2,.500,1,2,.500,0,0,,.750,0,0,,0,1,1,1,0,0,1,1,3,1.6,Keana Delos Santos,https://www.sports-reference.com/cbb/players/keana-delos-santos-1.html,utah-valley,2019-20
9,82,9,2019-12-14,Utah Valley,@,Brigham Young,REG (Non-Conf),L 57-71,,6,1,1,1.000,1,1,1.000,0,0,,1.500,0,0,,1,0,1,1,0,0,0,0,3,4.1,Keana Delos Santos,https://www.sports-reference.com/cbb/players/keana-delos-santos-1.html,utah-valley,2019-20
10,83,10,2019-12-17,Utah Valley,@,Weber State,REG (Non-Conf),L 46-72,,7,0,2,.000,0,2,.000,0,0,,.000,0,2,.000,0,0,0,0,0,0,1,3,0,-4.4,Keana Delos Santos,https://www.sports-reference.com/cbb/players/keana-delos-santos-1.html,utah-valley,2019-20
11,84,11,2019-12-21,Utah Valley,,Utah State,REG (Non-Conf),W 57-49,,3,1,1,1.000,0,0,,1,1,1.000,1.000,0,0,,0,1,1,0,0,0,0,0,2,2.0,Keana Delos Santos,https://www.sports-reference.com/cbb/players/keana-delos-santos-1.html,utah-valley,2019-20
12,85,12,2019-12-28,Utah Valley,,Ottawa (AZ),REG (Non-Conf),W 99-50,,15,2,5,.400,0,2,.000,2,3,.667,.400,2,2,1.000,1,8,9,3,2,0,1,2,6,8.7,Keana Delos Santos,https://www.sports-reference.com/cbb/players/keana-delos-santos-1.html,utah-valley,2019-20
13,86,13,2020-01-02,Utah Valley,,Chicago State,REG (Conf),W 89-58,,14,1,6,.167,0,3,.000,1,3,.333,.167,0,0,,0,2,2,3,1,0,2,2,2,-0.9,Keana Delos Santos,https://www.sports-reference.com/cbb/players/keana-delos-santos-1.html,utah-valley,2019-20
14,87,14,2020-01-04,Utah Valley,,Kansas City,REG (Conf),W 62-41,,2,0,1,.000,0,0,,0,1,.000,.000,0,0,,0,1,1,0,0,0,3,0,0,-3.4,Keana Delos Santos,https://www.sports-reference.com/cbb/players/keana-delos-santos-1.html,utah-valley,2019-20
15,88,15,2020-01-11,Utah Valley,,Seattle,REG (Conf),W 70-58,,7,0,0,,0,0,,0,0,,,0,0,,0,0,0,0,0,0,0,0,0,0.0,Keana Delos Santos,https://www.sports-reference.com/cbb/players/keana-delos-santos-1.html,utah-valley,2019-20
16,89,16,2020-01-16,Utah Valley,@,New Mexico State,REG (Conf),W 58-54,,3,0,0,,0,0,,0,0,,,0,0,,0,0,0,1,0,0,0,1,0,0.3,Keana Delos Santos,https://www.sports-reference.com/cbb/players/keana-delos-santos-1.html,utah-valley,2019-20
17,90,17,2020-01-18,Utah Valley,@,Texas–Rio Grande Valley,REG (Conf),W 76-67,,2,0,1,.000,0,1,.000,0,0,,.000,0,0,,0,0,0,0,0,0,0,0,0,-0.7,Keana Delos Santos,https://www.sports-reference.com/cbb/players/keana-delos-santos-1.html,utah-valley,2019-20
18,91,18,2020-01-23,Utah Valley,,Cal State Bakersfield,REG (Conf),L 53-55,,2,0,0,,0,0,,0,0,,,0,0,,0,0,0,0,0,0,1,1,0,-1.4,Keana Delos Santos,https://www.sports-reference.com/cbb/players/keana-delos-santos-1.html,utah-valley,2019-20
19,92,20,2020-01-29,Utah Valley,@,California Baptist,REG (Conf),L 67-80,,3,0,0,,0,0,,0,0,,,0,0,,0,1,1,0,0,0,0,0,0,0.3,Keana Delos Santos,https://www.sports-reference.com/cbb/players/keana-delos-santos-1.html,utah-valley,2019-20
20,93,21,2020-02-08,Utah Valley,@,Seattle,REG (Conf),L 80-82 (OT),,5,1,1,1.000,1,1,1.000,0,0,,1.500,0,0,,0,0,0,1,1,0,1,1,3,3.0,Keana Delos Santos,https://www.sports-reference.com/cbb/players/keana-delos-santos-1.html,utah-valley,2019-20
21,94,22,2020-02-13,Utah Valley,,Texas–Rio Grande Valley,REG (Conf),W 61-54,,4,0,1,.000,0,1,.000,0,0,,.000,0,0,,0,1,1,0,0,0,1,2,0,-2.2,Keana Delos Santos,https://www.sports-reference.com/cbb/players/keana-delos-santos-1.html,utah-valley,2019-20
22,95,24,2020-02-20,Utah Valley,@,Cal State Bakersfield,REG (Conf),W 63-56 (OT),,6,1,3,.333,0,2,.000,1,1,1.000,.333,0,0,,0,1,1,0,0,0,1,0,2,-0.4,Keana Delos Santos,https://www.sports-reference.com/cbb/players/keana-delos-santos-1.html,utah-valley,2019-20
23,96,25,2020-02-22,Utah Valley,@,Grand Canyon,REG (Conf),W 64-54,,10,0,2,.000,0,1,.000,0,1,.000,.000,0,2,.000,0,2,2,0,0,0,0,1,0,-2.0,Keana Delos Santos,https://www.sports-reference.com/cbb/players/keana-delos-santos-1.html,utah-valley,2019-20
24,97,26,2020-02-26,Utah Valley,,California Baptist,REG (Conf),W 74-57,,5,1,3,.333,1,3,.333,0,0,,.500,0,0,,0,0,0,1,0,0,0,1,3,1.6,Keana Delos Santos,https://www.sports-reference.com/cbb/players/keana-delos-santos-1.html,utah-valley,2019-20
25,98,27,2020-03-05,Utah Valley,@,Kansas City,REG (Conf),L 53-61,,7,2,2,1.000,2,2,1.000,0,0,,1.500,0,0,,0,0,0,2,0,0,1,2,6,5.0,Keana Delos Santos,https://www.sports-reference.com/cbb/players/keana-delos-santos-1.html,utah-valley,2019-20
26,99,28,2020-03-11,Utah Valley,,Seattle,CTOURN,L 48-61,,4,0,1,.000,0,0,,0,1,.000,.000,0,0,,0,0,0,0,0,0,0,0,0,-0.7,Keana Delos Santos,https://www.sports-reference.com/cbb/players/keana-delos-santos-1.html,utah-valley,2019-20
