ranker,player_game_num_career,team_game_num_season,date,team_name_abbr,game_location,opp_name_abbr,game_type,game_result,is_starter,mp,fg,fga,fg_pct,fg3,fg3a,fg3_pct,fg2,fg2a,fg2_pct,efg_pct,ft,fta,ft_pct,orb,drb,trb,ast,stl,blk,tov,pf,pts,game_score,player_name,player_sr_link,school,season
1,1,7,2019-12-03,Utah Valley,,Idaho State,REG (Non-Conf),L 61-88,,2,0,0,,0,0,,0,0,,,0,0,,0,0,0,0,0,0,0,0,0,0.0,Macy Markus,https://www.sports-reference.com/cbb/players/macy-markus-1.html,utah-valley,2019-20
2,2,10,2019-12-17,Utah Valley,@,Weber State,REG (Non-Conf),L 46-72,,2,0,0,,0,0,,0,0,,,0,2,.000,0,0,0,0,0,0,0,0,0,-0.8,Macy Markus,https://www.sports-reference.com/cbb/players/macy-markus-1.html,utah-valley,2019-20
3,3,12,2019-12-28,Utah Valley,,Ottawa (AZ),REG (Non-Conf),W 99-50,,8,3,4,.750,1,1,1.000,2,3,.667,.875,0,0,,0,0,0,0,0,0,1,2,7,3.6,Macy Markus,https://www.sports-reference.com/cbb/players/macy-markus-1.html,utah-valley,2019-20
4,4,13,2020-01-02,Utah Valley,,Chicago State,REG (Conf),W 89-58,,3,0,2,.000,0,1,.000,0,1,.000,.000,0,0,,1,0,1,0,0,0,0,0,0,-0.7,Macy Markus,https://www.sports-reference.com/cbb/players/macy-markus-1.html,utah-valley,2019-20
5,5,14,2020-01-04,Utah Valley,,Kansas City,REG (Conf),W 62-41,,2,0,0,,0,0,,0,0,,,0,0,,0,0,0,0,0,0,0,0,0,0.0,Macy Markus,https://www.sports-reference.com/cbb/players/macy-markus-1.html,utah-valley,2019-20
6,6,26,2020-02-26,Utah Valley,,California Baptist,REG (Conf),W 74-57,,1,0,1,.000,0,0,,0,1,.000,.000,0,0,,0,0,0,0,0,0,0,0,0,-0.7,Macy Markus,https://www.sports-reference.com/cbb/players/macy-markus-1.html,utah-valley,2019-20
