ranker,player_game_num_career,team_game_num_season,date,team_name_abbr,game_location,opp_name_abbr,game_type,game_result,is_starter,mp,fg,fga,fg_pct,fg3,fg3a,fg3_pct,fg2,fg2a,fg2_pct,efg_pct,ft,fta,ft_pct,orb,drb,trb,ast,stl,blk,tov,pf,pts,game_score,player_name,player_sr_link,school,season
1,28,1,2019-11-05,Utah Valley,@,UC Santa Barbara,REG (Non-Conf),L 51-59,*,36,1,9,.111,0,1,.000,1,8,.125,.111,0,0,,0,2,2,3,0,0,3,4,2,-5.8,Maria Carvalho,https://www.sports-reference.com/cbb/players/maria-carvalho-1.html,utah-valley,2019-20
2,29,2,2019-11-09,Utah Valley,,Southern Utah,REG (Non-Conf),L 58-71,*,25,1,9,.111,0,2,.000,1,7,.143,.111,4,4,1.000,0,4,4,2,0,0,4,2,6,-2.1,Maria Carvalho,https://www.sports-reference.com/cbb/players/maria-carvalho-1.html,utah-valley,2019-20
3,30,3,2019-11-16,Utah Valley,,Nevada,REG (Non-Conf),L 57-60,*,28,2,10,.200,0,0,,2,10,.200,.200,0,0,,0,2,2,9,0,0,1,1,4,3.3,Maria Carvalho,https://www.sports-reference.com/cbb/players/maria-carvalho-1.html,utah-valley,2019-20
4,31,4,2019-11-21,Utah Valley,@,UC Riverside,REG (Non-Conf),L 53-67,*,25,1,5,.200,0,2,.000,1,3,.333,.200,0,0,,0,2,2,1,5,0,2,0,2,3.2,Maria Carvalho,https://www.sports-reference.com/cbb/players/maria-carvalho-1.html,utah-valley,2019-20
5,32,5,2019-11-26,Utah Valley,@,Boise State,REG (Non-Conf),L 69-77,*,33,2,9,.222,0,1,.000,2,8,.250,.222,3,4,.750,1,2,3,2,1,0,4,1,7,0.4,Maria Carvalho,https://www.sports-reference.com/cbb/players/maria-carvalho-1.html,utah-valley,2019-20
6,33,6,2019-11-30,Utah Valley,,Antelope Valley,REG (Non-Conf),W 77-61,*,20,2,4,.500,0,0,,2,4,.500,.500,0,0,,0,1,1,3,2,0,1,2,4,4.6,Maria Carvalho,https://www.sports-reference.com/cbb/players/maria-carvalho-1.html,utah-valley,2019-20
7,34,7,2019-12-03,Utah Valley,,Idaho State,REG (Non-Conf),L 61-88,*,16,2,4,.500,2,4,.500,0,0,,.750,0,0,,0,0,0,1,0,0,1,4,6,2.1,Maria Carvalho,https://www.sports-reference.com/cbb/players/maria-carvalho-1.html,utah-valley,2019-20
8,35,8,2019-12-07,Utah Valley,,Montana,REG (Non-Conf),L 52-63,*,31,1,11,.091,1,7,.143,0,4,.000,.136,0,0,,0,4,4,2,1,0,4,1,3,-5.1,Maria Carvalho,https://www.sports-reference.com/cbb/players/maria-carvalho-1.html,utah-valley,2019-20
9,36,9,2019-12-14,Utah Valley,@,Brigham Young,REG (Non-Conf),L 57-71,*,40,3,10,.300,2,5,.400,1,5,.200,.400,2,2,1.000,3,6,9,5,4,0,1,3,10,13.4,Maria Carvalho,https://www.sports-reference.com/cbb/players/maria-carvalho-1.html,utah-valley,2019-20
10,37,10,2019-12-17,Utah Valley,@,Weber State,REG (Non-Conf),L 46-72,*,38,2,7,.286,0,2,.000,2,5,.400,.286,0,0,,2,3,5,3,3,0,2,1,4,4.9,Maria Carvalho,https://www.sports-reference.com/cbb/players/maria-carvalho-1.html,utah-valley,2019-20
11,38,11,2019-12-21,Utah Valley,,Utah State,REG (Non-Conf),W 57-49,*,40,2,10,.200,0,4,.000,2,6,.333,.200,0,0,,1,4,5,1,2,0,6,4,4,-5.2,Maria Carvalho,https://www.sports-reference.com/cbb/players/maria-carvalho-1.html,utah-valley,2019-20
12,39,12,2019-12-28,Utah Valley,,Ottawa (AZ),REG (Non-Conf),W 99-50,*,20,2,5,.400,0,2,.000,2,3,.667,.400,2,2,1.000,0,2,2,5,0,0,1,1,6,6.0,Maria Carvalho,https://www.sports-reference.com/cbb/players/maria-carvalho-1.html,utah-valley,2019-20
13,40,13,2020-01-02,Utah Valley,,Chicago State,REG (Conf),W 89-58,*,28,3,4,.750,2,3,.667,1,1,1.000,1.000,3,4,.750,0,4,4,8,1,0,1,0,11,15.8,Maria Carvalho,https://www.sports-reference.com/cbb/players/maria-carvalho-1.html,utah-valley,2019-20
14,41,14,2020-01-04,Utah Valley,,Kansas City,REG (Conf),W 62-41,*,38,4,11,.364,3,9,.333,1,2,.500,.500,8,8,1.000,2,4,6,4,0,0,2,2,19,15.5,Maria Carvalho,https://www.sports-reference.com/cbb/players/maria-carvalho-1.html,utah-valley,2019-20
15,42,15,2020-01-11,Utah Valley,,Seattle,REG (Conf),W 70-58,*,40,6,9,.667,4,7,.571,2,2,1.000,.889,3,4,.750,1,7,8,7,0,0,5,2,19,16.6,Maria Carvalho,https://www.sports-reference.com/cbb/players/maria-carvalho-1.html,utah-valley,2019-20
16,43,16,2020-01-16,Utah Valley,@,New Mexico State,REG (Conf),W 58-54,*,40,5,10,.500,1,3,.333,4,7,.571,.550,0,0,,1,2,3,5,4,0,0,3,11,13.6,Maria Carvalho,https://www.sports-reference.com/cbb/players/maria-carvalho-1.html,utah-valley,2019-20
17,44,17,2020-01-18,Utah Valley,@,Texas–Rio Grande Valley,REG (Conf),W 76-67,*,40,2,8,.250,0,1,.000,2,7,.286,.250,0,0,,0,6,6,10,2,0,4,3,4,4.8,Maria Carvalho,https://www.sports-reference.com/cbb/players/maria-carvalho-1.html,utah-valley,2019-20
18,45,18,2020-01-23,Utah Valley,,Cal State Bakersfield,REG (Conf),L 53-55,*,36,4,8,.500,1,4,.250,3,4,.750,.563,0,0,,0,5,5,5,0,0,4,3,9,4.8,Maria Carvalho,https://www.sports-reference.com/cbb/players/maria-carvalho-1.html,utah-valley,2019-20
19,46,19,2020-01-25,Utah Valley,,Grand Canyon,REG (Conf),L 59-66,*,40,4,7,.571,1,3,.333,3,4,.750,.643,4,4,1.000,1,7,8,6,1,0,2,2,13,14.9,Maria Carvalho,https://www.sports-reference.com/cbb/players/maria-carvalho-1.html,utah-valley,2019-20
20,47,20,2020-01-29,Utah Valley,@,California Baptist,REG (Conf),L 67-80,*,33,2,11,.182,0,3,.000,2,8,.250,.182,0,0,,0,3,3,3,0,0,2,2,4,-2.7,Maria Carvalho,https://www.sports-reference.com/cbb/players/maria-carvalho-1.html,utah-valley,2019-20
21,48,21,2020-02-08,Utah Valley,@,Seattle,REG (Conf),L 80-82 (OT),*,45,4,13,.308,1,5,.200,3,8,.375,.346,3,4,.750,2,1,3,4,5,0,2,2,12,10.8,Maria Carvalho,https://www.sports-reference.com/cbb/players/maria-carvalho-1.html,utah-valley,2019-20
22,49,22,2020-02-13,Utah Valley,,Texas–Rio Grande Valley,REG (Conf),W 61-54,*,39,5,10,.500,2,4,.500,3,6,.500,.600,1,2,.500,0,8,8,7,1,0,1,1,13,14.5,Maria Carvalho,https://www.sports-reference.com/cbb/players/maria-carvalho-1.html,utah-valley,2019-20
23,50,23,2020-02-15,Utah Valley,,New Mexico State,REG (Conf),L 58-65,*,35,3,8,.375,0,1,.000,3,7,.429,.375,4,5,.800,0,3,3,3,4,0,0,3,10,11.0,Maria Carvalho,https://www.sports-reference.com/cbb/players/maria-carvalho-1.html,utah-valley,2019-20
24,51,24,2020-02-20,Utah Valley,@,Cal State Bakersfield,REG (Conf),W 63-56 (OT),*,45,3,9,.333,3,4,.750,0,5,.000,.500,2,2,1.000,5,3,8,7,2,0,10,4,11,5.6,Maria Carvalho,https://www.sports-reference.com/cbb/players/maria-carvalho-1.html,utah-valley,2019-20
25,52,25,2020-02-22,Utah Valley,@,Grand Canyon,REG (Conf),W 64-54,*,40,3,13,.231,2,6,.333,1,7,.143,.308,2,2,1.000,2,2,4,6,1,0,2,2,10,6.5,Maria Carvalho,https://www.sports-reference.com/cbb/players/maria-carvalho-1.html,utah-valley,2019-20
26,53,26,2020-02-26,Utah Valley,,California Baptist,REG (Conf),W 74-57,*,38,4,9,.444,3,7,.429,1,2,.500,.611,0,0,,1,9,10,5,0,0,6,2,11,6.4,Maria Carvalho,https://www.sports-reference.com/cbb/players/maria-carvalho-1.html,utah-valley,2019-20
27,54,27,2020-03-05,Utah Valley,@,Kansas City,REG (Conf),L 53-61,*,38,1,6,.167,1,4,.250,0,2,.000,.250,3,4,.750,0,2,2,4,1,0,4,3,6,1.0,Maria Carvalho,https://www.sports-reference.com/cbb/players/maria-carvalho-1.html,utah-valley,2019-20
28,55,28,2020-03-11,Utah Valley,,Seattle,CTOURN,L 48-61,*,40,2,9,.222,1,2,.500,1,7,.143,.278,1,2,.500,0,8,8,1,1,0,4,3,6,-1.0,Maria Carvalho,https://www.sports-reference.com/cbb/players/maria-carvalho-1.html,utah-valley,2019-20
