ranker,player_game_num_career,team_game_num_season,date,team_name_abbr,game_location,opp_name_abbr,game_type,game_result,is_starter,mp,fg,fga,fg_pct,fg3,fg3a,fg3_pct,fg2,fg2a,fg2_pct,efg_pct,ft,fta,ft_pct,orb,drb,trb,ast,stl,blk,tov,pf,pts,game_score,player_name,player_sr_link,school,season
1,1,1,2019-11-05,Utah Valley,@,UC Santa Barbara,REG (Non-Conf),L 51-59,,10,3,4,.750,0,0,,3,4,.750,.750,0,0,,2,2,4,0,1,0,1,4,6,4.8,Megan Jensen,https://www.sports-reference.com/cbb/players/megan-jensen-1.html,utah-valley,2019-20
2,2,2,2019-11-09,Utah Valley,,Southern Utah,REG (Non-Conf),L 58-71,,10,1,1,1.000,0,0,,1,1,1.000,1.000,0,0,,0,3,3,0,0,0,1,5,2,-0.4,Megan Jensen,https://www.sports-reference.com/cbb/players/megan-jensen-1.html,utah-valley,2019-20
3,3,3,2019-11-16,Utah Valley,,Nevada,REG (Non-Conf),L 57-60,,25,6,11,.545,0,1,.000,6,10,.600,.545,0,0,,2,1,3,0,0,0,1,2,12,6.6,Megan Jensen,https://www.sports-reference.com/cbb/players/megan-jensen-1.html,utah-valley,2019-20
4,4,4,2019-11-21,Utah Valley,@,UC Riverside,REG (Non-Conf),L 53-67,,19,4,7,.571,0,0,,4,7,.571,.571,0,1,.000,4,2,6,1,1,0,3,2,8,5.6,Megan Jensen,https://www.sports-reference.com/cbb/players/megan-jensen-1.html,utah-valley,2019-20
5,5,5,2019-11-26,Utah Valley,@,Boise State,REG (Non-Conf),L 69-77,,9,0,1,.000,0,0,,0,1,.000,.000,0,0,,1,1,2,1,0,1,1,2,0,-0.1,Megan Jensen,https://www.sports-reference.com/cbb/players/megan-jensen-1.html,utah-valley,2019-20
6,6,6,2019-11-30,Utah Valley,,Antelope Valley,REG (Non-Conf),W 77-61,,20,5,10,.500,0,0,,5,10,.500,.500,1,2,.500,6,6,12,2,0,1,1,3,11,11.5,Megan Jensen,https://www.sports-reference.com/cbb/players/megan-jensen-1.html,utah-valley,2019-20
7,7,7,2019-12-03,Utah Valley,,Idaho State,REG (Non-Conf),L 61-88,,16,2,8,.250,0,1,.000,2,7,.286,.250,4,4,1.000,0,0,0,1,0,0,3,2,8,0.1,Megan Jensen,https://www.sports-reference.com/cbb/players/megan-jensen-1.html,utah-valley,2019-20
8,8,8,2019-12-07,Utah Valley,,Montana,REG (Non-Conf),L 52-63,,20,2,3,.667,1,1,1.000,1,2,.500,.833,3,4,.750,3,2,5,3,2,3,4,2,8,10.4,Megan Jensen,https://www.sports-reference.com/cbb/players/megan-jensen-1.html,utah-valley,2019-20
9,9,9,2019-12-14,Utah Valley,@,Brigham Young,REG (Non-Conf),L 57-71,,14,3,6,.500,0,1,.000,3,5,.600,.500,3,3,1.000,2,0,2,0,0,0,0,2,9,6.6,Megan Jensen,https://www.sports-reference.com/cbb/players/megan-jensen-1.html,utah-valley,2019-20
10,10,10,2019-12-17,Utah Valley,@,Weber State,REG (Non-Conf),L 46-72,,22,2,5,.400,0,1,.000,2,4,.500,.400,0,2,.000,2,3,5,1,1,1,1,3,4,3.0,Megan Jensen,https://www.sports-reference.com/cbb/players/megan-jensen-1.html,utah-valley,2019-20
11,11,11,2019-12-21,Utah Valley,,Utah State,REG (Non-Conf),W 57-49,,6,0,1,.000,0,0,,0,1,.000,.000,0,0,,2,0,2,0,0,0,3,1,0,-2.7,Megan Jensen,https://www.sports-reference.com/cbb/players/megan-jensen-1.html,utah-valley,2019-20
12,12,12,2019-12-28,Utah Valley,,Ottawa (AZ),REG (Non-Conf),W 99-50,,16,4,9,.444,0,0,,4,9,.444,.444,5,6,.833,5,3,8,2,0,1,0,0,13,14.4,Megan Jensen,https://www.sports-reference.com/cbb/players/megan-jensen-1.html,utah-valley,2019-20
13,13,13,2020-01-02,Utah Valley,,Chicago State,REG (Conf),W 89-58,,23,6,9,.667,0,0,,6,9,.667,.667,2,5,.400,5,1,6,1,4,0,3,2,14,13.6,Megan Jensen,https://www.sports-reference.com/cbb/players/megan-jensen-1.html,utah-valley,2019-20
14,14,14,2020-01-04,Utah Valley,,Kansas City,REG (Conf),W 62-41,,16,0,4,.000,0,1,.000,0,3,.000,.000,2,2,1.000,1,5,6,2,0,1,0,1,2,3.1,Megan Jensen,https://www.sports-reference.com/cbb/players/megan-jensen-1.html,utah-valley,2019-20
15,15,15,2020-01-11,Utah Valley,,Seattle,REG (Conf),W 70-58,,7,1,4,.250,0,0,,1,4,.250,.250,0,0,,1,1,2,0,0,0,1,0,2,-0.4,Megan Jensen,https://www.sports-reference.com/cbb/players/megan-jensen-1.html,utah-valley,2019-20
16,16,16,2020-01-16,Utah Valley,@,New Mexico State,REG (Conf),W 58-54,,9,0,0,,0,0,,0,0,,,0,0,,0,0,0,0,0,0,0,1,0,-0.4,Megan Jensen,https://www.sports-reference.com/cbb/players/megan-jensen-1.html,utah-valley,2019-20
17,17,18,2020-01-23,Utah Valley,,Cal State Bakersfield,REG (Conf),L 53-55,,6,0,0,,0,0,,0,0,,,0,0,,0,1,1,2,1,0,0,0,0,2.7,Megan Jensen,https://www.sports-reference.com/cbb/players/megan-jensen-1.html,utah-valley,2019-20
18,18,19,2020-01-25,Utah Valley,,Grand Canyon,REG (Conf),L 59-66,,7,0,1,.000,0,0,,0,1,.000,.000,0,0,,0,0,0,0,1,0,2,0,0,-1.7,Megan Jensen,https://www.sports-reference.com/cbb/players/megan-jensen-1.html,utah-valley,2019-20
19,19,20,2020-01-29,Utah Valley,@,California Baptist,REG (Conf),L 67-80,,10,4,7,.571,0,0,,4,7,.571,.571,0,0,,3,1,4,1,0,0,0,0,8,7.8,Megan Jensen,https://www.sports-reference.com/cbb/players/megan-jensen-1.html,utah-valley,2019-20
20,20,21,2020-02-08,Utah Valley,@,Seattle,REG (Conf),L 80-82 (OT),,13,1,2,.500,0,0,,1,2,.500,.500,4,4,1.000,1,0,1,0,0,0,2,2,6,2.9,Megan Jensen,https://www.sports-reference.com/cbb/players/megan-jensen-1.html,utah-valley,2019-20
21,21,22,2020-02-13,Utah Valley,,Texas–Rio Grande Valley,REG (Conf),W 61-54,,10,0,0,,0,0,,0,0,,,1,2,.500,0,2,2,1,1,2,3,0,1,1.3,Megan Jensen,https://www.sports-reference.com/cbb/players/megan-jensen-1.html,utah-valley,2019-20
22,22,23,2020-02-15,Utah Valley,,New Mexico State,REG (Conf),L 58-65,,4,0,0,,0,0,,0,0,,,0,0,,0,0,0,0,1,0,1,1,0,-0.4,Megan Jensen,https://www.sports-reference.com/cbb/players/megan-jensen-1.html,utah-valley,2019-20
23,23,25,2020-02-22,Utah Valley,@,Grand Canyon,REG (Conf),W 64-54,,2,0,1,.000,0,0,,0,1,.000,.000,0,0,,0,0,0,0,0,0,1,4,0,-3.3,Megan Jensen,https://www.sports-reference.com/cbb/players/megan-jensen-1.html,utah-valley,2019-20
24,24,26,2020-02-26,Utah Valley,,California Baptist,REG (Conf),W 74-57,,1,0,0,,0,0,,0,0,,,0,0,,0,0,0,0,0,0,1,0,0,-1.0,Megan Jensen,https://www.sports-reference.com/cbb/players/megan-jensen-1.html,utah-valley,2019-20
25,25,27,2020-03-05,Utah Valley,@,Kansas City,REG (Conf),L 53-61,,2,0,2,.000,0,0,,0,2,.000,.000,0,0,,0,0,0,0,0,0,0,0,0,-1.4,Megan Jensen,https://www.sports-reference.com/cbb/players/megan-jensen-1.html,utah-valley,2019-20
26,26,28,2020-03-11,Utah Valley,,Seattle,CTOURN,L 48-61,,4,0,0,,0,0,,0,0,,,0,0,,1,0,1,0,0,0,2,0,0,-1.3,Megan Jensen,https://www.sports-reference.com/cbb/players/megan-jensen-1.html,utah-valley,2019-20
