ranker,player_game_num_career,team_game_num_season,date,team_name_abbr,game_location,opp_name_abbr,game_type,game_result,is_starter,mp,fg,fga,fg_pct,fg3,fg3a,fg3_pct,fg2,fg2a,fg2_pct,efg_pct,ft,fta,ft_pct,orb,drb,trb,ast,stl,blk,tov,pf,pts,game_score,player_name,player_sr_link,school,season
1,16,1,2019-11-05,Utah Valley,@,UC Santa Barbara,REG (Non-Conf),L 51-59,,11,0,2,.000,0,1,.000,0,1,.000,.000,0,0,,2,3,5,0,0,0,1,2,0,-0.9,Nehaa Sohail,https://www.sports-reference.com/cbb/players/nehaa-sohail-1.html,utah-valley,2019-20
2,17,2,2019-11-09,Utah Valley,,Southern Utah,REG (Non-Conf),L 58-71,,17,4,6,.667,2,3,.667,2,3,.667,.833,0,0,,1,4,5,1,1,2,1,2,10,10.6,Nehaa Sohail,https://www.sports-reference.com/cbb/players/nehaa-sohail-1.html,utah-valley,2019-20
3,18,3,2019-11-16,Utah Valley,,Nevada,REG (Non-Conf),L 57-60,,14,1,3,.333,1,2,.500,0,1,.000,.500,0,0,,0,0,0,0,0,0,1,2,3,-0.5,Nehaa Sohail,https://www.sports-reference.com/cbb/players/nehaa-sohail-1.html,utah-valley,2019-20
4,19,4,2019-11-21,Utah Valley,@,UC Riverside,REG (Non-Conf),L 53-67,,20,1,6,.167,0,2,.000,1,4,.250,.167,0,0,,2,2,4,0,0,0,3,2,2,-3.6,Nehaa Sohail,https://www.sports-reference.com/cbb/players/nehaa-sohail-1.html,utah-valley,2019-20
5,20,5,2019-11-26,Utah Valley,@,Boise State,REG (Non-Conf),L 69-77,,12,2,2,1.000,1,1,1.000,1,1,1.000,1.250,0,0,,0,1,1,0,0,0,0,2,5,3.9,Nehaa Sohail,https://www.sports-reference.com/cbb/players/nehaa-sohail-1.html,utah-valley,2019-20
6,21,6,2019-11-30,Utah Valley,,Antelope Valley,REG (Non-Conf),W 77-61,,10,2,6,.333,0,1,.000,2,5,.400,.333,4,4,1.000,1,2,3,1,0,3,0,1,8,8.3,Nehaa Sohail,https://www.sports-reference.com/cbb/players/nehaa-sohail-1.html,utah-valley,2019-20
7,22,7,2019-12-03,Utah Valley,,Idaho State,REG (Non-Conf),L 61-88,,20,3,4,.750,2,2,1.000,1,2,.500,1.000,4,6,.667,0,1,1,2,0,0,2,2,12,8.5,Nehaa Sohail,https://www.sports-reference.com/cbb/players/nehaa-sohail-1.html,utah-valley,2019-20
8,23,8,2019-12-07,Utah Valley,,Montana,REG (Non-Conf),L 52-63,*,27,4,13,.308,1,5,.200,3,8,.375,.346,0,0,,2,4,6,4,0,0,1,0,9,5.9,Nehaa Sohail,https://www.sports-reference.com/cbb/players/nehaa-sohail-1.html,utah-valley,2019-20
9,24,9,2019-12-14,Utah Valley,@,Brigham Young,REG (Non-Conf),L 57-71,*,19,1,8,.125,0,4,.000,1,4,.250,.125,0,0,,1,0,1,2,0,0,0,2,2,-1.9,Nehaa Sohail,https://www.sports-reference.com/cbb/players/nehaa-sohail-1.html,utah-valley,2019-20
10,25,10,2019-12-17,Utah Valley,@,Weber State,REG (Non-Conf),L 46-72,*,20,1,4,.250,1,3,.333,0,1,.000,.375,0,0,,1,3,4,0,0,1,0,3,3,1.7,Nehaa Sohail,https://www.sports-reference.com/cbb/players/nehaa-sohail-1.html,utah-valley,2019-20
11,26,11,2019-12-21,Utah Valley,,Utah State,REG (Non-Conf),W 57-49,*,21,4,10,.400,2,6,.333,2,4,.500,.500,0,0,,0,0,0,3,3,1,2,1,10,8.0,Nehaa Sohail,https://www.sports-reference.com/cbb/players/nehaa-sohail-1.html,utah-valley,2019-20
12,27,12,2019-12-28,Utah Valley,,Ottawa (AZ),REG (Non-Conf),W 99-50,*,20,5,11,.455,0,3,.000,5,8,.625,.455,1,1,1.000,2,4,6,1,2,0,1,0,11,9.6,Nehaa Sohail,https://www.sports-reference.com/cbb/players/nehaa-sohail-1.html,utah-valley,2019-20
13,28,13,2020-01-02,Utah Valley,,Chicago State,REG (Conf),W 89-58,*,19,2,4,.500,1,3,.333,1,1,1.000,.625,0,0,,1,5,6,1,0,1,0,3,5,5.4,Nehaa Sohail,https://www.sports-reference.com/cbb/players/nehaa-sohail-1.html,utah-valley,2019-20
14,29,14,2020-01-04,Utah Valley,,Kansas City,REG (Conf),W 62-41,*,20,0,3,.000,0,3,.000,0,0,,.000,2,2,1.000,0,1,1,0,0,0,1,1,2,-1.2,Nehaa Sohail,https://www.sports-reference.com/cbb/players/nehaa-sohail-1.html,utah-valley,2019-20
15,30,15,2020-01-11,Utah Valley,,Seattle,REG (Conf),W 70-58,*,26,2,5,.400,0,1,.000,2,4,.500,.400,1,2,.500,1,4,5,3,0,2,2,2,5,4.5,Nehaa Sohail,https://www.sports-reference.com/cbb/players/nehaa-sohail-1.html,utah-valley,2019-20
16,31,16,2020-01-16,Utah Valley,@,New Mexico State,REG (Conf),W 58-54,*,27,4,9,.444,0,2,.000,4,7,.571,.444,1,2,.500,0,0,0,0,2,1,2,2,9,3.8,Nehaa Sohail,https://www.sports-reference.com/cbb/players/nehaa-sohail-1.html,utah-valley,2019-20
17,32,17,2020-01-18,Utah Valley,@,Texas–Rio Grande Valley,REG (Conf),W 76-67,*,28,5,11,.455,0,3,.000,5,8,.625,.455,3,5,.600,2,4,6,5,1,1,2,1,13,11.9,Nehaa Sohail,https://www.sports-reference.com/cbb/players/nehaa-sohail-1.html,utah-valley,2019-20
18,33,18,2020-01-23,Utah Valley,,Cal State Bakersfield,REG (Conf),L 53-55,*,16,0,1,.000,0,1,.000,0,0,,.000,0,0,,0,1,1,1,0,0,2,0,0,-1.7,Nehaa Sohail,https://www.sports-reference.com/cbb/players/nehaa-sohail-1.html,utah-valley,2019-20
19,34,19,2020-01-25,Utah Valley,,Grand Canyon,REG (Conf),L 59-66,*,28,4,9,.444,2,4,.500,2,5,.400,.556,3,4,.750,1,2,3,1,1,1,1,2,13,9.8,Nehaa Sohail,https://www.sports-reference.com/cbb/players/nehaa-sohail-1.html,utah-valley,2019-20
20,35,20,2020-01-29,Utah Valley,@,California Baptist,REG (Conf),L 67-80,*,28,3,8,.375,1,3,.333,2,5,.400,.438,0,0,,0,4,4,3,2,0,1,1,7,6.5,Nehaa Sohail,https://www.sports-reference.com/cbb/players/nehaa-sohail-1.html,utah-valley,2019-20
21,36,21,2020-02-08,Utah Valley,@,Seattle,REG (Conf),L 80-82 (OT),*,29,2,9,.222,1,3,.333,1,6,.167,.278,0,2,.000,0,4,4,0,0,0,1,3,5,-2.3,Nehaa Sohail,https://www.sports-reference.com/cbb/players/nehaa-sohail-1.html,utah-valley,2019-20
22,37,22,2020-02-13,Utah Valley,,Texas–Rio Grande Valley,REG (Conf),W 61-54,*,13,1,5,.200,0,1,.000,1,4,.250,.200,0,0,,0,0,0,1,1,0,1,0,2,-0.4,Nehaa Sohail,https://www.sports-reference.com/cbb/players/nehaa-sohail-1.html,utah-valley,2019-20
23,38,23,2020-02-15,Utah Valley,,New Mexico State,REG (Conf),L 58-65,*,24,1,3,.333,0,1,.000,1,2,.500,.333,2,2,1.000,0,2,2,4,1,1,1,5,4,4.4,Nehaa Sohail,https://www.sports-reference.com/cbb/players/nehaa-sohail-1.html,utah-valley,2019-20
24,39,24,2020-02-20,Utah Valley,@,Cal State Bakersfield,REG (Conf),W 63-56 (OT),*,20,2,4,.500,0,2,.000,2,2,1.000,.500,0,0,,0,5,5,0,1,0,0,2,4,3.7,Nehaa Sohail,https://www.sports-reference.com/cbb/players/nehaa-sohail-1.html,utah-valley,2019-20
25,40,25,2020-02-22,Utah Valley,@,Grand Canyon,REG (Conf),W 64-54,*,16,1,3,.333,0,1,.000,1,2,.500,.333,1,1,1.000,0,1,1,0,0,0,0,0,3,1.6,Nehaa Sohail,https://www.sports-reference.com/cbb/players/nehaa-sohail-1.html,utah-valley,2019-20
26,41,26,2020-02-26,Utah Valley,,California Baptist,REG (Conf),W 74-57,*,24,2,7,.286,1,4,.250,1,3,.333,.357,0,0,,0,6,6,4,0,2,0,1,5,6.5,Nehaa Sohail,https://www.sports-reference.com/cbb/players/nehaa-sohail-1.html,utah-valley,2019-20
27,42,27,2020-03-05,Utah Valley,@,Kansas City,REG (Conf),L 53-61,*,12,0,3,.000,0,2,.000,0,1,.000,.000,1,2,.500,0,1,1,2,1,0,0,0,1,1.2,Nehaa Sohail,https://www.sports-reference.com/cbb/players/nehaa-sohail-1.html,utah-valley,2019-20
28,43,28,2020-03-11,Utah Valley,,Seattle,CTOURN,L 48-61,*,22,1,4,.250,0,0,,1,4,.250,.250,1,2,.500,0,6,6,1,0,0,2,1,3,0.3,Nehaa Sohail,https://www.sports-reference.com/cbb/players/nehaa-sohail-1.html,utah-valley,2019-20
