ranker,player_game_num_career,team_game_num_season,date,team_name_abbr,game_location,opp_name_abbr,game_type,game_result,is_starter,mp,fg,fga,fg_pct,fg3,fg3a,fg3_pct,fg2,fg2a,fg2_pct,efg_pct,ft,fta,ft_pct,orb,drb,trb,ast,stl,blk,tov,pf,pts,game_score,player_name,player_sr_link,school,season
1,1,1,2019-11-05,Utah Valley,@,UC Santa Barbara,REG (Non-Conf),L 51-59,,4,0,0,,0,0,,0,0,,,0,0,,0,0,0,0,0,0,0,1,0,-0.4,Sydney Wright,https://www.sports-reference.com/cbb/players/sydney-wright-1.html,utah-valley,2019-20
2,2,2,2019-11-09,Utah Valley,,Southern Utah,REG (Non-Conf),L 58-71,,15,0,0,,0,0,,0,0,,,0,0,,0,0,0,3,1,0,0,1,0,2.7,Sydney Wright,https://www.sports-reference.com/cbb/players/sydney-wright-1.html,utah-valley,2019-20
3,3,3,2019-11-16,Utah Valley,,Nevada,REG (Non-Conf),L 57-60,,9,0,0,,0,0,,0,0,,,0,0,,0,1,1,0,1,0,0,0,0,1.3,Sydney Wright,https://www.sports-reference.com/cbb/players/sydney-wright-1.html,utah-valley,2019-20
4,4,4,2019-11-21,Utah Valley,@,UC Riverside,REG (Non-Conf),L 53-67,,12,1,2,.500,0,1,.000,1,1,1.000,.500,1,2,.500,0,1,1,0,0,0,0,2,3,1.1,Sydney Wright,https://www.sports-reference.com/cbb/players/sydney-wright-1.html,utah-valley,2019-20
5,5,5,2019-11-26,Utah Valley,@,Boise State,REG (Non-Conf),L 69-77,,7,0,1,.000,0,1,.000,0,0,,.000,0,0,,0,0,0,2,1,0,1,1,0,0.3,Sydney Wright,https://www.sports-reference.com/cbb/players/sydney-wright-1.html,utah-valley,2019-20
6,6,6,2019-11-30,Utah Valley,,Antelope Valley,REG (Non-Conf),W 77-61,,20,0,1,.000,0,0,,0,1,.000,.000,2,2,1.000,0,0,0,2,2,0,4,2,2,-0.1,Sydney Wright,https://www.sports-reference.com/cbb/players/sydney-wright-1.html,utah-valley,2019-20
7,7,7,2019-12-03,Utah Valley,,Idaho State,REG (Non-Conf),L 61-88,,17,2,2,1.000,2,2,1.000,0,0,,1.500,0,0,,0,2,2,2,0,0,1,1,6,6.0,Sydney Wright,https://www.sports-reference.com/cbb/players/sydney-wright-1.html,utah-valley,2019-20
8,8,8,2019-12-07,Utah Valley,,Montana,REG (Non-Conf),L 52-63,,6,0,0,,0,0,,0,0,,,0,0,,0,0,0,2,0,0,3,0,0,-1.6,Sydney Wright,https://www.sports-reference.com/cbb/players/sydney-wright-1.html,utah-valley,2019-20
9,9,10,2019-12-17,Utah Valley,@,Weber State,REG (Non-Conf),L 46-72,,1,0,0,,0,0,,0,0,,,0,0,,0,0,0,0,0,0,0,0,0,0.0,Sydney Wright,https://www.sports-reference.com/cbb/players/sydney-wright-1.html,utah-valley,2019-20
10,10,12,2019-12-28,Utah Valley,,Ottawa (AZ),REG (Non-Conf),W 99-50,,20,1,2,.500,0,0,,1,2,.500,.500,1,2,.500,1,1,2,2,1,0,0,2,3,4.2,Sydney Wright,https://www.sports-reference.com/cbb/players/sydney-wright-1.html,utah-valley,2019-20
11,11,13,2020-01-02,Utah Valley,,Chicago State,REG (Conf),W 89-58,,12,1,5,.200,0,1,.000,1,4,.250,.200,0,0,,1,1,2,1,0,0,0,2,2,-0.2,Sydney Wright,https://www.sports-reference.com/cbb/players/sydney-wright-1.html,utah-valley,2019-20
12,12,14,2020-01-04,Utah Valley,,Kansas City,REG (Conf),W 62-41,,2,0,0,,0,0,,0,0,,,0,0,,0,0,0,0,0,0,0,0,0,0.0,Sydney Wright,https://www.sports-reference.com/cbb/players/sydney-wright-1.html,utah-valley,2019-20
13,13,20,2020-01-29,Utah Valley,@,California Baptist,REG (Conf),L 67-80,,7,0,1,.000,0,0,,0,1,.000,.000,0,0,,0,0,0,0,1,0,0,1,0,-0.1,Sydney Wright,https://www.sports-reference.com/cbb/players/sydney-wright-1.html,utah-valley,2019-20
14,14,23,2020-02-15,Utah Valley,,New Mexico State,REG (Conf),L 58-65,,5,2,2,1.000,2,2,1.000,0,0,,1.500,0,0,,0,0,0,0,0,0,3,2,6,1.6,Sydney Wright,https://www.sports-reference.com/cbb/players/sydney-wright-1.html,utah-valley,2019-20
15,15,26,2020-02-26,Utah Valley,,California Baptist,REG (Conf),W 74-57,,2,0,2,.000,0,0,,0,2,.000,.000,0,0,,0,0,0,0,1,0,1,1,0,-1.8,Sydney Wright,https://www.sports-reference.com/cbb/players/sydney-wright-1.html,utah-valley,2019-20
16,16,27,2020-03-05,Utah Valley,@,Kansas City,REG (Conf),L 53-61,,2,0,0,,0,0,,0,0,,,0,0,,0,0,0,0,0,0,0,1,0,-0.4,Sydney Wright,https://www.sports-reference.com/cbb/players/sydney-wright-1.html,utah-valley,2019-20
