ranker,player_game_num_career,team_game_num_season,date,team_name_abbr,game_location,opp_name_abbr,game_type,game_result,is_starter,mp,fg,fga,fg_pct,fg3,fg3a,fg2,fg2a,fg2_pct,efg_pct,ft,fta,ft_pct,orb,drb,trb,ast,stl,blk,tov,pf,pts,game_score,player_name,player_sr_link,school,season
1,37,2,2019-11-09,Utah Valley,,Southern Utah,REG (Non-Conf),L 58-71,,2,0,2,.000,0,0,0,2,.000,.000,0,0,,0,0,0,0,0,0,0,0,0,-1.4,Va'e Malufau,https://www.sports-reference.com/cbb/players/vae-malufau-1.html,utah-valley,2019-20
2,38,9,2019-12-14,Utah Valley,@,Brigham Young,REG (Non-Conf),L 57-71,,4,0,0,,0,0,0,0,,,0,0,,0,0,0,0,0,0,1,1,0,-1.4,Va'e Malufau,https://www.sports-reference.com/cbb/players/vae-malufau-1.html,utah-valley,2019-20
3,39,12,2019-12-28,Utah Valley,,Ottawa (AZ),REG (Non-Conf),W 99-50,,9,1,3,.333,0,0,1,3,.333,.333,2,2,1.000,2,2,4,1,0,0,3,0,4,2.0,Va'e Malufau,https://www.sports-reference.com/cbb/players/vae-malufau-1.html,utah-valley,2019-20
4,40,13,2020-01-02,Utah Valley,,Chicago State,REG (Conf),W 89-58,,12,1,1,1.000,0,0,1,1,1.000,1.000,1,2,.500,2,2,4,0,0,0,0,0,3,4.3,Va'e Malufau,https://www.sports-reference.com/cbb/players/vae-malufau-1.html,utah-valley,2019-20
5,41,14,2020-01-04,Utah Valley,,Kansas City,REG (Conf),W 62-41,,2,0,0,,0,0,0,0,,,0,0,,1,0,1,0,0,0,0,1,0,0.3,Va'e Malufau,https://www.sports-reference.com/cbb/players/vae-malufau-1.html,utah-valley,2019-20
6,42,21,2020-02-08,Utah Valley,@,Seattle,REG (Conf),L 80-82 (OT),,2,0,1,.000,0,0,0,1,.000,.000,0,0,,0,0,0,0,0,0,0,1,0,-1.1,Va'e Malufau,https://www.sports-reference.com/cbb/players/vae-malufau-1.html,utah-valley,2019-20
7,43,23,2020-02-15,Utah Valley,,New Mexico State,REG (Conf),L 58-65,,2,0,1,.000,0,0,0,1,.000,.000,0,0,,0,0,0,0,0,0,0,0,0,-0.7,Va'e Malufau,https://www.sports-reference.com/cbb/players/vae-malufau-1.html,utah-valley,2019-20
8,44,24,2020-02-20,Utah Valley,@,Cal State Bakersfield,REG (Conf),W 63-56 (OT),,3,0,0,,0,0,0,0,,,0,0,,0,0,0,0,0,0,1,2,0,-1.8,Va'e Malufau,https://www.sports-reference.com/cbb/players/vae-malufau-1.html,utah-valley,2019-20
9,45,25,2020-02-22,Utah Valley,@,Grand Canyon,REG (Conf),W 64-54,,1,0,1,.000,0,0,0,1,.000,.000,0,0,,1,0,1,0,0,0,0,0,0,0.0,Va'e Malufau,https://www.sports-reference.com/cbb/players/vae-malufau-1.html,utah-valley,2019-20
10,46,26,2020-02-26,Utah Valley,,California Baptist,REG (Conf),W 74-57,,2,0,0,,0,0,0,0,,,0,0,,0,1,1,0,0,0,0,0,0,0.3,Va'e Malufau,https://www.sports-reference.com/cbb/players/vae-malufau-1.html,utah-valley,2019-20
