ranker,player_game_num_career,team_game_num_season,date,team_name_abbr,game_location,opp_name_abbr,game_type,game_result,is_starter,mp,fg,fga,fg_pct,fg3,fg3a,fg3_pct,fg2,fg2a,fg2_pct,efg_pct,ft,fta,orb,drb,trb,ast,stl,blk,tov,pf,pts,game_score,player_name,player_sr_link,school,season
1,85,2,2018-11-11,Fordham,@,Northeastern,REG (Non-Conf),L 54-58,,11,0,5,.000,0,4,.000,0,1,.000,.000,0,0,0,0,0,0,2,0,1,1,0,-2.9,Alexa Giuliano,https://www.sports-reference.com/cbb/players/alexa-giuliano-1.html,fordham,2018-19
2,86,3,2018-11-14,Fordham,,Penn State,REG (Non-Conf),L 55-72,,5,1,3,.333,1,3,.333,0,0,,.500,0,0,1,1,2,0,1,0,0,0,3,3.3,Alexa Giuliano,https://www.sports-reference.com/cbb/players/alexa-giuliano-1.html,fordham,2018-19
3,87,4,2018-11-18,Fordham,,Charlotte,REG (Non-Conf),W 71-64,,2,0,0,,0,0,,0,0,,,0,0,1,0,1,0,0,0,2,0,0,-1.3,Alexa Giuliano,https://www.sports-reference.com/cbb/players/alexa-giuliano-1.html,fordham,2018-19
4,88,5,2018-11-23,Fordham,,Ball State,REG (Non-Conf),W 78-70,,10,0,3,.000,0,2,.000,0,1,.000,.000,0,0,2,1,3,0,0,0,0,1,0,-0.8,Alexa Giuliano,https://www.sports-reference.com/cbb/players/alexa-giuliano-1.html,fordham,2018-19
5,89,6,2018-11-24,Fordham,,Washington,REG (Non-Conf),W 65-57,,4,1,1,1.000,0,0,,1,1,1.000,1.000,0,0,1,0,1,0,1,0,0,0,2,3.4,Alexa Giuliano,https://www.sports-reference.com/cbb/players/alexa-giuliano-1.html,fordham,2018-19
6,90,7,2018-11-25,Fordham,,Texas,REG (Non-Conf),L 54-72,,5,0,1,.000,0,1,.000,0,0,,.000,0,0,0,0,0,0,0,0,1,0,0,-1.7,Alexa Giuliano,https://www.sports-reference.com/cbb/players/alexa-giuliano-1.html,fordham,2018-19
7,91,8,2018-11-29,Fordham,@,Georgetown,REG (Non-Conf),L 38-58,,5,0,0,,0,0,,0,0,,,0,0,0,0,0,0,0,0,0,1,0,-0.4,Alexa Giuliano,https://www.sports-reference.com/cbb/players/alexa-giuliano-1.html,fordham,2018-19
8,92,10,2018-12-05,Fordham,@,Pittsburgh,REG (Non-Conf),L 62-65,,3,1,2,.500,1,2,.500,0,0,,.750,0,0,1,1,2,0,0,0,0,0,3,3.0,Alexa Giuliano,https://www.sports-reference.com/cbb/players/alexa-giuliano-1.html,fordham,2018-19
9,93,11,2018-12-11,Fordham,,Columbia,REG (Non-Conf),W 68-49,,3,0,0,,0,0,,0,0,,,0,0,0,0,0,0,0,0,0,0,0,0.0,Alexa Giuliano,https://www.sports-reference.com/cbb/players/alexa-giuliano-1.html,fordham,2018-19
10,94,12,2018-12-21,Fordham,@,Iona,REG (Non-Conf),W 57-40,,2,0,0,,0,0,,0,0,,,0,0,0,0,0,0,0,0,0,0,0,0.0,Alexa Giuliano,https://www.sports-reference.com/cbb/players/alexa-giuliano-1.html,fordham,2018-19
11,95,15,2019-01-05,Fordham,@,George Washington,REG (Conf),W 50-38,,1,0,0,,0,0,,0,0,,,0,0,0,0,0,0,0,0,0,0,0,0.0,Alexa Giuliano,https://www.sports-reference.com/cbb/players/alexa-giuliano-1.html,fordham,2018-19
12,96,16,2019-01-09,Fordham,,Richmond,REG (Conf),W 60-48,,1,0,0,,0,0,,0,0,,,0,0,0,0,0,0,0,0,0,0,0,0.0,Alexa Giuliano,https://www.sports-reference.com/cbb/players/alexa-giuliano-1.html,fordham,2018-19
13,97,19,2019-01-20,Fordham,@,Dayton,REG (Conf),L 50-72,,1,0,0,,0,0,,0,0,,,0,0,0,0,0,1,0,0,0,0,0,0.7,Alexa Giuliano,https://www.sports-reference.com/cbb/players/alexa-giuliano-1.html,fordham,2018-19
14,98,23,2019-02-03,Fordham,,Duquesne,REG (Conf),W 57-46,,1,0,0,,0,0,,0,0,,,0,0,0,0,0,0,0,0,0,0,0,0.0,Alexa Giuliano,https://www.sports-reference.com/cbb/players/alexa-giuliano-1.html,fordham,2018-19
15,99,28,2019-02-24,Fordham,,Massachusetts,REG (Conf),W 76-64,,1,0,0,,0,0,,0,0,,,0,0,0,0,0,0,0,0,0,1,0,-0.4,Alexa Giuliano,https://www.sports-reference.com/cbb/players/alexa-giuliano-1.html,fordham,2018-19
16,100,32,2019-03-09,Fordham,,Duquesne,CTOURN,W 76-34,,3,0,1,.000,0,1,.000,0,0,,.000,0,0,0,0,0,0,0,0,0,0,0,-0.7,Alexa Giuliano,https://www.sports-reference.com/cbb/players/alexa-giuliano-1.html,fordham,2018-19
17,101,34,2019-03-23,Fordham,@,Syracuse,ROUND-64,L 49-70,,1,0,0,,0,0,,0,0,,,0,0,0,0,0,0,0,0,0,0,0,0.0,Alexa Giuliano,https://www.sports-reference.com/cbb/players/alexa-giuliano-1.html,fordham,2018-19
