ranker,player_game_num_career,team_game_num_season,date,team_name_abbr,game_location,opp_name_abbr,game_type,game_result,is_starter,mp,fg,fga,fg_pct,fg3,fg3a,fg3_pct,fg2,fg2a,fg2_pct,efg_pct,ft,fta,ft_pct,orb,drb,trb,ast,stl,blk,tov,pf,pts,game_score,player_name,player_sr_link,school,season
1,35,1,2018-11-09,Fordham,,Wagner,REG (Non-Conf),W 80-59,*,32,6,13,.462,3,7,.429,3,6,.500,.577,5,8,.625,4,6,10,2,0,0,0,1,20,17.7,Bre Cavanaugh,https://www.sports-reference.com/cbb/players/bre-cavanaugh-1.html,fordham,2018-19
2,36,2,2018-11-11,Fordham,@,Northeastern,REG (Non-Conf),L 54-58,*,40,5,22,.227,0,6,.000,5,16,.313,.227,5,5,1.000,1,5,6,3,0,0,0,3,15,4.7,Bre Cavanaugh,https://www.sports-reference.com/cbb/players/bre-cavanaugh-1.html,fordham,2018-19
3,37,3,2018-11-14,Fordham,,Penn State,REG (Non-Conf),L 55-72,*,40,5,20,.250,2,6,.333,3,14,.214,.300,2,3,.667,2,6,8,3,2,0,2,1,14,6.5,Bre Cavanaugh,https://www.sports-reference.com/cbb/players/bre-cavanaugh-1.html,fordham,2018-19
4,38,4,2018-11-18,Fordham,,Charlotte,REG (Non-Conf),W 71-64,*,37,6,17,.353,1,5,.200,5,12,.417,.382,7,8,.875,3,3,6,2,0,0,0,0,20,14.5,Bre Cavanaugh,https://www.sports-reference.com/cbb/players/bre-cavanaugh-1.html,fordham,2018-19
5,39,5,2018-11-23,Fordham,,Ball State,REG (Non-Conf),W 78-70,*,38,10,23,.435,4,11,.364,6,12,.500,.522,0,0,,1,2,3,1,0,0,0,0,24,13.9,Bre Cavanaugh,https://www.sports-reference.com/cbb/players/bre-cavanaugh-1.html,fordham,2018-19
6,40,6,2018-11-24,Fordham,,Washington,REG (Non-Conf),W 65-57,*,38,7,19,.368,4,11,.364,3,8,.375,.474,7,9,.778,1,3,4,2,4,0,0,1,25,20.3,Bre Cavanaugh,https://www.sports-reference.com/cbb/players/bre-cavanaugh-1.html,fordham,2018-19
7,41,7,2018-11-25,Fordham,,Texas,REG (Non-Conf),L 54-72,*,36,7,15,.467,3,9,.333,4,6,.667,.567,1,2,.500,0,3,3,3,1,0,2,1,18,11.5,Bre Cavanaugh,https://www.sports-reference.com/cbb/players/bre-cavanaugh-1.html,fordham,2018-19
8,42,8,2018-11-29,Fordham,@,Georgetown,REG (Non-Conf),L 38-58,*,40,3,14,.214,2,8,.250,1,6,.167,.286,2,2,1.000,0,7,7,2,1,0,4,2,10,1.1,Bre Cavanaugh,https://www.sports-reference.com/cbb/players/bre-cavanaugh-1.html,fordham,2018-19
9,43,9,2018-12-01,Fordham,,Manhattan,REG (Non-Conf),W 65-61,*,40,9,22,.409,1,6,.167,8,16,.500,.432,8,11,.727,2,9,11,3,2,0,3,1,27,18.8,Bre Cavanaugh,https://www.sports-reference.com/cbb/players/bre-cavanaugh-1.html,fordham,2018-19
10,44,10,2018-12-05,Fordham,@,Pittsburgh,REG (Non-Conf),L 62-65,*,36,7,15,.467,4,8,.500,3,7,.429,.600,0,0,,0,4,4,1,0,1,1,4,18,10.3,Bre Cavanaugh,https://www.sports-reference.com/cbb/players/bre-cavanaugh-1.html,fordham,2018-19
11,45,11,2018-12-11,Fordham,,Columbia,REG (Non-Conf),W 68-49,*,38,6,10,.600,1,4,.250,5,6,.833,.650,6,8,.750,2,2,4,2,3,1,1,0,19,19.7,Bre Cavanaugh,https://www.sports-reference.com/cbb/players/bre-cavanaugh-1.html,fordham,2018-19
12,46,12,2018-12-21,Fordham,@,Iona,REG (Non-Conf),W 57-40,*,38,6,15,.400,0,4,.000,6,11,.545,.400,3,3,1.000,2,6,8,1,0,0,4,2,15,6.0,Bre Cavanaugh,https://www.sports-reference.com/cbb/players/bre-cavanaugh-1.html,fordham,2018-19
13,47,13,2018-12-29,Fordham,,Maine,REG (Non-Conf),W 72-64 (OT),*,45,10,22,.455,5,13,.385,5,9,.556,.568,2,4,.500,2,6,8,3,0,0,3,3,27,15.9,Bre Cavanaugh,https://www.sports-reference.com/cbb/players/bre-cavanaugh-1.html,fordham,2018-19
14,48,14,2018-12-30,Fordham,,Middle Tennessee,REG (Non-Conf),W 61-49,*,40,2,9,.222,0,4,.000,2,5,.400,.222,3,3,1.000,1,9,10,3,4,1,2,0,7,9.7,Bre Cavanaugh,https://www.sports-reference.com/cbb/players/bre-cavanaugh-1.html,fordham,2018-19
15,49,15,2019-01-05,Fordham,@,George Washington,REG (Conf),W 50-38,*,38,4,17,.235,2,7,.286,2,10,.200,.294,2,2,1.000,2,8,10,0,2,0,2,0,12,5.5,Bre Cavanaugh,https://www.sports-reference.com/cbb/players/bre-cavanaugh-1.html,fordham,2018-19
16,50,16,2019-01-09,Fordham,,Richmond,REG (Conf),W 60-48,*,37,7,18,.389,2,6,.333,5,12,.417,.444,4,4,1.000,4,8,12,7,1,0,2,2,20,18.5,Bre Cavanaugh,https://www.sports-reference.com/cbb/players/bre-cavanaugh-1.html,fordham,2018-19
17,51,17,2019-01-13,Fordham,@,Saint Louis,REG (Conf),W 56-53,*,40,7,19,.368,1,3,.333,6,16,.375,.395,3,4,.750,2,4,6,2,1,0,2,1,18,9.7,Bre Cavanaugh,https://www.sports-reference.com/cbb/players/bre-cavanaugh-1.html,fordham,2018-19
18,52,18,2019-01-16,Fordham,,VCU,REG (Conf),L 44-47,*,40,5,17,.294,1,8,.125,4,9,.444,.324,1,2,.500,2,7,9,1,0,0,2,2,12,3.1,Bre Cavanaugh,https://www.sports-reference.com/cbb/players/bre-cavanaugh-1.html,fordham,2018-19
19,53,19,2019-01-20,Fordham,@,Dayton,REG (Conf),L 50-72,*,38,5,13,.385,1,5,.200,4,8,.500,.423,0,0,,1,3,4,2,0,0,1,1,11,5.5,Bre Cavanaugh,https://www.sports-reference.com/cbb/players/bre-cavanaugh-1.html,fordham,2018-19
20,54,20,2019-01-24,Fordham,@,Rhode Island,REG (Conf),W 56-38,*,40,6,14,.429,4,11,.364,2,3,.667,.571,5,6,.833,1,8,9,4,1,0,1,0,21,19.1,Bre Cavanaugh,https://www.sports-reference.com/cbb/players/bre-cavanaugh-1.html,fordham,2018-19
21,55,21,2019-01-27,Fordham,,Davidson,REG (Conf),L 56-60,*,29,3,16,.188,0,5,.000,3,11,.273,.188,4,4,1.000,1,2,3,2,0,0,2,5,10,-1.3,Bre Cavanaugh,https://www.sports-reference.com/cbb/players/bre-cavanaugh-1.html,fordham,2018-19
22,56,22,2019-01-31,Fordham,@,La Salle,REG (Conf),W 65-54,*,33,4,11,.364,3,6,.500,1,5,.200,.500,0,0,,1,4,5,1,0,0,5,0,11,2.5,Bre Cavanaugh,https://www.sports-reference.com/cbb/players/bre-cavanaugh-1.html,fordham,2018-19
23,57,23,2019-02-03,Fordham,,Duquesne,REG (Conf),W 57-46,*,35,1,11,.091,0,4,.000,1,7,.143,.091,2,2,1.000,1,5,6,5,1,0,2,2,4,0.6,Bre Cavanaugh,https://www.sports-reference.com/cbb/players/bre-cavanaugh-1.html,fordham,2018-19
24,58,24,2019-02-06,Fordham,,Saint Louis,REG (Conf),W 54-51,*,38,4,15,.267,1,5,.200,3,10,.300,.300,2,4,.500,0,6,6,2,0,0,2,2,11,1.7,Bre Cavanaugh,https://www.sports-reference.com/cbb/players/bre-cavanaugh-1.html,fordham,2018-19
25,59,25,2019-02-10,Fordham,,George Mason,REG (Conf),W 64-53,*,40,8,19,.421,4,11,.364,4,8,.500,.526,2,2,1.000,1,1,2,0,2,0,2,1,22,12.5,Bre Cavanaugh,https://www.sports-reference.com/cbb/players/bre-cavanaugh-1.html,fordham,2018-19
26,60,26,2019-02-13,Fordham,@,Davidson,REG (Conf),W 58-42,*,40,6,18,.333,3,9,.333,3,9,.333,.417,0,0,,1,6,7,3,0,0,2,2,15,6.6,Bre Cavanaugh,https://www.sports-reference.com/cbb/players/bre-cavanaugh-1.html,fordham,2018-19
27,61,27,2019-02-16,Fordham,@,St. Bonaventure,REG (Conf),W 53-44,*,39,2,10,.200,1,6,.167,1,4,.250,.250,8,10,.800,0,3,3,3,1,0,1,2,13,8.2,Bre Cavanaugh,https://www.sports-reference.com/cbb/players/bre-cavanaugh-1.html,fordham,2018-19
28,62,28,2019-02-24,Fordham,,Massachusetts,REG (Conf),W 76-64,*,38,10,19,.526,5,10,.500,5,9,.556,.658,2,2,1.000,0,6,6,3,1,0,0,0,27,22.6,Bre Cavanaugh,https://www.sports-reference.com/cbb/players/bre-cavanaugh-1.html,fordham,2018-19
29,63,29,2019-02-27,Fordham,,Dayton,REG (Conf),W 57-48,*,40,3,11,.273,1,7,.143,2,4,.500,.318,3,3,1.000,0,4,4,4,0,0,3,2,10,3.7,Bre Cavanaugh,https://www.sports-reference.com/cbb/players/bre-cavanaugh-1.html,fordham,2018-19
30,64,30,2019-03-02,Fordham,@,Saint Joseph's,REG (Conf),W 51-41,*,40,8,17,.471,5,8,.625,3,9,.333,.618,5,8,.625,1,7,8,1,1,0,1,2,26,18.8,Bre Cavanaugh,https://www.sports-reference.com/cbb/players/bre-cavanaugh-1.html,fordham,2018-19
31,65,31,2019-03-08,Fordham,,Massachusetts,CTOURN,W 73-62,*,39,12,21,.571,4,8,.500,8,13,.615,.667,1,2,.500,1,1,2,3,2,0,2,0,29,21.8,Bre Cavanaugh,https://www.sports-reference.com/cbb/players/bre-cavanaugh-1.html,fordham,2018-19
32,66,32,2019-03-09,Fordham,,Duquesne,CTOURN,W 76-34,*,34,6,13,.462,3,5,.600,3,8,.375,.577,4,4,1.000,1,4,5,5,0,0,2,1,19,15.3,Bre Cavanaugh,https://www.sports-reference.com/cbb/players/bre-cavanaugh-1.html,fordham,2018-19
33,67,33,2019-03-10,Fordham,@,VCU,CTOURN,W 62-47,*,40,4,14,.286,1,3,.333,3,11,.273,.321,13,14,.929,0,7,7,2,1,0,1,1,22,16.5,Bre Cavanaugh,https://www.sports-reference.com/cbb/players/bre-cavanaugh-1.html,fordham,2018-19
34,68,34,2019-03-23,Fordham,@,Syracuse,ROUND-64,L 49-70,*,39,2,10,.200,2,6,.333,0,4,.000,.300,3,4,.750,0,8,8,3,1,0,1,4,9,5.3,Bre Cavanaugh,https://www.sports-reference.com/cbb/players/bre-cavanaugh-1.html,fordham,2018-19
