ranker,player_game_num_career,team_game_num_season,date,team_name_abbr,game_location,opp_name_abbr,game_type,game_result,is_starter,mp,fg,fga,fg_pct,fg3,fg3a,fg3_pct,fg2,fg2a,fg2_pct,efg_pct,ft,fta,ft_pct,orb,drb,trb,ast,stl,blk,tov,pf,pts,game_score,player_name,player_sr_link,school,season
1,1,1,2018-11-09,Fordham,,Wagner,REG (Non-Conf),W 80-59,,11,1,5,.200,1,3,.333,0,2,.000,.300,0,0,,1,0,1,0,0,0,1,1,3,-0.8,Catherine Polisano,https://www.sports-reference.com/cbb/players/catherine-polisano-1.html,fordham,2018-19
2,2,4,2018-11-18,Fordham,,Charlotte,REG (Non-Conf),W 71-64,,6,0,0,,0,0,,0,0,,,2,2,1.000,0,0,0,0,0,0,0,0,2,2.0,Catherine Polisano,https://www.sports-reference.com/cbb/players/catherine-polisano-1.html,fordham,2018-19
3,3,5,2018-11-23,Fordham,,Ball State,REG (Non-Conf),W 78-70,,1,0,0,,0,0,,0,0,,,0,0,,0,0,0,0,0,0,0,0,0,0.0,Catherine Polisano,https://www.sports-reference.com/cbb/players/catherine-polisano-1.html,fordham,2018-19
4,4,7,2018-11-25,Fordham,,Texas,REG (Non-Conf),L 54-72,,5,0,0,,0,0,,0,0,,,0,0,,0,0,0,0,0,0,0,1,0,-0.4,Catherine Polisano,https://www.sports-reference.com/cbb/players/catherine-polisano-1.html,fordham,2018-19
5,5,8,2018-11-29,Fordham,@,Georgetown,REG (Non-Conf),L 38-58,,5,1,2,.500,0,1,.000,1,1,1.000,.500,0,0,,0,1,1,1,0,0,0,0,2,2.0,Catherine Polisano,https://www.sports-reference.com/cbb/players/catherine-polisano-1.html,fordham,2018-19
6,6,11,2018-12-11,Fordham,,Columbia,REG (Non-Conf),W 68-49,,2,0,0,,0,0,,0,0,,,0,0,,0,0,0,0,0,0,0,0,0,0.0,Catherine Polisano,https://www.sports-reference.com/cbb/players/catherine-polisano-1.html,fordham,2018-19
7,7,12,2018-12-21,Fordham,@,Iona,REG (Non-Conf),W 57-40,,2,0,0,,0,0,,0,0,,,0,0,,0,0,0,0,0,0,0,1,0,-0.4,Catherine Polisano,https://www.sports-reference.com/cbb/players/catherine-polisano-1.html,fordham,2018-19
8,8,15,2019-01-05,Fordham,@,George Washington,REG (Conf),W 50-38,,1,0,2,.000,0,0,,0,2,.000,.000,0,0,,1,0,1,0,0,0,0,0,0,-0.7,Catherine Polisano,https://www.sports-reference.com/cbb/players/catherine-polisano-1.html,fordham,2018-19
9,9,16,2019-01-09,Fordham,,Richmond,REG (Conf),W 60-48,,2,0,2,.000,0,1,.000,0,1,.000,.000,0,0,,0,0,0,0,0,0,0,0,0,-1.4,Catherine Polisano,https://www.sports-reference.com/cbb/players/catherine-polisano-1.html,fordham,2018-19
10,10,19,2019-01-20,Fordham,@,Dayton,REG (Conf),L 50-72,,1,0,0,,0,0,,0,0,,,0,0,,0,0,0,0,0,0,0,0,0,0.0,Catherine Polisano,https://www.sports-reference.com/cbb/players/catherine-polisano-1.html,fordham,2018-19
11,11,23,2019-02-03,Fordham,,Duquesne,REG (Conf),W 57-46,,1,0,0,,0,0,,0,0,,,0,0,,0,0,0,0,0,0,0,0,0,0.0,Catherine Polisano,https://www.sports-reference.com/cbb/players/catherine-polisano-1.html,fordham,2018-19
12,12,28,2019-02-24,Fordham,,Massachusetts,REG (Conf),W 76-64,,1,0,0,,0,0,,0,0,,,2,2,1.000,0,0,0,0,0,0,0,0,2,2.0,Catherine Polisano,https://www.sports-reference.com/cbb/players/catherine-polisano-1.html,fordham,2018-19
13,13,32,2019-03-09,Fordham,,Duquesne,CTOURN,W 76-34,,5,0,0,,0,0,,0,0,,,0,0,,0,1,1,0,0,1,3,0,0,-2.0,Catherine Polisano,https://www.sports-reference.com/cbb/players/catherine-polisano-1.html,fordham,2018-19
14,14,34,2019-03-23,Fordham,@,Syracuse,ROUND-64,L 49-70,,1,0,0,,0,0,,0,0,,,2,3,.667,0,0,0,0,0,0,0,0,2,1.6,Catherine Polisano,https://www.sports-reference.com/cbb/players/catherine-polisano-1.html,fordham,2018-19
