ranker,player_game_num_career,team_game_num_season,date,team_name_abbr,game_location,opp_name_abbr,game_type,game_result,is_starter,mp,fg,fga,fg_pct,fg3,fg3a,fg2,fg2a,fg2_pct,efg_pct,ft,fta,orb,drb,trb,ast,stl,blk,tov,pf,pts,game_score,player_name,player_sr_link,school,season
1,19,5,2018-11-23,Fordham,,Ball State,REG (Non-Conf),W 78-70,,3,0,0,,0,0,0,0,,,0,0,0,0,0,0,0,0,1,1,0,-1.4,Halei Gillis,https://www.sports-reference.com/cbb/players/halei-gillis-1.html,fordham,2018-19
2,20,6,2018-11-24,Fordham,,Washington,REG (Non-Conf),W 65-57,,3,0,0,,0,0,0,0,,,0,0,1,1,2,0,0,0,0,0,0,1.0,Halei Gillis,https://www.sports-reference.com/cbb/players/halei-gillis-1.html,fordham,2018-19
3,21,7,2018-11-25,Fordham,,Texas,REG (Non-Conf),L 54-72,,6,0,0,,0,0,0,0,,,0,0,1,1,2,0,0,0,2,1,0,-1.4,Halei Gillis,https://www.sports-reference.com/cbb/players/halei-gillis-1.html,fordham,2018-19
4,22,8,2018-11-29,Fordham,@,Georgetown,REG (Non-Conf),L 38-58,,2,0,1,.000,0,0,0,1,.000,.000,0,0,0,0,0,0,0,0,0,0,0,-0.7,Halei Gillis,https://www.sports-reference.com/cbb/players/halei-gillis-1.html,fordham,2018-19
5,23,9,2018-12-01,Fordham,,Manhattan,REG (Non-Conf),W 65-61,,3,0,0,,0,0,0,0,,,0,0,0,1,1,0,0,0,0,0,0,0.3,Halei Gillis,https://www.sports-reference.com/cbb/players/halei-gillis-1.html,fordham,2018-19
6,24,10,2018-12-05,Fordham,@,Pittsburgh,REG (Non-Conf),L 62-65,,4,1,2,.500,0,0,1,2,.500,.500,0,0,1,0,1,1,0,1,1,1,2,1.7,Halei Gillis,https://www.sports-reference.com/cbb/players/halei-gillis-1.html,fordham,2018-19
7,25,11,2018-12-11,Fordham,,Columbia,REG (Non-Conf),W 68-49,,2,0,0,,0,0,0,0,,,0,0,0,0,0,1,0,0,1,0,0,-0.3,Halei Gillis,https://www.sports-reference.com/cbb/players/halei-gillis-1.html,fordham,2018-19
8,26,12,2018-12-21,Fordham,@,Iona,REG (Non-Conf),W 57-40,,2,0,0,,0,0,0,0,,,0,0,0,0,0,0,0,0,0,0,0,0.0,Halei Gillis,https://www.sports-reference.com/cbb/players/halei-gillis-1.html,fordham,2018-19
