ranker,player_game_num_career,team_game_num_season,date,team_name_abbr,game_location,opp_name_abbr,game_type,game_result,is_starter,mp,fg,fga,fg_pct,fg3,fg3a,fg3_pct,fg2,fg2a,fg2_pct,efg_pct,ft,fta,ft_pct,orb,drb,trb,ast,stl,blk,tov,pf,pts,game_score,player_name,player_sr_link,school,season
1,34,1,2018-11-09,Fordham,,Wagner,REG (Non-Conf),W 80-59,*,25,5,8,.625,3,4,.750,2,4,.500,.813,0,0,,1,6,7,5,0,0,3,2,13,11.6,Kendell Heremaia,https://www.sports-reference.com/cbb/players/kendell-heremaia-1.html,fordham,2018-19
2,35,2,2018-11-11,Fordham,@,Northeastern,REG (Non-Conf),L 54-58,*,22,2,8,.250,1,5,.200,1,3,.333,.313,0,0,,0,4,4,2,1,0,3,4,5,-0.8,Kendell Heremaia,https://www.sports-reference.com/cbb/players/kendell-heremaia-1.html,fordham,2018-19
3,36,3,2018-11-14,Fordham,,Penn State,REG (Non-Conf),L 55-72,*,16,3,5,.600,1,1,1.000,2,4,.500,.700,0,0,,1,2,3,1,1,0,4,4,7,2.1,Kendell Heremaia,https://www.sports-reference.com/cbb/players/kendell-heremaia-1.html,fordham,2018-19
4,37,4,2018-11-18,Fordham,,Charlotte,REG (Non-Conf),W 71-64,*,25,6,8,.750,2,3,.667,4,5,.800,.875,0,2,.000,0,3,3,3,1,0,2,3,14,10.8,Kendell Heremaia,https://www.sports-reference.com/cbb/players/kendell-heremaia-1.html,fordham,2018-19
5,38,5,2018-11-23,Fordham,,Ball State,REG (Non-Conf),W 78-70,*,23,6,11,.545,3,6,.500,3,5,.600,.682,0,0,,0,3,3,1,1,0,1,4,15,9.7,Kendell Heremaia,https://www.sports-reference.com/cbb/players/kendell-heremaia-1.html,fordham,2018-19
6,39,6,2018-11-24,Fordham,,Washington,REG (Non-Conf),W 65-57,*,30,6,13,.462,1,5,.200,5,8,.625,.500,0,0,,3,7,10,3,1,0,4,1,13,9.2,Kendell Heremaia,https://www.sports-reference.com/cbb/players/kendell-heremaia-1.html,fordham,2018-19
7,40,7,2018-11-25,Fordham,,Texas,REG (Non-Conf),L 54-72,*,36,5,10,.500,3,5,.600,2,5,.400,.650,4,4,1.000,0,6,6,4,0,0,3,4,17,12.0,Kendell Heremaia,https://www.sports-reference.com/cbb/players/kendell-heremaia-1.html,fordham,2018-19
8,41,8,2018-11-29,Fordham,@,Georgetown,REG (Non-Conf),L 38-58,*,33,2,8,.250,0,1,.000,2,7,.286,.250,0,0,,0,3,3,1,2,0,4,0,4,-1.2,Kendell Heremaia,https://www.sports-reference.com/cbb/players/kendell-heremaia-1.html,fordham,2018-19
9,42,9,2018-12-01,Fordham,,Manhattan,REG (Non-Conf),W 65-61,*,29,2,7,.286,1,2,.500,1,5,.200,.357,2,2,1.000,3,2,5,5,0,0,2,4,7,5.5,Kendell Heremaia,https://www.sports-reference.com/cbb/players/kendell-heremaia-1.html,fordham,2018-19
10,43,10,2018-12-05,Fordham,@,Pittsburgh,REG (Non-Conf),L 62-65,*,33,4,8,.500,1,5,.200,3,3,1.000,.563,0,0,,1,1,2,4,0,1,1,3,9,7.3,Kendell Heremaia,https://www.sports-reference.com/cbb/players/kendell-heremaia-1.html,fordham,2018-19
11,44,11,2018-12-11,Fordham,,Columbia,REG (Non-Conf),W 68-49,*,25,2,9,.222,0,4,.000,2,5,.400,.222,0,0,,1,3,4,4,1,0,2,0,4,1.9,Kendell Heremaia,https://www.sports-reference.com/cbb/players/kendell-heremaia-1.html,fordham,2018-19
12,45,12,2018-12-21,Fordham,@,Iona,REG (Non-Conf),W 57-40,*,11,0,4,.000,0,2,.000,0,2,.000,.000,0,0,,0,0,0,2,1,0,1,4,0,-3.0,Kendell Heremaia,https://www.sports-reference.com/cbb/players/kendell-heremaia-1.html,fordham,2018-19
13,46,13,2018-12-29,Fordham,,Maine,REG (Non-Conf),W 72-64 (OT),*,31,3,12,.250,1,5,.200,2,7,.286,.292,3,4,.750,3,6,9,2,0,0,2,3,10,4.5,Kendell Heremaia,https://www.sports-reference.com/cbb/players/kendell-heremaia-1.html,fordham,2018-19
14,47,14,2018-12-30,Fordham,,Middle Tennessee,REG (Non-Conf),W 61-49,*,25,2,6,.333,1,2,.500,1,4,.250,.417,1,1,1.000,2,1,3,1,0,0,0,2,6,4.2,Kendell Heremaia,https://www.sports-reference.com/cbb/players/kendell-heremaia-1.html,fordham,2018-19
15,48,15,2019-01-05,Fordham,@,George Washington,REG (Conf),W 50-38,*,27,2,6,.333,1,4,.250,1,2,.500,.417,0,0,,0,3,3,6,3,0,1,3,5,7.5,Kendell Heremaia,https://www.sports-reference.com/cbb/players/kendell-heremaia-1.html,fordham,2018-19
16,49,16,2019-01-09,Fordham,,Richmond,REG (Conf),W 60-48,*,25,1,4,.250,1,4,.250,0,0,,.375,2,2,1.000,2,5,7,3,1,0,2,2,5,5.8,Kendell Heremaia,https://www.sports-reference.com/cbb/players/kendell-heremaia-1.html,fordham,2018-19
17,50,17,2019-01-13,Fordham,@,Saint Louis,REG (Conf),W 56-53,*,33,2,11,.182,1,2,.500,1,9,.111,.227,0,0,,6,10,16,1,0,0,2,1,5,3.6,Kendell Heremaia,https://www.sports-reference.com/cbb/players/kendell-heremaia-1.html,fordham,2018-19
18,51,18,2019-01-16,Fordham,,VCU,REG (Conf),L 44-47,*,27,2,7,.286,1,4,.250,1,3,.333,.357,0,0,,1,7,8,1,0,0,4,4,5,-1.2,Kendell Heremaia,https://www.sports-reference.com/cbb/players/kendell-heremaia-1.html,fordham,2018-19
19,52,19,2019-01-20,Fordham,@,Dayton,REG (Conf),L 50-72,*,29,3,10,.300,1,4,.250,2,6,.333,.350,2,2,1.000,2,2,4,0,0,0,2,3,9,2.0,Kendell Heremaia,https://www.sports-reference.com/cbb/players/kendell-heremaia-1.html,fordham,2018-19
20,53,20,2019-01-24,Fordham,@,Rhode Island,REG (Conf),W 56-38,*,24,4,13,.308,2,7,.286,2,6,.333,.385,0,2,.000,2,7,9,1,4,0,3,3,10,5.7,Kendell Heremaia,https://www.sports-reference.com/cbb/players/kendell-heremaia-1.html,fordham,2018-19
21,54,21,2019-01-27,Fordham,,Davidson,REG (Conf),L 56-60,*,29,2,9,.222,1,6,.167,1,3,.333,.278,0,0,,0,2,2,4,0,0,3,2,5,-0.9,Kendell Heremaia,https://www.sports-reference.com/cbb/players/kendell-heremaia-1.html,fordham,2018-19
22,55,22,2019-01-31,Fordham,@,La Salle,REG (Conf),W 65-54,,20,2,4,.500,1,3,.333,1,1,1.000,.625,0,0,,0,3,3,6,3,0,4,1,5,6.7,Kendell Heremaia,https://www.sports-reference.com/cbb/players/kendell-heremaia-1.html,fordham,2018-19
23,56,23,2019-02-03,Fordham,,Duquesne,REG (Conf),W 57-46,*,32,5,12,.417,4,9,.444,1,3,.333,.583,0,0,,0,6,6,0,1,1,2,2,14,8.3,Kendell Heremaia,https://www.sports-reference.com/cbb/players/kendell-heremaia-1.html,fordham,2018-19
24,57,24,2019-02-06,Fordham,,Saint Louis,REG (Conf),W 54-51,*,30,3,7,.429,2,4,.500,1,3,.333,.571,0,0,,1,6,7,0,2,0,6,3,8,1.6,Kendell Heremaia,https://www.sports-reference.com/cbb/players/kendell-heremaia-1.html,fordham,2018-19
25,58,25,2019-02-10,Fordham,,George Mason,REG (Conf),W 64-53,*,29,2,5,.400,1,3,.333,1,2,.500,.500,0,0,,1,3,4,3,3,1,3,4,5,5.1,Kendell Heremaia,https://www.sports-reference.com/cbb/players/kendell-heremaia-1.html,fordham,2018-19
26,59,26,2019-02-13,Fordham,@,Davidson,REG (Conf),W 58-42,*,32,3,9,.333,1,6,.167,2,3,.667,.389,0,0,,4,5,9,3,0,0,3,1,7,4.9,Kendell Heremaia,https://www.sports-reference.com/cbb/players/kendell-heremaia-1.html,fordham,2018-19
27,60,27,2019-02-16,Fordham,@,St. Bonaventure,REG (Conf),W 53-44,*,34,3,5,.600,2,4,.500,1,1,1.000,.800,0,0,,1,5,6,0,0,0,5,1,8,2.5,Kendell Heremaia,https://www.sports-reference.com/cbb/players/kendell-heremaia-1.html,fordham,2018-19
28,61,28,2019-02-24,Fordham,,Massachusetts,REG (Conf),W 76-64,*,35,2,6,.333,2,6,.333,0,0,,.500,0,2,.000,0,5,5,5,0,0,2,1,6,4.4,Kendell Heremaia,https://www.sports-reference.com/cbb/players/kendell-heremaia-1.html,fordham,2018-19
29,62,29,2019-02-27,Fordham,,Dayton,REG (Conf),W 57-48,*,38,5,10,.500,4,6,.667,1,4,.250,.700,0,0,,0,3,3,2,1,1,1,2,14,11.2,Kendell Heremaia,https://www.sports-reference.com/cbb/players/kendell-heremaia-1.html,fordham,2018-19
30,63,30,2019-03-02,Fordham,@,Saint Joseph's,REG (Conf),W 51-41,*,36,1,3,.333,0,1,.000,1,2,.500,.333,2,4,.500,0,3,3,2,2,0,5,1,4,0.4,Kendell Heremaia,https://www.sports-reference.com/cbb/players/kendell-heremaia-1.html,fordham,2018-19
31,64,31,2019-03-08,Fordham,,Massachusetts,CTOURN,W 73-62,*,34,5,10,.500,4,7,.571,1,3,.333,.700,0,0,,1,6,7,1,1,2,3,3,14,10.4,Kendell Heremaia,https://www.sports-reference.com/cbb/players/kendell-heremaia-1.html,fordham,2018-19
32,65,32,2019-03-09,Fordham,,Duquesne,CTOURN,W 76-34,*,28,4,7,.571,2,2,1.000,2,5,.400,.714,0,0,,0,5,5,1,1,0,3,1,10,6.5,Kendell Heremaia,https://www.sports-reference.com/cbb/players/kendell-heremaia-1.html,fordham,2018-19
33,66,33,2019-03-10,Fordham,@,VCU,CTOURN,W 62-47,*,38,3,8,.375,0,2,.000,3,6,.500,.375,0,0,,0,4,4,1,1,0,2,1,6,2.1,Kendell Heremaia,https://www.sports-reference.com/cbb/players/kendell-heremaia-1.html,fordham,2018-19
34,67,34,2019-03-23,Fordham,@,Syracuse,ROUND-64,L 49-70,*,26,2,10,.200,1,8,.125,1,2,.500,.250,1,2,.500,0,5,5,1,1,0,4,4,6,-3.0,Kendell Heremaia,https://www.sports-reference.com/cbb/players/kendell-heremaia-1.html,fordham,2018-19
