ranker,player_game_num_career,team_game_num_season,date,team_name_abbr,game_location,opp_name_abbr,game_type,game_result,is_starter,mp,fg,fga,fg_pct,fg3,fg3a,fg3_pct,fg2,fg2a,fg2_pct,efg_pct,ft,fta,ft_pct,orb,drb,trb,ast,stl,blk,tov,pf,pts,game_score,player_name,player_sr_link,school,season
1,11,1,2018-11-09,Fordham,,Wagner,REG (Non-Conf),W 80-59,,3,0,1,.000,0,1,.000,0,0,,.000,0,0,,0,2,2,0,0,0,0,0,0,-0.1,Lauren Murphy,https://www.sports-reference.com/cbb/players/lauren-murphy-1.html,fordham,2018-19
2,12,7,2018-11-25,Fordham,,Texas,REG (Non-Conf),L 54-72,,1,0,0,,0,0,,0,0,,,0,0,,0,0,0,0,0,0,0,0,0,0.0,Lauren Murphy,https://www.sports-reference.com/cbb/players/lauren-murphy-1.html,fordham,2018-19
3,13,12,2018-12-21,Fordham,@,Iona,REG (Non-Conf),W 57-40,,2,0,0,,0,0,,0,0,,,1,2,.500,0,0,0,0,0,0,0,0,1,0.6,Lauren Murphy,https://www.sports-reference.com/cbb/players/lauren-murphy-1.html,fordham,2018-19
4,14,15,2019-01-05,Fordham,@,George Washington,REG (Conf),W 50-38,,1,0,0,,0,0,,0,0,,,0,0,,0,0,0,0,0,0,0,0,0,0.0,Lauren Murphy,https://www.sports-reference.com/cbb/players/lauren-murphy-1.html,fordham,2018-19
5,15,16,2019-01-09,Fordham,,Richmond,REG (Conf),W 60-48,,2,0,1,.000,0,0,,0,1,.000,.000,0,0,,0,0,0,0,0,0,0,0,0,-0.7,Lauren Murphy,https://www.sports-reference.com/cbb/players/lauren-murphy-1.html,fordham,2018-19
6,16,32,2019-03-09,Fordham,,Duquesne,CTOURN,W 76-34,,3,0,0,,0,0,,0,0,,,0,0,,0,1,1,0,0,0,1,0,0,-0.7,Lauren Murphy,https://www.sports-reference.com/cbb/players/lauren-murphy-1.html,fordham,2018-19
7,17,34,2019-03-23,Fordham,@,Syracuse,ROUND-64,L 49-70,,1,0,0,,0,0,,0,0,,,0,0,,0,0,0,0,0,0,0,0,0,0.0,Lauren Murphy,https://www.sports-reference.com/cbb/players/lauren-murphy-1.html,fordham,2018-19
