ranker,player_game_num_career,team_game_num_season,date,team_name_abbr,game_location,opp_name_abbr,game_type,game_result,is_starter,mp,fg,fga,fg_pct,fg3,fg3a,fg3_pct,fg2,fg2a,fg2_pct,efg_pct,ft,fta,ft_pct,orb,drb,trb,ast,stl,blk,tov,pf,pts,game_score,player_name,player_sr_link,school,season
1,99,1,2018-11-09,Fordham,,Wagner,REG (Non-Conf),W 80-59,*,35,2,6,.333,1,3,.333,1,3,.333,.417,4,4,1.000,2,0,2,3,3,0,1,1,9,10.7,Lauren Holden,https://www.sports-reference.com/cbb/players/lauren-holden-1.html,fordham,2018-19
2,100,2,2018-11-11,Fordham,@,Northeastern,REG (Non-Conf),L 54-58,*,35,2,6,.333,1,4,.250,1,2,.500,.417,0,0,,0,1,1,2,0,0,2,4,5,-0.3,Lauren Holden,https://www.sports-reference.com/cbb/players/lauren-holden-1.html,fordham,2018-19
3,101,3,2018-11-14,Fordham,,Penn State,REG (Non-Conf),L 55-72,*,40,1,8,.125,1,5,.200,0,3,.000,.188,0,0,,0,1,1,3,0,0,4,1,3,-4.2,Lauren Holden,https://www.sports-reference.com/cbb/players/lauren-holden-1.html,fordham,2018-19
4,102,4,2018-11-18,Fordham,,Charlotte,REG (Non-Conf),W 71-64,*,36,2,7,.286,0,4,.000,2,3,.667,.286,3,4,.750,0,3,3,1,1,0,1,1,7,3.7,Lauren Holden,https://www.sports-reference.com/cbb/players/lauren-holden-1.html,fordham,2018-19
5,103,5,2018-11-23,Fordham,,Ball State,REG (Non-Conf),W 78-70,*,39,3,12,.250,2,9,.222,1,3,.333,.333,6,6,1.000,0,3,3,1,0,0,2,1,14,6.0,Lauren Holden,https://www.sports-reference.com/cbb/players/lauren-holden-1.html,fordham,2018-19
6,104,6,2018-11-24,Fordham,,Washington,REG (Non-Conf),W 65-57,*,38,3,12,.250,2,7,.286,1,5,.200,.333,1,2,.500,2,2,4,2,2,0,2,2,9,4.0,Lauren Holden,https://www.sports-reference.com/cbb/players/lauren-holden-1.html,fordham,2018-19
7,105,7,2018-11-25,Fordham,,Texas,REG (Non-Conf),L 54-72,*,36,1,5,.200,1,4,.250,0,1,.000,.300,0,0,,0,1,1,3,0,0,3,2,3,-1.5,Lauren Holden,https://www.sports-reference.com/cbb/players/lauren-holden-1.html,fordham,2018-19
8,106,8,2018-11-29,Fordham,@,Georgetown,REG (Non-Conf),L 38-58,*,35,3,13,.231,2,8,.250,1,5,.200,.308,0,0,,0,0,0,1,0,0,3,3,8,-3.4,Lauren Holden,https://www.sports-reference.com/cbb/players/lauren-holden-1.html,fordham,2018-19
9,107,9,2018-12-01,Fordham,,Manhattan,REG (Non-Conf),W 65-61,*,40,2,7,.286,2,5,.400,0,2,.000,.429,2,2,1.000,0,3,3,1,0,0,1,1,8,4.1,Lauren Holden,https://www.sports-reference.com/cbb/players/lauren-holden-1.html,fordham,2018-19
10,108,10,2018-12-05,Fordham,@,Pittsburgh,REG (Non-Conf),L 62-65,*,39,3,13,.231,3,11,.273,0,2,.000,.346,0,0,,0,1,1,3,0,0,1,0,9,2.5,Lauren Holden,https://www.sports-reference.com/cbb/players/lauren-holden-1.html,fordham,2018-19
11,109,11,2018-12-11,Fordham,,Columbia,REG (Non-Conf),W 68-49,*,38,5,9,.556,2,5,.400,3,4,.750,.667,0,0,,1,1,2,1,0,0,3,1,12,6.0,Lauren Holden,https://www.sports-reference.com/cbb/players/lauren-holden-1.html,fordham,2018-19
12,110,12,2018-12-21,Fordham,@,Iona,REG (Non-Conf),W 57-40,*,38,3,10,.300,0,5,.000,3,5,.600,.300,4,4,1.000,0,3,3,1,1,0,3,2,10,3.0,Lauren Holden,https://www.sports-reference.com/cbb/players/lauren-holden-1.html,fordham,2018-19
13,111,13,2018-12-29,Fordham,,Maine,REG (Non-Conf),W 72-64 (OT),*,45,4,9,.444,2,5,.400,2,4,.500,.556,1,2,.500,0,0,0,6,0,0,0,3,11,8.9,Lauren Holden,https://www.sports-reference.com/cbb/players/lauren-holden-1.html,fordham,2018-19
14,112,14,2018-12-30,Fordham,,Middle Tennessee,REG (Non-Conf),W 61-49,*,40,5,9,.556,3,5,.600,2,4,.500,.722,0,0,,0,2,2,3,0,0,3,2,13,7.6,Lauren Holden,https://www.sports-reference.com/cbb/players/lauren-holden-1.html,fordham,2018-19
15,113,15,2019-01-05,Fordham,@,George Washington,REG (Conf),W 50-38,*,39,5,9,.556,4,7,.571,1,2,.500,.778,0,0,,0,2,2,1,2,0,2,0,14,11.0,Lauren Holden,https://www.sports-reference.com/cbb/players/lauren-holden-1.html,fordham,2018-19
16,114,16,2019-01-09,Fordham,,Richmond,REG (Conf),W 60-48,*,37,5,9,.556,4,5,.800,1,4,.250,.778,0,0,,0,2,2,2,1,0,0,1,14,12.3,Lauren Holden,https://www.sports-reference.com/cbb/players/lauren-holden-1.html,fordham,2018-19
17,115,17,2019-01-13,Fordham,@,Saint Louis,REG (Conf),W 56-53,*,40,1,6,.167,0,3,.000,1,3,.333,.167,0,0,,0,0,0,4,0,0,0,1,2,0.6,Lauren Holden,https://www.sports-reference.com/cbb/players/lauren-holden-1.html,fordham,2018-19
18,116,18,2019-01-16,Fordham,,VCU,REG (Conf),L 44-47,*,40,3,8,.375,1,4,.250,2,4,.500,.438,4,4,1.000,1,3,4,6,0,0,1,3,11,10.2,Lauren Holden,https://www.sports-reference.com/cbb/players/lauren-holden-1.html,fordham,2018-19
19,117,19,2019-01-20,Fordham,@,Dayton,REG (Conf),L 50-72,*,39,3,9,.333,1,4,.250,2,5,.400,.389,0,0,,0,1,1,2,0,0,5,3,7,-2.6,Lauren Holden,https://www.sports-reference.com/cbb/players/lauren-holden-1.html,fordham,2018-19
20,118,20,2019-01-24,Fordham,@,Rhode Island,REG (Conf),W 56-38,*,40,2,7,.286,2,6,.333,0,1,.000,.429,4,4,1.000,0,1,1,3,1,0,1,2,10,7.5,Lauren Holden,https://www.sports-reference.com/cbb/players/lauren-holden-1.html,fordham,2018-19
21,119,21,2019-01-27,Fordham,,Davidson,REG (Conf),L 56-60,*,40,4,9,.444,1,5,.200,3,4,.750,.500,2,2,1.000,1,3,4,2,1,0,0,4,11,8.7,Lauren Holden,https://www.sports-reference.com/cbb/players/lauren-holden-1.html,fordham,2018-19
22,120,22,2019-01-31,Fordham,@,La Salle,REG (Conf),W 65-54,*,40,5,16,.313,2,7,.286,3,9,.333,.375,3,4,.750,0,3,3,1,1,0,1,3,15,5.8,Lauren Holden,https://www.sports-reference.com/cbb/players/lauren-holden-1.html,fordham,2018-19
23,121,23,2019-02-03,Fordham,,Duquesne,REG (Conf),W 57-46,*,39,6,13,.462,3,5,.600,3,8,.375,.577,0,0,,1,3,4,3,0,0,2,1,15,9.6,Lauren Holden,https://www.sports-reference.com/cbb/players/lauren-holden-1.html,fordham,2018-19
24,122,24,2019-02-06,Fordham,,Saint Louis,REG (Conf),W 54-51,*,37,2,10,.200,1,7,.143,1,3,.333,.250,2,2,1.000,2,1,3,3,0,0,1,4,7,2.0,Lauren Holden,https://www.sports-reference.com/cbb/players/lauren-holden-1.html,fordham,2018-19
25,123,25,2019-02-10,Fordham,,George Mason,REG (Conf),W 64-53,*,40,3,7,.429,2,5,.400,1,2,.500,.571,0,0,,0,0,0,5,2,0,3,0,8,6.8,Lauren Holden,https://www.sports-reference.com/cbb/players/lauren-holden-1.html,fordham,2018-19
26,124,26,2019-02-13,Fordham,@,Davidson,REG (Conf),W 58-42,*,39,4,8,.500,3,4,.750,1,4,.250,.688,0,1,.000,0,1,1,4,0,0,4,4,11,4.1,Lauren Holden,https://www.sports-reference.com/cbb/players/lauren-holden-1.html,fordham,2018-19
27,125,27,2019-02-16,Fordham,@,St. Bonaventure,REG (Conf),W 53-44,*,40,3,14,.214,3,11,.273,0,3,.000,.321,2,2,1.000,0,4,4,2,0,0,1,0,11,4.0,Lauren Holden,https://www.sports-reference.com/cbb/players/lauren-holden-1.html,fordham,2018-19
28,126,28,2019-02-24,Fordham,,Massachusetts,REG (Conf),W 76-64,*,39,2,6,.333,1,3,.333,1,3,.333,.417,4,4,1.000,0,2,2,5,0,0,2,3,9,6.5,Lauren Holden,https://www.sports-reference.com/cbb/players/lauren-holden-1.html,fordham,2018-19
29,127,29,2019-02-27,Fordham,,Dayton,REG (Conf),W 57-48,*,40,2,8,.250,1,3,.333,1,5,.200,.313,2,2,1.000,1,4,5,1,1,0,2,3,7,2.6,Lauren Holden,https://www.sports-reference.com/cbb/players/lauren-holden-1.html,fordham,2018-19
30,128,30,2019-03-02,Fordham,@,Saint Joseph's,REG (Conf),W 51-41,*,40,2,10,.200,0,4,.000,2,6,.333,.200,0,0,,0,0,0,1,0,0,0,2,4,-2.3,Lauren Holden,https://www.sports-reference.com/cbb/players/lauren-holden-1.html,fordham,2018-19
31,129,31,2019-03-08,Fordham,,Massachusetts,CTOURN,W 73-62,*,36,1,6,.167,1,5,.200,0,1,.000,.250,0,0,,0,1,1,4,1,0,1,3,3,1.1,Lauren Holden,https://www.sports-reference.com/cbb/players/lauren-holden-1.html,fordham,2018-19
32,130,32,2019-03-09,Fordham,,Duquesne,CTOURN,W 76-34,*,32,3,5,.600,2,4,.500,1,1,1.000,.800,2,2,1.000,0,3,3,2,0,0,3,2,10,6.2,Lauren Holden,https://www.sports-reference.com/cbb/players/lauren-holden-1.html,fordham,2018-19
33,131,33,2019-03-10,Fordham,@,VCU,CTOURN,W 62-47,*,40,1,4,.250,1,3,.333,0,1,.000,.375,3,4,.750,0,1,1,0,0,0,1,1,6,2.1,Lauren Holden,https://www.sports-reference.com/cbb/players/lauren-holden-1.html,fordham,2018-19
34,132,34,2019-03-23,Fordham,@,Syracuse,ROUND-64,L 49-70,*,39,3,12,.250,3,11,.273,0,1,.000,.375,0,0,,1,2,3,3,0,0,3,1,9,1.8,Lauren Holden,https://www.sports-reference.com/cbb/players/lauren-holden-1.html,fordham,2018-19
