ranker,player_game_num_career,team_game_num_season,date,team_name_abbr,game_location,opp_name_abbr,game_type,game_result,is_starter,mp,fg,fga,fg_pct,fg3,fg3a,fg3_pct,fg2,fg2a,fg2_pct,efg_pct,ft,fta,ft_pct,orb,drb,trb,ast,stl,blk,tov,pf,pts,game_score,player_name,player_sr_link,school,season
1,58,1,2018-11-09,Fordham,,Wagner,REG (Non-Conf),W 80-59,*,22,4,11,.364,0,2,.000,4,9,.444,.364,2,2,1.000,1,6,7,4,2,0,3,4,10,6.6,Mary Goulding,https://www.sports-reference.com/cbb/players/mary-goulding-1.html,fordham,2018-19
2,59,2,2018-11-11,Fordham,@,Northeastern,REG (Non-Conf),L 54-58,*,40,7,16,.438,1,3,.333,6,13,.462,.469,0,0,,9,3,12,2,1,0,1,4,15,13.6,Mary Goulding,https://www.sports-reference.com/cbb/players/mary-goulding-1.html,fordham,2018-19
3,60,3,2018-11-14,Fordham,,Penn State,REG (Non-Conf),L 55-72,*,36,5,13,.385,1,3,.333,4,10,.400,.423,0,0,,5,4,9,0,0,0,1,4,11,6.0,Mary Goulding,https://www.sports-reference.com/cbb/players/mary-goulding-1.html,fordham,2018-19
4,61,4,2018-11-18,Fordham,,Charlotte,REG (Non-Conf),W 71-64,*,35,8,13,.615,0,2,.000,8,11,.727,.615,0,0,,5,7,12,1,1,2,0,3,16,17.6,Mary Goulding,https://www.sports-reference.com/cbb/players/mary-goulding-1.html,fordham,2018-19
5,62,5,2018-11-23,Fordham,,Ball State,REG (Non-Conf),W 78-70,*,32,2,8,.250,0,1,.000,2,7,.286,.250,0,0,,3,4,7,6,1,0,3,5,4,2.7,Mary Goulding,https://www.sports-reference.com/cbb/players/mary-goulding-1.html,fordham,2018-19
6,63,6,2018-11-24,Fordham,,Washington,REG (Non-Conf),W 65-57,*,37,4,11,.364,0,3,.000,4,8,.500,.364,0,0,,3,2,5,3,1,0,1,0,8,6.7,Mary Goulding,https://www.sports-reference.com/cbb/players/mary-goulding-1.html,fordham,2018-19
7,64,7,2018-11-25,Fordham,,Texas,REG (Non-Conf),L 54-72,*,24,4,6,.667,1,1,1.000,3,5,.600,.750,0,0,,1,1,2,2,0,0,0,1,9,8.4,Mary Goulding,https://www.sports-reference.com/cbb/players/mary-goulding-1.html,fordham,2018-19
8,65,9,2018-12-01,Fordham,,Manhattan,REG (Non-Conf),W 65-61,*,31,3,8,.375,1,3,.333,2,5,.400,.438,2,2,1.000,1,4,5,0,1,1,3,4,9,3.6,Mary Goulding,https://www.sports-reference.com/cbb/players/mary-goulding-1.html,fordham,2018-19
9,66,10,2018-12-05,Fordham,@,Pittsburgh,REG (Non-Conf),L 62-65,*,37,3,8,.375,2,3,.667,1,5,.200,.500,0,0,,4,5,9,5,2,1,4,2,8,9.3,Mary Goulding,https://www.sports-reference.com/cbb/players/mary-goulding-1.html,fordham,2018-19
10,67,11,2018-12-11,Fordham,,Columbia,REG (Non-Conf),W 68-49,*,28,6,9,.667,2,2,1.000,4,7,.571,.778,0,0,,0,4,4,2,1,0,1,1,14,12.3,Mary Goulding,https://www.sports-reference.com/cbb/players/mary-goulding-1.html,fordham,2018-19
11,68,12,2018-12-21,Fordham,@,Iona,REG (Non-Conf),W 57-40,*,36,3,4,.750,0,0,,3,4,.750,.750,3,4,.750,4,7,11,4,0,0,4,1,9,10.3,Mary Goulding,https://www.sports-reference.com/cbb/players/mary-goulding-1.html,fordham,2018-19
12,69,13,2018-12-29,Fordham,,Maine,REG (Non-Conf),W 72-64 (OT),*,45,3,7,.429,0,2,.000,3,5,.600,.429,1,2,.500,3,2,5,2,0,0,3,4,7,2.4,Mary Goulding,https://www.sports-reference.com/cbb/players/mary-goulding-1.html,fordham,2018-19
13,70,14,2018-12-30,Fordham,,Middle Tennessee,REG (Non-Conf),W 61-49,*,40,7,13,.538,2,3,.667,5,10,.500,.615,0,0,,2,5,7,5,0,0,4,3,16,10.9,Mary Goulding,https://www.sports-reference.com/cbb/players/mary-goulding-1.html,fordham,2018-19
14,71,15,2019-01-05,Fordham,@,George Washington,REG (Conf),W 50-38,*,35,4,12,.333,2,4,.500,2,8,.250,.417,0,0,,5,7,12,3,1,0,0,3,10,10.7,Mary Goulding,https://www.sports-reference.com/cbb/players/mary-goulding-1.html,fordham,2018-19
15,72,16,2019-01-09,Fordham,,Richmond,REG (Conf),W 60-48,*,34,7,12,.583,0,2,.000,7,10,.700,.583,0,0,,2,5,7,3,2,0,1,2,14,13.6,Mary Goulding,https://www.sports-reference.com/cbb/players/mary-goulding-1.html,fordham,2018-19
16,73,17,2019-01-13,Fordham,@,Saint Louis,REG (Conf),W 56-53,*,40,5,11,.455,2,2,1.000,3,9,.333,.545,0,0,,3,5,8,5,1,0,1,4,12,11.8,Mary Goulding,https://www.sports-reference.com/cbb/players/mary-goulding-1.html,fordham,2018-19
17,74,18,2019-01-16,Fordham,,VCU,REG (Conf),L 44-47,*,32,5,8,.625,2,4,.500,3,4,.750,.750,0,0,,2,4,6,1,1,0,2,4,12,9.1,Mary Goulding,https://www.sports-reference.com/cbb/players/mary-goulding-1.html,fordham,2018-19
18,75,19,2019-01-20,Fordham,@,Dayton,REG (Conf),L 50-72,*,36,2,10,.200,0,1,.000,2,9,.222,.200,3,5,.600,1,5,6,1,2,0,2,2,7,2.1,Mary Goulding,https://www.sports-reference.com/cbb/players/mary-goulding-1.html,fordham,2018-19
19,76,20,2019-01-24,Fordham,@,Rhode Island,REG (Conf),W 56-38,*,36,3,9,.333,1,5,.200,2,4,.500,.389,0,0,,2,4,6,2,0,0,6,4,7,-1.7,Mary Goulding,https://www.sports-reference.com/cbb/players/mary-goulding-1.html,fordham,2018-19
20,77,21,2019-01-27,Fordham,,Davidson,REG (Conf),L 56-60,*,35,6,10,.600,0,2,.000,6,8,.750,.600,4,5,.800,6,9,15,3,0,0,3,4,16,15.4,Mary Goulding,https://www.sports-reference.com/cbb/players/mary-goulding-1.html,fordham,2018-19
21,78,22,2019-01-31,Fordham,@,La Salle,REG (Conf),W 65-54,*,40,5,12,.417,1,3,.333,4,9,.444,.458,3,4,.750,4,8,12,7,4,0,2,1,14,18.9,Mary Goulding,https://www.sports-reference.com/cbb/players/mary-goulding-1.html,fordham,2018-19
22,79,23,2019-02-03,Fordham,,Duquesne,REG (Conf),W 57-46,*,39,4,11,.364,3,4,.750,1,7,.143,.500,1,2,.500,3,5,8,4,1,0,1,2,12,11.1,Mary Goulding,https://www.sports-reference.com/cbb/players/mary-goulding-1.html,fordham,2018-19
23,80,24,2019-02-06,Fordham,,Saint Louis,REG (Conf),W 54-51,*,40,4,7,.571,0,1,.000,4,6,.667,.571,4,8,.500,9,4,13,2,0,1,2,4,12,13.1,Mary Goulding,https://www.sports-reference.com/cbb/players/mary-goulding-1.html,fordham,2018-19
24,81,25,2019-02-10,Fordham,,George Mason,REG (Conf),W 64-53,*,40,7,13,.538,2,7,.286,5,6,.833,.615,3,4,.750,3,4,7,2,4,0,2,3,19,17.8,Mary Goulding,https://www.sports-reference.com/cbb/players/mary-goulding-1.html,fordham,2018-19
25,82,26,2019-02-13,Fordham,@,Davidson,REG (Conf),W 58-42,*,38,5,11,.455,1,5,.200,4,6,.667,.500,0,0,,4,7,11,5,1,0,1,2,11,12.9,Mary Goulding,https://www.sports-reference.com/cbb/players/mary-goulding-1.html,fordham,2018-19
26,83,27,2019-02-16,Fordham,@,St. Bonaventure,REG (Conf),W 53-44,*,36,5,9,.556,2,6,.333,3,3,1.000,.667,2,4,.500,2,5,7,2,2,0,2,3,14,12.0,Mary Goulding,https://www.sports-reference.com/cbb/players/mary-goulding-1.html,fordham,2018-19
27,84,28,2019-02-24,Fordham,,Massachusetts,REG (Conf),W 76-64,*,39,7,13,.538,1,3,.333,6,10,.600,.577,0,0,,4,4,8,6,3,0,5,2,15,14.1,Mary Goulding,https://www.sports-reference.com/cbb/players/mary-goulding-1.html,fordham,2018-19
28,85,29,2019-02-27,Fordham,,Dayton,REG (Conf),W 57-48,*,38,7,14,.500,4,6,.667,3,8,.375,.643,6,7,.857,2,10,12,3,2,0,2,3,24,21.9,Mary Goulding,https://www.sports-reference.com/cbb/players/mary-goulding-1.html,fordham,2018-19
29,86,30,2019-03-02,Fordham,@,Saint Joseph's,REG (Conf),W 51-41,*,40,7,10,.700,0,0,,7,10,.700,.700,2,2,1.000,2,11,13,1,0,1,3,3,16,13.7,Mary Goulding,https://www.sports-reference.com/cbb/players/mary-goulding-1.html,fordham,2018-19
30,87,31,2019-03-08,Fordham,,Massachusetts,CTOURN,W 73-62,*,39,9,18,.500,3,6,.500,6,12,.500,.583,3,3,1.000,4,6,10,4,1,0,1,3,24,21.2,Mary Goulding,https://www.sports-reference.com/cbb/players/mary-goulding-1.html,fordham,2018-19
31,88,32,2019-03-09,Fordham,,Duquesne,CTOURN,W 76-34,*,27,8,11,.727,3,5,.600,5,6,.833,.864,0,0,,4,3,7,2,2,0,1,4,19,19.0,Mary Goulding,https://www.sports-reference.com/cbb/players/mary-goulding-1.html,fordham,2018-19
32,89,33,2019-03-10,Fordham,@,VCU,CTOURN,W 62-47,*,31,6,11,.545,3,5,.600,3,6,.500,.682,4,4,1.000,2,1,3,0,4,0,0,5,19,17.4,Mary Goulding,https://www.sports-reference.com/cbb/players/mary-goulding-1.html,fordham,2018-19
33,90,34,2019-03-23,Fordham,@,Syracuse,ROUND-64,L 49-70,*,39,3,11,.273,1,3,.333,2,8,.250,.318,1,2,.500,5,7,12,3,0,2,2,4,8,6.6,Mary Goulding,https://www.sports-reference.com/cbb/players/mary-goulding-1.html,fordham,2018-19
