ranker,player_game_num_career,team_game_num_season,date,team_name_abbr,game_location,opp_name_abbr,game_type,game_result,is_starter,mp,fg,fga,fg_pct,fg3,fg3a,fg2,fg2a,fg2_pct,efg_pct,ft,fta,ft_pct,orb,drb,trb,ast,stl,blk,tov,pf,pts,game_score,player_name,player_sr_link,school,season
1,11,1,2018-11-09,Fordham,,Wagner,REG (Non-Conf),W 80-59,,6,0,0,,0,0,0,0,,,2,2,1.000,0,1,1,0,0,0,0,0,2,2.3,Ralene Kwiatkowski,https://www.sports-reference.com/cbb/players/ralene-kwiatkowski-1.html,fordham,2018-19
2,12,16,2019-01-09,Fordham,,Richmond,REG (Conf),W 60-48,,2,0,1,.000,0,0,0,1,.000,.000,0,0,,1,0,1,0,0,0,0,0,0,0.0,Ralene Kwiatkowski,https://www.sports-reference.com/cbb/players/ralene-kwiatkowski-1.html,fordham,2018-19
3,13,23,2019-02-03,Fordham,,Duquesne,REG (Conf),W 57-46,,1,0,0,,0,0,0,0,,,0,0,,0,0,0,0,0,0,0,1,0,-0.4,Ralene Kwiatkowski,https://www.sports-reference.com/cbb/players/ralene-kwiatkowski-1.html,fordham,2018-19
4,14,28,2019-02-24,Fordham,,Massachusetts,REG (Conf),W 76-64,,1,0,0,,0,0,0,0,,,0,0,,0,0,0,0,0,0,0,0,0,0.0,Ralene Kwiatkowski,https://www.sports-reference.com/cbb/players/ralene-kwiatkowski-1.html,fordham,2018-19
5,15,32,2019-03-09,Fordham,,Duquesne,CTOURN,W 76-34,,3,1,1,1.000,0,0,1,1,1.000,1.000,0,0,,0,1,1,0,1,0,0,0,2,3.0,Ralene Kwiatkowski,https://www.sports-reference.com/cbb/players/ralene-kwiatkowski-1.html,fordham,2018-19
6,16,34,2019-03-23,Fordham,@,Syracuse,ROUND-64,L 49-70,,0,0,0,,0,0,0,0,,,0,0,,0,0,0,0,0,0,0,0,0,0.0,Ralene Kwiatkowski,https://www.sports-reference.com/cbb/players/ralene-kwiatkowski-1.html,fordham,2018-19
