ranker,player_game_num_career,team_game_num_season,date,team_name_abbr,game_location,opp_name_abbr,game_type,game_result,is_starter,mp,fg,fga,fg_pct,fg3,fg3a,fg3_pct,fg2,fg2a,fg2_pct,efg_pct,ft,fta,ft_pct,orb,drb,trb,ast,stl,blk,tov,pf,pts,game_score,player_name,player_sr_link,school,season
1,57,1,2022-11-07,Troy,@,Samford,REG (Non-Conf),W 66-62,*,27,3,13,.231,0,1,.000,3,12,.250,.231,2,2,1.000,9,5,14,1,0,1,0,2,8,8.5,Felmas Koranga,https://www.sports-reference.com/cbb/players/felmas-koranga-1.html,troy,2022-23
2,58,2,2022-11-10,Troy,@,UT Martin,REG (Non-Conf),W 89-84,*,18,1,4,.250,0,0,,1,4,.250,.250,0,0,,3,5,8,0,0,0,1,1,2,1.8,Felmas Koranga,https://www.sports-reference.com/cbb/players/felmas-koranga-1.html,troy,2022-23
3,59,3,2022-11-13,Troy,@,UCLA,REG (Non-Conf),L 83-95,*,18,0,4,.000,0,0,,0,4,.000,.000,2,2,1.000,2,4,6,0,0,1,1,2,2,0.7,Felmas Koranga,https://www.sports-reference.com/cbb/players/felmas-koranga-1.html,troy,2022-23
4,60,4,2022-11-16,Troy,@,San Francisco,REG (Non-Conf),L 73-84,,16,1,4,.250,0,1,.000,1,3,.333,.250,0,0,,1,2,3,0,0,0,0,0,2,0.9,Felmas Koranga,https://www.sports-reference.com/cbb/players/felmas-koranga-1.html,troy,2022-23
