ranker,player_game_num_career,team_game_num_season,date,team_name_abbr,game_location,opp_name_abbr,game_type,game_result,is_starter,mp,fg,fga,fg_pct,fg3,fg3a,fg3_pct,fg2,fg2a,fg2_pct,efg_pct,ft,fta,ft_pct,orb,drb,trb,ast,stl,blk,tov,pf,pts,game_score,player_name,player_sr_link,school,season
1,1,7,2022-12-01,Troy,@,Arkansas,REG (Non-Conf),L 70-87,,5,0,1,.000,0,0,,0,1,.000,.000,0,0,,1,0,1,0,0,0,0,0,0,0.0,Jamila Nansikombi-Gunter,https://www.sports-reference.com/cbb/players/jamila-nansikombi-gunter-1.html,troy,2022-23
2,2,8,2022-12-07,Troy,,Tulane,REG (Non-Conf),L 100-103 (2OT),,8,0,1,.000,0,1,.000,0,0,,.000,0,0,,0,1,1,0,0,0,0,0,0,-0.4,Jamila Nansikombi-Gunter,https://www.sports-reference.com/cbb/players/jamila-nansikombi-gunter-1.html,troy,2022-23
3,3,9,2022-12-10,Troy,,Mercer,REG (Non-Conf),W 79-73,,10,2,2,1.000,0,0,,2,2,1.000,1.000,2,3,.667,1,3,4,0,0,0,3,1,6,3.2,Jamila Nansikombi-Gunter,https://www.sports-reference.com/cbb/players/jamila-nansikombi-gunter-1.html,troy,2022-23
4,4,10,2022-12-14,Troy,,LaGrange,REG (Non-Conf),W 114-49,,18,5,10,.500,0,0,,5,10,.500,.500,5,5,1.000,7,2,9,1,3,0,2,2,15,16.4,Jamila Nansikombi-Gunter,https://www.sports-reference.com/cbb/players/jamila-nansikombi-gunter-1.html,troy,2022-23
5,5,11,2022-12-20,Troy,@,Belmont,REG (Non-Conf),L 87-98 (OT),,2,0,0,,0,0,,0,0,,,0,2,.000,0,0,0,0,1,0,0,0,0,0.2,Jamila Nansikombi-Gunter,https://www.sports-reference.com/cbb/players/jamila-nansikombi-gunter-1.html,troy,2022-23
