ranker,player_game_num_career,team_game_num_season,date,team_name_abbr,game_location,opp_name_abbr,game_type,game_result,is_starter,mp,fg,fga,fg_pct,fg3,fg3a,fg3_pct,fg2,fg2a,fg2_pct,efg_pct,ft,fta,ft_pct,orb,drb,trb,ast,stl,blk,tov,pf,pts,game_score,player_name,player_sr_link,school,season
1,35,1,2018-11-06,Georgetown,@,Richmond,REG (Non-Conf),W 73-53,*,25,4,9,.444,0,1,.000,4,8,.500,.444,0,0,,2,7,9,2,0,3,1,2,8,8.5,Anita Kelava,https://www.sports-reference.com/cbb/players/anita-kelava-1.html,georgetown,2018-19
2,36,2,2018-11-09,Georgetown,,Maryland Eastern Shore,REG (Non-Conf),W 74-55,*,15,0,3,.000,0,0,,0,3,.000,.000,0,0,,2,3,5,0,0,0,2,4,0,-3.4,Anita Kelava,https://www.sports-reference.com/cbb/players/anita-kelava-1.html,georgetown,2018-19
3,37,3,2018-11-13,Georgetown,,Loyola (MD),REG (Non-Conf),W 45-30,*,35,2,7,.286,0,1,.000,2,6,.333,.286,2,4,.500,2,3,5,0,1,4,2,1,6,4.8,Anita Kelava,https://www.sports-reference.com/cbb/players/anita-kelava-1.html,georgetown,2018-19
4,38,4,2018-11-16,Georgetown,@,James Madison,REG (Non-Conf),L 57-69,*,18,1,3,.333,0,0,,1,3,.333,.333,0,0,,0,0,0,1,0,1,1,2,2,-0.1,Anita Kelava,https://www.sports-reference.com/cbb/players/anita-kelava-1.html,georgetown,2018-19
5,39,5,2018-11-19,Georgetown,,Pittsburgh,REG (Non-Conf),W 70-41,*,18,0,2,.000,0,1,.000,0,1,.000,.000,2,2,1.000,3,3,6,0,0,2,5,0,2,0.0,Anita Kelava,https://www.sports-reference.com/cbb/players/anita-kelava-1.html,georgetown,2018-19
6,40,6,2018-11-23,Georgetown,,Buffalo,REG (Non-Conf),L 64-73,*,21,2,4,.500,0,0,,2,4,.500,.500,11,12,.917,5,3,8,2,1,1,2,0,15,18.1,Anita Kelava,https://www.sports-reference.com/cbb/players/anita-kelava-1.html,georgetown,2018-19
7,41,7,2018-11-24,Georgetown,@,Baylor,REG (Non-Conf),L 46-67,*,31,0,3,.000,0,0,,0,3,.000,.000,1,2,.500,2,1,3,0,0,1,0,3,1,-0.3,Anita Kelava,https://www.sports-reference.com/cbb/players/anita-kelava-1.html,georgetown,2018-19
8,42,8,2018-11-29,Georgetown,,Fordham,REG (Non-Conf),W 58-38,*,18,2,4,.500,0,1,.000,2,3,.667,.500,2,3,.667,1,3,4,0,1,4,1,3,6,6.8,Anita Kelava,https://www.sports-reference.com/cbb/players/anita-kelava-1.html,georgetown,2018-19
9,43,9,2018-12-02,Georgetown,,VCU,REG (Non-Conf),L 45-47,*,32,2,9,.222,0,0,,2,9,.222,.222,1,4,.250,7,5,12,1,0,4,2,4,5,4.6,Anita Kelava,https://www.sports-reference.com/cbb/players/anita-kelava-1.html,georgetown,2018-19
10,44,10,2018-12-08,Georgetown,,NC State,REG (Non-Conf),L 65-76,*,14,0,3,.000,0,0,,0,3,.000,.000,0,0,,2,0,2,1,1,0,0,4,0,-0.6,Anita Kelava,https://www.sports-reference.com/cbb/players/anita-kelava-1.html,georgetown,2018-19
11,45,11,2018-12-21,Georgetown,@,Rider,REG (Non-Conf),W 79-49,*,31,1,3,.333,0,0,,1,3,.333,.333,1,2,.500,2,3,5,0,1,3,2,2,3,3.5,Anita Kelava,https://www.sports-reference.com/cbb/players/anita-kelava-1.html,georgetown,2018-19
12,46,12,2018-12-29,Georgetown,,Xavier,REG (Conf),W 68-61,*,40,0,4,.000,0,0,,0,4,.000,.000,2,2,1.000,8,0,8,2,1,4,1,3,2,7.8,Anita Kelava,https://www.sports-reference.com/cbb/players/anita-kelava-1.html,georgetown,2018-19
13,47,13,2018-12-31,Georgetown,,Butler,REG (Conf),L 50-59,*,10,0,0,,0,0,,0,0,,,0,0,,0,2,2,1,0,0,0,4,0,-0.3,Anita Kelava,https://www.sports-reference.com/cbb/players/anita-kelava-1.html,georgetown,2018-19
14,48,14,2019-01-04,Georgetown,@,Providence,REG (Conf),W 68-52,*,21,1,4,.250,0,0,,1,4,.250,.250,0,0,,1,0,1,2,0,2,0,2,2,2.3,Anita Kelava,https://www.sports-reference.com/cbb/players/anita-kelava-1.html,georgetown,2018-19
15,49,15,2019-01-06,Georgetown,@,Creighton,REG (Conf),L 38-65,*,12,1,2,.500,0,0,,1,2,.500,.500,0,0,,1,0,1,0,0,0,0,2,2,0.9,Anita Kelava,https://www.sports-reference.com/cbb/players/anita-kelava-1.html,georgetown,2018-19
16,50,16,2019-01-11,Georgetown,,DePaul,REG (Conf),L 64-69,,5,0,2,.000,0,0,,0,2,.000,.000,0,0,,1,0,1,0,0,0,0,0,0,-0.7,Anita Kelava,https://www.sports-reference.com/cbb/players/anita-kelava-1.html,georgetown,2018-19
17,51,17,2019-01-13,Georgetown,,Marquette,REG (Conf),L 62-72,,29,2,4,.500,0,0,,2,4,.500,.500,1,2,.500,2,6,8,0,0,1,2,3,5,3.3,Anita Kelava,https://www.sports-reference.com/cbb/players/anita-kelava-1.html,georgetown,2018-19
18,52,18,2019-01-19,Georgetown,,Villanova,REG (Conf),W 68-63,,17,1,2,.500,0,0,,1,2,.500,.500,0,0,,0,1,1,0,0,2,0,0,2,2.7,Anita Kelava,https://www.sports-reference.com/cbb/players/anita-kelava-1.html,georgetown,2018-19
19,53,19,2019-01-25,Georgetown,@,St. John's (NY),REG (Conf),L 51-59,,24,1,4,.250,0,1,.000,1,3,.333,.250,2,2,1.000,4,6,10,2,1,2,0,3,4,8.8,Anita Kelava,https://www.sports-reference.com/cbb/players/anita-kelava-1.html,georgetown,2018-19
20,54,20,2019-01-27,Georgetown,@,Seton Hall,REG (Conf),L 63-76,*,14,1,2,.500,0,0,,1,2,.500,.500,0,0,,2,2,4,0,0,0,3,2,2,-0.8,Anita Kelava,https://www.sports-reference.com/cbb/players/anita-kelava-1.html,georgetown,2018-19
21,55,21,2019-02-01,Georgetown,,Creighton,REG (Conf),W 62-53,*,24,2,4,.500,0,0,,2,4,.500,.500,0,0,,1,0,1,0,2,1,0,2,4,4.6,Anita Kelava,https://www.sports-reference.com/cbb/players/anita-kelava-1.html,georgetown,2018-19
22,56,22,2019-02-03,Georgetown,,Providence,REG (Conf),W 61-56,*,31,0,4,.000,0,0,,0,4,.000,.000,0,0,,3,4,7,1,0,1,1,0,0,0.9,Anita Kelava,https://www.sports-reference.com/cbb/players/anita-kelava-1.html,georgetown,2018-19
23,57,23,2019-02-08,Georgetown,@,Marquette,REG (Conf),L 52-59,*,34,1,4,.250,0,0,,1,4,.250,.250,0,0,,1,1,2,1,1,4,2,2,2,2.3,Anita Kelava,https://www.sports-reference.com/cbb/players/anita-kelava-1.html,georgetown,2018-19
24,58,24,2019-02-10,Georgetown,@,DePaul,REG (Conf),L 71-76,*,11,1,4,.250,0,0,,1,4,.250,.250,0,0,,2,1,3,0,0,1,2,1,2,-0.4,Anita Kelava,https://www.sports-reference.com/cbb/players/anita-kelava-1.html,georgetown,2018-19
25,59,25,2019-02-16,Georgetown,@,Villanova,REG (Conf),L 43-91,*,12,0,1,.000,0,0,,0,1,.000,.000,0,0,,0,1,1,1,0,0,0,0,0,0.3,Anita Kelava,https://www.sports-reference.com/cbb/players/anita-kelava-1.html,georgetown,2018-19
26,60,26,2019-02-22,Georgetown,,Seton Hall,REG (Conf),W 51-43,*,12,0,2,.000,0,0,,0,2,.000,.000,0,0,,3,2,5,0,0,0,2,0,0,-0.7,Anita Kelava,https://www.sports-reference.com/cbb/players/anita-kelava-1.html,georgetown,2018-19
27,61,27,2019-02-24,Georgetown,,St. John's (NY),REG (Conf),W 82-80,*,17,1,2,.500,0,0,,1,2,.500,.500,0,0,,1,1,2,0,0,0,2,4,2,-1.6,Anita Kelava,https://www.sports-reference.com/cbb/players/anita-kelava-1.html,georgetown,2018-19
28,62,28,2019-03-01,Georgetown,@,Butler,REG (Conf),W 72-42,*,20,2,6,.333,0,0,,2,6,.333,.333,3,4,.750,3,1,4,2,1,2,1,2,7,7.6,Anita Kelava,https://www.sports-reference.com/cbb/players/anita-kelava-1.html,georgetown,2018-19
29,63,29,2019-03-03,Georgetown,@,Xavier,REG (Conf),W 67-64,*,32,3,6,.500,0,0,,3,6,.500,.500,3,6,.500,4,3,7,0,1,0,2,1,9,7.1,Anita Kelava,https://www.sports-reference.com/cbb/players/anita-kelava-1.html,georgetown,2018-19
30,64,30,2019-03-10,Georgetown,,Villanova,CTOURN,W 76-67,*,18,0,1,.000,0,0,,0,1,.000,.000,0,0,,0,2,2,0,0,2,0,0,0,1.3,Anita Kelava,https://www.sports-reference.com/cbb/players/anita-kelava-1.html,georgetown,2018-19
31,65,31,2019-03-11,Georgetown,@,Marquette,CTOURN,L 62-75,*,31,1,3,.333,0,0,,1,3,.333,.333,0,0,,1,4,5,0,0,1,0,2,2,2.1,Anita Kelava,https://www.sports-reference.com/cbb/players/anita-kelava-1.html,georgetown,2018-19
32,66,32,2019-03-22,Georgetown,,Sacred Heart,WNIT,W 90-59,*,23,4,8,.500,0,0,,4,8,.500,.500,0,0,,0,0,0,1,0,3,0,4,8,5.2,Anita Kelava,https://www.sports-reference.com/cbb/players/anita-kelava-1.html,georgetown,2018-19
33,67,33,2019-03-24,Georgetown,@,Harvard,WNIT,W 70-65,*,26,1,8,.125,0,0,,1,8,.125,.125,0,0,,4,1,5,1,0,0,2,1,2,-1.8,Anita Kelava,https://www.sports-reference.com/cbb/players/anita-kelava-1.html,georgetown,2018-19
34,68,34,2019-03-26,Georgetown,@,Providence,WNIT,W 53-46,*,32,0,5,.000,0,0,,0,5,.000,.000,2,2,1.000,5,2,7,1,2,3,0,1,2,7.0,Anita Kelava,https://www.sports-reference.com/cbb/players/anita-kelava-1.html,georgetown,2018-19
35,69,35,2019-03-31,Georgetown,@,James Madison,WNIT,L 44-54,*,38,2,7,.286,0,0,,2,7,.286,.286,0,0,,5,9,14,0,0,2,2,1,4,5.1,Anita Kelava,https://www.sports-reference.com/cbb/players/anita-kelava-1.html,georgetown,2018-19
