ranker,player_game_num_career,team_game_num_season,date,team_name_abbr,game_location,opp_name_abbr,game_type,game_result,is_starter,mp,fg,fga,fg_pct,fg3,fg3a,fg2,fg2a,fg2_pct,efg_pct,ft,fta,ft_pct,orb,drb,trb,ast,stl,blk,tov,pf,pts,game_score,player_name,player_sr_link,school,season
1,16,2,2018-11-09,Georgetown,,Maryland Eastern Shore,REG (Non-Conf),W 74-55,,2,1,2,.500,0,0,1,2,.500,.500,0,1,.000,0,2,2,0,0,0,0,0,2,1.2,Breonna Mayfield,https://www.sports-reference.com/cbb/players/breonna-mayfield-1.html,georgetown,2018-19
2,17,4,2018-11-16,Georgetown,@,James Madison,REG (Non-Conf),L 57-69,,16,1,1,1.000,0,0,1,1,1.000,1.000,0,0,,0,3,3,0,0,3,2,2,2,1.9,Breonna Mayfield,https://www.sports-reference.com/cbb/players/breonna-mayfield-1.html,georgetown,2018-19
3,18,5,2018-11-19,Georgetown,,Pittsburgh,REG (Non-Conf),W 70-41,,15,0,2,.000,0,0,0,2,.000,.000,1,2,.500,3,2,5,0,2,0,1,0,1,2.9,Breonna Mayfield,https://www.sports-reference.com/cbb/players/breonna-mayfield-1.html,georgetown,2018-19
4,19,6,2018-11-23,Georgetown,,Buffalo,REG (Non-Conf),L 64-73,,3,0,0,,0,0,0,0,,,1,2,.500,0,0,0,0,0,0,1,1,1,-0.8,Breonna Mayfield,https://www.sports-reference.com/cbb/players/breonna-mayfield-1.html,georgetown,2018-19
5,20,7,2018-11-24,Georgetown,@,Baylor,REG (Non-Conf),L 46-67,*,27,1,3,.333,0,0,1,3,.333,.333,0,0,,1,1,2,0,1,2,0,2,2,2.9,Breonna Mayfield,https://www.sports-reference.com/cbb/players/breonna-mayfield-1.html,georgetown,2018-19
6,21,9,2018-12-02,Georgetown,,VCU,REG (Non-Conf),L 45-47,*,20,1,2,.500,0,0,1,2,.500,.500,0,0,,0,4,4,0,0,1,0,2,2,2.1,Breonna Mayfield,https://www.sports-reference.com/cbb/players/breonna-mayfield-1.html,georgetown,2018-19
7,22,10,2018-12-08,Georgetown,,NC State,REG (Non-Conf),L 65-76,,16,0,1,.000,0,0,0,1,.000,.000,0,0,,0,3,3,0,1,1,0,1,0,1.5,Breonna Mayfield,https://www.sports-reference.com/cbb/players/breonna-mayfield-1.html,georgetown,2018-19
8,23,13,2018-12-31,Georgetown,,Butler,REG (Conf),L 50-59,,18,1,1,1.000,0,0,1,1,1.000,1.000,3,4,.750,1,3,4,0,1,1,0,1,5,7.2,Breonna Mayfield,https://www.sports-reference.com/cbb/players/breonna-mayfield-1.html,georgetown,2018-19
9,24,14,2019-01-04,Georgetown,@,Providence,REG (Conf),W 68-52,,9,0,0,,0,0,0,0,,,0,0,,0,2,2,0,0,0,1,1,0,-0.8,Breonna Mayfield,https://www.sports-reference.com/cbb/players/breonna-mayfield-1.html,georgetown,2018-19
10,25,15,2019-01-06,Georgetown,@,Creighton,REG (Conf),L 38-65,,3,1,2,.500,0,0,1,2,.500,.500,0,0,,0,1,1,0,0,0,0,0,2,1.3,Breonna Mayfield,https://www.sports-reference.com/cbb/players/breonna-mayfield-1.html,georgetown,2018-19
11,26,20,2019-01-27,Georgetown,@,Seton Hall,REG (Conf),L 63-76,,15,0,0,,0,0,0,0,,,0,0,,0,5,5,0,0,2,5,1,0,-2.5,Breonna Mayfield,https://www.sports-reference.com/cbb/players/breonna-mayfield-1.html,georgetown,2018-19
12,27,22,2019-02-03,Georgetown,,Providence,REG (Conf),W 61-56,,3,0,0,,0,0,0,0,,,0,0,,0,0,0,0,0,0,0,0,0,0.0,Breonna Mayfield,https://www.sports-reference.com/cbb/players/breonna-mayfield-1.html,georgetown,2018-19
13,28,25,2019-02-16,Georgetown,@,Villanova,REG (Conf),L 43-91,,4,0,0,,0,0,0,0,,,0,0,,1,0,1,0,0,0,1,0,0,-0.3,Breonna Mayfield,https://www.sports-reference.com/cbb/players/breonna-mayfield-1.html,georgetown,2018-19
14,29,26,2019-02-22,Georgetown,,Seton Hall,REG (Conf),W 51-43,,7,0,1,.000,0,0,0,1,.000,.000,0,0,,0,0,0,0,0,0,0,0,0,-0.7,Breonna Mayfield,https://www.sports-reference.com/cbb/players/breonna-mayfield-1.html,georgetown,2018-19
15,30,27,2019-02-24,Georgetown,,St. John's (NY),REG (Conf),W 82-80,,15,0,1,.000,0,0,0,1,.000,.000,0,0,,1,1,2,0,0,1,0,2,0,0.2,Breonna Mayfield,https://www.sports-reference.com/cbb/players/breonna-mayfield-1.html,georgetown,2018-19
16,31,28,2019-03-01,Georgetown,@,Butler,REG (Conf),W 72-42,,10,2,3,.667,0,0,2,3,.667,.667,0,0,,2,2,4,0,1,1,1,2,4,4.6,Breonna Mayfield,https://www.sports-reference.com/cbb/players/breonna-mayfield-1.html,georgetown,2018-19
17,32,31,2019-03-11,Georgetown,@,Marquette,CTOURN,L 62-75,,1,0,0,,0,0,0,0,,,0,0,,0,0,0,0,0,1,0,0,0,0.7,Breonna Mayfield,https://www.sports-reference.com/cbb/players/breonna-mayfield-1.html,georgetown,2018-19
18,33,32,2019-03-22,Georgetown,,Sacred Heart,WNIT,W 90-59,,6,2,2,1.000,0,0,2,2,1.000,1.000,0,0,,2,1,3,0,0,0,0,0,4,5.1,Breonna Mayfield,https://www.sports-reference.com/cbb/players/breonna-mayfield-1.html,georgetown,2018-19
19,34,33,2019-03-24,Georgetown,@,Harvard,WNIT,W 70-65,,14,0,0,,0,0,0,0,,,0,0,,1,0,1,0,0,0,1,5,0,-2.3,Breonna Mayfield,https://www.sports-reference.com/cbb/players/breonna-mayfield-1.html,georgetown,2018-19
20,35,34,2019-03-26,Georgetown,@,Providence,WNIT,W 53-46,,5,0,0,,0,0,0,0,,,0,0,,0,1,1,0,0,0,0,1,0,-0.1,Breonna Mayfield,https://www.sports-reference.com/cbb/players/breonna-mayfield-1.html,georgetown,2018-19
