ranker,player_game_num_career,team_game_num_season,date,team_name_abbr,game_location,opp_name_abbr,game_type,game_result,is_starter,mp,fg,fga,fg_pct,fg3,fg3a,fg3_pct,fg2,fg2a,fg2_pct,efg_pct,ft,fta,ft_pct,orb,drb,trb,ast,stl,blk,tov,pf,pts,game_score,player_name,player_sr_link,school,season
1,1,1,2018-11-06,Georgetown,@,Richmond,REG (Non-Conf),W 73-53,,9,0,3,.000,0,1,.000,0,2,.000,.000,0,0,,0,1,1,2,0,0,0,1,0,-0.8,Cassandra Gordon,https://www.sports-reference.com/cbb/players/cassandra-gordon-1.html,georgetown,2018-19
2,2,2,2018-11-09,Georgetown,,Maryland Eastern Shore,REG (Non-Conf),W 74-55,,4,0,1,.000,0,1,.000,0,0,,.000,0,0,,1,1,2,1,0,0,0,0,0,1.0,Cassandra Gordon,https://www.sports-reference.com/cbb/players/cassandra-gordon-1.html,georgetown,2018-19
3,3,3,2018-11-13,Georgetown,,Loyola (MD),REG (Non-Conf),W 45-30,,5,0,0,,0,0,,0,0,,,0,0,,0,0,0,0,0,0,1,1,0,-1.4,Cassandra Gordon,https://www.sports-reference.com/cbb/players/cassandra-gordon-1.html,georgetown,2018-19
4,4,5,2018-11-19,Georgetown,,Pittsburgh,REG (Non-Conf),W 70-41,,7,0,0,,0,0,,0,0,,,0,0,,0,0,0,1,0,0,1,0,0,-0.3,Cassandra Gordon,https://www.sports-reference.com/cbb/players/cassandra-gordon-1.html,georgetown,2018-19
5,5,6,2018-11-23,Georgetown,,Buffalo,REG (Non-Conf),L 64-73,,6,0,2,.000,0,2,.000,0,0,,.000,0,0,,0,1,1,0,0,0,1,2,0,-2.9,Cassandra Gordon,https://www.sports-reference.com/cbb/players/cassandra-gordon-1.html,georgetown,2018-19
6,6,7,2018-11-24,Georgetown,@,Baylor,REG (Non-Conf),L 46-67,,4,0,1,.000,0,1,.000,0,0,,.000,0,0,,0,0,0,0,0,0,0,0,0,-0.7,Cassandra Gordon,https://www.sports-reference.com/cbb/players/cassandra-gordon-1.html,georgetown,2018-19
7,7,8,2018-11-29,Georgetown,,Fordham,REG (Non-Conf),W 58-38,,3,0,0,,0,0,,0,0,,,0,0,,0,0,0,0,0,0,0,0,0,0.0,Cassandra Gordon,https://www.sports-reference.com/cbb/players/cassandra-gordon-1.html,georgetown,2018-19
8,8,9,2018-12-02,Georgetown,,VCU,REG (Non-Conf),L 45-47,,4,0,0,,0,0,,0,0,,,0,0,,0,0,0,0,0,0,0,0,0,0.0,Cassandra Gordon,https://www.sports-reference.com/cbb/players/cassandra-gordon-1.html,georgetown,2018-19
9,9,11,2018-12-21,Georgetown,@,Rider,REG (Non-Conf),W 79-49,,9,1,5,.200,1,5,.200,0,0,,.300,0,0,,0,0,0,0,0,0,1,2,3,-1.9,Cassandra Gordon,https://www.sports-reference.com/cbb/players/cassandra-gordon-1.html,georgetown,2018-19
10,10,12,2018-12-29,Georgetown,,Xavier,REG (Conf),W 68-61,,3,0,0,,0,0,,0,0,,,0,0,,0,0,0,0,0,0,0,1,0,-0.4,Cassandra Gordon,https://www.sports-reference.com/cbb/players/cassandra-gordon-1.html,georgetown,2018-19
11,11,13,2018-12-31,Georgetown,,Butler,REG (Conf),L 50-59,,5,0,0,,0,0,,0,0,,,0,0,,0,1,1,0,0,0,0,0,0,0.3,Cassandra Gordon,https://www.sports-reference.com/cbb/players/cassandra-gordon-1.html,georgetown,2018-19
12,12,15,2019-01-06,Georgetown,@,Creighton,REG (Conf),L 38-65,,5,0,1,.000,0,0,,0,1,.000,.000,0,0,,0,0,0,0,0,0,0,0,0,-0.7,Cassandra Gordon,https://www.sports-reference.com/cbb/players/cassandra-gordon-1.html,georgetown,2018-19
13,13,16,2019-01-11,Georgetown,,DePaul,REG (Conf),L 64-69,,14,1,4,.250,0,3,.000,1,1,1.000,.250,0,0,,0,0,0,2,1,0,0,0,2,2.0,Cassandra Gordon,https://www.sports-reference.com/cbb/players/cassandra-gordon-1.html,georgetown,2018-19
14,14,17,2019-01-13,Georgetown,,Marquette,REG (Conf),L 62-72,,15,0,3,.000,0,2,.000,0,1,.000,.000,0,2,.000,1,1,2,0,0,0,0,0,0,-1.9,Cassandra Gordon,https://www.sports-reference.com/cbb/players/cassandra-gordon-1.html,georgetown,2018-19
15,15,18,2019-01-19,Georgetown,,Villanova,REG (Conf),W 68-63,,19,1,1,1.000,1,1,1.000,0,0,,1.500,0,0,,0,3,3,0,0,0,0,0,3,3.6,Cassandra Gordon,https://www.sports-reference.com/cbb/players/cassandra-gordon-1.html,georgetown,2018-19
16,16,19,2019-01-25,Georgetown,@,St. John's (NY),REG (Conf),L 51-59,,8,0,0,,0,0,,0,0,,,0,0,,0,0,0,0,0,0,0,0,0,0.0,Cassandra Gordon,https://www.sports-reference.com/cbb/players/cassandra-gordon-1.html,georgetown,2018-19
17,17,22,2019-02-03,Georgetown,,Providence,REG (Conf),W 61-56,,12,0,3,.000,0,3,.000,0,0,,.000,2,2,1.000,0,2,2,0,0,0,0,0,2,0.5,Cassandra Gordon,https://www.sports-reference.com/cbb/players/cassandra-gordon-1.html,georgetown,2018-19
18,18,23,2019-02-08,Georgetown,@,Marquette,REG (Conf),L 52-59,,1,0,0,,0,0,,0,0,,,0,0,,0,0,0,0,0,0,0,0,0,0.0,Cassandra Gordon,https://www.sports-reference.com/cbb/players/cassandra-gordon-1.html,georgetown,2018-19
19,19,24,2019-02-10,Georgetown,@,DePaul,REG (Conf),L 71-76,,18,2,3,.667,1,1,1.000,1,2,.500,.833,0,0,,0,1,1,1,2,0,0,2,5,5.9,Cassandra Gordon,https://www.sports-reference.com/cbb/players/cassandra-gordon-1.html,georgetown,2018-19
20,20,25,2019-02-16,Georgetown,@,Villanova,REG (Conf),L 43-91,,23,0,3,.000,0,0,,0,3,.000,.000,0,0,,0,2,2,2,1,0,0,1,0,0.5,Cassandra Gordon,https://www.sports-reference.com/cbb/players/cassandra-gordon-1.html,georgetown,2018-19
21,21,26,2019-02-22,Georgetown,,Seton Hall,REG (Conf),W 51-43,,15,0,3,.000,0,2,.000,0,1,.000,.000,0,0,,0,2,2,0,0,0,0,1,0,-1.9,Cassandra Gordon,https://www.sports-reference.com/cbb/players/cassandra-gordon-1.html,georgetown,2018-19
22,22,27,2019-02-24,Georgetown,,St. John's (NY),REG (Conf),W 82-80,,3,0,0,,0,0,,0,0,,,0,0,,0,0,0,0,0,0,0,0,0,0.0,Cassandra Gordon,https://www.sports-reference.com/cbb/players/cassandra-gordon-1.html,georgetown,2018-19
23,23,28,2019-03-01,Georgetown,@,Butler,REG (Conf),W 72-42,,8,0,1,.000,0,1,.000,0,0,,.000,0,0,,0,0,0,0,1,0,0,0,0,0.3,Cassandra Gordon,https://www.sports-reference.com/cbb/players/cassandra-gordon-1.html,georgetown,2018-19
24,24,29,2019-03-03,Georgetown,@,Xavier,REG (Conf),W 67-64,,5,0,1,.000,0,1,.000,0,0,,.000,0,0,,0,0,0,0,0,0,1,0,0,-1.7,Cassandra Gordon,https://www.sports-reference.com/cbb/players/cassandra-gordon-1.html,georgetown,2018-19
25,25,31,2019-03-11,Georgetown,@,Marquette,CTOURN,L 62-75,,4,0,1,.000,0,1,.000,0,0,,.000,0,0,,0,1,1,1,0,0,0,1,0,-0.1,Cassandra Gordon,https://www.sports-reference.com/cbb/players/cassandra-gordon-1.html,georgetown,2018-19
26,26,32,2019-03-22,Georgetown,,Sacred Heart,WNIT,W 90-59,,16,3,4,.750,2,3,.667,1,1,1.000,1.000,0,0,,0,1,1,1,0,0,0,2,8,6.6,Cassandra Gordon,https://www.sports-reference.com/cbb/players/cassandra-gordon-1.html,georgetown,2018-19
27,27,33,2019-03-24,Georgetown,@,Harvard,WNIT,W 70-65,,11,0,1,.000,0,1,.000,0,0,,.000,2,2,1.000,0,4,4,0,0,0,0,0,2,2.5,Cassandra Gordon,https://www.sports-reference.com/cbb/players/cassandra-gordon-1.html,georgetown,2018-19
28,28,34,2019-03-26,Georgetown,@,Providence,WNIT,W 53-46,,5,0,0,,0,0,,0,0,,,0,0,,0,1,1,0,0,0,1,0,0,-0.7,Cassandra Gordon,https://www.sports-reference.com/cbb/players/cassandra-gordon-1.html,georgetown,2018-19
