ranker,player_game_num_career,team_game_num_season,date,team_name_abbr,game_location,opp_name_abbr,game_type,game_result,is_starter,mp,fg,fga,fg_pct,fg3,fg3a,fg3_pct,fg2,fg2a,fg2_pct,efg_pct,ft,fta,ft_pct,orb,drb,trb,ast,stl,blk,tov,pf,pts,game_score,player_name,player_sr_link,school,season
1,92,1,2018-11-06,Georgetown,@,Richmond,REG (Non-Conf),W 73-53,*,28,5,9,.556,1,3,.333,4,6,.667,.611,0,0,,1,8,9,1,1,1,4,2,11,7.4,Dionna White,https://www.sports-reference.com/cbb/players/dionna-white-1.html,georgetown,2018-19
2,93,2,2018-11-09,Georgetown,,Maryland Eastern Shore,REG (Non-Conf),W 74-55,*,31,3,10,.300,1,3,.333,2,7,.286,.350,0,0,,0,5,5,4,1,1,2,3,7,4.0,Dionna White,https://www.sports-reference.com/cbb/players/dionna-white-1.html,georgetown,2018-19
3,94,3,2018-11-13,Georgetown,,Loyola (MD),REG (Non-Conf),W 45-30,*,35,6,18,.333,1,5,.200,5,13,.385,.361,2,2,1.000,2,4,6,3,3,0,0,2,15,11.7,Dionna White,https://www.sports-reference.com/cbb/players/dionna-white-1.html,georgetown,2018-19
4,95,4,2018-11-16,Georgetown,@,James Madison,REG (Non-Conf),L 57-69,*,37,8,22,.364,3,6,.500,5,16,.313,.432,3,5,.600,2,6,8,0,2,0,1,3,22,12.0,Dionna White,https://www.sports-reference.com/cbb/players/dionna-white-1.html,georgetown,2018-19
5,96,5,2018-11-19,Georgetown,,Pittsburgh,REG (Non-Conf),W 70-41,*,33,5,14,.357,2,5,.400,3,9,.333,.429,3,3,1.000,4,8,12,4,1,0,1,3,15,14.0,Dionna White,https://www.sports-reference.com/cbb/players/dionna-white-1.html,georgetown,2018-19
6,97,6,2018-11-23,Georgetown,,Buffalo,REG (Non-Conf),L 64-73,*,37,4,17,.235,0,4,.000,4,13,.308,.235,2,2,1.000,7,6,13,4,1,0,3,3,10,6.0,Dionna White,https://www.sports-reference.com/cbb/players/dionna-white-1.html,georgetown,2018-19
7,98,7,2018-11-24,Georgetown,@,Baylor,REG (Non-Conf),L 46-67,*,36,5,15,.333,1,4,.250,4,11,.364,.367,1,4,.250,3,9,12,4,4,1,3,0,12,11.6,Dionna White,https://www.sports-reference.com/cbb/players/dionna-white-1.html,georgetown,2018-19
8,99,8,2018-11-29,Georgetown,,Fordham,REG (Non-Conf),W 58-38,*,37,6,14,.429,1,3,.333,5,11,.455,.464,2,4,.500,0,6,6,3,1,0,1,1,15,10.3,Dionna White,https://www.sports-reference.com/cbb/players/dionna-white-1.html,georgetown,2018-19
9,100,9,2018-12-02,Georgetown,,VCU,REG (Non-Conf),L 45-47,*,36,6,15,.400,2,3,.667,4,12,.333,.467,0,0,,1,4,5,1,4,2,2,1,14,11.5,Dionna White,https://www.sports-reference.com/cbb/players/dionna-white-1.html,georgetown,2018-19
10,101,10,2018-12-08,Georgetown,,NC State,REG (Non-Conf),L 65-76,*,39,9,20,.450,3,9,.333,6,11,.545,.525,4,4,1.000,2,5,7,2,4,0,2,2,25,20.1,Dionna White,https://www.sports-reference.com/cbb/players/dionna-white-1.html,georgetown,2018-19
11,102,11,2018-12-21,Georgetown,@,Rider,REG (Non-Conf),W 79-49,*,33,6,13,.462,2,4,.500,4,9,.444,.538,0,0,,3,7,10,4,1,0,1,3,14,13.1,Dionna White,https://www.sports-reference.com/cbb/players/dionna-white-1.html,georgetown,2018-19
12,103,12,2018-12-29,Georgetown,,Xavier,REG (Conf),W 68-61,*,37,8,15,.533,0,3,.000,8,12,.667,.533,8,9,.889,3,9,12,7,4,2,3,3,24,27.2,Dionna White,https://www.sports-reference.com/cbb/players/dionna-white-1.html,georgetown,2018-19
13,104,13,2018-12-31,Georgetown,,Butler,REG (Conf),L 50-59,*,31,4,13,.308,1,6,.167,3,7,.429,.346,2,4,.500,1,5,6,1,4,0,3,4,11,5.0,Dionna White,https://www.sports-reference.com/cbb/players/dionna-white-1.html,georgetown,2018-19
14,105,14,2019-01-04,Georgetown,@,Providence,REG (Conf),W 68-52,*,37,11,21,.524,0,1,.000,11,20,.550,.524,2,3,.667,3,5,8,2,2,0,2,2,24,17.5,Dionna White,https://www.sports-reference.com/cbb/players/dionna-white-1.html,georgetown,2018-19
15,106,15,2019-01-06,Georgetown,@,Creighton,REG (Conf),L 38-65,*,35,5,13,.385,1,4,.250,4,9,.444,.423,4,4,1.000,0,4,4,2,1,0,3,3,15,7.3,Dionna White,https://www.sports-reference.com/cbb/players/dionna-white-1.html,georgetown,2018-19
16,107,16,2019-01-11,Georgetown,,DePaul,REG (Conf),L 64-69,*,36,4,18,.222,0,3,.000,4,15,.267,.222,5,9,.556,1,4,5,2,7,1,2,3,13,8.2,Dionna White,https://www.sports-reference.com/cbb/players/dionna-white-1.html,georgetown,2018-19
17,108,17,2019-01-13,Georgetown,,Marquette,REG (Conf),L 62-72,*,40,5,18,.278,0,4,.000,5,14,.357,.278,4,6,.667,2,3,5,2,2,0,4,4,14,2.7,Dionna White,https://www.sports-reference.com/cbb/players/dionna-white-1.html,georgetown,2018-19
18,109,18,2019-01-19,Georgetown,,Villanova,REG (Conf),W 68-63,*,37,6,12,.500,2,2,1.000,4,10,.400,.583,11,13,.846,2,4,6,4,0,0,3,3,25,19.4,Dionna White,https://www.sports-reference.com/cbb/players/dionna-white-1.html,georgetown,2018-19
19,110,19,2019-01-25,Georgetown,@,St. John's (NY),REG (Conf),L 51-59,*,36,3,11,.273,0,1,.000,3,10,.300,.273,3,6,.500,3,6,9,3,3,0,6,4,9,2.7,Dionna White,https://www.sports-reference.com/cbb/players/dionna-white-1.html,georgetown,2018-19
20,111,20,2019-01-27,Georgetown,@,Seton Hall,REG (Conf),L 63-76,*,38,3,9,.333,1,5,.200,2,4,.500,.389,6,6,1.000,0,6,6,7,3,0,4,4,13,12.0,Dionna White,https://www.sports-reference.com/cbb/players/dionna-white-1.html,georgetown,2018-19
21,112,21,2019-02-01,Georgetown,,Creighton,REG (Conf),W 62-53,*,40,5,16,.313,1,7,.143,4,9,.444,.344,2,3,.667,2,6,8,7,5,0,2,2,13,13.7,Dionna White,https://www.sports-reference.com/cbb/players/dionna-white-1.html,georgetown,2018-19
22,113,22,2019-02-03,Georgetown,,Providence,REG (Conf),W 61-56,*,40,6,14,.429,2,3,.667,4,11,.364,.500,5,7,.714,3,5,8,5,7,1,2,3,19,22.4,Dionna White,https://www.sports-reference.com/cbb/players/dionna-white-1.html,georgetown,2018-19
23,114,23,2019-02-08,Georgetown,@,Marquette,REG (Conf),L 52-59,*,37,3,15,.200,2,4,.500,1,11,.091,.267,2,2,1.000,3,4,7,2,2,0,2,4,10,3.8,Dionna White,https://www.sports-reference.com/cbb/players/dionna-white-1.html,georgetown,2018-19
24,115,24,2019-02-10,Georgetown,@,DePaul,REG (Conf),L 71-76,*,26,4,15,.267,2,4,.500,2,11,.182,.333,6,7,.857,1,3,4,4,4,0,2,5,16,11.1,Dionna White,https://www.sports-reference.com/cbb/players/dionna-white-1.html,georgetown,2018-19
25,116,25,2019-02-16,Georgetown,@,Villanova,REG (Conf),L 43-91,*,20,2,9,.222,0,2,.000,2,7,.286,.222,0,0,,0,2,2,1,0,0,0,1,4,-0.6,Dionna White,https://www.sports-reference.com/cbb/players/dionna-white-1.html,georgetown,2018-19
26,117,26,2019-02-22,Georgetown,,Seton Hall,REG (Conf),W 51-43,*,40,4,14,.286,2,4,.500,2,10,.200,.357,9,9,1.000,3,3,6,4,4,0,2,2,19,17.8,Dionna White,https://www.sports-reference.com/cbb/players/dionna-white-1.html,georgetown,2018-19
27,118,27,2019-02-24,Georgetown,,St. John's (NY),REG (Conf),W 82-80,*,37,8,16,.500,3,6,.500,5,10,.500,.594,10,11,.909,3,4,7,3,3,0,3,5,29,24.0,Dionna White,https://www.sports-reference.com/cbb/players/dionna-white-1.html,georgetown,2018-19
28,119,28,2019-03-01,Georgetown,@,Butler,REG (Conf),W 72-42,*,32,9,14,.643,4,6,.667,5,8,.625,.786,1,3,.333,3,7,10,5,3,0,2,2,23,23.9,Dionna White,https://www.sports-reference.com/cbb/players/dionna-white-1.html,georgetown,2018-19
29,120,29,2019-03-03,Georgetown,@,Xavier,REG (Conf),W 67-64,*,40,7,15,.467,1,2,.500,6,13,.462,.500,8,9,.889,2,8,10,2,3,0,2,4,23,19.5,Dionna White,https://www.sports-reference.com/cbb/players/dionna-white-1.html,georgetown,2018-19
30,121,30,2019-03-10,Georgetown,,Villanova,CTOURN,W 76-67,*,40,11,17,.647,2,3,.667,9,14,.643,.706,3,7,.429,4,5,9,5,4,1,3,1,27,27.0,Dionna White,https://www.sports-reference.com/cbb/players/dionna-white-1.html,georgetown,2018-19
31,122,31,2019-03-11,Georgetown,@,Marquette,CTOURN,L 62-75,*,39,7,19,.368,0,4,.000,7,15,.467,.368,2,2,1.000,1,6,7,4,4,3,1,0,16,15.9,Dionna White,https://www.sports-reference.com/cbb/players/dionna-white-1.html,georgetown,2018-19
32,123,32,2019-03-22,Georgetown,,Sacred Heart,WNIT,W 90-59,*,34,9,16,.563,3,4,.750,6,12,.500,.656,0,0,,0,6,6,7,3,2,2,2,21,21.7,Dionna White,https://www.sports-reference.com/cbb/players/dionna-white-1.html,georgetown,2018-19
33,124,33,2019-03-24,Georgetown,@,Harvard,WNIT,W 70-65,*,38,11,15,.733,1,2,.500,10,13,.769,.767,15,16,.938,3,9,12,3,2,1,3,4,38,36.5,Dionna White,https://www.sports-reference.com/cbb/players/dionna-white-1.html,georgetown,2018-19
34,125,34,2019-03-26,Georgetown,@,Providence,WNIT,W 53-46,*,40,5,18,.278,3,7,.429,2,11,.182,.361,6,8,.750,2,6,8,4,5,0,2,3,19,15.4,Dionna White,https://www.sports-reference.com/cbb/players/dionna-white-1.html,georgetown,2018-19
35,126,35,2019-03-31,Georgetown,@,James Madison,WNIT,L 44-54,*,35,5,17,.294,0,6,.000,5,11,.455,.294,1,3,.333,1,3,4,3,4,1,2,4,11,5.1,Dionna White,https://www.sports-reference.com/cbb/players/dionna-white-1.html,georgetown,2018-19
