ranker,player_game_num_career,team_game_num_season,date,team_name_abbr,game_location,opp_name_abbr,game_type,game_result,is_starter,mp,fg,fga,fg_pct,fg3,fg3a,fg3_pct,fg2,fg2a,fg2_pct,efg_pct,ft,fta,ft_pct,orb,drb,trb,ast,stl,blk,tov,pf,pts,game_score,player_name,player_sr_link,school,season
1,88,1,2018-11-06,Georgetown,@,Richmond,REG (Non-Conf),W 73-53,*,26,6,12,.500,2,3,.667,4,9,.444,.583,0,0,,0,3,3,3,3,2,1,1,14,14.0,Dorothy Adomako,https://www.sports-reference.com/cbb/players/dorothy-adomako-1.html,georgetown,2018-19
2,89,2,2018-11-09,Georgetown,,Maryland Eastern Shore,REG (Non-Conf),W 74-55,*,38,6,15,.400,1,3,.333,5,12,.417,.433,5,5,1.000,4,6,10,1,1,0,2,1,18,13.8,Dorothy Adomako,https://www.sports-reference.com/cbb/players/dorothy-adomako-1.html,georgetown,2018-19
3,90,4,2018-11-16,Georgetown,@,James Madison,REG (Non-Conf),L 57-69,*,31,3,8,.375,0,1,.000,3,7,.429,.375,2,4,.500,0,5,5,1,2,3,2,3,8,5.9,Dorothy Adomako,https://www.sports-reference.com/cbb/players/dorothy-adomako-1.html,georgetown,2018-19
4,91,5,2018-11-19,Georgetown,,Pittsburgh,REG (Non-Conf),W 70-41,*,32,4,13,.308,2,6,.333,2,7,.286,.385,4,6,.667,0,9,9,2,2,3,4,2,14,9.1,Dorothy Adomako,https://www.sports-reference.com/cbb/players/dorothy-adomako-1.html,georgetown,2018-19
5,92,6,2018-11-23,Georgetown,,Buffalo,REG (Non-Conf),L 64-73,*,29,2,7,.286,0,2,.000,2,5,.400,.286,0,0,,1,4,5,2,1,1,5,1,4,-0.5,Dorothy Adomako,https://www.sports-reference.com/cbb/players/dorothy-adomako-1.html,georgetown,2018-19
6,93,7,2018-11-24,Georgetown,@,Baylor,REG (Non-Conf),L 46-67,*,26,3,15,.200,2,8,.250,1,7,.143,.267,0,0,,1,5,6,1,0,0,4,2,8,-3.2,Dorothy Adomako,https://www.sports-reference.com/cbb/players/dorothy-adomako-1.html,georgetown,2018-19
7,94,8,2018-11-29,Georgetown,,Fordham,REG (Non-Conf),W 58-38,*,36,6,15,.400,0,2,.000,6,13,.462,.400,1,1,1.000,0,10,10,1,1,0,1,3,13,7.4,Dorothy Adomako,https://www.sports-reference.com/cbb/players/dorothy-adomako-1.html,georgetown,2018-19
8,95,9,2018-12-02,Georgetown,,VCU,REG (Non-Conf),L 45-47,*,38,6,14,.429,1,1,1.000,5,13,.385,.464,1,4,.250,0,9,9,1,1,1,4,1,14,6.1,Dorothy Adomako,https://www.sports-reference.com/cbb/players/dorothy-adomako-1.html,georgetown,2018-19
9,96,10,2018-12-08,Georgetown,,NC State,REG (Non-Conf),L 65-76,*,36,8,21,.381,1,6,.167,7,15,.467,.405,1,1,1.000,2,6,8,0,0,4,2,4,18,8.9,Dorothy Adomako,https://www.sports-reference.com/cbb/players/dorothy-adomako-1.html,georgetown,2018-19
10,97,11,2018-12-21,Georgetown,@,Rider,REG (Non-Conf),W 79-49,*,33,8,16,.500,3,5,.600,5,11,.455,.594,6,8,.750,2,6,8,3,5,0,1,3,25,24.3,Dorothy Adomako,https://www.sports-reference.com/cbb/players/dorothy-adomako-1.html,georgetown,2018-19
11,98,12,2018-12-29,Georgetown,,Xavier,REG (Conf),W 68-61,*,30,6,13,.462,1,4,.250,5,9,.556,.500,4,6,.667,1,4,5,0,2,1,3,4,17,9.5,Dorothy Adomako,https://www.sports-reference.com/cbb/players/dorothy-adomako-1.html,georgetown,2018-19
12,99,13,2018-12-31,Georgetown,,Butler,REG (Conf),L 50-59,*,38,2,10,.200,0,4,.000,2,6,.333,.200,3,3,1.000,1,6,7,4,1,7,3,1,7,8.6,Dorothy Adomako,https://www.sports-reference.com/cbb/players/dorothy-adomako-1.html,georgetown,2018-19
13,100,14,2019-01-04,Georgetown,@,Providence,REG (Conf),W 68-52,*,36,8,17,.471,2,4,.500,6,13,.462,.529,2,4,.500,2,10,12,0,1,1,1,3,20,14.4,Dorothy Adomako,https://www.sports-reference.com/cbb/players/dorothy-adomako-1.html,georgetown,2018-19
14,101,15,2019-01-06,Georgetown,@,Creighton,REG (Conf),L 38-65,*,33,3,12,.250,0,0,,3,12,.250,.250,2,6,.333,4,5,9,2,0,1,2,2,8,2.8,Dorothy Adomako,https://www.sports-reference.com/cbb/players/dorothy-adomako-1.html,georgetown,2018-19
15,102,16,2019-01-11,Georgetown,,DePaul,REG (Conf),L 64-69,*,38,10,15,.667,1,2,.500,9,13,.692,.700,3,6,.500,3,5,8,3,2,2,2,3,24,22.2,Dorothy Adomako,https://www.sports-reference.com/cbb/players/dorothy-adomako-1.html,georgetown,2018-19
16,103,17,2019-01-13,Georgetown,,Marquette,REG (Conf),L 62-72,*,29,7,13,.538,2,4,.500,5,9,.556,.615,5,5,1.000,2,4,6,1,0,2,0,5,21,17.4,Dorothy Adomako,https://www.sports-reference.com/cbb/players/dorothy-adomako-1.html,georgetown,2018-19
17,104,18,2019-01-19,Georgetown,,Villanova,REG (Conf),W 68-63,*,36,11,22,.500,1,2,.500,10,20,.500,.523,5,8,.625,3,8,11,2,1,1,3,1,28,20.0,Dorothy Adomako,https://www.sports-reference.com/cbb/players/dorothy-adomako-1.html,georgetown,2018-19
18,105,19,2019-01-25,Georgetown,@,St. John's (NY),REG (Conf),L 51-59,*,37,4,12,.333,1,3,.333,3,9,.333,.375,3,6,.500,1,6,7,0,2,2,4,3,12,4.7,Dorothy Adomako,https://www.sports-reference.com/cbb/players/dorothy-adomako-1.html,georgetown,2018-19
19,106,20,2019-01-27,Georgetown,@,Seton Hall,REG (Conf),L 63-76,*,35,6,15,.400,2,4,.500,4,11,.364,.467,7,8,.875,2,9,11,1,2,5,2,2,21,20.0,Dorothy Adomako,https://www.sports-reference.com/cbb/players/dorothy-adomako-1.html,georgetown,2018-19
20,107,21,2019-02-01,Georgetown,,Creighton,REG (Conf),W 62-53,*,40,9,22,.409,1,3,.333,8,19,.421,.432,4,5,.800,6,7,13,1,2,2,2,3,23,18.0,Dorothy Adomako,https://www.sports-reference.com/cbb/players/dorothy-adomako-1.html,georgetown,2018-19
21,108,22,2019-02-03,Georgetown,,Providence,REG (Conf),W 61-56,*,35,8,17,.471,1,2,.500,7,15,.467,.500,3,6,.500,2,8,10,2,1,2,2,4,20,14.1,Dorothy Adomako,https://www.sports-reference.com/cbb/players/dorothy-adomako-1.html,georgetown,2018-19
22,109,23,2019-02-08,Georgetown,@,Marquette,REG (Conf),L 52-59,*,37,6,18,.333,2,4,.500,4,14,.286,.389,3,3,1.000,1,5,6,5,3,1,2,1,17,13.8,Dorothy Adomako,https://www.sports-reference.com/cbb/players/dorothy-adomako-1.html,georgetown,2018-19
23,110,24,2019-02-10,Georgetown,@,DePaul,REG (Conf),L 71-76,*,27,4,7,.571,1,2,.500,3,5,.600,.643,6,8,.750,1,5,6,2,0,0,3,5,15,9.5,Dorothy Adomako,https://www.sports-reference.com/cbb/players/dorothy-adomako-1.html,georgetown,2018-19
24,111,25,2019-02-16,Georgetown,@,Villanova,REG (Conf),L 43-91,*,27,2,8,.250,0,1,.000,2,7,.286,.250,4,6,.667,1,2,3,2,0,0,2,1,8,2.7,Dorothy Adomako,https://www.sports-reference.com/cbb/players/dorothy-adomako-1.html,georgetown,2018-19
25,112,26,2019-02-22,Georgetown,,Seton Hall,REG (Conf),W 51-43,*,33,4,11,.364,1,4,.250,3,7,.429,.409,1,2,.500,0,8,8,1,4,1,3,2,10,7.5,Dorothy Adomako,https://www.sports-reference.com/cbb/players/dorothy-adomako-1.html,georgetown,2018-19
26,113,27,2019-02-24,Georgetown,,St. John's (NY),REG (Conf),W 82-80,*,39,10,17,.588,2,4,.500,8,13,.615,.647,7,11,.636,2,7,9,3,2,2,5,1,29,23.1,Dorothy Adomako,https://www.sports-reference.com/cbb/players/dorothy-adomako-1.html,georgetown,2018-19
27,114,28,2019-03-01,Georgetown,@,Butler,REG (Conf),W 72-42,*,35,5,17,.294,0,5,.000,5,12,.417,.294,1,4,.250,1,8,9,3,4,1,4,2,11,5.0,Dorothy Adomako,https://www.sports-reference.com/cbb/players/dorothy-adomako-1.html,georgetown,2018-19
28,115,29,2019-03-03,Georgetown,@,Xavier,REG (Conf),W 67-64,*,40,6,18,.333,1,4,.250,5,14,.357,.361,4,8,.500,3,11,14,3,0,3,3,4,17,10.2,Dorothy Adomako,https://www.sports-reference.com/cbb/players/dorothy-adomako-1.html,georgetown,2018-19
29,116,30,2019-03-10,Georgetown,,Villanova,CTOURN,W 76-67,*,40,10,16,.625,1,2,.500,9,14,.643,.656,4,5,.800,0,2,2,1,1,1,1,2,25,18.6,Dorothy Adomako,https://www.sports-reference.com/cbb/players/dorothy-adomako-1.html,georgetown,2018-19
30,117,31,2019-03-11,Georgetown,@,Marquette,CTOURN,L 62-75,*,39,10,19,.526,2,4,.500,8,15,.533,.579,5,5,1.000,2,6,8,4,1,0,5,4,27,18.1,Dorothy Adomako,https://www.sports-reference.com/cbb/players/dorothy-adomako-1.html,georgetown,2018-19
31,118,32,2019-03-22,Georgetown,,Sacred Heart,WNIT,W 90-59,*,29,9,13,.692,1,3,.333,8,10,.800,.731,2,4,.500,1,7,8,5,1,2,1,2,21,21.6,Dorothy Adomako,https://www.sports-reference.com/cbb/players/dorothy-adomako-1.html,georgetown,2018-19
32,119,33,2019-03-24,Georgetown,@,Harvard,WNIT,W 70-65,*,36,2,13,.154,0,1,.000,2,12,.167,.154,4,6,.667,1,9,10,2,1,1,3,1,8,2.0,Dorothy Adomako,https://www.sports-reference.com/cbb/players/dorothy-adomako-1.html,georgetown,2018-19
33,120,34,2019-03-26,Georgetown,@,Providence,WNIT,W 53-46,*,40,8,22,.364,1,3,.333,7,19,.368,.386,3,5,.600,5,5,10,0,1,0,2,2,20,10.2,Dorothy Adomako,https://www.sports-reference.com/cbb/players/dorothy-adomako-1.html,georgetown,2018-19
34,121,35,2019-03-31,Georgetown,@,James Madison,WNIT,L 44-54,*,40,6,21,.286,2,5,.400,4,16,.250,.333,2,2,1.000,2,7,9,1,0,1,4,1,16,4.2,Dorothy Adomako,https://www.sports-reference.com/cbb/players/dorothy-adomako-1.html,georgetown,2018-19
