ranker,player_game_num_career,team_game_num_season,date,team_name_abbr,game_location,opp_name_abbr,game_type,game_result,is_starter,mp,fg,fga,fg_pct,fg3,fg3a,fg3_pct,fg2,fg2a,fg2_pct,efg_pct,ft,fta,orb,drb,trb,ast,stl,blk,tov,pf,pts,game_score,player_name,player_sr_link,school,season
1,9,1,2018-11-06,Georgetown,@,Richmond,REG (Non-Conf),W 73-53,,2,0,1,.000,0,1,.000,0,0,,.000,0,0,1,0,1,0,0,0,1,1,0,-1.4,Lexi Kimball,https://www.sports-reference.com/cbb/players/lexi-kimball-1.html,georgetown,2018-19
2,10,11,2018-12-21,Georgetown,@,Rider,REG (Non-Conf),W 79-49,,3,1,1,1.000,0,0,,1,1,1.000,1.000,0,0,0,0,0,0,0,0,0,0,2,1.7,Lexi Kimball,https://www.sports-reference.com/cbb/players/lexi-kimball-1.html,georgetown,2018-19
3,11,25,2019-02-16,Georgetown,@,Villanova,REG (Conf),L 43-91,,5,0,1,.000,0,1,.000,0,0,,.000,0,0,0,1,1,0,0,0,0,0,0,-0.4,Lexi Kimball,https://www.sports-reference.com/cbb/players/lexi-kimball-1.html,georgetown,2018-19
4,12,32,2019-03-22,Georgetown,,Sacred Heart,WNIT,W 90-59,,6,0,5,.000,0,3,.000,0,2,.000,.000,0,0,0,1,1,1,1,0,0,0,0,-1.5,Lexi Kimball,https://www.sports-reference.com/cbb/players/lexi-kimball-1.html,georgetown,2018-19
