ranker,player_game_num_career,team_game_num_season,date,team_name_abbr,game_location,opp_name_abbr,game_type,game_result,is_starter,mp,fg,fga,fg_pct,fg3,fg3a,fg3_pct,fg2,fg2a,fg2_pct,efg_pct,ft,fta,ft_pct,orb,drb,trb,ast,stl,blk,tov,pf,pts,game_score,player_name,player_sr_link,school,season
1,48,1,2018-11-06,Georgetown,@,Richmond,REG (Non-Conf),W 73-53,*,22,4,5,.800,1,1,1.000,3,4,.750,.900,2,2,1.000,2,4,6,3,0,0,1,4,11,11.2,Morgan Smith,https://www.sports-reference.com/cbb/players/morgan-smith-2.html,georgetown,2018-19
2,49,2,2018-11-09,Georgetown,,Maryland Eastern Shore,REG (Non-Conf),W 74-55,*,22,1,2,.500,0,0,,1,2,.500,.500,0,0,,1,1,2,0,0,0,3,2,2,-1.8,Morgan Smith,https://www.sports-reference.com/cbb/players/morgan-smith-2.html,georgetown,2018-19
3,50,3,2018-11-13,Georgetown,,Loyola (MD),REG (Non-Conf),W 45-30,*,31,0,5,.000,0,1,.000,0,4,.000,.000,2,4,.500,4,5,9,1,0,2,0,2,2,3.3,Morgan Smith,https://www.sports-reference.com/cbb/players/morgan-smith-2.html,georgetown,2018-19
4,51,4,2018-11-16,Georgetown,@,James Madison,REG (Non-Conf),L 57-69,*,35,2,5,.400,0,1,.000,2,4,.500,.400,2,2,1.000,2,0,2,2,1,0,3,2,6,3.3,Morgan Smith,https://www.sports-reference.com/cbb/players/morgan-smith-2.html,georgetown,2018-19
5,52,5,2018-11-19,Georgetown,,Pittsburgh,REG (Non-Conf),W 70-41,*,23,2,5,.400,0,0,,2,5,.400,.400,1,2,.500,1,6,7,0,1,1,1,1,5,4.7,Morgan Smith,https://www.sports-reference.com/cbb/players/morgan-smith-2.html,georgetown,2018-19
6,53,6,2018-11-23,Georgetown,,Buffalo,REG (Non-Conf),L 64-73,*,19,3,5,.600,0,0,,3,5,.600,.600,0,0,,3,1,4,0,0,0,1,5,6,3.1,Morgan Smith,https://www.sports-reference.com/cbb/players/morgan-smith-2.html,georgetown,2018-19
7,54,8,2018-11-29,Georgetown,,Fordham,REG (Non-Conf),W 58-38,,18,2,3,.667,1,1,1.000,1,2,.500,.833,0,0,,2,2,4,1,0,0,2,5,5,2.4,Morgan Smith,https://www.sports-reference.com/cbb/players/morgan-smith-2.html,georgetown,2018-19
8,55,9,2018-12-02,Georgetown,,VCU,REG (Non-Conf),L 45-47,,20,1,4,.250,0,1,.000,1,3,.333,.250,0,0,,2,1,3,0,1,0,3,2,2,-1.5,Morgan Smith,https://www.sports-reference.com/cbb/players/morgan-smith-2.html,georgetown,2018-19
9,56,14,2019-01-04,Georgetown,@,Providence,REG (Conf),W 68-52,,17,0,4,.000,0,2,.000,0,2,.000,.000,1,4,.250,1,2,3,1,0,0,0,2,1,-1.8,Morgan Smith,https://www.sports-reference.com/cbb/players/morgan-smith-2.html,georgetown,2018-19
10,57,15,2019-01-06,Georgetown,@,Creighton,REG (Conf),L 38-65,,22,2,6,.333,0,1,.000,2,5,.400,.333,0,0,,0,2,2,1,0,1,0,4,4,1.0,Morgan Smith,https://www.sports-reference.com/cbb/players/morgan-smith-2.html,georgetown,2018-19
11,58,16,2019-01-11,Georgetown,,DePaul,REG (Conf),L 64-69,*,29,2,5,.400,0,1,.000,2,4,.500,.400,0,2,.000,3,2,5,2,1,0,3,5,4,0.6,Morgan Smith,https://www.sports-reference.com/cbb/players/morgan-smith-2.html,georgetown,2018-19
12,59,17,2019-01-13,Georgetown,,Marquette,REG (Conf),L 62-72,*,22,0,5,.000,0,1,.000,0,4,.000,.000,0,0,,2,1,3,1,0,0,1,5,0,-4.1,Morgan Smith,https://www.sports-reference.com/cbb/players/morgan-smith-2.html,georgetown,2018-19
13,60,18,2019-01-19,Georgetown,,Villanova,REG (Conf),W 68-63,*,30,1,2,.500,0,1,.000,1,1,1.000,.500,0,0,,1,1,2,0,1,0,0,1,2,2.6,Morgan Smith,https://www.sports-reference.com/cbb/players/morgan-smith-2.html,georgetown,2018-19
14,61,19,2019-01-25,Georgetown,@,St. John's (NY),REG (Conf),L 51-59,*,18,1,2,.500,0,1,.000,1,1,1.000,.500,0,0,,2,3,5,0,0,0,0,0,2,3.3,Morgan Smith,https://www.sports-reference.com/cbb/players/morgan-smith-2.html,georgetown,2018-19
15,62,20,2019-01-27,Georgetown,@,Seton Hall,REG (Conf),L 63-76,*,23,2,4,.500,0,0,,2,4,.500,.500,1,2,.500,0,1,1,2,0,0,2,5,5,0.3,Morgan Smith,https://www.sports-reference.com/cbb/players/morgan-smith-2.html,georgetown,2018-19
16,63,21,2019-02-01,Georgetown,,Creighton,REG (Conf),W 62-53,*,34,2,5,.400,0,1,.000,2,4,.500,.400,0,0,,3,7,10,0,2,0,3,3,4,3.3,Morgan Smith,https://www.sports-reference.com/cbb/players/morgan-smith-2.html,georgetown,2018-19
17,64,22,2019-02-03,Georgetown,,Providence,REG (Conf),W 61-56,*,31,2,5,.400,0,0,,2,5,.400,.400,0,0,,6,5,11,0,1,1,3,0,4,5.7,Morgan Smith,https://www.sports-reference.com/cbb/players/morgan-smith-2.html,georgetown,2018-19
18,65,23,2019-02-08,Georgetown,@,Marquette,REG (Conf),L 52-59,*,30,1,4,.250,0,1,.000,1,3,.333,.250,1,1,1.000,3,1,4,0,2,0,0,4,3,3.4,Morgan Smith,https://www.sports-reference.com/cbb/players/morgan-smith-2.html,georgetown,2018-19
19,66,24,2019-02-10,Georgetown,@,DePaul,REG (Conf),L 71-76,*,36,4,6,.667,0,0,,4,6,.667,.667,2,5,.400,4,1,5,0,0,0,0,5,10,7.3,Morgan Smith,https://www.sports-reference.com/cbb/players/morgan-smith-2.html,georgetown,2018-19
20,67,25,2019-02-16,Georgetown,@,Villanova,REG (Conf),L 43-91,*,26,1,6,.167,1,3,.333,0,3,.000,.250,0,0,,1,5,6,0,1,0,0,1,3,2.0,Morgan Smith,https://www.sports-reference.com/cbb/players/morgan-smith-2.html,georgetown,2018-19
21,68,26,2019-02-22,Georgetown,,Seton Hall,REG (Conf),W 51-43,*,38,4,9,.444,0,2,.000,4,7,.571,.444,1,2,.500,3,3,6,0,3,1,0,4,9,9.0,Morgan Smith,https://www.sports-reference.com/cbb/players/morgan-smith-2.html,georgetown,2018-19
22,69,27,2019-02-24,Georgetown,,St. John's (NY),REG (Conf),W 82-80,*,14,0,2,.000,0,1,.000,0,1,.000,.000,0,2,.000,2,2,4,0,1,1,0,4,0,-0.1,Morgan Smith,https://www.sports-reference.com/cbb/players/morgan-smith-2.html,georgetown,2018-19
23,70,28,2019-03-01,Georgetown,@,Butler,REG (Conf),W 72-42,*,30,3,3,1.000,0,0,,3,3,1.000,1.000,2,2,1.000,3,6,9,0,0,1,1,1,8,10.3,Morgan Smith,https://www.sports-reference.com/cbb/players/morgan-smith-2.html,georgetown,2018-19
24,71,29,2019-03-03,Georgetown,@,Xavier,REG (Conf),W 67-64,*,22,1,5,.200,0,2,.000,1,3,.333,.200,4,4,1.000,3,4,7,0,0,1,0,0,6,6.9,Morgan Smith,https://www.sports-reference.com/cbb/players/morgan-smith-2.html,georgetown,2018-19
25,72,32,2019-03-22,Georgetown,,Sacred Heart,WNIT,W 90-59,,5,0,1,.000,0,0,,0,1,.000,.000,0,0,,1,0,1,0,0,0,0,0,0,0.0,Morgan Smith,https://www.sports-reference.com/cbb/players/morgan-smith-2.html,georgetown,2018-19
26,73,33,2019-03-24,Georgetown,@,Harvard,WNIT,W 70-65,,22,2,5,.400,0,0,,2,5,.400,.400,0,0,,1,1,2,1,2,0,0,1,4,4.6,Morgan Smith,https://www.sports-reference.com/cbb/players/morgan-smith-2.html,georgetown,2018-19
27,74,34,2019-03-26,Georgetown,@,Providence,WNIT,W 53-46,,16,1,1,1.000,0,0,,1,1,1.000,1.000,0,0,,1,2,3,0,0,0,0,2,2,2.2,Morgan Smith,https://www.sports-reference.com/cbb/players/morgan-smith-2.html,georgetown,2018-19
28,75,35,2019-03-31,Georgetown,@,James Madison,WNIT,L 44-54,,26,2,4,.500,0,0,,2,4,.500,.500,1,2,.500,3,1,4,0,2,0,0,1,5,6.6,Morgan Smith,https://www.sports-reference.com/cbb/players/morgan-smith-2.html,georgetown,2018-19
