ranker,player_game_num_career,team_game_num_season,date,team_name_abbr,game_location,opp_name_abbr,game_type,game_result,is_starter,mp,fg,fga,fg_pct,fg3,fg3a,fg3_pct,fg2,fg2a,fg2_pct,efg_pct,ft,fta,ft_pct,orb,drb,trb,ast,stl,blk,tov,pf,pts,game_score,player_name,player_sr_link,school,season
1,1,1,2018-11-06,Georgetown,@,Richmond,REG (Non-Conf),W 73-53,,9,0,3,.000,0,1,.000,0,2,.000,.000,0,0,,0,1,1,2,1,0,0,4,0,-1.0,Shanniah Wright,https://www.sports-reference.com/cbb/players/shanniah-wright-1.html,georgetown,2018-19
2,2,2,2018-11-09,Georgetown,,Maryland Eastern Shore,REG (Non-Conf),W 74-55,,13,0,0,,0,0,,0,0,,,3,4,.750,3,1,4,1,0,0,1,2,3,3.9,Shanniah Wright,https://www.sports-reference.com/cbb/players/shanniah-wright-1.html,georgetown,2018-19
3,3,3,2018-11-13,Georgetown,,Loyola (MD),REG (Non-Conf),W 45-30,,5,1,1,1.000,0,0,,1,1,1.000,1.000,0,0,,0,1,1,0,0,0,1,1,2,0.6,Shanniah Wright,https://www.sports-reference.com/cbb/players/shanniah-wright-1.html,georgetown,2018-19
4,4,4,2018-11-16,Georgetown,@,James Madison,REG (Non-Conf),L 57-69,,6,0,0,,0,0,,0,0,,,1,2,.500,0,1,1,0,0,0,0,0,1,0.9,Shanniah Wright,https://www.sports-reference.com/cbb/players/shanniah-wright-1.html,georgetown,2018-19
5,5,5,2018-11-19,Georgetown,,Pittsburgh,REG (Non-Conf),W 70-41,,4,1,2,.500,0,0,,1,2,.500,.500,1,2,.500,1,0,1,0,0,0,0,2,3,1.5,Shanniah Wright,https://www.sports-reference.com/cbb/players/shanniah-wright-1.html,georgetown,2018-19
6,6,6,2018-11-23,Georgetown,,Buffalo,REG (Non-Conf),L 64-73,,8,0,0,,0,0,,0,0,,,2,2,1.000,0,2,2,0,0,0,0,3,2,1.4,Shanniah Wright,https://www.sports-reference.com/cbb/players/shanniah-wright-1.html,georgetown,2018-19
7,7,7,2018-11-24,Georgetown,@,Baylor,REG (Non-Conf),L 46-67,,12,0,0,,0,0,,0,0,,,0,0,,1,0,1,0,0,0,0,4,0,-0.9,Shanniah Wright,https://www.sports-reference.com/cbb/players/shanniah-wright-1.html,georgetown,2018-19
8,8,9,2018-12-02,Georgetown,,VCU,REG (Non-Conf),L 45-47,,3,0,0,,0,0,,0,0,,,0,0,,0,0,0,0,0,0,0,2,0,-0.8,Shanniah Wright,https://www.sports-reference.com/cbb/players/shanniah-wright-1.html,georgetown,2018-19
9,9,10,2018-12-08,Georgetown,,NC State,REG (Non-Conf),L 65-76,,9,0,0,,0,0,,0,0,,,0,0,,0,0,0,0,0,1,1,3,0,-1.5,Shanniah Wright,https://www.sports-reference.com/cbb/players/shanniah-wright-1.html,georgetown,2018-19
10,10,11,2018-12-21,Georgetown,@,Rider,REG (Non-Conf),W 79-49,,4,1,1,1.000,0,0,,1,1,1.000,1.000,1,1,1.000,0,1,1,0,0,0,0,2,3,2.2,Shanniah Wright,https://www.sports-reference.com/cbb/players/shanniah-wright-1.html,georgetown,2018-19
11,11,13,2018-12-31,Georgetown,,Butler,REG (Conf),L 50-59,,14,2,2,1.000,0,0,,2,2,1.000,1.000,0,0,,0,1,1,0,0,0,1,2,4,1.9,Shanniah Wright,https://www.sports-reference.com/cbb/players/shanniah-wright-1.html,georgetown,2018-19
12,12,14,2019-01-04,Georgetown,@,Providence,REG (Conf),W 68-52,,10,1,2,.500,0,0,,1,2,.500,.500,0,1,.000,2,2,4,0,1,0,2,1,2,1.2,Shanniah Wright,https://www.sports-reference.com/cbb/players/shanniah-wright-1.html,georgetown,2018-19
