ranker,player_game_num_career,team_game_num_season,date,team_name_abbr,game_location,opp_name_abbr,game_type,game_result,is_starter,mp,fg,fga,fg_pct,fg3,fg3a,fg3_pct,fg2,fg2a,fg2_pct,efg_pct,ft,fta,ft_pct,orb,drb,trb,ast,stl,blk,tov,pf,pts,game_score,player_name,player_sr_link,school,season
1,1,1,2018-11-06,Georgetown,@,Richmond,REG (Non-Conf),W 73-53,,6,0,2,.000,0,0,,0,2,.000,.000,2,2,1.000,2,0,2,0,2,0,1,0,2,3.0,Tayanna Jones,https://www.sports-reference.com/cbb/players/tayanna-jones-1.html,georgetown,2018-19
2,2,5,2018-11-19,Georgetown,,Pittsburgh,REG (Non-Conf),W 70-41,,3,1,1,1.000,1,1,1.000,0,0,,1.500,0,0,,0,1,1,0,0,0,0,0,3,3.0,Tayanna Jones,https://www.sports-reference.com/cbb/players/tayanna-jones-1.html,georgetown,2018-19
3,3,7,2018-11-24,Georgetown,@,Baylor,REG (Non-Conf),L 46-67,,6,1,2,.500,1,2,.500,0,0,,.750,2,2,1.000,0,1,1,1,0,1,0,1,5,5.3,Tayanna Jones,https://www.sports-reference.com/cbb/players/tayanna-jones-1.html,georgetown,2018-19
4,4,8,2018-11-29,Georgetown,,Fordham,REG (Non-Conf),W 58-38,,2,0,0,,0,0,,0,0,,,0,0,,0,1,1,1,0,0,0,0,0,1.0,Tayanna Jones,https://www.sports-reference.com/cbb/players/tayanna-jones-1.html,georgetown,2018-19
5,5,11,2018-12-21,Georgetown,@,Rider,REG (Non-Conf),W 79-49,,4,0,0,,0,0,,0,0,,,2,4,.500,0,1,1,0,0,0,1,0,2,0.5,Tayanna Jones,https://www.sports-reference.com/cbb/players/tayanna-jones-1.html,georgetown,2018-19
6,6,14,2019-01-04,Georgetown,@,Providence,REG (Conf),W 68-52,,4,0,1,.000,0,0,,0,1,.000,.000,0,0,,0,1,1,0,0,0,1,0,0,-1.4,Tayanna Jones,https://www.sports-reference.com/cbb/players/tayanna-jones-1.html,georgetown,2018-19
7,7,15,2019-01-06,Georgetown,@,Creighton,REG (Conf),L 38-65,,5,0,0,,0,0,,0,0,,,0,0,,1,0,1,0,0,0,0,0,0,0.7,Tayanna Jones,https://www.sports-reference.com/cbb/players/tayanna-jones-1.html,georgetown,2018-19
8,8,25,2019-02-16,Georgetown,@,Villanova,REG (Conf),L 43-91,,14,3,5,.600,1,2,.500,2,3,.667,.700,3,3,1.000,0,2,2,0,0,0,1,1,10,6.9,Tayanna Jones,https://www.sports-reference.com/cbb/players/tayanna-jones-1.html,georgetown,2018-19
9,9,28,2019-03-01,Georgetown,@,Butler,REG (Conf),W 72-42,,4,1,1,1.000,1,1,1.000,0,0,,1.500,0,0,,0,0,0,1,0,0,0,2,3,2.6,Tayanna Jones,https://www.sports-reference.com/cbb/players/tayanna-jones-1.html,georgetown,2018-19
10,10,31,2019-03-11,Georgetown,@,Marquette,CTOURN,L 62-75,,1,0,0,,0,0,,0,0,,,0,0,,0,0,0,0,0,0,0,0,0,0.0,Tayanna Jones,https://www.sports-reference.com/cbb/players/tayanna-jones-1.html,georgetown,2018-19
11,11,32,2019-03-22,Georgetown,,Sacred Heart,WNIT,W 90-59,,5,0,2,.000,0,1,.000,0,1,.000,.000,2,2,1.000,0,0,0,0,0,0,0,1,2,0.2,Tayanna Jones,https://www.sports-reference.com/cbb/players/tayanna-jones-1.html,georgetown,2018-19
