ranker,player_game_num_career,team_game_num_season,date,team_name_abbr,game_location,opp_name_abbr,game_type,game_result,is_starter,mp,fg,fga,fg_pct,fg3,fg3a,fg3_pct,fg2,fg2a,fg2_pct,efg_pct,ft,fta,ft_pct,orb,drb,trb,ast,stl,blk,tov,pf,pts,game_score,player_name,player_sr_link,school,season
1,39,1,2021-11-11,William & Mary,@,Coppin State,REG (Non-Conf),L 56-73,,12,0,2,.000,0,0,,0,2,.000,.000,0,2,.000,0,1,1,0,0,0,0,1,0,-2.3,Chaniqwa Gilliam,https://www.sports-reference.com/cbb/players/chaniqwa-gilliam-1.html,william-mary,2021-22
2,40,2,2021-11-14,William & Mary,,Randolph,REG (Non-Conf),W 83-31,,19,2,4,.500,0,0,,2,4,.500,.500,2,3,.667,0,3,3,5,0,0,1,0,6,7.0,Chaniqwa Gilliam,https://www.sports-reference.com/cbb/players/chaniqwa-gilliam-1.html,william-mary,2021-22
3,41,3,2021-11-16,William & Mary,@,Navy,REG (Non-Conf),L 54-66,,15,0,1,.000,0,1,.000,0,0,,.000,0,0,,0,2,2,3,1,0,3,1,0,-0.4,Chaniqwa Gilliam,https://www.sports-reference.com/cbb/players/chaniqwa-gilliam-1.html,william-mary,2021-22
4,42,4,2021-11-19,William & Mary,,George Mason,REG (Non-Conf),W 65-54 (OT),,15,0,2,.000,0,1,.000,0,1,.000,.000,1,2,.500,0,1,1,1,0,0,1,1,1,-1.2,Chaniqwa Gilliam,https://www.sports-reference.com/cbb/players/chaniqwa-gilliam-1.html,william-mary,2021-22
5,43,5,2021-11-23,William & Mary,@,Maryland Eastern Shore,REG (Non-Conf),W 65-58,,4,1,1,1.000,0,0,,1,1,1.000,1.000,0,0,,0,1,1,0,0,0,1,0,2,1.0,Chaniqwa Gilliam,https://www.sports-reference.com/cbb/players/chaniqwa-gilliam-1.html,william-mary,2021-22
6,44,6,2021-11-29,William & Mary,,Hampton,REG (Non-Conf),W 58-41,,8,1,2,.500,0,0,,1,2,.500,.500,0,0,,1,0,1,1,0,0,2,2,2,-0.4,Chaniqwa Gilliam,https://www.sports-reference.com/cbb/players/chaniqwa-gilliam-1.html,william-mary,2021-22
