ranker,player_game_num_career,team_game_num_season,date,team_name_abbr,game_location,opp_name_abbr,game_type,game_result,is_starter,mp,fg,fga,fg_pct,fg3,fg3a,fg2,fg2a,fg2_pct,efg_pct,ft,fta,ft_pct,orb,drb,trb,ast,stl,blk,tov,pf,pts,game_score,player_name,player_sr_link,school,season
1,6,1,2021-11-11,William & Mary,@,Coppin State,REG (Non-Conf),L 56-73,,8,0,1,.000,0,0,0,1,.000,.000,0,0,,0,3,3,1,1,0,2,1,0,-0.5,Kayla Beckwith,https://www.sports-reference.com/cbb/players/kayla-beckwith-1.html,william-mary,2021-22
2,7,2,2021-11-14,William & Mary,,Randolph,REG (Non-Conf),W 83-31,,11,3,4,.750,0,0,3,4,.750,.750,0,0,,1,3,4,1,2,1,0,2,6,8.6,Kayla Beckwith,https://www.sports-reference.com/cbb/players/kayla-beckwith-1.html,william-mary,2021-22
3,8,3,2021-11-16,William & Mary,@,Navy,REG (Non-Conf),L 54-66,,9,1,5,.200,0,0,1,5,.200,.200,0,0,,5,0,5,1,0,0,1,4,2,0.5,Kayla Beckwith,https://www.sports-reference.com/cbb/players/kayla-beckwith-1.html,william-mary,2021-22
4,9,4,2021-11-19,William & Mary,,George Mason,REG (Non-Conf),W 65-54 (OT),,9,1,4,.250,0,0,1,4,.250,.250,0,0,,2,2,4,0,0,0,2,1,2,-0.8,Kayla Beckwith,https://www.sports-reference.com/cbb/players/kayla-beckwith-1.html,william-mary,2021-22
5,10,5,2021-11-23,William & Mary,@,Maryland Eastern Shore,REG (Non-Conf),W 65-58,,2,0,0,,0,0,0,0,,,0,0,,0,0,0,0,0,0,1,1,0,-1.4,Kayla Beckwith,https://www.sports-reference.com/cbb/players/kayla-beckwith-1.html,william-mary,2021-22
6,11,6,2021-11-29,William & Mary,,Hampton,REG (Non-Conf),W 58-41,,11,1,2,.500,0,0,1,2,.500,.500,0,0,,0,2,2,0,1,0,0,1,2,2.2,Kayla Beckwith,https://www.sports-reference.com/cbb/players/kayla-beckwith-1.html,william-mary,2021-22
7,12,7,2021-12-02,William & Mary,@,Virginia,REG (Non-Conf),L 44-60,,13,0,0,,0,0,0,0,,,0,0,,0,3,3,0,0,1,1,3,0,-0.6,Kayla Beckwith,https://www.sports-reference.com/cbb/players/kayla-beckwith-1.html,william-mary,2021-22
8,13,8,2021-12-05,William & Mary,,Old Dominion,REG (Non-Conf),L 55-68,,6,2,2,1.000,0,0,2,2,1.000,1.000,0,0,,0,0,0,0,0,0,1,0,4,2.4,Kayla Beckwith,https://www.sports-reference.com/cbb/players/kayla-beckwith-1.html,william-mary,2021-22
9,14,9,2021-12-08,William & Mary,@,Hampton,REG (Non-Conf),L 40-57,,9,0,1,.000,0,0,0,1,.000,.000,0,0,,1,1,2,0,0,0,0,2,0,-0.5,Kayla Beckwith,https://www.sports-reference.com/cbb/players/kayla-beckwith-1.html,william-mary,2021-22
10,15,10,2021-12-12,William & Mary,@,Richmond,REG (Non-Conf),L 52-90,,11,0,2,.000,0,0,0,2,.000,.000,0,2,.000,2,0,2,1,1,0,2,3,0,-2.3,Kayla Beckwith,https://www.sports-reference.com/cbb/players/kayla-beckwith-1.html,william-mary,2021-22
11,16,11,2021-12-19,William & Mary,,Norfolk State,REG (Non-Conf),W 55-50,,9,0,0,,0,0,0,0,,,0,0,,0,2,2,0,0,1,1,1,0,-0.1,Kayla Beckwith,https://www.sports-reference.com/cbb/players/kayla-beckwith-1.html,william-mary,2021-22
12,17,14,2022-01-16,William & Mary,,College of Charleston,REG (Conf),L 71-87,,5,1,1,1.000,0,0,1,1,1.000,1.000,0,0,,0,0,0,0,1,0,0,0,2,2.7,Kayla Beckwith,https://www.sports-reference.com/cbb/players/kayla-beckwith-1.html,william-mary,2021-22
13,18,15,2022-01-21,William & Mary,@,Hofstra,REG (Conf),W 56-48,,23,1,2,.500,0,0,1,2,.500,.500,1,4,.250,2,3,5,0,0,1,1,5,3,0.8,Kayla Beckwith,https://www.sports-reference.com/cbb/players/kayla-beckwith-1.html,william-mary,2021-22
14,19,16,2022-01-23,William & Mary,@,Northeastern,REG (Conf),L 57-67,,13,2,2,1.000,0,0,2,2,1.000,1.000,0,0,,0,2,2,1,1,0,2,2,4,2.9,Kayla Beckwith,https://www.sports-reference.com/cbb/players/kayla-beckwith-1.html,william-mary,2021-22
15,20,17,2022-01-28,William & Mary,,Delaware,REG (Conf),L 56-70,,15,1,1,1.000,0,0,1,1,1.000,1.000,0,0,,4,0,4,1,0,0,1,2,2,3.4,Kayla Beckwith,https://www.sports-reference.com/cbb/players/kayla-beckwith-1.html,william-mary,2021-22
16,21,18,2022-01-30,William & Mary,,Drexel,REG (Conf),L 67-75 (2OT),,26,1,3,.333,0,0,1,3,.333,.333,0,0,,1,1,2,1,0,2,0,5,2,1.4,Kayla Beckwith,https://www.sports-reference.com/cbb/players/kayla-beckwith-1.html,william-mary,2021-22
17,22,19,2022-02-04,William & Mary,,Towson,REG (Conf),L 60-76,,21,1,2,.500,0,0,1,2,.500,.500,0,0,,1,6,7,1,0,1,1,2,2,3.1,Kayla Beckwith,https://www.sports-reference.com/cbb/players/kayla-beckwith-1.html,william-mary,2021-22
18,23,20,2022-02-06,William & Mary,,James Madison,REG (Conf),L 58-64,,22,2,2,1.000,0,0,2,2,1.000,1.000,0,0,,2,4,6,3,1,0,3,4,4,4.5,Kayla Beckwith,https://www.sports-reference.com/cbb/players/kayla-beckwith-1.html,william-mary,2021-22
19,24,21,2022-02-11,William & Mary,@,College of Charleston,REG (Conf),L 59-61,,17,1,2,.500,0,0,1,2,.500,.500,0,0,,1,4,5,1,0,1,2,4,2,0.7,Kayla Beckwith,https://www.sports-reference.com/cbb/players/kayla-beckwith-1.html,william-mary,2021-22
20,25,22,2022-02-13,William & Mary,@,UNC Wilmington,REG (Conf),W 65-63,,21,4,5,.800,0,0,4,5,.800,.800,0,0,,0,4,4,0,0,1,2,2,8,5.2,Kayla Beckwith,https://www.sports-reference.com/cbb/players/kayla-beckwith-1.html,william-mary,2021-22
21,26,23,2022-02-16,William & Mary,,UNC Wilmington,REG (Conf),W 69-59,,18,4,4,1.000,0,0,4,4,1.000,1.000,2,3,.667,1,1,2,1,1,1,1,4,10,9.2,Kayla Beckwith,https://www.sports-reference.com/cbb/players/kayla-beckwith-1.html,william-mary,2021-22
22,27,24,2022-02-18,William & Mary,,Northeastern,REG (Conf),W 83-65,,25,6,7,.857,0,0,6,7,.857,.857,3,4,.750,2,6,8,2,0,0,2,4,15,13.1,Kayla Beckwith,https://www.sports-reference.com/cbb/players/kayla-beckwith-1.html,william-mary,2021-22
23,28,25,2022-02-20,William & Mary,,Hofstra,REG (Conf),W 61-48,,30,1,2,.500,0,0,1,2,.500,.500,3,4,.750,2,5,7,4,0,3,2,2,5,8.6,Kayla Beckwith,https://www.sports-reference.com/cbb/players/kayla-beckwith-1.html,william-mary,2021-22
24,29,26,2022-02-25,William & Mary,@,Drexel,REG (Conf),L 43-63,,21,2,3,.667,0,0,2,3,.667,.667,0,0,,3,3,6,0,0,0,1,1,4,4.3,Kayla Beckwith,https://www.sports-reference.com/cbb/players/kayla-beckwith-1.html,william-mary,2021-22
25,30,27,2022-02-27,William & Mary,@,Delaware,REG (Conf),L 45-67,,21,2,5,.400,0,0,2,5,.400,.400,1,2,.500,1,4,5,0,0,0,4,3,5,-1.4,Kayla Beckwith,https://www.sports-reference.com/cbb/players/kayla-beckwith-1.html,william-mary,2021-22
26,31,28,2022-03-03,William & Mary,@,Elon,REG (Conf),L 61-85,,20,2,4,.500,0,0,2,4,.500,.500,0,1,.000,0,0,0,2,1,0,3,5,4,-1.0,Kayla Beckwith,https://www.sports-reference.com/cbb/players/kayla-beckwith-1.html,william-mary,2021-22
27,32,29,2022-03-05,William & Mary,,Elon,REG (Conf),L 45-49,,34,2,4,.500,0,0,2,4,.500,.500,1,2,.500,1,1,2,0,2,0,4,4,5,0.0,Kayla Beckwith,https://www.sports-reference.com/cbb/players/kayla-beckwith-1.html,william-mary,2021-22
28,33,30,2022-03-11,William & Mary,@,Delaware,CTOURN,L 35-61,,25,3,6,.500,0,0,3,6,.500,.500,0,0,,0,6,6,0,2,1,1,4,6,4.9,Kayla Beckwith,https://www.sports-reference.com/cbb/players/kayla-beckwith-1.html,william-mary,2021-22
