ranker,player_game_num_career,team_game_num_season,date,team_name_abbr,game_location,opp_name_abbr,game_type,game_result,is_starter,mp,fg,fga,fg_pct,fg3,fg3a,fg3_pct,fg2,fg2a,fg2_pct,efg_pct,ft,fta,ft_pct,orb,drb,trb,ast,stl,blk,tov,pf,pts,game_score,player_name,player_sr_link,school,season
1,1,1,2018-11-09,Fairfield,@,Richmond,REG (Non-Conf),W 58-40,,19,1,5,.200,0,0,,1,5,.200,.200,0,0,,2,3,5,1,0,1,2,1,2,0.2,Andrea Hernangomez,https://www.sports-reference.com/cbb/players/andrea-hernangomez-1.html,fairfield,2018-19
2,2,2,2018-11-13,Fairfield,,LIU Brooklyn,REG (Non-Conf),W 71-43,,10,2,3,.667,0,0,,2,3,.667,.667,2,2,1.000,1,1,2,2,0,1,0,0,6,7.8,Andrea Hernangomez,https://www.sports-reference.com/cbb/players/andrea-hernangomez-1.html,fairfield,2018-19
3,3,3,2018-11-17,Fairfield,@,Xavier,REG (Non-Conf),L 35-48,,19,2,6,.333,0,0,,2,6,.333,.333,0,0,,2,3,5,1,0,0,0,1,4,3.2,Andrea Hernangomez,https://www.sports-reference.com/cbb/players/andrea-hernangomez-1.html,fairfield,2018-19
4,4,4,2018-11-23,Fairfield,@,Brown,REG (Non-Conf),L 49-68,,21,3,7,.429,2,3,.667,1,4,.250,.571,0,0,,3,3,6,0,0,1,1,2,8,6.2,Andrea Hernangomez,https://www.sports-reference.com/cbb/players/andrea-hernangomez-1.html,fairfield,2018-19
5,5,5,2018-11-24,Fairfield,,Bucknell,REG (Non-Conf),L 54-77,,21,1,3,.333,0,0,,1,3,.333,.333,1,2,.500,1,3,4,0,0,1,1,0,3,2.2,Andrea Hernangomez,https://www.sports-reference.com/cbb/players/andrea-hernangomez-1.html,fairfield,2018-19
6,6,6,2018-11-25,Fairfield,@,Massachusetts,REG (Non-Conf),L 49-59,,12,1,2,.500,1,1,1.000,0,1,.000,.750,0,0,,1,5,6,0,2,1,1,0,3,5.9,Andrea Hernangomez,https://www.sports-reference.com/cbb/players/andrea-hernangomez-1.html,fairfield,2018-19
7,7,7,2018-12-02,Fairfield,,William & Mary,REG (Non-Conf),L 54-60,,10,0,1,.000,0,0,,0,1,.000,.000,0,0,,0,1,1,0,0,0,1,2,0,-2.2,Andrea Hernangomez,https://www.sports-reference.com/cbb/players/andrea-hernangomez-1.html,fairfield,2018-19
8,8,8,2018-12-05,Fairfield,,Northeastern,REG (Non-Conf),L 50-59,,16,1,3,.333,0,0,,1,3,.333,.333,0,0,,0,1,1,0,1,0,2,3,2,-1.6,Andrea Hernangomez,https://www.sports-reference.com/cbb/players/andrea-hernangomez-1.html,fairfield,2018-19
9,9,9,2018-12-09,Fairfield,@,Dartmouth,REG (Non-Conf),L 46-59,,14,1,1,1.000,0,0,,1,1,1.000,1.000,0,0,,0,1,1,1,0,0,2,1,2,0.3,Andrea Hernangomez,https://www.sports-reference.com/cbb/players/andrea-hernangomez-1.html,fairfield,2018-19
10,10,10,2018-12-20,Fairfield,@,Furman,REG (Non-Conf),L 70-77 (OT),,10,1,3,.333,0,0,,1,3,.333,.333,0,0,,2,1,3,1,0,0,1,0,2,1.7,Andrea Hernangomez,https://www.sports-reference.com/cbb/players/andrea-hernangomez-1.html,fairfield,2018-19
11,11,11,2018-12-21,Fairfield,,Illinois–Chicago,REG (Non-Conf),W 68-60,,10,1,2,.500,0,1,.000,1,1,1.000,.500,0,0,,1,0,1,1,0,0,0,2,2,1.6,Andrea Hernangomez,https://www.sports-reference.com/cbb/players/andrea-hernangomez-1.html,fairfield,2018-19
12,12,12,2019-01-03,Fairfield,@,Quinnipiac,REG (Conf),L 36-81,,18,3,5,.600,0,1,.000,3,4,.750,.600,0,0,,1,0,1,0,0,1,2,0,6,3.1,Andrea Hernangomez,https://www.sports-reference.com/cbb/players/andrea-hernangomez-1.html,fairfield,2018-19
13,13,13,2019-01-06,Fairfield,@,Rider,REG (Conf),L 59-62,,0,0,0,,0,0,,0,0,,,0,0,,0,0,0,0,0,0,0,0,0,0.0,Andrea Hernangomez,https://www.sports-reference.com/cbb/players/andrea-hernangomez-1.html,fairfield,2018-19
14,14,14,2019-01-12,Fairfield,,Marist,REG (Conf),L 46-56,,16,2,5,.400,1,1,1.000,1,4,.250,.500,0,0,,2,3,5,0,1,0,3,2,5,1.8,Andrea Hernangomez,https://www.sports-reference.com/cbb/players/andrea-hernangomez-1.html,fairfield,2018-19
15,15,15,2019-01-15,Fairfield,,Saint Peter's,REG (Conf),L 65-68,,7,0,1,.000,0,0,,0,1,.000,.000,2,2,1.000,2,2,4,1,1,0,1,3,2,2.8,Andrea Hernangomez,https://www.sports-reference.com/cbb/players/andrea-hernangomez-1.html,fairfield,2018-19
16,16,16,2019-01-18,Fairfield,@,Canisius,REG (Conf),L 50-53,,16,2,3,.667,0,1,.000,2,2,1.000,.667,0,0,,1,1,2,0,1,0,1,1,4,3.3,Andrea Hernangomez,https://www.sports-reference.com/cbb/players/andrea-hernangomez-1.html,fairfield,2018-19
17,17,17,2019-01-20,Fairfield,@,Niagara,REG (Conf),L 68-71 (OT),,5,1,2,.500,0,0,,1,2,.500,.500,0,0,,0,1,1,0,0,0,0,2,2,0.5,Andrea Hernangomez,https://www.sports-reference.com/cbb/players/andrea-hernangomez-1.html,fairfield,2018-19
18,18,18,2019-01-24,Fairfield,@,Iona,REG (Conf),W 55-42,,13,2,4,.500,0,1,.000,2,3,.667,.500,0,0,,0,2,2,1,1,0,0,4,4,2.7,Andrea Hernangomez,https://www.sports-reference.com/cbb/players/andrea-hernangomez-1.html,fairfield,2018-19
19,19,19,2019-01-29,Fairfield,,Siena,REG (Conf),W 59-55,,6,2,3,.667,0,0,,2,3,.667,.667,0,0,,0,1,1,0,0,0,1,2,4,1.2,Andrea Hernangomez,https://www.sports-reference.com/cbb/players/andrea-hernangomez-1.html,fairfield,2018-19
20,20,20,2019-02-01,Fairfield,@,Manhattan,REG (Conf),L 41-47,,5,0,1,.000,0,0,,0,1,.000,.000,0,0,,0,1,1,1,0,1,2,1,0,-1.4,Andrea Hernangomez,https://www.sports-reference.com/cbb/players/andrea-hernangomez-1.html,fairfield,2018-19
21,21,21,2019-02-03,Fairfield,,Monmouth,REG (Conf),L 63-73,,8,1,2,.500,0,0,,1,2,.500,.500,1,1,1.000,1,2,3,0,0,0,1,3,3,1.1,Andrea Hernangomez,https://www.sports-reference.com/cbb/players/andrea-hernangomez-1.html,fairfield,2018-19
22,22,22,2019-02-07,Fairfield,,Canisius,REG (Conf),W 72-65,,23,2,8,.250,0,2,.000,2,6,.333,.250,0,2,.000,1,5,6,2,2,0,0,3,4,2.8,Andrea Hernangomez,https://www.sports-reference.com/cbb/players/andrea-hernangomez-1.html,fairfield,2018-19
23,23,23,2019-02-09,Fairfield,,Niagara,REG (Conf),W 55-54,,9,2,3,.667,0,0,,2,3,.667,.667,0,0,,0,1,1,0,2,0,1,1,4,3.6,Andrea Hernangomez,https://www.sports-reference.com/cbb/players/andrea-hernangomez-1.html,fairfield,2018-19
24,24,24,2019-02-14,Fairfield,@,Siena,REG (Conf),W 66-40,,9,0,5,.000,0,0,,0,5,.000,.000,0,0,,0,0,0,0,0,0,1,4,0,-6.1,Andrea Hernangomez,https://www.sports-reference.com/cbb/players/andrea-hernangomez-1.html,fairfield,2018-19
25,25,25,2019-02-17,Fairfield,,Quinnipiac,REG (Conf),L 40-48,,6,0,1,.000,0,0,,0,1,.000,.000,0,0,,0,2,2,0,1,0,0,3,0,-0.3,Andrea Hernangomez,https://www.sports-reference.com/cbb/players/andrea-hernangomez-1.html,fairfield,2018-19
26,26,26,2019-02-19,Fairfield,@,Marist,REG (Conf),L 44-85,,9,0,1,.000,0,0,,0,1,.000,.000,1,6,.167,2,0,2,0,0,0,0,1,1,-0.7,Andrea Hernangomez,https://www.sports-reference.com/cbb/players/andrea-hernangomez-1.html,fairfield,2018-19
27,27,27,2019-02-22,Fairfield,@,Saint Peter's,REG (Conf),W 69-61,,3,0,1,.000,0,0,,0,1,.000,.000,0,0,,0,0,0,0,0,0,0,1,0,-1.1,Andrea Hernangomez,https://www.sports-reference.com/cbb/players/andrea-hernangomez-1.html,fairfield,2018-19
28,28,28,2019-02-24,Fairfield,,Iona,REG (Conf),W 67-56,,6,1,2,.500,0,0,,1,2,.500,.500,1,2,.500,3,1,4,0,0,0,1,1,3,2.6,Andrea Hernangomez,https://www.sports-reference.com/cbb/players/andrea-hernangomez-1.html,fairfield,2018-19
29,29,29,2019-03-02,Fairfield,,Rider,REG (Conf),L 53-60,,13,2,5,.400,0,1,.000,2,4,.500,.400,0,0,,1,1,2,0,0,0,0,0,4,2.3,Andrea Hernangomez,https://www.sports-reference.com/cbb/players/andrea-hernangomez-1.html,fairfield,2018-19
30,30,30,2019-03-07,Fairfield,@,Niagara,CTOURN,W 74-69,,13,0,1,.000,0,0,,0,1,.000,.000,0,0,,0,4,4,1,0,0,4,1,0,-3.2,Andrea Hernangomez,https://www.sports-reference.com/cbb/players/andrea-hernangomez-1.html,fairfield,2018-19
31,31,31,2019-03-08,Fairfield,@,Quinnipiac,CTOURN,L 48-63,,11,3,4,.750,1,1,1.000,2,3,.667,.875,0,0,,2,1,3,0,0,0,1,4,7,4.5,Andrea Hernangomez,https://www.sports-reference.com/cbb/players/andrea-hernangomez-1.html,fairfield,2018-19
