ranker,player_game_num_career,team_game_num_season,date,team_name_abbr,game_location,opp_name_abbr,game_type,game_result,is_starter,mp,fg,fga,fg_pct,fg3,fg3a,fg3_pct,fg2,fg2a,fg2_pct,efg_pct,ft,fta,ft_pct,orb,drb,trb,ast,stl,blk,tov,pf,pts,game_score,player_name,player_sr_link,school,season
1,92,1,2018-11-09,Fairfield,@,Richmond,REG (Non-Conf),W 58-40,*,34,3,7,.429,3,5,.600,0,2,.000,.643,0,0,,1,7,8,2,2,0,2,3,9,8.3,Casey Foley,https://www.sports-reference.com/cbb/players/casey-foley-1.html,fairfield,2018-19
2,93,2,2018-11-13,Fairfield,,LIU Brooklyn,REG (Non-Conf),W 71-43,*,26,2,5,.400,1,3,.333,1,2,.500,.500,0,0,,1,5,6,2,3,0,1,3,5,6.7,Casey Foley,https://www.sports-reference.com/cbb/players/casey-foley-1.html,fairfield,2018-19
3,94,3,2018-11-17,Fairfield,@,Xavier,REG (Non-Conf),L 35-48,*,39,4,8,.500,1,4,.250,3,4,.750,.563,2,2,1.000,1,3,4,3,4,0,5,2,11,8.9,Casey Foley,https://www.sports-reference.com/cbb/players/casey-foley-1.html,fairfield,2018-19
4,95,4,2018-11-23,Fairfield,@,Brown,REG (Non-Conf),L 49-68,*,38,2,9,.222,0,5,.000,2,4,.500,.222,0,2,.000,0,4,4,5,1,0,4,3,4,-1.8,Casey Foley,https://www.sports-reference.com/cbb/players/casey-foley-1.html,fairfield,2018-19
5,96,5,2018-11-24,Fairfield,,Bucknell,REG (Non-Conf),L 54-77,*,27,1,4,.250,1,3,.333,0,1,.000,.375,0,0,,1,3,4,2,1,0,3,3,3,0.4,Casey Foley,https://www.sports-reference.com/cbb/players/casey-foley-1.html,fairfield,2018-19
6,97,6,2018-11-25,Fairfield,@,Massachusetts,REG (Non-Conf),L 49-59,*,32,3,11,.273,1,7,.143,2,4,.500,.318,0,1,.000,2,5,7,2,3,0,1,5,7,4.4,Casey Foley,https://www.sports-reference.com/cbb/players/casey-foley-1.html,fairfield,2018-19
7,98,7,2018-12-02,Fairfield,,William & Mary,REG (Non-Conf),L 54-60,*,34,5,9,.556,1,3,.333,4,6,.667,.611,0,0,,2,5,7,4,2,0,7,5,11,5.4,Casey Foley,https://www.sports-reference.com/cbb/players/casey-foley-1.html,fairfield,2018-19
8,99,8,2018-12-05,Fairfield,,Northeastern,REG (Non-Conf),L 50-59,*,37,5,10,.500,2,5,.400,3,5,.600,.600,1,2,.500,0,5,5,2,2,0,2,5,13,8.5,Casey Foley,https://www.sports-reference.com/cbb/players/casey-foley-1.html,fairfield,2018-19
9,100,9,2018-12-09,Fairfield,@,Dartmouth,REG (Non-Conf),L 46-59,*,37,4,9,.444,2,6,.333,2,3,.667,.556,0,0,,1,3,4,7,2,0,3,2,10,10.0,Casey Foley,https://www.sports-reference.com/cbb/players/casey-foley-1.html,fairfield,2018-19
10,101,10,2018-12-20,Fairfield,@,Furman,REG (Non-Conf),L 70-77 (OT),*,34,4,4,1.000,3,3,1.000,1,1,1.000,1.375,2,2,1.000,1,4,5,7,1,0,1,5,13,16.6,Casey Foley,https://www.sports-reference.com/cbb/players/casey-foley-1.html,fairfield,2018-19
11,102,11,2018-12-21,Fairfield,,Illinois–Chicago,REG (Non-Conf),W 68-60,*,36,6,11,.545,4,7,.571,2,4,.500,.727,2,2,1.000,0,3,3,4,1,0,2,4,18,13.8,Casey Foley,https://www.sports-reference.com/cbb/players/casey-foley-1.html,fairfield,2018-19
12,103,12,2019-01-03,Fairfield,@,Quinnipiac,REG (Conf),L 36-81,*,27,0,4,.000,0,3,.000,0,1,.000,.000,0,0,,1,1,2,3,1,0,6,4,0,-6.3,Casey Foley,https://www.sports-reference.com/cbb/players/casey-foley-1.html,fairfield,2018-19
13,104,13,2019-01-06,Fairfield,@,Rider,REG (Conf),L 59-62,*,40,4,10,.400,2,2,1.000,2,8,.250,.500,4,4,1.000,0,5,5,5,3,0,3,3,14,12.4,Casey Foley,https://www.sports-reference.com/cbb/players/casey-foley-1.html,fairfield,2018-19
14,105,14,2019-01-12,Fairfield,,Marist,REG (Conf),L 46-56,*,40,3,9,.333,2,6,.333,1,3,.333,.444,0,0,,3,2,5,3,1,0,3,1,8,5.3,Casey Foley,https://www.sports-reference.com/cbb/players/casey-foley-1.html,fairfield,2018-19
15,106,15,2019-01-15,Fairfield,,Saint Peter's,REG (Conf),L 65-68,*,17,2,5,.400,2,5,.400,0,0,,.600,0,0,,1,0,1,2,0,0,3,5,6,0.4,Casey Foley,https://www.sports-reference.com/cbb/players/casey-foley-1.html,fairfield,2018-19
16,107,16,2019-01-18,Fairfield,@,Canisius,REG (Conf),L 50-53,*,40,6,19,.316,4,15,.267,2,4,.500,.421,0,0,,0,2,2,4,3,1,0,0,16,12.2,Casey Foley,https://www.sports-reference.com/cbb/players/casey-foley-1.html,fairfield,2018-19
17,108,17,2019-01-20,Fairfield,@,Niagara,REG (Conf),L 68-71 (OT),*,43,5,10,.500,2,6,.333,3,4,.750,.600,2,2,1.000,2,1,3,6,2,0,3,4,14,12.3,Casey Foley,https://www.sports-reference.com/cbb/players/casey-foley-1.html,fairfield,2018-19
18,109,18,2019-01-24,Fairfield,@,Iona,REG (Conf),W 55-42,*,40,1,3,.333,0,0,,1,3,.333,.333,3,5,.600,1,1,2,3,2,0,1,2,5,5.8,Casey Foley,https://www.sports-reference.com/cbb/players/casey-foley-1.html,fairfield,2018-19
19,110,19,2019-01-29,Fairfield,,Siena,REG (Conf),W 59-55,*,36,1,5,.200,0,2,.000,1,3,.333,.200,4,6,.667,3,6,9,6,1,0,4,3,6,6.0,Casey Foley,https://www.sports-reference.com/cbb/players/casey-foley-1.html,fairfield,2018-19
20,111,20,2019-02-01,Fairfield,@,Manhattan,REG (Conf),L 41-47,*,32,3,11,.273,2,6,.333,1,5,.200,.364,0,0,,1,0,1,5,5,0,4,4,8,5.1,Casey Foley,https://www.sports-reference.com/cbb/players/casey-foley-1.html,fairfield,2018-19
21,112,21,2019-02-03,Fairfield,,Monmouth,REG (Conf),L 63-73,*,37,7,16,.438,5,12,.417,2,4,.500,.594,0,0,,0,6,6,3,5,0,4,4,19,13.9,Casey Foley,https://www.sports-reference.com/cbb/players/casey-foley-1.html,fairfield,2018-19
22,113,22,2019-02-07,Fairfield,,Canisius,REG (Conf),W 72-65,*,36,5,13,.385,4,9,.444,1,4,.250,.538,0,0,,2,0,2,4,5,0,1,3,14,13.9,Casey Foley,https://www.sports-reference.com/cbb/players/casey-foley-1.html,fairfield,2018-19
23,114,23,2019-02-09,Fairfield,,Niagara,REG (Conf),W 55-54,*,30,4,12,.333,3,7,.429,1,5,.200,.458,0,0,,0,2,2,6,1,0,3,4,11,5.4,Casey Foley,https://www.sports-reference.com/cbb/players/casey-foley-1.html,fairfield,2018-19
24,115,24,2019-02-14,Fairfield,@,Siena,REG (Conf),W 66-40,*,37,3,7,.429,2,5,.400,1,2,.500,.571,0,0,,1,3,4,8,3,0,2,2,8,11.7,Casey Foley,https://www.sports-reference.com/cbb/players/casey-foley-1.html,fairfield,2018-19
25,116,25,2019-02-17,Fairfield,,Quinnipiac,REG (Conf),L 40-48,*,39,6,11,.545,1,4,.250,5,7,.714,.591,0,1,.000,0,5,5,0,2,1,6,4,13,3.9,Casey Foley,https://www.sports-reference.com/cbb/players/casey-foley-1.html,fairfield,2018-19
26,117,26,2019-02-19,Fairfield,@,Marist,REG (Conf),L 44-85,*,31,3,11,.273,2,9,.222,1,2,.500,.364,0,0,,0,4,4,2,1,0,2,2,8,2.3,Casey Foley,https://www.sports-reference.com/cbb/players/casey-foley-1.html,fairfield,2018-19
27,118,27,2019-02-22,Fairfield,@,Saint Peter's,REG (Conf),W 69-61,*,40,4,14,.286,4,11,.364,0,3,.000,.429,1,2,.500,3,2,5,4,2,0,0,4,13,10.3,Casey Foley,https://www.sports-reference.com/cbb/players/casey-foley-1.html,fairfield,2018-19
28,119,28,2019-02-24,Fairfield,,Iona,REG (Conf),W 67-56,*,40,5,10,.500,3,6,.500,2,4,.500,.650,3,3,1.000,2,5,7,6,3,1,2,2,16,19.0,Casey Foley,https://www.sports-reference.com/cbb/players/casey-foley-1.html,fairfield,2018-19
29,120,29,2019-03-02,Fairfield,,Rider,REG (Conf),L 53-60,*,37,3,13,.231,2,10,.200,1,3,.333,.308,1,2,.500,0,6,6,5,3,0,1,4,9,6.4,Casey Foley,https://www.sports-reference.com/cbb/players/casey-foley-1.html,fairfield,2018-19
30,121,30,2019-03-07,Fairfield,@,Niagara,CTOURN,W 74-69,*,33,6,10,.600,5,8,.625,1,2,.500,.850,0,0,,0,8,8,8,1,0,5,4,17,14.8,Casey Foley,https://www.sports-reference.com/cbb/players/casey-foley-1.html,fairfield,2018-19
31,122,31,2019-03-08,Fairfield,@,Quinnipiac,CTOURN,L 48-63,*,33,5,11,.455,5,8,.625,0,3,.000,.682,3,4,.750,0,2,2,2,2,0,3,4,18,11.3,Casey Foley,https://www.sports-reference.com/cbb/players/casey-foley-1.html,fairfield,2018-19
