ranker,player_game_num_career,team_game_num_season,date,team_name_abbr,game_location,opp_name_abbr,game_type,game_result,is_starter,mp,fg,fga,fg_pct,fg3,fg3a,fg3_pct,fg2,fg2a,fg2_pct,efg_pct,ft,fta,ft_pct,orb,drb,trb,ast,stl,blk,tov,pf,pts,game_score,player_name,player_sr_link,school,season
1,22,1,2018-11-09,Fairfield,@,Richmond,REG (Non-Conf),W 58-40,,8,0,3,.000,0,3,.000,0,0,,.000,0,0,,0,2,2,0,0,0,0,0,0,-1.5,Eden Nibbelink,https://www.sports-reference.com/cbb/players/eden-nibbelink-1.html,fairfield,2018-19
2,23,2,2018-11-13,Fairfield,,LIU Brooklyn,REG (Non-Conf),W 71-43,,19,2,6,.333,2,6,.333,0,0,,.500,0,0,,1,6,7,2,2,2,0,3,6,8.7,Eden Nibbelink,https://www.sports-reference.com/cbb/players/eden-nibbelink-1.html,fairfield,2018-19
3,24,3,2018-11-17,Fairfield,@,Xavier,REG (Non-Conf),L 35-48,,18,0,5,.000,0,4,.000,0,1,.000,.000,0,0,,0,3,3,0,0,0,0,0,0,-2.6,Eden Nibbelink,https://www.sports-reference.com/cbb/players/eden-nibbelink-1.html,fairfield,2018-19
4,25,4,2018-11-23,Fairfield,@,Brown,REG (Non-Conf),L 49-68,,9,0,2,.000,0,2,.000,0,0,,.000,0,0,,0,1,1,0,0,0,0,0,0,-1.1,Eden Nibbelink,https://www.sports-reference.com/cbb/players/eden-nibbelink-1.html,fairfield,2018-19
5,26,5,2018-11-24,Fairfield,,Bucknell,REG (Non-Conf),L 54-77,,3,0,0,,0,0,,0,0,,,0,0,,0,0,0,0,0,0,1,1,0,-1.4,Eden Nibbelink,https://www.sports-reference.com/cbb/players/eden-nibbelink-1.html,fairfield,2018-19
6,27,6,2018-11-25,Fairfield,@,Massachusetts,REG (Non-Conf),L 49-59,,0,0,0,,0,0,,0,0,,,0,0,,0,0,0,0,0,0,0,0,0,0.0,Eden Nibbelink,https://www.sports-reference.com/cbb/players/eden-nibbelink-1.html,fairfield,2018-19
7,28,7,2018-12-02,Fairfield,,William & Mary,REG (Non-Conf),L 54-60,,17,0,1,.000,0,1,.000,0,0,,.000,0,0,,1,3,4,2,1,0,0,2,0,2.5,Eden Nibbelink,https://www.sports-reference.com/cbb/players/eden-nibbelink-1.html,fairfield,2018-19
8,29,8,2018-12-05,Fairfield,,Northeastern,REG (Non-Conf),L 50-59,,1,0,0,,0,0,,0,0,,,0,0,,0,0,0,0,0,0,0,0,0,0.0,Eden Nibbelink,https://www.sports-reference.com/cbb/players/eden-nibbelink-1.html,fairfield,2018-19
9,30,9,2018-12-09,Fairfield,@,Dartmouth,REG (Non-Conf),L 46-59,,21,4,7,.571,3,6,.500,1,1,1.000,.786,0,0,,1,4,5,0,1,0,2,3,11,7.4,Eden Nibbelink,https://www.sports-reference.com/cbb/players/eden-nibbelink-1.html,fairfield,2018-19
10,31,10,2018-12-20,Fairfield,@,Furman,REG (Non-Conf),L 70-77 (OT),,15,0,4,.000,0,4,.000,0,0,,.000,2,3,.667,0,2,2,0,0,1,1,4,2,-2.5,Eden Nibbelink,https://www.sports-reference.com/cbb/players/eden-nibbelink-1.html,fairfield,2018-19
11,32,11,2018-12-21,Fairfield,,Illinois–Chicago,REG (Non-Conf),W 68-60,,5,0,0,,0,0,,0,0,,,0,0,,1,0,1,1,0,0,0,1,0,1.0,Eden Nibbelink,https://www.sports-reference.com/cbb/players/eden-nibbelink-1.html,fairfield,2018-19
12,33,12,2019-01-03,Fairfield,@,Quinnipiac,REG (Conf),L 36-81,,18,1,6,.167,1,5,.200,0,1,.000,.250,0,0,,2,0,2,1,0,0,2,1,3,-1.1,Eden Nibbelink,https://www.sports-reference.com/cbb/players/eden-nibbelink-1.html,fairfield,2018-19
13,34,13,2019-01-06,Fairfield,@,Rider,REG (Conf),L 59-62,,5,0,0,,0,0,,0,0,,,0,0,,0,1,1,0,0,1,0,0,0,1.0,Eden Nibbelink,https://www.sports-reference.com/cbb/players/eden-nibbelink-1.html,fairfield,2018-19
14,35,14,2019-01-12,Fairfield,,Marist,REG (Conf),L 46-56,,5,0,3,.000,0,2,.000,0,1,.000,.000,0,0,,0,2,2,0,0,0,0,0,0,-1.5,Eden Nibbelink,https://www.sports-reference.com/cbb/players/eden-nibbelink-1.html,fairfield,2018-19
15,36,15,2019-01-15,Fairfield,,Saint Peter's,REG (Conf),L 65-68,,9,3,7,.429,3,7,.429,0,0,,.643,0,0,,0,0,0,0,1,0,3,2,9,2.5,Eden Nibbelink,https://www.sports-reference.com/cbb/players/eden-nibbelink-1.html,fairfield,2018-19
16,37,16,2019-01-18,Fairfield,@,Canisius,REG (Conf),L 50-53,,7,1,5,.200,1,5,.200,0,0,,.300,0,0,,0,0,0,0,1,0,0,1,3,0.5,Eden Nibbelink,https://www.sports-reference.com/cbb/players/eden-nibbelink-1.html,fairfield,2018-19
17,38,18,2019-01-24,Fairfield,@,Iona,REG (Conf),W 55-42,,18,1,3,.333,1,3,.333,0,0,,.500,3,4,.750,0,4,4,0,0,0,1,3,6,2.9,Eden Nibbelink,https://www.sports-reference.com/cbb/players/eden-nibbelink-1.html,fairfield,2018-19
18,39,19,2019-01-29,Fairfield,,Siena,REG (Conf),W 59-55,,1,0,0,,0,0,,0,0,,,0,0,,0,0,0,0,0,0,1,0,0,-1.0,Eden Nibbelink,https://www.sports-reference.com/cbb/players/eden-nibbelink-1.html,fairfield,2018-19
19,40,20,2019-02-01,Fairfield,@,Manhattan,REG (Conf),L 41-47,,14,1,4,.250,1,4,.250,0,0,,.375,0,0,,0,0,0,0,0,0,0,0,3,0.6,Eden Nibbelink,https://www.sports-reference.com/cbb/players/eden-nibbelink-1.html,fairfield,2018-19
20,41,24,2019-02-14,Fairfield,@,Siena,REG (Conf),W 66-40,,3,0,1,.000,0,1,.000,0,0,,.000,0,0,,0,1,1,0,0,0,0,0,0,-0.4,Eden Nibbelink,https://www.sports-reference.com/cbb/players/eden-nibbelink-1.html,fairfield,2018-19
21,42,26,2019-02-19,Fairfield,@,Marist,REG (Conf),L 44-85,,15,1,4,.250,1,4,.250,0,0,,.375,0,0,,2,1,3,1,0,0,2,0,3,1.0,Eden Nibbelink,https://www.sports-reference.com/cbb/players/eden-nibbelink-1.html,fairfield,2018-19
22,43,27,2019-02-22,Fairfield,@,Saint Peter's,REG (Conf),W 69-61,,3,0,0,,0,0,,0,0,,,0,0,,0,0,0,0,0,0,0,0,0,0.0,Eden Nibbelink,https://www.sports-reference.com/cbb/players/eden-nibbelink-1.html,fairfield,2018-19
23,44,28,2019-02-24,Fairfield,,Iona,REG (Conf),W 67-56,,3,0,1,.000,0,1,.000,0,0,,.000,0,0,,1,0,1,0,0,0,0,2,0,-0.8,Eden Nibbelink,https://www.sports-reference.com/cbb/players/eden-nibbelink-1.html,fairfield,2018-19
24,45,31,2019-03-08,Fairfield,@,Quinnipiac,CTOURN,L 48-63,,1,0,0,,0,0,,0,0,,,0,0,,0,0,0,0,0,0,0,0,0,0.0,Eden Nibbelink,https://www.sports-reference.com/cbb/players/eden-nibbelink-1.html,fairfield,2018-19
