ranker,player_game_num_career,team_game_num_season,date,team_name_abbr,game_location,opp_name_abbr,game_type,game_result,is_starter,mp,fg,fga,fg_pct,fg3,fg3a,fg3_pct,fg2,fg2a,fg2_pct,efg_pct,ft,fta,ft_pct,orb,drb,trb,ast,stl,blk,tov,pf,pts,game_score,player_name,player_sr_link,school,season
1,88,1,2018-11-09,Fairfield,@,Richmond,REG (Non-Conf),W 58-40,,23,2,7,.286,0,2,.000,2,5,.400,.286,2,2,1.000,0,4,4,2,1,0,0,0,6,5.5,Kendra Landy,https://www.sports-reference.com/cbb/players/kendra-landy-1.html,fairfield,2018-19
2,89,2,2018-11-13,Fairfield,,LIU Brooklyn,REG (Non-Conf),W 71-43,,27,1,5,.200,0,2,.000,1,3,.333,.200,0,0,,1,3,4,5,0,1,1,1,2,3.3,Kendra Landy,https://www.sports-reference.com/cbb/players/kendra-landy-1.html,fairfield,2018-19
3,90,3,2018-11-17,Fairfield,@,Xavier,REG (Non-Conf),L 35-48,,32,0,4,.000,0,1,.000,0,3,.000,.000,2,2,1.000,0,3,3,4,5,1,2,1,2,6.2,Kendra Landy,https://www.sports-reference.com/cbb/players/kendra-landy-1.html,fairfield,2018-19
4,91,4,2018-11-23,Fairfield,@,Brown,REG (Non-Conf),L 49-68,,24,2,5,.400,0,1,.000,2,4,.500,.400,0,0,,0,0,0,3,0,0,4,3,4,-1.8,Kendra Landy,https://www.sports-reference.com/cbb/players/kendra-landy-1.html,fairfield,2018-19
5,92,5,2018-11-24,Fairfield,,Bucknell,REG (Non-Conf),L 54-77,*,34,2,3,.667,0,0,,2,3,.667,.667,2,2,1.000,0,1,1,6,1,0,2,1,6,7.8,Kendra Landy,https://www.sports-reference.com/cbb/players/kendra-landy-1.html,fairfield,2018-19
6,93,6,2018-11-25,Fairfield,@,Massachusetts,REG (Non-Conf),L 49-59,*,39,1,3,.333,1,3,.333,0,0,,.500,0,0,,0,2,2,4,2,2,6,3,3,0.9,Kendra Landy,https://www.sports-reference.com/cbb/players/kendra-landy-1.html,fairfield,2018-19
7,94,7,2018-12-02,Fairfield,,William & Mary,REG (Non-Conf),L 54-60,,10,2,3,.667,1,2,.500,1,1,1.000,.833,0,0,,0,3,3,1,0,0,2,2,5,2.5,Kendra Landy,https://www.sports-reference.com/cbb/players/kendra-landy-1.html,fairfield,2018-19
