ranker,player_game_num_career,team_game_num_season,date,team_name_abbr,game_location,opp_name_abbr,game_type,game_result,is_starter,mp,fg,fga,fg_pct,fg3,fg3a,fg3_pct,fg2,fg2a,fg2_pct,efg_pct,ft,fta,ft_pct,orb,drb,trb,ast,stl,blk,tov,pf,pts,game_score,player_name,player_sr_link,school,season
1,1,10,2018-12-20,Fairfield,@,Furman,REG (Non-Conf),L 70-77 (OT),*,12,0,1,.000,0,1,.000,0,0,,.000,0,0,,2,3,5,1,0,0,2,2,0,-0.5,Lou Lopez Senechal,https://www.sports-reference.com/cbb/players/lou-lopez-senechal-1.html,fairfield,2018-19
2,2,11,2018-12-21,Fairfield,,Illinois–Chicago,REG (Non-Conf),W 68-60,*,37,7,14,.500,0,4,.000,7,10,.700,.500,7,8,.875,1,4,5,2,0,1,3,3,21,13.4,Lou Lopez Senechal,https://www.sports-reference.com/cbb/players/lou-lopez-senechal-1.html,fairfield,2018-19
3,3,12,2019-01-03,Fairfield,@,Quinnipiac,REG (Conf),L 36-81,*,31,5,12,.417,1,4,.250,4,8,.500,.458,1,2,.500,3,3,6,1,0,0,3,2,12,5.1,Lou Lopez Senechal,https://www.sports-reference.com/cbb/players/lou-lopez-senechal-1.html,fairfield,2018-19
4,4,13,2019-01-06,Fairfield,@,Rider,REG (Conf),L 59-62,*,31,5,10,.500,3,3,1.000,2,7,.286,.650,2,2,1.000,1,2,3,3,1,1,3,2,15,11.3,Lou Lopez Senechal,https://www.sports-reference.com/cbb/players/lou-lopez-senechal-1.html,fairfield,2018-19
5,5,14,2019-01-12,Fairfield,,Marist,REG (Conf),L 46-56,*,27,1,9,.111,1,4,.250,0,5,.000,.167,5,5,1.000,0,3,3,1,2,0,5,3,8,-0.5,Lou Lopez Senechal,https://www.sports-reference.com/cbb/players/lou-lopez-senechal-1.html,fairfield,2018-19
6,6,15,2019-01-15,Fairfield,,Saint Peter's,REG (Conf),L 65-68,*,29,6,18,.333,2,8,.250,4,10,.400,.389,2,2,1.000,2,4,6,3,4,0,2,2,16,11.7,Lou Lopez Senechal,https://www.sports-reference.com/cbb/players/lou-lopez-senechal-1.html,fairfield,2018-19
7,7,16,2019-01-18,Fairfield,@,Canisius,REG (Conf),L 50-53,*,17,0,2,.000,0,1,.000,0,1,.000,.000,0,0,,0,1,1,0,0,1,0,2,0,-1.2,Lou Lopez Senechal,https://www.sports-reference.com/cbb/players/lou-lopez-senechal-1.html,fairfield,2018-19
8,8,17,2019-01-20,Fairfield,@,Niagara,REG (Conf),L 68-71 (OT),*,36,7,14,.500,1,4,.250,6,10,.600,.536,0,0,,1,0,1,3,3,1,1,5,15,11.5,Lou Lopez Senechal,https://www.sports-reference.com/cbb/players/lou-lopez-senechal-1.html,fairfield,2018-19
9,9,18,2019-01-24,Fairfield,@,Iona,REG (Conf),W 55-42,*,23,2,7,.286,0,2,.000,2,5,.400,.286,5,6,.833,1,4,5,1,1,1,3,5,9,3.8,Lou Lopez Senechal,https://www.sports-reference.com/cbb/players/lou-lopez-senechal-1.html,fairfield,2018-19
10,10,19,2019-01-29,Fairfield,,Siena,REG (Conf),W 59-55,*,36,3,10,.300,2,5,.400,1,5,.200,.400,4,4,1.000,0,4,4,1,0,0,3,3,12,3.9,Lou Lopez Senechal,https://www.sports-reference.com/cbb/players/lou-lopez-senechal-1.html,fairfield,2018-19
11,11,20,2019-02-01,Fairfield,@,Manhattan,REG (Conf),L 41-47,*,32,2,7,.286,0,1,.000,2,6,.333,.286,2,2,1.000,2,5,7,0,0,0,1,4,6,2.2,Lou Lopez Senechal,https://www.sports-reference.com/cbb/players/lou-lopez-senechal-1.html,fairfield,2018-19
12,12,21,2019-02-03,Fairfield,,Monmouth,REG (Conf),L 63-73,*,37,1,8,.125,0,0,,1,8,.125,.125,0,0,,0,1,1,3,1,3,0,3,2,1.1,Lou Lopez Senechal,https://www.sports-reference.com/cbb/players/lou-lopez-senechal-1.html,fairfield,2018-19
13,13,22,2019-02-07,Fairfield,,Canisius,REG (Conf),W 72-65,*,31,6,9,.667,2,2,1.000,4,7,.571,.778,2,2,1.000,3,4,7,3,1,0,3,1,16,15.1,Lou Lopez Senechal,https://www.sports-reference.com/cbb/players/lou-lopez-senechal-1.html,fairfield,2018-19
14,14,23,2019-02-09,Fairfield,,Niagara,REG (Conf),W 55-54,*,36,6,8,.750,1,3,.333,5,5,1.000,.813,0,0,,1,1,2,1,2,0,2,2,13,10.7,Lou Lopez Senechal,https://www.sports-reference.com/cbb/players/lou-lopez-senechal-1.html,fairfield,2018-19
15,15,24,2019-02-14,Fairfield,@,Siena,REG (Conf),W 66-40,*,35,9,16,.563,3,6,.500,6,10,.600,.656,0,0,,2,7,9,3,3,0,2,2,21,19.2,Lou Lopez Senechal,https://www.sports-reference.com/cbb/players/lou-lopez-senechal-1.html,fairfield,2018-19
16,16,25,2019-02-17,Fairfield,,Quinnipiac,REG (Conf),L 40-48,*,37,5,14,.357,1,3,.333,4,11,.364,.393,4,4,1.000,1,7,8,3,3,1,4,3,15,10.6,Lou Lopez Senechal,https://www.sports-reference.com/cbb/players/lou-lopez-senechal-1.html,fairfield,2018-19
17,17,26,2019-02-19,Fairfield,@,Marist,REG (Conf),L 44-85,*,23,3,13,.231,1,5,.200,2,8,.250,.269,0,0,,3,0,3,0,0,0,0,3,7,0.0,Lou Lopez Senechal,https://www.sports-reference.com/cbb/players/lou-lopez-senechal-1.html,fairfield,2018-19
18,18,27,2019-02-22,Fairfield,@,Saint Peter's,REG (Conf),W 69-61,*,37,5,12,.417,0,0,,5,12,.417,.417,2,2,1.000,4,6,10,6,0,1,1,2,12,13.3,Lou Lopez Senechal,https://www.sports-reference.com/cbb/players/lou-lopez-senechal-1.html,fairfield,2018-19
19,19,28,2019-02-24,Fairfield,,Iona,REG (Conf),W 67-56,*,17,2,4,.500,1,2,.500,1,2,.500,.625,3,4,.750,0,1,1,1,0,0,0,3,8,5.4,Lou Lopez Senechal,https://www.sports-reference.com/cbb/players/lou-lopez-senechal-1.html,fairfield,2018-19
20,20,29,2019-03-02,Fairfield,,Rider,REG (Conf),L 53-60,*,34,5,12,.417,0,2,.000,5,10,.500,.417,10,12,.833,3,4,7,0,0,0,1,3,20,13.9,Lou Lopez Senechal,https://www.sports-reference.com/cbb/players/lou-lopez-senechal-1.html,fairfield,2018-19
21,21,30,2019-03-07,Fairfield,@,Niagara,CTOURN,W 74-69,*,35,8,12,.667,1,2,.500,7,10,.700,.708,3,6,.500,1,2,3,2,3,0,4,5,20,13.3,Lou Lopez Senechal,https://www.sports-reference.com/cbb/players/lou-lopez-senechal-1.html,fairfield,2018-19
22,22,31,2019-03-08,Fairfield,@,Quinnipiac,CTOURN,L 48-63,*,39,4,10,.400,1,2,.500,3,8,.375,.450,2,2,1.000,1,5,6,2,2,1,2,1,11,9.5,Lou Lopez Senechal,https://www.sports-reference.com/cbb/players/lou-lopez-senechal-1.html,fairfield,2018-19
