ranker,player_game_num_career,team_game_num_season,date,team_name_abbr,game_location,opp_name_abbr,game_type,game_result,is_starter,mp,fg,fga,fg_pct,fg3,fg3a,fg3_pct,fg2,fg2a,fg2_pct,efg_pct,ft,fta,ft_pct,orb,drb,trb,ast,stl,blk,tov,pf,pts,game_score,player_name,player_sr_link,school,season
1,62,1,2018-11-09,Fairfield,@,Richmond,REG (Non-Conf),W 58-40,*,29,1,3,.333,0,2,.000,1,1,1.000,.333,1,2,.500,0,1,1,7,0,0,4,3,3,0.9,Sam Kramer,https://www.sports-reference.com/cbb/players/sam-kramer-1.html,fairfield,2018-19
2,63,2,2018-11-13,Fairfield,,LIU Brooklyn,REG (Non-Conf),W 71-43,*,26,2,5,.400,0,1,.000,2,4,.500,.400,2,2,1.000,0,5,5,3,0,1,2,0,6,5.6,Sam Kramer,https://www.sports-reference.com/cbb/players/sam-kramer-1.html,fairfield,2018-19
3,64,3,2018-11-17,Fairfield,@,Xavier,REG (Non-Conf),L 35-48,*,15,0,4,.000,0,3,.000,0,1,.000,.000,0,0,,0,1,1,0,3,0,1,0,0,-0.5,Sam Kramer,https://www.sports-reference.com/cbb/players/sam-kramer-1.html,fairfield,2018-19
4,65,4,2018-11-23,Fairfield,@,Brown,REG (Non-Conf),L 49-68,*,23,1,6,.167,1,4,.250,0,2,.000,.250,0,0,,0,2,2,0,0,0,4,3,3,-5.4,Sam Kramer,https://www.sports-reference.com/cbb/players/sam-kramer-1.html,fairfield,2018-19
5,66,5,2018-11-24,Fairfield,,Bucknell,REG (Non-Conf),L 54-77,,23,3,6,.500,1,2,.500,2,4,.500,.583,0,0,,1,1,2,1,1,0,4,3,7,1.5,Sam Kramer,https://www.sports-reference.com/cbb/players/sam-kramer-1.html,fairfield,2018-19
6,67,6,2018-11-25,Fairfield,@,Massachusetts,REG (Non-Conf),L 49-59,,29,3,11,.273,3,8,.375,0,3,.000,.409,0,0,,3,2,5,0,1,0,2,3,9,3.0,Sam Kramer,https://www.sports-reference.com/cbb/players/sam-kramer-1.html,fairfield,2018-19
7,68,7,2018-12-02,Fairfield,,William & Mary,REG (Non-Conf),L 54-60,*,34,2,7,.286,0,3,.000,2,4,.500,.286,1,2,.500,1,1,2,6,2,0,2,2,5,4.9,Sam Kramer,https://www.sports-reference.com/cbb/players/sam-kramer-1.html,fairfield,2018-19
8,69,8,2018-12-05,Fairfield,,Northeastern,REG (Non-Conf),L 50-59,*,34,4,9,.444,2,6,.333,2,3,.667,.556,2,3,.667,0,4,4,4,1,0,2,3,12,8.7,Sam Kramer,https://www.sports-reference.com/cbb/players/sam-kramer-1.html,fairfield,2018-19
9,70,9,2018-12-09,Fairfield,@,Dartmouth,REG (Non-Conf),L 46-59,*,32,2,4,.500,0,1,.000,2,3,.667,.500,0,0,,0,1,1,2,0,0,1,1,4,2.3,Sam Kramer,https://www.sports-reference.com/cbb/players/sam-kramer-1.html,fairfield,2018-19
10,71,10,2018-12-20,Fairfield,@,Furman,REG (Non-Conf),L 70-77 (OT),*,34,4,10,.400,1,3,.333,3,7,.429,.450,0,0,,2,1,3,3,0,0,0,4,9,5.8,Sam Kramer,https://www.sports-reference.com/cbb/players/sam-kramer-1.html,fairfield,2018-19
11,72,13,2019-01-06,Fairfield,@,Rider,REG (Conf),L 59-62,*,38,1,5,.200,0,2,.000,1,3,.333,.200,1,2,.500,1,3,4,2,1,0,2,2,3,0.7,Sam Kramer,https://www.sports-reference.com/cbb/players/sam-kramer-1.html,fairfield,2018-19
12,73,14,2019-01-12,Fairfield,,Marist,REG (Conf),L 46-56,*,34,3,6,.500,3,5,.600,0,1,.000,.750,0,0,,0,4,4,3,1,0,1,3,9,8.1,Sam Kramer,https://www.sports-reference.com/cbb/players/sam-kramer-1.html,fairfield,2018-19
13,74,15,2019-01-15,Fairfield,,Saint Peter's,REG (Conf),L 65-68,*,40,3,7,.429,1,5,.200,2,2,1.000,.500,2,2,1.000,0,3,3,4,0,0,0,0,9,9.0,Sam Kramer,https://www.sports-reference.com/cbb/players/sam-kramer-1.html,fairfield,2018-19
14,75,16,2019-01-18,Fairfield,@,Canisius,REG (Conf),L 50-53,*,38,5,9,.556,2,4,.500,3,5,.600,.667,0,0,,3,3,6,3,1,0,2,2,12,11.0,Sam Kramer,https://www.sports-reference.com/cbb/players/sam-kramer-1.html,fairfield,2018-19
15,76,17,2019-01-20,Fairfield,@,Niagara,REG (Conf),L 68-71 (OT),*,41,4,6,.667,3,5,.600,1,1,1.000,.917,0,0,,1,3,4,6,0,0,3,1,11,10.8,Sam Kramer,https://www.sports-reference.com/cbb/players/sam-kramer-1.html,fairfield,2018-19
16,77,18,2019-01-24,Fairfield,@,Iona,REG (Conf),W 55-42,*,35,2,3,.667,1,1,1.000,1,2,.500,.833,8,10,.800,0,2,2,3,1,0,1,3,13,12.4,Sam Kramer,https://www.sports-reference.com/cbb/players/sam-kramer-1.html,fairfield,2018-19
17,78,19,2019-01-29,Fairfield,,Siena,REG (Conf),W 59-55,*,40,2,3,.667,0,0,,2,3,.667,.667,3,3,1.000,0,3,3,4,1,0,4,1,7,6.0,Sam Kramer,https://www.sports-reference.com/cbb/players/sam-kramer-1.html,fairfield,2018-19
18,79,20,2019-02-01,Fairfield,@,Manhattan,REG (Conf),L 41-47,*,36,0,4,.000,0,2,.000,0,2,.000,.000,4,4,1.000,1,2,3,4,0,0,2,1,4,2.9,Sam Kramer,https://www.sports-reference.com/cbb/players/sam-kramer-1.html,fairfield,2018-19
19,80,21,2019-02-03,Fairfield,,Monmouth,REG (Conf),L 63-73,*,34,1,3,.333,1,2,.500,0,1,.000,.500,0,0,,0,3,3,5,0,0,4,3,3,0.5,Sam Kramer,https://www.sports-reference.com/cbb/players/sam-kramer-1.html,fairfield,2018-19
20,81,22,2019-02-07,Fairfield,,Canisius,REG (Conf),W 72-65,*,38,1,4,.250,1,4,.250,0,0,,.375,6,6,1.000,0,4,4,8,1,0,0,2,9,13.6,Sam Kramer,https://www.sports-reference.com/cbb/players/sam-kramer-1.html,fairfield,2018-19
21,82,23,2019-02-09,Fairfield,,Niagara,REG (Conf),W 55-54,*,39,2,5,.400,2,4,.500,0,1,.000,.600,0,0,,0,1,1,6,0,0,3,2,6,4.0,Sam Kramer,https://www.sports-reference.com/cbb/players/sam-kramer-1.html,fairfield,2018-19
22,83,24,2019-02-14,Fairfield,@,Siena,REG (Conf),W 66-40,*,37,6,9,.667,6,8,.750,0,1,.000,1.000,0,0,,1,3,4,5,0,0,3,1,18,15.8,Sam Kramer,https://www.sports-reference.com/cbb/players/sam-kramer-1.html,fairfield,2018-19
23,84,25,2019-02-17,Fairfield,,Quinnipiac,REG (Conf),L 40-48,*,40,1,2,.500,1,1,1.000,0,1,.000,.750,0,0,,0,3,3,5,1,0,5,3,3,1.2,Sam Kramer,https://www.sports-reference.com/cbb/players/sam-kramer-1.html,fairfield,2018-19
24,85,26,2019-02-19,Fairfield,@,Marist,REG (Conf),L 44-85,*,29,2,5,.400,1,1,1.000,1,4,.250,.500,0,0,,0,1,1,1,0,0,2,2,5,0.5,Sam Kramer,https://www.sports-reference.com/cbb/players/sam-kramer-1.html,fairfield,2018-19
25,86,27,2019-02-22,Fairfield,@,Saint Peter's,REG (Conf),W 69-61,*,35,5,7,.714,3,5,.600,2,2,1.000,.929,0,0,,0,2,2,0,0,0,1,1,13,9.3,Sam Kramer,https://www.sports-reference.com/cbb/players/sam-kramer-1.html,fairfield,2018-19
26,87,28,2019-02-24,Fairfield,,Iona,REG (Conf),W 67-56,*,35,0,9,.000,0,3,.000,0,6,.000,.000,2,2,1.000,0,1,1,4,1,0,4,1,2,-4.6,Sam Kramer,https://www.sports-reference.com/cbb/players/sam-kramer-1.html,fairfield,2018-19
27,88,29,2019-03-02,Fairfield,,Rider,REG (Conf),L 53-60,*,36,5,8,.625,1,2,.500,4,6,.667,.688,0,0,,2,0,2,3,1,0,1,2,11,10.1,Sam Kramer,https://www.sports-reference.com/cbb/players/sam-kramer-1.html,fairfield,2018-19
28,89,30,2019-03-07,Fairfield,@,Niagara,CTOURN,W 74-69,*,39,2,7,.286,0,4,.000,2,3,.667,.286,6,6,1.000,1,1,2,8,0,0,3,0,10,9.5,Sam Kramer,https://www.sports-reference.com/cbb/players/sam-kramer-1.html,fairfield,2018-19
29,90,31,2019-03-08,Fairfield,@,Quinnipiac,CTOURN,L 48-63,*,39,2,8,.250,1,3,.333,1,5,.200,.313,0,0,,2,4,6,5,0,0,6,0,5,0.3,Sam Kramer,https://www.sports-reference.com/cbb/players/sam-kramer-1.html,fairfield,2018-19
