ranker,player_game_num_career,team_game_num_season,date,team_name_abbr,game_location,opp_name_abbr,game_type,game_result,is_starter,mp,fg,fga,fg_pct,fg3,fg3a,fg3_pct,fg2,fg2a,fg2_pct,efg_pct,ft,fta,ft_pct,orb,drb,trb,ast,stl,blk,tov,pf,pts,game_score,player_name,player_sr_link,school,season
1,27,1,2018-11-09,Fairfield,@,Richmond,REG (Non-Conf),W 58-40,*,24,4,7,.571,2,4,.500,2,3,.667,.714,1,1,1.000,1,1,2,2,2,1,1,2,11,11.0,Sam Lewis,https://www.sports-reference.com/cbb/players/sam-lewis-1.html,fairfield,2018-19
2,28,2,2018-11-13,Fairfield,,LIU Brooklyn,REG (Non-Conf),W 71-43,*,20,5,8,.625,4,6,.667,1,2,.500,.875,0,0,,1,2,3,5,0,0,4,3,14,10.0,Sam Lewis,https://www.sports-reference.com/cbb/players/sam-lewis-1.html,fairfield,2018-19
3,29,3,2018-11-17,Fairfield,@,Xavier,REG (Non-Conf),L 35-48,*,16,0,4,.000,0,2,.000,0,2,.000,.000,0,0,,0,1,1,0,1,0,1,1,0,-2.9,Sam Lewis,https://www.sports-reference.com/cbb/players/sam-lewis-1.html,fairfield,2018-19
4,30,4,2018-11-23,Fairfield,@,Brown,REG (Non-Conf),L 49-68,*,25,4,8,.500,3,6,.500,1,2,.500,.688,0,0,,0,7,7,2,0,0,0,0,11,10.5,Sam Lewis,https://www.sports-reference.com/cbb/players/sam-lewis-1.html,fairfield,2018-19
5,31,5,2018-11-24,Fairfield,,Bucknell,REG (Non-Conf),L 54-77,*,22,0,6,.000,0,3,.000,0,3,.000,.000,0,0,,1,4,5,0,0,0,1,1,0,-3.7,Sam Lewis,https://www.sports-reference.com/cbb/players/sam-lewis-1.html,fairfield,2018-19
6,32,6,2018-11-25,Fairfield,@,Massachusetts,REG (Non-Conf),L 49-59,*,13,0,5,.000,0,5,.000,0,0,,.000,0,0,,1,1,2,1,1,0,1,1,0,-2.2,Sam Lewis,https://www.sports-reference.com/cbb/players/sam-lewis-1.html,fairfield,2018-19
7,33,7,2018-12-02,Fairfield,,William & Mary,REG (Non-Conf),L 54-60,*,19,2,5,.400,1,4,.250,1,1,1.000,.500,0,0,,3,3,6,0,1,0,4,3,5,1.1,Sam Lewis,https://www.sports-reference.com/cbb/players/sam-lewis-1.html,fairfield,2018-19
8,34,8,2018-12-05,Fairfield,,Northeastern,REG (Non-Conf),L 50-59,*,24,1,5,.200,1,3,.333,0,2,.000,.300,2,2,1.000,0,4,4,0,2,1,1,3,5,3.6,Sam Lewis,https://www.sports-reference.com/cbb/players/sam-lewis-1.html,fairfield,2018-19
9,35,9,2018-12-09,Fairfield,@,Dartmouth,REG (Non-Conf),L 46-59,,8,0,2,.000,0,2,.000,0,0,,.000,0,0,,0,0,0,1,0,0,2,0,0,-2.7,Sam Lewis,https://www.sports-reference.com/cbb/players/sam-lewis-1.html,fairfield,2018-19
10,36,10,2018-12-20,Fairfield,@,Furman,REG (Non-Conf),L 70-77 (OT),,17,3,9,.333,1,4,.250,2,5,.400,.389,0,0,,0,5,5,0,0,0,3,1,7,0.0,Sam Lewis,https://www.sports-reference.com/cbb/players/sam-lewis-1.html,fairfield,2018-19
11,37,11,2018-12-21,Fairfield,,Illinois–Chicago,REG (Non-Conf),W 68-60,,2,0,0,,0,0,,0,0,,,0,0,,1,0,1,0,0,0,0,0,0,0.7,Sam Lewis,https://www.sports-reference.com/cbb/players/sam-lewis-1.html,fairfield,2018-19
12,38,12,2019-01-03,Fairfield,@,Quinnipiac,REG (Conf),L 36-81,,13,0,3,.000,0,2,.000,0,1,.000,.000,4,4,1.000,0,1,1,0,0,0,2,2,4,-0.6,Sam Lewis,https://www.sports-reference.com/cbb/players/sam-lewis-1.html,fairfield,2018-19
13,39,13,2019-01-06,Fairfield,@,Rider,REG (Conf),L 59-62,,4,1,2,.500,0,0,,1,2,.500,.500,0,0,,1,2,3,0,0,0,0,0,2,2.3,Sam Lewis,https://www.sports-reference.com/cbb/players/sam-lewis-1.html,fairfield,2018-19
14,40,14,2019-01-12,Fairfield,,Marist,REG (Conf),L 46-56,,7,0,1,.000,0,0,,0,1,.000,.000,0,0,,0,1,1,0,0,0,1,1,0,-1.8,Sam Lewis,https://www.sports-reference.com/cbb/players/sam-lewis-1.html,fairfield,2018-19
15,41,15,2019-01-15,Fairfield,,Saint Peter's,REG (Conf),L 65-68,,4,0,0,,0,0,,0,0,,,0,0,,0,0,0,1,0,0,1,0,0,-0.3,Sam Lewis,https://www.sports-reference.com/cbb/players/sam-lewis-1.html,fairfield,2018-19
16,42,16,2019-01-18,Fairfield,@,Canisius,REG (Conf),L 50-53,,2,0,1,.000,0,0,,0,1,.000,.000,0,0,,0,0,0,0,0,0,0,1,0,-1.1,Sam Lewis,https://www.sports-reference.com/cbb/players/sam-lewis-1.html,fairfield,2018-19
17,43,18,2019-01-24,Fairfield,@,Iona,REG (Conf),W 55-42,,0,0,0,,0,0,,0,0,,,0,0,,0,1,1,0,0,1,1,0,0,0.0,Sam Lewis,https://www.sports-reference.com/cbb/players/sam-lewis-1.html,fairfield,2018-19
18,44,19,2019-01-29,Fairfield,,Siena,REG (Conf),W 59-55,,3,0,1,.000,0,0,,0,1,.000,.000,0,0,,0,0,0,0,0,0,0,1,0,-1.1,Sam Lewis,https://www.sports-reference.com/cbb/players/sam-lewis-1.html,fairfield,2018-19
19,45,21,2019-02-03,Fairfield,,Monmouth,REG (Conf),L 63-73,,0,0,0,,0,0,,0,0,,,0,0,,0,0,0,0,0,0,0,0,0,0.0,Sam Lewis,https://www.sports-reference.com/cbb/players/sam-lewis-1.html,fairfield,2018-19
20,46,22,2019-02-07,Fairfield,,Canisius,REG (Conf),W 72-65,,11,2,5,.400,2,4,.500,0,1,.000,.600,0,0,,1,0,1,0,0,0,1,1,6,2.6,Sam Lewis,https://www.sports-reference.com/cbb/players/sam-lewis-1.html,fairfield,2018-19
21,47,23,2019-02-09,Fairfield,,Niagara,REG (Conf),W 55-54,,5,0,0,,0,0,,0,0,,,0,0,,0,0,0,1,0,0,1,0,0,-0.3,Sam Lewis,https://www.sports-reference.com/cbb/players/sam-lewis-1.html,fairfield,2018-19
22,48,24,2019-02-14,Fairfield,@,Siena,REG (Conf),W 66-40,,5,0,0,,0,0,,0,0,,,0,0,,0,2,2,0,0,0,0,0,0,0.6,Sam Lewis,https://www.sports-reference.com/cbb/players/sam-lewis-1.html,fairfield,2018-19
23,49,25,2019-02-17,Fairfield,,Quinnipiac,REG (Conf),L 40-48,,3,0,0,,0,0,,0,0,,,0,0,,0,0,0,0,0,0,1,0,0,-1.0,Sam Lewis,https://www.sports-reference.com/cbb/players/sam-lewis-1.html,fairfield,2018-19
24,50,26,2019-02-19,Fairfield,@,Marist,REG (Conf),L 44-85,,7,1,5,.200,0,4,.000,1,1,1.000,.200,0,0,,0,0,0,0,1,0,0,0,2,-0.1,Sam Lewis,https://www.sports-reference.com/cbb/players/sam-lewis-1.html,fairfield,2018-19
25,51,28,2019-02-24,Fairfield,,Iona,REG (Conf),W 67-56,,13,2,5,.400,1,3,.333,1,2,.500,.500,0,0,,1,1,2,1,0,1,0,2,5,3.9,Sam Lewis,https://www.sports-reference.com/cbb/players/sam-lewis-1.html,fairfield,2018-19
26,52,30,2019-03-07,Fairfield,@,Niagara,CTOURN,W 74-69,,9,1,4,.250,1,3,.333,0,1,.000,.375,0,0,,0,0,0,0,0,1,0,3,3,0.1,Sam Lewis,https://www.sports-reference.com/cbb/players/sam-lewis-1.html,fairfield,2018-19
27,53,31,2019-03-08,Fairfield,@,Quinnipiac,CTOURN,L 48-63,,7,0,1,.000,0,1,.000,0,0,,.000,0,0,,0,0,0,0,1,0,0,0,0,0.3,Sam Lewis,https://www.sports-reference.com/cbb/players/sam-lewis-1.html,fairfield,2018-19
