ranker,player_game_num_career,team_game_num_season,date,team_name_abbr,game_location,opp_name_abbr,game_type,game_result,is_starter,mp,fg,fga,fg_pct,fg3,fg3a,fg2,fg2a,fg2_pct,efg_pct,ft,fta,ft_pct,orb,drb,trb,ast,stl,blk,tov,pf,pts,game_score,player_name,player_sr_link,school,season
1,71,1,2021-11-09,Omaha,@,Iowa State,REG (Non-Conf),L 38-65,*,29,4,10,.400,0,0,4,10,.400,.400,0,0,,1,1,2,1,0,2,2,2,8,2.9,Elena Pilakouta,https://www.sports-reference.com/cbb/players/elena-pilakouta-1.html,nebraska-omaha,2021-22
2,72,2,2021-11-13,Omaha,@,Creighton,REG (Non-Conf),L 51-71,*,16,3,5,.600,0,0,3,5,.600,.600,1,2,.500,1,1,2,2,0,0,4,2,7,1.9,Elena Pilakouta,https://www.sports-reference.com/cbb/players/elena-pilakouta-1.html,nebraska-omaha,2021-22
3,73,3,2021-11-17,Omaha,@,Kansas,REG (Non-Conf),L 56-81,*,33,3,8,.375,0,0,3,8,.375,.375,1,2,.500,1,5,6,2,0,0,2,3,7,2.6,Elena Pilakouta,https://www.sports-reference.com/cbb/players/elena-pilakouta-1.html,nebraska-omaha,2021-22
4,74,4,2021-11-21,Omaha,@,Weber State,REG (Non-Conf),L 45-59,*,29,4,12,.333,0,0,4,12,.333,.333,1,2,.500,2,2,4,0,3,0,1,2,9,5.0,Elena Pilakouta,https://www.sports-reference.com/cbb/players/elena-pilakouta-1.html,nebraska-omaha,2021-22
5,75,5,2021-11-29,Omaha,@,Illinois–Chicago,REG (Non-Conf),W 70-58,*,31,14,18,.778,0,0,14,18,.778,.778,4,5,.800,3,5,8,2,1,3,2,2,32,29.9,Elena Pilakouta,https://www.sports-reference.com/cbb/players/elena-pilakouta-1.html,nebraska-omaha,2021-22
6,76,6,2021-12-02,Omaha,,Tennessee State,REG (Non-Conf),W 67-56,*,34,6,10,.600,0,0,6,10,.600,.600,1,1,1.000,4,3,7,2,0,0,1,4,13,10.9,Elena Pilakouta,https://www.sports-reference.com/cbb/players/elena-pilakouta-1.html,nebraska-omaha,2021-22
7,77,7,2021-12-05,Omaha,,Coll. of Saint Mary,REG (Non-Conf),W 87-57,*,20,2,8,.250,0,0,2,8,.250,.250,0,0,,3,1,4,1,2,0,2,1,4,1.9,Elena Pilakouta,https://www.sports-reference.com/cbb/players/elena-pilakouta-1.html,nebraska-omaha,2021-22
8,78,8,2021-12-08,Omaha,,Kansas State,REG (Non-Conf),L 56-87,*,30,6,10,.600,0,0,6,10,.600,.600,5,5,1.000,1,7,8,1,1,1,3,2,17,13.8,Elena Pilakouta,https://www.sports-reference.com/cbb/players/elena-pilakouta-1.html,nebraska-omaha,2021-22
9,79,9,2021-12-11,Omaha,,Northern Colorado,REG (Non-Conf),W 48-41,*,6,0,1,.000,0,0,0,1,.000,.000,0,0,,0,2,2,0,0,0,1,0,0,-1.1,Elena Pilakouta,https://www.sports-reference.com/cbb/players/elena-pilakouta-1.html,nebraska-omaha,2021-22
10,80,10,2021-12-20,Omaha,@,St. Thomas,REG (Conf),W 61-55,*,29,5,9,.556,0,0,5,9,.556,.556,8,10,.800,3,4,7,1,0,1,5,3,18,11.4,Elena Pilakouta,https://www.sports-reference.com/cbb/players/elena-pilakouta-1.html,nebraska-omaha,2021-22
11,81,11,2021-12-22,Omaha,@,Western Illinois,REG (Conf),L 70-77,*,35,9,15,.600,0,0,9,15,.600,.600,2,4,.500,4,7,11,1,0,1,3,3,20,14.4,Elena Pilakouta,https://www.sports-reference.com/cbb/players/elena-pilakouta-1.html,nebraska-omaha,2021-22
12,82,12,2022-01-01,Omaha,,Oral Roberts,REG (Conf),L 45-50,*,28,4,8,.500,0,0,4,8,.500,.500,2,2,1.000,1,5,6,1,0,1,0,3,10,8.4,Elena Pilakouta,https://www.sports-reference.com/cbb/players/elena-pilakouta-1.html,nebraska-omaha,2021-22
13,83,13,2022-01-06,Omaha,@,North Dakota,REG (Conf),L 57-71,*,4,0,0,,0,0,0,0,,,2,2,1.000,0,0,0,0,0,0,0,0,2,2.0,Elena Pilakouta,https://www.sports-reference.com/cbb/players/elena-pilakouta-1.html,nebraska-omaha,2021-22
14,84,16,2022-01-13,Omaha,,South Dakota State,REG (Conf),L 49-72,,18,7,10,.700,0,0,7,10,.700,.700,2,2,1.000,0,3,3,0,1,0,0,1,16,13.3,Elena Pilakouta,https://www.sports-reference.com/cbb/players/elena-pilakouta-1.html,nebraska-omaha,2021-22
15,85,17,2022-01-15,Omaha,,South Dakota,REG (Conf),L 45-68,,8,0,2,.000,0,0,0,2,.000,.000,0,0,,0,0,0,0,0,0,2,2,0,-4.2,Elena Pilakouta,https://www.sports-reference.com/cbb/players/elena-pilakouta-1.html,nebraska-omaha,2021-22
16,86,18,2022-01-20,Omaha,,Denver,REG (Conf),L 62-71,,28,5,8,.625,0,0,5,8,.625,.625,2,2,1.000,1,3,4,0,0,0,4,2,12,5.2,Elena Pilakouta,https://www.sports-reference.com/cbb/players/elena-pilakouta-1.html,nebraska-omaha,2021-22
17,87,19,2022-01-27,Omaha,@,Oral Roberts,REG (Conf),L 55-64,,14,1,2,.500,0,0,1,2,.500,.500,0,0,,0,3,3,2,0,0,2,4,2,-0.3,Elena Pilakouta,https://www.sports-reference.com/cbb/players/elena-pilakouta-1.html,nebraska-omaha,2021-22
18,88,20,2022-01-29,Omaha,@,Kansas City,REG (Conf),L 65-68 (OT),,13,0,0,,0,0,0,0,,,0,0,,0,2,2,0,0,0,1,1,0,-0.8,Elena Pilakouta,https://www.sports-reference.com/cbb/players/elena-pilakouta-1.html,nebraska-omaha,2021-22
19,89,21,2022-02-03,Omaha,,North Dakota State,REG (Conf),L 53-69,,27,9,14,.643,0,0,9,14,.643,.643,1,2,.500,3,1,4,0,0,0,1,1,19,13.4,Elena Pilakouta,https://www.sports-reference.com/cbb/players/elena-pilakouta-1.html,nebraska-omaha,2021-22
20,90,22,2022-02-05,Omaha,,North Dakota,REG (Conf),L 61-74,*,25,6,9,.667,0,0,6,9,.667,.667,5,8,.625,6,3,9,4,0,0,3,2,17,16.0,Elena Pilakouta,https://www.sports-reference.com/cbb/players/elena-pilakouta-1.html,nebraska-omaha,2021-22
21,91,23,2022-02-10,Omaha,@,South Dakota,REG (Conf),L 35-61,*,34,2,8,.250,0,0,2,8,.250,.250,1,4,.250,1,1,2,1,0,1,1,2,5,-0.4,Elena Pilakouta,https://www.sports-reference.com/cbb/players/elena-pilakouta-1.html,nebraska-omaha,2021-22
22,92,24,2022-02-12,Omaha,@,South Dakota State,REG (Conf),L 62-77,*,28,3,6,.500,0,0,3,6,.500,.500,1,2,.500,0,2,2,2,0,1,1,4,7,3.7,Elena Pilakouta,https://www.sports-reference.com/cbb/players/elena-pilakouta-1.html,nebraska-omaha,2021-22
23,93,25,2022-02-19,Omaha,@,Denver,REG (Conf),W 62-50,*,20,1,4,.250,0,0,1,4,.250,.250,1,2,.500,2,6,8,1,1,1,1,0,3,4.8,Elena Pilakouta,https://www.sports-reference.com/cbb/players/elena-pilakouta-1.html,nebraska-omaha,2021-22
24,94,26,2022-02-26,Omaha,,St. Thomas,REG (Conf),L 56-61,*,32,4,9,.444,0,0,4,9,.444,.444,0,0,,4,2,6,1,2,2,1,2,8,9.0,Elena Pilakouta,https://www.sports-reference.com/cbb/players/elena-pilakouta-1.html,nebraska-omaha,2021-22
