ranker,player_game_num_career,team_game_num_season,date,team_name_abbr,game_location,opp_name_abbr,game_type,game_result,is_starter,mp,fg,fga,fg_pct,fg3,fg3a,fg3_pct,fg2,fg2a,fg2_pct,efg_pct,ft,fta,ft_pct,orb,drb,trb,ast,stl,blk,tov,pf,pts,game_score,player_name,player_sr_link,school,season
1,50,3,2022-11-19,Georgia Southern,@,Gardner-Webb,REG (Non-Conf),L 78-82,*,32,3,4,.750,0,1,.000,3,3,1.000,.750,1,2,.500,2,4,6,2,0,0,2,2,7,6.2,Eden Johnson,https://www.sports-reference.com/cbb/players/eden-johnson-1.html,georgia-southern,2022-23
2,51,4,2022-11-22,Georgia Southern,@,Bethune-Cookman,REG (Non-Conf),W 63-60,*,30,2,4,.500,1,3,.333,1,1,1.000,.625,0,0,,0,2,2,1,0,1,1,1,5,3.6,Eden Johnson,https://www.sports-reference.com/cbb/players/eden-johnson-1.html,georgia-southern,2022-23
3,52,5,2022-11-27,Georgia Southern,,Life,REG (Non-Conf),W 103-65,*,13,3,4,.750,0,1,.000,3,3,1.000,.750,0,0,,2,3,5,1,2,0,1,2,6,7.6,Eden Johnson,https://www.sports-reference.com/cbb/players/eden-johnson-1.html,georgia-southern,2022-23
4,53,6,2022-11-30,Georgia Southern,,Agnes Scott,REG (Non-Conf),W 126-35,*,15,4,6,.667,1,2,.500,3,4,.750,.750,0,0,,1,1,2,0,2,2,0,0,9,10.8,Eden Johnson,https://www.sports-reference.com/cbb/players/eden-johnson-1.html,georgia-southern,2022-23
5,54,7,2022-12-09,Georgia Southern,,Chicago State,REG (Non-Conf),W 93-71,*,18,0,1,.000,0,1,.000,0,0,,.000,0,0,,1,2,3,3,1,1,1,2,0,2.6,Eden Johnson,https://www.sports-reference.com/cbb/players/eden-johnson-1.html,georgia-southern,2022-23
6,55,8,2022-12-11,Georgia Southern,@,Detroit Mercy,REG (Non-Conf),W 82-79 (OT),*,37,5,8,.625,0,2,.000,5,6,.833,.625,3,6,.500,4,5,9,4,2,0,2,3,13,14.1,Eden Johnson,https://www.sports-reference.com/cbb/players/eden-johnson-1.html,georgia-southern,2022-23
7,56,9,2022-12-16,Georgia Southern,,College of Charleston,REG (Non-Conf),W 83-65,*,13,0,3,.000,0,2,.000,0,1,.000,.000,0,0,,1,1,2,2,0,0,1,1,0,-1.1,Eden Johnson,https://www.sports-reference.com/cbb/players/eden-johnson-1.html,georgia-southern,2022-23
8,57,10,2022-12-29,Georgia Southern,,Texas State,REG (Conf),L 70-82,*,12,0,5,.000,0,2,.000,0,3,.000,.000,0,0,,0,0,0,1,0,1,1,0,0,-3.1,Eden Johnson,https://www.sports-reference.com/cbb/players/eden-johnson-1.html,georgia-southern,2022-23
9,58,11,2022-12-31,Georgia Southern,,Arkansas State,REG (Conf),W 99-86,,7,0,2,.000,0,1,.000,0,1,.000,.000,0,0,,0,2,2,0,1,0,1,0,0,-0.8,Eden Johnson,https://www.sports-reference.com/cbb/players/eden-johnson-1.html,georgia-southern,2022-23
10,59,14,2023-01-12,Georgia Southern,,Old Dominion,REG (Conf),L 82-84 (OT),,12,0,2,.000,0,2,.000,0,0,,.000,0,0,,0,1,1,0,0,1,0,1,0,-0.8,Eden Johnson,https://www.sports-reference.com/cbb/players/eden-johnson-1.html,georgia-southern,2022-23
11,60,15,2023-01-14,Georgia Southern,,Appalachian State,REG (Conf),L 88-96,,25,6,9,.667,2,3,.667,4,6,.667,.778,1,2,.500,8,3,11,1,0,0,2,1,15,15.5,Eden Johnson,https://www.sports-reference.com/cbb/players/eden-johnson-1.html,georgia-southern,2022-23
12,61,16,2023-01-19,Georgia Southern,@,James Madison,REG (Conf),W 69-65,*,34,2,5,.400,2,5,.400,0,0,,.600,0,0,,2,2,4,1,0,1,2,2,6,3.9,Eden Johnson,https://www.sports-reference.com/cbb/players/eden-johnson-1.html,georgia-southern,2022-23
13,62,17,2023-01-21,Georgia Southern,@,Louisiana–Monroe,REG (Conf),W 86-72,*,18,1,3,.333,1,2,.500,0,1,.000,.500,0,0,,0,1,1,1,3,1,0,1,3,5.6,Eden Johnson,https://www.sports-reference.com/cbb/players/eden-johnson-1.html,georgia-southern,2022-23
14,63,18,2023-01-26,Georgia Southern,,Louisiana,REG (Conf),L 58-68,*,29,2,4,.500,1,3,.333,1,1,1.000,.625,0,0,,0,6,6,2,0,2,0,2,5,6.8,Eden Johnson,https://www.sports-reference.com/cbb/players/eden-johnson-1.html,georgia-southern,2022-23
15,64,19,2023-01-28,Georgia Southern,@,Troy,REG (Conf),L 77-100,*,26,0,2,.000,0,2,.000,0,0,,.000,0,0,,0,6,6,1,0,2,4,1,0,-1.9,Eden Johnson,https://www.sports-reference.com/cbb/players/eden-johnson-1.html,georgia-southern,2022-23
16,65,20,2023-02-02,Georgia Southern,,Georgia State,REG (Conf),W 74-49,*,15,0,1,.000,0,1,.000,0,0,,.000,3,4,.750,1,7,8,2,0,0,1,2,3,4.3,Eden Johnson,https://www.sports-reference.com/cbb/players/eden-johnson-1.html,georgia-southern,2022-23
17,66,21,2023-02-04,Georgia Southern,,James Madison,REG (Conf),W 72-61,*,27,3,6,.500,2,3,.667,1,3,.333,.667,0,0,,2,3,5,0,0,4,1,0,8,9.1,Eden Johnson,https://www.sports-reference.com/cbb/players/eden-johnson-1.html,georgia-southern,2022-23
18,67,22,2023-02-09,Georgia Southern,@,Old Dominion,REG (Conf),L 50-67,*,23,1,6,.167,0,2,.000,1,4,.250,.167,3,4,.750,2,4,6,0,0,2,3,4,5,0.2,Eden Johnson,https://www.sports-reference.com/cbb/players/eden-johnson-1.html,georgia-southern,2022-23
19,68,23,2023-02-11,Georgia Southern,@,Appalachian State,REG (Conf),W 84-73,*,21,5,8,.625,1,4,.250,4,4,1.000,.688,2,2,1.000,3,7,10,1,0,0,0,4,13,12.7,Eden Johnson,https://www.sports-reference.com/cbb/players/eden-johnson-1.html,georgia-southern,2022-23
20,69,24,2023-02-16,Georgia Southern,,Marshall,REG (Conf),W 63-61,*,34,4,7,.571,2,3,.667,2,4,.500,.714,0,0,,4,3,7,0,1,3,2,0,10,11.5,Eden Johnson,https://www.sports-reference.com/cbb/players/eden-johnson-1.html,georgia-southern,2022-23
21,70,25,2023-02-18,Georgia Southern,,Coastal Carolina,REG (Conf),W 75-66,,32,2,4,.500,1,2,.500,1,2,.500,.625,0,0,,2,4,6,3,1,0,2,0,5,6.7,Eden Johnson,https://www.sports-reference.com/cbb/players/eden-johnson-1.html,georgia-southern,2022-23
22,71,26,2023-02-22,Georgia Southern,@,South Alabama,REG (Conf),W 75-59,*,32,1,2,.500,1,1,1.000,0,1,.000,.750,2,2,1.000,2,5,7,0,1,1,1,0,5,7.6,Eden Johnson,https://www.sports-reference.com/cbb/players/eden-johnson-1.html,georgia-southern,2022-23
23,72,27,2023-02-24,Georgia Southern,@,Georgia State,REG (Conf),W 67-61,*,30,3,10,.300,2,6,.333,1,4,.250,.400,0,0,,1,4,5,2,1,0,2,0,8,4.5,Eden Johnson,https://www.sports-reference.com/cbb/players/eden-johnson-1.html,georgia-southern,2022-23
24,73,28,2023-03-01,Georgia Southern,N,Arkansas State,CTOURN,L 76-81 (OT),*,15,0,5,.000,0,1,.000,0,4,.000,.000,0,0,,0,0,0,2,0,1,1,2,0,-3.2,Eden Johnson,https://www.sports-reference.com/cbb/players/eden-johnson-1.html,georgia-southern,2022-23
25,74,29,2023-03-17,Georgia Southern,N,Northern Illinois,WBI,W 69-58,*,25,2,5,.400,1,2,.500,1,3,.333,.500,2,2,1.000,1,6,7,1,0,0,1,2,7,5.7,Eden Johnson,https://www.sports-reference.com/cbb/players/eden-johnson-1.html,georgia-southern,2022-23
26,75,30,2023-03-18,Georgia Southern,N,California Baptist,WBI,L 80-82 (OT),*,29,3,6,.500,0,2,.000,3,4,.750,.500,0,0,,1,7,8,1,0,1,1,5,6,4.2,Eden Johnson,https://www.sports-reference.com/cbb/players/eden-johnson-1.html,georgia-southern,2022-23
27,76,31,2023-03-19,Georgia Southern,N,East Tennessee State,WBI,L 49-96,*,13,0,5,.000,0,1,.000,0,4,.000,.000,0,0,,2,0,2,1,0,0,0,0,0,-1.4,Eden Johnson,https://www.sports-reference.com/cbb/players/eden-johnson-1.html,georgia-southern,2022-23
