ranker,player_game_num_career,team_game_num_season,date,team_name_abbr,game_location,opp_name_abbr,game_type,game_result,is_starter,mp,fg,fga,fg_pct,fg3,fg3a,fg2,fg2a,fg2_pct,efg_pct,ft,fta,ft_pct,orb,drb,trb,ast,stl,blk,tov,pf,pts,game_score,player_name,player_sr_link,school,season
1,24,1,2022-11-07,Georgia Southern,,Allen,REG (Non-Conf),W 99-47,*,16,2,3,.667,0,0,2,3,.667,.667,2,2,1.000,3,2,5,2,0,0,2,2,6,6.0,Shondell Vickers,https://www.sports-reference.com/cbb/players/shondell-vickers-1.html,georgia-southern,2022-23
2,25,2,2022-11-13,Georgia Southern,@,Charleston Southern,REG (Non-Conf),W 96-65,*,17,3,3,1.000,0,0,3,3,1.000,1.000,2,2,1.000,1,3,4,1,1,0,1,3,8,8.2,Shondell Vickers,https://www.sports-reference.com/cbb/players/shondell-vickers-1.html,georgia-southern,2022-23
3,26,9,2022-12-16,Georgia Southern,,College of Charleston,REG (Non-Conf),W 83-65,,4,1,1,1.000,0,0,1,1,1.000,1.000,0,0,,0,0,0,0,0,0,0,0,2,1.7,Shondell Vickers,https://www.sports-reference.com/cbb/players/shondell-vickers-1.html,georgia-southern,2022-23
4,27,10,2022-12-29,Georgia Southern,,Texas State,REG (Conf),L 70-82,,2,0,1,.000,0,0,0,1,.000,.000,0,0,,0,1,1,0,0,0,0,0,0,-0.4,Shondell Vickers,https://www.sports-reference.com/cbb/players/shondell-vickers-1.html,georgia-southern,2022-23
