ranker,player_game_num_career,team_game_num_season,date,team_name_abbr,game_location,opp_name_abbr,game_type,game_result,is_starter,mp,fg,fga,fg_pct,fg3,fg3a,fg3_pct,fg2,fg2a,fg2_pct,efg_pct,ft,fta,ft_pct,orb,drb,trb,ast,stl,blk,tov,pf,pts,game_score,player_name,player_sr_link,school,season
1,99,1,2018-11-07,Villanova,,Hartford,REG (Non-Conf),W 59-41,*,30,3,13,.231,1,8,.125,2,5,.400,.269,1,2,.500,0,3,3,4,2,0,3,1,8,2.0,Adrianna Hahn,https://www.sports-reference.com/cbb/players/adrianna-hahn-1.html,villanova,2018-19
2,100,2,2018-11-16,Villanova,@,Lehigh,REG (Non-Conf),W 70-48,*,27,3,10,.300,2,6,.333,1,4,.250,.400,0,0,,0,2,2,6,6,0,0,1,8,12.6,Adrianna Hahn,https://www.sports-reference.com/cbb/players/adrianna-hahn-1.html,villanova,2018-19
3,101,3,2018-11-20,Villanova,,La Salle,REG (Non-Conf),W 81-68,*,28,5,12,.417,3,7,.429,2,5,.400,.542,2,2,1.000,0,4,4,6,3,0,0,3,15,15.8,Adrianna Hahn,https://www.sports-reference.com/cbb/players/adrianna-hahn-1.html,villanova,2018-19
4,102,4,2018-11-24,Villanova,,Virginia Tech,REG (Non-Conf),L 59-61,*,32,4,11,.364,2,6,.333,2,5,.400,.455,0,0,,0,0,0,5,0,0,1,2,10,5.6,Adrianna Hahn,https://www.sports-reference.com/cbb/players/adrianna-hahn-1.html,villanova,2018-19
5,103,5,2018-11-25,Villanova,@,UCF,REG (Non-Conf),L 56-71,*,29,4,11,.364,3,9,.333,1,2,.500,.500,2,2,1.000,0,1,1,3,0,0,2,4,13,5.7,Adrianna Hahn,https://www.sports-reference.com/cbb/players/adrianna-hahn-1.html,villanova,2018-19
6,104,6,2018-11-28,Villanova,,Princeton,REG (Non-Conf),W 67-46,*,27,7,11,.636,3,6,.500,4,5,.800,.773,0,0,,0,2,2,3,0,0,0,2,17,14.0,Adrianna Hahn,https://www.sports-reference.com/cbb/players/adrianna-hahn-1.html,villanova,2018-19
7,105,7,2018-12-02,Villanova,@,Saint Joseph's,REG (Non-Conf),W 47-35,*,38,7,12,.583,3,8,.375,4,4,1.000,.708,0,0,,0,3,3,3,1,0,4,3,17,10.2,Adrianna Hahn,https://www.sports-reference.com/cbb/players/adrianna-hahn-1.html,villanova,2018-19
8,106,8,2018-12-06,Villanova,@,George Washington,REG (Non-Conf),W 60-45,*,35,6,10,.600,6,9,.667,0,1,.000,.900,0,0,,1,4,5,3,0,0,1,1,18,16.0,Adrianna Hahn,https://www.sports-reference.com/cbb/players/adrianna-hahn-1.html,villanova,2018-19
9,107,9,2018-12-09,Villanova,,Temple,REG (Non-Conf),W 76-68,*,34,3,7,.429,2,5,.400,1,2,.500,.571,1,4,.250,0,0,0,3,0,0,3,3,9,2.0,Adrianna Hahn,https://www.sports-reference.com/cbb/players/adrianna-hahn-1.html,villanova,2018-19
10,108,10,2018-12-14,Villanova,,Georgia,REG (Non-Conf),W 62-56,*,37,4,10,.400,1,3,.333,3,7,.429,.450,2,2,1.000,1,3,4,3,1,0,2,0,11,8.3,Adrianna Hahn,https://www.sports-reference.com/cbb/players/adrianna-hahn-1.html,villanova,2018-19
11,109,11,2018-12-29,Villanova,,Butler,REG (Conf),L 55-63,*,37,5,16,.313,3,13,.231,2,3,.667,.406,3,4,.750,0,2,2,6,5,0,3,4,16,11.6,Adrianna Hahn,https://www.sports-reference.com/cbb/players/adrianna-hahn-1.html,villanova,2018-19
12,110,12,2018-12-31,Villanova,,Xavier,REG (Conf),W 75-71,*,33,6,11,.545,5,10,.500,1,1,1.000,.773,2,2,1.000,0,3,3,1,3,0,2,2,19,15.5,Adrianna Hahn,https://www.sports-reference.com/cbb/players/adrianna-hahn-1.html,villanova,2018-19
13,111,13,2019-01-04,Villanova,@,Creighton,REG (Conf),W 54-52,*,30,4,8,.500,1,2,.500,3,6,.500,.563,2,2,1.000,0,6,6,2,0,0,2,3,11,7.0,Adrianna Hahn,https://www.sports-reference.com/cbb/players/adrianna-hahn-1.html,villanova,2018-19
14,112,14,2019-01-06,Villanova,@,Providence,REG (Conf),L 61-67,*,37,7,18,.389,3,9,.333,4,9,.444,.472,2,3,.667,1,1,2,2,2,0,2,2,19,10.4,Adrianna Hahn,https://www.sports-reference.com/cbb/players/adrianna-hahn-1.html,villanova,2018-19
15,113,15,2019-01-11,Villanova,,Marquette,REG (Conf),L 55-91,*,24,1,3,.333,1,2,.500,0,1,.000,.500,0,0,,1,1,2,4,0,0,3,1,3,1.7,Adrianna Hahn,https://www.sports-reference.com/cbb/players/adrianna-hahn-1.html,villanova,2018-19
16,114,16,2019-01-13,Villanova,,DePaul,REG (Conf),L 59-66 (OT),*,37,2,9,.222,2,5,.400,0,4,.000,.333,0,0,,1,0,1,5,0,0,2,3,6,1.5,Adrianna Hahn,https://www.sports-reference.com/cbb/players/adrianna-hahn-1.html,villanova,2018-19
17,115,17,2019-01-16,Villanova,@,Pennsylvania,REG (Non-Conf),W 58-50,,29,4,7,.571,3,5,.600,1,2,.500,.786,1,2,.500,0,2,2,5,2,0,1,2,12,12.6,Adrianna Hahn,https://www.sports-reference.com/cbb/players/adrianna-hahn-1.html,villanova,2018-19
18,116,18,2019-01-19,Villanova,@,Georgetown,REG (Conf),L 63-68,,30,4,9,.444,4,7,.571,0,2,.000,.667,0,0,,0,0,0,1,0,1,0,1,12,8.3,Adrianna Hahn,https://www.sports-reference.com/cbb/players/adrianna-hahn-1.html,villanova,2018-19
19,117,19,2019-01-25,Villanova,@,Seton Hall,REG (Conf),W 70-66,*,35,6,10,.600,2,6,.333,4,4,1.000,.700,2,2,1.000,0,2,2,1,0,0,0,2,16,11.9,Adrianna Hahn,https://www.sports-reference.com/cbb/players/adrianna-hahn-1.html,villanova,2018-19
20,118,20,2019-01-27,Villanova,@,St. John's (NY),REG (Conf),W 73-57,*,32,1,4,.250,1,2,.500,0,2,.000,.375,1,2,.500,0,3,3,1,0,0,2,3,4,-0.4,Adrianna Hahn,https://www.sports-reference.com/cbb/players/adrianna-hahn-1.html,villanova,2018-19
21,119,21,2019-02-01,Villanova,,Providence,REG (Conf),W 53-33,*,29,5,13,.385,4,10,.400,1,3,.333,.538,0,0,,0,5,5,1,1,0,2,4,14,6.5,Adrianna Hahn,https://www.sports-reference.com/cbb/players/adrianna-hahn-1.html,villanova,2018-19
22,120,22,2019-02-03,Villanova,,Creighton,REG (Conf),W 67-62 (2OT),*,46,4,10,.400,3,6,.500,1,4,.250,.550,0,0,,1,3,4,6,1,0,1,4,11,9.8,Adrianna Hahn,https://www.sports-reference.com/cbb/players/adrianna-hahn-1.html,villanova,2018-19
23,121,23,2019-02-08,Villanova,@,DePaul,REG (Conf),L 70-93,*,31,7,12,.583,3,6,.500,4,6,.667,.708,0,0,,0,2,2,1,1,0,2,3,17,10.5,Adrianna Hahn,https://www.sports-reference.com/cbb/players/adrianna-hahn-1.html,villanova,2018-19
24,122,24,2019-02-10,Villanova,@,Marquette,REG (Conf),L 55-93,*,17,0,2,.000,0,2,.000,0,0,,.000,0,0,,0,0,0,1,0,0,2,1,0,-3.1,Adrianna Hahn,https://www.sports-reference.com/cbb/players/adrianna-hahn-1.html,villanova,2018-19
25,123,25,2019-02-16,Villanova,,Georgetown,REG (Conf),W 91-43,*,26,4,6,.667,3,5,.600,1,1,1.000,.917,0,0,,0,5,5,5,1,0,1,2,11,12.6,Adrianna Hahn,https://www.sports-reference.com/cbb/players/adrianna-hahn-1.html,villanova,2018-19
26,124,26,2019-02-22,Villanova,,St. John's (NY),REG (Conf),L 62-66,*,37,7,18,.389,5,12,.417,2,6,.333,.528,0,0,,1,2,3,2,1,0,1,2,19,11.1,Adrianna Hahn,https://www.sports-reference.com/cbb/players/adrianna-hahn-1.html,villanova,2018-19
27,125,27,2019-02-24,Villanova,,Seton Hall,REG (Conf),W 73-68,*,37,3,10,.300,3,10,.300,0,0,,.450,2,2,1.000,0,1,1,5,1,0,2,2,11,7.2,Adrianna Hahn,https://www.sports-reference.com/cbb/players/adrianna-hahn-1.html,villanova,2018-19
28,126,28,2019-03-01,Villanova,@,Xavier,REG (Conf),W 68-63,*,39,3,7,.429,3,6,.500,0,1,.000,.643,2,2,1.000,1,3,4,5,0,0,0,0,11,12.4,Adrianna Hahn,https://www.sports-reference.com/cbb/players/adrianna-hahn-1.html,villanova,2018-19
29,127,29,2019-03-03,Villanova,@,Butler,REG (Conf),L 60-62 (OT),*,40,6,14,.429,4,11,.364,2,3,.667,.571,0,0,,1,3,4,4,0,0,2,0,16,11.0,Adrianna Hahn,https://www.sports-reference.com/cbb/players/adrianna-hahn-1.html,villanova,2018-19
30,128,30,2019-03-10,Villanova,@,Georgetown,CTOURN,L 67-76,*,39,5,9,.556,5,8,.625,0,1,.000,.833,0,0,,0,4,4,5,0,0,2,3,15,12.2,Adrianna Hahn,https://www.sports-reference.com/cbb/players/adrianna-hahn-1.html,villanova,2018-19
31,129,31,2019-03-22,Villanova,,Old Dominion,WNIT,W 86-81 (OT),*,40,1,2,.500,0,0,,1,2,.500,.500,2,2,1.000,1,1,2,2,1,0,2,3,4,3.2,Adrianna Hahn,https://www.sports-reference.com/cbb/players/adrianna-hahn-1.html,villanova,2018-19
32,130,32,2019-03-24,Villanova,@,West Virginia,WNIT,L 57-64,*,39,3,9,.333,2,7,.286,1,2,.500,.444,0,0,,0,3,3,3,2,0,1,1,8,6.5,Adrianna Hahn,https://www.sports-reference.com/cbb/players/adrianna-hahn-1.html,villanova,2018-19
