ranker,player_game_num_career,team_game_num_season,date,team_name_abbr,game_location,opp_name_abbr,game_type,game_result,is_starter,mp,fg,fga,fg_pct,fg3,fg3a,fg3_pct,fg2,fg2a,fg2_pct,efg_pct,ft,fta,ft_pct,orb,drb,trb,ast,stl,blk,tov,pf,pts,game_score,player_name,player_sr_link,school,season
1,20,1,2018-11-07,Villanova,,Hartford,REG (Non-Conf),W 59-41,,13,2,3,.667,1,1,1.000,1,2,.500,.833,0,0,,4,4,8,0,0,1,1,2,5,6.6,Brianna Herlihy,https://www.sports-reference.com/cbb/players/brianna-herlihy-1.html,villanova,2018-19
2,21,2,2018-11-16,Villanova,@,Lehigh,REG (Non-Conf),W 70-48,,17,1,4,.250,0,2,.000,1,2,.500,.250,0,0,,1,4,5,1,0,1,1,2,2,1.1,Brianna Herlihy,https://www.sports-reference.com/cbb/players/brianna-herlihy-1.html,villanova,2018-19
3,22,3,2018-11-20,Villanova,,La Salle,REG (Non-Conf),W 81-68,,12,1,3,.333,0,1,.000,1,2,.500,.333,1,3,.333,1,2,3,1,2,0,2,1,3,2.1,Brianna Herlihy,https://www.sports-reference.com/cbb/players/brianna-herlihy-1.html,villanova,2018-19
4,23,4,2018-11-24,Villanova,,Virginia Tech,REG (Non-Conf),L 59-61,,8,1,2,.500,1,2,.500,0,0,,.750,0,0,,0,1,1,0,0,0,0,2,3,1.5,Brianna Herlihy,https://www.sports-reference.com/cbb/players/brianna-herlihy-1.html,villanova,2018-19
5,24,5,2018-11-25,Villanova,@,UCF,REG (Non-Conf),L 56-71,,14,1,2,.500,0,0,,1,2,.500,.500,0,0,,0,1,1,0,0,2,2,1,2,0.3,Brianna Herlihy,https://www.sports-reference.com/cbb/players/brianna-herlihy-1.html,villanova,2018-19
6,25,6,2018-11-28,Villanova,,Princeton,REG (Non-Conf),W 67-46,,8,2,3,.667,1,2,.500,1,1,1.000,.833,0,0,,1,1,2,0,0,1,2,0,5,3.4,Brianna Herlihy,https://www.sports-reference.com/cbb/players/brianna-herlihy-1.html,villanova,2018-19
7,26,7,2018-12-02,Villanova,@,Saint Joseph's,REG (Non-Conf),W 47-35,,5,0,0,,0,0,,0,0,,,0,0,,0,0,0,0,0,0,0,0,0,0.0,Brianna Herlihy,https://www.sports-reference.com/cbb/players/brianna-herlihy-1.html,villanova,2018-19
8,27,8,2018-12-06,Villanova,@,George Washington,REG (Non-Conf),W 60-45,,13,1,1,1.000,0,0,,1,1,1.000,1.000,0,0,,1,3,4,2,0,0,0,1,2,4.3,Brianna Herlihy,https://www.sports-reference.com/cbb/players/brianna-herlihy-1.html,villanova,2018-19
9,28,9,2018-12-09,Villanova,,Temple,REG (Non-Conf),W 76-68,,3,0,0,,0,0,,0,0,,,0,0,,0,2,2,0,0,0,2,1,0,-1.8,Brianna Herlihy,https://www.sports-reference.com/cbb/players/brianna-herlihy-1.html,villanova,2018-19
10,29,10,2018-12-14,Villanova,,Georgia,REG (Non-Conf),W 62-56,,16,0,1,.000,0,0,,0,1,.000,.000,0,0,,3,0,3,1,0,0,1,2,0,0.3,Brianna Herlihy,https://www.sports-reference.com/cbb/players/brianna-herlihy-1.html,villanova,2018-19
11,30,11,2018-12-29,Villanova,,Butler,REG (Conf),L 55-63,,7,0,1,.000,0,1,.000,0,0,,.000,0,0,,0,2,2,0,0,0,0,0,0,-0.1,Brianna Herlihy,https://www.sports-reference.com/cbb/players/brianna-herlihy-1.html,villanova,2018-19
12,31,13,2019-01-04,Villanova,@,Creighton,REG (Conf),W 54-52,,1,0,0,,0,0,,0,0,,,0,0,,0,0,0,0,0,0,1,0,0,-1.0,Brianna Herlihy,https://www.sports-reference.com/cbb/players/brianna-herlihy-1.html,villanova,2018-19
13,32,14,2019-01-06,Villanova,@,Providence,REG (Conf),L 61-67,,9,0,0,,0,0,,0,0,,,0,0,,0,1,1,1,0,0,0,1,0,0.6,Brianna Herlihy,https://www.sports-reference.com/cbb/players/brianna-herlihy-1.html,villanova,2018-19
14,33,15,2019-01-11,Villanova,,Marquette,REG (Conf),L 55-91,,18,5,6,.833,0,1,.000,5,5,1.000,.833,0,0,,2,2,4,0,0,1,2,3,10,7.3,Brianna Herlihy,https://www.sports-reference.com/cbb/players/brianna-herlihy-1.html,villanova,2018-19
15,34,16,2019-01-13,Villanova,,DePaul,REG (Conf),L 59-66 (OT),,6,0,1,.000,0,0,,0,1,.000,.000,0,0,,0,1,1,0,0,1,0,0,0,0.3,Brianna Herlihy,https://www.sports-reference.com/cbb/players/brianna-herlihy-1.html,villanova,2018-19
16,35,17,2019-01-16,Villanova,@,Pennsylvania,REG (Non-Conf),W 58-50,,25,1,6,.167,1,2,.500,0,4,.000,.250,0,0,,0,5,5,2,0,3,2,2,3,1.4,Brianna Herlihy,https://www.sports-reference.com/cbb/players/brianna-herlihy-1.html,villanova,2018-19
17,36,18,2019-01-19,Villanova,@,Georgetown,REG (Conf),L 63-68,,9,0,0,,0,0,,0,0,,,0,0,,0,1,1,2,0,0,0,0,0,1.7,Brianna Herlihy,https://www.sports-reference.com/cbb/players/brianna-herlihy-1.html,villanova,2018-19
18,37,19,2019-01-25,Villanova,@,Seton Hall,REG (Conf),W 70-66,,10,0,1,.000,0,1,.000,0,0,,.000,1,2,.500,0,1,1,0,0,0,0,1,1,-0.2,Brianna Herlihy,https://www.sports-reference.com/cbb/players/brianna-herlihy-1.html,villanova,2018-19
19,38,20,2019-01-27,Villanova,@,St. John's (NY),REG (Conf),W 73-57,,6,0,0,,0,0,,0,0,,,0,0,,0,3,3,1,0,0,0,1,0,1.2,Brianna Herlihy,https://www.sports-reference.com/cbb/players/brianna-herlihy-1.html,villanova,2018-19
20,39,21,2019-02-01,Villanova,,Providence,REG (Conf),W 53-33,,5,0,2,.000,0,2,.000,0,0,,.000,0,0,,0,2,2,1,0,0,0,0,0,-0.1,Brianna Herlihy,https://www.sports-reference.com/cbb/players/brianna-herlihy-1.html,villanova,2018-19
21,40,22,2019-02-03,Villanova,,Creighton,REG (Conf),W 67-62 (2OT),,1,0,0,,0,0,,0,0,,,0,0,,0,1,1,0,0,0,0,0,0,0.3,Brianna Herlihy,https://www.sports-reference.com/cbb/players/brianna-herlihy-1.html,villanova,2018-19
22,41,23,2019-02-08,Villanova,@,DePaul,REG (Conf),L 70-93,,9,0,0,,0,0,,0,0,,,0,0,,1,1,2,0,1,1,0,1,0,2.3,Brianna Herlihy,https://www.sports-reference.com/cbb/players/brianna-herlihy-1.html,villanova,2018-19
23,42,24,2019-02-10,Villanova,@,Marquette,REG (Conf),L 55-93,,18,2,5,.400,0,1,.000,2,4,.500,.400,0,0,,1,2,3,1,0,0,2,2,4,0.5,Brianna Herlihy,https://www.sports-reference.com/cbb/players/brianna-herlihy-1.html,villanova,2018-19
24,43,25,2019-02-16,Villanova,,Georgetown,REG (Conf),W 91-43,,12,1,3,.333,0,0,,1,3,.333,.333,2,3,.667,1,5,6,1,1,0,0,1,4,5.4,Brianna Herlihy,https://www.sports-reference.com/cbb/players/brianna-herlihy-1.html,villanova,2018-19
25,44,27,2019-02-24,Villanova,,Seton Hall,REG (Conf),W 73-68,,7,1,1,1.000,0,0,,1,1,1.000,1.000,0,0,,1,0,1,2,1,0,1,0,2,3.8,Brianna Herlihy,https://www.sports-reference.com/cbb/players/brianna-herlihy-1.html,villanova,2018-19
26,45,28,2019-03-01,Villanova,@,Xavier,REG (Conf),W 68-63,,8,2,2,1.000,1,1,1.000,1,1,1.000,1.250,1,2,.500,0,0,0,1,0,0,0,1,6,5.3,Brianna Herlihy,https://www.sports-reference.com/cbb/players/brianna-herlihy-1.html,villanova,2018-19
27,46,29,2019-03-03,Villanova,@,Butler,REG (Conf),L 60-62 (OT),,12,1,2,.500,0,1,.000,1,1,1.000,.500,0,0,,1,1,2,1,1,0,1,0,2,2.7,Brianna Herlihy,https://www.sports-reference.com/cbb/players/brianna-herlihy-1.html,villanova,2018-19
28,47,30,2019-03-10,Villanova,@,Georgetown,CTOURN,L 67-76,,2,0,1,.000,0,0,,0,1,.000,.000,0,0,,0,0,0,0,0,0,0,0,0,-0.7,Brianna Herlihy,https://www.sports-reference.com/cbb/players/brianna-herlihy-1.html,villanova,2018-19
29,48,31,2019-03-22,Villanova,,Old Dominion,WNIT,W 86-81 (OT),,23,5,6,.833,3,4,.750,2,2,1.000,1.083,7,12,.583,4,7,11,0,0,0,0,4,20,19.1,Brianna Herlihy,https://www.sports-reference.com/cbb/players/brianna-herlihy-1.html,villanova,2018-19
30,49,32,2019-03-24,Villanova,@,West Virginia,WNIT,L 57-64,,24,3,5,.600,2,3,.667,1,2,.500,.800,1,2,.500,2,9,11,2,0,1,3,2,9,8.7,Brianna Herlihy,https://www.sports-reference.com/cbb/players/brianna-herlihy-1.html,villanova,2018-19
