ranker,player_game_num_career,team_game_num_season,date,team_name_abbr,game_location,opp_name_abbr,game_type,game_result,is_starter,mp,fg,fga,fg_pct,fg3,fg3a,fg3_pct,fg2,fg2a,fg2_pct,efg_pct,ft,fta,ft_pct,orb,drb,trb,ast,stl,blk,tov,pf,pts,game_score,player_name,player_sr_link,school,season
1,61,1,2018-11-07,Villanova,,Hartford,REG (Non-Conf),W 59-41,*,23,1,4,.250,0,2,.000,1,2,.500,.250,0,0,,4,6,10,4,3,3,3,1,2,8.7,Bridget Herlihy,https://www.sports-reference.com/cbb/players/bridget-herlihy-1.html,villanova,2018-19
2,62,2,2018-11-16,Villanova,@,Lehigh,REG (Non-Conf),W 70-48,*,22,3,7,.429,1,4,.250,2,3,.667,.500,0,0,,1,4,5,4,0,0,1,1,7,6.6,Bridget Herlihy,https://www.sports-reference.com/cbb/players/bridget-herlihy-1.html,villanova,2018-19
3,63,3,2018-11-20,Villanova,,La Salle,REG (Non-Conf),W 81-68,*,15,1,6,.167,0,3,.000,1,3,.333,.167,0,0,,3,5,8,0,0,1,1,1,2,1.1,Bridget Herlihy,https://www.sports-reference.com/cbb/players/bridget-herlihy-1.html,villanova,2018-19
4,64,4,2018-11-24,Villanova,,Virginia Tech,REG (Non-Conf),L 59-61,*,22,1,4,.250,0,1,.000,1,3,.333,.250,0,0,,0,1,1,2,0,2,1,4,2,0.1,Bridget Herlihy,https://www.sports-reference.com/cbb/players/bridget-herlihy-1.html,villanova,2018-19
5,65,5,2018-11-25,Villanova,@,UCF,REG (Non-Conf),L 56-71,*,20,0,3,.000,0,2,.000,0,1,.000,.000,0,0,,1,6,7,2,0,2,2,2,0,0.4,Bridget Herlihy,https://www.sports-reference.com/cbb/players/bridget-herlihy-1.html,villanova,2018-19
6,66,6,2018-11-28,Villanova,,Princeton,REG (Non-Conf),W 67-46,,17,4,11,.364,1,6,.167,3,5,.600,.409,0,0,,3,3,6,3,0,2,0,0,9,9.4,Bridget Herlihy,https://www.sports-reference.com/cbb/players/bridget-herlihy-1.html,villanova,2018-19
7,67,7,2018-12-02,Villanova,@,Saint Joseph's,REG (Non-Conf),W 47-35,,8,0,5,.000,0,2,.000,0,3,.000,.000,2,2,1.000,1,4,5,0,1,0,0,0,2,1.4,Bridget Herlihy,https://www.sports-reference.com/cbb/players/bridget-herlihy-1.html,villanova,2018-19
8,68,8,2018-12-06,Villanova,@,George Washington,REG (Non-Conf),W 60-45,,11,0,4,.000,0,3,.000,0,1,.000,.000,0,0,,0,2,2,2,0,1,1,1,0,-1.5,Bridget Herlihy,https://www.sports-reference.com/cbb/players/bridget-herlihy-1.html,villanova,2018-19
9,69,9,2018-12-09,Villanova,,Temple,REG (Non-Conf),W 76-68,,17,3,5,.600,2,4,.500,1,1,1.000,.800,0,0,,2,4,6,1,1,3,3,2,8,8.3,Bridget Herlihy,https://www.sports-reference.com/cbb/players/bridget-herlihy-1.html,villanova,2018-19
10,70,10,2018-12-14,Villanova,,Georgia,REG (Non-Conf),W 62-56,,12,1,5,.200,1,3,.333,0,2,.000,.300,2,2,1.000,0,2,2,1,0,0,1,2,5,1.4,Bridget Herlihy,https://www.sports-reference.com/cbb/players/bridget-herlihy-1.html,villanova,2018-19
11,71,11,2018-12-29,Villanova,,Butler,REG (Conf),L 55-63,,9,0,1,.000,0,1,.000,0,0,,.000,0,0,,1,0,1,0,1,2,0,2,0,1.6,Bridget Herlihy,https://www.sports-reference.com/cbb/players/bridget-herlihy-1.html,villanova,2018-19
12,72,12,2018-12-31,Villanova,,Xavier,REG (Conf),W 75-71,,11,0,2,.000,0,2,.000,0,0,,.000,0,0,,1,3,4,0,1,0,7,2,0,-6.6,Bridget Herlihy,https://www.sports-reference.com/cbb/players/bridget-herlihy-1.html,villanova,2018-19
13,73,13,2019-01-04,Villanova,@,Creighton,REG (Conf),W 54-52,,19,3,4,.750,1,1,1.000,2,3,.667,.875,4,4,1.000,0,3,3,1,1,1,0,3,11,11.5,Bridget Herlihy,https://www.sports-reference.com/cbb/players/bridget-herlihy-1.html,villanova,2018-19
14,74,14,2019-01-06,Villanova,@,Providence,REG (Conf),L 61-67,*,16,3,10,.300,2,7,.286,1,3,.333,.400,0,0,,0,2,2,1,0,0,1,2,8,1.7,Bridget Herlihy,https://www.sports-reference.com/cbb/players/bridget-herlihy-1.html,villanova,2018-19
15,75,15,2019-01-11,Villanova,,Marquette,REG (Conf),L 55-91,*,21,3,9,.333,0,3,.000,3,6,.500,.333,0,0,,0,2,2,4,0,2,1,1,6,4.3,Bridget Herlihy,https://www.sports-reference.com/cbb/players/bridget-herlihy-1.html,villanova,2018-19
16,76,16,2019-01-13,Villanova,,DePaul,REG (Conf),L 59-66 (OT),*,27,4,9,.444,1,4,.250,3,5,.600,.500,0,0,,1,2,3,4,0,2,1,3,9,7.6,Bridget Herlihy,https://www.sports-reference.com/cbb/players/bridget-herlihy-1.html,villanova,2018-19
17,77,17,2019-01-16,Villanova,@,Pennsylvania,REG (Non-Conf),W 58-50,*,17,2,5,.400,0,2,.000,2,3,.667,.400,2,2,1.000,0,2,2,3,0,0,1,4,6,3.4,Bridget Herlihy,https://www.sports-reference.com/cbb/players/bridget-herlihy-1.html,villanova,2018-19
18,78,18,2019-01-19,Villanova,@,Georgetown,REG (Conf),L 63-68,*,24,3,5,.600,1,1,1.000,2,4,.500,.700,2,2,1.000,0,3,3,4,1,1,0,4,9,10.5,Bridget Herlihy,https://www.sports-reference.com/cbb/players/bridget-herlihy-1.html,villanova,2018-19
19,79,19,2019-01-25,Villanova,@,Seton Hall,REG (Conf),W 70-66,*,10,0,3,.000,0,2,.000,0,1,.000,.000,0,0,,0,2,2,1,0,1,1,2,0,-1.9,Bridget Herlihy,https://www.sports-reference.com/cbb/players/bridget-herlihy-1.html,villanova,2018-19
20,80,20,2019-01-27,Villanova,@,St. John's (NY),REG (Conf),W 73-57,*,15,2,4,.500,1,2,.500,1,2,.500,.625,1,2,.500,0,2,2,2,0,1,0,1,6,5.9,Bridget Herlihy,https://www.sports-reference.com/cbb/players/bridget-herlihy-1.html,villanova,2018-19
21,81,21,2019-02-01,Villanova,,Providence,REG (Conf),W 53-33,*,17,1,5,.200,0,2,.000,1,3,.333,.200,1,2,.500,1,5,6,1,0,2,2,1,3,1.4,Bridget Herlihy,https://www.sports-reference.com/cbb/players/bridget-herlihy-1.html,villanova,2018-19
22,82,22,2019-02-03,Villanova,,Creighton,REG (Conf),W 67-62 (2OT),*,22,1,2,.500,0,1,.000,1,1,1.000,.500,0,2,.000,0,9,9,1,0,1,0,3,2,3.1,Bridget Herlihy,https://www.sports-reference.com/cbb/players/bridget-herlihy-1.html,villanova,2018-19
23,83,23,2019-02-08,Villanova,@,DePaul,REG (Conf),L 70-93,*,19,1,3,.333,1,1,1.000,0,2,.000,.500,0,0,,0,4,4,2,0,0,2,3,3,0.7,Bridget Herlihy,https://www.sports-reference.com/cbb/players/bridget-herlihy-1.html,villanova,2018-19
24,84,24,2019-02-10,Villanova,@,Marquette,REG (Conf),L 55-93,*,26,1,4,.250,0,0,,1,4,.250,.250,0,0,,0,0,0,5,0,0,1,5,2,0.1,Bridget Herlihy,https://www.sports-reference.com/cbb/players/bridget-herlihy-1.html,villanova,2018-19
25,85,25,2019-02-16,Villanova,,Georgetown,REG (Conf),W 91-43,*,18,2,4,.500,1,3,.333,1,1,1.000,.625,2,3,.667,1,2,3,3,0,1,3,1,7,5.3,Bridget Herlihy,https://www.sports-reference.com/cbb/players/bridget-herlihy-1.html,villanova,2018-19
26,86,26,2019-02-22,Villanova,,St. John's (NY),REG (Conf),L 62-66,*,23,0,1,.000,0,0,,0,1,.000,.000,0,0,,0,5,5,1,0,2,3,2,0,-0.9,Bridget Herlihy,https://www.sports-reference.com/cbb/players/bridget-herlihy-1.html,villanova,2018-19
27,87,27,2019-02-24,Villanova,,Seton Hall,REG (Conf),W 73-68,,23,4,8,.500,1,3,.333,3,5,.600,.563,0,0,,0,2,2,2,1,2,1,3,9,7.2,Bridget Herlihy,https://www.sports-reference.com/cbb/players/bridget-herlihy-1.html,villanova,2018-19
28,88,28,2019-03-01,Villanova,@,Xavier,REG (Conf),W 68-63,*,13,2,6,.333,1,5,.200,1,1,1.000,.417,0,0,,0,3,3,2,2,0,1,4,5,3.3,Bridget Herlihy,https://www.sports-reference.com/cbb/players/bridget-herlihy-1.html,villanova,2018-19
29,89,29,2019-03-03,Villanova,@,Butler,REG (Conf),L 60-62 (OT),*,27,0,2,.000,0,2,.000,0,0,,.000,0,0,,0,3,3,1,1,4,0,4,0,2.4,Bridget Herlihy,https://www.sports-reference.com/cbb/players/bridget-herlihy-1.html,villanova,2018-19
30,90,30,2019-03-10,Villanova,@,Georgetown,CTOURN,L 67-76,*,29,3,6,.500,2,4,.500,1,2,.500,.667,0,0,,0,5,5,1,1,0,1,4,8,5.6,Bridget Herlihy,https://www.sports-reference.com/cbb/players/bridget-herlihy-1.html,villanova,2018-19
31,91,31,2019-03-22,Villanova,,Old Dominion,WNIT,W 86-81 (OT),*,25,0,6,.000,0,5,.000,0,1,.000,.000,0,0,,1,7,8,5,0,4,4,1,0,0.5,Bridget Herlihy,https://www.sports-reference.com/cbb/players/bridget-herlihy-1.html,villanova,2018-19
32,92,32,2019-03-24,Villanova,@,West Virginia,WNIT,L 57-64,*,14,1,5,.200,0,4,.000,1,1,1.000,.200,0,0,,0,3,3,2,0,0,2,4,2,-2.4,Bridget Herlihy,https://www.sports-reference.com/cbb/players/bridget-herlihy-1.html,villanova,2018-19
