ranker,player_game_num_career,team_game_num_season,date,team_name_abbr,game_location,opp_name_abbr,game_type,game_result,is_starter,mp,fg,fga,fg_pct,fg3,fg3a,fg3_pct,fg2,fg2a,fg2_pct,efg_pct,ft,fta,ft_pct,orb,drb,trb,ast,stl,blk,tov,pf,pts,game_score,player_name,player_sr_link,school,season
1,1,1,2018-11-07,Villanova,,Hartford,REG (Non-Conf),W 59-41,,6,1,1,1.000,0,0,,1,1,1.000,1.000,0,0,,0,1,1,1,0,0,1,0,2,1.7,Emily Esposito,https://www.sports-reference.com/cbb/players/emily-esposito-1.html,villanova,2018-19
2,2,2,2018-11-16,Villanova,@,Lehigh,REG (Non-Conf),W 70-48,,8,0,1,.000,0,0,,0,1,.000,.000,0,0,,1,2,3,1,0,0,1,0,0,0.3,Emily Esposito,https://www.sports-reference.com/cbb/players/emily-esposito-1.html,villanova,2018-19
3,3,3,2018-11-20,Villanova,,La Salle,REG (Non-Conf),W 81-68,,10,0,2,.000,0,0,,0,2,.000,.000,0,0,,0,0,0,0,0,0,0,1,0,-1.8,Emily Esposito,https://www.sports-reference.com/cbb/players/emily-esposito-1.html,villanova,2018-19
4,4,4,2018-11-24,Villanova,,Virginia Tech,REG (Non-Conf),L 59-61,,17,1,1,1.000,1,1,1.000,0,0,,1.500,0,0,,0,2,2,0,0,0,0,2,3,2.5,Emily Esposito,https://www.sports-reference.com/cbb/players/emily-esposito-1.html,villanova,2018-19
5,5,5,2018-11-25,Villanova,@,UCF,REG (Non-Conf),L 56-71,,16,2,5,.400,0,1,.000,2,4,.500,.400,0,0,,1,2,3,1,0,0,1,1,4,1.9,Emily Esposito,https://www.sports-reference.com/cbb/players/emily-esposito-1.html,villanova,2018-19
6,6,6,2018-11-28,Villanova,,Princeton,REG (Non-Conf),W 67-46,,12,0,4,.000,0,2,.000,0,2,.000,.000,0,0,,0,1,1,2,0,0,0,0,0,-1.1,Emily Esposito,https://www.sports-reference.com/cbb/players/emily-esposito-1.html,villanova,2018-19
7,7,7,2018-12-02,Villanova,@,Saint Joseph's,REG (Non-Conf),W 47-35,,3,0,0,,0,0,,0,0,,,0,0,,0,0,0,0,0,0,0,0,0,0.0,Emily Esposito,https://www.sports-reference.com/cbb/players/emily-esposito-1.html,villanova,2018-19
8,8,8,2018-12-06,Villanova,@,George Washington,REG (Non-Conf),W 60-45,,14,2,5,.400,1,4,.250,1,1,1.000,.500,0,0,,0,1,1,0,0,1,2,0,5,1.3,Emily Esposito,https://www.sports-reference.com/cbb/players/emily-esposito-1.html,villanova,2018-19
9,9,9,2018-12-09,Villanova,,Temple,REG (Non-Conf),W 76-68,,24,3,4,.750,2,2,1.000,1,2,.500,1.000,0,0,,1,4,5,1,0,1,0,1,8,9.3,Emily Esposito,https://www.sports-reference.com/cbb/players/emily-esposito-1.html,villanova,2018-19
10,10,10,2018-12-14,Villanova,,Georgia,REG (Non-Conf),W 62-56,,18,4,5,.800,0,0,,4,5,.800,.800,0,0,,0,2,2,1,0,0,0,1,8,7.0,Emily Esposito,https://www.sports-reference.com/cbb/players/emily-esposito-1.html,villanova,2018-19
11,11,11,2018-12-29,Villanova,,Butler,REG (Conf),L 55-63,,4,0,1,.000,0,1,.000,0,0,,.000,0,0,,0,0,0,0,0,0,0,0,0,-0.7,Emily Esposito,https://www.sports-reference.com/cbb/players/emily-esposito-1.html,villanova,2018-19
12,12,12,2018-12-31,Villanova,,Xavier,REG (Conf),W 75-71,,23,6,10,.600,1,3,.333,5,7,.714,.650,0,0,,1,0,1,3,2,0,2,1,13,10.8,Emily Esposito,https://www.sports-reference.com/cbb/players/emily-esposito-1.html,villanova,2018-19
13,13,13,2019-01-04,Villanova,@,Creighton,REG (Conf),W 54-52,,20,1,7,.143,1,1,1.000,0,6,.000,.214,0,0,,1,1,2,2,0,0,0,1,3,0.5,Emily Esposito,https://www.sports-reference.com/cbb/players/emily-esposito-1.html,villanova,2018-19
14,14,14,2019-01-06,Villanova,@,Providence,REG (Conf),L 61-67,,30,3,10,.300,3,8,.375,0,2,.000,.450,0,0,,1,2,3,2,0,0,1,2,9,4.1,Emily Esposito,https://www.sports-reference.com/cbb/players/emily-esposito-1.html,villanova,2018-19
15,15,15,2019-01-11,Villanova,,Marquette,REG (Conf),L 55-91,,17,0,4,.000,0,1,.000,0,3,.000,.000,0,0,,0,1,1,0,0,0,2,1,0,-4.9,Emily Esposito,https://www.sports-reference.com/cbb/players/emily-esposito-1.html,villanova,2018-19
16,16,16,2019-01-13,Villanova,,DePaul,REG (Conf),L 59-66 (OT),,21,2,5,.400,0,1,.000,2,4,.500,.400,0,1,.000,1,0,1,0,0,0,0,0,4,1.6,Emily Esposito,https://www.sports-reference.com/cbb/players/emily-esposito-1.html,villanova,2018-19
17,17,17,2019-01-16,Villanova,@,Pennsylvania,REG (Non-Conf),W 58-50,,9,0,2,.000,0,2,.000,0,0,,.000,0,0,,0,0,0,0,0,0,0,0,0,-1.4,Emily Esposito,https://www.sports-reference.com/cbb/players/emily-esposito-1.html,villanova,2018-19
18,18,18,2019-01-19,Villanova,@,Georgetown,REG (Conf),L 63-68,,4,0,1,.000,0,0,,0,1,.000,.000,0,0,,0,1,1,0,0,0,0,0,0,-0.4,Emily Esposito,https://www.sports-reference.com/cbb/players/emily-esposito-1.html,villanova,2018-19
19,19,19,2019-01-25,Villanova,@,Seton Hall,REG (Conf),W 70-66,,26,4,9,.444,2,4,.500,2,5,.400,.556,3,6,.500,1,2,3,0,0,0,0,0,13,8.4,Emily Esposito,https://www.sports-reference.com/cbb/players/emily-esposito-1.html,villanova,2018-19
20,20,20,2019-01-27,Villanova,@,St. John's (NY),REG (Conf),W 73-57,,27,5,7,.714,2,3,.667,3,4,.750,.857,1,2,.500,1,1,2,1,1,0,0,1,13,12.0,Emily Esposito,https://www.sports-reference.com/cbb/players/emily-esposito-1.html,villanova,2018-19
21,21,21,2019-02-01,Villanova,,Providence,REG (Conf),W 53-33,,22,2,4,.500,0,2,.000,2,2,1.000,.500,0,0,,0,2,2,0,0,0,2,0,4,0.6,Emily Esposito,https://www.sports-reference.com/cbb/players/emily-esposito-1.html,villanova,2018-19
22,22,22,2019-02-03,Villanova,,Creighton,REG (Conf),W 67-62 (2OT),,32,1,8,.125,1,5,.200,0,3,.000,.188,0,0,,0,2,2,2,1,0,0,0,3,0.8,Emily Esposito,https://www.sports-reference.com/cbb/players/emily-esposito-1.html,villanova,2018-19
23,23,23,2019-02-08,Villanova,@,DePaul,REG (Conf),L 70-93,,16,3,7,.429,0,2,.000,3,5,.600,.429,0,0,,1,2,3,0,0,1,0,1,6,3.9,Emily Esposito,https://www.sports-reference.com/cbb/players/emily-esposito-1.html,villanova,2018-19
24,24,24,2019-02-10,Villanova,@,Marquette,REG (Conf),L 55-93,,18,2,7,.286,1,4,.250,1,3,.333,.357,0,0,,0,2,2,0,0,1,0,0,5,2.2,Emily Esposito,https://www.sports-reference.com/cbb/players/emily-esposito-1.html,villanova,2018-19
25,25,25,2019-02-16,Villanova,,Georgetown,REG (Conf),W 91-43,,27,3,9,.333,0,2,.000,3,7,.429,.333,0,0,,0,6,6,6,0,0,0,1,6,6.5,Emily Esposito,https://www.sports-reference.com/cbb/players/emily-esposito-1.html,villanova,2018-19
26,26,26,2019-02-22,Villanova,,St. John's (NY),REG (Conf),L 62-66,,12,0,0,,0,0,,0,0,,,0,0,,0,0,0,0,0,0,0,0,0,0.0,Emily Esposito,https://www.sports-reference.com/cbb/players/emily-esposito-1.html,villanova,2018-19
27,27,27,2019-02-24,Villanova,,Seton Hall,REG (Conf),W 73-68,,23,4,10,.400,1,5,.200,3,5,.600,.450,1,2,.500,0,3,3,3,1,1,0,1,10,8.5,Emily Esposito,https://www.sports-reference.com/cbb/players/emily-esposito-1.html,villanova,2018-19
28,28,28,2019-03-01,Villanova,@,Xavier,REG (Conf),W 68-63,,18,0,7,.000,0,5,.000,0,2,.000,.000,0,0,,0,2,2,1,0,0,2,0,0,-5.6,Emily Esposito,https://www.sports-reference.com/cbb/players/emily-esposito-1.html,villanova,2018-19
29,29,29,2019-03-03,Villanova,@,Butler,REG (Conf),L 60-62 (OT),,9,2,7,.286,1,3,.333,1,4,.250,.357,0,0,,0,2,2,0,0,0,0,0,5,1.5,Emily Esposito,https://www.sports-reference.com/cbb/players/emily-esposito-1.html,villanova,2018-19
30,30,30,2019-03-10,Villanova,@,Georgetown,CTOURN,L 67-76,,15,0,0,,0,0,,0,0,,,0,0,,0,3,3,1,0,0,0,1,0,1.2,Emily Esposito,https://www.sports-reference.com/cbb/players/emily-esposito-1.html,villanova,2018-19
31,31,31,2019-03-22,Villanova,,Old Dominion,WNIT,W 86-81 (OT),*,42,10,21,.476,7,14,.500,3,7,.429,.643,0,0,,3,2,5,2,1,1,3,1,27,18.7,Emily Esposito,https://www.sports-reference.com/cbb/players/emily-esposito-1.html,villanova,2018-19
32,32,32,2019-03-24,Villanova,@,West Virginia,WNIT,L 57-64,*,33,5,11,.455,0,3,.000,5,8,.625,.455,0,0,,0,4,4,1,1,0,1,2,10,5.4,Emily Esposito,https://www.sports-reference.com/cbb/players/emily-esposito-1.html,villanova,2018-19
