ranker,player_game_num_career,team_game_num_season,date,team_name_abbr,game_location,opp_name_abbr,game_type,game_result,is_starter,mp,fg,fga,fg_pct,fg3,fg3a,fg3_pct,fg2,fg2a,fg2_pct,efg_pct,ft,fta,ft_pct,orb,drb,trb,ast,stl,blk,tov,pf,pts,game_score,player_name,player_sr_link,school,season
1,61,1,2018-11-07,Villanova,,Hartford,REG (Non-Conf),W 59-41,,21,0,3,.000,0,3,.000,0,0,,.000,0,0,,3,6,9,1,1,1,2,2,0,1.4,Grace Stant,https://www.sports-reference.com/cbb/players/grace-stant-1.html,villanova,2018-19
2,62,2,2018-11-16,Villanova,@,Lehigh,REG (Non-Conf),W 70-48,,18,0,3,.000,0,3,.000,0,0,,.000,0,0,,0,0,0,1,0,2,0,4,0,-1.6,Grace Stant,https://www.sports-reference.com/cbb/players/grace-stant-1.html,villanova,2018-19
3,63,3,2018-11-20,Villanova,,La Salle,REG (Non-Conf),W 81-68,,22,3,5,.600,2,4,.500,1,1,1.000,.800,1,2,.500,1,1,2,0,2,0,0,2,9,8.5,Grace Stant,https://www.sports-reference.com/cbb/players/grace-stant-1.html,villanova,2018-19
4,64,4,2018-11-24,Villanova,,Virginia Tech,REG (Non-Conf),L 59-61,,13,0,1,.000,0,1,.000,0,0,,.000,0,0,,1,1,2,2,0,1,0,0,0,2.4,Grace Stant,https://www.sports-reference.com/cbb/players/grace-stant-1.html,villanova,2018-19
5,65,5,2018-11-25,Villanova,@,UCF,REG (Non-Conf),L 56-71,,18,0,2,.000,0,2,.000,0,0,,.000,0,0,,0,1,1,1,0,2,1,1,0,-0.4,Grace Stant,https://www.sports-reference.com/cbb/players/grace-stant-1.html,villanova,2018-19
6,66,6,2018-11-28,Villanova,,Princeton,REG (Non-Conf),W 67-46,*,23,2,3,.667,2,2,1.000,0,1,.000,1.000,0,0,,0,2,2,4,0,0,0,2,6,7.3,Grace Stant,https://www.sports-reference.com/cbb/players/grace-stant-1.html,villanova,2018-19
7,67,7,2018-12-02,Villanova,@,Saint Joseph's,REG (Non-Conf),W 47-35,*,25,2,4,.500,2,4,.500,0,0,,.750,2,2,1.000,1,3,4,0,1,1,1,2,8,7.5,Grace Stant,https://www.sports-reference.com/cbb/players/grace-stant-1.html,villanova,2018-19
8,68,8,2018-12-06,Villanova,@,George Washington,REG (Non-Conf),W 60-45,*,23,0,5,.000,0,5,.000,0,0,,.000,0,0,,0,2,2,3,0,1,2,3,0,-3.3,Grace Stant,https://www.sports-reference.com/cbb/players/grace-stant-1.html,villanova,2018-19
9,69,9,2018-12-09,Villanova,,Temple,REG (Non-Conf),W 76-68,*,12,1,1,1.000,1,1,1.000,0,0,,1.500,2,2,1.000,0,2,2,0,0,0,1,2,5,3.5,Grace Stant,https://www.sports-reference.com/cbb/players/grace-stant-1.html,villanova,2018-19
10,70,10,2018-12-14,Villanova,,Georgia,REG (Non-Conf),W 62-56,*,20,2,6,.333,2,5,.400,0,1,.000,.500,0,0,,0,2,2,0,0,0,0,3,6,2.0,Grace Stant,https://www.sports-reference.com/cbb/players/grace-stant-1.html,villanova,2018-19
11,71,11,2018-12-29,Villanova,,Butler,REG (Conf),L 55-63,*,30,1,6,.167,1,5,.200,0,1,.000,.250,0,0,,0,2,2,2,1,0,2,3,3,-1.0,Grace Stant,https://www.sports-reference.com/cbb/players/grace-stant-1.html,villanova,2018-19
12,72,12,2018-12-31,Villanova,,Xavier,REG (Conf),W 75-71,*,28,2,4,.500,2,4,.500,0,0,,.750,0,0,,1,3,4,4,0,0,0,4,6,6.8,Grace Stant,https://www.sports-reference.com/cbb/players/grace-stant-1.html,villanova,2018-19
13,73,13,2019-01-04,Villanova,@,Creighton,REG (Conf),W 54-52,*,14,0,3,.000,0,3,.000,0,0,,.000,0,2,.000,0,2,2,0,0,0,0,2,0,-3.1,Grace Stant,https://www.sports-reference.com/cbb/players/grace-stant-1.html,villanova,2018-19
14,74,14,2019-01-06,Villanova,@,Providence,REG (Conf),L 61-67,*,7,0,2,.000,0,2,.000,0,0,,.000,0,0,,1,2,3,0,0,0,0,0,0,-0.1,Grace Stant,https://www.sports-reference.com/cbb/players/grace-stant-1.html,villanova,2018-19
15,75,27,2019-02-24,Villanova,,Seton Hall,REG (Conf),W 73-68,*,0,0,0,,0,0,,0,0,,,0,0,,0,0,0,0,0,0,1,0,0,-1.0,Grace Stant,https://www.sports-reference.com/cbb/players/grace-stant-1.html,villanova,2018-19
