ranker,player_game_num_career,team_game_num_season,date,team_name_abbr,game_location,opp_name_abbr,game_type,game_result,is_starter,mp,fg,fga,fg_pct,fg3,fg3a,fg3_pct,fg2,fg2a,fg2_pct,efg_pct,ft,fta,ft_pct,orb,drb,trb,ast,stl,blk,tov,pf,pts,game_score,player_name,player_sr_link,school,season
1,9,2,2018-11-16,Villanova,@,Lehigh,REG (Non-Conf),W 70-48,,2,0,0,,0,0,,0,0,,,0,2,.000,0,0,0,0,0,0,0,0,0,-0.8,Grace Lange,https://www.sports-reference.com/cbb/players/grace-lange-1.html,villanova,2018-19
2,10,5,2018-11-25,Villanova,@,UCF,REG (Non-Conf),L 56-71,,1,0,0,,0,0,,0,0,,,0,0,,0,0,0,0,0,0,0,0,0,0.0,Grace Lange,https://www.sports-reference.com/cbb/players/grace-lange-1.html,villanova,2018-19
3,11,6,2018-11-28,Villanova,,Princeton,REG (Non-Conf),W 67-46,,2,0,0,,0,0,,0,0,,,0,0,,1,0,1,0,0,0,0,0,0,0.7,Grace Lange,https://www.sports-reference.com/cbb/players/grace-lange-1.html,villanova,2018-19
4,12,9,2018-12-09,Villanova,,Temple,REG (Non-Conf),W 76-68,,1,0,1,.000,0,1,.000,0,0,,.000,0,0,,0,0,0,0,0,0,0,0,0,-0.7,Grace Lange,https://www.sports-reference.com/cbb/players/grace-lange-1.html,villanova,2018-19
5,13,15,2019-01-11,Villanova,,Marquette,REG (Conf),L 55-91,,3,0,1,.000,0,0,,0,1,.000,.000,0,0,,0,1,1,1,0,0,0,2,0,-0.5,Grace Lange,https://www.sports-reference.com/cbb/players/grace-lange-1.html,villanova,2018-19
6,14,21,2019-02-01,Villanova,,Providence,REG (Conf),W 53-33,,2,0,1,.000,0,1,.000,0,0,,.000,0,0,,0,0,0,0,0,0,0,0,0,-0.7,Grace Lange,https://www.sports-reference.com/cbb/players/grace-lange-1.html,villanova,2018-19
7,15,23,2019-02-08,Villanova,@,DePaul,REG (Conf),L 70-93,,2,0,1,.000,0,1,.000,0,0,,.000,0,0,,0,1,1,0,0,0,0,0,0,-0.4,Grace Lange,https://www.sports-reference.com/cbb/players/grace-lange-1.html,villanova,2018-19
8,16,24,2019-02-10,Villanova,@,Marquette,REG (Conf),L 55-93,,3,0,0,,0,0,,0,0,,,0,0,,0,0,0,0,0,0,0,0,0,0.0,Grace Lange,https://www.sports-reference.com/cbb/players/grace-lange-1.html,villanova,2018-19
9,17,25,2019-02-16,Villanova,,Georgetown,REG (Conf),W 91-43,,5,1,3,.333,1,1,1.000,0,2,.000,.500,0,0,,0,1,1,0,0,0,0,0,3,1.6,Grace Lange,https://www.sports-reference.com/cbb/players/grace-lange-1.html,villanova,2018-19
