ranker,player_game_num_career,team_game_num_season,date,team_name_abbr,game_location,opp_name_abbr,game_type,game_result,is_starter,mp,fg,fga,fg_pct,fg3,fg3a,fg3_pct,fg2,fg2a,fg2_pct,efg_pct,ft,fta,ft_pct,orb,drb,trb,ast,stl,blk,tov,pf,pts,game_score,player_name,player_sr_link,school,season
1,66,1,2018-11-07,Villanova,,Hartford,REG (Non-Conf),W 59-41,*,34,4,13,.308,2,9,.222,2,4,.500,.385,2,2,1.000,0,1,1,1,1,0,1,2,12,4.7,Jannah Tucker,https://www.sports-reference.com/cbb/players/jannah-tucker-1.html,villanova,2018-19
2,67,2,2018-11-16,Villanova,@,Lehigh,REG (Non-Conf),W 70-48,*,26,3,9,.333,2,8,.250,1,1,1.000,.444,1,2,.500,1,1,2,1,3,0,0,2,9,7.4,Jannah Tucker,https://www.sports-reference.com/cbb/players/jannah-tucker-1.html,villanova,2018-19
3,68,3,2018-11-20,Villanova,,La Salle,REG (Non-Conf),W 81-68,*,33,3,13,.231,3,12,.250,0,1,.000,.346,0,0,,0,3,3,4,0,0,0,0,9,4.8,Jannah Tucker,https://www.sports-reference.com/cbb/players/jannah-tucker-1.html,villanova,2018-19
4,69,4,2018-11-24,Villanova,,Virginia Tech,REG (Non-Conf),L 59-61,*,24,3,8,.375,2,6,.333,1,2,.500,.500,0,0,,0,3,3,1,3,0,1,4,8,5.6,Jannah Tucker,https://www.sports-reference.com/cbb/players/jannah-tucker-1.html,villanova,2018-19
5,70,5,2018-11-25,Villanova,@,UCF,REG (Non-Conf),L 56-71,*,26,3,12,.250,3,9,.333,0,3,.000,.375,0,2,.000,2,0,2,1,0,1,2,0,9,1.8,Jannah Tucker,https://www.sports-reference.com/cbb/players/jannah-tucker-1.html,villanova,2018-19
6,71,6,2018-11-28,Villanova,,Princeton,REG (Non-Conf),W 67-46,*,30,4,10,.400,1,5,.200,3,5,.600,.450,0,0,,1,3,4,3,1,0,2,0,9,6.3,Jannah Tucker,https://www.sports-reference.com/cbb/players/jannah-tucker-1.html,villanova,2018-19
7,72,7,2018-12-02,Villanova,@,Saint Joseph's,REG (Non-Conf),W 47-35,*,36,2,8,.250,2,7,.286,0,1,.000,.375,0,0,,1,3,4,1,0,0,3,2,6,-0.3,Jannah Tucker,https://www.sports-reference.com/cbb/players/jannah-tucker-1.html,villanova,2018-19
8,73,8,2018-12-06,Villanova,@,George Washington,REG (Non-Conf),W 60-45,*,34,4,8,.500,3,6,.500,1,2,.500,.688,0,0,,2,2,4,1,2,0,3,0,11,8.7,Jannah Tucker,https://www.sports-reference.com/cbb/players/jannah-tucker-1.html,villanova,2018-19
9,74,9,2018-12-09,Villanova,,Temple,REG (Non-Conf),W 76-68,*,33,4,11,.364,4,10,.400,0,1,.000,.545,0,0,,0,2,2,1,0,1,0,1,12,7.5,Jannah Tucker,https://www.sports-reference.com/cbb/players/jannah-tucker-1.html,villanova,2018-19
10,75,10,2018-12-14,Villanova,,Georgia,REG (Non-Conf),W 62-56,*,29,3,9,.333,2,5,.400,1,4,.250,.444,0,0,,0,0,0,1,1,1,1,0,8,4.3,Jannah Tucker,https://www.sports-reference.com/cbb/players/jannah-tucker-1.html,villanova,2018-19
11,76,11,2018-12-29,Villanova,,Butler,REG (Conf),L 55-63,*,37,5,15,.333,4,10,.400,1,5,.200,.467,1,1,1.000,0,2,2,3,2,0,2,1,15,8.8,Jannah Tucker,https://www.sports-reference.com/cbb/players/jannah-tucker-1.html,villanova,2018-19
12,77,12,2018-12-31,Villanova,,Xavier,REG (Conf),W 75-71,*,24,2,9,.222,2,7,.286,0,2,.000,.333,0,0,,0,1,1,2,0,0,3,0,6,-0.8,Jannah Tucker,https://www.sports-reference.com/cbb/players/jannah-tucker-1.html,villanova,2018-19
13,78,13,2019-01-04,Villanova,@,Creighton,REG (Conf),W 54-52,*,28,0,2,.000,0,2,.000,0,0,,.000,0,0,,2,2,4,1,1,0,0,1,0,1.9,Jannah Tucker,https://www.sports-reference.com/cbb/players/jannah-tucker-1.html,villanova,2018-19
14,79,15,2019-01-11,Villanova,,Marquette,REG (Conf),L 55-91,*,27,2,5,.400,0,2,.000,2,3,.667,.400,1,2,.500,0,1,1,2,1,0,0,2,5,3.8,Jannah Tucker,https://www.sports-reference.com/cbb/players/jannah-tucker-1.html,villanova,2018-19
15,80,16,2019-01-13,Villanova,,DePaul,REG (Conf),L 59-66 (OT),*,41,0,7,.000,0,7,.000,0,0,,.000,0,0,,0,3,3,4,1,0,1,4,0,-2.8,Jannah Tucker,https://www.sports-reference.com/cbb/players/jannah-tucker-1.html,villanova,2018-19
16,81,17,2019-01-16,Villanova,@,Pennsylvania,REG (Non-Conf),W 58-50,*,35,4,11,.364,3,9,.333,1,2,.500,.500,0,0,,1,2,3,1,1,1,0,1,11,8.2,Jannah Tucker,https://www.sports-reference.com/cbb/players/jannah-tucker-1.html,villanova,2018-19
17,82,18,2019-01-19,Villanova,@,Georgetown,REG (Conf),L 63-68,*,32,4,10,.400,3,7,.429,1,3,.333,.550,0,2,.000,0,3,3,1,3,0,1,3,11,7.2,Jannah Tucker,https://www.sports-reference.com/cbb/players/jannah-tucker-1.html,villanova,2018-19
18,83,19,2019-01-25,Villanova,@,Seton Hall,REG (Conf),W 70-66,*,37,5,12,.417,4,10,.400,1,2,.500,.583,0,0,,0,2,2,1,0,0,2,4,14,5.3,Jannah Tucker,https://www.sports-reference.com/cbb/players/jannah-tucker-1.html,villanova,2018-19
19,84,20,2019-01-27,Villanova,@,St. John's (NY),REG (Conf),W 73-57,*,33,3,9,.333,3,6,.500,0,3,.000,.500,0,0,,2,4,6,2,0,0,1,1,9,6.5,Jannah Tucker,https://www.sports-reference.com/cbb/players/jannah-tucker-1.html,villanova,2018-19
20,85,21,2019-02-01,Villanova,,Providence,REG (Conf),W 53-33,*,27,2,9,.222,1,6,.167,1,3,.333,.278,0,0,,0,4,4,2,0,1,0,0,5,2.8,Jannah Tucker,https://www.sports-reference.com/cbb/players/jannah-tucker-1.html,villanova,2018-19
21,86,22,2019-02-03,Villanova,,Creighton,REG (Conf),W 67-62 (2OT),*,42,4,9,.444,3,7,.429,1,2,.500,.611,0,0,,0,3,3,1,0,0,1,3,11,5.7,Jannah Tucker,https://www.sports-reference.com/cbb/players/jannah-tucker-1.html,villanova,2018-19
22,87,23,2019-02-08,Villanova,@,DePaul,REG (Conf),L 70-93,*,32,4,9,.444,3,7,.429,1,2,.500,.611,0,0,,0,1,1,1,1,0,1,2,11,6.5,Jannah Tucker,https://www.sports-reference.com/cbb/players/jannah-tucker-1.html,villanova,2018-19
23,88,24,2019-02-10,Villanova,@,Marquette,REG (Conf),L 55-93,*,31,5,14,.357,5,11,.455,0,3,.000,.536,0,0,,0,7,7,2,0,0,2,2,15,7.9,Jannah Tucker,https://www.sports-reference.com/cbb/players/jannah-tucker-1.html,villanova,2018-19
24,89,25,2019-02-16,Villanova,,Georgetown,REG (Conf),W 91-43,*,26,5,7,.714,4,6,.667,1,1,1.000,1.000,0,0,,0,4,4,2,1,1,1,3,14,13.2,Jannah Tucker,https://www.sports-reference.com/cbb/players/jannah-tucker-1.html,villanova,2018-19
25,90,26,2019-02-22,Villanova,,St. John's (NY),REG (Conf),L 62-66,*,40,3,7,.429,2,6,.333,1,1,1.000,.571,0,0,,2,3,5,2,3,1,3,3,8,7.5,Jannah Tucker,https://www.sports-reference.com/cbb/players/jannah-tucker-1.html,villanova,2018-19
26,91,27,2019-02-24,Villanova,,Seton Hall,REG (Conf),W 73-68,*,32,6,9,.667,5,8,.625,1,1,1.000,.944,0,0,,1,1,2,0,2,2,1,1,17,16.1,Jannah Tucker,https://www.sports-reference.com/cbb/players/jannah-tucker-1.html,villanova,2018-19
27,92,28,2019-03-01,Villanova,@,Xavier,REG (Conf),W 68-63,*,36,7,12,.583,6,10,.600,1,2,.500,.833,2,2,1.000,2,2,4,4,1,0,1,2,22,20.4,Jannah Tucker,https://www.sports-reference.com/cbb/players/jannah-tucker-1.html,villanova,2018-19
28,93,29,2019-03-03,Villanova,@,Butler,REG (Conf),L 60-62 (OT),*,43,2,11,.182,1,7,.143,1,4,.250,.227,0,0,,2,0,2,2,2,2,1,2,5,2.5,Jannah Tucker,https://www.sports-reference.com/cbb/players/jannah-tucker-1.html,villanova,2018-19
29,94,30,2019-03-10,Villanova,@,Georgetown,CTOURN,L 67-76,*,33,3,16,.188,3,13,.231,0,3,.000,.281,0,0,,0,3,3,0,1,1,1,4,9,-1.0,Jannah Tucker,https://www.sports-reference.com/cbb/players/jannah-tucker-1.html,villanova,2018-19
30,95,31,2019-03-22,Villanova,,Old Dominion,WNIT,W 86-81 (OT),*,30,3,6,.500,3,5,.600,0,1,.000,.750,0,0,,0,4,4,1,0,1,0,2,9,7.8,Jannah Tucker,https://www.sports-reference.com/cbb/players/jannah-tucker-1.html,villanova,2018-19
31,96,32,2019-03-24,Villanova,@,West Virginia,WNIT,L 57-64,*,40,8,16,.500,5,11,.455,3,5,.600,.656,0,1,.000,0,3,3,0,1,2,2,2,21,13.1,Jannah Tucker,https://www.sports-reference.com/cbb/players/jannah-tucker-1.html,villanova,2018-19
