ranker,player_game_num_career,team_game_num_season,date,team_name_abbr,game_location,opp_name_abbr,game_type,game_result,is_starter,mp,fg,fga,fg_pct,fg3,fg3a,fg3_pct,fg2,fg2a,fg2_pct,efg_pct,ft,fta,ft_pct,orb,drb,trb,ast,stl,blk,tov,pf,pts,game_score,player_name,player_sr_link,school,season
1,1,2,2018-11-13,Brigham Young,,California,REG (Non-Conf),L 52-70,,0,0,0,,0,0,,0,0,,,0,0,,0,0,0,0,0,0,0,0,0,0.0,Abby Mangum,https://www.sports-reference.com/cbb/players/abby-mangum-1.html,brigham-young,2018-19
2,2,3,2018-11-17,Brigham Young,,Eastern Washington,REG (Non-Conf),W 80-65,,2,0,0,,0,0,,0,0,,,0,0,,0,0,0,0,0,0,0,0,0,0.0,Abby Mangum,https://www.sports-reference.com/cbb/players/abby-mangum-1.html,brigham-young,2018-19
3,3,8,2018-11-29,Brigham Young,@,Utah Valley,REG (Non-Conf),W 77-51,,7,0,4,.000,0,3,.000,0,1,.000,.000,0,0,,0,2,2,1,1,0,0,0,0,-0.5,Abby Mangum,https://www.sports-reference.com/cbb/players/abby-mangum-1.html,brigham-young,2018-19
4,4,14,2019-01-03,Brigham Young,,Pepperdine,REG (Conf),W 83-58,,2,0,0,,0,0,,0,0,,,0,0,,0,1,1,0,0,0,0,2,0,-0.5,Abby Mangum,https://www.sports-reference.com/cbb/players/abby-mangum-1.html,brigham-young,2018-19
5,5,22,2019-02-02,Brigham Young,@,Pepperdine,REG (Conf),L 65-79,,3,0,0,,0,0,,0,0,,,0,0,,0,0,0,0,1,0,0,0,0,1.0,Abby Mangum,https://www.sports-reference.com/cbb/players/abby-mangum-1.html,brigham-young,2018-19
6,6,24,2019-02-09,Brigham Young,,Pacific,REG (Conf),W 75-49,,4,0,0,,0,0,,0,0,,,0,0,,0,1,1,0,0,0,0,0,0,0.3,Abby Mangum,https://www.sports-reference.com/cbb/players/abby-mangum-1.html,brigham-young,2018-19
7,7,27,2019-02-23,Brigham Young,,San Diego,REG (Conf),W 80-68,,4,0,0,,0,0,,0,0,,,0,0,,0,0,0,0,0,0,1,1,0,-1.4,Abby Mangum,https://www.sports-reference.com/cbb/players/abby-mangum-1.html,brigham-young,2018-19
8,8,28,2019-02-28,Brigham Young,,San Francisco,REG (Conf),W 82-59,,6,1,1,1.000,1,1,1.000,0,0,,1.500,4,4,1.000,0,0,0,0,0,0,0,0,7,6.7,Abby Mangum,https://www.sports-reference.com/cbb/players/abby-mangum-1.html,brigham-young,2018-19
9,9,33,2019-03-25,Brigham Young,@,Stanford,ROUND-32,L 63-72,,0,0,0,,0,0,,0,0,,,0,0,,0,0,0,0,0,0,0,0,0,0.0,Abby Mangum,https://www.sports-reference.com/cbb/players/abby-mangum-1.html,brigham-young,2018-19
