ranker,player_game_num_career,team_game_num_season,date,team_name_abbr,game_location,opp_name_abbr,game_type,game_result,is_starter,mp,fg,fga,fg_pct,fg3,fg3a,fg3_pct,fg2,fg2a,fg2_pct,efg_pct,ft,fta,ft_pct,orb,drb,trb,ast,stl,blk,tov,pf,pts,game_score,player_name,player_sr_link,school,season
1,1,2,2018-11-13,Brigham Young,,California,REG (Non-Conf),L 52-70,,5,0,1,.000,0,0,,0,1,.000,.000,0,0,,0,0,0,0,0,0,0,1,0,-1.1,Ashley Greenwood,https://www.sports-reference.com/cbb/players/ashley-greenwood-1.html,brigham-young,2018-19
2,2,3,2018-11-17,Brigham Young,,Eastern Washington,REG (Non-Conf),W 80-65,,6,1,2,.500,0,1,.000,1,1,1.000,.500,0,0,,0,0,0,0,1,0,1,0,2,1.0,Ashley Greenwood,https://www.sports-reference.com/cbb/players/ashley-greenwood-1.html,brigham-young,2018-19
3,3,6,2018-11-24,Brigham Young,,California Baptist,REG (Non-Conf),W 76-69,,5,0,0,,0,0,,0,0,,,0,0,,0,1,1,0,0,0,0,0,0,0.3,Ashley Greenwood,https://www.sports-reference.com/cbb/players/ashley-greenwood-1.html,brigham-young,2018-19
4,4,7,2018-11-27,Brigham Young,@,Southern Utah,REG (Non-Conf),L 64-67,,3,0,1,.000,0,1,.000,0,0,,.000,0,0,,0,0,0,0,0,0,0,1,0,-1.1,Ashley Greenwood,https://www.sports-reference.com/cbb/players/ashley-greenwood-1.html,brigham-young,2018-19
5,5,8,2018-11-29,Brigham Young,@,Utah Valley,REG (Non-Conf),W 77-51,,9,2,4,.500,0,0,,2,4,.500,.500,2,2,1.000,1,1,2,1,0,0,3,2,6,1.9,Ashley Greenwood,https://www.sports-reference.com/cbb/players/ashley-greenwood-1.html,brigham-young,2018-19
6,6,10,2018-12-15,Brigham Young,,Colorado State,REG (Non-Conf),W 51-42,,1,0,1,.000,0,1,.000,0,0,,.000,0,0,,0,0,0,0,1,0,0,0,0,0.3,Ashley Greenwood,https://www.sports-reference.com/cbb/players/ashley-greenwood-1.html,brigham-young,2018-19
7,7,11,2018-12-21,Brigham Young,,Northern Colorado,REG (Non-Conf),W 70-50,,3,0,0,,0,0,,0,0,,,0,0,,0,1,1,0,0,0,0,1,0,-0.1,Ashley Greenwood,https://www.sports-reference.com/cbb/players/ashley-greenwood-1.html,brigham-young,2018-19
8,8,12,2018-12-29,Brigham Young,@,Santa Clara,REG (Conf),W 54-44,,1,0,0,,0,0,,0,0,,,0,0,,0,1,1,0,0,0,0,0,0,0.3,Ashley Greenwood,https://www.sports-reference.com/cbb/players/ashley-greenwood-1.html,brigham-young,2018-19
9,9,14,2019-01-03,Brigham Young,,Pepperdine,REG (Conf),W 83-58,,3,1,1,1.000,1,1,1.000,0,0,,1.500,1,2,.500,0,0,0,0,0,0,0,1,4,2.9,Ashley Greenwood,https://www.sports-reference.com/cbb/players/ashley-greenwood-1.html,brigham-young,2018-19
10,10,15,2019-01-05,Brigham Young,,Loyola Marymount,REG (Conf),W 55-44,,1,0,0,,0,0,,0,0,,,0,0,,0,0,0,0,0,0,0,0,0,0.0,Ashley Greenwood,https://www.sports-reference.com/cbb/players/ashley-greenwood-1.html,brigham-young,2018-19
11,11,17,2019-01-12,Brigham Young,@,St. Mary's (CA),REG (Conf),W 74-73,,0,0,0,,0,0,,0,0,,,0,0,,0,0,0,0,0,0,0,0,0,0.0,Ashley Greenwood,https://www.sports-reference.com/cbb/players/ashley-greenwood-1.html,brigham-young,2018-19
12,12,22,2019-02-02,Brigham Young,@,Pepperdine,REG (Conf),L 65-79,,5,0,1,.000,0,0,,0,1,.000,.000,1,2,.500,0,1,1,2,0,0,0,1,1,1.2,Ashley Greenwood,https://www.sports-reference.com/cbb/players/ashley-greenwood-1.html,brigham-young,2018-19
13,13,24,2019-02-09,Brigham Young,,Pacific,REG (Conf),W 75-49,,7,3,3,1.000,0,0,,3,3,1.000,1.000,2,2,1.000,0,1,1,0,1,0,2,0,8,6.4,Ashley Greenwood,https://www.sports-reference.com/cbb/players/ashley-greenwood-1.html,brigham-young,2018-19
14,14,27,2019-02-23,Brigham Young,,San Diego,REG (Conf),W 80-68,,7,1,1,1.000,0,0,,1,1,1.000,1.000,0,0,,0,0,0,0,1,0,2,0,2,0.7,Ashley Greenwood,https://www.sports-reference.com/cbb/players/ashley-greenwood-1.html,brigham-young,2018-19
15,15,28,2019-02-28,Brigham Young,,San Francisco,REG (Conf),W 82-59,,7,1,3,.333,0,0,,1,3,.333,.333,0,0,,2,0,2,0,0,0,0,1,2,1.3,Ashley Greenwood,https://www.sports-reference.com/cbb/players/ashley-greenwood-1.html,brigham-young,2018-19
16,16,33,2019-03-25,Brigham Young,@,Stanford,ROUND-32,L 63-72,,0,0,0,,0,0,,0,0,,,0,0,,0,0,0,0,0,0,0,0,0,0.0,Ashley Greenwood,https://www.sports-reference.com/cbb/players/ashley-greenwood-1.html,brigham-young,2018-19
