ranker,player_game_num_career,team_game_num_season,date,team_name_abbr,game_location,opp_name_abbr,game_type,game_result,is_starter,mp,fg,fga,fg_pct,fg3,fg3a,fg3_pct,fg2,fg2a,fg2_pct,efg_pct,ft,fta,ft_pct,orb,drb,trb,ast,stl,blk,tov,pf,pts,game_score,player_name,player_sr_link,school,season
1,1,3,2018-11-17,Brigham Young,,Eastern Washington,REG (Non-Conf),W 80-65,,5,2,2,1.000,0,0,,2,2,1.000,1.000,3,3,1.000,0,2,2,0,0,0,0,0,7,7.0,Babalu Stewart,https://www.sports-reference.com/cbb/players/babalu-stewart-1.html,brigham-young,2018-19
2,2,4,2018-11-20,Brigham Young,@,Utah State,REG (Non-Conf),W 62-57 (OT),,11,0,4,.000,0,0,,0,4,.000,.000,0,0,,2,1,3,0,1,0,1,0,0,-1.1,Babalu Stewart,https://www.sports-reference.com/cbb/players/babalu-stewart-1.html,brigham-young,2018-19
3,3,5,2018-11-23,Brigham Young,@,TCU,REG (Non-Conf),W 61-58,,11,1,3,.333,0,1,.000,1,2,.500,.333,1,1,1.000,1,4,5,0,0,0,1,2,3,1.4,Babalu Stewart,https://www.sports-reference.com/cbb/players/babalu-stewart-1.html,brigham-young,2018-19
4,4,6,2018-11-24,Brigham Young,,California Baptist,REG (Non-Conf),W 76-69,,11,1,3,.333,0,0,,1,3,.333,.333,0,0,,2,1,3,1,0,0,1,3,2,0.5,Babalu Stewart,https://www.sports-reference.com/cbb/players/babalu-stewart-1.html,brigham-young,2018-19
5,5,7,2018-11-27,Brigham Young,@,Southern Utah,REG (Non-Conf),L 64-67,,8,2,5,.400,0,0,,2,5,.400,.400,1,1,1.000,2,0,2,0,1,1,2,1,5,3.0,Babalu Stewart,https://www.sports-reference.com/cbb/players/babalu-stewart-1.html,brigham-young,2018-19
6,6,8,2018-11-29,Brigham Young,@,Utah Valley,REG (Non-Conf),W 77-51,,8,3,6,.500,0,0,,3,6,.500,.500,0,0,,1,2,3,0,2,0,0,2,6,5.5,Babalu Stewart,https://www.sports-reference.com/cbb/players/babalu-stewart-1.html,brigham-young,2018-19
7,7,9,2018-12-08,Brigham Young,@,Utah,REG (Non-Conf),L 67-78,,8,1,2,.500,0,0,,1,2,.500,.500,1,1,1.000,1,2,3,1,0,0,0,1,3,3.6,Babalu Stewart,https://www.sports-reference.com/cbb/players/babalu-stewart-1.html,brigham-young,2018-19
8,8,10,2018-12-15,Brigham Young,,Colorado State,REG (Non-Conf),W 51-42,*,10,0,2,.000,0,0,,0,2,.000,.000,0,0,,0,5,5,0,0,1,1,0,0,-0.2,Babalu Stewart,https://www.sports-reference.com/cbb/players/babalu-stewart-1.html,brigham-young,2018-19
9,9,11,2018-12-21,Brigham Young,,Northern Colorado,REG (Non-Conf),W 70-50,*,12,5,5,1.000,0,0,,5,5,1.000,1.000,0,1,.000,3,3,6,0,1,0,1,4,10,9.5,Babalu Stewart,https://www.sports-reference.com/cbb/players/babalu-stewart-1.html,brigham-young,2018-19
10,10,12,2018-12-29,Brigham Young,@,Santa Clara,REG (Conf),W 54-44,*,17,2,7,.286,0,0,,2,7,.286,.286,0,0,,4,2,6,0,0,0,4,2,4,-1.5,Babalu Stewart,https://www.sports-reference.com/cbb/players/babalu-stewart-1.html,brigham-young,2018-19
11,11,13,2018-12-31,Brigham Young,@,San Francisco,REG (Conf),W 67-59,*,14,3,9,.333,0,0,,3,9,.333,.333,0,0,,0,0,0,0,1,0,0,1,6,1.5,Babalu Stewart,https://www.sports-reference.com/cbb/players/babalu-stewart-1.html,brigham-young,2018-19
12,12,14,2019-01-03,Brigham Young,,Pepperdine,REG (Conf),W 83-58,*,12,0,0,,0,0,,0,0,,,0,0,,0,0,0,1,1,0,2,2,0,-1.1,Babalu Stewart,https://www.sports-reference.com/cbb/players/babalu-stewart-1.html,brigham-young,2018-19
13,13,15,2019-01-05,Brigham Young,,Loyola Marymount,REG (Conf),W 55-44,*,21,2,5,.400,0,0,,2,5,.400,.400,0,0,,2,5,7,0,1,0,1,4,4,2.6,Babalu Stewart,https://www.sports-reference.com/cbb/players/babalu-stewart-1.html,brigham-young,2018-19
14,14,16,2019-01-10,Brigham Young,@,Pacific,REG (Conf),W 77-74,*,12,0,2,.000,0,0,,0,2,.000,.000,0,0,,1,1,2,0,0,0,1,1,0,-1.8,Babalu Stewart,https://www.sports-reference.com/cbb/players/babalu-stewart-1.html,brigham-young,2018-19
15,15,17,2019-01-12,Brigham Young,@,St. Mary's (CA),REG (Conf),W 74-73,*,15,1,6,.167,0,0,,1,6,.167,.167,2,2,1.000,2,3,5,0,0,0,0,1,4,2.1,Babalu Stewart,https://www.sports-reference.com/cbb/players/babalu-stewart-1.html,brigham-young,2018-19
16,16,18,2019-01-17,Brigham Young,,Gonzaga,REG (Conf),W 70-68,*,7,2,3,.667,0,0,,2,3,.667,.667,0,0,,0,0,0,0,0,0,1,5,4,-0.3,Babalu Stewart,https://www.sports-reference.com/cbb/players/babalu-stewart-1.html,brigham-young,2018-19
17,17,19,2019-01-19,Brigham Young,,Portland,REG (Conf),W 79-71,*,10,4,6,.667,0,0,,4,6,.667,.667,0,0,,0,2,2,1,2,0,1,4,8,6.1,Babalu Stewart,https://www.sports-reference.com/cbb/players/babalu-stewart-1.html,brigham-young,2018-19
18,18,20,2019-01-26,Brigham Young,@,San Diego,REG (Conf),W 65-56,*,19,0,4,.000,0,0,,0,4,.000,.000,1,2,.500,1,1,2,1,0,0,0,1,1,-0.9,Babalu Stewart,https://www.sports-reference.com/cbb/players/babalu-stewart-1.html,brigham-young,2018-19
19,19,21,2019-01-31,Brigham Young,@,Loyola Marymount,REG (Conf),L 58-61,*,8,2,3,.667,0,0,,2,3,.667,.667,0,0,,0,0,0,0,0,0,1,1,4,1.3,Babalu Stewart,https://www.sports-reference.com/cbb/players/babalu-stewart-1.html,brigham-young,2018-19
20,20,22,2019-02-02,Brigham Young,@,Pepperdine,REG (Conf),L 65-79,,15,3,6,.500,0,0,,3,6,.500,.500,4,4,1.000,1,2,3,0,2,0,3,3,10,6.1,Babalu Stewart,https://www.sports-reference.com/cbb/players/babalu-stewart-1.html,brigham-young,2018-19
21,21,23,2019-02-07,Brigham Young,,St. Mary's (CA),REG (Conf),L 75-78,*,16,3,9,.333,0,0,,3,9,.333,.333,0,0,,2,5,7,0,3,0,1,3,6,4.6,Babalu Stewart,https://www.sports-reference.com/cbb/players/babalu-stewart-1.html,brigham-young,2018-19
22,22,24,2019-02-09,Brigham Young,,Pacific,REG (Conf),W 75-49,,13,2,2,1.000,0,0,,2,2,1.000,1.000,1,2,.500,2,6,8,0,2,0,2,4,5,5.6,Babalu Stewart,https://www.sports-reference.com/cbb/players/babalu-stewart-1.html,brigham-young,2018-19
23,23,25,2019-02-14,Brigham Young,@,Portland,REG (Conf),W 70-69,,10,0,1,.000,0,0,,0,1,.000,.000,0,0,,1,1,2,1,0,1,0,2,0,0.9,Babalu Stewart,https://www.sports-reference.com/cbb/players/babalu-stewart-1.html,brigham-young,2018-19
24,24,26,2019-02-16,Brigham Young,@,Gonzaga,REG (Conf),W 66-64,,9,1,1,1.000,0,0,,1,1,1.000,1.000,0,0,,0,2,2,0,0,0,2,1,2,-0.1,Babalu Stewart,https://www.sports-reference.com/cbb/players/babalu-stewart-1.html,brigham-young,2018-19
25,25,27,2019-02-23,Brigham Young,,San Diego,REG (Conf),W 80-68,,13,2,4,.500,0,0,,2,4,.500,.500,0,0,,2,1,3,0,0,0,1,2,4,1.9,Babalu Stewart,https://www.sports-reference.com/cbb/players/babalu-stewart-1.html,brigham-young,2018-19
26,26,28,2019-02-28,Brigham Young,,San Francisco,REG (Conf),W 82-59,,7,1,2,.500,0,0,,1,2,.500,.500,0,0,,0,2,2,0,0,0,1,2,2,-0.2,Babalu Stewart,https://www.sports-reference.com/cbb/players/babalu-stewart-1.html,brigham-young,2018-19
27,27,29,2019-03-02,Brigham Young,,Santa Clara,REG (Conf),W 69-64,,2,0,2,.000,0,0,,0,2,.000,.000,0,0,,0,0,0,0,0,0,0,0,0,-1.4,Babalu Stewart,https://www.sports-reference.com/cbb/players/babalu-stewart-1.html,brigham-young,2018-19
28,28,30,2019-03-11,Brigham Young,,Pepperdine,CTOURN,W 68-63,,3,0,1,.000,0,0,,0,1,.000,.000,0,0,,0,0,0,1,0,0,0,0,0,0.0,Babalu Stewart,https://www.sports-reference.com/cbb/players/babalu-stewart-1.html,brigham-young,2018-19
29,29,31,2019-03-12,Brigham Young,@,Gonzaga,CTOURN,W 82-68,,1,0,0,,0,0,,0,0,,,0,0,,0,0,0,0,0,0,0,0,0,0.0,Babalu Stewart,https://www.sports-reference.com/cbb/players/babalu-stewart-1.html,brigham-young,2018-19
30,30,33,2019-03-25,Brigham Young,@,Stanford,ROUND-32,L 63-72,,5,0,1,.000,0,0,,0,1,.000,.000,0,0,,0,1,1,0,0,0,0,1,0,-0.8,Babalu Stewart,https://www.sports-reference.com/cbb/players/babalu-stewart-1.html,brigham-young,2018-19
