ranker,player_game_num_career,team_game_num_season,date,team_name_abbr,game_location,opp_name_abbr,game_type,game_result,is_starter,mp,fg,fga,fg_pct,fg3,fg3a,fg3_pct,fg2,fg2a,fg2_pct,efg_pct,ft,fta,ft_pct,orb,drb,trb,ast,stl,blk,tov,pf,pts,game_score,player_name,player_sr_link,school,season
1,1,1,2018-11-09,Brigham Young,,UC Riverside,REG (Non-Conf),W 72-70 (OT),,2,0,0,,0,0,,0,0,,,0,0,,0,0,0,0,0,0,0,0,0,0.0,Caitlyn Alldredge,https://www.sports-reference.com/cbb/players/caitlyn-alldredge-1.html,brigham-young,2018-19
2,2,2,2018-11-13,Brigham Young,,California,REG (Non-Conf),L 52-70,,0,0,1,.000,0,0,,0,1,.000,.000,0,0,,0,0,0,0,0,0,0,0,0,-0.7,Caitlyn Alldredge,https://www.sports-reference.com/cbb/players/caitlyn-alldredge-1.html,brigham-young,2018-19
3,3,3,2018-11-17,Brigham Young,,Eastern Washington,REG (Non-Conf),W 80-65,,1,0,0,,0,0,,0,0,,,0,0,,0,0,0,0,0,0,0,0,0,0.0,Caitlyn Alldredge,https://www.sports-reference.com/cbb/players/caitlyn-alldredge-1.html,brigham-young,2018-19
4,4,8,2018-11-29,Brigham Young,@,Utah Valley,REG (Non-Conf),W 77-51,*,17,1,4,.250,0,1,.000,1,3,.333,.250,0,0,,2,4,6,0,0,0,0,3,2,1.0,Caitlyn Alldredge,https://www.sports-reference.com/cbb/players/caitlyn-alldredge-1.html,brigham-young,2018-19
5,5,9,2018-12-08,Brigham Young,@,Utah,REG (Non-Conf),L 67-78,*,13,2,2,1.000,1,1,1.000,1,1,1.000,1.250,0,0,,2,0,2,1,0,0,0,0,5,6.5,Caitlyn Alldredge,https://www.sports-reference.com/cbb/players/caitlyn-alldredge-1.html,brigham-young,2018-19
6,6,11,2018-12-21,Brigham Young,,Northern Colorado,REG (Non-Conf),W 70-50,,2,1,2,.500,1,1,1.000,0,1,.000,.750,0,0,,0,0,0,0,0,0,0,0,3,2.0,Caitlyn Alldredge,https://www.sports-reference.com/cbb/players/caitlyn-alldredge-1.html,brigham-young,2018-19
7,7,12,2018-12-29,Brigham Young,@,Santa Clara,REG (Conf),W 54-44,,2,0,0,,0,0,,0,0,,,0,0,,0,0,0,1,0,0,0,1,0,0.3,Caitlyn Alldredge,https://www.sports-reference.com/cbb/players/caitlyn-alldredge-1.html,brigham-young,2018-19
8,8,14,2019-01-03,Brigham Young,,Pepperdine,REG (Conf),W 83-58,,2,0,0,,0,0,,0,0,,,0,0,,0,0,0,0,0,0,0,1,0,-0.4,Caitlyn Alldredge,https://www.sports-reference.com/cbb/players/caitlyn-alldredge-1.html,brigham-young,2018-19
9,9,15,2019-01-05,Brigham Young,,Loyola Marymount,REG (Conf),W 55-44,,1,0,0,,0,0,,0,0,,,0,0,,0,1,1,0,0,0,0,0,0,0.3,Caitlyn Alldredge,https://www.sports-reference.com/cbb/players/caitlyn-alldredge-1.html,brigham-young,2018-19
10,10,16,2019-01-10,Brigham Young,@,Pacific,REG (Conf),W 77-74,,0,0,0,,0,0,,0,0,,,0,0,,0,0,0,0,0,0,0,0,0,0.0,Caitlyn Alldredge,https://www.sports-reference.com/cbb/players/caitlyn-alldredge-1.html,brigham-young,2018-19
11,11,18,2019-01-17,Brigham Young,,Gonzaga,REG (Conf),W 70-68,,0,0,0,,0,0,,0,0,,,0,0,,0,0,0,0,0,0,0,0,0,0.0,Caitlyn Alldredge,https://www.sports-reference.com/cbb/players/caitlyn-alldredge-1.html,brigham-young,2018-19
12,12,19,2019-01-19,Brigham Young,,Portland,REG (Conf),W 79-71,,13,1,3,.333,1,2,.500,0,1,.000,.500,0,0,,1,1,2,0,0,1,0,1,3,2.6,Caitlyn Alldredge,https://www.sports-reference.com/cbb/players/caitlyn-alldredge-1.html,brigham-young,2018-19
13,13,20,2019-01-26,Brigham Young,@,San Diego,REG (Conf),W 65-56,,4,0,1,.000,0,1,.000,0,0,,.000,0,0,,0,1,1,0,0,0,1,1,0,-1.8,Caitlyn Alldredge,https://www.sports-reference.com/cbb/players/caitlyn-alldredge-1.html,brigham-young,2018-19
14,14,21,2019-01-31,Brigham Young,@,Loyola Marymount,REG (Conf),L 58-61,,0,0,0,,0,0,,0,0,,,0,0,,0,0,0,0,0,0,0,0,0,0.0,Caitlyn Alldredge,https://www.sports-reference.com/cbb/players/caitlyn-alldredge-1.html,brigham-young,2018-19
15,15,22,2019-02-02,Brigham Young,@,Pepperdine,REG (Conf),L 65-79,,7,1,2,.500,0,1,.000,1,1,1.000,.500,0,0,,1,1,2,0,0,0,0,4,2,0.4,Caitlyn Alldredge,https://www.sports-reference.com/cbb/players/caitlyn-alldredge-1.html,brigham-young,2018-19
16,16,23,2019-02-07,Brigham Young,,St. Mary's (CA),REG (Conf),L 75-78,,20,4,6,.667,3,5,.600,1,1,1.000,.917,0,0,,0,4,4,3,2,1,0,3,11,13.2,Caitlyn Alldredge,https://www.sports-reference.com/cbb/players/caitlyn-alldredge-1.html,brigham-young,2018-19
17,17,24,2019-02-09,Brigham Young,,Pacific,REG (Conf),W 75-49,*,14,1,3,.333,1,2,.500,0,1,.000,.500,0,0,,0,1,1,2,0,0,0,3,3,1.8,Caitlyn Alldredge,https://www.sports-reference.com/cbb/players/caitlyn-alldredge-1.html,brigham-young,2018-19
18,18,25,2019-02-14,Brigham Young,@,Portland,REG (Conf),W 70-69,*,25,0,0,,0,0,,0,0,,,0,0,,0,0,0,2,0,0,2,4,0,-2.2,Caitlyn Alldredge,https://www.sports-reference.com/cbb/players/caitlyn-alldredge-1.html,brigham-young,2018-19
19,19,26,2019-02-16,Brigham Young,@,Gonzaga,REG (Conf),W 66-64,*,22,3,6,.500,2,4,.500,1,2,.500,.667,0,0,,0,1,1,3,0,0,2,3,8,4.2,Caitlyn Alldredge,https://www.sports-reference.com/cbb/players/caitlyn-alldredge-1.html,brigham-young,2018-19
20,20,27,2019-02-23,Brigham Young,,San Diego,REG (Conf),W 80-68,*,18,1,2,.500,0,1,.000,1,1,1.000,.500,0,1,.000,0,1,1,0,2,0,1,0,2,1.9,Caitlyn Alldredge,https://www.sports-reference.com/cbb/players/caitlyn-alldredge-1.html,brigham-young,2018-19
21,21,28,2019-02-28,Brigham Young,,San Francisco,REG (Conf),W 82-59,*,19,0,2,.000,0,2,.000,0,0,,.000,0,0,,0,2,2,2,0,1,1,0,0,0.3,Caitlyn Alldredge,https://www.sports-reference.com/cbb/players/caitlyn-alldredge-1.html,brigham-young,2018-19
22,22,29,2019-03-02,Brigham Young,,Santa Clara,REG (Conf),W 69-64,*,26,3,5,.600,1,2,.500,2,3,.667,.700,1,2,.500,1,7,8,2,0,1,1,0,8,9.2,Caitlyn Alldredge,https://www.sports-reference.com/cbb/players/caitlyn-alldredge-1.html,brigham-young,2018-19
23,23,30,2019-03-11,Brigham Young,,Pepperdine,CTOURN,W 68-63,*,20,1,1,1.000,0,0,,1,1,1.000,1.000,0,0,,0,3,3,1,0,1,0,1,2,3.6,Caitlyn Alldredge,https://www.sports-reference.com/cbb/players/caitlyn-alldredge-1.html,brigham-young,2018-19
24,24,31,2019-03-12,Brigham Young,@,Gonzaga,CTOURN,W 82-68,*,28,1,5,.200,1,2,.500,0,3,.000,.300,0,0,,1,4,5,2,1,1,0,2,3,4.1,Caitlyn Alldredge,https://www.sports-reference.com/cbb/players/caitlyn-alldredge-1.html,brigham-young,2018-19
25,25,32,2019-03-23,Brigham Young,,Auburn,ROUND-64,W 73-64,*,33,6,10,.600,2,3,.667,4,7,.571,.700,0,0,,0,3,3,3,1,0,1,2,14,11.6,Caitlyn Alldredge,https://www.sports-reference.com/cbb/players/caitlyn-alldredge-1.html,brigham-young,2018-19
26,26,33,2019-03-25,Brigham Young,@,Stanford,ROUND-32,L 63-72,*,21,0,3,.000,0,2,.000,0,1,.000,.000,0,0,,2,5,7,2,0,0,0,0,0,2.2,Caitlyn Alldredge,https://www.sports-reference.com/cbb/players/caitlyn-alldredge-1.html,brigham-young,2018-19
