ranker,player_game_num_career,team_game_num_season,date,team_name_abbr,game_location,opp_name_abbr,game_type,game_result,is_starter,mp,fg,fga,fg_pct,fg3,fg3a,fg3_pct,fg2,fg2a,fg2_pct,efg_pct,ft,fta,ft_pct,orb,drb,trb,ast,stl,blk,tov,pf,pts,game_score,player_name,player_sr_link,school,season
1,1,1,2018-11-09,Brigham Young,,UC Riverside,REG (Non-Conf),W 72-70 (OT),,4,0,2,.000,0,1,.000,0,1,.000,.000,0,0,,0,0,0,0,0,0,0,0,0,-1.4,Malli Perri,https://www.sports-reference.com/cbb/players/malli-perri-1.html,brigham-young,2018-19
2,2,2,2018-11-13,Brigham Young,,California,REG (Non-Conf),L 52-70,,13,2,4,.500,1,3,.333,1,1,1.000,.625,0,0,,0,1,1,0,0,2,1,2,5,2.9,Malli Perri,https://www.sports-reference.com/cbb/players/malli-perri-1.html,brigham-young,2018-19
3,3,3,2018-11-17,Brigham Young,,Eastern Washington,REG (Non-Conf),W 80-65,,6,1,2,.500,1,2,.500,0,0,,.750,0,0,,0,0,0,1,1,1,1,1,3,3.0,Malli Perri,https://www.sports-reference.com/cbb/players/malli-perri-1.html,brigham-young,2018-19
4,4,4,2018-11-20,Brigham Young,@,Utah State,REG (Non-Conf),W 62-57 (OT),,2,0,1,.000,0,1,.000,0,0,,.000,0,0,,0,0,0,0,0,0,0,1,0,-1.1,Malli Perri,https://www.sports-reference.com/cbb/players/malli-perri-1.html,brigham-young,2018-19
5,5,5,2018-11-23,Brigham Young,@,TCU,REG (Non-Conf),W 61-58,,2,0,1,.000,0,0,,0,1,.000,.000,0,0,,0,1,1,1,0,0,0,0,0,0.3,Malli Perri,https://www.sports-reference.com/cbb/players/malli-perri-1.html,brigham-young,2018-19
6,6,6,2018-11-24,Brigham Young,,California Baptist,REG (Non-Conf),W 76-69,,1,0,0,,0,0,,0,0,,,0,0,,0,0,0,0,0,0,0,0,0,0.0,Malli Perri,https://www.sports-reference.com/cbb/players/malli-perri-1.html,brigham-young,2018-19
7,7,7,2018-11-27,Brigham Young,@,Southern Utah,REG (Non-Conf),L 64-67,,4,1,1,1.000,1,1,1.000,0,0,,1.500,0,0,,1,1,2,0,0,0,0,1,3,3.3,Malli Perri,https://www.sports-reference.com/cbb/players/malli-perri-1.html,brigham-young,2018-19
8,8,8,2018-11-29,Brigham Young,@,Utah Valley,REG (Non-Conf),W 77-51,,11,0,3,.000,0,1,.000,0,2,.000,.000,0,0,,0,0,0,0,0,1,0,1,0,-1.8,Malli Perri,https://www.sports-reference.com/cbb/players/malli-perri-1.html,brigham-young,2018-19
9,9,10,2018-12-15,Brigham Young,,Colorado State,REG (Non-Conf),W 51-42,,4,0,2,.000,0,1,.000,0,1,.000,.000,0,0,,3,1,4,0,0,0,0,0,0,1.0,Malli Perri,https://www.sports-reference.com/cbb/players/malli-perri-1.html,brigham-young,2018-19
10,10,11,2018-12-21,Brigham Young,,Northern Colorado,REG (Non-Conf),W 70-50,,2,0,0,,0,0,,0,0,,,0,0,,0,1,1,0,0,0,0,0,0,0.3,Malli Perri,https://www.sports-reference.com/cbb/players/malli-perri-1.html,brigham-young,2018-19
11,11,12,2018-12-29,Brigham Young,@,Santa Clara,REG (Conf),W 54-44,,0,0,0,,0,0,,0,0,,,0,0,,0,0,0,0,0,0,0,0,0,0.0,Malli Perri,https://www.sports-reference.com/cbb/players/malli-perri-1.html,brigham-young,2018-19
12,12,13,2018-12-31,Brigham Young,@,San Francisco,REG (Conf),W 67-59,,6,1,2,.500,1,2,.500,0,0,,.750,0,0,,1,0,1,1,0,0,1,1,3,2.0,Malli Perri,https://www.sports-reference.com/cbb/players/malli-perri-1.html,brigham-young,2018-19
13,13,14,2019-01-03,Brigham Young,,Pepperdine,REG (Conf),W 83-58,,3,0,0,,0,0,,0,0,,,0,0,,0,1,1,1,0,0,0,0,0,1.0,Malli Perri,https://www.sports-reference.com/cbb/players/malli-perri-1.html,brigham-young,2018-19
14,14,22,2019-02-02,Brigham Young,@,Pepperdine,REG (Conf),L 65-79,,6,1,3,.333,1,3,.333,0,0,,.500,2,2,1.000,0,1,1,0,0,0,1,2,5,1.8,Malli Perri,https://www.sports-reference.com/cbb/players/malli-perri-1.html,brigham-young,2018-19
15,15,23,2019-02-07,Brigham Young,,St. Mary's (CA),REG (Conf),L 75-78,,1,0,1,.000,0,1,.000,0,0,,.000,0,0,,0,0,0,0,0,0,0,0,0,-0.7,Malli Perri,https://www.sports-reference.com/cbb/players/malli-perri-1.html,brigham-young,2018-19
16,16,24,2019-02-09,Brigham Young,,Pacific,REG (Conf),W 75-49,,8,0,3,.000,0,2,.000,0,1,.000,.000,0,0,,1,2,3,0,0,0,1,0,0,-1.8,Malli Perri,https://www.sports-reference.com/cbb/players/malli-perri-1.html,brigham-young,2018-19
17,17,27,2019-02-23,Brigham Young,,San Diego,REG (Conf),W 80-68,,6,0,1,.000,0,0,,0,1,.000,.000,0,0,,0,0,0,0,0,0,0,1,0,-1.1,Malli Perri,https://www.sports-reference.com/cbb/players/malli-perri-1.html,brigham-young,2018-19
18,18,28,2019-02-28,Brigham Young,,San Francisco,REG (Conf),W 82-59,,6,0,3,.000,0,2,.000,0,1,.000,.000,0,0,,0,2,2,0,0,1,1,1,0,-2.2,Malli Perri,https://www.sports-reference.com/cbb/players/malli-perri-1.html,brigham-young,2018-19
19,19,33,2019-03-25,Brigham Young,@,Stanford,ROUND-32,L 63-72,,0,0,0,,0,0,,0,0,,,0,0,,0,0,0,0,0,0,0,0,0,0.0,Malli Perri,https://www.sports-reference.com/cbb/players/malli-perri-1.html,brigham-young,2018-19
