ranker,player_game_num_career,team_game_num_season,date,team_name_abbr,game_location,opp_name_abbr,game_type,game_result,is_starter,mp,fg,fga,fg_pct,fg3,fg3a,fg3_pct,fg2,fg2a,fg2_pct,efg_pct,ft,fta,ft_pct,orb,drb,trb,ast,stl,blk,tov,pf,pts,game_score,player_name,player_sr_link,school,season
1,30,1,2018-11-09,Brigham Young,,UC Riverside,REG (Non-Conf),W 72-70 (OT),*,25,3,8,.375,1,3,.333,2,5,.400,.438,3,5,.600,1,6,7,3,2,0,1,0,10,10.4,Maria Albiero,https://www.sports-reference.com/cbb/players/maria-albiero-1.html,brigham-young,2018-19
2,31,2,2018-11-13,Brigham Young,,California,REG (Non-Conf),L 52-70,*,28,1,9,.111,0,2,.000,1,7,.143,.111,0,0,,1,0,1,1,0,0,1,2,2,-4.3,Maria Albiero,https://www.sports-reference.com/cbb/players/maria-albiero-1.html,brigham-young,2018-19
3,32,3,2018-11-17,Brigham Young,,Eastern Washington,REG (Non-Conf),W 80-65,*,20,1,5,.200,0,2,.000,1,3,.333,.200,2,2,1.000,1,2,3,4,1,0,3,0,4,3.0,Maria Albiero,https://www.sports-reference.com/cbb/players/maria-albiero-1.html,brigham-young,2018-19
4,33,4,2018-11-20,Brigham Young,@,Utah State,REG (Non-Conf),W 62-57 (OT),*,18,2,4,.500,0,2,.000,2,2,1.000,.500,0,0,,0,2,2,0,1,0,0,0,4,3.6,Maria Albiero,https://www.sports-reference.com/cbb/players/maria-albiero-1.html,brigham-young,2018-19
5,34,5,2018-11-23,Brigham Young,@,TCU,REG (Non-Conf),W 61-58,*,13,0,5,.000,0,0,,0,5,.000,.000,0,0,,1,1,2,3,0,0,2,1,0,-2.8,Maria Albiero,https://www.sports-reference.com/cbb/players/maria-albiero-1.html,brigham-young,2018-19
6,35,6,2018-11-24,Brigham Young,,California Baptist,REG (Non-Conf),W 76-69,*,9,0,3,.000,0,1,.000,0,2,.000,.000,0,0,,0,2,2,1,0,0,2,0,0,-2.8,Maria Albiero,https://www.sports-reference.com/cbb/players/maria-albiero-1.html,brigham-young,2018-19
7,36,7,2018-11-27,Brigham Young,@,Southern Utah,REG (Non-Conf),L 64-67,*,23,2,5,.400,0,1,.000,2,4,.500,.400,2,2,1.000,0,3,3,1,1,0,1,2,6,4.1,Maria Albiero,https://www.sports-reference.com/cbb/players/maria-albiero-1.html,brigham-young,2018-19
8,37,8,2018-11-29,Brigham Young,@,Utah Valley,REG (Non-Conf),W 77-51,,19,2,6,.333,0,3,.000,2,3,.667,.333,0,0,,0,5,5,4,2,0,1,3,4,4.7,Maria Albiero,https://www.sports-reference.com/cbb/players/maria-albiero-1.html,brigham-young,2018-19
9,38,9,2018-12-08,Brigham Young,@,Utah,REG (Non-Conf),L 67-78,,14,0,3,.000,0,0,,0,3,.000,.000,0,0,,1,1,2,0,1,0,0,1,0,-0.5,Maria Albiero,https://www.sports-reference.com/cbb/players/maria-albiero-1.html,brigham-young,2018-19
10,39,10,2018-12-15,Brigham Young,,Colorado State,REG (Non-Conf),W 51-42,,24,4,8,.500,2,3,.667,2,5,.400,.625,0,0,,0,1,1,2,1,0,2,1,10,6.3,Maria Albiero,https://www.sports-reference.com/cbb/players/maria-albiero-1.html,brigham-young,2018-19
11,40,11,2018-12-21,Brigham Young,,Northern Colorado,REG (Non-Conf),W 70-50,,18,1,5,.200,0,0,,1,5,.200,.200,0,0,,1,0,1,4,0,0,2,1,2,0.0,Maria Albiero,https://www.sports-reference.com/cbb/players/maria-albiero-1.html,brigham-young,2018-19
12,41,12,2018-12-29,Brigham Young,@,Santa Clara,REG (Conf),W 54-44,,11,0,0,,0,0,,0,0,,,0,0,,0,1,1,3,0,0,1,0,0,1.4,Maria Albiero,https://www.sports-reference.com/cbb/players/maria-albiero-1.html,brigham-young,2018-19
13,42,13,2018-12-31,Brigham Young,@,San Francisco,REG (Conf),W 67-59,,4,0,1,.000,0,0,,0,1,.000,.000,0,2,.000,0,0,0,0,0,0,0,0,0,-1.5,Maria Albiero,https://www.sports-reference.com/cbb/players/maria-albiero-1.html,brigham-young,2018-19
14,43,14,2019-01-03,Brigham Young,,Pepperdine,REG (Conf),W 83-58,,8,0,2,.000,0,1,.000,0,1,.000,.000,0,0,,0,0,0,1,0,0,0,2,0,-1.5,Maria Albiero,https://www.sports-reference.com/cbb/players/maria-albiero-1.html,brigham-young,2018-19
15,44,15,2019-01-05,Brigham Young,,Loyola Marymount,REG (Conf),W 55-44,,15,0,0,,0,0,,0,0,,,0,0,,1,2,3,1,0,0,0,1,0,1.6,Maria Albiero,https://www.sports-reference.com/cbb/players/maria-albiero-1.html,brigham-young,2018-19
16,45,16,2019-01-10,Brigham Young,@,Pacific,REG (Conf),W 77-74,,12,2,3,.667,0,0,,2,3,.667,.667,0,0,,0,0,0,2,0,0,1,1,4,2.7,Maria Albiero,https://www.sports-reference.com/cbb/players/maria-albiero-1.html,brigham-young,2018-19
17,46,17,2019-01-12,Brigham Young,@,St. Mary's (CA),REG (Conf),W 74-73,,14,1,2,.500,1,1,1.000,0,1,.000,.750,0,0,,2,0,2,3,0,0,2,1,3,3.1,Maria Albiero,https://www.sports-reference.com/cbb/players/maria-albiero-1.html,brigham-young,2018-19
18,47,18,2019-01-17,Brigham Young,,Gonzaga,REG (Conf),W 70-68,,13,3,4,.750,2,3,.667,1,1,1.000,1.000,0,0,,0,3,3,2,0,0,3,1,8,5.3,Maria Albiero,https://www.sports-reference.com/cbb/players/maria-albiero-1.html,brigham-young,2018-19
19,48,19,2019-01-19,Brigham Young,,Portland,REG (Conf),W 79-71,,25,6,12,.500,3,6,.500,3,6,.500,.625,1,1,1.000,0,2,2,0,1,0,1,1,16,10.2,Maria Albiero,https://www.sports-reference.com/cbb/players/maria-albiero-1.html,brigham-young,2018-19
20,49,20,2019-01-26,Brigham Young,@,San Diego,REG (Conf),W 65-56,,12,1,4,.250,1,3,.333,0,1,.000,.375,0,0,,0,1,1,5,1,0,0,1,3,5.0,Maria Albiero,https://www.sports-reference.com/cbb/players/maria-albiero-1.html,brigham-young,2018-19
21,50,21,2019-01-31,Brigham Young,@,Loyola Marymount,REG (Conf),L 58-61,,13,1,3,.333,0,2,.000,1,1,1.000,.333,0,0,,0,3,3,0,0,0,1,0,2,0.2,Maria Albiero,https://www.sports-reference.com/cbb/players/maria-albiero-1.html,brigham-young,2018-19
22,51,22,2019-02-02,Brigham Young,@,Pepperdine,REG (Conf),L 65-79,,20,0,2,.000,0,0,,0,2,.000,.000,4,4,1.000,0,2,2,1,0,0,0,0,4,3.9,Maria Albiero,https://www.sports-reference.com/cbb/players/maria-albiero-1.html,brigham-young,2018-19
23,52,23,2019-02-07,Brigham Young,,St. Mary's (CA),REG (Conf),L 75-78,,19,0,5,.000,0,1,.000,0,4,.000,.000,0,0,,0,1,1,2,0,0,0,0,0,-1.8,Maria Albiero,https://www.sports-reference.com/cbb/players/maria-albiero-1.html,brigham-young,2018-19
24,53,24,2019-02-09,Brigham Young,,Pacific,REG (Conf),W 75-49,,27,1,4,.250,0,2,.000,1,2,.500,.250,0,1,.000,1,3,4,1,1,0,0,0,2,2.5,Maria Albiero,https://www.sports-reference.com/cbb/players/maria-albiero-1.html,brigham-young,2018-19
25,54,25,2019-02-14,Brigham Young,@,Portland,REG (Conf),W 70-69,,6,0,2,.000,0,1,.000,0,1,.000,.000,0,0,,0,1,1,1,0,0,2,1,0,-2.8,Maria Albiero,https://www.sports-reference.com/cbb/players/maria-albiero-1.html,brigham-young,2018-19
26,55,26,2019-02-16,Brigham Young,@,Gonzaga,REG (Conf),W 66-64,,10,1,2,.500,0,0,,1,2,.500,.500,0,0,,0,0,0,1,0,0,0,1,2,1.3,Maria Albiero,https://www.sports-reference.com/cbb/players/maria-albiero-1.html,brigham-young,2018-19
27,56,27,2019-02-23,Brigham Young,,San Diego,REG (Conf),W 80-68,,20,1,4,.250,0,2,.000,1,2,.500,.250,2,2,1.000,0,0,0,2,0,0,0,1,4,2.6,Maria Albiero,https://www.sports-reference.com/cbb/players/maria-albiero-1.html,brigham-young,2018-19
28,57,28,2019-02-28,Brigham Young,,San Francisco,REG (Conf),W 82-59,,17,4,4,1.000,2,2,1.000,2,2,1.000,1.250,0,0,,0,1,1,1,1,0,0,1,10,10.4,Maria Albiero,https://www.sports-reference.com/cbb/players/maria-albiero-1.html,brigham-young,2018-19
29,58,29,2019-03-02,Brigham Young,,Santa Clara,REG (Conf),W 69-64,,11,0,5,.000,0,2,.000,0,3,.000,.000,0,0,,0,0,0,0,0,0,0,0,0,-3.5,Maria Albiero,https://www.sports-reference.com/cbb/players/maria-albiero-1.html,brigham-young,2018-19
30,59,30,2019-03-11,Brigham Young,,Pepperdine,CTOURN,W 68-63,,7,0,1,.000,0,0,,0,1,.000,.000,0,0,,0,0,0,0,0,0,0,0,0,-0.7,Maria Albiero,https://www.sports-reference.com/cbb/players/maria-albiero-1.html,brigham-young,2018-19
31,60,31,2019-03-12,Brigham Young,@,Gonzaga,CTOURN,W 82-68,,3,0,0,,0,0,,0,0,,,0,0,,0,1,1,0,0,0,0,0,0,0.3,Maria Albiero,https://www.sports-reference.com/cbb/players/maria-albiero-1.html,brigham-young,2018-19
32,61,32,2019-03-23,Brigham Young,,Auburn,ROUND-64,W 73-64,,10,1,2,.500,0,0,,1,2,.500,.500,4,5,.800,0,2,2,0,2,0,0,0,6,7.2,Maria Albiero,https://www.sports-reference.com/cbb/players/maria-albiero-1.html,brigham-young,2018-19
33,62,33,2019-03-25,Brigham Young,@,Stanford,ROUND-32,L 63-72,,12,0,1,.000,0,0,,0,1,.000,.000,0,0,,0,1,1,1,0,0,0,0,0,0.3,Maria Albiero,https://www.sports-reference.com/cbb/players/maria-albiero-1.html,brigham-young,2018-19
