ranker,player_game_num_career,team_game_num_season,date,team_name_abbr,game_location,opp_name_abbr,game_type,game_result,is_starter,mp,fg,fga,fg_pct,fg3,fg3a,fg3_pct,fg2,fg2a,fg2_pct,efg_pct,ft,fta,ft_pct,orb,drb,trb,ast,stl,blk,tov,pf,pts,game_score,player_name,player_sr_link,school,season
1,31,1,2018-11-09,Brigham Young,,UC Riverside,REG (Non-Conf),W 72-70 (OT),*,35,7,13,.538,3,7,.429,4,6,.667,.654,1,2,.500,1,11,12,2,0,0,2,5,18,12.7,Paisley Harding,https://www.sports-reference.com/cbb/players/paisley-harding-1.html,brigham-young,2018-19
2,32,2,2018-11-13,Brigham Young,,California,REG (Non-Conf),L 52-70,*,37,5,10,.500,1,3,.333,4,7,.571,.550,3,3,1.000,1,6,7,1,4,0,3,4,14,11.6,Paisley Harding,https://www.sports-reference.com/cbb/players/paisley-harding-1.html,brigham-young,2018-19
3,33,3,2018-11-17,Brigham Young,,Eastern Washington,REG (Non-Conf),W 80-65,*,33,3,7,.429,2,6,.333,1,1,1.000,.571,2,2,1.000,0,6,6,4,2,0,3,4,10,8.3,Paisley Harding,https://www.sports-reference.com/cbb/players/paisley-harding-1.html,brigham-young,2018-19
4,34,4,2018-11-20,Brigham Young,@,Utah State,REG (Non-Conf),W 62-57 (OT),*,35,2,9,.222,0,2,.000,2,7,.286,.222,6,6,1.000,1,3,4,1,1,0,2,3,10,4.6,Paisley Harding,https://www.sports-reference.com/cbb/players/paisley-harding-1.html,brigham-young,2018-19
5,35,5,2018-11-23,Brigham Young,@,TCU,REG (Non-Conf),W 61-58,*,38,4,12,.333,2,4,.500,2,8,.250,.417,0,0,,3,1,4,6,2,0,0,2,10,11.0,Paisley Harding,https://www.sports-reference.com/cbb/players/paisley-harding-1.html,brigham-young,2018-19
6,36,6,2018-11-24,Brigham Young,,California Baptist,REG (Non-Conf),W 76-69,*,40,8,14,.571,1,4,.250,7,10,.700,.607,3,8,.375,1,3,4,3,1,1,2,2,20,14.0,Paisley Harding,https://www.sports-reference.com/cbb/players/paisley-harding-1.html,brigham-young,2018-19
7,37,7,2018-11-27,Brigham Young,@,Southern Utah,REG (Non-Conf),L 64-67,*,34,4,8,.500,1,3,.333,3,5,.600,.563,2,2,1.000,0,5,5,4,0,1,4,3,11,6.8,Paisley Harding,https://www.sports-reference.com/cbb/players/paisley-harding-1.html,brigham-young,2018-19
8,38,8,2018-11-29,Brigham Young,@,Utah Valley,REG (Non-Conf),W 77-51,*,23,3,11,.273,2,7,.286,1,4,.250,.364,0,0,,2,3,5,1,0,0,2,2,8,1.7,Paisley Harding,https://www.sports-reference.com/cbb/players/paisley-harding-1.html,brigham-young,2018-19
9,39,9,2018-12-08,Brigham Young,@,Utah,REG (Non-Conf),L 67-78,*,34,7,10,.700,0,2,.000,7,8,.875,.700,3,4,.750,1,2,3,2,1,0,2,3,17,12.9,Paisley Harding,https://www.sports-reference.com/cbb/players/paisley-harding-1.html,brigham-young,2018-19
10,40,10,2018-12-15,Brigham Young,,Colorado State,REG (Non-Conf),W 51-42,*,38,3,13,.231,2,8,.250,1,5,.200,.308,1,2,.500,3,8,11,1,1,0,2,1,9,4.5,Paisley Harding,https://www.sports-reference.com/cbb/players/paisley-harding-1.html,brigham-young,2018-19
11,41,11,2018-12-21,Brigham Young,,Northern Colorado,REG (Non-Conf),W 70-50,*,26,4,11,.364,2,6,.333,2,5,.400,.455,2,2,1.000,0,2,2,6,5,0,4,3,12,10.5,Paisley Harding,https://www.sports-reference.com/cbb/players/paisley-harding-1.html,brigham-young,2018-19
12,42,12,2018-12-29,Brigham Young,@,Santa Clara,REG (Conf),W 54-44,*,38,4,10,.400,0,3,.000,4,7,.571,.400,2,4,.500,1,5,6,2,0,0,1,2,10,5.6,Paisley Harding,https://www.sports-reference.com/cbb/players/paisley-harding-1.html,brigham-young,2018-19
13,43,13,2018-12-31,Brigham Young,@,San Francisco,REG (Conf),W 67-59,*,39,3,15,.200,0,3,.000,3,12,.250,.200,3,3,1.000,2,2,4,2,0,0,2,2,9,0.3,Paisley Harding,https://www.sports-reference.com/cbb/players/paisley-harding-1.html,brigham-young,2018-19
14,44,14,2019-01-03,Brigham Young,,Pepperdine,REG (Conf),W 83-58,*,37,7,13,.538,3,5,.600,4,8,.500,.654,7,10,.700,2,3,5,2,2,0,3,2,24,18.4,Paisley Harding,https://www.sports-reference.com/cbb/players/paisley-harding-1.html,brigham-young,2018-19
15,45,15,2019-01-05,Brigham Young,,Loyola Marymount,REG (Conf),W 55-44,*,34,4,15,.267,2,4,.500,2,11,.182,.333,0,0,,1,1,2,2,4,0,0,1,10,7.1,Paisley Harding,https://www.sports-reference.com/cbb/players/paisley-harding-1.html,brigham-young,2018-19
16,46,16,2019-01-10,Brigham Young,@,Pacific,REG (Conf),W 77-74,*,38,8,14,.571,2,4,.500,6,10,.600,.643,6,8,.750,0,2,2,3,1,0,0,2,24,19.5,Paisley Harding,https://www.sports-reference.com/cbb/players/paisley-harding-1.html,brigham-young,2018-19
17,47,17,2019-01-12,Brigham Young,@,St. Mary's (CA),REG (Conf),W 74-73,*,36,9,13,.692,4,6,.667,5,7,.714,.846,3,5,.600,1,1,2,1,2,0,3,3,25,18.2,Paisley Harding,https://www.sports-reference.com/cbb/players/paisley-harding-1.html,brigham-young,2018-19
18,48,18,2019-01-17,Brigham Young,,Gonzaga,REG (Conf),W 70-68,*,33,3,13,.231,0,5,.000,3,8,.375,.231,6,7,.857,0,0,0,2,1,0,3,2,12,2.3,Paisley Harding,https://www.sports-reference.com/cbb/players/paisley-harding-1.html,brigham-young,2018-19
19,49,19,2019-01-19,Brigham Young,,Portland,REG (Conf),W 79-71,*,38,3,11,.273,1,3,.333,2,8,.250,.318,8,8,1.000,0,2,2,3,3,0,1,4,15,11.6,Paisley Harding,https://www.sports-reference.com/cbb/players/paisley-harding-1.html,brigham-young,2018-19
20,50,20,2019-01-26,Brigham Young,@,San Diego,REG (Conf),W 65-56,*,20,4,9,.444,2,7,.286,2,2,1.000,.556,3,6,.500,1,0,1,1,1,0,1,4,13,6.9,Paisley Harding,https://www.sports-reference.com/cbb/players/paisley-harding-1.html,brigham-young,2018-19
21,51,21,2019-01-31,Brigham Young,@,Loyola Marymount,REG (Conf),L 58-61,*,36,7,16,.438,0,5,.000,7,11,.636,.438,2,3,.667,0,3,3,6,0,0,4,1,16,7.9,Paisley Harding,https://www.sports-reference.com/cbb/players/paisley-harding-1.html,brigham-young,2018-19
22,52,22,2019-02-02,Brigham Young,@,Pepperdine,REG (Conf),L 65-79,*,27,2,6,.333,1,1,1.000,1,5,.200,.417,6,6,1.000,0,0,0,2,0,0,3,4,11,4.4,Paisley Harding,https://www.sports-reference.com/cbb/players/paisley-harding-1.html,brigham-young,2018-19
23,53,23,2019-02-07,Brigham Young,,St. Mary's (CA),REG (Conf),L 75-78,*,40,6,15,.400,1,3,.333,5,12,.417,.433,7,10,.700,0,3,3,3,2,0,0,0,20,15.7,Paisley Harding,https://www.sports-reference.com/cbb/players/paisley-harding-1.html,brigham-young,2018-19
24,54,24,2019-02-09,Brigham Young,,Pacific,REG (Conf),W 75-49,*,30,5,12,.417,2,8,.250,3,4,.750,.500,5,6,.833,0,5,5,4,2,0,4,1,17,12.1,Paisley Harding,https://www.sports-reference.com/cbb/players/paisley-harding-1.html,brigham-young,2018-19
25,55,25,2019-02-14,Brigham Young,@,Portland,REG (Conf),W 70-69,*,38,6,14,.429,2,7,.286,4,7,.571,.500,2,4,.500,1,5,6,7,0,0,3,1,16,11.5,Paisley Harding,https://www.sports-reference.com/cbb/players/paisley-harding-1.html,brigham-young,2018-19
26,56,26,2019-02-16,Brigham Young,@,Gonzaga,REG (Conf),W 66-64,*,35,3,9,.333,1,3,.333,2,6,.333,.389,5,7,.714,0,4,4,4,0,0,1,3,12,7.9,Paisley Harding,https://www.sports-reference.com/cbb/players/paisley-harding-1.html,brigham-young,2018-19
27,57,27,2019-02-23,Brigham Young,,San Diego,REG (Conf),W 80-68,*,25,5,9,.556,2,4,.500,3,5,.600,.667,4,4,1.000,1,5,6,5,1,0,2,4,16,14.8,Paisley Harding,https://www.sports-reference.com/cbb/players/paisley-harding-1.html,brigham-young,2018-19
28,58,28,2019-02-28,Brigham Young,,San Francisco,REG (Conf),W 82-59,*,26,5,14,.357,2,8,.250,3,6,.500,.429,3,5,.600,0,3,3,4,3,0,1,0,15,12.1,Paisley Harding,https://www.sports-reference.com/cbb/players/paisley-harding-1.html,brigham-young,2018-19
29,59,29,2019-03-02,Brigham Young,,Santa Clara,REG (Conf),W 69-64,*,39,5,9,.556,2,3,.667,3,6,.500,.667,5,8,.625,1,8,9,2,3,1,2,2,17,16.9,Paisley Harding,https://www.sports-reference.com/cbb/players/paisley-harding-1.html,brigham-young,2018-19
30,60,30,2019-03-11,Brigham Young,,Pepperdine,CTOURN,W 68-63,*,38,8,17,.471,3,3,1.000,5,14,.357,.559,1,2,.500,1,3,4,5,0,0,2,1,20,13.6,Paisley Harding,https://www.sports-reference.com/cbb/players/paisley-harding-1.html,brigham-young,2018-19
31,61,31,2019-03-12,Brigham Young,@,Gonzaga,CTOURN,W 82-68,*,39,6,12,.500,3,4,.750,3,8,.375,.625,4,6,.667,0,5,5,4,0,0,1,4,19,13.9,Paisley Harding,https://www.sports-reference.com/cbb/players/paisley-harding-1.html,brigham-young,2018-19
32,62,32,2019-03-23,Brigham Young,,Auburn,ROUND-64,W 73-64,*,29,3,7,.429,1,4,.250,2,3,.667,.500,1,2,.500,0,3,3,1,1,0,3,5,8,1.5,Paisley Harding,https://www.sports-reference.com/cbb/players/paisley-harding-1.html,brigham-young,2018-19
33,63,33,2019-03-25,Brigham Young,@,Stanford,ROUND-32,L 63-72,*,35,5,18,.278,1,5,.200,4,13,.308,.306,0,0,,2,3,5,2,1,0,2,4,11,1.5,Paisley Harding,https://www.sports-reference.com/cbb/players/paisley-harding-1.html,brigham-young,2018-19
