ranker,player_game_num_career,team_game_num_season,date,team_name_abbr,game_location,opp_name_abbr,game_type,game_result,is_starter,mp,fg,fga,fg_pct,fg3,fg3a,fg2,fg2a,fg2_pct,efg_pct,ft,fta,ft_pct,orb,drb,trb,ast,stl,blk,tov,pf,pts,game_score,player_name,player_sr_link,school,season
1,27,3,2018-11-17,Brigham Young,,Eastern Washington,REG (Non-Conf),W 80-65,,7,0,2,.000,0,0,0,2,.000,.000,0,0,,2,1,3,2,0,0,1,2,0,-0.1,Sara Hamson,https://www.sports-reference.com/cbb/players/sara-hamson-1.html,brigham-young,2018-19
2,28,4,2018-11-20,Brigham Young,@,Utah State,REG (Non-Conf),W 62-57 (OT),,11,1,1,1.000,0,0,1,1,1.000,1.000,0,0,,0,1,1,0,0,0,0,2,2,1.2,Sara Hamson,https://www.sports-reference.com/cbb/players/sara-hamson-1.html,brigham-young,2018-19
3,29,5,2018-11-23,Brigham Young,@,TCU,REG (Non-Conf),W 61-58,,15,2,2,1.000,0,0,2,2,1.000,1.000,0,0,,3,5,8,2,0,2,1,1,4,8.4,Sara Hamson,https://www.sports-reference.com/cbb/players/sara-hamson-1.html,brigham-young,2018-19
4,30,6,2018-11-24,Brigham Young,,California Baptist,REG (Non-Conf),W 76-69,,10,0,1,.000,0,0,0,1,.000,.000,0,0,,2,0,2,0,2,0,1,3,0,0.5,Sara Hamson,https://www.sports-reference.com/cbb/players/sara-hamson-1.html,brigham-young,2018-19
5,31,7,2018-11-27,Brigham Young,@,Southern Utah,REG (Non-Conf),L 64-67,,13,1,1,1.000,0,0,1,1,1.000,1.000,0,0,,1,3,4,1,1,4,0,1,2,7.4,Sara Hamson,https://www.sports-reference.com/cbb/players/sara-hamson-1.html,brigham-young,2018-19
6,32,8,2018-11-29,Brigham Young,@,Utah Valley,REG (Non-Conf),W 77-51,,16,4,4,1.000,0,0,4,4,1.000,1.000,0,0,,3,3,6,0,0,2,0,0,8,11.2,Sara Hamson,https://www.sports-reference.com/cbb/players/sara-hamson-1.html,brigham-young,2018-19
7,33,9,2018-12-08,Brigham Young,@,Utah,REG (Non-Conf),L 67-78,,18,2,5,.400,0,0,2,5,.400,.400,0,0,,2,3,5,0,0,4,4,4,4,0.8,Sara Hamson,https://www.sports-reference.com/cbb/players/sara-hamson-1.html,brigham-young,2018-19
8,34,10,2018-12-15,Brigham Young,,Colorado State,REG (Non-Conf),W 51-42,,18,0,0,,0,0,0,0,,,0,0,,4,2,6,1,0,2,0,0,0,5.5,Sara Hamson,https://www.sports-reference.com/cbb/players/sara-hamson-1.html,brigham-young,2018-19
9,35,11,2018-12-21,Brigham Young,,Northern Colorado,REG (Non-Conf),W 70-50,,16,0,4,.000,0,0,0,4,.000,.000,0,0,,4,2,6,0,1,0,0,2,0,0.8,Sara Hamson,https://www.sports-reference.com/cbb/players/sara-hamson-1.html,brigham-young,2018-19
10,36,12,2018-12-29,Brigham Young,@,Santa Clara,REG (Conf),W 54-44,,16,2,4,.500,0,0,2,4,.500,.500,0,0,,2,4,6,0,1,1,1,2,4,4.5,Sara Hamson,https://www.sports-reference.com/cbb/players/sara-hamson-1.html,brigham-young,2018-19
11,37,13,2018-12-31,Brigham Young,@,San Francisco,REG (Conf),W 67-59,,19,2,5,.400,0,0,2,5,.400,.400,0,0,,2,3,5,1,1,0,3,3,4,1.1,Sara Hamson,https://www.sports-reference.com/cbb/players/sara-hamson-1.html,brigham-young,2018-19
12,38,14,2019-01-03,Brigham Young,,Pepperdine,REG (Conf),W 83-58,,27,1,3,.333,0,0,1,3,.333,.333,0,0,,4,6,10,2,0,5,1,1,2,8.4,Sara Hamson,https://www.sports-reference.com/cbb/players/sara-hamson-1.html,brigham-young,2018-19
13,39,15,2019-01-05,Brigham Young,,Loyola Marymount,REG (Conf),W 55-44,,16,2,2,1.000,0,0,2,2,1.000,1.000,0,0,,2,3,5,0,0,2,0,4,4,5.5,Sara Hamson,https://www.sports-reference.com/cbb/players/sara-hamson-1.html,brigham-young,2018-19
14,40,16,2019-01-10,Brigham Young,@,Pacific,REG (Conf),W 77-74,,24,3,5,.600,0,0,3,5,.600,.600,0,4,.000,0,3,3,1,2,1,2,3,6,3.2,Sara Hamson,https://www.sports-reference.com/cbb/players/sara-hamson-1.html,brigham-young,2018-19
15,41,17,2019-01-12,Brigham Young,@,St. Mary's (CA),REG (Conf),W 74-73,,21,1,2,.500,0,0,1,2,.500,.500,0,0,,0,4,4,2,1,0,3,3,2,0.4,Sara Hamson,https://www.sports-reference.com/cbb/players/sara-hamson-1.html,brigham-young,2018-19
16,42,18,2019-01-17,Brigham Young,,Gonzaga,REG (Conf),W 70-68,,25,3,4,.750,0,0,3,4,.750,.750,0,0,,2,4,6,3,0,4,0,3,6,10.7,Sara Hamson,https://www.sports-reference.com/cbb/players/sara-hamson-1.html,brigham-young,2018-19
17,43,19,2019-01-19,Brigham Young,,Portland,REG (Conf),W 79-71,,14,1,2,.500,0,0,1,2,.500,.500,1,4,.250,3,3,6,0,0,3,1,1,3,4.5,Sara Hamson,https://www.sports-reference.com/cbb/players/sara-hamson-1.html,brigham-young,2018-19
18,44,20,2019-01-26,Brigham Young,@,San Diego,REG (Conf),W 65-56,,23,1,2,.500,0,0,1,2,.500,.500,0,0,,5,4,9,2,0,7,2,3,2,8.8,Sara Hamson,https://www.sports-reference.com/cbb/players/sara-hamson-1.html,brigham-young,2018-19
19,45,21,2019-01-31,Brigham Young,@,Loyola Marymount,REG (Conf),L 58-61,,25,3,4,.750,0,0,3,4,.750,.750,0,0,,3,8,11,0,1,4,4,3,6,7.5,Sara Hamson,https://www.sports-reference.com/cbb/players/sara-hamson-1.html,brigham-young,2018-19
20,46,22,2019-02-02,Brigham Young,@,Pepperdine,REG (Conf),L 65-79,,10,1,4,.250,0,0,1,4,.250,.250,0,0,,4,2,6,1,1,2,1,4,2,3.5,Sara Hamson,https://www.sports-reference.com/cbb/players/sara-hamson-1.html,brigham-young,2018-19
21,47,23,2019-02-07,Brigham Young,,St. Mary's (CA),REG (Conf),L 75-78,*,13,2,3,.667,0,0,2,3,.667,.667,0,0,,0,0,0,0,2,1,2,3,4,2.2,Sara Hamson,https://www.sports-reference.com/cbb/players/sara-hamson-1.html,brigham-young,2018-19
22,48,24,2019-02-09,Brigham Young,,Pacific,REG (Conf),W 75-49,*,19,3,5,.600,0,0,3,5,.600,.600,1,2,.500,1,2,3,0,0,4,1,1,7,7.0,Sara Hamson,https://www.sports-reference.com/cbb/players/sara-hamson-1.html,brigham-young,2018-19
23,49,25,2019-02-14,Brigham Young,@,Portland,REG (Conf),W 70-69,*,28,1,3,.333,0,0,1,3,.333,.333,0,0,,4,4,8,1,1,5,2,3,2,6.3,Sara Hamson,https://www.sports-reference.com/cbb/players/sara-hamson-1.html,brigham-young,2018-19
24,50,26,2019-02-16,Brigham Young,@,Gonzaga,REG (Conf),W 66-64,*,25,2,2,1.000,0,0,2,2,1.000,1.000,1,2,.500,3,6,9,0,0,3,2,4,5,6.4,Sara Hamson,https://www.sports-reference.com/cbb/players/sara-hamson-1.html,brigham-young,2018-19
25,51,27,2019-02-23,Brigham Young,,San Diego,REG (Conf),W 80-68,*,17,6,7,.857,0,0,6,7,.857,.857,0,0,,1,4,5,0,2,3,1,2,12,13.7,Sara Hamson,https://www.sports-reference.com/cbb/players/sara-hamson-1.html,brigham-young,2018-19
26,52,28,2019-02-28,Brigham Young,,San Francisco,REG (Conf),W 82-59,*,25,3,5,.600,0,0,3,5,.600,.600,3,5,.600,4,8,12,1,2,4,0,1,9,16.2,Sara Hamson,https://www.sports-reference.com/cbb/players/sara-hamson-1.html,brigham-young,2018-19
27,53,29,2019-03-02,Brigham Young,,Santa Clara,REG (Conf),W 69-64,*,30,4,8,.500,0,0,4,8,.500,.500,10,10,1.000,2,5,7,2,2,9,2,2,18,23.8,Sara Hamson,https://www.sports-reference.com/cbb/players/sara-hamson-1.html,brigham-young,2018-19
28,54,30,2019-03-11,Brigham Young,,Pepperdine,CTOURN,W 68-63,*,32,5,7,.714,0,0,5,7,.714,.714,0,2,.000,2,3,5,0,0,6,0,4,10,11.2,Sara Hamson,https://www.sports-reference.com/cbb/players/sara-hamson-1.html,brigham-young,2018-19
29,55,31,2019-03-12,Brigham Young,@,Gonzaga,CTOURN,W 82-68,*,35,2,4,.500,0,0,2,4,.500,.500,4,4,1.000,2,6,8,1,0,4,0,3,8,11.5,Sara Hamson,https://www.sports-reference.com/cbb/players/sara-hamson-1.html,brigham-young,2018-19
30,56,32,2019-03-23,Brigham Young,,Auburn,ROUND-64,W 73-64,*,25,2,4,.500,0,0,2,4,.500,.500,0,0,,3,5,8,1,0,4,2,4,4,5.5,Sara Hamson,https://www.sports-reference.com/cbb/players/sara-hamson-1.html,brigham-young,2018-19
31,57,33,2019-03-25,Brigham Young,@,Stanford,ROUND-32,L 63-72,*,26,1,3,.333,0,0,1,3,.333,.333,0,0,,0,6,6,0,0,1,0,2,2,2.0,Sara Hamson,https://www.sports-reference.com/cbb/players/sara-hamson-1.html,brigham-young,2018-19
