ranker,player_game_num_career,team_game_num_season,date,team_name_abbr,game_location,opp_name_abbr,game_type,game_result,is_starter,mp,fg,fga,fg_pct,fg3,fg3a,fg2,fg2a,fg2_pct,efg_pct,ft,fta,ft_pct,orb,drb,trb,ast,stl,blk,tov,pf,pts,game_score,player_name,player_sr_link,school,season
1,58,1,2018-11-09,Brigham Young,,UC Riverside,REG (Non-Conf),W 72-70 (OT),*,41,2,8,.250,0,0,2,8,.250,.250,0,4,.000,4,5,9,2,1,0,2,4,4,0.7,Shalae Salmon,https://www.sports-reference.com/cbb/players/shalae-salmon-1.html,brigham-young,2018-19
2,59,2,2018-11-13,Brigham Young,,California,REG (Non-Conf),L 52-70,*,18,1,4,.250,0,0,1,4,.250,.250,0,0,,1,5,6,2,0,0,0,5,2,1.2,Shalae Salmon,https://www.sports-reference.com/cbb/players/shalae-salmon-1.html,brigham-young,2018-19
3,60,3,2018-11-17,Brigham Young,,Eastern Washington,REG (Non-Conf),W 80-65,*,29,5,8,.625,0,0,5,8,.625,.625,4,4,1.000,0,3,3,0,0,1,2,2,14,9.2,Shalae Salmon,https://www.sports-reference.com/cbb/players/shalae-salmon-1.html,brigham-young,2018-19
4,61,4,2018-11-20,Brigham Young,@,Utah State,REG (Non-Conf),W 62-57 (OT),*,37,3,9,.333,0,0,3,9,.333,.333,1,2,.500,4,5,9,1,0,1,6,1,7,0.8,Shalae Salmon,https://www.sports-reference.com/cbb/players/shalae-salmon-1.html,brigham-young,2018-19
5,62,5,2018-11-23,Brigham Young,@,TCU,REG (Non-Conf),W 61-58,*,22,4,6,.667,0,0,4,6,.667,.667,0,0,,1,4,5,1,0,1,3,5,8,3.7,Shalae Salmon,https://www.sports-reference.com/cbb/players/shalae-salmon-1.html,brigham-young,2018-19
6,63,6,2018-11-24,Brigham Young,,California Baptist,REG (Non-Conf),W 76-69,*,30,8,15,.533,0,0,8,15,.533,.533,3,4,.750,1,6,7,1,0,0,3,3,19,10.3,Shalae Salmon,https://www.sports-reference.com/cbb/players/shalae-salmon-1.html,brigham-young,2018-19
7,64,7,2018-11-27,Brigham Young,@,Southern Utah,REG (Non-Conf),L 64-67,*,27,4,13,.308,0,0,4,13,.308,.308,2,2,1.000,1,4,5,0,0,0,2,3,10,1.2,Shalae Salmon,https://www.sports-reference.com/cbb/players/shalae-salmon-1.html,brigham-young,2018-19
8,65,8,2018-11-29,Brigham Young,@,Utah Valley,REG (Non-Conf),W 77-51,*,17,3,6,.500,0,0,3,6,.500,.500,1,2,.500,4,6,10,0,0,0,0,2,7,7.4,Shalae Salmon,https://www.sports-reference.com/cbb/players/shalae-salmon-1.html,brigham-young,2018-19
9,66,9,2018-12-08,Brigham Young,@,Utah,REG (Non-Conf),L 67-78,*,19,3,5,.600,0,0,3,5,.600,.600,0,0,,2,0,2,0,1,1,2,2,6,4.0,Shalae Salmon,https://www.sports-reference.com/cbb/players/shalae-salmon-1.html,brigham-young,2018-19
10,67,10,2018-12-15,Brigham Young,,Colorado State,REG (Non-Conf),W 51-42,*,22,0,3,.000,0,0,0,3,.000,.000,0,0,,2,2,4,1,0,0,0,1,0,0.2,Shalae Salmon,https://www.sports-reference.com/cbb/players/shalae-salmon-1.html,brigham-young,2018-19
11,68,11,2018-12-21,Brigham Young,,Northern Colorado,REG (Non-Conf),W 70-50,*,21,2,5,.400,0,0,2,5,.400,.400,0,0,,2,5,7,0,0,0,2,2,4,1.4,Shalae Salmon,https://www.sports-reference.com/cbb/players/shalae-salmon-1.html,brigham-young,2018-19
12,69,12,2018-12-29,Brigham Young,@,Santa Clara,REG (Conf),W 54-44,*,24,3,6,.500,0,0,3,6,.500,.500,0,2,.000,2,4,6,0,2,1,2,2,6,4.7,Shalae Salmon,https://www.sports-reference.com/cbb/players/shalae-salmon-1.html,brigham-young,2018-19
13,70,13,2018-12-31,Brigham Young,@,San Francisco,REG (Conf),W 67-59,*,14,2,3,.667,0,0,2,3,.667,.667,1,3,.333,1,0,1,0,0,1,2,5,5,0.3,Shalae Salmon,https://www.sports-reference.com/cbb/players/shalae-salmon-1.html,brigham-young,2018-19
14,71,14,2019-01-03,Brigham Young,,Pepperdine,REG (Conf),W 83-58,*,10,1,2,.500,0,0,1,2,.500,.500,0,0,,0,1,1,0,0,1,1,5,2,-1.0,Shalae Salmon,https://www.sports-reference.com/cbb/players/shalae-salmon-1.html,brigham-young,2018-19
15,72,15,2019-01-05,Brigham Young,,Loyola Marymount,REG (Conf),W 55-44,*,23,4,4,1.000,0,0,4,4,1.000,1.000,0,0,,4,1,5,1,0,1,5,2,8,5.5,Shalae Salmon,https://www.sports-reference.com/cbb/players/shalae-salmon-1.html,brigham-young,2018-19
16,73,16,2019-01-10,Brigham Young,@,Pacific,REG (Conf),W 77-74,*,15,3,3,1.000,0,0,3,3,1.000,1.000,0,0,,0,2,2,4,0,0,2,5,6,4.5,Shalae Salmon,https://www.sports-reference.com/cbb/players/shalae-salmon-1.html,brigham-young,2018-19
17,74,17,2019-01-12,Brigham Young,@,St. Mary's (CA),REG (Conf),W 74-73,*,19,2,6,.333,0,0,2,6,.333,.333,0,0,,0,2,2,0,0,1,1,2,4,0.1,Shalae Salmon,https://www.sports-reference.com/cbb/players/shalae-salmon-1.html,brigham-young,2018-19
18,75,18,2019-01-17,Brigham Young,,Gonzaga,REG (Conf),W 70-68,*,16,1,2,.500,0,0,1,2,.500,.500,1,3,.333,1,0,1,0,0,0,1,3,3,-0.3,Shalae Salmon,https://www.sports-reference.com/cbb/players/shalae-salmon-1.html,brigham-young,2018-19
19,76,19,2019-01-19,Brigham Young,,Portland,REG (Conf),W 79-71,*,12,1,1,1.000,0,0,1,1,1.000,1.000,0,0,,2,1,3,1,0,3,3,2,2,2.4,Shalae Salmon,https://www.sports-reference.com/cbb/players/shalae-salmon-1.html,brigham-young,2018-19
20,77,20,2019-01-26,Brigham Young,@,San Diego,REG (Conf),W 65-56,*,21,4,5,.800,0,0,4,5,.800,.800,0,2,.000,0,6,6,0,0,1,3,1,8,4.4,Shalae Salmon,https://www.sports-reference.com/cbb/players/shalae-salmon-1.html,brigham-young,2018-19
21,78,21,2019-01-31,Brigham Young,@,Loyola Marymount,REG (Conf),L 58-61,*,15,2,4,.500,0,0,2,4,.500,.500,0,0,,1,3,4,1,0,0,1,2,4,2.5,Shalae Salmon,https://www.sports-reference.com/cbb/players/shalae-salmon-1.html,brigham-young,2018-19
22,79,22,2019-02-02,Brigham Young,@,Pepperdine,REG (Conf),L 65-79,*,22,6,12,.500,0,0,6,12,.500,.500,1,2,.500,2,4,6,2,0,0,2,1,13,8.2,Shalae Salmon,https://www.sports-reference.com/cbb/players/shalae-salmon-1.html,brigham-young,2018-19
23,80,27,2019-02-23,Brigham Young,,San Diego,REG (Conf),W 80-68,,6,0,1,.000,0,0,0,1,.000,.000,0,0,,0,1,1,0,0,0,0,1,0,-0.8,Shalae Salmon,https://www.sports-reference.com/cbb/players/shalae-salmon-1.html,brigham-young,2018-19
24,81,28,2019-02-28,Brigham Young,,San Francisco,REG (Conf),W 82-59,,7,1,1,1.000,0,0,1,1,1.000,1.000,0,0,,1,1,2,1,0,2,1,4,2,2.2,Shalae Salmon,https://www.sports-reference.com/cbb/players/shalae-salmon-1.html,brigham-young,2018-19
25,82,29,2019-03-02,Brigham Young,,Santa Clara,REG (Conf),W 69-64,,9,1,5,.200,0,0,1,5,.200,.200,0,0,,1,1,2,0,0,1,1,0,2,-0.4,Shalae Salmon,https://www.sports-reference.com/cbb/players/shalae-salmon-1.html,brigham-young,2018-19
26,83,30,2019-03-11,Brigham Young,,Pepperdine,CTOURN,W 68-63,,8,3,4,.750,0,0,3,4,.750,.750,0,0,,1,0,1,0,0,0,0,2,6,4.3,Shalae Salmon,https://www.sports-reference.com/cbb/players/shalae-salmon-1.html,brigham-young,2018-19
27,84,31,2019-03-12,Brigham Young,@,Gonzaga,CTOURN,W 82-68,,5,2,3,.667,0,0,2,3,.667,.667,0,0,,1,1,2,0,1,0,1,3,4,2.5,Shalae Salmon,https://www.sports-reference.com/cbb/players/shalae-salmon-1.html,brigham-young,2018-19
28,85,32,2019-03-23,Brigham Young,,Auburn,ROUND-64,W 73-64,,15,2,2,1.000,0,0,2,2,1.000,1.000,1,4,.250,1,5,6,0,0,0,1,2,5,3.6,Shalae Salmon,https://www.sports-reference.com/cbb/players/shalae-salmon-1.html,brigham-young,2018-19
29,86,33,2019-03-25,Brigham Young,@,Stanford,ROUND-32,L 63-72,,4,1,1,1.000,0,0,1,1,1.000,1.000,0,0,,1,1,2,0,0,0,0,1,2,2.3,Shalae Salmon,https://www.sports-reference.com/cbb/players/shalae-salmon-1.html,brigham-young,2018-19
