ranker,player_game_num_career,team_game_num_season,date,team_name_abbr,game_location,opp_name_abbr,game_type,game_result,is_starter,mp,fg,fga,fg_pct,fg3,fg3a,fg3_pct,fg2,fg2a,fg2_pct,efg_pct,ft,fta,ft_pct,orb,drb,trb,ast,stl,blk,tov,pf,pts,game_score,player_name,player_sr_link,school,season
1,1,1,2018-11-09,Brigham Young,,UC Riverside,REG (Non-Conf),W 72-70 (OT),,33,5,12,.417,2,6,.333,3,6,.500,.500,4,6,.667,1,2,3,1,2,0,4,3,16,7.6,Shaylee Gonzales,https://www.sports-reference.com/cbb/players/shaylee-gonzales-1.html,brigham-young,2018-19
2,2,2,2018-11-13,Brigham Young,,California,REG (Non-Conf),L 52-70,,33,5,11,.455,2,4,.500,3,7,.429,.545,1,2,.500,3,2,5,4,1,0,3,0,13,10.4,Shaylee Gonzales,https://www.sports-reference.com/cbb/players/shaylee-gonzales-1.html,brigham-young,2018-19
3,3,3,2018-11-17,Brigham Young,,Eastern Washington,REG (Non-Conf),W 80-65,,22,6,10,.600,2,4,.500,4,6,.667,.700,2,2,1.000,0,0,0,2,4,0,2,4,16,13.2,Shaylee Gonzales,https://www.sports-reference.com/cbb/players/shaylee-gonzales-1.html,brigham-young,2018-19
4,4,4,2018-11-20,Brigham Young,@,Utah State,REG (Non-Conf),W 62-57 (OT),,38,7,13,.538,0,1,.000,7,12,.583,.538,6,8,.750,3,2,5,3,3,0,1,1,20,19.3,Shaylee Gonzales,https://www.sports-reference.com/cbb/players/shaylee-gonzales-1.html,brigham-young,2018-19
5,5,5,2018-11-23,Brigham Young,@,TCU,REG (Non-Conf),W 61-58,,31,5,15,.333,1,2,.500,4,13,.308,.367,1,2,.500,1,3,4,3,2,0,4,3,12,3.6,Shaylee Gonzales,https://www.sports-reference.com/cbb/players/shaylee-gonzales-1.html,brigham-young,2018-19
6,6,6,2018-11-24,Brigham Young,,California Baptist,REG (Non-Conf),W 76-69,,35,9,14,.643,3,6,.500,6,8,.750,.750,1,2,.500,2,8,10,8,1,1,2,0,22,24.5,Shaylee Gonzales,https://www.sports-reference.com/cbb/players/shaylee-gonzales-1.html,brigham-young,2018-19
7,7,7,2018-11-27,Brigham Young,@,Southern Utah,REG (Non-Conf),L 64-67,,30,6,12,.500,0,1,.000,6,11,.545,.500,1,1,1.000,1,5,6,6,1,0,2,2,13,11.6,Shaylee Gonzales,https://www.sports-reference.com/cbb/players/shaylee-gonzales-1.html,brigham-young,2018-19
8,8,8,2018-11-29,Brigham Young,@,Utah Valley,REG (Non-Conf),W 77-51,*,31,9,15,.600,3,7,.429,6,8,.750,.700,2,4,.500,4,1,5,4,2,0,3,1,23,19.8,Shaylee Gonzales,https://www.sports-reference.com/cbb/players/shaylee-gonzales-1.html,brigham-young,2018-19
9,9,9,2018-12-08,Brigham Young,@,Utah,REG (Non-Conf),L 67-78,*,39,5,14,.357,0,6,.000,5,8,.625,.357,1,2,.500,0,2,2,5,2,1,3,3,11,5.4,Shaylee Gonzales,https://www.sports-reference.com/cbb/players/shaylee-gonzales-1.html,brigham-young,2018-19
10,10,10,2018-12-15,Brigham Young,,Colorado State,REG (Non-Conf),W 51-42,*,39,12,22,.545,3,8,.375,9,14,.643,.614,2,4,.500,4,5,9,4,3,1,2,1,29,26.0,Shaylee Gonzales,https://www.sports-reference.com/cbb/players/shaylee-gonzales-1.html,brigham-young,2018-19
11,11,11,2018-12-21,Brigham Young,,Northern Colorado,REG (Non-Conf),W 70-50,*,37,4,14,.286,3,8,.375,1,6,.167,.393,3,4,.750,2,4,6,5,4,0,1,1,14,14.1,Shaylee Gonzales,https://www.sports-reference.com/cbb/players/shaylee-gonzales-1.html,brigham-young,2018-19
12,12,12,2018-12-29,Brigham Young,@,Santa Clara,REG (Conf),W 54-44,*,37,5,11,.455,1,2,.500,4,9,.444,.500,2,2,1.000,2,5,7,2,1,0,1,0,13,11.6,Shaylee Gonzales,https://www.sports-reference.com/cbb/players/shaylee-gonzales-1.html,brigham-young,2018-19
13,13,13,2018-12-31,Brigham Young,@,San Francisco,REG (Conf),W 67-59,*,39,7,14,.500,3,6,.500,4,8,.500,.607,2,4,.500,4,6,10,2,1,1,3,1,19,15.5,Shaylee Gonzales,https://www.sports-reference.com/cbb/players/shaylee-gonzales-1.html,brigham-young,2018-19
14,14,14,2019-01-03,Brigham Young,,Pepperdine,REG (Conf),W 83-58,*,36,7,14,.500,2,6,.333,5,8,.625,.571,6,9,.667,0,7,7,7,3,0,2,0,22,21.8,Shaylee Gonzales,https://www.sports-reference.com/cbb/players/shaylee-gonzales-1.html,brigham-young,2018-19
15,15,15,2019-01-05,Brigham Young,,Loyola Marymount,REG (Conf),W 55-44,*,32,4,12,.333,2,6,.333,2,6,.333,.417,3,3,1.000,1,1,2,7,3,0,5,1,13,9.7,Shaylee Gonzales,https://www.sports-reference.com/cbb/players/shaylee-gonzales-1.html,brigham-young,2018-19
16,16,16,2019-01-10,Brigham Young,@,Pacific,REG (Conf),W 77-74,*,36,8,16,.500,2,6,.333,6,10,.600,.563,6,6,1.000,4,5,9,3,3,1,7,2,24,18.3,Shaylee Gonzales,https://www.sports-reference.com/cbb/players/shaylee-gonzales-1.html,brigham-young,2018-19
17,17,17,2019-01-12,Brigham Young,@,St. Mary's (CA),REG (Conf),W 74-73,*,34,8,18,.444,2,6,.333,6,12,.500,.500,2,2,1.000,2,3,5,5,3,0,1,1,20,18.0,Shaylee Gonzales,https://www.sports-reference.com/cbb/players/shaylee-gonzales-1.html,brigham-young,2018-19
18,18,18,2019-01-17,Brigham Young,,Gonzaga,REG (Conf),W 70-68,*,35,5,10,.500,2,6,.333,3,4,.750,.600,5,6,.833,0,5,5,2,0,0,3,2,17,10.7,Shaylee Gonzales,https://www.sports-reference.com/cbb/players/shaylee-gonzales-1.html,brigham-young,2018-19
19,19,19,2019-01-19,Brigham Young,,Portland,REG (Conf),W 79-71,*,40,1,11,.091,0,7,.000,1,4,.250,.091,9,12,.750,0,5,5,10,1,1,2,1,11,10.3,Shaylee Gonzales,https://www.sports-reference.com/cbb/players/shaylee-gonzales-1.html,brigham-young,2018-19
20,20,20,2019-01-26,Brigham Young,@,San Diego,REG (Conf),W 65-56,*,40,4,11,.364,1,6,.167,3,5,.600,.409,8,10,.800,1,3,4,2,5,1,1,2,17,17.0,Shaylee Gonzales,https://www.sports-reference.com/cbb/players/shaylee-gonzales-1.html,brigham-young,2018-19
21,21,21,2019-01-31,Brigham Young,@,Loyola Marymount,REG (Conf),L 58-61,*,35,2,11,.182,0,3,.000,2,8,.250,.182,1,2,.500,0,2,2,4,1,2,2,1,5,1.1,Shaylee Gonzales,https://www.sports-reference.com/cbb/players/shaylee-gonzales-1.html,brigham-young,2018-19
22,22,22,2019-02-02,Brigham Young,@,Pepperdine,REG (Conf),L 65-79,*,33,2,8,.250,0,0,,2,8,.250,.250,2,2,1.000,3,4,7,3,2,0,3,2,6,4.8,Shaylee Gonzales,https://www.sports-reference.com/cbb/players/shaylee-gonzales-1.html,brigham-young,2018-19
23,23,23,2019-02-07,Brigham Young,,St. Mary's (CA),REG (Conf),L 75-78,*,35,3,9,.333,0,1,.000,3,8,.375,.333,7,10,.700,1,3,4,4,0,0,1,5,13,8.1,Shaylee Gonzales,https://www.sports-reference.com/cbb/players/shaylee-gonzales-1.html,brigham-young,2018-19
24,24,24,2019-02-09,Brigham Young,,Pacific,REG (Conf),W 75-49,*,27,5,10,.500,4,7,.571,1,3,.333,.700,4,4,1.000,3,3,6,3,3,0,7,2,18,13.3,Shaylee Gonzales,https://www.sports-reference.com/cbb/players/shaylee-gonzales-1.html,brigham-young,2018-19
25,25,25,2019-02-14,Brigham Young,@,Portland,REG (Conf),W 70-69,*,38,7,16,.438,3,6,.500,4,10,.400,.531,2,2,1.000,3,6,9,6,1,0,4,1,19,15.3,Shaylee Gonzales,https://www.sports-reference.com/cbb/players/shaylee-gonzales-1.html,brigham-young,2018-19
26,26,26,2019-02-16,Brigham Young,@,Gonzaga,REG (Conf),W 66-64,*,38,7,11,.636,5,8,.625,2,3,.667,.864,0,0,,0,3,3,3,0,0,3,1,19,13.7,Shaylee Gonzales,https://www.sports-reference.com/cbb/players/shaylee-gonzales-1.html,brigham-young,2018-19
27,27,27,2019-02-23,Brigham Young,,San Diego,REG (Conf),W 80-68,*,32,6,11,.545,1,3,.333,5,8,.625,.591,6,8,.750,0,3,3,6,0,0,1,3,19,15.8,Shaylee Gonzales,https://www.sports-reference.com/cbb/players/shaylee-gonzales-1.html,brigham-young,2018-19
28,28,28,2019-02-28,Brigham Young,,San Francisco,REG (Conf),W 82-59,*,28,6,10,.600,1,2,.500,5,8,.625,.650,3,6,.500,1,2,3,3,3,0,3,1,16,13.2,Shaylee Gonzales,https://www.sports-reference.com/cbb/players/shaylee-gonzales-1.html,brigham-young,2018-19
29,29,29,2019-03-02,Brigham Young,,Santa Clara,REG (Conf),W 69-64,*,35,5,14,.357,1,5,.200,4,9,.444,.393,3,6,.500,2,8,10,7,3,0,4,0,14,12.7,Shaylee Gonzales,https://www.sports-reference.com/cbb/players/shaylee-gonzales-1.html,brigham-young,2018-19
30,30,30,2019-03-11,Brigham Young,,Pepperdine,CTOURN,W 68-63,*,38,8,16,.500,0,2,.000,8,14,.571,.500,1,1,1.000,2,6,8,2,1,1,0,0,17,15.3,Shaylee Gonzales,https://www.sports-reference.com/cbb/players/shaylee-gonzales-1.html,brigham-young,2018-19
31,31,31,2019-03-12,Brigham Young,@,Gonzaga,CTOURN,W 82-68,*,38,7,18,.389,1,6,.167,6,12,.500,.417,5,8,.625,2,5,7,4,0,0,2,3,20,11.5,Shaylee Gonzales,https://www.sports-reference.com/cbb/players/shaylee-gonzales-1.html,brigham-young,2018-19
32,32,32,2019-03-23,Brigham Young,,Auburn,ROUND-64,W 73-64,*,40,7,17,.412,0,3,.000,7,14,.500,.412,3,5,.600,1,8,9,3,2,0,5,1,17,8.9,Shaylee Gonzales,https://www.sports-reference.com/cbb/players/shaylee-gonzales-1.html,brigham-young,2018-19
33,33,33,2019-03-25,Brigham Young,@,Stanford,ROUND-32,L 63-72,*,35,12,21,.571,4,4,1.000,8,17,.471,.667,4,4,1.000,0,5,5,1,2,0,2,4,32,22.7,Shaylee Gonzales,https://www.sports-reference.com/cbb/players/shaylee-gonzales-1.html,brigham-young,2018-19
