ranker,player_game_num_career,team_game_num_season,date,team_name_abbr,game_location,opp_name_abbr,game_type,game_result,is_starter,mp,fg,fga,fg_pct,fg3,fg3a,fg3_pct,fg2,fg2a,fg2_pct,efg_pct,ft,fta,orb,drb,trb,ast,stl,blk,tov,pf,pts,game_score,player_name,player_sr_link,school,season
1,1,3,2018-11-17,Brigham Young,,Eastern Washington,REG (Non-Conf),W 80-65,,4,0,0,,0,0,,0,0,,,0,0,0,0,0,0,0,0,0,0,0,0.0,Signe Glantz,https://www.sports-reference.com/cbb/players/signe-glantz-1.html,brigham-young,2018-19
2,2,7,2018-11-27,Brigham Young,@,Southern Utah,REG (Non-Conf),L 64-67,,2,0,1,.000,0,1,.000,0,0,,.000,0,0,1,0,1,0,0,0,1,0,0,-1.0,Signe Glantz,https://www.sports-reference.com/cbb/players/signe-glantz-1.html,brigham-young,2018-19
3,3,8,2018-11-29,Brigham Young,@,Utah Valley,REG (Non-Conf),W 77-51,,6,1,1,1.000,0,0,,1,1,1.000,1.000,0,0,0,0,0,1,0,0,0,2,2,1.6,Signe Glantz,https://www.sports-reference.com/cbb/players/signe-glantz-1.html,brigham-young,2018-19
4,4,9,2018-12-08,Brigham Young,@,Utah,REG (Non-Conf),L 67-78,,1,0,0,,0,0,,0,0,,,0,0,0,0,0,0,0,0,0,0,0,0.0,Signe Glantz,https://www.sports-reference.com/cbb/players/signe-glantz-1.html,brigham-young,2018-19
5,5,11,2018-12-21,Brigham Young,,Northern Colorado,REG (Non-Conf),W 70-50,,2,0,0,,0,0,,0,0,,,0,0,0,0,0,0,0,0,0,0,0,0.0,Signe Glantz,https://www.sports-reference.com/cbb/players/signe-glantz-1.html,brigham-young,2018-19
6,6,22,2019-02-02,Brigham Young,@,Pepperdine,REG (Conf),L 65-79,,6,0,0,,0,0,,0,0,,,0,0,0,1,1,0,0,0,0,1,0,-0.1,Signe Glantz,https://www.sports-reference.com/cbb/players/signe-glantz-1.html,brigham-young,2018-19
7,7,23,2019-02-07,Brigham Young,,St. Mary's (CA),REG (Conf),L 75-78,,5,0,0,,0,0,,0,0,,,0,0,0,0,0,0,0,1,0,0,0,0.7,Signe Glantz,https://www.sports-reference.com/cbb/players/signe-glantz-1.html,brigham-young,2018-19
8,8,24,2019-02-09,Brigham Young,,Pacific,REG (Conf),W 75-49,,6,1,3,.333,0,0,,1,3,.333,.333,0,0,1,1,2,0,0,0,0,3,2,0.1,Signe Glantz,https://www.sports-reference.com/cbb/players/signe-glantz-1.html,brigham-young,2018-19
9,9,27,2019-02-23,Brigham Young,,San Diego,REG (Conf),W 80-68,,2,0,0,,0,0,,0,0,,,0,0,0,0,0,0,0,0,0,1,0,-0.4,Signe Glantz,https://www.sports-reference.com/cbb/players/signe-glantz-1.html,brigham-young,2018-19
10,10,28,2019-02-28,Brigham Young,,San Francisco,REG (Conf),W 82-59,,4,0,0,,0,0,,0,0,,,0,0,1,1,2,0,0,0,1,1,0,-0.4,Signe Glantz,https://www.sports-reference.com/cbb/players/signe-glantz-1.html,brigham-young,2018-19
11,11,33,2019-03-25,Brigham Young,@,Stanford,ROUND-32,L 63-72,,0,0,0,,0,0,,0,0,,,0,0,0,0,0,0,0,0,0,0,0,0.0,Signe Glantz,https://www.sports-reference.com/cbb/players/signe-glantz-1.html,brigham-young,2018-19
