ranker,player_game_num_career,team_game_num_season,date,team_name_abbr,game_location,opp_name_abbr,game_type,game_result,is_starter,mp,fg,fga,fg_pct,fg3,fg3a,fg3_pct,fg2,fg2a,fg2_pct,efg_pct,ft,fta,ft_pct,orb,drb,trb,ast,stl,blk,tov,pf,pts,game_score,player_name,player_sr_link,school,season
1,33,1,2020-11-25,Fordham,@,Stony Brook,REG (Non-Conf),W 62-58,*,40,10,21,.476,3,5,.600,7,16,.438,.548,2,3,.667,0,1,1,4,1,0,5,1,25,12.6,Anna DeWolfe,https://www.sports-reference.com/cbb/players/anna-dewolfe-1.html,fordham,2020-21
2,34,2,2020-12-05,Fordham,@,Quinnipiac,REG (Non-Conf),L 58-62,*,33,7,16,.438,2,5,.400,5,11,.455,.500,5,8,.625,0,0,0,1,1,0,3,3,21,8.9,Anna DeWolfe,https://www.sports-reference.com/cbb/players/anna-dewolfe-1.html,fordham,2020-21
3,35,3,2020-12-18,Fordham,,Hofstra,REG (Non-Conf),W 72-58,*,38,11,15,.733,4,6,.667,7,9,.778,.867,8,8,1.000,0,2,2,4,1,0,3,0,34,29.3,Anna DeWolfe,https://www.sports-reference.com/cbb/players/anna-dewolfe-1.html,fordham,2020-21
4,36,4,2020-12-21,Fordham,,Davidson,REG (Conf),L 64-79,*,39,5,19,.263,1,7,.143,4,12,.333,.289,3,6,.500,0,2,2,1,2,0,1,5,14,1.8,Anna DeWolfe,https://www.sports-reference.com/cbb/players/anna-dewolfe-1.html,fordham,2020-21
5,37,5,2020-12-22,Fordham,,Albany (NY),REG (Non-Conf),W 71-42,*,38,8,16,.500,1,5,.200,7,11,.636,.531,4,4,1.000,0,1,1,4,3,0,3,1,21,15.7,Anna DeWolfe,https://www.sports-reference.com/cbb/players/anna-dewolfe-1.html,fordham,2020-21
6,38,6,2021-01-01,Fordham,,George Mason,REG (Conf),W 62-32,*,37,8,20,.400,2,8,.250,6,12,.500,.450,0,0,,0,4,4,3,2,0,5,0,18,7.5,Anna DeWolfe,https://www.sports-reference.com/cbb/players/anna-dewolfe-1.html,fordham,2020-21
7,39,7,2021-01-03,Fordham,,George Washington,REG (Conf),W 53-47,*,40,7,19,.368,3,8,.375,4,11,.364,.447,4,4,1.000,0,2,2,5,0,0,4,2,21,9.8,Anna DeWolfe,https://www.sports-reference.com/cbb/players/anna-dewolfe-1.html,fordham,2020-21
8,40,8,2021-01-08,Fordham,@,Rhode Island,REG (Conf),W 64-58,*,40,9,17,.529,4,6,.667,5,11,.455,.647,5,6,.833,1,1,2,3,3,0,6,3,27,17.2,Anna DeWolfe,https://www.sports-reference.com/cbb/players/anna-dewolfe-1.html,fordham,2020-21
9,41,9,2021-01-10,Fordham,@,Massachusetts,REG (Conf),L 56-61,*,39,8,24,.333,4,11,.364,4,13,.308,.417,1,2,.500,2,0,2,3,0,0,7,1,21,3.1,Anna DeWolfe,https://www.sports-reference.com/cbb/players/anna-dewolfe-1.html,fordham,2020-21
10,42,10,2021-01-17,Fordham,@,Saint Louis,REG (Conf),W 72-63,*,40,10,19,.526,3,6,.500,7,13,.538,.605,3,4,.750,0,4,4,5,1,0,3,2,26,18.2,Anna DeWolfe,https://www.sports-reference.com/cbb/players/anna-dewolfe-1.html,fordham,2020-21
11,43,11,2021-01-22,Fordham,,St. Bonaventure,REG (Conf),W 68-49,*,38,9,25,.360,5,14,.357,4,11,.364,.460,0,0,,0,0,0,5,1,0,2,0,23,11.6,Anna DeWolfe,https://www.sports-reference.com/cbb/players/anna-dewolfe-1.html,fordham,2020-21
12,44,12,2021-01-31,Fordham,@,Davidson,REG (Conf),W 73-55,*,38,11,22,.500,3,8,.375,8,14,.571,.568,2,2,1.000,0,0,0,2,2,0,2,1,27,17.0,Anna DeWolfe,https://www.sports-reference.com/cbb/players/anna-dewolfe-1.html,fordham,2020-21
13,45,13,2021-02-07,Fordham,,Rhode Island,REG (Conf),W 56-53,*,38,6,13,.462,2,5,.400,4,8,.500,.538,4,4,1.000,0,4,4,1,2,0,5,1,18,9.8,Anna DeWolfe,https://www.sports-reference.com/cbb/players/anna-dewolfe-1.html,fordham,2020-21
14,46,14,2021-02-12,Fordham,,Saint Joseph's,REG (Conf),W 51-36,*,33,5,16,.313,2,3,.667,3,13,.231,.375,1,2,.500,0,1,1,3,0,0,3,3,13,1.6,Anna DeWolfe,https://www.sports-reference.com/cbb/players/anna-dewolfe-1.html,fordham,2020-21
15,47,15,2021-03-04,Fordham,@,George Washington,REG (Non-Conf),W 48-43,*,40,3,12,.250,1,6,.167,2,6,.333,.292,7,8,.875,0,2,2,1,1,0,5,1,14,3.3,Anna DeWolfe,https://www.sports-reference.com/cbb/players/anna-dewolfe-1.html,fordham,2020-21
16,48,16,2021-03-12,Fordham,,Massachusetts,CTOURN,L 70-80,*,38,8,23,.348,4,10,.400,4,13,.308,.435,5,6,.833,0,3,3,2,4,0,4,2,25,13.2,Anna DeWolfe,https://www.sports-reference.com/cbb/players/anna-dewolfe-1.html,fordham,2020-21
17,49,17,2021-03-19,Fordham,@,Delaware,WNIT,L 49-77,*,33,4,14,.286,1,6,.167,3,8,.375,.321,0,0,,0,1,1,2,0,0,3,1,9,-0.9,Anna DeWolfe,https://www.sports-reference.com/cbb/players/anna-dewolfe-1.html,fordham,2020-21
18,50,18,2021-03-20,Fordham,@,Ohio,WNIT,L 64-81,*,30,6,18,.333,4,9,.444,2,9,.222,.444,2,2,1.000,0,0,0,1,0,0,5,2,18,2.7,Anna DeWolfe,https://www.sports-reference.com/cbb/players/anna-dewolfe-1.html,fordham,2020-21
