ranker,player_game_num_career,team_game_num_season,date,team_name_abbr,game_location,opp_name_abbr,game_type,game_result,is_starter,mp,fg,fga,fg_pct,fg3,fg3a,fg3_pct,fg2,fg2a,fg2_pct,efg_pct,ft,fta,orb,drb,trb,ast,stl,blk,tov,pf,pts,game_score,player_name,player_sr_link,school,season
1,24,1,2020-11-25,Fordham,@,Stony Brook,REG (Non-Conf),W 62-58,,7,0,0,,0,0,,0,0,,,0,0,0,0,0,0,0,0,1,0,0,-1.0,Catherine Polisano,https://www.sports-reference.com/cbb/players/catherine-polisano-1.html,fordham,2020-21
2,25,2,2020-12-05,Fordham,@,Quinnipiac,REG (Non-Conf),L 58-62,,0,0,0,,0,0,,0,0,,,0,0,0,0,0,0,0,0,0,0,0,0.0,Catherine Polisano,https://www.sports-reference.com/cbb/players/catherine-polisano-1.html,fordham,2020-21
3,26,6,2021-01-01,Fordham,,George Mason,REG (Conf),W 62-32,,3,0,1,.000,0,0,,0,1,.000,.000,0,0,0,0,0,0,0,0,0,0,0,-0.7,Catherine Polisano,https://www.sports-reference.com/cbb/players/catherine-polisano-1.html,fordham,2020-21
4,27,11,2021-01-22,Fordham,,St. Bonaventure,REG (Conf),W 68-49,,2,0,0,,0,0,,0,0,,,0,0,0,0,0,0,1,0,0,0,0,1.0,Catherine Polisano,https://www.sports-reference.com/cbb/players/catherine-polisano-1.html,fordham,2020-21
5,28,12,2021-01-31,Fordham,@,Davidson,REG (Conf),W 73-55,,2,0,1,.000,0,1,.000,0,0,,.000,0,0,0,0,0,0,0,0,0,0,0,-0.7,Catherine Polisano,https://www.sports-reference.com/cbb/players/catherine-polisano-1.html,fordham,2020-21
6,29,16,2021-03-12,Fordham,,Massachusetts,CTOURN,L 70-80,,2,0,0,,0,0,,0,0,,,0,0,0,0,0,0,0,0,0,1,0,-0.4,Catherine Polisano,https://www.sports-reference.com/cbb/players/catherine-polisano-1.html,fordham,2020-21
7,30,17,2021-03-19,Fordham,@,Delaware,WNIT,L 49-77,,3,0,1,.000,0,0,,0,1,.000,.000,0,0,0,0,0,0,0,0,1,0,0,-1.7,Catherine Polisano,https://www.sports-reference.com/cbb/players/catherine-polisano-1.html,fordham,2020-21
