ranker,player_game_num_career,team_game_num_season,date,team_name_abbr,game_location,opp_name_abbr,game_type,game_result,is_starter,mp,fg,fga,fg_pct,fg3,fg3a,fg3_pct,fg2,fg2a,fg2_pct,efg_pct,ft,fta,ft_pct,orb,drb,trb,ast,stl,blk,tov,pf,pts,game_score,player_name,player_sr_link,school,season
1,67,1,2020-11-25,Fordham,@,Stony Brook,REG (Non-Conf),W 62-58,*,29,5,13,.385,3,5,.600,2,8,.250,.500,3,4,.750,5,15,20,3,0,0,1,4,16,16.0,Kaitlyn Downey,https://www.sports-reference.com/cbb/players/kaitlyn-downey-1.html,fordham,2020-21
2,68,2,2020-12-05,Fordham,@,Quinnipiac,REG (Non-Conf),L 58-62,*,30,4,9,.444,3,8,.375,1,1,1.000,.611,1,1,1.000,1,9,10,6,1,1,2,4,12,13.0,Kaitlyn Downey,https://www.sports-reference.com/cbb/players/kaitlyn-downey-1.html,fordham,2020-21
3,69,3,2020-12-18,Fordham,,Hofstra,REG (Non-Conf),W 72-58,*,34,1,7,.143,0,5,.000,1,2,.500,.143,0,1,.000,0,10,10,3,2,1,5,0,2,-0.1,Kaitlyn Downey,https://www.sports-reference.com/cbb/players/kaitlyn-downey-1.html,fordham,2020-21
4,70,4,2020-12-21,Fordham,,Davidson,REG (Conf),L 64-79,*,29,3,8,.375,1,2,.500,2,6,.333,.438,0,0,,1,7,8,4,0,1,5,1,7,3.5,Kaitlyn Downey,https://www.sports-reference.com/cbb/players/kaitlyn-downey-1.html,fordham,2020-21
5,71,5,2020-12-22,Fordham,,Albany (NY),REG (Non-Conf),W 71-42,*,25,1,4,.250,0,1,.000,1,3,.333,.250,2,2,1.000,2,5,7,4,2,0,0,0,4,9.3,Kaitlyn Downey,https://www.sports-reference.com/cbb/players/kaitlyn-downey-1.html,fordham,2020-21
6,72,6,2021-01-01,Fordham,,George Mason,REG (Conf),W 62-32,*,28,3,8,.375,1,4,.250,2,4,.500,.438,0,0,,3,6,9,0,0,1,0,1,7,6.8,Kaitlyn Downey,https://www.sports-reference.com/cbb/players/kaitlyn-downey-1.html,fordham,2020-21
7,73,7,2021-01-03,Fordham,,George Washington,REG (Conf),W 53-47,*,37,3,10,.300,2,5,.400,1,5,.200,.400,2,2,1.000,2,16,18,1,2,1,2,2,10,11.0,Kaitlyn Downey,https://www.sports-reference.com/cbb/players/kaitlyn-downey-1.html,fordham,2020-21
8,74,8,2021-01-08,Fordham,@,Rhode Island,REG (Conf),W 64-58,*,34,3,8,.375,2,6,.333,1,2,.500,.500,0,1,.000,0,9,9,4,0,2,2,1,8,7.7,Kaitlyn Downey,https://www.sports-reference.com/cbb/players/kaitlyn-downey-1.html,fordham,2020-21
9,75,9,2021-01-10,Fordham,@,Massachusetts,REG (Conf),L 56-61,*,28,5,11,.455,3,5,.600,2,6,.333,.591,1,2,.500,2,8,10,3,0,0,3,5,14,8.8,Kaitlyn Downey,https://www.sports-reference.com/cbb/players/kaitlyn-downey-1.html,fordham,2020-21
10,76,10,2021-01-17,Fordham,@,Saint Louis,REG (Conf),W 72-63,*,35,7,14,.500,6,9,.667,1,5,.200,.714,4,5,.800,3,10,13,5,1,0,2,2,24,23.4,Kaitlyn Downey,https://www.sports-reference.com/cbb/players/kaitlyn-downey-1.html,fordham,2020-21
11,77,11,2021-01-22,Fordham,,St. Bonaventure,REG (Conf),W 68-49,*,26,4,5,.800,2,3,.667,2,2,1.000,1.000,0,0,,1,6,7,2,1,2,2,1,10,12.0,Kaitlyn Downey,https://www.sports-reference.com/cbb/players/kaitlyn-downey-1.html,fordham,2020-21
12,78,12,2021-01-31,Fordham,@,Davidson,REG (Conf),W 73-55,*,33,3,10,.300,2,7,.286,1,3,.333,.400,3,3,1.000,1,7,8,2,0,0,1,1,11,8.0,Kaitlyn Downey,https://www.sports-reference.com/cbb/players/kaitlyn-downey-1.html,fordham,2020-21
13,79,13,2021-02-07,Fordham,,Rhode Island,REG (Conf),W 56-53,*,35,3,7,.429,2,5,.400,1,2,.500,.571,2,2,1.000,0,12,12,2,0,2,1,2,10,10.9,Kaitlyn Downey,https://www.sports-reference.com/cbb/players/kaitlyn-downey-1.html,fordham,2020-21
14,80,14,2021-02-12,Fordham,,Saint Joseph's,REG (Conf),W 51-36,*,39,5,11,.455,2,5,.400,3,6,.500,.545,3,8,.375,1,11,12,6,3,4,0,1,15,20.9,Kaitlyn Downey,https://www.sports-reference.com/cbb/players/kaitlyn-downey-1.html,fordham,2020-21
15,81,15,2021-03-04,Fordham,@,George Washington,REG (Non-Conf),W 48-43,*,34,0,3,.000,0,1,.000,0,2,.000,.000,0,0,,3,2,5,2,3,0,1,4,0,2.4,Kaitlyn Downey,https://www.sports-reference.com/cbb/players/kaitlyn-downey-1.html,fordham,2020-21
16,82,16,2021-03-12,Fordham,,Massachusetts,CTOURN,L 70-80,*,26,4,10,.400,1,5,.200,3,5,.600,.450,1,4,.250,1,4,5,3,0,0,1,2,10,5.6,Kaitlyn Downey,https://www.sports-reference.com/cbb/players/kaitlyn-downey-1.html,fordham,2020-21
17,83,17,2021-03-19,Fordham,@,Delaware,WNIT,L 49-77,*,32,4,11,.364,1,6,.167,3,5,.600,.409,0,0,,4,9,13,5,2,0,5,3,9,7.7,Kaitlyn Downey,https://www.sports-reference.com/cbb/players/kaitlyn-downey-1.html,fordham,2020-21
18,84,18,2021-03-20,Fordham,@,Ohio,WNIT,L 64-81,*,34,4,10,.400,1,6,.167,3,4,.750,.450,3,4,.750,0,7,7,1,1,0,1,3,12,7.8,Kaitlyn Downey,https://www.sports-reference.com/cbb/players/kaitlyn-downey-1.html,fordham,2020-21
