ranker,player_game_num_career,team_game_num_season,date,team_name_abbr,game_location,opp_name_abbr,game_type,game_result,is_starter,mp,fg,fga,fg_pct,fg3,fg3a,fg3_pct,fg2,fg2a,fg2_pct,efg_pct,ft,fta,ft_pct,orb,drb,trb,ast,stl,blk,tov,pf,pts,game_score,player_name,player_sr_link,school,season
1,49,1,2020-11-25,Fordham,@,Stony Brook,REG (Non-Conf),W 62-58,*,30,1,3,.333,0,1,.000,1,2,.500,.333,0,0,,3,0,3,1,1,0,3,2,2,0.3,Katie McLoughlin,https://www.sports-reference.com/cbb/players/katie-mcloughlin-1.html,fordham,2020-21
2,50,2,2020-12-05,Fordham,@,Quinnipiac,REG (Non-Conf),L 58-62,*,29,4,7,.571,3,5,.600,1,2,.500,.786,1,2,.500,2,2,4,0,0,1,3,1,12,7.6,Katie McLoughlin,https://www.sports-reference.com/cbb/players/katie-mcloughlin-1.html,fordham,2020-21
3,51,3,2020-12-18,Fordham,,Hofstra,REG (Non-Conf),W 72-58,*,21,1,2,.500,1,1,1.000,0,1,.000,.750,0,0,,2,1,3,2,0,0,1,2,3,3.3,Katie McLoughlin,https://www.sports-reference.com/cbb/players/katie-mcloughlin-1.html,fordham,2020-21
4,52,4,2020-12-21,Fordham,,Davidson,REG (Conf),L 64-79,*,34,1,2,.500,0,1,.000,1,1,1.000,.500,2,2,1.000,4,2,6,1,0,0,2,1,4,4.7,Katie McLoughlin,https://www.sports-reference.com/cbb/players/katie-mcloughlin-1.html,fordham,2020-21
5,53,5,2020-12-22,Fordham,,Albany (NY),REG (Non-Conf),W 71-42,*,19,1,3,.333,0,1,.000,1,2,.500,.333,0,0,,0,2,2,1,0,0,1,4,2,-1.0,Katie McLoughlin,https://www.sports-reference.com/cbb/players/katie-mcloughlin-1.html,fordham,2020-21
6,54,6,2021-01-01,Fordham,,George Mason,REG (Conf),W 62-32,*,15,0,1,.000,0,1,.000,0,0,,.000,0,0,,2,2,4,2,0,0,1,1,0,1.3,Katie McLoughlin,https://www.sports-reference.com/cbb/players/katie-mcloughlin-1.html,fordham,2020-21
7,55,7,2021-01-03,Fordham,,George Washington,REG (Conf),W 53-47,*,13,2,4,.500,2,4,.500,0,0,,.750,0,0,,0,1,1,0,0,0,0,1,6,3.9,Katie McLoughlin,https://www.sports-reference.com/cbb/players/katie-mcloughlin-1.html,fordham,2020-21
8,56,8,2021-01-08,Fordham,@,Rhode Island,REG (Conf),W 64-58,*,16,1,3,.333,1,2,.500,0,1,.000,.500,0,0,,0,2,2,0,0,0,1,0,3,0.9,Katie McLoughlin,https://www.sports-reference.com/cbb/players/katie-mcloughlin-1.html,fordham,2020-21
9,57,9,2021-01-10,Fordham,@,Massachusetts,REG (Conf),L 56-61,*,24,1,4,.250,1,2,.500,0,2,.000,.375,0,0,,0,2,2,1,0,0,0,4,3,0.3,Katie McLoughlin,https://www.sports-reference.com/cbb/players/katie-mcloughlin-1.html,fordham,2020-21
10,58,10,2021-01-17,Fordham,@,Saint Louis,REG (Conf),W 72-63,*,27,1,7,.143,1,6,.167,0,1,.000,.214,0,0,,3,1,4,2,1,0,1,2,3,1.5,Katie McLoughlin,https://www.sports-reference.com/cbb/players/katie-mcloughlin-1.html,fordham,2020-21
11,59,11,2021-01-22,Fordham,,St. Bonaventure,REG (Conf),W 68-49,*,22,2,4,.500,2,3,.667,0,1,.000,.750,0,0,,2,1,3,2,0,0,1,4,6,4.5,Katie McLoughlin,https://www.sports-reference.com/cbb/players/katie-mcloughlin-1.html,fordham,2020-21
12,60,12,2021-01-31,Fordham,@,Davidson,REG (Conf),W 73-55,*,21,2,3,.667,2,3,.667,0,0,,1.000,0,0,,0,2,2,0,2,0,1,1,6,5.9,Katie McLoughlin,https://www.sports-reference.com/cbb/players/katie-mcloughlin-1.html,fordham,2020-21
13,61,13,2021-02-07,Fordham,,Rhode Island,REG (Conf),W 56-53,*,24,3,6,.500,0,1,.000,3,5,.600,.500,1,2,.500,0,1,1,2,1,0,2,2,7,3.5,Katie McLoughlin,https://www.sports-reference.com/cbb/players/katie-mcloughlin-1.html,fordham,2020-21
14,62,14,2021-02-12,Fordham,,Saint Joseph's,REG (Conf),W 51-36,*,30,3,7,.429,1,3,.333,2,4,.500,.500,0,0,,2,8,10,2,1,0,0,1,7,9.1,Katie McLoughlin,https://www.sports-reference.com/cbb/players/katie-mcloughlin-1.html,fordham,2020-21
15,63,15,2021-03-04,Fordham,@,George Washington,REG (Non-Conf),W 48-43,*,22,2,6,.333,0,4,.000,2,2,1.000,.333,2,2,1.000,0,3,3,1,1,0,2,3,6,2.0,Katie McLoughlin,https://www.sports-reference.com/cbb/players/katie-mcloughlin-1.html,fordham,2020-21
16,64,16,2021-03-12,Fordham,,Massachusetts,CTOURN,L 70-80,*,25,4,9,.444,2,7,.286,2,2,1.000,.556,0,0,,1,3,4,1,2,0,2,5,10,5.6,Katie McLoughlin,https://www.sports-reference.com/cbb/players/katie-mcloughlin-1.html,fordham,2020-21
17,65,17,2021-03-19,Fordham,@,Delaware,WNIT,L 49-77,*,18,0,3,.000,0,3,.000,0,0,,.000,0,0,,0,1,1,0,0,0,0,0,0,-1.8,Katie McLoughlin,https://www.sports-reference.com/cbb/players/katie-mcloughlin-1.html,fordham,2020-21
18,66,18,2021-03-20,Fordham,@,Ohio,WNIT,L 64-81,*,19,0,6,.000,0,4,.000,0,2,.000,.000,0,0,,1,4,5,0,1,0,2,1,0,-3.7,Katie McLoughlin,https://www.sports-reference.com/cbb/players/katie-mcloughlin-1.html,fordham,2020-21
