ranker,player_game_num_career,team_game_num_season,date,team_name_abbr,game_location,opp_name_abbr,game_type,game_result,is_starter,mp,fg,fga,fg_pct,fg3,fg3a,fg3_pct,fg2,fg2a,fg2_pct,efg_pct,ft,fta,ft_pct,orb,drb,trb,ast,stl,blk,tov,pf,pts,game_score,player_name,player_sr_link,school,season
1,100,1,2020-11-25,Fordham,@,Stony Brook,REG (Non-Conf),W 62-58,*,16,2,6,.333,0,1,.000,2,5,.400,.333,2,4,.500,1,3,4,2,0,0,4,4,6,-0.8,Kendell Heremaia,https://www.sports-reference.com/cbb/players/kendell-heremaia-1.html,fordham,2020-21
2,101,2,2020-12-05,Fordham,@,Quinnipiac,REG (Non-Conf),L 58-62,*,18,2,9,.222,1,5,.200,1,4,.250,.278,0,0,,1,1,2,1,2,0,2,5,5,-0.8,Kendell Heremaia,https://www.sports-reference.com/cbb/players/kendell-heremaia-1.html,fordham,2020-21
3,102,3,2020-12-18,Fordham,,Hofstra,REG (Non-Conf),W 72-58,*,35,5,12,.417,5,11,.455,0,1,.000,.625,0,0,,0,9,9,2,0,1,4,0,15,9.4,Kendell Heremaia,https://www.sports-reference.com/cbb/players/kendell-heremaia-1.html,fordham,2020-21
4,103,4,2020-12-21,Fordham,,Davidson,REG (Conf),L 64-79,*,19,3,17,.176,1,9,.111,2,8,.250,.206,2,2,1.000,1,7,8,2,0,0,4,4,9,-3.1,Kendell Heremaia,https://www.sports-reference.com/cbb/players/kendell-heremaia-1.html,fordham,2020-21
5,104,5,2020-12-22,Fordham,,Albany (NY),REG (Non-Conf),W 71-42,*,27,5,10,.500,3,4,.750,2,6,.333,.650,0,0,,0,13,13,4,0,0,3,2,13,10.9,Kendell Heremaia,https://www.sports-reference.com/cbb/players/kendell-heremaia-1.html,fordham,2020-21
6,105,6,2021-01-01,Fordham,,George Mason,REG (Conf),W 62-32,*,32,5,13,.385,4,12,.333,1,1,1.000,.538,1,2,.500,0,6,6,2,0,0,1,2,15,8.9,Kendell Heremaia,https://www.sports-reference.com/cbb/players/kendell-heremaia-1.html,fordham,2020-21
7,106,7,2021-01-03,Fordham,,George Washington,REG (Conf),W 53-47,*,37,4,10,.400,2,7,.286,2,3,.667,.500,2,2,1.000,2,5,7,4,1,0,1,1,12,11.9,Kendell Heremaia,https://www.sports-reference.com/cbb/players/kendell-heremaia-1.html,fordham,2020-21
8,107,8,2021-01-08,Fordham,@,Rhode Island,REG (Conf),W 64-58,*,34,6,12,.500,4,6,.667,2,6,.333,.667,0,0,,0,9,9,4,2,0,2,1,16,15.1,Kendell Heremaia,https://www.sports-reference.com/cbb/players/kendell-heremaia-1.html,fordham,2020-21
9,108,9,2021-01-10,Fordham,@,Massachusetts,REG (Conf),L 56-61,*,18,3,10,.300,2,5,.400,1,5,.200,.400,0,0,,0,2,2,1,1,0,5,5,8,-2.5,Kendell Heremaia,https://www.sports-reference.com/cbb/players/kendell-heremaia-1.html,fordham,2020-21
10,109,10,2021-01-17,Fordham,@,Saint Louis,REG (Conf),W 72-63,*,34,6,16,.375,2,6,.333,4,10,.400,.438,0,0,,1,8,9,5,1,0,0,2,14,12.0,Kendell Heremaia,https://www.sports-reference.com/cbb/players/kendell-heremaia-1.html,fordham,2020-21
11,110,11,2021-01-22,Fordham,,St. Bonaventure,REG (Conf),W 68-49,*,35,7,13,.538,4,8,.500,3,5,.600,.692,2,2,1.000,1,7,8,4,1,1,5,3,20,14.8,Kendell Heremaia,https://www.sports-reference.com/cbb/players/kendell-heremaia-1.html,fordham,2020-21
12,111,12,2021-01-31,Fordham,@,Davidson,REG (Conf),W 73-55,*,35,8,14,.571,2,7,.286,6,7,.857,.643,2,2,1.000,3,8,11,4,3,0,4,1,20,19.3,Kendell Heremaia,https://www.sports-reference.com/cbb/players/kendell-heremaia-1.html,fordham,2020-21
13,112,13,2021-02-07,Fordham,,Rhode Island,REG (Conf),W 56-53,*,27,4,16,.250,1,8,.125,3,8,.375,.281,2,2,1.000,2,1,3,3,3,0,1,2,11,6.4,Kendell Heremaia,https://www.sports-reference.com/cbb/players/kendell-heremaia-1.html,fordham,2020-21
14,113,14,2021-02-12,Fordham,,Saint Joseph's,REG (Conf),W 51-36,*,29,4,11,.364,2,5,.400,2,6,.333,.455,2,2,1.000,3,3,6,1,0,0,4,3,12,4.4,Kendell Heremaia,https://www.sports-reference.com/cbb/players/kendell-heremaia-1.html,fordham,2020-21
15,114,15,2021-03-04,Fordham,@,George Washington,REG (Non-Conf),W 48-43,*,36,7,10,.700,3,6,.500,4,4,1.000,.850,2,2,1.000,0,8,8,1,3,0,6,2,19,14.1,Kendell Heremaia,https://www.sports-reference.com/cbb/players/kendell-heremaia-1.html,fordham,2020-21
16,115,16,2021-03-12,Fordham,,Massachusetts,CTOURN,L 70-80,*,33,1,9,.111,0,5,.000,1,4,.250,.111,3,4,.750,1,7,8,7,1,2,6,4,5,1.2,Kendell Heremaia,https://www.sports-reference.com/cbb/players/kendell-heremaia-1.html,fordham,2020-21
17,116,17,2021-03-19,Fordham,@,Delaware,WNIT,L 49-77,*,29,2,10,.200,1,8,.125,1,2,.500,.250,4,4,1.000,1,8,9,4,1,0,6,4,9,2.1,Kendell Heremaia,https://www.sports-reference.com/cbb/players/kendell-heremaia-1.html,fordham,2020-21
18,117,18,2021-03-20,Fordham,@,Ohio,WNIT,L 64-81,*,39,6,15,.400,5,11,.455,1,4,.250,.567,3,6,.500,0,11,11,7,2,0,5,1,20,15.5,Kendell Heremaia,https://www.sports-reference.com/cbb/players/kendell-heremaia-1.html,fordham,2020-21
