ranker,player_game_num_career,team_game_num_season,date,team_name_abbr,game_location,opp_name_abbr,game_type,game_result,is_starter,mp,fg,fga,fg_pct,fg3,fg3a,fg3_pct,fg2,fg2a,fg2_pct,efg_pct,ft,fta,ft_pct,orb,drb,trb,ast,stl,blk,tov,pf,pts,game_score,player_name,player_sr_link,school,season
1,1,1,2020-11-25,Fordham,@,Stony Brook,REG (Non-Conf),W 62-58,,4,0,0,,0,0,,0,0,,,0,0,,0,0,0,0,1,0,0,1,0,0.6,Matilda Flood,https://www.sports-reference.com/cbb/players/matilda-flood-1.html,fordham,2020-21
2,2,2,2020-12-05,Fordham,@,Quinnipiac,REG (Non-Conf),L 58-62,,6,0,1,.000,0,0,,0,1,.000,.000,1,2,.500,2,1,3,1,0,0,0,1,1,1.9,Matilda Flood,https://www.sports-reference.com/cbb/players/matilda-flood-1.html,fordham,2020-21
3,3,3,2020-12-18,Fordham,,Hofstra,REG (Non-Conf),W 72-58,,17,2,2,1.000,1,1,1.000,1,1,1.000,1.250,0,0,,2,3,5,2,0,0,0,2,5,7.3,Matilda Flood,https://www.sports-reference.com/cbb/players/matilda-flood-1.html,fordham,2020-21
4,4,4,2020-12-21,Fordham,,Davidson,REG (Conf),L 64-79,,13,2,3,.667,0,1,.000,2,2,1.000,.667,1,2,.500,1,1,2,0,2,0,0,1,5,5.9,Matilda Flood,https://www.sports-reference.com/cbb/players/matilda-flood-1.html,fordham,2020-21
5,5,5,2020-12-22,Fordham,,Albany (NY),REG (Non-Conf),W 71-42,,17,3,4,.750,2,3,.667,1,1,1.000,1.000,0,0,,1,3,4,0,0,0,1,1,8,6.6,Matilda Flood,https://www.sports-reference.com/cbb/players/matilda-flood-1.html,fordham,2020-21
6,6,6,2021-01-01,Fordham,,George Mason,REG (Conf),W 62-32,,16,1,4,.250,1,3,.333,0,1,.000,.375,0,0,,4,2,6,1,0,0,2,0,3,2.7,Matilda Flood,https://www.sports-reference.com/cbb/players/matilda-flood-1.html,fordham,2020-21
7,7,7,2021-01-03,Fordham,,George Washington,REG (Conf),W 53-47,,5,0,1,.000,0,0,,0,1,.000,.000,0,0,,0,2,2,0,0,0,0,0,0,-0.1,Matilda Flood,https://www.sports-reference.com/cbb/players/matilda-flood-1.html,fordham,2020-21
8,8,8,2021-01-08,Fordham,@,Rhode Island,REG (Conf),W 64-58,,7,0,1,.000,0,0,,0,1,.000,.000,0,0,,1,0,1,1,0,0,0,0,0,0.7,Matilda Flood,https://www.sports-reference.com/cbb/players/matilda-flood-1.html,fordham,2020-21
9,9,9,2021-01-10,Fordham,@,Massachusetts,REG (Conf),L 56-61,,6,0,0,,0,0,,0,0,,,0,0,,0,2,2,0,0,1,1,1,0,-0.1,Matilda Flood,https://www.sports-reference.com/cbb/players/matilda-flood-1.html,fordham,2020-21
10,10,10,2021-01-17,Fordham,@,Saint Louis,REG (Conf),W 72-63,,19,1,4,.250,1,3,.333,0,1,.000,.375,0,0,,1,3,4,1,0,1,1,3,3,1.4,Matilda Flood,https://www.sports-reference.com/cbb/players/matilda-flood-1.html,fordham,2020-21
11,11,11,2021-01-22,Fordham,,St. Bonaventure,REG (Conf),W 68-49,,14,0,3,.000,0,1,.000,0,2,.000,.000,0,0,,6,2,8,1,1,0,1,0,0,3.4,Matilda Flood,https://www.sports-reference.com/cbb/players/matilda-flood-1.html,fordham,2020-21
12,12,12,2021-01-31,Fordham,@,Davidson,REG (Conf),W 73-55,,19,0,1,.000,0,0,,0,1,.000,.000,1,4,.250,0,4,4,1,0,0,1,3,1,-1.2,Matilda Flood,https://www.sports-reference.com/cbb/players/matilda-flood-1.html,fordham,2020-21
13,13,13,2021-02-07,Fordham,,Rhode Island,REG (Conf),W 56-53,,18,2,5,.400,1,2,.500,1,3,.333,.500,0,0,,1,2,3,0,0,0,0,2,5,2.8,Matilda Flood,https://www.sports-reference.com/cbb/players/matilda-flood-1.html,fordham,2020-21
14,14,14,2021-02-12,Fordham,,Saint Joseph's,REG (Conf),W 51-36,,7,0,1,.000,0,1,.000,0,0,,.000,0,2,.000,1,1,2,0,0,0,0,1,0,-0.9,Matilda Flood,https://www.sports-reference.com/cbb/players/matilda-flood-1.html,fordham,2020-21
15,15,15,2021-03-04,Fordham,@,George Washington,REG (Non-Conf),W 48-43,,14,2,4,.500,0,1,.000,2,3,.667,.500,1,2,.500,0,1,1,0,0,0,2,3,5,-0.3,Matilda Flood,https://www.sports-reference.com/cbb/players/matilda-flood-1.html,fordham,2020-21
16,16,16,2021-03-12,Fordham,,Massachusetts,CTOURN,L 70-80,,8,0,0,,0,0,,0,0,,,3,4,.750,2,2,4,0,0,0,0,0,3,4.6,Matilda Flood,https://www.sports-reference.com/cbb/players/matilda-flood-1.html,fordham,2020-21
17,17,17,2021-03-19,Fordham,@,Delaware,WNIT,L 49-77,,11,1,3,.333,0,1,.000,1,2,.500,.333,0,0,,1,0,1,0,1,1,2,0,2,0.7,Matilda Flood,https://www.sports-reference.com/cbb/players/matilda-flood-1.html,fordham,2020-21
18,18,18,2021-03-20,Fordham,@,Ohio,WNIT,L 64-81,,17,0,3,.000,0,2,.000,0,1,.000,.000,0,0,,3,0,3,0,1,1,0,1,0,1.3,Matilda Flood,https://www.sports-reference.com/cbb/players/matilda-flood-1.html,fordham,2020-21
