ranker,player_game_num_career,team_game_num_season,date,team_name_abbr,game_location,opp_name_abbr,game_type,game_result,is_starter,mp,fg,fga,fg_pct,fg3,fg3a,fg2,fg2a,fg2_pct,efg_pct,ft,fta,ft_pct,orb,drb,trb,ast,stl,blk,tov,pf,pts,game_score,player_name,player_sr_link,school,season
1,65,1,2020-11-25,Fordham,@,Stony Brook,REG (Non-Conf),W 62-58,,25,1,2,.500,0,0,1,2,.500,.500,3,3,1.000,1,1,2,0,0,1,0,3,5,4.5,Megan Jonassen,https://www.sports-reference.com/cbb/players/megan-jonassen-1.html,fordham,2020-21
2,66,2,2020-12-05,Fordham,@,Quinnipiac,REG (Non-Conf),L 58-62,,24,1,3,.333,0,0,1,3,.333,.333,1,4,.250,5,4,9,0,0,0,2,3,3,1.6,Megan Jonassen,https://www.sports-reference.com/cbb/players/megan-jonassen-1.html,fordham,2020-21
3,67,3,2020-12-18,Fordham,,Hofstra,REG (Non-Conf),W 72-58,*,28,3,6,.500,0,0,3,6,.500,.500,0,0,,2,4,6,0,1,0,3,2,6,2.8,Megan Jonassen,https://www.sports-reference.com/cbb/players/megan-jonassen-1.html,fordham,2020-21
4,68,4,2020-12-21,Fordham,,Davidson,REG (Conf),L 64-79,*,33,4,8,.500,0,0,4,8,.500,.500,6,8,.750,9,2,11,0,0,0,1,3,14,13.9,Megan Jonassen,https://www.sports-reference.com/cbb/players/megan-jonassen-1.html,fordham,2020-21
5,69,5,2020-12-22,Fordham,,Albany (NY),REG (Non-Conf),W 71-42,*,29,5,8,.625,0,0,5,8,.625,.625,2,2,1.000,5,4,9,2,0,0,1,2,12,12.7,Megan Jonassen,https://www.sports-reference.com/cbb/players/megan-jonassen-1.html,fordham,2020-21
6,70,6,2021-01-01,Fordham,,George Mason,REG (Conf),W 62-32,*,27,3,5,.600,0,0,3,5,.600,.600,0,1,.000,4,6,10,2,1,3,1,2,6,10.6,Megan Jonassen,https://www.sports-reference.com/cbb/players/megan-jonassen-1.html,fordham,2020-21
7,71,7,2021-01-03,Fordham,,George Washington,REG (Conf),W 53-47,*,37,1,5,.200,0,0,1,5,.200,.200,0,0,,4,1,5,1,1,0,2,1,2,1.3,Megan Jonassen,https://www.sports-reference.com/cbb/players/megan-jonassen-1.html,fordham,2020-21
8,72,8,2021-01-08,Fordham,@,Rhode Island,REG (Conf),W 64-58,*,34,3,4,.750,0,0,3,4,.750,.750,3,4,.750,0,6,6,0,1,0,0,3,9,8.6,Megan Jonassen,https://www.sports-reference.com/cbb/players/megan-jonassen-1.html,fordham,2020-21
9,73,9,2021-01-10,Fordham,@,Massachusetts,REG (Conf),L 56-61,*,38,1,13,.077,0,0,1,13,.077,.077,4,4,1.000,8,6,14,2,2,1,0,2,6,8.0,Megan Jonassen,https://www.sports-reference.com/cbb/players/megan-jonassen-1.html,fordham,2020-21
10,74,10,2021-01-17,Fordham,@,Saint Louis,REG (Conf),W 72-63,*,7,0,1,.000,0,0,0,1,.000,.000,0,0,,1,0,1,0,0,0,0,2,0,-0.8,Megan Jonassen,https://www.sports-reference.com/cbb/players/megan-jonassen-1.html,fordham,2020-21
11,75,11,2021-01-22,Fordham,,St. Bonaventure,REG (Conf),W 68-49,*,24,2,5,.400,0,0,2,5,.400,.400,2,3,.667,4,4,8,1,1,0,0,2,6,7.8,Megan Jonassen,https://www.sports-reference.com/cbb/players/megan-jonassen-1.html,fordham,2020-21
12,76,12,2021-01-31,Fordham,@,Davidson,REG (Conf),W 73-55,*,13,2,3,.667,0,0,2,3,.667,.667,0,0,,3,3,6,0,0,0,2,1,4,3.3,Megan Jonassen,https://www.sports-reference.com/cbb/players/megan-jonassen-1.html,fordham,2020-21
13,77,13,2021-02-07,Fordham,,Rhode Island,REG (Conf),W 56-53,*,18,0,2,.000,0,0,0,2,.000,.000,0,0,,3,0,3,0,0,0,2,1,0,-1.7,Megan Jonassen,https://www.sports-reference.com/cbb/players/megan-jonassen-1.html,fordham,2020-21
14,78,14,2021-02-12,Fordham,,Saint Joseph's,REG (Conf),W 51-36,*,29,2,5,.400,0,0,2,5,.400,.400,0,0,,3,3,6,0,0,0,1,2,4,2.5,Megan Jonassen,https://www.sports-reference.com/cbb/players/megan-jonassen-1.html,fordham,2020-21
15,79,15,2021-03-04,Fordham,@,George Washington,REG (Non-Conf),W 48-43,*,21,2,2,1.000,0,0,2,2,1.000,1.000,0,0,,4,1,5,2,0,0,1,4,4,5.3,Megan Jonassen,https://www.sports-reference.com/cbb/players/megan-jonassen-1.html,fordham,2020-21
16,80,16,2021-03-12,Fordham,,Massachusetts,CTOURN,L 70-80,*,30,3,7,.429,0,0,3,7,.429,.429,2,2,1.000,6,1,7,1,1,0,0,2,8,9.7,Megan Jonassen,https://www.sports-reference.com/cbb/players/megan-jonassen-1.html,fordham,2020-21
17,81,17,2021-03-19,Fordham,@,Delaware,WNIT,L 49-77,*,34,7,8,.875,0,0,7,8,.875,.875,2,4,.500,2,5,7,2,0,0,3,3,16,12.5,Megan Jonassen,https://www.sports-reference.com/cbb/players/megan-jonassen-1.html,fordham,2020-21
18,82,18,2021-03-20,Fordham,@,Ohio,WNIT,L 64-81,*,24,1,3,.333,0,0,1,3,.333,.333,3,6,.500,7,0,7,2,0,0,0,2,5,7.6,Megan Jonassen,https://www.sports-reference.com/cbb/players/megan-jonassen-1.html,fordham,2020-21
