ranker,player_game_num_career,team_game_num_season,date,team_name_abbr,game_location,opp_name_abbr,game_type,game_result,is_starter,mp,fg,fga,fg_pct,fg3,fg3a,fg3_pct,fg2,fg2a,fg2_pct,efg_pct,ft,fta,ft_pct,orb,drb,trb,ast,stl,blk,tov,pf,pts,game_score,player_name,player_sr_link,school,season
1,23,3,2020-12-18,Fordham,,Hofstra,REG (Non-Conf),W 72-58,,2,2,3,.667,0,1,.000,2,2,1.000,.667,1,1,1.000,1,0,1,0,0,0,0,1,5,4.0,Ralene Kwiatkowski,https://www.sports-reference.com/cbb/players/ralene-kwiatkowski-1.html,fordham,2020-21
2,24,5,2020-12-22,Fordham,,Albany (NY),REG (Non-Conf),W 71-42,,3,1,2,.500,1,2,.500,0,0,,.750,0,0,,0,0,0,1,0,0,0,0,3,2.7,Ralene Kwiatkowski,https://www.sports-reference.com/cbb/players/ralene-kwiatkowski-1.html,fordham,2020-21
3,25,6,2021-01-01,Fordham,,George Mason,REG (Conf),W 62-32,,3,0,1,.000,0,0,,0,1,.000,.000,4,4,1.000,0,0,0,0,1,0,0,1,4,3.9,Ralene Kwiatkowski,https://www.sports-reference.com/cbb/players/ralene-kwiatkowski-1.html,fordham,2020-21
4,26,9,2021-01-10,Fordham,@,Massachusetts,REG (Conf),L 56-61,,1,0,0,,0,0,,0,0,,,0,0,,0,0,0,0,0,0,0,1,0,-0.4,Ralene Kwiatkowski,https://www.sports-reference.com/cbb/players/ralene-kwiatkowski-1.html,fordham,2020-21
5,27,11,2021-01-22,Fordham,,St. Bonaventure,REG (Conf),W 68-49,,2,0,1,.000,0,1,.000,0,0,,.000,0,0,,0,0,0,0,0,0,0,0,0,-0.7,Ralene Kwiatkowski,https://www.sports-reference.com/cbb/players/ralene-kwiatkowski-1.html,fordham,2020-21
6,28,12,2021-01-31,Fordham,@,Davidson,REG (Conf),W 73-55,,2,0,1,.000,0,0,,0,1,.000,.000,0,0,,0,0,0,0,0,0,1,0,0,-1.7,Ralene Kwiatkowski,https://www.sports-reference.com/cbb/players/ralene-kwiatkowski-1.html,fordham,2020-21
7,29,16,2021-03-12,Fordham,,Massachusetts,CTOURN,L 70-80,,2,0,1,.000,0,1,.000,0,0,,.000,0,0,,0,0,0,0,0,0,0,1,0,-1.1,Ralene Kwiatkowski,https://www.sports-reference.com/cbb/players/ralene-kwiatkowski-1.html,fordham,2020-21
8,30,17,2021-03-19,Fordham,@,Delaware,WNIT,L 49-77,,5,0,1,.000,0,0,,0,1,.000,.000,0,0,,0,0,0,0,0,0,0,0,0,-0.7,Ralene Kwiatkowski,https://www.sports-reference.com/cbb/players/ralene-kwiatkowski-1.html,fordham,2020-21
9,31,18,2021-03-20,Fordham,@,Ohio,WNIT,L 64-81,,6,2,3,.667,0,0,,2,3,.667,.667,1,1,1.000,0,0,0,0,0,0,1,0,5,2.7,Ralene Kwiatkowski,https://www.sports-reference.com/cbb/players/ralene-kwiatkowski-1.html,fordham,2020-21
