ranker,player_game_num_career,team_game_num_season,date,team_name_abbr,game_location,opp_name_abbr,game_type,game_result,is_starter,mp,fg,fga,fg_pct,fg3,fg3a,fg3_pct,fg2,fg2a,fg2_pct,efg_pct,ft,fta,ft_pct,orb,drb,trb,ast,stl,blk,tov,pf,pts,game_score,player_name,player_sr_link,school,season
1,33,1,2020-11-25,Fordham,@,Stony Brook,REG (Non-Conf),W 62-58,*,40,3,7,.429,1,3,.333,2,4,.500,.500,1,2,.500,2,4,6,5,1,0,2,1,8,8.6,Sarah Karpell,https://www.sports-reference.com/cbb/players/sarah-karpell-1.html,fordham,2020-21
2,34,2,2020-12-05,Fordham,@,Quinnipiac,REG (Non-Conf),L 58-62,*,37,0,4,.000,0,1,.000,0,3,.000,.000,0,0,,2,1,3,3,0,0,4,1,0,-3.4,Sarah Karpell,https://www.sports-reference.com/cbb/players/sarah-karpell-1.html,fordham,2020-21
3,35,3,2020-12-18,Fordham,,Hofstra,REG (Non-Conf),W 72-58,,14,0,0,,0,0,,0,0,,,2,4,.500,0,0,0,1,0,0,1,2,2,0.1,Sarah Karpell,https://www.sports-reference.com/cbb/players/sarah-karpell-1.html,fordham,2020-21
4,36,4,2020-12-21,Fordham,,Davidson,REG (Conf),L 64-79,,25,0,2,.000,0,0,,0,2,.000,.000,1,4,.250,4,0,4,0,0,0,1,5,1,-1.8,Sarah Karpell,https://www.sports-reference.com/cbb/players/sarah-karpell-1.html,fordham,2020-21
5,37,5,2020-12-22,Fordham,,Albany (NY),REG (Non-Conf),W 71-42,,24,1,4,.250,0,1,.000,1,3,.333,.250,0,0,,1,0,1,2,1,0,2,1,2,0.3,Sarah Karpell,https://www.sports-reference.com/cbb/players/sarah-karpell-1.html,fordham,2020-21
6,38,6,2021-01-01,Fordham,,George Mason,REG (Conf),W 62-32,,21,2,3,.667,2,3,.667,0,0,,1.000,0,0,,0,2,2,4,0,0,0,1,6,7.7,Sarah Karpell,https://www.sports-reference.com/cbb/players/sarah-karpell-1.html,fordham,2020-21
7,39,7,2021-01-03,Fordham,,George Washington,REG (Conf),W 53-47,,27,0,3,.000,0,0,,0,3,.000,.000,0,0,,0,1,1,0,0,0,4,3,0,-7.0,Sarah Karpell,https://www.sports-reference.com/cbb/players/sarah-karpell-1.html,fordham,2020-21
8,40,8,2021-01-08,Fordham,@,Rhode Island,REG (Conf),W 64-58,,27,0,2,.000,0,1,.000,0,1,.000,.000,0,0,,1,1,2,1,0,0,2,2,0,-2.5,Sarah Karpell,https://www.sports-reference.com/cbb/players/sarah-karpell-1.html,fordham,2020-21
9,41,9,2021-01-10,Fordham,@,Massachusetts,REG (Conf),L 56-61,,34,1,1,1.000,0,0,,1,1,1.000,1.000,0,0,,1,2,3,2,0,0,1,2,2,2.6,Sarah Karpell,https://www.sports-reference.com/cbb/players/sarah-karpell-1.html,fordham,2020-21
10,42,10,2021-01-17,Fordham,@,Saint Louis,REG (Conf),W 72-63,,36,1,2,.500,0,1,.000,1,1,1.000,.500,0,0,,0,1,1,2,0,0,2,2,2,-0.1,Sarah Karpell,https://www.sports-reference.com/cbb/players/sarah-karpell-1.html,fordham,2020-21
11,43,11,2021-01-22,Fordham,,St. Bonaventure,REG (Conf),W 68-49,,31,0,3,.000,0,0,,0,3,.000,.000,0,0,,2,0,2,3,0,0,1,3,0,-0.8,Sarah Karpell,https://www.sports-reference.com/cbb/players/sarah-karpell-1.html,fordham,2020-21
12,44,12,2021-01-31,Fordham,@,Davidson,REG (Conf),W 73-55,,28,0,1,.000,0,1,.000,0,0,,.000,0,0,,0,0,0,2,0,0,1,3,0,-1.5,Sarah Karpell,https://www.sports-reference.com/cbb/players/sarah-karpell-1.html,fordham,2020-21
13,45,13,2021-02-07,Fordham,,Rhode Island,REG (Conf),W 56-53,,31,1,1,1.000,1,1,1.000,0,0,,1.500,0,0,,2,1,3,0,0,0,1,0,3,3.4,Sarah Karpell,https://www.sports-reference.com/cbb/players/sarah-karpell-1.html,fordham,2020-21
14,46,14,2021-02-12,Fordham,,Saint Joseph's,REG (Conf),W 51-36,,29,0,1,.000,0,1,.000,0,0,,.000,0,0,,1,3,4,0,0,0,2,4,0,-2.7,Sarah Karpell,https://www.sports-reference.com/cbb/players/sarah-karpell-1.html,fordham,2020-21
15,47,15,2021-03-04,Fordham,@,George Washington,REG (Non-Conf),W 48-43,,16,0,0,,0,0,,0,0,,,0,0,,0,2,2,0,1,0,0,1,0,1.2,Sarah Karpell,https://www.sports-reference.com/cbb/players/sarah-karpell-1.html,fordham,2020-21
16,48,16,2021-03-12,Fordham,,Massachusetts,CTOURN,L 70-80,,22,1,1,1.000,1,1,1.000,0,0,,1.500,0,0,,0,2,2,1,0,0,1,1,3,2.6,Sarah Karpell,https://www.sports-reference.com/cbb/players/sarah-karpell-1.html,fordham,2020-21
17,49,17,2021-03-19,Fordham,@,Delaware,WNIT,L 49-77,,21,0,0,,0,0,,0,0,,,0,0,,0,1,1,2,1,0,1,0,0,1.7,Sarah Karpell,https://www.sports-reference.com/cbb/players/sarah-karpell-1.html,fordham,2020-21
18,50,18,2021-03-20,Fordham,@,Ohio,WNIT,L 64-81,,30,1,3,.333,0,0,,1,3,.333,.333,0,0,,2,2,4,1,0,0,1,4,2,0.4,Sarah Karpell,https://www.sports-reference.com/cbb/players/sarah-karpell-1.html,fordham,2020-21
