ranker,player_game_num_career,team_game_num_season,date,team_name_abbr,game_location,opp_name_abbr,game_type,game_result,is_starter,mp,fg,fga,fg_pct,fg3,fg3a,fg2,fg2a,fg2_pct,efg_pct,ft,fta,ft_pct,orb,drb,trb,ast,stl,blk,tov,pf,pts,game_score,player_name,player_sr_link,school,season
1,44,11,2021-01-22,Fordham,,St. Bonaventure,REG (Conf),W 68-49,,2,0,0,,0,0,0,0,,,1,2,.500,0,0,0,0,0,0,0,1,1,0.2,Vilisi Tavui,https://www.sports-reference.com/cbb/players/vilisi-tavui-1.html,fordham,2020-21
2,45,12,2021-01-31,Fordham,@,Davidson,REG (Conf),W 73-55,,1,0,2,.000,0,0,0,2,.000,.000,0,0,,2,1,3,0,0,0,0,0,0,0.3,Vilisi Tavui,https://www.sports-reference.com/cbb/players/vilisi-tavui-1.html,fordham,2020-21
3,46,13,2021-02-07,Fordham,,Rhode Island,REG (Conf),W 56-53,,9,1,1,1.000,0,0,1,1,1.000,1.000,0,0,,0,1,1,0,2,0,0,0,2,4.0,Vilisi Tavui,https://www.sports-reference.com/cbb/players/vilisi-tavui-1.html,fordham,2020-21
4,47,14,2021-02-12,Fordham,,Saint Joseph's,REG (Conf),W 51-36,,2,0,0,,0,0,0,0,,,0,0,,0,0,0,0,0,0,0,0,0,0.0,Vilisi Tavui,https://www.sports-reference.com/cbb/players/vilisi-tavui-1.html,fordham,2020-21
5,48,15,2021-03-04,Fordham,@,George Washington,REG (Non-Conf),W 48-43,,10,0,1,.000,0,0,0,1,.000,.000,0,0,,0,1,1,0,0,0,0,1,0,-0.8,Vilisi Tavui,https://www.sports-reference.com/cbb/players/vilisi-tavui-1.html,fordham,2020-21
6,49,16,2021-03-12,Fordham,,Massachusetts,CTOURN,L 70-80,,14,3,4,.750,0,0,3,4,.750,.750,0,0,,0,2,2,0,1,0,0,1,6,5.6,Vilisi Tavui,https://www.sports-reference.com/cbb/players/vilisi-tavui-1.html,fordham,2020-21
7,50,17,2021-03-19,Fordham,@,Delaware,WNIT,L 49-77,,6,0,0,,0,0,0,0,,,0,0,,0,0,0,0,0,0,0,2,0,-0.8,Vilisi Tavui,https://www.sports-reference.com/cbb/players/vilisi-tavui-1.html,fordham,2020-21
