ranker,player_game_num_career,team_game_num_season,date,team_name_abbr,game_location,opp_name_abbr,game_type,game_result,is_starter,mp,fg,fga,fg_pct,fg3,fg3a,fg3_pct,fg2,fg2a,fg2_pct,efg_pct,ft,fta,ft_pct,orb,drb,trb,ast,stl,blk,tov,pf,pts,game_score,player_name,player_sr_link,school,season
1,46,1,2020-11-25,George Mason,@,Pittsburgh,REG (Non-Conf),L 57-72,*,32,5,15,.333,2,6,.333,3,9,.333,.400,5,8,.625,3,2,5,1,3,0,6,2,17,6.9,Daijah Jefferson,https://www.sports-reference.com/cbb/players/daijah-jefferson-1.html,george-mason,2020-21
2,47,2,2020-11-29,George Mason,,Navy,REG (Non-Conf),W 72-68,*,32,3,14,.214,1,3,.333,2,11,.182,.250,5,7,.714,6,5,11,2,0,0,3,3,12,5.5,Daijah Jefferson,https://www.sports-reference.com/cbb/players/daijah-jefferson-1.html,george-mason,2020-21
3,48,3,2020-12-01,George Mason,,Longwood,REG (Non-Conf),W 77-65,*,30,3,8,.375,1,2,.500,2,6,.333,.438,7,10,.700,1,8,9,2,1,0,4,4,14,8.3,Daijah Jefferson,https://www.sports-reference.com/cbb/players/daijah-jefferson-1.html,george-mason,2020-21
4,49,4,2020-12-06,George Mason,@,James Madison,REG (Non-Conf),L 70-89,*,36,3,13,.231,2,5,.400,1,8,.125,.308,2,2,1.000,1,7,8,1,1,0,3,1,10,3.2,Daijah Jefferson,https://www.sports-reference.com/cbb/players/daijah-jefferson-1.html,george-mason,2020-21
5,50,5,2020-12-16,George Mason,,William & Mary,REG (Non-Conf),L 43-48,*,37,4,14,.286,1,4,.250,3,10,.300,.321,5,6,.833,4,10,14,1,0,0,2,2,14,9.1,Daijah Jefferson,https://www.sports-reference.com/cbb/players/daijah-jefferson-1.html,george-mason,2020-21
6,51,6,2020-12-19,George Mason,,Ole Miss,REG (Non-Conf),L 34-64,*,29,0,7,.000,0,5,.000,0,2,.000,.000,0,0,,0,6,6,0,0,0,3,2,0,-6.9,Daijah Jefferson,https://www.sports-reference.com/cbb/players/daijah-jefferson-1.html,george-mason,2020-21
7,52,7,2020-12-21,George Mason,,Delaware State,REG (Non-Conf),W 69-46,*,27,1,7,.143,0,2,.000,1,5,.200,.143,2,2,1.000,4,7,11,3,0,0,1,1,4,5.1,Daijah Jefferson,https://www.sports-reference.com/cbb/players/daijah-jefferson-1.html,george-mason,2020-21
8,53,8,2021-01-01,George Mason,@,Fordham,REG (Conf),L 32-62,*,24,0,10,.000,0,2,.000,0,8,.000,.000,0,0,,1,2,3,5,0,2,4,0,0,-4.8,Daijah Jefferson,https://www.sports-reference.com/cbb/players/daijah-jefferson-1.html,george-mason,2020-21
9,54,9,2021-01-03,George Mason,@,Davidson,REG (Conf),L 57-61,*,33,4,5,.800,1,1,1.000,3,4,.750,.900,0,0,,1,10,11,1,2,1,5,4,9,7.6,Daijah Jefferson,https://www.sports-reference.com/cbb/players/daijah-jefferson-1.html,george-mason,2020-21
10,55,10,2021-01-08,George Mason,,Dayton,REG (Conf),L 37-59,*,39,3,8,.375,1,3,.333,2,5,.400,.438,1,4,.250,0,3,3,3,2,2,2,2,8,6.0,Daijah Jefferson,https://www.sports-reference.com/cbb/players/daijah-jefferson-1.html,george-mason,2020-21
11,56,11,2021-01-13,George Mason,@,VCU,REG (Conf),L 41-60,*,33,3,11,.273,1,3,.333,2,8,.250,.318,4,4,1.000,2,1,3,2,0,1,3,0,11,5.3,Daijah Jefferson,https://www.sports-reference.com/cbb/players/daijah-jefferson-1.html,george-mason,2020-21
12,57,12,2021-01-17,George Mason,,George Washington,REG (Conf),L 47-67,*,26,0,5,.000,0,1,.000,0,4,.000,.000,0,0,,0,5,5,3,0,0,4,2,0,-4.7,Daijah Jefferson,https://www.sports-reference.com/cbb/players/daijah-jefferson-1.html,george-mason,2020-21
13,58,14,2021-01-26,George Mason,@,Richmond,REG (Conf),L 48-86,,29,5,14,.357,1,4,.250,4,10,.400,.393,2,3,.667,2,3,5,0,1,2,3,0,13,6.5,Daijah Jefferson,https://www.sports-reference.com/cbb/players/daijah-jefferson-1.html,george-mason,2020-21
14,59,15,2021-01-29,George Mason,,VCU,REG (Conf),L 56-64 (OT),*,42,3,11,.273,1,6,.167,2,5,.400,.318,3,4,.750,1,6,7,6,1,0,3,2,10,7.0,Daijah Jefferson,https://www.sports-reference.com/cbb/players/daijah-jefferson-1.html,george-mason,2020-21
15,60,16,2021-01-31,George Mason,,Richmond,REG (Conf),L 52-67,*,30,4,9,.444,0,1,.000,4,8,.500,.444,0,0,,0,5,5,0,0,1,5,2,8,-0.3,Daijah Jefferson,https://www.sports-reference.com/cbb/players/daijah-jefferson-1.html,george-mason,2020-21
16,61,17,2021-02-05,George Mason,@,Rhode Island,REG (Conf),L 27-63,*,30,0,7,.000,0,1,.000,0,6,.000,.000,2,2,1.000,0,6,6,0,4,0,1,1,2,1.5,Daijah Jefferson,https://www.sports-reference.com/cbb/players/daijah-jefferson-1.html,george-mason,2020-21
17,62,18,2021-02-12,George Mason,,St. Bonaventure,REG (Conf),L 62-72,*,39,9,25,.360,2,4,.500,7,21,.333,.400,5,5,1.000,2,8,10,1,0,2,2,3,25,13.8,Daijah Jefferson,https://www.sports-reference.com/cbb/players/daijah-jefferson-1.html,george-mason,2020-21
18,63,19,2021-02-14,George Mason,,Duquesne,REG (Conf),L 49-55,*,33,1,9,.111,0,2,.000,1,7,.143,.111,2,4,.500,2,7,9,4,0,0,2,2,4,0.8,Daijah Jefferson,https://www.sports-reference.com/cbb/players/daijah-jefferson-1.html,george-mason,2020-21
19,64,20,2021-02-20,George Mason,,Davidson,REG (Conf),L 42-68,*,27,2,10,.200,1,1,1.000,1,9,.111,.250,5,6,.833,1,8,9,1,0,2,1,4,10,6.0,Daijah Jefferson,https://www.sports-reference.com/cbb/players/daijah-jefferson-1.html,george-mason,2020-21
