ranker,player_game_num_career,team_game_num_season,date,team_name_abbr,game_location,opp_name_abbr,game_type,game_result,is_starter,mp,fg,fga,fg_pct,fg3,fg3a,fg3_pct,fg2,fg2a,fg2_pct,efg_pct,ft,fta,ft_pct,orb,drb,trb,ast,stl,blk,tov,pf,pts,game_score,player_name,player_sr_link,school,season
1,45,1,2020-11-25,George Mason,@,Pittsburgh,REG (Non-Conf),L 57-72,,26,0,3,.000,0,1,.000,0,2,.000,.000,5,6,.833,2,2,4,0,0,0,1,1,5,3.1,Devyn Wilson,https://www.sports-reference.com/cbb/players/devyn-wilson-2.html,george-mason,2020-21
2,46,2,2020-11-29,George Mason,,Navy,REG (Non-Conf),W 72-68,,18,3,9,.333,0,1,.000,3,8,.375,.333,1,1,1.000,6,0,6,1,0,0,1,2,7,5.0,Devyn Wilson,https://www.sports-reference.com/cbb/players/devyn-wilson-2.html,george-mason,2020-21
3,47,3,2020-12-01,George Mason,,Longwood,REG (Non-Conf),W 77-65,,24,1,5,.200,0,1,.000,1,4,.250,.200,3,4,.750,1,2,3,1,0,0,1,1,5,2.1,Devyn Wilson,https://www.sports-reference.com/cbb/players/devyn-wilson-2.html,george-mason,2020-21
4,48,4,2020-12-06,George Mason,@,James Madison,REG (Non-Conf),L 70-89,,22,5,6,.833,0,0,,5,6,.833,.833,5,6,.833,4,1,5,1,2,0,1,2,15,16.4,Devyn Wilson,https://www.sports-reference.com/cbb/players/devyn-wilson-2.html,george-mason,2020-21
5,49,5,2020-12-16,George Mason,,William & Mary,REG (Non-Conf),L 43-48,,16,0,1,.000,0,0,,0,1,.000,.000,1,2,.500,2,0,2,0,0,0,2,1,1,-1.1,Devyn Wilson,https://www.sports-reference.com/cbb/players/devyn-wilson-2.html,george-mason,2020-21
6,50,6,2020-12-19,George Mason,,Ole Miss,REG (Non-Conf),L 34-64,,13,1,5,.200,0,1,.000,1,4,.250,.200,1,1,1.000,0,3,3,0,0,0,0,1,3,0.4,Devyn Wilson,https://www.sports-reference.com/cbb/players/devyn-wilson-2.html,george-mason,2020-21
7,51,7,2020-12-21,George Mason,,Delaware State,REG (Non-Conf),W 69-46,,23,4,5,.800,0,0,,4,5,.800,.800,3,4,.750,2,3,5,1,0,0,1,1,11,10.3,Devyn Wilson,https://www.sports-reference.com/cbb/players/devyn-wilson-2.html,george-mason,2020-21
8,52,8,2021-01-01,George Mason,@,Fordham,REG (Conf),L 32-62,,28,2,8,.250,0,0,,2,8,.250,.250,0,0,,2,1,3,0,0,0,0,1,4,0.5,Devyn Wilson,https://www.sports-reference.com/cbb/players/devyn-wilson-2.html,george-mason,2020-21
9,53,9,2021-01-03,George Mason,@,Davidson,REG (Conf),L 57-61,,30,3,6,.500,0,0,,3,6,.500,.500,0,0,,5,2,7,0,0,0,0,2,6,6.3,Devyn Wilson,https://www.sports-reference.com/cbb/players/devyn-wilson-2.html,george-mason,2020-21
10,54,10,2021-01-08,George Mason,,Dayton,REG (Conf),L 37-59,,21,0,1,.000,0,0,,0,1,.000,.000,2,2,1.000,1,0,1,0,1,0,1,3,2,0.8,Devyn Wilson,https://www.sports-reference.com/cbb/players/devyn-wilson-2.html,george-mason,2020-21
11,55,11,2021-01-13,George Mason,@,VCU,REG (Conf),L 41-60,*,22,1,1,1.000,0,0,,1,1,1.000,1.000,0,0,,2,0,2,0,0,0,2,1,2,0.7,Devyn Wilson,https://www.sports-reference.com/cbb/players/devyn-wilson-2.html,george-mason,2020-21
12,56,12,2021-01-17,George Mason,,George Washington,REG (Conf),L 47-67,*,29,2,6,.333,0,1,.000,2,5,.400,.333,3,4,.750,0,5,5,0,1,0,2,2,7,2.9,Devyn Wilson,https://www.sports-reference.com/cbb/players/devyn-wilson-2.html,george-mason,2020-21
13,57,13,2021-01-24,George Mason,@,La Salle,REG (Conf),L 49-56,*,34,4,7,.571,0,0,,4,7,.571,.571,0,2,.000,4,6,10,1,0,0,3,2,8,5.4,Devyn Wilson,https://www.sports-reference.com/cbb/players/devyn-wilson-2.html,george-mason,2020-21
14,58,14,2021-01-26,George Mason,@,Richmond,REG (Conf),L 48-86,*,22,1,5,.200,1,1,1.000,0,4,.000,.300,0,0,,1,3,4,2,0,0,1,1,3,1.5,Devyn Wilson,https://www.sports-reference.com/cbb/players/devyn-wilson-2.html,george-mason,2020-21
15,59,15,2021-01-29,George Mason,,VCU,REG (Conf),L 56-64 (OT),,11,0,2,.000,0,1,.000,0,1,.000,.000,0,0,,2,2,4,0,0,0,1,0,0,-0.4,Devyn Wilson,https://www.sports-reference.com/cbb/players/devyn-wilson-2.html,george-mason,2020-21
16,60,17,2021-02-05,George Mason,@,Rhode Island,REG (Conf),L 27-63,,9,0,0,,0,0,,0,0,,,0,0,,0,2,2,0,0,0,0,0,0,0.6,Devyn Wilson,https://www.sports-reference.com/cbb/players/devyn-wilson-2.html,george-mason,2020-21
17,61,18,2021-02-12,George Mason,,St. Bonaventure,REG (Conf),L 62-72,,22,3,6,.500,0,0,,3,6,.500,.500,1,2,.500,6,3,9,1,0,1,1,2,7,8.3,Devyn Wilson,https://www.sports-reference.com/cbb/players/devyn-wilson-2.html,george-mason,2020-21
18,62,19,2021-02-14,George Mason,,Duquesne,REG (Conf),L 49-55,,14,0,3,.000,0,1,.000,0,2,.000,.000,0,0,,1,1,2,0,1,0,1,1,0,-1.5,Devyn Wilson,https://www.sports-reference.com/cbb/players/devyn-wilson-2.html,george-mason,2020-21
19,63,20,2021-02-20,George Mason,,Davidson,REG (Conf),L 42-68,,11,0,2,.000,0,0,,0,2,.000,.000,0,0,,1,1,2,0,0,0,0,2,0,-1.2,Devyn Wilson,https://www.sports-reference.com/cbb/players/devyn-wilson-2.html,george-mason,2020-21
20,64,21,2021-02-28,George Mason,@,George Washington,REG (Conf),L 39-68,*,24,0,3,.000,0,0,,0,3,.000,.000,0,0,,3,1,4,0,0,0,1,2,0,-1.5,Devyn Wilson,https://www.sports-reference.com/cbb/players/devyn-wilson-2.html,george-mason,2020-21
21,65,22,2021-03-10,George Mason,@,George Washington,CTOURN,L 56-62,*,34,3,7,.429,0,0,,3,7,.429,.429,3,4,.750,1,2,3,1,1,0,2,2,9,5.1,Devyn Wilson,https://www.sports-reference.com/cbb/players/devyn-wilson-2.html,george-mason,2020-21
