ranker,player_game_num_career,team_game_num_season,date,team_name_abbr,game_location,opp_name_abbr,game_type,game_result,is_starter,mp,fg,fga,fg_pct,fg3,fg3a,fg2,fg2a,fg2_pct,efg_pct,ft,fta,ft_pct,orb,drb,trb,ast,stl,blk,tov,pf,pts,game_score,player_name,player_sr_link,school,season
1,28,1,2020-11-25,George Mason,@,Pittsburgh,REG (Non-Conf),L 57-72,*,13,1,4,.250,0,0,1,4,.250,.250,2,4,.500,1,2,3,0,0,0,0,4,4,0.5,Jazmyn Doster,https://www.sports-reference.com/cbb/players/jazmyn-doster-1.html,george-mason,2020-21
2,29,2,2020-11-29,George Mason,,Navy,REG (Non-Conf),W 72-68,*,31,10,20,.500,0,0,10,20,.500,.500,2,5,.400,3,5,8,0,0,4,1,3,22,15.0,Jazmyn Doster,https://www.sports-reference.com/cbb/players/jazmyn-doster-1.html,george-mason,2020-21
3,30,3,2020-12-01,George Mason,,Longwood,REG (Non-Conf),W 77-65,*,16,4,6,.667,0,0,4,6,.667,.667,2,4,.500,2,8,10,0,0,0,1,5,10,7.4,Jazmyn Doster,https://www.sports-reference.com/cbb/players/jazmyn-doster-1.html,george-mason,2020-21
4,31,4,2020-12-06,George Mason,@,James Madison,REG (Non-Conf),L 70-89,*,17,1,8,.125,0,0,1,8,.125,.125,0,0,,4,2,6,1,0,0,2,5,2,-3.1,Jazmyn Doster,https://www.sports-reference.com/cbb/players/jazmyn-doster-1.html,george-mason,2020-21
5,32,5,2020-12-16,George Mason,,William & Mary,REG (Non-Conf),L 43-48,*,27,6,11,.545,0,0,6,11,.545,.545,1,4,.250,5,4,9,0,1,0,1,3,13,10.0,Jazmyn Doster,https://www.sports-reference.com/cbb/players/jazmyn-doster-1.html,george-mason,2020-21
6,33,6,2020-12-19,George Mason,,Ole Miss,REG (Non-Conf),L 34-64,*,24,0,1,.000,0,0,0,1,.000,.000,1,2,.500,1,7,8,0,2,1,2,4,1,1.8,Jazmyn Doster,https://www.sports-reference.com/cbb/players/jazmyn-doster-1.html,george-mason,2020-21
7,34,7,2020-12-21,George Mason,,Delaware State,REG (Non-Conf),W 69-46,*,23,3,8,.375,0,0,3,8,.375,.375,1,2,.500,3,5,8,0,1,2,2,2,7,5.4,Jazmyn Doster,https://www.sports-reference.com/cbb/players/jazmyn-doster-1.html,george-mason,2020-21
8,35,8,2021-01-01,George Mason,@,Fordham,REG (Conf),L 32-62,*,25,4,8,.500,0,0,4,8,.500,.500,1,4,.250,2,3,5,0,0,2,1,4,9,4.9,Jazmyn Doster,https://www.sports-reference.com/cbb/players/jazmyn-doster-1.html,george-mason,2020-21
9,36,9,2021-01-03,George Mason,@,Davidson,REG (Conf),L 57-61,*,9,1,4,.250,0,0,1,4,.250,.250,1,2,.500,0,1,1,0,0,1,2,4,3,-2.4,Jazmyn Doster,https://www.sports-reference.com/cbb/players/jazmyn-doster-1.html,george-mason,2020-21
10,37,10,2021-01-08,George Mason,,Dayton,REG (Conf),L 37-59,*,19,1,7,.143,0,0,1,7,.143,.143,1,2,.500,3,5,8,0,2,0,2,2,3,0.9,Jazmyn Doster,https://www.sports-reference.com/cbb/players/jazmyn-doster-1.html,george-mason,2020-21
11,38,11,2021-01-13,George Mason,@,VCU,REG (Conf),L 41-60,,16,2,5,.400,0,0,2,5,.400,.400,0,0,,4,4,8,1,0,0,1,2,4,4.2,Jazmyn Doster,https://www.sports-reference.com/cbb/players/jazmyn-doster-1.html,george-mason,2020-21
12,39,12,2021-01-17,George Mason,,George Washington,REG (Conf),L 47-67,*,13,4,5,.800,0,0,4,5,.800,.800,0,0,,1,2,3,1,0,0,2,5,8,4.1,Jazmyn Doster,https://www.sports-reference.com/cbb/players/jazmyn-doster-1.html,george-mason,2020-21
13,40,13,2021-01-24,George Mason,@,La Salle,REG (Conf),L 49-56,*,28,1,4,.250,0,0,1,4,.250,.250,2,2,1.000,9,4,13,1,1,4,0,2,4,12.8,Jazmyn Doster,https://www.sports-reference.com/cbb/players/jazmyn-doster-1.html,george-mason,2020-21
14,41,14,2021-01-26,George Mason,@,Richmond,REG (Conf),L 48-86,*,17,1,3,.333,0,0,1,3,.333,.333,1,2,.500,2,3,5,0,0,1,1,3,3,1.7,Jazmyn Doster,https://www.sports-reference.com/cbb/players/jazmyn-doster-1.html,george-mason,2020-21
15,42,15,2021-01-29,George Mason,,VCU,REG (Conf),L 56-64 (OT),*,27,3,8,.375,0,0,3,8,.375,.375,0,0,,3,6,9,2,2,3,4,5,6,5.0,Jazmyn Doster,https://www.sports-reference.com/cbb/players/jazmyn-doster-1.html,george-mason,2020-21
16,43,16,2021-01-31,George Mason,,Richmond,REG (Conf),L 52-67,*,13,2,5,.400,0,0,2,5,.400,.400,0,0,,2,4,6,0,0,2,1,0,4,4.3,Jazmyn Doster,https://www.sports-reference.com/cbb/players/jazmyn-doster-1.html,george-mason,2020-21
17,44,17,2021-02-05,George Mason,@,Rhode Island,REG (Conf),L 27-63,*,10,1,4,.250,0,0,1,4,.250,.250,0,0,,1,2,3,0,0,0,0,4,2,-0.7,Jazmyn Doster,https://www.sports-reference.com/cbb/players/jazmyn-doster-1.html,george-mason,2020-21
18,45,18,2021-02-12,George Mason,,St. Bonaventure,REG (Conf),L 62-72,,4,0,1,.000,0,0,0,1,.000,.000,0,0,,0,1,1,0,1,0,0,2,0,-0.2,Jazmyn Doster,https://www.sports-reference.com/cbb/players/jazmyn-doster-1.html,george-mason,2020-21
19,46,19,2021-02-14,George Mason,,Duquesne,REG (Conf),L 49-55,,13,1,1,1.000,0,0,1,1,1.000,1.000,1,2,.500,1,3,4,2,0,1,2,4,3,2.4,Jazmyn Doster,https://www.sports-reference.com/cbb/players/jazmyn-doster-1.html,george-mason,2020-21
20,47,20,2021-02-20,George Mason,,Davidson,REG (Conf),L 42-68,,9,0,1,.000,0,0,0,1,.000,.000,0,0,,0,2,2,0,1,1,2,4,0,-2.0,Jazmyn Doster,https://www.sports-reference.com/cbb/players/jazmyn-doster-1.html,george-mason,2020-21
21,48,21,2021-02-28,George Mason,@,George Washington,REG (Conf),L 39-68,,23,3,6,.500,0,0,3,6,.500,.500,4,6,.667,3,5,8,1,0,3,2,2,10,9.8,Jazmyn Doster,https://www.sports-reference.com/cbb/players/jazmyn-doster-1.html,george-mason,2020-21
22,49,22,2021-03-10,George Mason,@,George Washington,CTOURN,L 56-62,*,23,2,4,.500,0,0,2,4,.500,.500,4,4,1.000,3,4,7,3,0,2,2,5,8,8.8,Jazmyn Doster,https://www.sports-reference.com/cbb/players/jazmyn-doster-1.html,george-mason,2020-21
