ranker,player_game_num_career,team_game_num_season,date,team_name_abbr,game_location,opp_name_abbr,game_type,game_result,is_starter,mp,fg,fga,fg_pct,fg3,fg3a,fg3_pct,fg2,fg2a,fg2_pct,efg_pct,ft,fta,ft_pct,orb,drb,trb,ast,stl,blk,tov,pf,pts,game_score,player_name,player_sr_link,school,season
1,27,1,2020-11-25,George Mason,@,Pittsburgh,REG (Non-Conf),L 57-72,,25,1,6,.167,1,4,.250,0,2,.000,.250,2,4,.500,0,4,4,0,1,1,2,4,5,-0.3,Jordan Wakefield,https://www.sports-reference.com/cbb/players/jordan-wakefield-1.html,george-mason,2020-21
2,28,2,2020-11-29,George Mason,,Navy,REG (Non-Conf),W 72-68,,27,3,8,.375,2,4,.500,1,4,.250,.500,2,2,1.000,3,4,7,2,1,0,1,1,10,9.9,Jordan Wakefield,https://www.sports-reference.com/cbb/players/jordan-wakefield-1.html,george-mason,2020-21
3,29,3,2020-12-01,George Mason,,Longwood,REG (Non-Conf),W 77-65,,27,3,6,.500,2,4,.500,1,2,.500,.667,3,4,.750,1,0,1,1,1,0,4,0,11,6.0,Jordan Wakefield,https://www.sports-reference.com/cbb/players/jordan-wakefield-1.html,george-mason,2020-21
4,30,4,2020-12-06,George Mason,@,James Madison,REG (Non-Conf),L 70-89,,31,5,13,.385,0,3,.000,5,10,.500,.385,2,2,1.000,1,1,2,2,2,0,1,2,12,7.5,Jordan Wakefield,https://www.sports-reference.com/cbb/players/jordan-wakefield-1.html,george-mason,2020-21
5,31,5,2020-12-16,George Mason,,William & Mary,REG (Non-Conf),L 43-48,*,31,1,3,.333,0,1,.000,1,2,.500,.333,3,4,.750,1,0,1,1,1,0,1,4,5,2.7,Jordan Wakefield,https://www.sports-reference.com/cbb/players/jordan-wakefield-1.html,george-mason,2020-21
6,32,6,2020-12-19,George Mason,,Ole Miss,REG (Non-Conf),L 34-64,*,30,4,12,.333,3,5,.600,1,7,.143,.458,0,0,,0,3,3,2,0,0,1,1,11,5.1,Jordan Wakefield,https://www.sports-reference.com/cbb/players/jordan-wakefield-1.html,george-mason,2020-21
7,33,7,2020-12-21,George Mason,,Delaware State,REG (Non-Conf),W 69-46,*,28,2,9,.222,0,5,.000,2,4,.500,.222,2,2,1.000,0,5,5,1,0,0,2,3,6,-0.5,Jordan Wakefield,https://www.sports-reference.com/cbb/players/jordan-wakefield-1.html,george-mason,2020-21
8,34,8,2021-01-01,George Mason,@,Fordham,REG (Conf),L 32-62,*,21,1,5,.200,1,3,.333,0,2,.000,.300,0,0,,0,1,1,0,0,0,0,0,3,0.2,Jordan Wakefield,https://www.sports-reference.com/cbb/players/jordan-wakefield-1.html,george-mason,2020-21
9,35,9,2021-01-03,George Mason,@,Davidson,REG (Conf),L 57-61,*,33,3,8,.375,0,3,.000,3,5,.600,.375,2,2,1.000,1,7,8,0,1,0,1,0,8,6.4,Jordan Wakefield,https://www.sports-reference.com/cbb/players/jordan-wakefield-1.html,george-mason,2020-21
10,36,10,2021-01-08,George Mason,,Dayton,REG (Conf),L 37-59,*,37,3,11,.273,2,6,.333,1,5,.200,.364,2,2,1.000,3,0,3,1,2,0,2,0,10,6.3,Jordan Wakefield,https://www.sports-reference.com/cbb/players/jordan-wakefield-1.html,george-mason,2020-21
11,37,11,2021-01-13,George Mason,@,VCU,REG (Conf),L 41-60,*,26,1,5,.200,0,2,.000,1,3,.333,.200,1,2,.500,0,3,3,2,1,0,3,2,3,-1.0,Jordan Wakefield,https://www.sports-reference.com/cbb/players/jordan-wakefield-1.html,george-mason,2020-21
12,38,12,2021-01-17,George Mason,,George Washington,REG (Conf),L 47-67,*,34,3,8,.375,1,3,.333,2,5,.400,.438,0,0,,1,7,8,3,0,2,2,2,7,6.1,Jordan Wakefield,https://www.sports-reference.com/cbb/players/jordan-wakefield-1.html,george-mason,2020-21
13,39,13,2021-01-24,George Mason,@,La Salle,REG (Conf),L 49-56,,24,1,5,.200,0,1,.000,1,4,.250,.200,4,5,.800,3,6,9,0,1,0,0,3,6,6.2,Jordan Wakefield,https://www.sports-reference.com/cbb/players/jordan-wakefield-1.html,george-mason,2020-21
14,40,14,2021-01-26,George Mason,@,Richmond,REG (Conf),L 48-86,*,22,0,6,.000,0,1,.000,0,5,.000,.000,0,0,,2,2,4,1,1,0,5,2,0,-6.3,Jordan Wakefield,https://www.sports-reference.com/cbb/players/jordan-wakefield-1.html,george-mason,2020-21
15,41,15,2021-01-29,George Mason,,VCU,REG (Conf),L 56-64 (OT),*,36,3,7,.429,0,3,.000,3,4,.750,.429,2,2,1.000,1,2,3,2,1,0,3,3,8,3.8,Jordan Wakefield,https://www.sports-reference.com/cbb/players/jordan-wakefield-1.html,george-mason,2020-21
16,42,16,2021-01-31,George Mason,,Richmond,REG (Conf),L 52-67,,24,4,7,.571,2,2,1.000,2,5,.400,.714,1,1,1.000,2,1,3,2,0,1,3,0,11,8.5,Jordan Wakefield,https://www.sports-reference.com/cbb/players/jordan-wakefield-1.html,george-mason,2020-21
17,43,17,2021-02-05,George Mason,@,Rhode Island,REG (Conf),L 27-63,,16,0,3,.000,0,0,,0,3,.000,.000,0,0,,1,1,2,0,0,0,2,2,0,-3.9,Jordan Wakefield,https://www.sports-reference.com/cbb/players/jordan-wakefield-1.html,george-mason,2020-21
18,44,20,2021-02-20,George Mason,,Davidson,REG (Conf),L 42-68,,20,3,4,.750,1,2,.500,2,2,1.000,.875,0,1,.000,0,3,3,2,0,1,3,1,7,4.6,Jordan Wakefield,https://www.sports-reference.com/cbb/players/jordan-wakefield-1.html,george-mason,2020-21
19,45,21,2021-02-28,George Mason,@,George Washington,REG (Conf),L 39-68,,19,0,3,.000,0,2,.000,0,1,.000,.000,1,2,.500,1,4,5,1,1,0,5,1,1,-3.3,Jordan Wakefield,https://www.sports-reference.com/cbb/players/jordan-wakefield-1.html,george-mason,2020-21
20,46,22,2021-03-10,George Mason,@,George Washington,CTOURN,L 56-62,,26,2,4,.500,0,1,.000,2,3,.667,.500,0,0,,1,2,3,2,1,3,1,1,4,6.4,Jordan Wakefield,https://www.sports-reference.com/cbb/players/jordan-wakefield-1.html,george-mason,2020-21
