ranker,player_game_num_career,team_game_num_season,date,team_name_abbr,game_location,opp_name_abbr,game_type,game_result,is_starter,mp,fg,fga,fg_pct,fg3,fg3a,fg3_pct,fg2,fg2a,fg2_pct,efg_pct,ft,fta,ft_pct,orb,drb,trb,ast,stl,blk,tov,pf,pts,game_score,player_name,player_sr_link,school,season
1,55,1,2020-11-25,George Mason,@,Pittsburgh,REG (Non-Conf),L 57-72,,5,0,1,.000,0,1,.000,0,0,,.000,0,0,,0,0,0,0,0,0,1,1,0,-2.1,Livija Kaktaite,https://www.sports-reference.com/cbb/players/livija-kaktaite-1.html,george-mason,2020-21
2,56,2,2020-11-29,George Mason,,Navy,REG (Non-Conf),W 72-68,,2,0,1,.000,0,1,.000,0,0,,.000,0,0,,0,0,0,0,0,0,0,1,0,-1.1,Livija Kaktaite,https://www.sports-reference.com/cbb/players/livija-kaktaite-1.html,george-mason,2020-21
3,57,3,2020-12-01,George Mason,,Longwood,REG (Non-Conf),W 77-65,,1,0,0,,0,0,,0,0,,,0,0,,0,0,0,0,0,0,0,0,0,0.0,Livija Kaktaite,https://www.sports-reference.com/cbb/players/livija-kaktaite-1.html,george-mason,2020-21
4,58,4,2020-12-06,George Mason,@,James Madison,REG (Non-Conf),L 70-89,,2,0,0,,0,0,,0,0,,,0,0,,0,0,0,0,0,0,0,0,0,0.0,Livija Kaktaite,https://www.sports-reference.com/cbb/players/livija-kaktaite-1.html,george-mason,2020-21
5,59,5,2020-12-16,George Mason,,William & Mary,REG (Non-Conf),L 43-48,,15,0,4,.000,0,2,.000,0,2,.000,.000,0,0,,1,0,1,1,0,0,1,0,0,-2.4,Livija Kaktaite,https://www.sports-reference.com/cbb/players/livija-kaktaite-1.html,george-mason,2020-21
6,60,6,2020-12-19,George Mason,,Ole Miss,REG (Non-Conf),L 34-64,,17,1,2,.500,1,2,.500,0,0,,.750,1,2,.500,0,2,2,2,0,0,2,1,4,2.2,Livija Kaktaite,https://www.sports-reference.com/cbb/players/livija-kaktaite-1.html,george-mason,2020-21
7,61,7,2020-12-21,George Mason,,Delaware State,REG (Non-Conf),W 69-46,*,13,0,1,.000,0,0,,0,1,.000,.000,0,0,,0,1,1,1,1,0,3,3,0,-2.9,Livija Kaktaite,https://www.sports-reference.com/cbb/players/livija-kaktaite-1.html,george-mason,2020-21
8,62,8,2021-01-01,George Mason,@,Fordham,REG (Conf),L 32-62,*,15,0,3,.000,0,2,.000,0,1,.000,.000,0,0,,1,1,2,0,0,0,0,1,0,-1.5,Livija Kaktaite,https://www.sports-reference.com/cbb/players/livija-kaktaite-1.html,george-mason,2020-21
9,63,9,2021-01-03,George Mason,@,Davidson,REG (Conf),L 57-61,*,20,0,2,.000,0,1,.000,0,1,.000,.000,0,0,,1,0,1,1,0,0,2,3,0,-3.2,Livija Kaktaite,https://www.sports-reference.com/cbb/players/livija-kaktaite-1.html,george-mason,2020-21
10,64,10,2021-01-08,George Mason,,Dayton,REG (Conf),L 37-59,*,16,0,3,.000,0,0,,0,3,.000,.000,0,0,,2,1,3,1,1,0,0,0,0,1.3,Livija Kaktaite,https://www.sports-reference.com/cbb/players/livija-kaktaite-1.html,george-mason,2020-21
11,65,11,2021-01-13,George Mason,@,VCU,REG (Conf),L 41-60,*,9,0,2,.000,0,0,,0,2,.000,.000,0,0,,1,4,5,1,0,0,0,1,0,0.8,Livija Kaktaite,https://www.sports-reference.com/cbb/players/livija-kaktaite-1.html,george-mason,2020-21
12,66,12,2021-01-17,George Mason,,George Washington,REG (Conf),L 47-67,,5,0,1,.000,0,1,.000,0,0,,.000,0,0,,0,0,0,0,0,0,0,1,0,-1.1,Livija Kaktaite,https://www.sports-reference.com/cbb/players/livija-kaktaite-1.html,george-mason,2020-21
13,67,13,2021-01-24,George Mason,@,La Salle,REG (Conf),L 49-56,,0,0,0,,0,0,,0,0,,,0,0,,0,0,0,0,0,0,0,0,0,0.0,Livija Kaktaite,https://www.sports-reference.com/cbb/players/livija-kaktaite-1.html,george-mason,2020-21
14,68,14,2021-01-26,George Mason,@,Richmond,REG (Conf),L 48-86,,13,0,3,.000,0,1,.000,0,2,.000,.000,0,0,,1,2,3,0,0,0,4,1,0,-5.2,Livija Kaktaite,https://www.sports-reference.com/cbb/players/livija-kaktaite-1.html,george-mason,2020-21
15,69,15,2021-01-29,George Mason,,VCU,REG (Conf),L 56-64 (OT),,3,0,0,,0,0,,0,0,,,0,0,,0,0,0,0,0,0,0,2,0,-0.8,Livija Kaktaite,https://www.sports-reference.com/cbb/players/livija-kaktaite-1.html,george-mason,2020-21
16,70,16,2021-01-31,George Mason,,Richmond,REG (Conf),L 52-67,,12,0,1,.000,0,1,.000,0,0,,.000,0,0,,0,2,2,1,0,1,1,1,0,-0.1,Livija Kaktaite,https://www.sports-reference.com/cbb/players/livija-kaktaite-1.html,george-mason,2020-21
17,71,17,2021-02-05,George Mason,@,Rhode Island,REG (Conf),L 27-63,,5,0,0,,0,0,,0,0,,,0,0,,0,1,1,0,0,0,1,1,0,-1.1,Livija Kaktaite,https://www.sports-reference.com/cbb/players/livija-kaktaite-1.html,george-mason,2020-21
18,72,18,2021-02-12,George Mason,,St. Bonaventure,REG (Conf),L 62-72,*,24,0,4,.000,0,4,.000,0,0,,.000,0,0,,0,3,3,2,1,0,0,1,0,0.1,Livija Kaktaite,https://www.sports-reference.com/cbb/players/livija-kaktaite-1.html,george-mason,2020-21
19,73,19,2021-02-14,George Mason,,Duquesne,REG (Conf),L 49-55,*,18,1,1,1.000,1,1,1.000,0,0,,1.500,0,0,,1,2,3,0,1,0,1,2,3,3.2,Livija Kaktaite,https://www.sports-reference.com/cbb/players/livija-kaktaite-1.html,george-mason,2020-21
20,74,20,2021-02-20,George Mason,,Davidson,REG (Conf),L 42-68,*,27,1,1,1.000,0,0,,1,1,1.000,1.000,0,0,,1,5,6,0,0,0,3,4,2,-0.7,Livija Kaktaite,https://www.sports-reference.com/cbb/players/livija-kaktaite-1.html,george-mason,2020-21
21,75,21,2021-02-28,George Mason,@,George Washington,REG (Conf),L 39-68,*,12,0,3,.000,0,2,.000,0,1,.000,.000,0,0,,1,4,5,1,0,0,1,1,0,-0.9,Livija Kaktaite,https://www.sports-reference.com/cbb/players/livija-kaktaite-1.html,george-mason,2020-21
22,76,22,2021-03-10,George Mason,@,George Washington,CTOURN,L 56-62,*,10,1,1,1.000,1,1,1.000,0,0,,1.500,0,0,,0,1,1,1,0,0,0,2,3,2.9,Livija Kaktaite,https://www.sports-reference.com/cbb/players/livija-kaktaite-1.html,george-mason,2020-21
