ranker,player_game_num_career,team_game_num_season,date,team_name_abbr,game_location,opp_name_abbr,game_type,game_result,is_starter,mp,fg,fga,fg_pct,fg3,fg3a,fg3_pct,fg2,fg2a,fg2_pct,efg_pct,ft,fta,ft_pct,orb,drb,trb,ast,stl,blk,tov,pf,pts,game_score,player_name,player_sr_link,school,season
1,94,1,2020-11-25,George Mason,@,Pittsburgh,REG (Non-Conf),L 57-72,*,34,3,16,.188,0,2,.000,3,14,.214,.188,4,5,.800,4,3,7,2,0,0,1,0,10,3.7,Marika Korpinen,https://www.sports-reference.com/cbb/players/marika-korpinen-1.html,george-mason,2020-21
2,95,2,2020-11-29,George Mason,,Navy,REG (Non-Conf),W 72-68,*,35,2,10,.200,2,6,.333,0,4,.000,.300,4,5,.800,3,3,6,5,2,0,1,4,10,9.3,Marika Korpinen,https://www.sports-reference.com/cbb/players/marika-korpinen-1.html,george-mason,2020-21
3,96,3,2020-12-01,George Mason,,Longwood,REG (Non-Conf),W 77-65,*,38,6,17,.353,2,7,.286,4,10,.400,.412,5,8,.625,2,10,12,7,1,0,3,1,19,15.2,Marika Korpinen,https://www.sports-reference.com/cbb/players/marika-korpinen-1.html,george-mason,2020-21
4,97,4,2020-12-06,George Mason,@,James Madison,REG (Non-Conf),L 70-89,*,36,6,16,.375,3,7,.429,3,9,.333,.469,0,0,,0,0,0,4,0,0,3,1,15,5.6,Marika Korpinen,https://www.sports-reference.com/cbb/players/marika-korpinen-1.html,george-mason,2020-21
5,98,5,2020-12-16,George Mason,,William & Mary,REG (Non-Conf),L 43-48,*,39,3,13,.231,0,4,.000,3,9,.333,.231,2,3,.667,3,2,5,2,2,0,3,4,8,1.2,Marika Korpinen,https://www.sports-reference.com/cbb/players/marika-korpinen-1.html,george-mason,2020-21
6,99,6,2020-12-19,George Mason,,Ole Miss,REG (Non-Conf),L 34-64,*,29,3,12,.250,1,4,.250,2,8,.250,.292,0,0,,1,3,4,2,1,0,3,3,7,-0.4,Marika Korpinen,https://www.sports-reference.com/cbb/players/marika-korpinen-1.html,george-mason,2020-21
7,100,7,2020-12-21,George Mason,,Delaware State,REG (Non-Conf),W 69-46,*,30,2,7,.286,0,1,.000,2,6,.333,.286,7,9,.778,3,9,12,5,1,0,1,0,11,14.4,Marika Korpinen,https://www.sports-reference.com/cbb/players/marika-korpinen-1.html,george-mason,2020-21
8,101,8,2021-01-01,George Mason,@,Fordham,REG (Conf),L 32-62,*,33,3,13,.231,1,4,.250,2,9,.222,.269,3,3,1.000,1,4,5,0,1,0,1,3,10,2.8,Marika Korpinen,https://www.sports-reference.com/cbb/players/marika-korpinen-1.html,george-mason,2020-21
9,102,9,2021-01-03,George Mason,@,Davidson,REG (Conf),L 57-61,*,36,7,21,.333,2,8,.250,5,13,.385,.381,5,6,.833,3,2,5,2,0,1,3,2,21,9.7,Marika Korpinen,https://www.sports-reference.com/cbb/players/marika-korpinen-1.html,george-mason,2020-21
10,103,10,2021-01-08,George Mason,,Dayton,REG (Conf),L 37-59,*,29,3,12,.250,2,3,.667,1,9,.111,.333,4,5,.800,1,1,2,0,1,0,4,2,12,1.6,Marika Korpinen,https://www.sports-reference.com/cbb/players/marika-korpinen-1.html,george-mason,2020-21
11,104,11,2021-01-13,George Mason,@,VCU,REG (Conf),L 41-60,*,29,2,8,.250,1,5,.200,1,3,.333,.313,1,2,.500,2,3,5,2,0,0,4,2,6,-0.3,Marika Korpinen,https://www.sports-reference.com/cbb/players/marika-korpinen-1.html,george-mason,2020-21
12,105,12,2021-01-17,George Mason,,George Washington,REG (Conf),L 47-67,*,38,4,10,.400,3,6,.500,1,4,.250,.550,2,3,.667,1,3,4,1,0,0,3,3,13,5.3,Marika Korpinen,https://www.sports-reference.com/cbb/players/marika-korpinen-1.html,george-mason,2020-21
13,106,13,2021-01-24,George Mason,@,La Salle,REG (Conf),L 49-56,*,35,0,13,.000,0,6,.000,0,7,.000,.000,3,4,.750,4,5,9,4,1,0,7,5,3,-7.4,Marika Korpinen,https://www.sports-reference.com/cbb/players/marika-korpinen-1.html,george-mason,2020-21
14,107,16,2021-01-31,George Mason,,Richmond,REG (Conf),L 52-67,*,34,3,14,.214,0,6,.000,3,8,.375,.214,3,4,.750,1,5,6,4,1,0,3,1,9,2.6,Marika Korpinen,https://www.sports-reference.com/cbb/players/marika-korpinen-1.html,george-mason,2020-21
15,108,17,2021-02-05,George Mason,@,Rhode Island,REG (Conf),L 27-63,*,26,0,6,.000,0,3,.000,0,3,.000,.000,0,0,,0,1,1,1,1,0,3,0,0,-5.2,Marika Korpinen,https://www.sports-reference.com/cbb/players/marika-korpinen-1.html,george-mason,2020-21
16,109,18,2021-02-12,George Mason,,St. Bonaventure,REG (Conf),L 62-72,*,33,0,6,.000,0,4,.000,0,2,.000,.000,2,2,1.000,1,4,5,3,0,0,3,1,2,-1.6,Marika Korpinen,https://www.sports-reference.com/cbb/players/marika-korpinen-1.html,george-mason,2020-21
17,110,19,2021-02-14,George Mason,,Duquesne,REG (Conf),L 49-55,*,33,4,10,.400,1,4,.250,3,6,.500,.450,0,0,,2,3,5,2,3,1,4,4,9,5.4,Marika Korpinen,https://www.sports-reference.com/cbb/players/marika-korpinen-1.html,george-mason,2020-21
18,111,20,2021-02-20,George Mason,,Davidson,REG (Conf),L 42-68,*,32,2,9,.222,2,5,.400,0,4,.000,.333,1,2,.500,1,1,2,0,0,0,2,1,7,-0.3,Marika Korpinen,https://www.sports-reference.com/cbb/players/marika-korpinen-1.html,george-mason,2020-21
19,112,21,2021-02-28,George Mason,@,George Washington,REG (Conf),L 39-68,*,31,2,5,.400,0,0,,2,5,.400,.400,1,2,.500,0,2,2,0,1,0,4,1,5,-0.9,Marika Korpinen,https://www.sports-reference.com/cbb/players/marika-korpinen-1.html,george-mason,2020-21
20,113,22,2021-03-10,George Mason,@,George Washington,CTOURN,L 56-62,*,35,3,12,.250,3,6,.500,0,6,.000,.375,0,0,,2,3,5,1,0,0,1,0,9,3.8,Marika Korpinen,https://www.sports-reference.com/cbb/players/marika-korpinen-1.html,george-mason,2020-21
