ranker,player_game_num_career,team_game_num_season,date,team_name_abbr,game_location,opp_name_abbr,game_type,game_result,is_starter,mp,fg,fga,fg_pct,fg3,fg3a,fg3_pct,fg2,fg2a,fg2_pct,efg_pct,ft,fta,ft_pct,orb,drb,trb,ast,stl,blk,tov,pf,pts,game_score,player_name,player_sr_link,school,season
1,1,1,2020-11-25,George Mason,@,Pittsburgh,REG (Non-Conf),L 57-72,,17,0,5,.000,0,4,.000,0,1,.000,.000,0,0,,0,1,1,1,2,0,0,0,0,-0.5,Rachel Balzer,https://www.sports-reference.com/cbb/players/rachel-balzer-1.html,george-mason,2020-21
2,2,2,2020-11-29,George Mason,,Navy,REG (Non-Conf),W 72-68,,9,0,5,.000,0,5,.000,0,0,,.000,0,0,,0,0,0,1,0,0,0,1,0,-3.2,Rachel Balzer,https://www.sports-reference.com/cbb/players/rachel-balzer-1.html,george-mason,2020-21
3,3,3,2020-12-01,George Mason,,Longwood,REG (Non-Conf),W 77-65,,18,1,2,.500,1,2,.500,0,0,,.750,0,0,,0,1,1,1,0,0,2,1,3,0.6,Rachel Balzer,https://www.sports-reference.com/cbb/players/rachel-balzer-1.html,george-mason,2020-21
4,4,4,2020-12-06,George Mason,@,James Madison,REG (Non-Conf),L 70-89,,11,2,5,.400,1,3,.333,1,2,.500,.500,0,0,,0,1,1,0,0,0,1,0,5,1.6,Rachel Balzer,https://www.sports-reference.com/cbb/players/rachel-balzer-1.html,george-mason,2020-21
5,5,5,2020-12-16,George Mason,,William & Mary,REG (Non-Conf),L 43-48,,9,0,2,.000,0,2,.000,0,0,,.000,0,0,,0,1,1,0,0,0,1,0,0,-2.1,Rachel Balzer,https://www.sports-reference.com/cbb/players/rachel-balzer-1.html,george-mason,2020-21
6,6,6,2020-12-19,George Mason,,Ole Miss,REG (Non-Conf),L 34-64,,13,1,6,.167,1,6,.167,0,0,,.250,0,0,,0,0,0,1,1,0,1,1,3,-0.5,Rachel Balzer,https://www.sports-reference.com/cbb/players/rachel-balzer-1.html,george-mason,2020-21
7,7,7,2020-12-21,George Mason,,Delaware State,REG (Non-Conf),W 69-46,,22,5,7,.714,4,6,.667,1,1,1.000,1.000,2,2,1.000,0,1,1,1,0,1,2,1,16,12.4,Rachel Balzer,https://www.sports-reference.com/cbb/players/rachel-balzer-1.html,george-mason,2020-21
8,8,8,2021-01-01,George Mason,@,Fordham,REG (Conf),L 32-62,,19,0,2,.000,0,2,.000,0,0,,.000,0,0,,1,2,3,1,0,0,0,0,0,0.6,Rachel Balzer,https://www.sports-reference.com/cbb/players/rachel-balzer-1.html,george-mason,2020-21
9,9,9,2021-01-03,George Mason,@,Davidson,REG (Conf),L 57-61,,11,1,2,.500,1,2,.500,0,0,,.750,0,0,,0,0,0,1,0,0,3,0,3,-0.3,Rachel Balzer,https://www.sports-reference.com/cbb/players/rachel-balzer-1.html,george-mason,2020-21
10,10,10,2021-01-08,George Mason,,Dayton,REG (Conf),L 37-59,,6,0,4,.000,0,3,.000,0,1,.000,.000,0,0,,1,0,1,0,0,0,1,0,0,-3.1,Rachel Balzer,https://www.sports-reference.com/cbb/players/rachel-balzer-1.html,george-mason,2020-21
11,11,11,2021-01-13,George Mason,@,VCU,REG (Conf),L 41-60,,21,3,7,.429,3,7,.429,0,0,,.643,0,0,,1,0,1,2,0,0,1,2,9,5.6,Rachel Balzer,https://www.sports-reference.com/cbb/players/rachel-balzer-1.html,george-mason,2020-21
12,12,12,2021-01-17,George Mason,,George Washington,REG (Conf),L 47-67,,18,0,3,.000,0,2,.000,0,1,.000,.000,0,0,,0,0,0,3,0,0,2,0,0,-2.0,Rachel Balzer,https://www.sports-reference.com/cbb/players/rachel-balzer-1.html,george-mason,2020-21
13,13,13,2021-01-24,George Mason,@,La Salle,REG (Conf),L 49-56,*,26,3,9,.333,3,9,.333,0,0,,.500,0,0,,1,2,3,0,0,0,3,0,9,2.2,Rachel Balzer,https://www.sports-reference.com/cbb/players/rachel-balzer-1.html,george-mason,2020-21
14,14,14,2021-01-26,George Mason,@,Richmond,REG (Conf),L 48-86,*,33,4,11,.364,3,9,.333,1,2,.500,.500,0,0,,0,1,1,1,1,0,2,1,11,4.5,Rachel Balzer,https://www.sports-reference.com/cbb/players/rachel-balzer-1.html,george-mason,2020-21
15,15,15,2021-01-29,George Mason,,VCU,REG (Conf),L 56-64 (OT),*,43,6,16,.375,5,14,.357,1,2,.500,.531,0,0,,1,2,3,2,0,0,1,2,17,9.1,Rachel Balzer,https://www.sports-reference.com/cbb/players/rachel-balzer-1.html,george-mason,2020-21
16,16,16,2021-01-31,George Mason,,Richmond,REG (Conf),L 52-67,*,18,1,6,.167,1,6,.167,0,0,,.250,0,0,,0,0,0,0,0,0,0,1,3,-1.2,Rachel Balzer,https://www.sports-reference.com/cbb/players/rachel-balzer-1.html,george-mason,2020-21
17,17,17,2021-02-05,George Mason,@,Rhode Island,REG (Conf),L 27-63,*,26,1,8,.125,0,6,.000,1,2,.500,.125,0,0,,0,1,1,0,1,0,1,0,2,-2.9,Rachel Balzer,https://www.sports-reference.com/cbb/players/rachel-balzer-1.html,george-mason,2020-21
18,18,18,2021-02-12,George Mason,,St. Bonaventure,REG (Conf),L 62-72,*,33,4,7,.571,4,6,.667,0,1,.000,.857,3,3,1.000,0,3,3,1,1,0,2,0,15,12.3,Rachel Balzer,https://www.sports-reference.com/cbb/players/rachel-balzer-1.html,george-mason,2020-21
19,19,19,2021-02-14,George Mason,,Duquesne,REG (Conf),L 49-55,*,39,5,14,.357,4,12,.333,1,2,.500,.500,0,0,,0,2,2,2,2,0,2,1,14,7.8,Rachel Balzer,https://www.sports-reference.com/cbb/players/rachel-balzer-1.html,george-mason,2020-21
20,20,20,2021-02-20,George Mason,,Davidson,REG (Conf),L 42-68,*,21,1,4,.250,0,3,.000,1,1,1.000,.250,0,0,,0,2,2,1,1,0,2,1,2,-0.5,Rachel Balzer,https://www.sports-reference.com/cbb/players/rachel-balzer-1.html,george-mason,2020-21
21,21,21,2021-02-28,George Mason,@,George Washington,REG (Conf),L 39-68,*,28,1,3,.333,1,3,.333,0,0,,.500,0,0,,0,2,2,0,0,0,0,0,3,1.9,Rachel Balzer,https://www.sports-reference.com/cbb/players/rachel-balzer-1.html,george-mason,2020-21
22,22,22,2021-03-10,George Mason,@,George Washington,CTOURN,L 56-62,*,32,3,9,.333,3,8,.375,0,1,.000,.500,0,0,,0,1,1,2,1,0,0,0,9,6.6,Rachel Balzer,https://www.sports-reference.com/cbb/players/rachel-balzer-1.html,george-mason,2020-21
