ranker,player_game_num_career,team_game_num_season,date,team_name_abbr,game_location,opp_name_abbr,game_type,game_result,is_starter,mp,fg,fga,fg_pct,fg3,fg3a,fg3_pct,fg2,fg2a,fg2_pct,efg_pct,ft,fta,ft_pct,orb,drb,trb,ast,stl,blk,tov,pf,pts,game_score,player_name,player_sr_link,school,season
1,28,1,2020-11-25,George Mason,@,Pittsburgh,REG (Non-Conf),L 57-72,*,17,0,3,.000,0,2,.000,0,1,.000,.000,7,8,.875,0,4,4,1,1,0,2,3,7,4.2,Tamia Lawhorne,https://www.sports-reference.com/cbb/players/tamia-lawhorne-1.html,george-mason,2020-21
2,29,2,2020-11-29,George Mason,,Navy,REG (Non-Conf),W 72-68,*,11,0,5,.000,0,2,.000,0,3,.000,.000,0,0,,1,0,1,0,2,0,3,1,0,-4.2,Tamia Lawhorne,https://www.sports-reference.com/cbb/players/tamia-lawhorne-1.html,george-mason,2020-21
3,30,3,2020-12-01,George Mason,,Longwood,REG (Non-Conf),W 77-65,*,21,4,6,.667,2,4,.500,2,2,1.000,.833,0,0,,1,2,3,0,1,1,1,1,10,9.0,Tamia Lawhorne,https://www.sports-reference.com/cbb/players/tamia-lawhorne-1.html,george-mason,2020-21
4,31,4,2020-12-06,George Mason,@,James Madison,REG (Non-Conf),L 70-89,*,21,1,4,.250,1,2,.500,0,2,.000,.375,0,0,,4,1,5,2,0,0,1,0,3,4.1,Tamia Lawhorne,https://www.sports-reference.com/cbb/players/tamia-lawhorne-1.html,george-mason,2020-21
5,32,5,2020-12-16,George Mason,,William & Mary,REG (Non-Conf),L 43-48,,6,0,1,.000,0,1,.000,0,0,,.000,0,0,,0,2,2,0,0,0,0,0,0,-0.1,Tamia Lawhorne,https://www.sports-reference.com/cbb/players/tamia-lawhorne-1.html,george-mason,2020-21
6,33,7,2020-12-21,George Mason,,Delaware State,REG (Non-Conf),W 69-46,,5,0,0,,0,0,,0,0,,,1,2,.500,0,0,0,0,0,0,2,0,1,-1.4,Tamia Lawhorne,https://www.sports-reference.com/cbb/players/tamia-lawhorne-1.html,george-mason,2020-21
7,34,8,2021-01-01,George Mason,@,Fordham,REG (Conf),L 32-62,,2,0,2,.000,0,0,,0,2,.000,.000,0,0,,0,0,0,0,0,0,0,0,0,-1.4,Tamia Lawhorne,https://www.sports-reference.com/cbb/players/tamia-lawhorne-1.html,george-mason,2020-21
8,35,10,2021-01-08,George Mason,,Dayton,REG (Conf),L 37-59,,6,0,2,.000,0,1,.000,0,1,.000,.000,0,0,,0,0,0,0,0,0,1,0,0,-2.4,Tamia Lawhorne,https://www.sports-reference.com/cbb/players/tamia-lawhorne-1.html,george-mason,2020-21
9,36,11,2021-01-13,George Mason,@,VCU,REG (Conf),L 41-60,,11,1,4,.250,1,4,.250,0,0,,.375,0,0,,0,2,2,0,0,0,1,0,3,0.2,Tamia Lawhorne,https://www.sports-reference.com/cbb/players/tamia-lawhorne-1.html,george-mason,2020-21
10,37,12,2021-01-17,George Mason,,George Washington,REG (Conf),L 47-67,,2,0,0,,0,0,,0,0,,,0,0,,0,0,0,0,0,0,1,0,0,-1.0,Tamia Lawhorne,https://www.sports-reference.com/cbb/players/tamia-lawhorne-1.html,george-mason,2020-21
