ranker,player_game_num_career,team_game_num_season,date,team_name_abbr,game_location,opp_name_abbr,game_type,game_result,is_starter,mp,fg,fga,fg_pct,fg3,fg3a,fg3_pct,fg2,fg2a,fg2_pct,efg_pct,ft,fta,ft_pct,orb,drb,trb,ast,stl,blk,tov,pf,pts,game_score,player_name,player_sr_link,school,season
1,1,1,2020-11-25,George Mason,@,Pittsburgh,REG (Non-Conf),L 57-72,*,17,0,3,.000,0,2,.000,0,1,.000,.000,4,4,1.000,0,1,1,0,0,0,2,0,4,0.2,Taylor Jameson,https://www.sports-reference.com/cbb/players/taylor-jameson-1.html,george-mason,2020-21
2,2,2,2020-11-29,George Mason,,Navy,REG (Non-Conf),W 72-68,*,33,3,7,.429,1,4,.250,2,3,.667,.500,4,4,1.000,3,2,5,5,2,1,0,3,11,15.0,Taylor Jameson,https://www.sports-reference.com/cbb/players/taylor-jameson-1.html,george-mason,2020-21
3,3,3,2020-12-01,George Mason,,Longwood,REG (Non-Conf),W 77-65,*,25,2,3,.667,1,1,1.000,1,2,.500,.833,0,0,,0,1,1,3,2,0,5,1,5,2.7,Taylor Jameson,https://www.sports-reference.com/cbb/players/taylor-jameson-1.html,george-mason,2020-21
4,4,4,2020-12-06,George Mason,@,James Madison,REG (Non-Conf),L 70-89,*,13,1,2,.500,1,1,1.000,0,1,.000,.750,1,2,.500,2,0,2,1,0,0,1,0,4,3.7,Taylor Jameson,https://www.sports-reference.com/cbb/players/taylor-jameson-1.html,george-mason,2020-21
5,5,5,2020-12-16,George Mason,,William & Mary,REG (Non-Conf),L 43-48,*,19,1,4,.250,0,2,.000,1,2,.500,.250,0,0,,0,1,1,1,1,0,2,2,2,-1.2,Taylor Jameson,https://www.sports-reference.com/cbb/players/taylor-jameson-1.html,george-mason,2020-21
6,6,6,2020-12-19,George Mason,,Ole Miss,REG (Non-Conf),L 34-64,,27,1,7,.143,1,5,.200,0,2,.000,.214,2,2,1.000,1,0,1,1,0,0,4,0,5,-2.1,Taylor Jameson,https://www.sports-reference.com/cbb/players/taylor-jameson-1.html,george-mason,2020-21
7,7,7,2020-12-21,George Mason,,Delaware State,REG (Non-Conf),W 69-46,,21,1,4,.250,1,2,.500,0,2,.000,.375,3,4,.750,0,3,3,2,0,0,4,4,6,-0.1,Taylor Jameson,https://www.sports-reference.com/cbb/players/taylor-jameson-1.html,george-mason,2020-21
8,8,8,2021-01-01,George Mason,@,Fordham,REG (Conf),L 32-62,,24,1,5,.200,1,1,1.000,0,4,.000,.300,0,0,,0,4,4,1,2,0,2,3,3,0.6,Taylor Jameson,https://www.sports-reference.com/cbb/players/taylor-jameson-1.html,george-mason,2020-21
9,9,9,2021-01-03,George Mason,@,Davidson,REG (Conf),L 57-61,,19,3,3,1.000,1,1,1.000,2,2,1.000,1.167,0,0,,0,1,1,2,0,0,0,1,7,7.4,Taylor Jameson,https://www.sports-reference.com/cbb/players/taylor-jameson-1.html,george-mason,2020-21
10,10,10,2021-01-08,George Mason,,Dayton,REG (Conf),L 37-59,,22,1,4,.250,0,2,.000,1,2,.500,.250,0,3,.000,1,2,3,1,0,0,2,1,2,-2.0,Taylor Jameson,https://www.sports-reference.com/cbb/players/taylor-jameson-1.html,george-mason,2020-21
11,11,11,2021-01-13,George Mason,@,VCU,REG (Conf),L 41-60,,22,1,3,.333,1,1,1.000,0,2,.000,.500,0,0,,0,2,2,0,1,0,2,2,3,0.1,Taylor Jameson,https://www.sports-reference.com/cbb/players/taylor-jameson-1.html,george-mason,2020-21
12,12,12,2021-01-17,George Mason,,George Washington,REG (Conf),L 47-67,,11,1,2,.500,1,2,.500,0,0,,.750,0,0,,2,3,5,1,0,0,0,2,3,4.2,Taylor Jameson,https://www.sports-reference.com/cbb/players/taylor-jameson-1.html,george-mason,2020-21
13,13,13,2021-01-24,George Mason,@,La Salle,REG (Conf),L 49-56,,19,2,7,.286,0,2,.000,2,5,.400,.286,2,2,1.000,1,1,2,0,0,0,1,5,6,-0.1,Taylor Jameson,https://www.sports-reference.com/cbb/players/taylor-jameson-1.html,george-mason,2020-21
14,14,14,2021-01-26,George Mason,@,Richmond,REG (Conf),L 48-86,,23,1,4,.250,0,2,.000,1,2,.500,.250,2,2,1.000,2,0,2,2,0,0,3,2,4,0.6,Taylor Jameson,https://www.sports-reference.com/cbb/players/taylor-jameson-1.html,george-mason,2020-21
15,15,15,2021-01-29,George Mason,,VCU,REG (Conf),L 56-64 (OT),*,38,4,10,.400,2,4,.500,2,6,.333,.500,2,4,.500,3,3,6,3,3,0,1,1,12,12.5,Taylor Jameson,https://www.sports-reference.com/cbb/players/taylor-jameson-1.html,george-mason,2020-21
16,16,16,2021-01-31,George Mason,,Richmond,REG (Conf),L 52-67,*,28,1,6,.167,1,3,.333,0,3,.000,.250,0,0,,0,5,5,0,0,0,1,1,3,-0.7,Taylor Jameson,https://www.sports-reference.com/cbb/players/taylor-jameson-1.html,george-mason,2020-21
17,17,17,2021-02-05,George Mason,@,Rhode Island,REG (Conf),L 27-63,*,28,3,9,.333,0,1,.000,3,8,.375,.333,0,0,,0,6,6,2,0,0,0,1,6,3.7,Taylor Jameson,https://www.sports-reference.com/cbb/players/taylor-jameson-1.html,george-mason,2020-21
18,18,18,2021-02-12,George Mason,,St. Bonaventure,REG (Conf),L 62-72,,21,1,5,.200,1,2,.500,0,3,.000,.300,1,2,.500,0,1,1,1,0,0,2,3,4,-1.7,Taylor Jameson,https://www.sports-reference.com/cbb/players/taylor-jameson-1.html,george-mason,2020-21
19,19,19,2021-02-14,George Mason,,Duquesne,REG (Conf),L 49-55,,24,3,5,.600,2,4,.500,1,1,1.000,.800,0,0,,0,3,3,0,2,0,0,3,8,7.4,Taylor Jameson,https://www.sports-reference.com/cbb/players/taylor-jameson-1.html,george-mason,2020-21
20,20,20,2021-02-20,George Mason,,Davidson,REG (Conf),L 42-68,,22,2,9,.222,1,3,.333,1,6,.167,.278,2,4,.500,0,2,2,1,1,0,2,1,7,0.6,Taylor Jameson,https://www.sports-reference.com/cbb/players/taylor-jameson-1.html,george-mason,2020-21
21,21,21,2021-02-28,George Mason,@,George Washington,REG (Conf),L 39-68,,28,5,12,.417,1,3,.333,4,9,.444,.458,0,0,,0,3,3,3,2,0,5,0,11,4.6,Taylor Jameson,https://www.sports-reference.com/cbb/players/taylor-jameson-1.html,george-mason,2020-21
22,22,22,2021-03-10,George Mason,@,George Washington,CTOURN,L 56-62,,28,4,7,.571,1,1,1.000,3,6,.500,.643,1,1,1.000,1,2,3,2,1,0,7,4,10,1.8,Taylor Jameson,https://www.sports-reference.com/cbb/players/taylor-jameson-1.html,george-mason,2020-21
