ranker,player_game_num_career,team_game_num_season,date,team_name_abbr,game_location,opp_name_abbr,game_type,game_result,is_starter,mp,fg,fga,fg_pct,fg3,fg3a,fg3_pct,fg2,fg2a,fg2_pct,efg_pct,ft,fta,ft_pct,orb,drb,trb,ast,stl,blk,tov,pf,pts,game_score,player_name,player_sr_link,school,season
1,1,12,2021-01-17,George Mason,,George Washington,REG (Conf),L 47-67,,8,1,3,.333,0,2,.000,1,1,1.000,.333,0,0,,0,2,2,0,0,1,1,0,2,0.6,Teodora Popovic,https://www.sports-reference.com/cbb/players/teodora-popovic-1.html,george-mason,2020-21
2,2,13,2021-01-24,George Mason,@,La Salle,REG (Conf),L 49-56,*,29,5,15,.333,1,6,.167,4,9,.444,.367,0,0,,0,2,2,3,0,0,7,1,11,-2.2,Teodora Popovic,https://www.sports-reference.com/cbb/players/teodora-popovic-1.html,george-mason,2020-21
3,3,14,2021-01-26,George Mason,@,Richmond,REG (Conf),L 48-86,*,18,2,6,.333,2,5,.400,0,1,.000,.500,2,2,1.000,0,3,3,1,0,0,6,1,8,-0.2,Teodora Popovic,https://www.sports-reference.com/cbb/players/teodora-popovic-1.html,george-mason,2020-21
4,4,15,2021-01-29,George Mason,,VCU,REG (Conf),L 56-64 (OT),,15,0,7,.000,0,3,.000,0,4,.000,.000,0,0,,0,1,1,0,1,1,1,1,0,-4.3,Teodora Popovic,https://www.sports-reference.com/cbb/players/teodora-popovic-1.html,george-mason,2020-21
5,5,16,2021-01-31,George Mason,,Richmond,REG (Conf),L 52-67,,23,4,8,.500,3,4,.750,1,4,.250,.688,2,2,1.000,0,3,3,2,0,0,0,2,13,10.5,Teodora Popovic,https://www.sports-reference.com/cbb/players/teodora-popovic-1.html,george-mason,2020-21
6,6,17,2021-02-05,George Mason,@,Rhode Island,REG (Conf),L 27-63,,19,1,5,.200,0,2,.000,1,3,.333,.200,0,0,,2,1,3,0,0,0,2,1,2,-1.8,Teodora Popovic,https://www.sports-reference.com/cbb/players/teodora-popovic-1.html,george-mason,2020-21
7,7,18,2021-02-12,George Mason,,St. Bonaventure,REG (Conf),L 62-72,,6,2,4,.500,1,1,1.000,1,3,.333,.625,0,0,,0,0,0,0,0,0,1,1,5,1.6,Teodora Popovic,https://www.sports-reference.com/cbb/players/teodora-popovic-1.html,george-mason,2020-21
8,8,19,2021-02-14,George Mason,,Duquesne,REG (Conf),L 49-55,,5,0,2,.000,0,2,.000,0,0,,.000,0,0,,0,0,0,0,0,0,1,1,0,-2.8,Teodora Popovic,https://www.sports-reference.com/cbb/players/teodora-popovic-1.html,george-mason,2020-21
9,9,20,2021-02-20,George Mason,,Davidson,REG (Conf),L 42-68,,5,0,0,,0,0,,0,0,,,0,0,,0,0,0,0,0,0,1,0,0,-1.0,Teodora Popovic,https://www.sports-reference.com/cbb/players/teodora-popovic-1.html,george-mason,2020-21
10,10,21,2021-02-28,George Mason,@,George Washington,REG (Conf),L 39-68,,6,0,3,.000,0,2,.000,0,1,.000,.000,0,0,,0,2,2,0,0,1,1,0,0,-1.8,Teodora Popovic,https://www.sports-reference.com/cbb/players/teodora-popovic-1.html,george-mason,2020-21
