ranker,player_game_num_career,team_game_num_season,date,team_name_abbr,game_location,opp_name_abbr,game_type,game_result,is_starter,mp,fg,fga,fg_pct,fg3,fg3a,fg3_pct,fg2,fg2a,fg2_pct,efg_pct,ft,fta,ft_pct,orb,drb,trb,ast,stl,blk,tov,pf,pts,game_score,player_name,player_sr_link,school,season
1,1,1,2020-11-25,George Mason,@,Pittsburgh,REG (Non-Conf),L 57-72,,10,1,2,.500,1,2,.500,0,0,,.750,0,0,,0,0,0,1,1,0,2,1,3,1.3,Vanessa Laumbach,https://www.sports-reference.com/cbb/players/vanessa-laumbach-1.html,george-mason,2020-21
2,2,4,2020-12-06,George Mason,@,James Madison,REG (Non-Conf),L 70-89,,6,1,3,.333,0,1,.000,1,2,.500,.333,0,0,,0,0,0,0,1,0,1,2,2,-0.5,Vanessa Laumbach,https://www.sports-reference.com/cbb/players/vanessa-laumbach-1.html,george-mason,2020-21
3,3,6,2020-12-19,George Mason,,Ole Miss,REG (Non-Conf),L 34-64,,13,0,1,.000,0,1,.000,0,0,,.000,0,0,,1,1,2,0,0,0,1,1,0,-1.1,Vanessa Laumbach,https://www.sports-reference.com/cbb/players/vanessa-laumbach-1.html,george-mason,2020-21
4,4,7,2020-12-21,George Mason,,Delaware State,REG (Non-Conf),W 69-46,,8,3,7,.429,1,3,.333,2,4,.500,.500,0,0,,0,0,0,0,0,0,0,0,7,3.3,Vanessa Laumbach,https://www.sports-reference.com/cbb/players/vanessa-laumbach-1.html,george-mason,2020-21
5,5,8,2021-01-01,George Mason,@,Fordham,REG (Conf),L 32-62,,9,1,1,1.000,1,1,1.000,0,0,,1.500,0,0,,0,2,2,0,0,0,2,1,3,0.9,Vanessa Laumbach,https://www.sports-reference.com/cbb/players/vanessa-laumbach-1.html,george-mason,2020-21
6,6,9,2021-01-03,George Mason,@,Davidson,REG (Conf),L 57-61,,8,0,1,.000,0,1,.000,0,0,,.000,0,0,,0,1,1,1,0,0,1,1,0,-1.1,Vanessa Laumbach,https://www.sports-reference.com/cbb/players/vanessa-laumbach-1.html,george-mason,2020-21
7,7,10,2021-01-08,George Mason,,Dayton,REG (Conf),L 37-59,,3,0,0,,0,0,,0,0,,,0,0,,0,0,0,0,0,0,0,0,0,0.0,Vanessa Laumbach,https://www.sports-reference.com/cbb/players/vanessa-laumbach-1.html,george-mason,2020-21
8,8,11,2021-01-13,George Mason,@,VCU,REG (Conf),L 41-60,,0,0,0,,0,0,,0,0,,,0,0,,0,0,0,0,0,0,0,0,0,0.0,Vanessa Laumbach,https://www.sports-reference.com/cbb/players/vanessa-laumbach-1.html,george-mason,2020-21
9,9,12,2021-01-17,George Mason,,George Washington,REG (Conf),L 47-67,,9,1,4,.250,0,2,.000,1,2,.500,.250,1,1,1.000,0,2,2,1,0,0,1,0,3,0.9,Vanessa Laumbach,https://www.sports-reference.com/cbb/players/vanessa-laumbach-1.html,george-mason,2020-21
10,10,13,2021-01-24,George Mason,@,La Salle,REG (Conf),L 49-56,,2,0,0,,0,0,,0,0,,,0,0,,0,0,0,0,0,0,0,0,0,0.0,Vanessa Laumbach,https://www.sports-reference.com/cbb/players/vanessa-laumbach-1.html,george-mason,2020-21
11,11,14,2021-01-26,George Mason,@,Richmond,REG (Conf),L 48-86,,16,1,3,.333,0,1,.000,1,2,.500,.333,0,0,,0,2,2,0,0,0,0,0,2,0.9,Vanessa Laumbach,https://www.sports-reference.com/cbb/players/vanessa-laumbach-1.html,george-mason,2020-21
12,12,15,2021-01-29,George Mason,,VCU,REG (Conf),L 56-64 (OT),,10,1,2,.500,1,2,.500,0,0,,.750,0,0,,1,2,3,0,0,0,2,2,3,0.5,Vanessa Laumbach,https://www.sports-reference.com/cbb/players/vanessa-laumbach-1.html,george-mason,2020-21
13,13,16,2021-01-31,George Mason,,Richmond,REG (Conf),L 52-67,,14,0,3,.000,0,2,.000,0,1,.000,.000,1,2,.500,1,3,4,0,0,0,1,2,1,-1.7,Vanessa Laumbach,https://www.sports-reference.com/cbb/players/vanessa-laumbach-1.html,george-mason,2020-21
14,14,17,2021-02-05,George Mason,@,Rhode Island,REG (Conf),L 27-63,,6,0,1,.000,0,0,,0,1,.000,.000,0,0,,0,0,0,0,0,0,0,0,0,-0.7,Vanessa Laumbach,https://www.sports-reference.com/cbb/players/vanessa-laumbach-1.html,george-mason,2020-21
15,15,18,2021-02-12,George Mason,,St. Bonaventure,REG (Conf),L 62-72,,12,2,5,.400,0,2,.000,2,3,.667,.400,0,0,,1,1,2,0,1,0,0,1,4,2.9,Vanessa Laumbach,https://www.sports-reference.com/cbb/players/vanessa-laumbach-1.html,george-mason,2020-21
16,16,20,2021-02-20,George Mason,,Davidson,REG (Conf),L 42-68,,12,2,3,.667,1,2,.500,1,1,1.000,.833,0,1,.000,1,3,4,0,1,0,0,2,5,5.1,Vanessa Laumbach,https://www.sports-reference.com/cbb/players/vanessa-laumbach-1.html,george-mason,2020-21
17,17,21,2021-02-28,George Mason,@,George Washington,REG (Conf),L 39-68,,16,3,5,.600,0,2,.000,3,3,1.000,.600,1,2,.500,2,1,3,0,0,0,3,0,7,3.0,Vanessa Laumbach,https://www.sports-reference.com/cbb/players/vanessa-laumbach-1.html,george-mason,2020-21
18,18,22,2021-03-10,George Mason,@,George Washington,CTOURN,L 56-62,,12,2,4,.500,0,1,.000,2,3,.667,.500,0,0,,1,2,3,0,0,0,1,2,4,1.5,Vanessa Laumbach,https://www.sports-reference.com/cbb/players/vanessa-laumbach-1.html,george-mason,2020-21
