ranker,player_game_num_career,team_game_num_season,date,team_name_abbr,game_location,opp_name_abbr,game_type,game_result,is_starter,mp,fg,fga,fg_pct,fg3,fg3a,fg3_pct,fg2,fg2a,fg2_pct,efg_pct,ft,fta,ft_pct,orb,drb,trb,ast,stl,blk,tov,pf,pts,game_score,player_name,player_sr_link,school,season
1,17,1,2020-11-25,George Mason,@,Pittsburgh,REG (Non-Conf),L 57-72,,4,1,2,.500,0,1,.000,1,1,1.000,.500,0,0,,0,1,1,0,0,0,0,0,2,1.3,Vita Stam,https://www.sports-reference.com/cbb/players/vita-stam-1.html,george-mason,2020-21
2,18,2,2020-11-29,George Mason,,Navy,REG (Non-Conf),W 72-68,,1,0,0,,0,0,,0,0,,,0,0,,0,0,0,0,0,0,1,0,0,-1.0,Vita Stam,https://www.sports-reference.com/cbb/players/vita-stam-1.html,george-mason,2020-21
3,19,4,2020-12-06,George Mason,@,James Madison,REG (Non-Conf),L 70-89,,2,1,1,1.000,0,0,,1,1,1.000,1.000,0,0,,1,0,1,0,0,0,0,0,2,2.4,Vita Stam,https://www.sports-reference.com/cbb/players/vita-stam-1.html,george-mason,2020-21
4,20,5,2020-12-16,George Mason,,William & Mary,REG (Non-Conf),L 43-48,,2,0,1,.000,0,0,,0,1,.000,.000,0,0,,0,0,0,0,0,0,0,0,0,-0.7,Vita Stam,https://www.sports-reference.com/cbb/players/vita-stam-1.html,george-mason,2020-21
5,21,6,2020-12-19,George Mason,,Ole Miss,REG (Non-Conf),L 34-64,,1,0,0,,0,0,,0,0,,,0,0,,0,0,0,0,0,0,0,1,0,-0.4,Vita Stam,https://www.sports-reference.com/cbb/players/vita-stam-1.html,george-mason,2020-21
6,22,7,2020-12-21,George Mason,,Delaware State,REG (Non-Conf),W 69-46,,1,0,0,,0,0,,0,0,,,0,0,,0,0,0,0,0,0,0,0,0,0.0,Vita Stam,https://www.sports-reference.com/cbb/players/vita-stam-1.html,george-mason,2020-21
7,23,11,2021-01-13,George Mason,@,VCU,REG (Conf),L 41-60,,10,0,3,.000,0,0,,0,3,.000,.000,0,2,.000,0,1,1,0,0,0,0,0,0,-2.6,Vita Stam,https://www.sports-reference.com/cbb/players/vita-stam-1.html,george-mason,2020-21
8,24,12,2021-01-17,George Mason,,George Washington,REG (Conf),L 47-67,,6,2,3,.667,0,0,,2,3,.667,.667,0,0,,2,0,2,0,0,0,0,0,4,4.1,Vita Stam,https://www.sports-reference.com/cbb/players/vita-stam-1.html,george-mason,2020-21
9,25,13,2021-01-24,George Mason,@,La Salle,REG (Conf),L 49-56,,3,0,1,.000,0,0,,0,1,.000,.000,2,2,1.000,0,1,1,0,0,0,1,1,2,0.2,Vita Stam,https://www.sports-reference.com/cbb/players/vita-stam-1.html,george-mason,2020-21
10,26,14,2021-01-26,George Mason,@,Richmond,REG (Conf),L 48-86,,6,2,3,.667,0,0,,2,3,.667,.667,0,0,,1,1,2,0,0,0,1,1,4,2.3,Vita Stam,https://www.sports-reference.com/cbb/players/vita-stam-1.html,george-mason,2020-21
11,27,16,2021-01-31,George Mason,,Richmond,REG (Conf),L 52-67,,2,0,2,.000,0,0,,0,2,.000,.000,0,0,,0,1,1,0,0,0,0,0,0,-1.1,Vita Stam,https://www.sports-reference.com/cbb/players/vita-stam-1.html,george-mason,2020-21
12,28,17,2021-02-05,George Mason,@,Rhode Island,REG (Conf),L 27-63,,24,5,11,.455,1,1,1.000,4,10,.400,.500,2,2,1.000,2,3,5,0,0,0,3,2,13,5.8,Vita Stam,https://www.sports-reference.com/cbb/players/vita-stam-1.html,george-mason,2020-21
13,29,18,2021-02-12,George Mason,,St. Bonaventure,REG (Conf),L 62-72,*,4,0,0,,0,0,,0,0,,,0,0,,1,1,2,0,0,0,2,0,0,-1.0,Vita Stam,https://www.sports-reference.com/cbb/players/vita-stam-1.html,george-mason,2020-21
14,30,19,2021-02-14,George Mason,,Duquesne,REG (Conf),L 49-55,*,20,3,4,.750,2,2,1.000,1,2,.500,1.000,0,0,,0,5,5,1,1,0,3,2,8,5.8,Vita Stam,https://www.sports-reference.com/cbb/players/vita-stam-1.html,george-mason,2020-21
15,31,20,2021-02-20,George Mason,,Davidson,REG (Conf),L 42-68,*,14,1,6,.167,0,2,.000,1,4,.250,.167,0,0,,0,1,1,0,0,0,2,2,2,-4.3,Vita Stam,https://www.sports-reference.com/cbb/players/vita-stam-1.html,george-mason,2020-21
16,32,21,2021-02-28,George Mason,@,George Washington,REG (Conf),L 39-68,*,12,1,4,.250,0,1,.000,1,3,.333,.250,0,0,,1,1,2,0,0,0,2,3,2,-2.6,Vita Stam,https://www.sports-reference.com/cbb/players/vita-stam-1.html,george-mason,2020-21
