ranker,player_game_num_career,team_game_num_season,date,team_name_abbr,game_location,opp_name_abbr,game_type,game_result,is_starter,mp,fg,fga,fg_pct,fg3,fg3a,fg3_pct,fg2,fg2a,fg2_pct,efg_pct,ft,fta,ft_pct,orb,drb,trb,ast,stl,blk,tov,pf,pts,game_score,player_name,player_sr_link,school,season
1,1,1,2019-11-05,Mount St. Mary's,@,Kentucky,REG (Non-Conf),L 44-67,,4,0,2,.000,0,2,.000,0,0,,.000,0,0,,0,0,0,0,0,0,1,0,0,-2.4,Annaliese Watkinson,https://www.sports-reference.com/cbb/players/annaliese-watkinson-1.html,mount-st-marys,2019-20
2,2,2,2019-11-07,Mount St. Mary's,@,Indiana,REG (Non-Conf),L 52-75,,10,0,2,.000,0,2,.000,0,0,,.000,0,0,,1,0,1,0,0,0,0,1,0,-1.1,Annaliese Watkinson,https://www.sports-reference.com/cbb/players/annaliese-watkinson-1.html,mount-st-marys,2019-20
3,3,3,2019-11-11,Mount St. Mary's,,Frostburg St.,REG (Non-Conf),W 94-40,,17,3,9,.333,1,5,.200,2,4,.500,.389,1,2,.500,0,2,2,0,4,0,1,1,8,5.7,Annaliese Watkinson,https://www.sports-reference.com/cbb/players/annaliese-watkinson-1.html,mount-st-marys,2019-20
4,4,5,2019-11-20,Mount St. Mary's,,UMBC,REG (Non-Conf),W 71-61,,3,0,1,.000,0,1,.000,0,0,,.000,0,0,,0,0,0,1,0,0,0,0,0,0.0,Annaliese Watkinson,https://www.sports-reference.com/cbb/players/annaliese-watkinson-1.html,mount-st-marys,2019-20
5,5,6,2019-11-26,Mount St. Mary's,@,Radford,REG (Non-Conf),W 75-58,,3,0,0,,0,0,,0,0,,,3,4,.750,0,0,0,0,0,0,0,0,3,2.6,Annaliese Watkinson,https://www.sports-reference.com/cbb/players/annaliese-watkinson-1.html,mount-st-marys,2019-20
6,6,9,2019-12-14,Mount St. Mary's,@,Maryland Eastern Shore,REG (Non-Conf),L 76-78,,8,0,3,.000,0,2,.000,0,1,.000,.000,2,2,1.000,1,1,2,0,0,0,1,1,2,-0.5,Annaliese Watkinson,https://www.sports-reference.com/cbb/players/annaliese-watkinson-1.html,mount-st-marys,2019-20
7,7,10,2019-12-19,Mount St. Mary's,,Hampton,REG (Non-Conf),L 60-68,,6,0,0,,0,0,,0,0,,,2,2,1.000,0,0,0,1,0,0,0,0,2,2.7,Annaliese Watkinson,https://www.sports-reference.com/cbb/players/annaliese-watkinson-1.html,mount-st-marys,2019-20
8,8,11,2019-12-20,Mount St. Mary's,,Richmond,REG (Non-Conf),W 75-67,,3,0,1,.000,0,0,,0,1,.000,.000,0,0,,0,0,0,0,0,0,0,0,0,-0.7,Annaliese Watkinson,https://www.sports-reference.com/cbb/players/annaliese-watkinson-1.html,mount-st-marys,2019-20
9,9,12,2019-12-21,Mount St. Mary's,@,Old Dominion,REG (Non-Conf),L 34-85,,14,2,4,.500,1,3,.333,1,1,1.000,.625,0,0,,0,0,0,0,0,0,1,0,5,2.0,Annaliese Watkinson,https://www.sports-reference.com/cbb/players/annaliese-watkinson-1.html,mount-st-marys,2019-20
10,10,13,2020-01-02,Mount St. Mary's,,Wagner,REG (Conf),W 78-63,,3,0,1,.000,0,1,.000,0,0,,.000,0,0,,0,0,0,0,0,0,0,0,0,-0.7,Annaliese Watkinson,https://www.sports-reference.com/cbb/players/annaliese-watkinson-1.html,mount-st-marys,2019-20
11,11,14,2020-01-04,Mount St. Mary's,,LIU,REG (Conf),W 75-57,,10,0,2,.000,0,0,,0,2,.000,.000,0,0,,1,1,2,0,0,0,2,2,0,-3.2,Annaliese Watkinson,https://www.sports-reference.com/cbb/players/annaliese-watkinson-1.html,mount-st-marys,2019-20
12,12,16,2020-01-13,Mount St. Mary's,@,Merrimack,REG (Conf),L 55-76,,3,0,0,,0,0,,0,0,,,0,0,,0,0,0,0,0,0,1,0,0,-1.0,Annaliese Watkinson,https://www.sports-reference.com/cbb/players/annaliese-watkinson-1.html,mount-st-marys,2019-20
13,13,17,2020-01-18,Mount St. Mary's,,Central Connecticut State,REG (Conf),W 72-64,,4,0,0,,0,0,,0,0,,,0,0,,0,2,2,0,0,0,0,0,0,0.6,Annaliese Watkinson,https://www.sports-reference.com/cbb/players/annaliese-watkinson-1.html,mount-st-marys,2019-20
14,14,23,2020-02-10,Mount St. Mary's,@,LIU,REG (Conf),W 77-57,,3,0,1,.000,0,1,.000,0,0,,.000,0,0,,0,0,0,0,0,0,1,0,0,-1.7,Annaliese Watkinson,https://www.sports-reference.com/cbb/players/annaliese-watkinson-1.html,mount-st-marys,2019-20
15,15,24,2020-02-15,Mount St. Mary's,,Saint Francis (PA),REG (Conf),W 68-44,,3,1,3,.333,0,1,.000,1,2,.500,.333,0,0,,0,0,0,0,0,0,0,1,2,-0.1,Annaliese Watkinson,https://www.sports-reference.com/cbb/players/annaliese-watkinson-1.html,mount-st-marys,2019-20
16,16,31,2020-03-09,Mount St. Mary's,,LIU,CTOURN,W 80-47,,2,0,0,,0,0,,0,0,,,0,0,,0,0,0,0,0,0,0,0,0,0.0,Annaliese Watkinson,https://www.sports-reference.com/cbb/players/annaliese-watkinson-1.html,mount-st-marys,2019-20
