ranker,player_game_num_career,team_game_num_season,date,team_name_abbr,game_location,opp_name_abbr,game_type,game_result,is_starter,mp,fg,fga,fg_pct,fg3,fg3a,fg3_pct,fg2,fg2a,fg2_pct,efg_pct,ft,fta,ft_pct,orb,drb,trb,ast,stl,blk,tov,pf,pts,game_score,player_name,player_sr_link,school,season
1,1,1,2019-11-05,Mount St. Mary's,@,Kentucky,REG (Non-Conf),L 44-67,,19,3,5,.600,2,4,.500,1,1,1.000,.800,0,0,,0,2,2,0,0,0,2,1,8,3.9,Aryna Taylor,https://www.sports-reference.com/cbb/players/aryna-taylor-1.html,mount-st-marys,2019-20
2,2,2,2019-11-07,Mount St. Mary's,@,Indiana,REG (Non-Conf),L 52-75,,27,6,9,.667,3,5,.600,3,4,.750,.833,0,0,,0,8,8,0,5,0,3,1,15,15.1,Aryna Taylor,https://www.sports-reference.com/cbb/players/aryna-taylor-1.html,mount-st-marys,2019-20
3,3,3,2019-11-11,Mount St. Mary's,,Frostburg St.,REG (Non-Conf),W 94-40,,18,2,6,.333,1,4,.250,1,2,.500,.417,1,2,.500,0,0,0,1,0,0,2,4,6,-0.7,Aryna Taylor,https://www.sports-reference.com/cbb/players/aryna-taylor-1.html,mount-st-marys,2019-20
4,4,4,2019-11-16,Mount St. Mary's,@,Towson,REG (Non-Conf),L 57-73,,17,0,4,.000,0,2,.000,0,2,.000,.000,0,0,,1,2,3,2,0,0,2,1,0,-2.5,Aryna Taylor,https://www.sports-reference.com/cbb/players/aryna-taylor-1.html,mount-st-marys,2019-20
5,5,5,2019-11-20,Mount St. Mary's,,UMBC,REG (Non-Conf),W 71-61,,25,3,6,.500,2,4,.500,1,2,.500,.667,2,2,1.000,0,2,2,1,1,1,1,2,10,8.2,Aryna Taylor,https://www.sports-reference.com/cbb/players/aryna-taylor-1.html,mount-st-marys,2019-20
6,6,6,2019-11-26,Mount St. Mary's,@,Radford,REG (Non-Conf),W 75-58,,22,5,7,.714,3,5,.600,2,2,1.000,.929,1,2,.500,0,3,3,1,1,0,3,2,14,9.5,Aryna Taylor,https://www.sports-reference.com/cbb/players/aryna-taylor-1.html,mount-st-marys,2019-20
7,7,7,2019-12-06,Mount St. Mary's,,Loyola (MD),REG (Non-Conf),W 81-75,,19,2,7,.286,2,7,.286,0,0,,.429,0,0,,0,0,0,1,1,0,1,4,6,1.0,Aryna Taylor,https://www.sports-reference.com/cbb/players/aryna-taylor-1.html,mount-st-marys,2019-20
8,8,8,2019-12-08,Mount St. Mary's,,Lehigh,REG (Non-Conf),L 65-66,,15,0,3,.000,0,3,.000,0,0,,.000,0,0,,1,1,2,1,0,0,1,2,0,-2.2,Aryna Taylor,https://www.sports-reference.com/cbb/players/aryna-taylor-1.html,mount-st-marys,2019-20
9,9,9,2019-12-14,Mount St. Mary's,@,Maryland Eastern Shore,REG (Non-Conf),L 76-78,,5,0,1,.000,0,1,.000,0,0,,.000,0,0,,0,0,0,0,0,0,0,2,0,-1.5,Aryna Taylor,https://www.sports-reference.com/cbb/players/aryna-taylor-1.html,mount-st-marys,2019-20
10,10,10,2019-12-19,Mount St. Mary's,,Hampton,REG (Non-Conf),L 60-68,,21,5,12,.417,1,5,.200,4,7,.571,.458,0,1,.000,4,1,5,1,1,0,3,1,11,5.6,Aryna Taylor,https://www.sports-reference.com/cbb/players/aryna-taylor-1.html,mount-st-marys,2019-20
11,11,11,2019-12-20,Mount St. Mary's,,Richmond,REG (Non-Conf),W 75-67,,26,5,11,.455,1,4,.250,4,7,.571,.500,0,0,,1,2,3,1,1,0,5,2,11,2.5,Aryna Taylor,https://www.sports-reference.com/cbb/players/aryna-taylor-1.html,mount-st-marys,2019-20
12,12,12,2019-12-21,Mount St. Mary's,@,Old Dominion,REG (Non-Conf),L 34-85,,20,1,4,.250,0,2,.000,1,2,.500,.250,1,2,.500,1,0,1,1,1,1,3,1,3,-0.1,Aryna Taylor,https://www.sports-reference.com/cbb/players/aryna-taylor-1.html,mount-st-marys,2019-20
13,13,13,2020-01-02,Mount St. Mary's,,Wagner,REG (Conf),W 78-63,,21,3,4,.750,3,4,.750,0,0,,1.125,0,0,,1,2,3,1,1,0,1,2,9,8.6,Aryna Taylor,https://www.sports-reference.com/cbb/players/aryna-taylor-1.html,mount-st-marys,2019-20
14,14,14,2020-01-04,Mount St. Mary's,,LIU,REG (Conf),W 75-57,,22,3,7,.429,1,4,.250,2,3,.667,.500,3,4,.750,0,1,1,3,0,0,1,4,10,5.7,Aryna Taylor,https://www.sports-reference.com/cbb/players/aryna-taylor-1.html,mount-st-marys,2019-20
15,15,15,2020-01-11,Mount St. Mary's,@,Bryant,REG (Conf),W 76-70,,17,2,4,.500,2,3,.667,0,1,.000,.750,0,0,,0,2,2,1,1,0,6,2,6,-0.5,Aryna Taylor,https://www.sports-reference.com/cbb/players/aryna-taylor-1.html,mount-st-marys,2019-20
16,16,16,2020-01-13,Mount St. Mary's,@,Merrimack,REG (Conf),L 55-76,,30,4,16,.250,1,6,.167,3,10,.300,.281,4,4,1.000,2,1,3,2,1,0,1,3,13,5.3,Aryna Taylor,https://www.sports-reference.com/cbb/players/aryna-taylor-1.html,mount-st-marys,2019-20
17,17,17,2020-01-18,Mount St. Mary's,,Central Connecticut State,REG (Conf),W 72-64,,27,3,5,.600,2,3,.667,1,2,.500,.800,0,0,,0,0,0,4,5,0,3,2,8,9.7,Aryna Taylor,https://www.sports-reference.com/cbb/players/aryna-taylor-1.html,mount-st-marys,2019-20
18,18,18,2020-01-20,Mount St. Mary's,,St. Francis Brooklyn,REG (Conf),W 69-60,,25,3,6,.500,1,3,.333,2,3,.667,.583,0,0,,0,5,5,3,0,0,3,1,7,4.2,Aryna Taylor,https://www.sports-reference.com/cbb/players/aryna-taylor-1.html,mount-st-marys,2019-20
19,19,19,2020-01-25,Mount St. Mary's,,Bryant,REG (Conf),L 67-72,,25,3,6,.500,1,4,.250,2,2,1.000,.583,2,2,1.000,1,1,2,1,3,0,3,2,9,6.9,Aryna Taylor,https://www.sports-reference.com/cbb/players/aryna-taylor-1.html,mount-st-marys,2019-20
20,20,20,2020-02-01,Mount St. Mary's,@,Fairleigh Dickinson,REG (Conf),W 69-61,,17,2,3,.667,2,3,.667,0,0,,1.000,0,0,,0,1,1,0,0,0,2,2,6,2.2,Aryna Taylor,https://www.sports-reference.com/cbb/players/aryna-taylor-1.html,mount-st-marys,2019-20
21,21,21,2020-02-03,Mount St. Mary's,@,Sacred Heart,REG (Conf),W 67-58,,22,3,4,.750,2,3,.667,1,1,1.000,1.000,0,0,,0,3,3,1,0,0,2,1,8,5.6,Aryna Taylor,https://www.sports-reference.com/cbb/players/aryna-taylor-1.html,mount-st-marys,2019-20
22,22,22,2020-02-08,Mount St. Mary's,@,St. Francis Brooklyn,REG (Conf),W 67-62,,9,0,4,.000,0,3,.000,0,1,.000,.000,0,0,,0,0,0,1,0,0,2,0,0,-4.1,Aryna Taylor,https://www.sports-reference.com/cbb/players/aryna-taylor-1.html,mount-st-marys,2019-20
23,23,23,2020-02-10,Mount St. Mary's,@,LIU,REG (Conf),W 77-57,,14,1,2,.500,1,2,.500,0,0,,.750,0,0,,0,2,2,0,0,1,1,2,3,1.5,Aryna Taylor,https://www.sports-reference.com/cbb/players/aryna-taylor-1.html,mount-st-marys,2019-20
24,24,24,2020-02-15,Mount St. Mary's,,Saint Francis (PA),REG (Conf),W 68-44,,26,6,13,.462,6,9,.667,0,4,.000,.692,0,0,,0,1,1,1,0,1,0,1,18,12.6,Aryna Taylor,https://www.sports-reference.com/cbb/players/aryna-taylor-1.html,mount-st-marys,2019-20
25,25,25,2020-02-17,Mount St. Mary's,@,Wagner,REG (Conf),W 67-52,,23,2,5,.400,2,4,.500,0,1,.000,.600,2,2,1.000,0,5,5,0,1,0,1,2,8,6.0,Aryna Taylor,https://www.sports-reference.com/cbb/players/aryna-taylor-1.html,mount-st-marys,2019-20
26,26,26,2020-02-21,Mount St. Mary's,@,Robert Morris,REG (Conf),W 62-59,,19,2,5,.400,0,3,.000,2,2,1.000,.400,2,4,.500,0,2,2,0,0,1,4,4,6,-1.8,Aryna Taylor,https://www.sports-reference.com/cbb/players/aryna-taylor-1.html,mount-st-marys,2019-20
27,27,27,2020-02-23,Mount St. Mary's,,Merrimack,REG (Conf),W 62-53,,24,2,5,.400,0,3,.000,2,2,1.000,.400,0,0,,0,6,6,2,1,1,2,1,4,3.8,Aryna Taylor,https://www.sports-reference.com/cbb/players/aryna-taylor-1.html,mount-st-marys,2019-20
28,28,28,2020-02-29,Mount St. Mary's,@,Saint Francis (PA),REG (Conf),W 66-55,,11,0,2,.000,0,0,,0,2,.000,.000,0,0,,0,1,1,0,0,0,0,1,0,-1.5,Aryna Taylor,https://www.sports-reference.com/cbb/players/aryna-taylor-1.html,mount-st-marys,2019-20
29,29,29,2020-03-02,Mount St. Mary's,,Robert Morris,REG (Conf),L 52-57,,10,0,2,.000,0,2,.000,0,0,,.000,0,0,,1,1,2,0,0,0,1,3,0,-2.6,Aryna Taylor,https://www.sports-reference.com/cbb/players/aryna-taylor-1.html,mount-st-marys,2019-20
30,30,30,2020-03-05,Mount St. Mary's,,Fairleigh Dickinson,REG (Conf),L 63-66,,19,2,6,.333,1,3,.333,1,3,.333,.417,4,4,1.000,0,0,0,2,2,0,0,0,9,9.0,Aryna Taylor,https://www.sports-reference.com/cbb/players/aryna-taylor-1.html,mount-st-marys,2019-20
31,31,31,2020-03-09,Mount St. Mary's,,LIU,CTOURN,W 80-47,,21,4,7,.571,3,6,.500,1,1,1.000,.786,0,0,,3,1,4,4,1,0,0,4,11,12.3,Aryna Taylor,https://www.sports-reference.com/cbb/players/aryna-taylor-1.html,mount-st-marys,2019-20
