ranker,player_game_num_career,team_game_num_season,date,team_name_abbr,game_location,opp_name_abbr,game_type,game_result,is_starter,mp,fg,fga,fg_pct,fg3,fg3a,fg3_pct,fg2,fg2a,fg2_pct,efg_pct,ft,fta,ft_pct,orb,drb,trb,ast,stl,blk,tov,pf,pts,game_score,player_name,player_sr_link,school,season
1,61,1,2019-11-05,Mount St. Mary's,@,Kentucky,REG (Non-Conf),L 44-67,,14,1,3,.333,0,2,.000,1,1,1.000,.333,1,1,1.000,0,1,1,1,0,0,2,3,3,-0.9,Bridget Birkhead,https://www.sports-reference.com/cbb/players/bridget-birkhead-1.html,mount-st-marys,2019-20
2,62,2,2019-11-07,Mount St. Mary's,@,Indiana,REG (Non-Conf),L 52-75,,15,1,2,.500,0,1,.000,1,1,1.000,.500,1,2,.500,0,1,1,0,2,0,1,2,3,2.1,Bridget Birkhead,https://www.sports-reference.com/cbb/players/bridget-birkhead-1.html,mount-st-marys,2019-20
3,63,3,2019-11-11,Mount St. Mary's,,Frostburg St.,REG (Non-Conf),W 94-40,,21,5,7,.714,3,5,.600,2,2,1.000,.929,4,4,1.000,1,1,2,0,2,0,2,1,17,14.7,Bridget Birkhead,https://www.sports-reference.com/cbb/players/bridget-birkhead-1.html,mount-st-marys,2019-20
4,64,4,2019-11-16,Mount St. Mary's,@,Towson,REG (Non-Conf),L 57-73,,29,3,7,.429,3,3,1.000,0,4,.000,.643,2,2,1.000,1,5,6,0,1,0,0,3,11,9.3,Bridget Birkhead,https://www.sports-reference.com/cbb/players/bridget-birkhead-1.html,mount-st-marys,2019-20
5,65,5,2019-11-20,Mount St. Mary's,,UMBC,REG (Non-Conf),W 71-61,,12,0,3,.000,0,3,.000,0,0,,.000,0,0,,0,0,0,0,1,0,0,3,0,-2.3,Bridget Birkhead,https://www.sports-reference.com/cbb/players/bridget-birkhead-1.html,mount-st-marys,2019-20
6,66,6,2019-11-26,Mount St. Mary's,@,Radford,REG (Non-Conf),W 75-58,*,20,1,8,.125,1,7,.143,0,1,.000,.188,0,0,,0,0,0,1,0,0,1,1,3,-2.9,Bridget Birkhead,https://www.sports-reference.com/cbb/players/bridget-birkhead-1.html,mount-st-marys,2019-20
7,67,7,2019-12-06,Mount St. Mary's,,Loyola (MD),REG (Non-Conf),W 81-75,*,19,2,4,.500,1,3,.333,1,1,1.000,.625,6,6,1.000,1,1,2,0,0,0,1,0,11,9.0,Bridget Birkhead,https://www.sports-reference.com/cbb/players/bridget-birkhead-1.html,mount-st-marys,2019-20
8,68,8,2019-12-08,Mount St. Mary's,,Lehigh,REG (Non-Conf),L 65-66,*,24,2,6,.333,2,5,.400,0,1,.000,.500,1,2,.500,0,1,1,1,1,0,2,0,7,3.2,Bridget Birkhead,https://www.sports-reference.com/cbb/players/bridget-birkhead-1.html,mount-st-marys,2019-20
9,69,9,2019-12-14,Mount St. Mary's,@,Maryland Eastern Shore,REG (Non-Conf),L 76-78,*,34,8,14,.571,8,13,.615,0,1,.000,.857,2,2,1.000,1,4,5,5,4,1,4,3,26,24.3,Bridget Birkhead,https://www.sports-reference.com/cbb/players/bridget-birkhead-1.html,mount-st-marys,2019-20
10,70,10,2019-12-19,Mount St. Mary's,,Hampton,REG (Non-Conf),L 60-68,*,31,4,11,.364,3,9,.333,1,2,.500,.500,0,0,,2,0,2,4,1,1,1,5,11,7.8,Bridget Birkhead,https://www.sports-reference.com/cbb/players/bridget-birkhead-1.html,mount-st-marys,2019-20
11,71,11,2019-12-20,Mount St. Mary's,,Richmond,REG (Non-Conf),W 75-67,*,19,2,6,.333,2,5,.400,0,1,.000,.500,0,0,,1,1,2,1,0,0,2,1,6,1.9,Bridget Birkhead,https://www.sports-reference.com/cbb/players/bridget-birkhead-1.html,mount-st-marys,2019-20
12,72,12,2019-12-21,Mount St. Mary's,@,Old Dominion,REG (Non-Conf),L 34-85,*,20,1,6,.167,1,4,.250,0,2,.000,.250,1,2,.500,1,0,1,0,0,1,0,1,4,0.8,Bridget Birkhead,https://www.sports-reference.com/cbb/players/bridget-birkhead-1.html,mount-st-marys,2019-20
13,73,13,2020-01-02,Mount St. Mary's,,Wagner,REG (Conf),W 78-63,*,18,2,7,.286,0,4,.000,2,3,.667,.286,0,0,,1,1,2,2,0,0,1,3,4,0.1,Bridget Birkhead,https://www.sports-reference.com/cbb/players/bridget-birkhead-1.html,mount-st-marys,2019-20
14,74,14,2020-01-04,Mount St. Mary's,,LIU,REG (Conf),W 75-57,*,19,3,8,.375,2,6,.333,1,2,.500,.500,0,0,,1,3,4,0,2,0,1,3,8,5.0,Bridget Birkhead,https://www.sports-reference.com/cbb/players/bridget-birkhead-1.html,mount-st-marys,2019-20
15,75,15,2020-01-11,Mount St. Mary's,@,Bryant,REG (Conf),W 76-70,*,26,2,7,.286,2,5,.400,0,2,.000,.429,0,0,,0,0,0,0,3,0,0,0,6,4.9,Bridget Birkhead,https://www.sports-reference.com/cbb/players/bridget-birkhead-1.html,mount-st-marys,2019-20
16,76,16,2020-01-13,Mount St. Mary's,@,Merrimack,REG (Conf),L 55-76,*,18,1,4,.250,0,3,.000,1,1,1.000,.250,0,0,,1,2,3,2,1,1,0,3,2,2.8,Bridget Birkhead,https://www.sports-reference.com/cbb/players/bridget-birkhead-1.html,mount-st-marys,2019-20
17,77,17,2020-01-18,Mount St. Mary's,,Central Connecticut State,REG (Conf),W 72-64,,17,2,3,.667,1,1,1.000,1,2,.500,.833,0,0,,0,2,2,0,0,0,1,1,5,2.9,Bridget Birkhead,https://www.sports-reference.com/cbb/players/bridget-birkhead-1.html,mount-st-marys,2019-20
18,78,18,2020-01-20,Mount St. Mary's,,St. Francis Brooklyn,REG (Conf),W 69-60,,28,6,8,.750,4,5,.800,2,3,.667,1.000,0,0,,0,3,3,1,0,0,0,1,16,14.0,Bridget Birkhead,https://www.sports-reference.com/cbb/players/bridget-birkhead-1.html,mount-st-marys,2019-20
19,79,19,2020-01-25,Mount St. Mary's,,Bryant,REG (Conf),L 67-72,,24,4,9,.444,4,9,.444,0,0,,.667,0,0,,0,0,0,0,0,0,0,2,12,6.5,Bridget Birkhead,https://www.sports-reference.com/cbb/players/bridget-birkhead-1.html,mount-st-marys,2019-20
20,80,20,2020-02-01,Mount St. Mary's,@,Fairleigh Dickinson,REG (Conf),W 69-61,,23,3,6,.500,1,3,.333,2,3,.667,.583,0,0,,0,1,1,0,2,0,1,1,7,4.9,Bridget Birkhead,https://www.sports-reference.com/cbb/players/bridget-birkhead-1.html,mount-st-marys,2019-20
21,81,21,2020-02-03,Mount St. Mary's,@,Sacred Heart,REG (Conf),W 67-58,,8,0,1,.000,0,1,.000,0,0,,.000,0,0,,0,1,1,0,1,0,1,4,0,-2.0,Bridget Birkhead,https://www.sports-reference.com/cbb/players/bridget-birkhead-1.html,mount-st-marys,2019-20
22,82,22,2020-02-08,Mount St. Mary's,@,St. Francis Brooklyn,REG (Conf),W 67-62,,15,1,2,.500,1,1,1.000,0,1,.000,.750,0,0,,0,0,0,0,0,0,1,2,3,0.2,Bridget Birkhead,https://www.sports-reference.com/cbb/players/bridget-birkhead-1.html,mount-st-marys,2019-20
23,83,23,2020-02-10,Mount St. Mary's,@,LIU,REG (Conf),W 77-57,,11,1,3,.333,0,2,.000,1,1,1.000,.333,0,0,,0,0,0,1,0,0,0,3,2,-0.2,Bridget Birkhead,https://www.sports-reference.com/cbb/players/bridget-birkhead-1.html,mount-st-marys,2019-20
24,84,24,2020-02-15,Mount St. Mary's,,Saint Francis (PA),REG (Conf),W 68-44,,17,2,4,.500,2,3,.667,0,1,.000,.750,0,0,,1,4,5,0,0,0,1,1,6,4.5,Bridget Birkhead,https://www.sports-reference.com/cbb/players/bridget-birkhead-1.html,mount-st-marys,2019-20
25,85,25,2020-02-17,Mount St. Mary's,@,Wagner,REG (Conf),W 67-52,,22,2,4,.500,2,4,.500,0,0,,.750,0,0,,1,2,3,2,1,1,1,2,6,6.6,Bridget Birkhead,https://www.sports-reference.com/cbb/players/bridget-birkhead-1.html,mount-st-marys,2019-20
26,86,26,2020-02-21,Mount St. Mary's,@,Robert Morris,REG (Conf),W 62-59,,17,3,6,.500,1,4,.250,2,2,1.000,.583,0,0,,0,1,1,2,0,0,2,0,7,3.7,Bridget Birkhead,https://www.sports-reference.com/cbb/players/bridget-birkhead-1.html,mount-st-marys,2019-20
27,87,27,2020-02-23,Mount St. Mary's,,Merrimack,REG (Conf),W 62-53,,26,3,9,.333,3,8,.375,0,1,.000,.500,0,0,,0,3,3,1,0,0,0,1,9,5.1,Bridget Birkhead,https://www.sports-reference.com/cbb/players/bridget-birkhead-1.html,mount-st-marys,2019-20
28,88,28,2020-02-29,Mount St. Mary's,@,Saint Francis (PA),REG (Conf),W 66-55,,26,5,6,.833,2,3,.667,3,3,1.000,1.000,0,0,,0,3,3,0,0,0,0,1,12,10.3,Bridget Birkhead,https://www.sports-reference.com/cbb/players/bridget-birkhead-1.html,mount-st-marys,2019-20
29,89,29,2020-03-02,Mount St. Mary's,,Robert Morris,REG (Conf),L 52-57,,29,5,12,.417,4,11,.364,1,1,1.000,.583,0,0,,0,3,3,0,0,1,3,4,14,4.6,Bridget Birkhead,https://www.sports-reference.com/cbb/players/bridget-birkhead-1.html,mount-st-marys,2019-20
30,90,30,2020-03-05,Mount St. Mary's,,Fairleigh Dickinson,REG (Conf),L 63-66,,29,2,8,.250,2,5,.400,0,3,.000,.375,0,0,,1,2,3,1,1,1,0,0,6,4.9,Bridget Birkhead,https://www.sports-reference.com/cbb/players/bridget-birkhead-1.html,mount-st-marys,2019-20
31,91,31,2020-03-09,Mount St. Mary's,,LIU,CTOURN,W 80-47,,26,6,9,.667,5,8,.625,1,1,1.000,.944,0,0,,1,1,2,1,0,0,3,2,17,11.0,Bridget Birkhead,https://www.sports-reference.com/cbb/players/bridget-birkhead-1.html,mount-st-marys,2019-20
