ranker,player_game_num_career,team_game_num_season,date,team_name_abbr,game_location,opp_name_abbr,game_type,game_result,is_starter,mp,fg,fga,fg_pct,fg3,fg3a,fg3_pct,fg2,fg2a,fg2_pct,efg_pct,ft,fta,ft_pct,orb,drb,trb,ast,stl,blk,tov,pf,pts,game_score,player_name,player_sr_link,school,season
1,29,1,2019-11-05,Mount St. Mary's,@,Kentucky,REG (Non-Conf),L 44-67,,4,1,1,1.000,1,1,1.000,0,0,,1.500,0,0,,1,2,3,0,1,0,0,0,3,5.0,Delaney Connors,https://www.sports-reference.com/cbb/players/delaney-connors-1.html,mount-st-marys,2019-20
2,30,2,2019-11-07,Mount St. Mary's,@,Indiana,REG (Non-Conf),L 52-75,,4,0,0,,0,0,,0,0,,,0,0,,0,0,0,0,0,0,0,0,0,0.0,Delaney Connors,https://www.sports-reference.com/cbb/players/delaney-connors-1.html,mount-st-marys,2019-20
3,31,3,2019-11-11,Mount St. Mary's,,Frostburg St.,REG (Non-Conf),W 94-40,,15,0,0,,0,0,,0,0,,,0,0,,1,8,9,2,1,0,0,1,0,5.1,Delaney Connors,https://www.sports-reference.com/cbb/players/delaney-connors-1.html,mount-st-marys,2019-20
4,32,5,2019-11-20,Mount St. Mary's,,UMBC,REG (Non-Conf),W 71-61,,13,0,1,.000,0,1,.000,0,0,,.000,4,4,1.000,1,3,4,1,2,0,1,0,4,6.6,Delaney Connors,https://www.sports-reference.com/cbb/players/delaney-connors-1.html,mount-st-marys,2019-20
5,33,6,2019-11-26,Mount St. Mary's,@,Radford,REG (Non-Conf),W 75-58,,3,0,1,.000,0,1,.000,0,0,,.000,0,0,,0,0,0,0,0,0,0,0,0,-0.7,Delaney Connors,https://www.sports-reference.com/cbb/players/delaney-connors-1.html,mount-st-marys,2019-20
6,34,8,2019-12-08,Mount St. Mary's,,Lehigh,REG (Non-Conf),L 65-66,,2,0,0,,0,0,,0,0,,,0,0,,0,0,0,0,0,0,0,0,0,0.0,Delaney Connors,https://www.sports-reference.com/cbb/players/delaney-connors-1.html,mount-st-marys,2019-20
7,35,9,2019-12-14,Mount St. Mary's,@,Maryland Eastern Shore,REG (Non-Conf),L 76-78,,14,4,6,.667,3,5,.600,1,1,1.000,.917,0,0,,0,1,1,1,1,0,2,2,11,7.6,Delaney Connors,https://www.sports-reference.com/cbb/players/delaney-connors-1.html,mount-st-marys,2019-20
8,36,10,2019-12-19,Mount St. Mary's,,Hampton,REG (Non-Conf),L 60-68,,9,1,2,.500,1,1,1.000,0,1,.000,.750,0,0,,0,0,0,0,1,0,0,0,3,3.0,Delaney Connors,https://www.sports-reference.com/cbb/players/delaney-connors-1.html,mount-st-marys,2019-20
9,37,11,2019-12-20,Mount St. Mary's,,Richmond,REG (Non-Conf),W 75-67,,4,0,0,,0,0,,0,0,,,0,0,,0,0,0,0,0,0,0,0,0,0.0,Delaney Connors,https://www.sports-reference.com/cbb/players/delaney-connors-1.html,mount-st-marys,2019-20
10,38,12,2019-12-21,Mount St. Mary's,@,Old Dominion,REG (Non-Conf),L 34-85,,24,0,1,.000,0,1,.000,0,0,,.000,0,0,,1,2,3,0,1,0,1,1,0,0.2,Delaney Connors,https://www.sports-reference.com/cbb/players/delaney-connors-1.html,mount-st-marys,2019-20
11,39,13,2020-01-02,Mount St. Mary's,,Wagner,REG (Conf),W 78-63,,5,0,0,,0,0,,0,0,,,1,2,.500,0,2,2,0,0,0,1,0,1,0.2,Delaney Connors,https://www.sports-reference.com/cbb/players/delaney-connors-1.html,mount-st-marys,2019-20
12,40,14,2020-01-04,Mount St. Mary's,,LIU,REG (Conf),W 75-57,,17,1,2,.500,0,0,,1,2,.500,.500,0,0,,0,3,3,1,1,0,1,2,2,1.8,Delaney Connors,https://www.sports-reference.com/cbb/players/delaney-connors-1.html,mount-st-marys,2019-20
13,41,15,2020-01-11,Mount St. Mary's,@,Bryant,REG (Conf),W 76-70,,12,0,1,.000,0,1,.000,0,0,,.000,1,2,.500,0,0,0,4,2,0,0,0,1,4.7,Delaney Connors,https://www.sports-reference.com/cbb/players/delaney-connors-1.html,mount-st-marys,2019-20
14,42,16,2020-01-13,Mount St. Mary's,@,Merrimack,REG (Conf),L 55-76,,20,2,2,1.000,2,2,1.000,0,0,,1.500,0,0,,1,1,2,0,0,0,0,0,6,6.4,Delaney Connors,https://www.sports-reference.com/cbb/players/delaney-connors-1.html,mount-st-marys,2019-20
15,43,17,2020-01-18,Mount St. Mary's,,Central Connecticut State,REG (Conf),W 72-64,,10,0,4,.000,0,1,.000,0,3,.000,.000,0,0,,1,2,3,0,0,0,0,1,0,-1.9,Delaney Connors,https://www.sports-reference.com/cbb/players/delaney-connors-1.html,mount-st-marys,2019-20
16,44,18,2020-01-20,Mount St. Mary's,,St. Francis Brooklyn,REG (Conf),W 69-60,,7,0,1,.000,0,1,.000,0,0,,.000,0,0,,0,0,0,2,2,0,0,1,0,2.3,Delaney Connors,https://www.sports-reference.com/cbb/players/delaney-connors-1.html,mount-st-marys,2019-20
17,45,19,2020-01-25,Mount St. Mary's,,Bryant,REG (Conf),L 67-72,,2,0,0,,0,0,,0,0,,,0,0,,0,0,0,0,0,0,0,0,0,0.0,Delaney Connors,https://www.sports-reference.com/cbb/players/delaney-connors-1.html,mount-st-marys,2019-20
18,46,20,2020-02-01,Mount St. Mary's,@,Fairleigh Dickinson,REG (Conf),W 69-61,,7,1,3,.333,0,1,.000,1,2,.500,.333,0,0,,0,0,0,0,2,0,0,0,2,2.3,Delaney Connors,https://www.sports-reference.com/cbb/players/delaney-connors-1.html,mount-st-marys,2019-20
19,47,21,2020-02-03,Mount St. Mary's,@,Sacred Heart,REG (Conf),W 67-58,,4,0,0,,0,0,,0,0,,,0,0,,0,0,0,0,0,0,0,0,0,0.0,Delaney Connors,https://www.sports-reference.com/cbb/players/delaney-connors-1.html,mount-st-marys,2019-20
20,48,22,2020-02-08,Mount St. Mary's,@,St. Francis Brooklyn,REG (Conf),W 67-62,,6,0,0,,0,0,,0,0,,,0,0,,0,1,1,0,0,0,0,1,0,-0.1,Delaney Connors,https://www.sports-reference.com/cbb/players/delaney-connors-1.html,mount-st-marys,2019-20
21,49,23,2020-02-10,Mount St. Mary's,@,LIU,REG (Conf),W 77-57,,8,0,0,,0,0,,0,0,,,0,0,,1,1,2,0,0,0,1,1,0,-0.4,Delaney Connors,https://www.sports-reference.com/cbb/players/delaney-connors-1.html,mount-st-marys,2019-20
22,50,24,2020-02-15,Mount St. Mary's,,Saint Francis (PA),REG (Conf),W 68-44,,12,2,6,.333,0,1,.000,2,5,.400,.333,0,2,.000,2,3,5,0,0,0,1,1,4,0.7,Delaney Connors,https://www.sports-reference.com/cbb/players/delaney-connors-1.html,mount-st-marys,2019-20
23,51,27,2020-02-23,Mount St. Mary's,,Merrimack,REG (Conf),W 62-53,,2,0,1,.000,0,0,,0,1,.000,.000,0,0,,0,0,0,0,0,0,0,0,0,-0.7,Delaney Connors,https://www.sports-reference.com/cbb/players/delaney-connors-1.html,mount-st-marys,2019-20
24,52,28,2020-02-29,Mount St. Mary's,@,Saint Francis (PA),REG (Conf),W 66-55,,10,0,0,,0,0,,0,0,,,0,0,,0,0,0,2,1,0,0,1,0,2.0,Delaney Connors,https://www.sports-reference.com/cbb/players/delaney-connors-1.html,mount-st-marys,2019-20
25,53,29,2020-03-02,Mount St. Mary's,,Robert Morris,REG (Conf),L 52-57,,0,0,0,,0,0,,0,0,,,0,0,,0,0,0,0,0,0,0,0,0,0.0,Delaney Connors,https://www.sports-reference.com/cbb/players/delaney-connors-1.html,mount-st-marys,2019-20
26,54,30,2020-03-05,Mount St. Mary's,,Fairleigh Dickinson,REG (Conf),L 63-66,*,14,1,4,.250,1,3,.333,0,1,.000,.375,0,0,,1,0,1,0,0,0,0,1,3,0.9,Delaney Connors,https://www.sports-reference.com/cbb/players/delaney-connors-1.html,mount-st-marys,2019-20
27,55,31,2020-03-09,Mount St. Mary's,,LIU,CTOURN,W 80-47,,4,1,1,1.000,0,0,,1,1,1.000,1.000,0,0,,0,1,1,0,1,0,0,0,2,3.0,Delaney Connors,https://www.sports-reference.com/cbb/players/delaney-connors-1.html,mount-st-marys,2019-20
