ranker,player_game_num_career,team_game_num_season,date,team_name_abbr,game_location,opp_name_abbr,game_type,game_result,is_starter,mp,fg,fga,fg_pct,fg3,fg3a,fg3_pct,fg2,fg2a,fg2_pct,efg_pct,ft,fta,ft_pct,orb,drb,trb,ast,stl,blk,tov,pf,pts,game_score,player_name,player_sr_link,school,season
1,61,1,2019-11-05,Mount St. Mary's,@,Kentucky,REG (Non-Conf),L 44-67,*,32,3,9,.333,2,3,.667,1,6,.167,.444,2,2,1.000,1,5,6,5,1,0,4,3,10,6.4,Jatarrikah Settle,https://www.sports-reference.com/cbb/players/jatarrikah-settle-1.html,mount-st-marys,2019-20
2,62,2,2019-11-07,Mount St. Mary's,@,Indiana,REG (Non-Conf),L 52-75,*,32,5,9,.556,0,2,.000,5,7,.714,.556,3,3,1.000,0,4,4,2,1,0,4,3,13,7.1,Jatarrikah Settle,https://www.sports-reference.com/cbb/players/jatarrikah-settle-1.html,mount-st-marys,2019-20
3,63,3,2019-11-11,Mount St. Mary's,,Frostburg St.,REG (Non-Conf),W 94-40,*,27,5,9,.556,2,4,.500,3,5,.600,.667,2,4,.500,1,3,4,4,5,1,5,1,14,13.6,Jatarrikah Settle,https://www.sports-reference.com/cbb/players/jatarrikah-settle-1.html,mount-st-marys,2019-20
4,64,4,2019-11-16,Mount St. Mary's,@,Towson,REG (Non-Conf),L 57-73,*,29,2,10,.200,1,3,.333,1,7,.143,.250,1,2,.500,3,2,5,1,0,0,7,2,6,-5.0,Jatarrikah Settle,https://www.sports-reference.com/cbb/players/jatarrikah-settle-1.html,mount-st-marys,2019-20
5,65,5,2019-11-20,Mount St. Mary's,,UMBC,REG (Non-Conf),W 71-61,*,35,4,13,.308,1,5,.200,3,8,.375,.346,2,2,1.000,1,2,3,2,2,0,1,2,11,6.4,Jatarrikah Settle,https://www.sports-reference.com/cbb/players/jatarrikah-settle-1.html,mount-st-marys,2019-20
6,66,6,2019-11-26,Mount St. Mary's,@,Radford,REG (Non-Conf),W 75-58,*,31,4,8,.500,1,3,.333,3,5,.600,.563,2,2,1.000,2,4,6,2,0,0,0,2,11,10.2,Jatarrikah Settle,https://www.sports-reference.com/cbb/players/jatarrikah-settle-1.html,mount-st-marys,2019-20
7,67,7,2019-12-06,Mount St. Mary's,,Loyola (MD),REG (Non-Conf),W 81-75,*,38,5,7,.714,0,2,.000,5,5,1.000,.714,5,8,.625,0,1,1,5,2,0,2,2,15,13.9,Jatarrikah Settle,https://www.sports-reference.com/cbb/players/jatarrikah-settle-1.html,mount-st-marys,2019-20
8,68,8,2019-12-08,Mount St. Mary's,,Lehigh,REG (Non-Conf),L 65-66,*,31,1,10,.100,0,0,,1,10,.100,.100,3,4,.750,2,3,5,1,3,0,1,2,5,2.2,Jatarrikah Settle,https://www.sports-reference.com/cbb/players/jatarrikah-settle-1.html,mount-st-marys,2019-20
9,69,9,2019-12-14,Mount St. Mary's,@,Maryland Eastern Shore,REG (Non-Conf),L 76-78,*,33,4,8,.500,2,4,.500,2,4,.500,.625,2,3,.667,3,3,6,2,0,0,2,2,12,9.2,Jatarrikah Settle,https://www.sports-reference.com/cbb/players/jatarrikah-settle-1.html,mount-st-marys,2019-20
10,70,10,2019-12-19,Mount St. Mary's,,Hampton,REG (Non-Conf),L 60-68,*,28,3,6,.500,1,3,.333,2,3,.667,.583,3,5,.600,1,1,2,0,2,0,6,5,10,1.2,Jatarrikah Settle,https://www.sports-reference.com/cbb/players/jatarrikah-settle-1.html,mount-st-marys,2019-20
11,71,11,2019-12-20,Mount St. Mary's,,Richmond,REG (Non-Conf),W 75-67,*,36,8,18,.444,1,3,.333,7,15,.467,.472,6,6,1.000,6,8,14,3,1,0,0,4,23,21.7,Jatarrikah Settle,https://www.sports-reference.com/cbb/players/jatarrikah-settle-1.html,mount-st-marys,2019-20
12,72,12,2019-12-21,Mount St. Mary's,@,Old Dominion,REG (Non-Conf),L 34-85,*,23,1,9,.111,0,4,.000,1,5,.200,.111,0,0,,0,2,2,1,0,0,1,1,2,-4.0,Jatarrikah Settle,https://www.sports-reference.com/cbb/players/jatarrikah-settle-1.html,mount-st-marys,2019-20
13,73,13,2020-01-02,Mount St. Mary's,,Wagner,REG (Conf),W 78-63,*,35,5,11,.455,1,4,.250,4,7,.571,.500,4,7,.571,3,5,8,3,2,0,8,3,15,6.6,Jatarrikah Settle,https://www.sports-reference.com/cbb/players/jatarrikah-settle-1.html,mount-st-marys,2019-20
14,74,14,2020-01-04,Mount St. Mary's,,LIU,REG (Conf),W 75-57,*,33,2,8,.250,0,2,.000,2,6,.333,.250,9,10,.900,3,7,10,5,4,0,3,0,13,16.5,Jatarrikah Settle,https://www.sports-reference.com/cbb/players/jatarrikah-settle-1.html,mount-st-marys,2019-20
15,75,15,2020-01-11,Mount St. Mary's,@,Bryant,REG (Conf),W 76-70,*,34,5,13,.385,2,4,.500,3,9,.333,.462,5,7,.714,2,1,3,3,3,0,6,4,17,8.3,Jatarrikah Settle,https://www.sports-reference.com/cbb/players/jatarrikah-settle-1.html,mount-st-marys,2019-20
16,76,16,2020-01-13,Mount St. Mary's,@,Merrimack,REG (Conf),L 55-76,*,32,2,11,.182,0,4,.000,2,7,.286,.182,3,4,.750,2,4,6,0,3,0,0,1,7,4.9,Jatarrikah Settle,https://www.sports-reference.com/cbb/players/jatarrikah-settle-1.html,mount-st-marys,2019-20
17,77,17,2020-01-18,Mount St. Mary's,,Central Connecticut State,REG (Conf),W 72-64,*,34,7,14,.500,0,2,.000,7,12,.583,.500,2,2,1.000,0,6,6,2,2,0,4,3,16,9.0,Jatarrikah Settle,https://www.sports-reference.com/cbb/players/jatarrikah-settle-1.html,mount-st-marys,2019-20
18,78,18,2020-01-20,Mount St. Mary's,,St. Francis Brooklyn,REG (Conf),W 69-60,*,32,2,10,.200,0,4,.000,2,6,.333,.200,2,4,.500,1,5,6,6,2,0,4,3,6,2.2,Jatarrikah Settle,https://www.sports-reference.com/cbb/players/jatarrikah-settle-1.html,mount-st-marys,2019-20
19,79,19,2020-01-25,Mount St. Mary's,,Bryant,REG (Conf),L 67-72,*,32,3,11,.273,1,4,.250,2,7,.286,.318,3,4,.750,4,3,7,6,3,0,2,5,10,10.0,Jatarrikah Settle,https://www.sports-reference.com/cbb/players/jatarrikah-settle-1.html,mount-st-marys,2019-20
20,80,20,2020-02-01,Mount St. Mary's,@,Fairleigh Dickinson,REG (Conf),W 69-61,*,38,4,6,.667,0,1,.000,4,5,.800,.667,5,8,.625,0,6,6,4,2,0,7,2,13,8.0,Jatarrikah Settle,https://www.sports-reference.com/cbb/players/jatarrikah-settle-1.html,mount-st-marys,2019-20
21,81,21,2020-02-03,Mount St. Mary's,@,Sacred Heart,REG (Conf),W 67-58,*,35,4,14,.286,0,3,.000,4,11,.364,.286,1,2,.500,1,1,2,2,5,0,2,1,9,5.4,Jatarrikah Settle,https://www.sports-reference.com/cbb/players/jatarrikah-settle-1.html,mount-st-marys,2019-20
22,82,22,2020-02-08,Mount St. Mary's,@,St. Francis Brooklyn,REG (Conf),W 67-62,*,34,4,11,.364,0,0,,4,11,.364,.364,1,3,.333,1,5,6,4,3,0,0,4,9,8.5,Jatarrikah Settle,https://www.sports-reference.com/cbb/players/jatarrikah-settle-1.html,mount-st-marys,2019-20
23,83,23,2020-02-10,Mount St. Mary's,@,LIU,REG (Conf),W 77-57,*,24,1,7,.143,0,1,.000,1,6,.167,.143,0,0,,3,10,13,4,0,0,4,0,2,1.4,Jatarrikah Settle,https://www.sports-reference.com/cbb/players/jatarrikah-settle-1.html,mount-st-marys,2019-20
24,84,24,2020-02-15,Mount St. Mary's,,Saint Francis (PA),REG (Conf),W 68-44,*,31,3,7,.429,0,1,.000,3,6,.500,.429,2,2,1.000,1,1,2,4,7,1,1,1,8,14.4,Jatarrikah Settle,https://www.sports-reference.com/cbb/players/jatarrikah-settle-1.html,mount-st-marys,2019-20
25,85,25,2020-02-17,Mount St. Mary's,@,Wagner,REG (Conf),W 67-52,*,33,2,7,.286,0,1,.000,2,6,.333,.286,3,6,.500,2,7,9,2,1,0,4,4,7,2.0,Jatarrikah Settle,https://www.sports-reference.com/cbb/players/jatarrikah-settle-1.html,mount-st-marys,2019-20
26,86,26,2020-02-21,Mount St. Mary's,@,Robert Morris,REG (Conf),W 62-59,*,34,5,11,.455,0,1,.000,5,10,.500,.455,2,2,1.000,1,9,10,2,2,0,4,4,12,7.5,Jatarrikah Settle,https://www.sports-reference.com/cbb/players/jatarrikah-settle-1.html,mount-st-marys,2019-20
27,87,27,2020-02-23,Mount St. Mary's,,Merrimack,REG (Conf),W 62-53,*,22,1,8,.125,0,0,,1,8,.125,.125,0,0,,3,0,3,3,0,0,0,0,2,1.0,Jatarrikah Settle,https://www.sports-reference.com/cbb/players/jatarrikah-settle-1.html,mount-st-marys,2019-20
28,88,28,2020-02-29,Mount St. Mary's,@,Saint Francis (PA),REG (Conf),W 66-55,*,16,2,5,.400,0,0,,2,5,.400,.400,0,2,.000,0,2,2,0,0,0,1,2,4,-0.7,Jatarrikah Settle,https://www.sports-reference.com/cbb/players/jatarrikah-settle-1.html,mount-st-marys,2019-20
29,89,29,2020-03-02,Mount St. Mary's,,Robert Morris,REG (Conf),L 52-57,*,33,1,5,.200,0,0,,1,5,.200,.200,4,4,1.000,0,6,6,2,1,0,4,5,6,1.1,Jatarrikah Settle,https://www.sports-reference.com/cbb/players/jatarrikah-settle-1.html,mount-st-marys,2019-20
30,90,30,2020-03-05,Mount St. Mary's,,Fairleigh Dickinson,REG (Conf),L 63-66,*,31,2,6,.333,0,0,,2,6,.333,.333,6,6,1.000,3,1,4,3,3,0,3,3,10,9.9,Jatarrikah Settle,https://www.sports-reference.com/cbb/players/jatarrikah-settle-1.html,mount-st-marys,2019-20
31,91,31,2020-03-09,Mount St. Mary's,,LIU,CTOURN,W 80-47,*,32,0,5,.000,0,1,.000,0,4,.000,.000,2,2,1.000,1,2,3,2,1,1,3,1,2,-0.5,Jatarrikah Settle,https://www.sports-reference.com/cbb/players/jatarrikah-settle-1.html,mount-st-marys,2019-20
