ranker,player_game_num_career,team_game_num_season,date,team_name_abbr,game_location,opp_name_abbr,game_type,game_result,is_starter,mp,fg,fga,fg_pct,fg3,fg3a,fg2,fg2a,fg2_pct,efg_pct,ft,fta,ft_pct,orb,drb,trb,ast,stl,blk,tov,pf,pts,game_score,player_name,player_sr_link,school,season
1,1,1,2019-11-05,Mount St. Mary's,@,Kentucky,REG (Non-Conf),L 44-67,,10,1,2,.500,0,0,1,2,.500,.500,0,0,,1,2,3,1,0,0,2,4,2,-0.6,Maqui Carrillo Ade,https://www.sports-reference.com/cbb/players/maqui-carrillo-ade-1.html,mount-st-marys,2019-20
2,2,2,2019-11-07,Mount St. Mary's,@,Indiana,REG (Non-Conf),L 52-75,,7,0,0,,0,0,0,0,,,0,0,,0,0,0,0,1,0,1,1,0,-0.4,Maqui Carrillo Ade,https://www.sports-reference.com/cbb/players/maqui-carrillo-ade-1.html,mount-st-marys,2019-20
3,3,10,2019-12-19,Mount St. Mary's,,Hampton,REG (Non-Conf),L 60-68,,8,0,1,.000,0,0,0,1,.000,.000,0,0,,0,0,0,1,0,0,1,1,0,-1.4,Maqui Carrillo Ade,https://www.sports-reference.com/cbb/players/maqui-carrillo-ade-1.html,mount-st-marys,2019-20
4,4,11,2019-12-20,Mount St. Mary's,,Richmond,REG (Non-Conf),W 75-67,,3,1,1,1.000,0,0,1,1,1.000,1.000,0,0,,2,2,4,0,0,1,2,0,2,2.4,Maqui Carrillo Ade,https://www.sports-reference.com/cbb/players/maqui-carrillo-ade-1.html,mount-st-marys,2019-20
5,5,15,2020-01-11,Mount St. Mary's,@,Bryant,REG (Conf),W 76-70,,4,0,0,,0,0,0,0,,,0,0,,0,1,1,0,0,0,0,3,0,-0.9,Maqui Carrillo Ade,https://www.sports-reference.com/cbb/players/maqui-carrillo-ade-1.html,mount-st-marys,2019-20
6,6,16,2020-01-13,Mount St. Mary's,@,Merrimack,REG (Conf),L 55-76,,5,0,1,.000,0,0,0,1,.000,.000,0,0,,0,0,0,0,0,0,1,0,0,-1.7,Maqui Carrillo Ade,https://www.sports-reference.com/cbb/players/maqui-carrillo-ade-1.html,mount-st-marys,2019-20
7,7,17,2020-01-18,Mount St. Mary's,,Central Connecticut State,REG (Conf),W 72-64,,8,0,1,.000,0,0,0,1,.000,.000,2,2,1.000,0,1,1,0,0,0,1,2,2,-0.2,Maqui Carrillo Ade,https://www.sports-reference.com/cbb/players/maqui-carrillo-ade-1.html,mount-st-marys,2019-20
8,8,18,2020-01-20,Mount St. Mary's,,St. Francis Brooklyn,REG (Conf),W 69-60,,9,2,3,.667,0,0,2,3,.667,.667,0,0,,0,0,0,2,0,0,0,2,4,3.3,Maqui Carrillo Ade,https://www.sports-reference.com/cbb/players/maqui-carrillo-ade-1.html,mount-st-marys,2019-20
9,9,19,2020-01-25,Mount St. Mary's,,Bryant,REG (Conf),L 67-72,,2,0,0,,0,0,0,0,,,0,0,,0,0,0,0,0,0,0,0,0,0.0,Maqui Carrillo Ade,https://www.sports-reference.com/cbb/players/maqui-carrillo-ade-1.html,mount-st-marys,2019-20
10,10,20,2020-02-01,Mount St. Mary's,@,Fairleigh Dickinson,REG (Conf),W 69-61,,4,0,0,,0,0,0,0,,,0,0,,0,0,0,1,0,0,0,2,0,-0.1,Maqui Carrillo Ade,https://www.sports-reference.com/cbb/players/maqui-carrillo-ade-1.html,mount-st-marys,2019-20
11,11,22,2020-02-08,Mount St. Mary's,@,St. Francis Brooklyn,REG (Conf),W 67-62,,2,0,0,,0,0,0,0,,,0,0,,0,0,0,0,1,0,0,0,0,1.0,Maqui Carrillo Ade,https://www.sports-reference.com/cbb/players/maqui-carrillo-ade-1.html,mount-st-marys,2019-20
12,12,23,2020-02-10,Mount St. Mary's,@,LIU,REG (Conf),W 77-57,,5,1,3,.333,0,0,1,3,.333,.333,2,4,.500,1,0,1,0,0,0,1,1,4,0.8,Maqui Carrillo Ade,https://www.sports-reference.com/cbb/players/maqui-carrillo-ade-1.html,mount-st-marys,2019-20
13,13,24,2020-02-15,Mount St. Mary's,,Saint Francis (PA),REG (Conf),W 68-44,,6,0,2,.000,0,0,0,2,.000,.000,1,2,.500,0,0,0,2,0,1,0,0,1,1.3,Maqui Carrillo Ade,https://www.sports-reference.com/cbb/players/maqui-carrillo-ade-1.html,mount-st-marys,2019-20
14,14,26,2020-02-21,Mount St. Mary's,@,Robert Morris,REG (Conf),W 62-59,,3,1,1,1.000,0,0,1,1,1.000,1.000,0,0,,0,0,0,0,0,0,0,0,2,1.7,Maqui Carrillo Ade,https://www.sports-reference.com/cbb/players/maqui-carrillo-ade-1.html,mount-st-marys,2019-20
15,15,28,2020-02-29,Mount St. Mary's,@,Saint Francis (PA),REG (Conf),W 66-55,,12,0,0,,0,0,0,0,,,0,0,,1,4,5,2,2,0,2,1,0,2.9,Maqui Carrillo Ade,https://www.sports-reference.com/cbb/players/maqui-carrillo-ade-1.html,mount-st-marys,2019-20
16,16,29,2020-03-02,Mount St. Mary's,,Robert Morris,REG (Conf),L 52-57,,7,0,3,.000,0,0,0,3,.000,.000,0,0,,3,1,4,2,0,0,1,2,0,-0.1,Maqui Carrillo Ade,https://www.sports-reference.com/cbb/players/maqui-carrillo-ade-1.html,mount-st-marys,2019-20
17,17,30,2020-03-05,Mount St. Mary's,,Fairleigh Dickinson,REG (Conf),L 63-66,,6,0,1,.000,0,0,0,1,.000,.000,1,2,.500,0,0,0,0,0,0,0,2,1,-0.9,Maqui Carrillo Ade,https://www.sports-reference.com/cbb/players/maqui-carrillo-ade-1.html,mount-st-marys,2019-20
18,18,31,2020-03-09,Mount St. Mary's,,LIU,CTOURN,W 80-47,,7,0,0,,0,0,0,0,,,0,0,,0,3,3,2,0,0,1,0,0,1.3,Maqui Carrillo Ade,https://www.sports-reference.com/cbb/players/maqui-carrillo-ade-1.html,mount-st-marys,2019-20
