ranker,player_game_num_career,team_game_num_season,date,team_name_abbr,game_location,opp_name_abbr,game_type,game_result,is_starter,mp,fg,fga,fg_pct,fg3,fg3a,fg3_pct,fg2,fg2a,fg2_pct,efg_pct,ft,fta,ft_pct,orb,drb,trb,ast,stl,blk,tov,pf,pts,game_score,player_name,player_sr_link,school,season
1,32,1,2019-11-05,Mount St. Mary's,@,Kentucky,REG (Non-Conf),L 44-67,*,34,2,13,.154,2,9,.222,0,4,.000,.231,0,0,,0,1,1,1,0,0,5,3,6,-7.5,Michaela Harrison,https://www.sports-reference.com/cbb/players/michaela-harrison-1.html,mount-st-marys,2019-20
2,33,2,2019-11-07,Mount St. Mary's,@,Indiana,REG (Non-Conf),L 52-75,*,29,1,10,.100,0,2,.000,1,8,.125,.100,1,2,.500,0,1,1,1,3,0,4,1,3,-4.4,Michaela Harrison,https://www.sports-reference.com/cbb/players/michaela-harrison-1.html,mount-st-marys,2019-20
3,34,3,2019-11-11,Mount St. Mary's,,Frostburg St.,REG (Non-Conf),W 94-40,*,22,7,8,.875,2,3,.667,5,5,1.000,1.000,1,1,1.000,1,1,2,4,5,0,2,2,17,20.2,Michaela Harrison,https://www.sports-reference.com/cbb/players/michaela-harrison-1.html,mount-st-marys,2019-20
4,35,4,2019-11-16,Mount St. Mary's,@,Towson,REG (Non-Conf),L 57-73,*,31,1,12,.083,0,7,.000,1,5,.200,.083,1,2,.500,1,1,2,4,1,0,3,2,3,-4.4,Michaela Harrison,https://www.sports-reference.com/cbb/players/michaela-harrison-1.html,mount-st-marys,2019-20
5,36,5,2019-11-20,Mount St. Mary's,,UMBC,REG (Non-Conf),W 71-61,*,37,7,15,.467,3,11,.273,4,4,1.000,.567,1,2,.500,2,1,3,5,3,1,2,2,18,16.0,Michaela Harrison,https://www.sports-reference.com/cbb/players/michaela-harrison-1.html,mount-st-marys,2019-20
6,37,6,2019-11-26,Mount St. Mary's,@,Radford,REG (Non-Conf),W 75-58,*,37,5,10,.500,2,5,.400,3,5,.600,.600,1,1,1.000,0,4,4,2,4,1,4,2,13,10.5,Michaela Harrison,https://www.sports-reference.com/cbb/players/michaela-harrison-1.html,mount-st-marys,2019-20
7,38,7,2019-12-06,Mount St. Mary's,,Loyola (MD),REG (Non-Conf),W 81-75,*,35,4,11,.364,3,6,.500,1,5,.200,.500,1,2,.500,0,1,1,6,3,2,3,3,12,10.2,Michaela Harrison,https://www.sports-reference.com/cbb/players/michaela-harrison-1.html,mount-st-marys,2019-20
8,39,8,2019-12-08,Mount St. Mary's,,Lehigh,REG (Non-Conf),L 65-66,*,32,5,10,.500,5,10,.500,0,0,,.750,2,2,1.000,1,2,3,0,1,1,6,3,17,7.8,Michaela Harrison,https://www.sports-reference.com/cbb/players/michaela-harrison-1.html,mount-st-marys,2019-20
9,40,9,2019-12-14,Mount St. Mary's,@,Maryland Eastern Shore,REG (Non-Conf),L 76-78,*,35,3,8,.375,1,6,.167,2,2,1.000,.438,1,1,1.000,0,0,0,4,2,0,7,4,8,-0.2,Michaela Harrison,https://www.sports-reference.com/cbb/players/michaela-harrison-1.html,mount-st-marys,2019-20
10,41,10,2019-12-19,Mount St. Mary's,,Hampton,REG (Non-Conf),L 60-68,*,33,2,12,.167,2,8,.250,0,4,.000,.250,0,0,,1,3,4,1,1,0,4,2,6,-3.1,Michaela Harrison,https://www.sports-reference.com/cbb/players/michaela-harrison-1.html,mount-st-marys,2019-20
11,42,11,2019-12-20,Mount St. Mary's,,Richmond,REG (Non-Conf),W 75-67,*,37,4,14,.286,2,7,.286,2,7,.286,.357,4,4,1.000,1,1,2,1,1,0,1,2,14,6.7,Michaela Harrison,https://www.sports-reference.com/cbb/players/michaela-harrison-1.html,mount-st-marys,2019-20
12,43,12,2019-12-21,Mount St. Mary's,@,Old Dominion,REG (Non-Conf),L 34-85,*,31,1,10,.100,1,7,.143,0,3,.000,.150,0,0,,0,0,0,2,0,1,0,0,3,-1.5,Michaela Harrison,https://www.sports-reference.com/cbb/players/michaela-harrison-1.html,mount-st-marys,2019-20
13,44,13,2020-01-02,Mount St. Mary's,,Wagner,REG (Conf),W 78-63,*,33,5,11,.455,3,8,.375,2,3,.667,.591,1,1,1.000,0,1,1,1,2,0,3,3,14,7.1,Michaela Harrison,https://www.sports-reference.com/cbb/players/michaela-harrison-1.html,mount-st-marys,2019-20
14,45,14,2020-01-04,Mount St. Mary's,,LIU,REG (Conf),W 75-57,*,31,9,16,.563,4,9,.444,5,7,.714,.688,3,4,.750,1,2,3,3,3,1,2,2,25,21.3,Michaela Harrison,https://www.sports-reference.com/cbb/players/michaela-harrison-1.html,mount-st-marys,2019-20
15,46,15,2020-01-11,Mount St. Mary's,@,Bryant,REG (Conf),W 76-70,*,30,7,13,.538,2,8,.250,5,5,1.000,.615,2,2,1.000,0,4,4,1,0,1,2,2,18,11.5,Michaela Harrison,https://www.sports-reference.com/cbb/players/michaela-harrison-1.html,mount-st-marys,2019-20
16,47,16,2020-01-13,Mount St. Mary's,@,Merrimack,REG (Conf),L 55-76,*,34,5,16,.313,2,9,.222,3,7,.429,.375,0,0,,1,1,2,1,4,0,3,3,12,4.3,Michaela Harrison,https://www.sports-reference.com/cbb/players/michaela-harrison-1.html,mount-st-marys,2019-20
17,48,17,2020-01-18,Mount St. Mary's,,Central Connecticut State,REG (Conf),W 72-64,*,33,3,8,.375,1,3,.333,2,5,.400,.438,0,0,,0,1,1,3,1,0,3,3,7,1.8,Michaela Harrison,https://www.sports-reference.com/cbb/players/michaela-harrison-1.html,mount-st-marys,2019-20
18,49,18,2020-01-20,Mount St. Mary's,,St. Francis Brooklyn,REG (Conf),W 69-60,*,33,5,15,.333,3,9,.333,2,6,.333,.433,0,2,.000,0,1,1,2,3,0,2,1,13,6.0,Michaela Harrison,https://www.sports-reference.com/cbb/players/michaela-harrison-1.html,mount-st-marys,2019-20
19,50,19,2020-01-25,Mount St. Mary's,,Bryant,REG (Conf),L 67-72,*,32,7,17,.412,6,15,.400,1,2,.500,.588,1,2,.500,1,1,2,0,2,0,3,3,21,10.3,Michaela Harrison,https://www.sports-reference.com/cbb/players/michaela-harrison-1.html,mount-st-marys,2019-20
20,51,20,2020-02-01,Mount St. Mary's,@,Fairleigh Dickinson,REG (Conf),W 69-61,*,27,7,13,.538,4,8,.500,3,5,.600,.692,0,0,,0,1,1,0,1,0,3,2,18,9.2,Michaela Harrison,https://www.sports-reference.com/cbb/players/michaela-harrison-1.html,mount-st-marys,2019-20
21,52,21,2020-02-03,Mount St. Mary's,@,Sacred Heart,REG (Conf),W 67-58,*,25,6,11,.545,2,5,.400,4,6,.667,.636,0,0,,0,1,1,0,0,0,3,4,14,4.4,Michaela Harrison,https://www.sports-reference.com/cbb/players/michaela-harrison-1.html,mount-st-marys,2019-20
22,53,22,2020-02-08,Mount St. Mary's,@,St. Francis Brooklyn,REG (Conf),W 67-62,*,37,4,10,.400,3,8,.375,1,2,.500,.550,1,2,.500,0,3,3,2,2,1,5,0,12,6.2,Michaela Harrison,https://www.sports-reference.com/cbb/players/michaela-harrison-1.html,mount-st-marys,2019-20
23,54,23,2020-02-10,Mount St. Mary's,@,LIU,REG (Conf),W 77-57,*,34,9,17,.529,3,9,.333,6,8,.750,.618,0,0,,0,1,1,5,2,1,3,2,21,15.4,Michaela Harrison,https://www.sports-reference.com/cbb/players/michaela-harrison-1.html,mount-st-marys,2019-20
24,55,24,2020-02-15,Mount St. Mary's,,Saint Francis (PA),REG (Conf),W 68-44,*,26,2,7,.286,2,5,.400,0,2,.000,.429,0,0,,0,3,3,4,1,0,0,2,6,5.8,Michaela Harrison,https://www.sports-reference.com/cbb/players/michaela-harrison-1.html,mount-st-marys,2019-20
25,56,25,2020-02-17,Mount St. Mary's,@,Wagner,REG (Conf),W 67-52,*,38,4,10,.400,2,5,.400,2,5,.400,.500,3,4,.750,0,3,3,5,1,2,2,1,13,11.6,Michaela Harrison,https://www.sports-reference.com/cbb/players/michaela-harrison-1.html,mount-st-marys,2019-20
26,57,26,2020-02-21,Mount St. Mary's,@,Robert Morris,REG (Conf),W 62-59,*,37,1,4,.250,0,3,.000,1,1,1.000,.250,1,1,1.000,0,2,2,2,0,0,2,2,3,-0.2,Michaela Harrison,https://www.sports-reference.com/cbb/players/michaela-harrison-1.html,mount-st-marys,2019-20
27,58,27,2020-02-23,Mount St. Mary's,,Merrimack,REG (Conf),W 62-53,*,37,7,13,.538,3,6,.500,4,7,.571,.654,0,0,,0,2,2,5,4,1,2,3,17,16.3,Michaela Harrison,https://www.sports-reference.com/cbb/players/michaela-harrison-1.html,mount-st-marys,2019-20
28,59,28,2020-02-29,Mount St. Mary's,@,Saint Francis (PA),REG (Conf),W 66-55,*,31,4,8,.500,2,3,.667,2,5,.400,.625,6,9,.667,0,3,3,1,1,0,2,2,16,10.6,Michaela Harrison,https://www.sports-reference.com/cbb/players/michaela-harrison-1.html,mount-st-marys,2019-20
29,60,29,2020-03-02,Mount St. Mary's,,Robert Morris,REG (Conf),L 52-57,*,36,5,15,.333,5,11,.455,0,4,.000,.500,0,0,,0,3,3,2,3,1,3,2,15,8.7,Michaela Harrison,https://www.sports-reference.com/cbb/players/michaela-harrison-1.html,mount-st-marys,2019-20
30,61,30,2020-03-05,Mount St. Mary's,,Fairleigh Dickinson,REG (Conf),L 63-66,*,39,4,14,.286,3,8,.375,1,6,.167,.393,0,0,,1,4,5,5,1,0,0,3,11,8.0,Michaela Harrison,https://www.sports-reference.com/cbb/players/michaela-harrison-1.html,mount-st-marys,2019-20
31,62,31,2020-03-09,Mount St. Mary's,,LIU,CTOURN,W 80-47,*,34,6,15,.400,2,10,.200,4,5,.800,.467,0,0,,1,4,5,2,6,1,3,0,14,12.9,Michaela Harrison,https://www.sports-reference.com/cbb/players/michaela-harrison-1.html,mount-st-marys,2019-20
