ranker,player_game_num_career,team_game_num_season,date,team_name_abbr,game_location,opp_name_abbr,game_type,game_result,is_starter,mp,fg,fga,fg_pct,fg3,fg3a,fg3_pct,fg2,fg2a,fg2_pct,efg_pct,ft,fta,ft_pct,orb,drb,trb,ast,stl,blk,tov,pf,pts,game_score,player_name,player_sr_link,school,season
1,1,1,2019-11-05,Mount St. Mary's,@,Kentucky,REG (Non-Conf),L 44-67,,1,0,0,,0,0,,0,0,,,0,0,,0,0,0,0,0,0,0,0,0,0.0,Mikayla Watkinson,https://www.sports-reference.com/cbb/players/mikayla-watkinson-1.html,mount-st-marys,2019-20
2,2,2,2019-11-07,Mount St. Mary's,@,Indiana,REG (Non-Conf),L 52-75,,3,0,1,.000,0,1,.000,0,0,,.000,0,0,,0,0,0,0,0,0,0,0,0,-0.7,Mikayla Watkinson,https://www.sports-reference.com/cbb/players/mikayla-watkinson-1.html,mount-st-marys,2019-20
3,3,3,2019-11-11,Mount St. Mary's,,Frostburg St.,REG (Non-Conf),W 94-40,,12,0,0,,0,0,,0,0,,,1,4,.250,0,0,0,2,1,0,0,3,1,1.0,Mikayla Watkinson,https://www.sports-reference.com/cbb/players/mikayla-watkinson-1.html,mount-st-marys,2019-20
4,4,6,2019-11-26,Mount St. Mary's,@,Radford,REG (Non-Conf),W 75-58,,1,0,0,,0,0,,0,0,,,0,0,,0,0,0,0,0,0,1,0,0,-1.0,Mikayla Watkinson,https://www.sports-reference.com/cbb/players/mikayla-watkinson-1.html,mount-st-marys,2019-20
5,5,12,2019-12-21,Mount St. Mary's,@,Old Dominion,REG (Non-Conf),L 34-85,,3,0,1,.000,0,1,.000,0,0,,.000,0,0,,0,0,0,0,0,0,0,0,0,-0.7,Mikayla Watkinson,https://www.sports-reference.com/cbb/players/mikayla-watkinson-1.html,mount-st-marys,2019-20
6,6,14,2020-01-04,Mount St. Mary's,,LIU,REG (Conf),W 75-57,,4,1,2,.500,0,1,.000,1,1,1.000,.500,0,0,,0,0,0,0,1,0,0,0,2,2.0,Mikayla Watkinson,https://www.sports-reference.com/cbb/players/mikayla-watkinson-1.html,mount-st-marys,2019-20
7,7,16,2020-01-13,Mount St. Mary's,@,Merrimack,REG (Conf),L 55-76,,2,0,0,,0,0,,0,0,,,0,0,,0,0,0,0,0,0,0,0,0,0.0,Mikayla Watkinson,https://www.sports-reference.com/cbb/players/mikayla-watkinson-1.html,mount-st-marys,2019-20
8,8,23,2020-02-10,Mount St. Mary's,@,LIU,REG (Conf),W 77-57,,1,0,0,,0,0,,0,0,,,0,0,,1,0,1,0,0,0,0,0,0,0.7,Mikayla Watkinson,https://www.sports-reference.com/cbb/players/mikayla-watkinson-1.html,mount-st-marys,2019-20
9,9,24,2020-02-15,Mount St. Mary's,,Saint Francis (PA),REG (Conf),W 68-44,,2,0,0,,0,0,,0,0,,,0,0,,0,0,0,0,0,0,0,0,0,0.0,Mikayla Watkinson,https://www.sports-reference.com/cbb/players/mikayla-watkinson-1.html,mount-st-marys,2019-20
10,10,31,2020-03-09,Mount St. Mary's,,LIU,CTOURN,W 80-47,,2,0,0,,0,0,,0,0,,,0,0,,0,0,0,0,0,0,1,0,0,-1.0,Mikayla Watkinson,https://www.sports-reference.com/cbb/players/mikayla-watkinson-1.html,mount-st-marys,2019-20
