ranker,player_game_num_career,team_game_num_season,date,team_name_abbr,game_location,opp_name_abbr,game_type,game_result,is_starter,mp,fg,fga,fg_pct,fg3,fg3a,fg2,fg2a,fg2_pct,efg_pct,ft,fta,ft_pct,orb,drb,trb,ast,stl,blk,tov,pf,pts,game_score,player_name,player_sr_link,school,season
1,59,1,2019-11-05,Mount St. Mary's,@,Kentucky,REG (Non-Conf),L 44-67,*,22,0,4,.000,0,0,0,4,.000,.000,1,2,.500,0,5,5,1,0,3,4,3,1,-3.1,Rebecca Lee,https://www.sports-reference.com/cbb/players/rebecca-lee-1.html,mount-st-marys,2019-20
2,60,2,2019-11-07,Mount St. Mary's,@,Indiana,REG (Non-Conf),L 52-75,*,14,1,3,.333,0,0,1,3,.333,.333,0,0,,0,1,1,1,0,0,3,1,2,-2.1,Rebecca Lee,https://www.sports-reference.com/cbb/players/rebecca-lee-1.html,mount-st-marys,2019-20
3,61,3,2019-11-11,Mount St. Mary's,,Frostburg St.,REG (Non-Conf),W 94-40,*,12,0,1,.000,0,0,0,1,.000,.000,0,0,,1,3,4,0,0,2,4,3,0,-2.9,Rebecca Lee,https://www.sports-reference.com/cbb/players/rebecca-lee-1.html,mount-st-marys,2019-20
4,62,4,2019-11-16,Mount St. Mary's,@,Towson,REG (Non-Conf),L 57-73,*,15,3,6,.500,0,0,3,6,.500,.500,3,6,.500,3,5,8,1,1,4,3,1,9,9.5,Rebecca Lee,https://www.sports-reference.com/cbb/players/rebecca-lee-1.html,mount-st-marys,2019-20
5,63,5,2019-11-20,Mount St. Mary's,,UMBC,REG (Non-Conf),W 71-61,*,26,5,10,.500,0,0,5,10,.500,.500,2,3,.667,4,4,8,2,2,2,3,2,12,11.6,Rebecca Lee,https://www.sports-reference.com/cbb/players/rebecca-lee-1.html,mount-st-marys,2019-20
6,64,6,2019-11-26,Mount St. Mary's,@,Radford,REG (Non-Conf),W 75-58,*,32,5,9,.556,0,0,5,9,.556,.556,1,1,1.000,3,4,7,3,0,1,4,1,11,8.4,Rebecca Lee,https://www.sports-reference.com/cbb/players/rebecca-lee-1.html,mount-st-marys,2019-20
7,65,7,2019-12-06,Mount St. Mary's,,Loyola (MD),REG (Non-Conf),W 81-75,*,15,3,4,.750,0,0,3,4,.750,.750,2,4,.500,1,1,2,2,1,1,7,1,8,2.3,Rebecca Lee,https://www.sports-reference.com/cbb/players/rebecca-lee-1.html,mount-st-marys,2019-20
8,66,8,2019-12-08,Mount St. Mary's,,Lehigh,REG (Non-Conf),L 65-66,,31,4,7,.571,0,0,4,7,.571,.571,5,6,.833,3,4,7,0,1,1,2,1,13,11.9,Rebecca Lee,https://www.sports-reference.com/cbb/players/rebecca-lee-1.html,mount-st-marys,2019-20
9,67,9,2019-12-14,Mount St. Mary's,@,Maryland Eastern Shore,REG (Non-Conf),L 76-78,*,17,1,6,.167,0,0,1,6,.167,.167,3,4,.750,1,1,2,0,0,0,0,0,5,1.8,Rebecca Lee,https://www.sports-reference.com/cbb/players/rebecca-lee-1.html,mount-st-marys,2019-20
10,68,10,2019-12-19,Mount St. Mary's,,Hampton,REG (Non-Conf),L 60-68,*,13,2,2,1.000,0,0,2,2,1.000,1.000,0,0,,0,0,0,1,0,0,2,2,4,1.3,Rebecca Lee,https://www.sports-reference.com/cbb/players/rebecca-lee-1.html,mount-st-marys,2019-20
11,69,11,2019-12-20,Mount St. Mary's,,Richmond,REG (Non-Conf),W 75-67,*,27,5,7,.714,0,0,5,7,.714,.714,1,1,1.000,2,7,9,0,1,2,2,1,11,11.6,Rebecca Lee,https://www.sports-reference.com/cbb/players/rebecca-lee-1.html,mount-st-marys,2019-20
12,70,12,2019-12-21,Mount St. Mary's,@,Old Dominion,REG (Non-Conf),L 34-85,*,16,1,5,.200,0,0,1,5,.200,.200,5,6,.833,1,3,4,0,0,0,2,3,7,1.9,Rebecca Lee,https://www.sports-reference.com/cbb/players/rebecca-lee-1.html,mount-st-marys,2019-20
13,71,13,2020-01-02,Mount St. Mary's,,Wagner,REG (Conf),W 78-63,*,17,3,3,1.000,0,0,3,3,1.000,1.000,3,4,.750,2,3,5,0,0,0,4,2,9,5.2,Rebecca Lee,https://www.sports-reference.com/cbb/players/rebecca-lee-1.html,mount-st-marys,2019-20
14,72,14,2020-01-04,Mount St. Mary's,,LIU,REG (Conf),W 75-57,*,23,1,4,.250,0,0,1,4,.250,.250,2,4,.500,2,4,6,2,0,2,4,2,4,1.4,Rebecca Lee,https://www.sports-reference.com/cbb/players/rebecca-lee-1.html,mount-st-marys,2019-20
15,73,15,2020-01-11,Mount St. Mary's,@,Bryant,REG (Conf),W 76-70,*,25,6,12,.500,0,0,6,12,.500,.500,5,7,.714,4,5,9,3,0,2,2,3,17,14.8,Rebecca Lee,https://www.sports-reference.com/cbb/players/rebecca-lee-1.html,mount-st-marys,2019-20
16,74,16,2020-01-13,Mount St. Mary's,@,Merrimack,REG (Conf),L 55-76,*,17,5,17,.294,0,0,5,17,.294,.294,1,3,.333,7,1,8,0,0,0,1,3,11,3.3,Rebecca Lee,https://www.sports-reference.com/cbb/players/rebecca-lee-1.html,mount-st-marys,2019-20
17,75,17,2020-01-18,Mount St. Mary's,,Central Connecticut State,REG (Conf),W 72-64,*,14,4,6,.667,0,0,4,6,.667,.667,2,3,.667,1,3,4,1,0,3,5,5,10,4.4,Rebecca Lee,https://www.sports-reference.com/cbb/players/rebecca-lee-1.html,mount-st-marys,2019-20
18,76,18,2020-01-20,Mount St. Mary's,,St. Francis Brooklyn,REG (Conf),W 69-60,*,13,3,3,1.000,0,0,3,3,1.000,1.000,2,2,1.000,1,1,2,1,0,2,1,3,8,8.0,Rebecca Lee,https://www.sports-reference.com/cbb/players/rebecca-lee-1.html,mount-st-marys,2019-20
19,77,19,2020-01-25,Mount St. Mary's,,Bryant,REG (Conf),L 67-72,*,20,3,3,1.000,0,0,3,3,1.000,1.000,1,2,.500,1,4,5,2,0,1,2,3,7,6.5,Rebecca Lee,https://www.sports-reference.com/cbb/players/rebecca-lee-1.html,mount-st-marys,2019-20
20,78,20,2020-02-01,Mount St. Mary's,@,Fairleigh Dickinson,REG (Conf),W 69-61,*,6,0,1,.000,0,0,0,1,.000,.000,1,2,.500,1,2,3,0,0,0,0,1,1,0.8,Rebecca Lee,https://www.sports-reference.com/cbb/players/rebecca-lee-1.html,mount-st-marys,2019-20
21,79,21,2020-02-03,Mount St. Mary's,@,Sacred Heart,REG (Conf),W 67-58,*,25,8,17,.471,0,0,8,17,.471,.471,0,0,,6,4,10,0,1,7,2,1,16,16.2,Rebecca Lee,https://www.sports-reference.com/cbb/players/rebecca-lee-1.html,mount-st-marys,2019-20
22,80,22,2020-02-08,Mount St. Mary's,@,St. Francis Brooklyn,REG (Conf),W 67-62,*,15,5,7,.714,0,0,5,7,.714,.714,0,2,.000,2,1,3,0,0,1,4,3,10,3.5,Rebecca Lee,https://www.sports-reference.com/cbb/players/rebecca-lee-1.html,mount-st-marys,2019-20
23,81,23,2020-02-10,Mount St. Mary's,@,LIU,REG (Conf),W 77-57,*,24,8,10,.800,0,0,8,10,.800,.800,7,8,.875,1,1,2,1,0,2,3,1,23,18.5,Rebecca Lee,https://www.sports-reference.com/cbb/players/rebecca-lee-1.html,mount-st-marys,2019-20
24,82,24,2020-02-15,Mount St. Mary's,,Saint Francis (PA),REG (Conf),W 68-44,*,19,4,6,.667,0,0,4,6,.667,.667,2,3,.667,1,6,7,0,0,0,4,2,10,4.7,Rebecca Lee,https://www.sports-reference.com/cbb/players/rebecca-lee-1.html,mount-st-marys,2019-20
25,83,25,2020-02-17,Mount St. Mary's,@,Wagner,REG (Conf),W 67-52,*,19,6,8,.750,0,0,6,8,.750,.750,1,2,.500,4,4,8,0,0,1,4,2,13,9.3,Rebecca Lee,https://www.sports-reference.com/cbb/players/rebecca-lee-1.html,mount-st-marys,2019-20
26,84,26,2020-02-21,Mount St. Mary's,@,Robert Morris,REG (Conf),W 62-59,*,9,1,2,.500,0,0,1,2,.500,.500,0,0,,0,0,0,0,0,0,3,1,2,-2.4,Rebecca Lee,https://www.sports-reference.com/cbb/players/rebecca-lee-1.html,mount-st-marys,2019-20
27,85,27,2020-02-23,Mount St. Mary's,,Merrimack,REG (Conf),W 62-53,*,17,3,9,.333,0,0,3,9,.333,.333,4,4,1.000,3,4,7,0,0,2,0,2,10,8.8,Rebecca Lee,https://www.sports-reference.com/cbb/players/rebecca-lee-1.html,mount-st-marys,2019-20
28,86,28,2020-02-29,Mount St. Mary's,@,Saint Francis (PA),REG (Conf),W 66-55,*,10,2,4,.500,0,0,2,4,.500,.500,1,2,.500,0,0,0,0,0,1,2,2,5,0.5,Rebecca Lee,https://www.sports-reference.com/cbb/players/rebecca-lee-1.html,mount-st-marys,2019-20
29,87,29,2020-03-02,Mount St. Mary's,,Robert Morris,REG (Conf),L 52-57,*,3,0,1,.000,0,0,0,1,.000,.000,0,0,,0,1,1,0,0,1,1,2,0,-1.5,Rebecca Lee,https://www.sports-reference.com/cbb/players/rebecca-lee-1.html,mount-st-marys,2019-20
30,88,30,2020-03-05,Mount St. Mary's,,Fairleigh Dickinson,REG (Conf),L 63-66,,8,0,2,.000,0,0,0,2,.000,.000,0,0,,0,1,1,0,0,0,1,1,0,-2.5,Rebecca Lee,https://www.sports-reference.com/cbb/players/rebecca-lee-1.html,mount-st-marys,2019-20
31,89,31,2020-03-09,Mount St. Mary's,,LIU,CTOURN,W 80-47,*,19,5,12,.417,0,0,5,12,.417,.417,3,8,.375,3,2,5,0,0,2,0,3,13,7.5,Rebecca Lee,https://www.sports-reference.com/cbb/players/rebecca-lee-1.html,mount-st-marys,2019-20
