ranker,player_game_num_career,team_game_num_season,date,team_name_abbr,game_location,opp_name_abbr,game_type,game_result,is_starter,mp,fg,fga,fg_pct,fg3,fg3a,fg3_pct,fg2,fg2a,fg2_pct,efg_pct,ft,fta,ft_pct,orb,drb,trb,ast,stl,blk,tov,pf,pts,game_score,player_name,player_sr_link,school,season
1,32,1,2019-11-05,Mount St. Mary's,@,Kentucky,REG (Non-Conf),L 44-67,,12,1,2,.500,0,0,,1,2,.500,.500,0,0,,0,2,2,1,1,0,1,1,2,1.9,Taylor Addison,https://www.sports-reference.com/cbb/players/taylor-addison-1.html,mount-st-marys,2019-20
2,33,2,2019-11-07,Mount St. Mary's,@,Indiana,REG (Non-Conf),L 52-75,,18,1,2,.500,0,0,,1,2,.500,.500,2,2,1.000,0,2,2,0,1,0,1,1,4,3.2,Taylor Addison,https://www.sports-reference.com/cbb/players/taylor-addison-1.html,mount-st-marys,2019-20
3,34,3,2019-11-11,Mount St. Mary's,,Frostburg St.,REG (Non-Conf),W 94-40,,13,3,3,1.000,0,0,,3,3,1.000,1.000,3,7,.429,3,3,6,0,3,1,1,0,9,12.2,Taylor Addison,https://www.sports-reference.com/cbb/players/taylor-addison-1.html,mount-st-marys,2019-20
4,35,4,2019-11-16,Mount St. Mary's,@,Towson,REG (Non-Conf),L 57-73,,19,3,5,.600,0,0,,3,5,.600,.600,4,4,1.000,1,4,5,1,1,1,1,2,10,10.2,Taylor Addison,https://www.sports-reference.com/cbb/players/taylor-addison-1.html,mount-st-marys,2019-20
5,36,5,2019-11-20,Mount St. Mary's,,UMBC,REG (Non-Conf),W 71-61,,9,1,3,.333,0,0,,1,3,.333,.333,0,0,,1,0,1,1,0,0,1,1,2,0.3,Taylor Addison,https://www.sports-reference.com/cbb/players/taylor-addison-1.html,mount-st-marys,2019-20
6,37,6,2019-11-26,Mount St. Mary's,@,Radford,REG (Non-Conf),W 75-58,,12,4,4,1.000,0,0,,4,4,1.000,1.000,2,2,1.000,1,0,1,0,2,0,0,1,10,11.1,Taylor Addison,https://www.sports-reference.com/cbb/players/taylor-addison-1.html,mount-st-marys,2019-20
7,38,7,2019-12-06,Mount St. Mary's,,Loyola (MD),REG (Non-Conf),W 81-75,,20,1,2,.500,0,0,,1,2,.500,.500,0,0,,1,2,3,1,2,1,2,4,2,2.1,Taylor Addison,https://www.sports-reference.com/cbb/players/taylor-addison-1.html,mount-st-marys,2019-20
8,39,8,2019-12-08,Mount St. Mary's,,Lehigh,REG (Non-Conf),L 65-66,*,16,1,3,.333,0,0,,1,3,.333,.333,2,2,1.000,0,3,3,0,2,0,1,4,4,2.6,Taylor Addison,https://www.sports-reference.com/cbb/players/taylor-addison-1.html,mount-st-marys,2019-20
9,40,9,2019-12-14,Mount St. Mary's,@,Maryland Eastern Shore,REG (Non-Conf),L 76-78,,32,2,5,.400,0,0,,2,5,.400,.400,1,3,.333,4,3,7,1,1,0,2,4,5,3.3,Taylor Addison,https://www.sports-reference.com/cbb/players/taylor-addison-1.html,mount-st-marys,2019-20
10,41,10,2019-12-19,Mount St. Mary's,,Hampton,REG (Non-Conf),L 60-68,,17,2,3,.667,0,0,,2,3,.667,.667,0,0,,2,1,3,0,0,2,0,0,4,5.8,Taylor Addison,https://www.sports-reference.com/cbb/players/taylor-addison-1.html,mount-st-marys,2019-20
11,42,11,2019-12-20,Mount St. Mary's,,Richmond,REG (Non-Conf),W 75-67,,12,0,1,.000,0,0,,0,1,.000,.000,0,0,,2,2,4,1,1,0,1,2,0,1.2,Taylor Addison,https://www.sports-reference.com/cbb/players/taylor-addison-1.html,mount-st-marys,2019-20
12,43,12,2019-12-21,Mount St. Mary's,@,Old Dominion,REG (Non-Conf),L 34-85,,27,3,7,.429,1,3,.333,2,4,.500,.500,3,4,.750,2,2,4,1,1,0,3,3,10,5.4,Taylor Addison,https://www.sports-reference.com/cbb/players/taylor-addison-1.html,mount-st-marys,2019-20
13,44,13,2020-01-02,Mount St. Mary's,,Wagner,REG (Conf),W 78-63,,23,4,6,.667,0,0,,4,6,.667,.667,0,0,,3,5,8,2,0,1,0,3,8,9.9,Taylor Addison,https://www.sports-reference.com/cbb/players/taylor-addison-1.html,mount-st-marys,2019-20
14,45,14,2020-01-04,Mount St. Mary's,,LIU,REG (Conf),W 75-57,*,21,3,6,.500,0,1,.000,3,5,.600,.500,3,3,1.000,1,2,3,1,2,0,2,2,9,7.2,Taylor Addison,https://www.sports-reference.com/cbb/players/taylor-addison-1.html,mount-st-marys,2019-20
15,46,15,2020-01-11,Mount St. Mary's,@,Bryant,REG (Conf),W 76-70,*,30,4,6,.667,1,1,1.000,3,5,.600,.750,0,0,,1,4,5,2,4,0,1,4,9,11.1,Taylor Addison,https://www.sports-reference.com/cbb/players/taylor-addison-1.html,mount-st-marys,2019-20
16,47,16,2020-01-13,Mount St. Mary's,@,Merrimack,REG (Conf),L 55-76,*,27,1,5,.200,0,0,,1,5,.200,.200,2,2,1.000,6,1,7,3,0,0,2,3,4,4.3,Taylor Addison,https://www.sports-reference.com/cbb/players/taylor-addison-1.html,mount-st-marys,2019-20
17,48,17,2020-01-18,Mount St. Mary's,,Central Connecticut State,REG (Conf),W 72-64,*,24,4,5,.800,1,2,.500,3,3,1.000,.900,3,4,.750,0,1,1,1,1,1,0,2,12,11.6,Taylor Addison,https://www.sports-reference.com/cbb/players/taylor-addison-1.html,mount-st-marys,2019-20
18,49,18,2020-01-20,Mount St. Mary's,,St. Francis Brooklyn,REG (Conf),W 69-60,*,28,5,8,.625,0,1,.000,5,7,.714,.625,0,0,,0,4,4,2,2,0,2,4,10,7.4,Taylor Addison,https://www.sports-reference.com/cbb/players/taylor-addison-1.html,mount-st-marys,2019-20
19,50,19,2020-01-25,Mount St. Mary's,,Bryant,REG (Conf),L 67-72,*,26,1,2,.500,0,0,,1,2,.500,.500,1,1,1.000,2,2,4,2,1,0,1,3,3,4.2,Taylor Addison,https://www.sports-reference.com/cbb/players/taylor-addison-1.html,mount-st-marys,2019-20
20,51,20,2020-02-01,Mount St. Mary's,@,Fairleigh Dickinson,REG (Conf),W 69-61,,23,2,2,1.000,1,1,1.000,1,1,1.000,1.250,4,7,.571,0,3,3,2,1,0,0,3,9,9.3,Taylor Addison,https://www.sports-reference.com/cbb/players/taylor-addison-1.html,mount-st-marys,2019-20
21,52,21,2020-02-03,Mount St. Mary's,@,Sacred Heart,REG (Conf),W 67-58,,22,3,5,.600,0,0,,3,5,.600,.600,0,0,,2,2,4,2,0,0,1,2,6,5.3,Taylor Addison,https://www.sports-reference.com/cbb/players/taylor-addison-1.html,mount-st-marys,2019-20
22,53,22,2020-02-08,Mount St. Mary's,@,St. Francis Brooklyn,REG (Conf),W 67-62,,21,2,5,.400,0,0,,2,5,.400,.400,0,0,,0,2,2,1,0,0,2,2,4,-0.2,Taylor Addison,https://www.sports-reference.com/cbb/players/taylor-addison-1.html,mount-st-marys,2019-20
23,54,23,2020-02-10,Mount St. Mary's,@,LIU,REG (Conf),W 77-57,,21,5,7,.714,0,0,,5,7,.714,.714,0,0,,0,1,1,3,0,0,0,2,10,8.7,Taylor Addison,https://www.sports-reference.com/cbb/players/taylor-addison-1.html,mount-st-marys,2019-20
24,55,24,2020-02-15,Mount St. Mary's,,Saint Francis (PA),REG (Conf),W 68-44,,13,2,5,.400,1,2,.500,1,3,.333,.500,0,0,,1,0,1,1,0,0,2,0,5,1.7,Taylor Addison,https://www.sports-reference.com/cbb/players/taylor-addison-1.html,mount-st-marys,2019-20
25,56,25,2020-02-17,Mount St. Mary's,@,Wagner,REG (Conf),W 67-52,,17,0,4,.000,0,0,,0,4,.000,.000,2,2,1.000,2,1,3,1,4,0,3,2,2,1.8,Taylor Addison,https://www.sports-reference.com/cbb/players/taylor-addison-1.html,mount-st-marys,2019-20
26,57,26,2020-02-21,Mount St. Mary's,@,Robert Morris,REG (Conf),W 62-59,,13,0,0,,0,0,,0,0,,,0,2,.000,0,2,2,2,0,0,2,0,0,-0.8,Taylor Addison,https://www.sports-reference.com/cbb/players/taylor-addison-1.html,mount-st-marys,2019-20
27,58,27,2020-02-23,Mount St. Mary's,,Merrimack,REG (Conf),W 62-53,,24,3,5,.600,0,1,.000,3,4,.750,.600,0,0,,0,3,3,3,1,0,3,1,6,4.3,Taylor Addison,https://www.sports-reference.com/cbb/players/taylor-addison-1.html,mount-st-marys,2019-20
28,59,28,2020-02-29,Mount St. Mary's,@,Saint Francis (PA),REG (Conf),W 66-55,,23,3,4,.750,0,0,,3,4,.750,.750,0,0,,0,4,4,2,0,0,2,4,6,3.4,Taylor Addison,https://www.sports-reference.com/cbb/players/taylor-addison-1.html,mount-st-marys,2019-20
29,60,29,2020-03-02,Mount St. Mary's,,Robert Morris,REG (Conf),L 52-57,,13,0,1,.000,0,1,.000,0,0,,.000,0,2,.000,0,0,0,0,0,0,0,2,0,-2.3,Taylor Addison,https://www.sports-reference.com/cbb/players/taylor-addison-1.html,mount-st-marys,2019-20
