ranker,player_game_num_career,team_game_num_season,date,team_name_abbr,game_location,opp_name_abbr,game_type,game_result,is_starter,mp,fg,fga,fg_pct,fg3,fg3a,fg3_pct,fg2,fg2a,fg2_pct,efg_pct,ft,fta,ft_pct,orb,drb,trb,ast,stl,blk,tov,pf,pts,game_score,player_name,player_sr_link,school,season
1,25,1,2022-11-07,Brown,,Fairfield,REG (Non-Conf),L 52-62,*,38,10,19,.526,0,0,,10,19,.526,.526,1,5,.200,4,1,5,1,0,0,6,2,21,7.1,Kyla Jones,https://www.sports-reference.com/cbb/players/kyla-jones-2.html,brown,2022-23
2,26,2,2022-11-11,Brown,@,Duquesne,REG (Non-Conf),L 69-77,*,36,6,16,.375,1,4,.250,5,12,.417,.406,2,5,.400,1,4,5,4,2,0,5,4,15,5.1,Kyla Jones,https://www.sports-reference.com/cbb/players/kyla-jones-2.html,brown,2022-23
3,27,3,2022-11-13,Brown,@,Wagner,REG (Non-Conf),W 75-62,*,38,13,18,.722,1,4,.250,12,14,.857,.750,5,7,.714,0,1,1,2,3,1,4,1,32,24.8,Kyla Jones,https://www.sports-reference.com/cbb/players/kyla-jones-2.html,brown,2022-23
4,28,4,2022-11-16,Brown,,Sacred Heart,REG (Non-Conf),W 56-35,*,33,7,14,.500,1,1,1.000,6,13,.462,.536,3,5,.600,1,5,6,0,3,0,6,1,18,9.0,Kyla Jones,https://www.sports-reference.com/cbb/players/kyla-jones-2.html,brown,2022-23
5,29,5,2022-11-19,Brown,@,UMass Lowell,REG (Non-Conf),W 67-56,*,37,11,18,.611,0,1,.000,11,17,.647,.611,7,9,.778,3,3,6,1,3,0,6,1,29,20.3,Kyla Jones,https://www.sports-reference.com/cbb/players/kyla-jones-2.html,brown,2022-23
6,30,6,2022-11-25,Brown,,Monmouth,REG (Non-Conf),W 70-69,*,21,1,9,.111,0,1,.000,1,8,.125,.111,2,4,.500,0,2,2,3,0,0,1,4,4,-2.6,Kyla Jones,https://www.sports-reference.com/cbb/players/kyla-jones-2.html,brown,2022-23
7,31,7,2022-11-28,Brown,@,Central Connecticut State,REG (Non-Conf),W 69-46,*,36,8,15,.533,0,0,,8,15,.533,.533,1,2,.500,0,4,4,5,2,0,3,0,17,13.0,Kyla Jones,https://www.sports-reference.com/cbb/players/kyla-jones-2.html,brown,2022-23
8,32,8,2022-11-30,Brown,,Holy Cross,REG (Non-Conf),L 45-60,*,19,2,10,.200,1,3,.333,1,7,.143,.250,0,0,,0,2,2,2,0,0,1,0,5,-0.2,Kyla Jones,https://www.sports-reference.com/cbb/players/kyla-jones-2.html,brown,2022-23
9,33,10,2022-12-07,Brown,@,Providence,REG (Non-Conf),L 44-62,*,18,2,11,.182,0,2,.000,2,9,.222,.182,1,1,1.000,3,0,3,1,0,0,0,1,5,0.5,Kyla Jones,https://www.sports-reference.com/cbb/players/kyla-jones-2.html,brown,2022-23
10,34,13,2022-12-28,Brown,@,Florida Gulf Coast,REG (Non-Conf),L 75-89,*,37,14,19,.737,0,0,,14,19,.737,.737,6,8,.750,0,6,6,1,1,0,6,0,34,23.0,Kyla Jones,https://www.sports-reference.com/cbb/players/kyla-jones-2.html,brown,2022-23
11,35,14,2023-01-02,Brown,@,Pennsylvania,REG (Conf),L 53-74,*,23,5,10,.500,0,1,.000,5,9,.556,.500,0,2,.000,1,1,2,1,1,0,2,0,10,4.9,Kyla Jones,https://www.sports-reference.com/cbb/players/kyla-jones-2.html,brown,2022-23
12,36,15,2023-01-06,Brown,@,Harvard,REG (Conf),L 59-89,*,24,5,13,.385,1,2,.500,4,11,.364,.423,2,4,.500,2,2,4,0,1,0,8,2,13,-0.7,Kyla Jones,https://www.sports-reference.com/cbb/players/kyla-jones-2.html,brown,2022-23
13,37,16,2023-01-07,Brown,@,Dartmouth,REG (Conf),W 66-58,*,36,9,19,.474,1,3,.333,8,16,.500,.500,0,2,.000,2,5,7,5,5,0,3,2,19,16.1,Kyla Jones,https://www.sports-reference.com/cbb/players/kyla-jones-2.html,brown,2022-23
14,38,19,2023-01-21,Brown,@,Columbia,REG (Conf),L 74-94,*,29,9,16,.563,1,2,.500,8,14,.571,.594,3,6,.500,3,4,7,5,0,0,1,3,22,17.8,Kyla Jones,https://www.sports-reference.com/cbb/players/kyla-jones-2.html,brown,2022-23
15,39,20,2023-01-28,Brown,,Cornell,REG (Conf),L 61-66,*,34,2,9,.222,0,0,,2,9,.222,.222,0,0,,0,3,3,3,0,0,3,4,4,-3.1,Kyla Jones,https://www.sports-reference.com/cbb/players/kyla-jones-2.html,brown,2022-23
16,40,21,2023-02-03,Brown,,Dartmouth,REG (Conf),W 82-76,*,32,8,15,.533,0,1,.000,8,14,.571,.533,1,5,.200,4,7,11,4,3,1,6,0,17,13.5,Kyla Jones,https://www.sports-reference.com/cbb/players/kyla-jones-2.html,brown,2022-23
17,41,22,2023-02-04,Brown,,Harvard,REG (Conf),L 61-74,*,29,5,9,.556,0,2,.000,5,7,.714,.556,3,4,.750,1,4,5,1,1,0,3,0,13,8.9,Kyla Jones,https://www.sports-reference.com/cbb/players/kyla-jones-2.html,brown,2022-23
18,42,23,2023-02-11,Brown,@,Cornell,REG (Conf),W 76-48,*,37,8,17,.471,0,1,.000,8,16,.500,.471,4,7,.571,2,2,4,3,2,0,3,2,20,12.4,Kyla Jones,https://www.sports-reference.com/cbb/players/kyla-jones-2.html,brown,2022-23
19,43,24,2023-02-17,Brown,,Princeton,REG (Conf),L 37-80,*,31,4,10,.400,0,0,,4,10,.400,.400,3,4,.750,1,1,2,1,3,0,5,0,11,4.9,Kyla Jones,https://www.sports-reference.com/cbb/players/kyla-jones-2.html,brown,2022-23
20,44,25,2023-02-18,Brown,,Pennsylvania,REG (Conf),W 68-59,*,40,3,11,.273,0,1,.000,3,10,.300,.273,2,4,.500,3,1,4,4,1,1,2,0,8,5.6,Kyla Jones,https://www.sports-reference.com/cbb/players/kyla-jones-2.html,brown,2022-23
21,45,26,2023-02-25,Brown,,Columbia,REG (Conf),L 55-83,*,35,13,20,.650,1,3,.333,12,17,.706,.675,0,0,,0,6,6,1,4,0,3,3,27,20.5,Kyla Jones,https://www.sports-reference.com/cbb/players/kyla-jones-2.html,brown,2022-23
