ranker,player_game_num_career,team_game_num_season,date,team_name_abbr,game_location,opp_name_abbr,game_type,game_result,is_starter,mp,fg,fga,fg_pct,fg3,fg3a,fg3_pct,fg2,fg2a,fg2_pct,efg_pct,ft,fta,ft_pct,orb,drb,trb,ast,stl,blk,tov,pf,pts,game_score,player_name,player_sr_link,school,season
1,58,1,2023-11-07,NC State,,Charlotte,REG (Non-Conf),W 84-43,*,24,7,12,.583,5,8,.625,2,4,.500,.792,7,8,.875,0,5,5,2,2,0,1,2,26,23.1,Aziaha James,https://www.sports-reference.com/cbb/players/aziaha-james-1.html,north-carolina-state,2023-24
2,59,2,2023-11-12,NC State,,Connecticut,REG (Non-Conf),W 92-81,*,22,6,13,.462,3,6,.500,3,7,.429,.577,3,4,.750,0,4,4,2,0,0,1,3,18,11.3,Aziaha James,https://www.sports-reference.com/cbb/players/aziaha-james-1.html,north-carolina-state,2023-24
3,60,3,2023-11-15,NC State,,Elon,REG (Non-Conf),W 90-35,*,23,8,15,.533,2,6,.333,6,9,.667,.600,2,2,1.000,1,4,5,3,1,0,2,3,20,14.5,Aziaha James,https://www.sports-reference.com/cbb/players/aziaha-james-1.html,north-carolina-state,2023-24
4,61,4,2023-11-19,NC State,,Rhode Island,REG (Non-Conf),W 67-58,*,36,5,13,.385,1,2,.500,4,11,.364,.423,6,6,1.000,0,2,2,2,2,0,4,1,17,9.5,Aziaha James,https://www.sports-reference.com/cbb/players/aziaha-james-1.html,north-carolina-state,2023-24
5,62,5,2023-11-23,NC State,N,Kentucky,REG (Non-Conf),W 84-55,*,20,3,6,.500,1,2,.500,2,4,.500,.583,0,0,,1,7,8,5,1,0,4,4,7,5.7,Aziaha James,https://www.sports-reference.com/cbb/players/aziaha-james-1.html,north-carolina-state,2023-24
6,63,6,2023-11-24,NC State,N,Cincinnati,REG (Non-Conf),W 79-45,*,21,5,12,.417,2,7,.286,3,5,.600,.500,1,3,.333,0,1,1,1,0,0,2,0,13,4.8,Aziaha James,https://www.sports-reference.com/cbb/players/aziaha-james-1.html,north-carolina-state,2023-24
7,64,7,2023-11-25,NC State,N,Colorado,REG (Non-Conf),W 78-60,*,29,6,14,.429,1,4,.250,5,10,.500,.464,2,2,1.000,1,5,6,1,0,0,1,0,15,9.5,Aziaha James,https://www.sports-reference.com/cbb/players/aziaha-james-1.html,north-carolina-state,2023-24
8,65,8,2023-11-29,NC State,,Vanderbilt,REG (Non-Conf),W 70-62,*,24,6,10,.600,2,3,.667,4,7,.571,.700,0,3,.000,3,2,5,2,0,0,1,2,14,10.5,Aziaha James,https://www.sports-reference.com/cbb/players/aziaha-james-1.html,north-carolina-state,2023-24
9,66,9,2023-12-03,NC State,,Illinois State,REG (Non-Conf),W 79-61,*,30,6,12,.500,3,8,.375,3,4,.750,.625,1,2,.500,0,3,3,4,1,0,3,0,16,11.3,Aziaha James,https://www.sports-reference.com/cbb/players/aziaha-james-1.html,north-carolina-state,2023-24
10,67,10,2023-12-10,NC State,,Liberty,REG (Non-Conf),W 80-67,*,28,7,17,.412,4,9,.444,3,8,.375,.529,0,2,.000,0,2,2,2,2,0,2,3,18,8.9,Aziaha James,https://www.sports-reference.com/cbb/players/aziaha-james-1.html,north-carolina-state,2023-24
11,68,11,2023-12-16,NC State,@,South Florida,REG (Non-Conf),W 66-54,*,35,6,14,.429,2,7,.286,4,7,.571,.500,2,4,.500,0,6,6,5,0,0,0,3,16,11.9,Aziaha James,https://www.sports-reference.com/cbb/players/aziaha-james-1.html,north-carolina-state,2023-24
12,69,12,2023-12-20,NC State,@,Old Dominion,REG (Non-Conf),W 87-50,*,28,4,15,.267,0,5,.000,4,10,.400,.267,8,10,.800,1,5,6,2,1,0,4,2,16,6.1,Aziaha James,https://www.sports-reference.com/cbb/players/aziaha-james-1.html,north-carolina-state,2023-24
13,70,13,2023-12-31,NC State,@,Virginia,REG (Conf),W 72-61,*,33,3,14,.214,0,4,.000,3,10,.300,.214,0,0,,2,5,7,3,1,0,0,2,6,2.6,Aziaha James,https://www.sports-reference.com/cbb/players/aziaha-james-1.html,north-carolina-state,2023-24
14,71,14,2024-01-04,NC State,,Florida State,REG (Conf),W 88-80 (OT),*,36,8,15,.533,1,3,.333,7,12,.583,.567,1,2,.500,0,3,3,3,0,0,2,2,18,10.5,Aziaha James,https://www.sports-reference.com/cbb/players/aziaha-james-1.html,north-carolina-state,2023-24
15,72,15,2024-01-07,NC State,@,Virginia Tech,REG (Conf),L 62-63,*,19,2,7,.286,0,2,.000,2,5,.400,.286,0,0,,0,2,2,1,0,0,1,4,4,-1.4,Aziaha James,https://www.sports-reference.com/cbb/players/aziaha-james-1.html,north-carolina-state,2023-24
16,73,16,2024-01-11,NC State,,Virginia,REG (Conf),W 93-66,*,28,5,14,.357,2,3,.667,3,11,.273,.429,3,4,.750,0,6,6,4,2,1,2,2,15,11.3,Aziaha James,https://www.sports-reference.com/cbb/players/aziaha-james-1.html,north-carolina-state,2023-24
17,74,17,2024-01-18,NC State,@,Miami (FL),REG (Conf),L 59-73,*,29,2,16,.125,0,6,.000,2,10,.200,.125,2,2,1.000,2,0,2,2,2,0,1,3,6,-1.8,Aziaha James,https://www.sports-reference.com/cbb/players/aziaha-james-1.html,north-carolina-state,2023-24
18,75,18,2024-01-21,NC State,,Duke,REG (Conf),W 72-57,*,40,12,20,.600,3,6,.500,9,14,.643,.675,6,7,.857,1,7,8,2,2,0,2,3,33,26.4,Aziaha James,https://www.sports-reference.com/cbb/players/aziaha-james-1.html,north-carolina-state,2023-24
19,76,19,2024-01-25,NC State,@,Clemson,REG (Conf),W 71-49,*,30,3,17,.176,0,5,.000,3,12,.250,.176,1,2,.500,1,5,6,5,1,0,4,3,7,-2.6,Aziaha James,https://www.sports-reference.com/cbb/players/aziaha-james-1.html,north-carolina-state,2023-24
20,77,20,2024-01-28,NC State,@,Boston College,REG (Conf),W 82-61,*,38,8,21,.381,3,8,.375,5,13,.385,.452,5,6,.833,0,2,2,2,1,0,2,1,24,12.7,Aziaha James,https://www.sports-reference.com/cbb/players/aziaha-james-1.html,north-carolina-state,2023-24
21,78,21,2024-02-01,NC State,,North Carolina,REG (Conf),W 63-59,*,21,4,10,.400,0,5,.000,4,5,.800,.400,2,2,1.000,1,1,2,2,1,0,3,2,10,4.2,Aziaha James,https://www.sports-reference.com/cbb/players/aziaha-james-1.html,north-carolina-state,2023-24
22,79,22,2024-02-05,NC State,,Louisville,REG (Conf),W 77-67,*,40,10,18,.556,4,7,.571,6,11,.545,.667,4,6,.667,3,4,7,3,2,0,2,3,28,22.8,Aziaha James,https://www.sports-reference.com/cbb/players/aziaha-james-1.html,north-carolina-state,2023-24
23,80,23,2024-02-08,NC State,,Virginia Tech,REG (Conf),L 61-72,*,40,7,16,.438,3,6,.500,4,10,.400,.531,0,0,,0,2,2,2,0,1,2,1,17,8.9,Aziaha James,https://www.sports-reference.com/cbb/players/aziaha-james-1.html,north-carolina-state,2023-24
24,81,24,2024-02-11,NC State,@,Pittsburgh,REG (Conf),W 83-47,*,27,2,9,.222,1,4,.250,1,5,.200,.278,0,0,,2,3,5,8,2,0,3,1,5,6.0,Aziaha James,https://www.sports-reference.com/cbb/players/aziaha-james-1.html,north-carolina-state,2023-24
25,82,25,2024-02-15,NC State,@,Notre Dame,REG (Conf),W 59-43,*,40,4,11,.364,1,5,.200,3,6,.500,.409,2,2,1.000,0,4,4,4,0,1,5,3,11,3.4,Aziaha James,https://www.sports-reference.com/cbb/players/aziaha-james-1.html,north-carolina-state,2023-24
26,83,26,2024-02-18,NC State,,Georgia Tech,REG (Conf),W 86-85 (OT),*,42,11,20,.550,2,8,.250,9,12,.750,.600,6,6,1.000,2,5,7,2,3,1,3,3,30,24.2,Aziaha James,https://www.sports-reference.com/cbb/players/aziaha-james-1.html,north-carolina-state,2023-24
27,84,27,2024-02-22,NC State,@,North Carolina,REG (Conf),L 70-80,*,38,10,24,.417,4,13,.308,6,11,.545,.500,0,0,,3,6,9,3,1,0,1,4,24,15.6,Aziaha James,https://www.sports-reference.com/cbb/players/aziaha-james-1.html,north-carolina-state,2023-24
28,85,28,2024-02-25,NC State,@,Duke,REG (Conf),L 58-69,*,27,5,16,.313,3,6,.500,2,10,.200,.406,2,2,1.000,0,2,2,3,2,1,3,2,15,7.4,Aziaha James,https://www.sports-reference.com/cbb/players/aziaha-james-1.html,north-carolina-state,2023-24
29,86,29,2024-02-29,NC State,,Syracuse,REG (Conf),W 75-71 (OT),*,29,3,10,.300,0,3,.000,3,7,.429,.300,2,2,1.000,0,0,0,2,2,0,2,3,8,2.4,Aziaha James,https://www.sports-reference.com/cbb/players/aziaha-james-1.html,north-carolina-state,2023-24
30,87,30,2024-03-03,NC State,,Wake Forest,REG (Conf),W 75-57,*,28,4,12,.333,1,4,.250,3,8,.375,.375,3,3,1.000,1,6,7,1,0,1,3,2,12,5.3,Aziaha James,https://www.sports-reference.com/cbb/players/aziaha-james-1.html,north-carolina-state,2023-24
31,88,31,2024-03-08,NC State,N,Duke,CTOURN,W 54-51,*,39,6,18,.333,1,3,.333,5,15,.333,.361,3,6,.500,0,8,8,2,1,1,7,2,16,2.3,Aziaha James,https://www.sports-reference.com/cbb/players/aziaha-james-1.html,north-carolina-state,2023-24
32,89,32,2024-03-09,NC State,N,Florida State,CTOURN,W 69-43,*,37,10,18,.556,1,7,.143,9,11,.818,.583,2,2,1.000,1,8,9,4,1,0,4,1,23,16.9,Aziaha James,https://www.sports-reference.com/cbb/players/aziaha-james-1.html,north-carolina-state,2023-24
33,90,33,2024-03-10,NC State,N,Notre Dame,CTOURN,L 51-55,*,40,5,16,.313,0,6,.000,5,10,.500,.313,2,2,1.000,3,3,6,5,1,0,1,4,12,7.7,Aziaha James,https://www.sports-reference.com/cbb/players/aziaha-james-1.html,north-carolina-state,2023-24
34,91,34,2024-03-23,NC State,,Chattanooga,ROUND-64,W 64-45,*,33,6,12,.500,5,10,.500,1,2,.500,.708,2,2,1.000,0,2,2,0,0,0,1,0,19,12.6,Aziaha James,https://www.sports-reference.com/cbb/players/aziaha-james-1.html,north-carolina-state,2023-24
35,92,35,2024-03-25,NC State,,Tennessee,ROUND-32,W 79-72,*,40,9,20,.450,1,4,.250,8,16,.500,.475,3,3,1.000,0,3,3,7,2,0,0,3,22,18.2,Aziaha James,https://www.sports-reference.com/cbb/players/aziaha-james-1.html,north-carolina-state,2023-24
36,93,36,2024-03-29,NC State,N,Stanford,ROUND-16,W 77-67,*,35,8,14,.571,3,5,.600,5,9,.556,.679,10,11,.909,0,3,3,5,1,0,2,1,29,25.0,Aziaha James,https://www.sports-reference.com/cbb/players/aziaha-james-1.html,north-carolina-state,2023-24
37,94,37,2024-03-31,NC State,N,Texas,ROUND-8,W 76-66,*,40,9,17,.529,7,9,.778,2,8,.250,.735,2,4,.500,1,5,6,4,0,1,0,1,27,23.2,Aziaha James,https://www.sports-reference.com/cbb/players/aziaha-james-1.html,north-carolina-state,2023-24
38,95,38,2024-04-05,NC State,N,South Carolina,NATIONAL-SEMI,L 59-78,*,39,6,17,.353,3,10,.300,3,7,.429,.441,5,6,.833,0,2,2,0,1,0,3,2,20,7.9,Aziaha James,https://www.sports-reference.com/cbb/players/aziaha-james-1.html,north-carolina-state,2023-24
