ranker,player_game_num_career,team_game_num_season,date,team_name_abbr,game_location,opp_name_abbr,game_type,game_result,is_starter,mp,fg,fga,fg_pct,fg3,fg3a,fg3_pct,fg2,fg2a,fg2_pct,efg_pct,ft,fta,ft_pct,orb,drb,trb,ast,stl,blk,tov,pf,pts,game_score,player_name,player_sr_link,school,season
1,52,5,2023-11-23,NC State,N,Kentucky,REG (Non-Conf),W 84-55,,10,0,3,.000,0,2,.000,0,1,.000,.000,0,0,,1,2,3,0,0,0,0,0,0,-0.8,Katie Peneueta,https://www.sports-reference.com/cbb/players/katie-peneueta-1.html,north-carolina-state,2023-24
2,53,6,2023-11-24,NC State,N,Cincinnati,REG (Non-Conf),W 79-45,,7,0,2,.000,0,2,.000,0,0,,.000,0,0,,0,0,0,0,0,0,0,2,0,-2.2,Katie Peneueta,https://www.sports-reference.com/cbb/players/katie-peneueta-1.html,north-carolina-state,2023-24
3,54,7,2023-11-25,NC State,N,Colorado,REG (Non-Conf),W 78-60,,1,0,0,,0,0,,0,0,,,0,0,,0,0,0,0,0,0,0,0,0,0.0,Katie Peneueta,https://www.sports-reference.com/cbb/players/katie-peneueta-1.html,north-carolina-state,2023-24
4,55,9,2023-12-03,NC State,,Illinois State,REG (Non-Conf),W 79-61,,4,0,1,.000,0,1,.000,0,0,,.000,0,0,,0,0,0,1,0,0,0,1,0,-0.4,Katie Peneueta,https://www.sports-reference.com/cbb/players/katie-peneueta-1.html,north-carolina-state,2023-24
5,56,12,2023-12-20,NC State,@,Old Dominion,REG (Non-Conf),W 87-50,,5,1,2,.500,1,1,1.000,0,1,.000,.750,0,0,,0,0,0,1,0,0,0,1,3,2.3,Katie Peneueta,https://www.sports-reference.com/cbb/players/katie-peneueta-1.html,north-carolina-state,2023-24
6,57,16,2024-01-11,NC State,,Virginia,REG (Conf),W 93-66,,5,0,0,,0,0,,0,0,,,1,2,.500,0,0,0,0,0,0,0,1,1,0.2,Katie Peneueta,https://www.sports-reference.com/cbb/players/katie-peneueta-1.html,north-carolina-state,2023-24
7,58,24,2024-02-11,NC State,@,Pittsburgh,REG (Conf),W 83-47,,6,2,3,.667,2,3,.667,0,0,,1.000,0,0,,1,0,1,1,0,0,0,1,6,5.7,Katie Peneueta,https://www.sports-reference.com/cbb/players/katie-peneueta-1.html,north-carolina-state,2023-24
8,59,34,2024-03-23,NC State,,Chattanooga,ROUND-64,W 64-45,,1,0,1,.000,0,1,.000,0,0,,.000,0,0,,0,0,0,0,0,0,0,0,0,-0.7,Katie Peneueta,https://www.sports-reference.com/cbb/players/katie-peneueta-1.html,north-carolina-state,2023-24
