ranker,player_game_num_career,team_game_num_season,date,team_name_abbr,game_location,opp_name_abbr,game_type,game_result,is_starter,mp,fg,fga,fg_pct,fg3,fg3a,fg3_pct,fg2,fg2a,fg2_pct,efg_pct,ft,fta,ft_pct,orb,drb,trb,ast,stl,blk,tov,pf,pts,game_score,player_name,player_sr_link,school,season
1,30,1,2020-11-25,Texas Tech,,Texas–Rio Grande Valley,REG (Non-Conf),W 89-56,*,24,6,7,.857,1,1,1.000,5,6,.833,.929,5,9,.556,1,5,6,4,0,0,1,1,18,17.5,Alexis Tucker,https://www.sports-reference.com/cbb/players/alexis-tucker-1.html,texas-tech,2020-21
2,31,2,2020-11-28,Texas Tech,,Houston Baptist,REG (Non-Conf),W 68-51,*,30,5,9,.556,0,0,,5,9,.556,.556,2,2,1.000,3,5,8,1,2,0,2,2,12,11.2,Alexis Tucker,https://www.sports-reference.com/cbb/players/alexis-tucker-1.html,texas-tech,2020-21
3,32,3,2020-12-05,Texas Tech,,Rice,REG (Non-Conf),L 62-81,*,21,4,11,.364,1,2,.500,3,9,.333,.409,3,3,1.000,8,1,9,2,1,0,1,3,12,12.0,Alexis Tucker,https://www.sports-reference.com/cbb/players/alexis-tucker-1.html,texas-tech,2020-21
4,33,4,2020-12-09,Texas Tech,,Angelo St.,REG (Non-Conf),W 87-42,*,25,3,9,.333,1,1,1.000,2,8,.250,.389,0,0,,2,4,6,3,0,0,1,2,7,4.8,Alexis Tucker,https://www.sports-reference.com/cbb/players/alexis-tucker-1.html,texas-tech,2020-21
5,34,5,2020-12-14,Texas Tech,@,Baylor,REG (Conf),L 45-91,*,24,2,5,.400,0,0,,2,5,.400,.400,2,4,.500,1,4,5,2,1,0,3,3,6,2.6,Alexis Tucker,https://www.sports-reference.com/cbb/players/alexis-tucker-1.html,texas-tech,2020-21
6,35,6,2020-12-19,Texas Tech,,TCU,REG (Conf),W 78-72,*,29,5,10,.500,2,3,.667,3,7,.429,.600,0,2,.000,1,3,4,1,2,0,1,4,12,7.9,Alexis Tucker,https://www.sports-reference.com/cbb/players/alexis-tucker-1.html,texas-tech,2020-21
7,36,7,2020-12-21,Texas Tech,,Southern,REG (Non-Conf),W 79-60,*,25,2,3,.667,0,0,,2,3,.667,.667,2,2,1.000,1,2,3,3,0,0,4,2,6,3.3,Alexis Tucker,https://www.sports-reference.com/cbb/players/alexis-tucker-1.html,texas-tech,2020-21
8,37,8,2020-12-29,Texas Tech,,Incarnate Word,REG (Non-Conf),W 100-47,*,29,2,2,1.000,0,0,,2,2,1.000,1.000,6,6,1.000,0,10,10,3,1,0,1,0,10,14.5,Alexis Tucker,https://www.sports-reference.com/cbb/players/alexis-tucker-1.html,texas-tech,2020-21
9,38,9,2021-01-02,Texas Tech,@,Oklahoma State,REG (Conf),L 48-75,*,22,1,3,.333,0,1,.000,1,2,.500,.333,0,0,,1,2,3,1,0,0,2,0,2,0.3,Alexis Tucker,https://www.sports-reference.com/cbb/players/alexis-tucker-1.html,texas-tech,2020-21
10,39,10,2021-01-06,Texas Tech,,Oklahoma,REG (Conf),L 74-75,,19,3,4,.750,1,2,.500,2,2,1.000,.875,0,0,,0,4,4,1,1,0,1,2,7,6.5,Alexis Tucker,https://www.sports-reference.com/cbb/players/alexis-tucker-1.html,texas-tech,2020-21
11,40,11,2021-01-10,Texas Tech,,Iowa State,REG (Conf),L 72-99,,20,2,5,.400,0,1,.000,2,4,.500,.400,1,1,1.000,0,3,3,1,1,0,0,1,5,4.5,Alexis Tucker,https://www.sports-reference.com/cbb/players/alexis-tucker-1.html,texas-tech,2020-21
12,41,12,2021-01-13,Texas Tech,@,West Virginia,REG (Conf),L 78-83,,8,1,1,1.000,0,0,,1,1,1.000,1.000,3,3,1.000,0,0,0,0,0,0,0,3,5,3.5,Alexis Tucker,https://www.sports-reference.com/cbb/players/alexis-tucker-1.html,texas-tech,2020-21
13,42,13,2021-01-17,Texas Tech,,Texas,REG (Conf),W 74-66,,27,3,7,.429,0,1,.000,3,6,.500,.429,0,0,,1,5,6,0,2,0,1,2,6,4.7,Alexis Tucker,https://www.sports-reference.com/cbb/players/alexis-tucker-1.html,texas-tech,2020-21
14,43,14,2021-01-20,Texas Tech,@,Kansas,REG (Conf),W 75-65,,20,8,11,.727,1,1,1.000,7,10,.700,.773,0,0,,3,2,5,0,2,0,1,3,17,15.0,Alexis Tucker,https://www.sports-reference.com/cbb/players/alexis-tucker-1.html,texas-tech,2020-21
15,44,15,2021-01-23,Texas Tech,@,TCU,REG (Conf),L 53-61,,22,0,5,.000,0,2,.000,0,3,.000,.000,0,2,.000,0,5,5,1,0,0,0,2,0,-2.9,Alexis Tucker,https://www.sports-reference.com/cbb/players/alexis-tucker-1.html,texas-tech,2020-21
16,45,16,2021-01-27,Texas Tech,,West Virginia,REG (Conf),L 53-73,,12,1,5,.200,0,0,,1,5,.200,.200,0,0,,1,2,3,1,0,0,2,0,2,-1.1,Alexis Tucker,https://www.sports-reference.com/cbb/players/alexis-tucker-1.html,texas-tech,2020-21
17,46,17,2021-01-30,Texas Tech,@,Texas,REG (Conf),L 53-72,,11,1,3,.333,0,0,,1,3,.333,.333,0,0,,0,0,0,1,0,0,0,0,2,1.0,Alexis Tucker,https://www.sports-reference.com/cbb/players/alexis-tucker-1.html,texas-tech,2020-21
18,47,18,2021-02-03,Texas Tech,,Kansas State,REG (Conf),W 83-75 (OT),,7,0,0,,0,0,,0,0,,,2,2,1.000,0,0,0,0,0,0,0,0,2,2.0,Alexis Tucker,https://www.sports-reference.com/cbb/players/alexis-tucker-1.html,texas-tech,2020-21
19,48,19,2021-02-06,Texas Tech,@,Iowa State,REG (Conf),L 73-92,,18,2,5,.400,0,1,.000,2,4,.500,.400,0,0,,1,2,3,0,0,1,2,1,4,0.9,Alexis Tucker,https://www.sports-reference.com/cbb/players/alexis-tucker-1.html,texas-tech,2020-21
20,49,20,2021-02-10,Texas Tech,,Baylor,REG (Conf),L 50-82,,11,2,5,.400,0,0,,2,5,.400,.400,2,2,1.000,0,1,1,0,0,0,0,0,6,3.6,Alexis Tucker,https://www.sports-reference.com/cbb/players/alexis-tucker-1.html,texas-tech,2020-21
21,50,21,2021-02-13,Texas Tech,,Oklahoma State,REG (Conf),L 66-81,,5,1,1,1.000,0,0,,1,1,1.000,1.000,0,0,,0,0,0,0,0,0,0,0,2,1.7,Alexis Tucker,https://www.sports-reference.com/cbb/players/alexis-tucker-1.html,texas-tech,2020-21
22,51,22,2021-02-20,Texas Tech,,Kansas,REG (Conf),W 99-98 (OT),,16,1,5,.200,0,0,,1,5,.200,.200,5,8,.625,1,0,1,0,1,0,0,3,7,3.2,Alexis Tucker,https://www.sports-reference.com/cbb/players/alexis-tucker-1.html,texas-tech,2020-21
23,52,23,2021-02-24,Texas Tech,@,Kansas State,REG (Conf),L 79-86,,11,3,3,1.000,0,0,,3,3,1.000,1.000,0,0,,2,2,4,2,0,0,0,0,6,8.5,Alexis Tucker,https://www.sports-reference.com/cbb/players/alexis-tucker-1.html,texas-tech,2020-21
24,53,24,2021-03-01,Texas Tech,@,Oklahoma,REG (Conf),L 79-88,,22,3,3,1.000,0,0,,3,3,1.000,1.000,0,0,,0,4,4,2,0,0,0,0,6,7.7,Alexis Tucker,https://www.sports-reference.com/cbb/players/alexis-tucker-1.html,texas-tech,2020-21
25,54,25,2021-03-11,Texas Tech,,Kansas State,CTOURN,L 65-75,,13,2,6,.333,0,1,.000,2,5,.400,.333,0,0,,3,2,5,1,0,0,1,1,4,2.6,Alexis Tucker,https://www.sports-reference.com/cbb/players/alexis-tucker-1.html,texas-tech,2020-21
