ranker,player_game_num_career,team_game_num_season,date,team_name_abbr,game_location,opp_name_abbr,game_type,game_result,is_starter,mp,fg,fga,fg_pct,fg3,fg3a,fg3_pct,fg2,fg2a,fg2_pct,efg_pct,ft,fta,ft_pct,orb,drb,trb,ast,stl,blk,tov,pf,pts,game_score,player_name,player_sr_link,school,season
1,52,1,2020-11-25,Texas Tech,,Texas–Rio Grande Valley,REG (Non-Conf),W 89-56,*,29,0,4,.000,0,3,.000,0,1,.000,.000,2,2,1.000,1,5,6,3,1,2,1,2,2,4.1,Bryn Gerlich,https://www.sports-reference.com/cbb/players/bryn-gerlich-1.html,texas-tech,2020-21
2,53,2,2020-11-28,Texas Tech,,Houston Baptist,REG (Non-Conf),W 68-51,*,28,3,4,.750,0,0,,3,4,.750,.750,1,2,.500,2,3,5,0,2,3,1,1,7,10.0,Bryn Gerlich,https://www.sports-reference.com/cbb/players/bryn-gerlich-1.html,texas-tech,2020-21
3,54,3,2020-12-05,Texas Tech,,Rice,REG (Non-Conf),L 62-81,*,14,1,4,.250,0,2,.000,1,2,.500,.250,0,0,,0,1,1,0,2,0,2,4,2,-1.7,Bryn Gerlich,https://www.sports-reference.com/cbb/players/bryn-gerlich-1.html,texas-tech,2020-21
4,55,4,2020-12-09,Texas Tech,,Angelo St.,REG (Non-Conf),W 87-42,,19,2,5,.400,0,1,.000,2,4,.500,.400,0,0,,1,1,2,8,1,1,0,0,4,9.6,Bryn Gerlich,https://www.sports-reference.com/cbb/players/bryn-gerlich-1.html,texas-tech,2020-21
5,56,5,2020-12-14,Texas Tech,@,Baylor,REG (Conf),L 45-91,*,30,1,8,.125,0,4,.000,1,4,.250,.125,0,0,,0,3,3,3,3,0,2,4,2,-0.8,Bryn Gerlich,https://www.sports-reference.com/cbb/players/bryn-gerlich-1.html,texas-tech,2020-21
6,57,6,2020-12-19,Texas Tech,,TCU,REG (Conf),W 78-72,*,28,2,5,.400,0,1,.000,2,4,.500,.400,3,4,.750,0,3,3,3,0,2,1,2,7,6.5,Bryn Gerlich,https://www.sports-reference.com/cbb/players/bryn-gerlich-1.html,texas-tech,2020-21
7,58,7,2020-12-21,Texas Tech,,Southern,REG (Non-Conf),W 79-60,*,32,0,2,.000,0,1,.000,0,1,.000,.000,0,0,,0,3,3,8,0,1,3,2,0,2.0,Bryn Gerlich,https://www.sports-reference.com/cbb/players/bryn-gerlich-1.html,texas-tech,2020-21
8,59,8,2020-12-29,Texas Tech,,Incarnate Word,REG (Non-Conf),W 100-47,*,28,2,4,.500,2,2,1.000,0,2,.000,.750,0,0,,0,4,4,0,1,0,3,1,6,2.8,Bryn Gerlich,https://www.sports-reference.com/cbb/players/bryn-gerlich-1.html,texas-tech,2020-21
9,60,9,2021-01-02,Texas Tech,@,Oklahoma State,REG (Conf),L 48-75,*,27,1,8,.125,1,2,.500,0,6,.000,.188,0,0,,2,4,6,2,0,0,4,1,3,-2.6,Bryn Gerlich,https://www.sports-reference.com/cbb/players/bryn-gerlich-1.html,texas-tech,2020-21
10,61,10,2021-01-06,Texas Tech,,Oklahoma,REG (Conf),L 74-75,*,17,1,3,.333,0,0,,1,3,.333,.333,0,0,,2,2,4,2,0,0,3,2,2,-0.1,Bryn Gerlich,https://www.sports-reference.com/cbb/players/bryn-gerlich-1.html,texas-tech,2020-21
11,62,11,2021-01-10,Texas Tech,,Iowa State,REG (Conf),L 72-99,*,26,3,11,.273,1,2,.500,2,9,.222,.318,2,2,1.000,2,3,5,2,0,0,2,0,9,4.2,Bryn Gerlich,https://www.sports-reference.com/cbb/players/bryn-gerlich-1.html,texas-tech,2020-21
12,63,12,2021-01-13,Texas Tech,@,West Virginia,REG (Conf),L 78-83,*,34,1,5,.200,1,2,.500,0,3,.000,.300,0,0,,0,2,2,5,2,0,1,1,3,4.6,Bryn Gerlich,https://www.sports-reference.com/cbb/players/bryn-gerlich-1.html,texas-tech,2020-21
13,64,13,2021-01-17,Texas Tech,,Texas,REG (Conf),W 74-66,,23,0,5,.000,0,2,.000,0,3,.000,.000,0,0,,0,2,2,2,2,0,1,4,0,-2.1,Bryn Gerlich,https://www.sports-reference.com/cbb/players/bryn-gerlich-1.html,texas-tech,2020-21
14,65,14,2021-01-20,Texas Tech,@,Kansas,REG (Conf),W 75-65,,23,2,6,.333,1,4,.250,1,2,.500,.417,0,0,,0,3,3,5,0,1,1,1,5,5.3,Bryn Gerlich,https://www.sports-reference.com/cbb/players/bryn-gerlich-1.html,texas-tech,2020-21
15,66,15,2021-01-23,Texas Tech,@,TCU,REG (Conf),L 53-61,,20,1,7,.143,0,4,.000,1,3,.333,.143,0,0,,0,0,0,3,0,0,0,0,2,-0.4,Bryn Gerlich,https://www.sports-reference.com/cbb/players/bryn-gerlich-1.html,texas-tech,2020-21
16,67,16,2021-01-27,Texas Tech,,West Virginia,REG (Conf),L 53-73,,28,2,6,.333,2,3,.667,0,3,.000,.500,0,0,,0,1,1,1,0,0,4,0,6,-0.4,Bryn Gerlich,https://www.sports-reference.com/cbb/players/bryn-gerlich-1.html,texas-tech,2020-21
17,68,17,2021-01-30,Texas Tech,@,Texas,REG (Conf),L 53-72,,23,2,4,.500,1,3,.333,1,1,1.000,.625,0,0,,0,2,2,2,0,0,5,3,5,-1.2,Bryn Gerlich,https://www.sports-reference.com/cbb/players/bryn-gerlich-1.html,texas-tech,2020-21
18,69,18,2021-02-03,Texas Tech,,Kansas State,REG (Conf),W 83-75 (OT),,35,1,4,.250,0,3,.000,1,1,1.000,.250,2,2,1.000,0,3,3,6,1,0,3,0,4,4.7,Bryn Gerlich,https://www.sports-reference.com/cbb/players/bryn-gerlich-1.html,texas-tech,2020-21
19,70,19,2021-02-06,Texas Tech,@,Iowa State,REG (Conf),L 73-92,,28,4,10,.400,1,5,.200,3,5,.600,.450,1,2,.500,0,3,3,3,1,0,0,1,10,7.8,Bryn Gerlich,https://www.sports-reference.com/cbb/players/bryn-gerlich-1.html,texas-tech,2020-21
20,71,20,2021-02-10,Texas Tech,,Baylor,REG (Conf),L 50-82,,22,2,3,.667,0,1,.000,2,2,1.000,.667,2,2,1.000,0,2,2,1,0,0,3,0,6,3.0,Bryn Gerlich,https://www.sports-reference.com/cbb/players/bryn-gerlich-1.html,texas-tech,2020-21
21,72,21,2021-02-13,Texas Tech,,Oklahoma State,REG (Conf),L 66-81,,27,4,7,.571,2,4,.500,2,3,.667,.714,0,0,,0,1,1,3,0,1,1,1,10,8.4,Bryn Gerlich,https://www.sports-reference.com/cbb/players/bryn-gerlich-1.html,texas-tech,2020-21
22,73,22,2021-02-20,Texas Tech,,Kansas,REG (Conf),W 99-98 (OT),,37,5,7,.714,2,2,1.000,3,5,.600,.857,0,0,,0,2,2,6,4,1,4,2,12,13.8,Bryn Gerlich,https://www.sports-reference.com/cbb/players/bryn-gerlich-1.html,texas-tech,2020-21
23,74,23,2021-02-24,Texas Tech,@,Kansas State,REG (Conf),L 79-86,,28,0,2,.000,0,2,.000,0,0,,.000,1,2,.500,1,3,4,5,0,0,3,3,1,0.1,Bryn Gerlich,https://www.sports-reference.com/cbb/players/bryn-gerlich-1.html,texas-tech,2020-21
24,75,24,2021-03-01,Texas Tech,@,Oklahoma,REG (Conf),L 79-88,,25,2,4,.500,1,2,.500,1,2,.500,.625,0,0,,2,3,5,6,0,0,2,3,5,6.3,Bryn Gerlich,https://www.sports-reference.com/cbb/players/bryn-gerlich-1.html,texas-tech,2020-21
25,76,25,2021-03-11,Texas Tech,,Kansas State,CTOURN,L 65-75,,28,5,9,.556,3,5,.600,2,4,.500,.722,0,0,,0,6,6,8,1,1,0,1,13,17.4,Bryn Gerlich,https://www.sports-reference.com/cbb/players/bryn-gerlich-1.html,texas-tech,2020-21
