ranker,player_game_num_career,team_game_num_season,date,team_name_abbr,game_location,opp_name_abbr,game_type,game_result,is_starter,mp,fg,fga,fg_pct,fg3,fg3a,fg3_pct,fg2,fg2a,fg2_pct,efg_pct,ft,fta,ft_pct,orb,drb,trb,ast,stl,blk,tov,pf,pts,game_score,player_name,player_sr_link,school,season
1,61,1,2020-11-25,Texas Tech,,Texas–Rio Grande Valley,REG (Non-Conf),W 89-56,*,33,5,10,.500,2,5,.400,3,5,.600,.600,3,3,1.000,0,7,7,4,2,0,1,1,15,15.5,Chrislyn Carr,https://www.sports-reference.com/cbb/players/chrislyn-carr-1.html,texas-tech,2020-21
2,62,2,2020-11-28,Texas Tech,,Houston Baptist,REG (Non-Conf),W 68-51,*,34,2,7,.286,1,1,1.000,1,6,.167,.357,3,4,.750,0,10,10,3,1,0,4,2,8,4.8,Chrislyn Carr,https://www.sports-reference.com/cbb/players/chrislyn-carr-1.html,texas-tech,2020-21
3,63,3,2020-12-05,Texas Tech,,Rice,REG (Non-Conf),L 62-81,*,37,6,13,.462,4,8,.500,2,5,.400,.615,2,2,1.000,0,4,4,4,0,0,5,2,18,9.5,Chrislyn Carr,https://www.sports-reference.com/cbb/players/chrislyn-carr-1.html,texas-tech,2020-21
4,64,4,2020-12-09,Texas Tech,,Angelo St.,REG (Non-Conf),W 87-42,*,22,0,4,.000,0,1,.000,0,3,.000,.000,0,0,,0,7,7,1,0,0,0,1,0,-0.4,Chrislyn Carr,https://www.sports-reference.com/cbb/players/chrislyn-carr-1.html,texas-tech,2020-21
5,65,5,2020-12-14,Texas Tech,@,Baylor,REG (Conf),L 45-91,*,34,3,8,.375,1,3,.333,2,5,.400,.438,0,0,,1,3,4,1,1,0,4,3,7,0.7,Chrislyn Carr,https://www.sports-reference.com/cbb/players/chrislyn-carr-1.html,texas-tech,2020-21
