ranker,player_game_num_career,team_game_num_season,date,team_name_abbr,game_location,opp_name_abbr,game_type,game_result,is_starter,mp,fg,fga,fg_pct,fg3,fg3a,fg2,fg2a,fg2_pct,efg_pct,ft,fta,ft_pct,orb,drb,trb,ast,stl,blk,tov,pf,pts,game_score,player_name,player_sr_link,school,season
1,1,4,2020-12-09,Texas Tech,,Angelo St.,REG (Non-Conf),W 87-42,,14,2,3,.667,0,0,2,3,.667,.667,2,4,.500,2,2,4,0,0,1,0,0,6,6.6,Daija Powell,https://www.sports-reference.com/cbb/players/daija-powell-1.html,texas-tech,2020-21
2,2,5,2020-12-14,Texas Tech,@,Baylor,REG (Conf),L 45-91,,8,0,2,.000,0,0,0,2,.000,.000,0,0,,1,0,1,0,0,0,0,0,0,-0.7,Daija Powell,https://www.sports-reference.com/cbb/players/daija-powell-1.html,texas-tech,2020-21
3,3,6,2020-12-19,Texas Tech,,TCU,REG (Conf),W 78-72,,4,1,1,1.000,0,0,1,1,1.000,1.000,0,0,,0,0,0,0,0,0,1,0,2,0.7,Daija Powell,https://www.sports-reference.com/cbb/players/daija-powell-1.html,texas-tech,2020-21
4,4,7,2020-12-21,Texas Tech,,Southern,REG (Non-Conf),W 79-60,,7,0,0,,0,0,0,0,,,0,0,,0,1,1,1,0,0,1,3,0,-1.2,Daija Powell,https://www.sports-reference.com/cbb/players/daija-powell-1.html,texas-tech,2020-21
5,5,8,2020-12-29,Texas Tech,,Incarnate Word,REG (Non-Conf),W 100-47,,11,1,2,.500,0,0,1,2,.500,.500,0,1,.000,3,2,5,0,0,2,1,1,2,3.3,Daija Powell,https://www.sports-reference.com/cbb/players/daija-powell-1.html,texas-tech,2020-21
6,6,9,2021-01-02,Texas Tech,@,Oklahoma State,REG (Conf),L 48-75,,4,1,1,1.000,0,0,1,1,1.000,1.000,0,0,,1,0,1,0,0,0,0,0,2,2.4,Daija Powell,https://www.sports-reference.com/cbb/players/daija-powell-1.html,texas-tech,2020-21
7,7,10,2021-01-06,Texas Tech,,Oklahoma,REG (Conf),L 74-75,,3,0,1,.000,0,0,0,1,.000,.000,0,0,,0,1,1,0,0,0,0,2,0,-1.2,Daija Powell,https://www.sports-reference.com/cbb/players/daija-powell-1.html,texas-tech,2020-21
8,8,11,2021-01-10,Texas Tech,,Iowa State,REG (Conf),L 72-99,,4,0,0,,0,0,0,0,,,0,0,,0,0,0,1,0,0,0,2,0,-0.1,Daija Powell,https://www.sports-reference.com/cbb/players/daija-powell-1.html,texas-tech,2020-21
9,9,13,2021-01-17,Texas Tech,,Texas,REG (Conf),W 74-66,,3,1,1,1.000,0,0,1,1,1.000,1.000,1,1,1.000,0,0,0,0,0,0,0,0,3,2.7,Daija Powell,https://www.sports-reference.com/cbb/players/daija-powell-1.html,texas-tech,2020-21
10,10,14,2021-01-20,Texas Tech,@,Kansas,REG (Conf),W 75-65,,2,0,0,,0,0,0,0,,,0,0,,0,0,0,0,1,0,1,1,0,-0.4,Daija Powell,https://www.sports-reference.com/cbb/players/daija-powell-1.html,texas-tech,2020-21
11,11,15,2021-01-23,Texas Tech,@,TCU,REG (Conf),L 53-61,,13,3,3,1.000,0,0,3,3,1.000,1.000,0,2,.000,0,1,1,0,1,1,0,3,6,5.1,Daija Powell,https://www.sports-reference.com/cbb/players/daija-powell-1.html,texas-tech,2020-21
12,12,16,2021-01-27,Texas Tech,,West Virginia,REG (Conf),L 53-73,,6,0,0,,0,0,0,0,,,0,0,,0,0,0,0,0,0,0,1,0,-0.4,Daija Powell,https://www.sports-reference.com/cbb/players/daija-powell-1.html,texas-tech,2020-21
13,13,17,2021-01-30,Texas Tech,@,Texas,REG (Conf),L 53-72,,5,0,1,.000,0,0,0,1,.000,.000,0,0,,0,1,1,0,0,0,0,2,0,-1.2,Daija Powell,https://www.sports-reference.com/cbb/players/daija-powell-1.html,texas-tech,2020-21
14,14,18,2021-02-03,Texas Tech,,Kansas State,REG (Conf),W 83-75 (OT),,1,0,0,,0,0,0,0,,,0,0,,0,0,0,0,0,0,0,0,0,0.0,Daija Powell,https://www.sports-reference.com/cbb/players/daija-powell-1.html,texas-tech,2020-21
15,15,19,2021-02-06,Texas Tech,@,Iowa State,REG (Conf),L 73-92,,3,0,0,,0,0,0,0,,,0,0,,0,0,0,0,0,0,0,0,0,0.0,Daija Powell,https://www.sports-reference.com/cbb/players/daija-powell-1.html,texas-tech,2020-21
16,16,20,2021-02-10,Texas Tech,,Baylor,REG (Conf),L 50-82,,8,2,2,1.000,0,0,2,2,1.000,1.000,2,2,1.000,0,1,1,0,0,1,2,1,6,4.0,Daija Powell,https://www.sports-reference.com/cbb/players/daija-powell-1.html,texas-tech,2020-21
17,17,21,2021-02-13,Texas Tech,,Oklahoma State,REG (Conf),L 66-81,,4,0,0,,0,0,0,0,,,0,0,,0,0,0,0,0,0,0,0,0,0.0,Daija Powell,https://www.sports-reference.com/cbb/players/daija-powell-1.html,texas-tech,2020-21
18,18,22,2021-02-20,Texas Tech,,Kansas,REG (Conf),W 99-98 (OT),,7,1,2,.500,0,0,1,2,.500,.500,0,0,,0,1,1,1,0,0,0,0,2,2.0,Daija Powell,https://www.sports-reference.com/cbb/players/daija-powell-1.html,texas-tech,2020-21
19,19,23,2021-02-24,Texas Tech,@,Kansas State,REG (Conf),L 79-86,,3,0,0,,0,0,0,0,,,0,0,,0,0,0,0,0,0,1,0,0,-1.0,Daija Powell,https://www.sports-reference.com/cbb/players/daija-powell-1.html,texas-tech,2020-21
