ranker,player_game_num_career,team_game_num_season,date,team_name_abbr,game_location,opp_name_abbr,game_type,game_result,is_starter,mp,fg,fga,fg_pct,fg3,fg3a,fg3_pct,fg2,fg2a,fg2_pct,efg_pct,ft,fta,ft_pct,orb,drb,trb,ast,stl,blk,tov,pf,pts,game_score,player_name,player_sr_link,school,season
1,1,7,2020-12-21,Texas Tech,,Southern,REG (Non-Conf),W 79-60,,12,2,4,.500,0,0,,2,4,.500,.500,2,2,1.000,2,2,4,1,0,1,0,2,6,6.6,Khadija Faye,https://www.sports-reference.com/cbb/players/khadija-faye-1.html,texas-tech,2020-21
2,2,8,2020-12-29,Texas Tech,,Incarnate Word,REG (Non-Conf),W 100-47,,14,4,6,.667,0,0,,4,6,.667,.667,2,2,1.000,2,2,4,1,1,4,0,1,10,13.5,Khadija Faye,https://www.sports-reference.com/cbb/players/khadija-faye-1.html,texas-tech,2020-21
3,3,9,2021-01-02,Texas Tech,@,Oklahoma State,REG (Conf),L 48-75,,5,1,2,.500,0,0,,1,2,.500,.500,0,0,,1,0,1,0,0,0,1,3,2,-0.5,Khadija Faye,https://www.sports-reference.com/cbb/players/khadija-faye-1.html,texas-tech,2020-21
4,4,10,2021-01-06,Texas Tech,,Oklahoma,REG (Conf),L 74-75,,15,4,7,.571,0,0,,4,7,.571,.571,0,0,,3,4,7,1,1,3,3,4,8,7.2,Khadija Faye,https://www.sports-reference.com/cbb/players/khadija-faye-1.html,texas-tech,2020-21
5,5,11,2021-01-10,Texas Tech,,Iowa State,REG (Conf),L 72-99,*,12,1,4,.250,0,0,,1,4,.250,.250,0,0,,1,5,6,0,1,0,3,3,2,-1.4,Khadija Faye,https://www.sports-reference.com/cbb/players/khadija-faye-1.html,texas-tech,2020-21
6,6,12,2021-01-13,Texas Tech,@,West Virginia,REG (Conf),L 78-83,*,19,1,4,.250,0,0,,1,4,.250,.250,0,0,,0,6,6,0,0,1,1,3,2,-0.1,Khadija Faye,https://www.sports-reference.com/cbb/players/khadija-faye-1.html,texas-tech,2020-21
7,7,13,2021-01-17,Texas Tech,,Texas,REG (Conf),W 74-66,*,14,1,3,.333,0,0,,1,3,.333,.333,1,3,.333,1,1,2,0,1,1,0,3,3,2.0,Khadija Faye,https://www.sports-reference.com/cbb/players/khadija-faye-1.html,texas-tech,2020-21
8,8,14,2021-01-20,Texas Tech,@,Kansas,REG (Conf),W 75-65,*,10,0,1,.000,0,0,,0,1,.000,.000,0,0,,1,2,3,3,0,0,0,2,0,1.9,Khadija Faye,https://www.sports-reference.com/cbb/players/khadija-faye-1.html,texas-tech,2020-21
9,9,15,2021-01-23,Texas Tech,@,TCU,REG (Conf),L 53-61,*,6,0,0,,0,0,,0,0,,,0,0,,1,0,1,0,0,0,1,0,0,-0.3,Khadija Faye,https://www.sports-reference.com/cbb/players/khadija-faye-1.html,texas-tech,2020-21
10,10,16,2021-01-27,Texas Tech,,West Virginia,REG (Conf),L 53-73,*,15,2,4,.500,0,0,,2,4,.500,.500,0,2,.000,1,1,2,1,0,2,1,3,4,2.1,Khadija Faye,https://www.sports-reference.com/cbb/players/khadija-faye-1.html,texas-tech,2020-21
11,11,17,2021-01-30,Texas Tech,@,Texas,REG (Conf),L 53-72,*,13,3,5,.600,0,0,,3,5,.600,.600,0,0,,3,1,4,1,1,0,1,5,6,4.8,Khadija Faye,https://www.sports-reference.com/cbb/players/khadija-faye-1.html,texas-tech,2020-21
12,12,18,2021-02-03,Texas Tech,,Kansas State,REG (Conf),W 83-75 (OT),*,32,9,12,.750,0,0,,9,12,.750,.750,2,5,.400,5,9,14,2,1,2,2,3,20,20.8,Khadija Faye,https://www.sports-reference.com/cbb/players/khadija-faye-1.html,texas-tech,2020-21
13,13,19,2021-02-06,Texas Tech,@,Iowa State,REG (Conf),L 73-92,*,18,1,4,.250,0,0,,1,4,.250,.250,1,2,.500,0,1,1,0,0,1,2,3,3,-2.0,Khadija Faye,https://www.sports-reference.com/cbb/players/khadija-faye-1.html,texas-tech,2020-21
14,14,20,2021-02-10,Texas Tech,,Baylor,REG (Conf),L 50-82,*,20,2,3,.667,0,1,.000,2,2,1.000,.667,2,2,1.000,1,3,4,0,0,1,0,4,6,5.4,Khadija Faye,https://www.sports-reference.com/cbb/players/khadija-faye-1.html,texas-tech,2020-21
15,15,21,2021-02-13,Texas Tech,,Oklahoma State,REG (Conf),L 66-81,*,17,5,7,.714,0,0,,5,7,.714,.714,0,0,,2,6,8,1,0,0,3,3,10,6.8,Khadija Faye,https://www.sports-reference.com/cbb/players/khadija-faye-1.html,texas-tech,2020-21
16,16,22,2021-02-20,Texas Tech,,Kansas,REG (Conf),W 99-98 (OT),*,21,2,8,.250,0,0,,2,8,.250,.250,0,0,,6,2,8,1,0,2,3,2,4,2.3,Khadija Faye,https://www.sports-reference.com/cbb/players/khadija-faye-1.html,texas-tech,2020-21
17,17,23,2021-02-24,Texas Tech,@,Kansas State,REG (Conf),L 79-86,*,17,2,8,.250,0,0,,2,8,.250,.250,0,2,.000,2,4,6,3,4,1,1,4,4,5.2,Khadija Faye,https://www.sports-reference.com/cbb/players/khadija-faye-1.html,texas-tech,2020-21
18,18,24,2021-03-01,Texas Tech,@,Oklahoma,REG (Conf),L 79-88,*,23,5,11,.455,0,0,,5,11,.455,.455,0,0,,4,1,5,1,0,0,3,4,10,3.5,Khadija Faye,https://www.sports-reference.com/cbb/players/khadija-faye-1.html,texas-tech,2020-21
19,19,25,2021-03-11,Texas Tech,,Kansas State,CTOURN,L 65-75,*,21,3,8,.375,0,0,,3,8,.375,.375,1,2,.500,6,2,8,1,0,1,1,5,7,5.4,Khadija Faye,https://www.sports-reference.com/cbb/players/khadija-faye-1.html,texas-tech,2020-21
