ranker,player_game_num_career,team_game_num_season,date,team_name_abbr,game_location,opp_name_abbr,game_type,game_result,is_starter,mp,fg,fga,fg_pct,fg3,fg3a,fg3_pct,fg2,fg2a,fg2_pct,efg_pct,ft,fta,ft_pct,orb,drb,trb,ast,stl,blk,tov,pf,pts,game_score,player_name,player_sr_link,school,season
1,1,1,2020-11-25,Texas Tech,,Texas–Rio Grande Valley,REG (Non-Conf),W 89-56,,17,4,8,.500,2,2,1.000,2,6,.333,.625,0,2,.000,2,4,6,0,0,1,1,1,10,7.1,Khyla Wade-Warren,https://www.sports-reference.com/cbb/players/khyla-wade-warren-1.html,texas-tech,2020-21
2,2,2,2020-11-28,Texas Tech,,Houston Baptist,REG (Non-Conf),W 68-51,,14,1,3,.333,0,0,,1,3,.333,.333,0,0,,1,0,1,0,2,1,3,1,2,0.3,Khyla Wade-Warren,https://www.sports-reference.com/cbb/players/khyla-wade-warren-1.html,texas-tech,2020-21
3,3,3,2020-12-05,Texas Tech,,Rice,REG (Non-Conf),L 62-81,,9,0,4,.000,0,1,.000,0,3,.000,.000,0,0,,2,2,4,0,0,0,1,1,0,-2.2,Khyla Wade-Warren,https://www.sports-reference.com/cbb/players/khyla-wade-warren-1.html,texas-tech,2020-21
4,4,4,2020-12-09,Texas Tech,,Angelo St.,REG (Non-Conf),W 87-42,,13,3,3,1.000,0,0,,3,3,1.000,1.000,0,2,.000,0,1,1,0,0,0,0,1,6,4.2,Khyla Wade-Warren,https://www.sports-reference.com/cbb/players/khyla-wade-warren-1.html,texas-tech,2020-21
5,5,5,2020-12-14,Texas Tech,@,Baylor,REG (Conf),L 45-91,,14,1,2,.500,0,0,,1,2,.500,.500,0,1,.000,0,1,1,0,0,0,1,2,2,-0.9,Khyla Wade-Warren,https://www.sports-reference.com/cbb/players/khyla-wade-warren-1.html,texas-tech,2020-21
6,6,6,2020-12-19,Texas Tech,,TCU,REG (Conf),W 78-72,*,11,0,1,.000,0,1,.000,0,0,,.000,2,2,1.000,0,1,1,1,0,0,0,0,2,2.3,Khyla Wade-Warren,https://www.sports-reference.com/cbb/players/khyla-wade-warren-1.html,texas-tech,2020-21
7,7,7,2020-12-21,Texas Tech,,Southern,REG (Non-Conf),W 79-60,,13,3,4,.750,0,0,,3,4,.750,.750,4,4,1.000,0,3,3,0,0,0,1,3,10,7.1,Khyla Wade-Warren,https://www.sports-reference.com/cbb/players/khyla-wade-warren-1.html,texas-tech,2020-21
8,8,8,2020-12-29,Texas Tech,,Incarnate Word,REG (Non-Conf),W 100-47,,11,3,4,.750,0,0,,3,4,.750,.750,0,0,,1,2,3,2,0,1,1,0,6,6.8,Khyla Wade-Warren,https://www.sports-reference.com/cbb/players/khyla-wade-warren-1.html,texas-tech,2020-21
9,9,9,2021-01-02,Texas Tech,@,Oklahoma State,REG (Conf),L 48-75,,20,2,4,.500,1,3,.333,1,1,1.000,.625,0,0,,1,2,3,1,0,1,1,3,5,3.5,Khyla Wade-Warren,https://www.sports-reference.com/cbb/players/khyla-wade-warren-1.html,texas-tech,2020-21
10,10,10,2021-01-06,Texas Tech,,Oklahoma,REG (Conf),L 74-75,*,11,1,1,1.000,0,0,,1,1,1.000,1.000,0,0,,0,1,1,0,0,1,0,1,2,2.3,Khyla Wade-Warren,https://www.sports-reference.com/cbb/players/khyla-wade-warren-1.html,texas-tech,2020-21
11,11,11,2021-01-10,Texas Tech,,Iowa State,REG (Conf),L 72-99,,6,0,0,,0,0,,0,0,,,0,0,,0,0,0,0,0,0,2,0,0,-2.0,Khyla Wade-Warren,https://www.sports-reference.com/cbb/players/khyla-wade-warren-1.html,texas-tech,2020-21
12,12,12,2021-01-13,Texas Tech,@,West Virginia,REG (Conf),L 78-83,,6,0,1,.000,0,1,.000,0,0,,.000,0,0,,0,0,0,1,0,2,0,0,0,1.4,Khyla Wade-Warren,https://www.sports-reference.com/cbb/players/khyla-wade-warren-1.html,texas-tech,2020-21
13,13,13,2021-01-17,Texas Tech,,Texas,REG (Conf),W 74-66,,3,0,0,,0,0,,0,0,,,0,0,,0,1,1,0,0,0,0,0,0,0.3,Khyla Wade-Warren,https://www.sports-reference.com/cbb/players/khyla-wade-warren-1.html,texas-tech,2020-21
14,14,14,2021-01-20,Texas Tech,@,Kansas,REG (Conf),W 75-65,,12,2,6,.333,0,1,.000,2,5,.400,.333,0,0,,3,2,5,0,1,0,0,1,4,3.9,Khyla Wade-Warren,https://www.sports-reference.com/cbb/players/khyla-wade-warren-1.html,texas-tech,2020-21
15,15,15,2021-01-23,Texas Tech,@,TCU,REG (Conf),L 53-61,,1,0,0,,0,0,,0,0,,,0,0,,0,0,0,0,0,0,0,1,0,-0.4,Khyla Wade-Warren,https://www.sports-reference.com/cbb/players/khyla-wade-warren-1.html,texas-tech,2020-21
16,16,16,2021-01-27,Texas Tech,,West Virginia,REG (Conf),L 53-73,,5,0,0,,0,0,,0,0,,,0,0,,0,1,1,0,0,2,0,0,0,1.7,Khyla Wade-Warren,https://www.sports-reference.com/cbb/players/khyla-wade-warren-1.html,texas-tech,2020-21
17,17,17,2021-01-30,Texas Tech,@,Texas,REG (Conf),L 53-72,,14,3,4,.750,0,0,,3,4,.750,.750,0,0,,1,4,5,0,0,1,1,0,6,6.0,Khyla Wade-Warren,https://www.sports-reference.com/cbb/players/khyla-wade-warren-1.html,texas-tech,2020-21
18,18,18,2021-02-03,Texas Tech,,Kansas State,REG (Conf),W 83-75 (OT),,6,1,2,.500,0,0,,1,2,.500,.500,0,0,,1,0,1,0,0,0,1,0,2,0.7,Khyla Wade-Warren,https://www.sports-reference.com/cbb/players/khyla-wade-warren-1.html,texas-tech,2020-21
19,19,19,2021-02-06,Texas Tech,@,Iowa State,REG (Conf),L 73-92,,4,0,1,.000,0,0,,0,1,.000,.000,0,0,,1,0,1,1,0,2,0,0,0,2.1,Khyla Wade-Warren,https://www.sports-reference.com/cbb/players/khyla-wade-warren-1.html,texas-tech,2020-21
20,20,20,2021-02-10,Texas Tech,,Baylor,REG (Conf),L 50-82,,12,1,3,.333,0,1,.000,1,2,.500,.333,0,0,,1,2,3,0,0,2,1,2,2,1.2,Khyla Wade-Warren,https://www.sports-reference.com/cbb/players/khyla-wade-warren-1.html,texas-tech,2020-21
21,21,21,2021-02-13,Texas Tech,,Oklahoma State,REG (Conf),L 66-81,,10,1,3,.333,0,0,,1,3,.333,.333,0,0,,0,4,4,0,0,0,3,0,2,-1.5,Khyla Wade-Warren,https://www.sports-reference.com/cbb/players/khyla-wade-warren-1.html,texas-tech,2020-21
22,22,22,2021-02-20,Texas Tech,,Kansas,REG (Conf),W 99-98 (OT),,3,1,1,1.000,0,0,,1,1,1.000,1.000,1,1,1.000,0,1,1,1,0,0,0,0,3,3.7,Khyla Wade-Warren,https://www.sports-reference.com/cbb/players/khyla-wade-warren-1.html,texas-tech,2020-21
23,23,23,2021-02-24,Texas Tech,@,Kansas State,REG (Conf),L 79-86,,7,0,0,,0,0,,0,0,,,2,2,1.000,0,1,1,0,0,0,0,3,2,1.1,Khyla Wade-Warren,https://www.sports-reference.com/cbb/players/khyla-wade-warren-1.html,texas-tech,2020-21
24,24,25,2021-03-11,Texas Tech,,Kansas State,CTOURN,L 65-75,,7,0,0,,0,0,,0,0,,,0,0,,0,0,0,0,0,0,0,0,0,0.0,Khyla Wade-Warren,https://www.sports-reference.com/cbb/players/khyla-wade-warren-1.html,texas-tech,2020-21
