ranker,player_game_num_career,team_game_num_season,date,team_name_abbr,game_location,opp_name_abbr,game_type,game_result,is_starter,mp,fg,fga,fg_pct,fg3,fg3a,fg3_pct,fg2,fg2a,fg2_pct,efg_pct,ft,fta,ft_pct,orb,drb,trb,ast,stl,blk,tov,pf,pts,game_score,player_name,player_sr_link,school,season
1,53,1,2020-11-25,Texas Tech,,Texas–Rio Grande Valley,REG (Non-Conf),W 89-56,*,35,8,16,.500,1,4,.250,7,12,.583,.531,1,2,.500,2,5,7,2,0,0,2,2,18,11.1,Lexi Gordon,https://www.sports-reference.com/cbb/players/lexi-gordon-1.html,texas-tech,2020-21
2,54,2,2020-11-28,Texas Tech,,Houston Baptist,REG (Non-Conf),W 68-51,*,33,3,16,.188,0,3,.000,3,13,.231,.188,3,4,.750,3,5,8,1,0,1,1,1,9,2.2,Lexi Gordon,https://www.sports-reference.com/cbb/players/lexi-gordon-1.html,texas-tech,2020-21
3,55,3,2020-12-05,Texas Tech,,Rice,REG (Non-Conf),L 62-81,*,36,7,17,.412,4,10,.400,3,7,.429,.529,3,4,.750,1,3,4,0,0,0,1,0,21,12.1,Lexi Gordon,https://www.sports-reference.com/cbb/players/lexi-gordon-1.html,texas-tech,2020-21
4,56,4,2020-12-09,Texas Tech,,Angelo St.,REG (Non-Conf),W 87-42,*,24,6,10,.600,2,5,.400,4,5,.800,.700,0,0,,1,5,6,3,1,0,0,0,14,14.7,Lexi Gordon,https://www.sports-reference.com/cbb/players/lexi-gordon-1.html,texas-tech,2020-21
5,57,5,2020-12-14,Texas Tech,@,Baylor,REG (Conf),L 45-91,*,40,3,14,.214,1,6,.167,2,8,.250,.250,1,1,1.000,0,1,1,0,3,0,2,2,8,-0.1,Lexi Gordon,https://www.sports-reference.com/cbb/players/lexi-gordon-1.html,texas-tech,2020-21
6,58,6,2020-12-19,Texas Tech,,TCU,REG (Conf),W 78-72,*,39,8,18,.444,1,7,.143,7,11,.636,.472,7,8,.875,1,5,6,1,0,0,3,3,24,12.9,Lexi Gordon,https://www.sports-reference.com/cbb/players/lexi-gordon-1.html,texas-tech,2020-21
7,59,7,2020-12-21,Texas Tech,,Southern,REG (Non-Conf),W 79-60,*,28,7,11,.636,3,5,.600,4,6,.667,.773,8,14,.571,2,9,11,1,2,2,1,0,25,24.9,Lexi Gordon,https://www.sports-reference.com/cbb/players/lexi-gordon-1.html,texas-tech,2020-21
8,60,8,2020-12-29,Texas Tech,,Incarnate Word,REG (Non-Conf),W 100-47,*,28,11,16,.688,5,7,.714,6,9,.667,.844,1,1,1.000,2,6,8,7,1,0,4,1,28,25.9,Lexi Gordon,https://www.sports-reference.com/cbb/players/lexi-gordon-1.html,texas-tech,2020-21
9,61,9,2021-01-02,Texas Tech,@,Oklahoma State,REG (Conf),L 48-75,*,39,4,20,.200,3,7,.429,1,13,.077,.275,1,2,.500,2,2,4,1,0,0,3,1,12,-1.5,Lexi Gordon,https://www.sports-reference.com/cbb/players/lexi-gordon-1.html,texas-tech,2020-21
10,62,10,2021-01-06,Texas Tech,,Oklahoma,REG (Conf),L 74-75,*,37,9,15,.600,2,7,.286,7,8,.875,.667,2,3,.667,0,4,4,3,2,0,2,2,22,17.2,Lexi Gordon,https://www.sports-reference.com/cbb/players/lexi-gordon-1.html,texas-tech,2020-21
11,63,11,2021-01-10,Texas Tech,,Iowa State,REG (Conf),L 72-99,*,39,7,17,.412,2,8,.250,5,9,.556,.471,7,9,.778,1,1,2,1,1,0,2,1,23,13.4,Lexi Gordon,https://www.sports-reference.com/cbb/players/lexi-gordon-1.html,texas-tech,2020-21
12,64,12,2021-01-13,Texas Tech,@,West Virginia,REG (Conf),L 78-83,*,28,2,9,.222,1,6,.167,1,3,.333,.278,6,6,1.000,1,1,2,2,0,0,2,4,11,4.3,Lexi Gordon,https://www.sports-reference.com/cbb/players/lexi-gordon-1.html,texas-tech,2020-21
13,65,13,2021-01-17,Texas Tech,,Texas,REG (Conf),W 74-66,*,37,3,11,.273,1,5,.200,2,6,.333,.318,7,8,.875,2,3,5,3,0,0,4,2,14,6.7,Lexi Gordon,https://www.sports-reference.com/cbb/players/lexi-gordon-1.html,texas-tech,2020-21
14,66,14,2021-01-20,Texas Tech,@,Kansas,REG (Conf),W 75-65,*,35,4,14,.286,2,6,.333,2,8,.250,.357,5,8,.625,1,3,4,1,1,0,0,0,15,8.9,Lexi Gordon,https://www.sports-reference.com/cbb/players/lexi-gordon-1.html,texas-tech,2020-21
15,67,15,2021-01-23,Texas Tech,@,TCU,REG (Conf),L 53-61,*,38,5,20,.250,1,10,.100,4,10,.400,.275,2,2,1.000,2,8,10,2,0,0,1,3,13,4.0,Lexi Gordon,https://www.sports-reference.com/cbb/players/lexi-gordon-1.html,texas-tech,2020-21
16,68,16,2021-01-27,Texas Tech,,West Virginia,REG (Conf),L 53-73,*,36,4,14,.286,1,6,.167,3,8,.375,.321,2,2,1.000,0,8,8,0,0,0,1,2,11,3.4,Lexi Gordon,https://www.sports-reference.com/cbb/players/lexi-gordon-1.html,texas-tech,2020-21
17,69,17,2021-01-30,Texas Tech,@,Texas,REG (Conf),L 53-72,*,34,1,7,.143,0,3,.000,1,4,.250,.143,2,2,1.000,0,3,3,3,0,1,1,2,4,1.4,Lexi Gordon,https://www.sports-reference.com/cbb/players/lexi-gordon-1.html,texas-tech,2020-21
18,70,18,2021-02-03,Texas Tech,,Kansas State,REG (Conf),W 83-75 (OT),*,29,1,13,.077,0,6,.000,1,7,.143,.077,0,0,,1,5,6,1,0,1,2,1,2,-5.5,Lexi Gordon,https://www.sports-reference.com/cbb/players/lexi-gordon-1.html,texas-tech,2020-21
19,71,19,2021-02-06,Texas Tech,@,Iowa State,REG (Conf),L 73-92,*,36,7,16,.438,2,5,.400,5,11,.455,.500,7,7,1.000,0,5,5,2,0,1,3,3,23,14.0,Lexi Gordon,https://www.sports-reference.com/cbb/players/lexi-gordon-1.html,texas-tech,2020-21
20,72,20,2021-02-10,Texas Tech,,Baylor,REG (Conf),L 50-82,*,32,0,5,.000,0,3,.000,0,2,.000,.000,6,6,1.000,0,2,2,0,1,0,1,2,6,2.3,Lexi Gordon,https://www.sports-reference.com/cbb/players/lexi-gordon-1.html,texas-tech,2020-21
21,73,21,2021-02-13,Texas Tech,,Oklahoma State,REG (Conf),L 66-81,*,37,6,15,.400,5,9,.556,1,6,.167,.567,4,4,1.000,1,2,3,0,0,0,5,1,21,8.8,Lexi Gordon,https://www.sports-reference.com/cbb/players/lexi-gordon-1.html,texas-tech,2020-21
22,74,22,2021-02-20,Texas Tech,,Kansas,REG (Conf),W 99-98 (OT),*,41,5,14,.357,3,5,.600,2,9,.222,.464,1,2,.500,0,3,3,1,0,0,3,2,14,3.6,Lexi Gordon,https://www.sports-reference.com/cbb/players/lexi-gordon-1.html,texas-tech,2020-21
23,75,23,2021-02-24,Texas Tech,@,Kansas State,REG (Conf),L 79-86,*,31,4,14,.286,2,10,.200,2,4,.500,.357,2,2,1.000,0,4,4,1,0,0,2,1,12,3.3,Lexi Gordon,https://www.sports-reference.com/cbb/players/lexi-gordon-1.html,texas-tech,2020-21
24,76,24,2021-03-01,Texas Tech,@,Oklahoma,REG (Conf),L 79-88,*,37,10,19,.526,3,7,.429,7,12,.583,.605,0,0,,0,2,2,1,1,0,1,1,23,14.6,Lexi Gordon,https://www.sports-reference.com/cbb/players/lexi-gordon-1.html,texas-tech,2020-21
25,77,25,2021-03-11,Texas Tech,,Kansas State,CTOURN,L 65-75,*,38,7,20,.350,2,9,.222,5,11,.455,.400,3,4,.750,1,2,3,0,5,1,2,1,19,12.0,Lexi Gordon,https://www.sports-reference.com/cbb/players/lexi-gordon-1.html,texas-tech,2020-21
