ranker,player_game_num_career,team_game_num_season,date,team_name_abbr,game_location,opp_name_abbr,game_type,game_result,is_starter,mp,fg,fga,fg_pct,fg3,fg3a,fg3_pct,fg2,fg2a,fg2_pct,efg_pct,ft,fta,ft_pct,orb,drb,trb,ast,stl,blk,tov,pf,pts,game_score,player_name,player_sr_link,school,season
1,25,1,2020-11-25,Texas Tech,,Texas–Rio Grande Valley,REG (Non-Conf),W 89-56,,15,0,0,,0,0,,0,0,,,0,1,.000,0,0,0,2,2,0,0,3,0,1.8,Maka Jackson,https://www.sports-reference.com/cbb/players/maka-jackson-1.html,texas-tech,2020-21
2,26,2,2020-11-28,Texas Tech,,Houston Baptist,REG (Non-Conf),W 68-51,,10,1,1,1.000,0,0,,1,1,1.000,1.000,1,1,1.000,1,0,1,1,1,0,0,3,3,3.9,Maka Jackson,https://www.sports-reference.com/cbb/players/maka-jackson-1.html,texas-tech,2020-21
3,27,3,2020-12-05,Texas Tech,,Rice,REG (Non-Conf),L 62-81,,26,1,2,.500,1,1,1.000,0,1,.000,.750,2,4,.500,0,1,1,1,1,1,1,3,5,3.7,Maka Jackson,https://www.sports-reference.com/cbb/players/maka-jackson-1.html,texas-tech,2020-21
4,28,4,2020-12-09,Texas Tech,,Angelo St.,REG (Non-Conf),W 87-42,*,22,2,2,1.000,1,1,1.000,1,1,1.000,1.250,4,4,1.000,1,1,2,1,2,0,0,0,9,12.1,Maka Jackson,https://www.sports-reference.com/cbb/players/maka-jackson-1.html,texas-tech,2020-21
5,29,6,2020-12-19,Texas Tech,,TCU,REG (Conf),W 78-72,,23,2,5,.400,0,1,.000,2,4,.500,.400,3,4,.750,1,3,4,1,1,0,0,2,7,6.4,Maka Jackson,https://www.sports-reference.com/cbb/players/maka-jackson-1.html,texas-tech,2020-21
6,30,7,2020-12-21,Texas Tech,,Southern,REG (Non-Conf),W 79-60,,23,1,5,.200,0,1,.000,1,4,.250,.200,0,0,,0,4,4,0,0,0,3,0,2,-2.9,Maka Jackson,https://www.sports-reference.com/cbb/players/maka-jackson-1.html,texas-tech,2020-21
7,31,8,2020-12-29,Texas Tech,,Incarnate Word,REG (Non-Conf),W 100-47,,21,2,3,.667,0,0,,2,3,.667,.667,0,0,,2,4,6,3,2,0,2,1,4,7.0,Maka Jackson,https://www.sports-reference.com/cbb/players/maka-jackson-1.html,texas-tech,2020-21
8,32,9,2021-01-02,Texas Tech,@,Oklahoma State,REG (Conf),L 48-75,,16,1,4,.250,0,0,,1,4,.250,.250,0,0,,0,2,2,0,0,0,3,1,2,-3.2,Maka Jackson,https://www.sports-reference.com/cbb/players/maka-jackson-1.html,texas-tech,2020-21
9,33,10,2021-01-06,Texas Tech,,Oklahoma,REG (Conf),L 74-75,,25,1,2,.500,0,0,,1,2,.500,.500,0,0,,1,3,4,4,0,0,2,0,2,3.4,Maka Jackson,https://www.sports-reference.com/cbb/players/maka-jackson-1.html,texas-tech,2020-21
10,34,11,2021-01-10,Texas Tech,,Iowa State,REG (Conf),L 72-99,,27,2,5,.400,1,4,.250,1,1,1.000,.500,1,4,.250,0,2,2,2,0,0,0,3,6,2.9,Maka Jackson,https://www.sports-reference.com/cbb/players/maka-jackson-1.html,texas-tech,2020-21
11,35,12,2021-01-13,Texas Tech,@,West Virginia,REG (Conf),L 78-83,,28,4,8,.500,0,1,.000,4,7,.571,.500,3,4,.750,0,3,3,1,0,1,2,2,11,6.1,Maka Jackson,https://www.sports-reference.com/cbb/players/maka-jackson-1.html,texas-tech,2020-21
12,36,13,2021-01-17,Texas Tech,,Texas,REG (Conf),W 74-66,*,30,3,5,.600,0,0,,3,5,.600,.600,5,6,.833,1,1,2,2,1,0,4,2,11,6.9,Maka Jackson,https://www.sports-reference.com/cbb/players/maka-jackson-1.html,texas-tech,2020-21
13,37,14,2021-01-20,Texas Tech,@,Kansas,REG (Conf),W 75-65,*,27,4,5,.800,1,2,.500,3,3,1.000,.900,0,0,,2,3,5,2,0,0,2,5,9,6.8,Maka Jackson,https://www.sports-reference.com/cbb/players/maka-jackson-1.html,texas-tech,2020-21
14,38,15,2021-01-23,Texas Tech,@,TCU,REG (Conf),L 53-61,*,32,5,11,.455,0,1,.000,5,10,.500,.455,1,1,1.000,4,3,7,2,2,0,2,2,11,9.6,Maka Jackson,https://www.sports-reference.com/cbb/players/maka-jackson-1.html,texas-tech,2020-21
15,39,16,2021-01-27,Texas Tech,,West Virginia,REG (Conf),L 53-73,*,32,3,7,.429,0,0,,3,7,.429,.429,1,2,.500,3,5,8,1,0,0,1,0,7,6.2,Maka Jackson,https://www.sports-reference.com/cbb/players/maka-jackson-1.html,texas-tech,2020-21
16,40,17,2021-01-30,Texas Tech,@,Texas,REG (Conf),L 53-72,*,34,5,9,.556,0,1,.000,5,8,.625,.556,2,2,1.000,1,2,3,2,2,0,1,1,12,11.0,Maka Jackson,https://www.sports-reference.com/cbb/players/maka-jackson-1.html,texas-tech,2020-21
17,41,18,2021-02-03,Texas Tech,,Kansas State,REG (Conf),W 83-75 (OT),*,39,4,7,.571,0,1,.000,4,6,.667,.571,2,2,1.000,4,3,7,1,1,0,0,2,10,11.3,Maka Jackson,https://www.sports-reference.com/cbb/players/maka-jackson-1.html,texas-tech,2020-21
18,42,19,2021-02-06,Texas Tech,@,Iowa State,REG (Conf),L 73-92,*,26,3,5,.600,1,2,.500,2,3,.667,.700,0,0,,1,4,5,2,0,1,1,4,7,6.1,Maka Jackson,https://www.sports-reference.com/cbb/players/maka-jackson-1.html,texas-tech,2020-21
19,43,20,2021-02-10,Texas Tech,,Baylor,REG (Conf),L 50-82,*,29,1,5,.200,0,2,.000,1,3,.333,.200,1,2,.500,3,3,6,2,1,0,3,0,3,1.9,Maka Jackson,https://www.sports-reference.com/cbb/players/maka-jackson-1.html,texas-tech,2020-21
20,44,21,2021-02-13,Texas Tech,,Oklahoma State,REG (Conf),L 66-81,*,32,3,7,.429,0,2,.000,3,5,.600,.429,2,2,1.000,2,1,3,5,1,0,1,2,8,8.7,Maka Jackson,https://www.sports-reference.com/cbb/players/maka-jackson-1.html,texas-tech,2020-21
21,45,22,2021-02-20,Texas Tech,,Kansas,REG (Conf),W 99-98 (OT),*,33,4,6,.667,0,0,,4,6,.667,.667,4,4,1.000,0,1,1,4,1,0,3,4,12,8.9,Maka Jackson,https://www.sports-reference.com/cbb/players/maka-jackson-1.html,texas-tech,2020-21
22,46,23,2021-02-24,Texas Tech,@,Kansas State,REG (Conf),L 79-86,*,30,1,3,.333,0,0,,1,3,.333,.333,2,2,1.000,0,2,2,4,1,1,2,5,4,3.4,Maka Jackson,https://www.sports-reference.com/cbb/players/maka-jackson-1.html,texas-tech,2020-21
23,47,24,2021-03-01,Texas Tech,@,Oklahoma,REG (Conf),L 79-88,*,23,2,4,.500,1,2,.500,1,2,.500,.625,0,0,,0,4,4,2,0,0,2,1,5,3.2,Maka Jackson,https://www.sports-reference.com/cbb/players/maka-jackson-1.html,texas-tech,2020-21
24,48,25,2021-03-11,Texas Tech,,Kansas State,CTOURN,L 65-75,*,24,2,3,.667,0,0,,2,3,.667,.667,0,0,,0,2,2,2,0,0,2,1,4,2.3,Maka Jackson,https://www.sports-reference.com/cbb/players/maka-jackson-1.html,texas-tech,2020-21
