ranker,player_game_num_career,team_game_num_season,date,team_name_abbr,game_location,opp_name_abbr,game_type,game_result,is_starter,mp,fg,fga,fg_pct,fg3,fg3a,fg3_pct,fg2,fg2a,fg2_pct,efg_pct,ft,fta,ft_pct,orb,drb,trb,ast,stl,blk,tov,pf,pts,game_score,player_name,player_sr_link,school,season
1,63,1,2020-11-25,Texas Tech,,Texas–Rio Grande Valley,REG (Non-Conf),W 89-56,,17,1,4,.250,0,3,.000,1,1,1.000,.250,0,0,,1,3,4,0,0,0,0,4,2,-0.4,Naje Murray,https://www.sports-reference.com/cbb/players/naje-murray-1.html,texas-tech,2020-21
2,64,2,2020-11-28,Texas Tech,,Houston Baptist,REG (Non-Conf),W 68-51,,11,1,3,.333,1,2,.500,0,1,.000,.500,0,0,,0,2,2,1,0,0,0,1,3,2.2,Naje Murray,https://www.sports-reference.com/cbb/players/naje-murray-1.html,texas-tech,2020-21
3,65,3,2020-12-05,Texas Tech,,Rice,REG (Non-Conf),L 62-81,,14,0,3,.000,0,2,.000,0,1,.000,.000,0,0,,2,0,2,1,0,0,1,0,0,-1.0,Naje Murray,https://www.sports-reference.com/cbb/players/naje-murray-1.html,texas-tech,2020-21
4,66,4,2020-12-09,Texas Tech,,Angelo St.,REG (Non-Conf),W 87-42,,15,3,4,.750,2,2,1.000,1,2,.500,1.000,2,2,1.000,0,2,2,1,0,0,0,5,10,7.7,Naje Murray,https://www.sports-reference.com/cbb/players/naje-murray-1.html,texas-tech,2020-21
5,67,5,2020-12-14,Texas Tech,@,Baylor,REG (Conf),L 45-91,,16,0,3,.000,0,2,.000,0,1,.000,.000,2,2,1.000,0,1,1,0,0,0,0,2,2,-0.6,Naje Murray,https://www.sports-reference.com/cbb/players/naje-murray-1.html,texas-tech,2020-21
6,68,6,2020-12-19,Texas Tech,,TCU,REG (Conf),W 78-72,,30,3,8,.375,3,6,.500,0,2,.000,.563,0,0,,0,7,7,3,0,0,3,1,9,5.4,Naje Murray,https://www.sports-reference.com/cbb/players/naje-murray-1.html,texas-tech,2020-21
7,69,7,2020-12-21,Texas Tech,,Southern,REG (Non-Conf),W 79-60,*,33,2,3,.667,2,3,.667,0,0,,1.000,2,2,1.000,1,5,6,2,0,0,5,3,8,4.1,Naje Murray,https://www.sports-reference.com/cbb/players/naje-murray-1.html,texas-tech,2020-21
8,70,8,2020-12-29,Texas Tech,,Incarnate Word,REG (Non-Conf),W 100-47,*,29,2,9,.222,1,7,.143,1,2,.500,.278,2,2,1.000,1,6,7,5,0,0,2,0,7,5.5,Naje Murray,https://www.sports-reference.com/cbb/players/naje-murray-1.html,texas-tech,2020-21
9,71,9,2021-01-02,Texas Tech,@,Oklahoma State,REG (Conf),L 48-75,*,27,3,5,.600,2,3,.667,1,2,.500,.800,0,0,,1,4,5,3,0,0,2,2,8,6.9,Naje Murray,https://www.sports-reference.com/cbb/players/naje-murray-1.html,texas-tech,2020-21
10,72,10,2021-01-06,Texas Tech,,Oklahoma,REG (Conf),L 74-75,*,38,2,7,.286,1,4,.250,1,3,.333,.357,2,2,1.000,0,4,4,3,1,0,4,3,7,2.0,Naje Murray,https://www.sports-reference.com/cbb/players/naje-murray-1.html,texas-tech,2020-21
11,73,11,2021-01-10,Texas Tech,,Iowa State,REG (Conf),L 72-99,*,34,1,4,.250,1,3,.333,0,1,.000,.375,1,2,.500,1,6,7,3,0,0,0,0,4,5.8,Naje Murray,https://www.sports-reference.com/cbb/players/naje-murray-1.html,texas-tech,2020-21
12,74,12,2021-01-13,Texas Tech,@,West Virginia,REG (Conf),L 78-83,*,39,6,12,.500,2,4,.500,4,8,.500,.583,4,5,.800,0,1,1,3,2,1,6,3,18,9.5,Naje Murray,https://www.sports-reference.com/cbb/players/naje-murray-1.html,texas-tech,2020-21
13,75,13,2021-01-17,Texas Tech,,Texas,REG (Conf),W 74-66,*,30,4,6,.667,1,2,.500,3,4,.750,.750,4,4,1.000,1,3,4,0,0,0,0,4,13,10.4,Naje Murray,https://www.sports-reference.com/cbb/players/naje-murray-1.html,texas-tech,2020-21
14,76,14,2021-01-20,Texas Tech,@,Kansas,REG (Conf),W 75-65,*,33,4,7,.571,3,5,.600,1,2,.500,.786,0,0,,0,3,3,4,0,0,5,2,11,5.6,Naje Murray,https://www.sports-reference.com/cbb/players/naje-murray-1.html,texas-tech,2020-21
15,77,15,2021-01-23,Texas Tech,@,TCU,REG (Conf),L 53-61,*,29,2,6,.333,1,2,.500,1,4,.250,.417,0,0,,0,1,1,2,0,0,1,3,5,1.1,Naje Murray,https://www.sports-reference.com/cbb/players/naje-murray-1.html,texas-tech,2020-21
16,78,16,2021-01-27,Texas Tech,,West Virginia,REG (Conf),L 53-73,*,29,2,7,.286,0,4,.000,2,3,.667,.286,1,2,.500,1,3,4,0,1,0,1,1,5,1.7,Naje Murray,https://www.sports-reference.com/cbb/players/naje-murray-1.html,texas-tech,2020-21
17,79,17,2021-01-30,Texas Tech,@,Texas,REG (Conf),L 53-72,*,27,3,10,.300,0,4,.000,3,6,.500,.300,0,0,,1,2,3,2,2,0,4,0,6,0.9,Naje Murray,https://www.sports-reference.com/cbb/players/naje-murray-1.html,texas-tech,2020-21
18,80,18,2021-02-03,Texas Tech,,Kansas State,REG (Conf),W 83-75 (OT),*,33,5,8,.625,5,7,.714,0,1,.000,.938,0,0,,1,1,2,2,0,0,2,1,15,11.4,Naje Murray,https://www.sports-reference.com/cbb/players/naje-murray-1.html,texas-tech,2020-21
19,81,19,2021-02-06,Texas Tech,@,Iowa State,REG (Conf),L 73-92,*,33,0,5,.000,0,3,.000,0,2,.000,.000,0,0,,0,0,0,8,1,0,1,1,0,1.7,Naje Murray,https://www.sports-reference.com/cbb/players/naje-murray-1.html,texas-tech,2020-21
20,82,20,2021-02-10,Texas Tech,,Baylor,REG (Conf),L 50-82,*,30,1,5,.200,0,2,.000,1,3,.333,.200,1,3,.333,1,0,1,1,2,1,4,3,3,-2.0,Naje Murray,https://www.sports-reference.com/cbb/players/naje-murray-1.html,texas-tech,2020-21
21,83,21,2021-02-13,Texas Tech,,Oklahoma State,REG (Conf),L 66-81,*,27,2,7,.286,0,3,.000,2,4,.500,.286,0,0,,3,1,4,4,0,0,0,5,4,3.1,Naje Murray,https://www.sports-reference.com/cbb/players/naje-murray-1.html,texas-tech,2020-21
22,84,22,2021-02-20,Texas Tech,,Kansas,REG (Conf),W 99-98 (OT),*,24,2,5,.400,1,3,.333,1,2,.500,.500,2,2,1.000,0,5,5,5,1,0,2,3,7,7.1,Naje Murray,https://www.sports-reference.com/cbb/players/naje-murray-1.html,texas-tech,2020-21
23,85,23,2021-02-24,Texas Tech,@,Kansas State,REG (Conf),L 79-86,*,37,8,11,.727,8,11,.727,0,0,,1.091,2,4,.500,0,5,5,4,2,0,1,2,26,25.2,Naje Murray,https://www.sports-reference.com/cbb/players/naje-murray-1.html,texas-tech,2020-21
24,86,24,2021-03-01,Texas Tech,@,Oklahoma,REG (Conf),L 79-88,*,31,3,9,.333,2,7,.286,1,2,.500,.444,0,0,,1,1,2,3,1,0,3,2,8,3.2,Naje Murray,https://www.sports-reference.com/cbb/players/naje-murray-1.html,texas-tech,2020-21
25,87,25,2021-03-11,Texas Tech,,Kansas State,CTOURN,L 65-75,*,32,1,10,.100,1,6,.167,0,4,.000,.150,0,0,,1,7,8,2,0,0,2,4,3,-3.0,Naje Murray,https://www.sports-reference.com/cbb/players/naje-murray-1.html,texas-tech,2020-21
