ranker,player_game_num_career,team_game_num_season,date,team_name_abbr,game_location,opp_name_abbr,game_type,game_result,is_starter,mp,fg,fga,fg_pct,fg3,fg3a,fg3_pct,fg2,fg2a,fg2_pct,efg_pct,ft,fta,ft_pct,orb,drb,trb,ast,stl,blk,tov,pf,pts,game_score,player_name,player_sr_link,school,season
1,61,1,2020-11-25,Texas Tech,,Texas–Rio Grande Valley,REG (Non-Conf),W 89-56,*,32,9,17,.529,1,3,.333,8,14,.571,.559,5,5,1.000,2,6,8,3,0,0,3,1,24,17.6,Vivian Gray,https://www.sports-reference.com/cbb/players/vivian-gray-1.html,texas-tech,2020-21
2,62,2,2020-11-28,Texas Tech,,Houston Baptist,REG (Non-Conf),W 68-51,*,40,5,16,.313,1,4,.250,4,12,.333,.344,13,13,1.000,2,5,7,4,1,1,2,0,24,20.2,Vivian Gray,https://www.sports-reference.com/cbb/players/vivian-gray-1.html,texas-tech,2020-21
3,63,3,2020-12-05,Texas Tech,,Rice,REG (Non-Conf),L 62-81,*,39,0,9,.000,0,2,.000,0,7,.000,.000,1,2,.500,4,5,9,3,3,1,0,0,1,4.4,Vivian Gray,https://www.sports-reference.com/cbb/players/vivian-gray-1.html,texas-tech,2020-21
4,64,4,2020-12-09,Texas Tech,,Angelo St.,REG (Non-Conf),W 87-42,*,23,8,17,.471,1,4,.250,7,13,.538,.500,2,2,1.000,3,4,7,4,1,0,0,1,19,17.0,Vivian Gray,https://www.sports-reference.com/cbb/players/vivian-gray-1.html,texas-tech,2020-21
5,65,5,2020-12-14,Texas Tech,@,Baylor,REG (Conf),L 45-91,*,32,6,15,.400,1,4,.250,5,11,.455,.433,5,7,.714,2,3,5,1,0,1,3,4,18,8.2,Vivian Gray,https://www.sports-reference.com/cbb/players/vivian-gray-1.html,texas-tech,2020-21
6,66,6,2020-12-19,Texas Tech,,TCU,REG (Conf),W 78-72,*,36,3,8,.375,0,1,.000,3,7,.429,.375,9,10,.900,1,9,10,5,2,3,1,1,15,19.8,Vivian Gray,https://www.sports-reference.com/cbb/players/vivian-gray-1.html,texas-tech,2020-21
7,67,7,2020-12-21,Texas Tech,,Southern,REG (Non-Conf),W 79-60,*,27,8,12,.667,2,2,1.000,6,10,.600,.750,4,8,.500,2,3,5,5,2,0,4,3,22,17.8,Vivian Gray,https://www.sports-reference.com/cbb/players/vivian-gray-1.html,texas-tech,2020-21
8,68,8,2020-12-29,Texas Tech,,Incarnate Word,REG (Non-Conf),W 100-47,*,29,12,17,.706,1,4,.250,11,13,.846,.735,2,2,1.000,4,6,10,3,0,2,1,1,27,26.6,Vivian Gray,https://www.sports-reference.com/cbb/players/vivian-gray-1.html,texas-tech,2020-21
9,69,9,2021-01-02,Texas Tech,@,Oklahoma State,REG (Conf),L 48-75,*,40,5,18,.278,1,3,.333,4,15,.267,.306,1,2,.500,2,8,10,3,2,3,5,2,12,5.2,Vivian Gray,https://www.sports-reference.com/cbb/players/vivian-gray-1.html,texas-tech,2020-21
10,70,10,2021-01-06,Texas Tech,,Oklahoma,REG (Conf),L 74-75,*,36,10,19,.526,0,4,.000,10,15,.667,.526,4,7,.571,1,4,5,4,1,1,1,3,24,17.7,Vivian Gray,https://www.sports-reference.com/cbb/players/vivian-gray-1.html,texas-tech,2020-21
11,71,11,2021-01-10,Texas Tech,,Iowa State,REG (Conf),L 72-99,*,33,8,17,.471,0,3,.000,8,14,.571,.471,7,7,1.000,0,8,8,1,0,4,1,3,23,18.0,Vivian Gray,https://www.sports-reference.com/cbb/players/vivian-gray-1.html,texas-tech,2020-21
12,72,12,2021-01-13,Texas Tech,@,West Virginia,REG (Conf),L 78-83,*,39,9,17,.529,2,5,.400,7,12,.583,.588,8,12,.667,2,7,9,3,2,3,0,2,28,27.0,Vivian Gray,https://www.sports-reference.com/cbb/players/vivian-gray-1.html,texas-tech,2020-21
13,73,13,2021-01-17,Texas Tech,,Texas,REG (Conf),W 74-66,*,34,9,16,.563,0,2,.000,9,14,.643,.563,6,8,.750,2,11,13,1,1,0,4,4,24,16.4,Vivian Gray,https://www.sports-reference.com/cbb/players/vivian-gray-1.html,texas-tech,2020-21
14,74,14,2021-01-20,Texas Tech,@,Kansas,REG (Conf),W 75-65,*,38,4,17,.235,0,2,.000,4,15,.267,.235,6,9,.667,3,6,9,2,0,0,1,2,14,6.0,Vivian Gray,https://www.sports-reference.com/cbb/players/vivian-gray-1.html,texas-tech,2020-21
15,75,15,2021-01-23,Texas Tech,@,TCU,REG (Conf),L 53-61,*,39,7,18,.389,2,4,.500,5,14,.357,.444,0,0,,1,12,13,5,1,3,2,2,16,14.3,Vivian Gray,https://www.sports-reference.com/cbb/players/vivian-gray-1.html,texas-tech,2020-21
16,76,16,2021-01-27,Texas Tech,,West Virginia,REG (Conf),L 53-73,*,37,7,17,.412,0,3,.000,7,14,.500,.412,4,6,.667,5,5,10,2,2,1,4,2,18,12.4,Vivian Gray,https://www.sports-reference.com/cbb/players/vivian-gray-1.html,texas-tech,2020-21
17,77,17,2021-01-30,Texas Tech,@,Texas,REG (Conf),L 53-72,*,39,5,14,.357,0,2,.000,5,12,.417,.357,2,5,.400,0,9,9,0,2,4,4,2,12,5.7,Vivian Gray,https://www.sports-reference.com/cbb/players/vivian-gray-1.html,texas-tech,2020-21
18,78,18,2021-02-03,Texas Tech,,Kansas State,REG (Conf),W 83-75 (OT),*,44,8,17,.471,1,3,.333,7,14,.500,.500,11,17,.647,1,5,6,10,1,2,3,3,28,24.3,Vivian Gray,https://www.sports-reference.com/cbb/players/vivian-gray-1.html,texas-tech,2020-21
19,79,19,2021-02-06,Texas Tech,@,Iowa State,REG (Conf),L 73-92,*,34,10,18,.556,1,1,1.000,9,17,.529,.583,5,6,.833,2,4,6,1,0,1,4,4,26,15.4,Vivian Gray,https://www.sports-reference.com/cbb/players/vivian-gray-1.html,texas-tech,2020-21
20,80,20,2021-02-10,Texas Tech,,Baylor,REG (Conf),L 50-82,*,35,3,19,.158,0,3,.000,3,16,.188,.158,6,7,.857,2,4,6,1,2,0,2,3,12,1.6,Vivian Gray,https://www.sports-reference.com/cbb/players/vivian-gray-1.html,texas-tech,2020-21
21,81,21,2021-02-13,Texas Tech,,Oklahoma State,REG (Conf),L 66-81,*,40,3,15,.200,0,2,.000,3,13,.231,.200,3,6,.500,2,9,11,4,3,4,2,2,9,8.4,Vivian Gray,https://www.sports-reference.com/cbb/players/vivian-gray-1.html,texas-tech,2020-21
22,82,22,2021-02-20,Texas Tech,,Kansas,REG (Conf),W 99-98 (OT),*,43,14,21,.667,0,3,.000,14,18,.778,.667,10,13,.769,4,6,10,1,3,3,6,3,38,30.9,Vivian Gray,https://www.sports-reference.com/cbb/players/vivian-gray-1.html,texas-tech,2020-21
23,83,23,2021-02-24,Texas Tech,@,Kansas State,REG (Conf),L 79-86,*,36,9,17,.529,1,2,.500,8,15,.533,.559,5,6,.833,1,5,6,4,2,0,3,5,24,17.3,Vivian Gray,https://www.sports-reference.com/cbb/players/vivian-gray-1.html,texas-tech,2020-21
24,84,24,2021-03-01,Texas Tech,@,Oklahoma,REG (Conf),L 79-88,*,38,9,16,.563,1,3,.333,8,13,.615,.594,3,4,.750,2,3,5,3,3,1,1,3,22,19.9,Vivian Gray,https://www.sports-reference.com/cbb/players/vivian-gray-1.html,texas-tech,2020-21
25,85,25,2021-03-11,Texas Tech,,Kansas State,CTOURN,L 65-75,*,36,5,15,.333,0,0,,5,15,.333,.333,5,5,1.000,4,4,8,0,0,3,6,1,15,6.2,Vivian Gray,https://www.sports-reference.com/cbb/players/vivian-gray-1.html,texas-tech,2020-21
