ranker,player_game_num_career,team_game_num_season,date,team_name_abbr,game_location,opp_name_abbr,game_type,game_result,is_starter,mp,fg,fga,fg_pct,fg3,fg3a,fg3_pct,fg2,fg2a,fg2_pct,efg_pct,ft,fta,ft_pct,orb,drb,trb,ast,stl,blk,tov,pf,pts,game_score,player_name,player_sr_link,school,season
1,94,1,2024-11-05,TCU,,Houston Christian,REG (Non-Conf),W 78-41,*,30,2,8,.250,1,6,.167,1,2,.500,.313,3,4,.750,0,4,4,7,2,0,0,1,8,10.5,Madison Conner,https://www.sports-reference.com/cbb/players/madison-conner-1.html,texas-christian,2024-25
2,95,2,2024-11-10,TCU,,New Orleans,REG (Non-Conf),W 107-52,*,29,10,22,.455,9,17,.529,1,5,.200,.659,1,1,1.000,1,4,5,5,4,0,3,4,30,23.4,Madison Conner,https://www.sports-reference.com/cbb/players/madison-conner-1.html,texas-christian,2024-25
3,96,3,2024-11-13,TCU,,Texas State,REG (Non-Conf),W 90-31,*,30,4,9,.444,4,9,.444,0,0,,.667,0,0,,0,3,3,6,1,3,3,3,12,11.3,Madison Conner,https://www.sports-reference.com/cbb/players/madison-conner-1.html,texas-christian,2024-25
4,97,4,2024-11-17,TCU,,NC State,REG (Non-Conf),W 76-73,*,35,4,15,.267,2,8,.250,2,7,.286,.333,1,1,1.000,2,4,6,4,1,0,1,2,11,6.7,Madison Conner,https://www.sports-reference.com/cbb/players/madison-conner-1.html,texas-christian,2024-25
5,98,5,2024-11-21,TCU,,Incarnate Word,REG (Non-Conf),W 81-43,*,29,6,9,.667,4,7,.571,2,2,1.000,.889,1,2,.500,0,2,2,4,2,1,1,1,17,17.4,Madison Conner,https://www.sports-reference.com/cbb/players/madison-conner-1.html,texas-christian,2024-25
6,99,6,2024-11-24,TCU,,Idaho State,REG (Non-Conf),W 86-46,*,28,6,9,.667,5,7,.714,1,2,.500,.944,0,0,,0,3,3,4,0,0,2,4,17,13.2,Madison Conner,https://www.sports-reference.com/cbb/players/madison-conner-1.html,texas-christian,2024-25
7,100,7,2024-11-29,TCU,N,Notre Dame,REG (Non-Conf),W 76-68,*,37,5,13,.385,3,9,.333,2,4,.500,.500,5,6,.833,0,6,6,2,1,0,7,3,18,6.5,Madison Conner,https://www.sports-reference.com/cbb/players/madison-conner-1.html,texas-christian,2024-25
8,101,8,2024-11-30,TCU,N,South Florida,REG (Non-Conf),W 87-46,*,28,4,8,.500,4,8,.500,0,0,,.750,2,2,1.000,0,2,2,2,0,0,0,2,14,11.2,Madison Conner,https://www.sports-reference.com/cbb/players/madison-conner-1.html,texas-christian,2024-25
9,102,9,2024-12-04,TCU,,Florida Atlantic,REG (Non-Conf),W 78-42,*,29,3,10,.300,3,9,.333,0,1,.000,.450,0,0,,0,8,8,7,3,0,2,2,9,10.7,Madison Conner,https://www.sports-reference.com/cbb/players/madison-conner-1.html,texas-christian,2024-25
10,103,10,2024-12-08,TCU,N,South Carolina,REG (Non-Conf),L 52-85,*,32,1,8,.125,1,3,.333,0,5,.000,.188,2,2,1.000,1,5,6,1,0,0,7,2,5,-5.1,Madison Conner,https://www.sports-reference.com/cbb/players/madison-conner-1.html,texas-christian,2024-25
11,104,11,2024-12-15,TCU,,Louisiana Tech,REG (Non-Conf),W 92-41,,28,7,13,.538,4,10,.400,3,3,1.000,.692,0,0,,0,4,4,2,1,0,3,1,18,11.9,Madison Conner,https://www.sports-reference.com/cbb/players/madison-conner-1.html,texas-christian,2024-25
12,105,12,2024-12-17,TCU,,Samford,REG (Non-Conf),W 103-64,*,33,10,21,.476,8,16,.500,2,5,.400,.667,5,5,1.000,1,5,6,4,0,1,1,3,33,25.8,Madison Conner,https://www.sports-reference.com/cbb/players/madison-conner-1.html,texas-christian,2024-25
13,106,13,2024-12-21,TCU,@,UCF,REG (Conf),W 92-52,*,28,8,15,.533,5,10,.500,3,5,.600,.700,3,3,1.000,1,4,5,5,2,0,4,2,24,19.3,Madison Conner,https://www.sports-reference.com/cbb/players/madison-conner-1.html,texas-christian,2024-25
14,107,14,2024-12-29,TCU,,Brown,REG (Non-Conf),W 79-47,*,28,5,11,.455,4,8,.500,1,3,.333,.636,0,0,,0,4,4,3,2,0,2,1,14,11.2,Madison Conner,https://www.sports-reference.com/cbb/players/madison-conner-1.html,texas-christian,2024-25
15,108,15,2025-01-01,TCU,,Colorado,REG (Conf),W 63-50,*,37,4,11,.364,1,5,.200,3,6,.500,.409,0,2,.000,0,5,5,3,0,0,1,2,9,3.9,Madison Conner,https://www.sports-reference.com/cbb/players/madison-conner-1.html,texas-christian,2024-25
16,109,16,2025-01-04,TCU,,Cincinnati,REG (Conf),W 81-66,*,37,8,15,.533,6,9,.667,2,6,.333,.733,7,8,.875,0,4,4,7,1,0,3,3,29,24.2,Madison Conner,https://www.sports-reference.com/cbb/players/madison-conner-1.html,texas-christian,2024-25
17,110,17,2025-01-08,TCU,@,Kansas,REG (Conf),W 80-73,*,34,2,7,.286,2,5,.400,0,2,.000,.429,3,4,.750,0,3,3,3,1,0,2,3,9,5.3,Madison Conner,https://www.sports-reference.com/cbb/players/madison-conner-1.html,texas-christian,2024-25
18,111,18,2025-01-11,TCU,@,Texas Tech,REG (Conf),W 69-43,*,32,4,8,.500,4,8,.500,0,0,,.750,1,1,1.000,0,4,4,4,0,0,2,4,13,9.4,Madison Conner,https://www.sports-reference.com/cbb/players/madison-conner-1.html,texas-christian,2024-25
19,112,19,2025-01-14,TCU,,UCF,REG (Conf),W 90-81,*,32,4,9,.444,4,9,.444,0,0,,.667,2,2,1.000,0,2,2,6,0,0,1,2,14,12.3,Madison Conner,https://www.sports-reference.com/cbb/players/madison-conner-1.html,texas-christian,2024-25
20,113,20,2025-01-17,TCU,,Utah,REG (Conf),W 81-73,*,32,4,11,.364,3,6,.500,1,5,.200,.500,2,2,1.000,0,2,2,6,0,0,1,2,13,9.9,Madison Conner,https://www.sports-reference.com/cbb/players/madison-conner-1.html,texas-christian,2024-25
21,114,21,2025-01-22,TCU,@,Oklahoma State,REG (Conf),L 59-60,*,37,2,9,.222,2,4,.500,0,5,.000,.333,3,3,1.000,1,2,3,4,0,0,0,1,9,7.2,Madison Conner,https://www.sports-reference.com/cbb/players/madison-conner-1.html,texas-christian,2024-25
22,115,22,2025-01-26,TCU,,Baylor,REG (Conf),W 80-75,*,35,7,16,.438,4,8,.500,3,8,.375,.563,3,4,.750,1,7,8,3,0,0,2,2,21,14.3,Madison Conner,https://www.sports-reference.com/cbb/players/madison-conner-1.html,texas-christian,2024-25
23,116,23,2025-02-02,TCU,@,Iowa State,REG (Conf),W 82-69,*,39,3,6,.500,0,1,.000,3,5,.600,.500,4,4,1.000,0,6,6,3,2,0,1,2,10,11.1,Madison Conner,https://www.sports-reference.com/cbb/players/madison-conner-1.html,texas-christian,2024-25
24,117,24,2025-02-05,TCU,@,Kansas State,REG (Conf),L 50-59,*,39,3,7,.429,3,7,.429,0,0,,.643,0,0,,0,5,5,2,2,0,4,2,9,5.4,Madison Conner,https://www.sports-reference.com/cbb/players/madison-conner-1.html,texas-christian,2024-25
25,118,25,2025-02-08,TCU,,Texas Tech,REG (Conf),W 63-42,*,33,5,6,.833,3,4,.750,2,2,1.000,1.083,0,0,,0,0,0,1,2,1,3,1,13,10.8,Madison Conner,https://www.sports-reference.com/cbb/players/madison-conner-1.html,texas-christian,2024-25
26,119,26,2025-02-11,TCU,,Brigham Young,REG (Conf),W 79-47,*,25,5,12,.417,4,11,.364,1,1,1.000,.583,0,0,,0,3,3,4,2,1,1,1,14,12.6,Madison Conner,https://www.sports-reference.com/cbb/players/madison-conner-1.html,texas-christian,2024-25
27,120,27,2025-02-16,TCU,@,Arizona,REG (Conf),W 85-73,*,38,7,10,.700,4,7,.571,3,3,1.000,.900,0,0,,0,3,3,4,1,1,2,2,18,16.4,Madison Conner,https://www.sports-reference.com/cbb/players/madison-conner-1.html,texas-christian,2024-25
28,121,28,2025-02-19,TCU,@,Arizona State,REG (Conf),W 82-66,*,31,9,16,.563,4,10,.400,5,6,.833,.688,0,0,,0,6,6,4,1,0,4,3,22,14.8,Madison Conner,https://www.sports-reference.com/cbb/players/madison-conner-1.html,texas-christian,2024-25
29,122,29,2025-02-23,TCU,,West Virginia,REG (Conf),W 71-50,*,31,2,5,.400,0,3,.000,2,2,1.000,.400,0,0,,0,6,6,6,1,0,3,3,4,4.1,Madison Conner,https://www.sports-reference.com/cbb/players/madison-conner-1.html,texas-christian,2024-25
30,123,30,2025-02-26,TCU,,Houston,REG (Conf),W 91-56,*,31,5,13,.385,5,12,.417,0,1,.000,.577,0,0,,1,3,4,5,1,0,2,4,15,10.4,Madison Conner,https://www.sports-reference.com/cbb/players/madison-conner-1.html,texas-christian,2024-25
31,124,31,2025-03-02,TCU,@,Baylor,REG (Conf),W 51-48,*,31,2,7,.286,2,6,.333,0,1,.000,.429,1,2,.500,0,3,3,2,0,0,1,3,7,2.6,Madison Conner,https://www.sports-reference.com/cbb/players/madison-conner-1.html,texas-christian,2024-25
32,125,32,2025-03-07,TCU,N,Colorado,CTOURN,W 69-62,*,30,3,6,.500,3,3,1.000,0,3,.000,.750,0,0,,0,2,2,4,1,0,2,3,9,7.2,Madison Conner,https://www.sports-reference.com/cbb/players/madison-conner-1.html,texas-christian,2024-25
33,126,33,2025-03-08,TCU,N,West Virginia,CTOURN,W 71-65,*,37,5,12,.417,5,10,.500,0,2,.000,.625,1,2,.500,0,2,2,1,1,0,1,2,16,9.7,Madison Conner,https://www.sports-reference.com/cbb/players/madison-conner-1.html,texas-christian,2024-25
34,127,34,2025-03-09,TCU,N,Baylor,CTOURN,W 64-59,*,34,2,8,.250,2,6,.333,0,2,.000,.375,5,6,.833,0,1,1,0,0,0,4,1,11,1.7,Madison Conner,https://www.sports-reference.com/cbb/players/madison-conner-1.html,texas-christian,2024-25
35,128,35,2025-03-21,TCU,,FDU,ROUND-64,W 73-51,*,32,9,17,.529,4,9,.444,5,8,.625,.647,1,2,.500,0,6,6,2,0,1,3,2,23,14.4,Madison Conner,https://www.sports-reference.com/cbb/players/madison-conner-1.html,texas-christian,2024-25
36,129,36,2025-03-23,TCU,,Louisville,ROUND-32,W 85-70,*,37,3,5,.600,3,5,.600,0,0,,.900,0,0,,0,6,6,2,0,0,1,2,9,8.1,Madison Conner,https://www.sports-reference.com/cbb/players/madison-conner-1.html,texas-christian,2024-25
37,130,37,2025-03-29,TCU,N,Notre Dame,ROUND-16,W 71-62,*,38,4,8,.500,2,4,.500,2,4,.500,.625,3,4,.750,0,2,2,0,0,0,3,3,13,5.0,Madison Conner,https://www.sports-reference.com/cbb/players/madison-conner-1.html,texas-christian,2024-25
38,131,38,2025-03-31,TCU,N,Texas,ROUND-8,L 47-58,*,37,4,11,.364,1,6,.167,3,5,.600,.409,0,0,,0,2,2,3,0,0,4,0,9,1.6,Madison Conner,https://www.sports-reference.com/cbb/players/madison-conner-1.html,texas-christian,2024-25
