ranker,player_game_num_career,team_game_num_season,date,team_name_abbr,game_location,opp_name_abbr,game_type,game_result,is_starter,mp,fg,fga,fg_pct,fg3,fg3a,fg2,fg2a,fg2_pct,efg_pct,ft,fta,ft_pct,orb,drb,trb,ast,stl,blk,tov,pf,pts,game_score,player_name,player_sr_link,school,season
1,83,1,2018-11-06,Troy,@,Florida State,REG (Non-Conf),L 67-103,,22,0,2,.000,0,0,0,2,.000,.000,5,6,.833,4,1,5,0,1,0,2,3,5,4.1,Amahni Upshaw,https://www.sports-reference.com/cbb/players/amahni-upshaw-1.html,troy,2018-19
2,84,2,2018-11-12,Troy,,Samford,REG (Non-Conf),W 72-52,*,14,1,1,1.000,0,0,1,1,1.000,1.000,0,0,,1,4,5,0,0,0,2,1,2,1.2,Amahni Upshaw,https://www.sports-reference.com/cbb/players/amahni-upshaw-1.html,troy,2018-19
3,85,5,2018-11-23,Troy,,Sam Houston State,REG (Non-Conf),W 84-79,,3,1,1,1.000,0,0,1,1,1.000,1.000,0,0,,0,2,2,0,0,0,1,0,2,1.3,Amahni Upshaw,https://www.sports-reference.com/cbb/players/amahni-upshaw-1.html,troy,2018-19
4,86,6,2018-11-24,Troy,,Mississippi Valley State,REG (Non-Conf),W 75-54,,10,0,2,.000,0,0,0,2,.000,.000,0,0,,0,5,5,0,2,1,0,3,0,1.6,Amahni Upshaw,https://www.sports-reference.com/cbb/players/amahni-upshaw-1.html,troy,2018-19
5,87,7,2018-11-29,Troy,,Alabama State,REG (Non-Conf),W 116-46,,23,3,6,.500,0,0,3,6,.500,.500,3,5,.600,4,6,10,3,1,0,0,1,9,12.5,Amahni Upshaw,https://www.sports-reference.com/cbb/players/amahni-upshaw-1.html,troy,2018-19
6,88,8,2018-12-04,Troy,,Middle Tennessee,REG (Non-Conf),L 64-67,,6,1,1,1.000,0,0,1,1,1.000,1.000,1,2,.500,1,2,3,0,0,0,1,1,3,2.2,Amahni Upshaw,https://www.sports-reference.com/cbb/players/amahni-upshaw-1.html,troy,2018-19
7,89,9,2018-12-12,Troy,,Talladega,REG (Non-Conf),W 91-70,,19,3,4,.750,0,0,3,4,.750,.750,1,2,.500,4,2,6,0,1,0,0,3,7,8.2,Amahni Upshaw,https://www.sports-reference.com/cbb/players/amahni-upshaw-1.html,troy,2018-19
8,90,10,2018-12-19,Troy,@,Ole Miss,REG (Non-Conf),W 71-54,,2,0,0,,0,0,0,0,,,0,0,,0,0,0,0,0,0,0,0,0,0.0,Amahni Upshaw,https://www.sports-reference.com/cbb/players/amahni-upshaw-1.html,troy,2018-19
9,91,11,2018-12-29,Troy,@,Jacksonville State,REG (Non-Conf),W 89-63,,17,0,1,.000,0,0,0,1,.000,.000,2,2,1.000,3,3,6,0,0,0,1,2,2,2.5,Amahni Upshaw,https://www.sports-reference.com/cbb/players/amahni-upshaw-1.html,troy,2018-19
10,92,12,2019-01-03,Troy,@,Coastal Carolina,REG (Conf),W 82-81,,3,0,1,.000,0,0,0,1,.000,.000,0,0,,0,2,2,0,0,0,0,2,0,-0.9,Amahni Upshaw,https://www.sports-reference.com/cbb/players/amahni-upshaw-1.html,troy,2018-19
11,93,14,2019-01-10,Troy,,Little Rock,REG (Conf),W 71-66,,1,0,0,,0,0,0,0,,,0,0,,0,0,0,0,0,0,1,0,0,-1.0,Amahni Upshaw,https://www.sports-reference.com/cbb/players/amahni-upshaw-1.html,troy,2018-19
12,94,15,2019-01-12,Troy,,Arkansas State,REG (Conf),W 87-79,,1,0,0,,0,0,0,0,,,0,0,,0,0,0,0,0,0,0,1,0,-0.4,Amahni Upshaw,https://www.sports-reference.com/cbb/players/amahni-upshaw-1.html,troy,2018-19
13,95,16,2019-01-17,Troy,@,Georgia Southern,REG (Conf),W 97-81,,1,0,0,,0,0,0,0,,,0,0,,0,0,0,0,0,0,0,1,0,-0.4,Amahni Upshaw,https://www.sports-reference.com/cbb/players/amahni-upshaw-1.html,troy,2018-19
14,96,17,2019-01-19,Troy,@,Georgia State,REG (Conf),L 80-84,,3,0,0,,0,0,0,0,,,0,0,,0,1,1,0,0,0,1,1,0,-1.1,Amahni Upshaw,https://www.sports-reference.com/cbb/players/amahni-upshaw-1.html,troy,2018-19
15,97,18,2019-01-24,Troy,,Louisiana–Monroe,REG (Conf),W 78-56,,6,1,2,.500,0,0,1,2,.500,.500,0,0,,1,0,1,0,0,0,0,3,2,0.5,Amahni Upshaw,https://www.sports-reference.com/cbb/players/amahni-upshaw-1.html,troy,2018-19
16,98,19,2019-01-26,Troy,,Louisiana,REG (Conf),W 90-64,,6,1,1,1.000,0,0,1,1,1.000,1.000,0,2,.000,0,0,0,0,0,0,0,1,2,0.5,Amahni Upshaw,https://www.sports-reference.com/cbb/players/amahni-upshaw-1.html,troy,2018-19
17,99,22,2019-02-09,Troy,@,Arkansas State,REG (Conf),W 100-89,,3,0,1,.000,0,0,0,1,.000,.000,0,0,,0,0,0,0,0,0,0,0,0,-0.7,Amahni Upshaw,https://www.sports-reference.com/cbb/players/amahni-upshaw-1.html,troy,2018-19
18,100,24,2019-02-16,Troy,,Georgia Southern,REG (Conf),W 100-78,,10,2,4,.500,0,0,2,4,.500,.500,0,2,.000,2,1,3,0,0,0,0,3,4,1.7,Amahni Upshaw,https://www.sports-reference.com/cbb/players/amahni-upshaw-1.html,troy,2018-19
19,101,25,2019-02-23,Troy,,South Alabama,REG (Conf),W 66-58,,1,0,0,,0,0,0,0,,,0,0,,0,0,0,0,0,0,0,0,0,0.0,Amahni Upshaw,https://www.sports-reference.com/cbb/players/amahni-upshaw-1.html,troy,2018-19
20,102,27,2019-03-02,Troy,@,UT Arlington,REG (Conf),L 65-88,,2,0,0,,0,0,0,0,,,0,0,,0,0,0,0,0,0,0,0,0,0.0,Amahni Upshaw,https://www.sports-reference.com/cbb/players/amahni-upshaw-1.html,troy,2018-19
21,103,28,2019-03-07,Troy,,Appalachian State,REG (Conf),W 95-66,,3,0,0,,0,0,0,0,,,0,0,,0,0,0,0,0,0,0,2,0,-0.8,Amahni Upshaw,https://www.sports-reference.com/cbb/players/amahni-upshaw-1.html,troy,2018-19
22,104,29,2019-03-09,Troy,,Coastal Carolina,REG (Conf),W 89-76,*,11,2,5,.400,0,0,2,5,.400,.400,0,0,,3,3,6,1,0,0,1,1,4,3.6,Amahni Upshaw,https://www.sports-reference.com/cbb/players/amahni-upshaw-1.html,troy,2018-19
23,105,31,2019-03-21,Troy,,UAB,WNIT,L 89-93,,4,0,1,.000,0,0,0,1,.000,.000,0,0,,0,1,1,0,0,0,0,2,0,-1.2,Amahni Upshaw,https://www.sports-reference.com/cbb/players/amahni-upshaw-1.html,troy,2018-19
