ranker,player_game_num_career,team_game_num_season,date,team_name_abbr,game_location,opp_name_abbr,game_type,game_result,is_starter,mp,fg,fga,fg_pct,fg3,fg3a,fg3_pct,fg2,fg2a,fg2_pct,efg_pct,ft,fta,ft_pct,orb,drb,trb,ast,stl,blk,tov,pf,pts,game_score,player_name,player_sr_link,school,season
1,61,1,2018-11-06,Troy,@,Florida State,REG (Non-Conf),L 67-103,*,26,5,9,.556,1,2,.500,4,7,.571,.611,1,2,.500,2,1,3,0,0,1,3,2,12,5.9,Amber Rivers,https://www.sports-reference.com/cbb/players/amber-rivers-1.html,troy,2018-19
2,62,2,2018-11-12,Troy,,Samford,REG (Non-Conf),W 72-52,,19,4,11,.364,2,6,.333,2,5,.400,.455,1,2,.500,1,1,2,1,0,0,0,1,11,5.8,Amber Rivers,https://www.sports-reference.com/cbb/players/amber-rivers-1.html,troy,2018-19
3,63,3,2018-11-16,Troy,,Tennessee State,REG (Non-Conf),W 92-67,,20,6,10,.600,3,4,.750,3,6,.500,.750,4,6,.667,1,3,4,0,1,1,2,2,19,14.1,Amber Rivers,https://www.sports-reference.com/cbb/players/amber-rivers-1.html,troy,2018-19
4,64,4,2018-11-19,Troy,@,East Tennessee State,REG (Non-Conf),W 84-66,,24,2,6,.333,0,3,.000,2,3,.667,.333,1,2,.500,0,1,1,0,1,0,4,4,5,-3.1,Amber Rivers,https://www.sports-reference.com/cbb/players/amber-rivers-1.html,troy,2018-19
5,65,5,2018-11-23,Troy,,Sam Houston State,REG (Non-Conf),W 84-79,,25,6,15,.400,0,2,.000,6,13,.462,.400,0,0,,7,4,11,2,0,1,1,4,12,9.5,Amber Rivers,https://www.sports-reference.com/cbb/players/amber-rivers-1.html,troy,2018-19
6,66,6,2018-11-24,Troy,,Mississippi Valley State,REG (Non-Conf),W 75-54,*,21,6,14,.429,1,7,.143,5,7,.714,.464,2,2,1.000,3,2,5,0,0,0,1,0,15,9.3,Amber Rivers,https://www.sports-reference.com/cbb/players/amber-rivers-1.html,troy,2018-19
7,67,7,2018-11-29,Troy,,Alabama State,REG (Non-Conf),W 116-46,*,17,6,11,.545,3,7,.429,3,4,.750,.682,2,2,1.000,0,1,1,1,2,0,2,3,17,11.5,Amber Rivers,https://www.sports-reference.com/cbb/players/amber-rivers-1.html,troy,2018-19
8,68,8,2018-12-04,Troy,,Middle Tennessee,REG (Non-Conf),L 64-67,*,20,3,8,.375,1,5,.200,2,3,.667,.438,1,2,.500,3,1,4,1,0,0,4,2,8,1.5,Amber Rivers,https://www.sports-reference.com/cbb/players/amber-rivers-1.html,troy,2018-19
9,69,9,2018-12-12,Troy,,Talladega,REG (Non-Conf),W 91-70,*,21,5,13,.385,1,3,.333,4,10,.400,.423,1,2,.500,4,4,8,2,1,1,2,1,12,9.2,Amber Rivers,https://www.sports-reference.com/cbb/players/amber-rivers-1.html,troy,2018-19
10,70,10,2018-12-19,Troy,@,Ole Miss,REG (Non-Conf),W 71-54,*,25,5,14,.357,1,2,.500,4,12,.333,.393,2,3,.667,6,2,8,0,1,0,2,1,13,8.2,Amber Rivers,https://www.sports-reference.com/cbb/players/amber-rivers-1.html,troy,2018-19
11,71,11,2018-12-29,Troy,@,Jacksonville State,REG (Non-Conf),W 89-63,*,23,5,9,.556,0,2,.000,5,7,.714,.556,10,14,.714,4,3,7,1,0,1,0,1,20,18.8,Amber Rivers,https://www.sports-reference.com/cbb/players/amber-rivers-1.html,troy,2018-19
12,72,12,2019-01-03,Troy,@,Coastal Carolina,REG (Conf),W 82-81,*,18,3,8,.375,0,0,,3,8,.375,.375,0,0,,3,2,5,2,0,0,1,5,6,2.7,Amber Rivers,https://www.sports-reference.com/cbb/players/amber-rivers-1.html,troy,2018-19
13,73,13,2019-01-05,Troy,@,Appalachian State,REG (Conf),W 83-72,*,17,4,9,.444,2,4,.500,2,5,.400,.556,0,1,.000,2,0,2,0,1,0,1,5,10,4.3,Amber Rivers,https://www.sports-reference.com/cbb/players/amber-rivers-1.html,troy,2018-19
14,74,14,2019-01-10,Troy,,Little Rock,REG (Conf),W 71-66,*,14,1,3,.333,0,0,,1,3,.333,.333,0,0,,1,1,2,0,0,0,3,3,2,-2.9,Amber Rivers,https://www.sports-reference.com/cbb/players/amber-rivers-1.html,troy,2018-19
15,75,15,2019-01-12,Troy,,Arkansas State,REG (Conf),W 87-79,,25,9,14,.643,4,6,.667,5,8,.625,.786,0,0,,1,5,6,0,1,1,1,1,22,18.3,Amber Rivers,https://www.sports-reference.com/cbb/players/amber-rivers-1.html,troy,2018-19
16,76,16,2019-01-17,Troy,@,Georgia Southern,REG (Conf),W 97-81,*,23,3,11,.273,0,2,.000,3,9,.333,.273,0,0,,1,2,3,0,0,0,0,0,6,0.8,Amber Rivers,https://www.sports-reference.com/cbb/players/amber-rivers-1.html,troy,2018-19
17,77,17,2019-01-19,Troy,@,Georgia State,REG (Conf),L 80-84,*,26,4,16,.250,0,5,.000,4,11,.364,.250,3,4,.750,5,1,6,1,0,0,0,3,11,4.3,Amber Rivers,https://www.sports-reference.com/cbb/players/amber-rivers-1.html,troy,2018-19
18,78,18,2019-01-24,Troy,,Louisiana–Monroe,REG (Conf),W 78-56,*,21,4,12,.333,1,7,.143,3,5,.600,.375,1,2,.500,3,1,4,0,1,0,2,1,10,3.8,Amber Rivers,https://www.sports-reference.com/cbb/players/amber-rivers-1.html,troy,2018-19
19,79,19,2019-01-26,Troy,,Louisiana,REG (Conf),W 90-64,*,8,2,4,.500,0,1,.000,2,3,.667,.500,0,0,,0,0,0,0,0,0,1,1,4,0.6,Amber Rivers,https://www.sports-reference.com/cbb/players/amber-rivers-1.html,troy,2018-19
20,80,20,2019-02-02,Troy,@,South Alabama,REG (Conf),L 77-80,,20,3,7,.429,2,4,.500,1,3,.333,.571,0,0,,0,1,1,0,1,1,1,5,8,3.3,Amber Rivers,https://www.sports-reference.com/cbb/players/amber-rivers-1.html,troy,2018-19
21,81,21,2019-02-07,Troy,@,Little Rock,REG (Conf),L 72-76,,16,1,11,.091,0,6,.000,1,5,.200,.091,0,0,,0,5,5,1,0,0,1,0,2,-4.1,Amber Rivers,https://www.sports-reference.com/cbb/players/amber-rivers-1.html,troy,2018-19
22,82,22,2019-02-09,Troy,@,Arkansas State,REG (Conf),W 100-89,,29,5,10,.500,2,3,.667,3,7,.429,.600,3,4,.750,1,6,7,0,2,0,1,3,15,11.9,Amber Rivers,https://www.sports-reference.com/cbb/players/amber-rivers-1.html,troy,2018-19
23,83,23,2019-02-14,Troy,,Georgia State,REG (Conf),L 70-85,,13,1,6,.167,0,2,.000,1,4,.250,.167,0,0,,1,0,1,0,0,0,0,1,2,-1.5,Amber Rivers,https://www.sports-reference.com/cbb/players/amber-rivers-1.html,troy,2018-19
24,84,24,2019-02-16,Troy,,Georgia Southern,REG (Conf),W 100-78,*,18,5,8,.625,2,3,.667,3,5,.600,.750,0,0,,1,1,2,0,0,2,2,3,12,7.6,Amber Rivers,https://www.sports-reference.com/cbb/players/amber-rivers-1.html,troy,2018-19
25,85,25,2019-02-23,Troy,,South Alabama,REG (Conf),W 66-58,,16,3,10,.300,0,3,.000,3,7,.429,.300,0,0,,3,2,5,1,2,0,0,2,6,4.8,Amber Rivers,https://www.sports-reference.com/cbb/players/amber-rivers-1.html,troy,2018-19
26,86,26,2019-02-28,Troy,@,Texas State,REG (Conf),W 82-63,,14,2,5,.400,1,4,.250,1,1,1.000,.500,0,0,,0,2,2,1,0,0,4,1,5,-0.8,Amber Rivers,https://www.sports-reference.com/cbb/players/amber-rivers-1.html,troy,2018-19
27,87,27,2019-03-02,Troy,@,UT Arlington,REG (Conf),L 65-88,,22,2,5,.400,0,1,.000,2,4,.500,.400,4,4,1.000,3,1,4,0,0,0,1,1,8,6.3,Amber Rivers,https://www.sports-reference.com/cbb/players/amber-rivers-1.html,troy,2018-19
28,88,28,2019-03-07,Troy,,Appalachian State,REG (Conf),W 95-66,*,28,8,21,.381,2,7,.286,6,14,.429,.429,1,2,.500,5,3,8,0,0,0,1,1,19,10.1,Amber Rivers,https://www.sports-reference.com/cbb/players/amber-rivers-1.html,troy,2018-19
29,89,29,2019-03-09,Troy,,Coastal Carolina,REG (Conf),W 89-76,*,25,7,14,.500,1,5,.200,6,9,.667,.536,0,0,,2,1,3,1,3,0,0,2,15,12.6,Amber Rivers,https://www.sports-reference.com/cbb/players/amber-rivers-1.html,troy,2018-19
30,90,30,2019-03-14,Troy,,South Alabama,CTOURN,L 74-87 (OT),*,23,2,6,.333,0,2,.000,2,4,.500,.333,0,0,,2,0,2,0,0,0,0,1,4,1.6,Amber Rivers,https://www.sports-reference.com/cbb/players/amber-rivers-1.html,troy,2018-19
31,91,31,2019-03-21,Troy,,UAB,WNIT,L 89-93,*,20,4,10,.400,3,3,1.000,1,7,.143,.550,0,0,,3,5,8,1,2,1,1,0,11,11.6,Amber Rivers,https://www.sports-reference.com/cbb/players/amber-rivers-1.html,troy,2018-19
