ranker,player_game_num_career,team_game_num_season,date,team_name_abbr,game_location,opp_name_abbr,game_type,game_result,is_starter,mp,fg,fga,fg_pct,fg3,fg3a,fg3_pct,fg2,fg2a,fg2_pct,efg_pct,ft,fta,ft_pct,orb,drb,trb,ast,stl,blk,tov,pf,pts,game_score,player_name,player_sr_link,school,season
1,63,1,2018-11-06,Troy,@,Florida State,REG (Non-Conf),L 67-103,*,13,2,4,.500,1,2,.500,1,2,.500,.625,0,2,.000,0,1,1,0,0,0,1,3,5,0.3,Harriet Winchester,https://www.sports-reference.com/cbb/players/harriet-winchester-1.html,troy,2018-19
2,64,2,2018-11-12,Troy,,Samford,REG (Non-Conf),W 72-52,*,14,1,5,.200,0,2,.000,1,3,.333,.200,2,2,1.000,1,1,2,1,0,0,0,1,4,2.2,Harriet Winchester,https://www.sports-reference.com/cbb/players/harriet-winchester-1.html,troy,2018-19
3,65,3,2018-11-16,Troy,,Tennessee State,REG (Non-Conf),W 92-67,*,14,4,6,.667,2,4,.500,2,2,1.000,.833,0,0,,1,0,1,2,1,0,0,3,10,9.3,Harriet Winchester,https://www.sports-reference.com/cbb/players/harriet-winchester-1.html,troy,2018-19
4,66,4,2018-11-19,Troy,@,East Tennessee State,REG (Non-Conf),W 84-66,*,15,2,7,.286,1,3,.333,1,4,.250,.357,0,0,,0,3,3,0,1,0,1,2,5,1.0,Harriet Winchester,https://www.sports-reference.com/cbb/players/harriet-winchester-1.html,troy,2018-19
5,67,5,2018-11-23,Troy,,Sam Houston State,REG (Non-Conf),W 84-79,*,20,3,7,.429,1,2,.500,2,5,.400,.500,5,5,1.000,2,3,5,3,1,3,0,1,12,15.4,Harriet Winchester,https://www.sports-reference.com/cbb/players/harriet-winchester-1.html,troy,2018-19
6,68,6,2018-11-24,Troy,,Mississippi Valley State,REG (Non-Conf),W 75-54,*,24,2,8,.250,2,7,.286,0,1,.000,.375,3,6,.500,3,3,6,2,1,0,0,2,9,7.6,Harriet Winchester,https://www.sports-reference.com/cbb/players/harriet-winchester-1.html,troy,2018-19
7,69,7,2018-11-29,Troy,,Alabama State,REG (Non-Conf),W 116-46,*,24,3,7,.429,0,3,.000,3,4,.750,.429,4,5,.800,4,1,5,4,3,0,3,1,10,11.4,Harriet Winchester,https://www.sports-reference.com/cbb/players/harriet-winchester-1.html,troy,2018-19
8,70,8,2018-12-04,Troy,,Middle Tennessee,REG (Non-Conf),L 64-67,*,27,3,10,.300,1,7,.143,2,3,.667,.350,2,2,1.000,3,0,3,1,1,0,7,3,9,-1.2,Harriet Winchester,https://www.sports-reference.com/cbb/players/harriet-winchester-1.html,troy,2018-19
9,71,9,2018-12-12,Troy,,Talladega,REG (Non-Conf),W 91-70,*,15,4,7,.571,0,3,.000,4,4,1.000,.571,0,0,,3,0,3,3,0,0,0,2,8,8.1,Harriet Winchester,https://www.sports-reference.com/cbb/players/harriet-winchester-1.html,troy,2018-19
10,72,10,2018-12-19,Troy,@,Ole Miss,REG (Non-Conf),W 71-54,*,30,5,12,.417,1,3,.333,4,9,.444,.458,0,0,,2,2,4,5,3,0,2,2,11,10.3,Harriet Winchester,https://www.sports-reference.com/cbb/players/harriet-winchester-1.html,troy,2018-19
11,73,11,2018-12-29,Troy,@,Jacksonville State,REG (Non-Conf),W 89-63,*,19,2,8,.250,0,3,.000,2,5,.400,.250,0,0,,1,0,1,0,1,0,2,2,4,-1.9,Harriet Winchester,https://www.sports-reference.com/cbb/players/harriet-winchester-1.html,troy,2018-19
12,74,12,2019-01-03,Troy,@,Coastal Carolina,REG (Conf),W 82-81,*,26,4,12,.333,0,3,.000,4,9,.444,.333,0,0,,3,3,6,1,1,2,0,2,8,6.5,Harriet Winchester,https://www.sports-reference.com/cbb/players/harriet-winchester-1.html,troy,2018-19
13,75,13,2019-01-05,Troy,@,Appalachian State,REG (Conf),W 83-72,*,17,0,4,.000,0,1,.000,0,3,.000,.000,0,0,,1,2,3,2,1,0,1,3,0,-1.3,Harriet Winchester,https://www.sports-reference.com/cbb/players/harriet-winchester-1.html,troy,2018-19
14,76,14,2019-01-10,Troy,,Little Rock,REG (Conf),W 71-66,*,10,0,3,.000,0,0,,0,3,.000,.000,0,0,,0,0,0,0,0,0,0,1,0,-2.5,Harriet Winchester,https://www.sports-reference.com/cbb/players/harriet-winchester-1.html,troy,2018-19
15,77,15,2019-01-12,Troy,,Arkansas State,REG (Conf),W 87-79,*,19,5,8,.625,0,0,,5,8,.625,.625,2,2,1.000,4,1,5,1,0,0,1,0,12,11.2,Harriet Winchester,https://www.sports-reference.com/cbb/players/harriet-winchester-1.html,troy,2018-19
16,78,16,2019-01-17,Troy,@,Georgia Southern,REG (Conf),W 97-81,*,26,7,15,.467,5,10,.500,2,5,.400,.633,2,2,1.000,3,1,4,0,2,0,0,2,21,16.9,Harriet Winchester,https://www.sports-reference.com/cbb/players/harriet-winchester-1.html,troy,2018-19
17,79,17,2019-01-19,Troy,@,Georgia State,REG (Conf),L 80-84,*,31,7,17,.412,1,6,.167,6,11,.545,.441,0,0,,5,6,11,2,3,0,3,3,15,11.4,Harriet Winchester,https://www.sports-reference.com/cbb/players/harriet-winchester-1.html,troy,2018-19
18,80,18,2019-01-24,Troy,,Louisiana–Monroe,REG (Conf),W 78-56,*,13,1,4,.250,1,3,.333,0,1,.000,.375,0,0,,0,1,1,1,0,1,1,0,3,1.3,Harriet Winchester,https://www.sports-reference.com/cbb/players/harriet-winchester-1.html,troy,2018-19
19,81,19,2019-01-26,Troy,,Louisiana,REG (Conf),W 90-64,*,13,1,2,.500,0,1,.000,1,1,1.000,.500,1,1,1.000,1,3,4,2,1,0,0,2,3,5.2,Harriet Winchester,https://www.sports-reference.com/cbb/players/harriet-winchester-1.html,troy,2018-19
20,82,20,2019-02-02,Troy,@,South Alabama,REG (Conf),L 77-80,*,30,5,9,.556,0,2,.000,5,7,.714,.556,0,0,,0,2,2,2,0,0,3,4,10,3.1,Harriet Winchester,https://www.sports-reference.com/cbb/players/harriet-winchester-1.html,troy,2018-19
21,83,21,2019-02-07,Troy,@,Little Rock,REG (Conf),L 72-76,*,20,1,3,.333,0,0,,1,3,.333,.333,0,0,,1,2,3,0,0,0,0,2,2,0.8,Harriet Winchester,https://www.sports-reference.com/cbb/players/harriet-winchester-1.html,troy,2018-19
22,84,22,2019-02-09,Troy,@,Arkansas State,REG (Conf),W 100-89,,23,3,9,.333,2,5,.400,1,4,.250,.444,3,3,1.000,2,4,6,2,1,1,0,3,11,10.4,Harriet Winchester,https://www.sports-reference.com/cbb/players/harriet-winchester-1.html,troy,2018-19
23,85,23,2019-02-14,Troy,,Georgia State,REG (Conf),L 70-85,*,19,3,6,.500,2,5,.400,1,1,1.000,.667,3,3,1.000,0,2,2,1,1,1,2,1,11,8.6,Harriet Winchester,https://www.sports-reference.com/cbb/players/harriet-winchester-1.html,troy,2018-19
24,86,24,2019-02-16,Troy,,Georgia Southern,REG (Conf),W 100-78,*,25,3,9,.333,2,7,.286,1,2,.500,.444,0,0,,6,3,9,2,1,1,1,1,8,9.7,Harriet Winchester,https://www.sports-reference.com/cbb/players/harriet-winchester-1.html,troy,2018-19
25,87,25,2019-02-23,Troy,,South Alabama,REG (Conf),W 66-58,*,24,3,8,.375,0,4,.000,3,4,.750,.375,0,0,,2,2,4,1,1,0,1,3,6,3.1,Harriet Winchester,https://www.sports-reference.com/cbb/players/harriet-winchester-1.html,troy,2018-19
26,88,26,2019-02-28,Troy,@,Texas State,REG (Conf),W 82-63,*,25,6,11,.545,6,9,.667,0,2,.000,.818,0,0,,2,3,5,3,1,0,2,0,18,16.1,Harriet Winchester,https://www.sports-reference.com/cbb/players/harriet-winchester-1.html,troy,2018-19
27,89,27,2019-03-02,Troy,@,UT Arlington,REG (Conf),L 65-88,*,15,1,3,.333,1,3,.333,0,0,,.500,0,2,.000,0,3,3,0,1,0,0,4,3,0.8,Harriet Winchester,https://www.sports-reference.com/cbb/players/harriet-winchester-1.html,troy,2018-19
28,90,28,2019-03-07,Troy,,Appalachian State,REG (Conf),W 95-66,*,15,1,3,.333,0,2,.000,1,1,1.000,.333,0,0,,2,3,5,3,1,2,0,3,2,5.9,Harriet Winchester,https://www.sports-reference.com/cbb/players/harriet-winchester-1.html,troy,2018-19
29,91,29,2019-03-09,Troy,,Coastal Carolina,REG (Conf),W 89-76,*,26,3,7,.429,2,4,.500,1,3,.333,.571,0,0,,5,3,8,5,0,0,2,0,8,10.2,Harriet Winchester,https://www.sports-reference.com/cbb/players/harriet-winchester-1.html,troy,2018-19
30,92,30,2019-03-14,Troy,,South Alabama,CTOURN,L 74-87 (OT),*,31,5,11,.455,1,3,.333,4,8,.500,.500,1,2,.500,5,4,9,3,0,0,2,4,12,9.1,Harriet Winchester,https://www.sports-reference.com/cbb/players/harriet-winchester-1.html,troy,2018-19
31,93,31,2019-03-21,Troy,,UAB,WNIT,L 89-93,*,30,3,9,.333,2,4,.500,1,5,.200,.444,0,0,,2,1,3,2,3,0,0,0,8,9.0,Harriet Winchester,https://www.sports-reference.com/cbb/players/harriet-winchester-1.html,troy,2018-19
