ranker,player_game_num_career,team_game_num_season,date,team_name_abbr,game_location,opp_name_abbr,game_type,game_result,is_starter,mp,fg,fga,fg_pct,fg3,fg3a,fg3_pct,fg2,fg2a,fg2_pct,efg_pct,ft,fta,ft_pct,orb,drb,trb,ast,stl,blk,tov,pf,pts,game_score,player_name,player_sr_link,school,season
1,27,8,2018-12-04,Troy,,Middle Tennessee,REG (Non-Conf),L 64-67,,2,0,0,,0,0,,0,0,,,0,0,,0,0,0,0,0,0,0,1,0,-0.4,Janiah Sandifer,https://www.sports-reference.com/cbb/players/janiah-sandifer-1.html,troy,2018-19
2,28,9,2018-12-12,Troy,,Talladega,REG (Non-Conf),W 91-70,,11,2,7,.286,2,5,.400,0,2,.000,.429,0,0,,0,2,2,1,0,0,1,1,6,1.8,Janiah Sandifer,https://www.sports-reference.com/cbb/players/janiah-sandifer-1.html,troy,2018-19
3,29,10,2018-12-19,Troy,@,Ole Miss,REG (Non-Conf),W 71-54,,6,1,2,.500,0,1,.000,1,1,1.000,.500,0,0,,1,0,1,0,0,0,1,1,2,0.3,Janiah Sandifer,https://www.sports-reference.com/cbb/players/janiah-sandifer-1.html,troy,2018-19
4,30,11,2018-12-29,Troy,@,Jacksonville State,REG (Non-Conf),W 89-63,,12,3,5,.600,3,3,1.000,0,2,.000,.900,0,0,,0,2,2,2,0,0,0,1,9,8.3,Janiah Sandifer,https://www.sports-reference.com/cbb/players/janiah-sandifer-1.html,troy,2018-19
5,31,12,2019-01-03,Troy,@,Coastal Carolina,REG (Conf),W 82-81,,5,1,3,.333,1,3,.333,0,0,,.500,0,0,,0,0,0,0,0,0,0,0,3,1.3,Janiah Sandifer,https://www.sports-reference.com/cbb/players/janiah-sandifer-1.html,troy,2018-19
6,32,13,2019-01-05,Troy,@,Appalachian State,REG (Conf),W 83-72,,12,0,3,.000,0,3,.000,0,0,,.000,0,0,,1,4,5,2,0,0,1,0,0,0.2,Janiah Sandifer,https://www.sports-reference.com/cbb/players/janiah-sandifer-1.html,troy,2018-19
7,33,14,2019-01-10,Troy,,Little Rock,REG (Conf),W 71-66,,14,2,4,.500,1,3,.333,1,1,1.000,.625,1,2,.500,1,0,1,0,0,0,0,3,6,3.1,Janiah Sandifer,https://www.sports-reference.com/cbb/players/janiah-sandifer-1.html,troy,2018-19
8,34,15,2019-01-12,Troy,,Arkansas State,REG (Conf),W 87-79,,6,0,1,.000,0,1,.000,0,0,,.000,2,2,1.000,0,0,0,0,0,0,0,0,2,1.3,Janiah Sandifer,https://www.sports-reference.com/cbb/players/janiah-sandifer-1.html,troy,2018-19
9,35,16,2019-01-17,Troy,@,Georgia Southern,REG (Conf),W 97-81,,10,1,1,1.000,1,1,1.000,0,0,,1.500,0,0,,1,0,1,0,0,0,0,1,3,3.0,Janiah Sandifer,https://www.sports-reference.com/cbb/players/janiah-sandifer-1.html,troy,2018-19
10,36,17,2019-01-19,Troy,@,Georgia State,REG (Conf),L 80-84,,12,2,5,.400,2,4,.500,0,1,.000,.600,0,0,,0,2,2,0,0,0,1,0,6,2.9,Janiah Sandifer,https://www.sports-reference.com/cbb/players/janiah-sandifer-1.html,troy,2018-19
11,37,18,2019-01-24,Troy,,Louisiana–Monroe,REG (Conf),W 78-56,,10,0,0,,0,0,,0,0,,,0,0,,1,0,1,0,0,0,0,2,0,-0.1,Janiah Sandifer,https://www.sports-reference.com/cbb/players/janiah-sandifer-1.html,troy,2018-19
12,38,19,2019-01-26,Troy,,Louisiana,REG (Conf),W 90-64,,11,2,6,.333,2,6,.333,0,0,,.500,0,0,,0,0,0,1,0,0,1,2,6,1.5,Janiah Sandifer,https://www.sports-reference.com/cbb/players/janiah-sandifer-1.html,troy,2018-19
13,39,20,2019-02-02,Troy,@,South Alabama,REG (Conf),L 77-80,,10,2,4,.500,2,3,.667,0,1,.000,.750,1,3,.333,2,1,3,1,0,0,0,1,7,6.2,Janiah Sandifer,https://www.sports-reference.com/cbb/players/janiah-sandifer-1.html,troy,2018-19
14,40,21,2019-02-07,Troy,@,Little Rock,REG (Conf),L 72-76,,15,3,7,.429,1,4,.250,2,3,.667,.500,0,0,,1,1,2,1,0,0,3,1,7,1.6,Janiah Sandifer,https://www.sports-reference.com/cbb/players/janiah-sandifer-1.html,troy,2018-19
15,41,22,2019-02-09,Troy,@,Arkansas State,REG (Conf),W 100-89,,13,2,2,1.000,2,2,1.000,0,0,,1.500,2,2,1.000,1,1,2,1,1,0,1,3,8,7.9,Janiah Sandifer,https://www.sports-reference.com/cbb/players/janiah-sandifer-1.html,troy,2018-19
16,42,23,2019-02-14,Troy,,Georgia State,REG (Conf),L 70-85,,16,1,6,.167,1,6,.167,0,0,,.250,0,0,,3,0,3,1,1,0,0,1,3,2.6,Janiah Sandifer,https://www.sports-reference.com/cbb/players/janiah-sandifer-1.html,troy,2018-19
17,43,24,2019-02-16,Troy,,Georgia Southern,REG (Conf),W 100-78,,3,1,2,.500,1,2,.500,0,0,,.750,0,0,,0,0,0,0,0,0,0,1,3,1.6,Janiah Sandifer,https://www.sports-reference.com/cbb/players/janiah-sandifer-1.html,troy,2018-19
18,44,25,2019-02-23,Troy,,South Alabama,REG (Conf),W 66-58,,11,0,2,.000,0,2,.000,0,0,,.000,0,0,,0,1,1,0,1,0,1,1,0,-1.5,Janiah Sandifer,https://www.sports-reference.com/cbb/players/janiah-sandifer-1.html,troy,2018-19
19,45,26,2019-02-28,Troy,@,Texas State,REG (Conf),W 82-63,,14,0,1,.000,0,1,.000,0,0,,.000,0,0,,0,0,0,0,0,0,0,0,0,-0.7,Janiah Sandifer,https://www.sports-reference.com/cbb/players/janiah-sandifer-1.html,troy,2018-19
20,46,27,2019-03-02,Troy,@,UT Arlington,REG (Conf),L 65-88,,15,3,5,.600,2,4,.500,1,1,1.000,.800,0,0,,1,3,4,1,0,0,3,3,8,3.8,Janiah Sandifer,https://www.sports-reference.com/cbb/players/janiah-sandifer-1.html,troy,2018-19
21,47,28,2019-03-07,Troy,,Appalachian State,REG (Conf),W 95-66,,17,2,5,.400,2,5,.400,0,0,,.600,0,0,,1,0,1,1,0,0,0,1,6,4.3,Janiah Sandifer,https://www.sports-reference.com/cbb/players/janiah-sandifer-1.html,troy,2018-19
22,48,29,2019-03-09,Troy,,Coastal Carolina,REG (Conf),W 89-76,,8,4,5,.800,3,4,.750,1,1,1.000,1.100,0,0,,2,0,2,1,1,0,0,0,11,12.2,Janiah Sandifer,https://www.sports-reference.com/cbb/players/janiah-sandifer-1.html,troy,2018-19
23,49,30,2019-03-14,Troy,,South Alabama,CTOURN,L 74-87 (OT),,21,1,2,.500,1,2,.500,0,0,,.750,0,0,,0,3,3,0,0,0,0,1,3,2.5,Janiah Sandifer,https://www.sports-reference.com/cbb/players/janiah-sandifer-1.html,troy,2018-19
24,50,31,2019-03-21,Troy,,UAB,WNIT,L 89-93,,15,0,4,.000,0,3,.000,0,1,.000,.000,0,0,,0,2,2,1,0,0,0,0,0,-1.5,Janiah Sandifer,https://www.sports-reference.com/cbb/players/janiah-sandifer-1.html,troy,2018-19
