ranker,player_game_num_career,team_game_num_season,date,team_name_abbr,game_location,opp_name_abbr,game_type,game_result,is_starter,mp,fg,fga,fg_pct,fg3,fg3a,fg3_pct,fg2,fg2a,fg2_pct,efg_pct,ft,fta,ft_pct,orb,drb,trb,ast,stl,blk,tov,pf,pts,game_score,player_name,player_sr_link,school,season
1,1,1,2018-11-06,Troy,@,Florida State,REG (Non-Conf),L 67-103,,5,1,2,.500,0,0,,1,2,.500,.500,2,5,.400,1,0,1,0,2,0,1,5,4,1.5,Japonica James,https://www.sports-reference.com/cbb/players/japonica-james-1.html,troy,2018-19
2,2,2,2018-11-12,Troy,,Samford,REG (Non-Conf),W 72-52,,12,2,3,.667,0,0,,2,3,.667,.667,0,2,.000,4,1,5,1,0,0,0,1,4,5.3,Japonica James,https://www.sports-reference.com/cbb/players/japonica-james-1.html,troy,2018-19
3,3,3,2018-11-16,Troy,,Tennessee State,REG (Non-Conf),W 92-67,*,21,6,9,.667,0,0,,6,9,.667,.667,0,0,,3,4,7,2,1,1,2,4,12,10.9,Japonica James,https://www.sports-reference.com/cbb/players/japonica-james-1.html,troy,2018-19
4,4,4,2018-11-19,Troy,@,East Tennessee State,REG (Non-Conf),W 84-66,*,10,1,3,.333,0,0,,1,3,.333,.333,0,0,,1,1,2,3,0,0,1,5,2,0.4,Japonica James,https://www.sports-reference.com/cbb/players/japonica-james-1.html,troy,2018-19
5,5,5,2018-11-23,Troy,,Sam Houston State,REG (Non-Conf),W 84-79,,24,6,8,.750,0,0,,6,8,.750,.750,4,4,1.000,1,4,5,2,1,0,0,2,16,16.3,Japonica James,https://www.sports-reference.com/cbb/players/japonica-james-1.html,troy,2018-19
6,6,6,2018-11-24,Troy,,Mississippi Valley State,REG (Non-Conf),W 75-54,*,26,8,14,.571,0,1,.000,8,13,.615,.571,1,3,.333,3,6,9,0,0,0,0,1,17,13.1,Japonica James,https://www.sports-reference.com/cbb/players/japonica-james-1.html,troy,2018-19
7,7,8,2018-12-04,Troy,,Middle Tennessee,REG (Non-Conf),L 64-67,,14,3,5,.600,0,0,,3,5,.600,.600,0,2,.000,3,1,4,1,0,0,0,3,6,4.8,Japonica James,https://www.sports-reference.com/cbb/players/japonica-james-1.html,troy,2018-19
8,8,10,2018-12-19,Troy,@,Ole Miss,REG (Non-Conf),W 71-54,,17,5,10,.500,0,0,,5,10,.500,.500,0,2,.000,4,4,8,1,0,0,0,1,10,8.5,Japonica James,https://www.sports-reference.com/cbb/players/japonica-james-1.html,troy,2018-19
9,9,11,2018-12-29,Troy,@,Jacksonville State,REG (Non-Conf),W 89-63,,13,2,8,.250,0,0,,2,8,.250,.250,2,4,.500,4,2,6,0,0,0,2,4,6,0.2,Japonica James,https://www.sports-reference.com/cbb/players/japonica-james-1.html,troy,2018-19
10,10,12,2019-01-03,Troy,@,Coastal Carolina,REG (Conf),W 82-81,,21,6,8,.750,0,0,,6,8,.750,.750,0,3,.000,1,2,3,2,3,0,1,3,12,11.1,Japonica James,https://www.sports-reference.com/cbb/players/japonica-james-1.html,troy,2018-19
11,11,13,2019-01-05,Troy,@,Appalachian State,REG (Conf),W 83-72,,21,4,12,.333,0,1,.000,4,11,.364,.333,0,1,.000,4,1,5,0,1,0,4,4,8,-0.7,Japonica James,https://www.sports-reference.com/cbb/players/japonica-james-1.html,troy,2018-19
12,12,14,2019-01-10,Troy,,Little Rock,REG (Conf),W 71-66,,26,7,12,.583,0,0,,7,12,.583,.583,3,4,.750,4,3,7,0,1,0,1,2,17,13.9,Japonica James,https://www.sports-reference.com/cbb/players/japonica-james-1.html,troy,2018-19
13,13,15,2019-01-12,Troy,,Arkansas State,REG (Conf),W 87-79,,14,3,6,.500,0,0,,3,6,.500,.500,0,0,,3,4,7,1,1,2,2,2,6,6.6,Japonica James,https://www.sports-reference.com/cbb/players/japonica-james-1.html,troy,2018-19
14,14,16,2019-01-17,Troy,@,Georgia Southern,REG (Conf),W 97-81,,18,2,4,.500,0,0,,2,4,.500,.500,5,6,.833,3,5,8,1,1,0,2,2,9,9.1,Japonica James,https://www.sports-reference.com/cbb/players/japonica-james-1.html,troy,2018-19
15,15,17,2019-01-19,Troy,@,Georgia State,REG (Conf),L 80-84,,16,3,5,.600,0,0,,3,5,.600,.600,2,5,.400,0,0,0,0,2,1,3,0,8,4.2,Japonica James,https://www.sports-reference.com/cbb/players/japonica-james-1.html,troy,2018-19
16,16,18,2019-01-24,Troy,,Louisiana–Monroe,REG (Conf),W 78-56,,18,5,7,.714,0,0,,5,7,.714,.714,0,1,.000,1,5,6,1,1,2,3,3,10,7.8,Japonica James,https://www.sports-reference.com/cbb/players/japonica-james-1.html,troy,2018-19
17,17,19,2019-01-26,Troy,,Louisiana,REG (Conf),W 90-64,,28,8,11,.727,0,0,,8,11,.727,.727,0,2,.000,2,1,3,3,3,0,3,2,16,13.7,Japonica James,https://www.sports-reference.com/cbb/players/japonica-james-1.html,troy,2018-19
18,18,20,2019-02-02,Troy,@,South Alabama,REG (Conf),L 77-80,,16,4,5,.800,0,0,,4,5,.800,.800,1,2,.500,2,5,7,2,3,0,2,3,9,10.8,Japonica James,https://www.sports-reference.com/cbb/players/japonica-james-1.html,troy,2018-19
19,19,21,2019-02-07,Troy,@,Little Rock,REG (Conf),L 72-76,,15,4,6,.667,0,0,,4,6,.667,.667,2,3,.667,7,1,8,1,0,0,1,2,10,11.1,Japonica James,https://www.sports-reference.com/cbb/players/japonica-james-1.html,troy,2018-19
20,20,22,2019-02-09,Troy,@,Arkansas State,REG (Conf),W 100-89,,20,5,9,.556,0,1,.000,5,8,.625,.556,1,2,.500,5,4,9,2,4,1,3,4,11,12.5,Japonica James,https://www.sports-reference.com/cbb/players/japonica-james-1.html,troy,2018-19
21,21,23,2019-02-14,Troy,,Georgia State,REG (Conf),L 70-85,,18,4,10,.400,0,0,,4,10,.400,.400,2,5,.400,7,3,10,0,0,1,2,3,10,6.7,Japonica James,https://www.sports-reference.com/cbb/players/japonica-james-1.html,troy,2018-19
22,22,24,2019-02-16,Troy,,Georgia Southern,REG (Conf),W 100-78,,11,2,3,.667,0,0,,2,3,.667,.667,0,0,,1,1,2,1,0,0,1,1,4,3.0,Japonica James,https://www.sports-reference.com/cbb/players/japonica-james-1.html,troy,2018-19
23,23,25,2019-02-23,Troy,,South Alabama,REG (Conf),W 66-58,,10,5,8,.625,0,0,,5,8,.625,.625,1,2,.500,1,2,3,0,2,0,0,3,11,9.1,Japonica James,https://www.sports-reference.com/cbb/players/japonica-james-1.html,troy,2018-19
24,24,26,2019-02-28,Troy,@,Texas State,REG (Conf),W 82-63,,23,3,6,.500,0,0,,3,6,.500,.500,1,3,.333,2,4,6,1,3,0,4,3,7,4.3,Japonica James,https://www.sports-reference.com/cbb/players/japonica-james-1.html,troy,2018-19
25,25,27,2019-03-02,Troy,@,UT Arlington,REG (Conf),L 65-88,*,26,5,11,.455,0,0,,5,11,.455,.455,1,4,.250,3,4,7,0,2,0,3,4,11,4.8,Japonica James,https://www.sports-reference.com/cbb/players/japonica-james-1.html,troy,2018-19
26,26,28,2019-03-07,Troy,,Appalachian State,REG (Conf),W 95-66,,19,6,10,.600,0,0,,6,10,.600,.600,2,2,1.000,2,6,8,1,1,1,2,1,14,12.6,Japonica James,https://www.sports-reference.com/cbb/players/japonica-james-1.html,troy,2018-19
27,27,29,2019-03-09,Troy,,Coastal Carolina,REG (Conf),W 89-76,,12,6,10,.600,0,0,,6,10,.600,.600,0,3,.000,3,0,3,0,0,0,0,5,12,6.3,Japonica James,https://www.sports-reference.com/cbb/players/japonica-james-1.html,troy,2018-19
28,28,30,2019-03-14,Troy,,South Alabama,CTOURN,L 74-87 (OT),,31,7,14,.500,0,0,,7,14,.500,.500,0,2,.000,7,4,11,0,1,1,6,4,14,6.4,Japonica James,https://www.sports-reference.com/cbb/players/japonica-james-1.html,troy,2018-19
29,29,31,2019-03-21,Troy,,UAB,WNIT,L 89-93,,20,6,9,.667,0,0,,6,9,.667,.667,4,7,.571,3,6,9,0,0,0,3,5,16,9.8,Japonica James,https://www.sports-reference.com/cbb/players/japonica-james-1.html,troy,2018-19
