ranker,player_game_num_career,team_game_num_season,date,team_name_abbr,game_location,opp_name_abbr,game_type,game_result,is_starter,mp,fg,fga,fg_pct,fg3,fg3a,fg3_pct,fg2,fg2a,fg2_pct,efg_pct,ft,fta,ft_pct,orb,drb,trb,ast,stl,blk,tov,pf,pts,game_score,player_name,player_sr_link,school,season
1,32,1,2018-11-06,Troy,@,Florida State,REG (Non-Conf),L 67-103,*,15,1,7,.143,0,2,.000,1,5,.200,.143,2,4,.500,0,1,1,1,0,0,1,4,4,-2.9,Jasmine Robinson,https://www.sports-reference.com/cbb/players/jasmine-robinson-3.html,troy,2018-19
2,33,2,2018-11-12,Troy,,Samford,REG (Non-Conf),W 72-52,,14,1,9,.111,0,4,.000,1,5,.200,.111,0,0,,0,0,0,2,0,0,0,0,2,-2.5,Jasmine Robinson,https://www.sports-reference.com/cbb/players/jasmine-robinson-3.html,troy,2018-19
3,34,3,2018-11-16,Troy,,Tennessee State,REG (Non-Conf),W 92-67,,22,2,3,.667,1,1,1.000,1,2,.500,.833,5,6,.833,0,1,1,2,0,0,1,2,10,8.2,Jasmine Robinson,https://www.sports-reference.com/cbb/players/jasmine-robinson-3.html,troy,2018-19
4,35,4,2018-11-19,Troy,@,East Tennessee State,REG (Non-Conf),W 84-66,,21,5,12,.417,3,4,.750,2,8,.250,.542,2,2,1.000,1,0,1,4,1,0,1,3,15,10.9,Jasmine Robinson,https://www.sports-reference.com/cbb/players/jasmine-robinson-3.html,troy,2018-19
5,36,5,2018-11-23,Troy,,Sam Houston State,REG (Non-Conf),W 84-79,*,30,3,10,.300,1,3,.333,2,7,.286,.350,0,0,,0,1,1,3,2,0,7,1,7,-1.8,Jasmine Robinson,https://www.sports-reference.com/cbb/players/jasmine-robinson-3.html,troy,2018-19
6,37,6,2018-11-24,Troy,,Mississippi Valley State,REG (Non-Conf),W 75-54,,11,0,2,.000,0,2,.000,0,0,,.000,1,2,.500,1,0,1,2,1,0,2,2,1,-0.5,Jasmine Robinson,https://www.sports-reference.com/cbb/players/jasmine-robinson-3.html,troy,2018-19
7,38,7,2018-11-29,Troy,,Alabama State,REG (Non-Conf),W 116-46,,20,5,11,.455,2,6,.333,3,5,.600,.545,0,0,,1,0,1,4,2,0,2,3,12,8.6,Jasmine Robinson,https://www.sports-reference.com/cbb/players/jasmine-robinson-3.html,troy,2018-19
8,39,8,2018-12-04,Troy,,Middle Tennessee,REG (Non-Conf),L 64-67,,21,1,2,.500,0,0,,1,2,.500,.500,0,0,,0,2,2,2,0,0,4,2,2,-1.8,Jasmine Robinson,https://www.sports-reference.com/cbb/players/jasmine-robinson-3.html,troy,2018-19
9,40,9,2018-12-12,Troy,,Talladega,REG (Non-Conf),W 91-70,,14,3,7,.429,1,1,1.000,2,6,.333,.500,1,1,1.000,0,2,2,4,0,0,2,2,8,4.9,Jasmine Robinson,https://www.sports-reference.com/cbb/players/jasmine-robinson-3.html,troy,2018-19
10,41,10,2018-12-19,Troy,@,Ole Miss,REG (Non-Conf),W 71-54,,11,1,5,.200,1,3,.333,0,2,.000,.300,0,0,,0,0,0,3,0,0,1,3,3,-0.2,Jasmine Robinson,https://www.sports-reference.com/cbb/players/jasmine-robinson-3.html,troy,2018-19
11,42,11,2018-12-29,Troy,@,Jacksonville State,REG (Non-Conf),W 89-63,*,25,1,7,.143,0,3,.000,1,4,.250,.143,4,5,.800,1,1,2,2,0,0,5,2,6,-2.3,Jasmine Robinson,https://www.sports-reference.com/cbb/players/jasmine-robinson-3.html,troy,2018-19
12,43,12,2019-01-03,Troy,@,Coastal Carolina,REG (Conf),W 82-81,*,18,5,9,.556,2,3,.667,3,6,.500,.667,0,0,,0,0,0,2,0,0,2,3,12,5.9,Jasmine Robinson,https://www.sports-reference.com/cbb/players/jasmine-robinson-3.html,troy,2018-19
13,44,13,2019-01-05,Troy,@,Appalachian State,REG (Conf),W 83-72,,16,2,6,.333,1,2,.500,1,4,.250,.417,2,2,1.000,0,1,1,1,2,0,1,0,7,5.6,Jasmine Robinson,https://www.sports-reference.com/cbb/players/jasmine-robinson-3.html,troy,2018-19
14,45,14,2019-01-10,Troy,,Little Rock,REG (Conf),W 71-66,,14,1,4,.250,0,0,,1,4,.250,.250,0,0,,0,1,1,2,0,0,2,1,2,-1.1,Jasmine Robinson,https://www.sports-reference.com/cbb/players/jasmine-robinson-3.html,troy,2018-19
15,46,15,2019-01-12,Troy,,Arkansas State,REG (Conf),W 87-79,,10,1,3,.333,0,0,,1,3,.333,.333,0,0,,0,2,2,4,0,0,2,2,2,0.9,Jasmine Robinson,https://www.sports-reference.com/cbb/players/jasmine-robinson-3.html,troy,2018-19
16,47,16,2019-01-17,Troy,@,Georgia Southern,REG (Conf),W 97-81,,12,1,7,.143,0,5,.000,1,2,.500,.143,0,0,,0,0,0,2,1,0,2,1,2,-2.5,Jasmine Robinson,https://www.sports-reference.com/cbb/players/jasmine-robinson-3.html,troy,2018-19
17,48,17,2019-01-19,Troy,@,Georgia State,REG (Conf),L 80-84,,15,2,5,.400,0,1,.000,2,4,.500,.400,0,0,,0,0,0,3,2,0,4,3,4,0.2,Jasmine Robinson,https://www.sports-reference.com/cbb/players/jasmine-robinson-3.html,troy,2018-19
18,49,18,2019-01-24,Troy,,Louisiana–Monroe,REG (Conf),W 78-56,,15,1,5,.200,0,2,.000,1,3,.333,.200,4,4,1.000,0,0,0,5,0,0,1,4,6,3.8,Jasmine Robinson,https://www.sports-reference.com/cbb/players/jasmine-robinson-3.html,troy,2018-19
19,50,19,2019-01-26,Troy,,Louisiana,REG (Conf),W 90-64,,16,0,2,.000,0,1,.000,0,1,.000,.000,0,0,,0,1,1,5,0,0,4,4,0,-3.2,Jasmine Robinson,https://www.sports-reference.com/cbb/players/jasmine-robinson-3.html,troy,2018-19
20,51,20,2019-02-02,Troy,@,South Alabama,REG (Conf),L 77-80,,9,1,2,.500,1,1,1.000,0,1,.000,.750,4,4,1.000,0,1,1,1,1,0,2,2,7,5.2,Jasmine Robinson,https://www.sports-reference.com/cbb/players/jasmine-robinson-3.html,troy,2018-19
21,52,21,2019-02-07,Troy,@,Little Rock,REG (Conf),L 72-76,,22,2,9,.222,0,4,.000,2,5,.400,.222,3,3,1.000,1,1,2,2,1,0,2,3,7,1.7,Jasmine Robinson,https://www.sports-reference.com/cbb/players/jasmine-robinson-3.html,troy,2018-19
22,53,22,2019-02-09,Troy,@,Arkansas State,REG (Conf),W 100-89,*,25,4,10,.400,1,2,.500,3,8,.375,.450,0,0,,0,1,1,6,2,0,2,4,9,6.5,Jasmine Robinson,https://www.sports-reference.com/cbb/players/jasmine-robinson-3.html,troy,2018-19
23,54,23,2019-02-14,Troy,,Georgia State,REG (Conf),L 70-85,,27,6,14,.429,4,7,.571,2,7,.286,.571,1,3,.333,0,4,4,4,0,0,2,2,17,10.0,Jasmine Robinson,https://www.sports-reference.com/cbb/players/jasmine-robinson-3.html,troy,2018-19
24,55,24,2019-02-16,Troy,,Georgia Southern,REG (Conf),W 100-78,*,32,4,8,.500,1,4,.250,3,4,.750,.563,0,0,,2,1,3,8,1,0,3,1,9,9.9,Jasmine Robinson,https://www.sports-reference.com/cbb/players/jasmine-robinson-3.html,troy,2018-19
25,56,25,2019-02-23,Troy,,South Alabama,REG (Conf),W 66-58,*,26,2,8,.250,2,6,.333,0,2,.000,.375,1,2,.500,0,2,2,1,1,0,3,1,7,0.7,Jasmine Robinson,https://www.sports-reference.com/cbb/players/jasmine-robinson-3.html,troy,2018-19
26,57,26,2019-02-28,Troy,@,Texas State,REG (Conf),W 82-63,*,19,2,7,.286,1,2,.500,1,5,.200,.357,2,2,1.000,0,2,2,1,0,0,2,2,7,1.4,Jasmine Robinson,https://www.sports-reference.com/cbb/players/jasmine-robinson-3.html,troy,2018-19
27,58,27,2019-03-02,Troy,@,UT Arlington,REG (Conf),L 65-88,*,20,3,9,.333,3,6,.500,0,3,.000,.500,0,0,,1,2,3,3,0,0,5,4,9,0.7,Jasmine Robinson,https://www.sports-reference.com/cbb/players/jasmine-robinson-3.html,troy,2018-19
28,59,28,2019-03-07,Troy,,Appalachian State,REG (Conf),W 95-66,*,31,5,10,.500,3,7,.429,2,3,.667,.650,0,0,,0,3,3,7,2,0,1,3,13,13.6,Jasmine Robinson,https://www.sports-reference.com/cbb/players/jasmine-robinson-3.html,troy,2018-19
29,60,29,2019-03-09,Troy,,Coastal Carolina,REG (Conf),W 89-76,*,19,2,10,.200,0,3,.000,2,7,.286,.200,1,2,.500,0,0,0,2,1,0,1,0,5,-0.2,Jasmine Robinson,https://www.sports-reference.com/cbb/players/jasmine-robinson-3.html,troy,2018-19
30,61,30,2019-03-14,Troy,,South Alabama,CTOURN,L 74-87 (OT),*,21,1,7,.143,0,2,.000,1,5,.200,.143,0,0,,1,0,1,4,1,0,2,3,2,-1.2,Jasmine Robinson,https://www.sports-reference.com/cbb/players/jasmine-robinson-3.html,troy,2018-19
31,62,31,2019-03-21,Troy,,UAB,WNIT,L 89-93,*,23,2,11,.182,0,5,.000,2,6,.333,.182,1,1,1.000,0,0,0,7,0,0,2,2,5,0.2,Jasmine Robinson,https://www.sports-reference.com/cbb/players/jasmine-robinson-3.html,troy,2018-19
