ranker,player_game_num_career,team_game_num_season,date,team_name_abbr,game_location,opp_name_abbr,game_type,game_result,is_starter,mp,fg,fga,fg_pct,fg3,fg3a,fg3_pct,fg2,fg2a,fg2_pct,efg_pct,ft,fta,ft_pct,orb,drb,trb,ast,stl,blk,tov,pf,pts,game_score,player_name,player_sr_link,school,season
1,59,1,2018-11-06,Troy,@,Florida State,REG (Non-Conf),L 67-103,*,19,2,15,.133,1,3,.333,1,12,.083,.167,0,2,.000,3,3,6,0,2,0,0,3,5,-1.7,Jasmine LeBlanc,https://www.sports-reference.com/cbb/players/jasmine-leblanc-1.html,troy,2018-19
2,60,2,2018-11-12,Troy,,Samford,REG (Non-Conf),W 72-52,,16,2,7,.286,1,1,1.000,1,6,.167,.357,1,4,.250,4,1,5,1,3,0,3,2,6,3.7,Jasmine LeBlanc,https://www.sports-reference.com/cbb/players/jasmine-leblanc-1.html,troy,2018-19
3,61,10,2018-12-19,Troy,@,Ole Miss,REG (Non-Conf),W 71-54,,11,0,3,.000,0,0,,0,3,.000,.000,1,2,.500,2,0,2,1,1,0,0,0,1,1.6,Jasmine LeBlanc,https://www.sports-reference.com/cbb/players/jasmine-leblanc-1.html,troy,2018-19
4,62,11,2018-12-29,Troy,@,Jacksonville State,REG (Non-Conf),W 89-63,,21,2,6,.333,0,2,.000,2,4,.500,.333,1,4,.250,1,7,8,1,2,0,3,2,5,2.1,Jasmine LeBlanc,https://www.sports-reference.com/cbb/players/jasmine-leblanc-1.html,troy,2018-19
5,63,12,2019-01-03,Troy,@,Coastal Carolina,REG (Conf),W 82-81,,18,3,9,.333,0,2,.000,3,7,.429,.333,1,2,.500,1,1,2,1,2,0,0,1,7,4.8,Jasmine LeBlanc,https://www.sports-reference.com/cbb/players/jasmine-leblanc-1.html,troy,2018-19
6,64,13,2019-01-05,Troy,@,Appalachian State,REG (Conf),W 83-72,,16,3,10,.300,0,0,,3,10,.300,.300,0,0,,1,2,3,1,0,0,1,3,6,0.0,Jasmine LeBlanc,https://www.sports-reference.com/cbb/players/jasmine-leblanc-1.html,troy,2018-19
7,65,14,2019-01-10,Troy,,Little Rock,REG (Conf),W 71-66,,19,2,7,.286,0,1,.000,2,6,.333,.286,2,2,1.000,5,1,6,0,1,0,3,4,6,2.1,Jasmine LeBlanc,https://www.sports-reference.com/cbb/players/jasmine-leblanc-1.html,troy,2018-19
8,66,15,2019-01-12,Troy,,Arkansas State,REG (Conf),W 87-79,,10,2,5,.400,0,0,,2,5,.400,.400,0,0,,3,1,4,1,0,0,2,0,4,2.4,Jasmine LeBlanc,https://www.sports-reference.com/cbb/players/jasmine-leblanc-1.html,troy,2018-19
9,67,16,2019-01-17,Troy,@,Georgia Southern,REG (Conf),W 97-81,,10,3,5,.600,0,1,.000,3,4,.750,.600,1,5,.200,4,2,6,1,0,0,0,2,7,6.4,Jasmine LeBlanc,https://www.sports-reference.com/cbb/players/jasmine-leblanc-1.html,troy,2018-19
10,68,17,2019-01-19,Troy,@,Georgia State,REG (Conf),L 80-84,,14,3,7,.429,0,3,.000,3,4,.750,.429,0,0,,3,1,4,1,0,0,0,1,6,5.0,Jasmine LeBlanc,https://www.sports-reference.com/cbb/players/jasmine-leblanc-1.html,troy,2018-19
11,69,18,2019-01-24,Troy,,Louisiana–Monroe,REG (Conf),W 78-56,,16,3,6,.500,0,1,.000,3,5,.600,.500,1,1,1.000,3,1,4,2,1,1,1,1,7,8.1,Jasmine LeBlanc,https://www.sports-reference.com/cbb/players/jasmine-leblanc-1.html,troy,2018-19
12,70,19,2019-01-26,Troy,,Louisiana,REG (Conf),W 90-64,,16,2,8,.250,0,2,.000,2,6,.333,.250,4,4,1.000,2,5,7,4,2,2,2,0,8,10.3,Jasmine LeBlanc,https://www.sports-reference.com/cbb/players/jasmine-leblanc-1.html,troy,2018-19
13,71,20,2019-02-02,Troy,@,South Alabama,REG (Conf),L 77-80,,2,0,0,,0,0,,0,0,,,0,0,,0,0,0,0,0,0,0,1,0,-0.4,Jasmine LeBlanc,https://www.sports-reference.com/cbb/players/jasmine-leblanc-1.html,troy,2018-19
14,72,21,2019-02-07,Troy,@,Little Rock,REG (Conf),L 72-76,,11,4,6,.667,1,1,1.000,3,5,.600,.750,2,3,.667,0,4,4,0,0,0,2,1,11,6.8,Jasmine LeBlanc,https://www.sports-reference.com/cbb/players/jasmine-leblanc-1.html,troy,2018-19
15,73,22,2019-02-09,Troy,@,Arkansas State,REG (Conf),W 100-89,*,17,3,7,.429,1,2,.500,2,5,.400,.500,4,4,1.000,2,3,5,1,2,0,3,4,11,7.7,Jasmine LeBlanc,https://www.sports-reference.com/cbb/players/jasmine-leblanc-1.html,troy,2018-19
16,74,23,2019-02-14,Troy,,Georgia State,REG (Conf),L 70-85,,10,1,3,.333,0,1,.000,1,2,.500,.333,1,2,.500,0,1,1,0,1,0,2,2,3,-0.6,Jasmine LeBlanc,https://www.sports-reference.com/cbb/players/jasmine-leblanc-1.html,troy,2018-19
17,75,24,2019-02-16,Troy,,Georgia Southern,REG (Conf),W 100-78,,8,4,6,.667,1,1,1.000,3,5,.600,.750,2,2,1.000,3,2,5,0,0,2,2,5,11,8.5,Jasmine LeBlanc,https://www.sports-reference.com/cbb/players/jasmine-leblanc-1.html,troy,2018-19
18,76,25,2019-02-23,Troy,,South Alabama,REG (Conf),W 66-58,*,20,3,11,.273,1,2,.500,2,9,.222,.318,2,5,.400,6,7,13,3,2,2,1,2,9,11.3,Jasmine LeBlanc,https://www.sports-reference.com/cbb/players/jasmine-leblanc-1.html,troy,2018-19
19,77,26,2019-02-28,Troy,@,Texas State,REG (Conf),W 82-63,*,21,5,9,.556,1,2,.500,4,7,.571,.611,6,6,1.000,4,2,6,1,2,1,1,3,17,17.3,Jasmine LeBlanc,https://www.sports-reference.com/cbb/players/jasmine-leblanc-1.html,troy,2018-19
20,78,27,2019-03-02,Troy,@,UT Arlington,REG (Conf),L 65-88,*,22,3,7,.429,1,1,1.000,2,6,.333,.500,0,0,,1,9,10,0,0,0,3,4,7,2.1,Jasmine LeBlanc,https://www.sports-reference.com/cbb/players/jasmine-leblanc-1.html,troy,2018-19
21,79,28,2019-03-07,Troy,,Appalachian State,REG (Conf),W 95-66,*,18,7,15,.467,1,3,.333,6,12,.500,.500,2,2,1.000,3,3,6,1,0,0,0,2,17,12.2,Jasmine LeBlanc,https://www.sports-reference.com/cbb/players/jasmine-leblanc-1.html,troy,2018-19
22,80,29,2019-03-09,Troy,,Coastal Carolina,REG (Conf),W 89-76,,18,3,10,.300,0,1,.000,3,9,.333,.300,1,4,.250,2,0,2,4,6,0,0,4,7,8.6,Jasmine LeBlanc,https://www.sports-reference.com/cbb/players/jasmine-leblanc-1.html,troy,2018-19
23,81,30,2019-03-14,Troy,,South Alabama,CTOURN,L 74-87 (OT),*,14,2,8,.250,0,2,.000,2,6,.333,.250,2,4,.500,2,4,6,1,0,0,2,4,6,0.1,Jasmine LeBlanc,https://www.sports-reference.com/cbb/players/jasmine-leblanc-1.html,troy,2018-19
24,82,31,2019-03-21,Troy,,UAB,WNIT,L 89-93,*,22,8,12,.667,1,2,.500,7,10,.700,.708,6,7,.857,4,4,8,1,4,1,2,4,23,23.2,Jasmine LeBlanc,https://www.sports-reference.com/cbb/players/jasmine-leblanc-1.html,troy,2018-19
