ranker,player_game_num_career,team_game_num_season,date,team_name_abbr,game_location,opp_name_abbr,game_type,game_result,is_starter,mp,fg,fga,fg_pct,fg3,fg3a,fg3_pct,fg2,fg2a,fg2_pct,efg_pct,ft,fta,ft_pct,orb,drb,trb,ast,stl,blk,tov,pf,pts,game_score,player_name,player_sr_link,school,season
1,32,1,2018-11-06,Troy,@,Florida State,REG (Non-Conf),L 67-103,,14,2,5,.400,0,3,.000,2,2,1.000,.400,3,3,1.000,0,2,2,0,0,1,2,2,7,2.8,Jasmine Sanders,https://www.sports-reference.com/cbb/players/jasmine-sanders-3.html,troy,2018-19
2,33,2,2018-11-12,Troy,,Samford,REG (Non-Conf),W 72-52,,15,2,4,.500,1,1,1.000,1,3,.333,.625,2,2,1.000,1,2,3,0,1,2,0,3,7,7.5,Jasmine Sanders,https://www.sports-reference.com/cbb/players/jasmine-sanders-3.html,troy,2018-19
3,34,3,2018-11-16,Troy,,Tennessee State,REG (Non-Conf),W 92-67,,16,2,4,.500,0,1,.000,2,3,.667,.500,1,1,1.000,2,3,5,0,0,0,4,3,5,0.1,Jasmine Sanders,https://www.sports-reference.com/cbb/players/jasmine-sanders-3.html,troy,2018-19
4,35,4,2018-11-19,Troy,@,East Tennessee State,REG (Non-Conf),W 84-66,,20,2,4,.500,0,1,.000,2,3,.667,.500,0,0,,0,1,1,2,1,0,0,1,4,4.3,Jasmine Sanders,https://www.sports-reference.com/cbb/players/jasmine-sanders-3.html,troy,2018-19
5,36,5,2018-11-23,Troy,,Sam Houston State,REG (Non-Conf),W 84-79,,6,2,3,.667,0,1,.000,2,2,1.000,.667,0,0,,0,0,0,1,0,0,3,0,4,0.4,Jasmine Sanders,https://www.sports-reference.com/cbb/players/jasmine-sanders-3.html,troy,2018-19
6,37,6,2018-11-24,Troy,,Mississippi Valley State,REG (Non-Conf),W 75-54,,12,0,4,.000,0,2,.000,0,2,.000,.000,0,0,,0,1,1,1,1,0,0,1,0,-1.2,Jasmine Sanders,https://www.sports-reference.com/cbb/players/jasmine-sanders-3.html,troy,2018-19
7,38,7,2018-11-29,Troy,,Alabama State,REG (Non-Conf),W 116-46,,18,8,9,.889,4,5,.800,4,4,1.000,1.111,1,2,.500,2,1,3,0,1,0,1,0,21,19.2,Jasmine Sanders,https://www.sports-reference.com/cbb/players/jasmine-sanders-3.html,troy,2018-19
8,39,8,2018-12-04,Troy,,Middle Tennessee,REG (Non-Conf),L 64-67,,7,0,2,.000,0,1,.000,0,1,.000,.000,0,0,,0,0,0,1,0,0,1,0,0,-1.7,Jasmine Sanders,https://www.sports-reference.com/cbb/players/jasmine-sanders-3.html,troy,2018-19
9,40,9,2018-12-12,Troy,,Talladega,REG (Non-Conf),W 91-70,,6,3,7,.429,0,2,.000,3,5,.600,.429,0,0,,1,1,2,0,0,1,0,0,6,4.0,Jasmine Sanders,https://www.sports-reference.com/cbb/players/jasmine-sanders-3.html,troy,2018-19
10,41,15,2019-01-12,Troy,,Arkansas State,REG (Conf),W 87-79,,2,0,1,.000,0,1,.000,0,0,,.000,0,0,,0,0,0,0,0,0,2,0,0,-2.7,Jasmine Sanders,https://www.sports-reference.com/cbb/players/jasmine-sanders-3.html,troy,2018-19
11,42,16,2019-01-17,Troy,@,Georgia Southern,REG (Conf),W 97-81,,1,0,1,.000,0,1,.000,0,0,,.000,0,0,,0,1,1,0,0,0,0,0,0,-0.4,Jasmine Sanders,https://www.sports-reference.com/cbb/players/jasmine-sanders-3.html,troy,2018-19
12,43,17,2019-01-19,Troy,@,Georgia State,REG (Conf),L 80-84,,3,2,3,.667,2,3,.667,0,0,,1.000,0,0,,0,0,0,0,1,0,0,1,6,5.3,Jasmine Sanders,https://www.sports-reference.com/cbb/players/jasmine-sanders-3.html,troy,2018-19
13,44,18,2019-01-24,Troy,,Louisiana–Monroe,REG (Conf),W 78-56,,6,1,3,.333,0,2,.000,1,1,1.000,.333,0,0,,0,1,1,0,0,1,0,1,2,0.9,Jasmine Sanders,https://www.sports-reference.com/cbb/players/jasmine-sanders-3.html,troy,2018-19
14,45,19,2019-01-26,Troy,,Louisiana,REG (Conf),W 90-64,,4,0,2,.000,0,1,.000,0,1,.000,.000,0,0,,1,1,2,0,0,0,0,0,0,-0.4,Jasmine Sanders,https://www.sports-reference.com/cbb/players/jasmine-sanders-3.html,troy,2018-19
15,46,20,2019-02-02,Troy,@,South Alabama,REG (Conf),L 77-80,,2,1,3,.333,1,1,1.000,0,2,.000,.500,0,0,,0,0,0,0,0,0,0,1,3,0.9,Jasmine Sanders,https://www.sports-reference.com/cbb/players/jasmine-sanders-3.html,troy,2018-19
16,47,21,2019-02-07,Troy,@,Little Rock,REG (Conf),L 72-76,,3,0,0,,0,0,,0,0,,,0,0,,0,0,0,0,0,0,0,0,0,0.0,Jasmine Sanders,https://www.sports-reference.com/cbb/players/jasmine-sanders-3.html,troy,2018-19
17,48,23,2019-02-14,Troy,,Georgia State,REG (Conf),L 70-85,,5,0,2,.000,0,2,.000,0,0,,.000,0,0,,1,1,2,0,0,0,0,0,0,-0.4,Jasmine Sanders,https://www.sports-reference.com/cbb/players/jasmine-sanders-3.html,troy,2018-19
18,49,24,2019-02-16,Troy,,Georgia Southern,REG (Conf),W 100-78,,18,1,6,.167,1,5,.200,0,1,.000,.250,0,0,,0,2,2,2,0,1,1,2,3,0.1,Jasmine Sanders,https://www.sports-reference.com/cbb/players/jasmine-sanders-3.html,troy,2018-19
19,50,25,2019-02-23,Troy,,South Alabama,REG (Conf),W 66-58,,5,1,1,1.000,0,0,,1,1,1.000,1.000,0,0,,1,2,3,0,0,0,0,1,2,2.6,Jasmine Sanders,https://www.sports-reference.com/cbb/players/jasmine-sanders-3.html,troy,2018-19
20,51,26,2019-02-28,Troy,@,Texas State,REG (Conf),W 82-63,,6,0,1,.000,0,1,.000,0,0,,.000,0,0,,0,2,2,0,0,0,0,0,0,-0.1,Jasmine Sanders,https://www.sports-reference.com/cbb/players/jasmine-sanders-3.html,troy,2018-19
21,52,27,2019-03-02,Troy,@,UT Arlington,REG (Conf),L 65-88,,3,1,3,.333,0,2,.000,1,1,1.000,.333,0,0,,0,0,0,0,0,0,0,3,2,-0.9,Jasmine Sanders,https://www.sports-reference.com/cbb/players/jasmine-sanders-3.html,troy,2018-19
22,53,28,2019-03-07,Troy,,Appalachian State,REG (Conf),W 95-66,,11,1,2,.500,1,2,.500,0,0,,.750,0,0,,0,2,2,1,1,0,0,3,3,3.1,Jasmine Sanders,https://www.sports-reference.com/cbb/players/jasmine-sanders-3.html,troy,2018-19
23,54,29,2019-03-09,Troy,,Coastal Carolina,REG (Conf),W 89-76,,9,0,1,.000,0,0,,0,1,.000,.000,0,0,,1,2,3,0,0,0,0,1,0,0.2,Jasmine Sanders,https://www.sports-reference.com/cbb/players/jasmine-sanders-3.html,troy,2018-19
24,55,30,2019-03-14,Troy,,South Alabama,CTOURN,L 74-87 (OT),,3,1,1,1.000,1,1,1.000,0,0,,1.500,0,0,,1,0,1,0,0,0,0,0,3,3.4,Jasmine Sanders,https://www.sports-reference.com/cbb/players/jasmine-sanders-3.html,troy,2018-19
