ranker,player_game_num_career,team_game_num_season,date,team_name_abbr,game_location,opp_name_abbr,game_type,game_result,is_starter,mp,fg,fga,fg_pct,fg3,fg3a,fg3_pct,fg2,fg2a,fg2_pct,efg_pct,ft,fta,ft_pct,orb,drb,trb,ast,stl,blk,tov,pf,pts,game_score,player_name,player_sr_link,school,season
1,42,2,2018-11-12,Troy,,Samford,REG (Non-Conf),W 72-52,,13,0,3,.000,0,1,.000,0,2,.000,.000,2,2,1.000,1,4,5,0,0,0,0,2,2,1.0,Kate Rodgers,https://www.sports-reference.com/cbb/players/kate-rodgers-1.html,troy,2018-19
2,43,3,2018-11-16,Troy,,Tennessee State,REG (Non-Conf),W 92-67,*,27,0,4,.000,0,0,,0,4,.000,.000,3,7,.429,5,7,12,1,1,0,2,3,3,2.7,Kate Rodgers,https://www.sports-reference.com/cbb/players/kate-rodgers-1.html,troy,2018-19
3,44,4,2018-11-19,Troy,@,East Tennessee State,REG (Non-Conf),W 84-66,*,17,0,1,.000,0,0,,0,1,.000,.000,1,4,.250,4,3,7,1,0,1,2,5,1,0.2,Kate Rodgers,https://www.sports-reference.com/cbb/players/kate-rodgers-1.html,troy,2018-19
4,45,5,2018-11-23,Troy,,Sam Houston State,REG (Non-Conf),W 84-79,*,12,2,4,.500,0,0,,2,4,.500,.500,0,0,,1,4,5,1,1,0,0,2,4,4.8,Kate Rodgers,https://www.sports-reference.com/cbb/players/kate-rodgers-1.html,troy,2018-19
5,46,6,2018-11-24,Troy,,Mississippi Valley State,REG (Non-Conf),W 75-54,,12,0,2,.000,0,0,,0,2,.000,.000,1,2,.500,3,2,5,1,0,0,0,2,1,1.8,Kate Rodgers,https://www.sports-reference.com/cbb/players/kate-rodgers-1.html,troy,2018-19
6,47,7,2018-11-29,Troy,,Alabama State,REG (Non-Conf),W 116-46,,19,4,6,.667,0,0,,4,6,.667,.667,0,0,,1,2,3,1,4,0,2,4,8,7.8,Kate Rodgers,https://www.sports-reference.com/cbb/players/kate-rodgers-1.html,troy,2018-19
7,48,8,2018-12-04,Troy,,Middle Tennessee,REG (Non-Conf),L 64-67,,14,1,2,.500,0,0,,1,2,.500,.500,0,0,,2,4,6,1,0,1,1,3,2,2.8,Kate Rodgers,https://www.sports-reference.com/cbb/players/kate-rodgers-1.html,troy,2018-19
8,49,9,2018-12-12,Troy,,Talladega,REG (Non-Conf),W 91-70,,22,3,7,.429,0,0,,3,7,.429,.429,1,2,.500,3,4,7,2,3,2,2,3,7,8.8,Kate Rodgers,https://www.sports-reference.com/cbb/players/kate-rodgers-1.html,troy,2018-19
9,50,10,2018-12-19,Troy,@,Ole Miss,REG (Non-Conf),W 71-54,,16,1,3,.333,0,0,,1,3,.333,.333,0,0,,1,5,6,1,1,0,3,2,2,0.4,Kate Rodgers,https://www.sports-reference.com/cbb/players/kate-rodgers-1.html,troy,2018-19
10,51,11,2018-12-29,Troy,@,Jacksonville State,REG (Non-Conf),W 89-63,,16,3,8,.375,0,0,,3,8,.375,.375,0,1,.000,3,2,5,0,2,0,1,2,6,4.1,Kate Rodgers,https://www.sports-reference.com/cbb/players/kate-rodgers-1.html,troy,2018-19
11,52,12,2019-01-03,Troy,@,Coastal Carolina,REG (Conf),W 82-81,,22,1,3,.333,0,1,.000,1,2,.500,.333,4,4,1.000,3,10,13,2,1,1,1,3,6,10.3,Kate Rodgers,https://www.sports-reference.com/cbb/players/kate-rodgers-1.html,troy,2018-19
12,53,13,2019-01-05,Troy,@,Appalachian State,REG (Conf),W 83-72,,17,1,3,.333,0,1,.000,1,2,.500,.333,3,4,.750,2,6,8,0,0,0,1,5,5,3.1,Kate Rodgers,https://www.sports-reference.com/cbb/players/kate-rodgers-1.html,troy,2018-19
13,54,14,2019-01-10,Troy,,Little Rock,REG (Conf),W 71-66,,14,1,1,1.000,0,0,,1,1,1.000,1.000,3,4,.750,1,3,4,0,0,0,1,2,5,4.1,Kate Rodgers,https://www.sports-reference.com/cbb/players/kate-rodgers-1.html,troy,2018-19
14,55,15,2019-01-12,Troy,,Arkansas State,REG (Conf),W 87-79,*,16,5,6,.833,0,0,,5,6,.833,.833,1,1,1.000,3,5,8,0,0,3,2,4,11,10.9,Kate Rodgers,https://www.sports-reference.com/cbb/players/kate-rodgers-1.html,troy,2018-19
15,56,16,2019-01-17,Troy,@,Georgia Southern,REG (Conf),W 97-81,,12,1,2,.500,0,0,,1,2,.500,.500,3,4,.750,3,3,6,0,0,0,1,0,5,5.6,Kate Rodgers,https://www.sports-reference.com/cbb/players/kate-rodgers-1.html,troy,2018-19
16,57,17,2019-01-19,Troy,@,Georgia State,REG (Conf),L 80-84,,9,0,3,.000,0,0,,0,3,.000,.000,2,2,1.000,1,2,3,0,0,1,1,1,2,0.5,Kate Rodgers,https://www.sports-reference.com/cbb/players/kate-rodgers-1.html,troy,2018-19
17,58,18,2019-01-24,Troy,,Louisiana–Monroe,REG (Conf),W 78-56,,12,1,1,1.000,0,0,,1,1,1.000,1.000,2,2,1.000,2,3,5,1,0,2,1,0,4,7.1,Kate Rodgers,https://www.sports-reference.com/cbb/players/kate-rodgers-1.html,troy,2018-19
18,59,19,2019-01-26,Troy,,Louisiana,REG (Conf),W 90-64,,7,1,2,.500,0,0,,1,2,.500,.500,1,2,.500,1,5,6,0,0,0,4,3,3,-1.4,Kate Rodgers,https://www.sports-reference.com/cbb/players/kate-rodgers-1.html,troy,2018-19
19,60,20,2019-02-02,Troy,@,South Alabama,REG (Conf),L 77-80,*,17,2,8,.250,0,2,.000,2,6,.333,.250,2,2,1.000,2,5,7,1,3,2,2,4,6,5.6,Kate Rodgers,https://www.sports-reference.com/cbb/players/kate-rodgers-1.html,troy,2018-19
20,61,21,2019-02-07,Troy,@,Little Rock,REG (Conf),L 72-76,*,19,2,5,.400,0,1,.000,2,4,.500,.400,3,3,1.000,4,4,8,2,1,0,1,4,7,8.1,Kate Rodgers,https://www.sports-reference.com/cbb/players/kate-rodgers-1.html,troy,2018-19
21,62,23,2019-02-14,Troy,,Georgia State,REG (Conf),L 70-85,*,14,0,2,.000,0,0,,0,2,.000,.000,0,0,,1,2,3,0,1,0,2,4,0,-2.7,Kate Rodgers,https://www.sports-reference.com/cbb/players/kate-rodgers-1.html,troy,2018-19
22,63,24,2019-02-16,Troy,,Georgia Southern,REG (Conf),W 100-78,*,16,0,3,.000,0,0,,0,3,.000,.000,2,2,1.000,2,9,11,0,0,1,4,1,2,0.3,Kate Rodgers,https://www.sports-reference.com/cbb/players/kate-rodgers-1.html,troy,2018-19
23,64,25,2019-02-23,Troy,,South Alabama,REG (Conf),W 66-58,*,13,2,7,.286,0,0,,2,7,.286,.286,3,4,.750,3,5,8,0,0,1,0,3,7,5.6,Kate Rodgers,https://www.sports-reference.com/cbb/players/kate-rodgers-1.html,troy,2018-19
24,65,26,2019-02-28,Troy,@,Texas State,REG (Conf),W 82-63,*,13,1,3,.333,0,0,,1,3,.333,.333,0,0,,0,2,2,0,1,0,0,0,2,1.9,Kate Rodgers,https://www.sports-reference.com/cbb/players/kate-rodgers-1.html,troy,2018-19
25,66,27,2019-03-02,Troy,@,UT Arlington,REG (Conf),L 65-88,,9,0,2,.000,0,0,,0,2,.000,.000,2,4,.500,0,2,2,1,0,0,1,2,2,-0.7,Kate Rodgers,https://www.sports-reference.com/cbb/players/kate-rodgers-1.html,troy,2018-19
26,67,28,2019-03-07,Troy,,Appalachian State,REG (Conf),W 95-66,,11,2,3,.667,0,0,,2,3,.667,.667,3,3,1.000,1,4,5,3,1,1,0,0,7,11.4,Kate Rodgers,https://www.sports-reference.com/cbb/players/kate-rodgers-1.html,troy,2018-19
27,68,29,2019-03-09,Troy,,Coastal Carolina,REG (Conf),W 89-76,,13,0,2,.000,0,0,,0,2,.000,.000,8,8,1.000,2,1,3,2,0,1,0,1,8,10.0,Kate Rodgers,https://www.sports-reference.com/cbb/players/kate-rodgers-1.html,troy,2018-19
28,69,30,2019-03-14,Troy,,South Alabama,CTOURN,L 74-87 (OT),,22,3,4,.750,0,0,,3,4,.750,.750,2,2,1.000,6,3,9,1,1,0,0,4,8,11.6,Kate Rodgers,https://www.sports-reference.com/cbb/players/kate-rodgers-1.html,troy,2018-19
29,70,31,2019-03-21,Troy,,UAB,WNIT,L 89-93,,15,2,4,.500,0,0,,2,4,.500,.500,1,1,1.000,2,4,6,0,0,2,1,3,5,4.8,Kate Rodgers,https://www.sports-reference.com/cbb/players/kate-rodgers-1.html,troy,2018-19
