ranker,player_game_num_career,team_game_num_season,date,team_name_abbr,game_location,opp_name_abbr,game_type,game_result,is_starter,mp,fg,fga,fg_pct,fg3,fg3a,fg3_pct,fg2,fg2a,fg2_pct,efg_pct,ft,fta,ft_pct,orb,drb,trb,ast,stl,blk,tov,pf,pts,game_score,player_name,player_sr_link,school,season
1,63,1,2018-11-06,Troy,@,Florida State,REG (Non-Conf),L 67-103,,24,2,12,.167,1,5,.200,1,7,.143,.208,4,8,.500,1,3,4,1,1,0,3,2,9,-0.7,Kayla Robinson,https://www.sports-reference.com/cbb/players/kayla-robinson-2.html,troy,2018-19
2,64,2,2018-11-12,Troy,,Samford,REG (Non-Conf),W 72-52,*,15,1,5,.200,0,1,.000,1,4,.250,.200,3,4,.750,2,1,3,0,0,0,0,2,5,2.4,Kayla Robinson,https://www.sports-reference.com/cbb/players/kayla-robinson-2.html,troy,2018-19
3,65,3,2018-11-16,Troy,,Tennessee State,REG (Non-Conf),W 92-67,*,18,1,3,.333,0,2,.000,1,1,1.000,.333,0,1,.000,2,3,5,5,0,0,3,0,2,2.7,Kayla Robinson,https://www.sports-reference.com/cbb/players/kayla-robinson-2.html,troy,2018-19
4,66,4,2018-11-19,Troy,@,East Tennessee State,REG (Non-Conf),W 84-66,*,30,10,20,.500,3,5,.600,7,15,.467,.575,1,1,1.000,0,3,3,2,1,0,1,1,24,15.9,Kayla Robinson,https://www.sports-reference.com/cbb/players/kayla-robinson-2.html,troy,2018-19
5,67,5,2018-11-23,Troy,,Sam Houston State,REG (Non-Conf),W 84-79,*,24,2,9,.222,1,7,.143,1,2,.500,.278,3,5,.600,2,4,6,5,1,0,4,2,8,4.0,Kayla Robinson,https://www.sports-reference.com/cbb/players/kayla-robinson-2.html,troy,2018-19
6,68,6,2018-11-24,Troy,,Mississippi Valley State,REG (Non-Conf),W 75-54,*,24,4,9,.444,0,1,.000,4,8,.500,.444,1,2,.500,3,2,5,7,2,0,4,0,9,9.5,Kayla Robinson,https://www.sports-reference.com/cbb/players/kayla-robinson-2.html,troy,2018-19
7,69,7,2018-11-29,Troy,,Alabama State,REG (Non-Conf),W 116-46,*,25,4,8,.500,2,4,.500,2,4,.500,.625,0,0,,3,5,8,9,1,0,0,1,10,16.5,Kayla Robinson,https://www.sports-reference.com/cbb/players/kayla-robinson-2.html,troy,2018-19
8,70,8,2018-12-04,Troy,,Middle Tennessee,REG (Non-Conf),L 64-67,*,33,4,14,.286,1,3,.333,3,11,.273,.321,4,4,1.000,6,6,12,3,0,0,3,2,13,9.1,Kayla Robinson,https://www.sports-reference.com/cbb/players/kayla-robinson-2.html,troy,2018-19
9,71,9,2018-12-12,Troy,,Talladega,REG (Non-Conf),W 91-70,*,29,4,13,.308,0,3,.000,4,10,.400,.308,1,2,.500,7,2,9,6,4,0,4,2,9,10.0,Kayla Robinson,https://www.sports-reference.com/cbb/players/kayla-robinson-2.html,troy,2018-19
10,72,10,2018-12-19,Troy,@,Ole Miss,REG (Non-Conf),W 71-54,*,29,6,12,.500,3,5,.600,3,7,.429,.625,1,1,1.000,3,3,6,2,0,0,1,1,16,13.0,Kayla Robinson,https://www.sports-reference.com/cbb/players/kayla-robinson-2.html,troy,2018-19
11,73,12,2019-01-03,Troy,@,Coastal Carolina,REG (Conf),W 82-81,,24,3,15,.200,1,6,.167,2,9,.222,.233,3,4,.750,1,2,3,4,2,0,3,2,10,2.6,Kayla Robinson,https://www.sports-reference.com/cbb/players/kayla-robinson-2.html,troy,2018-19
12,74,13,2019-01-05,Troy,@,Appalachian State,REG (Conf),W 83-72,*,19,5,9,.556,0,0,,5,9,.556,.556,0,3,.000,0,2,2,2,2,0,1,1,10,7.1,Kayla Robinson,https://www.sports-reference.com/cbb/players/kayla-robinson-2.html,troy,2018-19
13,75,14,2019-01-10,Troy,,Little Rock,REG (Conf),W 71-66,*,22,4,13,.308,1,2,.500,3,11,.273,.346,7,7,1.000,2,4,6,0,0,0,1,3,16,8.9,Kayla Robinson,https://www.sports-reference.com/cbb/players/kayla-robinson-2.html,troy,2018-19
14,76,15,2019-01-12,Troy,,Arkansas State,REG (Conf),W 87-79,*,28,6,15,.400,1,2,.500,5,13,.385,.433,1,1,1.000,0,5,5,8,2,0,5,2,14,9.2,Kayla Robinson,https://www.sports-reference.com/cbb/players/kayla-robinson-2.html,troy,2018-19
15,77,16,2019-01-17,Troy,@,Georgia Southern,REG (Conf),W 97-81,*,23,7,12,.583,1,3,.333,6,9,.667,.625,0,0,,2,6,8,3,1,0,5,4,15,9.1,Kayla Robinson,https://www.sports-reference.com/cbb/players/kayla-robinson-2.html,troy,2018-19
16,78,17,2019-01-19,Troy,@,Georgia State,REG (Conf),L 80-84,*,23,2,5,.400,1,4,.250,1,1,1.000,.500,0,0,,2,2,4,5,0,0,4,3,5,2.6,Kayla Robinson,https://www.sports-reference.com/cbb/players/kayla-robinson-2.html,troy,2018-19
17,79,18,2019-01-24,Troy,,Louisiana–Monroe,REG (Conf),W 78-56,*,23,7,14,.500,3,6,.500,4,8,.500,.607,3,3,1.000,1,1,2,5,0,1,0,1,20,17.8,Kayla Robinson,https://www.sports-reference.com/cbb/players/kayla-robinson-2.html,troy,2018-19
18,80,19,2019-01-26,Troy,,Louisiana,REG (Conf),W 90-64,*,21,6,9,.667,1,3,.333,5,6,.833,.722,0,0,,1,2,3,2,1,0,3,3,13,8.6,Kayla Robinson,https://www.sports-reference.com/cbb/players/kayla-robinson-2.html,troy,2018-19
19,81,20,2019-02-02,Troy,@,South Alabama,REG (Conf),L 77-80,*,31,3,11,.273,1,4,.250,2,7,.286,.318,0,0,,0,1,1,1,1,0,2,3,7,-0.7,Kayla Robinson,https://www.sports-reference.com/cbb/players/kayla-robinson-2.html,troy,2018-19
20,82,21,2019-02-07,Troy,@,Little Rock,REG (Conf),L 72-76,*,22,3,13,.231,0,5,.000,3,8,.375,.231,1,2,.500,0,1,1,3,1,0,4,1,7,-2.3,Kayla Robinson,https://www.sports-reference.com/cbb/players/kayla-robinson-2.html,troy,2018-19
21,83,22,2019-02-09,Troy,@,Arkansas State,REG (Conf),W 100-89,*,22,4,11,.364,3,4,.750,1,7,.143,.500,5,6,.833,1,3,4,3,0,0,3,5,16,8.2,Kayla Robinson,https://www.sports-reference.com/cbb/players/kayla-robinson-2.html,troy,2018-19
22,84,23,2019-02-14,Troy,,Georgia State,REG (Conf),L 70-85,*,21,2,11,.182,1,7,.143,1,4,.250,.227,4,6,.667,2,1,3,2,0,0,7,1,9,-3.0,Kayla Robinson,https://www.sports-reference.com/cbb/players/kayla-robinson-2.html,troy,2018-19
23,85,25,2019-02-23,Troy,,South Alabama,REG (Conf),W 66-58,,12,1,5,.200,0,1,.000,1,4,.250,.200,1,2,.500,0,1,1,1,0,0,1,0,3,-0.5,Kayla Robinson,https://www.sports-reference.com/cbb/players/kayla-robinson-2.html,troy,2018-19
24,86,26,2019-02-28,Troy,@,Texas State,REG (Conf),W 82-63,,13,0,3,.000,0,1,.000,0,2,.000,.000,0,0,,0,4,4,3,0,0,1,4,0,-1.4,Kayla Robinson,https://www.sports-reference.com/cbb/players/kayla-robinson-2.html,troy,2018-19
25,87,27,2019-03-02,Troy,@,UT Arlington,REG (Conf),L 65-88,,21,2,8,.250,0,3,.000,2,5,.400,.250,0,0,,2,3,5,1,0,0,2,2,4,-0.6,Kayla Robinson,https://www.sports-reference.com/cbb/players/kayla-robinson-2.html,troy,2018-19
26,88,28,2019-03-07,Troy,,Appalachian State,REG (Conf),W 95-66,,18,3,9,.333,2,2,1.000,1,7,.143,.444,4,4,1.000,0,4,4,1,0,1,2,1,12,7.1,Kayla Robinson,https://www.sports-reference.com/cbb/players/kayla-robinson-2.html,troy,2018-19
27,89,29,2019-03-09,Troy,,Coastal Carolina,REG (Conf),W 89-76,,17,0,2,.000,0,1,.000,0,1,.000,.000,2,4,.500,2,1,3,0,1,0,0,1,2,2.1,Kayla Robinson,https://www.sports-reference.com/cbb/players/kayla-robinson-2.html,troy,2018-19
28,90,30,2019-03-14,Troy,,South Alabama,CTOURN,L 74-87 (OT),,27,5,23,.217,1,6,.167,4,17,.235,.239,2,4,.500,2,0,2,3,1,0,2,2,13,-0.2,Kayla Robinson,https://www.sports-reference.com/cbb/players/kayla-robinson-2.html,troy,2018-19
29,91,31,2019-03-21,Troy,,UAB,WNIT,L 89-93,,26,8,15,.533,1,4,.250,7,11,.636,.567,2,3,.667,2,1,3,2,2,0,1,1,19,15.0,Kayla Robinson,https://www.sports-reference.com/cbb/players/kayla-robinson-2.html,troy,2018-19
