ranker,player_game_num_career,team_game_num_season,date,team_name_abbr,game_location,opp_name_abbr,game_type,game_result,is_starter,mp,fg,fga,fg_pct,fg3,fg3a,fg3_pct,fg2,fg2a,fg2_pct,efg_pct,ft,fta,ft_pct,orb,drb,trb,ast,stl,blk,tov,pf,pts,game_score,player_name,player_sr_link,school,season
1,13,1,2018-11-06,Troy,@,Florida State,REG (Non-Conf),L 67-103,,14,2,3,.667,0,0,,2,3,.667,.667,2,2,1.000,0,1,1,0,0,0,2,2,6,2.2,Shaterrika O'Neal,https://www.sports-reference.com/cbb/players/shaterrika-oneal-1.html,troy,2018-19
2,14,2,2018-11-12,Troy,,Samford,REG (Non-Conf),W 72-52,*,14,0,2,.000,0,0,,0,2,.000,.000,0,0,,1,2,3,0,0,0,2,1,0,-2.5,Shaterrika O'Neal,https://www.sports-reference.com/cbb/players/shaterrika-oneal-1.html,troy,2018-19
3,15,3,2018-11-16,Troy,,Tennessee State,REG (Non-Conf),W 92-67,*,16,2,6,.333,1,3,.333,1,3,.333,.417,5,7,.714,1,4,5,0,1,0,2,1,10,6.3,Shaterrika O'Neal,https://www.sports-reference.com/cbb/players/shaterrika-oneal-1.html,troy,2018-19
4,16,4,2018-11-19,Troy,@,East Tennessee State,REG (Non-Conf),W 84-66,*,8,0,3,.000,0,1,.000,0,2,.000,.000,0,0,,0,0,0,0,0,0,0,0,0,-2.1,Shaterrika O'Neal,https://www.sports-reference.com/cbb/players/shaterrika-oneal-1.html,troy,2018-19
5,17,5,2018-11-23,Troy,,Sam Houston State,REG (Non-Conf),W 84-79,,9,1,1,1.000,1,1,1.000,0,0,,1.500,0,0,,0,1,1,1,0,0,2,0,3,1.7,Shaterrika O'Neal,https://www.sports-reference.com/cbb/players/shaterrika-oneal-1.html,troy,2018-19
6,18,6,2018-11-24,Troy,,Mississippi Valley State,REG (Non-Conf),W 75-54,*,21,3,11,.273,2,6,.333,1,5,.200,.364,2,2,1.000,1,3,4,2,1,0,0,1,10,7.1,Shaterrika O'Neal,https://www.sports-reference.com/cbb/players/shaterrika-oneal-1.html,troy,2018-19
7,19,7,2018-11-29,Troy,,Alabama State,REG (Non-Conf),W 116-46,*,18,5,9,.556,2,3,.667,3,6,.500,.667,0,0,,3,2,5,0,3,0,0,1,12,13.0,Shaterrika O'Neal,https://www.sports-reference.com/cbb/players/shaterrika-oneal-1.html,troy,2018-19
8,20,8,2018-12-04,Troy,,Middle Tennessee,REG (Non-Conf),L 64-67,*,26,5,13,.385,3,4,.750,2,9,.222,.500,1,2,.500,0,1,1,1,3,0,2,2,14,7.7,Shaterrika O'Neal,https://www.sports-reference.com/cbb/players/shaterrika-oneal-1.html,troy,2018-19
9,21,9,2018-12-12,Troy,,Talladega,REG (Non-Conf),W 91-70,,19,3,14,.214,1,5,.200,2,9,.222,.250,0,0,,3,2,5,2,2,0,4,1,7,0.1,Shaterrika O'Neal,https://www.sports-reference.com/cbb/players/shaterrika-oneal-1.html,troy,2018-19
10,22,10,2018-12-19,Troy,@,Ole Miss,REG (Non-Conf),W 71-54,*,27,3,10,.300,1,2,.500,2,8,.250,.350,0,0,,0,2,2,4,3,0,3,1,7,4.2,Shaterrika O'Neal,https://www.sports-reference.com/cbb/players/shaterrika-oneal-1.html,troy,2018-19
11,23,11,2018-12-29,Troy,@,Jacksonville State,REG (Non-Conf),W 89-63,*,12,3,7,.429,0,2,.000,3,5,.600,.429,5,5,1.000,1,0,1,1,2,0,1,1,11,9.3,Shaterrika O'Neal,https://www.sports-reference.com/cbb/players/shaterrika-oneal-1.html,troy,2018-19
12,24,12,2019-01-03,Troy,@,Coastal Carolina,REG (Conf),W 82-81,*,19,4,8,.500,3,7,.429,1,1,1.000,.688,0,2,.000,0,1,1,0,0,0,1,0,11,5.5,Shaterrika O'Neal,https://www.sports-reference.com/cbb/players/shaterrika-oneal-1.html,troy,2018-19
13,25,13,2019-01-05,Troy,@,Appalachian State,REG (Conf),W 83-72,*,18,2,6,.333,1,4,.250,1,2,.500,.417,0,0,,1,4,5,2,0,0,0,2,5,4.1,Shaterrika O'Neal,https://www.sports-reference.com/cbb/players/shaterrika-oneal-1.html,troy,2018-19
14,26,14,2019-01-10,Troy,,Little Rock,REG (Conf),W 71-66,*,21,0,3,.000,0,0,,0,3,.000,.000,2,4,.500,1,2,3,0,0,0,0,1,2,0.0,Shaterrika O'Neal,https://www.sports-reference.com/cbb/players/shaterrika-oneal-1.html,troy,2018-19
15,27,15,2019-01-12,Troy,,Arkansas State,REG (Conf),W 87-79,*,26,4,9,.444,1,4,.250,3,5,.600,.500,0,0,,2,5,7,3,0,0,3,1,9,5.9,Shaterrika O'Neal,https://www.sports-reference.com/cbb/players/shaterrika-oneal-1.html,troy,2018-19
16,28,16,2019-01-17,Troy,@,Georgia Southern,REG (Conf),W 97-81,*,17,2,3,.667,1,2,.500,1,1,1.000,.833,2,2,1.000,0,1,1,1,1,0,0,0,7,7.7,Shaterrika O'Neal,https://www.sports-reference.com/cbb/players/shaterrika-oneal-1.html,troy,2018-19
17,29,17,2019-01-19,Troy,@,Georgia State,REG (Conf),L 80-84,*,14,2,7,.286,1,3,.333,1,4,.250,.357,0,0,,3,2,5,2,0,1,1,4,5,3.1,Shaterrika O'Neal,https://www.sports-reference.com/cbb/players/shaterrika-oneal-1.html,troy,2018-19
18,30,18,2019-01-24,Troy,,Louisiana–Monroe,REG (Conf),W 78-56,*,15,1,4,.250,1,3,.333,0,1,.000,.375,0,0,,0,0,0,0,2,0,0,0,3,2.6,Shaterrika O'Neal,https://www.sports-reference.com/cbb/players/shaterrika-oneal-1.html,troy,2018-19
19,31,19,2019-01-26,Troy,,Louisiana,REG (Conf),W 90-64,*,17,3,5,.600,3,4,.750,0,1,.000,.900,3,4,.750,0,0,0,0,0,0,1,0,12,8.3,Shaterrika O'Neal,https://www.sports-reference.com/cbb/players/shaterrika-oneal-1.html,troy,2018-19
20,32,20,2019-02-02,Troy,@,South Alabama,REG (Conf),L 77-80,*,24,3,6,.500,0,1,.000,3,5,.600,.500,0,2,.000,0,3,3,2,1,0,1,1,6,4.1,Shaterrika O'Neal,https://www.sports-reference.com/cbb/players/shaterrika-oneal-1.html,troy,2018-19
21,33,21,2019-02-07,Troy,@,Little Rock,REG (Conf),L 72-76,*,19,2,5,.400,1,2,.500,1,3,.333,.500,0,0,,0,4,4,0,1,0,3,2,5,0.7,Shaterrika O'Neal,https://www.sports-reference.com/cbb/players/shaterrika-oneal-1.html,troy,2018-19
22,34,22,2019-02-09,Troy,@,Arkansas State,REG (Conf),W 100-89,*,19,3,8,.375,0,2,.000,3,6,.500,.375,0,0,,1,1,2,0,1,0,0,2,6,2.8,Shaterrika O'Neal,https://www.sports-reference.com/cbb/players/shaterrika-oneal-1.html,troy,2018-19
23,35,23,2019-02-14,Troy,,Georgia State,REG (Conf),L 70-85,*,17,1,4,.250,0,2,.000,1,2,.500,.250,1,2,.500,1,1,2,1,0,0,3,2,3,-1.9,Shaterrika O'Neal,https://www.sports-reference.com/cbb/players/shaterrika-oneal-1.html,troy,2018-19
24,36,24,2019-02-16,Troy,,Georgia Southern,REG (Conf),W 100-78,*,21,4,6,.667,1,2,.500,3,4,.750,.750,4,4,1.000,0,6,6,6,3,0,1,3,13,17.2,Shaterrika O'Neal,https://www.sports-reference.com/cbb/players/shaterrika-oneal-1.html,troy,2018-19
25,37,25,2019-02-23,Troy,,South Alabama,REG (Conf),W 66-58,*,18,1,4,.250,0,1,.000,1,3,.333,.250,1,2,.500,1,2,3,2,1,0,0,1,3,3.5,Shaterrika O'Neal,https://www.sports-reference.com/cbb/players/shaterrika-oneal-1.html,troy,2018-19
26,38,26,2019-02-28,Troy,@,Texas State,REG (Conf),W 82-63,*,20,2,4,.500,0,0,,2,4,.500,.500,0,0,,0,2,2,3,0,0,1,2,4,2.9,Shaterrika O'Neal,https://www.sports-reference.com/cbb/players/shaterrika-oneal-1.html,troy,2018-19
27,39,27,2019-03-02,Troy,@,UT Arlington,REG (Conf),L 65-88,*,24,3,8,.375,0,1,.000,3,7,.429,.375,0,0,,3,2,5,1,3,0,2,2,6,5.2,Shaterrika O'Neal,https://www.sports-reference.com/cbb/players/shaterrika-oneal-1.html,troy,2018-19
28,40,28,2019-03-07,Troy,,Appalachian State,REG (Conf),W 95-66,*,17,1,6,.167,0,3,.000,1,3,.333,.167,0,0,,0,2,2,2,1,0,2,1,2,-1.2,Shaterrika O'Neal,https://www.sports-reference.com/cbb/players/shaterrika-oneal-1.html,troy,2018-19
29,41,29,2019-03-09,Troy,,Coastal Carolina,REG (Conf),W 89-76,*,23,4,10,.400,1,2,.500,3,8,.375,.450,0,2,.000,1,4,5,3,1,0,2,0,9,5.8,Shaterrika O'Neal,https://www.sports-reference.com/cbb/players/shaterrika-oneal-1.html,troy,2018-19
30,42,30,2019-03-14,Troy,,South Alabama,CTOURN,L 74-87 (OT),*,23,2,6,.333,2,4,.500,0,2,.000,.500,0,0,,0,2,2,0,0,0,0,2,6,2.4,Shaterrika O'Neal,https://www.sports-reference.com/cbb/players/shaterrika-oneal-1.html,troy,2018-19
31,43,31,2019-03-21,Troy,,UAB,WNIT,L 89-93,*,23,1,4,.250,0,1,.000,1,3,.333,.250,0,0,,0,4,4,0,0,0,1,3,2,-1.4,Shaterrika O'Neal,https://www.sports-reference.com/cbb/players/shaterrika-oneal-1.html,troy,2018-19
