ranker,player_game_num_career,team_game_num_season,date,team_name_abbr,game_location,opp_name_abbr,game_type,game_result,is_starter,mp,fg,fga,fg_pct,fg3,fg3a,fg3_pct,fg2,fg2a,fg2_pct,efg_pct,ft,fta,ft_pct,orb,drb,trb,ast,stl,blk,tov,pf,pts,game_score,player_name,player_sr_link,school,season
1,1,1,2018-11-06,Troy,@,Florida State,REG (Non-Conf),L 67-103,,11,0,4,.000,0,1,.000,0,3,.000,.000,0,0,,0,0,0,0,2,0,2,2,0,-3.6,Shawnta Shaw,https://www.sports-reference.com/cbb/players/shawnta-shaw-1.html,troy,2018-19
2,2,2,2018-11-12,Troy,,Samford,REG (Non-Conf),W 72-52,,15,1,5,.200,0,2,.000,1,3,.333,.200,2,2,1.000,0,0,0,4,1,0,2,1,4,2.3,Shawnta Shaw,https://www.sports-reference.com/cbb/players/shawnta-shaw-1.html,troy,2018-19
3,3,3,2018-11-16,Troy,,Tennessee State,REG (Non-Conf),W 92-67,,15,3,5,.600,0,0,,3,5,.600,.600,0,2,.000,0,0,0,4,2,0,3,2,6,3.9,Shawnta Shaw,https://www.sports-reference.com/cbb/players/shawnta-shaw-1.html,troy,2018-19
4,4,4,2018-11-19,Troy,@,East Tennessee State,REG (Non-Conf),W 84-66,,5,1,1,1.000,0,0,,1,1,1.000,1.000,0,0,,0,0,0,0,0,0,3,1,2,-1.7,Shawnta Shaw,https://www.sports-reference.com/cbb/players/shawnta-shaw-1.html,troy,2018-19
5,5,5,2018-11-23,Troy,,Sam Houston State,REG (Non-Conf),W 84-79,,8,1,5,.200,0,1,.000,1,4,.250,.200,0,0,,2,3,5,3,1,0,3,1,2,0.9,Shawnta Shaw,https://www.sports-reference.com/cbb/players/shawnta-shaw-1.html,troy,2018-19
6,6,6,2018-11-24,Troy,,Mississippi Valley State,REG (Non-Conf),W 75-54,,12,0,4,.000,0,1,.000,0,3,.000,.000,0,0,,0,1,1,1,2,0,0,4,0,-1.4,Shawnta Shaw,https://www.sports-reference.com/cbb/players/shawnta-shaw-1.html,troy,2018-19
7,7,7,2018-11-29,Troy,,Alabama State,REG (Non-Conf),W 116-46,,15,1,6,.167,0,1,.000,1,5,.200,.167,3,4,.750,1,0,1,2,2,0,2,4,5,1.3,Shawnta Shaw,https://www.sports-reference.com/cbb/players/shawnta-shaw-1.html,troy,2018-19
8,8,8,2018-12-04,Troy,,Middle Tennessee,REG (Non-Conf),L 64-67,,4,0,0,,0,0,,0,0,,,0,0,,0,0,0,1,0,0,1,1,0,-0.7,Shawnta Shaw,https://www.sports-reference.com/cbb/players/shawnta-shaw-1.html,troy,2018-19
9,9,9,2018-12-12,Troy,,Talladega,REG (Non-Conf),W 91-70,,11,2,4,.500,0,0,,2,4,.500,.500,0,0,,2,3,5,3,1,0,3,2,4,3.6,Shawnta Shaw,https://www.sports-reference.com/cbb/players/shawnta-shaw-1.html,troy,2018-19
10,10,11,2018-12-29,Troy,@,Jacksonville State,REG (Non-Conf),W 89-63,,16,1,7,.143,1,1,1.000,0,6,.000,.214,3,4,.750,2,3,5,1,3,0,1,1,6,5.7,Shawnta Shaw,https://www.sports-reference.com/cbb/players/shawnta-shaw-1.html,troy,2018-19
11,11,12,2019-01-03,Troy,@,Coastal Carolina,REG (Conf),W 82-81,,9,2,6,.333,0,1,.000,2,5,.400,.333,1,1,1.000,1,0,1,1,0,0,2,2,5,0.2,Shawnta Shaw,https://www.sports-reference.com/cbb/players/shawnta-shaw-1.html,troy,2018-19
12,12,13,2019-01-05,Troy,@,Appalachian State,REG (Conf),W 83-72,,8,1,2,.500,0,0,,1,2,.500,.500,1,2,.500,0,0,0,0,0,0,0,2,3,0.8,Shawnta Shaw,https://www.sports-reference.com/cbb/players/shawnta-shaw-1.html,troy,2018-19
13,13,14,2019-01-10,Troy,,Little Rock,REG (Conf),W 71-66,,6,0,3,.000,0,1,.000,0,2,.000,.000,0,0,,0,1,1,3,0,0,1,3,0,-1.9,Shawnta Shaw,https://www.sports-reference.com/cbb/players/shawnta-shaw-1.html,troy,2018-19
14,14,15,2019-01-12,Troy,,Arkansas State,REG (Conf),W 87-79,,3,0,2,.000,0,0,,0,2,.000,.000,0,0,,0,1,1,2,0,0,0,0,0,0.3,Shawnta Shaw,https://www.sports-reference.com/cbb/players/shawnta-shaw-1.html,troy,2018-19
15,15,16,2019-01-17,Troy,@,Georgia Southern,REG (Conf),W 97-81,,8,2,3,.667,0,0,,2,3,.667,.667,1,1,1.000,0,0,0,2,3,0,3,3,5,3.9,Shawnta Shaw,https://www.sports-reference.com/cbb/players/shawnta-shaw-1.html,troy,2018-19
16,16,17,2019-01-19,Troy,@,Georgia State,REG (Conf),L 80-84,,2,0,2,.000,0,0,,0,2,.000,.000,0,0,,0,0,0,0,1,0,2,1,0,-2.8,Shawnta Shaw,https://www.sports-reference.com/cbb/players/shawnta-shaw-1.html,troy,2018-19
17,17,18,2019-01-24,Troy,,Louisiana–Monroe,REG (Conf),W 78-56,,3,0,0,,0,0,,0,0,,,0,0,,0,0,0,0,0,0,2,1,0,-2.4,Shawnta Shaw,https://www.sports-reference.com/cbb/players/shawnta-shaw-1.html,troy,2018-19
18,18,19,2019-01-26,Troy,,Louisiana,REG (Conf),W 90-64,,3,0,0,,0,0,,0,0,,,0,0,,0,0,0,0,0,0,1,1,0,-1.4,Shawnta Shaw,https://www.sports-reference.com/cbb/players/shawnta-shaw-1.html,troy,2018-19
19,19,22,2019-02-09,Troy,@,Arkansas State,REG (Conf),W 100-89,,5,2,4,.500,0,0,,2,4,.500,.500,0,0,,0,2,2,2,0,0,2,0,4,2.0,Shawnta Shaw,https://www.sports-reference.com/cbb/players/shawnta-shaw-1.html,troy,2018-19
20,20,23,2019-02-14,Troy,,Georgia State,REG (Conf),L 70-85,,4,1,1,1.000,0,0,,1,1,1.000,1.000,0,0,,1,0,1,0,0,0,1,1,2,1.0,Shawnta Shaw,https://www.sports-reference.com/cbb/players/shawnta-shaw-1.html,troy,2018-19
21,21,24,2019-02-16,Troy,,Georgia Southern,REG (Conf),W 100-78,,14,2,6,.333,0,2,.000,2,4,.500,.333,1,2,.500,2,1,3,4,2,0,4,0,5,3.7,Shawnta Shaw,https://www.sports-reference.com/cbb/players/shawnta-shaw-1.html,troy,2018-19
22,22,25,2019-02-23,Troy,,South Alabama,REG (Conf),W 66-58,,8,1,1,1.000,0,0,,1,1,1.000,1.000,0,0,,2,1,3,0,0,0,5,1,2,-2.0,Shawnta Shaw,https://www.sports-reference.com/cbb/players/shawnta-shaw-1.html,troy,2018-19
23,23,26,2019-02-28,Troy,@,Texas State,REG (Conf),W 82-63,,8,2,2,1.000,1,1,1.000,1,1,1.000,1.250,0,0,,0,0,0,1,0,0,1,0,5,4.1,Shawnta Shaw,https://www.sports-reference.com/cbb/players/shawnta-shaw-1.html,troy,2018-19
24,24,27,2019-03-02,Troy,@,UT Arlington,REG (Conf),L 65-88,,7,0,2,.000,0,1,.000,0,1,.000,.000,0,0,,0,0,0,1,0,0,0,2,0,-1.5,Shawnta Shaw,https://www.sports-reference.com/cbb/players/shawnta-shaw-1.html,troy,2018-19
25,25,29,2019-03-09,Troy,,Coastal Carolina,REG (Conf),W 89-76,,5,0,0,,0,0,,0,0,,,0,0,,0,0,0,0,0,0,1,0,0,-1.0,Shawnta Shaw,https://www.sports-reference.com/cbb/players/shawnta-shaw-1.html,troy,2018-19
26,26,31,2019-03-21,Troy,,UAB,WNIT,L 89-93,,2,0,4,.000,0,2,.000,0,2,.000,.000,0,0,,2,0,2,0,0,0,0,0,0,-1.4,Shawnta Shaw,https://www.sports-reference.com/cbb/players/shawnta-shaw-1.html,troy,2018-19
