ranker,player_game_num_career,team_game_num_season,date,team_name_abbr,game_location,opp_name_abbr,game_type,game_result,is_starter,mp,fg,fga,fg_pct,fg3,fg3a,fg3_pct,fg2,fg2a,fg2_pct,efg_pct,ft,fta,ft_pct,orb,drb,trb,ast,stl,blk,tov,pf,pts,game_score,player_name,player_sr_link,school,season
1,21,1,2018-11-06,Troy,@,Florida State,REG (Non-Conf),L 67-103,,12,1,6,.167,1,5,.200,0,1,.000,.250,0,0,,0,2,2,0,0,0,2,3,3,-3.4,Tyra Johnson,https://www.sports-reference.com/cbb/players/tyra-johnson-1.html,troy,2018-19
2,22,2,2018-11-12,Troy,,Samford,REG (Non-Conf),W 72-52,,17,2,8,.250,2,8,.250,0,0,,.375,0,0,,0,3,3,0,2,1,0,0,6,4.8,Tyra Johnson,https://www.sports-reference.com/cbb/players/tyra-johnson-1.html,troy,2018-19
3,23,3,2018-11-16,Troy,,Tennessee State,REG (Non-Conf),W 92-67,,19,3,9,.333,2,7,.286,1,2,.500,.444,0,0,,0,1,1,2,2,0,1,2,8,4.8,Tyra Johnson,https://www.sports-reference.com/cbb/players/tyra-johnson-1.html,troy,2018-19
4,24,4,2018-11-19,Troy,@,East Tennessee State,REG (Non-Conf),W 84-66,,22,6,9,.667,6,8,.750,0,1,.000,1.000,2,2,1.000,0,3,3,1,3,0,3,3,20,16.5,Tyra Johnson,https://www.sports-reference.com/cbb/players/tyra-johnson-1.html,troy,2018-19
5,25,5,2018-11-23,Troy,,Sam Houston State,REG (Non-Conf),W 84-79,,23,3,6,.500,3,6,.500,0,0,,.750,0,0,,0,0,0,0,0,0,1,0,9,5.0,Tyra Johnson,https://www.sports-reference.com/cbb/players/tyra-johnson-1.html,troy,2018-19
6,26,6,2018-11-24,Troy,,Mississippi Valley State,REG (Non-Conf),W 75-54,,17,1,4,.250,1,4,.250,0,0,,.375,0,0,,0,1,1,1,1,0,2,0,3,0.6,Tyra Johnson,https://www.sports-reference.com/cbb/players/tyra-johnson-1.html,troy,2018-19
7,27,9,2018-12-12,Troy,,Talladega,REG (Non-Conf),W 91-70,*,15,2,7,.286,2,5,.400,0,2,.000,.429,0,1,.000,1,0,1,1,0,0,2,2,6,0.1,Tyra Johnson,https://www.sports-reference.com/cbb/players/tyra-johnson-1.html,troy,2018-19
8,28,10,2018-12-19,Troy,@,Ole Miss,REG (Non-Conf),W 71-54,,5,0,1,.000,0,1,.000,0,0,,.000,0,0,,0,0,0,1,1,0,0,0,0,1.0,Tyra Johnson,https://www.sports-reference.com/cbb/players/tyra-johnson-1.html,troy,2018-19
9,29,11,2018-12-29,Troy,@,Jacksonville State,REG (Non-Conf),W 89-63,,13,2,6,.333,2,4,.500,0,2,.000,.500,0,0,,1,1,2,0,1,0,1,3,6,2.4,Tyra Johnson,https://www.sports-reference.com/cbb/players/tyra-johnson-1.html,troy,2018-19
10,30,12,2019-01-03,Troy,@,Coastal Carolina,REG (Conf),W 82-81,,4,0,1,.000,0,1,.000,0,0,,.000,0,0,,0,0,0,0,0,0,0,0,0,-0.7,Tyra Johnson,https://www.sports-reference.com/cbb/players/tyra-johnson-1.html,troy,2018-19
11,31,13,2019-01-05,Troy,@,Appalachian State,REG (Conf),W 83-72,,14,4,10,.400,4,9,.444,0,1,.000,.600,4,5,.800,1,0,1,0,1,0,0,0,16,11.9,Tyra Johnson,https://www.sports-reference.com/cbb/players/tyra-johnson-1.html,troy,2018-19
12,32,14,2019-01-10,Troy,,Little Rock,REG (Conf),W 71-66,,14,1,4,.250,1,4,.250,0,0,,.375,2,4,.500,0,0,0,0,0,1,0,0,5,2.5,Tyra Johnson,https://www.sports-reference.com/cbb/players/tyra-johnson-1.html,troy,2018-19
13,33,15,2019-01-12,Troy,,Arkansas State,REG (Conf),W 87-79,,16,0,3,.000,0,2,.000,0,1,.000,.000,0,0,,0,0,0,1,1,0,3,1,0,-3.8,Tyra Johnson,https://www.sports-reference.com/cbb/players/tyra-johnson-1.html,troy,2018-19
14,34,16,2019-01-17,Troy,@,Georgia Southern,REG (Conf),W 97-81,,13,2,6,.333,1,5,.200,1,1,1.000,.417,0,0,,0,1,1,0,1,0,1,1,5,1.5,Tyra Johnson,https://www.sports-reference.com/cbb/players/tyra-johnson-1.html,troy,2018-19
15,35,17,2019-01-19,Troy,@,Georgia State,REG (Conf),L 80-84,,5,2,5,.400,2,5,.400,0,0,,.600,0,0,,0,0,0,0,0,0,0,2,6,2.5,Tyra Johnson,https://www.sports-reference.com/cbb/players/tyra-johnson-1.html,troy,2018-19
16,36,18,2019-01-24,Troy,,Louisiana–Monroe,REG (Conf),W 78-56,,18,2,5,.400,2,5,.400,0,0,,.600,0,0,,1,2,3,2,0,0,0,1,6,5.6,Tyra Johnson,https://www.sports-reference.com/cbb/players/tyra-johnson-1.html,troy,2018-19
17,37,19,2019-01-26,Troy,,Louisiana,REG (Conf),W 90-64,,19,2,9,.222,2,7,.286,0,2,.000,.333,2,3,.667,0,3,3,2,0,0,2,3,8,1.2,Tyra Johnson,https://www.sports-reference.com/cbb/players/tyra-johnson-1.html,troy,2018-19
18,38,20,2019-02-02,Troy,@,South Alabama,REG (Conf),L 77-80,,11,2,8,.250,1,6,.167,1,2,.500,.313,0,0,,0,4,4,2,0,0,1,0,5,1.8,Tyra Johnson,https://www.sports-reference.com/cbb/players/tyra-johnson-1.html,troy,2018-19
19,39,21,2019-02-07,Troy,@,Little Rock,REG (Conf),L 72-76,,13,2,3,.667,2,3,.667,0,0,,1.000,2,2,1.000,1,0,1,1,0,0,1,0,8,7.1,Tyra Johnson,https://www.sports-reference.com/cbb/players/tyra-johnson-1.html,troy,2018-19
20,40,22,2019-02-09,Troy,@,Arkansas State,REG (Conf),W 100-89,,13,3,6,.500,3,6,.500,0,0,,.750,0,0,,0,0,0,1,1,0,0,0,9,7.7,Tyra Johnson,https://www.sports-reference.com/cbb/players/tyra-johnson-1.html,troy,2018-19
21,41,23,2019-02-14,Troy,,Georgia State,REG (Conf),L 70-85,,11,1,2,.500,1,2,.500,0,0,,.750,0,0,,2,1,3,0,1,0,3,1,3,1.3,Tyra Johnson,https://www.sports-reference.com/cbb/players/tyra-johnson-1.html,troy,2018-19
22,42,24,2019-02-16,Troy,,Georgia Southern,REG (Conf),W 100-78,,9,6,12,.500,6,12,.500,0,0,,.750,0,0,,0,0,0,0,1,0,1,0,18,12.0,Tyra Johnson,https://www.sports-reference.com/cbb/players/tyra-johnson-1.html,troy,2018-19
23,43,25,2019-02-23,Troy,,South Alabama,REG (Conf),W 66-58,,17,1,7,.143,1,7,.143,0,0,,.214,0,0,,0,0,0,3,0,0,1,1,3,-0.8,Tyra Johnson,https://www.sports-reference.com/cbb/players/tyra-johnson-1.html,troy,2018-19
24,44,26,2019-02-28,Troy,@,Texas State,REG (Conf),W 82-63,,16,4,6,.667,3,5,.600,1,1,1.000,.917,0,0,,0,2,2,2,0,0,1,0,11,9.4,Tyra Johnson,https://www.sports-reference.com/cbb/players/tyra-johnson-1.html,troy,2018-19
25,45,27,2019-03-02,Troy,@,UT Arlington,REG (Conf),L 65-88,,15,1,7,.143,1,7,.143,0,0,,.214,2,2,1.000,0,2,2,0,1,0,3,0,5,-0.9,Tyra Johnson,https://www.sports-reference.com/cbb/players/tyra-johnson-1.html,troy,2018-19
26,46,28,2019-03-07,Troy,,Appalachian State,REG (Conf),W 95-66,,12,0,1,.000,0,1,.000,0,0,,.000,0,0,,0,1,1,1,1,0,2,3,0,-1.9,Tyra Johnson,https://www.sports-reference.com/cbb/players/tyra-johnson-1.html,troy,2018-19
27,47,29,2019-03-09,Troy,,Coastal Carolina,REG (Conf),W 89-76,,14,2,9,.222,1,7,.143,1,2,.500,.278,3,3,1.000,0,0,0,2,2,0,2,0,8,3.9,Tyra Johnson,https://www.sports-reference.com/cbb/players/tyra-johnson-1.html,troy,2018-19
28,48,30,2019-03-14,Troy,,South Alabama,CTOURN,L 74-87 (OT),,9,1,5,.200,1,5,.200,0,0,,.300,0,0,,0,0,0,1,0,0,1,0,3,-0.4,Tyra Johnson,https://www.sports-reference.com/cbb/players/tyra-johnson-1.html,troy,2018-19
