ranker,player_game_num_career,team_game_num_season,date,team_name_abbr,game_location,opp_name_abbr,game_type,game_result,is_starter,mp,fg,fga,fg_pct,fg3,fg3a,fg3_pct,fg2,fg2a,fg2_pct,efg_pct,ft,fta,ft_pct,orb,drb,trb,ast,stl,blk,tov,pf,pts,game_score,player_name,player_sr_link,school,season
1,28,1,2022-11-07,Utah Tech,@,Washington,REG (Non-Conf),L 74-87,*,25,2,6,.333,0,1,.000,2,5,.400,.333,2,2,1.000,3,0,3,3,1,0,0,3,6,6.6,Macie Warren,https://www.sports-reference.com/cbb/players/macie-warren-1.html,dixie-state,2022-23
2,29,2,2022-11-10,Utah Tech,,Benedictine,REG (Non-Conf),W 101-75,*,27,9,17,.529,5,12,.417,4,5,.800,.676,2,2,1.000,2,4,6,6,3,0,4,1,25,22.1,Macie Warren,https://www.sports-reference.com/cbb/players/macie-warren-1.html,dixie-state,2022-23
3,30,3,2022-11-15,Utah Tech,,Utah State,REG (Non-Conf),W 95-57,*,32,9,19,.474,4,9,.444,5,10,.500,.579,3,4,.750,0,5,5,4,3,0,0,0,25,22.2,Macie Warren,https://www.sports-reference.com/cbb/players/macie-warren-1.html,dixie-state,2022-23
4,31,4,2022-11-18,Utah Tech,@,Kansas City,REG (Non-Conf),W 94-73,*,33,7,12,.583,2,3,.667,5,9,.556,.667,5,6,.833,0,5,5,2,1,0,6,4,21,11.3,Macie Warren,https://www.sports-reference.com/cbb/players/macie-warren-1.html,dixie-state,2022-23
5,32,5,2022-11-20,Utah Tech,@,Kansas State,REG (Non-Conf),L 82-91,*,35,6,15,.400,1,8,.125,5,7,.714,.433,2,2,1.000,0,5,5,8,2,0,4,3,15,10.8,Macie Warren,https://www.sports-reference.com/cbb/players/macie-warren-1.html,dixie-state,2022-23
6,33,6,2022-11-26,Utah Tech,,La Verne,REG (Non-Conf),W 112-61,*,28,5,13,.385,1,5,.200,4,8,.500,.423,1,1,1.000,1,2,3,5,3,0,4,2,12,7.9,Macie Warren,https://www.sports-reference.com/cbb/players/macie-warren-1.html,dixie-state,2022-23
7,34,7,2022-12-03,Utah Tech,,Texas A&M–Commerce,REG (Non-Conf),W 82-62,*,37,7,14,.500,1,5,.200,6,9,.667,.536,3,3,1.000,2,6,8,2,1,1,1,0,18,16.3,Macie Warren,https://www.sports-reference.com/cbb/players/macie-warren-1.html,dixie-state,2022-23
8,35,8,2022-12-10,Utah Tech,@,Air Force,REG (Non-Conf),W 73-70,*,35,12,16,.750,3,5,.600,9,11,.818,.844,2,4,.500,3,5,8,2,2,0,4,1,29,24.4,Macie Warren,https://www.sports-reference.com/cbb/players/macie-warren-1.html,dixie-state,2022-23
