ranker,player_game_num_career,team_game_num_season,date,team_name_abbr,game_location,opp_name_abbr,game_type,game_result,is_starter,mp,fg,fga,fg_pct,fg3,fg3a,fg3_pct,fg2,fg2a,fg2_pct,efg_pct,ft,fta,ft_pct,orb,drb,trb,ast,stl,blk,tov,pf,pts,game_score,player_name,player_sr_link,school,season
1,17,1,2018-11-06,William & Mary,,VCU,REG (Non-Conf),L 55-72,,11,0,2,.000,0,1,.000,0,1,.000,.000,1,2,.500,1,0,1,0,0,0,1,1,1,-1.5,Bailey Eichner,https://www.sports-reference.com/cbb/players/bailey-eichner-1.html,william-mary,2018-19
2,18,2,2018-11-12,William & Mary,,Howard,REG (Non-Conf),W 88-75,,1,0,0,,0,0,,0,0,,,0,0,,0,0,0,0,0,0,1,1,0,-1.4,Bailey Eichner,https://www.sports-reference.com/cbb/players/bailey-eichner-1.html,william-mary,2018-19
3,19,3,2018-11-17,William & Mary,@,Loyola (MD),REG (Non-Conf),W 65-49,,1,0,0,,0,0,,0,0,,,0,0,,0,0,0,0,0,0,0,0,0,0.0,Bailey Eichner,https://www.sports-reference.com/cbb/players/bailey-eichner-1.html,william-mary,2018-19
4,20,9,2018-12-08,William & Mary,@,Old Dominion,REG (Non-Conf),L 69-83,,11,1,2,.500,0,0,,1,2,.500,.500,0,0,,2,4,6,0,2,0,0,0,2,5.6,Bailey Eichner,https://www.sports-reference.com/cbb/players/bailey-eichner-1.html,william-mary,2018-19
5,21,10,2018-12-21,William & Mary,@,Norfolk State,REG (Non-Conf),W 55-44,,7,0,2,.000,0,1,.000,0,1,.000,.000,0,0,,1,1,2,0,1,0,0,1,0,0.2,Bailey Eichner,https://www.sports-reference.com/cbb/players/bailey-eichner-1.html,william-mary,2018-19
6,22,11,2018-12-29,William & Mary,,George Washington,REG (Non-Conf),W 73-59,,13,0,1,.000,0,1,.000,0,0,,.000,0,0,,0,2,2,1,0,1,0,1,0,0.9,Bailey Eichner,https://www.sports-reference.com/cbb/players/bailey-eichner-1.html,william-mary,2018-19
7,23,12,2019-01-04,William & Mary,@,Hofstra,REG (Conf),W 60-55,,8,0,0,,0,0,,0,0,,,0,0,,0,1,1,1,0,0,0,1,0,0.6,Bailey Eichner,https://www.sports-reference.com/cbb/players/bailey-eichner-1.html,william-mary,2018-19
8,24,13,2019-01-06,William & Mary,@,Northeastern,REG (Conf),L 74-88,,6,0,1,.000,0,0,,0,1,.000,.000,0,0,,0,1,1,0,0,0,0,1,0,-0.8,Bailey Eichner,https://www.sports-reference.com/cbb/players/bailey-eichner-1.html,william-mary,2018-19
9,25,14,2019-01-11,William & Mary,,UNC Wilmington,REG (Conf),W 70-64,,3,0,0,,0,0,,0,0,,,0,0,,0,0,0,0,0,0,0,1,0,-0.4,Bailey Eichner,https://www.sports-reference.com/cbb/players/bailey-eichner-1.html,william-mary,2018-19
10,26,16,2019-01-20,William & Mary,,Elon,REG (Conf),W 65-60,,1,0,0,,0,0,,0,0,,,0,0,,0,0,0,0,0,0,1,1,0,-1.4,Bailey Eichner,https://www.sports-reference.com/cbb/players/bailey-eichner-1.html,william-mary,2018-19
11,27,17,2019-01-25,William & Mary,@,James Madison,REG (Conf),L 48-65,,9,0,1,.000,0,0,,0,1,.000,.000,0,0,,0,2,2,0,0,0,0,0,0,-0.1,Bailey Eichner,https://www.sports-reference.com/cbb/players/bailey-eichner-1.html,william-mary,2018-19
12,28,18,2019-01-27,William & Mary,@,Towson,REG (Conf),W 80-69,,2,0,0,,0,0,,0,0,,,0,0,,0,0,0,0,0,0,1,0,0,-1.0,Bailey Eichner,https://www.sports-reference.com/cbb/players/bailey-eichner-1.html,william-mary,2018-19
13,29,23,2019-02-17,William & Mary,@,Elon,REG (Conf),W 64-59,,3,0,0,,0,0,,0,0,,,0,0,,0,0,0,0,0,0,1,0,0,-1.0,Bailey Eichner,https://www.sports-reference.com/cbb/players/bailey-eichner-1.html,william-mary,2018-19
14,30,24,2019-02-22,William & Mary,,Towson,REG (Conf),L 75-82,,3,0,0,,0,0,,0,0,,,0,0,,0,0,0,1,0,0,0,0,0,0.7,Bailey Eichner,https://www.sports-reference.com/cbb/players/bailey-eichner-1.html,william-mary,2018-19
15,31,25,2019-02-24,William & Mary,,James Madison,REG (Conf),L 65-78,,15,2,3,.667,1,1,1.000,1,2,.500,.833,0,0,,1,1,2,2,0,0,0,3,5,4.9,Bailey Eichner,https://www.sports-reference.com/cbb/players/bailey-eichner-1.html,william-mary,2018-19
16,32,26,2019-03-01,William & Mary,@,Drexel,REG (Conf),W 77-72 (3OT),,10,0,2,.000,0,1,.000,0,1,.000,.000,0,0,,0,2,2,1,0,0,0,0,0,-0.1,Bailey Eichner,https://www.sports-reference.com/cbb/players/bailey-eichner-1.html,william-mary,2018-19
17,33,27,2019-03-03,William & Mary,@,Delaware,REG (Conf),L 52-68,,16,1,1,1.000,0,0,,1,1,1.000,1.000,0,2,.000,1,3,4,1,0,0,0,2,2,2.4,Bailey Eichner,https://www.sports-reference.com/cbb/players/bailey-eichner-1.html,william-mary,2018-19
18,34,28,2019-03-07,William & Mary,,Northeastern,REG (Conf),L 71-75,,7,1,1,1.000,0,0,,1,1,1.000,1.000,0,0,,1,1,2,1,0,1,0,3,2,2.9,Bailey Eichner,https://www.sports-reference.com/cbb/players/bailey-eichner-1.html,william-mary,2018-19
19,35,29,2019-03-09,William & Mary,,Hofstra,REG (Conf),W 83-72,,2,0,0,,0,0,,0,0,,,0,0,,1,0,1,0,0,0,1,0,0,-0.3,Bailey Eichner,https://www.sports-reference.com/cbb/players/bailey-eichner-1.html,william-mary,2018-19
20,36,30,2019-03-13,William & Mary,,College of Charleston,CTOURN,W 61-41,,12,1,2,.500,0,0,,1,2,.500,.500,4,6,.667,1,3,4,2,0,0,1,0,6,6.2,Bailey Eichner,https://www.sports-reference.com/cbb/players/bailey-eichner-1.html,william-mary,2018-19
21,37,31,2019-03-14,William & Mary,@,Drexel,CTOURN,L 60-71,,7,0,0,,0,0,,0,0,,,0,0,,0,1,1,0,1,0,1,2,0,-0.5,Bailey Eichner,https://www.sports-reference.com/cbb/players/bailey-eichner-1.html,william-mary,2018-19
