ranker,player_game_num_career,team_game_num_season,date,team_name_abbr,game_location,opp_name_abbr,game_type,game_result,is_starter,mp,fg,fga,fg_pct,fg3,fg3a,fg3_pct,fg2,fg2a,fg2_pct,efg_pct,ft,fta,ft_pct,orb,drb,trb,ast,stl,blk,tov,pf,pts,game_score,player_name,player_sr_link,school,season
1,92,1,2018-11-06,William & Mary,,VCU,REG (Non-Conf),L 55-72,*,33,6,16,.375,1,3,.333,5,13,.385,.406,2,3,.667,0,6,6,4,5,1,3,3,15,11.9,Bianca Boggs,https://www.sports-reference.com/cbb/players/bianca-boggs-1.html,william-mary,2018-19
2,93,2,2018-11-12,William & Mary,,Howard,REG (Non-Conf),W 88-75,*,35,10,22,.455,1,5,.200,9,17,.529,.477,5,5,1.000,2,7,9,7,1,0,4,2,26,19.2,Bianca Boggs,https://www.sports-reference.com/cbb/players/bianca-boggs-1.html,william-mary,2018-19
3,94,3,2018-11-17,William & Mary,@,Loyola (MD),REG (Non-Conf),W 65-49,*,35,5,9,.556,2,4,.500,3,5,.600,.667,2,2,1.000,1,4,5,3,0,0,1,0,14,12.7,Bianca Boggs,https://www.sports-reference.com/cbb/players/bianca-boggs-1.html,william-mary,2018-19
4,95,4,2018-11-24,William & Mary,@,Davidson,REG (Non-Conf),L 65-76,*,36,6,12,.500,1,3,.333,5,9,.556,.542,5,5,1.000,1,9,10,7,3,2,9,4,18,14.1,Bianca Boggs,https://www.sports-reference.com/cbb/players/bianca-boggs-1.html,william-mary,2018-19
5,96,5,2018-11-27,William & Mary,,East Carolina,REG (Non-Conf),W 63-43,*,37,4,11,.364,0,3,.000,4,8,.500,.364,1,2,.500,1,10,11,5,1,1,6,1,9,5.0,Bianca Boggs,https://www.sports-reference.com/cbb/players/bianca-boggs-1.html,william-mary,2018-19
6,97,6,2018-11-30,William & Mary,@,Hartford,REG (Non-Conf),L 45-50,*,39,3,15,.200,1,5,.200,2,10,.200,.233,5,6,.833,2,4,6,2,6,0,4,1,12,7.9,Bianca Boggs,https://www.sports-reference.com/cbb/players/bianca-boggs-1.html,william-mary,2018-19
7,98,7,2018-12-02,William & Mary,@,Fairfield,REG (Non-Conf),W 60-54,*,37,8,12,.667,2,4,.500,6,8,.750,.750,4,8,.500,2,3,5,2,3,0,7,2,22,14.1,Bianca Boggs,https://www.sports-reference.com/cbb/players/bianca-boggs-1.html,william-mary,2018-19
8,99,8,2018-12-05,William & Mary,,Richmond,REG (Non-Conf),W 65-55,*,32,2,10,.200,1,5,.200,1,5,.200,.250,3,4,.750,0,1,1,6,2,2,3,2,8,5.5,Bianca Boggs,https://www.sports-reference.com/cbb/players/bianca-boggs-1.html,william-mary,2018-19
9,100,9,2018-12-08,William & Mary,@,Old Dominion,REG (Non-Conf),L 69-83,*,24,7,15,.467,0,3,.000,7,12,.583,.467,3,3,1.000,1,2,3,2,3,0,2,3,17,11.8,Bianca Boggs,https://www.sports-reference.com/cbb/players/bianca-boggs-1.html,william-mary,2018-19
10,101,10,2018-12-21,William & Mary,@,Norfolk State,REG (Non-Conf),W 55-44,*,33,4,10,.400,0,2,.000,4,8,.500,.400,2,5,.400,0,8,8,4,4,1,6,3,10,6.1,Bianca Boggs,https://www.sports-reference.com/cbb/players/bianca-boggs-1.html,william-mary,2018-19
11,102,11,2018-12-29,William & Mary,,George Washington,REG (Non-Conf),W 73-59,*,34,10,16,.625,3,5,.600,7,11,.636,.719,3,3,1.000,2,8,10,3,2,3,3,1,26,25.4,Bianca Boggs,https://www.sports-reference.com/cbb/players/bianca-boggs-1.html,william-mary,2018-19
12,103,12,2019-01-04,William & Mary,@,Hofstra,REG (Conf),W 60-55,*,39,7,14,.500,1,4,.250,6,10,.600,.536,7,7,1.000,1,9,10,3,0,1,6,2,22,14.4,Bianca Boggs,https://www.sports-reference.com/cbb/players/bianca-boggs-1.html,william-mary,2018-19
13,104,13,2019-01-06,William & Mary,@,Northeastern,REG (Conf),L 74-88,*,25,6,15,.400,4,7,.571,2,8,.250,.533,5,6,.833,4,2,6,4,3,0,2,4,21,18.1,Bianca Boggs,https://www.sports-reference.com/cbb/players/bianca-boggs-1.html,william-mary,2018-19
14,105,14,2019-01-11,William & Mary,,UNC Wilmington,REG (Conf),W 70-64,*,36,8,16,.500,2,5,.400,6,11,.545,.563,7,9,.778,1,5,6,2,2,2,2,2,25,20.4,Bianca Boggs,https://www.sports-reference.com/cbb/players/bianca-boggs-1.html,william-mary,2018-19
15,106,15,2019-01-13,William & Mary,,College of Charleston,REG (Conf),L 54-66,*,39,6,16,.375,4,8,.500,2,8,.250,.500,2,8,.250,1,7,8,4,2,0,5,5,18,7.4,Bianca Boggs,https://www.sports-reference.com/cbb/players/bianca-boggs-1.html,william-mary,2018-19
16,107,16,2019-01-20,William & Mary,,Elon,REG (Conf),W 65-60,*,27,4,8,.500,1,2,.500,3,6,.500,.563,4,6,.667,1,2,3,3,0,0,1,5,13,8.6,Bianca Boggs,https://www.sports-reference.com/cbb/players/bianca-boggs-1.html,william-mary,2018-19
17,108,17,2019-01-25,William & Mary,@,James Madison,REG (Conf),L 48-65,*,33,2,18,.111,0,3,.000,2,15,.133,.111,4,4,1.000,4,7,11,3,1,0,3,1,8,0.8,Bianca Boggs,https://www.sports-reference.com/cbb/players/bianca-boggs-1.html,william-mary,2018-19
18,109,18,2019-01-27,William & Mary,@,Towson,REG (Conf),W 80-69,*,33,7,17,.412,3,6,.500,4,11,.364,.500,5,11,.455,2,5,7,3,3,0,4,3,22,13.3,Bianca Boggs,https://www.sports-reference.com/cbb/players/bianca-boggs-1.html,william-mary,2018-19
19,110,19,2019-02-01,William & Mary,,Delaware,REG (Conf),L 59-70,*,37,2,9,.222,1,2,.500,1,7,.143,.278,6,8,.750,2,6,8,5,1,1,6,4,11,5.5,Bianca Boggs,https://www.sports-reference.com/cbb/players/bianca-boggs-1.html,william-mary,2018-19
20,111,20,2019-02-03,William & Mary,,Drexel,REG (Conf),L 58-62,*,39,6,10,.600,1,2,.500,5,8,.625,.650,4,5,.800,1,8,9,3,1,1,3,0,17,15.9,Bianca Boggs,https://www.sports-reference.com/cbb/players/bianca-boggs-1.html,william-mary,2018-19
21,112,21,2019-02-08,William & Mary,@,College of Charleston,REG (Conf),L 77-79 (2OT),*,48,9,19,.474,0,3,.000,9,16,.563,.474,5,8,.625,1,5,6,4,5,2,9,1,23,14.1,Bianca Boggs,https://www.sports-reference.com/cbb/players/bianca-boggs-1.html,william-mary,2018-19
22,113,22,2019-02-10,William & Mary,@,UNC Wilmington,REG (Conf),L 58-66,*,38,7,15,.467,1,5,.200,6,10,.600,.500,1,3,.333,1,9,10,3,5,1,4,3,16,13.5,Bianca Boggs,https://www.sports-reference.com/cbb/players/bianca-boggs-1.html,william-mary,2018-19
23,114,23,2019-02-17,William & Mary,@,Elon,REG (Conf),W 64-59,*,39,5,11,.455,1,6,.167,4,5,.800,.500,2,2,1.000,2,7,9,4,2,2,5,1,13,11.6,Bianca Boggs,https://www.sports-reference.com/cbb/players/bianca-boggs-1.html,william-mary,2018-19
24,115,24,2019-02-22,William & Mary,,Towson,REG (Conf),L 75-82,*,33,5,12,.417,1,2,.500,4,10,.400,.458,7,9,.778,0,3,3,8,3,1,4,5,18,15.0,Bianca Boggs,https://www.sports-reference.com/cbb/players/bianca-boggs-1.html,william-mary,2018-19
25,116,25,2019-02-24,William & Mary,,James Madison,REG (Conf),L 65-78,*,34,3,8,.375,2,5,.400,1,3,.333,.500,8,8,1.000,1,5,6,7,2,0,3,0,16,17.7,Bianca Boggs,https://www.sports-reference.com/cbb/players/bianca-boggs-1.html,william-mary,2018-19
26,117,26,2019-03-01,William & Mary,@,Drexel,REG (Conf),W 77-72 (3OT),*,52,11,14,.786,2,5,.400,9,9,1.000,.857,8,10,.800,0,5,5,5,3,2,8,4,32,25.6,Bianca Boggs,https://www.sports-reference.com/cbb/players/bianca-boggs-1.html,william-mary,2018-19
27,118,27,2019-03-03,William & Mary,@,Delaware,REG (Conf),L 52-68,*,36,4,12,.333,1,4,.250,3,8,.375,.375,0,0,,2,6,8,6,4,2,3,2,9,11.2,Bianca Boggs,https://www.sports-reference.com/cbb/players/bianca-boggs-1.html,william-mary,2018-19
28,119,28,2019-03-07,William & Mary,,Northeastern,REG (Conf),L 71-75,*,38,5,6,.833,2,3,.667,3,3,1.000,1.000,5,5,1.000,1,4,5,7,1,0,9,2,17,12.8,Bianca Boggs,https://www.sports-reference.com/cbb/players/bianca-boggs-1.html,william-mary,2018-19
29,120,29,2019-03-09,William & Mary,,Hofstra,REG (Conf),W 83-72,*,34,4,14,.286,1,5,.200,3,9,.333,.321,2,2,1.000,0,7,7,7,2,3,4,2,11,9.1,Bianca Boggs,https://www.sports-reference.com/cbb/players/bianca-boggs-1.html,william-mary,2018-19
30,121,30,2019-03-13,William & Mary,,College of Charleston,CTOURN,W 61-41,*,31,8,13,.615,3,7,.429,5,6,.833,.731,4,6,.667,2,8,10,3,0,1,2,1,23,20.5,Bianca Boggs,https://www.sports-reference.com/cbb/players/bianca-boggs-1.html,william-mary,2018-19
31,122,31,2019-03-14,William & Mary,@,Drexel,CTOURN,L 60-71,*,39,8,14,.571,1,4,.250,7,10,.700,.607,1,1,1.000,1,5,6,3,0,1,2,3,18,13.2,Bianca Boggs,https://www.sports-reference.com/cbb/players/bianca-boggs-1.html,william-mary,2018-19
