ranker,player_game_num_career,team_game_num_season,date,team_name_abbr,game_location,opp_name_abbr,game_type,game_result,is_starter,mp,fg,fga,fg_pct,fg3,fg3a,fg2,fg2a,fg2_pct,efg_pct,ft,fta,ft_pct,orb,drb,trb,ast,stl,blk,tov,pf,pts,game_score,player_name,player_sr_link,school,season
1,54,1,2018-11-06,William & Mary,,VCU,REG (Non-Conf),L 55-72,,8,0,0,,0,0,0,0,,,0,0,,0,2,2,0,0,0,0,1,0,0.2,Chandler Smith,https://www.sports-reference.com/cbb/players/chandler-smith-2.html,william-mary,2018-19
2,55,2,2018-11-12,William & Mary,,Howard,REG (Non-Conf),W 88-75,,4,0,0,,0,0,0,0,,,1,2,.500,1,1,2,0,0,1,1,2,1,0.5,Chandler Smith,https://www.sports-reference.com/cbb/players/chandler-smith-2.html,william-mary,2018-19
3,56,3,2018-11-17,William & Mary,@,Loyola (MD),REG (Non-Conf),W 65-49,,4,0,1,.000,0,0,0,1,.000,.000,0,0,,0,0,0,0,0,1,0,0,0,0.0,Chandler Smith,https://www.sports-reference.com/cbb/players/chandler-smith-2.html,william-mary,2018-19
4,57,5,2018-11-27,William & Mary,,East Carolina,REG (Non-Conf),W 63-43,,8,0,0,,0,0,0,0,,,0,0,,0,3,3,0,0,0,2,0,0,-1.1,Chandler Smith,https://www.sports-reference.com/cbb/players/chandler-smith-2.html,william-mary,2018-19
5,58,8,2018-12-05,William & Mary,,Richmond,REG (Non-Conf),W 65-55,,5,0,0,,0,0,0,0,,,0,0,,0,1,1,1,0,0,0,0,0,1.0,Chandler Smith,https://www.sports-reference.com/cbb/players/chandler-smith-2.html,william-mary,2018-19
6,59,10,2018-12-21,William & Mary,@,Norfolk State,REG (Non-Conf),W 55-44,,2,0,0,,0,0,0,0,,,0,0,,0,0,0,0,0,0,0,0,0,0.0,Chandler Smith,https://www.sports-reference.com/cbb/players/chandler-smith-2.html,william-mary,2018-19
7,60,11,2018-12-29,William & Mary,,George Washington,REG (Non-Conf),W 73-59,,1,0,0,,0,0,0,0,,,0,0,,0,0,0,0,0,0,1,1,0,-1.4,Chandler Smith,https://www.sports-reference.com/cbb/players/chandler-smith-2.html,william-mary,2018-19
8,61,17,2019-01-25,William & Mary,@,James Madison,REG (Conf),L 48-65,,2,0,0,,0,0,0,0,,,0,0,,0,0,0,0,0,1,0,0,0,0.7,Chandler Smith,https://www.sports-reference.com/cbb/players/chandler-smith-2.html,william-mary,2018-19
9,62,18,2019-01-27,William & Mary,@,Towson,REG (Conf),W 80-69,,1,0,0,,0,0,0,0,,,0,0,,0,0,0,0,0,0,1,2,0,-1.8,Chandler Smith,https://www.sports-reference.com/cbb/players/chandler-smith-2.html,william-mary,2018-19
10,63,21,2019-02-08,William & Mary,@,College of Charleston,REG (Conf),L 77-79 (2OT),,1,0,0,,0,0,0,0,,,0,0,,0,1,1,0,0,0,1,0,0,-0.7,Chandler Smith,https://www.sports-reference.com/cbb/players/chandler-smith-2.html,william-mary,2018-19
11,64,22,2019-02-10,William & Mary,@,UNC Wilmington,REG (Conf),L 58-66,*,20,1,2,.500,0,0,1,2,.500,.500,0,2,.000,2,4,6,0,0,1,0,1,2,3.1,Chandler Smith,https://www.sports-reference.com/cbb/players/chandler-smith-2.html,william-mary,2018-19
12,65,23,2019-02-17,William & Mary,@,Elon,REG (Conf),W 64-59,,6,0,0,,0,0,0,0,,,0,0,,0,0,0,0,1,0,1,1,0,-0.4,Chandler Smith,https://www.sports-reference.com/cbb/players/chandler-smith-2.html,william-mary,2018-19
13,66,29,2019-03-09,William & Mary,,Hofstra,REG (Conf),W 83-72,*,4,0,1,.000,0,0,0,1,.000,.000,0,0,,1,2,3,0,0,1,0,0,0,1.3,Chandler Smith,https://www.sports-reference.com/cbb/players/chandler-smith-2.html,william-mary,2018-19
14,67,30,2019-03-13,William & Mary,,College of Charleston,CTOURN,W 61-41,,2,0,1,.000,0,0,0,1,.000,.000,0,0,,0,1,1,0,0,0,0,1,0,-0.8,Chandler Smith,https://www.sports-reference.com/cbb/players/chandler-smith-2.html,william-mary,2018-19
15,68,31,2019-03-14,William & Mary,@,Drexel,CTOURN,L 60-71,,2,0,0,,0,0,0,0,,,0,0,,0,0,0,0,0,0,0,0,0,0.0,Chandler Smith,https://www.sports-reference.com/cbb/players/chandler-smith-2.html,william-mary,2018-19
