ranker,player_game_num_career,team_game_num_season,date,team_name_abbr,game_location,opp_name_abbr,game_type,game_result,is_starter,mp,fg,fga,fg_pct,fg3,fg3a,fg3_pct,fg2,fg2a,fg2_pct,efg_pct,ft,fta,ft_pct,orb,drb,trb,ast,stl,blk,tov,pf,pts,game_score,player_name,player_sr_link,school,season
1,1,1,2018-11-06,William & Mary,,VCU,REG (Non-Conf),L 55-72,,16,1,5,.200,1,4,.250,0,1,.000,.300,1,2,.500,1,3,4,1,0,1,0,2,4,2.7,Emma Krause,https://www.sports-reference.com/cbb/players/emma-krause-1.html,william-mary,2018-19
2,2,2,2018-11-12,William & Mary,,Howard,REG (Non-Conf),W 88-75,,13,5,9,.556,4,7,.571,1,2,.500,.778,0,2,.000,2,0,2,0,0,2,0,3,14,10.5,Emma Krause,https://www.sports-reference.com/cbb/players/emma-krause-1.html,william-mary,2018-19
3,3,3,2018-11-17,William & Mary,@,Loyola (MD),REG (Non-Conf),W 65-49,,18,2,2,1.000,1,1,1.000,1,1,1.000,1.250,0,0,,2,3,5,3,2,0,1,2,5,9.0,Emma Krause,https://www.sports-reference.com/cbb/players/emma-krause-1.html,william-mary,2018-19
4,4,4,2018-11-24,William & Mary,@,Davidson,REG (Non-Conf),L 65-76,,16,3,5,.600,3,4,.750,0,1,.000,.900,0,0,,0,3,3,0,0,0,0,1,9,7.2,Emma Krause,https://www.sports-reference.com/cbb/players/emma-krause-1.html,william-mary,2018-19
5,5,5,2018-11-27,William & Mary,,East Carolina,REG (Non-Conf),W 63-43,,15,2,6,.333,2,4,.500,0,2,.000,.500,0,0,,2,2,4,2,0,0,0,1,6,5.6,Emma Krause,https://www.sports-reference.com/cbb/players/emma-krause-1.html,william-mary,2018-19
6,6,6,2018-11-30,William & Mary,@,Hartford,REG (Non-Conf),L 45-50,,22,0,6,.000,0,4,.000,0,2,.000,.000,2,2,1.000,0,1,1,0,1,1,1,0,2,-1.2,Emma Krause,https://www.sports-reference.com/cbb/players/emma-krause-1.html,william-mary,2018-19
7,7,7,2018-12-02,William & Mary,@,Fairfield,REG (Non-Conf),W 60-54,,11,0,3,.000,0,2,.000,0,1,.000,.000,2,2,1.000,0,4,4,0,0,0,1,1,2,-0.3,Emma Krause,https://www.sports-reference.com/cbb/players/emma-krause-1.html,william-mary,2018-19
8,8,8,2018-12-05,William & Mary,,Richmond,REG (Non-Conf),W 65-55,,8,1,2,.500,1,2,.500,0,0,,.750,0,0,,0,1,1,0,0,0,1,0,3,1.3,Emma Krause,https://www.sports-reference.com/cbb/players/emma-krause-1.html,william-mary,2018-19
9,9,9,2018-12-08,William & Mary,@,Old Dominion,REG (Non-Conf),L 69-83,,21,1,5,.200,0,3,.000,1,2,.500,.200,0,0,,2,3,5,1,1,1,0,4,2,2.0,Emma Krause,https://www.sports-reference.com/cbb/players/emma-krause-1.html,william-mary,2018-19
10,10,10,2018-12-21,William & Mary,@,Norfolk State,REG (Non-Conf),W 55-44,,21,3,7,.429,1,5,.200,2,2,1.000,.500,0,2,.000,0,1,1,2,0,0,0,2,7,3.4,Emma Krause,https://www.sports-reference.com/cbb/players/emma-krause-1.html,william-mary,2018-19
11,11,11,2018-12-29,William & Mary,,George Washington,REG (Non-Conf),W 73-59,,14,1,5,.200,1,4,.250,0,1,.000,.300,0,0,,0,2,2,0,0,2,0,2,3,1.1,Emma Krause,https://www.sports-reference.com/cbb/players/emma-krause-1.html,william-mary,2018-19
12,12,12,2019-01-04,William & Mary,@,Hofstra,REG (Conf),W 60-55,,13,0,0,,0,0,,0,0,,,0,0,,0,1,1,1,0,0,0,1,0,0.6,Emma Krause,https://www.sports-reference.com/cbb/players/emma-krause-1.html,william-mary,2018-19
13,13,13,2019-01-06,William & Mary,@,Northeastern,REG (Conf),L 74-88,,18,1,5,.200,0,4,.000,1,1,1.000,.200,1,1,1.000,0,1,1,1,0,0,2,2,3,-1.9,Emma Krause,https://www.sports-reference.com/cbb/players/emma-krause-1.html,william-mary,2018-19
14,14,14,2019-01-11,William & Mary,,UNC Wilmington,REG (Conf),W 70-64,*,12,0,4,.000,0,4,.000,0,0,,.000,0,0,,0,0,0,0,0,0,0,2,0,-3.6,Emma Krause,https://www.sports-reference.com/cbb/players/emma-krause-1.html,william-mary,2018-19
15,15,15,2019-01-13,William & Mary,,College of Charleston,REG (Conf),L 54-66,*,7,0,1,.000,0,0,,0,1,.000,.000,0,0,,0,0,0,0,0,1,0,0,0,0.0,Emma Krause,https://www.sports-reference.com/cbb/players/emma-krause-1.html,william-mary,2018-19
16,16,16,2019-01-20,William & Mary,,Elon,REG (Conf),W 65-60,,10,3,6,.500,3,5,.600,0,1,.000,.750,0,0,,0,0,0,0,0,1,0,1,9,6.3,Emma Krause,https://www.sports-reference.com/cbb/players/emma-krause-1.html,william-mary,2018-19
17,17,17,2019-01-25,William & Mary,@,James Madison,REG (Conf),L 48-65,,13,0,2,.000,0,2,.000,0,0,,.000,0,0,,0,2,2,0,1,0,0,3,0,-1.0,Emma Krause,https://www.sports-reference.com/cbb/players/emma-krause-1.html,william-mary,2018-19
18,18,18,2019-01-27,William & Mary,@,Towson,REG (Conf),W 80-69,,22,5,8,.625,3,5,.600,2,3,.667,.813,0,0,,1,3,4,0,1,0,1,2,13,10.2,Emma Krause,https://www.sports-reference.com/cbb/players/emma-krause-1.html,william-mary,2018-19
19,19,19,2019-02-01,William & Mary,,Delaware,REG (Conf),L 59-70,,9,1,2,.500,1,2,.500,0,0,,.750,0,0,,0,2,2,0,0,1,1,2,3,1.5,Emma Krause,https://www.sports-reference.com/cbb/players/emma-krause-1.html,william-mary,2018-19
20,20,20,2019-02-03,William & Mary,,Drexel,REG (Conf),L 58-62,,15,1,6,.167,1,6,.167,0,0,,.250,0,0,,0,3,3,0,0,2,1,1,3,0.1,Emma Krause,https://www.sports-reference.com/cbb/players/emma-krause-1.html,william-mary,2018-19
21,21,21,2019-02-08,William & Mary,@,College of Charleston,REG (Conf),L 77-79 (2OT),*,6,0,0,,0,0,,0,0,,,0,0,,0,0,0,0,0,0,2,1,0,-2.4,Emma Krause,https://www.sports-reference.com/cbb/players/emma-krause-1.html,william-mary,2018-19
22,22,22,2019-02-10,William & Mary,@,UNC Wilmington,REG (Conf),L 58-66,,14,2,5,.400,2,5,.400,0,0,,.600,0,0,,1,2,3,0,0,0,0,5,6,2.6,Emma Krause,https://www.sports-reference.com/cbb/players/emma-krause-1.html,william-mary,2018-19
23,23,23,2019-02-17,William & Mary,@,Elon,REG (Conf),W 64-59,,19,2,4,.500,2,4,.500,0,0,,.750,0,0,,1,0,1,1,0,0,1,2,6,3.6,Emma Krause,https://www.sports-reference.com/cbb/players/emma-krause-1.html,william-mary,2018-19
24,24,24,2019-02-22,William & Mary,,Towson,REG (Conf),L 75-82,,11,2,5,.400,1,3,.333,1,2,.500,.500,1,1,1.000,1,0,1,0,0,0,0,1,6,3.6,Emma Krause,https://www.sports-reference.com/cbb/players/emma-krause-1.html,william-mary,2018-19
25,25,25,2019-02-24,William & Mary,,James Madison,REG (Conf),L 65-78,,9,1,1,1.000,0,0,,1,1,1.000,1.000,0,0,,0,0,0,2,0,0,0,2,2,2.3,Emma Krause,https://www.sports-reference.com/cbb/players/emma-krause-1.html,william-mary,2018-19
26,26,26,2019-03-01,William & Mary,@,Drexel,REG (Conf),W 77-72 (3OT),,15,1,2,.500,0,1,.000,1,1,1.000,.500,1,2,.500,0,2,2,0,0,0,0,0,3,2.2,Emma Krause,https://www.sports-reference.com/cbb/players/emma-krause-1.html,william-mary,2018-19
27,27,27,2019-03-03,William & Mary,@,Delaware,REG (Conf),L 52-68,,13,1,2,.500,1,2,.500,0,0,,.750,0,0,,0,2,2,0,0,0,1,1,3,1.2,Emma Krause,https://www.sports-reference.com/cbb/players/emma-krause-1.html,william-mary,2018-19
28,28,28,2019-03-07,William & Mary,,Northeastern,REG (Conf),L 71-75,,9,0,1,.000,0,0,,0,1,.000,.000,0,0,,0,1,1,2,0,0,2,2,0,-1.8,Emma Krause,https://www.sports-reference.com/cbb/players/emma-krause-1.html,william-mary,2018-19
29,29,29,2019-03-09,William & Mary,,Hofstra,REG (Conf),W 83-72,,4,0,0,,0,0,,0,0,,,0,0,,0,1,1,0,0,1,0,0,0,1.0,Emma Krause,https://www.sports-reference.com/cbb/players/emma-krause-1.html,william-mary,2018-19
30,30,30,2019-03-13,William & Mary,,College of Charleston,CTOURN,W 61-41,,6,0,3,.000,0,2,.000,0,1,.000,.000,0,0,,0,1,1,0,0,0,1,0,0,-2.8,Emma Krause,https://www.sports-reference.com/cbb/players/emma-krause-1.html,william-mary,2018-19
31,31,31,2019-03-14,William & Mary,@,Drexel,CTOURN,L 60-71,,5,0,1,.000,0,1,.000,0,0,,.000,0,0,,0,1,1,0,0,0,0,1,0,-0.8,Emma Krause,https://www.sports-reference.com/cbb/players/emma-krause-1.html,william-mary,2018-19
