ranker,player_game_num_career,team_game_num_season,date,team_name_abbr,game_location,opp_name_abbr,game_type,game_result,is_starter,mp,fg,fga,fg_pct,fg3,fg3a,fg3_pct,fg2,fg2a,fg2_pct,efg_pct,ft,fta,ft_pct,orb,drb,trb,ast,stl,blk,tov,pf,pts,game_score,player_name,player_sr_link,school,season
1,1,1,2018-11-06,William & Mary,,VCU,REG (Non-Conf),L 55-72,*,28,4,8,.500,0,2,.000,4,6,.667,.500,0,0,,0,0,0,3,2,0,2,4,8,4.5,Eva Hodgson,https://www.sports-reference.com/cbb/players/eva-hodgson-1.html,william-mary,2018-19
2,2,2,2018-11-12,William & Mary,,Howard,REG (Non-Conf),W 88-75,*,35,2,6,.333,1,3,.333,1,3,.333,.417,1,2,.500,2,3,5,4,2,0,4,3,6,4.1,Eva Hodgson,https://www.sports-reference.com/cbb/players/eva-hodgson-1.html,william-mary,2018-19
3,3,3,2018-11-17,William & Mary,@,Loyola (MD),REG (Non-Conf),W 65-49,*,30,2,7,.286,0,1,.000,2,6,.333,.286,1,2,.500,0,2,2,5,1,1,2,2,5,3.5,Eva Hodgson,https://www.sports-reference.com/cbb/players/eva-hodgson-1.html,william-mary,2018-19
4,4,4,2018-11-24,William & Mary,@,Davidson,REG (Non-Conf),L 65-76,*,30,0,4,.000,0,1,.000,0,3,.000,.000,0,0,,0,3,3,2,0,0,4,0,0,-4.5,Eva Hodgson,https://www.sports-reference.com/cbb/players/eva-hodgson-1.html,william-mary,2018-19
5,5,5,2018-11-27,William & Mary,,East Carolina,REG (Non-Conf),W 63-43,*,26,4,4,1.000,2,2,1.000,2,2,1.000,1.250,3,4,.750,0,1,1,0,1,0,2,2,13,9.9,Eva Hodgson,https://www.sports-reference.com/cbb/players/eva-hodgson-1.html,william-mary,2018-19
6,6,6,2018-11-30,William & Mary,@,Hartford,REG (Non-Conf),L 45-50,*,34,4,12,.333,1,5,.200,3,7,.429,.375,5,7,.714,0,2,2,2,3,0,3,4,14,6.8,Eva Hodgson,https://www.sports-reference.com/cbb/players/eva-hodgson-1.html,william-mary,2018-19
7,7,7,2018-12-02,William & Mary,@,Fairfield,REG (Non-Conf),W 60-54,*,32,0,4,.000,0,2,.000,0,2,.000,.000,3,4,.750,1,4,5,4,4,0,4,2,3,3.7,Eva Hodgson,https://www.sports-reference.com/cbb/players/eva-hodgson-1.html,william-mary,2018-19
8,8,8,2018-12-05,William & Mary,,Richmond,REG (Non-Conf),W 65-55,*,32,5,11,.455,1,4,.250,4,7,.571,.500,4,4,1.000,2,2,4,6,2,1,3,3,15,14.0,Eva Hodgson,https://www.sports-reference.com/cbb/players/eva-hodgson-1.html,william-mary,2018-19
9,9,9,2018-12-08,William & Mary,@,Old Dominion,REG (Non-Conf),L 69-83,*,22,2,5,.400,0,2,.000,2,3,.667,.400,0,2,.000,1,0,1,3,0,0,1,4,4,0.7,Eva Hodgson,https://www.sports-reference.com/cbb/players/eva-hodgson-1.html,william-mary,2018-19
10,10,10,2018-12-21,William & Mary,@,Norfolk State,REG (Non-Conf),W 55-44,*,14,2,3,.667,1,1,1.000,1,2,.500,.833,0,0,,0,1,1,2,0,0,2,3,5,2.2,Eva Hodgson,https://www.sports-reference.com/cbb/players/eva-hodgson-1.html,william-mary,2018-19
11,11,11,2018-12-29,William & Mary,,George Washington,REG (Non-Conf),W 73-59,*,32,4,7,.571,2,3,.667,2,4,.500,.714,1,1,1.000,0,4,4,6,1,0,2,4,11,10.5,Eva Hodgson,https://www.sports-reference.com/cbb/players/eva-hodgson-1.html,william-mary,2018-19
12,12,12,2019-01-04,William & Mary,@,Hofstra,REG (Conf),W 60-55,*,39,6,14,.429,1,3,.333,5,11,.455,.464,5,6,.833,1,0,1,2,2,1,3,4,18,10.4,Eva Hodgson,https://www.sports-reference.com/cbb/players/eva-hodgson-1.html,william-mary,2018-19
13,13,13,2019-01-06,William & Mary,@,Northeastern,REG (Conf),L 74-88,*,34,4,4,1.000,3,3,1.000,1,1,1.000,1.375,5,6,.833,2,2,4,2,2,0,2,5,16,15.8,Eva Hodgson,https://www.sports-reference.com/cbb/players/eva-hodgson-1.html,william-mary,2018-19
14,14,14,2019-01-11,William & Mary,,UNC Wilmington,REG (Conf),W 70-64,*,27,2,6,.333,2,5,.400,0,1,.000,.500,0,0,,0,0,0,1,1,2,2,4,6,2.1,Eva Hodgson,https://www.sports-reference.com/cbb/players/eva-hodgson-1.html,william-mary,2018-19
15,15,15,2019-01-13,William & Mary,,College of Charleston,REG (Conf),L 54-66,*,17,1,4,.250,0,1,.000,1,3,.333,.250,0,0,,1,0,1,1,0,1,5,2,2,-4.1,Eva Hodgson,https://www.sports-reference.com/cbb/players/eva-hodgson-1.html,william-mary,2018-19
16,16,16,2019-01-20,William & Mary,,Elon,REG (Conf),W 65-60,*,37,2,7,.286,0,2,.000,2,5,.400,.286,0,0,,2,2,4,6,2,0,2,0,4,6.1,Eva Hodgson,https://www.sports-reference.com/cbb/players/eva-hodgson-1.html,william-mary,2018-19
17,17,17,2019-01-25,William & Mary,@,James Madison,REG (Conf),L 48-65,*,27,2,6,.333,1,4,.250,1,2,.500,.417,8,8,1.000,0,4,4,1,1,0,4,1,13,8.1,Eva Hodgson,https://www.sports-reference.com/cbb/players/eva-hodgson-1.html,william-mary,2018-19
18,18,18,2019-01-27,William & Mary,@,Towson,REG (Conf),W 80-69,*,39,4,10,.400,0,1,.000,4,9,.444,.400,5,6,.833,3,3,6,5,0,1,1,3,13,12.2,Eva Hodgson,https://www.sports-reference.com/cbb/players/eva-hodgson-1.html,william-mary,2018-19
19,19,19,2019-02-01,William & Mary,,Delaware,REG (Conf),L 59-70,*,38,3,7,.429,1,1,1.000,2,6,.333,.500,4,4,1.000,1,0,1,4,0,1,1,2,11,9.7,Eva Hodgson,https://www.sports-reference.com/cbb/players/eva-hodgson-1.html,william-mary,2018-19
20,20,20,2019-02-03,William & Mary,,Drexel,REG (Conf),L 58-62,*,40,2,5,.400,0,1,.000,2,4,.500,.400,8,8,1.000,2,4,6,4,3,3,2,2,12,17.0,Eva Hodgson,https://www.sports-reference.com/cbb/players/eva-hodgson-1.html,william-mary,2018-19
21,21,21,2019-02-08,William & Mary,@,College of Charleston,REG (Conf),L 77-79 (2OT),*,46,5,9,.556,2,2,1.000,3,7,.429,.667,1,2,.500,2,0,2,2,3,0,2,1,13,11.7,Eva Hodgson,https://www.sports-reference.com/cbb/players/eva-hodgson-1.html,william-mary,2018-19
22,22,22,2019-02-10,William & Mary,@,UNC Wilmington,REG (Conf),L 58-66,*,38,9,15,.600,4,6,.667,5,9,.556,.733,2,2,1.000,1,4,5,2,0,0,6,4,24,12.8,Eva Hodgson,https://www.sports-reference.com/cbb/players/eva-hodgson-1.html,william-mary,2018-19
23,23,23,2019-02-17,William & Mary,@,Elon,REG (Conf),W 64-59,*,37,5,9,.556,2,6,.333,3,3,1.000,.667,2,2,1.000,1,2,3,1,2,0,3,3,14,9.5,Eva Hodgson,https://www.sports-reference.com/cbb/players/eva-hodgson-1.html,william-mary,2018-19
24,24,24,2019-02-22,William & Mary,,Towson,REG (Conf),L 75-82,*,36,2,7,.286,2,6,.333,0,1,.000,.429,0,0,,1,3,4,3,1,0,3,2,6,2.8,Eva Hodgson,https://www.sports-reference.com/cbb/players/eva-hodgson-1.html,william-mary,2018-19
25,25,25,2019-02-24,William & Mary,,James Madison,REG (Conf),L 65-78,*,37,0,5,.000,0,3,.000,0,2,.000,.000,0,0,,2,0,2,5,3,0,0,2,0,3.6,Eva Hodgson,https://www.sports-reference.com/cbb/players/eva-hodgson-1.html,william-mary,2018-19
26,26,26,2019-03-01,William & Mary,@,Drexel,REG (Conf),W 77-72 (3OT),*,50,6,9,.667,1,3,.333,5,6,.833,.722,3,4,.750,1,3,4,6,1,0,4,5,16,12.5,Eva Hodgson,https://www.sports-reference.com/cbb/players/eva-hodgson-1.html,william-mary,2018-19
27,27,27,2019-03-03,William & Mary,@,Delaware,REG (Conf),L 52-68,*,37,6,10,.600,5,7,.714,1,3,.333,.850,0,0,,1,3,4,2,2,1,3,1,17,14.7,Eva Hodgson,https://www.sports-reference.com/cbb/players/eva-hodgson-1.html,william-mary,2018-19
28,28,28,2019-03-07,William & Mary,,Northeastern,REG (Conf),L 71-75,*,38,3,7,.429,2,5,.400,1,2,.500,.571,0,0,,1,2,3,4,2,0,1,1,8,9.0,Eva Hodgson,https://www.sports-reference.com/cbb/players/eva-hodgson-1.html,william-mary,2018-19
29,29,29,2019-03-09,William & Mary,,Hofstra,REG (Conf),W 83-72,*,33,4,6,.667,3,5,.600,1,1,1.000,.917,6,6,1.000,1,0,1,1,1,2,1,2,17,16.4,Eva Hodgson,https://www.sports-reference.com/cbb/players/eva-hodgson-1.html,william-mary,2018-19
30,30,30,2019-03-13,William & Mary,,College of Charleston,CTOURN,W 61-41,*,32,3,6,.500,3,5,.600,0,1,.000,.750,0,0,,0,0,0,2,1,2,0,1,9,9.4,Eva Hodgson,https://www.sports-reference.com/cbb/players/eva-hodgson-1.html,william-mary,2018-19
31,31,31,2019-03-14,William & Mary,@,Drexel,CTOURN,L 60-71,*,30,4,6,.667,2,4,.500,2,2,1.000,.833,2,2,1.000,1,1,2,3,0,0,3,4,12,7.9,Eva Hodgson,https://www.sports-reference.com/cbb/players/eva-hodgson-1.html,william-mary,2018-19
