ranker,player_game_num_career,team_game_num_season,date,team_name_abbr,game_location,opp_name_abbr,game_type,game_result,is_starter,mp,fg,fga,fg_pct,fg3,fg3a,fg3_pct,fg2,fg2a,fg2_pct,efg_pct,ft,fta,ft_pct,orb,drb,trb,ast,stl,blk,tov,pf,pts,game_score,player_name,player_sr_link,school,season
1,10,1,2018-11-06,William & Mary,,VCU,REG (Non-Conf),L 55-72,*,12,0,4,.000,0,2,.000,0,2,.000,.000,0,0,,0,0,0,0,1,0,4,2,0,-6.6,Harper Birdsong,https://www.sports-reference.com/cbb/players/harper-birdsong-1.html,william-mary,2018-19
2,11,2,2018-11-12,William & Mary,,Howard,REG (Non-Conf),W 88-75,*,16,5,10,.500,1,4,.250,4,6,.667,.550,1,2,.500,1,1,2,1,1,1,1,2,12,8.2,Harper Birdsong,https://www.sports-reference.com/cbb/players/harper-birdsong-1.html,william-mary,2018-19
3,12,3,2018-11-17,William & Mary,@,Loyola (MD),REG (Non-Conf),W 65-49,*,14,3,3,1.000,3,3,1.000,0,0,,1.500,0,2,.000,0,0,0,0,0,0,2,3,9,4.1,Harper Birdsong,https://www.sports-reference.com/cbb/players/harper-birdsong-1.html,william-mary,2018-19
4,13,4,2018-11-24,William & Mary,@,Davidson,REG (Non-Conf),L 65-76,*,20,4,10,.400,2,6,.333,2,4,.500,.500,0,0,,0,0,0,2,1,0,1,1,10,5.6,Harper Birdsong,https://www.sports-reference.com/cbb/players/harper-birdsong-1.html,william-mary,2018-19
5,14,5,2018-11-27,William & Mary,,East Carolina,REG (Non-Conf),W 63-43,,19,3,9,.333,1,3,.333,2,6,.333,.389,3,3,1.000,1,0,1,1,1,1,3,3,10,3.8,Harper Birdsong,https://www.sports-reference.com/cbb/players/harper-birdsong-1.html,william-mary,2018-19
6,15,6,2018-11-30,William & Mary,@,Hartford,REG (Non-Conf),L 45-50,,19,2,5,.400,2,5,.400,0,0,,.600,2,5,.400,0,1,1,1,0,0,2,1,8,2.7,Harper Birdsong,https://www.sports-reference.com/cbb/players/harper-birdsong-1.html,william-mary,2018-19
7,16,7,2018-12-02,William & Mary,@,Fairfield,REG (Non-Conf),W 60-54,,25,3,8,.375,3,5,.600,0,3,.000,.563,2,2,1.000,0,0,0,0,0,0,1,1,11,5.2,Harper Birdsong,https://www.sports-reference.com/cbb/players/harper-birdsong-1.html,william-mary,2018-19
8,17,8,2018-12-05,William & Mary,,Richmond,REG (Non-Conf),W 65-55,,18,5,7,.714,3,5,.600,2,2,1.000,.929,0,0,,1,1,2,2,1,0,1,1,13,12.1,Harper Birdsong,https://www.sports-reference.com/cbb/players/harper-birdsong-1.html,william-mary,2018-19
9,18,9,2018-12-08,William & Mary,@,Old Dominion,REG (Non-Conf),L 69-83,,30,6,18,.333,2,8,.250,4,10,.400,.389,4,4,1.000,1,1,2,4,1,0,3,5,18,7.6,Harper Birdsong,https://www.sports-reference.com/cbb/players/harper-birdsong-1.html,william-mary,2018-19
10,19,10,2018-12-21,William & Mary,@,Norfolk State,REG (Non-Conf),W 55-44,,28,5,11,.455,3,7,.429,2,4,.500,.591,1,1,1.000,1,4,5,1,1,0,4,3,14,6.7,Harper Birdsong,https://www.sports-reference.com/cbb/players/harper-birdsong-1.html,william-mary,2018-19
11,20,11,2018-12-29,William & Mary,,George Washington,REG (Non-Conf),W 73-59,,23,6,10,.600,4,6,.667,2,4,.500,.800,0,0,,0,2,2,2,3,0,1,1,16,15.0,Harper Birdsong,https://www.sports-reference.com/cbb/players/harper-birdsong-1.html,william-mary,2018-19
12,21,12,2019-01-04,William & Mary,@,Hofstra,REG (Conf),W 60-55,,23,2,7,.286,2,5,.400,0,2,.000,.429,3,4,.750,0,1,1,0,0,0,2,3,9,1.6,Harper Birdsong,https://www.sports-reference.com/cbb/players/harper-birdsong-1.html,william-mary,2018-19
13,22,13,2019-01-06,William & Mary,@,Northeastern,REG (Conf),L 74-88,,29,6,15,.400,2,7,.286,4,8,.500,.467,2,4,.500,0,5,5,2,1,0,1,0,16,10.0,Harper Birdsong,https://www.sports-reference.com/cbb/players/harper-birdsong-1.html,william-mary,2018-19
14,23,14,2019-01-11,William & Mary,,UNC Wilmington,REG (Conf),W 70-64,,21,0,10,.000,0,5,.000,0,5,.000,.000,4,4,1.000,0,2,2,1,1,2,0,3,4,-0.5,Harper Birdsong,https://www.sports-reference.com/cbb/players/harper-birdsong-1.html,william-mary,2018-19
15,24,15,2019-01-13,William & Mary,,College of Charleston,REG (Conf),L 54-66,,23,3,11,.273,2,5,.400,1,6,.167,.364,0,0,,4,1,5,0,0,0,2,2,8,1.8,Harper Birdsong,https://www.sports-reference.com/cbb/players/harper-birdsong-1.html,william-mary,2018-19
16,25,16,2019-01-20,William & Mary,,Elon,REG (Conf),W 65-60,,17,5,11,.455,3,6,.500,2,5,.400,.591,0,0,,1,2,3,2,0,1,3,2,13,6.9,Harper Birdsong,https://www.sports-reference.com/cbb/players/harper-birdsong-1.html,william-mary,2018-19
17,26,17,2019-01-25,William & Mary,@,James Madison,REG (Conf),L 48-65,,15,5,10,.500,2,5,.400,3,5,.600,.600,0,0,,0,0,0,0,0,0,1,3,12,4.8,Harper Birdsong,https://www.sports-reference.com/cbb/players/harper-birdsong-1.html,william-mary,2018-19
18,27,18,2019-01-27,William & Mary,@,Towson,REG (Conf),W 80-69,,3,0,1,.000,0,1,.000,0,0,,.000,0,0,,0,0,0,0,0,0,1,3,0,-2.9,Harper Birdsong,https://www.sports-reference.com/cbb/players/harper-birdsong-1.html,william-mary,2018-19
19,28,19,2019-02-01,William & Mary,,Delaware,REG (Conf),L 59-70,,23,5,11,.455,0,4,.000,5,7,.714,.455,2,2,1.000,0,1,1,1,1,0,1,0,12,7.3,Harper Birdsong,https://www.sports-reference.com/cbb/players/harper-birdsong-1.html,william-mary,2018-19
20,29,20,2019-02-03,William & Mary,,Drexel,REG (Conf),L 58-62,,27,5,8,.625,3,6,.500,2,2,1.000,.813,2,2,1.000,1,2,3,0,1,1,1,0,15,13.4,Harper Birdsong,https://www.sports-reference.com/cbb/players/harper-birdsong-1.html,william-mary,2018-19
21,30,21,2019-02-08,William & Mary,@,College of Charleston,REG (Conf),L 77-79 (2OT),,24,3,9,.333,2,4,.500,1,5,.200,.444,0,0,,0,3,3,0,0,0,1,0,8,2.8,Harper Birdsong,https://www.sports-reference.com/cbb/players/harper-birdsong-1.html,william-mary,2018-19
22,31,22,2019-02-10,William & Mary,@,UNC Wilmington,REG (Conf),L 58-66,,29,0,10,.000,0,4,.000,0,6,.000,.000,0,0,,2,2,4,4,0,0,2,1,0,-4.6,Harper Birdsong,https://www.sports-reference.com/cbb/players/harper-birdsong-1.html,william-mary,2018-19
23,32,23,2019-02-17,William & Mary,@,Elon,REG (Conf),W 64-59,,17,4,7,.571,3,4,.750,1,3,.333,.786,2,2,1.000,0,1,1,2,2,0,0,2,13,12.6,Harper Birdsong,https://www.sports-reference.com/cbb/players/harper-birdsong-1.html,william-mary,2018-19
24,33,24,2019-02-22,William & Mary,,Towson,REG (Conf),L 75-82,,14,2,7,.286,1,5,.200,1,2,.500,.357,2,3,.667,1,0,1,0,1,0,1,1,7,2.8,Harper Birdsong,https://www.sports-reference.com/cbb/players/harper-birdsong-1.html,william-mary,2018-19
25,34,25,2019-02-24,William & Mary,,James Madison,REG (Conf),L 65-78,,17,3,8,.375,3,5,.600,0,3,.000,.563,2,4,.500,1,1,2,1,1,0,2,2,11,5.7,Harper Birdsong,https://www.sports-reference.com/cbb/players/harper-birdsong-1.html,william-mary,2018-19
26,35,26,2019-03-01,William & Mary,@,Drexel,REG (Conf),W 77-72 (3OT),,23,1,4,.250,0,1,.000,1,3,.333,.250,0,0,,0,2,2,1,0,0,1,1,2,-0.5,Harper Birdsong,https://www.sports-reference.com/cbb/players/harper-birdsong-1.html,william-mary,2018-19
27,36,27,2019-03-03,William & Mary,@,Delaware,REG (Conf),L 52-68,,10,0,2,.000,0,2,.000,0,0,,.000,0,0,,0,1,1,0,0,0,3,1,0,-4.5,Harper Birdsong,https://www.sports-reference.com/cbb/players/harper-birdsong-1.html,william-mary,2018-19
28,37,28,2019-03-07,William & Mary,,Northeastern,REG (Conf),L 71-75,,14,4,7,.571,3,5,.600,1,2,.500,.786,0,0,,0,2,2,0,0,0,5,2,11,2.5,Harper Birdsong,https://www.sports-reference.com/cbb/players/harper-birdsong-1.html,william-mary,2018-19
29,38,29,2019-03-09,William & Mary,,Hofstra,REG (Conf),W 83-72,,14,2,5,.400,1,2,.500,1,3,.333,.500,1,2,.500,0,1,1,1,1,0,2,3,6,1.7,Harper Birdsong,https://www.sports-reference.com/cbb/players/harper-birdsong-1.html,william-mary,2018-19
30,39,30,2019-03-13,William & Mary,,College of Charleston,CTOURN,W 61-41,,10,0,2,.000,0,0,,0,2,.000,.000,0,0,,0,0,0,1,0,1,1,0,0,-1.0,Harper Birdsong,https://www.sports-reference.com/cbb/players/harper-birdsong-1.html,william-mary,2018-19
31,40,31,2019-03-14,William & Mary,@,Drexel,CTOURN,L 60-71,,12,1,1,1.000,0,0,,1,1,1.000,1.000,1,2,.500,0,2,2,0,0,0,1,0,3,1.9,Harper Birdsong,https://www.sports-reference.com/cbb/players/harper-birdsong-1.html,william-mary,2018-19
