ranker,player_game_num_career,team_game_num_season,date,team_name_abbr,game_location,opp_name_abbr,game_type,game_result,is_starter,mp,fg,fga,fg_pct,fg3,fg3a,fg3_pct,fg2,fg2a,fg2_pct,efg_pct,ft,fta,ft_pct,orb,drb,trb,ast,stl,blk,tov,pf,pts,game_score,player_name,player_sr_link,school,season
1,31,1,2018-11-06,William & Mary,,VCU,REG (Non-Conf),L 55-72,,19,2,4,.500,1,1,1.000,1,3,.333,.625,0,1,.000,0,1,1,0,1,0,0,4,5,2.3,Nyla Pollard,https://www.sports-reference.com/cbb/players/nyla-pollard-1.html,william-mary,2018-19
2,32,2,2018-11-12,William & Mary,,Howard,REG (Non-Conf),W 88-75,,34,3,7,.429,2,3,.667,1,4,.250,.571,0,0,,1,2,3,3,2,0,2,3,8,6.5,Nyla Pollard,https://www.sports-reference.com/cbb/players/nyla-pollard-1.html,william-mary,2018-19
3,33,3,2018-11-17,William & Mary,@,Loyola (MD),REG (Non-Conf),W 65-49,,23,4,6,.667,1,2,.500,3,4,.750,.750,0,0,,1,1,2,4,1,0,1,4,9,8.6,Nyla Pollard,https://www.sports-reference.com/cbb/players/nyla-pollard-1.html,william-mary,2018-19
4,34,4,2018-11-24,William & Mary,@,Davidson,REG (Non-Conf),L 65-76,,25,1,4,.250,0,2,.000,1,2,.500,.250,0,1,.000,1,0,1,1,0,0,2,5,2,-3.4,Nyla Pollard,https://www.sports-reference.com/cbb/players/nyla-pollard-1.html,william-mary,2018-19
5,35,5,2018-11-27,William & Mary,,East Carolina,REG (Non-Conf),W 63-43,*,35,2,9,.222,0,3,.000,2,6,.333,.222,6,8,.750,2,10,12,2,0,1,4,1,10,5.8,Nyla Pollard,https://www.sports-reference.com/cbb/players/nyla-pollard-1.html,william-mary,2018-19
6,36,6,2018-11-30,William & Mary,@,Hartford,REG (Non-Conf),L 45-50,*,25,0,6,.000,0,3,.000,0,3,.000,.000,0,0,,0,3,3,2,0,0,2,4,0,-5.5,Nyla Pollard,https://www.sports-reference.com/cbb/players/nyla-pollard-1.html,william-mary,2018-19
7,37,7,2018-12-02,William & Mary,@,Fairfield,REG (Non-Conf),W 60-54,*,27,0,3,.000,0,0,,0,3,.000,.000,2,4,.500,1,2,3,3,2,0,3,0,2,1.5,Nyla Pollard,https://www.sports-reference.com/cbb/players/nyla-pollard-1.html,william-mary,2018-19
8,38,8,2018-12-05,William & Mary,,Richmond,REG (Non-Conf),W 65-55,*,35,2,5,.400,1,4,.250,1,1,1.000,.500,0,0,,0,2,2,2,3,0,3,2,5,3.5,Nyla Pollard,https://www.sports-reference.com/cbb/players/nyla-pollard-1.html,william-mary,2018-19
9,39,9,2018-12-08,William & Mary,@,Old Dominion,REG (Non-Conf),L 69-83,*,20,0,2,.000,0,1,.000,0,1,.000,.000,2,2,1.000,0,0,0,4,2,0,2,3,2,2.2,Nyla Pollard,https://www.sports-reference.com/cbb/players/nyla-pollard-1.html,william-mary,2018-19
10,40,10,2018-12-21,William & Mary,@,Norfolk State,REG (Non-Conf),W 55-44,*,37,2,6,.333,0,2,.000,2,4,.500,.333,2,2,1.000,1,1,2,4,1,0,0,1,6,7.0,Nyla Pollard,https://www.sports-reference.com/cbb/players/nyla-pollard-1.html,william-mary,2018-19
11,41,11,2018-12-29,William & Mary,,George Washington,REG (Non-Conf),W 73-59,*,33,1,7,.143,0,2,.000,1,5,.200,.143,0,0,,1,0,1,3,1,0,2,0,2,-0.7,Nyla Pollard,https://www.sports-reference.com/cbb/players/nyla-pollard-1.html,william-mary,2018-19
12,42,12,2019-01-04,William & Mary,@,Hofstra,REG (Conf),W 60-55,*,38,1,4,.250,1,1,1.000,0,3,.000,.375,1,2,.500,2,5,7,3,2,0,1,3,4,6.0,Nyla Pollard,https://www.sports-reference.com/cbb/players/nyla-pollard-1.html,william-mary,2018-19
13,43,13,2019-01-06,William & Mary,@,Northeastern,REG (Conf),L 74-88,*,13,0,2,.000,0,1,.000,0,1,.000,.000,0,0,,0,0,0,0,0,0,0,5,0,-3.4,Nyla Pollard,https://www.sports-reference.com/cbb/players/nyla-pollard-1.html,william-mary,2018-19
14,44,14,2019-01-11,William & Mary,,UNC Wilmington,REG (Conf),W 70-64,*,36,2,4,.500,2,3,.667,0,1,.000,.750,3,4,.750,5,2,7,6,0,0,3,2,9,11.1,Nyla Pollard,https://www.sports-reference.com/cbb/players/nyla-pollard-1.html,william-mary,2018-19
15,45,15,2019-01-13,William & Mary,,College of Charleston,REG (Conf),L 54-66,*,37,4,9,.444,0,3,.000,4,6,.667,.444,1,2,.500,1,1,2,4,1,1,0,2,9,8.6,Nyla Pollard,https://www.sports-reference.com/cbb/players/nyla-pollard-1.html,william-mary,2018-19
16,46,16,2019-01-20,William & Mary,,Elon,REG (Conf),W 65-60,*,33,1,6,.167,0,3,.000,1,3,.333,.167,0,0,,0,1,1,2,0,1,3,0,2,-2.4,Nyla Pollard,https://www.sports-reference.com/cbb/players/nyla-pollard-1.html,william-mary,2018-19
17,47,17,2019-01-25,William & Mary,@,James Madison,REG (Conf),L 48-65,*,25,0,3,.000,0,1,.000,0,2,.000,.000,2,2,1.000,1,0,1,1,0,0,2,3,2,-1.9,Nyla Pollard,https://www.sports-reference.com/cbb/players/nyla-pollard-1.html,william-mary,2018-19
18,48,18,2019-01-27,William & Mary,@,Towson,REG (Conf),W 80-69,*,34,2,3,.667,1,1,1.000,1,2,.500,.833,3,4,.750,1,1,2,4,1,0,2,2,8,8.3,Nyla Pollard,https://www.sports-reference.com/cbb/players/nyla-pollard-1.html,william-mary,2018-19
19,49,19,2019-02-01,William & Mary,,Delaware,REG (Conf),L 59-70,*,22,1,6,.167,1,2,.500,0,4,.000,.250,0,0,,1,0,1,4,2,0,1,0,3,3.7,Nyla Pollard,https://www.sports-reference.com/cbb/players/nyla-pollard-1.html,william-mary,2018-19
20,50,20,2019-02-03,William & Mary,,Drexel,REG (Conf),L 58-62,*,20,2,6,.333,0,2,.000,2,4,.500,.333,1,2,.500,1,3,4,1,0,0,2,2,5,0.7,Nyla Pollard,https://www.sports-reference.com/cbb/players/nyla-pollard-1.html,william-mary,2018-19
21,51,21,2019-02-08,William & Mary,@,College of Charleston,REG (Conf),L 77-79 (2OT),*,31,0,3,.000,0,3,.000,0,0,,.000,0,0,,1,3,4,3,3,0,4,2,0,-0.2,Nyla Pollard,https://www.sports-reference.com/cbb/players/nyla-pollard-1.html,william-mary,2018-19
22,52,22,2019-02-10,William & Mary,@,UNC Wilmington,REG (Conf),L 58-66,*,16,0,3,.000,0,1,.000,0,2,.000,.000,0,0,,2,0,2,2,0,0,1,0,0,-0.3,Nyla Pollard,https://www.sports-reference.com/cbb/players/nyla-pollard-1.html,william-mary,2018-19
23,53,23,2019-02-17,William & Mary,@,Elon,REG (Conf),W 64-59,*,28,1,6,.167,1,4,.250,0,2,.000,.250,1,2,.500,3,0,3,1,1,0,2,2,4,0.8,Nyla Pollard,https://www.sports-reference.com/cbb/players/nyla-pollard-1.html,william-mary,2018-19
24,54,24,2019-02-22,William & Mary,,Towson,REG (Conf),L 75-82,*,28,2,2,1.000,0,0,,2,2,1.000,1.000,2,2,1.000,0,4,4,4,2,0,0,0,6,11.4,Nyla Pollard,https://www.sports-reference.com/cbb/players/nyla-pollard-1.html,william-mary,2018-19
25,55,25,2019-02-24,William & Mary,,James Madison,REG (Conf),L 65-78,*,24,3,4,.750,3,4,.750,0,0,,1.125,0,0,,0,2,2,1,1,0,4,5,9,3.7,Nyla Pollard,https://www.sports-reference.com/cbb/players/nyla-pollard-1.html,william-mary,2018-19
26,56,26,2019-03-01,William & Mary,@,Drexel,REG (Conf),W 77-72 (3OT),*,25,1,3,.333,1,2,.500,0,1,.000,.500,1,6,.167,0,4,4,0,0,0,0,3,4,0.3,Nyla Pollard,https://www.sports-reference.com/cbb/players/nyla-pollard-1.html,william-mary,2018-19
27,57,27,2019-03-03,William & Mary,@,Delaware,REG (Conf),L 52-68,*,27,0,3,.000,0,1,.000,0,2,.000,.000,0,0,,0,2,2,2,0,0,3,0,0,-3.1,Nyla Pollard,https://www.sports-reference.com/cbb/players/nyla-pollard-1.html,william-mary,2018-19
28,58,28,2019-03-07,William & Mary,,Northeastern,REG (Conf),L 71-75,*,30,2,3,.667,2,3,.667,0,0,,1.000,0,0,,0,1,1,1,1,0,1,3,6,4.5,Nyla Pollard,https://www.sports-reference.com/cbb/players/nyla-pollard-1.html,william-mary,2018-19
29,59,29,2019-03-09,William & Mary,,Hofstra,REG (Conf),W 83-72,*,24,1,3,.333,0,1,.000,1,2,.500,.333,2,2,1.000,1,3,4,4,0,0,4,5,4,0.7,Nyla Pollard,https://www.sports-reference.com/cbb/players/nyla-pollard-1.html,william-mary,2018-19
30,60,30,2019-03-13,William & Mary,,College of Charleston,CTOURN,W 61-41,*,31,1,5,.200,0,3,.000,1,2,.500,.200,0,0,,1,1,2,1,0,1,1,0,2,0.3,Nyla Pollard,https://www.sports-reference.com/cbb/players/nyla-pollard-1.html,william-mary,2018-19
31,61,31,2019-03-14,William & Mary,@,Drexel,CTOURN,L 60-71,*,19,0,2,.000,0,1,.000,0,1,.000,.000,0,0,,0,0,0,0,1,0,2,2,0,-3.2,Nyla Pollard,https://www.sports-reference.com/cbb/players/nyla-pollard-1.html,william-mary,2018-19
