ranker,player_game_num_career,team_game_num_season,date,team_name_abbr,game_location,opp_name_abbr,game_type,game_result,is_starter,mp,fg,fga,fg_pct,fg3,fg3a,fg3_pct,fg2,fg2a,fg2_pct,efg_pct,ft,fta,ft_pct,orb,drb,trb,ast,stl,blk,tov,pf,pts,game_score,player_name,player_sr_link,school,season
1,59,1,2018-11-06,William & Mary,,VCU,REG (Non-Conf),L 55-72,*,37,4,7,.571,0,1,.000,4,6,.667,.571,0,0,,1,3,4,5,0,0,2,0,8,7.8,Victoria Reynolds,https://www.sports-reference.com/cbb/players/victoria-reynolds-1.html,william-mary,2018-19
2,60,2,2018-11-12,William & Mary,,Howard,REG (Non-Conf),W 88-75,*,26,3,10,.300,0,2,.000,3,8,.375,.300,4,6,.667,2,6,8,3,2,0,1,4,10,8.1,Victoria Reynolds,https://www.sports-reference.com/cbb/players/victoria-reynolds-1.html,william-mary,2018-19
3,61,3,2018-11-17,William & Mary,@,Loyola (MD),REG (Non-Conf),W 65-49,*,33,4,10,.400,0,0,,4,10,.400,.400,2,2,1.000,0,6,6,2,0,0,7,2,10,0.0,Victoria Reynolds,https://www.sports-reference.com/cbb/players/victoria-reynolds-1.html,william-mary,2018-19
4,62,4,2018-11-24,William & Mary,@,Davidson,REG (Non-Conf),L 65-76,*,29,6,8,.750,0,0,,6,8,.750,.750,1,1,1.000,1,2,3,2,1,0,2,5,13,9.5,Victoria Reynolds,https://www.sports-reference.com/cbb/players/victoria-reynolds-1.html,william-mary,2018-19
5,63,5,2018-11-27,William & Mary,,East Carolina,REG (Non-Conf),W 63-43,*,35,4,6,.667,1,1,1.000,3,5,.600,.750,6,6,1.000,2,13,15,4,1,2,6,1,15,16.5,Victoria Reynolds,https://www.sports-reference.com/cbb/players/victoria-reynolds-1.html,william-mary,2018-19
6,64,6,2018-11-30,William & Mary,@,Hartford,REG (Non-Conf),L 45-50,*,29,1,6,.167,0,0,,1,6,.167,.167,2,2,1.000,2,5,7,1,3,0,5,3,4,0.6,Victoria Reynolds,https://www.sports-reference.com/cbb/players/victoria-reynolds-1.html,william-mary,2018-19
7,65,7,2018-12-02,William & Mary,@,Fairfield,REG (Non-Conf),W 60-54,*,30,4,8,.500,0,0,,4,8,.500,.500,4,6,.667,0,4,4,1,3,0,3,2,12,8.3,Victoria Reynolds,https://www.sports-reference.com/cbb/players/victoria-reynolds-1.html,william-mary,2018-19
8,66,8,2018-12-05,William & Mary,,Richmond,REG (Non-Conf),W 65-55,*,35,5,8,.625,2,2,1.000,3,6,.500,.750,2,2,1.000,0,6,6,0,1,0,5,1,14,7.8,Victoria Reynolds,https://www.sports-reference.com/cbb/players/victoria-reynolds-1.html,william-mary,2018-19
9,67,9,2018-12-08,William & Mary,@,Old Dominion,REG (Non-Conf),L 69-83,*,37,4,10,.400,1,4,.250,3,6,.500,.450,4,4,1.000,0,6,6,2,1,2,5,5,13,6.2,Victoria Reynolds,https://www.sports-reference.com/cbb/players/victoria-reynolds-1.html,william-mary,2018-19
10,68,10,2018-12-21,William & Mary,@,Norfolk State,REG (Non-Conf),W 55-44,*,35,2,5,.400,1,2,.500,1,3,.333,.500,6,8,.750,1,8,9,2,1,3,2,3,11,11.9,Victoria Reynolds,https://www.sports-reference.com/cbb/players/victoria-reynolds-1.html,william-mary,2018-19
11,69,11,2018-12-29,William & Mary,,George Washington,REG (Non-Conf),W 73-59,,15,3,7,.429,2,2,1.000,1,5,.200,.571,0,0,,1,4,5,2,0,0,0,1,8,7.2,Victoria Reynolds,https://www.sports-reference.com/cbb/players/victoria-reynolds-1.html,william-mary,2018-19
12,70,12,2019-01-04,William & Mary,@,Hofstra,REG (Conf),W 60-55,,13,0,1,.000,0,0,,0,1,.000,.000,0,0,,0,0,0,0,0,0,4,2,0,-5.5,Victoria Reynolds,https://www.sports-reference.com/cbb/players/victoria-reynolds-1.html,william-mary,2018-19
13,71,13,2019-01-06,William & Mary,@,Northeastern,REG (Conf),L 74-88,,30,4,10,.400,1,3,.333,3,7,.429,.450,0,0,,0,3,3,2,2,0,5,3,9,1.7,Victoria Reynolds,https://www.sports-reference.com/cbb/players/victoria-reynolds-1.html,william-mary,2018-19
14,72,14,2019-01-11,William & Mary,,UNC Wilmington,REG (Conf),W 70-64,*,31,6,9,.667,1,2,.500,5,7,.714,.722,4,5,.800,1,6,7,0,1,2,4,2,17,12.8,Victoria Reynolds,https://www.sports-reference.com/cbb/players/victoria-reynolds-1.html,william-mary,2018-19
15,73,15,2019-01-13,William & Mary,,College of Charleston,REG (Conf),L 54-66,*,36,3,8,.375,2,2,1.000,1,6,.167,.500,0,0,,1,9,10,7,4,1,4,3,8,11.4,Victoria Reynolds,https://www.sports-reference.com/cbb/players/victoria-reynolds-1.html,william-mary,2018-19
16,74,16,2019-01-20,William & Mary,,Elon,REG (Conf),W 65-60,*,37,3,6,.500,0,1,.000,3,5,.600,.500,5,8,.625,1,5,6,3,2,1,0,2,11,13.0,Victoria Reynolds,https://www.sports-reference.com/cbb/players/victoria-reynolds-1.html,william-mary,2018-19
17,75,17,2019-01-25,William & Mary,@,James Madison,REG (Conf),L 48-65,*,34,1,4,.250,1,2,.500,0,2,.000,.375,2,2,1.000,0,0,0,0,1,0,2,3,5,0.4,Victoria Reynolds,https://www.sports-reference.com/cbb/players/victoria-reynolds-1.html,william-mary,2018-19
18,76,18,2019-01-27,William & Mary,@,Towson,REG (Conf),W 80-69,*,26,6,11,.545,0,1,.000,6,10,.600,.545,0,0,,2,1,3,0,1,0,2,2,12,6.6,Victoria Reynolds,https://www.sports-reference.com/cbb/players/victoria-reynolds-1.html,william-mary,2018-19
19,77,19,2019-02-01,William & Mary,,Delaware,REG (Conf),L 59-70,*,39,6,11,.545,1,2,.500,5,9,.556,.591,1,2,.500,1,5,6,3,3,2,2,2,14,14.2,Victoria Reynolds,https://www.sports-reference.com/cbb/players/victoria-reynolds-1.html,william-mary,2018-19
20,78,20,2019-02-03,William & Mary,,Drexel,REG (Conf),L 58-62,*,39,3,13,.231,0,4,.000,3,9,.333,.231,0,0,,0,9,9,2,1,1,4,3,6,-1.3,Victoria Reynolds,https://www.sports-reference.com/cbb/players/victoria-reynolds-1.html,william-mary,2018-19
21,79,21,2019-02-08,William & Mary,@,College of Charleston,REG (Conf),L 77-79 (2OT),*,48,5,15,.333,0,2,.000,5,13,.385,.333,7,8,.875,2,3,5,3,0,1,1,2,17,11.4,Victoria Reynolds,https://www.sports-reference.com/cbb/players/victoria-reynolds-1.html,william-mary,2018-19
22,80,22,2019-02-10,William & Mary,@,UNC Wilmington,REG (Conf),L 58-66,*,40,4,11,.364,0,2,.000,4,9,.444,.364,2,2,1.000,1,3,4,3,1,0,6,5,10,0.6,Victoria Reynolds,https://www.sports-reference.com/cbb/players/victoria-reynolds-1.html,william-mary,2018-19
23,81,23,2019-02-17,William & Mary,@,Elon,REG (Conf),W 64-59,*,36,3,7,.429,1,1,1.000,2,6,.333,.500,5,7,.714,0,5,5,1,2,1,3,1,12,9.0,Victoria Reynolds,https://www.sports-reference.com/cbb/players/victoria-reynolds-1.html,william-mary,2018-19
24,82,24,2019-02-22,William & Mary,,Towson,REG (Conf),L 75-82,*,39,5,10,.500,4,6,.667,1,4,.250,.700,1,2,.500,0,0,0,3,1,0,5,5,15,5.7,Victoria Reynolds,https://www.sports-reference.com/cbb/players/victoria-reynolds-1.html,william-mary,2018-19
25,83,25,2019-02-24,William & Mary,,James Madison,REG (Conf),L 65-78,*,33,7,12,.583,0,3,.000,7,9,.778,.583,2,2,1.000,0,3,3,1,1,0,1,2,16,11.2,Victoria Reynolds,https://www.sports-reference.com/cbb/players/victoria-reynolds-1.html,william-mary,2018-19
26,84,26,2019-03-01,William & Mary,@,Drexel,REG (Conf),W 77-72 (3OT),*,24,2,7,.286,0,2,.000,2,5,.400,.286,0,0,,3,5,8,2,1,0,7,5,4,-3.1,Victoria Reynolds,https://www.sports-reference.com/cbb/players/victoria-reynolds-1.html,william-mary,2018-19
27,85,27,2019-03-03,William & Mary,@,Delaware,REG (Conf),L 52-68,*,24,3,8,.375,0,2,.000,3,6,.500,.375,0,0,,1,3,4,2,1,0,4,1,6,1.2,Victoria Reynolds,https://www.sports-reference.com/cbb/players/victoria-reynolds-1.html,william-mary,2018-19
28,86,28,2019-03-07,William & Mary,,Northeastern,REG (Conf),L 71-75,*,34,6,10,.600,1,3,.333,5,7,.714,.650,2,2,1.000,1,3,4,5,4,3,5,3,15,15.4,Victoria Reynolds,https://www.sports-reference.com/cbb/players/victoria-reynolds-1.html,william-mary,2018-19
29,87,29,2019-03-09,William & Mary,,Hofstra,REG (Conf),W 83-72,,25,5,6,.833,1,1,1.000,4,5,.800,.917,4,4,1.000,0,5,5,5,0,2,2,2,15,16.4,Victoria Reynolds,https://www.sports-reference.com/cbb/players/victoria-reynolds-1.html,william-mary,2018-19
30,88,30,2019-03-13,William & Mary,,College of Charleston,CTOURN,W 61-41,*,35,4,11,.364,1,4,.250,3,7,.429,.409,2,2,1.000,1,4,5,1,0,0,2,1,11,5.1,Victoria Reynolds,https://www.sports-reference.com/cbb/players/victoria-reynolds-1.html,william-mary,2018-19
31,89,31,2019-03-14,William & Mary,@,Drexel,CTOURN,L 60-71,*,40,7,13,.538,1,2,.500,6,11,.545,.577,2,3,.667,0,4,4,4,1,0,3,1,17,11.9,Victoria Reynolds,https://www.sports-reference.com/cbb/players/victoria-reynolds-1.html,william-mary,2018-19
