ranker,player_game_num_career,team_game_num_season,date,team_name_abbr,game_location,opp_name_abbr,game_type,game_result,is_starter,mp,fg,fga,fg_pct,fg3,fg3a,fg3_pct,fg2,fg2a,fg2_pct,efg_pct,ft,fta,ft_pct,orb,drb,trb,ast,stl,blk,tov,pf,pts,game_score,player_name,player_sr_link,school,season
1,1,1,2022-11-10,San Jose State,@,Tulsa,REG (Non-Conf),L 44-74,*,21,2,5,.400,0,0,,2,5,.400,.400,0,0,,2,3,5,0,0,0,1,0,4,2.6,Nailea Nicholas,https://www.sports-reference.com/cbb/players/nailea-nicholas-1.html,san-jose-state,2022-23
2,2,2,2022-11-13,San Jose State,,Cal State Fullerton,REG (Non-Conf),L 63-71,,19,2,4,.500,0,0,,2,4,.500,.500,0,0,,4,1,5,0,0,0,0,1,4,4.7,Nailea Nicholas,https://www.sports-reference.com/cbb/players/nailea-nicholas-1.html,san-jose-state,2022-23
3,3,3,2022-11-19,San Jose State,@,Cal State Northridge,REG (Non-Conf),W 48-42,,22,0,1,.000,0,1,.000,0,0,,.000,0,0,,1,4,5,1,0,0,1,0,0,0.9,Nailea Nicholas,https://www.sports-reference.com/cbb/players/nailea-nicholas-1.html,san-jose-state,2022-23
4,4,4,2022-11-22,San Jose State,,Montana State,REG (Non-Conf),L 65-74 (OT),,20,0,3,.000,0,0,,0,3,.000,.000,0,0,,2,3,5,0,1,0,0,2,0,0.4,Nailea Nicholas,https://www.sports-reference.com/cbb/players/nailea-nicholas-1.html,san-jose-state,2022-23
5,5,5,2022-11-25,San Jose State,N,UTEP,REG (Non-Conf),L 54-67,,9,1,2,.500,0,0,,1,2,.500,.500,0,0,,1,1,2,0,0,0,1,3,2,-0.2,Nailea Nicholas,https://www.sports-reference.com/cbb/players/nailea-nicholas-1.html,san-jose-state,2022-23
6,6,6,2022-11-26,San Jose State,@,Cal Poly,REG (Non-Conf),L 53-62,,20,2,6,.333,0,1,.000,2,5,.400,.333,1,2,.500,1,3,4,1,0,0,1,2,5,1.7,Nailea Nicholas,https://www.sports-reference.com/cbb/players/nailea-nicholas-1.html,san-jose-state,2022-23
7,7,7,2022-12-01,San Jose State,,St. Mary's (CA),REG (Non-Conf),L 48-63,,12,0,3,.000,0,2,.000,0,1,.000,.000,0,0,,1,3,4,0,2,1,0,0,0,2.2,Nailea Nicholas,https://www.sports-reference.com/cbb/players/nailea-nicholas-1.html,san-jose-state,2022-23
8,8,8,2022-12-06,San Jose State,@,Southern California,REG (Non-Conf),L 44-71,,13,2,5,.400,0,0,,2,5,.400,.400,0,0,,5,5,10,0,0,0,3,2,4,2.5,Nailea Nicholas,https://www.sports-reference.com/cbb/players/nailea-nicholas-1.html,san-jose-state,2022-23
9,9,9,2022-12-13,San Jose State,@,Santa Clara,REG (Non-Conf),L 49-81,,16,2,5,.400,0,1,.000,2,4,.500,.400,0,0,,2,1,3,0,0,1,3,4,4,-0.9,Nailea Nicholas,https://www.sports-reference.com/cbb/players/nailea-nicholas-1.html,san-jose-state,2022-23
10,10,10,2022-12-18,San Jose State,,UC San Diego,REG (Non-Conf),W 70-56,,10,3,4,.750,2,3,.667,1,1,1.000,1.000,1,2,.500,1,4,5,0,1,0,1,2,9,8.1,Nailea Nicholas,https://www.sports-reference.com/cbb/players/nailea-nicholas-1.html,san-jose-state,2022-23
11,11,11,2022-12-21,San Jose State,,Hawaii,REG (Non-Conf),L 43-54,,15,0,4,.000,0,0,,0,4,.000,.000,0,0,,2,4,6,0,0,0,1,0,0,-1.2,Nailea Nicholas,https://www.sports-reference.com/cbb/players/nailea-nicholas-1.html,san-jose-state,2022-23
12,12,12,2022-12-29,San Jose State,@,Nevada,REG (Conf),L 47-64,,15,1,1,1.000,0,0,,1,1,1.000,1.000,0,0,,0,1,1,1,1,0,1,0,2,2.7,Nailea Nicholas,https://www.sports-reference.com/cbb/players/nailea-nicholas-1.html,san-jose-state,2022-23
13,13,13,2022-12-31,San Jose State,@,Boise State,REG (Conf),L 62-73,,20,3,7,.429,1,3,.333,2,4,.500,.500,0,0,,1,1,2,1,0,0,0,3,7,3.8,Nailea Nicholas,https://www.sports-reference.com/cbb/players/nailea-nicholas-1.html,san-jose-state,2022-23
14,14,14,2023-01-05,San Jose State,,Air Force,REG (Conf),L 64-77,*,5,0,0,,0,0,,0,0,,,0,0,,0,0,0,0,0,0,2,1,0,-2.4,Nailea Nicholas,https://www.sports-reference.com/cbb/players/nailea-nicholas-1.html,san-jose-state,2022-23
15,15,15,2023-01-07,San Jose State,@,Fresno State,REG (Conf),L 51-65,,19,4,6,.667,1,1,1.000,3,5,.600,.750,0,0,,1,2,3,0,0,0,1,0,9,6.7,Nailea Nicholas,https://www.sports-reference.com/cbb/players/nailea-nicholas-1.html,san-jose-state,2022-23
16,16,16,2023-01-11,San Jose State,,UNLV,REG (Conf),L 58-84,,5,0,4,.000,0,1,.000,0,3,.000,.000,0,0,,1,1,2,0,0,0,1,0,0,-2.8,Nailea Nicholas,https://www.sports-reference.com/cbb/players/nailea-nicholas-1.html,san-jose-state,2022-23
17,17,17,2023-01-14,San Jose State,,Wyoming,REG (Conf),L 48-64,,7,0,1,.000,0,1,.000,0,0,,.000,0,0,,0,0,0,0,0,0,0,0,0,-0.7,Nailea Nicholas,https://www.sports-reference.com/cbb/players/nailea-nicholas-1.html,san-jose-state,2022-23
18,18,18,2023-01-16,San Jose State,@,Air Force,REG (Conf),L 70-77,,11,1,2,.500,0,1,.000,1,1,1.000,.500,0,0,,0,1,1,0,0,0,0,4,2,-0.3,Nailea Nicholas,https://www.sports-reference.com/cbb/players/nailea-nicholas-1.html,san-jose-state,2022-23
19,19,19,2023-01-21,San Jose State,,Utah State,REG (Conf),W 77-59,,10,0,1,.000,0,1,.000,0,0,,.000,0,2,.000,0,1,1,0,1,0,3,0,0,-3.2,Nailea Nicholas,https://www.sports-reference.com/cbb/players/nailea-nicholas-1.html,san-jose-state,2022-23
20,20,20,2023-01-26,San Jose State,,Nevada,REG (Conf),L 67-74,,11,1,4,.250,0,1,.000,1,3,.333,.250,0,0,,3,0,3,0,1,0,1,1,2,1.3,Nailea Nicholas,https://www.sports-reference.com/cbb/players/nailea-nicholas-1.html,san-jose-state,2022-23
21,21,21,2023-01-28,San Jose State,@,San Diego State,REG (Conf),L 39-59,,14,0,2,.000,0,1,.000,0,1,.000,.000,0,0,,1,2,3,0,0,0,1,1,0,-1.5,Nailea Nicholas,https://www.sports-reference.com/cbb/players/nailea-nicholas-1.html,san-jose-state,2022-23
22,22,22,2023-02-02,San Jose State,@,Wyoming,REG (Conf),L 54-68,*,20,2,6,.333,0,3,.000,2,3,.667,.333,2,2,1.000,0,1,1,1,1,0,1,3,6,2.4,Nailea Nicholas,https://www.sports-reference.com/cbb/players/nailea-nicholas-1.html,san-jose-state,2022-23
23,23,23,2023-02-09,San Jose State,,Colorado State,REG (Conf),L 57-59,*,31,3,5,.600,0,1,.000,3,4,.750,.600,1,2,.500,2,5,7,0,0,0,0,2,7,6.4,Nailea Nicholas,https://www.sports-reference.com/cbb/players/nailea-nicholas-1.html,san-jose-state,2022-23
24,24,24,2023-02-11,San Jose State,,San Diego State,REG (Conf),L 55-80,*,26,0,2,.000,0,1,.000,0,1,.000,.000,0,0,,0,1,1,0,0,0,3,5,0,-6.1,Nailea Nicholas,https://www.sports-reference.com/cbb/players/nailea-nicholas-1.html,san-jose-state,2022-23
25,25,25,2023-02-16,San Jose State,@,UNLV,REG (Conf),L 60-77,*,33,6,9,.667,2,3,.667,4,6,.667,.778,1,2,.500,5,8,13,1,1,0,2,1,15,15.9,Nailea Nicholas,https://www.sports-reference.com/cbb/players/nailea-nicholas-1.html,san-jose-state,2022-23
26,26,26,2023-02-18,San Jose State,@,New Mexico,REG (Conf),L 61-70,*,30,4,9,.444,1,2,.500,3,7,.429,.500,0,1,.000,1,6,7,2,0,0,5,2,9,2.0,Nailea Nicholas,https://www.sports-reference.com/cbb/players/nailea-nicholas-1.html,san-jose-state,2022-23
27,27,27,2023-02-23,San Jose State,,Boise State,REG (Conf),L 70-78,*,13,0,1,.000,0,1,.000,0,0,,.000,4,4,1.000,0,3,3,0,1,1,2,4,4,2.3,Nailea Nicholas,https://www.sports-reference.com/cbb/players/nailea-nicholas-1.html,san-jose-state,2022-23
28,28,28,2023-02-25,San Jose State,,Fresno State,REG (Conf),W 73-66,*,26,7,8,.875,1,2,.500,6,6,1.000,.938,0,0,,3,0,3,0,1,0,1,2,15,13.5,Nailea Nicholas,https://www.sports-reference.com/cbb/players/nailea-nicholas-1.html,san-jose-state,2022-23
29,29,29,2023-02-28,San Jose State,@,Utah State,REG (Conf),W 78-65,*,19,1,3,.333,0,2,.000,1,1,1.000,.333,1,2,.500,1,2,3,1,0,1,0,1,3,3.2,Nailea Nicholas,https://www.sports-reference.com/cbb/players/nailea-nicholas-1.html,san-jose-state,2022-23
30,30,30,2023-03-05,San Jose State,N,Air Force,CTOURN,W 62-51,*,20,1,1,1.000,0,0,,1,1,1.000,1.000,0,0,,0,2,2,0,0,1,1,3,2,0.8,Nailea Nicholas,https://www.sports-reference.com/cbb/players/nailea-nicholas-1.html,san-jose-state,2022-23
31,31,31,2023-03-06,San Jose State,N,Wyoming,CTOURN,L 57-72,*,14,0,4,.000,0,2,.000,0,2,.000,.000,0,0,,0,1,1,0,1,0,2,3,0,-4.7,Nailea Nicholas,https://www.sports-reference.com/cbb/players/nailea-nicholas-1.html,san-jose-state,2022-23
