ranker,player_game_num_career,team_game_num_season,date,team_name_abbr,game_location,opp_name_abbr,game_type,game_result,is_starter,mp,fg,fga,fg_pct,fg3,fg3a,fg3_pct,fg2,fg2a,fg2_pct,efg_pct,ft,fta,orb,drb,trb,ast,stl,blk,tov,pf,pts,game_score,player_name,player_sr_link,school,season
1,1,7,2022-12-01,San Jose State,,St. Mary's (CA),REG (Non-Conf),L 48-63,,4,0,1,.000,0,1,.000,0,0,,.000,0,0,0,1,1,0,0,0,0,0,0,-0.4,Sofia Kelemeni,https://www.sports-reference.com/cbb/players/sofia-kelemeni-1.html,san-jose-state,2022-23
2,2,8,2022-12-06,San Jose State,@,Southern California,REG (Non-Conf),L 44-71,,3,0,0,,0,0,,0,0,,,0,0,0,0,0,0,0,0,1,0,0,-1.0,Sofia Kelemeni,https://www.sports-reference.com/cbb/players/sofia-kelemeni-1.html,san-jose-state,2022-23
3,3,9,2022-12-13,San Jose State,@,Santa Clara,REG (Non-Conf),L 49-81,,14,0,2,.000,0,2,.000,0,0,,.000,0,0,1,0,1,0,1,2,3,1,0,-1.7,Sofia Kelemeni,https://www.sports-reference.com/cbb/players/sofia-kelemeni-1.html,san-jose-state,2022-23
4,4,10,2022-12-18,San Jose State,,UC San Diego,REG (Non-Conf),W 70-56,,13,0,2,.000,0,1,.000,0,1,.000,.000,0,0,1,0,1,0,0,0,1,3,0,-2.9,Sofia Kelemeni,https://www.sports-reference.com/cbb/players/sofia-kelemeni-1.html,san-jose-state,2022-23
5,5,11,2022-12-21,San Jose State,,Hawaii,REG (Non-Conf),L 43-54,,6,0,1,.000,0,0,,0,1,.000,.000,0,0,0,1,1,1,0,0,3,0,0,-2.7,Sofia Kelemeni,https://www.sports-reference.com/cbb/players/sofia-kelemeni-1.html,san-jose-state,2022-23
6,6,12,2022-12-29,San Jose State,@,Nevada,REG (Conf),L 47-64,,1,0,1,.000,0,1,.000,0,0,,.000,0,0,0,0,0,0,0,0,0,0,0,-0.7,Sofia Kelemeni,https://www.sports-reference.com/cbb/players/sofia-kelemeni-1.html,san-jose-state,2022-23
7,7,14,2023-01-05,San Jose State,,Air Force,REG (Conf),L 64-77,,2,0,0,,0,0,,0,0,,,0,0,0,1,1,0,0,0,0,0,0,0.3,Sofia Kelemeni,https://www.sports-reference.com/cbb/players/sofia-kelemeni-1.html,san-jose-state,2022-23
8,8,15,2023-01-07,San Jose State,@,Fresno State,REG (Conf),L 51-65,,16,2,2,1.000,0,0,,2,2,1.000,1.000,0,0,1,4,5,0,0,1,1,1,4,4.6,Sofia Kelemeni,https://www.sports-reference.com/cbb/players/sofia-kelemeni-1.html,san-jose-state,2022-23
9,9,16,2023-01-11,San Jose State,,UNLV,REG (Conf),L 58-84,,1,0,0,,0,0,,0,0,,,0,0,0,0,0,0,0,0,1,0,0,-1.0,Sofia Kelemeni,https://www.sports-reference.com/cbb/players/sofia-kelemeni-1.html,san-jose-state,2022-23
10,10,18,2023-01-16,San Jose State,@,Air Force,REG (Conf),L 70-77,,5,0,0,,0,0,,0,0,,,0,0,0,0,0,0,0,0,0,1,0,-0.4,Sofia Kelemeni,https://www.sports-reference.com/cbb/players/sofia-kelemeni-1.html,san-jose-state,2022-23
11,11,19,2023-01-21,San Jose State,,Utah State,REG (Conf),W 77-59,,1,0,0,,0,0,,0,0,,,0,0,0,0,0,0,0,0,0,0,0,0.0,Sofia Kelemeni,https://www.sports-reference.com/cbb/players/sofia-kelemeni-1.html,san-jose-state,2022-23
12,12,20,2023-01-26,San Jose State,,Nevada,REG (Conf),L 67-74,,2,0,1,.000,0,0,,0,1,.000,.000,0,0,0,0,0,0,0,0,1,0,0,-1.7,Sofia Kelemeni,https://www.sports-reference.com/cbb/players/sofia-kelemeni-1.html,san-jose-state,2022-23
13,13,21,2023-01-28,San Jose State,@,San Diego State,REG (Conf),L 39-59,,2,0,0,,0,0,,0,0,,,0,0,1,0,1,0,0,0,1,0,0,-0.3,Sofia Kelemeni,https://www.sports-reference.com/cbb/players/sofia-kelemeni-1.html,san-jose-state,2022-23
14,14,22,2023-02-02,San Jose State,@,Wyoming,REG (Conf),L 54-68,,1,0,0,,0,0,,0,0,,,0,0,0,0,0,0,0,0,0,0,0,0.0,Sofia Kelemeni,https://www.sports-reference.com/cbb/players/sofia-kelemeni-1.html,san-jose-state,2022-23
15,15,23,2023-02-09,San Jose State,,Colorado State,REG (Conf),L 57-59,,9,0,1,.000,0,1,.000,0,0,,.000,0,0,0,0,0,0,0,0,0,1,0,-1.1,Sofia Kelemeni,https://www.sports-reference.com/cbb/players/sofia-kelemeni-1.html,san-jose-state,2022-23
16,16,24,2023-02-11,San Jose State,,San Diego State,REG (Conf),L 55-80,,3,0,0,,0,0,,0,0,,,0,0,0,0,0,0,0,0,0,0,0,0.0,Sofia Kelemeni,https://www.sports-reference.com/cbb/players/sofia-kelemeni-1.html,san-jose-state,2022-23
17,17,25,2023-02-16,San Jose State,@,UNLV,REG (Conf),L 60-77,,3,0,1,.000,0,1,.000,0,0,,.000,0,0,0,0,0,0,0,0,0,0,0,-0.7,Sofia Kelemeni,https://www.sports-reference.com/cbb/players/sofia-kelemeni-1.html,san-jose-state,2022-23
18,18,26,2023-02-18,San Jose State,@,New Mexico,REG (Conf),L 61-70,,1,0,0,,0,0,,0,0,,,0,0,0,0,0,0,0,0,0,0,0,0.0,Sofia Kelemeni,https://www.sports-reference.com/cbb/players/sofia-kelemeni-1.html,san-jose-state,2022-23
19,19,27,2023-02-23,San Jose State,,Boise State,REG (Conf),L 70-78,,1,0,0,,0,0,,0,0,,,0,0,0,0,0,0,0,0,0,0,0,0.0,Sofia Kelemeni,https://www.sports-reference.com/cbb/players/sofia-kelemeni-1.html,san-jose-state,2022-23
20,20,28,2023-02-25,San Jose State,,Fresno State,REG (Conf),W 73-66,,2,0,0,,0,0,,0,0,,,0,0,0,0,0,1,0,0,0,0,0,0.7,Sofia Kelemeni,https://www.sports-reference.com/cbb/players/sofia-kelemeni-1.html,san-jose-state,2022-23
21,21,29,2023-02-28,San Jose State,@,Utah State,REG (Conf),W 78-65,,1,0,0,,0,0,,0,0,,,0,0,0,0,0,0,0,0,1,0,0,-1.0,Sofia Kelemeni,https://www.sports-reference.com/cbb/players/sofia-kelemeni-1.html,san-jose-state,2022-23
22,22,30,2023-03-05,San Jose State,N,Air Force,CTOURN,W 62-51,,1,0,0,,0,0,,0,0,,,0,0,1,0,1,0,0,0,1,0,0,-0.3,Sofia Kelemeni,https://www.sports-reference.com/cbb/players/sofia-kelemeni-1.html,san-jose-state,2022-23
23,23,31,2023-03-06,San Jose State,N,Wyoming,CTOURN,L 57-72,,4,0,0,,0,0,,0,0,,,0,0,0,0,0,0,0,0,2,1,0,-2.4,Sofia Kelemeni,https://www.sports-reference.com/cbb/players/sofia-kelemeni-1.html,san-jose-state,2022-23
