ranker,player_game_num_career,team_game_num_season,date,team_name_abbr,game_location,opp_name_abbr,game_type,game_result,is_starter,mp,fg,fga,fg_pct,fg3,fg3a,fg2,fg2a,fg2_pct,efg_pct,ft,fta,ft_pct,orb,drb,trb,ast,stl,blk,tov,pf,pts,game_score,player_name,player_sr_link,school,season
1,20,1,2024-11-04,Air Force,,Regis (CO),REG (Non-Conf),W 94-64,,8,1,2,.500,0,0,1,2,.500,.500,0,0,,1,1,2,0,0,0,0,3,2,0.8,Parker Brown,https://www.sports-reference.com/cbb/players/parker-brown-1.html,air-force,2024-25
2,21,5,2024-11-19,Air Force,,UC-Colo. Springs,REG (Non-Conf),W 71-52,,4,0,1,.000,0,0,0,1,.000,.000,0,0,,0,1,1,0,0,0,0,3,0,-1.6,Parker Brown,https://www.sports-reference.com/cbb/players/parker-brown-1.html,air-force,2024-25
3,22,7,2024-11-28,Air Force,N,Milwaukee,REG (Non-Conf),W 56-40,,1,0,0,,0,0,0,0,,,0,0,,0,0,0,0,0,0,0,0,0,0.0,Parker Brown,https://www.sports-reference.com/cbb/players/parker-brown-1.html,air-force,2024-25
4,23,9,2024-12-04,Air Force,,Utah Valley,REG (Non-Conf),W 76-58,,1,0,0,,0,0,0,0,,,0,0,,0,0,0,0,0,0,1,0,0,-1.0,Parker Brown,https://www.sports-reference.com/cbb/players/parker-brown-1.html,air-force,2024-25
5,24,10,2024-12-07,Air Force,,Seattle,REG (Non-Conf),W 82-44,,7,0,1,.000,0,0,0,1,.000,.000,1,2,.500,2,1,3,0,0,0,1,2,1,-0.2,Parker Brown,https://www.sports-reference.com/cbb/players/parker-brown-1.html,air-force,2024-25
6,25,11,2024-12-17,Air Force,@,Oregon,REG (Non-Conf),L 36-98,,2,0,0,,0,0,0,0,,,0,0,,0,0,0,0,0,0,0,0,0,0.0,Parker Brown,https://www.sports-reference.com/cbb/players/parker-brown-1.html,air-force,2024-25
7,26,12,2024-12-20,Air Force,@,Portland State,REG (Non-Conf),W 69-40,,3,0,0,,0,0,0,0,,,0,0,,0,0,0,0,0,0,0,0,0,0.0,Parker Brown,https://www.sports-reference.com/cbb/players/parker-brown-1.html,air-force,2024-25
8,27,18,2025-01-18,Air Force,,Fresno State,REG (Conf),W 65-36,,3,0,0,,0,0,0,0,,,0,0,,0,0,0,0,1,0,2,0,0,-1.0,Parker Brown,https://www.sports-reference.com/cbb/players/parker-brown-1.html,air-force,2024-25
9,28,23,2025-02-05,Air Force,,San Jose State,REG (Conf),W 78-54,,3,1,1,1.000,0,0,1,1,1.000,1.000,0,0,,0,0,0,0,0,0,0,1,2,1.3,Parker Brown,https://www.sports-reference.com/cbb/players/parker-brown-1.html,air-force,2024-25
