ranker,player_game_num_career,team_game_num_season,date,team_name_abbr,game_location,opp_name_abbr,game_type,game_result,is_starter,mp,fg,fga,fg_pct,fg3,fg3a,fg3_pct,fg2,fg2a,fg2_pct,efg_pct,ft,fta,ft_pct,orb,drb,trb,ast,stl,blk,tov,pf,pts,game_score,player_name,player_sr_link,school,season
1,1,1,2024-11-04,Air Force,,Regis (CO),REG (Non-Conf),W 94-64,,5,1,2,.500,0,1,.000,1,1,1.000,.500,0,1,.000,0,0,0,0,0,0,0,1,2,0.2,Sydney Roundtree,https://www.sports-reference.com/cbb/players/sydney-roundtree-1.html,air-force,2024-25
2,2,5,2024-11-19,Air Force,,UC-Colo. Springs,REG (Non-Conf),W 71-52,,8,0,0,,0,0,,0,0,,,0,0,,0,2,2,0,0,0,0,2,0,-0.2,Sydney Roundtree,https://www.sports-reference.com/cbb/players/sydney-roundtree-1.html,air-force,2024-25
3,3,7,2024-11-28,Air Force,N,Milwaukee,REG (Non-Conf),W 56-40,,1,0,0,,0,0,,0,0,,,0,0,,0,0,0,0,0,0,0,1,0,-0.4,Sydney Roundtree,https://www.sports-reference.com/cbb/players/sydney-roundtree-1.html,air-force,2024-25
4,4,10,2024-12-07,Air Force,,Seattle,REG (Non-Conf),W 82-44,,9,0,0,,0,0,,0,0,,,2,2,1.000,1,2,3,0,1,2,1,0,2,4.7,Sydney Roundtree,https://www.sports-reference.com/cbb/players/sydney-roundtree-1.html,air-force,2024-25
5,5,11,2024-12-17,Air Force,@,Oregon,REG (Non-Conf),L 36-98,,3,0,0,,0,0,,0,0,,,0,0,,1,0,1,0,0,0,0,1,0,0.3,Sydney Roundtree,https://www.sports-reference.com/cbb/players/sydney-roundtree-1.html,air-force,2024-25
6,6,12,2024-12-20,Air Force,@,Portland State,REG (Non-Conf),W 69-40,,3,0,0,,0,0,,0,0,,,0,0,,1,0,1,0,0,0,0,0,0,0.7,Sydney Roundtree,https://www.sports-reference.com/cbb/players/sydney-roundtree-1.html,air-force,2024-25
7,7,17,2025-01-15,Air Force,@,UNLV,REG (Conf),L 51-84,,2,0,0,,0,0,,0,0,,,0,0,,0,0,0,0,0,0,0,0,0,0.0,Sydney Roundtree,https://www.sports-reference.com/cbb/players/sydney-roundtree-1.html,air-force,2024-25
8,8,18,2025-01-18,Air Force,,Fresno State,REG (Conf),W 65-36,,4,0,0,,0,0,,0,0,,,0,0,,0,0,0,0,0,0,1,0,0,-1.0,Sydney Roundtree,https://www.sports-reference.com/cbb/players/sydney-roundtree-1.html,air-force,2024-25
9,9,21,2025-01-29,Air Force,,Utah State,REG (Conf),W 78-66,,3,0,0,,0,0,,0,0,,,0,0,,0,0,0,0,0,0,0,0,0,0.0,Sydney Roundtree,https://www.sports-reference.com/cbb/players/sydney-roundtree-1.html,air-force,2024-25
