ranker,player_game_num_career,team_game_num_season,date,team_name_abbr,game_location,opp_name_abbr,game_type,game_result,is_starter,mp,fg,fga,fg_pct,fg3,fg3a,fg3_pct,fg2,fg2a,fg2_pct,efg_pct,ft,fta,ft_pct,orb,drb,trb,ast,stl,blk,tov,pf,pts,game_score,player_name,player_sr_link,school,season
1,1,1,2019-11-05,Omaha,,Creighton,REG (Non-Conf),L 54-67,,11,1,4,.250,1,3,.333,0,1,.000,.375,0,0,,0,0,0,0,0,0,0,0,3,0.6,Abby Johnson,https://www.sports-reference.com/cbb/players/abby-johnson-2.html,nebraska-omaha,2019-20
2,2,2,2019-11-08,Omaha,@,Kansas State,REG (Non-Conf),L 48-73,,16,1,3,.333,1,3,.333,0,0,,.500,0,0,,0,1,1,0,1,0,0,1,3,2.2,Abby Johnson,https://www.sports-reference.com/cbb/players/abby-johnson-2.html,nebraska-omaha,2019-20
3,3,3,2019-11-11,Omaha,,Peru St.,REG (Non-Conf),W 92-58,,18,4,8,.500,2,5,.400,2,3,.667,.625,0,0,,0,5,5,2,0,1,1,2,10,7.8,Abby Johnson,https://www.sports-reference.com/cbb/players/abby-johnson-2.html,nebraska-omaha,2019-20
4,4,4,2019-11-13,Omaha,@,Kansas,REG (Non-Conf),L 48-63,,4,0,0,,0,0,,0,0,,,0,0,,1,1,2,0,0,0,0,1,0,0.6,Abby Johnson,https://www.sports-reference.com/cbb/players/abby-johnson-2.html,nebraska-omaha,2019-20
5,5,6,2019-11-21,Omaha,@,Northern Kentucky,REG (Non-Conf),L 40-57,,8,2,2,1.000,0,0,,2,2,1.000,1.000,0,0,,0,1,1,0,0,0,0,0,4,3.7,Abby Johnson,https://www.sports-reference.com/cbb/players/abby-johnson-2.html,nebraska-omaha,2019-20
6,6,7,2019-11-29,Omaha,@,VCU,REG (Non-Conf),L 66-74,,20,3,6,.500,2,3,.667,1,3,.333,.667,0,0,,0,1,1,0,0,0,1,0,8,4.3,Abby Johnson,https://www.sports-reference.com/cbb/players/abby-johnson-2.html,nebraska-omaha,2019-20
7,7,8,2019-11-30,Omaha,@,Mississippi Valley State,REG (Non-Conf),W 78-70,,8,0,2,.000,0,2,.000,0,0,,.000,0,0,,0,0,0,0,0,0,0,1,0,-1.8,Abby Johnson,https://www.sports-reference.com/cbb/players/abby-johnson-2.html,nebraska-omaha,2019-20
8,8,9,2019-12-04,Omaha,,Kansas City,REG (Non-Conf),W 57-53,,4,0,0,,0,0,,0,0,,,0,0,,0,0,0,0,0,0,0,0,0,0.0,Abby Johnson,https://www.sports-reference.com/cbb/players/abby-johnson-2.html,nebraska-omaha,2019-20
9,9,10,2019-12-07,Omaha,@,Eastern Illinois,REG (Non-Conf),L 52-65,,6,1,1,1.000,1,1,1.000,0,0,,1.500,0,2,.000,0,0,0,0,0,0,1,1,3,0.5,Abby Johnson,https://www.sports-reference.com/cbb/players/abby-johnson-2.html,nebraska-omaha,2019-20
10,10,11,2019-12-10,Omaha,,Northern Iowa,REG (Non-Conf),L 45-81,,8,1,4,.250,1,3,.333,0,1,.000,.375,0,0,,0,0,0,0,1,0,0,0,3,1.6,Abby Johnson,https://www.sports-reference.com/cbb/players/abby-johnson-2.html,nebraska-omaha,2019-20
11,11,12,2019-12-15,Omaha,,Cleveland State,REG (Non-Conf),L 66-79,,9,2,4,.500,0,0,,2,4,.500,.500,0,0,,1,0,1,0,1,0,0,0,4,3.7,Abby Johnson,https://www.sports-reference.com/cbb/players/abby-johnson-2.html,nebraska-omaha,2019-20
12,12,13,2019-12-17,Omaha,,Graceland (IA),REG (Non-Conf),W 85-46,,10,2,5,.400,1,3,.333,1,2,.500,.500,0,0,,0,2,2,1,0,0,0,2,5,2.8,Abby Johnson,https://www.sports-reference.com/cbb/players/abby-johnson-2.html,nebraska-omaha,2019-20
13,13,17,2020-01-11,Omaha,@,South Dakota,REG (Conf),L 44-77,,5,0,1,.000,0,1,.000,0,0,,.000,0,0,,0,0,0,0,0,0,0,0,0,-0.7,Abby Johnson,https://www.sports-reference.com/cbb/players/abby-johnson-2.html,nebraska-omaha,2019-20
14,14,18,2020-01-18,Omaha,@,Denver,REG (Conf),L 60-66,,0,0,0,,0,0,,0,0,,,0,0,,0,0,0,0,0,0,0,0,0,0.0,Abby Johnson,https://www.sports-reference.com/cbb/players/abby-johnson-2.html,nebraska-omaha,2019-20
15,15,21,2020-01-29,Omaha,,South Dakota,REG (Conf),L 39-71,,2,0,0,,0,0,,0,0,,,0,0,,0,1,1,0,0,0,0,0,0,0.3,Abby Johnson,https://www.sports-reference.com/cbb/players/abby-johnson-2.html,nebraska-omaha,2019-20
16,16,23,2020-02-08,Omaha,@,South Dakota State,REG (Conf),L 59-69,,2,0,0,,0,0,,0,0,,,0,0,,0,0,0,0,0,0,0,0,0,0.0,Abby Johnson,https://www.sports-reference.com/cbb/players/abby-johnson-2.html,nebraska-omaha,2019-20
17,17,26,2020-02-20,Omaha,@,Western Illinois,REG (Conf),L 66-79,,2,1,1,1.000,1,1,1.000,0,0,,1.500,0,0,,0,0,0,0,0,0,0,0,3,2.7,Abby Johnson,https://www.sports-reference.com/cbb/players/abby-johnson-2.html,nebraska-omaha,2019-20
18,18,30,2020-03-07,Omaha,@,South Dakota,CTOURN,L 40-99,,5,0,1,.000,0,1,.000,0,0,,.000,0,0,,0,1,1,0,0,0,0,0,0,-0.4,Abby Johnson,https://www.sports-reference.com/cbb/players/abby-johnson-2.html,nebraska-omaha,2019-20
