ranker,player_game_num_career,team_game_num_season,date,team_name_abbr,game_location,opp_name_abbr,game_type,game_result,is_starter,mp,fg,fga,fg_pct,fg3,fg3a,fg3_pct,fg2,fg2a,fg2_pct,efg_pct,ft,fta,ft_pct,orb,drb,trb,ast,stl,blk,tov,pf,pts,game_score,player_name,player_sr_link,school,season
1,1,1,2019-11-05,Omaha,,Creighton,REG (Non-Conf),L 54-67,,5,0,3,.000,0,2,.000,0,1,.000,.000,0,0,,0,0,0,0,0,0,0,0,0,-2.1,Akili Felici,https://www.sports-reference.com/cbb/players/akili-felici-1.html,nebraska-omaha,2019-20
2,2,2,2019-11-08,Omaha,@,Kansas State,REG (Non-Conf),L 48-73,,14,1,4,.250,1,3,.333,0,1,.000,.375,0,0,,0,1,1,0,2,0,1,2,3,1.1,Akili Felici,https://www.sports-reference.com/cbb/players/akili-felici-1.html,nebraska-omaha,2019-20
3,3,3,2019-11-11,Omaha,,Peru St.,REG (Non-Conf),W 92-58,,15,0,4,.000,0,4,.000,0,0,,.000,0,0,,0,1,1,2,1,0,0,0,0,-0.1,Akili Felici,https://www.sports-reference.com/cbb/players/akili-felici-1.html,nebraska-omaha,2019-20
4,4,4,2019-11-13,Omaha,@,Kansas,REG (Non-Conf),L 48-63,,10,0,1,.000,0,1,.000,0,0,,.000,0,0,,0,0,0,0,1,0,2,1,0,-2.1,Akili Felici,https://www.sports-reference.com/cbb/players/akili-felici-1.html,nebraska-omaha,2019-20
5,5,5,2019-11-17,Omaha,,Morgan State,REG (Non-Conf),W 70-64,,2,0,1,.000,0,0,,0,1,.000,.000,0,0,,0,0,0,1,0,0,0,0,0,0.0,Akili Felici,https://www.sports-reference.com/cbb/players/akili-felici-1.html,nebraska-omaha,2019-20
6,6,6,2019-11-21,Omaha,@,Northern Kentucky,REG (Non-Conf),L 40-57,,11,0,3,.000,0,3,.000,0,0,,.000,0,0,,0,1,1,0,0,0,0,2,0,-2.6,Akili Felici,https://www.sports-reference.com/cbb/players/akili-felici-1.html,nebraska-omaha,2019-20
7,7,8,2019-11-30,Omaha,@,Mississippi Valley State,REG (Non-Conf),W 78-70,,5,1,3,.333,1,3,.333,0,0,,.500,0,0,,1,0,1,1,1,0,0,1,3,3.3,Akili Felici,https://www.sports-reference.com/cbb/players/akili-felici-1.html,nebraska-omaha,2019-20
8,8,9,2019-12-04,Omaha,,Kansas City,REG (Non-Conf),W 57-53,,10,1,3,.333,1,3,.333,0,0,,.500,0,0,,0,0,0,1,0,0,1,0,3,1.0,Akili Felici,https://www.sports-reference.com/cbb/players/akili-felici-1.html,nebraska-omaha,2019-20
9,9,10,2019-12-07,Omaha,@,Eastern Illinois,REG (Non-Conf),L 52-65,,19,4,7,.571,3,5,.600,1,2,.500,.786,0,0,,0,3,3,0,1,0,1,2,11,7.8,Akili Felici,https://www.sports-reference.com/cbb/players/akili-felici-1.html,nebraska-omaha,2019-20
10,10,11,2019-12-10,Omaha,,Northern Iowa,REG (Non-Conf),L 45-81,,16,0,4,.000,0,4,.000,0,0,,.000,0,2,.000,0,0,0,0,1,0,2,0,0,-4.6,Akili Felici,https://www.sports-reference.com/cbb/players/akili-felici-1.html,nebraska-omaha,2019-20
11,11,12,2019-12-15,Omaha,,Cleveland State,REG (Non-Conf),L 66-79,,28,4,10,.400,4,10,.400,0,0,,.600,0,0,,1,1,2,1,1,0,1,1,12,7.9,Akili Felici,https://www.sports-reference.com/cbb/players/akili-felici-1.html,nebraska-omaha,2019-20
12,12,13,2019-12-17,Omaha,,Graceland (IA),REG (Non-Conf),W 85-46,,19,5,10,.500,4,9,.444,1,1,1.000,.700,0,0,,0,2,2,1,1,0,1,1,14,9.9,Akili Felici,https://www.sports-reference.com/cbb/players/akili-felici-1.html,nebraska-omaha,2019-20
13,13,14,2019-12-29,Omaha,,South Dakota State,REG (Conf),L 51-68,,21,0,6,.000,0,4,.000,0,2,.000,.000,0,0,,0,0,0,0,0,1,1,0,0,-4.5,Akili Felici,https://www.sports-reference.com/cbb/players/akili-felici-1.html,nebraska-omaha,2019-20
14,14,15,2020-01-04,Omaha,,Oral Roberts,REG (Conf),W 60-54,,7,1,2,.500,1,2,.500,0,0,,.750,0,0,,0,0,0,0,0,0,1,1,3,0.6,Akili Felici,https://www.sports-reference.com/cbb/players/akili-felici-1.html,nebraska-omaha,2019-20
15,15,16,2020-01-09,Omaha,@,North Dakota,REG (Conf),L 57-63,,12,0,2,.000,0,2,.000,0,0,,.000,0,0,,0,1,1,0,0,0,0,1,0,-1.5,Akili Felici,https://www.sports-reference.com/cbb/players/akili-felici-1.html,nebraska-omaha,2019-20
16,16,17,2020-01-11,Omaha,@,South Dakota,REG (Conf),L 44-77,,14,0,1,.000,0,1,.000,0,0,,.000,0,0,,0,0,0,1,0,0,1,1,0,-1.4,Akili Felici,https://www.sports-reference.com/cbb/players/akili-felici-1.html,nebraska-omaha,2019-20
17,17,18,2020-01-18,Omaha,@,Denver,REG (Conf),L 60-66,,12,0,4,.000,0,4,.000,0,0,,.000,0,0,,0,1,1,1,1,0,2,0,0,-2.8,Akili Felici,https://www.sports-reference.com/cbb/players/akili-felici-1.html,nebraska-omaha,2019-20
18,18,19,2020-01-24,Omaha,,Western Illinois,REG (Conf),L 69-83,,4,0,3,.000,0,3,.000,0,0,,.000,0,0,,1,0,1,0,0,0,0,0,0,-1.4,Akili Felici,https://www.sports-reference.com/cbb/players/akili-felici-1.html,nebraska-omaha,2019-20
19,19,21,2020-01-29,Omaha,,South Dakota,REG (Conf),L 39-71,,11,0,2,.000,0,1,.000,0,1,.000,.000,0,0,,1,0,1,0,0,0,1,1,0,-2.1,Akili Felici,https://www.sports-reference.com/cbb/players/akili-felici-1.html,nebraska-omaha,2019-20
20,20,22,2020-02-06,Omaha,,North Dakota State,REG (Conf),L 65-74,,5,0,2,.000,0,0,,0,2,.000,.000,0,0,,1,0,1,0,0,0,0,0,0,-0.7,Akili Felici,https://www.sports-reference.com/cbb/players/akili-felici-1.html,nebraska-omaha,2019-20
21,21,23,2020-02-08,Omaha,@,South Dakota State,REG (Conf),L 59-69,,17,5,7,.714,5,7,.714,0,0,,1.071,0,0,,0,2,2,1,2,0,0,1,15,15.0,Akili Felici,https://www.sports-reference.com/cbb/players/akili-felici-1.html,nebraska-omaha,2019-20
22,22,24,2020-02-13,Omaha,@,Oral Roberts,REG (Conf),L 57-84,,12,1,4,.250,1,4,.250,0,0,,.375,0,0,,0,0,0,0,0,0,0,0,3,0.6,Akili Felici,https://www.sports-reference.com/cbb/players/akili-felici-1.html,nebraska-omaha,2019-20
23,23,25,2020-02-15,Omaha,,Denver,REG (Conf),L 80-86 (OT),,4,0,1,.000,0,1,.000,0,0,,.000,0,0,,0,0,0,0,0,0,0,0,0,-0.7,Akili Felici,https://www.sports-reference.com/cbb/players/akili-felici-1.html,nebraska-omaha,2019-20
24,24,26,2020-02-20,Omaha,@,Western Illinois,REG (Conf),L 66-79,,4,0,3,.000,0,3,.000,0,0,,.000,0,0,,0,1,1,0,0,0,1,1,0,-3.2,Akili Felici,https://www.sports-reference.com/cbb/players/akili-felici-1.html,nebraska-omaha,2019-20
25,25,28,2020-02-27,Omaha,,North Dakota,REG (Conf),L 67-71,,3,0,0,,0,0,,0,0,,,0,0,,0,0,0,0,0,0,0,0,0,0.0,Akili Felici,https://www.sports-reference.com/cbb/players/akili-felici-1.html,nebraska-omaha,2019-20
26,26,30,2020-03-07,Omaha,@,South Dakota,CTOURN,L 40-99,,7,0,1,.000,0,0,,0,1,.000,.000,0,0,,0,1,1,0,0,0,1,2,0,-2.2,Akili Felici,https://www.sports-reference.com/cbb/players/akili-felici-1.html,nebraska-omaha,2019-20
