ranker,player_game_num_career,team_game_num_season,date,team_name_abbr,game_location,opp_name_abbr,game_type,game_result,is_starter,mp,fg,fga,fg_pct,fg3,fg3a,fg3_pct,fg2,fg2a,fg2_pct,efg_pct,ft,fta,ft_pct,orb,drb,trb,ast,stl,blk,tov,pf,pts,game_score,player_name,player_sr_link,school,season
1,58,1,2019-11-05,Omaha,,Creighton,REG (Non-Conf),L 54-67,*,31,2,5,.400,1,2,.500,1,3,.333,.500,1,2,.500,0,9,9,0,0,0,1,4,6,3.0,Claire Killian,https://www.sports-reference.com/cbb/players/claire-killian-1.html,nebraska-omaha,2019-20
2,59,2,2019-11-08,Omaha,@,Kansas State,REG (Non-Conf),L 48-73,*,18,0,2,.000,0,0,,0,2,.000,.000,0,0,,0,3,3,1,0,0,2,2,0,-2.6,Claire Killian,https://www.sports-reference.com/cbb/players/claire-killian-1.html,nebraska-omaha,2019-20
3,60,3,2019-11-11,Omaha,,Peru St.,REG (Non-Conf),W 92-58,*,21,4,8,.500,3,5,.600,1,3,.333,.688,2,2,1.000,1,6,7,2,0,0,1,0,13,11.9,Claire Killian,https://www.sports-reference.com/cbb/players/claire-killian-1.html,nebraska-omaha,2019-20
4,61,4,2019-11-13,Omaha,@,Kansas,REG (Non-Conf),L 48-63,*,28,2,6,.333,2,5,.400,0,1,.000,.500,0,0,,0,5,5,3,0,2,1,3,6,5.4,Claire Killian,https://www.sports-reference.com/cbb/players/claire-killian-1.html,nebraska-omaha,2019-20
5,62,5,2019-11-17,Omaha,,Morgan State,REG (Non-Conf),W 70-64,*,35,6,11,.545,3,6,.500,3,5,.600,.682,6,8,.750,1,6,7,0,2,0,3,2,21,15.6,Claire Killian,https://www.sports-reference.com/cbb/players/claire-killian-1.html,nebraska-omaha,2019-20
6,63,6,2019-11-21,Omaha,@,Northern Kentucky,REG (Non-Conf),L 40-57,*,29,2,9,.222,2,5,.400,0,4,.000,.333,0,0,,0,1,1,1,1,0,2,2,6,-0.3,Claire Killian,https://www.sports-reference.com/cbb/players/claire-killian-1.html,nebraska-omaha,2019-20
7,64,7,2019-11-29,Omaha,@,VCU,REG (Non-Conf),L 66-74,*,26,5,8,.625,4,6,.667,1,2,.500,.875,3,3,1.000,0,2,2,3,0,0,0,2,17,15.3,Claire Killian,https://www.sports-reference.com/cbb/players/claire-killian-1.html,nebraska-omaha,2019-20
8,65,8,2019-11-30,Omaha,@,Mississippi Valley State,REG (Non-Conf),W 78-70,*,36,4,12,.333,4,12,.333,0,0,,.500,3,4,.750,1,2,3,5,2,1,3,2,15,11.5,Claire Killian,https://www.sports-reference.com/cbb/players/claire-killian-1.html,nebraska-omaha,2019-20
9,66,9,2019-12-04,Omaha,,Kansas City,REG (Non-Conf),W 57-53,*,33,4,13,.308,2,7,.286,2,6,.333,.385,1,2,.500,3,5,8,1,2,0,0,2,11,8.6,Claire Killian,https://www.sports-reference.com/cbb/players/claire-killian-1.html,nebraska-omaha,2019-20
10,67,10,2019-12-07,Omaha,@,Eastern Illinois,REG (Non-Conf),L 52-65,*,27,2,12,.167,0,6,.000,2,6,.333,.167,0,0,,0,1,1,1,3,0,2,0,4,-1.6,Claire Killian,https://www.sports-reference.com/cbb/players/claire-killian-1.html,nebraska-omaha,2019-20
11,68,11,2019-12-10,Omaha,,Northern Iowa,REG (Non-Conf),L 45-81,*,28,3,8,.375,1,3,.333,2,5,.400,.438,2,4,.500,0,4,4,1,3,0,1,3,9,6.5,Claire Killian,https://www.sports-reference.com/cbb/players/claire-killian-1.html,nebraska-omaha,2019-20
12,69,12,2019-12-15,Omaha,,Cleveland State,REG (Non-Conf),L 66-79,*,34,2,10,.200,0,5,.000,2,5,.400,.200,3,4,.750,0,4,4,3,2,0,2,1,7,3.3,Claire Killian,https://www.sports-reference.com/cbb/players/claire-killian-1.html,nebraska-omaha,2019-20
13,70,13,2019-12-17,Omaha,,Graceland (IA),REG (Non-Conf),W 85-46,*,24,2,6,.333,1,4,.250,1,2,.500,.417,0,0,,1,5,6,4,2,0,1,0,5,7.6,Claire Killian,https://www.sports-reference.com/cbb/players/claire-killian-1.html,nebraska-omaha,2019-20
14,71,14,2019-12-29,Omaha,,South Dakota State,REG (Conf),L 51-68,*,32,5,12,.417,4,9,.444,1,3,.333,.583,0,0,,1,3,4,2,1,1,1,1,14,10.9,Claire Killian,https://www.sports-reference.com/cbb/players/claire-killian-1.html,nebraska-omaha,2019-20
15,72,15,2020-01-04,Omaha,,Oral Roberts,REG (Conf),W 60-54,*,36,3,10,.300,2,7,.286,1,3,.333,.400,0,0,,2,1,3,1,1,1,2,2,8,3.5,Claire Killian,https://www.sports-reference.com/cbb/players/claire-killian-1.html,nebraska-omaha,2019-20
16,73,16,2020-01-09,Omaha,@,North Dakota,REG (Conf),L 57-63,*,22,4,11,.364,2,6,.333,2,5,.400,.455,2,2,1.000,0,0,0,3,3,0,3,4,12,6.4,Claire Killian,https://www.sports-reference.com/cbb/players/claire-killian-1.html,nebraska-omaha,2019-20
17,74,17,2020-01-11,Omaha,@,South Dakota,REG (Conf),L 44-77,*,28,2,6,.333,1,3,.333,1,3,.333,.417,0,0,,0,4,4,1,3,0,2,2,5,3.7,Claire Killian,https://www.sports-reference.com/cbb/players/claire-killian-1.html,nebraska-omaha,2019-20
18,75,18,2020-01-18,Omaha,@,Denver,REG (Conf),L 60-66,*,26,3,9,.333,3,8,.375,0,1,.000,.500,3,4,.750,2,1,3,2,2,0,5,5,12,4.6,Claire Killian,https://www.sports-reference.com/cbb/players/claire-killian-1.html,nebraska-omaha,2019-20
19,76,19,2020-01-24,Omaha,,Western Illinois,REG (Conf),L 69-83,*,27,1,12,.083,0,7,.000,1,5,.200,.083,1,1,1.000,0,3,3,0,1,0,2,4,3,-6.7,Claire Killian,https://www.sports-reference.com/cbb/players/claire-killian-1.html,nebraska-omaha,2019-20
20,77,20,2020-01-26,Omaha,,Purdue Fort Wayne,REG (Conf),L 57-58,*,23,0,7,.000,0,5,.000,0,2,.000,.000,0,0,,1,4,5,1,2,0,3,2,0,-4.1,Claire Killian,https://www.sports-reference.com/cbb/players/claire-killian-1.html,nebraska-omaha,2019-20
21,78,21,2020-01-29,Omaha,,South Dakota,REG (Conf),L 39-71,*,25,0,3,.000,0,2,.000,0,1,.000,.000,0,0,,0,5,5,2,0,0,3,3,0,-3.4,Claire Killian,https://www.sports-reference.com/cbb/players/claire-killian-1.html,nebraska-omaha,2019-20
22,79,22,2020-02-06,Omaha,,North Dakota State,REG (Conf),L 65-74,*,36,1,9,.111,0,6,.000,1,3,.333,.111,6,6,1.000,1,4,5,2,1,0,2,4,8,2.8,Claire Killian,https://www.sports-reference.com/cbb/players/claire-killian-1.html,nebraska-omaha,2019-20
23,80,23,2020-02-08,Omaha,@,South Dakota State,REG (Conf),L 59-69,*,16,1,4,.250,0,3,.000,1,1,1.000,.250,1,2,.500,1,2,3,0,0,0,0,1,3,1.1,Claire Killian,https://www.sports-reference.com/cbb/players/claire-killian-1.html,nebraska-omaha,2019-20
24,81,24,2020-02-13,Omaha,@,Oral Roberts,REG (Conf),L 57-84,*,30,3,10,.300,1,7,.143,2,3,.667,.350,0,2,.000,0,2,2,0,0,0,1,2,7,-0.8,Claire Killian,https://www.sports-reference.com/cbb/players/claire-killian-1.html,nebraska-omaha,2019-20
25,82,25,2020-02-15,Omaha,,Denver,REG (Conf),L 80-86 (OT),*,41,4,10,.400,1,5,.200,3,5,.600,.450,5,6,.833,0,2,2,2,1,1,1,2,14,10.1,Claire Killian,https://www.sports-reference.com/cbb/players/claire-killian-1.html,nebraska-omaha,2019-20
26,83,26,2020-02-20,Omaha,@,Western Illinois,REG (Conf),L 66-79,*,35,2,9,.222,1,8,.125,1,1,1.000,.278,0,0,,0,4,4,1,3,0,2,3,5,1.2,Claire Killian,https://www.sports-reference.com/cbb/players/claire-killian-1.html,nebraska-omaha,2019-20
27,84,27,2020-02-22,Omaha,@,Purdue Fort Wayne,REG (Conf),W 65-51,*,22,0,3,.000,0,2,.000,0,1,.000,.000,1,2,.500,0,5,5,0,1,0,4,1,1,-3.4,Claire Killian,https://www.sports-reference.com/cbb/players/claire-killian-1.html,nebraska-omaha,2019-20
28,85,28,2020-02-27,Omaha,,North Dakota,REG (Conf),L 67-71,*,30,2,7,.286,1,4,.250,1,3,.333,.357,0,0,,0,4,4,1,4,0,0,3,5,5.6,Claire Killian,https://www.sports-reference.com/cbb/players/claire-killian-1.html,nebraska-omaha,2019-20
29,86,29,2020-02-29,Omaha,@,North Dakota State,REG (Conf),L 64-67,*,38,3,8,.375,2,6,.333,1,2,.500,.500,0,0,,0,2,2,2,1,0,1,2,8,4.8,Claire Killian,https://www.sports-reference.com/cbb/players/claire-killian-1.html,nebraska-omaha,2019-20
30,87,30,2020-03-07,Omaha,@,South Dakota,CTOURN,L 40-99,*,19,0,4,.000,0,2,.000,0,2,.000,.000,0,0,,1,1,2,0,0,0,1,1,0,-3.2,Claire Killian,https://www.sports-reference.com/cbb/players/claire-killian-1.html,nebraska-omaha,2019-20
