ranker,player_game_num_career,team_game_num_season,date,team_name_abbr,game_location,opp_name_abbr,game_type,game_result,is_starter,mp,fg,fga,fg_pct,fg3,fg3a,fg3_pct,fg2,fg2a,fg2_pct,efg_pct,ft,fta,ft_pct,orb,drb,trb,ast,stl,blk,tov,pf,pts,game_score,player_name,player_sr_link,school,season
1,28,1,2019-11-05,Omaha,,Creighton,REG (Non-Conf),L 54-67,*,19,5,10,.500,0,0,,5,10,.500,.500,1,1,1.000,1,3,4,1,0,0,1,0,11,7.3,Elena Pilakouta,https://www.sports-reference.com/cbb/players/elena-pilakouta-1.html,nebraska-omaha,2019-20
2,29,2,2019-11-08,Omaha,@,Kansas State,REG (Non-Conf),L 48-73,*,26,5,14,.357,0,0,,5,14,.357,.357,1,2,.500,1,2,3,1,0,0,1,0,11,3.8,Elena Pilakouta,https://www.sports-reference.com/cbb/players/elena-pilakouta-1.html,nebraska-omaha,2019-20
3,30,3,2019-11-11,Omaha,,Peru St.,REG (Non-Conf),W 92-58,*,13,5,8,.625,0,0,,5,8,.625,.625,0,0,,4,1,5,0,1,1,2,0,10,9.2,Elena Pilakouta,https://www.sports-reference.com/cbb/players/elena-pilakouta-1.html,nebraska-omaha,2019-20
4,31,4,2019-11-13,Omaha,@,Kansas,REG (Non-Conf),L 48-63,*,33,7,11,.636,0,0,,7,11,.636,.636,1,3,.333,1,11,12,0,1,0,0,3,15,13.1,Elena Pilakouta,https://www.sports-reference.com/cbb/players/elena-pilakouta-1.html,nebraska-omaha,2019-20
5,32,5,2019-11-17,Omaha,,Morgan State,REG (Non-Conf),W 70-64,*,30,3,4,.750,0,0,,3,4,.750,.750,2,6,.333,3,7,10,1,0,0,4,3,8,4.5,Elena Pilakouta,https://www.sports-reference.com/cbb/players/elena-pilakouta-1.html,nebraska-omaha,2019-20
6,33,6,2019-11-21,Omaha,@,Northern Kentucky,REG (Non-Conf),L 40-57,*,20,4,8,.500,0,0,,4,8,.500,.500,0,0,,2,5,7,0,0,2,3,1,8,4.9,Elena Pilakouta,https://www.sports-reference.com/cbb/players/elena-pilakouta-1.html,nebraska-omaha,2019-20
7,34,7,2019-11-29,Omaha,@,VCU,REG (Non-Conf),L 66-74,*,12,1,1,1.000,0,0,,1,1,1.000,1.000,1,2,.500,1,3,4,2,0,0,2,3,3,2.1,Elena Pilakouta,https://www.sports-reference.com/cbb/players/elena-pilakouta-1.html,nebraska-omaha,2019-20
8,35,8,2019-11-30,Omaha,@,Mississippi Valley State,REG (Non-Conf),W 78-70,*,11,3,5,.600,0,0,,3,5,.600,.600,0,0,,1,0,1,0,0,0,0,0,6,4.4,Elena Pilakouta,https://www.sports-reference.com/cbb/players/elena-pilakouta-1.html,nebraska-omaha,2019-20
9,36,9,2019-12-04,Omaha,,Kansas City,REG (Non-Conf),W 57-53,*,17,1,4,.250,0,0,,1,4,.250,.250,1,2,.500,3,5,8,1,0,1,0,0,3,5.2,Elena Pilakouta,https://www.sports-reference.com/cbb/players/elena-pilakouta-1.html,nebraska-omaha,2019-20
10,37,10,2019-12-07,Omaha,@,Eastern Illinois,REG (Non-Conf),L 52-65,*,8,0,1,.000,0,0,,0,1,.000,.000,1,2,.500,1,0,1,0,0,0,3,0,1,-2.4,Elena Pilakouta,https://www.sports-reference.com/cbb/players/elena-pilakouta-1.html,nebraska-omaha,2019-20
11,38,11,2019-12-10,Omaha,,Northern Iowa,REG (Non-Conf),L 45-81,*,2,0,1,.000,0,0,,0,1,.000,.000,0,0,,0,0,0,0,0,0,1,1,0,-2.1,Elena Pilakouta,https://www.sports-reference.com/cbb/players/elena-pilakouta-1.html,nebraska-omaha,2019-20
12,39,12,2019-12-15,Omaha,,Cleveland State,REG (Non-Conf),L 66-79,,3,0,1,.000,0,0,,0,1,.000,.000,0,0,,0,1,1,1,0,1,0,0,0,1.0,Elena Pilakouta,https://www.sports-reference.com/cbb/players/elena-pilakouta-1.html,nebraska-omaha,2019-20
13,40,13,2019-12-17,Omaha,,Graceland (IA),REG (Non-Conf),W 85-46,,11,1,3,.333,0,0,,1,3,.333,.333,0,0,,3,5,8,0,0,1,2,2,2,1.8,Elena Pilakouta,https://www.sports-reference.com/cbb/players/elena-pilakouta-1.html,nebraska-omaha,2019-20
14,41,14,2019-12-29,Omaha,,South Dakota State,REG (Conf),L 51-68,,8,0,2,.000,0,0,,0,2,.000,.000,0,0,,1,2,3,1,0,0,2,1,0,-1.8,Elena Pilakouta,https://www.sports-reference.com/cbb/players/elena-pilakouta-1.html,nebraska-omaha,2019-20
15,42,15,2020-01-04,Omaha,,Oral Roberts,REG (Conf),W 60-54,,18,2,7,.286,0,0,,2,7,.286,.286,0,0,,0,5,5,1,1,2,1,1,4,3.1,Elena Pilakouta,https://www.sports-reference.com/cbb/players/elena-pilakouta-1.html,nebraska-omaha,2019-20
16,43,16,2020-01-09,Omaha,@,North Dakota,REG (Conf),L 57-63,,16,2,3,.667,0,0,,2,3,.667,.667,7,8,.875,1,4,5,0,0,1,1,2,11,10.1,Elena Pilakouta,https://www.sports-reference.com/cbb/players/elena-pilakouta-1.html,nebraska-omaha,2019-20
17,44,17,2020-01-11,Omaha,@,South Dakota,REG (Conf),L 44-77,,16,2,5,.400,0,0,,2,5,.400,.400,0,0,,0,2,2,2,0,0,0,2,4,2.5,Elena Pilakouta,https://www.sports-reference.com/cbb/players/elena-pilakouta-1.html,nebraska-omaha,2019-20
18,45,18,2020-01-18,Omaha,@,Denver,REG (Conf),L 60-66,,18,2,4,.500,0,0,,2,4,.500,.500,1,2,.500,2,5,7,2,0,3,0,4,5,7.4,Elena Pilakouta,https://www.sports-reference.com/cbb/players/elena-pilakouta-1.html,nebraska-omaha,2019-20
19,46,19,2020-01-24,Omaha,,Western Illinois,REG (Conf),L 69-83,,4,0,1,.000,0,0,,0,1,.000,.000,0,0,,0,0,0,0,0,0,0,1,0,-1.1,Elena Pilakouta,https://www.sports-reference.com/cbb/players/elena-pilakouta-1.html,nebraska-omaha,2019-20
20,47,20,2020-01-26,Omaha,,Purdue Fort Wayne,REG (Conf),L 57-58,,8,0,3,.000,0,0,,0,3,.000,.000,0,0,,0,0,0,0,0,0,0,2,0,-2.9,Elena Pilakouta,https://www.sports-reference.com/cbb/players/elena-pilakouta-1.html,nebraska-omaha,2019-20
21,48,21,2020-01-29,Omaha,,South Dakota,REG (Conf),L 39-71,,5,2,3,.667,0,1,.000,2,2,1.000,.667,0,0,,0,0,0,0,1,0,0,2,4,2.9,Elena Pilakouta,https://www.sports-reference.com/cbb/players/elena-pilakouta-1.html,nebraska-omaha,2019-20
22,49,22,2020-02-06,Omaha,,North Dakota State,REG (Conf),L 65-74,,22,3,7,.429,0,0,,3,7,.429,.429,2,2,1.000,1,3,4,0,0,2,0,3,8,6.1,Elena Pilakouta,https://www.sports-reference.com/cbb/players/elena-pilakouta-1.html,nebraska-omaha,2019-20
23,50,23,2020-02-08,Omaha,@,South Dakota State,REG (Conf),L 59-69,,10,2,5,.400,0,0,,2,5,.400,.400,0,0,,1,1,2,1,0,0,1,2,4,1.2,Elena Pilakouta,https://www.sports-reference.com/cbb/players/elena-pilakouta-1.html,nebraska-omaha,2019-20
24,51,24,2020-02-13,Omaha,@,Oral Roberts,REG (Conf),L 57-84,,6,0,1,.000,0,0,,0,1,.000,.000,0,0,,0,0,0,0,0,0,0,1,0,-1.1,Elena Pilakouta,https://www.sports-reference.com/cbb/players/elena-pilakouta-1.html,nebraska-omaha,2019-20
25,52,25,2020-02-15,Omaha,,Denver,REG (Conf),L 80-86 (OT),,5,1,1,1.000,0,0,,1,1,1.000,1.000,0,0,,0,3,3,0,0,0,1,0,2,1.6,Elena Pilakouta,https://www.sports-reference.com/cbb/players/elena-pilakouta-1.html,nebraska-omaha,2019-20
26,53,26,2020-02-20,Omaha,@,Western Illinois,REG (Conf),L 66-79,,2,1,3,.333,0,0,,1,3,.333,.333,0,0,,3,0,3,0,0,1,0,0,2,3.1,Elena Pilakouta,https://www.sports-reference.com/cbb/players/elena-pilakouta-1.html,nebraska-omaha,2019-20
27,54,29,2020-02-29,Omaha,@,North Dakota State,REG (Conf),L 64-67,,6,2,3,.667,0,0,,2,3,.667,.667,0,0,,1,1,2,1,0,0,0,1,4,4.0,Elena Pilakouta,https://www.sports-reference.com/cbb/players/elena-pilakouta-1.html,nebraska-omaha,2019-20
28,55,30,2020-03-07,Omaha,@,South Dakota,CTOURN,L 40-99,,8,0,1,.000,0,0,,0,1,.000,.000,0,0,,0,0,0,1,0,0,1,0,0,-1.0,Elena Pilakouta,https://www.sports-reference.com/cbb/players/elena-pilakouta-1.html,nebraska-omaha,2019-20
