ranker,player_game_num_career,team_game_num_season,date,team_name_abbr,game_location,opp_name_abbr,game_type,game_result,is_starter,mp,fg,fga,fg_pct,fg3,fg3a,fg3_pct,fg2,fg2a,fg2_pct,efg_pct,ft,fta,ft_pct,orb,drb,trb,ast,stl,blk,tov,pf,pts,game_score,player_name,player_sr_link,school,season
1,1,1,2019-11-05,Omaha,,Creighton,REG (Non-Conf),L 54-67,*,32,4,11,.364,0,2,.000,4,9,.444,.364,4,5,.800,3,3,6,2,1,0,4,3,12,5.7,Ella Ogier,https://www.sports-reference.com/cbb/players/ella-ogier-1.html,nebraska-omaha,2019-20
2,2,2,2019-11-08,Omaha,@,Kansas State,REG (Non-Conf),L 48-73,*,20,2,9,.222,0,1,.000,2,8,.250,.222,1,4,.250,2,4,6,0,1,1,5,4,5,-4.0,Ella Ogier,https://www.sports-reference.com/cbb/players/ella-ogier-1.html,nebraska-omaha,2019-20
3,3,3,2019-11-11,Omaha,,Peru St.,REG (Non-Conf),W 92-58,*,13,2,2,1.000,0,0,,2,2,1.000,1.000,1,2,.500,1,2,3,1,2,0,6,1,5,1.6,Ella Ogier,https://www.sports-reference.com/cbb/players/ella-ogier-1.html,nebraska-omaha,2019-20
4,4,4,2019-11-13,Omaha,@,Kansas,REG (Non-Conf),L 48-63,*,22,3,4,.750,0,0,,3,4,.750,.750,0,0,,1,5,6,1,0,1,6,1,6,1.6,Ella Ogier,https://www.sports-reference.com/cbb/players/ella-ogier-1.html,nebraska-omaha,2019-20
5,5,5,2019-11-17,Omaha,,Morgan State,REG (Non-Conf),W 70-64,*,24,2,5,.400,1,2,.500,1,3,.333,.500,3,4,.750,1,4,5,2,1,0,3,3,8,5.0,Ella Ogier,https://www.sports-reference.com/cbb/players/ella-ogier-1.html,nebraska-omaha,2019-20
6,6,6,2019-11-21,Omaha,@,Northern Kentucky,REG (Non-Conf),L 40-57,*,9,0,3,.000,0,1,.000,0,2,.000,.000,0,0,,0,0,0,0,0,1,2,0,0,-3.4,Ella Ogier,https://www.sports-reference.com/cbb/players/ella-ogier-1.html,nebraska-omaha,2019-20
7,7,7,2019-11-29,Omaha,@,VCU,REG (Non-Conf),L 66-74,*,37,3,7,.429,0,0,,3,7,.429,.429,5,6,.833,0,6,6,1,1,0,7,2,11,2.6,Ella Ogier,https://www.sports-reference.com/cbb/players/ella-ogier-1.html,nebraska-omaha,2019-20
8,8,8,2019-11-30,Omaha,@,Mississippi Valley State,REG (Non-Conf),W 78-70,*,31,6,13,.462,1,5,.200,5,8,.625,.500,1,1,1.000,2,3,5,7,0,3,4,2,14,11.8,Ella Ogier,https://www.sports-reference.com/cbb/players/ella-ogier-1.html,nebraska-omaha,2019-20
9,9,9,2019-12-04,Omaha,,Kansas City,REG (Non-Conf),W 57-53,*,30,4,9,.444,1,1,1.000,3,8,.375,.500,1,2,.500,7,5,12,4,1,2,6,1,10,10.1,Ella Ogier,https://www.sports-reference.com/cbb/players/ella-ogier-1.html,nebraska-omaha,2019-20
10,10,10,2019-12-07,Omaha,@,Eastern Illinois,REG (Non-Conf),L 52-65,*,23,0,4,.000,0,1,.000,0,3,.000,.000,0,0,,0,3,3,1,2,1,5,2,0,-4.3,Ella Ogier,https://www.sports-reference.com/cbb/players/ella-ogier-1.html,nebraska-omaha,2019-20
11,11,11,2019-12-10,Omaha,,Northern Iowa,REG (Non-Conf),L 45-81,*,14,1,4,.250,0,0,,1,4,.250,.250,0,0,,3,3,6,1,1,1,3,2,2,1.2,Ella Ogier,https://www.sports-reference.com/cbb/players/ella-ogier-1.html,nebraska-omaha,2019-20
12,12,12,2019-12-15,Omaha,,Cleveland State,REG (Non-Conf),L 66-79,*,23,4,7,.571,0,1,.000,4,6,.667,.571,1,2,.500,1,3,4,3,0,0,3,3,9,4.8,Ella Ogier,https://www.sports-reference.com/cbb/players/ella-ogier-1.html,nebraska-omaha,2019-20
13,13,13,2019-12-17,Omaha,,Graceland (IA),REG (Non-Conf),W 85-46,*,17,4,10,.400,0,2,.000,4,8,.500,.400,0,0,,2,8,10,0,3,1,2,2,8,7.3,Ella Ogier,https://www.sports-reference.com/cbb/players/ella-ogier-1.html,nebraska-omaha,2019-20
14,14,14,2019-12-29,Omaha,,South Dakota State,REG (Conf),L 51-68,*,22,4,5,.800,3,4,.750,1,1,1.000,1.100,0,0,,0,4,4,2,0,0,3,1,11,8.3,Ella Ogier,https://www.sports-reference.com/cbb/players/ella-ogier-1.html,nebraska-omaha,2019-20
15,15,15,2020-01-04,Omaha,,Oral Roberts,REG (Conf),W 60-54,*,33,2,7,.286,0,4,.000,2,3,.667,.286,1,2,.500,1,4,5,3,0,0,2,1,5,2.1,Ella Ogier,https://www.sports-reference.com/cbb/players/ella-ogier-1.html,nebraska-omaha,2019-20
16,16,16,2020-01-09,Omaha,@,North Dakota,REG (Conf),L 57-63,*,18,0,5,.000,0,2,.000,0,3,.000,.000,0,0,,0,4,4,1,1,0,2,3,0,-3.8,Ella Ogier,https://www.sports-reference.com/cbb/players/ella-ogier-1.html,nebraska-omaha,2019-20
17,17,17,2020-01-11,Omaha,@,South Dakota,REG (Conf),L 44-77,*,16,2,4,.500,0,1,.000,2,3,.667,.500,2,2,1.000,2,1,3,0,1,0,5,2,6,0.9,Ella Ogier,https://www.sports-reference.com/cbb/players/ella-ogier-1.html,nebraska-omaha,2019-20
18,18,18,2020-01-18,Omaha,@,Denver,REG (Conf),L 60-66,*,26,3,9,.333,0,2,.000,3,7,.429,.333,0,0,,2,4,6,1,1,0,0,2,6,4.4,Ella Ogier,https://www.sports-reference.com/cbb/players/ella-ogier-1.html,nebraska-omaha,2019-20
19,19,19,2020-01-24,Omaha,,Western Illinois,REG (Conf),L 69-83,*,38,6,13,.462,1,5,.200,5,8,.625,.500,4,4,1.000,2,7,9,8,1,0,3,2,17,16.6,Ella Ogier,https://www.sports-reference.com/cbb/players/ella-ogier-1.html,nebraska-omaha,2019-20
20,20,20,2020-01-26,Omaha,,Purdue Fort Wayne,REG (Conf),L 57-58,*,35,7,13,.538,1,2,.500,6,11,.545,.577,6,6,1.000,3,4,7,6,2,0,2,1,21,21.8,Ella Ogier,https://www.sports-reference.com/cbb/players/ella-ogier-1.html,nebraska-omaha,2019-20
21,21,21,2020-01-29,Omaha,,South Dakota,REG (Conf),L 39-71,*,21,0,8,.000,0,3,.000,0,5,.000,.000,0,0,,0,2,2,1,0,0,1,2,0,-6.1,Ella Ogier,https://www.sports-reference.com/cbb/players/ella-ogier-1.html,nebraska-omaha,2019-20
22,22,22,2020-02-06,Omaha,,North Dakota State,REG (Conf),L 65-74,*,24,2,8,.250,1,4,.250,1,4,.250,.313,0,2,.000,4,1,5,1,2,1,3,3,5,1.7,Ella Ogier,https://www.sports-reference.com/cbb/players/ella-ogier-1.html,nebraska-omaha,2019-20
23,23,23,2020-02-08,Omaha,@,South Dakota State,REG (Conf),L 59-69,*,19,0,5,.000,0,2,.000,0,3,.000,.000,0,0,,1,4,5,1,1,0,4,2,0,-4.7,Ella Ogier,https://www.sports-reference.com/cbb/players/ella-ogier-1.html,nebraska-omaha,2019-20
24,24,24,2020-02-13,Omaha,@,Oral Roberts,REG (Conf),L 57-84,*,34,6,14,.429,0,3,.000,6,11,.545,.429,0,0,,3,2,5,0,1,1,3,3,12,4.8,Ella Ogier,https://www.sports-reference.com/cbb/players/ella-ogier-1.html,nebraska-omaha,2019-20
25,25,25,2020-02-15,Omaha,,Denver,REG (Conf),L 80-86 (OT),*,31,5,12,.417,0,3,.000,5,9,.556,.417,6,8,.750,1,4,5,1,1,0,4,4,16,6.8,Ella Ogier,https://www.sports-reference.com/cbb/players/ella-ogier-1.html,nebraska-omaha,2019-20
26,26,26,2020-02-20,Omaha,@,Western Illinois,REG (Conf),L 66-79,*,9,0,2,.000,0,0,,0,2,.000,.000,0,0,,0,1,1,2,0,0,3,5,0,-4.7,Ella Ogier,https://www.sports-reference.com/cbb/players/ella-ogier-1.html,nebraska-omaha,2019-20
27,27,27,2020-02-22,Omaha,@,Purdue Fort Wayne,REG (Conf),W 65-51,*,34,9,15,.600,0,1,.000,9,14,.643,.600,2,2,1.000,0,3,3,2,1,0,4,3,20,11.2,Ella Ogier,https://www.sports-reference.com/cbb/players/ella-ogier-1.html,nebraska-omaha,2019-20
28,28,28,2020-02-27,Omaha,,North Dakota,REG (Conf),L 67-71,*,18,1,4,.250,0,0,,1,4,.250,.250,2,2,1.000,1,1,2,2,2,0,4,3,4,0.8,Ella Ogier,https://www.sports-reference.com/cbb/players/ella-ogier-1.html,nebraska-omaha,2019-20
29,29,29,2020-02-29,Omaha,@,North Dakota State,REG (Conf),L 64-67,*,35,7,15,.467,1,6,.167,6,9,.667,.500,2,2,1.000,3,5,8,1,0,1,3,4,17,9.7,Ella Ogier,https://www.sports-reference.com/cbb/players/ella-ogier-1.html,nebraska-omaha,2019-20
30,30,30,2020-03-07,Omaha,@,South Dakota,CTOURN,L 40-99,*,30,5,9,.556,1,2,.500,4,7,.571,.611,2,3,.667,2,1,3,0,2,0,2,4,13,8.4,Ella Ogier,https://www.sports-reference.com/cbb/players/ella-ogier-1.html,nebraska-omaha,2019-20
