ranker,player_game_num_career,team_game_num_season,date,team_name_abbr,game_location,opp_name_abbr,game_type,game_result,is_starter,mp,fg,fga,fg_pct,fg3,fg3a,fg3_pct,fg2,fg2a,fg2_pct,efg_pct,ft,fta,orb,drb,trb,ast,stl,blk,tov,pf,pts,game_score,player_name,player_sr_link,school,season
1,36,2,2019-11-08,Omaha,@,Kansas State,REG (Non-Conf),L 48-73,,5,1,3,.333,1,3,.333,0,0,,.500,0,0,0,1,1,0,0,0,0,0,3,1.6,Emily Petersen,https://www.sports-reference.com/cbb/players/emily-petersen-1.html,nebraska-omaha,2019-20
2,37,3,2019-11-11,Omaha,,Peru St.,REG (Non-Conf),W 92-58,,11,2,4,.500,1,3,.333,1,1,1.000,.625,0,0,0,1,1,0,2,0,1,1,5,3.9,Emily Petersen,https://www.sports-reference.com/cbb/players/emily-petersen-1.html,nebraska-omaha,2019-20
3,38,6,2019-11-21,Omaha,@,Northern Kentucky,REG (Non-Conf),L 40-57,,6,0,2,.000,0,2,.000,0,0,,.000,0,0,0,1,1,3,1,0,1,0,0,1.0,Emily Petersen,https://www.sports-reference.com/cbb/players/emily-petersen-1.html,nebraska-omaha,2019-20
4,39,11,2019-12-10,Omaha,,Northern Iowa,REG (Non-Conf),L 45-81,,9,0,3,.000,0,2,.000,0,1,.000,.000,0,0,0,0,0,0,2,0,0,0,0,-0.1,Emily Petersen,https://www.sports-reference.com/cbb/players/emily-petersen-1.html,nebraska-omaha,2019-20
5,40,13,2019-12-17,Omaha,,Graceland (IA),REG (Non-Conf),W 85-46,,11,2,6,.333,1,4,.250,1,2,.500,.417,0,0,0,3,3,1,2,0,0,0,5,5.2,Emily Petersen,https://www.sports-reference.com/cbb/players/emily-petersen-1.html,nebraska-omaha,2019-20
6,41,16,2020-01-09,Omaha,@,North Dakota,REG (Conf),L 57-63,,2,0,1,.000,0,1,.000,0,0,,.000,0,0,0,0,0,0,0,0,0,0,0,-0.7,Emily Petersen,https://www.sports-reference.com/cbb/players/emily-petersen-1.html,nebraska-omaha,2019-20
7,42,17,2020-01-11,Omaha,@,South Dakota,REG (Conf),L 44-77,,2,0,1,.000,0,1,.000,0,0,,.000,0,0,0,0,0,0,0,0,0,0,0,-0.7,Emily Petersen,https://www.sports-reference.com/cbb/players/emily-petersen-1.html,nebraska-omaha,2019-20
8,43,19,2020-01-24,Omaha,,Western Illinois,REG (Conf),L 69-83,,2,0,1,.000,0,1,.000,0,0,,.000,0,0,0,0,0,0,0,0,0,0,0,-0.7,Emily Petersen,https://www.sports-reference.com/cbb/players/emily-petersen-1.html,nebraska-omaha,2019-20
9,44,21,2020-01-29,Omaha,,South Dakota,REG (Conf),L 39-71,,1,0,0,,0,0,,0,0,,,0,0,0,0,0,0,0,0,0,0,0,0.0,Emily Petersen,https://www.sports-reference.com/cbb/players/emily-petersen-1.html,nebraska-omaha,2019-20
10,45,24,2020-02-13,Omaha,@,Oral Roberts,REG (Conf),L 57-84,,1,0,0,,0,0,,0,0,,,0,0,0,0,0,0,0,0,0,0,0,0.0,Emily Petersen,https://www.sports-reference.com/cbb/players/emily-petersen-1.html,nebraska-omaha,2019-20
11,46,30,2020-03-07,Omaha,@,South Dakota,CTOURN,L 40-99,,3,0,1,.000,0,1,.000,0,0,,.000,0,0,0,0,0,0,0,0,0,0,0,-0.7,Emily Petersen,https://www.sports-reference.com/cbb/players/emily-petersen-1.html,nebraska-omaha,2019-20
