ranker,player_game_num_career,team_game_num_season,date,team_name_abbr,game_location,opp_name_abbr,game_type,game_result,is_starter,mp,fg,fga,fg_pct,fg3,fg3a,fg3_pct,fg2,fg2a,fg2_pct,efg_pct,ft,fta,ft_pct,orb,drb,trb,ast,stl,blk,tov,pf,pts,game_score,player_name,player_sr_link,school,season
1,29,6,2019-11-21,Omaha,@,Northern Kentucky,REG (Non-Conf),L 40-57,,10,1,3,.333,0,1,.000,1,2,.500,.333,1,4,.250,0,2,2,1,1,0,0,1,3,2.0,Josie Filer,https://www.sports-reference.com/cbb/players/josie-filer-1.html,nebraska-omaha,2019-20
2,30,7,2019-11-29,Omaha,@,VCU,REG (Non-Conf),L 66-74,*,19,2,6,.333,1,3,.333,1,3,.333,.417,1,1,1.000,0,3,3,0,0,0,0,0,6,3.5,Josie Filer,https://www.sports-reference.com/cbb/players/josie-filer-1.html,nebraska-omaha,2019-20
3,31,8,2019-11-30,Omaha,@,Mississippi Valley State,REG (Non-Conf),W 78-70,*,22,4,8,.500,3,4,.750,1,4,.250,.688,0,0,,1,4,5,1,1,1,2,1,11,8.9,Josie Filer,https://www.sports-reference.com/cbb/players/josie-filer-1.html,nebraska-omaha,2019-20
4,32,9,2019-12-04,Omaha,,Kansas City,REG (Non-Conf),W 57-53,*,24,2,6,.333,1,2,.500,1,4,.250,.417,0,0,,2,6,8,1,0,0,4,2,5,0.7,Josie Filer,https://www.sports-reference.com/cbb/players/josie-filer-1.html,nebraska-omaha,2019-20
5,33,10,2019-12-07,Omaha,@,Eastern Illinois,REG (Non-Conf),L 52-65,*,27,3,7,.429,1,3,.333,2,4,.500,.500,1,3,.333,3,4,7,0,0,0,0,3,8,5.6,Josie Filer,https://www.sports-reference.com/cbb/players/josie-filer-1.html,nebraska-omaha,2019-20
6,34,11,2019-12-10,Omaha,,Northern Iowa,REG (Non-Conf),L 45-81,*,22,1,7,.143,0,3,.000,1,4,.250,.143,0,0,,4,2,6,2,0,0,2,2,2,-0.5,Josie Filer,https://www.sports-reference.com/cbb/players/josie-filer-1.html,nebraska-omaha,2019-20
7,35,12,2019-12-15,Omaha,,Cleveland State,REG (Non-Conf),L 66-79,*,21,4,8,.500,1,1,1.000,3,7,.429,.563,3,5,.600,2,3,5,2,0,1,1,1,12,10.2,Josie Filer,https://www.sports-reference.com/cbb/players/josie-filer-1.html,nebraska-omaha,2019-20
8,36,13,2019-12-17,Omaha,,Graceland (IA),REG (Non-Conf),W 85-46,*,13,2,5,.400,1,3,.333,1,2,.500,.500,0,0,,1,1,2,2,0,1,1,0,5,4.4,Josie Filer,https://www.sports-reference.com/cbb/players/josie-filer-1.html,nebraska-omaha,2019-20
9,37,14,2019-12-29,Omaha,,South Dakota State,REG (Conf),L 51-68,*,30,4,7,.571,3,5,.600,1,2,.500,.786,0,0,,0,6,6,1,1,1,1,2,11,10.1,Josie Filer,https://www.sports-reference.com/cbb/players/josie-filer-1.html,nebraska-omaha,2019-20
10,38,15,2020-01-04,Omaha,,Oral Roberts,REG (Conf),W 60-54,*,22,3,5,.600,0,2,.000,3,3,1.000,.600,4,4,1.000,0,5,5,0,1,0,0,2,10,9.4,Josie Filer,https://www.sports-reference.com/cbb/players/josie-filer-1.html,nebraska-omaha,2019-20
11,39,16,2020-01-09,Omaha,@,North Dakota,REG (Conf),L 57-63,*,34,3,8,.375,2,6,.333,1,2,.500,.500,0,0,,3,6,9,0,0,0,3,4,8,2.9,Josie Filer,https://www.sports-reference.com/cbb/players/josie-filer-1.html,nebraska-omaha,2019-20
12,40,17,2020-01-11,Omaha,@,South Dakota,REG (Conf),L 44-77,*,25,1,3,.333,1,3,.333,0,0,,.500,0,0,,1,4,5,1,0,0,0,4,3,2.3,Josie Filer,https://www.sports-reference.com/cbb/players/josie-filer-1.html,nebraska-omaha,2019-20
13,41,18,2020-01-18,Omaha,@,Denver,REG (Conf),L 60-66,*,15,3,3,1.000,2,2,1.000,1,1,1.000,1.333,0,0,,1,4,5,1,0,1,2,2,8,7.6,Josie Filer,https://www.sports-reference.com/cbb/players/josie-filer-1.html,nebraska-omaha,2019-20
14,42,19,2020-01-24,Omaha,,Western Illinois,REG (Conf),L 69-83,*,28,1,3,.333,0,2,.000,1,1,1.000,.333,2,2,1.000,0,4,4,5,0,0,0,5,4,5.0,Josie Filer,https://www.sports-reference.com/cbb/players/josie-filer-1.html,nebraska-omaha,2019-20
15,43,20,2020-01-26,Omaha,,Purdue Fort Wayne,REG (Conf),L 57-58,*,33,4,5,.800,3,4,.750,1,1,1.000,1.100,2,2,1.000,1,4,5,1,0,1,1,1,13,13.0,Josie Filer,https://www.sports-reference.com/cbb/players/josie-filer-1.html,nebraska-omaha,2019-20
16,44,21,2020-01-29,Omaha,,South Dakota,REG (Conf),L 39-71,*,28,0,3,.000,0,1,.000,0,2,.000,.000,0,0,,1,7,8,2,1,2,3,2,0,0.7,Josie Filer,https://www.sports-reference.com/cbb/players/josie-filer-1.html,nebraska-omaha,2019-20
17,45,22,2020-02-06,Omaha,,North Dakota State,REG (Conf),L 65-74,*,31,3,7,.429,1,3,.333,2,4,.500,.500,0,0,,2,2,4,1,0,0,1,1,7,4.6,Josie Filer,https://www.sports-reference.com/cbb/players/josie-filer-1.html,nebraska-omaha,2019-20
18,46,23,2020-02-08,Omaha,@,South Dakota State,REG (Conf),L 59-69,*,31,3,5,.600,3,5,.600,0,0,,.900,0,0,,0,6,6,1,2,0,1,1,9,9.8,Josie Filer,https://www.sports-reference.com/cbb/players/josie-filer-1.html,nebraska-omaha,2019-20
19,47,24,2020-02-13,Omaha,@,Oral Roberts,REG (Conf),L 57-84,*,18,0,2,.000,0,2,.000,0,0,,.000,1,2,.500,0,4,4,0,0,1,0,4,1,-0.5,Josie Filer,https://www.sports-reference.com/cbb/players/josie-filer-1.html,nebraska-omaha,2019-20
20,48,25,2020-02-15,Omaha,,Denver,REG (Conf),L 80-86 (OT),*,36,1,8,.125,1,7,.143,0,1,.000,.188,2,2,1.000,2,6,8,3,2,2,3,5,5,3.5,Josie Filer,https://www.sports-reference.com/cbb/players/josie-filer-1.html,nebraska-omaha,2019-20
21,49,26,2020-02-20,Omaha,@,Western Illinois,REG (Conf),L 66-79,*,25,3,6,.500,1,3,.333,2,3,.667,.583,2,2,1.000,2,4,6,2,1,0,2,2,9,8.2,Josie Filer,https://www.sports-reference.com/cbb/players/josie-filer-1.html,nebraska-omaha,2019-20
22,50,27,2020-02-22,Omaha,@,Purdue Fort Wayne,REG (Conf),W 65-51,*,17,1,3,.333,0,2,.000,1,1,1.000,.333,2,2,1.000,2,4,6,0,0,1,1,1,4,4.2,Josie Filer,https://www.sports-reference.com/cbb/players/josie-filer-1.html,nebraska-omaha,2019-20
23,51,28,2020-02-27,Omaha,,North Dakota,REG (Conf),L 67-71,*,34,1,7,.143,0,4,.000,1,3,.333,.143,0,0,,3,8,11,5,1,0,2,2,2,3.7,Josie Filer,https://www.sports-reference.com/cbb/players/josie-filer-1.html,nebraska-omaha,2019-20
24,52,29,2020-02-29,Omaha,@,North Dakota State,REG (Conf),L 64-67,*,31,4,6,.667,1,3,.333,3,3,1.000,.750,0,2,.000,1,3,4,1,1,0,0,2,9,8.1,Josie Filer,https://www.sports-reference.com/cbb/players/josie-filer-1.html,nebraska-omaha,2019-20
25,53,30,2020-03-07,Omaha,@,South Dakota,CTOURN,L 40-99,*,9,1,3,.333,0,2,.000,1,1,1.000,.333,0,0,,0,0,0,0,0,0,0,2,2,-0.5,Josie Filer,https://www.sports-reference.com/cbb/players/josie-filer-1.html,nebraska-omaha,2019-20
