ranker,player_game_num_career,team_game_num_season,date,team_name_abbr,game_location,opp_name_abbr,game_type,game_result,is_starter,mp,fg,fga,fg_pct,fg3,fg3a,fg3_pct,fg2,fg2a,fg2_pct,efg_pct,ft,fta,ft_pct,orb,drb,trb,ast,stl,blk,tov,pf,pts,game_score,player_name,player_sr_link,school,season
1,1,1,2019-11-05,Omaha,,Creighton,REG (Non-Conf),L 54-67,,20,4,6,.667,0,0,,4,6,.667,.667,3,4,.750,0,3,3,0,0,1,2,1,11,7.2,Kia Wilson,https://www.sports-reference.com/cbb/players/kia-wilson-1.html,nebraska-omaha,2019-20
2,2,2,2019-11-08,Omaha,@,Kansas State,REG (Non-Conf),L 48-73,,25,3,9,.333,0,0,,3,9,.333,.333,4,9,.444,4,5,9,1,0,0,0,3,10,6.7,Kia Wilson,https://www.sports-reference.com/cbb/players/kia-wilson-1.html,nebraska-omaha,2019-20
3,3,3,2019-11-11,Omaha,,Peru St.,REG (Non-Conf),W 92-58,,26,4,8,.500,0,0,,4,8,.500,.500,2,2,1.000,1,6,7,1,1,3,2,2,10,9.5,Kia Wilson,https://www.sports-reference.com/cbb/players/kia-wilson-1.html,nebraska-omaha,2019-20
4,4,4,2019-11-13,Omaha,@,Kansas,REG (Non-Conf),L 48-63,,11,1,2,.500,0,0,,1,2,.500,.500,0,0,,0,1,1,0,0,0,2,3,2,-1.9,Kia Wilson,https://www.sports-reference.com/cbb/players/kia-wilson-1.html,nebraska-omaha,2019-20
5,5,5,2019-11-17,Omaha,,Morgan State,REG (Non-Conf),W 70-64,,8,2,2,1.000,0,0,,2,2,1.000,1.000,1,1,1.000,0,2,2,0,0,0,0,0,5,5.0,Kia Wilson,https://www.sports-reference.com/cbb/players/kia-wilson-1.html,nebraska-omaha,2019-20
6,6,6,2019-11-21,Omaha,@,Northern Kentucky,REG (Non-Conf),L 40-57,,20,2,4,.500,0,0,,2,4,.500,.500,0,0,,1,2,3,0,0,0,2,0,4,1.3,Kia Wilson,https://www.sports-reference.com/cbb/players/kia-wilson-1.html,nebraska-omaha,2019-20
7,7,7,2019-11-29,Omaha,@,VCU,REG (Non-Conf),L 66-74,,12,3,3,1.000,0,0,,3,3,1.000,1.000,1,2,.500,0,0,0,0,1,0,0,2,7,5.9,Kia Wilson,https://www.sports-reference.com/cbb/players/kia-wilson-1.html,nebraska-omaha,2019-20
8,8,8,2019-11-30,Omaha,@,Mississippi Valley State,REG (Non-Conf),W 78-70,,17,2,2,1.000,0,0,,2,2,1.000,1.000,1,2,.500,1,4,5,1,1,0,1,1,5,6.2,Kia Wilson,https://www.sports-reference.com/cbb/players/kia-wilson-1.html,nebraska-omaha,2019-20
9,9,9,2019-12-04,Omaha,,Kansas City,REG (Non-Conf),W 57-53,,12,1,5,.200,0,0,,1,5,.200,.200,0,0,,1,1,2,1,2,1,2,0,2,1.3,Kia Wilson,https://www.sports-reference.com/cbb/players/kia-wilson-1.html,nebraska-omaha,2019-20
10,10,10,2019-12-07,Omaha,@,Eastern Illinois,REG (Non-Conf),L 52-65,,9,0,2,.000,0,0,,0,2,.000,.000,2,2,1.000,0,2,2,1,0,1,1,0,2,1.6,Kia Wilson,https://www.sports-reference.com/cbb/players/kia-wilson-1.html,nebraska-omaha,2019-20
11,11,11,2019-12-10,Omaha,,Northern Iowa,REG (Non-Conf),L 45-81,,15,2,8,.250,0,0,,2,8,.250,.250,1,2,.500,3,0,3,0,0,1,1,1,5,1.2,Kia Wilson,https://www.sports-reference.com/cbb/players/kia-wilson-1.html,nebraska-omaha,2019-20
12,12,12,2019-12-15,Omaha,,Cleveland State,REG (Non-Conf),L 66-79,,5,1,1,1.000,0,0,,1,1,1.000,1.000,2,2,1.000,0,0,0,0,0,0,2,0,4,1.7,Kia Wilson,https://www.sports-reference.com/cbb/players/kia-wilson-1.html,nebraska-omaha,2019-20
13,13,13,2019-12-17,Omaha,,Graceland (IA),REG (Non-Conf),W 85-46,,15,5,10,.500,0,0,,5,10,.500,.500,1,1,1.000,2,5,7,1,0,2,0,2,11,10.2,Kia Wilson,https://www.sports-reference.com/cbb/players/kia-wilson-1.html,nebraska-omaha,2019-20
14,14,14,2019-12-29,Omaha,,South Dakota State,REG (Conf),L 51-68,,13,0,4,.000,0,0,,0,4,.000,.000,0,0,,4,1,5,1,0,0,4,2,0,-3.8,Kia Wilson,https://www.sports-reference.com/cbb/players/kia-wilson-1.html,nebraska-omaha,2019-20
15,15,16,2020-01-09,Omaha,@,North Dakota,REG (Conf),L 57-63,,6,1,3,.333,0,0,,1,3,.333,.333,0,0,,0,1,1,0,0,1,1,0,2,0.3,Kia Wilson,https://www.sports-reference.com/cbb/players/kia-wilson-1.html,nebraska-omaha,2019-20
16,16,17,2020-01-11,Omaha,@,South Dakota,REG (Conf),L 44-77,,11,3,6,.500,0,0,,3,6,.500,.500,2,2,1.000,0,3,3,1,0,1,1,0,8,6.3,Kia Wilson,https://www.sports-reference.com/cbb/players/kia-wilson-1.html,nebraska-omaha,2019-20
17,17,18,2020-01-18,Omaha,@,Denver,REG (Conf),L 60-66,,10,2,2,1.000,0,0,,2,2,1.000,1.000,0,0,,0,0,0,1,0,0,1,0,4,3.1,Kia Wilson,https://www.sports-reference.com/cbb/players/kia-wilson-1.html,nebraska-omaha,2019-20
18,18,19,2020-01-24,Omaha,,Western Illinois,REG (Conf),L 69-83,,11,3,6,.500,0,0,,3,6,.500,.500,2,3,.667,4,2,6,0,0,3,2,2,8,7.3,Kia Wilson,https://www.sports-reference.com/cbb/players/kia-wilson-1.html,nebraska-omaha,2019-20
19,19,20,2020-01-26,Omaha,,Purdue Fort Wayne,REG (Conf),L 57-58,,3,1,1,1.000,0,0,,1,1,1.000,1.000,0,0,,2,2,4,0,0,0,0,0,2,3.7,Kia Wilson,https://www.sports-reference.com/cbb/players/kia-wilson-1.html,nebraska-omaha,2019-20
20,20,21,2020-01-29,Omaha,,South Dakota,REG (Conf),L 39-71,,13,2,3,.667,0,0,,2,3,.667,.667,0,0,,1,2,3,1,1,0,2,2,4,2.9,Kia Wilson,https://www.sports-reference.com/cbb/players/kia-wilson-1.html,nebraska-omaha,2019-20
21,21,22,2020-02-06,Omaha,,North Dakota State,REG (Conf),L 65-74,,2,1,1,1.000,0,0,,1,1,1.000,1.000,0,0,,0,0,0,0,0,0,0,2,2,0.9,Kia Wilson,https://www.sports-reference.com/cbb/players/kia-wilson-1.html,nebraska-omaha,2019-20
22,22,23,2020-02-08,Omaha,@,South Dakota State,REG (Conf),L 59-69,,14,1,3,.333,0,0,,1,3,.333,.333,2,2,1.000,1,1,2,0,0,0,1,4,4,0.7,Kia Wilson,https://www.sports-reference.com/cbb/players/kia-wilson-1.html,nebraska-omaha,2019-20
23,23,24,2020-02-13,Omaha,@,Oral Roberts,REG (Conf),L 57-84,,15,1,2,.500,1,1,1.000,0,1,.000,.750,1,2,.500,0,2,2,0,0,0,0,3,4,2.0,Kia Wilson,https://www.sports-reference.com/cbb/players/kia-wilson-1.html,nebraska-omaha,2019-20
24,24,25,2020-02-15,Omaha,,Denver,REG (Conf),L 80-86 (OT),,22,4,8,.500,0,0,,4,8,.500,.500,1,2,.500,2,3,5,0,1,2,2,0,9,7.3,Kia Wilson,https://www.sports-reference.com/cbb/players/kia-wilson-1.html,nebraska-omaha,2019-20
25,25,26,2020-02-20,Omaha,@,Western Illinois,REG (Conf),L 66-79,,19,1,4,.250,0,0,,1,4,.250,.250,0,0,,1,2,3,4,1,2,1,1,2,4.7,Kia Wilson,https://www.sports-reference.com/cbb/players/kia-wilson-1.html,nebraska-omaha,2019-20
26,26,27,2020-02-22,Omaha,@,Purdue Fort Wayne,REG (Conf),W 65-51,,19,6,6,1.000,0,0,,6,6,1.000,1.000,1,2,.500,3,3,6,0,0,0,0,3,13,12.6,Kia Wilson,https://www.sports-reference.com/cbb/players/kia-wilson-1.html,nebraska-omaha,2019-20
27,27,28,2020-02-27,Omaha,,North Dakota,REG (Conf),L 67-71,,21,4,7,.571,0,0,,4,7,.571,.571,4,8,.500,0,4,4,0,0,3,1,5,12,7.4,Kia Wilson,https://www.sports-reference.com/cbb/players/kia-wilson-1.html,nebraska-omaha,2019-20
28,28,29,2020-02-29,Omaha,@,North Dakota State,REG (Conf),L 64-67,,16,2,6,.333,0,0,,2,6,.333,.333,0,0,,0,1,1,0,0,0,0,2,4,0.1,Kia Wilson,https://www.sports-reference.com/cbb/players/kia-wilson-1.html,nebraska-omaha,2019-20
29,29,30,2020-03-07,Omaha,@,South Dakota,CTOURN,L 40-99,,19,1,6,.167,0,0,,1,6,.167,.167,0,0,,1,4,5,0,1,1,1,3,2,-0.4,Kia Wilson,https://www.sports-reference.com/cbb/players/kia-wilson-1.html,nebraska-omaha,2019-20
