ranker,player_game_num_career,team_game_num_season,date,team_name_abbr,game_location,opp_name_abbr,game_type,game_result,is_starter,mp,fg,fga,fg_pct,fg3,fg3a,fg3_pct,fg2,fg2a,fg2_pct,efg_pct,ft,fta,ft_pct,orb,drb,trb,ast,stl,blk,tov,pf,pts,game_score,player_name,player_sr_link,school,season
1,30,1,2019-11-05,Omaha,,Creighton,REG (Non-Conf),L 54-67,*,16,2,3,.667,0,0,,2,3,.667,.667,0,0,,0,5,5,1,0,2,5,3,4,0.1,Mariah Murdie,https://www.sports-reference.com/cbb/players/mariah-murdie-1.html,nebraska-omaha,2019-20
2,31,2,2019-11-08,Omaha,@,Kansas State,REG (Non-Conf),L 48-73,*,13,0,3,.000,0,0,,0,3,.000,.000,1,2,.500,0,4,4,3,2,1,3,5,1,-0.5,Mariah Murdie,https://www.sports-reference.com/cbb/players/mariah-murdie-1.html,nebraska-omaha,2019-20
3,32,3,2019-11-11,Omaha,,Peru St.,REG (Non-Conf),W 92-58,*,12,2,3,.667,0,1,.000,2,2,1.000,.667,2,2,1.000,1,2,3,5,0,0,3,5,6,4.5,Mariah Murdie,https://www.sports-reference.com/cbb/players/mariah-murdie-1.html,nebraska-omaha,2019-20
4,33,4,2019-11-13,Omaha,@,Kansas,REG (Non-Conf),L 48-63,*,21,3,7,.429,0,2,.000,3,5,.600,.429,0,0,,0,3,3,2,2,4,5,3,6,3.2,Mariah Murdie,https://www.sports-reference.com/cbb/players/mariah-murdie-1.html,nebraska-omaha,2019-20
5,34,5,2019-11-17,Omaha,,Morgan State,REG (Non-Conf),W 70-64,*,18,1,2,.500,0,1,.000,1,1,1.000,.500,1,2,.500,0,3,3,0,0,1,2,4,3,-0.4,Mariah Murdie,https://www.sports-reference.com/cbb/players/mariah-murdie-1.html,nebraska-omaha,2019-20
6,35,6,2019-11-21,Omaha,@,Northern Kentucky,REG (Non-Conf),L 40-57,*,22,6,7,.857,1,1,1.000,5,6,.833,.929,0,2,.000,1,7,8,0,1,0,3,2,13,9.7,Mariah Murdie,https://www.sports-reference.com/cbb/players/mariah-murdie-1.html,nebraska-omaha,2019-20
7,36,7,2019-11-29,Omaha,@,VCU,REG (Non-Conf),L 66-74,,16,1,5,.200,0,1,.000,1,4,.250,.200,0,0,,0,6,6,2,0,1,1,5,2,-0.2,Mariah Murdie,https://www.sports-reference.com/cbb/players/mariah-murdie-1.html,nebraska-omaha,2019-20
8,37,8,2019-11-30,Omaha,@,Mississippi Valley State,REG (Non-Conf),W 78-70,,18,2,6,.333,0,1,.000,2,5,.400,.333,2,2,1.000,4,1,5,2,1,0,1,1,6,6.7,Mariah Murdie,https://www.sports-reference.com/cbb/players/mariah-murdie-1.html,nebraska-omaha,2019-20
9,38,9,2019-12-04,Omaha,,Kansas City,REG (Non-Conf),W 57-53,,23,3,5,.600,0,0,,3,5,.600,.600,2,2,1.000,3,5,8,1,0,1,6,2,8,3.9,Mariah Murdie,https://www.sports-reference.com/cbb/players/mariah-murdie-1.html,nebraska-omaha,2019-20
10,39,10,2019-12-07,Omaha,@,Eastern Illinois,REG (Non-Conf),L 52-65,,27,5,6,.833,0,0,,5,6,.833,.833,0,2,.000,2,7,9,1,1,0,1,3,10,10.0,Mariah Murdie,https://www.sports-reference.com/cbb/players/mariah-murdie-1.html,nebraska-omaha,2019-20
11,40,11,2019-12-10,Omaha,,Northern Iowa,REG (Non-Conf),L 45-81,,26,4,7,.571,0,1,.000,4,6,.667,.571,3,6,.500,2,3,5,0,3,1,5,2,11,6.7,Mariah Murdie,https://www.sports-reference.com/cbb/players/mariah-murdie-1.html,nebraska-omaha,2019-20
12,41,12,2019-12-15,Omaha,,Cleveland State,REG (Non-Conf),L 66-79,*,29,5,11,.455,0,0,,5,11,.455,.455,3,4,.750,2,9,11,3,1,0,3,4,13,9.5,Mariah Murdie,https://www.sports-reference.com/cbb/players/mariah-murdie-1.html,nebraska-omaha,2019-20
13,42,13,2019-12-17,Omaha,,Graceland (IA),REG (Non-Conf),W 85-46,*,20,5,7,.714,0,0,,5,7,.714,.714,3,6,.500,3,6,9,2,1,2,1,2,13,14.8,Mariah Murdie,https://www.sports-reference.com/cbb/players/mariah-murdie-1.html,nebraska-omaha,2019-20
14,43,14,2019-12-29,Omaha,,South Dakota State,REG (Conf),L 51-68,*,21,3,9,.333,0,2,.000,3,7,.429,.333,1,1,1.000,0,4,4,1,0,2,1,4,7,2.6,Mariah Murdie,https://www.sports-reference.com/cbb/players/mariah-murdie-1.html,nebraska-omaha,2019-20
15,44,15,2020-01-04,Omaha,,Oral Roberts,REG (Conf),W 60-54,*,29,5,11,.455,1,1,1.000,4,10,.400,.500,2,2,1.000,3,5,8,3,2,1,6,4,13,8.1,Mariah Murdie,https://www.sports-reference.com/cbb/players/mariah-murdie-1.html,nebraska-omaha,2019-20
16,45,16,2020-01-09,Omaha,@,North Dakota,REG (Conf),L 57-63,*,22,7,13,.538,1,3,.333,6,10,.600,.577,1,1,1.000,4,6,10,1,1,3,4,2,16,13.3,Mariah Murdie,https://www.sports-reference.com/cbb/players/mariah-murdie-1.html,nebraska-omaha,2019-20
17,46,17,2020-01-11,Omaha,@,South Dakota,REG (Conf),L 44-77,*,18,3,6,.500,0,0,,3,6,.500,.500,1,2,.500,0,1,1,1,1,0,3,3,7,1.4,Mariah Murdie,https://www.sports-reference.com/cbb/players/mariah-murdie-1.html,nebraska-omaha,2019-20
18,47,18,2020-01-18,Omaha,@,Denver,REG (Conf),L 60-66,*,33,7,15,.467,2,3,.667,5,12,.417,.533,0,0,,2,4,6,0,2,1,3,3,16,9.4,Mariah Murdie,https://www.sports-reference.com/cbb/players/mariah-murdie-1.html,nebraska-omaha,2019-20
19,48,19,2020-01-24,Omaha,,Western Illinois,REG (Conf),L 69-83,*,26,9,12,.750,0,0,,9,12,.750,.750,2,2,1.000,2,2,4,0,1,3,5,5,20,13.3,Mariah Murdie,https://www.sports-reference.com/cbb/players/mariah-murdie-1.html,nebraska-omaha,2019-20
20,49,20,2020-01-26,Omaha,,Purdue Fort Wayne,REG (Conf),L 57-58,*,35,4,10,.400,0,0,,4,10,.400,.400,1,3,.333,3,5,8,0,0,3,2,4,9,4.9,Mariah Murdie,https://www.sports-reference.com/cbb/players/mariah-murdie-1.html,nebraska-omaha,2019-20
21,50,21,2020-01-29,Omaha,,South Dakota,REG (Conf),L 39-71,*,29,7,18,.389,2,5,.400,5,13,.385,.444,4,6,.667,5,1,6,1,1,0,6,5,20,6.9,Mariah Murdie,https://www.sports-reference.com/cbb/players/mariah-murdie-1.html,nebraska-omaha,2019-20
22,51,22,2020-02-06,Omaha,,North Dakota State,REG (Conf),L 65-74,*,18,6,12,.500,1,1,1.000,5,11,.455,.542,0,1,.000,1,3,4,0,2,0,2,5,13,6.2,Mariah Murdie,https://www.sports-reference.com/cbb/players/mariah-murdie-1.html,nebraska-omaha,2019-20
23,52,23,2020-02-08,Omaha,@,South Dakota State,REG (Conf),L 59-69,*,19,7,13,.538,1,2,.500,6,11,.545,.577,0,2,.000,0,4,4,1,0,0,3,5,15,4.8,Mariah Murdie,https://www.sports-reference.com/cbb/players/mariah-murdie-1.html,nebraska-omaha,2019-20
24,53,24,2020-02-13,Omaha,@,Oral Roberts,REG (Conf),L 57-84,*,36,9,13,.692,0,1,.000,9,12,.750,.692,2,2,1.000,2,11,13,0,1,3,3,4,20,17.7,Mariah Murdie,https://www.sports-reference.com/cbb/players/mariah-murdie-1.html,nebraska-omaha,2019-20
25,54,25,2020-02-15,Omaha,,Denver,REG (Conf),L 80-86 (OT),*,24,6,8,.750,0,0,,6,8,.750,.750,3,4,.750,3,4,7,2,1,1,6,5,15,9.8,Mariah Murdie,https://www.sports-reference.com/cbb/players/mariah-murdie-1.html,nebraska-omaha,2019-20
26,55,26,2020-02-20,Omaha,@,Western Illinois,REG (Conf),L 66-79,*,23,5,8,.625,0,0,,5,8,.625,.625,0,0,,3,3,6,0,1,1,3,4,10,6.5,Mariah Murdie,https://www.sports-reference.com/cbb/players/mariah-murdie-1.html,nebraska-omaha,2019-20
27,56,27,2020-02-22,Omaha,@,Purdue Fort Wayne,REG (Conf),W 65-51,*,21,4,6,.667,1,1,1.000,3,5,.600,.750,0,0,,1,3,4,2,0,1,2,1,9,7.7,Mariah Murdie,https://www.sports-reference.com/cbb/players/mariah-murdie-1.html,nebraska-omaha,2019-20
28,57,28,2020-02-27,Omaha,,North Dakota,REG (Conf),L 67-71,*,25,9,20,.450,2,3,.667,7,17,.412,.500,4,4,1.000,3,3,6,1,2,4,4,3,24,16.9,Mariah Murdie,https://www.sports-reference.com/cbb/players/mariah-murdie-1.html,nebraska-omaha,2019-20
29,58,29,2020-02-29,Omaha,@,North Dakota State,REG (Conf),L 64-67,*,19,4,8,.500,1,1,1.000,3,7,.429,.563,3,3,1.000,2,3,5,0,0,1,0,4,12,9.4,Mariah Murdie,https://www.sports-reference.com/cbb/players/mariah-murdie-1.html,nebraska-omaha,2019-20
30,59,30,2020-03-07,Omaha,@,South Dakota,CTOURN,L 40-99,*,28,2,10,.200,0,2,.000,2,8,.250,.200,6,10,.600,2,4,6,0,1,0,1,2,10,4.0,Mariah Murdie,https://www.sports-reference.com/cbb/players/mariah-murdie-1.html,nebraska-omaha,2019-20
