ranker,player_game_num_career,team_game_num_season,date,team_name_abbr,game_location,opp_name_abbr,game_type,game_result,is_starter,mp,fg,fga,fg_pct,fg3,fg3a,fg3_pct,fg2,fg2a,fg2_pct,efg_pct,ft,fta,ft_pct,orb,drb,trb,ast,stl,blk,tov,pf,pts,game_score,player_name,player_sr_link,school,season
1,1,1,2019-11-05,Omaha,,Creighton,REG (Non-Conf),L 54-67,*,19,0,1,.000,0,0,,0,1,.000,.000,1,2,.500,0,3,3,2,0,0,2,2,1,-0.6,Mikaela Ekdahl,https://www.sports-reference.com/cbb/players/mikaela-ekdahl-1.html,nebraska-omaha,2019-20
2,2,2,2019-11-08,Omaha,@,Kansas State,REG (Non-Conf),L 48-73,*,13,1,1,1.000,0,0,,1,1,1.000,1.000,0,0,,0,2,2,1,0,0,3,5,2,-2.0,Mikaela Ekdahl,https://www.sports-reference.com/cbb/players/mikaela-ekdahl-1.html,nebraska-omaha,2019-20
3,3,3,2019-11-11,Omaha,,Peru St.,REG (Non-Conf),W 92-58,*,19,5,6,.833,2,2,1.000,3,4,.750,1.000,1,2,.500,1,1,2,2,3,0,1,1,13,14.4,Mikaela Ekdahl,https://www.sports-reference.com/cbb/players/mikaela-ekdahl-1.html,nebraska-omaha,2019-20
4,4,4,2019-11-13,Omaha,@,Kansas,REG (Non-Conf),L 48-63,*,32,2,6,.333,1,2,.500,1,4,.250,.417,0,0,,0,2,2,5,0,0,5,3,5,-0.5,Mikaela Ekdahl,https://www.sports-reference.com/cbb/players/mikaela-ekdahl-1.html,nebraska-omaha,2019-20
5,5,5,2019-11-17,Omaha,,Morgan State,REG (Non-Conf),W 70-64,*,34,2,4,.500,1,2,.500,1,2,.500,.625,4,4,1.000,0,2,2,5,0,0,3,4,9,6.5,Mikaela Ekdahl,https://www.sports-reference.com/cbb/players/mikaela-ekdahl-1.html,nebraska-omaha,2019-20
6,6,6,2019-11-21,Omaha,@,Northern Kentucky,REG (Non-Conf),L 40-57,*,17,0,2,.000,0,2,.000,0,0,,.000,0,0,,2,3,5,1,2,0,2,1,0,1.2,Mikaela Ekdahl,https://www.sports-reference.com/cbb/players/mikaela-ekdahl-1.html,nebraska-omaha,2019-20
7,7,7,2019-11-29,Omaha,@,VCU,REG (Non-Conf),L 66-74,*,31,4,6,.667,2,3,.667,2,3,.667,.833,2,2,1.000,1,2,3,3,1,0,5,4,12,7.2,Mikaela Ekdahl,https://www.sports-reference.com/cbb/players/mikaela-ekdahl-1.html,nebraska-omaha,2019-20
8,8,8,2019-11-30,Omaha,@,Mississippi Valley State,REG (Non-Conf),W 78-70,*,39,4,9,.444,4,9,.444,0,0,,.667,1,2,.500,1,6,7,3,1,0,2,1,13,11.1,Mikaela Ekdahl,https://www.sports-reference.com/cbb/players/mikaela-ekdahl-1.html,nebraska-omaha,2019-20
9,9,9,2019-12-04,Omaha,,Kansas City,REG (Non-Conf),W 57-53,*,30,4,10,.400,2,4,.500,2,6,.333,.500,3,4,.750,1,3,4,1,1,0,4,1,13,6.1,Mikaela Ekdahl,https://www.sports-reference.com/cbb/players/mikaela-ekdahl-1.html,nebraska-omaha,2019-20
10,10,10,2019-12-07,Omaha,@,Eastern Illinois,REG (Non-Conf),L 52-65,*,21,0,3,.000,0,2,.000,0,1,.000,.000,0,0,,1,0,1,2,1,0,3,2,0,-2.8,Mikaela Ekdahl,https://www.sports-reference.com/cbb/players/mikaela-ekdahl-1.html,nebraska-omaha,2019-20
11,11,11,2019-12-10,Omaha,,Northern Iowa,REG (Non-Conf),L 45-81,*,14,0,1,.000,0,1,.000,0,0,,.000,0,0,,0,0,0,1,0,0,4,4,0,-5.6,Mikaela Ekdahl,https://www.sports-reference.com/cbb/players/mikaela-ekdahl-1.html,nebraska-omaha,2019-20
12,12,12,2019-12-15,Omaha,,Cleveland State,REG (Non-Conf),L 66-79,*,15,1,1,1.000,1,1,1.000,0,0,,1.500,0,0,,1,0,1,1,0,0,5,1,3,-1.3,Mikaela Ekdahl,https://www.sports-reference.com/cbb/players/mikaela-ekdahl-1.html,nebraska-omaha,2019-20
13,13,13,2019-12-17,Omaha,,Graceland (IA),REG (Non-Conf),W 85-46,*,14,0,3,.000,0,1,.000,0,2,.000,.000,0,0,,1,0,1,1,0,0,1,0,0,-1.7,Mikaela Ekdahl,https://www.sports-reference.com/cbb/players/mikaela-ekdahl-1.html,nebraska-omaha,2019-20
14,14,14,2019-12-29,Omaha,,South Dakota State,REG (Conf),L 51-68,*,21,1,6,.167,0,3,.000,1,3,.333,.167,0,0,,0,2,2,3,0,0,1,2,2,-0.9,Mikaela Ekdahl,https://www.sports-reference.com/cbb/players/mikaela-ekdahl-1.html,nebraska-omaha,2019-20
15,15,15,2020-01-04,Omaha,,Oral Roberts,REG (Conf),W 60-54,*,27,2,9,.222,1,4,.250,1,5,.200,.278,0,0,,0,0,0,2,0,0,1,2,5,-0.9,Mikaela Ekdahl,https://www.sports-reference.com/cbb/players/mikaela-ekdahl-1.html,nebraska-omaha,2019-20
16,16,16,2020-01-09,Omaha,@,North Dakota,REG (Conf),L 57-63,*,22,1,6,.167,0,2,.000,1,4,.250,.167,0,0,,0,0,0,1,1,0,2,4,2,-3.7,Mikaela Ekdahl,https://www.sports-reference.com/cbb/players/mikaela-ekdahl-1.html,nebraska-omaha,2019-20
17,17,17,2020-01-11,Omaha,@,South Dakota,REG (Conf),L 44-77,*,28,2,6,.333,1,4,.250,1,2,.500,.417,2,2,1.000,0,2,2,1,0,0,3,0,7,1.9,Mikaela Ekdahl,https://www.sports-reference.com/cbb/players/mikaela-ekdahl-1.html,nebraska-omaha,2019-20
18,18,18,2020-01-18,Omaha,@,Denver,REG (Conf),L 60-66,*,21,0,3,.000,0,1,.000,0,2,.000,.000,0,0,,1,1,2,3,0,0,3,3,0,-3.2,Mikaela Ekdahl,https://www.sports-reference.com/cbb/players/mikaela-ekdahl-1.html,nebraska-omaha,2019-20
19,19,19,2020-01-24,Omaha,,Western Illinois,REG (Conf),L 69-83,*,13,0,1,.000,0,0,,0,1,.000,.000,0,0,,0,0,0,1,0,0,3,3,0,-4.2,Mikaela Ekdahl,https://www.sports-reference.com/cbb/players/mikaela-ekdahl-1.html,nebraska-omaha,2019-20
20,20,20,2020-01-26,Omaha,,Purdue Fort Wayne,REG (Conf),L 57-58,*,18,1,4,.250,0,1,.000,1,3,.333,.250,0,0,,1,1,2,1,1,0,4,0,2,-1.7,Mikaela Ekdahl,https://www.sports-reference.com/cbb/players/mikaela-ekdahl-1.html,nebraska-omaha,2019-20
21,21,21,2020-01-29,Omaha,,South Dakota,REG (Conf),L 39-71,,21,0,3,.000,0,1,.000,0,2,.000,.000,3,4,.750,2,2,4,2,1,0,2,1,3,2.5,Mikaela Ekdahl,https://www.sports-reference.com/cbb/players/mikaela-ekdahl-1.html,nebraska-omaha,2019-20
22,22,22,2020-02-06,Omaha,,North Dakota State,REG (Conf),L 65-74,,7,0,1,.000,0,0,,0,1,.000,.000,0,0,,0,0,0,3,0,0,0,0,0,1.4,Mikaela Ekdahl,https://www.sports-reference.com/cbb/players/mikaela-ekdahl-1.html,nebraska-omaha,2019-20
23,23,23,2020-02-08,Omaha,@,South Dakota State,REG (Conf),L 59-69,,16,0,0,,0,0,,0,0,,,0,0,,0,0,0,4,0,0,1,2,0,1.0,Mikaela Ekdahl,https://www.sports-reference.com/cbb/players/mikaela-ekdahl-1.html,nebraska-omaha,2019-20
24,24,24,2020-02-13,Omaha,@,Oral Roberts,REG (Conf),L 57-84,,7,0,0,,0,0,,0,0,,,0,0,,0,0,0,2,1,0,2,0,0,0.4,Mikaela Ekdahl,https://www.sports-reference.com/cbb/players/mikaela-ekdahl-1.html,nebraska-omaha,2019-20
25,25,25,2020-02-15,Omaha,,Denver,REG (Conf),L 80-86 (OT),,13,2,4,.500,1,3,.333,1,1,1.000,.625,0,0,,0,0,0,1,0,0,1,1,5,2.3,Mikaela Ekdahl,https://www.sports-reference.com/cbb/players/mikaela-ekdahl-1.html,nebraska-omaha,2019-20
26,26,26,2020-02-20,Omaha,@,Western Illinois,REG (Conf),L 66-79,,26,3,8,.375,3,8,.375,0,0,,.563,0,0,,0,1,1,0,0,0,2,4,9,1.3,Mikaela Ekdahl,https://www.sports-reference.com/cbb/players/mikaela-ekdahl-1.html,nebraska-omaha,2019-20
27,27,27,2020-02-22,Omaha,@,Purdue Fort Wayne,REG (Conf),W 65-51,,30,0,3,.000,0,1,.000,0,2,.000,.000,2,2,1.000,0,4,4,4,1,0,0,1,2,4.5,Mikaela Ekdahl,https://www.sports-reference.com/cbb/players/mikaela-ekdahl-1.html,nebraska-omaha,2019-20
28,28,28,2020-02-27,Omaha,,North Dakota,REG (Conf),L 67-71,,19,1,3,.333,0,2,.000,1,1,1.000,.333,2,2,1.000,1,1,2,0,0,0,0,1,4,2.9,Mikaela Ekdahl,https://www.sports-reference.com/cbb/players/mikaela-ekdahl-1.html,nebraska-omaha,2019-20
29,29,29,2020-02-29,Omaha,@,North Dakota State,REG (Conf),L 64-67,,20,1,5,.200,0,3,.000,1,2,.500,.200,2,2,1.000,0,1,1,1,0,0,2,1,4,-0.5,Mikaela Ekdahl,https://www.sports-reference.com/cbb/players/mikaela-ekdahl-1.html,nebraska-omaha,2019-20
30,30,30,2020-03-07,Omaha,@,South Dakota,CTOURN,L 40-99,,10,0,0,,0,0,,0,0,,,2,2,1.000,0,1,1,0,0,0,0,3,2,1.1,Mikaela Ekdahl,https://www.sports-reference.com/cbb/players/mikaela-ekdahl-1.html,nebraska-omaha,2019-20
