ranker,player_game_num_career,team_game_num_season,date,team_name_abbr,game_location,opp_name_abbr,game_type,game_result,is_starter,mp,fg,fga,fg_pct,fg3,fg3a,fg3_pct,fg2,fg2a,fg2_pct,efg_pct,ft,fta,ft_pct,orb,drb,trb,ast,stl,blk,tov,pf,pts,game_score,player_name,player_sr_link,school,season
1,40,1,2019-11-05,Omaha,,Creighton,REG (Non-Conf),L 54-67,,27,3,8,.375,0,1,.000,3,7,.429,.375,0,0,,2,2,4,3,0,0,2,0,6,3.7,Rayanna Carter,https://www.sports-reference.com/cbb/players/rayanna-carter-1.html,nebraska-omaha,2019-20
2,41,2,2019-11-08,Omaha,@,Kansas State,REG (Non-Conf),L 48-73,,28,3,8,.375,0,0,,3,8,.375,.375,2,3,.667,0,1,1,0,0,0,1,0,8,2.5,Rayanna Carter,https://www.sports-reference.com/cbb/players/rayanna-carter-1.html,nebraska-omaha,2019-20
3,42,3,2019-11-11,Omaha,,Peru St.,REG (Non-Conf),W 92-58,,12,2,5,.400,0,0,,2,5,.400,.400,0,0,,3,0,3,2,1,0,0,3,4,4.6,Rayanna Carter,https://www.sports-reference.com/cbb/players/rayanna-carter-1.html,nebraska-omaha,2019-20
4,43,4,2019-11-13,Omaha,@,Kansas,REG (Non-Conf),L 48-63,,22,3,11,.273,0,3,.000,3,8,.375,.273,2,4,.500,1,2,3,1,0,0,4,2,8,-2.1,Rayanna Carter,https://www.sports-reference.com/cbb/players/rayanna-carter-1.html,nebraska-omaha,2019-20
5,44,5,2019-11-17,Omaha,,Morgan State,REG (Non-Conf),W 70-64,,35,5,15,.333,0,1,.000,5,14,.357,.333,3,5,.600,0,3,3,5,2,0,4,2,13,5.3,Rayanna Carter,https://www.sports-reference.com/cbb/players/rayanna-carter-1.html,nebraska-omaha,2019-20
6,45,6,2019-11-21,Omaha,@,Northern Kentucky,REG (Non-Conf),L 40-57,,12,0,1,.000,0,0,,0,1,.000,.000,0,0,,0,0,0,0,2,0,5,0,0,-3.7,Rayanna Carter,https://www.sports-reference.com/cbb/players/rayanna-carter-1.html,nebraska-omaha,2019-20
7,46,7,2019-11-29,Omaha,@,VCU,REG (Non-Conf),L 66-74,,8,0,2,.000,0,0,,0,2,.000,.000,0,0,,0,0,0,1,0,0,3,3,0,-4.9,Rayanna Carter,https://www.sports-reference.com/cbb/players/rayanna-carter-1.html,nebraska-omaha,2019-20
8,47,8,2019-11-30,Omaha,@,Mississippi Valley State,REG (Non-Conf),W 78-70,,7,1,3,.333,0,0,,1,3,.333,.333,0,0,,0,1,1,2,0,0,0,0,2,2.0,Rayanna Carter,https://www.sports-reference.com/cbb/players/rayanna-carter-1.html,nebraska-omaha,2019-20
9,48,9,2019-12-04,Omaha,,Kansas City,REG (Non-Conf),W 57-53,,10,1,4,.250,0,0,,1,4,.250,.250,0,0,,0,1,1,1,0,0,0,0,2,0.6,Rayanna Carter,https://www.sports-reference.com/cbb/players/rayanna-carter-1.html,nebraska-omaha,2019-20
10,49,10,2019-12-07,Omaha,@,Eastern Illinois,REG (Non-Conf),L 52-65,,20,3,8,.375,1,2,.500,2,6,.333,.438,2,2,1.000,0,2,2,5,2,0,1,2,9,8.9,Rayanna Carter,https://www.sports-reference.com/cbb/players/rayanna-carter-1.html,nebraska-omaha,2019-20
11,50,11,2019-12-10,Omaha,,Northern Iowa,REG (Non-Conf),L 45-81,,20,4,5,.800,1,1,1.000,3,4,.750,.900,2,2,1.000,2,3,5,1,1,0,6,3,11,5.9,Rayanna Carter,https://www.sports-reference.com/cbb/players/rayanna-carter-1.html,nebraska-omaha,2019-20
12,51,12,2019-12-15,Omaha,,Cleveland State,REG (Non-Conf),L 66-79,,26,1,3,.333,0,0,,1,3,.333,.333,0,0,,0,2,2,5,1,0,1,3,2,3.2,Rayanna Carter,https://www.sports-reference.com/cbb/players/rayanna-carter-1.html,nebraska-omaha,2019-20
13,52,13,2019-12-17,Omaha,,Graceland (IA),REG (Non-Conf),W 85-46,,17,4,7,.571,0,0,,4,7,.571,.571,3,3,1.000,1,1,2,2,1,0,1,1,11,9.7,Rayanna Carter,https://www.sports-reference.com/cbb/players/rayanna-carter-1.html,nebraska-omaha,2019-20
14,53,14,2019-12-29,Omaha,,South Dakota State,REG (Conf),L 51-68,,21,2,5,.400,0,1,.000,2,4,.500,.400,0,0,,0,1,1,3,0,0,0,0,4,3.7,Rayanna Carter,https://www.sports-reference.com/cbb/players/rayanna-carter-1.html,nebraska-omaha,2019-20
15,54,15,2020-01-04,Omaha,,Oral Roberts,REG (Conf),W 60-54,,19,4,5,.800,0,0,,4,5,.800,.800,2,2,1.000,1,0,1,2,2,0,1,0,10,11.2,Rayanna Carter,https://www.sports-reference.com/cbb/players/rayanna-carter-1.html,nebraska-omaha,2019-20
16,55,16,2020-01-09,Omaha,@,North Dakota,REG (Conf),L 57-63,,24,2,6,.333,0,0,,2,6,.333,.333,0,0,,0,1,1,3,0,0,3,4,4,-1.6,Rayanna Carter,https://www.sports-reference.com/cbb/players/rayanna-carter-1.html,nebraska-omaha,2019-20
17,56,17,2020-01-11,Omaha,@,South Dakota,REG (Conf),L 44-77,,16,1,6,.167,0,0,,1,6,.167,.167,0,0,,1,1,2,0,0,0,2,1,2,-3.2,Rayanna Carter,https://www.sports-reference.com/cbb/players/rayanna-carter-1.html,nebraska-omaha,2019-20
18,57,18,2020-01-18,Omaha,@,Denver,REG (Conf),L 60-66,,22,2,10,.200,0,2,.000,2,8,.250,.200,1,2,.500,1,2,3,2,2,0,1,3,5,0.9,Rayanna Carter,https://www.sports-reference.com/cbb/players/rayanna-carter-1.html,nebraska-omaha,2019-20
19,58,19,2020-01-24,Omaha,,Western Illinois,REG (Conf),L 69-83,,27,5,6,.833,1,1,1.000,4,5,.800,.917,0,0,,0,4,4,2,1,0,0,0,11,12.4,Rayanna Carter,https://www.sports-reference.com/cbb/players/rayanna-carter-1.html,nebraska-omaha,2019-20
20,59,20,2020-01-26,Omaha,,Purdue Fort Wayne,REG (Conf),L 57-58,,28,3,10,.300,0,0,,3,10,.300,.300,2,6,.333,0,2,2,2,0,0,2,0,8,0.6,Rayanna Carter,https://www.sports-reference.com/cbb/players/rayanna-carter-1.html,nebraska-omaha,2019-20
21,60,21,2020-01-29,Omaha,,South Dakota,REG (Conf),L 39-71,*,21,3,7,.429,0,0,,3,7,.429,.429,0,0,,0,1,1,0,0,0,1,0,6,1.6,Rayanna Carter,https://www.sports-reference.com/cbb/players/rayanna-carter-1.html,nebraska-omaha,2019-20
22,61,22,2020-02-06,Omaha,,North Dakota State,REG (Conf),L 65-74,*,36,8,11,.727,1,1,1.000,7,10,.700,.773,3,4,.750,0,2,2,3,0,0,2,0,20,15.8,Rayanna Carter,https://www.sports-reference.com/cbb/players/rayanna-carter-1.html,nebraska-omaha,2019-20
23,62,23,2020-02-08,Omaha,@,South Dakota State,REG (Conf),L 59-69,*,33,3,10,.300,0,1,.000,3,9,.333,.300,1,2,.500,0,4,4,7,0,0,5,0,7,1.9,Rayanna Carter,https://www.sports-reference.com/cbb/players/rayanna-carter-1.html,nebraska-omaha,2019-20
24,63,24,2020-02-13,Omaha,@,Oral Roberts,REG (Conf),L 57-84,*,32,4,11,.364,0,0,,4,11,.364,.364,2,3,.667,0,2,2,1,2,0,1,1,10,5.4,Rayanna Carter,https://www.sports-reference.com/cbb/players/rayanna-carter-1.html,nebraska-omaha,2019-20
25,64,25,2020-02-15,Omaha,,Denver,REG (Conf),L 80-86 (OT),*,32,5,8,.625,0,0,,5,8,.625,.625,4,4,1.000,2,4,6,3,1,1,2,3,14,13.6,Rayanna Carter,https://www.sports-reference.com/cbb/players/rayanna-carter-1.html,nebraska-omaha,2019-20
26,65,26,2020-02-20,Omaha,@,Western Illinois,REG (Conf),L 66-79,*,37,9,15,.600,0,0,,9,15,.600,.600,3,3,1.000,2,2,4,3,1,0,1,1,21,17.8,Rayanna Carter,https://www.sports-reference.com/cbb/players/rayanna-carter-1.html,nebraska-omaha,2019-20
27,66,27,2020-02-22,Omaha,@,Purdue Fort Wayne,REG (Conf),W 65-51,*,33,6,12,.500,0,0,,6,12,.500,.500,2,4,.500,1,2,3,6,1,0,2,1,14,11.3,Rayanna Carter,https://www.sports-reference.com/cbb/players/rayanna-carter-1.html,nebraska-omaha,2019-20
28,67,28,2020-02-27,Omaha,,North Dakota,REG (Conf),L 67-71,*,37,4,14,.286,0,0,,4,14,.286,.286,6,8,.750,4,0,4,2,1,1,1,4,14,8.3,Rayanna Carter,https://www.sports-reference.com/cbb/players/rayanna-carter-1.html,nebraska-omaha,2019-20
29,68,29,2020-02-29,Omaha,@,North Dakota State,REG (Conf),L 64-67,*,20,3,8,.375,0,1,.000,3,7,.429,.375,0,0,,0,0,0,0,0,1,1,3,6,0.1,Rayanna Carter,https://www.sports-reference.com/cbb/players/rayanna-carter-1.html,nebraska-omaha,2019-20
30,69,30,2020-03-07,Omaha,@,South Dakota,CTOURN,L 40-99,*,28,2,13,.154,0,0,,2,13,.154,.154,1,2,.500,0,3,3,1,0,0,5,2,5,-7.9,Rayanna Carter,https://www.sports-reference.com/cbb/players/rayanna-carter-1.html,nebraska-omaha,2019-20
