ranker,player_game_num_career,team_game_num_season,date,team_name_abbr,game_location,opp_name_abbr,game_type,game_result,is_starter,mp,fg,fga,fg_pct,fg3,fg3a,fg3_pct,fg2,fg2a,fg2_pct,efg_pct,ft,fta,ft_pct,orb,drb,trb,ast,stl,blk,tov,pf,pts,game_score,player_name,player_sr_link,school,season
1,1,2,2019-11-08,Omaha,@,Kansas State,REG (Non-Conf),L 48-73,,4,0,0,,0,0,,0,0,,,0,0,,0,1,1,1,0,0,0,0,0,1.0,Sarah Schmitt,https://www.sports-reference.com/cbb/players/sarah-schmitt-1.html,nebraska-omaha,2019-20
2,2,3,2019-11-11,Omaha,,Peru St.,REG (Non-Conf),W 92-58,,10,1,3,.333,0,0,,1,3,.333,.333,1,1,1.000,0,1,1,0,1,0,0,0,3,2.6,Sarah Schmitt,https://www.sports-reference.com/cbb/players/sarah-schmitt-1.html,nebraska-omaha,2019-20
3,3,6,2019-11-21,Omaha,@,Northern Kentucky,REG (Non-Conf),L 40-57,,16,1,4,.250,0,1,.000,1,3,.333,.250,0,0,,0,2,2,2,1,0,2,0,2,0.6,Sarah Schmitt,https://www.sports-reference.com/cbb/players/sarah-schmitt-1.html,nebraska-omaha,2019-20
4,4,7,2019-11-29,Omaha,@,VCU,REG (Non-Conf),L 66-74,,1,0,0,,0,0,,0,0,,,0,0,,0,0,0,0,1,0,1,0,0,0.0,Sarah Schmitt,https://www.sports-reference.com/cbb/players/sarah-schmitt-1.html,nebraska-omaha,2019-20
5,5,9,2019-12-04,Omaha,,Kansas City,REG (Non-Conf),W 57-53,,5,0,1,.000,0,1,.000,0,0,,.000,0,0,,0,1,1,0,0,0,1,1,0,-1.8,Sarah Schmitt,https://www.sports-reference.com/cbb/players/sarah-schmitt-1.html,nebraska-omaha,2019-20
6,6,10,2019-12-07,Omaha,@,Eastern Illinois,REG (Non-Conf),L 52-65,,2,0,0,,0,0,,0,0,,,0,0,,0,0,0,0,0,0,1,0,0,-1.0,Sarah Schmitt,https://www.sports-reference.com/cbb/players/sarah-schmitt-1.html,nebraska-omaha,2019-20
7,7,11,2019-12-10,Omaha,,Northern Iowa,REG (Non-Conf),L 45-81,,6,0,1,.000,0,0,,0,1,.000,.000,0,0,,0,0,0,0,0,0,0,0,0,-0.7,Sarah Schmitt,https://www.sports-reference.com/cbb/players/sarah-schmitt-1.html,nebraska-omaha,2019-20
8,8,12,2019-12-15,Omaha,,Cleveland State,REG (Non-Conf),L 66-79,,1,0,0,,0,0,,0,0,,,0,0,,0,1,1,0,0,0,1,0,0,-0.7,Sarah Schmitt,https://www.sports-reference.com/cbb/players/sarah-schmitt-1.html,nebraska-omaha,2019-20
9,9,13,2019-12-17,Omaha,,Graceland (IA),REG (Non-Conf),W 85-46,,12,0,2,.000,0,2,.000,0,0,,.000,4,4,1.000,0,1,1,4,1,0,0,1,4,6.3,Sarah Schmitt,https://www.sports-reference.com/cbb/players/sarah-schmitt-1.html,nebraska-omaha,2019-20
10,10,16,2020-01-09,Omaha,@,North Dakota,REG (Conf),L 57-63,,2,0,1,.000,0,0,,0,1,.000,.000,0,0,,0,0,0,0,0,0,0,0,0,-0.7,Sarah Schmitt,https://www.sports-reference.com/cbb/players/sarah-schmitt-1.html,nebraska-omaha,2019-20
11,11,17,2020-01-11,Omaha,@,South Dakota,REG (Conf),L 44-77,,2,0,0,,0,0,,0,0,,,0,0,,0,0,0,0,0,0,0,1,0,-0.4,Sarah Schmitt,https://www.sports-reference.com/cbb/players/sarah-schmitt-1.html,nebraska-omaha,2019-20
12,12,21,2020-01-29,Omaha,,South Dakota,REG (Conf),L 39-71,,6,0,0,,0,0,,0,0,,,0,0,,0,1,1,0,0,0,1,0,0,-0.7,Sarah Schmitt,https://www.sports-reference.com/cbb/players/sarah-schmitt-1.html,nebraska-omaha,2019-20
13,13,23,2020-02-08,Omaha,@,South Dakota State,REG (Conf),L 59-69,,4,0,0,,0,0,,0,0,,,0,0,,0,2,2,1,0,0,0,0,0,1.3,Sarah Schmitt,https://www.sports-reference.com/cbb/players/sarah-schmitt-1.html,nebraska-omaha,2019-20
14,14,24,2020-02-13,Omaha,@,Oral Roberts,REG (Conf),L 57-84,,1,0,2,.000,0,2,.000,0,0,,.000,0,0,,0,0,0,0,0,0,0,0,0,-1.4,Sarah Schmitt,https://www.sports-reference.com/cbb/players/sarah-schmitt-1.html,nebraska-omaha,2019-20
15,15,26,2020-02-20,Omaha,@,Western Illinois,REG (Conf),L 66-79,,2,0,0,,0,0,,0,0,,,0,0,,0,0,0,1,0,0,1,0,0,-0.3,Sarah Schmitt,https://www.sports-reference.com/cbb/players/sarah-schmitt-1.html,nebraska-omaha,2019-20
16,16,30,2020-03-07,Omaha,@,South Dakota,CTOURN,L 40-99,,10,0,1,.000,0,1,.000,0,0,,.000,0,0,,0,0,0,0,0,0,3,0,0,-3.7,Sarah Schmitt,https://www.sports-reference.com/cbb/players/sarah-schmitt-1.html,nebraska-omaha,2019-20
