ranker,player_game_num_career,team_game_num_season,date,team_name_abbr,game_location,opp_name_abbr,game_type,game_result,is_starter,mp,fg,fga,fg_pct,fg3,fg3a,fg3_pct,fg2,fg2a,fg2_pct,efg_pct,ft,fta,ft_pct,orb,drb,trb,ast,stl,blk,tov,pf,pts,game_score,player_name,player_sr_link,school,season
1,30,1,2019-11-05,Omaha,,Creighton,REG (Non-Conf),L 54-67,,20,0,2,.000,0,0,,0,2,.000,.000,0,0,,0,3,3,1,1,0,0,0,0,1.2,Sophie Johnston,https://www.sports-reference.com/cbb/players/sophie-johnston-1.html,nebraska-omaha,2019-20
2,31,2,2019-11-08,Omaha,@,Kansas State,REG (Non-Conf),L 48-73,,14,1,4,.250,0,2,.000,1,2,.500,.250,0,0,,1,2,3,0,1,0,0,0,2,1.9,Sophie Johnston,https://www.sports-reference.com/cbb/players/sophie-johnston-1.html,nebraska-omaha,2019-20
3,32,3,2019-11-11,Omaha,,Peru St.,REG (Non-Conf),W 92-58,,22,4,8,.500,1,4,.250,3,4,.750,.563,0,0,,0,4,4,2,1,0,3,2,9,4.8,Sophie Johnston,https://www.sports-reference.com/cbb/players/sophie-johnston-1.html,nebraska-omaha,2019-20
4,33,4,2019-11-13,Omaha,@,Kansas,REG (Non-Conf),L 48-63,,17,0,0,,0,0,,0,0,,,0,0,,0,0,0,2,0,0,1,1,0,0.0,Sophie Johnston,https://www.sports-reference.com/cbb/players/sophie-johnston-1.html,nebraska-omaha,2019-20
5,34,5,2019-11-17,Omaha,,Morgan State,REG (Non-Conf),W 70-64,,13,1,2,.500,1,1,1.000,0,1,.000,.750,0,0,,0,1,1,2,0,0,0,0,3,3.7,Sophie Johnston,https://www.sports-reference.com/cbb/players/sophie-johnston-1.html,nebraska-omaha,2019-20
6,35,6,2019-11-21,Omaha,@,Northern Kentucky,REG (Non-Conf),L 40-57,,13,0,2,.000,0,1,.000,0,1,.000,.000,0,0,,0,2,2,3,0,0,3,1,0,-2.1,Sophie Johnston,https://www.sports-reference.com/cbb/players/sophie-johnston-1.html,nebraska-omaha,2019-20
7,36,7,2019-11-29,Omaha,@,VCU,REG (Non-Conf),L 66-74,,18,0,4,.000,0,2,.000,0,2,.000,.000,0,0,,1,0,1,3,0,0,1,1,0,-1.4,Sophie Johnston,https://www.sports-reference.com/cbb/players/sophie-johnston-1.html,nebraska-omaha,2019-20
8,37,8,2019-11-30,Omaha,@,Mississippi Valley State,REG (Non-Conf),W 78-70,,6,1,2,.500,1,2,.500,0,0,,.750,0,0,,0,0,0,0,0,0,1,2,3,0.2,Sophie Johnston,https://www.sports-reference.com/cbb/players/sophie-johnston-1.html,nebraska-omaha,2019-20
9,38,9,2019-12-04,Omaha,,Kansas City,REG (Non-Conf),W 57-53,,3,0,1,.000,0,0,,0,1,.000,.000,0,0,,0,0,0,0,0,0,0,1,0,-1.1,Sophie Johnston,https://www.sports-reference.com/cbb/players/sophie-johnston-1.html,nebraska-omaha,2019-20
10,39,10,2019-12-07,Omaha,@,Eastern Illinois,REG (Non-Conf),L 52-65,,11,1,2,.500,0,0,,1,2,.500,.500,2,4,.500,0,1,1,0,0,0,0,0,4,2.5,Sophie Johnston,https://www.sports-reference.com/cbb/players/sophie-johnston-1.html,nebraska-omaha,2019-20
11,40,11,2019-12-10,Omaha,,Northern Iowa,REG (Non-Conf),L 45-81,,20,1,4,.250,0,3,.000,1,1,1.000,.250,0,0,,0,1,1,2,1,0,1,0,2,1.3,Sophie Johnston,https://www.sports-reference.com/cbb/players/sophie-johnston-1.html,nebraska-omaha,2019-20
12,41,12,2019-12-15,Omaha,,Cleveland State,REG (Non-Conf),L 66-79,,5,0,1,.000,0,1,.000,0,0,,.000,0,0,,0,0,0,0,0,0,0,0,0,-0.7,Sophie Johnston,https://www.sports-reference.com/cbb/players/sophie-johnston-1.html,nebraska-omaha,2019-20
13,42,13,2019-12-17,Omaha,,Graceland (IA),REG (Non-Conf),W 85-46,,17,1,4,.250,0,2,.000,1,2,.500,.250,0,0,,2,0,2,0,1,0,1,1,2,0.6,Sophie Johnston,https://www.sports-reference.com/cbb/players/sophie-johnston-1.html,nebraska-omaha,2019-20
14,43,14,2019-12-29,Omaha,,South Dakota State,REG (Conf),L 51-68,,12,1,1,1.000,0,0,,1,1,1.000,1.000,0,0,,0,0,0,0,0,0,2,0,2,-0.3,Sophie Johnston,https://www.sports-reference.com/cbb/players/sophie-johnston-1.html,nebraska-omaha,2019-20
15,44,15,2020-01-04,Omaha,,Oral Roberts,REG (Conf),W 60-54,,8,1,1,1.000,0,0,,1,1,1.000,1.000,0,0,,0,1,1,0,0,0,0,2,2,1.2,Sophie Johnston,https://www.sports-reference.com/cbb/players/sophie-johnston-1.html,nebraska-omaha,2019-20
16,45,16,2020-01-09,Omaha,@,North Dakota,REG (Conf),L 57-63,,20,1,4,.250,0,2,.000,1,2,.500,.250,0,0,,0,1,1,4,2,0,2,1,2,2.3,Sophie Johnston,https://www.sports-reference.com/cbb/players/sophie-johnston-1.html,nebraska-omaha,2019-20
17,46,17,2020-01-11,Omaha,@,South Dakota,REG (Conf),L 44-77,,19,0,2,.000,0,1,.000,0,1,.000,.000,2,2,1.000,0,5,5,0,0,0,3,3,2,-2.1,Sophie Johnston,https://www.sports-reference.com/cbb/players/sophie-johnston-1.html,nebraska-omaha,2019-20
18,47,18,2020-01-18,Omaha,@,Denver,REG (Conf),L 60-66,,16,1,4,.250,0,1,.000,1,3,.333,.250,2,2,1.000,1,4,5,2,0,0,2,2,4,2.1,Sophie Johnston,https://www.sports-reference.com/cbb/players/sophie-johnston-1.html,nebraska-omaha,2019-20
19,48,19,2020-01-24,Omaha,,Western Illinois,REG (Conf),L 69-83,,21,3,7,.429,0,1,.000,3,6,.500,.429,0,0,,0,3,3,0,0,0,2,1,6,0.8,Sophie Johnston,https://www.sports-reference.com/cbb/players/sophie-johnston-1.html,nebraska-omaha,2019-20
20,49,20,2020-01-26,Omaha,,Purdue Fort Wayne,REG (Conf),L 57-58,,18,1,2,.500,0,0,,1,2,.500,.500,0,0,,1,1,2,0,1,0,1,0,2,2.0,Sophie Johnston,https://www.sports-reference.com/cbb/players/sophie-johnston-1.html,nebraska-omaha,2019-20
21,50,21,2020-01-29,Omaha,,South Dakota,REG (Conf),L 39-71,,16,1,2,.500,0,1,.000,1,1,1.000,.500,0,0,,1,1,2,0,1,0,3,2,2,-0.8,Sophie Johnston,https://www.sports-reference.com/cbb/players/sophie-johnston-1.html,nebraska-omaha,2019-20
22,51,22,2020-02-06,Omaha,,North Dakota State,REG (Conf),L 65-74,,18,1,2,.500,0,0,,1,2,.500,.500,0,0,,1,0,1,1,0,1,2,3,2,-0.1,Sophie Johnston,https://www.sports-reference.com/cbb/players/sophie-johnston-1.html,nebraska-omaha,2019-20
23,52,23,2020-02-08,Omaha,@,South Dakota State,REG (Conf),L 59-69,,19,1,3,.333,0,1,.000,1,2,.500,.333,0,0,,0,1,1,2,0,0,0,0,2,2.0,Sophie Johnston,https://www.sports-reference.com/cbb/players/sophie-johnston-1.html,nebraska-omaha,2019-20
24,53,24,2020-02-13,Omaha,@,Oral Roberts,REG (Conf),L 57-84,,8,0,0,,0,0,,0,0,,,0,0,,0,0,0,0,0,0,2,1,0,-2.4,Sophie Johnston,https://www.sports-reference.com/cbb/players/sophie-johnston-1.html,nebraska-omaha,2019-20
25,54,25,2020-02-15,Omaha,,Denver,REG (Conf),L 80-86 (OT),,17,0,3,.000,0,2,.000,0,1,.000,.000,0,0,,0,1,1,1,0,0,0,0,0,-1.1,Sophie Johnston,https://www.sports-reference.com/cbb/players/sophie-johnston-1.html,nebraska-omaha,2019-20
26,55,26,2020-02-20,Omaha,@,Western Illinois,REG (Conf),L 66-79,,17,1,3,.333,0,1,.000,1,2,.500,.333,3,4,.750,2,2,4,1,0,0,1,4,5,3.0,Sophie Johnston,https://www.sports-reference.com/cbb/players/sophie-johnston-1.html,nebraska-omaha,2019-20
27,56,27,2020-02-22,Omaha,@,Purdue Fort Wayne,REG (Conf),W 65-51,,23,1,2,.500,0,1,.000,1,1,1.000,.500,0,0,,0,1,1,1,2,0,1,1,2,2.6,Sophie Johnston,https://www.sports-reference.com/cbb/players/sophie-johnston-1.html,nebraska-omaha,2019-20
28,57,28,2020-02-27,Omaha,,North Dakota,REG (Conf),L 67-71,,14,1,2,.500,0,1,.000,1,1,1.000,.500,0,0,,0,0,0,0,0,0,1,3,2,-1.2,Sophie Johnston,https://www.sports-reference.com/cbb/players/sophie-johnston-1.html,nebraska-omaha,2019-20
29,58,29,2020-02-29,Omaha,@,North Dakota State,REG (Conf),L 64-67,,14,0,0,,0,0,,0,0,,,0,0,,0,1,1,0,0,0,0,1,0,-0.1,Sophie Johnston,https://www.sports-reference.com/cbb/players/sophie-johnston-1.html,nebraska-omaha,2019-20
30,59,30,2020-03-07,Omaha,@,South Dakota,CTOURN,L 40-99,,24,3,5,.600,0,1,.000,3,4,.750,.600,0,0,,0,2,2,1,0,0,0,0,6,5.0,Sophie Johnston,https://www.sports-reference.com/cbb/players/sophie-johnston-1.html,nebraska-omaha,2019-20
