ranker,player_game_num_career,team_game_num_season,date,team_name_abbr,game_location,opp_name_abbr,game_type,game_result,is_starter,mp,fg,fga,fg_pct,fg3,fg3a,fg3_pct,fg2,fg2a,fg2_pct,efg_pct,ft,fta,ft_pct,orb,drb,trb,ast,stl,blk,tov,pf,pts,game_score,player_name,player_sr_link,school,season
1,61,1,2024-11-04,Princeton,@,Duquesne,REG (Non-Conf),L 66-76,*,39,7,23,.304,3,9,.333,4,14,.286,.370,5,5,1.000,6,6,12,2,2,0,2,1,22,15.7,Madison St. Rose,https://www.sports-reference.com/cbb/players/madison-st-rose-1.html,princeton,2024-25
2,62,2,2024-11-09,Princeton,@,DePaul,REG (Non-Conf),W 79-58,*,30,10,17,.588,2,4,.500,8,13,.615,.647,2,2,1.000,4,2,6,1,2,0,2,2,24,19.4,Madison St. Rose,https://www.sports-reference.com/cbb/players/madison-st-rose-1.html,princeton,2024-25
3,63,3,2024-11-13,Princeton,,Villanova,REG (Non-Conf),W 70-61,*,37,3,10,.300,0,1,.000,3,9,.333,.300,7,7,1.000,1,6,7,1,1,0,1,2,13,9.6,Madison St. Rose,https://www.sports-reference.com/cbb/players/madison-st-rose-1.html,princeton,2024-25
4,64,4,2024-11-16,Princeton,@,Quinnipiac,REG (Non-Conf),L 66-74,*,23,2,7,.286,0,4,.000,2,3,.667,.286,5,6,.833,1,3,4,1,2,0,6,3,9,1.6,Madison St. Rose,https://www.sports-reference.com/cbb/players/madison-st-rose-1.html,princeton,2024-25
