ranker,player_game_num_career,team_game_num_season,date,team_name_abbr,game_location,opp_name_abbr,game_type,game_result,is_starter,mp,fg,fga,fg_pct,fg3,fg3a,fg3_pct,fg2,fg2a,fg2_pct,efg_pct,ft,fta,orb,drb,trb,ast,stl,blk,tov,pf,pts,game_score,player_name,player_sr_link,school,season
1,1,1,2022-11-07,Georgetown,,Salem Int'l,REG (Non-Conf),W 77-46,,13,1,4,.250,0,2,.000,1,2,.500,.250,0,0,0,2,2,0,0,0,0,1,2,-0.2,Modesti McConnell,https://www.sports-reference.com/cbb/players/modesti-mcconnell-1.html,georgetown,2022-23
2,2,2,2022-11-12,Georgetown,@,Temple,REG (Non-Conf),L 61-78,,10,0,0,,0,0,,0,0,,,0,0,0,0,0,0,0,0,0,2,0,-0.8,Modesti McConnell,https://www.sports-reference.com/cbb/players/modesti-mcconnell-1.html,georgetown,2022-23
3,3,3,2022-11-16,Georgetown,@,Coppin State,REG (Non-Conf),W 50-35,,9,0,1,.000,0,1,.000,0,0,,.000,0,0,0,0,0,0,2,0,0,0,0,1.3,Modesti McConnell,https://www.sports-reference.com/cbb/players/modesti-mcconnell-1.html,georgetown,2022-23
4,4,4,2022-11-18,Georgetown,,Cal State Fullerton,REG (Non-Conf),W 63-42,,21,2,8,.250,1,7,.143,1,1,1.000,.313,0,0,0,2,2,1,0,0,0,1,5,1.1,Modesti McConnell,https://www.sports-reference.com/cbb/players/modesti-mcconnell-1.html,georgetown,2022-23
5,5,5,2022-11-25,Georgetown,N,Mississippi State,REG (Non-Conf),L 32-67,,6,0,1,.000,0,0,,0,1,.000,.000,0,0,0,1,1,0,0,0,0,0,0,-0.4,Modesti McConnell,https://www.sports-reference.com/cbb/players/modesti-mcconnell-1.html,georgetown,2022-23
6,6,6,2022-11-26,Georgetown,N,High Point,REG (Non-Conf),W 67-60,,19,5,6,.833,2,3,.667,3,3,1.000,1.000,0,0,0,1,1,2,2,0,1,3,12,11.3,Modesti McConnell,https://www.sports-reference.com/cbb/players/modesti-mcconnell-1.html,georgetown,2022-23
7,7,7,2022-12-02,Georgetown,,Marquette,REG (Conf),L 57-78,,10,0,0,,0,0,,0,0,,,0,0,0,1,1,0,0,0,0,0,0,0.3,Modesti McConnell,https://www.sports-reference.com/cbb/players/modesti-mcconnell-1.html,georgetown,2022-23
8,8,8,2022-12-04,Georgetown,,Xavier,REG (Conf),W 74-52,,9,0,2,.000,0,1,.000,0,1,.000,.000,0,0,0,0,0,1,1,0,0,1,0,-0.1,Modesti McConnell,https://www.sports-reference.com/cbb/players/modesti-mcconnell-1.html,georgetown,2022-23
9,9,9,2022-12-09,Georgetown,@,Fairleigh Dickinson,REG (Non-Conf),W 74-60,,12,2,2,1.000,1,1,1.000,1,1,1.000,1.250,0,0,0,0,0,0,0,0,0,0,5,4.4,Modesti McConnell,https://www.sports-reference.com/cbb/players/modesti-mcconnell-1.html,georgetown,2022-23
10,10,10,2022-12-11,Georgetown,,Navy,REG (Non-Conf),W 74-47,,5,0,0,,0,0,,0,0,,,0,0,0,0,0,0,0,0,0,1,0,-0.4,Modesti McConnell,https://www.sports-reference.com/cbb/players/modesti-mcconnell-1.html,georgetown,2022-23
11,11,11,2022-12-18,Georgetown,@,DePaul,REG (Conf),L 71-80,,6,0,2,.000,0,2,.000,0,0,,.000,0,0,0,0,0,1,0,0,0,1,0,-1.1,Modesti McConnell,https://www.sports-reference.com/cbb/players/modesti-mcconnell-1.html,georgetown,2022-23
12,12,12,2022-12-21,Georgetown,,North Texas,REG (Non-Conf),W 69-44,*,8,1,2,.500,1,2,.500,0,0,,.750,0,0,0,0,0,0,0,0,0,0,3,2.0,Modesti McConnell,https://www.sports-reference.com/cbb/players/modesti-mcconnell-1.html,georgetown,2022-23
13,13,13,2022-12-28,Georgetown,@,Seton Hall,REG (Conf),L 62-72,,1,0,0,,0,0,,0,0,,,0,0,0,0,0,0,0,0,0,0,0,0.0,Modesti McConnell,https://www.sports-reference.com/cbb/players/modesti-mcconnell-1.html,georgetown,2022-23
14,14,14,2022-12-31,Georgetown,,St. John's (NY),REG (Conf),L 48-68,,2,0,0,,0,0,,0,0,,,0,0,0,0,0,0,0,0,0,0,0,0.0,Modesti McConnell,https://www.sports-reference.com/cbb/players/modesti-mcconnell-1.html,georgetown,2022-23
15,15,15,2023-01-04,Georgetown,@,Villanova,REG (Conf),L 64-71,,0,0,0,,0,0,,0,0,,,0,0,0,0,0,0,0,0,0,0,0,0.0,Modesti McConnell,https://www.sports-reference.com/cbb/players/modesti-mcconnell-1.html,georgetown,2022-23
16,16,16,2023-01-11,Georgetown,,Butler,REG (Conf),L 48-72,,9,0,2,.000,0,2,.000,0,0,,.000,0,0,0,1,1,0,0,0,0,0,0,-1.1,Modesti McConnell,https://www.sports-reference.com/cbb/players/modesti-mcconnell-1.html,georgetown,2022-23
17,17,19,2023-01-21,Georgetown,@,Providence,REG (Conf),W 61-51,,2,0,0,,0,0,,0,0,,,0,0,0,0,0,0,0,0,0,1,0,-0.4,Modesti McConnell,https://www.sports-reference.com/cbb/players/modesti-mcconnell-1.html,georgetown,2022-23
18,18,20,2023-01-25,Georgetown,,Seton Hall,REG (Conf),W 74-66,,4,1,1,1.000,1,1,1.000,0,0,,1.500,0,0,0,0,0,0,0,0,0,0,3,2.7,Modesti McConnell,https://www.sports-reference.com/cbb/players/modesti-mcconnell-1.html,georgetown,2022-23
19,19,21,2023-01-28,Georgetown,,Creighton,REG (Conf),L 57-65,,9,0,0,,0,0,,0,0,,,0,0,0,1,1,0,0,0,0,0,0,0.3,Modesti McConnell,https://www.sports-reference.com/cbb/players/modesti-mcconnell-1.html,georgetown,2022-23
20,20,22,2023-01-31,Georgetown,@,Xavier,REG (Conf),W 44-41,,8,1,3,.333,1,2,.500,0,1,.000,.500,0,0,0,0,0,0,0,0,0,2,3,0.5,Modesti McConnell,https://www.sports-reference.com/cbb/players/modesti-mcconnell-1.html,georgetown,2022-23
21,21,23,2023-02-04,Georgetown,@,Marquette,REG (Conf),L 49-66,,1,0,0,,0,0,,0,0,,,0,0,0,0,0,0,0,0,0,0,0,0.0,Modesti McConnell,https://www.sports-reference.com/cbb/players/modesti-mcconnell-1.html,georgetown,2022-23
22,22,24,2023-02-08,Georgetown,,Villanova,REG (Conf),L 53-82,,2,0,0,,0,0,,0,0,,,0,0,0,0,0,0,0,0,0,0,0,0.0,Modesti McConnell,https://www.sports-reference.com/cbb/players/modesti-mcconnell-1.html,georgetown,2022-23
23,23,26,2023-02-15,Georgetown,@,Butler,REG (Conf),L 56-58,,1,0,0,,0,0,,0,0,,,0,0,0,0,0,0,0,0,0,0,0,0.0,Modesti McConnell,https://www.sports-reference.com/cbb/players/modesti-mcconnell-1.html,georgetown,2022-23
24,24,27,2023-02-18,Georgetown,@,Creighton,REG (Conf),L 34-75,,18,0,5,.000,0,4,.000,0,1,.000,.000,0,0,0,1,1,0,0,0,0,0,0,-3.2,Modesti McConnell,https://www.sports-reference.com/cbb/players/modesti-mcconnell-1.html,georgetown,2022-23
25,25,28,2023-02-21,Georgetown,,Providence,REG (Conf),W 73-69,,6,0,1,.000,0,1,.000,0,0,,.000,0,0,0,0,0,1,0,0,0,0,0,0.0,Modesti McConnell,https://www.sports-reference.com/cbb/players/modesti-mcconnell-1.html,georgetown,2022-23
26,26,29,2023-02-24,Georgetown,@,St. John's (NY),REG (Conf),L 53-61,,11,0,1,.000,0,1,.000,0,0,,.000,0,0,0,0,0,0,0,0,0,0,0,-0.7,Modesti McConnell,https://www.sports-reference.com/cbb/players/modesti-mcconnell-1.html,georgetown,2022-23
27,27,30,2023-03-03,Georgetown,N,Butler,CTOURN,W 53-46,,2,0,0,,0,0,,0,0,,,0,0,0,0,0,0,0,0,0,0,0,0.0,Modesti McConnell,https://www.sports-reference.com/cbb/players/modesti-mcconnell-1.html,georgetown,2022-23
28,28,31,2023-03-04,Georgetown,N,Connecticut,CTOURN,L 39-69,,3,0,1,.000,0,1,.000,0,0,,.000,0,0,0,1,1,0,0,0,1,0,0,-1.4,Modesti McConnell,https://www.sports-reference.com/cbb/players/modesti-mcconnell-1.html,georgetown,2022-23
