ranker,player_game_num_career,team_game_num_season,date,team_name_abbr,game_location,opp_name_abbr,game_type,game_result,is_starter,mp,fg,fga,fg_pct,fg3,fg3a,fg3_pct,fg2,fg2a,fg2_pct,efg_pct,ft,fta,ft_pct,orb,drb,trb,ast,stl,blk,tov,pf,pts,game_score,player_name,player_sr_link,school,season
1,1,1,2022-11-07,Georgetown,,Salem Int'l,REG (Non-Conf),W 77-46,,6,1,1,1.000,0,0,,1,1,1.000,1.000,0,0,,0,1,1,2,1,0,0,1,2,4.0,Victoria Rivera,https://www.sports-reference.com/cbb/players/victoria-rivera-1.html,georgetown,2022-23
2,2,3,2022-11-16,Georgetown,@,Coppin State,REG (Non-Conf),W 50-35,,2,0,0,,0,0,,0,0,,,0,0,,1,0,1,1,0,0,0,0,0,1.4,Victoria Rivera,https://www.sports-reference.com/cbb/players/victoria-rivera-1.html,georgetown,2022-23
3,3,4,2022-11-18,Georgetown,,Cal State Fullerton,REG (Non-Conf),W 63-42,,2,0,0,,0,0,,0,0,,,0,0,,0,0,0,0,0,0,0,0,0,0.0,Victoria Rivera,https://www.sports-reference.com/cbb/players/victoria-rivera-1.html,georgetown,2022-23
4,4,5,2022-11-25,Georgetown,N,Mississippi State,REG (Non-Conf),L 32-67,,5,0,3,.000,0,1,.000,0,2,.000,.000,0,0,,0,0,0,0,0,0,1,0,0,-3.1,Victoria Rivera,https://www.sports-reference.com/cbb/players/victoria-rivera-1.html,georgetown,2022-23
5,5,7,2022-12-02,Georgetown,,Marquette,REG (Conf),L 57-78,,2,0,0,,0,0,,0,0,,,0,0,,0,0,0,0,0,0,1,0,0,-1.0,Victoria Rivera,https://www.sports-reference.com/cbb/players/victoria-rivera-1.html,georgetown,2022-23
6,6,8,2022-12-04,Georgetown,,Xavier,REG (Conf),W 74-52,,3,0,0,,0,0,,0,0,,,0,0,,0,0,0,1,0,0,0,1,0,0.3,Victoria Rivera,https://www.sports-reference.com/cbb/players/victoria-rivera-1.html,georgetown,2022-23
7,7,9,2022-12-09,Georgetown,@,Fairleigh Dickinson,REG (Non-Conf),W 74-60,,2,0,1,.000,0,1,.000,0,0,,.000,0,0,,0,0,0,0,0,0,0,0,0,-0.7,Victoria Rivera,https://www.sports-reference.com/cbb/players/victoria-rivera-1.html,georgetown,2022-23
8,8,10,2022-12-11,Georgetown,,Navy,REG (Non-Conf),W 74-47,,5,0,1,.000,0,0,,0,1,.000,.000,0,0,,0,0,0,0,0,0,2,1,0,-3.1,Victoria Rivera,https://www.sports-reference.com/cbb/players/victoria-rivera-1.html,georgetown,2022-23
9,9,12,2022-12-21,Georgetown,,North Texas,REG (Non-Conf),W 69-44,,9,2,3,.667,2,3,.667,0,0,,1.000,0,0,,0,2,2,0,0,0,0,2,6,4.5,Victoria Rivera,https://www.sports-reference.com/cbb/players/victoria-rivera-1.html,georgetown,2022-23
10,10,14,2022-12-31,Georgetown,,St. John's (NY),REG (Conf),L 48-68,,11,1,3,.333,0,2,.000,1,1,1.000,.333,0,0,,1,1,2,1,1,0,0,0,2,3.0,Victoria Rivera,https://www.sports-reference.com/cbb/players/victoria-rivera-1.html,georgetown,2022-23
11,11,16,2023-01-11,Georgetown,,Butler,REG (Conf),L 48-72,,4,0,1,.000,0,1,.000,0,0,,.000,0,0,,0,0,0,0,0,0,1,0,0,-1.7,Victoria Rivera,https://www.sports-reference.com/cbb/players/victoria-rivera-1.html,georgetown,2022-23
12,12,17,2023-01-15,Georgetown,@,Connecticut,REG (Conf),L 50-65,,8,1,3,.333,1,2,.500,0,1,.000,.500,0,0,,0,1,1,0,0,0,1,1,3,0.2,Victoria Rivera,https://www.sports-reference.com/cbb/players/victoria-rivera-1.html,georgetown,2022-23
13,13,18,2023-01-18,Georgetown,,DePaul,REG (Conf),W 87-73,,3,0,0,,0,0,,0,0,,,0,0,,0,0,0,0,0,0,1,0,0,-1.0,Victoria Rivera,https://www.sports-reference.com/cbb/players/victoria-rivera-1.html,georgetown,2022-23
14,14,19,2023-01-21,Georgetown,@,Providence,REG (Conf),W 61-51,,5,0,3,.000,0,2,.000,0,1,.000,.000,0,0,,0,0,0,0,0,0,0,0,0,-2.1,Victoria Rivera,https://www.sports-reference.com/cbb/players/victoria-rivera-1.html,georgetown,2022-23
15,15,23,2023-02-04,Georgetown,@,Marquette,REG (Conf),L 49-66,,13,2,4,.500,1,2,.500,1,2,.500,.625,0,0,,0,1,1,1,0,0,0,1,5,3.6,Victoria Rivera,https://www.sports-reference.com/cbb/players/victoria-rivera-1.html,georgetown,2022-23
16,16,24,2023-02-08,Georgetown,,Villanova,REG (Conf),L 53-82,,16,0,3,.000,0,3,.000,0,0,,.000,0,0,,0,1,1,1,0,0,0,0,0,-1.1,Victoria Rivera,https://www.sports-reference.com/cbb/players/victoria-rivera-1.html,georgetown,2022-23
17,17,26,2023-02-15,Georgetown,@,Butler,REG (Conf),L 56-58,,23,4,6,.667,2,3,.667,2,3,.667,.833,0,0,,1,2,3,1,1,0,2,2,10,7.6,Victoria Rivera,https://www.sports-reference.com/cbb/players/victoria-rivera-1.html,georgetown,2022-23
18,18,30,2023-03-03,Georgetown,N,Butler,CTOURN,W 53-46,,8,0,2,.000,0,0,,0,2,.000,.000,0,2,.000,0,0,0,0,0,0,1,0,0,-3.2,Victoria Rivera,https://www.sports-reference.com/cbb/players/victoria-rivera-1.html,georgetown,2022-23
19,19,31,2023-03-04,Georgetown,N,Connecticut,CTOURN,L 39-69,,18,1,6,.167,1,6,.167,0,0,,.250,0,0,,0,0,0,0,1,0,0,0,3,0.2,Victoria Rivera,https://www.sports-reference.com/cbb/players/victoria-rivera-1.html,georgetown,2022-23
