ranker,player_game_num_career,team_game_num_season,date,team_name_abbr,game_location,opp_name_abbr,game_type,game_result,is_starter,mp,fg,fga,fg_pct,fg3,fg3a,fg2,fg2a,fg2_pct,efg_pct,ft,fta,ft_pct,orb,drb,trb,ast,stl,blk,tov,pf,pts,game_score,player_name,player_sr_link,school,season
1,39,1,2018-11-07,College of Charleston,,North Greenville,REG (Non-Conf),W 95-62,*,16,1,2,.500,0,0,1,2,.500,.500,0,0,,1,3,4,0,0,1,0,4,2,1.7,Baileigh Larson,https://www.sports-reference.com/cbb/players/baileigh-larson-1.html,college-of-charleston,2018-19
2,40,2,2018-11-10,College of Charleston,,South Carolina State,REG (Non-Conf),W 75-51,*,6,1,2,.500,0,0,1,2,.500,.500,0,0,,0,2,2,0,0,0,1,5,2,-1.4,Baileigh Larson,https://www.sports-reference.com/cbb/players/baileigh-larson-1.html,college-of-charleston,2018-19
3,41,3,2018-11-15,College of Charleston,@,Campbell,REG (Non-Conf),L 65-66,*,10,1,1,1.000,0,0,1,1,1.000,1.000,0,0,,0,2,2,0,0,1,2,4,2,-0.6,Baileigh Larson,https://www.sports-reference.com/cbb/players/baileigh-larson-1.html,college-of-charleston,2018-19
4,42,4,2018-11-18,College of Charleston,@,Wofford,REG (Non-Conf),L 58-78,*,15,4,5,.800,0,0,4,5,.800,.800,0,2,.000,1,1,2,0,0,0,0,1,8,5.9,Baileigh Larson,https://www.sports-reference.com/cbb/players/baileigh-larson-1.html,college-of-charleston,2018-19
5,43,5,2018-11-24,College of Charleston,,Furman,REG (Non-Conf),L 67-70,,6,1,4,.250,0,0,1,4,.250,.250,0,0,,1,0,1,0,0,3,2,1,2,0.0,Baileigh Larson,https://www.sports-reference.com/cbb/players/baileigh-larson-1.html,college-of-charleston,2018-19
6,44,6,2018-11-29,College of Charleston,,Winthrop,REG (Non-Conf),L 64-71,,15,3,5,.600,0,0,3,5,.600,.600,0,1,.000,3,2,5,0,0,0,0,3,6,4.8,Baileigh Larson,https://www.sports-reference.com/cbb/players/baileigh-larson-1.html,college-of-charleston,2018-19
7,45,7,2018-12-02,College of Charleston,@,Appalachian State,REG (Non-Conf),L 66-80,*,21,1,6,.167,0,0,1,6,.167,.167,2,3,.667,0,3,3,0,0,0,3,3,4,-3.5,Baileigh Larson,https://www.sports-reference.com/cbb/players/baileigh-larson-1.html,college-of-charleston,2018-19
8,46,8,2018-12-16,College of Charleston,@,Lipscomb,REG (Non-Conf),W 65-63,,10,2,5,.400,0,0,2,5,.400,.400,0,0,,1,2,3,0,0,0,1,2,4,0.8,Baileigh Larson,https://www.sports-reference.com/cbb/players/baileigh-larson-1.html,college-of-charleston,2018-19
9,47,9,2018-12-19,College of Charleston,,Charleston Southern,REG (Non-Conf),W 79-52,,13,5,7,.714,0,0,5,7,.714,.714,1,2,.500,1,4,5,0,1,0,2,3,11,7.4,Baileigh Larson,https://www.sports-reference.com/cbb/players/baileigh-larson-1.html,college-of-charleston,2018-19
10,48,10,2018-12-21,College of Charleston,,Presbyterian,REG (Non-Conf),L 65-71,,19,5,12,.417,0,0,5,12,.417,.417,1,2,.500,3,2,5,0,0,2,0,3,11,7.1,Baileigh Larson,https://www.sports-reference.com/cbb/players/baileigh-larson-1.html,college-of-charleston,2018-19
11,49,11,2018-12-31,College of Charleston,@,George Mason,REG (Non-Conf),L 52-66,,8,2,4,.500,0,0,2,4,.500,.500,0,0,,0,1,1,0,0,0,2,4,4,-1.3,Baileigh Larson,https://www.sports-reference.com/cbb/players/baileigh-larson-1.html,college-of-charleston,2018-19
12,50,12,2019-01-04,College of Charleston,@,UNC Wilmington,REG (Conf),L 49-71,,10,3,5,.600,0,0,3,5,.600,.600,2,2,1.000,1,1,2,0,1,1,2,3,8,5.2,Baileigh Larson,https://www.sports-reference.com/cbb/players/baileigh-larson-1.html,college-of-charleston,2018-19
13,51,13,2019-01-11,College of Charleston,@,Elon,REG (Conf),L 68-76,,25,3,7,.429,0,0,3,7,.429,.429,2,2,1.000,2,1,3,0,0,0,3,3,8,1.8,Baileigh Larson,https://www.sports-reference.com/cbb/players/baileigh-larson-1.html,college-of-charleston,2018-19
14,52,14,2019-01-13,College of Charleston,@,William & Mary,REG (Conf),W 66-54,,17,8,12,.667,0,0,8,12,.667,.667,0,1,.000,3,4,7,0,1,1,0,2,16,14.6,Baileigh Larson,https://www.sports-reference.com/cbb/players/baileigh-larson-1.html,college-of-charleston,2018-19
15,53,15,2019-01-18,College of Charleston,,Towson,REG (Conf),L 61-77,,13,0,6,.000,0,0,0,6,.000,.000,1,2,.500,0,3,3,0,0,0,2,3,1,-5.9,Baileigh Larson,https://www.sports-reference.com/cbb/players/baileigh-larson-1.html,college-of-charleston,2018-19
16,54,16,2019-01-20,College of Charleston,,James Madison,REG (Conf),L 50-91,,6,0,1,.000,0,0,0,1,.000,.000,0,0,,1,4,5,0,0,1,3,5,0,-3.1,Baileigh Larson,https://www.sports-reference.com/cbb/players/baileigh-larson-1.html,college-of-charleston,2018-19
17,55,17,2019-01-25,College of Charleston,@,Drexel,REG (Conf),L 53-76,,7,0,1,.000,0,0,0,1,.000,.000,1,2,.500,2,2,4,0,0,0,1,1,1,0.5,Baileigh Larson,https://www.sports-reference.com/cbb/players/baileigh-larson-1.html,college-of-charleston,2018-19
18,56,18,2019-01-27,College of Charleston,@,Delaware,REG (Conf),L 50-74,,15,2,7,.286,0,0,2,7,.286,.286,0,0,,0,3,3,1,0,1,2,5,4,-1.8,Baileigh Larson,https://www.sports-reference.com/cbb/players/baileigh-larson-1.html,college-of-charleston,2018-19
19,57,19,2019-02-01,College of Charleston,,Northeastern,REG (Conf),L 56-87,,5,0,1,.000,0,0,0,1,.000,.000,0,0,,0,1,1,0,0,0,1,1,0,-1.8,Baileigh Larson,https://www.sports-reference.com/cbb/players/baileigh-larson-1.html,college-of-charleston,2018-19
20,58,20,2019-02-03,College of Charleston,,Hofstra,REG (Conf),W 70-62,,2,0,0,,0,0,0,0,,,0,0,,0,1,1,0,1,0,0,0,0,1.3,Baileigh Larson,https://www.sports-reference.com/cbb/players/baileigh-larson-1.html,college-of-charleston,2018-19
21,59,21,2019-02-08,College of Charleston,,William & Mary,REG (Conf),W 79-77 (2OT),,4,1,2,.500,0,0,1,2,.500,.500,0,0,,0,0,0,0,0,0,0,1,2,0.6,Baileigh Larson,https://www.sports-reference.com/cbb/players/baileigh-larson-1.html,college-of-charleston,2018-19
22,60,22,2019-02-10,College of Charleston,,Elon,REG (Conf),L 52-72,,9,3,5,.600,0,0,3,5,.600,.600,0,0,,1,0,1,0,0,0,1,1,6,3.0,Baileigh Larson,https://www.sports-reference.com/cbb/players/baileigh-larson-1.html,college-of-charleston,2018-19
23,61,23,2019-02-15,College of Charleston,@,James Madison,REG (Conf),L 35-76,,19,1,4,.250,0,0,1,4,.250,.250,0,0,,2,2,4,0,0,1,1,2,2,0.5,Baileigh Larson,https://www.sports-reference.com/cbb/players/baileigh-larson-1.html,college-of-charleston,2018-19
24,62,24,2019-02-17,College of Charleston,@,Towson,REG (Conf),L 61-87,,17,1,4,.250,0,0,1,4,.250,.250,1,2,.500,0,0,0,0,0,3,0,3,3,1.1,Baileigh Larson,https://www.sports-reference.com/cbb/players/baileigh-larson-1.html,college-of-charleston,2018-19
25,63,25,2019-02-22,College of Charleston,,Delaware,REG (Conf),L 60-72,,26,5,12,.417,0,0,5,12,.417,.417,0,0,,3,5,8,0,0,3,2,2,10,6.5,Baileigh Larson,https://www.sports-reference.com/cbb/players/baileigh-larson-1.html,college-of-charleston,2018-19
26,64,26,2019-02-24,College of Charleston,,Drexel,REG (Conf),L 42-65,,7,2,4,.500,0,0,2,4,.500,.500,1,1,1.000,1,0,1,0,0,0,2,4,5,0.1,Baileigh Larson,https://www.sports-reference.com/cbb/players/baileigh-larson-1.html,college-of-charleston,2018-19
27,65,27,2019-03-01,College of Charleston,@,Hofstra,REG (Conf),L 49-68,,7,0,3,.000,0,0,0,3,.000,.000,0,0,,0,0,0,0,1,1,2,2,0,-3.2,Baileigh Larson,https://www.sports-reference.com/cbb/players/baileigh-larson-1.html,college-of-charleston,2018-19
28,66,28,2019-03-03,College of Charleston,@,Northeastern,REG (Conf),L 69-81,,15,0,3,.000,0,0,0,3,.000,.000,0,0,,0,1,1,1,1,0,0,4,0,-1.7,Baileigh Larson,https://www.sports-reference.com/cbb/players/baileigh-larson-1.html,college-of-charleston,2018-19
29,67,29,2019-03-08,College of Charleston,,UNC Wilmington,REG (Conf),L 62-66,,7,1,1,1.000,0,0,1,1,1.000,1.000,0,0,,0,1,1,0,0,1,0,3,2,1.5,Baileigh Larson,https://www.sports-reference.com/cbb/players/baileigh-larson-1.html,college-of-charleston,2018-19
30,68,30,2019-03-13,College of Charleston,@,William & Mary,CTOURN,L 41-61,,5,0,1,.000,0,0,0,1,.000,.000,0,0,,2,0,2,1,0,0,0,1,0,1.0,Baileigh Larson,https://www.sports-reference.com/cbb/players/baileigh-larson-1.html,college-of-charleston,2018-19
