ranker,player_game_num_career,team_game_num_season,date,team_name_abbr,game_location,opp_name_abbr,game_type,game_result,is_starter,mp,fg,fga,fg_pct,fg3,fg3a,fg3_pct,fg2,fg2a,fg2_pct,efg_pct,ft,fta,orb,drb,trb,ast,stl,blk,tov,pf,pts,game_score,player_name,player_sr_link,school,season
1,27,4,2018-11-18,College of Charleston,@,Wofford,REG (Non-Conf),L 58-78,,2,0,1,.000,0,0,,0,1,.000,.000,0,0,0,0,0,0,0,0,0,0,0,-0.7,Bryanna Goodson,https://www.sports-reference.com/cbb/players/bryanna-goodson-1.html,college-of-charleston,2018-19
2,28,9,2018-12-19,College of Charleston,,Charleston Southern,REG (Non-Conf),W 79-52,,3,0,0,,0,0,,0,0,,,0,0,0,1,1,1,1,0,0,0,0,2.0,Bryanna Goodson,https://www.sports-reference.com/cbb/players/bryanna-goodson-1.html,college-of-charleston,2018-19
3,29,12,2019-01-04,College of Charleston,@,UNC Wilmington,REG (Conf),L 49-71,,1,0,0,,0,0,,0,0,,,0,0,0,0,0,0,1,0,0,0,0,1.0,Bryanna Goodson,https://www.sports-reference.com/cbb/players/bryanna-goodson-1.html,college-of-charleston,2018-19
4,30,16,2019-01-20,College of Charleston,,James Madison,REG (Conf),L 50-91,,4,0,3,.000,0,3,.000,0,0,,.000,0,0,0,0,0,0,0,0,1,0,0,-3.1,Bryanna Goodson,https://www.sports-reference.com/cbb/players/bryanna-goodson-1.html,college-of-charleston,2018-19
5,31,19,2019-02-01,College of Charleston,,Northeastern,REG (Conf),L 56-87,,2,0,0,,0,0,,0,0,,,0,0,0,1,1,0,0,0,0,0,0,0.3,Bryanna Goodson,https://www.sports-reference.com/cbb/players/bryanna-goodson-1.html,college-of-charleston,2018-19
6,32,23,2019-02-15,College of Charleston,@,James Madison,REG (Conf),L 35-76,,1,0,0,,0,0,,0,0,,,0,0,0,0,0,0,0,0,0,0,0,0.0,Bryanna Goodson,https://www.sports-reference.com/cbb/players/bryanna-goodson-1.html,college-of-charleston,2018-19
