ranker,player_game_num_career,team_game_num_season,date,team_name_abbr,game_location,opp_name_abbr,game_type,game_result,is_starter,mp,fg,fga,fg_pct,fg3,fg3a,fg3_pct,fg2,fg2a,fg2_pct,efg_pct,ft,fta,ft_pct,orb,drb,trb,ast,stl,blk,tov,pf,pts,game_score,player_name,player_sr_link,school,season
1,36,1,2018-11-07,College of Charleston,,North Greenville,REG (Non-Conf),W 95-62,,7,2,3,.667,1,2,.500,1,1,1.000,.833,0,0,,0,0,0,0,0,0,1,1,5,2.3,Dee Heath,https://www.sports-reference.com/cbb/players/dee-heath-1.html,college-of-charleston,2018-19
2,37,2,2018-11-10,College of Charleston,,South Carolina State,REG (Non-Conf),W 75-51,,9,0,2,.000,0,2,.000,0,0,,.000,0,0,,0,1,1,1,0,0,0,0,0,-0.4,Dee Heath,https://www.sports-reference.com/cbb/players/dee-heath-1.html,college-of-charleston,2018-19
3,38,4,2018-11-18,College of Charleston,@,Wofford,REG (Non-Conf),L 58-78,,6,0,1,.000,0,1,.000,0,0,,.000,0,0,,0,0,0,0,0,0,0,0,0,-0.7,Dee Heath,https://www.sports-reference.com/cbb/players/dee-heath-1.html,college-of-charleston,2018-19
4,39,5,2018-11-24,College of Charleston,,Furman,REG (Non-Conf),L 67-70,,1,0,0,,0,0,,0,0,,,0,0,,0,0,0,0,0,0,0,0,0,0.0,Dee Heath,https://www.sports-reference.com/cbb/players/dee-heath-1.html,college-of-charleston,2018-19
5,40,6,2018-11-29,College of Charleston,,Winthrop,REG (Non-Conf),L 64-71,,9,0,3,.000,0,1,.000,0,2,.000,.000,0,2,.000,0,0,0,1,1,0,3,0,0,-4.2,Dee Heath,https://www.sports-reference.com/cbb/players/dee-heath-1.html,college-of-charleston,2018-19
6,41,7,2018-12-02,College of Charleston,@,Appalachian State,REG (Non-Conf),L 66-80,,7,0,0,,0,0,,0,0,,,0,0,,0,2,2,0,0,0,0,0,0,0.6,Dee Heath,https://www.sports-reference.com/cbb/players/dee-heath-1.html,college-of-charleston,2018-19
7,42,8,2018-12-16,College of Charleston,@,Lipscomb,REG (Non-Conf),W 65-63,,4,0,0,,0,0,,0,0,,,0,0,,0,0,0,0,0,0,0,0,0,0.0,Dee Heath,https://www.sports-reference.com/cbb/players/dee-heath-1.html,college-of-charleston,2018-19
8,43,9,2018-12-19,College of Charleston,,Charleston Southern,REG (Non-Conf),W 79-52,,5,1,1,1.000,1,1,1.000,0,0,,1.500,0,0,,0,0,0,0,0,0,0,0,3,2.7,Dee Heath,https://www.sports-reference.com/cbb/players/dee-heath-1.html,college-of-charleston,2018-19
9,44,12,2019-01-04,College of Charleston,@,UNC Wilmington,REG (Conf),L 49-71,,3,0,0,,0,0,,0,0,,,0,0,,0,0,0,0,1,0,0,0,0,1.0,Dee Heath,https://www.sports-reference.com/cbb/players/dee-heath-1.html,college-of-charleston,2018-19
10,45,13,2019-01-11,College of Charleston,@,Elon,REG (Conf),L 68-76,,0,0,0,,0,0,,0,0,,,0,0,,0,0,0,0,0,0,0,0,0,0.0,Dee Heath,https://www.sports-reference.com/cbb/players/dee-heath-1.html,college-of-charleston,2018-19
11,46,16,2019-01-20,College of Charleston,,James Madison,REG (Conf),L 50-91,,4,0,1,.000,0,1,.000,0,0,,.000,0,0,,0,0,0,0,0,0,0,0,0,-0.7,Dee Heath,https://www.sports-reference.com/cbb/players/dee-heath-1.html,college-of-charleston,2018-19
12,47,19,2019-02-01,College of Charleston,,Northeastern,REG (Conf),L 56-87,,3,0,1,.000,0,1,.000,0,0,,.000,2,2,1.000,0,0,0,0,0,0,1,0,2,0.3,Dee Heath,https://www.sports-reference.com/cbb/players/dee-heath-1.html,college-of-charleston,2018-19
13,48,22,2019-02-10,College of Charleston,,Elon,REG (Conf),L 52-72,,5,2,4,.500,0,1,.000,2,3,.667,.500,2,3,.667,0,0,0,1,0,0,0,0,6,4.3,Dee Heath,https://www.sports-reference.com/cbb/players/dee-heath-1.html,college-of-charleston,2018-19
14,49,23,2019-02-15,College of Charleston,@,James Madison,REG (Conf),L 35-76,,8,0,2,.000,0,1,.000,0,1,.000,.000,1,2,.500,0,0,0,1,0,0,1,0,1,-1.1,Dee Heath,https://www.sports-reference.com/cbb/players/dee-heath-1.html,college-of-charleston,2018-19
15,50,24,2019-02-17,College of Charleston,@,Towson,REG (Conf),L 61-87,,4,1,3,.333,1,3,.333,0,0,,.500,0,0,,0,0,0,0,0,0,0,0,3,1.3,Dee Heath,https://www.sports-reference.com/cbb/players/dee-heath-1.html,college-of-charleston,2018-19
16,51,26,2019-02-24,College of Charleston,,Drexel,REG (Conf),L 42-65,,16,2,3,.667,2,3,.667,0,0,,1.000,0,0,,0,1,1,0,1,0,0,1,6,5.6,Dee Heath,https://www.sports-reference.com/cbb/players/dee-heath-1.html,college-of-charleston,2018-19
17,52,27,2019-03-01,College of Charleston,@,Hofstra,REG (Conf),L 49-68,,3,0,0,,0,0,,0,0,,,0,0,,0,0,0,0,0,0,0,0,0,0.0,Dee Heath,https://www.sports-reference.com/cbb/players/dee-heath-1.html,college-of-charleston,2018-19
18,53,30,2019-03-13,College of Charleston,@,William & Mary,CTOURN,L 41-61,,3,0,0,,0,0,,0,0,,,0,0,,1,1,2,0,0,0,1,0,0,0.0,Dee Heath,https://www.sports-reference.com/cbb/players/dee-heath-1.html,college-of-charleston,2018-19
