ranker,player_game_num_career,team_game_num_season,date,team_name_abbr,game_location,opp_name_abbr,game_type,game_result,is_starter,mp,fg,fga,fg_pct,fg3,fg3a,fg3_pct,fg2,fg2a,fg2_pct,efg_pct,ft,fta,ft_pct,orb,drb,trb,ast,stl,blk,tov,pf,pts,game_score,player_name,player_sr_link,school,season
1,61,1,2018-11-07,College of Charleston,,North Greenville,REG (Non-Conf),W 95-62,*,27,6,11,.545,3,4,.750,3,7,.429,.682,4,4,1.000,0,2,2,1,3,0,2,3,19,14.8,Deja Ford,https://www.sports-reference.com/cbb/players/deja-ford-1.html,college-of-charleston,2018-19
2,62,2,2018-11-10,College of Charleston,,South Carolina State,REG (Non-Conf),W 75-51,*,27,6,11,.545,0,2,.000,6,9,.667,.545,0,0,,1,3,4,0,0,1,1,2,12,7.2,Deja Ford,https://www.sports-reference.com/cbb/players/deja-ford-1.html,college-of-charleston,2018-19
3,63,3,2018-11-15,College of Charleston,@,Campbell,REG (Non-Conf),L 65-66,*,28,5,8,.625,2,3,.667,3,5,.600,.750,0,0,,1,3,4,1,2,0,0,3,12,11.5,Deja Ford,https://www.sports-reference.com/cbb/players/deja-ford-1.html,college-of-charleston,2018-19
4,64,4,2018-11-18,College of Charleston,@,Wofford,REG (Non-Conf),L 58-78,*,14,2,7,.286,2,3,.667,0,4,.000,.429,0,0,,1,2,3,0,0,0,2,2,6,0.4,Deja Ford,https://www.sports-reference.com/cbb/players/deja-ford-1.html,college-of-charleston,2018-19
5,65,5,2018-11-24,College of Charleston,,Furman,REG (Non-Conf),L 67-70,*,24,1,4,.250,1,1,1.000,0,3,.000,.375,3,4,.750,1,0,1,2,0,0,4,3,6,0.1,Deja Ford,https://www.sports-reference.com/cbb/players/deja-ford-1.html,college-of-charleston,2018-19
6,66,6,2018-11-29,College of Charleston,,Winthrop,REG (Non-Conf),L 64-71,*,18,2,7,.286,0,3,.000,2,4,.500,.286,0,0,,1,3,4,1,1,0,4,2,4,-1.6,Deja Ford,https://www.sports-reference.com/cbb/players/deja-ford-1.html,college-of-charleston,2018-19
7,67,7,2018-12-02,College of Charleston,@,Appalachian State,REG (Non-Conf),L 66-80,*,24,8,13,.615,1,3,.333,7,10,.700,.654,5,6,.833,2,1,3,0,0,0,2,4,22,13.8,Deja Ford,https://www.sports-reference.com/cbb/players/deja-ford-1.html,college-of-charleston,2018-19
8,68,8,2018-12-16,College of Charleston,@,Lipscomb,REG (Non-Conf),W 65-63,*,30,8,14,.571,4,6,.667,4,8,.500,.714,6,6,1.000,3,4,7,3,3,0,2,3,26,24.6,Deja Ford,https://www.sports-reference.com/cbb/players/deja-ford-1.html,college-of-charleston,2018-19
9,69,9,2018-12-19,College of Charleston,,Charleston Southern,REG (Non-Conf),W 79-52,*,20,4,9,.444,0,3,.000,4,6,.667,.444,2,2,1.000,2,2,4,2,1,0,1,1,10,8.3,Deja Ford,https://www.sports-reference.com/cbb/players/deja-ford-1.html,college-of-charleston,2018-19
10,70,10,2018-12-21,College of Charleston,,Presbyterian,REG (Non-Conf),L 65-71,*,34,5,9,.556,2,4,.500,3,5,.600,.667,2,2,1.000,1,1,2,0,1,0,2,2,14,8.9,Deja Ford,https://www.sports-reference.com/cbb/players/deja-ford-1.html,college-of-charleston,2018-19
11,71,11,2018-12-31,College of Charleston,@,George Mason,REG (Non-Conf),L 52-66,,31,4,14,.286,1,4,.250,3,10,.300,.321,1,3,.333,0,3,3,3,1,0,4,4,10,-0.6,Deja Ford,https://www.sports-reference.com/cbb/players/deja-ford-1.html,college-of-charleston,2018-19
12,72,12,2019-01-04,College of Charleston,@,UNC Wilmington,REG (Conf),L 49-71,*,23,3,9,.333,1,4,.250,2,5,.400,.389,0,0,,1,0,1,1,1,0,2,4,7,0.7,Deja Ford,https://www.sports-reference.com/cbb/players/deja-ford-1.html,college-of-charleston,2018-19
13,73,13,2019-01-11,College of Charleston,@,Elon,REG (Conf),L 68-76,*,23,9,13,.692,3,4,.750,6,9,.667,.808,1,2,.500,0,3,3,0,1,0,5,5,22,11.0,Deja Ford,https://www.sports-reference.com/cbb/players/deja-ford-1.html,college-of-charleston,2018-19
14,74,14,2019-01-13,College of Charleston,@,William & Mary,REG (Conf),W 66-54,*,20,4,11,.364,1,4,.250,3,7,.429,.409,1,2,.500,2,2,4,0,1,0,1,2,10,4.7,Deja Ford,https://www.sports-reference.com/cbb/players/deja-ford-1.html,college-of-charleston,2018-19
15,75,15,2019-01-18,College of Charleston,,Towson,REG (Conf),L 61-77,*,33,3,14,.214,1,5,.200,2,9,.222,.250,3,4,.750,4,6,10,3,2,0,2,2,10,6.9,Deja Ford,https://www.sports-reference.com/cbb/players/deja-ford-1.html,college-of-charleston,2018-19
16,76,16,2019-01-20,College of Charleston,,James Madison,REG (Conf),L 50-91,*,30,6,19,.316,4,9,.444,2,10,.200,.421,2,3,.667,1,3,4,1,0,0,2,2,18,6.2,Deja Ford,https://www.sports-reference.com/cbb/players/deja-ford-1.html,college-of-charleston,2018-19
17,77,17,2019-01-25,College of Charleston,@,Drexel,REG (Conf),L 53-76,*,36,5,18,.278,0,8,.000,5,10,.500,.278,1,1,1.000,4,1,5,4,0,0,3,4,11,1.7,Deja Ford,https://www.sports-reference.com/cbb/players/deja-ford-1.html,college-of-charleston,2018-19
18,78,18,2019-01-27,College of Charleston,@,Delaware,REG (Conf),L 50-74,*,26,2,11,.182,1,6,.167,1,5,.200,.227,5,8,.625,1,4,5,1,2,1,3,3,10,3.0,Deja Ford,https://www.sports-reference.com/cbb/players/deja-ford-1.html,college-of-charleston,2018-19
19,79,19,2019-02-01,College of Charleston,,Northeastern,REG (Conf),L 56-87,*,32,6,14,.429,1,2,.500,5,12,.417,.464,7,8,.875,4,3,7,0,2,0,2,2,20,15.1,Deja Ford,https://www.sports-reference.com/cbb/players/deja-ford-1.html,college-of-charleston,2018-19
20,80,20,2019-02-03,College of Charleston,,Hofstra,REG (Conf),W 70-62,*,34,5,12,.417,1,3,.333,4,9,.444,.458,2,2,1.000,2,7,9,2,1,1,4,2,13,8.4,Deja Ford,https://www.sports-reference.com/cbb/players/deja-ford-1.html,college-of-charleston,2018-19
21,81,21,2019-02-08,College of Charleston,,William & Mary,REG (Conf),W 79-77 (2OT),*,31,6,13,.462,1,5,.200,5,8,.625,.500,3,4,.750,1,2,3,3,1,0,4,3,16,8.1,Deja Ford,https://www.sports-reference.com/cbb/players/deja-ford-1.html,college-of-charleston,2018-19
22,82,22,2019-02-10,College of Charleston,,Elon,REG (Conf),L 52-72,*,25,6,13,.462,0,2,.000,6,11,.545,.462,0,0,,3,1,4,0,4,1,0,2,12,11.6,Deja Ford,https://www.sports-reference.com/cbb/players/deja-ford-1.html,college-of-charleston,2018-19
23,83,23,2019-02-15,College of Charleston,@,James Madison,REG (Conf),L 35-76,*,32,2,13,.154,1,7,.143,1,6,.167,.192,0,0,,1,3,4,1,1,0,2,2,5,-2.8,Deja Ford,https://www.sports-reference.com/cbb/players/deja-ford-1.html,college-of-charleston,2018-19
24,84,24,2019-02-17,College of Charleston,@,Towson,REG (Conf),L 61-87,*,34,1,10,.100,0,4,.000,1,6,.167,.100,1,5,.200,4,3,7,1,0,1,2,1,3,-2.5,Deja Ford,https://www.sports-reference.com/cbb/players/deja-ford-1.html,college-of-charleston,2018-19
25,85,25,2019-02-22,College of Charleston,,Delaware,REG (Conf),L 60-72,*,29,5,8,.625,1,2,.500,4,6,.667,.688,0,0,,1,4,5,1,1,0,4,4,11,5.4,Deja Ford,https://www.sports-reference.com/cbb/players/deja-ford-1.html,college-of-charleston,2018-19
26,86,26,2019-02-24,College of Charleston,,Drexel,REG (Conf),L 42-65,*,30,3,11,.273,1,5,.200,2,6,.333,.318,0,0,,3,2,5,0,2,0,6,2,7,-1.6,Deja Ford,https://www.sports-reference.com/cbb/players/deja-ford-1.html,college-of-charleston,2018-19
27,87,27,2019-03-01,College of Charleston,@,Hofstra,REG (Conf),L 49-68,*,35,5,13,.385,2,5,.400,3,8,.375,.462,1,4,.250,4,1,5,2,2,0,3,1,13,7.8,Deja Ford,https://www.sports-reference.com/cbb/players/deja-ford-1.html,college-of-charleston,2018-19
28,88,28,2019-03-03,College of Charleston,@,Northeastern,REG (Conf),L 69-81,*,31,8,13,.615,5,7,.714,3,6,.500,.808,0,0,,4,3,7,2,0,1,2,3,21,17.7,Deja Ford,https://www.sports-reference.com/cbb/players/deja-ford-1.html,college-of-charleston,2018-19
29,89,29,2019-03-08,College of Charleston,,UNC Wilmington,REG (Conf),L 62-66,*,21,0,4,.000,0,2,.000,0,2,.000,.000,0,0,,0,1,1,1,1,0,5,3,0,-7.0,Deja Ford,https://www.sports-reference.com/cbb/players/deja-ford-1.html,college-of-charleston,2018-19
30,90,30,2019-03-13,College of Charleston,@,William & Mary,CTOURN,L 41-61,*,33,7,15,.467,2,4,.500,5,11,.455,.533,0,0,,2,3,5,0,2,0,1,1,16,11.2,Deja Ford,https://www.sports-reference.com/cbb/players/deja-ford-1.html,college-of-charleston,2018-19
