ranker,player_game_num_career,team_game_num_season,date,team_name_abbr,game_location,opp_name_abbr,game_type,game_result,is_starter,mp,fg,fga,fg_pct,fg3,fg3a,fg3_pct,fg2,fg2a,fg2_pct,efg_pct,ft,fta,ft_pct,orb,drb,trb,ast,stl,blk,tov,pf,pts,game_score,player_name,player_sr_link,school,season
1,1,1,2018-11-07,College of Charleston,,North Greenville,REG (Non-Conf),W 95-62,,12,2,6,.333,0,0,,2,6,.333,.333,0,0,,1,3,4,1,1,0,3,1,4,0.5,Latrice Perkins,https://www.sports-reference.com/cbb/players/latrice-perkins-1.html,college-of-charleston,2018-19
2,2,2,2018-11-10,College of Charleston,,South Carolina State,REG (Non-Conf),W 75-51,,13,5,5,1.000,0,0,,5,5,1.000,1.000,3,3,1.000,0,2,2,5,2,0,2,3,13,14.4,Latrice Perkins,https://www.sports-reference.com/cbb/players/latrice-perkins-1.html,college-of-charleston,2018-19
3,3,3,2018-11-15,College of Charleston,@,Campbell,REG (Non-Conf),L 65-66,,3,0,0,,0,0,,0,0,,,0,0,,0,0,0,1,0,0,0,0,0,0.7,Latrice Perkins,https://www.sports-reference.com/cbb/players/latrice-perkins-1.html,college-of-charleston,2018-19
4,4,4,2018-11-18,College of Charleston,@,Wofford,REG (Non-Conf),L 58-78,,18,3,7,.429,0,1,.000,3,6,.500,.429,0,2,.000,0,2,2,0,4,1,2,2,6,4.0,Latrice Perkins,https://www.sports-reference.com/cbb/players/latrice-perkins-1.html,college-of-charleston,2018-19
5,5,5,2018-11-24,College of Charleston,,Furman,REG (Non-Conf),L 67-70,,14,1,7,.143,0,1,.000,1,6,.167,.143,1,2,.500,2,1,3,0,0,1,0,1,3,0.1,Latrice Perkins,https://www.sports-reference.com/cbb/players/latrice-perkins-1.html,college-of-charleston,2018-19
6,6,6,2018-11-29,College of Charleston,,Winthrop,REG (Non-Conf),L 64-71,,19,4,9,.444,1,4,.250,3,5,.600,.500,2,3,.667,0,2,2,4,2,0,2,2,11,8.5,Latrice Perkins,https://www.sports-reference.com/cbb/players/latrice-perkins-1.html,college-of-charleston,2018-19
7,7,7,2018-12-02,College of Charleston,@,Appalachian State,REG (Non-Conf),L 66-80,,21,3,7,.429,0,0,,3,7,.429,.429,0,0,,0,2,2,2,3,0,2,3,6,4.1,Latrice Perkins,https://www.sports-reference.com/cbb/players/latrice-perkins-1.html,college-of-charleston,2018-19
8,8,8,2018-12-16,College of Charleston,@,Lipscomb,REG (Non-Conf),W 65-63,,3,0,0,,0,0,,0,0,,,0,0,,1,0,1,0,0,0,0,0,0,0.7,Latrice Perkins,https://www.sports-reference.com/cbb/players/latrice-perkins-1.html,college-of-charleston,2018-19
9,9,9,2018-12-19,College of Charleston,,Charleston Southern,REG (Non-Conf),W 79-52,,19,3,7,.429,1,2,.500,2,5,.400,.500,0,0,,1,4,5,1,1,0,1,1,7,5.5,Latrice Perkins,https://www.sports-reference.com/cbb/players/latrice-perkins-1.html,college-of-charleston,2018-19
10,10,10,2018-12-21,College of Charleston,,Presbyterian,REG (Non-Conf),L 65-71,,15,3,5,.600,0,1,.000,3,4,.750,.600,0,1,.000,0,1,1,3,0,0,3,2,6,1.9,Latrice Perkins,https://www.sports-reference.com/cbb/players/latrice-perkins-1.html,college-of-charleston,2018-19
11,11,11,2018-12-31,College of Charleston,@,George Mason,REG (Non-Conf),L 52-66,,18,1,5,.200,0,0,,1,5,.200,.200,2,2,1.000,3,0,3,2,0,0,1,3,4,2.2,Latrice Perkins,https://www.sports-reference.com/cbb/players/latrice-perkins-1.html,college-of-charleston,2018-19
12,12,12,2019-01-04,College of Charleston,@,UNC Wilmington,REG (Conf),L 49-71,*,13,1,3,.333,0,0,,1,3,.333,.333,0,0,,0,2,2,2,0,0,1,1,2,0.9,Latrice Perkins,https://www.sports-reference.com/cbb/players/latrice-perkins-1.html,college-of-charleston,2018-19
13,13,13,2019-01-11,College of Charleston,@,Elon,REG (Conf),L 68-76,,9,0,3,.000,0,0,,0,3,.000,.000,0,0,,2,1,3,0,0,0,0,2,0,-1.2,Latrice Perkins,https://www.sports-reference.com/cbb/players/latrice-perkins-1.html,college-of-charleston,2018-19
14,14,14,2019-01-13,College of Charleston,@,William & Mary,REG (Conf),W 66-54,,24,1,2,.500,0,0,,1,2,.500,.500,0,0,,1,2,3,5,8,0,4,2,2,9.0,Latrice Perkins,https://www.sports-reference.com/cbb/players/latrice-perkins-1.html,college-of-charleston,2018-19
15,15,15,2019-01-18,College of Charleston,,Towson,REG (Conf),L 61-77,,11,0,2,.000,0,0,,0,2,.000,.000,0,0,,0,1,1,0,0,0,1,0,0,-2.1,Latrice Perkins,https://www.sports-reference.com/cbb/players/latrice-perkins-1.html,college-of-charleston,2018-19
16,16,16,2019-01-20,College of Charleston,,James Madison,REG (Conf),L 50-91,,17,2,5,.400,0,1,.000,2,4,.500,.400,1,4,.250,2,0,2,1,1,0,1,1,5,2.8,Latrice Perkins,https://www.sports-reference.com/cbb/players/latrice-perkins-1.html,college-of-charleston,2018-19
17,17,17,2019-01-25,College of Charleston,@,Drexel,REG (Conf),L 53-76,,5,0,0,,0,0,,0,0,,,0,0,,1,0,1,0,1,0,2,0,0,-0.3,Latrice Perkins,https://www.sports-reference.com/cbb/players/latrice-perkins-1.html,college-of-charleston,2018-19
18,18,18,2019-01-27,College of Charleston,@,Delaware,REG (Conf),L 50-74,,15,2,6,.333,0,1,.000,2,5,.400,.333,4,4,1.000,4,2,6,0,2,0,1,3,8,7.8,Latrice Perkins,https://www.sports-reference.com/cbb/players/latrice-perkins-1.html,college-of-charleston,2018-19
19,19,19,2019-02-01,College of Charleston,,Northeastern,REG (Conf),L 56-87,,9,1,2,.500,0,0,,1,2,.500,.500,0,0,,1,1,2,0,0,0,2,0,2,0.0,Latrice Perkins,https://www.sports-reference.com/cbb/players/latrice-perkins-1.html,college-of-charleston,2018-19
20,20,20,2019-02-03,College of Charleston,,Hofstra,REG (Conf),W 70-62,,20,2,4,.500,0,0,,2,4,.500,.500,1,2,.500,3,2,5,6,0,0,2,0,5,7.5,Latrice Perkins,https://www.sports-reference.com/cbb/players/latrice-perkins-1.html,college-of-charleston,2018-19
21,21,21,2019-02-08,College of Charleston,,William & Mary,REG (Conf),W 79-77 (2OT),,14,1,4,.250,0,0,,1,4,.250,.250,0,0,,0,3,3,2,0,0,0,3,2,0.7,Latrice Perkins,https://www.sports-reference.com/cbb/players/latrice-perkins-1.html,college-of-charleston,2018-19
22,22,22,2019-02-10,College of Charleston,,Elon,REG (Conf),L 52-72,,14,3,7,.429,0,0,,3,7,.429,.429,0,0,,0,0,0,1,2,0,3,2,6,1.2,Latrice Perkins,https://www.sports-reference.com/cbb/players/latrice-perkins-1.html,college-of-charleston,2018-19
23,23,23,2019-02-15,College of Charleston,@,James Madison,REG (Conf),L 35-76,,11,2,3,.667,0,0,,2,3,.667,.667,0,0,,0,1,1,0,0,0,0,1,4,2.6,Latrice Perkins,https://www.sports-reference.com/cbb/players/latrice-perkins-1.html,college-of-charleston,2018-19
24,24,25,2019-02-22,College of Charleston,,Delaware,REG (Conf),L 60-72,,10,1,3,.333,0,0,,1,3,.333,.333,1,1,1.000,1,2,3,0,1,0,2,1,3,1.2,Latrice Perkins,https://www.sports-reference.com/cbb/players/latrice-perkins-1.html,college-of-charleston,2018-19
25,25,26,2019-02-24,College of Charleston,,Drexel,REG (Conf),L 42-65,,17,3,5,.600,0,0,,3,5,.600,.600,0,0,,3,1,4,0,1,0,3,0,6,4.1,Latrice Perkins,https://www.sports-reference.com/cbb/players/latrice-perkins-1.html,college-of-charleston,2018-19
26,26,27,2019-03-01,College of Charleston,@,Hofstra,REG (Conf),L 49-68,,20,2,3,.667,0,0,,2,3,.667,.667,0,2,.000,3,5,8,2,0,0,1,1,4,5.5,Latrice Perkins,https://www.sports-reference.com/cbb/players/latrice-perkins-1.html,college-of-charleston,2018-19
27,27,28,2019-03-03,College of Charleston,@,Northeastern,REG (Conf),L 69-81,,3,1,3,.333,0,1,.000,1,2,.500,.333,2,2,1.000,1,1,2,0,0,0,3,0,4,0.3,Latrice Perkins,https://www.sports-reference.com/cbb/players/latrice-perkins-1.html,college-of-charleston,2018-19
28,28,29,2019-03-08,College of Charleston,,UNC Wilmington,REG (Conf),L 62-66,,23,3,6,.500,0,1,.000,3,5,.600,.500,2,2,1.000,3,1,4,1,1,1,3,2,8,6.0,Latrice Perkins,https://www.sports-reference.com/cbb/players/latrice-perkins-1.html,college-of-charleston,2018-19
29,29,30,2019-03-13,College of Charleston,@,William & Mary,CTOURN,L 41-61,,16,1,5,.200,0,0,,1,5,.200,.200,0,2,.000,4,3,7,1,0,0,0,1,2,2.1,Latrice Perkins,https://www.sports-reference.com/cbb/players/latrice-perkins-1.html,college-of-charleston,2018-19
