ranker,player_game_num_career,team_game_num_season,date,team_name_abbr,game_location,opp_name_abbr,game_type,game_result,is_starter,mp,fg,fga,fg_pct,fg3,fg3a,fg3_pct,fg2,fg2a,fg2_pct,efg_pct,ft,fta,ft_pct,orb,drb,trb,ast,stl,blk,tov,pf,pts,game_score,player_name,player_sr_link,school,season
1,1,1,2018-11-07,College of Charleston,,North Greenville,REG (Non-Conf),W 95-62,,22,5,8,.625,3,5,.600,2,3,.667,.813,3,3,1.000,1,2,3,2,1,1,1,1,16,15.4,Madison Taylor,https://www.sports-reference.com/cbb/players/madison-taylor-1.html,college-of-charleston,2018-19
2,2,2,2018-11-10,College of Charleston,,South Carolina State,REG (Non-Conf),W 75-51,,19,3,7,.429,1,4,.250,2,3,.667,.500,1,2,.500,1,1,2,0,1,0,2,0,8,3.9,Madison Taylor,https://www.sports-reference.com/cbb/players/madison-taylor-1.html,college-of-charleston,2018-19
3,3,3,2018-11-15,College of Charleston,@,Campbell,REG (Non-Conf),L 65-66,,14,1,3,.333,0,1,.000,1,2,.500,.333,2,3,.667,1,0,1,0,1,0,1,2,4,1.8,Madison Taylor,https://www.sports-reference.com/cbb/players/madison-taylor-1.html,college-of-charleston,2018-19
4,4,4,2018-11-18,College of Charleston,@,Wofford,REG (Non-Conf),L 58-78,,14,0,3,.000,0,0,,0,3,.000,.000,0,0,,0,5,5,1,0,1,1,4,0,-1.8,Madison Taylor,https://www.sports-reference.com/cbb/players/madison-taylor-1.html,college-of-charleston,2018-19
5,5,5,2018-11-24,College of Charleston,,Furman,REG (Non-Conf),L 67-70,*,29,3,6,.500,1,4,.250,2,2,1.000,.583,0,0,,1,1,2,1,1,1,2,2,7,4.6,Madison Taylor,https://www.sports-reference.com/cbb/players/madison-taylor-1.html,college-of-charleston,2018-19
6,6,6,2018-11-29,College of Charleston,,Winthrop,REG (Non-Conf),L 64-71,*,23,1,4,.250,0,1,.000,1,3,.333,.250,4,4,1.000,4,0,4,0,3,0,3,3,6,5.2,Madison Taylor,https://www.sports-reference.com/cbb/players/madison-taylor-1.html,college-of-charleston,2018-19
7,7,8,2018-12-16,College of Charleston,@,Lipscomb,REG (Non-Conf),W 65-63,,10,0,2,.000,0,0,,0,2,.000,.000,1,2,.500,0,1,1,1,1,0,3,2,1,-2.6,Madison Taylor,https://www.sports-reference.com/cbb/players/madison-taylor-1.html,college-of-charleston,2018-19
8,8,9,2018-12-19,College of Charleston,,Charleston Southern,REG (Non-Conf),W 79-52,,10,0,3,.000,0,1,.000,0,2,.000,.000,2,2,1.000,0,2,2,0,1,0,2,1,2,-0.9,Madison Taylor,https://www.sports-reference.com/cbb/players/madison-taylor-1.html,college-of-charleston,2018-19
9,9,10,2018-12-21,College of Charleston,,Presbyterian,REG (Non-Conf),L 65-71,,29,2,5,.400,1,4,.250,1,1,1.000,.500,3,4,.750,2,2,4,3,3,0,2,0,8,10.0,Madison Taylor,https://www.sports-reference.com/cbb/players/madison-taylor-1.html,college-of-charleston,2018-19
10,10,11,2018-12-31,College of Charleston,@,George Mason,REG (Non-Conf),L 52-66,,23,4,9,.444,1,3,.333,3,6,.500,.500,2,2,1.000,1,6,7,1,1,0,2,2,11,7.7,Madison Taylor,https://www.sports-reference.com/cbb/players/madison-taylor-1.html,college-of-charleston,2018-19
11,11,12,2019-01-04,College of Charleston,@,UNC Wilmington,REG (Conf),L 49-71,*,29,2,8,.250,0,4,.000,2,4,.500,.250,0,2,.000,2,2,4,2,1,0,4,2,4,-2.0,Madison Taylor,https://www.sports-reference.com/cbb/players/madison-taylor-1.html,college-of-charleston,2018-19
12,12,13,2019-01-11,College of Charleston,@,Elon,REG (Conf),L 68-76,,21,2,4,.500,0,1,.000,2,3,.667,.500,2,2,1.000,1,1,2,1,0,0,4,5,6,-0.3,Madison Taylor,https://www.sports-reference.com/cbb/players/madison-taylor-1.html,college-of-charleston,2018-19
13,13,14,2019-01-13,College of Charleston,@,William & Mary,REG (Conf),W 66-54,,21,3,4,.750,1,1,1.000,2,3,.667,.875,5,5,1.000,0,1,1,3,1,0,1,1,12,12.4,Madison Taylor,https://www.sports-reference.com/cbb/players/madison-taylor-1.html,college-of-charleston,2018-19
14,14,15,2019-01-18,College of Charleston,,Towson,REG (Conf),L 61-77,,7,1,1,1.000,1,1,1.000,0,0,,1.500,2,2,1.000,0,0,0,0,0,0,2,0,5,2.7,Madison Taylor,https://www.sports-reference.com/cbb/players/madison-taylor-1.html,college-of-charleston,2018-19
15,15,16,2019-01-20,College of Charleston,,James Madison,REG (Conf),L 50-91,,9,0,1,.000,0,0,,0,1,.000,.000,0,0,,0,0,0,2,0,0,0,0,0,0.7,Madison Taylor,https://www.sports-reference.com/cbb/players/madison-taylor-1.html,college-of-charleston,2018-19
16,16,17,2019-01-25,College of Charleston,@,Drexel,REG (Conf),L 53-76,,20,0,2,.000,0,1,.000,0,1,.000,.000,1,2,.500,0,2,2,2,3,1,0,1,1,4.5,Madison Taylor,https://www.sports-reference.com/cbb/players/madison-taylor-1.html,college-of-charleston,2018-19
17,17,18,2019-01-27,College of Charleston,@,Delaware,REG (Conf),L 50-74,,29,0,3,.000,0,2,.000,0,1,.000,.000,1,2,.500,1,2,3,1,2,1,2,5,1,-0.8,Madison Taylor,https://www.sports-reference.com/cbb/players/madison-taylor-1.html,college-of-charleston,2018-19
18,18,19,2019-02-01,College of Charleston,,Northeastern,REG (Conf),L 56-87,*,28,2,9,.222,0,5,.000,2,4,.500,.222,3,4,.750,0,3,3,1,0,0,2,3,7,-0.5,Madison Taylor,https://www.sports-reference.com/cbb/players/madison-taylor-1.html,college-of-charleston,2018-19
19,19,20,2019-02-03,College of Charleston,,Hofstra,REG (Conf),W 70-62,*,38,2,8,.250,0,2,.000,2,6,.333,.250,3,6,.500,1,5,6,2,1,2,3,1,7,3.6,Madison Taylor,https://www.sports-reference.com/cbb/players/madison-taylor-1.html,college-of-charleston,2018-19
20,20,21,2019-02-08,College of Charleston,,William & Mary,REG (Conf),W 79-77 (2OT),*,45,2,5,.400,0,0,,2,5,.400,.400,3,3,1.000,0,3,3,4,1,0,2,2,7,6.2,Madison Taylor,https://www.sports-reference.com/cbb/players/madison-taylor-1.html,college-of-charleston,2018-19
21,21,22,2019-02-10,College of Charleston,,Elon,REG (Conf),L 52-72,*,30,0,5,.000,0,1,.000,0,4,.000,.000,0,0,,1,4,5,1,1,0,3,2,0,-3.7,Madison Taylor,https://www.sports-reference.com/cbb/players/madison-taylor-1.html,college-of-charleston,2018-19
22,22,23,2019-02-15,College of Charleston,@,James Madison,REG (Conf),L 35-76,*,20,2,5,.400,2,4,.500,0,1,.000,.600,0,0,,0,1,1,1,2,0,3,3,6,2.1,Madison Taylor,https://www.sports-reference.com/cbb/players/madison-taylor-1.html,college-of-charleston,2018-19
23,23,24,2019-02-17,College of Charleston,@,Towson,REG (Conf),L 61-87,*,25,3,7,.429,3,5,.600,0,2,.000,.643,2,2,1.000,0,2,2,5,1,0,1,2,11,10.6,Madison Taylor,https://www.sports-reference.com/cbb/players/madison-taylor-1.html,college-of-charleston,2018-19
24,24,25,2019-02-22,College of Charleston,,Delaware,REG (Conf),L 60-72,*,28,0,3,.000,0,3,.000,0,0,,.000,0,0,,1,2,3,6,0,2,3,1,0,1.4,Madison Taylor,https://www.sports-reference.com/cbb/players/madison-taylor-1.html,college-of-charleston,2018-19
25,25,26,2019-02-24,College of Charleston,,Drexel,REG (Conf),L 42-65,*,14,0,2,.000,0,1,.000,0,1,.000,.000,0,0,,1,1,2,0,1,0,2,2,0,-2.2,Madison Taylor,https://www.sports-reference.com/cbb/players/madison-taylor-1.html,college-of-charleston,2018-19
26,26,27,2019-03-01,College of Charleston,@,Hofstra,REG (Conf),L 49-68,*,35,0,6,.000,0,3,.000,0,3,.000,.000,0,0,,1,3,4,3,0,2,1,0,0,-0.1,Madison Taylor,https://www.sports-reference.com/cbb/players/madison-taylor-1.html,college-of-charleston,2018-19
27,27,28,2019-03-03,College of Charleston,@,Northeastern,REG (Conf),L 69-81,*,19,1,2,.500,0,0,,1,2,.500,.500,0,0,,0,1,1,3,0,0,0,0,2,3.4,Madison Taylor,https://www.sports-reference.com/cbb/players/madison-taylor-1.html,college-of-charleston,2018-19
28,28,29,2019-03-08,College of Charleston,,UNC Wilmington,REG (Conf),L 62-66,,8,0,0,,0,0,,0,0,,,0,0,,0,2,2,0,0,1,0,0,0,1.3,Madison Taylor,https://www.sports-reference.com/cbb/players/madison-taylor-1.html,college-of-charleston,2018-19
29,29,30,2019-03-13,College of Charleston,@,William & Mary,CTOURN,L 41-61,*,21,0,4,.000,0,1,.000,0,3,.000,.000,1,2,.500,0,2,2,0,2,0,2,2,1,-2.4,Madison Taylor,https://www.sports-reference.com/cbb/players/madison-taylor-1.html,college-of-charleston,2018-19
