ranker,player_game_num_career,team_game_num_season,date,team_name_abbr,game_location,opp_name_abbr,game_type,game_result,is_starter,mp,fg,fga,fg_pct,fg3,fg3a,fg3_pct,fg2,fg2a,fg2_pct,efg_pct,ft,fta,ft_pct,orb,drb,trb,ast,stl,blk,tov,pf,pts,game_score,player_name,player_sr_link,school,season
1,1,1,2018-11-07,College of Charleston,,North Greenville,REG (Non-Conf),W 95-62,*,26,3,8,.375,1,1,1.000,2,7,.286,.438,2,2,1.000,0,2,2,12,1,0,3,2,9,10.8,Tyler Collins,https://www.sports-reference.com/cbb/players/tyler-collins-2.html,college-of-charleston,2018-19
2,2,2,2018-11-10,College of Charleston,,South Carolina State,REG (Non-Conf),W 75-51,*,32,5,10,.500,1,1,1.000,4,9,.444,.550,2,4,.500,0,2,2,5,2,0,6,0,13,7.3,Tyler Collins,https://www.sports-reference.com/cbb/players/tyler-collins-2.html,college-of-charleston,2018-19
3,3,3,2018-11-15,College of Charleston,@,Campbell,REG (Non-Conf),L 65-66,*,37,5,18,.278,2,4,.500,3,14,.214,.333,3,3,1.000,0,2,2,9,3,0,4,4,15,8.7,Tyler Collins,https://www.sports-reference.com/cbb/players/tyler-collins-2.html,college-of-charleston,2018-19
4,4,4,2018-11-18,College of Charleston,@,Wofford,REG (Non-Conf),L 58-78,*,27,2,8,.250,2,4,.500,0,4,.000,.375,5,6,.833,0,3,3,4,3,0,9,3,11,2.3,Tyler Collins,https://www.sports-reference.com/cbb/players/tyler-collins-2.html,college-of-charleston,2018-19
5,5,5,2018-11-24,College of Charleston,,Furman,REG (Non-Conf),L 67-70,*,32,3,4,.750,2,3,.667,1,1,1.000,1.000,4,6,.667,1,0,1,6,2,0,4,3,12,11.3,Tyler Collins,https://www.sports-reference.com/cbb/players/tyler-collins-2.html,college-of-charleston,2018-19
6,6,6,2018-11-29,College of Charleston,,Winthrop,REG (Non-Conf),L 64-71,*,29,3,9,.333,0,4,.000,3,5,.600,.333,0,0,,1,1,2,5,1,0,6,4,6,-1.2,Tyler Collins,https://www.sports-reference.com/cbb/players/tyler-collins-2.html,college-of-charleston,2018-19
7,7,7,2018-12-02,College of Charleston,@,Appalachian State,REG (Non-Conf),L 66-80,*,31,3,10,.300,1,3,.333,2,7,.286,.350,11,12,.917,0,5,5,2,0,0,5,4,18,8.1,Tyler Collins,https://www.sports-reference.com/cbb/players/tyler-collins-2.html,college-of-charleston,2018-19
8,8,8,2018-12-16,College of Charleston,@,Lipscomb,REG (Non-Conf),W 65-63,*,36,4,9,.444,1,3,.333,3,6,.500,.500,2,4,.500,1,4,5,9,1,1,4,3,11,10.2,Tyler Collins,https://www.sports-reference.com/cbb/players/tyler-collins-2.html,college-of-charleston,2018-19
9,9,9,2018-12-19,College of Charleston,,Charleston Southern,REG (Non-Conf),W 79-52,*,29,3,8,.375,1,1,1.000,2,7,.286,.438,0,0,,1,2,3,9,0,0,5,2,7,4.4,Tyler Collins,https://www.sports-reference.com/cbb/players/tyler-collins-2.html,college-of-charleston,2018-19
10,10,10,2018-12-21,College of Charleston,,Presbyterian,REG (Non-Conf),L 65-71,*,11,1,3,.333,0,1,.000,1,2,.500,.333,0,0,,0,0,0,2,0,0,0,4,2,0.1,Tyler Collins,https://www.sports-reference.com/cbb/players/tyler-collins-2.html,college-of-charleston,2018-19
11,11,11,2018-12-31,College of Charleston,@,George Mason,REG (Non-Conf),L 52-66,*,21,1,7,.143,0,2,.000,1,5,.200,.143,0,0,,0,5,5,2,0,0,1,3,2,-1.8,Tyler Collins,https://www.sports-reference.com/cbb/players/tyler-collins-2.html,college-of-charleston,2018-19
12,12,12,2019-01-04,College of Charleston,@,UNC Wilmington,REG (Conf),L 49-71,,31,3,9,.333,2,5,.400,1,4,.250,.444,0,0,,1,1,2,1,1,0,3,0,8,2.6,Tyler Collins,https://www.sports-reference.com/cbb/players/tyler-collins-2.html,college-of-charleston,2018-19
13,13,13,2019-01-11,College of Charleston,@,Elon,REG (Conf),L 68-76,*,34,4,9,.444,0,2,.000,4,7,.571,.444,1,2,.500,0,3,3,7,1,0,1,1,9,9.3,Tyler Collins,https://www.sports-reference.com/cbb/players/tyler-collins-2.html,college-of-charleston,2018-19
14,14,14,2019-01-13,College of Charleston,@,William & Mary,REG (Conf),W 66-54,*,21,1,7,.143,0,2,.000,1,5,.200,.143,2,2,1.000,1,0,1,2,1,0,1,2,4,0.8,Tyler Collins,https://www.sports-reference.com/cbb/players/tyler-collins-2.html,college-of-charleston,2018-19
15,15,15,2019-01-18,College of Charleston,,Towson,REG (Conf),L 61-77,*,35,2,8,.250,1,5,.200,1,3,.333,.313,0,0,,1,3,4,5,2,0,5,3,5,1.1,Tyler Collins,https://www.sports-reference.com/cbb/players/tyler-collins-2.html,college-of-charleston,2018-19
16,16,16,2019-01-20,College of Charleston,,James Madison,REG (Conf),L 50-91,*,28,2,5,.400,1,3,.333,1,2,.500,.500,0,0,,0,2,2,3,0,0,6,2,5,-1.8,Tyler Collins,https://www.sports-reference.com/cbb/players/tyler-collins-2.html,college-of-charleston,2018-19
17,17,17,2019-01-25,College of Charleston,@,Drexel,REG (Conf),L 53-76,*,28,2,7,.286,0,3,.000,2,4,.500,.286,0,0,,2,1,3,3,1,0,4,3,4,-0.5,Tyler Collins,https://www.sports-reference.com/cbb/players/tyler-collins-2.html,college-of-charleston,2018-19
18,18,18,2019-01-27,College of Charleston,@,Delaware,REG (Conf),L 50-74,*,34,3,13,.231,2,8,.250,1,5,.200,.308,0,0,,1,3,4,3,0,0,4,0,8,-0.2,Tyler Collins,https://www.sports-reference.com/cbb/players/tyler-collins-2.html,college-of-charleston,2018-19
19,19,19,2019-02-01,College of Charleston,,Northeastern,REG (Conf),L 56-87,*,37,2,6,.333,2,5,.400,0,1,.000,.500,2,2,1.000,0,2,2,6,2,0,8,2,8,2.6,Tyler Collins,https://www.sports-reference.com/cbb/players/tyler-collins-2.html,college-of-charleston,2018-19
20,20,20,2019-02-03,College of Charleston,,Hofstra,REG (Conf),W 70-62,*,20,1,2,.500,0,0,,1,2,.500,.500,4,4,1.000,0,1,1,1,1,0,1,2,6,5.2,Tyler Collins,https://www.sports-reference.com/cbb/players/tyler-collins-2.html,college-of-charleston,2018-19
21,21,21,2019-02-08,College of Charleston,,William & Mary,REG (Conf),W 79-77 (2OT),*,36,8,10,.800,2,2,1.000,6,8,.750,.900,0,0,,0,1,1,3,1,0,8,0,18,9.6,Tyler Collins,https://www.sports-reference.com/cbb/players/tyler-collins-2.html,college-of-charleston,2018-19
22,22,22,2019-02-10,College of Charleston,,Elon,REG (Conf),L 52-72,*,27,3,12,.250,1,6,.167,2,6,.333,.292,0,2,.000,0,0,0,1,1,0,3,3,7,-3.5,Tyler Collins,https://www.sports-reference.com/cbb/players/tyler-collins-2.html,college-of-charleston,2018-19
23,23,23,2019-02-15,College of Charleston,@,James Madison,REG (Conf),L 35-76,*,31,1,6,.167,1,1,1.000,0,5,.000,.250,2,4,.500,0,4,4,5,1,0,4,1,5,1.7,Tyler Collins,https://www.sports-reference.com/cbb/players/tyler-collins-2.html,college-of-charleston,2018-19
24,24,24,2019-02-17,College of Charleston,@,Towson,REG (Conf),L 61-87,*,29,1,6,.167,0,2,.000,1,4,.250,.167,0,1,.000,0,0,0,3,2,0,1,1,2,0.5,Tyler Collins,https://www.sports-reference.com/cbb/players/tyler-collins-2.html,college-of-charleston,2018-19
25,25,25,2019-02-22,College of Charleston,,Delaware,REG (Conf),L 60-72,*,21,3,7,.429,1,2,.500,2,5,.400,.500,0,0,,1,0,1,4,0,0,4,4,7,1.2,Tyler Collins,https://www.sports-reference.com/cbb/players/tyler-collins-2.html,college-of-charleston,2018-19
26,26,26,2019-02-24,College of Charleston,,Drexel,REG (Conf),L 42-65,*,35,2,7,.286,1,5,.200,1,2,.500,.357,0,0,,0,0,0,6,1,0,3,2,5,2.3,Tyler Collins,https://www.sports-reference.com/cbb/players/tyler-collins-2.html,college-of-charleston,2018-19
27,27,27,2019-03-01,College of Charleston,@,Hofstra,REG (Conf),L 49-68,*,19,1,5,.200,0,1,.000,1,4,.250,.200,0,0,,0,0,0,0,1,0,2,1,2,-2.5,Tyler Collins,https://www.sports-reference.com/cbb/players/tyler-collins-2.html,college-of-charleston,2018-19
28,28,28,2019-03-03,College of Charleston,@,Northeastern,REG (Conf),L 69-81,*,36,0,4,.000,0,2,.000,0,2,.000,.000,0,0,,0,1,1,8,1,0,2,2,0,1.3,Tyler Collins,https://www.sports-reference.com/cbb/players/tyler-collins-2.html,college-of-charleston,2018-19
29,29,29,2019-03-08,College of Charleston,,UNC Wilmington,REG (Conf),L 62-66,*,34,3,7,.429,2,5,.400,1,2,.500,.571,3,4,.750,0,0,0,4,0,0,1,4,11,7.1,Tyler Collins,https://www.sports-reference.com/cbb/players/tyler-collins-2.html,college-of-charleston,2018-19
30,30,30,2019-03-13,College of Charleston,@,William & Mary,CTOURN,L 41-61,*,26,4,9,.444,1,4,.250,3,5,.600,.500,0,0,,0,1,1,1,1,0,3,3,9,2.1,Tyler Collins,https://www.sports-reference.com/cbb/players/tyler-collins-2.html,college-of-charleston,2018-19
