ranker,player_game_num_career,team_game_num_season,date,team_name_abbr,game_location,opp_name_abbr,game_type,game_result,is_starter,mp,fg,fga,fg_pct,fg3,fg3a,fg3_pct,fg2,fg2a,fg2_pct,efg_pct,ft,fta,ft_pct,orb,drb,trb,ast,stl,blk,tov,pf,pts,game_score,player_name,player_sr_link,school,season
1,22,1,2021-11-09,Marist,@,Drexel,REG (Non-Conf),W 52-50,,19,0,2,.000,0,1,.000,0,1,.000,.000,4,4,1.000,0,2,2,1,1,0,2,2,4,2.1,Anabel Ellison,https://www.sports-reference.com/cbb/players/anabel-ellison-1.html,marist,2021-22
2,23,2,2021-11-12,Marist,,American,REG (Non-Conf),L 52-59,,18,1,4,.250,0,0,,1,4,.250,.250,0,0,,0,0,0,2,2,0,5,3,2,-3.2,Anabel Ellison,https://www.sports-reference.com/cbb/players/anabel-ellison-1.html,marist,2021-22
3,24,3,2021-11-14,Marist,,Vermont,REG (Non-Conf),W 67-50,*,21,3,11,.273,2,6,.333,1,5,.200,.364,0,0,,1,0,1,1,1,0,1,3,8,1.7,Anabel Ellison,https://www.sports-reference.com/cbb/players/anabel-ellison-1.html,marist,2021-22
4,25,4,2021-11-19,Marist,@,Arizona,REG (Non-Conf),L 36-78,*,22,2,8,.250,1,4,.250,1,4,.250,.313,2,4,.500,1,2,3,1,0,0,4,0,7,-0.6,Anabel Ellison,https://www.sports-reference.com/cbb/players/anabel-ellison-1.html,marist,2021-22
5,26,5,2021-11-21,Marist,@,Arizona State,REG (Non-Conf),L 53-82,*,26,3,4,.750,0,1,.000,3,3,1.000,.750,2,3,.667,0,4,4,3,0,0,6,2,8,2.5,Anabel Ellison,https://www.sports-reference.com/cbb/players/anabel-ellison-1.html,marist,2021-22
6,27,6,2021-11-28,Marist,,Central Michigan,REG (Non-Conf),L 50-56,,10,1,3,.333,0,0,,1,3,.333,.333,0,0,,0,1,1,1,1,0,2,2,2,-0.5,Anabel Ellison,https://www.sports-reference.com/cbb/players/anabel-ellison-1.html,marist,2021-22
7,28,12,2022-01-13,Marist,,Siena,REG (Conf),L 53-69,,19,0,1,.000,0,0,,0,1,.000,.000,0,0,,1,1,2,2,5,1,3,2,0,3.6,Anabel Ellison,https://www.sports-reference.com/cbb/players/anabel-ellison-1.html,marist,2021-22
8,29,13,2022-01-15,Marist,,Monmouth,REG (Conf),W 71-53,,17,0,0,,0,0,,0,0,,,0,0,,0,3,3,1,0,0,2,4,0,-2.0,Anabel Ellison,https://www.sports-reference.com/cbb/players/anabel-ellison-1.html,marist,2021-22
9,30,14,2022-01-20,Marist,@,Iona,REG (Conf),L 41-49,*,13,0,3,.000,0,2,.000,0,1,.000,.000,0,0,,0,1,1,0,0,0,0,4,0,-3.4,Anabel Ellison,https://www.sports-reference.com/cbb/players/anabel-ellison-1.html,marist,2021-22
10,31,15,2022-01-22,Marist,,Niagara,REG (Conf),W 72-65,,17,2,5,.400,1,2,.500,1,3,.333,.500,1,2,.500,1,3,4,3,0,0,3,2,6,2.8,Anabel Ellison,https://www.sports-reference.com/cbb/players/anabel-ellison-1.html,marist,2021-22
11,32,16,2022-01-24,Marist,,Canisius,REG (Conf),W 57-44,*,29,2,2,1.000,2,2,1.000,0,0,,1.500,2,6,.333,2,3,5,3,1,0,3,2,8,7.4,Anabel Ellison,https://www.sports-reference.com/cbb/players/anabel-ellison-1.html,marist,2021-22
12,33,17,2022-01-27,Marist,,Fairfield,REG (Conf),L 39-59,*,24,2,5,.400,2,5,.400,0,0,,.600,0,0,,0,1,1,1,0,0,2,0,6,2.3,Anabel Ellison,https://www.sports-reference.com/cbb/players/anabel-ellison-1.html,marist,2021-22
13,34,18,2022-01-30,Marist,@,Saint Peter's,REG (Conf),L 45-58,*,31,0,5,.000,0,4,.000,0,1,.000,.000,5,6,.833,1,1,2,4,0,0,4,1,5,0.5,Anabel Ellison,https://www.sports-reference.com/cbb/players/anabel-ellison-1.html,marist,2021-22
14,35,19,2022-02-03,Marist,@,Quinnipiac,REG (Conf),L 50-61,*,31,2,10,.200,1,6,.167,1,4,.250,.250,1,3,.333,1,1,2,1,3,0,2,1,6,1.3,Anabel Ellison,https://www.sports-reference.com/cbb/players/anabel-ellison-1.html,marist,2021-22
15,36,20,2022-02-05,Marist,,Rider,REG (Conf),L 50-60,*,20,1,6,.167,1,4,.250,0,2,.000,.250,4,6,.667,0,2,2,2,0,0,2,3,7,1.2,Anabel Ellison,https://www.sports-reference.com/cbb/players/anabel-ellison-1.html,marist,2021-22
16,37,21,2022-02-10,Marist,@,Niagara,REG (Conf),L 67-85,*,33,5,10,.500,1,2,.500,4,8,.500,.550,4,7,.571,2,3,5,7,3,0,3,1,15,15.6,Anabel Ellison,https://www.sports-reference.com/cbb/players/anabel-ellison-1.html,marist,2021-22
17,38,22,2022-02-12,Marist,@,Canisius,REG (Conf),L 61-65,*,36,6,13,.462,0,4,.000,6,9,.667,.462,7,11,.636,4,4,8,6,0,1,2,4,19,16.0,Anabel Ellison,https://www.sports-reference.com/cbb/players/anabel-ellison-1.html,marist,2021-22
18,39,23,2022-02-17,Marist,,Saint Peter's,REG (Conf),W 51-41,*,12,1,4,.250,0,2,.000,1,2,.500,.250,0,0,,1,0,1,0,2,0,0,0,2,2.3,Anabel Ellison,https://www.sports-reference.com/cbb/players/anabel-ellison-1.html,marist,2021-22
19,40,24,2022-02-19,Marist,@,Siena,REG (Conf),L 45-59,*,32,2,14,.143,0,6,.000,2,8,.250,.143,0,0,,2,4,6,7,0,0,6,0,4,-3.5,Anabel Ellison,https://www.sports-reference.com/cbb/players/anabel-ellison-1.html,marist,2021-22
20,41,25,2022-02-21,Marist,@,Rider,REG (Conf),W 70-62,*,37,5,9,.556,3,5,.600,2,4,.500,.722,6,6,1.000,0,3,3,4,3,2,4,3,19,17.6,Anabel Ellison,https://www.sports-reference.com/cbb/players/anabel-ellison-1.html,marist,2021-22
21,42,26,2022-02-24,Marist,,Quinnipiac,REG (Conf),L 56-65,*,33,5,16,.313,2,6,.333,3,10,.300,.375,0,2,.000,1,5,6,4,2,1,5,2,12,3.9,Anabel Ellison,https://www.sports-reference.com/cbb/players/anabel-ellison-1.html,marist,2021-22
22,43,27,2022-03-02,Marist,@,Monmouth,REG (Conf),L 44-52,*,30,1,4,.250,0,0,,1,4,.250,.250,3,4,.750,1,5,6,3,2,1,3,2,5,5.4,Anabel Ellison,https://www.sports-reference.com/cbb/players/anabel-ellison-1.html,marist,2021-22
23,44,28,2022-03-05,Marist,,Manhattan,REG (Conf),L 60-68 (OT),*,28,1,11,.091,1,8,.125,0,3,.000,.136,0,0,,1,3,4,6,3,0,2,1,3,2.1,Anabel Ellison,https://www.sports-reference.com/cbb/players/anabel-ellison-1.html,marist,2021-22
24,45,29,2022-03-08,Marist,@,Saint Peter's,CTOURN,L 29-49,*,25,0,6,.000,0,4,.000,0,2,.000,.000,4,4,1.000,1,2,3,1,0,0,5,4,4,-4.8,Anabel Ellison,https://www.sports-reference.com/cbb/players/anabel-ellison-1.html,marist,2021-22
