ranker,player_game_num_career,team_game_num_season,date,team_name_abbr,game_location,opp_name_abbr,game_type,game_result,is_starter,mp,fg,fga,fg_pct,fg3,fg3a,fg3_pct,fg2,fg2a,fg2_pct,efg_pct,ft,fta,ft_pct,orb,drb,trb,ast,stl,blk,tov,pf,pts,game_score,player_name,player_sr_link,school,season
1,1,1,2021-11-09,Marist,@,Drexel,REG (Non-Conf),W 52-50,,1,0,0,,0,0,,0,0,,,0,0,,0,0,0,0,0,0,0,0,0,0.0,Catie Cunningham,https://www.sports-reference.com/cbb/players/catie-cunningham-1.html,marist,2021-22
2,2,2,2021-11-12,Marist,,American,REG (Non-Conf),L 52-59,,6,0,1,.000,0,0,,0,1,.000,.000,0,0,,0,0,0,0,1,0,0,0,0,0.3,Catie Cunningham,https://www.sports-reference.com/cbb/players/catie-cunningham-1.html,marist,2021-22
3,3,3,2021-11-14,Marist,,Vermont,REG (Non-Conf),W 67-50,,13,2,7,.286,0,0,,2,7,.286,.286,0,1,.000,0,1,1,0,0,0,1,0,4,-1.2,Catie Cunningham,https://www.sports-reference.com/cbb/players/catie-cunningham-1.html,marist,2021-22
4,4,4,2021-11-19,Marist,@,Arizona,REG (Non-Conf),L 36-78,,13,1,2,.500,0,0,,1,2,.500,.500,1,2,.500,1,2,3,0,0,0,1,1,3,1.5,Catie Cunningham,https://www.sports-reference.com/cbb/players/catie-cunningham-1.html,marist,2021-22
5,5,5,2021-11-21,Marist,@,Arizona State,REG (Non-Conf),L 53-82,,7,1,2,.500,0,1,.000,1,1,1.000,.500,2,2,1.000,0,1,1,0,0,0,0,1,4,2.9,Catie Cunningham,https://www.sports-reference.com/cbb/players/catie-cunningham-1.html,marist,2021-22
6,6,6,2021-11-28,Marist,,Central Michigan,REG (Non-Conf),L 50-56,,7,1,2,.500,0,0,,1,2,.500,.500,0,0,,1,0,1,0,0,0,1,3,2,-0.5,Catie Cunningham,https://www.sports-reference.com/cbb/players/catie-cunningham-1.html,marist,2021-22
7,7,7,2021-12-01,Marist,@,Lafayette,REG (Non-Conf),L 50-53,,15,1,4,.250,0,1,.000,1,3,.333,.250,0,0,,0,0,0,2,0,0,1,1,2,-0.4,Catie Cunningham,https://www.sports-reference.com/cbb/players/catie-cunningham-1.html,marist,2021-22
8,8,8,2021-12-05,Marist,,Columbia,REG (Non-Conf),L 49-78,,25,1,5,.200,0,1,.000,1,4,.250,.200,3,4,.750,2,2,4,0,1,0,2,1,5,2.1,Catie Cunningham,https://www.sports-reference.com/cbb/players/catie-cunningham-1.html,marist,2021-22
9,9,9,2021-12-18,Marist,@,Fairfield,REG (Conf),L 52-57,,2,0,1,.000,0,0,,0,1,.000,.000,0,0,,0,0,0,0,0,0,0,0,0,-0.7,Catie Cunningham,https://www.sports-reference.com/cbb/players/catie-cunningham-1.html,marist,2021-22
10,10,10,2021-12-20,Marist,,Iona,REG (Conf),W 61-49,,0,0,0,,0,0,,0,0,,,0,0,,0,0,0,0,0,0,0,0,0,0.0,Catie Cunningham,https://www.sports-reference.com/cbb/players/catie-cunningham-1.html,marist,2021-22
11,11,11,2022-01-08,Marist,@,Manhattan,REG (Conf),L 45-72,,11,2,2,1.000,0,0,,2,2,1.000,1.000,0,0,,2,1,3,0,0,0,0,0,4,5.1,Catie Cunningham,https://www.sports-reference.com/cbb/players/catie-cunningham-1.html,marist,2021-22
12,12,12,2022-01-13,Marist,,Siena,REG (Conf),L 53-69,,7,1,2,.500,0,0,,1,2,.500,.500,0,0,,1,1,2,0,1,1,1,0,2,2.7,Catie Cunningham,https://www.sports-reference.com/cbb/players/catie-cunningham-1.html,marist,2021-22
13,13,13,2022-01-15,Marist,,Monmouth,REG (Conf),W 71-53,,12,3,3,1.000,0,0,,3,3,1.000,1.000,1,2,.500,1,0,1,0,0,0,0,0,7,6.4,Catie Cunningham,https://www.sports-reference.com/cbb/players/catie-cunningham-1.html,marist,2021-22
14,14,14,2022-01-20,Marist,@,Iona,REG (Conf),L 41-49,,12,2,6,.333,0,0,,2,6,.333,.333,2,2,1.000,3,2,5,0,1,0,0,0,6,6.3,Catie Cunningham,https://www.sports-reference.com/cbb/players/catie-cunningham-1.html,marist,2021-22
15,15,15,2022-01-22,Marist,,Niagara,REG (Conf),W 72-65,,17,2,3,.667,0,0,,2,3,.667,.667,2,2,1.000,0,2,2,2,1,2,2,0,6,7.1,Catie Cunningham,https://www.sports-reference.com/cbb/players/catie-cunningham-1.html,marist,2021-22
16,16,16,2022-01-24,Marist,,Canisius,REG (Conf),W 57-44,,17,2,4,.500,0,0,,2,4,.500,.500,0,0,,2,1,3,2,2,0,0,0,4,7.1,Catie Cunningham,https://www.sports-reference.com/cbb/players/catie-cunningham-1.html,marist,2021-22
17,17,17,2022-01-27,Marist,,Fairfield,REG (Conf),L 39-59,,12,1,3,.333,0,0,,1,3,.333,.333,0,0,,0,0,0,1,1,0,1,1,2,0.6,Catie Cunningham,https://www.sports-reference.com/cbb/players/catie-cunningham-1.html,marist,2021-22
18,18,18,2022-01-30,Marist,@,Saint Peter's,REG (Conf),L 45-58,,14,0,3,.000,0,0,,0,3,.000,.000,0,0,,1,0,1,1,2,0,0,5,0,-0.7,Catie Cunningham,https://www.sports-reference.com/cbb/players/catie-cunningham-1.html,marist,2021-22
19,19,19,2022-02-03,Marist,@,Quinnipiac,REG (Conf),L 50-61,,12,0,3,.000,0,1,.000,0,2,.000,.000,0,0,,0,0,0,0,0,0,0,1,0,-2.5,Catie Cunningham,https://www.sports-reference.com/cbb/players/catie-cunningham-1.html,marist,2021-22
20,20,20,2022-02-05,Marist,,Rider,REG (Conf),L 50-60,,12,1,2,.500,0,0,,1,2,.500,.500,0,0,,1,0,1,0,0,0,1,0,2,0.7,Catie Cunningham,https://www.sports-reference.com/cbb/players/catie-cunningham-1.html,marist,2021-22
21,21,21,2022-02-10,Marist,@,Niagara,REG (Conf),L 67-85,,27,6,10,.600,0,0,,6,10,.600,.600,1,2,.500,4,4,8,1,0,0,1,0,13,11.7,Catie Cunningham,https://www.sports-reference.com/cbb/players/catie-cunningham-1.html,marist,2021-22
22,22,22,2022-02-12,Marist,@,Canisius,REG (Conf),L 61-65,,11,1,5,.200,0,2,.000,1,3,.333,.200,0,0,,0,3,3,0,0,0,0,1,2,-0.6,Catie Cunningham,https://www.sports-reference.com/cbb/players/catie-cunningham-1.html,marist,2021-22
23,23,23,2022-02-17,Marist,,Saint Peter's,REG (Conf),W 51-41,,10,1,2,.500,0,0,,1,2,.500,.500,2,2,1.000,2,2,4,0,0,1,0,1,4,5.3,Catie Cunningham,https://www.sports-reference.com/cbb/players/catie-cunningham-1.html,marist,2021-22
24,24,24,2022-02-19,Marist,@,Siena,REG (Conf),L 45-59,,9,0,1,.000,0,0,,0,1,.000,.000,0,0,,0,0,0,0,0,0,0,0,0,-0.7,Catie Cunningham,https://www.sports-reference.com/cbb/players/catie-cunningham-1.html,marist,2021-22
25,25,25,2022-02-21,Marist,@,Rider,REG (Conf),W 70-62,,8,2,3,.667,0,0,,2,3,.667,.667,0,0,,1,2,3,1,1,0,0,1,4,5.3,Catie Cunningham,https://www.sports-reference.com/cbb/players/catie-cunningham-1.html,marist,2021-22
26,26,26,2022-02-24,Marist,,Quinnipiac,REG (Conf),L 56-65,,8,0,0,,0,0,,0,0,,,0,0,,0,0,0,0,0,0,0,0,0,0.0,Catie Cunningham,https://www.sports-reference.com/cbb/players/catie-cunningham-1.html,marist,2021-22
27,27,27,2022-03-02,Marist,@,Monmouth,REG (Conf),L 44-52,,14,1,1,1.000,0,0,,1,1,1.000,1.000,0,0,,1,0,1,0,0,0,0,0,2,2.4,Catie Cunningham,https://www.sports-reference.com/cbb/players/catie-cunningham-1.html,marist,2021-22
28,28,28,2022-03-05,Marist,,Manhattan,REG (Conf),L 60-68 (OT),,10,0,2,.000,0,0,,0,2,.000,.000,0,0,,1,1,2,0,0,1,1,3,0,-1.9,Catie Cunningham,https://www.sports-reference.com/cbb/players/catie-cunningham-1.html,marist,2021-22
29,29,29,2022-03-08,Marist,@,Saint Peter's,CTOURN,L 29-49,,8,0,0,,0,0,,0,0,,,0,0,,0,1,1,0,0,0,0,0,0,0.3,Catie Cunningham,https://www.sports-reference.com/cbb/players/catie-cunningham-1.html,marist,2021-22
