ranker,player_game_num_career,team_game_num_season,date,team_name_abbr,game_location,opp_name_abbr,game_type,game_result,is_starter,mp,fg,fga,fg_pct,fg3,fg3a,fg3_pct,fg2,fg2a,fg2_pct,efg_pct,ft,fta,ft_pct,orb,drb,trb,ast,stl,blk,tov,pf,pts,game_score,player_name,player_sr_link,school,season
1,19,1,2021-11-09,Marist,@,Drexel,REG (Non-Conf),W 52-50,*,13,0,4,.000,0,2,.000,0,2,.000,.000,0,0,,0,1,1,1,0,0,2,0,0,-3.8,Emma Wax,https://www.sports-reference.com/cbb/players/emma-wax-1.html,marist,2021-22
2,20,2,2021-11-12,Marist,,American,REG (Non-Conf),L 52-59,*,17,1,3,.333,1,2,.500,0,1,.000,.500,0,0,,0,0,0,0,0,0,1,1,3,-0.1,Emma Wax,https://www.sports-reference.com/cbb/players/emma-wax-1.html,marist,2021-22
3,21,3,2021-11-14,Marist,,Vermont,REG (Non-Conf),W 67-50,,19,4,6,.667,2,2,1.000,2,4,.500,.833,0,0,,0,0,0,2,1,0,1,0,10,8.8,Emma Wax,https://www.sports-reference.com/cbb/players/emma-wax-1.html,marist,2021-22
4,22,4,2021-11-19,Marist,@,Arizona,REG (Non-Conf),L 36-78,,24,2,5,.400,0,1,.000,2,4,.500,.400,0,0,,0,4,4,2,0,0,3,0,4,0.9,Emma Wax,https://www.sports-reference.com/cbb/players/emma-wax-1.html,marist,2021-22
5,23,5,2021-11-21,Marist,@,Arizona State,REG (Non-Conf),L 53-82,,26,2,4,.500,2,4,.500,0,0,,.750,0,0,,0,4,4,1,0,0,2,2,6,3.1,Emma Wax,https://www.sports-reference.com/cbb/players/emma-wax-1.html,marist,2021-22
6,24,6,2021-11-28,Marist,,Central Michigan,REG (Non-Conf),L 50-56,*,19,1,7,.143,1,3,.333,0,4,.000,.214,0,0,,0,1,1,0,0,0,0,0,3,-1.2,Emma Wax,https://www.sports-reference.com/cbb/players/emma-wax-1.html,marist,2021-22
7,25,7,2021-12-01,Marist,@,Lafayette,REG (Non-Conf),L 50-53,*,32,1,11,.091,1,8,.125,0,3,.000,.136,0,0,,0,2,2,1,1,1,1,2,3,-3.1,Emma Wax,https://www.sports-reference.com/cbb/players/emma-wax-1.html,marist,2021-22
8,26,8,2021-12-05,Marist,,Columbia,REG (Non-Conf),L 49-78,*,32,2,9,.222,2,8,.250,0,1,.000,.333,0,0,,0,1,1,2,1,0,1,2,6,1.4,Emma Wax,https://www.sports-reference.com/cbb/players/emma-wax-1.html,marist,2021-22
9,27,9,2021-12-18,Marist,@,Fairfield,REG (Conf),L 52-57,,8,0,1,.000,0,1,.000,0,0,,.000,0,0,,0,0,0,0,0,0,0,1,0,-1.1,Emma Wax,https://www.sports-reference.com/cbb/players/emma-wax-1.html,marist,2021-22
10,28,10,2021-12-20,Marist,,Iona,REG (Conf),W 61-49,,15,1,3,.333,1,1,1.000,0,2,.000,.500,0,0,,0,1,1,0,2,1,2,1,3,1.9,Emma Wax,https://www.sports-reference.com/cbb/players/emma-wax-1.html,marist,2021-22
11,29,11,2022-01-08,Marist,@,Manhattan,REG (Conf),L 45-72,,10,0,2,.000,0,2,.000,0,0,,.000,0,0,,0,0,0,0,0,1,1,0,0,-1.7,Emma Wax,https://www.sports-reference.com/cbb/players/emma-wax-1.html,marist,2021-22
12,30,17,2022-01-27,Marist,,Fairfield,REG (Conf),L 39-59,,18,2,8,.250,1,6,.167,1,2,.500,.313,0,0,,0,0,0,3,0,0,2,0,5,0.3,Emma Wax,https://www.sports-reference.com/cbb/players/emma-wax-1.html,marist,2021-22
13,31,18,2022-01-30,Marist,@,Saint Peter's,REG (Conf),L 45-58,,8,1,5,.200,1,5,.200,0,0,,.300,0,0,,1,0,1,2,0,0,0,1,3,1.6,Emma Wax,https://www.sports-reference.com/cbb/players/emma-wax-1.html,marist,2021-22
14,32,19,2022-02-03,Marist,@,Quinnipiac,REG (Conf),L 50-61,,3,0,1,.000,0,0,,0,1,.000,.000,0,0,,0,0,0,1,0,0,0,1,0,-0.4,Emma Wax,https://www.sports-reference.com/cbb/players/emma-wax-1.html,marist,2021-22
15,33,20,2022-02-05,Marist,,Rider,REG (Conf),L 50-60,,1,0,0,,0,0,,0,0,,,0,0,,0,0,0,0,0,0,1,0,0,-1.0,Emma Wax,https://www.sports-reference.com/cbb/players/emma-wax-1.html,marist,2021-22
16,34,21,2022-02-10,Marist,@,Niagara,REG (Conf),L 67-85,,16,1,3,.333,1,1,1.000,0,2,.000,.500,3,4,.750,0,2,2,1,0,0,0,0,6,5.2,Emma Wax,https://www.sports-reference.com/cbb/players/emma-wax-1.html,marist,2021-22
17,35,22,2022-02-12,Marist,@,Canisius,REG (Conf),L 61-65,,6,0,0,,0,0,,0,0,,,0,0,,0,0,0,0,0,1,1,1,0,-0.7,Emma Wax,https://www.sports-reference.com/cbb/players/emma-wax-1.html,marist,2021-22
18,36,23,2022-02-17,Marist,,Saint Peter's,REG (Conf),W 51-41,,7,0,0,,0,0,,0,0,,,0,0,,0,0,0,0,0,0,2,1,0,-2.4,Emma Wax,https://www.sports-reference.com/cbb/players/emma-wax-1.html,marist,2021-22
19,37,24,2022-02-19,Marist,@,Siena,REG (Conf),L 45-59,,1,1,1,1.000,1,1,1.000,0,0,,1.500,0,0,,0,0,0,0,0,0,0,0,3,2.7,Emma Wax,https://www.sports-reference.com/cbb/players/emma-wax-1.html,marist,2021-22
20,38,25,2022-02-21,Marist,@,Rider,REG (Conf),W 70-62,,3,0,0,,0,0,,0,0,,,0,0,,0,0,0,0,0,0,0,0,0,0.0,Emma Wax,https://www.sports-reference.com/cbb/players/emma-wax-1.html,marist,2021-22
21,39,29,2022-03-08,Marist,@,Saint Peter's,CTOURN,L 29-49,,15,0,5,.000,0,3,.000,0,2,.000,.000,0,0,,0,2,2,0,1,0,2,1,0,-4.3,Emma Wax,https://www.sports-reference.com/cbb/players/emma-wax-1.html,marist,2021-22
