ranker,player_game_num_career,team_game_num_season,date,team_name_abbr,game_location,opp_name_abbr,game_type,game_result,is_starter,mp,fg,fga,fg_pct,fg3,fg3a,fg3_pct,fg2,fg2a,fg2_pct,efg_pct,ft,fta,ft_pct,orb,drb,trb,ast,stl,blk,tov,pf,pts,game_score,player_name,player_sr_link,school,season
1,13,1,2021-11-09,Marist,@,Drexel,REG (Non-Conf),W 52-50,,13,0,1,.000,0,0,,0,1,.000,.000,0,0,,0,0,0,0,0,0,1,2,0,-2.5,Erin Fox,https://www.sports-reference.com/cbb/players/erin-fox-1.html,marist,2021-22
2,14,2,2021-11-12,Marist,,American,REG (Non-Conf),L 52-59,,10,1,3,.333,1,2,.500,0,1,.000,.500,0,0,,1,2,3,0,0,0,1,2,3,0.8,Erin Fox,https://www.sports-reference.com/cbb/players/erin-fox-1.html,marist,2021-22
3,15,3,2021-11-14,Marist,,Vermont,REG (Non-Conf),W 67-50,,12,0,3,.000,0,3,.000,0,0,,.000,0,0,,0,1,1,3,0,0,0,1,0,-0.1,Erin Fox,https://www.sports-reference.com/cbb/players/erin-fox-1.html,marist,2021-22
4,16,4,2021-11-19,Marist,@,Arizona,REG (Non-Conf),L 36-78,,15,1,2,.500,0,1,.000,1,1,1.000,.500,0,0,,1,0,1,0,0,0,0,0,2,1.7,Erin Fox,https://www.sports-reference.com/cbb/players/erin-fox-1.html,marist,2021-22
5,17,5,2021-11-21,Marist,@,Arizona State,REG (Non-Conf),L 53-82,,16,2,4,.500,1,1,1.000,1,3,.333,.625,0,0,,3,0,3,0,0,0,1,1,5,3.7,Erin Fox,https://www.sports-reference.com/cbb/players/erin-fox-1.html,marist,2021-22
6,18,6,2021-11-28,Marist,,Central Michigan,REG (Non-Conf),L 50-56,*,20,3,6,.500,2,3,.667,1,3,.333,.667,1,2,.500,0,4,4,0,1,0,1,0,9,6.8,Erin Fox,https://www.sports-reference.com/cbb/players/erin-fox-1.html,marist,2021-22
7,19,7,2021-12-01,Marist,@,Lafayette,REG (Non-Conf),L 50-53,,12,0,2,.000,0,1,.000,0,1,.000,.000,0,0,,3,0,3,1,0,0,2,1,0,-1.0,Erin Fox,https://www.sports-reference.com/cbb/players/erin-fox-1.html,marist,2021-22
8,20,8,2021-12-05,Marist,,Columbia,REG (Non-Conf),L 49-78,,26,0,5,.000,0,2,.000,0,3,.000,.000,2,2,1.000,1,4,5,1,0,2,1,1,2,1.1,Erin Fox,https://www.sports-reference.com/cbb/players/erin-fox-1.html,marist,2021-22
9,21,9,2021-12-18,Marist,@,Fairfield,REG (Conf),L 52-57,,11,1,6,.167,0,3,.000,1,3,.333,.167,1,2,.500,2,0,2,0,0,0,0,3,3,-1.0,Erin Fox,https://www.sports-reference.com/cbb/players/erin-fox-1.html,marist,2021-22
10,22,11,2022-01-08,Marist,@,Manhattan,REG (Conf),L 45-72,,12,0,1,.000,0,0,,0,1,.000,.000,0,0,,0,3,3,1,0,0,0,0,0,0.9,Erin Fox,https://www.sports-reference.com/cbb/players/erin-fox-1.html,marist,2021-22
11,23,12,2022-01-13,Marist,,Siena,REG (Conf),L 53-69,,5,2,2,1.000,0,0,,2,2,1.000,1.000,0,0,,0,1,1,0,0,0,1,0,4,2.7,Erin Fox,https://www.sports-reference.com/cbb/players/erin-fox-1.html,marist,2021-22
12,24,13,2022-01-15,Marist,,Monmouth,REG (Conf),W 71-53,,10,2,5,.400,1,4,.250,1,1,1.000,.500,0,0,,1,2,3,0,1,0,0,3,5,3.4,Erin Fox,https://www.sports-reference.com/cbb/players/erin-fox-1.html,marist,2021-22
13,25,14,2022-01-20,Marist,@,Iona,REG (Conf),L 41-49,,6,0,2,.000,0,0,,0,2,.000,.000,0,0,,1,0,1,0,1,0,0,0,0,0.3,Erin Fox,https://www.sports-reference.com/cbb/players/erin-fox-1.html,marist,2021-22
14,26,15,2022-01-22,Marist,,Niagara,REG (Conf),W 72-65,,1,0,0,,0,0,,0,0,,,0,0,,0,1,1,0,0,0,0,1,0,-0.1,Erin Fox,https://www.sports-reference.com/cbb/players/erin-fox-1.html,marist,2021-22
15,27,16,2022-01-24,Marist,,Canisius,REG (Conf),W 57-44,,5,0,1,.000,0,0,,0,1,.000,.000,0,0,,0,1,1,0,0,0,0,1,0,-0.8,Erin Fox,https://www.sports-reference.com/cbb/players/erin-fox-1.html,marist,2021-22
16,28,17,2022-01-27,Marist,,Fairfield,REG (Conf),L 39-59,,13,0,3,.000,0,2,.000,0,1,.000,.000,0,0,,1,1,2,0,0,1,0,0,0,-0.4,Erin Fox,https://www.sports-reference.com/cbb/players/erin-fox-1.html,marist,2021-22
17,29,18,2022-01-30,Marist,@,Saint Peter's,REG (Conf),L 45-58,,5,0,1,.000,0,1,.000,0,0,,.000,0,0,,0,0,0,0,0,0,1,1,0,-2.1,Erin Fox,https://www.sports-reference.com/cbb/players/erin-fox-1.html,marist,2021-22
18,30,19,2022-02-03,Marist,@,Quinnipiac,REG (Conf),L 50-61,,8,1,3,.333,0,1,.000,1,2,.500,.333,1,1,1.000,0,1,1,0,1,0,0,0,3,2.6,Erin Fox,https://www.sports-reference.com/cbb/players/erin-fox-1.html,marist,2021-22
19,31,20,2022-02-05,Marist,,Rider,REG (Conf),L 50-60,,14,2,4,.500,1,3,.333,1,1,1.000,.625,5,5,1.000,3,1,4,1,1,0,1,3,10,9.9,Erin Fox,https://www.sports-reference.com/cbb/players/erin-fox-1.html,marist,2021-22
20,32,21,2022-02-10,Marist,@,Niagara,REG (Conf),L 67-85,,7,2,2,1.000,1,1,1.000,1,1,1.000,1.250,0,0,,0,0,0,0,0,0,0,1,5,4.0,Erin Fox,https://www.sports-reference.com/cbb/players/erin-fox-1.html,marist,2021-22
21,33,22,2022-02-12,Marist,@,Canisius,REG (Conf),L 61-65,,4,0,1,.000,0,0,,0,1,.000,.000,0,0,,0,1,1,0,0,0,1,0,0,-1.4,Erin Fox,https://www.sports-reference.com/cbb/players/erin-fox-1.html,marist,2021-22
22,34,23,2022-02-17,Marist,,Saint Peter's,REG (Conf),W 51-41,,15,0,6,.000,0,4,.000,0,2,.000,.000,0,0,,0,3,3,0,0,1,1,0,0,-3.6,Erin Fox,https://www.sports-reference.com/cbb/players/erin-fox-1.html,marist,2021-22
23,35,24,2022-02-19,Marist,@,Siena,REG (Conf),L 45-59,,14,2,6,.333,0,2,.000,2,4,.500,.333,0,0,,1,0,1,0,0,0,0,3,4,0.1,Erin Fox,https://www.sports-reference.com/cbb/players/erin-fox-1.html,marist,2021-22
24,36,25,2022-02-21,Marist,@,Rider,REG (Conf),W 70-62,,11,2,3,.667,1,2,.500,1,1,1.000,.833,2,3,.667,3,0,3,1,0,1,0,1,7,8.4,Erin Fox,https://www.sports-reference.com/cbb/players/erin-fox-1.html,marist,2021-22
25,37,26,2022-02-24,Marist,,Quinnipiac,REG (Conf),L 56-65,,14,3,7,.429,1,4,.250,2,3,.667,.500,0,0,,0,0,0,1,0,1,0,0,7,4.7,Erin Fox,https://www.sports-reference.com/cbb/players/erin-fox-1.html,marist,2021-22
26,38,27,2022-03-02,Marist,@,Monmouth,REG (Conf),L 44-52,,6,0,1,.000,0,0,,0,1,.000,.000,0,0,,0,1,1,0,1,0,0,0,0,0.6,Erin Fox,https://www.sports-reference.com/cbb/players/erin-fox-1.html,marist,2021-22
27,39,28,2022-03-05,Marist,,Manhattan,REG (Conf),L 60-68 (OT),,18,1,6,.167,1,1,1.000,0,5,.000,.250,0,0,,2,1,3,1,0,0,2,0,3,-0.4,Erin Fox,https://www.sports-reference.com/cbb/players/erin-fox-1.html,marist,2021-22
28,40,29,2022-03-08,Marist,@,Saint Peter's,CTOURN,L 29-49,,13,1,3,.333,1,2,.500,0,1,.000,.500,1,2,.500,2,2,4,0,0,1,0,1,4,4.2,Erin Fox,https://www.sports-reference.com/cbb/players/erin-fox-1.html,marist,2021-22
