ranker,player_game_num_career,team_game_num_season,date,team_name_abbr,game_location,opp_name_abbr,game_type,game_result,is_starter,mp,fg,fga,fg_pct,fg3,fg3a,fg3_pct,fg2,fg2a,fg2_pct,efg_pct,ft,fta,ft_pct,orb,drb,trb,ast,stl,blk,tov,pf,pts,game_score,player_name,player_sr_link,school,season
1,34,1,2021-11-09,Marist,@,Drexel,REG (Non-Conf),W 52-50,,24,5,10,.500,4,7,.571,1,3,.333,.700,2,4,.500,1,2,3,1,1,0,3,0,16,10.2,Julianna Bonilla,https://www.sports-reference.com/cbb/players/julianna-bonilla-1.html,marist,2021-22
2,35,2,2021-11-12,Marist,,American,REG (Non-Conf),L 52-59,,19,0,2,.000,0,1,.000,0,1,.000,.000,0,0,,0,3,3,0,1,2,1,0,0,0.9,Julianna Bonilla,https://www.sports-reference.com/cbb/players/julianna-bonilla-1.html,marist,2021-22
3,36,3,2021-11-14,Marist,,Vermont,REG (Non-Conf),W 67-50,,16,2,5,.400,1,2,.500,1,3,.333,.500,0,0,,2,3,5,0,0,1,2,2,5,2.5,Julianna Bonilla,https://www.sports-reference.com/cbb/players/julianna-bonilla-1.html,marist,2021-22
4,37,4,2021-11-19,Marist,@,Arizona,REG (Non-Conf),L 36-78,,12,0,3,.000,0,1,.000,0,2,.000,.000,0,0,,1,0,1,0,0,0,3,2,0,-5.2,Julianna Bonilla,https://www.sports-reference.com/cbb/players/julianna-bonilla-1.html,marist,2021-22
5,38,5,2021-11-21,Marist,@,Arizona State,REG (Non-Conf),L 53-82,,13,1,2,.500,1,1,1.000,0,1,.000,.750,0,0,,0,1,1,0,0,0,0,0,3,2.3,Julianna Bonilla,https://www.sports-reference.com/cbb/players/julianna-bonilla-1.html,marist,2021-22
6,39,6,2021-11-28,Marist,,Central Michigan,REG (Non-Conf),L 50-56,*,23,1,4,.250,0,3,.000,1,1,1.000,.250,1,1,1.000,1,2,3,0,0,0,2,1,3,-0.5,Julianna Bonilla,https://www.sports-reference.com/cbb/players/julianna-bonilla-1.html,marist,2021-22
7,40,9,2021-12-18,Marist,@,Fairfield,REG (Conf),L 52-57,,15,1,5,.200,0,4,.000,1,1,1.000,.200,0,0,,0,1,1,0,0,0,2,1,2,-3.2,Julianna Bonilla,https://www.sports-reference.com/cbb/players/julianna-bonilla-1.html,marist,2021-22
8,41,10,2021-12-20,Marist,,Iona,REG (Conf),W 61-49,,25,3,5,.600,1,1,1.000,2,4,.500,.700,0,0,,1,3,4,2,1,0,2,2,7,5.9,Julianna Bonilla,https://www.sports-reference.com/cbb/players/julianna-bonilla-1.html,marist,2021-22
9,42,11,2022-01-08,Marist,@,Manhattan,REG (Conf),L 45-72,,14,1,4,.250,0,2,.000,1,2,.500,.250,0,1,.000,2,1,3,0,0,0,2,1,2,-1.5,Julianna Bonilla,https://www.sports-reference.com/cbb/players/julianna-bonilla-1.html,marist,2021-22
10,43,12,2022-01-13,Marist,,Siena,REG (Conf),L 53-69,,18,4,7,.571,1,3,.333,3,4,.750,.643,0,0,,0,0,0,1,0,0,1,1,9,5.0,Julianna Bonilla,https://www.sports-reference.com/cbb/players/julianna-bonilla-1.html,marist,2021-22
11,44,13,2022-01-15,Marist,,Monmouth,REG (Conf),W 71-53,,15,0,2,.000,0,1,.000,0,1,.000,.000,3,4,.750,0,1,1,2,0,2,2,2,3,1.5,Julianna Bonilla,https://www.sports-reference.com/cbb/players/julianna-bonilla-1.html,marist,2021-22
12,45,14,2022-01-20,Marist,@,Iona,REG (Conf),L 41-49,,15,0,4,.000,0,2,.000,0,2,.000,.000,1,2,.500,0,2,2,4,0,0,1,1,1,-0.2,Julianna Bonilla,https://www.sports-reference.com/cbb/players/julianna-bonilla-1.html,marist,2021-22
13,46,15,2022-01-22,Marist,,Niagara,REG (Conf),W 72-65,,14,1,2,.500,0,1,.000,1,1,1.000,.500,0,0,,0,0,0,2,2,0,0,1,2,4.0,Julianna Bonilla,https://www.sports-reference.com/cbb/players/julianna-bonilla-1.html,marist,2021-22
14,47,16,2022-01-24,Marist,,Canisius,REG (Conf),W 57-44,,17,1,6,.167,0,3,.000,1,3,.333,.167,1,2,.500,2,0,2,0,2,0,0,0,3,2.2,Julianna Bonilla,https://www.sports-reference.com/cbb/players/julianna-bonilla-1.html,marist,2021-22
15,48,17,2022-01-27,Marist,,Fairfield,REG (Conf),L 39-59,,15,0,2,.000,0,0,,0,2,.000,.000,0,0,,1,4,5,2,1,0,2,1,0,0.5,Julianna Bonilla,https://www.sports-reference.com/cbb/players/julianna-bonilla-1.html,marist,2021-22
16,49,18,2022-01-30,Marist,@,Saint Peter's,REG (Conf),L 45-58,,22,3,7,.429,2,4,.500,1,3,.333,.571,0,2,.000,0,2,2,4,0,1,2,0,8,5.6,Julianna Bonilla,https://www.sports-reference.com/cbb/players/julianna-bonilla-1.html,marist,2021-22
17,50,19,2022-02-03,Marist,@,Quinnipiac,REG (Conf),L 50-61,*,29,4,8,.500,0,2,.000,4,6,.667,.500,0,0,,0,2,2,3,0,0,3,3,8,2.5,Julianna Bonilla,https://www.sports-reference.com/cbb/players/julianna-bonilla-1.html,marist,2021-22
18,51,20,2022-02-05,Marist,,Rider,REG (Conf),L 50-60,,28,1,6,.167,0,3,.000,1,3,.333,.167,2,2,1.000,2,2,4,2,0,1,2,1,4,1.9,Julianna Bonilla,https://www.sports-reference.com/cbb/players/julianna-bonilla-1.html,marist,2021-22
19,52,21,2022-02-10,Marist,@,Niagara,REG (Conf),L 67-85,,12,1,2,.500,0,0,,1,2,.500,.500,1,2,.500,0,2,2,0,0,0,3,1,3,-1.2,Julianna Bonilla,https://www.sports-reference.com/cbb/players/julianna-bonilla-1.html,marist,2021-22
20,53,22,2022-02-12,Marist,@,Canisius,REG (Conf),L 61-65,,15,1,3,.333,1,3,.333,0,0,,.500,0,0,,0,5,5,1,1,1,4,1,3,0.8,Julianna Bonilla,https://www.sports-reference.com/cbb/players/julianna-bonilla-1.html,marist,2021-22
21,54,23,2022-02-17,Marist,,Saint Peter's,REG (Conf),W 51-41,,10,0,1,.000,0,1,.000,0,0,,.000,0,0,,1,1,2,1,1,0,4,1,0,-2.4,Julianna Bonilla,https://www.sports-reference.com/cbb/players/julianna-bonilla-1.html,marist,2021-22
22,55,24,2022-02-19,Marist,@,Siena,REG (Conf),L 45-59,,10,0,2,.000,0,2,.000,0,0,,.000,0,0,,1,2,3,2,0,0,0,2,0,0.5,Julianna Bonilla,https://www.sports-reference.com/cbb/players/julianna-bonilla-1.html,marist,2021-22
23,56,25,2022-02-21,Marist,@,Rider,REG (Conf),W 70-62,,13,0,3,.000,0,3,.000,0,0,,.000,1,2,.500,0,1,1,2,1,0,0,0,1,1.2,Julianna Bonilla,https://www.sports-reference.com/cbb/players/julianna-bonilla-1.html,marist,2021-22
24,57,26,2022-02-24,Marist,,Quinnipiac,REG (Conf),L 56-65,,10,0,1,.000,0,0,,0,1,.000,.000,0,0,,0,1,1,0,0,0,1,1,0,-1.8,Julianna Bonilla,https://www.sports-reference.com/cbb/players/julianna-bonilla-1.html,marist,2021-22
25,58,27,2022-03-02,Marist,@,Monmouth,REG (Conf),L 44-52,,17,2,4,.500,1,3,.333,1,1,1.000,.625,0,0,,1,5,6,2,1,0,1,1,5,6.2,Julianna Bonilla,https://www.sports-reference.com/cbb/players/julianna-bonilla-1.html,marist,2021-22
26,59,28,2022-03-05,Marist,,Manhattan,REG (Conf),L 60-68 (OT),,6,0,3,.000,0,2,.000,0,1,.000,.000,0,0,,0,3,3,0,0,0,1,0,0,-2.2,Julianna Bonilla,https://www.sports-reference.com/cbb/players/julianna-bonilla-1.html,marist,2021-22
27,60,29,2022-03-08,Marist,@,Saint Peter's,CTOURN,L 29-49,,22,0,6,.000,0,3,.000,0,3,.000,.000,0,0,,1,4,5,1,1,0,3,0,0,-3.6,Julianna Bonilla,https://www.sports-reference.com/cbb/players/julianna-bonilla-1.html,marist,2021-22
