ranker,player_game_num_career,team_game_num_season,date,team_name_abbr,game_location,opp_name_abbr,game_type,game_result,is_starter,mp,fg,fga,fg_pct,fg3,fg3a,fg3_pct,fg2,fg2a,fg2_pct,efg_pct,ft,fta,ft_pct,orb,drb,trb,ast,stl,blk,tov,pf,pts,game_score,player_name,player_sr_link,school,season
1,80,1,2021-11-09,Marist,@,Drexel,REG (Non-Conf),W 52-50,*,37,0,1,.000,0,0,,0,1,.000,.000,3,4,.750,1,4,5,4,2,0,0,1,3,8.2,Kendall Krick,https://www.sports-reference.com/cbb/players/kendall-krick-1.html,marist,2021-22
2,81,2,2021-11-12,Marist,,American,REG (Non-Conf),L 52-59,*,30,1,5,.200,0,2,.000,1,3,.333,.200,1,5,.200,0,1,1,0,2,0,1,2,3,-1.2,Kendall Krick,https://www.sports-reference.com/cbb/players/kendall-krick-1.html,marist,2021-22
3,82,3,2021-11-14,Marist,,Vermont,REG (Non-Conf),W 67-50,*,23,2,4,.500,1,1,1.000,1,3,.333,.625,0,0,,2,3,5,0,1,1,1,3,5,4.8,Kendall Krick,https://www.sports-reference.com/cbb/players/kendall-krick-1.html,marist,2021-22
4,83,4,2021-11-19,Marist,@,Arizona,REG (Non-Conf),L 36-78,*,24,4,7,.571,0,1,.000,4,6,.667,.571,0,0,,1,0,1,1,3,0,0,0,8,9.1,Kendall Krick,https://www.sports-reference.com/cbb/players/kendall-krick-1.html,marist,2021-22
5,84,5,2021-11-21,Marist,@,Arizona State,REG (Non-Conf),L 53-82,*,34,2,6,.333,0,2,.000,2,4,.500,.333,3,3,1.000,0,1,1,3,2,0,1,1,7,6.6,Kendall Krick,https://www.sports-reference.com/cbb/players/kendall-krick-1.html,marist,2021-22
6,85,6,2021-11-28,Marist,,Central Michigan,REG (Non-Conf),L 50-56,*,34,3,4,.750,1,1,1.000,2,3,.667,.875,2,4,.500,1,4,5,1,0,0,1,5,9,6.2,Kendall Krick,https://www.sports-reference.com/cbb/players/kendall-krick-1.html,marist,2021-22
7,86,9,2021-12-18,Marist,@,Fairfield,REG (Conf),L 52-57,*,30,1,2,.500,0,1,.000,1,1,1.000,.500,1,1,1.000,0,4,4,2,2,0,0,0,3,6.6,Kendall Krick,https://www.sports-reference.com/cbb/players/kendall-krick-1.html,marist,2021-22
8,87,10,2021-12-20,Marist,,Iona,REG (Conf),W 61-49,*,29,2,5,.400,0,2,.000,2,3,.667,.400,0,0,,1,2,3,0,2,0,3,3,4,0.4,Kendall Krick,https://www.sports-reference.com/cbb/players/kendall-krick-1.html,marist,2021-22
9,88,11,2022-01-08,Marist,@,Manhattan,REG (Conf),L 45-72,*,26,2,6,.333,1,4,.250,1,2,.500,.417,0,0,,1,4,5,3,3,0,1,1,5,7.2,Kendall Krick,https://www.sports-reference.com/cbb/players/kendall-krick-1.html,marist,2021-22
10,89,12,2022-01-13,Marist,,Siena,REG (Conf),L 53-69,*,31,0,4,.000,0,2,.000,0,2,.000,.000,0,0,,1,1,2,2,2,0,1,0,0,0.6,Kendall Krick,https://www.sports-reference.com/cbb/players/kendall-krick-1.html,marist,2021-22
11,90,13,2022-01-15,Marist,,Monmouth,REG (Conf),W 71-53,*,28,1,2,.500,0,1,.000,1,1,1.000,.500,0,0,,2,1,3,0,3,0,3,0,2,2.7,Kendall Krick,https://www.sports-reference.com/cbb/players/kendall-krick-1.html,marist,2021-22
12,91,14,2022-01-20,Marist,@,Iona,REG (Conf),L 41-49,*,30,0,2,.000,0,1,.000,0,1,.000,.000,0,0,,1,3,4,0,0,1,1,2,0,-0.9,Kendall Krick,https://www.sports-reference.com/cbb/players/kendall-krick-1.html,marist,2021-22
13,92,15,2022-01-22,Marist,,Niagara,REG (Conf),W 72-65,*,32,7,9,.778,0,1,.000,7,8,.875,.778,0,0,,1,5,6,2,3,0,2,1,14,14.7,Kendall Krick,https://www.sports-reference.com/cbb/players/kendall-krick-1.html,marist,2021-22
14,93,16,2022-01-24,Marist,,Canisius,REG (Conf),W 57-44,*,36,1,5,.200,0,2,.000,1,3,.333,.200,3,4,.750,0,7,7,3,1,1,2,2,5,4.6,Kendall Krick,https://www.sports-reference.com/cbb/players/kendall-krick-1.html,marist,2021-22
15,94,17,2022-01-27,Marist,,Fairfield,REG (Conf),L 39-59,*,28,2,4,.500,0,2,.000,2,2,1.000,.500,0,0,,1,3,4,2,1,0,3,1,4,2.6,Kendall Krick,https://www.sports-reference.com/cbb/players/kendall-krick-1.html,marist,2021-22
16,95,18,2022-01-30,Marist,@,Saint Peter's,REG (Conf),L 45-58,*,32,6,13,.462,0,2,.000,6,11,.545,.462,2,2,1.000,3,2,5,0,2,0,3,3,14,7.8,Kendall Krick,https://www.sports-reference.com/cbb/players/kendall-krick-1.html,marist,2021-22
17,96,19,2022-02-03,Marist,@,Quinnipiac,REG (Conf),L 50-61,*,35,3,8,.375,0,1,.000,3,7,.429,.375,1,2,.500,1,7,8,0,1,0,0,3,7,4.8,Kendall Krick,https://www.sports-reference.com/cbb/players/kendall-krick-1.html,marist,2021-22
18,97,20,2022-02-05,Marist,,Rider,REG (Conf),L 50-60,*,32,1,5,.200,0,1,.000,1,4,.250,.200,3,3,1.000,1,3,4,2,0,0,1,3,5,2.7,Kendall Krick,https://www.sports-reference.com/cbb/players/kendall-krick-1.html,marist,2021-22
19,98,21,2022-02-10,Marist,@,Niagara,REG (Conf),L 67-85,*,25,5,7,.714,2,3,.667,3,4,.750,.857,0,0,,0,2,2,0,2,0,2,2,12,8.9,Kendall Krick,https://www.sports-reference.com/cbb/players/kendall-krick-1.html,marist,2021-22
20,99,22,2022-02-12,Marist,@,Canisius,REG (Conf),L 61-65,*,35,6,10,.600,0,1,.000,6,9,.667,.600,1,1,1.000,1,2,3,0,1,0,4,2,13,5.9,Kendall Krick,https://www.sports-reference.com/cbb/players/kendall-krick-1.html,marist,2021-22
21,100,23,2022-02-17,Marist,,Saint Peter's,REG (Conf),W 51-41,*,34,2,5,.400,0,1,.000,2,4,.500,.400,3,4,.750,2,2,4,1,2,0,0,1,7,8.2,Kendall Krick,https://www.sports-reference.com/cbb/players/kendall-krick-1.html,marist,2021-22
22,101,24,2022-02-19,Marist,@,Siena,REG (Conf),L 45-59,*,30,5,9,.556,0,1,.000,5,8,.625,.556,1,1,1.000,1,2,3,0,0,0,2,4,11,4.4,Kendall Krick,https://www.sports-reference.com/cbb/players/kendall-krick-1.html,marist,2021-22
23,102,25,2022-02-21,Marist,@,Rider,REG (Conf),W 70-62,*,32,7,10,.700,2,4,.500,5,6,.833,.800,4,4,1.000,0,2,2,2,1,0,1,0,20,17.8,Kendall Krick,https://www.sports-reference.com/cbb/players/kendall-krick-1.html,marist,2021-22
24,103,26,2022-02-24,Marist,,Quinnipiac,REG (Conf),L 56-65,*,37,3,6,.500,0,1,.000,3,5,.600,.500,0,0,,2,3,5,2,1,0,1,1,6,6.3,Kendall Krick,https://www.sports-reference.com/cbb/players/kendall-krick-1.html,marist,2021-22
25,104,27,2022-03-02,Marist,@,Monmouth,REG (Conf),L 44-52,*,34,3,8,.375,0,1,.000,3,7,.429,.375,0,0,,2,2,4,1,0,0,2,2,6,1.5,Kendall Krick,https://www.sports-reference.com/cbb/players/kendall-krick-1.html,marist,2021-22
26,105,28,2022-03-05,Marist,,Manhattan,REG (Conf),L 60-68 (OT),*,41,7,17,.412,5,11,.455,2,6,.333,.559,2,4,.500,3,2,5,2,2,0,0,4,21,15.6,Kendall Krick,https://www.sports-reference.com/cbb/players/kendall-krick-1.html,marist,2021-22
27,106,29,2022-03-08,Marist,@,Saint Peter's,CTOURN,L 29-49,*,35,4,12,.333,0,4,.000,4,8,.500,.333,2,3,.667,1,1,2,0,1,0,2,2,10,2.0,Kendall Krick,https://www.sports-reference.com/cbb/players/kendall-krick-1.html,marist,2021-22
