ranker,player_game_num_career,team_game_num_season,date,team_name_abbr,game_location,opp_name_abbr,game_type,game_result,is_starter,mp,fg,fga,fg_pct,fg3,fg3a,fg3_pct,fg2,fg2a,fg2_pct,efg_pct,ft,fta,ft_pct,orb,drb,trb,ast,stl,blk,tov,pf,pts,game_score,player_name,player_sr_link,school,season
1,11,1,2021-11-09,Marist,@,Drexel,REG (Non-Conf),W 52-50,*,25,4,7,.571,1,2,.500,3,5,.600,.643,2,3,.667,0,1,1,1,2,0,4,3,11,5.1,Kiara Fisher,https://www.sports-reference.com/cbb/players/kiara-fisher-1.html,marist,2021-22
2,12,2,2021-11-12,Marist,,American,REG (Non-Conf),L 52-59,*,35,7,17,.412,3,5,.600,4,12,.333,.500,8,10,.800,2,1,3,3,2,0,5,1,25,15.5,Kiara Fisher,https://www.sports-reference.com/cbb/players/kiara-fisher-1.html,marist,2021-22
3,13,3,2021-11-14,Marist,,Vermont,REG (Non-Conf),W 67-50,*,30,8,10,.800,1,2,.500,7,8,.875,.850,0,0,,0,5,5,8,2,1,2,1,17,20.6,Kiara Fisher,https://www.sports-reference.com/cbb/players/kiara-fisher-1.html,marist,2021-22
4,14,4,2021-11-19,Marist,@,Arizona,REG (Non-Conf),L 36-78,*,30,1,9,.111,1,4,.250,0,5,.000,.167,0,0,,1,3,4,2,1,0,3,2,3,-2.7,Kiara Fisher,https://www.sports-reference.com/cbb/players/kiara-fisher-1.html,marist,2021-22
5,15,5,2021-11-21,Marist,@,Arizona State,REG (Non-Conf),L 53-82,*,14,1,3,.333,0,0,,1,3,.333,.333,0,0,,1,1,2,2,1,0,6,0,2,-2.3,Kiara Fisher,https://www.sports-reference.com/cbb/players/kiara-fisher-1.html,marist,2021-22
6,16,6,2021-11-28,Marist,,Central Michigan,REG (Non-Conf),L 50-56,,34,2,10,.200,1,5,.200,1,5,.200,.250,2,4,.500,0,2,2,4,2,1,4,1,7,1.7,Kiara Fisher,https://www.sports-reference.com/cbb/players/kiara-fisher-1.html,marist,2021-22
7,17,7,2021-12-01,Marist,@,Lafayette,REG (Non-Conf),L 50-53,*,38,6,20,.300,0,3,.000,6,17,.353,.300,0,1,.000,1,7,8,2,0,0,2,2,12,1.4,Kiara Fisher,https://www.sports-reference.com/cbb/players/kiara-fisher-1.html,marist,2021-22
8,18,8,2021-12-05,Marist,,Columbia,REG (Non-Conf),L 49-78,*,33,6,15,.400,1,1,1.000,5,14,.357,.433,6,7,.857,0,4,4,2,0,0,5,0,19,8.1,Kiara Fisher,https://www.sports-reference.com/cbb/players/kiara-fisher-1.html,marist,2021-22
9,19,9,2021-12-18,Marist,@,Fairfield,REG (Conf),L 52-57,*,37,5,13,.385,1,4,.250,4,9,.444,.423,6,7,.857,0,4,4,3,3,0,2,1,17,13.4,Kiara Fisher,https://www.sports-reference.com/cbb/players/kiara-fisher-1.html,marist,2021-22
10,20,10,2021-12-20,Marist,,Iona,REG (Conf),W 61-49,*,33,5,15,.333,1,3,.333,4,12,.333,.367,6,7,.857,1,2,3,6,4,1,2,1,17,15.9,Kiara Fisher,https://www.sports-reference.com/cbb/players/kiara-fisher-1.html,marist,2021-22
11,21,11,2022-01-08,Marist,@,Manhattan,REG (Conf),L 45-72,*,28,1,10,.100,0,2,.000,1,8,.125,.100,2,2,1.000,0,0,0,5,2,0,4,1,4,-1.5,Kiara Fisher,https://www.sports-reference.com/cbb/players/kiara-fisher-1.html,marist,2021-22
12,22,12,2022-01-13,Marist,,Siena,REG (Conf),L 53-69,*,32,3,10,.300,0,3,.000,3,7,.429,.300,3,4,.750,1,1,2,7,5,0,3,3,9,9.5,Kiara Fisher,https://www.sports-reference.com/cbb/players/kiara-fisher-1.html,marist,2021-22
13,23,13,2022-01-15,Marist,,Monmouth,REG (Conf),W 71-53,*,26,10,12,.833,0,0,,10,12,.833,.833,2,4,.500,0,4,4,2,2,0,6,3,22,14.2,Kiara Fisher,https://www.sports-reference.com/cbb/players/kiara-fisher-1.html,marist,2021-22
14,24,14,2022-01-20,Marist,@,Iona,REG (Conf),L 41-49,,31,5,10,.500,2,5,.400,3,5,.600,.600,4,4,1.000,1,3,4,2,2,1,7,1,16,9.3,Kiara Fisher,https://www.sports-reference.com/cbb/players/kiara-fisher-1.html,marist,2021-22
15,25,15,2022-01-22,Marist,,Niagara,REG (Conf),W 72-65,*,32,2,8,.250,0,2,.000,2,6,.333,.250,4,8,.500,0,3,3,8,6,0,8,2,8,5.3,Kiara Fisher,https://www.sports-reference.com/cbb/players/kiara-fisher-1.html,marist,2021-22
