ranker,player_game_num_career,team_game_num_season,date,team_name_abbr,game_location,opp_name_abbr,game_type,game_result,is_starter,mp,fg,fga,fg_pct,fg3,fg3a,fg2,fg2a,fg2_pct,efg_pct,ft,fta,ft_pct,orb,drb,trb,ast,stl,blk,tov,pf,pts,game_score,player_name,player_sr_link,school,season
1,1,3,2021-11-14,Marist,,Vermont,REG (Non-Conf),W 67-50,,6,0,1,.000,0,0,0,1,.000,.000,0,0,,0,0,0,0,0,0,0,0,0,-0.7,McKenna Rife,https://www.sports-reference.com/cbb/players/mckenna-rife-1.html,marist,2021-22
2,2,4,2021-11-19,Marist,@,Arizona,REG (Non-Conf),L 36-78,,5,0,0,,0,0,0,0,,,0,0,,0,1,1,0,0,0,0,0,0,0.3,McKenna Rife,https://www.sports-reference.com/cbb/players/mckenna-rife-1.html,marist,2021-22
3,3,5,2021-11-21,Marist,@,Arizona State,REG (Non-Conf),L 53-82,,3,0,0,,0,0,0,0,,,0,0,,0,0,0,0,0,0,0,1,0,-0.4,McKenna Rife,https://www.sports-reference.com/cbb/players/mckenna-rife-1.html,marist,2021-22
4,4,8,2021-12-05,Marist,,Columbia,REG (Non-Conf),L 49-78,,7,1,3,.333,0,0,1,3,.333,.333,0,1,.000,1,0,1,0,0,1,0,3,2,0.1,McKenna Rife,https://www.sports-reference.com/cbb/players/mckenna-rife-1.html,marist,2021-22
5,5,11,2022-01-08,Marist,@,Manhattan,REG (Conf),L 45-72,,2,0,0,,0,0,0,0,,,0,0,,0,0,0,0,0,0,0,0,0,0.0,McKenna Rife,https://www.sports-reference.com/cbb/players/mckenna-rife-1.html,marist,2021-22
6,6,13,2022-01-15,Marist,,Monmouth,REG (Conf),W 71-53,,2,0,2,.000,0,0,0,2,.000,.000,0,0,,0,0,0,0,0,0,0,1,0,-1.8,McKenna Rife,https://www.sports-reference.com/cbb/players/mckenna-rife-1.html,marist,2021-22
7,7,16,2022-01-24,Marist,,Canisius,REG (Conf),W 57-44,,0,0,0,,0,0,0,0,,,0,0,,0,0,0,0,0,0,0,0,0,0.0,McKenna Rife,https://www.sports-reference.com/cbb/players/mckenna-rife-1.html,marist,2021-22
8,8,17,2022-01-27,Marist,,Fairfield,REG (Conf),L 39-59,,2,0,0,,0,0,0,0,,,0,0,,0,1,1,0,0,0,0,1,0,-0.1,McKenna Rife,https://www.sports-reference.com/cbb/players/mckenna-rife-1.html,marist,2021-22
9,9,29,2022-03-08,Marist,@,Saint Peter's,CTOURN,L 29-49,,1,0,0,,0,0,0,0,,,0,0,,1,0,1,0,0,0,0,1,0,0.3,McKenna Rife,https://www.sports-reference.com/cbb/players/mckenna-rife-1.html,marist,2021-22
