ranker,player_game_num_career,team_game_num_season,date,team_name_abbr,game_location,opp_name_abbr,game_type,game_result,is_starter,mp,fg,fga,fg_pct,fg3,fg3a,fg3_pct,fg2,fg2a,fg2_pct,efg_pct,ft,fta,ft_pct,orb,drb,trb,ast,stl,blk,tov,pf,pts,game_score,player_name,player_sr_link,school,season
1,44,1,2021-11-09,Marist,@,Drexel,REG (Non-Conf),W 52-50,*,30,3,6,.500,1,3,.333,2,3,.667,.583,0,0,,1,3,4,1,1,0,2,4,7,3.7,Samantha Bailey,https://www.sports-reference.com/cbb/players/samantha-bailey-1.html,marist,2021-22
2,45,2,2021-11-12,Marist,,American,REG (Non-Conf),L 52-59,*,29,1,4,.250,0,2,.000,1,2,.500,.250,0,0,,1,5,6,0,0,0,3,1,2,-1.6,Samantha Bailey,https://www.sports-reference.com/cbb/players/samantha-bailey-1.html,marist,2021-22
3,46,3,2021-11-14,Marist,,Vermont,REG (Non-Conf),W 67-50,*,22,2,7,.286,1,4,.250,1,3,.333,.357,0,0,,0,4,4,0,0,1,1,0,5,1.8,Samantha Bailey,https://www.sports-reference.com/cbb/players/samantha-bailey-1.html,marist,2021-22
4,47,4,2021-11-19,Marist,@,Arizona,REG (Non-Conf),L 36-78,*,23,2,8,.250,0,4,.000,2,4,.500,.250,0,0,,0,0,0,0,0,0,0,0,4,-0.8,Samantha Bailey,https://www.sports-reference.com/cbb/players/samantha-bailey-1.html,marist,2021-22
5,48,5,2021-11-21,Marist,@,Arizona State,REG (Non-Conf),L 53-82,*,30,2,6,.333,1,3,.333,1,3,.333,.417,1,2,.500,0,1,1,1,0,1,4,1,6,-0.5,Samantha Bailey,https://www.sports-reference.com/cbb/players/samantha-bailey-1.html,marist,2021-22
6,49,6,2021-11-28,Marist,,Central Michigan,REG (Non-Conf),L 50-56,*,20,2,3,.667,0,0,,2,3,.667,.667,0,0,,0,2,2,0,0,0,2,0,4,1.3,Samantha Bailey,https://www.sports-reference.com/cbb/players/samantha-bailey-1.html,marist,2021-22
7,50,7,2021-12-01,Marist,@,Lafayette,REG (Non-Conf),L 50-53,*,31,1,5,.200,0,1,.000,1,4,.250,.200,4,4,1.000,1,4,5,0,0,0,0,3,6,3.6,Samantha Bailey,https://www.sports-reference.com/cbb/players/samantha-bailey-1.html,marist,2021-22
8,51,8,2021-12-05,Marist,,Columbia,REG (Non-Conf),L 49-78,*,27,1,8,.125,0,2,.000,1,6,.167,.125,2,4,.500,1,7,8,0,0,0,0,0,4,0.8,Samantha Bailey,https://www.sports-reference.com/cbb/players/samantha-bailey-1.html,marist,2021-22
9,52,9,2021-12-18,Marist,@,Fairfield,REG (Conf),L 52-57,*,35,0,4,.000,0,2,.000,0,2,.000,.000,0,0,,1,1,2,2,3,0,1,1,0,1.2,Samantha Bailey,https://www.sports-reference.com/cbb/players/samantha-bailey-1.html,marist,2021-22
10,53,10,2021-12-20,Marist,,Iona,REG (Conf),W 61-49,*,22,3,4,.750,1,1,1.000,2,3,.667,.875,0,0,,2,1,3,1,1,0,2,1,7,6.4,Samantha Bailey,https://www.sports-reference.com/cbb/players/samantha-bailey-1.html,marist,2021-22
11,54,11,2022-01-08,Marist,@,Manhattan,REG (Conf),L 45-72,*,22,1,5,.200,0,3,.000,1,2,.500,.200,0,0,,1,4,5,0,3,1,1,3,2,2.3,Samantha Bailey,https://www.sports-reference.com/cbb/players/samantha-bailey-1.html,marist,2021-22
12,55,12,2022-01-13,Marist,,Siena,REG (Conf),L 53-69,*,12,2,3,.667,0,1,.000,2,2,1.000,.667,0,0,,0,2,2,1,0,0,3,2,4,0.2,Samantha Bailey,https://www.sports-reference.com/cbb/players/samantha-bailey-1.html,marist,2021-22
13,56,13,2022-01-15,Marist,,Monmouth,REG (Conf),W 71-53,*,22,2,3,.667,1,1,1.000,1,2,.500,.833,2,2,1.000,0,2,2,1,2,0,2,1,7,6.6,Samantha Bailey,https://www.sports-reference.com/cbb/players/samantha-bailey-1.html,marist,2021-22
14,57,14,2022-01-20,Marist,@,Iona,REG (Conf),L 41-49,*,32,1,2,.500,0,1,.000,1,1,1.000,.500,1,2,.500,1,2,3,0,1,2,0,2,3,4.5,Samantha Bailey,https://www.sports-reference.com/cbb/players/samantha-bailey-1.html,marist,2021-22
15,58,15,2022-01-22,Marist,,Niagara,REG (Conf),W 72-65,*,19,1,3,.333,0,1,.000,1,2,.500,.333,0,0,,3,2,5,1,0,0,2,2,2,0.9,Samantha Bailey,https://www.sports-reference.com/cbb/players/samantha-bailey-1.html,marist,2021-22
16,59,16,2022-01-24,Marist,,Canisius,REG (Conf),W 57-44,*,21,4,13,.308,0,3,.000,4,10,.400,.308,0,0,,1,3,4,1,0,0,1,1,8,1.4,Samantha Bailey,https://www.sports-reference.com/cbb/players/samantha-bailey-1.html,marist,2021-22
17,60,17,2022-01-27,Marist,,Fairfield,REG (Conf),L 39-59,*,25,0,5,.000,0,2,.000,0,3,.000,.000,0,0,,0,5,5,1,2,1,1,0,0,0.4,Samantha Bailey,https://www.sports-reference.com/cbb/players/samantha-bailey-1.html,marist,2021-22
18,61,18,2022-01-30,Marist,@,Saint Peter's,REG (Conf),L 45-58,*,31,1,5,.200,0,2,.000,1,3,.333,.200,0,0,,1,3,4,0,1,1,2,1,2,-0.2,Samantha Bailey,https://www.sports-reference.com/cbb/players/samantha-bailey-1.html,marist,2021-22
19,62,19,2022-02-03,Marist,@,Quinnipiac,REG (Conf),L 50-61,*,30,3,6,.500,1,3,.333,2,3,.667,.583,0,0,,1,0,1,0,1,1,1,3,7,4.2,Samantha Bailey,https://www.sports-reference.com/cbb/players/samantha-bailey-1.html,marist,2021-22
20,63,20,2022-02-05,Marist,,Rider,REG (Conf),L 50-60,*,32,2,4,.500,1,1,1.000,1,3,.333,.625,2,4,.500,1,3,4,0,0,0,3,3,7,1.6,Samantha Bailey,https://www.sports-reference.com/cbb/players/samantha-bailey-1.html,marist,2021-22
21,64,21,2022-02-10,Marist,@,Niagara,REG (Conf),L 67-85,*,24,2,8,.250,0,2,.000,2,6,.333,.250,0,0,,2,5,7,1,1,1,1,0,4,3.5,Samantha Bailey,https://www.sports-reference.com/cbb/players/samantha-bailey-1.html,marist,2021-22
22,65,22,2022-02-12,Marist,@,Canisius,REG (Conf),L 61-65,*,23,1,5,.200,0,1,.000,1,4,.250,.200,1,2,.500,2,2,4,0,0,1,0,3,3,1.0,Samantha Bailey,https://www.sports-reference.com/cbb/players/samantha-bailey-1.html,marist,2021-22
23,66,23,2022-02-17,Marist,,Saint Peter's,REG (Conf),W 51-41,*,25,1,8,.125,0,2,.000,1,6,.167,.125,2,2,1.000,1,4,5,0,1,0,1,1,4,0.3,Samantha Bailey,https://www.sports-reference.com/cbb/players/samantha-bailey-1.html,marist,2021-22
24,67,24,2022-02-19,Marist,@,Siena,REG (Conf),L 45-59,*,19,1,3,.333,0,1,.000,1,2,.500,.333,0,0,,1,2,3,0,0,0,1,3,2,-0.6,Samantha Bailey,https://www.sports-reference.com/cbb/players/samantha-bailey-1.html,marist,2021-22
25,68,25,2022-02-21,Marist,@,Rider,REG (Conf),W 70-62,*,28,2,4,.500,0,1,.000,2,3,.667,.500,1,2,.500,1,5,6,2,3,0,4,3,5,4.0,Samantha Bailey,https://www.sports-reference.com/cbb/players/samantha-bailey-1.html,marist,2021-22
26,69,26,2022-02-24,Marist,,Quinnipiac,REG (Conf),L 56-65,*,28,3,7,.429,2,3,.667,1,4,.250,.571,0,0,,1,4,5,0,1,1,1,1,8,6.5,Samantha Bailey,https://www.sports-reference.com/cbb/players/samantha-bailey-1.html,marist,2021-22
27,70,27,2022-03-02,Marist,@,Monmouth,REG (Conf),L 44-52,*,28,2,8,.250,0,2,.000,2,6,.333,.250,1,2,.500,0,2,2,1,0,0,1,2,5,-0.7,Samantha Bailey,https://www.sports-reference.com/cbb/players/samantha-bailey-1.html,marist,2021-22
28,71,28,2022-03-05,Marist,,Manhattan,REG (Conf),L 60-68 (OT),*,42,4,8,.500,3,5,.600,1,3,.333,.688,0,0,,3,2,5,3,0,0,1,3,11,9.6,Samantha Bailey,https://www.sports-reference.com/cbb/players/samantha-bailey-1.html,marist,2021-22
29,72,29,2022-03-08,Marist,@,Saint Peter's,CTOURN,L 29-49,*,26,2,6,.333,0,4,.000,2,2,1.000,.333,1,1,1.000,0,4,4,0,2,0,1,0,5,3.8,Samantha Bailey,https://www.sports-reference.com/cbb/players/samantha-bailey-1.html,marist,2021-22
