ranker,player_game_num_career,team_game_num_season,date,team_name_abbr,game_location,opp_name_abbr,game_type,game_result,is_starter,mp,fg,fga,fg_pct,fg3,fg3a,fg3_pct,fg2,fg2a,fg2_pct,efg_pct,ft,fta,ft_pct,orb,drb,trb,ast,stl,blk,tov,pf,pts,game_score,player_name,player_sr_link,school,season
1,1,1,2021-11-09,Marist,@,Drexel,REG (Non-Conf),W 52-50,,3,0,1,.000,0,0,,0,1,.000,.000,0,0,,0,0,0,0,0,0,1,0,0,-1.7,Siobhan Boylan,https://www.sports-reference.com/cbb/players/siobhan-boylan-1.html,marist,2021-22
2,2,2,2021-11-12,Marist,,American,REG (Non-Conf),L 52-59,,2,0,0,,0,0,,0,0,,,0,0,,0,1,1,0,0,0,0,1,0,-0.1,Siobhan Boylan,https://www.sports-reference.com/cbb/players/siobhan-boylan-1.html,marist,2021-22
3,3,3,2021-11-14,Marist,,Vermont,REG (Non-Conf),W 67-50,,8,0,1,.000,0,0,,0,1,.000,.000,0,0,,0,2,2,0,0,0,0,0,0,-0.1,Siobhan Boylan,https://www.sports-reference.com/cbb/players/siobhan-boylan-1.html,marist,2021-22
4,4,4,2021-11-19,Marist,@,Arizona,REG (Non-Conf),L 36-78,,8,0,2,.000,0,1,.000,0,1,.000,.000,0,0,,0,0,0,0,0,1,0,0,0,-0.7,Siobhan Boylan,https://www.sports-reference.com/cbb/players/siobhan-boylan-1.html,marist,2021-22
5,5,5,2021-11-21,Marist,@,Arizona State,REG (Non-Conf),L 53-82,,7,0,0,,0,0,,0,0,,,0,0,,0,1,1,0,0,0,0,0,0,0.3,Siobhan Boylan,https://www.sports-reference.com/cbb/players/siobhan-boylan-1.html,marist,2021-22
6,6,7,2021-12-01,Marist,@,Lafayette,REG (Non-Conf),L 50-53,*,36,4,9,.444,3,5,.600,1,4,.250,.611,2,2,1.000,1,3,4,2,1,0,2,3,13,9.1,Siobhan Boylan,https://www.sports-reference.com/cbb/players/siobhan-boylan-1.html,marist,2021-22
7,7,8,2021-12-05,Marist,,Columbia,REG (Non-Conf),L 49-78,*,30,1,6,.167,1,4,.250,0,2,.000,.250,2,2,1.000,0,3,3,0,0,0,1,0,5,1.1,Siobhan Boylan,https://www.sports-reference.com/cbb/players/siobhan-boylan-1.html,marist,2021-22
8,8,9,2021-12-18,Marist,@,Fairfield,REG (Conf),L 52-57,,4,1,1,1.000,0,0,,1,1,1.000,1.000,0,0,,1,1,2,0,0,0,0,1,2,2.3,Siobhan Boylan,https://www.sports-reference.com/cbb/players/siobhan-boylan-1.html,marist,2021-22
9,9,10,2021-12-20,Marist,,Iona,REG (Conf),W 61-49,,26,2,5,.400,0,0,,2,5,.400,.400,1,2,.500,2,3,5,2,1,1,1,0,5,6.3,Siobhan Boylan,https://www.sports-reference.com/cbb/players/siobhan-boylan-1.html,marist,2021-22
10,10,11,2022-01-08,Marist,@,Manhattan,REG (Conf),L 45-72,,10,0,4,.000,0,1,.000,0,3,.000,.000,0,0,,0,1,1,0,1,0,2,0,0,-3.5,Siobhan Boylan,https://www.sports-reference.com/cbb/players/siobhan-boylan-1.html,marist,2021-22
11,11,12,2022-01-13,Marist,,Siena,REG (Conf),L 53-69,,7,1,2,.500,1,2,.500,0,0,,.750,0,0,,0,0,0,0,0,0,0,0,3,2.0,Siobhan Boylan,https://www.sports-reference.com/cbb/players/siobhan-boylan-1.html,marist,2021-22
12,12,13,2022-01-15,Marist,,Monmouth,REG (Conf),W 71-53,,9,0,0,,0,0,,0,0,,,0,0,,0,0,0,1,1,0,0,0,0,1.7,Siobhan Boylan,https://www.sports-reference.com/cbb/players/siobhan-boylan-1.html,marist,2021-22
13,13,14,2022-01-20,Marist,@,Iona,REG (Conf),L 41-49,,4,0,1,.000,0,0,,0,1,.000,.000,0,0,,0,1,1,0,0,0,0,0,0,-0.4,Siobhan Boylan,https://www.sports-reference.com/cbb/players/siobhan-boylan-1.html,marist,2021-22
14,14,15,2022-01-22,Marist,,Niagara,REG (Conf),W 72-65,,6,2,4,.500,0,2,.000,2,2,1.000,.500,0,0,,0,2,2,0,0,0,1,0,4,1.6,Siobhan Boylan,https://www.sports-reference.com/cbb/players/siobhan-boylan-1.html,marist,2021-22
15,15,16,2022-01-24,Marist,,Canisius,REG (Conf),W 57-44,,8,0,5,.000,0,2,.000,0,3,.000,.000,0,0,,1,1,2,1,0,0,1,1,0,-3.2,Siobhan Boylan,https://www.sports-reference.com/cbb/players/siobhan-boylan-1.html,marist,2021-22
16,16,17,2022-01-27,Marist,,Fairfield,REG (Conf),L 39-59,,4,1,2,.500,1,2,.500,0,0,,.750,2,2,1.000,0,0,0,0,0,0,1,1,5,2.6,Siobhan Boylan,https://www.sports-reference.com/cbb/players/siobhan-boylan-1.html,marist,2021-22
17,17,18,2022-01-30,Marist,@,Saint Peter's,REG (Conf),L 45-58,,4,0,0,,0,0,,0,0,,,0,0,,0,0,0,0,0,0,0,1,0,-0.4,Siobhan Boylan,https://www.sports-reference.com/cbb/players/siobhan-boylan-1.html,marist,2021-22
18,18,19,2022-02-03,Marist,@,Quinnipiac,REG (Conf),L 50-61,,16,1,3,.333,0,1,.000,1,2,.500,.333,0,0,,0,3,3,1,0,0,0,0,2,1.9,Siobhan Boylan,https://www.sports-reference.com/cbb/players/siobhan-boylan-1.html,marist,2021-22
19,19,20,2022-02-05,Marist,,Rider,REG (Conf),L 50-60,,5,0,0,,0,0,,0,0,,,0,0,,0,0,0,0,0,0,0,0,0,0.0,Siobhan Boylan,https://www.sports-reference.com/cbb/players/siobhan-boylan-1.html,marist,2021-22
20,20,21,2022-02-10,Marist,@,Niagara,REG (Conf),L 67-85,,6,0,0,,0,0,,0,0,,,0,0,,0,0,0,1,0,0,0,0,0,0.7,Siobhan Boylan,https://www.sports-reference.com/cbb/players/siobhan-boylan-1.html,marist,2021-22
21,21,22,2022-02-12,Marist,@,Canisius,REG (Conf),L 61-65,,3,0,0,,0,0,,0,0,,,0,0,,0,0,0,1,1,0,0,0,0,1.7,Siobhan Boylan,https://www.sports-reference.com/cbb/players/siobhan-boylan-1.html,marist,2021-22
22,22,23,2022-02-17,Marist,,Saint Peter's,REG (Conf),W 51-41,,20,2,4,.500,2,2,1.000,0,2,.000,.750,3,4,.750,0,2,2,0,4,3,0,0,9,13.3,Siobhan Boylan,https://www.sports-reference.com/cbb/players/siobhan-boylan-1.html,marist,2021-22
23,23,24,2022-02-19,Marist,@,Siena,REG (Conf),L 45-59,,18,0,5,.000,0,3,.000,0,2,.000,.000,1,2,.500,0,2,2,0,1,0,1,0,1,-2.3,Siobhan Boylan,https://www.sports-reference.com/cbb/players/siobhan-boylan-1.html,marist,2021-22
24,24,25,2022-02-21,Marist,@,Rider,REG (Conf),W 70-62,,6,0,2,.000,0,1,.000,0,1,.000,.000,1,2,.500,0,1,1,0,1,0,1,1,1,-0.9,Siobhan Boylan,https://www.sports-reference.com/cbb/players/siobhan-boylan-1.html,marist,2021-22
25,25,26,2022-02-24,Marist,,Quinnipiac,REG (Conf),L 56-65,,7,0,1,.000,0,1,.000,0,0,,.000,0,0,,0,1,1,2,0,0,0,0,0,1.0,Siobhan Boylan,https://www.sports-reference.com/cbb/players/siobhan-boylan-1.html,marist,2021-22
26,26,27,2022-03-02,Marist,@,Monmouth,REG (Conf),L 44-52,,7,0,2,.000,0,2,.000,0,0,,.000,2,2,1.000,0,1,1,0,1,0,1,1,2,0.5,Siobhan Boylan,https://www.sports-reference.com/cbb/players/siobhan-boylan-1.html,marist,2021-22
27,27,28,2022-03-05,Marist,,Manhattan,REG (Conf),L 60-68 (OT),,23,2,4,.500,1,2,.500,1,2,.500,.625,1,2,.500,1,1,2,1,0,1,0,1,6,5.6,Siobhan Boylan,https://www.sports-reference.com/cbb/players/siobhan-boylan-1.html,marist,2021-22
28,28,29,2022-03-08,Marist,@,Saint Peter's,CTOURN,L 29-49,*,23,1,4,.250,0,2,.000,1,2,.500,.250,0,0,,0,1,1,1,2,0,3,3,2,-1.6,Siobhan Boylan,https://www.sports-reference.com/cbb/players/siobhan-boylan-1.html,marist,2021-22
