ranker,player_game_num_career,team_game_num_season,date,team_name_abbr,game_location,opp_name_abbr,game_type,game_result,is_starter,mp,fg,fga,fg_pct,fg3,fg3a,fg3_pct,fg2,fg2a,fg2_pct,efg_pct,ft,fta,ft_pct,orb,drb,trb,ast,stl,blk,tov,pf,pts,game_score,player_name,player_sr_link,school,season
1,49,9,2021-12-18,Marist,@,Fairfield,REG (Conf),L 52-57,*,32,7,14,.500,4,8,.500,3,6,.500,.643,0,0,,1,1,2,1,1,1,1,2,18,12.6,Trinasia Kennedy,https://www.sports-reference.com/cbb/players/trinasia-kennedy-1.html,marist,2021-22
2,50,10,2021-12-20,Marist,,Iona,REG (Conf),W 61-49,*,24,4,9,.444,1,3,.333,3,6,.500,.500,1,1,1.000,1,4,5,3,0,0,3,0,10,6.3,Trinasia Kennedy,https://www.sports-reference.com/cbb/players/trinasia-kennedy-1.html,marist,2021-22
3,51,11,2022-01-08,Marist,@,Manhattan,REG (Conf),L 45-72,*,30,5,17,.294,2,7,.286,3,10,.300,.353,3,5,.600,1,4,5,0,1,0,3,1,15,3.8,Trinasia Kennedy,https://www.sports-reference.com/cbb/players/trinasia-kennedy-1.html,marist,2021-22
4,52,12,2022-01-13,Marist,,Siena,REG (Conf),L 53-69,*,30,3,9,.333,0,4,.000,3,5,.600,.333,3,4,.750,0,2,2,0,0,0,2,0,9,2.1,Trinasia Kennedy,https://www.sports-reference.com/cbb/players/trinasia-kennedy-1.html,marist,2021-22
5,53,13,2022-01-15,Marist,,Monmouth,REG (Conf),W 71-53,*,26,2,10,.200,0,3,.000,2,7,.286,.200,1,4,.250,0,4,4,1,4,0,3,2,5,-0.3,Trinasia Kennedy,https://www.sports-reference.com/cbb/players/trinasia-kennedy-1.html,marist,2021-22
6,54,14,2022-01-20,Marist,@,Iona,REG (Conf),L 41-49,*,26,2,8,.250,2,4,.500,0,4,.000,.375,0,0,,0,6,6,0,3,1,3,5,6,1.7,Trinasia Kennedy,https://www.sports-reference.com/cbb/players/trinasia-kennedy-1.html,marist,2021-22
7,55,15,2022-01-22,Marist,,Niagara,REG (Conf),W 72-65,*,31,3,9,.333,1,5,.200,2,4,.500,.389,0,2,.000,0,4,4,3,2,1,3,1,7,3.7,Trinasia Kennedy,https://www.sports-reference.com/cbb/players/trinasia-kennedy-1.html,marist,2021-22
8,56,16,2022-01-24,Marist,,Canisius,REG (Conf),W 57-44,*,33,6,9,.667,3,4,.750,3,5,.600,.833,0,0,,0,1,1,4,1,0,1,2,15,13.4,Trinasia Kennedy,https://www.sports-reference.com/cbb/players/trinasia-kennedy-1.html,marist,2021-22
9,57,17,2022-01-27,Marist,,Fairfield,REG (Conf),L 39-59,*,30,2,10,.200,2,8,.250,0,2,.000,.300,0,0,,0,3,3,2,1,0,1,1,6,1.7,Trinasia Kennedy,https://www.sports-reference.com/cbb/players/trinasia-kennedy-1.html,marist,2021-22
10,58,18,2022-01-30,Marist,@,Saint Peter's,REG (Conf),L 45-58,*,28,3,11,.273,2,8,.250,1,3,.333,.364,1,2,.500,1,2,3,0,2,1,2,4,9,2.5,Trinasia Kennedy,https://www.sports-reference.com/cbb/players/trinasia-kennedy-1.html,marist,2021-22
11,59,19,2022-02-03,Marist,@,Quinnipiac,REG (Conf),L 50-61,*,35,7,16,.438,1,6,.167,6,10,.600,.469,2,3,.667,1,4,5,1,1,1,5,3,17,6.3,Trinasia Kennedy,https://www.sports-reference.com/cbb/players/trinasia-kennedy-1.html,marist,2021-22
12,60,20,2022-02-05,Marist,,Rider,REG (Conf),L 50-60,*,36,5,16,.313,1,9,.111,4,7,.571,.344,2,2,1.000,0,3,3,1,4,0,2,1,13,7.0,Trinasia Kennedy,https://www.sports-reference.com/cbb/players/trinasia-kennedy-1.html,marist,2021-22
13,61,21,2022-02-10,Marist,@,Niagara,REG (Conf),L 67-85,*,27,2,14,.143,1,5,.200,1,9,.111,.179,0,0,,0,4,4,5,0,0,3,2,5,-3.1,Trinasia Kennedy,https://www.sports-reference.com/cbb/players/trinasia-kennedy-1.html,marist,2021-22
14,62,22,2022-02-12,Marist,@,Canisius,REG (Conf),L 61-65,*,32,4,12,.333,2,4,.500,2,8,.250,.417,3,3,1.000,2,7,9,2,4,0,1,1,13,13.7,Trinasia Kennedy,https://www.sports-reference.com/cbb/players/trinasia-kennedy-1.html,marist,2021-22
15,63,23,2022-02-17,Marist,,Saint Peter's,REG (Conf),W 51-41,*,37,2,6,.333,1,3,.333,1,3,.333,.417,7,8,.875,0,1,1,2,0,0,5,1,12,4.5,Trinasia Kennedy,https://www.sports-reference.com/cbb/players/trinasia-kennedy-1.html,marist,2021-22
16,64,24,2022-02-19,Marist,@,Siena,REG (Conf),L 45-59,*,37,4,10,.400,2,8,.250,2,2,1.000,.500,3,6,.500,2,5,7,3,4,1,0,3,13,14.9,Trinasia Kennedy,https://www.sports-reference.com/cbb/players/trinasia-kennedy-1.html,marist,2021-22
17,65,25,2022-02-21,Marist,@,Rider,REG (Conf),W 70-62,*,33,2,7,.286,0,2,.000,2,5,.400,.286,1,2,.500,2,3,5,3,1,0,1,1,5,4.5,Trinasia Kennedy,https://www.sports-reference.com/cbb/players/trinasia-kennedy-1.html,marist,2021-22
18,66,26,2022-02-24,Marist,,Quinnipiac,REG (Conf),L 56-65,*,36,7,14,.500,3,4,.750,4,10,.400,.607,1,1,1.000,0,4,4,4,1,0,4,2,18,11.2,Trinasia Kennedy,https://www.sports-reference.com/cbb/players/trinasia-kennedy-1.html,marist,2021-22
19,67,27,2022-03-02,Marist,@,Monmouth,REG (Conf),L 44-52,*,37,4,19,.211,0,4,.000,4,15,.267,.211,2,5,.400,1,5,6,2,3,1,1,2,10,2.6,Trinasia Kennedy,https://www.sports-reference.com/cbb/players/trinasia-kennedy-1.html,marist,2021-22
20,68,28,2022-03-05,Marist,,Manhattan,REG (Conf),L 60-68 (OT),*,39,2,13,.154,1,7,.143,1,6,.167,.192,1,2,.500,2,4,6,5,2,0,3,4,6,0.8,Trinasia Kennedy,https://www.sports-reference.com/cbb/players/trinasia-kennedy-1.html,marist,2021-22
