ranker,player_game_num_career,team_game_num_season,date,team_name_abbr,game_location,opp_name_abbr,game_type,game_result,is_starter,mp,fg,fga,fg_pct,fg3,fg3a,fg3_pct,fg2,fg2a,fg2_pct,efg_pct,ft,fta,ft_pct,orb,drb,trb,ast,stl,blk,tov,pf,pts,game_score,player_name,player_sr_link,school,season
1,22,1,2021-11-09,Marist,@,Drexel,REG (Non-Conf),W 52-50,*,36,5,12,.417,0,0,,5,12,.417,.417,1,2,.500,1,9,10,3,1,1,1,3,11,9.2,Zaria Shazer,https://www.sports-reference.com/cbb/players/zaria-shazer-1.html,marist,2021-22
2,23,2,2021-11-12,Marist,,American,REG (Non-Conf),L 52-59,*,35,5,13,.385,0,3,.000,5,10,.500,.385,4,6,.667,3,10,13,0,2,2,3,3,14,10.4,Zaria Shazer,https://www.sports-reference.com/cbb/players/zaria-shazer-1.html,marist,2021-22
3,24,3,2021-11-14,Marist,,Vermont,REG (Non-Conf),W 67-50,*,29,6,9,.667,0,0,,6,9,.667,.667,1,1,1.000,6,7,13,1,2,3,3,2,13,16.4,Zaria Shazer,https://www.sports-reference.com/cbb/players/zaria-shazer-1.html,marist,2021-22
4,25,4,2021-11-19,Marist,@,Arizona,REG (Non-Conf),L 36-78,*,23,1,9,.111,1,2,.500,0,7,.000,.167,2,2,1.000,0,2,2,1,1,1,0,2,5,1.3,Zaria Shazer,https://www.sports-reference.com/cbb/players/zaria-shazer-1.html,marist,2021-22
5,26,5,2021-11-21,Marist,@,Arizona State,REG (Non-Conf),L 53-82,*,24,5,9,.556,0,0,,5,9,.556,.556,2,2,1.000,2,2,4,0,1,2,2,0,12,10.1,Zaria Shazer,https://www.sports-reference.com/cbb/players/zaria-shazer-1.html,marist,2021-22
6,27,6,2021-11-28,Marist,,Central Michigan,REG (Non-Conf),L 50-56,,32,3,12,.250,0,0,,3,12,.250,.250,5,6,.833,4,5,9,1,0,2,1,3,11,7.6,Zaria Shazer,https://www.sports-reference.com/cbb/players/zaria-shazer-1.html,marist,2021-22
7,28,7,2021-12-01,Marist,@,Lafayette,REG (Non-Conf),L 50-53,*,37,5,10,.500,0,0,,5,10,.500,.500,4,6,.667,8,11,19,1,1,1,4,3,14,14.3,Zaria Shazer,https://www.sports-reference.com/cbb/players/zaria-shazer-1.html,marist,2021-22
8,29,8,2021-12-05,Marist,,Columbia,REG (Non-Conf),L 49-78,*,20,2,7,.286,0,2,.000,2,5,.400,.286,2,2,1.000,1,2,3,0,1,2,2,5,6,1.6,Zaria Shazer,https://www.sports-reference.com/cbb/players/zaria-shazer-1.html,marist,2021-22
9,30,9,2021-12-18,Marist,@,Fairfield,REG (Conf),L 52-57,*,26,2,10,.200,0,0,,2,10,.200,.200,3,4,.750,2,6,8,0,0,1,1,4,7,1.7,Zaria Shazer,https://www.sports-reference.com/cbb/players/zaria-shazer-1.html,marist,2021-22
10,31,10,2021-12-20,Marist,,Iona,REG (Conf),W 61-49,*,27,4,8,.500,0,0,,4,8,.500,.500,0,0,,0,7,7,0,2,1,3,2,8,5.0,Zaria Shazer,https://www.sports-reference.com/cbb/players/zaria-shazer-1.html,marist,2021-22
11,32,11,2022-01-08,Marist,@,Manhattan,REG (Conf),L 45-72,*,35,6,14,.429,0,2,.000,6,12,.500,.429,1,2,.500,1,7,8,1,1,1,2,2,13,7.6,Zaria Shazer,https://www.sports-reference.com/cbb/players/zaria-shazer-1.html,marist,2021-22
12,33,12,2022-01-13,Marist,,Siena,REG (Conf),L 53-69,*,38,6,12,.500,0,1,.000,6,11,.545,.500,1,2,.500,2,6,8,2,0,2,3,0,13,9.6,Zaria Shazer,https://www.sports-reference.com/cbb/players/zaria-shazer-1.html,marist,2021-22
13,34,13,2022-01-15,Marist,,Monmouth,REG (Conf),W 71-53,*,31,8,16,.500,0,0,,8,16,.500,.500,4,5,.800,4,4,8,2,2,0,0,2,20,18.2,Zaria Shazer,https://www.sports-reference.com/cbb/players/zaria-shazer-1.html,marist,2021-22
14,35,14,2022-01-20,Marist,@,Iona,REG (Conf),L 41-49,*,30,2,12,.167,0,2,.000,2,10,.200,.167,5,6,.833,0,5,5,1,3,0,5,2,9,0.4,Zaria Shazer,https://www.sports-reference.com/cbb/players/zaria-shazer-1.html,marist,2021-22
15,36,15,2022-01-22,Marist,,Niagara,REG (Conf),W 72-65,*,31,10,16,.625,1,1,1.000,9,15,.600,.656,2,2,1.000,1,4,5,2,0,5,2,3,23,19.4,Zaria Shazer,https://www.sports-reference.com/cbb/players/zaria-shazer-1.html,marist,2021-22
16,37,16,2022-01-24,Marist,,Canisius,REG (Conf),W 57-44,*,33,6,10,.600,0,0,,6,10,.600,.600,2,6,.333,3,6,9,1,1,1,1,2,14,12.3,Zaria Shazer,https://www.sports-reference.com/cbb/players/zaria-shazer-1.html,marist,2021-22
17,38,17,2022-01-27,Marist,,Fairfield,REG (Conf),L 39-59,*,28,5,11,.455,1,2,.500,4,9,.444,.500,0,1,.000,4,5,9,0,1,0,2,1,11,7.8,Zaria Shazer,https://www.sports-reference.com/cbb/players/zaria-shazer-1.html,marist,2021-22
18,39,18,2022-01-30,Marist,@,Saint Peter's,REG (Conf),L 45-58,*,25,1,8,.125,0,0,,1,8,.125,.125,2,2,1.000,1,7,8,2,1,3,3,3,4,1.9,Zaria Shazer,https://www.sports-reference.com/cbb/players/zaria-shazer-1.html,marist,2021-22
19,40,20,2022-02-05,Marist,,Rider,REG (Conf),L 50-60,*,20,1,4,.250,0,0,,1,4,.250,.250,0,2,.000,1,2,3,0,1,0,1,5,2,-1.9,Zaria Shazer,https://www.sports-reference.com/cbb/players/zaria-shazer-1.html,marist,2021-22
20,41,21,2022-02-10,Marist,@,Niagara,REG (Conf),L 67-85,*,22,1,6,.167,0,0,,1,6,.167,.167,2,2,1.000,0,0,0,1,0,1,1,5,4,-1.4,Zaria Shazer,https://www.sports-reference.com/cbb/players/zaria-shazer-1.html,marist,2021-22
21,42,22,2022-02-12,Marist,@,Canisius,REG (Conf),L 61-65,*,35,4,17,.235,0,0,,4,17,.235,.235,0,0,,4,7,11,1,2,2,2,3,8,3.5,Zaria Shazer,https://www.sports-reference.com/cbb/players/zaria-shazer-1.html,marist,2021-22
22,43,23,2022-02-17,Marist,,Saint Peter's,REG (Conf),W 51-41,*,30,4,15,.267,0,1,.000,4,14,.286,.267,5,8,.625,1,6,7,1,1,0,0,4,13,5.5,Zaria Shazer,https://www.sports-reference.com/cbb/players/zaria-shazer-1.html,marist,2021-22
23,44,24,2022-02-19,Marist,@,Siena,REG (Conf),L 45-59,*,30,2,7,.286,0,0,,2,7,.286,.286,3,6,.500,2,4,6,1,1,1,1,1,7,5.3,Zaria Shazer,https://www.sports-reference.com/cbb/players/zaria-shazer-1.html,marist,2021-22
24,45,25,2022-02-21,Marist,@,Rider,REG (Conf),W 70-62,*,29,4,14,.286,0,0,,4,14,.286,.286,0,0,,3,3,6,1,0,1,4,4,8,-1.4,Zaria Shazer,https://www.sports-reference.com/cbb/players/zaria-shazer-1.html,marist,2021-22
25,46,26,2022-02-24,Marist,,Quinnipiac,REG (Conf),L 56-65,*,27,2,8,.250,0,0,,2,8,.250,.250,1,2,.500,1,4,5,0,1,1,1,2,5,1.6,Zaria Shazer,https://www.sports-reference.com/cbb/players/zaria-shazer-1.html,marist,2021-22
26,47,27,2022-03-02,Marist,@,Monmouth,REG (Conf),L 44-52,*,27,4,13,.308,0,0,,4,13,.308,.308,1,2,.500,0,0,0,1,3,3,1,1,9,5.5,Zaria Shazer,https://www.sports-reference.com/cbb/players/zaria-shazer-1.html,marist,2021-22
27,48,28,2022-03-05,Marist,,Manhattan,REG (Conf),L 60-68 (OT),*,19,5,10,.500,0,1,.000,5,9,.556,.500,0,0,,1,3,4,0,3,1,1,5,10,7.3,Zaria Shazer,https://www.sports-reference.com/cbb/players/zaria-shazer-1.html,marist,2021-22
28,49,29,2022-03-08,Marist,@,Saint Peter's,CTOURN,L 29-49,*,32,2,10,.200,0,0,,2,10,.200,.200,0,0,,2,5,7,1,1,1,2,0,4,1.1,Zaria Shazer,https://www.sports-reference.com/cbb/players/zaria-shazer-1.html,marist,2021-22
