ranker,player_game_num_career,team_game_num_season,date,team_name_abbr,game_location,opp_name_abbr,game_type,game_result,is_starter,mp,fg,fga,fg_pct,fg3,fg3a,fg3_pct,fg2,fg2a,fg2_pct,efg_pct,ft,fta,ft_pct,orb,drb,trb,ast,stl,blk,tov,pf,pts,game_score,player_name,player_sr_link,school,season
1,74,1,2019-11-06,George Mason,@,College of Charleston,REG (Non-Conf),W 72-61,,13,0,0,,0,0,,0,0,,,2,4,.500,0,2,2,2,2,0,3,3,2,1.0,Alexsis Grate,https://www.sports-reference.com/cbb/players/alexsis-grate-1.html,george-mason,2019-20
2,75,2,2019-11-10,George Mason,,Virginia Tech,REG (Non-Conf),L 58-77,,18,4,5,.800,2,2,1.000,2,3,.667,1.000,2,2,1.000,0,1,1,3,1,0,2,0,12,11.5,Alexsis Grate,https://www.sports-reference.com/cbb/players/alexsis-grate-1.html,george-mason,2019-20
3,76,3,2019-11-16,George Mason,,Detroit Mercy,REG (Non-Conf),W 75-62,,26,0,3,.000,0,1,.000,0,2,.000,.000,0,0,,2,2,4,4,3,0,2,2,0,2.9,Alexsis Grate,https://www.sports-reference.com/cbb/players/alexsis-grate-1.html,george-mason,2019-20
4,77,4,2019-11-21,George Mason,,American,REG (Non-Conf),W 73-55,,27,4,7,.571,0,0,,4,7,.571,.571,2,3,.667,1,1,2,4,1,0,4,2,10,6.3,Alexsis Grate,https://www.sports-reference.com/cbb/players/alexsis-grate-1.html,george-mason,2019-20
5,78,5,2019-11-24,George Mason,@,Penn State,REG (Non-Conf),W 78-68,*,31,2,8,.250,0,1,.000,2,7,.286,.250,3,4,.750,0,3,3,3,2,0,2,2,7,4.0,Alexsis Grate,https://www.sports-reference.com/cbb/players/alexsis-grate-1.html,george-mason,2019-20
6,79,6,2019-11-26,George Mason,,Kansas City,REG (Non-Conf),L 58-64,,34,3,7,.429,1,1,1.000,2,6,.333,.500,0,0,,2,0,2,7,1,0,2,4,7,7.0,Alexsis Grate,https://www.sports-reference.com/cbb/players/alexsis-grate-1.html,george-mason,2019-20
7,80,7,2019-11-29,George Mason,,Bradley,REG (Non-Conf),L 59-61,*,23,2,5,.400,0,0,,2,5,.400,.400,0,2,.000,2,1,3,5,3,0,1,3,4,6.5,Alexsis Grate,https://www.sports-reference.com/cbb/players/alexsis-grate-1.html,george-mason,2019-20
8,81,8,2019-12-01,George Mason,@,Coastal Carolina,REG (Non-Conf),L 59-74,*,24,0,3,.000,0,1,.000,0,2,.000,.000,1,2,.500,0,1,1,0,2,0,3,4,1,-3.8,Alexsis Grate,https://www.sports-reference.com/cbb/players/alexsis-grate-1.html,george-mason,2019-20
9,82,9,2019-12-04,George Mason,,Bucknell,REG (Non-Conf),L 51-64,*,23,4,7,.571,0,0,,4,7,.571,.571,1,2,.500,1,0,1,3,1,0,3,3,9,4.9,Alexsis Grate,https://www.sports-reference.com/cbb/players/alexsis-grate-1.html,george-mason,2019-20
10,83,11,2019-12-21,George Mason,,Howard,REG (Non-Conf),L 75-86,,24,2,5,.400,0,1,.000,2,4,.500,.400,5,8,.625,3,0,3,5,1,0,1,3,9,9.5,Alexsis Grate,https://www.sports-reference.com/cbb/players/alexsis-grate-1.html,george-mason,2019-20
11,84,12,2019-12-29,George Mason,@,Delaware,REG (Non-Conf),L 44-63,,12,0,0,,0,0,,0,0,,,0,0,,0,0,0,1,1,0,5,1,0,-3.7,Alexsis Grate,https://www.sports-reference.com/cbb/players/alexsis-grate-1.html,george-mason,2019-20
12,85,13,2019-12-31,George Mason,@,SMU,REG (Non-Conf),W 59-58,,12,1,1,1.000,0,0,,1,1,1.000,1.000,0,2,.000,0,0,0,1,2,0,7,2,2,-4.2,Alexsis Grate,https://www.sports-reference.com/cbb/players/alexsis-grate-1.html,george-mason,2019-20
13,86,15,2020-01-08,George Mason,@,Dayton,REG (Conf),L 55-59,,22,1,3,.333,0,1,.000,1,2,.500,.333,5,5,1.000,1,1,2,3,0,2,2,3,7,6.6,Alexsis Grate,https://www.sports-reference.com/cbb/players/alexsis-grate-1.html,george-mason,2019-20
14,87,16,2020-01-12,George Mason,@,St. Bonaventure,REG (Conf),L 47-62,,19,2,6,.333,2,2,1.000,0,4,.000,.500,0,0,,2,0,2,0,1,0,2,1,6,2.6,Alexsis Grate,https://www.sports-reference.com/cbb/players/alexsis-grate-1.html,george-mason,2019-20
15,88,17,2020-01-15,George Mason,,Davidson,REG (Conf),L 69-76,,18,0,4,.000,0,1,.000,0,3,.000,.000,0,0,,2,2,4,3,0,0,2,2,0,-1.5,Alexsis Grate,https://www.sports-reference.com/cbb/players/alexsis-grate-1.html,george-mason,2019-20
16,89,18,2020-01-19,George Mason,,Fordham,REG (Conf),L 54-66,,18,0,1,.000,0,0,,0,1,.000,.000,4,6,.667,2,0,2,0,1,0,2,1,4,2.5,Alexsis Grate,https://www.sports-reference.com/cbb/players/alexsis-grate-1.html,george-mason,2019-20
17,90,19,2020-01-22,George Mason,@,Duquesne,REG (Conf),L 63-84,,14,3,4,.750,1,1,1.000,2,3,.667,.875,0,1,.000,0,1,1,2,2,0,0,0,7,8.7,Alexsis Grate,https://www.sports-reference.com/cbb/players/alexsis-grate-1.html,george-mason,2019-20
18,91,20,2020-01-25,George Mason,,VCU,REG (Conf),L 63-82,,5,1,2,.500,0,0,,1,2,.500,.500,0,0,,1,1,2,0,0,1,0,2,2,1.9,Alexsis Grate,https://www.sports-reference.com/cbb/players/alexsis-grate-1.html,george-mason,2019-20
19,92,21,2020-01-29,George Mason,@,La Salle,REG (Conf),L 65-77,,25,2,6,.333,1,2,.500,1,4,.250,.417,3,4,.750,2,2,4,0,2,0,4,5,8,2.2,Alexsis Grate,https://www.sports-reference.com/cbb/players/alexsis-grate-1.html,george-mason,2019-20
20,93,23,2020-02-05,George Mason,,Massachusetts,REG (Conf),W 73-56,,19,0,2,.000,0,0,,0,2,.000,.000,4,4,1.000,1,3,4,2,1,0,3,2,4,2.8,Alexsis Grate,https://www.sports-reference.com/cbb/players/alexsis-grate-1.html,george-mason,2019-20
21,94,24,2020-02-09,George Mason,,Saint Louis,REG (Conf),L 51-64,,22,0,4,.000,0,0,,0,4,.000,.000,0,0,,0,1,1,2,0,0,2,1,0,-3.5,Alexsis Grate,https://www.sports-reference.com/cbb/players/alexsis-grate-1.html,george-mason,2019-20
22,95,25,2020-02-15,George Mason,@,George Washington,REG (Conf),L 57-62,,4,0,2,.000,0,0,,0,2,.000,.000,0,0,,0,0,0,1,0,0,0,0,0,-0.7,Alexsis Grate,https://www.sports-reference.com/cbb/players/alexsis-grate-1.html,george-mason,2019-20
23,96,26,2020-02-19,George Mason,,Richmond,REG (Conf),L 70-75,,23,3,7,.429,0,1,.000,3,6,.500,.429,0,1,.000,0,3,3,2,1,0,1,1,6,3.8,Alexsis Grate,https://www.sports-reference.com/cbb/players/alexsis-grate-1.html,george-mason,2019-20
24,97,27,2020-02-22,George Mason,@,Saint Joseph's,REG (Conf),W 54-49,,24,0,1,.000,0,0,,0,1,.000,.000,1,2,.500,1,2,3,1,1,0,0,3,1,1.7,Alexsis Grate,https://www.sports-reference.com/cbb/players/alexsis-grate-1.html,george-mason,2019-20
25,98,28,2020-02-26,George Mason,@,VCU,REG (Conf),L 36-48,,16,1,4,.250,0,1,.000,1,3,.333,.250,0,0,,1,1,2,1,0,0,1,2,2,-0.5,Alexsis Grate,https://www.sports-reference.com/cbb/players/alexsis-grate-1.html,george-mason,2019-20
26,99,29,2020-02-29,George Mason,,La Salle,REG (Conf),L 59-64,*,25,2,7,.286,0,2,.000,2,5,.400,.286,4,5,.800,1,3,4,3,2,0,0,2,8,8.4,Alexsis Grate,https://www.sports-reference.com/cbb/players/alexsis-grate-1.html,george-mason,2019-20
27,100,30,2020-03-03,George Mason,@,Saint Louis,CTOURN,L 61-69,,28,5,8,.625,0,1,.000,5,7,.714,.625,1,2,.500,1,1,2,2,3,1,2,3,11,9.9,Alexsis Grate,https://www.sports-reference.com/cbb/players/alexsis-grate-1.html,george-mason,2019-20
