ranker,player_game_num_career,team_game_num_season,date,team_name_abbr,game_location,opp_name_abbr,game_type,game_result,is_starter,mp,fg,fga,fg_pct,fg3,fg3a,fg3_pct,fg2,fg2a,fg2_pct,efg_pct,ft,fta,ft_pct,orb,drb,trb,ast,stl,blk,tov,pf,pts,game_score,player_name,player_sr_link,school,season
1,76,1,2019-11-06,George Mason,@,College of Charleston,REG (Non-Conf),W 72-61,,2,0,0,,0,0,,0,0,,,0,0,,0,0,0,0,0,0,0,1,0,-0.4,Allie McCool,https://www.sports-reference.com/cbb/players/allie-mccool-1.html,george-mason,2019-20
2,77,2,2019-11-10,George Mason,,Virginia Tech,REG (Non-Conf),L 58-77,,11,0,0,,0,0,,0,0,,,0,0,,0,1,1,0,0,0,0,1,0,-0.1,Allie McCool,https://www.sports-reference.com/cbb/players/allie-mccool-1.html,george-mason,2019-20
3,78,3,2019-11-16,George Mason,,Detroit Mercy,REG (Non-Conf),W 75-62,,2,0,0,,0,0,,0,0,,,2,2,1.000,0,0,0,0,0,0,0,0,2,2.0,Allie McCool,https://www.sports-reference.com/cbb/players/allie-mccool-1.html,george-mason,2019-20
4,79,4,2019-11-21,George Mason,,American,REG (Non-Conf),W 73-55,,14,0,1,.000,0,0,,0,1,.000,.000,2,2,1.000,0,2,2,0,0,0,1,2,2,0.1,Allie McCool,https://www.sports-reference.com/cbb/players/allie-mccool-1.html,george-mason,2019-20
5,80,5,2019-11-24,George Mason,@,Penn State,REG (Non-Conf),W 78-68,,22,2,4,.500,0,1,.000,2,3,.667,.500,0,0,,2,2,4,0,0,0,1,3,4,1.8,Allie McCool,https://www.sports-reference.com/cbb/players/allie-mccool-1.html,george-mason,2019-20
6,81,6,2019-11-26,George Mason,,Kansas City,REG (Non-Conf),L 58-64,,19,2,4,.500,0,0,,2,4,.500,.500,1,2,.500,2,5,7,0,0,0,0,0,5,5.5,Allie McCool,https://www.sports-reference.com/cbb/players/allie-mccool-1.html,george-mason,2019-20
7,82,7,2019-11-29,George Mason,,Bradley,REG (Non-Conf),L 59-61,,4,0,0,,0,0,,0,0,,,0,0,,0,1,1,0,0,0,0,0,0,0.3,Allie McCool,https://www.sports-reference.com/cbb/players/allie-mccool-1.html,george-mason,2019-20
8,83,8,2019-12-01,George Mason,@,Coastal Carolina,REG (Non-Conf),L 59-74,,9,3,3,1.000,0,0,,3,3,1.000,1.000,3,4,.750,1,2,3,0,0,0,0,3,9,7.8,Allie McCool,https://www.sports-reference.com/cbb/players/allie-mccool-1.html,george-mason,2019-20
9,84,9,2019-12-04,George Mason,,Bucknell,REG (Non-Conf),L 51-64,*,11,0,2,.000,0,0,,0,2,.000,.000,0,0,,1,1,2,0,0,0,0,0,0,-0.4,Allie McCool,https://www.sports-reference.com/cbb/players/allie-mccool-1.html,george-mason,2019-20
10,85,10,2019-12-19,George Mason,@,Navy,REG (Non-Conf),W 67-58,,8,1,1,1.000,0,0,,1,1,1.000,1.000,2,4,.500,1,0,1,0,1,0,2,0,4,2.6,Allie McCool,https://www.sports-reference.com/cbb/players/allie-mccool-1.html,george-mason,2019-20
11,86,11,2019-12-21,George Mason,,Howard,REG (Non-Conf),L 75-86,,10,0,0,,0,0,,0,0,,,0,0,,0,2,2,0,0,0,0,1,0,0.2,Allie McCool,https://www.sports-reference.com/cbb/players/allie-mccool-1.html,george-mason,2019-20
12,87,12,2019-12-29,George Mason,@,Delaware,REG (Non-Conf),L 44-63,,13,2,2,1.000,0,0,,2,2,1.000,1.000,0,2,.000,1,0,1,0,1,0,1,1,4,2.9,Allie McCool,https://www.sports-reference.com/cbb/players/allie-mccool-1.html,george-mason,2019-20
13,88,14,2020-01-04,George Mason,,George Washington,REG (Conf),W 70-60,,16,2,4,.500,0,0,,2,4,.500,.500,0,0,,0,2,2,0,0,0,0,0,4,2.6,Allie McCool,https://www.sports-reference.com/cbb/players/allie-mccool-1.html,george-mason,2019-20
14,89,15,2020-01-08,George Mason,@,Dayton,REG (Conf),L 55-59,,9,1,1,1.000,0,0,,1,1,1.000,1.000,0,2,.000,0,1,1,0,0,0,0,0,2,1.2,Allie McCool,https://www.sports-reference.com/cbb/players/allie-mccool-1.html,george-mason,2019-20
15,90,16,2020-01-12,George Mason,@,St. Bonaventure,REG (Conf),L 47-62,,10,2,3,.667,0,1,.000,2,2,1.000,.667,2,2,1.000,0,0,0,0,1,0,0,0,6,5.7,Allie McCool,https://www.sports-reference.com/cbb/players/allie-mccool-1.html,george-mason,2019-20
16,91,17,2020-01-15,George Mason,,Davidson,REG (Conf),L 69-76,*,13,1,2,.500,0,1,.000,1,1,1.000,.500,0,0,,1,0,1,1,0,0,2,5,2,-1.6,Allie McCool,https://www.sports-reference.com/cbb/players/allie-mccool-1.html,george-mason,2019-20
17,92,18,2020-01-19,George Mason,,Fordham,REG (Conf),L 54-66,*,5,0,2,.000,0,0,,0,2,.000,.000,0,0,,0,0,0,0,0,0,0,0,0,-1.4,Allie McCool,https://www.sports-reference.com/cbb/players/allie-mccool-1.html,george-mason,2019-20
18,93,19,2020-01-22,George Mason,@,Duquesne,REG (Conf),L 63-84,,5,0,0,,0,0,,0,0,,,1,2,.500,0,2,2,0,0,0,0,1,1,0.8,Allie McCool,https://www.sports-reference.com/cbb/players/allie-mccool-1.html,george-mason,2019-20
19,94,20,2020-01-25,George Mason,,VCU,REG (Conf),L 63-82,,16,3,6,.500,0,1,.000,3,5,.600,.500,0,0,,4,0,4,0,0,1,1,1,6,5.1,Allie McCool,https://www.sports-reference.com/cbb/players/allie-mccool-1.html,george-mason,2019-20
20,95,21,2020-01-29,George Mason,@,La Salle,REG (Conf),L 65-77,,17,2,5,.400,0,0,,2,5,.400,.400,0,0,,2,1,3,0,1,0,0,2,4,3.2,Allie McCool,https://www.sports-reference.com/cbb/players/allie-mccool-1.html,george-mason,2019-20
21,96,22,2020-02-01,George Mason,@,Rhode Island,REG (Conf),L 42-47,,16,2,4,.500,0,0,,2,4,.500,.500,0,0,,0,4,4,2,1,1,0,0,4,6.3,Allie McCool,https://www.sports-reference.com/cbb/players/allie-mccool-1.html,george-mason,2019-20
22,97,23,2020-02-05,George Mason,,Massachusetts,REG (Conf),W 73-56,,1,0,0,,0,0,,0,0,,,0,0,,0,0,0,0,0,0,0,0,0,0.0,Allie McCool,https://www.sports-reference.com/cbb/players/allie-mccool-1.html,george-mason,2019-20
23,98,24,2020-02-09,George Mason,,Saint Louis,REG (Conf),L 51-64,,5,0,1,.000,0,0,,0,1,.000,.000,0,0,,0,0,0,0,0,0,0,1,0,-1.1,Allie McCool,https://www.sports-reference.com/cbb/players/allie-mccool-1.html,george-mason,2019-20
24,99,25,2020-02-15,George Mason,@,George Washington,REG (Conf),L 57-62,*,9,1,1,1.000,0,0,,1,1,1.000,1.000,0,1,.000,1,0,1,0,0,0,2,2,2,-0.8,Allie McCool,https://www.sports-reference.com/cbb/players/allie-mccool-1.html,george-mason,2019-20
25,100,26,2020-02-19,George Mason,,Richmond,REG (Conf),L 70-75,,1,0,0,,0,0,,0,0,,,0,0,,0,0,0,0,0,0,0,0,0,0.0,Allie McCool,https://www.sports-reference.com/cbb/players/allie-mccool-1.html,george-mason,2019-20
26,101,28,2020-02-26,George Mason,@,VCU,REG (Conf),L 36-48,,2,0,0,,0,0,,0,0,,,0,0,,0,0,0,1,0,0,0,0,0,0.7,Allie McCool,https://www.sports-reference.com/cbb/players/allie-mccool-1.html,george-mason,2019-20
27,102,29,2020-02-29,George Mason,,La Salle,REG (Conf),L 59-64,*,8,2,3,.667,1,2,.500,1,1,1.000,.833,0,0,,0,0,0,1,0,0,1,0,5,3.4,Allie McCool,https://www.sports-reference.com/cbb/players/allie-mccool-1.html,george-mason,2019-20
28,103,30,2020-03-03,George Mason,@,Saint Louis,CTOURN,L 61-69,,2,0,0,,0,0,,0,0,,,0,0,,0,0,0,0,0,0,1,1,0,-1.4,Allie McCool,https://www.sports-reference.com/cbb/players/allie-mccool-1.html,george-mason,2019-20
