ranker,player_game_num_career,team_game_num_season,date,team_name_abbr,game_location,opp_name_abbr,game_type,game_result,is_starter,mp,fg,fga,fg_pct,fg3,fg3a,fg3_pct,fg2,fg2a,fg2_pct,efg_pct,ft,fta,ft_pct,orb,drb,trb,ast,stl,blk,tov,pf,pts,game_score,player_name,player_sr_link,school,season
1,65,1,2019-11-06,George Mason,@,College of Charleston,REG (Non-Conf),W 72-61,*,31,5,7,.714,0,0,,5,7,.714,.714,2,4,.500,6,5,11,0,2,2,1,3,12,15.2,Camarie Gatling,https://www.sports-reference.com/cbb/players/camarie-gatling-1.html,george-mason,2019-20
2,66,2,2019-11-10,George Mason,,Virginia Tech,REG (Non-Conf),L 58-77,*,20,1,3,.333,0,0,,1,3,.333,.333,0,0,,1,0,1,2,0,0,1,4,2,-0.2,Camarie Gatling,https://www.sports-reference.com/cbb/players/camarie-gatling-1.html,george-mason,2019-20
3,67,3,2019-11-16,George Mason,,Detroit Mercy,REG (Non-Conf),W 75-62,*,16,7,12,.583,0,0,,7,12,.583,.583,0,0,,4,3,7,0,1,0,1,1,14,11.7,Camarie Gatling,https://www.sports-reference.com/cbb/players/camarie-gatling-1.html,george-mason,2019-20
4,68,4,2019-11-21,George Mason,,American,REG (Non-Conf),W 73-55,*,11,1,6,.167,0,0,,1,6,.167,.167,2,2,1.000,1,0,1,0,1,0,0,1,4,1.5,Camarie Gatling,https://www.sports-reference.com/cbb/players/camarie-gatling-1.html,george-mason,2019-20
5,69,6,2019-11-26,George Mason,,Kansas City,REG (Non-Conf),L 58-64,*,18,5,8,.625,0,0,,5,8,.625,.625,2,2,1.000,5,2,7,0,1,0,2,4,12,9.9,Camarie Gatling,https://www.sports-reference.com/cbb/players/camarie-gatling-1.html,george-mason,2019-20
6,70,7,2019-11-29,George Mason,,Bradley,REG (Non-Conf),L 59-61,*,29,7,16,.438,0,0,,7,16,.438,.438,1,3,.333,5,5,10,0,0,0,1,2,15,9.0,Camarie Gatling,https://www.sports-reference.com/cbb/players/camarie-gatling-1.html,george-mason,2019-20
7,71,8,2019-12-01,George Mason,@,Coastal Carolina,REG (Non-Conf),L 59-74,*,22,2,3,.667,0,0,,2,3,.667,.667,2,3,.667,1,6,7,1,0,0,2,5,6,3.5,Camarie Gatling,https://www.sports-reference.com/cbb/players/camarie-gatling-1.html,george-mason,2019-20
8,72,9,2019-12-04,George Mason,,Bucknell,REG (Non-Conf),L 51-64,,24,2,4,.500,0,0,,2,4,.500,.500,3,6,.500,2,7,9,0,0,2,0,3,7,7.5,Camarie Gatling,https://www.sports-reference.com/cbb/players/camarie-gatling-1.html,george-mason,2019-20
9,73,10,2019-12-19,George Mason,@,Navy,REG (Non-Conf),W 67-58,,22,8,12,.667,0,1,.000,8,11,.727,.667,0,2,.000,0,4,4,1,2,0,2,3,16,10.7,Camarie Gatling,https://www.sports-reference.com/cbb/players/camarie-gatling-1.html,george-mason,2019-20
10,74,11,2019-12-21,George Mason,,Howard,REG (Non-Conf),L 75-86,*,29,8,13,.615,0,0,,8,13,.615,.615,2,11,.182,8,3,11,1,0,1,2,2,18,13.6,Camarie Gatling,https://www.sports-reference.com/cbb/players/camarie-gatling-1.html,george-mason,2019-20
11,75,12,2019-12-29,George Mason,@,Delaware,REG (Non-Conf),L 44-63,*,18,3,8,.375,0,1,.000,3,7,.429,.375,0,1,.000,3,2,5,0,0,0,0,3,6,2.7,Camarie Gatling,https://www.sports-reference.com/cbb/players/camarie-gatling-1.html,george-mason,2019-20
12,76,13,2019-12-31,George Mason,@,SMU,REG (Non-Conf),W 59-58,,25,4,7,.571,0,0,,4,7,.571,.571,1,2,.500,1,4,5,2,1,3,1,2,9,9.9,Camarie Gatling,https://www.sports-reference.com/cbb/players/camarie-gatling-1.html,george-mason,2019-20
13,77,15,2020-01-08,George Mason,@,Dayton,REG (Conf),L 55-59,,26,4,9,.444,0,0,,4,9,.444,.444,0,0,,2,3,5,1,0,0,1,4,8,3.7,Camarie Gatling,https://www.sports-reference.com/cbb/players/camarie-gatling-1.html,george-mason,2019-20
14,78,16,2020-01-12,George Mason,@,St. Bonaventure,REG (Conf),L 47-62,,21,1,4,.250,0,0,,1,4,.250,.250,2,2,1.000,0,1,1,1,0,0,0,1,4,2.2,Camarie Gatling,https://www.sports-reference.com/cbb/players/camarie-gatling-1.html,george-mason,2019-20
15,79,17,2020-01-15,George Mason,,Davidson,REG (Conf),L 69-76,,22,6,9,.667,0,0,,6,9,.667,.667,0,2,.000,0,1,1,0,0,3,2,1,12,7.3,Camarie Gatling,https://www.sports-reference.com/cbb/players/camarie-gatling-1.html,george-mason,2019-20
16,80,18,2020-01-19,George Mason,,Fordham,REG (Conf),L 54-66,,28,6,13,.462,0,1,.000,6,12,.500,.462,1,3,.333,0,5,5,0,0,1,0,1,13,7.3,Camarie Gatling,https://www.sports-reference.com/cbb/players/camarie-gatling-1.html,george-mason,2019-20
17,81,19,2020-01-22,George Mason,@,Duquesne,REG (Conf),L 63-84,*,19,4,7,.571,0,1,.000,4,6,.667,.571,0,1,.000,1,4,5,2,0,1,1,2,8,6.5,Camarie Gatling,https://www.sports-reference.com/cbb/players/camarie-gatling-1.html,george-mason,2019-20
18,82,20,2020-01-25,George Mason,,VCU,REG (Conf),L 63-82,*,14,2,6,.333,0,0,,2,6,.333,.333,0,2,.000,2,2,4,0,2,1,2,4,4,0.9,Camarie Gatling,https://www.sports-reference.com/cbb/players/camarie-gatling-1.html,george-mason,2019-20
19,83,22,2020-02-01,George Mason,@,Rhode Island,REG (Conf),L 42-47,,4,0,2,.000,0,0,,0,2,.000,.000,0,0,,1,1,2,0,0,0,1,3,0,-2.6,Camarie Gatling,https://www.sports-reference.com/cbb/players/camarie-gatling-1.html,george-mason,2019-20
20,84,23,2020-02-05,George Mason,,Massachusetts,REG (Conf),W 73-56,,19,4,5,.800,0,0,,4,5,.800,.800,1,2,.500,2,2,4,1,0,1,0,1,9,9.7,Camarie Gatling,https://www.sports-reference.com/cbb/players/camarie-gatling-1.html,george-mason,2019-20
21,85,24,2020-02-09,George Mason,,Saint Louis,REG (Conf),L 51-64,,11,1,2,.500,0,0,,1,2,.500,.500,0,2,.000,2,1,3,2,0,0,1,5,2,0.3,Camarie Gatling,https://www.sports-reference.com/cbb/players/camarie-gatling-1.html,george-mason,2019-20
22,86,25,2020-02-15,George Mason,@,George Washington,REG (Conf),L 57-62,,18,2,3,.667,0,0,,2,3,.667,.667,0,2,.000,0,3,3,1,0,0,2,4,4,-0.1,Camarie Gatling,https://www.sports-reference.com/cbb/players/camarie-gatling-1.html,george-mason,2019-20
23,87,26,2020-02-19,George Mason,,Richmond,REG (Conf),L 70-75,*,15,1,7,.143,0,0,,1,7,.143,.143,0,0,,6,2,8,0,1,1,2,2,2,1.2,Camarie Gatling,https://www.sports-reference.com/cbb/players/camarie-gatling-1.html,george-mason,2019-20
