ranker,player_game_num_career,team_game_num_season,date,team_name_abbr,game_location,opp_name_abbr,game_type,game_result,is_starter,mp,fg,fga,fg_pct,fg3,fg3a,fg3_pct,fg2,fg2a,fg2_pct,efg_pct,ft,fta,ft_pct,orb,drb,trb,ast,stl,blk,tov,pf,pts,game_score,player_name,player_sr_link,school,season
1,1,5,2019-11-24,George Mason,@,Penn State,REG (Non-Conf),W 78-68,,6,0,1,.000,0,1,.000,0,0,,.000,0,0,,0,1,1,1,1,0,0,0,0,1.3,Jordan Wakefield,https://www.sports-reference.com/cbb/players/jordan-wakefield-1.html,george-mason,2019-20
2,2,6,2019-11-26,George Mason,,Kansas City,REG (Non-Conf),L 58-64,,4,0,1,.000,0,1,.000,0,0,,.000,0,0,,0,0,0,0,0,0,0,0,0,-0.7,Jordan Wakefield,https://www.sports-reference.com/cbb/players/jordan-wakefield-1.html,george-mason,2019-20
3,3,7,2019-11-29,George Mason,,Bradley,REG (Non-Conf),L 59-61,,3,0,1,.000,0,0,,0,1,.000,.000,0,0,,1,0,1,0,0,0,0,0,0,0.0,Jordan Wakefield,https://www.sports-reference.com/cbb/players/jordan-wakefield-1.html,george-mason,2019-20
4,4,8,2019-12-01,George Mason,@,Coastal Carolina,REG (Non-Conf),L 59-74,,17,1,3,.333,0,2,.000,1,1,1.000,.333,1,4,.250,2,1,3,0,1,0,3,1,3,-0.6,Jordan Wakefield,https://www.sports-reference.com/cbb/players/jordan-wakefield-1.html,george-mason,2019-20
5,5,9,2019-12-04,George Mason,,Bucknell,REG (Non-Conf),L 51-64,,21,0,2,.000,0,1,.000,0,1,.000,.000,2,4,.500,2,2,4,0,0,0,2,1,2,-0.6,Jordan Wakefield,https://www.sports-reference.com/cbb/players/jordan-wakefield-1.html,george-mason,2019-20
6,6,10,2019-12-19,George Mason,@,Navy,REG (Non-Conf),W 67-58,,12,0,1,.000,0,0,,0,1,.000,.000,1,2,.500,0,2,2,0,0,0,1,0,1,-0.5,Jordan Wakefield,https://www.sports-reference.com/cbb/players/jordan-wakefield-1.html,george-mason,2019-20
7,7,11,2019-12-21,George Mason,,Howard,REG (Non-Conf),L 75-86,,15,1,4,.250,1,2,.500,0,2,.000,.375,4,4,1.000,2,2,4,0,0,0,2,4,7,3.0,Jordan Wakefield,https://www.sports-reference.com/cbb/players/jordan-wakefield-1.html,george-mason,2019-20
8,8,12,2019-12-29,George Mason,@,Delaware,REG (Non-Conf),L 44-63,,13,0,2,.000,0,1,.000,0,1,.000,.000,0,2,.000,0,2,2,0,0,0,0,1,0,-2.0,Jordan Wakefield,https://www.sports-reference.com/cbb/players/jordan-wakefield-1.html,george-mason,2019-20
9,9,13,2019-12-31,George Mason,@,SMU,REG (Non-Conf),W 59-58,,2,0,0,,0,0,,0,0,,,0,0,,0,0,0,0,0,0,1,1,0,-1.4,Jordan Wakefield,https://www.sports-reference.com/cbb/players/jordan-wakefield-1.html,george-mason,2019-20
10,10,14,2020-01-04,George Mason,,George Washington,REG (Conf),W 70-60,,4,1,2,.500,0,0,,1,2,.500,.500,0,0,,0,1,1,0,0,0,0,0,2,1.3,Jordan Wakefield,https://www.sports-reference.com/cbb/players/jordan-wakefield-1.html,george-mason,2019-20
11,11,15,2020-01-08,George Mason,@,Dayton,REG (Conf),L 55-59,,4,0,0,,0,0,,0,0,,,0,0,,0,0,0,0,0,0,0,1,0,-0.4,Jordan Wakefield,https://www.sports-reference.com/cbb/players/jordan-wakefield-1.html,george-mason,2019-20
12,12,16,2020-01-12,George Mason,@,St. Bonaventure,REG (Conf),L 47-62,,11,0,3,.000,0,2,.000,0,1,.000,.000,0,0,,0,1,1,1,0,0,2,0,0,-3.1,Jordan Wakefield,https://www.sports-reference.com/cbb/players/jordan-wakefield-1.html,george-mason,2019-20
13,13,17,2020-01-15,George Mason,,Davidson,REG (Conf),L 69-76,,4,0,1,.000,0,0,,0,1,.000,.000,0,0,,0,0,0,0,0,0,1,0,0,-1.7,Jordan Wakefield,https://www.sports-reference.com/cbb/players/jordan-wakefield-1.html,george-mason,2019-20
14,14,18,2020-01-19,George Mason,,Fordham,REG (Conf),L 54-66,,8,1,4,.250,1,4,.250,0,0,,.375,1,2,.500,0,0,0,0,1,1,0,0,4,2.9,Jordan Wakefield,https://www.sports-reference.com/cbb/players/jordan-wakefield-1.html,george-mason,2019-20
15,15,19,2020-01-22,George Mason,@,Duquesne,REG (Conf),L 63-84,,22,2,4,.500,0,1,.000,2,3,.667,.500,4,6,.667,2,1,3,0,1,1,4,1,8,4.2,Jordan Wakefield,https://www.sports-reference.com/cbb/players/jordan-wakefield-1.html,george-mason,2019-20
16,16,20,2020-01-25,George Mason,,VCU,REG (Conf),L 63-82,,23,0,3,.000,0,3,.000,0,0,,.000,3,6,.500,2,1,3,3,1,0,2,2,3,1.7,Jordan Wakefield,https://www.sports-reference.com/cbb/players/jordan-wakefield-1.html,george-mason,2019-20
17,17,21,2020-01-29,George Mason,@,La Salle,REG (Conf),L 65-77,,1,0,1,.000,0,0,,0,1,.000,.000,0,0,,1,0,1,1,0,0,1,0,0,-0.3,Jordan Wakefield,https://www.sports-reference.com/cbb/players/jordan-wakefield-1.html,george-mason,2019-20
18,18,22,2020-02-01,George Mason,@,Rhode Island,REG (Conf),L 42-47,,16,1,5,.200,0,2,.000,1,3,.333,.200,0,0,,1,2,3,0,1,1,1,2,2,0.1,Jordan Wakefield,https://www.sports-reference.com/cbb/players/jordan-wakefield-1.html,george-mason,2019-20
19,19,23,2020-02-05,George Mason,,Massachusetts,REG (Conf),W 73-56,,4,0,2,.000,0,1,.000,0,1,.000,.000,0,0,,0,0,0,0,0,0,0,0,0,-1.4,Jordan Wakefield,https://www.sports-reference.com/cbb/players/jordan-wakefield-1.html,george-mason,2019-20
20,20,24,2020-02-09,George Mason,,Saint Louis,REG (Conf),L 51-64,,11,0,3,.000,0,1,.000,0,2,.000,.000,1,2,.500,2,0,2,0,0,0,1,0,1,-1.1,Jordan Wakefield,https://www.sports-reference.com/cbb/players/jordan-wakefield-1.html,george-mason,2019-20
21,21,25,2020-02-15,George Mason,@,George Washington,REG (Conf),L 57-62,,12,1,2,.500,0,1,.000,1,1,1.000,.500,0,0,,2,1,3,2,1,0,3,2,2,1.3,Jordan Wakefield,https://www.sports-reference.com/cbb/players/jordan-wakefield-1.html,george-mason,2019-20
22,22,26,2020-02-19,George Mason,,Richmond,REG (Conf),L 70-75,,16,4,5,.800,2,2,1.000,2,3,.667,1.000,2,5,.400,4,2,6,1,0,1,2,0,12,11.7,Jordan Wakefield,https://www.sports-reference.com/cbb/players/jordan-wakefield-1.html,george-mason,2019-20
23,23,27,2020-02-22,George Mason,@,Saint Joseph's,REG (Conf),W 54-49,*,21,1,3,.333,0,0,,1,3,.333,.333,1,2,.500,1,0,1,0,0,0,0,3,3,0.4,Jordan Wakefield,https://www.sports-reference.com/cbb/players/jordan-wakefield-1.html,george-mason,2019-20
24,24,28,2020-02-26,George Mason,@,VCU,REG (Conf),L 36-48,*,25,1,3,.333,0,1,.000,1,2,.500,.333,4,5,.800,2,4,6,0,0,1,2,2,6,4.4,Jordan Wakefield,https://www.sports-reference.com/cbb/players/jordan-wakefield-1.html,george-mason,2019-20
25,25,29,2020-02-29,George Mason,,La Salle,REG (Conf),L 59-64,,24,1,5,.200,0,1,.000,1,4,.250,.200,2,4,.500,1,3,4,1,0,0,1,1,4,1.0,Jordan Wakefield,https://www.sports-reference.com/cbb/players/jordan-wakefield-1.html,george-mason,2019-20
26,26,30,2020-03-03,George Mason,@,Saint Louis,CTOURN,L 61-69,*,31,2,6,.333,0,1,.000,2,5,.400,.333,5,6,.833,1,4,5,1,0,0,1,1,9,6.4,Jordan Wakefield,https://www.sports-reference.com/cbb/players/jordan-wakefield-1.html,george-mason,2019-20
