ranker,player_game_num_career,team_game_num_season,date,team_name_abbr,game_location,opp_name_abbr,game_type,game_result,is_starter,mp,fg,fga,fg_pct,fg3,fg3a,fg3_pct,fg2,fg2a,fg2_pct,efg_pct,ft,fta,ft_pct,orb,drb,trb,ast,stl,blk,tov,pf,pts,game_score,player_name,player_sr_link,school,season
1,65,1,2019-11-06,George Mason,@,College of Charleston,REG (Non-Conf),W 72-61,,22,2,6,.333,2,5,.400,0,1,.000,.500,4,4,1.000,0,3,3,1,1,0,0,0,10,9.2,Marika Korpinen,https://www.sports-reference.com/cbb/players/marika-korpinen-1.html,george-mason,2019-20
2,66,2,2019-11-10,George Mason,,Virginia Tech,REG (Non-Conf),L 58-77,,27,2,8,.250,1,2,.500,1,6,.167,.313,2,4,.500,0,0,0,3,1,0,2,1,7,2.1,Marika Korpinen,https://www.sports-reference.com/cbb/players/marika-korpinen-1.html,george-mason,2019-20
3,67,3,2019-11-16,George Mason,,Detroit Mercy,REG (Non-Conf),W 75-62,*,30,3,7,.429,0,2,.000,3,5,.600,.429,4,5,.800,2,2,4,2,1,1,3,2,10,7.2,Marika Korpinen,https://www.sports-reference.com/cbb/players/marika-korpinen-1.html,george-mason,2019-20
4,68,4,2019-11-21,George Mason,,American,REG (Non-Conf),W 73-55,*,35,3,5,.600,1,1,1.000,2,4,.500,.700,0,0,,2,1,3,3,0,0,2,1,7,6.1,Marika Korpinen,https://www.sports-reference.com/cbb/players/marika-korpinen-1.html,george-mason,2019-20
5,69,5,2019-11-24,George Mason,@,Penn State,REG (Non-Conf),W 78-68,*,24,0,3,.000,0,2,.000,0,1,.000,.000,2,2,1.000,0,1,1,4,1,1,2,1,2,2.3,Marika Korpinen,https://www.sports-reference.com/cbb/players/marika-korpinen-1.html,george-mason,2019-20
6,70,6,2019-11-26,George Mason,,Kansas City,REG (Non-Conf),L 58-64,*,13,0,4,.000,0,2,.000,0,2,.000,.000,0,0,,0,0,0,1,0,0,0,2,0,-2.9,Marika Korpinen,https://www.sports-reference.com/cbb/players/marika-korpinen-1.html,george-mason,2019-20
7,71,7,2019-11-29,George Mason,,Bradley,REG (Non-Conf),L 59-61,,13,1,2,.500,0,0,,1,2,.500,.500,0,0,,0,0,0,0,0,0,0,1,2,0.6,Marika Korpinen,https://www.sports-reference.com/cbb/players/marika-korpinen-1.html,george-mason,2019-20
8,72,8,2019-12-01,George Mason,@,Coastal Carolina,REG (Non-Conf),L 59-74,,9,0,0,,0,0,,0,0,,,0,0,,0,0,0,2,0,0,1,1,0,0.0,Marika Korpinen,https://www.sports-reference.com/cbb/players/marika-korpinen-1.html,george-mason,2019-20
9,73,9,2019-12-04,George Mason,,Bucknell,REG (Non-Conf),L 51-64,,18,2,5,.400,0,2,.000,2,3,.667,.400,0,0,,1,0,1,0,0,0,0,2,4,1.2,Marika Korpinen,https://www.sports-reference.com/cbb/players/marika-korpinen-1.html,george-mason,2019-20
10,74,10,2019-12-19,George Mason,@,Navy,REG (Non-Conf),W 67-58,*,20,0,3,.000,0,3,.000,0,0,,.000,0,0,,0,2,2,0,0,0,2,3,0,-4.7,Marika Korpinen,https://www.sports-reference.com/cbb/players/marika-korpinen-1.html,george-mason,2019-20
11,75,11,2019-12-21,George Mason,,Howard,REG (Non-Conf),L 75-86,*,9,0,4,.000,0,0,,0,4,.000,.000,2,2,1.000,0,0,0,1,0,0,0,1,2,-0.5,Marika Korpinen,https://www.sports-reference.com/cbb/players/marika-korpinen-1.html,george-mason,2019-20
12,76,12,2019-12-29,George Mason,@,Delaware,REG (Non-Conf),L 44-63,,13,0,3,.000,0,0,,0,3,.000,.000,1,2,.500,0,2,2,2,1,0,0,1,1,1.1,Marika Korpinen,https://www.sports-reference.com/cbb/players/marika-korpinen-1.html,george-mason,2019-20
13,77,14,2020-01-04,George Mason,,George Washington,REG (Conf),W 70-60,,17,2,3,.667,1,1,1.000,1,2,.500,.833,0,0,,1,0,1,2,0,0,2,1,5,3.4,Marika Korpinen,https://www.sports-reference.com/cbb/players/marika-korpinen-1.html,george-mason,2019-20
14,78,15,2020-01-08,George Mason,@,Dayton,REG (Conf),L 55-59,,6,0,0,,0,0,,0,0,,,0,0,,0,1,1,1,0,0,1,0,0,0.0,Marika Korpinen,https://www.sports-reference.com/cbb/players/marika-korpinen-1.html,george-mason,2019-20
15,79,16,2020-01-12,George Mason,@,St. Bonaventure,REG (Conf),L 47-62,,15,2,6,.333,0,2,.000,2,4,.500,.333,2,2,1.000,1,0,1,1,0,1,1,0,6,3.7,Marika Korpinen,https://www.sports-reference.com/cbb/players/marika-korpinen-1.html,george-mason,2019-20
16,80,17,2020-01-15,George Mason,,Davidson,REG (Conf),L 69-76,*,36,6,10,.600,4,7,.571,2,3,.667,.800,4,5,.800,0,2,2,2,0,0,0,3,20,15.8,Marika Korpinen,https://www.sports-reference.com/cbb/players/marika-korpinen-1.html,george-mason,2019-20
17,81,18,2020-01-19,George Mason,,Fordham,REG (Conf),L 54-66,*,20,1,4,.250,0,1,.000,1,3,.333,.250,0,0,,2,0,2,0,0,0,2,3,2,-2.2,Marika Korpinen,https://www.sports-reference.com/cbb/players/marika-korpinen-1.html,george-mason,2019-20
18,82,19,2020-01-22,George Mason,@,Duquesne,REG (Conf),L 63-84,*,12,0,4,.000,0,2,.000,0,2,.000,.000,0,0,,1,0,1,2,0,0,0,0,0,-0.7,Marika Korpinen,https://www.sports-reference.com/cbb/players/marika-korpinen-1.html,george-mason,2019-20
19,83,20,2020-01-25,George Mason,,VCU,REG (Conf),L 63-82,*,24,1,5,.200,1,2,.500,0,3,.000,.300,2,2,1.000,1,0,1,2,0,0,0,1,5,3.6,Marika Korpinen,https://www.sports-reference.com/cbb/players/marika-korpinen-1.html,george-mason,2019-20
20,84,21,2020-01-29,George Mason,@,La Salle,REG (Conf),L 65-77,*,33,3,11,.273,0,4,.000,3,7,.429,.273,5,6,.833,2,3,5,1,0,2,3,1,11,5.1,Marika Korpinen,https://www.sports-reference.com/cbb/players/marika-korpinen-1.html,george-mason,2019-20
21,85,22,2020-02-01,George Mason,@,Rhode Island,REG (Conf),L 42-47,*,32,1,8,.125,0,5,.000,1,3,.333,.125,2,2,1.000,0,6,6,2,1,0,2,2,4,0.2,Marika Korpinen,https://www.sports-reference.com/cbb/players/marika-korpinen-1.html,george-mason,2019-20
22,86,23,2020-02-05,George Mason,,Massachusetts,REG (Conf),W 73-56,*,36,5,10,.500,2,5,.400,3,5,.600,.600,4,5,.800,3,5,8,3,0,0,1,2,16,14.5,Marika Korpinen,https://www.sports-reference.com/cbb/players/marika-korpinen-1.html,george-mason,2019-20
23,87,24,2020-02-09,George Mason,,Saint Louis,REG (Conf),L 51-64,*,34,4,8,.500,3,4,.750,1,4,.250,.688,2,2,1.000,4,2,6,1,0,1,2,0,13,11.8,Marika Korpinen,https://www.sports-reference.com/cbb/players/marika-korpinen-1.html,george-mason,2019-20
24,88,25,2020-02-15,George Mason,@,George Washington,REG (Conf),L 57-62,*,33,5,11,.455,4,7,.571,1,4,.250,.636,4,5,.800,3,1,4,2,0,0,0,2,18,14.9,Marika Korpinen,https://www.sports-reference.com/cbb/players/marika-korpinen-1.html,george-mason,2019-20
25,89,26,2020-02-19,George Mason,,Richmond,REG (Conf),L 70-75,*,31,4,9,.444,2,6,.333,2,3,.667,.556,0,0,,1,0,1,4,1,0,2,3,10,6.6,Marika Korpinen,https://www.sports-reference.com/cbb/players/marika-korpinen-1.html,george-mason,2019-20
26,90,27,2020-02-22,George Mason,@,Saint Joseph's,REG (Conf),W 54-49,*,17,0,2,.000,0,0,,0,2,.000,.000,0,0,,0,0,0,2,0,0,2,0,0,-2.0,Marika Korpinen,https://www.sports-reference.com/cbb/players/marika-korpinen-1.html,george-mason,2019-20
27,91,28,2020-02-26,George Mason,@,VCU,REG (Conf),L 36-48,*,27,0,6,.000,0,3,.000,0,3,.000,.000,0,0,,1,1,2,0,1,0,2,0,0,-4.2,Marika Korpinen,https://www.sports-reference.com/cbb/players/marika-korpinen-1.html,george-mason,2019-20
28,92,29,2020-02-29,George Mason,,La Salle,REG (Conf),L 59-64,,30,4,10,.400,3,7,.429,1,3,.333,.550,3,4,.750,2,2,4,3,1,0,1,4,14,10.7,Marika Korpinen,https://www.sports-reference.com/cbb/players/marika-korpinen-1.html,george-mason,2019-20
29,93,30,2020-03-03,George Mason,@,Saint Louis,CTOURN,L 61-69,*,26,1,7,.143,0,2,.000,1,5,.200,.143,0,0,,0,1,1,1,1,0,1,1,2,-1.9,Marika Korpinen,https://www.sports-reference.com/cbb/players/marika-korpinen-1.html,george-mason,2019-20
