ranker,player_game_num_career,team_game_num_season,date,team_name_abbr,game_location,opp_name_abbr,game_type,game_result,is_starter,mp,fg,fga,fg_pct,fg3,fg3a,fg3_pct,fg2,fg2a,fg2_pct,efg_pct,ft,fta,ft_pct,orb,drb,trb,ast,stl,blk,tov,pf,pts,game_score,player_name,player_sr_link,school,season
1,65,1,2019-11-06,George Mason,@,College of Charleston,REG (Non-Conf),W 72-61,*,37,9,19,.474,0,4,.000,9,15,.600,.474,6,8,.750,1,1,2,1,5,0,5,3,24,14.0,Nicole Cardano-Hillary,https://www.sports-reference.com/cbb/players/nicole-cardano-hillary-1.html,george-mason,2019-20
2,66,2,2019-11-10,George Mason,,Virginia Tech,REG (Non-Conf),L 58-77,*,22,3,14,.214,0,2,.000,3,12,.250,.214,0,1,.000,2,3,5,2,2,0,4,4,6,-2.9,Nicole Cardano-Hillary,https://www.sports-reference.com/cbb/players/nicole-cardano-hillary-1.html,george-mason,2019-20
3,67,3,2019-11-16,George Mason,,Detroit Mercy,REG (Non-Conf),W 75-62,*,34,7,17,.412,3,8,.375,4,9,.444,.500,2,2,1.000,2,2,4,3,1,0,2,1,19,12.6,Nicole Cardano-Hillary,https://www.sports-reference.com/cbb/players/nicole-cardano-hillary-1.html,george-mason,2019-20
4,68,4,2019-11-21,George Mason,,American,REG (Non-Conf),W 73-55,*,34,9,17,.529,3,5,.600,6,12,.500,.618,2,2,1.000,2,3,5,2,0,0,5,2,23,12.6,Nicole Cardano-Hillary,https://www.sports-reference.com/cbb/players/nicole-cardano-hillary-1.html,george-mason,2019-20
5,69,5,2019-11-24,George Mason,@,Penn State,REG (Non-Conf),W 78-68,*,40,13,26,.500,2,5,.400,11,21,.524,.538,13,14,.929,2,5,7,1,0,0,8,1,41,22.8,Nicole Cardano-Hillary,https://www.sports-reference.com/cbb/players/nicole-cardano-hillary-1.html,george-mason,2019-20
6,70,6,2019-11-26,George Mason,,Kansas City,REG (Non-Conf),L 58-64,*,35,1,16,.063,1,9,.111,0,7,.000,.094,0,0,,1,1,2,5,1,0,4,1,3,-6.7,Nicole Cardano-Hillary,https://www.sports-reference.com/cbb/players/nicole-cardano-hillary-1.html,george-mason,2019-20
7,71,7,2019-11-29,George Mason,,Bradley,REG (Non-Conf),L 59-61,*,35,5,18,.278,0,2,.000,5,16,.313,.278,3,3,1.000,2,4,6,3,5,0,2,2,13,9.3,Nicole Cardano-Hillary,https://www.sports-reference.com/cbb/players/nicole-cardano-hillary-1.html,george-mason,2019-20
8,72,8,2019-12-01,George Mason,@,Coastal Carolina,REG (Non-Conf),L 59-74,*,31,5,11,.455,2,4,.500,3,7,.429,.545,9,12,.750,0,0,0,3,2,0,2,3,21,15.0,Nicole Cardano-Hillary,https://www.sports-reference.com/cbb/players/nicole-cardano-hillary-1.html,george-mason,2019-20
9,73,9,2019-12-04,George Mason,,Bucknell,REG (Non-Conf),L 51-64,*,28,2,10,.200,2,4,.500,0,6,.000,.300,4,6,.667,0,1,1,0,1,0,3,2,10,0.5,Nicole Cardano-Hillary,https://www.sports-reference.com/cbb/players/nicole-cardano-hillary-1.html,george-mason,2019-20
10,74,10,2019-12-19,George Mason,@,Navy,REG (Non-Conf),W 67-58,*,39,7,13,.538,2,5,.400,5,8,.625,.615,2,4,.500,0,8,8,8,3,0,3,2,18,18.1,Nicole Cardano-Hillary,https://www.sports-reference.com/cbb/players/nicole-cardano-hillary-1.html,george-mason,2019-20
11,75,11,2019-12-21,George Mason,,Howard,REG (Non-Conf),L 75-86,*,38,7,25,.280,3,13,.231,4,12,.333,.340,1,2,.500,1,5,6,5,3,0,5,4,18,5.0,Nicole Cardano-Hillary,https://www.sports-reference.com/cbb/players/nicole-cardano-hillary-1.html,george-mason,2019-20
12,76,12,2019-12-29,George Mason,@,Delaware,REG (Non-Conf),L 44-63,*,32,3,12,.250,1,4,.250,2,8,.250,.292,5,6,.833,2,3,5,4,6,0,3,3,12,11.3,Nicole Cardano-Hillary,https://www.sports-reference.com/cbb/players/nicole-cardano-hillary-1.html,george-mason,2019-20
13,77,13,2019-12-31,George Mason,@,SMU,REG (Non-Conf),W 59-58,*,38,9,25,.360,3,7,.429,6,18,.333,.420,4,5,.800,3,5,8,5,3,0,7,4,25,12.2,Nicole Cardano-Hillary,https://www.sports-reference.com/cbb/players/nicole-cardano-hillary-1.html,george-mason,2019-20
14,78,14,2020-01-04,George Mason,,George Washington,REG (Conf),W 70-60,*,35,6,15,.400,4,8,.500,2,7,.286,.533,2,2,1.000,2,6,8,3,0,0,4,4,18,9.6,Nicole Cardano-Hillary,https://www.sports-reference.com/cbb/players/nicole-cardano-hillary-1.html,george-mason,2019-20
15,79,15,2020-01-08,George Mason,@,Dayton,REG (Conf),L 55-59,*,27,8,15,.533,1,4,.250,7,11,.636,.567,0,0,,0,0,0,0,1,0,6,3,17,3.5,Nicole Cardano-Hillary,https://www.sports-reference.com/cbb/players/nicole-cardano-hillary-1.html,george-mason,2019-20
16,80,16,2020-01-12,George Mason,@,St. Bonaventure,REG (Conf),L 47-62,*,29,3,15,.200,0,3,.000,3,12,.250,.200,1,4,.250,1,2,3,5,1,0,2,4,7,-1.3,Nicole Cardano-Hillary,https://www.sports-reference.com/cbb/players/nicole-cardano-hillary-1.html,george-mason,2019-20
17,81,17,2020-01-15,George Mason,,Davidson,REG (Conf),L 69-76,*,35,9,17,.529,1,6,.167,8,11,.727,.559,3,4,.750,0,7,7,5,4,0,6,4,22,15.3,Nicole Cardano-Hillary,https://www.sports-reference.com/cbb/players/nicole-cardano-hillary-1.html,george-mason,2019-20
18,82,18,2020-01-19,George Mason,,Fordham,REG (Conf),L 54-66,*,34,4,15,.267,0,3,.000,4,12,.333,.267,8,9,.889,1,6,7,5,0,0,3,2,16,8.9,Nicole Cardano-Hillary,https://www.sports-reference.com/cbb/players/nicole-cardano-hillary-1.html,george-mason,2019-20
19,83,19,2020-01-22,George Mason,@,Duquesne,REG (Conf),L 63-84,*,24,5,14,.357,0,4,.000,5,10,.500,.357,2,2,1.000,0,1,1,3,3,1,4,3,12,5.1,Nicole Cardano-Hillary,https://www.sports-reference.com/cbb/players/nicole-cardano-hillary-1.html,george-mason,2019-20
20,84,20,2020-01-25,George Mason,,VCU,REG (Conf),L 63-82,*,36,7,19,.368,3,7,.429,4,12,.333,.447,11,12,.917,3,1,4,4,1,0,3,1,28,19.9,Nicole Cardano-Hillary,https://www.sports-reference.com/cbb/players/nicole-cardano-hillary-1.html,george-mason,2019-20
21,85,21,2020-01-29,George Mason,@,La Salle,REG (Conf),L 65-77,*,34,4,17,.235,2,8,.250,2,9,.222,.294,8,13,.615,1,3,4,3,2,1,6,5,18,4.1,Nicole Cardano-Hillary,https://www.sports-reference.com/cbb/players/nicole-cardano-hillary-1.html,george-mason,2019-20
22,86,22,2020-02-01,George Mason,@,Rhode Island,REG (Conf),L 42-47,*,38,8,23,.348,0,5,.000,8,18,.444,.348,0,0,,3,7,10,0,4,0,2,5,16,7.3,Nicole Cardano-Hillary,https://www.sports-reference.com/cbb/players/nicole-cardano-hillary-1.html,george-mason,2019-20
23,87,23,2020-02-05,George Mason,,Massachusetts,REG (Conf),W 73-56,*,38,6,20,.300,1,6,.167,5,14,.357,.325,4,8,.500,1,9,10,7,2,0,3,4,17,9.5,Nicole Cardano-Hillary,https://www.sports-reference.com/cbb/players/nicole-cardano-hillary-1.html,george-mason,2019-20
24,88,24,2020-02-09,George Mason,,Saint Louis,REG (Conf),L 51-64,*,37,10,19,.526,1,5,.200,9,14,.643,.553,2,3,.667,1,3,4,5,4,0,3,3,23,18.2,Nicole Cardano-Hillary,https://www.sports-reference.com/cbb/players/nicole-cardano-hillary-1.html,george-mason,2019-20
25,89,25,2020-02-15,George Mason,@,George Washington,REG (Conf),L 57-62,*,40,7,18,.389,1,6,.167,6,12,.500,.417,4,4,1.000,2,8,10,3,1,0,8,1,19,7.7,Nicole Cardano-Hillary,https://www.sports-reference.com/cbb/players/nicole-cardano-hillary-1.html,george-mason,2019-20
26,90,26,2020-02-19,George Mason,,Richmond,REG (Conf),L 70-75,*,39,8,22,.364,1,7,.143,7,15,.467,.386,6,7,.857,2,2,4,4,3,0,3,3,23,14.0,Nicole Cardano-Hillary,https://www.sports-reference.com/cbb/players/nicole-cardano-hillary-1.html,george-mason,2019-20
27,91,27,2020-02-22,George Mason,@,Saint Joseph's,REG (Conf),W 54-49,*,39,5,22,.227,4,7,.571,1,15,.067,.318,4,6,.667,1,6,7,3,4,0,3,2,18,8.6,Nicole Cardano-Hillary,https://www.sports-reference.com/cbb/players/nicole-cardano-hillary-1.html,george-mason,2019-20
28,92,28,2020-02-26,George Mason,@,VCU,REG (Conf),L 36-48,*,36,8,23,.348,1,6,.167,7,17,.412,.370,5,6,.833,0,6,6,0,2,0,3,2,22,8.7,Nicole Cardano-Hillary,https://www.sports-reference.com/cbb/players/nicole-cardano-hillary-1.html,george-mason,2019-20
29,93,29,2020-02-29,George Mason,,La Salle,REG (Conf),L 59-64,*,29,3,17,.176,1,5,.200,2,12,.167,.206,3,4,.750,2,2,4,2,2,0,4,2,10,-0.5,Nicole Cardano-Hillary,https://www.sports-reference.com/cbb/players/nicole-cardano-hillary-1.html,george-mason,2019-20
30,94,30,2020-03-03,George Mason,@,Saint Louis,CTOURN,L 61-69,*,35,9,20,.450,5,11,.455,4,9,.444,.575,6,6,1.000,1,5,6,1,1,0,1,4,29,19.9,Nicole Cardano-Hillary,https://www.sports-reference.com/cbb/players/nicole-cardano-hillary-1.html,george-mason,2019-20
