ranker,player_game_num_career,team_game_num_season,date,team_name_abbr,game_location,opp_name_abbr,game_type,game_result,is_starter,mp,fg,fga,fg_pct,fg3,fg3a,fg3_pct,fg2,fg2a,fg2_pct,efg_pct,ft,fta,ft_pct,orb,drb,trb,ast,stl,blk,tov,pf,pts,game_score,player_name,player_sr_link,school,season
1,94,1,2019-11-06,George Mason,@,College of Charleston,REG (Non-Conf),W 72-61,*,19,0,5,.000,0,4,.000,0,1,.000,.000,2,2,1.000,0,4,4,1,0,0,0,1,2,0.0,Sarah Kaminski,https://www.sports-reference.com/cbb/players/sarah-kaminski-1.html,george-mason,2019-20
2,95,2,2019-11-10,George Mason,,Virginia Tech,REG (Non-Conf),L 58-77,*,20,2,8,.250,2,6,.333,0,2,.000,.375,0,0,,2,0,2,0,1,0,0,2,6,2.8,Sarah Kaminski,https://www.sports-reference.com/cbb/players/sarah-kaminski-1.html,george-mason,2019-20
3,96,3,2019-11-16,George Mason,,Detroit Mercy,REG (Non-Conf),W 75-62,*,32,3,8,.375,3,7,.429,0,1,.000,.563,0,0,,2,7,9,4,1,0,2,2,9,9.1,Sarah Kaminski,https://www.sports-reference.com/cbb/players/sarah-kaminski-1.html,george-mason,2019-20
4,97,4,2019-11-21,George Mason,,American,REG (Non-Conf),W 73-55,*,29,3,7,.429,3,6,.500,0,1,.000,.643,0,0,,1,5,6,3,0,1,3,3,9,6.1,Sarah Kaminski,https://www.sports-reference.com/cbb/players/sarah-kaminski-1.html,george-mason,2019-20
5,98,5,2019-11-24,George Mason,@,Penn State,REG (Non-Conf),W 78-68,*,31,4,10,.400,4,9,.444,0,1,.000,.600,0,0,,0,4,4,0,2,1,1,1,12,9.1,Sarah Kaminski,https://www.sports-reference.com/cbb/players/sarah-kaminski-1.html,george-mason,2019-20
6,99,6,2019-11-26,George Mason,,Kansas City,REG (Non-Conf),L 58-64,*,28,5,16,.313,4,13,.308,1,3,.333,.438,1,4,.250,1,0,1,2,1,0,0,4,15,6.1,Sarah Kaminski,https://www.sports-reference.com/cbb/players/sarah-kaminski-1.html,george-mason,2019-20
7,100,7,2019-11-29,George Mason,,Bradley,REG (Non-Conf),L 59-61,*,26,1,6,.167,0,3,.000,1,3,.333,.167,0,0,,0,3,3,2,0,0,0,0,2,0.5,Sarah Kaminski,https://www.sports-reference.com/cbb/players/sarah-kaminski-1.html,george-mason,2019-20
8,101,8,2019-12-01,George Mason,@,Coastal Carolina,REG (Non-Conf),L 59-74,*,15,1,4,.250,1,3,.333,0,1,.000,.375,0,0,,0,3,3,0,0,0,1,2,3,-0.3,Sarah Kaminski,https://www.sports-reference.com/cbb/players/sarah-kaminski-1.html,george-mason,2019-20
9,102,9,2019-12-04,George Mason,,Bucknell,REG (Non-Conf),L 51-64,*,14,0,3,.000,0,1,.000,0,2,.000,.000,0,0,,0,1,1,2,0,0,0,2,0,-1.2,Sarah Kaminski,https://www.sports-reference.com/cbb/players/sarah-kaminski-1.html,george-mason,2019-20
10,103,10,2019-12-19,George Mason,@,Navy,REG (Non-Conf),W 67-58,*,33,4,11,.364,3,8,.375,1,3,.333,.500,5,6,.833,3,3,6,2,0,0,0,1,16,13.5,Sarah Kaminski,https://www.sports-reference.com/cbb/players/sarah-kaminski-1.html,george-mason,2019-20
11,104,11,2019-12-21,George Mason,,Howard,REG (Non-Conf),L 75-86,*,12,2,5,.400,2,4,.500,0,1,.000,.600,0,0,,1,1,2,0,0,0,1,4,6,1.7,Sarah Kaminski,https://www.sports-reference.com/cbb/players/sarah-kaminski-1.html,george-mason,2019-20
12,105,12,2019-12-29,George Mason,@,Delaware,REG (Non-Conf),L 44-63,*,22,0,5,.000,0,4,.000,0,1,.000,.000,0,0,,0,1,1,2,0,0,1,3,0,-4.0,Sarah Kaminski,https://www.sports-reference.com/cbb/players/sarah-kaminski-1.html,george-mason,2019-20
13,106,13,2019-12-31,George Mason,@,SMU,REG (Non-Conf),W 59-58,,13,0,1,.000,0,1,.000,0,0,,.000,0,0,,1,0,1,1,0,0,0,0,0,0.7,Sarah Kaminski,https://www.sports-reference.com/cbb/players/sarah-kaminski-1.html,george-mason,2019-20
14,107,14,2020-01-04,George Mason,,George Washington,REG (Conf),W 70-60,,28,2,5,.400,0,3,.000,2,2,1.000,.400,1,2,.500,1,4,5,3,1,0,1,2,5,5.1,Sarah Kaminski,https://www.sports-reference.com/cbb/players/sarah-kaminski-1.html,george-mason,2019-20
15,108,15,2020-01-08,George Mason,@,Dayton,REG (Conf),L 55-59,,21,3,8,.375,3,7,.429,0,1,.000,.563,0,0,,0,3,3,0,0,0,2,3,9,2.3,Sarah Kaminski,https://www.sports-reference.com/cbb/players/sarah-kaminski-1.html,george-mason,2019-20
16,109,16,2020-01-12,George Mason,@,St. Bonaventure,REG (Conf),L 47-62,,12,1,1,1.000,1,1,1.000,0,0,,1.500,1,2,.500,0,2,2,0,0,0,0,0,4,3.9,Sarah Kaminski,https://www.sports-reference.com/cbb/players/sarah-kaminski-1.html,george-mason,2019-20
17,110,17,2020-01-15,George Mason,,Davidson,REG (Conf),L 69-76,*,29,3,7,.429,1,5,.200,2,2,1.000,.500,0,0,,2,5,7,5,1,0,1,1,7,9.3,Sarah Kaminski,https://www.sports-reference.com/cbb/players/sarah-kaminski-1.html,george-mason,2019-20
18,111,18,2020-01-19,George Mason,,Fordham,REG (Conf),L 54-66,*,26,2,5,.400,2,4,.500,0,1,.000,.600,0,0,,2,4,6,2,0,0,0,1,6,6.9,Sarah Kaminski,https://www.sports-reference.com/cbb/players/sarah-kaminski-1.html,george-mason,2019-20
19,112,19,2020-01-22,George Mason,@,Duquesne,REG (Conf),L 63-84,,14,0,2,.000,0,2,.000,0,0,,.000,0,0,,0,1,1,2,1,0,0,1,0,0.9,Sarah Kaminski,https://www.sports-reference.com/cbb/players/sarah-kaminski-1.html,george-mason,2019-20
20,113,20,2020-01-25,George Mason,,VCU,REG (Conf),L 63-82,,8,0,1,.000,0,1,.000,0,0,,.000,0,0,,0,1,1,0,0,0,1,1,0,-1.8,Sarah Kaminski,https://www.sports-reference.com/cbb/players/sarah-kaminski-1.html,george-mason,2019-20
21,114,21,2020-01-29,George Mason,@,La Salle,REG (Conf),L 65-77,,22,1,7,.143,1,5,.200,0,2,.000,.214,0,0,,2,2,4,1,3,0,1,4,3,1.6,Sarah Kaminski,https://www.sports-reference.com/cbb/players/sarah-kaminski-1.html,george-mason,2019-20
22,115,22,2020-02-01,George Mason,@,Rhode Island,REG (Conf),L 42-47,*,23,0,6,.000,0,6,.000,0,0,,.000,2,2,1.000,2,2,4,1,1,0,2,0,2,-0.5,Sarah Kaminski,https://www.sports-reference.com/cbb/players/sarah-kaminski-1.html,george-mason,2019-20
23,116,23,2020-02-05,George Mason,,Massachusetts,REG (Conf),W 73-56,*,19,1,2,.500,1,2,.500,0,0,,.750,0,0,,1,1,2,0,1,0,1,3,3,1.8,Sarah Kaminski,https://www.sports-reference.com/cbb/players/sarah-kaminski-1.html,george-mason,2019-20
24,117,24,2020-02-09,George Mason,,Saint Louis,REG (Conf),L 51-64,*,18,0,2,.000,0,2,.000,0,0,,.000,0,0,,1,3,4,0,0,0,0,0,0,0.2,Sarah Kaminski,https://www.sports-reference.com/cbb/players/sarah-kaminski-1.html,george-mason,2019-20
25,118,25,2020-02-15,George Mason,@,George Washington,REG (Conf),L 57-62,*,25,1,6,.167,1,4,.250,0,2,.000,.250,0,0,,1,2,3,2,0,0,0,3,3,0.7,Sarah Kaminski,https://www.sports-reference.com/cbb/players/sarah-kaminski-1.html,george-mason,2019-20
26,119,26,2020-02-19,George Mason,,Richmond,REG (Conf),L 70-75,*,16,0,3,.000,0,3,.000,0,0,,.000,0,0,,0,0,0,1,0,0,0,5,0,-3.4,Sarah Kaminski,https://www.sports-reference.com/cbb/players/sarah-kaminski-1.html,george-mason,2019-20
27,120,27,2020-02-22,George Mason,@,Saint Joseph's,REG (Conf),W 54-49,*,27,1,5,.200,1,2,.500,0,3,.000,.300,0,0,,0,4,4,2,1,0,1,0,3,2.5,Sarah Kaminski,https://www.sports-reference.com/cbb/players/sarah-kaminski-1.html,george-mason,2019-20
28,121,28,2020-02-26,George Mason,@,VCU,REG (Conf),L 36-48,,13,1,1,1.000,0,0,,1,1,1.000,1.000,0,0,,1,2,3,0,0,0,1,1,2,1.6,Sarah Kaminski,https://www.sports-reference.com/cbb/players/sarah-kaminski-1.html,george-mason,2019-20
29,122,29,2020-02-29,George Mason,,La Salle,REG (Conf),L 59-64,*,23,0,2,.000,0,2,.000,0,0,,.000,0,0,,0,3,3,2,0,0,0,3,0,-0.3,Sarah Kaminski,https://www.sports-reference.com/cbb/players/sarah-kaminski-1.html,george-mason,2019-20
30,123,30,2020-03-03,George Mason,@,Saint Louis,CTOURN,L 61-69,,6,1,2,.500,1,2,.500,0,0,,.750,0,0,,0,0,0,0,2,0,1,3,3,1.8,Sarah Kaminski,https://www.sports-reference.com/cbb/players/sarah-kaminski-1.html,george-mason,2019-20
