ranker,player_game_num_career,team_game_num_season,date,team_name_abbr,game_location,opp_name_abbr,game_type,game_result,is_starter,mp,fg,fga,fg_pct,fg3,fg3a,fg3_pct,fg2,fg2a,fg2_pct,efg_pct,ft,fta,ft_pct,orb,drb,trb,ast,stl,blk,tov,pf,pts,game_score,player_name,player_sr_link,school,season
1,1,1,2019-11-06,George Mason,@,College of Charleston,REG (Non-Conf),W 72-61,,28,4,8,.500,1,1,1.000,3,7,.429,.563,7,9,.778,1,7,8,0,1,0,2,1,16,12.6,Tamia Lawhorne,https://www.sports-reference.com/cbb/players/tamia-lawhorne-1.html,george-mason,2019-20
2,2,2,2019-11-10,George Mason,,Virginia Tech,REG (Non-Conf),L 58-77,,27,3,8,.375,0,2,.000,3,6,.500,.375,2,5,.400,1,1,2,0,0,2,1,2,8,3.0,Tamia Lawhorne,https://www.sports-reference.com/cbb/players/tamia-lawhorne-1.html,george-mason,2019-20
3,3,3,2019-11-16,George Mason,,Detroit Mercy,REG (Non-Conf),W 75-62,,13,0,3,.000,0,0,,0,3,.000,.000,0,2,.000,2,0,2,0,0,1,1,0,0,-1.8,Tamia Lawhorne,https://www.sports-reference.com/cbb/players/tamia-lawhorne-1.html,george-mason,2019-20
4,4,4,2019-11-21,George Mason,,American,REG (Non-Conf),W 73-55,,7,2,3,.667,0,0,,2,3,.667,.667,0,2,.000,0,2,2,0,0,0,2,4,4,-1.1,Tamia Lawhorne,https://www.sports-reference.com/cbb/players/tamia-lawhorne-1.html,george-mason,2019-20
5,5,5,2019-11-24,George Mason,@,Penn State,REG (Non-Conf),W 78-68,*,13,1,4,.250,0,0,,1,4,.250,.250,2,2,1.000,3,1,4,0,0,0,1,3,4,1.8,Tamia Lawhorne,https://www.sports-reference.com/cbb/players/tamia-lawhorne-1.html,george-mason,2019-20
6,6,6,2019-11-26,George Mason,,Kansas City,REG (Non-Conf),L 58-64,,3,0,0,,0,0,,0,0,,,0,0,,0,1,1,0,0,1,2,0,0,-1.0,Tamia Lawhorne,https://www.sports-reference.com/cbb/players/tamia-lawhorne-1.html,george-mason,2019-20
7,7,7,2019-11-29,George Mason,,Bradley,REG (Non-Conf),L 59-61,,13,1,5,.200,0,0,,1,5,.200,.200,0,0,,1,1,2,1,0,1,0,2,2,0.5,Tamia Lawhorne,https://www.sports-reference.com/cbb/players/tamia-lawhorne-1.html,george-mason,2019-20
8,8,8,2019-12-01,George Mason,@,Coastal Carolina,REG (Non-Conf),L 59-74,,21,2,9,.222,1,4,.250,1,5,.200,.278,2,2,1.000,3,2,5,0,1,0,2,1,7,2.8,Tamia Lawhorne,https://www.sports-reference.com/cbb/players/tamia-lawhorne-1.html,george-mason,2019-20
9,9,9,2019-12-04,George Mason,,Bucknell,REG (Non-Conf),L 51-64,,4,0,1,.000,0,0,,0,1,.000,.000,1,2,.500,0,1,1,0,0,0,0,4,1,-1.4,Tamia Lawhorne,https://www.sports-reference.com/cbb/players/tamia-lawhorne-1.html,george-mason,2019-20
10,10,10,2019-12-19,George Mason,@,Navy,REG (Non-Conf),W 67-58,,1,0,0,,0,0,,0,0,,,0,0,,0,0,0,0,0,0,0,0,0,0.0,Tamia Lawhorne,https://www.sports-reference.com/cbb/players/tamia-lawhorne-1.html,george-mason,2019-20
11,11,12,2019-12-29,George Mason,@,Delaware,REG (Non-Conf),L 44-63,,14,1,5,.200,0,1,.000,1,4,.250,.200,1,4,.250,2,0,2,0,1,0,1,2,3,-0.7,Tamia Lawhorne,https://www.sports-reference.com/cbb/players/tamia-lawhorne-1.html,george-mason,2019-20
12,12,13,2019-12-31,George Mason,@,SMU,REG (Non-Conf),W 59-58,*,23,5,7,.714,1,2,.500,4,5,.800,.786,0,0,,3,3,6,1,1,1,3,2,11,9.7,Tamia Lawhorne,https://www.sports-reference.com/cbb/players/tamia-lawhorne-1.html,george-mason,2019-20
13,13,14,2020-01-04,George Mason,,George Washington,REG (Conf),W 70-60,*,29,8,16,.500,3,5,.600,5,11,.455,.594,3,4,.750,2,2,4,1,3,0,2,2,22,16.5,Tamia Lawhorne,https://www.sports-reference.com/cbb/players/tamia-lawhorne-1.html,george-mason,2019-20
14,14,15,2020-01-08,George Mason,@,Dayton,REG (Conf),L 55-59,*,26,2,6,.333,0,1,.000,2,5,.400,.333,4,5,.800,2,2,4,2,0,0,4,1,8,3.2,Tamia Lawhorne,https://www.sports-reference.com/cbb/players/tamia-lawhorne-1.html,george-mason,2019-20
15,15,16,2020-01-12,George Mason,@,St. Bonaventure,REG (Conf),L 47-62,*,21,3,6,.500,1,1,1.000,2,5,.400,.583,1,1,1.000,0,5,5,0,0,0,3,1,8,3.1,Tamia Lawhorne,https://www.sports-reference.com/cbb/players/tamia-lawhorne-1.html,george-mason,2019-20
16,16,19,2020-01-22,George Mason,@,Duquesne,REG (Conf),L 63-84,,21,8,15,.533,4,8,.500,4,7,.571,.667,1,1,1.000,2,1,3,0,2,0,2,1,21,15.0,Tamia Lawhorne,https://www.sports-reference.com/cbb/players/tamia-lawhorne-1.html,george-mason,2019-20
17,17,20,2020-01-25,George Mason,,VCU,REG (Conf),L 63-82,*,33,2,12,.167,1,5,.200,1,7,.143,.208,2,2,1.000,3,6,9,0,1,2,2,4,7,2.1,Tamia Lawhorne,https://www.sports-reference.com/cbb/players/tamia-lawhorne-1.html,george-mason,2019-20
18,18,21,2020-01-29,George Mason,@,La Salle,REG (Conf),L 65-77,*,3,0,1,.000,0,0,,0,1,.000,.000,0,0,,0,0,0,0,0,0,1,0,0,-1.7,Tamia Lawhorne,https://www.sports-reference.com/cbb/players/tamia-lawhorne-1.html,george-mason,2019-20
19,19,22,2020-02-01,George Mason,@,Rhode Island,REG (Conf),L 42-47,,14,1,7,.143,0,1,.000,1,6,.167,.143,0,2,.000,3,0,3,1,0,0,0,3,2,-1.7,Tamia Lawhorne,https://www.sports-reference.com/cbb/players/tamia-lawhorne-1.html,george-mason,2019-20
20,20,23,2020-02-05,George Mason,,Massachusetts,REG (Conf),W 73-56,,7,0,0,,0,0,,0,0,,,0,0,,0,0,0,0,0,0,0,0,0,0.0,Tamia Lawhorne,https://www.sports-reference.com/cbb/players/tamia-lawhorne-1.html,george-mason,2019-20
21,21,24,2020-02-09,George Mason,,Saint Louis,REG (Conf),L 51-64,,5,0,4,.000,0,1,.000,0,3,.000,.000,0,0,,0,1,1,0,1,0,0,0,0,-1.5,Tamia Lawhorne,https://www.sports-reference.com/cbb/players/tamia-lawhorne-1.html,george-mason,2019-20
22,22,25,2020-02-15,George Mason,@,George Washington,REG (Conf),L 57-62,,9,1,2,.500,0,0,,1,2,.500,.500,0,0,,0,0,0,0,0,0,0,0,2,1.0,Tamia Lawhorne,https://www.sports-reference.com/cbb/players/tamia-lawhorne-1.html,george-mason,2019-20
23,23,26,2020-02-19,George Mason,,Richmond,REG (Conf),L 70-75,,6,0,0,,0,0,,0,0,,,2,2,1.000,0,0,0,0,0,0,1,1,2,0.6,Tamia Lawhorne,https://www.sports-reference.com/cbb/players/tamia-lawhorne-1.html,george-mason,2019-20
24,24,27,2020-02-22,George Mason,@,Saint Joseph's,REG (Conf),W 54-49,,17,3,5,.600,1,2,.500,2,3,.667,.700,2,2,1.000,0,1,1,0,2,0,3,3,9,4.8,Tamia Lawhorne,https://www.sports-reference.com/cbb/players/tamia-lawhorne-1.html,george-mason,2019-20
25,25,28,2020-02-26,George Mason,@,VCU,REG (Conf),L 36-48,,23,0,6,.000,0,4,.000,0,2,.000,.000,2,2,1.000,1,2,3,1,1,1,1,0,2,0.5,Tamia Lawhorne,https://www.sports-reference.com/cbb/players/tamia-lawhorne-1.html,george-mason,2019-20
26,26,29,2020-02-29,George Mason,,La Salle,REG (Conf),L 59-64,,7,0,3,.000,0,1,.000,0,2,.000,.000,0,0,,1,1,2,0,0,0,0,1,0,-1.5,Tamia Lawhorne,https://www.sports-reference.com/cbb/players/tamia-lawhorne-1.html,george-mason,2019-20
27,27,30,2020-03-03,George Mason,@,Saint Louis,CTOURN,L 61-69,,1,0,0,,0,0,,0,0,,,0,0,,0,0,0,0,0,0,1,0,0,-1.0,Tamia Lawhorne,https://www.sports-reference.com/cbb/players/tamia-lawhorne-1.html,george-mason,2019-20
