ranker,player_game_num_career,team_game_num_season,date,team_name_abbr,game_location,opp_name_abbr,game_type,game_result,is_starter,mp,fg,fga,fg_pct,fg3,fg3a,fg3_pct,fg2,fg2a,fg2_pct,efg_pct,ft,fta,ft_pct,orb,drb,trb,ast,stl,blk,tov,pf,pts,game_score,player_name,player_sr_link,school,season
1,1,9,2019-12-04,George Mason,,Bucknell,REG (Non-Conf),L 51-64,,20,2,8,.250,0,2,.000,2,6,.333,.250,2,2,1.000,3,3,6,0,0,0,0,1,6,3.8,Vita Stam,https://www.sports-reference.com/cbb/players/vita-stam-1.html,george-mason,2019-20
2,2,10,2019-12-19,George Mason,@,Navy,REG (Non-Conf),W 67-58,,11,2,3,.667,0,0,,2,3,.667,.667,0,0,,1,0,1,0,0,0,0,1,4,3.0,Vita Stam,https://www.sports-reference.com/cbb/players/vita-stam-1.html,george-mason,2019-20
3,3,11,2019-12-21,George Mason,,Howard,REG (Non-Conf),L 75-86,,10,1,2,.500,0,0,,1,2,.500,.500,0,1,.000,2,1,3,0,0,0,1,0,2,1.3,Vita Stam,https://www.sports-reference.com/cbb/players/vita-stam-1.html,george-mason,2019-20
4,4,12,2019-12-29,George Mason,@,Delaware,REG (Non-Conf),L 44-63,*,8,0,1,.000,0,0,,0,1,.000,.000,0,0,,0,0,0,0,0,0,3,0,0,-3.7,Vita Stam,https://www.sports-reference.com/cbb/players/vita-stam-1.html,george-mason,2019-20
5,5,14,2020-01-04,George Mason,,George Washington,REG (Conf),W 70-60,,3,0,0,,0,0,,0,0,,,0,0,,1,1,2,0,0,0,0,0,0,1.0,Vita Stam,https://www.sports-reference.com/cbb/players/vita-stam-1.html,george-mason,2019-20
6,6,16,2020-01-12,George Mason,@,St. Bonaventure,REG (Conf),L 47-62,,6,0,0,,0,0,,0,0,,,0,0,,1,0,1,0,0,0,0,1,0,0.3,Vita Stam,https://www.sports-reference.com/cbb/players/vita-stam-1.html,george-mason,2019-20
7,7,17,2020-01-15,George Mason,,Davidson,REG (Conf),L 69-76,,4,1,1,1.000,0,0,,1,1,1.000,1.000,0,0,,0,1,1,0,0,0,1,0,2,1.0,Vita Stam,https://www.sports-reference.com/cbb/players/vita-stam-1.html,george-mason,2019-20
8,8,18,2020-01-19,George Mason,,Fordham,REG (Conf),L 54-66,,10,0,0,,0,0,,0,0,,,0,0,,0,1,1,1,0,0,1,1,0,-0.4,Vita Stam,https://www.sports-reference.com/cbb/players/vita-stam-1.html,george-mason,2019-20
9,9,19,2020-01-22,George Mason,@,Duquesne,REG (Conf),L 63-84,,20,0,4,.000,0,1,.000,0,3,.000,.000,0,0,,0,2,2,2,0,0,0,4,0,-2.4,Vita Stam,https://www.sports-reference.com/cbb/players/vita-stam-1.html,george-mason,2019-20
10,10,20,2020-01-25,George Mason,,VCU,REG (Conf),L 63-82,,4,0,3,.000,0,1,.000,0,2,.000,.000,0,0,,1,0,1,0,0,0,0,0,0,-1.4,Vita Stam,https://www.sports-reference.com/cbb/players/vita-stam-1.html,george-mason,2019-20
11,11,23,2020-02-05,George Mason,,Massachusetts,REG (Conf),W 73-56,,0,0,0,,0,0,,0,0,,,0,0,,0,0,0,0,0,0,0,0,0,0.0,Vita Stam,https://www.sports-reference.com/cbb/players/vita-stam-1.html,george-mason,2019-20
12,12,24,2020-02-09,George Mason,,Saint Louis,REG (Conf),L 51-64,,3,1,1,1.000,0,0,,1,1,1.000,1.000,0,0,,0,0,0,0,0,0,0,0,2,1.7,Vita Stam,https://www.sports-reference.com/cbb/players/vita-stam-1.html,george-mason,2019-20
13,13,26,2020-02-19,George Mason,,Richmond,REG (Conf),L 70-75,,7,1,3,.333,0,0,,1,3,.333,.333,0,0,,0,2,2,0,0,0,0,1,2,0.5,Vita Stam,https://www.sports-reference.com/cbb/players/vita-stam-1.html,george-mason,2019-20
14,14,27,2020-02-22,George Mason,@,Saint Joseph's,REG (Conf),W 54-49,,2,0,1,.000,0,0,,0,1,.000,.000,0,0,,0,0,0,0,0,0,0,0,0,-0.7,Vita Stam,https://www.sports-reference.com/cbb/players/vita-stam-1.html,george-mason,2019-20
15,15,28,2020-02-26,George Mason,@,VCU,REG (Conf),L 36-48,,23,1,4,.250,0,0,,1,4,.250,.250,0,0,,0,5,5,0,0,0,3,2,2,-2.7,Vita Stam,https://www.sports-reference.com/cbb/players/vita-stam-1.html,george-mason,2019-20
16,16,29,2020-02-29,George Mason,,La Salle,REG (Conf),L 59-64,,4,0,2,.000,0,0,,0,2,.000,.000,0,0,,0,0,0,0,0,0,0,1,0,-1.8,Vita Stam,https://www.sports-reference.com/cbb/players/vita-stam-1.html,george-mason,2019-20
