ranker,player_game_num_career,team_game_num_season,date,team_name_abbr,game_location,opp_name_abbr,game_type,game_result,is_starter,mp,fg,fga,fg_pct,fg3,fg3a,fg3_pct,fg2,fg2a,fg2_pct,efg_pct,ft,fta,ft_pct,orb,drb,trb,ast,stl,blk,tov,pf,pts,game_score,player_name,player_sr_link,school,season
1,1,2,2022-11-10,Fordham,,Saint Peter's,REG (Non-Conf),W 81-39,,6,1,2,.500,0,0,,1,2,.500,.500,0,0,,1,1,2,0,1,1,0,1,2,3.3,Ashley O'Connor,https://www.sports-reference.com/cbb/players/ashley-oconnor-1.html,fordham,2022-23
2,2,5,2022-11-20,Fordham,,Wagner,REG (Non-Conf),W 95-48,,5,1,1,1.000,0,0,,1,1,1.000,1.000,0,0,,0,0,0,0,0,0,0,0,2,1.7,Ashley O'Connor,https://www.sports-reference.com/cbb/players/ashley-oconnor-1.html,fordham,2022-23
3,3,11,2022-12-11,Fordham,,Fairleigh Dickinson,REG (Non-Conf),W 78-58,,1,0,0,,0,0,,0,0,,,2,2,1.000,0,0,0,0,0,0,0,0,2,2.0,Ashley O'Connor,https://www.sports-reference.com/cbb/players/ashley-oconnor-1.html,fordham,2022-23
4,4,13,2022-12-28,Fordham,,Post,REG (Non-Conf),W 85-54,,6,0,2,.000,0,2,.000,0,0,,.000,1,2,.500,0,1,1,1,0,0,0,0,1,0.2,Ashley O'Connor,https://www.sports-reference.com/cbb/players/ashley-oconnor-1.html,fordham,2022-23
5,5,18,2023-01-14,Fordham,,Duquesne,REG (Conf),W 83-62,,2,1,1,1.000,0,0,,1,1,1.000,1.000,0,0,,0,1,1,0,0,0,0,0,2,2.0,Ashley O'Connor,https://www.sports-reference.com/cbb/players/ashley-oconnor-1.html,fordham,2022-23
6,6,23,2023-02-01,Fordham,@,St. Bonaventure,REG (Conf),W 85-51,,11,2,3,.667,1,2,.500,1,1,1.000,.833,0,0,,0,1,1,0,0,1,0,2,5,3.9,Ashley O'Connor,https://www.sports-reference.com/cbb/players/ashley-oconnor-1.html,fordham,2022-23
7,7,24,2023-02-04,Fordham,,Loyola Chicago,REG (Conf),W 80-64,,8,1,3,.333,1,2,.500,0,1,.000,.500,0,0,,0,0,0,1,0,0,0,0,3,2.0,Ashley O'Connor,https://www.sports-reference.com/cbb/players/ashley-oconnor-1.html,fordham,2022-23
