ranker,player_game_num_career,team_game_num_season,date,team_name_abbr,game_location,opp_name_abbr,game_type,game_result,is_starter,mp,fg,fga,fg_pct,fg3,fg3a,fg2,fg2a,fg2_pct,efg_pct,ft,fta,ft_pct,orb,drb,trb,ast,stl,blk,tov,pf,pts,game_score,player_name,player_sr_link,school,season
1,1,2,2022-11-10,Fordham,,Saint Peter's,REG (Non-Conf),W 81-39,,2,1,1,1.000,0,0,1,1,1.000,1.000,0,0,,0,1,1,0,0,0,0,0,2,2.0,Kate Deutsch,https://www.sports-reference.com/cbb/players/kate-deutsch-1.html,fordham,2022-23
2,2,5,2022-11-20,Fordham,,Wagner,REG (Non-Conf),W 95-48,,3,1,1,1.000,0,0,1,1,1.000,1.000,0,0,,1,0,1,0,0,0,1,2,2,0.6,Kate Deutsch,https://www.sports-reference.com/cbb/players/kate-deutsch-1.html,fordham,2022-23
3,3,13,2022-12-28,Fordham,,Post,REG (Non-Conf),W 85-54,,5,1,3,.333,0,0,1,3,.333,.333,0,0,,1,0,1,2,0,0,0,0,2,2.4,Kate Deutsch,https://www.sports-reference.com/cbb/players/kate-deutsch-1.html,fordham,2022-23
4,4,23,2023-02-01,Fordham,@,St. Bonaventure,REG (Conf),W 85-51,,1,1,1,1.000,0,0,1,1,1.000,1.000,0,1,.000,0,1,1,0,0,0,0,0,2,1.6,Kate Deutsch,https://www.sports-reference.com/cbb/players/kate-deutsch-1.html,fordham,2022-23
