ranker,player_game_num_career,team_game_num_season,date,team_name_abbr,game_location,opp_name_abbr,game_type,game_result,is_starter,mp,fg,fga,fg_pct,fg3,fg3a,fg3_pct,fg2,fg2a,fg2_pct,efg_pct,ft,fta,ft_pct,orb,drb,trb,ast,stl,blk,tov,pf,pts,game_score,player_name,player_sr_link,school,season
1,1,1,2022-11-07,Fordham,,Yale,REG (Non-Conf),W 80-67,,10,0,1,.000,0,0,,0,1,.000,.000,0,0,,0,1,1,2,0,0,0,0,0,1.0,Sophia Sabino,https://www.sports-reference.com/cbb/players/sophia-sabino-1.html,fordham,2022-23
2,2,2,2022-11-10,Fordham,,Saint Peter's,REG (Non-Conf),W 81-39,,12,0,3,.000,0,1,.000,0,2,.000,.000,1,2,.500,0,2,2,1,1,0,2,2,1,-2.0,Sophia Sabino,https://www.sports-reference.com/cbb/players/sophia-sabino-1.html,fordham,2022-23
3,3,5,2022-11-20,Fordham,,Wagner,REG (Non-Conf),W 95-48,,18,2,4,.500,2,2,1.000,0,2,.000,.750,0,0,,0,1,1,1,2,0,1,1,6,5.6,Sophia Sabino,https://www.sports-reference.com/cbb/players/sophia-sabino-1.html,fordham,2022-23
4,4,9,2022-12-03,Fordham,@,Manhattan,REG (Non-Conf),W 65-55,,2,0,1,.000,0,0,,0,1,.000,.000,0,0,,0,0,0,0,0,0,0,0,0,-0.7,Sophia Sabino,https://www.sports-reference.com/cbb/players/sophia-sabino-1.html,fordham,2022-23
5,5,11,2022-12-11,Fordham,,Fairleigh Dickinson,REG (Non-Conf),W 78-58,,2,0,0,,0,0,,0,0,,,0,2,.000,0,0,0,0,0,0,0,0,0,-0.8,Sophia Sabino,https://www.sports-reference.com/cbb/players/sophia-sabino-1.html,fordham,2022-23
6,6,13,2022-12-28,Fordham,,Post,REG (Non-Conf),W 85-54,,11,2,3,.667,2,3,.667,0,0,,1.000,0,0,,0,2,2,1,0,0,0,2,6,5.2,Sophia Sabino,https://www.sports-reference.com/cbb/players/sophia-sabino-1.html,fordham,2022-23
7,7,18,2023-01-14,Fordham,,Duquesne,REG (Conf),W 83-62,,3,0,0,,0,0,,0,0,,,0,0,,0,0,0,0,0,0,0,1,0,-0.4,Sophia Sabino,https://www.sports-reference.com/cbb/players/sophia-sabino-1.html,fordham,2022-23
