ranker,player_game_num_career,team_game_num_season,date,team_name_abbr,game_location,opp_name_abbr,game_type,game_result,is_starter,mp,fg,fga,fg_pct,fg3,fg3a,fg3_pct,fg2,fg2a,fg2_pct,efg_pct,ft,fta,ft_pct,orb,drb,trb,ast,stl,blk,tov,pf,pts,game_score,player_name,player_sr_link,school,season
1,32,1,2019-11-05,Fairfield,@,Temple,REG (Non-Conf),L 59-77,,12,1,5,.200,0,1,.000,1,4,.250,.200,0,0,,1,3,4,1,0,0,0,2,2,0.4,Andrea Hernangomez,https://www.sports-reference.com/cbb/players/andrea-hernangomez-1.html,fairfield,2019-20
2,33,2,2019-11-09,Fairfield,@,Seton Hall,REG (Non-Conf),L 44-74,,8,0,4,.000,0,1,.000,0,3,.000,.000,0,0,,1,1,2,2,1,0,1,1,0,-0.8,Andrea Hernangomez,https://www.sports-reference.com/cbb/players/andrea-hernangomez-1.html,fairfield,2019-20
3,34,3,2019-11-13,Fairfield,@,LIU,REG (Non-Conf),W 53-51,,7,1,5,.200,0,0,,1,5,.200,.200,0,0,,1,2,3,1,1,0,1,0,2,0.9,Andrea Hernangomez,https://www.sports-reference.com/cbb/players/andrea-hernangomez-1.html,fairfield,2019-20
4,35,4,2019-11-17,Fairfield,,Dartmouth,REG (Non-Conf),L 51-52,,13,3,5,.600,1,2,.500,2,3,.667,.700,0,0,,1,1,2,0,0,1,4,0,7,2.4,Andrea Hernangomez,https://www.sports-reference.com/cbb/players/andrea-hernangomez-1.html,fairfield,2019-20
5,36,5,2019-12-01,Fairfield,@,Rhode Island,REG (Non-Conf),L 41-74,,13,1,5,.200,0,3,.000,1,2,.500,.200,2,2,1.000,0,3,3,0,0,0,2,3,4,-1.4,Andrea Hernangomez,https://www.sports-reference.com/cbb/players/andrea-hernangomez-1.html,fairfield,2019-20
6,37,6,2019-12-04,Fairfield,,Navy,REG (Non-Conf),W 66-52,,10,2,6,.333,1,4,.250,1,2,.500,.417,0,0,,0,3,3,1,0,0,0,0,5,3.2,Andrea Hernangomez,https://www.sports-reference.com/cbb/players/andrea-hernangomez-1.html,fairfield,2019-20
7,38,7,2019-12-07,Fairfield,,Hofstra,REG (Non-Conf),W 73-64 (OT),,9,0,3,.000,0,0,,0,3,.000,.000,0,0,,0,3,3,1,0,0,0,1,0,-0.9,Andrea Hernangomez,https://www.sports-reference.com/cbb/players/andrea-hernangomez-1.html,fairfield,2019-20
8,39,8,2019-12-20,Fairfield,@,St. John's (NY),REG (Non-Conf),L 69-71 (OT),,18,3,8,.375,0,2,.000,3,6,.500,.375,3,4,.750,2,4,6,0,1,1,5,2,9,2.7,Andrea Hernangomez,https://www.sports-reference.com/cbb/players/andrea-hernangomez-1.html,fairfield,2019-20
9,40,9,2019-12-22,Fairfield,,Brown,REG (Non-Conf),L 44-58,,13,3,5,.600,0,1,.000,3,4,.750,.600,0,1,.000,1,2,3,1,0,0,0,4,6,3.7,Andrea Hernangomez,https://www.sports-reference.com/cbb/players/andrea-hernangomez-1.html,fairfield,2019-20
10,41,10,2020-01-02,Fairfield,@,Siena,REG (Conf),W 65-35,,13,2,8,.250,0,3,.000,2,5,.400,.250,0,0,,1,3,4,1,0,0,0,1,4,1.1,Andrea Hernangomez,https://www.sports-reference.com/cbb/players/andrea-hernangomez-1.html,fairfield,2019-20
11,42,11,2020-01-09,Fairfield,,Monmouth,REG (Conf),W 49-38,,5,2,3,.667,0,0,,2,3,.667,.667,0,0,,1,3,4,0,0,0,0,0,4,4.3,Andrea Hernangomez,https://www.sports-reference.com/cbb/players/andrea-hernangomez-1.html,fairfield,2019-20
12,43,12,2020-01-11,Fairfield,,Saint Peter's,REG (Conf),W 67-48,,10,0,2,.000,0,0,,0,2,.000,.000,1,2,.500,2,3,5,3,0,0,2,0,1,1.6,Andrea Hernangomez,https://www.sports-reference.com/cbb/players/andrea-hernangomez-1.html,fairfield,2019-20
13,44,13,2020-01-16,Fairfield,,Canisius,REG (Conf),W 72-70,,11,4,8,.500,0,0,,4,8,.500,.500,0,0,,2,3,5,0,1,2,2,2,8,5.9,Andrea Hernangomez,https://www.sports-reference.com/cbb/players/andrea-hernangomez-1.html,fairfield,2019-20
14,45,14,2020-01-18,Fairfield,@,Iona,REG (Conf),W 52-40,,8,1,3,.333,0,1,.000,1,2,.500,.333,0,0,,0,0,0,0,1,1,1,2,2,0.2,Andrea Hernangomez,https://www.sports-reference.com/cbb/players/andrea-hernangomez-1.html,fairfield,2019-20
15,46,15,2020-01-23,Fairfield,,Manhattan,REG (Conf),W 87-47,,19,5,9,.556,1,1,1.000,4,8,.500,.611,0,0,,1,3,4,1,1,3,0,2,11,11.3,Andrea Hernangomez,https://www.sports-reference.com/cbb/players/andrea-hernangomez-1.html,fairfield,2019-20
16,47,16,2020-01-25,Fairfield,@,Quinnipiac,REG (Conf),L 62-76,,16,2,6,.333,2,3,.667,0,3,.000,.500,0,2,.000,0,2,2,0,0,0,2,2,6,-0.4,Andrea Hernangomez,https://www.sports-reference.com/cbb/players/andrea-hernangomez-1.html,fairfield,2019-20
17,48,17,2020-01-28,Fairfield,@,Rider,REG (Conf),L 52-60,,13,0,3,.000,0,2,.000,0,1,.000,.000,0,0,,1,0,1,1,4,0,5,2,0,-2.5,Andrea Hernangomez,https://www.sports-reference.com/cbb/players/andrea-hernangomez-1.html,fairfield,2019-20
18,49,18,2020-01-30,Fairfield,,Marist,REG (Conf),W 52-48,,19,3,7,.429,0,1,.000,3,6,.500,.429,2,3,.667,0,8,8,0,0,2,2,3,8,4.5,Andrea Hernangomez,https://www.sports-reference.com/cbb/players/andrea-hernangomez-1.html,fairfield,2019-20
19,50,19,2020-02-06,Fairfield,@,Niagara,REG (Conf),W 77-65,,15,1,3,.333,0,1,.000,1,2,.500,.333,0,0,,0,2,2,1,0,0,1,1,2,0.2,Andrea Hernangomez,https://www.sports-reference.com/cbb/players/andrea-hernangomez-1.html,fairfield,2019-20
20,51,20,2020-02-08,Fairfield,@,Canisius,REG (Conf),L 63-70,,14,0,3,.000,0,1,.000,0,2,.000,.000,2,2,1.000,0,1,1,1,0,0,2,2,2,-1.9,Andrea Hernangomez,https://www.sports-reference.com/cbb/players/andrea-hernangomez-1.html,fairfield,2019-20
21,52,21,2020-02-13,Fairfield,@,Monmouth,REG (Conf),W 40-39,,12,0,4,.000,0,2,.000,0,2,.000,.000,0,0,,0,2,2,2,0,1,1,0,0,-1.1,Andrea Hernangomez,https://www.sports-reference.com/cbb/players/andrea-hernangomez-1.html,fairfield,2019-20
22,53,22,2020-02-15,Fairfield,,Iona,REG (Conf),L 52-59,,7,1,2,.500,0,1,.000,1,1,1.000,.500,0,0,,0,1,1,1,0,0,0,0,2,2.0,Andrea Hernangomez,https://www.sports-reference.com/cbb/players/andrea-hernangomez-1.html,fairfield,2019-20
23,54,23,2020-02-18,Fairfield,@,Saint Peter's,REG (Conf),L 63-66 (OT),,30,0,8,.000,0,0,,0,8,.000,.000,0,0,,9,5,14,3,1,2,1,0,0,5.7,Andrea Hernangomez,https://www.sports-reference.com/cbb/players/andrea-hernangomez-1.html,fairfield,2019-20
24,55,24,2020-02-22,Fairfield,,Quinnipiac,REG (Conf),W 72-60,,22,5,12,.417,1,2,.500,4,10,.400,.458,0,0,,4,6,10,1,1,1,0,2,11,10.8,Andrea Hernangomez,https://www.sports-reference.com/cbb/players/andrea-hernangomez-1.html,fairfield,2019-20
25,56,26,2020-02-27,Fairfield,,Rider,REG (Conf),L 60-68,,19,1,3,.333,0,1,.000,1,2,.500,.333,0,0,,2,7,9,1,0,0,2,2,2,1.7,Andrea Hernangomez,https://www.sports-reference.com/cbb/players/andrea-hernangomez-1.html,fairfield,2019-20
26,57,27,2020-02-29,Fairfield,@,Manhattan,REG (Conf),L 38-51,,20,0,4,.000,0,2,.000,0,2,.000,.000,0,0,,1,4,5,0,3,0,1,4,0,-0.5,Andrea Hernangomez,https://www.sports-reference.com/cbb/players/andrea-hernangomez-1.html,fairfield,2019-20
27,58,28,2020-03-05,Fairfield,,Siena,REG (Conf),W 58-46,*,27,5,9,.556,0,1,.000,5,8,.625,.556,0,1,.000,3,8,11,1,0,1,3,2,10,7.4,Andrea Hernangomez,https://www.sports-reference.com/cbb/players/andrea-hernangomez-1.html,fairfield,2019-20
28,59,29,2020-03-07,Fairfield,,Niagara,REG (Conf),W 71-49,,16,1,3,.333,0,1,.000,1,2,.500,.333,2,2,1.000,1,6,7,0,0,0,1,2,4,3.0,Andrea Hernangomez,https://www.sports-reference.com/cbb/players/andrea-hernangomez-1.html,fairfield,2019-20
29,60,30,2020-03-12,Fairfield,,Siena,CTOURN,W 72-56,,20,3,7,.429,0,0,,3,7,.429,.429,1,2,.500,2,3,5,1,1,0,1,1,7,5.5,Andrea Hernangomez,https://www.sports-reference.com/cbb/players/andrea-hernangomez-1.html,fairfield,2019-20
