ranker,player_game_num_career,team_game_num_season,date,team_name_abbr,game_location,opp_name_abbr,game_type,game_result,is_starter,mp,fg,fga,fg_pct,fg3,fg3a,fg3_pct,fg2,fg2a,fg2_pct,efg_pct,ft,fta,ft_pct,orb,drb,trb,ast,stl,blk,tov,pf,pts,game_score,player_name,player_sr_link,school,season
1,30,1,2019-11-05,Fairfield,@,Temple,REG (Non-Conf),L 59-77,*,28,2,8,.250,0,1,.000,2,7,.286,.250,2,2,1.000,0,1,1,1,1,0,1,4,6,0.6,Callie Cavanaugh,https://www.sports-reference.com/cbb/players/callie-cavanaugh-1.html,fairfield,2019-20
2,31,2,2019-11-09,Fairfield,@,Seton Hall,REG (Non-Conf),L 44-74,*,23,4,11,.364,0,1,.000,4,10,.400,.364,0,0,,1,0,1,0,0,1,1,3,8,1.1,Callie Cavanaugh,https://www.sports-reference.com/cbb/players/callie-cavanaugh-1.html,fairfield,2019-20
3,32,3,2019-11-13,Fairfield,@,LIU,REG (Non-Conf),W 53-51,*,36,7,15,.467,0,1,.000,7,14,.500,.467,3,3,1.000,1,6,7,1,2,2,2,2,17,13.1,Callie Cavanaugh,https://www.sports-reference.com/cbb/players/callie-cavanaugh-1.html,fairfield,2019-20
4,33,4,2019-11-17,Fairfield,,Dartmouth,REG (Non-Conf),L 51-52,*,31,3,10,.300,0,0,,3,10,.300,.300,0,0,,3,3,6,1,0,0,5,3,6,-2.3,Callie Cavanaugh,https://www.sports-reference.com/cbb/players/callie-cavanaugh-1.html,fairfield,2019-20
5,34,5,2019-12-01,Fairfield,@,Rhode Island,REG (Non-Conf),L 41-74,*,25,0,4,.000,0,0,,0,4,.000,.000,0,0,,1,1,2,1,0,0,1,0,0,-2.1,Callie Cavanaugh,https://www.sports-reference.com/cbb/players/callie-cavanaugh-1.html,fairfield,2019-20
6,35,6,2019-12-04,Fairfield,,Navy,REG (Non-Conf),W 66-52,*,33,6,13,.462,0,0,,6,13,.462,.462,3,4,.750,2,2,4,1,0,0,1,0,15,9.6,Callie Cavanaugh,https://www.sports-reference.com/cbb/players/callie-cavanaugh-1.html,fairfield,2019-20
7,36,7,2019-12-07,Fairfield,,Hofstra,REG (Non-Conf),W 73-64 (OT),*,39,6,11,.545,0,0,,6,11,.545,.545,1,4,.250,3,4,7,0,2,0,2,4,13,8.2,Callie Cavanaugh,https://www.sports-reference.com/cbb/players/callie-cavanaugh-1.html,fairfield,2019-20
8,37,8,2019-12-20,Fairfield,@,St. John's (NY),REG (Non-Conf),L 69-71 (OT),*,29,2,6,.333,0,0,,2,6,.333,.333,0,0,,0,5,5,0,0,0,2,3,4,-1.1,Callie Cavanaugh,https://www.sports-reference.com/cbb/players/callie-cavanaugh-1.html,fairfield,2019-20
9,38,9,2019-12-22,Fairfield,,Brown,REG (Non-Conf),L 44-58,*,26,0,4,.000,0,0,,0,4,.000,.000,2,2,1.000,0,2,2,0,3,0,0,1,2,2.4,Callie Cavanaugh,https://www.sports-reference.com/cbb/players/callie-cavanaugh-1.html,fairfield,2019-20
10,39,10,2020-01-02,Fairfield,@,Siena,REG (Conf),W 65-35,*,27,4,6,.667,0,0,,4,6,.667,.667,1,2,.500,2,1,3,4,2,1,0,3,9,12.0,Callie Cavanaugh,https://www.sports-reference.com/cbb/players/callie-cavanaugh-1.html,fairfield,2019-20
11,40,11,2020-01-09,Fairfield,,Monmouth,REG (Conf),W 49-38,*,34,7,13,.538,1,1,1.000,6,12,.500,.577,1,1,1.000,3,2,5,1,2,1,3,1,16,12.4,Callie Cavanaugh,https://www.sports-reference.com/cbb/players/callie-cavanaugh-1.html,fairfield,2019-20
12,41,12,2020-01-11,Fairfield,,Saint Peter's,REG (Conf),W 67-48,*,28,6,11,.545,0,0,,6,11,.545,.545,1,1,1.000,2,1,3,1,0,0,2,3,13,6.9,Callie Cavanaugh,https://www.sports-reference.com/cbb/players/callie-cavanaugh-1.html,fairfield,2019-20
13,42,13,2020-01-16,Fairfield,,Canisius,REG (Conf),W 72-70,*,31,6,12,.500,0,0,,6,12,.500,.500,0,0,,1,4,5,2,1,1,1,0,12,10.0,Callie Cavanaugh,https://www.sports-reference.com/cbb/players/callie-cavanaugh-1.html,fairfield,2019-20
14,43,14,2020-01-18,Fairfield,@,Iona,REG (Conf),W 52-40,*,27,1,6,.167,0,0,,1,6,.167,.167,2,2,1.000,0,7,7,0,0,1,0,4,4,1.4,Callie Cavanaugh,https://www.sports-reference.com/cbb/players/callie-cavanaugh-1.html,fairfield,2019-20
15,44,15,2020-01-23,Fairfield,,Manhattan,REG (Conf),W 87-47,*,20,3,7,.429,0,0,,3,7,.429,.429,0,0,,1,3,4,1,1,0,2,3,6,2.4,Callie Cavanaugh,https://www.sports-reference.com/cbb/players/callie-cavanaugh-1.html,fairfield,2019-20
16,45,16,2020-01-25,Fairfield,@,Quinnipiac,REG (Conf),L 62-76,*,24,1,3,.333,0,0,,1,3,.333,.333,0,0,,2,3,5,1,0,0,1,2,2,1.5,Callie Cavanaugh,https://www.sports-reference.com/cbb/players/callie-cavanaugh-1.html,fairfield,2019-20
17,46,17,2020-01-28,Fairfield,@,Rider,REG (Conf),L 52-60,*,34,3,8,.375,0,0,,3,8,.375,.375,3,6,.500,2,4,6,2,3,0,3,2,9,6.6,Callie Cavanaugh,https://www.sports-reference.com/cbb/players/callie-cavanaugh-1.html,fairfield,2019-20
18,47,18,2020-01-30,Fairfield,,Marist,REG (Conf),W 52-48,*,23,0,4,.000,0,0,,0,4,.000,.000,3,4,.750,0,2,2,0,2,0,1,0,3,1.4,Callie Cavanaugh,https://www.sports-reference.com/cbb/players/callie-cavanaugh-1.html,fairfield,2019-20
19,48,19,2020-02-06,Fairfield,@,Niagara,REG (Conf),W 77-65,*,26,5,7,.714,0,0,,5,7,.714,.714,0,0,,3,1,4,1,0,0,1,5,10,7.2,Callie Cavanaugh,https://www.sports-reference.com/cbb/players/callie-cavanaugh-1.html,fairfield,2019-20
20,49,20,2020-02-08,Fairfield,@,Canisius,REG (Conf),L 63-70,*,22,4,6,.667,0,0,,4,6,.667,.667,0,0,,2,4,6,0,1,1,2,1,8,7.3,Callie Cavanaugh,https://www.sports-reference.com/cbb/players/callie-cavanaugh-1.html,fairfield,2019-20
21,50,21,2020-02-13,Fairfield,@,Monmouth,REG (Conf),W 40-39,*,27,1,6,.167,0,0,,1,6,.167,.167,0,0,,1,2,3,0,0,1,0,5,2,-1.8,Callie Cavanaugh,https://www.sports-reference.com/cbb/players/callie-cavanaugh-1.html,fairfield,2019-20
22,51,22,2020-02-15,Fairfield,,Iona,REG (Conf),L 52-59,*,32,5,6,.833,0,0,,5,6,.833,.833,3,3,1.000,8,2,10,0,0,1,2,3,13,14.5,Callie Cavanaugh,https://www.sports-reference.com/cbb/players/callie-cavanaugh-1.html,fairfield,2019-20
23,52,23,2020-02-18,Fairfield,@,Saint Peter's,REG (Conf),L 63-66 (OT),*,15,2,5,.400,0,0,,2,5,.400,.400,1,2,.500,0,1,1,0,1,1,3,3,5,-0.3,Callie Cavanaugh,https://www.sports-reference.com/cbb/players/callie-cavanaugh-1.html,fairfield,2019-20
24,53,24,2020-02-22,Fairfield,,Quinnipiac,REG (Conf),W 72-60,*,16,2,3,.667,0,0,,2,3,.667,.667,0,0,,0,2,2,0,0,1,0,4,4,2.4,Callie Cavanaugh,https://www.sports-reference.com/cbb/players/callie-cavanaugh-1.html,fairfield,2019-20
25,54,25,2020-02-24,Fairfield,@,Marist,REG (Conf),L 45-75,*,18,2,3,.667,0,0,,2,3,.667,.667,0,0,,1,1,2,0,0,0,0,5,4,1.7,Callie Cavanaugh,https://www.sports-reference.com/cbb/players/callie-cavanaugh-1.html,fairfield,2019-20
26,55,26,2020-02-27,Fairfield,,Rider,REG (Conf),L 60-68,*,23,2,6,.333,0,0,,2,6,.333,.333,4,5,.800,0,4,4,0,0,0,2,2,8,2.6,Callie Cavanaugh,https://www.sports-reference.com/cbb/players/callie-cavanaugh-1.html,fairfield,2019-20
27,56,27,2020-02-29,Fairfield,@,Manhattan,REG (Conf),L 38-51,*,21,1,3,.333,0,0,,1,3,.333,.333,1,2,.500,3,1,4,0,0,0,0,3,3,2.1,Callie Cavanaugh,https://www.sports-reference.com/cbb/players/callie-cavanaugh-1.html,fairfield,2019-20
28,57,28,2020-03-05,Fairfield,,Siena,REG (Conf),W 58-46,,14,1,5,.200,0,0,,1,5,.200,.200,0,0,,2,2,4,0,0,0,1,4,2,-1.7,Callie Cavanaugh,https://www.sports-reference.com/cbb/players/callie-cavanaugh-1.html,fairfield,2019-20
29,58,29,2020-03-07,Fairfield,,Niagara,REG (Conf),W 71-49,,20,3,3,1.000,0,0,,3,3,1.000,1.000,2,2,1.000,0,4,4,1,2,0,1,0,8,10.0,Callie Cavanaugh,https://www.sports-reference.com/cbb/players/callie-cavanaugh-1.html,fairfield,2019-20
30,59,30,2020-03-12,Fairfield,,Siena,CTOURN,W 72-56,*,24,0,4,.000,0,0,,0,4,.000,.000,4,6,.667,1,6,7,1,1,0,0,1,4,4.2,Callie Cavanaugh,https://www.sports-reference.com/cbb/players/callie-cavanaugh-1.html,fairfield,2019-20
