ranker,player_game_num_career,team_game_num_season,date,team_name_abbr,game_location,opp_name_abbr,game_type,game_result,is_starter,mp,fg,fga,fg_pct,fg3,fg3a,fg3_pct,fg2,fg2a,fg2_pct,efg_pct,ft,fta,ft_pct,orb,drb,trb,ast,stl,blk,tov,pf,pts,game_score,player_name,player_sr_link,school,season
1,1,1,2019-11-05,Fairfield,@,Temple,REG (Non-Conf),L 59-77,,7,0,1,.000,0,0,,0,1,.000,.000,0,0,,0,0,0,1,0,0,0,0,0,0.0,Ciara Bracken,https://www.sports-reference.com/cbb/players/ciara-bracken-1.html,fairfield,2019-20
2,2,2,2019-11-09,Fairfield,@,Seton Hall,REG (Non-Conf),L 44-74,,11,0,3,.000,0,3,.000,0,0,,.000,0,0,,0,0,0,2,1,0,2,1,0,-2.1,Ciara Bracken,https://www.sports-reference.com/cbb/players/ciara-bracken-1.html,fairfield,2019-20
3,3,5,2019-12-01,Fairfield,@,Rhode Island,REG (Non-Conf),L 41-74,,11,1,2,.500,0,1,.000,1,1,1.000,.500,0,0,,0,0,0,1,0,0,0,0,2,1.7,Ciara Bracken,https://www.sports-reference.com/cbb/players/ciara-bracken-1.html,fairfield,2019-20
4,4,6,2019-12-04,Fairfield,,Navy,REG (Non-Conf),W 66-52,,5,0,0,,0,0,,0,0,,,0,0,,0,0,0,0,1,0,2,1,0,-1.4,Ciara Bracken,https://www.sports-reference.com/cbb/players/ciara-bracken-1.html,fairfield,2019-20
5,5,9,2019-12-22,Fairfield,,Brown,REG (Non-Conf),L 44-58,,8,0,1,.000,0,1,.000,0,0,,.000,0,0,,1,0,1,0,0,0,1,1,0,-1.4,Ciara Bracken,https://www.sports-reference.com/cbb/players/ciara-bracken-1.html,fairfield,2019-20
6,6,15,2020-01-23,Fairfield,,Manhattan,REG (Conf),W 87-47,,8,0,1,.000,0,0,,0,1,.000,.000,2,2,1.000,0,0,0,1,0,0,0,0,2,2.0,Ciara Bracken,https://www.sports-reference.com/cbb/players/ciara-bracken-1.html,fairfield,2019-20
7,7,16,2020-01-25,Fairfield,@,Quinnipiac,REG (Conf),L 62-76,,4,1,2,.500,0,0,,1,2,.500,.500,0,0,,1,0,1,0,0,0,0,0,2,1.7,Ciara Bracken,https://www.sports-reference.com/cbb/players/ciara-bracken-1.html,fairfield,2019-20
8,8,17,2020-01-28,Fairfield,@,Rider,REG (Conf),L 52-60,,2,0,0,,0,0,,0,0,,,0,0,,0,0,0,0,0,0,0,0,0,0.0,Ciara Bracken,https://www.sports-reference.com/cbb/players/ciara-bracken-1.html,fairfield,2019-20
9,9,20,2020-02-08,Fairfield,@,Canisius,REG (Conf),L 63-70,,4,1,2,.500,0,0,,1,2,.500,.500,0,0,,0,0,0,0,0,0,0,0,2,1.0,Ciara Bracken,https://www.sports-reference.com/cbb/players/ciara-bracken-1.html,fairfield,2019-20
10,10,21,2020-02-13,Fairfield,@,Monmouth,REG (Conf),W 40-39,,2,0,0,,0,0,,0,0,,,0,0,,0,0,0,0,0,0,0,0,0,0.0,Ciara Bracken,https://www.sports-reference.com/cbb/players/ciara-bracken-1.html,fairfield,2019-20
11,11,22,2020-02-15,Fairfield,,Iona,REG (Conf),L 52-59,,2,0,1,.000,0,1,.000,0,0,,.000,0,0,,0,0,0,0,0,0,0,0,0,-0.7,Ciara Bracken,https://www.sports-reference.com/cbb/players/ciara-bracken-1.html,fairfield,2019-20
12,12,24,2020-02-22,Fairfield,,Quinnipiac,REG (Conf),W 72-60,,3,0,1,.000,0,1,.000,0,0,,.000,0,0,,0,0,0,0,0,0,1,0,0,-1.7,Ciara Bracken,https://www.sports-reference.com/cbb/players/ciara-bracken-1.html,fairfield,2019-20
13,13,25,2020-02-24,Fairfield,@,Marist,REG (Conf),L 45-75,,9,1,3,.333,0,2,.000,1,1,1.000,.333,0,0,,0,1,1,1,0,0,1,0,2,0.3,Ciara Bracken,https://www.sports-reference.com/cbb/players/ciara-bracken-1.html,fairfield,2019-20
14,14,26,2020-02-27,Fairfield,,Rider,REG (Conf),L 60-68,,0,0,0,,0,0,,0,0,,,0,0,,0,0,0,0,0,0,0,0,0,0.0,Ciara Bracken,https://www.sports-reference.com/cbb/players/ciara-bracken-1.html,fairfield,2019-20
15,15,30,2020-03-12,Fairfield,,Siena,CTOURN,W 72-56,,1,0,0,,0,0,,0,0,,,0,0,,0,0,0,0,0,0,0,0,0,0.0,Ciara Bracken,https://www.sports-reference.com/cbb/players/ciara-bracken-1.html,fairfield,2019-20
