ranker,player_game_num_career,team_game_num_season,date,team_name_abbr,game_location,opp_name_abbr,game_type,game_result,is_starter,mp,fg,fga,fg_pct,fg3,fg3a,fg3_pct,fg2,fg2a,fg2_pct,efg_pct,ft,fta,ft_pct,orb,drb,trb,ast,stl,blk,tov,pf,pts,game_score,player_name,player_sr_link,school,season
1,49,1,2019-11-05,Fairfield,@,Temple,REG (Non-Conf),L 59-77,*,36,4,14,.286,1,4,.250,3,10,.300,.321,2,2,1.000,4,2,6,0,2,0,3,3,11,4.0,Katie Armstrong,https://www.sports-reference.com/cbb/players/katie-armstrong-1.html,fairfield,2019-20
2,50,2,2019-11-09,Fairfield,@,Seton Hall,REG (Non-Conf),L 44-74,*,29,4,8,.500,1,3,.333,3,5,.600,.563,0,0,,0,3,3,1,0,0,4,5,9,0.6,Katie Armstrong,https://www.sports-reference.com/cbb/players/katie-armstrong-1.html,fairfield,2019-20
3,51,3,2019-11-13,Fairfield,@,LIU,REG (Non-Conf),W 53-51,*,34,2,10,.200,0,1,.000,2,9,.222,.200,0,0,,1,2,3,4,2,1,3,2,4,0.8,Katie Armstrong,https://www.sports-reference.com/cbb/players/katie-armstrong-1.html,fairfield,2019-20
4,52,4,2019-11-17,Fairfield,,Dartmouth,REG (Non-Conf),L 51-52,*,35,6,11,.545,1,2,.500,5,9,.556,.591,0,0,,2,4,6,2,1,0,1,2,13,10.9,Katie Armstrong,https://www.sports-reference.com/cbb/players/katie-armstrong-1.html,fairfield,2019-20
5,53,5,2019-12-01,Fairfield,@,Rhode Island,REG (Non-Conf),L 41-74,*,36,4,14,.286,1,6,.167,3,8,.375,.321,0,0,,4,3,7,0,3,1,3,1,9,4.8,Katie Armstrong,https://www.sports-reference.com/cbb/players/katie-armstrong-1.html,fairfield,2019-20
6,54,6,2019-12-04,Fairfield,,Navy,REG (Non-Conf),W 66-52,*,37,3,9,.333,0,1,.000,3,8,.375,.333,1,2,.500,4,4,8,4,1,0,2,2,7,6.5,Katie Armstrong,https://www.sports-reference.com/cbb/players/katie-armstrong-1.html,fairfield,2019-20
7,55,7,2019-12-07,Fairfield,,Hofstra,REG (Non-Conf),W 73-64 (OT),*,42,8,17,.471,2,3,.667,6,14,.429,.529,6,10,.600,4,4,8,2,0,2,4,2,24,15.7,Katie Armstrong,https://www.sports-reference.com/cbb/players/katie-armstrong-1.html,fairfield,2019-20
8,56,8,2019-12-20,Fairfield,@,St. John's (NY),REG (Non-Conf),L 69-71 (OT),*,43,8,17,.471,2,5,.400,6,12,.500,.529,0,0,,2,6,8,0,4,3,5,0,18,13.6,Katie Armstrong,https://www.sports-reference.com/cbb/players/katie-armstrong-1.html,fairfield,2019-20
9,57,9,2019-12-22,Fairfield,,Brown,REG (Non-Conf),L 44-58,*,40,4,15,.267,0,2,.000,4,13,.308,.267,3,5,.600,5,3,8,1,1,1,3,2,11,4.3,Katie Armstrong,https://www.sports-reference.com/cbb/players/katie-armstrong-1.html,fairfield,2019-20
10,58,10,2020-01-02,Fairfield,@,Siena,REG (Conf),W 65-35,*,33,6,16,.375,0,3,.000,6,13,.462,.375,1,1,1.000,4,5,9,4,0,1,2,1,13,9.6,Katie Armstrong,https://www.sports-reference.com/cbb/players/katie-armstrong-1.html,fairfield,2019-20
11,59,11,2020-01-09,Fairfield,,Monmouth,REG (Conf),W 49-38,*,39,2,13,.154,0,2,.000,2,11,.182,.154,3,4,.750,3,8,11,1,1,0,2,2,7,1.7,Katie Armstrong,https://www.sports-reference.com/cbb/players/katie-armstrong-1.html,fairfield,2019-20
12,60,12,2020-01-11,Fairfield,,Saint Peter's,REG (Conf),W 67-48,*,36,7,11,.636,0,1,.000,7,10,.700,.636,2,2,1.000,4,10,14,1,1,3,2,2,16,17.9,Katie Armstrong,https://www.sports-reference.com/cbb/players/katie-armstrong-1.html,fairfield,2019-20
13,61,13,2020-01-16,Fairfield,,Canisius,REG (Conf),W 72-70,*,38,6,11,.545,2,4,.500,4,7,.571,.636,0,0,,1,6,7,1,0,0,1,1,14,10.5,Katie Armstrong,https://www.sports-reference.com/cbb/players/katie-armstrong-1.html,fairfield,2019-20
14,62,14,2020-01-18,Fairfield,@,Iona,REG (Conf),W 52-40,*,40,5,10,.500,0,1,.000,5,9,.556,.500,2,3,.667,2,6,8,1,0,0,2,2,12,7.7,Katie Armstrong,https://www.sports-reference.com/cbb/players/katie-armstrong-1.html,fairfield,2019-20
15,63,15,2020-01-23,Fairfield,,Manhattan,REG (Conf),W 87-47,*,34,11,14,.786,5,6,.833,6,8,.750,.964,0,0,,0,4,4,4,2,0,1,1,27,26.2,Katie Armstrong,https://www.sports-reference.com/cbb/players/katie-armstrong-1.html,fairfield,2019-20
16,64,16,2020-01-25,Fairfield,@,Quinnipiac,REG (Conf),L 62-76,*,35,4,12,.333,1,5,.200,3,7,.429,.375,2,4,.500,1,4,5,1,0,0,1,2,11,4.2,Katie Armstrong,https://www.sports-reference.com/cbb/players/katie-armstrong-1.html,fairfield,2019-20
17,65,17,2020-01-28,Fairfield,@,Rider,REG (Conf),L 52-60,*,33,4,11,.364,0,2,.000,4,9,.444,.364,6,8,.750,1,5,6,1,1,1,2,3,14,8.5,Katie Armstrong,https://www.sports-reference.com/cbb/players/katie-armstrong-1.html,fairfield,2019-20
18,66,18,2020-01-30,Fairfield,,Marist,REG (Conf),W 52-48,*,37,3,12,.250,0,4,.000,3,8,.375,.250,1,2,.500,3,5,8,0,3,2,5,3,7,1.2,Katie Armstrong,https://www.sports-reference.com/cbb/players/katie-armstrong-1.html,fairfield,2019-20
19,67,19,2020-02-06,Fairfield,@,Niagara,REG (Conf),W 77-65,*,35,10,13,.769,4,4,1.000,6,9,.667,.923,0,0,,2,7,9,1,0,1,2,4,24,20.2,Katie Armstrong,https://www.sports-reference.com/cbb/players/katie-armstrong-1.html,fairfield,2019-20
20,68,20,2020-02-08,Fairfield,@,Canisius,REG (Conf),L 63-70,*,37,9,16,.563,3,5,.600,6,11,.545,.656,1,2,.500,3,1,4,0,2,1,1,1,22,17.7,Katie Armstrong,https://www.sports-reference.com/cbb/players/katie-armstrong-1.html,fairfield,2019-20
21,69,21,2020-02-13,Fairfield,@,Monmouth,REG (Conf),W 40-39,*,38,8,22,.364,4,10,.400,4,12,.333,.455,2,2,1.000,2,7,9,2,2,0,1,1,22,15.3,Katie Armstrong,https://www.sports-reference.com/cbb/players/katie-armstrong-1.html,fairfield,2019-20
22,70,22,2020-02-15,Fairfield,,Iona,REG (Conf),L 52-59,*,40,4,8,.500,2,3,.667,2,5,.400,.625,3,3,1.000,1,8,9,0,0,2,3,0,13,10.5,Katie Armstrong,https://www.sports-reference.com/cbb/players/katie-armstrong-1.html,fairfield,2019-20
23,71,23,2020-02-18,Fairfield,@,Saint Peter's,REG (Conf),L 63-66 (OT),*,40,6,20,.300,2,4,.500,4,16,.250,.350,2,3,.667,3,6,9,0,0,1,3,3,16,4.4,Katie Armstrong,https://www.sports-reference.com/cbb/players/katie-armstrong-1.html,fairfield,2019-20
24,72,24,2020-02-22,Fairfield,,Quinnipiac,REG (Conf),W 72-60,*,38,4,15,.267,0,4,.000,4,11,.364,.267,3,4,.750,4,3,7,1,0,0,2,3,11,2.9,Katie Armstrong,https://www.sports-reference.com/cbb/players/katie-armstrong-1.html,fairfield,2019-20
25,73,25,2020-02-24,Fairfield,@,Marist,REG (Conf),L 45-75,*,36,2,10,.200,1,4,.250,1,6,.167,.250,3,4,.750,0,4,4,1,0,0,1,1,8,1.9,Katie Armstrong,https://www.sports-reference.com/cbb/players/katie-armstrong-1.html,fairfield,2019-20
26,74,26,2020-02-27,Fairfield,,Rider,REG (Conf),L 60-68,*,38,6,15,.400,3,7,.429,3,8,.375,.500,0,0,,3,3,6,2,1,1,3,4,15,8.4,Katie Armstrong,https://www.sports-reference.com/cbb/players/katie-armstrong-1.html,fairfield,2019-20
27,75,27,2020-02-29,Fairfield,@,Manhattan,REG (Conf),L 38-51,*,37,3,13,.231,0,5,.000,3,8,.375,.231,4,6,.667,2,4,6,0,0,0,4,1,10,-0.5,Katie Armstrong,https://www.sports-reference.com/cbb/players/katie-armstrong-1.html,fairfield,2019-20
28,76,28,2020-03-05,Fairfield,,Siena,REG (Conf),W 58-46,*,37,8,15,.533,0,2,.000,8,13,.615,.533,2,2,1.000,1,5,6,1,2,0,0,1,18,15.2,Katie Armstrong,https://www.sports-reference.com/cbb/players/katie-armstrong-1.html,fairfield,2019-20
29,77,29,2020-03-07,Fairfield,,Niagara,REG (Conf),W 71-49,*,36,8,17,.471,1,5,.200,7,12,.583,.500,1,2,.500,4,3,7,3,2,0,1,0,18,15.7,Katie Armstrong,https://www.sports-reference.com/cbb/players/katie-armstrong-1.html,fairfield,2019-20
30,78,30,2020-03-12,Fairfield,,Siena,CTOURN,W 72-56,*,35,5,14,.357,3,6,.500,2,8,.250,.464,4,4,1.000,0,5,5,2,0,0,2,1,17,9.7,Katie Armstrong,https://www.sports-reference.com/cbb/players/katie-armstrong-1.html,fairfield,2019-20
