ranker,player_game_num_career,team_game_num_season,date,team_name_abbr,game_location,opp_name_abbr,game_type,game_result,is_starter,mp,fg,fga,fg_pct,fg3,fg3a,fg3_pct,fg2,fg2a,fg2_pct,efg_pct,ft,fta,ft_pct,orb,drb,trb,ast,stl,blk,tov,pf,pts,game_score,player_name,player_sr_link,school,season
1,7,9,2019-12-22,Fairfield,,Brown,REG (Non-Conf),L 44-58,,1,0,0,,0,0,,0,0,,,0,0,,0,0,0,0,0,0,0,0,0,0.0,Meagan Morelli,https://www.sports-reference.com/cbb/players/meagan-morelli-1.html,fairfield,2019-20
2,8,10,2020-01-02,Fairfield,@,Siena,REG (Conf),W 65-35,,2,0,1,.000,0,0,,0,1,.000,.000,0,0,,0,0,0,0,0,0,0,1,0,-1.1,Meagan Morelli,https://www.sports-reference.com/cbb/players/meagan-morelli-1.html,fairfield,2019-20
3,9,11,2020-01-09,Fairfield,,Monmouth,REG (Conf),W 49-38,,1,0,0,,0,0,,0,0,,,0,0,,0,0,0,0,0,0,0,0,0,0.0,Meagan Morelli,https://www.sports-reference.com/cbb/players/meagan-morelli-1.html,fairfield,2019-20
4,10,12,2020-01-11,Fairfield,,Saint Peter's,REG (Conf),W 67-48,,1,0,0,,0,0,,0,0,,,0,0,,0,1,1,1,0,0,0,0,0,1.0,Meagan Morelli,https://www.sports-reference.com/cbb/players/meagan-morelli-1.html,fairfield,2019-20
5,11,15,2020-01-23,Fairfield,,Manhattan,REG (Conf),W 87-47,,2,0,1,.000,0,1,.000,0,0,,.000,0,0,,0,0,0,0,0,0,1,1,0,-2.1,Meagan Morelli,https://www.sports-reference.com/cbb/players/meagan-morelli-1.html,fairfield,2019-20
6,12,25,2020-02-24,Fairfield,@,Marist,REG (Conf),L 45-75,,1,0,0,,0,0,,0,0,,,0,0,,0,0,0,0,0,0,0,0,0,0.0,Meagan Morelli,https://www.sports-reference.com/cbb/players/meagan-morelli-1.html,fairfield,2019-20
7,13,26,2020-02-27,Fairfield,,Rider,REG (Conf),L 60-68,,0,0,0,,0,0,,0,0,,,0,0,,0,0,0,0,0,0,0,0,0,0.0,Meagan Morelli,https://www.sports-reference.com/cbb/players/meagan-morelli-1.html,fairfield,2019-20
8,14,29,2020-03-07,Fairfield,,Niagara,REG (Conf),W 71-49,,2,0,0,,0,0,,0,0,,,1,2,.500,0,0,0,0,0,0,1,0,1,-0.4,Meagan Morelli,https://www.sports-reference.com/cbb/players/meagan-morelli-1.html,fairfield,2019-20
