ranker,player_game_num_career,team_game_num_season,date,team_name_abbr,game_location,opp_name_abbr,game_type,game_result,is_starter,mp,fg,fga,fg_pct,fg3,fg3a,fg2,fg2a,fg2_pct,efg_pct,ft,fta,ft_pct,orb,drb,trb,ast,stl,blk,tov,pf,pts,game_score,player_name,player_sr_link,school,season
1,20,1,2019-11-05,Fairfield,@,Temple,REG (Non-Conf),L 59-77,,4,1,2,.500,0,0,1,2,.500,.500,1,2,.500,1,0,1,0,0,0,0,1,3,1.9,Molly Bauer,https://www.sports-reference.com/cbb/players/molly-bauer-1.html,fairfield,2019-20
2,21,2,2019-11-09,Fairfield,@,Seton Hall,REG (Non-Conf),L 44-74,,14,0,2,.000,0,0,0,2,.000,.000,1,2,.500,1,2,3,0,0,1,0,0,1,1.2,Molly Bauer,https://www.sports-reference.com/cbb/players/molly-bauer-1.html,fairfield,2019-20
3,22,3,2019-11-13,Fairfield,@,LIU,REG (Non-Conf),W 53-51,,3,0,0,,0,0,0,0,,,0,0,,0,0,0,0,0,0,1,1,0,-1.4,Molly Bauer,https://www.sports-reference.com/cbb/players/molly-bauer-1.html,fairfield,2019-20
4,23,5,2019-12-01,Fairfield,@,Rhode Island,REG (Non-Conf),L 41-74,,4,0,0,,0,0,0,0,,,0,0,,0,1,1,0,0,0,0,3,0,-0.9,Molly Bauer,https://www.sports-reference.com/cbb/players/molly-bauer-1.html,fairfield,2019-20
5,24,9,2019-12-22,Fairfield,,Brown,REG (Non-Conf),L 44-58,,1,0,0,,0,0,0,0,,,0,0,,0,0,0,0,0,0,0,1,0,-0.4,Molly Bauer,https://www.sports-reference.com/cbb/players/molly-bauer-1.html,fairfield,2019-20
6,25,10,2020-01-02,Fairfield,@,Siena,REG (Conf),W 65-35,,2,0,2,.000,0,0,0,2,.000,.000,1,2,.500,1,0,1,0,1,0,0,0,1,0.9,Molly Bauer,https://www.sports-reference.com/cbb/players/molly-bauer-1.html,fairfield,2019-20
7,26,11,2020-01-09,Fairfield,,Monmouth,REG (Conf),W 49-38,,1,0,0,,0,0,0,0,,,0,0,,0,0,0,0,0,0,0,0,0,0.0,Molly Bauer,https://www.sports-reference.com/cbb/players/molly-bauer-1.html,fairfield,2019-20
8,27,12,2020-01-11,Fairfield,,Saint Peter's,REG (Conf),W 67-48,,2,1,2,.500,0,0,1,2,.500,.500,0,0,,0,1,1,0,0,0,0,0,2,1.3,Molly Bauer,https://www.sports-reference.com/cbb/players/molly-bauer-1.html,fairfield,2019-20
9,28,13,2020-01-16,Fairfield,,Canisius,REG (Conf),W 72-70,,0,0,0,,0,0,0,0,,,0,0,,0,0,0,0,0,0,0,0,0,0.0,Molly Bauer,https://www.sports-reference.com/cbb/players/molly-bauer-1.html,fairfield,2019-20
10,29,14,2020-01-18,Fairfield,@,Iona,REG (Conf),W 52-40,,5,0,1,.000,0,0,0,1,.000,.000,1,2,.500,0,0,0,0,0,0,0,0,1,-0.1,Molly Bauer,https://www.sports-reference.com/cbb/players/molly-bauer-1.html,fairfield,2019-20
11,30,15,2020-01-23,Fairfield,,Manhattan,REG (Conf),W 87-47,,4,0,0,,0,0,0,0,,,2,2,1.000,1,1,2,0,0,1,0,0,2,3.7,Molly Bauer,https://www.sports-reference.com/cbb/players/molly-bauer-1.html,fairfield,2019-20
12,31,16,2020-01-25,Fairfield,@,Quinnipiac,REG (Conf),L 62-76,,5,0,1,.000,0,0,0,1,.000,.000,0,0,,0,1,1,0,0,0,1,3,0,-2.6,Molly Bauer,https://www.sports-reference.com/cbb/players/molly-bauer-1.html,fairfield,2019-20
13,32,19,2020-02-06,Fairfield,@,Niagara,REG (Conf),W 77-65,,4,0,0,,0,0,0,0,,,0,0,,0,1,1,0,0,0,0,2,0,-0.5,Molly Bauer,https://www.sports-reference.com/cbb/players/molly-bauer-1.html,fairfield,2019-20
14,33,21,2020-02-13,Fairfield,@,Monmouth,REG (Conf),W 40-39,,3,0,0,,0,0,0,0,,,0,0,,0,0,0,0,0,1,0,0,0,0.7,Molly Bauer,https://www.sports-reference.com/cbb/players/molly-bauer-1.html,fairfield,2019-20
15,34,22,2020-02-15,Fairfield,,Iona,REG (Conf),L 52-59,,0,0,0,,0,0,0,0,,,0,0,,0,0,0,0,0,0,0,1,0,-0.4,Molly Bauer,https://www.sports-reference.com/cbb/players/molly-bauer-1.html,fairfield,2019-20
16,35,23,2020-02-18,Fairfield,@,Saint Peter's,REG (Conf),L 63-66 (OT),,2,0,3,.000,0,0,0,3,.000,.000,0,0,,2,0,2,0,0,0,0,1,0,-1.1,Molly Bauer,https://www.sports-reference.com/cbb/players/molly-bauer-1.html,fairfield,2019-20
17,36,24,2020-02-22,Fairfield,,Quinnipiac,REG (Conf),W 72-60,,2,0,1,.000,0,0,0,1,.000,.000,0,0,,0,0,0,0,0,0,0,1,0,-1.1,Molly Bauer,https://www.sports-reference.com/cbb/players/molly-bauer-1.html,fairfield,2019-20
18,37,25,2020-02-24,Fairfield,@,Marist,REG (Conf),L 45-75,,12,0,1,.000,0,0,0,1,.000,.000,0,0,,0,1,1,0,0,1,2,1,0,-2.1,Molly Bauer,https://www.sports-reference.com/cbb/players/molly-bauer-1.html,fairfield,2019-20
19,38,27,2020-02-29,Fairfield,@,Manhattan,REG (Conf),L 38-51,,1,0,0,,0,0,0,0,,,0,0,,0,0,0,0,0,0,0,0,0,0.0,Molly Bauer,https://www.sports-reference.com/cbb/players/molly-bauer-1.html,fairfield,2019-20
20,39,28,2020-03-05,Fairfield,,Siena,REG (Conf),W 58-46,,2,0,1,.000,0,0,0,1,.000,.000,0,0,,0,0,0,0,0,1,0,1,0,-0.4,Molly Bauer,https://www.sports-reference.com/cbb/players/molly-bauer-1.html,fairfield,2019-20
21,40,29,2020-03-07,Fairfield,,Niagara,REG (Conf),W 71-49,,2,0,0,,0,0,0,0,,,0,2,.000,1,0,1,0,0,0,0,1,0,-0.5,Molly Bauer,https://www.sports-reference.com/cbb/players/molly-bauer-1.html,fairfield,2019-20
22,41,30,2020-03-12,Fairfield,,Siena,CTOURN,W 72-56,,1,0,0,,0,0,0,0,,,1,2,.500,0,1,1,0,0,0,0,0,1,0.9,Molly Bauer,https://www.sports-reference.com/cbb/players/molly-bauer-1.html,fairfield,2019-20
