ranker,player_game_num_career,team_game_num_season,date,team_name_abbr,game_location,opp_name_abbr,game_type,game_result,is_starter,mp,fg,fga,fg_pct,fg3,fg3a,fg3_pct,fg2,fg2a,fg2_pct,efg_pct,ft,fta,ft_pct,orb,drb,trb,ast,stl,blk,tov,pf,pts,game_score,player_name,player_sr_link,school,season
1,30,1,2019-11-05,Fairfield,@,Temple,REG (Non-Conf),L 59-77,*,35,3,5,.600,1,1,1.000,2,4,.500,.700,6,6,1.000,0,4,4,8,0,0,4,3,13,12.3,Rachel Hakes,https://www.sports-reference.com/cbb/players/rachel-hakes-1.html,fairfield,2019-20
2,31,2,2019-11-09,Fairfield,@,Seton Hall,REG (Non-Conf),L 44-74,*,33,3,4,.750,0,0,,3,4,.750,.750,3,6,.500,0,1,1,4,2,0,2,2,9,8.5,Rachel Hakes,https://www.sports-reference.com/cbb/players/rachel-hakes-1.html,fairfield,2019-20
3,32,3,2019-11-13,Fairfield,@,LIU,REG (Non-Conf),W 53-51,*,30,1,2,.500,0,0,,1,2,.500,.500,1,2,.500,1,4,5,5,1,0,1,2,3,6.2,Rachel Hakes,https://www.sports-reference.com/cbb/players/rachel-hakes-1.html,fairfield,2019-20
4,33,4,2019-11-17,Fairfield,,Dartmouth,REG (Non-Conf),L 51-52,*,28,2,6,.333,0,1,.000,2,5,.400,.333,2,2,1.000,2,3,5,4,1,1,0,2,6,8.6,Rachel Hakes,https://www.sports-reference.com/cbb/players/rachel-hakes-1.html,fairfield,2019-20
5,34,5,2019-12-01,Fairfield,@,Rhode Island,REG (Non-Conf),L 41-74,*,29,3,5,.600,1,1,1.000,2,4,.500,.700,1,3,.333,1,5,6,3,0,0,2,0,8,7.2,Rachel Hakes,https://www.sports-reference.com/cbb/players/rachel-hakes-1.html,fairfield,2019-20
6,35,6,2019-12-04,Fairfield,,Navy,REG (Non-Conf),W 66-52,*,34,4,5,.800,2,2,1.000,2,3,.667,1.000,1,1,1.000,1,5,6,1,2,0,3,1,11,10.6,Rachel Hakes,https://www.sports-reference.com/cbb/players/rachel-hakes-1.html,fairfield,2019-20
7,36,7,2019-12-07,Fairfield,,Hofstra,REG (Non-Conf),W 73-64 (OT),*,42,2,5,.400,0,2,.000,2,3,.667,.400,4,8,.500,0,6,6,7,0,0,0,0,8,10.4,Rachel Hakes,https://www.sports-reference.com/cbb/players/rachel-hakes-1.html,fairfield,2019-20
8,37,8,2019-12-20,Fairfield,@,St. John's (NY),REG (Non-Conf),L 69-71 (OT),*,37,1,1,1.000,0,0,,1,1,1.000,1.000,5,8,.625,2,6,8,1,0,0,6,4,7,1.8,Rachel Hakes,https://www.sports-reference.com/cbb/players/rachel-hakes-1.html,fairfield,2019-20
9,38,9,2019-12-22,Fairfield,,Brown,REG (Non-Conf),L 44-58,*,32,4,6,.667,0,1,.000,4,5,.800,.667,2,4,.500,0,1,1,2,1,0,0,3,10,8.1,Rachel Hakes,https://www.sports-reference.com/cbb/players/rachel-hakes-1.html,fairfield,2019-20
10,39,10,2020-01-02,Fairfield,@,Siena,REG (Conf),W 65-35,*,24,1,4,.250,0,3,.000,1,1,1.000,.250,0,0,,1,3,4,4,1,0,0,0,2,5.0,Rachel Hakes,https://www.sports-reference.com/cbb/players/rachel-hakes-1.html,fairfield,2019-20
11,40,11,2020-01-09,Fairfield,,Monmouth,REG (Conf),W 49-38,*,28,0,2,.000,0,1,.000,0,1,.000,.000,0,0,,0,5,5,5,1,0,0,3,0,3.4,Rachel Hakes,https://www.sports-reference.com/cbb/players/rachel-hakes-1.html,fairfield,2019-20
12,41,12,2020-01-11,Fairfield,,Saint Peter's,REG (Conf),W 67-48,*,22,0,0,,0,0,,0,0,,,0,0,,0,3,3,5,2,0,2,1,0,4.0,Rachel Hakes,https://www.sports-reference.com/cbb/players/rachel-hakes-1.html,fairfield,2019-20
13,42,13,2020-01-16,Fairfield,,Canisius,REG (Conf),W 72-70,*,31,0,2,.000,0,1,.000,0,1,.000,.000,0,0,,4,0,4,6,1,0,2,2,0,3.8,Rachel Hakes,https://www.sports-reference.com/cbb/players/rachel-hakes-1.html,fairfield,2019-20
14,43,14,2020-01-18,Fairfield,@,Iona,REG (Conf),W 52-40,*,11,1,3,.333,1,2,.500,0,1,.000,.500,0,0,,0,0,0,1,0,0,2,1,3,-0.4,Rachel Hakes,https://www.sports-reference.com/cbb/players/rachel-hakes-1.html,fairfield,2019-20
15,44,15,2020-01-23,Fairfield,,Manhattan,REG (Conf),W 87-47,*,19,2,2,1.000,0,0,,2,2,1.000,1.000,2,2,1.000,0,1,1,3,1,0,0,1,6,8.4,Rachel Hakes,https://www.sports-reference.com/cbb/players/rachel-hakes-1.html,fairfield,2019-20
16,45,16,2020-01-25,Fairfield,@,Quinnipiac,REG (Conf),L 62-76,*,16,1,3,.333,0,1,.000,1,2,.500,.333,0,0,,0,0,0,2,0,0,0,0,2,1.7,Rachel Hakes,https://www.sports-reference.com/cbb/players/rachel-hakes-1.html,fairfield,2019-20
17,46,17,2020-01-28,Fairfield,@,Rider,REG (Conf),L 52-60,*,26,2,3,.667,0,0,,2,3,.667,.667,0,0,,1,2,3,1,1,0,0,4,4,4.1,Rachel Hakes,https://www.sports-reference.com/cbb/players/rachel-hakes-1.html,fairfield,2019-20
18,47,18,2020-01-30,Fairfield,,Marist,REG (Conf),W 52-48,*,20,1,2,.500,0,0,,1,2,.500,.500,0,2,.000,0,4,4,0,2,0,2,2,2,0.6,Rachel Hakes,https://www.sports-reference.com/cbb/players/rachel-hakes-1.html,fairfield,2019-20
19,48,19,2020-02-06,Fairfield,@,Niagara,REG (Conf),W 77-65,*,27,2,2,1.000,0,0,,2,2,1.000,1.000,2,2,1.000,0,5,5,7,0,0,4,0,6,7.8,Rachel Hakes,https://www.sports-reference.com/cbb/players/rachel-hakes-1.html,fairfield,2019-20
20,49,20,2020-02-08,Fairfield,@,Canisius,REG (Conf),L 63-70,*,26,0,3,.000,0,1,.000,0,2,.000,.000,2,4,.500,1,0,1,2,1,1,1,2,2,1.1,Rachel Hakes,https://www.sports-reference.com/cbb/players/rachel-hakes-1.html,fairfield,2019-20
21,50,21,2020-02-13,Fairfield,@,Monmouth,REG (Conf),W 40-39,*,17,0,1,.000,0,0,,0,1,.000,.000,2,2,1.000,1,0,1,1,1,0,1,1,2,2.3,Rachel Hakes,https://www.sports-reference.com/cbb/players/rachel-hakes-1.html,fairfield,2019-20
22,51,22,2020-02-15,Fairfield,,Iona,REG (Conf),L 52-59,*,27,3,7,.429,0,1,.000,3,6,.500,.429,0,0,,0,0,0,1,1,0,4,2,6,-0.8,Rachel Hakes,https://www.sports-reference.com/cbb/players/rachel-hakes-1.html,fairfield,2019-20
23,52,23,2020-02-18,Fairfield,@,Saint Peter's,REG (Conf),L 63-66 (OT),*,23,3,4,.750,1,2,.500,2,2,1.000,.875,0,0,,1,2,3,0,0,0,1,0,7,5.7,Rachel Hakes,https://www.sports-reference.com/cbb/players/rachel-hakes-1.html,fairfield,2019-20
24,53,24,2020-02-22,Fairfield,,Quinnipiac,REG (Conf),W 72-60,*,34,1,2,.500,1,1,1.000,0,1,.000,.750,0,0,,1,2,3,5,0,0,4,2,3,2.0,Rachel Hakes,https://www.sports-reference.com/cbb/players/rachel-hakes-1.html,fairfield,2019-20
25,54,25,2020-02-24,Fairfield,@,Marist,REG (Conf),L 45-75,*,20,2,3,.667,1,1,1.000,1,2,.500,.833,0,0,,0,1,1,2,0,0,2,1,5,3.0,Rachel Hakes,https://www.sports-reference.com/cbb/players/rachel-hakes-1.html,fairfield,2019-20
26,55,26,2020-02-27,Fairfield,,Rider,REG (Conf),L 60-68,*,12,0,1,.000,0,0,,0,1,.000,.000,0,0,,0,0,0,2,0,0,2,4,0,-2.9,Rachel Hakes,https://www.sports-reference.com/cbb/players/rachel-hakes-1.html,fairfield,2019-20
27,56,27,2020-02-29,Fairfield,@,Manhattan,REG (Conf),L 38-51,*,13,0,1,.000,0,0,,0,1,.000,.000,0,0,,0,0,0,0,0,0,0,1,0,-1.1,Rachel Hakes,https://www.sports-reference.com/cbb/players/rachel-hakes-1.html,fairfield,2019-20
28,57,28,2020-03-05,Fairfield,,Siena,REG (Conf),W 58-46,*,14,2,6,.333,0,1,.000,2,5,.400,.333,4,5,.800,0,2,2,1,0,1,0,2,8,5.4,Rachel Hakes,https://www.sports-reference.com/cbb/players/rachel-hakes-1.html,fairfield,2019-20
29,58,29,2020-03-07,Fairfield,,Niagara,REG (Conf),W 71-49,,19,0,1,.000,0,0,,0,1,.000,.000,0,0,,0,1,1,6,0,0,1,2,0,2.0,Rachel Hakes,https://www.sports-reference.com/cbb/players/rachel-hakes-1.html,fairfield,2019-20
30,59,30,2020-03-12,Fairfield,,Siena,CTOURN,W 72-56,*,27,3,6,.500,1,2,.500,2,4,.500,.583,3,4,.750,0,1,1,7,2,0,2,1,10,11.4,Rachel Hakes,https://www.sports-reference.com/cbb/players/rachel-hakes-1.html,fairfield,2019-20
