ranker,player_game_num_career,team_game_num_season,date,team_name_abbr,game_location,opp_name_abbr,game_type,game_result,is_starter,mp,fg,fga,fg_pct,fg3,fg3a,fg3_pct,fg2,fg2a,fg2_pct,efg_pct,ft,fta,ft_pct,orb,drb,trb,ast,stl,blk,tov,pf,pts,game_score,player_name,player_sr_link,school,season
1,30,1,2018-11-06,Mount St. Mary's,,Washington Col.,REG (Non-Conf),W 74-50,,22,3,8,.375,2,5,.400,1,3,.333,.500,0,1,.000,3,2,5,3,1,0,1,0,8,8.0,Bridget Birkhead,https://www.sports-reference.com/cbb/players/bridget-birkhead-1.html,mount-st-marys,2018-19
2,31,2,2018-11-09,Mount St. Mary's,@,Michigan,REG (Non-Conf),L 40-88,,12,0,4,.000,0,3,.000,0,1,.000,.000,0,0,,0,0,0,0,0,0,0,1,0,-3.2,Bridget Birkhead,https://www.sports-reference.com/cbb/players/bridget-birkhead-1.html,mount-st-marys,2018-19
3,32,3,2018-11-12,Mount St. Mary's,@,Duquesne,REG (Non-Conf),L 64-73,,14,1,3,.333,1,3,.333,0,0,,.500,0,0,,0,2,2,1,0,0,0,1,3,2.2,Bridget Birkhead,https://www.sports-reference.com/cbb/players/bridget-birkhead-1.html,mount-st-marys,2018-19
4,33,4,2018-11-17,Mount St. Mary's,@,Rider,REG (Non-Conf),L 67-85,,14,2,4,.500,2,3,.667,0,1,.000,.750,0,0,,0,2,2,0,0,0,2,1,6,2.2,Bridget Birkhead,https://www.sports-reference.com/cbb/players/bridget-birkhead-1.html,mount-st-marys,2018-19
5,34,5,2018-11-24,Mount St. Mary's,,Towson,REG (Non-Conf),W 87-78,,15,2,3,.667,2,3,.667,0,0,,1.000,0,0,,0,2,2,1,0,0,1,3,6,3.8,Bridget Birkhead,https://www.sports-reference.com/cbb/players/bridget-birkhead-1.html,mount-st-marys,2018-19
6,35,6,2018-12-01,Mount St. Mary's,@,Loyola (MD),REG (Non-Conf),W 77-67,,26,1,4,.250,1,3,.333,0,1,.000,.375,3,4,.750,0,8,8,0,0,0,0,2,6,4.8,Bridget Birkhead,https://www.sports-reference.com/cbb/players/bridget-birkhead-1.html,mount-st-marys,2018-19
7,36,7,2018-12-03,Mount St. Mary's,@,Gardner-Webb,REG (Non-Conf),W 69-62,,20,1,5,.200,1,5,.200,0,0,,.300,1,2,.500,0,5,5,1,1,0,0,3,4,2.5,Bridget Birkhead,https://www.sports-reference.com/cbb/players/bridget-birkhead-1.html,mount-st-marys,2018-19
8,37,8,2018-12-06,Mount St. Mary's,@,UMBC,REG (Non-Conf),W 65-52,,26,1,4,.250,1,4,.250,0,0,,.375,0,0,,1,0,1,1,0,0,2,1,3,-0.4,Bridget Birkhead,https://www.sports-reference.com/cbb/players/bridget-birkhead-1.html,mount-st-marys,2018-19
9,38,9,2018-12-16,Mount St. Mary's,@,Virginia Tech,REG (Non-Conf),L 51-83,,34,4,10,.400,3,8,.375,1,2,.500,.550,0,0,,0,1,1,0,0,0,0,4,11,4.3,Bridget Birkhead,https://www.sports-reference.com/cbb/players/bridget-birkhead-1.html,mount-st-marys,2018-19
10,39,10,2018-12-20,Mount St. Mary's,,Maryland Eastern Shore,REG (Non-Conf),L 73-86,*,32,5,8,.625,5,8,.625,0,0,,.938,0,0,,0,4,4,1,0,0,2,4,15,9.7,Bridget Birkhead,https://www.sports-reference.com/cbb/players/bridget-birkhead-1.html,mount-st-marys,2018-19
11,40,11,2019-01-02,Mount St. Mary's,,Radford,REG (Non-Conf),W 89-77,*,31,5,10,.500,4,7,.571,1,3,.333,.700,4,4,1.000,1,4,5,3,3,0,2,3,18,16.8,Bridget Birkhead,https://www.sports-reference.com/cbb/players/bridget-birkhead-1.html,mount-st-marys,2018-19
12,41,12,2019-01-05,Mount St. Mary's,@,Robert Morris,REG (Conf),L 58-70,*,28,1,4,.250,1,4,.250,0,0,,.375,0,0,,0,2,2,0,3,0,4,3,3,-1.0,Bridget Birkhead,https://www.sports-reference.com/cbb/players/bridget-birkhead-1.html,mount-st-marys,2018-19
13,42,13,2019-01-07,Mount St. Mary's,@,Saint Francis (PA),REG (Conf),L 66-68,*,25,4,11,.364,4,11,.364,0,0,,.545,0,0,,2,4,6,1,1,0,2,4,12,6.6,Bridget Birkhead,https://www.sports-reference.com/cbb/players/bridget-birkhead-1.html,mount-st-marys,2018-19
14,43,14,2019-01-12,Mount St. Mary's,,Bryant,REG (Conf),L 68-73,*,23,1,4,.250,0,3,.000,1,1,1.000,.250,0,0,,1,2,3,0,0,0,1,1,2,-0.5,Bridget Birkhead,https://www.sports-reference.com/cbb/players/bridget-birkhead-1.html,mount-st-marys,2018-19
15,44,15,2019-01-14,Mount St. Mary's,,Central Connecticut State,REG (Conf),W 84-53,*,17,4,8,.500,3,4,.750,1,4,.250,.688,0,0,,1,1,2,2,0,0,2,4,11,5.8,Bridget Birkhead,https://www.sports-reference.com/cbb/players/bridget-birkhead-1.html,mount-st-marys,2018-19
16,45,16,2019-01-19,Mount St. Mary's,@,Wagner,REG (Conf),L 76-92,*,24,0,4,.000,0,3,.000,0,1,.000,.000,0,0,,1,2,3,1,0,0,1,5,0,-3.8,Bridget Birkhead,https://www.sports-reference.com/cbb/players/bridget-birkhead-1.html,mount-st-marys,2018-19
17,46,17,2019-01-21,Mount St. Mary's,@,Fairleigh Dickinson,REG (Conf),W 63-47,*,37,3,7,.429,2,6,.333,1,1,1.000,.571,0,0,,1,2,3,1,1,1,2,0,8,6.0,Bridget Birkhead,https://www.sports-reference.com/cbb/players/bridget-birkhead-1.html,mount-st-marys,2018-19
18,47,18,2019-01-26,Mount St. Mary's,,LIU Brooklyn,REG (Conf),W 61-45,*,31,3,8,.375,2,6,.333,1,2,.500,.500,0,0,,0,4,4,1,2,0,1,1,8,6.1,Bridget Birkhead,https://www.sports-reference.com/cbb/players/bridget-birkhead-1.html,mount-st-marys,2018-19
19,48,19,2019-01-28,Mount St. Mary's,,St. Francis Brooklyn,REG (Conf),W 78-75,*,16,0,7,.000,0,7,.000,0,0,,.000,0,0,,1,2,3,1,0,0,0,1,0,-3.3,Bridget Birkhead,https://www.sports-reference.com/cbb/players/bridget-birkhead-1.html,mount-st-marys,2018-19
20,49,20,2019-02-02,Mount St. Mary's,,Saint Francis (PA),REG (Conf),L 72-83,*,22,0,5,.000,0,4,.000,0,1,.000,.000,0,0,,0,5,5,3,2,0,0,5,0,0.1,Bridget Birkhead,https://www.sports-reference.com/cbb/players/bridget-birkhead-1.html,mount-st-marys,2018-19
21,50,21,2019-02-09,Mount St. Mary's,@,Sacred Heart,REG (Conf),L 41-76,,20,0,4,.000,0,3,.000,0,1,.000,.000,0,0,,0,2,2,1,1,0,2,4,0,-4.1,Bridget Birkhead,https://www.sports-reference.com/cbb/players/bridget-birkhead-1.html,mount-st-marys,2018-19
22,51,22,2019-02-11,Mount St. Mary's,@,LIU Brooklyn,REG (Conf),L 61-71,,24,2,9,.222,1,5,.200,1,4,.250,.278,0,0,,0,3,3,0,2,1,0,3,5,1.9,Bridget Birkhead,https://www.sports-reference.com/cbb/players/bridget-birkhead-1.html,mount-st-marys,2018-19
23,52,23,2019-02-16,Mount St. Mary's,,Robert Morris,REG (Conf),W 61-55,*,30,5,8,.625,4,7,.571,1,1,1.000,.875,0,0,,0,1,1,0,2,0,3,4,14,8.1,Bridget Birkhead,https://www.sports-reference.com/cbb/players/bridget-birkhead-1.html,mount-st-marys,2018-19
24,53,24,2019-02-18,Mount St. Mary's,,Wagner,REG (Conf),W 81-66,*,29,3,9,.333,2,6,.333,1,3,.333,.444,0,0,,2,0,2,2,0,0,3,1,8,2.3,Bridget Birkhead,https://www.sports-reference.com/cbb/players/bridget-birkhead-1.html,mount-st-marys,2018-19
25,54,25,2019-02-23,Mount St. Mary's,@,Bryant,REG (Conf),L 59-77,*,23,2,5,.400,2,5,.400,0,0,,.600,0,0,,0,1,1,0,1,0,1,1,6,3.2,Bridget Birkhead,https://www.sports-reference.com/cbb/players/bridget-birkhead-1.html,mount-st-marys,2018-19
26,55,26,2019-02-25,Mount St. Mary's,@,Central Connecticut State,REG (Conf),W 61-44,*,21,2,5,.400,1,3,.333,1,2,.500,.500,0,0,,0,3,3,0,1,0,0,1,5,3.8,Bridget Birkhead,https://www.sports-reference.com/cbb/players/bridget-birkhead-1.html,mount-st-marys,2018-19
27,56,27,2019-03-02,Mount St. Mary's,,Fairleigh Dickinson,REG (Conf),W 62-57,*,14,2,6,.333,2,5,.400,0,1,.000,.500,0,0,,0,1,1,0,1,0,0,4,6,2.3,Bridget Birkhead,https://www.sports-reference.com/cbb/players/bridget-birkhead-1.html,mount-st-marys,2018-19
28,57,28,2019-03-04,Mount St. Mary's,@,St. Francis Brooklyn,REG (Conf),L 65-69,*,25,1,5,.200,1,5,.200,0,0,,.300,0,0,,0,4,4,0,1,0,0,4,3,0.5,Bridget Birkhead,https://www.sports-reference.com/cbb/players/bridget-birkhead-1.html,mount-st-marys,2018-19
29,58,29,2019-03-07,Mount St. Mary's,,Sacred Heart,REG (Conf),L 46-53,*,27,1,6,.167,1,5,.200,0,1,.000,.250,0,0,,1,3,4,0,0,0,0,2,3,0.0,Bridget Birkhead,https://www.sports-reference.com/cbb/players/bridget-birkhead-1.html,mount-st-marys,2018-19
30,59,30,2019-03-11,Mount St. Mary's,@,St. Francis Brooklyn,CTOURN,W 80-74,*,39,5,12,.417,3,10,.300,2,2,1.000,.542,1,1,1.000,0,5,5,1,0,0,0,2,14,9.0,Bridget Birkhead,https://www.sports-reference.com/cbb/players/bridget-birkhead-1.html,mount-st-marys,2018-19
31,60,31,2019-03-14,Mount St. Mary's,@,Robert Morris,CTOURN,L 65-69,*,29,3,9,.333,1,5,.200,2,4,.500,.389,2,2,1.000,0,2,2,0,0,0,3,4,9,-0.1,Bridget Birkhead,https://www.sports-reference.com/cbb/players/bridget-birkhead-1.html,mount-st-marys,2018-19
