ranker,player_game_num_career,team_game_num_season,date,team_name_abbr,game_location,opp_name_abbr,game_type,game_result,is_starter,mp,fg,fga,fg_pct,fg3,fg3a,fg3_pct,fg2,fg2a,fg2_pct,efg_pct,ft,fta,ft_pct,orb,drb,trb,ast,stl,blk,tov,pf,pts,game_score,player_name,player_sr_link,school,season
1,30,1,2018-11-06,Mount St. Mary's,,Washington Col.,REG (Non-Conf),W 74-50,*,29,5,11,.455,2,7,.286,3,4,.750,.545,2,2,1.000,1,1,2,2,1,0,1,0,14,10.7,Daly Sullivan,https://www.sports-reference.com/cbb/players/daly-sullivan-1.html,mount-st-marys,2018-19
2,31,2,2018-11-09,Mount St. Mary's,@,Michigan,REG (Non-Conf),L 40-88,*,21,1,8,.125,1,6,.167,0,2,.000,.188,0,0,,0,0,0,0,0,0,5,3,3,-8.4,Daly Sullivan,https://www.sports-reference.com/cbb/players/daly-sullivan-1.html,mount-st-marys,2018-19
3,32,3,2018-11-12,Mount St. Mary's,@,Duquesne,REG (Non-Conf),L 64-73,*,27,2,10,.200,1,8,.125,1,2,.500,.250,0,0,,0,1,1,3,0,0,1,4,5,-1.4,Daly Sullivan,https://www.sports-reference.com/cbb/players/daly-sullivan-1.html,mount-st-marys,2018-19
4,33,4,2018-11-17,Mount St. Mary's,@,Rider,REG (Non-Conf),L 67-85,*,37,8,15,.533,4,7,.571,4,8,.500,.667,0,0,,0,0,0,3,2,0,0,0,20,16.8,Daly Sullivan,https://www.sports-reference.com/cbb/players/daly-sullivan-1.html,mount-st-marys,2018-19
5,34,5,2018-11-24,Mount St. Mary's,,Towson,REG (Non-Conf),W 87-78,*,31,4,8,.500,3,5,.600,1,3,.333,.688,4,6,.667,0,2,2,3,3,0,1,4,15,13.3,Daly Sullivan,https://www.sports-reference.com/cbb/players/daly-sullivan-1.html,mount-st-marys,2018-19
6,35,6,2018-12-01,Mount St. Mary's,@,Loyola (MD),REG (Non-Conf),W 77-67,*,29,6,10,.600,4,8,.500,2,2,1.000,.800,0,0,,0,1,1,2,0,0,3,2,16,9.3,Daly Sullivan,https://www.sports-reference.com/cbb/players/daly-sullivan-1.html,mount-st-marys,2018-19
7,36,7,2018-12-03,Mount St. Mary's,@,Gardner-Webb,REG (Non-Conf),W 69-62,*,37,4,9,.444,4,8,.500,0,1,.000,.667,2,2,1.000,0,2,2,4,0,0,4,3,14,7.5,Daly Sullivan,https://www.sports-reference.com/cbb/players/daly-sullivan-1.html,mount-st-marys,2018-19
8,37,8,2018-12-06,Mount St. Mary's,@,UMBC,REG (Non-Conf),W 65-52,*,31,5,14,.357,4,12,.333,1,2,.500,.500,0,0,,0,3,3,2,0,0,0,0,14,8.5,Daly Sullivan,https://www.sports-reference.com/cbb/players/daly-sullivan-1.html,mount-st-marys,2018-19
9,38,9,2018-12-16,Mount St. Mary's,@,Virginia Tech,REG (Non-Conf),L 51-83,*,29,0,8,.000,0,8,.000,0,0,,.000,0,0,,1,0,1,3,0,0,1,0,0,-3.8,Daly Sullivan,https://www.sports-reference.com/cbb/players/daly-sullivan-1.html,mount-st-marys,2018-19
10,39,10,2018-12-20,Mount St. Mary's,,Maryland Eastern Shore,REG (Non-Conf),L 73-86,*,32,6,13,.462,4,9,.444,2,4,.500,.615,0,0,,0,0,0,1,0,0,2,5,16,6.0,Daly Sullivan,https://www.sports-reference.com/cbb/players/daly-sullivan-1.html,mount-st-marys,2018-19
11,40,11,2019-01-02,Mount St. Mary's,,Radford,REG (Non-Conf),W 89-77,*,39,7,12,.583,7,11,.636,0,1,.000,.875,2,2,1.000,0,2,2,1,0,0,0,1,23,18.3,Daly Sullivan,https://www.sports-reference.com/cbb/players/daly-sullivan-1.html,mount-st-marys,2018-19
12,41,12,2019-01-05,Mount St. Mary's,@,Robert Morris,REG (Conf),L 58-70,*,32,2,8,.250,0,3,.000,2,5,.400,.250,2,2,1.000,0,3,3,0,3,0,1,5,6,2.1,Daly Sullivan,https://www.sports-reference.com/cbb/players/daly-sullivan-1.html,mount-st-marys,2018-19
13,42,13,2019-01-07,Mount St. Mary's,@,Saint Francis (PA),REG (Conf),L 66-68,*,38,0,9,.000,0,7,.000,0,2,.000,.000,0,0,,0,2,2,7,0,0,1,2,0,-2.6,Daly Sullivan,https://www.sports-reference.com/cbb/players/daly-sullivan-1.html,mount-st-marys,2018-19
14,43,14,2019-01-12,Mount St. Mary's,,Bryant,REG (Conf),L 68-73,*,32,3,8,.375,3,5,.600,0,3,.000,.563,0,0,,0,2,2,4,0,0,0,3,9,6.8,Daly Sullivan,https://www.sports-reference.com/cbb/players/daly-sullivan-1.html,mount-st-marys,2018-19
15,44,15,2019-01-14,Mount St. Mary's,,Central Connecticut State,REG (Conf),W 84-53,*,35,5,7,.714,2,4,.500,3,3,1.000,.857,0,0,,0,0,0,4,4,0,3,1,12,12.5,Daly Sullivan,https://www.sports-reference.com/cbb/players/daly-sullivan-1.html,mount-st-marys,2018-19
16,45,16,2019-01-19,Mount St. Mary's,@,Wagner,REG (Conf),L 76-92,*,24,2,6,.333,2,6,.333,0,0,,.500,0,0,,0,0,0,0,1,0,3,4,6,-1.0,Daly Sullivan,https://www.sports-reference.com/cbb/players/daly-sullivan-1.html,mount-st-marys,2018-19
17,46,17,2019-01-21,Mount St. Mary's,@,Fairleigh Dickinson,REG (Conf),W 63-47,*,31,1,9,.111,1,6,.167,0,3,.000,.167,0,0,,1,2,3,2,0,0,3,2,3,-4.0,Daly Sullivan,https://www.sports-reference.com/cbb/players/daly-sullivan-1.html,mount-st-marys,2018-19
18,47,18,2019-01-26,Mount St. Mary's,,LIU Brooklyn,REG (Conf),W 61-45,*,27,1,8,.125,0,6,.000,1,2,.500,.125,0,0,,0,0,0,0,0,0,0,0,2,-3.2,Daly Sullivan,https://www.sports-reference.com/cbb/players/daly-sullivan-1.html,mount-st-marys,2018-19
19,48,19,2019-01-28,Mount St. Mary's,,St. Francis Brooklyn,REG (Conf),W 78-75,,33,5,11,.455,5,10,.500,0,1,.000,.682,0,0,,0,3,3,0,2,0,1,2,15,10.4,Daly Sullivan,https://www.sports-reference.com/cbb/players/daly-sullivan-1.html,mount-st-marys,2018-19
20,49,20,2019-02-02,Mount St. Mary's,,Saint Francis (PA),REG (Conf),L 72-83,,26,3,10,.300,3,9,.333,0,1,.000,.450,0,0,,0,2,2,1,1,0,2,5,9,1.5,Daly Sullivan,https://www.sports-reference.com/cbb/players/daly-sullivan-1.html,mount-st-marys,2018-19
21,50,21,2019-02-09,Mount St. Mary's,@,Sacred Heart,REG (Conf),L 41-76,*,21,1,4,.250,0,2,.000,1,2,.500,.250,0,0,,0,0,0,0,1,0,3,1,2,-2.8,Daly Sullivan,https://www.sports-reference.com/cbb/players/daly-sullivan-1.html,mount-st-marys,2018-19
22,51,22,2019-02-11,Mount St. Mary's,@,LIU Brooklyn,REG (Conf),L 61-71,*,27,1,5,.200,0,4,.000,1,1,1.000,.200,0,0,,2,1,3,2,0,0,1,1,2,0.6,Daly Sullivan,https://www.sports-reference.com/cbb/players/daly-sullivan-1.html,mount-st-marys,2018-19
23,52,23,2019-02-16,Mount St. Mary's,,Robert Morris,REG (Conf),W 61-55,,23,1,3,.333,1,3,.333,0,0,,.500,0,0,,0,0,0,1,0,0,2,2,3,-0.8,Daly Sullivan,https://www.sports-reference.com/cbb/players/daly-sullivan-1.html,mount-st-marys,2018-19
24,53,24,2019-02-18,Mount St. Mary's,,Wagner,REG (Conf),W 81-66,,29,2,8,.250,2,8,.250,0,0,,.375,0,0,,1,2,3,5,0,0,2,2,6,3.2,Daly Sullivan,https://www.sports-reference.com/cbb/players/daly-sullivan-1.html,mount-st-marys,2018-19
25,54,25,2019-02-23,Mount St. Mary's,@,Bryant,REG (Conf),L 59-77,,18,1,8,.125,1,6,.167,0,2,.000,.188,0,0,,0,0,0,2,2,0,0,1,3,0.8,Daly Sullivan,https://www.sports-reference.com/cbb/players/daly-sullivan-1.html,mount-st-marys,2018-19
26,55,26,2019-02-25,Mount St. Mary's,@,Central Connecticut State,REG (Conf),W 61-44,,17,2,4,.500,2,4,.500,0,0,,.750,0,0,,0,0,0,1,1,0,1,3,6,3.5,Daly Sullivan,https://www.sports-reference.com/cbb/players/daly-sullivan-1.html,mount-st-marys,2018-19
27,56,27,2019-03-02,Mount St. Mary's,,Fairleigh Dickinson,REG (Conf),W 62-57,,30,4,10,.400,4,9,.444,0,1,.000,.600,2,2,1.000,0,2,2,1,1,0,0,2,14,10.1,Daly Sullivan,https://www.sports-reference.com/cbb/players/daly-sullivan-1.html,mount-st-marys,2018-19
28,57,28,2019-03-04,Mount St. Mary's,@,St. Francis Brooklyn,REG (Conf),L 65-69,,21,2,7,.286,1,6,.167,1,1,1.000,.357,0,0,,0,0,0,0,0,0,2,2,5,-1.9,Daly Sullivan,https://www.sports-reference.com/cbb/players/daly-sullivan-1.html,mount-st-marys,2018-19
29,58,29,2019-03-07,Mount St. Mary's,,Sacred Heart,REG (Conf),L 46-53,,28,3,6,.500,3,5,.600,0,1,.000,.750,0,0,,0,0,0,2,1,0,0,2,9,7.6,Daly Sullivan,https://www.sports-reference.com/cbb/players/daly-sullivan-1.html,mount-st-marys,2018-19
30,59,30,2019-03-11,Mount St. Mary's,@,St. Francis Brooklyn,CTOURN,W 80-74,,26,1,7,.143,0,4,.000,1,3,.333,.143,0,0,,0,0,0,1,2,0,0,0,2,0.2,Daly Sullivan,https://www.sports-reference.com/cbb/players/daly-sullivan-1.html,mount-st-marys,2018-19
31,60,31,2019-03-14,Mount St. Mary's,@,Robert Morris,CTOURN,L 65-69,,20,0,2,.000,0,2,.000,0,0,,.000,1,2,.500,1,0,1,3,0,0,2,1,1,-0.4,Daly Sullivan,https://www.sports-reference.com/cbb/players/daly-sullivan-1.html,mount-st-marys,2018-19
