ranker,player_game_num_career,team_game_num_season,date,team_name_abbr,game_location,opp_name_abbr,game_type,game_result,is_starter,mp,fg,fga,fg_pct,fg3,fg3a,fg3_pct,fg2,fg2a,fg2_pct,efg_pct,ft,fta,orb,drb,trb,ast,stl,blk,tov,pf,pts,game_score,player_name,player_sr_link,school,season
1,1,1,2018-11-06,Mount St. Mary's,,Washington Col.,REG (Non-Conf),W 74-50,,18,0,4,.000,0,4,.000,0,0,,.000,0,0,2,0,2,0,1,0,0,1,0,-0.8,Delaney Connors,https://www.sports-reference.com/cbb/players/delaney-connors-1.html,mount-st-marys,2018-19
2,2,2,2018-11-09,Mount St. Mary's,@,Michigan,REG (Non-Conf),L 40-88,,11,0,4,.000,0,3,.000,0,1,.000,.000,0,0,0,1,1,0,1,0,0,1,0,-1.9,Delaney Connors,https://www.sports-reference.com/cbb/players/delaney-connors-1.html,mount-st-marys,2018-19
3,3,3,2018-11-12,Mount St. Mary's,@,Duquesne,REG (Non-Conf),L 64-73,,3,0,0,,0,0,,0,0,,,0,0,0,0,0,1,1,0,0,0,0,1.7,Delaney Connors,https://www.sports-reference.com/cbb/players/delaney-connors-1.html,mount-st-marys,2018-19
4,4,4,2018-11-17,Mount St. Mary's,@,Rider,REG (Non-Conf),L 67-85,,7,0,0,,0,0,,0,0,,,0,0,0,1,1,0,0,0,1,0,0,-0.7,Delaney Connors,https://www.sports-reference.com/cbb/players/delaney-connors-1.html,mount-st-marys,2018-19
5,5,5,2018-11-24,Mount St. Mary's,,Towson,REG (Non-Conf),W 87-78,,4,0,0,,0,0,,0,0,,,0,0,0,0,0,1,0,0,0,0,0,0.7,Delaney Connors,https://www.sports-reference.com/cbb/players/delaney-connors-1.html,mount-st-marys,2018-19
6,6,6,2018-12-01,Mount St. Mary's,@,Loyola (MD),REG (Non-Conf),W 77-67,,4,0,1,.000,0,1,.000,0,0,,.000,0,0,0,0,0,0,0,0,0,0,0,-0.7,Delaney Connors,https://www.sports-reference.com/cbb/players/delaney-connors-1.html,mount-st-marys,2018-19
7,7,7,2018-12-03,Mount St. Mary's,@,Gardner-Webb,REG (Non-Conf),W 69-62,,1,0,0,,0,0,,0,0,,,0,0,0,1,1,0,0,0,2,1,0,-2.1,Delaney Connors,https://www.sports-reference.com/cbb/players/delaney-connors-1.html,mount-st-marys,2018-19
8,8,8,2018-12-06,Mount St. Mary's,@,UMBC,REG (Non-Conf),W 65-52,,9,0,1,.000,0,1,.000,0,0,,.000,0,0,0,1,1,0,0,0,0,0,0,-0.4,Delaney Connors,https://www.sports-reference.com/cbb/players/delaney-connors-1.html,mount-st-marys,2018-19
9,9,9,2018-12-16,Mount St. Mary's,@,Virginia Tech,REG (Non-Conf),L 51-83,,3,0,0,,0,0,,0,0,,,0,0,0,0,0,0,1,0,1,0,0,0.0,Delaney Connors,https://www.sports-reference.com/cbb/players/delaney-connors-1.html,mount-st-marys,2018-19
10,10,10,2018-12-20,Mount St. Mary's,,Maryland Eastern Shore,REG (Non-Conf),L 73-86,,1,0,0,,0,0,,0,0,,,0,0,0,0,0,0,0,0,0,1,0,-0.4,Delaney Connors,https://www.sports-reference.com/cbb/players/delaney-connors-1.html,mount-st-marys,2018-19
11,11,11,2019-01-02,Mount St. Mary's,,Radford,REG (Non-Conf),W 89-77,,2,0,0,,0,0,,0,0,,,0,0,0,0,0,0,0,0,0,1,0,-0.4,Delaney Connors,https://www.sports-reference.com/cbb/players/delaney-connors-1.html,mount-st-marys,2018-19
12,12,12,2019-01-05,Mount St. Mary's,@,Robert Morris,REG (Conf),L 58-70,,3,0,0,,0,0,,0,0,,,0,0,0,0,0,0,0,0,0,0,0,0.0,Delaney Connors,https://www.sports-reference.com/cbb/players/delaney-connors-1.html,mount-st-marys,2018-19
13,13,13,2019-01-07,Mount St. Mary's,@,Saint Francis (PA),REG (Conf),L 66-68,,19,1,3,.333,1,3,.333,0,0,,.500,0,0,1,3,4,0,1,0,1,1,3,2.5,Delaney Connors,https://www.sports-reference.com/cbb/players/delaney-connors-1.html,mount-st-marys,2018-19
14,14,14,2019-01-12,Mount St. Mary's,,Bryant,REG (Conf),L 68-73,,1,0,1,.000,0,1,.000,0,0,,.000,0,0,0,0,0,0,1,0,0,0,0,0.3,Delaney Connors,https://www.sports-reference.com/cbb/players/delaney-connors-1.html,mount-st-marys,2018-19
15,15,15,2019-01-14,Mount St. Mary's,,Central Connecticut State,REG (Conf),W 84-53,,14,1,4,.250,1,4,.250,0,0,,.375,0,0,1,1,2,2,0,0,3,2,3,-0.8,Delaney Connors,https://www.sports-reference.com/cbb/players/delaney-connors-1.html,mount-st-marys,2018-19
16,16,16,2019-01-19,Mount St. Mary's,@,Wagner,REG (Conf),L 76-92,,16,1,2,.500,1,2,.500,0,0,,.750,0,0,2,0,2,1,0,0,0,3,3,2.9,Delaney Connors,https://www.sports-reference.com/cbb/players/delaney-connors-1.html,mount-st-marys,2018-19
17,17,17,2019-01-21,Mount St. Mary's,@,Fairleigh Dickinson,REG (Conf),W 63-47,,6,0,1,.000,0,1,.000,0,0,,.000,0,0,0,0,0,0,0,0,0,1,0,-1.1,Delaney Connors,https://www.sports-reference.com/cbb/players/delaney-connors-1.html,mount-st-marys,2018-19
18,18,18,2019-01-26,Mount St. Mary's,,LIU Brooklyn,REG (Conf),W 61-45,,9,1,1,1.000,0,0,,1,1,1.000,1.000,0,0,2,0,2,0,1,0,0,0,2,4.1,Delaney Connors,https://www.sports-reference.com/cbb/players/delaney-connors-1.html,mount-st-marys,2018-19
19,19,20,2019-02-02,Mount St. Mary's,,Saint Francis (PA),REG (Conf),L 72-83,,10,1,4,.250,1,4,.250,0,0,,.375,0,0,1,1,2,0,1,0,0,0,3,2.6,Delaney Connors,https://www.sports-reference.com/cbb/players/delaney-connors-1.html,mount-st-marys,2018-19
20,20,21,2019-02-09,Mount St. Mary's,@,Sacred Heart,REG (Conf),L 41-76,,13,0,1,.000,0,1,.000,0,0,,.000,0,0,0,2,2,0,0,1,2,3,0,-2.6,Delaney Connors,https://www.sports-reference.com/cbb/players/delaney-connors-1.html,mount-st-marys,2018-19
21,21,22,2019-02-11,Mount St. Mary's,@,LIU Brooklyn,REG (Conf),L 61-71,,10,0,0,,0,0,,0,0,,,0,0,0,2,2,0,0,0,1,2,0,-1.2,Delaney Connors,https://www.sports-reference.com/cbb/players/delaney-connors-1.html,mount-st-marys,2018-19
22,22,23,2019-02-16,Mount St. Mary's,,Robert Morris,REG (Conf),W 61-55,,8,0,1,.000,0,1,.000,0,0,,.000,0,0,0,0,0,0,0,0,2,1,0,-3.1,Delaney Connors,https://www.sports-reference.com/cbb/players/delaney-connors-1.html,mount-st-marys,2018-19
23,23,24,2019-02-18,Mount St. Mary's,,Wagner,REG (Conf),W 81-66,,3,0,0,,0,0,,0,0,,,0,0,0,0,0,0,0,0,0,0,0,0.0,Delaney Connors,https://www.sports-reference.com/cbb/players/delaney-connors-1.html,mount-st-marys,2018-19
24,24,25,2019-02-23,Mount St. Mary's,@,Bryant,REG (Conf),L 59-77,,7,0,0,,0,0,,0,0,,,0,0,0,1,1,1,0,0,0,3,0,-0.2,Delaney Connors,https://www.sports-reference.com/cbb/players/delaney-connors-1.html,mount-st-marys,2018-19
25,25,26,2019-02-25,Mount St. Mary's,@,Central Connecticut State,REG (Conf),W 61-44,,5,0,1,.000,0,1,.000,0,0,,.000,0,0,0,0,0,1,0,0,0,0,0,0.0,Delaney Connors,https://www.sports-reference.com/cbb/players/delaney-connors-1.html,mount-st-marys,2018-19
26,26,27,2019-03-02,Mount St. Mary's,,Fairleigh Dickinson,REG (Conf),W 62-57,,3,0,0,,0,0,,0,0,,,0,0,0,0,0,0,0,0,0,1,0,-0.4,Delaney Connors,https://www.sports-reference.com/cbb/players/delaney-connors-1.html,mount-st-marys,2018-19
27,27,28,2019-03-04,Mount St. Mary's,@,St. Francis Brooklyn,REG (Conf),L 65-69,,3,0,0,,0,0,,0,0,,,0,0,0,0,0,0,0,0,0,1,0,-0.4,Delaney Connors,https://www.sports-reference.com/cbb/players/delaney-connors-1.html,mount-st-marys,2018-19
28,28,30,2019-03-11,Mount St. Mary's,@,St. Francis Brooklyn,CTOURN,W 80-74,,1,0,0,,0,0,,0,0,,,0,0,1,0,1,0,0,0,0,0,0,0.7,Delaney Connors,https://www.sports-reference.com/cbb/players/delaney-connors-1.html,mount-st-marys,2018-19
