ranker,player_game_num_career,team_game_num_season,date,team_name_abbr,game_location,opp_name_abbr,game_type,game_result,is_starter,mp,fg,fga,fg_pct,fg3,fg3a,fg3_pct,fg2,fg2a,fg2_pct,efg_pct,ft,fta,ft_pct,orb,drb,trb,ast,stl,blk,tov,pf,pts,game_score,player_name,player_sr_link,school,season
1,30,1,2018-11-06,Mount St. Mary's,,Washington Col.,REG (Non-Conf),W 74-50,*,24,4,11,.364,1,3,.333,3,8,.375,.409,1,2,.500,2,5,7,1,1,0,3,3,10,3.9,Jatarrikah Settle,https://www.sports-reference.com/cbb/players/jatarrikah-settle-1.html,mount-st-marys,2018-19
2,31,2,2018-11-09,Mount St. Mary's,@,Michigan,REG (Non-Conf),L 40-88,*,29,1,4,.250,0,1,.000,1,3,.333,.250,3,4,.750,1,2,3,1,2,0,3,2,5,2.4,Jatarrikah Settle,https://www.sports-reference.com/cbb/players/jatarrikah-settle-1.html,mount-st-marys,2018-19
3,32,3,2018-11-12,Mount St. Mary's,@,Duquesne,REG (Non-Conf),L 64-73,*,25,8,10,.800,3,3,1.000,5,7,.714,.950,0,2,.000,0,3,3,3,0,0,4,3,19,12.2,Jatarrikah Settle,https://www.sports-reference.com/cbb/players/jatarrikah-settle-1.html,mount-st-marys,2018-19
4,33,4,2018-11-17,Mount St. Mary's,@,Rider,REG (Non-Conf),L 67-85,*,36,7,14,.500,0,2,.000,7,12,.583,.500,1,2,.500,0,1,1,3,1,0,3,2,15,7.2,Jatarrikah Settle,https://www.sports-reference.com/cbb/players/jatarrikah-settle-1.html,mount-st-marys,2018-19
5,34,5,2018-11-24,Mount St. Mary's,,Towson,REG (Non-Conf),W 87-78,*,38,3,12,.250,1,3,.333,2,9,.222,.292,2,2,1.000,2,1,3,1,1,0,1,2,9,3.4,Jatarrikah Settle,https://www.sports-reference.com/cbb/players/jatarrikah-settle-1.html,mount-st-marys,2018-19
6,35,6,2018-12-01,Mount St. Mary's,@,Loyola (MD),REG (Non-Conf),W 77-67,*,30,4,6,.667,2,3,.667,2,3,.667,.833,2,4,.500,0,3,3,2,2,0,5,5,12,5.9,Jatarrikah Settle,https://www.sports-reference.com/cbb/players/jatarrikah-settle-1.html,mount-st-marys,2018-19
7,36,7,2018-12-03,Mount St. Mary's,@,Gardner-Webb,REG (Non-Conf),W 69-62,*,12,1,2,.500,0,0,,1,2,.500,.500,0,0,,0,1,1,1,0,0,2,2,2,-0.8,Jatarrikah Settle,https://www.sports-reference.com/cbb/players/jatarrikah-settle-1.html,mount-st-marys,2018-19
8,37,8,2018-12-06,Mount St. Mary's,@,UMBC,REG (Non-Conf),W 65-52,*,34,5,11,.455,1,3,.333,4,8,.500,.500,0,0,,5,4,9,6,2,0,4,1,11,11.8,Jatarrikah Settle,https://www.sports-reference.com/cbb/players/jatarrikah-settle-1.html,mount-st-marys,2018-19
9,38,9,2018-12-16,Mount St. Mary's,@,Virginia Tech,REG (Non-Conf),L 51-83,*,38,5,16,.313,0,2,.000,5,14,.357,.313,2,4,.500,1,6,7,0,2,0,3,3,12,2.3,Jatarrikah Settle,https://www.sports-reference.com/cbb/players/jatarrikah-settle-1.html,mount-st-marys,2018-19
10,39,10,2018-12-20,Mount St. Mary's,,Maryland Eastern Shore,REG (Non-Conf),L 73-86,,30,1,6,.167,0,1,.000,1,5,.200,.167,3,4,.750,1,3,4,2,0,0,3,2,5,0.0,Jatarrikah Settle,https://www.sports-reference.com/cbb/players/jatarrikah-settle-1.html,mount-st-marys,2018-19
11,40,11,2019-01-02,Mount St. Mary's,,Radford,REG (Non-Conf),W 89-77,*,38,2,12,.167,0,3,.000,2,9,.222,.167,2,4,.500,5,11,16,3,1,0,4,2,6,2.7,Jatarrikah Settle,https://www.sports-reference.com/cbb/players/jatarrikah-settle-1.html,mount-st-marys,2018-19
12,41,12,2019-01-05,Mount St. Mary's,@,Robert Morris,REG (Conf),L 58-70,*,34,1,11,.091,0,2,.000,1,9,.111,.091,3,4,.750,1,3,4,3,1,0,4,3,5,-3.2,Jatarrikah Settle,https://www.sports-reference.com/cbb/players/jatarrikah-settle-1.html,mount-st-marys,2018-19
13,42,13,2019-01-07,Mount St. Mary's,@,Saint Francis (PA),REG (Conf),L 66-68,*,8,0,4,.000,0,1,.000,0,3,.000,.000,0,0,,1,0,1,0,0,0,0,1,0,-2.5,Jatarrikah Settle,https://www.sports-reference.com/cbb/players/jatarrikah-settle-1.html,mount-st-marys,2018-19
14,43,14,2019-01-12,Mount St. Mary's,,Bryant,REG (Conf),L 68-73,,26,5,10,.500,1,3,.333,4,7,.571,.550,2,5,.400,0,2,2,2,4,0,2,3,13,9.6,Jatarrikah Settle,https://www.sports-reference.com/cbb/players/jatarrikah-settle-1.html,mount-st-marys,2018-19
15,44,15,2019-01-14,Mount St. Mary's,,Central Connecticut State,REG (Conf),W 84-53,,28,2,10,.200,1,2,.500,1,8,.125,.250,0,0,,2,8,10,2,2,0,3,2,5,2.2,Jatarrikah Settle,https://www.sports-reference.com/cbb/players/jatarrikah-settle-1.html,mount-st-marys,2018-19
16,45,16,2019-01-19,Mount St. Mary's,@,Wagner,REG (Conf),L 76-92,,38,4,13,.308,1,4,.250,3,9,.333,.346,6,11,.545,3,7,10,7,3,1,5,4,15,11.7,Jatarrikah Settle,https://www.sports-reference.com/cbb/players/jatarrikah-settle-1.html,mount-st-marys,2018-19
17,46,17,2019-01-21,Mount St. Mary's,@,Fairleigh Dickinson,REG (Conf),W 63-47,,33,1,7,.143,0,1,.000,1,6,.167,.143,2,4,.500,0,4,4,1,2,0,2,1,4,0.2,Jatarrikah Settle,https://www.sports-reference.com/cbb/players/jatarrikah-settle-1.html,mount-st-marys,2018-19
18,47,18,2019-01-26,Mount St. Mary's,,LIU Brooklyn,REG (Conf),W 61-45,,23,1,11,.091,0,2,.000,1,9,.111,.091,3,4,.750,5,7,12,2,1,0,3,2,5,1.5,Jatarrikah Settle,https://www.sports-reference.com/cbb/players/jatarrikah-settle-1.html,mount-st-marys,2018-19
19,48,19,2019-01-28,Mount St. Mary's,,St. Francis Brooklyn,REG (Conf),W 78-75,,32,1,11,.091,0,3,.000,1,8,.125,.091,2,2,1.000,1,3,4,4,3,0,2,4,4,0.5,Jatarrikah Settle,https://www.sports-reference.com/cbb/players/jatarrikah-settle-1.html,mount-st-marys,2018-19
20,49,20,2019-02-02,Mount St. Mary's,,Saint Francis (PA),REG (Conf),L 72-83,,33,2,10,.200,0,1,.000,2,9,.222,.200,4,4,1.000,1,6,7,6,2,0,5,2,8,4.7,Jatarrikah Settle,https://www.sports-reference.com/cbb/players/jatarrikah-settle-1.html,mount-st-marys,2018-19
21,50,21,2019-02-09,Mount St. Mary's,@,Sacred Heart,REG (Conf),L 41-76,*,36,4,11,.364,0,2,.000,4,9,.444,.364,3,4,.750,1,0,1,4,0,0,4,2,11,3.2,Jatarrikah Settle,https://www.sports-reference.com/cbb/players/jatarrikah-settle-1.html,mount-st-marys,2018-19
22,51,22,2019-02-11,Mount St. Mary's,@,LIU Brooklyn,REG (Conf),L 61-71,*,33,1,9,.111,0,1,.000,1,8,.125,.111,3,8,.375,5,3,8,2,0,0,2,3,5,-0.3,Jatarrikah Settle,https://www.sports-reference.com/cbb/players/jatarrikah-settle-1.html,mount-st-marys,2018-19
23,52,23,2019-02-16,Mount St. Mary's,,Robert Morris,REG (Conf),W 61-55,*,38,6,12,.500,1,3,.333,5,9,.556,.542,8,10,.800,2,4,6,6,2,0,6,3,21,15.8,Jatarrikah Settle,https://www.sports-reference.com/cbb/players/jatarrikah-settle-1.html,mount-st-marys,2018-19
24,53,24,2019-02-18,Mount St. Mary's,,Wagner,REG (Conf),W 81-66,*,38,2,6,.333,0,1,.000,2,5,.400,.333,7,8,.875,1,5,6,6,4,0,7,2,11,9.8,Jatarrikah Settle,https://www.sports-reference.com/cbb/players/jatarrikah-settle-1.html,mount-st-marys,2018-19
25,54,25,2019-02-23,Mount St. Mary's,@,Bryant,REG (Conf),L 59-77,*,33,3,13,.231,1,3,.333,2,10,.200,.269,0,0,,4,6,10,2,1,0,6,5,7,-1.9,Jatarrikah Settle,https://www.sports-reference.com/cbb/players/jatarrikah-settle-1.html,mount-st-marys,2018-19
26,55,26,2019-02-25,Mount St. Mary's,@,Central Connecticut State,REG (Conf),W 61-44,*,36,4,14,.286,1,3,.333,3,11,.273,.321,4,6,.667,3,8,11,1,1,0,1,4,13,7.6,Jatarrikah Settle,https://www.sports-reference.com/cbb/players/jatarrikah-settle-1.html,mount-st-marys,2018-19
27,56,27,2019-03-02,Mount St. Mary's,,Fairleigh Dickinson,REG (Conf),W 62-57,*,38,5,12,.417,2,3,.667,3,9,.333,.500,2,2,1.000,3,5,8,2,3,0,3,1,14,12.2,Jatarrikah Settle,https://www.sports-reference.com/cbb/players/jatarrikah-settle-1.html,mount-st-marys,2018-19
28,57,28,2019-03-04,Mount St. Mary's,@,St. Francis Brooklyn,REG (Conf),L 65-69,*,32,2,10,.200,1,3,.333,1,7,.143,.250,4,6,.667,2,4,6,3,3,0,2,5,9,5.7,Jatarrikah Settle,https://www.sports-reference.com/cbb/players/jatarrikah-settle-1.html,mount-st-marys,2018-19
29,58,29,2019-03-07,Mount St. Mary's,,Sacred Heart,REG (Conf),L 46-53,*,36,3,11,.273,1,4,.250,2,7,.286,.318,0,0,,0,11,11,3,2,0,6,3,7,0.7,Jatarrikah Settle,https://www.sports-reference.com/cbb/players/jatarrikah-settle-1.html,mount-st-marys,2018-19
30,59,30,2019-03-11,Mount St. Mary's,@,St. Francis Brooklyn,CTOURN,W 80-74,*,35,6,14,.429,1,4,.250,5,10,.500,.464,0,2,.000,2,9,11,4,4,0,3,3,13,11.5,Jatarrikah Settle,https://www.sports-reference.com/cbb/players/jatarrikah-settle-1.html,mount-st-marys,2018-19
31,60,31,2019-03-14,Mount St. Mary's,@,Robert Morris,CTOURN,L 65-69,*,37,1,7,.143,0,1,.000,1,6,.167,.143,2,4,.500,0,2,2,3,4,0,2,4,4,1.8,Jatarrikah Settle,https://www.sports-reference.com/cbb/players/jatarrikah-settle-1.html,mount-st-marys,2018-19
