ranker,player_game_num_career,team_game_num_season,date,team_name_abbr,game_location,opp_name_abbr,game_type,game_result,is_starter,mp,fg,fga,fg_pct,fg3,fg3a,fg2,fg2a,fg2_pct,efg_pct,ft,fta,orb,drb,trb,ast,stl,blk,tov,pf,pts,game_score,player_name,player_sr_link,school,season
1,10,1,2018-11-06,Mount St. Mary's,,Washington Col.,REG (Non-Conf),W 74-50,,6,1,2,.500,0,0,1,2,.500,.500,0,0,1,1,2,1,1,0,1,1,2,2.3,Katrina Scheuvront,https://www.sports-reference.com/cbb/players/katrina-scheuvront-1.html,mount-st-marys,2018-19
2,11,2,2018-11-09,Mount St. Mary's,@,Michigan,REG (Non-Conf),L 40-88,,2,0,0,,0,0,0,0,,,0,0,0,0,0,0,0,1,0,0,0,0.7,Katrina Scheuvront,https://www.sports-reference.com/cbb/players/katrina-scheuvront-1.html,mount-st-marys,2018-19
3,12,3,2018-11-12,Mount St. Mary's,@,Duquesne,REG (Non-Conf),L 64-73,,1,0,0,,0,0,0,0,,,0,0,0,1,1,0,0,0,0,0,0,0.3,Katrina Scheuvront,https://www.sports-reference.com/cbb/players/katrina-scheuvront-1.html,mount-st-marys,2018-19
4,13,4,2018-11-17,Mount St. Mary's,@,Rider,REG (Non-Conf),L 67-85,,4,0,1,.000,0,0,0,1,.000,.000,0,0,0,1,1,0,0,0,0,0,0,-0.4,Katrina Scheuvront,https://www.sports-reference.com/cbb/players/katrina-scheuvront-1.html,mount-st-marys,2018-19
5,14,8,2018-12-06,Mount St. Mary's,@,UMBC,REG (Non-Conf),W 65-52,,2,0,0,,0,0,0,0,,,0,0,0,0,0,0,0,0,0,1,0,-0.4,Katrina Scheuvront,https://www.sports-reference.com/cbb/players/katrina-scheuvront-1.html,mount-st-marys,2018-19
6,15,9,2018-12-16,Mount St. Mary's,@,Virginia Tech,REG (Non-Conf),L 51-83,,3,0,0,,0,0,0,0,,,0,0,0,1,1,0,0,0,0,0,0,0.3,Katrina Scheuvront,https://www.sports-reference.com/cbb/players/katrina-scheuvront-1.html,mount-st-marys,2018-19
