ranker,player_game_num_career,team_game_num_season,date,team_name_abbr,game_location,opp_name_abbr,game_type,game_result,is_starter,mp,fg,fga,fg_pct,fg3,fg3a,fg3_pct,fg2,fg2a,fg2_pct,efg_pct,ft,fta,ft_pct,orb,drb,trb,ast,stl,blk,tov,pf,pts,game_score,player_name,player_sr_link,school,season
1,1,1,2018-11-06,Mount St. Mary's,,Washington Col.,REG (Non-Conf),W 74-50,*,24,3,12,.250,1,6,.167,2,6,.333,.292,0,0,,1,4,5,2,4,1,2,2,7,5.0,Michaela Harrison,https://www.sports-reference.com/cbb/players/michaela-harrison-1.html,mount-st-marys,2018-19
2,2,2,2018-11-09,Mount St. Mary's,@,Michigan,REG (Non-Conf),L 40-88,,24,2,5,.400,1,3,.333,1,2,.500,.500,2,2,1.000,0,3,3,0,2,1,3,1,7,4.5,Michaela Harrison,https://www.sports-reference.com/cbb/players/michaela-harrison-1.html,mount-st-marys,2018-19
3,3,3,2018-11-12,Mount St. Mary's,@,Duquesne,REG (Non-Conf),L 64-73,,30,6,13,.462,4,10,.400,2,3,.667,.615,1,1,1.000,1,1,2,2,1,0,4,2,17,8.9,Michaela Harrison,https://www.sports-reference.com/cbb/players/michaela-harrison-1.html,mount-st-marys,2018-19
4,4,4,2018-11-17,Mount St. Mary's,@,Rider,REG (Non-Conf),L 67-85,*,20,3,7,.429,3,6,.500,0,1,.000,.643,0,0,,1,2,3,5,0,1,3,4,9,6.2,Michaela Harrison,https://www.sports-reference.com/cbb/players/michaela-harrison-1.html,mount-st-marys,2018-19
5,5,5,2018-11-24,Mount St. Mary's,,Towson,REG (Non-Conf),W 87-78,*,39,10,19,.526,7,11,.636,3,8,.375,.711,3,4,.750,2,4,6,6,2,0,2,2,30,26.3,Michaela Harrison,https://www.sports-reference.com/cbb/players/michaela-harrison-1.html,mount-st-marys,2018-19
6,6,6,2018-12-01,Mount St. Mary's,@,Loyola (MD),REG (Non-Conf),W 77-67,*,30,2,8,.250,1,6,.167,1,2,.500,.313,0,0,,0,1,1,3,2,0,5,5,5,-2.4,Michaela Harrison,https://www.sports-reference.com/cbb/players/michaela-harrison-1.html,mount-st-marys,2018-19
7,7,7,2018-12-03,Mount St. Mary's,@,Gardner-Webb,REG (Non-Conf),W 69-62,*,37,3,11,.273,1,6,.167,2,5,.400,.318,9,11,.818,1,5,6,3,2,0,3,1,16,11.6,Michaela Harrison,https://www.sports-reference.com/cbb/players/michaela-harrison-1.html,mount-st-marys,2018-19
8,8,8,2018-12-06,Mount St. Mary's,@,UMBC,REG (Non-Conf),W 65-52,*,25,2,9,.222,2,9,.222,0,0,,.333,0,0,,0,4,4,0,1,0,0,0,6,2.7,Michaela Harrison,https://www.sports-reference.com/cbb/players/michaela-harrison-1.html,mount-st-marys,2018-19
9,9,9,2018-12-16,Mount St. Mary's,@,Virginia Tech,REG (Non-Conf),L 51-83,*,18,0,3,.000,0,3,.000,0,0,,.000,0,0,,0,0,0,0,1,0,0,1,0,-1.5,Michaela Harrison,https://www.sports-reference.com/cbb/players/michaela-harrison-1.html,mount-st-marys,2018-19
10,10,10,2018-12-20,Mount St. Mary's,,Maryland Eastern Shore,REG (Non-Conf),L 73-86,*,25,3,9,.333,3,9,.333,0,0,,.500,0,0,,0,3,3,4,2,0,1,4,9,7.0,Michaela Harrison,https://www.sports-reference.com/cbb/players/michaela-harrison-1.html,mount-st-marys,2018-19
11,11,11,2019-01-02,Mount St. Mary's,,Radford,REG (Non-Conf),W 89-77,,28,3,7,.429,2,4,.500,1,3,.333,.571,1,2,.500,0,1,1,4,0,0,1,0,9,7.0,Michaela Harrison,https://www.sports-reference.com/cbb/players/michaela-harrison-1.html,mount-st-marys,2018-19
12,12,12,2019-01-05,Mount St. Mary's,@,Robert Morris,REG (Conf),L 58-70,,31,3,11,.273,0,4,.000,3,7,.429,.273,3,3,1.000,0,2,2,1,1,0,1,4,9,2.2,Michaela Harrison,https://www.sports-reference.com/cbb/players/michaela-harrison-1.html,mount-st-marys,2018-19
13,13,13,2019-01-07,Mount St. Mary's,@,Saint Francis (PA),REG (Conf),L 66-68,,29,4,11,.364,3,8,.375,1,3,.333,.500,0,0,,0,1,1,3,1,0,2,3,11,5.1,Michaela Harrison,https://www.sports-reference.com/cbb/players/michaela-harrison-1.html,mount-st-marys,2018-19
14,14,14,2019-01-12,Mount St. Mary's,,Bryant,REG (Conf),L 68-73,,29,5,12,.417,3,8,.375,2,4,.500,.542,2,2,1.000,1,1,2,2,2,1,1,1,15,12.3,Michaela Harrison,https://www.sports-reference.com/cbb/players/michaela-harrison-1.html,mount-st-marys,2018-19
15,15,15,2019-01-14,Mount St. Mary's,,Central Connecticut State,REG (Conf),W 84-53,,26,5,12,.417,2,7,.286,3,5,.600,.500,2,2,1.000,0,3,3,2,2,0,2,3,14,8.7,Michaela Harrison,https://www.sports-reference.com/cbb/players/michaela-harrison-1.html,mount-st-marys,2018-19
16,16,16,2019-01-19,Mount St. Mary's,@,Wagner,REG (Conf),L 76-92,*,36,6,17,.353,4,13,.308,2,4,.500,.471,0,0,,0,1,1,2,0,0,3,3,16,4.0,Michaela Harrison,https://www.sports-reference.com/cbb/players/michaela-harrison-1.html,mount-st-marys,2018-19
17,17,17,2019-01-21,Mount St. Mary's,@,Fairleigh Dickinson,REG (Conf),W 63-47,*,27,3,7,.429,1,3,.333,2,4,.500,.500,5,6,.833,2,3,5,1,2,0,2,3,12,9.7,Michaela Harrison,https://www.sports-reference.com/cbb/players/michaela-harrison-1.html,mount-st-marys,2018-19
18,18,18,2019-01-26,Mount St. Mary's,,LIU Brooklyn,REG (Conf),W 61-45,*,35,6,14,.429,4,10,.400,2,4,.500,.571,1,1,1.000,2,0,2,3,2,0,2,0,17,13.1,Michaela Harrison,https://www.sports-reference.com/cbb/players/michaela-harrison-1.html,mount-st-marys,2018-19
19,19,19,2019-01-28,Mount St. Mary's,,St. Francis Brooklyn,REG (Conf),W 78-75,*,36,6,14,.429,3,10,.300,3,4,.750,.536,0,0,,1,1,2,2,0,0,2,1,15,7.6,Michaela Harrison,https://www.sports-reference.com/cbb/players/michaela-harrison-1.html,mount-st-marys,2018-19
20,20,20,2019-02-02,Mount St. Mary's,,Saint Francis (PA),REG (Conf),L 72-83,*,31,8,20,.400,8,16,.500,0,4,.000,.600,0,0,,3,3,6,3,0,0,3,3,24,14.1,Michaela Harrison,https://www.sports-reference.com/cbb/players/michaela-harrison-1.html,mount-st-marys,2018-19
21,21,21,2019-02-09,Mount St. Mary's,@,Sacred Heart,REG (Conf),L 41-76,*,34,5,12,.417,4,8,.500,1,4,.250,.583,0,0,,2,0,2,1,1,0,2,2,14,7.9,Michaela Harrison,https://www.sports-reference.com/cbb/players/michaela-harrison-1.html,mount-st-marys,2018-19
22,22,22,2019-02-11,Mount St. Mary's,@,LIU Brooklyn,REG (Conf),L 61-71,*,38,11,25,.440,4,12,.333,7,13,.538,.520,5,6,.833,3,7,10,2,3,1,5,1,31,21.4,Michaela Harrison,https://www.sports-reference.com/cbb/players/michaela-harrison-1.html,mount-st-marys,2018-19
23,23,23,2019-02-16,Mount St. Mary's,,Robert Morris,REG (Conf),W 61-55,*,40,3,11,.273,3,7,.429,0,4,.000,.409,4,4,1.000,3,3,6,3,0,1,4,1,13,7.9,Michaela Harrison,https://www.sports-reference.com/cbb/players/michaela-harrison-1.html,mount-st-marys,2018-19
24,24,24,2019-02-18,Mount St. Mary's,,Wagner,REG (Conf),W 81-66,*,21,3,9,.333,3,7,.429,0,2,.000,.500,1,2,.500,0,2,2,3,1,0,2,4,10,4.6,Michaela Harrison,https://www.sports-reference.com/cbb/players/michaela-harrison-1.html,mount-st-marys,2018-19
25,25,25,2019-02-23,Mount St. Mary's,@,Bryant,REG (Conf),L 59-77,*,40,9,21,.429,4,12,.333,5,9,.556,.524,0,1,.000,2,3,5,3,2,0,4,0,22,12.9,Michaela Harrison,https://www.sports-reference.com/cbb/players/michaela-harrison-1.html,mount-st-marys,2018-19
26,26,26,2019-02-25,Mount St. Mary's,@,Central Connecticut State,REG (Conf),W 61-44,*,34,4,9,.444,3,6,.500,1,3,.333,.611,4,5,.800,0,7,7,2,3,0,2,0,15,14.4,Michaela Harrison,https://www.sports-reference.com/cbb/players/michaela-harrison-1.html,mount-st-marys,2018-19
27,27,27,2019-03-02,Mount St. Mary's,,Fairleigh Dickinson,REG (Conf),W 62-57,*,36,2,11,.182,1,8,.125,1,3,.333,.227,2,2,1.000,0,4,4,4,1,0,3,1,7,1.7,Michaela Harrison,https://www.sports-reference.com/cbb/players/michaela-harrison-1.html,mount-st-marys,2018-19
28,28,28,2019-03-04,Mount St. Mary's,@,St. Francis Brooklyn,REG (Conf),L 65-69,*,34,4,13,.308,2,8,.250,2,5,.400,.385,0,0,,1,2,3,1,1,0,1,3,10,3.3,Michaela Harrison,https://www.sports-reference.com/cbb/players/michaela-harrison-1.html,mount-st-marys,2018-19
29,29,29,2019-03-07,Mount St. Mary's,,Sacred Heart,REG (Conf),L 46-53,*,38,2,16,.125,1,12,.083,1,4,.250,.156,0,0,,2,1,3,1,1,0,3,3,5,-6.2,Michaela Harrison,https://www.sports-reference.com/cbb/players/michaela-harrison-1.html,mount-st-marys,2018-19
30,30,30,2019-03-11,Mount St. Mary's,@,St. Francis Brooklyn,CTOURN,W 80-74,*,36,5,10,.500,3,5,.600,2,5,.400,.650,10,10,1.000,1,2,3,3,4,1,4,3,23,20.9,Michaela Harrison,https://www.sports-reference.com/cbb/players/michaela-harrison-1.html,mount-st-marys,2018-19
31,31,31,2019-03-14,Mount St. Mary's,@,Robert Morris,CTOURN,L 65-69,*,37,4,13,.308,3,10,.300,1,3,.333,.423,3,4,.750,1,6,7,2,1,0,2,4,14,7.4,Michaela Harrison,https://www.sports-reference.com/cbb/players/michaela-harrison-1.html,mount-st-marys,2018-19
