ranker,player_game_num_career,team_game_num_season,date,team_name_abbr,game_location,opp_name_abbr,game_type,game_result,is_starter,mp,fg,fga,fg_pct,fg3,fg3a,fg2,fg2a,fg2_pct,efg_pct,ft,fta,ft_pct,orb,drb,trb,ast,stl,blk,tov,pf,pts,game_score,player_name,player_sr_link,school,season
1,28,1,2018-11-06,Mount St. Mary's,,Washington Col.,REG (Non-Conf),W 74-50,,13,3,7,.429,0,0,3,7,.429,.429,1,4,.250,5,4,9,0,0,1,5,3,7,1.3,Rebecca Lee,https://www.sports-reference.com/cbb/players/rebecca-lee-1.html,mount-st-marys,2018-19
2,29,2,2018-11-09,Mount St. Mary's,@,Michigan,REG (Non-Conf),L 40-88,,19,2,5,.400,0,0,2,5,.400,.400,0,0,,3,2,5,0,2,2,2,2,4,4.6,Rebecca Lee,https://www.sports-reference.com/cbb/players/rebecca-lee-1.html,mount-st-marys,2018-19
3,30,3,2018-11-12,Mount St. Mary's,@,Duquesne,REG (Non-Conf),L 64-73,*,26,1,2,.500,0,0,1,2,.500,.500,1,2,.500,1,9,10,0,0,1,3,4,3,1.1,Rebecca Lee,https://www.sports-reference.com/cbb/players/rebecca-lee-1.html,mount-st-marys,2018-19
4,31,4,2018-11-17,Mount St. Mary's,@,Rider,REG (Non-Conf),L 67-85,,16,1,2,.500,0,0,1,2,.500,.500,1,2,.500,3,4,7,0,0,0,0,3,3,3.7,Rebecca Lee,https://www.sports-reference.com/cbb/players/rebecca-lee-1.html,mount-st-marys,2018-19
5,32,5,2018-11-24,Mount St. Mary's,,Towson,REG (Non-Conf),W 87-78,*,22,3,4,.750,0,0,3,4,.750,.750,0,1,.000,5,5,10,1,2,5,2,3,6,12.0,Rebecca Lee,https://www.sports-reference.com/cbb/players/rebecca-lee-1.html,mount-st-marys,2018-19
6,33,6,2018-12-01,Mount St. Mary's,@,Loyola (MD),REG (Non-Conf),W 77-67,*,31,3,3,1.000,0,0,3,3,1.000,1.000,3,4,.750,1,7,8,2,0,1,2,4,9,9.0,Rebecca Lee,https://www.sports-reference.com/cbb/players/rebecca-lee-1.html,mount-st-marys,2018-19
7,34,7,2018-12-03,Mount St. Mary's,@,Gardner-Webb,REG (Non-Conf),W 69-62,*,26,5,11,.455,0,0,5,11,.455,.455,0,0,,9,7,16,0,0,1,6,3,10,6.2,Rebecca Lee,https://www.sports-reference.com/cbb/players/rebecca-lee-1.html,mount-st-marys,2018-19
8,35,8,2018-12-06,Mount St. Mary's,@,UMBC,REG (Non-Conf),W 65-52,*,24,7,12,.583,0,0,7,12,.583,.583,0,0,,2,5,7,0,1,1,2,2,14,10.2,Rebecca Lee,https://www.sports-reference.com/cbb/players/rebecca-lee-1.html,mount-st-marys,2018-19
9,36,9,2018-12-16,Mount St. Mary's,@,Virginia Tech,REG (Non-Conf),L 51-83,*,22,1,2,.500,0,0,1,2,.500,.500,0,2,.000,2,3,5,0,0,3,2,4,2,1.0,Rebecca Lee,https://www.sports-reference.com/cbb/players/rebecca-lee-1.html,mount-st-marys,2018-19
10,37,10,2018-12-20,Mount St. Mary's,,Maryland Eastern Shore,REG (Non-Conf),L 73-86,*,21,2,2,1.000,0,0,2,2,1.000,1.000,0,2,.000,1,4,5,1,0,0,0,2,4,4.4,Rebecca Lee,https://www.sports-reference.com/cbb/players/rebecca-lee-1.html,mount-st-marys,2018-19
11,38,11,2019-01-02,Mount St. Mary's,,Radford,REG (Non-Conf),W 89-77,*,20,5,9,.556,0,0,5,9,.556,.556,0,1,.000,5,2,7,2,0,0,0,4,10,9.2,Rebecca Lee,https://www.sports-reference.com/cbb/players/rebecca-lee-1.html,mount-st-marys,2018-19
12,39,12,2019-01-05,Mount St. Mary's,@,Robert Morris,REG (Conf),L 58-70,*,19,2,6,.333,0,0,2,6,.333,.333,2,2,1.000,5,6,11,0,0,2,1,2,6,7.5,Rebecca Lee,https://www.sports-reference.com/cbb/players/rebecca-lee-1.html,mount-st-marys,2018-19
13,40,13,2019-01-07,Mount St. Mary's,@,Saint Francis (PA),REG (Conf),L 66-68,*,25,6,10,.600,0,0,6,10,.600,.600,4,6,.667,7,3,10,1,0,2,2,2,16,15.7,Rebecca Lee,https://www.sports-reference.com/cbb/players/rebecca-lee-1.html,mount-st-marys,2018-19
14,41,14,2019-01-12,Mount St. Mary's,,Bryant,REG (Conf),L 68-73,*,18,3,9,.333,0,0,3,9,.333,.333,4,6,.667,6,3,9,0,0,1,4,3,10,4.7,Rebecca Lee,https://www.sports-reference.com/cbb/players/rebecca-lee-1.html,mount-st-marys,2018-19
15,42,15,2019-01-14,Mount St. Mary's,,Central Connecticut State,REG (Conf),W 84-53,*,21,4,7,.571,0,0,4,7,.571,.571,0,2,.000,4,8,12,1,0,1,2,3,8,7.3,Rebecca Lee,https://www.sports-reference.com/cbb/players/rebecca-lee-1.html,mount-st-marys,2018-19
16,43,16,2019-01-19,Mount St. Mary's,@,Wagner,REG (Conf),L 76-92,*,24,5,9,.556,0,0,5,9,.556,.556,3,4,.750,3,2,5,0,0,2,1,2,13,10.6,Rebecca Lee,https://www.sports-reference.com/cbb/players/rebecca-lee-1.html,mount-st-marys,2018-19
17,44,17,2019-01-21,Mount St. Mary's,@,Fairleigh Dickinson,REG (Conf),W 63-47,*,19,1,3,.333,0,0,1,3,.333,.333,4,6,.667,3,7,10,0,1,1,1,2,6,7.6,Rebecca Lee,https://www.sports-reference.com/cbb/players/rebecca-lee-1.html,mount-st-marys,2018-19
18,45,18,2019-01-26,Mount St. Mary's,,LIU Brooklyn,REG (Conf),W 61-45,*,15,0,2,.000,0,0,0,2,.000,.000,0,0,,1,4,5,1,0,0,2,2,0,-1.6,Rebecca Lee,https://www.sports-reference.com/cbb/players/rebecca-lee-1.html,mount-st-marys,2018-19
19,46,19,2019-01-28,Mount St. Mary's,,St. Francis Brooklyn,REG (Conf),W 78-75,*,27,5,7,.714,0,0,5,7,.714,.714,0,0,,2,4,6,0,0,2,0,2,10,10.3,Rebecca Lee,https://www.sports-reference.com/cbb/players/rebecca-lee-1.html,mount-st-marys,2018-19
20,47,20,2019-02-02,Mount St. Mary's,,Saint Francis (PA),REG (Conf),L 72-83,*,31,5,7,.714,0,0,5,7,.714,.714,6,12,.500,6,4,10,0,0,1,2,4,16,13.2,Rebecca Lee,https://www.sports-reference.com/cbb/players/rebecca-lee-1.html,mount-st-marys,2018-19
21,48,21,2019-02-09,Mount St. Mary's,@,Sacred Heart,REG (Conf),L 41-76,*,26,4,14,.286,0,0,4,14,.286,.286,0,0,,2,4,6,0,0,0,2,4,8,-1.2,Rebecca Lee,https://www.sports-reference.com/cbb/players/rebecca-lee-1.html,mount-st-marys,2018-19
22,49,22,2019-02-11,Mount St. Mary's,@,LIU Brooklyn,REG (Conf),L 61-71,*,25,7,13,.538,0,0,7,13,.538,.538,1,1,1.000,2,3,5,1,1,0,0,4,15,11.1,Rebecca Lee,https://www.sports-reference.com/cbb/players/rebecca-lee-1.html,mount-st-marys,2018-19
23,50,23,2019-02-16,Mount St. Mary's,,Robert Morris,REG (Conf),W 61-55,*,24,1,1,1.000,0,0,1,1,1.000,1.000,3,6,.500,1,2,3,1,0,0,0,1,5,5.1,Rebecca Lee,https://www.sports-reference.com/cbb/players/rebecca-lee-1.html,mount-st-marys,2018-19
24,51,24,2019-02-18,Mount St. Mary's,,Wagner,REG (Conf),W 81-66,*,23,9,11,.818,0,0,9,11,.818,.818,4,7,.571,3,4,7,0,1,1,1,4,22,19.1,Rebecca Lee,https://www.sports-reference.com/cbb/players/rebecca-lee-1.html,mount-st-marys,2018-19
25,52,25,2019-02-23,Mount St. Mary's,@,Bryant,REG (Conf),L 59-77,*,17,2,5,.400,0,0,2,5,.400,.400,0,0,,3,0,3,0,2,0,2,1,4,3.0,Rebecca Lee,https://www.sports-reference.com/cbb/players/rebecca-lee-1.html,mount-st-marys,2018-19
26,53,26,2019-02-25,Mount St. Mary's,@,Central Connecticut State,REG (Conf),W 61-44,*,16,1,6,.167,0,0,1,6,.167,.167,2,2,1.000,4,2,6,0,0,0,3,3,4,-0.6,Rebecca Lee,https://www.sports-reference.com/cbb/players/rebecca-lee-1.html,mount-st-marys,2018-19
27,54,27,2019-03-02,Mount St. Mary's,,Fairleigh Dickinson,REG (Conf),W 62-57,*,22,4,8,.500,0,0,4,8,.500,.500,1,3,.333,4,3,7,0,0,1,2,0,9,6.6,Rebecca Lee,https://www.sports-reference.com/cbb/players/rebecca-lee-1.html,mount-st-marys,2018-19
28,55,28,2019-03-04,Mount St. Mary's,@,St. Francis Brooklyn,REG (Conf),L 65-69,*,19,3,9,.333,0,0,3,9,.333,.333,0,0,,3,2,5,1,1,0,1,2,6,3.5,Rebecca Lee,https://www.sports-reference.com/cbb/players/rebecca-lee-1.html,mount-st-marys,2018-19
29,56,29,2019-03-07,Mount St. Mary's,,Sacred Heart,REG (Conf),L 46-53,*,13,1,3,.333,0,0,1,3,.333,.333,1,1,1.000,1,6,7,1,2,0,4,3,3,1.3,Rebecca Lee,https://www.sports-reference.com/cbb/players/rebecca-lee-1.html,mount-st-marys,2018-19
30,57,30,2019-03-11,Mount St. Mary's,@,St. Francis Brooklyn,CTOURN,W 80-74,*,17,2,6,.333,0,0,2,6,.333,.333,2,2,1.000,1,1,2,0,0,2,3,5,6,0.0,Rebecca Lee,https://www.sports-reference.com/cbb/players/rebecca-lee-1.html,mount-st-marys,2018-19
31,58,31,2019-03-14,Mount St. Mary's,@,Robert Morris,CTOURN,L 65-69,*,20,6,9,.667,0,0,6,9,.667,.667,1,2,.500,4,4,8,0,1,0,1,2,13,11.9,Rebecca Lee,https://www.sports-reference.com/cbb/players/rebecca-lee-1.html,mount-st-marys,2018-19
