ranker,player_game_num_career,team_game_num_season,date,team_name_abbr,game_location,opp_name_abbr,game_type,game_result,is_starter,mp,fg,fga,fg_pct,fg3,fg3a,fg2,fg2a,fg2_pct,efg_pct,ft,fta,ft_pct,orb,drb,trb,ast,stl,blk,tov,pf,pts,game_score,player_name,player_sr_link,school,season
1,1,1,2018-11-09,Stephen F. Austin,@,Miami (FL),REG (Non-Conf),L 60-81,,13,1,3,.333,0,0,1,3,.333,.333,0,0,,1,1,2,0,0,0,2,0,2,-0.7,Aiyana Johnson,https://www.sports-reference.com/cbb/players/aiyana-johnson-1.html,stephen-f-austin,2018-19
2,2,2,2018-11-16,Stephen F. Austin,,Morgan State,REG (Non-Conf),W 69-42,,11,1,1,1.000,0,0,1,1,1.000,1.000,2,4,.500,1,3,4,0,0,0,1,2,4,2.7,Aiyana Johnson,https://www.sports-reference.com/cbb/players/aiyana-johnson-1.html,stephen-f-austin,2018-19
3,3,3,2018-11-17,Stephen F. Austin,,Yale,REG (Non-Conf),W 67-57,,4,1,1,1.000,0,0,1,1,1.000,1.000,2,3,.667,0,0,0,0,0,0,1,2,4,1.5,Aiyana Johnson,https://www.sports-reference.com/cbb/players/aiyana-johnson-1.html,stephen-f-austin,2018-19
4,4,4,2018-11-20,Stephen F. Austin,,Our Lady,REG (Non-Conf),W 93-77,,10,0,2,.000,0,0,0,2,.000,.000,0,2,.000,1,1,2,0,2,0,1,0,0,-0.2,Aiyana Johnson,https://www.sports-reference.com/cbb/players/aiyana-johnson-1.html,stephen-f-austin,2018-19
5,5,5,2018-11-24,Stephen F. Austin,,Tulsa,REG (Non-Conf),W 76-34,,11,2,4,.500,0,0,2,4,.500,.500,0,1,.000,2,5,7,0,0,1,1,1,4,3.8,Aiyana Johnson,https://www.sports-reference.com/cbb/players/aiyana-johnson-1.html,stephen-f-austin,2018-19
6,6,6,2018-11-28,Stephen F. Austin,@,Texas Tech,REG (Non-Conf),L 69-77,,12,1,2,.500,0,0,1,2,.500,.500,0,0,,0,0,0,0,1,1,2,3,2,-0.5,Aiyana Johnson,https://www.sports-reference.com/cbb/players/aiyana-johnson-1.html,stephen-f-austin,2018-19
7,7,7,2018-12-01,Stephen F. Austin,,Wiley,REG (Non-Conf),W 97-38,,15,0,3,.000,0,0,0,3,.000,.000,3,6,.500,3,2,5,2,1,0,1,0,3,3.8,Aiyana Johnson,https://www.sports-reference.com/cbb/players/aiyana-johnson-1.html,stephen-f-austin,2018-19
8,8,10,2018-12-19,Stephen F. Austin,,Hampton,REG (Non-Conf),W 70-68,,23,4,6,.667,0,0,4,6,.667,.667,1,2,.500,1,6,7,2,2,2,3,3,9,9.1,Aiyana Johnson,https://www.sports-reference.com/cbb/players/aiyana-johnson-1.html,stephen-f-austin,2018-19
9,9,11,2018-12-20,Stephen F. Austin,@,New Mexico,REG (Non-Conf),L 33-74,,14,0,2,.000,0,0,0,2,.000,.000,1,2,.500,1,1,2,0,1,1,3,3,1,-2.3,Aiyana Johnson,https://www.sports-reference.com/cbb/players/aiyana-johnson-1.html,stephen-f-austin,2018-19
10,10,12,2018-12-29,Stephen F. Austin,,Cameron,REG (Non-Conf),W 86-59,,17,0,4,.000,0,0,0,4,.000,.000,4,8,.500,3,2,5,0,0,2,2,1,4,1.3,Aiyana Johnson,https://www.sports-reference.com/cbb/players/aiyana-johnson-1.html,stephen-f-austin,2018-19
11,11,13,2019-01-02,Stephen F. Austin,@,Southeastern Louisiana,REG (Conf),W 62-51,,7,1,1,1.000,0,0,1,1,1.000,1.000,0,0,,0,0,0,2,0,0,2,1,2,0.7,Aiyana Johnson,https://www.sports-reference.com/cbb/players/aiyana-johnson-1.html,stephen-f-austin,2018-19
12,12,14,2019-01-09,Stephen F. Austin,,Nicholls State,REG (Conf),W 70-62,,2,1,1,1.000,0,0,1,1,1.000,1.000,0,1,.000,0,0,0,0,0,0,1,2,2,-0.5,Aiyana Johnson,https://www.sports-reference.com/cbb/players/aiyana-johnson-1.html,stephen-f-austin,2018-19
13,13,15,2019-01-12,Stephen F. Austin,,Northwestern State,REG (Conf),W 84-56,,3,0,0,,0,0,0,0,,,0,0,,0,1,1,2,1,1,1,2,0,1.6,Aiyana Johnson,https://www.sports-reference.com/cbb/players/aiyana-johnson-1.html,stephen-f-austin,2018-19
14,14,16,2019-01-16,Stephen F. Austin,,New Orleans,REG (Conf),W 97-38,,16,7,8,.875,0,0,7,8,.875,.875,1,1,1.000,1,3,4,2,0,2,0,1,15,16.2,Aiyana Johnson,https://www.sports-reference.com/cbb/players/aiyana-johnson-1.html,stephen-f-austin,2018-19
15,15,17,2019-01-19,Stephen F. Austin,@,Incarnate Word,REG (Conf),W 66-56,,14,8,9,.889,0,0,8,9,.889,.889,1,4,.250,3,5,8,0,1,0,0,1,17,16.9,Aiyana Johnson,https://www.sports-reference.com/cbb/players/aiyana-johnson-1.html,stephen-f-austin,2018-19
16,16,18,2019-01-23,Stephen F. Austin,@,Abilene Christian,REG (Conf),W 71-55,,25,4,9,.444,0,0,4,9,.444,.444,3,4,.750,3,5,8,0,0,0,0,2,11,8.7,Aiyana Johnson,https://www.sports-reference.com/cbb/players/aiyana-johnson-1.html,stephen-f-austin,2018-19
17,17,19,2019-01-30,Stephen F. Austin,@,Central Arkansas,REG (Conf),W 59-53,,21,7,11,.636,0,0,7,11,.636,.636,3,4,.750,1,3,4,0,0,0,3,4,17,8.7,Aiyana Johnson,https://www.sports-reference.com/cbb/players/aiyana-johnson-1.html,stephen-f-austin,2018-19
18,18,20,2019-02-02,Stephen F. Austin,@,Sam Houston State,REG (Conf),W 78-68,,27,6,10,.600,0,0,6,10,.600,.600,2,3,.667,1,6,7,1,0,0,5,3,14,6.0,Aiyana Johnson,https://www.sports-reference.com/cbb/players/aiyana-johnson-1.html,stephen-f-austin,2018-19
19,19,21,2019-02-06,Stephen F. Austin,,Houston Baptist,REG (Conf),W 65-53,,25,1,5,.200,0,0,1,5,.200,.200,3,6,.500,2,4,6,1,1,0,1,0,5,4.0,Aiyana Johnson,https://www.sports-reference.com/cbb/players/aiyana-johnson-1.html,stephen-f-austin,2018-19
20,20,22,2019-02-09,Stephen F. Austin,,Lamar,REG (Conf),W 70-58,,12,0,0,,0,0,0,0,,,1,4,.250,1,3,4,2,2,0,1,1,1,3.4,Aiyana Johnson,https://www.sports-reference.com/cbb/players/aiyana-johnson-1.html,stephen-f-austin,2018-19
21,21,23,2019-02-13,Stephen F. Austin,@,McNeese State,REG (Conf),W 97-48,,16,6,7,.857,0,0,6,7,.857,.857,0,0,,0,2,2,1,0,1,0,4,12,9.9,Aiyana Johnson,https://www.sports-reference.com/cbb/players/aiyana-johnson-1.html,stephen-f-austin,2018-19
22,22,24,2019-02-16,Stephen F. Austin,@,Northwestern State,REG (Conf),W 87-67,,26,5,5,1.000,0,0,5,5,1.000,1.000,3,4,.750,0,6,6,0,0,4,2,1,13,13.3,Aiyana Johnson,https://www.sports-reference.com/cbb/players/aiyana-johnson-1.html,stephen-f-austin,2018-19
23,23,25,2019-02-20,Stephen F. Austin,@,Texas A&M–Corpus Christi,REG (Conf),L 44-46,,18,0,0,,0,0,0,0,,,0,0,,0,2,2,0,0,0,3,3,0,-3.6,Aiyana Johnson,https://www.sports-reference.com/cbb/players/aiyana-johnson-1.html,stephen-f-austin,2018-19
24,24,26,2019-02-23,Stephen F. Austin,,Incarnate Word,REG (Conf),W 65-48,,20,3,7,.429,0,0,3,7,.429,.429,0,0,,3,3,6,4,4,1,0,1,6,12.4,Aiyana Johnson,https://www.sports-reference.com/cbb/players/aiyana-johnson-1.html,stephen-f-austin,2018-19
25,25,27,2019-02-27,Stephen F. Austin,,Central Arkansas,REG (Conf),W 79-43,,15,2,2,1.000,0,0,2,2,1.000,1.000,2,4,.500,1,1,2,2,0,1,1,3,6,5.5,Aiyana Johnson,https://www.sports-reference.com/cbb/players/aiyana-johnson-1.html,stephen-f-austin,2018-19
26,26,28,2019-03-02,Stephen F. Austin,@,Lamar,REG (Conf),L 46-62,,22,3,5,.600,0,0,3,5,.600,.600,2,3,.667,2,3,5,0,0,2,3,2,8,5.2,Aiyana Johnson,https://www.sports-reference.com/cbb/players/aiyana-johnson-1.html,stephen-f-austin,2018-19
27,27,29,2019-03-06,Stephen F. Austin,,Abilene Christian,REG (Conf),W 65-48,,20,5,6,.833,0,0,5,6,.833,.833,4,6,.667,3,2,5,1,1,1,0,2,14,15.3,Aiyana Johnson,https://www.sports-reference.com/cbb/players/aiyana-johnson-1.html,stephen-f-austin,2018-19
28,28,30,2019-03-09,Stephen F. Austin,,Sam Houston State,REG (Conf),W 83-75 (OT),,12,1,3,.333,0,0,1,3,.333,.333,1,2,.500,0,2,2,2,2,1,2,1,3,3.2,Aiyana Johnson,https://www.sports-reference.com/cbb/players/aiyana-johnson-1.html,stephen-f-austin,2018-19
29,29,31,2019-03-16,Stephen F. Austin,,Texas A&M–Corpus Christi,CTOURN,L 56-58,,27,7,11,.636,0,0,7,11,.636,.636,4,7,.571,4,3,7,2,1,0,4,3,18,12.8,Aiyana Johnson,https://www.sports-reference.com/cbb/players/aiyana-johnson-1.html,stephen-f-austin,2018-19
30,30,32,2019-03-21,Stephen F. Austin,@,UT Arlington,WNIT,L 54-60,,7,0,2,.000,0,0,0,2,.000,.000,0,0,,0,1,1,0,0,0,0,3,0,-2.3,Aiyana Johnson,https://www.sports-reference.com/cbb/players/aiyana-johnson-1.html,stephen-f-austin,2018-19
