ranker,player_game_num_career,team_game_num_season,date,team_name_abbr,game_location,opp_name_abbr,game_type,game_result,is_starter,mp,fg,fga,fg_pct,fg3,fg3a,fg3_pct,fg2,fg2a,fg2_pct,efg_pct,ft,fta,ft_pct,orb,drb,trb,ast,stl,blk,tov,pf,pts,game_score,player_name,player_sr_link,school,season
1,18,1,2018-11-09,Stephen F. Austin,@,Miami (FL),REG (Non-Conf),L 60-81,,3,0,0,,0,0,,0,0,,,0,0,,0,0,0,0,0,0,1,0,0,-1.0,Alyssa Mayfield,https://www.sports-reference.com/cbb/players/alyssa-mayfield-1.html,stephen-f-austin,2018-19
2,19,2,2018-11-16,Stephen F. Austin,,Morgan State,REG (Non-Conf),W 69-42,,10,1,4,.250,0,1,.000,1,3,.333,.250,0,2,.000,1,4,5,0,0,0,0,2,2,-0.1,Alyssa Mayfield,https://www.sports-reference.com/cbb/players/alyssa-mayfield-1.html,stephen-f-austin,2018-19
3,20,3,2018-11-17,Stephen F. Austin,,Yale,REG (Non-Conf),W 67-57,,3,1,1,1.000,0,0,,1,1,1.000,1.000,0,0,,0,1,1,0,0,0,1,0,2,1.0,Alyssa Mayfield,https://www.sports-reference.com/cbb/players/alyssa-mayfield-1.html,stephen-f-austin,2018-19
4,21,4,2018-11-20,Stephen F. Austin,,Our Lady,REG (Non-Conf),W 93-77,,8,3,6,.500,0,0,,3,6,.500,.500,1,3,.333,4,0,4,0,2,0,1,1,7,6.6,Alyssa Mayfield,https://www.sports-reference.com/cbb/players/alyssa-mayfield-1.html,stephen-f-austin,2018-19
5,22,5,2018-11-24,Stephen F. Austin,,Tulsa,REG (Non-Conf),W 76-34,,16,4,8,.500,2,3,.667,2,5,.400,.625,2,3,.667,4,2,6,0,2,0,1,4,12,10.4,Alyssa Mayfield,https://www.sports-reference.com/cbb/players/alyssa-mayfield-1.html,stephen-f-austin,2018-19
6,23,6,2018-11-28,Stephen F. Austin,@,Texas Tech,REG (Non-Conf),L 69-77,,13,0,6,.000,0,1,.000,0,5,.000,.000,2,2,1.000,1,2,3,0,1,0,2,1,2,-2.3,Alyssa Mayfield,https://www.sports-reference.com/cbb/players/alyssa-mayfield-1.html,stephen-f-austin,2018-19
7,24,7,2018-12-01,Stephen F. Austin,,Wiley,REG (Non-Conf),W 97-38,,16,2,4,.500,0,0,,2,4,.500,.500,2,2,1.000,1,0,1,0,0,0,0,2,6,3.9,Alyssa Mayfield,https://www.sports-reference.com/cbb/players/alyssa-mayfield-1.html,stephen-f-austin,2018-19
8,25,9,2018-12-15,Stephen F. Austin,,Texas Southern,REG (Non-Conf),W 74-55,,9,0,1,.000,0,1,.000,0,0,,.000,0,0,,0,2,2,0,0,0,0,0,0,-0.1,Alyssa Mayfield,https://www.sports-reference.com/cbb/players/alyssa-mayfield-1.html,stephen-f-austin,2018-19
9,26,10,2018-12-19,Stephen F. Austin,,Hampton,REG (Non-Conf),W 70-68,*,29,2,6,.333,0,1,.000,2,5,.400,.333,1,4,.250,2,7,9,1,0,0,2,2,5,1.8,Alyssa Mayfield,https://www.sports-reference.com/cbb/players/alyssa-mayfield-1.html,stephen-f-austin,2018-19
10,27,11,2018-12-20,Stephen F. Austin,@,New Mexico,REG (Non-Conf),L 33-74,*,19,1,6,.167,0,1,.000,1,5,.200,.167,0,0,,0,5,5,0,0,0,2,1,2,-2.7,Alyssa Mayfield,https://www.sports-reference.com/cbb/players/alyssa-mayfield-1.html,stephen-f-austin,2018-19
11,28,12,2018-12-29,Stephen F. Austin,,Cameron,REG (Non-Conf),W 86-59,*,22,7,9,.778,0,0,,7,9,.778,.778,1,4,.250,1,6,7,1,3,0,4,1,15,12.1,Alyssa Mayfield,https://www.sports-reference.com/cbb/players/alyssa-mayfield-1.html,stephen-f-austin,2018-19
12,29,13,2019-01-02,Stephen F. Austin,@,Southeastern Louisiana,REG (Conf),W 62-51,*,40,7,11,.636,2,4,.500,5,7,.714,.727,4,5,.800,1,10,11,1,2,0,5,3,20,14.9,Alyssa Mayfield,https://www.sports-reference.com/cbb/players/alyssa-mayfield-1.html,stephen-f-austin,2018-19
13,30,14,2019-01-09,Stephen F. Austin,,Nicholls State,REG (Conf),W 70-62,*,28,1,6,.167,1,1,1.000,0,5,.000,.250,1,2,.500,1,7,8,4,1,0,3,3,4,2.2,Alyssa Mayfield,https://www.sports-reference.com/cbb/players/alyssa-mayfield-1.html,stephen-f-austin,2018-19
14,31,15,2019-01-12,Stephen F. Austin,,Northwestern State,REG (Conf),W 84-56,*,21,1,5,.200,1,2,.500,0,3,.000,.300,0,0,,0,1,1,4,1,0,3,3,3,-0.2,Alyssa Mayfield,https://www.sports-reference.com/cbb/players/alyssa-mayfield-1.html,stephen-f-austin,2018-19
15,32,16,2019-01-16,Stephen F. Austin,,New Orleans,REG (Conf),W 97-38,*,18,2,8,.250,1,2,.500,1,6,.167,.313,2,6,.333,2,2,4,1,0,0,1,1,7,1.9,Alyssa Mayfield,https://www.sports-reference.com/cbb/players/alyssa-mayfield-1.html,stephen-f-austin,2018-19
16,33,17,2019-01-19,Stephen F. Austin,@,Incarnate Word,REG (Conf),W 66-56,*,23,4,7,.571,1,1,1.000,3,6,.500,.643,4,5,.800,0,2,2,1,1,0,1,1,13,10.2,Alyssa Mayfield,https://www.sports-reference.com/cbb/players/alyssa-mayfield-1.html,stephen-f-austin,2018-19
17,34,18,2019-01-23,Stephen F. Austin,@,Abilene Christian,REG (Conf),W 71-55,*,31,3,5,.600,0,0,,3,5,.600,.600,2,4,.500,0,3,3,2,1,1,0,1,8,8.5,Alyssa Mayfield,https://www.sports-reference.com/cbb/players/alyssa-mayfield-1.html,stephen-f-austin,2018-19
18,35,19,2019-01-30,Stephen F. Austin,@,Central Arkansas,REG (Conf),W 59-53,*,25,5,7,.714,0,2,.000,5,5,1.000,.714,0,1,.000,2,6,8,3,1,0,3,3,10,8.8,Alyssa Mayfield,https://www.sports-reference.com/cbb/players/alyssa-mayfield-1.html,stephen-f-austin,2018-19
19,36,20,2019-02-02,Stephen F. Austin,@,Sam Houston State,REG (Conf),W 78-68,*,25,1,2,.500,0,1,.000,1,1,1.000,.500,2,4,.500,0,7,7,0,1,1,3,2,4,2.2,Alyssa Mayfield,https://www.sports-reference.com/cbb/players/alyssa-mayfield-1.html,stephen-f-austin,2018-19
20,37,21,2019-02-06,Stephen F. Austin,,Houston Baptist,REG (Conf),W 65-53,*,12,1,4,.250,0,1,.000,1,3,.333,.250,1,1,1.000,0,3,3,2,0,0,1,1,3,1.5,Alyssa Mayfield,https://www.sports-reference.com/cbb/players/alyssa-mayfield-1.html,stephen-f-austin,2018-19
21,38,22,2019-02-09,Stephen F. Austin,,Lamar,REG (Conf),W 70-58,*,22,3,4,.750,0,0,,3,4,.750,.750,1,3,.333,0,4,4,0,2,0,1,2,7,6.0,Alyssa Mayfield,https://www.sports-reference.com/cbb/players/alyssa-mayfield-1.html,stephen-f-austin,2018-19
22,39,23,2019-02-13,Stephen F. Austin,@,McNeese State,REG (Conf),W 97-48,*,24,6,11,.545,0,3,.000,6,8,.750,.545,2,2,1.000,1,7,8,2,0,0,2,1,14,10.5,Alyssa Mayfield,https://www.sports-reference.com/cbb/players/alyssa-mayfield-1.html,stephen-f-austin,2018-19
23,40,24,2019-02-16,Stephen F. Austin,@,Northwestern State,REG (Conf),W 87-67,*,14,2,2,1.000,0,0,,2,2,1.000,1.000,0,0,,0,1,1,1,0,0,2,2,4,1.6,Alyssa Mayfield,https://www.sports-reference.com/cbb/players/alyssa-mayfield-1.html,stephen-f-austin,2018-19
24,41,25,2019-02-20,Stephen F. Austin,@,Texas A&M–Corpus Christi,REG (Conf),L 44-46,*,22,3,3,1.000,0,0,,3,3,1.000,1.000,1,2,.500,0,3,3,0,0,0,3,1,7,3.2,Alyssa Mayfield,https://www.sports-reference.com/cbb/players/alyssa-mayfield-1.html,stephen-f-austin,2018-19
25,42,26,2019-02-23,Stephen F. Austin,,Incarnate Word,REG (Conf),W 65-48,*,16,2,8,.250,0,0,,2,8,.250,.250,1,1,1.000,1,3,4,2,1,0,1,1,5,2.8,Alyssa Mayfield,https://www.sports-reference.com/cbb/players/alyssa-mayfield-1.html,stephen-f-austin,2018-19
26,43,27,2019-02-27,Stephen F. Austin,,Central Arkansas,REG (Conf),W 79-43,*,25,4,7,.571,0,2,.000,4,5,.800,.571,4,9,.444,2,7,9,0,2,0,2,1,12,9.8,Alyssa Mayfield,https://www.sports-reference.com/cbb/players/alyssa-mayfield-1.html,stephen-f-austin,2018-19
27,44,28,2019-03-02,Stephen F. Austin,@,Lamar,REG (Conf),L 46-62,*,13,2,5,.400,1,2,.500,1,3,.333,.500,0,0,,0,2,2,0,1,0,3,1,5,0.5,Alyssa Mayfield,https://www.sports-reference.com/cbb/players/alyssa-mayfield-1.html,stephen-f-austin,2018-19
28,45,29,2019-03-06,Stephen F. Austin,,Abilene Christian,REG (Conf),W 65-48,*,14,2,2,1.000,0,0,,2,2,1.000,1.000,1,2,.500,1,1,2,0,1,0,2,1,5,3.6,Alyssa Mayfield,https://www.sports-reference.com/cbb/players/alyssa-mayfield-1.html,stephen-f-austin,2018-19
29,46,30,2019-03-09,Stephen F. Austin,,Sam Houston State,REG (Conf),W 83-75 (OT),*,29,7,12,.583,1,4,.250,6,8,.750,.625,2,4,.500,0,6,6,3,2,0,3,0,17,13.5,Alyssa Mayfield,https://www.sports-reference.com/cbb/players/alyssa-mayfield-1.html,stephen-f-austin,2018-19
30,47,31,2019-03-16,Stephen F. Austin,,Texas A&M–Corpus Christi,CTOURN,L 56-58,*,26,3,7,.429,0,1,.000,3,6,.500,.429,0,0,,2,1,3,1,0,1,1,0,6,4.4,Alyssa Mayfield,https://www.sports-reference.com/cbb/players/alyssa-mayfield-1.html,stephen-f-austin,2018-19
31,48,32,2019-03-21,Stephen F. Austin,@,UT Arlington,WNIT,L 54-60,*,15,2,4,.500,0,2,.000,2,2,1.000,.500,0,0,,0,1,1,3,0,0,1,1,4,3.0,Alyssa Mayfield,https://www.sports-reference.com/cbb/players/alyssa-mayfield-1.html,stephen-f-austin,2018-19
