ranker,player_game_num_career,team_game_num_season,date,team_name_abbr,game_location,opp_name_abbr,game_type,game_result,is_starter,mp,fg,fga,fg_pct,fg3,fg3a,fg3_pct,fg2,fg2a,fg2_pct,efg_pct,ft,fta,ft_pct,orb,drb,trb,ast,stl,blk,tov,pf,pts,game_score,player_name,player_sr_link,school,season
1,82,1,2018-11-09,Stephen F. Austin,@,Miami (FL),REG (Non-Conf),L 60-81,*,29,6,10,.600,6,8,.750,0,2,.000,.900,1,1,1.000,2,2,4,2,0,0,2,1,19,15.4,Chanell Hayes,https://www.sports-reference.com/cbb/players/chanell-hayes-1.html,stephen-f-austin,2018-19
2,83,2,2018-11-16,Stephen F. Austin,,Morgan State,REG (Non-Conf),W 69-42,*,20,3,6,.500,1,3,.333,2,3,.667,.583,0,0,,0,4,4,3,0,0,2,2,7,4.5,Chanell Hayes,https://www.sports-reference.com/cbb/players/chanell-hayes-1.html,stephen-f-austin,2018-19
3,84,3,2018-11-17,Stephen F. Austin,,Yale,REG (Non-Conf),W 67-57,*,29,6,10,.600,5,7,.714,1,3,.333,.850,6,8,.750,0,2,2,5,3,0,2,3,23,21.5,Chanell Hayes,https://www.sports-reference.com/cbb/players/chanell-hayes-1.html,stephen-f-austin,2018-19
4,85,4,2018-11-20,Stephen F. Austin,,Our Lady,REG (Non-Conf),W 93-77,*,29,3,8,.375,2,5,.400,1,3,.333,.500,6,7,.857,1,4,5,3,2,0,4,0,14,11.2,Chanell Hayes,https://www.sports-reference.com/cbb/players/chanell-hayes-1.html,stephen-f-austin,2018-19
5,86,5,2018-11-24,Stephen F. Austin,,Tulsa,REG (Non-Conf),W 76-34,*,20,5,7,.714,3,5,.600,2,2,1.000,.929,5,6,.833,1,0,1,5,3,0,1,2,18,20.1,Chanell Hayes,https://www.sports-reference.com/cbb/players/chanell-hayes-1.html,stephen-f-austin,2018-19
6,87,6,2018-11-28,Stephen F. Austin,@,Texas Tech,REG (Non-Conf),L 69-77,*,35,9,17,.529,3,7,.429,6,10,.600,.618,6,8,.750,0,4,4,1,2,1,2,0,27,20.5,Chanell Hayes,https://www.sports-reference.com/cbb/players/chanell-hayes-1.html,stephen-f-austin,2018-19
7,88,7,2018-12-01,Stephen F. Austin,,Wiley,REG (Non-Conf),W 97-38,*,23,4,6,.667,0,2,.000,4,4,1.000,.667,3,4,.750,2,7,9,4,5,0,3,1,11,15.9,Chanell Hayes,https://www.sports-reference.com/cbb/players/chanell-hayes-1.html,stephen-f-austin,2018-19
8,89,8,2018-12-06,Stephen F. Austin,,Montana State,REG (Non-Conf),W 60-53,*,29,1,7,.143,1,5,.200,0,2,.000,.214,0,0,,0,2,2,3,2,0,4,1,3,-1.2,Chanell Hayes,https://www.sports-reference.com/cbb/players/chanell-hayes-1.html,stephen-f-austin,2018-19
9,90,9,2018-12-15,Stephen F. Austin,,Texas Southern,REG (Non-Conf),W 74-55,*,34,5,13,.385,2,8,.250,3,5,.600,.462,6,7,.857,3,5,8,5,0,0,2,2,18,14.8,Chanell Hayes,https://www.sports-reference.com/cbb/players/chanell-hayes-1.html,stephen-f-austin,2018-19
10,91,10,2018-12-19,Stephen F. Austin,,Hampton,REG (Non-Conf),W 70-68,*,34,10,17,.588,2,5,.400,8,12,.667,.647,2,4,.500,3,4,7,3,2,0,2,2,24,19.9,Chanell Hayes,https://www.sports-reference.com/cbb/players/chanell-hayes-1.html,stephen-f-austin,2018-19
11,92,11,2018-12-20,Stephen F. Austin,@,New Mexico,REG (Non-Conf),L 33-74,*,25,1,10,.100,0,4,.000,1,6,.167,.100,0,0,,2,4,6,3,1,0,2,0,2,-0.9,Chanell Hayes,https://www.sports-reference.com/cbb/players/chanell-hayes-1.html,stephen-f-austin,2018-19
12,93,13,2019-01-02,Stephen F. Austin,@,Southeastern Louisiana,REG (Conf),W 62-51,*,34,3,13,.231,1,8,.125,2,5,.400,.269,3,4,.750,0,3,3,1,2,0,3,1,10,1.9,Chanell Hayes,https://www.sports-reference.com/cbb/players/chanell-hayes-1.html,stephen-f-austin,2018-19
13,94,14,2019-01-09,Stephen F. Austin,,Nicholls State,REG (Conf),W 70-62,*,31,3,8,.375,1,3,.333,2,5,.400,.438,1,2,.500,1,6,7,3,3,0,2,3,8,7.6,Chanell Hayes,https://www.sports-reference.com/cbb/players/chanell-hayes-1.html,stephen-f-austin,2018-19
14,95,15,2019-01-12,Stephen F. Austin,,Northwestern State,REG (Conf),W 84-56,*,33,9,13,.692,5,9,.556,4,4,1.000,.885,1,2,.500,1,0,1,4,3,0,3,1,24,21.2,Chanell Hayes,https://www.sports-reference.com/cbb/players/chanell-hayes-1.html,stephen-f-austin,2018-19
15,96,16,2019-01-16,Stephen F. Austin,,New Orleans,REG (Conf),W 97-38,*,24,10,14,.714,3,6,.500,7,8,.875,.821,3,4,.750,2,4,6,1,4,2,4,1,26,24.1,Chanell Hayes,https://www.sports-reference.com/cbb/players/chanell-hayes-1.html,stephen-f-austin,2018-19
16,97,17,2019-01-19,Stephen F. Austin,@,Incarnate Word,REG (Conf),W 66-56,*,38,2,12,.167,0,5,.000,2,7,.286,.167,5,7,.714,2,5,7,8,1,0,4,2,9,5.3,Chanell Hayes,https://www.sports-reference.com/cbb/players/chanell-hayes-1.html,stephen-f-austin,2018-19
17,98,18,2019-01-23,Stephen F. Austin,@,Abilene Christian,REG (Conf),W 71-55,*,18,1,4,.250,0,1,.000,1,3,.333,.250,1,2,.500,1,1,2,1,0,0,0,4,3,0.3,Chanell Hayes,https://www.sports-reference.com/cbb/players/chanell-hayes-1.html,stephen-f-austin,2018-19
18,99,19,2019-01-30,Stephen F. Austin,@,Central Arkansas,REG (Conf),W 59-53,*,40,3,9,.333,0,1,.000,3,8,.375,.333,4,5,.800,4,2,6,1,0,0,2,1,10,6.2,Chanell Hayes,https://www.sports-reference.com/cbb/players/chanell-hayes-1.html,stephen-f-austin,2018-19
19,100,20,2019-02-02,Stephen F. Austin,@,Sam Houston State,REG (Conf),W 78-68,*,34,5,11,.455,2,4,.500,3,7,.429,.545,9,10,.900,2,4,6,3,0,0,7,5,21,10.6,Chanell Hayes,https://www.sports-reference.com/cbb/players/chanell-hayes-1.html,stephen-f-austin,2018-19
20,101,21,2019-02-06,Stephen F. Austin,,Houston Baptist,REG (Conf),W 65-53,*,30,3,8,.375,0,3,.000,3,5,.600,.375,1,2,.500,1,4,5,3,1,0,3,0,7,4.2,Chanell Hayes,https://www.sports-reference.com/cbb/players/chanell-hayes-1.html,stephen-f-austin,2018-19
21,102,22,2019-02-09,Stephen F. Austin,,Lamar,REG (Conf),W 70-58,*,40,11,21,.524,4,12,.333,7,9,.778,.619,4,4,1.000,3,2,5,2,2,1,5,2,30,20.7,Chanell Hayes,https://www.sports-reference.com/cbb/players/chanell-hayes-1.html,stephen-f-austin,2018-19
22,103,23,2019-02-13,Stephen F. Austin,@,McNeese State,REG (Conf),W 97-48,*,20,6,9,.667,2,5,.400,4,4,1.000,.778,0,0,,0,2,2,4,0,0,0,3,14,12.3,Chanell Hayes,https://www.sports-reference.com/cbb/players/chanell-hayes-1.html,stephen-f-austin,2018-19
23,104,24,2019-02-16,Stephen F. Austin,@,Northwestern State,REG (Conf),W 87-67,*,39,6,12,.500,2,5,.400,4,7,.571,.583,4,5,.800,1,4,5,4,1,1,2,4,18,14.4,Chanell Hayes,https://www.sports-reference.com/cbb/players/chanell-hayes-1.html,stephen-f-austin,2018-19
24,105,25,2019-02-20,Stephen F. Austin,@,Texas A&M–Corpus Christi,REG (Conf),L 44-46,*,35,3,11,.273,0,2,.000,3,9,.333,.273,0,0,,2,5,7,3,3,0,1,2,6,5.7,Chanell Hayes,https://www.sports-reference.com/cbb/players/chanell-hayes-1.html,stephen-f-austin,2018-19
25,106,26,2019-02-23,Stephen F. Austin,,Incarnate Word,REG (Conf),W 65-48,*,27,3,10,.300,3,8,.375,0,2,.000,.450,4,4,1.000,3,5,8,1,0,0,4,4,13,5.9,Chanell Hayes,https://www.sports-reference.com/cbb/players/chanell-hayes-1.html,stephen-f-austin,2018-19
26,107,27,2019-02-27,Stephen F. Austin,,Central Arkansas,REG (Conf),W 79-43,*,25,2,4,.500,1,2,.500,1,2,.500,.625,0,2,.000,1,3,4,1,0,0,5,4,5,-2.1,Chanell Hayes,https://www.sports-reference.com/cbb/players/chanell-hayes-1.html,stephen-f-austin,2018-19
27,108,28,2019-03-02,Stephen F. Austin,@,Lamar,REG (Conf),L 46-62,*,40,4,9,.444,1,4,.250,3,5,.600,.500,1,2,.500,2,2,4,1,0,0,4,0,10,3.6,Chanell Hayes,https://www.sports-reference.com/cbb/players/chanell-hayes-1.html,stephen-f-austin,2018-19
28,109,29,2019-03-06,Stephen F. Austin,,Abilene Christian,REG (Conf),W 65-48,*,37,4,14,.286,2,6,.333,2,8,.250,.357,0,0,,1,3,4,4,0,0,2,0,10,4.2,Chanell Hayes,https://www.sports-reference.com/cbb/players/chanell-hayes-1.html,stephen-f-austin,2018-19
29,110,30,2019-03-09,Stephen F. Austin,,Sam Houston State,REG (Conf),W 83-75 (OT),*,38,4,13,.308,1,5,.200,3,8,.375,.346,7,7,1.000,2,4,6,1,3,0,0,4,16,13.2,Chanell Hayes,https://www.sports-reference.com/cbb/players/chanell-hayes-1.html,stephen-f-austin,2018-19
30,111,31,2019-03-16,Stephen F. Austin,,Texas A&M–Corpus Christi,CTOURN,L 56-58,*,37,3,9,.333,1,5,.200,2,4,.500,.389,0,0,,2,4,6,5,0,0,6,4,7,0.4,Chanell Hayes,https://www.sports-reference.com/cbb/players/chanell-hayes-1.html,stephen-f-austin,2018-19
31,112,32,2019-03-21,Stephen F. Austin,@,UT Arlington,WNIT,L 54-60,*,35,6,8,.750,4,4,1.000,2,4,.500,1.000,2,4,.500,1,3,4,2,2,0,1,1,18,17.6,Chanell Hayes,https://www.sports-reference.com/cbb/players/chanell-hayes-1.html,stephen-f-austin,2018-19
