ranker,player_game_num_career,team_game_num_season,date,team_name_abbr,game_location,opp_name_abbr,game_type,game_result,is_starter,mp,fg,fga,fg_pct,fg3,fg3a,fg3_pct,fg2,fg2a,fg2_pct,efg_pct,ft,fta,ft_pct,orb,drb,trb,ast,stl,blk,tov,pf,pts,game_score,player_name,player_sr_link,school,season
1,1,1,2018-11-09,Stephen F. Austin,@,Miami (FL),REG (Non-Conf),L 60-81,,21,4,9,.444,3,7,.429,1,2,.500,.611,4,4,1.000,3,0,3,1,0,0,4,4,15,7.5,Heaven Hamling,https://www.sports-reference.com/cbb/players/heaven-hamling-1.html,stephen-f-austin,2018-19
2,2,2,2018-11-16,Stephen F. Austin,,Morgan State,REG (Non-Conf),W 69-42,,19,2,8,.250,1,6,.167,1,2,.500,.313,2,2,1.000,1,2,3,2,3,0,1,1,7,6.5,Heaven Hamling,https://www.sports-reference.com/cbb/players/heaven-hamling-1.html,stephen-f-austin,2018-19
3,3,3,2018-11-17,Stephen F. Austin,,Yale,REG (Non-Conf),W 67-57,,10,0,2,.000,0,2,.000,0,0,,.000,0,0,,0,0,0,1,0,0,1,1,0,-2.1,Heaven Hamling,https://www.sports-reference.com/cbb/players/heaven-hamling-1.html,stephen-f-austin,2018-19
4,4,4,2018-11-20,Stephen F. Austin,,Our Lady,REG (Non-Conf),W 93-77,,20,3,9,.333,2,6,.333,1,3,.333,.444,0,2,.000,1,3,4,3,1,0,1,1,8,5.4,Heaven Hamling,https://www.sports-reference.com/cbb/players/heaven-hamling-1.html,stephen-f-austin,2018-19
5,5,5,2018-11-24,Stephen F. Austin,,Tulsa,REG (Non-Conf),W 76-34,,17,2,9,.222,2,6,.333,0,3,.000,.333,0,0,,1,0,1,0,1,1,1,0,6,1.9,Heaven Hamling,https://www.sports-reference.com/cbb/players/heaven-hamling-1.html,stephen-f-austin,2018-19
6,6,6,2018-11-28,Stephen F. Austin,@,Texas Tech,REG (Non-Conf),L 69-77,,20,1,5,.200,0,4,.000,1,1,1.000,.200,0,0,,2,3,5,4,1,1,0,2,2,4.9,Heaven Hamling,https://www.sports-reference.com/cbb/players/heaven-hamling-1.html,stephen-f-austin,2018-19
7,7,7,2018-12-01,Stephen F. Austin,,Wiley,REG (Non-Conf),W 97-38,,23,4,8,.500,1,5,.200,3,3,1.000,.563,0,0,,4,2,6,1,3,0,1,3,9,9.9,Heaven Hamling,https://www.sports-reference.com/cbb/players/heaven-hamling-1.html,stephen-f-austin,2018-19
8,8,8,2018-12-06,Stephen F. Austin,,Montana State,REG (Non-Conf),W 60-53,,21,3,5,.600,1,2,.500,2,3,.667,.700,1,2,.500,3,0,3,1,2,0,1,4,8,7.5,Heaven Hamling,https://www.sports-reference.com/cbb/players/heaven-hamling-1.html,stephen-f-austin,2018-19
9,9,9,2018-12-15,Stephen F. Austin,,Texas Southern,REG (Non-Conf),W 74-55,,14,1,4,.250,1,4,.250,0,0,,.375,0,0,,0,2,2,1,2,0,3,3,3,-0.3,Heaven Hamling,https://www.sports-reference.com/cbb/players/heaven-hamling-1.html,stephen-f-austin,2018-19
10,10,10,2018-12-19,Stephen F. Austin,,Hampton,REG (Non-Conf),W 70-68,,9,0,4,.000,0,2,.000,0,2,.000,.000,2,2,1.000,0,1,1,0,1,0,0,1,2,0.1,Heaven Hamling,https://www.sports-reference.com/cbb/players/heaven-hamling-1.html,stephen-f-austin,2018-19
11,11,11,2018-12-20,Stephen F. Austin,@,New Mexico,REG (Non-Conf),L 33-74,,17,3,10,.300,3,10,.300,0,0,,.450,0,0,,0,1,1,1,2,0,2,0,9,4.2,Heaven Hamling,https://www.sports-reference.com/cbb/players/heaven-hamling-1.html,stephen-f-austin,2018-19
12,12,12,2018-12-29,Stephen F. Austin,,Cameron,REG (Non-Conf),W 86-59,*,24,3,5,.600,2,3,.667,1,2,.500,.800,1,1,1.000,1,4,5,1,0,0,2,5,9,5.3,Heaven Hamling,https://www.sports-reference.com/cbb/players/heaven-hamling-1.html,stephen-f-austin,2018-19
13,13,13,2019-01-02,Stephen F. Austin,@,Southeastern Louisiana,REG (Conf),W 62-51,,9,2,2,1.000,1,1,1.000,1,1,1.000,1.250,0,0,,0,1,1,0,1,0,0,1,5,5.3,Heaven Hamling,https://www.sports-reference.com/cbb/players/heaven-hamling-1.html,stephen-f-austin,2018-19
14,14,14,2019-01-09,Stephen F. Austin,,Nicholls State,REG (Conf),W 70-62,,11,0,3,.000,0,2,.000,0,1,.000,.000,0,0,,0,0,0,1,0,0,2,0,0,-3.4,Heaven Hamling,https://www.sports-reference.com/cbb/players/heaven-hamling-1.html,stephen-f-austin,2018-19
15,15,15,2019-01-12,Stephen F. Austin,,Northwestern State,REG (Conf),W 84-56,,21,3,4,.750,2,3,.667,1,1,1.000,1.000,0,0,,0,1,1,1,1,0,0,0,8,8.4,Heaven Hamling,https://www.sports-reference.com/cbb/players/heaven-hamling-1.html,stephen-f-austin,2018-19
16,16,16,2019-01-16,Stephen F. Austin,,New Orleans,REG (Conf),W 97-38,,20,5,6,.833,4,5,.800,1,1,1.000,1.167,0,0,,1,5,6,3,1,0,1,3,14,14.9,Heaven Hamling,https://www.sports-reference.com/cbb/players/heaven-hamling-1.html,stephen-f-austin,2018-19
17,17,17,2019-01-19,Stephen F. Austin,@,Incarnate Word,REG (Conf),W 66-56,,16,2,3,.667,1,2,.500,1,1,1.000,.833,0,0,,0,0,0,0,0,1,0,1,5,4.0,Heaven Hamling,https://www.sports-reference.com/cbb/players/heaven-hamling-1.html,stephen-f-austin,2018-19
18,18,18,2019-01-23,Stephen F. Austin,@,Abilene Christian,REG (Conf),W 71-55,,22,2,4,.500,1,3,.333,1,1,1.000,.625,2,2,1.000,1,1,2,5,1,0,1,2,7,8.7,Heaven Hamling,https://www.sports-reference.com/cbb/players/heaven-hamling-1.html,stephen-f-austin,2018-19
19,19,19,2019-01-30,Stephen F. Austin,@,Central Arkansas,REG (Conf),W 59-53,,10,1,4,.250,0,3,.000,1,1,1.000,.250,0,0,,1,0,1,0,2,0,1,0,2,1.3,Heaven Hamling,https://www.sports-reference.com/cbb/players/heaven-hamling-1.html,stephen-f-austin,2018-19
20,20,20,2019-02-02,Stephen F. Austin,@,Sam Houston State,REG (Conf),W 78-68,,6,0,0,,0,0,,0,0,,,0,0,,0,1,1,0,0,0,0,1,0,-0.1,Heaven Hamling,https://www.sports-reference.com/cbb/players/heaven-hamling-1.html,stephen-f-austin,2018-19
21,21,21,2019-02-06,Stephen F. Austin,,Houston Baptist,REG (Conf),W 65-53,,10,0,3,.000,0,1,.000,0,2,.000,.000,0,0,,0,0,0,0,1,1,2,0,0,-2.4,Heaven Hamling,https://www.sports-reference.com/cbb/players/heaven-hamling-1.html,stephen-f-austin,2018-19
22,22,22,2019-02-09,Stephen F. Austin,,Lamar,REG (Conf),W 70-58,,7,0,0,,0,0,,0,0,,,0,0,,0,0,0,0,0,0,0,1,0,-0.4,Heaven Hamling,https://www.sports-reference.com/cbb/players/heaven-hamling-1.html,stephen-f-austin,2018-19
23,23,23,2019-02-13,Stephen F. Austin,@,McNeese State,REG (Conf),W 97-48,,20,4,5,.800,4,5,.800,0,0,,1.200,0,0,,0,0,0,4,0,0,1,0,12,11.9,Heaven Hamling,https://www.sports-reference.com/cbb/players/heaven-hamling-1.html,stephen-f-austin,2018-19
24,24,24,2019-02-16,Stephen F. Austin,@,Northwestern State,REG (Conf),W 87-67,,5,1,2,.500,0,0,,1,2,.500,.500,0,0,,0,2,2,1,0,0,1,2,2,0.5,Heaven Hamling,https://www.sports-reference.com/cbb/players/heaven-hamling-1.html,stephen-f-austin,2018-19
25,25,25,2019-02-20,Stephen F. Austin,@,Texas A&M–Corpus Christi,REG (Conf),L 44-46,,9,0,2,.000,0,2,.000,0,0,,.000,0,0,,0,0,0,1,2,0,1,0,0,0.3,Heaven Hamling,https://www.sports-reference.com/cbb/players/heaven-hamling-1.html,stephen-f-austin,2018-19
26,26,26,2019-02-23,Stephen F. Austin,,Incarnate Word,REG (Conf),W 65-48,,22,3,7,.429,3,7,.429,0,0,,.643,0,0,,0,2,2,1,0,1,2,2,9,4.5,Heaven Hamling,https://www.sports-reference.com/cbb/players/heaven-hamling-1.html,stephen-f-austin,2018-19
27,27,27,2019-02-27,Stephen F. Austin,,Central Arkansas,REG (Conf),W 79-43,,20,2,6,.333,2,6,.333,0,0,,.500,0,0,,0,1,1,0,2,0,1,2,6,3.1,Heaven Hamling,https://www.sports-reference.com/cbb/players/heaven-hamling-1.html,stephen-f-austin,2018-19
28,28,28,2019-03-02,Stephen F. Austin,@,Lamar,REG (Conf),L 46-62,,24,3,10,.300,2,7,.286,1,3,.333,.400,0,0,,4,2,6,2,2,1,4,1,8,5.3,Heaven Hamling,https://www.sports-reference.com/cbb/players/heaven-hamling-1.html,stephen-f-austin,2018-19
29,29,29,2019-03-06,Stephen F. Austin,,Abilene Christian,REG (Conf),W 65-48,,26,3,9,.333,2,7,.286,1,2,.500,.444,0,0,,2,1,3,1,4,0,0,3,8,8.1,Heaven Hamling,https://www.sports-reference.com/cbb/players/heaven-hamling-1.html,stephen-f-austin,2018-19
30,30,30,2019-03-09,Stephen F. Austin,,Sam Houston State,REG (Conf),W 83-75 (OT),,14,2,2,1.000,1,1,1.000,1,1,1.000,1.250,2,2,1.000,0,0,0,1,0,0,3,3,7,2.9,Heaven Hamling,https://www.sports-reference.com/cbb/players/heaven-hamling-1.html,stephen-f-austin,2018-19
31,31,31,2019-03-16,Stephen F. Austin,,Texas A&M–Corpus Christi,CTOURN,L 56-58,,11,0,2,.000,0,2,.000,0,0,,.000,0,0,,0,1,1,0,2,0,2,0,0,-1.1,Heaven Hamling,https://www.sports-reference.com/cbb/players/heaven-hamling-1.html,stephen-f-austin,2018-19
32,32,32,2019-03-21,Stephen F. Austin,@,UT Arlington,WNIT,L 54-60,,22,1,6,.167,1,5,.200,0,1,.000,.250,0,0,,0,1,1,1,2,0,2,3,3,-1.0,Heaven Hamling,https://www.sports-reference.com/cbb/players/heaven-hamling-1.html,stephen-f-austin,2018-19
