ranker,player_game_num_career,team_game_num_season,date,team_name_abbr,game_location,opp_name_abbr,game_type,game_result,is_starter,mp,fg,fga,fg_pct,fg3,fg3a,fg3_pct,fg2,fg2a,fg2_pct,efg_pct,ft,fta,ft_pct,orb,drb,trb,ast,stl,blk,tov,pf,pts,game_score,player_name,player_sr_link,school,season
1,58,1,2018-11-09,Stephen F. Austin,@,Miami (FL),REG (Non-Conf),L 60-81,,2,0,0,,0,0,,0,0,,,0,0,,0,0,0,0,0,0,0,1,0,-0.4,Kia Fisker,https://www.sports-reference.com/cbb/players/kia-fisker-1.html,stephen-f-austin,2018-19
2,59,2,2018-11-16,Stephen F. Austin,,Morgan State,REG (Non-Conf),W 69-42,,4,0,2,.000,0,1,.000,0,1,.000,.000,0,0,,0,1,1,0,0,0,0,2,0,-1.9,Kia Fisker,https://www.sports-reference.com/cbb/players/kia-fisker-1.html,stephen-f-austin,2018-19
3,60,4,2018-11-20,Stephen F. Austin,,Our Lady,REG (Non-Conf),W 93-77,,5,0,0,,0,0,,0,0,,,0,0,,0,1,1,0,0,0,1,1,0,-1.1,Kia Fisker,https://www.sports-reference.com/cbb/players/kia-fisker-1.html,stephen-f-austin,2018-19
4,61,5,2018-11-24,Stephen F. Austin,,Tulsa,REG (Non-Conf),W 76-34,,6,0,3,.000,0,0,,0,3,.000,.000,0,0,,3,1,4,0,0,0,0,0,0,0.3,Kia Fisker,https://www.sports-reference.com/cbb/players/kia-fisker-1.html,stephen-f-austin,2018-19
5,62,11,2018-12-20,Stephen F. Austin,@,New Mexico,REG (Non-Conf),L 33-74,,5,0,0,,0,0,,0,0,,,1,2,.500,0,0,0,0,2,0,0,0,1,2.6,Kia Fisker,https://www.sports-reference.com/cbb/players/kia-fisker-1.html,stephen-f-austin,2018-19
