ranker,player_game_num_career,team_game_num_season,date,team_name_abbr,game_location,opp_name_abbr,game_type,game_result,is_starter,mp,fg,fga,fg_pct,fg3,fg3a,fg3_pct,fg2,fg2a,fg2_pct,efg_pct,ft,fta,ft_pct,orb,drb,trb,ast,stl,blk,tov,pf,pts,game_score,player_name,player_sr_link,school,season
1,33,1,2018-11-09,Stephen F. Austin,@,Miami (FL),REG (Non-Conf),L 60-81,*,21,0,3,.000,0,2,.000,0,1,.000,.000,0,0,,0,1,1,1,0,0,0,1,0,-1.5,Marissa Banfield,https://www.sports-reference.com/cbb/players/marissa-banfield-1.html,stephen-f-austin,2018-19
2,34,2,2018-11-16,Stephen F. Austin,,Morgan State,REG (Non-Conf),W 69-42,*,27,4,9,.444,2,6,.333,2,3,.667,.556,1,1,1.000,0,1,1,4,2,0,2,0,11,9.4,Marissa Banfield,https://www.sports-reference.com/cbb/players/marissa-banfield-1.html,stephen-f-austin,2018-19
3,35,3,2018-11-17,Stephen F. Austin,,Yale,REG (Non-Conf),W 67-57,*,28,2,6,.333,1,4,.250,1,2,.500,.417,1,4,.250,0,2,2,3,5,0,0,2,6,8.3,Marissa Banfield,https://www.sports-reference.com/cbb/players/marissa-banfield-1.html,stephen-f-austin,2018-19
4,36,4,2018-11-20,Stephen F. Austin,,Our Lady,REG (Non-Conf),W 93-77,*,23,4,10,.400,3,8,.375,1,2,.500,.550,1,2,.500,1,0,1,2,2,0,2,3,12,7.1,Marissa Banfield,https://www.sports-reference.com/cbb/players/marissa-banfield-1.html,stephen-f-austin,2018-19
5,37,5,2018-11-24,Stephen F. Austin,,Tulsa,REG (Non-Conf),W 76-34,*,27,0,6,.000,0,5,.000,0,1,.000,.000,1,2,.500,0,3,3,4,1,0,2,0,1,-0.9,Marissa Banfield,https://www.sports-reference.com/cbb/players/marissa-banfield-1.html,stephen-f-austin,2018-19
6,38,6,2018-11-28,Stephen F. Austin,@,Texas Tech,REG (Non-Conf),L 69-77,*,37,5,12,.417,3,8,.375,2,4,.500,.542,0,0,,0,4,4,3,3,0,4,1,13,8.5,Marissa Banfield,https://www.sports-reference.com/cbb/players/marissa-banfield-1.html,stephen-f-austin,2018-19
7,39,7,2018-12-01,Stephen F. Austin,,Wiley,REG (Non-Conf),W 97-38,*,20,3,6,.500,3,6,.500,0,0,,.750,1,2,.500,0,1,1,3,1,0,1,0,10,9.0,Marissa Banfield,https://www.sports-reference.com/cbb/players/marissa-banfield-1.html,stephen-f-austin,2018-19
8,40,8,2018-12-06,Stephen F. Austin,,Montana State,REG (Non-Conf),W 60-53,*,29,3,8,.375,2,7,.286,1,1,1.000,.500,4,6,.667,0,2,2,2,4,0,0,2,12,12.0,Marissa Banfield,https://www.sports-reference.com/cbb/players/marissa-banfield-1.html,stephen-f-austin,2018-19
9,41,9,2018-12-15,Stephen F. Austin,,Texas Southern,REG (Non-Conf),W 74-55,*,34,2,8,.250,2,8,.250,0,0,,.375,2,4,.500,0,0,0,2,1,0,3,2,8,1.0,Marissa Banfield,https://www.sports-reference.com/cbb/players/marissa-banfield-1.html,stephen-f-austin,2018-19
10,42,10,2018-12-19,Stephen F. Austin,,Hampton,REG (Non-Conf),W 70-68,*,33,4,8,.500,3,7,.429,1,1,1.000,.688,1,2,.500,0,1,1,4,2,0,3,4,12,8.1,Marissa Banfield,https://www.sports-reference.com/cbb/players/marissa-banfield-1.html,stephen-f-austin,2018-19
11,43,11,2018-12-20,Stephen F. Austin,@,New Mexico,REG (Non-Conf),L 33-74,*,21,2,7,.286,1,4,.250,1,3,.333,.357,0,0,,1,1,2,0,0,0,0,1,5,1.5,Marissa Banfield,https://www.sports-reference.com/cbb/players/marissa-banfield-1.html,stephen-f-austin,2018-19
12,44,12,2018-12-29,Stephen F. Austin,,Cameron,REG (Non-Conf),W 86-59,*,27,5,10,.500,3,6,.500,2,4,.500,.650,1,2,.500,0,1,1,3,2,0,2,2,14,10.2,Marissa Banfield,https://www.sports-reference.com/cbb/players/marissa-banfield-1.html,stephen-f-austin,2018-19
13,45,13,2019-01-02,Stephen F. Austin,@,Southeastern Louisiana,REG (Conf),W 62-51,*,34,1,3,.333,1,3,.333,0,0,,.500,3,4,.750,1,1,2,2,2,0,3,2,6,4.5,Marissa Banfield,https://www.sports-reference.com/cbb/players/marissa-banfield-1.html,stephen-f-austin,2018-19
14,46,14,2019-01-09,Stephen F. Austin,,Nicholls State,REG (Conf),W 70-62,*,35,6,11,.545,4,7,.571,2,4,.500,.727,2,2,1.000,0,0,0,3,0,0,5,3,18,8.6,Marissa Banfield,https://www.sports-reference.com/cbb/players/marissa-banfield-1.html,stephen-f-austin,2018-19
15,47,15,2019-01-12,Stephen F. Austin,,Northwestern State,REG (Conf),W 84-56,*,30,5,8,.625,5,8,.625,0,0,,.938,2,2,1.000,0,1,1,2,2,0,2,1,17,14.7,Marissa Banfield,https://www.sports-reference.com/cbb/players/marissa-banfield-1.html,stephen-f-austin,2018-19
16,48,16,2019-01-16,Stephen F. Austin,,New Orleans,REG (Conf),W 97-38,*,18,0,4,.000,0,2,.000,0,2,.000,.000,1,2,.500,0,1,1,0,0,0,1,2,1,-3.7,Marissa Banfield,https://www.sports-reference.com/cbb/players/marissa-banfield-1.html,stephen-f-austin,2018-19
17,49,17,2019-01-19,Stephen F. Austin,@,Incarnate Word,REG (Conf),W 66-56,*,31,0,4,.000,0,4,.000,0,0,,.000,3,4,.750,0,4,4,3,1,0,2,2,3,1.3,Marissa Banfield,https://www.sports-reference.com/cbb/players/marissa-banfield-1.html,stephen-f-austin,2018-19
18,50,18,2019-01-23,Stephen F. Austin,@,Abilene Christian,REG (Conf),W 71-55,*,18,2,4,.500,2,3,.667,0,1,.000,.750,0,0,,0,1,1,1,0,0,1,4,6,2.4,Marissa Banfield,https://www.sports-reference.com/cbb/players/marissa-banfield-1.html,stephen-f-austin,2018-19
19,51,19,2019-01-30,Stephen F. Austin,@,Central Arkansas,REG (Conf),W 59-53,*,26,0,4,.000,0,2,.000,0,2,.000,.000,1,4,.250,0,1,1,1,0,0,1,2,1,-3.8,Marissa Banfield,https://www.sports-reference.com/cbb/players/marissa-banfield-1.html,stephen-f-austin,2018-19
20,52,20,2019-02-02,Stephen F. Austin,@,Sam Houston State,REG (Conf),W 78-68,*,15,0,2,.000,0,1,.000,0,1,.000,.000,1,2,.500,0,0,0,4,0,0,4,5,1,-4.0,Marissa Banfield,https://www.sports-reference.com/cbb/players/marissa-banfield-1.html,stephen-f-austin,2018-19
21,53,21,2019-02-06,Stephen F. Austin,,Houston Baptist,REG (Conf),W 65-53,*,24,2,6,.333,0,3,.000,2,3,.667,.333,0,0,,1,1,2,1,2,0,1,1,4,2.9,Marissa Banfield,https://www.sports-reference.com/cbb/players/marissa-banfield-1.html,stephen-f-austin,2018-19
22,54,22,2019-02-09,Stephen F. Austin,,Lamar,REG (Conf),W 70-58,*,21,1,5,.200,0,2,.000,1,3,.333,.200,0,1,.000,0,1,1,2,3,0,3,3,2,-1.0,Marissa Banfield,https://www.sports-reference.com/cbb/players/marissa-banfield-1.html,stephen-f-austin,2018-19
23,55,23,2019-02-13,Stephen F. Austin,@,McNeese State,REG (Conf),W 97-48,*,20,1,4,.250,1,4,.250,0,0,,.375,0,0,,0,1,1,2,0,0,2,0,3,0.3,Marissa Banfield,https://www.sports-reference.com/cbb/players/marissa-banfield-1.html,stephen-f-austin,2018-19
24,56,24,2019-02-16,Stephen F. Austin,@,Northwestern State,REG (Conf),W 87-67,*,19,1,4,.250,1,4,.250,0,0,,.375,0,0,,1,0,1,5,2,0,2,1,3,4.4,Marissa Banfield,https://www.sports-reference.com/cbb/players/marissa-banfield-1.html,stephen-f-austin,2018-19
25,57,25,2019-02-20,Stephen F. Austin,@,Texas A&M–Corpus Christi,REG (Conf),L 44-46,*,19,1,4,.250,0,2,.000,1,2,.500,.250,0,0,,0,0,0,1,1,0,2,2,2,-1.5,Marissa Banfield,https://www.sports-reference.com/cbb/players/marissa-banfield-1.html,stephen-f-austin,2018-19
26,58,31,2019-03-16,Stephen F. Austin,,Texas A&M–Corpus Christi,CTOURN,L 56-58,,12,1,2,.500,1,2,.500,0,0,,.750,0,0,,0,0,0,0,0,0,1,1,3,0.6,Marissa Banfield,https://www.sports-reference.com/cbb/players/marissa-banfield-1.html,stephen-f-austin,2018-19
27,59,32,2019-03-21,Stephen F. Austin,@,UT Arlington,WNIT,L 54-60,,10,1,2,.500,1,2,.500,0,0,,.750,0,0,,1,1,2,0,0,0,2,0,3,1.0,Marissa Banfield,https://www.sports-reference.com/cbb/players/marissa-banfield-1.html,stephen-f-austin,2018-19
