ranker,player_game_num_career,team_game_num_season,date,team_name_abbr,game_location,opp_name_abbr,game_type,game_result,is_starter,mp,fg,fga,fg_pct,fg3,fg3a,fg3_pct,fg2,fg2a,fg2_pct,efg_pct,ft,fta,ft_pct,orb,drb,trb,ast,stl,blk,tov,pf,pts,game_score,player_name,player_sr_link,school,season
1,1,1,2018-11-09,Stephen F. Austin,@,Miami (FL),REG (Non-Conf),L 60-81,*,18,1,1,1.000,0,0,,1,1,1.000,1.000,0,0,,0,3,3,1,2,0,4,1,2,0.9,Stephanie Visscher,https://www.sports-reference.com/cbb/players/stephanie-visscher-1.html,stephen-f-austin,2018-19
2,2,2,2018-11-16,Stephen F. Austin,,Morgan State,REG (Non-Conf),W 69-42,*,19,1,3,.333,0,0,,1,3,.333,.333,0,0,,2,2,4,2,0,0,0,1,2,3.3,Stephanie Visscher,https://www.sports-reference.com/cbb/players/stephanie-visscher-1.html,stephen-f-austin,2018-19
3,3,3,2018-11-17,Stephen F. Austin,,Yale,REG (Non-Conf),W 67-57,*,25,1,1,1.000,0,0,,1,1,1.000,1.000,0,0,,0,2,2,0,1,0,0,1,2,2.9,Stephanie Visscher,https://www.sports-reference.com/cbb/players/stephanie-visscher-1.html,stephen-f-austin,2018-19
4,4,4,2018-11-20,Stephen F. Austin,,Our Lady,REG (Non-Conf),W 93-77,*,21,3,7,.429,2,6,.333,1,1,1.000,.571,2,2,1.000,5,1,6,0,0,0,3,3,10,5.9,Stephanie Visscher,https://www.sports-reference.com/cbb/players/stephanie-visscher-1.html,stephen-f-austin,2018-19
5,5,5,2018-11-24,Stephen F. Austin,,Tulsa,REG (Non-Conf),W 76-34,*,23,3,4,.750,1,1,1.000,2,3,.667,.875,1,1,1.000,1,1,2,2,1,0,2,1,8,7.4,Stephanie Visscher,https://www.sports-reference.com/cbb/players/stephanie-visscher-1.html,stephen-f-austin,2018-19
6,6,6,2018-11-28,Stephen F. Austin,@,Texas Tech,REG (Non-Conf),L 69-77,*,21,0,2,.000,0,2,.000,0,0,,.000,0,0,,2,2,4,2,3,0,2,2,0,2.2,Stephanie Visscher,https://www.sports-reference.com/cbb/players/stephanie-visscher-1.html,stephen-f-austin,2018-19
7,7,7,2018-12-01,Stephen F. Austin,,Wiley,REG (Non-Conf),W 97-38,*,23,2,5,.400,0,0,,2,5,.400,.400,0,0,,0,5,5,7,4,0,1,1,4,10.3,Stephanie Visscher,https://www.sports-reference.com/cbb/players/stephanie-visscher-1.html,stephen-f-austin,2018-19
8,8,8,2018-12-06,Stephen F. Austin,,Montana State,REG (Non-Conf),W 60-53,*,32,3,7,.429,1,5,.200,2,2,1.000,.500,0,0,,2,6,8,0,0,0,3,1,7,3.1,Stephanie Visscher,https://www.sports-reference.com/cbb/players/stephanie-visscher-1.html,stephen-f-austin,2018-19
9,9,9,2018-12-15,Stephen F. Austin,,Texas Southern,REG (Non-Conf),W 74-55,*,26,3,5,.600,2,2,1.000,1,3,.333,.800,3,4,.750,3,3,6,0,1,1,1,2,11,11.2,Stephanie Visscher,https://www.sports-reference.com/cbb/players/stephanie-visscher-1.html,stephen-f-austin,2018-19
10,10,10,2018-12-19,Stephen F. Austin,,Hampton,REG (Non-Conf),W 70-68,*,34,3,5,.600,0,1,.000,3,4,.750,.600,1,2,.500,3,3,6,5,5,1,5,0,7,11.5,Stephanie Visscher,https://www.sports-reference.com/cbb/players/stephanie-visscher-1.html,stephen-f-austin,2018-19
11,11,11,2018-12-20,Stephen F. Austin,@,New Mexico,REG (Non-Conf),L 33-74,*,24,1,5,.200,0,0,,1,5,.200,.200,0,2,.000,0,1,1,0,1,0,4,0,2,-4.6,Stephanie Visscher,https://www.sports-reference.com/cbb/players/stephanie-visscher-1.html,stephen-f-austin,2018-19
12,12,12,2018-12-29,Stephen F. Austin,,Cameron,REG (Non-Conf),W 86-59,*,31,5,9,.556,1,2,.500,4,7,.571,.611,5,6,.833,0,4,4,3,4,0,0,0,16,18.6,Stephanie Visscher,https://www.sports-reference.com/cbb/players/stephanie-visscher-1.html,stephen-f-austin,2018-19
13,13,13,2019-01-02,Stephen F. Austin,@,Southeastern Louisiana,REG (Conf),W 62-51,*,37,5,10,.500,2,3,.667,3,7,.429,.600,2,2,1.000,4,2,6,2,1,1,7,2,14,7.7,Stephanie Visscher,https://www.sports-reference.com/cbb/players/stephanie-visscher-1.html,stephen-f-austin,2018-19
14,14,14,2019-01-09,Stephen F. Austin,,Nicholls State,REG (Conf),W 70-62,*,38,5,9,.556,2,4,.500,3,5,.600,.667,1,2,.500,2,7,9,4,3,1,4,1,13,13.9,Stephanie Visscher,https://www.sports-reference.com/cbb/players/stephanie-visscher-1.html,stephen-f-austin,2018-19
15,15,15,2019-01-12,Stephen F. Austin,,Northwestern State,REG (Conf),W 84-56,*,29,0,2,.000,0,2,.000,0,0,,.000,0,0,,1,5,6,2,1,0,4,0,0,-0.8,Stephanie Visscher,https://www.sports-reference.com/cbb/players/stephanie-visscher-1.html,stephen-f-austin,2018-19
16,16,16,2019-01-16,Stephen F. Austin,,New Orleans,REG (Conf),W 97-38,*,27,2,5,.400,0,2,.000,2,3,.667,.400,2,2,1.000,3,4,7,1,2,1,4,1,6,5.6,Stephanie Visscher,https://www.sports-reference.com/cbb/players/stephanie-visscher-1.html,stephen-f-austin,2018-19
17,17,17,2019-01-19,Stephen F. Austin,@,Incarnate Word,REG (Conf),W 66-56,*,28,1,3,.333,0,1,.000,1,2,.500,.333,1,2,.500,1,3,4,2,4,2,2,0,3,7.3,Stephanie Visscher,https://www.sports-reference.com/cbb/players/stephanie-visscher-1.html,stephen-f-austin,2018-19
18,18,18,2019-01-23,Stephen F. Austin,@,Abilene Christian,REG (Conf),W 71-55,*,24,3,7,.429,0,1,.000,3,6,.500,.429,0,0,,0,2,2,0,2,0,2,3,6,1.7,Stephanie Visscher,https://www.sports-reference.com/cbb/players/stephanie-visscher-1.html,stephen-f-austin,2018-19
19,19,19,2019-01-30,Stephen F. Austin,@,Central Arkansas,REG (Conf),W 59-53,*,23,1,4,.250,0,1,.000,1,3,.333,.250,0,3,.000,0,3,3,1,0,1,0,2,2,-0.1,Stephanie Visscher,https://www.sports-reference.com/cbb/players/stephanie-visscher-1.html,stephen-f-austin,2018-19
20,20,20,2019-02-02,Stephen F. Austin,@,Sam Houston State,REG (Conf),W 78-68,*,35,5,5,1.000,1,1,1.000,4,4,1.000,1.100,0,2,.000,0,3,3,2,3,0,5,3,11,7.8,Stephanie Visscher,https://www.sports-reference.com/cbb/players/stephanie-visscher-1.html,stephen-f-austin,2018-19
21,21,21,2019-02-06,Stephen F. Austin,,Houston Baptist,REG (Conf),W 65-53,*,32,2,4,.500,1,1,1.000,1,3,.333,.625,2,2,1.000,3,2,5,3,2,0,5,1,7,6.4,Stephanie Visscher,https://www.sports-reference.com/cbb/players/stephanie-visscher-1.html,stephen-f-austin,2018-19
22,22,22,2019-02-09,Stephen F. Austin,,Lamar,REG (Conf),W 70-58,*,33,2,5,.400,2,3,.667,0,2,.000,.600,5,6,.833,1,4,5,1,0,2,5,2,11,6.1,Stephanie Visscher,https://www.sports-reference.com/cbb/players/stephanie-visscher-1.html,stephen-f-austin,2018-19
23,23,23,2019-02-13,Stephen F. Austin,@,McNeese State,REG (Conf),W 97-48,*,29,6,7,.857,2,3,.667,4,4,1.000,1.000,0,1,.000,0,4,4,5,1,0,1,2,14,15.0,Stephanie Visscher,https://www.sports-reference.com/cbb/players/stephanie-visscher-1.html,stephen-f-austin,2018-19
24,24,24,2019-02-16,Stephen F. Austin,@,Northwestern State,REG (Conf),W 87-67,*,35,9,10,.900,3,4,.750,6,6,1.000,1.050,0,0,,4,2,6,4,2,1,4,1,21,22.1,Stephanie Visscher,https://www.sports-reference.com/cbb/players/stephanie-visscher-1.html,stephen-f-austin,2018-19
25,25,25,2019-02-20,Stephen F. Austin,@,Texas A&M–Corpus Christi,REG (Conf),L 44-46,*,36,4,6,.667,0,0,,4,6,.667,.667,1,4,.250,0,4,4,1,2,1,0,0,9,9.8,Stephanie Visscher,https://www.sports-reference.com/cbb/players/stephanie-visscher-1.html,stephen-f-austin,2018-19
26,26,26,2019-02-23,Stephen F. Austin,,Incarnate Word,REG (Conf),W 65-48,*,25,1,6,.167,0,3,.000,1,3,.333,.167,0,0,,6,1,7,1,2,0,4,1,2,1.0,Stephanie Visscher,https://www.sports-reference.com/cbb/players/stephanie-visscher-1.html,stephen-f-austin,2018-19
27,27,27,2019-02-27,Stephen F. Austin,,Central Arkansas,REG (Conf),W 79-43,*,30,6,8,.750,4,6,.667,2,2,1.000,1.000,3,5,.600,0,0,0,6,1,1,1,0,19,19.9,Stephanie Visscher,https://www.sports-reference.com/cbb/players/stephanie-visscher-1.html,stephen-f-austin,2018-19
28,28,28,2019-03-02,Stephen F. Austin,@,Lamar,REG (Conf),L 46-62,*,37,2,4,.500,0,2,.000,2,2,1.000,.500,0,0,,2,4,6,5,0,2,8,3,4,0.3,Stephanie Visscher,https://www.sports-reference.com/cbb/players/stephanie-visscher-1.html,stephen-f-austin,2018-19
29,29,29,2019-03-06,Stephen F. Austin,,Abilene Christian,REG (Conf),W 65-48,*,37,3,6,.500,2,3,.667,1,3,.333,.667,0,0,,1,3,4,3,1,2,4,1,8,6.7,Stephanie Visscher,https://www.sports-reference.com/cbb/players/stephanie-visscher-1.html,stephen-f-austin,2018-19
30,30,30,2019-03-09,Stephen F. Austin,,Sam Houston State,REG (Conf),W 83-75 (OT),*,42,7,13,.538,0,4,.000,7,9,.778,.538,0,0,,5,3,8,4,3,3,6,3,14,12.8,Stephanie Visscher,https://www.sports-reference.com/cbb/players/stephanie-visscher-1.html,stephen-f-austin,2018-19
31,31,31,2019-03-16,Stephen F. Austin,,Texas A&M–Corpus Christi,CTOURN,L 56-58,*,37,5,10,.500,2,5,.400,3,5,.600,.600,0,0,,2,2,4,3,3,0,3,2,12,10.3,Stephanie Visscher,https://www.sports-reference.com/cbb/players/stephanie-visscher-1.html,stephen-f-austin,2018-19
32,32,32,2019-03-21,Stephen F. Austin,@,UT Arlington,WNIT,L 54-60,*,21,1,3,.333,0,1,.000,1,2,.500,.333,0,0,,0,2,2,3,0,0,2,2,2,0.2,Stephanie Visscher,https://www.sports-reference.com/cbb/players/stephanie-visscher-1.html,stephen-f-austin,2018-19
