ranker,player_game_num_career,team_game_num_season,date,team_name_abbr,game_location,opp_name_abbr,game_type,game_result,is_starter,mp,fg,fga,fg_pct,fg3,fg3a,fg3_pct,fg2,fg2a,fg2_pct,efg_pct,ft,fta,ft_pct,orb,drb,trb,ast,stl,blk,tov,pf,pts,game_score,player_name,player_sr_link,school,season
1,29,1,2019-11-05,Detroit Mercy,,Loyola Chicago,REG (Non-Conf),L 60-89,,8,0,0,,0,0,,0,0,,,2,2,1.000,0,3,3,0,1,1,2,2,2,1.8,Alex Burr,https://www.sports-reference.com/cbb/players/alex-burr-1.html,detroit-mercy,2019-20
2,30,2,2019-11-08,Detroit Mercy,@,Michigan State,REG (Non-Conf),L 52-110,,10,0,2,.000,0,2,.000,0,0,,.000,0,0,,0,1,1,1,0,0,1,3,0,-2.6,Alex Burr,https://www.sports-reference.com/cbb/players/alex-burr-1.html,detroit-mercy,2019-20
3,31,3,2019-11-13,Detroit Mercy,@,Butler,REG (Non-Conf),L 60-82,,4,0,0,,0,0,,0,0,,,0,0,,0,0,0,0,0,0,0,1,0,-0.4,Alex Burr,https://www.sports-reference.com/cbb/players/alex-burr-1.html,detroit-mercy,2019-20
4,32,4,2019-11-16,Detroit Mercy,@,George Mason,REG (Non-Conf),L 62-75,,3,0,2,.000,0,0,,0,2,.000,.000,0,0,,0,0,0,0,0,0,0,1,0,-1.8,Alex Burr,https://www.sports-reference.com/cbb/players/alex-burr-1.html,detroit-mercy,2019-20
5,33,6,2019-11-23,Detroit Mercy,,Akron,REG (Non-Conf),L 60-81,,15,0,1,.000,0,0,,0,1,.000,.000,0,0,,0,0,0,0,0,0,0,2,0,-1.5,Alex Burr,https://www.sports-reference.com/cbb/players/alex-burr-1.html,detroit-mercy,2019-20
6,34,7,2019-11-29,Detroit Mercy,@,Sacred Heart,REG (Non-Conf),L 60-66,,5,0,0,,0,0,,0,0,,,0,0,,0,1,1,0,0,0,0,2,0,-0.5,Alex Burr,https://www.sports-reference.com/cbb/players/alex-burr-1.html,detroit-mercy,2019-20
7,35,8,2019-11-30,Detroit Mercy,,Tennessee Tech,REG (Non-Conf),L 47-69,,7,1,2,.500,0,0,,1,2,.500,.500,0,0,,1,2,3,0,0,0,1,1,2,0.9,Alex Burr,https://www.sports-reference.com/cbb/players/alex-burr-1.html,detroit-mercy,2019-20
8,36,12,2019-12-28,Detroit Mercy,,Oakland,REG (Conf),L 57-71,,7,0,2,.000,0,1,.000,0,1,.000,.000,0,0,,1,3,4,0,0,0,0,1,0,-0.2,Alex Burr,https://www.sports-reference.com/cbb/players/alex-burr-1.html,detroit-mercy,2019-20
9,37,13,2020-01-02,Detroit Mercy,@,Illinois–Chicago,REG (Conf),W 70-62,,10,0,0,,0,0,,0,0,,,0,0,,0,2,2,0,0,1,2,2,0,-1.5,Alex Burr,https://www.sports-reference.com/cbb/players/alex-burr-1.html,detroit-mercy,2019-20
10,38,14,2020-01-04,Detroit Mercy,@,IUPUI,REG (Conf),L 45-82,,9,0,1,.000,0,0,,0,1,.000,.000,0,0,,1,2,3,0,1,0,0,1,0,1.2,Alex Burr,https://www.sports-reference.com/cbb/players/alex-burr-1.html,detroit-mercy,2019-20
11,39,15,2020-01-09,Detroit Mercy,,Milwaukee,REG (Conf),L 48-63,,11,0,1,.000,0,1,.000,0,0,,.000,0,0,,1,2,3,1,1,0,1,0,0,1.3,Alex Burr,https://www.sports-reference.com/cbb/players/alex-burr-1.html,detroit-mercy,2019-20
12,40,16,2020-01-11,Detroit Mercy,,Green Bay,REG (Conf),L 48-65,,4,1,1,1.000,0,0,,1,1,1.000,1.000,0,0,,0,0,0,0,0,0,1,1,2,0.3,Alex Burr,https://www.sports-reference.com/cbb/players/alex-burr-1.html,detroit-mercy,2019-20
13,41,18,2020-01-18,Detroit Mercy,,Youngstown State,REG (Conf),L 47-62,,2,0,0,,0,0,,0,0,,,0,0,,0,0,0,0,0,0,0,0,0,0.0,Alex Burr,https://www.sports-reference.com/cbb/players/alex-burr-1.html,detroit-mercy,2019-20
