ranker,player_game_num_career,team_game_num_season,date,team_name_abbr,game_location,opp_name_abbr,game_type,game_result,is_starter,mp,fg,fga,fg_pct,fg3,fg3a,fg3_pct,fg2,fg2a,fg2_pct,efg_pct,ft,fta,ft_pct,orb,drb,trb,ast,stl,blk,tov,pf,pts,game_score,player_name,player_sr_link,school,season
1,1,1,2019-11-05,Detroit Mercy,,Loyola Chicago,REG (Non-Conf),L 60-89,,11,2,3,.667,0,0,,2,3,.667,.667,2,2,1.000,0,0,0,0,2,0,0,3,6,5.5,Bridgid Fox,https://www.sports-reference.com/cbb/players/bridgid-fox-1.html,detroit-mercy,2019-20
2,2,2,2019-11-08,Detroit Mercy,@,Michigan State,REG (Non-Conf),L 52-110,,14,1,2,.500,0,0,,1,2,.500,.500,0,0,,0,3,3,0,1,0,2,1,2,0.5,Bridgid Fox,https://www.sports-reference.com/cbb/players/bridgid-fox-1.html,detroit-mercy,2019-20
3,3,3,2019-11-13,Detroit Mercy,@,Butler,REG (Non-Conf),L 60-82,,11,1,2,.500,0,0,,1,2,.500,.500,1,2,.500,1,0,1,0,0,0,0,0,3,2.3,Bridgid Fox,https://www.sports-reference.com/cbb/players/bridgid-fox-1.html,detroit-mercy,2019-20
4,4,4,2019-11-16,Detroit Mercy,@,George Mason,REG (Non-Conf),L 62-75,,10,2,2,1.000,0,0,,2,2,1.000,1.000,1,1,1.000,2,3,5,1,0,0,4,1,5,3.0,Bridgid Fox,https://www.sports-reference.com/cbb/players/bridgid-fox-1.html,detroit-mercy,2019-20
5,5,5,2019-11-20,Detroit Mercy,@,Western Michigan,REG (Non-Conf),L 67-82,,6,2,5,.400,0,0,,2,5,.400,.400,0,0,,1,0,1,0,0,0,1,1,4,0.6,Bridgid Fox,https://www.sports-reference.com/cbb/players/bridgid-fox-1.html,detroit-mercy,2019-20
6,6,6,2019-11-23,Detroit Mercy,,Akron,REG (Non-Conf),L 60-81,,8,1,2,.500,0,1,.000,1,1,1.000,.500,0,0,,0,2,2,0,1,1,2,3,2,0.1,Bridgid Fox,https://www.sports-reference.com/cbb/players/bridgid-fox-1.html,detroit-mercy,2019-20
7,7,7,2019-11-29,Detroit Mercy,@,Sacred Heart,REG (Non-Conf),L 60-66,,19,5,7,.714,0,0,,5,7,.714,.714,2,2,1.000,2,5,7,0,1,0,1,2,12,11.2,Bridgid Fox,https://www.sports-reference.com/cbb/players/bridgid-fox-1.html,detroit-mercy,2019-20
8,8,8,2019-11-30,Detroit Mercy,,Tennessee Tech,REG (Non-Conf),L 47-69,,17,2,4,.500,0,1,.000,2,3,.667,.500,1,3,.333,0,3,3,0,0,0,1,4,5,0.5,Bridgid Fox,https://www.sports-reference.com/cbb/players/bridgid-fox-1.html,detroit-mercy,2019-20
9,9,9,2019-12-05,Detroit Mercy,,Valparaiso,REG (Non-Conf),L 58-77,*,20,1,2,.500,0,0,,1,2,.500,.500,1,2,.500,2,2,4,2,0,1,2,0,3,3.7,Bridgid Fox,https://www.sports-reference.com/cbb/players/bridgid-fox-1.html,detroit-mercy,2019-20
10,10,10,2019-12-14,Detroit Mercy,,Toledo,REG (Non-Conf),L 64-82,*,27,6,11,.545,0,1,.000,6,10,.600,.545,2,5,.400,5,4,9,2,0,1,2,3,14,11.1,Bridgid Fox,https://www.sports-reference.com/cbb/players/bridgid-fox-1.html,detroit-mercy,2019-20
11,11,11,2019-12-21,Detroit Mercy,,Eastern Michigan,REG (Non-Conf),L 70-84,*,22,3,6,.500,1,2,.500,2,4,.500,.583,7,10,.700,4,4,8,1,0,1,0,4,14,13.6,Bridgid Fox,https://www.sports-reference.com/cbb/players/bridgid-fox-1.html,detroit-mercy,2019-20
12,12,12,2019-12-28,Detroit Mercy,,Oakland,REG (Conf),L 57-71,*,25,1,6,.167,0,1,.000,1,5,.200,.167,0,3,.000,2,4,6,0,0,0,0,0,2,-0.4,Bridgid Fox,https://www.sports-reference.com/cbb/players/bridgid-fox-1.html,detroit-mercy,2019-20
13,13,13,2020-01-02,Detroit Mercy,@,Illinois–Chicago,REG (Conf),W 70-62,*,17,3,3,1.000,0,0,,3,3,1.000,1.000,1,2,.500,1,2,3,1,0,0,4,5,7,1.7,Bridgid Fox,https://www.sports-reference.com/cbb/players/bridgid-fox-1.html,detroit-mercy,2019-20
14,14,14,2020-01-04,Detroit Mercy,@,IUPUI,REG (Conf),L 45-82,*,21,4,7,.571,0,2,.000,4,5,.800,.571,0,0,,0,3,3,0,0,0,2,3,8,2.4,Bridgid Fox,https://www.sports-reference.com/cbb/players/bridgid-fox-1.html,detroit-mercy,2019-20
15,15,15,2020-01-09,Detroit Mercy,,Milwaukee,REG (Conf),L 48-63,*,25,2,5,.400,0,1,.000,2,4,.500,.400,1,2,.500,0,3,3,0,1,0,2,1,5,1.4,Bridgid Fox,https://www.sports-reference.com/cbb/players/bridgid-fox-1.html,detroit-mercy,2019-20
16,16,16,2020-01-11,Detroit Mercy,,Green Bay,REG (Conf),L 48-65,*,13,0,0,,0,0,,0,0,,,2,2,1.000,1,0,1,0,0,0,2,3,2,-0.5,Bridgid Fox,https://www.sports-reference.com/cbb/players/bridgid-fox-1.html,detroit-mercy,2019-20
17,17,17,2020-01-16,Detroit Mercy,,Cleveland State,REG (Conf),W 70-59,*,28,6,7,.857,0,0,,6,7,.857,.857,0,0,,3,5,8,1,0,0,2,3,12,10.6,Bridgid Fox,https://www.sports-reference.com/cbb/players/bridgid-fox-1.html,detroit-mercy,2019-20
18,18,18,2020-01-18,Detroit Mercy,,Youngstown State,REG (Conf),L 47-62,*,23,4,6,.667,0,0,,4,6,.667,.667,7,8,.875,2,4,6,0,0,1,3,2,15,11.5,Bridgid Fox,https://www.sports-reference.com/cbb/players/bridgid-fox-1.html,detroit-mercy,2019-20
19,19,19,2020-01-23,Detroit Mercy,@,Wright State,REG (Conf),L 61-67,*,23,1,5,.200,0,2,.000,1,3,.333,.200,2,2,1.000,1,4,5,0,1,0,2,3,4,0.6,Bridgid Fox,https://www.sports-reference.com/cbb/players/bridgid-fox-1.html,detroit-mercy,2019-20
20,20,20,2020-01-25,Detroit Mercy,@,Northern Kentucky,REG (Conf),L 60-72,*,24,1,4,.250,0,1,.000,1,3,.333,.250,0,0,,1,2,3,0,0,1,3,4,2,-3.0,Bridgid Fox,https://www.sports-reference.com/cbb/players/bridgid-fox-1.html,detroit-mercy,2019-20
21,21,21,2020-02-01,Detroit Mercy,@,Oakland,REG (Conf),L 60-65,*,21,2,2,1.000,0,0,,2,2,1.000,1.000,1,2,.500,3,4,7,0,3,0,4,2,5,5.5,Bridgid Fox,https://www.sports-reference.com/cbb/players/bridgid-fox-1.html,detroit-mercy,2019-20
22,22,22,2020-02-06,Detroit Mercy,,IUPUI,REG (Conf),L 54-95,*,22,4,6,.667,0,1,.000,4,5,.800,.667,5,7,.714,1,4,5,0,0,0,1,3,13,9.3,Bridgid Fox,https://www.sports-reference.com/cbb/players/bridgid-fox-1.html,detroit-mercy,2019-20
23,23,23,2020-02-08,Detroit Mercy,,Illinois–Chicago,REG (Conf),W 58-52,*,26,0,2,.000,0,1,.000,0,1,.000,.000,0,0,,1,4,5,0,1,0,2,2,0,-1.3,Bridgid Fox,https://www.sports-reference.com/cbb/players/bridgid-fox-1.html,detroit-mercy,2019-20
24,24,24,2020-02-14,Detroit Mercy,@,Green Bay,REG (Conf),L 45-72,*,22,1,3,.333,0,0,,1,3,.333,.333,2,4,.500,0,3,3,0,1,0,2,0,4,1.4,Bridgid Fox,https://www.sports-reference.com/cbb/players/bridgid-fox-1.html,detroit-mercy,2019-20
25,25,25,2020-02-16,Detroit Mercy,@,Milwaukee,REG (Conf),L 51-76,*,14,2,5,.400,0,1,.000,2,4,.500,.400,1,1,1.000,0,0,0,1,0,0,3,2,5,-0.8,Bridgid Fox,https://www.sports-reference.com/cbb/players/bridgid-fox-1.html,detroit-mercy,2019-20
26,26,26,2020-02-21,Detroit Mercy,@,Youngstown State,REG (Conf),L 66-72,*,20,3,6,.500,1,3,.333,2,3,.667,.583,1,2,.500,0,1,1,0,0,1,3,3,8,1.4,Bridgid Fox,https://www.sports-reference.com/cbb/players/bridgid-fox-1.html,detroit-mercy,2019-20
27,27,27,2020-02-23,Detroit Mercy,@,Cleveland State,REG (Conf),L 63-68,*,23,7,9,.778,0,0,,7,9,.778,.778,1,3,.333,1,2,3,1,0,2,0,4,15,12.5,Bridgid Fox,https://www.sports-reference.com/cbb/players/bridgid-fox-1.html,detroit-mercy,2019-20
28,28,28,2020-02-27,Detroit Mercy,,Northern Kentucky,REG (Conf),L 61-82,*,15,4,6,.667,0,0,,4,6,.667,.667,5,5,1.000,1,1,2,0,0,1,2,4,13,8.5,Bridgid Fox,https://www.sports-reference.com/cbb/players/bridgid-fox-1.html,detroit-mercy,2019-20
29,29,29,2020-02-29,Detroit Mercy,,Wright State,REG (Conf),L 58-66,*,27,4,6,.667,0,1,.000,4,5,.800,.667,2,3,.667,1,1,2,0,0,0,0,4,10,6.4,Bridgid Fox,https://www.sports-reference.com/cbb/players/bridgid-fox-1.html,detroit-mercy,2019-20
30,30,30,2020-03-03,Detroit Mercy,@,Northern Kentucky,CTOURN,L 47-94,*,26,2,3,.667,0,1,.000,2,2,1.000,.667,2,2,1.000,1,6,7,0,0,0,2,2,6,4.4,Bridgid Fox,https://www.sports-reference.com/cbb/players/bridgid-fox-1.html,detroit-mercy,2019-20
