ranker,player_game_num_career,team_game_num_season,date,team_name_abbr,game_location,opp_name_abbr,game_type,game_result,is_starter,mp,fg,fga,fg_pct,fg3,fg3a,fg3_pct,fg2,fg2a,fg2_pct,efg_pct,ft,fta,ft_pct,orb,drb,trb,ast,stl,blk,tov,pf,pts,game_score,player_name,player_sr_link,school,season
1,28,1,2019-11-05,Detroit Mercy,,Loyola Chicago,REG (Non-Conf),L 60-89,,21,2,10,.200,1,4,.250,1,6,.167,.250,1,2,.500,0,0,0,0,0,0,0,2,6,-1.4,Jiera Shears,https://www.sports-reference.com/cbb/players/jiera-shears-1.html,detroit-mercy,2019-20
2,29,2,2019-11-08,Detroit Mercy,@,Michigan State,REG (Non-Conf),L 52-110,,9,0,2,.000,0,1,.000,0,1,.000,.000,0,0,,0,0,0,1,0,0,3,0,0,-3.7,Jiera Shears,https://www.sports-reference.com/cbb/players/jiera-shears-1.html,detroit-mercy,2019-20
3,30,3,2019-11-13,Detroit Mercy,@,Butler,REG (Non-Conf),L 60-82,,12,2,5,.400,1,2,.500,1,3,.333,.500,0,0,,0,1,1,1,0,0,1,0,5,2.3,Jiera Shears,https://www.sports-reference.com/cbb/players/jiera-shears-1.html,detroit-mercy,2019-20
4,31,4,2019-11-16,Detroit Mercy,@,George Mason,REG (Non-Conf),L 62-75,,2,0,0,,0,0,,0,0,,,0,0,,0,0,0,0,0,0,0,0,0,0.0,Jiera Shears,https://www.sports-reference.com/cbb/players/jiera-shears-1.html,detroit-mercy,2019-20
5,32,5,2019-11-20,Detroit Mercy,@,Western Michigan,REG (Non-Conf),L 67-82,,4,0,2,.000,0,2,.000,0,0,,.000,0,0,,0,1,1,0,0,0,1,0,0,-2.1,Jiera Shears,https://www.sports-reference.com/cbb/players/jiera-shears-1.html,detroit-mercy,2019-20
6,33,6,2019-11-23,Detroit Mercy,,Akron,REG (Non-Conf),L 60-81,,9,1,2,.500,1,1,1.000,0,1,.000,.750,0,0,,0,0,0,1,0,0,2,0,3,0.7,Jiera Shears,https://www.sports-reference.com/cbb/players/jiera-shears-1.html,detroit-mercy,2019-20
7,34,7,2019-11-29,Detroit Mercy,@,Sacred Heart,REG (Non-Conf),L 60-66,,12,1,3,.333,0,0,,1,3,.333,.333,0,0,,1,1,2,0,1,0,2,1,2,-0.1,Jiera Shears,https://www.sports-reference.com/cbb/players/jiera-shears-1.html,detroit-mercy,2019-20
8,35,8,2019-11-30,Detroit Mercy,,Tennessee Tech,REG (Non-Conf),L 47-69,,7,0,1,.000,0,0,,0,1,.000,.000,0,0,,0,0,0,0,0,0,1,0,0,-1.7,Jiera Shears,https://www.sports-reference.com/cbb/players/jiera-shears-1.html,detroit-mercy,2019-20
9,36,9,2019-12-05,Detroit Mercy,,Valparaiso,REG (Non-Conf),L 58-77,,8,0,0,,0,0,,0,0,,,0,0,,0,0,0,3,1,0,4,0,0,-0.9,Jiera Shears,https://www.sports-reference.com/cbb/players/jiera-shears-1.html,detroit-mercy,2019-20
10,37,10,2019-12-14,Detroit Mercy,,Toledo,REG (Non-Conf),L 64-82,,12,2,3,.667,1,1,1.000,1,2,.500,.833,0,2,.000,0,2,2,0,1,0,0,0,5,4.5,Jiera Shears,https://www.sports-reference.com/cbb/players/jiera-shears-1.html,detroit-mercy,2019-20
11,38,11,2019-12-21,Detroit Mercy,,Eastern Michigan,REG (Non-Conf),L 70-84,,8,0,4,.000,0,2,.000,0,2,.000,.000,0,0,,0,0,0,0,0,0,1,1,0,-4.2,Jiera Shears,https://www.sports-reference.com/cbb/players/jiera-shears-1.html,detroit-mercy,2019-20
12,39,12,2019-12-28,Detroit Mercy,,Oakland,REG (Conf),L 57-71,,16,2,5,.400,1,1,1.000,1,4,.250,.500,0,0,,1,1,2,1,0,0,3,0,5,1.0,Jiera Shears,https://www.sports-reference.com/cbb/players/jiera-shears-1.html,detroit-mercy,2019-20
13,40,13,2020-01-02,Detroit Mercy,@,Illinois–Chicago,REG (Conf),W 70-62,,16,1,5,.200,0,2,.000,1,3,.333,.200,0,4,.000,0,2,2,1,2,0,3,1,2,-2.8,Jiera Shears,https://www.sports-reference.com/cbb/players/jiera-shears-1.html,detroit-mercy,2019-20
14,41,14,2020-01-04,Detroit Mercy,@,IUPUI,REG (Conf),L 45-82,,19,3,7,.429,1,3,.333,2,4,.500,.500,1,2,.500,0,2,2,1,0,0,5,2,8,-0.6,Jiera Shears,https://www.sports-reference.com/cbb/players/jiera-shears-1.html,detroit-mercy,2019-20
15,42,15,2020-01-09,Detroit Mercy,,Milwaukee,REG (Conf),L 48-63,,11,0,4,.000,0,2,.000,0,2,.000,.000,0,0,,0,0,0,1,0,0,1,1,0,-3.5,Jiera Shears,https://www.sports-reference.com/cbb/players/jiera-shears-1.html,detroit-mercy,2019-20
16,43,16,2020-01-11,Detroit Mercy,,Green Bay,REG (Conf),L 48-65,,17,2,4,.500,2,4,.500,0,0,,.750,0,4,.000,0,1,1,1,0,0,1,1,6,2.0,Jiera Shears,https://www.sports-reference.com/cbb/players/jiera-shears-1.html,detroit-mercy,2019-20
17,44,17,2020-01-16,Detroit Mercy,,Cleveland State,REG (Conf),W 70-59,,7,1,1,1.000,0,0,,1,1,1.000,1.000,1,2,.500,0,0,0,0,0,0,2,0,3,0.3,Jiera Shears,https://www.sports-reference.com/cbb/players/jiera-shears-1.html,detroit-mercy,2019-20
18,45,18,2020-01-18,Detroit Mercy,,Youngstown State,REG (Conf),L 47-62,,17,1,3,.333,0,1,.000,1,2,.500,.333,2,2,1.000,0,0,0,1,1,0,1,1,4,2.6,Jiera Shears,https://www.sports-reference.com/cbb/players/jiera-shears-1.html,detroit-mercy,2019-20
19,46,19,2020-01-23,Detroit Mercy,@,Wright State,REG (Conf),L 61-67,,15,2,4,.500,0,1,.000,2,3,.667,.500,4,4,1.000,0,1,1,2,2,0,1,1,8,8.3,Jiera Shears,https://www.sports-reference.com/cbb/players/jiera-shears-1.html,detroit-mercy,2019-20
20,47,20,2020-01-25,Detroit Mercy,@,Northern Kentucky,REG (Conf),L 60-72,,16,1,7,.143,0,0,,1,7,.143,.143,2,2,1.000,0,0,0,1,1,1,0,2,4,1.1,Jiera Shears,https://www.sports-reference.com/cbb/players/jiera-shears-1.html,detroit-mercy,2019-20
21,48,21,2020-02-01,Detroit Mercy,@,Oakland,REG (Conf),L 60-65,,11,0,2,.000,0,0,,0,2,.000,.000,2,2,1.000,0,1,1,0,0,0,3,0,2,-2.1,Jiera Shears,https://www.sports-reference.com/cbb/players/jiera-shears-1.html,detroit-mercy,2019-20
22,49,22,2020-02-06,Detroit Mercy,,IUPUI,REG (Conf),L 54-95,*,29,3,7,.429,0,0,,3,7,.429,.429,2,2,1.000,0,1,1,2,0,0,5,2,8,0.2,Jiera Shears,https://www.sports-reference.com/cbb/players/jiera-shears-1.html,detroit-mercy,2019-20
23,50,23,2020-02-08,Detroit Mercy,,Illinois–Chicago,REG (Conf),W 58-52,*,31,2,8,.250,1,2,.500,1,6,.167,.313,9,12,.750,1,2,3,1,2,0,1,4,14,9.4,Jiera Shears,https://www.sports-reference.com/cbb/players/jiera-shears-1.html,detroit-mercy,2019-20
24,51,24,2020-02-14,Detroit Mercy,@,Green Bay,REG (Conf),L 45-72,,17,2,5,.400,1,2,.500,1,3,.333,.500,2,2,1.000,2,0,2,1,0,0,1,0,7,5.4,Jiera Shears,https://www.sports-reference.com/cbb/players/jiera-shears-1.html,detroit-mercy,2019-20
25,52,25,2020-02-16,Detroit Mercy,@,Milwaukee,REG (Conf),L 51-76,,11,0,2,.000,0,1,.000,0,1,.000,.000,0,0,,0,2,2,0,0,0,2,1,0,-3.2,Jiera Shears,https://www.sports-reference.com/cbb/players/jiera-shears-1.html,detroit-mercy,2019-20
26,53,26,2020-02-21,Detroit Mercy,@,Youngstown State,REG (Conf),L 66-72,,12,0,1,.000,0,0,,0,1,.000,.000,0,0,,1,5,6,5,0,1,0,0,0,5.7,Jiera Shears,https://www.sports-reference.com/cbb/players/jiera-shears-1.html,detroit-mercy,2019-20
27,54,27,2020-02-23,Detroit Mercy,@,Cleveland State,REG (Conf),L 63-68,,12,3,5,.600,1,3,.333,2,2,1.000,.700,1,1,1.000,0,2,2,2,0,0,3,0,8,4.7,Jiera Shears,https://www.sports-reference.com/cbb/players/jiera-shears-1.html,detroit-mercy,2019-20
28,55,28,2020-02-27,Detroit Mercy,,Northern Kentucky,REG (Conf),L 61-82,,13,0,1,.000,0,1,.000,0,0,,.000,0,0,,0,1,1,1,0,0,1,0,0,-0.7,Jiera Shears,https://www.sports-reference.com/cbb/players/jiera-shears-1.html,detroit-mercy,2019-20
29,56,29,2020-02-29,Detroit Mercy,,Wright State,REG (Conf),L 58-66,,13,1,4,.250,0,1,.000,1,3,.333,.250,1,2,.500,0,4,4,1,0,0,1,4,3,-0.5,Jiera Shears,https://www.sports-reference.com/cbb/players/jiera-shears-1.html,detroit-mercy,2019-20
30,57,30,2020-03-03,Detroit Mercy,@,Northern Kentucky,CTOURN,L 47-94,,17,1,7,.143,0,1,.000,1,6,.167,.143,2,2,1.000,0,2,2,0,0,0,1,4,4,-2.5,Jiera Shears,https://www.sports-reference.com/cbb/players/jiera-shears-1.html,detroit-mercy,2019-20
