ranker,player_game_num_career,team_game_num_season,date,team_name_abbr,game_location,opp_name_abbr,game_type,game_result,is_starter,mp,fg,fga,fg_pct,fg3,fg3a,fg3_pct,fg2,fg2a,fg2_pct,efg_pct,ft,fta,ft_pct,orb,drb,trb,ast,stl,blk,tov,pf,pts,game_score,player_name,player_sr_link,school,season
1,30,1,2019-11-05,Detroit Mercy,,Loyola Chicago,REG (Non-Conf),L 60-89,*,23,1,6,.167,0,2,.000,1,4,.250,.167,0,0,,0,9,9,1,1,0,2,1,2,0.2,Maxine Moore,https://www.sports-reference.com/cbb/players/maxine-moore-1.html,detroit-mercy,2019-20
2,31,2,2019-11-08,Detroit Mercy,@,Michigan State,REG (Non-Conf),L 52-110,*,22,5,10,.500,1,3,.333,4,7,.571,.550,2,3,.667,1,2,3,0,0,0,4,3,13,3.7,Maxine Moore,https://www.sports-reference.com/cbb/players/maxine-moore-1.html,detroit-mercy,2019-20
3,32,3,2019-11-13,Detroit Mercy,@,Butler,REG (Non-Conf),L 60-82,*,27,5,10,.500,0,2,.000,5,8,.625,.500,0,0,,1,4,5,1,1,0,2,0,10,6.6,Maxine Moore,https://www.sports-reference.com/cbb/players/maxine-moore-1.html,detroit-mercy,2019-20
4,33,4,2019-11-16,Detroit Mercy,@,George Mason,REG (Non-Conf),L 62-75,*,29,5,13,.385,2,5,.400,3,8,.375,.462,0,0,,0,4,4,0,0,0,2,1,12,3.7,Maxine Moore,https://www.sports-reference.com/cbb/players/maxine-moore-1.html,detroit-mercy,2019-20
5,34,5,2019-11-20,Detroit Mercy,@,Western Michigan,REG (Non-Conf),L 67-82,*,29,4,11,.364,1,3,.333,3,8,.375,.409,3,4,.750,1,4,5,1,1,1,2,2,12,7.0,Maxine Moore,https://www.sports-reference.com/cbb/players/maxine-moore-1.html,detroit-mercy,2019-20
6,35,6,2019-11-23,Detroit Mercy,,Akron,REG (Non-Conf),L 60-81,*,23,2,9,.222,0,2,.000,2,7,.286,.222,0,0,,0,2,2,1,0,0,1,4,4,-2.8,Maxine Moore,https://www.sports-reference.com/cbb/players/maxine-moore-1.html,detroit-mercy,2019-20
7,36,7,2019-11-29,Detroit Mercy,@,Sacred Heart,REG (Non-Conf),L 60-66,*,30,3,9,.333,0,1,.000,3,8,.375,.333,0,0,,0,3,3,1,0,1,0,2,6,2.4,Maxine Moore,https://www.sports-reference.com/cbb/players/maxine-moore-1.html,detroit-mercy,2019-20
8,37,8,2019-11-30,Detroit Mercy,,Tennessee Tech,REG (Non-Conf),L 47-69,*,22,1,6,.167,0,3,.000,1,3,.333,.167,0,0,,1,6,7,0,2,0,4,1,2,-1.7,Maxine Moore,https://www.sports-reference.com/cbb/players/maxine-moore-1.html,detroit-mercy,2019-20
9,38,9,2019-12-05,Detroit Mercy,,Valparaiso,REG (Non-Conf),L 58-77,,23,5,8,.625,0,1,.000,5,7,.714,.625,0,0,,1,6,7,1,0,0,0,4,10,8.0,Maxine Moore,https://www.sports-reference.com/cbb/players/maxine-moore-1.html,detroit-mercy,2019-20
10,39,10,2019-12-14,Detroit Mercy,,Toledo,REG (Non-Conf),L 64-82,*,23,4,11,.364,0,5,.000,4,6,.667,.364,0,0,,0,4,4,0,0,0,3,3,8,-1.1,Maxine Moore,https://www.sports-reference.com/cbb/players/maxine-moore-1.html,detroit-mercy,2019-20
11,40,11,2019-12-21,Detroit Mercy,,Eastern Michigan,REG (Non-Conf),L 70-84,*,15,0,3,.000,0,1,.000,0,2,.000,.000,0,0,,0,2,2,1,0,0,0,2,0,-1.6,Maxine Moore,https://www.sports-reference.com/cbb/players/maxine-moore-1.html,detroit-mercy,2019-20
12,41,12,2019-12-28,Detroit Mercy,,Oakland,REG (Conf),L 57-71,*,26,9,17,.529,1,3,.333,8,14,.571,.559,3,4,.750,1,4,5,0,1,0,1,0,22,15.2,Maxine Moore,https://www.sports-reference.com/cbb/players/maxine-moore-1.html,detroit-mercy,2019-20
13,42,13,2020-01-02,Detroit Mercy,@,Illinois–Chicago,REG (Conf),W 70-62,*,19,3,5,.600,1,2,.500,2,3,.667,.700,2,2,1.000,0,2,2,0,0,0,5,2,9,1.5,Maxine Moore,https://www.sports-reference.com/cbb/players/maxine-moore-1.html,detroit-mercy,2019-20
14,43,14,2020-01-04,Detroit Mercy,@,IUPUI,REG (Conf),L 45-82,*,18,0,5,.000,0,4,.000,0,1,.000,.000,0,0,,0,1,1,0,0,0,0,0,0,-3.2,Maxine Moore,https://www.sports-reference.com/cbb/players/maxine-moore-1.html,detroit-mercy,2019-20
15,44,15,2020-01-09,Detroit Mercy,,Milwaukee,REG (Conf),L 48-63,*,22,2,6,.333,0,2,.000,2,4,.500,.333,0,0,,1,1,2,1,0,0,3,2,4,-1.5,Maxine Moore,https://www.sports-reference.com/cbb/players/maxine-moore-1.html,detroit-mercy,2019-20
16,45,16,2020-01-11,Detroit Mercy,,Green Bay,REG (Conf),L 48-65,*,17,0,10,.000,0,5,.000,0,5,.000,.000,0,0,,0,1,1,2,0,0,0,0,0,-5.3,Maxine Moore,https://www.sports-reference.com/cbb/players/maxine-moore-1.html,detroit-mercy,2019-20
17,46,17,2020-01-16,Detroit Mercy,,Cleveland State,REG (Conf),W 70-59,*,22,3,12,.250,0,1,.000,3,11,.273,.250,2,2,1.000,0,7,7,4,2,0,4,1,8,3.3,Maxine Moore,https://www.sports-reference.com/cbb/players/maxine-moore-1.html,detroit-mercy,2019-20
18,47,18,2020-01-18,Detroit Mercy,,Youngstown State,REG (Conf),L 47-62,*,22,1,3,.333,0,1,.000,1,2,.500,.333,0,2,.000,0,2,2,0,0,1,0,1,2,0.4,Maxine Moore,https://www.sports-reference.com/cbb/players/maxine-moore-1.html,detroit-mercy,2019-20
19,48,19,2020-01-23,Detroit Mercy,@,Wright State,REG (Conf),L 61-67,*,20,4,5,.800,1,2,.500,3,3,1.000,.900,3,4,.750,2,2,4,1,1,0,2,3,12,10.2,Maxine Moore,https://www.sports-reference.com/cbb/players/maxine-moore-1.html,detroit-mercy,2019-20
20,49,20,2020-01-25,Detroit Mercy,@,Northern Kentucky,REG (Conf),L 60-72,*,29,6,9,.667,0,1,.000,6,8,.750,.667,2,2,1.000,0,7,7,0,0,1,5,1,14,7.5,Maxine Moore,https://www.sports-reference.com/cbb/players/maxine-moore-1.html,detroit-mercy,2019-20
21,50,21,2020-02-01,Detroit Mercy,@,Oakland,REG (Conf),L 60-65,*,29,6,11,.545,0,0,,6,11,.545,.545,3,4,.750,1,4,5,1,0,0,2,1,15,9.5,Maxine Moore,https://www.sports-reference.com/cbb/players/maxine-moore-1.html,detroit-mercy,2019-20
22,51,22,2020-02-06,Detroit Mercy,,IUPUI,REG (Conf),L 54-95,*,22,2,6,.333,0,2,.000,2,4,.500,.333,0,0,,1,2,3,0,1,0,2,3,4,-0.3,Maxine Moore,https://www.sports-reference.com/cbb/players/maxine-moore-1.html,detroit-mercy,2019-20
23,52,23,2020-02-08,Detroit Mercy,,Illinois–Chicago,REG (Conf),W 58-52,*,28,3,7,.429,0,0,,3,7,.429,.429,2,2,1.000,3,3,6,1,0,1,3,3,8,4.5,Maxine Moore,https://www.sports-reference.com/cbb/players/maxine-moore-1.html,detroit-mercy,2019-20
24,53,24,2020-02-14,Detroit Mercy,@,Green Bay,REG (Conf),L 45-72,*,25,4,9,.444,0,1,.000,4,8,.500,.444,0,0,,0,4,4,1,0,0,3,1,8,1.8,Maxine Moore,https://www.sports-reference.com/cbb/players/maxine-moore-1.html,detroit-mercy,2019-20
25,54,25,2020-02-16,Detroit Mercy,@,Milwaukee,REG (Conf),L 51-76,*,30,5,17,.294,1,5,.200,4,12,.333,.324,3,4,.750,3,8,11,1,0,1,3,2,14,5.8,Maxine Moore,https://www.sports-reference.com/cbb/players/maxine-moore-1.html,detroit-mercy,2019-20
26,55,26,2020-02-21,Detroit Mercy,@,Youngstown State,REG (Conf),L 66-72,*,30,3,13,.231,0,1,.000,3,12,.250,.231,0,0,,2,6,8,3,0,0,4,4,6,-2.2,Maxine Moore,https://www.sports-reference.com/cbb/players/maxine-moore-1.html,detroit-mercy,2019-20
27,56,27,2020-02-23,Detroit Mercy,@,Cleveland State,REG (Conf),L 63-68,*,31,5,13,.385,0,0,,5,13,.385,.385,2,2,1.000,4,8,12,3,1,0,3,1,12,9.8,Maxine Moore,https://www.sports-reference.com/cbb/players/maxine-moore-1.html,detroit-mercy,2019-20
28,57,28,2020-02-27,Detroit Mercy,,Northern Kentucky,REG (Conf),L 61-82,*,31,6,13,.462,2,2,1.000,4,11,.364,.538,0,0,,3,4,7,1,1,0,2,0,14,10.3,Maxine Moore,https://www.sports-reference.com/cbb/players/maxine-moore-1.html,detroit-mercy,2019-20
29,58,29,2020-02-29,Detroit Mercy,,Wright State,REG (Conf),L 58-66,*,30,4,11,.364,0,4,.000,4,7,.571,.364,1,1,1.000,2,6,8,0,1,0,1,1,9,5.7,Maxine Moore,https://www.sports-reference.com/cbb/players/maxine-moore-1.html,detroit-mercy,2019-20
30,59,30,2020-03-03,Detroit Mercy,@,Northern Kentucky,CTOURN,L 47-94,*,19,1,6,.167,1,4,.250,0,2,.000,.250,0,0,,0,4,4,1,0,0,2,0,3,-0.9,Maxine Moore,https://www.sports-reference.com/cbb/players/maxine-moore-1.html,detroit-mercy,2019-20
