ranker,player_game_num_career,team_game_num_season,date,team_name_abbr,game_location,opp_name_abbr,game_type,game_result,is_starter,mp,fg,fga,fg_pct,fg3,fg3a,fg3_pct,fg2,fg2a,fg2_pct,efg_pct,ft,fta,ft_pct,orb,drb,trb,ast,stl,blk,tov,pf,pts,game_score,player_name,player_sr_link,school,season
1,4,1,2019-11-05,Detroit Mercy,,Loyola Chicago,REG (Non-Conf),L 60-89,,10,1,3,.333,0,0,,1,3,.333,.333,0,0,,2,2,4,0,0,0,0,2,2,1.5,Nicole Johanson,https://www.sports-reference.com/cbb/players/nicole-johanson-1.html,detroit-mercy,2019-20
2,5,2,2019-11-08,Detroit Mercy,@,Michigan State,REG (Non-Conf),L 52-110,,13,1,4,.250,0,0,,1,4,.250,.250,0,0,,1,1,2,0,0,0,1,3,2,-1.6,Nicole Johanson,https://www.sports-reference.com/cbb/players/nicole-johanson-1.html,detroit-mercy,2019-20
3,6,3,2019-11-13,Detroit Mercy,@,Butler,REG (Non-Conf),L 60-82,,12,3,3,1.000,0,0,,3,3,1.000,1.000,1,4,.250,1,2,3,0,0,1,0,3,7,5.7,Nicole Johanson,https://www.sports-reference.com/cbb/players/nicole-johanson-1.html,detroit-mercy,2019-20
4,7,4,2019-11-16,Detroit Mercy,@,George Mason,REG (Non-Conf),L 62-75,,23,5,10,.500,0,2,.000,5,8,.625,.500,2,2,1.000,2,9,11,1,0,3,2,3,12,10.7,Nicole Johanson,https://www.sports-reference.com/cbb/players/nicole-johanson-1.html,detroit-mercy,2019-20
5,8,5,2019-11-20,Detroit Mercy,@,Western Michigan,REG (Non-Conf),L 67-82,,22,7,9,.778,0,0,,7,9,.778,.778,3,4,.750,2,5,7,0,0,0,2,3,17,12.8,Nicole Johanson,https://www.sports-reference.com/cbb/players/nicole-johanson-1.html,detroit-mercy,2019-20
6,9,6,2019-11-23,Detroit Mercy,,Akron,REG (Non-Conf),L 60-81,,21,4,10,.400,0,0,,4,10,.400,.400,2,3,.667,3,3,6,0,0,1,3,1,10,4.5,Nicole Johanson,https://www.sports-reference.com/cbb/players/nicole-johanson-1.html,detroit-mercy,2019-20
7,10,7,2019-11-29,Detroit Mercy,@,Sacred Heart,REG (Non-Conf),L 60-66,,10,0,1,.000,0,0,,0,1,.000,.000,2,2,1.000,0,0,0,1,0,0,4,3,2,-3.2,Nicole Johanson,https://www.sports-reference.com/cbb/players/nicole-johanson-1.html,detroit-mercy,2019-20
8,11,8,2019-11-30,Detroit Mercy,,Tennessee Tech,REG (Non-Conf),L 47-69,,9,0,0,,0,0,,0,0,,,0,0,,0,0,0,0,0,0,0,0,0,0.0,Nicole Johanson,https://www.sports-reference.com/cbb/players/nicole-johanson-1.html,detroit-mercy,2019-20
9,12,9,2019-12-05,Detroit Mercy,,Valparaiso,REG (Non-Conf),L 58-77,,17,2,2,1.000,0,0,,2,2,1.000,1.000,2,2,1.000,1,3,4,0,1,1,1,2,6,6.9,Nicole Johanson,https://www.sports-reference.com/cbb/players/nicole-johanson-1.html,detroit-mercy,2019-20
10,13,10,2019-12-14,Detroit Mercy,,Toledo,REG (Non-Conf),L 64-82,,12,0,0,,0,0,,0,0,,,0,0,,0,2,2,0,0,1,0,0,0,1.3,Nicole Johanson,https://www.sports-reference.com/cbb/players/nicole-johanson-1.html,detroit-mercy,2019-20
11,14,11,2019-12-21,Detroit Mercy,,Eastern Michigan,REG (Non-Conf),L 70-84,,11,1,1,1.000,0,0,,1,1,1.000,1.000,0,0,,0,4,4,0,0,0,2,2,2,0.1,Nicole Johanson,https://www.sports-reference.com/cbb/players/nicole-johanson-1.html,detroit-mercy,2019-20
12,15,12,2019-12-28,Detroit Mercy,,Oakland,REG (Conf),L 57-71,,5,0,0,,0,0,,0,0,,,0,0,,0,1,1,0,0,0,1,0,0,-0.7,Nicole Johanson,https://www.sports-reference.com/cbb/players/nicole-johanson-1.html,detroit-mercy,2019-20
13,16,13,2020-01-02,Detroit Mercy,@,Illinois–Chicago,REG (Conf),W 70-62,,12,3,5,.600,0,0,,3,5,.600,.600,2,2,1.000,1,2,3,0,2,0,1,5,8,6.0,Nicole Johanson,https://www.sports-reference.com/cbb/players/nicole-johanson-1.html,detroit-mercy,2019-20
14,17,14,2020-01-04,Detroit Mercy,@,IUPUI,REG (Conf),L 45-82,,11,2,2,1.000,0,0,,2,2,1.000,1.000,1,2,.500,2,1,3,0,1,0,1,1,5,5.3,Nicole Johanson,https://www.sports-reference.com/cbb/players/nicole-johanson-1.html,detroit-mercy,2019-20
15,18,15,2020-01-09,Detroit Mercy,,Milwaukee,REG (Conf),L 48-63,,3,0,0,,0,0,,0,0,,,0,0,,0,1,1,0,0,0,0,0,0,0.3,Nicole Johanson,https://www.sports-reference.com/cbb/players/nicole-johanson-1.html,detroit-mercy,2019-20
16,19,16,2020-01-11,Detroit Mercy,,Green Bay,REG (Conf),L 48-65,,23,0,1,.000,0,0,,0,1,.000,.000,1,2,.500,1,6,7,0,0,0,2,2,1,-0.4,Nicole Johanson,https://www.sports-reference.com/cbb/players/nicole-johanson-1.html,detroit-mercy,2019-20
17,20,17,2020-01-16,Detroit Mercy,,Cleveland State,REG (Conf),W 70-59,,12,1,3,.333,0,0,,1,3,.333,.333,0,0,,1,5,6,0,1,0,0,4,2,1.9,Nicole Johanson,https://www.sports-reference.com/cbb/players/nicole-johanson-1.html,detroit-mercy,2019-20
18,21,18,2020-01-18,Detroit Mercy,,Youngstown State,REG (Conf),L 47-62,,15,0,1,.000,0,1,.000,0,0,,.000,1,4,.250,0,1,1,0,1,0,1,3,1,-1.8,Nicole Johanson,https://www.sports-reference.com/cbb/players/nicole-johanson-1.html,detroit-mercy,2019-20
19,22,19,2020-01-23,Detroit Mercy,@,Wright State,REG (Conf),L 61-67,,17,2,2,1.000,0,0,,2,2,1.000,1.000,3,4,.750,1,4,5,0,0,0,1,3,7,5.7,Nicole Johanson,https://www.sports-reference.com/cbb/players/nicole-johanson-1.html,detroit-mercy,2019-20
20,23,20,2020-01-25,Detroit Mercy,@,Northern Kentucky,REG (Conf),L 60-72,,12,1,5,.200,0,0,,1,5,.200,.200,2,2,1.000,4,1,5,0,0,0,0,1,4,3.6,Nicole Johanson,https://www.sports-reference.com/cbb/players/nicole-johanson-1.html,detroit-mercy,2019-20
21,24,21,2020-02-01,Detroit Mercy,@,Oakland,REG (Conf),L 60-65,,10,0,1,.000,0,0,,0,1,.000,.000,1,2,.500,0,6,6,1,0,0,0,1,1,2.0,Nicole Johanson,https://www.sports-reference.com/cbb/players/nicole-johanson-1.html,detroit-mercy,2019-20
22,25,22,2020-02-06,Detroit Mercy,,IUPUI,REG (Conf),L 54-95,,16,2,7,.286,0,1,.000,2,6,.333,.286,0,0,,0,3,3,0,3,3,0,3,4,4.7,Nicole Johanson,https://www.sports-reference.com/cbb/players/nicole-johanson-1.html,detroit-mercy,2019-20
23,26,23,2020-02-08,Detroit Mercy,,Illinois–Chicago,REG (Conf),W 58-52,,10,1,4,.250,0,0,,1,4,.250,.250,1,2,.500,0,0,0,1,0,1,0,2,3,0.8,Nicole Johanson,https://www.sports-reference.com/cbb/players/nicole-johanson-1.html,detroit-mercy,2019-20
24,27,24,2020-02-14,Detroit Mercy,@,Green Bay,REG (Conf),L 45-72,,9,1,1,1.000,0,0,,1,1,1.000,1.000,0,2,.000,0,0,0,0,0,0,1,2,2,-0.9,Nicole Johanson,https://www.sports-reference.com/cbb/players/nicole-johanson-1.html,detroit-mercy,2019-20
25,28,25,2020-02-16,Detroit Mercy,@,Milwaukee,REG (Conf),L 51-76,,15,0,3,.000,0,0,,0,3,.000,.000,0,0,,0,1,1,0,0,0,0,2,0,-2.6,Nicole Johanson,https://www.sports-reference.com/cbb/players/nicole-johanson-1.html,detroit-mercy,2019-20
26,29,27,2020-02-23,Detroit Mercy,@,Cleveland State,REG (Conf),L 63-68,,3,0,1,.000,0,0,,0,1,.000,.000,0,0,,0,1,1,0,0,0,0,0,0,-0.4,Nicole Johanson,https://www.sports-reference.com/cbb/players/nicole-johanson-1.html,detroit-mercy,2019-20
27,30,28,2020-02-27,Detroit Mercy,,Northern Kentucky,REG (Conf),L 61-82,,7,1,1,1.000,0,0,,1,1,1.000,1.000,0,0,,0,2,2,0,0,1,0,0,2,3.0,Nicole Johanson,https://www.sports-reference.com/cbb/players/nicole-johanson-1.html,detroit-mercy,2019-20
28,31,29,2020-02-29,Detroit Mercy,,Wright State,REG (Conf),L 58-66,,6,0,1,.000,0,0,,0,1,.000,.000,0,0,,0,2,2,0,0,1,1,2,0,-1.2,Nicole Johanson,https://www.sports-reference.com/cbb/players/nicole-johanson-1.html,detroit-mercy,2019-20
29,32,30,2020-03-03,Detroit Mercy,@,Northern Kentucky,CTOURN,L 47-94,,10,1,1,1.000,0,0,,1,1,1.000,1.000,0,0,,0,0,0,0,0,2,1,1,2,1.7,Nicole Johanson,https://www.sports-reference.com/cbb/players/nicole-johanson-1.html,detroit-mercy,2019-20
