ranker,player_game_num_career,team_game_num_season,date,team_name_abbr,game_location,opp_name_abbr,game_type,game_result,is_starter,mp,fg,fga,fg_pct,fg3,fg3a,fg3_pct,fg2,fg2a,fg2_pct,efg_pct,ft,fta,ft_pct,orb,drb,trb,ast,stl,blk,tov,pf,pts,game_score,player_name,player_sr_link,school,season
1,60,1,2024-11-04,Cal State Northridge,,La Sierra,REG (Non-Conf),W 70-56,*,32,3,8,.375,2,4,.500,1,4,.250,.500,2,2,1.000,0,3,3,4,2,0,3,1,10,7.9,Morgan Edwards,https://www.sports-reference.com/cbb/players/morgan-edwards-1.html,cal-state-northridge,2024-25
2,61,2,2024-11-08,Cal State Northridge,@,Utah State,REG (Non-Conf),W 69-65,*,28,0,2,.000,0,1,.000,0,1,.000,.000,1,2,.500,0,6,6,3,1,2,4,3,1,0.3,Morgan Edwards,https://www.sports-reference.com/cbb/players/morgan-edwards-1.html,cal-state-northridge,2024-25
3,62,3,2024-11-12,Cal State Northridge,@,Southern California,REG (Non-Conf),L 39-124,*,18,0,4,.000,0,2,.000,0,2,.000,.000,0,0,,0,0,0,1,2,0,4,0,0,-4.1,Morgan Edwards,https://www.sports-reference.com/cbb/players/morgan-edwards-1.html,cal-state-northridge,2024-25
4,63,4,2024-11-22,Cal State Northridge,@,Fresno State,REG (Non-Conf),L 73-90,*,31,3,6,.500,1,2,.500,2,4,.500,.583,1,2,.500,1,1,2,1,2,0,2,5,8,4.3,Morgan Edwards,https://www.sports-reference.com/cbb/players/morgan-edwards-1.html,cal-state-northridge,2024-25
5,64,5,2024-11-23,Cal State Northridge,@,San Jose State,REG (Non-Conf),L 44-62,*,30,4,10,.400,2,6,.333,2,4,.500,.500,1,2,.500,1,1,2,1,1,0,5,1,11,2.5,Morgan Edwards,https://www.sports-reference.com/cbb/players/morgan-edwards-1.html,cal-state-northridge,2024-25
6,65,6,2024-11-27,Cal State Northridge,,Pepperdine,REG (Non-Conf),L 58-84,*,15,1,6,.167,1,1,1.000,0,5,.000,.250,0,0,,1,1,2,0,0,0,1,1,3,-1.2,Morgan Edwards,https://www.sports-reference.com/cbb/players/morgan-edwards-1.html,cal-state-northridge,2024-25
7,66,7,2024-12-05,Cal State Northridge,@,UC Riverside,REG (Conf),L 48-72,*,30,5,8,.625,0,2,.000,5,6,.833,.625,4,5,.800,0,2,2,0,0,0,4,4,14,5.0,Morgan Edwards,https://www.sports-reference.com/cbb/players/morgan-edwards-1.html,cal-state-northridge,2024-25
8,67,8,2024-12-07,Cal State Northridge,,Cal Poly,REG (Conf),L 45-58,*,25,4,11,.364,1,1,1.000,3,10,.300,.409,2,2,1.000,1,0,1,1,0,0,0,4,11,4.7,Morgan Edwards,https://www.sports-reference.com/cbb/players/morgan-edwards-1.html,cal-state-northridge,2024-25
9,68,9,2024-12-11,Cal State Northridge,,California Baptist,REG (Non-Conf),L 71-73,*,35,7,9,.778,5,6,.833,2,3,.667,1.056,3,4,.750,3,3,6,2,1,1,3,3,22,20.0,Morgan Edwards,https://www.sports-reference.com/cbb/players/morgan-edwards-1.html,cal-state-northridge,2024-25
10,69,10,2024-12-14,Cal State Northridge,@,San Diego,REG (Non-Conf),L 52-74,*,30,2,8,.250,0,0,,2,8,.250,.250,3,4,.750,4,2,6,3,0,0,1,3,7,5.1,Morgan Edwards,https://www.sports-reference.com/cbb/players/morgan-edwards-1.html,cal-state-northridge,2024-25
11,70,11,2024-12-21,Cal State Northridge,,Idaho,REG (Non-Conf),L 52-68,*,34,5,11,.455,2,5,.400,3,6,.500,.545,0,0,,1,5,6,1,1,0,3,2,12,6.4,Morgan Edwards,https://www.sports-reference.com/cbb/players/morgan-edwards-1.html,cal-state-northridge,2024-25
12,71,12,2025-01-02,Cal State Northridge,,Cal State Fullerton,REG (Conf),W 79-76 (OT),*,43,7,14,.500,3,8,.375,4,6,.667,.607,4,6,.667,2,7,9,0,2,1,4,0,21,15.4,Morgan Edwards,https://www.sports-reference.com/cbb/players/morgan-edwards-1.html,cal-state-northridge,2024-25
13,72,13,2025-01-04,Cal State Northridge,@,UC Davis,REG (Conf),L 41-68,*,28,1,13,.077,1,5,.200,0,8,.000,.115,1,2,.500,2,1,3,1,5,0,3,2,4,-1.5,Morgan Edwards,https://www.sports-reference.com/cbb/players/morgan-edwards-1.html,cal-state-northridge,2024-25
14,73,14,2025-01-09,Cal State Northridge,@,UC Irvine,REG (Conf),L 39-68,*,34,4,9,.444,3,8,.375,1,1,1.000,.611,0,0,,1,3,4,1,1,0,3,2,11,5.8,Morgan Edwards,https://www.sports-reference.com/cbb/players/morgan-edwards-1.html,cal-state-northridge,2024-25
15,74,15,2025-01-11,Cal State Northridge,,Cal State Bakersfield,REG (Conf),L 56-62,*,27,1,9,.111,0,1,.000,1,8,.125,.111,0,0,,2,1,3,0,2,0,1,5,2,-3.2,Morgan Edwards,https://www.sports-reference.com/cbb/players/morgan-edwards-1.html,cal-state-northridge,2024-25
16,75,16,2025-01-16,Cal State Northridge,,Hawaii,REG (Conf),L 47-75,*,30,4,11,.364,2,7,.286,2,4,.500,.455,0,0,,1,3,4,0,1,1,5,2,10,1.4,Morgan Edwards,https://www.sports-reference.com/cbb/players/morgan-edwards-1.html,cal-state-northridge,2024-25
17,76,17,2025-01-23,Cal State Northridge,@,Long Beach State,REG (Conf),L 75-88,*,30,3,10,.300,1,8,.125,2,2,1.000,.350,3,4,.750,0,1,1,1,0,0,2,4,10,1.2,Morgan Edwards,https://www.sports-reference.com/cbb/players/morgan-edwards-1.html,cal-state-northridge,2024-25
18,77,18,2025-01-25,Cal State Northridge,,UC San Diego,REG (Conf),L 44-82,*,32,2,12,.167,2,5,.400,0,7,.000,.250,0,0,,1,2,3,1,1,1,2,2,6,-0.7,Morgan Edwards,https://www.sports-reference.com/cbb/players/morgan-edwards-1.html,cal-state-northridge,2024-25
19,78,19,2025-01-30,Cal State Northridge,,UC Santa Barbara,REG (Conf),L 53-68,*,24,0,2,.000,0,2,.000,0,0,,.000,0,0,,0,3,3,2,0,0,1,4,0,-1.7,Morgan Edwards,https://www.sports-reference.com/cbb/players/morgan-edwards-1.html,cal-state-northridge,2024-25
20,79,20,2025-02-01,Cal State Northridge,@,Cal State Bakersfield,REG (Conf),W 65-51,*,36,6,12,.500,2,7,.286,4,5,.800,.583,2,2,1.000,0,4,4,0,2,0,0,3,16,12.0,Morgan Edwards,https://www.sports-reference.com/cbb/players/morgan-edwards-1.html,cal-state-northridge,2024-25
21,80,23,2025-02-15,Cal State Northridge,@,Cal Poly,REG (Conf),L 34-75,*,34,5,11,.455,3,7,.429,2,4,.500,.591,4,7,.571,0,3,3,0,0,0,1,2,17,9.2,Morgan Edwards,https://www.sports-reference.com/cbb/players/morgan-edwards-1.html,cal-state-northridge,2024-25
22,81,24,2025-02-20,Cal State Northridge,,UC Irvine,REG (Conf),L 56-100,*,32,4,10,.400,3,6,.500,1,4,.250,.550,0,0,,2,1,3,0,0,0,4,3,11,2.1,Morgan Edwards,https://www.sports-reference.com/cbb/players/morgan-edwards-1.html,cal-state-northridge,2024-25
23,82,25,2025-02-22,Cal State Northridge,,UC Davis,REG (Conf),L 45-66,*,22,0,6,.000,0,4,.000,0,2,.000,.000,0,0,,0,1,1,0,0,0,1,2,0,-5.7,Morgan Edwards,https://www.sports-reference.com/cbb/players/morgan-edwards-1.html,cal-state-northridge,2024-25
24,83,26,2025-02-27,Cal State Northridge,@,UC San Diego,REG (Conf),L 64-78,*,29,5,11,.455,2,7,.286,3,4,.750,.545,0,0,,0,4,4,1,3,0,2,3,12,8.0,Morgan Edwards,https://www.sports-reference.com/cbb/players/morgan-edwards-1.html,cal-state-northridge,2024-25
25,84,27,2025-03-01,Cal State Northridge,@,UC Santa Barbara,REG (Conf),L 52-74,*,33,2,11,.182,0,5,.000,2,6,.333,.182,0,0,,2,1,3,2,1,0,1,3,4,-1.0,Morgan Edwards,https://www.sports-reference.com/cbb/players/morgan-edwards-1.html,cal-state-northridge,2024-25
26,85,28,2025-03-06,Cal State Northridge,,UC Riverside,REG (Conf),L 74-77 (OT),*,44,5,7,.714,3,5,.600,2,2,1.000,.929,2,4,.500,1,7,8,1,0,0,3,3,15,10.6,Morgan Edwards,https://www.sports-reference.com/cbb/players/morgan-edwards-1.html,cal-state-northridge,2024-25
27,86,29,2025-03-09,Cal State Northridge,@,Hawaii,REG (Conf),L 36-62,*,29,0,9,.000,0,7,.000,0,2,.000,.000,0,0,,0,2,2,0,0,0,3,3,0,-9.9,Morgan Edwards,https://www.sports-reference.com/cbb/players/morgan-edwards-1.html,cal-state-northridge,2024-25
