ranker,player_game_num_career,team_game_num_season,date,team_name_abbr,game_location,opp_name_abbr,game_type,game_result,is_starter,mp,fg,fga,fg_pct,fg3,fg3a,fg3_pct,fg2,fg2a,fg2_pct,efg_pct,ft,fta,ft_pct,orb,drb,trb,ast,stl,blk,tov,pf,pts,game_score,player_name,player_sr_link,school,season
1,98,1,2020-12-05,Marist,@,Army,REG (Non-Conf),W 83-55,*,26,2,3,.667,2,2,1.000,0,1,.000,1.000,0,0,,1,1,2,4,0,0,0,3,6,7.3,Allie Best,https://www.sports-reference.com/cbb/players/allie-best-1.html,marist,2020-21
2,99,2,2020-12-11,Marist,,Canisius,REG (Conf),W 64-44,*,26,0,2,.000,0,1,.000,0,1,.000,.000,0,0,,2,2,4,5,0,0,0,1,0,3.7,Allie Best,https://www.sports-reference.com/cbb/players/allie-best-1.html,marist,2020-21
3,100,3,2020-12-12,Marist,,Canisius,REG (Conf),W 82-61,*,26,2,3,.667,2,3,.667,0,0,,1.000,0,0,,0,4,4,4,1,0,0,1,6,9.3,Allie Best,https://www.sports-reference.com/cbb/players/allie-best-1.html,marist,2020-21
4,101,4,2020-12-15,Marist,,Albany (NY),REG (Non-Conf),W 67-48,*,28,0,1,.000,0,0,,0,1,.000,.000,0,0,,0,4,4,8,0,0,1,1,0,4.7,Allie Best,https://www.sports-reference.com/cbb/players/allie-best-1.html,marist,2020-21
5,102,5,2021-01-03,Marist,@,Quinnipiac,REG (Conf),W 69-50,*,35,2,6,.333,1,4,.250,1,2,.500,.417,0,0,,0,1,1,11,1,0,0,1,5,10.2,Allie Best,https://www.sports-reference.com/cbb/players/allie-best-1.html,marist,2020-21
6,103,6,2021-01-04,Marist,@,Quinnipiac,REG (Conf),L 55-59 (OT),*,40,2,8,.250,2,7,.286,0,1,.000,.375,3,4,.750,0,3,3,5,1,0,2,0,9,7.2,Allie Best,https://www.sports-reference.com/cbb/players/allie-best-1.html,marist,2020-21
7,104,7,2021-01-09,Marist,,Manhattan,REG (Conf),W 52-44,*,35,5,8,.625,4,5,.800,1,3,.333,.875,3,4,.750,1,7,8,5,1,0,1,0,17,19.3,Allie Best,https://www.sports-reference.com/cbb/players/allie-best-1.html,marist,2020-21
8,105,8,2021-01-10,Marist,,Manhattan,REG (Conf),W 50-46,*,38,2,7,.286,1,3,.333,1,4,.250,.357,0,0,,0,2,2,3,1,0,2,1,5,2.2,Allie Best,https://www.sports-reference.com/cbb/players/allie-best-1.html,marist,2020-21
9,106,9,2021-01-15,Marist,@,Fairfield,REG (Conf),W 56-38,*,36,4,11,.364,3,8,.375,1,3,.333,.500,0,0,,0,0,0,4,0,0,1,2,11,5.9,Allie Best,https://www.sports-reference.com/cbb/players/allie-best-1.html,marist,2020-21
10,107,10,2021-01-16,Marist,@,Fairfield,REG (Conf),L 58-61,*,37,4,9,.444,3,7,.429,1,2,.500,.611,0,0,,0,3,3,7,4,0,3,3,11,11.9,Allie Best,https://www.sports-reference.com/cbb/players/allie-best-1.html,marist,2020-21
11,108,11,2021-01-22,Marist,@,Niagara,REG (Conf),W 66-60 (OT),*,41,3,8,.375,1,2,.500,2,6,.333,.438,0,2,.000,3,5,8,3,0,0,3,2,7,3.7,Allie Best,https://www.sports-reference.com/cbb/players/allie-best-1.html,marist,2020-21
12,109,12,2021-01-23,Marist,@,Niagara,REG (Conf),W 67-45,*,33,4,9,.444,1,6,.167,3,3,1.000,.500,1,1,1.000,0,3,3,7,4,0,0,0,10,15.1,Allie Best,https://www.sports-reference.com/cbb/players/allie-best-1.html,marist,2020-21
13,110,13,2021-02-07,Marist,,Rider,REG (Conf),W 47-46,*,37,3,9,.333,1,5,.200,2,4,.500,.389,1,1,1.000,0,2,2,6,0,0,0,2,8,6.9,Allie Best,https://www.sports-reference.com/cbb/players/allie-best-1.html,marist,2020-21
14,111,14,2021-02-08,Marist,,Rider,REG (Conf),W 70-57,*,38,3,8,.375,1,5,.200,2,3,.667,.438,7,9,.778,2,3,5,4,2,0,2,2,14,13.1,Allie Best,https://www.sports-reference.com/cbb/players/allie-best-1.html,marist,2020-21
15,112,15,2021-02-13,Marist,@,Siena,REG (Conf),W 69-44,*,28,3,8,.375,3,8,.375,0,0,,.563,0,0,,0,1,1,3,0,0,0,2,9,6.2,Allie Best,https://www.sports-reference.com/cbb/players/allie-best-1.html,marist,2020-21
16,113,16,2021-02-14,Marist,@,Siena,REG (Conf),W 60-44,*,34,3,5,.600,2,4,.500,1,1,1.000,.800,0,0,,0,1,1,3,0,1,1,1,8,7.4,Allie Best,https://www.sports-reference.com/cbb/players/allie-best-1.html,marist,2020-21
17,114,17,2021-03-04,Marist,,Saint Peter's,REG (Conf),W 71-55,*,32,5,9,.556,1,2,.500,4,7,.571,.611,0,0,,0,2,2,3,0,1,2,0,11,8.1,Allie Best,https://www.sports-reference.com/cbb/players/allie-best-1.html,marist,2020-21
18,115,18,2021-03-05,Marist,,Saint Peter's,REG (Conf),L 51-58,*,30,0,2,.000,0,0,,0,2,.000,.000,0,0,,0,1,1,6,0,0,2,1,0,0.7,Allie Best,https://www.sports-reference.com/cbb/players/allie-best-1.html,marist,2020-21
19,116,19,2021-03-10,Marist,,Siena,CTOURN,W 63-55,*,33,1,5,.200,0,2,.000,1,3,.333,.200,4,4,1.000,0,5,5,6,0,0,1,2,6,6.8,Allie Best,https://www.sports-reference.com/cbb/players/allie-best-1.html,marist,2020-21
20,117,20,2021-03-12,Marist,,Fairfield,CTOURN,W 66-50,*,38,4,13,.308,3,8,.375,1,5,.200,.423,0,0,,1,0,1,5,1,0,0,0,11,8.7,Allie Best,https://www.sports-reference.com/cbb/players/allie-best-1.html,marist,2020-21
21,118,21,2021-03-13,Marist,,Saint Peter's,CTOURN,W 69-30,*,32,2,5,.400,2,4,.500,0,1,.000,.600,0,0,,0,0,0,8,1,0,2,0,6,7.9,Allie Best,https://www.sports-reference.com/cbb/players/allie-best-1.html,marist,2020-21
22,119,22,2021-03-22,Marist,N,Louisville,ROUND-64,L 43-74,*,37,2,5,.400,1,3,.333,1,2,.500,.500,2,4,.500,0,4,4,2,2,0,2,2,7,5.3,Allie Best,https://www.sports-reference.com/cbb/players/allie-best-1.html,marist,2020-21
