ranker,player_game_num_career,team_game_num_season,date,team_name_abbr,game_location,opp_name_abbr,game_type,game_result,is_starter,mp,fg,fga,fg_pct,fg3,fg3a,fg3_pct,fg2,fg2a,fg2_pct,efg_pct,ft,fta,ft_pct,orb,drb,trb,ast,stl,blk,tov,pf,pts,game_score,player_name,player_sr_link,school,season
1,1,1,2020-12-05,Marist,@,Army,REG (Non-Conf),W 83-55,,11,2,5,.400,1,3,.333,1,2,.500,.500,0,0,,0,3,3,0,0,0,3,1,5,-0.2,Anabel Ellison,https://www.sports-reference.com/cbb/players/anabel-ellison-1.html,marist,2020-21
2,2,2,2020-12-11,Marist,,Canisius,REG (Conf),W 64-44,,13,1,4,.250,0,2,.000,1,2,.500,.250,0,2,.000,0,2,2,1,1,0,2,3,2,-2.1,Anabel Ellison,https://www.sports-reference.com/cbb/players/anabel-ellison-1.html,marist,2020-21
3,3,3,2020-12-12,Marist,,Canisius,REG (Conf),W 82-61,,10,2,4,.500,0,2,.000,2,2,1.000,.500,0,0,,0,1,1,3,1,0,1,0,4,4.4,Anabel Ellison,https://www.sports-reference.com/cbb/players/anabel-ellison-1.html,marist,2020-21
4,4,4,2020-12-15,Marist,,Albany (NY),REG (Non-Conf),W 67-48,,10,0,2,.000,0,1,.000,0,1,.000,.000,0,0,,0,0,0,2,0,0,1,2,0,-1.8,Anabel Ellison,https://www.sports-reference.com/cbb/players/anabel-ellison-1.html,marist,2020-21
5,5,5,2021-01-03,Marist,@,Quinnipiac,REG (Conf),W 69-50,,5,0,1,.000,0,0,,0,1,.000,.000,0,0,,0,0,0,0,0,0,0,0,0,-0.7,Anabel Ellison,https://www.sports-reference.com/cbb/players/anabel-ellison-1.html,marist,2020-21
6,6,6,2021-01-04,Marist,@,Quinnipiac,REG (Conf),L 55-59 (OT),,3,0,0,,0,0,,0,0,,,0,0,,1,0,1,0,0,0,0,1,0,0.3,Anabel Ellison,https://www.sports-reference.com/cbb/players/anabel-ellison-1.html,marist,2020-21
7,7,7,2021-01-09,Marist,,Manhattan,REG (Conf),W 52-44,,1,0,1,.000,0,0,,0,1,.000,.000,0,0,,0,0,0,0,0,0,0,0,0,-0.7,Anabel Ellison,https://www.sports-reference.com/cbb/players/anabel-ellison-1.html,marist,2020-21
8,8,8,2021-01-10,Marist,,Manhattan,REG (Conf),W 50-46,,13,0,3,.000,0,2,.000,0,1,.000,.000,0,0,,0,2,2,3,0,0,2,0,0,-1.4,Anabel Ellison,https://www.sports-reference.com/cbb/players/anabel-ellison-1.html,marist,2020-21
9,9,9,2021-01-15,Marist,@,Fairfield,REG (Conf),W 56-38,,2,0,0,,0,0,,0,0,,,0,0,,0,1,1,0,0,0,0,0,0,0.3,Anabel Ellison,https://www.sports-reference.com/cbb/players/anabel-ellison-1.html,marist,2020-21
10,10,10,2021-01-16,Marist,@,Fairfield,REG (Conf),L 58-61,,1,0,0,,0,0,,0,0,,,0,0,,0,0,0,0,0,0,0,0,0,0.0,Anabel Ellison,https://www.sports-reference.com/cbb/players/anabel-ellison-1.html,marist,2020-21
11,11,11,2021-01-22,Marist,@,Niagara,REG (Conf),W 66-60 (OT),,16,2,5,.400,0,1,.000,2,4,.500,.400,0,0,,0,1,1,1,4,0,2,3,4,3.1,Anabel Ellison,https://www.sports-reference.com/cbb/players/anabel-ellison-1.html,marist,2020-21
12,12,12,2021-01-23,Marist,@,Niagara,REG (Conf),W 67-45,,14,1,4,.250,0,2,.000,1,2,.500,.250,0,0,,0,0,0,6,1,0,0,0,2,4.8,Anabel Ellison,https://www.sports-reference.com/cbb/players/anabel-ellison-1.html,marist,2020-21
13,13,13,2021-02-07,Marist,,Rider,REG (Conf),W 47-46,,7,0,1,.000,0,1,.000,0,0,,.000,0,0,,0,0,0,0,0,0,0,1,0,-1.1,Anabel Ellison,https://www.sports-reference.com/cbb/players/anabel-ellison-1.html,marist,2020-21
14,14,15,2021-02-13,Marist,@,Siena,REG (Conf),W 69-44,,12,1,2,.500,1,1,1.000,0,1,.000,.750,2,2,1.000,0,0,0,1,3,0,2,0,5,5.7,Anabel Ellison,https://www.sports-reference.com/cbb/players/anabel-ellison-1.html,marist,2020-21
15,15,16,2021-02-14,Marist,@,Siena,REG (Conf),W 60-44,,5,0,1,.000,0,0,,0,1,.000,.000,2,2,1.000,0,0,0,1,0,0,0,1,2,1.6,Anabel Ellison,https://www.sports-reference.com/cbb/players/anabel-ellison-1.html,marist,2020-21
16,16,17,2021-03-04,Marist,,Saint Peter's,REG (Conf),W 71-55,,11,1,2,.500,0,1,.000,1,1,1.000,.500,3,4,.750,1,0,1,1,0,0,1,1,5,3.6,Anabel Ellison,https://www.sports-reference.com/cbb/players/anabel-ellison-1.html,marist,2020-21
17,17,18,2021-03-05,Marist,,Saint Peter's,REG (Conf),L 51-58,,18,1,2,.500,0,0,,1,2,.500,.500,0,2,.000,0,0,0,5,1,0,1,2,2,2.9,Anabel Ellison,https://www.sports-reference.com/cbb/players/anabel-ellison-1.html,marist,2020-21
18,18,19,2021-03-10,Marist,,Siena,CTOURN,W 63-55,,8,1,1,1.000,1,1,1.000,0,0,,1.500,2,2,1.000,0,0,0,1,2,0,1,1,5,6.0,Anabel Ellison,https://www.sports-reference.com/cbb/players/anabel-ellison-1.html,marist,2020-21
19,19,20,2021-03-12,Marist,,Fairfield,CTOURN,W 66-50,,6,0,1,.000,0,0,,0,1,.000,.000,0,0,,0,0,0,0,0,0,0,1,0,-1.1,Anabel Ellison,https://www.sports-reference.com/cbb/players/anabel-ellison-1.html,marist,2020-21
20,20,21,2021-03-13,Marist,,Saint Peter's,CTOURN,W 69-30,,8,1,2,.500,0,0,,1,2,.500,.500,2,3,.667,0,1,1,0,0,0,0,0,4,2.9,Anabel Ellison,https://www.sports-reference.com/cbb/players/anabel-ellison-1.html,marist,2020-21
21,21,22,2021-03-22,Marist,N,Louisville,ROUND-64,L 43-74,,6,0,1,.000,0,0,,0,1,.000,.000,0,0,,0,1,1,0,0,0,2,2,0,-3.2,Anabel Ellison,https://www.sports-reference.com/cbb/players/anabel-ellison-1.html,marist,2020-21
