ranker,player_game_num_career,team_game_num_season,date,team_name_abbr,game_location,opp_name_abbr,game_type,game_result,is_starter,mp,fg,fga,fg_pct,fg3,fg3a,fg2,fg2a,fg2_pct,efg_pct,ft,fta,ft_pct,orb,drb,trb,ast,stl,blk,tov,pf,pts,game_score,player_name,player_sr_link,school,season
1,1,1,2020-12-05,Marist,@,Army,REG (Non-Conf),W 83-55,*,21,6,10,.600,0,0,6,10,.600,.600,0,0,,3,4,7,1,0,3,0,1,12,13.1,Caitlin Weimar,https://www.sports-reference.com/cbb/players/caitlin-weimar-1.html,marist,2020-21
2,2,2,2020-12-11,Marist,,Canisius,REG (Conf),W 64-44,*,27,7,10,.700,0,0,7,10,.700,.700,3,4,.750,5,1,6,1,2,2,1,2,17,18.5,Caitlin Weimar,https://www.sports-reference.com/cbb/players/caitlin-weimar-1.html,marist,2020-21
3,3,3,2020-12-12,Marist,,Canisius,REG (Conf),W 82-61,*,23,3,4,.750,0,0,3,4,.750,.750,1,1,1.000,0,6,6,1,0,0,2,2,7,5.1,Caitlin Weimar,https://www.sports-reference.com/cbb/players/caitlin-weimar-1.html,marist,2020-21
4,4,4,2020-12-15,Marist,,Albany (NY),REG (Non-Conf),W 67-48,*,23,7,11,.636,0,0,7,11,.636,.636,0,0,,3,8,11,0,1,3,2,3,14,13.5,Caitlin Weimar,https://www.sports-reference.com/cbb/players/caitlin-weimar-1.html,marist,2020-21
5,5,5,2021-01-03,Marist,@,Quinnipiac,REG (Conf),W 69-50,*,26,4,12,.333,0,0,4,12,.333,.333,3,4,.750,8,3,11,0,2,1,1,3,11,10.8,Caitlin Weimar,https://www.sports-reference.com/cbb/players/caitlin-weimar-1.html,marist,2020-21
6,6,6,2021-01-04,Marist,@,Quinnipiac,REG (Conf),L 55-59 (OT),*,37,4,10,.400,0,0,4,10,.400,.400,3,4,.750,0,5,5,0,1,2,0,3,11,7.9,Caitlin Weimar,https://www.sports-reference.com/cbb/players/caitlin-weimar-1.html,marist,2020-21
7,7,7,2021-01-09,Marist,,Manhattan,REG (Conf),W 52-44,*,23,3,10,.300,0,0,3,10,.300,.300,0,2,.000,7,5,12,1,1,2,1,1,6,7.5,Caitlin Weimar,https://www.sports-reference.com/cbb/players/caitlin-weimar-1.html,marist,2020-21
8,8,8,2021-01-10,Marist,,Manhattan,REG (Conf),W 50-46,*,14,1,3,.333,0,0,1,3,.333,.333,2,2,1.000,1,1,2,1,0,0,2,3,4,0.8,Caitlin Weimar,https://www.sports-reference.com/cbb/players/caitlin-weimar-1.html,marist,2020-21
9,9,9,2021-01-15,Marist,@,Fairfield,REG (Conf),W 56-38,*,21,5,6,.833,0,0,5,6,.833,.833,2,2,1.000,2,3,5,0,1,0,1,4,12,10.5,Caitlin Weimar,https://www.sports-reference.com/cbb/players/caitlin-weimar-1.html,marist,2020-21
10,10,10,2021-01-16,Marist,@,Fairfield,REG (Conf),L 58-61,*,30,3,7,.429,0,0,3,7,.429,.429,1,2,.500,4,3,7,0,0,0,3,0,7,3.6,Caitlin Weimar,https://www.sports-reference.com/cbb/players/caitlin-weimar-1.html,marist,2020-21
11,11,11,2021-01-22,Marist,@,Niagara,REG (Conf),W 66-60 (OT),*,19,2,4,.500,0,0,2,4,.500,.500,1,4,.250,2,4,6,0,1,1,1,2,5,4.3,Caitlin Weimar,https://www.sports-reference.com/cbb/players/caitlin-weimar-1.html,marist,2020-21
12,12,12,2021-01-23,Marist,@,Niagara,REG (Conf),W 67-45,*,29,8,13,.615,0,0,8,13,.615,.615,3,5,.600,6,5,11,0,3,0,3,2,19,17.2,Caitlin Weimar,https://www.sports-reference.com/cbb/players/caitlin-weimar-1.html,marist,2020-21
13,13,13,2021-02-07,Marist,,Rider,REG (Conf),W 47-46,*,27,2,9,.222,0,0,2,9,.222,.222,0,0,,2,6,8,0,0,4,0,2,4,3.7,Caitlin Weimar,https://www.sports-reference.com/cbb/players/caitlin-weimar-1.html,marist,2020-21
14,14,14,2021-02-08,Marist,,Rider,REG (Conf),W 70-57,*,12,0,0,,0,0,0,0,,,2,2,1.000,1,1,2,0,0,1,0,2,2,2.9,Caitlin Weimar,https://www.sports-reference.com/cbb/players/caitlin-weimar-1.html,marist,2020-21
15,15,15,2021-02-13,Marist,@,Siena,REG (Conf),W 69-44,*,24,2,8,.250,0,0,2,8,.250,.250,2,2,1.000,6,11,17,3,3,4,2,0,6,14.6,Caitlin Weimar,https://www.sports-reference.com/cbb/players/caitlin-weimar-1.html,marist,2020-21
16,16,16,2021-02-14,Marist,@,Siena,REG (Conf),W 60-44,*,28,2,5,.400,0,0,2,5,.400,.400,3,4,.750,4,1,5,1,1,3,1,3,7,8.6,Caitlin Weimar,https://www.sports-reference.com/cbb/players/caitlin-weimar-1.html,marist,2020-21
17,17,17,2021-03-04,Marist,,Saint Peter's,REG (Conf),W 71-55,*,6,1,1,1.000,0,0,1,1,1.000,1.000,0,2,.000,0,2,2,0,0,2,0,0,2,2.9,Caitlin Weimar,https://www.sports-reference.com/cbb/players/caitlin-weimar-1.html,marist,2020-21
18,18,20,2021-03-12,Marist,,Fairfield,CTOURN,W 66-50,,23,2,3,.667,0,0,2,3,.667,.667,5,7,.714,3,8,11,1,1,1,0,0,9,13.8,Caitlin Weimar,https://www.sports-reference.com/cbb/players/caitlin-weimar-1.html,marist,2020-21
19,19,21,2021-03-13,Marist,,Saint Peter's,CTOURN,W 69-30,*,30,6,11,.545,0,0,6,11,.545,.545,0,0,,2,7,9,2,1,6,0,1,12,16.4,Caitlin Weimar,https://www.sports-reference.com/cbb/players/caitlin-weimar-1.html,marist,2020-21
20,20,22,2021-03-22,Marist,N,Louisville,ROUND-64,L 43-74,*,21,2,7,.286,0,0,2,7,.286,.286,1,2,.500,4,4,8,2,0,3,3,0,5,5.0,Caitlin Weimar,https://www.sports-reference.com/cbb/players/caitlin-weimar-1.html,marist,2020-21
