ranker,player_game_num_career,team_game_num_season,date,team_name_abbr,game_location,opp_name_abbr,game_type,game_result,is_starter,mp,fg,fga,fg_pct,fg3,fg3a,fg3_pct,fg2,fg2a,fg2_pct,efg_pct,ft,fta,ft_pct,orb,drb,trb,ast,stl,blk,tov,pf,pts,game_score,player_name,player_sr_link,school,season
1,1,1,2020-12-05,Marist,@,Army,REG (Non-Conf),W 83-55,,14,2,2,1.000,1,1,1.000,1,1,1.000,1.250,4,4,1.000,0,1,1,1,2,0,1,1,9,10.0,Emma Wax,https://www.sports-reference.com/cbb/players/emma-wax-1.html,marist,2020-21
2,2,2,2020-12-11,Marist,,Canisius,REG (Conf),W 64-44,,9,0,1,.000,0,1,.000,0,0,,.000,0,0,,1,0,1,1,1,0,0,1,0,1.3,Emma Wax,https://www.sports-reference.com/cbb/players/emma-wax-1.html,marist,2020-21
3,3,3,2020-12-12,Marist,,Canisius,REG (Conf),W 82-61,,9,2,5,.400,1,3,.333,1,2,.500,.500,0,0,,1,0,1,0,0,0,2,0,5,1.0,Emma Wax,https://www.sports-reference.com/cbb/players/emma-wax-1.html,marist,2020-21
4,4,4,2020-12-15,Marist,,Albany (NY),REG (Non-Conf),W 67-48,,8,0,0,,0,0,,0,0,,,0,0,,0,0,0,2,0,0,1,0,0,0.4,Emma Wax,https://www.sports-reference.com/cbb/players/emma-wax-1.html,marist,2020-21
5,5,5,2021-01-03,Marist,@,Quinnipiac,REG (Conf),W 69-50,,4,0,0,,0,0,,0,0,,,0,0,,0,0,0,0,0,0,1,2,0,-1.8,Emma Wax,https://www.sports-reference.com/cbb/players/emma-wax-1.html,marist,2020-21
6,6,7,2021-01-09,Marist,,Manhattan,REG (Conf),W 52-44,,5,0,3,.000,0,2,.000,0,1,.000,.000,0,0,,0,0,0,1,0,0,0,0,0,-1.4,Emma Wax,https://www.sports-reference.com/cbb/players/emma-wax-1.html,marist,2020-21
7,7,8,2021-01-10,Marist,,Manhattan,REG (Conf),W 50-46,,6,1,2,.500,1,1,1.000,0,1,.000,.750,0,0,,0,0,0,0,1,0,0,3,3,1.8,Emma Wax,https://www.sports-reference.com/cbb/players/emma-wax-1.html,marist,2020-21
8,8,9,2021-01-15,Marist,@,Fairfield,REG (Conf),W 56-38,,5,0,2,.000,0,2,.000,0,0,,.000,0,0,,0,0,0,0,0,0,0,0,0,-1.4,Emma Wax,https://www.sports-reference.com/cbb/players/emma-wax-1.html,marist,2020-21
9,9,10,2021-01-16,Marist,@,Fairfield,REG (Conf),L 58-61,,5,0,0,,0,0,,0,0,,,0,0,,0,0,0,0,1,0,0,0,0,1.0,Emma Wax,https://www.sports-reference.com/cbb/players/emma-wax-1.html,marist,2020-21
10,10,11,2021-01-22,Marist,@,Niagara,REG (Conf),W 66-60 (OT),,7,1,2,.500,1,2,.500,0,0,,.750,0,0,,0,0,0,1,0,0,0,0,3,2.7,Emma Wax,https://www.sports-reference.com/cbb/players/emma-wax-1.html,marist,2020-21
11,11,12,2021-01-23,Marist,@,Niagara,REG (Conf),W 67-45,,11,1,4,.250,0,2,.000,1,2,.500,.250,2,2,1.000,0,1,1,0,1,0,1,1,4,1.5,Emma Wax,https://www.sports-reference.com/cbb/players/emma-wax-1.html,marist,2020-21
12,12,15,2021-02-13,Marist,@,Siena,REG (Conf),W 69-44,,7,0,1,.000,0,0,,0,1,.000,.000,0,0,,0,0,0,1,0,0,0,2,0,-0.8,Emma Wax,https://www.sports-reference.com/cbb/players/emma-wax-1.html,marist,2020-21
13,13,16,2021-02-14,Marist,@,Siena,REG (Conf),W 60-44,,1,0,0,,0,0,,0,0,,,0,0,,0,0,0,0,0,0,0,0,0,0.0,Emma Wax,https://www.sports-reference.com/cbb/players/emma-wax-1.html,marist,2020-21
14,14,17,2021-03-04,Marist,,Saint Peter's,REG (Conf),W 71-55,,2,0,0,,0,0,,0,0,,,0,0,,0,0,0,1,0,0,0,0,0,0.7,Emma Wax,https://www.sports-reference.com/cbb/players/emma-wax-1.html,marist,2020-21
15,15,18,2021-03-05,Marist,,Saint Peter's,REG (Conf),L 51-58,,4,0,0,,0,0,,0,0,,,0,0,,0,0,0,0,0,0,0,0,0,0.0,Emma Wax,https://www.sports-reference.com/cbb/players/emma-wax-1.html,marist,2020-21
16,16,20,2021-03-12,Marist,,Fairfield,CTOURN,W 66-50,,1,0,0,,0,0,,0,0,,,0,0,,0,0,0,0,0,0,0,0,0,0.0,Emma Wax,https://www.sports-reference.com/cbb/players/emma-wax-1.html,marist,2020-21
17,17,21,2021-03-13,Marist,,Saint Peter's,CTOURN,W 69-30,,6,2,3,.667,1,1,1.000,1,2,.500,.833,0,0,,0,0,0,0,1,0,0,1,5,4.3,Emma Wax,https://www.sports-reference.com/cbb/players/emma-wax-1.html,marist,2020-21
18,18,22,2021-03-22,Marist,N,Louisville,ROUND-64,L 43-74,,10,1,3,.333,1,1,1.000,0,2,.000,.500,0,0,,1,0,1,1,0,0,1,0,3,1.7,Emma Wax,https://www.sports-reference.com/cbb/players/emma-wax-1.html,marist,2020-21
