ranker,player_game_num_career,team_game_num_season,date,team_name_abbr,game_location,opp_name_abbr,game_type,game_result,is_starter,mp,fg,fga,fg_pct,fg3,fg3a,fg3_pct,fg2,fg2a,fg2_pct,efg_pct,ft,fta,ft_pct,orb,drb,trb,ast,stl,blk,tov,pf,pts,game_score,player_name,player_sr_link,school,season
1,1,1,2020-12-05,Marist,@,Army,REG (Non-Conf),W 83-55,,6,0,0,,0,0,,0,0,,,0,0,,1,0,1,0,1,0,0,0,0,1.7,Erin Fox,https://www.sports-reference.com/cbb/players/erin-fox-1.html,marist,2020-21
2,2,2,2020-12-11,Marist,,Canisius,REG (Conf),W 64-44,,3,1,2,.500,0,1,.000,1,1,1.000,.500,0,0,,0,1,1,0,0,0,0,0,2,1.3,Erin Fox,https://www.sports-reference.com/cbb/players/erin-fox-1.html,marist,2020-21
3,3,3,2020-12-12,Marist,,Canisius,REG (Conf),W 82-61,,2,0,0,,0,0,,0,0,,,0,0,,0,1,1,0,0,0,0,0,0,0.3,Erin Fox,https://www.sports-reference.com/cbb/players/erin-fox-1.html,marist,2020-21
4,4,4,2020-12-15,Marist,,Albany (NY),REG (Non-Conf),W 67-48,,3,0,1,.000,0,0,,0,1,.000,.000,0,0,,0,1,1,0,0,0,1,0,0,-1.4,Erin Fox,https://www.sports-reference.com/cbb/players/erin-fox-1.html,marist,2020-21
5,5,5,2021-01-03,Marist,@,Quinnipiac,REG (Conf),W 69-50,,1,0,0,,0,0,,0,0,,,0,0,,0,2,2,0,0,0,0,0,0,0.6,Erin Fox,https://www.sports-reference.com/cbb/players/erin-fox-1.html,marist,2020-21
6,6,15,2021-02-13,Marist,@,Siena,REG (Conf),W 69-44,,4,0,2,.000,0,0,,0,2,.000,.000,2,2,1.000,0,2,2,0,0,0,0,0,2,1.2,Erin Fox,https://www.sports-reference.com/cbb/players/erin-fox-1.html,marist,2020-21
7,7,16,2021-02-14,Marist,@,Siena,REG (Conf),W 60-44,,1,0,0,,0,0,,0,0,,,0,0,,1,0,1,0,0,0,0,0,0,0.7,Erin Fox,https://www.sports-reference.com/cbb/players/erin-fox-1.html,marist,2020-21
8,8,17,2021-03-04,Marist,,Saint Peter's,REG (Conf),W 71-55,,1,1,2,.500,0,0,,1,2,.500,.500,1,1,1.000,2,0,2,0,0,0,0,0,3,3.4,Erin Fox,https://www.sports-reference.com/cbb/players/erin-fox-1.html,marist,2020-21
9,9,18,2021-03-05,Marist,,Saint Peter's,REG (Conf),L 51-58,,3,0,0,,0,0,,0,0,,,0,0,,0,0,0,0,0,0,0,0,0,0.0,Erin Fox,https://www.sports-reference.com/cbb/players/erin-fox-1.html,marist,2020-21
10,10,20,2021-03-12,Marist,,Fairfield,CTOURN,W 66-50,,1,0,0,,0,0,,0,0,,,0,0,,0,0,0,0,0,0,0,0,0,0.0,Erin Fox,https://www.sports-reference.com/cbb/players/erin-fox-1.html,marist,2020-21
11,11,21,2021-03-13,Marist,,Saint Peter's,CTOURN,W 69-30,,5,0,0,,0,0,,0,0,,,0,0,,0,1,1,0,0,0,0,0,0,0.3,Erin Fox,https://www.sports-reference.com/cbb/players/erin-fox-1.html,marist,2020-21
12,12,22,2021-03-22,Marist,N,Louisville,ROUND-64,L 43-74,,1,0,0,,0,0,,0,0,,,0,0,,0,0,0,0,0,0,0,0,0,0.0,Erin Fox,https://www.sports-reference.com/cbb/players/erin-fox-1.html,marist,2020-21
