ranker,player_game_num_career,team_game_num_season,date,team_name_abbr,game_location,opp_name_abbr,game_type,game_result,is_starter,mp,fg,fga,fg_pct,fg3,fg3a,fg3_pct,fg2,fg2a,fg2_pct,efg_pct,ft,fta,ft_pct,orb,drb,trb,ast,stl,blk,tov,pf,pts,game_score,player_name,player_sr_link,school,season
1,18,1,2020-12-05,Marist,@,Army,REG (Non-Conf),W 83-55,,6,0,0,,0,0,,0,0,,,1,2,.500,0,1,1,2,0,0,1,0,1,1.3,Julianna Bonilla,https://www.sports-reference.com/cbb/players/julianna-bonilla-1.html,marist,2020-21
2,19,2,2020-12-11,Marist,,Canisius,REG (Conf),W 64-44,,3,0,1,.000,0,1,.000,0,0,,.000,0,0,,0,1,1,1,0,0,0,0,0,0.3,Julianna Bonilla,https://www.sports-reference.com/cbb/players/julianna-bonilla-1.html,marist,2020-21
3,20,3,2020-12-12,Marist,,Canisius,REG (Conf),W 82-61,,2,1,1,1.000,0,0,,1,1,1.000,1.000,1,1,1.000,0,0,0,0,0,0,0,0,3,2.7,Julianna Bonilla,https://www.sports-reference.com/cbb/players/julianna-bonilla-1.html,marist,2020-21
4,21,4,2020-12-15,Marist,,Albany (NY),REG (Non-Conf),W 67-48,,3,0,1,.000,0,0,,0,1,.000,.000,0,0,,0,0,0,0,0,0,0,1,0,-1.1,Julianna Bonilla,https://www.sports-reference.com/cbb/players/julianna-bonilla-1.html,marist,2020-21
5,22,5,2021-01-03,Marist,@,Quinnipiac,REG (Conf),W 69-50,,1,0,0,,0,0,,0,0,,,0,0,,0,0,0,0,0,0,1,0,0,-1.0,Julianna Bonilla,https://www.sports-reference.com/cbb/players/julianna-bonilla-1.html,marist,2020-21
6,23,9,2021-01-15,Marist,@,Fairfield,REG (Conf),W 56-38,,16,2,5,.400,1,3,.333,1,2,.500,.500,0,0,,0,2,2,2,0,0,2,0,5,2.3,Julianna Bonilla,https://www.sports-reference.com/cbb/players/julianna-bonilla-1.html,marist,2020-21
7,24,10,2021-01-16,Marist,@,Fairfield,REG (Conf),L 58-61,,9,0,1,.000,0,0,,0,1,.000,.000,0,0,,0,1,1,0,0,0,2,1,0,-2.8,Julianna Bonilla,https://www.sports-reference.com/cbb/players/julianna-bonilla-1.html,marist,2020-21
8,25,12,2021-01-23,Marist,@,Niagara,REG (Conf),W 67-45,,3,0,1,.000,0,1,.000,0,0,,.000,0,0,,0,0,0,0,0,0,0,0,0,-0.7,Julianna Bonilla,https://www.sports-reference.com/cbb/players/julianna-bonilla-1.html,marist,2020-21
9,26,14,2021-02-08,Marist,,Rider,REG (Conf),W 70-57,,11,2,4,.500,1,1,1.000,1,3,.333,.625,0,0,,1,1,2,2,1,0,0,0,5,6.4,Julianna Bonilla,https://www.sports-reference.com/cbb/players/julianna-bonilla-1.html,marist,2020-21
10,27,15,2021-02-13,Marist,@,Siena,REG (Conf),W 69-44,,7,0,0,,0,0,,0,0,,,0,0,,0,1,1,0,0,0,1,1,0,-1.1,Julianna Bonilla,https://www.sports-reference.com/cbb/players/julianna-bonilla-1.html,marist,2020-21
11,28,16,2021-02-14,Marist,@,Siena,REG (Conf),W 60-44,,1,0,1,.000,0,1,.000,0,0,,.000,0,0,,0,0,0,0,1,0,0,0,0,0.3,Julianna Bonilla,https://www.sports-reference.com/cbb/players/julianna-bonilla-1.html,marist,2020-21
12,29,17,2021-03-04,Marist,,Saint Peter's,REG (Conf),W 71-55,,8,0,0,,0,0,,0,0,,,0,0,,0,0,0,1,0,0,1,0,0,-0.3,Julianna Bonilla,https://www.sports-reference.com/cbb/players/julianna-bonilla-1.html,marist,2020-21
13,30,18,2021-03-05,Marist,,Saint Peter's,REG (Conf),L 51-58,,4,0,0,,0,0,,0,0,,,0,0,,0,0,0,0,0,0,0,0,0,0.0,Julianna Bonilla,https://www.sports-reference.com/cbb/players/julianna-bonilla-1.html,marist,2020-21
14,31,20,2021-03-12,Marist,,Fairfield,CTOURN,W 66-50,,1,0,0,,0,0,,0,0,,,0,0,,0,0,0,0,0,0,1,0,0,-1.0,Julianna Bonilla,https://www.sports-reference.com/cbb/players/julianna-bonilla-1.html,marist,2020-21
15,32,21,2021-03-13,Marist,,Saint Peter's,CTOURN,W 69-30,,5,0,0,,0,0,,0,0,,,1,2,.500,0,1,1,2,0,0,2,0,1,0.3,Julianna Bonilla,https://www.sports-reference.com/cbb/players/julianna-bonilla-1.html,marist,2020-21
16,33,22,2021-03-22,Marist,N,Louisville,ROUND-64,L 43-74,,1,0,0,,0,0,,0,0,,,1,2,.500,0,0,0,0,0,0,0,0,1,0.6,Julianna Bonilla,https://www.sports-reference.com/cbb/players/julianna-bonilla-1.html,marist,2020-21
