ranker,player_game_num_career,team_game_num_season,date,team_name_abbr,game_location,opp_name_abbr,game_type,game_result,is_starter,mp,fg,fga,fg_pct,fg3,fg3a,fg3_pct,fg2,fg2a,fg2_pct,efg_pct,ft,fta,ft_pct,orb,drb,trb,ast,stl,blk,tov,pf,pts,game_score,player_name,player_sr_link,school,season
1,58,1,2020-12-05,Marist,@,Army,REG (Non-Conf),W 83-55,,13,0,2,.000,0,2,.000,0,0,,.000,0,0,,0,2,2,3,1,0,0,0,0,2.3,Kendall Krick,https://www.sports-reference.com/cbb/players/kendall-krick-1.html,marist,2020-21
2,59,2,2020-12-11,Marist,,Canisius,REG (Conf),W 64-44,,19,1,3,.333,1,1,1.000,0,2,.000,.500,0,0,,0,1,1,2,2,0,2,1,3,2.6,Kendall Krick,https://www.sports-reference.com/cbb/players/kendall-krick-1.html,marist,2020-21
3,60,3,2020-12-12,Marist,,Canisius,REG (Conf),W 82-61,,20,4,5,.800,1,2,.500,3,3,1.000,.900,2,2,1.000,0,3,3,3,0,0,0,1,11,11.7,Kendall Krick,https://www.sports-reference.com/cbb/players/kendall-krick-1.html,marist,2020-21
4,61,4,2020-12-15,Marist,,Albany (NY),REG (Non-Conf),W 67-48,,17,3,4,.750,0,1,.000,3,3,1.000,.750,0,0,,1,0,1,1,2,0,2,2,6,5.0,Kendall Krick,https://www.sports-reference.com/cbb/players/kendall-krick-1.html,marist,2020-21
5,62,5,2021-01-03,Marist,@,Quinnipiac,REG (Conf),W 69-50,,18,1,4,.250,0,1,.000,1,3,.333,.250,0,0,,0,1,1,0,3,0,0,2,2,2.1,Kendall Krick,https://www.sports-reference.com/cbb/players/kendall-krick-1.html,marist,2020-21
6,63,6,2021-01-04,Marist,@,Quinnipiac,REG (Conf),L 55-59 (OT),,30,2,6,.333,0,1,.000,2,5,.400,.333,4,5,.800,1,2,3,1,1,0,0,4,8,5.6,Kendall Krick,https://www.sports-reference.com/cbb/players/kendall-krick-1.html,marist,2020-21
7,64,7,2021-01-09,Marist,,Manhattan,REG (Conf),W 52-44,,17,1,3,.333,0,1,.000,1,2,.500,.333,0,0,,0,0,0,2,1,0,1,1,2,1.3,Kendall Krick,https://www.sports-reference.com/cbb/players/kendall-krick-1.html,marist,2020-21
8,65,8,2021-01-10,Marist,,Manhattan,REG (Conf),W 50-46,*,30,1,6,.167,0,1,.000,1,5,.200,.167,0,0,,0,1,1,3,2,0,1,2,2,0.8,Kendall Krick,https://www.sports-reference.com/cbb/players/kendall-krick-1.html,marist,2020-21
9,66,9,2021-01-15,Marist,@,Fairfield,REG (Conf),W 56-38,*,27,3,8,.375,1,3,.333,2,5,.400,.438,0,0,,1,3,4,3,0,0,1,1,7,4.9,Kendall Krick,https://www.sports-reference.com/cbb/players/kendall-krick-1.html,marist,2020-21
10,67,10,2021-01-16,Marist,@,Fairfield,REG (Conf),L 58-61,*,30,3,6,.500,0,2,.000,3,4,.750,.500,0,0,,1,3,4,1,1,0,3,2,6,2.5,Kendall Krick,https://www.sports-reference.com/cbb/players/kendall-krick-1.html,marist,2020-21
11,68,11,2021-01-22,Marist,@,Niagara,REG (Conf),W 66-60 (OT),*,35,1,4,.250,0,1,.000,1,3,.333,.250,3,4,.750,1,2,3,3,1,1,4,1,5,2.9,Kendall Krick,https://www.sports-reference.com/cbb/players/kendall-krick-1.html,marist,2020-21
12,69,12,2021-01-23,Marist,@,Niagara,REG (Conf),W 67-45,*,29,3,5,.600,0,0,,3,5,.600,.600,0,0,,1,2,3,2,2,0,2,2,6,5.6,Kendall Krick,https://www.sports-reference.com/cbb/players/kendall-krick-1.html,marist,2020-21
13,70,13,2021-02-07,Marist,,Rider,REG (Conf),W 47-46,,17,1,3,.333,0,0,,1,3,.333,.333,0,0,,1,2,3,1,1,0,0,0,2,3.3,Kendall Krick,https://www.sports-reference.com/cbb/players/kendall-krick-1.html,marist,2020-21
14,71,14,2021-02-08,Marist,,Rider,REG (Conf),W 70-57,,18,2,4,.500,0,0,,2,4,.500,.500,0,0,,0,2,2,0,1,0,0,0,4,3.6,Kendall Krick,https://www.sports-reference.com/cbb/players/kendall-krick-1.html,marist,2020-21
15,72,15,2021-02-13,Marist,@,Siena,REG (Conf),W 69-44,,17,3,4,.750,0,1,.000,3,3,1.000,.750,3,3,1.000,0,1,1,1,2,0,1,0,9,9.4,Kendall Krick,https://www.sports-reference.com/cbb/players/kendall-krick-1.html,marist,2020-21
16,73,16,2021-02-14,Marist,@,Siena,REG (Conf),W 60-44,,22,3,7,.429,1,3,.333,2,4,.500,.500,1,1,1.000,0,3,3,1,3,0,3,2,8,5.1,Kendall Krick,https://www.sports-reference.com/cbb/players/kendall-krick-1.html,marist,2020-21
17,74,17,2021-03-04,Marist,,Saint Peter's,REG (Conf),W 71-55,,18,2,3,.667,0,0,,2,3,.667,.667,1,1,1.000,0,0,0,1,1,0,1,2,5,3.6,Kendall Krick,https://www.sports-reference.com/cbb/players/kendall-krick-1.html,marist,2020-21
18,75,18,2021-03-05,Marist,,Saint Peter's,REG (Conf),L 51-58,,20,2,5,.400,1,2,.500,1,3,.333,.500,0,0,,0,1,1,1,1,0,1,0,5,3.3,Kendall Krick,https://www.sports-reference.com/cbb/players/kendall-krick-1.html,marist,2020-21
19,76,19,2021-03-10,Marist,,Siena,CTOURN,W 63-55,,25,1,4,.250,0,1,.000,1,3,.333,.250,0,0,,1,0,1,1,0,1,0,1,2,1.3,Kendall Krick,https://www.sports-reference.com/cbb/players/kendall-krick-1.html,marist,2020-21
20,77,20,2021-03-12,Marist,,Fairfield,CTOURN,W 66-50,,12,0,2,.000,0,1,.000,0,1,.000,.000,0,0,,2,1,3,1,1,0,2,4,0,-1.6,Kendall Krick,https://www.sports-reference.com/cbb/players/kendall-krick-1.html,marist,2020-21
21,78,21,2021-03-13,Marist,,Saint Peter's,CTOURN,W 69-30,,14,2,4,.500,1,1,1.000,1,3,.333,.625,2,2,1.000,2,3,5,0,0,0,1,1,7,5.9,Kendall Krick,https://www.sports-reference.com/cbb/players/kendall-krick-1.html,marist,2020-21
22,79,22,2021-03-22,Marist,N,Louisville,ROUND-64,L 43-74,,15,1,3,.333,0,1,.000,1,2,.500,.333,2,2,1.000,0,0,0,0,0,0,2,1,4,-0.1,Kendall Krick,https://www.sports-reference.com/cbb/players/kendall-krick-1.html,marist,2020-21
