ranker,player_game_num_career,team_game_num_season,date,team_name_abbr,game_location,opp_name_abbr,game_type,game_result,is_starter,mp,fg,fga,fg_pct,fg3,fg3a,fg3_pct,fg2,fg2a,fg2_pct,efg_pct,ft,fta,ft_pct,orb,drb,trb,ast,stl,blk,tov,pf,pts,game_score,player_name,player_sr_link,school,season
1,22,1,2020-12-05,Marist,@,Army,REG (Non-Conf),W 83-55,,8,1,1,1.000,1,1,1.000,0,0,,1.500,0,0,,0,0,0,0,0,0,0,1,3,2.3,Samantha Bailey,https://www.sports-reference.com/cbb/players/samantha-bailey-1.html,marist,2020-21
2,23,2,2020-12-11,Marist,,Canisius,REG (Conf),W 64-44,,4,1,1,1.000,1,1,1.000,0,0,,1.500,0,0,,0,0,0,0,0,0,0,0,3,2.7,Samantha Bailey,https://www.sports-reference.com/cbb/players/samantha-bailey-1.html,marist,2020-21
3,24,3,2020-12-12,Marist,,Canisius,REG (Conf),W 82-61,,7,1,1,1.000,0,0,,1,1,1.000,1.000,0,0,,0,2,2,1,0,0,0,1,2,2.6,Samantha Bailey,https://www.sports-reference.com/cbb/players/samantha-bailey-1.html,marist,2020-21
4,25,4,2020-12-15,Marist,,Albany (NY),REG (Non-Conf),W 67-48,,3,0,0,,0,0,,0,0,,,0,0,,0,1,1,0,0,0,0,0,0,0.3,Samantha Bailey,https://www.sports-reference.com/cbb/players/samantha-bailey-1.html,marist,2020-21
5,26,5,2021-01-03,Marist,@,Quinnipiac,REG (Conf),W 69-50,,4,0,0,,0,0,,0,0,,,0,0,,0,0,0,0,0,0,0,0,0,0.0,Samantha Bailey,https://www.sports-reference.com/cbb/players/samantha-bailey-1.html,marist,2020-21
6,27,6,2021-01-04,Marist,@,Quinnipiac,REG (Conf),L 55-59 (OT),,2,0,0,,0,0,,0,0,,,0,0,,0,0,0,0,0,0,0,1,0,-0.4,Samantha Bailey,https://www.sports-reference.com/cbb/players/samantha-bailey-1.html,marist,2020-21
7,28,7,2021-01-09,Marist,,Manhattan,REG (Conf),W 52-44,,6,0,0,,0,0,,0,0,,,0,0,,0,0,0,0,0,0,1,1,0,-1.4,Samantha Bailey,https://www.sports-reference.com/cbb/players/samantha-bailey-1.html,marist,2020-21
8,29,8,2021-01-10,Marist,,Manhattan,REG (Conf),W 50-46,,16,2,2,1.000,1,1,1.000,1,1,1.000,1.250,2,2,1.000,0,1,1,1,0,0,2,0,7,5.4,Samantha Bailey,https://www.sports-reference.com/cbb/players/samantha-bailey-1.html,marist,2020-21
9,30,9,2021-01-15,Marist,@,Fairfield,REG (Conf),W 56-38,,4,0,0,,0,0,,0,0,,,0,0,,0,0,0,0,0,0,0,0,0,0.0,Samantha Bailey,https://www.sports-reference.com/cbb/players/samantha-bailey-1.html,marist,2020-21
10,31,10,2021-01-16,Marist,@,Fairfield,REG (Conf),L 58-61,,1,0,0,,0,0,,0,0,,,0,0,,0,0,0,0,0,0,0,0,0,0.0,Samantha Bailey,https://www.sports-reference.com/cbb/players/samantha-bailey-1.html,marist,2020-21
11,32,11,2021-01-22,Marist,@,Niagara,REG (Conf),W 66-60 (OT),,1,0,0,,0,0,,0,0,,,0,0,,0,0,0,0,0,0,0,0,0,0.0,Samantha Bailey,https://www.sports-reference.com/cbb/players/samantha-bailey-1.html,marist,2020-21
12,33,12,2021-01-23,Marist,@,Niagara,REG (Conf),W 67-45,,11,0,0,,0,0,,0,0,,,2,2,1.000,0,1,1,0,0,0,1,0,2,1.3,Samantha Bailey,https://www.sports-reference.com/cbb/players/samantha-bailey-1.html,marist,2020-21
13,34,13,2021-02-07,Marist,,Rider,REG (Conf),W 47-46,,4,0,0,,0,0,,0,0,,,0,0,,0,0,0,0,0,0,0,0,0,0.0,Samantha Bailey,https://www.sports-reference.com/cbb/players/samantha-bailey-1.html,marist,2020-21
14,35,14,2021-02-08,Marist,,Rider,REG (Conf),W 70-57,,3,0,1,.000,0,1,.000,0,0,,.000,0,0,,0,0,0,0,0,0,0,0,0,-0.7,Samantha Bailey,https://www.sports-reference.com/cbb/players/samantha-bailey-1.html,marist,2020-21
15,36,15,2021-02-13,Marist,@,Siena,REG (Conf),W 69-44,,9,2,3,.667,1,1,1.000,1,2,.500,.833,0,0,,0,1,1,0,0,0,1,0,5,3.0,Samantha Bailey,https://www.sports-reference.com/cbb/players/samantha-bailey-1.html,marist,2020-21
16,37,16,2021-02-14,Marist,@,Siena,REG (Conf),W 60-44,,8,1,2,.500,0,0,,1,2,.500,.500,0,0,,0,1,1,1,0,0,0,0,2,2.0,Samantha Bailey,https://www.sports-reference.com/cbb/players/samantha-bailey-1.html,marist,2020-21
17,38,17,2021-03-04,Marist,,Saint Peter's,REG (Conf),W 71-55,,6,2,3,.667,0,0,,2,3,.667,.667,0,0,,0,1,1,0,0,0,0,1,4,2.6,Samantha Bailey,https://www.sports-reference.com/cbb/players/samantha-bailey-1.html,marist,2020-21
18,39,18,2021-03-05,Marist,,Saint Peter's,REG (Conf),L 51-58,,16,1,4,.250,0,1,.000,1,3,.333,.250,0,0,,2,0,2,0,0,0,0,1,2,0.6,Samantha Bailey,https://www.sports-reference.com/cbb/players/samantha-bailey-1.html,marist,2020-21
19,40,19,2021-03-10,Marist,,Siena,CTOURN,W 63-55,,4,0,1,.000,0,1,.000,0,0,,.000,0,0,,0,0,0,0,0,0,1,1,0,-2.1,Samantha Bailey,https://www.sports-reference.com/cbb/players/samantha-bailey-1.html,marist,2020-21
20,41,20,2021-03-12,Marist,,Fairfield,CTOURN,W 66-50,,1,0,0,,0,0,,0,0,,,0,0,,0,0,0,0,0,0,0,0,0,0.0,Samantha Bailey,https://www.sports-reference.com/cbb/players/samantha-bailey-1.html,marist,2020-21
21,42,21,2021-03-13,Marist,,Saint Peter's,CTOURN,W 69-30,,5,0,1,.000,0,1,.000,0,0,,.000,0,0,,1,0,1,0,0,0,0,1,0,-0.4,Samantha Bailey,https://www.sports-reference.com/cbb/players/samantha-bailey-1.html,marist,2020-21
22,43,22,2021-03-22,Marist,N,Louisville,ROUND-64,L 43-74,,1,0,0,,0,0,,0,0,,,0,0,,0,0,0,0,0,0,0,0,0,0.0,Samantha Bailey,https://www.sports-reference.com/cbb/players/samantha-bailey-1.html,marist,2020-21
