ranker,player_game_num_career,team_game_num_season,date,team_name_abbr,game_location,opp_name_abbr,game_type,game_result,is_starter,mp,fg,fga,fg_pct,fg3,fg3a,fg3_pct,fg2,fg2a,fg2_pct,efg_pct,ft,fta,ft_pct,orb,drb,trb,ast,stl,blk,tov,pf,pts,game_score,player_name,player_sr_link,school,season
1,58,1,2020-12-05,Marist,@,Army,REG (Non-Conf),W 83-55,*,26,6,13,.462,3,5,.600,3,8,.375,.577,0,0,,1,4,5,2,1,0,1,0,15,11.6,Sarah Barcello,https://www.sports-reference.com/cbb/players/sarah-barcello-1.html,marist,2020-21
2,59,2,2020-12-11,Marist,,Canisius,REG (Conf),W 64-44,*,28,7,11,.636,1,2,.500,6,9,.667,.682,3,6,.500,3,2,5,0,2,1,4,2,18,12.5,Sarah Barcello,https://www.sports-reference.com/cbb/players/sarah-barcello-1.html,marist,2020-21
3,60,3,2020-12-12,Marist,,Canisius,REG (Conf),W 82-61,*,29,7,15,.467,2,7,.286,5,8,.625,.533,2,2,1.000,1,1,2,2,1,0,1,0,18,12.7,Sarah Barcello,https://www.sports-reference.com/cbb/players/sarah-barcello-1.html,marist,2020-21
4,61,4,2020-12-15,Marist,,Albany (NY),REG (Non-Conf),W 67-48,*,29,5,11,.455,2,6,.333,3,5,.600,.545,1,2,.500,1,1,2,2,1,1,2,1,13,8.6,Sarah Barcello,https://www.sports-reference.com/cbb/players/sarah-barcello-1.html,marist,2020-21
5,62,5,2021-01-03,Marist,@,Quinnipiac,REG (Conf),W 69-50,*,34,10,16,.625,3,6,.500,7,10,.700,.719,2,3,.667,1,3,4,0,1,0,2,1,25,17.6,Sarah Barcello,https://www.sports-reference.com/cbb/players/sarah-barcello-1.html,marist,2020-21
6,63,6,2021-01-04,Marist,@,Quinnipiac,REG (Conf),L 55-59 (OT),*,34,2,13,.154,0,5,.000,2,8,.250,.154,0,0,,0,4,4,3,2,0,7,4,4,-7.6,Sarah Barcello,https://www.sports-reference.com/cbb/players/sarah-barcello-1.html,marist,2020-21
7,64,7,2021-01-09,Marist,,Manhattan,REG (Conf),W 52-44,*,34,3,14,.214,2,6,.333,1,8,.125,.286,1,4,.250,0,5,5,1,0,0,0,1,9,1.0,Sarah Barcello,https://www.sports-reference.com/cbb/players/sarah-barcello-1.html,marist,2020-21
8,65,13,2021-02-07,Marist,,Rider,REG (Conf),W 47-46,*,27,3,6,.500,0,1,.000,3,5,.600,.500,0,0,,3,3,6,1,0,0,1,3,6,4.5,Sarah Barcello,https://www.sports-reference.com/cbb/players/sarah-barcello-1.html,marist,2020-21
9,66,14,2021-02-08,Marist,,Rider,REG (Conf),W 70-57,*,34,4,10,.400,0,4,.000,4,6,.667,.400,4,5,.800,0,2,2,3,1,0,0,0,12,9.9,Sarah Barcello,https://www.sports-reference.com/cbb/players/sarah-barcello-1.html,marist,2020-21
10,67,15,2021-02-13,Marist,@,Siena,REG (Conf),W 69-44,*,25,4,11,.364,0,4,.000,4,7,.571,.364,0,0,,3,4,7,3,1,0,0,2,8,7.5,Sarah Barcello,https://www.sports-reference.com/cbb/players/sarah-barcello-1.html,marist,2020-21
11,68,16,2021-02-14,Marist,@,Siena,REG (Conf),W 60-44,*,30,5,10,.500,2,3,.667,3,7,.429,.600,2,2,1.000,2,5,7,2,1,0,1,0,14,13.3,Sarah Barcello,https://www.sports-reference.com/cbb/players/sarah-barcello-1.html,marist,2020-21
12,69,17,2021-03-04,Marist,,Saint Peter's,REG (Conf),W 71-55,*,27,4,8,.500,0,1,.000,4,7,.571,.500,2,2,1.000,2,2,4,1,0,0,2,1,10,6.3,Sarah Barcello,https://www.sports-reference.com/cbb/players/sarah-barcello-1.html,marist,2020-21
13,70,18,2021-03-05,Marist,,Saint Peter's,REG (Conf),L 51-58,*,24,3,8,.375,2,5,.400,1,3,.333,.500,5,5,1.000,0,6,6,1,0,0,1,3,13,8.9,Sarah Barcello,https://www.sports-reference.com/cbb/players/sarah-barcello-1.html,marist,2020-21
14,71,19,2021-03-10,Marist,,Siena,CTOURN,W 63-55,*,36,8,18,.444,2,7,.286,6,11,.545,.500,2,4,.500,1,4,5,1,6,0,1,3,20,16.2,Sarah Barcello,https://www.sports-reference.com/cbb/players/sarah-barcello-1.html,marist,2020-21
15,72,20,2021-03-12,Marist,,Fairfield,CTOURN,W 66-50,*,35,4,10,.400,2,7,.286,2,3,.667,.500,2,3,.667,0,4,4,1,3,1,5,3,12,5.6,Sarah Barcello,https://www.sports-reference.com/cbb/players/sarah-barcello-1.html,marist,2020-21
16,73,21,2021-03-13,Marist,,Saint Peter's,CTOURN,W 69-30,*,23,4,8,.500,0,3,.000,4,5,.800,.500,1,1,1.000,0,3,3,3,4,0,0,1,9,11.6,Sarah Barcello,https://www.sports-reference.com/cbb/players/sarah-barcello-1.html,marist,2020-21
17,74,22,2021-03-22,Marist,N,Louisville,ROUND-64,L 43-74,*,27,2,12,.167,2,8,.250,0,4,.000,.250,2,4,.500,0,5,5,0,1,0,3,0,8,-0.9,Sarah Barcello,https://www.sports-reference.com/cbb/players/sarah-barcello-1.html,marist,2020-21
