ranker,player_game_num_career,team_game_num_season,date,team_name_abbr,game_location,opp_name_abbr,game_type,game_result,is_starter,mp,fg,fga,fg_pct,fg3,fg3a,fg3_pct,fg2,fg2a,fg2_pct,efg_pct,ft,fta,ft_pct,orb,drb,trb,ast,stl,blk,tov,pf,pts,game_score,player_name,player_sr_link,school,season
1,27,1,2020-12-05,Marist,@,Army,REG (Non-Conf),W 83-55,*,24,6,10,.600,2,6,.333,4,4,1.000,.700,0,0,,1,2,3,3,0,0,2,3,14,9.6,Trinasia Kennedy,https://www.sports-reference.com/cbb/players/trinasia-kennedy-1.html,marist,2020-21
2,28,2,2020-12-11,Marist,,Canisius,REG (Conf),W 64-44,*,23,1,6,.167,0,2,.000,1,4,.250,.167,1,2,.500,1,1,2,0,1,0,0,0,3,0.8,Trinasia Kennedy,https://www.sports-reference.com/cbb/players/trinasia-kennedy-1.html,marist,2020-21
3,29,3,2020-12-12,Marist,,Canisius,REG (Conf),W 82-61,*,23,1,5,.200,0,0,,1,5,.200,.200,0,0,,1,3,4,3,1,0,3,1,2,0.2,Trinasia Kennedy,https://www.sports-reference.com/cbb/players/trinasia-kennedy-1.html,marist,2020-21
4,30,4,2020-12-15,Marist,,Albany (NY),REG (Non-Conf),W 67-48,*,25,4,7,.571,1,2,.500,3,5,.600,.643,1,2,.500,0,0,0,1,2,0,2,2,10,6.2,Trinasia Kennedy,https://www.sports-reference.com/cbb/players/trinasia-kennedy-1.html,marist,2020-21
5,31,5,2021-01-03,Marist,@,Quinnipiac,REG (Conf),W 69-50,*,26,3,10,.300,1,5,.200,2,5,.400,.350,1,2,.500,0,2,2,2,2,0,3,2,8,2.0,Trinasia Kennedy,https://www.sports-reference.com/cbb/players/trinasia-kennedy-1.html,marist,2020-21
6,32,6,2021-01-04,Marist,@,Quinnipiac,REG (Conf),L 55-59 (OT),*,29,1,6,.167,1,4,.250,0,2,.000,.250,0,0,,1,3,4,2,0,0,4,2,3,-2.6,Trinasia Kennedy,https://www.sports-reference.com/cbb/players/trinasia-kennedy-1.html,marist,2020-21
7,33,7,2021-01-09,Marist,,Manhattan,REG (Conf),W 52-44,*,28,3,6,.500,2,4,.500,1,2,.500,.667,3,3,1.000,0,2,2,1,0,0,2,1,11,6.9,Trinasia Kennedy,https://www.sports-reference.com/cbb/players/trinasia-kennedy-1.html,marist,2020-21
8,34,8,2021-01-10,Marist,,Manhattan,REG (Conf),W 50-46,*,32,4,8,.500,2,5,.400,2,3,.667,.625,1,4,.250,0,6,6,2,1,1,3,2,11,6.9,Trinasia Kennedy,https://www.sports-reference.com/cbb/players/trinasia-kennedy-1.html,marist,2020-21
9,35,9,2021-01-15,Marist,@,Fairfield,REG (Conf),W 56-38,*,34,2,10,.200,2,8,.250,0,2,.000,.300,0,0,,0,7,7,3,1,0,2,1,6,2.6,Trinasia Kennedy,https://www.sports-reference.com/cbb/players/trinasia-kennedy-1.html,marist,2020-21
10,36,10,2021-01-16,Marist,@,Fairfield,REG (Conf),L 58-61,*,38,7,14,.500,5,7,.714,2,7,.286,.679,7,10,.700,2,2,4,1,0,0,3,1,26,17.1,Trinasia Kennedy,https://www.sports-reference.com/cbb/players/trinasia-kennedy-1.html,marist,2020-21
11,37,11,2021-01-22,Marist,@,Niagara,REG (Conf),W 66-60 (OT),*,37,2,9,.222,1,4,.250,1,5,.200,.278,0,0,,0,3,3,1,4,0,9,3,5,-5.1,Trinasia Kennedy,https://www.sports-reference.com/cbb/players/trinasia-kennedy-1.html,marist,2020-21
12,38,12,2021-01-23,Marist,@,Niagara,REG (Conf),W 67-45,*,32,5,14,.357,1,4,.250,4,10,.400,.393,0,1,.000,0,0,0,4,2,0,2,2,11,4.8,Trinasia Kennedy,https://www.sports-reference.com/cbb/players/trinasia-kennedy-1.html,marist,2020-21
13,39,13,2021-02-07,Marist,,Rider,REG (Conf),W 47-46,*,33,2,9,.222,1,4,.250,1,5,.200,.278,2,4,.500,1,2,3,1,1,0,3,1,7,0.3,Trinasia Kennedy,https://www.sports-reference.com/cbb/players/trinasia-kennedy-1.html,marist,2020-21
14,40,14,2021-02-08,Marist,,Rider,REG (Conf),W 70-57,*,31,7,13,.538,3,4,.750,4,9,.444,.654,3,6,.500,0,3,3,3,2,0,5,3,20,11.3,Trinasia Kennedy,https://www.sports-reference.com/cbb/players/trinasia-kennedy-1.html,marist,2020-21
15,41,15,2021-02-13,Marist,@,Siena,REG (Conf),W 69-44,*,28,5,9,.556,3,5,.600,2,4,.500,.722,0,0,,2,2,4,1,1,0,2,1,13,10.0,Trinasia Kennedy,https://www.sports-reference.com/cbb/players/trinasia-kennedy-1.html,marist,2020-21
16,42,16,2021-02-14,Marist,@,Siena,REG (Conf),W 60-44,*,32,3,12,.250,0,5,.000,3,7,.429,.250,0,0,,0,3,3,4,4,0,1,0,6,5.5,Trinasia Kennedy,https://www.sports-reference.com/cbb/players/trinasia-kennedy-1.html,marist,2020-21
17,43,17,2021-03-04,Marist,,Saint Peter's,REG (Conf),W 71-55,*,32,4,7,.571,2,2,1.000,2,5,.400,.714,4,4,1.000,0,5,5,0,0,0,2,2,14,9.4,Trinasia Kennedy,https://www.sports-reference.com/cbb/players/trinasia-kennedy-1.html,marist,2020-21
18,44,18,2021-03-05,Marist,,Saint Peter's,REG (Conf),L 51-58,*,24,2,5,.400,1,3,.333,1,2,.500,.500,0,0,,0,2,2,1,0,0,2,4,5,0.0,Trinasia Kennedy,https://www.sports-reference.com/cbb/players/trinasia-kennedy-1.html,marist,2020-21
19,45,19,2021-03-10,Marist,,Siena,CTOURN,W 63-55,*,33,3,10,.300,2,5,.400,1,5,.200,.400,2,5,.400,2,1,3,4,2,0,3,2,10,5.7,Trinasia Kennedy,https://www.sports-reference.com/cbb/players/trinasia-kennedy-1.html,marist,2020-21
20,46,20,2021-03-12,Marist,,Fairfield,CTOURN,W 66-50,*,28,7,13,.538,3,7,.429,4,6,.667,.654,0,1,.000,0,2,2,2,2,1,0,2,17,14.2,Trinasia Kennedy,https://www.sports-reference.com/cbb/players/trinasia-kennedy-1.html,marist,2020-21
21,47,21,2021-03-13,Marist,,Saint Peter's,CTOURN,W 69-30,*,33,2,8,.250,1,3,.333,1,5,.200,.313,0,0,,1,1,2,1,1,0,4,1,5,-1.5,Trinasia Kennedy,https://www.sports-reference.com/cbb/players/trinasia-kennedy-1.html,marist,2020-21
22,48,22,2021-03-22,Marist,N,Louisville,ROUND-64,L 43-74,*,35,2,11,.182,1,4,.250,1,7,.143,.227,1,2,.500,0,2,2,2,0,0,4,1,6,-3.7,Trinasia Kennedy,https://www.sports-reference.com/cbb/players/trinasia-kennedy-1.html,marist,2020-21
