ranker,player_game_num_career,team_game_num_season,date,team_name_abbr,game_location,opp_name_abbr,game_type,game_result,is_starter,mp,fg,fga,fg_pct,fg3,fg3a,fg3_pct,fg2,fg2a,fg2_pct,efg_pct,ft,fta,ft_pct,orb,drb,trb,ast,stl,blk,tov,pf,pts,game_score,player_name,player_sr_link,school,season
1,93,1,2020-12-05,Marist,@,Army,REG (Non-Conf),W 83-55,*,30,6,10,.600,0,0,,6,10,.600,.600,0,0,,1,4,5,3,0,1,1,2,12,10.3,Willow Duffell,https://www.sports-reference.com/cbb/players/willow-duffell-1.html,marist,2020-21
2,94,2,2020-12-11,Marist,,Canisius,REG (Conf),W 64-44,*,30,3,8,.375,1,3,.333,2,5,.400,.438,1,2,.500,2,8,10,3,0,0,3,1,8,5.7,Willow Duffell,https://www.sports-reference.com/cbb/players/willow-duffell-1.html,marist,2020-21
3,95,3,2020-12-12,Marist,,Canisius,REG (Conf),W 82-61,*,25,5,10,.500,0,1,.000,5,9,.556,.500,2,2,1.000,4,7,11,1,0,0,2,3,12,9.4,Willow Duffell,https://www.sports-reference.com/cbb/players/willow-duffell-1.html,marist,2020-21
4,96,4,2020-12-15,Marist,,Albany (NY),REG (Non-Conf),W 67-48,*,29,4,8,.500,1,2,.500,3,6,.500,.563,1,2,.500,3,0,3,4,1,1,3,2,10,8.4,Willow Duffell,https://www.sports-reference.com/cbb/players/willow-duffell-1.html,marist,2020-21
5,97,5,2021-01-03,Marist,@,Quinnipiac,REG (Conf),W 69-50,*,28,4,9,.444,1,2,.500,3,7,.429,.500,4,4,1.000,3,6,9,2,2,0,2,3,13,12.4,Willow Duffell,https://www.sports-reference.com/cbb/players/willow-duffell-1.html,marist,2020-21
6,98,6,2021-01-04,Marist,@,Quinnipiac,REG (Conf),L 55-59 (OT),*,40,7,16,.438,1,2,.500,6,14,.429,.469,3,5,.600,6,11,17,3,1,1,1,3,18,17.9,Willow Duffell,https://www.sports-reference.com/cbb/players/willow-duffell-1.html,marist,2020-21
7,99,7,2021-01-09,Marist,,Manhattan,REG (Conf),W 52-44,*,27,2,9,.222,1,3,.333,1,6,.167,.278,0,0,,0,7,7,3,0,3,3,4,5,1.2,Willow Duffell,https://www.sports-reference.com/cbb/players/willow-duffell-1.html,marist,2020-21
8,100,8,2021-01-10,Marist,,Manhattan,REG (Conf),W 50-46,*,33,4,11,.364,1,3,.333,3,8,.375,.409,1,1,1.000,0,10,10,2,2,0,0,1,10,9.9,Willow Duffell,https://www.sports-reference.com/cbb/players/willow-duffell-1.html,marist,2020-21
9,101,9,2021-01-15,Marist,@,Fairfield,REG (Conf),W 56-38,*,35,4,12,.333,0,0,,4,12,.333,.333,0,0,,3,8,11,6,1,0,3,0,8,7.9,Willow Duffell,https://www.sports-reference.com/cbb/players/willow-duffell-1.html,marist,2020-21
10,102,10,2021-01-16,Marist,@,Fairfield,REG (Conf),L 58-61,*,37,1,5,.200,0,1,.000,1,4,.250,.200,4,4,1.000,2,7,9,3,1,0,4,3,6,4.3,Willow Duffell,https://www.sports-reference.com/cbb/players/willow-duffell-1.html,marist,2020-21
11,103,11,2021-01-22,Marist,@,Niagara,REG (Conf),W 66-60 (OT),*,43,9,12,.750,0,0,,9,12,.750,.750,9,10,.900,2,5,7,3,1,0,4,2,27,23.0,Willow Duffell,https://www.sports-reference.com/cbb/players/willow-duffell-1.html,marist,2020-21
12,104,12,2021-01-23,Marist,@,Niagara,REG (Conf),W 67-45,*,23,4,7,.571,0,1,.000,4,6,.667,.571,1,1,1.000,0,5,5,0,1,0,3,2,9,4.4,Willow Duffell,https://www.sports-reference.com/cbb/players/willow-duffell-1.html,marist,2020-21
13,105,13,2021-02-07,Marist,,Rider,REG (Conf),W 47-46,*,37,5,14,.357,0,2,.000,5,12,.417,.357,5,5,1.000,5,1,6,2,5,0,4,2,15,12.6,Willow Duffell,https://www.sports-reference.com/cbb/players/willow-duffell-1.html,marist,2020-21
14,106,14,2021-02-08,Marist,,Rider,REG (Conf),W 70-57,*,36,4,11,.364,1,2,.500,3,9,.333,.409,4,6,.667,3,5,8,3,1,1,2,4,13,9.9,Willow Duffell,https://www.sports-reference.com/cbb/players/willow-duffell-1.html,marist,2020-21
15,107,15,2021-02-13,Marist,@,Siena,REG (Conf),W 69-44,*,29,4,16,.250,0,1,.000,4,15,.267,.250,2,2,1.000,3,5,8,3,1,1,2,2,10,5.0,Willow Duffell,https://www.sports-reference.com/cbb/players/willow-duffell-1.html,marist,2020-21
16,108,16,2021-02-14,Marist,@,Siena,REG (Conf),W 60-44,*,38,5,12,.417,0,1,.000,5,11,.455,.417,3,4,.750,4,8,12,2,0,2,5,2,13,8.4,Willow Duffell,https://www.sports-reference.com/cbb/players/willow-duffell-1.html,marist,2020-21
17,109,17,2021-03-04,Marist,,Saint Peter's,REG (Conf),W 71-55,*,35,4,7,.571,1,1,1.000,3,6,.500,.643,1,1,1.000,2,10,12,2,3,3,3,1,10,14.2,Willow Duffell,https://www.sports-reference.com/cbb/players/willow-duffell-1.html,marist,2020-21
18,110,18,2021-03-05,Marist,,Saint Peter's,REG (Conf),L 51-58,*,30,4,13,.308,1,3,.333,3,10,.300,.346,3,6,.500,1,6,7,0,1,1,3,2,12,3.7,Willow Duffell,https://www.sports-reference.com/cbb/players/willow-duffell-1.html,marist,2020-21
19,111,19,2021-03-10,Marist,,Siena,CTOURN,W 63-55,*,38,6,12,.500,1,1,1.000,5,11,.455,.542,1,3,.333,6,8,14,4,1,1,1,3,14,16.1,Willow Duffell,https://www.sports-reference.com/cbb/players/willow-duffell-1.html,marist,2020-21
20,112,20,2021-03-12,Marist,,Fairfield,CTOURN,W 66-50,*,36,5,12,.417,0,1,.000,5,11,.455,.417,7,8,.875,2,7,9,6,0,0,4,3,17,12.7,Willow Duffell,https://www.sports-reference.com/cbb/players/willow-duffell-1.html,marist,2020-21
21,113,21,2021-03-13,Marist,,Saint Peter's,CTOURN,W 69-30,*,30,9,14,.643,0,0,,9,14,.643,.643,2,3,.667,5,8,13,4,2,0,2,1,20,21.7,Willow Duffell,https://www.sports-reference.com/cbb/players/willow-duffell-1.html,marist,2020-21
22,114,22,2021-03-22,Marist,N,Louisville,ROUND-64,L 43-74,*,34,2,9,.222,0,1,.000,2,8,.250,.222,2,2,1.000,3,5,8,4,0,0,2,4,6,3.3,Willow Duffell,https://www.sports-reference.com/cbb/players/willow-duffell-1.html,marist,2020-21
