ranker,player_game_num_career,team_game_num_season,date,team_name_abbr,game_location,opp_name_abbr,game_type,game_result,is_starter,mp,fg,fga,fg_pct,fg3,fg3a,fg3_pct,fg2,fg2a,fg2_pct,efg_pct,ft,fta,ft_pct,orb,drb,trb,ast,stl,blk,tov,pf,pts,game_score,player_name,player_sr_link,school,season
1,1,1,2020-12-05,Marist,@,Army,REG (Non-Conf),W 83-55,,14,3,5,.600,0,0,,3,5,.600,.600,0,0,,1,3,4,1,1,0,1,3,6,4.8,Zaria Shazer,https://www.sports-reference.com/cbb/players/zaria-shazer-1.html,marist,2020-21
2,2,2,2020-12-11,Marist,,Canisius,REG (Conf),W 64-44,,17,4,10,.400,0,0,,4,10,.400,.400,0,4,.000,3,4,7,2,0,1,0,0,8,6.4,Zaria Shazer,https://www.sports-reference.com/cbb/players/zaria-shazer-1.html,marist,2020-21
3,3,3,2020-12-12,Marist,,Canisius,REG (Conf),W 82-61,,22,5,9,.556,0,2,.000,5,7,.714,.556,2,2,1.000,2,3,5,2,0,2,1,3,12,10.6,Zaria Shazer,https://www.sports-reference.com/cbb/players/zaria-shazer-1.html,marist,2020-21
4,4,4,2020-12-15,Marist,,Albany (NY),REG (Non-Conf),W 67-48,,21,6,8,.750,2,2,1.000,4,6,.667,.875,0,0,,2,3,5,0,1,0,0,2,14,13.3,Zaria Shazer,https://www.sports-reference.com/cbb/players/zaria-shazer-1.html,marist,2020-21
5,5,5,2021-01-03,Marist,@,Quinnipiac,REG (Conf),W 69-50,,19,2,11,.182,0,1,.000,2,10,.200,.182,1,1,1.000,5,2,7,0,0,0,0,1,5,1.8,Zaria Shazer,https://www.sports-reference.com/cbb/players/zaria-shazer-1.html,marist,2020-21
6,6,6,2021-01-04,Marist,@,Quinnipiac,REG (Conf),L 55-59 (OT),,11,1,5,.200,0,0,,1,5,.200,.200,0,0,,2,0,2,0,0,0,1,4,2,-2.3,Zaria Shazer,https://www.sports-reference.com/cbb/players/zaria-shazer-1.html,marist,2020-21
7,7,7,2021-01-09,Marist,,Manhattan,REG (Conf),W 52-44,,24,1,7,.143,0,0,,1,7,.143,.143,0,0,,2,1,3,1,1,0,2,1,2,-1.5,Zaria Shazer,https://www.sports-reference.com/cbb/players/zaria-shazer-1.html,marist,2020-21
8,8,8,2021-01-10,Marist,,Manhattan,REG (Conf),W 50-46,,17,4,10,.400,0,1,.000,4,9,.444,.400,0,0,,2,7,9,0,0,0,1,0,8,5.1,Zaria Shazer,https://www.sports-reference.com/cbb/players/zaria-shazer-1.html,marist,2020-21
9,9,9,2021-01-15,Marist,@,Fairfield,REG (Conf),W 56-38,,19,3,6,.500,1,1,1.000,2,5,.400,.583,0,0,,1,5,6,0,1,0,1,0,7,6.2,Zaria Shazer,https://www.sports-reference.com/cbb/players/zaria-shazer-1.html,marist,2020-21
10,10,10,2021-01-16,Marist,@,Fairfield,REG (Conf),L 58-61,,13,1,5,.200,0,0,,1,5,.200,.200,0,0,,2,3,5,0,1,0,0,2,2,1.4,Zaria Shazer,https://www.sports-reference.com/cbb/players/zaria-shazer-1.html,marist,2020-21
11,11,11,2021-01-22,Marist,@,Niagara,REG (Conf),W 66-60 (OT),,27,4,8,.500,0,0,,4,8,.500,.500,2,4,.500,1,6,7,4,3,0,3,1,10,10.1,Zaria Shazer,https://www.sports-reference.com/cbb/players/zaria-shazer-1.html,marist,2020-21
12,12,12,2021-01-23,Marist,@,Niagara,REG (Conf),W 67-45,,16,2,7,.286,0,1,.000,2,6,.333,.286,0,2,.000,5,3,8,1,0,0,2,2,4,1.4,Zaria Shazer,https://www.sports-reference.com/cbb/players/zaria-shazer-1.html,marist,2020-21
13,13,13,2021-02-07,Marist,,Rider,REG (Conf),W 47-46,,11,2,6,.333,0,2,.000,2,4,.500,.333,1,2,.500,1,0,1,0,1,0,2,5,5,-1.1,Zaria Shazer,https://www.sports-reference.com/cbb/players/zaria-shazer-1.html,marist,2020-21
14,14,14,2021-02-08,Marist,,Rider,REG (Conf),W 70-57,,18,0,4,.000,0,1,.000,0,3,.000,.000,0,0,,1,3,4,1,1,1,0,1,0,0.8,Zaria Shazer,https://www.sports-reference.com/cbb/players/zaria-shazer-1.html,marist,2020-21
15,15,15,2021-02-13,Marist,@,Siena,REG (Conf),W 69-44,,10,1,6,.167,0,0,,1,6,.167,.167,0,0,,2,0,2,0,0,1,1,0,2,-0.7,Zaria Shazer,https://www.sports-reference.com/cbb/players/zaria-shazer-1.html,marist,2020-21
16,16,17,2021-03-04,Marist,,Saint Peter's,REG (Conf),W 71-55,,20,3,7,.429,0,0,,3,7,.429,.429,1,6,.167,1,2,3,2,1,1,3,1,7,2.3,Zaria Shazer,https://www.sports-reference.com/cbb/players/zaria-shazer-1.html,marist,2020-21
17,17,18,2021-03-05,Marist,,Saint Peter's,REG (Conf),L 51-58,*,27,6,10,.600,0,0,,6,10,.600,.600,0,3,.000,2,3,5,2,1,1,1,4,12,9.0,Zaria Shazer,https://www.sports-reference.com/cbb/players/zaria-shazer-1.html,marist,2020-21
18,18,19,2021-03-10,Marist,,Siena,CTOURN,W 63-55,*,23,3,8,.375,0,0,,3,8,.375,.375,0,0,,1,1,2,0,0,0,0,1,6,2.2,Zaria Shazer,https://www.sports-reference.com/cbb/players/zaria-shazer-1.html,marist,2020-21
19,19,20,2021-03-12,Marist,,Fairfield,CTOURN,W 66-50,*,18,0,2,.000,0,0,,0,2,.000,.000,0,0,,1,4,5,0,1,0,0,4,0,-0.1,Zaria Shazer,https://www.sports-reference.com/cbb/players/zaria-shazer-1.html,marist,2020-21
20,20,21,2021-03-13,Marist,,Saint Peter's,CTOURN,W 69-30,,9,0,1,.000,0,1,.000,0,0,,.000,0,0,,0,1,1,0,0,1,0,1,0,-0.1,Zaria Shazer,https://www.sports-reference.com/cbb/players/zaria-shazer-1.html,marist,2020-21
21,21,22,2021-03-22,Marist,N,Louisville,ROUND-64,L 43-74,,12,1,5,.200,0,1,.000,1,4,.250,.200,1,2,.500,1,3,4,1,0,0,1,0,3,0.8,Zaria Shazer,https://www.sports-reference.com/cbb/players/zaria-shazer-1.html,marist,2020-21
