ranker,player_game_num_career,team_game_num_season,date,team_name_abbr,game_location,opp_name_abbr,game_type,game_result,is_starter,mp,fg,fga,fg_pct,fg3,fg3a,fg3_pct,fg2,fg2a,fg2_pct,efg_pct,ft,fta,ft_pct,orb,drb,trb,ast,stl,blk,tov,pf,pts,game_score,player_name,player_sr_link,school,season
1,26,1,2018-11-09,Texas Tech,,Jacksonville State,REG (Non-Conf),W 71-58,,13,0,0,,0,0,,0,0,,,3,4,.750,0,3,3,1,1,0,3,2,3,1.4,Angel Hayden,https://www.sports-reference.com/cbb/players/angel-hayden-1.html,texas-tech,2018-19
2,27,2,2018-11-11,Texas Tech,,Louisiana–Monroe,REG (Non-Conf),W 86-42,,29,4,5,.800,2,3,.667,2,2,1.000,1.000,0,1,.000,0,0,0,4,5,0,1,2,10,13.7,Angel Hayden,https://www.sports-reference.com/cbb/players/angel-hayden-1.html,texas-tech,2018-19
3,28,3,2018-11-17,Texas Tech,,Idaho,REG (Non-Conf),L 77-88,*,23,2,6,.333,0,2,.000,2,4,.500,.333,2,5,.400,1,3,4,4,2,0,1,0,6,6.8,Angel Hayden,https://www.sports-reference.com/cbb/players/angel-hayden-1.html,texas-tech,2018-19
4,29,4,2018-11-20,Texas Tech,,Texas A&M–Corpus Christi,REG (Non-Conf),W 78-61,,25,2,5,.400,1,2,.500,1,3,.333,.500,4,5,.800,2,3,5,3,3,0,4,0,9,9.3,Angel Hayden,https://www.sports-reference.com/cbb/players/angel-hayden-1.html,texas-tech,2018-19
5,30,5,2018-11-24,Texas Tech,,Houston Baptist,REG (Non-Conf),W 82-76,,9,0,1,.000,0,0,,0,1,.000,.000,0,0,,0,1,1,0,0,0,0,0,0,-0.4,Angel Hayden,https://www.sports-reference.com/cbb/players/angel-hayden-1.html,texas-tech,2018-19
6,31,6,2018-11-28,Texas Tech,,Stephen F. Austin,REG (Non-Conf),W 77-69,,10,0,0,,0,0,,0,0,,,2,2,1.000,0,2,2,2,3,0,2,1,2,4.6,Angel Hayden,https://www.sports-reference.com/cbb/players/angel-hayden-1.html,texas-tech,2018-19
7,32,7,2018-12-02,Texas Tech,@,Florida,REG (Non-Conf),L 67-72,,12,0,0,,0,0,,0,0,,,0,0,,0,3,3,0,0,0,2,0,0,-1.1,Angel Hayden,https://www.sports-reference.com/cbb/players/angel-hayden-1.html,texas-tech,2018-19
8,33,8,2018-12-15,Texas Tech,@,Nevada,REG (Non-Conf),W 86-67,,15,0,2,.000,0,2,.000,0,0,,.000,1,2,.500,2,1,3,5,0,0,4,1,1,0.0,Angel Hayden,https://www.sports-reference.com/cbb/players/angel-hayden-1.html,texas-tech,2018-19
9,34,9,2018-12-18,Texas Tech,,Southern,REG (Non-Conf),W 76-58,,6,0,0,,0,0,,0,0,,,0,0,,1,0,1,2,0,0,0,0,0,2.1,Angel Hayden,https://www.sports-reference.com/cbb/players/angel-hayden-1.html,texas-tech,2018-19
10,35,10,2018-12-22,Texas Tech,,Texas Southern,REG (Non-Conf),W 75-55,,24,1,2,.500,0,0,,1,2,.500,.500,3,4,.750,1,2,3,0,0,0,2,0,5,2.9,Angel Hayden,https://www.sports-reference.com/cbb/players/angel-hayden-1.html,texas-tech,2018-19
11,36,11,2018-12-29,Texas Tech,,Abilene Christian,REG (Non-Conf),W 105-54,,17,0,2,.000,0,2,.000,0,0,,.000,5,6,.833,1,2,3,1,0,0,1,0,5,4.2,Angel Hayden,https://www.sports-reference.com/cbb/players/angel-hayden-1.html,texas-tech,2018-19
12,37,12,2019-01-02,Texas Tech,@,Oklahoma,REG (Conf),L 61-66,,10,0,1,.000,0,1,.000,0,0,,.000,0,0,,0,1,1,0,0,0,0,0,0,-0.4,Angel Hayden,https://www.sports-reference.com/cbb/players/angel-hayden-1.html,texas-tech,2018-19
13,38,13,2019-01-06,Texas Tech,,Baylor,REG (Conf),L 56-73,,16,1,1,1.000,0,0,,1,1,1.000,1.000,0,0,,1,0,1,0,1,0,0,0,2,3.4,Angel Hayden,https://www.sports-reference.com/cbb/players/angel-hayden-1.html,texas-tech,2018-19
14,39,14,2019-01-09,Texas Tech,,Kansas,REG (Conf),W 69-66,,9,0,1,.000,0,0,,0,1,.000,.000,0,0,,0,1,1,0,1,0,0,0,0,0.6,Angel Hayden,https://www.sports-reference.com/cbb/players/angel-hayden-1.html,texas-tech,2018-19
15,40,15,2019-01-12,Texas Tech,@,Oklahoma State,REG (Conf),L 57-65,,6,0,1,.000,0,1,.000,0,0,,.000,0,0,,1,0,1,0,0,0,2,0,0,-2.0,Angel Hayden,https://www.sports-reference.com/cbb/players/angel-hayden-1.html,texas-tech,2018-19
16,41,16,2019-01-16,Texas Tech,@,TCU,REG (Conf),L 70-78,*,35,2,6,.333,0,3,.000,2,3,.667,.333,1,3,.333,3,4,7,2,2,0,5,2,5,1.7,Angel Hayden,https://www.sports-reference.com/cbb/players/angel-hayden-1.html,texas-tech,2018-19
17,42,17,2019-01-19,Texas Tech,,Kansas State,REG (Conf),L 62-66,*,12,0,1,.000,0,1,.000,0,0,,.000,0,0,,1,0,1,0,0,0,1,0,0,-1.0,Angel Hayden,https://www.sports-reference.com/cbb/players/angel-hayden-1.html,texas-tech,2018-19
18,43,18,2019-01-23,Texas Tech,@,West Virginia,REG (Conf),L 65-68,,36,2,3,.667,0,0,,2,3,.667,.667,2,2,1.000,1,1,2,2,0,0,1,3,6,4.9,Angel Hayden,https://www.sports-reference.com/cbb/players/angel-hayden-1.html,texas-tech,2018-19
19,44,19,2019-01-26,Texas Tech,,Texas,REG (Conf),L 71-78,,34,2,7,.286,2,6,.333,0,1,.000,.429,2,4,.500,2,2,4,1,1,0,2,4,8,3.2,Angel Hayden,https://www.sports-reference.com/cbb/players/angel-hayden-1.html,texas-tech,2018-19
20,45,20,2019-01-29,Texas Tech,@,Iowa State,REG (Conf),L 66-105,,32,4,16,.250,2,13,.154,2,3,.667,.313,0,4,.000,1,3,4,5,1,0,1,3,10,2.7,Angel Hayden,https://www.sports-reference.com/cbb/players/angel-hayden-1.html,texas-tech,2018-19
21,46,21,2019-02-02,Texas Tech,@,Baylor,REG (Conf),L 37-96,*,23,0,3,.000,0,3,.000,0,0,,.000,1,6,.167,0,0,0,2,2,0,1,1,1,-1.1,Angel Hayden,https://www.sports-reference.com/cbb/players/angel-hayden-1.html,texas-tech,2018-19
22,47,22,2019-02-06,Texas Tech,,TCU,REG (Conf),L 63-70,*,18,1,3,.333,0,0,,1,3,.333,.333,3,4,.750,2,0,2,2,0,0,3,2,5,1.9,Angel Hayden,https://www.sports-reference.com/cbb/players/angel-hayden-1.html,texas-tech,2018-19
23,48,23,2019-02-09,Texas Tech,,Oklahoma State,REG (Conf),W 90-78,*,38,6,10,.600,1,4,.250,5,6,.833,.650,6,6,1.000,3,4,7,0,1,0,2,1,19,16.3,Angel Hayden,https://www.sports-reference.com/cbb/players/angel-hayden-1.html,texas-tech,2018-19
24,49,24,2019-02-13,Texas Tech,,West Virginia,REG (Conf),L 72-75,*,40,3,10,.300,1,3,.333,2,7,.286,.350,5,6,.833,2,4,6,2,2,0,2,1,12,9.4,Angel Hayden,https://www.sports-reference.com/cbb/players/angel-hayden-1.html,texas-tech,2018-19
25,50,25,2019-02-17,Texas Tech,@,Kansas,REG (Conf),W 75-71,*,27,3,10,.300,0,5,.000,3,5,.600,.300,6,8,.750,3,3,6,3,2,0,3,2,12,8.7,Angel Hayden,https://www.sports-reference.com/cbb/players/angel-hayden-1.html,texas-tech,2018-19
26,51,26,2019-02-23,Texas Tech,@,Texas,REG (Conf),L 57-81,*,23,0,13,.000,0,10,.000,0,3,.000,.000,0,0,,0,1,1,2,0,0,1,1,0,-8.8,Angel Hayden,https://www.sports-reference.com/cbb/players/angel-hayden-1.html,texas-tech,2018-19
27,52,27,2019-02-26,Texas Tech,,Iowa State,REG (Conf),L 62-64,*,29,0,6,.000,0,3,.000,0,3,.000,.000,4,4,1.000,0,3,3,2,1,0,1,3,4,0.9,Angel Hayden,https://www.sports-reference.com/cbb/players/angel-hayden-1.html,texas-tech,2018-19
28,53,28,2019-03-02,Texas Tech,@,Kansas State,REG (Conf),L 67-75,*,39,0,0,,0,0,,0,0,,,0,0,,1,3,4,6,1,0,2,1,0,4.4,Angel Hayden,https://www.sports-reference.com/cbb/players/angel-hayden-1.html,texas-tech,2018-19
29,54,29,2019-03-05,Texas Tech,,Oklahoma,REG (Conf),W 88-82,*,36,2,4,.500,2,4,.500,0,0,,.750,0,2,.000,0,3,3,3,2,0,1,1,6,6.8,Angel Hayden,https://www.sports-reference.com/cbb/players/angel-hayden-1.html,texas-tech,2018-19
30,55,30,2019-03-08,Texas Tech,@,Oklahoma,CTOURN,W 104-84,*,32,1,4,.250,0,2,.000,1,2,.500,.250,0,0,,1,3,4,6,1,0,1,2,2,4.6,Angel Hayden,https://www.sports-reference.com/cbb/players/angel-hayden-1.html,texas-tech,2018-19
31,56,31,2019-03-09,Texas Tech,@,Baylor,CTOURN,L 61-100,*,37,1,4,.250,0,2,.000,1,2,.500,.250,0,0,,1,4,5,3,4,0,4,2,2,2.8,Angel Hayden,https://www.sports-reference.com/cbb/players/angel-hayden-1.html,texas-tech,2018-19
