ranker,player_game_num_career,team_game_num_season,date,team_name_abbr,game_location,opp_name_abbr,game_type,game_result,is_starter,mp,fg,fga,fg_pct,fg3,fg3a,fg3_pct,fg2,fg2a,fg2_pct,efg_pct,ft,fta,ft_pct,orb,drb,trb,ast,stl,blk,tov,pf,pts,game_score,player_name,player_sr_link,school,season
1,62,1,2018-11-09,Texas Tech,,Jacksonville State,REG (Non-Conf),W 71-58,*,33,6,10,.600,0,0,,6,10,.600,.600,2,2,1.000,4,10,14,2,0,1,1,3,14,15.1,Brittany Brewer,https://www.sports-reference.com/cbb/players/brittany-brewer-1.html,texas-tech,2018-19
2,63,2,2018-11-11,Texas Tech,,Louisiana–Monroe,REG (Non-Conf),W 86-42,*,30,6,8,.750,0,0,,6,8,.750,.750,1,2,.500,4,9,13,3,0,2,0,3,13,17.2,Brittany Brewer,https://www.sports-reference.com/cbb/players/brittany-brewer-1.html,texas-tech,2018-19
3,64,3,2018-11-17,Texas Tech,,Idaho,REG (Non-Conf),L 77-88,*,27,6,15,.400,2,6,.333,4,9,.444,.467,0,0,,1,5,6,0,0,2,2,4,14,5.9,Brittany Brewer,https://www.sports-reference.com/cbb/players/brittany-brewer-1.html,texas-tech,2018-19
4,65,4,2018-11-20,Texas Tech,,Texas A&M–Corpus Christi,REG (Non-Conf),W 78-61,*,33,5,9,.556,1,2,.500,4,7,.571,.611,6,6,1.000,5,11,16,2,0,3,5,3,17,16.8,Brittany Brewer,https://www.sports-reference.com/cbb/players/brittany-brewer-1.html,texas-tech,2018-19
5,66,5,2018-11-24,Texas Tech,,Houston Baptist,REG (Non-Conf),W 82-76,*,36,16,23,.696,0,2,.000,16,21,.762,.696,2,4,.500,8,5,13,2,1,5,2,2,34,33.7,Brittany Brewer,https://www.sports-reference.com/cbb/players/brittany-brewer-1.html,texas-tech,2018-19
6,67,6,2018-11-28,Texas Tech,,Stephen F. Austin,REG (Non-Conf),W 77-69,*,14,2,6,.333,0,2,.000,2,4,.500,.333,4,5,.800,2,5,7,0,0,2,2,5,8,4.5,Brittany Brewer,https://www.sports-reference.com/cbb/players/brittany-brewer-1.html,texas-tech,2018-19
7,68,7,2018-12-02,Texas Tech,@,Florida,REG (Non-Conf),L 67-72,*,39,11,22,.500,5,9,.556,6,13,.462,.614,1,2,.500,4,9,13,0,1,6,2,3,28,24.1,Brittany Brewer,https://www.sports-reference.com/cbb/players/brittany-brewer-1.html,texas-tech,2018-19
8,69,8,2018-12-15,Texas Tech,@,Nevada,REG (Non-Conf),W 86-67,*,37,10,16,.625,0,1,.000,10,15,.667,.625,0,0,,10,2,12,0,1,1,3,4,20,17.5,Brittany Brewer,https://www.sports-reference.com/cbb/players/brittany-brewer-1.html,texas-tech,2018-19
9,70,9,2018-12-18,Texas Tech,,Southern,REG (Non-Conf),W 76-58,*,36,7,11,.636,0,0,,7,11,.636,.636,5,8,.625,3,5,8,0,1,2,4,2,19,14.1,Brittany Brewer,https://www.sports-reference.com/cbb/players/brittany-brewer-1.html,texas-tech,2018-19
10,71,10,2018-12-22,Texas Tech,,Texas Southern,REG (Non-Conf),W 75-55,*,30,7,13,.538,0,0,,7,13,.538,.538,7,9,.778,6,7,13,1,0,2,1,1,21,20.9,Brittany Brewer,https://www.sports-reference.com/cbb/players/brittany-brewer-1.html,texas-tech,2018-19
11,72,11,2018-12-29,Texas Tech,,Abilene Christian,REG (Non-Conf),W 105-54,*,27,10,11,.909,1,1,1.000,9,10,.900,.955,4,5,.800,2,10,12,3,1,2,1,1,25,28.4,Brittany Brewer,https://www.sports-reference.com/cbb/players/brittany-brewer-1.html,texas-tech,2018-19
12,73,12,2019-01-02,Texas Tech,@,Oklahoma,REG (Conf),L 61-66,*,28,6,16,.375,1,3,.333,5,13,.385,.406,0,0,,2,7,9,0,0,6,3,3,13,7.7,Brittany Brewer,https://www.sports-reference.com/cbb/players/brittany-brewer-1.html,texas-tech,2018-19
13,74,13,2019-01-06,Texas Tech,,Baylor,REG (Conf),L 56-73,*,29,4,12,.333,0,5,.000,4,7,.571,.333,0,0,,0,10,10,1,0,2,0,4,8,4.7,Brittany Brewer,https://www.sports-reference.com/cbb/players/brittany-brewer-1.html,texas-tech,2018-19
14,75,14,2019-01-09,Texas Tech,,Kansas,REG (Conf),W 69-66,*,25,4,10,.400,0,1,.000,4,9,.444,.400,0,0,,0,4,4,0,0,3,2,5,8,1.9,Brittany Brewer,https://www.sports-reference.com/cbb/players/brittany-brewer-1.html,texas-tech,2018-19
15,76,15,2019-01-12,Texas Tech,@,Oklahoma State,REG (Conf),L 57-65,*,22,4,12,.333,2,4,.500,2,8,.250,.417,0,0,,2,0,2,1,4,1,3,3,10,5.8,Brittany Brewer,https://www.sports-reference.com/cbb/players/brittany-brewer-1.html,texas-tech,2018-19
16,77,16,2019-01-16,Texas Tech,@,TCU,REG (Conf),L 70-78,*,39,12,17,.706,3,5,.600,9,12,.750,.794,0,3,.000,3,8,11,1,1,0,3,4,27,20.3,Brittany Brewer,https://www.sports-reference.com/cbb/players/brittany-brewer-1.html,texas-tech,2018-19
17,78,17,2019-01-19,Texas Tech,,Kansas State,REG (Conf),L 62-66,*,35,11,17,.647,1,3,.333,10,14,.714,.676,0,0,,6,5,11,1,2,1,5,1,23,19.2,Brittany Brewer,https://www.sports-reference.com/cbb/players/brittany-brewer-1.html,texas-tech,2018-19
18,79,18,2019-01-23,Texas Tech,@,West Virginia,REG (Conf),L 65-68,*,36,7,20,.350,3,11,.273,4,9,.444,.425,2,2,1.000,1,5,6,4,1,0,6,3,19,6.6,Brittany Brewer,https://www.sports-reference.com/cbb/players/brittany-brewer-1.html,texas-tech,2018-19
19,80,19,2019-01-26,Texas Tech,,Texas,REG (Conf),L 71-78,*,38,4,9,.444,2,6,.333,2,3,.667,.556,3,3,1.000,1,3,4,6,1,3,0,2,13,16.4,Brittany Brewer,https://www.sports-reference.com/cbb/players/brittany-brewer-1.html,texas-tech,2018-19
20,81,20,2019-01-29,Texas Tech,@,Iowa State,REG (Conf),L 66-105,*,29,4,10,.400,0,2,.000,4,8,.500,.400,1,2,.500,6,3,9,1,0,3,4,3,9,5.9,Brittany Brewer,https://www.sports-reference.com/cbb/players/brittany-brewer-1.html,texas-tech,2018-19
21,82,21,2019-02-02,Texas Tech,@,Baylor,REG (Conf),L 37-96,*,39,1,6,.167,0,3,.000,1,3,.333,.167,3,4,.750,3,6,9,0,0,2,4,3,5,0.9,Brittany Brewer,https://www.sports-reference.com/cbb/players/brittany-brewer-1.html,texas-tech,2018-19
22,83,22,2019-02-06,Texas Tech,,TCU,REG (Conf),L 63-70,*,38,7,12,.583,0,3,.000,7,9,.778,.583,1,3,.333,2,9,11,0,0,0,2,2,15,9.9,Brittany Brewer,https://www.sports-reference.com/cbb/players/brittany-brewer-1.html,texas-tech,2018-19
23,84,23,2019-02-09,Texas Tech,,Oklahoma State,REG (Conf),W 90-78,*,19,5,13,.385,0,0,,5,13,.385,.385,1,1,1.000,0,2,2,2,0,0,3,5,11,0.9,Brittany Brewer,https://www.sports-reference.com/cbb/players/brittany-brewer-1.html,texas-tech,2018-19
24,85,24,2019-02-13,Texas Tech,,West Virginia,REG (Conf),L 72-75,*,25,4,5,.800,0,0,,4,5,.800,.800,1,4,.250,1,4,5,0,0,3,2,1,9,7.5,Brittany Brewer,https://www.sports-reference.com/cbb/players/brittany-brewer-1.html,texas-tech,2018-19
25,86,25,2019-02-17,Texas Tech,@,Kansas,REG (Conf),W 75-71,*,26,8,18,.444,4,5,.800,4,13,.308,.556,0,0,,2,8,10,0,2,3,4,4,20,12.9,Brittany Brewer,https://www.sports-reference.com/cbb/players/brittany-brewer-1.html,texas-tech,2018-19
26,87,26,2019-02-23,Texas Tech,@,Texas,REG (Conf),L 57-81,*,30,6,11,.545,1,4,.250,5,7,.714,.591,0,0,,1,3,4,1,3,2,2,4,13,10.8,Brittany Brewer,https://www.sports-reference.com/cbb/players/brittany-brewer-1.html,texas-tech,2018-19
27,88,27,2019-02-26,Texas Tech,,Iowa State,REG (Conf),L 62-64,*,40,8,13,.615,3,7,.429,5,6,.833,.731,0,0,,3,13,16,1,1,4,4,3,19,18.4,Brittany Brewer,https://www.sports-reference.com/cbb/players/brittany-brewer-1.html,texas-tech,2018-19
28,89,28,2019-03-02,Texas Tech,@,Kansas State,REG (Conf),L 67-75,*,25,9,17,.529,1,2,.500,8,15,.533,.559,1,2,.500,2,1,3,0,1,0,2,1,20,11.6,Brittany Brewer,https://www.sports-reference.com/cbb/players/brittany-brewer-1.html,texas-tech,2018-19
29,90,29,2019-03-05,Texas Tech,,Oklahoma,REG (Conf),W 88-82,*,20,4,7,.571,0,2,.000,4,5,.800,.571,0,0,,3,2,5,1,1,1,3,5,8,4.8,Brittany Brewer,https://www.sports-reference.com/cbb/players/brittany-brewer-1.html,texas-tech,2018-19
30,91,30,2019-03-08,Texas Tech,@,Oklahoma,CTOURN,W 104-84,*,36,16,23,.696,3,5,.600,13,18,.722,.761,5,7,.714,5,10,15,4,0,4,2,3,40,38.4,Brittany Brewer,https://www.sports-reference.com/cbb/players/brittany-brewer-1.html,texas-tech,2018-19
31,92,31,2019-03-09,Texas Tech,@,Baylor,CTOURN,L 61-100,*,39,4,13,.308,1,5,.200,3,8,.375,.346,4,4,1.000,2,6,8,0,0,5,2,1,13,9.8,Brittany Brewer,https://www.sports-reference.com/cbb/players/brittany-brewer-1.html,texas-tech,2018-19
