ranker,player_game_num_career,team_game_num_season,date,team_name_abbr,game_location,opp_name_abbr,game_type,game_result,is_starter,mp,fg,fga,fg_pct,fg3,fg3a,fg2,fg2a,fg2_pct,efg_pct,ft,fta,ft_pct,orb,drb,trb,ast,stl,blk,tov,pf,pts,game_score,player_name,player_sr_link,school,season
1,57,1,2018-11-09,Texas Tech,,Jacksonville State,REG (Non-Conf),W 71-58,*,29,6,10,.600,0,0,6,10,.600,.600,5,8,.625,1,2,3,1,1,0,2,1,17,11.8,Erin DeGrate,https://www.sports-reference.com/cbb/players/erin-degrate-1.html,texas-tech,2018-19
2,58,2,2018-11-11,Texas Tech,,Louisiana–Monroe,REG (Non-Conf),W 86-42,*,22,3,8,.375,0,0,3,8,.375,.375,5,8,.625,4,0,4,0,0,0,1,5,11,5.2,Erin DeGrate,https://www.sports-reference.com/cbb/players/erin-degrate-1.html,texas-tech,2018-19
3,59,3,2018-11-17,Texas Tech,,Idaho,REG (Non-Conf),L 77-88,,24,3,8,.375,0,0,3,8,.375,.375,3,5,.600,5,6,11,0,0,0,4,2,9,4.3,Erin DeGrate,https://www.sports-reference.com/cbb/players/erin-degrate-1.html,texas-tech,2018-19
4,60,4,2018-11-20,Texas Tech,,Texas A&M–Corpus Christi,REG (Non-Conf),W 78-61,,16,4,6,.667,0,0,4,6,.667,.667,2,4,.500,1,4,5,0,0,1,1,3,10,7.0,Erin DeGrate,https://www.sports-reference.com/cbb/players/erin-degrate-1.html,texas-tech,2018-19
5,61,5,2018-11-24,Texas Tech,,Houston Baptist,REG (Non-Conf),W 82-76,,8,3,4,.750,0,0,3,4,.750,.750,1,3,.333,0,4,4,0,0,1,4,0,7,2.5,Erin DeGrate,https://www.sports-reference.com/cbb/players/erin-degrate-1.html,texas-tech,2018-19
6,62,6,2018-11-28,Texas Tech,,Stephen F. Austin,REG (Non-Conf),W 77-69,,23,2,3,.667,0,0,2,3,.667,.667,6,12,.500,3,7,10,0,0,3,3,3,10,8.4,Erin DeGrate,https://www.sports-reference.com/cbb/players/erin-degrate-1.html,texas-tech,2018-19
7,63,7,2018-12-02,Texas Tech,@,Florida,REG (Non-Conf),L 67-72,,16,0,2,.000,0,0,0,2,.000,.000,1,2,.500,2,2,4,0,0,1,0,3,1,0.7,Erin DeGrate,https://www.sports-reference.com/cbb/players/erin-degrate-1.html,texas-tech,2018-19
8,64,8,2018-12-15,Texas Tech,@,Nevada,REG (Non-Conf),W 86-67,,3,0,1,.000,0,0,0,1,.000,.000,0,0,,1,0,1,1,0,1,2,0,0,-0.6,Erin DeGrate,https://www.sports-reference.com/cbb/players/erin-degrate-1.html,texas-tech,2018-19
9,65,9,2018-12-18,Texas Tech,,Southern,REG (Non-Conf),W 76-58,,4,1,4,.250,0,0,1,4,.250,.250,0,0,,0,1,1,0,0,0,1,1,2,-1.5,Erin DeGrate,https://www.sports-reference.com/cbb/players/erin-degrate-1.html,texas-tech,2018-19
10,66,10,2018-12-22,Texas Tech,,Texas Southern,REG (Non-Conf),W 75-55,,10,3,6,.500,0,0,3,6,.500,.500,0,1,.000,1,6,7,0,0,0,1,1,6,3.7,Erin DeGrate,https://www.sports-reference.com/cbb/players/erin-degrate-1.html,texas-tech,2018-19
11,67,11,2018-12-29,Texas Tech,,Abilene Christian,REG (Non-Conf),W 105-54,,16,2,3,.667,0,0,2,3,.667,.667,2,2,1.000,1,2,3,0,0,1,3,4,6,2.1,Erin DeGrate,https://www.sports-reference.com/cbb/players/erin-degrate-1.html,texas-tech,2018-19
12,68,12,2019-01-02,Texas Tech,@,Oklahoma,REG (Conf),L 61-66,,19,4,8,.500,0,0,4,8,.500,.500,0,1,.000,5,3,8,0,0,0,1,3,8,5.8,Erin DeGrate,https://www.sports-reference.com/cbb/players/erin-degrate-1.html,texas-tech,2018-19
13,69,13,2019-01-06,Texas Tech,,Baylor,REG (Conf),L 56-73,*,21,2,4,.500,0,0,2,4,.500,.500,2,4,.500,2,4,6,1,0,0,2,5,6,2.5,Erin DeGrate,https://www.sports-reference.com/cbb/players/erin-degrate-1.html,texas-tech,2018-19
14,70,14,2019-01-09,Texas Tech,,Kansas,REG (Conf),W 69-66,,15,4,7,.571,0,0,4,7,.571,.571,1,2,.500,3,4,7,0,0,3,1,2,9,8.9,Erin DeGrate,https://www.sports-reference.com/cbb/players/erin-degrate-1.html,texas-tech,2018-19
15,71,15,2019-01-12,Texas Tech,@,Oklahoma State,REG (Conf),L 57-65,,25,4,5,.800,0,0,4,5,.800,.800,3,5,.600,1,5,6,1,0,1,3,2,11,8.1,Erin DeGrate,https://www.sports-reference.com/cbb/players/erin-degrate-1.html,texas-tech,2018-19
16,72,16,2019-01-16,Texas Tech,@,TCU,REG (Conf),L 70-78,*,26,4,8,.500,0,0,4,8,.500,.500,0,2,.000,2,5,7,1,0,0,4,4,8,1.2,Erin DeGrate,https://www.sports-reference.com/cbb/players/erin-degrate-1.html,texas-tech,2018-19
17,73,17,2019-01-19,Texas Tech,,Kansas State,REG (Conf),L 62-66,,17,5,7,.714,0,0,5,7,.714,.714,1,4,.250,2,4,6,0,0,1,3,2,11,6.4,Erin DeGrate,https://www.sports-reference.com/cbb/players/erin-degrate-1.html,texas-tech,2018-19
18,74,18,2019-01-23,Texas Tech,@,West Virginia,REG (Conf),L 65-68,,34,6,10,.600,0,0,6,10,.600,.600,0,4,.000,0,12,12,0,0,4,1,3,12,10.0,Erin DeGrate,https://www.sports-reference.com/cbb/players/erin-degrate-1.html,texas-tech,2018-19
19,75,19,2019-01-26,Texas Tech,,Texas,REG (Conf),L 71-78,*,21,5,11,.455,0,0,5,11,.455,.455,1,3,.333,2,4,6,0,0,0,1,3,11,4.9,Erin DeGrate,https://www.sports-reference.com/cbb/players/erin-degrate-1.html,texas-tech,2018-19
20,76,20,2019-01-29,Texas Tech,@,Iowa State,REG (Conf),L 66-105,*,15,2,4,.500,0,0,2,4,.500,.500,0,0,,1,1,2,0,0,2,0,2,4,3.6,Erin DeGrate,https://www.sports-reference.com/cbb/players/erin-degrate-1.html,texas-tech,2018-19
21,77,21,2019-02-02,Texas Tech,@,Baylor,REG (Conf),L 37-96,*,32,4,14,.286,0,0,4,14,.286,.286,1,4,.250,4,3,7,1,3,0,4,3,9,1.8,Erin DeGrate,https://www.sports-reference.com/cbb/players/erin-degrate-1.html,texas-tech,2018-19
22,78,22,2019-02-06,Texas Tech,,TCU,REG (Conf),L 63-70,,8,3,5,.600,0,0,3,5,.600,.600,1,2,.500,2,2,4,1,0,0,3,4,7,2.4,Erin DeGrate,https://www.sports-reference.com/cbb/players/erin-degrate-1.html,texas-tech,2018-19
23,79,23,2019-02-09,Texas Tech,,Oklahoma State,REG (Conf),W 90-78,,21,8,16,.500,0,0,8,16,.500,.500,5,8,.625,1,8,9,1,0,1,2,3,21,13.1,Erin DeGrate,https://www.sports-reference.com/cbb/players/erin-degrate-1.html,texas-tech,2018-19
24,80,24,2019-02-13,Texas Tech,,West Virginia,REG (Conf),L 72-75,,20,3,7,.429,0,0,3,7,.429,.429,6,6,1.000,3,8,11,0,0,1,2,2,12,10.7,Erin DeGrate,https://www.sports-reference.com/cbb/players/erin-degrate-1.html,texas-tech,2018-19
25,81,25,2019-02-17,Texas Tech,@,Kansas,REG (Conf),W 75-71,,24,7,16,.438,0,0,7,16,.438,.438,2,5,.400,3,4,7,2,1,1,3,1,16,9.4,Erin DeGrate,https://www.sports-reference.com/cbb/players/erin-degrate-1.html,texas-tech,2018-19
26,82,26,2019-02-23,Texas Tech,@,Texas,REG (Conf),L 57-81,,28,2,10,.200,0,0,2,10,.200,.200,3,4,.750,1,2,3,1,1,0,3,3,7,-0.8,Erin DeGrate,https://www.sports-reference.com/cbb/players/erin-degrate-1.html,texas-tech,2018-19
27,83,28,2019-03-02,Texas Tech,@,Kansas State,REG (Conf),L 67-75,,18,4,8,.500,0,0,4,8,.500,.500,2,3,.667,2,3,5,1,1,0,2,2,10,6.8,Erin DeGrate,https://www.sports-reference.com/cbb/players/erin-degrate-1.html,texas-tech,2018-19
28,84,29,2019-03-05,Texas Tech,,Oklahoma,REG (Conf),W 88-82,,4,1,3,.333,0,0,1,3,.333,.333,3,5,.600,0,0,0,1,0,0,1,1,5,1.8,Erin DeGrate,https://www.sports-reference.com/cbb/players/erin-degrate-1.html,texas-tech,2018-19
29,85,30,2019-03-08,Texas Tech,@,Oklahoma,CTOURN,W 104-84,,3,0,0,,0,0,0,0,,,0,0,,0,0,0,0,0,0,0,1,0,-0.4,Erin DeGrate,https://www.sports-reference.com/cbb/players/erin-degrate-1.html,texas-tech,2018-19
30,86,31,2019-03-09,Texas Tech,@,Baylor,CTOURN,L 61-100,,1,0,0,,0,0,0,0,,,0,0,,0,1,1,0,0,0,1,0,0,-0.7,Erin DeGrate,https://www.sports-reference.com/cbb/players/erin-degrate-1.html,texas-tech,2018-19
