ranker,player_game_num_career,team_game_num_season,date,team_name_abbr,game_location,opp_name_abbr,game_type,game_result,is_starter,mp,fg,fga,fg_pct,fg3,fg3a,fg3_pct,fg2,fg2a,fg2_pct,efg_pct,ft,fta,ft_pct,orb,drb,trb,ast,stl,blk,tov,pf,pts,game_score,player_name,player_sr_link,school,season
1,1,1,2018-11-09,Texas Tech,,Jacksonville State,REG (Non-Conf),W 71-58,,7,0,3,.000,0,2,.000,0,1,.000,.000,0,0,,0,0,0,0,0,0,1,0,0,-3.1,Eryka Sidney,https://www.sports-reference.com/cbb/players/eryka-sidney-1.html,texas-tech,2018-19
2,2,2,2018-11-11,Texas Tech,,Louisiana–Monroe,REG (Non-Conf),W 86-42,,18,3,7,.429,1,3,.333,2,4,.500,.500,0,0,,0,1,1,2,1,0,0,1,7,5.6,Eryka Sidney,https://www.sports-reference.com/cbb/players/eryka-sidney-1.html,texas-tech,2018-19
3,3,3,2018-11-17,Texas Tech,,Idaho,REG (Non-Conf),L 77-88,,11,2,5,.400,2,2,1.000,0,3,.000,.600,0,0,,1,3,4,0,0,0,0,0,6,4.9,Eryka Sidney,https://www.sports-reference.com/cbb/players/eryka-sidney-1.html,texas-tech,2018-19
4,4,4,2018-11-20,Texas Tech,,Texas A&M–Corpus Christi,REG (Non-Conf),W 78-61,*,25,4,10,.400,1,6,.167,3,4,.750,.450,0,1,.000,1,1,2,3,3,0,1,3,9,7.1,Eryka Sidney,https://www.sports-reference.com/cbb/players/eryka-sidney-1.html,texas-tech,2018-19
5,5,5,2018-11-24,Texas Tech,,Houston Baptist,REG (Non-Conf),W 82-76,*,33,1,6,.167,0,2,.000,1,4,.250,.167,1,3,.333,1,2,3,4,0,0,0,1,3,2.1,Eryka Sidney,https://www.sports-reference.com/cbb/players/eryka-sidney-1.html,texas-tech,2018-19
6,6,6,2018-11-28,Texas Tech,,Stephen F. Austin,REG (Non-Conf),W 77-69,*,35,6,14,.429,0,4,.000,6,10,.600,.429,2,2,1.000,1,0,1,3,0,0,4,0,14,5.4,Eryka Sidney,https://www.sports-reference.com/cbb/players/eryka-sidney-1.html,texas-tech,2018-19
7,7,7,2018-12-02,Texas Tech,@,Florida,REG (Non-Conf),L 67-72,*,40,5,14,.357,0,6,.000,5,8,.625,.357,0,0,,0,1,1,3,1,0,4,3,10,0.4,Eryka Sidney,https://www.sports-reference.com/cbb/players/eryka-sidney-1.html,texas-tech,2018-19
8,8,8,2018-12-15,Texas Tech,@,Nevada,REG (Non-Conf),W 86-67,*,37,5,12,.417,1,5,.200,4,7,.571,.458,0,3,.000,0,3,3,7,2,0,2,0,11,9.2,Eryka Sidney,https://www.sports-reference.com/cbb/players/eryka-sidney-1.html,texas-tech,2018-19
9,9,9,2018-12-18,Texas Tech,,Southern,REG (Non-Conf),W 76-58,*,37,2,4,.500,0,0,,2,4,.500,.500,1,2,.500,1,1,2,5,1,0,3,0,5,5.1,Eryka Sidney,https://www.sports-reference.com/cbb/players/eryka-sidney-1.html,texas-tech,2018-19
10,10,10,2018-12-22,Texas Tech,,Texas Southern,REG (Non-Conf),W 75-55,*,40,2,7,.286,0,1,.000,2,6,.333,.286,3,6,.500,0,3,3,5,1,0,1,2,7,5.3,Eryka Sidney,https://www.sports-reference.com/cbb/players/eryka-sidney-1.html,texas-tech,2018-19
11,11,11,2018-12-29,Texas Tech,,Abilene Christian,REG (Non-Conf),W 105-54,*,34,1,8,.125,0,1,.000,1,7,.143,.125,4,6,.667,1,4,5,15,2,0,1,0,6,13.4,Eryka Sidney,https://www.sports-reference.com/cbb/players/eryka-sidney-1.html,texas-tech,2018-19
12,12,12,2019-01-02,Texas Tech,@,Oklahoma,REG (Conf),L 61-66,*,36,4,13,.308,0,2,.000,4,11,.364,.308,1,4,.250,3,5,8,5,1,0,5,3,9,2.2,Eryka Sidney,https://www.sports-reference.com/cbb/players/eryka-sidney-1.html,texas-tech,2018-19
13,13,13,2019-01-06,Texas Tech,,Baylor,REG (Conf),L 56-73,,28,1,5,.200,1,3,.333,0,2,.000,.300,0,0,,0,0,0,4,0,0,1,1,3,1.3,Eryka Sidney,https://www.sports-reference.com/cbb/players/eryka-sidney-1.html,texas-tech,2018-19
14,14,14,2019-01-09,Texas Tech,,Kansas,REG (Conf),W 69-66,*,39,2,6,.333,1,2,.500,1,4,.250,.417,1,4,.250,0,2,2,4,3,0,4,3,6,2.6,Eryka Sidney,https://www.sports-reference.com/cbb/players/eryka-sidney-1.html,texas-tech,2018-19
15,15,15,2019-01-12,Texas Tech,@,Oklahoma State,REG (Conf),L 57-65,*,31,1,8,.125,0,5,.000,1,3,.333,.125,0,0,,0,2,2,3,1,0,1,0,2,-0.5,Eryka Sidney,https://www.sports-reference.com/cbb/players/eryka-sidney-1.html,texas-tech,2018-19
16,16,16,2019-01-16,Texas Tech,@,TCU,REG (Conf),L 70-78,,2,0,0,,0,0,,0,0,,,0,0,,0,0,0,0,0,0,0,0,0,0.0,Eryka Sidney,https://www.sports-reference.com/cbb/players/eryka-sidney-1.html,texas-tech,2018-19
17,17,18,2019-01-23,Texas Tech,@,West Virginia,REG (Conf),L 65-68,,4,0,1,.000,0,1,.000,0,0,,.000,0,0,,0,0,0,0,0,0,0,0,0,-0.7,Eryka Sidney,https://www.sports-reference.com/cbb/players/eryka-sidney-1.html,texas-tech,2018-19
18,18,19,2019-01-26,Texas Tech,,Texas,REG (Conf),L 71-78,,1,0,0,,0,0,,0,0,,,0,0,,0,0,0,0,0,0,0,0,0,0.0,Eryka Sidney,https://www.sports-reference.com/cbb/players/eryka-sidney-1.html,texas-tech,2018-19
19,19,20,2019-01-29,Texas Tech,@,Iowa State,REG (Conf),L 66-105,,4,0,1,.000,0,1,.000,0,0,,.000,0,0,,0,1,1,0,0,0,1,0,0,-1.4,Eryka Sidney,https://www.sports-reference.com/cbb/players/eryka-sidney-1.html,texas-tech,2018-19
20,20,21,2019-02-02,Texas Tech,@,Baylor,REG (Conf),L 37-96,,2,1,1,1.000,0,0,,1,1,1.000,1.000,0,0,,0,0,0,0,0,0,0,0,2,1.7,Eryka Sidney,https://www.sports-reference.com/cbb/players/eryka-sidney-1.html,texas-tech,2018-19
21,21,22,2019-02-06,Texas Tech,,TCU,REG (Conf),L 63-70,,27,1,5,.200,1,3,.333,0,2,.000,.300,0,0,,0,2,2,1,1,0,2,2,3,-0.6,Eryka Sidney,https://www.sports-reference.com/cbb/players/eryka-sidney-1.html,texas-tech,2018-19
22,22,23,2019-02-09,Texas Tech,,Oklahoma State,REG (Conf),W 90-78,,3,0,2,.000,0,2,.000,0,0,,.000,0,0,,0,0,0,0,0,0,0,0,0,-1.4,Eryka Sidney,https://www.sports-reference.com/cbb/players/eryka-sidney-1.html,texas-tech,2018-19
23,23,24,2019-02-13,Texas Tech,,West Virginia,REG (Conf),L 72-75,,3,0,1,.000,0,1,.000,0,0,,.000,0,0,,0,0,0,0,0,0,1,0,0,-1.7,Eryka Sidney,https://www.sports-reference.com/cbb/players/eryka-sidney-1.html,texas-tech,2018-19
24,24,25,2019-02-17,Texas Tech,@,Kansas,REG (Conf),W 75-71,,27,1,5,.200,1,4,.250,0,1,.000,.300,0,0,,0,3,3,2,1,0,0,3,3,2.0,Eryka Sidney,https://www.sports-reference.com/cbb/players/eryka-sidney-1.html,texas-tech,2018-19
25,25,26,2019-02-23,Texas Tech,@,Texas,REG (Conf),L 57-81,*,29,2,3,.667,2,3,.667,0,0,,1.000,0,0,,0,1,1,2,0,1,2,0,6,5.1,Eryka Sidney,https://www.sports-reference.com/cbb/players/eryka-sidney-1.html,texas-tech,2018-19
26,26,27,2019-02-26,Texas Tech,,Iowa State,REG (Conf),L 62-64,,23,1,5,.200,1,3,.333,0,2,.000,.300,2,4,.500,1,2,3,4,2,0,0,1,5,6.8,Eryka Sidney,https://www.sports-reference.com/cbb/players/eryka-sidney-1.html,texas-tech,2018-19
27,27,28,2019-03-02,Texas Tech,@,Kansas State,REG (Conf),L 67-75,,1,0,0,,0,0,,0,0,,,0,0,,0,0,0,0,0,0,0,0,0,0.0,Eryka Sidney,https://www.sports-reference.com/cbb/players/eryka-sidney-1.html,texas-tech,2018-19
28,28,29,2019-03-05,Texas Tech,,Oklahoma,REG (Conf),W 88-82,,4,0,2,.000,0,1,.000,0,1,.000,.000,0,0,,0,0,0,1,0,0,0,0,0,-0.7,Eryka Sidney,https://www.sports-reference.com/cbb/players/eryka-sidney-1.html,texas-tech,2018-19
29,29,30,2019-03-08,Texas Tech,@,Oklahoma,CTOURN,W 104-84,,17,3,3,1.000,3,3,1.000,0,0,,1.500,0,0,,0,1,1,0,0,0,0,1,9,8.0,Eryka Sidney,https://www.sports-reference.com/cbb/players/eryka-sidney-1.html,texas-tech,2018-19
30,30,31,2019-03-09,Texas Tech,@,Baylor,CTOURN,L 61-100,,6,0,0,,0,0,,0,0,,,0,0,,0,1,1,0,0,0,0,0,0,0.3,Eryka Sidney,https://www.sports-reference.com/cbb/players/eryka-sidney-1.html,texas-tech,2018-19
