ranker,player_game_num_career,team_game_num_season,date,team_name_abbr,game_location,opp_name_abbr,game_type,game_result,is_starter,mp,fg,fga,fg_pct,fg3,fg3a,fg3_pct,fg2,fg2a,fg2_pct,efg_pct,ft,fta,ft_pct,orb,drb,trb,ast,stl,blk,tov,pf,pts,game_score,player_name,player_sr_link,school,season
1,1,1,2018-11-09,Texas Tech,,Jacksonville State,REG (Non-Conf),W 71-58,*,26,3,6,.500,1,4,.250,2,2,1.000,.583,0,0,,0,0,0,0,0,0,1,1,7,2.6,Mia Castaneda,https://www.sports-reference.com/cbb/players/mia-castaneda-1.html,texas-tech,2018-19
2,2,2,2018-11-11,Texas Tech,,Louisiana–Monroe,REG (Non-Conf),W 86-42,*,19,3,12,.250,2,9,.222,1,3,.333,.333,0,0,,1,1,2,2,1,0,1,3,8,2.0,Mia Castaneda,https://www.sports-reference.com/cbb/players/mia-castaneda-1.html,texas-tech,2018-19
3,3,3,2018-11-17,Texas Tech,,Idaho,REG (Non-Conf),L 77-88,*,14,0,0,,0,0,,0,0,,,0,0,,0,3,3,0,0,0,1,0,0,-0.1,Mia Castaneda,https://www.sports-reference.com/cbb/players/mia-castaneda-1.html,texas-tech,2018-19
4,4,4,2018-11-20,Texas Tech,,Texas A&M–Corpus Christi,REG (Non-Conf),W 78-61,,6,0,3,.000,0,3,.000,0,0,,.000,2,2,1.000,1,1,2,0,0,0,0,0,2,0.9,Mia Castaneda,https://www.sports-reference.com/cbb/players/mia-castaneda-1.html,texas-tech,2018-19
5,5,7,2018-12-02,Texas Tech,@,Florida,REG (Non-Conf),L 67-72,,1,0,0,,0,0,,0,0,,,0,0,,0,0,0,0,0,0,0,0,0,0.0,Mia Castaneda,https://www.sports-reference.com/cbb/players/mia-castaneda-1.html,texas-tech,2018-19
6,6,8,2018-12-15,Texas Tech,@,Nevada,REG (Non-Conf),W 86-67,,1,0,0,,0,0,,0,0,,,0,0,,0,0,0,0,0,0,0,0,0,0.0,Mia Castaneda,https://www.sports-reference.com/cbb/players/mia-castaneda-1.html,texas-tech,2018-19
7,7,10,2018-12-22,Texas Tech,,Texas Southern,REG (Non-Conf),W 75-55,,2,0,0,,0,0,,0,0,,,0,0,,0,0,0,0,0,0,0,0,0,0.0,Mia Castaneda,https://www.sports-reference.com/cbb/players/mia-castaneda-1.html,texas-tech,2018-19
8,8,11,2018-12-29,Texas Tech,,Abilene Christian,REG (Non-Conf),W 105-54,,9,1,3,.333,1,2,.500,0,1,.000,.500,2,4,.500,0,1,1,0,2,0,1,1,5,3.4,Mia Castaneda,https://www.sports-reference.com/cbb/players/mia-castaneda-1.html,texas-tech,2018-19
9,9,16,2019-01-16,Texas Tech,@,TCU,REG (Conf),L 70-78,,6,1,3,.333,1,3,.333,0,0,,.500,0,0,,0,0,0,0,0,0,0,0,3,1.3,Mia Castaneda,https://www.sports-reference.com/cbb/players/mia-castaneda-1.html,texas-tech,2018-19
10,10,17,2019-01-19,Texas Tech,,Kansas State,REG (Conf),L 62-66,*,32,3,10,.300,3,10,.300,0,0,,.450,0,0,,0,0,0,2,1,0,0,2,9,4.8,Mia Castaneda,https://www.sports-reference.com/cbb/players/mia-castaneda-1.html,texas-tech,2018-19
11,11,18,2019-01-23,Texas Tech,@,West Virginia,REG (Conf),L 65-68,*,4,0,1,.000,0,1,.000,0,0,,.000,0,0,,0,0,0,0,0,0,0,2,0,-1.5,Mia Castaneda,https://www.sports-reference.com/cbb/players/mia-castaneda-1.html,texas-tech,2018-19
12,12,19,2019-01-26,Texas Tech,,Texas,REG (Conf),L 71-78,,3,0,2,.000,0,2,.000,0,0,,.000,0,0,,0,0,0,0,0,0,0,1,0,-1.8,Mia Castaneda,https://www.sports-reference.com/cbb/players/mia-castaneda-1.html,texas-tech,2018-19
13,13,20,2019-01-29,Texas Tech,@,Iowa State,REG (Conf),L 66-105,,10,0,5,.000,0,5,.000,0,0,,.000,1,2,.500,0,1,1,1,1,0,0,0,1,-0.9,Mia Castaneda,https://www.sports-reference.com/cbb/players/mia-castaneda-1.html,texas-tech,2018-19
14,14,23,2019-02-09,Texas Tech,,Oklahoma State,REG (Conf),W 90-78,,6,0,0,,0,0,,0,0,,,0,0,,0,0,0,0,0,0,0,0,0,0.0,Mia Castaneda,https://www.sports-reference.com/cbb/players/mia-castaneda-1.html,texas-tech,2018-19
15,15,24,2019-02-13,Texas Tech,,West Virginia,REG (Conf),L 72-75,,2,0,1,.000,0,1,.000,0,0,,.000,0,0,,0,0,0,0,0,0,1,2,0,-2.5,Mia Castaneda,https://www.sports-reference.com/cbb/players/mia-castaneda-1.html,texas-tech,2018-19
16,16,25,2019-02-17,Texas Tech,@,Kansas,REG (Conf),W 75-71,,0,0,1,.000,0,0,,0,1,.000,.000,0,0,,0,0,0,0,0,0,0,0,0,-0.7,Mia Castaneda,https://www.sports-reference.com/cbb/players/mia-castaneda-1.html,texas-tech,2018-19
