ranker,player_game_num_career,team_game_num_season,date,team_name_abbr,game_location,opp_name_abbr,game_type,game_result,is_starter,mp,fg,fga,fg_pct,fg3,fg3a,fg3_pct,fg2,fg2a,fg2_pct,efg_pct,ft,fta,ft_pct,orb,drb,trb,ast,stl,blk,tov,pf,pts,game_score,player_name,player_sr_link,school,season
1,28,1,2018-11-09,Texas Tech,,Jacksonville State,REG (Non-Conf),W 71-58,,22,2,2,1.000,1,1,1.000,1,1,1.000,1.250,4,4,1.000,0,3,3,1,2,0,3,1,9,8.6,Sydney Goodson,https://www.sports-reference.com/cbb/players/sydney-goodson-1.html,texas-tech,2018-19
2,29,2,2018-11-11,Texas Tech,,Louisiana–Monroe,REG (Non-Conf),W 86-42,,25,5,14,.357,3,11,.273,2,3,.667,.464,0,0,,1,1,2,3,1,0,1,0,13,8.3,Sydney Goodson,https://www.sports-reference.com/cbb/players/sydney-goodson-1.html,texas-tech,2018-19
3,30,3,2018-11-17,Texas Tech,,Idaho,REG (Non-Conf),L 77-88,,32,6,10,.600,0,1,.000,6,9,.667,.600,2,2,1.000,0,1,1,3,2,0,4,1,14,9.4,Sydney Goodson,https://www.sports-reference.com/cbb/players/sydney-goodson-1.html,texas-tech,2018-19
4,31,4,2018-11-20,Texas Tech,,Texas A&M–Corpus Christi,REG (Non-Conf),W 78-61,*,34,5,10,.500,2,4,.500,3,6,.500,.600,0,0,,1,4,5,6,1,0,3,4,12,9.5,Sydney Goodson,https://www.sports-reference.com/cbb/players/sydney-goodson-1.html,texas-tech,2018-19
5,32,5,2018-11-24,Texas Tech,,Houston Baptist,REG (Non-Conf),W 82-76,*,40,2,9,.222,2,4,.500,0,5,.000,.333,0,0,,2,5,7,7,1,0,3,1,6,5.9,Sydney Goodson,https://www.sports-reference.com/cbb/players/sydney-goodson-1.html,texas-tech,2018-19
6,33,6,2018-11-28,Texas Tech,,Stephen F. Austin,REG (Non-Conf),W 77-69,*,39,5,13,.385,3,5,.600,2,8,.250,.500,0,2,.000,4,4,8,2,3,1,3,3,13,10.0,Sydney Goodson,https://www.sports-reference.com/cbb/players/sydney-goodson-1.html,texas-tech,2018-19
7,34,7,2018-12-02,Texas Tech,@,Florida,REG (Non-Conf),L 67-72,*,29,1,5,.200,1,4,.250,0,1,.000,.300,0,0,,2,6,8,1,0,0,2,3,3,0.6,Sydney Goodson,https://www.sports-reference.com/cbb/players/sydney-goodson-1.html,texas-tech,2018-19
8,35,8,2018-12-15,Texas Tech,@,Nevada,REG (Non-Conf),W 86-67,*,28,0,8,.000,0,4,.000,0,4,.000,.000,0,0,,0,2,2,7,0,0,0,0,0,-0.1,Sydney Goodson,https://www.sports-reference.com/cbb/players/sydney-goodson-1.html,texas-tech,2018-19
9,36,9,2018-12-18,Texas Tech,,Southern,REG (Non-Conf),W 76-58,*,40,5,9,.556,4,6,.667,1,3,.333,.778,3,4,.750,2,9,11,3,1,0,1,3,17,17.3,Sydney Goodson,https://www.sports-reference.com/cbb/players/sydney-goodson-1.html,texas-tech,2018-19
10,37,10,2018-12-22,Texas Tech,,Texas Southern,REG (Non-Conf),W 75-55,*,35,5,9,.556,4,6,.667,1,3,.333,.778,2,2,1.000,0,3,3,2,1,0,8,3,16,5.8,Sydney Goodson,https://www.sports-reference.com/cbb/players/sydney-goodson-1.html,texas-tech,2018-19
11,38,11,2018-12-29,Texas Tech,,Abilene Christian,REG (Non-Conf),W 105-54,*,32,6,9,.667,4,7,.571,2,2,1.000,.889,0,0,,1,1,2,1,3,0,3,2,16,13.0,Sydney Goodson,https://www.sports-reference.com/cbb/players/sydney-goodson-1.html,texas-tech,2018-19
12,39,12,2019-01-02,Texas Tech,@,Oklahoma,REG (Conf),L 61-66,*,40,2,7,.286,1,6,.167,1,1,1.000,.357,2,2,1.000,0,7,7,0,0,0,3,3,7,0.8,Sydney Goodson,https://www.sports-reference.com/cbb/players/sydney-goodson-1.html,texas-tech,2018-19
13,40,13,2019-01-06,Texas Tech,,Baylor,REG (Conf),L 56-73,*,33,5,11,.455,3,6,.500,2,5,.400,.591,2,3,.667,2,0,2,3,1,0,2,3,15,10.2,Sydney Goodson,https://www.sports-reference.com/cbb/players/sydney-goodson-1.html,texas-tech,2018-19
14,41,14,2019-01-09,Texas Tech,,Kansas,REG (Conf),W 69-66,*,38,2,7,.286,1,4,.250,1,3,.333,.357,1,2,.500,4,5,9,1,1,0,4,4,6,1.9,Sydney Goodson,https://www.sports-reference.com/cbb/players/sydney-goodson-1.html,texas-tech,2018-19
15,42,15,2019-01-12,Texas Tech,@,Oklahoma State,REG (Conf),L 57-65,*,40,2,9,.222,2,7,.286,0,2,.000,.333,2,2,1.000,4,1,5,3,1,0,1,0,8,7.7,Sydney Goodson,https://www.sports-reference.com/cbb/players/sydney-goodson-1.html,texas-tech,2018-19
16,43,16,2019-01-16,Texas Tech,@,TCU,REG (Conf),L 70-78,*,39,2,11,.182,0,6,.000,2,5,.400,.182,2,2,1.000,2,2,4,8,3,1,2,3,6,7.2,Sydney Goodson,https://www.sports-reference.com/cbb/players/sydney-goodson-1.html,texas-tech,2018-19
17,44,17,2019-01-19,Texas Tech,,Kansas State,REG (Conf),L 62-66,,35,1,6,.167,1,4,.250,0,2,.000,.250,2,2,1.000,4,2,6,6,1,0,2,2,5,7.0,Sydney Goodson,https://www.sports-reference.com/cbb/players/sydney-goodson-1.html,texas-tech,2018-19
18,45,18,2019-01-23,Texas Tech,@,West Virginia,REG (Conf),L 65-68,*,39,2,9,.222,0,3,.000,2,6,.333,.222,2,2,1.000,7,6,13,3,1,0,2,2,6,7.5,Sydney Goodson,https://www.sports-reference.com/cbb/players/sydney-goodson-1.html,texas-tech,2018-19
19,46,19,2019-01-26,Texas Tech,,Texas,REG (Conf),L 71-78,*,39,5,8,.625,3,4,.750,2,4,.500,.813,0,0,,3,2,5,1,1,0,0,3,13,12.6,Sydney Goodson,https://www.sports-reference.com/cbb/players/sydney-goodson-1.html,texas-tech,2018-19
20,47,20,2019-01-29,Texas Tech,@,Iowa State,REG (Conf),L 66-105,*,39,7,11,.636,4,6,.667,3,5,.600,.818,1,2,.500,1,5,6,2,4,0,2,1,19,18.9,Sydney Goodson,https://www.sports-reference.com/cbb/players/sydney-goodson-1.html,texas-tech,2018-19
21,48,21,2019-02-02,Texas Tech,@,Baylor,REG (Conf),L 37-96,,30,4,11,.364,3,8,.375,1,3,.333,.500,2,2,1.000,1,2,3,0,1,0,3,1,13,5.8,Sydney Goodson,https://www.sports-reference.com/cbb/players/sydney-goodson-1.html,texas-tech,2018-19
22,49,22,2019-02-06,Texas Tech,,TCU,REG (Conf),L 63-70,*,40,4,12,.333,2,9,.222,2,3,.667,.417,0,0,,4,5,9,1,0,0,2,3,10,5.0,Sydney Goodson,https://www.sports-reference.com/cbb/players/sydney-goodson-1.html,texas-tech,2018-19
23,50,23,2019-02-09,Texas Tech,,Oklahoma State,REG (Conf),W 90-78,*,39,3,10,.300,3,8,.375,0,2,.000,.450,5,7,.714,2,8,10,5,2,1,2,1,14,15.0,Sydney Goodson,https://www.sports-reference.com/cbb/players/sydney-goodson-1.html,texas-tech,2018-19
24,51,24,2019-02-13,Texas Tech,,West Virginia,REG (Conf),L 72-75,*,40,5,13,.385,5,11,.455,0,2,.000,.577,0,0,,0,3,3,2,4,0,5,2,15,8.4,Sydney Goodson,https://www.sports-reference.com/cbb/players/sydney-goodson-1.html,texas-tech,2018-19
25,52,25,2019-02-17,Texas Tech,@,Kansas,REG (Conf),W 75-71,*,40,3,7,.429,2,4,.500,1,3,.333,.571,4,6,.667,1,3,4,0,2,0,2,2,12,8.3,Sydney Goodson,https://www.sports-reference.com/cbb/players/sydney-goodson-1.html,texas-tech,2018-19
26,53,26,2019-02-23,Texas Tech,@,Texas,REG (Conf),L 57-81,*,40,2,6,.333,1,4,.250,1,2,.500,.417,3,3,1.000,1,2,3,2,3,0,4,3,8,5.1,Sydney Goodson,https://www.sports-reference.com/cbb/players/sydney-goodson-1.html,texas-tech,2018-19
27,54,27,2019-02-26,Texas Tech,,Iowa State,REG (Conf),L 62-64,*,40,2,6,.333,0,2,.000,2,4,.500,.333,0,0,,1,2,3,5,2,0,2,0,4,5.4,Sydney Goodson,https://www.sports-reference.com/cbb/players/sydney-goodson-1.html,texas-tech,2018-19
28,55,28,2019-03-02,Texas Tech,@,Kansas State,REG (Conf),L 67-75,*,40,3,9,.333,2,8,.250,1,1,1.000,.444,2,2,1.000,0,3,3,2,3,0,1,4,10,7.6,Sydney Goodson,https://www.sports-reference.com/cbb/players/sydney-goodson-1.html,texas-tech,2018-19
29,56,29,2019-03-05,Texas Tech,,Oklahoma,REG (Conf),W 88-82,*,40,6,13,.462,3,6,.500,3,7,.429,.577,5,5,1.000,0,3,3,4,3,0,8,2,20,11.2,Sydney Goodson,https://www.sports-reference.com/cbb/players/sydney-goodson-1.html,texas-tech,2018-19
30,57,30,2019-03-08,Texas Tech,@,Oklahoma,CTOURN,W 104-84,*,35,3,8,.375,1,6,.167,2,2,1.000,.438,2,5,.400,2,2,4,6,0,0,1,4,9,7.0,Sydney Goodson,https://www.sports-reference.com/cbb/players/sydney-goodson-1.html,texas-tech,2018-19
31,58,31,2019-03-09,Texas Tech,@,Baylor,CTOURN,L 61-100,*,40,6,15,.400,4,9,.444,2,6,.333,.533,0,0,,0,1,1,5,2,0,3,1,16,10.3,Sydney Goodson,https://www.sports-reference.com/cbb/players/sydney-goodson-1.html,texas-tech,2018-19
