ranker,player_game_num_career,team_game_num_season,date,team_name_abbr,game_location,opp_name_abbr,game_type,game_result,is_starter,mp,fg,fga,fg_pct,fg3,fg3a,fg3_pct,fg2,fg2a,fg2_pct,efg_pct,ft,fta,ft_pct,orb,drb,trb,ast,stl,blk,tov,pf,pts,game_score,player_name,player_sr_link,school,season
1,20,1,2018-11-09,Texas Tech,,Jacksonville State,REG (Non-Conf),W 71-58,,3,0,0,,0,0,,0,0,,,0,0,,0,0,0,0,1,0,0,1,0,0.6,Tihana Stojsavljevic,https://www.sports-reference.com/cbb/players/tihana-stojsavljevic-1.html,texas-tech,2018-19
2,21,2,2018-11-11,Texas Tech,,Louisiana–Monroe,REG (Non-Conf),W 86-42,,3,0,1,.000,0,0,,0,1,.000,.000,0,0,,0,1,1,0,0,0,0,0,0,-0.4,Tihana Stojsavljevic,https://www.sports-reference.com/cbb/players/tihana-stojsavljevic-1.html,texas-tech,2018-19
3,22,3,2018-11-17,Texas Tech,,Idaho,REG (Non-Conf),L 77-88,,4,1,3,.333,0,0,,1,3,.333,.333,0,0,,1,1,2,0,0,0,1,0,2,0.3,Tihana Stojsavljevic,https://www.sports-reference.com/cbb/players/tihana-stojsavljevic-1.html,texas-tech,2018-19
4,23,9,2018-12-18,Texas Tech,,Southern,REG (Non-Conf),W 76-58,,0,0,0,,0,0,,0,0,,,0,0,,0,0,0,0,0,0,0,0,0,0.0,Tihana Stojsavljevic,https://www.sports-reference.com/cbb/players/tihana-stojsavljevic-1.html,texas-tech,2018-19
5,24,10,2018-12-22,Texas Tech,,Texas Southern,REG (Non-Conf),W 75-55,,2,0,1,.000,0,0,,0,1,.000,.000,0,0,,0,1,1,0,0,0,1,1,0,-1.8,Tihana Stojsavljevic,https://www.sports-reference.com/cbb/players/tihana-stojsavljevic-1.html,texas-tech,2018-19
6,25,11,2018-12-29,Texas Tech,,Abilene Christian,REG (Non-Conf),W 105-54,,3,0,1,.000,0,0,,0,1,.000,.000,1,2,.500,0,1,1,0,0,0,0,0,1,0.2,Tihana Stojsavljevic,https://www.sports-reference.com/cbb/players/tihana-stojsavljevic-1.html,texas-tech,2018-19
7,26,16,2019-01-16,Texas Tech,@,TCU,REG (Conf),L 70-78,,15,1,3,.333,0,1,.000,1,2,.500,.333,0,0,,0,3,3,2,0,0,2,1,2,0.2,Tihana Stojsavljevic,https://www.sports-reference.com/cbb/players/tihana-stojsavljevic-1.html,texas-tech,2018-19
8,27,20,2019-01-29,Texas Tech,@,Iowa State,REG (Conf),L 66-105,,7,1,2,.500,0,0,,1,2,.500,.500,0,0,,2,1,3,0,0,0,2,1,2,0.3,Tihana Stojsavljevic,https://www.sports-reference.com/cbb/players/tihana-stojsavljevic-1.html,texas-tech,2018-19
9,28,21,2019-02-02,Texas Tech,@,Baylor,REG (Conf),L 37-96,,3,0,1,.000,0,0,,0,1,.000,.000,0,0,,0,1,1,0,0,0,1,1,0,-1.8,Tihana Stojsavljevic,https://www.sports-reference.com/cbb/players/tihana-stojsavljevic-1.html,texas-tech,2018-19
10,29,22,2019-02-06,Texas Tech,,TCU,REG (Conf),L 63-70,,1,0,0,,0,0,,0,0,,,0,0,,0,0,0,0,0,0,0,0,0,0.0,Tihana Stojsavljevic,https://www.sports-reference.com/cbb/players/tihana-stojsavljevic-1.html,texas-tech,2018-19
