ranker,player_game_num_career,team_game_num_season,date,team_name_abbr,game_location,opp_name_abbr,game_type,game_result,is_starter,mp,fg,fga,fg_pct,fg3,fg3a,fg3_pct,fg2,fg2a,fg2_pct,efg_pct,ft,fta,ft_pct,orb,drb,trb,ast,stl,blk,tov,pf,pts,game_score,player_name,player_sr_link,school,season
1,1,1,2019-11-05,Missouri,,Western Illinois,REG (Non-Conf),W 97-89 (OT),*,9,0,7,.000,0,2,.000,0,5,.000,.000,1,2,.500,0,2,2,0,0,1,2,4,1,-6.6,Aijha Blackwell,https://www.sports-reference.com/cbb/players/aijha-blackwell-1.html,missouri,2019-20
2,2,2,2019-11-10,Missouri,,Nebraska,REG (Non-Conf),L 85-90 (OT),,28,7,13,.538,2,6,.333,5,7,.714,.615,5,10,.500,1,3,4,4,1,0,4,5,21,12.1,Aijha Blackwell,https://www.sports-reference.com/cbb/players/aijha-blackwell-1.html,missouri,2019-20
3,3,3,2019-11-13,Missouri,,Northern Iowa,REG (Non-Conf),L 73-78,,21,3,11,.273,1,3,.333,2,8,.250,.318,2,7,.286,1,4,5,1,1,0,2,0,9,2.1,Aijha Blackwell,https://www.sports-reference.com/cbb/players/aijha-blackwell-1.html,missouri,2019-20
4,4,4,2019-11-16,Missouri,@,Green Bay,REG (Non-Conf),L 64-72,,17,2,8,.250,0,2,.000,2,6,.333,.250,4,8,.500,1,2,3,2,0,0,4,5,8,-1.7,Aijha Blackwell,https://www.sports-reference.com/cbb/players/aijha-blackwell-1.html,missouri,2019-20
5,5,5,2019-11-21,Missouri,@,South Dakota,REG (Non-Conf),L 56-72,,21,4,12,.333,2,6,.333,2,6,.333,.417,0,0,,2,3,5,2,0,0,3,3,10,2.7,Aijha Blackwell,https://www.sports-reference.com/cbb/players/aijha-blackwell-1.html,missouri,2019-20
6,6,6,2019-11-24,Missouri,,SIU Edwardsville,REG (Non-Conf),W 68-51,,28,4,13,.308,0,4,.000,4,9,.444,.308,0,1,.000,2,3,5,2,0,0,3,2,8,0.0,Aijha Blackwell,https://www.sports-reference.com/cbb/players/aijha-blackwell-1.html,missouri,2019-20
7,7,7,2019-11-28,Missouri,@,New Mexico,REG (Non-Conf),L 68-71,,23,3,10,.300,0,3,.000,3,7,.429,.300,2,4,.500,3,2,5,1,0,0,3,4,8,0.2,Aijha Blackwell,https://www.sports-reference.com/cbb/players/aijha-blackwell-1.html,missouri,2019-20
8,8,8,2019-11-29,Missouri,,North Carolina,REG (Non-Conf),L 69-82,,22,5,8,.625,2,3,.667,3,5,.600,.750,2,6,.333,4,2,6,2,0,0,3,5,14,8.6,Aijha Blackwell,https://www.sports-reference.com/cbb/players/aijha-blackwell-1.html,missouri,2019-20
9,9,9,2019-12-05,Missouri,,Saint Louis,REG (Non-Conf),W 83-58,*,29,6,12,.500,1,2,.500,5,10,.500,.542,4,4,1.000,2,4,6,3,2,2,5,2,17,13.3,Aijha Blackwell,https://www.sports-reference.com/cbb/players/aijha-blackwell-1.html,missouri,2019-20
10,10,10,2019-12-08,Missouri,@,Kansas City,REG (Non-Conf),L 56-59,*,34,4,17,.235,2,8,.250,2,9,.222,.294,1,3,.333,3,4,7,6,1,0,5,3,11,2.2,Aijha Blackwell,https://www.sports-reference.com/cbb/players/aijha-blackwell-1.html,missouri,2019-20
11,11,11,2019-12-15,Missouri,@,Missouri State,REG (Non-Conf),L 72-79,*,30,5,12,.417,0,2,.000,5,10,.500,.417,6,11,.545,1,4,5,4,0,1,6,3,16,5.8,Aijha Blackwell,https://www.sports-reference.com/cbb/players/aijha-blackwell-1.html,missouri,2019-20
12,12,12,2019-12-18,Missouri,,Princeton,REG (Non-Conf),L 33-68,*,26,2,14,.143,0,3,.000,2,11,.182,.143,3,4,.750,2,7,9,0,0,0,9,2,7,-8.7,Aijha Blackwell,https://www.sports-reference.com/cbb/players/aijha-blackwell-1.html,missouri,2019-20
13,13,13,2019-12-20,Missouri,,Illinois,REG (Non-Conf),L 51-58,*,36,7,15,.467,2,6,.333,5,9,.556,.533,5,8,.625,3,5,8,0,1,0,3,2,21,12.9,Aijha Blackwell,https://www.sports-reference.com/cbb/players/aijha-blackwell-1.html,missouri,2019-20
14,14,14,2020-01-02,Missouri,@,Tennessee,REG (Conf),L 66-77,*,28,4,8,.500,2,5,.400,2,3,.667,.625,6,10,.600,0,1,1,1,2,1,2,3,16,10.9,Aijha Blackwell,https://www.sports-reference.com/cbb/players/aijha-blackwell-1.html,missouri,2019-20
15,15,15,2020-01-05,Missouri,,Louisiana State,REG (Conf),W 69-65,*,36,4,11,.364,1,3,.333,3,8,.375,.409,6,6,1.000,2,9,11,5,1,0,5,4,15,10.9,Aijha Blackwell,https://www.sports-reference.com/cbb/players/aijha-blackwell-1.html,missouri,2019-20
16,16,16,2020-01-09,Missouri,,Mississippi State,REG (Conf),L 64-79,*,28,4,12,.333,0,3,.000,4,9,.444,.333,1,4,.250,2,4,6,5,0,1,7,4,9,-0.8,Aijha Blackwell,https://www.sports-reference.com/cbb/players/aijha-blackwell-1.html,missouri,2019-20
17,17,17,2020-01-12,Missouri,@,Arkansas,REG (Conf),L 73-90,*,33,5,15,.333,1,2,.500,4,13,.308,.367,7,8,.875,3,4,7,5,1,0,7,4,18,8.3,Aijha Blackwell,https://www.sports-reference.com/cbb/players/aijha-blackwell-1.html,missouri,2019-20
18,18,18,2020-01-16,Missouri,,South Carolina,REG (Conf),L 45-78,*,25,6,17,.353,1,3,.333,5,14,.357,.382,0,2,.000,2,4,6,2,1,1,2,4,13,4.8,Aijha Blackwell,https://www.sports-reference.com/cbb/players/aijha-blackwell-1.html,missouri,2019-20
19,19,19,2020-01-19,Missouri,@,Ole Miss,REG (Conf),W 71-57,*,33,7,10,.700,3,5,.600,4,5,.800,.850,3,3,1.000,2,6,8,4,2,0,4,2,20,19.0,Aijha Blackwell,https://www.sports-reference.com/cbb/players/aijha-blackwell-1.html,missouri,2019-20
20,20,20,2020-01-26,Missouri,@,Texas A&M,REG (Conf),L 53-72,*,32,6,16,.375,1,4,.250,5,12,.417,.406,5,6,.833,3,4,7,2,2,1,4,5,18,10.2,Aijha Blackwell,https://www.sports-reference.com/cbb/players/aijha-blackwell-1.html,missouri,2019-20
21,21,21,2020-01-30,Missouri,,Kentucky,REG (Conf),L 47-62,*,38,5,13,.385,0,4,.000,5,9,.556,.385,7,10,.700,2,7,9,2,3,2,4,2,17,13.2,Aijha Blackwell,https://www.sports-reference.com/cbb/players/aijha-blackwell-1.html,missouri,2019-20
22,22,22,2020-02-02,Missouri,,Arkansas,REG (Conf),L 81-85 (OT),*,30,5,12,.417,0,2,.000,5,10,.500,.417,4,7,.571,4,4,8,2,0,0,6,3,14,4.6,Aijha Blackwell,https://www.sports-reference.com/cbb/players/aijha-blackwell-1.html,missouri,2019-20
23,23,23,2020-02-06,Missouri,@,Georgia,REG (Conf),W 73-65,*,35,7,12,.583,3,3,1.000,4,9,.444,.708,9,12,.750,1,10,11,2,1,0,5,3,26,19.1,Aijha Blackwell,https://www.sports-reference.com/cbb/players/aijha-blackwell-1.html,missouri,2019-20
24,24,24,2020-02-10,Missouri,@,Louisiana State,REG (Conf),L 58-66,*,32,5,13,.385,1,3,.333,4,10,.400,.423,1,4,.250,4,10,14,2,0,0,9,5,12,-0.1,Aijha Blackwell,https://www.sports-reference.com/cbb/players/aijha-blackwell-1.html,missouri,2019-20
25,25,25,2020-02-16,Missouri,,Florida,REG (Conf),L 67-75,*,33,6,14,.429,1,3,.333,5,11,.455,.464,7,11,.636,2,4,6,3,1,1,5,5,20,10.4,Aijha Blackwell,https://www.sports-reference.com/cbb/players/aijha-blackwell-1.html,missouri,2019-20
26,26,26,2020-02-20,Missouri,@,Vanderbilt,REG (Conf),W 78-66,*,33,6,16,.375,1,3,.333,5,13,.385,.406,5,9,.556,0,14,14,3,3,3,3,3,18,14.8,Aijha Blackwell,https://www.sports-reference.com/cbb/players/aijha-blackwell-1.html,missouri,2019-20
27,27,27,2020-02-23,Missouri,,Ole Miss,REG (Conf),W 82-67,*,23,7,15,.467,0,2,.000,7,13,.538,.467,6,9,.667,3,7,10,1,2,0,3,3,20,13.8,Aijha Blackwell,https://www.sports-reference.com/cbb/players/aijha-blackwell-1.html,missouri,2019-20
28,28,28,2020-02-27,Missouri,,Auburn,REG (Conf),L 82-95,*,39,9,14,.643,4,7,.571,5,7,.714,.786,5,7,.714,1,10,11,7,1,0,2,2,27,26.8,Aijha Blackwell,https://www.sports-reference.com/cbb/players/aijha-blackwell-1.html,missouri,2019-20
29,29,29,2020-03-01,Missouri,@,Alabama,REG (Conf),L 61-73,*,38,8,21,.381,1,8,.125,7,13,.538,.405,6,6,1.000,3,8,11,4,1,2,7,3,23,13.0,Aijha Blackwell,https://www.sports-reference.com/cbb/players/aijha-blackwell-1.html,missouri,2019-20
30,30,30,2020-03-04,Missouri,,Ole Miss,CTOURN,W 64-53,*,28,6,11,.545,1,1,1.000,5,10,.500,.591,3,4,.750,1,5,6,2,1,3,6,2,16,10.2,Aijha Blackwell,https://www.sports-reference.com/cbb/players/aijha-blackwell-1.html,missouri,2019-20
31,31,31,2020-03-05,Missouri,@,Tennessee,CTOURN,L 51-64,*,33,3,17,.176,1,7,.143,2,10,.200,.206,6,9,.667,1,8,9,4,1,0,5,4,13,1.4,Aijha Blackwell,https://www.sports-reference.com/cbb/players/aijha-blackwell-1.html,missouri,2019-20
