ranker,player_game_num_career,team_game_num_season,date,team_name_abbr,game_location,opp_name_abbr,game_type,game_result,is_starter,mp,fg,fga,fg_pct,fg3,fg3a,fg3_pct,fg2,fg2a,fg2_pct,efg_pct,ft,fta,ft_pct,orb,drb,trb,ast,stl,blk,tov,pf,pts,game_score,player_name,player_sr_link,school,season
1,101,1,2019-11-05,Missouri,,Western Illinois,REG (Non-Conf),W 97-89 (OT),*,35,11,25,.440,3,6,.500,8,19,.421,.500,2,3,.667,5,10,15,4,3,0,2,2,27,23.0,Amber Smith,https://www.sports-reference.com/cbb/players/amber-smith-5.html,missouri,2019-20
2,102,2,2019-11-10,Missouri,,Nebraska,REG (Non-Conf),L 85-90 (OT),*,39,5,18,.278,0,5,.000,5,13,.385,.278,10,11,.909,2,12,14,1,1,1,4,2,20,11.6,Amber Smith,https://www.sports-reference.com/cbb/players/amber-smith-5.html,missouri,2019-20
3,103,3,2019-11-13,Missouri,,Northern Iowa,REG (Non-Conf),L 73-78,*,32,8,14,.571,2,4,.500,6,10,.600,.643,1,4,.250,1,6,7,1,0,0,3,3,19,10.2,Amber Smith,https://www.sports-reference.com/cbb/players/amber-smith-5.html,missouri,2019-20
4,104,4,2019-11-16,Missouri,@,Green Bay,REG (Non-Conf),L 64-72,*,29,5,12,.417,2,5,.400,3,7,.429,.500,0,0,,1,7,8,2,0,0,3,5,12,4.8,Amber Smith,https://www.sports-reference.com/cbb/players/amber-smith-5.html,missouri,2019-20
5,105,5,2019-11-21,Missouri,@,South Dakota,REG (Non-Conf),L 56-72,*,30,3,10,.300,1,5,.200,2,5,.400,.350,2,2,1.000,2,4,6,3,0,0,1,2,9,6.1,Amber Smith,https://www.sports-reference.com/cbb/players/amber-smith-5.html,missouri,2019-20
6,106,6,2019-11-24,Missouri,,SIU Edwardsville,REG (Non-Conf),W 68-51,*,23,4,8,.500,1,1,1.000,3,7,.429,.563,6,6,1.000,2,5,7,1,1,3,1,1,15,16.3,Amber Smith,https://www.sports-reference.com/cbb/players/amber-smith-5.html,missouri,2019-20
7,107,7,2019-11-28,Missouri,@,New Mexico,REG (Non-Conf),L 68-71,*,10,2,4,.500,0,1,.000,2,3,.667,.500,0,0,,0,3,3,0,0,0,2,0,4,0.9,Amber Smith,https://www.sports-reference.com/cbb/players/amber-smith-5.html,missouri,2019-20
8,108,8,2019-11-29,Missouri,,North Carolina,REG (Non-Conf),L 69-82,*,28,7,13,.538,1,3,.333,6,10,.600,.577,1,1,1.000,1,4,5,1,0,2,1,4,16,11.1,Amber Smith,https://www.sports-reference.com/cbb/players/amber-smith-5.html,missouri,2019-20
9,109,9,2019-12-05,Missouri,,Saint Louis,REG (Non-Conf),W 83-58,*,22,6,10,.600,2,3,.667,4,7,.571,.700,0,0,,1,2,3,2,0,1,1,4,14,10.2,Amber Smith,https://www.sports-reference.com/cbb/players/amber-smith-5.html,missouri,2019-20
10,110,10,2019-12-08,Missouri,@,Kansas City,REG (Non-Conf),L 56-59,*,37,5,8,.625,0,0,,5,8,.625,.625,2,2,1.000,2,2,4,3,2,1,4,1,12,10.8,Amber Smith,https://www.sports-reference.com/cbb/players/amber-smith-5.html,missouri,2019-20
11,111,11,2019-12-15,Missouri,@,Missouri State,REG (Non-Conf),L 72-79,*,25,9,18,.500,2,5,.400,7,13,.538,.556,2,2,1.000,2,5,7,2,2,0,0,4,22,17.7,Amber Smith,https://www.sports-reference.com/cbb/players/amber-smith-5.html,missouri,2019-20
12,112,12,2019-12-18,Missouri,,Princeton,REG (Non-Conf),L 33-68,*,22,0,6,.000,0,2,.000,0,4,.000,.000,0,0,,3,1,4,1,0,0,1,3,0,-3.3,Amber Smith,https://www.sports-reference.com/cbb/players/amber-smith-5.html,missouri,2019-20
13,113,13,2019-12-20,Missouri,,Illinois,REG (Non-Conf),L 51-58,*,30,3,9,.333,0,0,,3,9,.333,.333,0,0,,1,3,4,3,1,0,5,2,6,-0.2,Amber Smith,https://www.sports-reference.com/cbb/players/amber-smith-5.html,missouri,2019-20
14,114,14,2020-01-02,Missouri,@,Tennessee,REG (Conf),L 66-77,*,38,9,19,.474,4,10,.400,5,9,.556,.579,0,0,,1,3,4,2,2,0,4,2,22,12.5,Amber Smith,https://www.sports-reference.com/cbb/players/amber-smith-5.html,missouri,2019-20
15,115,15,2020-01-05,Missouri,,Louisiana State,REG (Conf),W 69-65,*,33,5,6,.833,0,1,.000,5,5,1.000,.833,3,4,.750,1,2,3,1,0,1,2,2,13,10.3,Amber Smith,https://www.sports-reference.com/cbb/players/amber-smith-5.html,missouri,2019-20
16,116,16,2020-01-09,Missouri,,Mississippi State,REG (Conf),L 64-79,*,19,1,2,.500,0,0,,1,2,.500,.500,0,0,,1,1,2,2,2,1,3,2,2,2.3,Amber Smith,https://www.sports-reference.com/cbb/players/amber-smith-5.html,missouri,2019-20
17,117,17,2020-01-12,Missouri,@,Arkansas,REG (Conf),L 73-90,*,20,3,12,.250,1,3,.333,2,9,.222,.292,1,1,1.000,0,2,2,0,2,0,2,4,8,-0.2,Amber Smith,https://www.sports-reference.com/cbb/players/amber-smith-5.html,missouri,2019-20
18,118,18,2020-01-16,Missouri,,South Carolina,REG (Conf),L 45-78,*,25,1,8,.125,0,4,.000,1,4,.250,.125,2,2,1.000,1,4,5,0,0,0,3,4,4,-3.9,Amber Smith,https://www.sports-reference.com/cbb/players/amber-smith-5.html,missouri,2019-20
19,119,19,2020-01-19,Missouri,@,Ole Miss,REG (Conf),W 71-57,*,29,3,8,.375,0,1,.000,3,7,.429,.375,2,4,.500,4,6,10,1,1,1,2,0,8,7.8,Amber Smith,https://www.sports-reference.com/cbb/players/amber-smith-5.html,missouri,2019-20
20,120,20,2020-01-26,Missouri,@,Texas A&M,REG (Conf),L 53-72,*,27,2,8,.250,1,2,.500,1,6,.167,.313,4,4,1.000,1,4,5,3,0,0,6,3,9,1.0,Amber Smith,https://www.sports-reference.com/cbb/players/amber-smith-5.html,missouri,2019-20
21,121,21,2020-01-30,Missouri,,Kentucky,REG (Conf),L 47-62,*,32,5,15,.333,0,3,.000,5,12,.417,.333,2,2,1.000,3,4,7,0,1,0,5,3,12,1.6,Amber Smith,https://www.sports-reference.com/cbb/players/amber-smith-5.html,missouri,2019-20
22,122,22,2020-02-02,Missouri,,Arkansas,REG (Conf),L 81-85 (OT),*,36,8,13,.615,1,2,.500,7,11,.636,.654,5,6,.833,3,6,9,3,0,0,1,1,22,20.3,Amber Smith,https://www.sports-reference.com/cbb/players/amber-smith-5.html,missouri,2019-20
23,123,23,2020-02-06,Missouri,@,Georgia,REG (Conf),W 73-65,*,29,4,8,.500,1,2,.500,3,6,.500,.563,0,0,,1,2,3,2,0,1,2,4,9,4.8,Amber Smith,https://www.sports-reference.com/cbb/players/amber-smith-5.html,missouri,2019-20
24,124,24,2020-02-10,Missouri,@,Louisiana State,REG (Conf),L 58-66,*,27,4,14,.286,3,7,.429,1,7,.143,.393,0,0,,3,5,8,0,1,1,1,3,11,5.9,Amber Smith,https://www.sports-reference.com/cbb/players/amber-smith-5.html,missouri,2019-20
25,125,25,2020-02-16,Missouri,,Florida,REG (Conf),L 67-75,*,37,4,9,.444,2,5,.400,2,4,.500,.556,3,4,.750,2,6,8,2,1,0,3,3,13,9.3,Amber Smith,https://www.sports-reference.com/cbb/players/amber-smith-5.html,missouri,2019-20
26,126,26,2020-02-20,Missouri,@,Vanderbilt,REG (Conf),W 78-66,*,27,3,9,.333,0,4,.000,3,5,.600,.333,2,2,1.000,1,2,3,1,0,0,2,2,8,2.1,Amber Smith,https://www.sports-reference.com/cbb/players/amber-smith-5.html,missouri,2019-20
27,127,27,2020-02-23,Missouri,,Ole Miss,REG (Conf),W 82-67,*,30,4,8,.500,1,4,.250,3,4,.750,.563,2,2,1.000,1,2,3,4,1,2,3,2,11,9.7,Amber Smith,https://www.sports-reference.com/cbb/players/amber-smith-5.html,missouri,2019-20
28,128,28,2020-02-27,Missouri,,Auburn,REG (Conf),L 82-95,*,21,5,11,.455,1,4,.250,4,7,.571,.500,0,0,,0,1,1,0,0,0,2,2,11,2.8,Amber Smith,https://www.sports-reference.com/cbb/players/amber-smith-5.html,missouri,2019-20
29,129,29,2020-03-01,Missouri,@,Alabama,REG (Conf),L 61-73,*,37,8,16,.500,2,5,.400,6,11,.545,.563,2,2,1.000,1,1,2,3,1,0,4,2,20,11.3,Amber Smith,https://www.sports-reference.com/cbb/players/amber-smith-5.html,missouri,2019-20
30,130,30,2020-03-04,Missouri,,Ole Miss,CTOURN,W 64-53,*,23,3,6,.500,1,3,.333,2,3,.667,.583,0,0,,1,2,3,1,1,0,1,0,7,6.0,Amber Smith,https://www.sports-reference.com/cbb/players/amber-smith-5.html,missouri,2019-20
31,131,31,2020-03-05,Missouri,@,Tennessee,CTOURN,L 51-64,*,25,1,5,.200,0,1,.000,1,4,.250,.200,2,3,.667,2,6,8,0,0,1,1,4,4,1.8,Amber Smith,https://www.sports-reference.com/cbb/players/amber-smith-5.html,missouri,2019-20
