ranker,player_game_num_career,team_game_num_season,date,team_name_abbr,game_location,opp_name_abbr,game_type,game_result,is_starter,mp,fg,fga,fg_pct,fg3,fg3a,fg2,fg2a,fg2_pct,efg_pct,ft,fta,orb,drb,trb,ast,stl,blk,tov,pf,pts,game_score,player_name,player_sr_link,school,season
1,1,1,2019-11-05,Missouri,,Western Illinois,REG (Non-Conf),W 97-89 (OT),,2,0,1,.000,0,0,0,1,.000,.000,0,0,0,0,0,0,1,0,0,0,0,0.3,Brittany Garner,https://www.sports-reference.com/cbb/players/brittany-garner-1.html,missouri,2019-20
2,2,2,2019-11-10,Missouri,,Nebraska,REG (Non-Conf),L 85-90 (OT),,5,0,2,.000,0,0,0,2,.000,.000,0,0,0,0,0,1,0,0,1,3,0,-2.9,Brittany Garner,https://www.sports-reference.com/cbb/players/brittany-garner-1.html,missouri,2019-20
3,3,3,2019-11-13,Missouri,,Northern Iowa,REG (Non-Conf),L 73-78,,2,0,0,,0,0,0,0,,,0,0,0,0,0,0,0,0,0,1,0,-0.4,Brittany Garner,https://www.sports-reference.com/cbb/players/brittany-garner-1.html,missouri,2019-20
4,4,4,2019-11-16,Missouri,@,Green Bay,REG (Non-Conf),L 64-72,,2,0,0,,0,0,0,0,,,0,0,0,0,0,0,0,0,0,2,0,-0.8,Brittany Garner,https://www.sports-reference.com/cbb/players/brittany-garner-1.html,missouri,2019-20
5,5,5,2019-11-21,Missouri,@,South Dakota,REG (Non-Conf),L 56-72,,4,0,3,.000,0,0,0,3,.000,.000,0,0,2,1,3,0,0,0,0,1,0,-0.8,Brittany Garner,https://www.sports-reference.com/cbb/players/brittany-garner-1.html,missouri,2019-20
6,6,6,2019-11-24,Missouri,,SIU Edwardsville,REG (Non-Conf),W 68-51,,12,4,6,.667,0,0,4,6,.667,.667,0,0,1,2,3,0,0,0,2,1,8,4.3,Brittany Garner,https://www.sports-reference.com/cbb/players/brittany-garner-1.html,missouri,2019-20
7,7,8,2019-11-29,Missouri,,North Carolina,REG (Non-Conf),L 69-82,,10,2,5,.400,0,0,2,5,.400,.400,0,0,1,0,1,0,0,0,0,3,4,0.8,Brittany Garner,https://www.sports-reference.com/cbb/players/brittany-garner-1.html,missouri,2019-20
8,8,9,2019-12-05,Missouri,,Saint Louis,REG (Non-Conf),W 83-58,,15,1,3,.333,0,0,1,3,.333,.333,0,0,0,2,2,0,0,2,1,1,2,0.9,Brittany Garner,https://www.sports-reference.com/cbb/players/brittany-garner-1.html,missouri,2019-20
9,9,11,2019-12-15,Missouri,@,Missouri State,REG (Non-Conf),L 72-79,,4,0,0,,0,0,0,0,,,0,0,0,0,0,0,0,0,0,0,0,0.0,Brittany Garner,https://www.sports-reference.com/cbb/players/brittany-garner-1.html,missouri,2019-20
10,10,12,2019-12-18,Missouri,,Princeton,REG (Non-Conf),L 33-68,,14,1,4,.250,0,0,1,4,.250,.250,0,0,0,2,2,1,0,0,1,2,2,-0.9,Brittany Garner,https://www.sports-reference.com/cbb/players/brittany-garner-1.html,missouri,2019-20
11,11,13,2019-12-20,Missouri,,Illinois,REG (Non-Conf),L 51-58,,2,0,1,.000,0,0,0,1,.000,.000,0,0,0,1,1,0,0,0,0,1,0,-0.8,Brittany Garner,https://www.sports-reference.com/cbb/players/brittany-garner-1.html,missouri,2019-20
12,12,14,2020-01-02,Missouri,@,Tennessee,REG (Conf),L 66-77,,5,0,0,,0,0,0,0,,,0,0,0,0,0,1,0,0,1,3,0,-1.5,Brittany Garner,https://www.sports-reference.com/cbb/players/brittany-garner-1.html,missouri,2019-20
13,13,15,2020-01-05,Missouri,,Louisiana State,REG (Conf),W 69-65,,3,1,1,1.000,0,0,1,1,1.000,1.000,0,0,0,0,0,0,0,0,2,0,2,-0.3,Brittany Garner,https://www.sports-reference.com/cbb/players/brittany-garner-1.html,missouri,2019-20
