ranker,player_game_num_career,team_game_num_season,date,team_name_abbr,game_location,opp_name_abbr,game_type,game_result,is_starter,mp,fg,fga,fg_pct,fg3,fg3a,fg3_pct,fg2,fg2a,fg2_pct,efg_pct,ft,fta,ft_pct,orb,drb,trb,ast,stl,blk,tov,pf,pts,game_score,player_name,player_sr_link,school,season
1,30,1,2019-11-05,Missouri,,Western Illinois,REG (Non-Conf),W 97-89 (OT),,32,5,7,.714,0,2,.000,5,5,1.000,.714,5,5,1.000,2,0,2,6,2,0,1,1,15,18.3,Elle Brown,https://www.sports-reference.com/cbb/players/elle-brown-1.html,missouri,2019-20
2,31,2,2019-11-10,Missouri,,Nebraska,REG (Non-Conf),L 85-90 (OT),*,14,0,1,.000,0,1,.000,0,0,,.000,0,0,,1,0,1,1,0,0,1,3,0,-1.5,Elle Brown,https://www.sports-reference.com/cbb/players/elle-brown-1.html,missouri,2019-20
3,32,3,2019-11-13,Missouri,,Northern Iowa,REG (Non-Conf),L 73-78,*,18,2,5,.400,0,2,.000,2,3,.667,.400,0,0,,0,2,2,1,0,0,1,1,4,1.2,Elle Brown,https://www.sports-reference.com/cbb/players/elle-brown-1.html,missouri,2019-20
4,33,4,2019-11-16,Missouri,@,Green Bay,REG (Non-Conf),L 64-72,*,6,0,1,.000,0,0,,0,1,.000,.000,0,0,,0,0,0,1,0,0,1,1,0,-1.4,Elle Brown,https://www.sports-reference.com/cbb/players/elle-brown-1.html,missouri,2019-20
5,34,5,2019-11-21,Missouri,@,South Dakota,REG (Non-Conf),L 56-72,,1,0,0,,0,0,,0,0,,,0,0,,0,0,0,0,0,0,0,0,0,0.0,Elle Brown,https://www.sports-reference.com/cbb/players/elle-brown-1.html,missouri,2019-20
6,35,6,2019-11-24,Missouri,,SIU Edwardsville,REG (Non-Conf),W 68-51,,13,0,0,,0,0,,0,0,,,0,0,,1,1,2,2,0,0,0,0,0,2.4,Elle Brown,https://www.sports-reference.com/cbb/players/elle-brown-1.html,missouri,2019-20
7,36,7,2019-11-28,Missouri,@,New Mexico,REG (Non-Conf),L 68-71,,2,0,0,,0,0,,0,0,,,0,0,,0,0,0,0,0,0,0,0,0,0.0,Elle Brown,https://www.sports-reference.com/cbb/players/elle-brown-1.html,missouri,2019-20
8,37,8,2019-11-29,Missouri,,North Carolina,REG (Non-Conf),L 69-82,,1,0,0,,0,0,,0,0,,,0,0,,0,0,0,0,0,0,0,0,0,0.0,Elle Brown,https://www.sports-reference.com/cbb/players/elle-brown-1.html,missouri,2019-20
9,38,9,2019-12-05,Missouri,,Saint Louis,REG (Non-Conf),W 83-58,,17,1,3,.333,0,0,,1,3,.333,.333,1,1,1.000,0,0,0,2,2,0,1,1,3,3.3,Elle Brown,https://www.sports-reference.com/cbb/players/elle-brown-1.html,missouri,2019-20
10,39,10,2019-12-08,Missouri,@,Kansas City,REG (Non-Conf),L 56-59,,0,0,0,,0,0,,0,0,,,0,0,,0,0,0,0,0,0,1,1,0,-1.4,Elle Brown,https://www.sports-reference.com/cbb/players/elle-brown-1.html,missouri,2019-20
11,40,12,2019-12-18,Missouri,,Princeton,REG (Non-Conf),L 33-68,,10,1,2,.500,0,0,,1,2,.500,.500,0,0,,0,0,0,0,2,0,2,0,2,1.0,Elle Brown,https://www.sports-reference.com/cbb/players/elle-brown-1.html,missouri,2019-20
12,41,13,2019-12-20,Missouri,,Illinois,REG (Non-Conf),L 51-58,,3,0,0,,0,0,,0,0,,,0,0,,0,0,0,0,0,0,0,0,0,0.0,Elle Brown,https://www.sports-reference.com/cbb/players/elle-brown-1.html,missouri,2019-20
13,42,16,2020-01-09,Missouri,,Mississippi State,REG (Conf),L 64-79,,9,0,0,,0,0,,0,0,,,0,0,,0,1,1,0,0,0,0,0,0,0.3,Elle Brown,https://www.sports-reference.com/cbb/players/elle-brown-1.html,missouri,2019-20
14,43,17,2020-01-12,Missouri,@,Arkansas,REG (Conf),L 73-90,,8,0,2,.000,0,0,,0,2,.000,.000,0,0,,1,0,1,0,0,0,0,3,0,-1.9,Elle Brown,https://www.sports-reference.com/cbb/players/elle-brown-1.html,missouri,2019-20
15,44,18,2020-01-16,Missouri,,South Carolina,REG (Conf),L 45-78,,12,0,1,.000,0,0,,0,1,.000,.000,0,0,,0,0,0,0,1,0,0,1,0,-0.1,Elle Brown,https://www.sports-reference.com/cbb/players/elle-brown-1.html,missouri,2019-20
16,45,19,2020-01-19,Missouri,@,Ole Miss,REG (Conf),W 71-57,,5,1,1,1.000,0,0,,1,1,1.000,1.000,0,0,,1,1,2,0,0,1,0,0,2,3.4,Elle Brown,https://www.sports-reference.com/cbb/players/elle-brown-1.html,missouri,2019-20
17,46,20,2020-01-26,Missouri,@,Texas A&M,REG (Conf),L 53-72,,10,0,1,.000,0,0,,0,1,.000,.000,0,0,,0,0,0,0,0,0,0,1,0,-1.1,Elle Brown,https://www.sports-reference.com/cbb/players/elle-brown-1.html,missouri,2019-20
18,47,21,2020-01-30,Missouri,,Kentucky,REG (Conf),L 47-62,,4,0,0,,0,0,,0,0,,,0,0,,0,0,0,0,0,0,0,1,0,-0.4,Elle Brown,https://www.sports-reference.com/cbb/players/elle-brown-1.html,missouri,2019-20
19,48,22,2020-02-02,Missouri,,Arkansas,REG (Conf),L 81-85 (OT),,1,0,0,,0,0,,0,0,,,0,0,,0,0,0,0,0,0,1,2,0,-1.8,Elle Brown,https://www.sports-reference.com/cbb/players/elle-brown-1.html,missouri,2019-20
20,49,23,2020-02-06,Missouri,@,Georgia,REG (Conf),W 73-65,,4,1,1,1.000,0,0,,1,1,1.000,1.000,0,0,,0,0,0,0,0,0,0,0,2,1.7,Elle Brown,https://www.sports-reference.com/cbb/players/elle-brown-1.html,missouri,2019-20
21,50,24,2020-02-10,Missouri,@,Louisiana State,REG (Conf),L 58-66,,4,1,1,1.000,0,0,,1,1,1.000,1.000,0,0,,1,0,1,0,0,0,0,0,2,2.4,Elle Brown,https://www.sports-reference.com/cbb/players/elle-brown-1.html,missouri,2019-20
22,51,25,2020-02-16,Missouri,,Florida,REG (Conf),L 67-75,,18,0,2,.000,0,0,,0,2,.000,.000,0,0,,0,0,0,0,2,0,0,0,0,0.6,Elle Brown,https://www.sports-reference.com/cbb/players/elle-brown-1.html,missouri,2019-20
23,52,27,2020-02-23,Missouri,,Ole Miss,REG (Conf),W 82-67,,15,0,1,.000,0,0,,0,1,.000,.000,0,0,,0,0,0,0,0,0,0,0,0,-0.7,Elle Brown,https://www.sports-reference.com/cbb/players/elle-brown-1.html,missouri,2019-20
24,53,28,2020-02-27,Missouri,,Auburn,REG (Conf),L 82-95,,0,0,0,,0,0,,0,0,,,0,0,,0,0,0,0,0,0,0,0,0,0.0,Elle Brown,https://www.sports-reference.com/cbb/players/elle-brown-1.html,missouri,2019-20
25,54,30,2020-03-04,Missouri,,Ole Miss,CTOURN,W 64-53,,15,1,1,1.000,0,0,,1,1,1.000,1.000,0,0,,1,1,2,0,0,1,0,1,2,3.0,Elle Brown,https://www.sports-reference.com/cbb/players/elle-brown-1.html,missouri,2019-20
26,55,31,2020-03-05,Missouri,@,Tennessee,CTOURN,L 51-64,,0,0,0,,0,0,,0,0,,,0,0,,0,0,0,0,0,0,0,1,0,-0.4,Elle Brown,https://www.sports-reference.com/cbb/players/elle-brown-1.html,missouri,2019-20
