ranker,player_game_num_career,team_game_num_season,date,team_name_abbr,game_location,opp_name_abbr,game_type,game_result,is_starter,mp,fg,fga,fg_pct,fg3,fg3a,fg3_pct,fg2,fg2a,fg2_pct,efg_pct,ft,fta,ft_pct,orb,drb,trb,ast,stl,blk,tov,pf,pts,game_score,player_name,player_sr_link,school,season
1,36,1,2019-11-05,Missouri,,Western Illinois,REG (Non-Conf),W 97-89 (OT),,12,0,3,.000,0,1,.000,0,2,.000,.000,0,0,,0,1,1,1,0,0,0,0,0,-1.1,Haley Troup,https://www.sports-reference.com/cbb/players/haley-troup-1.html,missouri,2019-20
2,37,2,2019-11-10,Missouri,,Nebraska,REG (Non-Conf),L 85-90 (OT),,12,1,2,.500,0,1,.000,1,1,1.000,.500,0,0,,0,1,1,1,1,0,0,1,2,2.6,Haley Troup,https://www.sports-reference.com/cbb/players/haley-troup-1.html,missouri,2019-20
3,38,3,2019-11-13,Missouri,,Northern Iowa,REG (Non-Conf),L 73-78,,7,0,1,.000,0,1,.000,0,0,,.000,0,0,,1,1,2,2,1,0,2,0,0,0.7,Haley Troup,https://www.sports-reference.com/cbb/players/haley-troup-1.html,missouri,2019-20
4,39,4,2019-11-16,Missouri,@,Green Bay,REG (Non-Conf),L 64-72,,23,1,7,.143,1,4,.250,0,3,.000,.214,3,4,.750,0,4,4,1,2,0,2,1,6,2.6,Haley Troup,https://www.sports-reference.com/cbb/players/haley-troup-1.html,missouri,2019-20
5,40,5,2019-11-21,Missouri,@,South Dakota,REG (Non-Conf),L 56-72,,8,0,2,.000,0,1,.000,0,1,.000,.000,0,0,,1,0,1,1,0,0,1,0,0,-1.0,Haley Troup,https://www.sports-reference.com/cbb/players/haley-troup-1.html,missouri,2019-20
6,41,6,2019-11-24,Missouri,,SIU Edwardsville,REG (Non-Conf),W 68-51,,19,0,2,.000,0,2,.000,0,0,,.000,1,2,.500,0,1,1,2,1,0,1,0,1,0.9,Haley Troup,https://www.sports-reference.com/cbb/players/haley-troup-1.html,missouri,2019-20
7,42,7,2019-11-28,Missouri,@,New Mexico,REG (Non-Conf),L 68-71,,17,0,0,,0,0,,0,0,,,2,2,1.000,0,3,3,1,0,0,1,2,2,1.8,Haley Troup,https://www.sports-reference.com/cbb/players/haley-troup-1.html,missouri,2019-20
8,43,8,2019-11-29,Missouri,,North Carolina,REG (Non-Conf),L 69-82,,19,2,5,.400,2,4,.500,0,1,.000,.600,0,0,,1,2,3,2,0,0,1,0,6,5.0,Haley Troup,https://www.sports-reference.com/cbb/players/haley-troup-1.html,missouri,2019-20
9,44,9,2019-12-05,Missouri,,Saint Louis,REG (Non-Conf),W 83-58,,12,1,1,1.000,1,1,1.000,0,0,,1.500,0,0,,0,1,1,2,0,0,0,0,3,4.4,Haley Troup,https://www.sports-reference.com/cbb/players/haley-troup-1.html,missouri,2019-20
10,45,11,2019-12-15,Missouri,@,Missouri State,REG (Non-Conf),L 72-79,,23,4,7,.571,2,4,.500,2,3,.667,.714,2,2,1.000,0,1,1,3,0,0,1,0,12,10.1,Haley Troup,https://www.sports-reference.com/cbb/players/haley-troup-1.html,missouri,2019-20
11,46,12,2019-12-18,Missouri,,Princeton,REG (Non-Conf),L 33-68,,24,1,4,.250,1,3,.333,0,1,.000,.375,0,0,,0,2,2,2,0,0,1,1,3,1.2,Haley Troup,https://www.sports-reference.com/cbb/players/haley-troup-1.html,missouri,2019-20
12,47,13,2019-12-20,Missouri,,Illinois,REG (Non-Conf),L 51-58,,14,1,2,.500,0,1,.000,1,1,1.000,.500,0,0,,0,0,0,0,0,0,2,0,2,-1.0,Haley Troup,https://www.sports-reference.com/cbb/players/haley-troup-1.html,missouri,2019-20
13,48,14,2020-01-02,Missouri,@,Tennessee,REG (Conf),L 66-77,,20,2,3,.667,2,3,.667,0,0,,1.000,0,0,,1,1,2,4,1,0,1,0,6,8.5,Haley Troup,https://www.sports-reference.com/cbb/players/haley-troup-1.html,missouri,2019-20
14,49,15,2020-01-05,Missouri,,Louisiana State,REG (Conf),W 69-65,,15,1,2,.500,1,2,.500,0,0,,.750,1,2,.500,0,2,2,1,0,0,0,1,4,3.5,Haley Troup,https://www.sports-reference.com/cbb/players/haley-troup-1.html,missouri,2019-20
15,50,16,2020-01-09,Missouri,,Mississippi State,REG (Conf),L 64-79,,29,5,7,.714,4,5,.800,1,2,.500,1.000,0,0,,0,2,2,0,0,0,2,1,14,9.3,Haley Troup,https://www.sports-reference.com/cbb/players/haley-troup-1.html,missouri,2019-20
16,51,17,2020-01-12,Missouri,@,Arkansas,REG (Conf),L 73-90,*,38,2,8,.250,0,4,.000,2,4,.500,.250,9,10,.900,0,8,8,6,0,0,1,0,13,13.4,Haley Troup,https://www.sports-reference.com/cbb/players/haley-troup-1.html,missouri,2019-20
17,52,18,2020-01-16,Missouri,,South Carolina,REG (Conf),L 45-78,,20,1,4,.250,0,1,.000,1,3,.333,.250,2,2,1.000,0,3,3,0,1,0,2,1,4,1.1,Haley Troup,https://www.sports-reference.com/cbb/players/haley-troup-1.html,missouri,2019-20
18,53,19,2020-01-19,Missouri,@,Ole Miss,REG (Conf),W 71-57,,11,0,3,.000,0,3,.000,0,0,,.000,0,0,,0,0,0,2,0,0,1,0,0,-1.7,Haley Troup,https://www.sports-reference.com/cbb/players/haley-troup-1.html,missouri,2019-20
19,54,20,2020-01-26,Missouri,@,Texas A&M,REG (Conf),L 53-72,,20,1,6,.167,0,5,.000,1,1,1.000,.167,0,0,,1,2,3,1,1,0,2,2,2,-1.6,Haley Troup,https://www.sports-reference.com/cbb/players/haley-troup-1.html,missouri,2019-20
20,55,21,2020-01-30,Missouri,,Kentucky,REG (Conf),L 47-62,,16,0,1,.000,0,1,.000,0,0,,.000,0,0,,1,1,2,2,0,0,1,0,0,0.7,Haley Troup,https://www.sports-reference.com/cbb/players/haley-troup-1.html,missouri,2019-20
21,56,22,2020-02-02,Missouri,,Arkansas,REG (Conf),L 81-85 (OT),,31,1,6,.167,1,3,.333,0,3,.000,.250,0,0,,0,3,3,5,0,0,3,1,3,0.2,Haley Troup,https://www.sports-reference.com/cbb/players/haley-troup-1.html,missouri,2019-20
22,57,23,2020-02-06,Missouri,@,Georgia,REG (Conf),W 73-65,,6,0,1,.000,0,1,.000,0,0,,.000,0,0,,0,1,1,1,0,0,1,0,0,-0.7,Haley Troup,https://www.sports-reference.com/cbb/players/haley-troup-1.html,missouri,2019-20
23,58,24,2020-02-10,Missouri,@,Louisiana State,REG (Conf),L 58-66,,15,1,2,.500,1,2,.500,0,0,,.750,0,0,,0,0,0,3,0,0,1,1,3,2.7,Haley Troup,https://www.sports-reference.com/cbb/players/haley-troup-1.html,missouri,2019-20
24,59,25,2020-02-16,Missouri,,Florida,REG (Conf),L 67-75,*,19,2,7,.286,2,4,.500,0,3,.000,.429,0,0,,0,1,1,1,0,0,3,3,6,-1.3,Haley Troup,https://www.sports-reference.com/cbb/players/haley-troup-1.html,missouri,2019-20
25,60,26,2020-02-20,Missouri,@,Vanderbilt,REG (Conf),W 78-66,,11,0,0,,0,0,,0,0,,,0,0,,1,1,2,0,0,0,1,1,0,-0.4,Haley Troup,https://www.sports-reference.com/cbb/players/haley-troup-1.html,missouri,2019-20
26,61,27,2020-02-23,Missouri,,Ole Miss,REG (Conf),W 82-67,,18,1,3,.333,1,2,.500,0,1,.000,.500,0,0,,0,3,3,3,1,0,2,0,3,3.3,Haley Troup,https://www.sports-reference.com/cbb/players/haley-troup-1.html,missouri,2019-20
27,62,28,2020-02-27,Missouri,,Auburn,REG (Conf),L 82-95,,19,1,4,.250,1,3,.333,0,1,.000,.375,0,0,,0,1,1,1,1,0,1,0,3,1.6,Haley Troup,https://www.sports-reference.com/cbb/players/haley-troup-1.html,missouri,2019-20
28,63,29,2020-03-01,Missouri,@,Alabama,REG (Conf),L 61-73,,15,0,2,.000,0,2,.000,0,0,,.000,0,0,,1,0,1,2,1,0,0,0,0,1.7,Haley Troup,https://www.sports-reference.com/cbb/players/haley-troup-1.html,missouri,2019-20
29,64,30,2020-03-04,Missouri,,Ole Miss,CTOURN,W 64-53,,22,3,6,.500,2,3,.667,1,3,.333,.667,0,0,,0,1,1,1,0,0,2,0,8,4.0,Haley Troup,https://www.sports-reference.com/cbb/players/haley-troup-1.html,missouri,2019-20
30,65,31,2020-03-05,Missouri,@,Tennessee,CTOURN,L 51-64,,24,1,4,.250,0,0,,1,4,.250,.250,0,0,,0,2,2,1,0,0,1,2,2,-0.9,Haley Troup,https://www.sports-reference.com/cbb/players/haley-troup-1.html,missouri,2019-20
