ranker,player_game_num_career,team_game_num_season,date,team_name_abbr,game_location,opp_name_abbr,game_type,game_result,is_starter,mp,fg,fga,fg_pct,fg3,fg3a,fg3_pct,fg2,fg2a,fg2_pct,efg_pct,ft,fta,ft_pct,orb,drb,trb,ast,stl,blk,tov,pf,pts,game_score,player_name,player_sr_link,school,season
1,100,1,2019-11-05,Missouri,,Western Illinois,REG (Non-Conf),W 97-89 (OT),,34,4,9,.444,3,4,.750,1,5,.200,.611,0,0,,1,9,10,0,2,3,1,1,11,12.4,Hannah Schuchts,https://www.sports-reference.com/cbb/players/hannah-schuchts-1.html,missouri,2019-20
2,101,2,2019-11-10,Missouri,,Nebraska,REG (Non-Conf),L 85-90 (OT),*,37,4,9,.444,2,4,.500,2,5,.400,.556,3,4,.750,2,8,10,1,1,2,3,3,13,10.6,Hannah Schuchts,https://www.sports-reference.com/cbb/players/hannah-schuchts-1.html,missouri,2019-20
3,102,3,2019-11-13,Missouri,,Northern Iowa,REG (Non-Conf),L 73-78,*,21,2,2,1.000,0,0,,2,2,1.000,1.000,0,0,,0,5,5,2,1,1,1,1,4,6.6,Hannah Schuchts,https://www.sports-reference.com/cbb/players/hannah-schuchts-1.html,missouri,2019-20
4,103,4,2019-11-16,Missouri,@,Green Bay,REG (Non-Conf),L 64-72,*,29,4,5,.800,3,4,.750,1,1,1.000,1.100,2,2,1.000,2,6,8,1,0,2,2,3,13,13.2,Hannah Schuchts,https://www.sports-reference.com/cbb/players/hannah-schuchts-1.html,missouri,2019-20
5,104,5,2019-11-21,Missouri,@,South Dakota,REG (Non-Conf),L 56-72,*,28,2,6,.333,0,3,.000,2,3,.667,.333,1,1,1.000,0,2,2,0,0,5,2,2,5,2.9,Hannah Schuchts,https://www.sports-reference.com/cbb/players/hannah-schuchts-1.html,missouri,2019-20
6,105,6,2019-11-24,Missouri,,SIU Edwardsville,REG (Non-Conf),W 68-51,*,22,3,4,.750,0,1,.000,3,3,1.000,.750,1,2,.500,1,4,5,1,0,2,1,2,7,7.2,Hannah Schuchts,https://www.sports-reference.com/cbb/players/hannah-schuchts-1.html,missouri,2019-20
7,106,7,2019-11-28,Missouri,@,New Mexico,REG (Non-Conf),L 68-71,*,35,1,4,.250,1,3,.333,0,1,.000,.375,2,2,1.000,1,7,8,4,0,1,2,3,5,5.7,Hannah Schuchts,https://www.sports-reference.com/cbb/players/hannah-schuchts-1.html,missouri,2019-20
8,107,8,2019-11-29,Missouri,,North Carolina,REG (Non-Conf),L 69-82,*,13,0,4,.000,0,2,.000,0,2,.000,.000,2,2,1.000,1,3,4,0,0,0,1,2,2,-1.0,Hannah Schuchts,https://www.sports-reference.com/cbb/players/hannah-schuchts-1.html,missouri,2019-20
9,108,9,2019-12-05,Missouri,,Saint Louis,REG (Non-Conf),W 83-58,,19,3,6,.500,2,4,.500,1,2,.500,.667,0,0,,1,4,5,2,0,2,1,1,8,8.3,Hannah Schuchts,https://www.sports-reference.com/cbb/players/hannah-schuchts-1.html,missouri,2019-20
10,109,10,2019-12-08,Missouri,@,Kansas City,REG (Non-Conf),L 56-59,,23,2,5,.400,0,1,.000,2,4,.500,.400,0,0,,3,0,3,1,1,4,1,2,4,6.1,Hannah Schuchts,https://www.sports-reference.com/cbb/players/hannah-schuchts-1.html,missouri,2019-20
11,110,11,2019-12-15,Missouri,@,Missouri State,REG (Non-Conf),L 72-79,,22,1,4,.250,0,3,.000,1,1,1.000,.250,0,0,,0,1,1,0,1,3,0,1,2,2.6,Hannah Schuchts,https://www.sports-reference.com/cbb/players/hannah-schuchts-1.html,missouri,2019-20
12,111,12,2019-12-18,Missouri,,Princeton,REG (Non-Conf),L 33-68,,17,0,1,.000,0,1,.000,0,0,,.000,0,0,,0,2,2,0,0,2,2,2,0,-1.5,Hannah Schuchts,https://www.sports-reference.com/cbb/players/hannah-schuchts-1.html,missouri,2019-20
13,112,13,2019-12-20,Missouri,,Illinois,REG (Non-Conf),L 51-58,,31,2,3,.667,1,2,.500,1,1,1.000,.833,1,1,1.000,2,6,8,1,1,2,3,4,6,6.4,Hannah Schuchts,https://www.sports-reference.com/cbb/players/hannah-schuchts-1.html,missouri,2019-20
14,113,14,2020-01-02,Missouri,@,Tennessee,REG (Conf),L 66-77,,21,1,2,.500,1,1,1.000,0,1,.000,.750,0,0,,0,2,2,2,0,2,0,5,3,3.4,Hannah Schuchts,https://www.sports-reference.com/cbb/players/hannah-schuchts-1.html,missouri,2019-20
15,114,15,2020-01-05,Missouri,,Louisiana State,REG (Conf),W 69-65,*,25,1,5,.200,1,5,.200,0,0,,.300,0,0,,0,2,2,1,0,1,2,5,3,-2.1,Hannah Schuchts,https://www.sports-reference.com/cbb/players/hannah-schuchts-1.html,missouri,2019-20
16,115,16,2020-01-09,Missouri,,Mississippi State,REG (Conf),L 64-79,*,28,2,4,.500,1,2,.500,1,2,.500,.625,0,0,,0,6,6,0,0,2,2,3,5,3.0,Hannah Schuchts,https://www.sports-reference.com/cbb/players/hannah-schuchts-1.html,missouri,2019-20
17,116,17,2020-01-12,Missouri,@,Arkansas,REG (Conf),L 73-90,*,28,2,5,.400,1,4,.250,1,1,1.000,.500,0,0,,2,10,12,2,0,2,1,2,5,7.7,Hannah Schuchts,https://www.sports-reference.com/cbb/players/hannah-schuchts-1.html,missouri,2019-20
18,117,18,2020-01-16,Missouri,,South Carolina,REG (Conf),L 45-78,*,24,1,3,.333,1,2,.500,0,1,.000,.500,0,0,,0,4,4,0,0,1,0,3,3,2.0,Hannah Schuchts,https://www.sports-reference.com/cbb/players/hannah-schuchts-1.html,missouri,2019-20
19,118,19,2020-01-19,Missouri,@,Ole Miss,REG (Conf),W 71-57,*,33,2,5,.400,1,4,.250,1,1,1.000,.500,1,1,1.000,1,8,9,2,0,1,2,0,6,6.5,Hannah Schuchts,https://www.sports-reference.com/cbb/players/hannah-schuchts-1.html,missouri,2019-20
20,119,20,2020-01-26,Missouri,@,Texas A&M,REG (Conf),L 53-72,*,27,1,5,.200,0,3,.000,1,2,.500,.200,0,0,,0,5,5,5,0,2,0,4,2,3.7,Hannah Schuchts,https://www.sports-reference.com/cbb/players/hannah-schuchts-1.html,missouri,2019-20
21,120,21,2020-01-30,Missouri,,Kentucky,REG (Conf),L 47-62,*,16,0,2,.000,0,2,.000,0,0,,.000,0,0,,0,1,1,0,0,2,1,1,0,-1.1,Hannah Schuchts,https://www.sports-reference.com/cbb/players/hannah-schuchts-1.html,missouri,2019-20
22,121,22,2020-02-02,Missouri,,Arkansas,REG (Conf),L 81-85 (OT),*,31,2,4,.500,0,1,.000,2,3,.667,.500,1,1,1.000,2,7,9,0,0,4,3,2,5,5.5,Hannah Schuchts,https://www.sports-reference.com/cbb/players/hannah-schuchts-1.html,missouri,2019-20
23,122,23,2020-02-06,Missouri,@,Georgia,REG (Conf),W 73-65,*,26,0,3,.000,0,3,.000,0,0,,.000,1,2,.500,0,1,1,3,1,1,1,1,1,1.2,Hannah Schuchts,https://www.sports-reference.com/cbb/players/hannah-schuchts-1.html,missouri,2019-20
24,123,24,2020-02-10,Missouri,@,Louisiana State,REG (Conf),L 58-66,*,24,2,4,.500,1,3,.333,1,1,1.000,.625,0,0,,0,5,5,1,0,0,1,3,5,3.0,Hannah Schuchts,https://www.sports-reference.com/cbb/players/hannah-schuchts-1.html,missouri,2019-20
25,124,25,2020-02-16,Missouri,,Florida,REG (Conf),L 67-75,*,23,2,4,.500,2,4,.500,0,0,,.750,0,0,,0,3,3,1,0,2,0,3,6,5.8,Hannah Schuchts,https://www.sports-reference.com/cbb/players/hannah-schuchts-1.html,missouri,2019-20
26,125,26,2020-02-20,Missouri,@,Vanderbilt,REG (Conf),W 78-66,*,27,0,5,.000,0,3,.000,0,2,.000,.000,2,2,1.000,0,1,1,0,0,6,3,3,2,-1.2,Hannah Schuchts,https://www.sports-reference.com/cbb/players/hannah-schuchts-1.html,missouri,2019-20
27,126,27,2020-02-23,Missouri,,Ole Miss,REG (Conf),W 82-67,*,23,1,5,.200,1,5,.200,0,0,,.300,4,6,.667,1,6,7,0,0,1,3,2,7,2.5,Hannah Schuchts,https://www.sports-reference.com/cbb/players/hannah-schuchts-1.html,missouri,2019-20
28,127,28,2020-02-27,Missouri,,Auburn,REG (Conf),L 82-95,*,20,1,4,.250,1,3,.333,0,1,.000,.375,0,0,,0,1,1,4,1,0,1,2,3,2.9,Hannah Schuchts,https://www.sports-reference.com/cbb/players/hannah-schuchts-1.html,missouri,2019-20
29,128,29,2020-03-01,Missouri,@,Alabama,REG (Conf),L 61-73,*,15,0,1,.000,0,1,.000,0,0,,.000,0,0,,0,3,3,1,0,1,0,3,0,0.4,Hannah Schuchts,https://www.sports-reference.com/cbb/players/hannah-schuchts-1.html,missouri,2019-20
30,129,30,2020-03-04,Missouri,,Ole Miss,CTOURN,W 64-53,*,23,2,4,.500,0,1,.000,2,3,.667,.500,2,3,.667,0,4,4,3,0,1,0,1,6,7.2,Hannah Schuchts,https://www.sports-reference.com/cbb/players/hannah-schuchts-1.html,missouri,2019-20
31,130,31,2020-03-05,Missouri,@,Tennessee,CTOURN,L 51-64,*,26,3,6,.500,3,5,.600,0,1,.000,.750,2,2,1.000,0,4,4,0,0,2,1,3,11,8.4,Hannah Schuchts,https://www.sports-reference.com/cbb/players/hannah-schuchts-1.html,missouri,2019-20
