ranker,player_game_num_career,team_game_num_season,date,team_name_abbr,game_location,opp_name_abbr,game_type,game_result,is_starter,mp,fg,fga,fg_pct,fg3,fg3a,fg3_pct,fg2,fg2a,fg2_pct,efg_pct,ft,fta,ft_pct,orb,drb,trb,ast,stl,blk,tov,pf,pts,game_score,player_name,player_sr_link,school,season
1,1,1,2019-11-05,Missouri,,Western Illinois,REG (Non-Conf),W 97-89 (OT),*,18,4,7,.571,1,2,.500,3,5,.600,.643,0,0,,3,2,5,0,1,2,3,5,9,5.8,Hayley Frank,https://www.sports-reference.com/cbb/players/hayley-frank-1.html,missouri,2019-20
2,2,2,2019-11-10,Missouri,,Nebraska,REG (Non-Conf),L 85-90 (OT),,13,1,2,.500,1,2,.500,0,0,,.750,2,2,1.000,0,1,1,0,1,0,0,1,5,4.9,Hayley Frank,https://www.sports-reference.com/cbb/players/hayley-frank-1.html,missouri,2019-20
3,3,3,2019-11-13,Missouri,,Northern Iowa,REG (Non-Conf),L 73-78,,24,3,9,.333,2,4,.500,1,5,.200,.444,9,10,.900,1,2,3,1,0,0,0,3,17,12.3,Hayley Frank,https://www.sports-reference.com/cbb/players/hayley-frank-1.html,missouri,2019-20
4,4,4,2019-11-16,Missouri,@,Green Bay,REG (Non-Conf),L 64-72,,26,4,11,.364,1,4,.250,3,7,.429,.409,3,3,1.000,3,1,4,2,3,0,3,5,12,7.7,Hayley Frank,https://www.sports-reference.com/cbb/players/hayley-frank-1.html,missouri,2019-20
5,5,5,2019-11-21,Missouri,@,South Dakota,REG (Non-Conf),L 56-72,,29,4,6,.667,2,2,1.000,2,4,.500,.833,5,6,.833,2,2,4,0,1,0,3,3,15,10.8,Hayley Frank,https://www.sports-reference.com/cbb/players/hayley-frank-1.html,missouri,2019-20
6,6,6,2019-11-24,Missouri,,SIU Edwardsville,REG (Non-Conf),W 68-51,,22,4,8,.500,1,4,.250,3,4,.750,.563,3,3,1.000,1,3,4,0,0,0,4,4,12,4.0,Hayley Frank,https://www.sports-reference.com/cbb/players/hayley-frank-1.html,missouri,2019-20
7,7,7,2019-11-28,Missouri,@,New Mexico,REG (Non-Conf),L 68-71,,35,9,14,.643,4,5,.800,5,9,.556,.786,7,7,1.000,1,5,6,0,1,1,4,3,29,21.5,Hayley Frank,https://www.sports-reference.com/cbb/players/hayley-frank-1.html,missouri,2019-20
8,8,8,2019-11-29,Missouri,,North Carolina,REG (Non-Conf),L 69-82,*,31,4,16,.250,1,5,.200,3,11,.273,.281,4,4,1.000,4,2,6,1,0,0,1,2,13,5.7,Hayley Frank,https://www.sports-reference.com/cbb/players/hayley-frank-1.html,missouri,2019-20
9,9,9,2019-12-05,Missouri,,Saint Louis,REG (Non-Conf),W 83-58,*,22,4,8,.500,3,5,.600,1,3,.333,.688,5,6,.833,0,1,1,1,0,0,2,4,16,9.0,Hayley Frank,https://www.sports-reference.com/cbb/players/hayley-frank-1.html,missouri,2019-20
10,10,10,2019-12-08,Missouri,@,Kansas City,REG (Non-Conf),L 56-59,*,31,5,16,.313,1,6,.167,4,10,.400,.344,1,1,1.000,1,1,2,1,1,0,2,2,12,2.7,Hayley Frank,https://www.sports-reference.com/cbb/players/hayley-frank-1.html,missouri,2019-20
11,11,11,2019-12-15,Missouri,@,Missouri State,REG (Non-Conf),L 72-79,*,25,3,9,.333,1,5,.200,2,4,.500,.389,2,2,1.000,1,7,8,3,0,0,3,5,9,3.8,Hayley Frank,https://www.sports-reference.com/cbb/players/hayley-frank-1.html,missouri,2019-20
12,12,12,2019-12-18,Missouri,,Princeton,REG (Non-Conf),L 33-68,*,25,4,9,.444,1,3,.333,3,6,.500,.500,1,1,1.000,3,1,4,1,0,0,0,2,10,7.6,Hayley Frank,https://www.sports-reference.com/cbb/players/hayley-frank-1.html,missouri,2019-20
13,13,13,2019-12-20,Missouri,,Illinois,REG (Non-Conf),L 51-58,*,16,1,7,.143,0,3,.000,1,4,.250,.143,2,2,1.000,1,4,5,0,0,0,4,2,4,-3.4,Hayley Frank,https://www.sports-reference.com/cbb/players/hayley-frank-1.html,missouri,2019-20
14,14,14,2020-01-02,Missouri,@,Tennessee,REG (Conf),L 66-77,*,23,2,7,.286,0,4,.000,2,3,.667,.286,2,3,.667,2,2,4,0,1,0,0,3,6,3.3,Hayley Frank,https://www.sports-reference.com/cbb/players/hayley-frank-1.html,missouri,2019-20
15,15,15,2020-01-05,Missouri,,Louisiana State,REG (Conf),W 69-65,,24,4,8,.500,3,6,.500,1,2,.500,.688,0,0,,2,2,4,0,1,0,4,2,11,5.2,Hayley Frank,https://www.sports-reference.com/cbb/players/hayley-frank-1.html,missouri,2019-20
16,16,16,2020-01-09,Missouri,,Mississippi State,REG (Conf),L 64-79,,28,5,12,.417,2,7,.286,3,5,.600,.500,1,2,.500,0,3,3,1,0,1,1,0,13,7.5,Hayley Frank,https://www.sports-reference.com/cbb/players/hayley-frank-1.html,missouri,2019-20
17,17,17,2020-01-12,Missouri,@,Arkansas,REG (Conf),L 73-90,,17,8,12,.667,2,4,.500,6,8,.750,.750,1,2,.500,1,4,5,0,0,1,1,5,19,13.0,Hayley Frank,https://www.sports-reference.com/cbb/players/hayley-frank-1.html,missouri,2019-20
18,18,18,2020-01-16,Missouri,,South Carolina,REG (Conf),L 45-78,,28,2,9,.222,1,5,.200,1,4,.250,.278,4,4,1.000,0,2,2,2,0,0,1,1,9,4.1,Hayley Frank,https://www.sports-reference.com/cbb/players/hayley-frank-1.html,missouri,2019-20
19,19,19,2020-01-19,Missouri,@,Ole Miss,REG (Conf),W 71-57,,15,3,8,.375,1,4,.250,2,4,.500,.438,0,0,,0,1,1,1,0,0,1,1,7,2.2,Hayley Frank,https://www.sports-reference.com/cbb/players/hayley-frank-1.html,missouri,2019-20
20,20,20,2020-01-26,Missouri,@,Texas A&M,REG (Conf),L 53-72,,29,4,7,.571,2,3,.667,2,4,.500,.714,0,0,,2,3,5,3,0,0,0,2,10,10.3,Hayley Frank,https://www.sports-reference.com/cbb/players/hayley-frank-1.html,missouri,2019-20
21,21,21,2020-01-30,Missouri,,Kentucky,REG (Conf),L 47-62,,30,2,7,.286,1,3,.333,1,4,.250,.357,6,6,1.000,2,5,7,0,1,0,4,3,11,5.6,Hayley Frank,https://www.sports-reference.com/cbb/players/hayley-frank-1.html,missouri,2019-20
22,22,22,2020-02-02,Missouri,,Arkansas,REG (Conf),L 81-85 (OT),,26,5,9,.556,2,4,.500,3,5,.600,.667,2,2,1.000,0,4,4,0,1,0,3,1,14,8.5,Hayley Frank,https://www.sports-reference.com/cbb/players/hayley-frank-1.html,missouri,2019-20
23,23,23,2020-02-06,Missouri,@,Georgia,REG (Conf),W 73-65,,21,2,7,.286,1,4,.250,1,3,.333,.357,4,4,1.000,2,3,5,1,1,0,1,3,9,6.7,Hayley Frank,https://www.sports-reference.com/cbb/players/hayley-frank-1.html,missouri,2019-20
24,24,24,2020-02-10,Missouri,@,Louisiana State,REG (Conf),L 58-66,,30,5,10,.500,1,5,.200,4,5,.800,.550,0,1,.000,3,0,3,3,0,0,1,1,11,8.4,Hayley Frank,https://www.sports-reference.com/cbb/players/hayley-frank-1.html,missouri,2019-20
25,25,25,2020-02-16,Missouri,,Florida,REG (Conf),L 67-75,,28,3,8,.375,1,4,.250,2,4,.500,.438,3,5,.600,1,5,6,2,0,0,4,4,10,2.8,Hayley Frank,https://www.sports-reference.com/cbb/players/hayley-frank-1.html,missouri,2019-20
26,26,26,2020-02-20,Missouri,@,Vanderbilt,REG (Conf),W 78-66,,26,8,11,.727,5,7,.714,3,4,.750,.955,3,4,.750,2,2,4,2,1,0,4,3,24,18.3,Hayley Frank,https://www.sports-reference.com/cbb/players/hayley-frank-1.html,missouri,2019-20
27,27,27,2020-02-23,Missouri,,Ole Miss,REG (Conf),W 82-67,,28,7,8,.875,3,3,1.000,4,5,.800,1.063,5,6,.833,5,1,6,2,0,0,2,3,22,20.8,Hayley Frank,https://www.sports-reference.com/cbb/players/hayley-frank-1.html,missouri,2019-20
28,28,28,2020-02-27,Missouri,,Auburn,REG (Conf),L 82-95,,24,4,10,.400,1,4,.250,3,6,.500,.450,3,3,1.000,1,1,2,1,1,0,1,3,12,7.1,Hayley Frank,https://www.sports-reference.com/cbb/players/hayley-frank-1.html,missouri,2019-20
29,29,29,2020-03-01,Missouri,@,Alabama,REG (Conf),L 61-73,,23,1,7,.143,0,5,.000,1,2,.500,.143,0,0,,0,2,2,2,4,1,1,2,2,2.4,Hayley Frank,https://www.sports-reference.com/cbb/players/hayley-frank-1.html,missouri,2019-20
30,30,30,2020-03-04,Missouri,,Ole Miss,CTOURN,W 64-53,,20,2,6,.333,2,3,.667,0,3,.000,.500,0,0,,1,2,3,3,0,1,4,4,6,1.1,Hayley Frank,https://www.sports-reference.com/cbb/players/hayley-frank-1.html,missouri,2019-20
31,31,31,2020-03-05,Missouri,@,Tennessee,CTOURN,L 51-64,,16,2,6,.333,1,1,1.000,1,5,.200,.417,1,1,1.000,3,2,5,1,1,0,1,3,6,4.8,Hayley Frank,https://www.sports-reference.com/cbb/players/hayley-frank-1.html,missouri,2019-20
