ranker,player_game_num_career,team_game_num_season,date,team_name_abbr,game_location,opp_name_abbr,game_type,game_result,is_starter,mp,fg,fga,fg_pct,fg3,fg3a,fg3_pct,fg2,fg2a,fg2_pct,efg_pct,ft,fta,ft_pct,orb,drb,trb,ast,stl,blk,tov,pf,pts,game_score,player_name,player_sr_link,school,season
1,101,1,2019-11-05,Missouri,,Western Illinois,REG (Non-Conf),W 97-89 (OT),*,41,7,10,.700,4,7,.571,3,3,1.000,.900,0,0,,0,1,1,8,2,0,2,4,18,18.1,Jordan Chavis,https://www.sports-reference.com/cbb/players/jordan-chavis-1.html,missouri,2019-20
2,102,2,2019-11-10,Missouri,,Nebraska,REG (Non-Conf),L 85-90 (OT),*,43,2,11,.182,2,8,.250,0,3,.000,.273,2,2,1.000,0,1,1,2,1,0,3,1,8,0.4,Jordan Chavis,https://www.sports-reference.com/cbb/players/jordan-chavis-1.html,missouri,2019-20
3,103,3,2019-11-13,Missouri,,Northern Iowa,REG (Non-Conf),L 73-78,*,38,2,4,.500,2,3,.667,0,1,.000,.750,0,0,,0,2,2,3,2,0,4,2,6,3.9,Jordan Chavis,https://www.sports-reference.com/cbb/players/jordan-chavis-1.html,missouri,2019-20
4,104,4,2019-11-16,Missouri,@,Green Bay,REG (Non-Conf),L 64-72,*,18,0,4,.000,0,3,.000,0,1,.000,.000,0,0,,0,1,1,3,1,0,0,3,0,-0.6,Jordan Chavis,https://www.sports-reference.com/cbb/players/jordan-chavis-1.html,missouri,2019-20
5,105,5,2019-11-21,Missouri,@,South Dakota,REG (Non-Conf),L 56-72,*,37,4,11,.364,3,9,.333,1,2,.500,.500,0,0,,0,5,5,2,0,1,0,2,11,7.7,Jordan Chavis,https://www.sports-reference.com/cbb/players/jordan-chavis-1.html,missouri,2019-20
6,106,6,2019-11-24,Missouri,,SIU Edwardsville,REG (Non-Conf),W 68-51,*,19,1,2,.500,1,2,.500,0,0,,.750,2,2,1.000,0,3,3,2,1,0,2,0,5,5.3,Jordan Chavis,https://www.sports-reference.com/cbb/players/jordan-chavis-1.html,missouri,2019-20
7,107,7,2019-11-28,Missouri,@,New Mexico,REG (Non-Conf),L 68-71,*,28,3,6,.500,3,4,.750,0,2,.000,.750,2,3,.667,0,3,3,4,2,0,2,2,11,10.5,Jordan Chavis,https://www.sports-reference.com/cbb/players/jordan-chavis-1.html,missouri,2019-20
8,108,8,2019-11-29,Missouri,,North Carolina,REG (Non-Conf),L 69-82,*,26,1,4,.250,1,4,.250,0,0,,.375,0,0,,0,1,1,1,0,0,0,2,3,0.8,Jordan Chavis,https://www.sports-reference.com/cbb/players/jordan-chavis-1.html,missouri,2019-20
9,109,9,2019-12-05,Missouri,,Saint Louis,REG (Non-Conf),W 83-58,*,25,4,4,1.000,3,3,1.000,1,1,1.000,1.375,3,3,1.000,0,3,3,1,0,0,1,0,14,13.4,Jordan Chavis,https://www.sports-reference.com/cbb/players/jordan-chavis-1.html,missouri,2019-20
10,110,10,2019-12-08,Missouri,@,Kansas City,REG (Non-Conf),L 56-59,*,37,2,7,.286,2,6,.333,0,1,.000,.429,0,0,,1,4,5,3,6,0,1,4,6,9.3,Jordan Chavis,https://www.sports-reference.com/cbb/players/jordan-chavis-1.html,missouri,2019-20
11,111,11,2019-12-15,Missouri,@,Missouri State,REG (Non-Conf),L 72-79,*,23,0,2,.000,0,2,.000,0,0,,.000,0,0,,0,1,1,2,3,0,3,3,0,-0.9,Jordan Chavis,https://www.sports-reference.com/cbb/players/jordan-chavis-1.html,missouri,2019-20
12,112,12,2019-12-18,Missouri,,Princeton,REG (Non-Conf),L 33-68,*,14,0,1,.000,0,0,,0,1,.000,.000,0,0,,0,0,0,0,0,0,1,1,0,-2.1,Jordan Chavis,https://www.sports-reference.com/cbb/players/jordan-chavis-1.html,missouri,2019-20
13,113,13,2019-12-20,Missouri,,Illinois,REG (Non-Conf),L 51-58,*,27,2,5,.400,2,4,.500,0,1,.000,.600,0,0,,1,3,4,3,1,0,1,4,6,5.4,Jordan Chavis,https://www.sports-reference.com/cbb/players/jordan-chavis-1.html,missouri,2019-20
14,114,14,2020-01-02,Missouri,@,Tennessee,REG (Conf),L 66-77,*,36,3,11,.273,2,6,.333,1,5,.200,.364,0,0,,0,2,2,3,1,0,1,2,8,3.4,Jordan Chavis,https://www.sports-reference.com/cbb/players/jordan-chavis-1.html,missouri,2019-20
15,115,15,2020-01-05,Missouri,,Louisiana State,REG (Conf),W 69-65,*,31,5,7,.714,3,5,.600,2,2,1.000,.929,0,0,,0,7,7,5,0,0,2,5,13,11.7,Jordan Chavis,https://www.sports-reference.com/cbb/players/jordan-chavis-1.html,missouri,2019-20
16,116,16,2020-01-09,Missouri,,Mississippi State,REG (Conf),L 64-79,*,9,1,1,1.000,0,0,,1,1,1.000,1.000,0,0,,0,1,1,0,0,0,2,1,2,-0.4,Jordan Chavis,https://www.sports-reference.com/cbb/players/jordan-chavis-1.html,missouri,2019-20
17,117,17,2020-01-12,Missouri,@,Arkansas,REG (Conf),L 73-90,*,17,2,5,.400,2,3,.667,0,2,.000,.600,0,0,,1,4,5,0,0,0,3,4,6,0.6,Jordan Chavis,https://www.sports-reference.com/cbb/players/jordan-chavis-1.html,missouri,2019-20
18,118,18,2020-01-16,Missouri,,South Carolina,REG (Conf),L 45-78,*,25,1,4,.250,0,1,.000,1,3,.333,.250,0,0,,1,1,2,0,0,0,0,4,2,-1.0,Jordan Chavis,https://www.sports-reference.com/cbb/players/jordan-chavis-1.html,missouri,2019-20
19,119,19,2020-01-19,Missouri,@,Ole Miss,REG (Conf),W 71-57,*,30,4,8,.500,3,5,.600,1,3,.333,.688,0,0,,0,5,5,3,1,0,0,2,11,10.8,Jordan Chavis,https://www.sports-reference.com/cbb/players/jordan-chavis-1.html,missouri,2019-20
20,120,20,2020-01-26,Missouri,@,Texas A&M,REG (Conf),L 53-72,*,29,4,8,.500,4,8,.500,0,0,,.750,0,0,,0,2,2,0,1,0,1,4,12,7.0,Jordan Chavis,https://www.sports-reference.com/cbb/players/jordan-chavis-1.html,missouri,2019-20
21,121,21,2020-01-30,Missouri,,Kentucky,REG (Conf),L 47-62,*,27,1,5,.200,1,4,.250,0,1,.000,.300,0,0,,0,2,2,1,1,0,3,1,3,-1.2,Jordan Chavis,https://www.sports-reference.com/cbb/players/jordan-chavis-1.html,missouri,2019-20
22,122,22,2020-02-02,Missouri,,Arkansas,REG (Conf),L 81-85 (OT),*,14,2,4,.500,2,4,.500,0,0,,.750,2,2,1.000,0,0,0,3,1,0,0,5,8,7.1,Jordan Chavis,https://www.sports-reference.com/cbb/players/jordan-chavis-1.html,missouri,2019-20
23,123,23,2020-02-06,Missouri,@,Georgia,REG (Conf),W 73-65,*,37,4,6,.667,3,3,1.000,1,3,.333,.917,5,5,1.000,0,3,3,1,1,0,1,1,16,14.6,Jordan Chavis,https://www.sports-reference.com/cbb/players/jordan-chavis-1.html,missouri,2019-20
24,124,24,2020-02-10,Missouri,@,Louisiana State,REG (Conf),L 58-66,*,23,1,3,.333,0,1,.000,1,2,.500,.333,0,0,,0,1,1,2,2,0,1,2,2,2.2,Jordan Chavis,https://www.sports-reference.com/cbb/players/jordan-chavis-1.html,missouri,2019-20
25,125,26,2020-02-20,Missouri,@,Vanderbilt,REG (Conf),W 78-66,*,33,3,6,.500,2,3,.667,1,3,.333,.667,2,3,.667,0,5,5,5,0,0,3,2,10,7.8,Jordan Chavis,https://www.sports-reference.com/cbb/players/jordan-chavis-1.html,missouri,2019-20
26,126,27,2020-02-23,Missouri,,Ole Miss,REG (Conf),W 82-67,*,20,1,3,.333,0,1,.000,1,2,.500,.333,2,2,1.000,0,3,3,2,0,0,2,2,4,1.8,Jordan Chavis,https://www.sports-reference.com/cbb/players/jordan-chavis-1.html,missouri,2019-20
27,127,28,2020-02-27,Missouri,,Auburn,REG (Conf),L 82-95,*,29,2,6,.333,2,6,.333,0,0,,.500,1,2,.500,2,0,2,3,4,0,3,1,7,7.3,Jordan Chavis,https://www.sports-reference.com/cbb/players/jordan-chavis-1.html,missouri,2019-20
28,128,29,2020-03-01,Missouri,@,Alabama,REG (Conf),L 61-73,*,32,2,6,.333,2,6,.333,0,0,,.500,3,3,1.000,0,3,3,1,0,1,0,3,9,6.7,Jordan Chavis,https://www.sports-reference.com/cbb/players/jordan-chavis-1.html,missouri,2019-20
29,129,30,2020-03-04,Missouri,,Ole Miss,CTOURN,W 64-53,*,24,3,7,.429,3,7,.429,0,0,,.643,2,2,1.000,0,3,3,1,0,0,1,1,11,7.5,Jordan Chavis,https://www.sports-reference.com/cbb/players/jordan-chavis-1.html,missouri,2019-20
30,130,31,2020-03-05,Missouri,@,Tennessee,CTOURN,L 51-64,*,34,3,10,.300,1,7,.143,2,3,.667,.350,0,0,,0,3,3,1,0,0,1,3,7,0.6,Jordan Chavis,https://www.sports-reference.com/cbb/players/jordan-chavis-1.html,missouri,2019-20
