ranker,player_game_num_career,team_game_num_season,date,team_name_abbr,game_location,opp_name_abbr,game_type,game_result,is_starter,mp,fg,fga,fg_pct,fg3,fg3a,fg3_pct,fg2,fg2a,fg2_pct,efg_pct,ft,fta,ft_pct,orb,drb,trb,ast,stl,blk,tov,pf,pts,game_score,player_name,player_sr_link,school,season
1,94,1,2019-11-05,Missouri,,Western Illinois,REG (Non-Conf),W 97-89 (OT),*,37,4,7,.571,1,2,.500,3,5,.600,.643,5,6,.833,2,1,3,1,0,0,3,4,14,8.1,Jordan Roundtree,https://www.sports-reference.com/cbb/players/jordan-roundtree-1.html,missouri,2019-20
2,95,2,2019-11-10,Missouri,,Nebraska,REG (Non-Conf),L 85-90 (OT),*,34,3,5,.600,1,1,1.000,2,4,.500,.700,9,9,1.000,2,8,10,1,1,0,2,2,16,16.4,Jordan Roundtree,https://www.sports-reference.com/cbb/players/jordan-roundtree-1.html,missouri,2019-20
3,96,3,2019-11-13,Missouri,,Northern Iowa,REG (Non-Conf),L 73-78,*,31,4,5,.800,3,3,1.000,1,2,.500,1.100,1,1,1.000,0,1,1,1,0,0,1,2,12,9.3,Jordan Roundtree,https://www.sports-reference.com/cbb/players/jordan-roundtree-1.html,missouri,2019-20
4,97,4,2019-11-16,Missouri,@,Green Bay,REG (Non-Conf),L 64-72,*,35,3,7,.429,1,4,.250,2,3,.667,.500,2,2,1.000,0,4,4,0,1,0,1,2,9,5.7,Jordan Roundtree,https://www.sports-reference.com/cbb/players/jordan-roundtree-1.html,missouri,2019-20
5,98,5,2019-11-21,Missouri,@,South Dakota,REG (Non-Conf),L 56-72,*,34,2,5,.400,1,3,.333,1,2,.500,.500,1,2,.500,1,4,5,3,1,0,3,3,6,3.7,Jordan Roundtree,https://www.sports-reference.com/cbb/players/jordan-roundtree-1.html,missouri,2019-20
6,99,6,2019-11-24,Missouri,,SIU Edwardsville,REG (Non-Conf),W 68-51,*,22,1,4,.250,0,2,.000,1,2,.500,.250,0,0,,0,5,5,2,1,0,0,1,2,3.1,Jordan Roundtree,https://www.sports-reference.com/cbb/players/jordan-roundtree-1.html,missouri,2019-20
7,100,7,2019-11-28,Missouri,@,New Mexico,REG (Non-Conf),L 68-71,*,34,2,4,.500,0,0,,2,4,.500,.500,0,0,,2,4,6,1,0,0,2,2,4,2.5,Jordan Roundtree,https://www.sports-reference.com/cbb/players/jordan-roundtree-1.html,missouri,2019-20
8,101,8,2019-11-29,Missouri,,North Carolina,REG (Non-Conf),L 69-82,*,24,1,2,.500,0,1,.000,1,1,1.000,.500,0,0,,0,1,1,2,0,0,0,1,2,2.3,Jordan Roundtree,https://www.sports-reference.com/cbb/players/jordan-roundtree-1.html,missouri,2019-20
9,102,9,2019-12-05,Missouri,,Saint Louis,REG (Non-Conf),W 83-58,*,22,0,1,.000,0,0,,0,1,.000,.000,2,2,1.000,1,3,4,3,0,0,1,0,2,4.0,Jordan Roundtree,https://www.sports-reference.com/cbb/players/jordan-roundtree-1.html,missouri,2019-20
10,103,10,2019-12-08,Missouri,@,Kansas City,REG (Non-Conf),L 56-59,*,29,3,5,.600,1,2,.500,2,3,.667,.700,0,0,,0,4,4,0,0,0,0,2,7,5.1,Jordan Roundtree,https://www.sports-reference.com/cbb/players/jordan-roundtree-1.html,missouri,2019-20
11,104,11,2019-12-15,Missouri,@,Missouri State,REG (Non-Conf),L 72-79,*,36,3,4,.750,1,1,1.000,2,3,.667,.875,2,2,1.000,0,4,4,0,0,0,2,3,9,5.4,Jordan Roundtree,https://www.sports-reference.com/cbb/players/jordan-roundtree-1.html,missouri,2019-20
12,105,12,2019-12-18,Missouri,,Princeton,REG (Non-Conf),L 33-68,*,24,2,5,.400,0,0,,2,5,.400,.400,0,0,,0,2,2,0,0,0,0,0,4,1.9,Jordan Roundtree,https://www.sports-reference.com/cbb/players/jordan-roundtree-1.html,missouri,2019-20
13,106,13,2019-12-20,Missouri,,Illinois,REG (Non-Conf),L 51-58,*,35,2,6,.333,2,5,.400,0,1,.000,.500,0,0,,0,3,3,2,0,0,1,2,6,3.1,Jordan Roundtree,https://www.sports-reference.com/cbb/players/jordan-roundtree-1.html,missouri,2019-20
14,107,14,2020-01-02,Missouri,@,Tennessee,REG (Conf),L 66-77,*,16,0,1,.000,0,0,,0,1,.000,.000,1,2,.500,0,1,1,2,0,0,1,1,1,0.2,Jordan Roundtree,https://www.sports-reference.com/cbb/players/jordan-roundtree-1.html,missouri,2019-20
15,108,15,2020-01-05,Missouri,,Louisiana State,REG (Conf),W 69-65,*,23,3,6,.500,2,4,.500,1,2,.500,.667,0,0,,0,0,0,0,0,0,1,1,8,3.6,Jordan Roundtree,https://www.sports-reference.com/cbb/players/jordan-roundtree-1.html,missouri,2019-20
16,109,16,2020-01-09,Missouri,,Mississippi State,REG (Conf),L 64-79,*,27,3,8,.375,0,2,.000,3,6,.500,.375,4,6,.667,0,2,2,3,1,0,3,2,10,4.7,Jordan Roundtree,https://www.sports-reference.com/cbb/players/jordan-roundtree-1.html,missouri,2019-20
17,110,17,2020-01-12,Missouri,@,Arkansas,REG (Conf),L 73-90,,15,0,2,.000,0,2,.000,0,0,,.000,2,2,1.000,0,0,0,0,0,0,0,1,2,0.2,Jordan Roundtree,https://www.sports-reference.com/cbb/players/jordan-roundtree-1.html,missouri,2019-20
18,111,18,2020-01-16,Missouri,,South Carolina,REG (Conf),L 45-78,*,28,1,4,.250,0,0,,1,4,.250,.250,4,6,.667,0,3,3,1,1,0,2,0,6,3.4,Jordan Roundtree,https://www.sports-reference.com/cbb/players/jordan-roundtree-1.html,missouri,2019-20
19,112,19,2020-01-19,Missouri,@,Ole Miss,REG (Conf),W 71-57,*,25,1,2,.500,0,1,.000,1,1,1.000,.500,4,5,.800,0,1,1,3,0,0,1,2,6,5.2,Jordan Roundtree,https://www.sports-reference.com/cbb/players/jordan-roundtree-1.html,missouri,2019-20
20,113,20,2020-01-26,Missouri,@,Texas A&M,REG (Conf),L 53-72,*,26,0,4,.000,0,2,.000,0,2,.000,.000,0,0,,0,3,3,1,2,0,1,0,0,-0.2,Jordan Roundtree,https://www.sports-reference.com/cbb/players/jordan-roundtree-1.html,missouri,2019-20
21,114,21,2020-01-30,Missouri,,Kentucky,REG (Conf),L 47-62,*,21,2,4,.500,0,1,.000,2,3,.667,.500,0,0,,1,5,6,0,0,0,0,2,4,3.4,Jordan Roundtree,https://www.sports-reference.com/cbb/players/jordan-roundtree-1.html,missouri,2019-20
22,115,22,2020-02-02,Missouri,,Arkansas,REG (Conf),L 81-85 (OT),*,41,2,9,.222,0,3,.000,2,6,.333,.222,2,2,1.000,1,8,9,3,1,0,2,3,6,3.5,Jordan Roundtree,https://www.sports-reference.com/cbb/players/jordan-roundtree-1.html,missouri,2019-20
23,116,23,2020-02-06,Missouri,@,Georgia,REG (Conf),W 73-65,*,30,3,6,.500,2,3,.667,1,3,.333,.667,0,0,,0,4,4,0,1,0,1,1,8,5.8,Jordan Roundtree,https://www.sports-reference.com/cbb/players/jordan-roundtree-1.html,missouri,2019-20
24,117,24,2020-02-10,Missouri,@,Louisiana State,REG (Conf),L 58-66,*,31,2,6,.333,2,4,.500,0,2,.000,.500,2,2,1.000,0,3,3,1,1,0,1,1,8,5.8,Jordan Roundtree,https://www.sports-reference.com/cbb/players/jordan-roundtree-1.html,missouri,2019-20
25,118,25,2020-02-16,Missouri,,Florida,REG (Conf),L 67-75,*,32,2,5,.400,0,3,.000,2,2,1.000,.400,4,5,.800,0,2,2,2,3,0,3,3,8,5.7,Jordan Roundtree,https://www.sports-reference.com/cbb/players/jordan-roundtree-1.html,missouri,2019-20
26,119,26,2020-02-20,Missouri,@,Vanderbilt,REG (Conf),W 78-66,*,30,2,6,.333,0,3,.000,2,3,.667,.333,6,6,1.000,1,4,5,3,1,0,1,0,10,10.6,Jordan Roundtree,https://www.sports-reference.com/cbb/players/jordan-roundtree-1.html,missouri,2019-20
27,120,27,2020-02-23,Missouri,,Ole Miss,REG (Conf),W 82-67,*,27,1,4,.250,1,4,.250,0,0,,.375,4,4,1.000,0,4,4,1,1,0,2,1,7,5.1,Jordan Roundtree,https://www.sports-reference.com/cbb/players/jordan-roundtree-1.html,missouri,2019-20
28,121,28,2020-02-27,Missouri,,Auburn,REG (Conf),L 82-95,*,26,3,7,.429,1,3,.333,2,4,.500,.500,1,2,.500,0,3,3,1,2,1,6,5,8,0.2,Jordan Roundtree,https://www.sports-reference.com/cbb/players/jordan-roundtree-1.html,missouri,2019-20
29,122,29,2020-03-01,Missouri,@,Alabama,REG (Conf),L 61-73,*,27,1,4,.250,1,3,.333,0,1,.000,.375,0,0,,2,1,3,1,0,0,1,0,3,2.0,Jordan Roundtree,https://www.sports-reference.com/cbb/players/jordan-roundtree-1.html,missouri,2019-20
30,123,30,2020-03-04,Missouri,,Ole Miss,CTOURN,W 64-53,*,25,2,3,.667,0,1,.000,2,2,1.000,.667,1,2,.500,0,8,8,4,1,1,1,1,5,8.8,Jordan Roundtree,https://www.sports-reference.com/cbb/players/jordan-roundtree-1.html,missouri,2019-20
31,124,31,2020-03-05,Missouri,@,Tennessee,CTOURN,L 51-64,*,30,3,6,.500,0,2,.000,3,4,.750,.500,2,2,1.000,2,1,3,1,0,0,1,5,8,4.4,Jordan Roundtree,https://www.sports-reference.com/cbb/players/jordan-roundtree-1.html,missouri,2019-20
