ranker,player_game_num_career,team_game_num_season,date,team_name_abbr,game_location,opp_name_abbr,game_type,game_result,is_starter,mp,fg,fga,fg_pct,fg3,fg3a,fg3_pct,fg2,fg2a,fg2_pct,efg_pct,ft,fta,ft_pct,orb,drb,trb,ast,stl,blk,tov,pf,pts,game_score,player_name,player_sr_link,school,season
1,38,1,2019-11-05,Missouri,,Western Illinois,REG (Non-Conf),W 97-89 (OT),,5,1,1,1.000,0,0,,1,1,1.000,1.000,0,0,,0,0,0,0,0,0,0,0,2,1.7,Nadia Green,https://www.sports-reference.com/cbb/players/nadia-green-1.html,missouri,2019-20
2,39,3,2019-11-13,Missouri,,Northern Iowa,REG (Non-Conf),L 73-78,,6,0,0,,0,0,,0,0,,,2,2,1.000,0,1,1,0,0,0,0,0,2,2.3,Nadia Green,https://www.sports-reference.com/cbb/players/nadia-green-1.html,missouri,2019-20
3,40,4,2019-11-16,Missouri,@,Green Bay,REG (Non-Conf),L 64-72,,14,1,3,.333,0,0,,1,3,.333,.333,2,2,1.000,3,0,3,1,1,0,1,3,4,3.9,Nadia Green,https://www.sports-reference.com/cbb/players/nadia-green-1.html,missouri,2019-20
4,41,5,2019-11-21,Missouri,@,South Dakota,REG (Non-Conf),L 56-72,*,8,0,0,,0,0,,0,0,,,0,0,,0,2,2,0,1,1,1,2,0,0.5,Nadia Green,https://www.sports-reference.com/cbb/players/nadia-green-1.html,missouri,2019-20
5,42,6,2019-11-24,Missouri,,SIU Edwardsville,REG (Non-Conf),W 68-51,*,20,5,8,.625,0,0,,5,8,.625,.625,0,0,,4,4,8,3,0,0,2,2,10,9.7,Nadia Green,https://www.sports-reference.com/cbb/players/nadia-green-1.html,missouri,2019-20
6,43,7,2019-11-28,Missouri,@,New Mexico,REG (Non-Conf),L 68-71,*,16,2,5,.400,0,0,,2,5,.400,.400,1,1,1.000,1,1,2,2,0,0,1,3,5,2.5,Nadia Green,https://www.sports-reference.com/cbb/players/nadia-green-1.html,missouri,2019-20
7,44,8,2019-11-29,Missouri,,North Carolina,REG (Non-Conf),L 69-82,,26,4,6,.667,0,0,,4,6,.667,.667,1,3,.333,2,3,5,1,1,0,3,3,9,5.4,Nadia Green,https://www.sports-reference.com/cbb/players/nadia-green-1.html,missouri,2019-20
8,45,9,2019-12-05,Missouri,,Saint Louis,REG (Non-Conf),W 83-58,,17,2,6,.333,0,0,,2,6,.333,.333,0,0,,1,2,3,3,1,0,0,3,4,3.8,Nadia Green,https://www.sports-reference.com/cbb/players/nadia-green-1.html,missouri,2019-20
9,46,10,2019-12-08,Missouri,@,Kansas City,REG (Non-Conf),L 56-59,,9,2,4,.500,0,0,,2,4,.500,.500,0,1,.000,1,0,1,0,0,0,1,3,4,0.1,Nadia Green,https://www.sports-reference.com/cbb/players/nadia-green-1.html,missouri,2019-20
10,47,11,2019-12-15,Missouri,@,Missouri State,REG (Non-Conf),L 72-79,,12,0,2,.000,0,0,,0,2,.000,.000,2,4,.500,1,1,2,1,1,0,1,2,2,0.7,Nadia Green,https://www.sports-reference.com/cbb/players/nadia-green-1.html,missouri,2019-20
11,48,12,2019-12-18,Missouri,,Princeton,REG (Non-Conf),L 33-68,,24,2,6,.333,0,0,,2,6,.333,.333,1,2,.500,0,2,2,1,1,0,0,1,5,3.1,Nadia Green,https://www.sports-reference.com/cbb/players/nadia-green-1.html,missouri,2019-20
12,49,13,2019-12-20,Missouri,,Illinois,REG (Non-Conf),L 51-58,,6,0,0,,0,0,,0,0,,,0,2,.000,0,0,0,1,0,0,1,1,0,-1.5,Nadia Green,https://www.sports-reference.com/cbb/players/nadia-green-1.html,missouri,2019-20
13,50,14,2020-01-02,Missouri,@,Tennessee,REG (Conf),L 66-77,,13,2,6,.333,0,0,,2,6,.333,.333,0,1,.000,2,3,5,1,0,0,1,1,4,1.8,Nadia Green,https://www.sports-reference.com/cbb/players/nadia-green-1.html,missouri,2019-20
14,51,15,2020-01-05,Missouri,,Louisiana State,REG (Conf),W 69-65,,10,0,1,.000,0,0,,0,1,.000,.000,0,0,,1,0,1,1,1,0,1,5,0,-1.3,Nadia Green,https://www.sports-reference.com/cbb/players/nadia-green-1.html,missouri,2019-20
15,52,16,2020-01-09,Missouri,,Mississippi State,REG (Conf),L 64-79,,23,2,4,.500,0,0,,2,4,.500,.500,5,8,.625,2,1,3,1,3,0,2,3,9,8.0,Nadia Green,https://www.sports-reference.com/cbb/players/nadia-green-1.html,missouri,2019-20
16,53,17,2020-01-12,Missouri,@,Arkansas,REG (Conf),L 73-90,,23,1,2,.500,0,0,,1,2,.500,.500,0,4,.000,0,1,1,2,0,0,1,5,2,-1.9,Nadia Green,https://www.sports-reference.com/cbb/players/nadia-green-1.html,missouri,2019-20
17,54,18,2020-01-16,Missouri,,South Carolina,REG (Conf),L 45-78,,13,2,5,.400,0,0,,2,5,.400,.400,0,3,.000,1,0,1,0,1,0,3,2,4,-2.0,Nadia Green,https://www.sports-reference.com/cbb/players/nadia-green-1.html,missouri,2019-20
18,55,19,2020-01-19,Missouri,@,Ole Miss,REG (Conf),W 71-57,,18,3,4,.750,0,0,,3,4,.750,.750,5,6,.833,0,1,1,1,1,0,1,1,11,9.6,Nadia Green,https://www.sports-reference.com/cbb/players/nadia-green-1.html,missouri,2019-20
19,56,21,2020-01-30,Missouri,,Kentucky,REG (Conf),L 47-62,,16,0,2,.000,0,0,,0,2,.000,.000,0,0,,1,0,1,2,1,0,1,2,0,-0.1,Nadia Green,https://www.sports-reference.com/cbb/players/nadia-green-1.html,missouri,2019-20
20,57,22,2020-02-02,Missouri,,Arkansas,REG (Conf),L 81-85 (OT),,16,4,5,.800,0,0,,4,5,.800,.800,1,1,1.000,2,1,3,0,0,0,0,1,9,8.4,Nadia Green,https://www.sports-reference.com/cbb/players/nadia-green-1.html,missouri,2019-20
21,58,23,2020-02-06,Missouri,@,Georgia,REG (Conf),W 73-65,,11,1,2,.500,0,0,,1,2,.500,.500,0,0,,0,1,1,1,0,1,2,2,2,-0.1,Nadia Green,https://www.sports-reference.com/cbb/players/nadia-green-1.html,missouri,2019-20
22,59,24,2020-02-10,Missouri,@,Louisiana State,REG (Conf),L 58-66,,14,2,2,1.000,0,0,,2,2,1.000,1.000,0,0,,0,0,0,1,1,0,0,4,4,3.5,Nadia Green,https://www.sports-reference.com/cbb/players/nadia-green-1.html,missouri,2019-20
23,60,25,2020-02-16,Missouri,,Florida,REG (Conf),L 67-75,,10,2,3,.667,0,0,,2,3,.667,.667,0,0,,0,1,1,1,0,1,0,1,4,4.0,Nadia Green,https://www.sports-reference.com/cbb/players/nadia-green-1.html,missouri,2019-20
24,61,26,2020-02-20,Missouri,@,Vanderbilt,REG (Conf),W 78-66,,11,3,4,.750,0,0,,3,4,.750,.750,0,1,.000,0,0,0,0,2,0,1,0,6,5.0,Nadia Green,https://www.sports-reference.com/cbb/players/nadia-green-1.html,missouri,2019-20
25,62,27,2020-02-23,Missouri,,Ole Miss,REG (Conf),W 82-67,,16,4,4,1.000,0,0,,4,4,1.000,1.000,0,0,,1,0,1,0,2,0,2,5,8,5.5,Nadia Green,https://www.sports-reference.com/cbb/players/nadia-green-1.html,missouri,2019-20
26,63,28,2020-02-27,Missouri,,Auburn,REG (Conf),L 82-95,,22,3,3,1.000,0,0,,3,3,1.000,1.000,5,8,.625,1,2,3,3,4,0,2,3,11,13.1,Nadia Green,https://www.sports-reference.com/cbb/players/nadia-green-1.html,missouri,2019-20
27,64,29,2020-03-01,Missouri,@,Alabama,REG (Conf),L 61-73,,12,1,2,.500,0,0,,1,2,.500,.500,2,2,1.000,0,3,3,2,0,0,0,5,4,3.3,Nadia Green,https://www.sports-reference.com/cbb/players/nadia-green-1.html,missouri,2019-20
28,65,30,2020-03-04,Missouri,,Ole Miss,CTOURN,W 64-53,,19,1,2,.500,0,1,.000,1,1,1.000,.500,1,4,.250,0,1,1,2,0,0,1,1,3,1.1,Nadia Green,https://www.sports-reference.com/cbb/players/nadia-green-1.html,missouri,2019-20
29,66,31,2020-03-05,Missouri,@,Tennessee,CTOURN,L 51-64,,11,0,1,.000,0,0,,0,1,.000,.000,0,0,,0,0,0,0,0,1,3,1,0,-3.4,Nadia Green,https://www.sports-reference.com/cbb/players/nadia-green-1.html,missouri,2019-20
