ranker,player_game_num_career,team_game_num_season,date,team_name_abbr,game_location,opp_name_abbr,game_type,game_result,is_starter,mp,fg,fga,fg_pct,fg3,fg3a,fg3_pct,fg2,fg2a,fg2_pct,efg_pct,ft,fta,ft_pct,orb,drb,trb,ast,stl,blk,tov,pf,pts,game_score,player_name,player_sr_link,school,season
1,106,1,2024-11-04,Vanderbilt,,Lipscomb,REG (Non-Conf),W 102-50,*,23,3,4,.750,0,0,,3,4,.750,.750,0,0,,1,5,6,3,1,0,1,2,6,7.9,Jane Nwaba,https://www.sports-reference.com/cbb/players/jane-nwaba-1.html,vanderbilt,2024-25
2,107,2,2024-11-08,Vanderbilt,,Austin Peay,REG (Non-Conf),W 93-37,*,21,4,10,.400,0,2,.000,4,8,.500,.400,1,1,1.000,3,0,3,2,2,2,0,1,9,10.1,Jane Nwaba,https://www.sports-reference.com/cbb/players/jane-nwaba-1.html,vanderbilt,2024-25
3,108,3,2024-11-14,Vanderbilt,@,South Florida,REG (Non-Conf),W 62-49,*,23,2,7,.286,0,2,.000,2,5,.400,.286,0,0,,0,3,3,1,1,0,1,1,4,1.1,Jane Nwaba,https://www.sports-reference.com/cbb/players/jane-nwaba-1.html,vanderbilt,2024-25
4,109,4,2024-11-17,Vanderbilt,,Butler,REG (Non-Conf),W 81-52,*,26,3,4,.750,3,3,1.000,0,1,.000,1.125,0,0,,2,2,4,1,1,1,2,2,9,9.0,Jane Nwaba,https://www.sports-reference.com/cbb/players/jane-nwaba-1.html,vanderbilt,2024-25
5,110,5,2024-11-20,Vanderbilt,,Hampton,REG (Non-Conf),W 94-45,*,16,3,5,.600,0,2,.000,3,3,1.000,.600,2,2,1.000,0,1,1,1,1,3,2,0,8,7.8,Jane Nwaba,https://www.sports-reference.com/cbb/players/jane-nwaba-1.html,vanderbilt,2024-25
6,111,6,2024-11-22,Vanderbilt,,Samford,REG (Non-Conf),W 104-59,*,14,3,5,.600,0,0,,3,5,.600,.600,2,3,.667,2,1,3,0,1,0,0,1,8,7.6,Jane Nwaba,https://www.sports-reference.com/cbb/players/jane-nwaba-1.html,vanderbilt,2024-25
7,112,7,2024-11-26,Vanderbilt,N,Arizona,REG (Non-Conf),W 71-60,,4,0,0,,0,0,,0,0,,,1,2,.500,0,0,0,0,0,0,1,1,1,-0.8,Jane Nwaba,https://www.sports-reference.com/cbb/players/jane-nwaba-1.html,vanderbilt,2024-25
8,113,8,2024-11-27,Vanderbilt,N,Michigan State,REG (Non-Conf),L 70-78,,3,0,0,,0,0,,0,0,,,0,0,,0,0,0,0,0,0,1,0,0,-1.0,Jane Nwaba,https://www.sports-reference.com/cbb/players/jane-nwaba-1.html,vanderbilt,2024-25
9,114,9,2024-12-01,Vanderbilt,,Appalachian State,REG (Non-Conf),W 94-40,*,22,4,5,.800,2,2,1.000,2,3,.667,1.000,2,2,1.000,2,3,5,1,2,1,0,1,12,15.4,Jane Nwaba,https://www.sports-reference.com/cbb/players/jane-nwaba-1.html,vanderbilt,2024-25
10,115,10,2024-12-04,Vanderbilt,@,Miami (FL),REG (Non-Conf),W 88-70,*,9,1,3,.333,0,2,.000,1,1,1.000,.333,0,0,,1,0,1,1,0,0,0,2,2,0.9,Jane Nwaba,https://www.sports-reference.com/cbb/players/jane-nwaba-1.html,vanderbilt,2024-25
11,116,11,2024-12-14,Vanderbilt,,Evansville,REG (Non-Conf),W 106-40,*,16,1,5,.200,0,3,.000,1,2,.500,.200,0,0,,1,0,1,2,1,0,0,0,2,2.0,Jane Nwaba,https://www.sports-reference.com/cbb/players/jane-nwaba-1.html,vanderbilt,2024-25
12,117,12,2024-12-19,Vanderbilt,@,Dayton,REG (Non-Conf),W 80-66,*,12,1,2,.500,0,1,.000,1,1,1.000,.500,1,1,1.000,1,1,2,0,0,0,0,0,3,3.0,Jane Nwaba,https://www.sports-reference.com/cbb/players/jane-nwaba-1.html,vanderbilt,2024-25
13,118,13,2024-12-21,Vanderbilt,,West Georgia,REG (Non-Conf),W 103-68,*,15,2,2,1.000,1,1,1.000,1,1,1.000,1.250,0,0,,1,1,2,1,1,0,1,1,5,5.7,Jane Nwaba,https://www.sports-reference.com/cbb/players/jane-nwaba-1.html,vanderbilt,2024-25
14,119,14,2024-12-29,Vanderbilt,,Alabama A&M,REG (Non-Conf),W 93-64,*,19,3,4,.750,0,1,.000,3,3,1.000,.750,3,3,1.000,1,2,3,2,0,0,1,2,9,8.3,Jane Nwaba,https://www.sports-reference.com/cbb/players/jane-nwaba-1.html,vanderbilt,2024-25
15,120,15,2025-01-02,Vanderbilt,,Georgia,REG (Conf),W 108-82,*,27,3,8,.375,2,4,.500,1,4,.250,.500,2,2,1.000,1,3,4,4,0,0,2,2,10,7.2,Jane Nwaba,https://www.sports-reference.com/cbb/players/jane-nwaba-1.html,vanderbilt,2024-25
16,121,16,2025-01-05,Vanderbilt,,Kentucky,REG (Conf),L 78-96,*,16,1,5,.200,1,3,.333,0,2,.000,.300,3,4,.750,3,1,4,0,0,0,0,3,6,3.7,Jane Nwaba,https://www.sports-reference.com/cbb/players/jane-nwaba-1.html,vanderbilt,2024-25
17,122,17,2025-01-09,Vanderbilt,@,Ole Miss,REG (Conf),L 59-87,*,11,1,1,1.000,0,0,,1,1,1.000,1.000,0,0,,0,0,0,0,1,0,1,0,2,1.7,Jane Nwaba,https://www.sports-reference.com/cbb/players/jane-nwaba-1.html,vanderbilt,2024-25
18,123,18,2025-01-13,Vanderbilt,@,Louisiana State,REG (Conf),L 77-83,*,18,1,3,.333,0,0,,1,3,.333,.333,2,2,1.000,0,1,1,2,3,0,1,3,4,4.8,Jane Nwaba,https://www.sports-reference.com/cbb/players/jane-nwaba-1.html,vanderbilt,2024-25
19,124,19,2025-01-19,Vanderbilt,,Tennessee,REG (Conf),W 71-70,*,14,1,5,.200,0,1,.000,1,4,.250,.200,0,0,,2,4,6,1,1,0,1,2,2,1.4,Jane Nwaba,https://www.sports-reference.com/cbb/players/jane-nwaba-1.html,vanderbilt,2024-25
20,125,20,2025-01-23,Vanderbilt,,Arkansas,REG (Conf),W 101-60,*,18,5,8,.625,3,4,.750,2,4,.500,.813,0,0,,1,1,2,0,2,0,0,1,13,12.0,Jane Nwaba,https://www.sports-reference.com/cbb/players/jane-nwaba-1.html,vanderbilt,2024-25
21,126,21,2025-01-26,Vanderbilt,@,Alabama,REG (Conf),W 66-64,*,17,2,3,.667,1,1,1.000,1,2,.500,.833,0,2,.000,2,0,2,0,0,0,0,0,5,4.3,Jane Nwaba,https://www.sports-reference.com/cbb/players/jane-nwaba-1.html,vanderbilt,2024-25
22,127,22,2025-01-30,Vanderbilt,@,Florida,REG (Conf),W 99-86,*,8,0,1,.000,0,1,.000,0,0,,.000,0,0,,1,0,1,1,1,0,0,1,0,1.3,Jane Nwaba,https://www.sports-reference.com/cbb/players/jane-nwaba-1.html,vanderbilt,2024-25
23,128,23,2025-02-02,Vanderbilt,,Ole Miss,REG (Conf),L 61-76,*,9,0,0,,0,0,,0,0,,,0,0,,0,1,1,1,0,0,1,1,0,-0.4,Jane Nwaba,https://www.sports-reference.com/cbb/players/jane-nwaba-1.html,vanderbilt,2024-25
24,129,24,2025-02-06,Vanderbilt,@,Texas,REG (Conf),L 66-87,*,18,0,4,.000,0,1,.000,0,3,.000,.000,2,4,.500,2,1,3,0,0,0,1,1,2,-1.3,Jane Nwaba,https://www.sports-reference.com/cbb/players/jane-nwaba-1.html,vanderbilt,2024-25
25,130,25,2025-02-13,Vanderbilt,,Mississippi State,REG (Conf),L 77-85 (2OT),*,6,0,1,.000,0,1,.000,0,0,,.000,0,0,,1,1,2,1,0,0,0,0,0,1.0,Jane Nwaba,https://www.sports-reference.com/cbb/players/jane-nwaba-1.html,vanderbilt,2024-25
26,131,26,2025-02-16,Vanderbilt,@,Auburn,REG (Conf),W 98-88 (OT),*,10,0,1,.000,0,0,,0,1,.000,.000,0,0,,1,1,2,0,0,0,1,3,0,-1.9,Jane Nwaba,https://www.sports-reference.com/cbb/players/jane-nwaba-1.html,vanderbilt,2024-25
27,132,27,2025-02-20,Vanderbilt,@,Oklahoma,REG (Conf),L 81-101,*,19,2,3,.667,2,2,1.000,0,1,.000,1.000,0,0,,0,2,2,1,2,0,1,1,6,6.6,Jane Nwaba,https://www.sports-reference.com/cbb/players/jane-nwaba-1.html,vanderbilt,2024-25
28,133,28,2025-02-23,Vanderbilt,,South Carolina,REG (Conf),L 54-82,*,5,0,0,,0,0,,0,0,,,0,0,,0,1,1,0,0,0,0,1,0,-0.1,Jane Nwaba,https://www.sports-reference.com/cbb/players/jane-nwaba-1.html,vanderbilt,2024-25
29,134,29,2025-02-27,Vanderbilt,,Texas A&M,REG (Conf),W 91-58,*,13,1,4,.250,1,3,.333,0,1,.000,.375,2,2,1.000,2,1,3,1,0,0,0,1,5,4.6,Jane Nwaba,https://www.sports-reference.com/cbb/players/jane-nwaba-1.html,vanderbilt,2024-25
30,135,30,2025-03-02,Vanderbilt,@,Missouri,REG (Conf),W 100-59,*,7,2,3,.667,1,2,.500,1,1,1.000,.833,0,0,,1,0,1,0,0,0,0,0,5,4.4,Jane Nwaba,https://www.sports-reference.com/cbb/players/jane-nwaba-1.html,vanderbilt,2024-25
31,136,31,2025-03-06,Vanderbilt,N,Tennessee,CTOURN,W 84-76,*,28,3,7,.429,1,3,.333,2,4,.500,.500,0,0,,3,3,6,1,0,0,0,1,7,6.6,Jane Nwaba,https://www.sports-reference.com/cbb/players/jane-nwaba-1.html,vanderbilt,2024-25
32,137,32,2025-03-07,Vanderbilt,N,South Carolina,CTOURN,L 63-84,*,16,1,2,.500,0,1,.000,1,1,1.000,.500,0,0,,1,2,3,0,0,0,2,0,2,0.3,Jane Nwaba,https://www.sports-reference.com/cbb/players/jane-nwaba-1.html,vanderbilt,2024-25
33,138,33,2025-03-21,Vanderbilt,N,Oregon,ROUND-64,L 73-77 (OT),*,10,1,2,.500,0,1,.000,1,1,1.000,.500,0,0,,1,1,2,0,0,0,0,0,2,2.0,Jane Nwaba,https://www.sports-reference.com/cbb/players/jane-nwaba-1.html,vanderbilt,2024-25
