ranker,player_game_num_career,team_game_num_season,date,team_name_abbr,game_location,opp_name_abbr,game_type,game_result,is_starter,mp,fg,fga,fg_pct,fg3,fg3a,fg3_pct,fg2,fg2a,fg2_pct,efg_pct,ft,fta,ft_pct,orb,drb,trb,ast,stl,blk,tov,pf,pts,game_score,player_name,player_sr_link,school,season
1,85,1,2019-11-10,Georgia Southern,@,Furman,REG (Non-Conf),L 63-78,,9,1,3,.333,0,0,,1,3,.333,.333,0,0,,0,1,1,1,3,0,1,4,2,1.7,Alexis Brown,https://www.sports-reference.com/cbb/players/alexis-brown-3.html,georgia-southern,2019-20
2,86,2,2019-11-17,Georgia Southern,,Kennesaw State,REG (Non-Conf),L 69-95,*,19,3,8,.375,0,1,.000,3,7,.429,.375,3,3,1.000,1,4,5,0,2,0,1,2,9,6.7,Alexis Brown,https://www.sports-reference.com/cbb/players/alexis-brown-3.html,georgia-southern,2019-20
3,87,3,2019-11-20,Georgia Southern,,North Dakota,REG (Non-Conf),L 56-69,*,23,3,9,.333,1,4,.250,2,5,.400,.389,4,4,1.000,0,6,6,0,0,0,1,3,11,5.5,Alexis Brown,https://www.sports-reference.com/cbb/players/alexis-brown-3.html,georgia-southern,2019-20
4,88,4,2019-11-23,Georgia Southern,@,Bethune-Cookman,REG (Non-Conf),L 57-75,,16,4,8,.500,2,4,.500,2,4,.500,.625,5,6,.833,0,2,2,1,1,0,0,3,15,11.7,Alexis Brown,https://www.sports-reference.com/cbb/players/alexis-brown-3.html,georgia-southern,2019-20
5,89,5,2019-11-26,Georgia Southern,@,Winthrop,REG (Non-Conf),W 91-47,*,36,5,12,.417,4,8,.500,1,4,.250,.583,6,6,1.000,2,7,9,3,0,0,1,2,20,17.4,Alexis Brown,https://www.sports-reference.com/cbb/players/alexis-brown-3.html,georgia-southern,2019-20
6,90,6,2019-12-01,Georgia Southern,@,Wofford,REG (Non-Conf),W 70-57,*,30,4,11,.364,2,5,.400,2,6,.333,.455,9,9,1.000,2,8,10,0,2,0,3,0,19,15.7,Alexis Brown,https://www.sports-reference.com/cbb/players/alexis-brown-3.html,georgia-southern,2019-20
7,91,7,2019-12-07,Georgia Southern,@,Mercer,REG (Non-Conf),L 52-62,*,24,4,13,.308,1,4,.250,3,9,.333,.346,3,3,1.000,1,0,1,0,0,0,0,4,12,3.6,Alexis Brown,https://www.sports-reference.com/cbb/players/alexis-brown-3.html,georgia-southern,2019-20
8,92,8,2019-12-16,Georgia Southern,@,Ole Miss,REG (Non-Conf),L 66-69 (OT),*,27,1,5,.200,0,1,.000,1,4,.250,.200,4,4,1.000,1,2,3,1,2,0,3,5,6,1.9,Alexis Brown,https://www.sports-reference.com/cbb/players/alexis-brown-3.html,georgia-southern,2019-20
9,93,9,2019-12-19,Georgia Southern,@,Kent State,REG (Non-Conf),L 48-62,*,21,5,9,.556,1,3,.333,4,6,.667,.611,1,1,1.000,0,2,2,2,1,0,2,2,12,7.9,Alexis Brown,https://www.sports-reference.com/cbb/players/alexis-brown-3.html,georgia-southern,2019-20
10,94,10,2019-12-20,Georgia Southern,,St. Francis Brooklyn,REG (Non-Conf),W 78-47,,12,2,5,.400,0,3,.000,2,2,1.000,.400,0,0,,1,3,4,1,1,1,4,2,4,0.5,Alexis Brown,https://www.sports-reference.com/cbb/players/alexis-brown-3.html,georgia-southern,2019-20
11,95,11,2019-12-30,Georgia Southern,@,Tulane,REG (Non-Conf),L 40-56,,21,2,11,.182,1,3,.333,1,8,.125,.227,0,0,,2,1,3,2,1,0,0,2,5,1.4,Alexis Brown,https://www.sports-reference.com/cbb/players/alexis-brown-3.html,georgia-southern,2019-20
12,96,12,2020-01-02,Georgia Southern,,Louisiana–Monroe,REG (Conf),W 64-47,,27,6,9,.667,3,6,.500,3,3,1.000,.833,0,0,,1,0,1,5,1,1,1,1,15,15.6,Alexis Brown,https://www.sports-reference.com/cbb/players/alexis-brown-3.html,georgia-southern,2019-20
13,97,13,2020-01-04,Georgia Southern,,Louisiana,REG (Conf),W 83-67,,20,6,13,.462,4,8,.500,2,5,.400,.615,0,0,,2,4,6,3,0,0,2,3,16,10.8,Alexis Brown,https://www.sports-reference.com/cbb/players/alexis-brown-3.html,georgia-southern,2019-20
14,98,14,2020-01-09,Georgia Southern,@,Little Rock,REG (Conf),L 46-58,,21,2,2,1.000,0,0,,2,2,1.000,1.000,2,3,.667,1,0,1,1,2,0,1,1,6,7.0,Alexis Brown,https://www.sports-reference.com/cbb/players/alexis-brown-3.html,georgia-southern,2019-20
15,99,15,2020-01-11,Georgia Southern,@,Arkansas State,REG (Conf),L 62-69,,13,2,5,.400,1,3,.333,1,2,.500,.500,2,2,1.000,0,1,1,3,1,0,2,1,7,5.3,Alexis Brown,https://www.sports-reference.com/cbb/players/alexis-brown-3.html,georgia-southern,2019-20
16,100,16,2020-01-16,Georgia Southern,,Troy,REG (Conf),L 69-79,*,29,7,12,.583,2,3,.667,5,9,.556,.667,7,10,.700,0,10,10,3,2,0,5,2,23,17.5,Alexis Brown,https://www.sports-reference.com/cbb/players/alexis-brown-3.html,georgia-southern,2019-20
17,101,17,2020-01-18,Georgia Southern,,South Alabama,REG (Conf),L 65-71,*,26,3,9,.333,0,4,.000,3,5,.600,.333,3,5,.600,1,5,6,1,0,0,6,4,9,-1.6,Alexis Brown,https://www.sports-reference.com/cbb/players/alexis-brown-3.html,georgia-southern,2019-20
18,102,18,2020-01-25,Georgia Southern,,Georgia State,REG (Conf),W 81-56,*,22,2,5,.400,2,4,.500,0,1,.000,.600,2,2,1.000,1,3,4,4,1,0,2,1,8,8.3,Alexis Brown,https://www.sports-reference.com/cbb/players/alexis-brown-3.html,georgia-southern,2019-20
19,103,19,2020-01-30,Georgia Southern,@,Coastal Carolina,REG (Conf),L 59-66,*,34,5,12,.417,2,6,.333,3,6,.500,.500,3,3,1.000,3,2,5,1,4,0,3,0,15,13.0,Alexis Brown,https://www.sports-reference.com/cbb/players/alexis-brown-3.html,georgia-southern,2019-20
20,104,20,2020-02-01,Georgia Southern,@,Appalachian State,REG (Conf),L 75-83,*,33,4,13,.308,2,8,.250,2,5,.400,.385,3,4,.750,2,5,7,5,3,0,3,0,13,11.5,Alexis Brown,https://www.sports-reference.com/cbb/players/alexis-brown-3.html,georgia-southern,2019-20
21,105,21,2020-02-06,Georgia Southern,,Little Rock,REG (Conf),L 49-65,*,18,3,8,.375,2,4,.500,1,4,.250,.500,1,2,.500,0,1,1,2,1,0,2,3,9,3.7,Alexis Brown,https://www.sports-reference.com/cbb/players/alexis-brown-3.html,georgia-southern,2019-20
22,106,22,2020-02-08,Georgia Southern,,Arkansas State,REG (Conf),W 80-67,*,31,3,8,.375,0,3,.000,3,5,.600,.375,2,2,1.000,1,10,11,4,2,0,2,0,8,10.1,Alexis Brown,https://www.sports-reference.com/cbb/players/alexis-brown-3.html,georgia-southern,2019-20
23,107,23,2020-02-13,Georgia Southern,@,Louisiana–Monroe,REG (Conf),W 72-66,*,23,3,8,.375,0,2,.000,3,6,.500,.375,3,3,1.000,0,10,10,1,2,0,2,1,9,7.9,Alexis Brown,https://www.sports-reference.com/cbb/players/alexis-brown-3.html,georgia-southern,2019-20
24,108,24,2020-02-15,Georgia Southern,@,Louisiana,REG (Conf),L 60-72,*,23,5,9,.556,0,1,.000,5,8,.625,.556,1,2,.500,0,5,5,3,1,0,4,2,11,6.1,Alexis Brown,https://www.sports-reference.com/cbb/players/alexis-brown-3.html,georgia-southern,2019-20
25,109,25,2020-02-20,Georgia Southern,,Coastal Carolina,REG (Conf),L 74-90,*,27,3,16,.188,1,9,.111,2,7,.286,.219,4,4,1.000,2,4,6,4,0,0,3,4,11,1.8,Alexis Brown,https://www.sports-reference.com/cbb/players/alexis-brown-3.html,georgia-southern,2019-20
26,110,26,2020-02-22,Georgia Southern,,Appalachian State,REG (Conf),W 78-70,*,30,5,9,.556,3,5,.600,2,4,.500,.722,3,3,1.000,1,8,9,2,1,0,2,2,16,14.4,Alexis Brown,https://www.sports-reference.com/cbb/players/alexis-brown-3.html,georgia-southern,2019-20
27,111,27,2020-02-27,Georgia Southern,@,Texas State,REG (Conf),L 68-72,*,29,2,5,.400,2,2,1.000,0,3,.000,.600,0,0,,2,1,3,5,1,0,1,3,6,7.3,Alexis Brown,https://www.sports-reference.com/cbb/players/alexis-brown-3.html,georgia-southern,2019-20
28,112,28,2020-02-29,Georgia Southern,@,UT Arlington,REG (Conf),L 73-101,*,30,8,15,.533,4,7,.571,4,8,.500,.667,3,3,1.000,1,2,3,2,1,0,5,2,23,13.6,Alexis Brown,https://www.sports-reference.com/cbb/players/alexis-brown-3.html,georgia-southern,2019-20
29,113,29,2020-03-07,Georgia Southern,@,Georgia State,REG (Conf),W 77-74,*,20,1,5,.200,1,2,.500,0,3,.000,.300,7,8,.875,1,3,4,1,0,0,1,1,10,7.4,Alexis Brown,https://www.sports-reference.com/cbb/players/alexis-brown-3.html,georgia-southern,2019-20
30,114,30,2020-03-10,Georgia Southern,@,Louisiana,CTOURN,L 64-81,*,23,4,9,.444,2,4,.500,2,5,.400,.556,2,3,.667,1,1,2,3,0,0,1,3,12,7.8,Alexis Brown,https://www.sports-reference.com/cbb/players/alexis-brown-3.html,georgia-southern,2019-20
