ranker,player_game_num_career,team_game_num_season,date,team_name_abbr,game_location,opp_name_abbr,game_type,game_result,is_starter,mp,fg,fga,fg_pct,fg3,fg3a,fg3_pct,fg2,fg2a,fg2_pct,efg_pct,ft,fta,ft_pct,orb,drb,trb,ast,stl,blk,tov,pf,pts,game_score,player_name,player_sr_link,school,season
1,88,1,2019-11-10,Georgia Southern,@,Furman,REG (Non-Conf),L 63-78,*,19,1,5,.200,0,0,,1,5,.200,.200,0,0,,0,2,2,3,1,0,3,3,2,-1.6,Amira Atwater,https://www.sports-reference.com/cbb/players/amira-atwater-1.html,georgia-southern,2019-20
2,89,2,2019-11-17,Georgia Southern,,Kennesaw State,REG (Non-Conf),L 69-95,,13,2,4,.500,0,0,,2,4,.500,.500,0,0,,0,0,0,3,2,0,2,0,4,4.1,Amira Atwater,https://www.sports-reference.com/cbb/players/amira-atwater-1.html,georgia-southern,2019-20
3,90,3,2019-11-20,Georgia Southern,,North Dakota,REG (Non-Conf),L 56-69,*,26,3,8,.375,0,0,,3,8,.375,.375,0,2,.000,1,1,2,3,1,0,3,1,6,1.5,Amira Atwater,https://www.sports-reference.com/cbb/players/amira-atwater-1.html,georgia-southern,2019-20
4,91,4,2019-11-23,Georgia Southern,@,Bethune-Cookman,REG (Non-Conf),L 57-75,*,19,0,1,.000,0,0,,0,1,.000,.000,1,2,.500,0,1,1,1,2,0,1,3,1,0.7,Amira Atwater,https://www.sports-reference.com/cbb/players/amira-atwater-1.html,georgia-southern,2019-20
5,92,5,2019-11-26,Georgia Southern,@,Winthrop,REG (Non-Conf),W 91-47,*,35,2,5,.400,1,1,1.000,1,4,.250,.500,0,0,,0,0,0,4,2,0,3,0,5,4.1,Amira Atwater,https://www.sports-reference.com/cbb/players/amira-atwater-1.html,georgia-southern,2019-20
6,93,6,2019-12-01,Georgia Southern,@,Wofford,REG (Non-Conf),W 70-57,*,26,4,7,.571,0,1,.000,4,6,.667,.571,2,2,1.000,0,1,1,3,2,0,3,2,10,7.3,Amira Atwater,https://www.sports-reference.com/cbb/players/amira-atwater-1.html,georgia-southern,2019-20
7,94,7,2019-12-07,Georgia Southern,@,Mercer,REG (Non-Conf),L 52-62,*,20,1,5,.200,0,0,,1,5,.200,.200,1,2,.500,0,1,1,3,0,0,2,0,3,-0.1,Amira Atwater,https://www.sports-reference.com/cbb/players/amira-atwater-1.html,georgia-southern,2019-20
8,95,8,2019-12-16,Georgia Southern,@,Ole Miss,REG (Non-Conf),L 66-69 (OT),*,41,0,5,.000,0,2,.000,0,3,.000,.000,0,2,.000,1,3,4,10,2,0,1,1,0,4.9,Amira Atwater,https://www.sports-reference.com/cbb/players/amira-atwater-1.html,georgia-southern,2019-20
9,96,9,2019-12-19,Georgia Southern,@,Kent State,REG (Non-Conf),L 48-62,*,20,2,7,.286,0,3,.000,2,4,.500,.286,0,0,,0,4,4,0,0,0,3,1,4,-2.3,Amira Atwater,https://www.sports-reference.com/cbb/players/amira-atwater-1.html,georgia-southern,2019-20
10,97,10,2019-12-20,Georgia Southern,,St. Francis Brooklyn,REG (Non-Conf),W 78-47,,16,2,5,.400,1,2,.500,1,3,.333,.500,0,0,,0,1,1,2,1,0,2,2,5,2.2,Amira Atwater,https://www.sports-reference.com/cbb/players/amira-atwater-1.html,georgia-southern,2019-20
11,98,11,2019-12-30,Georgia Southern,@,Tulane,REG (Non-Conf),L 40-56,,19,0,1,.000,0,1,.000,0,0,,.000,0,0,,0,3,3,2,2,1,2,2,0,1.5,Amira Atwater,https://www.sports-reference.com/cbb/players/amira-atwater-1.html,georgia-southern,2019-20
12,99,12,2020-01-02,Georgia Southern,,Louisiana–Monroe,REG (Conf),W 64-47,,9,1,5,.200,0,2,.000,1,3,.333,.200,0,0,,1,0,1,1,1,0,1,2,2,-0.5,Amira Atwater,https://www.sports-reference.com/cbb/players/amira-atwater-1.html,georgia-southern,2019-20
13,100,13,2020-01-04,Georgia Southern,,Louisiana,REG (Conf),W 83-67,,29,1,3,.333,1,2,.500,0,1,.000,.500,1,2,.500,0,3,3,5,0,0,2,0,4,4.3,Amira Atwater,https://www.sports-reference.com/cbb/players/amira-atwater-1.html,georgia-southern,2019-20
14,101,14,2020-01-09,Georgia Southern,@,Little Rock,REG (Conf),L 46-58,,25,3,10,.300,0,5,.000,3,5,.600,.300,0,0,,0,0,0,2,0,0,5,1,6,-3.8,Amira Atwater,https://www.sports-reference.com/cbb/players/amira-atwater-1.html,georgia-southern,2019-20
15,102,15,2020-01-11,Georgia Southern,@,Arkansas State,REG (Conf),L 62-69,,12,1,3,.333,0,1,.000,1,2,.500,.333,0,0,,1,1,2,0,0,0,3,0,2,-1.7,Amira Atwater,https://www.sports-reference.com/cbb/players/amira-atwater-1.html,georgia-southern,2019-20
16,103,16,2020-01-16,Georgia Southern,,Troy,REG (Conf),L 69-79,,6,0,0,,0,0,,0,0,,,0,0,,0,0,0,0,0,0,1,0,0,-1.0,Amira Atwater,https://www.sports-reference.com/cbb/players/amira-atwater-1.html,georgia-southern,2019-20
17,104,17,2020-01-18,Georgia Southern,,South Alabama,REG (Conf),L 65-71,,6,0,3,.000,0,1,.000,0,2,.000,.000,0,0,,0,0,0,0,1,0,0,0,0,-1.1,Amira Atwater,https://www.sports-reference.com/cbb/players/amira-atwater-1.html,georgia-southern,2019-20
18,105,18,2020-01-25,Georgia Southern,,Georgia State,REG (Conf),W 81-56,,15,2,2,1.000,0,0,,2,2,1.000,1.000,0,0,,0,1,1,4,1,0,3,0,4,4.5,Amira Atwater,https://www.sports-reference.com/cbb/players/amira-atwater-1.html,georgia-southern,2019-20
19,106,19,2020-01-30,Georgia Southern,@,Coastal Carolina,REG (Conf),L 59-66,,18,1,5,.200,1,3,.333,0,2,.000,.300,0,0,,0,1,1,2,2,0,4,0,3,-0.4,Amira Atwater,https://www.sports-reference.com/cbb/players/amira-atwater-1.html,georgia-southern,2019-20
20,107,20,2020-02-01,Georgia Southern,@,Appalachian State,REG (Conf),L 75-83,,9,1,1,1.000,1,1,1.000,0,0,,1.500,0,0,,0,1,1,4,0,0,1,1,3,4.4,Amira Atwater,https://www.sports-reference.com/cbb/players/amira-atwater-1.html,georgia-southern,2019-20
21,108,21,2020-02-06,Georgia Southern,,Little Rock,REG (Conf),L 49-65,,11,0,1,.000,0,0,,0,1,.000,.000,0,0,,0,1,1,2,2,0,0,0,0,3.0,Amira Atwater,https://www.sports-reference.com/cbb/players/amira-atwater-1.html,georgia-southern,2019-20
22,109,22,2020-02-08,Georgia Southern,,Arkansas State,REG (Conf),W 80-67,,16,2,2,1.000,0,0,,2,2,1.000,1.000,4,6,.667,0,1,1,1,0,0,4,1,8,3.2,Amira Atwater,https://www.sports-reference.com/cbb/players/amira-atwater-1.html,georgia-southern,2019-20
23,110,23,2020-02-13,Georgia Southern,@,Louisiana–Monroe,REG (Conf),W 72-66,,9,2,3,.667,0,1,.000,2,2,1.000,.667,0,0,,0,0,0,4,2,0,1,0,4,6.5,Amira Atwater,https://www.sports-reference.com/cbb/players/amira-atwater-1.html,georgia-southern,2019-20
24,111,24,2020-02-15,Georgia Southern,@,Louisiana,REG (Conf),L 60-72,,7,0,0,,0,0,,0,0,,,0,0,,0,0,0,1,0,0,1,0,0,-0.3,Amira Atwater,https://www.sports-reference.com/cbb/players/amira-atwater-1.html,georgia-southern,2019-20
25,112,25,2020-02-20,Georgia Southern,,Coastal Carolina,REG (Conf),L 74-90,,13,0,5,.000,0,0,,0,5,.000,.000,0,0,,1,0,1,1,0,0,0,2,0,-2.9,Amira Atwater,https://www.sports-reference.com/cbb/players/amira-atwater-1.html,georgia-southern,2019-20
26,113,26,2020-02-22,Georgia Southern,,Appalachian State,REG (Conf),W 78-70,*,34,3,6,.500,0,1,.000,3,5,.600,.500,3,6,.500,0,4,4,8,0,0,4,1,9,7.2,Amira Atwater,https://www.sports-reference.com/cbb/players/amira-atwater-1.html,georgia-southern,2019-20
27,114,27,2020-02-27,Georgia Southern,@,Texas State,REG (Conf),L 68-72,,20,1,5,.200,0,1,.000,1,4,.250,.200,0,0,,0,1,1,4,0,1,3,1,2,-0.7,Amira Atwater,https://www.sports-reference.com/cbb/players/amira-atwater-1.html,georgia-southern,2019-20
28,115,28,2020-02-29,Georgia Southern,@,UT Arlington,REG (Conf),L 73-101,,5,0,0,,0,0,,0,0,,,0,0,,0,0,0,0,0,0,1,0,0,-1.0,Amira Atwater,https://www.sports-reference.com/cbb/players/amira-atwater-1.html,georgia-southern,2019-20
29,116,29,2020-03-07,Georgia Southern,@,Georgia State,REG (Conf),W 77-74,,24,2,3,.667,0,0,,2,3,.667,.667,6,8,.750,0,2,2,4,0,0,5,0,10,6.3,Amira Atwater,https://www.sports-reference.com/cbb/players/amira-atwater-1.html,georgia-southern,2019-20
30,117,30,2020-03-10,Georgia Southern,@,Louisiana,CTOURN,L 64-81,*,4,0,1,.000,0,0,,0,1,.000,.000,0,0,,0,0,0,0,0,0,0,1,0,-1.1,Amira Atwater,https://www.sports-reference.com/cbb/players/amira-atwater-1.html,georgia-southern,2019-20
