ranker,player_game_num_career,team_game_num_season,date,team_name_abbr,game_location,opp_name_abbr,game_type,game_result,is_starter,mp,fg,fga,fg_pct,fg3,fg3a,fg3_pct,fg2,fg2a,fg2_pct,efg_pct,ft,fta,ft_pct,orb,drb,trb,ast,stl,blk,tov,pf,pts,game_score,player_name,player_sr_link,school,season
1,1,18,2020-01-25,Georgia Southern,,Georgia State,REG (Conf),W 81-56,,13,0,3,.000,0,1,.000,0,2,.000,.000,1,4,.250,0,1,1,1,0,0,1,2,1,-3.1,Ja'Nya Love-Hill,https://www.sports-reference.com/cbb/players/janya-love-hill-1.html,georgia-southern,2019-20
2,2,19,2020-01-30,Georgia Southern,@,Coastal Carolina,REG (Conf),L 59-66,,4,0,1,.000,0,1,.000,0,0,,.000,1,2,.500,0,0,0,1,1,0,4,0,1,-2.4,Ja'Nya Love-Hill,https://www.sports-reference.com/cbb/players/janya-love-hill-1.html,georgia-southern,2019-20
3,3,23,2020-02-13,Georgia Southern,@,Louisiana–Monroe,REG (Conf),W 72-66,,5,0,3,.000,0,0,,0,3,.000,.000,0,0,,0,0,0,1,0,0,2,1,0,-3.8,Ja'Nya Love-Hill,https://www.sports-reference.com/cbb/players/janya-love-hill-1.html,georgia-southern,2019-20
4,4,24,2020-02-15,Georgia Southern,@,Louisiana,REG (Conf),L 60-72,,14,0,0,,0,0,,0,0,,,0,2,.000,0,0,0,1,1,0,1,3,0,-1.3,Ja'Nya Love-Hill,https://www.sports-reference.com/cbb/players/janya-love-hill-1.html,georgia-southern,2019-20
5,5,25,2020-02-20,Georgia Southern,,Coastal Carolina,REG (Conf),L 74-90,,11,0,3,.000,0,0,,0,3,.000,.000,0,0,,0,0,0,1,0,0,1,0,0,-2.4,Ja'Nya Love-Hill,https://www.sports-reference.com/cbb/players/janya-love-hill-1.html,georgia-southern,2019-20
6,6,26,2020-02-22,Georgia Southern,,Appalachian State,REG (Conf),W 78-70,,3,0,1,.000,0,0,,0,1,.000,.000,0,0,,0,0,0,0,0,0,0,0,0,-0.7,Ja'Nya Love-Hill,https://www.sports-reference.com/cbb/players/janya-love-hill-1.html,georgia-southern,2019-20
7,7,27,2020-02-27,Georgia Southern,@,Texas State,REG (Conf),L 68-72,,1,0,0,,0,0,,0,0,,,0,0,,0,0,0,0,0,0,1,0,0,-1.0,Ja'Nya Love-Hill,https://www.sports-reference.com/cbb/players/janya-love-hill-1.html,georgia-southern,2019-20
8,8,28,2020-02-29,Georgia Southern,@,UT Arlington,REG (Conf),L 73-101,,16,1,3,.333,1,1,1.000,0,2,.000,.500,1,4,.250,0,4,4,2,1,0,2,1,4,2.3,Ja'Nya Love-Hill,https://www.sports-reference.com/cbb/players/janya-love-hill-1.html,georgia-southern,2019-20
9,9,29,2020-03-07,Georgia Southern,@,Georgia State,REG (Conf),W 77-74,,14,1,3,.333,0,1,.000,1,2,.500,.333,0,0,,0,0,0,0,0,0,0,2,2,-0.5,Ja'Nya Love-Hill,https://www.sports-reference.com/cbb/players/janya-love-hill-1.html,georgia-southern,2019-20
10,10,30,2020-03-10,Georgia Southern,@,Louisiana,CTOURN,L 64-81,,27,4,6,.667,0,0,,4,6,.667,.667,5,7,.714,0,3,3,1,2,0,5,5,13,6.2,Ja'Nya Love-Hill,https://www.sports-reference.com/cbb/players/janya-love-hill-1.html,georgia-southern,2019-20
