ranker,player_game_num_career,team_game_num_season,date,team_name_abbr,game_location,opp_name_abbr,game_type,game_result,is_starter,mp,fg,fga,fg_pct,fg3,fg3a,fg3_pct,fg2,fg2a,fg2_pct,efg_pct,ft,fta,ft_pct,orb,drb,trb,ast,stl,blk,tov,pf,pts,game_score,player_name,player_sr_link,school,season
1,30,1,2019-11-10,Georgia Southern,@,Furman,REG (Non-Conf),L 63-78,*,26,2,7,.286,1,4,.250,1,3,.333,.357,0,0,,1,2,3,2,2,0,2,2,5,2.8,Jordan Strange,https://www.sports-reference.com/cbb/players/jordan-strange-1.html,georgia-southern,2019-20
2,31,2,2019-11-17,Georgia Southern,,Kennesaw State,REG (Non-Conf),L 69-95,*,21,2,8,.250,1,4,.250,1,4,.250,.313,1,1,1.000,1,3,4,0,1,0,2,1,6,1.4,Jordan Strange,https://www.sports-reference.com/cbb/players/jordan-strange-1.html,georgia-southern,2019-20
3,32,3,2019-11-20,Georgia Southern,,North Dakota,REG (Non-Conf),L 56-69,,13,0,1,.000,0,0,,0,1,.000,.000,1,2,.500,0,2,2,1,1,0,2,0,1,0.2,Jordan Strange,https://www.sports-reference.com/cbb/players/jordan-strange-1.html,georgia-southern,2019-20
4,33,4,2019-11-23,Georgia Southern,@,Bethune-Cookman,REG (Non-Conf),L 57-75,,21,1,5,.200,0,4,.000,1,1,1.000,.200,0,0,,1,0,1,1,0,0,1,0,2,-0.7,Jordan Strange,https://www.sports-reference.com/cbb/players/jordan-strange-1.html,georgia-southern,2019-20
5,34,5,2019-11-26,Georgia Southern,@,Winthrop,REG (Non-Conf),W 91-47,,9,0,1,.000,0,0,,0,1,.000,.000,1,2,.500,0,1,1,2,0,0,0,3,1,0.4,Jordan Strange,https://www.sports-reference.com/cbb/players/jordan-strange-1.html,georgia-southern,2019-20
6,35,6,2019-12-01,Georgia Southern,@,Wofford,REG (Non-Conf),W 70-57,,19,0,4,.000,0,2,.000,0,2,.000,.000,2,2,1.000,0,1,1,1,2,0,1,0,2,1.2,Jordan Strange,https://www.sports-reference.com/cbb/players/jordan-strange-1.html,georgia-southern,2019-20
7,36,7,2019-12-07,Georgia Southern,@,Mercer,REG (Non-Conf),L 52-62,,14,1,2,.500,0,0,,1,2,.500,.500,0,0,,0,1,1,0,0,0,1,1,2,-0.1,Jordan Strange,https://www.sports-reference.com/cbb/players/jordan-strange-1.html,georgia-southern,2019-20
8,37,8,2019-12-16,Georgia Southern,@,Ole Miss,REG (Non-Conf),L 66-69 (OT),,3,0,0,,0,0,,0,0,,,2,2,1.000,0,0,0,0,0,0,0,0,2,2.0,Jordan Strange,https://www.sports-reference.com/cbb/players/jordan-strange-1.html,georgia-southern,2019-20
9,38,9,2019-12-19,Georgia Southern,@,Kent State,REG (Non-Conf),L 48-62,,18,0,0,,0,0,,0,0,,,2,4,.500,0,0,0,1,0,0,2,3,2,-1.3,Jordan Strange,https://www.sports-reference.com/cbb/players/jordan-strange-1.html,georgia-southern,2019-20
10,39,10,2019-12-20,Georgia Southern,,St. Francis Brooklyn,REG (Non-Conf),W 78-47,*,23,4,7,.571,2,3,.667,2,4,.500,.714,0,0,,1,1,2,2,3,0,2,2,10,9.3,Jordan Strange,https://www.sports-reference.com/cbb/players/jordan-strange-1.html,georgia-southern,2019-20
11,40,11,2019-12-30,Georgia Southern,@,Tulane,REG (Non-Conf),L 40-56,*,18,0,1,.000,0,0,,0,1,.000,.000,0,0,,0,2,2,0,1,0,0,0,0,0.9,Jordan Strange,https://www.sports-reference.com/cbb/players/jordan-strange-1.html,georgia-southern,2019-20
12,41,12,2020-01-02,Georgia Southern,,Louisiana–Monroe,REG (Conf),W 64-47,*,18,1,4,.250,0,2,.000,1,2,.500,.250,0,0,,0,1,1,1,1,0,0,2,2,0.8,Jordan Strange,https://www.sports-reference.com/cbb/players/jordan-strange-1.html,georgia-southern,2019-20
13,42,13,2020-01-04,Georgia Southern,,Louisiana,REG (Conf),W 83-67,*,12,1,4,.250,1,3,.333,0,1,.000,.375,0,0,,0,1,1,2,0,0,3,1,3,-1.1,Jordan Strange,https://www.sports-reference.com/cbb/players/jordan-strange-1.html,georgia-southern,2019-20
14,43,14,2020-01-09,Georgia Southern,@,Little Rock,REG (Conf),L 46-58,*,14,1,3,.333,0,2,.000,1,1,1.000,.333,0,0,,0,2,2,2,1,0,2,1,2,0.9,Jordan Strange,https://www.sports-reference.com/cbb/players/jordan-strange-1.html,georgia-southern,2019-20
15,44,15,2020-01-11,Georgia Southern,@,Arkansas State,REG (Conf),L 62-69,*,12,0,2,.000,0,1,.000,0,1,.000,.000,0,0,,0,1,1,0,0,0,2,3,0,-4.3,Jordan Strange,https://www.sports-reference.com/cbb/players/jordan-strange-1.html,georgia-southern,2019-20
16,45,16,2020-01-16,Georgia Southern,,Troy,REG (Conf),L 69-79,,2,0,0,,0,0,,0,0,,,0,0,,0,0,0,0,0,0,1,1,0,-1.4,Jordan Strange,https://www.sports-reference.com/cbb/players/jordan-strange-1.html,georgia-southern,2019-20
17,46,17,2020-01-18,Georgia Southern,,South Alabama,REG (Conf),L 65-71,,21,0,0,,0,0,,0,0,,,6,6,1.000,1,2,3,1,1,0,2,2,6,6.2,Jordan Strange,https://www.sports-reference.com/cbb/players/jordan-strange-1.html,georgia-southern,2019-20
18,47,18,2020-01-25,Georgia Southern,,Georgia State,REG (Conf),W 81-56,,7,0,2,.000,0,1,.000,0,1,.000,.000,0,0,,1,1,2,0,0,0,0,0,0,-0.4,Jordan Strange,https://www.sports-reference.com/cbb/players/jordan-strange-1.html,georgia-southern,2019-20
19,48,19,2020-01-30,Georgia Southern,@,Coastal Carolina,REG (Conf),L 59-66,,5,0,0,,0,0,,0,0,,,0,0,,0,0,0,0,0,0,0,2,0,-0.8,Jordan Strange,https://www.sports-reference.com/cbb/players/jordan-strange-1.html,georgia-southern,2019-20
20,49,20,2020-02-01,Georgia Southern,@,Appalachian State,REG (Conf),L 75-83,,14,1,3,.333,1,3,.333,0,0,,.500,0,0,,0,0,0,2,0,0,0,1,3,2.3,Jordan Strange,https://www.sports-reference.com/cbb/players/jordan-strange-1.html,georgia-southern,2019-20
21,50,21,2020-02-06,Georgia Southern,,Little Rock,REG (Conf),L 49-65,,15,0,2,.000,0,1,.000,0,1,.000,.000,0,0,,0,2,2,0,0,0,1,1,0,-2.2,Jordan Strange,https://www.sports-reference.com/cbb/players/jordan-strange-1.html,georgia-southern,2019-20
22,51,22,2020-02-08,Georgia Southern,,Arkansas State,REG (Conf),W 80-67,,11,2,5,.400,0,2,.000,2,3,.667,.400,0,0,,1,1,2,2,0,0,0,2,4,2.9,Jordan Strange,https://www.sports-reference.com/cbb/players/jordan-strange-1.html,georgia-southern,2019-20
23,52,23,2020-02-13,Georgia Southern,@,Louisiana–Monroe,REG (Conf),W 72-66,,7,0,0,,0,0,,0,0,,,0,0,,0,0,0,0,0,0,0,1,0,-0.4,Jordan Strange,https://www.sports-reference.com/cbb/players/jordan-strange-1.html,georgia-southern,2019-20
24,53,24,2020-02-15,Georgia Southern,@,Louisiana,REG (Conf),L 60-72,,5,0,1,.000,0,0,,0,1,.000,.000,0,0,,0,1,1,0,0,1,0,1,0,-0.1,Jordan Strange,https://www.sports-reference.com/cbb/players/jordan-strange-1.html,georgia-southern,2019-20
25,54,25,2020-02-20,Georgia Southern,,Coastal Carolina,REG (Conf),L 74-90,,3,0,0,,0,0,,0,0,,,0,0,,0,0,0,0,0,0,0,0,0,0.0,Jordan Strange,https://www.sports-reference.com/cbb/players/jordan-strange-1.html,georgia-southern,2019-20
26,55,26,2020-02-22,Georgia Southern,,Appalachian State,REG (Conf),W 78-70,,1,0,0,,0,0,,0,0,,,0,0,,0,0,0,0,0,0,0,0,0,0.0,Jordan Strange,https://www.sports-reference.com/cbb/players/jordan-strange-1.html,georgia-southern,2019-20
27,56,27,2020-02-27,Georgia Southern,@,Texas State,REG (Conf),L 68-72,,5,0,0,,0,0,,0,0,,,0,0,,0,1,1,0,0,0,1,0,0,-0.7,Jordan Strange,https://www.sports-reference.com/cbb/players/jordan-strange-1.html,georgia-southern,2019-20
28,57,28,2020-02-29,Georgia Southern,@,UT Arlington,REG (Conf),L 73-101,,11,2,3,.667,0,1,.000,2,2,1.000,.667,0,0,,0,2,2,0,0,0,0,1,4,2.9,Jordan Strange,https://www.sports-reference.com/cbb/players/jordan-strange-1.html,georgia-southern,2019-20
29,58,29,2020-03-07,Georgia Southern,@,Georgia State,REG (Conf),W 77-74,,4,0,0,,0,0,,0,0,,,0,0,,0,0,0,0,1,0,0,0,0,1.0,Jordan Strange,https://www.sports-reference.com/cbb/players/jordan-strange-1.html,georgia-southern,2019-20
30,59,30,2020-03-10,Georgia Southern,@,Louisiana,CTOURN,L 64-81,,16,0,2,.000,0,0,,0,2,.000,.000,0,0,,1,2,3,0,0,0,0,2,0,-0.9,Jordan Strange,https://www.sports-reference.com/cbb/players/jordan-strange-1.html,georgia-southern,2019-20
