ranker,player_game_num_career,team_game_num_season,date,team_name_abbr,game_location,opp_name_abbr,game_type,game_result,is_starter,mp,fg,fga,fg_pct,fg3,fg3a,fg2,fg2a,fg2_pct,efg_pct,ft,fta,ft_pct,orb,drb,trb,ast,stl,blk,tov,pf,pts,game_score,player_name,player_sr_link,school,season
1,63,1,2019-11-10,Georgia Southern,@,Furman,REG (Non-Conf),L 63-78,,10,2,4,.500,0,0,2,4,.500,.500,0,0,,2,1,3,0,1,0,2,1,4,2.3,La'Tia Fils-Aime',https://www.sports-reference.com/cbb/players/latia-fils-aime-1.html,georgia-southern,2019-20
2,64,2,2019-11-17,Georgia Southern,,Kennesaw State,REG (Non-Conf),L 69-95,,15,2,9,.222,0,0,2,9,.222,.222,0,0,,5,0,5,0,1,0,1,0,4,2.0,La'Tia Fils-Aime',https://www.sports-reference.com/cbb/players/latia-fils-aime-1.html,georgia-southern,2019-20
3,65,3,2019-11-20,Georgia Southern,,North Dakota,REG (Non-Conf),L 56-69,,4,0,3,.000,0,0,0,3,.000,.000,0,0,,3,1,4,0,0,0,2,0,0,-1.7,La'Tia Fils-Aime',https://www.sports-reference.com/cbb/players/latia-fils-aime-1.html,georgia-southern,2019-20
4,66,8,2019-12-16,Georgia Southern,@,Ole Miss,REG (Non-Conf),L 66-69 (OT),,2,0,0,,0,0,0,0,,,0,0,,0,0,0,0,0,1,0,0,0,0.7,La'Tia Fils-Aime',https://www.sports-reference.com/cbb/players/latia-fils-aime-1.html,georgia-southern,2019-20
5,67,9,2019-12-19,Georgia Southern,@,Kent State,REG (Non-Conf),L 48-62,,3,1,2,.500,0,0,1,2,.500,.500,0,0,,1,0,1,0,0,0,2,0,2,-0.3,La'Tia Fils-Aime',https://www.sports-reference.com/cbb/players/latia-fils-aime-1.html,georgia-southern,2019-20
6,68,10,2019-12-20,Georgia Southern,,St. Francis Brooklyn,REG (Non-Conf),W 78-47,,6,1,1,1.000,0,0,1,1,1.000,1.000,0,0,,0,3,3,0,1,0,1,2,2,1.8,La'Tia Fils-Aime',https://www.sports-reference.com/cbb/players/latia-fils-aime-1.html,georgia-southern,2019-20
7,69,11,2019-12-30,Georgia Southern,@,Tulane,REG (Non-Conf),L 40-56,,6,0,1,.000,0,0,0,1,.000,.000,2,2,1.000,0,0,0,0,0,0,1,3,2,-0.9,La'Tia Fils-Aime',https://www.sports-reference.com/cbb/players/latia-fils-aime-1.html,georgia-southern,2019-20
8,70,12,2020-01-02,Georgia Southern,,Louisiana–Monroe,REG (Conf),W 64-47,,8,1,1,1.000,0,0,1,1,1.000,1.000,0,0,,0,3,3,0,0,2,0,2,2,3.2,La'Tia Fils-Aime',https://www.sports-reference.com/cbb/players/latia-fils-aime-1.html,georgia-southern,2019-20
9,71,13,2020-01-04,Georgia Southern,,Louisiana,REG (Conf),W 83-67,,3,0,1,.000,0,0,0,1,.000,.000,0,0,,0,1,1,0,0,0,0,0,0,-0.4,La'Tia Fils-Aime',https://www.sports-reference.com/cbb/players/latia-fils-aime-1.html,georgia-southern,2019-20
10,72,14,2020-01-09,Georgia Southern,@,Little Rock,REG (Conf),L 46-58,,7,0,1,.000,0,0,0,1,.000,.000,0,0,,1,5,6,1,0,0,3,3,0,-2.0,La'Tia Fils-Aime',https://www.sports-reference.com/cbb/players/latia-fils-aime-1.html,georgia-southern,2019-20
11,73,15,2020-01-11,Georgia Southern,@,Arkansas State,REG (Conf),L 62-69,,9,1,1,1.000,0,0,1,1,1.000,1.000,0,0,,1,2,3,2,2,0,1,4,2,3.8,La'Tia Fils-Aime',https://www.sports-reference.com/cbb/players/latia-fils-aime-1.html,georgia-southern,2019-20
