ranker,player_game_num_career,team_game_num_season,date,team_name_abbr,game_location,opp_name_abbr,game_type,game_result,is_starter,mp,fg,fga,fg_pct,fg3,fg3a,fg3_pct,fg2,fg2a,fg2_pct,efg_pct,ft,fta,ft_pct,orb,drb,trb,ast,stl,blk,tov,pf,pts,game_score,player_name,player_sr_link,school,season
1,1,1,2019-11-10,Georgia Southern,@,Furman,REG (Non-Conf),L 63-78,,16,1,5,.200,0,2,.000,1,3,.333,.200,2,5,.400,2,2,4,4,0,0,1,2,4,2.7,Mya Burns,https://www.sports-reference.com/cbb/players/mya-burns-1.html,georgia-southern,2019-20
2,2,2,2019-11-17,Georgia Southern,,Kennesaw State,REG (Non-Conf),L 69-95,,26,2,7,.286,0,2,.000,2,5,.400,.286,3,4,.750,4,3,7,1,2,1,4,2,7,4.8,Mya Burns,https://www.sports-reference.com/cbb/players/mya-burns-1.html,georgia-southern,2019-20
3,3,3,2019-11-20,Georgia Southern,,North Dakota,REG (Non-Conf),L 56-69,*,17,2,5,.400,1,2,.500,1,3,.333,.500,0,0,,1,1,2,0,1,0,0,4,5,2.7,Mya Burns,https://www.sports-reference.com/cbb/players/mya-burns-1.html,georgia-southern,2019-20
4,4,4,2019-11-23,Georgia Southern,@,Bethune-Cookman,REG (Non-Conf),L 57-75,*,27,1,6,.167,0,3,.000,1,3,.333,.167,0,0,,4,2,6,0,0,0,2,2,2,-1.2,Mya Burns,https://www.sports-reference.com/cbb/players/mya-burns-1.html,georgia-southern,2019-20
5,5,5,2019-11-26,Georgia Southern,@,Winthrop,REG (Non-Conf),W 91-47,*,26,2,3,.667,1,2,.500,1,1,1.000,.833,0,0,,3,3,6,1,1,0,2,4,5,4.8,Mya Burns,https://www.sports-reference.com/cbb/players/mya-burns-1.html,georgia-southern,2019-20
6,6,6,2019-12-01,Georgia Southern,@,Wofford,REG (Non-Conf),W 70-57,*,17,0,2,.000,0,1,.000,0,1,.000,.000,4,4,1.000,2,1,3,1,1,1,1,4,4,4.1,Mya Burns,https://www.sports-reference.com/cbb/players/mya-burns-1.html,georgia-southern,2019-20
7,7,7,2019-12-07,Georgia Southern,@,Mercer,REG (Non-Conf),L 52-62,*,9,0,1,.000,0,1,.000,0,0,,.000,0,0,,1,0,1,0,0,0,1,3,0,-2.2,Mya Burns,https://www.sports-reference.com/cbb/players/mya-burns-1.html,georgia-southern,2019-20
8,8,8,2019-12-16,Georgia Southern,@,Ole Miss,REG (Non-Conf),L 66-69 (OT),*,26,1,8,.125,0,2,.000,1,6,.167,.125,1,2,.500,1,2,3,1,0,0,1,3,3,-2.8,Mya Burns,https://www.sports-reference.com/cbb/players/mya-burns-1.html,georgia-southern,2019-20
9,9,9,2019-12-19,Georgia Southern,@,Kent State,REG (Non-Conf),L 48-62,*,20,1,4,.250,0,0,,1,4,.250,.250,1,2,.500,3,1,4,0,0,1,1,1,3,1.9,Mya Burns,https://www.sports-reference.com/cbb/players/mya-burns-1.html,georgia-southern,2019-20
10,10,10,2019-12-20,Georgia Southern,,St. Francis Brooklyn,REG (Non-Conf),W 78-47,*,16,5,8,.625,0,1,.000,5,7,.714,.625,1,3,.333,1,2,3,0,1,1,1,2,11,7.8,Mya Burns,https://www.sports-reference.com/cbb/players/mya-burns-1.html,georgia-southern,2019-20
11,11,11,2019-12-30,Georgia Southern,@,Tulane,REG (Non-Conf),L 40-56,*,25,1,7,.143,0,0,,1,7,.143,.143,2,6,.333,4,4,8,1,2,1,4,2,4,0.5,Mya Burns,https://www.sports-reference.com/cbb/players/mya-burns-1.html,georgia-southern,2019-20
12,12,12,2020-01-02,Georgia Southern,,Louisiana–Monroe,REG (Conf),W 64-47,*,14,1,3,.333,0,0,,1,3,.333,.333,1,1,1.000,0,5,5,0,1,0,1,1,3,2.4,Mya Burns,https://www.sports-reference.com/cbb/players/mya-burns-1.html,georgia-southern,2019-20
13,13,13,2020-01-04,Georgia Southern,,Louisiana,REG (Conf),W 83-67,*,29,5,10,.500,3,5,.600,2,5,.400,.650,2,2,1.000,3,3,6,2,1,0,2,2,15,12.6,Mya Burns,https://www.sports-reference.com/cbb/players/mya-burns-1.html,georgia-southern,2019-20
14,14,14,2020-01-09,Georgia Southern,@,Little Rock,REG (Conf),L 46-58,*,17,1,4,.250,1,3,.333,0,1,.000,.375,0,0,,2,2,4,0,1,2,1,3,3,2.8,Mya Burns,https://www.sports-reference.com/cbb/players/mya-burns-1.html,georgia-southern,2019-20
15,15,15,2020-01-11,Georgia Southern,@,Arkansas State,REG (Conf),L 62-69,*,18,1,5,.200,1,2,.500,0,3,.000,.300,0,0,,3,0,3,1,0,0,0,1,3,2.3,Mya Burns,https://www.sports-reference.com/cbb/players/mya-burns-1.html,georgia-southern,2019-20
16,16,16,2020-01-16,Georgia Southern,,Troy,REG (Conf),L 69-79,*,23,0,7,.000,0,2,.000,0,5,.000,.000,2,2,1.000,3,2,5,0,2,2,1,4,2,0.6,Mya Burns,https://www.sports-reference.com/cbb/players/mya-burns-1.html,georgia-southern,2019-20
17,17,17,2020-01-18,Georgia Southern,,South Alabama,REG (Conf),L 65-71,*,20,3,4,.750,1,1,1.000,2,3,.667,.875,0,0,,1,0,1,0,1,1,1,4,7,5.2,Mya Burns,https://www.sports-reference.com/cbb/players/mya-burns-1.html,georgia-southern,2019-20
18,18,18,2020-01-25,Georgia Southern,,Georgia State,REG (Conf),W 81-56,*,19,5,10,.500,1,1,1.000,4,9,.444,.550,1,2,.500,2,7,9,1,1,2,1,4,12,10.6,Mya Burns,https://www.sports-reference.com/cbb/players/mya-burns-1.html,georgia-southern,2019-20
19,19,19,2020-01-30,Georgia Southern,@,Coastal Carolina,REG (Conf),L 59-66,*,20,1,5,.200,1,3,.333,0,2,.000,.300,2,2,1.000,0,2,2,2,0,0,3,4,5,-0.7,Mya Burns,https://www.sports-reference.com/cbb/players/mya-burns-1.html,georgia-southern,2019-20
20,20,20,2020-02-01,Georgia Southern,@,Appalachian State,REG (Conf),L 75-83,*,23,3,7,.429,1,3,.333,2,4,.500,.500,0,0,,0,3,3,1,2,1,0,4,7,6.0,Mya Burns,https://www.sports-reference.com/cbb/players/mya-burns-1.html,georgia-southern,2019-20
21,21,21,2020-02-06,Georgia Southern,,Little Rock,REG (Conf),L 49-65,*,23,1,4,.250,0,2,.000,1,2,.500,.250,0,1,.000,0,3,3,1,2,0,2,3,2,-0.4,Mya Burns,https://www.sports-reference.com/cbb/players/mya-burns-1.html,georgia-southern,2019-20
22,22,22,2020-02-08,Georgia Southern,,Arkansas State,REG (Conf),W 80-67,,16,2,3,.667,0,1,.000,2,2,1.000,.667,2,2,1.000,2,2,4,2,0,0,2,0,6,6.1,Mya Burns,https://www.sports-reference.com/cbb/players/mya-burns-1.html,georgia-southern,2019-20
23,23,23,2020-02-13,Georgia Southern,@,Louisiana–Monroe,REG (Conf),W 72-66,,24,4,9,.444,2,4,.500,2,5,.400,.556,4,6,.667,5,2,7,1,0,0,4,4,14,7.7,Mya Burns,https://www.sports-reference.com/cbb/players/mya-burns-1.html,georgia-southern,2019-20
24,24,24,2020-02-15,Georgia Southern,@,Louisiana,REG (Conf),L 60-72,,11,0,3,.000,0,0,,0,3,.000,.000,1,2,.500,0,0,0,0,1,0,1,2,1,-2.3,Mya Burns,https://www.sports-reference.com/cbb/players/mya-burns-1.html,georgia-southern,2019-20
25,25,25,2020-02-20,Georgia Southern,,Coastal Carolina,REG (Conf),L 74-90,,7,0,1,.000,0,0,,0,1,.000,.000,0,0,,0,0,0,0,0,0,0,4,0,-2.3,Mya Burns,https://www.sports-reference.com/cbb/players/mya-burns-1.html,georgia-southern,2019-20
26,26,26,2020-02-22,Georgia Southern,,Appalachian State,REG (Conf),W 78-70,,3,1,1,1.000,0,0,,1,1,1.000,1.000,0,0,,0,0,0,0,0,0,0,1,2,1.3,Mya Burns,https://www.sports-reference.com/cbb/players/mya-burns-1.html,georgia-southern,2019-20
27,27,27,2020-02-27,Georgia Southern,@,Texas State,REG (Conf),L 68-72,,10,0,1,.000,0,1,.000,0,0,,.000,1,2,.500,0,0,0,0,0,0,2,0,1,-2.1,Mya Burns,https://www.sports-reference.com/cbb/players/mya-burns-1.html,georgia-southern,2019-20
28,28,28,2020-02-29,Georgia Southern,@,UT Arlington,REG (Conf),L 73-101,,17,4,8,.500,4,5,.800,0,3,.000,.750,0,0,,0,1,1,3,0,0,4,0,12,6.4,Mya Burns,https://www.sports-reference.com/cbb/players/mya-burns-1.html,georgia-southern,2019-20
29,29,29,2020-03-07,Georgia Southern,@,Georgia State,REG (Conf),W 77-74,,18,3,5,.600,0,1,.000,3,4,.750,.600,0,1,.000,1,2,3,2,2,1,1,3,6,6.5,Mya Burns,https://www.sports-reference.com/cbb/players/mya-burns-1.html,georgia-southern,2019-20
30,30,30,2020-03-10,Georgia Southern,@,Louisiana,CTOURN,L 64-81,,27,2,6,.333,1,3,.333,1,3,.333,.417,4,4,1.000,2,3,5,2,1,2,1,5,9,8.7,Mya Burns,https://www.sports-reference.com/cbb/players/mya-burns-1.html,georgia-southern,2019-20
