ranker,player_game_num_career,team_game_num_season,date,team_name_abbr,game_location,opp_name_abbr,game_type,game_result,is_starter,mp,fg,fga,fg_pct,fg3,fg3a,fg3_pct,fg2,fg2a,fg2_pct,efg_pct,ft,fta,ft_pct,orb,drb,trb,ast,stl,blk,tov,pf,pts,game_score,player_name,player_sr_link,school,season
1,82,1,2019-11-10,Georgia Southern,@,Furman,REG (Non-Conf),L 63-78,,8,1,3,.333,1,3,.333,0,0,,.500,0,0,,1,0,1,0,0,0,2,2,3,-0.8,Nakol Franks,https://www.sports-reference.com/cbb/players/nakol-franks-1.html,georgia-southern,2019-20
2,83,3,2019-11-20,Georgia Southern,,North Dakota,REG (Non-Conf),L 56-69,,24,2,10,.200,1,6,.167,1,4,.250,.250,3,3,1.000,1,2,3,0,0,1,1,1,8,2.4,Nakol Franks,https://www.sports-reference.com/cbb/players/nakol-franks-1.html,georgia-southern,2019-20
3,84,4,2019-11-23,Georgia Southern,@,Bethune-Cookman,REG (Non-Conf),L 57-75,,15,2,7,.286,2,6,.333,0,1,.000,.429,0,0,,1,1,2,2,0,0,1,1,6,2.9,Nakol Franks,https://www.sports-reference.com/cbb/players/nakol-franks-1.html,georgia-southern,2019-20
4,85,5,2019-11-26,Georgia Southern,@,Winthrop,REG (Non-Conf),W 91-47,,17,2,6,.333,0,3,.000,2,3,.667,.333,4,4,1.000,1,1,2,1,2,0,0,0,8,8.3,Nakol Franks,https://www.sports-reference.com/cbb/players/nakol-franks-1.html,georgia-southern,2019-20
5,86,6,2019-12-01,Georgia Southern,@,Wofford,REG (Non-Conf),W 70-57,,5,0,0,,0,0,,0,0,,,0,0,,0,0,0,0,0,0,0,0,0,0.0,Nakol Franks,https://www.sports-reference.com/cbb/players/nakol-franks-1.html,georgia-southern,2019-20
6,87,7,2019-12-07,Georgia Southern,@,Mercer,REG (Non-Conf),L 52-62,,16,2,7,.286,0,2,.000,2,5,.400,.286,1,2,.500,2,2,4,0,1,0,1,1,5,2.1,Nakol Franks,https://www.sports-reference.com/cbb/players/nakol-franks-1.html,georgia-southern,2019-20
7,88,8,2019-12-16,Georgia Southern,@,Ole Miss,REG (Non-Conf),L 66-69 (OT),,7,0,2,.000,0,2,.000,0,0,,.000,0,0,,0,1,1,0,0,0,0,1,0,-1.5,Nakol Franks,https://www.sports-reference.com/cbb/players/nakol-franks-1.html,georgia-southern,2019-20
8,89,9,2019-12-19,Georgia Southern,@,Kent State,REG (Non-Conf),L 48-62,,16,1,2,.500,0,1,.000,1,1,1.000,.500,0,0,,1,1,2,3,1,0,0,0,2,5.1,Nakol Franks,https://www.sports-reference.com/cbb/players/nakol-franks-1.html,georgia-southern,2019-20
9,90,10,2019-12-20,Georgia Southern,,St. Francis Brooklyn,REG (Non-Conf),W 78-47,,4,1,2,.500,1,2,.500,0,0,,.750,0,0,,0,0,0,1,0,0,0,0,3,2.7,Nakol Franks,https://www.sports-reference.com/cbb/players/nakol-franks-1.html,georgia-southern,2019-20
10,91,11,2019-12-30,Georgia Southern,@,Tulane,REG (Non-Conf),L 40-56,,5,0,1,.000,0,0,,0,1,.000,.000,0,0,,0,0,0,1,0,0,0,0,0,0.0,Nakol Franks,https://www.sports-reference.com/cbb/players/nakol-franks-1.html,georgia-southern,2019-20
11,92,12,2020-01-02,Georgia Southern,,Louisiana–Monroe,REG (Conf),W 64-47,,13,2,5,.400,1,4,.250,1,1,1.000,.500,0,0,,1,1,2,0,0,0,1,0,5,2.3,Nakol Franks,https://www.sports-reference.com/cbb/players/nakol-franks-1.html,georgia-southern,2019-20
12,93,13,2020-01-04,Georgia Southern,,Louisiana,REG (Conf),W 83-67,,3,0,2,.000,0,1,.000,0,1,.000,.000,0,0,,0,1,1,1,0,0,0,0,0,-0.4,Nakol Franks,https://www.sports-reference.com/cbb/players/nakol-franks-1.html,georgia-southern,2019-20
13,94,14,2020-01-09,Georgia Southern,@,Little Rock,REG (Conf),L 46-58,,1,0,0,,0,0,,0,0,,,0,0,,0,0,0,0,0,0,0,0,0,0.0,Nakol Franks,https://www.sports-reference.com/cbb/players/nakol-franks-1.html,georgia-southern,2019-20
14,95,15,2020-01-11,Georgia Southern,@,Arkansas State,REG (Conf),L 62-69,,6,0,3,.000,0,1,.000,0,2,.000,.000,0,0,,1,0,1,0,0,0,0,0,0,-1.4,Nakol Franks,https://www.sports-reference.com/cbb/players/nakol-franks-1.html,georgia-southern,2019-20
15,96,16,2020-01-16,Georgia Southern,,Troy,REG (Conf),L 69-79,,10,2,4,.500,1,2,.500,1,2,.500,.625,0,0,,0,0,0,0,0,0,0,0,5,3.0,Nakol Franks,https://www.sports-reference.com/cbb/players/nakol-franks-1.html,georgia-southern,2019-20
16,97,17,2020-01-18,Georgia Southern,,South Alabama,REG (Conf),L 65-71,,10,0,2,.000,0,2,.000,0,0,,.000,0,0,,0,1,1,2,0,0,0,1,0,-0.1,Nakol Franks,https://www.sports-reference.com/cbb/players/nakol-franks-1.html,georgia-southern,2019-20
17,98,18,2020-01-25,Georgia Southern,,Georgia State,REG (Conf),W 81-56,,5,1,3,.333,1,3,.333,0,0,,.500,0,0,,0,0,0,0,0,0,0,0,3,1.3,Nakol Franks,https://www.sports-reference.com/cbb/players/nakol-franks-1.html,georgia-southern,2019-20
18,99,26,2020-02-22,Georgia Southern,,Appalachian State,REG (Conf),W 78-70,*,1,1,1,1.000,0,0,,1,1,1.000,1.000,0,0,,0,0,0,0,0,0,0,0,2,1.7,Nakol Franks,https://www.sports-reference.com/cbb/players/nakol-franks-1.html,georgia-southern,2019-20
