ranker,player_game_num_career,team_game_num_season,date,team_name_abbr,game_location,opp_name_abbr,game_type,game_result,is_starter,mp,fg,fga,fg_pct,fg3,fg3a,fg3_pct,fg2,fg2a,fg2_pct,efg_pct,ft,fta,ft_pct,orb,drb,trb,ast,stl,blk,tov,pf,pts,game_score,player_name,player_sr_link,school,season
1,47,1,2019-11-10,Georgia Southern,@,Furman,REG (Non-Conf),L 63-78,*,19,1,6,.167,0,0,,1,6,.167,.167,2,6,.333,4,2,6,0,0,1,2,4,4,-0.9,Sarah Moore,https://www.sports-reference.com/cbb/players/sarah-moore-1.html,georgia-southern,2019-20
2,48,2,2019-11-17,Georgia Southern,,Kennesaw State,REG (Non-Conf),L 69-95,*,14,0,1,.000,0,0,,0,1,.000,.000,1,2,.500,0,0,0,1,0,0,2,0,1,-1.4,Sarah Moore,https://www.sports-reference.com/cbb/players/sarah-moore-1.html,georgia-southern,2019-20
3,49,3,2019-11-20,Georgia Southern,,North Dakota,REG (Non-Conf),L 56-69,,6,0,1,.000,0,0,,0,1,.000,.000,0,0,,0,0,0,0,0,0,0,2,0,-1.5,Sarah Moore,https://www.sports-reference.com/cbb/players/sarah-moore-1.html,georgia-southern,2019-20
4,50,4,2019-11-23,Georgia Southern,@,Bethune-Cookman,REG (Non-Conf),L 57-75,,1,0,2,.000,0,0,,0,2,.000,.000,0,0,,2,0,2,0,0,0,0,0,0,0.0,Sarah Moore,https://www.sports-reference.com/cbb/players/sarah-moore-1.html,georgia-southern,2019-20
5,51,7,2019-12-07,Georgia Southern,@,Mercer,REG (Non-Conf),L 52-62,,10,1,6,.167,0,1,.000,1,5,.200,.167,0,0,,1,1,2,0,0,0,1,1,2,-2.2,Sarah Moore,https://www.sports-reference.com/cbb/players/sarah-moore-1.html,georgia-southern,2019-20
6,52,8,2019-12-16,Georgia Southern,@,Ole Miss,REG (Non-Conf),L 66-69 (OT),,5,0,1,.000,0,0,,0,1,.000,.000,0,0,,0,1,1,0,0,0,1,0,0,-1.4,Sarah Moore,https://www.sports-reference.com/cbb/players/sarah-moore-1.html,georgia-southern,2019-20
7,53,9,2019-12-19,Georgia Southern,@,Kent State,REG (Non-Conf),L 48-62,,14,1,3,.333,0,0,,1,3,.333,.333,0,0,,2,4,6,0,0,4,1,0,2,4.7,Sarah Moore,https://www.sports-reference.com/cbb/players/sarah-moore-1.html,georgia-southern,2019-20
8,54,10,2019-12-20,Georgia Southern,,St. Francis Brooklyn,REG (Non-Conf),W 78-47,,4,1,1,1.000,0,0,,1,1,1.000,1.000,0,0,,0,0,0,0,0,0,0,2,2,0.9,Sarah Moore,https://www.sports-reference.com/cbb/players/sarah-moore-1.html,georgia-southern,2019-20
9,55,11,2019-12-30,Georgia Southern,@,Tulane,REG (Non-Conf),L 40-56,,3,0,1,.000,0,0,,0,1,.000,.000,0,0,,1,1,2,1,0,0,0,0,0,1.0,Sarah Moore,https://www.sports-reference.com/cbb/players/sarah-moore-1.html,georgia-southern,2019-20
10,56,12,2020-01-02,Georgia Southern,,Louisiana–Monroe,REG (Conf),W 64-47,,11,3,5,.600,0,0,,3,5,.600,.600,0,0,,3,3,6,0,0,0,2,1,6,4.3,Sarah Moore,https://www.sports-reference.com/cbb/players/sarah-moore-1.html,georgia-southern,2019-20
11,57,13,2020-01-04,Georgia Southern,,Louisiana,REG (Conf),W 83-67,,4,0,0,,0,0,,0,0,,,1,2,.500,0,1,1,0,0,0,0,1,1,0.5,Sarah Moore,https://www.sports-reference.com/cbb/players/sarah-moore-1.html,georgia-southern,2019-20
12,58,14,2020-01-09,Georgia Southern,@,Little Rock,REG (Conf),L 46-58,,11,2,6,.333,0,0,,2,6,.333,.333,1,2,.500,2,0,2,1,0,2,1,2,5,2.9,Sarah Moore,https://www.sports-reference.com/cbb/players/sarah-moore-1.html,georgia-southern,2019-20
13,59,15,2020-01-11,Georgia Southern,@,Arkansas State,REG (Conf),L 62-69,,12,0,5,.000,0,0,,0,5,.000,.000,0,0,,1,4,5,2,0,1,2,1,0,-1.9,Sarah Moore,https://www.sports-reference.com/cbb/players/sarah-moore-1.html,georgia-southern,2019-20
14,60,16,2020-01-16,Georgia Southern,,Troy,REG (Conf),L 69-79,,27,3,8,.375,0,0,,3,8,.375,.375,0,2,.000,4,6,10,1,0,1,4,2,6,2.0,Sarah Moore,https://www.sports-reference.com/cbb/players/sarah-moore-1.html,georgia-southern,2019-20
15,61,17,2020-01-18,Georgia Southern,,South Alabama,REG (Conf),L 65-71,,13,3,3,1.000,0,0,,3,3,1.000,1.000,0,0,,0,2,2,0,0,1,3,4,6,1.8,Sarah Moore,https://www.sports-reference.com/cbb/players/sarah-moore-1.html,georgia-southern,2019-20
16,62,18,2020-01-25,Georgia Southern,,Georgia State,REG (Conf),W 81-56,,9,0,0,,0,0,,0,0,,,0,0,,0,3,3,1,0,0,3,3,0,-2.6,Sarah Moore,https://www.sports-reference.com/cbb/players/sarah-moore-1.html,georgia-southern,2019-20
17,63,19,2020-01-30,Georgia Southern,@,Coastal Carolina,REG (Conf),L 59-66,,16,3,3,1.000,0,0,,3,3,1.000,1.000,0,0,,3,1,4,1,1,0,1,2,6,7.4,Sarah Moore,https://www.sports-reference.com/cbb/players/sarah-moore-1.html,georgia-southern,2019-20
18,64,20,2020-02-01,Georgia Southern,@,Appalachian State,REG (Conf),L 75-83,,5,0,1,.000,0,0,,0,1,.000,.000,0,0,,0,0,0,0,1,0,0,1,0,-0.1,Sarah Moore,https://www.sports-reference.com/cbb/players/sarah-moore-1.html,georgia-southern,2019-20
19,65,21,2020-02-06,Georgia Southern,,Little Rock,REG (Conf),L 49-65,,7,3,3,1.000,0,0,,3,3,1.000,1.000,0,1,.000,0,0,0,0,0,0,0,1,6,4.3,Sarah Moore,https://www.sports-reference.com/cbb/players/sarah-moore-1.html,georgia-southern,2019-20
20,66,22,2020-02-08,Georgia Southern,,Arkansas State,REG (Conf),W 80-67,,9,0,4,.000,0,0,,0,4,.000,.000,1,2,.500,4,2,6,0,1,0,0,2,1,1.4,Sarah Moore,https://www.sports-reference.com/cbb/players/sarah-moore-1.html,georgia-southern,2019-20
21,67,23,2020-02-13,Georgia Southern,@,Louisiana–Monroe,REG (Conf),W 72-66,,17,0,5,.000,0,0,,0,5,.000,.000,1,2,.500,3,3,6,0,1,0,2,5,1,-2.9,Sarah Moore,https://www.sports-reference.com/cbb/players/sarah-moore-1.html,georgia-southern,2019-20
22,68,24,2020-02-15,Georgia Southern,@,Louisiana,REG (Conf),L 60-72,,23,6,11,.545,0,0,,6,11,.545,.545,0,0,,4,3,7,0,3,1,3,3,12,9.9,Sarah Moore,https://www.sports-reference.com/cbb/players/sarah-moore-1.html,georgia-southern,2019-20
23,69,25,2020-02-20,Georgia Southern,,Coastal Carolina,REG (Conf),L 74-90,*,20,0,2,.000,0,0,,0,2,.000,.000,0,0,,3,3,6,1,1,1,1,4,0,1.4,Sarah Moore,https://www.sports-reference.com/cbb/players/sarah-moore-1.html,georgia-southern,2019-20
24,70,26,2020-02-22,Georgia Southern,,Appalachian State,REG (Conf),W 78-70,,28,3,7,.429,0,0,,3,7,.429,.429,0,0,,1,2,3,0,0,0,2,4,6,0.0,Sarah Moore,https://www.sports-reference.com/cbb/players/sarah-moore-1.html,georgia-southern,2019-20
25,71,27,2020-02-27,Georgia Southern,@,Texas State,REG (Conf),L 68-72,*,14,1,3,.333,0,0,,1,3,.333,.333,0,0,,3,3,6,1,0,0,2,2,2,1.2,Sarah Moore,https://www.sports-reference.com/cbb/players/sarah-moore-1.html,georgia-southern,2019-20
26,72,28,2020-02-29,Georgia Southern,@,UT Arlington,REG (Conf),L 73-101,*,5,1,1,1.000,0,0,,1,1,1.000,1.000,0,0,,0,2,2,1,0,0,0,2,2,2.2,Sarah Moore,https://www.sports-reference.com/cbb/players/sarah-moore-1.html,georgia-southern,2019-20
