ranker,player_game_num_career,team_game_num_season,date,team_name_abbr,game_location,opp_name_abbr,game_type,game_result,is_starter,mp,fg,fga,fg_pct,fg3,fg3a,fg3_pct,fg2,fg2a,fg2_pct,efg_pct,ft,fta,ft_pct,orb,drb,trb,ast,stl,blk,tov,pf,pts,game_score,player_name,player_sr_link,school,season
1,53,1,2019-11-10,Georgia Southern,@,Furman,REG (Non-Conf),L 63-78,*,27,7,17,.412,0,4,.000,7,13,.538,.412,0,1,.000,2,2,4,1,1,0,4,3,14,3.0,Tatum Barber,https://www.sports-reference.com/cbb/players/tatum-barber-1.html,georgia-southern,2019-20
2,54,2,2019-11-17,Georgia Southern,,Kennesaw State,REG (Non-Conf),L 69-95,*,32,7,15,.467,1,4,.250,6,11,.545,.500,3,7,.429,4,4,8,1,3,0,6,2,18,9.6,Tatum Barber,https://www.sports-reference.com/cbb/players/tatum-barber-1.html,georgia-southern,2019-20
3,55,3,2019-11-20,Georgia Southern,,North Dakota,REG (Non-Conf),L 56-69,*,25,1,4,.250,1,3,.333,0,1,.000,.375,8,12,.667,0,4,4,0,0,0,4,4,11,2.6,Tatum Barber,https://www.sports-reference.com/cbb/players/tatum-barber-1.html,georgia-southern,2019-20
4,56,4,2019-11-23,Georgia Southern,@,Bethune-Cookman,REG (Non-Conf),L 57-75,*,27,4,9,.444,2,5,.400,2,4,.500,.556,1,2,.500,1,4,5,2,1,0,3,1,11,6.8,Tatum Barber,https://www.sports-reference.com/cbb/players/tatum-barber-1.html,georgia-southern,2019-20
5,57,5,2019-11-26,Georgia Southern,@,Winthrop,REG (Non-Conf),W 91-47,*,34,5,13,.385,0,1,.000,5,12,.417,.385,5,6,.833,4,2,6,0,2,0,3,3,15,8.7,Tatum Barber,https://www.sports-reference.com/cbb/players/tatum-barber-1.html,georgia-southern,2019-20
6,58,6,2019-12-01,Georgia Southern,@,Wofford,REG (Non-Conf),W 70-57,*,22,2,9,.222,1,4,.250,1,5,.200,.278,0,0,,3,2,5,1,0,1,5,3,5,-2.6,Tatum Barber,https://www.sports-reference.com/cbb/players/tatum-barber-1.html,georgia-southern,2019-20
7,59,7,2019-12-07,Georgia Southern,@,Mercer,REG (Non-Conf),L 52-62,*,27,1,6,.167,0,2,.000,1,4,.250,.167,5,6,.833,2,6,8,1,2,0,2,4,7,5.1,Tatum Barber,https://www.sports-reference.com/cbb/players/tatum-barber-1.html,georgia-southern,2019-20
8,60,8,2019-12-16,Georgia Southern,@,Ole Miss,REG (Non-Conf),L 66-69 (OT),*,36,5,17,.294,3,8,.375,2,9,.222,.382,4,4,1.000,1,4,5,4,1,0,3,3,17,8.6,Tatum Barber,https://www.sports-reference.com/cbb/players/tatum-barber-1.html,georgia-southern,2019-20
9,61,9,2019-12-19,Georgia Southern,@,Kent State,REG (Non-Conf),L 48-62,*,20,2,3,.667,1,1,1.000,1,2,.500,.833,2,2,1.000,0,7,7,1,0,0,7,2,7,0.7,Tatum Barber,https://www.sports-reference.com/cbb/players/tatum-barber-1.html,georgia-southern,2019-20
10,62,10,2019-12-20,Georgia Southern,,St. Francis Brooklyn,REG (Non-Conf),W 78-47,,21,5,10,.500,0,4,.000,5,6,.833,.500,0,0,,1,5,6,1,1,0,2,4,10,5.3,Tatum Barber,https://www.sports-reference.com/cbb/players/tatum-barber-1.html,georgia-southern,2019-20
11,63,11,2019-12-30,Georgia Southern,@,Tulane,REG (Non-Conf),L 40-56,,27,6,12,.500,0,1,.000,6,11,.545,.500,3,4,.750,2,3,5,1,1,0,8,2,15,3.8,Tatum Barber,https://www.sports-reference.com/cbb/players/tatum-barber-1.html,georgia-southern,2019-20
12,64,12,2020-01-02,Georgia Southern,,Louisiana–Monroe,REG (Conf),W 64-47,,12,0,2,.000,0,2,.000,0,0,,.000,0,0,,0,0,0,0,0,0,1,1,0,-2.8,Tatum Barber,https://www.sports-reference.com/cbb/players/tatum-barber-1.html,georgia-southern,2019-20
13,65,13,2020-01-04,Georgia Southern,,Louisiana,REG (Conf),W 83-67,,19,4,6,.667,1,2,.500,3,4,.750,.750,3,3,1.000,1,3,4,1,2,0,3,2,12,9.9,Tatum Barber,https://www.sports-reference.com/cbb/players/tatum-barber-1.html,georgia-southern,2019-20
14,66,14,2020-01-09,Georgia Southern,@,Little Rock,REG (Conf),L 46-58,,13,1,2,.500,0,0,,1,2,.500,.500,1,2,.500,0,4,4,2,0,1,4,3,3,-0.3,Tatum Barber,https://www.sports-reference.com/cbb/players/tatum-barber-1.html,georgia-southern,2019-20
15,67,15,2020-01-11,Georgia Southern,@,Arkansas State,REG (Conf),L 62-69,,30,8,15,.533,2,6,.333,6,9,.667,.600,2,3,.667,3,7,10,2,2,1,1,1,20,19.2,Tatum Barber,https://www.sports-reference.com/cbb/players/tatum-barber-1.html,georgia-southern,2019-20
16,68,16,2020-01-16,Georgia Southern,,Troy,REG (Conf),L 69-79,,25,4,11,.364,0,1,.000,4,10,.400,.364,3,4,.750,3,7,10,0,0,1,4,5,11,3.4,Tatum Barber,https://www.sports-reference.com/cbb/players/tatum-barber-1.html,georgia-southern,2019-20
17,69,17,2020-01-18,Georgia Southern,,South Alabama,REG (Conf),L 65-71,,17,1,3,.333,0,1,.000,1,2,.500,.333,1,2,.500,0,5,5,1,0,0,4,4,3,-2.5,Tatum Barber,https://www.sports-reference.com/cbb/players/tatum-barber-1.html,georgia-southern,2019-20
18,70,18,2020-01-25,Georgia Southern,,Georgia State,REG (Conf),W 81-56,,27,7,9,.778,5,6,.833,2,3,.667,1.056,2,2,1.000,1,6,7,1,1,0,3,2,21,17.9,Tatum Barber,https://www.sports-reference.com/cbb/players/tatum-barber-1.html,georgia-southern,2019-20
19,71,19,2020-01-30,Georgia Southern,@,Coastal Carolina,REG (Conf),L 59-66,,19,3,8,.375,0,4,.000,3,4,.750,.375,1,1,1.000,0,4,4,1,1,0,5,3,7,-0.7,Tatum Barber,https://www.sports-reference.com/cbb/players/tatum-barber-1.html,georgia-southern,2019-20
20,72,20,2020-02-01,Georgia Southern,@,Appalachian State,REG (Conf),L 75-83,,23,6,14,.429,3,9,.333,3,5,.600,.536,4,4,1.000,1,7,8,1,2,0,3,4,19,12.5,Tatum Barber,https://www.sports-reference.com/cbb/players/tatum-barber-1.html,georgia-southern,2019-20
21,73,21,2020-02-06,Georgia Southern,,Little Rock,REG (Conf),L 49-65,,32,3,8,.375,1,3,.333,2,5,.400,.438,5,7,.714,0,3,3,0,1,0,4,3,12,3.5,Tatum Barber,https://www.sports-reference.com/cbb/players/tatum-barber-1.html,georgia-southern,2019-20
22,74,22,2020-02-08,Georgia Southern,,Arkansas State,REG (Conf),W 80-67,*,31,5,11,.455,2,6,.333,3,5,.600,.545,2,3,.667,0,8,8,1,0,0,5,3,14,4.8,Tatum Barber,https://www.sports-reference.com/cbb/players/tatum-barber-1.html,georgia-southern,2019-20
23,75,23,2020-02-13,Georgia Southern,@,Louisiana–Monroe,REG (Conf),W 72-66,*,23,2,5,.400,0,2,.000,2,3,.667,.400,2,2,1.000,1,1,2,1,1,0,2,2,6,3.2,Tatum Barber,https://www.sports-reference.com/cbb/players/tatum-barber-1.html,georgia-southern,2019-20
24,76,24,2020-02-15,Georgia Southern,@,Louisiana,REG (Conf),L 60-72,*,33,6,12,.500,1,5,.200,5,7,.714,.542,2,2,1.000,2,3,5,0,3,0,5,4,15,7.7,Tatum Barber,https://www.sports-reference.com/cbb/players/tatum-barber-1.html,georgia-southern,2019-20
25,77,25,2020-02-20,Georgia Southern,,Coastal Carolina,REG (Conf),L 74-90,*,36,9,20,.450,5,12,.417,4,8,.500,.575,8,10,.800,0,6,6,4,4,0,2,0,31,26.4,Tatum Barber,https://www.sports-reference.com/cbb/players/tatum-barber-1.html,georgia-southern,2019-20
26,78,26,2020-02-22,Georgia Southern,,Appalachian State,REG (Conf),W 78-70,,32,5,9,.556,4,6,.667,1,3,.333,.778,4,6,.667,1,6,7,3,0,0,1,3,18,15.3,Tatum Barber,https://www.sports-reference.com/cbb/players/tatum-barber-1.html,georgia-southern,2019-20
27,79,27,2020-02-27,Georgia Southern,@,Texas State,REG (Conf),L 68-72,*,37,6,15,.400,1,7,.143,5,8,.625,.433,6,6,1.000,3,5,8,2,2,1,3,1,19,15.2,Tatum Barber,https://www.sports-reference.com/cbb/players/tatum-barber-1.html,georgia-southern,2019-20
28,80,28,2020-02-29,Georgia Southern,@,UT Arlington,REG (Conf),L 73-101,*,23,1,8,.125,0,3,.000,1,5,.200,.125,0,0,,0,2,2,4,2,0,4,0,2,-1.8,Tatum Barber,https://www.sports-reference.com/cbb/players/tatum-barber-1.html,georgia-southern,2019-20
29,81,29,2020-03-07,Georgia Southern,@,Georgia State,REG (Conf),W 77-74,*,30,4,10,.400,2,5,.400,2,5,.400,.500,6,6,1.000,3,5,8,0,0,0,2,4,16,10.6,Tatum Barber,https://www.sports-reference.com/cbb/players/tatum-barber-1.html,georgia-southern,2019-20
30,82,30,2020-03-10,Georgia Southern,@,Louisiana,CTOURN,L 64-81,*,35,4,10,.400,0,2,.000,4,8,.500,.400,1,2,.500,1,6,7,0,1,0,1,3,9,4.5,Tatum Barber,https://www.sports-reference.com/cbb/players/tatum-barber-1.html,georgia-southern,2019-20
