ranker,player_game_num_career,team_game_num_season,date,team_name_abbr,game_location,opp_name_abbr,game_type,game_result,is_starter,mp,fg,fga,fg_pct,fg3,fg3a,fg3_pct,fg2,fg2a,fg2_pct,efg_pct,ft,fta,ft_pct,orb,drb,trb,ast,stl,blk,tov,pf,pts,game_score,player_name,player_sr_link,school,season
1,14,1,2019-11-10,Georgia Southern,@,Furman,REG (Non-Conf),L 63-78,,3,0,0,,0,0,,0,0,,,0,0,,0,0,0,0,0,0,0,0,0,0.0,Tsubasa Nisbet,https://www.sports-reference.com/cbb/players/tsubasa-nisbet-1.html,georgia-southern,2019-20
2,15,2,2019-11-17,Georgia Southern,,Kennesaw State,REG (Non-Conf),L 69-95,,4,0,0,,0,0,,0,0,,,0,0,,0,1,1,0,0,0,0,0,0,0.3,Tsubasa Nisbet,https://www.sports-reference.com/cbb/players/tsubasa-nisbet-1.html,georgia-southern,2019-20
3,16,7,2019-12-07,Georgia Southern,@,Mercer,REG (Non-Conf),L 52-62,,3,0,0,,0,0,,0,0,,,0,0,,0,1,1,0,0,0,3,1,0,-3.1,Tsubasa Nisbet,https://www.sports-reference.com/cbb/players/tsubasa-nisbet-1.html,georgia-southern,2019-20
4,17,9,2019-12-19,Georgia Southern,@,Kent State,REG (Non-Conf),L 48-62,,9,1,3,.333,0,1,.000,1,2,.500,.333,0,0,,1,1,2,0,1,0,0,0,2,2.3,Tsubasa Nisbet,https://www.sports-reference.com/cbb/players/tsubasa-nisbet-1.html,georgia-southern,2019-20
5,18,10,2019-12-20,Georgia Southern,,St. Francis Brooklyn,REG (Non-Conf),W 78-47,*,19,3,7,.429,1,1,1.000,2,6,.333,.500,0,0,,3,1,4,1,0,0,1,2,7,4.6,Tsubasa Nisbet,https://www.sports-reference.com/cbb/players/tsubasa-nisbet-1.html,georgia-southern,2019-20
6,19,11,2019-12-30,Georgia Southern,@,Tulane,REG (Non-Conf),L 40-56,*,12,1,2,.500,0,1,.000,1,1,1.000,.500,1,2,.500,0,3,3,0,0,0,1,2,3,0.7,Tsubasa Nisbet,https://www.sports-reference.com/cbb/players/tsubasa-nisbet-1.html,georgia-southern,2019-20
7,20,12,2020-01-02,Georgia Southern,,Louisiana–Monroe,REG (Conf),W 64-47,*,18,4,9,.444,0,1,.000,4,8,.500,.444,0,0,,2,1,3,0,0,1,3,1,8,2.3,Tsubasa Nisbet,https://www.sports-reference.com/cbb/players/tsubasa-nisbet-1.html,georgia-southern,2019-20
8,21,13,2020-01-04,Georgia Southern,,Louisiana,REG (Conf),W 83-67,*,14,3,5,.600,1,1,1.000,2,4,.500,.700,0,0,,1,2,3,0,0,0,3,3,7,1.8,Tsubasa Nisbet,https://www.sports-reference.com/cbb/players/tsubasa-nisbet-1.html,georgia-southern,2019-20
9,22,14,2020-01-09,Georgia Southern,@,Little Rock,REG (Conf),L 46-58,*,12,1,4,.250,0,2,.000,1,2,.500,.250,0,0,,1,2,3,0,1,0,1,4,2,-0.7,Tsubasa Nisbet,https://www.sports-reference.com/cbb/players/tsubasa-nisbet-1.html,georgia-southern,2019-20
10,23,15,2020-01-11,Georgia Southern,@,Arkansas State,REG (Conf),L 62-69,*,21,4,12,.333,0,3,.000,4,9,.444,.333,0,0,,6,5,11,2,1,0,2,1,8,6.9,Tsubasa Nisbet,https://www.sports-reference.com/cbb/players/tsubasa-nisbet-1.html,georgia-southern,2019-20
11,24,16,2020-01-16,Georgia Southern,,Troy,REG (Conf),L 69-79,*,12,1,3,.333,0,0,,1,3,.333,.333,2,2,1.000,3,1,4,1,1,0,2,2,4,3.6,Tsubasa Nisbet,https://www.sports-reference.com/cbb/players/tsubasa-nisbet-1.html,georgia-southern,2019-20
12,25,17,2020-01-18,Georgia Southern,,South Alabama,REG (Conf),L 65-71,*,8,0,2,.000,0,2,.000,0,0,,.000,0,0,,0,1,1,1,0,0,1,2,0,-2.2,Tsubasa Nisbet,https://www.sports-reference.com/cbb/players/tsubasa-nisbet-1.html,georgia-southern,2019-20
13,26,18,2020-01-25,Georgia Southern,,Georgia State,REG (Conf),W 81-56,*,16,4,7,.571,0,1,.000,4,6,.667,.571,0,0,,2,2,4,4,1,0,0,2,8,9.7,Tsubasa Nisbet,https://www.sports-reference.com/cbb/players/tsubasa-nisbet-1.html,georgia-southern,2019-20
14,27,19,2020-01-30,Georgia Southern,@,Coastal Carolina,REG (Conf),L 59-66,*,9,2,2,1.000,0,0,,2,2,1.000,1.000,0,0,,0,0,0,2,0,0,0,3,4,3.6,Tsubasa Nisbet,https://www.sports-reference.com/cbb/players/tsubasa-nisbet-1.html,georgia-southern,2019-20
15,28,20,2020-02-01,Georgia Southern,@,Appalachian State,REG (Conf),L 75-83,*,25,3,6,.500,0,0,,3,6,.500,.500,0,0,,0,3,3,3,1,0,2,4,6,3.4,Tsubasa Nisbet,https://www.sports-reference.com/cbb/players/tsubasa-nisbet-1.html,georgia-southern,2019-20
16,29,21,2020-02-06,Georgia Southern,,Little Rock,REG (Conf),L 49-65,*,26,4,8,.500,0,0,,4,8,.500,.500,0,0,,3,4,7,3,1,0,4,1,8,6.0,Tsubasa Nisbet,https://www.sports-reference.com/cbb/players/tsubasa-nisbet-1.html,georgia-southern,2019-20
17,30,22,2020-02-08,Georgia Southern,,Arkansas State,REG (Conf),W 80-67,*,20,1,5,.200,1,1,1.000,0,4,.000,.300,0,2,.000,0,2,2,2,0,0,1,1,3,-0.3,Tsubasa Nisbet,https://www.sports-reference.com/cbb/players/tsubasa-nisbet-1.html,georgia-southern,2019-20
18,31,23,2020-02-13,Georgia Southern,@,Louisiana–Monroe,REG (Conf),W 72-66,*,9,0,2,.000,0,0,,0,2,.000,.000,0,0,,3,1,4,1,0,0,5,2,0,-4.1,Tsubasa Nisbet,https://www.sports-reference.com/cbb/players/tsubasa-nisbet-1.html,georgia-southern,2019-20
19,32,24,2020-02-15,Georgia Southern,@,Louisiana,REG (Conf),L 60-72,*,8,0,3,.000,0,1,.000,0,2,.000,.000,0,0,,1,0,1,2,0,0,0,0,0,0.0,Tsubasa Nisbet,https://www.sports-reference.com/cbb/players/tsubasa-nisbet-1.html,georgia-southern,2019-20
20,33,25,2020-02-20,Georgia Southern,,Coastal Carolina,REG (Conf),L 74-90,,15,2,5,.400,2,3,.667,0,2,.000,.600,0,2,.000,2,2,4,0,1,0,1,4,6,2.9,Tsubasa Nisbet,https://www.sports-reference.com/cbb/players/tsubasa-nisbet-1.html,georgia-southern,2019-20
21,34,26,2020-02-22,Georgia Southern,,Appalachian State,REG (Conf),W 78-70,,3,0,0,,0,0,,0,0,,,0,0,,0,1,1,0,0,0,0,1,0,-0.1,Tsubasa Nisbet,https://www.sports-reference.com/cbb/players/tsubasa-nisbet-1.html,georgia-southern,2019-20
22,35,27,2020-02-27,Georgia Southern,@,Texas State,REG (Conf),L 68-72,,10,2,2,1.000,0,0,,2,2,1.000,1.000,0,0,,1,2,3,1,0,0,1,0,4,4.4,Tsubasa Nisbet,https://www.sports-reference.com/cbb/players/tsubasa-nisbet-1.html,georgia-southern,2019-20
23,36,28,2020-02-29,Georgia Southern,@,UT Arlington,REG (Conf),L 73-101,,21,1,4,.250,0,1,.000,1,3,.333,.250,1,1,1.000,1,3,4,1,1,0,1,4,3,1.3,Tsubasa Nisbet,https://www.sports-reference.com/cbb/players/tsubasa-nisbet-1.html,georgia-southern,2019-20
24,37,29,2020-03-07,Georgia Southern,@,Georgia State,REG (Conf),W 77-74,*,2,0,0,,0,0,,0,0,,,0,0,,0,0,0,0,0,0,2,1,0,-2.4,Tsubasa Nisbet,https://www.sports-reference.com/cbb/players/tsubasa-nisbet-1.html,georgia-southern,2019-20
25,38,30,2020-03-10,Georgia Southern,@,Louisiana,CTOURN,L 64-81,,2,0,1,.000,0,1,.000,0,0,,.000,0,0,,0,0,0,0,0,0,1,2,0,-2.5,Tsubasa Nisbet,https://www.sports-reference.com/cbb/players/tsubasa-nisbet-1.html,georgia-southern,2019-20
