ranker,player_game_num_career,team_game_num_season,date,team_name_abbr,game_location,opp_name_abbr,game_type,game_result,is_starter,mp,fg,fga,fg_pct,fg3,fg3a,fg3_pct,fg2,fg2a,fg2_pct,efg_pct,ft,fta,ft_pct,orb,drb,trb,ast,stl,blk,tov,pf,pts,game_score,player_name,player_sr_link,school,season
1,50,2,2019-11-17,Georgia Southern,,Kennesaw State,REG (Non-Conf),L 69-95,,2,0,0,,0,0,,0,0,,,0,0,,0,1,1,0,0,0,2,1,0,-2.1,Victoria Stavropoulos,https://www.sports-reference.com/cbb/players/victoria-stavropoulos-1.html,georgia-southern,2019-20
2,51,4,2019-11-23,Georgia Southern,@,Bethune-Cookman,REG (Non-Conf),L 57-75,,4,0,0,,0,0,,0,0,,,0,0,,0,1,1,0,0,0,0,0,0,0.3,Victoria Stavropoulos,https://www.sports-reference.com/cbb/players/victoria-stavropoulos-1.html,georgia-southern,2019-20
3,52,5,2019-11-26,Georgia Southern,@,Winthrop,REG (Non-Conf),W 91-47,,14,0,4,.000,0,2,.000,0,2,.000,.000,0,0,,2,1,3,0,1,0,0,2,0,-0.9,Victoria Stavropoulos,https://www.sports-reference.com/cbb/players/victoria-stavropoulos-1.html,georgia-southern,2019-20
4,53,6,2019-12-01,Georgia Southern,@,Wofford,REG (Non-Conf),W 70-57,,1,0,0,,0,0,,0,0,,,0,0,,0,0,0,0,0,0,0,0,0,0.0,Victoria Stavropoulos,https://www.sports-reference.com/cbb/players/victoria-stavropoulos-1.html,georgia-southern,2019-20
5,54,7,2019-12-07,Georgia Southern,@,Mercer,REG (Non-Conf),L 52-62,,7,1,3,.333,1,1,1.000,0,2,.000,.500,0,0,,2,0,2,0,0,0,0,2,3,1.9,Victoria Stavropoulos,https://www.sports-reference.com/cbb/players/victoria-stavropoulos-1.html,georgia-southern,2019-20
6,55,9,2019-12-19,Georgia Southern,@,Kent State,REG (Non-Conf),L 48-62,,5,1,2,.500,0,1,.000,1,1,1.000,.500,0,0,,1,2,3,0,0,0,0,0,2,2.3,Victoria Stavropoulos,https://www.sports-reference.com/cbb/players/victoria-stavropoulos-1.html,georgia-southern,2019-20
7,56,10,2019-12-20,Georgia Southern,,St. Francis Brooklyn,REG (Non-Conf),W 78-47,*,19,0,3,.000,0,1,.000,0,2,.000,.000,2,2,1.000,1,5,6,1,0,0,0,0,2,2.8,Victoria Stavropoulos,https://www.sports-reference.com/cbb/players/victoria-stavropoulos-1.html,georgia-southern,2019-20
8,57,11,2019-12-30,Georgia Southern,@,Tulane,REG (Non-Conf),L 40-56,*,13,1,3,.333,0,1,.000,1,2,.500,.333,0,0,,0,4,4,0,3,0,3,4,2,-0.1,Victoria Stavropoulos,https://www.sports-reference.com/cbb/players/victoria-stavropoulos-1.html,georgia-southern,2019-20
9,58,12,2020-01-02,Georgia Southern,,Louisiana–Monroe,REG (Conf),W 64-47,*,12,0,0,,0,0,,0,0,,,0,0,,1,1,2,4,0,0,0,0,0,3.8,Victoria Stavropoulos,https://www.sports-reference.com/cbb/players/victoria-stavropoulos-1.html,georgia-southern,2019-20
10,59,13,2020-01-04,Georgia Southern,,Louisiana,REG (Conf),W 83-67,*,10,1,2,.500,1,2,.500,0,0,,.750,0,0,,0,1,1,3,0,0,0,0,3,4.4,Victoria Stavropoulos,https://www.sports-reference.com/cbb/players/victoria-stavropoulos-1.html,georgia-southern,2019-20
11,60,14,2020-01-09,Georgia Southern,@,Little Rock,REG (Conf),L 46-58,*,13,2,5,.400,0,1,.000,2,4,.500,.400,0,0,,2,0,2,1,0,0,1,2,4,1.6,Victoria Stavropoulos,https://www.sports-reference.com/cbb/players/victoria-stavropoulos-1.html,georgia-southern,2019-20
12,61,15,2020-01-11,Georgia Southern,@,Arkansas State,REG (Conf),L 62-69,*,10,2,3,.667,1,2,.500,1,1,1.000,.833,0,0,,1,1,2,1,0,0,0,0,5,5.4,Victoria Stavropoulos,https://www.sports-reference.com/cbb/players/victoria-stavropoulos-1.html,georgia-southern,2019-20
13,62,16,2020-01-16,Georgia Southern,,Troy,REG (Conf),L 69-79,*,4,0,0,,0,0,,0,0,,,0,0,,0,0,0,0,0,1,0,1,0,0.3,Victoria Stavropoulos,https://www.sports-reference.com/cbb/players/victoria-stavropoulos-1.html,georgia-southern,2019-20
14,63,17,2020-01-18,Georgia Southern,,South Alabama,REG (Conf),L 65-71,*,3,0,1,.000,0,0,,0,1,.000,.000,0,0,,0,0,0,0,0,0,0,0,0,-0.7,Victoria Stavropoulos,https://www.sports-reference.com/cbb/players/victoria-stavropoulos-1.html,georgia-southern,2019-20
15,64,18,2020-01-25,Georgia Southern,,Georgia State,REG (Conf),W 81-56,*,11,1,3,.333,0,0,,1,3,.333,.333,0,0,,1,1,2,0,0,1,1,1,2,0.6,Victoria Stavropoulos,https://www.sports-reference.com/cbb/players/victoria-stavropoulos-1.html,georgia-southern,2019-20
16,65,19,2020-01-30,Georgia Southern,@,Coastal Carolina,REG (Conf),L 59-66,*,11,1,1,1.000,0,0,,1,1,1.000,1.000,0,0,,0,0,0,0,0,0,0,1,2,1.3,Victoria Stavropoulos,https://www.sports-reference.com/cbb/players/victoria-stavropoulos-1.html,georgia-southern,2019-20
17,66,20,2020-02-01,Georgia Southern,@,Appalachian State,REG (Conf),L 75-83,*,21,4,6,.667,0,0,,4,6,.667,.667,0,2,.000,3,0,3,1,0,0,1,2,8,5.6,Victoria Stavropoulos,https://www.sports-reference.com/cbb/players/victoria-stavropoulos-1.html,georgia-southern,2019-20
18,67,21,2020-02-06,Georgia Southern,,Little Rock,REG (Conf),L 49-65,*,14,1,2,.500,1,2,.500,0,0,,.750,1,2,.500,1,2,3,0,1,0,1,2,4,3.1,Victoria Stavropoulos,https://www.sports-reference.com/cbb/players/victoria-stavropoulos-1.html,georgia-southern,2019-20
19,68,22,2020-02-08,Georgia Southern,,Arkansas State,REG (Conf),W 80-67,*,4,0,0,,0,0,,0,0,,,0,0,,1,1,2,0,0,0,1,1,0,-0.4,Victoria Stavropoulos,https://www.sports-reference.com/cbb/players/victoria-stavropoulos-1.html,georgia-southern,2019-20
20,69,23,2020-02-13,Georgia Southern,@,Louisiana–Monroe,REG (Conf),W 72-66,*,14,2,3,.667,2,2,1.000,0,1,.000,1.000,0,0,,0,0,0,2,1,0,0,2,6,6.3,Victoria Stavropoulos,https://www.sports-reference.com/cbb/players/victoria-stavropoulos-1.html,georgia-southern,2019-20
21,70,24,2020-02-15,Georgia Southern,@,Louisiana,REG (Conf),L 60-72,*,3,0,0,,0,0,,0,0,,,0,0,,0,0,0,0,0,0,0,0,0,0.0,Victoria Stavropoulos,https://www.sports-reference.com/cbb/players/victoria-stavropoulos-1.html,georgia-southern,2019-20
22,71,25,2020-02-20,Georgia Southern,,Coastal Carolina,REG (Conf),L 74-90,,3,0,1,.000,0,1,.000,0,0,,.000,0,0,,0,0,0,0,0,0,0,0,0,-0.7,Victoria Stavropoulos,https://www.sports-reference.com/cbb/players/victoria-stavropoulos-1.html,georgia-southern,2019-20
23,72,26,2020-02-22,Georgia Southern,,Appalachian State,REG (Conf),W 78-70,*,7,0,0,,0,0,,0,0,,,0,0,,0,1,1,0,0,0,0,0,0,0.3,Victoria Stavropoulos,https://www.sports-reference.com/cbb/players/victoria-stavropoulos-1.html,georgia-southern,2019-20
24,73,27,2020-02-27,Georgia Southern,@,Texas State,REG (Conf),L 68-72,,1,0,0,,0,0,,0,0,,,0,0,,0,0,0,0,0,0,0,1,0,-0.4,Victoria Stavropoulos,https://www.sports-reference.com/cbb/players/victoria-stavropoulos-1.html,georgia-southern,2019-20
25,74,28,2020-02-29,Georgia Southern,@,UT Arlington,REG (Conf),L 73-101,,6,0,1,.000,0,1,.000,0,0,,.000,0,0,,0,0,0,0,0,0,0,0,0,-0.7,Victoria Stavropoulos,https://www.sports-reference.com/cbb/players/victoria-stavropoulos-1.html,georgia-southern,2019-20
26,75,30,2020-03-10,Georgia Southern,@,Louisiana,CTOURN,L 64-81,,4,0,1,.000,0,0,,0,1,.000,.000,1,2,.500,0,0,0,0,0,0,0,2,1,-0.9,Victoria Stavropoulos,https://www.sports-reference.com/cbb/players/victoria-stavropoulos-1.html,georgia-southern,2019-20
