ranker,player_game_num_career,team_game_num_season,date,team_name_abbr,game_location,opp_name_abbr,game_type,game_result,is_starter,mp,fg,fga,fg_pct,fg3,fg3a,fg2,fg2a,fg2_pct,efg_pct,ft,fta,ft_pct,orb,drb,trb,ast,stl,blk,tov,pf,pts,game_score,player_name,player_sr_link,school,season
1,21,1,2022-11-07,NC State,,Quinnipiac,REG (Non-Conf),W 82-45,,8,1,1,1.000,0,0,1,1,1.000,1.000,1,2,.500,0,1,1,1,0,1,1,2,3,2.2,Sophie Hart,https://www.sports-reference.com/cbb/players/sophie-hart-1.html,north-carolina-state,2022-23
2,22,2,2022-11-10,NC State,,Elon,REG (Non-Conf),W 89-55,,6,1,1,1.000,0,0,1,1,1.000,1.000,0,0,,1,0,1,0,0,1,0,0,2,3.1,Sophie Hart,https://www.sports-reference.com/cbb/players/sophie-hart-1.html,north-carolina-state,2022-23
3,23,3,2022-11-13,NC State,,Mount St. Mary's,REG (Non-Conf),W 86-38,,8,2,4,.500,0,0,2,4,.500,.500,1,2,.500,2,4,6,1,0,0,1,1,5,4.5,Sophie Hart,https://www.sports-reference.com/cbb/players/sophie-hart-1.html,north-carolina-state,2022-23
4,24,4,2022-11-16,NC State,,Charlotte,REG (Non-Conf),W 96-48,,5,0,1,.000,0,0,0,1,.000,.000,0,0,,1,0,1,0,0,0,1,0,0,-1.0,Sophie Hart,https://www.sports-reference.com/cbb/players/sophie-hart-1.html,north-carolina-state,2022-23
5,25,5,2022-11-20,NC State,@,Connecticut,REG (Non-Conf),L 69-91,,1,0,0,,0,0,0,0,,,0,0,,0,0,0,0,0,0,0,0,0,0.0,Sophie Hart,https://www.sports-reference.com/cbb/players/sophie-hart-1.html,north-carolina-state,2022-23
