ranker,player_game_num_career,team_game_num_season,date,team_name_abbr,game_location,opp_name_abbr,game_type,game_result,is_starter,mp,fg,fga,fg_pct,fg3,fg3a,fg3_pct,fg2,fg2a,fg2_pct,efg_pct,ft,fta,ft_pct,orb,drb,trb,ast,stl,blk,tov,pf,pts,game_score,player_name,player_sr_link,school,season
1,1,2,2022-11-13,Georgia Tech,,Kennesaw State,REG (Non-Conf),W 65-39,,4,0,1,.000,0,1,.000,0,0,,.000,0,0,,0,0,0,0,0,0,1,3,0,-2.9,Raeven Boswell,https://www.sports-reference.com/cbb/players/raeven-boswell-1.html,georgia-tech,2022-23
2,2,10,2022-12-11,Georgia Tech,,Central Michigan,REG (Non-Conf),W 71-45,,8,0,0,,0,0,,0,0,,,0,0,,1,0,1,1,0,0,0,1,0,1.0,Raeven Boswell,https://www.sports-reference.com/cbb/players/raeven-boswell-1.html,georgia-tech,2022-23
3,3,12,2022-12-21,Georgia Tech,,Furman,REG (Non-Conf),W 82-41,,10,2,6,.333,2,4,.500,0,2,.000,.500,1,2,.500,1,1,2,0,0,0,1,1,7,2.8,Raeven Boswell,https://www.sports-reference.com/cbb/players/raeven-boswell-1.html,georgia-tech,2022-23
4,4,28,2023-02-23,Georgia Tech,@,Notre Dame,REG (Conf),L 53-76,,3,0,0,,0,0,,0,0,,,0,0,,1,0,1,0,0,0,1,0,0,-0.3,Raeven Boswell,https://www.sports-reference.com/cbb/players/raeven-boswell-1.html,georgia-tech,2022-23
5,5,29,2023-02-26,Georgia Tech,,Virginia Tech,REG (Conf),L 52-65,,3,0,0,,0,0,,0,0,,,0,0,,0,0,0,0,0,0,1,0,0,-1.0,Raeven Boswell,https://www.sports-reference.com/cbb/players/raeven-boswell-1.html,georgia-tech,2022-23
