ranker,player_game_num_career,team_game_num_season,date,team_name_abbr,game_location,opp_name_abbr,game_type,game_result,is_starter,mp,fg,fga,fg_pct,fg3,fg3a,fg3_pct,fg2,fg2a,fg2_pct,efg_pct,ft,fta,ft_pct,orb,drb,trb,ast,stl,blk,tov,pf,pts,game_score,player_name,player_sr_link,school,season
1,1,3,2024-11-11,Northern Arizona,,Fort Lewis,REG (Non-Conf),W 101-68,,5,0,1,.000,0,0,,0,1,.000,.000,0,0,,0,0,0,2,0,0,2,0,0,-1.3,Ceren Oturakci,https://www.sports-reference.com/cbb/players/ceren-oturakci-1.html,northern-arizona,2024-25
2,2,8,2024-11-30,Northern Arizona,N,Tulane,REG (Non-Conf),W 87-70,,1,0,0,,0,0,,0,0,,,0,0,,0,0,0,0,0,0,0,0,0,0.0,Ceren Oturakci,https://www.sports-reference.com/cbb/players/ceren-oturakci-1.html,northern-arizona,2024-25
3,3,16,2025-01-09,Northern Arizona,,Montana,REG (Conf),W 65-46,,2,0,1,.000,0,1,.000,0,0,,.000,0,0,,0,1,1,0,0,0,0,0,0,-0.4,Ceren Oturakci,https://www.sports-reference.com/cbb/players/ceren-oturakci-1.html,northern-arizona,2024-25
4,4,19,2025-01-18,Northern Arizona,@,Portland State,REG (Conf),W 76-53,,2,0,0,,0,0,,0,0,,,0,0,,0,0,0,0,0,0,0,0,0,0.0,Ceren Oturakci,https://www.sports-reference.com/cbb/players/ceren-oturakci-1.html,northern-arizona,2024-25
5,5,21,2025-01-25,Northern Arizona,,Idaho,REG (Conf),W 106-76,,2,0,1,.000,0,1,.000,0,0,,.000,3,4,.750,0,0,0,0,0,0,0,1,3,1.5,Ceren Oturakci,https://www.sports-reference.com/cbb/players/ceren-oturakci-1.html,northern-arizona,2024-25
6,6,22,2025-02-01,Northern Arizona,,Northern Colorado,REG (Conf),W 68-52,,1,0,1,.000,0,0,,0,1,.000,.000,0,0,,1,0,1,0,0,0,0,0,0,0.0,Ceren Oturakci,https://www.sports-reference.com/cbb/players/ceren-oturakci-1.html,northern-arizona,2024-25
7,7,25,2025-02-08,Northern Arizona,@,Montana,REG (Conf),W 96-76,,1,0,0,,0,0,,0,0,,,0,0,,0,0,0,0,0,0,0,1,0,-0.4,Ceren Oturakci,https://www.sports-reference.com/cbb/players/ceren-oturakci-1.html,northern-arizona,2024-25
