ranker,player_game_num_career,team_game_num_season,date,team_name_abbr,game_location,opp_name_abbr,game_type,game_result,is_starter,mp,fg,fga,fg_pct,fg3,fg3a,fg3_pct,fg2,fg2a,fg2_pct,efg_pct,ft,fta,ft_pct,orb,drb,trb,ast,stl,blk,tov,pf,pts,game_score,player_name,player_sr_link,school,season
1,31,1,2024-11-04,Northern Arizona,@,New Mexico,REG (Non-Conf),W 80-78,,2,0,0,,0,0,,0,0,,,0,0,,0,0,0,0,0,0,0,0,0,0.0,Talo Li-Uperesa,https://www.sports-reference.com/cbb/players/talo-li-uperesa-1.html,northern-arizona,2024-25
2,32,2,2024-11-07,Northern Arizona,@,UNLV,REG (Non-Conf),L 71-85,,2,0,0,,0,0,,0,0,,,0,0,,0,0,0,0,0,0,0,0,0,0.0,Talo Li-Uperesa,https://www.sports-reference.com/cbb/players/talo-li-uperesa-1.html,northern-arizona,2024-25
3,33,3,2024-11-11,Northern Arizona,,Fort Lewis,REG (Non-Conf),W 101-68,,13,1,2,.500,0,1,.000,1,1,1.000,.500,2,2,1.000,0,0,0,1,1,0,0,0,4,4.7,Talo Li-Uperesa,https://www.sports-reference.com/cbb/players/talo-li-uperesa-1.html,northern-arizona,2024-25
4,34,4,2024-11-17,Northern Arizona,@,Pacific,REG (Non-Conf),W 68-63,,6,0,1,.000,0,0,,0,1,.000,.000,1,2,.500,0,0,0,2,0,0,0,0,1,1.3,Talo Li-Uperesa,https://www.sports-reference.com/cbb/players/talo-li-uperesa-1.html,northern-arizona,2024-25
5,35,11,2024-12-14,Northern Arizona,,San Francisco,REG (Non-Conf),W 92-83,,4,0,0,,0,0,,0,0,,,0,0,,1,0,1,0,0,0,2,0,0,-1.3,Talo Li-Uperesa,https://www.sports-reference.com/cbb/players/talo-li-uperesa-1.html,northern-arizona,2024-25
6,36,13,2024-12-29,Northern Arizona,@,Grand Canyon,REG (Non-Conf),L 70-79,,0,0,0,,0,0,,0,0,,,0,0,,0,0,0,0,0,0,0,0,0,0.0,Talo Li-Uperesa,https://www.sports-reference.com/cbb/players/talo-li-uperesa-1.html,northern-arizona,2024-25
