ranker,player_game_num_career,team_game_num_season,date,team_name_abbr,game_location,opp_name_abbr,game_type,game_result,is_starter,mp,fg,fga,fg_pct,fg3,fg3a,fg3_pct,fg2,fg2a,fg2_pct,efg_pct,ft,fta,ft_pct,orb,drb,trb,ast,stl,blk,tov,pf,pts,game_score,player_name,player_sr_link,school,season
1,18,1,2021-11-10,Cornell,,Colgate,REG (Non-Conf),W 53-34,*,24,0,7,.000,0,2,.000,0,5,.000,.000,0,0,,1,4,5,1,1,0,2,4,0,-4.9,Ania McNicholas,https://www.sports-reference.com/cbb/players/ania-mcnicholas-1.html,cornell,2021-22
2,19,2,2021-11-12,Cornell,@,Wake Forest,REG (Non-Conf),L 42-64,*,32,3,8,.375,1,3,.333,2,5,.400,.438,1,2,.500,1,3,4,3,4,0,6,2,8,4.1,Ania McNicholas,https://www.sports-reference.com/cbb/players/ania-mcnicholas-1.html,cornell,2021-22
3,20,3,2021-11-14,Cornell,@,East Tennessee State,REG (Non-Conf),L 54-66,*,35,5,13,.385,1,7,.143,4,6,.667,.423,0,1,.000,2,6,8,4,1,1,3,2,11,7.4,Ania McNicholas,https://www.sports-reference.com/cbb/players/ania-mcnicholas-1.html,cornell,2021-22
4,21,4,2021-11-17,Cornell,@,Binghamton,REG (Non-Conf),W 67-57,*,32,5,8,.625,0,1,.000,5,7,.714,.625,0,0,,2,3,5,1,2,1,1,2,10,10.3,Ania McNicholas,https://www.sports-reference.com/cbb/players/ania-mcnicholas-1.html,cornell,2021-22
5,22,5,2021-11-20,Cornell,,Fairleigh Dickinson,REG (Non-Conf),L 32-63,*,26,1,7,.143,1,2,.500,0,5,.000,.214,0,2,.000,2,6,8,0,3,0,4,2,3,-0.9,Ania McNicholas,https://www.sports-reference.com/cbb/players/ania-mcnicholas-1.html,cornell,2021-22
6,23,6,2021-11-24,Cornell,,Albany (NY),REG (Non-Conf),W 47-46,*,37,2,9,.222,0,2,.000,2,7,.286,.222,2,2,1.000,3,1,4,1,6,0,2,1,6,7.2,Ania McNicholas,https://www.sports-reference.com/cbb/players/ania-mcnicholas-1.html,cornell,2021-22
7,24,8,2021-12-01,Cornell,,UMass Lowell,REG (Non-Conf),L 44-53,*,24,2,6,.333,0,4,.000,2,2,1.000,.333,0,0,,0,3,3,0,3,1,2,5,4,1.2,Ania McNicholas,https://www.sports-reference.com/cbb/players/ania-mcnicholas-1.html,cornell,2021-22
8,25,9,2021-12-04,Cornell,@,Niagara,REG (Non-Conf),L 71-76,*,33,5,15,.333,0,4,.000,5,11,.455,.333,6,10,.600,3,1,4,4,3,0,6,4,16,6.5,Ania McNicholas,https://www.sports-reference.com/cbb/players/ania-mcnicholas-1.html,cornell,2021-22
9,26,10,2021-12-08,Cornell,@,Syracuse,REG (Non-Conf),L 55-85,*,27,2,15,.133,1,6,.167,1,9,.111,.167,0,0,,2,4,6,3,2,0,1,2,5,0.2,Ania McNicholas,https://www.sports-reference.com/cbb/players/ania-mcnicholas-1.html,cornell,2021-22
10,27,11,2021-12-29,Cornell,,Lock Haven,REG (Non-Conf),W 82-48,*,28,5,14,.357,2,6,.333,3,8,.375,.429,2,2,1.000,4,3,7,7,3,0,2,1,14,15.4,Ania McNicholas,https://www.sports-reference.com/cbb/players/ania-mcnicholas-1.html,cornell,2021-22
11,28,12,2022-01-02,Cornell,@,Dartmouth,REG (Conf),W 45-36,*,39,3,10,.300,2,7,.286,1,3,.333,.400,2,4,.500,5,4,9,6,1,0,4,2,10,8.5,Ania McNicholas,https://www.sports-reference.com/cbb/players/ania-mcnicholas-1.html,cornell,2021-22
12,29,13,2022-01-08,Cornell,,Princeton,REG (Conf),L 41-65,*,30,2,9,.222,1,2,.500,1,7,.143,.278,2,2,1.000,0,3,3,0,2,2,3,1,7,2.4,Ania McNicholas,https://www.sports-reference.com/cbb/players/ania-mcnicholas-1.html,cornell,2021-22
13,30,14,2022-01-15,Cornell,,Yale,REG (Conf),L 44-62,*,32,3,9,.333,0,2,.000,3,7,.429,.333,3,4,.750,1,5,6,1,4,0,2,5,9,6.4,Ania McNicholas,https://www.sports-reference.com/cbb/players/ania-mcnicholas-1.html,cornell,2021-22
14,31,15,2022-01-20,Cornell,@,Columbia,REG (Conf),L 46-57,*,35,3,11,.273,2,4,.500,1,7,.143,.364,3,6,.500,2,8,10,3,0,0,4,3,11,4.0,Ania McNicholas,https://www.sports-reference.com/cbb/players/ania-mcnicholas-1.html,cornell,2021-22
15,32,16,2022-01-22,Cornell,@,Harvard,REG (Conf),L 47-89,*,29,4,13,.308,3,8,.375,1,5,.200,.423,1,2,.500,3,3,6,3,2,0,6,5,12,3.2,Ania McNicholas,https://www.sports-reference.com/cbb/players/ania-mcnicholas-1.html,cornell,2021-22
16,33,17,2022-01-29,Cornell,,Brown,REG (Conf),W 61-55,*,36,3,12,.250,2,6,.333,1,6,.167,.333,5,8,.625,1,1,2,7,1,0,3,2,13,7.7,Ania McNicholas,https://www.sports-reference.com/cbb/players/ania-mcnicholas-1.html,cornell,2021-22
17,34,18,2022-02-04,Cornell,@,Princeton,REG (Conf),L 37-75,*,24,0,4,.000,0,2,.000,0,2,.000,.000,0,0,,1,2,3,2,2,0,5,3,0,-4.3,Ania McNicholas,https://www.sports-reference.com/cbb/players/ania-mcnicholas-1.html,cornell,2021-22
18,35,19,2022-02-05,Cornell,@,Pennsylvania,REG (Conf),L 61-71,*,26,4,10,.400,1,4,.250,3,6,.500,.450,2,4,.500,1,2,3,2,2,0,2,4,11,5.9,Ania McNicholas,https://www.sports-reference.com/cbb/players/ania-mcnicholas-1.html,cornell,2021-22
19,36,20,2022-02-12,Cornell,@,Brown,REG (Conf),W 68-61,*,38,6,11,.545,5,8,.625,1,3,.333,.773,5,8,.625,1,6,7,3,2,1,6,3,22,15.6,Ania McNicholas,https://www.sports-reference.com/cbb/players/ania-mcnicholas-1.html,cornell,2021-22
20,37,21,2022-02-18,Cornell,,Dartmouth,REG (Conf),L 64-67 (OT),*,22,0,7,.000,0,3,.000,0,4,.000,.000,1,2,.500,4,4,8,2,2,0,5,4,1,-3.5,Ania McNicholas,https://www.sports-reference.com/cbb/players/ania-mcnicholas-1.html,cornell,2021-22
21,38,22,2022-02-19,Cornell,,Harvard,REG (Conf),W 52-49,*,33,4,12,.333,0,2,.000,4,10,.400,.333,1,2,.500,2,3,5,1,1,0,7,4,9,-2.8,Ania McNicholas,https://www.sports-reference.com/cbb/players/ania-mcnicholas-1.html,cornell,2021-22
22,39,23,2022-02-23,Cornell,,Pennsylvania,REG (Conf),L 57-70,*,26,4,9,.444,1,4,.250,3,5,.600,.500,2,2,1.000,2,5,7,3,1,0,4,4,11,6.7,Ania McNicholas,https://www.sports-reference.com/cbb/players/ania-mcnicholas-1.html,cornell,2021-22
23,40,24,2022-02-26,Cornell,@,Yale,REG (Conf),L 40-56,*,31,0,6,.000,0,5,.000,0,1,.000,.000,0,0,,0,7,7,2,2,0,4,1,0,-3.1,Ania McNicholas,https://www.sports-reference.com/cbb/players/ania-mcnicholas-1.html,cornell,2021-22
24,41,25,2022-03-04,Cornell,,Columbia,REG (Conf),L 57-70,*,37,5,12,.417,1,3,.333,4,9,.444,.458,1,3,.333,2,2,4,1,1,1,2,3,12,6.0,Ania McNicholas,https://www.sports-reference.com/cbb/players/ania-mcnicholas-1.html,cornell,2021-22
