ranker,player_game_num_career,team_game_num_season,date,team_name_abbr,game_location,opp_name_abbr,game_type,game_result,is_starter,mp,fg,fga,fg_pct,fg3,fg3a,fg2,fg2a,fg2_pct,efg_pct,ft,fta,ft_pct,orb,drb,trb,ast,stl,blk,tov,pf,pts,game_score,player_name,player_sr_link,school,season
1,5,13,2022-01-08,Cornell,,Princeton,REG (Conf),L 41-65,,10,0,1,.000,0,0,0,1,.000,.000,1,2,.500,1,0,1,1,0,0,0,0,1,1.3,Anna Hovis,https://www.sports-reference.com/cbb/players/anna-hovis-1.html,cornell,2021-22
2,6,14,2022-01-15,Cornell,,Yale,REG (Conf),L 44-62,,5,0,1,.000,0,0,0,1,.000,.000,0,0,,0,0,0,0,0,0,0,2,0,-1.5,Anna Hovis,https://www.sports-reference.com/cbb/players/anna-hovis-1.html,cornell,2021-22
3,7,15,2022-01-20,Cornell,@,Columbia,REG (Conf),L 46-57,,4,0,0,,0,0,0,0,,,0,0,,0,0,0,0,0,0,0,0,0,0.0,Anna Hovis,https://www.sports-reference.com/cbb/players/anna-hovis-1.html,cornell,2021-22
4,8,16,2022-01-22,Cornell,@,Harvard,REG (Conf),L 47-89,,3,0,0,,0,0,0,0,,,0,0,,0,1,1,0,0,0,0,1,0,-0.1,Anna Hovis,https://www.sports-reference.com/cbb/players/anna-hovis-1.html,cornell,2021-22
5,9,17,2022-01-29,Cornell,,Brown,REG (Conf),W 61-55,,3,0,1,.000,0,0,0,1,.000,.000,0,0,,0,0,0,0,0,0,0,0,0,-0.7,Anna Hovis,https://www.sports-reference.com/cbb/players/anna-hovis-1.html,cornell,2021-22
6,10,18,2022-02-04,Cornell,@,Princeton,REG (Conf),L 37-75,,14,0,1,.000,0,0,0,1,.000,.000,2,2,1.000,0,2,2,0,1,1,1,2,2,1.8,Anna Hovis,https://www.sports-reference.com/cbb/players/anna-hovis-1.html,cornell,2021-22
7,11,19,2022-02-05,Cornell,@,Pennsylvania,REG (Conf),L 61-71,,8,2,2,1.000,0,0,2,2,1.000,1.000,0,0,,0,1,1,0,0,0,1,1,4,2.3,Anna Hovis,https://www.sports-reference.com/cbb/players/anna-hovis-1.html,cornell,2021-22
8,12,20,2022-02-12,Cornell,@,Brown,REG (Conf),W 68-61,,2,0,1,.000,0,0,0,1,.000,.000,0,0,,0,0,0,0,0,0,0,0,0,-0.7,Anna Hovis,https://www.sports-reference.com/cbb/players/anna-hovis-1.html,cornell,2021-22
9,13,21,2022-02-18,Cornell,,Dartmouth,REG (Conf),L 64-67 (OT),,5,0,0,,0,0,0,0,,,0,0,,0,1,1,0,0,0,0,2,0,-0.5,Anna Hovis,https://www.sports-reference.com/cbb/players/anna-hovis-1.html,cornell,2021-22
10,14,22,2022-02-19,Cornell,,Harvard,REG (Conf),W 52-49,,10,1,1,1.000,0,0,1,1,1.000,1.000,0,0,,0,0,0,1,0,0,0,2,2,1.6,Anna Hovis,https://www.sports-reference.com/cbb/players/anna-hovis-1.html,cornell,2021-22
11,15,23,2022-02-23,Cornell,,Pennsylvania,REG (Conf),L 57-70,,1,0,0,,0,0,0,0,,,0,0,,0,0,0,0,0,0,0,0,0,0.0,Anna Hovis,https://www.sports-reference.com/cbb/players/anna-hovis-1.html,cornell,2021-22
12,16,24,2022-02-26,Cornell,@,Yale,REG (Conf),L 40-56,,14,1,2,.500,0,0,1,2,.500,.500,0,0,,1,2,3,0,0,1,0,1,2,2.6,Anna Hovis,https://www.sports-reference.com/cbb/players/anna-hovis-1.html,cornell,2021-22
13,17,25,2022-03-04,Cornell,,Columbia,REG (Conf),L 57-70,,4,1,1,1.000,0,0,1,1,1.000,1.000,0,0,,0,0,0,0,1,0,0,0,2,2.7,Anna Hovis,https://www.sports-reference.com/cbb/players/anna-hovis-1.html,cornell,2021-22
