ranker,player_game_num_career,team_game_num_season,date,team_name_abbr,game_location,opp_name_abbr,game_type,game_result,is_starter,mp,fg,fga,fg_pct,fg3,fg3a,fg3_pct,fg2,fg2a,fg2_pct,efg_pct,ft,fta,orb,drb,trb,ast,stl,blk,tov,pf,pts,game_score,player_name,player_sr_link,school,season
1,1,10,2021-12-08,Cornell,@,Syracuse,REG (Non-Conf),L 55-85,,1,0,0,,0,0,,0,0,,,0,0,0,1,1,0,0,0,0,0,0,0.3,Arianna Linoxilakis,https://www.sports-reference.com/cbb/players/arianna-linoxilakis-1.html,cornell,2021-22
2,2,11,2021-12-29,Cornell,,Lock Haven,REG (Non-Conf),W 82-48,,5,0,0,,0,0,,0,0,,,0,0,0,1,1,0,0,0,0,2,0,-0.5,Arianna Linoxilakis,https://www.sports-reference.com/cbb/players/arianna-linoxilakis-1.html,cornell,2021-22
3,3,13,2022-01-08,Cornell,,Princeton,REG (Conf),L 41-65,,3,0,0,,0,0,,0,0,,,0,0,0,0,0,1,0,0,0,0,0,0.7,Arianna Linoxilakis,https://www.sports-reference.com/cbb/players/arianna-linoxilakis-1.html,cornell,2021-22
4,4,14,2022-01-15,Cornell,,Yale,REG (Conf),L 44-62,,2,0,0,,0,0,,0,0,,,0,0,0,0,0,0,0,0,0,0,0,0.0,Arianna Linoxilakis,https://www.sports-reference.com/cbb/players/arianna-linoxilakis-1.html,cornell,2021-22
5,5,16,2022-01-22,Cornell,@,Harvard,REG (Conf),L 47-89,,4,0,5,.000,0,1,.000,0,4,.000,.000,0,0,0,0,0,0,0,0,0,0,0,-3.5,Arianna Linoxilakis,https://www.sports-reference.com/cbb/players/arianna-linoxilakis-1.html,cornell,2021-22
6,6,18,2022-02-04,Cornell,@,Princeton,REG (Conf),L 37-75,,3,0,0,,0,0,,0,0,,,0,0,0,1,1,0,0,0,1,0,0,-0.7,Arianna Linoxilakis,https://www.sports-reference.com/cbb/players/arianna-linoxilakis-1.html,cornell,2021-22
