ranker,player_game_num_career,team_game_num_season,date,team_name_abbr,game_location,opp_name_abbr,game_type,game_result,is_starter,mp,fg,fga,fg_pct,fg3,fg3a,fg2,fg2a,fg2_pct,efg_pct,ft,fta,ft_pct,orb,drb,trb,ast,stl,blk,tov,pf,pts,game_score,player_name,player_sr_link,school,season
1,1,1,2021-11-10,Cornell,,Colgate,REG (Non-Conf),W 53-34,,2,0,0,,0,0,0,0,,,0,0,,0,0,0,0,0,0,0,0,0,0.0,Jada Davis,https://www.sports-reference.com/cbb/players/jada-davis-1.html,cornell,2021-22
2,2,2,2021-11-12,Cornell,@,Wake Forest,REG (Non-Conf),L 42-64,,7,0,0,,0,0,0,0,,,0,0,,0,1,1,1,1,1,0,0,0,2.7,Jada Davis,https://www.sports-reference.com/cbb/players/jada-davis-1.html,cornell,2021-22
3,3,3,2021-11-14,Cornell,@,East Tennessee State,REG (Non-Conf),L 54-66,,1,0,0,,0,0,0,0,,,0,0,,0,0,0,0,0,0,0,0,0,0.0,Jada Davis,https://www.sports-reference.com/cbb/players/jada-davis-1.html,cornell,2021-22
4,4,4,2021-11-17,Cornell,@,Binghamton,REG (Non-Conf),W 67-57,,2,0,0,,0,0,0,0,,,0,0,,0,0,0,0,0,1,0,0,0,0.7,Jada Davis,https://www.sports-reference.com/cbb/players/jada-davis-1.html,cornell,2021-22
5,5,5,2021-11-20,Cornell,,Fairleigh Dickinson,REG (Non-Conf),L 32-63,,8,0,1,.000,0,0,0,1,.000,.000,0,0,,1,4,5,0,0,1,0,1,0,1.5,Jada Davis,https://www.sports-reference.com/cbb/players/jada-davis-1.html,cornell,2021-22
6,6,6,2021-11-24,Cornell,,Albany (NY),REG (Non-Conf),W 47-46,,3,0,0,,0,0,0,0,,,0,0,,1,0,1,0,0,0,1,2,0,-1.1,Jada Davis,https://www.sports-reference.com/cbb/players/jada-davis-1.html,cornell,2021-22
7,7,8,2021-12-01,Cornell,,UMass Lowell,REG (Non-Conf),L 44-53,,5,1,2,.500,0,0,1,2,.500,.500,0,0,,1,1,2,0,0,0,0,1,2,1.6,Jada Davis,https://www.sports-reference.com/cbb/players/jada-davis-1.html,cornell,2021-22
8,8,10,2021-12-08,Cornell,@,Syracuse,REG (Non-Conf),L 55-85,,12,1,1,1.000,0,0,1,1,1.000,1.000,0,1,.000,2,2,4,2,0,0,1,1,2,3.3,Jada Davis,https://www.sports-reference.com/cbb/players/jada-davis-1.html,cornell,2021-22
9,9,13,2022-01-08,Cornell,,Princeton,REG (Conf),L 41-65,,10,0,0,,0,0,0,0,,,0,0,,0,1,1,0,0,1,1,1,0,-0.4,Jada Davis,https://www.sports-reference.com/cbb/players/jada-davis-1.html,cornell,2021-22
10,10,14,2022-01-15,Cornell,,Yale,REG (Conf),L 44-62,,4,0,0,,0,0,0,0,,,0,0,,1,0,1,0,0,1,1,0,0,0.4,Jada Davis,https://www.sports-reference.com/cbb/players/jada-davis-1.html,cornell,2021-22
11,11,15,2022-01-20,Cornell,@,Columbia,REG (Conf),L 46-57,,16,0,0,,0,0,0,0,,,1,2,.500,0,1,1,0,0,0,0,3,1,-0.3,Jada Davis,https://www.sports-reference.com/cbb/players/jada-davis-1.html,cornell,2021-22
12,12,16,2022-01-22,Cornell,@,Harvard,REG (Conf),L 47-89,,5,0,0,,0,0,0,0,,,0,0,,0,2,2,0,1,0,1,1,0,0.2,Jada Davis,https://www.sports-reference.com/cbb/players/jada-davis-1.html,cornell,2021-22
13,13,24,2022-02-26,Cornell,@,Yale,REG (Conf),L 40-56,,4,0,0,,0,0,0,0,,,0,0,,0,0,0,0,0,0,0,1,0,-0.4,Jada Davis,https://www.sports-reference.com/cbb/players/jada-davis-1.html,cornell,2021-22
