ranker,player_game_num_career,team_game_num_season,date,team_name_abbr,game_location,opp_name_abbr,game_type,game_result,is_starter,mp,fg,fga,fg_pct,fg3,fg3a,fg3_pct,fg2,fg2a,fg2_pct,efg_pct,ft,fta,ft_pct,orb,drb,trb,ast,stl,blk,tov,pf,pts,game_score,player_name,player_sr_link,school,season
1,1,1,2021-11-10,Cornell,,Colgate,REG (Non-Conf),W 53-34,,3,0,2,.000,0,0,,0,2,.000,.000,0,0,,0,0,0,0,1,0,1,0,0,-1.4,Kaya Ingram,https://www.sports-reference.com/cbb/players/kaya-ingram-1.html,cornell,2021-22
2,2,5,2021-11-20,Cornell,,Fairleigh Dickinson,REG (Non-Conf),L 32-63,,11,0,2,.000,0,1,.000,0,1,.000,.000,0,0,,0,0,0,0,0,0,1,0,0,-2.4,Kaya Ingram,https://www.sports-reference.com/cbb/players/kaya-ingram-1.html,cornell,2021-22
3,3,7,2021-11-28,Cornell,@,Lafayette,REG (Non-Conf),W 66-55,,5,0,0,,0,0,,0,0,,,0,0,,0,0,0,0,0,0,0,2,0,-0.8,Kaya Ingram,https://www.sports-reference.com/cbb/players/kaya-ingram-1.html,cornell,2021-22
4,4,8,2021-12-01,Cornell,,UMass Lowell,REG (Non-Conf),L 44-53,,5,1,2,.500,0,0,,1,2,.500,.500,0,0,,1,1,2,0,1,0,0,0,2,3.0,Kaya Ingram,https://www.sports-reference.com/cbb/players/kaya-ingram-1.html,cornell,2021-22
5,5,9,2021-12-04,Cornell,@,Niagara,REG (Non-Conf),L 71-76,,3,1,1,1.000,0,0,,1,1,1.000,1.000,0,0,,0,0,0,0,0,0,0,1,2,1.3,Kaya Ingram,https://www.sports-reference.com/cbb/players/kaya-ingram-1.html,cornell,2021-22
6,6,10,2021-12-08,Cornell,@,Syracuse,REG (Non-Conf),L 55-85,,14,2,3,.667,0,1,.000,2,2,1.000,.667,0,0,,1,1,2,1,0,0,2,0,4,2.4,Kaya Ingram,https://www.sports-reference.com/cbb/players/kaya-ingram-1.html,cornell,2021-22
7,7,11,2021-12-29,Cornell,,Lock Haven,REG (Non-Conf),W 82-48,,11,2,3,.667,0,1,.000,2,2,1.000,.667,0,0,,0,0,0,2,1,0,3,0,4,2.1,Kaya Ingram,https://www.sports-reference.com/cbb/players/kaya-ingram-1.html,cornell,2021-22
8,8,12,2022-01-02,Cornell,@,Dartmouth,REG (Conf),W 45-36,,5,0,1,.000,0,0,,0,1,.000,.000,0,0,,0,1,1,0,0,0,0,1,0,-0.8,Kaya Ingram,https://www.sports-reference.com/cbb/players/kaya-ingram-1.html,cornell,2021-22
9,9,13,2022-01-08,Cornell,,Princeton,REG (Conf),L 41-65,,18,2,6,.333,2,4,.500,0,2,.000,.500,2,2,1.000,0,1,1,2,2,0,0,1,8,7.9,Kaya Ingram,https://www.sports-reference.com/cbb/players/kaya-ingram-1.html,cornell,2021-22
10,10,14,2022-01-15,Cornell,,Yale,REG (Conf),L 44-62,,23,0,4,.000,0,1,.000,0,3,.000,.000,0,0,,1,3,4,0,3,0,2,2,0,-1.0,Kaya Ingram,https://www.sports-reference.com/cbb/players/kaya-ingram-1.html,cornell,2021-22
11,11,15,2022-01-20,Cornell,@,Columbia,REG (Conf),L 46-57,,13,0,4,.000,0,0,,0,4,.000,.000,3,6,.500,0,0,0,0,0,0,1,0,3,-2.0,Kaya Ingram,https://www.sports-reference.com/cbb/players/kaya-ingram-1.html,cornell,2021-22
12,12,16,2022-01-22,Cornell,@,Harvard,REG (Conf),L 47-89,,16,1,6,.167,0,2,.000,1,4,.250,.167,2,2,1.000,2,0,2,1,1,0,4,0,4,-0.7,Kaya Ingram,https://www.sports-reference.com/cbb/players/kaya-ingram-1.html,cornell,2021-22
13,13,17,2022-01-29,Cornell,,Brown,REG (Conf),W 61-55,*,34,1,2,.500,0,0,,1,2,.500,.500,5,7,.714,1,6,7,3,3,0,2,2,7,10.0,Kaya Ingram,https://www.sports-reference.com/cbb/players/kaya-ingram-1.html,cornell,2021-22
14,14,18,2022-02-04,Cornell,@,Princeton,REG (Conf),L 37-75,*,23,1,8,.125,1,4,.250,0,4,.000,.188,3,4,.750,2,1,3,1,1,0,2,0,6,1.8,Kaya Ingram,https://www.sports-reference.com/cbb/players/kaya-ingram-1.html,cornell,2021-22
15,15,19,2022-02-05,Cornell,@,Pennsylvania,REG (Conf),L 61-71,*,32,2,9,.222,1,4,.250,1,5,.200,.278,3,4,.750,1,1,2,2,4,0,5,3,8,2.3,Kaya Ingram,https://www.sports-reference.com/cbb/players/kaya-ingram-1.html,cornell,2021-22
16,16,20,2022-02-12,Cornell,@,Brown,REG (Conf),W 68-61,*,28,1,6,.167,1,4,.250,0,2,.000,.250,1,2,.500,1,1,2,2,2,0,2,4,4,0.6,Kaya Ingram,https://www.sports-reference.com/cbb/players/kaya-ingram-1.html,cornell,2021-22
17,17,21,2022-02-18,Cornell,,Dartmouth,REG (Conf),L 64-67 (OT),*,30,4,14,.286,0,3,.000,4,11,.364,.286,2,6,.333,2,5,7,6,2,0,3,3,10,5.1,Kaya Ingram,https://www.sports-reference.com/cbb/players/kaya-ingram-1.html,cornell,2021-22
18,18,22,2022-02-19,Cornell,,Harvard,REG (Conf),W 52-49,*,23,1,8,.125,0,1,.000,1,7,.143,.125,1,1,1.000,3,2,5,1,1,0,2,4,3,-1.4,Kaya Ingram,https://www.sports-reference.com/cbb/players/kaya-ingram-1.html,cornell,2021-22
19,19,23,2022-02-23,Cornell,,Pennsylvania,REG (Conf),L 57-70,*,26,3,12,.250,0,4,.000,3,8,.375,.250,4,4,1.000,0,1,1,6,0,0,5,2,10,1.5,Kaya Ingram,https://www.sports-reference.com/cbb/players/kaya-ingram-1.html,cornell,2021-22
20,20,24,2022-02-26,Cornell,@,Yale,REG (Conf),L 40-56,*,23,3,6,.500,0,1,.000,3,5,.600,.500,6,6,1.000,1,0,1,0,1,0,4,2,12,5.9,Kaya Ingram,https://www.sports-reference.com/cbb/players/kaya-ingram-1.html,cornell,2021-22
21,21,25,2022-03-04,Cornell,,Columbia,REG (Conf),L 57-70,*,33,3,11,.273,0,4,.000,3,7,.429,.273,6,8,.750,0,6,6,4,2,0,4,2,12,6.5,Kaya Ingram,https://www.sports-reference.com/cbb/players/kaya-ingram-1.html,cornell,2021-22
