ranker,player_game_num_career,team_game_num_season,date,team_name_abbr,game_location,opp_name_abbr,game_type,game_result,is_starter,mp,fg,fga,fg_pct,fg3,fg3a,fg3_pct,fg2,fg2a,fg2_pct,efg_pct,ft,fta,ft_pct,orb,drb,trb,ast,stl,blk,tov,pf,pts,game_score,player_name,player_sr_link,school,season
1,9,1,2021-11-10,Cornell,,Colgate,REG (Non-Conf),W 53-34,,20,1,6,.167,1,3,.333,0,3,.000,.250,0,2,.000,0,2,2,2,2,0,0,0,3,2.4,KC Carter,https://www.sports-reference.com/cbb/players/kc-carter-1.html,cornell,2021-22
2,10,2,2021-11-12,Cornell,@,Wake Forest,REG (Non-Conf),L 42-64,,13,2,2,1.000,2,2,1.000,0,0,,1.500,2,4,.500,0,1,1,0,0,0,2,3,8,3.7,KC Carter,https://www.sports-reference.com/cbb/players/kc-carter-1.html,cornell,2021-22
3,11,3,2021-11-14,Cornell,@,East Tennessee State,REG (Non-Conf),L 54-66,,27,4,9,.444,3,5,.600,1,4,.250,.611,1,2,.500,1,3,4,1,0,0,1,1,12,7.8,KC Carter,https://www.sports-reference.com/cbb/players/kc-carter-1.html,cornell,2021-22
4,12,4,2021-11-17,Cornell,@,Binghamton,REG (Non-Conf),W 67-57,,24,2,6,.333,0,3,.000,2,3,.667,.333,1,2,.500,1,1,2,0,0,0,2,1,5,-0.2,KC Carter,https://www.sports-reference.com/cbb/players/kc-carter-1.html,cornell,2021-22
5,13,5,2021-11-20,Cornell,,Fairleigh Dickinson,REG (Non-Conf),L 32-63,,17,0,5,.000,0,2,.000,0,3,.000,.000,0,0,,0,2,2,0,0,0,1,2,0,-4.7,KC Carter,https://www.sports-reference.com/cbb/players/kc-carter-1.html,cornell,2021-22
6,14,6,2021-11-24,Cornell,,Albany (NY),REG (Non-Conf),W 47-46,,15,2,5,.400,1,2,.500,1,3,.333,.500,0,0,,0,1,1,0,0,0,0,0,5,2.6,KC Carter,https://www.sports-reference.com/cbb/players/kc-carter-1.html,cornell,2021-22
7,15,7,2021-11-28,Cornell,@,Lafayette,REG (Non-Conf),W 66-55,*,38,5,11,.455,3,5,.600,2,6,.333,.591,1,2,.500,1,2,3,1,2,1,3,2,14,8.8,KC Carter,https://www.sports-reference.com/cbb/players/kc-carter-1.html,cornell,2021-22
8,16,8,2021-12-01,Cornell,,UMass Lowell,REG (Non-Conf),L 44-53,,23,1,5,.200,0,2,.000,1,3,.333,.200,0,0,,0,5,5,1,0,0,2,2,2,-1.7,KC Carter,https://www.sports-reference.com/cbb/players/kc-carter-1.html,cornell,2021-22
9,17,9,2021-12-04,Cornell,@,Niagara,REG (Non-Conf),L 71-76,,8,3,5,.600,1,2,.500,2,3,.667,.700,2,4,.500,0,0,0,1,0,0,0,2,9,5.8,KC Carter,https://www.sports-reference.com/cbb/players/kc-carter-1.html,cornell,2021-22
10,18,10,2021-12-08,Cornell,@,Syracuse,REG (Non-Conf),L 55-85,,19,2,6,.333,1,4,.250,1,2,.500,.417,0,1,.000,0,1,1,0,0,0,2,1,5,-0.9,KC Carter,https://www.sports-reference.com/cbb/players/kc-carter-1.html,cornell,2021-22
11,19,11,2021-12-29,Cornell,,Lock Haven,REG (Non-Conf),W 82-48,*,24,2,7,.286,1,4,.250,1,3,.333,.357,0,0,,1,2,3,1,0,0,0,0,5,2.9,KC Carter,https://www.sports-reference.com/cbb/players/kc-carter-1.html,cornell,2021-22
12,20,12,2022-01-02,Cornell,@,Dartmouth,REG (Conf),W 45-36,,10,0,2,.000,0,1,.000,0,1,.000,.000,0,0,,0,1,1,2,0,0,1,0,0,-0.7,KC Carter,https://www.sports-reference.com/cbb/players/kc-carter-1.html,cornell,2021-22
13,21,14,2022-01-15,Cornell,,Yale,REG (Conf),L 44-62,,12,0,3,.000,0,0,,0,3,.000,.000,4,4,1.000,0,1,1,0,1,0,0,0,4,3.2,KC Carter,https://www.sports-reference.com/cbb/players/kc-carter-1.html,cornell,2021-22
14,22,15,2022-01-20,Cornell,@,Columbia,REG (Conf),L 46-57,,9,0,3,.000,0,1,.000,0,2,.000,.000,0,0,,1,0,1,0,0,0,0,1,0,-1.8,KC Carter,https://www.sports-reference.com/cbb/players/kc-carter-1.html,cornell,2021-22
15,23,16,2022-01-22,Cornell,@,Harvard,REG (Conf),L 47-89,,12,1,5,.200,1,4,.250,0,1,.000,.300,2,2,1.000,1,4,5,0,1,1,2,2,5,2.7,KC Carter,https://www.sports-reference.com/cbb/players/kc-carter-1.html,cornell,2021-22
16,24,17,2022-01-29,Cornell,,Brown,REG (Conf),W 61-55,,1,0,2,.000,0,1,.000,0,1,.000,.000,0,0,,0,0,0,0,0,0,0,1,0,-1.8,KC Carter,https://www.sports-reference.com/cbb/players/kc-carter-1.html,cornell,2021-22
17,25,18,2022-02-04,Cornell,@,Princeton,REG (Conf),L 37-75,,8,0,0,,0,0,,0,0,,,0,0,,0,0,0,0,0,0,0,0,0,0.0,KC Carter,https://www.sports-reference.com/cbb/players/kc-carter-1.html,cornell,2021-22
18,26,19,2022-02-05,Cornell,@,Pennsylvania,REG (Conf),L 61-71,,3,0,0,,0,0,,0,0,,,0,0,,0,0,0,0,0,0,0,1,0,-0.4,KC Carter,https://www.sports-reference.com/cbb/players/kc-carter-1.html,cornell,2021-22
19,27,21,2022-02-18,Cornell,,Dartmouth,REG (Conf),L 64-67 (OT),,11,2,4,.500,1,2,.500,1,2,.500,.625,0,0,,0,1,1,0,0,0,0,1,5,2.9,KC Carter,https://www.sports-reference.com/cbb/players/kc-carter-1.html,cornell,2021-22
20,28,22,2022-02-19,Cornell,,Harvard,REG (Conf),W 52-49,,2,0,1,.000,0,1,.000,0,0,,.000,0,0,,0,0,0,0,0,0,0,0,0,-0.7,KC Carter,https://www.sports-reference.com/cbb/players/kc-carter-1.html,cornell,2021-22
21,29,23,2022-02-23,Cornell,,Pennsylvania,REG (Conf),L 57-70,,7,1,3,.333,1,1,1.000,0,2,.000,.500,1,2,.500,1,1,2,0,0,0,1,0,4,1.9,KC Carter,https://www.sports-reference.com/cbb/players/kc-carter-1.html,cornell,2021-22
22,30,24,2022-02-26,Cornell,@,Yale,REG (Conf),L 40-56,,6,0,1,.000,0,1,.000,0,0,,.000,0,0,,0,0,0,0,1,0,0,0,0,0.3,KC Carter,https://www.sports-reference.com/cbb/players/kc-carter-1.html,cornell,2021-22
23,31,25,2022-03-04,Cornell,,Columbia,REG (Conf),L 57-70,,3,0,0,,0,0,,0,0,,,0,0,,0,0,0,0,0,0,0,0,0,0.0,KC Carter,https://www.sports-reference.com/cbb/players/kc-carter-1.html,cornell,2021-22
