ranker,player_game_num_career,team_game_num_season,date,team_name_abbr,game_location,opp_name_abbr,game_type,game_result,is_starter,mp,fg,fga,fg_pct,fg3,fg3a,fg3_pct,fg2,fg2a,fg2_pct,efg_pct,ft,fta,ft_pct,orb,drb,trb,ast,stl,blk,tov,pf,pts,game_score,player_name,player_sr_link,school,season
1,1,1,2021-11-10,Cornell,,Colgate,REG (Non-Conf),W 53-34,,2,0,0,,0,0,,0,0,,,0,0,,0,0,0,0,0,0,0,0,0,0.0,Lexi Green,https://www.sports-reference.com/cbb/players/lexi-green-1.html,cornell,2021-22
2,2,2,2021-11-12,Cornell,@,Wake Forest,REG (Non-Conf),L 42-64,,3,0,0,,0,0,,0,0,,,0,0,,0,0,0,0,0,0,0,0,0,0.0,Lexi Green,https://www.sports-reference.com/cbb/players/lexi-green-1.html,cornell,2021-22
3,3,3,2021-11-14,Cornell,@,East Tennessee State,REG (Non-Conf),L 54-66,,1,0,0,,0,0,,0,0,,,0,0,,0,0,0,0,0,0,0,1,0,-0.4,Lexi Green,https://www.sports-reference.com/cbb/players/lexi-green-1.html,cornell,2021-22
4,4,5,2021-11-20,Cornell,,Fairleigh Dickinson,REG (Non-Conf),L 32-63,,8,1,1,1.000,0,0,,1,1,1.000,1.000,2,3,.667,0,0,0,0,0,0,0,0,4,3.3,Lexi Green,https://www.sports-reference.com/cbb/players/lexi-green-1.html,cornell,2021-22
5,5,9,2021-12-04,Cornell,@,Niagara,REG (Non-Conf),L 71-76,,17,4,8,.500,0,2,.000,4,6,.667,.500,0,0,,2,0,2,2,0,0,2,1,8,4.4,Lexi Green,https://www.sports-reference.com/cbb/players/lexi-green-1.html,cornell,2021-22
6,6,10,2021-12-08,Cornell,@,Syracuse,REG (Non-Conf),L 55-85,,11,2,2,1.000,0,0,,2,2,1.000,1.000,0,0,,1,1,2,0,0,0,1,0,4,3.4,Lexi Green,https://www.sports-reference.com/cbb/players/lexi-green-1.html,cornell,2021-22
7,7,11,2021-12-29,Cornell,,Lock Haven,REG (Non-Conf),W 82-48,,18,3,4,.750,1,1,1.000,2,3,.667,.875,0,0,,0,1,1,0,2,0,3,0,7,4.7,Lexi Green,https://www.sports-reference.com/cbb/players/lexi-green-1.html,cornell,2021-22
8,8,12,2022-01-02,Cornell,@,Dartmouth,REG (Conf),W 45-36,,4,0,0,,0,0,,0,0,,,2,3,.667,0,0,0,0,0,0,0,0,2,1.6,Lexi Green,https://www.sports-reference.com/cbb/players/lexi-green-1.html,cornell,2021-22
9,9,14,2022-01-15,Cornell,,Yale,REG (Conf),L 44-62,,13,4,7,.571,0,0,,4,7,.571,.571,1,1,1.000,0,2,2,0,2,0,1,0,9,7.3,Lexi Green,https://www.sports-reference.com/cbb/players/lexi-green-1.html,cornell,2021-22
10,10,15,2022-01-20,Cornell,@,Columbia,REG (Conf),L 46-57,*,28,2,6,.333,0,2,.000,2,4,.500,.333,2,2,1.000,2,5,7,0,1,0,2,1,6,4.1,Lexi Green,https://www.sports-reference.com/cbb/players/lexi-green-1.html,cornell,2021-22
11,11,16,2022-01-22,Cornell,@,Harvard,REG (Conf),L 47-89,*,18,0,1,.000,0,1,.000,0,0,,.000,0,0,,0,0,0,1,0,0,3,0,0,-3.0,Lexi Green,https://www.sports-reference.com/cbb/players/lexi-green-1.html,cornell,2021-22
12,12,17,2022-01-29,Cornell,,Brown,REG (Conf),W 61-55,,3,0,0,,0,0,,0,0,,,0,0,,0,0,0,0,0,0,1,0,0,-1.0,Lexi Green,https://www.sports-reference.com/cbb/players/lexi-green-1.html,cornell,2021-22
13,13,18,2022-02-04,Cornell,@,Princeton,REG (Conf),L 37-75,,10,1,1,1.000,0,0,,1,1,1.000,1.000,0,0,,0,0,0,0,0,0,0,2,2,0.9,Lexi Green,https://www.sports-reference.com/cbb/players/lexi-green-1.html,cornell,2021-22
14,14,19,2022-02-05,Cornell,@,Pennsylvania,REG (Conf),L 61-71,,4,0,0,,0,0,,0,0,,,0,0,,0,0,0,1,0,0,0,0,0,0.7,Lexi Green,https://www.sports-reference.com/cbb/players/lexi-green-1.html,cornell,2021-22
15,15,21,2022-02-18,Cornell,,Dartmouth,REG (Conf),L 64-67 (OT),,5,0,0,,0,0,,0,0,,,0,0,,1,0,1,0,0,0,2,0,0,-1.3,Lexi Green,https://www.sports-reference.com/cbb/players/lexi-green-1.html,cornell,2021-22
16,16,24,2022-02-26,Cornell,@,Yale,REG (Conf),L 40-56,,7,0,0,,0,0,,0,0,,,0,0,,0,0,0,0,0,0,0,0,0,0.0,Lexi Green,https://www.sports-reference.com/cbb/players/lexi-green-1.html,cornell,2021-22
