ranker,player_game_num_career,team_game_num_season,date,team_name_abbr,game_location,opp_name_abbr,game_type,game_result,is_starter,mp,fg,fga,fg_pct,fg3,fg3a,fg3_pct,fg2,fg2a,fg2_pct,efg_pct,ft,fta,ft_pct,orb,drb,trb,ast,stl,blk,tov,pf,pts,game_score,player_name,player_sr_link,school,season
1,1,1,2021-11-10,Cornell,,Colgate,REG (Non-Conf),W 53-34,,2,0,0,,0,0,,0,0,,,0,0,,0,0,0,0,0,0,0,0,0,0.0,Mia Beam,https://www.sports-reference.com/cbb/players/mia-beam-1.html,cornell,2021-22
2,2,2,2021-11-12,Cornell,@,Wake Forest,REG (Non-Conf),L 42-64,,3,0,0,,0,0,,0,0,,,0,0,,0,1,1,0,0,0,0,0,0,0.3,Mia Beam,https://www.sports-reference.com/cbb/players/mia-beam-1.html,cornell,2021-22
3,3,3,2021-11-14,Cornell,@,East Tennessee State,REG (Non-Conf),L 54-66,,4,0,0,,0,0,,0,0,,,0,0,,0,0,0,1,0,0,0,1,0,0.3,Mia Beam,https://www.sports-reference.com/cbb/players/mia-beam-1.html,cornell,2021-22
4,4,4,2021-11-17,Cornell,@,Binghamton,REG (Non-Conf),W 67-57,,2,0,0,,0,0,,0,0,,,0,0,,0,0,0,1,0,0,0,0,0,0.7,Mia Beam,https://www.sports-reference.com/cbb/players/mia-beam-1.html,cornell,2021-22
5,5,5,2021-11-20,Cornell,,Fairleigh Dickinson,REG (Non-Conf),L 32-63,,14,0,3,.000,0,3,.000,0,0,,.000,0,0,,0,0,0,0,0,0,0,1,0,-2.5,Mia Beam,https://www.sports-reference.com/cbb/players/mia-beam-1.html,cornell,2021-22
6,6,8,2021-12-01,Cornell,,UMass Lowell,REG (Non-Conf),L 44-53,,4,0,0,,0,0,,0,0,,,0,0,,0,0,0,0,0,0,0,0,0,0.0,Mia Beam,https://www.sports-reference.com/cbb/players/mia-beam-1.html,cornell,2021-22
7,7,9,2021-12-04,Cornell,@,Niagara,REG (Non-Conf),L 71-76,,9,0,3,.000,0,2,.000,0,1,.000,.000,0,0,,0,0,0,2,0,0,0,1,0,-1.1,Mia Beam,https://www.sports-reference.com/cbb/players/mia-beam-1.html,cornell,2021-22
8,8,10,2021-12-08,Cornell,@,Syracuse,REG (Non-Conf),L 55-85,,3,0,0,,0,0,,0,0,,,0,0,,0,0,0,0,0,0,0,0,0,0.0,Mia Beam,https://www.sports-reference.com/cbb/players/mia-beam-1.html,cornell,2021-22
9,9,11,2021-12-29,Cornell,,Lock Haven,REG (Non-Conf),W 82-48,,14,1,2,.500,1,2,.500,0,0,,.750,1,2,.500,0,0,0,0,1,0,0,0,4,3.6,Mia Beam,https://www.sports-reference.com/cbb/players/mia-beam-1.html,cornell,2021-22
10,10,13,2022-01-08,Cornell,,Princeton,REG (Conf),L 41-65,,12,1,3,.333,0,2,.000,1,1,1.000,.333,0,0,,2,1,3,0,0,0,0,0,2,2.0,Mia Beam,https://www.sports-reference.com/cbb/players/mia-beam-1.html,cornell,2021-22
11,11,14,2022-01-15,Cornell,,Yale,REG (Conf),L 44-62,,2,0,0,,0,0,,0,0,,,0,0,,0,0,0,0,0,0,0,1,0,-0.4,Mia Beam,https://www.sports-reference.com/cbb/players/mia-beam-1.html,cornell,2021-22
12,12,15,2022-01-20,Cornell,@,Columbia,REG (Conf),L 46-57,,5,1,2,.500,1,2,.500,0,0,,.750,0,0,,0,0,0,0,0,0,0,1,3,1.6,Mia Beam,https://www.sports-reference.com/cbb/players/mia-beam-1.html,cornell,2021-22
13,13,16,2022-01-22,Cornell,@,Harvard,REG (Conf),L 47-89,,10,1,4,.250,0,3,.000,1,1,1.000,.250,0,0,,0,0,0,0,0,0,1,0,2,-1.4,Mia Beam,https://www.sports-reference.com/cbb/players/mia-beam-1.html,cornell,2021-22
14,14,17,2022-01-29,Cornell,,Brown,REG (Conf),W 61-55,,10,1,3,.333,0,2,.000,1,1,1.000,.333,2,2,1.000,0,0,0,0,0,0,0,0,4,2.3,Mia Beam,https://www.sports-reference.com/cbb/players/mia-beam-1.html,cornell,2021-22
15,15,18,2022-02-04,Cornell,@,Princeton,REG (Conf),L 37-75,,12,1,2,.500,1,2,.500,0,0,,.750,0,0,,1,0,1,0,0,0,1,0,3,1.7,Mia Beam,https://www.sports-reference.com/cbb/players/mia-beam-1.html,cornell,2021-22
16,16,19,2022-02-05,Cornell,@,Pennsylvania,REG (Conf),L 61-71,,10,2,2,1.000,0,0,,2,2,1.000,1.000,4,4,1.000,1,0,1,1,0,0,1,1,8,7.4,Mia Beam,https://www.sports-reference.com/cbb/players/mia-beam-1.html,cornell,2021-22
17,17,20,2022-02-12,Cornell,@,Brown,REG (Conf),W 68-61,,15,0,2,.000,0,2,.000,0,0,,.000,1,2,.500,1,0,1,3,0,0,0,2,1,1.2,Mia Beam,https://www.sports-reference.com/cbb/players/mia-beam-1.html,cornell,2021-22
18,18,21,2022-02-18,Cornell,,Dartmouth,REG (Conf),L 64-67 (OT),,17,0,6,.000,0,4,.000,0,2,.000,.000,0,0,,0,0,0,1,0,0,0,1,0,-3.9,Mia Beam,https://www.sports-reference.com/cbb/players/mia-beam-1.html,cornell,2021-22
19,19,22,2022-02-19,Cornell,,Harvard,REG (Conf),W 52-49,,26,1,4,.250,1,4,.250,0,0,,.375,1,2,.500,0,2,2,0,2,0,3,1,4,0.4,Mia Beam,https://www.sports-reference.com/cbb/players/mia-beam-1.html,cornell,2021-22
20,20,23,2022-02-23,Cornell,,Pennsylvania,REG (Conf),L 57-70,,18,1,4,.250,1,3,.333,0,1,.000,.375,0,0,,0,0,0,1,0,0,0,0,3,1.3,Mia Beam,https://www.sports-reference.com/cbb/players/mia-beam-1.html,cornell,2021-22
21,21,24,2022-02-26,Cornell,@,Yale,REG (Conf),L 40-56,,15,1,3,.333,1,3,.333,0,0,,.500,0,0,,0,0,0,0,0,0,1,2,3,-0.5,Mia Beam,https://www.sports-reference.com/cbb/players/mia-beam-1.html,cornell,2021-22
22,22,25,2022-03-04,Cornell,,Columbia,REG (Conf),L 57-70,,3,0,1,.000,0,0,,0,1,.000,.000,0,0,,0,0,0,1,0,0,0,0,0,0.0,Mia Beam,https://www.sports-reference.com/cbb/players/mia-beam-1.html,cornell,2021-22
