ranker,player_game_num_career,team_game_num_season,date,team_name_abbr,game_location,opp_name_abbr,game_type,game_result,is_starter,mp,fg,fga,fg_pct,fg3,fg3a,fg3_pct,fg2,fg2a,fg2_pct,efg_pct,ft,fta,ft_pct,orb,drb,trb,ast,stl,blk,tov,pf,pts,game_score,player_name,player_sr_link,school,season
1,5,1,2021-11-10,Cornell,,Colgate,REG (Non-Conf),W 53-34,*,34,6,11,.545,0,0,,6,11,.545,.545,0,1,.000,4,3,7,2,0,0,3,2,12,7.6,Olivia Snyder,https://www.sports-reference.com/cbb/players/olivia-snyder-1.html,cornell,2021-22
2,6,2,2021-11-12,Cornell,@,Wake Forest,REG (Non-Conf),L 42-64,*,32,3,9,.333,0,0,,3,9,.333,.333,0,0,,0,2,2,1,2,3,3,2,6,2.5,Olivia Snyder,https://www.sports-reference.com/cbb/players/olivia-snyder-1.html,cornell,2021-22
3,7,3,2021-11-14,Cornell,@,East Tennessee State,REG (Non-Conf),L 54-66,*,30,4,10,.400,0,0,,4,10,.400,.400,4,6,.667,3,5,8,2,0,0,1,1,12,9.4,Olivia Snyder,https://www.sports-reference.com/cbb/players/olivia-snyder-1.html,cornell,2021-22
4,8,4,2021-11-17,Cornell,@,Binghamton,REG (Non-Conf),W 67-57,*,35,6,13,.462,0,0,,6,13,.462,.462,2,4,.500,3,11,14,6,1,1,2,1,14,15.4,Olivia Snyder,https://www.sports-reference.com/cbb/players/olivia-snyder-1.html,cornell,2021-22
5,9,5,2021-11-20,Cornell,,Fairleigh Dickinson,REG (Non-Conf),L 32-63,*,25,3,11,.273,0,0,,3,11,.273,.273,0,0,,3,2,5,0,1,0,0,5,6,1.2,Olivia Snyder,https://www.sports-reference.com/cbb/players/olivia-snyder-1.html,cornell,2021-22
6,10,6,2021-11-24,Cornell,,Albany (NY),REG (Non-Conf),W 47-46,*,36,6,16,.375,0,2,.000,6,14,.429,.375,2,2,1.000,3,7,10,4,1,1,2,4,14,10.3,Olivia Snyder,https://www.sports-reference.com/cbb/players/olivia-snyder-1.html,cornell,2021-22
7,11,7,2021-11-28,Cornell,@,Lafayette,REG (Non-Conf),W 66-55,*,38,4,10,.400,0,0,,4,10,.400,.400,0,0,,4,8,12,2,1,1,4,3,8,5.7,Olivia Snyder,https://www.sports-reference.com/cbb/players/olivia-snyder-1.html,cornell,2021-22
8,12,8,2021-12-01,Cornell,,UMass Lowell,REG (Non-Conf),L 44-53,*,30,3,13,.231,0,0,,3,13,.231,.231,2,2,1.000,3,4,7,1,0,0,5,3,8,-2.1,Olivia Snyder,https://www.sports-reference.com/cbb/players/olivia-snyder-1.html,cornell,2021-22
9,13,9,2021-12-04,Cornell,@,Niagara,REG (Non-Conf),L 71-76,*,37,6,11,.545,0,0,,6,11,.545,.545,8,8,1.000,4,8,12,2,1,1,6,3,20,15.8,Olivia Snyder,https://www.sports-reference.com/cbb/players/olivia-snyder-1.html,cornell,2021-22
10,14,10,2021-12-08,Cornell,@,Syracuse,REG (Non-Conf),L 55-85,*,24,3,11,.273,0,0,,3,11,.273,.273,1,2,.500,2,2,4,3,0,1,3,4,7,0.3,Olivia Snyder,https://www.sports-reference.com/cbb/players/olivia-snyder-1.html,cornell,2021-22
11,15,11,2021-12-29,Cornell,,Lock Haven,REG (Non-Conf),W 82-48,*,24,7,11,.636,0,0,,7,11,.636,.636,0,0,,2,6,8,0,3,0,2,0,14,13.3,Olivia Snyder,https://www.sports-reference.com/cbb/players/olivia-snyder-1.html,cornell,2021-22
12,16,12,2022-01-02,Cornell,@,Dartmouth,REG (Conf),W 45-36,*,32,2,13,.154,0,0,,2,13,.154,.154,0,0,,3,5,8,0,2,0,3,1,4,-2.1,Olivia Snyder,https://www.sports-reference.com/cbb/players/olivia-snyder-1.html,cornell,2021-22
13,17,13,2022-01-08,Cornell,,Princeton,REG (Conf),L 41-65,*,23,1,6,.167,0,0,,1,6,.167,.167,1,1,1.000,3,1,4,2,1,1,5,1,3,-0.7,Olivia Snyder,https://www.sports-reference.com/cbb/players/olivia-snyder-1.html,cornell,2021-22
14,18,14,2022-01-15,Cornell,,Yale,REG (Conf),L 44-62,*,5,1,1,1.000,0,0,,1,1,1.000,1.000,0,0,,0,1,1,0,0,0,2,0,2,0.0,Olivia Snyder,https://www.sports-reference.com/cbb/players/olivia-snyder-1.html,cornell,2021-22
