ranker,player_game_num_career,team_game_num_season,date,team_name_abbr,game_location,opp_name_abbr,game_type,game_result,is_starter,mp,fg,fga,fg_pct,fg3,fg3a,fg3_pct,fg2,fg2a,fg2_pct,efg_pct,ft,fta,ft_pct,orb,drb,trb,ast,stl,blk,tov,pf,pts,game_score,player_name,player_sr_link,school,season
1,41,1,2021-11-10,Cornell,,Colgate,REG (Non-Conf),W 53-34,*,31,3,8,.375,2,4,.500,1,4,.250,.500,2,2,1.000,1,3,4,2,0,1,0,2,10,8.5,Samantha Will,https://www.sports-reference.com/cbb/players/samantha-will-1.html,cornell,2021-22
2,42,2,2021-11-12,Cornell,@,Wake Forest,REG (Non-Conf),L 42-64,*,35,2,8,.250,0,4,.000,2,4,.500,.250,1,2,.500,2,5,7,0,3,0,1,1,5,4.3,Samantha Will,https://www.sports-reference.com/cbb/players/samantha-will-1.html,cornell,2021-22
3,43,3,2021-11-14,Cornell,@,East Tennessee State,REG (Non-Conf),L 54-66,*,32,1,5,.200,0,1,.000,1,4,.250,.200,0,0,,0,2,2,1,1,0,1,2,2,-0.6,Samantha Will,https://www.sports-reference.com/cbb/players/samantha-will-1.html,cornell,2021-22
4,44,4,2021-11-17,Cornell,@,Binghamton,REG (Non-Conf),W 67-57,*,37,1,8,.125,0,3,.000,1,5,.200,.125,1,2,.500,1,5,6,2,2,1,1,1,3,2.3,Samantha Will,https://www.sports-reference.com/cbb/players/samantha-will-1.html,cornell,2021-22
5,45,5,2021-11-20,Cornell,,Fairleigh Dickinson,REG (Non-Conf),L 32-63,*,29,0,6,.000,0,3,.000,0,3,.000,.000,0,2,.000,2,2,4,1,1,1,2,1,0,-3.0,Samantha Will,https://www.sports-reference.com/cbb/players/samantha-will-1.html,cornell,2021-22
6,46,6,2021-11-24,Cornell,,Albany (NY),REG (Non-Conf),W 47-46,*,36,1,3,.333,1,1,1.000,0,2,.000,.500,0,0,,0,4,4,1,2,0,1,0,3,4.2,Samantha Will,https://www.sports-reference.com/cbb/players/samantha-will-1.html,cornell,2021-22
7,47,7,2021-11-28,Cornell,@,Lafayette,REG (Non-Conf),W 66-55,*,37,3,7,.429,2,3,.667,1,4,.250,.571,0,0,,3,1,4,6,0,0,2,1,8,8.5,Samantha Will,https://www.sports-reference.com/cbb/players/samantha-will-1.html,cornell,2021-22
8,48,8,2021-12-01,Cornell,,UMass Lowell,REG (Non-Conf),L 44-53,*,33,1,5,.200,1,2,.500,0,3,.000,.300,1,2,.500,3,1,4,1,0,0,2,1,4,1.2,Samantha Will,https://www.sports-reference.com/cbb/players/samantha-will-1.html,cornell,2021-22
9,49,9,2021-12-04,Cornell,@,Niagara,REG (Non-Conf),L 71-76,*,21,0,4,.000,0,3,.000,0,1,.000,.000,2,2,1.000,2,2,4,1,0,1,2,2,2,-0.2,Samantha Will,https://www.sports-reference.com/cbb/players/samantha-will-1.html,cornell,2021-22
10,50,10,2021-12-08,Cornell,@,Syracuse,REG (Non-Conf),L 55-85,*,27,3,7,.429,1,3,.333,2,4,.500,.500,0,0,,0,1,1,1,1,0,2,1,7,2.9,Samantha Will,https://www.sports-reference.com/cbb/players/samantha-will-1.html,cornell,2021-22
11,51,11,2021-12-29,Cornell,,Lock Haven,REG (Non-Conf),W 82-48,*,25,4,7,.571,1,2,.500,3,5,.600,.643,0,0,,0,0,0,4,3,0,1,3,9,9.3,Samantha Will,https://www.sports-reference.com/cbb/players/samantha-will-1.html,cornell,2021-22
12,52,12,2022-01-02,Cornell,@,Dartmouth,REG (Conf),W 45-36,*,31,2,5,.400,2,3,.667,0,2,.000,.600,2,2,1.000,2,2,4,2,1,1,4,2,8,5.6,Samantha Will,https://www.sports-reference.com/cbb/players/samantha-will-1.html,cornell,2021-22
13,53,13,2022-01-08,Cornell,,Princeton,REG (Conf),L 41-65,*,30,1,2,.500,1,2,.500,0,0,,.750,0,0,,2,3,5,0,1,1,1,1,3,4.6,Samantha Will,https://www.sports-reference.com/cbb/players/samantha-will-1.html,cornell,2021-22
14,54,14,2022-01-15,Cornell,,Yale,REG (Conf),L 44-62,*,31,4,6,.667,3,5,.600,1,1,1.000,.917,3,4,.750,2,1,3,1,0,0,2,2,14,10.6,Samantha Will,https://www.sports-reference.com/cbb/players/samantha-will-1.html,cornell,2021-22
15,55,15,2022-01-20,Cornell,@,Columbia,REG (Conf),L 46-57,*,32,4,9,.444,1,4,.250,3,5,.600,.500,2,2,1.000,2,3,5,1,1,1,1,4,11,8.4,Samantha Will,https://www.sports-reference.com/cbb/players/samantha-will-1.html,cornell,2021-22
16,56,16,2022-01-22,Cornell,@,Harvard,REG (Conf),L 47-89,*,26,1,5,.200,1,2,.500,0,3,.000,.300,2,2,1.000,0,3,3,0,0,0,4,0,5,-1.2,Samantha Will,https://www.sports-reference.com/cbb/players/samantha-will-1.html,cornell,2021-22
17,57,17,2022-01-29,Cornell,,Brown,REG (Conf),W 61-55,*,33,6,14,.429,3,4,.750,3,10,.300,.536,2,5,.400,6,6,12,1,5,0,4,0,17,16.1,Samantha Will,https://www.sports-reference.com/cbb/players/samantha-will-1.html,cornell,2021-22
18,58,18,2022-02-04,Cornell,@,Princeton,REG (Conf),L 37-75,*,30,4,8,.500,0,1,.000,4,7,.571,.500,0,0,,1,1,2,0,1,1,1,3,8,4.5,Samantha Will,https://www.sports-reference.com/cbb/players/samantha-will-1.html,cornell,2021-22
19,59,19,2022-02-05,Cornell,@,Pennsylvania,REG (Conf),L 61-71,*,35,0,5,.000,0,3,.000,0,2,.000,.000,0,0,,5,3,8,2,3,0,1,2,0,3.5,Samantha Will,https://www.sports-reference.com/cbb/players/samantha-will-1.html,cornell,2021-22
20,60,20,2022-02-12,Cornell,@,Brown,REG (Conf),W 68-61,*,29,4,7,.571,0,0,,4,7,.571,.571,0,0,,3,5,8,2,0,0,2,1,8,7.3,Samantha Will,https://www.sports-reference.com/cbb/players/samantha-will-1.html,cornell,2021-22
21,61,21,2022-02-18,Cornell,,Dartmouth,REG (Conf),L 64-67 (OT),*,34,6,16,.375,5,10,.500,1,6,.167,.531,2,2,1.000,1,4,5,1,0,0,0,1,19,12.4,Samantha Will,https://www.sports-reference.com/cbb/players/samantha-will-1.html,cornell,2021-22
22,62,22,2022-02-19,Cornell,,Harvard,REG (Conf),W 52-49,*,31,1,9,.111,1,8,.125,0,1,.000,.167,0,0,,0,3,3,0,1,0,3,1,3,-4.4,Samantha Will,https://www.sports-reference.com/cbb/players/samantha-will-1.html,cornell,2021-22
23,63,23,2022-02-23,Cornell,,Pennsylvania,REG (Conf),L 57-70,*,32,3,11,.273,0,5,.000,3,6,.500,.273,0,0,,1,4,5,1,0,1,2,2,6,0.0,Samantha Will,https://www.sports-reference.com/cbb/players/samantha-will-1.html,cornell,2021-22
24,64,24,2022-02-26,Cornell,@,Yale,REG (Conf),L 40-56,*,30,1,11,.091,1,5,.200,0,6,.000,.136,2,4,.500,4,3,7,3,2,0,0,1,5,4.3,Samantha Will,https://www.sports-reference.com/cbb/players/samantha-will-1.html,cornell,2021-22
25,65,25,2022-03-04,Cornell,,Columbia,REG (Conf),L 57-70,*,27,2,4,.500,0,1,.000,2,3,.667,.500,0,0,,0,3,3,0,0,0,0,3,4,1.7,Samantha Will,https://www.sports-reference.com/cbb/players/samantha-will-1.html,cornell,2021-22
