ranker,player_game_num_career,team_game_num_season,date,team_name_abbr,game_location,opp_name_abbr,game_type,game_result,is_starter,mp,fg,fga,fg_pct,fg3,fg3a,fg3_pct,fg2,fg2a,fg2_pct,efg_pct,ft,fta,ft_pct,orb,drb,trb,ast,stl,blk,tov,pf,pts,game_score,player_name,player_sr_link,school,season
1,27,1,2021-11-10,Cornell,,Colgate,REG (Non-Conf),W 53-34,*,38,4,11,.364,1,5,.200,3,6,.500,.409,1,2,.500,0,1,1,4,2,0,1,1,10,7.2,Shannon Mulroy,https://www.sports-reference.com/cbb/players/shannon-mulroy-1.html,cornell,2021-22
2,28,2,2021-11-12,Cornell,@,Wake Forest,REG (Non-Conf),L 42-64,*,32,2,11,.182,0,2,.000,2,9,.222,.182,1,2,.500,0,1,1,4,2,0,6,2,5,-4.0,Shannon Mulroy,https://www.sports-reference.com/cbb/players/shannon-mulroy-1.html,cornell,2021-22
3,29,3,2021-11-14,Cornell,@,East Tennessee State,REG (Non-Conf),L 54-66,*,25,0,3,.000,0,1,.000,0,2,.000,.000,5,6,.833,0,1,1,2,1,0,4,2,5,0.4,Shannon Mulroy,https://www.sports-reference.com/cbb/players/shannon-mulroy-1.html,cornell,2021-22
4,30,4,2021-11-17,Cornell,@,Binghamton,REG (Non-Conf),W 67-57,*,28,2,4,.500,0,1,.000,2,3,.667,.500,2,2,1.000,0,2,2,3,0,0,4,5,6,0.7,Shannon Mulroy,https://www.sports-reference.com/cbb/players/shannon-mulroy-1.html,cornell,2021-22
5,31,5,2021-11-20,Cornell,,Fairleigh Dickinson,REG (Non-Conf),L 32-63,*,25,3,11,.273,1,4,.250,2,7,.286,.318,2,4,.500,2,1,3,2,0,0,2,4,9,1.2,Shannon Mulroy,https://www.sports-reference.com/cbb/players/shannon-mulroy-1.html,cornell,2021-22
6,32,6,2021-11-24,Cornell,,Albany (NY),REG (Non-Conf),W 47-46,*,39,2,8,.250,1,2,.500,1,6,.167,.313,2,4,.500,1,0,1,5,1,0,0,1,7,6.2,Shannon Mulroy,https://www.sports-reference.com/cbb/players/shannon-mulroy-1.html,cornell,2021-22
7,33,7,2021-11-28,Cornell,@,Lafayette,REG (Non-Conf),W 66-55,*,40,7,13,.538,3,5,.600,4,8,.500,.654,6,8,.750,0,1,1,3,1,0,0,4,23,17.7,Shannon Mulroy,https://www.sports-reference.com/cbb/players/shannon-mulroy-1.html,cornell,2021-22
8,34,8,2021-12-01,Cornell,,UMass Lowell,REG (Non-Conf),L 44-53,*,35,3,13,.231,1,5,.200,2,8,.250,.269,5,8,.625,0,4,4,2,0,0,3,5,12,0.5,Shannon Mulroy,https://www.sports-reference.com/cbb/players/shannon-mulroy-1.html,cornell,2021-22
9,35,9,2021-12-04,Cornell,@,Niagara,REG (Non-Conf),L 71-76,*,27,0,6,.000,0,2,.000,0,4,.000,.000,0,2,.000,1,2,3,1,0,0,5,5,0,-10.0,Shannon Mulroy,https://www.sports-reference.com/cbb/players/shannon-mulroy-1.html,cornell,2021-22
10,36,10,2021-12-08,Cornell,@,Syracuse,REG (Non-Conf),L 55-85,*,25,1,4,.250,0,3,.000,1,1,1.000,.250,3,4,.750,0,0,0,2,1,0,3,3,5,0.4,Shannon Mulroy,https://www.sports-reference.com/cbb/players/shannon-mulroy-1.html,cornell,2021-22
11,37,11,2021-12-29,Cornell,,Lock Haven,REG (Non-Conf),W 82-48,*,24,5,7,.714,3,4,.750,2,3,.667,.929,0,0,,1,0,1,7,0,0,0,0,13,15.7,Shannon Mulroy,https://www.sports-reference.com/cbb/players/shannon-mulroy-1.html,cornell,2021-22
12,38,12,2022-01-02,Cornell,@,Dartmouth,REG (Conf),W 45-36,*,34,1,7,.143,1,5,.200,0,2,.000,.214,2,2,1.000,1,2,3,2,0,0,2,4,5,-0.4,Shannon Mulroy,https://www.sports-reference.com/cbb/players/shannon-mulroy-1.html,cornell,2021-22
13,39,13,2022-01-08,Cornell,,Princeton,REG (Conf),L 41-65,*,34,1,11,.091,0,4,.000,1,7,.143,.091,4,4,1.000,1,2,3,1,0,0,7,3,6,-7.5,Shannon Mulroy,https://www.sports-reference.com/cbb/players/shannon-mulroy-1.html,cornell,2021-22
14,40,14,2022-01-15,Cornell,,Yale,REG (Conf),L 44-62,*,26,0,7,.000,0,4,.000,0,3,.000,.000,0,0,,0,2,2,6,0,0,4,2,0,-4.9,Shannon Mulroy,https://www.sports-reference.com/cbb/players/shannon-mulroy-1.html,cornell,2021-22
15,41,15,2022-01-20,Cornell,@,Columbia,REG (Conf),L 46-57,*,30,3,11,.273,1,5,.200,2,6,.333,.318,1,2,.500,0,3,3,3,0,0,3,5,8,-0.9,Shannon Mulroy,https://www.sports-reference.com/cbb/players/shannon-mulroy-1.html,cornell,2021-22
16,42,16,2022-01-22,Cornell,@,Harvard,REG (Conf),L 47-89,*,26,2,11,.182,0,3,.000,2,8,.250,.182,1,2,.500,1,0,1,1,0,0,2,2,5,-3.7,Shannon Mulroy,https://www.sports-reference.com/cbb/players/shannon-mulroy-1.html,cornell,2021-22
17,43,17,2022-01-29,Cornell,,Brown,REG (Conf),W 61-55,,18,0,3,.000,0,2,.000,0,1,.000,.000,0,0,,0,1,1,3,0,0,2,1,0,-2.1,Shannon Mulroy,https://www.sports-reference.com/cbb/players/shannon-mulroy-1.html,cornell,2021-22
18,44,18,2022-02-04,Cornell,@,Princeton,REG (Conf),L 37-75,,25,3,9,.333,1,4,.250,2,5,.400,.389,0,0,,1,2,3,1,0,0,2,5,7,-0.1,Shannon Mulroy,https://www.sports-reference.com/cbb/players/shannon-mulroy-1.html,cornell,2021-22
19,45,19,2022-02-05,Cornell,@,Pennsylvania,REG (Conf),L 61-71,,22,6,11,.545,4,5,.800,2,6,.333,.727,0,0,,1,1,2,1,0,1,3,4,16,8.5,Shannon Mulroy,https://www.sports-reference.com/cbb/players/shannon-mulroy-1.html,cornell,2021-22
20,46,20,2022-02-12,Cornell,@,Brown,REG (Conf),W 68-61,,29,2,6,.333,1,3,.333,1,3,.333,.417,4,4,1.000,0,4,4,4,0,0,1,0,9,8.6,Shannon Mulroy,https://www.sports-reference.com/cbb/players/shannon-mulroy-1.html,cornell,2021-22
21,47,21,2022-02-18,Cornell,,Dartmouth,REG (Conf),L 64-67 (OT),,31,2,7,.286,1,3,.333,1,4,.250,.357,2,2,1.000,1,4,5,5,0,0,2,1,7,5.9,Shannon Mulroy,https://www.sports-reference.com/cbb/players/shannon-mulroy-1.html,cornell,2021-22
22,48,22,2022-02-19,Cornell,,Harvard,REG (Conf),W 52-49,,25,5,9,.556,3,6,.500,2,3,.667,.722,5,6,.833,0,5,5,1,0,1,3,1,18,12.8,Shannon Mulroy,https://www.sports-reference.com/cbb/players/shannon-mulroy-1.html,cornell,2021-22
23,49,23,2022-02-23,Cornell,,Pennsylvania,REG (Conf),L 57-70,,25,2,6,.333,2,6,.333,0,0,,.500,0,0,,0,2,2,2,0,0,0,5,6,2.6,Shannon Mulroy,https://www.sports-reference.com/cbb/players/shannon-mulroy-1.html,cornell,2021-22
24,50,24,2022-02-26,Cornell,@,Yale,REG (Conf),L 40-56,,23,3,6,.500,2,4,.500,1,2,.500,.667,3,4,.750,0,0,0,0,1,0,4,4,11,3.0,Shannon Mulroy,https://www.sports-reference.com/cbb/players/shannon-mulroy-1.html,cornell,2021-22
25,51,25,2022-03-04,Cornell,,Columbia,REG (Conf),L 57-70,,28,4,12,.333,0,5,.000,4,7,.571,.333,0,0,,1,3,4,7,1,0,2,5,8,4.7,Shannon Mulroy,https://www.sports-reference.com/cbb/players/shannon-mulroy-1.html,cornell,2021-22
