ranker,player_game_num_career,team_game_num_season,date,team_name_abbr,game_location,opp_name_abbr,game_type,game_result,is_starter,mp,fg,fga,fg_pct,fg3,fg3a,fg3_pct,fg2,fg2a,fg2_pct,efg_pct,ft,fta,ft_pct,orb,drb,trb,ast,stl,blk,tov,pf,pts,game_score,player_name,player_sr_link,school,season
1,1,1,2021-11-10,Cornell,,Colgate,REG (Non-Conf),W 53-34,,11,1,1,1.000,1,1,1.000,0,0,,1.500,0,0,,0,5,5,1,0,2,0,2,3,5.5,Summer Parker-Hall,https://www.sports-reference.com/cbb/players/summer-parker-hall-1.html,cornell,2021-22
2,2,2,2021-11-12,Cornell,@,Wake Forest,REG (Non-Conf),L 42-64,,9,1,2,.500,1,2,.500,0,0,,.750,0,0,,1,0,1,0,0,0,1,1,3,1.3,Summer Parker-Hall,https://www.sports-reference.com/cbb/players/summer-parker-hall-1.html,cornell,2021-22
3,3,3,2021-11-14,Cornell,@,East Tennessee State,REG (Non-Conf),L 54-66,,16,1,1,1.000,0,0,,1,1,1.000,1.000,0,0,,2,0,2,2,0,0,0,1,2,4.1,Summer Parker-Hall,https://www.sports-reference.com/cbb/players/summer-parker-hall-1.html,cornell,2021-22
4,4,4,2021-11-17,Cornell,@,Binghamton,REG (Non-Conf),W 67-57,,13,0,0,,0,0,,0,0,,,2,2,1.000,1,1,2,1,0,0,2,2,2,0.9,Summer Parker-Hall,https://www.sports-reference.com/cbb/players/summer-parker-hall-1.html,cornell,2021-22
5,5,5,2021-11-20,Cornell,,Fairleigh Dickinson,REG (Non-Conf),L 32-63,,15,0,1,.000,0,1,.000,0,0,,.000,1,4,.250,1,0,1,0,0,1,2,1,1,-1.9,Summer Parker-Hall,https://www.sports-reference.com/cbb/players/summer-parker-hall-1.html,cornell,2021-22
6,6,7,2021-11-28,Cornell,@,Lafayette,REG (Non-Conf),W 66-55,,12,1,3,.333,0,1,.000,1,2,.500,.333,1,2,.500,0,1,1,0,1,0,1,1,3,0.8,Summer Parker-Hall,https://www.sports-reference.com/cbb/players/summer-parker-hall-1.html,cornell,2021-22
7,7,8,2021-12-01,Cornell,,UMass Lowell,REG (Non-Conf),L 44-53,,7,0,1,.000,0,0,,0,1,.000,.000,0,0,,0,2,2,0,0,1,1,2,0,-1.2,Summer Parker-Hall,https://www.sports-reference.com/cbb/players/summer-parker-hall-1.html,cornell,2021-22
8,8,9,2021-12-04,Cornell,@,Niagara,REG (Non-Conf),L 71-76,,13,2,3,.667,0,0,,2,3,.667,.667,0,0,,1,1,2,1,3,1,5,2,4,2.3,Summer Parker-Hall,https://www.sports-reference.com/cbb/players/summer-parker-hall-1.html,cornell,2021-22
9,9,10,2021-12-08,Cornell,@,Syracuse,REG (Non-Conf),L 55-85,,8,0,1,.000,0,1,.000,0,0,,.000,4,5,.800,1,1,2,0,0,0,1,1,4,2.5,Summer Parker-Hall,https://www.sports-reference.com/cbb/players/summer-parker-hall-1.html,cornell,2021-22
10,10,11,2021-12-29,Cornell,,Lock Haven,REG (Non-Conf),W 82-48,,20,3,4,.750,1,1,1.000,2,3,.667,.875,2,4,.500,1,1,2,1,2,1,2,4,9,7.4,Summer Parker-Hall,https://www.sports-reference.com/cbb/players/summer-parker-hall-1.html,cornell,2021-22
11,11,12,2022-01-02,Cornell,@,Dartmouth,REG (Conf),W 45-36,,11,0,0,,0,0,,0,0,,,0,0,,1,1,2,1,0,0,3,1,0,-1.7,Summer Parker-Hall,https://www.sports-reference.com/cbb/players/summer-parker-hall-1.html,cornell,2021-22
12,12,14,2022-01-15,Cornell,,Yale,REG (Conf),L 44-62,,7,0,0,,0,0,,0,0,,,0,0,,0,1,1,0,0,1,1,2,0,-0.8,Summer Parker-Hall,https://www.sports-reference.com/cbb/players/summer-parker-hall-1.html,cornell,2021-22
13,13,15,2022-01-20,Cornell,@,Columbia,REG (Conf),L 46-57,,12,0,0,,0,0,,0,0,,,0,0,,0,1,1,1,1,0,1,3,0,-0.2,Summer Parker-Hall,https://www.sports-reference.com/cbb/players/summer-parker-hall-1.html,cornell,2021-22
14,14,16,2022-01-22,Cornell,@,Harvard,REG (Conf),L 47-89,,9,0,1,.000,0,0,,0,1,.000,.000,1,2,.500,2,3,5,0,1,0,0,0,1,3.2,Summer Parker-Hall,https://www.sports-reference.com/cbb/players/summer-parker-hall-1.html,cornell,2021-22
15,15,17,2022-01-29,Cornell,,Brown,REG (Conf),W 61-55,*,26,1,5,.200,0,0,,1,5,.200,.200,2,4,.500,2,2,4,1,0,1,2,3,4,0.3,Summer Parker-Hall,https://www.sports-reference.com/cbb/players/summer-parker-hall-1.html,cornell,2021-22
16,16,18,2022-02-04,Cornell,@,Princeton,REG (Conf),L 37-75,*,18,1,4,.250,0,0,,1,4,.250,.250,1,2,.500,1,3,4,0,0,0,1,3,3,-0.4,Summer Parker-Hall,https://www.sports-reference.com/cbb/players/summer-parker-hall-1.html,cornell,2021-22
17,17,19,2022-02-05,Cornell,@,Pennsylvania,REG (Conf),L 61-71,*,26,1,3,.333,0,2,.000,1,1,1.000,.333,0,0,,0,0,0,2,1,1,1,3,2,1.2,Summer Parker-Hall,https://www.sports-reference.com/cbb/players/summer-parker-hall-1.html,cornell,2021-22
18,18,20,2022-02-12,Cornell,@,Brown,REG (Conf),W 68-61,*,28,3,5,.600,0,0,,3,5,.600,.600,2,4,.500,3,5,8,3,1,1,1,4,8,9.7,Summer Parker-Hall,https://www.sports-reference.com/cbb/players/summer-parker-hall-1.html,cornell,2021-22
19,19,21,2022-02-18,Cornell,,Dartmouth,REG (Conf),L 64-67 (OT),*,36,1,3,.333,0,0,,1,3,.333,.333,1,3,.333,2,4,6,1,0,0,1,4,3,1.2,Summer Parker-Hall,https://www.sports-reference.com/cbb/players/summer-parker-hall-1.html,cornell,2021-22
20,20,22,2022-02-19,Cornell,,Harvard,REG (Conf),W 52-49,*,22,2,2,1.000,0,0,,2,2,1.000,1.000,2,2,1.000,4,5,9,2,0,0,1,3,6,8.9,Summer Parker-Hall,https://www.sports-reference.com/cbb/players/summer-parker-hall-1.html,cornell,2021-22
21,21,23,2022-02-23,Cornell,,Pennsylvania,REG (Conf),L 57-70,*,30,1,4,.250,1,2,.500,0,2,.000,.375,0,0,,4,0,4,1,0,0,1,3,3,1.9,Summer Parker-Hall,https://www.sports-reference.com/cbb/players/summer-parker-hall-1.html,cornell,2021-22
22,22,24,2022-02-26,Cornell,@,Yale,REG (Conf),L 40-56,*,16,0,1,.000,0,0,,0,1,.000,.000,0,0,,0,0,0,2,0,0,0,4,0,-0.9,Summer Parker-Hall,https://www.sports-reference.com/cbb/players/summer-parker-hall-1.html,cornell,2021-22
23,23,25,2022-03-04,Cornell,,Columbia,REG (Conf),L 57-70,*,33,3,4,.750,1,1,1.000,2,3,.667,.875,2,2,1.000,0,4,4,1,2,0,2,1,9,8.9,Summer Parker-Hall,https://www.sports-reference.com/cbb/players/summer-parker-hall-1.html,cornell,2021-22
