ranker,player_game_num_career,team_game_num_season,date,team_name_abbr,game_location,opp_name_abbr,game_type,game_result,is_starter,mp,fg,fga,fg_pct,fg3,fg3a,fg2,fg2a,fg2_pct,efg_pct,ft,fta,ft_pct,orb,drb,trb,ast,stl,blk,tov,pf,pts,game_score,player_name,player_sr_link,school,season
1,53,1,2021-11-10,Cornell,,Colgate,REG (Non-Conf),W 53-34,*,32,6,8,.750,0,0,6,8,.750,.750,3,4,.750,2,12,14,3,0,3,2,2,15,17.8,Theresa Grace Mbanefo,https://www.sports-reference.com/cbb/players/theresa-grace-mbanefo-1.html,cornell,2021-22
2,54,2,2021-11-12,Cornell,@,Wake Forest,REG (Non-Conf),L 42-64,*,33,3,9,.333,0,0,3,9,.333,.333,1,2,.500,1,4,5,1,0,3,4,0,7,2.2,Theresa Grace Mbanefo,https://www.sports-reference.com/cbb/players/theresa-grace-mbanefo-1.html,cornell,2021-22
3,55,3,2021-11-14,Cornell,@,East Tennessee State,REG (Non-Conf),L 54-66,*,28,5,9,.556,0,0,5,9,.556,.556,0,0,,1,4,5,0,1,1,5,4,10,2.7,Theresa Grace Mbanefo,https://www.sports-reference.com/cbb/players/theresa-grace-mbanefo-1.html,cornell,2021-22
4,56,4,2021-11-17,Cornell,@,Binghamton,REG (Non-Conf),W 67-57,*,28,13,19,.684,0,0,13,19,.684,.684,1,3,.333,8,5,13,1,2,0,5,1,27,22.5,Theresa Grace Mbanefo,https://www.sports-reference.com/cbb/players/theresa-grace-mbanefo-1.html,cornell,2021-22
5,57,5,2021-11-20,Cornell,,Fairleigh Dickinson,REG (Non-Conf),L 32-63,*,20,3,8,.375,0,0,3,8,.375,.375,3,5,.600,3,1,4,0,0,1,2,5,9,2.9,Theresa Grace Mbanefo,https://www.sports-reference.com/cbb/players/theresa-grace-mbanefo-1.html,cornell,2021-22
6,58,6,2021-11-24,Cornell,,Albany (NY),REG (Non-Conf),W 47-46,*,34,6,15,.400,0,0,6,15,.400,.400,0,0,,5,4,9,3,2,5,4,3,12,11.0,Theresa Grace Mbanefo,https://www.sports-reference.com/cbb/players/theresa-grace-mbanefo-1.html,cornell,2021-22
7,59,7,2021-11-28,Cornell,@,Lafayette,REG (Non-Conf),W 66-55,*,30,4,6,.667,0,0,4,6,.667,.667,2,4,.500,7,3,10,4,1,2,5,0,10,12.6,Theresa Grace Mbanefo,https://www.sports-reference.com/cbb/players/theresa-grace-mbanefo-1.html,cornell,2021-22
8,60,8,2021-12-01,Cornell,,UMass Lowell,REG (Non-Conf),L 44-53,*,33,3,12,.250,0,0,3,12,.250,.250,4,6,.667,5,3,8,1,2,0,2,4,10,5.5,Theresa Grace Mbanefo,https://www.sports-reference.com/cbb/players/theresa-grace-mbanefo-1.html,cornell,2021-22
9,61,9,2021-12-04,Cornell,@,Niagara,REG (Non-Conf),L 71-76,*,28,4,6,.667,0,0,4,6,.667,.667,2,2,1.000,2,5,7,1,0,2,5,4,10,5.8,Theresa Grace Mbanefo,https://www.sports-reference.com/cbb/players/theresa-grace-mbanefo-1.html,cornell,2021-22
10,62,10,2021-12-08,Cornell,@,Syracuse,REG (Non-Conf),L 55-85,*,26,6,14,.429,0,0,6,14,.429,.429,0,1,.000,6,8,14,1,0,2,1,1,12,11.5,Theresa Grace Mbanefo,https://www.sports-reference.com/cbb/players/theresa-grace-mbanefo-1.html,cornell,2021-22
11,63,12,2022-01-02,Cornell,@,Dartmouth,REG (Conf),W 45-36,*,35,8,13,.615,0,0,8,13,.615,.615,0,0,,1,5,6,0,0,2,1,1,16,12.3,Theresa Grace Mbanefo,https://www.sports-reference.com/cbb/players/theresa-grace-mbanefo-1.html,cornell,2021-22
12,64,13,2022-01-08,Cornell,,Princeton,REG (Conf),L 41-65,*,27,3,8,.375,0,0,3,8,.375,.375,3,6,.500,1,2,3,1,2,2,3,2,9,5.0,Theresa Grace Mbanefo,https://www.sports-reference.com/cbb/players/theresa-grace-mbanefo-1.html,cornell,2021-22
13,65,14,2022-01-15,Cornell,,Yale,REG (Conf),L 44-62,*,34,3,11,.273,0,0,3,11,.273,.273,0,2,.000,2,2,4,3,2,3,3,3,6,2.7,Theresa Grace Mbanefo,https://www.sports-reference.com/cbb/players/theresa-grace-mbanefo-1.html,cornell,2021-22
14,66,15,2022-01-20,Cornell,@,Columbia,REG (Conf),L 46-57,*,15,1,4,.250,0,0,1,4,.250,.250,1,3,.333,0,3,3,0,1,2,3,5,3,-1.9,Theresa Grace Mbanefo,https://www.sports-reference.com/cbb/players/theresa-grace-mbanefo-1.html,cornell,2021-22
15,67,16,2022-01-22,Cornell,@,Harvard,REG (Conf),L 47-89,*,35,6,8,.750,0,0,6,8,.750,.750,1,2,.500,5,7,12,4,0,1,3,0,13,15.5,Theresa Grace Mbanefo,https://www.sports-reference.com/cbb/players/theresa-grace-mbanefo-1.html,cornell,2021-22
16,68,17,2022-01-29,Cornell,,Brown,REG (Conf),W 61-55,*,35,7,13,.538,0,0,7,13,.538,.538,2,6,.333,2,7,9,1,1,3,3,2,16,11.6,Theresa Grace Mbanefo,https://www.sports-reference.com/cbb/players/theresa-grace-mbanefo-1.html,cornell,2021-22
17,69,18,2022-02-04,Cornell,@,Princeton,REG (Conf),L 37-75,*,31,3,6,.500,0,0,3,6,.500,.500,0,2,.000,4,2,6,2,2,0,6,1,6,2.6,Theresa Grace Mbanefo,https://www.sports-reference.com/cbb/players/theresa-grace-mbanefo-1.html,cornell,2021-22
18,70,19,2022-02-05,Cornell,@,Pennsylvania,REG (Conf),L 61-71,*,35,6,12,.500,0,0,6,12,.500,.500,0,4,.000,2,4,6,1,0,2,5,2,12,3.3,Theresa Grace Mbanefo,https://www.sports-reference.com/cbb/players/theresa-grace-mbanefo-1.html,cornell,2021-22
19,71,20,2022-02-12,Cornell,@,Brown,REG (Conf),W 68-61,*,32,7,20,.350,0,0,7,20,.350,.350,2,3,.667,4,4,8,2,1,1,2,4,16,7.9,Theresa Grace Mbanefo,https://www.sports-reference.com/cbb/players/theresa-grace-mbanefo-1.html,cornell,2021-22
20,72,21,2022-02-18,Cornell,,Dartmouth,REG (Conf),L 64-67 (OT),*,35,8,14,.571,0,0,8,14,.571,.571,3,6,.500,4,5,9,2,2,0,2,3,19,15.7,Theresa Grace Mbanefo,https://www.sports-reference.com/cbb/players/theresa-grace-mbanefo-1.html,cornell,2021-22
21,73,22,2022-02-19,Cornell,,Harvard,REG (Conf),W 52-49,*,30,3,7,.429,0,0,3,7,.429,.429,1,2,.500,2,6,8,5,1,0,3,2,7,6.8,Theresa Grace Mbanefo,https://www.sports-reference.com/cbb/players/theresa-grace-mbanefo-1.html,cornell,2021-22
22,74,23,2022-02-23,Cornell,,Pennsylvania,REG (Conf),L 57-70,*,36,7,10,.700,0,0,7,10,.700,.700,0,0,,5,6,11,1,2,1,1,2,14,16.7,Theresa Grace Mbanefo,https://www.sports-reference.com/cbb/players/theresa-grace-mbanefo-1.html,cornell,2021-22
23,75,24,2022-02-26,Cornell,@,Yale,REG (Conf),L 40-56,*,31,3,10,.300,0,0,3,10,.300,.300,1,3,.333,2,5,7,1,0,1,6,4,7,-2.9,Theresa Grace Mbanefo,https://www.sports-reference.com/cbb/players/theresa-grace-mbanefo-1.html,cornell,2021-22
24,76,25,2022-03-04,Cornell,,Columbia,REG (Conf),L 57-70,*,31,5,12,.417,0,0,5,12,.417,.417,0,0,,2,5,7,3,0,3,4,1,10,6.3,Theresa Grace Mbanefo,https://www.sports-reference.com/cbb/players/theresa-grace-mbanefo-1.html,cornell,2021-22
