ranker,player_game_num_career,team_game_num_season,date,team_name_abbr,game_location,opp_name_abbr,game_type,game_result,is_starter,mp,fg,fga,fg_pct,fg3,fg3a,fg3_pct,fg2,fg2a,fg2_pct,efg_pct,ft,fta,ft_pct,orb,drb,trb,ast,stl,blk,tov,pf,pts,game_score,player_name,player_sr_link,school,season
1,41,1,2021-11-09,Stony Brook,,Delaware State,REG (Non-Conf),W 87-46,*,27,4,9,.444,2,5,.400,2,4,.500,.556,2,3,.667,1,4,5,7,1,0,1,1,12,13.3,Gigi Gonzalez,https://www.sports-reference.com/cbb/players/gigi-gonzalez-1.html,stony-brook,2021-22
2,42,2,2021-11-12,Stony Brook,@,Longwood,REG (Non-Conf),W 82-63,*,34,5,11,.455,2,4,.500,3,7,.429,.545,8,9,.889,1,2,3,4,2,1,2,1,20,18.3,Gigi Gonzalez,https://www.sports-reference.com/cbb/players/gigi-gonzalez-1.html,stony-brook,2021-22
3,43,3,2021-11-14,Stony Brook,,St. John's (NY),REG (Non-Conf),W 72-60,*,31,2,10,.200,2,4,.500,0,6,.000,.300,2,3,.667,0,5,5,5,0,1,3,1,8,3.7,Gigi Gonzalez,https://www.sports-reference.com/cbb/players/gigi-gonzalez-1.html,stony-brook,2021-22
4,44,4,2021-11-16,Stony Brook,@,Rutgers,REG (Non-Conf),W 53-44,*,31,4,12,.333,2,5,.400,2,7,.286,.417,3,4,.750,0,2,2,5,3,2,3,1,13,10.9,Gigi Gonzalez,https://www.sports-reference.com/cbb/players/gigi-gonzalez-1.html,stony-brook,2021-22
5,45,5,2021-11-20,Stony Brook,@,Iona,REG (Non-Conf),W 53-46,*,34,2,6,.333,0,2,.000,2,4,.500,.333,0,1,.000,0,5,5,2,1,0,4,3,4,-1.1,Gigi Gonzalez,https://www.sports-reference.com/cbb/players/gigi-gonzalez-1.html,stony-brook,2021-22
6,46,6,2021-11-24,Stony Brook,@,Columbia,REG (Non-Conf),W 91-82,*,30,3,8,.375,1,2,.500,2,6,.333,.438,14,16,.875,0,0,0,4,0,0,4,2,21,13.8,Gigi Gonzalez,https://www.sports-reference.com/cbb/players/gigi-gonzalez-1.html,stony-brook,2021-22
7,47,7,2021-11-28,Stony Brook,,St. Francis Brooklyn,REG (Non-Conf),W 71-64,*,27,5,13,.385,2,4,.500,3,9,.333,.462,5,6,.833,1,1,2,1,3,0,2,2,17,11.4,Gigi Gonzalez,https://www.sports-reference.com/cbb/players/gigi-gonzalez-1.html,stony-brook,2021-22
8,48,8,2021-12-02,Stony Brook,@,Fordham,REG (Non-Conf),L 59-71,*,26,5,12,.417,0,3,.000,5,9,.556,.417,4,5,.800,0,3,3,2,3,0,4,4,14,6.9,Gigi Gonzalez,https://www.sports-reference.com/cbb/players/gigi-gonzalez-1.html,stony-brook,2021-22
9,49,9,2021-12-10,Stony Brook,,Pennsylvania,REG (Non-Conf),W 75-69,*,28,4,9,.444,1,2,.500,3,7,.429,.500,5,5,1.000,1,4,5,3,2,0,6,1,14,8.9,Gigi Gonzalez,https://www.sports-reference.com/cbb/players/gigi-gonzalez-1.html,stony-brook,2021-22
10,50,10,2021-12-19,Stony Brook,,Washington State,REG (Non-Conf),W 69-62,*,32,3,9,.333,1,3,.333,2,6,.333,.389,0,0,,0,2,2,3,0,0,1,2,7,2.8,Gigi Gonzalez,https://www.sports-reference.com/cbb/players/gigi-gonzalez-1.html,stony-brook,2021-22
11,51,11,2021-12-30,Stony Brook,@,NJIT,REG (Conf),L 49-54,*,36,5,12,.417,0,3,.000,5,9,.556,.417,4,5,.800,1,1,2,1,2,0,3,3,14,6.7,Gigi Gonzalez,https://www.sports-reference.com/cbb/players/gigi-gonzalez-1.html,stony-brook,2021-22
12,52,12,2022-01-02,Stony Brook,,Hartford,REG (Conf),W 77-39,*,29,4,14,.286,1,6,.167,3,8,.375,.321,4,4,1.000,0,4,4,8,2,0,0,1,13,13.2,Gigi Gonzalez,https://www.sports-reference.com/cbb/players/gigi-gonzalez-1.html,stony-brook,2021-22
13,53,13,2022-01-09,Stony Brook,@,Maine,REG (Conf),W 63-44,*,29,2,8,.250,0,2,.000,2,6,.333,.250,4,4,1.000,1,4,5,5,4,0,5,2,8,6.8,Gigi Gonzalez,https://www.sports-reference.com/cbb/players/gigi-gonzalez-1.html,stony-brook,2021-22
14,54,14,2022-01-12,Stony Brook,,Vermont,REG (Conf),W 65-59,*,29,2,10,.200,0,1,.000,2,9,.222,.200,1,2,.500,1,1,2,2,2,0,4,2,5,-2.0,Gigi Gonzalez,https://www.sports-reference.com/cbb/players/gigi-gonzalez-1.html,stony-brook,2021-22
15,55,15,2022-01-16,Stony Brook,@,New Hampshire,REG (Conf),W 71-53,*,30,1,6,.167,0,3,.000,1,3,.333,.167,8,11,.727,1,2,3,5,1,0,2,4,10,7.2,Gigi Gonzalez,https://www.sports-reference.com/cbb/players/gigi-gonzalez-1.html,stony-brook,2021-22
16,56,16,2022-01-19,Stony Brook,,Binghamton,REG (Conf),W 69-44,*,28,2,9,.222,1,3,.333,1,6,.167,.278,1,2,.500,1,5,6,6,2,1,0,1,6,8.8,Gigi Gonzalez,https://www.sports-reference.com/cbb/players/gigi-gonzalez-1.html,stony-brook,2021-22
17,57,17,2022-01-22,Stony Brook,,Albany (NY),REG (Conf),W 58-47,*,28,4,9,.444,2,5,.400,2,4,.500,.556,0,0,,0,0,0,3,3,0,3,0,10,7.4,Gigi Gonzalez,https://www.sports-reference.com/cbb/players/gigi-gonzalez-1.html,stony-brook,2021-22
18,58,18,2022-01-26,Stony Brook,@,Vermont,REG (Conf),W 71-63,*,31,4,12,.333,1,3,.333,3,9,.333,.375,9,11,.818,1,3,4,3,3,0,1,1,18,15.7,Gigi Gonzalez,https://www.sports-reference.com/cbb/players/gigi-gonzalez-1.html,stony-brook,2021-22
19,59,19,2022-01-28,Stony Brook,,New Hampshire,REG (Conf),W 73-60,*,30,3,11,.273,0,5,.000,3,6,.500,.273,1,2,.500,2,2,4,3,0,1,5,1,7,-0.5,Gigi Gonzalez,https://www.sports-reference.com/cbb/players/gigi-gonzalez-1.html,stony-brook,2021-22
20,60,20,2022-02-02,Stony Brook,@,Binghamton,REG (Conf),W 49-48,*,33,0,8,.000,0,1,.000,0,7,.000,.000,2,4,.500,2,4,6,6,3,0,5,1,2,0.0,Gigi Gonzalez,https://www.sports-reference.com/cbb/players/gigi-gonzalez-1.html,stony-brook,2021-22
21,61,21,2022-02-05,Stony Brook,,NJIT,REG (Conf),W 76-38,*,25,1,7,.143,0,3,.000,1,4,.250,.143,2,3,.667,0,6,6,3,1,0,0,0,4,4.0,Gigi Gonzalez,https://www.sports-reference.com/cbb/players/gigi-gonzalez-1.html,stony-brook,2021-22
22,62,22,2022-02-09,Stony Brook,@,UMass Lowell,REG (Conf),W 69-65,*,29,2,4,.500,0,0,,2,4,.500,.500,1,2,.500,1,3,4,3,1,1,4,0,5,4.0,Gigi Gonzalez,https://www.sports-reference.com/cbb/players/gigi-gonzalez-1.html,stony-brook,2021-22
23,63,23,2022-02-12,Stony Brook,,Maine,REG (Conf),L 55-61,*,34,5,9,.556,1,3,.333,4,6,.667,.611,0,0,,0,3,3,2,2,0,3,3,11,6.8,Gigi Gonzalez,https://www.sports-reference.com/cbb/players/gigi-gonzalez-1.html,stony-brook,2021-22
24,64,24,2022-02-14,Stony Brook,@,UMBC,REG (Conf),W 64-48,*,25,1,4,.250,0,2,.000,1,2,.500,.250,2,2,1.000,1,1,2,4,0,0,1,2,4,3.6,Gigi Gonzalez,https://www.sports-reference.com/cbb/players/gigi-gonzalez-1.html,stony-brook,2021-22
25,65,25,2022-02-16,Stony Brook,,UMBC,REG (Conf),W 66-56,*,24,3,9,.333,1,2,.500,2,7,.286,.389,0,0,,2,3,5,2,0,0,1,0,7,4.6,Gigi Gonzalez,https://www.sports-reference.com/cbb/players/gigi-gonzalez-1.html,stony-brook,2021-22
26,66,26,2022-02-19,Stony Brook,@,Hartford,REG (Conf),W 95-69,*,20,2,8,.250,0,3,.000,2,5,.400,.250,3,4,.750,1,2,3,5,2,0,2,4,7,5.0,Gigi Gonzalez,https://www.sports-reference.com/cbb/players/gigi-gonzalez-1.html,stony-brook,2021-22
27,67,27,2022-02-23,Stony Brook,,UMass Lowell,REG (Conf),L 68-70,,30,3,9,.333,1,2,.500,2,7,.286,.389,4,7,.571,0,3,3,6,2,0,1,1,11,10.4,Gigi Gonzalez,https://www.sports-reference.com/cbb/players/gigi-gonzalez-1.html,stony-brook,2021-22
28,68,28,2022-02-26,Stony Brook,@,Albany (NY),REG (Conf),L 56-57,*,26,2,8,.250,0,3,.000,2,5,.400,.250,2,2,1.000,1,4,5,8,1,1,2,2,6,7.6,Gigi Gonzalez,https://www.sports-reference.com/cbb/players/gigi-gonzalez-1.html,stony-brook,2021-22
29,69,29,2022-03-18,Stony Brook,@,VCU,WNIT,L 48-56,*,23,0,3,.000,0,0,,0,3,.000,.000,0,0,,0,1,1,1,1,0,0,2,0,-0.9,Gigi Gonzalez,https://www.sports-reference.com/cbb/players/gigi-gonzalez-1.html,stony-brook,2021-22
