ranker,player_game_num_career,team_game_num_season,date,team_name_abbr,game_location,opp_name_abbr,game_type,game_result,is_starter,mp,fg,fga,fg_pct,fg3,fg3a,fg2,fg2a,fg2_pct,efg_pct,ft,fta,ft_pct,orb,drb,trb,ast,stl,blk,tov,pf,pts,game_score,player_name,player_sr_link,school,season
1,1,1,2021-11-09,Stony Brook,,Delaware State,REG (Non-Conf),W 87-46,,1,0,0,,0,0,0,0,,,0,0,,0,0,0,0,1,0,0,0,0,1.0,Jamiah Richardson,https://www.sports-reference.com/cbb/players/jamiah-richardson-1.html,stony-brook,2021-22
2,2,3,2021-11-14,Stony Brook,,St. John's (NY),REG (Non-Conf),W 72-60,,2,0,0,,0,0,0,0,,,0,0,,0,2,2,0,0,0,1,0,0,-0.4,Jamiah Richardson,https://www.sports-reference.com/cbb/players/jamiah-richardson-1.html,stony-brook,2021-22
3,3,16,2022-01-19,Stony Brook,,Binghamton,REG (Conf),W 69-44,,2,2,3,.667,0,0,2,3,.667,.667,0,0,,1,1,2,0,0,0,1,1,4,2.3,Jamiah Richardson,https://www.sports-reference.com/cbb/players/jamiah-richardson-1.html,stony-brook,2021-22
4,4,19,2022-01-28,Stony Brook,,New Hampshire,REG (Conf),W 73-60,,1,0,0,,0,0,0,0,,,0,0,,0,0,0,0,0,0,0,0,0,0.0,Jamiah Richardson,https://www.sports-reference.com/cbb/players/jamiah-richardson-1.html,stony-brook,2021-22
5,5,21,2022-02-05,Stony Brook,,NJIT,REG (Conf),W 76-38,,2,0,0,,0,0,0,0,,,0,0,,0,1,1,0,1,0,0,1,0,0.9,Jamiah Richardson,https://www.sports-reference.com/cbb/players/jamiah-richardson-1.html,stony-brook,2021-22
6,6,24,2022-02-14,Stony Brook,@,UMBC,REG (Conf),W 64-48,,1,0,1,.000,0,0,0,1,.000,.000,0,0,,1,0,1,0,0,0,0,0,0,0.0,Jamiah Richardson,https://www.sports-reference.com/cbb/players/jamiah-richardson-1.html,stony-brook,2021-22
7,7,25,2022-02-16,Stony Brook,,UMBC,REG (Conf),W 66-56,,1,0,0,,0,0,0,0,,,0,0,,0,0,0,0,0,0,1,1,0,-1.4,Jamiah Richardson,https://www.sports-reference.com/cbb/players/jamiah-richardson-1.html,stony-brook,2021-22
8,8,26,2022-02-19,Stony Brook,@,Hartford,REG (Conf),W 95-69,,2,0,1,.000,0,0,0,1,.000,.000,2,2,1.000,1,0,1,0,0,0,0,0,2,2.0,Jamiah Richardson,https://www.sports-reference.com/cbb/players/jamiah-richardson-1.html,stony-brook,2021-22
