ranker,player_game_num_career,team_game_num_season,date,team_name_abbr,game_location,opp_name_abbr,game_type,game_result,is_starter,mp,fg,fga,fg_pct,fg3,fg3a,fg3_pct,fg2,fg2a,fg2_pct,efg_pct,ft,fta,ft_pct,orb,drb,trb,ast,stl,blk,tov,pf,pts,game_score,player_name,player_sr_link,school,season
1,1,1,2018-11-06,Louisiana,,Lamar,REG (Non-Conf),L 77-79 (OT),*,35,3,8,.375,1,4,.250,2,4,.500,.438,2,2,1.000,1,2,3,1,2,0,6,3,9,1.4,Andrea Cournoyer,https://www.sports-reference.com/cbb/players/andrea-cournoyer-1.html,louisiana-lafayette,2018-19
2,2,2,2018-11-11,Louisiana,@,McNeese State,REG (Non-Conf),W 70-59,*,20,3,5,.600,1,2,.500,2,3,.667,.700,1,2,.500,0,2,2,0,0,0,4,2,8,1.1,Andrea Cournoyer,https://www.sports-reference.com/cbb/players/andrea-cournoyer-1.html,louisiana-lafayette,2018-19
3,3,3,2018-11-14,Louisiana,,Dillard,REG (Non-Conf),L 69-72,*,27,4,14,.286,2,8,.250,2,6,.333,.357,0,0,,0,2,2,2,0,0,0,2,10,3.0,Andrea Cournoyer,https://www.sports-reference.com/cbb/players/andrea-cournoyer-1.html,louisiana-lafayette,2018-19
4,4,4,2018-11-19,Louisiana,,Jackson State,REG (Non-Conf),W 68-61,,16,1,3,.333,0,0,,1,3,.333,.333,1,2,.500,0,0,0,2,1,0,2,2,3,0.5,Andrea Cournoyer,https://www.sports-reference.com/cbb/players/andrea-cournoyer-1.html,louisiana-lafayette,2018-19
5,5,5,2018-11-25,Louisiana,@,Auburn,REG (Non-Conf),L 59-71,,22,4,8,.500,2,4,.500,2,4,.500,.625,0,0,,0,2,2,4,7,0,4,3,10,11.2,Andrea Cournoyer,https://www.sports-reference.com/cbb/players/andrea-cournoyer-1.html,louisiana-lafayette,2018-19
6,6,6,2018-11-30,Louisiana,@,Texas A&M–Corpus Christi,REG (Non-Conf),L 63-64,,27,4,9,.444,0,3,.000,4,6,.667,.444,2,2,1.000,1,1,2,1,2,1,3,0,10,6.7,Andrea Cournoyer,https://www.sports-reference.com/cbb/players/andrea-cournoyer-1.html,louisiana-lafayette,2018-19
7,7,7,2018-12-01,Louisiana,@,Texas–Rio Grande Valley,REG (Non-Conf),L 60-75,,24,3,7,.429,0,3,.000,3,4,.750,.429,0,0,,0,3,3,1,1,0,0,0,6,4.9,Andrea Cournoyer,https://www.sports-reference.com/cbb/players/andrea-cournoyer-1.html,louisiana-lafayette,2018-19
8,8,8,2018-12-08,Louisiana,,Sam Houston State,REG (Non-Conf),L 62-68,,23,4,7,.571,1,3,.333,3,4,.750,.643,0,0,,0,2,2,1,0,0,0,0,9,7.0,Andrea Cournoyer,https://www.sports-reference.com/cbb/players/andrea-cournoyer-1.html,louisiana-lafayette,2018-19
9,9,9,2018-12-12,Louisiana,@,Ole Miss,REG (Non-Conf),L 57-79,,17,4,10,.400,2,7,.286,2,3,.667,.500,0,0,,0,2,2,3,2,0,1,1,10,7.9,Andrea Cournoyer,https://www.sports-reference.com/cbb/players/andrea-cournoyer-1.html,louisiana-lafayette,2018-19
10,10,10,2018-12-20,Louisiana,,Louisiana State,REG (Non-Conf),L 54-76,,21,3,7,.429,1,4,.250,2,3,.667,.500,1,2,.500,0,1,1,3,1,0,1,0,8,6.3,Andrea Cournoyer,https://www.sports-reference.com/cbb/players/andrea-cournoyer-1.html,louisiana-lafayette,2018-19
11,11,11,2018-12-30,Louisiana,@,Mississippi State,REG (Non-Conf),L 36-104,*,23,3,8,.375,0,2,.000,3,6,.500,.375,0,0,,0,0,0,2,2,0,3,3,6,0.8,Andrea Cournoyer,https://www.sports-reference.com/cbb/players/andrea-cournoyer-1.html,louisiana-lafayette,2018-19
12,12,12,2019-01-03,Louisiana,@,Arkansas State,REG (Conf),L 75-87,*,29,7,17,.412,4,9,.444,3,8,.375,.529,3,3,1.000,1,3,4,0,1,0,3,2,21,10.7,Andrea Cournoyer,https://www.sports-reference.com/cbb/players/andrea-cournoyer-1.html,louisiana-lafayette,2018-19
13,13,13,2019-01-05,Louisiana,@,Little Rock,REG (Conf),L 48-62,*,25,4,10,.400,2,5,.400,2,5,.400,.500,1,2,.500,0,1,1,1,2,0,0,0,11,8.2,Andrea Cournoyer,https://www.sports-reference.com/cbb/players/andrea-cournoyer-1.html,louisiana-lafayette,2018-19
14,14,14,2019-01-10,Louisiana,,Georgia State,REG (Conf),W 57-54,*,22,3,8,.375,2,4,.500,1,4,.250,.500,0,0,,1,4,5,3,2,0,1,0,8,8.6,Andrea Cournoyer,https://www.sports-reference.com/cbb/players/andrea-cournoyer-1.html,louisiana-lafayette,2018-19
15,15,15,2019-01-12,Louisiana,,Georgia Southern,REG (Conf),W 59-48,*,28,5,12,.417,2,5,.400,3,7,.429,.500,2,2,1.000,0,4,4,4,1,0,2,1,14,10.2,Andrea Cournoyer,https://www.sports-reference.com/cbb/players/andrea-cournoyer-1.html,louisiana-lafayette,2018-19
16,16,16,2019-01-19,Louisiana,,Louisiana–Monroe,REG (Conf),W 52-45,*,25,3,9,.333,2,6,.333,1,3,.333,.444,3,4,.750,1,1,2,3,2,0,2,1,11,8.2,Andrea Cournoyer,https://www.sports-reference.com/cbb/players/andrea-cournoyer-1.html,louisiana-lafayette,2018-19
17,17,17,2019-01-24,Louisiana,@,South Alabama,REG (Conf),L 60-83,*,26,4,8,.500,1,2,.500,3,6,.500,.563,0,0,,0,2,2,2,1,0,1,1,9,6.6,Andrea Cournoyer,https://www.sports-reference.com/cbb/players/andrea-cournoyer-1.html,louisiana-lafayette,2018-19
18,18,18,2019-01-26,Louisiana,@,Troy,REG (Conf),L 64-90,*,20,4,13,.308,1,6,.167,3,7,.429,.346,1,2,.500,0,0,0,4,2,0,5,0,10,1.9,Andrea Cournoyer,https://www.sports-reference.com/cbb/players/andrea-cournoyer-1.html,louisiana-lafayette,2018-19
19,19,19,2019-01-29,Louisiana,,UT Arlington,REG (Conf),L 61-76,*,27,2,8,.250,0,1,.000,2,7,.286,.250,0,0,,0,1,1,0,1,0,2,1,4,-1.9,Andrea Cournoyer,https://www.sports-reference.com/cbb/players/andrea-cournoyer-1.html,louisiana-lafayette,2018-19
20,20,20,2019-01-31,Louisiana,,Appalachian State,REG (Conf),W 73-55,*,27,2,10,.200,0,3,.000,2,7,.286,.200,0,0,,1,0,1,1,1,0,2,1,4,-2.2,Andrea Cournoyer,https://www.sports-reference.com/cbb/players/andrea-cournoyer-1.html,louisiana-lafayette,2018-19
21,21,21,2019-02-02,Louisiana,,Coastal Carolina,REG (Conf),L 58-76,*,27,3,11,.273,2,5,.400,1,6,.167,.364,2,2,1.000,1,4,5,0,2,0,1,1,10,6.0,Andrea Cournoyer,https://www.sports-reference.com/cbb/players/andrea-cournoyer-1.html,louisiana-lafayette,2018-19
22,22,22,2019-02-07,Louisiana,@,Georgia Southern,REG (Conf),L 71-79,*,35,2,9,.222,1,3,.333,1,6,.167,.278,0,0,,1,5,6,3,4,0,1,2,5,6.0,Andrea Cournoyer,https://www.sports-reference.com/cbb/players/andrea-cournoyer-1.html,louisiana-lafayette,2018-19
23,23,23,2019-02-09,Louisiana,@,Georgia State,REG (Conf),L 71-74,*,34,6,11,.545,3,6,.500,3,5,.600,.682,0,0,,0,2,2,4,2,0,1,2,15,13.3,Andrea Cournoyer,https://www.sports-reference.com/cbb/players/andrea-cournoyer-1.html,louisiana-lafayette,2018-19
24,24,24,2019-02-16,Louisiana,@,Louisiana–Monroe,REG (Conf),W 55-52,*,32,2,11,.182,0,2,.000,2,9,.222,.182,2,2,1.000,1,2,3,5,4,0,5,0,6,2.9,Andrea Cournoyer,https://www.sports-reference.com/cbb/players/andrea-cournoyer-1.html,louisiana-lafayette,2018-19
25,25,25,2019-02-23,Louisiana,,Texas State,REG (Conf),L 65-71,*,29,3,13,.231,3,11,.273,0,2,.000,.346,0,0,,0,2,2,1,3,0,1,1,9,4.0,Andrea Cournoyer,https://www.sports-reference.com/cbb/players/andrea-cournoyer-1.html,louisiana-lafayette,2018-19
26,26,26,2019-02-28,Louisiana,@,Coastal Carolina,REG (Conf),L 62-67,*,29,3,10,.300,1,5,.200,2,5,.400,.350,0,0,,0,2,2,0,4,0,2,1,7,3.4,Andrea Cournoyer,https://www.sports-reference.com/cbb/players/andrea-cournoyer-1.html,louisiana-lafayette,2018-19
27,27,27,2019-03-02,Louisiana,@,Appalachian State,REG (Conf),L 69-83,*,29,5,12,.417,2,6,.333,3,6,.500,.500,3,3,1.000,1,2,3,4,2,0,4,4,15,9.1,Andrea Cournoyer,https://www.sports-reference.com/cbb/players/andrea-cournoyer-1.html,louisiana-lafayette,2018-19
28,28,28,2019-03-07,Louisiana,,Little Rock,REG (Conf),L 49-62,*,23,5,7,.714,1,3,.333,4,4,1.000,.786,0,0,,1,3,4,1,0,0,2,3,11,7.2,Andrea Cournoyer,https://www.sports-reference.com/cbb/players/andrea-cournoyer-1.html,louisiana-lafayette,2018-19
29,29,29,2019-03-09,Louisiana,,Arkansas State,REG (Conf),L 73-75,*,30,4,7,.571,2,2,1.000,2,5,.400,.714,2,2,1.000,1,0,1,4,2,0,1,2,12,12.4,Andrea Cournoyer,https://www.sports-reference.com/cbb/players/andrea-cournoyer-1.html,louisiana-lafayette,2018-19
30,30,30,2019-03-11,Louisiana,@,South Alabama,CTOURN,L 61-73,*,26,5,10,.500,0,3,.000,5,7,.714,.500,0,0,,0,2,2,3,3,0,2,2,10,7.9,Andrea Cournoyer,https://www.sports-reference.com/cbb/players/andrea-cournoyer-1.html,louisiana-lafayette,2018-19
