ranker,player_game_num_career,team_game_num_season,date,team_name_abbr,game_location,opp_name_abbr,game_type,game_result,is_starter,mp,fg,fga,fg_pct,fg3,fg3a,fg3_pct,fg2,fg2a,fg2_pct,efg_pct,ft,fta,ft_pct,orb,drb,trb,ast,stl,blk,tov,pf,pts,game_score,player_name,player_sr_link,school,season
1,1,1,2018-11-06,Louisiana,,Lamar,REG (Non-Conf),L 77-79 (OT),,9,0,1,.000,0,0,,0,1,.000,.000,0,0,,0,2,2,0,0,0,2,3,0,-3.3,Caroline Rivera,https://www.sports-reference.com/cbb/players/caroline-rivera-1.html,louisiana-lafayette,2018-19
2,2,2,2018-11-11,Louisiana,@,McNeese State,REG (Non-Conf),W 70-59,,19,1,4,.250,0,1,.000,1,3,.333,.250,1,2,.500,1,2,3,1,0,0,2,1,3,-0.2,Caroline Rivera,https://www.sports-reference.com/cbb/players/caroline-rivera-1.html,louisiana-lafayette,2018-19
3,3,3,2018-11-14,Louisiana,,Dillard,REG (Non-Conf),L 69-72,,8,0,1,.000,0,0,,0,1,.000,.000,0,0,,0,0,0,0,1,0,0,0,0,0.3,Caroline Rivera,https://www.sports-reference.com/cbb/players/caroline-rivera-1.html,louisiana-lafayette,2018-19
4,4,4,2018-11-19,Louisiana,,Jackson State,REG (Non-Conf),W 68-61,,8,0,1,.000,0,0,,0,1,.000,.000,2,2,1.000,0,3,3,0,0,0,2,0,2,0.2,Caroline Rivera,https://www.sports-reference.com/cbb/players/caroline-rivera-1.html,louisiana-lafayette,2018-19
5,5,5,2018-11-25,Louisiana,@,Auburn,REG (Non-Conf),L 59-71,,15,0,0,,0,0,,0,0,,,0,0,,0,2,2,0,0,0,3,2,0,-3.2,Caroline Rivera,https://www.sports-reference.com/cbb/players/caroline-rivera-1.html,louisiana-lafayette,2018-19
6,6,6,2018-11-30,Louisiana,@,Texas A&M–Corpus Christi,REG (Non-Conf),L 63-64,,7,0,0,,0,0,,0,0,,,0,0,,0,1,1,0,0,0,1,0,0,-0.7,Caroline Rivera,https://www.sports-reference.com/cbb/players/caroline-rivera-1.html,louisiana-lafayette,2018-19
7,7,7,2018-12-01,Louisiana,@,Texas–Rio Grande Valley,REG (Non-Conf),L 60-75,,5,0,0,,0,0,,0,0,,,0,0,,0,0,0,0,0,0,0,1,0,-0.4,Caroline Rivera,https://www.sports-reference.com/cbb/players/caroline-rivera-1.html,louisiana-lafayette,2018-19
8,8,8,2018-12-08,Louisiana,,Sam Houston State,REG (Non-Conf),L 62-68,,7,1,1,1.000,0,0,,1,1,1.000,1.000,0,0,,0,0,0,0,0,0,0,0,2,1.7,Caroline Rivera,https://www.sports-reference.com/cbb/players/caroline-rivera-1.html,louisiana-lafayette,2018-19
9,9,9,2018-12-12,Louisiana,@,Ole Miss,REG (Non-Conf),L 57-79,,4,0,0,,0,0,,0,0,,,0,0,,0,0,0,0,0,0,0,1,0,-0.4,Caroline Rivera,https://www.sports-reference.com/cbb/players/caroline-rivera-1.html,louisiana-lafayette,2018-19
10,10,10,2018-12-20,Louisiana,,Louisiana State,REG (Non-Conf),L 54-76,,4,0,0,,0,0,,0,0,,,0,0,,0,1,1,0,0,0,1,3,0,-1.9,Caroline Rivera,https://www.sports-reference.com/cbb/players/caroline-rivera-1.html,louisiana-lafayette,2018-19
11,11,11,2018-12-30,Louisiana,@,Mississippi State,REG (Non-Conf),L 36-104,,7,0,2,.000,0,0,,0,2,.000,.000,0,0,,0,0,0,0,0,0,2,1,0,-3.8,Caroline Rivera,https://www.sports-reference.com/cbb/players/caroline-rivera-1.html,louisiana-lafayette,2018-19
12,12,22,2019-02-07,Louisiana,@,Georgia Southern,REG (Conf),L 71-79,,3,0,0,,0,0,,0,0,,,0,0,,0,0,0,0,0,0,0,1,0,-0.4,Caroline Rivera,https://www.sports-reference.com/cbb/players/caroline-rivera-1.html,louisiana-lafayette,2018-19
13,13,23,2019-02-09,Louisiana,@,Georgia State,REG (Conf),L 71-74,,13,0,2,.000,0,0,,0,2,.000,.000,0,0,,0,1,1,1,0,0,2,0,0,-2.4,Caroline Rivera,https://www.sports-reference.com/cbb/players/caroline-rivera-1.html,louisiana-lafayette,2018-19
14,14,24,2019-02-16,Louisiana,@,Louisiana–Monroe,REG (Conf),W 55-52,,8,0,0,,0,0,,0,0,,,0,0,,0,1,1,0,0,0,1,0,0,-0.7,Caroline Rivera,https://www.sports-reference.com/cbb/players/caroline-rivera-1.html,louisiana-lafayette,2018-19
15,15,25,2019-02-23,Louisiana,,Texas State,REG (Conf),L 65-71,,0,0,0,,0,0,,0,0,,,0,0,,0,1,1,0,0,0,0,0,0,0.3,Caroline Rivera,https://www.sports-reference.com/cbb/players/caroline-rivera-1.html,louisiana-lafayette,2018-19
16,16,26,2019-02-28,Louisiana,@,Coastal Carolina,REG (Conf),L 62-67,,7,0,0,,0,0,,0,0,,,0,0,,0,0,0,1,0,0,0,0,0,0.7,Caroline Rivera,https://www.sports-reference.com/cbb/players/caroline-rivera-1.html,louisiana-lafayette,2018-19
17,17,27,2019-03-02,Louisiana,@,Appalachian State,REG (Conf),L 69-83,,16,2,5,.400,0,0,,2,5,.400,.400,2,2,1.000,2,0,2,3,0,0,1,3,6,4.6,Caroline Rivera,https://www.sports-reference.com/cbb/players/caroline-rivera-1.html,louisiana-lafayette,2018-19
18,18,28,2019-03-07,Louisiana,,Little Rock,REG (Conf),L 49-62,,9,0,0,,0,0,,0,0,,,0,0,,0,0,0,0,0,0,1,1,0,-1.4,Caroline Rivera,https://www.sports-reference.com/cbb/players/caroline-rivera-1.html,louisiana-lafayette,2018-19
19,19,29,2019-03-09,Louisiana,,Arkansas State,REG (Conf),L 73-75,,2,0,0,,0,0,,0,0,,,0,0,,0,0,0,0,0,0,0,2,0,-0.8,Caroline Rivera,https://www.sports-reference.com/cbb/players/caroline-rivera-1.html,louisiana-lafayette,2018-19
20,20,30,2019-03-11,Louisiana,@,South Alabama,CTOURN,L 61-73,,6,1,3,.333,0,0,,1,3,.333,.333,0,0,,1,0,1,0,0,0,1,0,2,0.0,Caroline Rivera,https://www.sports-reference.com/cbb/players/caroline-rivera-1.html,louisiana-lafayette,2018-19
