ranker,player_game_num_career,team_game_num_season,date,team_name_abbr,game_location,opp_name_abbr,game_type,game_result,is_starter,mp,fg,fga,fg_pct,fg3,fg3a,fg3_pct,fg2,fg2a,fg2_pct,efg_pct,ft,fta,ft_pct,orb,drb,trb,ast,stl,blk,tov,pf,pts,game_score,player_name,player_sr_link,school,season
1,1,1,2018-11-06,Louisiana,,Lamar,REG (Non-Conf),L 77-79 (OT),,18,0,2,.000,0,0,,0,2,.000,.000,0,0,,0,0,0,1,0,0,3,3,0,-4.9,Diamond Morrison,https://www.sports-reference.com/cbb/players/diamond-morrison-1.html,louisiana-lafayette,2018-19
2,2,2,2018-11-11,Louisiana,@,McNeese State,REG (Non-Conf),W 70-59,,29,2,8,.250,1,2,.500,1,6,.167,.313,1,2,.500,0,2,2,0,0,0,0,2,6,0.6,Diamond Morrison,https://www.sports-reference.com/cbb/players/diamond-morrison-1.html,louisiana-lafayette,2018-19
3,3,3,2018-11-14,Louisiana,,Dillard,REG (Non-Conf),L 69-72,,22,2,3,.667,1,2,.500,1,1,1.000,.833,0,0,,0,2,2,4,0,0,2,3,5,3.9,Diamond Morrison,https://www.sports-reference.com/cbb/players/diamond-morrison-1.html,louisiana-lafayette,2018-19
4,4,4,2018-11-19,Louisiana,,Jackson State,REG (Non-Conf),W 68-61,*,30,6,10,.600,2,2,1.000,4,8,.500,.700,0,0,,0,2,2,1,0,0,5,1,14,5.3,Diamond Morrison,https://www.sports-reference.com/cbb/players/diamond-morrison-1.html,louisiana-lafayette,2018-19
5,5,5,2018-11-25,Louisiana,@,Auburn,REG (Non-Conf),L 59-71,*,16,3,5,.600,1,3,.333,2,2,1.000,.700,0,0,,0,2,2,0,1,0,3,3,7,2.1,Diamond Morrison,https://www.sports-reference.com/cbb/players/diamond-morrison-1.html,louisiana-lafayette,2018-19
6,6,6,2018-11-30,Louisiana,@,Texas A&M–Corpus Christi,REG (Non-Conf),L 63-64,*,23,3,11,.273,2,4,.500,1,7,.143,.364,2,2,1.000,1,0,1,3,2,0,4,1,10,3.9,Diamond Morrison,https://www.sports-reference.com/cbb/players/diamond-morrison-1.html,louisiana-lafayette,2018-19
7,7,7,2018-12-01,Louisiana,@,Texas–Rio Grande Valley,REG (Non-Conf),L 60-75,*,27,5,12,.417,3,4,.750,2,8,.250,.542,0,0,,0,1,1,6,1,0,2,3,13,8.9,Diamond Morrison,https://www.sports-reference.com/cbb/players/diamond-morrison-1.html,louisiana-lafayette,2018-19
8,8,8,2018-12-08,Louisiana,,Sam Houston State,REG (Non-Conf),L 62-68,*,18,1,4,.250,1,2,.500,0,2,.000,.375,2,2,1.000,0,4,4,0,0,0,6,3,5,-3.4,Diamond Morrison,https://www.sports-reference.com/cbb/players/diamond-morrison-1.html,louisiana-lafayette,2018-19
9,9,9,2018-12-12,Louisiana,@,Ole Miss,REG (Non-Conf),L 57-79,*,28,0,2,.000,0,2,.000,0,0,,.000,0,0,,0,1,1,7,0,0,2,4,0,0.2,Diamond Morrison,https://www.sports-reference.com/cbb/players/diamond-morrison-1.html,louisiana-lafayette,2018-19
10,10,10,2018-12-20,Louisiana,,Louisiana State,REG (Non-Conf),L 54-76,*,24,4,9,.444,2,5,.400,2,4,.500,.556,0,0,,0,2,2,0,0,0,2,1,10,3.5,Diamond Morrison,https://www.sports-reference.com/cbb/players/diamond-morrison-1.html,louisiana-lafayette,2018-19
11,11,11,2018-12-30,Louisiana,@,Mississippi State,REG (Non-Conf),L 36-104,,20,0,3,.000,0,0,,0,3,.000,.000,0,0,,0,1,1,0,1,0,3,1,0,-4.2,Diamond Morrison,https://www.sports-reference.com/cbb/players/diamond-morrison-1.html,louisiana-lafayette,2018-19
12,12,12,2019-01-03,Louisiana,@,Arkansas State,REG (Conf),L 75-87,,13,0,6,.000,0,3,.000,0,3,.000,.000,0,0,,0,0,0,0,0,0,0,2,0,-5.0,Diamond Morrison,https://www.sports-reference.com/cbb/players/diamond-morrison-1.html,louisiana-lafayette,2018-19
13,13,13,2019-01-05,Louisiana,@,Little Rock,REG (Conf),L 48-62,,20,2,8,.250,0,0,,2,8,.250,.250,0,0,,1,2,3,2,1,0,2,4,4,-0.7,Diamond Morrison,https://www.sports-reference.com/cbb/players/diamond-morrison-1.html,louisiana-lafayette,2018-19
14,14,14,2019-01-10,Louisiana,,Georgia State,REG (Conf),W 57-54,,14,1,1,1.000,0,0,,1,1,1.000,1.000,0,0,,0,1,1,1,0,0,1,1,2,1.3,Diamond Morrison,https://www.sports-reference.com/cbb/players/diamond-morrison-1.html,louisiana-lafayette,2018-19
15,15,16,2019-01-19,Louisiana,,Louisiana–Monroe,REG (Conf),W 52-45,,8,0,0,,0,0,,0,0,,,0,0,,0,1,1,0,0,0,2,0,0,-1.7,Diamond Morrison,https://www.sports-reference.com/cbb/players/diamond-morrison-1.html,louisiana-lafayette,2018-19
16,16,17,2019-01-24,Louisiana,@,South Alabama,REG (Conf),L 60-83,,18,2,7,.286,2,4,.500,0,3,.000,.429,0,0,,1,0,1,1,0,0,2,1,6,0.9,Diamond Morrison,https://www.sports-reference.com/cbb/players/diamond-morrison-1.html,louisiana-lafayette,2018-19
17,17,18,2019-01-26,Louisiana,@,Troy,REG (Conf),L 64-90,,20,0,5,.000,0,0,,0,5,.000,.000,0,0,,0,2,2,0,1,0,2,1,0,-4.3,Diamond Morrison,https://www.sports-reference.com/cbb/players/diamond-morrison-1.html,louisiana-lafayette,2018-19
18,18,19,2019-01-29,Louisiana,,UT Arlington,REG (Conf),L 61-76,,23,4,10,.400,2,5,.400,2,5,.400,.500,0,0,,0,0,0,1,1,0,1,4,10,3.7,Diamond Morrison,https://www.sports-reference.com/cbb/players/diamond-morrison-1.html,louisiana-lafayette,2018-19
19,19,20,2019-01-31,Louisiana,,Appalachian State,REG (Conf),W 73-55,,29,3,4,.750,3,4,.750,0,0,,1.125,1,2,.500,1,4,5,2,0,0,3,1,10,7.9,Diamond Morrison,https://www.sports-reference.com/cbb/players/diamond-morrison-1.html,louisiana-lafayette,2018-19
20,20,21,2019-02-02,Louisiana,,Coastal Carolina,REG (Conf),L 58-76,,25,5,9,.556,1,2,.500,4,7,.571,.611,1,2,.500,1,2,3,0,0,0,0,0,12,8.6,Diamond Morrison,https://www.sports-reference.com/cbb/players/diamond-morrison-1.html,louisiana-lafayette,2018-19
21,21,22,2019-02-07,Louisiana,@,Georgia Southern,REG (Conf),L 71-79,,17,0,3,.000,0,3,.000,0,0,,.000,1,2,.500,0,0,0,1,0,0,4,1,1,-5.2,Diamond Morrison,https://www.sports-reference.com/cbb/players/diamond-morrison-1.html,louisiana-lafayette,2018-19
22,22,23,2019-02-09,Louisiana,@,Georgia State,REG (Conf),L 71-74,,11,1,5,.200,1,5,.200,0,0,,.300,0,0,,0,0,0,1,0,0,1,0,3,-0.4,Diamond Morrison,https://www.sports-reference.com/cbb/players/diamond-morrison-1.html,louisiana-lafayette,2018-19
23,23,24,2019-02-16,Louisiana,@,Louisiana–Monroe,REG (Conf),W 55-52,,29,2,6,.333,0,2,.000,2,4,.500,.333,0,0,,0,3,3,4,0,0,1,0,4,3.3,Diamond Morrison,https://www.sports-reference.com/cbb/players/diamond-morrison-1.html,louisiana-lafayette,2018-19
24,24,25,2019-02-23,Louisiana,,Texas State,REG (Conf),L 65-71,,20,2,6,.333,1,4,.250,1,2,.500,.417,1,2,.500,0,1,1,2,0,0,1,1,6,2.5,Diamond Morrison,https://www.sports-reference.com/cbb/players/diamond-morrison-1.html,louisiana-lafayette,2018-19
25,25,26,2019-02-28,Louisiana,@,Coastal Carolina,REG (Conf),L 62-67,,22,2,6,.333,2,4,.500,0,2,.000,.500,0,0,,0,0,0,2,1,0,0,1,6,4.6,Diamond Morrison,https://www.sports-reference.com/cbb/players/diamond-morrison-1.html,louisiana-lafayette,2018-19
26,26,27,2019-03-02,Louisiana,@,Appalachian State,REG (Conf),L 69-83,,18,5,7,.714,2,3,.667,3,4,.750,.857,0,0,,0,2,2,1,0,0,1,4,12,7.8,Diamond Morrison,https://www.sports-reference.com/cbb/players/diamond-morrison-1.html,louisiana-lafayette,2018-19
27,27,28,2019-03-07,Louisiana,,Little Rock,REG (Conf),L 49-62,,16,2,10,.200,0,1,.000,2,9,.222,.200,0,0,,0,1,1,0,1,0,0,0,4,-0.9,Diamond Morrison,https://www.sports-reference.com/cbb/players/diamond-morrison-1.html,louisiana-lafayette,2018-19
28,28,29,2019-03-09,Louisiana,,Arkansas State,REG (Conf),L 73-75,,19,3,7,.429,1,3,.333,2,4,.500,.500,0,0,,0,1,1,3,2,0,2,0,7,5.7,Diamond Morrison,https://www.sports-reference.com/cbb/players/diamond-morrison-1.html,louisiana-lafayette,2018-19
29,29,30,2019-03-11,Louisiana,@,South Alabama,CTOURN,L 61-73,,17,1,4,.250,0,2,.000,1,2,.500,.250,0,1,.000,1,1,2,1,2,0,0,1,2,2.5,Diamond Morrison,https://www.sports-reference.com/cbb/players/diamond-morrison-1.html,louisiana-lafayette,2018-19
