ranker,player_game_num_career,team_game_num_season,date,team_name_abbr,game_location,opp_name_abbr,game_type,game_result,is_starter,mp,fg,fga,fg_pct,fg3,fg3a,fg3_pct,fg2,fg2a,fg2_pct,efg_pct,ft,fta,ft_pct,orb,drb,trb,ast,stl,blk,tov,pf,pts,game_score,player_name,player_sr_link,school,season
1,1,1,2018-11-06,Louisiana,,Lamar,REG (Non-Conf),L 77-79 (OT),,23,1,5,.200,0,0,,1,5,.200,.200,2,4,.500,3,1,4,0,0,1,1,2,4,1.4,Jazmyn Womack,https://www.sports-reference.com/cbb/players/jazmyn-womack-1.html,louisiana-lafayette,2018-19
2,2,2,2018-11-11,Louisiana,@,McNeese State,REG (Non-Conf),W 70-59,,19,2,5,.400,0,1,.000,2,4,.500,.400,0,0,,4,2,6,0,0,1,2,4,4,1.8,Jazmyn Womack,https://www.sports-reference.com/cbb/players/jazmyn-womack-1.html,louisiana-lafayette,2018-19
3,3,3,2018-11-14,Louisiana,,Dillard,REG (Non-Conf),L 69-72,,17,1,6,.167,0,0,,1,6,.167,.167,2,2,1.000,1,4,5,1,1,0,0,2,4,3.0,Jazmyn Womack,https://www.sports-reference.com/cbb/players/jazmyn-womack-1.html,louisiana-lafayette,2018-19
4,4,4,2018-11-19,Louisiana,,Jackson State,REG (Non-Conf),W 68-61,*,14,3,6,.500,1,3,.333,2,3,.667,.583,0,0,,0,1,1,1,0,0,1,3,7,2.8,Jazmyn Womack,https://www.sports-reference.com/cbb/players/jazmyn-womack-1.html,louisiana-lafayette,2018-19
5,5,5,2018-11-25,Louisiana,@,Auburn,REG (Non-Conf),L 59-71,,16,2,6,.333,0,1,.000,2,5,.400,.333,4,5,.800,4,1,5,0,0,0,3,1,8,3.9,Jazmyn Womack,https://www.sports-reference.com/cbb/players/jazmyn-womack-1.html,louisiana-lafayette,2018-19
6,6,6,2018-11-30,Louisiana,@,Texas A&M–Corpus Christi,REG (Non-Conf),L 63-64,,14,0,4,.000,0,0,,0,4,.000,.000,0,0,,0,2,2,0,0,0,2,1,0,-4.6,Jazmyn Womack,https://www.sports-reference.com/cbb/players/jazmyn-womack-1.html,louisiana-lafayette,2018-19
7,7,7,2018-12-01,Louisiana,@,Texas–Rio Grande Valley,REG (Non-Conf),L 60-75,,18,0,5,.000,0,0,,0,5,.000,.000,0,0,,2,2,4,0,0,0,1,2,0,-3.3,Jazmyn Womack,https://www.sports-reference.com/cbb/players/jazmyn-womack-1.html,louisiana-lafayette,2018-19
8,8,8,2018-12-08,Louisiana,,Sam Houston State,REG (Non-Conf),L 62-68,,14,1,3,.333,0,1,.000,1,2,.500,.333,0,0,,0,0,0,0,1,0,0,2,2,0.5,Jazmyn Womack,https://www.sports-reference.com/cbb/players/jazmyn-womack-1.html,louisiana-lafayette,2018-19
9,9,9,2018-12-12,Louisiana,@,Ole Miss,REG (Non-Conf),L 57-79,,9,0,2,.000,0,0,,0,2,.000,.000,0,0,,0,1,1,1,0,0,1,0,0,-1.4,Jazmyn Womack,https://www.sports-reference.com/cbb/players/jazmyn-womack-1.html,louisiana-lafayette,2018-19
10,10,10,2018-12-20,Louisiana,,Louisiana State,REG (Non-Conf),L 54-76,,4,0,0,,0,0,,0,0,,,1,2,.500,2,0,2,0,0,0,0,1,1,1.6,Jazmyn Womack,https://www.sports-reference.com/cbb/players/jazmyn-womack-1.html,louisiana-lafayette,2018-19
11,11,11,2018-12-30,Louisiana,@,Mississippi State,REG (Non-Conf),L 36-104,,18,1,6,.167,0,1,.000,1,5,.200,.167,0,0,,0,1,1,0,0,0,2,2,2,-4.3,Jazmyn Womack,https://www.sports-reference.com/cbb/players/jazmyn-womack-1.html,louisiana-lafayette,2018-19
12,12,12,2019-01-03,Louisiana,@,Arkansas State,REG (Conf),L 75-87,,12,2,3,.667,1,2,.500,1,1,1.000,.833,0,0,,0,1,1,0,0,0,0,1,5,3.6,Jazmyn Womack,https://www.sports-reference.com/cbb/players/jazmyn-womack-1.html,louisiana-lafayette,2018-19
13,13,13,2019-01-05,Louisiana,@,Little Rock,REG (Conf),L 48-62,,1,0,1,.000,0,1,.000,0,0,,.000,0,0,,0,0,0,0,0,0,0,0,0,-0.7,Jazmyn Womack,https://www.sports-reference.com/cbb/players/jazmyn-womack-1.html,louisiana-lafayette,2018-19
14,14,14,2019-01-10,Louisiana,,Georgia State,REG (Conf),W 57-54,,4,0,0,,0,0,,0,0,,,0,0,,0,2,2,0,0,0,0,1,0,0.2,Jazmyn Womack,https://www.sports-reference.com/cbb/players/jazmyn-womack-1.html,louisiana-lafayette,2018-19
15,15,15,2019-01-12,Louisiana,,Georgia Southern,REG (Conf),W 59-48,,15,2,3,.667,2,3,.667,0,0,,1.000,1,2,.500,1,0,1,0,0,0,0,1,7,5.6,Jazmyn Womack,https://www.sports-reference.com/cbb/players/jazmyn-womack-1.html,louisiana-lafayette,2018-19
16,16,16,2019-01-19,Louisiana,,Louisiana–Monroe,REG (Conf),W 52-45,,12,2,2,1.000,1,1,1.000,1,1,1.000,1.250,0,0,,0,5,5,0,1,1,1,2,5,5.8,Jazmyn Womack,https://www.sports-reference.com/cbb/players/jazmyn-womack-1.html,louisiana-lafayette,2018-19
17,17,17,2019-01-24,Louisiana,@,South Alabama,REG (Conf),L 60-83,,11,1,4,.250,1,4,.250,0,0,,.375,0,0,,0,0,0,0,0,0,0,0,3,0.6,Jazmyn Womack,https://www.sports-reference.com/cbb/players/jazmyn-womack-1.html,louisiana-lafayette,2018-19
18,18,18,2019-01-26,Louisiana,@,Troy,REG (Conf),L 64-90,,14,0,3,.000,0,2,.000,0,1,.000,.000,0,0,,0,2,2,0,0,0,1,1,0,-2.9,Jazmyn Womack,https://www.sports-reference.com/cbb/players/jazmyn-womack-1.html,louisiana-lafayette,2018-19
19,19,19,2019-01-29,Louisiana,,UT Arlington,REG (Conf),L 61-76,,6,1,2,.500,0,1,.000,1,1,1.000,.500,2,2,1.000,0,0,0,0,0,0,0,0,4,3.0,Jazmyn Womack,https://www.sports-reference.com/cbb/players/jazmyn-womack-1.html,louisiana-lafayette,2018-19
20,20,20,2019-01-31,Louisiana,,Appalachian State,REG (Conf),W 73-55,,9,0,1,.000,0,0,,0,1,.000,.000,0,0,,0,2,2,0,0,0,0,0,0,-0.1,Jazmyn Womack,https://www.sports-reference.com/cbb/players/jazmyn-womack-1.html,louisiana-lafayette,2018-19
21,21,21,2019-02-02,Louisiana,,Coastal Carolina,REG (Conf),L 58-76,,12,1,6,.167,0,4,.000,1,2,.500,.167,0,0,,0,0,0,0,0,0,0,1,2,-2.2,Jazmyn Womack,https://www.sports-reference.com/cbb/players/jazmyn-womack-1.html,louisiana-lafayette,2018-19
22,22,22,2019-02-07,Louisiana,@,Georgia Southern,REG (Conf),L 71-79,,2,0,1,.000,0,0,,0,1,.000,.000,2,2,1.000,1,0,1,0,0,0,0,1,2,1.6,Jazmyn Womack,https://www.sports-reference.com/cbb/players/jazmyn-womack-1.html,louisiana-lafayette,2018-19
23,23,23,2019-02-09,Louisiana,@,Georgia State,REG (Conf),L 71-74,,2,0,0,,0,0,,0,0,,,0,0,,0,0,0,0,0,0,1,0,0,-1.0,Jazmyn Womack,https://www.sports-reference.com/cbb/players/jazmyn-womack-1.html,louisiana-lafayette,2018-19
24,24,24,2019-02-16,Louisiana,@,Louisiana–Monroe,REG (Conf),W 55-52,,6,0,1,.000,0,0,,0,1,.000,.000,1,2,.500,0,2,2,0,0,0,0,0,1,0.5,Jazmyn Womack,https://www.sports-reference.com/cbb/players/jazmyn-womack-1.html,louisiana-lafayette,2018-19
25,25,25,2019-02-23,Louisiana,,Texas State,REG (Conf),L 65-71,,6,0,1,.000,0,0,,0,1,.000,.000,2,2,1.000,0,0,0,0,0,0,1,2,2,-0.5,Jazmyn Womack,https://www.sports-reference.com/cbb/players/jazmyn-womack-1.html,louisiana-lafayette,2018-19
26,26,26,2019-02-28,Louisiana,@,Coastal Carolina,REG (Conf),L 62-67,,2,0,1,.000,0,1,.000,0,0,,.000,0,0,,0,0,0,0,0,0,1,1,0,-2.1,Jazmyn Womack,https://www.sports-reference.com/cbb/players/jazmyn-womack-1.html,louisiana-lafayette,2018-19
27,27,27,2019-03-02,Louisiana,@,Appalachian State,REG (Conf),L 69-83,,11,1,4,.250,0,3,.000,1,1,1.000,.250,0,0,,0,1,1,0,0,0,0,1,2,-0.5,Jazmyn Womack,https://www.sports-reference.com/cbb/players/jazmyn-womack-1.html,louisiana-lafayette,2018-19
28,28,28,2019-03-07,Louisiana,,Little Rock,REG (Conf),L 49-62,,17,2,5,.400,0,0,,2,5,.400,.400,0,0,,0,1,1,0,0,0,4,3,4,-3.6,Jazmyn Womack,https://www.sports-reference.com/cbb/players/jazmyn-womack-1.html,louisiana-lafayette,2018-19
29,29,29,2019-03-09,Louisiana,,Arkansas State,REG (Conf),L 73-75,,14,0,5,.000,0,2,.000,0,3,.000,.000,0,0,,0,2,2,0,0,0,1,0,0,-3.9,Jazmyn Womack,https://www.sports-reference.com/cbb/players/jazmyn-womack-1.html,louisiana-lafayette,2018-19
30,30,30,2019-03-11,Louisiana,@,South Alabama,CTOURN,L 61-73,,10,2,4,.500,2,3,.667,0,1,.000,.750,0,0,,0,2,2,0,0,0,0,0,6,4.6,Jazmyn Womack,https://www.sports-reference.com/cbb/players/jazmyn-womack-1.html,louisiana-lafayette,2018-19
