ranker,player_game_num_career,team_game_num_season,date,team_name_abbr,game_location,opp_name_abbr,game_type,game_result,is_starter,mp,fg,fga,fg_pct,fg3,fg3a,fg3_pct,fg2,fg2a,fg2_pct,efg_pct,ft,fta,ft_pct,orb,drb,trb,ast,stl,blk,tov,pf,pts,game_score,player_name,player_sr_link,school,season
1,20,1,2018-11-06,Louisiana,,Lamar,REG (Non-Conf),L 77-79 (OT),*,24,5,6,.833,1,1,1.000,4,5,.800,.917,1,4,.250,0,4,4,1,1,0,7,5,12,2.5,Jomyra Mathis,https://www.sports-reference.com/cbb/players/jomyra-mathis-1.html,louisiana-lafayette,2018-19
2,21,2,2018-11-11,Louisiana,@,McNeese State,REG (Non-Conf),W 70-59,*,23,1,8,.125,0,0,,1,8,.125,.125,5,5,1.000,5,1,6,4,0,0,3,3,7,4.2,Jomyra Mathis,https://www.sports-reference.com/cbb/players/jomyra-mathis-1.html,louisiana-lafayette,2018-19
3,22,3,2018-11-14,Louisiana,,Dillard,REG (Non-Conf),L 69-72,*,32,4,9,.444,0,1,.000,4,8,.500,.444,5,6,.833,5,6,11,7,1,0,5,2,13,13.3,Jomyra Mathis,https://www.sports-reference.com/cbb/players/jomyra-mathis-1.html,louisiana-lafayette,2018-19
4,23,4,2018-11-19,Louisiana,,Jackson State,REG (Non-Conf),W 68-61,*,34,3,11,.273,1,3,.333,2,8,.250,.318,5,8,.625,1,9,10,2,2,0,4,2,12,6.3,Jomyra Mathis,https://www.sports-reference.com/cbb/players/jomyra-mathis-1.html,louisiana-lafayette,2018-19
5,24,5,2018-11-25,Louisiana,@,Auburn,REG (Non-Conf),L 59-71,*,23,1,9,.111,0,0,,1,9,.111,.111,2,2,1.000,3,3,6,2,1,0,2,5,4,-0.5,Jomyra Mathis,https://www.sports-reference.com/cbb/players/jomyra-mathis-1.html,louisiana-lafayette,2018-19
6,25,6,2018-11-30,Louisiana,@,Texas A&M–Corpus Christi,REG (Non-Conf),L 63-64,*,31,4,8,.500,1,1,1.000,3,7,.429,.563,1,2,.500,1,6,7,4,1,0,3,3,10,7.7,Jomyra Mathis,https://www.sports-reference.com/cbb/players/jomyra-mathis-1.html,louisiana-lafayette,2018-19
7,26,7,2018-12-01,Louisiana,@,Texas–Rio Grande Valley,REG (Non-Conf),L 60-75,*,37,4,11,.364,0,1,.000,4,10,.400,.364,0,3,.000,1,2,3,2,1,1,2,4,8,1.5,Jomyra Mathis,https://www.sports-reference.com/cbb/players/jomyra-mathis-1.html,louisiana-lafayette,2018-19
8,27,8,2018-12-08,Louisiana,,Sam Houston State,REG (Non-Conf),L 62-68,*,11,1,2,.500,0,0,,1,2,.500,.500,2,2,1.000,0,1,1,0,0,0,5,2,4,-2.5,Jomyra Mathis,https://www.sports-reference.com/cbb/players/jomyra-mathis-1.html,louisiana-lafayette,2018-19
9,28,9,2018-12-12,Louisiana,@,Ole Miss,REG (Non-Conf),L 57-79,,9,0,6,.000,0,0,,0,6,.000,.000,1,4,.250,0,0,0,0,0,0,2,1,1,-6.8,Jomyra Mathis,https://www.sports-reference.com/cbb/players/jomyra-mathis-1.html,louisiana-lafayette,2018-19
10,29,11,2018-12-30,Louisiana,@,Mississippi State,REG (Non-Conf),L 36-104,,18,2,7,.286,0,0,,2,7,.286,.286,3,5,.600,0,4,4,1,1,0,4,3,7,-0.2,Jomyra Mathis,https://www.sports-reference.com/cbb/players/jomyra-mathis-1.html,louisiana-lafayette,2018-19
11,30,12,2019-01-03,Louisiana,@,Arkansas State,REG (Conf),L 75-87,,13,1,5,.200,0,0,,1,5,.200,.200,0,0,,0,0,0,1,0,0,2,3,2,-3.6,Jomyra Mathis,https://www.sports-reference.com/cbb/players/jomyra-mathis-1.html,louisiana-lafayette,2018-19
12,31,13,2019-01-05,Louisiana,@,Little Rock,REG (Conf),L 48-62,,13,1,3,.333,0,0,,1,3,.333,.333,0,0,,1,1,2,2,0,0,2,3,2,-0.5,Jomyra Mathis,https://www.sports-reference.com/cbb/players/jomyra-mathis-1.html,louisiana-lafayette,2018-19
13,32,14,2019-01-10,Louisiana,,Georgia State,REG (Conf),W 57-54,,23,6,10,.600,2,3,.667,4,7,.571,.700,0,2,.000,1,1,2,1,1,0,3,2,14,7.5,Jomyra Mathis,https://www.sports-reference.com/cbb/players/jomyra-mathis-1.html,louisiana-lafayette,2018-19
14,33,15,2019-01-12,Louisiana,,Georgia Southern,REG (Conf),W 59-48,,17,0,6,.000,0,1,.000,0,5,.000,.000,1,2,.500,0,2,2,1,0,1,4,1,1,-6.0,Jomyra Mathis,https://www.sports-reference.com/cbb/players/jomyra-mathis-1.html,louisiana-lafayette,2018-19
15,34,16,2019-01-19,Louisiana,,Louisiana–Monroe,REG (Conf),W 52-45,,22,1,4,.250,0,1,.000,1,3,.333,.250,1,2,.500,1,1,2,1,0,0,2,1,3,-0.5,Jomyra Mathis,https://www.sports-reference.com/cbb/players/jomyra-mathis-1.html,louisiana-lafayette,2018-19
16,35,17,2019-01-24,Louisiana,@,South Alabama,REG (Conf),L 60-83,,20,1,5,.200,0,0,,1,5,.200,.200,4,7,.571,1,4,5,1,1,0,2,2,6,2.5,Jomyra Mathis,https://www.sports-reference.com/cbb/players/jomyra-mathis-1.html,louisiana-lafayette,2018-19
17,36,18,2019-01-26,Louisiana,@,Troy,REG (Conf),L 64-90,,21,3,11,.273,0,1,.000,3,10,.300,.273,1,2,.500,0,2,2,0,3,1,1,5,7,1.4,Jomyra Mathis,https://www.sports-reference.com/cbb/players/jomyra-mathis-1.html,louisiana-lafayette,2018-19
18,37,19,2019-01-29,Louisiana,,UT Arlington,REG (Conf),L 61-76,*,29,1,7,.143,0,2,.000,1,5,.200,.143,5,8,.625,1,5,6,2,3,0,4,4,7,2.3,Jomyra Mathis,https://www.sports-reference.com/cbb/players/jomyra-mathis-1.html,louisiana-lafayette,2018-19
19,38,20,2019-01-31,Louisiana,,Appalachian State,REG (Conf),W 73-55,*,32,3,12,.250,1,3,.333,2,9,.222,.292,2,2,1.000,1,6,7,2,0,0,4,3,9,0.5,Jomyra Mathis,https://www.sports-reference.com/cbb/players/jomyra-mathis-1.html,louisiana-lafayette,2018-19
20,39,21,2019-02-02,Louisiana,,Coastal Carolina,REG (Conf),L 58-76,*,31,2,11,.182,0,3,.000,2,8,.250,.182,2,2,1.000,0,4,4,1,0,0,5,3,6,-5.2,Jomyra Mathis,https://www.sports-reference.com/cbb/players/jomyra-mathis-1.html,louisiana-lafayette,2018-19
21,40,22,2019-02-07,Louisiana,@,Georgia Southern,REG (Conf),L 71-79,*,29,6,10,.600,2,3,.667,4,7,.571,.700,0,0,,0,1,1,5,1,0,5,5,14,7.2,Jomyra Mathis,https://www.sports-reference.com/cbb/players/jomyra-mathis-1.html,louisiana-lafayette,2018-19
22,41,23,2019-02-09,Louisiana,@,Georgia State,REG (Conf),L 71-74,*,26,4,11,.364,0,3,.000,4,8,.500,.364,2,2,1.000,0,3,3,2,0,0,5,2,10,0.4,Jomyra Mathis,https://www.sports-reference.com/cbb/players/jomyra-mathis-1.html,louisiana-lafayette,2018-19
23,42,24,2019-02-16,Louisiana,@,Louisiana–Monroe,REG (Conf),W 55-52,*,25,2,6,.333,0,0,,2,6,.333,.333,1,3,.333,0,3,3,1,1,0,3,4,5,-1.2,Jomyra Mathis,https://www.sports-reference.com/cbb/players/jomyra-mathis-1.html,louisiana-lafayette,2018-19
24,43,25,2019-02-23,Louisiana,,Texas State,REG (Conf),L 65-71,*,31,3,9,.333,0,2,.000,3,7,.429,.333,1,2,.500,0,3,3,3,0,1,3,3,7,1.0,Jomyra Mathis,https://www.sports-reference.com/cbb/players/jomyra-mathis-1.html,louisiana-lafayette,2018-19
25,44,26,2019-02-28,Louisiana,@,Coastal Carolina,REG (Conf),L 62-67,*,28,5,10,.500,0,2,.000,5,8,.625,.500,3,5,.600,1,1,2,2,3,0,3,5,13,7.6,Jomyra Mathis,https://www.sports-reference.com/cbb/players/jomyra-mathis-1.html,louisiana-lafayette,2018-19
26,45,27,2019-03-02,Louisiana,@,Appalachian State,REG (Conf),L 69-83,*,16,0,6,.000,0,2,.000,0,4,.000,.000,0,0,,0,0,0,2,3,0,3,4,0,-4.4,Jomyra Mathis,https://www.sports-reference.com/cbb/players/jomyra-mathis-1.html,louisiana-lafayette,2018-19
27,46,28,2019-03-07,Louisiana,,Little Rock,REG (Conf),L 49-62,*,22,2,6,.333,0,0,,2,6,.333,.333,1,5,.200,0,3,3,3,1,0,1,2,5,2.2,Jomyra Mathis,https://www.sports-reference.com/cbb/players/jomyra-mathis-1.html,louisiana-lafayette,2018-19
28,47,29,2019-03-09,Louisiana,,Arkansas State,REG (Conf),L 73-75,*,29,6,11,.545,1,2,.500,5,9,.556,.591,1,2,.500,0,5,5,4,1,0,3,2,14,9.8,Jomyra Mathis,https://www.sports-reference.com/cbb/players/jomyra-mathis-1.html,louisiana-lafayette,2018-19
29,48,30,2019-03-11,Louisiana,@,South Alabama,CTOURN,L 61-73,*,21,0,9,.000,0,2,.000,0,7,.000,.000,3,5,.600,1,0,1,1,3,0,3,5,3,-4.7,Jomyra Mathis,https://www.sports-reference.com/cbb/players/jomyra-mathis-1.html,louisiana-lafayette,2018-19
