ranker,player_game_num_career,team_game_num_season,date,team_name_abbr,game_location,opp_name_abbr,game_type,game_result,is_starter,mp,fg,fga,fg_pct,fg3,fg3a,fg2,fg2a,fg2_pct,efg_pct,ft,fta,ft_pct,orb,drb,trb,ast,stl,blk,tov,pf,pts,game_score,player_name,player_sr_link,school,season
1,19,8,2018-12-08,Louisiana,,Sam Houston State,REG (Non-Conf),L 62-68,,11,0,2,.000,0,0,0,2,.000,.000,0,0,,0,1,1,1,0,0,0,1,0,-0.8,Kendall Bess,https://www.sports-reference.com/cbb/players/kendall-bess-1.html,louisiana-lafayette,2018-19
2,20,9,2018-12-12,Louisiana,@,Ole Miss,REG (Non-Conf),L 57-79,*,22,2,9,.222,0,0,2,9,.222,.222,2,3,.667,1,1,2,2,1,0,1,0,6,2.5,Kendall Bess,https://www.sports-reference.com/cbb/players/kendall-bess-1.html,louisiana-lafayette,2018-19
3,21,10,2018-12-20,Louisiana,,Louisiana State,REG (Non-Conf),L 54-76,,24,1,5,.200,0,0,1,5,.200,.200,2,2,1.000,0,0,0,0,0,0,2,1,4,-1.5,Kendall Bess,https://www.sports-reference.com/cbb/players/kendall-bess-1.html,louisiana-lafayette,2018-19
4,22,11,2018-12-30,Louisiana,@,Mississippi State,REG (Non-Conf),L 36-104,,16,3,5,.600,0,0,3,5,.600,.600,0,2,.000,1,0,1,0,0,0,1,3,6,1.4,Kendall Bess,https://www.sports-reference.com/cbb/players/kendall-bess-1.html,louisiana-lafayette,2018-19
5,23,12,2019-01-03,Louisiana,@,Arkansas State,REG (Conf),L 75-87,,19,2,3,.667,0,0,2,3,.667,.667,2,4,.500,1,4,5,0,0,0,3,4,6,1.2,Kendall Bess,https://www.sports-reference.com/cbb/players/kendall-bess-1.html,louisiana-lafayette,2018-19
6,24,13,2019-01-05,Louisiana,@,Little Rock,REG (Conf),L 48-62,,25,2,5,.400,0,0,2,5,.400,.400,3,4,.750,2,2,4,1,0,0,3,2,7,2.8,Kendall Bess,https://www.sports-reference.com/cbb/players/kendall-bess-1.html,louisiana-lafayette,2018-19
7,25,14,2019-01-10,Louisiana,,Georgia State,REG (Conf),W 57-54,,20,1,4,.250,0,0,1,4,.250,.250,0,0,,0,2,2,2,1,0,1,2,2,0.8,Kendall Bess,https://www.sports-reference.com/cbb/players/kendall-bess-1.html,louisiana-lafayette,2018-19
8,26,15,2019-01-12,Louisiana,,Georgia Southern,REG (Conf),W 59-48,,19,1,5,.200,0,0,1,5,.200,.200,0,0,,0,3,3,1,0,0,1,1,2,-0.9,Kendall Bess,https://www.sports-reference.com/cbb/players/kendall-bess-1.html,louisiana-lafayette,2018-19
9,27,16,2019-01-19,Louisiana,,Louisiana–Monroe,REG (Conf),W 52-45,,19,1,5,.200,0,0,1,5,.200,.200,0,0,,1,2,3,1,0,0,2,2,2,-1.9,Kendall Bess,https://www.sports-reference.com/cbb/players/kendall-bess-1.html,louisiana-lafayette,2018-19
10,28,17,2019-01-24,Louisiana,@,South Alabama,REG (Conf),L 60-83,,16,1,6,.167,0,0,1,6,.167,.167,0,0,,1,1,2,0,0,1,1,2,2,-1.9,Kendall Bess,https://www.sports-reference.com/cbb/players/kendall-bess-1.html,louisiana-lafayette,2018-19
11,29,18,2019-01-26,Louisiana,@,Troy,REG (Conf),L 64-90,,28,3,7,.429,0,0,3,7,.429,.429,3,5,.600,2,3,5,1,1,0,2,1,9,6.1,Kendall Bess,https://www.sports-reference.com/cbb/players/kendall-bess-1.html,louisiana-lafayette,2018-19
12,30,19,2019-01-29,Louisiana,,UT Arlington,REG (Conf),L 61-76,,8,2,2,1.000,0,0,2,2,1.000,1.000,0,0,,0,0,0,0,0,0,1,2,4,1.6,Kendall Bess,https://www.sports-reference.com/cbb/players/kendall-bess-1.html,louisiana-lafayette,2018-19
13,31,20,2019-01-31,Louisiana,,Appalachian State,REG (Conf),W 73-55,,13,3,5,.600,0,0,3,5,.600,.600,0,1,.000,1,1,2,1,1,0,0,4,6,4.4,Kendall Bess,https://www.sports-reference.com/cbb/players/kendall-bess-1.html,louisiana-lafayette,2018-19
14,32,21,2019-02-02,Louisiana,,Coastal Carolina,REG (Conf),L 58-76,,26,4,12,.333,0,0,4,12,.333,.333,3,3,1.000,3,4,7,1,2,0,1,2,11,8.4,Kendall Bess,https://www.sports-reference.com/cbb/players/kendall-bess-1.html,louisiana-lafayette,2018-19
15,33,22,2019-02-07,Louisiana,@,Georgia Southern,REG (Conf),L 71-79,,21,1,4,.250,0,0,1,4,.250,.250,1,4,.250,0,1,1,2,1,0,3,4,3,-2.5,Kendall Bess,https://www.sports-reference.com/cbb/players/kendall-bess-1.html,louisiana-lafayette,2018-19
16,34,23,2019-02-09,Louisiana,@,Georgia State,REG (Conf),L 71-74,,20,0,4,.000,0,0,0,4,.000,.000,0,0,,3,2,5,2,2,0,0,5,0,1.3,Kendall Bess,https://www.sports-reference.com/cbb/players/kendall-bess-1.html,louisiana-lafayette,2018-19
17,35,24,2019-02-16,Louisiana,@,Louisiana–Monroe,REG (Conf),W 55-52,*,28,3,7,.429,0,0,3,7,.429,.429,2,2,1.000,0,3,3,0,0,0,2,3,8,2.0,Kendall Bess,https://www.sports-reference.com/cbb/players/kendall-bess-1.html,louisiana-lafayette,2018-19
18,36,25,2019-02-23,Louisiana,,Texas State,REG (Conf),L 65-71,*,35,3,4,.750,0,0,3,4,.750,.750,0,0,,4,0,4,3,0,0,3,1,6,5.9,Kendall Bess,https://www.sports-reference.com/cbb/players/kendall-bess-1.html,louisiana-lafayette,2018-19
19,37,26,2019-02-28,Louisiana,@,Coastal Carolina,REG (Conf),L 62-67,*,29,6,11,.545,0,0,6,11,.545,.545,0,0,,2,1,3,0,1,0,1,3,12,7.2,Kendall Bess,https://www.sports-reference.com/cbb/players/kendall-bess-1.html,louisiana-lafayette,2018-19
20,38,27,2019-03-02,Louisiana,@,Appalachian State,REG (Conf),L 69-83,*,27,5,8,.625,0,0,5,8,.625,.625,1,2,.500,0,5,5,0,2,2,2,4,11,8.3,Kendall Bess,https://www.sports-reference.com/cbb/players/kendall-bess-1.html,louisiana-lafayette,2018-19
21,39,28,2019-03-07,Louisiana,,Little Rock,REG (Conf),L 49-62,*,20,1,5,.200,0,0,1,5,.200,.200,0,0,,0,2,2,0,0,0,0,5,2,-2.5,Kendall Bess,https://www.sports-reference.com/cbb/players/kendall-bess-1.html,louisiana-lafayette,2018-19
22,40,29,2019-03-09,Louisiana,,Arkansas State,REG (Conf),L 73-75,*,34,4,5,.800,0,0,4,5,.800,.800,0,0,,1,4,5,0,1,0,3,2,8,5.2,Kendall Bess,https://www.sports-reference.com/cbb/players/kendall-bess-1.html,louisiana-lafayette,2018-19
23,41,30,2019-03-11,Louisiana,@,South Alabama,CTOURN,L 61-73,*,24,4,8,.500,0,0,4,8,.500,.500,0,0,,0,2,2,0,1,1,1,0,8,5.3,Kendall Bess,https://www.sports-reference.com/cbb/players/kendall-bess-1.html,louisiana-lafayette,2018-19
