ranker,player_game_num_career,team_game_num_season,date,team_name_abbr,game_location,opp_name_abbr,game_type,game_result,is_starter,mp,fg,fga,fg_pct,fg3,fg3a,fg3_pct,fg2,fg2a,fg2_pct,efg_pct,ft,fta,ft_pct,orb,drb,trb,ast,stl,blk,tov,pf,pts,game_score,player_name,player_sr_link,school,season
1,1,11,2018-12-31,Eastern Washington,@,Idaho State,REG (Conf),L 48-63,,8,1,3,.333,0,0,,1,3,.333,.333,1,1,1.000,0,0,0,0,0,0,0,2,3,0.5,Andie Easley,https://www.sports-reference.com/cbb/players/andie-easley-1.html,eastern-washington,2018-19
2,2,12,2019-01-03,Eastern Washington,@,Idaho,REG (Conf),L 68-84,,28,5,8,.625,0,1,.000,5,7,.714,.625,1,3,.333,1,4,5,3,2,0,2,1,11,10.2,Andie Easley,https://www.sports-reference.com/cbb/players/andie-easley-1.html,eastern-washington,2018-19
3,3,13,2019-01-07,Eastern Washington,,Northern Colorado,REG (Conf),L 62-67 (OT),,15,1,4,.250,1,3,.333,0,1,.000,.375,0,0,,0,0,0,1,0,0,3,1,3,-2.1,Andie Easley,https://www.sports-reference.com/cbb/players/andie-easley-1.html,eastern-washington,2018-19
4,4,14,2019-01-10,Eastern Washington,@,Montana,REG (Conf),W 68-62,,26,5,12,.417,3,5,.600,2,7,.286,.542,1,4,.250,0,1,1,4,2,0,1,1,14,10.1,Andie Easley,https://www.sports-reference.com/cbb/players/andie-easley-1.html,eastern-washington,2018-19
5,5,15,2019-01-19,Eastern Washington,@,Montana State,REG (Conf),W 89-87 (OT),,13,1,5,.200,1,3,.333,0,2,.000,.300,1,2,.500,0,0,0,1,0,0,1,0,4,0.2,Andie Easley,https://www.sports-reference.com/cbb/players/andie-easley-1.html,eastern-washington,2018-19
6,6,16,2019-01-24,Eastern Washington,,Portland State,REG (Conf),L 64-76,,21,1,11,.091,1,8,.125,0,3,.000,.136,2,2,1.000,0,1,1,3,0,0,1,2,5,-1.7,Andie Easley,https://www.sports-reference.com/cbb/players/andie-easley-1.html,eastern-washington,2018-19
7,7,17,2019-01-26,Eastern Washington,,Sacramento State,REG (Conf),L 70-73,,8,0,3,.000,0,2,.000,0,1,.000,.000,2,2,1.000,1,0,1,1,0,0,3,1,2,-2.1,Andie Easley,https://www.sports-reference.com/cbb/players/andie-easley-1.html,eastern-washington,2018-19
8,8,18,2019-01-31,Eastern Washington,@,Southern Utah,REG (Conf),L 63-73,,11,1,4,.250,0,1,.000,1,3,.333,.250,1,2,.500,0,0,0,0,0,0,1,1,3,-1.2,Andie Easley,https://www.sports-reference.com/cbb/players/andie-easley-1.html,eastern-washington,2018-19
9,9,19,2019-02-02,Eastern Washington,@,Northern Arizona,REG (Conf),W 64-62,,12,0,3,.000,0,2,.000,0,1,.000,.000,0,0,,0,0,0,1,0,0,1,1,0,-2.8,Andie Easley,https://www.sports-reference.com/cbb/players/andie-easley-1.html,eastern-washington,2018-19
10,10,20,2019-02-07,Eastern Washington,,Montana State,REG (Conf),L 47-61,,2,0,1,.000,0,0,,0,1,.000,.000,0,0,,0,0,0,0,0,0,0,0,0,-0.7,Andie Easley,https://www.sports-reference.com/cbb/players/andie-easley-1.html,eastern-washington,2018-19
11,11,21,2019-02-09,Eastern Washington,,Montana,REG (Conf),W 67-64,,11,0,2,.000,0,1,.000,0,1,.000,.000,2,2,1.000,0,3,3,0,0,0,0,0,2,1.5,Andie Easley,https://www.sports-reference.com/cbb/players/andie-easley-1.html,eastern-washington,2018-19
12,12,22,2019-02-14,Eastern Washington,@,Northern Colorado,REG (Conf),W 76-72,,3,0,2,.000,0,2,.000,0,0,,.000,0,0,,0,0,0,2,0,0,1,1,0,-1.4,Andie Easley,https://www.sports-reference.com/cbb/players/andie-easley-1.html,eastern-washington,2018-19
13,13,23,2019-02-18,Eastern Washington,,Idaho,REG (Conf),L 74-75,,9,0,1,.000,0,0,,0,1,.000,.000,0,0,,0,1,1,0,1,0,0,0,0,0.6,Andie Easley,https://www.sports-reference.com/cbb/players/andie-easley-1.html,eastern-washington,2018-19
14,14,24,2019-02-21,Eastern Washington,,Southern Utah,REG (Conf),W 80-66,,20,3,6,.500,1,4,.250,2,2,1.000,.583,4,6,.667,1,1,2,2,4,0,2,0,11,11.6,Andie Easley,https://www.sports-reference.com/cbb/players/andie-easley-1.html,eastern-washington,2018-19
15,15,25,2019-02-23,Eastern Washington,,Northern Arizona,REG (Conf),W 81-76,,9,1,3,.333,0,1,.000,1,2,.500,.333,1,1,1.000,0,0,0,0,0,0,0,1,3,0.9,Andie Easley,https://www.sports-reference.com/cbb/players/andie-easley-1.html,eastern-washington,2018-19
16,16,26,2019-02-28,Eastern Washington,@,Sacramento State,REG (Conf),W 71-62,,15,4,9,.444,2,4,.500,2,5,.400,.556,0,0,,0,1,1,3,1,0,3,2,10,4.9,Andie Easley,https://www.sports-reference.com/cbb/players/andie-easley-1.html,eastern-washington,2018-19
17,17,27,2019-03-02,Eastern Washington,@,Portland State,REG (Conf),L 57-76,,22,1,5,.200,0,3,.000,1,2,.500,.200,4,4,1.000,0,1,1,4,1,0,1,2,6,5.2,Andie Easley,https://www.sports-reference.com/cbb/players/andie-easley-1.html,eastern-washington,2018-19
18,18,28,2019-03-07,Eastern Washington,,Idaho State,REG (Conf),L 45-74,,15,1,7,.143,0,2,.000,1,5,.200,.143,0,0,,0,1,1,0,1,1,0,0,2,-0.5,Andie Easley,https://www.sports-reference.com/cbb/players/andie-easley-1.html,eastern-washington,2018-19
19,19,29,2019-03-09,Eastern Washington,,Weber State,REG (Conf),L 66-70,,3,0,0,,0,0,,0,0,,,0,0,,0,0,0,0,0,0,1,0,0,-1.0,Andie Easley,https://www.sports-reference.com/cbb/players/andie-easley-1.html,eastern-washington,2018-19
20,20,30,2019-03-11,Eastern Washington,,Weber State,CTOURN,W 81-74,,5,0,4,.000,0,2,.000,0,2,.000,.000,0,0,,2,0,2,0,1,0,0,0,0,-0.4,Andie Easley,https://www.sports-reference.com/cbb/players/andie-easley-1.html,eastern-washington,2018-19
