ranker,player_game_num_career,team_game_num_season,date,team_name_abbr,game_location,opp_name_abbr,game_type,game_result,is_starter,mp,fg,fga,fg_pct,fg3,fg3a,fg2,fg2a,fg2_pct,efg_pct,ft,fta,orb,drb,trb,ast,stl,blk,tov,pf,pts,game_score,player_name,player_sr_link,school,season
1,17,2,2018-11-14,Eastern Washington,,Eastern Ore.,REG (Non-Conf),W 66-45,,3,0,0,,0,0,0,0,,,0,0,1,0,1,0,0,0,1,0,0,-0.3,Cailyn Francis,https://www.sports-reference.com/cbb/players/cailyn-francis-1.html,eastern-washington,2018-19
2,18,8,2018-12-14,Eastern Washington,@,Oregon State,REG (Non-Conf),L 45-93,,5,0,2,.000,0,0,0,2,.000,.000,0,0,0,0,0,0,0,0,1,3,0,-3.6,Cailyn Francis,https://www.sports-reference.com/cbb/players/cailyn-francis-1.html,eastern-washington,2018-19
3,19,9,2018-12-15,Eastern Washington,@,UC Riverside,REG (Non-Conf),L 45-57,,4,0,0,,0,0,0,0,,,0,0,0,0,0,0,0,1,0,0,0,0.7,Cailyn Francis,https://www.sports-reference.com/cbb/players/cailyn-francis-1.html,eastern-washington,2018-19
4,20,12,2019-01-03,Eastern Washington,@,Idaho,REG (Conf),L 68-84,,4,0,0,,0,0,0,0,,,0,0,0,1,1,0,0,0,1,2,0,-1.5,Cailyn Francis,https://www.sports-reference.com/cbb/players/cailyn-francis-1.html,eastern-washington,2018-19
5,21,27,2019-03-02,Eastern Washington,@,Portland State,REG (Conf),L 57-76,,2,0,1,.000,0,0,0,1,.000,.000,0,0,0,0,0,0,0,0,0,0,0,-0.7,Cailyn Francis,https://www.sports-reference.com/cbb/players/cailyn-francis-1.html,eastern-washington,2018-19
