ranker,player_game_num_career,team_game_num_season,date,team_name_abbr,game_location,opp_name_abbr,game_type,game_result,is_starter,mp,fg,fga,fg_pct,fg3,fg3a,fg3_pct,fg2,fg2a,fg2_pct,efg_pct,ft,fta,ft_pct,orb,drb,trb,ast,stl,blk,tov,pf,pts,game_score,player_name,player_sr_link,school,season
1,1,1,2018-11-11,Eastern Washington,,Gonzaga,REG (Non-Conf),L 51-63,,12,0,2,.000,0,2,.000,0,0,,.000,1,2,.500,0,1,1,0,0,0,1,2,1,-2.3,Grace Kirscher,https://www.sports-reference.com/cbb/players/grace-kirscher-1.html,eastern-washington,2018-19
2,2,2,2018-11-14,Eastern Washington,,Eastern Ore.,REG (Non-Conf),W 66-45,,21,3,8,.375,0,3,.000,3,5,.600,.375,1,2,.500,1,1,2,2,2,0,1,1,7,5.2,Grace Kirscher,https://www.sports-reference.com/cbb/players/grace-kirscher-1.html,eastern-washington,2018-19
3,3,3,2018-11-17,Eastern Washington,@,Brigham Young,REG (Non-Conf),L 65-80,,23,8,13,.615,3,6,.500,5,7,.714,.731,2,2,1.000,2,2,4,2,0,0,1,3,21,16.3,Grace Kirscher,https://www.sports-reference.com/cbb/players/grace-kirscher-1.html,eastern-washington,2018-19
4,4,4,2018-11-21,Eastern Washington,,Utah,REG (Non-Conf),L 51-95,*,29,2,8,.250,2,4,.500,0,4,.000,.375,2,2,1.000,0,2,2,2,2,1,2,1,8,5.5,Grace Kirscher,https://www.sports-reference.com/cbb/players/grace-kirscher-1.html,eastern-washington,2018-19
5,5,5,2018-11-28,Eastern Washington,@,Cal Poly,REG (Non-Conf),L 55-59,*,35,2,13,.154,0,8,.000,2,5,.400,.154,4,6,.667,0,4,4,0,3,0,2,2,8,0.3,Grace Kirscher,https://www.sports-reference.com/cbb/players/grace-kirscher-1.html,eastern-washington,2018-19
6,6,6,2018-12-02,Eastern Washington,,Fresno State,REG (Non-Conf),L 58-68,*,31,6,14,.429,0,3,.000,6,11,.545,.429,0,0,,1,5,6,2,2,0,2,2,12,7.4,Grace Kirscher,https://www.sports-reference.com/cbb/players/grace-kirscher-1.html,eastern-washington,2018-19
7,7,7,2018-12-07,Eastern Washington,@,Boise State,REG (Non-Conf),L 55-67,*,26,1,4,.250,0,1,.000,1,3,.333,.250,2,2,1.000,0,1,1,0,0,0,2,1,4,-0.5,Grace Kirscher,https://www.sports-reference.com/cbb/players/grace-kirscher-1.html,eastern-washington,2018-19
8,8,8,2018-12-14,Eastern Washington,@,Oregon State,REG (Non-Conf),L 45-93,,29,7,11,.636,3,5,.600,4,6,.667,.773,0,0,,2,1,3,0,1,0,1,1,17,13.4,Grace Kirscher,https://www.sports-reference.com/cbb/players/grace-kirscher-1.html,eastern-washington,2018-19
9,9,9,2018-12-15,Eastern Washington,@,UC Riverside,REG (Non-Conf),L 45-57,,27,2,11,.182,0,4,.000,2,7,.286,.182,1,2,.500,1,2,3,1,1,0,2,1,5,-1.7,Grace Kirscher,https://www.sports-reference.com/cbb/players/grace-kirscher-1.html,eastern-washington,2018-19
10,10,10,2018-12-29,Eastern Washington,@,Weber State,REG (Conf),W 64-58,,32,5,11,.455,0,3,.000,5,8,.625,.455,3,3,1.000,0,2,2,3,1,0,2,2,13,8.2,Grace Kirscher,https://www.sports-reference.com/cbb/players/grace-kirscher-1.html,eastern-washington,2018-19
11,11,11,2018-12-31,Eastern Washington,@,Idaho State,REG (Conf),L 48-63,,24,1,6,.167,0,3,.000,1,3,.333,.167,2,5,.400,0,0,0,1,0,1,1,2,4,-1.4,Grace Kirscher,https://www.sports-reference.com/cbb/players/grace-kirscher-1.html,eastern-washington,2018-19
12,12,12,2019-01-03,Eastern Washington,@,Idaho,REG (Conf),L 68-84,*,28,4,9,.444,1,2,.500,3,7,.429,.500,1,2,.500,0,2,2,0,1,0,1,4,10,3.9,Grace Kirscher,https://www.sports-reference.com/cbb/players/grace-kirscher-1.html,eastern-washington,2018-19
13,13,13,2019-01-07,Eastern Washington,,Northern Colorado,REG (Conf),L 62-67 (OT),*,33,5,10,.500,4,6,.667,1,4,.250,.700,0,0,,2,5,7,0,0,0,1,1,14,10.5,Grace Kirscher,https://www.sports-reference.com/cbb/players/grace-kirscher-1.html,eastern-washington,2018-19
14,14,14,2019-01-10,Eastern Washington,@,Montana,REG (Conf),W 68-62,*,33,6,12,.500,3,7,.429,3,5,.600,.625,0,0,,1,6,7,4,0,0,1,3,15,12.1,Grace Kirscher,https://www.sports-reference.com/cbb/players/grace-kirscher-1.html,eastern-washington,2018-19
15,15,15,2019-01-19,Eastern Washington,@,Montana State,REG (Conf),W 89-87 (OT),*,31,2,9,.222,0,2,.000,2,7,.286,.222,1,1,1.000,1,1,2,3,2,0,1,4,5,2.0,Grace Kirscher,https://www.sports-reference.com/cbb/players/grace-kirscher-1.html,eastern-washington,2018-19
16,16,16,2019-01-24,Eastern Washington,,Portland State,REG (Conf),L 64-76,*,34,5,11,.455,4,9,.444,1,2,.500,.636,2,2,1.000,0,1,1,0,2,0,2,1,16,10.2,Grace Kirscher,https://www.sports-reference.com/cbb/players/grace-kirscher-1.html,eastern-washington,2018-19
17,17,17,2019-01-26,Eastern Washington,,Sacramento State,REG (Conf),L 70-73,*,27,1,6,.167,1,2,.500,0,4,.000,.250,2,2,1.000,1,0,1,3,3,0,2,1,5,4.6,Grace Kirscher,https://www.sports-reference.com/cbb/players/grace-kirscher-1.html,eastern-washington,2018-19
18,18,18,2019-01-31,Eastern Washington,@,Southern Utah,REG (Conf),L 63-73,*,32,8,10,.800,6,6,1.000,2,4,.500,1.100,0,0,,0,5,5,1,1,1,1,1,22,20.7,Grace Kirscher,https://www.sports-reference.com/cbb/players/grace-kirscher-1.html,eastern-washington,2018-19
19,19,19,2019-02-02,Eastern Washington,@,Northern Arizona,REG (Conf),W 64-62,*,35,5,11,.455,3,7,.429,2,4,.500,.591,0,1,.000,1,1,2,2,2,0,1,1,13,9.9,Grace Kirscher,https://www.sports-reference.com/cbb/players/grace-kirscher-1.html,eastern-washington,2018-19
20,20,20,2019-02-07,Eastern Washington,,Montana State,REG (Conf),L 47-61,*,32,2,12,.167,2,7,.286,0,5,.000,.250,3,4,.750,2,0,2,3,2,0,0,2,9,5.7,Grace Kirscher,https://www.sports-reference.com/cbb/players/grace-kirscher-1.html,eastern-washington,2018-19
21,21,21,2019-02-09,Eastern Washington,,Montana,REG (Conf),W 67-64,*,25,2,8,.250,1,5,.200,1,3,.333,.313,0,0,,0,0,0,0,0,0,1,4,5,-2.4,Grace Kirscher,https://www.sports-reference.com/cbb/players/grace-kirscher-1.html,eastern-washington,2018-19
22,22,22,2019-02-14,Eastern Washington,@,Northern Colorado,REG (Conf),W 76-72,*,33,6,13,.462,1,5,.200,5,8,.625,.500,0,0,,0,1,1,4,1,0,0,0,13,10.4,Grace Kirscher,https://www.sports-reference.com/cbb/players/grace-kirscher-1.html,eastern-washington,2018-19
23,23,23,2019-02-18,Eastern Washington,,Idaho,REG (Conf),L 74-75,*,33,7,13,.538,3,7,.429,4,6,.667,.654,2,2,1.000,0,2,2,1,1,0,0,2,19,14.2,Grace Kirscher,https://www.sports-reference.com/cbb/players/grace-kirscher-1.html,eastern-washington,2018-19
24,24,24,2019-02-21,Eastern Washington,,Southern Utah,REG (Conf),W 80-66,*,26,6,9,.667,4,7,.571,2,2,1.000,.889,0,0,,0,2,2,2,1,1,6,2,16,9.0,Grace Kirscher,https://www.sports-reference.com/cbb/players/grace-kirscher-1.html,eastern-washington,2018-19
25,25,25,2019-02-23,Eastern Washington,,Northern Arizona,REG (Conf),W 81-76,*,33,6,11,.545,3,7,.429,3,4,.750,.682,0,0,,0,1,1,2,1,0,4,2,15,7.6,Grace Kirscher,https://www.sports-reference.com/cbb/players/grace-kirscher-1.html,eastern-washington,2018-19
26,26,26,2019-02-28,Eastern Washington,@,Sacramento State,REG (Conf),W 71-62,*,19,0,6,.000,0,3,.000,0,3,.000,.000,0,0,,1,1,2,0,0,1,1,1,0,-3.9,Grace Kirscher,https://www.sports-reference.com/cbb/players/grace-kirscher-1.html,eastern-washington,2018-19
27,27,27,2019-03-02,Eastern Washington,@,Portland State,REG (Conf),L 57-76,*,28,3,11,.273,2,8,.250,1,3,.333,.364,0,0,,2,3,5,1,3,0,2,2,8,4.7,Grace Kirscher,https://www.sports-reference.com/cbb/players/grace-kirscher-1.html,eastern-washington,2018-19
28,28,28,2019-03-07,Eastern Washington,,Idaho State,REG (Conf),L 45-74,*,27,1,5,.200,1,2,.500,0,3,.000,.300,0,0,,0,0,0,1,0,0,1,1,3,-0.8,Grace Kirscher,https://www.sports-reference.com/cbb/players/grace-kirscher-1.html,eastern-washington,2018-19
29,29,29,2019-03-09,Eastern Washington,,Weber State,REG (Conf),L 66-70,,23,7,14,.500,4,8,.500,3,6,.500,.643,0,0,,1,3,4,1,2,0,2,3,18,12.1,Grace Kirscher,https://www.sports-reference.com/cbb/players/grace-kirscher-1.html,eastern-washington,2018-19
30,30,30,2019-03-11,Eastern Washington,,Weber State,CTOURN,W 81-74,*,16,4,7,.571,2,4,.500,2,3,.667,.714,1,2,.500,0,2,2,1,0,0,1,2,11,6.8,Grace Kirscher,https://www.sports-reference.com/cbb/players/grace-kirscher-1.html,eastern-washington,2018-19
31,31,31,2019-03-12,Eastern Washington,@,Idaho State,CTOURN,W 67-65 (OT),*,30,2,6,.333,0,4,.000,2,2,1.000,.333,2,2,1.000,0,2,2,0,2,0,2,0,6,3.2,Grace Kirscher,https://www.sports-reference.com/cbb/players/grace-kirscher-1.html,eastern-washington,2018-19
32,32,32,2019-03-13,Eastern Washington,@,Northern Colorado,CTOURN,W 59-57,*,35,3,12,.250,1,4,.250,2,8,.250,.292,5,6,.833,0,3,3,2,0,1,1,0,12,6.4,Grace Kirscher,https://www.sports-reference.com/cbb/players/grace-kirscher-1.html,eastern-washington,2018-19
33,33,33,2019-03-15,Eastern Washington,@,Portland State,CTOURN,L 59-61,*,28,4,11,.364,0,5,.000,4,6,.667,.364,1,1,1.000,0,2,2,3,2,0,1,0,9,6.6,Grace Kirscher,https://www.sports-reference.com/cbb/players/grace-kirscher-1.html,eastern-washington,2018-19
