ranker,player_game_num_career,team_game_num_season,date,team_name_abbr,game_location,opp_name_abbr,game_type,game_result,is_starter,mp,fg,fga,fg_pct,fg3,fg3a,fg2,fg2a,fg2_pct,efg_pct,ft,fta,ft_pct,orb,drb,trb,ast,stl,blk,tov,pf,pts,game_score,player_name,player_sr_link,school,season
1,1,1,2018-11-11,Eastern Washington,,Gonzaga,REG (Non-Conf),L 51-63,,3,0,0,,0,0,0,0,,,0,0,,0,1,1,0,0,0,0,0,0,0.3,Milly Knowles,https://www.sports-reference.com/cbb/players/milly-knowles-1.html,eastern-washington,2018-19
2,2,2,2018-11-14,Eastern Washington,,Eastern Ore.,REG (Non-Conf),W 66-45,,9,2,3,.667,0,0,2,3,.667,.667,0,0,,1,0,1,0,1,0,1,3,4,2.2,Milly Knowles,https://www.sports-reference.com/cbb/players/milly-knowles-1.html,eastern-washington,2018-19
3,3,3,2018-11-17,Eastern Washington,@,Brigham Young,REG (Non-Conf),L 65-80,,4,0,1,.000,0,0,0,1,.000,.000,0,0,,1,0,1,0,0,0,0,0,0,0.0,Milly Knowles,https://www.sports-reference.com/cbb/players/milly-knowles-1.html,eastern-washington,2018-19
4,4,4,2018-11-21,Eastern Washington,,Utah,REG (Non-Conf),L 51-95,,13,2,2,1.000,0,0,2,2,1.000,1.000,0,0,,1,1,2,0,0,0,1,1,4,3.0,Milly Knowles,https://www.sports-reference.com/cbb/players/milly-knowles-1.html,eastern-washington,2018-19
5,5,5,2018-11-28,Eastern Washington,@,Cal Poly,REG (Non-Conf),L 55-59,,4,0,0,,0,0,0,0,,,0,0,,0,0,0,0,0,1,0,1,0,0.3,Milly Knowles,https://www.sports-reference.com/cbb/players/milly-knowles-1.html,eastern-washington,2018-19
6,6,7,2018-12-07,Eastern Washington,@,Boise State,REG (Non-Conf),L 55-67,,3,0,0,,0,0,0,0,,,0,2,.000,0,2,2,0,0,0,1,0,0,-1.2,Milly Knowles,https://www.sports-reference.com/cbb/players/milly-knowles-1.html,eastern-washington,2018-19
7,7,8,2018-12-14,Eastern Washington,@,Oregon State,REG (Non-Conf),L 45-93,,13,0,0,,0,0,0,0,,,0,0,,1,1,2,0,0,0,3,2,0,-2.8,Milly Knowles,https://www.sports-reference.com/cbb/players/milly-knowles-1.html,eastern-washington,2018-19
