ranker,player_game_num_career,team_game_num_season,date,team_name_abbr,game_location,opp_name_abbr,game_type,game_result,is_starter,mp,fg,fga,fg_pct,fg3,fg3a,fg3_pct,fg2,fg2a,fg2_pct,efg_pct,ft,fta,ft_pct,orb,drb,trb,ast,stl,blk,tov,pf,pts,game_score,player_name,player_sr_link,school,season
1,52,1,2018-11-11,Eastern Washington,,Gonzaga,REG (Non-Conf),L 51-63,*,24,2,12,.167,1,6,.167,1,6,.167,.208,0,0,,1,2,3,2,2,2,3,3,5,-0.7,Uriah Howard,https://www.sports-reference.com/cbb/players/uriah-howard-1.html,eastern-washington,2018-19
2,53,2,2018-11-14,Eastern Washington,,Eastern Ore.,REG (Non-Conf),W 66-45,*,25,7,16,.438,2,8,.250,5,8,.625,.500,0,0,,3,3,6,4,2,0,3,2,16,11.6,Uriah Howard,https://www.sports-reference.com/cbb/players/uriah-howard-1.html,eastern-washington,2018-19
3,54,3,2018-11-17,Eastern Washington,@,Brigham Young,REG (Non-Conf),L 65-80,*,23,4,11,.364,0,3,.000,4,8,.500,.364,0,0,,4,4,8,2,1,0,2,1,8,5.9,Uriah Howard,https://www.sports-reference.com/cbb/players/uriah-howard-1.html,eastern-washington,2018-19
4,55,4,2018-11-21,Eastern Washington,,Utah,REG (Non-Conf),L 51-95,*,20,2,6,.333,0,1,.000,2,5,.400,.333,0,0,,1,0,1,0,1,0,2,2,4,-0.5,Uriah Howard,https://www.sports-reference.com/cbb/players/uriah-howard-1.html,eastern-washington,2018-19
5,56,5,2018-11-28,Eastern Washington,@,Cal Poly,REG (Non-Conf),L 55-59,,24,2,7,.286,2,5,.400,0,2,.000,.429,4,5,.800,3,3,6,3,0,0,3,4,10,6.0,Uriah Howard,https://www.sports-reference.com/cbb/players/uriah-howard-1.html,eastern-washington,2018-19
6,57,6,2018-12-02,Eastern Washington,,Fresno State,REG (Non-Conf),L 58-68,,22,5,7,.714,2,4,.500,3,3,1.000,.857,0,0,,2,2,4,1,0,1,4,2,12,7.7,Uriah Howard,https://www.sports-reference.com/cbb/players/uriah-howard-1.html,eastern-washington,2018-19
7,58,7,2018-12-07,Eastern Washington,@,Boise State,REG (Non-Conf),L 55-67,,19,1,8,.125,1,2,.500,0,6,.000,.188,0,0,,3,1,4,1,0,0,3,2,3,-2.9,Uriah Howard,https://www.sports-reference.com/cbb/players/uriah-howard-1.html,eastern-washington,2018-19
8,59,8,2018-12-14,Eastern Washington,@,Oregon State,REG (Non-Conf),L 45-93,*,25,2,7,.286,0,1,.000,2,6,.333,.286,2,2,1.000,2,3,5,1,0,0,1,2,6,3.1,Uriah Howard,https://www.sports-reference.com/cbb/players/uriah-howard-1.html,eastern-washington,2018-19
9,60,9,2018-12-15,Eastern Washington,@,UC Riverside,REG (Non-Conf),L 45-57,*,33,2,8,.250,1,2,.500,1,6,.167,.313,0,0,,2,5,7,2,3,0,3,1,5,4.1,Uriah Howard,https://www.sports-reference.com/cbb/players/uriah-howard-1.html,eastern-washington,2018-19
10,61,10,2018-12-29,Eastern Washington,@,Weber State,REG (Conf),W 64-58,,22,2,12,.167,1,6,.167,1,6,.167,.208,1,2,.500,3,2,5,1,1,1,2,4,6,-0.5,Uriah Howard,https://www.sports-reference.com/cbb/players/uriah-howard-1.html,eastern-washington,2018-19
11,62,11,2018-12-31,Eastern Washington,@,Idaho State,REG (Conf),L 48-63,,20,0,3,.000,0,1,.000,0,2,.000,.000,0,0,,0,1,1,0,0,0,0,3,0,-3.0,Uriah Howard,https://www.sports-reference.com/cbb/players/uriah-howard-1.html,eastern-washington,2018-19
12,63,12,2019-01-03,Eastern Washington,@,Idaho,REG (Conf),L 68-84,,19,0,4,.000,0,2,.000,0,2,.000,.000,2,4,.500,1,2,3,0,1,0,2,3,2,-2.5,Uriah Howard,https://www.sports-reference.com/cbb/players/uriah-howard-1.html,eastern-washington,2018-19
13,64,13,2019-01-07,Eastern Washington,,Northern Colorado,REG (Conf),L 62-67 (OT),,23,3,8,.375,1,4,.250,2,4,.500,.438,1,1,1.000,1,4,5,0,0,2,0,2,8,6.1,Uriah Howard,https://www.sports-reference.com/cbb/players/uriah-howard-1.html,eastern-washington,2018-19
14,65,14,2019-01-10,Eastern Washington,@,Montana,REG (Conf),W 68-62,,17,2,5,.400,1,1,1.000,1,4,.250,.500,3,4,.750,2,4,6,2,0,1,2,5,8,5.6,Uriah Howard,https://www.sports-reference.com/cbb/players/uriah-howard-1.html,eastern-washington,2018-19
15,66,15,2019-01-19,Eastern Washington,@,Montana State,REG (Conf),W 89-87 (OT),,22,3,6,.500,2,3,.667,1,3,.333,.667,0,0,,0,2,2,4,0,0,3,3,8,4.2,Uriah Howard,https://www.sports-reference.com/cbb/players/uriah-howard-1.html,eastern-washington,2018-19
16,67,16,2019-01-24,Eastern Washington,,Portland State,REG (Conf),L 64-76,,18,3,7,.429,1,3,.333,2,4,.500,.500,1,1,1.000,3,5,8,1,0,0,2,5,8,4.6,Uriah Howard,https://www.sports-reference.com/cbb/players/uriah-howard-1.html,eastern-washington,2018-19
17,68,17,2019-01-26,Eastern Washington,,Sacramento State,REG (Conf),L 70-73,,21,4,7,.571,2,3,.667,2,4,.500,.714,6,8,.750,2,4,6,1,1,0,4,1,16,11.8,Uriah Howard,https://www.sports-reference.com/cbb/players/uriah-howard-1.html,eastern-washington,2018-19
18,69,18,2019-01-31,Eastern Washington,@,Southern Utah,REG (Conf),L 63-73,,21,0,9,.000,0,5,.000,0,4,.000,.000,0,0,,2,6,8,1,0,1,2,2,0,-4.5,Uriah Howard,https://www.sports-reference.com/cbb/players/uriah-howard-1.html,eastern-washington,2018-19
19,70,19,2019-02-02,Eastern Washington,@,Northern Arizona,REG (Conf),W 64-62,,24,4,7,.571,1,2,.500,3,5,.600,.643,0,4,.000,3,4,7,1,0,1,3,2,9,5.0,Uriah Howard,https://www.sports-reference.com/cbb/players/uriah-howard-1.html,eastern-washington,2018-19
20,71,20,2019-02-07,Eastern Washington,,Montana State,REG (Conf),L 47-61,,12,0,1,.000,0,0,,0,1,.000,.000,0,0,,0,1,1,1,0,0,1,1,0,-1.1,Uriah Howard,https://www.sports-reference.com/cbb/players/uriah-howard-1.html,eastern-washington,2018-19
21,72,21,2019-02-09,Eastern Washington,,Montana,REG (Conf),W 67-64,,19,4,8,.500,1,1,1.000,3,7,.429,.563,0,0,,5,2,7,1,1,1,2,3,9,8.3,Uriah Howard,https://www.sports-reference.com/cbb/players/uriah-howard-1.html,eastern-washington,2018-19
22,73,22,2019-02-14,Eastern Washington,@,Northern Colorado,REG (Conf),W 76-72,,11,2,2,1.000,0,0,,2,2,1.000,1.000,0,0,,1,0,1,0,0,0,0,3,4,2.9,Uriah Howard,https://www.sports-reference.com/cbb/players/uriah-howard-1.html,eastern-washington,2018-19
23,74,23,2019-02-18,Eastern Washington,,Idaho,REG (Conf),L 74-75,,23,5,9,.556,3,3,1.000,2,6,.333,.722,0,0,,2,0,2,1,0,0,1,0,13,9.8,Uriah Howard,https://www.sports-reference.com/cbb/players/uriah-howard-1.html,eastern-washington,2018-19
24,75,24,2019-02-21,Eastern Washington,,Southern Utah,REG (Conf),W 80-66,,15,4,6,.667,2,3,.667,2,3,.667,.833,0,0,,1,5,6,0,0,2,2,3,10,7.8,Uriah Howard,https://www.sports-reference.com/cbb/players/uriah-howard-1.html,eastern-washington,2018-19
25,76,25,2019-02-23,Eastern Washington,,Northern Arizona,REG (Conf),W 81-76,,17,4,8,.500,3,5,.600,1,3,.333,.688,2,2,1.000,1,2,3,2,5,0,0,2,13,15.9,Uriah Howard,https://www.sports-reference.com/cbb/players/uriah-howard-1.html,eastern-washington,2018-19
26,77,26,2019-02-28,Eastern Washington,@,Sacramento State,REG (Conf),W 71-62,,21,3,9,.333,1,5,.200,2,4,.500,.389,1,2,.500,0,0,0,4,1,1,0,0,8,7.0,Uriah Howard,https://www.sports-reference.com/cbb/players/uriah-howard-1.html,eastern-washington,2018-19
27,78,27,2019-03-02,Eastern Washington,@,Portland State,REG (Conf),L 57-76,,15,6,8,.750,3,5,.600,3,3,1.000,.938,2,2,1.000,2,2,4,1,2,0,1,2,17,16.7,Uriah Howard,https://www.sports-reference.com/cbb/players/uriah-howard-1.html,eastern-washington,2018-19
28,79,28,2019-03-07,Eastern Washington,,Idaho State,REG (Conf),L 45-74,,10,1,3,.333,0,1,.000,1,2,.500,.333,1,2,.500,1,1,2,1,1,0,2,3,3,0.4,Uriah Howard,https://www.sports-reference.com/cbb/players/uriah-howard-1.html,eastern-washington,2018-19
29,80,29,2019-03-09,Eastern Washington,,Weber State,REG (Conf),L 66-70,,23,4,9,.444,2,4,.500,2,5,.400,.556,0,0,,4,3,7,0,1,0,2,2,10,7.2,Uriah Howard,https://www.sports-reference.com/cbb/players/uriah-howard-1.html,eastern-washington,2018-19
30,81,30,2019-03-11,Eastern Washington,,Weber State,CTOURN,W 81-74,,24,5,8,.625,3,4,.750,2,4,.500,.813,2,2,1.000,1,8,9,3,1,0,2,2,15,14.8,Uriah Howard,https://www.sports-reference.com/cbb/players/uriah-howard-1.html,eastern-washington,2018-19
31,82,31,2019-03-12,Eastern Washington,@,Idaho State,CTOURN,W 67-65 (OT),,22,1,6,.167,0,1,.000,1,5,.200,.167,1,2,.500,1,2,3,0,1,0,3,2,3,-2.7,Uriah Howard,https://www.sports-reference.com/cbb/players/uriah-howard-1.html,eastern-washington,2018-19
32,83,32,2019-03-13,Eastern Washington,@,Northern Colorado,CTOURN,W 59-57,,20,1,3,.333,1,2,.500,0,1,.000,.500,0,0,,1,5,6,0,0,0,1,1,3,2.1,Uriah Howard,https://www.sports-reference.com/cbb/players/uriah-howard-1.html,eastern-washington,2018-19
