ranker,player_game_num_career,team_game_num_season,date,team_name_abbr,game_location,opp_name_abbr,game_type,game_result,is_starter,mp,fg,fga,fg_pct,fg3,fg3a,fg3_pct,fg2,fg2a,fg2_pct,efg_pct,ft,fta,ft_pct,orb,drb,trb,ast,stl,blk,tov,pf,pts,game_score,player_name,player_sr_link,school,season
1,95,1,2018-11-11,Eastern Washington,,Gonzaga,REG (Non-Conf),L 51-63,*,35,5,14,.357,2,5,.400,3,9,.333,.429,6,9,.667,2,8,10,0,0,0,2,2,18,10.0,Violet Kapri Morrow,https://www.sports-reference.com/cbb/players/violet-kapri-morrow-1.html,eastern-washington,2018-19
2,96,2,2018-11-14,Eastern Washington,,Eastern Ore.,REG (Non-Conf),W 66-45,*,31,4,14,.286,2,9,.222,2,5,.400,.357,4,4,1.000,3,4,7,2,3,0,3,2,14,9.7,Violet Kapri Morrow,https://www.sports-reference.com/cbb/players/violet-kapri-morrow-1.html,eastern-washington,2018-19
3,97,3,2018-11-17,Eastern Washington,@,Brigham Young,REG (Non-Conf),L 65-80,*,27,5,9,.556,1,5,.200,4,4,1.000,.611,5,7,.714,3,3,6,1,0,0,7,2,16,6.8,Violet Kapri Morrow,https://www.sports-reference.com/cbb/players/violet-kapri-morrow-1.html,eastern-washington,2018-19
4,98,4,2018-11-21,Eastern Washington,,Utah,REG (Non-Conf),L 51-95,*,24,7,17,.412,1,2,.500,6,15,.400,.441,0,1,.000,3,3,6,2,1,0,2,1,15,8.5,Violet Kapri Morrow,https://www.sports-reference.com/cbb/players/violet-kapri-morrow-1.html,eastern-washington,2018-19
5,99,5,2018-11-28,Eastern Washington,@,Cal Poly,REG (Non-Conf),L 55-59,*,33,8,18,.444,1,4,.250,7,14,.500,.472,9,9,1.000,1,4,5,2,2,0,4,3,26,16.7,Violet Kapri Morrow,https://www.sports-reference.com/cbb/players/violet-kapri-morrow-1.html,eastern-washington,2018-19
6,100,6,2018-12-02,Eastern Washington,,Fresno State,REG (Non-Conf),L 58-68,*,36,8,16,.500,0,4,.000,8,12,.667,.500,0,1,.000,1,3,4,3,2,0,3,1,16,9.9,Violet Kapri Morrow,https://www.sports-reference.com/cbb/players/violet-kapri-morrow-1.html,eastern-washington,2018-19
7,101,7,2018-12-07,Eastern Washington,@,Boise State,REG (Non-Conf),L 55-67,*,29,5,18,.278,0,3,.000,5,15,.333,.278,4,5,.800,2,6,8,2,1,0,0,1,14,8.2,Violet Kapri Morrow,https://www.sports-reference.com/cbb/players/violet-kapri-morrow-1.html,eastern-washington,2018-19
8,102,10,2018-12-29,Eastern Washington,@,Weber State,REG (Conf),W 64-58,*,30,5,9,.556,2,5,.400,3,4,.750,.667,1,2,.500,1,2,3,2,4,0,4,4,13,9.4,Violet Kapri Morrow,https://www.sports-reference.com/cbb/players/violet-kapri-morrow-1.html,eastern-washington,2018-19
9,103,11,2018-12-31,Eastern Washington,@,Idaho State,REG (Conf),L 48-63,*,35,6,16,.375,4,7,.571,2,9,.222,.500,5,6,.833,0,2,2,2,2,0,6,1,21,9.4,Violet Kapri Morrow,https://www.sports-reference.com/cbb/players/violet-kapri-morrow-1.html,eastern-washington,2018-19
10,104,12,2019-01-03,Eastern Washington,@,Idaho,REG (Conf),L 68-84,*,24,6,11,.545,2,5,.400,4,6,.667,.636,5,5,1.000,0,3,3,2,3,0,6,3,19,11.8,Violet Kapri Morrow,https://www.sports-reference.com/cbb/players/violet-kapri-morrow-1.html,eastern-washington,2018-19
11,105,13,2019-01-07,Eastern Washington,,Northern Colorado,REG (Conf),L 62-67 (OT),*,36,6,17,.353,0,5,.000,6,12,.500,.353,9,12,.750,2,6,8,2,1,1,4,3,21,11.4,Violet Kapri Morrow,https://www.sports-reference.com/cbb/players/violet-kapri-morrow-1.html,eastern-washington,2018-19
12,106,14,2019-01-10,Eastern Washington,@,Montana,REG (Conf),W 68-62,*,29,5,11,.455,0,2,.000,5,9,.556,.455,7,7,1.000,1,6,7,0,1,0,1,4,17,12.2,Violet Kapri Morrow,https://www.sports-reference.com/cbb/players/violet-kapri-morrow-1.html,eastern-washington,2018-19
13,107,15,2019-01-19,Eastern Washington,@,Montana State,REG (Conf),W 89-87 (OT),*,37,14,23,.609,5,8,.625,9,15,.600,.717,4,5,.800,1,4,5,3,1,0,7,3,37,22.9,Violet Kapri Morrow,https://www.sports-reference.com/cbb/players/violet-kapri-morrow-1.html,eastern-washington,2018-19
14,108,16,2019-01-24,Eastern Washington,,Portland State,REG (Conf),L 64-76,*,30,4,12,.333,1,4,.250,3,8,.375,.375,2,4,.500,3,1,4,5,1,0,3,1,11,6.9,Violet Kapri Morrow,https://www.sports-reference.com/cbb/players/violet-kapri-morrow-1.html,eastern-washington,2018-19
15,109,17,2019-01-26,Eastern Washington,,Sacramento State,REG (Conf),L 70-73,*,34,10,18,.556,4,7,.571,6,11,.545,.667,3,6,.500,3,4,7,4,1,0,4,2,27,19.5,Violet Kapri Morrow,https://www.sports-reference.com/cbb/players/violet-kapri-morrow-1.html,eastern-washington,2018-19
16,110,18,2019-01-31,Eastern Washington,@,Southern Utah,REG (Conf),L 63-73,*,35,5,11,.455,0,5,.000,5,6,.833,.455,2,4,.500,1,4,5,0,0,0,3,5,12,2.4,Violet Kapri Morrow,https://www.sports-reference.com/cbb/players/violet-kapri-morrow-1.html,eastern-washington,2018-19
17,111,19,2019-02-02,Eastern Washington,@,Northern Arizona,REG (Conf),W 64-62,*,34,7,15,.467,1,5,.200,6,10,.600,.500,6,6,1.000,0,6,6,2,2,0,3,2,21,14.7,Violet Kapri Morrow,https://www.sports-reference.com/cbb/players/violet-kapri-morrow-1.html,eastern-washington,2018-19
18,112,20,2019-02-07,Eastern Washington,,Montana State,REG (Conf),L 47-61,*,38,5,15,.333,3,7,.429,2,8,.250,.433,5,6,.833,5,5,10,1,2,0,3,1,18,13.4,Violet Kapri Morrow,https://www.sports-reference.com/cbb/players/violet-kapri-morrow-1.html,eastern-washington,2018-19
19,113,21,2019-02-09,Eastern Washington,,Montana,REG (Conf),W 67-64,*,37,10,16,.625,4,7,.571,6,9,.667,.750,1,1,1.000,3,4,7,3,0,0,3,1,25,19.8,Violet Kapri Morrow,https://www.sports-reference.com/cbb/players/violet-kapri-morrow-1.html,eastern-washington,2018-19
20,114,22,2019-02-14,Eastern Washington,@,Northern Colorado,REG (Conf),W 76-72,*,33,9,16,.563,4,6,.667,5,10,.500,.688,7,9,.778,1,7,8,1,1,0,4,2,29,20.3,Violet Kapri Morrow,https://www.sports-reference.com/cbb/players/violet-kapri-morrow-1.html,eastern-washington,2018-19
21,115,23,2019-02-18,Eastern Washington,,Idaho,REG (Conf),L 74-75,*,27,4,13,.308,1,3,.333,3,10,.300,.346,8,8,1.000,3,8,11,3,3,0,5,2,17,13.3,Violet Kapri Morrow,https://www.sports-reference.com/cbb/players/violet-kapri-morrow-1.html,eastern-washington,2018-19
22,116,24,2019-02-21,Eastern Washington,,Southern Utah,REG (Conf),W 80-66,*,32,5,10,.500,1,4,.250,4,6,.667,.550,1,2,.500,2,8,10,3,1,0,2,2,12,10.7,Violet Kapri Morrow,https://www.sports-reference.com/cbb/players/violet-kapri-morrow-1.html,eastern-washington,2018-19
23,117,25,2019-02-23,Eastern Washington,,Northern Arizona,REG (Conf),W 81-76,*,33,6,14,.429,3,6,.500,3,8,.375,.536,4,5,.800,3,4,7,2,0,0,4,1,19,11.5,Violet Kapri Morrow,https://www.sports-reference.com/cbb/players/violet-kapri-morrow-1.html,eastern-washington,2018-19
24,118,26,2019-02-28,Eastern Washington,@,Sacramento State,REG (Conf),W 71-62,*,37,8,16,.500,2,6,.333,6,10,.600,.563,3,3,1.000,0,4,4,1,2,0,1,2,21,15.1,Violet Kapri Morrow,https://www.sports-reference.com/cbb/players/violet-kapri-morrow-1.html,eastern-washington,2018-19
25,119,27,2019-03-02,Eastern Washington,@,Portland State,REG (Conf),L 57-76,*,26,2,11,.182,0,1,.000,2,10,.200,.182,4,4,1.000,1,3,4,0,1,0,3,0,8,0.7,Violet Kapri Morrow,https://www.sports-reference.com/cbb/players/violet-kapri-morrow-1.html,eastern-washington,2018-19
26,120,28,2019-03-07,Eastern Washington,,Idaho State,REG (Conf),L 45-74,*,27,2,9,.222,0,3,.000,2,6,.333,.222,4,6,.667,1,3,4,1,1,0,2,1,8,2.6,Violet Kapri Morrow,https://www.sports-reference.com/cbb/players/violet-kapri-morrow-1.html,eastern-washington,2018-19
27,121,29,2019-03-09,Eastern Washington,,Weber State,REG (Conf),L 66-70,*,36,6,15,.400,1,5,.200,5,10,.500,.433,3,3,1.000,2,3,5,3,2,0,3,4,16,9.7,Violet Kapri Morrow,https://www.sports-reference.com/cbb/players/violet-kapri-morrow-1.html,eastern-washington,2018-19
28,122,30,2019-03-11,Eastern Washington,,Weber State,CTOURN,W 81-74,*,36,6,12,.500,1,2,.500,5,10,.500,.542,6,9,.667,1,9,10,2,2,0,6,1,19,12.2,Violet Kapri Morrow,https://www.sports-reference.com/cbb/players/violet-kapri-morrow-1.html,eastern-washington,2018-19
29,123,31,2019-03-12,Eastern Washington,@,Idaho State,CTOURN,W 67-65 (OT),*,40,7,15,.467,1,4,.250,6,11,.545,.500,7,11,.636,1,6,7,0,1,0,4,2,22,11.4,Violet Kapri Morrow,https://www.sports-reference.com/cbb/players/violet-kapri-morrow-1.html,eastern-washington,2018-19
30,124,32,2019-03-13,Eastern Washington,@,Northern Colorado,CTOURN,W 59-57,*,32,6,13,.462,1,4,.250,5,9,.556,.500,3,4,.750,2,7,9,1,0,0,6,2,16,6.3,Violet Kapri Morrow,https://www.sports-reference.com/cbb/players/violet-kapri-morrow-1.html,eastern-washington,2018-19
31,125,33,2019-03-15,Eastern Washington,@,Portland State,CTOURN,L 59-61,*,37,3,11,.273,2,4,.500,1,7,.143,.364,1,2,.500,0,8,8,2,0,0,3,2,9,2.1,Violet Kapri Morrow,https://www.sports-reference.com/cbb/players/violet-kapri-morrow-1.html,eastern-washington,2018-19
