ranker,player_game_num_career,team_game_num_season,date,team_name_abbr,game_location,opp_name_abbr,game_type,game_result,is_starter,mp,fg,fga,fg_pct,fg3,fg3a,fg3_pct,fg2,fg2a,fg2_pct,efg_pct,ft,fta,ft_pct,orb,drb,trb,ast,stl,blk,tov,pf,pts,game_score,player_name,player_sr_link,school,season
1,1,1,2024-11-04,South Florida,,Bethune-Cookman,REG (Non-Conf),W 87-44,,14,2,3,.667,2,3,.667,0,0,,1.000,0,0,,1,0,1,2,0,0,0,2,6,6.0,Amy Thompson,https://www.sports-reference.com/cbb/players/amy-thompson-2.html,south-florida,2024-25
2,2,2,2024-11-07,South Florida,,Mount St. Mary's,REG (Non-Conf),W 68-51,,13,1,3,.333,1,3,.333,0,0,,.500,0,0,,0,1,1,0,0,0,1,4,3,-1.0,Amy Thompson,https://www.sports-reference.com/cbb/players/amy-thompson-2.html,south-florida,2024-25
3,3,3,2024-11-10,South Florida,@,Connecticut,REG (Non-Conf),L 49-86,,6,1,2,.500,0,1,.000,1,1,1.000,.500,0,0,,0,0,0,0,0,0,0,0,2,1.0,Amy Thompson,https://www.sports-reference.com/cbb/players/amy-thompson-2.html,south-florida,2024-25
4,4,4,2024-11-14,South Florida,,Vanderbilt,REG (Non-Conf),L 49-62,,3,0,1,.000,0,1,.000,0,0,,.000,0,0,,0,0,0,0,0,0,1,1,0,-2.1,Amy Thompson,https://www.sports-reference.com/cbb/players/amy-thompson-2.html,south-florida,2024-25
5,5,5,2024-11-17,South Florida,,Texas–Rio Grande Valley,REG (Non-Conf),W 57-45,,8,0,1,.000,0,1,.000,0,0,,.000,0,0,,0,0,0,0,0,0,0,0,0,-0.7,Amy Thompson,https://www.sports-reference.com/cbb/players/amy-thompson-2.html,south-florida,2024-25
6,6,9,2024-11-30,South Florida,N,TCU,REG (Non-Conf),L 46-87,,6,0,1,.000,0,1,.000,0,0,,.000,1,2,.500,0,0,0,0,0,0,0,0,1,-0.1,Amy Thompson,https://www.sports-reference.com/cbb/players/amy-thompson-2.html,south-florida,2024-25
7,7,10,2024-12-05,South Florida,,Merrimack,REG (Non-Conf),W 62-43,,5,0,0,,0,0,,0,0,,,0,0,,0,0,0,0,0,0,0,0,0,0.0,Amy Thompson,https://www.sports-reference.com/cbb/players/amy-thompson-2.html,south-florida,2024-25
