ranker,player_game_num_career,team_game_num_season,date,team_name_abbr,game_location,opp_name_abbr,game_type,game_result,is_starter,mp,fg,fga,fg_pct,fg3,fg3a,fg2,fg2a,fg2_pct,efg_pct,ft,fta,ft_pct,orb,drb,trb,ast,stl,blk,tov,pf,pts,game_score,player_name,player_sr_link,school,season
1,1,1,2024-11-04,South Florida,,Bethune-Cookman,REG (Non-Conf),W 87-44,,11,0,1,.000,0,0,0,1,.000,.000,0,2,.000,2,2,4,0,0,0,1,1,0,-0.9,Jeniffer Silva,https://www.sports-reference.com/cbb/players/jeniffer-silva-1.html,south-florida,2024-25
2,2,2,2024-11-07,South Florida,,Mount St. Mary's,REG (Non-Conf),W 68-51,,2,0,1,.000,0,0,0,1,.000,.000,0,0,,2,1,3,0,0,0,0,0,0,1.0,Jeniffer Silva,https://www.sports-reference.com/cbb/players/jeniffer-silva-1.html,south-florida,2024-25
3,3,9,2024-11-30,South Florida,N,TCU,REG (Non-Conf),L 46-87,,1,0,0,,0,0,0,0,,,0,0,,0,0,0,0,0,0,0,1,0,-0.4,Jeniffer Silva,https://www.sports-reference.com/cbb/players/jeniffer-silva-1.html,south-florida,2024-25
4,4,10,2024-12-05,South Florida,,Merrimack,REG (Non-Conf),W 62-43,,2,0,1,.000,0,0,0,1,.000,.000,0,0,,0,0,0,0,0,0,0,0,0,-0.7,Jeniffer Silva,https://www.sports-reference.com/cbb/players/jeniffer-silva-1.html,south-florida,2024-25
5,5,12,2024-12-17,South Florida,,Northwestern State,REG (Non-Conf),W 71-36,,4,0,0,,0,0,0,0,,,0,0,,0,2,2,0,0,1,1,0,0,0.3,Jeniffer Silva,https://www.sports-reference.com/cbb/players/jeniffer-silva-1.html,south-florida,2024-25
6,6,17,2025-01-08,South Florida,@,Wichita State,REG (Conf),W 72-46,,2,0,0,,0,0,0,0,,,0,0,,0,1,1,0,0,0,0,0,0,0.3,Jeniffer Silva,https://www.sports-reference.com/cbb/players/jeniffer-silva-1.html,south-florida,2024-25
7,7,20,2025-01-18,South Florida,,Florida Atlantic,REG (Conf),W 85-59,,4,1,1,1.000,0,0,1,1,1.000,1.000,0,0,,1,2,3,0,0,0,0,0,2,3.0,Jeniffer Silva,https://www.sports-reference.com/cbb/players/jeniffer-silva-1.html,south-florida,2024-25
8,8,27,2025-02-18,South Florida,@,Charlotte,REG (Conf),W 70-52,,4,2,4,.500,0,0,2,4,.500,.500,0,0,,1,0,1,0,0,0,0,1,4,2.3,Jeniffer Silva,https://www.sports-reference.com/cbb/players/jeniffer-silva-1.html,south-florida,2024-25
