ranker,player_game_num_career,team_game_num_season,date,team_name_abbr,game_location,opp_name_abbr,game_type,game_result,is_starter,mp,fg,fga,fg_pct,fg3,fg3a,fg3_pct,fg2,fg2a,fg2_pct,efg_pct,ft,fta,ft_pct,orb,drb,trb,ast,stl,blk,tov,pf,pts,game_score,player_name,player_sr_link,school,season
1,61,9,2023-12-03,Detroit Mercy,,Oakland,REG (Conf),W 66-55,,20,4,8,.500,3,7,.429,1,1,1.000,.688,2,2,1.000,0,0,0,1,1,0,1,3,13,8.5,Annika Corcoran,https://www.sports-reference.com/cbb/players/annika-corcoran-1.html,detroit-mercy,2023-24
2,62,10,2023-12-06,Detroit Mercy,@,Western Michigan,REG (Non-Conf),W 62-59,,24,1,5,.200,1,4,.250,0,1,.000,.300,5,6,.833,1,4,5,1,1,0,0,0,8,8.1,Annika Corcoran,https://www.sports-reference.com/cbb/players/annika-corcoran-1.html,detroit-mercy,2023-24
3,63,11,2023-12-10,Detroit Mercy,@,Northern Illinois,REG (Non-Conf),L 66-75,,13,1,4,.250,0,3,.000,1,1,1.000,.250,0,0,,0,1,1,0,2,0,0,2,2,1.1,Annika Corcoran,https://www.sports-reference.com/cbb/players/annika-corcoran-1.html,detroit-mercy,2023-24
4,64,12,2023-12-18,Detroit Mercy,@,Bellarmine,REG (Non-Conf),W 59-49,,21,6,11,.545,4,7,.571,2,4,.500,.727,0,0,,0,1,1,0,1,0,0,1,16,11.6,Annika Corcoran,https://www.sports-reference.com/cbb/players/annika-corcoran-1.html,detroit-mercy,2023-24
5,65,13,2023-12-21,Detroit Mercy,,Florida A&M,REG (Non-Conf),W 72-66,,5,0,1,.000,0,0,,0,1,.000,.000,0,0,,0,0,0,0,1,0,0,2,0,-0.5,Annika Corcoran,https://www.sports-reference.com/cbb/players/annika-corcoran-1.html,detroit-mercy,2023-24
