ranker,player_game_num_career,team_game_num_season,date,team_name_abbr,game_location,opp_name_abbr,game_type,game_result,is_starter,mp,fg,fga,fg_pct,fg3,fg3a,fg3_pct,fg2,fg2a,fg2_pct,efg_pct,ft,fta,ft_pct,orb,drb,trb,ast,stl,blk,tov,pf,pts,game_score,player_name,player_sr_link,school,season
1,1,1,2023-11-06,Detroit Mercy,@,Eastern Michigan,REG (Non-Conf),W 68-38,,2,0,0,,0,0,,0,0,,,0,0,,0,1,1,0,0,0,0,1,0,-0.1,Maddie Diabate,https://www.sports-reference.com/cbb/players/maddie-diabate-1.html,detroit-mercy,2023-24
2,2,2,2023-11-10,Detroit Mercy,,Chicago State,REG (Non-Conf),W 83-48,,7,0,0,,0,0,,0,0,,,0,0,,3,0,3,0,1,0,0,2,0,2.3,Maddie Diabate,https://www.sports-reference.com/cbb/players/maddie-diabate-1.html,detroit-mercy,2023-24
3,3,4,2023-11-16,Detroit Mercy,@,Michigan State,REG (Non-Conf),L 44-105,,14,0,2,.000,0,0,,0,2,.000,.000,0,0,,0,1,1,0,1,0,0,1,0,-0.5,Maddie Diabate,https://www.sports-reference.com/cbb/players/maddie-diabate-1.html,detroit-mercy,2023-24
4,4,6,2023-11-24,Detroit Mercy,N,USC Upstate,REG (Non-Conf),W 71-64,,4,1,2,.500,0,0,,1,2,.500,.500,1,1,1.000,1,3,4,0,0,0,1,0,3,2.6,Maddie Diabate,https://www.sports-reference.com/cbb/players/maddie-diabate-1.html,detroit-mercy,2023-24
5,5,7,2023-11-25,Detroit Mercy,@,Georgia Southern,REG (Non-Conf),L 59-81,,5,2,4,.500,0,1,.000,2,3,.667,.500,1,1,1.000,1,0,1,0,0,0,1,0,5,2.7,Maddie Diabate,https://www.sports-reference.com/cbb/players/maddie-diabate-1.html,detroit-mercy,2023-24
6,6,11,2023-12-10,Detroit Mercy,@,Northern Illinois,REG (Non-Conf),L 66-75,,6,0,1,.000,0,0,,0,1,.000,.000,0,0,,2,0,2,0,0,0,1,1,0,-0.7,Maddie Diabate,https://www.sports-reference.com/cbb/players/maddie-diabate-1.html,detroit-mercy,2023-24
7,7,13,2023-12-21,Detroit Mercy,,Florida A&M,REG (Non-Conf),W 72-66,,2,0,1,.000,0,0,,0,1,.000,.000,0,0,,0,0,0,0,0,0,0,0,0,-0.7,Maddie Diabate,https://www.sports-reference.com/cbb/players/maddie-diabate-1.html,detroit-mercy,2023-24
