ranker,player_game_num_career,team_game_num_season,date,team_name_abbr,game_location,opp_name_abbr,game_type,game_result,is_starter,mp,fg,fga,fg_pct,fg3,fg3a,fg3_pct,fg2,fg2a,fg2_pct,efg_pct,ft,fta,ft_pct,orb,drb,trb,ast,stl,blk,tov,pf,pts,game_score,player_name,player_sr_link,school,season
1,54,2,2022-11-10,George Washington,,Maryland Eastern Shore,REG (Non-Conf),W 65-50,,14,1,2,.500,0,1,.000,1,1,1.000,.500,0,0,,1,2,3,1,0,0,0,1,2,2.6,Aurea Gingras,https://www.sports-reference.com/cbb/players/aurea-gingras-1.html,george-washington,2022-23
2,55,3,2022-11-14,George Washington,@,Howard,REG (Non-Conf),W 83-62,,19,1,5,.200,1,3,.333,0,2,.000,.300,0,0,,0,2,2,0,1,0,0,2,3,0.7,Aurea Gingras,https://www.sports-reference.com/cbb/players/aurea-gingras-1.html,george-washington,2022-23
3,56,8,2022-11-27,George Washington,N,Louisiana Tech,REG (Non-Conf),L 52-71,,5,0,2,.000,0,0,,0,2,.000,.000,0,0,,0,0,0,0,1,0,0,1,0,-0.8,Aurea Gingras,https://www.sports-reference.com/cbb/players/aurea-gingras-1.html,george-washington,2022-23
4,57,9,2022-12-02,George Washington,,Ohio,REG (Non-Conf),W 74-57,*,23,1,5,.200,0,1,.000,1,4,.250,.200,5,6,.833,0,2,2,4,0,1,5,3,7,1.4,Aurea Gingras,https://www.sports-reference.com/cbb/players/aurea-gingras-1.html,george-washington,2022-23
5,58,10,2022-12-05,George Washington,@,TCU,REG (Non-Conf),L 58-70,*,27,2,6,.333,0,1,.000,2,5,.400,.333,3,4,.750,0,2,2,0,0,0,4,2,7,-1.0,Aurea Gingras,https://www.sports-reference.com/cbb/players/aurea-gingras-1.html,george-washington,2022-23
6,59,18,2023-01-14,George Washington,@,La Salle,REG (Conf),L 65-74,,12,0,2,.000,0,0,,0,2,.000,.000,1,2,.500,0,1,1,1,1,0,2,1,1,-1.2,Aurea Gingras,https://www.sports-reference.com/cbb/players/aurea-gingras-1.html,george-washington,2022-23
