ranker,player_game_num_career,team_game_num_season,date,team_name_abbr,game_location,opp_name_abbr,game_type,game_result,is_starter,mp,fg,fga,fg_pct,fg3,fg3a,fg3_pct,fg2,fg2a,fg2_pct,efg_pct,ft,fta,ft_pct,orb,drb,trb,ast,stl,blk,tov,pf,pts,game_score,player_name,player_sr_link,school,season
1,76,1,2022-11-07,George Washington,@,Virginia,REG (Non-Conf),L 59-85,*,28,2,10,.200,0,5,.000,2,5,.400,.200,2,2,1.000,2,6,8,0,0,0,0,2,6,2.2,Essence Brown,https://www.sports-reference.com/cbb/players/essence-brown-2.html,george-washington,2022-23
2,77,2,2022-11-10,George Washington,,Maryland Eastern Shore,REG (Non-Conf),W 65-50,*,24,5,6,.833,2,3,.667,3,3,1.000,1.000,0,0,,1,1,2,5,2,0,2,1,12,13.9,Essence Brown,https://www.sports-reference.com/cbb/players/essence-brown-2.html,george-washington,2022-23
3,78,3,2022-11-14,George Washington,@,Howard,REG (Non-Conf),W 83-62,*,22,0,3,.000,0,2,.000,0,1,.000,.000,0,0,,2,1,3,1,0,0,1,4,0,-2.3,Essence Brown,https://www.sports-reference.com/cbb/players/essence-brown-2.html,george-washington,2022-23
4,79,4,2022-11-17,George Washington,@,American,REG (Non-Conf),W 67-62,*,31,1,3,.333,0,0,,1,3,.333,.333,3,4,.750,2,0,2,1,1,1,1,3,5,4.5,Essence Brown,https://www.sports-reference.com/cbb/players/essence-brown-2.html,george-washington,2022-23
5,80,5,2022-11-20,George Washington,,Cal State Fullerton,REG (Non-Conf),L 64-70,*,31,1,4,.250,0,1,.000,1,3,.333,.250,2,2,1.000,1,0,1,3,1,1,1,5,4,3.1,Essence Brown,https://www.sports-reference.com/cbb/players/essence-brown-2.html,george-washington,2022-23
6,81,6,2022-11-25,George Washington,N,East Tennessee State,REG (Non-Conf),W 78-58,*,31,6,9,.667,1,2,.500,5,7,.714,.722,5,5,1.000,3,5,8,2,1,0,1,1,18,18.7,Essence Brown,https://www.sports-reference.com/cbb/players/essence-brown-2.html,george-washington,2022-23
7,82,7,2022-11-26,George Washington,@,UNLV,REG (Non-Conf),L 63-73,*,31,7,9,.778,0,1,.000,7,8,.875,.778,1,2,.500,0,3,3,0,0,1,2,3,15,9.5,Essence Brown,https://www.sports-reference.com/cbb/players/essence-brown-2.html,george-washington,2022-23
8,83,8,2022-11-27,George Washington,N,Louisiana Tech,REG (Non-Conf),L 52-71,*,28,2,4,.500,0,1,.000,2,3,.667,.500,2,4,.500,1,2,3,1,1,0,5,3,6,0.0,Essence Brown,https://www.sports-reference.com/cbb/players/essence-brown-2.html,george-washington,2022-23
9,84,9,2022-12-02,George Washington,,Ohio,REG (Non-Conf),W 74-57,*,20,2,5,.400,1,3,.333,1,2,.500,.500,0,0,,0,1,1,1,1,0,1,3,5,2.1,Essence Brown,https://www.sports-reference.com/cbb/players/essence-brown-2.html,george-washington,2022-23
10,85,10,2022-12-05,George Washington,@,TCU,REG (Non-Conf),L 58-70,*,10,2,2,1.000,2,2,1.000,0,0,,1.500,0,0,,0,0,0,0,1,0,0,2,6,5.6,Essence Brown,https://www.sports-reference.com/cbb/players/essence-brown-2.html,george-washington,2022-23
11,86,12,2022-12-13,George Washington,,Wilmington (DE),REG (Non-Conf),W 88-40,*,20,1,4,.250,0,2,.000,1,2,.500,.250,0,0,,0,3,3,1,1,1,1,0,2,1.9,Essence Brown,https://www.sports-reference.com/cbb/players/essence-brown-2.html,george-washington,2022-23
12,87,13,2022-12-22,George Washington,,Coppin State,REG (Non-Conf),W 61-51,*,28,4,7,.571,0,0,,4,7,.571,.571,0,0,,0,2,2,1,1,0,1,3,8,4.8,Essence Brown,https://www.sports-reference.com/cbb/players/essence-brown-2.html,george-washington,2022-23
13,88,14,2022-12-31,George Washington,@,Richmond,REG (Conf),W 65-63,*,22,2,6,.333,0,1,.000,2,5,.400,.333,2,2,1.000,1,0,1,2,1,0,3,3,6,1.5,Essence Brown,https://www.sports-reference.com/cbb/players/essence-brown-2.html,george-washington,2022-23
14,89,15,2023-01-04,George Washington,,Saint Joseph's,REG (Conf),L 61-77,*,33,4,8,.500,0,0,,4,8,.500,.500,1,2,.500,0,2,2,1,1,0,2,5,9,2.9,Essence Brown,https://www.sports-reference.com/cbb/players/essence-brown-2.html,george-washington,2022-23
15,90,16,2023-01-08,George Washington,@,St. Bonaventure,REG (Conf),W 56-43,*,36,2,8,.250,0,2,.000,2,6,.333,.250,0,0,,3,2,5,4,1,0,1,2,4,3.9,Essence Brown,https://www.sports-reference.com/cbb/players/essence-brown-2.html,george-washington,2022-23
16,91,17,2023-01-11,George Washington,,Fordham,REG (Conf),W 63-57,*,21,1,3,.333,0,1,.000,1,2,.500,.333,0,0,,1,0,1,2,0,0,2,4,2,-1.2,Essence Brown,https://www.sports-reference.com/cbb/players/essence-brown-2.html,george-washington,2022-23
17,92,18,2023-01-14,George Washington,@,La Salle,REG (Conf),L 65-74,*,27,4,11,.364,0,2,.000,4,9,.444,.364,1,2,.500,3,3,6,0,0,0,1,2,9,3.7,Essence Brown,https://www.sports-reference.com/cbb/players/essence-brown-2.html,george-washington,2022-23
18,93,19,2023-01-16,George Washington,@,George Mason,REG (Conf),L 57-67,*,22,3,5,.600,0,0,,3,5,.600,.600,0,0,,2,2,4,1,0,0,2,1,6,4.0,Essence Brown,https://www.sports-reference.com/cbb/players/essence-brown-2.html,george-washington,2022-23
19,94,20,2023-01-22,George Washington,,VCU,REG (Conf),W 69-61,*,36,3,12,.250,1,4,.250,2,8,.250,.292,4,4,1.000,0,1,1,4,0,1,1,3,11,5.4,Essence Brown,https://www.sports-reference.com/cbb/players/essence-brown-2.html,george-washington,2022-23
20,95,21,2023-01-25,George Washington,@,Loyola Chicago,REG (Conf),W 75-61,*,23,0,4,.000,0,1,.000,0,3,.000,.000,0,4,.000,0,1,1,1,0,0,1,2,0,-5.2,Essence Brown,https://www.sports-reference.com/cbb/players/essence-brown-2.html,george-washington,2022-23
21,96,22,2023-01-28,George Washington,,Dayton,REG (Conf),W 71-57,*,20,2,5,.400,1,1,1.000,1,4,.250,.500,0,0,,4,0,4,4,3,0,1,3,5,8.7,Essence Brown,https://www.sports-reference.com/cbb/players/essence-brown-2.html,george-washington,2022-23
22,97,23,2023-02-01,George Washington,,Duquesne,REG (Conf),W 58-52,*,18,2,6,.333,0,2,.000,2,4,.500,.333,0,0,,0,0,0,0,2,0,1,1,4,1.2,Essence Brown,https://www.sports-reference.com/cbb/players/essence-brown-2.html,george-washington,2022-23
23,98,24,2023-02-05,George Washington,,George Mason,REG (Conf),W 58-39,*,27,2,8,.250,0,0,,2,8,.250,.250,0,0,,1,2,3,2,0,0,1,2,4,0.1,Essence Brown,https://www.sports-reference.com/cbb/players/essence-brown-2.html,george-washington,2022-23
24,99,30,2023-03-02,George Washington,N,Duquesne,CTOURN,W 71-68,,13,0,3,.000,0,0,,0,3,.000,.000,3,4,.750,1,0,1,1,0,0,0,1,3,1.5,Essence Brown,https://www.sports-reference.com/cbb/players/essence-brown-2.html,george-washington,2022-23
25,100,31,2023-03-03,George Washington,N,Rhode Island,CTOURN,L 56-68,,7,1,2,.500,0,1,.000,1,1,1.000,.500,0,0,,1,1,2,0,0,1,1,5,2,-0.3,Essence Brown,https://www.sports-reference.com/cbb/players/essence-brown-2.html,george-washington,2022-23
