ranker,player_game_num_career,team_game_num_season,date,team_name_abbr,game_location,opp_name_abbr,game_type,game_result,is_starter,mp,fg,fga,fg_pct,fg3,fg3a,fg3_pct,fg2,fg2a,fg2_pct,efg_pct,ft,fta,ft_pct,orb,drb,trb,ast,stl,blk,tov,pf,pts,game_score,player_name,player_sr_link,school,season
1,76,1,2022-11-07,George Washington,@,Virginia,REG (Non-Conf),L 59-85,,11,0,0,,0,0,,0,0,,,0,0,,0,0,0,0,0,1,1,0,0,-0.3,Faith Blethen,https://www.sports-reference.com/cbb/players/faith-blethen-1.html,george-washington,2022-23
2,77,2,2022-11-10,George Washington,,Maryland Eastern Shore,REG (Non-Conf),W 65-50,,18,4,5,.800,1,2,.500,3,3,1.000,.900,2,2,1.000,0,3,3,0,0,0,0,0,11,10.0,Faith Blethen,https://www.sports-reference.com/cbb/players/faith-blethen-1.html,george-washington,2022-23
3,78,3,2022-11-14,George Washington,@,Howard,REG (Non-Conf),W 83-62,,18,2,3,.667,1,1,1.000,1,2,.500,.833,0,0,,0,1,1,1,0,0,2,2,5,1.9,Faith Blethen,https://www.sports-reference.com/cbb/players/faith-blethen-1.html,george-washington,2022-23
4,79,4,2022-11-17,George Washington,@,American,REG (Non-Conf),W 67-62,,17,1,3,.333,0,1,.000,1,2,.500,.333,1,2,.500,1,1,2,2,1,0,0,3,3,3.1,Faith Blethen,https://www.sports-reference.com/cbb/players/faith-blethen-1.html,george-washington,2022-23
5,80,5,2022-11-20,George Washington,,Cal State Fullerton,REG (Non-Conf),L 64-70,,15,1,1,1.000,1,1,1.000,0,0,,1.500,2,2,1.000,0,1,1,0,1,0,0,0,5,6.0,Faith Blethen,https://www.sports-reference.com/cbb/players/faith-blethen-1.html,george-washington,2022-23
6,81,6,2022-11-25,George Washington,N,East Tennessee State,REG (Non-Conf),W 78-58,,12,1,2,.500,1,1,1.000,0,1,.000,.750,0,0,,1,3,4,0,0,0,0,2,3,2.8,Faith Blethen,https://www.sports-reference.com/cbb/players/faith-blethen-1.html,george-washington,2022-23
7,82,7,2022-11-26,George Washington,@,UNLV,REG (Non-Conf),L 63-73,,19,2,4,.500,1,2,.500,1,2,.500,.625,2,2,1.000,2,4,6,0,1,3,0,1,7,10.3,Faith Blethen,https://www.sports-reference.com/cbb/players/faith-blethen-1.html,george-washington,2022-23
8,83,8,2022-11-27,George Washington,N,Louisiana Tech,REG (Non-Conf),L 52-71,,17,1,2,.500,1,1,1.000,0,1,.000,.750,0,0,,1,0,1,0,1,2,1,0,3,4.1,Faith Blethen,https://www.sports-reference.com/cbb/players/faith-blethen-1.html,george-washington,2022-23
9,84,9,2022-12-02,George Washington,,Ohio,REG (Non-Conf),W 74-57,,26,0,3,.000,0,2,.000,0,1,.000,.000,0,2,.000,0,6,6,0,1,1,1,4,0,-2.0,Faith Blethen,https://www.sports-reference.com/cbb/players/faith-blethen-1.html,george-washington,2022-23
10,85,10,2022-12-05,George Washington,@,TCU,REG (Non-Conf),L 58-70,,28,2,6,.333,0,2,.000,2,4,.500,.333,3,5,.600,2,4,6,1,0,1,1,2,7,5.0,Faith Blethen,https://www.sports-reference.com/cbb/players/faith-blethen-1.html,george-washington,2022-23
11,86,11,2022-12-09,George Washington,,Manhattan,REG (Non-Conf),W 68-56,*,32,2,6,.333,2,6,.333,0,0,,.500,0,0,,4,1,5,2,1,0,1,1,6,6.7,Faith Blethen,https://www.sports-reference.com/cbb/players/faith-blethen-1.html,george-washington,2022-23
12,87,12,2022-12-13,George Washington,,Wilmington (DE),REG (Non-Conf),W 88-40,*,19,3,6,.500,2,5,.400,1,1,1.000,.667,0,0,,0,3,3,2,1,1,1,0,8,8.0,Faith Blethen,https://www.sports-reference.com/cbb/players/faith-blethen-1.html,george-washington,2022-23
13,88,13,2022-12-22,George Washington,,Coppin State,REG (Non-Conf),W 61-51,*,17,0,2,.000,0,2,.000,0,0,,.000,0,0,,0,1,1,1,0,0,1,4,0,-3.0,Faith Blethen,https://www.sports-reference.com/cbb/players/faith-blethen-1.html,george-washington,2022-23
14,89,14,2022-12-31,George Washington,@,Richmond,REG (Conf),W 65-63,*,32,2,5,.400,2,4,.500,0,1,.000,.600,2,4,.500,1,5,6,0,0,0,1,1,8,5.3,Faith Blethen,https://www.sports-reference.com/cbb/players/faith-blethen-1.html,george-washington,2022-23
15,90,15,2023-01-04,George Washington,,Saint Joseph's,REG (Conf),L 61-77,*,17,1,5,.200,1,3,.333,0,2,.000,.300,0,0,,1,1,2,2,1,0,0,2,3,2.5,Faith Blethen,https://www.sports-reference.com/cbb/players/faith-blethen-1.html,george-washington,2022-23
16,91,16,2023-01-08,George Washington,@,St. Bonaventure,REG (Conf),W 56-43,*,19,2,4,.500,2,4,.500,0,0,,.750,2,2,1.000,1,3,4,0,0,0,1,3,8,5.4,Faith Blethen,https://www.sports-reference.com/cbb/players/faith-blethen-1.html,george-washington,2022-23
17,92,17,2023-01-11,George Washington,,Fordham,REG (Conf),W 63-57,*,29,0,2,.000,0,2,.000,0,0,,.000,2,2,1.000,0,5,5,1,0,1,0,1,2,3.1,Faith Blethen,https://www.sports-reference.com/cbb/players/faith-blethen-1.html,george-washington,2022-23
18,93,18,2023-01-14,George Washington,@,La Salle,REG (Conf),L 65-74,*,25,1,5,.200,1,3,.333,0,2,.000,.300,0,0,,0,1,1,1,1,0,1,1,3,0.5,Faith Blethen,https://www.sports-reference.com/cbb/players/faith-blethen-1.html,george-washington,2022-23
19,94,19,2023-01-16,George Washington,@,George Mason,REG (Conf),L 57-67,*,20,0,3,.000,0,2,.000,0,1,.000,.000,1,2,.500,0,0,0,2,2,0,0,0,1,1.9,Faith Blethen,https://www.sports-reference.com/cbb/players/faith-blethen-1.html,george-washington,2022-23
20,95,20,2023-01-22,George Washington,,VCU,REG (Conf),W 69-61,*,18,0,0,,0,0,,0,0,,,0,0,,0,3,3,0,1,0,0,0,0,1.9,Faith Blethen,https://www.sports-reference.com/cbb/players/faith-blethen-1.html,george-washington,2022-23
21,96,21,2023-01-25,George Washington,@,Loyola Chicago,REG (Conf),W 75-61,*,25,3,6,.500,2,3,.667,1,3,.333,.667,0,0,,1,5,6,1,0,0,1,4,8,5.3,Faith Blethen,https://www.sports-reference.com/cbb/players/faith-blethen-1.html,george-washington,2022-23
22,97,22,2023-01-28,George Washington,,Dayton,REG (Conf),W 71-57,*,27,1,6,.167,0,3,.000,1,3,.333,.167,0,0,,0,0,0,1,1,2,0,2,2,0.5,Faith Blethen,https://www.sports-reference.com/cbb/players/faith-blethen-1.html,george-washington,2022-23
23,98,23,2023-02-01,George Washington,,Duquesne,REG (Conf),W 58-52,*,25,1,4,.250,1,4,.250,0,0,,.375,0,0,,0,1,1,3,0,0,0,1,3,2.6,Faith Blethen,https://www.sports-reference.com/cbb/players/faith-blethen-1.html,george-washington,2022-23
24,99,24,2023-02-05,George Washington,,George Mason,REG (Conf),W 58-39,*,31,1,8,.125,1,5,.200,0,3,.000,.188,0,0,,0,4,4,0,2,1,2,2,3,-1.1,Faith Blethen,https://www.sports-reference.com/cbb/players/faith-blethen-1.html,george-washington,2022-23
25,100,25,2023-02-08,George Washington,@,Rhode Island,REG (Conf),L 47-64,*,35,0,5,.000,0,3,.000,0,2,.000,.000,0,0,,0,1,1,1,1,0,0,2,0,-2.3,Faith Blethen,https://www.sports-reference.com/cbb/players/faith-blethen-1.html,george-washington,2022-23
26,101,27,2023-02-18,George Washington,,Loyola Chicago,REG (Conf),W 61-50,,15,0,1,.000,0,0,,0,1,.000,.000,0,0,,0,2,2,1,0,0,0,2,0,-0.2,Faith Blethen,https://www.sports-reference.com/cbb/players/faith-blethen-1.html,george-washington,2022-23
27,102,28,2023-02-22,George Washington,,Davidson,REG (Conf),L 59-66,,10,0,0,,0,0,,0,0,,,0,0,,1,2,3,1,0,0,0,3,0,0.8,Faith Blethen,https://www.sports-reference.com/cbb/players/faith-blethen-1.html,george-washington,2022-23
28,103,29,2023-02-25,George Washington,@,Massachusetts,REG (Conf),L 61-84,*,29,2,8,.250,2,8,.250,0,0,,.375,0,0,,0,3,3,0,0,0,0,2,6,1.3,Faith Blethen,https://www.sports-reference.com/cbb/players/faith-blethen-1.html,george-washington,2022-23
29,104,30,2023-03-02,George Washington,N,Duquesne,CTOURN,W 71-68,*,15,1,3,.333,0,2,.000,1,1,1.000,.333,0,0,,0,0,0,2,0,0,2,4,2,-1.9,Faith Blethen,https://www.sports-reference.com/cbb/players/faith-blethen-1.html,george-washington,2022-23
30,105,31,2023-03-03,George Washington,N,Rhode Island,CTOURN,L 56-68,*,36,2,6,.333,2,5,.400,0,1,.000,.500,0,0,,2,6,8,0,0,1,2,4,6,2.9,Faith Blethen,https://www.sports-reference.com/cbb/players/faith-blethen-1.html,george-washington,2022-23
