ranker,player_game_num_career,team_game_num_season,date,team_name_abbr,game_location,opp_name_abbr,game_type,game_result,is_starter,mp,fg,fga,fg_pct,fg3,fg3a,fg3_pct,fg2,fg2a,fg2_pct,efg_pct,ft,fta,ft_pct,orb,drb,trb,ast,stl,blk,tov,pf,pts,game_score,player_name,player_sr_link,school,season
1,1,1,2022-11-07,George Washington,@,Virginia,REG (Non-Conf),L 59-85,,20,0,6,.000,0,4,.000,0,2,.000,.000,0,0,,1,1,2,3,0,0,1,0,0,-2.1,Nya Robertson,https://www.sports-reference.com/cbb/players/nya-robertson-1.html,george-washington,2022-23
2,2,2,2022-11-10,George Washington,,Maryland Eastern Shore,REG (Non-Conf),W 65-50,,25,4,11,.364,2,6,.333,2,5,.400,.455,0,0,,1,4,5,4,1,0,3,0,10,6.6,Nya Robertson,https://www.sports-reference.com/cbb/players/nya-robertson-1.html,george-washington,2022-23
3,3,3,2022-11-14,George Washington,@,Howard,REG (Non-Conf),W 83-62,,29,11,17,.647,4,7,.571,7,10,.700,.765,1,1,1.000,0,0,0,4,2,0,6,3,27,17.1,Nya Robertson,https://www.sports-reference.com/cbb/players/nya-robertson-1.html,george-washington,2022-23
4,4,4,2022-11-17,George Washington,@,American,REG (Non-Conf),W 67-62,,17,3,6,.500,2,3,.667,1,3,.333,.667,0,2,.000,0,2,2,1,0,0,3,4,8,0.9,Nya Robertson,https://www.sports-reference.com/cbb/players/nya-robertson-1.html,george-washington,2022-23
5,5,5,2022-11-20,George Washington,,Cal State Fullerton,REG (Non-Conf),L 64-70,,22,4,9,.444,0,2,.000,4,7,.571,.444,2,2,1.000,1,0,1,1,0,0,5,0,10,1.7,Nya Robertson,https://www.sports-reference.com/cbb/players/nya-robertson-1.html,george-washington,2022-23
6,6,6,2022-11-25,George Washington,N,East Tennessee State,REG (Non-Conf),W 78-58,,21,4,10,.400,4,7,.571,0,3,.000,.600,0,0,,1,1,2,4,0,0,2,2,12,7.6,Nya Robertson,https://www.sports-reference.com/cbb/players/nya-robertson-1.html,george-washington,2022-23
7,7,9,2022-12-02,George Washington,,Ohio,REG (Non-Conf),W 74-57,,29,9,19,.474,4,12,.333,5,7,.714,.579,2,2,1.000,0,2,2,3,0,2,2,0,24,16.4,Nya Robertson,https://www.sports-reference.com/cbb/players/nya-robertson-1.html,george-washington,2022-23
8,8,10,2022-12-05,George Washington,@,TCU,REG (Non-Conf),L 58-70,,8,3,6,.500,2,4,.500,1,2,.500,.667,0,2,.000,1,0,1,0,0,0,1,2,8,3.1,Nya Robertson,https://www.sports-reference.com/cbb/players/nya-robertson-1.html,george-washington,2022-23
9,9,11,2022-12-09,George Washington,,Manhattan,REG (Non-Conf),W 68-56,,22,4,14,.286,2,5,.400,2,9,.222,.357,3,4,.750,0,1,1,2,0,0,1,2,13,4.3,Nya Robertson,https://www.sports-reference.com/cbb/players/nya-robertson-1.html,george-washington,2022-23
10,10,13,2022-12-22,George Washington,,Coppin State,REG (Non-Conf),W 61-51,,13,1,7,.143,1,5,.200,0,2,.000,.214,0,2,.000,0,0,0,0,1,0,3,0,3,-4.3,Nya Robertson,https://www.sports-reference.com/cbb/players/nya-robertson-1.html,george-washington,2022-23
11,11,14,2022-12-31,George Washington,@,Richmond,REG (Conf),W 65-63,,23,3,10,.300,2,8,.250,1,2,.500,.400,2,2,1.000,0,1,1,2,0,0,0,1,10,5.5,Nya Robertson,https://www.sports-reference.com/cbb/players/nya-robertson-1.html,george-washington,2022-23
12,12,15,2023-01-04,George Washington,,Saint Joseph's,REG (Conf),L 61-77,,10,2,6,.333,0,2,.000,2,4,.500,.333,2,2,1.000,1,1,2,0,0,0,1,0,6,2.6,Nya Robertson,https://www.sports-reference.com/cbb/players/nya-robertson-1.html,george-washington,2022-23
13,13,16,2023-01-08,George Washington,@,St. Bonaventure,REG (Conf),W 56-43,,28,5,12,.417,3,6,.500,2,6,.333,.542,4,4,1.000,2,3,5,2,1,0,2,3,17,12.1,Nya Robertson,https://www.sports-reference.com/cbb/players/nya-robertson-1.html,george-washington,2022-23
14,14,17,2023-01-11,George Washington,,Fordham,REG (Conf),W 63-57,,33,9,19,.474,3,7,.429,6,12,.500,.553,2,2,1.000,1,1,2,2,0,0,7,3,23,7.5,Nya Robertson,https://www.sports-reference.com/cbb/players/nya-robertson-1.html,george-washington,2022-23
15,15,18,2023-01-14,George Washington,@,La Salle,REG (Conf),L 65-74,*,33,6,20,.300,5,11,.455,1,9,.111,.425,3,4,.750,3,0,3,3,0,0,2,2,20,9.4,Nya Robertson,https://www.sports-reference.com/cbb/players/nya-robertson-1.html,george-washington,2022-23
16,16,19,2023-01-16,George Washington,@,George Mason,REG (Conf),L 57-67,,26,2,14,.143,2,8,.250,0,6,.000,.214,0,0,,1,1,2,1,0,0,1,3,6,-3.5,Nya Robertson,https://www.sports-reference.com/cbb/players/nya-robertson-1.html,george-washington,2022-23
17,17,20,2023-01-22,George Washington,,VCU,REG (Conf),W 69-61,,29,6,9,.667,4,6,.667,2,3,.667,.889,0,0,,0,5,5,2,0,2,0,3,16,15.2,Nya Robertson,https://www.sports-reference.com/cbb/players/nya-robertson-1.html,george-washington,2022-23
18,18,21,2023-01-25,George Washington,@,Loyola Chicago,REG (Conf),W 75-61,,24,4,9,.444,3,6,.500,1,3,.333,.611,5,6,.833,0,2,2,2,1,0,2,4,16,10.3,Nya Robertson,https://www.sports-reference.com/cbb/players/nya-robertson-1.html,george-washington,2022-23
19,19,22,2023-01-28,George Washington,,Dayton,REG (Conf),W 71-57,,28,7,18,.389,5,11,.455,2,7,.286,.528,7,8,.875,1,2,3,1,3,1,3,0,26,18.5,Nya Robertson,https://www.sports-reference.com/cbb/players/nya-robertson-1.html,george-washington,2022-23
20,20,23,2023-02-01,George Washington,,Duquesne,REG (Conf),W 58-52,,27,4,19,.211,2,9,.222,2,10,.200,.263,5,9,.556,0,6,6,2,2,0,1,3,15,4.7,Nya Robertson,https://www.sports-reference.com/cbb/players/nya-robertson-1.html,george-washington,2022-23
21,21,24,2023-02-05,George Washington,,George Mason,REG (Conf),W 58-39,,25,6,18,.333,4,12,.333,2,6,.333,.444,2,2,1.000,1,5,6,1,0,0,2,2,18,7.9,Nya Robertson,https://www.sports-reference.com/cbb/players/nya-robertson-1.html,george-washington,2022-23
22,22,25,2023-02-08,George Washington,@,Rhode Island,REG (Conf),L 47-64,,26,4,14,.286,0,6,.000,4,8,.500,.286,3,5,.600,0,2,2,1,2,0,1,0,11,4.3,Nya Robertson,https://www.sports-reference.com/cbb/players/nya-robertson-1.html,george-washington,2022-23
23,23,26,2023-02-11,George Washington,@,Saint Louis,REG (Conf),L 64-76,,29,5,19,.263,3,13,.231,2,6,.333,.342,5,6,.833,1,0,1,3,3,0,4,0,18,8.1,Nya Robertson,https://www.sports-reference.com/cbb/players/nya-robertson-1.html,george-washington,2022-23
24,24,27,2023-02-18,George Washington,,Loyola Chicago,REG (Conf),W 61-50,,30,9,14,.643,4,7,.571,5,7,.714,.786,3,6,.500,0,0,0,1,0,0,2,1,25,15.9,Nya Robertson,https://www.sports-reference.com/cbb/players/nya-robertson-1.html,george-washington,2022-23
25,25,28,2023-02-22,George Washington,,Davidson,REG (Conf),L 59-66,,32,5,23,.217,1,9,.111,4,14,.286,.239,9,12,.750,1,1,2,3,1,0,4,2,20,4.0,Nya Robertson,https://www.sports-reference.com/cbb/players/nya-robertson-1.html,george-washington,2022-23
26,26,29,2023-02-25,George Washington,@,Massachusetts,REG (Conf),L 61-84,,24,4,14,.286,2,8,.250,2,6,.333,.357,5,6,.833,0,1,1,4,0,0,3,1,15,6.1,Nya Robertson,https://www.sports-reference.com/cbb/players/nya-robertson-1.html,george-washington,2022-23
27,27,30,2023-03-02,George Washington,N,Duquesne,CTOURN,W 71-68,,21,3,13,.231,1,6,.167,2,7,.286,.269,0,0,,0,3,3,3,0,0,1,2,7,0.3,Nya Robertson,https://www.sports-reference.com/cbb/players/nya-robertson-1.html,george-washington,2022-23
28,28,31,2023-03-03,George Washington,N,Rhode Island,CTOURN,L 56-68,,23,6,14,.429,3,9,.333,3,5,.600,.536,4,4,1.000,0,2,2,0,1,0,4,3,19,8.0,Nya Robertson,https://www.sports-reference.com/cbb/players/nya-robertson-1.html,george-washington,2022-23
