ranker,player_game_num_career,team_game_num_season,date,team_name_abbr,game_location,opp_name_abbr,game_type,game_result,is_starter,mp,fg,fga,fg_pct,fg3,fg3a,fg3_pct,fg2,fg2a,fg2_pct,efg_pct,ft,fta,ft_pct,orb,drb,trb,ast,stl,blk,tov,pf,pts,game_score,player_name,player_sr_link,school,season
1,7,2,2022-11-10,George Washington,,Maryland Eastern Shore,REG (Non-Conf),W 65-50,,1,0,0,,0,0,,0,0,,,0,0,,0,0,0,0,0,0,0,0,0,0.0,Piper Macke,https://www.sports-reference.com/cbb/players/piper-macke-1.html,george-washington,2022-23
2,8,3,2022-11-14,George Washington,@,Howard,REG (Non-Conf),W 83-62,,1,1,1,1.000,1,1,1.000,0,0,,1.500,0,0,,0,0,0,0,0,0,1,0,3,1.7,Piper Macke,https://www.sports-reference.com/cbb/players/piper-macke-1.html,george-washington,2022-23
3,9,6,2022-11-25,George Washington,N,East Tennessee State,REG (Non-Conf),W 78-58,,4,0,1,.000,0,0,,0,1,.000,.000,0,0,,1,0,1,0,0,0,0,1,0,-0.4,Piper Macke,https://www.sports-reference.com/cbb/players/piper-macke-1.html,george-washington,2022-23
4,10,8,2022-11-27,George Washington,N,Louisiana Tech,REG (Non-Conf),L 52-71,,2,0,0,,0,0,,0,0,,,0,0,,0,0,0,0,0,0,0,1,0,-0.4,Piper Macke,https://www.sports-reference.com/cbb/players/piper-macke-1.html,george-washington,2022-23
5,11,9,2022-12-02,George Washington,,Ohio,REG (Non-Conf),W 74-57,,3,0,0,,0,0,,0,0,,,0,0,,0,1,1,0,0,0,0,0,0,0.3,Piper Macke,https://www.sports-reference.com/cbb/players/piper-macke-1.html,george-washington,2022-23
6,12,10,2022-12-05,George Washington,@,TCU,REG (Non-Conf),L 58-70,,14,2,5,.400,0,1,.000,2,4,.500,.400,1,1,1.000,1,0,1,0,2,0,1,3,5,2.8,Piper Macke,https://www.sports-reference.com/cbb/players/piper-macke-1.html,george-washington,2022-23
7,13,12,2022-12-13,George Washington,,Wilmington (DE),REG (Non-Conf),W 88-40,,23,4,9,.444,2,6,.333,2,3,.667,.556,0,0,,0,2,2,0,0,1,0,0,10,6.6,Piper Macke,https://www.sports-reference.com/cbb/players/piper-macke-1.html,george-washington,2022-23
