ranker,player_game_num_career,team_game_num_season,date,team_name_abbr,game_location,opp_name_abbr,game_type,game_result,is_starter,mp,fg,fga,fg_pct,fg3,fg3a,fg3_pct,fg2,fg2a,fg2_pct,efg_pct,ft,fta,ft_pct,orb,drb,trb,ast,stl,blk,tov,pf,pts,game_score,player_name,player_sr_link,school,season
1,40,1,2018-11-07,NC State,,Belmont,REG (Non-Conf),W 77-62,,3,0,1,.000,0,0,,0,1,.000,.000,0,0,,0,0,0,0,1,0,0,0,0,0.3,Armani Hawkins,https://www.sports-reference.com/cbb/players/armani-hawkins-1.html,north-carolina-state,2018-19
2,41,2,2018-11-11,NC State,,Kent State,REG (Non-Conf),W 78-61,,8,2,3,.667,1,2,.500,1,1,1.000,.833,0,0,,0,1,1,1,0,0,1,1,5,3.3,Armani Hawkins,https://www.sports-reference.com/cbb/players/armani-hawkins-1.html,north-carolina-state,2018-19
3,42,3,2018-11-15,NC State,,Vanderbilt,REG (Non-Conf),W 74-54,,2,0,0,,0,0,,0,0,,,0,0,,0,0,0,0,0,0,0,0,0,0.0,Armani Hawkins,https://www.sports-reference.com/cbb/players/armani-hawkins-1.html,north-carolina-state,2018-19
4,43,4,2018-11-18,NC State,,Radford,REG (Non-Conf),W 75-58,,3,1,1,1.000,0,0,,1,1,1.000,1.000,0,0,,0,0,0,0,0,0,0,1,2,1.3,Armani Hawkins,https://www.sports-reference.com/cbb/players/armani-hawkins-1.html,north-carolina-state,2018-19
5,44,6,2018-11-23,NC State,,George Washington,REG (Non-Conf),W 69-61,,5,0,0,,0,0,,0,0,,,0,0,,0,1,1,1,0,0,0,0,0,1.0,Armani Hawkins,https://www.sports-reference.com/cbb/players/armani-hawkins-1.html,north-carolina-state,2018-19
6,45,8,2018-12-02,NC State,,Old Dominion,REG (Non-Conf),W 85-56,,18,6,11,.545,1,6,.167,5,5,1.000,.591,1,2,.500,0,1,1,0,0,1,1,4,14,6.7,Armani Hawkins,https://www.sports-reference.com/cbb/players/armani-hawkins-1.html,north-carolina-state,2018-19
7,46,9,2018-12-05,NC State,,Hampton,REG (Non-Conf),W 83-51,,14,2,7,.286,0,2,.000,2,5,.400,.286,2,2,1.000,0,2,2,0,0,0,0,0,6,2.5,Armani Hawkins,https://www.sports-reference.com/cbb/players/armani-hawkins-1.html,north-carolina-state,2018-19
8,47,10,2018-12-08,NC State,@,Georgetown,REG (Non-Conf),W 76-65,,15,2,5,.400,0,3,.000,2,2,1.000,.400,0,0,,0,0,0,2,0,0,0,0,4,2.7,Armani Hawkins,https://www.sports-reference.com/cbb/players/armani-hawkins-1.html,north-carolina-state,2018-19
9,48,11,2018-12-15,NC State,,Maine,REG (Non-Conf),W 84-46,,16,2,5,.400,1,3,.333,1,2,.500,.500,0,0,,1,1,2,1,1,0,2,0,5,3.0,Armani Hawkins,https://www.sports-reference.com/cbb/players/armani-hawkins-1.html,north-carolina-state,2018-19
10,49,12,2018-12-21,NC State,@,Chattanooga,REG (Non-Conf),W 78-58,,14,2,3,.667,1,2,.500,1,1,1.000,.833,0,0,,1,2,3,2,0,0,1,1,5,5.0,Armani Hawkins,https://www.sports-reference.com/cbb/players/armani-hawkins-1.html,north-carolina-state,2018-19
11,50,13,2018-12-30,NC State,,Davidson,REG (Non-Conf),W 75-45,,8,2,4,.500,1,2,.500,1,2,.500,.625,0,0,,0,0,0,0,0,0,1,1,5,1.6,Armani Hawkins,https://www.sports-reference.com/cbb/players/armani-hawkins-1.html,north-carolina-state,2018-19
12,51,15,2019-01-06,NC State,@,Boston College,REG (Conf),W 85-69,,15,2,5,.400,0,1,.000,2,4,.500,.400,1,1,1.000,2,0,2,1,0,0,1,1,5,3.0,Armani Hawkins,https://www.sports-reference.com/cbb/players/armani-hawkins-1.html,north-carolina-state,2018-19
13,52,16,2019-01-10,NC State,,Pittsburgh,REG (Conf),W 63-34,,6,1,2,.500,1,1,1.000,0,1,.000,.750,0,0,,0,0,0,0,0,0,1,1,3,0.6,Armani Hawkins,https://www.sports-reference.com/cbb/players/armani-hawkins-1.html,north-carolina-state,2018-19
