ranker,player_game_num_career,team_game_num_season,date,team_name_abbr,game_location,opp_name_abbr,game_type,game_result,is_starter,mp,fg,fga,fg_pct,fg3,fg3a,fg3_pct,fg2,fg2a,fg2_pct,efg_pct,ft,fta,ft_pct,orb,drb,trb,ast,stl,blk,tov,pf,pts,game_score,player_name,player_sr_link,school,season
1,1,1,2018-11-07,NC State,,Belmont,REG (Non-Conf),W 77-62,,23,4,4,1.000,0,0,,4,4,1.000,1.000,4,8,.500,2,3,5,3,0,0,5,3,12,7.4,Elissa Cunane,https://www.sports-reference.com/cbb/players/elissa-cunane-1.html,north-carolina-state,2018-19
2,2,2,2018-11-11,NC State,,Kent State,REG (Non-Conf),W 78-61,,22,4,8,.500,0,0,,4,8,.500,.500,1,2,.500,0,3,3,2,0,0,4,4,9,1.3,Elissa Cunane,https://www.sports-reference.com/cbb/players/elissa-cunane-1.html,north-carolina-state,2018-19
3,3,3,2018-11-15,NC State,,Vanderbilt,REG (Non-Conf),W 74-54,,18,5,8,.625,0,0,,5,8,.625,.625,0,1,.000,2,4,6,1,0,1,2,2,10,7.2,Elissa Cunane,https://www.sports-reference.com/cbb/players/elissa-cunane-1.html,north-carolina-state,2018-19
4,4,4,2018-11-18,NC State,,Radford,REG (Non-Conf),W 75-58,,23,7,16,.438,0,0,,7,16,.438,.438,9,11,.818,2,2,4,1,1,0,3,3,23,13.3,Elissa Cunane,https://www.sports-reference.com/cbb/players/elissa-cunane-1.html,north-carolina-state,2018-19
5,5,5,2018-11-22,NC State,@,Michigan State,REG (Non-Conf),W 78-74,,13,2,3,.667,0,0,,2,3,.667,.667,4,5,.800,1,2,3,1,0,1,2,4,8,5.4,Elissa Cunane,https://www.sports-reference.com/cbb/players/elissa-cunane-1.html,north-carolina-state,2018-19
6,6,6,2018-11-23,NC State,,George Washington,REG (Non-Conf),W 69-61,,20,6,7,.857,0,0,,6,7,.857,.857,6,6,1.000,3,3,6,0,0,0,4,2,18,13.7,Elissa Cunane,https://www.sports-reference.com/cbb/players/elissa-cunane-1.html,north-carolina-state,2018-19
7,7,7,2018-11-29,NC State,,Michigan,REG (Non-Conf),W 66-55,,29,5,8,.625,0,0,,5,8,.625,.625,3,3,1.000,3,1,4,1,0,2,2,1,13,11.5,Elissa Cunane,https://www.sports-reference.com/cbb/players/elissa-cunane-1.html,north-carolina-state,2018-19
8,8,8,2018-12-02,NC State,,Old Dominion,REG (Non-Conf),W 85-56,,21,3,5,.600,0,0,,3,5,.600,.600,2,3,.667,3,5,8,2,0,1,6,1,8,4.6,Elissa Cunane,https://www.sports-reference.com/cbb/players/elissa-cunane-1.html,north-carolina-state,2018-19
9,9,9,2018-12-05,NC State,,Hampton,REG (Non-Conf),W 83-51,,18,2,4,.500,0,1,.000,2,3,.667,.500,4,6,.667,1,6,7,1,0,2,0,1,8,9.4,Elissa Cunane,https://www.sports-reference.com/cbb/players/elissa-cunane-1.html,north-carolina-state,2018-19
10,10,10,2018-12-08,NC State,@,Georgetown,REG (Non-Conf),W 76-65,,29,9,15,.600,0,0,,9,15,.600,.600,5,6,.833,1,1,2,2,1,0,2,1,23,16.7,Elissa Cunane,https://www.sports-reference.com/cbb/players/elissa-cunane-1.html,north-carolina-state,2018-19
11,11,11,2018-12-15,NC State,,Maine,REG (Non-Conf),W 84-46,,23,4,4,1.000,0,0,,4,4,1.000,1.000,3,6,.500,2,6,8,1,0,0,4,0,11,8.5,Elissa Cunane,https://www.sports-reference.com/cbb/players/elissa-cunane-1.html,north-carolina-state,2018-19
12,12,12,2018-12-21,NC State,@,Chattanooga,REG (Non-Conf),W 78-58,,17,7,9,.778,0,0,,7,9,.778,.778,5,6,.833,4,1,5,0,0,1,2,4,19,15.3,Elissa Cunane,https://www.sports-reference.com/cbb/players/elissa-cunane-1.html,north-carolina-state,2018-19
13,13,13,2018-12-30,NC State,,Davidson,REG (Non-Conf),W 75-45,,17,4,6,.667,0,0,,4,6,.667,.667,1,2,.500,3,5,8,0,0,0,1,1,9,8.2,Elissa Cunane,https://www.sports-reference.com/cbb/players/elissa-cunane-1.html,north-carolina-state,2018-19
14,14,14,2019-01-03,NC State,,Duke,REG (Conf),W 63-51,,18,3,5,.600,0,0,,3,5,.600,.600,5,7,.714,0,3,3,0,1,0,5,2,11,4.0,Elissa Cunane,https://www.sports-reference.com/cbb/players/elissa-cunane-1.html,north-carolina-state,2018-19
15,15,15,2019-01-06,NC State,@,Boston College,REG (Conf),W 85-69,,19,4,8,.500,0,0,,4,8,.500,.500,1,2,.500,0,6,6,3,0,3,1,1,9,9.2,Elissa Cunane,https://www.sports-reference.com/cbb/players/elissa-cunane-1.html,north-carolina-state,2018-19
16,16,16,2019-01-10,NC State,,Pittsburgh,REG (Conf),W 63-34,,17,2,2,1.000,0,0,,2,2,1.000,1.000,4,5,.800,1,3,4,1,0,0,6,2,8,2.5,Elissa Cunane,https://www.sports-reference.com/cbb/players/elissa-cunane-1.html,north-carolina-state,2018-19
17,17,17,2019-01-13,NC State,@,Virginia,REG (Conf),W 66-38,,15,5,7,.714,0,0,,5,7,.714,.714,1,1,1.000,1,1,2,0,0,0,1,2,11,7.3,Elissa Cunane,https://www.sports-reference.com/cbb/players/elissa-cunane-1.html,north-carolina-state,2018-19
18,18,18,2019-01-20,NC State,,Virginia Tech,REG (Conf),W 70-61 (OT),,17,2,5,.400,0,0,,2,5,.400,.400,2,2,1.000,2,3,5,1,0,1,1,0,6,6.0,Elissa Cunane,https://www.sports-reference.com/cbb/players/elissa-cunane-1.html,north-carolina-state,2018-19
19,19,19,2019-01-24,NC State,,Clemson,REG (Conf),W 54-51,,20,4,7,.571,1,1,1.000,3,6,.500,.643,2,4,.500,2,2,4,0,1,0,3,1,11,6.5,Elissa Cunane,https://www.sports-reference.com/cbb/players/elissa-cunane-1.html,north-carolina-state,2018-19
20,20,20,2019-01-27,NC State,@,Georgia Tech,REG (Conf),W 68-60,,20,5,8,.625,0,0,,5,8,.625,.625,7,9,.778,3,3,6,1,0,1,3,3,17,12.8,Elissa Cunane,https://www.sports-reference.com/cbb/players/elissa-cunane-1.html,north-carolina-state,2018-19
21,21,21,2019-01-31,NC State,@,Wake Forest,REG (Conf),W 59-50,,24,1,6,.167,0,0,,1,6,.167,.167,6,8,.750,2,3,5,0,0,2,1,1,8,5.7,Elissa Cunane,https://www.sports-reference.com/cbb/players/elissa-cunane-1.html,north-carolina-state,2018-19
22,22,22,2019-02-03,NC State,,North Carolina,REG (Conf),L 51-64,,16,1,3,.333,0,0,,1,3,.333,.333,1,3,.333,4,2,6,1,0,2,3,2,3,2.2,Elissa Cunane,https://www.sports-reference.com/cbb/players/elissa-cunane-1.html,north-carolina-state,2018-19
23,23,23,2019-02-07,NC State,@,Florida State,REG (Conf),L 70-75,,31,10,19,.526,0,0,,10,19,.526,.526,5,6,.833,4,4,8,0,0,0,0,4,25,17.7,Elissa Cunane,https://www.sports-reference.com/cbb/players/elissa-cunane-1.html,north-carolina-state,2018-19
24,24,24,2019-02-13,NC State,@,Syracuse,REG (Conf),W 77-73,*,36,7,11,.636,1,1,1.000,6,10,.600,.682,7,9,.778,4,8,12,1,0,1,1,2,22,21.1,Elissa Cunane,https://www.sports-reference.com/cbb/players/elissa-cunane-1.html,north-carolina-state,2018-19
25,25,25,2019-02-18,NC State,,Notre Dame,REG (Conf),L 72-95,*,36,10,19,.526,1,2,.500,9,17,.529,.553,7,7,1.000,2,4,6,1,1,2,2,1,28,22.0,Elissa Cunane,https://www.sports-reference.com/cbb/players/elissa-cunane-1.html,north-carolina-state,2018-19
26,26,26,2019-02-21,NC State,,Wake Forest,REG (Conf),W 80-46,*,25,2,9,.222,0,0,,2,9,.222,.222,5,9,.556,0,9,9,1,0,1,1,3,9,3.8,Elissa Cunane,https://www.sports-reference.com/cbb/players/elissa-cunane-1.html,north-carolina-state,2018-19
27,27,27,2019-02-24,NC State,@,North Carolina,REG (Conf),W 74-69,*,35,4,8,.500,0,0,,4,8,.500,.500,4,6,.667,1,2,3,1,0,0,2,4,12,5.6,Elissa Cunane,https://www.sports-reference.com/cbb/players/elissa-cunane-1.html,north-carolina-state,2018-19
28,28,28,2019-02-28,NC State,@,Louisville,REG (Conf),L 62-92,*,30,5,9,.556,0,0,,5,9,.556,.556,7,7,1.000,1,9,10,0,1,0,1,0,17,16.1,Elissa Cunane,https://www.sports-reference.com/cbb/players/elissa-cunane-1.html,north-carolina-state,2018-19
29,29,29,2019-03-03,NC State,,Miami (FL),REG (Conf),W 70-68,*,24,2,5,.400,0,0,,2,5,.400,.400,7,7,1.000,1,4,5,1,1,2,2,4,11,9.7,Elissa Cunane,https://www.sports-reference.com/cbb/players/elissa-cunane-1.html,north-carolina-state,2018-19
30,30,30,2019-03-08,NC State,,Florida State,CTOURN,W 69-62,*,39,8,13,.615,1,2,.500,7,11,.636,.654,5,6,.833,2,7,9,1,0,1,1,2,22,18.8,Elissa Cunane,https://www.sports-reference.com/cbb/players/elissa-cunane-1.html,north-carolina-state,2018-19
31,31,31,2019-03-09,NC State,@,Louisville,CTOURN,L 68-78,*,38,8,12,.667,0,0,,8,12,.667,.667,4,4,1.000,3,3,6,1,0,0,6,4,20,10.9,Elissa Cunane,https://www.sports-reference.com/cbb/players/elissa-cunane-1.html,north-carolina-state,2018-19
32,32,32,2019-03-23,NC State,,Maine,ROUND-64,W 63-51,*,35,7,13,.538,0,2,.000,7,11,.636,.538,2,3,.667,0,9,9,1,1,0,2,2,16,10.9,Elissa Cunane,https://www.sports-reference.com/cbb/players/elissa-cunane-1.html,north-carolina-state,2018-19
33,33,33,2019-03-25,NC State,,Kentucky,ROUND-32,W 72-57,*,40,4,10,.400,0,1,.000,4,9,.444,.400,5,6,.833,3,12,15,6,0,1,6,2,13,11.0,Elissa Cunane,https://www.sports-reference.com/cbb/players/elissa-cunane-1.html,north-carolina-state,2018-19
34,34,34,2019-03-30,NC State,N,Iowa,ROUND-16,L 61-79,*,32,6,19,.316,0,2,.000,6,17,.353,.316,2,3,.667,4,7,11,0,1,3,3,4,14,6.1,Elissa Cunane,https://www.sports-reference.com/cbb/players/elissa-cunane-1.html,north-carolina-state,2018-19
