ranker,player_game_num_career,team_game_num_season,date,team_name_abbr,game_location,opp_name_abbr,game_type,game_result,is_starter,mp,fg,fga,fg_pct,fg3,fg3a,fg3_pct,fg2,fg2a,fg2_pct,efg_pct,ft,fta,ft_pct,orb,drb,trb,ast,stl,blk,tov,pf,pts,game_score,player_name,player_sr_link,school,season
1,55,1,2018-11-07,NC State,,Belmont,REG (Non-Conf),W 77-62,*,14,1,3,.333,0,0,,1,3,.333,.333,0,0,,1,3,4,0,0,0,2,0,2,-0.1,Erika Cassell,https://www.sports-reference.com/cbb/players/erika-cassell-1.html,north-carolina-state,2018-19
2,56,2,2018-11-11,NC State,,Kent State,REG (Non-Conf),W 78-61,*,15,2,3,.667,0,1,.000,2,2,1.000,.667,1,2,.500,1,4,5,0,0,1,4,4,5,0.3,Erika Cassell,https://www.sports-reference.com/cbb/players/erika-cassell-1.html,north-carolina-state,2018-19
3,57,3,2018-11-15,NC State,,Vanderbilt,REG (Non-Conf),W 74-54,*,19,0,4,.000,0,1,.000,0,3,.000,.000,0,0,,0,9,9,0,1,0,4,3,0,-4.3,Erika Cassell,https://www.sports-reference.com/cbb/players/erika-cassell-1.html,north-carolina-state,2018-19
4,58,4,2018-11-18,NC State,,Radford,REG (Non-Conf),W 75-58,*,14,2,9,.222,0,0,,2,9,.222,.222,0,0,,3,3,6,1,0,1,1,3,4,0.7,Erika Cassell,https://www.sports-reference.com/cbb/players/erika-cassell-1.html,north-carolina-state,2018-19
5,59,5,2018-11-22,NC State,@,Michigan State,REG (Non-Conf),W 78-74,*,27,4,6,.667,0,1,.000,4,5,.800,.667,4,4,1.000,3,2,5,1,0,0,1,3,12,10.6,Erika Cassell,https://www.sports-reference.com/cbb/players/erika-cassell-1.html,north-carolina-state,2018-19
6,60,6,2018-11-23,NC State,,George Washington,REG (Non-Conf),W 69-61,*,20,4,7,.571,2,2,1.000,2,5,.400,.714,2,2,1.000,1,1,2,0,0,1,3,3,12,6.2,Erika Cassell,https://www.sports-reference.com/cbb/players/erika-cassell-1.html,north-carolina-state,2018-19
7,61,7,2018-11-29,NC State,,Michigan,REG (Non-Conf),W 66-55,*,11,1,5,.200,0,0,,1,5,.200,.200,1,2,.500,1,1,2,0,0,2,0,0,3,1.9,Erika Cassell,https://www.sports-reference.com/cbb/players/erika-cassell-1.html,north-carolina-state,2018-19
8,62,8,2018-12-02,NC State,,Old Dominion,REG (Non-Conf),W 85-56,*,14,3,8,.375,1,1,1.000,2,7,.286,.438,1,2,.500,0,3,3,1,0,0,0,1,8,4.4,Erika Cassell,https://www.sports-reference.com/cbb/players/erika-cassell-1.html,north-carolina-state,2018-19
9,63,9,2018-12-05,NC State,,Hampton,REG (Non-Conf),W 83-51,*,17,0,1,.000,0,0,,0,1,.000,.000,2,2,1.000,0,2,2,1,0,0,1,0,2,1.6,Erika Cassell,https://www.sports-reference.com/cbb/players/erika-cassell-1.html,north-carolina-state,2018-19
10,64,10,2018-12-08,NC State,@,Georgetown,REG (Non-Conf),W 76-65,*,11,0,4,.000,0,0,,0,4,.000,.000,1,2,.500,0,1,1,0,0,0,3,0,1,-4.9,Erika Cassell,https://www.sports-reference.com/cbb/players/erika-cassell-1.html,north-carolina-state,2018-19
11,65,11,2018-12-15,NC State,,Maine,REG (Non-Conf),W 84-46,*,11,4,4,1.000,0,0,,4,4,1.000,1.000,0,1,.000,2,3,5,1,0,0,1,0,8,8.4,Erika Cassell,https://www.sports-reference.com/cbb/players/erika-cassell-1.html,north-carolina-state,2018-19
12,66,12,2018-12-21,NC State,@,Chattanooga,REG (Non-Conf),W 78-58,*,17,2,5,.400,0,0,,2,5,.400,.400,1,2,.500,0,5,5,1,1,0,2,4,5,1.5,Erika Cassell,https://www.sports-reference.com/cbb/players/erika-cassell-1.html,north-carolina-state,2018-19
13,67,13,2018-12-30,NC State,,Davidson,REG (Non-Conf),W 75-45,*,20,3,6,.500,0,0,,3,6,.500,.500,1,1,1.000,1,4,5,2,1,0,2,1,7,5.9,Erika Cassell,https://www.sports-reference.com/cbb/players/erika-cassell-1.html,north-carolina-state,2018-19
14,68,14,2019-01-03,NC State,,Duke,REG (Conf),W 63-51,*,21,5,8,.625,1,1,1.000,4,7,.571,.688,0,0,,4,4,8,1,1,0,1,1,11,11.7,Erika Cassell,https://www.sports-reference.com/cbb/players/erika-cassell-1.html,north-carolina-state,2018-19
15,69,15,2019-01-06,NC State,@,Boston College,REG (Conf),W 85-69,*,19,5,6,.833,0,0,,5,6,.833,.833,0,0,,2,1,3,2,0,1,1,1,10,10.2,Erika Cassell,https://www.sports-reference.com/cbb/players/erika-cassell-1.html,north-carolina-state,2018-19
16,70,16,2019-01-10,NC State,,Pittsburgh,REG (Conf),W 63-34,*,18,2,5,.400,0,1,.000,2,4,.500,.400,0,0,,1,3,4,0,0,1,1,1,4,2.2,Erika Cassell,https://www.sports-reference.com/cbb/players/erika-cassell-1.html,north-carolina-state,2018-19
17,71,17,2019-01-13,NC State,@,Virginia,REG (Conf),W 66-38,*,23,7,10,.700,0,0,,7,10,.700,.700,1,1,1.000,6,4,10,0,0,0,1,2,15,14.4,Erika Cassell,https://www.sports-reference.com/cbb/players/erika-cassell-1.html,north-carolina-state,2018-19
18,72,18,2019-01-20,NC State,,Virginia Tech,REG (Conf),W 70-61 (OT),*,27,4,10,.400,0,2,.000,4,8,.500,.400,0,0,,1,4,5,0,2,1,4,2,8,2.4,Erika Cassell,https://www.sports-reference.com/cbb/players/erika-cassell-1.html,north-carolina-state,2018-19
19,73,19,2019-01-24,NC State,,Clemson,REG (Conf),W 54-51,*,20,5,8,.625,0,0,,5,8,.625,.625,0,0,,2,3,5,1,0,1,2,0,10,8.1,Erika Cassell,https://www.sports-reference.com/cbb/players/erika-cassell-1.html,north-carolina-state,2018-19
20,74,20,2019-01-27,NC State,@,Georgia Tech,REG (Conf),W 68-60,*,21,3,5,.600,0,0,,3,5,.600,.600,3,4,.750,1,0,1,1,1,0,2,3,9,5.5,Erika Cassell,https://www.sports-reference.com/cbb/players/erika-cassell-1.html,north-carolina-state,2018-19
21,75,21,2019-01-31,NC State,@,Wake Forest,REG (Conf),W 59-50,*,16,1,4,.250,0,0,,1,4,.250,.250,2,4,.500,0,2,2,1,0,0,2,2,4,-0.7,Erika Cassell,https://www.sports-reference.com/cbb/players/erika-cassell-1.html,north-carolina-state,2018-19
22,76,22,2019-02-03,NC State,,North Carolina,REG (Conf),L 51-64,*,23,2,7,.286,1,3,.333,1,4,.250,.357,3,4,.750,4,8,12,0,0,0,2,4,8,5.1,Erika Cassell,https://www.sports-reference.com/cbb/players/erika-cassell-1.html,north-carolina-state,2018-19
23,77,23,2019-02-07,NC State,@,Florida State,REG (Conf),L 70-75,*,7,1,4,.250,0,0,,1,4,.250,.250,2,2,1.000,2,0,2,0,0,0,1,1,4,1.6,Erika Cassell,https://www.sports-reference.com/cbb/players/erika-cassell-1.html,north-carolina-state,2018-19
