ranker,player_game_num_career,team_game_num_season,date,team_name_abbr,game_location,opp_name_abbr,game_type,game_result,is_starter,mp,fg,fga,fg_pct,fg3,fg3a,fg3_pct,fg2,fg2a,fg2_pct,efg_pct,ft,fta,ft_pct,orb,drb,trb,ast,stl,blk,tov,pf,pts,game_score,player_name,player_sr_link,school,season
1,1,2,2018-11-11,NC State,,Kent State,REG (Non-Conf),W 78-61,,5,0,1,.000,0,0,,0,1,.000,.000,0,0,,1,1,2,0,0,0,1,0,0,-0.7,Esra McGoldrick,https://www.sports-reference.com/cbb/players/esra-mcgoldrick-1.html,north-carolina-state,2018-19
2,2,3,2018-11-15,NC State,,Vanderbilt,REG (Non-Conf),W 74-54,,2,0,0,,0,0,,0,0,,,0,0,,0,0,0,1,0,0,0,1,0,0.3,Esra McGoldrick,https://www.sports-reference.com/cbb/players/esra-mcgoldrick-1.html,north-carolina-state,2018-19
3,3,4,2018-11-18,NC State,,Radford,REG (Non-Conf),W 75-58,,2,0,0,,0,0,,0,0,,,0,0,,0,1,1,0,0,1,0,1,0,0.6,Esra McGoldrick,https://www.sports-reference.com/cbb/players/esra-mcgoldrick-1.html,north-carolina-state,2018-19
4,4,6,2018-11-23,NC State,,George Washington,REG (Non-Conf),W 69-61,,1,0,1,.000,0,0,,0,1,.000,.000,0,0,,0,0,0,0,0,0,0,0,0,-0.7,Esra McGoldrick,https://www.sports-reference.com/cbb/players/esra-mcgoldrick-1.html,north-carolina-state,2018-19
5,5,8,2018-12-02,NC State,,Old Dominion,REG (Non-Conf),W 85-56,,10,0,3,.000,0,2,.000,0,1,.000,.000,0,2,.000,1,2,3,1,0,0,1,2,0,-2.7,Esra McGoldrick,https://www.sports-reference.com/cbb/players/esra-mcgoldrick-1.html,north-carolina-state,2018-19
6,6,9,2018-12-05,NC State,,Hampton,REG (Non-Conf),W 83-51,,4,0,2,.000,0,1,.000,0,1,.000,.000,0,0,,0,0,0,0,0,0,0,0,0,-1.4,Esra McGoldrick,https://www.sports-reference.com/cbb/players/esra-mcgoldrick-1.html,north-carolina-state,2018-19
7,7,11,2018-12-15,NC State,,Maine,REG (Non-Conf),W 84-46,,10,2,5,.400,0,2,.000,2,3,.667,.400,0,0,,1,1,2,0,0,1,1,0,4,2.0,Esra McGoldrick,https://www.sports-reference.com/cbb/players/esra-mcgoldrick-1.html,north-carolina-state,2018-19
8,8,12,2018-12-21,NC State,@,Chattanooga,REG (Non-Conf),W 78-58,,4,1,1,1.000,0,0,,1,1,1.000,1.000,0,0,,0,0,0,1,0,0,0,0,2,2.4,Esra McGoldrick,https://www.sports-reference.com/cbb/players/esra-mcgoldrick-1.html,north-carolina-state,2018-19
9,9,13,2018-12-30,NC State,,Davidson,REG (Non-Conf),W 75-45,,7,0,2,.000,0,1,.000,0,1,.000,.000,0,0,,1,2,3,0,0,0,2,1,0,-2.5,Esra McGoldrick,https://www.sports-reference.com/cbb/players/esra-mcgoldrick-1.html,north-carolina-state,2018-19
10,10,15,2019-01-06,NC State,@,Boston College,REG (Conf),W 85-69,,3,0,0,,0,0,,0,0,,,0,0,,0,1,1,0,0,0,0,0,0,0.3,Esra McGoldrick,https://www.sports-reference.com/cbb/players/esra-mcgoldrick-1.html,north-carolina-state,2018-19
11,11,16,2019-01-10,NC State,,Pittsburgh,REG (Conf),W 63-34,,7,0,2,.000,0,1,.000,0,1,.000,.000,0,0,,1,1,2,0,0,0,0,1,0,-0.8,Esra McGoldrick,https://www.sports-reference.com/cbb/players/esra-mcgoldrick-1.html,north-carolina-state,2018-19
12,12,17,2019-01-13,NC State,@,Virginia,REG (Conf),W 66-38,,2,1,1,1.000,0,0,,1,1,1.000,1.000,0,0,,1,0,1,0,1,0,0,0,2,3.4,Esra McGoldrick,https://www.sports-reference.com/cbb/players/esra-mcgoldrick-1.html,north-carolina-state,2018-19
13,13,23,2019-02-07,NC State,@,Florida State,REG (Conf),L 70-75,,2,0,0,,0,0,,0,0,,,0,0,,0,0,0,0,0,0,1,0,0,-1.0,Esra McGoldrick,https://www.sports-reference.com/cbb/players/esra-mcgoldrick-1.html,north-carolina-state,2018-19
14,14,25,2019-02-18,NC State,,Notre Dame,REG (Conf),L 72-95,,2,1,1,1.000,1,1,1.000,0,0,,1.500,0,0,,0,1,1,0,0,0,0,0,3,3.0,Esra McGoldrick,https://www.sports-reference.com/cbb/players/esra-mcgoldrick-1.html,north-carolina-state,2018-19
15,15,26,2019-02-21,NC State,,Wake Forest,REG (Conf),W 80-46,,16,4,6,.667,2,4,.500,2,2,1.000,.833,0,0,,3,2,5,0,0,1,0,3,10,9.6,Esra McGoldrick,https://www.sports-reference.com/cbb/players/esra-mcgoldrick-1.html,north-carolina-state,2018-19
16,16,27,2019-02-24,NC State,@,North Carolina,REG (Conf),W 74-69,,9,0,1,.000,0,1,.000,0,0,,.000,0,0,,0,2,2,1,0,0,0,1,0,0.2,Esra McGoldrick,https://www.sports-reference.com/cbb/players/esra-mcgoldrick-1.html,north-carolina-state,2018-19
17,17,28,2019-02-28,NC State,@,Louisville,REG (Conf),L 62-92,,11,0,0,,0,0,,0,0,,,0,0,,1,0,1,0,0,0,0,0,0,0.7,Esra McGoldrick,https://www.sports-reference.com/cbb/players/esra-mcgoldrick-1.html,north-carolina-state,2018-19
18,18,31,2019-03-09,NC State,@,Louisville,CTOURN,L 68-78,,6,0,0,,0,0,,0,0,,,0,0,,0,1,1,0,0,0,0,0,0,0.3,Esra McGoldrick,https://www.sports-reference.com/cbb/players/esra-mcgoldrick-1.html,north-carolina-state,2018-19
19,19,32,2019-03-23,NC State,,Maine,ROUND-64,W 63-51,,1,0,1,.000,0,1,.000,0,0,,.000,0,0,,0,0,0,0,0,0,0,0,0,-0.7,Esra McGoldrick,https://www.sports-reference.com/cbb/players/esra-mcgoldrick-1.html,north-carolina-state,2018-19
20,20,33,2019-03-25,NC State,,Kentucky,ROUND-32,W 72-57,,1,0,0,,0,0,,0,0,,,0,0,,0,0,0,0,0,0,0,0,0,0.0,Esra McGoldrick,https://www.sports-reference.com/cbb/players/esra-mcgoldrick-1.html,north-carolina-state,2018-19
21,21,34,2019-03-30,NC State,N,Iowa,ROUND-16,L 61-79,,1,0,0,,0,0,,0,0,,,0,0,,0,0,0,0,0,0,0,0,0,0.0,Esra McGoldrick,https://www.sports-reference.com/cbb/players/esra-mcgoldrick-1.html,north-carolina-state,2018-19
