ranker,player_game_num_career,team_game_num_season,date,team_name_abbr,game_location,opp_name_abbr,game_type,game_result,is_starter,mp,fg,fga,fg_pct,fg3,fg3a,fg3_pct,fg2,fg2a,fg2_pct,efg_pct,ft,fta,ft_pct,orb,drb,trb,ast,stl,blk,tov,pf,pts,game_score,player_name,player_sr_link,school,season
1,16,1,2018-11-07,NC State,,Belmont,REG (Non-Conf),W 77-62,,17,4,7,.571,1,3,.333,3,4,.750,.643,0,0,,1,4,5,0,0,0,0,1,9,7.2,Kayla Jones,https://www.sports-reference.com/cbb/players/kayla-jones-1.html,north-carolina-state,2018-19
2,17,2,2018-11-11,NC State,,Kent State,REG (Non-Conf),W 78-61,,25,4,5,.800,0,1,.000,4,4,1.000,.800,0,1,.000,1,4,5,5,0,0,1,0,8,10.1,Kayla Jones,https://www.sports-reference.com/cbb/players/kayla-jones-1.html,north-carolina-state,2018-19
3,18,3,2018-11-15,NC State,,Vanderbilt,REG (Non-Conf),W 74-54,,24,3,6,.500,2,4,.500,1,2,.500,.667,0,0,,1,5,6,0,1,1,1,3,8,6.7,Kayla Jones,https://www.sports-reference.com/cbb/players/kayla-jones-1.html,north-carolina-state,2018-19
4,19,4,2018-11-18,NC State,,Radford,REG (Non-Conf),W 75-58,,15,0,1,.000,0,1,.000,0,0,,.000,0,0,,0,1,1,0,0,0,0,3,0,-1.6,Kayla Jones,https://www.sports-reference.com/cbb/players/kayla-jones-1.html,north-carolina-state,2018-19
5,20,5,2018-11-22,NC State,@,Michigan State,REG (Non-Conf),W 78-74,,24,3,6,.500,1,3,.333,2,3,.667,.583,0,0,,1,3,4,1,1,0,3,3,7,3.1,Kayla Jones,https://www.sports-reference.com/cbb/players/kayla-jones-1.html,north-carolina-state,2018-19
6,21,6,2018-11-23,NC State,,George Washington,REG (Non-Conf),W 69-61,,18,1,5,.200,0,2,.000,1,3,.333,.200,0,0,,1,4,5,1,0,0,1,1,2,0.1,Kayla Jones,https://www.sports-reference.com/cbb/players/kayla-jones-1.html,north-carolina-state,2018-19
7,22,7,2018-11-29,NC State,,Michigan,REG (Non-Conf),W 66-55,,25,2,7,.286,1,4,.250,1,3,.333,.357,0,2,.000,1,6,7,1,1,0,1,0,5,3.3,Kayla Jones,https://www.sports-reference.com/cbb/players/kayla-jones-1.html,north-carolina-state,2018-19
8,23,8,2018-12-02,NC State,,Old Dominion,REG (Non-Conf),W 85-56,,10,2,3,.667,1,2,.500,1,1,1.000,.833,0,0,,0,2,2,1,0,0,0,0,5,5.0,Kayla Jones,https://www.sports-reference.com/cbb/players/kayla-jones-1.html,north-carolina-state,2018-19
9,24,9,2018-12-05,NC State,,Hampton,REG (Non-Conf),W 83-51,,18,2,6,.333,0,1,.000,2,5,.400,.333,0,0,,3,2,5,4,0,0,0,2,4,5.3,Kayla Jones,https://www.sports-reference.com/cbb/players/kayla-jones-1.html,north-carolina-state,2018-19
10,25,10,2018-12-08,NC State,@,Georgetown,REG (Non-Conf),W 76-65,,2,0,0,,0,0,,0,0,,,0,0,,0,0,0,0,0,0,0,0,0,0.0,Kayla Jones,https://www.sports-reference.com/cbb/players/kayla-jones-1.html,north-carolina-state,2018-19
11,26,11,2018-12-15,NC State,,Maine,REG (Non-Conf),W 84-46,,24,6,10,.600,2,4,.500,4,6,.667,.700,0,0,,0,8,8,0,0,1,4,0,14,8.5,Kayla Jones,https://www.sports-reference.com/cbb/players/kayla-jones-1.html,north-carolina-state,2018-19
12,27,12,2018-12-21,NC State,@,Chattanooga,REG (Non-Conf),W 78-58,,17,3,8,.375,0,4,.000,3,4,.750,.375,0,0,,4,4,8,1,3,1,0,1,6,9.6,Kayla Jones,https://www.sports-reference.com/cbb/players/kayla-jones-1.html,north-carolina-state,2018-19
13,28,13,2018-12-30,NC State,,Davidson,REG (Non-Conf),W 75-45,,9,1,4,.250,0,2,.000,1,2,.500,.250,0,0,,0,2,2,1,0,0,1,2,2,-0.9,Kayla Jones,https://www.sports-reference.com/cbb/players/kayla-jones-1.html,north-carolina-state,2018-19
14,29,14,2019-01-03,NC State,,Duke,REG (Conf),W 63-51,,13,1,3,.333,0,1,.000,1,2,.500,.333,0,0,,1,3,4,1,0,1,1,1,2,1.9,Kayla Jones,https://www.sports-reference.com/cbb/players/kayla-jones-1.html,north-carolina-state,2018-19
15,30,15,2019-01-06,NC State,@,Boston College,REG (Conf),W 85-69,,13,0,1,.000,0,1,.000,0,0,,.000,0,0,,0,4,4,1,0,0,0,1,0,0.8,Kayla Jones,https://www.sports-reference.com/cbb/players/kayla-jones-1.html,north-carolina-state,2018-19
16,31,16,2019-01-10,NC State,,Pittsburgh,REG (Conf),W 63-34,,21,1,5,.200,1,4,.250,0,1,.000,.300,0,0,,2,7,9,2,0,3,1,2,3,5.1,Kayla Jones,https://www.sports-reference.com/cbb/players/kayla-jones-1.html,north-carolina-state,2018-19
17,32,17,2019-01-13,NC State,@,Virginia,REG (Conf),W 66-38,,24,0,6,.000,0,3,.000,0,3,.000,.000,0,0,,2,4,6,2,0,0,1,0,0,-1.2,Kayla Jones,https://www.sports-reference.com/cbb/players/kayla-jones-1.html,north-carolina-state,2018-19
18,33,18,2019-01-20,NC State,,Virginia Tech,REG (Conf),W 70-61 (OT),,11,0,1,.000,0,1,.000,0,0,,.000,0,0,,0,1,1,3,0,0,1,1,0,0.3,Kayla Jones,https://www.sports-reference.com/cbb/players/kayla-jones-1.html,north-carolina-state,2018-19
19,34,19,2019-01-24,NC State,,Clemson,REG (Conf),W 54-51,,23,2,6,.333,1,3,.333,1,3,.333,.417,0,2,.000,3,6,9,1,2,0,0,1,5,7.0,Kayla Jones,https://www.sports-reference.com/cbb/players/kayla-jones-1.html,north-carolina-state,2018-19
20,35,20,2019-01-27,NC State,@,Georgia Tech,REG (Conf),W 68-60,,15,1,2,.500,1,2,.500,0,0,,.750,0,0,,0,4,4,1,0,0,2,0,3,1.9,Kayla Jones,https://www.sports-reference.com/cbb/players/kayla-jones-1.html,north-carolina-state,2018-19
21,36,21,2019-01-31,NC State,@,Wake Forest,REG (Conf),W 59-50,,20,2,4,.500,0,2,.000,2,2,1.000,.500,0,0,,2,6,8,1,0,0,0,2,4,5.1,Kayla Jones,https://www.sports-reference.com/cbb/players/kayla-jones-1.html,north-carolina-state,2018-19
22,37,22,2019-02-03,NC State,,North Carolina,REG (Conf),L 51-64,,14,1,2,.500,0,0,,1,2,.500,.500,0,0,,0,2,2,1,0,1,2,4,2,-0.6,Kayla Jones,https://www.sports-reference.com/cbb/players/kayla-jones-1.html,north-carolina-state,2018-19
23,38,23,2019-02-07,NC State,@,Florida State,REG (Conf),L 70-75,,7,0,1,.000,0,0,,0,1,.000,.000,0,0,,1,1,2,0,0,0,1,1,0,-1.1,Kayla Jones,https://www.sports-reference.com/cbb/players/kayla-jones-1.html,north-carolina-state,2018-19
24,39,24,2019-02-13,NC State,@,Syracuse,REG (Conf),W 77-73,,27,0,5,.000,0,2,.000,0,3,.000,.000,0,0,,0,7,7,1,0,0,0,1,0,-1.1,Kayla Jones,https://www.sports-reference.com/cbb/players/kayla-jones-1.html,north-carolina-state,2018-19
25,40,25,2019-02-18,NC State,,Notre Dame,REG (Conf),L 72-95,,21,2,5,.400,0,3,.000,2,2,1.000,.400,0,0,,1,3,4,1,0,0,1,2,4,1.8,Kayla Jones,https://www.sports-reference.com/cbb/players/kayla-jones-1.html,north-carolina-state,2018-19
26,41,26,2019-02-21,NC State,,Wake Forest,REG (Conf),W 80-46,,22,4,5,.800,1,2,.500,3,3,1.000,.900,5,5,1.000,2,6,8,4,0,0,1,1,14,16.7,Kayla Jones,https://www.sports-reference.com/cbb/players/kayla-jones-1.html,north-carolina-state,2018-19
27,42,27,2019-02-24,NC State,@,North Carolina,REG (Conf),W 74-69,,19,3,6,.500,2,2,1.000,1,4,.250,.667,6,6,1.000,1,3,4,1,0,0,1,0,14,12.3,Kayla Jones,https://www.sports-reference.com/cbb/players/kayla-jones-1.html,north-carolina-state,2018-19
28,43,28,2019-02-28,NC State,@,Louisville,REG (Conf),L 62-92,,25,6,12,.500,3,4,.750,3,8,.375,.625,0,0,,1,4,5,1,0,0,2,0,15,9.6,Kayla Jones,https://www.sports-reference.com/cbb/players/kayla-jones-1.html,north-carolina-state,2018-19
29,44,29,2019-03-03,NC State,,Miami (FL),REG (Conf),W 70-68,,22,4,10,.400,1,7,.143,3,3,1.000,.450,0,0,,0,3,3,2,0,0,0,0,9,5.9,Kayla Jones,https://www.sports-reference.com/cbb/players/kayla-jones-1.html,north-carolina-state,2018-19
30,45,30,2019-03-08,NC State,,Florida State,CTOURN,W 69-62,,13,1,4,.250,1,2,.500,0,2,.000,.375,0,0,,1,0,1,0,0,0,0,2,3,0.5,Kayla Jones,https://www.sports-reference.com/cbb/players/kayla-jones-1.html,north-carolina-state,2018-19
31,46,31,2019-03-09,NC State,@,Louisville,CTOURN,L 68-78,,14,1,4,.250,0,2,.000,1,2,.500,.250,0,0,,0,2,2,0,0,0,4,2,2,-4.6,Kayla Jones,https://www.sports-reference.com/cbb/players/kayla-jones-1.html,north-carolina-state,2018-19
32,47,32,2019-03-23,NC State,,Maine,ROUND-64,W 63-51,,20,0,2,.000,0,2,.000,0,0,,.000,2,2,1.000,1,5,6,0,0,0,0,0,2,2.8,Kayla Jones,https://www.sports-reference.com/cbb/players/kayla-jones-1.html,north-carolina-state,2018-19
33,48,33,2019-03-25,NC State,,Kentucky,ROUND-32,W 72-57,,12,1,1,1.000,1,1,1.000,0,0,,1.500,0,0,,1,0,1,0,0,0,0,0,3,3.4,Kayla Jones,https://www.sports-reference.com/cbb/players/kayla-jones-1.html,north-carolina-state,2018-19
34,49,34,2019-03-30,NC State,N,Iowa,ROUND-16,L 61-79,,13,2,7,.286,0,4,.000,2,3,.667,.286,2,2,1.000,1,2,3,0,0,0,2,1,6,0.8,Kayla Jones,https://www.sports-reference.com/cbb/players/kayla-jones-1.html,north-carolina-state,2018-19
