ranker,player_game_num_career,team_game_num_season,date,team_name_abbr,game_location,opp_name_abbr,game_type,game_result,is_starter,mp,fg,fga,fg_pct,fg3,fg3a,fg3_pct,fg2,fg2a,fg2_pct,efg_pct,ft,fta,ft_pct,orb,drb,trb,ast,stl,blk,tov,pf,pts,game_score,player_name,player_sr_link,school,season
1,1,1,2022-11-07,Louisiana–Monroe,,La. Christian,REG (Non-Conf),W 88-58,,7,1,1,1.000,1,1,1.000,0,0,,1.500,0,0,,0,0,0,3,1,0,2,2,3,3.0,Jada Anderson,https://www.sports-reference.com/cbb/players/jada-anderson-1.html,louisiana-monroe,2022-23
2,2,2,2022-11-13,Louisiana–Monroe,,Louisiana Tech,REG (Non-Conf),L 53-68,,1,0,0,,0,0,,0,0,,,0,0,,0,0,0,0,1,0,0,0,0,1.0,Jada Anderson,https://www.sports-reference.com/cbb/players/jada-anderson-1.html,louisiana-monroe,2022-23
3,3,3,2022-11-15,Louisiana–Monroe,,Centenary (LA),REG (Non-Conf),W 103-28,,12,1,4,.250,0,0,,1,4,.250,.250,0,0,,0,0,0,3,2,0,0,3,2,2.5,Jada Anderson,https://www.sports-reference.com/cbb/players/jada-anderson-1.html,louisiana-monroe,2022-23
4,4,4,2022-11-19,Louisiana–Monroe,,Central Arkansas,REG (Non-Conf),L 53-60,,4,0,1,.000,0,0,,0,1,.000,.000,4,4,1.000,0,0,0,0,0,0,2,1,4,0.9,Jada Anderson,https://www.sports-reference.com/cbb/players/jada-anderson-1.html,louisiana-monroe,2022-23
5,5,6,2022-11-29,Louisiana–Monroe,@,Mississippi State,REG (Non-Conf),L 39-94,,7,0,0,,0,0,,0,0,,,0,0,,0,0,0,1,0,0,3,1,0,-2.7,Jada Anderson,https://www.sports-reference.com/cbb/players/jada-anderson-1.html,louisiana-monroe,2022-23
6,6,7,2022-12-03,Louisiana–Monroe,,Champion Christian,REG (Non-Conf),W 85-54,,5,0,1,.000,0,1,.000,0,0,,.000,0,0,,1,0,1,1,0,0,1,0,0,-0.3,Jada Anderson,https://www.sports-reference.com/cbb/players/jada-anderson-1.html,louisiana-monroe,2022-23
7,7,11,2022-12-19,Louisiana–Monroe,,Alcorn State,REG (Non-Conf),W 69-65,,3,1,2,.500,0,0,,1,2,.500,.500,0,2,.000,0,0,0,2,0,0,1,1,2,0.2,Jada Anderson,https://www.sports-reference.com/cbb/players/jada-anderson-1.html,louisiana-monroe,2022-23
8,8,19,2023-01-21,Louisiana–Monroe,,Georgia Southern,REG (Conf),L 72-86,,1,1,1,1.000,0,0,,1,1,1.000,1.000,0,0,,0,0,0,0,0,0,1,0,2,0.7,Jada Anderson,https://www.sports-reference.com/cbb/players/jada-anderson-1.html,louisiana-monroe,2022-23
9,9,25,2023-02-11,Louisiana–Monroe,,Troy,REG (Conf),L 82-108,,4,1,2,.500,0,1,.000,1,1,1.000,.500,3,4,.750,1,0,1,1,1,0,0,1,5,5.6,Jada Anderson,https://www.sports-reference.com/cbb/players/jada-anderson-1.html,louisiana-monroe,2022-23
