ranker,player_game_num_career,team_game_num_season,date,team_name_abbr,game_location,opp_name_abbr,game_type,game_result,is_starter,mp,fg,fga,fg_pct,fg3,fg3a,fg3_pct,fg2,fg2a,fg2_pct,efg_pct,ft,fta,ft_pct,orb,drb,trb,ast,stl,blk,tov,pf,pts,game_score,player_name,player_sr_link,school,season
1,10,1,2022-11-07,Seton Hall,,Saint Peter's,REG (Non-Conf),W 73-39,,12,0,4,.000,0,3,.000,0,1,.000,.000,2,2,1.000,1,2,3,0,0,0,2,0,2,-1.5,Allie Palmieri,https://www.sports-reference.com/cbb/players/allie-palmieri-1.html,seton-hall,2022-23
2,11,2,2022-11-11,Seton Hall,@,Rutgers,REG (Non-Conf),W 75-57,,2,0,1,.000,0,1,.000,0,0,,.000,0,0,,0,0,0,0,0,0,0,1,0,-1.1,Allie Palmieri,https://www.sports-reference.com/cbb/players/allie-palmieri-1.html,seton-hall,2022-23
3,12,5,2022-11-24,Seton Hall,N,VCU,REG (Non-Conf),L 61-62,,3,0,1,.000,0,1,.000,0,0,,.000,0,0,,0,0,0,0,0,0,0,0,0,-0.7,Allie Palmieri,https://www.sports-reference.com/cbb/players/allie-palmieri-1.html,seton-hall,2022-23
4,13,8,2022-12-02,Seton Hall,@,Xavier,REG (Conf),W 74-55,,1,0,0,,0,0,,0,0,,,0,0,,0,0,0,0,0,0,0,0,0,0.0,Allie Palmieri,https://www.sports-reference.com/cbb/players/allie-palmieri-1.html,seton-hall,2022-23
5,14,10,2022-12-09,Seton Hall,,Rider,REG (Non-Conf),W 78-40,,11,1,3,.333,1,2,.500,0,1,.000,.500,0,0,,0,3,3,0,1,0,1,0,3,2.2,Allie Palmieri,https://www.sports-reference.com/cbb/players/allie-palmieri-1.html,seton-hall,2022-23
6,15,12,2022-12-17,Seton Hall,@,Fordham,REG (Non-Conf),W 78-72,,6,0,1,.000,0,1,.000,0,0,,.000,0,0,,0,0,0,1,0,0,0,0,0,0.0,Allie Palmieri,https://www.sports-reference.com/cbb/players/allie-palmieri-1.html,seton-hall,2022-23
7,16,19,2023-01-17,Seton Hall,,Connecticut,REG (Conf),L 58-103,,3,0,1,.000,0,1,.000,0,0,,.000,0,0,,0,0,0,0,0,0,0,0,0,-0.7,Allie Palmieri,https://www.sports-reference.com/cbb/players/allie-palmieri-1.html,seton-hall,2022-23
