ranker,player_game_num_career,team_game_num_season,date,team_name_abbr,game_location,opp_name_abbr,game_type,game_result,is_starter,mp,fg,fga,fg_pct,fg3,fg3a,fg3_pct,fg2,fg2a,fg2_pct,efg_pct,ft,fta,ft_pct,orb,drb,trb,ast,stl,blk,tov,pf,pts,game_score,player_name,player_sr_link,school,season
1,48,1,2022-11-07,Utah Valley,,Park (AZ),REG (Non-Conf),W 59-54,*,31,2,8,.250,0,4,.000,2,4,.500,.250,0,0,,0,4,4,5,3,0,3,2,4,3.1,Kayla Anderson,https://www.sports-reference.com/cbb/players/kayla-anderson-2.html,utah-valley,2022-23
2,49,2,2022-11-11,Utah Valley,@,Utah,REG (Non-Conf),L 27-97,*,19,1,2,.500,0,1,.000,1,1,1.000,.500,0,0,,0,2,2,0,1,0,3,5,2,-2.4,Kayla Anderson,https://www.sports-reference.com/cbb/players/kayla-anderson-2.html,utah-valley,2022-23
3,50,3,2022-11-16,Utah Valley,@,UNLV,REG (Non-Conf),L 38-82,*,25,4,8,.500,0,1,.000,4,7,.571,.500,1,1,1.000,0,1,1,1,1,0,2,1,9,4.6,Kayla Anderson,https://www.sports-reference.com/cbb/players/kayla-anderson-2.html,utah-valley,2022-23
4,51,29,2023-03-02,Utah Valley,,Utah Tech,REG (Conf),L 59-71,*,0,0,0,,0,0,,0,0,,,0,0,,0,0,0,0,0,0,0,0,0,0.0,Kayla Anderson,https://www.sports-reference.com/cbb/players/kayla-anderson-2.html,utah-valley,2022-23
