ranker,player_game_num_career,team_game_num_season,date,team_name_abbr,game_location,opp_name_abbr,game_type,game_result,is_starter,mp,fg,fga,fg_pct,fg3,fg3a,fg3_pct,fg2,fg2a,fg2_pct,efg_pct,ft,fta,ft_pct,orb,drb,trb,ast,stl,blk,tov,pf,pts,game_score,player_name,player_sr_link,school,season
1,89,1,2019-11-06,NC State,,North Carolina A&T,REG (Non-Conf),W 80-44,*,26,1,8,.125,1,7,.143,0,1,.000,.188,0,0,,0,2,2,3,1,0,3,0,3,-1.5,Aislinn Konig,https://www.sports-reference.com/cbb/players/aislinn-konig-1.html,north-carolina-state,2019-20
2,90,2,2019-11-10,NC State,,UNC Wilmington,REG (Non-Conf),W 80-40,*,27,3,10,.300,1,7,.143,2,3,.667,.350,2,2,1.000,1,2,3,1,3,0,3,0,9,5.2,Aislinn Konig,https://www.sports-reference.com/cbb/players/aislinn-konig-1.html,north-carolina-state,2019-20
3,91,3,2019-11-14,NC State,,Lamar,REG (Non-Conf),W 81-40,*,27,1,8,.125,0,6,.000,1,2,.500,.125,2,2,1.000,0,1,1,6,1,0,1,1,4,2.9,Aislinn Konig,https://www.sports-reference.com/cbb/players/aislinn-konig-1.html,north-carolina-state,2019-20
4,92,4,2019-11-19,NC State,,Maine,REG (Non-Conf),W 62-34,*,26,3,6,.500,3,5,.600,0,1,.000,.750,0,0,,0,1,1,2,0,0,1,0,9,6.7,Aislinn Konig,https://www.sports-reference.com/cbb/players/aislinn-konig-1.html,north-carolina-state,2019-20
5,93,5,2019-11-24,NC State,@,St. Mary's (CA),REG (Non-Conf),W 87-70,*,27,1,8,.125,1,5,.200,0,3,.000,.188,2,2,1.000,0,6,6,3,1,0,2,2,5,1.9,Aislinn Konig,https://www.sports-reference.com/cbb/players/aislinn-konig-1.html,north-carolina-state,2019-20
6,94,6,2019-11-29,NC State,@,Texas,REG (Non-Conf),W 84-73,*,38,9,13,.692,4,6,.667,5,7,.714,.846,3,4,.750,0,2,2,5,3,0,4,3,25,21.0,Aislinn Konig,https://www.sports-reference.com/cbb/players/aislinn-konig-1.html,north-carolina-state,2019-20
7,95,7,2019-11-30,NC State,@,Hawaii,REG (Non-Conf),W 68-59,*,39,8,15,.533,4,10,.400,4,5,.800,.667,2,4,.500,1,2,3,6,1,0,3,3,22,16.2,Aislinn Konig,https://www.sports-reference.com/cbb/players/aislinn-konig-1.html,north-carolina-state,2019-20
8,96,8,2019-12-01,NC State,,North Texas,REG (Non-Conf),W 76-65,*,28,2,10,.200,2,8,.250,0,2,.000,.300,0,0,,0,3,3,3,1,0,1,0,6,2.8,Aislinn Konig,https://www.sports-reference.com/cbb/players/aislinn-konig-1.html,north-carolina-state,2019-20
9,97,9,2019-12-05,NC State,,Maryland,REG (Non-Conf),W 66-59,*,35,3,9,.333,1,5,.200,2,4,.500,.389,0,1,.000,0,2,2,6,1,0,6,0,7,1.3,Aislinn Konig,https://www.sports-reference.com/cbb/players/aislinn-konig-1.html,north-carolina-state,2019-20
10,98,10,2019-12-15,NC State,,Elon,REG (Non-Conf),W 62-49,*,29,3,12,.250,3,10,.300,0,2,.000,.375,1,2,.500,1,4,5,2,1,1,4,2,10,2.6,Aislinn Konig,https://www.sports-reference.com/cbb/players/aislinn-konig-1.html,north-carolina-state,2019-20
11,99,11,2019-12-19,NC State,,Chattanooga,REG (Non-Conf),W 74-38,*,17,2,8,.250,2,7,.286,0,1,.000,.375,0,0,,0,3,3,3,0,0,1,0,6,3.2,Aislinn Konig,https://www.sports-reference.com/cbb/players/aislinn-konig-1.html,north-carolina-state,2019-20
12,100,12,2019-12-29,NC State,@,Boston College,REG (Conf),W 72-54,*,36,4,12,.333,3,8,.375,1,4,.250,.458,0,0,,0,2,2,2,0,0,0,0,11,6.2,Aislinn Konig,https://www.sports-reference.com/cbb/players/aislinn-konig-1.html,north-carolina-state,2019-20
13,101,13,2020-01-02,NC State,,Virginia Tech,REG (Conf),W 76-69,*,40,7,12,.583,4,7,.571,3,5,.600,.750,0,0,,1,3,4,3,3,0,1,1,18,17.7,Aislinn Konig,https://www.sports-reference.com/cbb/players/aislinn-konig-1.html,north-carolina-state,2019-20
14,102,14,2020-01-05,NC State,,Virginia,REG (Conf),W 80-60,*,32,3,9,.333,3,9,.333,0,0,,.500,0,0,,0,1,1,5,0,0,0,0,9,7.7,Aislinn Konig,https://www.sports-reference.com/cbb/players/aislinn-konig-1.html,north-carolina-state,2019-20
15,103,15,2020-01-09,NC State,@,North Carolina,REG (Conf),L 60-66,*,37,8,11,.727,6,9,.667,2,2,1.000,1.000,2,2,1.000,0,4,4,2,1,0,2,1,24,20.7,Aislinn Konig,https://www.sports-reference.com/cbb/players/aislinn-konig-1.html,north-carolina-state,2019-20
16,104,16,2020-01-12,NC State,@,Notre Dame,REG (Conf),W 90-56,*,30,2,8,.250,1,7,.143,1,1,1.000,.313,0,0,,0,5,5,5,0,0,5,1,5,-0.2,Aislinn Konig,https://www.sports-reference.com/cbb/players/aislinn-konig-1.html,north-carolina-state,2019-20
17,105,17,2020-01-16,NC State,,Florida State,REG (Conf),W 68-51,*,38,4,9,.444,2,6,.333,2,3,.667,.556,0,0,,0,4,4,6,1,0,2,1,10,9.3,Aislinn Konig,https://www.sports-reference.com/cbb/players/aislinn-konig-1.html,north-carolina-state,2019-20
18,106,18,2020-01-19,NC State,,Wake Forest,REG (Conf),W 59-45,*,38,3,8,.375,2,5,.400,1,3,.333,.500,0,0,,1,3,4,5,0,0,1,1,8,7.3,Aislinn Konig,https://www.sports-reference.com/cbb/players/aislinn-konig-1.html,north-carolina-state,2019-20
19,107,19,2020-01-23,NC State,@,Pittsburgh,REG (Conf),W 88-44,*,23,3,4,.750,3,4,.750,0,0,,1.125,0,0,,0,2,2,4,0,0,0,1,9,10.4,Aislinn Konig,https://www.sports-reference.com/cbb/players/aislinn-konig-1.html,north-carolina-state,2019-20
20,108,20,2020-01-26,NC State,,North Carolina,REG (Conf),W 76-68,*,37,6,13,.462,4,7,.571,2,6,.333,.615,0,0,,0,2,2,4,2,2,1,2,16,14.3,Aislinn Konig,https://www.sports-reference.com/cbb/players/aislinn-konig-1.html,north-carolina-state,2019-20
21,109,21,2020-01-30,NC State,@,Clemson,REG (Conf),W 79-60,*,35,8,17,.471,7,14,.500,1,3,.333,.676,0,0,,0,2,2,1,2,3,2,0,23,17.7,Aislinn Konig,https://www.sports-reference.com/cbb/players/aislinn-konig-1.html,north-carolina-state,2019-20
22,110,22,2020-02-02,NC State,@,Duke,REG (Conf),W 63-60,*,38,2,7,.286,2,6,.333,0,1,.000,.429,0,0,,0,3,3,4,0,0,2,1,6,3.2,Aislinn Konig,https://www.sports-reference.com/cbb/players/aislinn-konig-1.html,north-carolina-state,2019-20
23,111,23,2020-02-06,NC State,@,Virginia Tech,REG (Conf),W 71-59,*,38,2,8,.250,2,6,.333,0,2,.000,.375,5,7,.714,0,4,4,2,0,0,3,1,11,4.6,Aislinn Konig,https://www.sports-reference.com/cbb/players/aislinn-konig-1.html,north-carolina-state,2019-20
24,112,24,2020-02-13,NC State,,Louisville,REG (Conf),L 59-66,*,37,2,9,.222,0,6,.000,2,3,.667,.222,0,0,,0,2,2,5,0,0,3,0,4,-0.4,Aislinn Konig,https://www.sports-reference.com/cbb/players/aislinn-konig-1.html,north-carolina-state,2019-20
25,113,25,2020-02-16,NC State,,Georgia Tech,REG (Conf),L 61-65,*,40,0,3,.000,0,1,.000,0,2,.000,.000,0,0,,0,3,3,5,1,1,2,0,0,2.0,Aislinn Konig,https://www.sports-reference.com/cbb/players/aislinn-konig-1.html,north-carolina-state,2019-20
26,114,26,2020-02-20,NC State,@,Miami (FL),REG (Conf),W 50-48,*,38,3,8,.375,0,4,.000,3,4,.750,.375,1,2,.500,2,2,4,3,2,0,1,0,7,7.3,Aislinn Konig,https://www.sports-reference.com/cbb/players/aislinn-konig-1.html,north-carolina-state,2019-20
27,115,27,2020-02-24,NC State,,Duke,REG (Conf),L 65-70,*,38,3,11,.273,2,9,.222,1,2,.500,.364,0,1,.000,0,2,2,7,1,0,0,1,8,7.2,Aislinn Konig,https://www.sports-reference.com/cbb/players/aislinn-konig-1.html,north-carolina-state,2019-20
28,116,28,2020-02-27,NC State,,Syracuse,REG (Conf),W 69-60,*,36,5,13,.385,3,9,.333,2,4,.500,.500,0,0,,0,0,0,5,0,2,3,1,13,7.4,Aislinn Konig,https://www.sports-reference.com/cbb/players/aislinn-konig-1.html,north-carolina-state,2019-20
29,117,29,2020-03-01,NC State,@,Virginia,REG (Conf),W 75-64,*,29,5,8,.625,4,6,.667,1,2,.500,.875,0,0,,0,5,5,0,1,0,2,1,14,10.5,Aislinn Konig,https://www.sports-reference.com/cbb/players/aislinn-konig-1.html,north-carolina-state,2019-20
30,118,30,2020-03-06,NC State,,Georgia Tech,CTOURN,W 57-48,*,39,5,12,.417,2,6,.333,3,6,.500,.500,4,4,1.000,0,1,1,3,0,0,3,0,16,9.0,Aislinn Konig,https://www.sports-reference.com/cbb/players/aislinn-konig-1.html,north-carolina-state,2019-20
31,119,31,2020-03-07,NC State,,Boston College,CTOURN,W 82-75,*,30,6,14,.429,4,10,.400,2,4,.500,.571,0,0,,0,1,1,2,0,0,4,0,16,6.3,Aislinn Konig,https://www.sports-reference.com/cbb/players/aislinn-konig-1.html,north-carolina-state,2019-20
32,120,32,2020-03-08,NC State,,Florida State,CTOURN,W 71-66,*,36,6,13,.462,4,9,.444,2,4,.500,.615,2,2,1.000,0,1,1,0,0,0,3,2,18,7.8,Aislinn Konig,https://www.sports-reference.com/cbb/players/aislinn-konig-1.html,north-carolina-state,2019-20
