ranker,player_game_num_career,team_game_num_season,date,team_name_abbr,game_location,opp_name_abbr,game_type,game_result,is_starter,mp,fg,fga,fg_pct,fg3,fg3a,fg3_pct,fg2,fg2a,fg2_pct,efg_pct,ft,fta,ft_pct,orb,drb,trb,ast,stl,blk,tov,pf,pts,game_score,player_name,player_sr_link,school,season
1,1,1,2019-11-06,NC State,,North Carolina A&T,REG (Non-Conf),W 80-44,,12,1,2,.500,0,0,,1,2,.500,.500,0,0,,0,0,0,0,0,0,1,3,2,-1.2,Camille Hobby,https://www.sports-reference.com/cbb/players/camille-hobby-1.html,north-carolina-state,2019-20
2,2,2,2019-11-10,NC State,,UNC Wilmington,REG (Non-Conf),W 80-40,,7,0,4,.000,0,1,.000,0,3,.000,.000,2,2,1.000,0,2,2,0,0,0,0,1,2,-0.6,Camille Hobby,https://www.sports-reference.com/cbb/players/camille-hobby-1.html,north-carolina-state,2019-20
3,3,3,2019-11-14,NC State,,Lamar,REG (Non-Conf),W 81-40,,5,0,1,.000,0,0,,0,1,.000,.000,3,4,.750,1,1,2,0,0,0,0,0,3,2.9,Camille Hobby,https://www.sports-reference.com/cbb/players/camille-hobby-1.html,north-carolina-state,2019-20
4,4,4,2019-11-19,NC State,,Maine,REG (Non-Conf),W 62-34,,8,2,5,.400,0,0,,2,5,.400,.400,2,2,1.000,0,1,1,1,0,0,0,0,6,4.3,Camille Hobby,https://www.sports-reference.com/cbb/players/camille-hobby-1.html,north-carolina-state,2019-20
5,5,5,2019-11-24,NC State,@,St. Mary's (CA),REG (Non-Conf),W 87-70,,1,0,0,,0,0,,0,0,,,0,0,,0,0,0,0,0,0,0,1,0,-0.4,Camille Hobby,https://www.sports-reference.com/cbb/players/camille-hobby-1.html,north-carolina-state,2019-20
6,6,6,2019-11-29,NC State,@,Texas,REG (Non-Conf),W 84-73,,1,1,1,1.000,0,0,,1,1,1.000,1.000,0,0,,0,0,0,0,0,0,0,0,2,1.7,Camille Hobby,https://www.sports-reference.com/cbb/players/camille-hobby-1.html,north-carolina-state,2019-20
7,7,8,2019-12-01,NC State,,North Texas,REG (Non-Conf),W 76-65,,5,1,4,.250,0,0,,1,4,.250,.250,1,2,.500,2,2,4,0,0,0,0,1,3,1.8,Camille Hobby,https://www.sports-reference.com/cbb/players/camille-hobby-1.html,north-carolina-state,2019-20
8,8,11,2019-12-19,NC State,,Chattanooga,REG (Non-Conf),W 74-38,,10,1,2,.500,0,1,.000,1,1,1.000,.500,1,2,.500,2,1,3,1,1,1,1,1,3,4.3,Camille Hobby,https://www.sports-reference.com/cbb/players/camille-hobby-1.html,north-carolina-state,2019-20
9,9,12,2019-12-29,NC State,@,Boston College,REG (Conf),W 72-54,,2,1,1,1.000,0,0,,1,1,1.000,1.000,0,0,,0,0,0,0,0,0,0,0,2,1.7,Camille Hobby,https://www.sports-reference.com/cbb/players/camille-hobby-1.html,north-carolina-state,2019-20
10,10,14,2020-01-05,NC State,,Virginia,REG (Conf),W 80-60,,7,0,1,.000,0,0,,0,1,.000,.000,0,0,,0,0,0,0,1,1,1,1,0,-0.4,Camille Hobby,https://www.sports-reference.com/cbb/players/camille-hobby-1.html,north-carolina-state,2019-20
11,11,16,2020-01-12,NC State,@,Notre Dame,REG (Conf),W 90-56,,7,2,3,.667,0,1,.000,2,2,1.000,.667,0,0,,1,0,1,1,1,0,1,0,4,4.1,Camille Hobby,https://www.sports-reference.com/cbb/players/camille-hobby-1.html,north-carolina-state,2019-20
12,12,18,2020-01-19,NC State,,Wake Forest,REG (Conf),W 59-45,,6,1,1,1.000,0,0,,1,1,1.000,1.000,0,0,,0,0,0,1,0,2,0,2,2,3.0,Camille Hobby,https://www.sports-reference.com/cbb/players/camille-hobby-1.html,north-carolina-state,2019-20
13,13,19,2020-01-23,NC State,@,Pittsburgh,REG (Conf),W 88-44,,11,2,4,.500,1,1,1.000,1,3,.333,.625,0,0,,1,1,2,2,0,0,0,3,5,4.2,Camille Hobby,https://www.sports-reference.com/cbb/players/camille-hobby-1.html,north-carolina-state,2019-20
14,14,21,2020-01-30,NC State,@,Clemson,REG (Conf),W 79-60,,6,2,3,.667,0,1,.000,2,2,1.000,.667,0,0,,0,2,2,0,0,0,0,1,4,2.9,Camille Hobby,https://www.sports-reference.com/cbb/players/camille-hobby-1.html,north-carolina-state,2019-20
15,15,25,2020-02-16,NC State,,Georgia Tech,REG (Conf),L 61-65,,6,1,3,.333,0,0,,1,3,.333,.333,0,0,,0,1,1,0,0,0,0,1,2,0.2,Camille Hobby,https://www.sports-reference.com/cbb/players/camille-hobby-1.html,north-carolina-state,2019-20
16,16,26,2020-02-20,NC State,@,Miami (FL),REG (Conf),W 50-48,,8,0,2,.000,0,1,.000,0,1,.000,.000,0,0,,0,1,1,0,0,0,1,1,0,-2.5,Camille Hobby,https://www.sports-reference.com/cbb/players/camille-hobby-1.html,north-carolina-state,2019-20
17,17,27,2020-02-24,NC State,,Duke,REG (Conf),L 65-70,,3,0,1,.000,0,0,,0,1,.000,.000,0,0,,1,0,1,0,0,0,0,0,0,0.0,Camille Hobby,https://www.sports-reference.com/cbb/players/camille-hobby-1.html,north-carolina-state,2019-20
18,18,28,2020-02-27,NC State,,Syracuse,REG (Conf),W 69-60,,5,0,1,.000,0,0,,0,1,.000,.000,0,0,,0,0,0,0,0,0,0,0,0,-0.7,Camille Hobby,https://www.sports-reference.com/cbb/players/camille-hobby-1.html,north-carolina-state,2019-20
19,19,30,2020-03-06,NC State,,Georgia Tech,CTOURN,W 57-48,,11,2,4,.500,0,1,.000,2,3,.667,.500,0,0,,0,3,3,0,0,0,0,0,4,2.9,Camille Hobby,https://www.sports-reference.com/cbb/players/camille-hobby-1.html,north-carolina-state,2019-20
20,20,31,2020-03-07,NC State,,Boston College,CTOURN,W 82-75,,5,0,2,.000,0,0,,0,2,.000,.000,0,0,,0,0,0,1,0,0,0,1,0,-1.1,Camille Hobby,https://www.sports-reference.com/cbb/players/camille-hobby-1.html,north-carolina-state,2019-20
