ranker,player_game_num_career,team_game_num_season,date,team_name_abbr,game_location,opp_name_abbr,game_type,game_result,is_starter,mp,fg,fga,fg_pct,fg3,fg3a,fg3_pct,fg2,fg2a,fg2_pct,efg_pct,ft,fta,ft_pct,orb,drb,trb,ast,stl,blk,tov,pf,pts,game_score,player_name,player_sr_link,school,season
1,78,1,2019-11-06,NC State,,North Carolina A&T,REG (Non-Conf),W 80-44,,12,2,5,.400,0,2,.000,2,3,.667,.400,2,4,.500,2,7,9,1,2,1,0,2,6,8.6,Erika Cassell,https://www.sports-reference.com/cbb/players/erika-cassell-1.html,north-carolina-state,2019-20
2,79,2,2019-11-10,NC State,,UNC Wilmington,REG (Non-Conf),W 80-40,,10,2,5,.400,1,2,.500,1,3,.333,.500,0,0,,1,2,3,1,0,1,0,0,5,5.0,Erika Cassell,https://www.sports-reference.com/cbb/players/erika-cassell-1.html,north-carolina-state,2019-20
3,80,3,2019-11-14,NC State,,Lamar,REG (Non-Conf),W 81-40,,12,0,1,.000,0,0,,0,1,.000,.000,1,2,.500,1,4,5,0,0,1,2,3,1,-0.7,Erika Cassell,https://www.sports-reference.com/cbb/players/erika-cassell-1.html,north-carolina-state,2019-20
4,81,4,2019-11-19,NC State,,Maine,REG (Non-Conf),W 62-34,,12,1,5,.200,0,0,,1,5,.200,.200,4,4,1.000,2,2,4,0,0,0,0,0,6,4.9,Erika Cassell,https://www.sports-reference.com/cbb/players/erika-cassell-1.html,north-carolina-state,2019-20
5,82,5,2019-11-24,NC State,@,St. Mary's (CA),REG (Non-Conf),W 87-70,,6,1,1,1.000,0,0,,1,1,1.000,1.000,0,0,,0,1,1,0,0,0,0,1,2,1.6,Erika Cassell,https://www.sports-reference.com/cbb/players/erika-cassell-1.html,north-carolina-state,2019-20
6,83,6,2019-11-29,NC State,@,Texas,REG (Non-Conf),W 84-73,,20,0,3,.000,0,0,,0,3,.000,.000,2,4,.500,1,3,4,0,0,0,0,2,2,-0.1,Erika Cassell,https://www.sports-reference.com/cbb/players/erika-cassell-1.html,north-carolina-state,2019-20
7,84,7,2019-11-30,NC State,@,Hawaii,REG (Non-Conf),W 68-59,,5,0,4,.000,0,0,,0,4,.000,.000,0,0,,1,0,1,0,0,0,1,1,0,-3.5,Erika Cassell,https://www.sports-reference.com/cbb/players/erika-cassell-1.html,north-carolina-state,2019-20
8,85,8,2019-12-01,NC State,,North Texas,REG (Non-Conf),W 76-65,,5,0,0,,0,0,,0,0,,,1,2,.500,1,1,2,1,0,0,3,0,1,-0.7,Erika Cassell,https://www.sports-reference.com/cbb/players/erika-cassell-1.html,north-carolina-state,2019-20
9,86,9,2019-12-05,NC State,,Maryland,REG (Non-Conf),W 66-59,,8,0,0,,0,0,,0,0,,,0,0,,1,1,2,1,1,0,1,2,0,0.9,Erika Cassell,https://www.sports-reference.com/cbb/players/erika-cassell-1.html,north-carolina-state,2019-20
10,87,10,2019-12-15,NC State,,Elon,REG (Non-Conf),W 62-49,,5,0,0,,0,0,,0,0,,,0,0,,0,0,0,0,0,0,1,2,0,-1.8,Erika Cassell,https://www.sports-reference.com/cbb/players/erika-cassell-1.html,north-carolina-state,2019-20
11,88,11,2019-12-19,NC State,,Chattanooga,REG (Non-Conf),W 74-38,,13,2,7,.286,2,3,.667,0,4,.000,.429,0,0,,4,2,6,1,1,0,1,0,6,6.0,Erika Cassell,https://www.sports-reference.com/cbb/players/erika-cassell-1.html,north-carolina-state,2019-20
12,89,12,2019-12-29,NC State,@,Boston College,REG (Conf),W 72-54,,10,1,1,1.000,0,0,,1,1,1.000,1.000,0,1,.000,2,1,3,0,1,0,1,0,2,3.0,Erika Cassell,https://www.sports-reference.com/cbb/players/erika-cassell-1.html,north-carolina-state,2019-20
13,90,13,2020-01-02,NC State,,Virginia Tech,REG (Conf),W 76-69,,2,0,0,,0,0,,0,0,,,0,0,,0,0,0,0,0,0,0,0,0,0.0,Erika Cassell,https://www.sports-reference.com/cbb/players/erika-cassell-1.html,north-carolina-state,2019-20
14,91,14,2020-01-05,NC State,,Virginia,REG (Conf),W 80-60,,9,0,3,.000,0,1,.000,0,2,.000,.000,0,2,.000,4,2,6,1,0,0,1,1,0,-0.2,Erika Cassell,https://www.sports-reference.com/cbb/players/erika-cassell-1.html,north-carolina-state,2019-20
15,92,15,2020-01-09,NC State,@,North Carolina,REG (Conf),L 60-66,,6,1,1,1.000,1,1,1.000,0,0,,1.500,0,0,,0,2,2,0,0,1,0,0,3,4.0,Erika Cassell,https://www.sports-reference.com/cbb/players/erika-cassell-1.html,north-carolina-state,2019-20
16,93,16,2020-01-12,NC State,@,Notre Dame,REG (Conf),W 90-56,,8,0,0,,0,0,,0,0,,,0,0,,0,1,1,0,0,1,1,1,0,-0.4,Erika Cassell,https://www.sports-reference.com/cbb/players/erika-cassell-1.html,north-carolina-state,2019-20
17,94,17,2020-01-16,NC State,,Florida State,REG (Conf),W 68-51,,3,1,2,.500,0,0,,1,2,.500,.500,0,0,,0,0,0,0,0,0,0,0,2,1.0,Erika Cassell,https://www.sports-reference.com/cbb/players/erika-cassell-1.html,north-carolina-state,2019-20
18,95,18,2020-01-19,NC State,,Wake Forest,REG (Conf),W 59-45,,9,1,4,.250,1,1,1.000,0,3,.000,.375,0,0,,0,1,1,0,0,0,1,1,3,-0.5,Erika Cassell,https://www.sports-reference.com/cbb/players/erika-cassell-1.html,north-carolina-state,2019-20
19,96,19,2020-01-23,NC State,@,Pittsburgh,REG (Conf),W 88-44,,11,3,6,.500,0,1,.000,3,5,.600,.500,1,2,.500,2,4,6,0,0,0,0,1,7,5.8,Erika Cassell,https://www.sports-reference.com/cbb/players/erika-cassell-1.html,north-carolina-state,2019-20
20,97,20,2020-01-26,NC State,,North Carolina,REG (Conf),W 76-68,,7,0,1,.000,0,1,.000,0,0,,.000,0,2,.000,0,0,0,0,0,0,0,0,0,-1.5,Erika Cassell,https://www.sports-reference.com/cbb/players/erika-cassell-1.html,north-carolina-state,2019-20
21,98,21,2020-01-30,NC State,@,Clemson,REG (Conf),W 79-60,,7,0,4,.000,0,0,,0,4,.000,.000,1,2,.500,2,0,2,0,0,0,2,1,1,-3.2,Erika Cassell,https://www.sports-reference.com/cbb/players/erika-cassell-1.html,north-carolina-state,2019-20
22,99,22,2020-02-02,NC State,@,Duke,REG (Conf),W 63-60,,2,0,3,.000,0,0,,0,3,.000,.000,0,0,,1,0,1,0,0,0,0,0,0,-1.4,Erika Cassell,https://www.sports-reference.com/cbb/players/erika-cassell-1.html,north-carolina-state,2019-20
23,100,23,2020-02-06,NC State,@,Virginia Tech,REG (Conf),W 71-59,,6,1,3,.333,0,0,,1,3,.333,.333,0,0,,0,0,0,0,0,0,0,0,2,0.3,Erika Cassell,https://www.sports-reference.com/cbb/players/erika-cassell-1.html,north-carolina-state,2019-20
24,101,24,2020-02-13,NC State,,Louisville,REG (Conf),L 59-66,,4,0,2,.000,0,1,.000,0,1,.000,.000,0,0,,0,2,2,0,0,0,0,0,0,-0.8,Erika Cassell,https://www.sports-reference.com/cbb/players/erika-cassell-1.html,north-carolina-state,2019-20
25,102,28,2020-02-27,NC State,,Syracuse,REG (Conf),W 69-60,*,20,4,8,.500,0,1,.000,4,7,.571,.500,4,4,1.000,2,7,9,1,0,1,3,1,12,9.5,Erika Cassell,https://www.sports-reference.com/cbb/players/erika-cassell-1.html,north-carolina-state,2019-20
26,103,29,2020-03-01,NC State,@,Virginia,REG (Conf),W 75-64,,9,1,2,.500,1,1,1.000,0,1,.000,.750,0,0,,1,2,3,0,0,0,0,0,3,3.3,Erika Cassell,https://www.sports-reference.com/cbb/players/erika-cassell-1.html,north-carolina-state,2019-20
27,104,30,2020-03-06,NC State,,Georgia Tech,CTOURN,W 57-48,,2,0,0,,0,0,,0,0,,,0,0,,0,0,0,0,0,0,2,0,0,-2.0,Erika Cassell,https://www.sports-reference.com/cbb/players/erika-cassell-1.html,north-carolina-state,2019-20
28,105,31,2020-03-07,NC State,,Boston College,CTOURN,W 82-75,,11,4,5,.800,0,0,,4,5,.800,.800,0,0,,2,2,4,0,1,0,0,3,8,7.9,Erika Cassell,https://www.sports-reference.com/cbb/players/erika-cassell-1.html,north-carolina-state,2019-20
29,106,32,2020-03-08,NC State,,Florida State,CTOURN,W 71-66,,1,0,0,,0,0,,0,0,,,0,0,,0,0,0,0,0,0,0,0,0,0.0,Erika Cassell,https://www.sports-reference.com/cbb/players/erika-cassell-1.html,north-carolina-state,2019-20
