ranker,player_game_num_career,team_game_num_season,date,team_name_abbr,game_location,opp_name_abbr,game_type,game_result,is_starter,mp,fg,fga,fg_pct,fg3,fg3a,fg3_pct,fg2,fg2a,fg2_pct,efg_pct,ft,fta,ft_pct,orb,drb,trb,ast,stl,blk,tov,pf,pts,game_score,player_name,player_sr_link,school,season
1,74,1,2019-11-06,NC State,,North Carolina A&T,REG (Non-Conf),W 80-44,,20,1,5,.200,1,3,.333,0,2,.000,.300,0,0,,0,1,1,2,1,0,0,0,3,2.6,Grace Hunter,https://www.sports-reference.com/cbb/players/grace-hunter-1.html,north-carolina-state,2019-20
2,75,2,2019-11-10,NC State,,UNC Wilmington,REG (Non-Conf),W 80-40,,24,3,5,.600,2,2,1.000,1,3,.333,.800,1,1,1.000,2,4,6,0,2,0,2,1,9,8.9,Grace Hunter,https://www.sports-reference.com/cbb/players/grace-hunter-1.html,north-carolina-state,2019-20
3,76,3,2019-11-14,NC State,,Lamar,REG (Non-Conf),W 81-40,,24,5,8,.625,3,4,.750,2,4,.500,.813,2,5,.400,2,4,6,2,0,0,2,0,15,12.2,Grace Hunter,https://www.sports-reference.com/cbb/players/grace-hunter-1.html,north-carolina-state,2019-20
4,77,5,2019-11-24,NC State,@,St. Mary's (CA),REG (Non-Conf),W 87-70,,26,5,8,.625,2,2,1.000,3,6,.500,.750,1,1,1.000,0,3,3,2,2,0,2,0,13,11.7,Grace Hunter,https://www.sports-reference.com/cbb/players/grace-hunter-1.html,north-carolina-state,2019-20
5,78,6,2019-11-29,NC State,@,Texas,REG (Non-Conf),W 84-73,,26,1,3,.333,1,2,.500,0,1,.000,.500,1,2,.500,1,5,6,2,1,1,2,1,4,4.8,Grace Hunter,https://www.sports-reference.com/cbb/players/grace-hunter-1.html,north-carolina-state,2019-20
6,79,7,2019-11-30,NC State,@,Hawaii,REG (Non-Conf),W 68-59,,18,0,2,.000,0,1,.000,0,1,.000,.000,0,0,,0,2,2,1,1,0,0,1,0,0.5,Grace Hunter,https://www.sports-reference.com/cbb/players/grace-hunter-1.html,north-carolina-state,2019-20
7,80,8,2019-12-01,NC State,,North Texas,REG (Non-Conf),W 76-65,,22,3,8,.375,2,5,.400,1,3,.333,.500,0,0,,1,1,2,1,0,0,1,1,8,3.9,Grace Hunter,https://www.sports-reference.com/cbb/players/grace-hunter-1.html,north-carolina-state,2019-20
8,81,9,2019-12-05,NC State,,Maryland,REG (Non-Conf),W 66-59,,11,2,6,.333,0,2,.000,2,4,.500,.333,0,0,,1,1,2,1,0,0,1,0,4,1.3,Grace Hunter,https://www.sports-reference.com/cbb/players/grace-hunter-1.html,north-carolina-state,2019-20
9,82,10,2019-12-15,NC State,,Elon,REG (Non-Conf),W 62-49,,13,0,3,.000,0,2,.000,0,1,.000,.000,0,0,,0,0,0,0,0,0,1,2,0,-3.9,Grace Hunter,https://www.sports-reference.com/cbb/players/grace-hunter-1.html,north-carolina-state,2019-20
10,83,11,2019-12-19,NC State,,Chattanooga,REG (Non-Conf),W 74-38,,20,5,10,.500,3,7,.429,2,3,.667,.650,1,2,.500,2,1,3,2,1,0,1,0,14,11.7,Grace Hunter,https://www.sports-reference.com/cbb/players/grace-hunter-1.html,north-carolina-state,2019-20
11,84,12,2019-12-29,NC State,@,Boston College,REG (Conf),W 72-54,,10,0,5,.000,0,2,.000,0,3,.000,.000,0,0,,0,0,0,0,0,0,0,1,0,-3.9,Grace Hunter,https://www.sports-reference.com/cbb/players/grace-hunter-1.html,north-carolina-state,2019-20
12,85,13,2020-01-02,NC State,,Virginia Tech,REG (Conf),W 76-69,,4,0,1,.000,0,0,,0,1,.000,.000,0,0,,1,0,1,0,0,0,0,0,0,0.0,Grace Hunter,https://www.sports-reference.com/cbb/players/grace-hunter-1.html,north-carolina-state,2019-20
13,86,14,2020-01-05,NC State,,Virginia,REG (Conf),W 80-60,,17,3,7,.429,2,5,.400,1,2,.500,.571,2,2,1.000,0,0,0,0,1,0,1,1,10,5.9,Grace Hunter,https://www.sports-reference.com/cbb/players/grace-hunter-1.html,north-carolina-state,2019-20
14,87,15,2020-01-09,NC State,@,North Carolina,REG (Conf),L 60-66,,9,0,4,.000,0,2,.000,0,2,.000,.000,0,0,,0,1,1,0,0,0,0,1,0,-2.9,Grace Hunter,https://www.sports-reference.com/cbb/players/grace-hunter-1.html,north-carolina-state,2019-20
15,88,16,2020-01-12,NC State,@,Notre Dame,REG (Conf),W 90-56,,12,2,5,.400,1,2,.500,1,3,.333,.500,2,2,1.000,3,2,5,0,0,0,1,0,7,6.0,Grace Hunter,https://www.sports-reference.com/cbb/players/grace-hunter-1.html,north-carolina-state,2019-20
16,89,18,2020-01-19,NC State,,Wake Forest,REG (Conf),W 59-45,,4,1,3,.333,0,1,.000,1,2,.500,.333,0,0,,0,0,0,0,0,0,0,0,2,0.3,Grace Hunter,https://www.sports-reference.com/cbb/players/grace-hunter-1.html,north-carolina-state,2019-20
17,90,19,2020-01-23,NC State,@,Pittsburgh,REG (Conf),W 88-44,,18,1,5,.200,1,3,.333,0,2,.000,.300,6,6,1.000,2,0,2,2,1,0,0,1,9,9.3,Grace Hunter,https://www.sports-reference.com/cbb/players/grace-hunter-1.html,north-carolina-state,2019-20
18,91,21,2020-01-30,NC State,@,Clemson,REG (Conf),W 79-60,,8,2,4,.500,2,3,.667,0,1,.000,.750,0,0,,0,0,0,1,0,1,0,0,6,5.4,Grace Hunter,https://www.sports-reference.com/cbb/players/grace-hunter-1.html,north-carolina-state,2019-20
19,92,22,2020-02-02,NC State,@,Duke,REG (Conf),W 63-60,,17,3,5,.600,3,5,.600,0,0,,.900,0,0,,0,2,2,2,2,0,1,1,9,9.3,Grace Hunter,https://www.sports-reference.com/cbb/players/grace-hunter-1.html,north-carolina-state,2019-20
20,93,23,2020-02-06,NC State,@,Virginia Tech,REG (Conf),W 71-59,,12,1,2,.500,0,0,,1,2,.500,.500,0,0,,2,1,3,2,0,0,1,3,2,1.9,Grace Hunter,https://www.sports-reference.com/cbb/players/grace-hunter-1.html,north-carolina-state,2019-20
21,94,24,2020-02-13,NC State,,Louisville,REG (Conf),L 59-66,,11,1,3,.333,0,1,.000,1,2,.500,.333,0,0,,1,1,2,1,0,0,0,0,2,2.0,Grace Hunter,https://www.sports-reference.com/cbb/players/grace-hunter-1.html,north-carolina-state,2019-20
22,95,25,2020-02-16,NC State,,Georgia Tech,REG (Conf),L 61-65,,12,1,3,.333,0,0,,1,3,.333,.333,0,0,,1,0,1,0,1,0,0,1,2,1.6,Grace Hunter,https://www.sports-reference.com/cbb/players/grace-hunter-1.html,north-carolina-state,2019-20
23,96,26,2020-02-20,NC State,@,Miami (FL),REG (Conf),W 50-48,,7,1,2,.500,0,0,,1,2,.500,.500,0,0,,0,0,0,0,0,0,1,0,2,0.0,Grace Hunter,https://www.sports-reference.com/cbb/players/grace-hunter-1.html,north-carolina-state,2019-20
24,97,27,2020-02-24,NC State,,Duke,REG (Conf),L 65-70,,9,1,2,.500,1,2,.500,0,0,,.750,0,0,,0,0,0,0,1,0,1,0,3,2.0,Grace Hunter,https://www.sports-reference.com/cbb/players/grace-hunter-1.html,north-carolina-state,2019-20
25,98,28,2020-02-27,NC State,,Syracuse,REG (Conf),W 69-60,*,31,4,9,.444,2,5,.400,2,4,.500,.556,0,0,,1,4,5,1,1,0,1,2,10,7.1,Grace Hunter,https://www.sports-reference.com/cbb/players/grace-hunter-1.html,north-carolina-state,2019-20
26,99,29,2020-03-01,NC State,@,Virginia,REG (Conf),W 75-64,,18,3,5,.600,1,2,.500,2,3,.667,.700,0,0,,0,2,2,1,1,0,3,1,7,3.6,Grace Hunter,https://www.sports-reference.com/cbb/players/grace-hunter-1.html,north-carolina-state,2019-20
27,100,30,2020-03-06,NC State,,Georgia Tech,CTOURN,W 57-48,,19,1,7,.143,1,5,.200,0,2,.000,.214,0,0,,1,2,3,1,0,0,0,0,3,0.5,Grace Hunter,https://www.sports-reference.com/cbb/players/grace-hunter-1.html,north-carolina-state,2019-20
28,101,31,2020-03-07,NC State,,Boston College,CTOURN,W 82-75,,19,1,7,.143,1,2,.500,0,5,.000,.214,2,2,1.000,1,0,1,2,0,0,0,2,5,1.8,Grace Hunter,https://www.sports-reference.com/cbb/players/grace-hunter-1.html,north-carolina-state,2019-20
29,102,32,2020-03-08,NC State,,Florida State,CTOURN,W 71-66,,3,0,0,,0,0,,0,0,,,0,0,,0,1,1,0,0,0,0,0,0,0.3,Grace Hunter,https://www.sports-reference.com/cbb/players/grace-hunter-1.html,north-carolina-state,2019-20
