ranker,player_game_num_career,team_game_num_season,date,team_name_abbr,game_location,opp_name_abbr,game_type,game_result,is_starter,mp,fg,fga,fg_pct,fg3,fg3a,fg3_pct,fg2,fg2a,fg2_pct,efg_pct,ft,fta,ft_pct,orb,drb,trb,ast,stl,blk,tov,pf,pts,game_score,player_name,player_sr_link,school,season
1,1,1,2019-11-06,NC State,,North Carolina A&T,REG (Non-Conf),W 80-44,,23,5,7,.714,0,1,.000,5,6,.833,.714,8,9,.889,4,7,11,1,5,0,2,3,18,22.1,Jada Boyd,https://www.sports-reference.com/cbb/players/jada-boyd-1.html,north-carolina-state,2019-20
2,2,2,2019-11-10,NC State,,UNC Wilmington,REG (Non-Conf),W 80-40,,19,2,6,.333,0,0,,2,6,.333,.333,1,2,.500,2,8,10,0,2,0,2,2,5,4.2,Jada Boyd,https://www.sports-reference.com/cbb/players/jada-boyd-1.html,north-carolina-state,2019-20
3,3,3,2019-11-14,NC State,,Lamar,REG (Non-Conf),W 81-40,,20,4,5,.800,1,2,.500,3,3,1.000,.900,0,0,,0,4,4,0,1,0,4,2,9,4.5,Jada Boyd,https://www.sports-reference.com/cbb/players/jada-boyd-1.html,north-carolina-state,2019-20
4,4,4,2019-11-19,NC State,,Maine,REG (Non-Conf),W 62-34,,29,4,8,.500,0,1,.000,4,7,.571,.500,0,2,.000,3,13,16,3,1,3,2,0,8,12.4,Jada Boyd,https://www.sports-reference.com/cbb/players/jada-boyd-1.html,north-carolina-state,2019-20
5,5,5,2019-11-24,NC State,@,St. Mary's (CA),REG (Non-Conf),W 87-70,,19,6,7,.857,0,0,,6,7,.857,.857,1,3,.333,3,0,3,0,2,1,1,0,13,13.5,Jada Boyd,https://www.sports-reference.com/cbb/players/jada-boyd-1.html,north-carolina-state,2019-20
6,6,6,2019-11-29,NC State,@,Texas,REG (Non-Conf),W 84-73,,13,3,6,.500,0,1,.000,3,5,.600,.500,3,5,.600,1,2,3,0,0,1,1,2,9,5.4,Jada Boyd,https://www.sports-reference.com/cbb/players/jada-boyd-1.html,north-carolina-state,2019-20
7,7,7,2019-11-30,NC State,@,Hawaii,REG (Non-Conf),W 68-59,,13,2,8,.250,0,1,.000,2,7,.286,.250,0,0,,2,4,6,0,2,0,1,2,4,2.0,Jada Boyd,https://www.sports-reference.com/cbb/players/jada-boyd-1.html,north-carolina-state,2019-20
8,8,8,2019-12-01,NC State,,North Texas,REG (Non-Conf),W 76-65,,14,1,1,1.000,0,0,,1,1,1.000,1.000,0,0,,1,3,4,0,1,0,3,1,2,0.9,Jada Boyd,https://www.sports-reference.com/cbb/players/jada-boyd-1.html,north-carolina-state,2019-20
9,9,9,2019-12-05,NC State,,Maryland,REG (Non-Conf),W 66-59,,7,1,3,.333,0,0,,1,3,.333,.333,0,0,,3,0,3,0,0,0,3,3,2,-1.8,Jada Boyd,https://www.sports-reference.com/cbb/players/jada-boyd-1.html,north-carolina-state,2019-20
10,10,10,2019-12-15,NC State,,Elon,REG (Non-Conf),W 62-49,,6,0,0,,0,0,,0,0,,,0,0,,1,2,3,0,1,1,3,2,0,-0.8,Jada Boyd,https://www.sports-reference.com/cbb/players/jada-boyd-1.html,north-carolina-state,2019-20
11,11,11,2019-12-19,NC State,,Chattanooga,REG (Non-Conf),W 74-38,,26,5,9,.556,1,3,.333,4,6,.667,.611,0,1,.000,2,4,6,0,1,2,2,2,11,8.5,Jada Boyd,https://www.sports-reference.com/cbb/players/jada-boyd-1.html,north-carolina-state,2019-20
12,12,12,2019-12-29,NC State,@,Boston College,REG (Conf),W 72-54,,13,4,4,1.000,1,1,1.000,3,3,1.000,1.125,2,2,1.000,1,2,3,2,2,0,1,0,11,13.5,Jada Boyd,https://www.sports-reference.com/cbb/players/jada-boyd-1.html,north-carolina-state,2019-20
13,13,13,2020-01-02,NC State,,Virginia Tech,REG (Conf),W 76-69,,7,1,4,.250,0,1,.000,1,3,.333,.250,0,0,,1,2,3,0,0,1,0,1,2,1.2,Jada Boyd,https://www.sports-reference.com/cbb/players/jada-boyd-1.html,north-carolina-state,2019-20
14,14,14,2020-01-05,NC State,,Virginia,REG (Conf),W 80-60,,16,3,5,.600,1,2,.500,2,3,.667,.700,0,0,,2,1,3,0,0,0,1,3,7,4.2,Jada Boyd,https://www.sports-reference.com/cbb/players/jada-boyd-1.html,north-carolina-state,2019-20
15,15,15,2020-01-09,NC State,@,North Carolina,REG (Conf),L 60-66,,5,0,1,.000,0,0,,0,1,.000,.000,0,0,,0,1,1,0,0,0,1,1,0,-1.8,Jada Boyd,https://www.sports-reference.com/cbb/players/jada-boyd-1.html,north-carolina-state,2019-20
16,16,16,2020-01-12,NC State,@,Notre Dame,REG (Conf),W 90-56,,21,7,11,.636,0,1,.000,7,10,.700,.636,2,4,.500,2,4,6,1,2,1,1,3,16,14.1,Jada Boyd,https://www.sports-reference.com/cbb/players/jada-boyd-1.html,north-carolina-state,2019-20
17,17,17,2020-01-16,NC State,,Florida State,REG (Conf),W 68-51,,17,0,2,.000,0,0,,0,2,.000,.000,2,4,.500,0,6,6,4,0,1,1,1,2,3.7,Jada Boyd,https://www.sports-reference.com/cbb/players/jada-boyd-1.html,north-carolina-state,2019-20
18,18,18,2020-01-19,NC State,,Wake Forest,REG (Conf),W 59-45,,21,4,10,.400,0,1,.000,4,9,.444,.400,0,1,.000,4,7,11,0,1,0,1,1,8,6.7,Jada Boyd,https://www.sports-reference.com/cbb/players/jada-boyd-1.html,north-carolina-state,2019-20
19,19,19,2020-01-23,NC State,@,Pittsburgh,REG (Conf),W 88-44,,18,5,10,.500,0,1,.000,5,9,.556,.500,0,0,,1,6,7,2,2,2,3,0,10,9.3,Jada Boyd,https://www.sports-reference.com/cbb/players/jada-boyd-1.html,north-carolina-state,2019-20
20,20,20,2020-01-26,NC State,,North Carolina,REG (Conf),W 76-68,,14,1,5,.200,0,0,,1,5,.200,.200,4,6,.667,2,2,4,0,1,0,1,0,6,4.1,Jada Boyd,https://www.sports-reference.com/cbb/players/jada-boyd-1.html,north-carolina-state,2019-20
21,21,21,2020-01-30,NC State,@,Clemson,REG (Conf),W 79-60,,17,2,4,.500,0,0,,2,4,.500,.500,1,2,.500,3,3,6,1,2,0,2,1,5,5.9,Jada Boyd,https://www.sports-reference.com/cbb/players/jada-boyd-1.html,north-carolina-state,2019-20
22,22,23,2020-02-06,NC State,@,Virginia Tech,REG (Conf),W 71-59,,14,4,6,.667,0,1,.000,4,5,.800,.667,2,2,1.000,0,4,4,0,0,1,2,2,10,6.5,Jada Boyd,https://www.sports-reference.com/cbb/players/jada-boyd-1.html,north-carolina-state,2019-20
23,23,24,2020-02-13,NC State,,Louisville,REG (Conf),L 59-66,,13,4,6,.667,0,0,,4,6,.667,.667,2,2,1.000,1,3,4,0,1,0,3,2,10,6.2,Jada Boyd,https://www.sports-reference.com/cbb/players/jada-boyd-1.html,north-carolina-state,2019-20
24,24,25,2020-02-16,NC State,,Georgia Tech,REG (Conf),L 61-65,,19,5,11,.455,0,2,.000,5,9,.556,.455,2,4,.500,4,3,7,1,1,1,0,3,12,10.4,Jada Boyd,https://www.sports-reference.com/cbb/players/jada-boyd-1.html,north-carolina-state,2019-20
25,25,26,2020-02-20,NC State,@,Miami (FL),REG (Conf),W 50-48,,20,3,5,.600,0,0,,3,5,.600,.600,0,1,.000,0,5,5,0,0,0,2,3,6,1.6,Jada Boyd,https://www.sports-reference.com/cbb/players/jada-boyd-1.html,north-carolina-state,2019-20
26,26,27,2020-02-24,NC State,,Duke,REG (Conf),L 65-70,,19,6,9,.667,0,0,,6,9,.667,.667,3,4,.750,3,1,4,1,0,0,2,1,15,11.4,Jada Boyd,https://www.sports-reference.com/cbb/players/jada-boyd-1.html,north-carolina-state,2019-20
27,27,28,2020-02-27,NC State,,Syracuse,REG (Conf),W 69-60,,15,2,4,.500,0,0,,2,4,.500,.500,2,2,1.000,1,2,3,1,1,0,0,0,6,7.0,Jada Boyd,https://www.sports-reference.com/cbb/players/jada-boyd-1.html,north-carolina-state,2019-20
28,28,29,2020-03-01,NC State,@,Virginia,REG (Conf),W 75-64,,6,0,2,.000,0,0,,0,2,.000,.000,0,0,,0,1,1,0,0,0,3,0,0,-4.1,Jada Boyd,https://www.sports-reference.com/cbb/players/jada-boyd-1.html,north-carolina-state,2019-20
29,29,30,2020-03-06,NC State,,Georgia Tech,CTOURN,W 57-48,,4,0,1,.000,0,1,.000,0,0,,.000,0,0,,0,0,0,0,0,0,0,2,0,-1.5,Jada Boyd,https://www.sports-reference.com/cbb/players/jada-boyd-1.html,north-carolina-state,2019-20
30,30,31,2020-03-07,NC State,,Boston College,CTOURN,W 82-75,,26,7,10,.700,0,0,,7,10,.700,.700,2,3,.667,2,6,8,1,3,0,5,3,16,12.1,Jada Boyd,https://www.sports-reference.com/cbb/players/jada-boyd-1.html,north-carolina-state,2019-20
31,31,32,2020-03-08,NC State,,Florida State,CTOURN,W 71-66,,13,4,6,.667,0,1,.000,4,5,.800,.667,2,2,1.000,1,2,3,0,0,2,1,1,10,8.7,Jada Boyd,https://www.sports-reference.com/cbb/players/jada-boyd-1.html,north-carolina-state,2019-20
