ranker,player_game_num_career,team_game_num_season,date,team_name_abbr,game_location,opp_name_abbr,game_type,game_result,is_starter,mp,fg,fga,fg_pct,fg3,fg3a,fg3_pct,fg2,fg2a,fg2_pct,efg_pct,ft,fta,ft_pct,orb,drb,trb,ast,stl,blk,tov,pf,pts,game_score,player_name,player_sr_link,school,season
1,1,1,2019-11-06,NC State,,North Carolina A&T,REG (Non-Conf),W 80-44,*,27,6,11,.545,2,5,.400,4,6,.667,.636,0,2,.000,1,1,2,1,2,0,3,2,14,7.8,Jakia Brown-Turner,https://www.sports-reference.com/cbb/players/jakia-brown-turner-1.html,north-carolina-state,2019-20
2,2,2,2019-11-10,NC State,,UNC Wilmington,REG (Non-Conf),W 80-40,*,28,4,10,.400,2,6,.333,2,4,.500,.500,1,2,.500,0,3,3,1,0,1,3,0,11,4.5,Jakia Brown-Turner,https://www.sports-reference.com/cbb/players/jakia-brown-turner-1.html,north-carolina-state,2019-20
3,3,3,2019-11-14,NC State,,Lamar,REG (Non-Conf),W 81-40,*,23,3,6,.500,0,2,.000,3,4,.750,.500,1,1,1.000,1,5,6,0,0,0,3,4,7,1.6,Jakia Brown-Turner,https://www.sports-reference.com/cbb/players/jakia-brown-turner-1.html,north-carolina-state,2019-20
4,4,4,2019-11-19,NC State,,Maine,REG (Non-Conf),W 62-34,*,29,3,9,.333,0,3,.000,3,6,.500,.333,0,0,,0,2,2,1,1,0,1,1,6,1.8,Jakia Brown-Turner,https://www.sports-reference.com/cbb/players/jakia-brown-turner-1.html,north-carolina-state,2019-20
5,5,5,2019-11-24,NC State,@,St. Mary's (CA),REG (Non-Conf),W 87-70,*,26,6,10,.600,3,4,.750,3,6,.500,.750,1,2,.500,1,3,4,0,0,0,2,3,16,9.4,Jakia Brown-Turner,https://www.sports-reference.com/cbb/players/jakia-brown-turner-1.html,north-carolina-state,2019-20
6,6,6,2019-11-29,NC State,@,Texas,REG (Non-Conf),W 84-73,*,15,3,4,.750,1,1,1.000,2,3,.667,.875,0,0,,0,2,2,0,0,0,0,3,7,4.8,Jakia Brown-Turner,https://www.sports-reference.com/cbb/players/jakia-brown-turner-1.html,north-carolina-state,2019-20
7,7,7,2019-11-30,NC State,@,Hawaii,REG (Non-Conf),W 68-59,*,26,4,9,.444,1,5,.200,3,4,.750,.500,0,0,,0,2,2,0,0,0,1,0,9,3.9,Jakia Brown-Turner,https://www.sports-reference.com/cbb/players/jakia-brown-turner-1.html,north-carolina-state,2019-20
8,8,8,2019-12-01,NC State,,North Texas,REG (Non-Conf),W 76-65,*,26,0,7,.000,0,4,.000,0,3,.000,.000,2,2,1.000,0,2,2,6,1,3,0,3,2,3.8,Jakia Brown-Turner,https://www.sports-reference.com/cbb/players/jakia-brown-turner-1.html,north-carolina-state,2019-20
9,9,9,2019-12-05,NC State,,Maryland,REG (Non-Conf),W 66-59,*,32,2,7,.286,1,1,1.000,1,6,.167,.357,2,4,.500,2,3,5,2,2,0,4,0,7,3.8,Jakia Brown-Turner,https://www.sports-reference.com/cbb/players/jakia-brown-turner-1.html,north-carolina-state,2019-20
10,10,10,2019-12-15,NC State,,Elon,REG (Non-Conf),W 62-49,*,25,1,7,.143,1,4,.250,0,3,.000,.214,1,2,.500,2,1,3,0,0,0,1,0,4,-0.2,Jakia Brown-Turner,https://www.sports-reference.com/cbb/players/jakia-brown-turner-1.html,north-carolina-state,2019-20
11,11,11,2019-12-19,NC State,,Chattanooga,REG (Non-Conf),W 74-38,*,28,3,11,.273,1,6,.167,2,5,.400,.318,2,2,1.000,1,1,2,3,3,0,0,2,9,7.8,Jakia Brown-Turner,https://www.sports-reference.com/cbb/players/jakia-brown-turner-1.html,north-carolina-state,2019-20
12,12,12,2019-12-29,NC State,@,Boston College,REG (Conf),W 72-54,*,29,4,9,.444,1,3,.333,3,6,.500,.500,1,2,.500,2,1,3,2,2,0,4,4,10,4.4,Jakia Brown-Turner,https://www.sports-reference.com/cbb/players/jakia-brown-turner-1.html,north-carolina-state,2019-20
13,13,13,2020-01-02,NC State,,Virginia Tech,REG (Conf),W 76-69,*,27,2,5,.400,0,2,.000,2,3,.667,.400,1,2,.500,0,0,0,2,1,0,1,3,5,2.1,Jakia Brown-Turner,https://www.sports-reference.com/cbb/players/jakia-brown-turner-1.html,north-carolina-state,2019-20
14,14,14,2020-01-05,NC State,,Virginia,REG (Conf),W 80-60,*,34,5,9,.556,3,6,.500,2,3,.667,.722,0,0,,1,3,4,4,2,0,2,2,13,12.3,Jakia Brown-Turner,https://www.sports-reference.com/cbb/players/jakia-brown-turner-1.html,north-carolina-state,2019-20
15,15,15,2020-01-09,NC State,@,North Carolina,REG (Conf),L 60-66,*,36,5,11,.455,2,3,.667,3,8,.375,.545,0,0,,0,0,0,5,0,0,1,5,12,6.8,Jakia Brown-Turner,https://www.sports-reference.com/cbb/players/jakia-brown-turner-1.html,north-carolina-state,2019-20
16,16,16,2020-01-12,NC State,@,Notre Dame,REG (Conf),W 90-56,*,25,2,5,.400,1,4,.250,1,1,1.000,.500,0,0,,0,2,2,2,1,0,1,4,5,2.7,Jakia Brown-Turner,https://www.sports-reference.com/cbb/players/jakia-brown-turner-1.html,north-carolina-state,2019-20
17,17,17,2020-01-16,NC State,,Florida State,REG (Conf),W 68-51,*,39,7,10,.700,3,4,.750,4,6,.667,.850,1,2,.500,3,5,8,3,1,0,3,1,18,16.7,Jakia Brown-Turner,https://www.sports-reference.com/cbb/players/jakia-brown-turner-1.html,north-carolina-state,2019-20
18,18,18,2020-01-19,NC State,,Wake Forest,REG (Conf),W 59-45,*,40,5,12,.417,1,3,.333,4,9,.444,.458,0,0,,1,1,2,1,1,1,2,1,11,5.6,Jakia Brown-Turner,https://www.sports-reference.com/cbb/players/jakia-brown-turner-1.html,north-carolina-state,2019-20
19,19,19,2020-01-23,NC State,@,Pittsburgh,REG (Conf),W 88-44,*,28,5,12,.417,1,5,.200,4,7,.571,.458,2,3,.667,2,4,6,3,1,1,1,1,13,11.2,Jakia Brown-Turner,https://www.sports-reference.com/cbb/players/jakia-brown-turner-1.html,north-carolina-state,2019-20
20,20,20,2020-01-26,NC State,,North Carolina,REG (Conf),W 76-68,*,33,3,9,.333,1,4,.250,2,5,.400,.389,0,0,,1,1,2,1,1,0,1,2,7,2.8,Jakia Brown-Turner,https://www.sports-reference.com/cbb/players/jakia-brown-turner-1.html,north-carolina-state,2019-20
21,21,21,2020-01-30,NC State,@,Clemson,REG (Conf),W 79-60,*,28,4,12,.333,2,6,.333,2,6,.333,.417,2,2,1.000,4,3,7,1,0,2,0,0,12,11.0,Jakia Brown-Turner,https://www.sports-reference.com/cbb/players/jakia-brown-turner-1.html,north-carolina-state,2019-20
22,22,22,2020-02-02,NC State,@,Duke,REG (Conf),W 63-60,*,37,5,11,.455,2,6,.333,3,5,.600,.545,0,2,.000,0,2,2,2,0,0,3,1,12,4.1,Jakia Brown-Turner,https://www.sports-reference.com/cbb/players/jakia-brown-turner-1.html,north-carolina-state,2019-20
23,23,23,2020-02-06,NC State,@,Virginia Tech,REG (Conf),W 71-59,*,32,4,6,.667,0,2,.000,4,4,1.000,.667,3,4,.750,1,6,7,1,0,2,1,2,11,10.8,Jakia Brown-Turner,https://www.sports-reference.com/cbb/players/jakia-brown-turner-1.html,north-carolina-state,2019-20
24,24,24,2020-02-13,NC State,,Louisville,REG (Conf),L 59-66,*,35,2,10,.200,2,4,.500,0,6,.000,.300,2,4,.500,2,5,7,0,1,0,0,2,8,4.1,Jakia Brown-Turner,https://www.sports-reference.com/cbb/players/jakia-brown-turner-1.html,north-carolina-state,2019-20
25,25,25,2020-02-16,NC State,,Georgia Tech,REG (Conf),L 61-65,*,27,3,6,.500,1,2,.500,2,4,.500,.583,0,0,,0,3,3,0,2,0,1,4,7,4.3,Jakia Brown-Turner,https://www.sports-reference.com/cbb/players/jakia-brown-turner-1.html,north-carolina-state,2019-20
26,26,26,2020-02-20,NC State,@,Miami (FL),REG (Conf),W 50-48,*,29,7,11,.636,4,6,.667,3,5,.600,.818,0,0,,2,4,6,1,2,1,3,3,18,14.9,Jakia Brown-Turner,https://www.sports-reference.com/cbb/players/jakia-brown-turner-1.html,north-carolina-state,2019-20
27,27,27,2020-02-24,NC State,,Duke,REG (Conf),L 65-70,*,37,2,7,.286,1,4,.250,1,3,.333,.357,0,0,,0,2,2,1,0,0,4,5,5,-3.8,Jakia Brown-Turner,https://www.sports-reference.com/cbb/players/jakia-brown-turner-1.html,north-carolina-state,2019-20
28,28,28,2020-02-27,NC State,,Syracuse,REG (Conf),W 69-60,,6,1,1,1.000,0,0,,1,1,1.000,1.000,0,0,,0,1,1,1,0,0,2,0,2,0.7,Jakia Brown-Turner,https://www.sports-reference.com/cbb/players/jakia-brown-turner-1.html,north-carolina-state,2019-20
29,29,29,2020-03-01,NC State,@,Virginia,REG (Conf),W 75-64,*,25,3,9,.333,2,4,.500,1,5,.200,.444,4,6,.667,0,0,0,3,1,0,0,4,12,7.6,Jakia Brown-Turner,https://www.sports-reference.com/cbb/players/jakia-brown-turner-1.html,north-carolina-state,2019-20
30,30,30,2020-03-06,NC State,,Georgia Tech,CTOURN,W 57-48,*,20,3,5,.600,1,2,.500,2,3,.667,.700,0,0,,1,2,3,3,2,0,2,4,7,6.5,Jakia Brown-Turner,https://www.sports-reference.com/cbb/players/jakia-brown-turner-1.html,north-carolina-state,2019-20
31,31,31,2020-03-07,NC State,,Boston College,CTOURN,W 82-75,*,26,2,7,.286,1,3,.333,1,4,.250,.357,2,2,1.000,4,2,6,2,3,0,1,0,7,9.7,Jakia Brown-Turner,https://www.sports-reference.com/cbb/players/jakia-brown-turner-1.html,north-carolina-state,2019-20
32,32,32,2020-03-08,NC State,,Florida State,CTOURN,W 71-66,*,39,5,12,.417,2,3,.667,3,9,.333,.500,2,2,1.000,4,6,10,2,0,0,2,2,14,10.8,Jakia Brown-Turner,https://www.sports-reference.com/cbb/players/jakia-brown-turner-1.html,north-carolina-state,2019-20
