ranker,player_game_num_career,team_game_num_season,date,team_name_abbr,game_location,opp_name_abbr,game_type,game_result,is_starter,mp,fg,fga,fg_pct,fg3,fg3a,fg3_pct,fg2,fg2a,fg2_pct,efg_pct,ft,fta,ft_pct,orb,drb,trb,ast,stl,blk,tov,pf,pts,game_score,player_name,player_sr_link,school,season
1,69,5,2019-11-24,NC State,@,St. Mary's (CA),REG (Non-Conf),W 87-70,,10,0,0,,0,0,,0,0,,,2,4,.500,0,1,1,2,2,0,2,1,2,2.5,Kaila Ealey,https://www.sports-reference.com/cbb/players/kaila-ealey-1.html,north-carolina-state,2019-20
2,70,6,2019-11-29,NC State,@,Texas,REG (Non-Conf),W 84-73,,4,0,0,,0,0,,0,0,,,0,0,,1,0,1,0,0,0,1,0,0,-0.3,Kaila Ealey,https://www.sports-reference.com/cbb/players/kaila-ealey-1.html,north-carolina-state,2019-20
3,71,7,2019-11-30,NC State,@,Hawaii,REG (Non-Conf),W 68-59,,6,0,0,,0,0,,0,0,,,0,0,,3,1,4,0,0,0,2,0,0,0.4,Kaila Ealey,https://www.sports-reference.com/cbb/players/kaila-ealey-1.html,north-carolina-state,2019-20
4,72,8,2019-12-01,NC State,,North Texas,REG (Non-Conf),W 76-65,,12,1,3,.333,1,1,1.000,0,2,.000,.500,0,0,,2,1,3,1,1,1,2,2,3,2.6,Kaila Ealey,https://www.sports-reference.com/cbb/players/kaila-ealey-1.html,north-carolina-state,2019-20
5,73,9,2019-12-05,NC State,,Maryland,REG (Non-Conf),W 66-59,,7,0,0,,0,0,,0,0,,,0,0,,0,0,0,0,0,0,1,0,0,-1.0,Kaila Ealey,https://www.sports-reference.com/cbb/players/kaila-ealey-1.html,north-carolina-state,2019-20
6,74,10,2019-12-15,NC State,,Elon,REG (Non-Conf),W 62-49,,17,0,2,.000,0,0,,0,2,.000,.000,0,2,.000,2,1,3,4,1,1,0,3,0,2.8,Kaila Ealey,https://www.sports-reference.com/cbb/players/kaila-ealey-1.html,north-carolina-state,2019-20
7,75,11,2019-12-19,NC State,,Chattanooga,REG (Non-Conf),W 74-38,,22,1,2,.500,0,0,,1,2,.500,.500,0,0,,1,3,4,8,2,0,0,1,2,9.8,Kaila Ealey,https://www.sports-reference.com/cbb/players/kaila-ealey-1.html,north-carolina-state,2019-20
8,76,12,2019-12-29,NC State,@,Boston College,REG (Conf),W 72-54,,10,0,2,.000,0,0,,0,2,.000,.000,0,0,,0,4,4,0,0,0,2,2,0,-3.0,Kaila Ealey,https://www.sports-reference.com/cbb/players/kaila-ealey-1.html,north-carolina-state,2019-20
9,77,13,2020-01-02,NC State,,Virginia Tech,REG (Conf),W 76-69,,13,0,1,.000,0,0,,0,1,.000,.000,0,0,,0,1,1,3,2,0,1,0,0,2.7,Kaila Ealey,https://www.sports-reference.com/cbb/players/kaila-ealey-1.html,north-carolina-state,2019-20
10,78,16,2020-01-12,NC State,@,Notre Dame,REG (Conf),W 90-56,,17,0,0,,0,0,,0,0,,,1,2,.500,0,6,6,2,2,0,2,1,1,3.4,Kaila Ealey,https://www.sports-reference.com/cbb/players/kaila-ealey-1.html,north-carolina-state,2019-20
11,79,17,2020-01-16,NC State,,Florida State,REG (Conf),W 68-51,,5,0,0,,0,0,,0,0,,,0,0,,0,1,1,1,1,0,1,0,0,1.0,Kaila Ealey,https://www.sports-reference.com/cbb/players/kaila-ealey-1.html,north-carolina-state,2019-20
12,80,18,2020-01-19,NC State,,Wake Forest,REG (Conf),W 59-45,,5,0,0,,0,0,,0,0,,,0,0,,0,1,1,0,0,0,1,0,0,-0.7,Kaila Ealey,https://www.sports-reference.com/cbb/players/kaila-ealey-1.html,north-carolina-state,2019-20
13,81,19,2020-01-23,NC State,@,Pittsburgh,REG (Conf),W 88-44,,14,3,3,1.000,1,1,1.000,2,2,1.000,1.167,0,0,,0,0,0,3,2,0,1,0,7,9.2,Kaila Ealey,https://www.sports-reference.com/cbb/players/kaila-ealey-1.html,north-carolina-state,2019-20
14,82,20,2020-01-26,NC State,,North Carolina,REG (Conf),W 76-68,,17,1,4,.250,0,1,.000,1,3,.333,.250,0,0,,2,2,4,4,2,0,2,1,2,4.0,Kaila Ealey,https://www.sports-reference.com/cbb/players/kaila-ealey-1.html,north-carolina-state,2019-20
15,83,21,2020-01-30,NC State,@,Clemson,REG (Conf),W 79-60,,15,1,1,1.000,1,1,1.000,0,0,,1.500,0,0,,0,0,0,1,2,0,1,2,3,3.6,Kaila Ealey,https://www.sports-reference.com/cbb/players/kaila-ealey-1.html,north-carolina-state,2019-20
16,84,22,2020-02-02,NC State,@,Duke,REG (Conf),W 63-60,,8,0,2,.000,0,0,,0,2,.000,.000,0,0,,0,3,3,0,0,0,2,0,0,-2.5,Kaila Ealey,https://www.sports-reference.com/cbb/players/kaila-ealey-1.html,north-carolina-state,2019-20
17,85,23,2020-02-06,NC State,@,Virginia Tech,REG (Conf),W 71-59,,6,1,1,1.000,0,0,,1,1,1.000,1.000,0,0,,0,0,0,0,0,0,0,2,2,0.9,Kaila Ealey,https://www.sports-reference.com/cbb/players/kaila-ealey-1.html,north-carolina-state,2019-20
18,86,24,2020-02-13,NC State,,Louisville,REG (Conf),L 59-66,,6,0,0,,0,0,,0,0,,,0,0,,1,0,1,0,0,0,0,1,0,0.3,Kaila Ealey,https://www.sports-reference.com/cbb/players/kaila-ealey-1.html,north-carolina-state,2019-20
19,87,25,2020-02-16,NC State,,Georgia Tech,REG (Conf),L 61-65,,3,0,0,,0,0,,0,0,,,0,0,,0,0,0,1,0,0,0,0,0,0.7,Kaila Ealey,https://www.sports-reference.com/cbb/players/kaila-ealey-1.html,north-carolina-state,2019-20
20,88,26,2020-02-20,NC State,@,Miami (FL),REG (Conf),W 50-48,,13,0,2,.000,0,1,.000,0,1,.000,.000,0,0,,2,1,3,1,0,0,2,1,0,-1.4,Kaila Ealey,https://www.sports-reference.com/cbb/players/kaila-ealey-1.html,north-carolina-state,2019-20
21,89,27,2020-02-24,NC State,,Duke,REG (Conf),L 65-70,,4,0,0,,0,0,,0,0,,,0,0,,1,1,2,2,0,0,1,0,0,1.4,Kaila Ealey,https://www.sports-reference.com/cbb/players/kaila-ealey-1.html,north-carolina-state,2019-20
22,90,28,2020-02-27,NC State,,Syracuse,REG (Conf),W 69-60,*,30,1,2,.500,0,1,.000,1,1,1.000,.500,1,4,.250,0,3,3,2,2,0,2,4,3,1.5,Kaila Ealey,https://www.sports-reference.com/cbb/players/kaila-ealey-1.html,north-carolina-state,2019-20
23,91,29,2020-03-01,NC State,@,Virginia,REG (Conf),W 75-64,,16,0,0,,0,0,,0,0,,,0,0,,0,0,0,4,0,0,1,1,0,1.4,Kaila Ealey,https://www.sports-reference.com/cbb/players/kaila-ealey-1.html,north-carolina-state,2019-20
24,92,30,2020-03-06,NC State,,Georgia Tech,CTOURN,W 57-48,,8,1,3,.333,0,1,.000,1,2,.500,.333,1,1,1.000,0,0,0,0,0,0,1,0,3,0.3,Kaila Ealey,https://www.sports-reference.com/cbb/players/kaila-ealey-1.html,north-carolina-state,2019-20
25,93,31,2020-03-07,NC State,,Boston College,CTOURN,W 82-75,,16,0,0,,0,0,,0,0,,,5,6,.833,0,4,4,2,1,0,2,1,5,5.8,Kaila Ealey,https://www.sports-reference.com/cbb/players/kaila-ealey-1.html,north-carolina-state,2019-20
26,94,32,2020-03-08,NC State,,Florida State,CTOURN,W 71-66,,8,0,0,,0,0,,0,0,,,0,2,.000,0,0,0,0,0,0,1,1,0,-2.2,Kaila Ealey,https://www.sports-reference.com/cbb/players/kaila-ealey-1.html,north-carolina-state,2019-20
