ranker,player_game_num_career,team_game_num_season,date,team_name_abbr,game_location,opp_name_abbr,game_type,game_result,is_starter,mp,fg,fga,fg_pct,fg3,fg3a,fg3_pct,fg2,fg2a,efg_pct,ft,fta,orb,drb,trb,ast,stl,blk,tov,pf,pts,game_score,player_name,player_sr_link,school,season
1,28,1,2019-11-06,NC State,,North Carolina A&T,REG (Non-Conf),W 80-44,,5,1,2,.500,1,2,.500,0,0,.750,0,0,0,1,1,1,0,0,0,0,3,3.0,Katie Wadsworth,https://www.sports-reference.com/cbb/players/katie-wadsworth-1.html,north-carolina-state,2019-20
2,29,2,2019-11-10,NC State,,UNC Wilmington,REG (Non-Conf),W 80-40,,3,1,1,1.000,1,1,1.000,0,0,1.500,0,0,1,0,1,0,0,0,0,0,3,3.4,Katie Wadsworth,https://www.sports-reference.com/cbb/players/katie-wadsworth-1.html,north-carolina-state,2019-20
3,30,3,2019-11-14,NC State,,Lamar,REG (Non-Conf),W 81-40,,4,0,1,.000,0,1,.000,0,0,.000,0,0,0,1,1,0,0,0,1,1,0,-1.8,Katie Wadsworth,https://www.sports-reference.com/cbb/players/katie-wadsworth-1.html,north-carolina-state,2019-20
4,31,4,2019-11-19,NC State,,Maine,REG (Non-Conf),W 62-34,,6,0,2,.000,0,2,.000,0,0,.000,0,0,0,0,0,0,1,0,1,0,0,-1.4,Katie Wadsworth,https://www.sports-reference.com/cbb/players/katie-wadsworth-1.html,north-carolina-state,2019-20
5,32,6,2019-11-29,NC State,@,Texas,REG (Non-Conf),W 84-73,,0,0,0,,0,0,,0,0,,0,0,0,0,0,0,0,0,0,0,0,0.0,Katie Wadsworth,https://www.sports-reference.com/cbb/players/katie-wadsworth-1.html,north-carolina-state,2019-20
6,33,11,2019-12-19,NC State,,Chattanooga,REG (Non-Conf),W 74-38,,3,0,1,.000,0,1,.000,0,0,.000,0,0,0,0,0,0,0,0,0,1,0,-1.1,Katie Wadsworth,https://www.sports-reference.com/cbb/players/katie-wadsworth-1.html,north-carolina-state,2019-20
7,34,14,2020-01-05,NC State,,Virginia,REG (Conf),W 80-60,,1,0,0,,0,0,,0,0,,0,0,0,0,0,0,0,0,0,0,0,0.0,Katie Wadsworth,https://www.sports-reference.com/cbb/players/katie-wadsworth-1.html,north-carolina-state,2019-20
8,35,16,2020-01-12,NC State,@,Notre Dame,REG (Conf),W 90-56,,3,0,3,.000,0,3,.000,0,0,.000,0,0,0,0,0,0,0,0,0,0,0,-2.1,Katie Wadsworth,https://www.sports-reference.com/cbb/players/katie-wadsworth-1.html,north-carolina-state,2019-20
9,36,19,2020-01-23,NC State,@,Pittsburgh,REG (Conf),W 88-44,,2,0,1,.000,0,1,.000,0,0,.000,0,0,0,0,0,0,0,0,0,0,0,-0.7,Katie Wadsworth,https://www.sports-reference.com/cbb/players/katie-wadsworth-1.html,north-carolina-state,2019-20
