ranker,player_game_num_career,team_game_num_season,date,team_name_abbr,game_location,opp_name_abbr,game_type,game_result,is_starter,mp,fg,fga,fg_pct,fg3,fg3a,fg3_pct,fg2,fg2a,fg2_pct,efg_pct,ft,fta,ft_pct,orb,drb,trb,ast,stl,blk,tov,pf,pts,game_score,player_name,player_sr_link,school,season
1,50,1,2019-11-06,NC State,,North Carolina A&T,REG (Non-Conf),W 80-44,*,20,5,7,.714,3,4,.750,2,3,.667,.929,1,2,.500,0,4,4,0,0,1,0,0,14,12.6,Kayla Jones,https://www.sports-reference.com/cbb/players/kayla-jones-1.html,north-carolina-state,2019-20
2,51,2,2019-11-10,NC State,,UNC Wilmington,REG (Non-Conf),W 80-40,*,23,4,7,.571,1,2,.500,3,5,.600,.643,2,5,.400,3,6,9,6,1,0,1,0,11,14.6,Kayla Jones,https://www.sports-reference.com/cbb/players/kayla-jones-1.html,north-carolina-state,2019-20
3,52,3,2019-11-14,NC State,,Lamar,REG (Non-Conf),W 81-40,*,24,4,5,.800,1,1,1.000,3,4,.750,.900,6,6,1.000,0,5,5,0,0,0,0,2,15,13.8,Kayla Jones,https://www.sports-reference.com/cbb/players/kayla-jones-1.html,north-carolina-state,2019-20
4,53,4,2019-11-19,NC State,,Maine,REG (Non-Conf),W 62-34,*,26,2,9,.222,0,2,.000,2,7,.286,.222,1,1,1.000,3,5,8,3,1,0,1,0,5,5.2,Kayla Jones,https://www.sports-reference.com/cbb/players/kayla-jones-1.html,north-carolina-state,2019-20
5,54,5,2019-11-24,NC State,@,St. Mary's (CA),REG (Non-Conf),W 87-70,*,29,6,12,.500,2,5,.400,4,7,.571,.583,0,0,,1,10,11,3,0,0,3,2,14,10.0,Kayla Jones,https://www.sports-reference.com/cbb/players/kayla-jones-1.html,north-carolina-state,2019-20
6,55,6,2019-11-29,NC State,@,Texas,REG (Non-Conf),W 84-73,*,33,1,3,.333,1,2,.500,0,1,.000,.500,0,0,,1,2,3,5,0,1,3,4,3,2.2,Kayla Jones,https://www.sports-reference.com/cbb/players/kayla-jones-1.html,north-carolina-state,2019-20
7,56,7,2019-11-30,NC State,@,Hawaii,REG (Non-Conf),W 68-59,*,27,2,6,.333,2,5,.400,0,1,.000,.500,0,0,,1,6,7,2,0,0,0,2,6,5.7,Kayla Jones,https://www.sports-reference.com/cbb/players/kayla-jones-1.html,north-carolina-state,2019-20
8,57,8,2019-12-01,NC State,,North Texas,REG (Non-Conf),W 76-65,*,27,5,6,.833,2,2,1.000,3,4,.750,1.000,1,1,1.000,2,2,4,2,0,0,1,1,13,12.8,Kayla Jones,https://www.sports-reference.com/cbb/players/kayla-jones-1.html,north-carolina-state,2019-20
9,58,9,2019-12-05,NC State,,Maryland,REG (Non-Conf),W 66-59,*,33,4,10,.400,1,3,.333,3,7,.429,.450,2,2,1.000,3,11,14,3,1,2,5,1,11,10.1,Kayla Jones,https://www.sports-reference.com/cbb/players/kayla-jones-1.html,north-carolina-state,2019-20
10,59,10,2019-12-15,NC State,,Elon,REG (Non-Conf),W 62-49,*,34,5,8,.625,0,2,.000,5,6,.833,.625,2,4,.500,3,4,7,2,1,0,0,2,12,12.5,Kayla Jones,https://www.sports-reference.com/cbb/players/kayla-jones-1.html,north-carolina-state,2019-20
11,60,11,2019-12-19,NC State,,Chattanooga,REG (Non-Conf),W 74-38,*,14,0,3,.000,0,2,.000,0,1,.000,.000,0,0,,3,3,6,0,0,0,1,0,0,-0.1,Kayla Jones,https://www.sports-reference.com/cbb/players/kayla-jones-1.html,north-carolina-state,2019-20
12,61,12,2019-12-29,NC State,@,Boston College,REG (Conf),W 72-54,*,28,5,9,.556,0,2,.000,5,7,.714,.556,0,2,.000,4,4,8,1,0,0,2,0,10,7.6,Kayla Jones,https://www.sports-reference.com/cbb/players/kayla-jones-1.html,north-carolina-state,2019-20
13,62,13,2020-01-02,NC State,,Virginia Tech,REG (Conf),W 76-69,*,33,4,10,.400,3,6,.500,1,4,.250,.550,0,0,,1,10,11,6,0,0,2,1,11,11.1,Kayla Jones,https://www.sports-reference.com/cbb/players/kayla-jones-1.html,north-carolina-state,2019-20
14,63,14,2020-01-05,NC State,,Virginia,REG (Conf),W 80-60,*,24,4,8,.500,1,4,.250,3,4,.750,.563,0,0,,1,5,6,4,0,0,2,1,9,7.6,Kayla Jones,https://www.sports-reference.com/cbb/players/kayla-jones-1.html,north-carolina-state,2019-20
15,64,15,2020-01-09,NC State,@,North Carolina,REG (Conf),L 60-66,*,36,4,11,.364,2,7,.286,2,4,.500,.455,0,0,,1,5,6,3,1,1,0,2,10,9.1,Kayla Jones,https://www.sports-reference.com/cbb/players/kayla-jones-1.html,north-carolina-state,2019-20
16,65,16,2020-01-12,NC State,@,Notre Dame,REG (Conf),W 90-56,*,22,6,7,.857,1,2,.500,5,5,1.000,.929,2,2,1.000,2,1,3,4,2,0,1,2,15,17.2,Kayla Jones,https://www.sports-reference.com/cbb/players/kayla-jones-1.html,north-carolina-state,2019-20
17,66,17,2020-01-16,NC State,,Florida State,REG (Conf),W 68-51,*,31,4,10,.400,0,4,.000,4,6,.667,.400,2,2,1.000,1,3,4,1,0,0,2,2,10,4.1,Kayla Jones,https://www.sports-reference.com/cbb/players/kayla-jones-1.html,north-carolina-state,2019-20
18,67,18,2020-01-19,NC State,,Wake Forest,REG (Conf),W 59-45,*,37,5,11,.455,0,1,.000,5,10,.500,.455,5,6,.833,4,7,11,4,1,0,4,1,15,13.2,Kayla Jones,https://www.sports-reference.com/cbb/players/kayla-jones-1.html,north-carolina-state,2019-20
19,68,19,2020-01-23,NC State,@,Pittsburgh,REG (Conf),W 88-44,*,22,3,6,.500,2,4,.500,1,2,.500,.667,0,0,,1,4,5,3,0,1,1,1,8,8.3,Kayla Jones,https://www.sports-reference.com/cbb/players/kayla-jones-1.html,north-carolina-state,2019-20
20,69,20,2020-01-26,NC State,,North Carolina,REG (Conf),W 76-68,*,28,4,6,.667,2,2,1.000,2,4,.500,.833,0,0,,1,6,7,1,0,0,2,1,10,8.2,Kayla Jones,https://www.sports-reference.com/cbb/players/kayla-jones-1.html,north-carolina-state,2019-20
21,70,21,2020-01-30,NC State,@,Clemson,REG (Conf),W 79-60,*,27,6,9,.667,2,4,.500,4,5,.800,.778,1,1,1.000,4,2,6,2,2,0,2,1,15,15.5,Kayla Jones,https://www.sports-reference.com/cbb/players/kayla-jones-1.html,north-carolina-state,2019-20
22,71,22,2020-02-02,NC State,@,Duke,REG (Conf),W 63-60,*,37,2,5,.400,0,1,.000,2,4,.500,.400,2,4,.500,3,9,12,5,0,0,4,3,6,5.6,Kayla Jones,https://www.sports-reference.com/cbb/players/kayla-jones-1.html,north-carolina-state,2019-20
23,72,23,2020-02-06,NC State,@,Virginia Tech,REG (Conf),W 71-59,*,31,2,8,.250,1,4,.250,1,4,.250,.313,2,2,1.000,1,3,4,1,0,1,1,0,7,4.2,Kayla Jones,https://www.sports-reference.com/cbb/players/kayla-jones-1.html,north-carolina-state,2019-20
24,73,24,2020-02-13,NC State,,Louisville,REG (Conf),L 59-66,*,29,8,14,.571,0,2,.000,8,12,.667,.571,1,1,1.000,3,4,7,0,0,0,0,2,17,12.9,Kayla Jones,https://www.sports-reference.com/cbb/players/kayla-jones-1.html,north-carolina-state,2019-20
25,74,25,2020-02-16,NC State,,Georgia Tech,REG (Conf),L 61-65,*,37,7,14,.500,1,6,.167,6,8,.750,.536,2,3,.667,2,2,4,0,1,0,2,1,17,10.2,Kayla Jones,https://www.sports-reference.com/cbb/players/kayla-jones-1.html,north-carolina-state,2019-20
26,75,26,2020-02-20,NC State,@,Miami (FL),REG (Conf),W 50-48,*,31,1,8,.125,0,1,.000,1,7,.143,.125,0,0,,2,8,10,5,0,0,4,1,2,-0.3,Kayla Jones,https://www.sports-reference.com/cbb/players/kayla-jones-1.html,north-carolina-state,2019-20
27,76,27,2020-02-24,NC State,,Duke,REG (Conf),L 65-70,*,28,3,9,.333,1,4,.250,2,5,.400,.389,2,2,1.000,0,4,4,2,0,0,4,1,9,2.1,Kayla Jones,https://www.sports-reference.com/cbb/players/kayla-jones-1.html,north-carolina-state,2019-20
28,77,28,2020-02-27,NC State,,Syracuse,REG (Conf),W 69-60,*,35,5,13,.385,2,6,.333,3,7,.429,.462,0,0,,3,11,14,4,0,1,3,1,12,10.4,Kayla Jones,https://www.sports-reference.com/cbb/players/kayla-jones-1.html,north-carolina-state,2019-20
29,78,29,2020-03-01,NC State,@,Virginia,REG (Conf),W 75-64,*,34,6,9,.667,3,4,.750,3,5,.600,.833,1,2,.500,0,4,4,3,2,0,3,4,16,12.4,Kayla Jones,https://www.sports-reference.com/cbb/players/kayla-jones-1.html,north-carolina-state,2019-20
30,79,30,2020-03-06,NC State,,Georgia Tech,CTOURN,W 57-48,*,36,1,4,.250,0,1,.000,1,3,.333,.250,0,0,,0,10,10,2,0,0,1,1,2,2.6,Kayla Jones,https://www.sports-reference.com/cbb/players/kayla-jones-1.html,north-carolina-state,2019-20
31,80,31,2020-03-07,NC State,,Boston College,CTOURN,W 82-75,*,21,3,6,.500,2,3,.667,1,3,.333,.667,1,2,.500,3,1,4,0,1,0,1,2,9,7.2,Kayla Jones,https://www.sports-reference.com/cbb/players/kayla-jones-1.html,north-carolina-state,2019-20
32,81,32,2020-03-08,NC State,,Florida State,CTOURN,W 71-66,*,31,2,5,.400,1,3,.333,1,2,.500,.500,1,2,.500,0,9,9,4,0,0,1,0,6,7.4,Kayla Jones,https://www.sports-reference.com/cbb/players/kayla-jones-1.html,north-carolina-state,2019-20
