ranker,player_game_num_career,team_game_num_season,date,team_name_abbr,game_location,opp_name_abbr,game_type,game_result,is_starter,mp,fg,fga,fg_pct,fg3,fg3a,fg3_pct,fg2,fg2a,fg2_pct,efg_pct,ft,fta,ft_pct,orb,drb,trb,ast,stl,blk,tov,pf,pts,game_score,player_name,player_sr_link,school,season
1,1,1,2019-11-14,Texas Tech,,Sam Houston State,REG (Non-Conf),W 99-57,,31,6,8,.750,1,1,1.000,5,7,.714,.813,10,11,.909,4,9,13,1,2,0,3,1,23,24.2,Alexis Tucker,https://www.sports-reference.com/cbb/players/alexis-tucker-1.html,texas-tech,2019-20
2,2,2,2019-11-18,Texas Tech,,Florida A&M,REG (Non-Conf),W 98-60,*,32,5,9,.556,1,2,.500,4,7,.571,.611,6,8,.750,3,6,9,0,2,0,4,1,17,13.4,Alexis Tucker,https://www.sports-reference.com/cbb/players/alexis-tucker-1.html,texas-tech,2019-20
3,3,3,2019-11-22,Texas Tech,,Northwestern State,REG (Non-Conf),W 79-49,*,29,3,6,.500,0,1,.000,3,5,.600,.500,0,0,,4,5,9,1,1,1,1,1,6,8.3,Alexis Tucker,https://www.sports-reference.com/cbb/players/alexis-tucker-1.html,texas-tech,2019-20
4,4,4,2019-11-29,Texas Tech,@,Purdue Fort Wayne,REG (Non-Conf),W 82-48,*,33,8,9,.889,0,1,.000,8,8,1.000,.889,6,8,.750,3,6,9,5,1,0,2,0,22,24.5,Alexis Tucker,https://www.sports-reference.com/cbb/players/alexis-tucker-1.html,texas-tech,2019-20
5,5,5,2019-11-30,Texas Tech,@,San Diego,REG (Non-Conf),W 64-60,*,36,4,7,.571,0,1,.000,4,6,.667,.571,3,4,.750,1,6,7,3,2,0,5,5,11,6.9,Alexis Tucker,https://www.sports-reference.com/cbb/players/alexis-tucker-1.html,texas-tech,2019-20
6,6,6,2019-12-04,Texas Tech,,Ole Miss,REG (Non-Conf),W 84-48,*,38,8,11,.727,0,0,,8,11,.727,.727,1,2,.500,5,10,15,4,4,0,1,1,17,24.0,Alexis Tucker,https://www.sports-reference.com/cbb/players/alexis-tucker-1.html,texas-tech,2019-20
7,7,7,2019-12-15,Texas Tech,,Houston Baptist,REG (Non-Conf),W 59-51,*,33,7,12,.583,0,0,,7,12,.583,.583,2,2,1.000,1,8,9,4,2,1,2,0,16,17.0,Alexis Tucker,https://www.sports-reference.com/cbb/players/alexis-tucker-1.html,texas-tech,2019-20
8,8,8,2019-12-17,Texas Tech,,Prairie View A&M,REG (Non-Conf),W 82-48,,24,4,7,.571,0,0,,4,7,.571,.571,4,6,.667,2,6,8,2,1,1,1,0,12,13.2,Alexis Tucker,https://www.sports-reference.com/cbb/players/alexis-tucker-1.html,texas-tech,2019-20
9,9,9,2019-12-20,Texas Tech,,Arkansas–Pine Bluff,REG (Non-Conf),W 81-55,,33,8,12,.667,1,1,1.000,7,11,.636,.708,3,4,.750,2,4,6,6,7,2,4,1,20,25.2,Alexis Tucker,https://www.sports-reference.com/cbb/players/alexis-tucker-1.html,texas-tech,2019-20
10,10,10,2019-12-22,Texas Tech,,Louisiana–Monroe,REG (Non-Conf),W 83-38,*,25,5,14,.357,0,0,,5,14,.357,.357,8,8,1.000,3,3,6,0,1,2,1,1,18,14.2,Alexis Tucker,https://www.sports-reference.com/cbb/players/alexis-tucker-1.html,texas-tech,2019-20
11,11,11,2019-12-29,Texas Tech,,UTSA,REG (Non-Conf),W 115-58,*,20,6,9,.667,0,0,,6,9,.667,.667,1,2,.500,3,4,7,2,0,0,0,0,13,13.4,Alexis Tucker,https://www.sports-reference.com/cbb/players/alexis-tucker-1.html,texas-tech,2019-20
12,12,12,2020-01-03,Texas Tech,,Iowa State,REG (Conf),L 66-96,*,9,2,5,.400,0,0,,2,5,.400,.400,0,0,,2,0,2,0,0,0,1,0,4,1.7,Alexis Tucker,https://www.sports-reference.com/cbb/players/alexis-tucker-1.html,texas-tech,2019-20
13,13,13,2020-01-08,Texas Tech,@,TCU,REG (Conf),W 80-76,,24,5,7,.714,0,0,,5,7,.714,.714,2,6,.333,1,8,9,0,0,0,1,3,12,8.4,Alexis Tucker,https://www.sports-reference.com/cbb/players/alexis-tucker-1.html,texas-tech,2019-20
14,14,14,2020-01-11,Texas Tech,,Kansas State,REG (Conf),L 72-76,,25,6,10,.600,0,1,.000,6,9,.667,.600,4,4,1.000,2,2,4,2,0,0,2,1,16,12.4,Alexis Tucker,https://www.sports-reference.com/cbb/players/alexis-tucker-1.html,texas-tech,2019-20
15,15,15,2020-01-15,Texas Tech,@,Texas,REG (Conf),L 66-92,*,30,4,10,.400,1,3,.333,3,7,.429,.450,4,5,.800,1,3,4,0,1,2,3,4,13,6.6,Alexis Tucker,https://www.sports-reference.com/cbb/players/alexis-tucker-1.html,texas-tech,2019-20
16,16,16,2020-01-18,Texas Tech,@,Kansas,REG (Conf),L 50-67,,20,2,6,.333,0,0,,2,6,.333,.333,2,2,1.000,2,2,4,0,0,0,2,1,6,2.2,Alexis Tucker,https://www.sports-reference.com/cbb/players/alexis-tucker-1.html,texas-tech,2019-20
17,17,17,2020-01-22,Texas Tech,,Oklahoma,REG (Conf),W 89-84 (OT),,24,3,3,1.000,0,0,,3,3,1.000,1.000,2,2,1.000,1,1,2,1,2,1,1,3,8,9.3,Alexis Tucker,https://www.sports-reference.com/cbb/players/alexis-tucker-1.html,texas-tech,2019-20
18,18,18,2020-01-25,Texas Tech,@,Baylor,REG (Conf),L 79-87,,5,2,2,1.000,0,0,,2,2,1.000,1.000,0,0,,0,0,0,0,0,0,1,1,4,2.0,Alexis Tucker,https://www.sports-reference.com/cbb/players/alexis-tucker-1.html,texas-tech,2019-20
19,19,19,2020-02-01,Texas Tech,,Oklahoma State,REG (Conf),W 109-79,,25,7,10,.700,0,0,,7,10,.700,.700,1,2,.500,0,4,4,1,2,1,1,0,15,14.0,Alexis Tucker,https://www.sports-reference.com/cbb/players/alexis-tucker-1.html,texas-tech,2019-20
20,20,20,2020-02-05,Texas Tech,@,Kansas State,REG (Conf),L 70-84,,26,4,10,.400,0,1,.000,4,9,.444,.400,6,9,.667,1,2,3,0,1,0,0,4,14,8.1,Alexis Tucker,https://www.sports-reference.com/cbb/players/alexis-tucker-1.html,texas-tech,2019-20
21,21,21,2020-02-09,Texas Tech,,Texas,REG (Conf),L 66-81,,15,3,6,.500,0,0,,3,6,.500,.500,0,0,,2,1,3,1,0,0,2,2,6,2.6,Alexis Tucker,https://www.sports-reference.com/cbb/players/alexis-tucker-1.html,texas-tech,2019-20
22,22,22,2020-02-12,Texas Tech,,Kansas,REG (Conf),W 89-72,,18,3,9,.333,0,1,.000,3,8,.375,.333,4,4,1.000,4,2,6,2,0,0,2,1,10,7.3,Alexis Tucker,https://www.sports-reference.com/cbb/players/alexis-tucker-1.html,texas-tech,2019-20
23,23,23,2020-02-15,Texas Tech,@,West Virginia,REG (Conf),L 60-67,,30,4,11,.364,2,6,.333,2,5,.400,.455,2,2,1.000,2,3,5,2,1,1,0,1,12,10.9,Alexis Tucker,https://www.sports-reference.com/cbb/players/alexis-tucker-1.html,texas-tech,2019-20
24,24,24,2020-02-18,Texas Tech,,Baylor,REG (Conf),L 62-77,,8,0,1,.000,0,0,,0,1,.000,.000,2,4,.500,1,1,2,1,0,0,0,1,2,1.8,Alexis Tucker,https://www.sports-reference.com/cbb/players/alexis-tucker-1.html,texas-tech,2019-20
25,25,25,2020-02-23,Texas Tech,@,Iowa State,REG (Conf),W 77-74,,19,3,7,.429,0,2,.000,3,5,.600,.429,1,1,1.000,1,2,3,0,0,0,1,1,7,3.2,Alexis Tucker,https://www.sports-reference.com/cbb/players/alexis-tucker-1.html,texas-tech,2019-20
26,26,26,2020-02-26,Texas Tech,@,Oklahoma State,REG (Conf),L 58-74,,23,0,2,.000,0,0,,0,2,.000,.000,1,2,.500,2,3,5,1,0,0,1,2,1,0.4,Alexis Tucker,https://www.sports-reference.com/cbb/players/alexis-tucker-1.html,texas-tech,2019-20
27,27,27,2020-03-01,Texas Tech,,TCU,REG (Conf),W 87-83,,25,0,3,.000,0,1,.000,0,2,.000,.000,1,2,.500,0,3,3,0,2,1,2,3,1,-1.1,Alexis Tucker,https://www.sports-reference.com/cbb/players/alexis-tucker-1.html,texas-tech,2019-20
28,28,28,2020-03-04,Texas Tech,,West Virginia,REG (Conf),L 69-71,,7,1,3,.333,0,1,.000,1,2,.500,.333,0,0,,0,0,0,0,0,0,1,0,2,-0.7,Alexis Tucker,https://www.sports-reference.com/cbb/players/alexis-tucker-1.html,texas-tech,2019-20
29,29,29,2020-03-07,Texas Tech,@,Oklahoma,REG (Conf),W 106-94,,16,1,3,.333,0,1,.000,1,2,.500,.333,1,2,.500,1,2,3,3,0,0,6,1,3,-2.1,Alexis Tucker,https://www.sports-reference.com/cbb/players/alexis-tucker-1.html,texas-tech,2019-20
