ranker,player_game_num_career,team_game_num_season,date,team_name_abbr,game_location,opp_name_abbr,game_type,game_result,is_starter,mp,fg,fga,fg_pct,fg3,fg3a,fg3_pct,fg2,fg2a,fg2_pct,efg_pct,ft,fta,ft_pct,orb,drb,trb,ast,stl,blk,tov,pf,pts,game_score,player_name,player_sr_link,school,season
1,93,1,2019-11-14,Texas Tech,,Sam Houston State,REG (Non-Conf),W 99-57,*,29,8,14,.571,0,1,.000,8,13,.615,.571,1,3,.333,4,10,14,0,1,8,4,1,17,17.6,Brittany Brewer,https://www.sports-reference.com/cbb/players/brittany-brewer-1.html,texas-tech,2019-20
2,94,2,2019-11-18,Texas Tech,,Florida A&M,REG (Non-Conf),W 98-60,*,34,9,17,.529,0,0,,9,17,.529,.529,0,0,,4,10,14,2,2,5,4,2,18,17.6,Brittany Brewer,https://www.sports-reference.com/cbb/players/brittany-brewer-1.html,texas-tech,2019-20
3,95,3,2019-11-22,Texas Tech,,Northwestern State,REG (Non-Conf),W 79-49,*,28,8,14,.571,0,0,,8,14,.571,.571,7,9,.778,3,7,10,0,1,7,3,2,23,21.9,Brittany Brewer,https://www.sports-reference.com/cbb/players/brittany-brewer-1.html,texas-tech,2019-20
4,96,4,2019-11-29,Texas Tech,@,Purdue Fort Wayne,REG (Non-Conf),W 82-48,*,25,7,12,.583,0,0,,7,12,.583,.583,1,4,.250,6,4,10,2,0,2,3,3,15,12.2,Brittany Brewer,https://www.sports-reference.com/cbb/players/brittany-brewer-1.html,texas-tech,2019-20
5,97,5,2019-11-30,Texas Tech,@,San Diego,REG (Non-Conf),W 64-60,*,38,5,10,.500,0,1,.000,5,9,.556,.500,6,8,.750,3,6,9,0,0,7,3,3,16,14.8,Brittany Brewer,https://www.sports-reference.com/cbb/players/brittany-brewer-1.html,texas-tech,2019-20
6,98,6,2019-12-04,Texas Tech,,Ole Miss,REG (Non-Conf),W 84-48,*,36,11,29,.379,0,4,.000,11,25,.440,.379,0,0,,5,8,13,0,0,5,2,3,22,12.3,Brittany Brewer,https://www.sports-reference.com/cbb/players/brittany-brewer-1.html,texas-tech,2019-20
7,99,7,2019-12-15,Texas Tech,,Houston Baptist,REG (Non-Conf),W 59-51,*,30,5,13,.385,0,0,,5,13,.385,.385,1,2,.500,3,6,9,3,0,5,1,2,11,11.2,Brittany Brewer,https://www.sports-reference.com/cbb/players/brittany-brewer-1.html,texas-tech,2019-20
8,100,8,2019-12-17,Texas Tech,,Prairie View A&M,REG (Non-Conf),W 82-48,*,23,6,10,.600,0,0,,6,10,.600,.600,0,0,,4,8,12,0,0,5,3,2,12,12.3,Brittany Brewer,https://www.sports-reference.com/cbb/players/brittany-brewer-1.html,texas-tech,2019-20
9,101,9,2019-12-20,Texas Tech,,Arkansas–Pine Bluff,REG (Non-Conf),W 81-55,*,22,5,11,.455,0,1,.000,5,10,.500,.455,2,4,.500,1,8,9,0,0,2,3,3,12,5.8,Brittany Brewer,https://www.sports-reference.com/cbb/players/brittany-brewer-1.html,texas-tech,2019-20
10,102,10,2019-12-22,Texas Tech,,Louisiana–Monroe,REG (Non-Conf),W 83-38,*,28,4,9,.444,0,0,,4,9,.444,.444,4,8,.500,1,13,14,2,0,16,1,1,12,21.5,Brittany Brewer,https://www.sports-reference.com/cbb/players/brittany-brewer-1.html,texas-tech,2019-20
11,103,11,2019-12-29,Texas Tech,,UTSA,REG (Non-Conf),W 115-58,*,27,10,13,.769,0,0,,10,13,.769,.769,2,2,1.000,2,4,6,2,0,7,1,2,22,24.0,Brittany Brewer,https://www.sports-reference.com/cbb/players/brittany-brewer-1.html,texas-tech,2019-20
12,104,12,2020-01-03,Texas Tech,,Iowa State,REG (Conf),L 66-96,*,36,9,21,.429,0,0,,9,21,.429,.429,2,2,1.000,2,3,5,0,1,0,2,2,20,9.4,Brittany Brewer,https://www.sports-reference.com/cbb/players/brittany-brewer-1.html,texas-tech,2019-20
13,105,13,2020-01-08,Texas Tech,@,TCU,REG (Conf),W 80-76,*,17,1,3,.333,0,0,,1,3,.333,.333,3,4,.750,3,2,5,0,0,3,3,5,5,2.7,Brittany Brewer,https://www.sports-reference.com/cbb/players/brittany-brewer-1.html,texas-tech,2019-20
14,106,14,2020-01-11,Texas Tech,,Kansas State,REG (Conf),L 72-76,*,38,7,13,.538,1,1,1.000,6,12,.500,.577,2,2,1.000,4,13,17,2,1,2,3,1,17,17.8,Brittany Brewer,https://www.sports-reference.com/cbb/players/brittany-brewer-1.html,texas-tech,2019-20
15,107,15,2020-01-15,Texas Tech,@,Texas,REG (Conf),L 66-92,*,33,6,16,.375,0,3,.000,6,13,.462,.375,4,4,1.000,3,4,7,0,0,2,2,5,16,7.9,Brittany Brewer,https://www.sports-reference.com/cbb/players/brittany-brewer-1.html,texas-tech,2019-20
16,108,16,2020-01-18,Texas Tech,@,Kansas,REG (Conf),L 50-67,*,21,3,10,.300,0,1,.000,3,9,.333,.300,0,0,,6,6,12,2,2,1,1,5,6,7.3,Brittany Brewer,https://www.sports-reference.com/cbb/players/brittany-brewer-1.html,texas-tech,2019-20
17,109,17,2020-01-22,Texas Tech,,Oklahoma,REG (Conf),W 89-84 (OT),*,37,2,5,.400,0,0,,2,5,.400,.400,2,2,1.000,4,7,11,2,2,1,1,4,6,9.7,Brittany Brewer,https://www.sports-reference.com/cbb/players/brittany-brewer-1.html,texas-tech,2019-20
18,110,18,2020-01-25,Texas Tech,@,Baylor,REG (Conf),L 79-87,*,35,10,17,.588,3,6,.500,7,11,.636,.676,1,2,.500,5,4,9,0,1,1,1,4,24,19.5,Brittany Brewer,https://www.sports-reference.com/cbb/players/brittany-brewer-1.html,texas-tech,2019-20
19,111,19,2020-02-01,Texas Tech,,Oklahoma State,REG (Conf),W 109-79,*,30,12,19,.632,2,4,.500,10,15,.667,.684,0,0,,3,7,10,4,1,2,2,2,26,24.1,Brittany Brewer,https://www.sports-reference.com/cbb/players/brittany-brewer-1.html,texas-tech,2019-20
20,112,20,2020-02-05,Texas Tech,@,Kansas State,REG (Conf),L 70-84,*,34,5,10,.500,2,6,.333,3,4,.750,.600,0,0,,1,6,7,1,4,2,1,2,12,13.8,Brittany Brewer,https://www.sports-reference.com/cbb/players/brittany-brewer-1.html,texas-tech,2019-20
21,113,21,2020-02-09,Texas Tech,,Texas,REG (Conf),L 66-81,*,38,11,20,.550,0,0,,11,20,.550,.550,1,3,.333,5,7,12,1,1,8,2,5,23,21.5,Brittany Brewer,https://www.sports-reference.com/cbb/players/brittany-brewer-1.html,texas-tech,2019-20
22,114,22,2020-02-12,Texas Tech,,Kansas,REG (Conf),W 89-72,*,27,9,15,.600,0,1,.000,9,14,.643,.600,0,0,,4,2,6,1,0,4,2,3,18,14.8,Brittany Brewer,https://www.sports-reference.com/cbb/players/brittany-brewer-1.html,texas-tech,2019-20
23,115,23,2020-02-15,Texas Tech,@,West Virginia,REG (Conf),L 60-67,*,39,5,16,.313,0,0,,5,16,.313,.313,2,2,1.000,4,9,13,0,0,4,3,4,12,6.5,Brittany Brewer,https://www.sports-reference.com/cbb/players/brittany-brewer-1.html,texas-tech,2019-20
24,116,24,2020-02-18,Texas Tech,,Baylor,REG (Conf),L 62-77,*,37,7,16,.438,0,2,.000,7,14,.500,.438,5,6,.833,4,10,14,0,0,5,5,4,19,12.9,Brittany Brewer,https://www.sports-reference.com/cbb/players/brittany-brewer-1.html,texas-tech,2019-20
25,117,25,2020-02-23,Texas Tech,@,Iowa State,REG (Conf),W 77-74,*,39,12,17,.706,0,1,.000,12,16,.750,.706,3,5,.600,4,6,10,2,2,7,6,3,27,24.8,Brittany Brewer,https://www.sports-reference.com/cbb/players/brittany-brewer-1.html,texas-tech,2019-20
26,118,26,2020-02-26,Texas Tech,@,Oklahoma State,REG (Conf),L 58-74,*,39,12,26,.462,1,3,.333,11,23,.478,.481,0,0,,4,4,8,1,0,5,3,1,25,16.4,Brittany Brewer,https://www.sports-reference.com/cbb/players/brittany-brewer-1.html,texas-tech,2019-20
27,119,27,2020-03-01,Texas Tech,,TCU,REG (Conf),W 87-83,*,16,3,5,.600,0,0,,3,5,.600,.600,0,0,,3,4,7,0,0,1,2,5,6,3.7,Brittany Brewer,https://www.sports-reference.com/cbb/players/brittany-brewer-1.html,texas-tech,2019-20
28,120,28,2020-03-04,Texas Tech,,West Virginia,REG (Conf),L 69-71,*,39,10,15,.667,0,0,,10,15,.667,.667,1,2,.500,5,9,14,0,0,6,3,5,21,19.5,Brittany Brewer,https://www.sports-reference.com/cbb/players/brittany-brewer-1.html,texas-tech,2019-20
29,121,29,2020-03-07,Texas Tech,@,Oklahoma,REG (Conf),W 106-94,*,37,7,15,.467,0,2,.000,7,13,.538,.467,4,6,.667,6,6,12,0,2,4,2,2,18,17.5,Brittany Brewer,https://www.sports-reference.com/cbb/players/brittany-brewer-1.html,texas-tech,2019-20
