ranker,player_game_num_career,team_game_num_season,date,team_name_abbr,game_location,opp_name_abbr,game_type,game_result,is_starter,mp,fg,fga,fg_pct,fg3,fg3a,fg3_pct,fg2,fg2a,fg2_pct,efg_pct,ft,fta,ft_pct,orb,drb,trb,ast,stl,blk,tov,pf,pts,game_score,player_name,player_sr_link,school,season
1,1,1,2019-11-14,Texas Tech,,Sam Houston State,REG (Non-Conf),W 99-57,,17,4,6,.667,2,4,.500,2,2,1.000,.833,2,3,.667,1,1,2,1,2,0,0,0,12,12.7,Maka Jackson,https://www.sports-reference.com/cbb/players/maka-jackson-1.html,texas-tech,2019-20
2,2,2,2019-11-18,Texas Tech,,Florida A&M,REG (Non-Conf),W 98-60,,20,2,6,.333,0,2,.000,2,4,.500,.333,1,2,.500,0,2,2,3,1,0,1,2,5,3.1,Maka Jackson,https://www.sports-reference.com/cbb/players/maka-jackson-1.html,texas-tech,2019-20
3,3,3,2019-11-22,Texas Tech,,Northwestern State,REG (Non-Conf),W 79-49,,15,1,3,.333,0,2,.000,1,1,1.000,.333,0,0,,1,2,3,0,2,0,0,1,2,3.2,Maka Jackson,https://www.sports-reference.com/cbb/players/maka-jackson-1.html,texas-tech,2019-20
4,4,4,2019-11-29,Texas Tech,@,Purdue Fort Wayne,REG (Non-Conf),W 82-48,,23,4,6,.667,0,0,,4,6,.667,.667,0,0,,0,1,1,1,5,0,2,0,8,9.4,Maka Jackson,https://www.sports-reference.com/cbb/players/maka-jackson-1.html,texas-tech,2019-20
5,5,5,2019-11-30,Texas Tech,@,San Diego,REG (Non-Conf),W 64-60,,8,0,0,,0,0,,0,0,,,2,2,1.000,0,2,2,0,0,0,0,0,2,2.6,Maka Jackson,https://www.sports-reference.com/cbb/players/maka-jackson-1.html,texas-tech,2019-20
6,6,6,2019-12-04,Texas Tech,,Ole Miss,REG (Non-Conf),W 84-48,,13,0,2,.000,0,2,.000,0,0,,.000,0,0,,0,0,0,1,0,0,1,0,0,-1.7,Maka Jackson,https://www.sports-reference.com/cbb/players/maka-jackson-1.html,texas-tech,2019-20
7,7,7,2019-12-15,Texas Tech,,Houston Baptist,REG (Non-Conf),W 59-51,,7,0,2,.000,0,1,.000,0,1,.000,.000,0,0,,0,1,1,0,0,0,0,1,0,-1.5,Maka Jackson,https://www.sports-reference.com/cbb/players/maka-jackson-1.html,texas-tech,2019-20
8,8,8,2019-12-17,Texas Tech,,Prairie View A&M,REG (Non-Conf),W 82-48,,26,2,4,.500,0,0,,2,4,.500,.500,1,2,.500,0,2,2,2,3,0,2,0,5,5.6,Maka Jackson,https://www.sports-reference.com/cbb/players/maka-jackson-1.html,texas-tech,2019-20
9,9,9,2019-12-20,Texas Tech,,Arkansas–Pine Bluff,REG (Non-Conf),W 81-55,,21,2,4,.500,1,2,.500,1,2,.500,.625,2,2,1.000,0,2,2,0,2,0,0,0,7,7.6,Maka Jackson,https://www.sports-reference.com/cbb/players/maka-jackson-1.html,texas-tech,2019-20
10,10,10,2019-12-22,Texas Tech,,Louisiana–Monroe,REG (Non-Conf),W 83-38,,25,5,5,1.000,0,0,,5,5,1.000,1.000,6,6,1.000,0,4,4,2,2,0,1,1,16,17.7,Maka Jackson,https://www.sports-reference.com/cbb/players/maka-jackson-1.html,texas-tech,2019-20
11,11,11,2019-12-29,Texas Tech,,UTSA,REG (Non-Conf),W 115-58,,17,0,0,,0,0,,0,0,,,2,2,1.000,2,0,2,4,0,0,0,0,2,6.2,Maka Jackson,https://www.sports-reference.com/cbb/players/maka-jackson-1.html,texas-tech,2019-20
12,12,12,2020-01-03,Texas Tech,,Iowa State,REG (Conf),L 66-96,,26,0,1,.000,0,1,.000,0,0,,.000,0,0,,1,0,1,1,1,0,1,1,0,0.3,Maka Jackson,https://www.sports-reference.com/cbb/players/maka-jackson-1.html,texas-tech,2019-20
13,13,15,2020-01-15,Texas Tech,@,Texas,REG (Conf),L 66-92,,14,3,3,1.000,0,0,,3,3,1.000,1.000,1,2,.500,0,1,1,0,0,0,1,0,7,5.0,Maka Jackson,https://www.sports-reference.com/cbb/players/maka-jackson-1.html,texas-tech,2019-20
14,14,16,2020-01-18,Texas Tech,@,Kansas,REG (Conf),L 50-67,,6,0,2,.000,0,0,,0,2,.000,.000,0,0,,0,0,0,0,0,0,0,1,0,-1.8,Maka Jackson,https://www.sports-reference.com/cbb/players/maka-jackson-1.html,texas-tech,2019-20
15,15,17,2020-01-22,Texas Tech,,Oklahoma,REG (Conf),W 89-84 (OT),*,4,0,2,.000,0,0,,0,2,.000,.000,0,0,,0,0,0,0,1,0,0,1,0,-0.8,Maka Jackson,https://www.sports-reference.com/cbb/players/maka-jackson-1.html,texas-tech,2019-20
16,16,19,2020-02-01,Texas Tech,,Oklahoma State,REG (Conf),W 109-79,,6,0,2,.000,0,0,,0,2,.000,.000,0,0,,0,0,0,0,0,0,1,2,0,-3.2,Maka Jackson,https://www.sports-reference.com/cbb/players/maka-jackson-1.html,texas-tech,2019-20
17,17,21,2020-02-09,Texas Tech,,Texas,REG (Conf),L 66-81,,1,0,0,,0,0,,0,0,,,0,0,,0,0,0,0,0,0,1,0,0,-1.0,Maka Jackson,https://www.sports-reference.com/cbb/players/maka-jackson-1.html,texas-tech,2019-20
18,18,22,2020-02-12,Texas Tech,,Kansas,REG (Conf),W 89-72,,1,0,0,,0,0,,0,0,,,0,0,,0,0,0,0,0,0,0,0,0,0.0,Maka Jackson,https://www.sports-reference.com/cbb/players/maka-jackson-1.html,texas-tech,2019-20
19,19,24,2020-02-18,Texas Tech,,Baylor,REG (Conf),L 62-77,,0,0,0,,0,0,,0,0,,,0,0,,0,0,0,0,0,0,0,0,0,0.0,Maka Jackson,https://www.sports-reference.com/cbb/players/maka-jackson-1.html,texas-tech,2019-20
20,20,25,2020-02-23,Texas Tech,@,Iowa State,REG (Conf),W 77-74,,2,0,0,,0,0,,0,0,,,0,0,,0,0,0,1,0,0,0,1,0,0.3,Maka Jackson,https://www.sports-reference.com/cbb/players/maka-jackson-1.html,texas-tech,2019-20
21,21,26,2020-02-26,Texas Tech,@,Oklahoma State,REG (Conf),L 58-74,,8,0,1,.000,0,0,,0,1,.000,.000,0,0,,0,1,1,1,0,1,2,0,0,-1.0,Maka Jackson,https://www.sports-reference.com/cbb/players/maka-jackson-1.html,texas-tech,2019-20
22,22,27,2020-03-01,Texas Tech,,TCU,REG (Conf),W 87-83,,20,1,2,.500,0,0,,1,2,.500,.500,3,3,1.000,0,1,1,3,1,0,0,4,5,5.8,Maka Jackson,https://www.sports-reference.com/cbb/players/maka-jackson-1.html,texas-tech,2019-20
23,23,28,2020-03-04,Texas Tech,,West Virginia,REG (Conf),L 69-71,*,36,1,1,1.000,0,0,,1,1,1.000,1.000,1,4,.250,1,3,4,2,0,0,1,2,3,2.7,Maka Jackson,https://www.sports-reference.com/cbb/players/maka-jackson-1.html,texas-tech,2019-20
24,24,29,2020-03-07,Texas Tech,@,Oklahoma,REG (Conf),W 106-94,*,29,3,3,1.000,0,0,,3,3,1.000,1.000,0,1,.000,2,4,6,3,1,1,1,3,6,8.9,Maka Jackson,https://www.sports-reference.com/cbb/players/maka-jackson-1.html,texas-tech,2019-20
