ranker,player_game_num_career,team_game_num_season,date,team_name_abbr,game_location,opp_name_abbr,game_type,game_result,is_starter,mp,fg,fga,fg_pct,fg3,fg3a,fg3_pct,fg2,fg2a,fg2_pct,efg_pct,ft,fta,ft_pct,orb,drb,trb,ast,stl,blk,tov,pf,pts,game_score,player_name,player_sr_link,school,season
1,59,1,2019-11-14,Texas Tech,,Sam Houston State,REG (Non-Conf),W 99-57,*,29,5,8,.625,1,3,.333,4,5,.800,.688,1,2,.500,1,4,5,4,4,0,1,1,12,15.3,Sydney Goodson,https://www.sports-reference.com/cbb/players/sydney-goodson-1.html,texas-tech,2019-20
2,60,2,2019-11-18,Texas Tech,,Florida A&M,REG (Non-Conf),W 98-60,*,35,8,11,.727,5,8,.625,3,3,1.000,.955,0,0,,4,1,5,5,3,0,2,1,21,23.7,Sydney Goodson,https://www.sports-reference.com/cbb/players/sydney-goodson-1.html,texas-tech,2019-20
3,61,3,2019-11-22,Texas Tech,,Northwestern State,REG (Non-Conf),W 79-49,*,28,7,12,.583,3,7,.429,4,5,.800,.708,3,4,.750,3,4,7,2,4,0,5,0,20,17.7,Sydney Goodson,https://www.sports-reference.com/cbb/players/sydney-goodson-1.html,texas-tech,2019-20
4,62,4,2019-11-29,Texas Tech,@,Purdue Fort Wayne,REG (Non-Conf),W 82-48,*,26,3,5,.600,0,1,.000,3,4,.750,.600,0,0,,1,5,6,2,0,0,3,2,6,3.5,Sydney Goodson,https://www.sports-reference.com/cbb/players/sydney-goodson-1.html,texas-tech,2019-20
5,63,5,2019-11-30,Texas Tech,@,San Diego,REG (Non-Conf),W 64-60,*,38,1,6,.167,1,5,.200,0,1,.000,.250,0,0,,2,3,5,0,2,0,4,1,3,-0.9,Sydney Goodson,https://www.sports-reference.com/cbb/players/sydney-goodson-1.html,texas-tech,2019-20
6,64,6,2019-12-04,Texas Tech,,Ole Miss,REG (Non-Conf),W 84-48,*,36,4,9,.444,2,4,.500,2,5,.400,.556,4,5,.800,3,3,6,6,2,0,0,2,14,17.3,Sydney Goodson,https://www.sports-reference.com/cbb/players/sydney-goodson-1.html,texas-tech,2019-20
7,65,7,2019-12-15,Texas Tech,,Houston Baptist,REG (Non-Conf),W 59-51,*,34,0,8,.000,0,6,.000,0,2,.000,.000,1,2,.500,3,6,9,4,3,0,1,4,1,2.1,Sydney Goodson,https://www.sports-reference.com/cbb/players/sydney-goodson-1.html,texas-tech,2019-20
8,66,8,2019-12-17,Texas Tech,,Prairie View A&M,REG (Non-Conf),W 82-48,*,26,3,6,.500,2,4,.500,1,2,.500,.667,2,4,.500,1,7,8,2,1,0,5,1,10,6.0,Sydney Goodson,https://www.sports-reference.com/cbb/players/sydney-goodson-1.html,texas-tech,2019-20
9,67,9,2019-12-20,Texas Tech,,Arkansas–Pine Bluff,REG (Non-Conf),W 81-55,*,28,5,13,.385,0,6,.000,5,7,.714,.385,0,1,.000,3,6,9,4,2,0,2,3,10,8.0,Sydney Goodson,https://www.sports-reference.com/cbb/players/sydney-goodson-1.html,texas-tech,2019-20
10,68,10,2019-12-22,Texas Tech,,Louisiana–Monroe,REG (Non-Conf),W 83-38,*,24,2,7,.286,1,4,.250,1,3,.333,.357,0,0,,2,5,7,1,3,0,3,1,5,4.1,Sydney Goodson,https://www.sports-reference.com/cbb/players/sydney-goodson-1.html,texas-tech,2019-20
11,69,11,2019-12-29,Texas Tech,,UTSA,REG (Non-Conf),W 115-58,*,28,3,8,.375,1,3,.333,2,5,.400,.438,0,0,,1,3,4,4,3,0,2,1,7,7.6,Sydney Goodson,https://www.sports-reference.com/cbb/players/sydney-goodson-1.html,texas-tech,2019-20
12,70,12,2020-01-03,Texas Tech,,Iowa State,REG (Conf),L 66-96,*,29,1,4,.250,0,2,.000,1,2,.500,.250,0,0,,0,2,2,7,3,0,2,2,2,5.3,Sydney Goodson,https://www.sports-reference.com/cbb/players/sydney-goodson-1.html,texas-tech,2019-20
13,71,13,2020-01-08,Texas Tech,@,TCU,REG (Conf),W 80-76,*,40,5,14,.357,3,10,.300,2,4,.500,.464,2,2,1.000,3,1,4,2,1,1,5,4,15,6.1,Sydney Goodson,https://www.sports-reference.com/cbb/players/sydney-goodson-1.html,texas-tech,2019-20
14,72,14,2020-01-11,Texas Tech,,Kansas State,REG (Conf),L 72-76,*,26,2,6,.333,0,4,.000,2,2,1.000,.333,0,0,,2,6,8,1,0,0,1,2,4,2.7,Sydney Goodson,https://www.sports-reference.com/cbb/players/sydney-goodson-1.html,texas-tech,2019-20
15,73,15,2020-01-15,Texas Tech,@,Texas,REG (Conf),L 66-92,,9,0,2,.000,0,0,,0,2,.000,.000,0,2,.000,0,1,1,1,0,0,1,0,0,-2.2,Sydney Goodson,https://www.sports-reference.com/cbb/players/sydney-goodson-1.html,texas-tech,2019-20
16,74,16,2020-01-18,Texas Tech,@,Kansas,REG (Conf),L 50-67,*,35,2,7,.286,0,4,.000,2,3,.667,.286,2,2,1.000,0,3,3,1,3,0,2,3,6,3.3,Sydney Goodson,https://www.sports-reference.com/cbb/players/sydney-goodson-1.html,texas-tech,2019-20
17,75,17,2020-01-22,Texas Tech,,Oklahoma,REG (Conf),W 89-84 (OT),*,20,1,7,.143,0,3,.000,1,4,.250,.143,5,6,.833,1,1,2,2,1,0,0,1,7,5.1,Sydney Goodson,https://www.sports-reference.com/cbb/players/sydney-goodson-1.html,texas-tech,2019-20
18,76,18,2020-01-25,Texas Tech,@,Baylor,REG (Conf),L 79-87,,25,0,0,,0,0,,0,0,,,1,2,.500,2,5,7,5,1,0,0,1,1,7.6,Sydney Goodson,https://www.sports-reference.com/cbb/players/sydney-goodson-1.html,texas-tech,2019-20
19,77,19,2020-02-01,Texas Tech,,Oklahoma State,REG (Conf),W 109-79,,34,4,5,.800,3,3,1.000,1,2,.500,1.100,3,3,1.000,4,6,10,5,2,0,1,2,14,20.4,Sydney Goodson,https://www.sports-reference.com/cbb/players/sydney-goodson-1.html,texas-tech,2019-20
20,78,20,2020-02-05,Texas Tech,@,Kansas State,REG (Conf),L 70-84,*,24,0,1,.000,0,1,.000,0,0,,.000,2,2,1.000,4,3,7,0,0,0,2,4,2,1.4,Sydney Goodson,https://www.sports-reference.com/cbb/players/sydney-goodson-1.html,texas-tech,2019-20
21,79,21,2020-02-09,Texas Tech,,Texas,REG (Conf),L 66-81,*,40,2,4,.500,1,3,.333,1,1,1.000,.625,4,4,1.000,0,2,2,2,2,0,2,2,9,8.2,Sydney Goodson,https://www.sports-reference.com/cbb/players/sydney-goodson-1.html,texas-tech,2019-20
22,80,22,2020-02-12,Texas Tech,,Kansas,REG (Conf),W 89-72,*,32,1,2,.500,0,1,.000,1,1,1.000,.500,3,5,.600,4,4,8,4,4,0,3,3,5,9.8,Sydney Goodson,https://www.sports-reference.com/cbb/players/sydney-goodson-1.html,texas-tech,2019-20
23,81,23,2020-02-15,Texas Tech,@,West Virginia,REG (Conf),L 60-67,*,39,3,6,.500,1,2,.500,2,4,.500,.583,0,0,,3,5,8,3,2,0,3,5,7,6.7,Sydney Goodson,https://www.sports-reference.com/cbb/players/sydney-goodson-1.html,texas-tech,2019-20
24,82,24,2020-02-18,Texas Tech,,Baylor,REG (Conf),L 62-77,*,35,3,7,.429,1,5,.200,2,2,1.000,.500,2,2,1.000,1,2,3,0,2,0,1,4,9,6.0,Sydney Goodson,https://www.sports-reference.com/cbb/players/sydney-goodson-1.html,texas-tech,2019-20
