ranker,player_game_num_career,team_game_num_season,date,team_name_abbr,game_location,opp_name_abbr,game_type,game_result,is_starter,mp,fg,fga,fg_pct,fg3,fg3a,fg3_pct,fg2,fg2a,fg2_pct,efg_pct,ft,fta,ft_pct,orb,drb,trb,ast,stl,blk,tov,pf,pts,game_score,player_name,player_sr_link,school,season
1,31,1,2022-11-07,Eastern Washington,,Corban,REG (Non-Conf),W 86-47,,12,3,6,.500,1,2,.500,2,4,.500,.583,0,0,,0,1,1,0,0,0,0,1,7,3.9,Alexis Pettis,https://www.sports-reference.com/cbb/players/alexis-pettis-1.html,eastern-washington,2022-23
2,32,2,2022-11-11,Eastern Washington,@,Boise State,REG (Non-Conf),W 83-74,,8,1,1,1.000,0,0,,1,1,1.000,1.000,2,2,1.000,0,1,1,0,0,0,0,0,4,4.0,Alexis Pettis,https://www.sports-reference.com/cbb/players/alexis-pettis-1.html,eastern-washington,2022-23
3,33,3,2022-11-14,Eastern Washington,,Southern Utah,REG (Non-Conf),W 62-60,,8,0,3,.000,0,1,.000,0,2,.000,.000,0,0,,0,1,1,0,0,0,2,0,0,-3.8,Alexis Pettis,https://www.sports-reference.com/cbb/players/alexis-pettis-1.html,eastern-washington,2022-23
4,34,4,2022-11-17,Eastern Washington,@,Oregon State,REG (Non-Conf),L 66-73,,11,0,3,.000,0,1,.000,0,2,.000,.000,0,0,,0,0,0,0,0,0,0,2,0,-2.9,Alexis Pettis,https://www.sports-reference.com/cbb/players/alexis-pettis-1.html,eastern-washington,2022-23
5,35,5,2022-11-20,Eastern Washington,,Evergreen St.,REG (Non-Conf),W 90-44,,4,0,0,,0,0,,0,0,,,2,2,1.000,0,0,0,1,0,0,0,0,2,2.7,Alexis Pettis,https://www.sports-reference.com/cbb/players/alexis-pettis-1.html,eastern-washington,2022-23
6,36,9,2022-12-13,Eastern Washington,@,Seattle,REG (Non-Conf),W 66-60,,11,2,6,.333,0,2,.000,2,4,.500,.333,1,2,.500,3,0,3,0,0,0,0,1,5,2.9,Alexis Pettis,https://www.sports-reference.com/cbb/players/alexis-pettis-1.html,eastern-washington,2022-23
7,37,10,2022-12-15,Eastern Washington,@,Oregon,REG (Non-Conf),L 38-88,,8,0,5,.000,0,1,.000,0,4,.000,.000,0,0,,0,0,0,0,1,0,0,0,0,-2.5,Alexis Pettis,https://www.sports-reference.com/cbb/players/alexis-pettis-1.html,eastern-washington,2022-23
8,38,11,2022-12-20,Eastern Washington,,Utah State,REG (Non-Conf),W 84-54,,7,2,3,.667,1,1,1.000,1,2,.500,.833,0,1,.000,0,1,1,0,0,0,1,2,5,1.8,Alexis Pettis,https://www.sports-reference.com/cbb/players/alexis-pettis-1.html,eastern-washington,2022-23
9,39,12,2022-12-29,Eastern Washington,,Montana,REG (Conf),L 70-81,,11,3,7,.429,1,2,.500,2,5,.400,.500,0,0,,0,2,2,0,0,0,0,0,7,3.9,Alexis Pettis,https://www.sports-reference.com/cbb/players/alexis-pettis-1.html,eastern-washington,2022-23
10,40,13,2022-12-31,Eastern Washington,,Montana State,REG (Conf),L 84-92,,6,2,2,1.000,0,0,,2,2,1.000,1.000,2,2,1.000,1,1,2,1,0,0,1,1,6,5.7,Alexis Pettis,https://www.sports-reference.com/cbb/players/alexis-pettis-1.html,eastern-washington,2022-23
11,41,14,2023-01-05,Eastern Washington,@,Portland State,REG (Conf),W 65-56,,11,0,2,.000,0,0,,0,2,.000,.000,1,2,.500,0,1,1,0,1,0,1,2,1,-1.3,Alexis Pettis,https://www.sports-reference.com/cbb/players/alexis-pettis-1.html,eastern-washington,2022-23
12,42,15,2023-01-07,Eastern Washington,@,Sacramento State,REG (Conf),L 74-82,,17,5,10,.500,0,1,.000,5,9,.556,.500,3,6,.500,0,0,0,2,2,0,2,4,13,6.6,Alexis Pettis,https://www.sports-reference.com/cbb/players/alexis-pettis-1.html,eastern-washington,2022-23
13,43,16,2023-01-14,Eastern Washington,,Idaho,REG (Conf),W 74-59,,14,4,7,.571,0,2,.000,4,5,.800,.571,0,0,,0,0,0,1,0,0,2,3,8,2.2,Alexis Pettis,https://www.sports-reference.com/cbb/players/alexis-pettis-1.html,eastern-washington,2022-23
14,44,17,2023-01-16,Eastern Washington,@,Montana,REG (Conf),W 87-60,,15,1,3,.333,0,0,,1,3,.333,.333,1,2,.500,0,3,3,2,3,0,1,1,3,4.8,Alexis Pettis,https://www.sports-reference.com/cbb/players/alexis-pettis-1.html,eastern-washington,2022-23
15,45,18,2023-01-19,Eastern Washington,,Northern Colorado,REG (Conf),W 49-36,,6,0,0,,0,0,,0,0,,,0,0,,0,0,0,0,0,0,0,0,0,0.0,Alexis Pettis,https://www.sports-reference.com/cbb/players/alexis-pettis-1.html,eastern-washington,2022-23
16,46,19,2023-01-21,Eastern Washington,,Northern Arizona,REG (Conf),W 96-89 (OT),,8,1,5,.200,0,0,,1,5,.200,.200,0,0,,1,1,2,0,0,0,1,1,2,-1.5,Alexis Pettis,https://www.sports-reference.com/cbb/players/alexis-pettis-1.html,eastern-washington,2022-23
17,47,20,2023-01-26,Eastern Washington,@,Idaho State,REG (Conf),W 71-58,,16,1,6,.167,1,1,1.000,0,5,.000,.250,2,2,1.000,0,0,0,2,0,0,0,2,5,1.8,Alexis Pettis,https://www.sports-reference.com/cbb/players/alexis-pettis-1.html,eastern-washington,2022-23
18,48,21,2023-01-28,Eastern Washington,@,Weber State,REG (Conf),L 65-68,,18,0,3,.000,0,0,,0,3,.000,.000,0,0,,1,1,2,2,1,0,1,3,0,-0.9,Alexis Pettis,https://www.sports-reference.com/cbb/players/alexis-pettis-1.html,eastern-washington,2022-23
19,49,22,2023-02-02,Eastern Washington,,Sacramento State,REG (Conf),W 64-53,,19,0,4,.000,0,0,,0,4,.000,.000,2,6,.333,2,2,4,2,0,0,1,4,2,-1.6,Alexis Pettis,https://www.sports-reference.com/cbb/players/alexis-pettis-1.html,eastern-washington,2022-23
20,50,23,2023-02-04,Eastern Washington,,Portland State,REG (Conf),L 71-80,,16,4,8,.500,0,0,,4,8,.500,.500,4,4,1.000,0,0,0,0,0,0,0,1,12,7.6,Alexis Pettis,https://www.sports-reference.com/cbb/players/alexis-pettis-1.html,eastern-washington,2022-23
21,51,24,2023-02-11,Eastern Washington,@,Idaho,REG (Conf),L 64-88,,24,2,6,.333,0,0,,2,6,.333,.333,1,3,.333,2,0,2,1,1,0,2,3,5,0.7,Alexis Pettis,https://www.sports-reference.com/cbb/players/alexis-pettis-1.html,eastern-washington,2022-23
22,52,25,2023-02-16,Eastern Washington,@,Northern Arizona,REG (Conf),L 55-61,,10,3,7,.429,0,1,.000,3,6,.500,.429,2,2,1.000,1,0,1,1,0,0,1,1,8,4.3,Alexis Pettis,https://www.sports-reference.com/cbb/players/alexis-pettis-1.html,eastern-washington,2022-23
23,53,26,2023-02-18,Eastern Washington,@,Northern Colorado,REG (Conf),W 57-53,,20,2,6,.333,0,0,,2,6,.333,.333,1,2,.500,2,2,4,0,1,0,0,0,5,4.2,Alexis Pettis,https://www.sports-reference.com/cbb/players/alexis-pettis-1.html,eastern-washington,2022-23
24,54,27,2023-02-23,Eastern Washington,,Weber State,REG (Conf),W 64-31,,19,1,7,.143,0,2,.000,1,5,.200,.143,0,0,,0,4,4,0,1,0,1,2,2,-2.1,Alexis Pettis,https://www.sports-reference.com/cbb/players/alexis-pettis-1.html,eastern-washington,2022-23
25,55,28,2023-02-25,Eastern Washington,,Idaho State,REG (Conf),W 64-44,,16,1,6,.167,1,2,.500,0,4,.000,.250,0,0,,0,0,0,0,0,0,2,1,3,-3.2,Alexis Pettis,https://www.sports-reference.com/cbb/players/alexis-pettis-1.html,eastern-washington,2022-23
26,56,29,2023-02-27,Eastern Washington,@,Montana State,REG (Conf),W 78-65,,15,0,3,.000,0,1,.000,0,2,.000,.000,0,0,,0,2,2,4,2,0,1,3,0,1.1,Alexis Pettis,https://www.sports-reference.com/cbb/players/alexis-pettis-1.html,eastern-washington,2022-23
27,57,30,2023-03-06,Eastern Washington,N,Montana,CTOURN,W 72-64,,16,1,4,.250,0,0,,1,4,.250,.250,0,0,,1,0,1,3,0,0,1,1,2,1.0,Alexis Pettis,https://www.sports-reference.com/cbb/players/alexis-pettis-1.html,eastern-washington,2022-23
28,58,31,2023-03-07,Eastern Washington,N,Northern Arizona,CTOURN,L 57-74,,13,0,1,.000,0,0,,0,1,.000,.000,0,0,,0,1,1,1,0,0,0,0,0,0.3,Alexis Pettis,https://www.sports-reference.com/cbb/players/alexis-pettis-1.html,eastern-washington,2022-23
