ranker,player_game_num_career,team_game_num_season,date,team_name_abbr,game_location,opp_name_abbr,game_type,game_result,is_starter,mp,fg,fga,fg_pct,fg3,fg3a,fg3_pct,fg2,fg2a,fg2_pct,efg_pct,ft,fta,ft_pct,orb,drb,trb,ast,stl,blk,tov,pf,pts,game_score,player_name,player_sr_link,school,season
1,1,1,2022-11-07,Eastern Washington,,Corban,REG (Non-Conf),W 86-47,,10,0,1,.000,0,1,.000,0,0,,.000,1,2,.500,1,0,1,0,1,0,1,1,1,0.2,Breeje Schuler,https://www.sports-reference.com/cbb/players/breeje-schuler-1.html,eastern-washington,2022-23
2,2,5,2022-11-20,Eastern Washington,,Evergreen St.,REG (Non-Conf),W 90-44,,12,0,0,,0,0,,0,0,,,0,0,,0,2,2,2,0,0,2,2,0,-0.8,Breeje Schuler,https://www.sports-reference.com/cbb/players/breeje-schuler-1.html,eastern-washington,2022-23
3,3,14,2023-01-05,Eastern Washington,@,Portland State,REG (Conf),W 65-56,,2,0,0,,0,0,,0,0,,,0,0,,0,0,0,0,0,0,0,1,0,-0.4,Breeje Schuler,https://www.sports-reference.com/cbb/players/breeje-schuler-1.html,eastern-washington,2022-23
4,4,17,2023-01-16,Eastern Washington,@,Montana,REG (Conf),W 87-60,,1,0,0,,0,0,,0,0,,,0,0,,0,0,0,0,0,0,0,0,0,0.0,Breeje Schuler,https://www.sports-reference.com/cbb/players/breeje-schuler-1.html,eastern-washington,2022-23
5,5,21,2023-01-28,Eastern Washington,@,Weber State,REG (Conf),L 65-68,,8,0,1,.000,0,0,,0,1,.000,.000,2,2,1.000,0,0,0,0,0,0,1,0,2,0.3,Breeje Schuler,https://www.sports-reference.com/cbb/players/breeje-schuler-1.html,eastern-washington,2022-23
6,6,22,2023-02-02,Eastern Washington,,Sacramento State,REG (Conf),W 64-53,,4,0,1,.000,0,0,,0,1,.000,.000,0,0,,1,0,1,0,0,0,1,0,0,-1.0,Breeje Schuler,https://www.sports-reference.com/cbb/players/breeje-schuler-1.html,eastern-washington,2022-23
7,7,23,2023-02-04,Eastern Washington,,Portland State,REG (Conf),L 71-80,,5,0,0,,0,0,,0,0,,,0,0,,1,0,1,0,0,0,0,0,0,0.7,Breeje Schuler,https://www.sports-reference.com/cbb/players/breeje-schuler-1.html,eastern-washington,2022-23
8,8,24,2023-02-11,Eastern Washington,@,Idaho,REG (Conf),L 64-88,,4,0,1,.000,0,0,,0,1,.000,.000,0,2,.000,0,0,0,0,0,0,0,0,0,-1.5,Breeje Schuler,https://www.sports-reference.com/cbb/players/breeje-schuler-1.html,eastern-washington,2022-23
