ranker,player_game_num_career,team_game_num_season,date,team_name_abbr,game_location,opp_name_abbr,game_type,game_result,is_starter,mp,fg,fga,fg_pct,fg3,fg3a,fg3_pct,fg2,fg2a,fg2_pct,efg_pct,ft,fta,ft_pct,orb,drb,trb,ast,stl,blk,tov,pf,pts,game_score,player_name,player_sr_link,school,season
1,18,1,2022-11-07,Eastern Washington,,Corban,REG (Non-Conf),W 86-47,,13,0,2,.000,0,2,.000,0,0,,.000,1,2,.500,0,3,3,1,1,0,0,3,1,0.6,Devynn Warns,https://www.sports-reference.com/cbb/players/devynn-warns-1.html,eastern-washington,2022-23
2,19,5,2022-11-20,Eastern Washington,,Evergreen St.,REG (Non-Conf),W 90-44,,16,3,5,.600,0,1,.000,3,4,.750,.600,0,1,.000,0,4,4,0,1,0,4,2,6,0.7,Devynn Warns,https://www.sports-reference.com/cbb/players/devynn-warns-1.html,eastern-washington,2022-23
3,20,7,2022-12-01,Eastern Washington,,UC Irvine,REG (Non-Conf),L 65-67,,0,0,0,,0,0,,0,0,,,0,0,,0,0,0,0,0,0,0,1,0,-0.4,Devynn Warns,https://www.sports-reference.com/cbb/players/devynn-warns-1.html,eastern-washington,2022-23
4,21,9,2022-12-13,Eastern Washington,@,Seattle,REG (Non-Conf),W 66-60,,0,0,0,,0,0,,0,0,,,0,0,,0,0,0,0,0,0,0,0,0,0.0,Devynn Warns,https://www.sports-reference.com/cbb/players/devynn-warns-1.html,eastern-washington,2022-23
