ranker,player_game_num_career,team_game_num_season,date,team_name_abbr,game_location,opp_name_abbr,game_type,game_result,is_starter,mp,fg,fga,fg_pct,fg3,fg3a,fg2,fg2a,fg2_pct,efg_pct,ft,fta,ft_pct,orb,drb,trb,ast,stl,blk,tov,pf,pts,game_score,player_name,player_sr_link,school,season
1,81,1,2022-11-07,Eastern Washington,,Corban,REG (Non-Conf),W 86-47,*,20,2,4,.500,0,0,2,4,.500,.500,0,0,,1,1,2,3,2,0,1,0,4,6.1,Milly Knowles,https://www.sports-reference.com/cbb/players/milly-knowles-1.html,eastern-washington,2022-23
2,82,2,2022-11-11,Eastern Washington,@,Boise State,REG (Non-Conf),W 83-74,*,21,2,4,.500,0,0,2,4,.500,.500,0,0,,3,1,4,2,0,0,2,3,4,2.6,Milly Knowles,https://www.sports-reference.com/cbb/players/milly-knowles-1.html,eastern-washington,2022-23
3,83,3,2022-11-14,Eastern Washington,,Southern Utah,REG (Non-Conf),W 62-60,*,29,5,6,.833,0,0,5,6,.833,.833,0,0,,0,2,2,2,0,1,1,4,10,7.9,Milly Knowles,https://www.sports-reference.com/cbb/players/milly-knowles-1.html,eastern-washington,2022-23
4,84,4,2022-11-17,Eastern Washington,@,Oregon State,REG (Non-Conf),L 66-73,*,33,3,4,.750,0,0,3,4,.750,.750,1,2,.500,3,1,4,1,0,2,0,3,7,8.3,Milly Knowles,https://www.sports-reference.com/cbb/players/milly-knowles-1.html,eastern-washington,2022-23
5,85,5,2022-11-20,Eastern Washington,,Evergreen St.,REG (Non-Conf),W 90-44,*,17,2,6,.333,0,0,2,6,.333,.333,2,2,1.000,2,2,4,1,0,0,0,0,6,5.3,Milly Knowles,https://www.sports-reference.com/cbb/players/milly-knowles-1.html,eastern-washington,2022-23
6,86,7,2022-12-01,Eastern Washington,,UC Irvine,REG (Non-Conf),L 65-67,*,17,0,1,.000,0,0,0,1,.000,.000,0,0,,0,2,2,1,0,0,1,2,0,-1.2,Milly Knowles,https://www.sports-reference.com/cbb/players/milly-knowles-1.html,eastern-washington,2022-23
7,87,8,2022-12-10,Eastern Washington,,Tarleton State,REG (Non-Conf),W 65-45,*,26,3,4,.750,0,0,3,4,.750,.750,0,0,,1,6,7,3,3,0,1,2,6,10.2,Milly Knowles,https://www.sports-reference.com/cbb/players/milly-knowles-1.html,eastern-washington,2022-23
8,88,9,2022-12-13,Eastern Washington,@,Seattle,REG (Non-Conf),W 66-60,*,26,3,3,1.000,0,0,3,3,1.000,1.000,1,2,.500,1,3,4,1,2,1,2,3,7,7.5,Milly Knowles,https://www.sports-reference.com/cbb/players/milly-knowles-1.html,eastern-washington,2022-23
9,89,10,2022-12-15,Eastern Washington,@,Oregon,REG (Non-Conf),L 38-88,*,24,0,1,.000,0,0,0,1,.000,.000,0,0,,0,2,2,1,0,2,1,0,0,1.0,Milly Knowles,https://www.sports-reference.com/cbb/players/milly-knowles-1.html,eastern-washington,2022-23
10,90,11,2022-12-20,Eastern Washington,,Utah State,REG (Non-Conf),W 84-54,*,24,2,5,.400,0,0,2,5,.400,.400,1,2,.500,1,4,5,2,0,0,1,3,5,3.0,Milly Knowles,https://www.sports-reference.com/cbb/players/milly-knowles-1.html,eastern-washington,2022-23
11,91,12,2022-12-29,Eastern Washington,,Montana,REG (Conf),L 70-81,*,21,3,6,.500,0,0,3,6,.500,.500,0,0,,1,2,3,2,1,0,0,0,6,6.7,Milly Knowles,https://www.sports-reference.com/cbb/players/milly-knowles-1.html,eastern-washington,2022-23
12,92,13,2022-12-31,Eastern Washington,,Montana State,REG (Conf),L 84-92,*,13,0,0,,0,0,0,0,,,0,0,,0,0,0,1,0,0,3,1,0,-2.7,Milly Knowles,https://www.sports-reference.com/cbb/players/milly-knowles-1.html,eastern-washington,2022-23
13,93,14,2023-01-05,Eastern Washington,@,Portland State,REG (Conf),W 65-56,*,31,5,6,.833,0,0,5,6,.833,.833,0,2,.000,3,3,6,4,1,0,4,1,10,9.4,Milly Knowles,https://www.sports-reference.com/cbb/players/milly-knowles-1.html,eastern-washington,2022-23
14,94,15,2023-01-07,Eastern Washington,@,Sacramento State,REG (Conf),L 74-82,*,32,2,2,1.000,0,0,2,2,1.000,1.000,0,0,,2,0,2,2,0,0,1,3,4,4.0,Milly Knowles,https://www.sports-reference.com/cbb/players/milly-knowles-1.html,eastern-washington,2022-23
15,95,16,2023-01-14,Eastern Washington,,Idaho,REG (Conf),W 74-59,*,33,7,12,.583,0,0,7,12,.583,.583,0,0,,2,3,5,3,1,1,2,0,14,12.5,Milly Knowles,https://www.sports-reference.com/cbb/players/milly-knowles-1.html,eastern-washington,2022-23
16,96,17,2023-01-16,Eastern Washington,@,Montana,REG (Conf),W 87-60,*,33,6,9,.667,0,0,6,9,.667,.667,0,0,,1,3,4,2,0,0,0,3,12,9.9,Milly Knowles,https://www.sports-reference.com/cbb/players/milly-knowles-1.html,eastern-washington,2022-23
17,97,18,2023-01-19,Eastern Washington,,Northern Colorado,REG (Conf),W 49-36,*,29,0,3,.000,0,0,0,3,.000,.000,0,0,,1,2,3,1,1,1,2,3,0,-1.6,Milly Knowles,https://www.sports-reference.com/cbb/players/milly-knowles-1.html,eastern-washington,2022-23
18,98,19,2023-01-21,Eastern Washington,,Northern Arizona,REG (Conf),W 96-89 (OT),*,32,1,4,.250,0,0,1,4,.250,.250,0,2,.000,0,2,2,6,1,0,0,2,2,3.8,Milly Knowles,https://www.sports-reference.com/cbb/players/milly-knowles-1.html,eastern-washington,2022-23
19,99,20,2023-01-26,Eastern Washington,@,Idaho State,REG (Conf),W 71-58,*,25,3,6,.500,0,0,3,6,.500,.500,0,0,,2,2,4,5,2,1,0,4,6,9.6,Milly Knowles,https://www.sports-reference.com/cbb/players/milly-knowles-1.html,eastern-washington,2022-23
20,100,21,2023-01-28,Eastern Washington,@,Weber State,REG (Conf),L 65-68,*,33,5,7,.714,0,0,5,7,.714,.714,0,0,,1,1,2,1,2,0,2,4,10,7.2,Milly Knowles,https://www.sports-reference.com/cbb/players/milly-knowles-1.html,eastern-washington,2022-23
21,101,22,2023-02-02,Eastern Washington,,Sacramento State,REG (Conf),W 64-53,*,23,3,3,1.000,0,0,3,3,1.000,1.000,0,1,.000,2,1,3,1,0,1,1,2,6,6.0,Milly Knowles,https://www.sports-reference.com/cbb/players/milly-knowles-1.html,eastern-washington,2022-23
22,102,23,2023-02-04,Eastern Washington,,Portland State,REG (Conf),L 71-80,*,34,2,3,.667,0,0,2,3,.667,.667,0,0,,0,0,0,3,0,0,1,2,4,3.0,Milly Knowles,https://www.sports-reference.com/cbb/players/milly-knowles-1.html,eastern-washington,2022-23
23,103,24,2023-02-11,Eastern Washington,@,Idaho,REG (Conf),L 64-88,*,16,1,4,.250,0,0,1,4,.250,.250,0,0,,1,1,2,0,0,1,1,2,2,-0.5,Milly Knowles,https://www.sports-reference.com/cbb/players/milly-knowles-1.html,eastern-washington,2022-23
24,104,25,2023-02-16,Eastern Washington,@,Northern Arizona,REG (Conf),L 55-61,*,34,0,2,.000,0,0,0,2,.000,.000,0,0,,0,3,3,1,0,0,0,1,0,-0.2,Milly Knowles,https://www.sports-reference.com/cbb/players/milly-knowles-1.html,eastern-washington,2022-23
25,105,26,2023-02-18,Eastern Washington,@,Northern Colorado,REG (Conf),W 57-53,*,21,0,2,.000,0,0,0,2,.000,.000,0,0,,2,2,4,0,0,1,3,3,0,-2.9,Milly Knowles,https://www.sports-reference.com/cbb/players/milly-knowles-1.html,eastern-washington,2022-23
26,106,27,2023-02-23,Eastern Washington,,Weber State,REG (Conf),W 64-31,*,24,1,4,.250,0,0,1,4,.250,.250,0,0,,0,4,4,1,0,1,3,1,2,-1.2,Milly Knowles,https://www.sports-reference.com/cbb/players/milly-knowles-1.html,eastern-washington,2022-23
27,107,28,2023-02-25,Eastern Washington,,Idaho State,REG (Conf),W 64-44,*,25,4,7,.571,0,0,4,7,.571,.571,0,0,,4,3,7,2,0,0,0,2,8,9.0,Milly Knowles,https://www.sports-reference.com/cbb/players/milly-knowles-1.html,eastern-washington,2022-23
28,108,29,2023-02-27,Eastern Washington,@,Montana State,REG (Conf),W 78-65,*,30,4,5,.800,0,0,4,5,.800,.800,0,0,,0,2,2,0,1,0,2,2,8,4.9,Milly Knowles,https://www.sports-reference.com/cbb/players/milly-knowles-1.html,eastern-washington,2022-23
29,109,30,2023-03-06,Eastern Washington,N,Montana,CTOURN,W 72-64,*,24,4,6,.667,0,0,4,6,.667,.667,0,0,,0,1,1,0,1,1,0,3,8,6.2,Milly Knowles,https://www.sports-reference.com/cbb/players/milly-knowles-1.html,eastern-washington,2022-23
30,110,31,2023-03-07,Eastern Washington,N,Northern Arizona,CTOURN,L 57-74,*,28,2,6,.333,0,0,2,6,.333,.333,1,1,1.000,1,3,4,0,1,0,0,2,5,3.4,Milly Knowles,https://www.sports-reference.com/cbb/players/milly-knowles-1.html,eastern-washington,2022-23
