ranker,player_game_num_career,team_game_num_season,date,team_name_abbr,game_location,opp_name_abbr,game_type,game_result,is_starter,mp,fg,fga,fg_pct,fg3,fg3a,fg3_pct,fg2,fg2a,fg2_pct,efg_pct,ft,fta,ft_pct,orb,drb,trb,ast,stl,blk,tov,pf,pts,game_score,player_name,player_sr_link,school,season
1,22,1,2018-11-06,Utah Valley,,UC Santa Barbara,REG (Non-Conf),W 63-54,,22,4,11,.364,2,5,.400,2,6,.333,.455,0,1,.000,1,4,5,1,2,0,2,1,10,5.7,Alexis Cortez,https://www.sports-reference.com/cbb/players/alexis-cortez-1.html,utah-valley,2018-19
2,23,2,2018-11-08,Utah Valley,,La Verne,REG (Non-Conf),W 86-79,,23,4,12,.333,1,7,.143,3,5,.600,.375,0,0,,0,3,3,5,3,2,2,1,9,8.6,Alexis Cortez,https://www.sports-reference.com/cbb/players/alexis-cortez-1.html,utah-valley,2018-19
3,24,3,2018-11-10,Utah Valley,,Portland,REG (Non-Conf),L 60-65,,20,3,7,.429,3,6,.500,0,1,.000,.643,0,0,,2,3,5,1,0,0,2,3,9,5.1,Alexis Cortez,https://www.sports-reference.com/cbb/players/alexis-cortez-1.html,utah-valley,2018-19
4,25,4,2018-11-17,Utah Valley,,Ottawa (AZ),REG (Non-Conf),W 90-61,,17,8,12,.667,3,3,1.000,5,9,.556,.792,0,0,,0,4,4,1,1,1,3,2,19,13.6,Alexis Cortez,https://www.sports-reference.com/cbb/players/alexis-cortez-1.html,utah-valley,2018-19
5,26,5,2018-11-21,Utah Valley,,Arizona Christian,REG (Non-Conf),W 76-68,*,23,3,9,.333,1,4,.250,2,5,.400,.389,2,3,.667,0,3,3,1,1,0,2,3,9,2.9,Alexis Cortez,https://www.sports-reference.com/cbb/players/alexis-cortez-1.html,utah-valley,2018-19
6,27,6,2018-11-29,Utah Valley,,Brigham Young,REG (Non-Conf),L 51-77,*,30,3,9,.333,2,5,.400,1,4,.250,.444,2,2,1.000,0,3,3,1,3,1,1,1,10,8.8,Alexis Cortez,https://www.sports-reference.com/cbb/players/alexis-cortez-1.html,utah-valley,2018-19
7,28,7,2018-12-01,Utah Valley,@,Utah,REG (Non-Conf),L 47-85,*,27,2,6,.333,0,3,.000,2,3,.667,.333,0,0,,1,1,2,0,0,0,3,2,4,-2.2,Alexis Cortez,https://www.sports-reference.com/cbb/players/alexis-cortez-1.html,utah-valley,2018-19
8,29,8,2018-12-04,Utah Valley,@,Southern Utah,REG (Non-Conf),L 59-60,*,27,4,9,.444,1,3,.333,3,6,.500,.500,0,0,,1,6,7,1,2,1,2,1,9,7.8,Alexis Cortez,https://www.sports-reference.com/cbb/players/alexis-cortez-1.html,utah-valley,2018-19
9,30,9,2018-12-06,Utah Valley,@,Idaho State,REG (Non-Conf),L 68-80,*,28,2,7,.286,0,5,.000,2,2,1.000,.286,6,6,1.000,0,4,4,2,5,0,0,1,10,13.1,Alexis Cortez,https://www.sports-reference.com/cbb/players/alexis-cortez-1.html,utah-valley,2018-19
10,31,10,2018-12-15,Utah Valley,@,Utah State,REG (Non-Conf),L 62-67,*,32,5,12,.417,0,4,.000,5,8,.625,.417,1,2,.500,1,3,4,3,2,3,4,2,11,7.2,Alexis Cortez,https://www.sports-reference.com/cbb/players/alexis-cortez-1.html,utah-valley,2018-19
11,32,11,2018-12-18,Utah Valley,,Weber State,REG (Non-Conf),W 65-59,*,26,1,8,.125,0,4,.000,1,4,.250,.125,0,0,,0,9,9,2,0,3,1,2,2,1.2,Alexis Cortez,https://www.sports-reference.com/cbb/players/alexis-cortez-1.html,utah-valley,2018-19
12,33,12,2018-12-22,Utah Valley,,UC Riverside,REG (Non-Conf),W 56-53,*,26,3,8,.375,0,2,.000,3,6,.500,.375,3,4,.750,0,7,7,1,1,0,1,2,9,6.2,Alexis Cortez,https://www.sports-reference.com/cbb/players/alexis-cortez-1.html,utah-valley,2018-19
13,34,13,2018-12-29,Utah Valley,@,Cal State Fullerton,REG (Non-Conf),L 55-56,*,27,4,13,.308,1,2,.500,3,11,.273,.346,0,0,,1,4,5,1,1,1,1,1,9,4.4,Alexis Cortez,https://www.sports-reference.com/cbb/players/alexis-cortez-1.html,utah-valley,2018-19
14,35,14,2019-01-03,Utah Valley,,Grand Canyon,REG (Conf),W 57-46,*,28,4,5,.800,1,2,.500,3,3,1.000,.900,2,5,.400,0,3,3,2,4,1,4,1,11,10.5,Alexis Cortez,https://www.sports-reference.com/cbb/players/alexis-cortez-1.html,utah-valley,2018-19
15,36,15,2019-01-05,Utah Valley,,Cal State Bakersfield,REG (Conf),W 78-70,*,33,6,8,.750,4,5,.800,2,3,.667,1.000,0,0,,0,10,10,4,4,0,1,0,16,21.6,Alexis Cortez,https://www.sports-reference.com/cbb/players/alexis-cortez-1.html,utah-valley,2018-19
16,37,16,2019-01-12,Utah Valley,@,Seattle,REG (Conf),W 58-55,*,30,3,6,.500,1,2,.500,2,4,.500,.583,0,0,,1,3,4,2,1,0,2,2,7,5.2,Alexis Cortez,https://www.sports-reference.com/cbb/players/alexis-cortez-1.html,utah-valley,2018-19
17,38,17,2019-01-17,Utah Valley,@,Texas–Rio Grande Valley,REG (Conf),W 57-55,*,33,6,10,.600,4,8,.500,2,2,1.000,.800,1,1,1.000,1,3,4,2,0,0,0,3,17,14.2,Alexis Cortez,https://www.sports-reference.com/cbb/players/alexis-cortez-1.html,utah-valley,2018-19
18,39,18,2019-01-19,Utah Valley,@,New Mexico State,REG (Conf),L 52-58,*,36,4,10,.400,3,8,.375,1,2,.500,.550,3,4,.750,3,2,5,3,1,0,0,1,14,13.6,Alexis Cortez,https://www.sports-reference.com/cbb/players/alexis-cortez-1.html,utah-valley,2018-19
19,40,19,2019-01-24,Utah Valley,,Kansas City,REG (Conf),L 64-68,*,31,2,8,.250,1,3,.333,1,5,.200,.313,2,4,.500,0,2,2,4,2,3,2,2,7,6.1,Alexis Cortez,https://www.sports-reference.com/cbb/players/alexis-cortez-1.html,utah-valley,2018-19
20,41,20,2019-01-26,Utah Valley,,Chicago State,REG (Conf),W 76-61,*,25,3,9,.333,1,5,.200,2,4,.500,.389,2,2,1.000,1,4,5,4,1,0,7,2,9,1.8,Alexis Cortez,https://www.sports-reference.com/cbb/players/alexis-cortez-1.html,utah-valley,2018-19
21,42,21,2019-01-31,Utah Valley,@,California Baptist,REG (Conf),L 54-83,*,25,0,6,.000,0,1,.000,0,5,.000,.000,0,0,,1,7,8,2,0,0,3,0,0,-3.0,Alexis Cortez,https://www.sports-reference.com/cbb/players/alexis-cortez-1.html,utah-valley,2018-19
22,43,22,2019-02-09,Utah Valley,,Seattle,REG (Conf),W 63-56,*,35,5,11,.455,1,2,.500,4,9,.444,.500,4,4,1.000,1,8,9,1,1,3,1,2,15,14.4,Alexis Cortez,https://www.sports-reference.com/cbb/players/alexis-cortez-1.html,utah-valley,2018-19
23,44,23,2019-02-14,Utah Valley,,New Mexico State,REG (Conf),L 63-72,*,32,4,8,.500,0,2,.000,4,6,.667,.500,3,3,1.000,1,6,7,0,0,1,1,2,11,8.4,Alexis Cortez,https://www.sports-reference.com/cbb/players/alexis-cortez-1.html,utah-valley,2018-19
24,45,24,2019-02-16,Utah Valley,,Texas–Rio Grande Valley,REG (Conf),W 72-57,*,31,5,7,.714,1,1,1.000,4,6,.667,.786,1,1,1.000,0,6,6,3,0,1,3,3,12,9.5,Alexis Cortez,https://www.sports-reference.com/cbb/players/alexis-cortez-1.html,utah-valley,2018-19
25,46,25,2019-02-21,Utah Valley,@,Chicago State,REG (Conf),W 70-65,*,32,4,6,.667,1,1,1.000,3,5,.600,.750,2,2,1.000,0,3,3,2,3,0,2,2,11,10.9,Alexis Cortez,https://www.sports-reference.com/cbb/players/alexis-cortez-1.html,utah-valley,2018-19
26,47,26,2019-02-23,Utah Valley,@,Kansas City,REG (Conf),L 64-97,*,24,3,9,.333,0,2,.000,3,7,.429,.333,5,5,1.000,0,2,2,1,1,1,0,1,11,8.5,Alexis Cortez,https://www.sports-reference.com/cbb/players/alexis-cortez-1.html,utah-valley,2018-19
27,48,27,2019-03-02,Utah Valley,,California Baptist,REG (Conf),L 74-92,*,21,4,6,.667,0,2,.000,4,4,1.000,.667,1,1,1.000,1,2,3,1,1,0,1,3,9,7.2,Alexis Cortez,https://www.sports-reference.com/cbb/players/alexis-cortez-1.html,utah-valley,2018-19
28,49,28,2019-03-07,Utah Valley,@,Grand Canyon,REG (Conf),L 54-64,*,36,3,10,.300,1,4,.250,2,6,.333,.350,0,0,,1,8,9,0,0,0,2,2,7,1.5,Alexis Cortez,https://www.sports-reference.com/cbb/players/alexis-cortez-1.html,utah-valley,2018-19
29,50,29,2019-03-09,Utah Valley,@,Cal State Bakersfield,REG (Conf),L 73-92,*,22,3,7,.429,1,3,.333,2,4,.500,.500,0,0,,0,0,0,1,2,0,2,3,7,2.8,Alexis Cortez,https://www.sports-reference.com/cbb/players/alexis-cortez-1.html,utah-valley,2018-19
30,51,30,2019-03-13,Utah Valley,@,Kansas City,CTOURN,L 75-78,*,31,9,11,.818,4,5,.800,5,6,.833,1.000,0,0,,1,3,4,0,2,0,1,3,22,19.3,Alexis Cortez,https://www.sports-reference.com/cbb/players/alexis-cortez-1.html,utah-valley,2018-19
