ranker,player_game_num_career,team_game_num_season,date,team_name_abbr,game_location,opp_name_abbr,game_type,game_result,is_starter,mp,fg,fga,fg_pct,fg3,fg3a,fg3_pct,fg2,fg2a,fg2_pct,efg_pct,ft,fta,ft_pct,orb,drb,trb,ast,stl,blk,tov,pf,pts,game_score,player_name,player_sr_link,school,season
1,1,1,2018-11-06,Utah Valley,,UC Santa Barbara,REG (Non-Conf),W 63-54,*,29,2,8,.250,0,3,.000,2,5,.400,.250,0,0,,1,0,1,0,3,0,0,0,4,2.9,Emma Martin,https://www.sports-reference.com/cbb/players/emma-martin-1.html,utah-valley,2018-19
2,2,2,2018-11-08,Utah Valley,,La Verne,REG (Non-Conf),W 86-79,*,31,3,5,.600,3,4,.750,0,1,.000,.900,4,4,1.000,1,2,3,3,1,0,3,1,13,11.7,Emma Martin,https://www.sports-reference.com/cbb/players/emma-martin-1.html,utah-valley,2018-19
3,3,3,2018-11-10,Utah Valley,,Portland,REG (Non-Conf),L 60-65,*,28,3,7,.429,1,4,.250,2,3,.667,.500,0,0,,0,3,3,3,1,1,3,5,7,3.0,Emma Martin,https://www.sports-reference.com/cbb/players/emma-martin-1.html,utah-valley,2018-19
4,4,4,2018-11-17,Utah Valley,,Ottawa (AZ),REG (Non-Conf),W 90-61,*,23,3,5,.600,0,1,.000,3,4,.750,.600,0,0,,0,1,1,0,1,0,0,1,6,4.6,Emma Martin,https://www.sports-reference.com/cbb/players/emma-martin-1.html,utah-valley,2018-19
5,5,5,2018-11-21,Utah Valley,,Arizona Christian,REG (Non-Conf),W 76-68,*,17,1,2,.500,0,1,.000,1,1,1.000,.500,0,0,,0,0,0,0,1,0,1,0,2,1.0,Emma Martin,https://www.sports-reference.com/cbb/players/emma-martin-1.html,utah-valley,2018-19
6,6,6,2018-11-29,Utah Valley,,Brigham Young,REG (Non-Conf),L 51-77,*,10,0,0,,0,0,,0,0,,,0,0,,0,0,0,0,1,0,0,0,0,1.0,Emma Martin,https://www.sports-reference.com/cbb/players/emma-martin-1.html,utah-valley,2018-19
7,7,7,2018-12-01,Utah Valley,@,Utah,REG (Non-Conf),L 47-85,,9,0,1,.000,0,1,.000,0,0,,.000,0,0,,0,0,0,0,0,0,2,0,0,-2.7,Emma Martin,https://www.sports-reference.com/cbb/players/emma-martin-1.html,utah-valley,2018-19
8,8,9,2018-12-06,Utah Valley,@,Idaho State,REG (Non-Conf),L 68-80,,2,0,0,,0,0,,0,0,,,0,0,,0,0,0,0,0,0,0,0,0,0.0,Emma Martin,https://www.sports-reference.com/cbb/players/emma-martin-1.html,utah-valley,2018-19
9,9,10,2018-12-15,Utah Valley,@,Utah State,REG (Non-Conf),L 62-67,,6,1,2,.500,1,1,1.000,0,1,.000,.750,0,0,,0,0,0,0,0,0,0,0,3,2.0,Emma Martin,https://www.sports-reference.com/cbb/players/emma-martin-1.html,utah-valley,2018-19
10,10,11,2018-12-18,Utah Valley,,Weber State,REG (Non-Conf),W 65-59,,8,2,4,.500,1,3,.333,1,1,1.000,.625,0,0,,0,0,0,0,0,0,0,0,5,3.0,Emma Martin,https://www.sports-reference.com/cbb/players/emma-martin-1.html,utah-valley,2018-19
11,11,12,2018-12-22,Utah Valley,,UC Riverside,REG (Non-Conf),W 56-53,,5,0,1,.000,0,1,.000,0,0,,.000,0,0,,0,1,1,0,0,0,1,0,0,-1.4,Emma Martin,https://www.sports-reference.com/cbb/players/emma-martin-1.html,utah-valley,2018-19
12,12,14,2019-01-03,Utah Valley,,Grand Canyon,REG (Conf),W 57-46,,3,0,0,,0,0,,0,0,,,0,0,,0,0,0,0,0,0,0,1,0,-0.4,Emma Martin,https://www.sports-reference.com/cbb/players/emma-martin-1.html,utah-valley,2018-19
13,13,15,2019-01-05,Utah Valley,,Cal State Bakersfield,REG (Conf),W 78-70,,5,0,0,,0,0,,0,0,,,0,0,,0,0,0,1,0,0,1,0,0,-0.3,Emma Martin,https://www.sports-reference.com/cbb/players/emma-martin-1.html,utah-valley,2018-19
14,14,17,2019-01-17,Utah Valley,@,Texas–Rio Grande Valley,REG (Conf),W 57-55,,1,0,1,.000,0,1,.000,0,0,,.000,0,0,,0,1,1,0,0,0,0,0,0,-0.4,Emma Martin,https://www.sports-reference.com/cbb/players/emma-martin-1.html,utah-valley,2018-19
15,15,20,2019-01-26,Utah Valley,,Chicago State,REG (Conf),W 76-61,,11,1,3,.333,1,2,.500,0,1,.000,.500,3,3,1.000,1,2,3,0,1,0,0,0,6,6.6,Emma Martin,https://www.sports-reference.com/cbb/players/emma-martin-1.html,utah-valley,2018-19
16,16,21,2019-01-31,Utah Valley,@,California Baptist,REG (Conf),L 54-83,,9,5,6,.833,2,2,1.000,3,4,.750,1.000,0,0,,0,1,1,0,0,0,1,0,12,9.1,Emma Martin,https://www.sports-reference.com/cbb/players/emma-martin-1.html,utah-valley,2018-19
17,17,22,2019-02-09,Utah Valley,,Seattle,REG (Conf),W 63-56,,4,0,1,.000,0,1,.000,0,0,,.000,2,2,1.000,0,0,0,0,0,0,0,1,2,0.9,Emma Martin,https://www.sports-reference.com/cbb/players/emma-martin-1.html,utah-valley,2018-19
18,18,23,2019-02-14,Utah Valley,,New Mexico State,REG (Conf),L 63-72,,3,0,0,,0,0,,0,0,,,0,0,,0,2,2,0,0,0,1,0,0,-0.4,Emma Martin,https://www.sports-reference.com/cbb/players/emma-martin-1.html,utah-valley,2018-19
19,19,24,2019-02-16,Utah Valley,,Texas–Rio Grande Valley,REG (Conf),W 72-57,,1,0,0,,0,0,,0,0,,,0,0,,0,0,0,0,0,0,0,0,0,0.0,Emma Martin,https://www.sports-reference.com/cbb/players/emma-martin-1.html,utah-valley,2018-19
20,20,26,2019-02-23,Utah Valley,@,Kansas City,REG (Conf),L 64-97,,9,0,1,.000,0,0,,0,1,.000,.000,0,0,,0,0,0,0,1,0,0,3,0,-0.9,Emma Martin,https://www.sports-reference.com/cbb/players/emma-martin-1.html,utah-valley,2018-19
21,21,27,2019-03-02,Utah Valley,,California Baptist,REG (Conf),L 74-92,,13,4,7,.571,0,1,.000,4,6,.667,.571,0,0,,0,1,1,0,1,0,0,1,8,5.6,Emma Martin,https://www.sports-reference.com/cbb/players/emma-martin-1.html,utah-valley,2018-19
22,22,28,2019-03-07,Utah Valley,@,Grand Canyon,REG (Conf),L 54-64,,4,0,0,,0,0,,0,0,,,0,0,,0,0,0,0,0,0,0,0,0,0.0,Emma Martin,https://www.sports-reference.com/cbb/players/emma-martin-1.html,utah-valley,2018-19
23,23,29,2019-03-09,Utah Valley,@,Cal State Bakersfield,REG (Conf),L 73-92,,7,2,2,1.000,2,2,1.000,0,0,,1.500,0,0,,0,0,0,0,0,0,2,0,6,3.4,Emma Martin,https://www.sports-reference.com/cbb/players/emma-martin-1.html,utah-valley,2018-19
24,24,30,2019-03-13,Utah Valley,@,Kansas City,CTOURN,L 75-78,,7,2,5,.400,0,1,.000,2,4,.500,.400,0,0,,0,0,0,0,0,0,1,0,4,0.3,Emma Martin,https://www.sports-reference.com/cbb/players/emma-martin-1.html,utah-valley,2018-19
