ranker,player_game_num_career,team_game_num_season,date,team_name_abbr,game_location,opp_name_abbr,game_type,game_result,is_starter,mp,fg,fga,fg_pct,fg3,fg3a,fg3_pct,fg2,fg2a,fg2_pct,efg_pct,ft,fta,ft_pct,orb,drb,trb,ast,stl,blk,tov,pf,pts,game_score,player_name,player_sr_link,school,season
1,60,6,2018-11-29,Utah Valley,,Brigham Young,REG (Non-Conf),L 51-77,,4,3,4,.750,1,2,.500,2,2,1.000,.875,0,1,.000,0,0,0,1,1,0,2,0,7,4.7,Gabrielle Leos,https://www.sports-reference.com/cbb/players/gabrielle-leos-1.html,utah-valley,2018-19
2,61,7,2018-12-01,Utah Valley,@,Utah,REG (Non-Conf),L 47-85,,12,1,3,.333,1,2,.500,0,1,.000,.500,0,0,,0,2,2,1,1,1,2,1,3,1.9,Gabrielle Leos,https://www.sports-reference.com/cbb/players/gabrielle-leos-1.html,utah-valley,2018-19
3,62,8,2018-12-04,Utah Valley,@,Southern Utah,REG (Non-Conf),L 59-60,,18,3,7,.429,1,3,.333,2,4,.500,.500,0,0,,0,1,1,0,1,0,1,0,7,3.6,Gabrielle Leos,https://www.sports-reference.com/cbb/players/gabrielle-leos-1.html,utah-valley,2018-19
4,63,9,2018-12-06,Utah Valley,@,Idaho State,REG (Non-Conf),L 68-80,,23,3,4,.750,2,3,.667,1,1,1.000,1.000,1,2,.500,0,0,0,0,5,0,1,0,9,11.0,Gabrielle Leos,https://www.sports-reference.com/cbb/players/gabrielle-leos-1.html,utah-valley,2018-19
5,64,10,2018-12-15,Utah Valley,@,Utah State,REG (Non-Conf),L 62-67,,18,1,4,.250,1,2,.500,0,2,.000,.375,0,0,,1,2,3,2,0,0,2,0,3,1.3,Gabrielle Leos,https://www.sports-reference.com/cbb/players/gabrielle-leos-1.html,utah-valley,2018-19
6,65,11,2018-12-18,Utah Valley,,Weber State,REG (Non-Conf),W 65-59,,16,2,4,.500,2,3,.667,0,1,.000,.750,0,0,,0,0,0,1,3,0,0,0,6,7.7,Gabrielle Leos,https://www.sports-reference.com/cbb/players/gabrielle-leos-1.html,utah-valley,2018-19
7,66,12,2018-12-22,Utah Valley,,UC Riverside,REG (Non-Conf),W 56-53,,19,4,8,.500,1,4,.250,3,4,.750,.563,0,0,,1,1,2,1,2,0,0,0,9,8.7,Gabrielle Leos,https://www.sports-reference.com/cbb/players/gabrielle-leos-1.html,utah-valley,2018-19
8,67,13,2018-12-29,Utah Valley,@,Cal State Fullerton,REG (Non-Conf),L 55-56,,19,1,2,.500,0,1,.000,1,1,1.000,.500,0,0,,1,2,3,1,0,0,1,0,2,2.0,Gabrielle Leos,https://www.sports-reference.com/cbb/players/gabrielle-leos-1.html,utah-valley,2018-19
