ranker,player_game_num_career,team_game_num_season,date,team_name_abbr,game_location,opp_name_abbr,game_type,game_result,is_starter,mp,fg,fga,fg_pct,fg3,fg3a,fg3_pct,fg2,fg2a,fg2_pct,efg_pct,ft,fta,ft_pct,orb,drb,trb,ast,stl,blk,tov,pf,pts,game_score,player_name,player_sr_link,school,season
1,62,1,2018-11-06,Utah Valley,,UC Santa Barbara,REG (Non-Conf),W 63-54,*,34,4,15,.267,2,6,.333,2,9,.222,.333,2,2,1.000,4,5,9,1,2,0,3,3,12,5.9,Jordan Holland,https://www.sports-reference.com/cbb/players/jordan-holland-1.html,utah-valley,2018-19
2,63,2,2018-11-08,Utah Valley,,La Verne,REG (Non-Conf),W 86-79,*,21,6,8,.750,1,2,.500,5,6,.833,.813,1,2,.500,2,5,7,3,0,0,1,3,14,13.2,Jordan Holland,https://www.sports-reference.com/cbb/players/jordan-holland-1.html,utah-valley,2018-19
3,64,3,2018-11-10,Utah Valley,,Portland,REG (Non-Conf),L 60-65,*,33,2,16,.125,0,2,.000,2,14,.143,.125,5,5,1.000,4,2,6,1,6,0,3,0,9,5.7,Jordan Holland,https://www.sports-reference.com/cbb/players/jordan-holland-1.html,utah-valley,2018-19
4,65,4,2018-11-17,Utah Valley,,Ottawa (AZ),REG (Non-Conf),W 90-61,*,25,5,7,.714,1,1,1.000,4,6,.667,.786,4,4,1.000,2,5,7,3,1,1,2,2,15,16.0,Jordan Holland,https://www.sports-reference.com/cbb/players/jordan-holland-1.html,utah-valley,2018-19
5,66,5,2018-11-21,Utah Valley,,Arizona Christian,REG (Non-Conf),W 76-68,*,29,10,17,.588,0,2,.000,10,15,.667,.588,1,4,.250,2,4,6,0,2,0,3,2,21,12.7,Jordan Holland,https://www.sports-reference.com/cbb/players/jordan-holland-1.html,utah-valley,2018-19
6,67,6,2018-11-29,Utah Valley,,Brigham Young,REG (Non-Conf),L 51-77,*,21,2,9,.222,0,2,.000,2,7,.286,.222,5,6,.833,0,2,2,1,1,0,4,2,9,0.6,Jordan Holland,https://www.sports-reference.com/cbb/players/jordan-holland-1.html,utah-valley,2018-19
7,68,7,2018-12-01,Utah Valley,@,Utah,REG (Non-Conf),L 47-85,*,22,1,6,.167,0,1,.000,1,5,.200,.167,4,6,.667,2,6,8,1,1,0,2,3,6,3.1,Jordan Holland,https://www.sports-reference.com/cbb/players/jordan-holland-1.html,utah-valley,2018-19
8,69,8,2018-12-04,Utah Valley,@,Southern Utah,REG (Non-Conf),L 59-60,*,34,2,5,.400,0,0,,2,5,.400,.400,4,5,.800,1,4,5,3,0,0,4,2,8,4.1,Jordan Holland,https://www.sports-reference.com/cbb/players/jordan-holland-1.html,utah-valley,2018-19
9,70,9,2018-12-06,Utah Valley,@,Idaho State,REG (Non-Conf),L 68-80,*,22,2,4,.500,0,0,,2,4,.500,.500,1,2,.500,0,1,1,0,1,0,3,3,5,-0.3,Jordan Holland,https://www.sports-reference.com/cbb/players/jordan-holland-1.html,utah-valley,2018-19
10,71,10,2018-12-15,Utah Valley,@,Utah State,REG (Non-Conf),L 62-67,*,30,10,14,.714,1,1,1.000,9,13,.692,.750,3,4,.750,5,5,10,0,2,0,1,2,24,23.0,Jordan Holland,https://www.sports-reference.com/cbb/players/jordan-holland-1.html,utah-valley,2018-19
11,72,11,2018-12-18,Utah Valley,,Weber State,REG (Non-Conf),W 65-59,*,28,4,10,.400,1,4,.250,3,6,.500,.450,2,3,.667,2,1,3,3,1,0,4,2,11,5.2,Jordan Holland,https://www.sports-reference.com/cbb/players/jordan-holland-1.html,utah-valley,2018-19
12,73,12,2018-12-22,Utah Valley,,UC Riverside,REG (Non-Conf),W 56-53,*,31,4,9,.444,1,2,.500,3,7,.429,.500,4,8,.500,1,5,6,0,0,2,2,2,13,7.5,Jordan Holland,https://www.sports-reference.com/cbb/players/jordan-holland-1.html,utah-valley,2018-19
13,74,13,2018-12-29,Utah Valley,@,Cal State Fullerton,REG (Non-Conf),L 55-56,*,35,7,10,.700,2,4,.500,5,6,.833,.800,5,7,.714,2,2,4,0,4,0,1,4,21,19.4,Jordan Holland,https://www.sports-reference.com/cbb/players/jordan-holland-1.html,utah-valley,2018-19
14,75,14,2019-01-03,Utah Valley,,Grand Canyon,REG (Conf),W 57-46,*,35,5,10,.500,1,2,.500,4,8,.500,.550,0,0,,1,6,7,2,2,1,4,4,11,7.0,Jordan Holland,https://www.sports-reference.com/cbb/players/jordan-holland-1.html,utah-valley,2018-19
15,76,15,2019-01-05,Utah Valley,,Cal State Bakersfield,REG (Conf),W 78-70,*,32,7,9,.778,3,4,.750,4,5,.800,.944,0,1,.000,1,4,5,2,0,0,1,5,17,13.4,Jordan Holland,https://www.sports-reference.com/cbb/players/jordan-holland-1.html,utah-valley,2018-19
16,77,16,2019-01-12,Utah Valley,@,Seattle,REG (Conf),W 58-55,*,28,3,9,.333,0,3,.000,3,6,.500,.333,7,10,.700,4,5,9,0,3,0,2,4,13,10.4,Jordan Holland,https://www.sports-reference.com/cbb/players/jordan-holland-1.html,utah-valley,2018-19
17,78,17,2019-01-17,Utah Valley,@,Texas–Rio Grande Valley,REG (Conf),W 57-55,*,30,5,13,.385,1,5,.200,4,8,.500,.423,8,8,1.000,1,7,8,1,5,0,6,4,19,12.8,Jordan Holland,https://www.sports-reference.com/cbb/players/jordan-holland-1.html,utah-valley,2018-19
18,79,18,2019-01-19,Utah Valley,@,New Mexico State,REG (Conf),L 52-58,*,31,5,10,.500,1,3,.333,4,7,.571,.550,1,2,.500,2,6,8,2,3,0,0,1,12,13.8,Jordan Holland,https://www.sports-reference.com/cbb/players/jordan-holland-1.html,utah-valley,2018-19
19,80,19,2019-01-24,Utah Valley,,Kansas City,REG (Conf),L 64-68,*,31,5,14,.357,0,3,.000,5,11,.455,.357,6,7,.857,1,3,4,1,2,1,1,3,16,10.6,Jordan Holland,https://www.sports-reference.com/cbb/players/jordan-holland-1.html,utah-valley,2018-19
20,81,20,2019-01-26,Utah Valley,,Chicago State,REG (Conf),W 76-61,*,20,6,15,.400,1,3,.333,5,12,.417,.433,1,2,.500,3,1,4,2,1,0,1,4,14,7.7,Jordan Holland,https://www.sports-reference.com/cbb/players/jordan-holland-1.html,utah-valley,2018-19
21,82,21,2019-01-31,Utah Valley,@,California Baptist,REG (Conf),L 54-83,*,23,5,14,.357,2,5,.400,3,9,.333,.429,0,0,,2,2,4,0,1,1,1,2,12,6.1,Jordan Holland,https://www.sports-reference.com/cbb/players/jordan-holland-1.html,utah-valley,2018-19
22,83,22,2019-02-09,Utah Valley,,Seattle,REG (Conf),W 63-56,*,29,4,11,.364,0,2,.000,4,9,.444,.364,5,10,.500,5,7,12,1,1,0,3,5,13,7.2,Jordan Holland,https://www.sports-reference.com/cbb/players/jordan-holland-1.html,utah-valley,2018-19
23,84,23,2019-02-14,Utah Valley,,New Mexico State,REG (Conf),L 63-72,*,30,7,19,.368,4,6,.667,3,13,.231,.474,0,1,.000,0,4,4,2,5,1,3,4,18,10.8,Jordan Holland,https://www.sports-reference.com/cbb/players/jordan-holland-1.html,utah-valley,2018-19
24,85,24,2019-02-16,Utah Valley,,Texas–Rio Grande Valley,REG (Conf),W 72-57,*,36,6,11,.545,2,3,.667,4,8,.500,.636,2,2,1.000,0,7,7,1,3,1,0,4,16,15.6,Jordan Holland,https://www.sports-reference.com/cbb/players/jordan-holland-1.html,utah-valley,2018-19
25,86,25,2019-02-21,Utah Valley,@,Chicago State,REG (Conf),W 70-65,*,32,7,16,.438,0,3,.000,7,13,.538,.438,4,6,.667,3,0,3,4,2,1,2,1,18,14.0,Jordan Holland,https://www.sports-reference.com/cbb/players/jordan-holland-1.html,utah-valley,2018-19
26,87,26,2019-02-23,Utah Valley,@,Kansas City,REG (Conf),L 64-97,*,28,5,18,.278,1,4,.250,4,14,.286,.306,0,1,.000,2,8,10,1,1,0,1,3,11,3.3,Jordan Holland,https://www.sports-reference.com/cbb/players/jordan-holland-1.html,utah-valley,2018-19
27,88,27,2019-03-02,Utah Valley,,California Baptist,REG (Conf),L 74-92,*,36,4,17,.235,0,3,.000,4,14,.286,.235,2,2,1.000,7,6,13,0,3,0,2,1,10,7.0,Jordan Holland,https://www.sports-reference.com/cbb/players/jordan-holland-1.html,utah-valley,2018-19
28,89,28,2019-03-07,Utah Valley,@,Grand Canyon,REG (Conf),L 54-64,*,35,4,12,.333,2,4,.500,2,8,.250,.417,4,6,.667,3,3,6,0,2,0,0,4,14,9.8,Jordan Holland,https://www.sports-reference.com/cbb/players/jordan-holland-1.html,utah-valley,2018-19
29,90,29,2019-03-09,Utah Valley,@,Cal State Bakersfield,REG (Conf),L 73-92,*,34,6,13,.462,1,4,.250,5,9,.556,.500,3,6,.500,1,3,4,5,2,0,5,2,16,9.4,Jordan Holland,https://www.sports-reference.com/cbb/players/jordan-holland-1.html,utah-valley,2018-19
30,91,30,2019-03-13,Utah Valley,@,Kansas City,CTOURN,L 75-78,*,39,6,13,.462,1,4,.250,5,9,.556,.500,3,4,.750,2,1,3,1,2,1,1,4,16,11.4,Jordan Holland,https://www.sports-reference.com/cbb/players/jordan-holland-1.html,utah-valley,2018-19
