ranker,player_game_num_career,team_game_num_season,date,team_name_abbr,game_location,opp_name_abbr,game_type,game_result,is_starter,mp,fg,fga,fg_pct,fg3,fg3a,fg3_pct,fg2,fg2a,fg2_pct,efg_pct,ft,fta,ft_pct,orb,drb,trb,ast,stl,blk,tov,pf,pts,game_score,player_name,player_sr_link,school,season
1,1,1,2018-11-06,Utah Valley,,UC Santa Barbara,REG (Non-Conf),W 63-54,,4,0,1,.000,0,0,,0,1,.000,.000,0,0,,0,0,0,1,0,0,1,1,0,-1.4,Kamaile Kandiah,https://www.sports-reference.com/cbb/players/kamaile-kandiah-1.html,utah-valley,2018-19
2,2,2,2018-11-08,Utah Valley,,La Verne,REG (Non-Conf),W 86-79,,4,0,0,,0,0,,0,0,,,0,0,,0,1,1,0,0,0,3,2,0,-3.5,Kamaile Kandiah,https://www.sports-reference.com/cbb/players/kamaile-kandiah-1.html,utah-valley,2018-19
3,3,4,2018-11-17,Utah Valley,,Ottawa (AZ),REG (Non-Conf),W 90-61,,7,0,2,.000,0,0,,0,2,.000,.000,0,0,,0,0,0,1,0,0,0,0,0,-0.7,Kamaile Kandiah,https://www.sports-reference.com/cbb/players/kamaile-kandiah-1.html,utah-valley,2018-19
4,4,7,2018-12-01,Utah Valley,@,Utah,REG (Non-Conf),L 47-85,,11,1,4,.250,0,1,.000,1,3,.333,.250,2,2,1.000,0,0,0,0,0,0,2,0,4,-0.4,Kamaile Kandiah,https://www.sports-reference.com/cbb/players/kamaile-kandiah-1.html,utah-valley,2018-19
5,5,8,2018-12-04,Utah Valley,@,Southern Utah,REG (Non-Conf),L 59-60,,5,0,0,,0,0,,0,0,,,0,0,,0,0,0,0,0,0,0,0,0,0.0,Kamaile Kandiah,https://www.sports-reference.com/cbb/players/kamaile-kandiah-1.html,utah-valley,2018-19
6,6,9,2018-12-06,Utah Valley,@,Idaho State,REG (Non-Conf),L 68-80,,6,0,1,.000,0,1,.000,0,0,,.000,0,0,,0,0,0,0,0,0,1,1,0,-2.1,Kamaile Kandiah,https://www.sports-reference.com/cbb/players/kamaile-kandiah-1.html,utah-valley,2018-19
7,7,15,2019-01-05,Utah Valley,,Cal State Bakersfield,REG (Conf),W 78-70,,1,0,1,.000,0,0,,0,1,.000,.000,0,0,,0,0,0,0,0,0,0,0,0,-0.7,Kamaile Kandiah,https://www.sports-reference.com/cbb/players/kamaile-kandiah-1.html,utah-valley,2018-19
8,8,19,2019-01-24,Utah Valley,,Kansas City,REG (Conf),L 64-68,,1,0,0,,0,0,,0,0,,,0,0,,0,0,0,0,0,0,0,0,0,0.0,Kamaile Kandiah,https://www.sports-reference.com/cbb/players/kamaile-kandiah-1.html,utah-valley,2018-19
9,9,20,2019-01-26,Utah Valley,,Chicago State,REG (Conf),W 76-61,,8,0,2,.000,0,1,.000,0,1,.000,.000,0,0,,0,2,2,0,0,0,0,1,0,-1.2,Kamaile Kandiah,https://www.sports-reference.com/cbb/players/kamaile-kandiah-1.html,utah-valley,2018-19
10,10,21,2019-01-31,Utah Valley,@,California Baptist,REG (Conf),L 54-83,,11,0,2,.000,0,0,,0,2,.000,.000,0,2,.000,0,1,1,4,0,0,1,0,0,-0.1,Kamaile Kandiah,https://www.sports-reference.com/cbb/players/kamaile-kandiah-1.html,utah-valley,2018-19
