ranker,player_game_num_career,team_game_num_season,date,team_name_abbr,game_location,opp_name_abbr,game_type,game_result,is_starter,mp,fg,fga,fg_pct,fg3,fg3a,fg3_pct,fg2,fg2a,fg2_pct,efg_pct,ft,fta,ft_pct,orb,drb,trb,ast,stl,blk,tov,pf,pts,game_score,player_name,player_sr_link,school,season
1,48,1,2018-11-06,Utah Valley,,UC Santa Barbara,REG (Non-Conf),W 63-54,,11,1,2,.500,0,0,,1,2,.500,.500,0,0,,0,0,0,0,0,0,1,2,2,-0.8,Keana Delos Santos,https://www.sports-reference.com/cbb/players/keana-delos-santos-1.html,utah-valley,2018-19
2,49,2,2018-11-08,Utah Valley,,La Verne,REG (Non-Conf),W 86-79,,9,1,2,.500,0,0,,1,2,.500,.500,0,0,,1,1,2,2,0,0,0,0,2,3.4,Keana Delos Santos,https://www.sports-reference.com/cbb/players/keana-delos-santos-1.html,utah-valley,2018-19
3,50,3,2018-11-10,Utah Valley,,Portland,REG (Non-Conf),L 60-65,,7,0,0,,0,0,,0,0,,,0,0,,0,1,1,1,0,0,2,3,0,-2.2,Keana Delos Santos,https://www.sports-reference.com/cbb/players/keana-delos-santos-1.html,utah-valley,2018-19
4,51,4,2018-11-17,Utah Valley,,Ottawa (AZ),REG (Non-Conf),W 90-61,,15,4,6,.667,1,2,.500,3,4,.750,.750,0,0,,0,2,2,1,3,0,5,1,9,5.3,Keana Delos Santos,https://www.sports-reference.com/cbb/players/keana-delos-santos-1.html,utah-valley,2018-19
5,52,5,2018-11-21,Utah Valley,,Arizona Christian,REG (Non-Conf),W 76-68,,18,3,9,.333,1,6,.167,2,3,.667,.389,2,2,1.000,2,0,2,1,3,0,0,1,9,8.6,Keana Delos Santos,https://www.sports-reference.com/cbb/players/keana-delos-santos-1.html,utah-valley,2018-19
6,53,6,2018-11-29,Utah Valley,,Brigham Young,REG (Non-Conf),L 51-77,,8,0,1,.000,0,0,,0,1,.000,.000,0,0,,0,1,1,0,0,0,1,1,0,-1.8,Keana Delos Santos,https://www.sports-reference.com/cbb/players/keana-delos-santos-1.html,utah-valley,2018-19
7,54,7,2018-12-01,Utah Valley,@,Utah,REG (Non-Conf),L 47-85,,6,0,0,,0,0,,0,0,,,0,0,,0,1,1,0,1,0,0,2,0,0.5,Keana Delos Santos,https://www.sports-reference.com/cbb/players/keana-delos-santos-1.html,utah-valley,2018-19
8,55,8,2018-12-04,Utah Valley,@,Southern Utah,REG (Non-Conf),L 59-60,,4,0,0,,0,0,,0,0,,,0,0,,0,0,0,0,0,0,1,0,0,-1.0,Keana Delos Santos,https://www.sports-reference.com/cbb/players/keana-delos-santos-1.html,utah-valley,2018-19
9,56,9,2018-12-06,Utah Valley,@,Idaho State,REG (Non-Conf),L 68-80,,2,0,0,,0,0,,0,0,,,0,0,,0,0,0,0,0,0,1,0,0,-1.0,Keana Delos Santos,https://www.sports-reference.com/cbb/players/keana-delos-santos-1.html,utah-valley,2018-19
10,57,14,2019-01-03,Utah Valley,,Grand Canyon,REG (Conf),W 57-46,,12,0,3,.000,0,2,.000,0,1,.000,.000,0,0,,0,4,4,1,1,0,0,1,0,0.4,Keana Delos Santos,https://www.sports-reference.com/cbb/players/keana-delos-santos-1.html,utah-valley,2018-19
11,58,15,2019-01-05,Utah Valley,,Cal State Bakersfield,REG (Conf),W 78-70,,8,0,1,.000,0,0,,0,1,.000,.000,0,0,,0,0,0,1,0,0,2,2,0,-2.8,Keana Delos Santos,https://www.sports-reference.com/cbb/players/keana-delos-santos-1.html,utah-valley,2018-19
12,59,16,2019-01-12,Utah Valley,@,Seattle,REG (Conf),W 58-55,,10,1,2,.500,0,0,,1,2,.500,.500,2,2,1.000,0,1,1,1,0,0,1,0,4,3.0,Keana Delos Santos,https://www.sports-reference.com/cbb/players/keana-delos-santos-1.html,utah-valley,2018-19
13,60,17,2019-01-17,Utah Valley,@,Texas–Rio Grande Valley,REG (Conf),W 57-55,,16,1,1,1.000,1,1,1.000,0,0,,1.500,1,2,.500,0,0,0,0,0,0,1,1,4,1.9,Keana Delos Santos,https://www.sports-reference.com/cbb/players/keana-delos-santos-1.html,utah-valley,2018-19
14,61,18,2019-01-19,Utah Valley,@,New Mexico State,REG (Conf),L 52-58,,11,0,2,.000,0,1,.000,0,1,.000,.000,0,0,,0,1,1,0,1,0,0,1,0,-0.5,Keana Delos Santos,https://www.sports-reference.com/cbb/players/keana-delos-santos-1.html,utah-valley,2018-19
15,62,19,2019-01-24,Utah Valley,,Kansas City,REG (Conf),L 64-68,,8,0,0,,0,0,,0,0,,,0,0,,0,1,1,0,0,0,2,0,0,-1.7,Keana Delos Santos,https://www.sports-reference.com/cbb/players/keana-delos-santos-1.html,utah-valley,2018-19
16,63,20,2019-01-26,Utah Valley,,Chicago State,REG (Conf),W 76-61,,12,0,1,.000,0,1,.000,0,0,,.000,2,3,.667,0,3,3,1,0,0,1,0,2,1.5,Keana Delos Santos,https://www.sports-reference.com/cbb/players/keana-delos-santos-1.html,utah-valley,2018-19
17,64,21,2019-01-31,Utah Valley,@,California Baptist,REG (Conf),L 54-83,,10,2,3,.667,0,0,,2,3,.667,.667,0,0,,1,2,3,0,1,0,1,3,4,2.8,Keana Delos Santos,https://www.sports-reference.com/cbb/players/keana-delos-santos-1.html,utah-valley,2018-19
18,65,22,2019-02-09,Utah Valley,,Seattle,REG (Conf),W 63-56,,11,0,0,,0,0,,0,0,,,0,0,,0,0,0,1,0,0,0,3,0,-0.5,Keana Delos Santos,https://www.sports-reference.com/cbb/players/keana-delos-santos-1.html,utah-valley,2018-19
19,66,23,2019-02-14,Utah Valley,,New Mexico State,REG (Conf),L 63-72,,12,0,1,.000,0,1,.000,0,0,,.000,0,0,,0,1,1,0,0,0,2,0,0,-2.4,Keana Delos Santos,https://www.sports-reference.com/cbb/players/keana-delos-santos-1.html,utah-valley,2018-19
20,67,24,2019-02-16,Utah Valley,,Texas–Rio Grande Valley,REG (Conf),W 72-57,,8,0,1,.000,0,1,.000,0,0,,.000,0,0,,1,0,1,1,0,0,0,2,0,-0.1,Keana Delos Santos,https://www.sports-reference.com/cbb/players/keana-delos-santos-1.html,utah-valley,2018-19
21,68,25,2019-02-21,Utah Valley,@,Chicago State,REG (Conf),W 70-65,,9,1,1,1.000,1,1,1.000,0,0,,1.500,0,0,,0,1,1,0,0,0,0,0,3,3.0,Keana Delos Santos,https://www.sports-reference.com/cbb/players/keana-delos-santos-1.html,utah-valley,2018-19
22,69,26,2019-02-23,Utah Valley,@,Kansas City,REG (Conf),L 64-97,,12,1,1,1.000,1,1,1.000,0,0,,1.500,0,0,,0,0,0,0,0,0,2,0,3,0.7,Keana Delos Santos,https://www.sports-reference.com/cbb/players/keana-delos-santos-1.html,utah-valley,2018-19
23,70,27,2019-03-02,Utah Valley,,California Baptist,REG (Conf),L 74-92,,6,1,2,.500,1,1,1.000,0,1,.000,.750,2,4,.500,0,0,0,0,2,0,1,1,5,3.8,Keana Delos Santos,https://www.sports-reference.com/cbb/players/keana-delos-santos-1.html,utah-valley,2018-19
24,71,28,2019-03-07,Utah Valley,@,Grand Canyon,REG (Conf),L 54-64,,5,1,1,1.000,0,0,,1,1,1.000,1.000,0,0,,0,0,0,0,0,0,0,0,2,1.7,Keana Delos Santos,https://www.sports-reference.com/cbb/players/keana-delos-santos-1.html,utah-valley,2018-19
25,72,29,2019-03-09,Utah Valley,@,Cal State Bakersfield,REG (Conf),L 73-92,,6,1,1,1.000,1,1,1.000,0,0,,1.500,1,2,.500,0,1,1,0,0,0,0,0,4,3.6,Keana Delos Santos,https://www.sports-reference.com/cbb/players/keana-delos-santos-1.html,utah-valley,2018-19
26,73,30,2019-03-13,Utah Valley,@,Kansas City,CTOURN,L 75-78,,10,1,1,1.000,0,0,,1,1,1.000,1.000,0,0,,0,0,0,0,0,0,0,2,2,0.9,Keana Delos Santos,https://www.sports-reference.com/cbb/players/keana-delos-santos-1.html,utah-valley,2018-19
