ranker,player_game_num_career,team_game_num_season,date,team_name_abbr,game_location,opp_name_abbr,game_type,game_result,is_starter,mp,fg,fga,fg_pct,fg3,fg3a,fg2,fg2a,fg2_pct,efg_pct,ft,fta,ft_pct,orb,drb,trb,ast,stl,blk,tov,pf,pts,game_score,player_name,player_sr_link,school,season
1,56,1,2018-11-06,Utah Valley,,UC Santa Barbara,REG (Non-Conf),W 63-54,,2,0,1,.000,0,0,0,1,.000,.000,0,0,,0,0,0,0,0,0,0,0,0,-0.7,Leya Harvey,https://www.sports-reference.com/cbb/players/leya-harvey-1.html,utah-valley,2018-19
2,57,2,2018-11-08,Utah Valley,,La Verne,REG (Non-Conf),W 86-79,,10,3,4,.750,0,0,3,4,.750,.750,0,0,,0,1,1,2,0,0,2,2,6,3.3,Leya Harvey,https://www.sports-reference.com/cbb/players/leya-harvey-1.html,utah-valley,2018-19
3,58,3,2018-11-10,Utah Valley,,Portland,REG (Non-Conf),L 60-65,,9,1,1,1.000,0,0,1,1,1.000,1.000,1,2,.500,0,0,0,0,0,0,1,1,3,0.9,Leya Harvey,https://www.sports-reference.com/cbb/players/leya-harvey-1.html,utah-valley,2018-19
4,59,4,2018-11-17,Utah Valley,,Ottawa (AZ),REG (Non-Conf),W 90-61,,8,3,4,.750,0,0,3,4,.750,.750,0,0,,2,1,3,0,1,0,1,3,6,4.9,Leya Harvey,https://www.sports-reference.com/cbb/players/leya-harvey-1.html,utah-valley,2018-19
5,60,5,2018-11-21,Utah Valley,,Arizona Christian,REG (Non-Conf),W 76-68,,4,0,0,,0,0,0,0,,,0,0,,0,0,0,1,0,2,1,1,0,0.7,Leya Harvey,https://www.sports-reference.com/cbb/players/leya-harvey-1.html,utah-valley,2018-19
6,61,6,2018-11-29,Utah Valley,,Brigham Young,REG (Non-Conf),L 51-77,,5,1,2,.500,0,0,1,2,.500,.500,0,0,,0,0,0,0,0,1,0,1,2,1.3,Leya Harvey,https://www.sports-reference.com/cbb/players/leya-harvey-1.html,utah-valley,2018-19
7,62,7,2018-12-01,Utah Valley,@,Utah,REG (Non-Conf),L 47-85,,7,0,0,,0,0,0,0,,,0,0,,1,2,3,0,1,0,2,1,0,-0.1,Leya Harvey,https://www.sports-reference.com/cbb/players/leya-harvey-1.html,utah-valley,2018-19
