ranker,player_game_num_career,team_game_num_season,date,team_name_abbr,game_location,opp_name_abbr,game_type,game_result,is_starter,mp,fg,fga,fg_pct,fg3,fg3a,fg3_pct,fg2,fg2a,fg2_pct,efg_pct,ft,fta,ft_pct,orb,drb,trb,ast,stl,blk,tov,pf,pts,game_score,player_name,player_sr_link,school,season
1,21,1,2018-11-06,Utah Valley,,UC Santa Barbara,REG (Non-Conf),W 63-54,,1,0,0,,0,0,,0,0,,,0,0,,0,0,0,0,0,0,0,0,0,0.0,Sophia Jacobsson,https://www.sports-reference.com/cbb/players/sophia-jacobsson-1.html,utah-valley,2018-19
2,22,2,2018-11-08,Utah Valley,,La Verne,REG (Non-Conf),W 86-79,,7,0,0,,0,0,,0,0,,,0,0,,1,0,1,0,0,0,2,0,0,-1.3,Sophia Jacobsson,https://www.sports-reference.com/cbb/players/sophia-jacobsson-1.html,utah-valley,2018-19
3,23,3,2018-11-10,Utah Valley,,Portland,REG (Non-Conf),L 60-65,,20,5,9,.556,0,0,,5,9,.556,.556,3,3,1.000,0,1,1,0,3,0,2,1,13,9.6,Sophia Jacobsson,https://www.sports-reference.com/cbb/players/sophia-jacobsson-1.html,utah-valley,2018-19
4,24,4,2018-11-17,Utah Valley,,Ottawa (AZ),REG (Non-Conf),W 90-61,,11,0,1,.000,0,1,.000,0,0,,.000,0,0,,0,0,0,2,1,0,1,0,0,0.7,Sophia Jacobsson,https://www.sports-reference.com/cbb/players/sophia-jacobsson-1.html,utah-valley,2018-19
5,25,5,2018-11-21,Utah Valley,,Arizona Christian,REG (Non-Conf),W 76-68,,6,1,3,.333,0,1,.000,1,2,.500,.333,1,2,.500,0,0,0,0,2,0,0,1,3,2.5,Sophia Jacobsson,https://www.sports-reference.com/cbb/players/sophia-jacobsson-1.html,utah-valley,2018-19
6,26,6,2018-11-29,Utah Valley,,Brigham Young,REG (Non-Conf),L 51-77,,29,3,7,.429,0,1,.000,3,6,.500,.429,2,2,1.000,0,5,5,3,1,0,5,0,8,3.9,Sophia Jacobsson,https://www.sports-reference.com/cbb/players/sophia-jacobsson-1.html,utah-valley,2018-19
7,27,7,2018-12-01,Utah Valley,@,Utah,REG (Non-Conf),L 47-85,*,29,5,9,.556,0,0,,5,9,.556,.556,1,2,.500,0,2,2,2,1,0,4,0,11,5.3,Sophia Jacobsson,https://www.sports-reference.com/cbb/players/sophia-jacobsson-1.html,utah-valley,2018-19
8,28,8,2018-12-04,Utah Valley,@,Southern Utah,REG (Non-Conf),L 59-60,*,35,5,9,.556,1,1,1.000,4,8,.500,.611,0,0,,0,2,2,4,2,0,2,1,11,9.7,Sophia Jacobsson,https://www.sports-reference.com/cbb/players/sophia-jacobsson-1.html,utah-valley,2018-19
9,29,9,2018-12-06,Utah Valley,@,Idaho State,REG (Non-Conf),L 68-80,*,33,6,15,.400,1,2,.500,5,13,.385,.433,4,4,1.000,0,2,2,1,3,0,3,1,17,9.8,Sophia Jacobsson,https://www.sports-reference.com/cbb/players/sophia-jacobsson-1.html,utah-valley,2018-19
10,30,10,2018-12-15,Utah Valley,@,Utah State,REG (Non-Conf),L 62-67,,11,2,3,.667,0,0,,2,3,.667,.667,0,0,,0,0,0,1,1,0,6,0,4,-1.6,Sophia Jacobsson,https://www.sports-reference.com/cbb/players/sophia-jacobsson-1.html,utah-valley,2018-19
11,31,11,2018-12-18,Utah Valley,,Weber State,REG (Non-Conf),W 65-59,,14,2,4,.500,0,2,.000,2,2,1.000,.500,0,0,,0,0,0,4,1,0,1,0,4,4.8,Sophia Jacobsson,https://www.sports-reference.com/cbb/players/sophia-jacobsson-1.html,utah-valley,2018-19
12,32,12,2018-12-22,Utah Valley,,UC Riverside,REG (Non-Conf),W 56-53,,10,0,3,.000,0,0,,0,3,.000,.000,0,0,,0,0,0,4,0,0,1,1,0,-0.7,Sophia Jacobsson,https://www.sports-reference.com/cbb/players/sophia-jacobsson-1.html,utah-valley,2018-19
13,33,13,2018-12-29,Utah Valley,@,Cal State Fullerton,REG (Non-Conf),L 55-56,,10,0,1,.000,0,0,,0,1,.000,.000,0,0,,0,1,1,1,0,0,2,1,0,-2.1,Sophia Jacobsson,https://www.sports-reference.com/cbb/players/sophia-jacobsson-1.html,utah-valley,2018-19
14,34,14,2019-01-03,Utah Valley,,Grand Canyon,REG (Conf),W 57-46,,10,0,0,,0,0,,0,0,,,0,0,,0,0,0,0,0,0,2,1,0,-2.4,Sophia Jacobsson,https://www.sports-reference.com/cbb/players/sophia-jacobsson-1.html,utah-valley,2018-19
15,35,15,2019-01-05,Utah Valley,,Cal State Bakersfield,REG (Conf),W 78-70,,5,0,1,.000,0,0,,0,1,.000,.000,0,0,,0,1,1,0,0,0,3,1,0,-3.8,Sophia Jacobsson,https://www.sports-reference.com/cbb/players/sophia-jacobsson-1.html,utah-valley,2018-19
16,36,16,2019-01-12,Utah Valley,@,Seattle,REG (Conf),W 58-55,,10,3,4,.750,0,1,.000,3,3,1.000,.750,0,0,,0,1,1,1,1,0,1,0,6,5.4,Sophia Jacobsson,https://www.sports-reference.com/cbb/players/sophia-jacobsson-1.html,utah-valley,2018-19
17,37,17,2019-01-17,Utah Valley,@,Texas–Rio Grande Valley,REG (Conf),W 57-55,,6,1,2,.500,0,0,,1,2,.500,.500,0,0,,0,0,0,0,0,0,1,1,2,-0.4,Sophia Jacobsson,https://www.sports-reference.com/cbb/players/sophia-jacobsson-1.html,utah-valley,2018-19
18,38,18,2019-01-19,Utah Valley,@,New Mexico State,REG (Conf),L 52-58,,5,0,1,.000,0,0,,0,1,.000,.000,0,0,,0,0,0,0,0,0,2,1,0,-3.1,Sophia Jacobsson,https://www.sports-reference.com/cbb/players/sophia-jacobsson-1.html,utah-valley,2018-19
19,39,19,2019-01-24,Utah Valley,,Kansas City,REG (Conf),L 64-68,,3,0,1,.000,0,0,,0,1,.000,.000,0,0,,0,0,0,0,0,0,1,0,0,-1.7,Sophia Jacobsson,https://www.sports-reference.com/cbb/players/sophia-jacobsson-1.html,utah-valley,2018-19
20,40,21,2019-01-31,Utah Valley,@,California Baptist,REG (Conf),L 54-83,,8,0,3,.000,0,0,,0,3,.000,.000,0,0,,0,0,0,0,0,0,0,1,0,-2.5,Sophia Jacobsson,https://www.sports-reference.com/cbb/players/sophia-jacobsson-1.html,utah-valley,2018-19
21,41,22,2019-02-09,Utah Valley,,Seattle,REG (Conf),W 63-56,,6,3,4,.750,0,0,,3,4,.750,.750,0,0,,0,0,0,0,0,0,0,0,6,4.4,Sophia Jacobsson,https://www.sports-reference.com/cbb/players/sophia-jacobsson-1.html,utah-valley,2018-19
22,42,23,2019-02-14,Utah Valley,,New Mexico State,REG (Conf),L 63-72,,14,0,3,.000,0,0,,0,3,.000,.000,0,0,,0,2,2,3,0,0,1,1,0,-0.8,Sophia Jacobsson,https://www.sports-reference.com/cbb/players/sophia-jacobsson-1.html,utah-valley,2018-19
23,43,24,2019-02-16,Utah Valley,,Texas–Rio Grande Valley,REG (Conf),W 72-57,,5,1,2,.500,0,0,,1,2,.500,.500,0,0,,0,0,0,0,0,0,1,3,2,-1.2,Sophia Jacobsson,https://www.sports-reference.com/cbb/players/sophia-jacobsson-1.html,utah-valley,2018-19
24,44,25,2019-02-21,Utah Valley,@,Chicago State,REG (Conf),W 70-65,,7,1,3,.333,1,2,.500,0,1,.000,.500,2,2,1.000,0,0,0,0,1,0,1,0,5,3.3,Sophia Jacobsson,https://www.sports-reference.com/cbb/players/sophia-jacobsson-1.html,utah-valley,2018-19
25,45,26,2019-02-23,Utah Valley,@,Kansas City,REG (Conf),L 64-97,,10,2,3,.667,0,0,,2,3,.667,.667,0,0,,0,1,1,1,0,0,3,1,4,0.3,Sophia Jacobsson,https://www.sports-reference.com/cbb/players/sophia-jacobsson-1.html,utah-valley,2018-19
26,46,27,2019-03-02,Utah Valley,,California Baptist,REG (Conf),L 74-92,,16,3,7,.429,1,1,1.000,2,6,.333,.500,0,0,,0,0,0,1,0,0,0,0,7,4.0,Sophia Jacobsson,https://www.sports-reference.com/cbb/players/sophia-jacobsson-1.html,utah-valley,2018-19
27,47,28,2019-03-07,Utah Valley,@,Grand Canyon,REG (Conf),L 54-64,,2,0,1,.000,0,0,,0,1,.000,.000,0,0,,0,0,0,0,0,0,0,0,0,-0.7,Sophia Jacobsson,https://www.sports-reference.com/cbb/players/sophia-jacobsson-1.html,utah-valley,2018-19
28,48,29,2019-03-09,Utah Valley,@,Cal State Bakersfield,REG (Conf),L 73-92,,8,0,1,.000,0,0,,0,1,.000,.000,1,2,.500,0,0,0,2,0,0,3,1,1,-2.1,Sophia Jacobsson,https://www.sports-reference.com/cbb/players/sophia-jacobsson-1.html,utah-valley,2018-19
29,49,30,2019-03-13,Utah Valley,@,Kansas City,CTOURN,L 75-78,,1,0,0,,0,0,,0,0,,,0,0,,0,0,0,0,0,0,0,0,0,0.0,Sophia Jacobsson,https://www.sports-reference.com/cbb/players/sophia-jacobsson-1.html,utah-valley,2018-19
