ranker,player_game_num_career,team_game_num_season,date,team_name_abbr,game_location,opp_name_abbr,game_type,game_result,is_starter,mp,fg,fga,fg_pct,fg3,fg3a,fg3_pct,fg2,fg2a,fg2_pct,efg_pct,ft,fta,ft_pct,orb,drb,trb,ast,stl,blk,tov,pf,pts,game_score,player_name,player_sr_link,school,season
1,1,1,2023-11-07,Brigham Young,@,Montana State,REG (Non-Conf),W 68-60,,0,0,0,,0,0,,0,0,,,0,0,,0,0,0,0,0,0,0,0,0,0.0,Ali'a Matavao,https://www.sports-reference.com/cbb/players/alia-matavao-1.html,brigham-young,2023-24
2,2,2,2023-11-10,Brigham Young,,Weber State,REG (Non-Conf),W 77-49,,9,0,3,.000,0,0,,0,3,.000,.000,0,0,,0,2,2,1,0,0,1,2,0,-2.6,Ali'a Matavao,https://www.sports-reference.com/cbb/players/alia-matavao-1.html,brigham-young,2023-24
3,3,3,2023-11-14,Brigham Young,,Utah Valley,REG (Non-Conf),W 59-44,,1,0,0,,0,0,,0,0,,,0,0,,0,0,0,0,0,0,0,1,0,-0.4,Ali'a Matavao,https://www.sports-reference.com/cbb/players/alia-matavao-1.html,brigham-young,2023-24
4,4,4,2023-11-18,Brigham Young,N,Wake Forest,REG (Non-Conf),W 67-44,,11,1,1,1.000,0,0,,1,1,1.000,1.000,3,6,.500,1,0,1,0,0,0,1,2,5,2.4,Ali'a Matavao,https://www.sports-reference.com/cbb/players/alia-matavao-1.html,brigham-young,2023-24
5,5,5,2023-11-21,Brigham Young,N,Saint Louis,REG (Non-Conf),W 87-66,,8,0,2,.000,0,1,.000,0,1,.000,.000,0,0,,0,0,0,1,0,0,2,2,0,-3.5,Ali'a Matavao,https://www.sports-reference.com/cbb/players/alia-matavao-1.html,brigham-young,2023-24
6,6,6,2023-11-25,Brigham Young,,Loyola Marymount,REG (Non-Conf),W 74-58,,2,1,1,1.000,0,0,,1,1,1.000,1.000,0,0,,0,0,0,0,0,0,1,0,2,0.7,Ali'a Matavao,https://www.sports-reference.com/cbb/players/alia-matavao-1.html,brigham-young,2023-24
7,7,8,2023-12-02,Brigham Young,@,Utah,REG (Non-Conf),L 68-87,,1,0,0,,0,0,,0,0,,,0,0,,0,0,0,0,0,0,0,0,0,0.0,Ali'a Matavao,https://www.sports-reference.com/cbb/players/alia-matavao-1.html,brigham-young,2023-24
8,8,9,2023-12-05,Brigham Young,,Utah State,REG (Non-Conf),W 72-66,,5,0,2,.000,0,1,.000,0,1,.000,.000,0,0,,0,0,0,0,0,0,1,1,0,-2.8,Ali'a Matavao,https://www.sports-reference.com/cbb/players/alia-matavao-1.html,brigham-young,2023-24
9,9,10,2023-12-09,Brigham Young,,Boise State,REG (Non-Conf),W 65-50,,3,0,0,,0,0,,0,0,,,0,2,.000,0,0,0,0,0,0,0,0,0,-0.8,Ali'a Matavao,https://www.sports-reference.com/cbb/players/alia-matavao-1.html,brigham-young,2023-24
10,10,11,2023-12-16,Brigham Young,,Idaho State,REG (Non-Conf),W 79-76 (OT),,2,1,1,1.000,0,0,,1,1,1.000,1.000,0,0,,0,0,0,0,0,0,0,1,2,1.3,Ali'a Matavao,https://www.sports-reference.com/cbb/players/alia-matavao-1.html,brigham-young,2023-24
11,11,12,2023-12-20,Brigham Young,@,Missouri State,REG (Non-Conf),L 55-56,,2,0,1,.000,0,0,,0,1,.000,.000,0,0,,0,0,0,0,0,0,1,1,0,-2.1,Ali'a Matavao,https://www.sports-reference.com/cbb/players/alia-matavao-1.html,brigham-young,2023-24
12,12,13,2023-12-21,Brigham Young,N,Nevada,REG (Non-Conf),W 72-59,,17,1,6,.167,0,1,.000,1,5,.200,.167,0,0,,2,1,3,2,0,1,2,3,2,-1.2,Ali'a Matavao,https://www.sports-reference.com/cbb/players/alia-matavao-1.html,brigham-young,2023-24
13,13,14,2023-12-30,Brigham Young,@,TCU,REG (Conf),L 67-81,,1,0,0,,0,0,,0,0,,,0,0,,0,1,1,0,0,0,0,0,0,0.3,Ali'a Matavao,https://www.sports-reference.com/cbb/players/alia-matavao-1.html,brigham-young,2023-24
14,14,15,2024-01-03,Brigham Young,,Oklahoma,REG (Conf),L 63-75,,1,0,0,,0,0,,0,0,,,0,0,,0,0,0,0,0,0,0,0,0,0.0,Ali'a Matavao,https://www.sports-reference.com/cbb/players/alia-matavao-1.html,brigham-young,2023-24
15,15,17,2024-01-10,Brigham Young,@,Houston,REG (Conf),L 69-79,,1,0,0,,0,0,,0,0,,,0,0,,0,0,0,0,0,0,0,0,0,0.0,Ali'a Matavao,https://www.sports-reference.com/cbb/players/alia-matavao-1.html,brigham-young,2023-24
16,16,18,2024-01-13,Brigham Young,,Cincinnati,REG (Conf),W 68-58,,2,1,3,.333,0,1,.000,1,2,.500,.333,0,0,,2,1,3,0,0,0,0,0,2,2.0,Ali'a Matavao,https://www.sports-reference.com/cbb/players/alia-matavao-1.html,brigham-young,2023-24
17,17,19,2024-01-17,Brigham Young,@,Oklahoma State,REG (Conf),L 50-82,,11,2,6,.333,0,1,.000,2,5,.400,.333,0,0,,0,2,2,0,1,0,1,3,4,0.0,Ali'a Matavao,https://www.sports-reference.com/cbb/players/alia-matavao-1.html,brigham-young,2023-24
18,18,21,2024-01-27,Brigham Young,@,Kansas State,REG (Conf),L 65-67,,9,0,3,.000,0,1,.000,0,2,.000,.000,0,0,,0,1,1,0,1,0,2,2,0,-3.6,Ali'a Matavao,https://www.sports-reference.com/cbb/players/alia-matavao-1.html,brigham-young,2023-24
19,19,22,2024-01-31,Brigham Young,@,Kansas,REG (Conf),L 53-67,,1,0,0,,0,0,,0,0,,,0,0,,0,0,0,0,0,0,1,2,0,-1.8,Ali'a Matavao,https://www.sports-reference.com/cbb/players/alia-matavao-1.html,brigham-young,2023-24
