ranker,player_game_num_career,team_game_num_season,date,team_name_abbr,game_location,opp_name_abbr,game_type,game_result,is_starter,mp,fg,fga,fg_pct,fg3,fg3a,fg2,fg2a,fg2_pct,efg_pct,ft,fta,ft_pct,orb,drb,trb,ast,stl,blk,tov,pf,pts,game_score,player_name,player_sr_link,school,season
1,1,2,2023-11-10,Brigham Young,,Weber State,REG (Non-Conf),W 77-49,,1,1,1,1.000,0,0,1,1,1.000,1.000,0,0,,1,0,1,0,0,0,0,0,2,2.4,McKinley Willardson,https://www.sports-reference.com/cbb/players/mckinley-willardson-1.html,brigham-young,2023-24
2,2,4,2023-11-18,Brigham Young,N,Wake Forest,REG (Non-Conf),W 67-44,,2,0,0,,0,0,0,0,,,0,0,,0,0,0,1,0,0,1,0,0,-0.3,McKinley Willardson,https://www.sports-reference.com/cbb/players/mckinley-willardson-1.html,brigham-young,2023-24
3,3,10,2023-12-09,Brigham Young,,Boise State,REG (Non-Conf),W 65-50,,1,0,0,,0,0,0,0,,,0,0,,0,0,0,0,0,0,0,0,0,0.0,McKinley Willardson,https://www.sports-reference.com/cbb/players/mckinley-willardson-1.html,brigham-young,2023-24
4,4,15,2024-01-03,Brigham Young,,Oklahoma,REG (Conf),L 63-75,,1,0,0,,0,0,0,0,,,1,2,.500,0,0,0,0,0,0,0,0,1,0.6,McKinley Willardson,https://www.sports-reference.com/cbb/players/mckinley-willardson-1.html,brigham-young,2023-24
5,5,19,2024-01-17,Brigham Young,@,Oklahoma State,REG (Conf),L 50-82,,1,0,0,,0,0,0,0,,,0,0,,0,0,0,0,0,0,0,1,0,-0.4,McKinley Willardson,https://www.sports-reference.com/cbb/players/mckinley-willardson-1.html,brigham-young,2023-24
6,6,33,2024-03-21,Brigham Young,@,Santa Clara,WBIT,L 59-60,,0,0,0,,0,0,0,0,,,0,0,,0,0,0,0,0,0,0,0,0,0.0,McKinley Willardson,https://www.sports-reference.com/cbb/players/mckinley-willardson-1.html,brigham-young,2023-24
