ranker,player_game_num_career,team_game_num_season,date,team_name_abbr,game_location,opp_name_abbr,game_type,game_result,is_starter,mp,fg,fga,fg_pct,fg3,fg3a,fg3_pct,fg2,fg2a,fg2_pct,efg_pct,ft,fta,ft_pct,orb,drb,trb,ast,stl,blk,tov,pf,pts,game_score,player_name,player_sr_link,school,season
1,51,1,2021-11-09,Fordham,,Quinnipiac,REG (Non-Conf),W 79-71 (OT),*,42,6,18,.333,2,4,.500,4,14,.286,.389,3,4,.750,0,1,1,4,5,0,4,2,17,9.7,Anna DeWolfe,https://www.sports-reference.com/cbb/players/anna-dewolfe-1.html,fordham,2021-22
2,52,2,2021-11-13,Fordham,@,Seton Hall,REG (Non-Conf),W 82-63,*,38,7,18,.389,1,5,.200,6,13,.462,.417,1,2,.500,0,1,1,3,0,0,6,0,16,2.2,Anna DeWolfe,https://www.sports-reference.com/cbb/players/anna-dewolfe-1.html,fordham,2021-22
3,53,3,2021-11-18,Fordham,@,Notre Dame,REG (Non-Conf),L 56-71,*,37,4,17,.235,1,8,.125,3,9,.333,.265,1,2,.500,0,0,0,0,0,0,3,5,10,-5.7,Anna DeWolfe,https://www.sports-reference.com/cbb/players/anna-dewolfe-1.html,fordham,2021-22
4,54,4,2021-11-21,Fordham,,Michigan State,REG (Non-Conf),W 71-68,*,40,11,20,.550,1,5,.200,10,15,.667,.575,1,2,.500,0,1,1,4,0,0,6,1,24,10.7,Anna DeWolfe,https://www.sports-reference.com/cbb/players/anna-dewolfe-1.html,fordham,2021-22
5,55,5,2021-11-25,Fordham,@,Baylor,REG (Non-Conf),L 45-68,*,36,4,15,.267,2,7,.286,2,8,.250,.333,0,0,,0,7,7,3,2,0,8,1,10,-1.1,Anna DeWolfe,https://www.sports-reference.com/cbb/players/anna-dewolfe-1.html,fordham,2021-22
6,56,6,2021-11-26,Fordham,,Houston,REG (Non-Conf),W 67-53,*,39,8,19,.421,1,8,.125,7,11,.636,.447,1,1,1.000,0,0,0,2,2,0,3,1,18,7.9,Anna DeWolfe,https://www.sports-reference.com/cbb/players/anna-dewolfe-1.html,fordham,2021-22
7,57,7,2021-11-27,Fordham,@,Arizona State,REG (Non-Conf),L 43-58,*,40,7,18,.389,4,10,.400,3,8,.375,.500,2,2,1.000,0,7,7,1,0,0,3,1,20,9.6,Anna DeWolfe,https://www.sports-reference.com/cbb/players/anna-dewolfe-1.html,fordham,2021-22
8,58,8,2021-12-02,Fordham,,Stony Brook,REG (Non-Conf),W 71-59,*,40,11,18,.611,4,7,.571,7,11,.636,.722,2,2,1.000,0,2,2,5,3,1,5,1,28,22.2,Anna DeWolfe,https://www.sports-reference.com/cbb/players/anna-dewolfe-1.html,fordham,2021-22
9,59,9,2021-12-05,Fordham,,Princeton,REG (Non-Conf),W 76-67,*,40,10,17,.588,3,7,.429,7,10,.700,.676,5,5,1.000,1,1,2,3,3,0,3,1,28,22.8,Anna DeWolfe,https://www.sports-reference.com/cbb/players/anna-dewolfe-1.html,fordham,2021-22
10,60,10,2021-12-08,Fordham,,Manhattan,REG (Non-Conf),W 65-63,*,40,9,26,.346,6,12,.500,3,14,.214,.462,3,3,1.000,0,2,2,5,2,0,3,0,27,15.5,Anna DeWolfe,https://www.sports-reference.com/cbb/players/anna-dewolfe-1.html,fordham,2021-22
11,61,11,2021-12-12,Fordham,,Lafayette,REG (Non-Conf),W 71-36,*,31,10,16,.625,4,7,.571,6,9,.667,.750,0,0,,0,3,3,2,1,0,4,1,24,15.7,Anna DeWolfe,https://www.sports-reference.com/cbb/players/anna-dewolfe-1.html,fordham,2021-22
12,62,12,2022-01-02,Fordham,,Fairleigh Dickinson,REG (Non-Conf),W 63-36,*,32,10,20,.500,3,8,.375,7,12,.583,.575,0,0,,0,1,1,2,3,1,3,0,23,15.4,Anna DeWolfe,https://www.sports-reference.com/cbb/players/anna-dewolfe-1.html,fordham,2021-22
13,63,13,2022-01-09,Fordham,,La Salle,REG (Conf),L 62-71,*,40,11,18,.611,3,5,.600,8,13,.615,.694,3,3,1.000,2,4,6,1,2,0,5,4,28,18.5,Anna DeWolfe,https://www.sports-reference.com/cbb/players/anna-dewolfe-1.html,fordham,2021-22
14,64,14,2022-01-12,Fordham,@,George Mason,REG (Conf),W 73-64,*,40,8,23,.348,4,10,.400,4,13,.308,.435,2,2,1.000,0,2,2,5,2,0,5,2,22,9.4,Anna DeWolfe,https://www.sports-reference.com/cbb/players/anna-dewolfe-1.html,fordham,2021-22
15,65,15,2022-01-15,Fordham,@,VCU,REG (Conf),W 54-48,*,36,3,15,.200,1,9,.111,2,6,.333,.233,0,0,,2,2,4,2,1,0,2,2,7,-0.7,Anna DeWolfe,https://www.sports-reference.com/cbb/players/anna-dewolfe-1.html,fordham,2021-22
16,66,16,2022-01-19,Fordham,,George Washington,REG (Conf),W 61-53,*,40,8,21,.381,3,10,.300,5,11,.455,.452,2,2,1.000,0,1,1,3,2,1,1,2,21,12.8,Anna DeWolfe,https://www.sports-reference.com/cbb/players/anna-dewolfe-1.html,fordham,2021-22
17,67,17,2022-01-21,Fordham,@,Davidson,REG (Conf),W 63-51,*,40,8,20,.400,2,10,.200,6,10,.600,.450,2,2,1.000,0,3,3,2,0,0,4,1,20,7.1,Anna DeWolfe,https://www.sports-reference.com/cbb/players/anna-dewolfe-1.html,fordham,2021-22
18,68,18,2022-01-23,Fordham,@,Dayton,REG (Conf),L 48-52,*,40,4,19,.211,2,8,.250,2,11,.182,.263,4,4,1.000,0,4,4,3,1,0,2,4,14,3.0,Anna DeWolfe,https://www.sports-reference.com/cbb/players/anna-dewolfe-1.html,fordham,2021-22
19,69,19,2022-01-26,Fordham,,Saint Joseph's,REG (Conf),W 55-35,*,37,10,19,.526,2,7,.286,8,12,.667,.579,0,0,,0,2,2,4,2,0,3,0,22,15.1,Anna DeWolfe,https://www.sports-reference.com/cbb/players/anna-dewolfe-1.html,fordham,2021-22
20,70,20,2022-01-29,Fordham,,St. Bonaventure,REG (Conf),W 62-54,*,40,7,18,.389,2,8,.250,5,10,.500,.444,4,5,.800,0,1,1,3,1,1,3,2,20,10.1,Anna DeWolfe,https://www.sports-reference.com/cbb/players/anna-dewolfe-1.html,fordham,2021-22
21,71,21,2022-02-05,Fordham,@,Duquesne,REG (Conf),W 59-52,*,38,6,14,.429,1,5,.200,5,9,.556,.464,0,0,,1,2,3,3,2,0,2,0,13,9.0,Anna DeWolfe,https://www.sports-reference.com/cbb/players/anna-dewolfe-1.html,fordham,2021-22
22,72,22,2022-02-13,Fordham,@,Rhode Island,REG (Conf),L 43-58,*,39,3,7,.429,2,4,.500,1,3,.333,.571,2,2,1.000,0,1,1,6,1,0,3,0,10,8.8,Anna DeWolfe,https://www.sports-reference.com/cbb/players/anna-dewolfe-1.html,fordham,2021-22
23,73,23,2022-02-16,Fordham,@,Massachusetts,REG (Conf),L 57-60,*,40,5,22,.227,2,11,.182,3,11,.273,.273,0,0,,0,1,1,2,0,0,4,0,12,-3.7,Anna DeWolfe,https://www.sports-reference.com/cbb/players/anna-dewolfe-1.html,fordham,2021-22
24,74,24,2022-02-19,Fordham,,Dayton,REG (Conf),L 47-48,*,39,9,24,.375,2,11,.182,7,13,.538,.417,1,2,.500,1,1,2,1,2,0,2,2,21,8.3,Anna DeWolfe,https://www.sports-reference.com/cbb/players/anna-dewolfe-1.html,fordham,2021-22
25,75,25,2022-02-23,Fordham,@,Richmond,REG (Conf),L 69-79,*,31,4,17,.235,1,3,.333,3,14,.214,.265,0,1,.000,1,3,4,2,0,0,1,3,9,-0.9,Anna DeWolfe,https://www.sports-reference.com/cbb/players/anna-dewolfe-1.html,fordham,2021-22
26,76,26,2022-02-26,Fordham,,Davidson,REG (Conf),W 68-57,*,40,7,18,.389,0,2,.000,7,16,.438,.389,5,5,1.000,1,1,2,1,4,0,2,0,19,12.9,Anna DeWolfe,https://www.sports-reference.com/cbb/players/anna-dewolfe-1.html,fordham,2021-22
27,77,27,2022-03-03,Fordham,,George Mason,CTOURN,W 66-50,*,40,5,15,.333,1,4,.250,4,11,.364,.367,1,2,.500,0,4,4,2,2,0,4,2,12,2.9,Anna DeWolfe,https://www.sports-reference.com/cbb/players/anna-dewolfe-1.html,fordham,2021-22
28,78,28,2022-03-04,Fordham,@,Massachusetts,CTOURN,L 63-66,*,40,4,19,.211,0,6,.000,4,13,.308,.211,0,0,,0,2,2,2,0,0,1,2,8,-3.5,Anna DeWolfe,https://www.sports-reference.com/cbb/players/anna-dewolfe-1.html,fordham,2021-22
29,79,29,2022-03-18,Fordham,,Bucknell,WNIT,L 64-73,*,36,5,18,.278,3,6,.500,2,12,.167,.361,0,0,,1,0,1,0,3,0,4,2,13,1.3,Anna DeWolfe,https://www.sports-reference.com/cbb/players/anna-dewolfe-1.html,fordham,2021-22
