ranker,player_game_num_career,team_game_num_season,date,team_name_abbr,game_location,opp_name_abbr,game_type,game_result,is_starter,mp,fg,fga,fg_pct,fg3,fg3a,fg3_pct,fg2,fg2a,fg2_pct,efg_pct,ft,fta,ft_pct,orb,drb,trb,ast,stl,blk,tov,pf,pts,game_score,player_name,player_sr_link,school,season
1,81,1,2021-11-09,Fordham,,Quinnipiac,REG (Non-Conf),W 79-71 (OT),*,40,11,17,.647,1,1,1.000,10,16,.625,.676,11,13,.846,2,4,6,3,6,0,2,4,34,32.8,Asiah Dingle,https://www.sports-reference.com/cbb/players/asiah-dingle-1.html,fordham,2021-22
2,82,2,2021-11-13,Fordham,@,Seton Hall,REG (Non-Conf),W 82-63,*,39,7,13,.538,0,1,.000,7,12,.583,.538,4,7,.571,3,10,13,3,4,0,1,2,18,19.9,Asiah Dingle,https://www.sports-reference.com/cbb/players/asiah-dingle-1.html,fordham,2021-22
3,83,3,2021-11-18,Fordham,@,Notre Dame,REG (Non-Conf),L 56-71,*,36,6,17,.353,0,1,.000,6,16,.375,.353,2,2,1.000,2,4,6,3,4,0,4,3,14,8.0,Asiah Dingle,https://www.sports-reference.com/cbb/players/asiah-dingle-1.html,fordham,2021-22
4,84,4,2021-11-21,Fordham,,Michigan State,REG (Non-Conf),W 71-68,*,28,5,14,.357,0,0,,5,14,.357,.357,3,4,.750,4,2,6,2,1,0,5,4,13,4.0,Asiah Dingle,https://www.sports-reference.com/cbb/players/asiah-dingle-1.html,fordham,2021-22
5,85,5,2021-11-25,Fordham,@,Baylor,REG (Non-Conf),L 45-68,*,30,2,10,.200,0,1,.000,2,9,.222,.200,0,0,,1,2,3,1,0,0,4,5,4,-6.2,Asiah Dingle,https://www.sports-reference.com/cbb/players/asiah-dingle-1.html,fordham,2021-22
6,86,6,2021-11-26,Fordham,,Houston,REG (Non-Conf),W 67-53,*,31,3,8,.375,0,0,,3,8,.375,.375,9,10,.900,4,6,10,1,3,0,6,3,15,11.3,Asiah Dingle,https://www.sports-reference.com/cbb/players/asiah-dingle-1.html,fordham,2021-22
7,87,7,2021-11-27,Fordham,@,Arizona State,REG (Non-Conf),L 43-58,*,37,4,15,.267,0,2,.000,4,13,.308,.267,2,2,1.000,3,3,6,5,1,0,1,3,10,6.4,Asiah Dingle,https://www.sports-reference.com/cbb/players/asiah-dingle-1.html,fordham,2021-22
8,88,8,2021-12-02,Fordham,,Stony Brook,REG (Non-Conf),W 71-59,*,37,6,15,.400,0,3,.000,6,12,.500,.400,0,1,.000,3,3,6,4,4,0,2,5,12,9.3,Asiah Dingle,https://www.sports-reference.com/cbb/players/asiah-dingle-1.html,fordham,2021-22
9,89,9,2021-12-05,Fordham,,Princeton,REG (Non-Conf),W 76-67,*,29,5,14,.357,0,0,,5,14,.357,.357,4,6,.667,0,1,1,2,4,0,3,3,14,6.9,Asiah Dingle,https://www.sports-reference.com/cbb/players/asiah-dingle-1.html,fordham,2021-22
10,90,10,2021-12-08,Fordham,,Manhattan,REG (Non-Conf),W 65-63,*,26,3,7,.429,1,3,.333,2,4,.500,.500,1,1,1.000,0,1,1,2,0,0,2,4,8,2.4,Asiah Dingle,https://www.sports-reference.com/cbb/players/asiah-dingle-1.html,fordham,2021-22
11,91,11,2021-12-12,Fordham,,Lafayette,REG (Non-Conf),W 71-36,*,29,3,7,.429,0,2,.000,3,5,.600,.429,0,0,,0,2,2,4,2,0,2,2,6,4.9,Asiah Dingle,https://www.sports-reference.com/cbb/players/asiah-dingle-1.html,fordham,2021-22
12,92,12,2022-01-02,Fordham,,Fairleigh Dickinson,REG (Non-Conf),W 63-36,*,32,7,13,.538,0,2,.000,7,11,.636,.538,0,1,.000,1,3,4,5,3,0,5,3,14,9.2,Asiah Dingle,https://www.sports-reference.com/cbb/players/asiah-dingle-1.html,fordham,2021-22
13,93,13,2022-01-09,Fordham,,La Salle,REG (Conf),L 62-71,*,38,5,15,.333,2,3,.667,3,12,.250,.400,2,3,.667,3,3,6,3,1,0,2,5,14,7.2,Asiah Dingle,https://www.sports-reference.com/cbb/players/asiah-dingle-1.html,fordham,2021-22
14,94,14,2022-01-12,Fordham,@,George Mason,REG (Conf),W 73-64,*,38,4,9,.444,0,0,,4,9,.444,.444,6,7,.857,2,1,3,2,1,0,2,3,14,9.8,Asiah Dingle,https://www.sports-reference.com/cbb/players/asiah-dingle-1.html,fordham,2021-22
15,95,15,2022-01-15,Fordham,@,VCU,REG (Conf),W 54-48,*,37,8,12,.667,0,0,,8,12,.667,.667,3,5,.600,3,3,6,5,0,0,3,3,19,15.3,Asiah Dingle,https://www.sports-reference.com/cbb/players/asiah-dingle-1.html,fordham,2021-22
16,96,16,2022-01-19,Fordham,,George Washington,REG (Conf),W 61-53,*,30,5,12,.417,1,2,.500,4,10,.400,.458,4,5,.800,1,2,3,4,1,0,3,4,15,8.7,Asiah Dingle,https://www.sports-reference.com/cbb/players/asiah-dingle-1.html,fordham,2021-22
17,97,17,2022-01-21,Fordham,@,Davidson,REG (Conf),W 63-51,*,30,5,13,.385,1,3,.333,4,10,.400,.423,7,12,.583,2,4,6,1,2,0,4,3,18,9.0,Asiah Dingle,https://www.sports-reference.com/cbb/players/asiah-dingle-1.html,fordham,2021-22
18,98,18,2022-01-23,Fordham,@,Dayton,REG (Conf),L 48-52,*,39,5,17,.294,1,5,.200,4,12,.333,.324,1,2,.500,2,4,6,4,0,1,3,0,12,4.8,Asiah Dingle,https://www.sports-reference.com/cbb/players/asiah-dingle-1.html,fordham,2021-22
19,99,19,2022-01-26,Fordham,,Saint Joseph's,REG (Conf),W 55-35,*,35,2,6,.333,0,1,.000,2,5,.400,.333,5,6,.833,1,5,6,5,4,0,4,3,9,9.7,Asiah Dingle,https://www.sports-reference.com/cbb/players/asiah-dingle-1.html,fordham,2021-22
20,100,20,2022-01-29,Fordham,,St. Bonaventure,REG (Conf),W 62-54,*,38,6,12,.500,1,3,.333,5,9,.556,.542,1,4,.250,2,3,5,2,3,0,2,5,14,9.5,Asiah Dingle,https://www.sports-reference.com/cbb/players/asiah-dingle-1.html,fordham,2021-22
21,101,21,2022-02-05,Fordham,@,Duquesne,REG (Conf),W 59-52,*,40,8,18,.444,2,4,.500,6,14,.429,.500,6,7,.857,2,6,8,3,3,0,2,1,24,20.1,Asiah Dingle,https://www.sports-reference.com/cbb/players/asiah-dingle-1.html,fordham,2021-22
22,102,22,2022-02-13,Fordham,@,Rhode Island,REG (Conf),L 43-58,,36,4,18,.222,2,7,.286,2,11,.182,.278,0,0,,1,1,2,2,2,0,3,4,10,-1.2,Asiah Dingle,https://www.sports-reference.com/cbb/players/asiah-dingle-1.html,fordham,2021-22
23,103,23,2022-02-16,Fordham,@,Massachusetts,REG (Conf),L 57-60,*,35,3,9,.333,0,2,.000,3,7,.429,.333,1,2,.500,2,4,6,3,1,1,2,3,7,4.7,Asiah Dingle,https://www.sports-reference.com/cbb/players/asiah-dingle-1.html,fordham,2021-22
24,104,24,2022-02-19,Fordham,,Dayton,REG (Conf),L 47-48,*,32,1,6,.167,0,3,.000,1,3,.333,.167,1,8,.125,2,3,5,6,2,0,4,4,3,-0.7,Asiah Dingle,https://www.sports-reference.com/cbb/players/asiah-dingle-1.html,fordham,2021-22
25,105,25,2022-02-23,Fordham,@,Richmond,REG (Conf),L 69-79,*,32,9,14,.643,2,4,.500,7,10,.700,.714,11,14,.786,4,2,6,2,6,0,1,4,31,31.8,Asiah Dingle,https://www.sports-reference.com/cbb/players/asiah-dingle-1.html,fordham,2021-22
26,106,26,2022-02-26,Fordham,,Davidson,REG (Conf),W 68-57,*,29,5,15,.333,0,4,.000,5,11,.455,.333,5,5,1.000,1,1,2,4,0,0,2,4,15,6.7,Asiah Dingle,https://www.sports-reference.com/cbb/players/asiah-dingle-1.html,fordham,2021-22
27,107,27,2022-03-03,Fordham,,George Mason,CTOURN,W 66-50,*,40,6,12,.500,0,1,.000,6,11,.545,.500,5,6,.833,4,8,12,1,3,0,4,2,17,14.7,Asiah Dingle,https://www.sports-reference.com/cbb/players/asiah-dingle-1.html,fordham,2021-22
28,108,28,2022-03-04,Fordham,@,Massachusetts,CTOURN,L 63-66,*,40,7,15,.467,4,6,.667,3,9,.333,.600,5,9,.556,3,4,7,4,1,0,6,3,23,13.6,Asiah Dingle,https://www.sports-reference.com/cbb/players/asiah-dingle-1.html,fordham,2021-22
29,109,29,2022-03-18,Fordham,,Bucknell,WNIT,L 64-73,*,36,8,13,.615,0,0,,8,13,.615,.615,3,9,.333,1,2,3,6,4,0,3,4,19,15.6,Asiah Dingle,https://www.sports-reference.com/cbb/players/asiah-dingle-1.html,fordham,2021-22
