ranker,player_game_num_career,team_game_num_season,date,team_name_abbr,game_location,opp_name_abbr,game_type,game_result,is_starter,mp,fg,fga,fg_pct,fg3,fg3a,fg3_pct,fg2,fg2a,fg2_pct,efg_pct,ft,fta,orb,drb,trb,ast,stl,blk,tov,pf,pts,game_score,player_name,player_sr_link,school,season
1,31,2,2021-11-13,Fordham,@,Seton Hall,REG (Non-Conf),W 82-63,,1,0,1,.000,0,1,.000,0,0,,.000,0,0,0,0,0,0,0,0,0,0,0,-0.7,Catherine Polisano,https://www.sports-reference.com/cbb/players/catherine-polisano-1.html,fordham,2021-22
2,32,3,2021-11-18,Fordham,@,Notre Dame,REG (Non-Conf),L 56-71,,1,0,0,,0,0,,0,0,,,0,0,0,0,0,0,0,0,0,0,0,0.0,Catherine Polisano,https://www.sports-reference.com/cbb/players/catherine-polisano-1.html,fordham,2021-22
3,33,5,2021-11-25,Fordham,@,Baylor,REG (Non-Conf),L 45-68,,2,1,1,1.000,1,1,1.000,0,0,,1.500,0,0,0,0,0,0,0,0,0,1,3,2.3,Catherine Polisano,https://www.sports-reference.com/cbb/players/catherine-polisano-1.html,fordham,2021-22
4,34,6,2021-11-26,Fordham,,Houston,REG (Non-Conf),W 67-53,,1,0,0,,0,0,,0,0,,,0,0,0,0,0,0,0,0,0,0,0,0.0,Catherine Polisano,https://www.sports-reference.com/cbb/players/catherine-polisano-1.html,fordham,2021-22
5,35,11,2021-12-12,Fordham,,Lafayette,REG (Non-Conf),W 71-36,,6,0,0,,0,0,,0,0,,,0,0,0,0,0,2,0,0,0,0,0,1.4,Catherine Polisano,https://www.sports-reference.com/cbb/players/catherine-polisano-1.html,fordham,2021-22
6,36,19,2022-01-26,Fordham,,Saint Joseph's,REG (Conf),W 55-35,,3,1,1,1.000,0,0,,1,1,1.000,1.000,0,0,0,1,1,0,0,0,1,0,2,1.0,Catherine Polisano,https://www.sports-reference.com/cbb/players/catherine-polisano-1.html,fordham,2021-22
