ranker,player_game_num_career,team_game_num_season,date,team_name_abbr,game_location,opp_name_abbr,game_type,game_result,is_starter,mp,fg,fga,fg_pct,fg3,fg3a,fg3_pct,fg2,fg2a,fg2_pct,efg_pct,ft,fta,orb,drb,trb,ast,stl,blk,tov,pf,pts,game_score,player_name,player_sr_link,school,season
1,1,2,2021-11-13,Fordham,@,Seton Hall,REG (Non-Conf),W 82-63,,1,0,0,,0,0,,0,0,,,0,0,0,0,0,0,0,0,0,0,0,0.0,Colleen McQuillen,https://www.sports-reference.com/cbb/players/colleen-mcquillen-1.html,fordham,2021-22
2,2,6,2021-11-26,Fordham,,Houston,REG (Non-Conf),W 67-53,,1,0,0,,0,0,,0,0,,,0,0,0,0,0,0,0,0,1,0,0,-1.0,Colleen McQuillen,https://www.sports-reference.com/cbb/players/colleen-mcquillen-1.html,fordham,2021-22
3,3,9,2021-12-05,Fordham,,Princeton,REG (Non-Conf),W 76-67,,1,0,0,,0,0,,0,0,,,0,0,0,0,0,0,0,0,0,0,0,0.0,Colleen McQuillen,https://www.sports-reference.com/cbb/players/colleen-mcquillen-1.html,fordham,2021-22
4,4,11,2021-12-12,Fordham,,Lafayette,REG (Non-Conf),W 71-36,,12,2,6,.333,1,3,.333,1,3,.333,.417,0,0,3,1,4,0,0,1,2,1,5,2.3,Colleen McQuillen,https://www.sports-reference.com/cbb/players/colleen-mcquillen-1.html,fordham,2021-22
5,5,12,2022-01-02,Fordham,,Fairleigh Dickinson,REG (Non-Conf),W 63-36,,15,0,3,.000,0,2,.000,0,1,.000,.000,0,0,1,2,3,2,0,0,0,2,0,-0.2,Colleen McQuillen,https://www.sports-reference.com/cbb/players/colleen-mcquillen-1.html,fordham,2021-22
6,6,19,2022-01-26,Fordham,,Saint Joseph's,REG (Conf),W 55-35,,3,0,1,.000,0,1,.000,0,0,,.000,0,0,0,0,0,0,0,0,1,0,0,-1.7,Colleen McQuillen,https://www.sports-reference.com/cbb/players/colleen-mcquillen-1.html,fordham,2021-22
7,7,24,2022-02-19,Fordham,,Dayton,REG (Conf),L 47-48,,6,2,2,1.000,1,1,1.000,1,1,1.000,1.250,0,0,0,1,1,0,0,0,0,0,5,4.7,Colleen McQuillen,https://www.sports-reference.com/cbb/players/colleen-mcquillen-1.html,fordham,2021-22
8,8,25,2022-02-23,Fordham,@,Richmond,REG (Conf),L 69-79,,10,0,2,.000,0,2,.000,0,0,,.000,0,0,0,1,1,1,0,0,0,0,0,-0.4,Colleen McQuillen,https://www.sports-reference.com/cbb/players/colleen-mcquillen-1.html,fordham,2021-22
9,9,26,2022-02-26,Fordham,,Davidson,REG (Conf),W 68-57,,5,1,2,.500,1,2,.500,0,0,,.750,0,0,0,0,0,0,0,0,0,0,3,2.0,Colleen McQuillen,https://www.sports-reference.com/cbb/players/colleen-mcquillen-1.html,fordham,2021-22
10,10,28,2022-03-04,Fordham,@,Massachusetts,CTOURN,L 63-66,,0,0,0,,0,0,,0,0,,,0,0,0,0,0,1,0,0,0,0,0,0.7,Colleen McQuillen,https://www.sports-reference.com/cbb/players/colleen-mcquillen-1.html,fordham,2021-22
11,11,29,2022-03-18,Fordham,,Bucknell,WNIT,L 64-73,,10,1,2,.500,1,2,.500,0,0,,.750,0,0,0,0,0,0,0,0,0,1,3,1.6,Colleen McQuillen,https://www.sports-reference.com/cbb/players/colleen-mcquillen-1.html,fordham,2021-22
