ranker,player_game_num_career,team_game_num_season,date,team_name_abbr,game_location,opp_name_abbr,game_type,game_result,is_starter,mp,fg,fga,fg3,fg3a,fg2,fg2a,ft,fta,orb,drb,trb,ast,stl,blk,tov,pf,pts,game_score,player_name,player_sr_link,school,season
1,13,2,2021-11-13,Fordham,@,Seton Hall,REG (Non-Conf),W 82-63,,1,0,0,0,0,0,0,0,0,0,0,0,0,0,0,0,0,0,0.0,Edona Thaqi,https://www.sports-reference.com/cbb/players/edona-thaqi-1.html,fordham,2021-22
2,14,5,2021-11-25,Fordham,@,Baylor,REG (Non-Conf),L 45-68,,2,0,0,0,0,0,0,0,0,2,0,2,1,0,0,0,0,0,2.1,Edona Thaqi,https://www.sports-reference.com/cbb/players/edona-thaqi-1.html,fordham,2021-22
3,15,6,2021-11-26,Fordham,,Houston,REG (Non-Conf),W 67-53,,1,0,0,0,0,0,0,0,0,0,0,0,0,0,0,0,0,0,0.0,Edona Thaqi,https://www.sports-reference.com/cbb/players/edona-thaqi-1.html,fordham,2021-22
4,16,11,2021-12-12,Fordham,,Lafayette,REG (Non-Conf),W 71-36,,4,0,0,0,0,0,0,0,0,1,2,3,0,0,1,0,0,0,2.0,Edona Thaqi,https://www.sports-reference.com/cbb/players/edona-thaqi-1.html,fordham,2021-22
5,17,12,2022-01-02,Fordham,,Fairleigh Dickinson,REG (Non-Conf),W 63-36,,6,0,0,0,0,0,0,0,0,0,0,0,0,0,0,0,0,0,0.0,Edona Thaqi,https://www.sports-reference.com/cbb/players/edona-thaqi-1.html,fordham,2021-22
6,18,19,2022-01-26,Fordham,,Saint Joseph's,REG (Conf),W 55-35,,3,0,0,0,0,0,0,0,0,0,1,1,0,0,0,1,0,0,-0.7,Edona Thaqi,https://www.sports-reference.com/cbb/players/edona-thaqi-1.html,fordham,2021-22
