ranker,player_game_num_career,team_game_num_season,date,team_name_abbr,game_location,opp_name_abbr,game_type,game_result,is_starter,mp,fg,fga,fg_pct,fg3,fg3a,fg3_pct,fg2,fg2a,fg2_pct,efg_pct,ft,fta,ft_pct,orb,drb,trb,ast,stl,blk,tov,pf,pts,game_score,player_name,player_sr_link,school,season
1,85,1,2021-11-09,Fordham,,Quinnipiac,REG (Non-Conf),W 79-71 (OT),*,37,4,13,.308,4,8,.500,0,5,.000,.462,2,2,1.000,3,7,10,3,1,0,2,4,14,10.2,Kaitlyn Downey,https://www.sports-reference.com/cbb/players/kaitlyn-downey-1.html,fordham,2021-22
2,86,2,2021-11-13,Fordham,@,Seton Hall,REG (Non-Conf),W 82-63,*,25,0,7,.000,0,6,.000,0,1,.000,.000,0,0,,1,5,6,2,0,1,1,3,0,-2.8,Kaitlyn Downey,https://www.sports-reference.com/cbb/players/kaitlyn-downey-1.html,fordham,2021-22
3,87,3,2021-11-18,Fordham,@,Notre Dame,REG (Non-Conf),L 56-71,*,24,5,8,.625,3,4,.750,2,4,.500,.813,2,2,1.000,1,3,4,0,2,0,1,4,15,12.4,Kaitlyn Downey,https://www.sports-reference.com/cbb/players/kaitlyn-downey-1.html,fordham,2021-22
4,88,4,2021-11-21,Fordham,,Michigan State,REG (Non-Conf),W 71-68,*,31,10,17,.588,4,9,.444,6,8,.750,.706,0,1,.000,1,5,6,1,2,3,1,0,24,21.7,Kaitlyn Downey,https://www.sports-reference.com/cbb/players/kaitlyn-downey-1.html,fordham,2021-22
5,89,5,2021-11-25,Fordham,@,Baylor,REG (Non-Conf),L 45-68,*,34,2,7,.286,0,5,.000,2,2,1.000,.286,0,0,,1,0,1,3,1,3,1,3,4,3.6,Kaitlyn Downey,https://www.sports-reference.com/cbb/players/kaitlyn-downey-1.html,fordham,2021-22
6,90,6,2021-11-26,Fordham,,Houston,REG (Non-Conf),W 67-53,*,27,3,6,.500,1,2,.500,2,4,.500,.583,1,2,.500,1,4,5,5,0,1,2,3,8,7.5,Kaitlyn Downey,https://www.sports-reference.com/cbb/players/kaitlyn-downey-1.html,fordham,2021-22
7,91,7,2021-11-27,Fordham,@,Arizona State,REG (Non-Conf),L 43-58,*,29,0,6,.000,0,2,.000,0,4,.000,.000,0,0,,0,2,2,2,0,0,2,1,0,-4.6,Kaitlyn Downey,https://www.sports-reference.com/cbb/players/kaitlyn-downey-1.html,fordham,2021-22
8,92,8,2021-12-02,Fordham,,Stony Brook,REG (Non-Conf),W 71-59,*,30,4,8,.500,2,4,.500,2,4,.500,.625,1,2,.500,1,9,10,2,0,2,1,1,11,11.4,Kaitlyn Downey,https://www.sports-reference.com/cbb/players/kaitlyn-downey-1.html,fordham,2021-22
9,93,9,2021-12-05,Fordham,,Princeton,REG (Non-Conf),W 76-67,*,31,4,7,.571,2,4,.500,2,3,.667,.714,0,0,,2,5,7,5,2,3,2,1,10,14.8,Kaitlyn Downey,https://www.sports-reference.com/cbb/players/kaitlyn-downey-1.html,fordham,2021-22
10,94,10,2021-12-08,Fordham,,Manhattan,REG (Non-Conf),W 65-63,*,34,3,7,.429,3,6,.500,0,1,.000,.643,2,2,1.000,2,6,8,2,1,0,0,0,11,12.9,Kaitlyn Downey,https://www.sports-reference.com/cbb/players/kaitlyn-downey-1.html,fordham,2021-22
11,95,11,2021-12-12,Fordham,,Lafayette,REG (Non-Conf),W 71-36,*,23,1,3,.333,1,3,.333,0,0,,.500,0,0,,0,2,2,3,1,0,1,0,3,4.0,Kaitlyn Downey,https://www.sports-reference.com/cbb/players/kaitlyn-downey-1.html,fordham,2021-22
12,96,12,2022-01-02,Fordham,,Fairleigh Dickinson,REG (Non-Conf),W 63-36,*,20,2,4,.500,1,1,1.000,1,3,.333,.625,0,0,,1,6,7,3,1,0,0,0,5,8.6,Kaitlyn Downey,https://www.sports-reference.com/cbb/players/kaitlyn-downey-1.html,fordham,2021-22
13,97,13,2022-01-09,Fordham,,La Salle,REG (Conf),L 62-71,*,28,2,7,.286,1,3,.333,1,4,.250,.357,0,0,,2,5,7,3,1,1,3,2,5,3.8,Kaitlyn Downey,https://www.sports-reference.com/cbb/players/kaitlyn-downey-1.html,fordham,2021-22
14,98,14,2022-01-12,Fordham,@,George Mason,REG (Conf),W 73-64,*,34,7,11,.636,4,8,.500,3,3,1.000,.818,0,0,,1,8,9,1,3,0,3,1,18,16.5,Kaitlyn Downey,https://www.sports-reference.com/cbb/players/kaitlyn-downey-1.html,fordham,2021-22
15,99,15,2022-01-15,Fordham,@,VCU,REG (Conf),W 54-48,*,26,4,6,.667,2,3,.667,2,3,.667,.833,1,2,.500,0,2,2,3,0,0,0,0,11,10.7,Kaitlyn Downey,https://www.sports-reference.com/cbb/players/kaitlyn-downey-1.html,fordham,2021-22
16,100,16,2022-01-19,Fordham,,George Washington,REG (Conf),W 61-53,*,29,1,3,.333,0,2,.000,1,1,1.000,.333,0,0,,2,4,6,4,1,1,2,1,2,5.0,Kaitlyn Downey,https://www.sports-reference.com/cbb/players/kaitlyn-downey-1.html,fordham,2021-22
17,101,17,2022-01-21,Fordham,@,Davidson,REG (Conf),W 63-51,*,15,1,5,.200,0,2,.000,1,3,.333,.200,0,0,,1,1,2,0,0,0,0,3,2,-1.3,Kaitlyn Downey,https://www.sports-reference.com/cbb/players/kaitlyn-downey-1.html,fordham,2021-22
18,102,18,2022-01-23,Fordham,@,Dayton,REG (Conf),L 48-52,*,23,1,4,.250,1,3,.333,0,1,.000,.375,0,0,,0,9,9,0,1,0,0,2,3,3.5,Kaitlyn Downey,https://www.sports-reference.com/cbb/players/kaitlyn-downey-1.html,fordham,2021-22
19,103,19,2022-01-26,Fordham,,Saint Joseph's,REG (Conf),W 55-35,*,27,3,6,.500,2,4,.500,1,2,.500,.667,0,0,,2,2,4,3,2,1,1,1,8,10.4,Kaitlyn Downey,https://www.sports-reference.com/cbb/players/kaitlyn-downey-1.html,fordham,2021-22
20,104,20,2022-01-29,Fordham,,St. Bonaventure,REG (Conf),W 62-54,*,33,4,9,.444,4,7,.571,0,2,.000,.667,0,0,,1,3,4,5,1,2,0,1,12,14.4,Kaitlyn Downey,https://www.sports-reference.com/cbb/players/kaitlyn-downey-1.html,fordham,2021-22
21,105,21,2022-02-05,Fordham,@,Duquesne,REG (Conf),W 59-52,*,28,2,10,.200,1,6,.167,1,4,.250,.250,0,0,,3,0,3,3,0,0,1,1,5,1.6,Kaitlyn Downey,https://www.sports-reference.com/cbb/players/kaitlyn-downey-1.html,fordham,2021-22
22,106,22,2022-02-13,Fordham,@,Rhode Island,REG (Conf),L 43-58,*,22,2,7,.286,0,5,.000,2,2,1.000,.286,0,0,,1,3,4,0,0,0,2,1,4,-0.9,Kaitlyn Downey,https://www.sports-reference.com/cbb/players/kaitlyn-downey-1.html,fordham,2021-22
23,107,23,2022-02-16,Fordham,@,Massachusetts,REG (Conf),L 57-60,*,30,0,4,.000,0,2,.000,0,2,.000,.000,0,0,,1,1,2,4,1,0,1,3,0,-0.2,Kaitlyn Downey,https://www.sports-reference.com/cbb/players/kaitlyn-downey-1.html,fordham,2021-22
24,108,24,2022-02-19,Fordham,,Dayton,REG (Conf),L 47-48,*,24,1,4,.250,1,3,.333,0,1,.000,.375,0,0,,1,4,5,1,2,0,1,5,3,2.2,Kaitlyn Downey,https://www.sports-reference.com/cbb/players/kaitlyn-downey-1.html,fordham,2021-22
25,109,25,2022-02-23,Fordham,@,Richmond,REG (Conf),L 69-79,*,28,4,10,.400,4,10,.400,0,0,,.600,0,0,,2,6,8,5,2,0,3,2,12,11.5,Kaitlyn Downey,https://www.sports-reference.com/cbb/players/kaitlyn-downey-1.html,fordham,2021-22
26,110,26,2022-02-26,Fordham,,Davidson,REG (Conf),W 68-57,*,25,6,10,.600,1,4,.250,5,6,.833,.650,1,1,1.000,2,6,8,3,1,0,0,2,14,14.9,Kaitlyn Downey,https://www.sports-reference.com/cbb/players/kaitlyn-downey-1.html,fordham,2021-22
27,111,27,2022-03-03,Fordham,,George Mason,CTOURN,W 66-50,*,32,4,8,.500,3,7,.429,1,1,1.000,.688,0,0,,1,7,8,5,2,2,1,0,11,15.7,Kaitlyn Downey,https://www.sports-reference.com/cbb/players/kaitlyn-downey-1.html,fordham,2021-22
28,112,28,2022-03-04,Fordham,@,Massachusetts,CTOURN,L 63-66,*,35,9,15,.600,5,9,.556,4,6,.667,.767,1,1,1.000,1,6,7,1,0,0,2,3,24,17.1,Kaitlyn Downey,https://www.sports-reference.com/cbb/players/kaitlyn-downey-1.html,fordham,2021-22
29,113,29,2022-03-18,Fordham,,Bucknell,WNIT,L 64-73,*,31,2,11,.182,1,6,.167,1,5,.200,.227,5,7,.714,0,11,11,0,0,2,1,5,10,4.0,Kaitlyn Downey,https://www.sports-reference.com/cbb/players/kaitlyn-downey-1.html,fordham,2021-22
