ranker,player_game_num_career,team_game_num_season,date,team_name_abbr,game_location,opp_name_abbr,game_type,game_result,is_starter,mp,fg,fga,fg_pct,fg3,fg3a,fg3_pct,fg2,fg2a,fg2_pct,efg_pct,ft,fta,ft_pct,orb,drb,trb,ast,stl,blk,tov,pf,pts,game_score,player_name,player_sr_link,school,season
1,118,1,2021-11-09,Fordham,,Quinnipiac,REG (Non-Conf),W 79-71 (OT),*,37,2,13,.154,1,9,.111,1,4,.250,.192,0,0,,0,6,6,4,1,1,2,2,5,0.2,Kendell Heremaia,https://www.sports-reference.com/cbb/players/kendell-heremaia-1.html,fordham,2021-22
2,119,2,2021-11-13,Fordham,@,Seton Hall,REG (Non-Conf),W 82-63,*,30,9,14,.643,8,11,.727,1,3,.333,.929,3,4,.750,1,6,7,2,3,1,5,2,29,24.2,Kendell Heremaia,https://www.sports-reference.com/cbb/players/kendell-heremaia-1.html,fordham,2021-22
3,120,3,2021-11-18,Fordham,@,Notre Dame,REG (Non-Conf),L 56-71,*,29,3,10,.300,0,6,.000,3,4,.750,.300,1,2,.500,1,3,4,2,2,0,3,3,7,1.6,Kendell Heremaia,https://www.sports-reference.com/cbb/players/kendell-heremaia-1.html,fordham,2021-22
4,121,4,2021-11-21,Fordham,,Michigan State,REG (Non-Conf),W 71-68,*,32,1,6,.167,0,1,.000,1,5,.200,.167,6,6,1.000,0,1,1,5,0,0,3,3,8,3.8,Kendell Heremaia,https://www.sports-reference.com/cbb/players/kendell-heremaia-1.html,fordham,2021-22
5,122,5,2021-11-25,Fordham,@,Baylor,REG (Non-Conf),L 45-68,*,25,4,8,.500,3,6,.500,1,2,.500,.688,3,3,1.000,0,6,6,0,0,0,2,1,14,9.4,Kendell Heremaia,https://www.sports-reference.com/cbb/players/kendell-heremaia-1.html,fordham,2021-22
6,123,6,2021-11-26,Fordham,,Houston,REG (Non-Conf),W 67-53,*,30,5,8,.625,1,4,.250,4,4,1.000,.688,0,0,,1,9,10,5,0,0,2,3,11,11.1,Kendell Heremaia,https://www.sports-reference.com/cbb/players/kendell-heremaia-1.html,fordham,2021-22
7,124,7,2021-11-27,Fordham,@,Arizona State,REG (Non-Conf),L 43-58,*,24,1,7,.143,0,5,.000,1,2,.500,.143,0,0,,0,2,2,1,0,0,3,4,2,-5.8,Kendell Heremaia,https://www.sports-reference.com/cbb/players/kendell-heremaia-1.html,fordham,2021-22
8,125,8,2021-12-02,Fordham,,Stony Brook,REG (Non-Conf),W 71-59,*,30,3,11,.273,0,5,.000,3,6,.500,.273,2,4,.500,1,4,5,2,1,1,2,3,8,2.5,Kendell Heremaia,https://www.sports-reference.com/cbb/players/kendell-heremaia-1.html,fordham,2021-22
9,126,9,2021-12-05,Fordham,,Princeton,REG (Non-Conf),W 76-67,*,31,4,10,.400,0,4,.000,4,6,.667,.400,6,6,1.000,1,6,7,3,1,1,2,3,14,11.7,Kendell Heremaia,https://www.sports-reference.com/cbb/players/kendell-heremaia-1.html,fordham,2021-22
10,127,10,2021-12-08,Fordham,,Manhattan,REG (Non-Conf),W 65-63,*,31,5,15,.333,2,9,.222,3,6,.500,.400,4,4,1.000,2,7,9,1,0,0,4,0,16,7.7,Kendell Heremaia,https://www.sports-reference.com/cbb/players/kendell-heremaia-1.html,fordham,2021-22
11,128,11,2021-12-12,Fordham,,Lafayette,REG (Non-Conf),W 71-36,*,30,6,11,.545,3,7,.429,3,4,.750,.682,3,4,.750,0,4,4,2,3,0,2,2,18,15.1,Kendell Heremaia,https://www.sports-reference.com/cbb/players/kendell-heremaia-1.html,fordham,2021-22
12,129,13,2022-01-09,Fordham,,La Salle,REG (Conf),L 62-71,*,27,2,13,.154,0,6,.000,2,7,.286,.154,1,2,.500,1,4,5,0,2,1,2,5,5,-3.1,Kendell Heremaia,https://www.sports-reference.com/cbb/players/kendell-heremaia-1.html,fordham,2021-22
13,130,14,2022-01-12,Fordham,@,George Mason,REG (Conf),W 73-64,*,29,2,5,.400,0,3,.000,2,2,1.000,.400,0,0,,1,5,6,7,0,0,4,4,4,2.8,Kendell Heremaia,https://www.sports-reference.com/cbb/players/kendell-heremaia-1.html,fordham,2021-22
14,131,15,2022-01-15,Fordham,@,VCU,REG (Conf),W 54-48,*,32,6,13,.462,1,6,.167,5,7,.714,.500,0,0,,2,10,12,1,0,1,2,1,13,9.7,Kendell Heremaia,https://www.sports-reference.com/cbb/players/kendell-heremaia-1.html,fordham,2021-22
15,132,16,2022-01-19,Fordham,,George Washington,REG (Conf),W 61-53,*,30,4,9,.444,4,6,.667,0,3,.000,.667,0,0,,1,4,5,3,1,0,3,2,12,8.5,Kendell Heremaia,https://www.sports-reference.com/cbb/players/kendell-heremaia-1.html,fordham,2021-22
16,133,17,2022-01-21,Fordham,@,Davidson,REG (Conf),W 63-51,,27,7,15,.467,4,8,.500,3,7,.429,.600,0,0,,2,7,9,1,1,0,1,4,18,12.9,Kendell Heremaia,https://www.sports-reference.com/cbb/players/kendell-heremaia-1.html,fordham,2021-22
17,134,18,2022-01-23,Fordham,@,Dayton,REG (Conf),L 48-52,*,30,2,10,.200,1,5,.200,1,5,.200,.250,0,0,,1,4,5,1,0,0,0,3,5,0.2,Kendell Heremaia,https://www.sports-reference.com/cbb/players/kendell-heremaia-1.html,fordham,2021-22
18,135,19,2022-01-26,Fordham,,Saint Joseph's,REG (Conf),W 55-35,*,21,0,5,.000,0,3,.000,0,2,.000,.000,2,2,1.000,1,2,3,1,3,0,0,1,2,3.1,Kendell Heremaia,https://www.sports-reference.com/cbb/players/kendell-heremaia-1.html,fordham,2021-22
19,136,20,2022-01-29,Fordham,,St. Bonaventure,REG (Conf),W 62-54,*,26,1,8,.125,1,3,.333,0,5,.000,.188,1,2,.500,1,7,8,2,0,0,2,2,4,-0.2,Kendell Heremaia,https://www.sports-reference.com/cbb/players/kendell-heremaia-1.html,fordham,2021-22
20,137,21,2022-02-05,Fordham,@,Duquesne,REG (Conf),W 59-52,*,33,6,16,.375,2,9,.222,4,7,.571,.438,1,2,.500,1,4,5,2,2,0,0,2,15,10.3,Kendell Heremaia,https://www.sports-reference.com/cbb/players/kendell-heremaia-1.html,fordham,2021-22
21,138,22,2022-02-13,Fordham,@,Rhode Island,REG (Conf),L 43-58,*,25,2,9,.222,1,6,.167,1,3,.333,.278,0,0,,1,3,4,3,2,1,3,3,5,1.7,Kendell Heremaia,https://www.sports-reference.com/cbb/players/kendell-heremaia-1.html,fordham,2021-22
22,139,23,2022-02-16,Fordham,@,Massachusetts,REG (Conf),L 57-60,*,35,11,23,.478,11,19,.579,0,4,.000,.717,2,2,1.000,0,11,11,0,3,0,2,2,35,26.8,Kendell Heremaia,https://www.sports-reference.com/cbb/players/kendell-heremaia-1.html,fordham,2021-22
23,140,24,2022-02-19,Fordham,,Dayton,REG (Conf),L 47-48,*,35,3,13,.231,2,10,.200,1,3,.333,.308,2,2,1.000,1,6,7,1,3,0,5,4,10,1.7,Kendell Heremaia,https://www.sports-reference.com/cbb/players/kendell-heremaia-1.html,fordham,2021-22
24,141,25,2022-02-23,Fordham,@,Richmond,REG (Conf),L 69-79,*,30,4,14,.286,2,10,.200,2,4,.500,.357,0,2,.000,0,2,2,1,3,2,1,2,10,4.9,Kendell Heremaia,https://www.sports-reference.com/cbb/players/kendell-heremaia-1.html,fordham,2021-22
25,142,26,2022-02-26,Fordham,,Davidson,REG (Conf),W 68-57,*,30,3,6,.500,2,2,1.000,1,4,.250,.667,1,2,.500,2,5,7,3,1,0,3,2,9,7.8,Kendell Heremaia,https://www.sports-reference.com/cbb/players/kendell-heremaia-1.html,fordham,2021-22
26,143,27,2022-03-03,Fordham,,George Mason,CTOURN,W 66-50,*,32,7,16,.438,4,10,.400,3,6,.500,.563,4,6,.667,0,2,2,3,0,0,3,4,22,10.9,Kendell Heremaia,https://www.sports-reference.com/cbb/players/kendell-heremaia-1.html,fordham,2021-22
27,144,28,2022-03-04,Fordham,@,Massachusetts,CTOURN,L 63-66,*,29,3,8,.375,0,3,.000,3,5,.600,.375,0,0,,0,5,5,4,1,1,3,5,6,2.6,Kendell Heremaia,https://www.sports-reference.com/cbb/players/kendell-heremaia-1.html,fordham,2021-22
28,145,29,2022-03-18,Fordham,,Bucknell,WNIT,L 64-73,*,30,3,14,.214,3,12,.250,0,2,.000,.321,1,2,.500,1,6,7,2,0,0,2,5,10,0.9,Kendell Heremaia,https://www.sports-reference.com/cbb/players/kendell-heremaia-1.html,fordham,2021-22
