ranker,player_game_num_career,team_game_num_season,date,team_name_abbr,game_location,opp_name_abbr,game_type,game_result,is_starter,mp,fg,fga,fg_pct,fg3,fg3a,fg3_pct,fg2,fg2a,fg2_pct,efg_pct,ft,fta,ft_pct,orb,drb,trb,ast,stl,blk,tov,pf,pts,game_score,player_name,player_sr_link,school,season
1,16,1,2021-11-09,Fordham,,Quinnipiac,REG (Non-Conf),W 79-71 (OT),,12,0,2,.000,0,0,,0,2,.000,.000,2,2,1.000,2,0,2,0,0,1,1,1,2,1.3,Maranda Nyborg,https://www.sports-reference.com/cbb/players/maranda-nyborg-1.html,fordham,2021-22
2,17,2,2021-11-13,Fordham,@,Seton Hall,REG (Non-Conf),W 82-63,,12,3,5,.600,0,1,.000,3,4,.750,.600,1,1,1.000,1,0,1,0,2,1,0,1,7,7.7,Maranda Nyborg,https://www.sports-reference.com/cbb/players/maranda-nyborg-1.html,fordham,2021-22
3,18,3,2021-11-18,Fordham,@,Notre Dame,REG (Non-Conf),L 56-71,,16,3,6,.500,0,0,,3,6,.500,.500,0,0,,3,1,4,0,0,0,0,3,6,4.2,Maranda Nyborg,https://www.sports-reference.com/cbb/players/maranda-nyborg-1.html,fordham,2021-22
4,19,4,2021-11-21,Fordham,,Michigan State,REG (Non-Conf),W 71-68,,3,0,0,,0,0,,0,0,,,0,0,,0,0,0,0,0,0,0,2,0,-0.8,Maranda Nyborg,https://www.sports-reference.com/cbb/players/maranda-nyborg-1.html,fordham,2021-22
5,20,5,2021-11-25,Fordham,@,Baylor,REG (Non-Conf),L 45-68,,9,0,2,.000,0,0,,0,2,.000,.000,0,0,,0,0,0,0,0,0,1,1,0,-2.8,Maranda Nyborg,https://www.sports-reference.com/cbb/players/maranda-nyborg-1.html,fordham,2021-22
6,21,6,2021-11-26,Fordham,,Houston,REG (Non-Conf),W 67-53,,5,0,1,.000,0,1,.000,0,0,,.000,0,0,,0,2,2,1,0,0,1,0,0,-0.4,Maranda Nyborg,https://www.sports-reference.com/cbb/players/maranda-nyborg-1.html,fordham,2021-22
7,22,7,2021-11-27,Fordham,@,Arizona State,REG (Non-Conf),L 43-58,,4,0,0,,0,0,,0,0,,,0,0,,0,0,0,0,1,0,1,0,0,0.0,Maranda Nyborg,https://www.sports-reference.com/cbb/players/maranda-nyborg-1.html,fordham,2021-22
8,23,8,2021-12-02,Fordham,,Stony Brook,REG (Non-Conf),W 71-59,,11,3,4,.750,0,0,,3,4,.750,.750,0,0,,1,2,3,0,1,1,0,0,6,7.4,Maranda Nyborg,https://www.sports-reference.com/cbb/players/maranda-nyborg-1.html,fordham,2021-22
9,24,9,2021-12-05,Fordham,,Princeton,REG (Non-Conf),W 76-67,,5,0,0,,0,0,,0,0,,,1,2,.500,1,0,1,0,0,0,0,1,1,0.9,Maranda Nyborg,https://www.sports-reference.com/cbb/players/maranda-nyborg-1.html,fordham,2021-22
10,25,10,2021-12-08,Fordham,,Manhattan,REG (Non-Conf),W 65-63,,13,0,0,,0,0,,0,0,,,1,2,.500,0,2,2,2,1,1,0,0,1,4.3,Maranda Nyborg,https://www.sports-reference.com/cbb/players/maranda-nyborg-1.html,fordham,2021-22
11,26,11,2021-12-12,Fordham,,Lafayette,REG (Non-Conf),W 71-36,,16,3,4,.750,0,0,,3,4,.750,.750,0,1,.000,0,2,2,0,0,2,1,1,6,4.6,Maranda Nyborg,https://www.sports-reference.com/cbb/players/maranda-nyborg-1.html,fordham,2021-22
12,27,12,2022-01-02,Fordham,,Fairleigh Dickinson,REG (Non-Conf),W 63-36,,24,1,3,.333,0,0,,1,3,.333,.333,2,2,1.000,1,2,3,2,1,3,1,1,4,6.7,Maranda Nyborg,https://www.sports-reference.com/cbb/players/maranda-nyborg-1.html,fordham,2021-22
13,28,13,2022-01-09,Fordham,,La Salle,REG (Conf),L 62-71,,13,2,4,.500,0,1,.000,2,3,.667,.500,0,0,,1,2,3,1,0,0,0,1,4,3.6,Maranda Nyborg,https://www.sports-reference.com/cbb/players/maranda-nyborg-1.html,fordham,2021-22
14,29,14,2022-01-12,Fordham,@,George Mason,REG (Conf),W 73-64,,5,1,3,.333,0,0,,1,3,.333,.333,0,0,,1,2,3,0,0,0,0,1,2,1.2,Maranda Nyborg,https://www.sports-reference.com/cbb/players/maranda-nyborg-1.html,fordham,2021-22
15,30,15,2022-01-15,Fordham,@,VCU,REG (Conf),W 54-48,,6,0,0,,0,0,,0,0,,,0,0,,0,1,1,0,0,0,0,1,0,-0.1,Maranda Nyborg,https://www.sports-reference.com/cbb/players/maranda-nyborg-1.html,fordham,2021-22
16,31,16,2022-01-19,Fordham,,George Washington,REG (Conf),W 61-53,,13,2,3,.667,0,0,,2,3,.667,.667,0,0,,0,0,0,0,0,2,0,1,4,3.7,Maranda Nyborg,https://www.sports-reference.com/cbb/players/maranda-nyborg-1.html,fordham,2021-22
17,32,17,2022-01-21,Fordham,@,Davidson,REG (Conf),W 63-51,,9,1,1,1.000,0,0,,1,1,1.000,1.000,0,0,,2,1,3,1,0,1,0,1,2,4.4,Maranda Nyborg,https://www.sports-reference.com/cbb/players/maranda-nyborg-1.html,fordham,2021-22
18,33,18,2022-01-23,Fordham,@,Dayton,REG (Conf),L 48-52,,12,1,3,.333,0,0,,1,3,.333,.333,1,2,.500,1,4,5,1,1,0,0,1,3,4.1,Maranda Nyborg,https://www.sports-reference.com/cbb/players/maranda-nyborg-1.html,fordham,2021-22
19,34,19,2022-01-26,Fordham,,Saint Joseph's,REG (Conf),W 55-35,,17,2,3,.667,0,0,,2,3,.667,.667,1,1,1.000,0,0,0,1,0,2,2,2,5,3.0,Maranda Nyborg,https://www.sports-reference.com/cbb/players/maranda-nyborg-1.html,fordham,2021-22
20,35,20,2022-01-29,Fordham,,St. Bonaventure,REG (Conf),W 62-54,,6,0,0,,0,0,,0,0,,,0,0,,0,1,1,0,0,1,0,1,0,0.6,Maranda Nyborg,https://www.sports-reference.com/cbb/players/maranda-nyborg-1.html,fordham,2021-22
21,36,21,2022-02-05,Fordham,@,Duquesne,REG (Conf),W 59-52,,4,0,2,.000,0,1,.000,0,1,.000,.000,0,0,,0,1,1,0,0,0,0,0,0,-1.1,Maranda Nyborg,https://www.sports-reference.com/cbb/players/maranda-nyborg-1.html,fordham,2021-22
22,37,22,2022-02-13,Fordham,@,Rhode Island,REG (Conf),L 43-58,,13,1,3,.333,0,0,,1,3,.333,.333,0,0,,1,1,2,0,0,0,0,2,2,0.5,Maranda Nyborg,https://www.sports-reference.com/cbb/players/maranda-nyborg-1.html,fordham,2021-22
23,38,23,2022-02-16,Fordham,@,Massachusetts,REG (Conf),L 57-60,,3,0,1,.000,0,0,,0,1,.000,.000,0,0,,0,0,0,0,0,0,0,1,0,-1.1,Maranda Nyborg,https://www.sports-reference.com/cbb/players/maranda-nyborg-1.html,fordham,2021-22
24,39,24,2022-02-19,Fordham,,Dayton,REG (Conf),L 47-48,,2,0,1,.000,0,0,,0,1,.000,.000,0,0,,0,0,0,0,0,0,0,0,0,-0.7,Maranda Nyborg,https://www.sports-reference.com/cbb/players/maranda-nyborg-1.html,fordham,2021-22
25,40,25,2022-02-23,Fordham,@,Richmond,REG (Conf),L 69-79,,5,0,3,.000,0,0,,0,3,.000,.000,0,0,,0,0,0,0,0,1,0,0,0,-1.4,Maranda Nyborg,https://www.sports-reference.com/cbb/players/maranda-nyborg-1.html,fordham,2021-22
