ranker,player_game_num_career,team_game_num_season,date,team_name_abbr,game_location,opp_name_abbr,game_type,game_result,is_starter,mp,fg,fga,fg_pct,fg3,fg3a,fg3_pct,fg2,fg2a,fg2_pct,efg_pct,ft,fta,ft_pct,orb,drb,trb,ast,stl,blk,tov,pf,pts,game_score,player_name,player_sr_link,school,season
1,19,1,2021-11-09,Fordham,,Quinnipiac,REG (Non-Conf),W 79-71 (OT),,5,0,3,.000,0,1,.000,0,2,.000,.000,0,0,,0,0,0,0,0,0,0,0,0,-2.1,Matilda Flood,https://www.sports-reference.com/cbb/players/matilda-flood-1.html,fordham,2021-22
2,20,2,2021-11-13,Fordham,@,Seton Hall,REG (Non-Conf),W 82-63,,8,1,1,1.000,0,0,,1,1,1.000,1.000,0,0,,1,0,1,0,1,0,1,5,2,0.4,Matilda Flood,https://www.sports-reference.com/cbb/players/matilda-flood-1.html,fordham,2021-22
3,21,3,2021-11-18,Fordham,@,Notre Dame,REG (Non-Conf),L 56-71,,11,1,2,.500,0,1,.000,1,1,1.000,.500,0,0,,1,1,2,0,0,0,0,0,2,2.0,Matilda Flood,https://www.sports-reference.com/cbb/players/matilda-flood-1.html,fordham,2021-22
4,22,4,2021-11-21,Fordham,,Michigan State,REG (Non-Conf),W 71-68,,4,0,1,.000,0,0,,0,1,.000,.000,0,0,,0,2,2,0,0,0,0,0,0,-0.1,Matilda Flood,https://www.sports-reference.com/cbb/players/matilda-flood-1.html,fordham,2021-22
5,23,5,2021-11-25,Fordham,@,Baylor,REG (Non-Conf),L 45-68,,14,2,7,.286,0,2,.000,2,5,.400,.286,0,0,,0,3,3,0,0,0,0,1,4,0.4,Matilda Flood,https://www.sports-reference.com/cbb/players/matilda-flood-1.html,fordham,2021-22
6,24,6,2021-11-26,Fordham,,Houston,REG (Non-Conf),W 67-53,,17,2,4,.500,1,1,1.000,1,3,.333,.625,0,0,,0,2,2,1,0,0,2,2,5,1.5,Matilda Flood,https://www.sports-reference.com/cbb/players/matilda-flood-1.html,fordham,2021-22
7,25,7,2021-11-27,Fordham,@,Arizona State,REG (Non-Conf),L 43-58,,16,2,4,.500,1,3,.333,1,1,1.000,.625,0,0,,1,2,3,0,1,0,0,1,5,4.9,Matilda Flood,https://www.sports-reference.com/cbb/players/matilda-flood-1.html,fordham,2021-22
8,26,8,2021-12-02,Fordham,,Stony Brook,REG (Non-Conf),W 71-59,,11,0,0,,0,0,,0,0,,,0,2,.000,1,0,1,3,0,0,2,1,0,-0.4,Matilda Flood,https://www.sports-reference.com/cbb/players/matilda-flood-1.html,fordham,2021-22
9,27,9,2021-12-05,Fordham,,Princeton,REG (Non-Conf),W 76-67,,19,0,2,.000,0,1,.000,0,1,.000,.000,2,2,1.000,2,0,2,0,1,1,0,2,2,2.9,Matilda Flood,https://www.sports-reference.com/cbb/players/matilda-flood-1.html,fordham,2021-22
10,28,10,2021-12-08,Fordham,,Manhattan,REG (Non-Conf),W 65-63,,5,0,2,.000,0,0,,0,2,.000,.000,0,0,,1,1,2,0,0,0,0,1,0,-0.8,Matilda Flood,https://www.sports-reference.com/cbb/players/matilda-flood-1.html,fordham,2021-22
11,29,11,2021-12-12,Fordham,,Lafayette,REG (Non-Conf),W 71-36,,17,1,1,1.000,0,0,,1,1,1.000,1.000,0,0,,2,1,3,2,0,0,1,1,2,3.4,Matilda Flood,https://www.sports-reference.com/cbb/players/matilda-flood-1.html,fordham,2021-22
12,30,12,2022-01-02,Fordham,,Fairleigh Dickinson,REG (Non-Conf),W 63-36,,17,1,6,.167,1,4,.250,0,2,.000,.250,0,0,,4,5,9,0,1,0,1,3,3,2.3,Matilda Flood,https://www.sports-reference.com/cbb/players/matilda-flood-1.html,fordham,2021-22
13,31,14,2022-01-12,Fordham,@,George Mason,REG (Conf),W 73-64,,16,0,3,.000,0,2,.000,0,1,.000,.000,0,0,,1,7,8,1,1,0,0,2,0,1.6,Matilda Flood,https://www.sports-reference.com/cbb/players/matilda-flood-1.html,fordham,2021-22
14,32,15,2022-01-15,Fordham,@,VCU,REG (Conf),W 54-48,,10,1,3,.333,0,0,,1,3,.333,.333,0,0,,0,2,2,0,0,0,0,0,2,0.9,Matilda Flood,https://www.sports-reference.com/cbb/players/matilda-flood-1.html,fordham,2021-22
15,33,16,2022-01-19,Fordham,,George Washington,REG (Conf),W 61-53,,18,0,1,.000,0,0,,0,1,.000,.000,0,0,,2,3,5,0,2,0,0,0,0,3.6,Matilda Flood,https://www.sports-reference.com/cbb/players/matilda-flood-1.html,fordham,2021-22
16,34,17,2022-01-21,Fordham,@,Davidson,REG (Conf),W 63-51,,9,0,3,.000,0,2,.000,0,1,.000,.000,0,0,,2,2,4,0,0,1,0,1,0,0.2,Matilda Flood,https://www.sports-reference.com/cbb/players/matilda-flood-1.html,fordham,2021-22
17,35,18,2022-01-23,Fordham,@,Dayton,REG (Conf),L 48-52,,7,1,1,1.000,1,1,1.000,0,0,,1.500,0,0,,2,0,2,1,0,0,1,0,3,3.8,Matilda Flood,https://www.sports-reference.com/cbb/players/matilda-flood-1.html,fordham,2021-22
18,36,19,2022-01-26,Fordham,,Saint Joseph's,REG (Conf),W 55-35,,8,0,0,,0,0,,0,0,,,0,0,,0,2,2,0,0,0,1,1,0,-0.8,Matilda Flood,https://www.sports-reference.com/cbb/players/matilda-flood-1.html,fordham,2021-22
19,37,20,2022-01-29,Fordham,,St. Bonaventure,REG (Conf),W 62-54,,6,1,2,.500,0,1,.000,1,1,1.000,.500,0,0,,0,0,0,0,0,0,0,0,2,1.0,Matilda Flood,https://www.sports-reference.com/cbb/players/matilda-flood-1.html,fordham,2021-22
20,38,21,2022-02-05,Fordham,@,Duquesne,REG (Conf),W 59-52,,11,0,0,,0,0,,0,0,,,0,0,,3,1,4,1,1,0,0,2,0,3.3,Matilda Flood,https://www.sports-reference.com/cbb/players/matilda-flood-1.html,fordham,2021-22
21,39,22,2022-02-13,Fordham,@,Rhode Island,REG (Conf),L 43-58,,16,0,5,.000,0,3,.000,0,2,.000,.000,0,0,,0,3,3,1,2,0,0,1,0,-0.3,Matilda Flood,https://www.sports-reference.com/cbb/players/matilda-flood-1.html,fordham,2021-22
22,40,23,2022-02-16,Fordham,@,Massachusetts,REG (Conf),L 57-60,,4,0,0,,0,0,,0,0,,,0,0,,0,1,1,0,1,0,1,0,0,0.3,Matilda Flood,https://www.sports-reference.com/cbb/players/matilda-flood-1.html,fordham,2021-22
23,41,24,2022-02-19,Fordham,,Dayton,REG (Conf),L 47-48,,10,0,3,.000,0,3,.000,0,0,,.000,0,0,,2,3,5,0,0,0,0,1,0,-0.2,Matilda Flood,https://www.sports-reference.com/cbb/players/matilda-flood-1.html,fordham,2021-22
24,42,25,2022-02-23,Fordham,@,Richmond,REG (Conf),L 69-79,,13,0,3,.000,0,1,.000,0,2,.000,.000,0,0,,0,1,1,0,1,0,0,0,0,-0.8,Matilda Flood,https://www.sports-reference.com/cbb/players/matilda-flood-1.html,fordham,2021-22
25,43,26,2022-02-26,Fordham,,Davidson,REG (Conf),W 68-57,,2,0,0,,0,0,,0,0,,,0,0,,0,2,2,0,0,0,0,0,0,0.6,Matilda Flood,https://www.sports-reference.com/cbb/players/matilda-flood-1.html,fordham,2021-22
26,44,27,2022-03-03,Fordham,,George Mason,CTOURN,W 66-50,,1,0,0,,0,0,,0,0,,,0,0,,0,0,0,0,0,0,0,0,0,0.0,Matilda Flood,https://www.sports-reference.com/cbb/players/matilda-flood-1.html,fordham,2021-22
27,45,29,2022-03-18,Fordham,,Bucknell,WNIT,L 64-73,,0,0,0,,0,0,,0,0,,,0,0,,0,0,0,0,0,0,0,0,0,0.0,Matilda Flood,https://www.sports-reference.com/cbb/players/matilda-flood-1.html,fordham,2021-22
