ranker,player_game_num_career,team_game_num_season,date,team_name_abbr,game_location,opp_name_abbr,game_type,game_result,is_starter,mp,fg,fga,fg_pct,fg3,fg3a,fg3_pct,fg2,fg2a,fg2_pct,efg_pct,ft,fta,ft_pct,orb,drb,trb,ast,stl,blk,tov,pf,pts,game_score,player_name,player_sr_link,school,season
1,83,2,2021-11-13,Fordham,@,Seton Hall,REG (Non-Conf),W 82-63,*,16,3,7,.429,0,0,,3,7,.429,.429,0,0,,2,3,5,1,0,1,1,1,6,4.6,Megan Jonassen,https://www.sports-reference.com/cbb/players/megan-jonassen-1.html,fordham,2021-22
2,84,3,2021-11-18,Fordham,@,Notre Dame,REG (Non-Conf),L 56-71,*,20,1,3,.333,0,0,,1,3,.333,.333,0,0,,2,0,2,0,0,0,0,2,2,0.9,Megan Jonassen,https://www.sports-reference.com/cbb/players/megan-jonassen-1.html,fordham,2021-22
3,85,4,2021-11-21,Fordham,,Michigan State,REG (Non-Conf),W 71-68,*,29,0,2,.000,0,0,,0,2,.000,.000,0,0,,8,2,10,0,1,0,0,0,0,5.8,Megan Jonassen,https://www.sports-reference.com/cbb/players/megan-jonassen-1.html,fordham,2021-22
4,86,5,2021-11-25,Fordham,@,Baylor,REG (Non-Conf),L 45-68,*,26,2,5,.400,0,0,,2,5,.400,.400,2,2,1.000,2,2,4,0,0,1,2,3,6,2.8,Megan Jonassen,https://www.sports-reference.com/cbb/players/megan-jonassen-1.html,fordham,2021-22
5,87,6,2021-11-26,Fordham,,Houston,REG (Non-Conf),W 67-53,*,23,4,8,.500,0,0,,4,8,.500,.500,0,0,,2,5,7,2,0,0,0,2,8,7.5,Megan Jonassen,https://www.sports-reference.com/cbb/players/megan-jonassen-1.html,fordham,2021-22
6,88,7,2021-11-27,Fordham,@,Arizona State,REG (Non-Conf),L 43-58,*,20,2,5,.400,0,0,,2,5,.400,.400,0,0,,1,0,1,0,0,0,0,2,4,1.2,Megan Jonassen,https://www.sports-reference.com/cbb/players/megan-jonassen-1.html,fordham,2021-22
7,89,8,2021-12-02,Fordham,,Stony Brook,REG (Non-Conf),W 71-59,*,14,2,2,1.000,0,0,,2,2,1.000,1.000,0,0,,1,1,2,1,0,0,1,3,4,2.9,Megan Jonassen,https://www.sports-reference.com/cbb/players/megan-jonassen-1.html,fordham,2021-22
8,90,9,2021-12-05,Fordham,,Princeton,REG (Non-Conf),W 76-67,*,20,1,3,.333,0,0,,1,3,.333,.333,1,2,.500,6,1,7,1,1,0,1,1,3,5.7,Megan Jonassen,https://www.sports-reference.com/cbb/players/megan-jonassen-1.html,fordham,2021-22
9,91,10,2021-12-08,Fordham,,Manhattan,REG (Non-Conf),W 65-63,*,26,1,3,.333,0,0,,1,3,.333,.333,0,0,,5,2,7,2,1,0,3,2,2,3.0,Megan Jonassen,https://www.sports-reference.com/cbb/players/megan-jonassen-1.html,fordham,2021-22
10,92,11,2021-12-12,Fordham,,Lafayette,REG (Non-Conf),W 71-36,*,19,0,1,.000,0,0,,0,1,.000,.000,4,4,1.000,2,4,6,0,0,0,0,0,4,5.9,Megan Jonassen,https://www.sports-reference.com/cbb/players/megan-jonassen-1.html,fordham,2021-22
11,93,12,2022-01-02,Fordham,,Fairleigh Dickinson,REG (Non-Conf),W 63-36,*,21,5,9,.556,0,0,,5,9,.556,.556,2,2,1.000,2,3,5,0,2,0,0,2,12,11.2,Megan Jonassen,https://www.sports-reference.com/cbb/players/megan-jonassen-1.html,fordham,2021-22
12,94,13,2022-01-09,Fordham,,La Salle,REG (Conf),L 62-71,*,29,1,4,.250,0,0,,1,4,.250,.250,1,4,.250,6,2,8,2,0,0,0,1,3,5.2,Megan Jonassen,https://www.sports-reference.com/cbb/players/megan-jonassen-1.html,fordham,2021-22
13,95,14,2022-01-12,Fordham,@,George Mason,REG (Conf),W 73-64,*,32,4,4,1.000,0,0,,4,4,1.000,1.000,4,4,1.000,3,5,8,2,1,2,3,2,12,14.4,Megan Jonassen,https://www.sports-reference.com/cbb/players/megan-jonassen-1.html,fordham,2021-22
14,96,15,2022-01-15,Fordham,@,VCU,REG (Conf),W 54-48,*,20,1,2,.500,0,0,,1,2,.500,.500,0,0,,2,3,5,0,0,0,0,3,2,2.1,Megan Jonassen,https://www.sports-reference.com/cbb/players/megan-jonassen-1.html,fordham,2021-22
15,97,16,2022-01-19,Fordham,,George Washington,REG (Conf),W 61-53,*,22,3,4,.750,0,0,,3,4,.750,.750,0,0,,2,5,7,0,1,0,0,1,6,7.9,Megan Jonassen,https://www.sports-reference.com/cbb/players/megan-jonassen-1.html,fordham,2021-22
16,98,17,2022-01-21,Fordham,@,Davidson,REG (Conf),W 63-51,*,28,0,2,.000,0,0,,0,2,.000,.000,0,2,.000,6,4,10,0,1,0,0,2,0,3.4,Megan Jonassen,https://www.sports-reference.com/cbb/players/megan-jonassen-1.html,fordham,2021-22
17,99,18,2022-01-23,Fordham,@,Dayton,REG (Conf),L 48-52,*,24,4,9,.444,0,0,,4,9,.444,.444,0,0,,1,1,2,0,0,0,0,3,8,3.1,Megan Jonassen,https://www.sports-reference.com/cbb/players/megan-jonassen-1.html,fordham,2021-22
18,100,19,2022-01-26,Fordham,,Saint Joseph's,REG (Conf),W 55-35,*,20,2,4,.500,0,0,,2,4,.500,.500,0,0,,3,4,7,0,0,0,2,1,4,2.9,Megan Jonassen,https://www.sports-reference.com/cbb/players/megan-jonassen-1.html,fordham,2021-22
19,101,20,2022-01-29,Fordham,,St. Bonaventure,REG (Conf),W 62-54,*,26,4,4,1.000,0,0,,4,4,1.000,1.000,0,0,,4,8,12,2,0,0,0,1,8,13.0,Megan Jonassen,https://www.sports-reference.com/cbb/players/megan-jonassen-1.html,fordham,2021-22
20,102,21,2022-02-05,Fordham,@,Duquesne,REG (Conf),W 59-52,*,19,1,4,.250,0,0,,1,4,.250,.250,0,0,,2,0,2,0,0,0,0,2,2,0.2,Megan Jonassen,https://www.sports-reference.com/cbb/players/megan-jonassen-1.html,fordham,2021-22
21,103,22,2022-02-13,Fordham,@,Rhode Island,REG (Conf),L 43-58,*,30,3,7,.429,0,0,,3,7,.429,.429,2,2,1.000,2,5,7,0,1,0,0,2,8,7.4,Megan Jonassen,https://www.sports-reference.com/cbb/players/megan-jonassen-1.html,fordham,2021-22
22,104,23,2022-02-16,Fordham,@,Massachusetts,REG (Conf),L 57-60,*,29,0,3,.000,0,0,,0,3,.000,.000,1,2,.500,1,4,5,0,0,0,1,3,1,-1.8,Megan Jonassen,https://www.sports-reference.com/cbb/players/megan-jonassen-1.html,fordham,2021-22
23,105,24,2022-02-19,Fordham,,Dayton,REG (Conf),L 47-48,*,22,2,5,.400,0,0,,2,5,.400,.400,0,0,,2,2,4,0,0,0,0,1,4,2.9,Megan Jonassen,https://www.sports-reference.com/cbb/players/megan-jonassen-1.html,fordham,2021-22
24,106,25,2022-02-23,Fordham,@,Richmond,REG (Conf),L 69-79,*,19,1,3,.333,0,0,,1,3,.333,.333,0,0,,3,0,3,0,1,0,1,2,2,1.6,Megan Jonassen,https://www.sports-reference.com/cbb/players/megan-jonassen-1.html,fordham,2021-22
25,107,26,2022-02-26,Fordham,,Davidson,REG (Conf),W 68-57,*,32,2,7,.286,0,0,,2,7,.286,.286,0,0,,2,7,9,0,1,1,0,2,4,4.3,Megan Jonassen,https://www.sports-reference.com/cbb/players/megan-jonassen-1.html,fordham,2021-22
26,108,27,2022-03-03,Fordham,,George Mason,CTOURN,W 66-50,*,21,1,1,1.000,0,0,,1,1,1.000,1.000,0,0,,1,3,4,2,0,0,0,4,2,3.1,Megan Jonassen,https://www.sports-reference.com/cbb/players/megan-jonassen-1.html,fordham,2021-22
27,109,28,2022-03-04,Fordham,@,Massachusetts,CTOURN,L 63-66,*,34,0,1,.000,0,0,,0,1,.000,.000,2,4,.500,9,0,9,0,1,0,1,2,2,6.0,Megan Jonassen,https://www.sports-reference.com/cbb/players/megan-jonassen-1.html,fordham,2021-22
28,110,29,2022-03-18,Fordham,,Bucknell,WNIT,L 64-73,*,27,3,7,.429,0,1,.000,3,6,.500,.429,0,2,.000,6,2,8,0,2,1,2,1,6,6.6,Megan Jonassen,https://www.sports-reference.com/cbb/players/megan-jonassen-1.html,fordham,2021-22
