ranker,player_game_num_career,team_game_num_season,date,team_name_abbr,game_location,opp_name_abbr,game_type,game_result,is_starter,mp,fg,fga,fg_pct,fg3,fg3a,fg2,fg2a,fg2_pct,efg_pct,ft,fta,ft_pct,orb,drb,trb,ast,stl,blk,tov,pf,pts,game_score,player_name,player_sr_link,school,season
1,1,1,2021-11-09,Fordham,,Quinnipiac,REG (Non-Conf),W 79-71 (OT),*,31,3,7,.429,0,0,3,7,.429,.429,1,2,.500,9,1,10,0,2,1,2,4,7,8.6,Millie Prior,https://www.sports-reference.com/cbb/players/millie-prior-1.html,fordham,2021-22
2,2,2,2021-11-13,Fordham,@,Seton Hall,REG (Non-Conf),W 82-63,,16,0,1,.000,0,0,0,1,.000,.000,2,2,1.000,1,1,2,0,0,0,0,1,2,1.9,Millie Prior,https://www.sports-reference.com/cbb/players/millie-prior-1.html,fordham,2021-22
3,3,3,2021-11-18,Fordham,@,Notre Dame,REG (Non-Conf),L 56-71,,13,0,2,.000,0,0,0,2,.000,.000,0,0,,1,1,2,2,0,0,0,1,0,0.6,Millie Prior,https://www.sports-reference.com/cbb/players/millie-prior-1.html,fordham,2021-22
4,4,4,2021-11-21,Fordham,,Michigan State,REG (Non-Conf),W 71-68,,6,1,2,.500,0,0,1,2,.500,.500,0,0,,2,0,2,1,0,0,1,0,2,2.1,Millie Prior,https://www.sports-reference.com/cbb/players/millie-prior-1.html,fordham,2021-22
5,5,5,2021-11-25,Fordham,@,Baylor,REG (Non-Conf),L 45-68,,7,0,1,.000,0,0,0,1,.000,.000,0,0,,2,0,2,2,0,0,0,2,0,1.3,Millie Prior,https://www.sports-reference.com/cbb/players/millie-prior-1.html,fordham,2021-22
6,6,6,2021-11-26,Fordham,,Houston,REG (Non-Conf),W 67-53,,4,0,0,,0,0,0,0,,,0,0,,0,0,0,0,0,1,0,0,0,0.7,Millie Prior,https://www.sports-reference.com/cbb/players/millie-prior-1.html,fordham,2021-22
7,7,7,2021-11-27,Fordham,@,Arizona State,REG (Non-Conf),L 43-58,,10,0,0,,0,0,0,0,,,0,0,,0,1,1,0,0,0,0,1,0,-0.1,Millie Prior,https://www.sports-reference.com/cbb/players/millie-prior-1.html,fordham,2021-22
8,8,8,2021-12-02,Fordham,,Stony Brook,REG (Non-Conf),W 71-59,,6,1,1,1.000,0,0,1,1,1.000,1.000,0,0,,0,1,1,0,0,0,0,0,2,2.0,Millie Prior,https://www.sports-reference.com/cbb/players/millie-prior-1.html,fordham,2021-22
9,9,13,2022-01-09,Fordham,,La Salle,REG (Conf),L 62-71,,25,0,4,.000,0,0,0,4,.000,.000,3,4,.750,2,1,3,2,0,2,0,3,3,3.1,Millie Prior,https://www.sports-reference.com/cbb/players/millie-prior-1.html,fordham,2021-22
10,10,14,2022-01-12,Fordham,@,George Mason,REG (Conf),W 73-64,,6,0,0,,0,0,0,0,,,1,2,.500,1,1,2,1,0,1,0,1,1,2.6,Millie Prior,https://www.sports-reference.com/cbb/players/millie-prior-1.html,fordham,2021-22
11,11,15,2022-01-15,Fordham,@,VCU,REG (Conf),W 54-48,,4,0,1,.000,0,0,0,1,.000,.000,0,0,,2,1,3,0,0,0,2,0,0,-1.0,Millie Prior,https://www.sports-reference.com/cbb/players/millie-prior-1.html,fordham,2021-22
12,12,16,2022-01-19,Fordham,,George Washington,REG (Conf),W 61-53,,4,0,0,,0,0,0,0,,,0,0,,0,0,0,0,0,0,0,0,0,0.0,Millie Prior,https://www.sports-reference.com/cbb/players/millie-prior-1.html,fordham,2021-22
13,13,17,2022-01-21,Fordham,@,Davidson,REG (Conf),W 63-51,,7,1,1,1.000,0,0,1,1,1.000,1.000,0,0,,0,2,2,0,0,0,1,2,2,0.5,Millie Prior,https://www.sports-reference.com/cbb/players/millie-prior-1.html,fordham,2021-22
14,14,18,2022-01-23,Fordham,@,Dayton,REG (Conf),L 48-52,,3,0,0,,0,0,0,0,,,0,0,,0,0,0,0,0,0,0,0,0,0.0,Millie Prior,https://www.sports-reference.com/cbb/players/millie-prior-1.html,fordham,2021-22
15,15,19,2022-01-26,Fordham,,Saint Joseph's,REG (Conf),W 55-35,,10,0,2,.000,0,0,0,2,.000,.000,0,0,,3,0,3,1,0,1,2,2,0,-0.7,Millie Prior,https://www.sports-reference.com/cbb/players/millie-prior-1.html,fordham,2021-22
16,16,20,2022-01-29,Fordham,,St. Bonaventure,REG (Conf),W 62-54,,1,1,1,1.000,0,0,1,1,1.000,1.000,0,0,,0,0,0,0,0,0,1,0,2,0.7,Millie Prior,https://www.sports-reference.com/cbb/players/millie-prior-1.html,fordham,2021-22
17,17,21,2022-02-05,Fordham,@,Duquesne,REG (Conf),W 59-52,,7,0,0,,0,0,0,0,,,0,0,,1,0,1,0,0,0,0,0,0,0.7,Millie Prior,https://www.sports-reference.com/cbb/players/millie-prior-1.html,fordham,2021-22
18,18,22,2022-02-13,Fordham,@,Rhode Island,REG (Conf),L 43-58,,14,2,3,.667,0,0,2,3,.667,.667,0,0,,2,0,2,0,0,1,0,0,4,4.8,Millie Prior,https://www.sports-reference.com/cbb/players/millie-prior-1.html,fordham,2021-22
19,19,23,2022-02-16,Fordham,@,Massachusetts,REG (Conf),L 57-60,,18,1,1,1.000,0,0,1,1,1.000,1.000,0,0,,4,0,4,1,1,0,1,0,2,5.2,Millie Prior,https://www.sports-reference.com/cbb/players/millie-prior-1.html,fordham,2021-22
20,20,24,2022-02-19,Fordham,,Dayton,REG (Conf),L 47-48,,19,0,1,.000,0,0,0,1,.000,.000,1,4,.250,6,1,7,0,0,0,1,2,1,1.8,Millie Prior,https://www.sports-reference.com/cbb/players/millie-prior-1.html,fordham,2021-22
21,21,25,2022-02-23,Fordham,@,Richmond,REG (Conf),L 69-79,,9,0,2,.000,0,0,0,2,.000,.000,0,0,,0,1,1,1,0,0,0,1,0,-0.8,Millie Prior,https://www.sports-reference.com/cbb/players/millie-prior-1.html,fordham,2021-22
22,22,26,2022-02-26,Fordham,,Davidson,REG (Conf),W 68-57,,17,2,3,.667,0,0,2,3,.667,.667,0,0,,2,0,2,3,0,0,0,2,4,5.4,Millie Prior,https://www.sports-reference.com/cbb/players/millie-prior-1.html,fordham,2021-22
23,23,27,2022-03-03,Fordham,,George Mason,CTOURN,W 66-50,,11,1,1,1.000,0,0,1,1,1.000,1.000,0,0,,1,0,1,3,0,0,0,0,2,4.5,Millie Prior,https://www.sports-reference.com/cbb/players/millie-prior-1.html,fordham,2021-22
24,24,28,2022-03-04,Fordham,@,Massachusetts,CTOURN,L 63-66,,11,0,0,,0,0,0,0,,,0,0,,1,0,1,0,1,1,1,3,0,0.2,Millie Prior,https://www.sports-reference.com/cbb/players/millie-prior-1.html,fordham,2021-22
25,25,29,2022-03-18,Fordham,,Bucknell,WNIT,L 64-73,,9,0,0,,0,0,0,0,,,0,0,,4,0,4,0,0,2,0,3,0,3.0,Millie Prior,https://www.sports-reference.com/cbb/players/millie-prior-1.html,fordham,2021-22
