ranker,player_game_num_career,team_game_num_season,date,team_name_abbr,game_location,opp_name_abbr,game_type,game_result,is_starter,mp,fg,fga,fg_pct,fg3,fg3a,fg3_pct,fg2,fg2a,fg2_pct,efg_pct,ft,fta,ft_pct,orb,drb,trb,ast,stl,blk,tov,pf,pts,game_score,player_name,player_sr_link,school,season
1,51,1,2021-11-09,Fordham,,Quinnipiac,REG (Non-Conf),W 79-71 (OT),,21,0,0,,0,0,,0,0,,,0,0,,1,0,1,1,0,0,0,2,0,0.6,Sarah Karpell,https://www.sports-reference.com/cbb/players/sarah-karpell-1.html,fordham,2021-22
2,52,2,2021-11-13,Fordham,@,Seton Hall,REG (Non-Conf),W 82-63,,11,1,3,.333,0,1,.000,1,2,.500,.333,0,0,,2,2,4,1,1,0,0,4,2,2.4,Sarah Karpell,https://www.sports-reference.com/cbb/players/sarah-karpell-1.html,fordham,2021-22
3,53,3,2021-11-18,Fordham,@,Notre Dame,REG (Non-Conf),L 56-71,,14,0,2,.000,0,1,.000,0,1,.000,.000,0,0,,0,0,0,2,0,0,1,1,0,-1.4,Sarah Karpell,https://www.sports-reference.com/cbb/players/sarah-karpell-1.html,fordham,2021-22
4,54,4,2021-11-21,Fordham,,Michigan State,REG (Non-Conf),W 71-68,,26,0,0,,0,0,,0,0,,,0,0,,0,4,4,3,0,0,0,4,0,1.7,Sarah Karpell,https://www.sports-reference.com/cbb/players/sarah-karpell-1.html,fordham,2021-22
5,55,5,2021-11-25,Fordham,@,Baylor,REG (Non-Conf),L 45-68,,13,0,0,,0,0,,0,0,,,0,0,,1,1,2,0,1,0,1,2,0,0.2,Sarah Karpell,https://www.sports-reference.com/cbb/players/sarah-karpell-1.html,fordham,2021-22
6,56,6,2021-11-26,Fordham,,Houston,REG (Non-Conf),W 67-53,,22,1,2,.500,0,1,.000,1,1,1.000,.500,0,0,,2,0,2,0,0,0,0,1,2,2.0,Sarah Karpell,https://www.sports-reference.com/cbb/players/sarah-karpell-1.html,fordham,2021-22
7,57,7,2021-11-27,Fordham,@,Arizona State,REG (Non-Conf),L 43-58,,19,1,1,1.000,0,0,,1,1,1.000,1.000,0,2,.000,0,0,0,1,0,0,1,0,2,0.6,Sarah Karpell,https://www.sports-reference.com/cbb/players/sarah-karpell-1.html,fordham,2021-22
8,58,8,2021-12-02,Fordham,,Stony Brook,REG (Non-Conf),W 71-59,,20,0,0,,0,0,,0,0,,,0,0,,0,1,1,1,0,0,0,3,0,-0.2,Sarah Karpell,https://www.sports-reference.com/cbb/players/sarah-karpell-1.html,fordham,2021-22
9,59,9,2021-12-05,Fordham,,Princeton,REG (Non-Conf),W 76-67,,25,1,2,.500,0,0,,1,2,.500,.500,2,2,1.000,0,1,1,1,0,0,2,3,4,0.8,Sarah Karpell,https://www.sports-reference.com/cbb/players/sarah-karpell-1.html,fordham,2021-22
10,60,10,2021-12-08,Fordham,,Manhattan,REG (Non-Conf),W 65-63,,24,0,2,.000,0,2,.000,0,0,,.000,0,0,,0,3,3,1,2,0,0,3,0,1.0,Sarah Karpell,https://www.sports-reference.com/cbb/players/sarah-karpell-1.html,fordham,2021-22
11,61,11,2021-12-12,Fordham,,Lafayette,REG (Non-Conf),W 71-36,,14,1,1,1.000,1,1,1.000,0,0,,1.500,0,0,,0,1,1,0,1,0,1,2,3,2.2,Sarah Karpell,https://www.sports-reference.com/cbb/players/sarah-karpell-1.html,fordham,2021-22
12,62,12,2022-01-02,Fordham,,Fairleigh Dickinson,REG (Non-Conf),W 63-36,*,33,1,4,.250,0,2,.000,1,2,.500,.250,0,0,,0,2,2,5,1,0,0,1,2,4.3,Sarah Karpell,https://www.sports-reference.com/cbb/players/sarah-karpell-1.html,fordham,2021-22
13,63,15,2022-01-15,Fordham,@,VCU,REG (Conf),W 54-48,,29,0,1,.000,0,0,,0,1,.000,.000,0,0,,0,0,0,0,0,0,0,0,0,-0.7,Sarah Karpell,https://www.sports-reference.com/cbb/players/sarah-karpell-1.html,fordham,2021-22
14,64,16,2022-01-19,Fordham,,George Washington,REG (Conf),W 61-53,,15,0,0,,0,0,,0,0,,,1,2,.500,3,1,4,3,0,0,1,5,1,2.1,Sarah Karpell,https://www.sports-reference.com/cbb/players/sarah-karpell-1.html,fordham,2021-22
15,65,17,2022-01-21,Fordham,@,Davidson,REG (Conf),W 63-51,*,33,0,2,.000,0,1,.000,0,1,.000,.000,1,2,.500,3,4,7,3,0,0,1,0,1,3.6,Sarah Karpell,https://www.sports-reference.com/cbb/players/sarah-karpell-1.html,fordham,2021-22
16,66,18,2022-01-23,Fordham,@,Dayton,REG (Conf),L 48-52,,22,0,1,.000,0,1,.000,0,0,,.000,0,0,,4,1,5,1,0,0,1,3,0,0.9,Sarah Karpell,https://www.sports-reference.com/cbb/players/sarah-karpell-1.html,fordham,2021-22
17,67,19,2022-01-26,Fordham,,Saint Joseph's,REG (Conf),W 55-35,,16,1,6,.167,1,2,.500,0,4,.000,.250,0,0,,0,3,3,1,0,0,1,1,3,-0.6,Sarah Karpell,https://www.sports-reference.com/cbb/players/sarah-karpell-1.html,fordham,2021-22
18,68,20,2022-01-29,Fordham,,St. Bonaventure,REG (Conf),W 62-54,,23,0,2,.000,0,1,.000,0,1,.000,.000,0,0,,0,1,1,2,0,0,1,2,0,-1.5,Sarah Karpell,https://www.sports-reference.com/cbb/players/sarah-karpell-1.html,fordham,2021-22
19,69,21,2022-02-05,Fordham,@,Duquesne,REG (Conf),W 59-52,,19,0,3,.000,0,1,.000,0,2,.000,.000,0,0,,3,1,4,0,0,0,1,1,0,-1.1,Sarah Karpell,https://www.sports-reference.com/cbb/players/sarah-karpell-1.html,fordham,2021-22
20,70,22,2022-02-13,Fordham,@,Rhode Island,REG (Conf),L 43-58,*,6,0,0,,0,0,,0,0,,,0,0,,0,0,0,1,0,0,1,0,0,-0.3,Sarah Karpell,https://www.sports-reference.com/cbb/players/sarah-karpell-1.html,fordham,2021-22
21,71,23,2022-02-16,Fordham,@,Massachusetts,REG (Conf),L 57-60,,5,0,0,,0,0,,0,0,,,0,0,,0,0,0,1,0,0,1,0,0,-0.3,Sarah Karpell,https://www.sports-reference.com/cbb/players/sarah-karpell-1.html,fordham,2021-22
22,72,24,2022-02-19,Fordham,,Dayton,REG (Conf),L 47-48,,12,0,2,.000,0,1,.000,0,1,.000,.000,0,0,,0,1,1,1,0,0,0,1,0,-0.8,Sarah Karpell,https://www.sports-reference.com/cbb/players/sarah-karpell-1.html,fordham,2021-22
23,73,25,2022-02-23,Fordham,@,Richmond,REG (Conf),L 69-79,,24,2,2,1.000,1,1,1.000,1,1,1.000,1.250,0,0,,0,2,2,1,1,0,1,2,5,4.9,Sarah Karpell,https://www.sports-reference.com/cbb/players/sarah-karpell-1.html,fordham,2021-22
24,74,26,2022-02-26,Fordham,,Davidson,REG (Conf),W 68-57,,20,0,2,.000,0,1,.000,0,1,.000,.000,0,0,,2,2,4,0,0,0,1,0,0,-0.4,Sarah Karpell,https://www.sports-reference.com/cbb/players/sarah-karpell-1.html,fordham,2021-22
25,75,27,2022-03-03,Fordham,,George Mason,CTOURN,W 66-50,,23,0,0,,0,0,,0,0,,,0,0,,1,4,5,1,0,0,3,1,0,-0.8,Sarah Karpell,https://www.sports-reference.com/cbb/players/sarah-karpell-1.html,fordham,2021-22
26,76,28,2022-03-04,Fordham,@,Massachusetts,CTOURN,L 63-66,,12,0,0,,0,0,,0,0,,,0,0,,1,0,1,1,0,0,0,0,0,1.4,Sarah Karpell,https://www.sports-reference.com/cbb/players/sarah-karpell-1.html,fordham,2021-22
27,77,29,2022-03-18,Fordham,,Bucknell,WNIT,L 64-73,,20,1,2,.500,1,1,1.000,0,1,.000,.750,0,0,,0,2,2,3,0,0,1,3,3,2.5,Sarah Karpell,https://www.sports-reference.com/cbb/players/sarah-karpell-1.html,fordham,2021-22
