ranker,player_game_num_career,team_game_num_season,date,team_name_abbr,game_location,opp_name_abbr,game_type,game_result,is_starter,mp,fg,fga,fg_pct,fg3,fg3a,fg3_pct,fg2,fg2a,fg2_pct,efg_pct,ft,fta,ft_pct,orb,drb,trb,ast,stl,blk,tov,pf,pts,game_score,player_name,player_sr_link,school,season
1,78,1,2019-11-05,Jacksonville,@,South Florida,REG (Non-Conf),L 39-70,*,12,0,4,.000,0,1,.000,0,3,.000,.000,0,0,,0,1,1,0,0,0,1,1,0,-3.9,Alexis Burns,https://www.sports-reference.com/cbb/players/alexis-burns-1.html,jacksonville,2019-20
2,79,2,2019-11-09,Jacksonville,,Thomas University,REG (Non-Conf),W 94-36,,9,1,4,.250,0,0,,1,4,.250,.250,1,1,1.000,0,1,1,2,0,0,2,0,3,0.3,Alexis Burns,https://www.sports-reference.com/cbb/players/alexis-burns-1.html,jacksonville,2019-20
3,80,3,2019-11-13,Jacksonville,@,Florida State,REG (Non-Conf),L 41-75,,12,1,3,.333,1,2,.500,0,1,.000,.500,0,0,,0,0,0,0,0,0,4,1,3,-3.1,Alexis Burns,https://www.sports-reference.com/cbb/players/alexis-burns-1.html,jacksonville,2019-20
4,81,4,2019-11-16,Jacksonville,,Johnson (FL),REG (Non-Conf),W 114-35,*,18,1,5,.200,0,3,.000,1,2,.500,.200,1,2,.500,1,2,3,4,2,0,1,0,3,4.6,Alexis Burns,https://www.sports-reference.com/cbb/players/alexis-burns-1.html,jacksonville,2019-20
5,82,5,2019-11-19,Jacksonville,,USC Upstate,REG (Non-Conf),W 87-43,*,9,0,2,.000,0,1,.000,0,1,.000,.000,0,2,.000,0,1,1,0,0,0,0,1,0,-2.3,Alexis Burns,https://www.sports-reference.com/cbb/players/alexis-burns-1.html,jacksonville,2019-20
6,83,6,2019-11-24,Jacksonville,@,Colorado,REG (Non-Conf),L 44-66,*,21,6,10,.600,0,0,,6,10,.600,.600,2,3,.667,1,2,3,1,2,0,6,0,14,7.0,Alexis Burns,https://www.sports-reference.com/cbb/players/alexis-burns-1.html,jacksonville,2019-20
7,84,7,2019-11-29,Jacksonville,,Nicholls State,REG (Non-Conf),W 72-55,*,18,2,5,.400,0,0,,2,5,.400,.400,0,0,,2,1,3,4,1,1,5,1,4,2.1,Alexis Burns,https://www.sports-reference.com/cbb/players/alexis-burns-1.html,jacksonville,2019-20
8,85,8,2019-11-30,Jacksonville,,Norfolk State,REG (Non-Conf),L 64-71 (OT),,22,1,4,.250,0,2,.000,1,2,.500,.250,1,2,.500,0,2,2,0,0,0,3,1,3,-2.6,Alexis Burns,https://www.sports-reference.com/cbb/players/alexis-burns-1.html,jacksonville,2019-20
9,86,9,2019-12-04,Jacksonville,,Bethune-Cookman,REG (Non-Conf),L 52-53,,18,2,7,.286,0,2,.000,2,5,.400,.286,1,1,1.000,0,3,3,0,2,0,1,0,5,2.8,Alexis Burns,https://www.sports-reference.com/cbb/players/alexis-burns-1.html,jacksonville,2019-20
10,87,10,2019-12-15,Jacksonville,,Florida International,REG (Non-Conf),W 77-52,*,22,1,2,.500,0,0,,1,2,.500,.500,2,2,1.000,1,2,3,2,1,0,2,1,4,4.3,Alexis Burns,https://www.sports-reference.com/cbb/players/alexis-burns-1.html,jacksonville,2019-20
11,88,11,2019-12-17,Jacksonville,@,Florida A&M,REG (Non-Conf),W 88-54,*,25,2,9,.222,0,2,.000,2,7,.286,.222,1,3,.333,1,3,4,2,3,0,0,3,5,3.5,Alexis Burns,https://www.sports-reference.com/cbb/players/alexis-burns-1.html,jacksonville,2019-20
12,89,12,2019-12-20,Jacksonville,@,Jacksonville State,REG (Non-Conf),W 55-40,*,32,2,12,.167,0,2,.000,2,10,.200,.167,2,4,.500,0,12,12,1,2,0,2,1,6,1.5,Alexis Burns,https://www.sports-reference.com/cbb/players/alexis-burns-1.html,jacksonville,2019-20
13,90,13,2019-12-29,Jacksonville,@,Mercer,REG (Non-Conf),W 87-83 (OT),*,31,5,9,.556,0,2,.000,5,7,.714,.556,1,3,.333,0,2,2,4,1,0,3,2,11,6.5,Alexis Burns,https://www.sports-reference.com/cbb/players/alexis-burns-1.html,jacksonville,2019-20
14,91,14,2020-01-06,Jacksonville,@,North Alabama,REG (Conf),L 65-76,*,31,2,8,.250,0,2,.000,2,6,.333,.250,0,2,.000,2,3,5,2,1,0,3,3,4,-1.1,Alexis Burns,https://www.sports-reference.com/cbb/players/alexis-burns-1.html,jacksonville,2019-20
15,92,15,2020-01-11,Jacksonville,@,Liberty,REG (Conf),L 76-85,*,16,1,4,.250,0,1,.000,1,3,.333,.250,0,0,,1,1,2,1,1,0,3,1,2,-1.1,Alexis Burns,https://www.sports-reference.com/cbb/players/alexis-burns-1.html,jacksonville,2019-20
16,93,16,2020-01-13,Jacksonville,,NJIT,REG (Conf),W 88-67,,24,1,4,.250,0,1,.000,1,3,.333,.250,3,4,.750,3,2,5,3,2,0,3,3,5,4.8,Alexis Burns,https://www.sports-reference.com/cbb/players/alexis-burns-1.html,jacksonville,2019-20
17,94,17,2020-01-18,Jacksonville,,Stetson,REG (Conf),W 57-52,,17,1,4,.250,1,2,.500,0,2,.000,.375,0,0,,1,2,3,1,0,0,2,3,3,-0.6,Alexis Burns,https://www.sports-reference.com/cbb/players/alexis-burns-1.html,jacksonville,2019-20
18,95,18,2020-01-20,Jacksonville,,North Florida,REG (Conf),L 64-70,,16,0,4,.000,0,0,,0,4,.000,.000,0,0,,0,1,1,0,1,0,2,0,0,-3.5,Alexis Burns,https://www.sports-reference.com/cbb/players/alexis-burns-1.html,jacksonville,2019-20
19,96,19,2020-01-25,Jacksonville,@,Kennesaw State,REG (Conf),W 93-83,*,29,5,8,.625,0,0,,5,8,.625,.625,4,7,.571,3,5,8,4,2,0,2,4,14,14.0,Alexis Burns,https://www.sports-reference.com/cbb/players/alexis-burns-1.html,jacksonville,2019-20
20,97,20,2020-01-27,Jacksonville,@,Lipscomb,REG (Conf),W 73-64,*,18,1,4,.250,1,1,1.000,0,3,.000,.375,0,0,,1,3,4,2,1,0,0,0,3,4.6,Alexis Burns,https://www.sports-reference.com/cbb/players/alexis-burns-1.html,jacksonville,2019-20
21,98,21,2020-02-01,Jacksonville,,North Alabama,REG (Conf),W 67-56,*,15,2,4,.500,0,1,.000,2,3,.667,.500,0,2,.000,1,4,5,0,0,0,2,2,4,0.3,Alexis Burns,https://www.sports-reference.com/cbb/players/alexis-burns-1.html,jacksonville,2019-20
22,99,22,2020-02-03,Jacksonville,,Florida Gulf Coast,REG (Conf),L 68-81,*,13,2,4,.500,0,0,,2,4,.500,.500,1,1,1.000,1,2,3,3,1,0,2,2,5,4.6,Alexis Burns,https://www.sports-reference.com/cbb/players/alexis-burns-1.html,jacksonville,2019-20
23,100,23,2020-02-08,Jacksonville,@,NJIT,REG (Conf),W 66-54,*,17,0,1,.000,0,0,,0,1,.000,.000,2,2,1.000,0,1,1,1,0,0,0,2,2,1.5,Alexis Burns,https://www.sports-reference.com/cbb/players/alexis-burns-1.html,jacksonville,2019-20
24,101,24,2020-02-10,Jacksonville,,Liberty,REG (Conf),L 59-65,*,20,1,4,.250,0,1,.000,1,3,.333,.250,1,2,.500,2,0,2,2,1,0,0,1,3,3.6,Alexis Burns,https://www.sports-reference.com/cbb/players/alexis-burns-1.html,jacksonville,2019-20
25,102,25,2020-02-17,Jacksonville,@,North Florida,REG (Conf),W 69-60,,20,2,6,.333,0,1,.000,2,5,.400,.333,1,2,.500,1,5,6,1,2,0,0,1,5,5.7,Alexis Burns,https://www.sports-reference.com/cbb/players/alexis-burns-1.html,jacksonville,2019-20
26,103,26,2020-02-22,Jacksonville,,Kennesaw State,REG (Conf),W 88-81 (OT),*,31,3,7,.429,1,2,.500,2,5,.400,.500,4,7,.571,1,1,2,2,0,0,0,2,11,7.7,Alexis Burns,https://www.sports-reference.com/cbb/players/alexis-burns-1.html,jacksonville,2019-20
27,104,27,2020-02-24,Jacksonville,,Lipscomb,REG (Conf),W 76-53,*,25,2,3,.667,0,0,,2,3,.667,.667,0,0,,0,2,2,3,1,1,2,3,4,3.9,Alexis Burns,https://www.sports-reference.com/cbb/players/alexis-burns-1.html,jacksonville,2019-20
28,105,28,2020-02-29,Jacksonville,@,Stetson,REG (Conf),W 71-57,*,32,2,7,.286,0,0,,2,7,.286,.286,2,5,.400,1,4,5,5,0,0,2,2,6,3.3,Alexis Burns,https://www.sports-reference.com/cbb/players/alexis-burns-1.html,jacksonville,2019-20
29,106,29,2020-03-02,Jacksonville,@,Florida Gulf Coast,REG (Conf),L 64-77,*,23,2,5,.400,1,3,.333,1,2,.500,.500,0,0,,0,4,4,1,0,0,4,2,5,-0.6,Alexis Burns,https://www.sports-reference.com/cbb/players/alexis-burns-1.html,jacksonville,2019-20
30,107,30,2020-03-07,Jacksonville,,North Florida,CTOURN,L 67-77 (OT),,26,3,5,.600,1,2,.500,2,3,.667,.700,0,0,,1,1,2,2,0,0,2,2,7,4.3,Alexis Burns,https://www.sports-reference.com/cbb/players/alexis-burns-1.html,jacksonville,2019-20
