ranker,player_game_num_career,team_game_num_season,date,team_name_abbr,game_location,opp_name_abbr,game_type,game_result,is_starter,mp,fg,fga,fg_pct,fg3,fg3a,fg3_pct,fg2,fg2a,fg2_pct,efg_pct,ft,fta,ft_pct,orb,drb,trb,ast,stl,blk,tov,pf,pts,game_score,player_name,player_sr_link,school,season
1,1,1,2019-11-05,Jacksonville,@,South Florida,REG (Non-Conf),L 39-70,*,7,0,0,,0,0,,0,0,,,0,0,,0,0,0,0,0,0,1,0,0,-1.0,Da'Nasia Shaw,https://www.sports-reference.com/cbb/players/danasia-shaw-1.html,jacksonville,2019-20
2,2,2,2019-11-09,Jacksonville,,Thomas University,REG (Non-Conf),W 94-36,,18,5,7,.714,3,4,.750,2,3,.667,.929,0,0,,0,1,1,1,3,0,1,2,13,12.3,Da'Nasia Shaw,https://www.sports-reference.com/cbb/players/danasia-shaw-1.html,jacksonville,2019-20
3,3,4,2019-11-16,Jacksonville,,Johnson (FL),REG (Non-Conf),W 114-35,,15,2,8,.250,1,2,.500,1,6,.167,.313,0,0,,0,2,2,2,1,1,3,3,5,-0.3,Da'Nasia Shaw,https://www.sports-reference.com/cbb/players/danasia-shaw-1.html,jacksonville,2019-20
4,4,5,2019-11-19,Jacksonville,,USC Upstate,REG (Non-Conf),W 87-43,,13,1,4,.250,0,1,.000,1,3,.333,.250,0,0,,1,1,2,0,4,0,1,1,2,3.2,Da'Nasia Shaw,https://www.sports-reference.com/cbb/players/danasia-shaw-1.html,jacksonville,2019-20
5,5,6,2019-11-24,Jacksonville,@,Colorado,REG (Non-Conf),L 44-66,,4,0,1,.000,0,0,,0,1,.000,.000,0,2,.000,0,0,0,0,0,0,0,2,0,-2.3,Da'Nasia Shaw,https://www.sports-reference.com/cbb/players/danasia-shaw-1.html,jacksonville,2019-20
6,6,10,2019-12-15,Jacksonville,,Florida International,REG (Non-Conf),W 77-52,,10,2,5,.400,2,3,.667,0,2,.000,.600,0,0,,0,1,1,0,0,1,0,1,6,3.9,Da'Nasia Shaw,https://www.sports-reference.com/cbb/players/danasia-shaw-1.html,jacksonville,2019-20
7,7,11,2019-12-17,Jacksonville,@,Florida A&M,REG (Non-Conf),W 88-54,,3,0,2,.000,0,0,,0,2,.000,.000,0,0,,2,1,3,0,0,0,0,0,0,0.3,Da'Nasia Shaw,https://www.sports-reference.com/cbb/players/danasia-shaw-1.html,jacksonville,2019-20
8,8,12,2019-12-20,Jacksonville,@,Jacksonville State,REG (Non-Conf),W 55-40,,3,0,1,.000,0,0,,0,1,.000,.000,0,0,,0,0,0,0,0,0,1,0,0,-1.7,Da'Nasia Shaw,https://www.sports-reference.com/cbb/players/danasia-shaw-1.html,jacksonville,2019-20
9,9,13,2019-12-29,Jacksonville,@,Mercer,REG (Non-Conf),W 87-83 (OT),,16,4,6,.667,3,5,.600,1,1,1.000,.917,0,2,.000,0,1,1,0,0,0,0,1,11,7.5,Da'Nasia Shaw,https://www.sports-reference.com/cbb/players/danasia-shaw-1.html,jacksonville,2019-20
10,10,14,2020-01-06,Jacksonville,@,North Alabama,REG (Conf),L 65-76,,12,2,4,.500,1,1,1.000,1,3,.333,.625,0,0,,2,0,2,0,0,0,0,1,5,4.0,Da'Nasia Shaw,https://www.sports-reference.com/cbb/players/danasia-shaw-1.html,jacksonville,2019-20
11,11,15,2020-01-11,Jacksonville,@,Liberty,REG (Conf),L 76-85,,20,3,4,.750,3,4,.750,0,0,,1.125,0,0,,0,4,4,0,1,0,1,3,9,7.4,Da'Nasia Shaw,https://www.sports-reference.com/cbb/players/danasia-shaw-1.html,jacksonville,2019-20
12,12,16,2020-01-13,Jacksonville,,NJIT,REG (Conf),W 88-67,*,26,4,9,.444,4,5,.800,0,4,.000,.667,0,0,,1,2,3,1,0,0,0,3,12,8.1,Da'Nasia Shaw,https://www.sports-reference.com/cbb/players/danasia-shaw-1.html,jacksonville,2019-20
13,13,17,2020-01-18,Jacksonville,,Stetson,REG (Conf),W 57-52,*,31,4,8,.500,3,5,.600,1,3,.333,.688,0,0,,1,3,4,4,3,0,2,1,11,12.0,Da'Nasia Shaw,https://www.sports-reference.com/cbb/players/danasia-shaw-1.html,jacksonville,2019-20
14,14,18,2020-01-20,Jacksonville,,North Florida,REG (Conf),L 64-70,*,32,4,11,.364,4,9,.444,0,2,.000,.545,0,1,.000,1,1,2,3,1,0,0,2,12,8.8,Da'Nasia Shaw,https://www.sports-reference.com/cbb/players/danasia-shaw-1.html,jacksonville,2019-20
15,15,20,2020-01-27,Jacksonville,@,Lipscomb,REG (Conf),W 73-64,,14,4,6,.667,2,4,.500,2,2,1.000,.833,3,4,.750,2,2,4,1,1,0,1,2,13,11.9,Da'Nasia Shaw,https://www.sports-reference.com/cbb/players/danasia-shaw-1.html,jacksonville,2019-20
16,16,21,2020-02-01,Jacksonville,,North Alabama,REG (Conf),W 67-56,,23,2,3,.667,0,1,.000,2,2,1.000,.667,1,5,.200,0,2,2,1,1,0,0,2,5,3.6,Da'Nasia Shaw,https://www.sports-reference.com/cbb/players/danasia-shaw-1.html,jacksonville,2019-20
17,17,22,2020-02-03,Jacksonville,,Florida Gulf Coast,REG (Conf),L 68-81,,27,3,6,.500,1,4,.250,2,2,1.000,.583,2,3,.667,2,1,3,0,2,0,2,1,9,6.9,Da'Nasia Shaw,https://www.sports-reference.com/cbb/players/danasia-shaw-1.html,jacksonville,2019-20
18,18,23,2020-02-08,Jacksonville,@,NJIT,REG (Conf),W 66-54,,13,0,7,.000,0,3,.000,0,4,.000,.000,0,0,,3,2,5,0,1,0,2,1,0,-3.6,Da'Nasia Shaw,https://www.sports-reference.com/cbb/players/danasia-shaw-1.html,jacksonville,2019-20
19,19,24,2020-02-10,Jacksonville,,Liberty,REG (Conf),L 59-65,*,34,4,11,.364,1,5,.200,3,6,.500,.409,5,9,.556,3,2,5,2,0,0,1,1,14,9.0,Da'Nasia Shaw,https://www.sports-reference.com/cbb/players/danasia-shaw-1.html,jacksonville,2019-20
20,20,25,2020-02-17,Jacksonville,@,North Florida,REG (Conf),W 69-60,*,34,4,12,.333,1,4,.250,3,8,.375,.375,1,2,.500,1,3,4,3,4,1,0,3,10,10.0,Da'Nasia Shaw,https://www.sports-reference.com/cbb/players/danasia-shaw-1.html,jacksonville,2019-20
21,21,26,2020-02-22,Jacksonville,,Kennesaw State,REG (Conf),W 88-81 (OT),,31,5,11,.455,3,7,.429,2,4,.500,.591,0,3,.000,1,4,5,2,2,2,0,4,13,11.2,Da'Nasia Shaw,https://www.sports-reference.com/cbb/players/danasia-shaw-1.html,jacksonville,2019-20
22,22,27,2020-02-24,Jacksonville,,Lipscomb,REG (Conf),W 76-53,*,4,1,2,.500,0,0,,1,2,.500,.500,0,0,,0,1,1,0,0,0,0,1,2,0.9,Da'Nasia Shaw,https://www.sports-reference.com/cbb/players/danasia-shaw-1.html,jacksonville,2019-20
23,23,30,2020-03-07,Jacksonville,,North Florida,CTOURN,L 67-77 (OT),*,31,7,13,.538,4,8,.500,3,5,.600,.692,1,4,.250,1,4,5,1,3,1,1,2,19,16.0,Da'Nasia Shaw,https://www.sports-reference.com/cbb/players/danasia-shaw-1.html,jacksonville,2019-20
