ranker,player_game_num_career,team_game_num_season,date,team_name_abbr,game_location,opp_name_abbr,game_type,game_result,is_starter,mp,fg,fga,fg_pct,fg3,fg3a,fg3_pct,fg2,fg2a,fg2_pct,efg_pct,ft,fta,ft_pct,orb,drb,trb,ast,stl,blk,tov,pf,pts,game_score,player_name,player_sr_link,school,season
1,1,1,2019-11-05,Jacksonville,@,South Florida,REG (Non-Conf),L 39-70,,19,3,9,.333,1,2,.500,2,7,.286,.389,2,2,1.000,1,4,5,0,2,0,1,0,9,6.8,Destiny Marshall,https://www.sports-reference.com/cbb/players/destiny-marshall-1.html,jacksonville,2019-20
2,2,2,2019-11-09,Jacksonville,,Thomas University,REG (Non-Conf),W 94-36,*,18,7,12,.583,0,0,,7,12,.583,.583,2,2,1.000,2,1,3,1,2,0,1,3,16,12.6,Destiny Marshall,https://www.sports-reference.com/cbb/players/destiny-marshall-1.html,jacksonville,2019-20
3,3,3,2019-11-13,Jacksonville,@,Florida State,REG (Non-Conf),L 41-75,*,32,9,19,.474,2,4,.500,7,15,.467,.526,0,0,,3,5,8,0,2,0,6,3,20,8.7,Destiny Marshall,https://www.sports-reference.com/cbb/players/destiny-marshall-1.html,jacksonville,2019-20
4,4,4,2019-11-16,Jacksonville,,Johnson (FL),REG (Non-Conf),W 114-35,*,19,6,9,.667,0,1,.000,6,8,.750,.667,0,1,.000,2,6,8,0,2,2,1,0,12,13.3,Destiny Marshall,https://www.sports-reference.com/cbb/players/destiny-marshall-1.html,jacksonville,2019-20
5,5,5,2019-11-19,Jacksonville,,USC Upstate,REG (Non-Conf),W 87-43,*,29,5,12,.417,0,1,.000,5,11,.455,.417,7,9,.778,8,0,8,2,4,0,1,3,17,18.6,Destiny Marshall,https://www.sports-reference.com/cbb/players/destiny-marshall-1.html,jacksonville,2019-20
6,6,6,2019-11-24,Jacksonville,@,Colorado,REG (Non-Conf),L 44-66,*,21,2,10,.200,0,1,.000,2,9,.222,.200,3,4,.750,4,0,4,0,2,0,3,4,7,0.6,Destiny Marshall,https://www.sports-reference.com/cbb/players/destiny-marshall-1.html,jacksonville,2019-20
7,7,8,2019-11-30,Jacksonville,,Norfolk State,REG (Non-Conf),L 64-71 (OT),,27,6,12,.500,0,1,.000,6,11,.545,.500,3,4,.750,2,2,4,0,0,0,3,5,15,5.6,Destiny Marshall,https://www.sports-reference.com/cbb/players/destiny-marshall-1.html,jacksonville,2019-20
8,8,9,2019-12-04,Jacksonville,,Bethune-Cookman,REG (Non-Conf),L 52-53,,25,3,11,.273,0,0,,3,11,.273,.273,2,2,1.000,3,2,5,0,4,1,3,4,8,4.3,Destiny Marshall,https://www.sports-reference.com/cbb/players/destiny-marshall-1.html,jacksonville,2019-20
9,9,10,2019-12-15,Jacksonville,,Florida International,REG (Non-Conf),W 77-52,*,22,9,15,.600,1,1,1.000,8,14,.571,.633,0,0,,1,0,1,2,1,0,1,3,19,13.0,Destiny Marshall,https://www.sports-reference.com/cbb/players/destiny-marshall-1.html,jacksonville,2019-20
10,10,11,2019-12-17,Jacksonville,@,Florida A&M,REG (Non-Conf),W 88-54,*,29,10,25,.400,1,2,.500,9,23,.391,.420,3,6,.500,5,2,7,3,0,1,1,2,24,14.4,Destiny Marshall,https://www.sports-reference.com/cbb/players/destiny-marshall-1.html,jacksonville,2019-20
11,11,12,2019-12-20,Jacksonville,@,Jacksonville State,REG (Non-Conf),W 55-40,*,29,4,11,.364,1,2,.500,3,9,.333,.409,0,0,,3,2,5,1,1,0,3,2,9,3.5,Destiny Marshall,https://www.sports-reference.com/cbb/players/destiny-marshall-1.html,jacksonville,2019-20
12,12,13,2019-12-29,Jacksonville,@,Mercer,REG (Non-Conf),W 87-83 (OT),*,29,4,18,.222,0,3,.000,4,15,.267,.222,2,2,1.000,5,3,8,4,1,0,4,3,10,2.0,Destiny Marshall,https://www.sports-reference.com/cbb/players/destiny-marshall-1.html,jacksonville,2019-20
13,13,14,2020-01-06,Jacksonville,@,North Alabama,REG (Conf),L 65-76,*,33,11,19,.579,0,2,.000,11,17,.647,.579,3,4,.750,1,3,4,1,1,1,3,3,25,15.5,Destiny Marshall,https://www.sports-reference.com/cbb/players/destiny-marshall-1.html,jacksonville,2019-20
14,14,15,2020-01-11,Jacksonville,@,Liberty,REG (Conf),L 76-85,*,28,8,17,.471,2,5,.400,6,12,.500,.529,6,7,.857,1,3,4,1,2,0,3,5,24,14.2,Destiny Marshall,https://www.sports-reference.com/cbb/players/destiny-marshall-1.html,jacksonville,2019-20
15,15,16,2020-01-13,Jacksonville,,NJIT,REG (Conf),W 88-67,*,19,12,13,.923,1,2,.500,11,11,1.000,.962,3,4,.750,0,2,2,0,1,0,2,3,28,21.7,Destiny Marshall,https://www.sports-reference.com/cbb/players/destiny-marshall-1.html,jacksonville,2019-20
16,16,17,2020-01-18,Jacksonville,,Stetson,REG (Conf),W 57-52,*,37,7,21,.333,1,4,.250,6,17,.353,.357,1,2,.500,4,2,6,1,0,0,6,3,16,0.6,Destiny Marshall,https://www.sports-reference.com/cbb/players/destiny-marshall-1.html,jacksonville,2019-20
17,17,18,2020-01-20,Jacksonville,,North Florida,REG (Conf),L 64-70,*,32,8,19,.421,1,4,.250,7,15,.467,.447,0,0,,5,3,8,1,2,1,2,2,17,11.9,Destiny Marshall,https://www.sports-reference.com/cbb/players/destiny-marshall-1.html,jacksonville,2019-20
18,18,19,2020-01-25,Jacksonville,@,Kennesaw State,REG (Conf),W 93-83,*,27,5,16,.313,0,1,.000,5,15,.333,.313,7,9,.778,3,2,5,0,1,0,3,2,17,6.9,Destiny Marshall,https://www.sports-reference.com/cbb/players/destiny-marshall-1.html,jacksonville,2019-20
19,19,20,2020-01-27,Jacksonville,@,Lipscomb,REG (Conf),W 73-64,*,28,6,13,.462,1,2,.500,5,11,.455,.500,5,6,.833,3,4,7,0,1,0,7,2,18,7.4,Destiny Marshall,https://www.sports-reference.com/cbb/players/destiny-marshall-1.html,jacksonville,2019-20
20,20,21,2020-02-01,Jacksonville,,North Alabama,REG (Conf),W 67-56,*,17,3,10,.300,0,0,,3,10,.300,.300,2,2,1.000,3,0,3,0,0,0,4,3,8,-0.9,Destiny Marshall,https://www.sports-reference.com/cbb/players/destiny-marshall-1.html,jacksonville,2019-20
21,21,22,2020-02-03,Jacksonville,,Florida Gulf Coast,REG (Conf),L 68-81,*,11,0,2,.000,0,0,,0,2,.000,.000,3,4,.750,0,2,2,0,1,0,4,5,3,-3.2,Destiny Marshall,https://www.sports-reference.com/cbb/players/destiny-marshall-1.html,jacksonville,2019-20
22,22,23,2020-02-08,Jacksonville,@,NJIT,REG (Conf),W 66-54,,17,2,6,.333,0,0,,2,6,.333,.333,2,2,1.000,0,4,4,1,1,0,1,4,6,2.9,Destiny Marshall,https://www.sports-reference.com/cbb/players/destiny-marshall-1.html,jacksonville,2019-20
