ranker,player_game_num_career,team_game_num_season,date,team_name_abbr,game_location,opp_name_abbr,game_type,game_result,is_starter,mp,fg,fga,fg_pct,fg3,fg3a,fg3_pct,fg2,fg2a,fg2_pct,efg_pct,ft,fta,ft_pct,orb,drb,trb,ast,stl,blk,tov,pf,pts,game_score,player_name,player_sr_link,school,season
1,1,1,2019-11-05,Jacksonville,@,South Florida,REG (Non-Conf),L 39-70,,7,2,3,.667,1,1,1.000,1,2,.500,.833,0,0,,0,0,0,0,0,0,0,1,5,3.3,Erin Wilson,https://www.sports-reference.com/cbb/players/erin-wilson-1.html,jacksonville,2019-20
2,2,2,2019-11-09,Jacksonville,,Thomas University,REG (Non-Conf),W 94-36,,6,1,1,1.000,0,0,,1,1,1.000,1.000,1,2,.500,0,0,0,0,1,0,1,1,3,1.9,Erin Wilson,https://www.sports-reference.com/cbb/players/erin-wilson-1.html,jacksonville,2019-20
3,3,3,2019-11-13,Jacksonville,@,Florida State,REG (Non-Conf),L 41-75,,2,0,1,.000,0,0,,0,1,.000,.000,0,0,,0,0,0,0,0,0,1,0,0,-1.7,Erin Wilson,https://www.sports-reference.com/cbb/players/erin-wilson-1.html,jacksonville,2019-20
4,4,4,2019-11-16,Jacksonville,,Johnson (FL),REG (Non-Conf),W 114-35,,10,2,2,1.000,1,1,1.000,1,1,1.000,1.250,2,2,1.000,1,2,3,0,0,1,0,0,7,8.4,Erin Wilson,https://www.sports-reference.com/cbb/players/erin-wilson-1.html,jacksonville,2019-20
5,5,5,2019-11-19,Jacksonville,,USC Upstate,REG (Non-Conf),W 87-43,,1,1,1,1.000,0,0,,1,1,1.000,1.000,0,0,,0,1,1,0,0,0,0,1,2,1.6,Erin Wilson,https://www.sports-reference.com/cbb/players/erin-wilson-1.html,jacksonville,2019-20
6,6,6,2019-11-24,Jacksonville,@,Colorado,REG (Non-Conf),L 44-66,,9,1,3,.333,0,1,.000,1,2,.500,.333,0,0,,0,0,0,0,0,0,0,1,2,-0.1,Erin Wilson,https://www.sports-reference.com/cbb/players/erin-wilson-1.html,jacksonville,2019-20
7,7,7,2019-11-29,Jacksonville,,Nicholls State,REG (Non-Conf),W 72-55,,13,2,2,1.000,0,0,,2,2,1.000,1.000,0,0,,3,4,7,0,1,0,1,0,4,6.7,Erin Wilson,https://www.sports-reference.com/cbb/players/erin-wilson-1.html,jacksonville,2019-20
8,8,8,2019-11-30,Jacksonville,,Norfolk State,REG (Non-Conf),L 64-71 (OT),,4,1,2,.500,0,0,,1,2,.500,.500,0,0,,1,0,1,0,0,0,0,0,2,1.7,Erin Wilson,https://www.sports-reference.com/cbb/players/erin-wilson-1.html,jacksonville,2019-20
9,9,9,2019-12-04,Jacksonville,,Bethune-Cookman,REG (Non-Conf),L 52-53,,2,0,1,.000,0,0,,0,1,.000,.000,0,0,,0,0,0,0,0,0,0,1,0,-1.1,Erin Wilson,https://www.sports-reference.com/cbb/players/erin-wilson-1.html,jacksonville,2019-20
10,10,10,2019-12-15,Jacksonville,,Florida International,REG (Non-Conf),W 77-52,,6,0,1,.000,0,0,,0,1,.000,.000,0,0,,0,0,0,0,1,0,0,0,0,0.3,Erin Wilson,https://www.sports-reference.com/cbb/players/erin-wilson-1.html,jacksonville,2019-20
11,11,11,2019-12-17,Jacksonville,@,Florida A&M,REG (Non-Conf),W 88-54,,17,5,8,.625,1,1,1.000,4,7,.571,.688,1,4,.250,2,5,7,1,1,0,4,5,12,5.8,Erin Wilson,https://www.sports-reference.com/cbb/players/erin-wilson-1.html,jacksonville,2019-20
12,12,12,2019-12-20,Jacksonville,@,Jacksonville State,REG (Non-Conf),W 55-40,,20,1,6,.167,0,0,,1,6,.167,.167,1,2,.500,1,5,6,2,1,0,1,1,3,2.0,Erin Wilson,https://www.sports-reference.com/cbb/players/erin-wilson-1.html,jacksonville,2019-20
13,13,13,2019-12-29,Jacksonville,@,Mercer,REG (Non-Conf),W 87-83 (OT),,2,0,0,,0,0,,0,0,,,0,0,,0,0,0,0,0,0,2,1,0,-2.4,Erin Wilson,https://www.sports-reference.com/cbb/players/erin-wilson-1.html,jacksonville,2019-20
14,14,14,2020-01-06,Jacksonville,@,North Alabama,REG (Conf),L 65-76,,0,0,0,,0,0,,0,0,,,0,0,,0,1,1,0,0,0,0,0,0,0.3,Erin Wilson,https://www.sports-reference.com/cbb/players/erin-wilson-1.html,jacksonville,2019-20
15,15,15,2020-01-11,Jacksonville,@,Liberty,REG (Conf),L 76-85,,12,0,4,.000,0,0,,0,4,.000,.000,3,4,.750,1,0,1,1,1,0,2,2,3,-0.6,Erin Wilson,https://www.sports-reference.com/cbb/players/erin-wilson-1.html,jacksonville,2019-20
16,16,16,2020-01-13,Jacksonville,,NJIT,REG (Conf),W 88-67,,10,1,2,.500,0,1,.000,1,1,1.000,.500,0,0,,2,1,3,2,1,0,0,4,2,3.5,Erin Wilson,https://www.sports-reference.com/cbb/players/erin-wilson-1.html,jacksonville,2019-20
17,17,17,2020-01-18,Jacksonville,,Stetson,REG (Conf),W 57-52,,4,0,1,.000,0,0,,0,1,.000,.000,0,0,,0,0,0,1,0,0,0,0,0,0.0,Erin Wilson,https://www.sports-reference.com/cbb/players/erin-wilson-1.html,jacksonville,2019-20
18,18,19,2020-01-25,Jacksonville,@,Kennesaw State,REG (Conf),W 93-83,,6,0,1,.000,0,0,,0,1,.000,.000,0,0,,0,1,1,1,1,0,0,0,0,1.3,Erin Wilson,https://www.sports-reference.com/cbb/players/erin-wilson-1.html,jacksonville,2019-20
19,19,20,2020-01-27,Jacksonville,@,Lipscomb,REG (Conf),W 73-64,,16,2,5,.400,1,1,1.000,1,4,.250,.500,2,2,1.000,1,0,1,1,0,0,0,1,7,5.3,Erin Wilson,https://www.sports-reference.com/cbb/players/erin-wilson-1.html,jacksonville,2019-20
20,20,21,2020-02-01,Jacksonville,,North Alabama,REG (Conf),W 67-56,,20,2,5,.400,0,1,.000,2,4,.500,.400,0,0,,2,1,3,0,3,0,3,2,4,2.2,Erin Wilson,https://www.sports-reference.com/cbb/players/erin-wilson-1.html,jacksonville,2019-20
21,21,22,2020-02-03,Jacksonville,,Florida Gulf Coast,REG (Conf),L 68-81,,29,6,10,.600,0,0,,6,10,.600,.600,2,2,1.000,3,2,5,0,3,0,4,3,14,9.9,Erin Wilson,https://www.sports-reference.com/cbb/players/erin-wilson-1.html,jacksonville,2019-20
22,22,23,2020-02-08,Jacksonville,@,NJIT,REG (Conf),W 66-54,*,13,2,5,.400,0,0,,2,5,.400,.400,1,1,1.000,1,1,2,0,1,0,1,1,5,2.9,Erin Wilson,https://www.sports-reference.com/cbb/players/erin-wilson-1.html,jacksonville,2019-20
23,23,24,2020-02-10,Jacksonville,,Liberty,REG (Conf),L 59-65,,6,0,2,.000,0,1,.000,0,1,.000,.000,2,2,1.000,0,0,0,1,0,0,0,0,2,1.3,Erin Wilson,https://www.sports-reference.com/cbb/players/erin-wilson-1.html,jacksonville,2019-20
24,24,26,2020-02-22,Jacksonville,,Kennesaw State,REG (Conf),W 88-81 (OT),,1,0,0,,0,0,,0,0,,,0,0,,0,0,0,0,0,0,0,2,0,-0.8,Erin Wilson,https://www.sports-reference.com/cbb/players/erin-wilson-1.html,jacksonville,2019-20
25,25,27,2020-02-24,Jacksonville,,Lipscomb,REG (Conf),W 76-53,,12,1,1,1.000,0,0,,1,1,1.000,1.000,0,4,.000,1,3,4,3,0,0,1,0,2,2.8,Erin Wilson,https://www.sports-reference.com/cbb/players/erin-wilson-1.html,jacksonville,2019-20
26,26,28,2020-02-29,Jacksonville,@,Stetson,REG (Conf),W 71-57,,13,2,3,.667,0,0,,2,3,.667,.667,2,3,.667,2,3,5,2,0,0,2,1,6,5.6,Erin Wilson,https://www.sports-reference.com/cbb/players/erin-wilson-1.html,jacksonville,2019-20
27,27,29,2020-03-02,Jacksonville,@,Florida Gulf Coast,REG (Conf),L 64-77,,24,7,13,.538,2,4,.500,5,9,.556,.615,2,2,1.000,3,7,10,0,1,0,2,3,18,13.7,Erin Wilson,https://www.sports-reference.com/cbb/players/erin-wilson-1.html,jacksonville,2019-20
28,28,30,2020-03-07,Jacksonville,,North Florida,CTOURN,L 67-77 (OT),,30,4,12,.333,0,0,,4,12,.333,.333,2,5,.400,5,5,10,0,2,1,2,2,10,6.9,Erin Wilson,https://www.sports-reference.com/cbb/players/erin-wilson-1.html,jacksonville,2019-20
