ranker,player_game_num_career,team_game_num_season,date,team_name_abbr,game_location,opp_name_abbr,game_type,game_result,is_starter,mp,fg,fga,fg_pct,fg3,fg3a,fg3_pct,fg2,fg2a,fg2_pct,efg_pct,ft,fta,ft_pct,orb,drb,trb,ast,stl,blk,tov,pf,pts,game_score,player_name,player_sr_link,school,season
1,1,1,2019-11-05,Jacksonville,@,South Florida,REG (Non-Conf),L 39-70,*,24,2,10,.200,0,3,.000,2,7,.286,.200,1,2,.500,0,1,1,2,2,1,3,5,5,-2.2,Jada Perry,https://www.sports-reference.com/cbb/players/jada-perry-1.html,jacksonville,2019-20
2,2,2,2019-11-09,Jacksonville,,Thomas University,REG (Non-Conf),W 94-36,*,21,8,12,.667,0,0,,8,12,.667,.667,2,2,1.000,5,2,7,1,3,2,2,2,18,19.2,Jada Perry,https://www.sports-reference.com/cbb/players/jada-perry-1.html,jacksonville,2019-20
3,3,3,2019-11-13,Jacksonville,@,Florida State,REG (Non-Conf),L 41-75,*,26,2,9,.222,0,1,.000,2,8,.250,.222,0,0,,2,4,6,0,1,1,0,5,4,0.8,Jada Perry,https://www.sports-reference.com/cbb/players/jada-perry-1.html,jacksonville,2019-20
4,4,4,2019-11-16,Jacksonville,,Johnson (FL),REG (Non-Conf),W 114-35,*,26,4,12,.333,0,1,.000,4,11,.364,.333,4,4,1.000,4,7,11,5,0,2,0,1,12,14.6,Jada Perry,https://www.sports-reference.com/cbb/players/jada-perry-1.html,jacksonville,2019-20
5,5,5,2019-11-19,Jacksonville,,USC Upstate,REG (Non-Conf),W 87-43,*,22,5,12,.417,0,0,,5,12,.417,.417,2,2,1.000,5,2,7,2,4,0,1,0,12,14.1,Jada Perry,https://www.sports-reference.com/cbb/players/jada-perry-1.html,jacksonville,2019-20
6,6,6,2019-11-24,Jacksonville,@,Colorado,REG (Non-Conf),L 44-66,*,31,2,11,.182,1,3,.333,1,8,.125,.227,2,2,1.000,4,5,9,0,1,4,2,3,7,5.0,Jada Perry,https://www.sports-reference.com/cbb/players/jada-perry-1.html,jacksonville,2019-20
7,7,8,2019-11-30,Jacksonville,,Norfolk State,REG (Non-Conf),L 64-71 (OT),,22,1,5,.200,0,0,,1,5,.200,.200,0,0,,1,7,8,0,0,1,4,4,2,-3.2,Jada Perry,https://www.sports-reference.com/cbb/players/jada-perry-1.html,jacksonville,2019-20
8,8,9,2019-12-04,Jacksonville,,Bethune-Cookman,REG (Non-Conf),L 52-53,,24,2,7,.286,0,1,.000,2,6,.333,.286,2,4,.500,4,5,9,0,6,5,7,5,6,5.9,Jada Perry,https://www.sports-reference.com/cbb/players/jada-perry-1.html,jacksonville,2019-20
9,9,10,2019-12-15,Jacksonville,,Florida International,REG (Non-Conf),W 77-52,*,29,2,7,.286,0,0,,2,7,.286,.286,2,2,1.000,2,10,12,3,1,0,0,1,6,9.0,Jada Perry,https://www.sports-reference.com/cbb/players/jada-perry-1.html,jacksonville,2019-20
10,10,11,2019-12-17,Jacksonville,@,Florida A&M,REG (Non-Conf),W 88-54,*,20,0,2,.000,0,0,,0,2,.000,.000,0,4,.000,6,5,11,1,1,0,2,5,0,0.4,Jada Perry,https://www.sports-reference.com/cbb/players/jada-perry-1.html,jacksonville,2019-20
11,11,12,2019-12-20,Jacksonville,@,Jacksonville State,REG (Non-Conf),W 55-40,*,34,4,9,.444,0,0,,4,9,.444,.444,5,6,.833,5,7,12,1,3,2,3,2,13,14.8,Jada Perry,https://www.sports-reference.com/cbb/players/jada-perry-1.html,jacksonville,2019-20
12,12,13,2019-12-29,Jacksonville,@,Mercer,REG (Non-Conf),W 87-83 (OT),*,10,0,4,.000,0,0,,0,4,.000,.000,0,0,,1,0,1,0,0,0,2,0,0,-4.1,Jada Perry,https://www.sports-reference.com/cbb/players/jada-perry-1.html,jacksonville,2019-20
13,13,14,2020-01-06,Jacksonville,@,North Alabama,REG (Conf),L 65-76,,10,1,5,.200,0,1,.000,1,4,.250,.200,0,0,,1,0,1,0,0,2,0,1,2,0.6,Jada Perry,https://www.sports-reference.com/cbb/players/jada-perry-1.html,jacksonville,2019-20
14,14,15,2020-01-11,Jacksonville,@,Liberty,REG (Conf),L 76-85,*,26,3,3,1.000,0,0,,3,3,1.000,1.000,1,2,.500,3,5,8,0,2,5,4,4,7,9.2,Jada Perry,https://www.sports-reference.com/cbb/players/jada-perry-1.html,jacksonville,2019-20
15,15,16,2020-01-13,Jacksonville,,NJIT,REG (Conf),W 88-67,*,12,1,2,.500,0,0,,1,2,.500,.500,2,2,1.000,0,1,1,1,0,0,1,4,4,1.4,Jada Perry,https://www.sports-reference.com/cbb/players/jada-perry-1.html,jacksonville,2019-20
16,16,17,2020-01-18,Jacksonville,,Stetson,REG (Conf),W 57-52,*,18,0,1,.000,0,0,,0,1,.000,.000,0,0,,2,4,6,1,2,1,1,2,0,3.5,Jada Perry,https://www.sports-reference.com/cbb/players/jada-perry-1.html,jacksonville,2019-20
17,17,18,2020-01-20,Jacksonville,,North Florida,REG (Conf),L 64-70,*,25,1,6,.167,0,0,,1,6,.167,.167,2,2,1.000,3,3,6,1,1,3,1,5,4,4.0,Jada Perry,https://www.sports-reference.com/cbb/players/jada-perry-1.html,jacksonville,2019-20
18,18,19,2020-01-25,Jacksonville,@,Kennesaw State,REG (Conf),W 93-83,*,36,5,12,.417,0,2,.000,5,10,.500,.417,3,5,.600,4,6,10,0,2,2,1,3,13,11.6,Jada Perry,https://www.sports-reference.com/cbb/players/jada-perry-1.html,jacksonville,2019-20
19,19,20,2020-01-27,Jacksonville,@,Lipscomb,REG (Conf),W 73-64,*,33,5,11,.455,0,0,,5,11,.455,.455,4,6,.667,2,7,9,1,0,2,0,2,14,12.3,Jada Perry,https://www.sports-reference.com/cbb/players/jada-perry-1.html,jacksonville,2019-20
20,20,21,2020-02-01,Jacksonville,,North Alabama,REG (Conf),W 67-56,*,30,3,11,.273,0,0,,3,11,.273,.273,2,2,1.000,5,7,12,2,1,1,7,4,8,1.6,Jada Perry,https://www.sports-reference.com/cbb/players/jada-perry-1.html,jacksonville,2019-20
21,21,22,2020-02-03,Jacksonville,,Florida Gulf Coast,REG (Conf),L 68-81,*,35,6,17,.353,0,1,.000,6,16,.375,.353,3,5,.600,5,3,8,0,2,2,4,2,15,7.7,Jada Perry,https://www.sports-reference.com/cbb/players/jada-perry-1.html,jacksonville,2019-20
22,22,23,2020-02-08,Jacksonville,@,NJIT,REG (Conf),W 66-54,*,30,1,7,.143,0,0,,1,7,.143,.143,7,10,.700,1,8,9,1,0,1,1,4,9,5.2,Jada Perry,https://www.sports-reference.com/cbb/players/jada-perry-1.html,jacksonville,2019-20
23,23,24,2020-02-10,Jacksonville,,Liberty,REG (Conf),L 59-65,*,25,2,9,.222,0,0,,2,9,.222,.222,0,0,,2,7,9,1,1,1,2,5,4,0.4,Jada Perry,https://www.sports-reference.com/cbb/players/jada-perry-1.html,jacksonville,2019-20
24,24,25,2020-02-17,Jacksonville,@,North Florida,REG (Conf),W 69-60,*,20,3,7,.429,0,0,,3,7,.429,.429,0,0,,3,3,6,0,1,2,2,2,6,4.9,Jada Perry,https://www.sports-reference.com/cbb/players/jada-perry-1.html,jacksonville,2019-20
25,25,26,2020-02-22,Jacksonville,,Kennesaw State,REG (Conf),W 88-81 (OT),,26,3,9,.333,0,0,,3,9,.333,.333,2,2,1.000,3,5,8,2,2,1,1,3,8,8.4,Jada Perry,https://www.sports-reference.com/cbb/players/jada-perry-1.html,jacksonville,2019-20
26,26,27,2020-02-24,Jacksonville,,Lipscomb,REG (Conf),W 76-53,*,14,1,2,.500,0,0,,1,2,.500,.500,0,0,,1,3,4,0,0,1,1,4,2,0.7,Jada Perry,https://www.sports-reference.com/cbb/players/jada-perry-1.html,jacksonville,2019-20
27,27,28,2020-02-29,Jacksonville,@,Stetson,REG (Conf),W 71-57,*,29,7,16,.438,0,0,,7,16,.438,.438,4,4,1.000,7,10,17,0,0,2,2,4,18,15.3,Jada Perry,https://www.sports-reference.com/cbb/players/jada-perry-1.html,jacksonville,2019-20
28,28,29,2020-03-02,Jacksonville,@,Florida Gulf Coast,REG (Conf),L 64-77,*,27,6,9,.667,0,0,,6,9,.667,.667,0,0,,3,3,6,0,1,0,3,3,12,7.9,Jada Perry,https://www.sports-reference.com/cbb/players/jada-perry-1.html,jacksonville,2019-20
29,29,30,2020-03-07,Jacksonville,,North Florida,CTOURN,L 67-77 (OT),*,34,2,8,.250,0,0,,2,8,.250,.250,0,0,,2,5,7,1,3,1,2,5,4,2.5,Jada Perry,https://www.sports-reference.com/cbb/players/jada-perry-1.html,jacksonville,2019-20
