ranker,player_game_num_career,team_game_num_season,date,team_name_abbr,game_location,opp_name_abbr,game_type,game_result,is_starter,mp,fg,fga,fg_pct,fg3,fg3a,fg3_pct,fg2,fg2a,fg2_pct,efg_pct,ft,fta,ft_pct,orb,drb,trb,ast,stl,blk,tov,pf,pts,game_score,player_name,player_sr_link,school,season
1,27,1,2019-11-05,Jacksonville,@,South Florida,REG (Non-Conf),L 39-70,,2,0,0,,0,0,,0,0,,,0,0,,0,0,0,0,0,0,0,0,0,0.0,Johne Stewart,https://www.sports-reference.com/cbb/players/johne-stewart-1.html,jacksonville,2019-20
2,28,2,2019-11-09,Jacksonville,,Thomas University,REG (Non-Conf),W 94-36,,9,3,6,.500,1,3,.333,2,3,.667,.583,1,1,1.000,0,0,0,1,1,1,0,0,8,7.4,Johne Stewart,https://www.sports-reference.com/cbb/players/johne-stewart-1.html,jacksonville,2019-20
3,29,3,2019-11-13,Jacksonville,@,Florida State,REG (Non-Conf),L 41-75,,2,0,1,.000,0,0,,0,1,.000,.000,0,0,,1,0,1,0,0,0,1,1,0,-1.4,Johne Stewart,https://www.sports-reference.com/cbb/players/johne-stewart-1.html,jacksonville,2019-20
4,30,4,2019-11-16,Jacksonville,,Johnson (FL),REG (Non-Conf),W 114-35,,18,4,7,.571,2,3,.667,2,4,.500,.714,0,0,,1,2,3,3,2,0,2,1,10,9.7,Johne Stewart,https://www.sports-reference.com/cbb/players/johne-stewart-1.html,jacksonville,2019-20
5,31,5,2019-11-19,Jacksonville,,USC Upstate,REG (Non-Conf),W 87-43,,13,1,4,.250,1,4,.250,0,0,,.375,0,0,,1,0,1,1,1,0,0,2,3,2.2,Johne Stewart,https://www.sports-reference.com/cbb/players/johne-stewart-1.html,jacksonville,2019-20
6,32,6,2019-11-24,Jacksonville,@,Colorado,REG (Non-Conf),L 44-66,,10,0,0,,0,0,,0,0,,,0,0,,0,1,1,0,0,0,2,1,0,-2.1,Johne Stewart,https://www.sports-reference.com/cbb/players/johne-stewart-1.html,jacksonville,2019-20
7,33,7,2019-11-29,Jacksonville,,Nicholls State,REG (Non-Conf),W 72-55,,15,1,2,.500,0,1,.000,1,1,1.000,.500,0,2,.000,0,3,3,2,3,0,5,1,2,0.1,Johne Stewart,https://www.sports-reference.com/cbb/players/johne-stewart-1.html,jacksonville,2019-20
8,34,8,2019-11-30,Jacksonville,,Norfolk State,REG (Non-Conf),L 64-71 (OT),*,33,1,5,.200,1,2,.500,0,3,.000,.300,0,0,,0,3,3,5,2,1,7,2,3,-0.8,Johne Stewart,https://www.sports-reference.com/cbb/players/johne-stewart-1.html,jacksonville,2019-20
9,35,9,2019-12-04,Jacksonville,,Bethune-Cookman,REG (Non-Conf),L 52-53,*,33,3,5,.600,1,3,.333,2,2,1.000,.700,0,0,,0,4,4,4,0,0,3,3,7,4.5,Johne Stewart,https://www.sports-reference.com/cbb/players/johne-stewart-1.html,jacksonville,2019-20
