ranker,player_game_num_career,team_game_num_season,date,team_name_abbr,game_location,opp_name_abbr,game_type,game_result,is_starter,mp,fg,fga,fg_pct,fg3,fg3a,fg3_pct,fg2,fg2a,fg2_pct,efg_pct,ft,fta,ft_pct,orb,drb,trb,ast,stl,blk,tov,pf,pts,game_score,player_name,player_sr_link,school,season
1,1,1,2019-11-05,Jacksonville,@,South Florida,REG (Non-Conf),L 39-70,,6,0,0,,0,0,,0,0,,,0,0,,0,1,1,0,0,0,2,0,0,-1.7,Kassidy Ingram,https://www.sports-reference.com/cbb/players/kassidy-ingram-1.html,jacksonville,2019-20
2,2,2,2019-11-09,Jacksonville,,Thomas University,REG (Non-Conf),W 94-36,,6,0,1,.000,0,1,.000,0,0,,.000,0,0,,0,2,2,0,0,0,0,1,0,-0.5,Kassidy Ingram,https://www.sports-reference.com/cbb/players/kassidy-ingram-1.html,jacksonville,2019-20
3,3,4,2019-11-16,Jacksonville,,Johnson (FL),REG (Non-Conf),W 114-35,,10,1,1,1.000,0,0,,1,1,1.000,1.000,1,2,.500,0,0,0,0,0,1,1,0,3,2.0,Kassidy Ingram,https://www.sports-reference.com/cbb/players/kassidy-ingram-1.html,jacksonville,2019-20
4,4,5,2019-11-19,Jacksonville,,USC Upstate,REG (Non-Conf),W 87-43,,0,0,0,,0,0,,0,0,,,0,0,,0,0,0,0,0,0,0,0,0,0.0,Kassidy Ingram,https://www.sports-reference.com/cbb/players/kassidy-ingram-1.html,jacksonville,2019-20
5,5,7,2019-11-29,Jacksonville,,Nicholls State,REG (Non-Conf),W 72-55,,3,0,0,,0,0,,0,0,,,2,2,1.000,1,0,1,0,0,0,0,0,2,2.7,Kassidy Ingram,https://www.sports-reference.com/cbb/players/kassidy-ingram-1.html,jacksonville,2019-20
6,6,10,2019-12-15,Jacksonville,,Florida International,REG (Non-Conf),W 77-52,,2,0,1,.000,0,0,,0,1,.000,.000,0,0,,0,0,0,1,0,0,0,0,0,0.0,Kassidy Ingram,https://www.sports-reference.com/cbb/players/kassidy-ingram-1.html,jacksonville,2019-20
7,7,11,2019-12-17,Jacksonville,@,Florida A&M,REG (Non-Conf),W 88-54,,1,0,0,,0,0,,0,0,,,0,0,,0,0,0,0,0,0,0,0,0,0.0,Kassidy Ingram,https://www.sports-reference.com/cbb/players/kassidy-ingram-1.html,jacksonville,2019-20
8,8,19,2020-01-25,Jacksonville,@,Kennesaw State,REG (Conf),W 93-83,,2,0,0,,0,0,,0,0,,,0,0,,0,0,0,1,0,0,0,0,0,0.7,Kassidy Ingram,https://www.sports-reference.com/cbb/players/kassidy-ingram-1.html,jacksonville,2019-20
9,9,20,2020-01-27,Jacksonville,@,Lipscomb,REG (Conf),W 73-64,,3,0,1,.000,0,0,,0,1,.000,.000,0,0,,1,1,2,0,0,0,0,0,0,0.3,Kassidy Ingram,https://www.sports-reference.com/cbb/players/kassidy-ingram-1.html,jacksonville,2019-20
10,10,24,2020-02-10,Jacksonville,,Liberty,REG (Conf),L 59-65,,4,0,0,,0,0,,0,0,,,0,0,,0,1,1,0,0,0,0,0,0,0.3,Kassidy Ingram,https://www.sports-reference.com/cbb/players/kassidy-ingram-1.html,jacksonville,2019-20
