ranker,player_game_num_career,team_game_num_season,date,team_name_abbr,game_location,opp_name_abbr,game_type,game_result,is_starter,mp,fg,fga,fg_pct,fg3,fg3a,fg3_pct,fg2,fg2a,fg2_pct,efg_pct,ft,fta,ft_pct,orb,drb,trb,ast,stl,blk,tov,pf,pts,game_score,player_name,player_sr_link,school,season
1,31,1,2019-11-05,Jacksonville,@,South Florida,REG (Non-Conf),L 39-70,,25,2,10,.200,0,3,.000,2,7,.286,.200,2,4,.500,1,3,4,2,2,0,0,1,6,3.6,Kiara Meeks,https://www.sports-reference.com/cbb/players/kiara-meeks-1.html,jacksonville,2019-20
2,32,2,2019-11-09,Jacksonville,,Thomas University,REG (Non-Conf),W 94-36,*,28,3,4,.750,0,0,,3,4,.750,.750,2,7,.286,2,3,5,3,4,0,5,2,8,7.0,Kiara Meeks,https://www.sports-reference.com/cbb/players/kiara-meeks-1.html,jacksonville,2019-20
3,33,3,2019-11-13,Jacksonville,@,Florida State,REG (Non-Conf),L 41-75,*,35,2,4,.500,1,2,.500,1,2,.500,.625,0,1,.000,0,0,0,3,0,0,3,4,5,0.1,Kiara Meeks,https://www.sports-reference.com/cbb/players/kiara-meeks-1.html,jacksonville,2019-20
4,34,5,2019-11-19,Jacksonville,,USC Upstate,REG (Non-Conf),W 87-43,,10,0,2,.000,0,0,,0,2,.000,.000,0,0,,1,0,1,1,0,0,1,2,0,-1.8,Kiara Meeks,https://www.sports-reference.com/cbb/players/kiara-meeks-1.html,jacksonville,2019-20
5,35,6,2019-11-24,Jacksonville,@,Colorado,REG (Non-Conf),L 44-66,,10,0,0,,0,0,,0,0,,,0,0,,1,0,1,1,0,0,3,1,0,-2.0,Kiara Meeks,https://www.sports-reference.com/cbb/players/kiara-meeks-1.html,jacksonville,2019-20
6,36,7,2019-11-29,Jacksonville,,Nicholls State,REG (Non-Conf),W 72-55,*,17,3,5,.600,0,1,.000,3,4,.750,.600,4,5,.800,1,2,3,3,2,0,5,4,10,6.1,Kiara Meeks,https://www.sports-reference.com/cbb/players/kiara-meeks-1.html,jacksonville,2019-20
7,37,8,2019-11-30,Jacksonville,,Norfolk State,REG (Non-Conf),L 64-71 (OT),*,17,3,5,.600,1,1,1.000,2,4,.500,.700,0,0,,1,3,4,2,0,0,4,0,7,3.7,Kiara Meeks,https://www.sports-reference.com/cbb/players/kiara-meeks-1.html,jacksonville,2019-20
8,38,9,2019-12-04,Jacksonville,,Bethune-Cookman,REG (Non-Conf),L 52-53,,6,0,0,,0,0,,0,0,,,0,0,,0,1,1,2,0,0,4,1,0,-2.7,Kiara Meeks,https://www.sports-reference.com/cbb/players/kiara-meeks-1.html,jacksonville,2019-20
9,39,10,2019-12-15,Jacksonville,,Florida International,REG (Non-Conf),W 77-52,*,31,2,5,.400,0,2,.000,2,3,.667,.400,0,0,,1,1,2,9,5,0,4,5,4,7.6,Kiara Meeks,https://www.sports-reference.com/cbb/players/kiara-meeks-1.html,jacksonville,2019-20
10,40,11,2019-12-17,Jacksonville,@,Florida A&M,REG (Non-Conf),W 88-54,*,30,1,3,.333,0,1,.000,1,2,.500,.333,6,11,.545,2,6,8,2,2,0,3,3,8,6.7,Kiara Meeks,https://www.sports-reference.com/cbb/players/kiara-meeks-1.html,jacksonville,2019-20
11,41,12,2019-12-20,Jacksonville,@,Jacksonville State,REG (Non-Conf),W 55-40,*,26,4,10,.400,0,2,.000,4,8,.500,.400,0,3,.000,0,1,1,2,4,0,0,4,8,5.5,Kiara Meeks,https://www.sports-reference.com/cbb/players/kiara-meeks-1.html,jacksonville,2019-20
12,42,13,2019-12-29,Jacksonville,@,Mercer,REG (Non-Conf),W 87-83 (OT),*,34,3,9,.333,2,5,.400,1,4,.250,.444,5,6,.833,1,3,4,5,1,0,3,4,13,9.0,Kiara Meeks,https://www.sports-reference.com/cbb/players/kiara-meeks-1.html,jacksonville,2019-20
13,43,14,2020-01-06,Jacksonville,@,North Alabama,REG (Conf),L 65-76,*,27,4,10,.400,4,6,.667,0,4,.000,.600,0,0,,1,2,3,0,3,0,4,4,12,5.3,Kiara Meeks,https://www.sports-reference.com/cbb/players/kiara-meeks-1.html,jacksonville,2019-20
14,44,15,2020-01-11,Jacksonville,@,Liberty,REG (Conf),L 76-85,*,38,3,13,.231,2,9,.222,1,4,.250,.308,0,0,,1,4,5,6,1,0,1,3,8,5.0,Kiara Meeks,https://www.sports-reference.com/cbb/players/kiara-meeks-1.html,jacksonville,2019-20
15,45,16,2020-01-13,Jacksonville,,NJIT,REG (Conf),W 88-67,*,36,6,10,.600,2,3,.667,4,7,.571,.700,2,4,.500,1,3,4,7,3,0,3,1,16,16.7,Kiara Meeks,https://www.sports-reference.com/cbb/players/kiara-meeks-1.html,jacksonville,2019-20
16,46,17,2020-01-18,Jacksonville,,Stetson,REG (Conf),W 57-52,*,31,2,5,.400,2,3,.667,0,2,.000,.600,3,4,.750,1,3,4,6,1,0,3,0,9,9.7,Kiara Meeks,https://www.sports-reference.com/cbb/players/kiara-meeks-1.html,jacksonville,2019-20
17,47,18,2020-01-20,Jacksonville,,North Florida,REG (Conf),L 64-70,*,40,3,8,.375,1,4,.250,2,4,.500,.438,2,2,1.000,2,6,8,3,1,0,2,2,9,8.1,Kiara Meeks,https://www.sports-reference.com/cbb/players/kiara-meeks-1.html,jacksonville,2019-20
18,48,19,2020-01-25,Jacksonville,@,Kennesaw State,REG (Conf),W 93-83,,6,1,1,1.000,1,1,1.000,0,0,,1.500,0,0,,0,0,0,1,0,0,2,1,3,1.0,Kiara Meeks,https://www.sports-reference.com/cbb/players/kiara-meeks-1.html,jacksonville,2019-20
19,49,20,2020-01-27,Jacksonville,@,Lipscomb,REG (Conf),W 73-64,,30,4,8,.500,2,6,.333,2,2,1.000,.625,6,8,.750,0,7,7,4,3,1,4,5,16,13.8,Kiara Meeks,https://www.sports-reference.com/cbb/players/kiara-meeks-1.html,jacksonville,2019-20
20,50,21,2020-02-01,Jacksonville,,North Alabama,REG (Conf),W 67-56,*,35,7,12,.583,1,2,.500,6,10,.600,.625,2,2,1.000,0,5,5,3,2,0,4,3,17,11.8,Kiara Meeks,https://www.sports-reference.com/cbb/players/kiara-meeks-1.html,jacksonville,2019-20
21,51,22,2020-02-03,Jacksonville,,Florida Gulf Coast,REG (Conf),L 68-81,*,21,6,12,.500,1,3,.333,5,9,.556,.542,0,1,.000,2,5,7,0,0,0,4,4,13,3.9,Kiara Meeks,https://www.sports-reference.com/cbb/players/kiara-meeks-1.html,jacksonville,2019-20
22,52,23,2020-02-08,Jacksonville,@,NJIT,REG (Conf),W 66-54,*,35,4,9,.444,3,5,.600,1,4,.250,.611,2,4,.500,2,6,8,2,0,0,2,1,13,9.7,Kiara Meeks,https://www.sports-reference.com/cbb/players/kiara-meeks-1.html,jacksonville,2019-20
23,53,24,2020-02-10,Jacksonville,,Liberty,REG (Conf),L 59-65,*,30,1,5,.200,0,2,.000,1,3,.333,.200,6,8,.750,0,3,3,2,1,0,3,4,8,2.8,Kiara Meeks,https://www.sports-reference.com/cbb/players/kiara-meeks-1.html,jacksonville,2019-20
24,54,25,2020-02-17,Jacksonville,@,North Florida,REG (Conf),W 69-60,*,37,4,8,.500,1,3,.333,3,5,.600,.563,3,4,.750,1,4,5,5,0,0,4,2,12,8.2,Kiara Meeks,https://www.sports-reference.com/cbb/players/kiara-meeks-1.html,jacksonville,2019-20
25,55,26,2020-02-22,Jacksonville,,Kennesaw State,REG (Conf),W 88-81 (OT),*,3,0,1,.000,0,1,.000,0,0,,.000,0,0,,0,0,0,0,0,0,1,1,0,-2.1,Kiara Meeks,https://www.sports-reference.com/cbb/players/kiara-meeks-1.html,jacksonville,2019-20
26,56,27,2020-02-24,Jacksonville,,Lipscomb,REG (Conf),W 76-53,,35,3,6,.500,1,2,.500,2,4,.500,.583,0,0,,2,7,9,3,1,0,3,3,7,6.4,Kiara Meeks,https://www.sports-reference.com/cbb/players/kiara-meeks-1.html,jacksonville,2019-20
27,57,28,2020-02-29,Jacksonville,@,Stetson,REG (Conf),W 71-57,*,29,3,8,.375,1,3,.333,2,5,.400,.438,7,8,.875,2,3,5,2,0,0,3,3,14,8.7,Kiara Meeks,https://www.sports-reference.com/cbb/players/kiara-meeks-1.html,jacksonville,2019-20
28,58,29,2020-03-02,Jacksonville,@,Florida Gulf Coast,REG (Conf),L 64-77,*,30,2,6,.333,0,2,.000,2,4,.500,.333,5,7,.714,0,3,3,2,1,0,8,2,9,-0.7,Kiara Meeks,https://www.sports-reference.com/cbb/players/kiara-meeks-1.html,jacksonville,2019-20
29,59,30,2020-03-07,Jacksonville,,North Florida,CTOURN,L 67-77 (OT),*,38,3,16,.188,0,3,.000,3,13,.231,.188,6,10,.600,1,3,4,6,1,0,6,4,12,-0.4,Kiara Meeks,https://www.sports-reference.com/cbb/players/kiara-meeks-1.html,jacksonville,2019-20
