ranker,player_game_num_career,team_game_num_season,date,team_name_abbr,game_location,opp_name_abbr,game_type,game_result,is_starter,mp,fg,fga,fg_pct,fg3,fg3a,fg3_pct,fg2,fg2a,fg2_pct,efg_pct,ft,fta,ft_pct,orb,drb,trb,ast,stl,blk,tov,pf,pts,game_score,player_name,player_sr_link,school,season
1,31,1,2019-11-05,Jacksonville,@,South Florida,REG (Non-Conf),L 39-70,,19,0,2,.000,0,2,.000,0,0,,.000,0,0,,0,3,3,2,2,0,0,0,0,2.9,Mariah Batz,https://www.sports-reference.com/cbb/players/mariah-batz-1.html,jacksonville,2019-20
2,32,2,2019-11-09,Jacksonville,,Thomas University,REG (Non-Conf),W 94-36,,19,0,2,.000,0,1,.000,0,1,.000,.000,0,0,,0,0,0,4,2,0,0,0,0,3.4,Mariah Batz,https://www.sports-reference.com/cbb/players/mariah-batz-1.html,jacksonville,2019-20
3,33,3,2019-11-13,Jacksonville,@,Florida State,REG (Non-Conf),L 41-75,,3,0,1,.000,0,1,.000,0,0,,.000,0,0,,0,0,0,0,0,0,2,0,0,-2.7,Mariah Batz,https://www.sports-reference.com/cbb/players/mariah-batz-1.html,jacksonville,2019-20
4,34,4,2019-11-16,Jacksonville,,Johnson (FL),REG (Non-Conf),W 114-35,,17,6,13,.462,4,11,.364,2,2,1.000,.615,2,2,1.000,3,1,4,4,1,0,2,2,18,14.7,Mariah Batz,https://www.sports-reference.com/cbb/players/mariah-batz-1.html,jacksonville,2019-20
5,35,5,2019-11-19,Jacksonville,,USC Upstate,REG (Non-Conf),W 87-43,,26,3,8,.375,2,6,.333,1,2,.500,.500,0,0,,2,1,3,4,2,0,2,0,8,8.1,Mariah Batz,https://www.sports-reference.com/cbb/players/mariah-batz-1.html,jacksonville,2019-20
6,36,6,2019-11-24,Jacksonville,@,Colorado,REG (Non-Conf),L 44-66,,7,0,0,,0,0,,0,0,,,0,0,,0,0,0,0,0,0,2,0,0,-2.0,Mariah Batz,https://www.sports-reference.com/cbb/players/mariah-batz-1.html,jacksonville,2019-20
7,37,7,2019-11-29,Jacksonville,,Nicholls State,REG (Non-Conf),W 72-55,*,39,2,8,.250,1,6,.167,1,2,.500,.313,0,0,,1,5,6,1,1,0,2,5,5,0.1,Mariah Batz,https://www.sports-reference.com/cbb/players/mariah-batz-1.html,jacksonville,2019-20
8,38,8,2019-11-30,Jacksonville,,Norfolk State,REG (Non-Conf),L 64-71 (OT),,12,2,2,1.000,2,2,1.000,0,0,,1.500,0,0,,0,0,0,0,0,0,0,1,6,5.0,Mariah Batz,https://www.sports-reference.com/cbb/players/mariah-batz-1.html,jacksonville,2019-20
9,39,9,2019-12-04,Jacksonville,,Bethune-Cookman,REG (Non-Conf),L 52-53,*,24,3,7,.429,1,5,.200,2,2,1.000,.500,0,0,,1,2,3,2,2,0,1,0,7,7.0,Mariah Batz,https://www.sports-reference.com/cbb/players/mariah-batz-1.html,jacksonville,2019-20
10,40,10,2019-12-15,Jacksonville,,Florida International,REG (Non-Conf),W 77-52,,16,2,5,.400,1,4,.250,1,1,1.000,.500,0,0,,1,4,5,0,0,0,1,0,5,3.2,Mariah Batz,https://www.sports-reference.com/cbb/players/mariah-batz-1.html,jacksonville,2019-20
11,41,11,2019-12-17,Jacksonville,@,Florida A&M,REG (Non-Conf),W 88-54,,24,3,9,.333,3,7,.429,0,2,.000,.500,0,0,,1,2,3,1,1,0,0,1,9,6.5,Mariah Batz,https://www.sports-reference.com/cbb/players/mariah-batz-1.html,jacksonville,2019-20
12,42,12,2019-12-20,Jacksonville,@,Jacksonville State,REG (Non-Conf),W 55-40,,11,1,3,.333,0,2,.000,1,1,1.000,.333,0,0,,0,1,1,0,1,0,1,0,2,0.6,Mariah Batz,https://www.sports-reference.com/cbb/players/mariah-batz-1.html,jacksonville,2019-20
13,43,13,2019-12-29,Jacksonville,@,Mercer,REG (Non-Conf),W 87-83 (OT),,6,0,0,,0,0,,0,0,,,0,0,,0,1,1,0,0,0,0,0,0,0.3,Mariah Batz,https://www.sports-reference.com/cbb/players/mariah-batz-1.html,jacksonville,2019-20
14,44,14,2020-01-06,Jacksonville,@,North Alabama,REG (Conf),L 65-76,,6,0,3,.000,0,2,.000,0,1,.000,.000,0,0,,1,2,3,1,0,0,0,0,0,-0.1,Mariah Batz,https://www.sports-reference.com/cbb/players/mariah-batz-1.html,jacksonville,2019-20
15,45,15,2020-01-11,Jacksonville,@,Liberty,REG (Conf),L 76-85,,2,0,0,,0,0,,0,0,,,0,0,,0,0,0,0,0,0,0,1,0,-0.4,Mariah Batz,https://www.sports-reference.com/cbb/players/mariah-batz-1.html,jacksonville,2019-20
16,46,16,2020-01-13,Jacksonville,,NJIT,REG (Conf),W 88-67,,10,1,4,.250,0,3,.000,1,1,1.000,.250,0,0,,0,0,0,1,0,0,0,0,2,0.3,Mariah Batz,https://www.sports-reference.com/cbb/players/mariah-batz-1.html,jacksonville,2019-20
17,47,17,2020-01-18,Jacksonville,,Stetson,REG (Conf),W 57-52,,8,0,3,.000,0,3,.000,0,0,,.000,0,0,,0,0,0,1,1,0,0,0,0,-0.4,Mariah Batz,https://www.sports-reference.com/cbb/players/mariah-batz-1.html,jacksonville,2019-20
18,48,18,2020-01-20,Jacksonville,,North Florida,REG (Conf),L 64-70,,5,0,1,.000,0,1,.000,0,0,,.000,0,0,,0,0,0,0,0,0,0,1,0,-1.1,Mariah Batz,https://www.sports-reference.com/cbb/players/mariah-batz-1.html,jacksonville,2019-20
19,49,19,2020-01-25,Jacksonville,@,Kennesaw State,REG (Conf),W 93-83,,26,4,5,.800,4,4,1.000,0,1,.000,1.200,2,4,.500,0,0,0,0,2,1,1,3,14,11.8,Mariah Batz,https://www.sports-reference.com/cbb/players/mariah-batz-1.html,jacksonville,2019-20
20,50,20,2020-01-27,Jacksonville,@,Lipscomb,REG (Conf),W 73-64,,17,0,4,.000,0,4,.000,0,0,,.000,0,0,,0,0,0,1,1,0,3,3,0,-5.3,Mariah Batz,https://www.sports-reference.com/cbb/players/mariah-batz-1.html,jacksonville,2019-20
21,51,21,2020-02-01,Jacksonville,,North Alabama,REG (Conf),W 67-56,,10,0,2,.000,0,2,.000,0,0,,.000,0,0,,0,0,0,1,0,0,0,4,0,-2.3,Mariah Batz,https://www.sports-reference.com/cbb/players/mariah-batz-1.html,jacksonville,2019-20
22,52,22,2020-02-03,Jacksonville,,Florida Gulf Coast,REG (Conf),L 68-81,,13,0,1,.000,0,0,,0,1,.000,.000,1,2,.500,0,3,3,0,0,1,1,0,1,0.5,Mariah Batz,https://www.sports-reference.com/cbb/players/mariah-batz-1.html,jacksonville,2019-20
23,53,23,2020-02-08,Jacksonville,@,NJIT,REG (Conf),W 66-54,,24,4,7,.571,2,5,.400,2,2,1.000,.714,1,1,1.000,0,0,0,0,0,0,1,1,11,6.3,Mariah Batz,https://www.sports-reference.com/cbb/players/mariah-batz-1.html,jacksonville,2019-20
24,54,24,2020-02-10,Jacksonville,,Liberty,REG (Conf),L 59-65,,29,3,8,.375,3,7,.429,0,1,.000,.563,0,0,,2,3,5,0,3,0,2,4,9,6.3,Mariah Batz,https://www.sports-reference.com/cbb/players/mariah-batz-1.html,jacksonville,2019-20
25,55,25,2020-02-17,Jacksonville,@,North Florida,REG (Conf),W 69-60,*,27,3,8,.375,1,5,.200,2,3,.667,.438,1,1,1.000,2,4,6,0,0,0,1,1,8,4.8,Mariah Batz,https://www.sports-reference.com/cbb/players/mariah-batz-1.html,jacksonville,2019-20
26,56,26,2020-02-22,Jacksonville,,Kennesaw State,REG (Conf),W 88-81 (OT),*,39,1,8,.125,0,6,.000,1,2,.500,.125,0,0,,1,2,3,5,0,0,1,2,2,-0.2,Mariah Batz,https://www.sports-reference.com/cbb/players/mariah-batz-1.html,jacksonville,2019-20
27,57,27,2020-02-24,Jacksonville,,Lipscomb,REG (Conf),W 76-53,*,37,6,14,.429,5,12,.417,1,2,.500,.607,0,0,,0,2,2,1,0,1,2,2,17,8.8,Mariah Batz,https://www.sports-reference.com/cbb/players/mariah-batz-1.html,jacksonville,2019-20
28,58,28,2020-02-29,Jacksonville,@,Stetson,REG (Conf),W 71-57,*,26,0,5,.000,0,4,.000,0,1,.000,.000,0,2,.000,1,0,1,1,0,0,0,1,0,-3.3,Mariah Batz,https://www.sports-reference.com/cbb/players/mariah-batz-1.html,jacksonville,2019-20
29,59,29,2020-03-02,Jacksonville,@,Florida Gulf Coast,REG (Conf),L 64-77,*,25,1,2,.500,1,2,.500,0,0,,.750,2,3,.667,0,1,1,2,0,0,2,1,5,2.9,Mariah Batz,https://www.sports-reference.com/cbb/players/mariah-batz-1.html,jacksonville,2019-20
30,60,30,2020-03-07,Jacksonville,,North Florida,CTOURN,L 67-77 (OT),*,35,4,13,.308,4,10,.400,0,3,.000,.462,0,0,,1,1,2,0,0,0,1,0,12,4.5,Mariah Batz,https://www.sports-reference.com/cbb/players/mariah-batz-1.html,jacksonville,2019-20
