ranker,player_game_num_career,team_game_num_season,date,team_name_abbr,game_location,opp_name_abbr,game_type,game_result,is_starter,mp,fg,fga,fg_pct,fg3,fg3a,fg3_pct,fg2,fg2a,fg2_pct,efg_pct,ft,fta,ft_pct,orb,drb,trb,ast,stl,blk,tov,pf,pts,game_score,player_name,player_sr_link,school,season
1,1,1,2019-11-05,Jacksonville,@,South Florida,REG (Non-Conf),L 39-70,,13,0,1,.000,0,0,,0,1,.000,.000,0,0,,0,3,3,1,1,0,1,5,0,-1.1,Shekinah Rachel,https://www.sports-reference.com/cbb/players/shekinah-rachel-1.html,jacksonville,2019-20
2,2,2,2019-11-09,Jacksonville,,Thomas University,REG (Non-Conf),W 94-36,,5,1,2,.500,0,0,,1,2,.500,.500,0,0,,1,0,1,0,2,0,2,2,2,0.9,Shekinah Rachel,https://www.sports-reference.com/cbb/players/shekinah-rachel-1.html,jacksonville,2019-20
3,3,3,2019-11-13,Jacksonville,@,Florida State,REG (Non-Conf),L 41-75,,13,0,0,,0,0,,0,0,,,0,0,,0,1,1,1,1,0,1,0,0,1.0,Shekinah Rachel,https://www.sports-reference.com/cbb/players/shekinah-rachel-1.html,jacksonville,2019-20
4,4,5,2019-11-19,Jacksonville,,USC Upstate,REG (Non-Conf),W 87-43,,17,3,4,.750,0,0,,3,4,.750,.750,0,0,,2,4,6,0,1,1,1,2,6,6.9,Shekinah Rachel,https://www.sports-reference.com/cbb/players/shekinah-rachel-1.html,jacksonville,2019-20
5,5,6,2019-11-24,Jacksonville,@,Colorado,REG (Non-Conf),L 44-66,,18,0,3,.000,0,0,,0,3,.000,.000,0,0,,2,4,6,0,2,1,5,4,0,-3.4,Shekinah Rachel,https://www.sports-reference.com/cbb/players/shekinah-rachel-1.html,jacksonville,2019-20
6,6,10,2019-12-15,Jacksonville,,Florida International,REG (Non-Conf),W 77-52,,10,3,4,.750,0,0,,3,4,.750,.750,0,1,.000,2,1,3,0,0,0,0,2,6,4.9,Shekinah Rachel,https://www.sports-reference.com/cbb/players/shekinah-rachel-1.html,jacksonville,2019-20
7,7,11,2019-12-17,Jacksonville,@,Florida A&M,REG (Non-Conf),W 88-54,,10,2,2,1.000,0,0,,2,2,1.000,1.000,0,0,,1,3,4,0,1,0,2,3,4,2.8,Shekinah Rachel,https://www.sports-reference.com/cbb/players/shekinah-rachel-1.html,jacksonville,2019-20
8,8,12,2019-12-20,Jacksonville,@,Jacksonville State,REG (Non-Conf),W 55-40,,5,1,1,1.000,0,0,,1,1,1.000,1.000,0,0,,1,1,2,0,0,0,1,2,2,0.9,Shekinah Rachel,https://www.sports-reference.com/cbb/players/shekinah-rachel-1.html,jacksonville,2019-20
9,9,14,2020-01-06,Jacksonville,@,North Alabama,REG (Conf),L 65-76,,3,0,0,,0,0,,0,0,,,0,0,,0,1,1,0,0,0,0,0,0,0.3,Shekinah Rachel,https://www.sports-reference.com/cbb/players/shekinah-rachel-1.html,jacksonville,2019-20
10,10,15,2020-01-11,Jacksonville,@,Liberty,REG (Conf),L 76-85,,5,2,2,1.000,0,0,,2,2,1.000,1.000,1,1,1.000,1,0,1,0,1,0,0,1,5,5.7,Shekinah Rachel,https://www.sports-reference.com/cbb/players/shekinah-rachel-1.html,jacksonville,2019-20
11,11,16,2020-01-13,Jacksonville,,NJIT,REG (Conf),W 88-67,,10,1,1,1.000,0,0,,1,1,1.000,1.000,0,0,,0,1,1,0,1,0,0,1,2,2.6,Shekinah Rachel,https://www.sports-reference.com/cbb/players/shekinah-rachel-1.html,jacksonville,2019-20
12,12,17,2020-01-18,Jacksonville,,Stetson,REG (Conf),W 57-52,,12,1,4,.250,0,0,,1,4,.250,.250,0,0,,2,1,3,0,0,0,1,2,2,-0.5,Shekinah Rachel,https://www.sports-reference.com/cbb/players/shekinah-rachel-1.html,jacksonville,2019-20
13,13,18,2020-01-20,Jacksonville,,North Florida,REG (Conf),L 64-70,,2,0,0,,0,0,,0,0,,,0,0,,0,0,0,0,0,0,0,1,0,-0.4,Shekinah Rachel,https://www.sports-reference.com/cbb/players/shekinah-rachel-1.html,jacksonville,2019-20
14,14,19,2020-01-25,Jacksonville,@,Kennesaw State,REG (Conf),W 93-83,,8,1,3,.333,0,0,,1,3,.333,.333,1,2,.500,3,1,4,1,0,0,2,3,3,0.8,Shekinah Rachel,https://www.sports-reference.com/cbb/players/shekinah-rachel-1.html,jacksonville,2019-20
15,15,20,2020-01-27,Jacksonville,@,Lipscomb,REG (Conf),W 73-64,,4,1,1,1.000,0,0,,1,1,1.000,1.000,0,0,,0,2,2,0,0,0,0,1,2,1.9,Shekinah Rachel,https://www.sports-reference.com/cbb/players/shekinah-rachel-1.html,jacksonville,2019-20
16,16,21,2020-02-01,Jacksonville,,North Alabama,REG (Conf),W 67-56,,10,1,2,.500,0,0,,1,2,.500,.500,0,0,,3,3,6,1,0,0,2,1,2,2.3,Shekinah Rachel,https://www.sports-reference.com/cbb/players/shekinah-rachel-1.html,jacksonville,2019-20
17,17,22,2020-02-03,Jacksonville,,Florida Gulf Coast,REG (Conf),L 68-81,,2,0,0,,0,0,,0,0,,,0,0,,0,0,0,0,0,0,2,0,0,-2.0,Shekinah Rachel,https://www.sports-reference.com/cbb/players/shekinah-rachel-1.html,jacksonville,2019-20
18,18,23,2020-02-08,Jacksonville,@,NJIT,REG (Conf),W 66-54,,10,0,0,,0,0,,0,0,,,1,2,.500,1,3,4,0,0,0,0,1,1,1.8,Shekinah Rachel,https://www.sports-reference.com/cbb/players/shekinah-rachel-1.html,jacksonville,2019-20
19,19,24,2020-02-10,Jacksonville,,Liberty,REG (Conf),L 59-65,,13,2,4,.500,0,0,,2,4,.500,.500,1,3,.333,1,2,3,0,2,2,2,5,5,2.9,Shekinah Rachel,https://www.sports-reference.com/cbb/players/shekinah-rachel-1.html,jacksonville,2019-20
20,20,25,2020-02-17,Jacksonville,@,North Florida,REG (Conf),W 69-60,,9,1,2,.500,0,0,,1,2,.500,.500,0,0,,0,0,0,0,0,0,0,0,2,1.0,Shekinah Rachel,https://www.sports-reference.com/cbb/players/shekinah-rachel-1.html,jacksonville,2019-20
21,21,26,2020-02-22,Jacksonville,,Kennesaw State,REG (Conf),W 88-81 (OT),,20,2,4,.500,0,0,,2,4,.500,.500,1,2,.500,5,2,7,0,2,1,2,1,5,7.0,Shekinah Rachel,https://www.sports-reference.com/cbb/players/shekinah-rachel-1.html,jacksonville,2019-20
22,22,27,2020-02-24,Jacksonville,,Lipscomb,REG (Conf),W 76-53,,11,1,1,1.000,0,0,,1,1,1.000,1.000,0,0,,2,1,3,0,0,1,1,3,2,1.9,Shekinah Rachel,https://www.sports-reference.com/cbb/players/shekinah-rachel-1.html,jacksonville,2019-20
23,23,28,2020-02-29,Jacksonville,@,Stetson,REG (Conf),W 71-57,,8,1,3,.333,0,0,,1,3,.333,.333,0,0,,1,1,2,0,0,0,1,2,2,-0.5,Shekinah Rachel,https://www.sports-reference.com/cbb/players/shekinah-rachel-1.html,jacksonville,2019-20
24,24,29,2020-03-02,Jacksonville,@,Florida Gulf Coast,REG (Conf),L 64-77,,13,2,2,1.000,1,1,1.000,1,1,1.000,1.250,0,2,.000,3,2,5,0,0,0,1,3,5,4.1,Shekinah Rachel,https://www.sports-reference.com/cbb/players/shekinah-rachel-1.html,jacksonville,2019-20
25,25,30,2020-03-07,Jacksonville,,North Florida,CTOURN,L 67-77 (OT),*,13,0,1,.000,0,0,,0,1,.000,.000,0,0,,2,3,5,0,1,0,2,1,0,0.2,Shekinah Rachel,https://www.sports-reference.com/cbb/players/shekinah-rachel-1.html,jacksonville,2019-20
