ranker,player_game_num_career,team_game_num_season,date,team_name_abbr,game_location,opp_name_abbr,game_type,game_result,is_starter,mp,fg,fga,fg_pct,fg3,fg3a,fg2,fg2a,fg2_pct,efg_pct,ft,fta,ft_pct,orb,drb,trb,ast,stl,blk,tov,pf,pts,game_score,player_name,player_sr_link,school,season
1,1,2,2019-11-09,Jacksonville,,Thomas University,REG (Non-Conf),W 94-36,,6,1,2,.500,0,0,1,2,.500,.500,0,0,,0,2,2,1,0,0,0,1,2,1.9,Suzan Morshed,https://www.sports-reference.com/cbb/players/suzan-morshed-1.html,jacksonville,2019-20
2,2,4,2019-11-16,Jacksonville,,Johnson (FL),REG (Non-Conf),W 114-35,,8,4,5,.800,0,0,4,5,.800,.800,2,2,1.000,0,3,3,0,2,0,0,0,10,11.0,Suzan Morshed,https://www.sports-reference.com/cbb/players/suzan-morshed-1.html,jacksonville,2019-20
3,3,7,2019-11-29,Jacksonville,,Nicholls State,REG (Non-Conf),W 72-55,,2,0,0,,0,0,0,0,,,0,0,,0,0,0,0,0,0,1,0,0,-1.0,Suzan Morshed,https://www.sports-reference.com/cbb/players/suzan-morshed-1.html,jacksonville,2019-20
4,4,10,2019-12-15,Jacksonville,,Florida International,REG (Non-Conf),W 77-52,,2,0,4,.000,0,0,0,4,.000,.000,0,2,.000,1,0,1,0,0,0,0,0,0,-2.9,Suzan Morshed,https://www.sports-reference.com/cbb/players/suzan-morshed-1.html,jacksonville,2019-20
5,5,11,2019-12-17,Jacksonville,@,Florida A&M,REG (Non-Conf),W 88-54,,3,0,0,,0,0,0,0,,,0,0,,0,0,0,0,0,0,0,0,0,0.0,Suzan Morshed,https://www.sports-reference.com/cbb/players/suzan-morshed-1.html,jacksonville,2019-20
