ranker,player_game_num_career,team_game_num_season,date,team_name_abbr,game_location,opp_name_abbr,game_type,game_result,is_starter,mp,fg,fga,fg_pct,fg3,fg3a,fg2,fg2a,fg2_pct,efg_pct,ft,fta,ft_pct,orb,drb,trb,ast,stl,blk,tov,pf,pts,game_score,player_name,player_sr_link,school,season
1,1,1,2019-11-05,Jacksonville,@,South Florida,REG (Non-Conf),L 39-70,,9,1,1,1.000,0,0,1,1,1.000,1.000,0,0,,1,0,1,1,0,0,1,1,2,1.7,Tamia Stallings,https://www.sports-reference.com/cbb/players/tamia-stallings-1.html,jacksonville,2019-20
2,2,2,2019-11-09,Jacksonville,,Thomas University,REG (Non-Conf),W 94-36,,8,1,2,.500,0,0,1,2,.500,.500,0,0,,1,1,2,0,0,0,1,3,2,-0.2,Tamia Stallings,https://www.sports-reference.com/cbb/players/tamia-stallings-1.html,jacksonville,2019-20
3,3,3,2019-11-13,Jacksonville,@,Florida State,REG (Non-Conf),L 41-75,,3,0,1,.000,0,0,0,1,.000,.000,0,0,,0,0,0,0,0,0,0,1,0,-1.1,Tamia Stallings,https://www.sports-reference.com/cbb/players/tamia-stallings-1.html,jacksonville,2019-20
4,4,4,2019-11-16,Jacksonville,,Johnson (FL),REG (Non-Conf),W 114-35,,5,0,1,.000,0,0,0,1,.000,.000,1,2,.500,0,1,1,0,1,0,1,1,1,-0.2,Tamia Stallings,https://www.sports-reference.com/cbb/players/tamia-stallings-1.html,jacksonville,2019-20
5,5,5,2019-11-19,Jacksonville,,USC Upstate,REG (Non-Conf),W 87-43,,1,0,0,,0,0,0,0,,,0,0,,0,0,0,0,0,0,0,0,0,0.0,Tamia Stallings,https://www.sports-reference.com/cbb/players/tamia-stallings-1.html,jacksonville,2019-20
6,6,6,2019-11-24,Jacksonville,@,Colorado,REG (Non-Conf),L 44-66,,3,0,0,,0,0,0,0,,,0,0,,0,2,2,1,0,0,0,1,0,0.9,Tamia Stallings,https://www.sports-reference.com/cbb/players/tamia-stallings-1.html,jacksonville,2019-20
7,7,7,2019-11-29,Jacksonville,,Nicholls State,REG (Non-Conf),W 72-55,,20,4,6,.667,0,0,4,6,.667,.667,1,3,.333,4,1,5,0,0,1,2,4,9,5.8,Tamia Stallings,https://www.sports-reference.com/cbb/players/tamia-stallings-1.html,jacksonville,2019-20
8,8,8,2019-11-30,Jacksonville,,Norfolk State,REG (Non-Conf),L 64-71 (OT),,11,1,2,.500,0,0,1,2,.500,.500,0,0,,1,1,2,0,0,0,2,3,2,-1.2,Tamia Stallings,https://www.sports-reference.com/cbb/players/tamia-stallings-1.html,jacksonville,2019-20
9,9,9,2019-12-04,Jacksonville,,Bethune-Cookman,REG (Non-Conf),L 52-53,,1,0,0,,0,0,0,0,,,0,0,,0,0,0,0,0,0,0,0,0,0.0,Tamia Stallings,https://www.sports-reference.com/cbb/players/tamia-stallings-1.html,jacksonville,2019-20
10,10,10,2019-12-15,Jacksonville,,Florida International,REG (Non-Conf),W 77-52,,4,1,1,1.000,0,0,1,1,1.000,1.000,0,0,,0,1,1,0,0,0,0,0,2,2.0,Tamia Stallings,https://www.sports-reference.com/cbb/players/tamia-stallings-1.html,jacksonville,2019-20
11,11,11,2019-12-17,Jacksonville,@,Florida A&M,REG (Non-Conf),W 88-54,,5,0,0,,0,0,0,0,,,1,2,.500,0,0,0,1,0,0,0,2,1,0.5,Tamia Stallings,https://www.sports-reference.com/cbb/players/tamia-stallings-1.html,jacksonville,2019-20
12,12,12,2019-12-20,Jacksonville,@,Jacksonville State,REG (Non-Conf),W 55-40,,1,0,0,,0,0,0,0,,,0,0,,1,0,1,0,0,0,1,0,0,-0.3,Tamia Stallings,https://www.sports-reference.com/cbb/players/tamia-stallings-1.html,jacksonville,2019-20
13,13,13,2019-12-29,Jacksonville,@,Mercer,REG (Non-Conf),W 87-83 (OT),,13,1,1,1.000,0,0,1,1,1.000,1.000,1,2,.500,1,3,4,0,1,0,1,2,3,3.1,Tamia Stallings,https://www.sports-reference.com/cbb/players/tamia-stallings-1.html,jacksonville,2019-20
14,14,14,2020-01-06,Jacksonville,@,North Alabama,REG (Conf),L 65-76,,5,0,1,.000,0,0,0,1,.000,.000,0,0,,0,1,1,0,0,0,1,2,0,-2.2,Tamia Stallings,https://www.sports-reference.com/cbb/players/tamia-stallings-1.html,jacksonville,2019-20
15,15,15,2020-01-11,Jacksonville,@,Liberty,REG (Conf),L 76-85,,1,0,0,,0,0,0,0,,,0,0,,0,0,0,0,0,0,0,0,0,0.0,Tamia Stallings,https://www.sports-reference.com/cbb/players/tamia-stallings-1.html,jacksonville,2019-20
16,16,16,2020-01-13,Jacksonville,,NJIT,REG (Conf),W 88-67,,2,0,1,.000,0,0,0,1,.000,.000,0,0,,1,0,1,0,0,0,0,0,0,0.0,Tamia Stallings,https://www.sports-reference.com/cbb/players/tamia-stallings-1.html,jacksonville,2019-20
17,17,17,2020-01-18,Jacksonville,,Stetson,REG (Conf),W 57-52,,9,1,1,1.000,0,0,1,1,1.000,1.000,0,0,,1,1,2,0,0,0,0,1,2,2.3,Tamia Stallings,https://www.sports-reference.com/cbb/players/tamia-stallings-1.html,jacksonville,2019-20
18,18,18,2020-01-20,Jacksonville,,North Florida,REG (Conf),L 64-70,,12,0,2,.000,0,0,0,2,.000,.000,0,0,,1,2,3,1,1,1,0,2,0,1.5,Tamia Stallings,https://www.sports-reference.com/cbb/players/tamia-stallings-1.html,jacksonville,2019-20
19,19,19,2020-01-25,Jacksonville,@,Kennesaw State,REG (Conf),W 93-83,,1,0,0,,0,0,0,0,,,0,0,,0,0,0,0,0,0,0,1,0,-0.4,Tamia Stallings,https://www.sports-reference.com/cbb/players/tamia-stallings-1.html,jacksonville,2019-20
20,20,22,2020-02-03,Jacksonville,,Florida Gulf Coast,REG (Conf),L 68-81,,3,0,1,.000,0,0,0,1,.000,.000,0,0,,1,1,2,0,0,0,0,0,0,0.3,Tamia Stallings,https://www.sports-reference.com/cbb/players/tamia-stallings-1.html,jacksonville,2019-20
21,21,24,2020-02-10,Jacksonville,,Liberty,REG (Conf),L 59-65,,6,0,1,.000,0,0,0,1,.000,.000,2,2,1.000,1,0,1,0,0,0,0,1,2,1.6,Tamia Stallings,https://www.sports-reference.com/cbb/players/tamia-stallings-1.html,jacksonville,2019-20
22,22,27,2020-02-24,Jacksonville,,Lipscomb,REG (Conf),W 76-53,,1,0,0,,0,0,0,0,,,0,0,,0,0,0,0,0,0,1,1,0,-1.4,Tamia Stallings,https://www.sports-reference.com/cbb/players/tamia-stallings-1.html,jacksonville,2019-20
23,23,28,2020-02-29,Jacksonville,@,Stetson,REG (Conf),W 71-57,,2,0,0,,0,0,0,0,,,0,0,,0,0,0,0,0,0,0,0,0,0.0,Tamia Stallings,https://www.sports-reference.com/cbb/players/tamia-stallings-1.html,jacksonville,2019-20
