ranker,player_game_num_career,team_game_num_season,date,team_name_abbr,game_location,opp_name_abbr,game_type,game_result,is_starter,mp,fg,fga,fg_pct,fg3,fg3a,fg3_pct,fg2,fg2a,fg2_pct,efg_pct,ft,fta,ft_pct,orb,drb,trb,ast,stl,blk,tov,pf,pts,game_score,player_name,player_sr_link,school,season
1,31,1,2023-11-06,Omaha,,Illinois State,REG (Non-Conf),L 59-105,,16,0,0,,0,0,,0,0,,,1,2,.500,0,1,1,1,0,0,1,0,1,0.6,Sam Mitchell,https://www.sports-reference.com/cbb/players/sam-mitchell-4.html,nebraska-omaha,2023-24
2,32,2,2023-11-08,Omaha,,Saint Mary (NE),REG (Non-Conf),W 89-59,*,18,2,5,.400,1,3,.333,1,2,.500,.500,0,0,,2,2,4,1,3,0,1,3,5,5.8,Sam Mitchell,https://www.sports-reference.com/cbb/players/sam-mitchell-4.html,nebraska-omaha,2023-24
3,33,3,2023-11-12,Omaha,@,Northwestern,REG (Non-Conf),L 69-87,*,17,0,3,.000,0,1,.000,0,2,.000,.000,2,2,1.000,0,0,0,1,1,0,2,0,2,-0.4,Sam Mitchell,https://www.sports-reference.com/cbb/players/sam-mitchell-4.html,nebraska-omaha,2023-24
4,34,4,2023-11-17,Omaha,,Northern Colorado,REG (Non-Conf),L 70-82,,5,0,1,.000,0,0,,0,1,.000,.000,0,0,,0,0,0,0,0,0,0,0,0,-0.7,Sam Mitchell,https://www.sports-reference.com/cbb/players/sam-mitchell-4.html,nebraska-omaha,2023-24
