ranker,player_game_num_career,team_game_num_season,date,team_name_abbr,game_location,opp_name_abbr,game_type,game_result,is_starter,mp,fg,fga,fg_pct,fg3,fg3a,fg3_pct,fg2,fg2a,fg2_pct,efg_pct,ft,fta,ft_pct,orb,drb,trb,ast,stl,blk,tov,pf,pts,game_score,player_name,player_sr_link,school,season
1,1,1,2019-11-05,Cal State Northridge,,Southern California,REG (Non-Conf),L 53-69,,18,0,4,.000,0,3,.000,0,1,.000,.000,0,0,,1,1,2,1,0,1,1,2,0,-2.2,Carla Drennan,https://www.sports-reference.com/cbb/players/carla-drennan-1.html,cal-state-northridge,2019-20
2,2,2,2019-11-09,Cal State Northridge,@,California Baptist,REG (Non-Conf),L 56-64,,26,2,6,.333,1,2,.500,1,4,.250,.417,2,2,1.000,1,1,2,1,1,0,0,2,7,5.5,Carla Drennan,https://www.sports-reference.com/cbb/players/carla-drennan-1.html,cal-state-northridge,2019-20
3,3,3,2019-11-12,Cal State Northridge,,Virginia,REG (Non-Conf),L 47-72,,18,1,3,.333,1,3,.333,0,0,,.500,2,2,1.000,2,5,7,1,3,0,2,1,5,7.5,Carla Drennan,https://www.sports-reference.com/cbb/players/carla-drennan-1.html,cal-state-northridge,2019-20
4,4,6,2019-11-24,Cal State Northridge,@,Washington State,REG (Non-Conf),L 61-71,,3,0,2,.000,0,1,.000,0,1,.000,.000,0,0,,1,1,2,0,0,0,0,0,0,-0.4,Carla Drennan,https://www.sports-reference.com/cbb/players/carla-drennan-1.html,cal-state-northridge,2019-20
5,5,7,2019-11-29,Cal State Northridge,,SMU,REG (Non-Conf),L 58-68,,8,1,2,.500,1,2,.500,0,0,,.750,0,0,,0,2,2,2,0,0,0,2,3,3.2,Carla Drennan,https://www.sports-reference.com/cbb/players/carla-drennan-1.html,cal-state-northridge,2019-20
6,6,8,2019-11-30,Cal State Northridge,,Indiana State,REG (Non-Conf),W 67-59,,2,0,1,.000,0,1,.000,0,0,,.000,0,0,,0,0,0,0,0,0,0,1,0,-1.1,Carla Drennan,https://www.sports-reference.com/cbb/players/carla-drennan-1.html,cal-state-northridge,2019-20
7,7,9,2019-12-04,Cal State Northridge,@,Loyola Marymount,REG (Non-Conf),W 56-54,,4,0,3,.000,0,2,.000,0,1,.000,.000,1,2,.500,2,0,2,0,0,0,0,1,1,-0.5,Carla Drennan,https://www.sports-reference.com/cbb/players/carla-drennan-1.html,cal-state-northridge,2019-20
8,8,10,2019-12-07,Cal State Northridge,,UCLA,REG (Non-Conf),L 44-58,,16,0,5,.000,0,3,.000,0,2,.000,.000,2,2,1.000,1,3,4,0,0,0,3,1,2,-3.3,Carla Drennan,https://www.sports-reference.com/cbb/players/carla-drennan-1.html,cal-state-northridge,2019-20
9,9,11,2019-12-18,Cal State Northridge,,Santa Clara,REG (Non-Conf),L 55-76,,27,2,11,.182,1,6,.167,1,5,.200,.227,3,4,.750,2,5,7,1,3,1,0,3,8,6.8,Carla Drennan,https://www.sports-reference.com/cbb/players/carla-drennan-1.html,cal-state-northridge,2019-20
10,10,12,2019-12-21,Cal State Northridge,@,San Diego,REG (Non-Conf),L 40-59,,25,1,4,.250,1,2,.500,0,2,.000,.375,0,0,,0,3,3,1,2,0,3,3,3,0.0,Carla Drennan,https://www.sports-reference.com/cbb/players/carla-drennan-1.html,cal-state-northridge,2019-20
