ranker,player_game_num_career,team_game_num_season,date,team_name_abbr,game_location,opp_name_abbr,game_type,game_result,is_starter,mp,fg,fga,fg_pct,fg3,fg3a,fg3_pct,fg2,fg2a,fg2_pct,efg_pct,ft,fta,ft_pct,orb,drb,trb,ast,stl,blk,tov,pf,pts,game_score,player_name,player_sr_link,school,season
1,68,1,2019-11-05,Cal State Northridge,,Southern California,REG (Non-Conf),L 53-69,*,28,5,9,.556,0,0,,5,9,.556,.556,3,4,.750,1,7,8,1,3,0,3,2,13,11.0,De'Jionae Calloway,https://www.sports-reference.com/cbb/players/dejionae-calloway-1.html,cal-state-northridge,2019-20
2,69,2,2019-11-09,Cal State Northridge,@,California Baptist,REG (Non-Conf),L 56-64,*,27,3,14,.214,0,0,,3,14,.214,.214,2,4,.500,5,12,17,0,4,0,0,1,8,9.3,De'Jionae Calloway,https://www.sports-reference.com/cbb/players/dejionae-calloway-1.html,cal-state-northridge,2019-20
3,70,3,2019-11-12,Cal State Northridge,,Virginia,REG (Non-Conf),L 47-72,*,27,4,8,.500,0,0,,4,8,.500,.500,2,2,1.000,4,4,8,1,1,0,1,0,10,10.7,De'Jionae Calloway,https://www.sports-reference.com/cbb/players/dejionae-calloway-1.html,cal-state-northridge,2019-20
4,71,4,2019-11-16,Cal State Northridge,@,San Francisco,REG (Non-Conf),L 61-79,*,26,6,16,.375,0,0,,6,16,.375,.375,1,1,1.000,1,2,3,0,1,0,2,3,13,3.3,De'Jionae Calloway,https://www.sports-reference.com/cbb/players/dejionae-calloway-1.html,cal-state-northridge,2019-20
5,72,5,2019-11-21,Cal State Northridge,,Portland,REG (Non-Conf),W 73-64,*,30,12,19,.632,0,0,,12,19,.632,.632,3,5,.600,3,7,10,5,2,0,4,2,27,22.6,De'Jionae Calloway,https://www.sports-reference.com/cbb/players/dejionae-calloway-1.html,cal-state-northridge,2019-20
6,73,6,2019-11-24,Cal State Northridge,@,Washington State,REG (Non-Conf),L 61-71,*,30,4,10,.400,0,1,.000,4,9,.444,.400,2,2,1.000,3,8,11,3,0,0,3,2,10,7.4,De'Jionae Calloway,https://www.sports-reference.com/cbb/players/dejionae-calloway-1.html,cal-state-northridge,2019-20
7,74,7,2019-11-29,Cal State Northridge,,SMU,REG (Non-Conf),L 58-68,*,28,4,12,.333,0,0,,4,12,.333,.333,2,3,.667,1,6,7,2,0,0,3,4,10,2.1,De'Jionae Calloway,https://www.sports-reference.com/cbb/players/dejionae-calloway-1.html,cal-state-northridge,2019-20
8,75,8,2019-11-30,Cal State Northridge,,Indiana State,REG (Non-Conf),W 67-59,*,35,5,9,.556,0,0,,5,9,.556,.556,2,8,.250,5,6,11,3,0,0,2,1,12,10.3,De'Jionae Calloway,https://www.sports-reference.com/cbb/players/dejionae-calloway-1.html,cal-state-northridge,2019-20
9,76,9,2019-12-04,Cal State Northridge,@,Loyola Marymount,REG (Non-Conf),W 56-54,*,35,10,18,.556,0,1,.000,10,17,.588,.556,2,3,.667,5,2,7,0,0,0,4,1,22,12.7,De'Jionae Calloway,https://www.sports-reference.com/cbb/players/dejionae-calloway-1.html,cal-state-northridge,2019-20
10,77,10,2019-12-07,Cal State Northridge,,UCLA,REG (Non-Conf),L 44-58,*,33,6,12,.500,0,0,,6,12,.500,.500,0,0,,3,9,12,2,3,0,1,2,12,13.4,De'Jionae Calloway,https://www.sports-reference.com/cbb/players/dejionae-calloway-1.html,cal-state-northridge,2019-20
11,78,11,2019-12-18,Cal State Northridge,,Santa Clara,REG (Non-Conf),L 55-76,*,21,4,11,.364,0,0,,4,11,.364,.364,1,2,.500,0,5,5,1,1,0,0,2,9,4.9,De'Jionae Calloway,https://www.sports-reference.com/cbb/players/dejionae-calloway-1.html,cal-state-northridge,2019-20
12,79,12,2019-12-21,Cal State Northridge,@,San Diego,REG (Non-Conf),L 40-59,*,21,4,6,.667,0,0,,4,6,.667,.667,1,6,.167,1,2,3,0,3,0,2,3,9,5.5,De'Jionae Calloway,https://www.sports-reference.com/cbb/players/dejionae-calloway-1.html,cal-state-northridge,2019-20
13,80,13,2019-12-28,Cal State Northridge,@,San Diego State,REG (Non-Conf),W 74-69 (OT),*,35,10,22,.455,0,0,,10,22,.455,.455,7,7,1.000,1,7,8,1,0,1,3,3,27,15.6,De'Jionae Calloway,https://www.sports-reference.com/cbb/players/dejionae-calloway-1.html,cal-state-northridge,2019-20
14,81,14,2019-12-31,Cal State Northridge,,Hope International,REG (Non-Conf),W 77-54,*,27,10,14,.714,0,0,,10,14,.714,.714,2,3,.667,1,2,3,3,4,0,5,0,22,18.2,De'Jionae Calloway,https://www.sports-reference.com/cbb/players/dejionae-calloway-1.html,cal-state-northridge,2019-20
15,82,15,2020-01-09,Cal State Northridge,,Hawaii,REG (Conf),W 58-54,*,36,10,20,.500,0,1,.000,10,19,.526,.500,2,3,.667,3,9,12,0,1,3,3,3,22,15.3,De'Jionae Calloway,https://www.sports-reference.com/cbb/players/dejionae-calloway-1.html,cal-state-northridge,2019-20
16,83,16,2020-01-11,Cal State Northridge,,UC Irvine,REG (Conf),W 70-62,*,36,7,20,.350,0,0,,7,20,.350,.350,2,2,1.000,2,12,14,2,2,0,1,2,16,11.4,De'Jionae Calloway,https://www.sports-reference.com/cbb/players/dejionae-calloway-1.html,cal-state-northridge,2019-20
17,84,17,2020-01-16,Cal State Northridge,,Cal State Fullerton,REG (Conf),W 63-57 (OT),*,39,12,22,.545,0,0,,12,22,.545,.545,1,4,.250,1,10,11,2,3,1,4,1,25,17.6,De'Jionae Calloway,https://www.sports-reference.com/cbb/players/dejionae-calloway-1.html,cal-state-northridge,2019-20
18,85,18,2020-01-18,Cal State Northridge,@,Long Beach State,REG (Conf),L 52-60,*,37,5,15,.333,0,0,,5,15,.333,.333,6,6,1.000,3,5,8,4,4,0,3,1,16,14.5,De'Jionae Calloway,https://www.sports-reference.com/cbb/players/dejionae-calloway-1.html,cal-state-northridge,2019-20
19,86,19,2020-01-23,Cal State Northridge,@,UC Irvine,REG (Conf),W 56-51,*,30,2,9,.222,0,0,,2,9,.222,.222,1,1,1.000,1,3,4,2,6,0,4,3,5,3.3,De'Jionae Calloway,https://www.sports-reference.com/cbb/players/dejionae-calloway-1.html,cal-state-northridge,2019-20
20,87,20,2020-01-29,Cal State Northridge,@,UC Davis,REG (Conf),L 39-61,*,29,1,13,.077,0,0,,1,13,.077,.077,3,3,1.000,4,3,7,2,1,0,1,2,5,0.6,De'Jionae Calloway,https://www.sports-reference.com/cbb/players/dejionae-calloway-1.html,cal-state-northridge,2019-20
21,88,21,2020-02-01,Cal State Northridge,,Cal Poly,REG (Conf),L 41-52,*,30,4,6,.667,0,0,,4,6,.667,.667,2,2,1.000,3,2,5,0,0,0,0,2,10,9.3,De'Jionae Calloway,https://www.sports-reference.com/cbb/players/dejionae-calloway-1.html,cal-state-northridge,2019-20
22,89,22,2020-02-06,Cal State Northridge,,UC Riverside,REG (Conf),L 62-67,*,20,3,7,.429,0,0,,3,7,.429,.429,1,2,.500,3,2,5,0,2,0,4,1,7,3.2,De'Jionae Calloway,https://www.sports-reference.com/cbb/players/dejionae-calloway-1.html,cal-state-northridge,2019-20
23,90,23,2020-02-14,Cal State Northridge,@,Hawaii,REG (Conf),L 66-70,*,33,10,16,.625,0,0,,10,16,.625,.625,0,0,,2,7,9,0,1,0,1,5,20,14.3,De'Jionae Calloway,https://www.sports-reference.com/cbb/players/dejionae-calloway-1.html,cal-state-northridge,2019-20
24,91,24,2020-02-15,Cal State Northridge,,UC Santa Barbara,REG (Conf),L 55-65,*,27,2,12,.167,0,0,,2,12,.167,.167,0,0,,3,5,8,4,2,1,3,0,4,2.5,De'Jionae Calloway,https://www.sports-reference.com/cbb/players/dejionae-calloway-1.html,cal-state-northridge,2019-20
25,92,25,2020-02-20,Cal State Northridge,@,UC Santa Barbara,REG (Conf),L 60-65,*,37,9,15,.600,0,0,,9,15,.600,.600,0,0,,4,11,15,2,1,0,2,2,18,16.8,De'Jionae Calloway,https://www.sports-reference.com/cbb/players/dejionae-calloway-1.html,cal-state-northridge,2019-20
26,93,26,2020-02-22,Cal State Northridge,@,Cal State Fullerton,REG (Conf),W 57-50,*,37,6,12,.500,0,0,,6,12,.500,.500,0,1,.000,1,9,10,2,2,0,1,3,12,10.2,De'Jionae Calloway,https://www.sports-reference.com/cbb/players/dejionae-calloway-1.html,cal-state-northridge,2019-20
27,94,27,2020-02-27,Cal State Northridge,,Long Beach State,REG (Conf),W 66-54,*,34,6,11,.545,0,0,,6,11,.545,.545,1,1,1.000,2,10,12,1,0,0,2,1,13,10.4,De'Jionae Calloway,https://www.sports-reference.com/cbb/players/dejionae-calloway-1.html,cal-state-northridge,2019-20
28,95,28,2020-02-29,Cal State Northridge,@,Cal Poly,REG (Conf),L 43-53,*,32,6,10,.600,0,0,,6,10,.600,.600,1,2,.500,3,6,9,0,0,0,1,1,13,10.5,De'Jionae Calloway,https://www.sports-reference.com/cbb/players/dejionae-calloway-1.html,cal-state-northridge,2019-20
29,96,29,2020-03-05,Cal State Northridge,,UC Davis,REG (Conf),L 58-71,*,24,1,10,.100,0,1,.000,1,9,.111,.100,1,2,.500,2,3,5,0,2,0,4,0,3,-3.7,De'Jionae Calloway,https://www.sports-reference.com/cbb/players/dejionae-calloway-1.html,cal-state-northridge,2019-20
30,97,30,2020-03-07,Cal State Northridge,@,UC Riverside,REG (Conf),W 74-49,*,31,4,7,.571,1,1,1.000,3,6,.500,.643,3,4,.750,1,8,9,2,1,1,1,0,12,13.5,De'Jionae Calloway,https://www.sports-reference.com/cbb/players/dejionae-calloway-1.html,cal-state-northridge,2019-20
31,98,31,2020-03-10,Cal State Northridge,@,Cal State Fullerton,CTOURN,L 52-67,*,22,6,10,.600,0,0,,6,10,.600,.600,0,0,,2,3,5,1,0,0,1,0,12,9.4,De'Jionae Calloway,https://www.sports-reference.com/cbb/players/dejionae-calloway-1.html,cal-state-northridge,2019-20
