ranker,player_game_num_career,team_game_num_season,date,team_name_abbr,game_location,opp_name_abbr,game_type,game_result,is_starter,mp,fg,fga,fg_pct,fg3,fg3a,fg3_pct,fg2,fg2a,fg2_pct,efg_pct,ft,fta,ft_pct,orb,drb,trb,ast,stl,blk,tov,pf,pts,game_score,player_name,player_sr_link,school,season
1,1,1,2019-11-05,Cal State Northridge,,Southern California,REG (Non-Conf),L 53-69,,21,3,11,.273,3,8,.375,0,3,.000,.409,2,2,1.000,1,0,1,2,2,0,0,3,11,7.4,Deja Williams,https://www.sports-reference.com/cbb/players/deja-williams-1.html,cal-state-northridge,2019-20
2,2,2,2019-11-09,Cal State Northridge,@,California Baptist,REG (Non-Conf),L 56-64,,26,3,13,.231,3,10,.300,0,3,.000,.346,1,4,.250,0,4,4,0,0,0,1,1,10,0.7,Deja Williams,https://www.sports-reference.com/cbb/players/deja-williams-1.html,cal-state-northridge,2019-20
3,3,3,2019-11-12,Cal State Northridge,,Virginia,REG (Non-Conf),L 47-72,,26,2,9,.222,2,7,.286,0,2,.000,.333,3,4,.750,0,1,1,2,1,0,3,2,9,2.0,Deja Williams,https://www.sports-reference.com/cbb/players/deja-williams-1.html,cal-state-northridge,2019-20
4,4,6,2019-11-24,Cal State Northridge,@,Washington State,REG (Non-Conf),L 61-71,,3,0,1,.000,0,0,,0,1,.000,.000,0,0,,0,0,0,0,0,0,0,0,0,-0.7,Deja Williams,https://www.sports-reference.com/cbb/players/deja-williams-1.html,cal-state-northridge,2019-20
5,5,7,2019-11-29,Cal State Northridge,,SMU,REG (Non-Conf),L 58-68,,33,5,13,.385,4,10,.400,1,3,.333,.538,0,0,,0,2,2,0,2,0,2,1,14,7.1,Deja Williams,https://www.sports-reference.com/cbb/players/deja-williams-1.html,cal-state-northridge,2019-20
6,6,8,2019-11-30,Cal State Northridge,,Indiana State,REG (Non-Conf),W 67-59,*,33,6,12,.500,4,7,.571,2,5,.400,.667,4,4,1.000,0,3,3,1,3,0,4,3,20,13.4,Deja Williams,https://www.sports-reference.com/cbb/players/deja-williams-1.html,cal-state-northridge,2019-20
7,7,9,2019-12-04,Cal State Northridge,@,Loyola Marymount,REG (Non-Conf),W 56-54,*,35,3,12,.250,2,7,.286,1,5,.200,.333,0,0,,1,2,3,1,1,0,1,0,8,2.8,Deja Williams,https://www.sports-reference.com/cbb/players/deja-williams-1.html,cal-state-northridge,2019-20
8,8,10,2019-12-07,Cal State Northridge,,UCLA,REG (Non-Conf),L 44-58,*,30,2,7,.286,0,4,.000,2,3,.667,.286,2,4,.500,0,3,3,4,1,0,1,4,6,3.2,Deja Williams,https://www.sports-reference.com/cbb/players/deja-williams-1.html,cal-state-northridge,2019-20
9,9,11,2019-12-18,Cal State Northridge,,Santa Clara,REG (Non-Conf),L 55-76,*,30,2,12,.167,2,9,.222,0,3,.000,.250,0,0,,0,3,3,2,0,0,0,2,6,-0.1,Deja Williams,https://www.sports-reference.com/cbb/players/deja-williams-1.html,cal-state-northridge,2019-20
10,10,12,2019-12-21,Cal State Northridge,@,San Diego,REG (Non-Conf),L 40-59,*,30,2,12,.167,2,7,.286,0,5,.000,.250,1,2,.500,1,2,3,1,1,1,1,2,7,0.9,Deja Williams,https://www.sports-reference.com/cbb/players/deja-williams-1.html,cal-state-northridge,2019-20
11,11,13,2019-12-28,Cal State Northridge,@,San Diego State,REG (Non-Conf),W 74-69 (OT),*,33,4,14,.286,1,8,.125,3,6,.500,.321,3,5,.600,1,1,2,2,2,0,1,1,12,6.0,Deja Williams,https://www.sports-reference.com/cbb/players/deja-williams-1.html,cal-state-northridge,2019-20
12,12,14,2019-12-31,Cal State Northridge,,Hope International,REG (Non-Conf),W 77-54,*,36,6,14,.429,4,8,.500,2,6,.333,.571,0,0,,1,2,3,4,2,0,2,1,16,12.3,Deja Williams,https://www.sports-reference.com/cbb/players/deja-williams-1.html,cal-state-northridge,2019-20
13,13,15,2020-01-09,Cal State Northridge,,Hawaii,REG (Conf),W 58-54,,28,2,8,.250,2,7,.286,0,1,.000,.375,4,8,.500,0,1,1,2,2,0,2,2,10,4.5,Deja Williams,https://www.sports-reference.com/cbb/players/deja-williams-1.html,cal-state-northridge,2019-20
14,14,16,2020-01-11,Cal State Northridge,,UC Irvine,REG (Conf),W 70-62,,29,3,9,.333,3,6,.500,0,3,.000,.500,0,0,,0,3,3,1,1,0,1,3,9,4.3,Deja Williams,https://www.sports-reference.com/cbb/players/deja-williams-1.html,cal-state-northridge,2019-20
15,15,17,2020-01-16,Cal State Northridge,,Cal State Fullerton,REG (Conf),W 63-57 (OT),,24,4,10,.400,0,1,.000,4,9,.444,.400,0,0,,0,0,0,1,5,0,4,2,8,3.5,Deja Williams,https://www.sports-reference.com/cbb/players/deja-williams-1.html,cal-state-northridge,2019-20
16,16,18,2020-01-18,Cal State Northridge,@,Long Beach State,REG (Conf),L 52-60,,37,3,10,.300,1,5,.200,2,5,.400,.350,4,5,.800,1,2,3,3,5,0,6,4,11,5.6,Deja Williams,https://www.sports-reference.com/cbb/players/deja-williams-1.html,cal-state-northridge,2019-20
17,17,19,2020-01-23,Cal State Northridge,@,UC Irvine,REG (Conf),W 56-51,,26,1,8,.125,1,6,.167,0,2,.000,.188,5,6,.833,0,1,1,0,2,0,2,2,8,1.9,Deja Williams,https://www.sports-reference.com/cbb/players/deja-williams-1.html,cal-state-northridge,2019-20
18,18,20,2020-01-29,Cal State Northridge,@,UC Davis,REG (Conf),L 39-61,,25,1,8,.125,0,4,.000,1,4,.250,.125,0,0,,0,0,0,0,5,0,1,2,2,0.0,Deja Williams,https://www.sports-reference.com/cbb/players/deja-williams-1.html,cal-state-northridge,2019-20
19,19,21,2020-02-01,Cal State Northridge,,Cal Poly,REG (Conf),L 41-52,,29,4,11,.364,1,6,.167,3,5,.600,.409,3,4,.750,0,3,3,1,2,0,1,3,12,6.9,Deja Williams,https://www.sports-reference.com/cbb/players/deja-williams-1.html,cal-state-northridge,2019-20
20,20,22,2020-02-06,Cal State Northridge,,UC Riverside,REG (Conf),L 62-67,*,35,4,13,.308,4,9,.444,0,4,.000,.462,4,4,1.000,1,0,1,5,3,0,1,2,16,13.9,Deja Williams,https://www.sports-reference.com/cbb/players/deja-williams-1.html,cal-state-northridge,2019-20
21,21,23,2020-02-14,Cal State Northridge,@,Hawaii,REG (Conf),L 66-70,*,38,11,23,.478,4,9,.444,7,14,.500,.565,6,8,.750,2,3,5,2,1,0,1,2,32,22.4,Deja Williams,https://www.sports-reference.com/cbb/players/deja-williams-1.html,cal-state-northridge,2019-20
22,22,24,2020-02-15,Cal State Northridge,,UC Santa Barbara,REG (Conf),L 55-65,*,26,1,11,.091,0,7,.000,1,4,.250,.091,2,2,1.000,0,2,2,1,0,0,2,3,4,-5.2,Deja Williams,https://www.sports-reference.com/cbb/players/deja-williams-1.html,cal-state-northridge,2019-20
23,23,25,2020-02-20,Cal State Northridge,@,UC Santa Barbara,REG (Conf),L 60-65,*,33,7,9,.778,4,5,.800,3,4,.750,1.000,2,2,1.000,0,2,2,0,1,0,3,4,20,13.5,Deja Williams,https://www.sports-reference.com/cbb/players/deja-williams-1.html,cal-state-northridge,2019-20
24,24,26,2020-02-22,Cal State Northridge,@,Cal State Fullerton,REG (Conf),W 57-50,*,28,3,8,.375,2,7,.286,1,1,1.000,.500,2,2,1.000,0,1,1,1,2,0,4,1,10,4.2,Deja Williams,https://www.sports-reference.com/cbb/players/deja-williams-1.html,cal-state-northridge,2019-20
25,25,27,2020-02-27,Cal State Northridge,,Long Beach State,REG (Conf),W 66-54,*,29,3,9,.333,2,7,.286,1,2,.500,.444,3,4,.750,0,0,0,3,1,0,0,1,11,8.2,Deja Williams,https://www.sports-reference.com/cbb/players/deja-williams-1.html,cal-state-northridge,2019-20
26,26,28,2020-02-29,Cal State Northridge,@,Cal Poly,REG (Conf),L 43-53,*,29,2,12,.167,2,9,.222,0,3,.000,.250,0,0,,1,2,3,1,0,0,3,2,6,-3.4,Deja Williams,https://www.sports-reference.com/cbb/players/deja-williams-1.html,cal-state-northridge,2019-20
27,27,29,2020-03-05,Cal State Northridge,,UC Davis,REG (Conf),L 58-71,,15,1,5,.200,0,1,.000,1,4,.250,.200,0,0,,2,1,3,0,1,0,1,0,2,0.6,Deja Williams,https://www.sports-reference.com/cbb/players/deja-williams-1.html,cal-state-northridge,2019-20
28,28,30,2020-03-07,Cal State Northridge,@,UC Riverside,REG (Conf),W 74-49,,18,3,8,.375,2,5,.400,1,3,.333,.500,0,0,,1,0,1,3,0,0,0,2,8,5.6,Deja Williams,https://www.sports-reference.com/cbb/players/deja-williams-1.html,cal-state-northridge,2019-20
29,29,31,2020-03-10,Cal State Northridge,@,Cal State Fullerton,CTOURN,L 52-67,,22,0,5,.000,0,4,.000,0,1,.000,.000,2,2,1.000,0,0,0,2,0,0,1,0,2,-1.1,Deja Williams,https://www.sports-reference.com/cbb/players/deja-williams-1.html,cal-state-northridge,2019-20
