ranker,player_game_num_career,team_game_num_season,date,team_name_abbr,game_location,opp_name_abbr,game_type,game_result,is_starter,mp,fg,fga,fg_pct,fg3,fg3a,fg3_pct,fg2,fg2a,fg2_pct,efg_pct,ft,fta,ft_pct,orb,drb,trb,ast,stl,blk,tov,pf,pts,game_score,player_name,player_sr_link,school,season
1,84,1,2019-11-05,Cal State Northridge,,Southern California,REG (Non-Conf),L 53-69,*,31,1,7,.143,0,3,.000,1,4,.250,.143,0,0,,2,2,4,4,0,0,0,0,2,2.3,Hayley Tanabe,https://www.sports-reference.com/cbb/players/hayley-tanabe-1.html,cal-state-northridge,2019-20
2,85,2,2019-11-09,Cal State Northridge,@,California Baptist,REG (Non-Conf),L 56-64,*,26,4,5,.800,2,2,1.000,2,3,.667,1.000,3,4,.750,0,3,3,3,0,0,1,4,13,11.1,Hayley Tanabe,https://www.sports-reference.com/cbb/players/hayley-tanabe-1.html,cal-state-northridge,2019-20
3,86,3,2019-11-12,Cal State Northridge,,Virginia,REG (Non-Conf),L 47-72,*,28,1,7,.143,0,2,.000,1,5,.200,.143,0,0,,0,3,3,3,0,0,1,3,2,-1.7,Hayley Tanabe,https://www.sports-reference.com/cbb/players/hayley-tanabe-1.html,cal-state-northridge,2019-20
4,87,4,2019-11-16,Cal State Northridge,@,San Francisco,REG (Non-Conf),L 61-79,*,28,2,8,.250,1,2,.500,1,6,.167,.313,2,2,1.000,1,2,3,4,1,0,1,3,7,5.1,Hayley Tanabe,https://www.sports-reference.com/cbb/players/hayley-tanabe-1.html,cal-state-northridge,2019-20
5,88,5,2019-11-21,Cal State Northridge,,Portland,REG (Non-Conf),W 73-64,*,37,0,1,.000,0,1,.000,0,0,,.000,0,0,,2,3,5,4,1,0,6,1,0,-1.0,Hayley Tanabe,https://www.sports-reference.com/cbb/players/hayley-tanabe-1.html,cal-state-northridge,2019-20
6,89,6,2019-11-24,Cal State Northridge,@,Washington State,REG (Non-Conf),L 61-71,*,37,3,10,.300,1,2,.500,2,8,.250,.350,3,5,.600,0,2,2,4,0,0,0,2,10,6.0,Hayley Tanabe,https://www.sports-reference.com/cbb/players/hayley-tanabe-1.html,cal-state-northridge,2019-20
7,90,7,2019-11-29,Cal State Northridge,,SMU,REG (Non-Conf),L 58-68,*,31,2,6,.333,0,3,.000,2,3,.667,.333,1,2,.500,0,4,4,4,2,0,3,4,5,2.6,Hayley Tanabe,https://www.sports-reference.com/cbb/players/hayley-tanabe-1.html,cal-state-northridge,2019-20
8,91,8,2019-11-30,Cal State Northridge,,Indiana State,REG (Non-Conf),W 67-59,*,15,1,2,.500,0,1,.000,1,1,1.000,.500,0,0,,0,1,1,4,0,0,3,0,2,1.1,Hayley Tanabe,https://www.sports-reference.com/cbb/players/hayley-tanabe-1.html,cal-state-northridge,2019-20
9,92,9,2019-12-04,Cal State Northridge,@,Loyola Marymount,REG (Non-Conf),W 56-54,*,35,3,9,.333,0,3,.000,3,6,.500,.333,0,0,,2,1,3,4,2,0,1,1,6,6.0,Hayley Tanabe,https://www.sports-reference.com/cbb/players/hayley-tanabe-1.html,cal-state-northridge,2019-20
10,93,10,2019-12-07,Cal State Northridge,,UCLA,REG (Non-Conf),L 44-58,*,31,0,5,.000,0,3,.000,0,2,.000,.000,3,4,.750,0,3,3,2,2,0,2,4,3,-0.2,Hayley Tanabe,https://www.sports-reference.com/cbb/players/hayley-tanabe-1.html,cal-state-northridge,2019-20
11,94,11,2019-12-18,Cal State Northridge,,Santa Clara,REG (Non-Conf),L 55-76,*,31,0,5,.000,0,2,.000,0,3,.000,.000,1,2,.500,2,1,3,2,0,0,1,3,1,-2.0,Hayley Tanabe,https://www.sports-reference.com/cbb/players/hayley-tanabe-1.html,cal-state-northridge,2019-20
12,95,12,2019-12-21,Cal State Northridge,@,San Diego,REG (Non-Conf),L 40-59,*,22,2,7,.286,0,0,,2,7,.286,.286,0,0,,0,1,1,1,0,0,3,0,4,-2.1,Hayley Tanabe,https://www.sports-reference.com/cbb/players/hayley-tanabe-1.html,cal-state-northridge,2019-20
13,96,13,2019-12-28,Cal State Northridge,@,San Diego State,REG (Non-Conf),W 74-69 (OT),*,30,3,6,.500,0,1,.000,3,5,.600,.500,0,0,,1,4,5,4,0,0,0,4,6,6.1,Hayley Tanabe,https://www.sports-reference.com/cbb/players/hayley-tanabe-1.html,cal-state-northridge,2019-20
14,97,14,2019-12-31,Cal State Northridge,,Hope International,REG (Non-Conf),W 77-54,,31,3,6,.500,2,4,.500,1,2,.500,.667,0,0,,0,5,5,5,4,0,2,0,8,12.0,Hayley Tanabe,https://www.sports-reference.com/cbb/players/hayley-tanabe-1.html,cal-state-northridge,2019-20
15,98,15,2020-01-09,Cal State Northridge,,Hawaii,REG (Conf),W 58-54,*,31,2,6,.333,1,3,.333,1,3,.333,.417,0,0,,0,2,2,2,1,0,3,2,5,0.8,Hayley Tanabe,https://www.sports-reference.com/cbb/players/hayley-tanabe-1.html,cal-state-northridge,2019-20
16,99,16,2020-01-11,Cal State Northridge,,UC Irvine,REG (Conf),W 70-62,*,25,3,7,.429,1,4,.250,2,3,.667,.500,0,0,,0,2,2,4,2,0,1,3,7,6.5,Hayley Tanabe,https://www.sports-reference.com/cbb/players/hayley-tanabe-1.html,cal-state-northridge,2019-20
17,100,17,2020-01-16,Cal State Northridge,,Cal State Fullerton,REG (Conf),W 63-57 (OT),*,40,0,4,.000,0,1,.000,0,3,.000,.000,1,2,.500,0,3,3,3,5,0,1,4,1,3.2,Hayley Tanabe,https://www.sports-reference.com/cbb/players/hayley-tanabe-1.html,cal-state-northridge,2019-20
18,101,18,2020-01-18,Cal State Northridge,@,Long Beach State,REG (Conf),L 52-60,*,22,0,5,.000,0,3,.000,0,2,.000,.000,0,0,,0,2,2,1,0,0,2,3,0,-5.4,Hayley Tanabe,https://www.sports-reference.com/cbb/players/hayley-tanabe-1.html,cal-state-northridge,2019-20
19,102,19,2020-01-23,Cal State Northridge,@,UC Irvine,REG (Conf),W 56-51,*,35,1,5,.200,0,2,.000,1,3,.333,.200,0,0,,0,1,1,5,5,0,2,1,2,5.3,Hayley Tanabe,https://www.sports-reference.com/cbb/players/hayley-tanabe-1.html,cal-state-northridge,2019-20
20,103,20,2020-01-29,Cal State Northridge,@,UC Davis,REG (Conf),L 39-61,*,25,1,4,.250,0,0,,1,4,.250,.250,0,0,,0,3,3,1,1,0,1,2,2,0.4,Hayley Tanabe,https://www.sports-reference.com/cbb/players/hayley-tanabe-1.html,cal-state-northridge,2019-20
21,104,21,2020-02-01,Cal State Northridge,,Cal Poly,REG (Conf),L 41-52,*,16,0,3,.000,0,1,.000,0,2,.000,.000,0,0,,0,2,2,2,0,0,1,1,0,-1.5,Hayley Tanabe,https://www.sports-reference.com/cbb/players/hayley-tanabe-1.html,cal-state-northridge,2019-20
22,105,22,2020-02-06,Cal State Northridge,,UC Riverside,REG (Conf),L 62-67,,27,2,4,.500,1,3,.333,1,1,1.000,.625,0,0,,1,2,3,4,2,0,1,1,5,7.7,Hayley Tanabe,https://www.sports-reference.com/cbb/players/hayley-tanabe-1.html,cal-state-northridge,2019-20
23,106,23,2020-02-14,Cal State Northridge,@,Hawaii,REG (Conf),L 66-70,,34,0,4,.000,0,1,.000,0,3,.000,.000,0,0,,1,2,3,3,0,0,1,3,0,-1.6,Hayley Tanabe,https://www.sports-reference.com/cbb/players/hayley-tanabe-1.html,cal-state-northridge,2019-20
24,107,24,2020-02-15,Cal State Northridge,,UC Santa Barbara,REG (Conf),L 55-65,,30,3,5,.600,1,2,.500,2,3,.667,.700,1,2,.500,0,1,1,4,2,0,2,3,8,7.2,Hayley Tanabe,https://www.sports-reference.com/cbb/players/hayley-tanabe-1.html,cal-state-northridge,2019-20
25,108,25,2020-02-20,Cal State Northridge,@,UC Santa Barbara,REG (Conf),L 60-65,*,38,3,9,.333,0,0,,3,9,.333,.333,1,1,1.000,0,1,1,4,2,0,3,3,7,2.8,Hayley Tanabe,https://www.sports-reference.com/cbb/players/hayley-tanabe-1.html,cal-state-northridge,2019-20
26,109,26,2020-02-22,Cal State Northridge,@,Cal State Fullerton,REG (Conf),W 57-50,*,35,1,5,.200,1,2,.500,0,3,.000,.300,4,6,.667,1,1,2,2,2,0,1,3,7,5.3,Hayley Tanabe,https://www.sports-reference.com/cbb/players/hayley-tanabe-1.html,cal-state-northridge,2019-20
27,110,27,2020-02-27,Cal State Northridge,,Long Beach State,REG (Conf),W 66-54,*,26,0,2,.000,0,1,.000,0,1,.000,.000,2,2,1.000,1,1,2,4,1,1,2,3,2,2.9,Hayley Tanabe,https://www.sports-reference.com/cbb/players/hayley-tanabe-1.html,cal-state-northridge,2019-20
28,111,28,2020-02-29,Cal State Northridge,@,Cal Poly,REG (Conf),L 43-53,*,37,4,8,.500,1,3,.333,3,5,.600,.563,1,3,.333,1,2,3,3,0,0,1,0,10,7.6,Hayley Tanabe,https://www.sports-reference.com/cbb/players/hayley-tanabe-1.html,cal-state-northridge,2019-20
29,112,29,2020-03-05,Cal State Northridge,,UC Davis,REG (Conf),L 58-71,*,37,4,14,.286,2,7,.286,2,7,.286,.357,0,0,,0,5,5,3,0,0,3,1,10,2.0,Hayley Tanabe,https://www.sports-reference.com/cbb/players/hayley-tanabe-1.html,cal-state-northridge,2019-20
30,113,30,2020-03-07,Cal State Northridge,@,UC Riverside,REG (Conf),W 74-49,*,39,2,7,.286,1,4,.250,1,3,.333,.357,0,0,,1,1,2,8,3,0,2,2,5,7.7,Hayley Tanabe,https://www.sports-reference.com/cbb/players/hayley-tanabe-1.html,cal-state-northridge,2019-20
31,114,31,2020-03-10,Cal State Northridge,@,Cal State Fullerton,CTOURN,L 52-67,*,33,0,2,.000,0,1,.000,0,1,.000,.000,0,0,,0,2,2,6,0,0,2,3,0,0.2,Hayley Tanabe,https://www.sports-reference.com/cbb/players/hayley-tanabe-1.html,cal-state-northridge,2019-20
