ranker,player_game_num_career,team_game_num_season,date,team_name_abbr,game_location,opp_name_abbr,game_type,game_result,is_starter,mp,fg,fga,fg_pct,fg3,fg3a,fg3_pct,fg2,fg2a,fg2_pct,efg_pct,ft,fta,ft_pct,orb,drb,trb,ast,stl,blk,tov,pf,pts,game_score,player_name,player_sr_link,school,season
1,32,1,2019-11-05,Cal State Northridge,,Southern California,REG (Non-Conf),L 53-69,*,27,5,18,.278,4,12,.333,1,6,.167,.389,0,0,,0,2,2,2,0,0,1,3,14,3.2,Jordyn Jackson,https://www.sports-reference.com/cbb/players/jordyn-jackson-1.html,cal-state-northridge,2019-20
2,33,2,2019-11-09,Cal State Northridge,@,California Baptist,REG (Non-Conf),L 56-64,*,24,2,14,.143,0,4,.000,2,10,.200,.143,0,0,,0,1,1,2,0,0,1,1,4,-4.7,Jordyn Jackson,https://www.sports-reference.com/cbb/players/jordyn-jackson-1.html,cal-state-northridge,2019-20
3,34,3,2019-11-12,Cal State Northridge,,Virginia,REG (Non-Conf),L 47-72,*,24,2,9,.222,1,6,.167,1,3,.333,.278,1,2,.500,0,1,1,1,0,0,1,2,6,-0.7,Jordyn Jackson,https://www.sports-reference.com/cbb/players/jordyn-jackson-1.html,cal-state-northridge,2019-20
4,35,4,2019-11-16,Cal State Northridge,@,San Francisco,REG (Non-Conf),L 61-79,*,34,8,16,.500,4,6,.667,4,10,.400,.625,0,0,,1,1,2,1,2,0,1,1,20,14.3,Jordyn Jackson,https://www.sports-reference.com/cbb/players/jordyn-jackson-1.html,cal-state-northridge,2019-20
5,36,5,2019-11-21,Cal State Northridge,,Portland,REG (Non-Conf),W 73-64,*,34,3,7,.429,1,2,.500,2,5,.400,.500,4,6,.667,0,1,1,6,2,0,8,4,11,3.4,Jordyn Jackson,https://www.sports-reference.com/cbb/players/jordyn-jackson-1.html,cal-state-northridge,2019-20
6,37,6,2019-11-24,Cal State Northridge,@,Washington State,REG (Non-Conf),L 61-71,*,29,4,12,.333,1,3,.333,3,9,.333,.375,2,4,.500,2,2,4,2,2,1,2,1,11,7.1,Jordyn Jackson,https://www.sports-reference.com/cbb/players/jordyn-jackson-1.html,cal-state-northridge,2019-20
7,38,7,2019-11-29,Cal State Northridge,,SMU,REG (Non-Conf),L 58-68,*,26,0,5,.000,0,3,.000,0,2,.000,.000,4,4,1.000,1,2,3,2,0,0,4,3,4,-2.0,Jordyn Jackson,https://www.sports-reference.com/cbb/players/jordyn-jackson-1.html,cal-state-northridge,2019-20
8,39,8,2019-11-30,Cal State Northridge,,Indiana State,REG (Non-Conf),W 67-59,,31,4,7,.571,3,5,.600,1,2,.500,.786,0,0,,2,1,3,3,1,0,4,1,11,8.1,Jordyn Jackson,https://www.sports-reference.com/cbb/players/jordyn-jackson-1.html,cal-state-northridge,2019-20
9,40,9,2019-12-04,Cal State Northridge,@,Loyola Marymount,REG (Non-Conf),W 56-54,,9,0,2,.000,0,1,.000,0,1,.000,.000,0,0,,1,0,1,0,0,0,1,2,0,-2.5,Jordyn Jackson,https://www.sports-reference.com/cbb/players/jordyn-jackson-1.html,cal-state-northridge,2019-20
10,41,10,2019-12-07,Cal State Northridge,,UCLA,REG (Non-Conf),L 44-58,,25,4,9,.444,2,4,.500,2,5,.400,.556,2,2,1.000,0,2,2,0,2,0,2,2,12,7.1,Jordyn Jackson,https://www.sports-reference.com/cbb/players/jordyn-jackson-1.html,cal-state-northridge,2019-20
11,42,11,2019-12-18,Cal State Northridge,,Santa Clara,REG (Non-Conf),L 55-76,*,30,6,14,.429,2,7,.286,4,7,.571,.500,1,2,.500,1,3,4,5,2,0,3,1,15,10.9,Jordyn Jackson,https://www.sports-reference.com/cbb/players/jordyn-jackson-1.html,cal-state-northridge,2019-20
12,43,12,2019-12-21,Cal State Northridge,@,San Diego,REG (Non-Conf),L 40-59,*,26,2,9,.222,0,3,.000,2,6,.333,.222,2,4,.500,0,3,3,4,1,0,2,3,6,1.2,Jordyn Jackson,https://www.sports-reference.com/cbb/players/jordyn-jackson-1.html,cal-state-northridge,2019-20
13,44,13,2019-12-28,Cal State Northridge,@,San Diego State,REG (Non-Conf),W 74-69 (OT),*,36,4,10,.400,3,6,.500,1,4,.250,.550,1,2,.500,3,2,5,6,3,0,4,3,12,10.9,Jordyn Jackson,https://www.sports-reference.com/cbb/players/jordyn-jackson-1.html,cal-state-northridge,2019-20
14,45,14,2019-12-31,Cal State Northridge,,Hope International,REG (Non-Conf),W 77-54,*,29,1,7,.143,0,1,.000,1,6,.167,.143,0,0,,1,2,3,9,0,0,1,1,2,3.7,Jordyn Jackson,https://www.sports-reference.com/cbb/players/jordyn-jackson-1.html,cal-state-northridge,2019-20
15,46,15,2020-01-09,Cal State Northridge,,Hawaii,REG (Conf),W 58-54,*,29,2,8,.250,1,2,.500,1,6,.167,.313,0,0,,1,3,4,2,2,0,0,3,5,4.0,Jordyn Jackson,https://www.sports-reference.com/cbb/players/jordyn-jackson-1.html,cal-state-northridge,2019-20
16,47,16,2020-01-11,Cal State Northridge,,UC Irvine,REG (Conf),W 70-62,*,30,7,12,.583,4,6,.667,3,6,.500,.750,1,2,.500,0,1,1,3,3,0,3,3,19,14.2,Jordyn Jackson,https://www.sports-reference.com/cbb/players/jordyn-jackson-1.html,cal-state-northridge,2019-20
17,48,17,2020-01-16,Cal State Northridge,,Cal State Fullerton,REG (Conf),W 63-57 (OT),*,39,4,13,.308,1,3,.333,3,10,.300,.346,0,2,.000,2,2,4,4,5,0,1,4,9,7.9,Jordyn Jackson,https://www.sports-reference.com/cbb/players/jordyn-jackson-1.html,cal-state-northridge,2019-20
18,49,18,2020-01-18,Cal State Northridge,@,Long Beach State,REG (Conf),L 52-60,*,35,5,11,.455,3,7,.429,2,4,.500,.591,0,0,,0,3,3,1,0,0,1,4,13,6.3,Jordyn Jackson,https://www.sports-reference.com/cbb/players/jordyn-jackson-1.html,cal-state-northridge,2019-20
19,50,19,2020-01-23,Cal State Northridge,@,UC Irvine,REG (Conf),W 56-51,*,25,3,7,.429,2,4,.500,1,3,.333,.571,6,6,1.000,0,1,1,1,3,0,2,2,14,11.5,Jordyn Jackson,https://www.sports-reference.com/cbb/players/jordyn-jackson-1.html,cal-state-northridge,2019-20
20,51,20,2020-01-29,Cal State Northridge,@,UC Davis,REG (Conf),L 39-61,*,28,0,7,.000,0,5,.000,0,2,.000,.000,0,0,,1,3,4,0,1,0,3,0,0,-5.3,Jordyn Jackson,https://www.sports-reference.com/cbb/players/jordyn-jackson-1.html,cal-state-northridge,2019-20
21,52,21,2020-02-01,Cal State Northridge,,Cal Poly,REG (Conf),L 41-52,*,35,2,10,.200,1,5,.200,1,5,.200,.250,0,0,,2,0,2,1,2,0,2,5,5,-1.1,Jordyn Jackson,https://www.sports-reference.com/cbb/players/jordyn-jackson-1.html,cal-state-northridge,2019-20
22,53,22,2020-02-06,Cal State Northridge,,UC Riverside,REG (Conf),L 62-67,*,33,10,21,.476,5,8,.625,5,13,.385,.595,3,4,.750,1,2,3,2,1,0,3,2,28,16.8,Jordyn Jackson,https://www.sports-reference.com/cbb/players/jordyn-jackson-1.html,cal-state-northridge,2019-20
23,54,23,2020-02-14,Cal State Northridge,@,Hawaii,REG (Conf),L 66-70,*,14,1,4,.250,0,0,,1,4,.250,.250,0,0,,0,1,1,2,1,0,1,2,2,0.5,Jordyn Jackson,https://www.sports-reference.com/cbb/players/jordyn-jackson-1.html,cal-state-northridge,2019-20
24,55,24,2020-02-15,Cal State Northridge,,UC Santa Barbara,REG (Conf),L 55-65,*,31,6,9,.667,3,4,.750,3,5,.600,.833,1,1,1.000,1,3,4,0,1,0,1,4,16,12.1,Jordyn Jackson,https://www.sports-reference.com/cbb/players/jordyn-jackson-1.html,cal-state-northridge,2019-20
25,56,25,2020-02-20,Cal State Northridge,@,UC Santa Barbara,REG (Conf),L 60-65,*,34,6,7,.857,0,0,,6,7,.857,.857,1,4,.250,0,1,1,4,2,0,3,4,13,9.8,Jordyn Jackson,https://www.sports-reference.com/cbb/players/jordyn-jackson-1.html,cal-state-northridge,2019-20
26,57,26,2020-02-22,Cal State Northridge,@,Cal State Fullerton,REG (Conf),W 57-50,*,32,5,12,.417,1,4,.250,4,8,.500,.458,1,1,1.000,0,7,7,3,1,0,3,3,12,6.6,Jordyn Jackson,https://www.sports-reference.com/cbb/players/jordyn-jackson-1.html,cal-state-northridge,2019-20
27,58,27,2020-02-27,Cal State Northridge,,Long Beach State,REG (Conf),W 66-54,*,34,3,5,.600,2,3,.667,1,2,.500,.800,4,4,1.000,0,2,2,3,0,0,5,2,12,6.6,Jordyn Jackson,https://www.sports-reference.com/cbb/players/jordyn-jackson-1.html,cal-state-northridge,2019-20
28,59,28,2020-02-29,Cal State Northridge,@,Cal Poly,REG (Conf),L 43-53,*,27,1,3,.333,0,1,.000,1,2,.500,.333,1,2,.500,0,3,3,2,2,0,4,3,3,0.0,Jordyn Jackson,https://www.sports-reference.com/cbb/players/jordyn-jackson-1.html,cal-state-northridge,2019-20
29,60,29,2020-03-05,Cal State Northridge,,UC Davis,REG (Conf),L 58-71,*,30,8,13,.615,1,2,.500,7,11,.636,.654,2,3,.667,0,3,3,1,0,0,1,1,19,12.9,Jordyn Jackson,https://www.sports-reference.com/cbb/players/jordyn-jackson-1.html,cal-state-northridge,2019-20
30,61,30,2020-03-07,Cal State Northridge,@,UC Riverside,REG (Conf),W 74-49,*,29,5,15,.333,0,6,.000,5,9,.556,.333,2,2,1.000,0,4,4,2,3,0,1,0,12,8.1,Jordyn Jackson,https://www.sports-reference.com/cbb/players/jordyn-jackson-1.html,cal-state-northridge,2019-20
31,62,31,2020-03-10,Cal State Northridge,@,Cal State Fullerton,CTOURN,L 52-67,*,26,2,8,.250,0,0,,2,8,.250,.250,2,2,1.000,0,2,2,0,0,0,3,4,6,-2.8,Jordyn Jackson,https://www.sports-reference.com/cbb/players/jordyn-jackson-1.html,cal-state-northridge,2019-20
