ranker,player_game_num_career,team_game_num_season,date,team_name_abbr,game_location,opp_name_abbr,game_type,game_result,is_starter,mp,fg,fga,fg_pct,fg3,fg3a,fg3_pct,fg2,fg2a,fg2_pct,efg_pct,ft,fta,ft_pct,orb,drb,trb,ast,stl,blk,tov,pf,pts,game_score,player_name,player_sr_link,school,season
1,70,1,2019-11-05,Cal State Northridge,,Southern California,REG (Non-Conf),L 53-69,*,25,2,7,.286,1,3,.333,1,4,.250,.357,1,2,.500,3,6,9,0,0,1,1,3,6,3.9,Lauren Shymkewicz,https://www.sports-reference.com/cbb/players/lauren-shymkewicz-1.html,cal-state-northridge,2019-20
2,71,2,2019-11-09,Cal State Northridge,@,California Baptist,REG (Non-Conf),L 56-64,*,20,3,7,.429,0,2,.000,3,5,.600,.429,0,0,,3,2,5,2,0,0,2,2,6,3.6,Lauren Shymkewicz,https://www.sports-reference.com/cbb/players/lauren-shymkewicz-1.html,cal-state-northridge,2019-20
3,72,3,2019-11-12,Cal State Northridge,,Virginia,REG (Non-Conf),L 47-72,*,29,3,10,.300,0,3,.000,3,7,.429,.300,0,0,,2,5,7,0,0,1,1,3,6,1.6,Lauren Shymkewicz,https://www.sports-reference.com/cbb/players/lauren-shymkewicz-1.html,cal-state-northridge,2019-20
4,73,4,2019-11-16,Cal State Northridge,@,San Francisco,REG (Non-Conf),L 61-79,*,35,6,14,.429,2,8,.250,4,6,.667,.500,0,0,,4,5,9,1,0,4,1,2,14,12.6,Lauren Shymkewicz,https://www.sports-reference.com/cbb/players/lauren-shymkewicz-1.html,cal-state-northridge,2019-20
5,74,5,2019-11-21,Cal State Northridge,,Portland,REG (Non-Conf),W 73-64,*,32,3,6,.500,0,1,.000,3,5,.600,.500,1,2,.500,0,5,5,0,1,2,7,4,7,-1.1,Lauren Shymkewicz,https://www.sports-reference.com/cbb/players/lauren-shymkewicz-1.html,cal-state-northridge,2019-20
6,75,6,2019-11-24,Cal State Northridge,@,Washington State,REG (Non-Conf),L 61-71,*,32,4,6,.667,2,3,.667,2,3,.667,.833,1,2,.500,1,3,4,0,0,3,3,3,11,7.5,Lauren Shymkewicz,https://www.sports-reference.com/cbb/players/lauren-shymkewicz-1.html,cal-state-northridge,2019-20
7,76,7,2019-11-29,Cal State Northridge,,SMU,REG (Non-Conf),L 58-68,*,27,2,10,.200,0,2,.000,2,8,.250,.200,4,4,1.000,5,5,10,0,2,0,1,2,8,7.0,Lauren Shymkewicz,https://www.sports-reference.com/cbb/players/lauren-shymkewicz-1.html,cal-state-northridge,2019-20
8,77,8,2019-11-30,Cal State Northridge,,Indiana State,REG (Non-Conf),W 67-59,*,31,2,6,.333,0,1,.000,2,5,.400,.333,0,0,,1,6,7,0,1,5,0,4,4,6.0,Lauren Shymkewicz,https://www.sports-reference.com/cbb/players/lauren-shymkewicz-1.html,cal-state-northridge,2019-20
9,78,9,2019-12-04,Cal State Northridge,@,Loyola Marymount,REG (Non-Conf),W 56-54,*,29,3,7,.429,2,3,.667,1,4,.250,.571,0,0,,1,7,8,1,0,0,1,4,8,5.2,Lauren Shymkewicz,https://www.sports-reference.com/cbb/players/lauren-shymkewicz-1.html,cal-state-northridge,2019-20
10,79,10,2019-12-07,Cal State Northridge,,UCLA,REG (Non-Conf),L 44-58,*,22,1,3,.333,0,1,.000,1,2,.500,.333,0,0,,1,2,3,2,0,1,3,2,2,-0.1,Lauren Shymkewicz,https://www.sports-reference.com/cbb/players/lauren-shymkewicz-1.html,cal-state-northridge,2019-20
11,80,11,2019-12-18,Cal State Northridge,,Santa Clara,REG (Non-Conf),L 55-76,*,22,5,8,.625,1,3,.333,4,5,.800,.688,1,2,.500,2,7,9,0,1,3,3,3,12,10.4,Lauren Shymkewicz,https://www.sports-reference.com/cbb/players/lauren-shymkewicz-1.html,cal-state-northridge,2019-20
12,81,12,2019-12-21,Cal State Northridge,@,San Diego,REG (Non-Conf),L 40-59,*,32,2,6,.333,0,1,.000,2,5,.400,.333,0,0,,0,1,1,0,1,2,1,3,4,1.1,Lauren Shymkewicz,https://www.sports-reference.com/cbb/players/lauren-shymkewicz-1.html,cal-state-northridge,2019-20
13,82,13,2019-12-28,Cal State Northridge,@,San Diego State,REG (Non-Conf),W 74-69 (OT),*,15,1,3,.333,0,0,,1,3,.333,.333,0,0,,1,2,3,0,2,0,0,4,2,2.0,Lauren Shymkewicz,https://www.sports-reference.com/cbb/players/lauren-shymkewicz-1.html,cal-state-northridge,2019-20
14,83,14,2019-12-31,Cal State Northridge,,Hope International,REG (Non-Conf),W 77-54,*,16,2,3,.667,0,0,,2,3,.667,.667,2,4,.500,2,2,4,0,0,1,1,1,6,5.2,Lauren Shymkewicz,https://www.sports-reference.com/cbb/players/lauren-shymkewicz-1.html,cal-state-northridge,2019-20
15,84,15,2020-01-09,Cal State Northridge,,Hawaii,REG (Conf),W 58-54,*,12,0,5,.000,0,0,,0,5,.000,.000,0,0,,4,1,5,2,1,0,1,1,0,0.6,Lauren Shymkewicz,https://www.sports-reference.com/cbb/players/lauren-shymkewicz-1.html,cal-state-northridge,2019-20
16,85,16,2020-01-11,Cal State Northridge,,UC Irvine,REG (Conf),W 70-62,*,26,0,4,.000,0,1,.000,0,3,.000,.000,0,0,,4,1,5,2,1,1,2,3,0,0.2,Lauren Shymkewicz,https://www.sports-reference.com/cbb/players/lauren-shymkewicz-1.html,cal-state-northridge,2019-20
17,86,17,2020-01-16,Cal State Northridge,,Cal State Fullerton,REG (Conf),W 63-57 (OT),*,23,2,4,.500,0,0,,2,4,.500,.500,0,4,.000,1,1,2,3,1,0,2,0,4,2.5,Lauren Shymkewicz,https://www.sports-reference.com/cbb/players/lauren-shymkewicz-1.html,cal-state-northridge,2019-20
18,87,18,2020-01-18,Cal State Northridge,@,Long Beach State,REG (Conf),L 52-60,*,27,1,3,.333,0,0,,1,3,.333,.333,3,4,.750,5,4,9,0,0,0,3,1,5,4.2,Lauren Shymkewicz,https://www.sports-reference.com/cbb/players/lauren-shymkewicz-1.html,cal-state-northridge,2019-20
19,88,19,2020-01-23,Cal State Northridge,@,UC Irvine,REG (Conf),W 56-51,*,16,3,8,.375,0,0,,3,8,.375,.375,1,6,.167,6,1,7,1,0,1,2,2,7,3.7,Lauren Shymkewicz,https://www.sports-reference.com/cbb/players/lauren-shymkewicz-1.html,cal-state-northridge,2019-20
20,89,20,2020-01-29,Cal State Northridge,@,UC Davis,REG (Conf),L 39-61,*,17,4,9,.444,0,1,.000,4,8,.500,.444,0,0,,3,3,6,0,0,0,1,0,8,5.3,Lauren Shymkewicz,https://www.sports-reference.com/cbb/players/lauren-shymkewicz-1.html,cal-state-northridge,2019-20
21,90,21,2020-02-01,Cal State Northridge,,Cal Poly,REG (Conf),L 41-52,*,27,3,8,.375,0,1,.000,3,7,.429,.375,0,0,,3,1,4,1,0,1,2,3,6,2.2,Lauren Shymkewicz,https://www.sports-reference.com/cbb/players/lauren-shymkewicz-1.html,cal-state-northridge,2019-20
22,91,22,2020-02-06,Cal State Northridge,,UC Riverside,REG (Conf),L 62-67,*,22,0,2,.000,0,0,,0,2,.000,.000,0,2,.000,1,4,5,1,0,2,0,2,0,1.0,Lauren Shymkewicz,https://www.sports-reference.com/cbb/players/lauren-shymkewicz-1.html,cal-state-northridge,2019-20
23,92,23,2020-02-14,Cal State Northridge,@,Hawaii,REG (Conf),L 66-70,*,11,0,1,.000,0,1,.000,0,0,,.000,0,0,,1,2,3,0,0,0,0,2,0,-0.2,Lauren Shymkewicz,https://www.sports-reference.com/cbb/players/lauren-shymkewicz-1.html,cal-state-northridge,2019-20
24,93,24,2020-02-15,Cal State Northridge,,UC Santa Barbara,REG (Conf),L 55-65,*,12,1,4,.250,0,2,.000,1,2,.500,.250,0,0,,1,1,2,0,0,0,2,0,2,-1.4,Lauren Shymkewicz,https://www.sports-reference.com/cbb/players/lauren-shymkewicz-1.html,cal-state-northridge,2019-20
25,94,25,2020-02-20,Cal State Northridge,@,UC Santa Barbara,REG (Conf),L 60-65,*,23,1,5,.200,0,2,.000,1,3,.333,.200,0,0,,1,3,4,0,0,0,2,4,2,-3.1,Lauren Shymkewicz,https://www.sports-reference.com/cbb/players/lauren-shymkewicz-1.html,cal-state-northridge,2019-20
26,95,26,2020-02-22,Cal State Northridge,@,Cal State Fullerton,REG (Conf),W 57-50,*,35,2,7,.286,0,1,.000,2,6,.333,.286,1,3,.333,1,4,5,0,0,1,1,3,5,0.5,Lauren Shymkewicz,https://www.sports-reference.com/cbb/players/lauren-shymkewicz-1.html,cal-state-northridge,2019-20
27,96,27,2020-02-27,Cal State Northridge,,Long Beach State,REG (Conf),W 66-54,*,32,4,10,.400,0,4,.000,4,6,.667,.400,1,4,.250,4,4,8,0,0,1,3,3,9,2.9,Lauren Shymkewicz,https://www.sports-reference.com/cbb/players/lauren-shymkewicz-1.html,cal-state-northridge,2019-20
28,97,28,2020-02-29,Cal State Northridge,@,Cal Poly,REG (Conf),L 43-53,*,30,1,4,.250,0,2,.000,1,2,.500,.250,0,0,,0,4,4,1,1,1,1,2,2,1.4,Lauren Shymkewicz,https://www.sports-reference.com/cbb/players/lauren-shymkewicz-1.html,cal-state-northridge,2019-20
29,98,29,2020-03-05,Cal State Northridge,,UC Davis,REG (Conf),L 58-71,*,32,4,7,.571,1,2,.500,3,5,.600,.643,1,2,.500,5,4,9,0,0,1,2,1,10,9.3,Lauren Shymkewicz,https://www.sports-reference.com/cbb/players/lauren-shymkewicz-1.html,cal-state-northridge,2019-20
30,99,30,2020-03-07,Cal State Northridge,@,UC Riverside,REG (Conf),W 74-49,*,25,3,4,.750,0,0,,3,4,.750,.750,0,2,.000,1,11,12,0,0,2,1,3,6,6.8,Lauren Shymkewicz,https://www.sports-reference.com/cbb/players/lauren-shymkewicz-1.html,cal-state-northridge,2019-20
31,100,31,2020-03-10,Cal State Northridge,@,Cal State Fullerton,CTOURN,L 52-67,*,36,6,11,.545,0,0,,6,11,.545,.545,0,0,,1,6,7,0,0,0,2,0,12,7.2,Lauren Shymkewicz,https://www.sports-reference.com/cbb/players/lauren-shymkewicz-1.html,cal-state-northridge,2019-20
