ranker,player_game_num_career,team_game_num_season,date,team_name_abbr,game_location,opp_name_abbr,game_type,game_result,is_starter,mp,fg,fga,fg_pct,fg3,fg3a,fg3_pct,fg2,fg2a,fg2_pct,efg_pct,ft,fta,ft_pct,orb,drb,trb,ast,stl,blk,tov,pf,pts,game_score,player_name,player_sr_link,school,season
1,66,1,2019-11-05,Cal State Northridge,,Southern California,REG (Non-Conf),L 53-69,*,26,1,15,.067,1,9,.111,0,6,.000,.100,0,0,,1,2,3,0,3,0,1,3,3,-5.0,Meghann Henderson,https://www.sports-reference.com/cbb/players/meghann-henderson-1.html,cal-state-northridge,2019-20
2,67,2,2019-11-09,Cal State Northridge,@,California Baptist,REG (Non-Conf),L 56-64,*,28,2,10,.200,0,4,.000,2,6,.333,.200,0,0,,0,3,3,2,1,0,2,3,4,-2.1,Meghann Henderson,https://www.sports-reference.com/cbb/players/meghann-henderson-1.html,cal-state-northridge,2019-20
3,68,3,2019-11-12,Cal State Northridge,,Virginia,REG (Non-Conf),L 47-72,*,29,2,10,.200,1,3,.333,1,7,.143,.250,2,4,.500,1,0,1,1,4,1,3,0,7,3.1,Meghann Henderson,https://www.sports-reference.com/cbb/players/meghann-henderson-1.html,cal-state-northridge,2019-20
4,69,4,2019-11-16,Cal State Northridge,@,San Francisco,REG (Non-Conf),L 61-79,*,31,1,14,.071,1,7,.143,0,7,.000,.107,1,2,.500,0,2,2,5,3,0,3,1,4,-2.1,Meghann Henderson,https://www.sports-reference.com/cbb/players/meghann-henderson-1.html,cal-state-northridge,2019-20
5,70,5,2019-11-21,Cal State Northridge,,Portland,REG (Non-Conf),W 73-64,*,37,4,8,.500,2,4,.500,2,4,.500,.625,2,6,.333,1,4,5,4,5,1,4,1,12,12.4,Meghann Henderson,https://www.sports-reference.com/cbb/players/meghann-henderson-1.html,cal-state-northridge,2019-20
6,71,6,2019-11-24,Cal State Northridge,@,Washington State,REG (Non-Conf),L 61-71,*,33,4,12,.333,3,6,.500,1,6,.167,.458,0,0,,1,2,3,2,2,1,3,2,11,5.8,Meghann Henderson,https://www.sports-reference.com/cbb/players/meghann-henderson-1.html,cal-state-northridge,2019-20
7,72,7,2019-11-29,Cal State Northridge,,SMU,REG (Non-Conf),L 58-68,*,35,3,10,.300,3,6,.500,0,4,.000,.450,2,2,1.000,1,3,4,2,2,0,2,5,11,6.2,Meghann Henderson,https://www.sports-reference.com/cbb/players/meghann-henderson-1.html,cal-state-northridge,2019-20
8,73,8,2019-11-30,Cal State Northridge,,Indiana State,REG (Non-Conf),W 67-59,*,33,6,14,.429,1,4,.250,5,10,.500,.464,1,2,.500,2,2,4,1,4,0,3,3,14,8.7,Meghann Henderson,https://www.sports-reference.com/cbb/players/meghann-henderson-1.html,cal-state-northridge,2019-20
9,74,9,2019-12-04,Cal State Northridge,@,Loyola Marymount,REG (Non-Conf),W 56-54,*,37,4,12,.333,2,3,.667,2,9,.222,.417,1,4,.250,0,9,9,2,0,0,3,2,11,3.3,Meghann Henderson,https://www.sports-reference.com/cbb/players/meghann-henderson-1.html,cal-state-northridge,2019-20
10,75,10,2019-12-07,Cal State Northridge,,UCLA,REG (Non-Conf),L 44-58,*,29,1,7,.143,1,3,.333,0,4,.000,.214,1,4,.250,0,4,4,0,0,0,6,4,4,-8.1,Meghann Henderson,https://www.sports-reference.com/cbb/players/meghann-henderson-1.html,cal-state-northridge,2019-20
11,76,11,2019-12-18,Cal State Northridge,,Santa Clara,REG (Non-Conf),L 55-76,,27,1,8,.125,0,5,.000,1,3,.333,.125,0,0,,0,4,4,1,1,0,2,1,2,-2.7,Meghann Henderson,https://www.sports-reference.com/cbb/players/meghann-henderson-1.html,cal-state-northridge,2019-20
12,77,12,2019-12-21,Cal State Northridge,@,San Diego,REG (Non-Conf),L 40-59,,21,1,2,.500,0,1,.000,1,1,1.000,.500,5,7,.714,0,1,1,1,2,0,4,5,7,2.2,Meghann Henderson,https://www.sports-reference.com/cbb/players/meghann-henderson-1.html,cal-state-northridge,2019-20
13,78,13,2019-12-28,Cal State Northridge,@,San Diego State,REG (Non-Conf),W 74-69 (OT),,37,5,15,.333,2,7,.286,3,8,.375,.400,1,2,.500,0,5,5,3,3,1,1,2,13,9.6,Meghann Henderson,https://www.sports-reference.com/cbb/players/meghann-henderson-1.html,cal-state-northridge,2019-20
14,79,14,2019-12-31,Cal State Northridge,,Hope International,REG (Non-Conf),W 77-54,*,24,4,10,.400,3,8,.375,1,2,.500,.550,0,0,,1,4,5,4,2,2,2,4,11,10.1,Meghann Henderson,https://www.sports-reference.com/cbb/players/meghann-henderson-1.html,cal-state-northridge,2019-20
15,80,15,2020-01-09,Cal State Northridge,,Hawaii,REG (Conf),W 58-54,*,37,4,12,.333,2,5,.400,2,7,.286,.417,3,4,.750,6,3,9,6,1,1,3,1,13,13.4,Meghann Henderson,https://www.sports-reference.com/cbb/players/meghann-henderson-1.html,cal-state-northridge,2019-20
16,81,16,2020-01-11,Cal State Northridge,,UC Irvine,REG (Conf),W 70-62,*,36,4,8,.500,3,6,.500,1,2,.500,.688,2,3,.667,2,0,2,6,2,0,3,4,13,11.6,Meghann Henderson,https://www.sports-reference.com/cbb/players/meghann-henderson-1.html,cal-state-northridge,2019-20
17,82,17,2020-01-16,Cal State Northridge,,Cal State Fullerton,REG (Conf),W 63-57 (OT),*,38,5,17,.294,3,9,.333,2,8,.250,.382,1,1,1.000,0,2,2,2,3,0,1,2,14,7.3,Meghann Henderson,https://www.sports-reference.com/cbb/players/meghann-henderson-1.html,cal-state-northridge,2019-20
18,83,18,2020-01-18,Cal State Northridge,@,Long Beach State,REG (Conf),L 52-60,*,21,1,5,.200,1,5,.200,0,0,,.300,0,0,,0,3,3,1,0,0,7,4,3,-7.1,Meghann Henderson,https://www.sports-reference.com/cbb/players/meghann-henderson-1.html,cal-state-northridge,2019-20
19,84,19,2020-01-23,Cal State Northridge,@,UC Irvine,REG (Conf),W 56-51,*,35,4,11,.364,1,4,.250,3,7,.429,.409,3,3,1.000,2,7,9,1,2,0,2,0,12,10.1,Meghann Henderson,https://www.sports-reference.com/cbb/players/meghann-henderson-1.html,cal-state-northridge,2019-20
20,85,20,2020-01-29,Cal State Northridge,@,UC Davis,REG (Conf),L 39-61,*,37,4,13,.308,1,5,.200,3,8,.375,.346,1,2,.500,1,4,5,2,0,1,1,3,10,3.9,Meghann Henderson,https://www.sports-reference.com/cbb/players/meghann-henderson-1.html,cal-state-northridge,2019-20
21,86,21,2020-02-01,Cal State Northridge,,Cal Poly,REG (Conf),L 41-52,*,30,2,11,.182,0,5,.000,2,6,.333,.182,0,4,.000,2,4,6,1,3,0,3,2,4,-2.0,Meghann Henderson,https://www.sports-reference.com/cbb/players/meghann-henderson-1.html,cal-state-northridge,2019-20
22,87,22,2020-02-06,Cal State Northridge,,UC Riverside,REG (Conf),L 62-67,*,14,0,5,.000,0,2,.000,0,3,.000,.000,0,0,,2,1,3,0,4,1,5,4,0,-3.7,Meghann Henderson,https://www.sports-reference.com/cbb/players/meghann-henderson-1.html,cal-state-northridge,2019-20
23,88,23,2020-02-14,Cal State Northridge,@,Hawaii,REG (Conf),L 66-70,*,33,2,10,.200,1,4,.250,1,6,.167,.250,0,2,.000,1,4,5,2,0,1,5,4,5,-4.6,Meghann Henderson,https://www.sports-reference.com/cbb/players/meghann-henderson-1.html,cal-state-northridge,2019-20
24,89,24,2020-02-15,Cal State Northridge,,UC Santa Barbara,REG (Conf),L 55-65,,22,2,4,.500,0,1,.000,2,3,.667,.500,0,0,,0,3,3,0,1,0,2,3,4,0.7,Meghann Henderson,https://www.sports-reference.com/cbb/players/meghann-henderson-1.html,cal-state-northridge,2019-20
25,90,25,2020-02-20,Cal State Northridge,@,UC Santa Barbara,REG (Conf),L 60-65,,24,0,10,.000,0,4,.000,0,6,.000,.000,0,0,,1,5,6,0,0,0,3,2,0,-8.6,Meghann Henderson,https://www.sports-reference.com/cbb/players/meghann-henderson-1.html,cal-state-northridge,2019-20
26,91,26,2020-02-22,Cal State Northridge,@,Cal State Fullerton,REG (Conf),W 57-50,,25,4,7,.571,3,4,.750,1,3,.333,.786,0,0,,1,1,2,3,1,1,3,4,11,7.9,Meghann Henderson,https://www.sports-reference.com/cbb/players/meghann-henderson-1.html,cal-state-northridge,2019-20
27,92,27,2020-02-27,Cal State Northridge,,Long Beach State,REG (Conf),W 66-54,,32,6,10,.600,3,5,.600,3,5,.600,.750,3,4,.750,2,3,5,4,2,2,5,2,18,15.7,Meghann Henderson,https://www.sports-reference.com/cbb/players/meghann-henderson-1.html,cal-state-northridge,2019-20
28,93,28,2020-02-29,Cal State Northridge,@,Cal Poly,REG (Conf),L 43-53,,28,2,7,.286,1,3,.333,1,4,.250,.357,2,4,.500,1,3,4,3,1,1,3,3,7,3.3,Meghann Henderson,https://www.sports-reference.com/cbb/players/meghann-henderson-1.html,cal-state-northridge,2019-20
29,94,29,2020-03-05,Cal State Northridge,,UC Davis,REG (Conf),L 58-71,,35,4,12,.333,3,5,.600,1,7,.143,.458,1,2,.500,3,4,7,3,1,0,1,3,12,9.0,Meghann Henderson,https://www.sports-reference.com/cbb/players/meghann-henderson-1.html,cal-state-northridge,2019-20
30,95,30,2020-03-07,Cal State Northridge,@,UC Riverside,REG (Conf),W 74-49,*,33,8,17,.471,5,11,.455,3,6,.500,.618,2,3,.667,3,8,11,1,3,1,1,1,23,21.4,Meghann Henderson,https://www.sports-reference.com/cbb/players/meghann-henderson-1.html,cal-state-northridge,2019-20
31,96,31,2020-03-10,Cal State Northridge,@,Cal State Fullerton,CTOURN,L 52-67,*,39,4,15,.267,4,8,.500,0,7,.000,.400,3,4,.750,1,6,7,3,2,1,3,1,15,9.6,Meghann Henderson,https://www.sports-reference.com/cbb/players/meghann-henderson-1.html,cal-state-northridge,2019-20
