ranker,player_game_num_career,team_game_num_season,date,team_name_abbr,game_location,opp_name_abbr,game_type,game_result,is_starter,mp,fg,fga,fg_pct,fg3,fg3a,fg3_pct,fg2,fg2a,fg2_pct,efg_pct,ft,fta,ft_pct,orb,drb,trb,ast,stl,blk,tov,pf,pts,game_score,player_name,player_sr_link,school,season
1,1,1,2019-11-05,Cal State Northridge,,Southern California,REG (Non-Conf),L 53-69,,21,2,6,.333,0,2,.000,2,4,.500,.333,0,0,,3,0,3,1,1,0,0,3,4,3.2,Olivia Smith,https://www.sports-reference.com/cbb/players/olivia-smith-3.html,cal-state-northridge,2019-20
2,2,2,2019-11-09,Cal State Northridge,@,California Baptist,REG (Non-Conf),L 56-64,,18,0,1,.000,0,0,,0,1,.000,.000,0,2,.000,0,4,4,3,1,0,1,5,0,-0.2,Olivia Smith,https://www.sports-reference.com/cbb/players/olivia-smith-3.html,cal-state-northridge,2019-20
3,3,3,2019-11-12,Cal State Northridge,,Virginia,REG (Non-Conf),L 47-72,,11,1,1,1.000,0,0,,1,1,1.000,1.000,0,0,,0,1,1,1,0,1,3,2,2,-0.4,Olivia Smith,https://www.sports-reference.com/cbb/players/olivia-smith-3.html,cal-state-northridge,2019-20
4,4,4,2019-11-16,Cal State Northridge,@,San Francisco,REG (Non-Conf),L 61-79,,29,1,7,.143,0,0,,1,7,.143,.143,1,2,.500,3,2,5,0,1,0,2,0,3,-0.2,Olivia Smith,https://www.sports-reference.com/cbb/players/olivia-smith-3.html,cal-state-northridge,2019-20
5,5,5,2019-11-21,Cal State Northridge,,Portland,REG (Non-Conf),W 73-64,,10,3,3,1.000,0,0,,3,3,1.000,1.000,0,0,,0,0,0,1,1,0,0,1,6,6.4,Olivia Smith,https://www.sports-reference.com/cbb/players/olivia-smith-3.html,cal-state-northridge,2019-20
6,6,6,2019-11-24,Cal State Northridge,@,Washington State,REG (Non-Conf),L 61-71,,17,1,3,.333,0,0,,1,3,.333,.333,1,2,.500,0,1,1,2,1,0,0,3,3,2.4,Olivia Smith,https://www.sports-reference.com/cbb/players/olivia-smith-3.html,cal-state-northridge,2019-20
7,7,7,2019-11-29,Cal State Northridge,,SMU,REG (Non-Conf),L 58-68,,3,0,1,.000,0,0,,0,1,.000,.000,0,0,,0,0,0,0,0,0,1,1,0,-2.1,Olivia Smith,https://www.sports-reference.com/cbb/players/olivia-smith-3.html,cal-state-northridge,2019-20
8,8,8,2019-11-30,Cal State Northridge,,Indiana State,REG (Non-Conf),W 67-59,,13,1,4,.250,0,0,,1,4,.250,.250,2,2,1.000,1,1,2,0,1,0,0,0,4,3.6,Olivia Smith,https://www.sports-reference.com/cbb/players/olivia-smith-3.html,cal-state-northridge,2019-20
9,9,9,2019-12-04,Cal State Northridge,@,Loyola Marymount,REG (Non-Conf),W 56-54,,13,0,1,.000,0,0,,0,1,.000,.000,0,0,,1,2,3,0,0,0,1,2,0,-1.2,Olivia Smith,https://www.sports-reference.com/cbb/players/olivia-smith-3.html,cal-state-northridge,2019-20
10,10,10,2019-12-07,Cal State Northridge,,UCLA,REG (Non-Conf),L 44-58,,4,1,2,.500,0,0,,1,2,.500,.500,1,2,.500,1,0,1,0,1,0,0,2,3,2.5,Olivia Smith,https://www.sports-reference.com/cbb/players/olivia-smith-3.html,cal-state-northridge,2019-20
11,11,11,2019-12-18,Cal State Northridge,,Santa Clara,REG (Non-Conf),L 55-76,,2,0,0,,0,0,,0,0,,,0,0,,0,0,0,0,0,0,1,0,0,-1.0,Olivia Smith,https://www.sports-reference.com/cbb/players/olivia-smith-3.html,cal-state-northridge,2019-20
12,12,12,2019-12-21,Cal State Northridge,@,San Diego,REG (Non-Conf),L 40-59,,2,0,0,,0,0,,0,0,,,0,0,,0,0,0,0,0,0,0,0,0,0.0,Olivia Smith,https://www.sports-reference.com/cbb/players/olivia-smith-3.html,cal-state-northridge,2019-20
13,13,13,2019-12-28,Cal State Northridge,@,San Diego State,REG (Non-Conf),W 74-69 (OT),,19,0,1,.000,0,0,,0,1,.000,.000,0,0,,0,3,3,2,1,1,1,2,0,1.5,Olivia Smith,https://www.sports-reference.com/cbb/players/olivia-smith-3.html,cal-state-northridge,2019-20
14,14,14,2019-12-31,Cal State Northridge,,Hope International,REG (Non-Conf),W 77-54,,19,4,7,.571,0,0,,4,7,.571,.571,0,1,.000,5,1,6,0,2,0,3,1,8,6.7,Olivia Smith,https://www.sports-reference.com/cbb/players/olivia-smith-3.html,cal-state-northridge,2019-20
15,15,15,2020-01-09,Cal State Northridge,,Hawaii,REG (Conf),W 58-54,,6,0,1,.000,0,0,,0,1,.000,.000,1,2,.500,1,0,1,0,1,0,0,2,1,0.8,Olivia Smith,https://www.sports-reference.com/cbb/players/olivia-smith-3.html,cal-state-northridge,2019-20
16,16,17,2020-01-16,Cal State Northridge,,Cal State Fullerton,REG (Conf),W 63-57 (OT),,5,1,1,1.000,0,0,,1,1,1.000,1.000,0,0,,1,0,1,0,0,0,0,0,2,2.4,Olivia Smith,https://www.sports-reference.com/cbb/players/olivia-smith-3.html,cal-state-northridge,2019-20
17,17,18,2020-01-18,Cal State Northridge,@,Long Beach State,REG (Conf),L 52-60,,0,0,0,,0,0,,0,0,,,0,0,,0,0,0,0,0,0,0,0,0,0.0,Olivia Smith,https://www.sports-reference.com/cbb/players/olivia-smith-3.html,cal-state-northridge,2019-20
18,18,19,2020-01-23,Cal State Northridge,@,UC Irvine,REG (Conf),W 56-51,,3,0,0,,0,0,,0,0,,,0,0,,0,2,2,0,1,0,0,0,0,1.6,Olivia Smith,https://www.sports-reference.com/cbb/players/olivia-smith-3.html,cal-state-northridge,2019-20
19,19,20,2020-01-29,Cal State Northridge,@,UC Davis,REG (Conf),L 39-61,,15,2,6,.333,0,1,.000,2,5,.400,.333,0,0,,1,1,2,0,0,0,0,1,4,1.2,Olivia Smith,https://www.sports-reference.com/cbb/players/olivia-smith-3.html,cal-state-northridge,2019-20
20,20,21,2020-02-01,Cal State Northridge,,Cal Poly,REG (Conf),L 41-52,,16,0,1,.000,0,0,,0,1,.000,.000,1,2,.500,1,1,2,1,0,1,1,1,1,0.9,Olivia Smith,https://www.sports-reference.com/cbb/players/olivia-smith-3.html,cal-state-northridge,2019-20
21,21,22,2020-02-06,Cal State Northridge,,UC Riverside,REG (Conf),L 62-67,,15,0,0,,0,0,,0,0,,,0,0,,0,0,0,0,1,0,1,1,0,-0.4,Olivia Smith,https://www.sports-reference.com/cbb/players/olivia-smith-3.html,cal-state-northridge,2019-20
22,22,23,2020-02-14,Cal State Northridge,@,Hawaii,REG (Conf),L 66-70,,2,1,1,1.000,1,1,1.000,0,0,,1.500,0,0,,0,0,0,0,0,0,0,0,3,2.7,Olivia Smith,https://www.sports-reference.com/cbb/players/olivia-smith-3.html,cal-state-northridge,2019-20
23,23,24,2020-02-15,Cal State Northridge,,UC Santa Barbara,REG (Conf),L 55-65,,16,1,5,.200,1,3,.333,0,2,.000,.300,0,0,,3,0,3,0,1,2,3,1,3,1.0,Olivia Smith,https://www.sports-reference.com/cbb/players/olivia-smith-3.html,cal-state-northridge,2019-20
24,24,26,2020-02-22,Cal State Northridge,@,Cal State Fullerton,REG (Conf),W 57-50,,6,0,2,.000,0,1,.000,0,1,.000,.000,0,0,,0,1,1,1,1,0,0,0,0,0.6,Olivia Smith,https://www.sports-reference.com/cbb/players/olivia-smith-3.html,cal-state-northridge,2019-20
25,25,28,2020-02-29,Cal State Northridge,@,Cal Poly,REG (Conf),L 43-53,,7,0,2,.000,0,2,.000,0,0,,.000,0,0,,1,1,2,0,0,0,1,1,0,-1.8,Olivia Smith,https://www.sports-reference.com/cbb/players/olivia-smith-3.html,cal-state-northridge,2019-20
26,26,29,2020-03-05,Cal State Northridge,,UC Davis,REG (Conf),L 58-71,,4,0,0,,0,0,,0,0,,,0,0,,0,1,1,0,0,0,0,0,0,0.3,Olivia Smith,https://www.sports-reference.com/cbb/players/olivia-smith-3.html,cal-state-northridge,2019-20
27,27,30,2020-03-07,Cal State Northridge,@,UC Riverside,REG (Conf),W 74-49,,6,1,2,.500,1,2,.500,0,0,,.750,0,0,,1,0,1,0,0,0,0,1,3,2.3,Olivia Smith,https://www.sports-reference.com/cbb/players/olivia-smith-3.html,cal-state-northridge,2019-20
28,28,31,2020-03-10,Cal State Northridge,@,Cal State Fullerton,CTOURN,L 52-67,,3,0,2,.000,0,1,.000,0,1,.000,.000,0,0,,1,1,2,0,1,0,0,0,0,0.6,Olivia Smith,https://www.sports-reference.com/cbb/players/olivia-smith-3.html,cal-state-northridge,2019-20
