ranker,player_game_num_career,team_game_num_season,date,team_name_abbr,game_location,opp_name_abbr,game_type,game_result,is_starter,mp,fg,fga,fg_pct,fg3,fg3a,fg3_pct,fg2,fg2a,fg2_pct,efg_pct,ft,fta,ft_pct,orb,drb,trb,ast,stl,blk,tov,pf,pts,game_score,player_name,player_sr_link,school,season
1,92,1,2024-11-04,Lehigh,,LIU,REG (Non-Conf),W 83-59,*,23,4,6,.667,0,2,.000,4,4,1.000,.667,1,2,.500,1,3,4,1,6,1,3,0,9,12.0,Meghan O'Brien,https://www.sports-reference.com/cbb/players/meghan-obrien-1.html,lehigh,2024-25
2,93,2,2024-11-08,Lehigh,@,Michigan,REG (Non-Conf),L 55-86,*,27,1,4,.250,0,1,.000,1,3,.333,.250,0,0,,2,4,6,2,0,0,2,3,2,0.4,Meghan O'Brien,https://www.sports-reference.com/cbb/players/meghan-obrien-1.html,lehigh,2024-25
3,94,3,2024-11-10,Lehigh,@,Northwestern,REG (Non-Conf),W 85-68,*,22,3,4,.750,3,4,.750,0,0,,1.125,0,0,,0,4,4,3,1,0,2,1,9,9.3,Meghan O'Brien,https://www.sports-reference.com/cbb/players/meghan-obrien-1.html,lehigh,2024-25
4,95,4,2024-11-17,Lehigh,@,Brown,REG (Non-Conf),W 62-55,*,20,2,6,.333,0,2,.000,2,4,.500,.333,2,2,1.000,0,0,0,1,1,0,1,0,6,3.3,Meghan O'Brien,https://www.sports-reference.com/cbb/players/meghan-obrien-1.html,lehigh,2024-25
5,96,5,2024-11-22,Lehigh,,Hofstra,REG (Non-Conf),W 80-61,*,24,3,4,.750,2,2,1.000,1,2,.500,1.000,6,6,1.000,1,5,6,0,0,0,0,0,14,14.6,Meghan O'Brien,https://www.sports-reference.com/cbb/players/meghan-obrien-1.html,lehigh,2024-25
6,97,6,2024-11-26,Lehigh,@,La Salle,REG (Non-Conf),L 62-65,*,32,4,7,.571,0,1,.000,4,6,.667,.571,0,0,,1,5,6,4,0,1,2,3,8,7.2,Meghan O'Brien,https://www.sports-reference.com/cbb/players/meghan-obrien-1.html,lehigh,2024-25
7,98,7,2024-11-30,Lehigh,,Marist,REG (Non-Conf),W 56-39,*,21,2,4,.500,1,2,.500,1,2,.500,.625,0,0,,0,3,3,1,1,0,1,1,5,4.2,Meghan O'Brien,https://www.sports-reference.com/cbb/players/meghan-obrien-1.html,lehigh,2024-25
8,99,8,2024-12-01,Lehigh,,Valparaiso,REG (Non-Conf),W 77-59,*,21,2,7,.286,2,4,.500,0,3,.000,.429,0,0,,0,4,4,0,3,0,1,1,6,4.7,Meghan O'Brien,https://www.sports-reference.com/cbb/players/meghan-obrien-1.html,lehigh,2024-25
9,100,9,2024-12-04,Lehigh,@,Drexel,REG (Non-Conf),L 44-53,*,16,0,7,.000,0,2,.000,0,5,.000,.000,0,0,,1,2,3,0,1,0,0,1,0,-3.0,Meghan O'Brien,https://www.sports-reference.com/cbb/players/meghan-obrien-1.html,lehigh,2024-25
10,101,10,2024-12-08,Lehigh,@,Cornell,REG (Non-Conf),W 73-51,*,28,0,6,.000,0,5,.000,0,1,.000,.000,0,0,,0,1,1,3,1,0,0,2,0,-1.6,Meghan O'Brien,https://www.sports-reference.com/cbb/players/meghan-obrien-1.html,lehigh,2024-25
11,102,12,2024-12-29,Lehigh,,Misericordia,REG (Non-Conf),W 81-22,,16,3,4,.750,0,1,.000,3,3,1.000,.750,0,0,,0,4,4,1,0,1,2,0,6,5.0,Meghan O'Brien,https://www.sports-reference.com/cbb/players/meghan-obrien-1.html,lehigh,2024-25
12,103,13,2025-01-02,Lehigh,@,Bucknell,REG (Conf),W 65-53,*,29,4,7,.571,0,2,.000,4,5,.800,.571,1,1,1.000,1,6,7,3,2,0,1,2,9,10.5,Meghan O'Brien,https://www.sports-reference.com/cbb/players/meghan-obrien-1.html,lehigh,2024-25
13,104,14,2025-01-05,Lehigh,,Loyola (MD),REG (Conf),W 74-66,*,30,3,5,.600,2,4,.500,1,1,1.000,.800,0,0,,3,8,11,0,0,2,3,3,8,7.4,Meghan O'Brien,https://www.sports-reference.com/cbb/players/meghan-obrien-1.html,lehigh,2024-25
14,105,15,2025-01-08,Lehigh,,Colgate,REG (Conf),L 66-70,*,10,1,3,.333,0,1,.000,1,2,.500,.333,0,0,,0,0,0,0,0,1,2,0,2,-1.0,Meghan O'Brien,https://www.sports-reference.com/cbb/players/meghan-obrien-1.html,lehigh,2024-25
15,106,16,2025-01-12,Lehigh,@,Army,REG (Conf),W 90-51,*,17,4,4,1.000,2,2,1.000,2,2,1.000,1.250,0,0,,0,5,5,2,0,1,1,0,10,11.4,Meghan O'Brien,https://www.sports-reference.com/cbb/players/meghan-obrien-1.html,lehigh,2024-25
16,107,17,2025-01-15,Lehigh,,Boston University,REG (Conf),W 80-54,*,21,1,3,.333,0,1,.000,1,2,.500,.333,0,0,,1,4,5,1,1,1,2,1,2,2.2,Meghan O'Brien,https://www.sports-reference.com/cbb/players/meghan-obrien-1.html,lehigh,2024-25
17,108,18,2025-01-18,Lehigh,@,Loyola (MD),REG (Conf),W 54-43,*,16,2,3,.667,0,1,.000,2,2,1.000,.667,0,0,,1,1,2,0,0,0,1,4,4,1.1,Meghan O'Brien,https://www.sports-reference.com/cbb/players/meghan-obrien-1.html,lehigh,2024-25
18,109,19,2025-01-22,Lehigh,,American,REG (Conf),W 61-55,*,23,2,3,.667,1,1,1.000,1,2,.500,.833,2,2,1.000,2,1,3,0,1,0,0,1,7,8.0,Meghan O'Brien,https://www.sports-reference.com/cbb/players/meghan-obrien-1.html,lehigh,2024-25
19,110,20,2025-01-25,Lehigh,,Lafayette,REG (Conf),W 73-51,*,21,5,8,.625,1,2,.500,4,6,.667,.688,2,2,1.000,0,2,2,3,1,2,0,1,13,14.1,Meghan O'Brien,https://www.sports-reference.com/cbb/players/meghan-obrien-1.html,lehigh,2024-25
20,111,21,2025-01-29,Lehigh,@,Navy,REG (Conf),W 87-66,*,16,1,1,1.000,0,0,,1,1,1.000,1.000,4,4,1.000,1,1,2,2,0,0,1,2,6,6.3,Meghan O'Brien,https://www.sports-reference.com/cbb/players/meghan-obrien-1.html,lehigh,2024-25
21,112,22,2025-02-01,Lehigh,,Holy Cross,REG (Conf),W 60-47,*,25,2,4,.500,0,2,.000,2,2,1.000,.500,0,0,,1,3,4,2,0,0,1,2,4,3.2,Meghan O'Brien,https://www.sports-reference.com/cbb/players/meghan-obrien-1.html,lehigh,2024-25
22,113,23,2025-02-08,Lehigh,@,American,REG (Conf),W 67-52,*,28,6,11,.545,0,2,.000,6,9,.667,.545,2,2,1.000,1,2,3,1,1,0,1,2,14,9.9,Meghan O'Brien,https://www.sports-reference.com/cbb/players/meghan-obrien-1.html,lehigh,2024-25
23,114,24,2025-02-12,Lehigh,,Navy,REG (Conf),W 74-56,*,24,5,6,.833,0,0,,5,6,.833,.833,0,0,,0,5,5,3,1,1,1,1,10,11.7,Meghan O'Brien,https://www.sports-reference.com/cbb/players/meghan-obrien-1.html,lehigh,2024-25
24,115,25,2025-02-15,Lehigh,@,Holy Cross,REG (Conf),W 69-59 (OT),*,32,3,9,.333,1,3,.333,2,6,.333,.389,2,2,1.000,0,1,1,2,2,0,3,0,9,4.6,Meghan O'Brien,https://www.sports-reference.com/cbb/players/meghan-obrien-1.html,lehigh,2024-25
25,116,26,2025-02-19,Lehigh,,Bucknell,REG (Conf),W 73-59,*,23,4,6,.667,1,1,1.000,3,5,.600,.750,0,0,,0,4,4,1,0,1,2,3,9,5.8,Meghan O'Brien,https://www.sports-reference.com/cbb/players/meghan-obrien-1.html,lehigh,2024-25
26,117,27,2025-02-22,Lehigh,@,Lafayette,REG (Conf),W 75-61,*,21,2,6,.333,0,2,.000,2,4,.500,.333,0,0,,0,2,2,2,1,1,0,1,4,3.9,Meghan O'Brien,https://www.sports-reference.com/cbb/players/meghan-obrien-1.html,lehigh,2024-25
27,118,28,2025-02-26,Lehigh,@,Boston University,REG (Conf),L 68-80,*,21,3,7,.429,0,1,.000,3,6,.500,.429,0,0,,0,3,3,0,2,0,1,4,6,2.6,Meghan O'Brien,https://www.sports-reference.com/cbb/players/meghan-obrien-1.html,lehigh,2024-25
28,119,29,2025-03-01,Lehigh,,Army,REG (Conf),W 76-61,*,30,5,8,.625,2,4,.500,3,4,.750,.750,1,2,.500,2,4,6,0,2,2,3,2,13,11.2,Meghan O'Brien,https://www.sports-reference.com/cbb/players/meghan-obrien-1.html,lehigh,2024-25
29,120,31,2025-03-10,Lehigh,,Boston University,CTOURN,W 62-44,*,22,0,4,.000,0,1,.000,0,3,.000,.000,0,0,,0,3,3,0,1,0,0,1,0,-1.3,Meghan O'Brien,https://www.sports-reference.com/cbb/players/meghan-obrien-1.html,lehigh,2024-25
30,121,32,2025-03-13,Lehigh,,Holy Cross,CTOURN,W 65-44,*,27,3,8,.375,2,4,.500,1,4,.250,.500,0,0,,1,2,3,2,0,0,0,0,8,6.3,Meghan O'Brien,https://www.sports-reference.com/cbb/players/meghan-obrien-1.html,lehigh,2024-25
31,122,33,2025-03-16,Lehigh,,Army,CTOURN,W 74-62,*,20,3,6,.500,0,2,.000,3,4,.750,.500,0,0,,0,1,1,2,1,0,0,0,6,5.7,Meghan O'Brien,https://www.sports-reference.com/cbb/players/meghan-obrien-1.html,lehigh,2024-25
32,123,34,2025-03-21,Lehigh,@,Duke,ROUND-64,L 25-86,*,20,0,3,.000,0,1,.000,0,2,.000,.000,0,0,,0,3,3,0,0,0,3,0,0,-4.2,Meghan O'Brien,https://www.sports-reference.com/cbb/players/meghan-obrien-1.html,lehigh,2024-25
