ranker,player_game_num_career,team_game_num_season,date,team_name_abbr,game_location,opp_name_abbr,game_type,game_result,is_starter,mp,fg,fga,fg_pct,fg3,fg3a,fg3_pct,fg2,fg2a,fg2_pct,efg_pct,ft,fta,ft_pct,orb,drb,trb,ast,stl,blk,tov,pf,pts,game_score,player_name,player_sr_link,school,season
1,91,1,2024-11-04,Lehigh,,LIU,REG (Non-Conf),W 83-59,,10,0,3,.000,0,1,.000,0,2,.000,.000,0,0,,0,1,1,1,0,0,1,0,0,-2.1,Remi Sisselman,https://www.sports-reference.com/cbb/players/remi-sisselman-1.html,lehigh,2024-25
2,92,2,2024-11-08,Lehigh,@,Michigan,REG (Non-Conf),L 55-86,,6,0,0,,0,0,,0,0,,,1,2,.500,0,0,0,0,1,0,2,0,1,-0.4,Remi Sisselman,https://www.sports-reference.com/cbb/players/remi-sisselman-1.html,lehigh,2024-25
3,93,3,2024-11-10,Lehigh,@,Northwestern,REG (Non-Conf),W 85-68,,5,0,1,.000,0,0,,0,1,.000,.000,2,2,1.000,0,1,1,0,0,0,0,2,2,0.8,Remi Sisselman,https://www.sports-reference.com/cbb/players/remi-sisselman-1.html,lehigh,2024-25
4,94,4,2024-11-17,Lehigh,@,Brown,REG (Non-Conf),W 62-55,,2,1,1,1.000,0,0,,1,1,1.000,1.000,0,0,,0,0,0,0,1,0,1,0,2,1.7,Remi Sisselman,https://www.sports-reference.com/cbb/players/remi-sisselman-1.html,lehigh,2024-25
5,95,5,2024-11-22,Lehigh,,Hofstra,REG (Non-Conf),W 80-61,,9,0,1,.000,0,1,.000,0,0,,.000,0,0,,0,3,3,1,0,0,1,0,0,-0.1,Remi Sisselman,https://www.sports-reference.com/cbb/players/remi-sisselman-1.html,lehigh,2024-25
6,96,6,2024-11-26,Lehigh,@,La Salle,REG (Non-Conf),L 62-65,,3,0,0,,0,0,,0,0,,,2,2,1.000,0,1,1,0,1,0,0,0,2,3.3,Remi Sisselman,https://www.sports-reference.com/cbb/players/remi-sisselman-1.html,lehigh,2024-25
7,97,7,2024-11-30,Lehigh,,Marist,REG (Non-Conf),W 56-39,,14,2,5,.400,0,0,,2,5,.400,.400,0,0,,0,0,0,1,1,0,1,2,4,1.2,Remi Sisselman,https://www.sports-reference.com/cbb/players/remi-sisselman-1.html,lehigh,2024-25
8,98,8,2024-12-01,Lehigh,,Valparaiso,REG (Non-Conf),W 77-59,,18,3,5,.600,0,1,.000,3,4,.750,.600,6,7,.857,0,3,3,2,1,0,1,3,12,10.4,Remi Sisselman,https://www.sports-reference.com/cbb/players/remi-sisselman-1.html,lehigh,2024-25
9,99,9,2024-12-04,Lehigh,@,Drexel,REG (Non-Conf),L 44-53,,13,0,2,.000,0,0,,0,2,.000,.000,1,2,.500,0,1,1,0,0,0,2,0,1,-2.5,Remi Sisselman,https://www.sports-reference.com/cbb/players/remi-sisselman-1.html,lehigh,2024-25
10,100,10,2024-12-08,Lehigh,@,Cornell,REG (Non-Conf),W 73-51,,15,1,2,.500,0,0,,1,2,.500,.500,1,2,.500,0,0,0,0,2,0,2,3,3,0.4,Remi Sisselman,https://www.sports-reference.com/cbb/players/remi-sisselman-1.html,lehigh,2024-25
11,101,11,2024-12-21,Lehigh,,Wofford,REG (Non-Conf),W 69-64,,10,1,5,.200,0,1,.000,1,4,.250,.200,1,2,.500,0,2,2,1,1,0,1,1,3,0.4,Remi Sisselman,https://www.sports-reference.com/cbb/players/remi-sisselman-1.html,lehigh,2024-25
12,102,12,2024-12-29,Lehigh,,Misericordia,REG (Non-Conf),W 81-22,,13,1,2,.500,0,1,.000,1,1,1.000,.500,2,4,.500,0,2,2,1,1,0,0,1,4,4.1,Remi Sisselman,https://www.sports-reference.com/cbb/players/remi-sisselman-1.html,lehigh,2024-25
13,103,13,2025-01-02,Lehigh,@,Bucknell,REG (Conf),W 65-53,,7,0,1,.000,0,0,,0,1,.000,.000,2,2,1.000,0,0,0,0,1,0,1,0,2,1.3,Remi Sisselman,https://www.sports-reference.com/cbb/players/remi-sisselman-1.html,lehigh,2024-25
14,104,14,2025-01-05,Lehigh,,Loyola (MD),REG (Conf),W 74-66,,7,0,2,.000,0,1,.000,0,1,.000,.000,0,0,,0,2,2,0,0,0,1,1,0,-2.2,Remi Sisselman,https://www.sports-reference.com/cbb/players/remi-sisselman-1.html,lehigh,2024-25
15,105,16,2025-01-12,Lehigh,@,Army,REG (Conf),W 90-51,,8,1,2,.500,0,0,,1,2,.500,.500,0,0,,0,0,0,0,0,0,0,1,2,0.6,Remi Sisselman,https://www.sports-reference.com/cbb/players/remi-sisselman-1.html,lehigh,2024-25
16,106,17,2025-01-15,Lehigh,,Boston University,REG (Conf),W 80-54,,7,2,2,1.000,0,0,,2,2,1.000,1.000,1,1,1.000,2,1,3,0,0,0,1,1,5,4.7,Remi Sisselman,https://www.sports-reference.com/cbb/players/remi-sisselman-1.html,lehigh,2024-25
17,107,18,2025-01-18,Lehigh,@,Loyola (MD),REG (Conf),W 54-43,,6,0,0,,0,0,,0,0,,,0,0,,0,0,0,0,0,0,1,0,0,-1.0,Remi Sisselman,https://www.sports-reference.com/cbb/players/remi-sisselman-1.html,lehigh,2024-25
18,108,19,2025-01-22,Lehigh,,American,REG (Conf),W 61-55,,3,0,0,,0,0,,0,0,,,0,0,,0,1,1,0,0,0,0,1,0,-0.1,Remi Sisselman,https://www.sports-reference.com/cbb/players/remi-sisselman-1.html,lehigh,2024-25
19,109,20,2025-01-25,Lehigh,,Lafayette,REG (Conf),W 73-51,,13,2,3,.667,1,1,1.000,1,2,.500,.833,0,0,,0,0,0,2,0,0,0,0,5,5.1,Remi Sisselman,https://www.sports-reference.com/cbb/players/remi-sisselman-1.html,lehigh,2024-25
20,110,21,2025-01-29,Lehigh,@,Navy,REG (Conf),W 87-66,,7,0,2,.000,0,0,,0,2,.000,.000,2,2,1.000,3,1,4,0,1,0,0,2,2,3.2,Remi Sisselman,https://www.sports-reference.com/cbb/players/remi-sisselman-1.html,lehigh,2024-25
21,111,22,2025-02-01,Lehigh,,Holy Cross,REG (Conf),W 60-47,,4,0,0,,0,0,,0,0,,,0,0,,0,0,0,0,0,0,0,1,0,-0.4,Remi Sisselman,https://www.sports-reference.com/cbb/players/remi-sisselman-1.html,lehigh,2024-25
22,112,23,2025-02-08,Lehigh,@,American,REG (Conf),W 67-52,,4,0,0,,0,0,,0,0,,,0,0,,0,1,1,0,0,0,0,1,0,-0.1,Remi Sisselman,https://www.sports-reference.com/cbb/players/remi-sisselman-1.html,lehigh,2024-25
23,113,24,2025-02-12,Lehigh,,Navy,REG (Conf),W 74-56,,6,0,0,,0,0,,0,0,,,0,0,,0,1,1,0,0,0,0,0,0,0.3,Remi Sisselman,https://www.sports-reference.com/cbb/players/remi-sisselman-1.html,lehigh,2024-25
24,114,25,2025-02-15,Lehigh,@,Holy Cross,REG (Conf),W 69-59 (OT),,15,5,5,1.000,0,0,,5,5,1.000,1.000,2,2,1.000,0,3,3,1,1,1,1,1,12,12.4,Remi Sisselman,https://www.sports-reference.com/cbb/players/remi-sisselman-1.html,lehigh,2024-25
25,115,26,2025-02-19,Lehigh,,Bucknell,REG (Conf),W 73-59,,9,0,1,.000,0,0,,0,1,.000,.000,0,0,,0,2,2,0,0,0,0,0,0,-0.1,Remi Sisselman,https://www.sports-reference.com/cbb/players/remi-sisselman-1.html,lehigh,2024-25
26,116,27,2025-02-22,Lehigh,@,Lafayette,REG (Conf),W 75-61,,9,0,3,.000,0,1,.000,0,2,.000,.000,0,0,,1,0,1,0,1,0,1,0,0,-1.4,Remi Sisselman,https://www.sports-reference.com/cbb/players/remi-sisselman-1.html,lehigh,2024-25
27,117,28,2025-02-26,Lehigh,@,Boston University,REG (Conf),L 68-80,,4,0,2,.000,0,1,.000,0,1,.000,.000,0,0,,0,1,1,0,0,0,0,0,0,-1.1,Remi Sisselman,https://www.sports-reference.com/cbb/players/remi-sisselman-1.html,lehigh,2024-25
28,118,29,2025-03-01,Lehigh,,Army,REG (Conf),W 76-61,*,5,0,0,,0,0,,0,0,,,0,0,,0,1,1,1,0,0,0,1,0,0.6,Remi Sisselman,https://www.sports-reference.com/cbb/players/remi-sisselman-1.html,lehigh,2024-25
29,119,30,2025-03-05,Lehigh,@,Colgate,REG (Conf),L 59-78,,12,2,3,.667,0,1,.000,2,2,1.000,.667,2,2,1.000,1,2,3,0,1,0,2,2,6,4.2,Remi Sisselman,https://www.sports-reference.com/cbb/players/remi-sisselman-1.html,lehigh,2024-25
30,120,31,2025-03-10,Lehigh,,Boston University,CTOURN,W 62-44,,8,1,3,.333,0,0,,1,3,.333,.333,0,0,,0,0,0,0,0,0,1,0,2,-0.7,Remi Sisselman,https://www.sports-reference.com/cbb/players/remi-sisselman-1.html,lehigh,2024-25
31,121,32,2025-03-13,Lehigh,,Holy Cross,CTOURN,W 65-44,,6,0,1,.000,0,1,.000,0,0,,.000,0,0,,1,0,1,1,0,0,0,0,0,0.7,Remi Sisselman,https://www.sports-reference.com/cbb/players/remi-sisselman-1.html,lehigh,2024-25
32,122,33,2025-03-16,Lehigh,,Army,CTOURN,W 74-62,,11,4,4,1.000,0,0,,4,4,1.000,1.000,3,3,1.000,0,3,3,0,0,0,1,0,11,9.7,Remi Sisselman,https://www.sports-reference.com/cbb/players/remi-sisselman-1.html,lehigh,2024-25
33,123,34,2025-03-21,Lehigh,@,Duke,ROUND-64,L 25-86,,16,1,7,.143,0,2,.000,1,5,.200,.143,0,0,,2,1,3,0,1,0,2,2,2,-2.6,Remi Sisselman,https://www.sports-reference.com/cbb/players/remi-sisselman-1.html,lehigh,2024-25
