ranker,player_game_num_career,team_game_num_season,date,team_name_abbr,game_location,opp_name_abbr,game_type,game_result,is_starter,mp,fg,fga,fg_pct,fg3,fg3a,fg3_pct,fg2,fg2a,fg2_pct,efg_pct,ft,fta,ft_pct,orb,drb,trb,ast,stl,blk,tov,pf,pts,game_score,player_name,player_sr_link,school,season
1,32,1,2020-11-27,Missouri,,North Alabama,REG (Non-Conf),W 96-78,*,28,7,13,.538,1,3,.333,6,10,.600,.577,6,8,.750,1,9,10,1,1,1,2,4,21,16.1,Aijha Blackwell,https://www.sports-reference.com/cbb/players/aijha-blackwell-1.html,missouri,2020-21
2,33,2,2020-12-14,Missouri,,Missouri State,REG (Non-Conf),L 58-72,*,26,4,10,.400,0,3,.000,4,7,.571,.400,2,2,1.000,1,5,6,0,0,0,3,5,10,1.8,Aijha Blackwell,https://www.sports-reference.com/cbb/players/aijha-blackwell-1.html,missouri,2020-21
3,34,3,2020-12-16,Missouri,,New Orleans,REG (Non-Conf),W 84-45,*,18,7,10,.700,1,2,.500,6,8,.750,.750,1,4,.250,0,8,8,2,1,0,4,2,16,10.6,Aijha Blackwell,https://www.sports-reference.com/cbb/players/aijha-blackwell-1.html,missouri,2020-21
4,35,4,2020-12-19,Missouri,,Oral Roberts,REG (Non-Conf),W 88-49,*,18,5,10,.500,3,6,.500,2,4,.500,.650,0,2,.000,1,6,7,1,0,1,2,2,13,8.3,Aijha Blackwell,https://www.sports-reference.com/cbb/players/aijha-blackwell-1.html,missouri,2020-21
5,36,5,2020-12-20,Missouri,,Southern Illinois,REG (Non-Conf),W 79-43,*,19,3,9,.333,1,2,.500,2,7,.286,.389,4,4,1.000,1,9,10,2,0,0,1,1,11,9.3,Aijha Blackwell,https://www.sports-reference.com/cbb/players/aijha-blackwell-1.html,missouri,2020-21
6,37,6,2020-12-31,Missouri,,Alabama,REG (Conf),L 59-74,*,31,6,15,.400,0,4,.000,6,11,.545,.400,3,5,.600,5,7,12,2,3,0,2,1,15,13.7,Aijha Blackwell,https://www.sports-reference.com/cbb/players/aijha-blackwell-1.html,missouri,2020-21
7,38,7,2021-01-03,Missouri,@,Arkansas,REG (Conf),L 88-91,*,34,8,16,.500,1,3,.333,7,13,.538,.531,3,3,1.000,4,10,14,3,0,2,4,4,20,15.7,Aijha Blackwell,https://www.sports-reference.com/cbb/players/aijha-blackwell-1.html,missouri,2020-21
8,39,8,2021-01-14,Missouri,@,Ole Miss,REG (Conf),W 86-77,*,24,6,10,.600,2,4,.500,4,6,.667,.700,1,4,.250,0,6,6,5,1,0,2,3,15,12.3,Aijha Blackwell,https://www.sports-reference.com/cbb/players/aijha-blackwell-1.html,missouri,2020-21
9,40,9,2021-01-18,Missouri,,Louisiana State,REG (Conf),L 64-66,*,32,5,11,.455,1,5,.200,4,6,.667,.500,3,5,.600,2,9,11,3,3,0,7,1,14,9.3,Aijha Blackwell,https://www.sports-reference.com/cbb/players/aijha-blackwell-1.html,missouri,2020-21
10,41,10,2021-01-24,Missouri,,Texas A&M,REG (Conf),L 66-70,*,37,5,10,.500,1,3,.333,4,7,.571,.550,0,3,.000,1,15,16,3,0,0,4,2,11,7.3,Aijha Blackwell,https://www.sports-reference.com/cbb/players/aijha-blackwell-1.html,missouri,2020-21
11,42,11,2021-01-28,Missouri,@,Florida,REG (Conf),W 61-58,*,33,4,11,.364,0,3,.000,4,8,.500,.364,6,10,.600,6,10,16,0,0,1,2,4,14,10.6,Aijha Blackwell,https://www.sports-reference.com/cbb/players/aijha-blackwell-1.html,missouri,2020-21
12,43,12,2021-01-31,Missouri,@,Kentucky,REG (Conf),L 55-61,*,38,4,12,.333,0,6,.000,4,6,.667,.333,5,6,.833,5,14,19,0,0,0,1,4,13,10.9,Aijha Blackwell,https://www.sports-reference.com/cbb/players/aijha-blackwell-1.html,missouri,2020-21
13,44,13,2021-02-04,Missouri,,Arkansas,REG (Conf),L 80-85,*,29,4,8,.500,1,1,1.000,3,7,.429,.563,4,5,.800,3,9,12,3,0,0,2,4,13,11.9,Aijha Blackwell,https://www.sports-reference.com/cbb/players/aijha-blackwell-1.html,missouri,2020-21
14,45,14,2021-02-07,Missouri,@,Auburn,REG (Conf),W 85-75,*,29,5,9,.556,1,2,.500,4,7,.571,.611,1,2,.500,4,6,10,3,1,0,2,2,12,12.2,Aijha Blackwell,https://www.sports-reference.com/cbb/players/aijha-blackwell-1.html,missouri,2020-21
15,46,15,2021-02-11,Missouri,@,South Carolina,REG (Conf),L 62-77,*,27,2,11,.182,1,4,.250,1,7,.143,.227,0,0,,4,6,10,0,0,1,2,5,5,-0.6,Aijha Blackwell,https://www.sports-reference.com/cbb/players/aijha-blackwell-1.html,missouri,2020-21
16,47,17,2021-02-21,Missouri,,Florida,REG (Conf),W 96-80,*,28,8,15,.533,2,3,.667,6,12,.500,.600,3,8,.375,5,9,14,2,2,0,2,4,21,17.7,Aijha Blackwell,https://www.sports-reference.com/cbb/players/aijha-blackwell-1.html,missouri,2020-21
17,48,18,2021-02-25,Missouri,,Tennessee,REG (Conf),L 73-78,*,30,6,11,.545,1,3,.333,5,8,.625,.591,3,6,.500,2,6,8,0,0,0,0,2,16,11.9,Aijha Blackwell,https://www.sports-reference.com/cbb/players/aijha-blackwell-1.html,missouri,2020-21
18,49,19,2021-02-28,Missouri,@,Mississippi State,REG (Conf),W 77-57,*,28,4,12,.333,1,3,.333,3,9,.333,.375,3,5,.600,3,11,14,4,0,0,6,1,12,6.2,Aijha Blackwell,https://www.sports-reference.com/cbb/players/aijha-blackwell-1.html,missouri,2020-21
19,50,20,2021-03-04,Missouri,@,Alabama,CTOURN,L 74-82,*,32,10,17,.588,4,6,.667,6,11,.545,.706,4,5,.800,4,8,12,0,0,0,3,5,28,19.9,Aijha Blackwell,https://www.sports-reference.com/cbb/players/aijha-blackwell-1.html,missouri,2020-21
20,51,21,2021-03-19,Missouri,,Fresno State,WNIT,L 75-78,*,29,5,8,.625,2,3,.667,3,5,.600,.750,4,6,.667,2,6,8,5,1,1,6,3,16,12.8,Aijha Blackwell,https://www.sports-reference.com/cbb/players/aijha-blackwell-1.html,missouri,2020-21
21,52,22,2021-03-20,Missouri,@,Arizona State,WNIT,L 39-50,*,32,4,10,.400,1,3,.333,3,7,.429,.450,0,0,,1,8,9,0,0,2,4,3,9,2.9,Aijha Blackwell,https://www.sports-reference.com/cbb/players/aijha-blackwell-1.html,missouri,2020-21
