ranker,player_game_num_career,team_game_num_season,date,team_name_abbr,game_location,opp_name_abbr,game_type,game_result,is_starter,mp,fg,fga,fg_pct,fg3,fg3a,fg3_pct,fg2,fg2a,fg2_pct,efg_pct,ft,fta,ft_pct,orb,drb,trb,ast,stl,blk,tov,pf,pts,game_score,player_name,player_sr_link,school,season
1,66,1,2020-11-27,Missouri,,North Alabama,REG (Non-Conf),W 96-78,*,35,3,4,.750,1,2,.500,2,2,1.000,.875,2,4,.500,0,3,3,5,0,0,2,3,9,7.8,Haley Troup,https://www.sports-reference.com/cbb/players/haley-troup-1.html,missouri,2020-21
2,67,2,2020-12-14,Missouri,,Missouri State,REG (Non-Conf),L 58-72,*,33,3,8,.375,1,1,1.000,2,7,.286,.438,0,0,,0,0,0,3,0,0,1,0,7,3.7,Haley Troup,https://www.sports-reference.com/cbb/players/haley-troup-1.html,missouri,2020-21
3,68,3,2020-12-16,Missouri,,New Orleans,REG (Non-Conf),W 84-45,*,16,0,1,.000,0,1,.000,0,0,,.000,0,0,,0,0,0,3,2,0,2,1,0,1.0,Haley Troup,https://www.sports-reference.com/cbb/players/haley-troup-1.html,missouri,2020-21
4,69,4,2020-12-19,Missouri,,Oral Roberts,REG (Non-Conf),W 88-49,*,17,4,5,.800,1,2,.500,3,3,1.000,.900,1,3,.333,2,1,3,1,2,0,2,2,10,8.9,Haley Troup,https://www.sports-reference.com/cbb/players/haley-troup-1.html,missouri,2020-21
5,70,5,2020-12-20,Missouri,,Southern Illinois,REG (Non-Conf),W 79-43,*,21,2,4,.500,1,2,.500,1,2,.500,.625,0,0,,0,1,1,4,1,0,1,1,5,5.7,Haley Troup,https://www.sports-reference.com/cbb/players/haley-troup-1.html,missouri,2020-21
6,71,6,2020-12-31,Missouri,,Alabama,REG (Conf),L 59-74,*,26,2,3,.667,0,0,,2,3,.667,.667,2,2,1.000,1,0,1,2,0,0,2,0,6,4.8,Haley Troup,https://www.sports-reference.com/cbb/players/haley-troup-1.html,missouri,2020-21
7,72,7,2021-01-03,Missouri,@,Arkansas,REG (Conf),L 88-91,*,34,6,8,.750,3,5,.600,3,3,1.000,.938,0,0,,0,3,3,2,1,0,1,2,15,13.3,Haley Troup,https://www.sports-reference.com/cbb/players/haley-troup-1.html,missouri,2020-21
8,73,8,2021-01-14,Missouri,@,Ole Miss,REG (Conf),W 86-77,*,27,3,5,.600,0,0,,3,5,.600,.600,2,2,1.000,1,4,5,2,1,1,1,2,8,8.9,Haley Troup,https://www.sports-reference.com/cbb/players/haley-troup-1.html,missouri,2020-21
9,74,9,2021-01-18,Missouri,,Louisiana State,REG (Conf),L 64-66,*,33,2,7,.286,1,3,.333,1,4,.250,.357,2,2,1.000,0,1,1,2,0,0,1,3,7,2.4,Haley Troup,https://www.sports-reference.com/cbb/players/haley-troup-1.html,missouri,2020-21
10,75,10,2021-01-24,Missouri,,Texas A&M,REG (Conf),L 66-70,*,34,4,8,.500,2,4,.500,2,4,.500,.625,0,0,,0,2,2,4,0,0,0,1,10,9.0,Haley Troup,https://www.sports-reference.com/cbb/players/haley-troup-1.html,missouri,2020-21
11,76,11,2021-01-28,Missouri,@,Florida,REG (Conf),W 61-58,*,37,1,6,.167,0,2,.000,1,4,.250,.167,3,4,.750,0,5,5,3,1,0,0,3,5,4.2,Haley Troup,https://www.sports-reference.com/cbb/players/haley-troup-1.html,missouri,2020-21
12,77,12,2021-01-31,Missouri,@,Kentucky,REG (Conf),L 55-61,*,26,0,6,.000,0,2,.000,0,4,.000,.000,0,0,,0,3,3,2,0,0,3,5,0,-6.9,Haley Troup,https://www.sports-reference.com/cbb/players/haley-troup-1.html,missouri,2020-21
13,78,13,2021-02-04,Missouri,,Arkansas,REG (Conf),L 80-85,*,32,1,8,.125,0,3,.000,1,5,.200,.125,1,1,1.000,1,0,1,3,0,0,0,2,3,-0.2,Haley Troup,https://www.sports-reference.com/cbb/players/haley-troup-1.html,missouri,2020-21
14,79,14,2021-02-07,Missouri,@,Auburn,REG (Conf),W 85-75,*,28,5,7,.714,3,4,.750,2,3,.667,.929,0,0,,1,1,2,5,0,0,2,2,13,11.8,Haley Troup,https://www.sports-reference.com/cbb/players/haley-troup-1.html,missouri,2020-21
15,80,15,2021-02-11,Missouri,@,South Carolina,REG (Conf),L 62-77,*,27,1,4,.250,0,1,.000,1,3,.333,.250,2,4,.500,1,2,3,1,1,0,2,2,4,1.0,Haley Troup,https://www.sports-reference.com/cbb/players/haley-troup-1.html,missouri,2020-21
16,81,16,2021-02-14,Missouri,,Georgia,REG (Conf),L 64-82,*,37,5,8,.625,2,2,1.000,3,6,.500,.750,2,3,.667,0,1,1,2,0,0,4,2,14,6.9,Haley Troup,https://www.sports-reference.com/cbb/players/haley-troup-1.html,missouri,2020-21
17,82,17,2021-02-21,Missouri,,Florida,REG (Conf),W 96-80,*,31,1,5,.200,0,3,.000,1,2,.500,.200,0,0,,0,2,2,4,0,0,0,1,2,1.9,Haley Troup,https://www.sports-reference.com/cbb/players/haley-troup-1.html,missouri,2020-21
18,83,18,2021-02-25,Missouri,,Tennessee,REG (Conf),L 73-78,*,34,7,13,.538,2,4,.500,5,9,.556,.615,0,0,,0,2,2,2,0,0,0,2,16,10.9,Haley Troup,https://www.sports-reference.com/cbb/players/haley-troup-1.html,missouri,2020-21
19,84,19,2021-02-28,Missouri,@,Mississippi State,REG (Conf),W 77-57,*,25,2,7,.286,1,3,.333,1,4,.250,.357,0,0,,0,1,1,2,0,0,2,2,5,-0.2,Haley Troup,https://www.sports-reference.com/cbb/players/haley-troup-1.html,missouri,2020-21
20,85,20,2021-03-04,Missouri,@,Alabama,CTOURN,L 74-82,*,24,3,5,.600,2,3,.667,1,2,.500,.800,0,0,,0,1,1,3,1,0,0,2,8,8.3,Haley Troup,https://www.sports-reference.com/cbb/players/haley-troup-1.html,missouri,2020-21
21,86,21,2021-03-19,Missouri,,Fresno State,WNIT,L 75-78,*,32,4,10,.400,1,5,.200,3,5,.600,.450,0,0,,2,3,5,2,1,0,1,1,9,6.9,Haley Troup,https://www.sports-reference.com/cbb/players/haley-troup-1.html,missouri,2020-21
22,87,22,2021-03-20,Missouri,@,Arizona State,WNIT,L 39-50,*,35,6,13,.462,1,2,.500,5,11,.455,.500,1,2,.500,0,3,3,0,0,0,2,3,14,4.6,Haley Troup,https://www.sports-reference.com/cbb/players/haley-troup-1.html,missouri,2020-21
