ranker,player_game_num_career,team_game_num_season,date,team_name_abbr,game_location,opp_name_abbr,game_type,game_result,is_starter,mp,fg,fga,fg_pct,fg3,fg3a,fg3_pct,fg2,fg2a,fg2_pct,efg_pct,ft,fta,ft_pct,orb,drb,trb,ast,stl,blk,tov,pf,pts,game_score,player_name,player_sr_link,school,season
1,32,1,2020-11-27,Missouri,,North Alabama,REG (Non-Conf),W 96-78,*,32,9,12,.750,3,5,.600,6,7,.857,.875,3,3,1.000,5,6,11,2,1,3,3,0,24,26.0,Hayley Frank,https://www.sports-reference.com/cbb/players/hayley-frank-1.html,missouri,2020-21
2,33,2,2020-12-14,Missouri,,Missouri State,REG (Non-Conf),L 58-72,*,35,3,5,.600,1,3,.333,2,2,1.000,.700,5,6,.833,3,4,7,1,1,1,3,4,12,10.4,Hayley Frank,https://www.sports-reference.com/cbb/players/hayley-frank-1.html,missouri,2020-21
3,34,3,2020-12-16,Missouri,,New Orleans,REG (Non-Conf),W 84-45,*,22,3,4,.750,0,1,.000,3,3,1.000,.750,0,0,,1,6,7,1,0,1,1,1,6,6.9,Hayley Frank,https://www.sports-reference.com/cbb/players/hayley-frank-1.html,missouri,2020-21
4,35,4,2020-12-19,Missouri,,Oral Roberts,REG (Non-Conf),W 88-49,*,24,4,5,.800,2,3,.667,2,2,1.000,1.000,0,0,,2,5,7,2,0,0,4,0,10,8.4,Hayley Frank,https://www.sports-reference.com/cbb/players/hayley-frank-1.html,missouri,2020-21
5,36,5,2020-12-20,Missouri,,Southern Illinois,REG (Non-Conf),W 79-43,*,18,5,5,1.000,2,2,1.000,3,3,1.000,1.200,2,2,1.000,0,2,2,0,0,0,0,3,14,11.9,Hayley Frank,https://www.sports-reference.com/cbb/players/hayley-frank-1.html,missouri,2020-21
6,37,6,2020-12-31,Missouri,,Alabama,REG (Conf),L 59-74,*,33,4,8,.500,2,3,.667,2,5,.400,.625,1,1,1.000,0,2,2,0,1,0,1,2,11,6.8,Hayley Frank,https://www.sports-reference.com/cbb/players/hayley-frank-1.html,missouri,2020-21
7,38,7,2021-01-03,Missouri,@,Arkansas,REG (Conf),L 88-91,*,31,6,11,.545,1,6,.167,5,5,1.000,.591,1,1,1.000,0,5,5,2,0,1,2,5,14,8.3,Hayley Frank,https://www.sports-reference.com/cbb/players/hayley-frank-1.html,missouri,2020-21
8,39,8,2021-01-14,Missouri,@,Ole Miss,REG (Conf),W 86-77,*,35,7,10,.700,5,8,.625,2,2,1.000,.950,4,4,1.000,2,5,7,3,0,0,4,2,23,19.0,Hayley Frank,https://www.sports-reference.com/cbb/players/hayley-frank-1.html,missouri,2020-21
9,40,9,2021-01-18,Missouri,,Louisiana State,REG (Conf),L 64-66,*,32,4,6,.667,1,2,.500,3,4,.750,.750,0,0,,1,2,3,0,0,0,3,3,9,3.5,Hayley Frank,https://www.sports-reference.com/cbb/players/hayley-frank-1.html,missouri,2020-21
10,41,10,2021-01-24,Missouri,,Texas A&M,REG (Conf),L 66-70,*,23,3,6,.500,2,4,.500,1,2,.500,.667,0,0,,0,2,2,1,0,0,3,4,8,1.7,Hayley Frank,https://www.sports-reference.com/cbb/players/hayley-frank-1.html,missouri,2020-21
11,42,11,2021-01-28,Missouri,@,Florida,REG (Conf),W 61-58,*,35,2,8,.250,0,3,.000,2,5,.400,.250,4,5,.800,1,4,5,1,0,0,1,3,8,3.2,Hayley Frank,https://www.sports-reference.com/cbb/players/hayley-frank-1.html,missouri,2020-21
12,43,12,2021-01-31,Missouri,@,Kentucky,REG (Conf),L 55-61,*,36,3,8,.375,1,5,.200,2,3,.667,.438,3,4,.750,1,3,4,2,1,0,0,2,10,8.4,Hayley Frank,https://www.sports-reference.com/cbb/players/hayley-frank-1.html,missouri,2020-21
13,44,13,2021-02-04,Missouri,,Arkansas,REG (Conf),L 80-85,*,29,4,12,.333,0,4,.000,4,8,.500,.333,4,4,1.000,2,6,8,1,0,0,0,0,12,9.1,Hayley Frank,https://www.sports-reference.com/cbb/players/hayley-frank-1.html,missouri,2020-21
14,45,14,2021-02-07,Missouri,@,Auburn,REG (Conf),W 85-75,*,26,4,6,.667,0,0,,4,6,.667,.667,4,6,.667,1,4,5,2,0,0,2,3,12,8.7,Hayley Frank,https://www.sports-reference.com/cbb/players/hayley-frank-1.html,missouri,2020-21
15,46,15,2021-02-11,Missouri,@,South Carolina,REG (Conf),L 62-77,*,28,3,8,.375,1,4,.250,2,4,.500,.438,2,2,1.000,0,1,1,0,1,0,2,3,9,2.7,Hayley Frank,https://www.sports-reference.com/cbb/players/hayley-frank-1.html,missouri,2020-21
16,47,16,2021-02-14,Missouri,,Georgia,REG (Conf),L 64-82,*,32,4,6,.667,3,3,1.000,1,3,.333,.917,3,4,.750,3,3,6,0,0,0,1,4,14,11.4,Hayley Frank,https://www.sports-reference.com/cbb/players/hayley-frank-1.html,missouri,2020-21
17,48,17,2021-02-21,Missouri,,Florida,REG (Conf),W 96-80,*,35,9,15,.600,6,8,.750,3,7,.429,.800,2,2,1.000,3,3,6,2,2,0,1,1,26,24.1,Hayley Frank,https://www.sports-reference.com/cbb/players/hayley-frank-1.html,missouri,2020-21
18,49,18,2021-02-25,Missouri,,Tennessee,REG (Conf),L 73-78,*,36,3,8,.375,3,8,.375,0,0,,.563,0,0,,1,2,3,1,0,1,2,3,9,4.1,Hayley Frank,https://www.sports-reference.com/cbb/players/hayley-frank-1.html,missouri,2020-21
19,50,19,2021-02-28,Missouri,@,Mississippi State,REG (Conf),W 77-57,*,29,5,10,.500,2,6,.333,3,4,.750,.600,2,2,1.000,1,4,5,2,0,0,0,4,14,10.7,Hayley Frank,https://www.sports-reference.com/cbb/players/hayley-frank-1.html,missouri,2020-21
20,51,20,2021-03-04,Missouri,@,Alabama,CTOURN,L 74-82,*,34,3,12,.250,2,4,.500,1,8,.125,.333,0,0,,4,0,4,5,0,0,1,2,8,5.3,Hayley Frank,https://www.sports-reference.com/cbb/players/hayley-frank-1.html,missouri,2020-21
