ranker,player_game_num_career,team_game_num_season,date,team_name_abbr,game_location,opp_name_abbr,game_type,game_result,is_starter,mp,fg,fga,fg_pct,fg3,fg3a,fg2,fg2a,fg2_pct,efg_pct,ft,fta,ft_pct,orb,drb,trb,ast,stl,blk,tov,pf,pts,game_score,player_name,player_sr_link,school,season
1,1,1,2020-11-27,Missouri,,North Alabama,REG (Non-Conf),W 96-78,,1,0,0,,0,0,0,0,,,0,0,,0,0,0,0,0,0,0,0,0,0.0,Jayla Kelly,https://www.sports-reference.com/cbb/players/jayla-kelly-1.html,missouri,2020-21
2,2,3,2020-12-16,Missouri,,New Orleans,REG (Non-Conf),W 84-45,,7,1,2,.500,0,0,1,2,.500,.500,0,0,,1,3,4,0,0,0,2,1,2,0.2,Jayla Kelly,https://www.sports-reference.com/cbb/players/jayla-kelly-1.html,missouri,2020-21
3,3,4,2020-12-19,Missouri,,Oral Roberts,REG (Non-Conf),W 88-49,,4,0,0,,0,0,0,0,,,1,2,.500,0,1,1,1,0,1,0,0,1,2.3,Jayla Kelly,https://www.sports-reference.com/cbb/players/jayla-kelly-1.html,missouri,2020-21
4,4,5,2020-12-20,Missouri,,Southern Illinois,REG (Non-Conf),W 79-43,,7,1,2,.500,0,0,1,2,.500,.500,2,2,1.000,0,1,1,0,0,0,1,0,4,2.3,Jayla Kelly,https://www.sports-reference.com/cbb/players/jayla-kelly-1.html,missouri,2020-21
5,5,10,2021-01-24,Missouri,,Texas A&M,REG (Conf),L 66-70,,0,0,0,,0,0,0,0,,,0,0,,0,0,0,0,0,0,0,0,0,0.0,Jayla Kelly,https://www.sports-reference.com/cbb/players/jayla-kelly-1.html,missouri,2020-21
6,6,15,2021-02-11,Missouri,@,South Carolina,REG (Conf),L 62-77,,2,1,1,1.000,0,0,1,1,1.000,1.000,0,0,,1,0,1,0,1,0,0,1,2,3.0,Jayla Kelly,https://www.sports-reference.com/cbb/players/jayla-kelly-1.html,missouri,2020-21
7,7,16,2021-02-14,Missouri,,Georgia,REG (Conf),L 64-82,,1,0,0,,0,0,0,0,,,0,0,,0,0,0,0,0,0,0,0,0,0.0,Jayla Kelly,https://www.sports-reference.com/cbb/players/jayla-kelly-1.html,missouri,2020-21
8,8,17,2021-02-21,Missouri,,Florida,REG (Conf),W 96-80,,1,0,0,,0,0,0,0,,,0,0,,0,0,0,0,0,0,0,0,0,0.0,Jayla Kelly,https://www.sports-reference.com/cbb/players/jayla-kelly-1.html,missouri,2020-21
9,9,19,2021-02-28,Missouri,@,Mississippi State,REG (Conf),W 77-57,,1,0,1,.000,0,0,0,1,.000,.000,2,2,1.000,0,0,0,0,0,0,0,0,2,1.3,Jayla Kelly,https://www.sports-reference.com/cbb/players/jayla-kelly-1.html,missouri,2020-21
10,10,21,2021-03-19,Missouri,,Fresno State,WNIT,L 75-78,,6,2,3,.667,0,0,2,3,.667,.667,0,1,.000,0,0,0,0,0,0,1,2,4,0.5,Jayla Kelly,https://www.sports-reference.com/cbb/players/jayla-kelly-1.html,missouri,2020-21
