ranker,player_game_num_career,team_game_num_season,date,team_name_abbr,game_location,opp_name_abbr,game_type,game_result,is_starter,mp,fg,fga,fg_pct,fg3,fg3a,fg3_pct,fg2,fg2a,fg2_pct,efg_pct,ft,fta,ft_pct,orb,drb,trb,ast,stl,blk,tov,pf,pts,game_score,player_name,player_sr_link,school,season
1,49,1,2020-11-27,Missouri,,North Alabama,REG (Non-Conf),W 96-78,*,21,8,12,.667,0,0,,8,12,.667,.667,2,6,.333,4,1,5,1,0,0,3,5,18,10.0,LaDazhia Williams,https://www.sports-reference.com/cbb/players/ladazhia-williams-1.html,missouri,2020-21
2,50,2,2020-12-14,Missouri,,Missouri State,REG (Non-Conf),L 58-72,*,25,5,7,.714,0,0,,5,7,.714,.714,5,6,.833,1,7,8,0,0,1,1,5,15,12.2,LaDazhia Williams,https://www.sports-reference.com/cbb/players/ladazhia-williams-1.html,missouri,2020-21
3,51,3,2020-12-16,Missouri,,New Orleans,REG (Non-Conf),W 84-45,*,20,6,6,1.000,0,0,,6,6,1.000,1.000,2,4,.500,0,3,3,1,2,2,2,1,14,14.0,LaDazhia Williams,https://www.sports-reference.com/cbb/players/ladazhia-williams-1.html,missouri,2020-21
4,52,4,2020-12-19,Missouri,,Oral Roberts,REG (Non-Conf),W 88-49,*,21,7,10,.700,0,0,,7,10,.700,.700,0,1,.000,0,5,5,0,0,1,1,3,14,9.4,LaDazhia Williams,https://www.sports-reference.com/cbb/players/ladazhia-williams-1.html,missouri,2020-21
5,53,5,2020-12-20,Missouri,,Southern Illinois,REG (Non-Conf),W 79-43,*,21,2,6,.333,0,0,,2,6,.333,.333,0,0,,1,1,2,1,2,4,2,1,4,4.7,LaDazhia Williams,https://www.sports-reference.com/cbb/players/ladazhia-williams-1.html,missouri,2020-21
6,54,6,2020-12-31,Missouri,,Alabama,REG (Conf),L 59-74,*,28,4,16,.250,0,0,,4,16,.250,.250,4,6,.667,3,2,5,1,1,1,2,3,12,3.5,LaDazhia Williams,https://www.sports-reference.com/cbb/players/ladazhia-williams-1.html,missouri,2020-21
7,55,7,2021-01-03,Missouri,@,Arkansas,REG (Conf),L 88-91,*,18,3,4,.750,0,0,,3,4,.750,.750,8,10,.800,1,4,5,0,0,1,3,4,14,9.6,LaDazhia Williams,https://www.sports-reference.com/cbb/players/ladazhia-williams-1.html,missouri,2020-21
8,56,8,2021-01-14,Missouri,@,Ole Miss,REG (Conf),W 86-77,*,19,3,4,.750,0,0,,3,4,.750,.750,7,8,.875,1,2,3,0,0,2,2,4,13,10.1,LaDazhia Williams,https://www.sports-reference.com/cbb/players/ladazhia-williams-1.html,missouri,2020-21
9,57,9,2021-01-18,Missouri,,Louisiana State,REG (Conf),L 64-66,*,28,4,6,.667,0,0,,4,6,.667,.667,3,4,.750,1,2,3,0,0,1,1,3,11,7.8,LaDazhia Williams,https://www.sports-reference.com/cbb/players/ladazhia-williams-1.html,missouri,2020-21
10,58,10,2021-01-24,Missouri,,Texas A&M,REG (Conf),L 66-70,*,34,9,12,.750,0,1,.000,9,11,.818,.750,2,2,1.000,0,3,3,1,1,0,3,2,20,14.0,LaDazhia Williams,https://www.sports-reference.com/cbb/players/ladazhia-williams-1.html,missouri,2020-21
11,59,11,2021-01-28,Missouri,@,Florida,REG (Conf),W 61-58,*,28,7,16,.438,0,0,,7,16,.438,.438,2,3,.667,2,6,8,0,0,5,0,4,16,12.3,LaDazhia Williams,https://www.sports-reference.com/cbb/players/ladazhia-williams-1.html,missouri,2020-21
12,60,12,2021-01-31,Missouri,@,Kentucky,REG (Conf),L 55-61,*,36,10,13,.769,0,0,,10,13,.769,.769,3,5,.600,1,5,6,0,2,1,2,3,23,18.8,LaDazhia Williams,https://www.sports-reference.com/cbb/players/ladazhia-williams-1.html,missouri,2020-21
13,61,13,2021-02-04,Missouri,,Arkansas,REG (Conf),L 80-85,*,19,4,5,.800,0,0,,4,5,.800,.800,2,4,.500,1,2,3,0,0,0,2,0,10,6.6,LaDazhia Williams,https://www.sports-reference.com/cbb/players/ladazhia-williams-1.html,missouri,2020-21
14,62,14,2021-02-07,Missouri,@,Auburn,REG (Conf),W 85-75,*,35,9,17,.529,0,0,,9,17,.529,.529,1,2,.500,2,4,6,0,0,1,0,4,19,12.0,LaDazhia Williams,https://www.sports-reference.com/cbb/players/ladazhia-williams-1.html,missouri,2020-21
15,63,15,2021-02-11,Missouri,@,South Carolina,REG (Conf),L 62-77,*,20,5,9,.556,0,0,,5,9,.556,.556,2,2,1.000,0,2,2,0,0,0,1,3,12,6.1,LaDazhia Williams,https://www.sports-reference.com/cbb/players/ladazhia-williams-1.html,missouri,2020-21
16,64,16,2021-02-14,Missouri,,Georgia,REG (Conf),L 64-82,*,27,7,13,.538,0,0,,7,13,.538,.538,3,3,1.000,1,6,7,0,1,1,2,4,17,11.3,LaDazhia Williams,https://www.sports-reference.com/cbb/players/ladazhia-williams-1.html,missouri,2020-21
17,65,18,2021-02-25,Missouri,,Tennessee,REG (Conf),L 73-78,,10,2,4,.500,0,0,,2,4,.500,.500,2,3,.667,1,0,1,0,0,0,2,1,6,1.9,LaDazhia Williams,https://www.sports-reference.com/cbb/players/ladazhia-williams-1.html,missouri,2020-21
18,66,19,2021-02-28,Missouri,@,Mississippi State,REG (Conf),W 77-57,,12,1,3,.333,0,0,,1,3,.333,.333,0,0,,2,3,5,0,1,2,2,2,2,2.2,LaDazhia Williams,https://www.sports-reference.com/cbb/players/ladazhia-williams-1.html,missouri,2020-21
19,67,20,2021-03-04,Missouri,@,Alabama,CTOURN,L 74-82,,9,1,5,.200,0,0,,1,5,.200,.200,0,0,,1,0,1,0,0,0,2,1,2,-2.8,LaDazhia Williams,https://www.sports-reference.com/cbb/players/ladazhia-williams-1.html,missouri,2020-21
20,68,21,2021-03-19,Missouri,,Fresno State,WNIT,L 75-78,*,22,5,8,.625,0,0,,5,8,.625,.625,0,0,,0,3,3,0,0,3,2,1,10,7.0,LaDazhia Williams,https://www.sports-reference.com/cbb/players/ladazhia-williams-1.html,missouri,2020-21
21,69,22,2021-03-20,Missouri,@,Arizona State,WNIT,L 39-50,*,31,4,6,.667,0,0,,4,6,.667,.667,1,2,.500,1,3,4,0,0,0,3,5,9,2.6,LaDazhia Williams,https://www.sports-reference.com/cbb/players/ladazhia-williams-1.html,missouri,2020-21
