ranker,player_game_num_career,team_game_num_season,date,team_name_abbr,game_location,opp_name_abbr,game_type,game_result,is_starter,mp,fg,fga,fg_pct,fg3,fg3a,fg3_pct,fg2,fg2a,fg2_pct,efg_pct,ft,fta,ft_pct,orb,drb,trb,ast,stl,blk,tov,pf,pts,game_score,player_name,player_sr_link,school,season
1,26,1,2020-11-27,Missouri,,North Alabama,REG (Non-Conf),W 96-78,,16,2,7,.286,1,4,.250,1,3,.333,.357,0,0,,0,1,1,1,0,0,1,4,5,-0.7,Lauren Hansen,https://www.sports-reference.com/cbb/players/lauren-hansen-1.html,missouri,2020-21
2,27,2,2020-12-14,Missouri,,Missouri State,REG (Non-Conf),L 58-72,,8,0,1,.000,0,1,.000,0,0,,.000,0,0,,0,0,0,0,1,0,0,3,0,-0.9,Lauren Hansen,https://www.sports-reference.com/cbb/players/lauren-hansen-1.html,missouri,2020-21
3,28,3,2020-12-16,Missouri,,New Orleans,REG (Non-Conf),W 84-45,,22,5,7,.714,2,4,.500,3,3,1.000,.857,0,0,,0,1,1,1,1,0,3,2,12,7.3,Lauren Hansen,https://www.sports-reference.com/cbb/players/lauren-hansen-1.html,missouri,2020-21
4,29,4,2020-12-19,Missouri,,Oral Roberts,REG (Non-Conf),W 88-49,,21,2,7,.286,1,3,.333,1,4,.250,.357,1,2,.500,0,2,2,0,1,0,1,3,6,0.9,Lauren Hansen,https://www.sports-reference.com/cbb/players/lauren-hansen-1.html,missouri,2020-21
5,30,5,2020-12-20,Missouri,,Southern Illinois,REG (Non-Conf),W 79-43,,23,5,8,.625,3,4,.750,2,4,.500,.813,0,0,,1,1,2,1,2,0,3,1,13,9.7,Lauren Hansen,https://www.sports-reference.com/cbb/players/lauren-hansen-1.html,missouri,2020-21
6,31,6,2020-12-31,Missouri,,Alabama,REG (Conf),L 59-74,,10,0,0,,0,0,,0,0,,,0,0,,0,1,1,0,0,0,0,2,0,-0.5,Lauren Hansen,https://www.sports-reference.com/cbb/players/lauren-hansen-1.html,missouri,2020-21
7,32,7,2021-01-03,Missouri,@,Arkansas,REG (Conf),L 88-91,,24,1,4,.250,1,3,.333,0,1,.000,.375,2,2,1.000,0,3,3,2,0,0,1,2,5,3.1,Lauren Hansen,https://www.sports-reference.com/cbb/players/lauren-hansen-1.html,missouri,2020-21
8,33,8,2021-01-14,Missouri,@,Ole Miss,REG (Conf),W 86-77,,18,2,8,.250,0,2,.000,2,6,.333,.250,0,0,,0,3,3,2,0,0,0,0,4,1.5,Lauren Hansen,https://www.sports-reference.com/cbb/players/lauren-hansen-1.html,missouri,2020-21
9,34,9,2021-01-18,Missouri,,Louisiana State,REG (Conf),L 64-66,,16,3,5,.600,1,3,.333,2,2,1.000,.700,2,2,1.000,0,1,1,1,1,0,1,5,9,5.7,Lauren Hansen,https://www.sports-reference.com/cbb/players/lauren-hansen-1.html,missouri,2020-21
10,35,10,2021-01-24,Missouri,,Texas A&M,REG (Conf),L 66-70,,7,0,0,,0,0,,0,0,,,0,0,,0,0,0,1,1,0,1,2,0,-0.1,Lauren Hansen,https://www.sports-reference.com/cbb/players/lauren-hansen-1.html,missouri,2020-21
11,36,12,2021-01-31,Missouri,@,Kentucky,REG (Conf),L 55-61,,13,0,1,.000,0,1,.000,0,0,,.000,0,0,,0,0,0,0,0,0,1,1,0,-2.1,Lauren Hansen,https://www.sports-reference.com/cbb/players/lauren-hansen-1.html,missouri,2020-21
12,37,13,2021-02-04,Missouri,,Arkansas,REG (Conf),L 80-85,,29,7,12,.583,4,8,.500,3,4,.750,.750,1,1,1.000,1,3,4,3,0,0,0,4,19,15.5,Lauren Hansen,https://www.sports-reference.com/cbb/players/lauren-hansen-1.html,missouri,2020-21
13,38,14,2021-02-07,Missouri,@,Auburn,REG (Conf),W 85-75,,16,3,7,.429,3,6,.500,0,1,.000,.643,0,0,,0,0,0,2,0,0,1,2,9,4.9,Lauren Hansen,https://www.sports-reference.com/cbb/players/lauren-hansen-1.html,missouri,2020-21
14,39,15,2021-02-11,Missouri,@,South Carolina,REG (Conf),L 62-77,,23,3,6,.500,2,3,.667,1,3,.333,.667,0,0,,1,2,3,0,0,0,1,1,8,4.9,Lauren Hansen,https://www.sports-reference.com/cbb/players/lauren-hansen-1.html,missouri,2020-21
15,40,16,2021-02-14,Missouri,,Georgia,REG (Conf),L 64-82,,24,2,4,.500,2,4,.500,0,0,,.750,0,0,,0,2,2,1,0,0,1,2,6,3.5,Lauren Hansen,https://www.sports-reference.com/cbb/players/lauren-hansen-1.html,missouri,2020-21
16,41,17,2021-02-21,Missouri,,Florida,REG (Conf),W 96-80,,22,2,5,.400,2,3,.667,0,2,.000,.600,0,0,,0,1,1,0,2,0,3,4,6,1.0,Lauren Hansen,https://www.sports-reference.com/cbb/players/lauren-hansen-1.html,missouri,2020-21
17,42,18,2021-02-25,Missouri,,Tennessee,REG (Conf),L 73-78,,18,2,2,1.000,2,2,1.000,0,0,,1.500,0,0,,0,0,0,0,1,0,0,3,6,5.2,Lauren Hansen,https://www.sports-reference.com/cbb/players/lauren-hansen-1.html,missouri,2020-21
18,43,19,2021-02-28,Missouri,@,Mississippi State,REG (Conf),W 77-57,,26,4,10,.400,1,6,.167,3,4,.750,.450,0,0,,0,1,1,2,3,0,1,0,9,7.3,Lauren Hansen,https://www.sports-reference.com/cbb/players/lauren-hansen-1.html,missouri,2020-21
19,44,20,2021-03-04,Missouri,@,Alabama,CTOURN,L 74-82,,18,2,6,.333,2,5,.400,0,1,.000,.500,2,2,1.000,0,1,1,0,0,0,0,5,8,2.9,Lauren Hansen,https://www.sports-reference.com/cbb/players/lauren-hansen-1.html,missouri,2020-21
20,45,21,2021-03-19,Missouri,,Fresno State,WNIT,L 75-78,,11,4,6,.667,2,3,.667,2,3,.667,.833,0,0,,0,0,0,1,1,0,0,3,10,7.9,Lauren Hansen,https://www.sports-reference.com/cbb/players/lauren-hansen-1.html,missouri,2020-21
21,46,22,2021-03-20,Missouri,@,Arizona State,WNIT,L 39-50,,22,1,5,.200,0,2,.000,1,3,.333,.200,0,0,,1,2,3,2,2,0,1,1,2,2.2,Lauren Hansen,https://www.sports-reference.com/cbb/players/lauren-hansen-1.html,missouri,2020-21
