ranker,player_game_num_career,team_game_num_season,date,team_name_abbr,game_location,opp_name_abbr,game_type,game_result,is_starter,mp,fg,fga,fg_pct,fg3,fg3a,fg3_pct,fg2,fg2a,fg2_pct,efg_pct,ft,fta,ft_pct,orb,drb,trb,ast,stl,blk,tov,pf,pts,game_score,player_name,player_sr_link,school,season
1,1,1,2020-11-27,Missouri,,North Alabama,REG (Non-Conf),W 96-78,*,27,4,6,.667,0,0,,4,6,.667,.667,0,0,,2,1,3,3,0,1,2,4,8,6.3,Mama Dembele,https://www.sports-reference.com/cbb/players/mama-dembele-1.html,missouri,2020-21
2,2,2,2020-12-14,Missouri,,Missouri State,REG (Non-Conf),L 58-72,*,24,0,6,.000,0,2,.000,0,4,.000,.000,0,0,,1,0,1,1,0,0,0,3,0,-4.0,Mama Dembele,https://www.sports-reference.com/cbb/players/mama-dembele-1.html,missouri,2020-21
3,3,3,2020-12-16,Missouri,,New Orleans,REG (Non-Conf),W 84-45,*,17,3,4,.750,1,1,1.000,2,3,.667,.875,1,2,.500,0,3,3,6,0,1,0,1,8,11.4,Mama Dembele,https://www.sports-reference.com/cbb/players/mama-dembele-1.html,missouri,2020-21
4,4,4,2020-12-19,Missouri,,Oral Roberts,REG (Non-Conf),W 88-49,*,23,2,4,.500,0,2,.000,2,2,1.000,.500,2,4,.500,0,4,4,5,1,0,2,2,6,6.1,Mama Dembele,https://www.sports-reference.com/cbb/players/mama-dembele-1.html,missouri,2020-21
5,5,5,2020-12-20,Missouri,,Southern Illinois,REG (Non-Conf),W 79-43,*,20,1,1,1.000,0,0,,1,1,1.000,1.000,0,0,,0,1,1,2,1,0,4,3,2,-0.8,Mama Dembele,https://www.sports-reference.com/cbb/players/mama-dembele-1.html,missouri,2020-21
6,6,6,2020-12-31,Missouri,,Alabama,REG (Conf),L 59-74,*,24,1,3,.333,1,2,.500,0,1,.000,.500,0,0,,0,0,0,0,1,0,4,2,3,-2.5,Mama Dembele,https://www.sports-reference.com/cbb/players/mama-dembele-1.html,missouri,2020-21
7,7,7,2021-01-03,Missouri,@,Arkansas,REG (Conf),L 88-91,*,15,1,3,.333,0,2,.000,1,1,1.000,.333,0,0,,0,1,1,3,1,0,4,3,2,-1.5,Mama Dembele,https://www.sports-reference.com/cbb/players/mama-dembele-1.html,missouri,2020-21
8,8,8,2021-01-14,Missouri,@,Ole Miss,REG (Conf),W 86-77,*,27,1,3,.333,0,1,.000,1,2,.500,.333,0,0,,1,1,2,5,3,0,4,2,2,3.0,Mama Dembele,https://www.sports-reference.com/cbb/players/mama-dembele-1.html,missouri,2020-21
9,9,9,2021-01-18,Missouri,,Louisiana State,REG (Conf),L 64-66,*,27,2,5,.400,0,0,,2,5,.400,.400,3,4,.750,1,1,2,2,3,0,2,5,7,5.3,Mama Dembele,https://www.sports-reference.com/cbb/players/mama-dembele-1.html,missouri,2020-21
10,10,10,2021-01-24,Missouri,,Texas A&M,REG (Conf),L 66-70,*,19,1,3,.333,1,1,1.000,0,2,.000,.500,0,0,,0,1,1,1,2,0,2,3,3,1.1,Mama Dembele,https://www.sports-reference.com/cbb/players/mama-dembele-1.html,missouri,2020-21
11,11,11,2021-01-28,Missouri,@,Florida,REG (Conf),W 61-58,*,32,2,10,.200,0,4,.000,2,6,.333,.200,3,6,.500,0,3,3,0,2,0,3,4,7,-2.1,Mama Dembele,https://www.sports-reference.com/cbb/players/mama-dembele-1.html,missouri,2020-21
12,12,12,2021-01-31,Missouri,@,Kentucky,REG (Conf),L 55-61,*,18,1,2,.500,0,1,.000,1,1,1.000,.500,1,2,.500,0,0,0,2,0,0,1,2,3,1.2,Mama Dembele,https://www.sports-reference.com/cbb/players/mama-dembele-1.html,missouri,2020-21
13,13,13,2021-02-04,Missouri,,Arkansas,REG (Conf),L 80-85,*,10,0,3,.000,0,1,.000,0,2,.000,.000,0,0,,0,3,3,0,0,0,3,1,0,-4.6,Mama Dembele,https://www.sports-reference.com/cbb/players/mama-dembele-1.html,missouri,2020-21
14,14,14,2021-02-07,Missouri,@,Auburn,REG (Conf),W 85-75,*,23,0,1,.000,0,0,,0,1,.000,.000,2,2,1.000,0,0,0,4,4,0,0,2,2,7.3,Mama Dembele,https://www.sports-reference.com/cbb/players/mama-dembele-1.html,missouri,2020-21
15,15,15,2021-02-11,Missouri,@,South Carolina,REG (Conf),L 62-77,*,22,0,3,.000,0,0,,0,3,.000,.000,2,2,1.000,0,3,3,2,2,0,1,0,2,3.2,Mama Dembele,https://www.sports-reference.com/cbb/players/mama-dembele-1.html,missouri,2020-21
16,16,16,2021-02-14,Missouri,,Georgia,REG (Conf),L 64-82,*,31,1,3,.333,1,1,1.000,0,2,.000,.500,2,2,1.000,0,3,3,4,1,0,2,0,5,6.0,Mama Dembele,https://www.sports-reference.com/cbb/players/mama-dembele-1.html,missouri,2020-21
17,17,17,2021-02-21,Missouri,,Florida,REG (Conf),W 96-80,*,15,0,2,.000,0,1,.000,0,1,.000,.000,0,0,,0,0,0,7,2,0,1,1,0,4.1,Mama Dembele,https://www.sports-reference.com/cbb/players/mama-dembele-1.html,missouri,2020-21
18,18,18,2021-02-25,Missouri,,Tennessee,REG (Conf),L 73-78,*,13,0,1,.000,0,1,.000,0,0,,.000,0,0,,0,3,3,3,0,0,2,0,0,0.3,Mama Dembele,https://www.sports-reference.com/cbb/players/mama-dembele-1.html,missouri,2020-21
19,19,19,2021-02-28,Missouri,@,Mississippi State,REG (Conf),W 77-57,*,28,3,4,.750,1,2,.500,2,2,1.000,.875,0,0,,0,2,2,2,6,0,5,3,7,7.2,Mama Dembele,https://www.sports-reference.com/cbb/players/mama-dembele-1.html,missouri,2020-21
20,20,20,2021-03-04,Missouri,@,Alabama,CTOURN,L 74-82,*,20,0,2,.000,0,1,.000,0,1,.000,.000,0,0,,1,1,2,2,1,0,1,3,0,-0.2,Mama Dembele,https://www.sports-reference.com/cbb/players/mama-dembele-1.html,missouri,2020-21
21,21,21,2021-03-19,Missouri,,Fresno State,WNIT,L 75-78,*,25,2,4,.500,0,2,.000,2,2,1.000,.500,0,0,,0,1,1,4,4,0,2,2,4,6.3,Mama Dembele,https://www.sports-reference.com/cbb/players/mama-dembele-1.html,missouri,2020-21
22,22,22,2021-03-20,Missouri,@,Arizona State,WNIT,L 39-50,*,26,1,2,.500,0,0,,1,2,.500,.500,0,0,,0,0,0,3,1,0,0,0,2,4.1,Mama Dembele,https://www.sports-reference.com/cbb/players/mama-dembele-1.html,missouri,2020-21
