ranker,player_game_num_career,team_game_num_season,date,team_name_abbr,game_location,opp_name_abbr,game_type,game_result,is_starter,mp,fg,fga,fg_pct,fg3,fg3a,fg2,fg2a,fg2_pct,efg_pct,ft,fta,ft_pct,orb,drb,trb,ast,stl,blk,tov,pf,pts,game_score,player_name,player_sr_link,school,season
1,1,1,2020-11-27,Missouri,,North Alabama,REG (Non-Conf),W 96-78,,2,1,1,1.000,0,0,1,1,1.000,1.000,0,0,,0,0,0,0,0,0,1,1,2,0.3,Micah Linthacum,https://www.sports-reference.com/cbb/players/micah-linthacum-1.html,missouri,2020-21
2,2,3,2020-12-16,Missouri,,New Orleans,REG (Non-Conf),W 84-45,,10,1,5,.200,0,0,1,5,.200,.200,0,1,.000,1,2,3,0,0,0,1,1,2,-1.6,Micah Linthacum,https://www.sports-reference.com/cbb/players/micah-linthacum-1.html,missouri,2020-21
3,3,4,2020-12-19,Missouri,,Oral Roberts,REG (Non-Conf),W 88-49,,8,1,2,.500,0,0,1,2,.500,.500,2,4,.500,2,3,5,0,0,0,1,1,4,3.1,Micah Linthacum,https://www.sports-reference.com/cbb/players/micah-linthacum-1.html,missouri,2020-21
4,4,5,2020-12-20,Missouri,,Southern Illinois,REG (Non-Conf),W 79-43,,7,0,0,,0,0,0,0,,,0,0,,0,1,1,0,1,0,2,2,0,-1.5,Micah Linthacum,https://www.sports-reference.com/cbb/players/micah-linthacum-1.html,missouri,2020-21
5,5,15,2021-02-11,Missouri,@,South Carolina,REG (Conf),L 62-77,,5,0,0,,0,0,0,0,,,0,0,,0,1,1,0,0,1,0,1,0,0.6,Micah Linthacum,https://www.sports-reference.com/cbb/players/micah-linthacum-1.html,missouri,2020-21
6,6,16,2021-02-14,Missouri,,Georgia,REG (Conf),L 64-82,,3,0,0,,0,0,0,0,,,0,0,,0,1,1,0,0,0,0,0,0,0.3,Micah Linthacum,https://www.sports-reference.com/cbb/players/micah-linthacum-1.html,missouri,2020-21
7,7,17,2021-02-21,Missouri,,Florida,REG (Conf),W 96-80,,8,1,1,1.000,0,0,1,1,1.000,1.000,0,0,,1,1,2,0,0,0,1,3,2,0.5,Micah Linthacum,https://www.sports-reference.com/cbb/players/micah-linthacum-1.html,missouri,2020-21
8,8,19,2021-02-28,Missouri,@,Mississippi State,REG (Conf),W 77-57,,4,0,0,,0,0,0,0,,,0,0,,0,1,1,0,0,0,0,1,0,-0.1,Micah Linthacum,https://www.sports-reference.com/cbb/players/micah-linthacum-1.html,missouri,2020-21
9,9,21,2021-03-19,Missouri,,Fresno State,WNIT,L 75-78,,12,1,3,.333,0,0,1,3,.333,.333,0,0,,0,1,1,1,0,0,0,1,2,0.9,Micah Linthacum,https://www.sports-reference.com/cbb/players/micah-linthacum-1.html,missouri,2020-21
10,10,22,2021-03-20,Missouri,@,Arizona State,WNIT,L 39-50,,1,0,0,,0,0,0,0,,,0,0,,0,0,0,0,0,0,1,0,0,-1.0,Micah Linthacum,https://www.sports-reference.com/cbb/players/micah-linthacum-1.html,missouri,2020-21
