ranker,player_game_num_career,team_game_num_season,date,team_name_abbr,game_location,opp_name_abbr,game_type,game_result,is_starter,mp,fg,fga,fg_pct,fg3,fg3a,fg2,fg2a,fg2_pct,efg_pct,ft,fta,ft_pct,orb,drb,trb,ast,stl,blk,tov,pf,pts,game_score,player_name,player_sr_link,school,season
1,67,1,2020-11-27,Missouri,,North Alabama,REG (Non-Conf),W 96-78,,2,0,1,.000,0,0,0,1,.000,.000,0,0,,0,0,0,1,0,0,1,0,0,-1.0,Nadia Green,https://www.sports-reference.com/cbb/players/nadia-green-1.html,missouri,2020-21
2,68,2,2020-12-14,Missouri,,Missouri State,REG (Non-Conf),L 58-72,,6,0,2,.000,0,0,0,2,.000,.000,0,2,.000,0,1,1,0,0,0,0,1,0,-2.3,Nadia Green,https://www.sports-reference.com/cbb/players/nadia-green-1.html,missouri,2020-21
3,69,3,2020-12-16,Missouri,,New Orleans,REG (Non-Conf),W 84-45,,20,2,4,.500,0,0,2,4,.500,.500,2,3,.667,3,1,4,0,0,0,2,1,6,3.6,Nadia Green,https://www.sports-reference.com/cbb/players/nadia-green-1.html,missouri,2020-21
4,70,4,2020-12-19,Missouri,,Oral Roberts,REG (Non-Conf),W 88-49,,17,3,5,.600,0,0,3,5,.600,.600,1,2,.500,2,0,2,0,3,0,2,3,7,5.5,Nadia Green,https://www.sports-reference.com/cbb/players/nadia-green-1.html,missouri,2020-21
5,71,5,2020-12-20,Missouri,,Southern Illinois,REG (Non-Conf),W 79-43,,16,2,2,1.000,0,0,2,2,1.000,1.000,0,0,,0,0,0,0,2,0,1,1,4,4.0,Nadia Green,https://www.sports-reference.com/cbb/players/nadia-green-1.html,missouri,2020-21
6,72,6,2020-12-31,Missouri,,Alabama,REG (Conf),L 59-74,,9,1,1,1.000,0,0,1,1,1.000,1.000,0,0,,0,0,0,0,0,0,0,2,2,0.9,Nadia Green,https://www.sports-reference.com/cbb/players/nadia-green-1.html,missouri,2020-21
7,73,7,2021-01-03,Missouri,@,Arkansas,REG (Conf),L 88-91,,2,0,0,,0,0,0,0,,,0,0,,0,0,0,0,0,0,0,0,0,0.0,Nadia Green,https://www.sports-reference.com/cbb/players/nadia-green-1.html,missouri,2020-21
