ranker,player_game_num_career,team_game_num_season,date,team_name_abbr,game_location,opp_name_abbr,game_type,game_result,is_starter,mp,fg,fga,fg_pct,fg3,fg3a,fg3_pct,fg2,fg2a,fg2_pct,efg_pct,ft,fta,orb,drb,trb,ast,stl,blk,tov,pf,pts,game_score,player_name,player_sr_link,school,season
1,1,1,2020-11-27,Missouri,,North Alabama,REG (Non-Conf),W 96-78,,4,0,0,,0,0,,0,0,,,0,0,0,1,1,0,0,0,0,1,0,-0.1,Sara-Rose Smith,https://www.sports-reference.com/cbb/players/sara-rose-smith-1.html,missouri,2020-21
2,2,2,2020-12-14,Missouri,,Missouri State,REG (Non-Conf),L 58-72,,2,0,0,,0,0,,0,0,,,0,0,0,0,0,0,0,0,0,0,0,0.0,Sara-Rose Smith,https://www.sports-reference.com/cbb/players/sara-rose-smith-1.html,missouri,2020-21
3,3,3,2020-12-16,Missouri,,New Orleans,REG (Non-Conf),W 84-45,,10,1,2,.500,0,0,,1,2,.500,.500,0,0,2,4,6,2,0,0,1,1,2,3.6,Sara-Rose Smith,https://www.sports-reference.com/cbb/players/sara-rose-smith-1.html,missouri,2020-21
4,4,4,2020-12-19,Missouri,,Oral Roberts,REG (Non-Conf),W 88-49,,7,0,1,.000,0,0,,0,1,.000,.000,0,0,0,2,2,1,1,0,0,1,0,1.2,Sara-Rose Smith,https://www.sports-reference.com/cbb/players/sara-rose-smith-1.html,missouri,2020-21
5,5,5,2020-12-20,Missouri,,Southern Illinois,REG (Non-Conf),W 79-43,,15,0,2,.000,0,1,.000,0,1,.000,.000,0,0,0,6,6,0,2,1,2,2,0,0.3,Sara-Rose Smith,https://www.sports-reference.com/cbb/players/sara-rose-smith-1.html,missouri,2020-21
6,6,6,2020-12-31,Missouri,,Alabama,REG (Conf),L 59-74,,1,0,1,.000,0,1,.000,0,0,,.000,0,0,0,0,0,0,0,0,0,1,0,-1.1,Sara-Rose Smith,https://www.sports-reference.com/cbb/players/sara-rose-smith-1.html,missouri,2020-21
7,7,7,2021-01-03,Missouri,@,Arkansas,REG (Conf),L 88-91,,1,0,0,,0,0,,0,0,,,0,0,0,0,0,0,0,1,0,0,0,0.7,Sara-Rose Smith,https://www.sports-reference.com/cbb/players/sara-rose-smith-1.html,missouri,2020-21
8,8,13,2021-02-04,Missouri,,Arkansas,REG (Conf),L 80-85,,0,0,0,,0,0,,0,0,,,0,0,0,0,0,0,0,0,0,0,0,0.0,Sara-Rose Smith,https://www.sports-reference.com/cbb/players/sara-rose-smith-1.html,missouri,2020-21
9,9,15,2021-02-11,Missouri,@,South Carolina,REG (Conf),L 62-77,,2,0,0,,0,0,,0,0,,,0,0,0,0,0,0,0,0,0,0,0,0.0,Sara-Rose Smith,https://www.sports-reference.com/cbb/players/sara-rose-smith-1.html,missouri,2020-21
10,10,16,2021-02-14,Missouri,,Georgia,REG (Conf),L 64-82,,1,0,0,,0,0,,0,0,,,0,0,0,0,0,0,0,0,0,1,0,-0.4,Sara-Rose Smith,https://www.sports-reference.com/cbb/players/sara-rose-smith-1.html,missouri,2020-21
11,11,17,2021-02-21,Missouri,,Florida,REG (Conf),W 96-80,,1,0,0,,0,0,,0,0,,,0,0,0,0,0,0,0,0,0,0,0,0.0,Sara-Rose Smith,https://www.sports-reference.com/cbb/players/sara-rose-smith-1.html,missouri,2020-21
12,12,19,2021-02-28,Missouri,@,Mississippi State,REG (Conf),W 77-57,,2,0,0,,0,0,,0,0,,,0,0,0,0,0,0,0,0,0,0,0,0.0,Sara-Rose Smith,https://www.sports-reference.com/cbb/players/sara-rose-smith-1.html,missouri,2020-21
13,13,21,2021-03-19,Missouri,,Fresno State,WNIT,L 75-78,,9,0,2,.000,0,1,.000,0,1,.000,.000,0,0,1,2,3,0,0,0,1,0,0,-1.1,Sara-Rose Smith,https://www.sports-reference.com/cbb/players/sara-rose-smith-1.html,missouri,2020-21
