ranker,player_game_num_career,team_game_num_season,date,team_name_abbr,game_location,opp_name_abbr,game_type,game_result,is_starter,mp,fg,fga,fg_pct,fg3,fg3a,fg3_pct,fg2,fg2a,fg2_pct,efg_pct,ft,fta,ft_pct,orb,drb,trb,ast,stl,blk,tov,pf,pts,game_score,player_name,player_sr_link,school,season
1,93,1,2020-11-27,Missouri,,North Alabama,REG (Non-Conf),W 96-78,,21,2,5,.400,0,2,.000,2,3,.667,.400,1,2,.500,0,5,5,1,1,0,0,1,5,4.7,Shannon Dufficy,https://www.sports-reference.com/cbb/players/shannon-dufficy-1.html,missouri,2020-21
2,94,2,2020-12-14,Missouri,,Missouri State,REG (Non-Conf),L 58-72,,22,2,8,.250,2,5,.400,0,3,.000,.375,0,0,,1,4,5,0,0,0,0,0,6,3.1,Shannon Dufficy,https://www.sports-reference.com/cbb/players/shannon-dufficy-1.html,missouri,2020-21
3,95,3,2020-12-16,Missouri,,New Orleans,REG (Non-Conf),W 84-45,,16,3,7,.429,0,2,.000,3,5,.600,.429,0,0,,0,4,4,0,1,2,1,0,6,4.9,Shannon Dufficy,https://www.sports-reference.com/cbb/players/shannon-dufficy-1.html,missouri,2020-21
4,96,4,2020-12-19,Missouri,,Oral Roberts,REG (Non-Conf),W 88-49,,19,2,4,.500,2,2,1.000,0,2,.000,.750,0,0,,3,5,8,0,1,1,1,1,6,7.9,Shannon Dufficy,https://www.sports-reference.com/cbb/players/shannon-dufficy-1.html,missouri,2020-21
5,97,5,2020-12-20,Missouri,,Southern Illinois,REG (Non-Conf),W 79-43,,16,2,2,1.000,1,1,1.000,1,1,1.000,1.250,0,0,,0,3,3,0,3,0,1,3,5,6.1,Shannon Dufficy,https://www.sports-reference.com/cbb/players/shannon-dufficy-1.html,missouri,2020-21
6,98,6,2020-12-31,Missouri,,Alabama,REG (Conf),L 59-74,,17,1,2,.500,0,1,.000,1,1,1.000,.500,0,0,,0,4,4,1,3,1,1,1,2,5.2,Shannon Dufficy,https://www.sports-reference.com/cbb/players/shannon-dufficy-1.html,missouri,2020-21
7,99,7,2021-01-03,Missouri,@,Arkansas,REG (Conf),L 88-91,,14,2,3,.667,1,2,.500,1,1,1.000,.833,0,0,,2,4,6,1,0,0,1,2,5,5.2,Shannon Dufficy,https://www.sports-reference.com/cbb/players/shannon-dufficy-1.html,missouri,2020-21
8,100,8,2021-01-14,Missouri,@,Ole Miss,REG (Conf),W 86-77,,24,4,7,.571,1,2,.500,3,5,.600,.643,1,1,1.000,0,7,7,0,0,0,1,4,10,6.2,Shannon Dufficy,https://www.sports-reference.com/cbb/players/shannon-dufficy-1.html,missouri,2020-21
9,101,9,2021-01-18,Missouri,,Louisiana State,REG (Conf),L 64-66,,17,2,5,.400,1,3,.333,1,2,.500,.500,0,0,,2,1,3,2,0,0,1,1,5,4.0,Shannon Dufficy,https://www.sports-reference.com/cbb/players/shannon-dufficy-1.html,missouri,2020-21
10,102,10,2021-01-24,Missouri,,Texas A&M,REG (Conf),L 66-70,,17,2,3,.667,2,3,.667,0,0,,1.000,0,0,,0,1,1,1,0,1,0,2,6,5.6,Shannon Dufficy,https://www.sports-reference.com/cbb/players/shannon-dufficy-1.html,missouri,2020-21
11,103,11,2021-01-28,Missouri,@,Florida,REG (Conf),W 61-58,,21,1,5,.200,1,3,.333,0,2,.000,.300,0,0,,2,2,4,0,0,1,0,0,3,2.6,Shannon Dufficy,https://www.sports-reference.com/cbb/players/shannon-dufficy-1.html,missouri,2020-21
12,104,12,2021-01-31,Missouri,@,Kentucky,REG (Conf),L 55-61,,7,0,1,.000,0,1,.000,0,0,,.000,0,0,,0,0,0,0,0,0,0,0,0,-0.7,Shannon Dufficy,https://www.sports-reference.com/cbb/players/shannon-dufficy-1.html,missouri,2020-21
13,105,13,2021-02-04,Missouri,,Arkansas,REG (Conf),L 80-85,,31,5,6,.833,1,2,.500,4,4,1.000,.917,1,1,1.000,3,2,5,1,1,0,0,4,12,12.6,Shannon Dufficy,https://www.sports-reference.com/cbb/players/shannon-dufficy-1.html,missouri,2020-21
14,106,14,2021-02-07,Missouri,@,Auburn,REG (Conf),W 85-75,,17,2,3,.667,1,2,.500,1,1,1.000,.833,0,0,,0,3,3,2,0,0,1,1,5,4.6,Shannon Dufficy,https://www.sports-reference.com/cbb/players/shannon-dufficy-1.html,missouri,2020-21
15,107,15,2021-02-11,Missouri,@,South Carolina,REG (Conf),L 62-77,,17,2,4,.500,1,3,.333,1,1,1.000,.625,0,0,,0,3,3,0,0,0,0,3,5,2.7,Shannon Dufficy,https://www.sports-reference.com/cbb/players/shannon-dufficy-1.html,missouri,2020-21
16,108,16,2021-02-14,Missouri,,Georgia,REG (Conf),L 64-82,,14,0,2,.000,0,1,.000,0,1,.000,.000,0,0,,0,1,1,0,0,0,1,1,0,-2.5,Shannon Dufficy,https://www.sports-reference.com/cbb/players/shannon-dufficy-1.html,missouri,2020-21
17,109,17,2021-02-21,Missouri,,Florida,REG (Conf),W 96-80,*,35,7,11,.636,5,7,.714,2,4,.500,.864,0,0,,0,3,3,1,2,1,0,1,19,18.0,Shannon Dufficy,https://www.sports-reference.com/cbb/players/shannon-dufficy-1.html,missouri,2020-21
18,110,18,2021-02-25,Missouri,,Tennessee,REG (Conf),L 73-78,*,32,4,12,.333,2,7,.286,2,5,.400,.417,0,0,,1,3,4,4,4,3,0,3,10,12.5,Shannon Dufficy,https://www.sports-reference.com/cbb/players/shannon-dufficy-1.html,missouri,2020-21
19,111,19,2021-02-28,Missouri,@,Mississippi State,REG (Conf),W 77-57,*,22,4,9,.444,2,5,.400,2,4,.500,.556,0,0,,4,1,5,1,0,2,0,3,10,9.3,Shannon Dufficy,https://www.sports-reference.com/cbb/players/shannon-dufficy-1.html,missouri,2020-21
20,112,20,2021-03-04,Missouri,@,Alabama,CTOURN,L 74-82,*,32,3,10,.300,2,6,.333,1,4,.250,.400,0,0,,4,4,8,1,0,0,0,3,8,5.7,Shannon Dufficy,https://www.sports-reference.com/cbb/players/shannon-dufficy-1.html,missouri,2020-21
21,113,21,2021-03-19,Missouri,,Fresno State,WNIT,L 75-78,*,32,4,10,.400,1,5,.200,3,5,.600,.450,2,4,.500,2,6,8,3,0,1,0,1,11,10.4,Shannon Dufficy,https://www.sports-reference.com/cbb/players/shannon-dufficy-1.html,missouri,2020-21
22,114,22,2021-03-20,Missouri,@,Arizona State,WNIT,L 39-50,*,37,1,5,.200,0,3,.000,1,2,.500,.200,1,2,.500,0,8,8,1,1,1,2,3,3,1.1,Shannon Dufficy,https://www.sports-reference.com/cbb/players/shannon-dufficy-1.html,missouri,2020-21
