ranker,player_game_num_career,team_game_num_season,date,team_name_abbr,game_location,opp_name_abbr,game_type,game_result,is_starter,mp,fg,fga,fg_pct,fg3,fg3a,fg3_pct,fg2,fg2a,fg2_pct,efg_pct,ft,fta,ft_pct,orb,drb,trb,ast,stl,blk,tov,pf,pts,game_score,player_name,player_sr_link,school,season
1,64,1,2020-11-27,Missouri,,North Alabama,REG (Non-Conf),W 96-78,,9,2,4,.500,0,1,.000,2,3,.667,.500,0,0,,1,0,1,2,1,0,4,2,4,0.3,Shug Dickson,https://www.sports-reference.com/cbb/players/shug-dickson-1.html,missouri,2020-21
2,65,2,2020-12-14,Missouri,,Missouri State,REG (Non-Conf),L 58-72,,20,3,9,.333,0,3,.000,3,6,.500,.333,2,2,1.000,1,0,1,4,0,0,1,3,8,4.2,Shug Dickson,https://www.sports-reference.com/cbb/players/shug-dickson-1.html,missouri,2020-21
3,66,3,2020-12-16,Missouri,,New Orleans,REG (Non-Conf),W 84-45,,22,4,5,.800,1,2,.500,3,3,1.000,.900,1,2,.500,0,2,2,6,2,0,2,2,10,11.7,Shug Dickson,https://www.sports-reference.com/cbb/players/shug-dickson-1.html,missouri,2020-21
4,67,4,2020-12-19,Missouri,,Oral Roberts,REG (Non-Conf),W 88-49,,20,4,10,.400,1,4,.250,3,6,.500,.450,2,5,.400,0,2,2,3,3,0,1,3,11,7.9,Shug Dickson,https://www.sports-reference.com/cbb/players/shug-dickson-1.html,missouri,2020-21
5,68,5,2020-12-20,Missouri,,Southern Illinois,REG (Non-Conf),W 79-43,,16,7,8,.875,1,1,1.000,6,7,.857,.938,2,2,1.000,0,2,2,4,0,0,1,1,17,16.2,Shug Dickson,https://www.sports-reference.com/cbb/players/shug-dickson-1.html,missouri,2020-21
6,69,6,2020-12-31,Missouri,,Alabama,REG (Conf),L 59-74,,21,3,9,.333,0,4,.000,3,5,.600,.333,2,2,1.000,1,1,2,5,1,0,2,0,8,6.4,Shug Dickson,https://www.sports-reference.com/cbb/players/shug-dickson-1.html,missouri,2020-21
7,70,7,2021-01-03,Missouri,@,Arkansas,REG (Conf),L 88-91,,27,5,12,.417,0,3,.000,5,9,.556,.417,3,4,.750,1,3,4,3,1,0,2,4,13,7.3,Shug Dickson,https://www.sports-reference.com/cbb/players/shug-dickson-1.html,missouri,2020-21
8,71,8,2021-01-14,Missouri,@,Ole Miss,REG (Conf),W 86-77,,26,4,6,.667,1,2,.500,3,4,.750,.750,2,2,1.000,0,2,2,2,2,0,4,0,11,8.4,Shug Dickson,https://www.sports-reference.com/cbb/players/shug-dickson-1.html,missouri,2020-21
9,72,9,2021-01-18,Missouri,,Louisiana State,REG (Conf),L 64-66,,16,1,3,.333,0,1,.000,1,2,.500,.333,0,0,,0,1,1,4,2,0,4,2,2,0.6,Shug Dickson,https://www.sports-reference.com/cbb/players/shug-dickson-1.html,missouri,2020-21
10,73,10,2021-01-24,Missouri,,Texas A&M,REG (Conf),L 66-70,,30,4,10,.400,0,3,.000,4,7,.571,.400,0,1,.000,1,2,3,7,0,0,3,4,8,3.8,Shug Dickson,https://www.sports-reference.com/cbb/players/shug-dickson-1.html,missouri,2020-21
11,74,11,2021-01-28,Missouri,@,Florida,REG (Conf),W 61-58,,15,3,4,.750,2,2,1.000,1,2,.500,1.000,0,0,,0,1,1,2,0,0,1,2,8,6.3,Shug Dickson,https://www.sports-reference.com/cbb/players/shug-dickson-1.html,missouri,2020-21
12,75,12,2021-01-31,Missouri,@,Kentucky,REG (Conf),L 55-61,,25,2,9,.222,0,2,.000,2,7,.286,.222,2,2,1.000,0,1,1,3,1,0,3,3,6,-0.3,Shug Dickson,https://www.sports-reference.com/cbb/players/shug-dickson-1.html,missouri,2020-21
13,76,13,2021-02-04,Missouri,,Arkansas,REG (Conf),L 80-85,,22,5,8,.625,1,3,.333,4,5,.800,.688,0,0,,0,4,4,7,1,0,4,1,11,10.1,Shug Dickson,https://www.sports-reference.com/cbb/players/shug-dickson-1.html,missouri,2020-21
14,77,14,2021-02-07,Missouri,@,Auburn,REG (Conf),W 85-75,,26,6,11,.545,1,3,.333,5,8,.625,.591,0,0,,0,5,5,2,2,0,4,2,13,7.8,Shug Dickson,https://www.sports-reference.com/cbb/players/shug-dickson-1.html,missouri,2020-21
15,78,15,2021-02-11,Missouri,@,South Carolina,REG (Conf),L 62-77,,26,6,12,.500,3,6,.500,3,6,.500,.625,0,0,,0,1,1,3,0,1,2,2,15,9.3,Shug Dickson,https://www.sports-reference.com/cbb/players/shug-dickson-1.html,missouri,2020-21
16,79,16,2021-02-14,Missouri,,Georgia,REG (Conf),L 64-82,*,30,4,16,.250,0,4,.000,4,12,.333,.250,0,0,,1,7,8,4,1,0,3,1,8,1.6,Shug Dickson,https://www.sports-reference.com/cbb/players/shug-dickson-1.html,missouri,2020-21
17,80,17,2021-02-21,Missouri,,Florida,REG (Conf),W 96-80,,24,8,14,.571,3,3,1.000,5,11,.455,.679,1,2,.500,1,2,3,6,0,0,2,3,20,15.3,Shug Dickson,https://www.sports-reference.com/cbb/players/shug-dickson-1.html,missouri,2020-21
18,81,18,2021-02-25,Missouri,,Tennessee,REG (Conf),L 73-78,,28,4,10,.400,2,5,.400,2,5,.400,.500,0,0,,0,3,3,4,1,0,3,0,10,6.3,Shug Dickson,https://www.sports-reference.com/cbb/players/shug-dickson-1.html,missouri,2020-21
19,82,19,2021-02-28,Missouri,@,Mississippi State,REG (Conf),W 77-57,,23,5,8,.625,4,5,.800,1,3,.333,.875,2,3,.667,1,4,5,3,1,0,1,0,16,16.0,Shug Dickson,https://www.sports-reference.com/cbb/players/shug-dickson-1.html,missouri,2020-21
20,83,20,2021-03-04,Missouri,@,Alabama,CTOURN,L 74-82,,30,5,11,.455,2,5,.400,3,6,.500,.545,0,0,,1,3,4,8,1,0,2,1,12,12.1,Shug Dickson,https://www.sports-reference.com/cbb/players/shug-dickson-1.html,missouri,2020-21
21,84,21,2021-03-19,Missouri,,Fresno State,WNIT,L 75-78,,22,4,5,.800,0,0,,4,5,.800,.800,1,1,1.000,0,5,5,4,1,0,4,4,9,6.8,Shug Dickson,https://www.sports-reference.com/cbb/players/shug-dickson-1.html,missouri,2020-21
22,85,22,2021-03-20,Missouri,@,Arizona State,WNIT,L 39-50,,15,0,3,.000,0,1,.000,0,2,.000,.000,0,0,,1,2,3,2,2,0,2,4,0,-1.0,Shug Dickson,https://www.sports-reference.com/cbb/players/shug-dickson-1.html,missouri,2020-21
