ranker,player_game_num_career,team_game_num_season,date,team_name_abbr,game_location,opp_name_abbr,game_type,game_result,is_starter,mp,fg,fga,fg_pct,fg3,fg3a,fg3_pct,fg2,fg2a,fg2_pct,efg_pct,ft,fta,ft_pct,orb,drb,trb,ast,stl,blk,tov,pf,pts,game_score,player_name,player_sr_link,school,season
1,61,1,2019-11-09,Winthrop,,Iona,REG (Non-Conf),L 61-68,*,34,3,9,.333,0,0,,3,9,.333,.333,0,1,.000,3,9,12,0,0,0,1,4,6,2.7,Anika Riley,https://www.sports-reference.com/cbb/players/anika-riley-1.html,winthrop,2019-20
2,62,2,2019-11-12,Winthrop,@,North Carolina Central,REG (Non-Conf),W 56-46,*,33,2,5,.400,0,0,,2,5,.400,.400,2,4,.500,5,8,13,1,1,0,3,1,6,6.7,Anika Riley,https://www.sports-reference.com/cbb/players/anika-riley-1.html,winthrop,2019-20
3,63,3,2019-11-20,Winthrop,@,Old Dominion,REG (Non-Conf),L 44-68,*,25,0,3,.000,0,1,.000,0,2,.000,.000,0,0,,0,4,4,1,1,0,0,2,0,0.0,Anika Riley,https://www.sports-reference.com/cbb/players/anika-riley-1.html,winthrop,2019-20
4,64,4,2019-11-23,Winthrop,,Wofford,REG (Non-Conf),L 59-60,*,25,2,3,.667,0,0,,2,3,.667,.667,2,2,1.000,1,4,5,1,0,0,2,1,6,4.9,Anika Riley,https://www.sports-reference.com/cbb/players/anika-riley-1.html,winthrop,2019-20
5,65,5,2019-11-26,Winthrop,,Georgia Southern,REG (Non-Conf),L 47-91,*,36,1,3,.333,0,0,,1,3,.333,.333,0,0,,1,6,7,0,1,0,0,3,2,2.6,Anika Riley,https://www.sports-reference.com/cbb/players/anika-riley-1.html,winthrop,2019-20
6,66,6,2019-12-01,Winthrop,,College of Charleston,REG (Non-Conf),L 73-84,*,15,1,8,.125,0,0,,1,8,.125,.125,1,2,.500,5,3,8,0,1,0,1,3,3,0.6,Anika Riley,https://www.sports-reference.com/cbb/players/anika-riley-1.html,winthrop,2019-20
7,67,7,2019-12-11,Winthrop,@,Kentucky,REG (Non-Conf),L 36-91,*,20,2,4,.500,0,0,,2,4,.500,.500,0,0,,1,5,6,2,2,0,4,3,4,2.4,Anika Riley,https://www.sports-reference.com/cbb/players/anika-riley-1.html,winthrop,2019-20
8,68,8,2019-12-17,Winthrop,@,UNC Wilmington,REG (Non-Conf),W 75-63,*,26,5,8,.625,0,0,,5,8,.625,.625,4,4,1.000,0,6,6,1,1,0,3,4,14,9.3,Anika Riley,https://www.sports-reference.com/cbb/players/anika-riley-1.html,winthrop,2019-20
9,69,9,2019-12-21,Winthrop,@,Western Carolina,REG (Non-Conf),W 63-60,*,28,2,3,.667,0,0,,2,3,.667,.667,0,2,.000,1,2,3,2,0,0,1,2,4,2.8,Anika Riley,https://www.sports-reference.com/cbb/players/anika-riley-1.html,winthrop,2019-20
10,70,10,2019-12-28,Winthrop,,Hampton,REG (Conf),W 72-66,*,35,3,4,.750,0,0,,3,4,.750,.750,2,4,.500,0,7,7,1,0,0,0,4,8,6.8,Anika Riley,https://www.sports-reference.com/cbb/players/anika-riley-1.html,winthrop,2019-20
11,71,11,2019-12-31,Winthrop,,High Point,REG (Conf),W 69-63,*,34,8,10,.800,1,2,.500,7,8,.875,.850,2,2,1.000,3,9,12,0,1,0,0,0,19,21.0,Anika Riley,https://www.sports-reference.com/cbb/players/anika-riley-1.html,winthrop,2019-20
12,72,12,2020-01-06,Winthrop,@,Gardner-Webb,REG (Conf),L 59-71,*,30,4,7,.571,0,0,,4,7,.571,.571,2,4,.500,1,5,6,0,2,0,1,2,10,8.3,Anika Riley,https://www.sports-reference.com/cbb/players/anika-riley-1.html,winthrop,2019-20
13,73,13,2020-01-09,Winthrop,@,USC Upstate,REG (Conf),W 52-38,*,33,3,8,.375,0,0,,3,8,.375,.375,0,0,,2,2,4,2,3,0,1,0,6,7.0,Anika Riley,https://www.sports-reference.com/cbb/players/anika-riley-1.html,winthrop,2019-20
14,74,14,2020-01-11,Winthrop,,Presbyterian,REG (Conf),W 61-54,*,32,2,5,.400,0,1,.000,2,4,.500,.400,3,4,.750,3,6,9,2,2,0,4,3,7,6.0,Anika Riley,https://www.sports-reference.com/cbb/players/anika-riley-1.html,winthrop,2019-20
15,75,15,2020-01-14,Winthrop,@,Campbell,REG (Conf),L 47-63,*,27,3,6,.500,0,0,,3,6,.500,.500,0,0,,0,1,1,2,0,0,1,1,6,3.3,Anika Riley,https://www.sports-reference.com/cbb/players/anika-riley-1.html,winthrop,2019-20
16,76,16,2020-01-18,Winthrop,@,Radford,REG (Conf),L 53-54,*,21,1,5,.200,0,0,,1,5,.200,.200,0,0,,0,0,0,0,2,0,1,4,2,-1.7,Anika Riley,https://www.sports-reference.com/cbb/players/anika-riley-1.html,winthrop,2019-20
17,77,17,2020-01-21,Winthrop,,Longwood,REG (Conf),W 74-63,*,34,2,8,.250,0,1,.000,2,7,.286,.250,2,2,1.000,1,7,8,2,2,0,0,1,6,7.0,Anika Riley,https://www.sports-reference.com/cbb/players/anika-riley-1.html,winthrop,2019-20
18,78,18,2020-01-25,Winthrop,@,Charleston Southern,REG (Conf),W 58-53,*,31,4,9,.444,0,0,,4,9,.444,.444,2,2,1.000,1,7,8,0,0,0,1,4,10,5.5,Anika Riley,https://www.sports-reference.com/cbb/players/anika-riley-1.html,winthrop,2019-20
19,79,19,2020-01-28,Winthrop,,UNC Asheville,REG (Conf),L 43-50,*,28,1,5,.200,0,0,,1,5,.200,.200,0,0,,2,6,8,1,0,1,2,3,2,0.3,Anika Riley,https://www.sports-reference.com/cbb/players/anika-riley-1.html,winthrop,2019-20
20,80,20,2020-02-01,Winthrop,@,High Point,REG (Conf),L 61-94,*,28,2,9,.222,0,1,.000,2,8,.250,.222,0,0,,0,5,5,1,0,0,0,2,4,-0.1,Anika Riley,https://www.sports-reference.com/cbb/players/anika-riley-1.html,winthrop,2019-20
21,81,21,2020-02-04,Winthrop,,Charleston Southern,REG (Conf),W 56-46,*,34,3,8,.375,0,0,,3,8,.375,.375,2,2,1.000,1,9,10,2,1,0,2,1,8,7.0,Anika Riley,https://www.sports-reference.com/cbb/players/anika-riley-1.html,winthrop,2019-20
22,82,22,2020-02-11,Winthrop,@,Hampton,REG (Conf),L 48-62,*,33,3,5,.600,0,0,,3,5,.600,.600,0,0,,2,8,10,0,0,0,2,4,6,3.9,Anika Riley,https://www.sports-reference.com/cbb/players/anika-riley-1.html,winthrop,2019-20
23,83,23,2020-02-15,Winthrop,@,UNC Asheville,REG (Conf),L 55-65,*,34,3,9,.333,0,1,.000,3,8,.375,.333,0,0,,2,8,10,2,0,0,0,4,6,4.5,Anika Riley,https://www.sports-reference.com/cbb/players/anika-riley-1.html,winthrop,2019-20
24,84,24,2020-02-18,Winthrop,,Campbell,REG (Conf),L 58-61,*,24,1,4,.250,0,0,,1,4,.250,.250,0,0,,3,4,7,1,1,0,3,3,2,0.4,Anika Riley,https://www.sports-reference.com/cbb/players/anika-riley-1.html,winthrop,2019-20
25,85,25,2020-02-22,Winthrop,,Gardner-Webb,REG (Conf),L 49-54,*,33,2,5,.400,0,1,.000,2,4,.500,.400,3,4,.750,0,11,11,2,1,0,2,3,7,6.4,Anika Riley,https://www.sports-reference.com/cbb/players/anika-riley-1.html,winthrop,2019-20
26,86,26,2020-02-25,Winthrop,@,Longwood,REG (Conf),W 63-60,*,20,0,3,.000,0,0,,0,3,.000,.000,0,0,,1,4,5,0,0,0,1,4,0,-2.8,Anika Riley,https://www.sports-reference.com/cbb/players/anika-riley-1.html,winthrop,2019-20
27,87,27,2020-02-29,Winthrop,,Radford,REG (Conf),L 50-56,*,33,5,9,.556,0,0,,5,9,.556,.556,0,0,,1,6,7,1,1,0,1,3,10,7.7,Anika Riley,https://www.sports-reference.com/cbb/players/anika-riley-1.html,winthrop,2019-20
28,88,28,2020-03-04,Winthrop,@,Presbyterian,REG (Conf),L 54-88,*,24,4,7,.571,0,0,,4,7,.571,.571,0,0,,2,2,4,0,1,0,1,1,8,6.3,Anika Riley,https://www.sports-reference.com/cbb/players/anika-riley-1.html,winthrop,2019-20
29,89,29,2020-03-07,Winthrop,,USC Upstate,REG (Conf),L 59-66,*,25,3,4,.750,0,0,,3,4,.750,.750,4,4,1.000,2,3,5,0,1,0,1,3,10,9.5,Anika Riley,https://www.sports-reference.com/cbb/players/anika-riley-1.html,winthrop,2019-20
30,90,30,2020-03-10,Winthrop,,USC Upstate,CTOURN,L 57-60,*,34,3,8,.375,0,0,,3,8,.375,.375,0,0,,2,4,6,1,3,0,1,0,6,6.9,Anika Riley,https://www.sports-reference.com/cbb/players/anika-riley-1.html,winthrop,2019-20
