ranker,player_game_num_career,team_game_num_season,date,team_name_abbr,game_location,opp_name_abbr,game_type,game_result,is_starter,mp,fg,fga,fg_pct,fg3,fg3a,fg3_pct,fg2,fg2a,fg2_pct,efg_pct,ft,fta,ft_pct,orb,drb,trb,ast,stl,blk,tov,pf,pts,game_score,player_name,player_sr_link,school,season
1,31,1,2019-11-09,Winthrop,,Iona,REG (Non-Conf),L 61-68,*,38,8,15,.533,1,1,1.000,7,14,.500,.567,4,4,1.000,2,5,7,5,1,0,3,2,21,17.3,Jah'Che Whitfield,https://www.sports-reference.com/cbb/players/jahche-whitfield-1.html,winthrop,2019-20
2,32,2,2019-11-12,Winthrop,@,North Carolina Central,REG (Non-Conf),W 56-46,*,37,6,16,.375,1,4,.250,5,12,.417,.406,1,2,.500,2,8,10,1,1,1,4,1,14,6.6,Jah'Che Whitfield,https://www.sports-reference.com/cbb/players/jahche-whitfield-1.html,winthrop,2019-20
3,33,3,2019-11-20,Winthrop,@,Old Dominion,REG (Non-Conf),L 44-68,*,27,1,10,.100,0,1,.000,1,9,.111,.100,1,2,.500,1,5,6,1,2,0,1,1,3,-0.5,Jah'Che Whitfield,https://www.sports-reference.com/cbb/players/jahche-whitfield-1.html,winthrop,2019-20
4,34,4,2019-11-23,Winthrop,,Wofford,REG (Non-Conf),L 59-60,*,32,5,8,.625,0,2,.000,5,6,.833,.625,1,2,.500,2,4,6,0,1,1,4,3,11,6.1,Jah'Che Whitfield,https://www.sports-reference.com/cbb/players/jahche-whitfield-1.html,winthrop,2019-20
5,35,5,2019-11-26,Winthrop,,Georgia Southern,REG (Non-Conf),L 47-91,*,36,5,12,.417,0,1,.000,5,11,.455,.417,1,2,.500,0,0,0,0,0,0,0,1,11,3.8,Jah'Che Whitfield,https://www.sports-reference.com/cbb/players/jahche-whitfield-1.html,winthrop,2019-20
6,36,6,2019-12-01,Winthrop,,College of Charleston,REG (Non-Conf),L 73-84,*,37,6,15,.400,0,1,.000,6,14,.429,.400,1,1,1.000,2,4,6,4,0,0,6,1,13,3.9,Jah'Che Whitfield,https://www.sports-reference.com/cbb/players/jahche-whitfield-1.html,winthrop,2019-20
7,37,7,2019-12-11,Winthrop,@,Kentucky,REG (Non-Conf),L 36-91,*,27,4,7,.571,0,0,,4,7,.571,.571,0,0,,2,4,6,1,2,0,5,0,8,5.0,Jah'Che Whitfield,https://www.sports-reference.com/cbb/players/jahche-whitfield-1.html,winthrop,2019-20
8,38,8,2019-12-17,Winthrop,@,UNC Wilmington,REG (Non-Conf),W 75-63,*,34,4,10,.400,0,1,.000,4,9,.444,.400,4,4,1.000,2,5,7,1,0,0,4,2,12,5.4,Jah'Che Whitfield,https://www.sports-reference.com/cbb/players/jahche-whitfield-1.html,winthrop,2019-20
9,39,9,2019-12-21,Winthrop,@,Western Carolina,REG (Non-Conf),W 63-60,*,28,6,12,.500,1,2,.500,5,10,.500,.542,1,4,.250,0,7,7,3,2,0,3,3,14,8.8,Jah'Che Whitfield,https://www.sports-reference.com/cbb/players/jahche-whitfield-1.html,winthrop,2019-20
10,40,10,2019-12-28,Winthrop,,Hampton,REG (Conf),W 72-66,*,34,4,9,.444,0,0,,4,9,.444,.444,1,2,.500,1,5,6,3,1,0,3,3,9,5.0,Jah'Che Whitfield,https://www.sports-reference.com/cbb/players/jahche-whitfield-1.html,winthrop,2019-20
11,41,11,2019-12-31,Winthrop,,High Point,REG (Conf),W 69-63,*,17,3,7,.429,0,0,,3,7,.429,.429,3,3,1.000,0,4,4,4,1,2,3,4,9,7.1,Jah'Che Whitfield,https://www.sports-reference.com/cbb/players/jahche-whitfield-1.html,winthrop,2019-20
12,42,12,2020-01-06,Winthrop,@,Gardner-Webb,REG (Conf),L 59-71,*,20,0,1,.000,0,0,,0,1,.000,.000,0,2,.000,1,3,4,3,0,0,4,2,0,-2.6,Jah'Che Whitfield,https://www.sports-reference.com/cbb/players/jahche-whitfield-1.html,winthrop,2019-20
13,43,13,2020-01-09,Winthrop,@,USC Upstate,REG (Conf),W 52-38,*,36,4,9,.444,1,3,.333,3,6,.500,.500,2,3,.667,3,3,6,4,1,0,3,1,11,9.3,Jah'Che Whitfield,https://www.sports-reference.com/cbb/players/jahche-whitfield-1.html,winthrop,2019-20
14,44,14,2020-01-11,Winthrop,,Presbyterian,REG (Conf),W 61-54,*,35,6,8,.750,3,3,1.000,3,5,.600,.938,2,2,1.000,1,5,6,2,3,2,3,0,17,18.8,Jah'Che Whitfield,https://www.sports-reference.com/cbb/players/jahche-whitfield-1.html,winthrop,2019-20
15,45,15,2020-01-14,Winthrop,@,Campbell,REG (Conf),L 47-63,*,23,3,8,.375,1,2,.500,2,6,.333,.438,0,0,,3,4,7,2,0,0,4,3,7,2.1,Jah'Che Whitfield,https://www.sports-reference.com/cbb/players/jahche-whitfield-1.html,winthrop,2019-20
16,46,16,2020-01-18,Winthrop,@,Radford,REG (Conf),L 53-54,*,35,6,10,.600,0,2,.000,6,8,.750,.600,4,4,1.000,1,1,2,2,0,0,1,0,16,12.8,Jah'Che Whitfield,https://www.sports-reference.com/cbb/players/jahche-whitfield-1.html,winthrop,2019-20
17,47,17,2020-01-21,Winthrop,,Longwood,REG (Conf),W 74-63,*,34,6,13,.462,0,2,.000,6,11,.545,.462,2,3,.667,0,5,5,5,0,0,0,1,14,11.5,Jah'Che Whitfield,https://www.sports-reference.com/cbb/players/jahche-whitfield-1.html,winthrop,2019-20
18,48,18,2020-01-25,Winthrop,@,Charleston Southern,REG (Conf),W 58-53,*,39,5,12,.417,0,2,.000,5,10,.500,.417,4,6,.667,4,8,12,3,2,0,2,0,14,14.1,Jah'Che Whitfield,https://www.sports-reference.com/cbb/players/jahche-whitfield-1.html,winthrop,2019-20
19,49,19,2020-01-28,Winthrop,,UNC Asheville,REG (Conf),L 43-50,*,30,7,16,.438,1,5,.200,6,11,.545,.469,0,0,,0,1,1,4,2,0,3,2,15,7.9,Jah'Che Whitfield,https://www.sports-reference.com/cbb/players/jahche-whitfield-1.html,winthrop,2019-20
20,50,20,2020-02-01,Winthrop,@,High Point,REG (Conf),L 61-94,*,22,4,5,.800,0,0,,4,5,.800,.800,5,5,1.000,2,3,5,4,0,0,1,0,13,15.2,Jah'Che Whitfield,https://www.sports-reference.com/cbb/players/jahche-whitfield-1.html,winthrop,2019-20
21,51,21,2020-02-04,Winthrop,,Charleston Southern,REG (Conf),W 56-46,*,32,6,11,.545,2,5,.400,4,6,.667,.636,3,4,.750,0,4,4,3,1,1,4,0,17,12.3,Jah'Che Whitfield,https://www.sports-reference.com/cbb/players/jahche-whitfield-1.html,winthrop,2019-20
22,52,22,2020-02-11,Winthrop,@,Hampton,REG (Conf),L 48-62,*,37,4,11,.364,1,3,.333,3,8,.375,.409,7,7,1.000,3,4,7,3,1,2,4,1,16,13.3,Jah'Che Whitfield,https://www.sports-reference.com/cbb/players/jahche-whitfield-1.html,winthrop,2019-20
23,53,23,2020-02-15,Winthrop,@,UNC Asheville,REG (Conf),L 55-65,*,38,4,12,.333,0,0,,4,12,.333,.333,3,3,1.000,1,9,10,2,1,0,3,1,11,6.6,Jah'Che Whitfield,https://www.sports-reference.com/cbb/players/jahche-whitfield-1.html,winthrop,2019-20
24,54,24,2020-02-18,Winthrop,,Campbell,REG (Conf),L 58-61,*,25,4,11,.364,0,1,.000,4,10,.400,.364,2,2,1.000,1,5,6,2,3,0,2,3,10,7.3,Jah'Che Whitfield,https://www.sports-reference.com/cbb/players/jahche-whitfield-1.html,winthrop,2019-20
25,55,25,2020-02-22,Winthrop,,Gardner-Webb,REG (Conf),L 49-54,*,31,3,11,.273,0,3,.000,3,8,.375,.273,4,6,.667,1,10,11,3,1,0,8,3,10,0.3,Jah'Che Whitfield,https://www.sports-reference.com/cbb/players/jahche-whitfield-1.html,winthrop,2019-20
26,56,26,2020-02-25,Winthrop,@,Longwood,REG (Conf),W 63-60,*,34,5,13,.385,2,4,.500,3,9,.333,.462,1,2,.500,2,6,8,1,2,2,3,1,13,9.4,Jah'Che Whitfield,https://www.sports-reference.com/cbb/players/jahche-whitfield-1.html,winthrop,2019-20
27,57,27,2020-02-29,Winthrop,,Radford,REG (Conf),L 50-56,*,36,2,9,.222,0,1,.000,2,8,.250,.222,3,7,.429,1,6,7,2,3,0,2,3,7,3.6,Jah'Che Whitfield,https://www.sports-reference.com/cbb/players/jahche-whitfield-1.html,winthrop,2019-20
28,58,28,2020-03-04,Winthrop,@,Presbyterian,REG (Conf),L 54-88,*,22,3,7,.429,0,2,.000,3,5,.600,.429,1,2,.500,1,2,3,2,1,0,3,2,7,2.8,Jah'Che Whitfield,https://www.sports-reference.com/cbb/players/jahche-whitfield-1.html,winthrop,2019-20
29,59,29,2020-03-07,Winthrop,,USC Upstate,REG (Conf),L 59-66,*,30,1,9,.111,0,3,.000,1,6,.167,.111,0,0,,2,4,6,0,1,0,3,1,2,-3.7,Jah'Che Whitfield,https://www.sports-reference.com/cbb/players/jahche-whitfield-1.html,winthrop,2019-20
30,60,30,2020-03-10,Winthrop,,USC Upstate,CTOURN,L 57-60,*,31,3,9,.333,1,1,1.000,2,8,.250,.389,0,2,.000,2,6,8,2,1,0,4,1,7,2.3,Jah'Che Whitfield,https://www.sports-reference.com/cbb/players/jahche-whitfield-1.html,winthrop,2019-20
