ranker,player_game_num_career,team_game_num_season,date,team_name_abbr,game_location,opp_name_abbr,game_type,game_result,is_starter,mp,fg,fga,fg_pct,fg3,fg3a,fg3_pct,fg2,fg2a,fg2_pct,efg_pct,ft,fta,ft_pct,orb,drb,trb,ast,stl,blk,tov,pf,pts,game_score,player_name,player_sr_link,school,season
1,31,1,2019-11-09,Winthrop,,Iona,REG (Non-Conf),L 61-68,*,29,4,9,.444,0,0,,4,9,.444,.444,1,2,.500,3,4,7,0,2,1,3,4,9,5.3,Kem Nwabudu,https://www.sports-reference.com/cbb/players/kem-nwabudu-1.html,winthrop,2019-20
2,32,2,2019-11-12,Winthrop,@,North Carolina Central,REG (Non-Conf),W 56-46,*,22,2,12,.167,0,0,,2,12,.167,.167,6,10,.600,4,4,8,0,0,0,1,1,10,3.4,Kem Nwabudu,https://www.sports-reference.com/cbb/players/kem-nwabudu-1.html,winthrop,2019-20
3,33,3,2019-11-20,Winthrop,@,Old Dominion,REG (Non-Conf),L 44-68,*,25,3,7,.429,0,0,,3,7,.429,.429,0,2,.000,0,5,5,0,1,1,1,3,6,2.5,Kem Nwabudu,https://www.sports-reference.com/cbb/players/kem-nwabudu-1.html,winthrop,2019-20
4,34,4,2019-11-23,Winthrop,,Wofford,REG (Non-Conf),L 59-60,*,23,1,4,.250,0,0,,1,4,.250,.250,4,4,1.000,0,4,4,1,1,1,5,1,6,1.8,Kem Nwabudu,https://www.sports-reference.com/cbb/players/kem-nwabudu-1.html,winthrop,2019-20
5,35,5,2019-11-26,Winthrop,,Georgia Southern,REG (Non-Conf),L 47-91,*,25,2,5,.400,0,0,,2,5,.400,.400,2,2,1.000,0,3,3,1,0,0,2,4,6,1.3,Kem Nwabudu,https://www.sports-reference.com/cbb/players/kem-nwabudu-1.html,winthrop,2019-20
6,36,6,2019-12-01,Winthrop,,College of Charleston,REG (Non-Conf),L 73-84,*,30,5,14,.357,0,0,,5,14,.357,.357,4,6,.667,4,8,12,1,0,0,5,1,14,5.9,Kem Nwabudu,https://www.sports-reference.com/cbb/players/kem-nwabudu-1.html,winthrop,2019-20
7,37,7,2019-12-11,Winthrop,@,Kentucky,REG (Non-Conf),L 36-91,*,28,3,10,.300,0,0,,3,10,.300,.300,3,8,.375,3,2,5,0,0,0,5,0,9,-1.1,Kem Nwabudu,https://www.sports-reference.com/cbb/players/kem-nwabudu-1.html,winthrop,2019-20
8,38,8,2019-12-17,Winthrop,@,UNC Wilmington,REG (Non-Conf),W 75-63,*,17,3,10,.300,0,0,,3,10,.300,.300,2,2,1.000,1,2,3,0,0,0,2,4,8,-0.1,Kem Nwabudu,https://www.sports-reference.com/cbb/players/kem-nwabudu-1.html,winthrop,2019-20
9,39,9,2019-12-21,Winthrop,@,Western Carolina,REG (Non-Conf),W 63-60,*,21,0,5,.000,0,0,,0,5,.000,.000,2,2,1.000,1,4,5,1,1,0,2,1,2,-0.3,Kem Nwabudu,https://www.sports-reference.com/cbb/players/kem-nwabudu-1.html,winthrop,2019-20
10,40,10,2019-12-28,Winthrop,,Hampton,REG (Conf),W 72-66,,23,6,9,.667,0,0,,6,9,.667,.667,1,3,.333,0,3,3,2,2,0,3,3,13,8.4,Kem Nwabudu,https://www.sports-reference.com/cbb/players/kem-nwabudu-1.html,winthrop,2019-20
11,41,11,2019-12-31,Winthrop,,High Point,REG (Conf),W 69-63,*,34,3,12,.250,0,0,,3,12,.250,.250,3,4,.750,2,3,5,0,0,2,2,3,9,1.9,Kem Nwabudu,https://www.sports-reference.com/cbb/players/kem-nwabudu-1.html,winthrop,2019-20
12,42,12,2020-01-06,Winthrop,@,Gardner-Webb,REG (Conf),L 59-71,*,30,3,8,.375,0,0,,3,8,.375,.375,3,3,1.000,0,3,3,1,1,1,2,2,9,5.1,Kem Nwabudu,https://www.sports-reference.com/cbb/players/kem-nwabudu-1.html,winthrop,2019-20
13,43,13,2020-01-09,Winthrop,@,USC Upstate,REG (Conf),W 52-38,*,25,4,9,.444,0,0,,4,9,.444,.444,3,4,.750,1,8,9,1,0,1,2,4,11,6.8,Kem Nwabudu,https://www.sports-reference.com/cbb/players/kem-nwabudu-1.html,winthrop,2019-20
14,44,14,2020-01-11,Winthrop,,Presbyterian,REG (Conf),W 61-54,*,25,3,9,.333,0,0,,3,9,.333,.333,0,0,,2,4,6,0,0,1,3,2,6,0.4,Kem Nwabudu,https://www.sports-reference.com/cbb/players/kem-nwabudu-1.html,winthrop,2019-20
15,45,15,2020-01-14,Winthrop,@,Campbell,REG (Conf),L 47-63,*,25,4,8,.500,0,0,,4,8,.500,.500,0,0,,2,3,5,1,1,0,5,4,8,1.4,Kem Nwabudu,https://www.sports-reference.com/cbb/players/kem-nwabudu-1.html,winthrop,2019-20
16,46,16,2020-01-18,Winthrop,@,Radford,REG (Conf),L 53-54,*,32,8,17,.471,0,0,,8,17,.471,.471,4,4,1.000,0,4,4,1,1,1,2,4,20,11.3,Kem Nwabudu,https://www.sports-reference.com/cbb/players/kem-nwabudu-1.html,winthrop,2019-20
17,47,17,2020-01-21,Winthrop,,Longwood,REG (Conf),W 74-63,,11,5,11,.455,0,0,,5,11,.455,.455,0,1,.000,3,1,4,0,0,0,3,1,10,2.9,Kem Nwabudu,https://www.sports-reference.com/cbb/players/kem-nwabudu-1.html,winthrop,2019-20
18,48,19,2020-01-28,Winthrop,,UNC Asheville,REG (Conf),L 43-50,*,32,1,9,.111,0,0,,1,9,.111,.111,0,0,,1,6,7,0,0,3,1,4,2,-1.9,Kem Nwabudu,https://www.sports-reference.com/cbb/players/kem-nwabudu-1.html,winthrop,2019-20
19,49,20,2020-02-01,Winthrop,@,High Point,REG (Conf),L 61-94,*,23,6,11,.545,0,0,,6,11,.545,.545,1,2,.500,0,5,5,0,1,2,2,2,13,8.4,Kem Nwabudu,https://www.sports-reference.com/cbb/players/kem-nwabudu-1.html,winthrop,2019-20
20,50,21,2020-02-04,Winthrop,,Charleston Southern,REG (Conf),W 56-46,*,37,8,14,.571,0,0,,8,14,.571,.571,0,0,,0,9,9,0,2,4,1,1,16,15.5,Kem Nwabudu,https://www.sports-reference.com/cbb/players/kem-nwabudu-1.html,winthrop,2019-20
21,51,22,2020-02-11,Winthrop,@,Hampton,REG (Conf),L 48-62,*,21,5,10,.500,0,0,,5,10,.500,.500,0,0,,1,1,2,0,0,1,3,5,10,1.7,Kem Nwabudu,https://www.sports-reference.com/cbb/players/kem-nwabudu-1.html,winthrop,2019-20
22,52,23,2020-02-15,Winthrop,@,UNC Asheville,REG (Conf),L 55-65,*,11,0,3,.000,0,1,.000,0,2,.000,.000,0,0,,0,0,0,1,0,0,0,2,0,-2.2,Kem Nwabudu,https://www.sports-reference.com/cbb/players/kem-nwabudu-1.html,winthrop,2019-20
23,53,24,2020-02-18,Winthrop,,Campbell,REG (Conf),L 58-61,*,25,6,13,.462,0,0,,6,13,.462,.462,0,0,,2,6,8,3,2,0,2,3,12,9.4,Kem Nwabudu,https://www.sports-reference.com/cbb/players/kem-nwabudu-1.html,winthrop,2019-20
24,54,25,2020-02-22,Winthrop,,Gardner-Webb,REG (Conf),L 49-54,*,26,4,9,.444,0,0,,4,9,.444,.444,1,2,.500,2,2,4,0,0,0,3,3,9,1.7,Kem Nwabudu,https://www.sports-reference.com/cbb/players/kem-nwabudu-1.html,winthrop,2019-20
25,55,26,2020-02-25,Winthrop,@,Longwood,REG (Conf),W 63-60,*,20,5,12,.417,0,0,,5,12,.417,.417,0,0,,3,7,10,1,1,0,3,3,10,5.3,Kem Nwabudu,https://www.sports-reference.com/cbb/players/kem-nwabudu-1.html,winthrop,2019-20
26,56,27,2020-02-29,Winthrop,,Radford,REG (Conf),L 50-56,*,28,5,12,.417,0,0,,5,12,.417,.417,2,4,.500,1,4,5,0,0,0,1,4,12,4.1,Kem Nwabudu,https://www.sports-reference.com/cbb/players/kem-nwabudu-1.html,winthrop,2019-20
27,57,28,2020-03-04,Winthrop,@,Presbyterian,REG (Conf),L 54-88,*,26,6,11,.545,0,0,,6,11,.545,.545,0,3,.000,0,2,2,3,1,1,4,1,12,5.5,Kem Nwabudu,https://www.sports-reference.com/cbb/players/kem-nwabudu-1.html,winthrop,2019-20
28,58,29,2020-03-07,Winthrop,,USC Upstate,REG (Conf),L 59-66,*,33,8,13,.615,0,0,,8,13,.615,.615,0,3,.000,2,10,12,2,0,1,1,4,16,12.8,Kem Nwabudu,https://www.sports-reference.com/cbb/players/kem-nwabudu-1.html,winthrop,2019-20
29,59,30,2020-03-10,Winthrop,,USC Upstate,CTOURN,L 57-60,*,22,3,6,.500,0,0,,3,6,.500,.500,0,0,,1,2,3,1,0,0,1,4,6,2.4,Kem Nwabudu,https://www.sports-reference.com/cbb/players/kem-nwabudu-1.html,winthrop,2019-20
