ranker,player_game_num_career,team_game_num_season,date,team_name_abbr,game_location,opp_name_abbr,game_type,game_result,is_starter,mp,fg,fga,fg_pct,fg3,fg3a,fg3_pct,fg2,fg2a,fg2_pct,efg_pct,ft,fta,ft_pct,orb,drb,trb,ast,stl,blk,tov,pf,pts,game_score,player_name,player_sr_link,school,season
1,30,1,2019-11-09,Winthrop,,Iona,REG (Non-Conf),L 61-68,,9,0,1,.000,0,0,,0,1,.000,.000,2,2,1.000,1,1,2,0,0,0,0,2,2,1.5,Maleeah Langstaff,https://www.sports-reference.com/cbb/players/maleeah-langstaff-1.html,winthrop,2019-20
2,31,2,2019-11-12,Winthrop,@,North Carolina Central,REG (Non-Conf),W 56-46,,9,1,3,.333,0,0,,1,3,.333,.333,0,0,,1,1,2,0,0,0,0,1,2,0.9,Maleeah Langstaff,https://www.sports-reference.com/cbb/players/maleeah-langstaff-1.html,winthrop,2019-20
3,32,3,2019-11-20,Winthrop,@,Old Dominion,REG (Non-Conf),L 44-68,,19,1,2,.500,0,0,,1,2,.500,.500,2,2,1.000,0,1,1,1,0,0,1,3,4,1.8,Maleeah Langstaff,https://www.sports-reference.com/cbb/players/maleeah-langstaff-1.html,winthrop,2019-20
4,33,4,2019-11-23,Winthrop,,Wofford,REG (Non-Conf),L 59-60,,22,2,4,.500,0,0,,2,4,.500,.500,1,2,.500,1,2,3,1,0,0,1,1,5,3.2,Maleeah Langstaff,https://www.sports-reference.com/cbb/players/maleeah-langstaff-1.html,winthrop,2019-20
5,34,5,2019-11-26,Winthrop,,Georgia Southern,REG (Non-Conf),L 47-91,*,32,1,4,.250,0,1,.000,1,3,.333,.250,4,4,1.000,0,2,2,1,0,1,2,2,6,2.8,Maleeah Langstaff,https://www.sports-reference.com/cbb/players/maleeah-langstaff-1.html,winthrop,2019-20
6,35,6,2019-12-01,Winthrop,,College of Charleston,REG (Non-Conf),L 73-84,*,33,2,5,.400,0,0,,2,5,.400,.400,1,3,.333,2,1,3,5,1,0,3,1,5,4.3,Maleeah Langstaff,https://www.sports-reference.com/cbb/players/maleeah-langstaff-1.html,winthrop,2019-20
7,36,7,2019-12-11,Winthrop,@,Kentucky,REG (Non-Conf),L 36-91,*,20,1,4,.250,0,1,.000,1,3,.333,.250,1,1,1.000,1,4,5,2,2,1,1,4,3,4.0,Maleeah Langstaff,https://www.sports-reference.com/cbb/players/maleeah-langstaff-1.html,winthrop,2019-20
8,37,8,2019-12-17,Winthrop,@,UNC Wilmington,REG (Non-Conf),W 75-63,*,31,3,4,.750,0,0,,3,4,.750,.750,3,4,.750,1,4,5,3,0,0,0,3,9,9.8,Maleeah Langstaff,https://www.sports-reference.com/cbb/players/maleeah-langstaff-1.html,winthrop,2019-20
9,38,9,2019-12-21,Winthrop,@,Western Carolina,REG (Non-Conf),W 63-60,*,32,3,6,.500,1,1,1.000,2,5,.400,.583,2,4,.500,1,1,2,1,1,0,1,1,9,6.5,Maleeah Langstaff,https://www.sports-reference.com/cbb/players/maleeah-langstaff-1.html,winthrop,2019-20
10,39,10,2019-12-28,Winthrop,,Hampton,REG (Conf),W 72-66,*,27,4,8,.500,0,0,,4,8,.500,.500,4,8,.500,8,4,12,3,1,1,5,3,12,10.8,Maleeah Langstaff,https://www.sports-reference.com/cbb/players/maleeah-langstaff-1.html,winthrop,2019-20
11,40,11,2019-12-31,Winthrop,,High Point,REG (Conf),W 69-63,*,32,3,6,.500,0,0,,3,6,.500,.500,1,3,.333,8,3,11,1,2,1,7,3,7,4.9,Maleeah Langstaff,https://www.sports-reference.com/cbb/players/maleeah-langstaff-1.html,winthrop,2019-20
12,41,12,2020-01-06,Winthrop,@,Gardner-Webb,REG (Conf),L 59-71,*,11,1,2,.500,0,0,,1,2,.500,.500,1,2,.500,0,0,0,1,0,2,2,3,3,0.5,Maleeah Langstaff,https://www.sports-reference.com/cbb/players/maleeah-langstaff-1.html,winthrop,2019-20
13,42,13,2020-01-09,Winthrop,@,USC Upstate,REG (Conf),W 52-38,*,22,2,9,.222,0,1,.000,2,8,.250,.222,0,3,.000,2,2,4,1,2,0,0,2,4,1.2,Maleeah Langstaff,https://www.sports-reference.com/cbb/players/maleeah-langstaff-1.html,winthrop,2019-20
14,43,14,2020-01-11,Winthrop,,Presbyterian,REG (Conf),W 61-54,,18,2,4,.500,0,0,,2,4,.500,.500,2,2,1.000,2,0,2,3,3,1,2,3,6,8.0,Maleeah Langstaff,https://www.sports-reference.com/cbb/players/maleeah-langstaff-1.html,winthrop,2019-20
15,44,15,2020-01-14,Winthrop,@,Campbell,REG (Conf),L 47-63,*,27,3,7,.429,0,1,.000,3,6,.500,.429,0,0,,1,3,4,0,1,1,1,2,6,3.8,Maleeah Langstaff,https://www.sports-reference.com/cbb/players/maleeah-langstaff-1.html,winthrop,2019-20
16,45,16,2020-01-18,Winthrop,@,Radford,REG (Conf),L 53-54,*,34,3,4,.750,0,0,,3,4,.750,.750,0,1,.000,2,6,8,0,2,0,4,4,6,3.6,Maleeah Langstaff,https://www.sports-reference.com/cbb/players/maleeah-langstaff-1.html,winthrop,2019-20
17,46,17,2020-01-21,Winthrop,,Longwood,REG (Conf),W 74-63,*,30,7,10,.700,0,0,,7,10,.700,.700,2,4,.500,3,10,13,1,4,0,0,2,16,20.0,Maleeah Langstaff,https://www.sports-reference.com/cbb/players/maleeah-langstaff-1.html,winthrop,2019-20
18,47,18,2020-01-25,Winthrop,@,Charleston Southern,REG (Conf),W 58-53,*,34,4,12,.333,1,2,.500,3,10,.300,.375,1,4,.250,6,1,7,1,1,1,1,5,10,5.9,Maleeah Langstaff,https://www.sports-reference.com/cbb/players/maleeah-langstaff-1.html,winthrop,2019-20
19,48,19,2020-01-28,Winthrop,,UNC Asheville,REG (Conf),L 43-50,*,28,2,7,.286,0,2,.000,2,5,.400,.286,0,0,,1,4,5,0,1,1,0,2,4,2.7,Maleeah Langstaff,https://www.sports-reference.com/cbb/players/maleeah-langstaff-1.html,winthrop,2019-20
20,49,20,2020-02-01,Winthrop,@,High Point,REG (Conf),L 61-94,*,30,7,12,.583,0,0,,7,12,.583,.583,1,2,.500,1,4,5,3,1,2,3,3,15,11.2,Maleeah Langstaff,https://www.sports-reference.com/cbb/players/maleeah-langstaff-1.html,winthrop,2019-20
21,50,21,2020-02-04,Winthrop,,Charleston Southern,REG (Conf),W 56-46,*,30,5,15,.333,0,3,.000,5,12,.417,.333,3,4,.750,2,2,4,2,1,1,4,3,13,4.0,Maleeah Langstaff,https://www.sports-reference.com/cbb/players/maleeah-langstaff-1.html,winthrop,2019-20
22,51,22,2020-02-11,Winthrop,@,Hampton,REG (Conf),L 48-62,*,31,1,3,.333,0,0,,1,3,.333,.333,3,4,.750,3,4,7,1,1,1,7,1,5,1.2,Maleeah Langstaff,https://www.sports-reference.com/cbb/players/maleeah-langstaff-1.html,winthrop,2019-20
23,52,23,2020-02-15,Winthrop,@,UNC Asheville,REG (Conf),L 55-65,*,30,4,11,.364,1,3,.333,3,8,.375,.409,0,0,,1,3,4,0,2,0,1,2,9,4.7,Maleeah Langstaff,https://www.sports-reference.com/cbb/players/maleeah-langstaff-1.html,winthrop,2019-20
24,53,24,2020-02-18,Winthrop,,Campbell,REG (Conf),L 58-61,*,28,4,5,.800,0,1,.000,4,4,1.000,.800,0,0,,1,1,2,2,2,1,1,1,8,9.8,Maleeah Langstaff,https://www.sports-reference.com/cbb/players/maleeah-langstaff-1.html,winthrop,2019-20
25,54,25,2020-02-22,Winthrop,,Gardner-Webb,REG (Conf),L 49-54,*,10,2,3,.667,0,0,,2,3,.667,.667,0,0,,0,2,2,1,0,0,2,4,4,0.4,Maleeah Langstaff,https://www.sports-reference.com/cbb/players/maleeah-langstaff-1.html,winthrop,2019-20
26,55,26,2020-02-25,Winthrop,@,Longwood,REG (Conf),W 63-60,*,27,3,15,.200,0,1,.000,3,14,.214,.200,0,0,,5,5,10,0,0,0,2,0,6,-0.3,Maleeah Langstaff,https://www.sports-reference.com/cbb/players/maleeah-langstaff-1.html,winthrop,2019-20
27,56,27,2020-02-29,Winthrop,,Radford,REG (Conf),L 50-56,*,16,0,3,.000,0,1,.000,0,2,.000,.000,0,0,,0,1,1,0,0,0,2,4,0,-5.4,Maleeah Langstaff,https://www.sports-reference.com/cbb/players/maleeah-langstaff-1.html,winthrop,2019-20
28,57,28,2020-03-04,Winthrop,@,Presbyterian,REG (Conf),L 54-88,*,17,0,2,.000,0,0,,0,2,.000,.000,0,0,,0,2,2,1,0,0,3,2,0,-3.9,Maleeah Langstaff,https://www.sports-reference.com/cbb/players/maleeah-langstaff-1.html,winthrop,2019-20
29,58,29,2020-03-07,Winthrop,,USC Upstate,REG (Conf),L 59-66,*,23,4,11,.364,2,3,.667,2,8,.250,.455,0,0,,3,2,5,1,0,0,2,2,10,4.5,Maleeah Langstaff,https://www.sports-reference.com/cbb/players/maleeah-langstaff-1.html,winthrop,2019-20
30,59,30,2020-03-10,Winthrop,,USC Upstate,CTOURN,L 57-60,*,25,4,9,.444,0,2,.000,4,7,.571,.444,2,2,1.000,0,0,0,1,2,0,1,4,10,5.4,Maleeah Langstaff,https://www.sports-reference.com/cbb/players/maleeah-langstaff-1.html,winthrop,2019-20
