ranker,player_game_num_career,team_game_num_season,date,team_name_abbr,game_location,opp_name_abbr,game_type,game_result,is_starter,mp,fg,fga,fg_pct,fg3,fg3a,fg3_pct,fg2,fg2a,fg2_pct,efg_pct,ft,fta,ft_pct,orb,drb,trb,ast,stl,blk,tov,pf,pts,game_score,player_name,player_sr_link,school,season
1,46,1,2019-11-09,Winthrop,,Iona,REG (Non-Conf),L 61-68,*,19,2,5,.400,0,1,.000,2,4,.500,.400,0,0,,0,1,1,0,1,0,2,4,4,-1.0,Miquela Santoro,https://www.sports-reference.com/cbb/players/miquela-santoro-1.html,winthrop,2019-20
2,47,2,2019-11-12,Winthrop,@,North Carolina Central,REG (Non-Conf),W 56-46,*,18,0,1,.000,0,1,.000,0,0,,.000,1,2,.500,0,3,3,2,0,0,2,3,1,-1.0,Miquela Santoro,https://www.sports-reference.com/cbb/players/miquela-santoro-1.html,winthrop,2019-20
3,48,3,2019-11-20,Winthrop,@,Old Dominion,REG (Non-Conf),L 44-68,*,26,1,7,.143,0,5,.000,1,2,.500,.143,0,0,,1,0,1,4,1,0,0,0,2,2.0,Miquela Santoro,https://www.sports-reference.com/cbb/players/miquela-santoro-1.html,winthrop,2019-20
4,49,4,2019-11-23,Winthrop,,Wofford,REG (Non-Conf),L 59-60,*,31,4,7,.571,4,6,.667,0,1,.000,.857,2,2,1.000,0,1,1,2,2,0,2,2,14,11.6,Miquela Santoro,https://www.sports-reference.com/cbb/players/miquela-santoro-1.html,winthrop,2019-20
5,50,5,2019-11-26,Winthrop,,Georgia Southern,REG (Non-Conf),L 47-91,*,35,0,3,.000,0,2,.000,0,1,.000,.000,2,2,1.000,1,1,2,3,2,0,2,0,2,3.0,Miquela Santoro,https://www.sports-reference.com/cbb/players/miquela-santoro-1.html,winthrop,2019-20
6,51,6,2019-12-01,Winthrop,,College of Charleston,REG (Non-Conf),L 73-84,*,35,4,4,1.000,3,3,1.000,1,1,1.000,1.375,4,6,.667,0,2,2,4,2,0,3,2,15,14.6,Miquela Santoro,https://www.sports-reference.com/cbb/players/miquela-santoro-1.html,winthrop,2019-20
7,52,7,2019-12-11,Winthrop,@,Kentucky,REG (Non-Conf),L 36-91,*,25,0,2,.000,0,0,,0,2,.000,.000,0,0,,2,1,3,1,1,0,1,1,0,0.6,Miquela Santoro,https://www.sports-reference.com/cbb/players/miquela-santoro-1.html,winthrop,2019-20
8,53,8,2019-12-17,Winthrop,@,UNC Wilmington,REG (Non-Conf),W 75-63,*,34,2,7,.286,0,3,.000,2,4,.500,.286,0,0,,0,0,0,4,0,0,2,0,4,0.7,Miquela Santoro,https://www.sports-reference.com/cbb/players/miquela-santoro-1.html,winthrop,2019-20
9,54,9,2019-12-21,Winthrop,@,Western Carolina,REG (Non-Conf),W 63-60,*,29,0,4,.000,0,0,,0,4,.000,.000,0,0,,0,1,1,2,1,0,1,0,0,-1.1,Miquela Santoro,https://www.sports-reference.com/cbb/players/miquela-santoro-1.html,winthrop,2019-20
10,55,10,2019-12-28,Winthrop,,Hampton,REG (Conf),W 72-66,*,36,4,5,.800,2,3,.667,2,2,1.000,1.000,3,4,.750,0,4,4,4,0,0,4,3,13,9.5,Miquela Santoro,https://www.sports-reference.com/cbb/players/miquela-santoro-1.html,winthrop,2019-20
11,56,11,2019-12-31,Winthrop,,High Point,REG (Conf),W 69-63,*,31,2,5,.400,1,1,1.000,1,4,.250,.500,7,7,1.000,0,2,2,1,1,1,4,2,12,7.5,Miquela Santoro,https://www.sports-reference.com/cbb/players/miquela-santoro-1.html,winthrop,2019-20
12,57,12,2020-01-06,Winthrop,@,Gardner-Webb,REG (Conf),L 59-71,*,23,1,3,.333,0,2,.000,1,1,1.000,.333,2,2,1.000,0,1,1,2,0,0,2,3,4,0.8,Miquela Santoro,https://www.sports-reference.com/cbb/players/miquela-santoro-1.html,winthrop,2019-20
13,58,13,2020-01-09,Winthrop,@,USC Upstate,REG (Conf),W 52-38,*,34,5,7,.714,2,2,1.000,3,5,.600,.857,2,2,1.000,2,4,6,0,1,0,3,2,14,10.9,Miquela Santoro,https://www.sports-reference.com/cbb/players/miquela-santoro-1.html,winthrop,2019-20
14,59,14,2020-01-11,Winthrop,,Presbyterian,REG (Conf),W 61-54,*,37,3,7,.429,3,4,.750,0,3,.000,.643,0,0,,2,2,4,3,2,1,1,3,9,9.9,Miquela Santoro,https://www.sports-reference.com/cbb/players/miquela-santoro-1.html,winthrop,2019-20
15,60,15,2020-01-14,Winthrop,@,Campbell,REG (Conf),L 47-63,*,21,0,2,.000,0,0,,0,2,.000,.000,0,0,,0,0,0,1,2,0,0,3,0,0.1,Miquela Santoro,https://www.sports-reference.com/cbb/players/miquela-santoro-1.html,winthrop,2019-20
16,61,16,2020-01-18,Winthrop,@,Radford,REG (Conf),L 53-54,*,31,0,3,.000,0,2,.000,0,1,.000,.000,0,0,,0,1,1,2,1,0,2,0,0,-1.4,Miquela Santoro,https://www.sports-reference.com/cbb/players/miquela-santoro-1.html,winthrop,2019-20
17,62,17,2020-01-21,Winthrop,,Longwood,REG (Conf),W 74-63,*,34,4,8,.500,1,4,.250,3,4,.750,.563,0,0,,1,2,3,3,3,0,4,2,9,6.6,Miquela Santoro,https://www.sports-reference.com/cbb/players/miquela-santoro-1.html,winthrop,2019-20
18,63,18,2020-01-25,Winthrop,@,Charleston Southern,REG (Conf),W 58-53,*,34,2,5,.400,2,2,1.000,0,3,.000,.600,0,0,,0,3,3,1,3,0,2,2,6,5.1,Miquela Santoro,https://www.sports-reference.com/cbb/players/miquela-santoro-1.html,winthrop,2019-20
19,64,19,2020-01-28,Winthrop,,UNC Asheville,REG (Conf),L 43-50,*,32,1,6,.167,1,5,.200,0,1,.000,.250,1,2,.500,0,1,1,0,0,0,1,3,4,-2.1,Miquela Santoro,https://www.sports-reference.com/cbb/players/miquela-santoro-1.html,winthrop,2019-20
20,65,20,2020-02-01,Winthrop,@,High Point,REG (Conf),L 61-94,*,30,3,8,.375,2,4,.500,1,4,.250,.500,2,2,1.000,0,4,4,0,0,0,0,3,10,5.6,Miquela Santoro,https://www.sports-reference.com/cbb/players/miquela-santoro-1.html,winthrop,2019-20
21,66,21,2020-02-04,Winthrop,,Charleston Southern,REG (Conf),W 56-46,*,31,1,3,.333,0,2,.000,1,1,1.000,.333,0,0,,0,5,5,3,1,0,1,3,2,2.7,Miquela Santoro,https://www.sports-reference.com/cbb/players/miquela-santoro-1.html,winthrop,2019-20
22,67,22,2020-02-11,Winthrop,@,Hampton,REG (Conf),L 48-62,*,34,2,6,.333,2,5,.400,0,1,.000,.500,0,0,,0,3,3,4,1,0,5,3,6,1.1,Miquela Santoro,https://www.sports-reference.com/cbb/players/miquela-santoro-1.html,winthrop,2019-20
23,68,23,2020-02-15,Winthrop,@,UNC Asheville,REG (Conf),L 55-65,*,31,2,4,.500,0,1,.000,2,3,.667,.500,0,0,,0,1,1,0,0,0,0,4,4,0.7,Miquela Santoro,https://www.sports-reference.com/cbb/players/miquela-santoro-1.html,winthrop,2019-20
24,69,24,2020-02-18,Winthrop,,Campbell,REG (Conf),L 58-61,*,33,1,7,.143,0,2,.000,1,5,.200,.143,0,0,,0,0,0,0,1,0,1,4,2,-4.1,Miquela Santoro,https://www.sports-reference.com/cbb/players/miquela-santoro-1.html,winthrop,2019-20
25,70,25,2020-02-22,Winthrop,,Gardner-Webb,REG (Conf),L 49-54,*,28,0,2,.000,0,1,.000,0,1,.000,.000,0,0,,1,5,6,1,1,0,3,1,0,-0.9,Miquela Santoro,https://www.sports-reference.com/cbb/players/miquela-santoro-1.html,winthrop,2019-20
26,71,26,2020-02-25,Winthrop,@,Longwood,REG (Conf),W 63-60,*,35,0,1,.000,0,1,.000,0,0,,.000,1,2,.500,1,0,1,3,2,0,1,0,1,3.7,Miquela Santoro,https://www.sports-reference.com/cbb/players/miquela-santoro-1.html,winthrop,2019-20
27,72,27,2020-02-29,Winthrop,,Radford,REG (Conf),L 50-56,*,31,0,2,.000,0,1,.000,0,1,.000,.000,0,0,,0,3,3,2,0,0,2,0,0,-1.1,Miquela Santoro,https://www.sports-reference.com/cbb/players/miquela-santoro-1.html,winthrop,2019-20
28,73,28,2020-03-04,Winthrop,@,Presbyterian,REG (Conf),L 54-88,*,22,0,2,.000,0,2,.000,0,0,,.000,0,0,,0,2,2,1,1,0,1,0,0,-0.1,Miquela Santoro,https://www.sports-reference.com/cbb/players/miquela-santoro-1.html,winthrop,2019-20
29,74,29,2020-03-07,Winthrop,,USC Upstate,REG (Conf),L 59-66,*,30,2,6,.333,1,4,.250,1,2,.500,.417,0,0,,0,2,2,2,0,1,1,1,5,2.9,Miquela Santoro,https://www.sports-reference.com/cbb/players/miquela-santoro-1.html,winthrop,2019-20
30,75,30,2020-03-10,Winthrop,,USC Upstate,CTOURN,L 57-60,*,34,4,11,.364,1,5,.200,3,6,.500,.409,1,2,.500,1,3,4,1,1,0,1,4,10,4.2,Miquela Santoro,https://www.sports-reference.com/cbb/players/miquela-santoro-1.html,winthrop,2019-20
