ranker,player_game_num_career,team_game_num_season,date,team_name_abbr,game_location,opp_name_abbr,game_type,game_result,is_starter,mp,fg,fga,fg_pct,fg3,fg3a,fg3_pct,fg2,fg2a,fg2_pct,efg_pct,ft,fta,ft_pct,orb,drb,trb,ast,stl,blk,tov,pf,pts,game_score,player_name,player_sr_link,school,season
1,29,1,2019-11-09,Winthrop,,Iona,REG (Non-Conf),L 61-68,,30,3,10,.300,2,4,.500,1,6,.167,.400,3,4,.750,2,1,3,4,0,0,2,2,11,6.5,Sydney Buckley,https://www.sports-reference.com/cbb/players/sydney-buckley-1.html,winthrop,2019-20
2,30,2,2019-11-12,Winthrop,@,North Carolina Central,REG (Non-Conf),W 56-46,,25,2,5,.400,0,1,.000,2,4,.500,.400,2,5,.400,1,4,5,3,3,1,7,1,6,2.4,Sydney Buckley,https://www.sports-reference.com/cbb/players/sydney-buckley-1.html,winthrop,2019-20
3,31,3,2019-11-20,Winthrop,@,Old Dominion,REG (Non-Conf),L 44-68,,22,2,7,.286,1,3,.333,1,4,.250,.357,2,2,1.000,0,2,2,2,1,0,2,1,7,3.5,Sydney Buckley,https://www.sports-reference.com/cbb/players/sydney-buckley-1.html,winthrop,2019-20
4,32,4,2019-11-23,Winthrop,,Wofford,REG (Non-Conf),L 59-60,,23,1,5,.200,0,0,,1,5,.200,.200,0,0,,3,2,5,3,1,0,4,5,2,-1.3,Sydney Buckley,https://www.sports-reference.com/cbb/players/sydney-buckley-1.html,winthrop,2019-20
5,33,5,2019-11-26,Winthrop,,Georgia Southern,REG (Non-Conf),L 47-91,,15,4,8,.500,0,2,.000,4,6,.667,.500,0,0,,1,1,2,0,0,0,2,2,8,2.2,Sydney Buckley,https://www.sports-reference.com/cbb/players/sydney-buckley-1.html,winthrop,2019-20
6,34,6,2019-12-01,Winthrop,,College of Charleston,REG (Non-Conf),L 73-84,,5,0,0,,0,0,,0,0,,,2,2,1.000,0,0,0,0,0,0,2,0,2,0.0,Sydney Buckley,https://www.sports-reference.com/cbb/players/sydney-buckley-1.html,winthrop,2019-20
7,35,7,2019-12-11,Winthrop,@,Kentucky,REG (Non-Conf),L 36-91,,15,0,2,.000,0,0,,0,2,.000,.000,0,0,,0,0,0,1,1,0,4,0,0,-3.7,Sydney Buckley,https://www.sports-reference.com/cbb/players/sydney-buckley-1.html,winthrop,2019-20
8,36,8,2019-12-17,Winthrop,@,UNC Wilmington,REG (Non-Conf),W 75-63,,18,3,5,.600,3,4,.750,0,1,.000,.900,0,2,.000,0,0,0,1,2,0,1,2,9,6.8,Sydney Buckley,https://www.sports-reference.com/cbb/players/sydney-buckley-1.html,winthrop,2019-20
9,37,9,2019-12-21,Winthrop,@,Western Carolina,REG (Non-Conf),W 63-60,,11,2,2,1.000,1,1,1.000,1,1,1.000,1.250,0,0,,0,0,0,0,1,0,0,0,5,5.4,Sydney Buckley,https://www.sports-reference.com/cbb/players/sydney-buckley-1.html,winthrop,2019-20
10,38,10,2019-12-28,Winthrop,,Hampton,REG (Conf),W 72-66,,4,0,0,,0,0,,0,0,,,0,0,,0,2,2,0,0,0,1,1,0,-0.8,Sydney Buckley,https://www.sports-reference.com/cbb/players/sydney-buckley-1.html,winthrop,2019-20
11,39,11,2019-12-31,Winthrop,,High Point,REG (Conf),W 69-63,,9,0,2,.000,0,1,.000,0,1,.000,.000,0,0,,0,4,4,0,1,0,2,0,0,-1.2,Sydney Buckley,https://www.sports-reference.com/cbb/players/sydney-buckley-1.html,winthrop,2019-20
12,40,12,2020-01-06,Winthrop,@,Gardner-Webb,REG (Conf),L 59-71,,17,2,4,.500,1,2,.500,1,2,.500,.625,1,2,.500,0,0,0,2,0,0,4,2,6,0.2,Sydney Buckley,https://www.sports-reference.com/cbb/players/sydney-buckley-1.html,winthrop,2019-20
13,41,13,2020-01-09,Winthrop,@,USC Upstate,REG (Conf),W 52-38,,7,0,2,.000,0,2,.000,0,0,,.000,2,2,1.000,1,1,2,1,0,0,2,0,2,0.3,Sydney Buckley,https://www.sports-reference.com/cbb/players/sydney-buckley-1.html,winthrop,2019-20
14,42,14,2020-01-11,Winthrop,,Presbyterian,REG (Conf),W 61-54,,9,2,5,.400,2,3,.667,0,2,.000,.600,0,0,,1,0,1,0,0,0,0,0,6,4.0,Sydney Buckley,https://www.sports-reference.com/cbb/players/sydney-buckley-1.html,winthrop,2019-20
15,43,15,2020-01-14,Winthrop,@,Campbell,REG (Conf),L 47-63,,15,1,4,.250,0,2,.000,1,2,.500,.250,0,0,,0,4,4,1,1,0,2,1,2,0.1,Sydney Buckley,https://www.sports-reference.com/cbb/players/sydney-buckley-1.html,winthrop,2019-20
16,44,16,2020-01-18,Winthrop,@,Radford,REG (Conf),L 53-54,,11,1,2,.500,1,2,.500,0,0,,.750,0,0,,0,0,0,1,1,0,1,1,3,2.3,Sydney Buckley,https://www.sports-reference.com/cbb/players/sydney-buckley-1.html,winthrop,2019-20
17,45,17,2020-01-21,Winthrop,,Longwood,REG (Conf),W 74-63,,17,2,4,.500,1,2,.500,1,2,.500,.625,1,2,.500,0,1,1,0,0,0,1,1,6,2.5,Sydney Buckley,https://www.sports-reference.com/cbb/players/sydney-buckley-1.html,winthrop,2019-20
18,46,18,2020-01-25,Winthrop,@,Charleston Southern,REG (Conf),W 58-53,,13,0,1,.000,0,1,.000,0,0,,.000,2,2,1.000,0,2,2,1,0,1,3,0,2,0.3,Sydney Buckley,https://www.sports-reference.com/cbb/players/sydney-buckley-1.html,winthrop,2019-20
19,47,19,2020-01-28,Winthrop,,UNC Asheville,REG (Conf),L 43-50,,10,1,2,.500,0,0,,1,2,.500,.500,0,0,,0,0,0,0,0,0,0,0,2,1.0,Sydney Buckley,https://www.sports-reference.com/cbb/players/sydney-buckley-1.html,winthrop,2019-20
20,48,20,2020-02-01,Winthrop,@,High Point,REG (Conf),L 61-94,,16,0,3,.000,0,0,,0,3,.000,.000,0,0,,1,1,2,2,1,0,0,0,0,1.3,Sydney Buckley,https://www.sports-reference.com/cbb/players/sydney-buckley-1.html,winthrop,2019-20
21,49,21,2020-02-04,Winthrop,,Charleston Southern,REG (Conf),W 56-46,,12,0,1,.000,0,0,,0,1,.000,.000,0,0,,0,2,2,0,0,0,0,1,0,-0.5,Sydney Buckley,https://www.sports-reference.com/cbb/players/sydney-buckley-1.html,winthrop,2019-20
22,50,22,2020-02-11,Winthrop,@,Hampton,REG (Conf),L 48-62,,6,0,3,.000,0,0,,0,3,.000,.000,0,0,,1,1,2,1,0,0,0,0,0,-0.4,Sydney Buckley,https://www.sports-reference.com/cbb/players/sydney-buckley-1.html,winthrop,2019-20
23,51,23,2020-02-15,Winthrop,@,UNC Asheville,REG (Conf),L 55-65,,15,2,4,.500,1,3,.333,1,1,1.000,.625,2,3,.667,0,2,2,1,0,0,0,3,7,4.7,Sydney Buckley,https://www.sports-reference.com/cbb/players/sydney-buckley-1.html,winthrop,2019-20
24,52,24,2020-02-18,Winthrop,,Campbell,REG (Conf),L 58-61,,15,4,7,.571,0,2,.000,4,5,.800,.571,2,3,.667,1,2,3,1,0,0,4,0,10,4.3,Sydney Buckley,https://www.sports-reference.com/cbb/players/sydney-buckley-1.html,winthrop,2019-20
25,53,25,2020-02-22,Winthrop,,Gardner-Webb,REG (Conf),L 49-54,,14,1,3,.333,0,1,.000,1,2,.500,.333,0,0,,2,1,3,1,2,0,2,1,2,2.3,Sydney Buckley,https://www.sports-reference.com/cbb/players/sydney-buckley-1.html,winthrop,2019-20
26,54,26,2020-02-25,Winthrop,@,Longwood,REG (Conf),W 63-60,,4,1,1,1.000,0,0,,1,1,1.000,1.000,1,1,1.000,0,0,0,0,0,0,0,0,3,2.7,Sydney Buckley,https://www.sports-reference.com/cbb/players/sydney-buckley-1.html,winthrop,2019-20
27,55,27,2020-02-29,Winthrop,,Radford,REG (Conf),L 50-56,,11,0,0,,0,0,,0,0,,,0,0,,0,1,1,3,0,0,0,1,0,2.0,Sydney Buckley,https://www.sports-reference.com/cbb/players/sydney-buckley-1.html,winthrop,2019-20
28,56,28,2020-03-04,Winthrop,@,Presbyterian,REG (Conf),L 54-88,,21,2,5,.400,1,4,.250,1,1,1.000,.500,1,2,.500,0,2,2,2,1,0,1,1,6,4.5,Sydney Buckley,https://www.sports-reference.com/cbb/players/sydney-buckley-1.html,winthrop,2019-20
29,57,29,2020-03-07,Winthrop,,USC Upstate,REG (Conf),L 59-66,,19,1,5,.200,0,3,.000,1,2,.500,.200,0,0,,1,2,3,6,0,0,2,3,2,1.2,Sydney Buckley,https://www.sports-reference.com/cbb/players/sydney-buckley-1.html,winthrop,2019-20
30,58,30,2020-03-10,Winthrop,,USC Upstate,CTOURN,L 57-60,,8,0,2,.000,0,1,.000,0,1,.000,.000,0,0,,0,1,1,0,1,0,1,0,0,-1.1,Sydney Buckley,https://www.sports-reference.com/cbb/players/sydney-buckley-1.html,winthrop,2019-20
