ranker,player_game_num_career,team_game_num_season,date,team_name_abbr,game_location,opp_name_abbr,game_type,game_result,is_starter,mp,fg,fga,fg_pct,fg3,fg3a,fg2,fg2a,fg2_pct,efg_pct,ft,fta,ft_pct,orb,drb,trb,ast,stl,blk,tov,pf,pts,game_score,player_name,player_sr_link,school,season
1,1,2,2019-11-12,Winthrop,@,North Carolina Central,REG (Non-Conf),W 56-46,,12,0,0,,0,0,0,0,,,0,0,,0,5,5,0,0,0,2,2,0,-1.3,Sydney Hunter,https://www.sports-reference.com/cbb/players/sydney-hunter-2.html,winthrop,2019-20
2,2,3,2019-11-20,Winthrop,@,Old Dominion,REG (Non-Conf),L 44-68,,15,2,5,.400,0,0,2,5,.400,.400,0,0,,4,0,4,0,1,1,1,1,4,4.4,Sydney Hunter,https://www.sports-reference.com/cbb/players/sydney-hunter-2.html,winthrop,2019-20
3,3,4,2019-11-23,Winthrop,,Wofford,REG (Non-Conf),L 59-60,,11,2,3,.667,0,0,2,3,.667,.667,2,6,.333,1,2,3,0,1,0,1,0,6,4.4,Sydney Hunter,https://www.sports-reference.com/cbb/players/sydney-hunter-2.html,winthrop,2019-20
4,4,5,2019-11-26,Winthrop,,Georgia Southern,REG (Non-Conf),L 47-91,,18,1,5,.200,0,0,1,5,.200,.200,0,0,,3,1,4,0,0,1,2,2,2,-0.8,Sydney Hunter,https://www.sports-reference.com/cbb/players/sydney-hunter-2.html,winthrop,2019-20
5,5,6,2019-12-01,Winthrop,,College of Charleston,REG (Non-Conf),L 73-84,,5,0,2,.000,0,0,0,2,.000,.000,1,2,.500,1,1,2,0,0,0,2,0,1,-1.8,Sydney Hunter,https://www.sports-reference.com/cbb/players/sydney-hunter-2.html,winthrop,2019-20
6,6,7,2019-12-11,Winthrop,@,Kentucky,REG (Non-Conf),L 36-91,,7,1,2,.500,0,0,1,2,.500,.500,0,0,,1,0,1,0,0,0,1,2,2,-0.1,Sydney Hunter,https://www.sports-reference.com/cbb/players/sydney-hunter-2.html,winthrop,2019-20
7,7,8,2019-12-17,Winthrop,@,UNC Wilmington,REG (Non-Conf),W 75-63,,12,1,2,.500,0,0,1,2,.500,.500,0,0,,1,3,4,0,0,0,1,1,2,1.2,Sydney Hunter,https://www.sports-reference.com/cbb/players/sydney-hunter-2.html,winthrop,2019-20
8,8,9,2019-12-21,Winthrop,@,Western Carolina,REG (Non-Conf),W 63-60,,11,3,3,1.000,0,0,3,3,1.000,1.000,0,1,.000,1,2,3,0,0,0,1,1,6,4.6,Sydney Hunter,https://www.sports-reference.com/cbb/players/sydney-hunter-2.html,winthrop,2019-20
9,9,10,2019-12-28,Winthrop,,Hampton,REG (Conf),W 72-66,*,12,0,0,,0,0,0,0,,,0,0,,0,1,1,1,0,0,1,3,0,-1.2,Sydney Hunter,https://www.sports-reference.com/cbb/players/sydney-hunter-2.html,winthrop,2019-20
10,10,11,2019-12-31,Winthrop,,High Point,REG (Conf),W 69-63,,5,1,1,1.000,0,0,1,1,1.000,1.000,0,0,,1,2,3,0,0,0,1,1,2,1.6,Sydney Hunter,https://www.sports-reference.com/cbb/players/sydney-hunter-2.html,winthrop,2019-20
11,11,12,2020-01-06,Winthrop,@,Gardner-Webb,REG (Conf),L 59-71,,15,0,2,.000,0,0,0,2,.000,.000,0,2,.000,1,2,3,0,0,0,0,0,0,-0.9,Sydney Hunter,https://www.sports-reference.com/cbb/players/sydney-hunter-2.html,winthrop,2019-20
12,12,13,2020-01-09,Winthrop,@,USC Upstate,REG (Conf),W 52-38,,11,0,4,.000,0,0,0,4,.000,.000,0,0,,2,0,2,0,0,0,4,2,0,-6.2,Sydney Hunter,https://www.sports-reference.com/cbb/players/sydney-hunter-2.html,winthrop,2019-20
13,13,14,2020-01-11,Winthrop,,Presbyterian,REG (Conf),W 61-54,,6,0,0,,0,0,0,0,,,0,0,,0,1,1,0,0,2,1,1,0,0.3,Sydney Hunter,https://www.sports-reference.com/cbb/players/sydney-hunter-2.html,winthrop,2019-20
14,14,15,2020-01-14,Winthrop,@,Campbell,REG (Conf),L 47-63,,6,0,1,.000,0,0,0,1,.000,.000,1,2,.500,2,2,4,0,0,0,1,1,1,0.5,Sydney Hunter,https://www.sports-reference.com/cbb/players/sydney-hunter-2.html,winthrop,2019-20
15,15,23,2020-02-15,Winthrop,@,UNC Asheville,REG (Conf),L 55-65,,3,0,1,.000,0,0,0,1,.000,.000,0,2,.000,1,0,1,0,0,0,1,2,0,-2.6,Sydney Hunter,https://www.sports-reference.com/cbb/players/sydney-hunter-2.html,winthrop,2019-20
16,16,25,2020-02-22,Winthrop,,Gardner-Webb,REG (Conf),L 49-54,,4,0,0,,0,0,0,0,,,0,0,,0,1,1,0,0,0,1,0,0,-0.7,Sydney Hunter,https://www.sports-reference.com/cbb/players/sydney-hunter-2.html,winthrop,2019-20
17,17,26,2020-02-25,Winthrop,@,Longwood,REG (Conf),W 63-60,,3,0,0,,0,0,0,0,,,0,2,.000,0,0,0,0,0,0,0,2,0,-1.6,Sydney Hunter,https://www.sports-reference.com/cbb/players/sydney-hunter-2.html,winthrop,2019-20
18,18,28,2020-03-04,Winthrop,@,Presbyterian,REG (Conf),L 54-88,,5,1,1,1.000,0,0,1,1,1.000,1.000,3,4,.750,1,1,2,0,0,0,0,1,5,4.9,Sydney Hunter,https://www.sports-reference.com/cbb/players/sydney-hunter-2.html,winthrop,2019-20
19,19,30,2020-03-10,Winthrop,,USC Upstate,CTOURN,L 57-60,,5,1,2,.500,0,0,1,2,.500,.500,0,0,,0,1,1,0,0,1,0,1,2,1.6,Sydney Hunter,https://www.sports-reference.com/cbb/players/sydney-hunter-2.html,winthrop,2019-20
