ranker,player_game_num_career,team_game_num_season,date,team_name_abbr,game_location,opp_name_abbr,game_type,game_result,is_starter,mp,fg,fga,fg_pct,fg3,fg3a,fg3_pct,fg2,fg2a,fg2_pct,efg_pct,ft,fta,ft_pct,orb,drb,trb,ast,stl,blk,tov,pf,pts,game_score,player_name,player_sr_link,school,season
1,1,1,2019-11-09,Winthrop,,Iona,REG (Non-Conf),L 61-68,,2,0,1,.000,0,0,,0,1,.000,.000,0,0,,0,0,0,0,0,0,1,0,0,-1.7,Tori Hall,https://www.sports-reference.com/cbb/players/tori-hall-1.html,winthrop,2019-20
2,2,3,2019-11-20,Winthrop,@,Old Dominion,REG (Non-Conf),L 44-68,,3,2,2,1.000,1,1,1.000,1,1,1.000,1.250,0,0,,0,0,0,0,0,0,0,0,5,4.4,Tori Hall,https://www.sports-reference.com/cbb/players/tori-hall-1.html,winthrop,2019-20
3,3,5,2019-11-26,Winthrop,,Georgia Southern,REG (Non-Conf),L 47-91,,3,0,1,.000,0,1,.000,0,0,,.000,1,2,.500,0,0,0,0,0,0,0,0,1,-0.1,Tori Hall,https://www.sports-reference.com/cbb/players/tori-hall-1.html,winthrop,2019-20
4,4,6,2019-12-01,Winthrop,,College of Charleston,REG (Non-Conf),L 73-84,,13,4,7,.571,4,5,.800,0,2,.000,.857,0,0,,0,4,4,0,0,0,1,0,12,8.9,Tori Hall,https://www.sports-reference.com/cbb/players/tori-hall-1.html,winthrop,2019-20
5,5,7,2019-12-11,Winthrop,@,Kentucky,REG (Non-Conf),L 36-91,,12,0,3,.000,0,2,.000,0,1,.000,.000,0,0,,0,1,1,1,0,0,0,0,0,-1.1,Tori Hall,https://www.sports-reference.com/cbb/players/tori-hall-1.html,winthrop,2019-20
6,6,8,2019-12-17,Winthrop,@,UNC Wilmington,REG (Non-Conf),W 75-63,,3,0,0,,0,0,,0,0,,,0,0,,0,0,0,0,0,0,0,1,0,-0.4,Tori Hall,https://www.sports-reference.com/cbb/players/tori-hall-1.html,winthrop,2019-20
7,7,10,2019-12-28,Winthrop,,Hampton,REG (Conf),W 72-66,,3,0,1,.000,0,1,.000,0,0,,.000,0,0,,0,0,0,0,0,0,0,1,0,-1.1,Tori Hall,https://www.sports-reference.com/cbb/players/tori-hall-1.html,winthrop,2019-20
8,8,12,2020-01-06,Winthrop,@,Gardner-Webb,REG (Conf),L 59-71,,1,1,1,1.000,0,0,,1,1,1.000,1.000,0,0,,0,0,0,0,0,0,0,0,2,1.7,Tori Hall,https://www.sports-reference.com/cbb/players/tori-hall-1.html,winthrop,2019-20
9,9,15,2020-01-14,Winthrop,@,Campbell,REG (Conf),L 47-63,,6,0,2,.000,0,1,.000,0,1,.000,.000,0,0,,0,0,0,0,0,0,0,0,0,-1.4,Tori Hall,https://www.sports-reference.com/cbb/players/tori-hall-1.html,winthrop,2019-20
10,10,20,2020-02-01,Winthrop,@,High Point,REG (Conf),L 61-94,,7,0,1,.000,0,1,.000,0,0,,.000,0,0,,0,2,2,0,0,0,0,0,0,-0.1,Tori Hall,https://www.sports-reference.com/cbb/players/tori-hall-1.html,winthrop,2019-20
11,11,21,2020-02-04,Winthrop,,Charleston Southern,REG (Conf),W 56-46,,3,0,1,.000,0,1,.000,0,0,,.000,0,0,,0,0,0,1,0,0,0,0,0,0.0,Tori Hall,https://www.sports-reference.com/cbb/players/tori-hall-1.html,winthrop,2019-20
12,12,22,2020-02-11,Winthrop,@,Hampton,REG (Conf),L 48-62,,3,0,1,.000,0,0,,0,1,.000,.000,0,0,,0,0,0,0,0,0,0,0,0,-0.7,Tori Hall,https://www.sports-reference.com/cbb/players/tori-hall-1.html,winthrop,2019-20
13,13,25,2020-02-22,Winthrop,,Gardner-Webb,REG (Conf),L 49-54,,5,0,2,.000,0,2,.000,0,0,,.000,0,0,,0,1,1,0,0,0,1,0,0,-2.1,Tori Hall,https://www.sports-reference.com/cbb/players/tori-hall-1.html,winthrop,2019-20
14,14,28,2020-03-04,Winthrop,@,Presbyterian,REG (Conf),L 54-88,,9,0,0,,0,0,,0,0,,,0,0,,0,1,1,0,0,0,2,0,0,-1.7,Tori Hall,https://www.sports-reference.com/cbb/players/tori-hall-1.html,winthrop,2019-20
