ranker,player_game_num_career,team_game_num_season,date,team_name_abbr,game_location,opp_name_abbr,game_type,game_result,is_starter,mp,fg,fga,fg_pct,fg3,fg3a,fg3_pct,fg2,fg2a,fg2_pct,efg_pct,ft,fta,orb,drb,trb,ast,stl,blk,tov,pf,pts,game_score,player_name,player_sr_link,school,season
1,81,1,2020-11-25,San Jose State,@,California,REG (Non-Conf),W 56-48,,16,1,8,.125,1,7,.143,0,1,.000,.188,0,0,0,2,2,0,0,0,0,1,3,-2.0,Analyss Benally,https://www.sports-reference.com/cbb/players/analyss-benally-1.html,san-jose-state,2020-21
2,82,2,2020-12-21,San Jose State,,Utah State,REG (Conf),W 78-73,,18,1,3,.333,0,1,.000,1,2,.500,.333,0,0,0,1,1,1,0,1,0,0,2,2.0,Analyss Benally,https://www.sports-reference.com/cbb/players/analyss-benally-1.html,san-jose-state,2020-21
3,83,3,2020-12-31,San Jose State,@,Boise State,REG (Conf),L 75-77,*,22,0,3,.000,0,2,.000,0,1,.000,.000,0,0,0,3,3,1,0,2,1,2,0,-0.9,Analyss Benally,https://www.sports-reference.com/cbb/players/analyss-benally-1.html,san-jose-state,2020-21
4,84,4,2021-01-02,San Jose State,@,Boise State,REG (Conf),L 53-70,*,11,0,2,.000,0,1,.000,0,1,.000,.000,0,0,0,0,0,0,0,0,0,0,0,-1.4,Analyss Benally,https://www.sports-reference.com/cbb/players/analyss-benally-1.html,san-jose-state,2020-21
