ranker,player_game_num_career,team_game_num_season,date,team_name_abbr,game_location,opp_name_abbr,game_type,game_result,is_starter,mp,fg,fga,fg_pct,fg3,fg3a,fg3_pct,fg2,fg2a,fg2_pct,efg_pct,ft,fta,ft_pct,orb,drb,trb,ast,stl,blk,tov,pf,pts,game_score,player_name,player_sr_link,school,season
1,1,1,2020-11-25,San Jose State,@,California,REG (Non-Conf),W 56-48,,10,0,5,.000,0,4,.000,0,1,.000,.000,0,0,,0,1,1,0,0,1,0,0,0,-2.5,Autam Mendez,https://www.sports-reference.com/cbb/players/autam-mendez-1.html,san-jose-state,2020-21
2,2,2,2020-12-21,San Jose State,,Utah State,REG (Conf),W 78-73,,9,2,3,.667,2,3,.667,0,0,,1.000,0,0,,0,3,3,0,0,0,1,3,6,3.4,Autam Mendez,https://www.sports-reference.com/cbb/players/autam-mendez-1.html,san-jose-state,2020-21
3,3,3,2020-12-31,San Jose State,@,Boise State,REG (Conf),L 75-77,,21,1,5,.200,1,2,.500,0,3,.000,.300,0,0,,0,1,1,3,1,0,0,0,3,3.3,Autam Mendez,https://www.sports-reference.com/cbb/players/autam-mendez-1.html,san-jose-state,2020-21
4,4,4,2021-01-02,San Jose State,@,Boise State,REG (Conf),L 53-70,,23,2,6,.333,2,4,.500,0,2,.000,.500,0,2,.000,3,1,4,0,0,1,1,1,6,3.5,Autam Mendez,https://www.sports-reference.com/cbb/players/autam-mendez-1.html,san-jose-state,2020-21
