ranker,player_game_num_career,team_game_num_season,date,team_name_abbr,game_location,opp_name_abbr,game_type,game_result,is_starter,mp,fg,fga,fg_pct,fg3,fg3a,fg3_pct,fg2,fg2a,fg2_pct,efg_pct,ft,fta,ft_pct,orb,drb,trb,ast,stl,blk,tov,pf,pts,game_score,player_name,player_sr_link,school,season
1,85,1,2020-11-25,San Jose State,@,California,REG (Non-Conf),W 56-48,*,18,2,6,.333,2,3,.667,0,3,.000,.500,0,0,,5,2,7,1,2,1,1,3,6,7.9,Courtesy Clark,https://www.sports-reference.com/cbb/players/courtesy-clark-1.html,san-jose-state,2020-21
2,86,2,2020-12-21,San Jose State,,Utah State,REG (Conf),W 78-73,,19,0,4,.000,0,2,.000,0,2,.000,.000,3,4,.750,1,2,3,2,0,0,0,3,3,1.3,Courtesy Clark,https://www.sports-reference.com/cbb/players/courtesy-clark-1.html,san-jose-state,2020-21
3,87,3,2020-12-31,San Jose State,@,Boise State,REG (Conf),L 75-77,*,21,2,9,.222,1,3,.333,1,6,.167,.278,0,0,,0,1,1,0,2,0,4,4,5,-3.8,Courtesy Clark,https://www.sports-reference.com/cbb/players/courtesy-clark-1.html,san-jose-state,2020-21
4,88,4,2021-01-02,San Jose State,@,Boise State,REG (Conf),L 53-70,*,22,0,4,.000,0,1,.000,0,3,.000,.000,0,0,,1,1,2,1,1,0,3,4,0,-4.7,Courtesy Clark,https://www.sports-reference.com/cbb/players/courtesy-clark-1.html,san-jose-state,2020-21
