ranker,player_game_num_career,team_game_num_season,date,team_name_abbr,game_location,opp_name_abbr,game_type,game_result,is_starter,mp,fg,fga,fg_pct,fg3,fg3a,fg3_pct,fg2,fg2a,fg2_pct,efg_pct,ft,fta,ft_pct,orb,drb,trb,ast,stl,blk,tov,pf,pts,game_score,player_name,player_sr_link,school,season
1,92,1,2020-11-25,San Jose State,@,California,REG (Non-Conf),W 56-48,*,27,5,15,.333,0,4,.000,5,11,.455,.333,0,0,,1,4,5,0,0,1,2,3,10,0.9,Cydni Lewis,https://www.sports-reference.com/cbb/players/cydni-lewis-1.html,san-jose-state,2020-21
2,93,2,2020-12-21,San Jose State,,Utah State,REG (Conf),W 78-73,*,19,0,6,.000,0,3,.000,0,3,.000,.000,3,4,.750,2,4,6,1,0,1,2,1,3,0.0,Cydni Lewis,https://www.sports-reference.com/cbb/players/cydni-lewis-1.html,san-jose-state,2020-21
3,94,3,2020-12-31,San Jose State,@,Boise State,REG (Conf),L 75-77,*,27,7,14,.500,1,3,.333,6,11,.545,.536,5,5,1.000,2,11,13,1,1,1,0,0,20,20.1,Cydni Lewis,https://www.sports-reference.com/cbb/players/cydni-lewis-1.html,san-jose-state,2020-21
4,95,4,2021-01-02,San Jose State,@,Boise State,REG (Conf),L 53-70,*,26,3,12,.250,1,5,.200,2,7,.286,.292,3,6,.500,2,3,5,0,0,1,1,2,10,2.8,Cydni Lewis,https://www.sports-reference.com/cbb/players/cydni-lewis-1.html,san-jose-state,2020-21
