ranker,player_game_num_career,team_game_num_season,date,team_name_abbr,game_location,opp_name_abbr,game_type,game_result,is_starter,mp,fg,fga,fg_pct,fg3,fg3a,fg3_pct,fg2,fg2a,fg2_pct,efg_pct,ft,fta,ft_pct,orb,drb,trb,ast,stl,blk,tov,pf,pts,game_score,player_name,player_sr_link,school,season
1,90,1,2020-11-25,San Jose State,@,California,REG (Non-Conf),W 56-48,*,27,3,6,.500,1,3,.333,2,3,.667,.583,0,0,,1,1,2,2,0,0,0,0,7,6.4,Danae Marquez,https://www.sports-reference.com/cbb/players/danae-marquez-1.html,san-jose-state,2020-21
2,91,2,2020-12-21,San Jose State,,Utah State,REG (Conf),W 78-73,*,32,4,8,.500,3,7,.429,1,1,1.000,.688,1,2,.500,1,1,2,1,1,0,3,0,12,7.3,Danae Marquez,https://www.sports-reference.com/cbb/players/danae-marquez-1.html,san-jose-state,2020-21
3,92,3,2020-12-31,San Jose State,@,Boise State,REG (Conf),L 75-77,,27,3,8,.375,2,5,.400,1,3,.333,.500,0,0,,0,3,3,4,1,0,1,1,8,6.9,Danae Marquez,https://www.sports-reference.com/cbb/players/danae-marquez-1.html,san-jose-state,2020-21
4,93,4,2021-01-02,San Jose State,@,Boise State,REG (Conf),L 53-70,,26,2,7,.286,1,5,.200,1,2,.500,.357,0,0,,0,3,3,1,2,0,2,0,5,2.5,Danae Marquez,https://www.sports-reference.com/cbb/players/danae-marquez-1.html,san-jose-state,2020-21
