ranker,player_game_num_career,team_game_num_season,date,team_name_abbr,game_location,opp_name_abbr,game_type,game_result,is_starter,mp,fg,fga,fg_pct,fg3,fg3a,fg3_pct,fg2,fg2a,fg2_pct,efg_pct,ft,fta,ft_pct,orb,drb,trb,ast,stl,blk,tov,pf,pts,game_score,player_name,player_sr_link,school,season
1,82,1,2020-11-25,San Jose State,@,California,REG (Non-Conf),W 56-48,,14,0,1,.000,0,0,,0,1,.000,.000,0,0,,3,1,4,2,2,0,0,0,0,5.1,Meghan Oberg,https://www.sports-reference.com/cbb/players/meghan-oberg-1.html,san-jose-state,2020-21
2,83,2,2020-12-21,San Jose State,,Utah State,REG (Conf),W 78-73,,26,6,8,.750,4,5,.800,2,3,.667,1.000,2,3,.667,0,7,7,0,0,2,1,1,18,16.5,Meghan Oberg,https://www.sports-reference.com/cbb/players/meghan-oberg-1.html,san-jose-state,2020-21
3,84,3,2020-12-31,San Jose State,@,Boise State,REG (Conf),L 75-77,*,23,1,5,.200,0,1,.000,1,4,.250,.200,0,0,,6,2,8,2,0,1,0,4,2,4.2,Meghan Oberg,https://www.sports-reference.com/cbb/players/meghan-oberg-1.html,san-jose-state,2020-21
4,85,4,2021-01-02,San Jose State,@,Boise State,REG (Conf),L 53-70,*,32,1,8,.125,0,5,.000,1,3,.333,.125,1,1,1.000,3,5,8,2,0,1,2,1,3,1.1,Meghan Oberg,https://www.sports-reference.com/cbb/players/meghan-oberg-1.html,san-jose-state,2020-21
