ranker,player_game_num_career,team_game_num_season,date,team_name_abbr,game_location,opp_name_abbr,game_type,game_result,is_starter,mp,fg,fga,fg_pct,fg3,fg3a,fg3_pct,fg2,fg2a,fg2_pct,efg_pct,ft,fta,ft_pct,orb,drb,trb,ast,stl,blk,tov,pf,pts,game_score,player_name,player_sr_link,school,season
1,62,1,2020-11-25,San Jose State,@,California,REG (Non-Conf),W 56-48,,18,4,9,.444,0,0,,4,9,.444,.444,0,0,,1,1,2,4,3,0,4,3,8,4.9,Raziya Potter,https://www.sports-reference.com/cbb/players/raziya-potter-1.html,san-jose-state,2020-21
2,63,2,2020-12-21,San Jose State,,Utah State,REG (Conf),W 78-73,*,25,5,10,.500,1,2,.500,4,8,.500,.550,0,3,.000,2,5,7,3,0,2,5,3,11,5.0,Raziya Potter,https://www.sports-reference.com/cbb/players/raziya-potter-1.html,san-jose-state,2020-21
3,64,3,2020-12-31,San Jose State,@,Boise State,REG (Conf),L 75-77,*,27,6,16,.375,1,1,1.000,5,15,.333,.406,4,8,.500,4,1,5,3,2,0,3,5,17,8.8,Raziya Potter,https://www.sports-reference.com/cbb/players/raziya-potter-1.html,san-jose-state,2020-21
4,65,4,2021-01-02,San Jose State,@,Boise State,REG (Conf),L 53-70,*,26,6,12,.500,0,2,.000,6,10,.600,.500,2,3,.667,0,0,0,1,1,0,3,4,14,4.7,Raziya Potter,https://www.sports-reference.com/cbb/players/raziya-potter-1.html,san-jose-state,2020-21
