ranker,player_game_num_career,team_game_num_season,date,team_name_abbr,game_location,opp_name_abbr,game_type,game_result,is_starter,mp,fg,fga,fg_pct,fg3,fg3a,fg3_pct,fg2,fg2a,fg2_pct,efg_pct,ft,fta,ft_pct,orb,drb,trb,ast,stl,blk,tov,pf,pts,game_score,player_name,player_sr_link,school,season
1,90,1,2020-11-25,San Jose State,@,California,REG (Non-Conf),W 56-48,*,36,6,13,.462,0,0,,6,13,.462,.462,0,0,,4,6,10,2,5,2,0,4,12,16.1,Tyra Whitehead,https://www.sports-reference.com/cbb/players/tyra-whitehead-1.html,san-jose-state,2020-21
2,91,2,2020-12-21,San Jose State,,Utah State,REG (Conf),W 78-73,*,33,8,15,.533,0,0,,8,15,.533,.533,2,3,.667,1,9,10,5,2,2,1,2,18,18.8,Tyra Whitehead,https://www.sports-reference.com/cbb/players/tyra-whitehead-1.html,san-jose-state,2020-21
3,92,3,2020-12-31,San Jose State,@,Boise State,REG (Conf),L 75-77,,25,7,18,.389,0,0,,7,18,.389,.389,2,4,.500,5,5,10,1,2,0,3,4,16,8.5,Tyra Whitehead,https://www.sports-reference.com/cbb/players/tyra-whitehead-1.html,san-jose-state,2020-21
4,93,4,2021-01-02,San Jose State,@,Boise State,REG (Conf),L 53-70,,22,5,12,.417,0,1,.000,5,11,.455,.417,4,6,.667,1,7,8,1,1,1,2,1,14,9.6,Tyra Whitehead,https://www.sports-reference.com/cbb/players/tyra-whitehead-1.html,san-jose-state,2020-21
