ranker,player_game_num_career,team_game_num_season,date,team_name_abbr,game_location,opp_name_abbr,game_type,game_result,is_starter,mp,fg,fga,fg_pct,fg3,fg3a,fg3_pct,fg2,fg2a,fg2_pct,efg_pct,ft,fta,ft_pct,orb,drb,trb,ast,stl,blk,tov,pf,pts,game_score,player_name,player_sr_link,school,season
1,1,5,2021-11-24,Robert Morris,,Morehead State,REG (Non-Conf),W 69-45,,3,1,2,.500,1,1,1.000,0,1,.000,.750,0,0,,0,0,0,1,0,0,0,0,3,2.7,Jeneira Scott,https://www.sports-reference.com/cbb/players/jeneira-scott-1.html,robert-morris,2021-22
2,2,8,2021-12-04,Robert Morris,,Milwaukee,REG (Conf),L 47-66,,2,0,1,.000,0,1,.000,0,0,,.000,2,2,1.000,0,0,0,0,1,0,0,0,2,2.3,Jeneira Scott,https://www.sports-reference.com/cbb/players/jeneira-scott-1.html,robert-morris,2021-22
3,3,9,2021-12-12,Robert Morris,@,Miami (FL),REG (Non-Conf),L 45-86,,4,0,1,.000,0,0,,0,1,.000,.000,0,0,,0,0,0,0,0,0,0,1,0,-1.1,Jeneira Scott,https://www.sports-reference.com/cbb/players/jeneira-scott-1.html,robert-morris,2021-22
4,4,13,2022-01-14,Robert Morris,,IUPUI,REG (Conf),L 44-63,,1,1,3,.333,0,0,,1,3,.333,.333,0,0,,0,0,0,0,1,0,1,1,2,-0.1,Jeneira Scott,https://www.sports-reference.com/cbb/players/jeneira-scott-1.html,robert-morris,2021-22
5,5,16,2022-01-22,Robert Morris,@,Youngstown State,REG (Conf),L 44-61,,2,0,0,,0,0,,0,0,,,0,0,,1,0,1,0,0,0,0,0,0,0.7,Jeneira Scott,https://www.sports-reference.com/cbb/players/jeneira-scott-1.html,robert-morris,2021-22
6,6,19,2022-02-03,Robert Morris,@,Milwaukee,REG (Conf),L 48-68,,3,1,1,1.000,0,0,,1,1,1.000,1.000,1,1,1.000,0,1,1,0,1,0,4,0,3,0.0,Jeneira Scott,https://www.sports-reference.com/cbb/players/jeneira-scott-1.html,robert-morris,2021-22
7,7,26,2022-02-26,Robert Morris,@,IUPUI,REG (Conf),L 40-73,,6,1,4,.250,0,0,,1,4,.250,.250,0,0,,0,0,0,0,2,0,0,0,2,1.6,Jeneira Scott,https://www.sports-reference.com/cbb/players/jeneira-scott-1.html,robert-morris,2021-22
8,8,28,2022-03-03,Robert Morris,@,IUPUI,CTOURN,L 41-72,,3,1,2,.500,0,1,.000,1,1,1.000,.500,2,3,.667,1,0,1,0,0,0,0,0,4,3.3,Jeneira Scott,https://www.sports-reference.com/cbb/players/jeneira-scott-1.html,robert-morris,2021-22
