ranker,player_game_num_career,team_game_num_season,date,team_name_abbr,game_location,opp_name_abbr,game_type,game_result,is_starter,mp,fg,fga,fg_pct,fg3,fg3a,fg3_pct,fg2,fg2a,fg2_pct,efg_pct,ft,fta,ft_pct,orb,drb,trb,ast,stl,blk,tov,pf,pts,game_score,player_name,player_sr_link,school,season
1,16,1,2021-11-09,Robert Morris,@,St. Bonaventure,REG (Non-Conf),L 53-61,,22,2,8,.250,1,5,.200,1,3,.333,.313,2,2,1.000,0,3,3,0,1,0,0,2,7,3.3,Mackenzie Amalia,https://www.sports-reference.com/cbb/players/mackenzie-amalia-1.html,robert-morris,2021-22
2,17,2,2021-11-13,Robert Morris,,Akron,REG (Non-Conf),L 50-60,,25,2,6,.333,1,5,.200,1,1,1.000,.417,2,2,1.000,1,1,2,3,1,0,4,2,7,2.9,Mackenzie Amalia,https://www.sports-reference.com/cbb/players/mackenzie-amalia-1.html,robert-morris,2021-22
3,18,3,2021-11-18,Robert Morris,@,Detroit Mercy,REG (Conf),W 55-46,,19,1,6,.167,1,6,.167,0,0,,.250,0,0,,0,3,3,1,1,0,2,1,3,-0.6,Mackenzie Amalia,https://www.sports-reference.com/cbb/players/mackenzie-amalia-1.html,robert-morris,2021-22
4,19,4,2021-11-20,Robert Morris,@,Oakland,REG (Conf),L 60-65,,14,2,4,.500,1,3,.333,1,1,1.000,.625,0,0,,0,2,2,3,2,0,0,3,5,6.5,Mackenzie Amalia,https://www.sports-reference.com/cbb/players/mackenzie-amalia-1.html,robert-morris,2021-22
5,20,5,2021-11-24,Robert Morris,,Morehead State,REG (Non-Conf),W 69-45,,19,2,6,.333,2,5,.400,0,1,.000,.500,0,0,,1,4,5,2,0,0,0,0,6,5.9,Mackenzie Amalia,https://www.sports-reference.com/cbb/players/mackenzie-amalia-1.html,robert-morris,2021-22
6,21,6,2021-11-27,Robert Morris,@,Canisius,REG (Non-Conf),W 57-43,,24,4,8,.500,4,7,.571,0,1,.000,.750,0,0,,0,4,4,1,0,0,2,1,12,7.5,Mackenzie Amalia,https://www.sports-reference.com/cbb/players/mackenzie-amalia-1.html,robert-morris,2021-22
7,22,7,2021-12-02,Robert Morris,,Green Bay,REG (Conf),L 44-63,,18,2,7,.286,2,6,.333,0,1,.000,.429,0,0,,0,1,1,0,0,0,3,3,6,-2.0,Mackenzie Amalia,https://www.sports-reference.com/cbb/players/mackenzie-amalia-1.html,robert-morris,2021-22
8,23,8,2021-12-04,Robert Morris,,Milwaukee,REG (Conf),L 47-66,,20,0,5,.000,0,5,.000,0,0,,.000,1,4,.250,1,1,2,1,1,0,1,0,1,-2.0,Mackenzie Amalia,https://www.sports-reference.com/cbb/players/mackenzie-amalia-1.html,robert-morris,2021-22
9,24,9,2021-12-12,Robert Morris,@,Miami (FL),REG (Non-Conf),L 45-86,,30,1,8,.125,1,6,.167,0,2,.000,.188,1,2,.500,0,1,1,2,0,0,3,1,4,-3.3,Mackenzie Amalia,https://www.sports-reference.com/cbb/players/mackenzie-amalia-1.html,robert-morris,2021-22
10,25,12,2022-01-08,Robert Morris,@,Youngstown State,REG (Conf),L 53-59,,17,0,1,.000,0,1,.000,0,0,,.000,0,0,,0,0,0,1,0,0,2,0,0,-2.0,Mackenzie Amalia,https://www.sports-reference.com/cbb/players/mackenzie-amalia-1.html,robert-morris,2021-22
11,26,13,2022-01-14,Robert Morris,,IUPUI,REG (Conf),L 44-63,,16,0,1,.000,0,1,.000,0,0,,.000,0,0,,0,1,1,1,0,0,1,1,0,-1.1,Mackenzie Amalia,https://www.sports-reference.com/cbb/players/mackenzie-amalia-1.html,robert-morris,2021-22
12,27,14,2022-01-16,Robert Morris,,Illinois–Chicago,REG (Conf),W 50-44,,22,3,7,.429,2,5,.400,1,2,.500,.571,0,0,,1,0,1,0,1,0,2,1,8,3.6,Mackenzie Amalia,https://www.sports-reference.com/cbb/players/mackenzie-amalia-1.html,robert-morris,2021-22
13,28,15,2022-01-20,Robert Morris,,Youngstown State,REG (Conf),L 57-59,,18,0,2,.000,0,1,.000,0,1,.000,.000,0,0,,0,3,3,0,1,0,1,0,0,-0.5,Mackenzie Amalia,https://www.sports-reference.com/cbb/players/mackenzie-amalia-1.html,robert-morris,2021-22
14,29,16,2022-01-22,Robert Morris,@,Youngstown State,REG (Conf),L 44-61,,20,0,4,.000,0,3,.000,0,1,.000,.000,0,0,,1,1,2,1,0,0,0,2,0,-1.9,Mackenzie Amalia,https://www.sports-reference.com/cbb/players/mackenzie-amalia-1.html,robert-morris,2021-22
15,30,17,2022-01-28,Robert Morris,,Oakland,REG (Conf),W 73-65,,19,4,7,.571,4,7,.571,0,0,,.857,0,0,,0,2,2,0,2,0,1,2,12,9.5,Mackenzie Amalia,https://www.sports-reference.com/cbb/players/mackenzie-amalia-1.html,robert-morris,2021-22
16,31,18,2022-01-30,Robert Morris,,Detroit Mercy,REG (Conf),W 68-56,,18,1,6,.167,1,5,.200,0,1,.000,.250,1,2,.500,0,0,0,0,0,0,1,2,4,-2.0,Mackenzie Amalia,https://www.sports-reference.com/cbb/players/mackenzie-amalia-1.html,robert-morris,2021-22
17,32,19,2022-02-03,Robert Morris,@,Milwaukee,REG (Conf),L 48-68,,18,3,6,.500,3,5,.600,0,1,.000,.750,0,0,,0,0,0,2,1,0,3,0,9,5.4,Mackenzie Amalia,https://www.sports-reference.com/cbb/players/mackenzie-amalia-1.html,robert-morris,2021-22
18,33,20,2022-02-05,Robert Morris,@,Green Bay,REG (Conf),L 41-57,*,30,3,9,.333,3,6,.500,0,3,.000,.500,0,0,,0,4,4,2,1,0,0,0,9,7.5,Mackenzie Amalia,https://www.sports-reference.com/cbb/players/mackenzie-amalia-1.html,robert-morris,2021-22
19,34,21,2022-02-11,Robert Morris,@,Purdue Fort Wayne,REG (Conf),W 60-48,,15,0,4,.000,0,3,.000,0,1,.000,.000,0,0,,0,0,0,3,1,0,1,1,0,-1.1,Mackenzie Amalia,https://www.sports-reference.com/cbb/players/mackenzie-amalia-1.html,robert-morris,2021-22
20,35,22,2022-02-13,Robert Morris,@,Cleveland State,REG (Conf),W 68-54,,8,0,0,,0,0,,0,0,,,0,0,,0,0,0,0,0,0,1,2,0,-1.8,Mackenzie Amalia,https://www.sports-reference.com/cbb/players/mackenzie-amalia-1.html,robert-morris,2021-22
21,36,23,2022-02-18,Robert Morris,,Wright State,REG (Conf),W 63-54,,23,2,5,.400,2,4,.500,0,1,.000,.600,0,0,,0,2,2,3,1,0,1,2,6,5.2,Mackenzie Amalia,https://www.sports-reference.com/cbb/players/mackenzie-amalia-1.html,robert-morris,2021-22
22,37,24,2022-02-20,Robert Morris,,Northern Kentucky,REG (Conf),L 49-64,,18,2,3,.667,1,1,1.000,1,2,.500,.833,0,0,,1,2,3,0,0,0,1,0,5,4.0,Mackenzie Amalia,https://www.sports-reference.com/cbb/players/mackenzie-amalia-1.html,robert-morris,2021-22
23,38,25,2022-02-24,Robert Morris,@,Illinois–Chicago,REG (Conf),W 57-50,,15,3,4,.750,3,4,.750,0,0,,1.125,0,0,,0,1,1,1,0,0,3,1,9,5.0,Mackenzie Amalia,https://www.sports-reference.com/cbb/players/mackenzie-amalia-1.html,robert-morris,2021-22
24,39,26,2022-02-26,Robert Morris,@,IUPUI,REG (Conf),L 40-73,,25,3,9,.333,2,7,.286,1,2,.500,.444,0,0,,0,5,5,2,0,1,4,0,8,2.5,Mackenzie Amalia,https://www.sports-reference.com/cbb/players/mackenzie-amalia-1.html,robert-morris,2021-22
25,40,27,2022-03-01,Robert Morris,,Purdue Fort Wayne,CTOURN,W 70-56,,23,5,6,.833,4,5,.800,1,1,1.000,1.167,1,1,1.000,1,3,4,3,1,1,1,0,15,17.2,Mackenzie Amalia,https://www.sports-reference.com/cbb/players/mackenzie-amalia-1.html,robert-morris,2021-22
26,41,28,2022-03-03,Robert Morris,@,IUPUI,CTOURN,L 41-72,,17,0,3,.000,0,2,.000,0,1,.000,.000,0,0,,1,3,4,0,0,0,2,2,0,-3.3,Mackenzie Amalia,https://www.sports-reference.com/cbb/players/mackenzie-amalia-1.html,robert-morris,2021-22
