ranker,player_game_num_career,team_game_num_season,date,team_name_abbr,game_location,opp_name_abbr,game_type,game_result,is_starter,mp,fg,fga,fg_pct,fg3,fg3a,fg3_pct,fg2,fg2a,fg2_pct,efg_pct,ft,fta,ft_pct,orb,drb,trb,ast,stl,blk,tov,pf,pts,game_score,player_name,player_sr_link,school,season
1,28,1,2018-11-08,George Washington,@,James Madison,REG (Non-Conf),L 37-50,*,27,2,9,.222,0,0,,2,9,.222,.222,1,2,.500,0,2,2,0,1,0,2,0,5,-1.3,Chyna Latimer,https://www.sports-reference.com/cbb/players/chyna-latimer-1.html,george-washington,2018-19
2,29,2,2018-11-11,George Washington,,Princeton,REG (Non-Conf),W 64-49,*,27,3,11,.273,0,0,,3,11,.273,.273,0,0,,2,5,7,2,1,0,3,2,6,1.0,Chyna Latimer,https://www.sports-reference.com/cbb/players/chyna-latimer-1.html,george-washington,2018-19
3,30,3,2018-11-14,George Washington,,Maryland,REG (Non-Conf),L 30-69,*,17,0,4,.000,0,0,,0,4,.000,.000,0,0,,1,1,2,1,1,0,3,0,0,-3.1,Chyna Latimer,https://www.sports-reference.com/cbb/players/chyna-latimer-1.html,george-washington,2018-19
4,31,4,2018-11-18,George Washington,@,Iona,REG (Non-Conf),L 43-52,,12,2,4,.500,0,0,,2,4,.500,.500,0,0,,0,1,1,0,0,0,0,0,4,2.3,Chyna Latimer,https://www.sports-reference.com/cbb/players/chyna-latimer-1.html,george-washington,2018-19
5,32,5,2018-11-22,George Washington,,Georgia Tech,REG (Non-Conf),L 55-70,,2,0,0,,0,0,,0,0,,,0,0,,0,0,0,0,0,1,0,0,0,0.7,Chyna Latimer,https://www.sports-reference.com/cbb/players/chyna-latimer-1.html,george-washington,2018-19
6,33,8,2018-12-02,George Washington,,Monmouth,REG (Non-Conf),L 51-55,,17,2,7,.286,0,0,,2,7,.286,.286,0,1,.000,2,2,4,1,1,1,0,1,4,3.5,Chyna Latimer,https://www.sports-reference.com/cbb/players/chyna-latimer-1.html,george-washington,2018-19
7,34,9,2018-12-06,George Washington,,Villanova,REG (Non-Conf),L 45-60,,16,0,1,.000,0,0,,0,1,.000,.000,1,2,.500,0,1,1,0,2,0,1,0,1,1.2,Chyna Latimer,https://www.sports-reference.com/cbb/players/chyna-latimer-1.html,george-washington,2018-19
8,35,10,2018-12-09,George Washington,@,South Florida,REG (Non-Conf),L 30-63,,25,4,14,.286,0,1,.000,4,13,.308,.286,1,1,1.000,2,2,4,0,0,0,1,0,9,1.8,Chyna Latimer,https://www.sports-reference.com/cbb/players/chyna-latimer-1.html,george-washington,2018-19
9,36,11,2018-12-21,George Washington,,Mercer,REG (Non-Conf),L 53-61,,20,3,7,.429,0,0,,3,7,.429,.429,1,2,.500,0,1,1,2,2,1,2,0,7,5.3,Chyna Latimer,https://www.sports-reference.com/cbb/players/chyna-latimer-1.html,george-washington,2018-19
10,37,12,2018-12-29,George Washington,@,William & Mary,REG (Non-Conf),L 59-73,,17,0,3,.000,0,0,,0,3,.000,.000,1,2,.500,1,1,2,0,0,1,0,2,1,-0.6,Chyna Latimer,https://www.sports-reference.com/cbb/players/chyna-latimer-1.html,george-washington,2018-19
11,38,13,2019-01-01,George Washington,,Memphis,REG (Non-Conf),W 51-38,,4,2,2,1.000,0,0,,2,2,1.000,1.000,0,0,,1,0,1,0,0,0,1,0,4,3.1,Chyna Latimer,https://www.sports-reference.com/cbb/players/chyna-latimer-1.html,george-washington,2018-19
12,39,14,2019-01-05,George Washington,,Fordham,REG (Conf),L 38-50,,12,1,2,.500,0,0,,1,2,.500,.500,0,0,,0,0,0,0,0,0,0,0,2,1.0,Chyna Latimer,https://www.sports-reference.com/cbb/players/chyna-latimer-1.html,george-washington,2018-19
13,40,16,2019-01-12,George Washington,,Dayton,REG (Conf),W 46-45,,24,5,10,.500,0,0,,5,10,.500,.500,2,2,1.000,2,1,3,1,0,1,3,4,12,5.5,Chyna Latimer,https://www.sports-reference.com/cbb/players/chyna-latimer-1.html,george-washington,2018-19
14,41,17,2019-01-16,George Washington,@,La Salle,REG (Conf),W 67-59,,11,1,3,.333,0,0,,1,3,.333,.333,0,0,,0,0,0,1,1,0,0,1,2,1.6,Chyna Latimer,https://www.sports-reference.com/cbb/players/chyna-latimer-1.html,george-washington,2018-19
15,42,18,2019-01-19,George Washington,,George Mason,REG (Conf),L 60-64,,4,1,1,1.000,0,0,,1,1,1.000,1.000,0,0,,0,0,0,0,0,0,1,0,2,0.7,Chyna Latimer,https://www.sports-reference.com/cbb/players/chyna-latimer-1.html,george-washington,2018-19
16,43,19,2019-01-23,George Washington,,VCU,REG (Conf),W 57-48,,10,1,4,.250,0,0,,1,4,.250,.250,0,0,,0,0,0,1,1,0,0,1,2,0.9,Chyna Latimer,https://www.sports-reference.com/cbb/players/chyna-latimer-1.html,george-washington,2018-19
17,44,20,2019-01-27,George Washington,@,Duquesne,REG (Conf),W 55-54,,16,2,6,.333,0,1,.000,2,5,.400,.333,0,0,,2,2,4,1,0,0,2,0,4,1.3,Chyna Latimer,https://www.sports-reference.com/cbb/players/chyna-latimer-1.html,george-washington,2018-19
18,45,21,2019-01-31,George Washington,,Davidson,REG (Conf),L 42-62,,22,3,5,.600,0,0,,3,5,.600,.600,0,1,.000,2,1,3,0,1,2,1,0,6,6.4,Chyna Latimer,https://www.sports-reference.com/cbb/players/chyna-latimer-1.html,george-washington,2018-19
19,46,22,2019-02-03,George Washington,@,Saint Louis,REG (Conf),L 44-60,,16,1,3,.333,0,0,,1,3,.333,.333,1,1,1.000,0,3,3,0,0,0,2,2,3,-0.6,Chyna Latimer,https://www.sports-reference.com/cbb/players/chyna-latimer-1.html,george-washington,2018-19
20,47,23,2019-02-06,George Washington,@,George Mason,REG (Conf),L 46-61,,13,2,4,.500,0,0,,2,4,.500,.500,0,0,,1,2,3,1,0,1,0,3,4,3.5,Chyna Latimer,https://www.sports-reference.com/cbb/players/chyna-latimer-1.html,george-washington,2018-19
21,48,24,2019-02-10,George Washington,,Saint Joseph's,REG (Conf),L 38-41,,24,0,3,.000,0,0,,0,3,.000,.000,0,0,,2,3,5,0,0,0,0,0,0,0.2,Chyna Latimer,https://www.sports-reference.com/cbb/players/chyna-latimer-1.html,george-washington,2018-19
22,49,25,2019-02-17,George Washington,@,Dayton,REG (Conf),L 53-62,,18,1,6,.167,0,0,,1,6,.167,.167,0,0,,1,2,3,1,0,0,3,4,2,-4.4,Chyna Latimer,https://www.sports-reference.com/cbb/players/chyna-latimer-1.html,george-washington,2018-19
23,50,27,2019-02-24,George Washington,,St. Bonaventure,REG (Conf),W 57-44,,22,3,4,.750,0,0,,3,4,.750,.750,0,0,,1,3,4,2,0,2,4,1,6,4.4,Chyna Latimer,https://www.sports-reference.com/cbb/players/chyna-latimer-1.html,george-washington,2018-19
24,51,28,2019-02-27,George Washington,,Duquesne,REG (Conf),L 53-64,,12,1,2,.500,0,0,,1,2,.500,.500,0,0,,1,0,1,2,0,0,2,4,2,-0.5,Chyna Latimer,https://www.sports-reference.com/cbb/players/chyna-latimer-1.html,george-washington,2018-19
25,52,29,2019-03-02,George Washington,@,Richmond,REG (Conf),L 48-56,,4,0,0,,0,0,,0,0,,,0,0,,0,0,0,0,0,0,0,0,0,0.0,Chyna Latimer,https://www.sports-reference.com/cbb/players/chyna-latimer-1.html,george-washington,2018-19
