ranker,player_game_num_career,team_game_num_season,date,team_name_abbr,game_location,opp_name_abbr,game_type,game_result,is_starter,mp,fg,fga,fg_pct,fg3,fg3a,fg2,fg2a,fg2_pct,efg_pct,ft,fta,ft_pct,orb,drb,trb,ast,stl,blk,tov,pf,pts,game_score,player_name,player_sr_link,school,season
1,1,1,2018-11-08,George Washington,@,James Madison,REG (Non-Conf),L 37-50,,14,2,4,.500,0,0,2,4,.500,.500,1,2,.500,0,2,2,0,0,1,2,2,5,1.1,Kayla Mokwuah,https://www.sports-reference.com/cbb/players/kayla-mokwuah-1.html,george-washington,2018-19
2,2,2,2018-11-11,George Washington,,Princeton,REG (Non-Conf),W 64-49,,13,4,5,.800,0,0,4,5,.800,.800,0,0,,1,1,2,0,0,0,1,2,8,5.3,Kayla Mokwuah,https://www.sports-reference.com/cbb/players/kayla-mokwuah-1.html,george-washington,2018-19
3,3,3,2018-11-14,George Washington,,Maryland,REG (Non-Conf),L 30-69,,19,0,6,.000,0,0,0,6,.000,.000,3,4,.750,3,0,3,1,0,0,0,2,3,0.4,Kayla Mokwuah,https://www.sports-reference.com/cbb/players/kayla-mokwuah-1.html,george-washington,2018-19
4,4,4,2018-11-18,George Washington,@,Iona,REG (Non-Conf),L 43-52,,16,3,7,.429,0,0,3,7,.429,.429,1,1,1.000,1,3,4,0,0,0,1,1,7,3.5,Kayla Mokwuah,https://www.sports-reference.com/cbb/players/kayla-mokwuah-1.html,george-washington,2018-19
5,5,5,2018-11-22,George Washington,,Georgia Tech,REG (Non-Conf),L 55-70,,19,3,5,.600,0,0,3,5,.600,.600,2,5,.400,3,3,6,1,0,0,5,2,8,2.4,Kayla Mokwuah,https://www.sports-reference.com/cbb/players/kayla-mokwuah-1.html,george-washington,2018-19
6,6,6,2018-11-23,George Washington,@,NC State,REG (Non-Conf),L 61-69,,16,2,5,.400,0,0,2,5,.400,.400,0,0,,2,1,3,1,0,0,2,1,4,1.3,Kayla Mokwuah,https://www.sports-reference.com/cbb/players/kayla-mokwuah-1.html,george-washington,2018-19
7,7,7,2018-11-27,George Washington,,Towson,REG (Non-Conf),W 76-63,,14,4,5,.800,0,0,4,5,.800,.800,4,4,1.000,1,2,3,0,0,4,2,5,12,10.2,Kayla Mokwuah,https://www.sports-reference.com/cbb/players/kayla-mokwuah-1.html,george-washington,2018-19
8,8,8,2018-12-02,George Washington,,Monmouth,REG (Non-Conf),L 51-55,,8,1,4,.250,0,0,1,4,.250,.250,0,0,,1,2,3,2,0,0,2,0,2,0.3,Kayla Mokwuah,https://www.sports-reference.com/cbb/players/kayla-mokwuah-1.html,george-washington,2018-19
9,9,9,2018-12-06,George Washington,,Villanova,REG (Non-Conf),L 45-60,,10,0,4,.000,0,0,0,4,.000,.000,1,2,.500,2,3,5,1,2,0,0,0,1,2.8,Kayla Mokwuah,https://www.sports-reference.com/cbb/players/kayla-mokwuah-1.html,george-washington,2018-19
10,10,10,2018-12-09,George Washington,@,South Florida,REG (Non-Conf),L 30-63,,14,2,5,.400,0,0,2,5,.400,.400,0,0,,2,0,2,0,1,1,2,3,4,1.2,Kayla Mokwuah,https://www.sports-reference.com/cbb/players/kayla-mokwuah-1.html,george-washington,2018-19
11,11,11,2018-12-21,George Washington,,Mercer,REG (Non-Conf),L 53-61,,14,1,3,.333,0,0,1,3,.333,.333,1,4,.250,0,3,3,2,1,0,2,0,3,1.4,Kayla Mokwuah,https://www.sports-reference.com/cbb/players/kayla-mokwuah-1.html,george-washington,2018-19
12,12,12,2018-12-29,George Washington,@,William & Mary,REG (Non-Conf),L 59-73,,14,3,6,.500,0,0,3,6,.500,.500,0,0,,2,3,5,0,0,2,2,0,6,4.7,Kayla Mokwuah,https://www.sports-reference.com/cbb/players/kayla-mokwuah-1.html,george-washington,2018-19
13,13,13,2019-01-01,George Washington,,Memphis,REG (Non-Conf),W 51-38,,9,1,5,.200,0,0,1,5,.200,.200,1,2,.500,1,1,2,0,0,0,0,0,3,0.5,Kayla Mokwuah,https://www.sports-reference.com/cbb/players/kayla-mokwuah-1.html,george-washington,2018-19
14,14,14,2019-01-05,George Washington,,Fordham,REG (Conf),L 38-50,,16,5,5,1.000,0,0,5,5,1.000,1.000,3,4,.750,1,3,4,0,1,0,1,2,13,11.9,Kayla Mokwuah,https://www.sports-reference.com/cbb/players/kayla-mokwuah-1.html,george-washington,2018-19
15,15,15,2019-01-09,George Washington,@,Rhode Island,REG (Conf),W 64-59,,10,2,3,.667,0,0,2,3,.667,.667,0,0,,0,0,0,0,0,2,1,1,4,2.7,Kayla Mokwuah,https://www.sports-reference.com/cbb/players/kayla-mokwuah-1.html,george-washington,2018-19
16,16,16,2019-01-12,George Washington,,Dayton,REG (Conf),W 46-45,,4,1,4,.250,0,0,1,4,.250,.250,0,0,,0,1,1,0,0,0,1,1,2,-1.5,Kayla Mokwuah,https://www.sports-reference.com/cbb/players/kayla-mokwuah-1.html,george-washington,2018-19
17,17,17,2019-01-16,George Washington,@,La Salle,REG (Conf),W 67-59,,2,0,0,,0,0,0,0,,,0,0,,0,0,0,0,0,0,0,0,0,0.0,Kayla Mokwuah,https://www.sports-reference.com/cbb/players/kayla-mokwuah-1.html,george-washington,2018-19
18,18,19,2019-01-23,George Washington,,VCU,REG (Conf),W 57-48,,3,1,3,.333,0,0,1,3,.333,.333,1,2,.500,0,0,0,0,0,0,0,2,3,0.1,Kayla Mokwuah,https://www.sports-reference.com/cbb/players/kayla-mokwuah-1.html,george-washington,2018-19
19,19,20,2019-01-27,George Washington,@,Duquesne,REG (Conf),W 55-54,,1,0,0,,0,0,0,0,,,2,2,1.000,1,0,1,0,0,0,0,2,2,1.9,Kayla Mokwuah,https://www.sports-reference.com/cbb/players/kayla-mokwuah-1.html,george-washington,2018-19
20,20,21,2019-01-31,George Washington,,Davidson,REG (Conf),L 42-62,,16,1,4,.250,0,0,1,4,.250,.250,0,0,,1,3,4,0,0,0,1,0,2,0.2,Kayla Mokwuah,https://www.sports-reference.com/cbb/players/kayla-mokwuah-1.html,george-washington,2018-19
21,21,22,2019-02-03,George Washington,@,Saint Louis,REG (Conf),L 44-60,,15,4,8,.500,0,0,4,8,.500,.500,1,4,.250,1,1,2,0,0,0,3,3,9,0.6,Kayla Mokwuah,https://www.sports-reference.com/cbb/players/kayla-mokwuah-1.html,george-washington,2018-19
22,22,23,2019-02-06,George Washington,@,George Mason,REG (Conf),L 46-61,,17,5,9,.556,0,0,5,9,.556,.556,1,2,.500,3,0,3,0,1,0,4,2,11,4.6,Kayla Mokwuah,https://www.sports-reference.com/cbb/players/kayla-mokwuah-1.html,george-washington,2018-19
23,23,24,2019-02-10,George Washington,,Saint Joseph's,REG (Conf),L 38-41,,23,7,16,.438,0,0,7,16,.438,.438,2,3,.667,2,3,5,1,1,2,6,0,16,6.6,Kayla Mokwuah,https://www.sports-reference.com/cbb/players/kayla-mokwuah-1.html,george-washington,2018-19
24,24,25,2019-02-17,George Washington,@,Dayton,REG (Conf),L 53-62,*,29,7,9,.778,0,0,7,9,.778,.778,2,2,1.000,3,3,6,3,0,3,1,1,16,18.3,Kayla Mokwuah,https://www.sports-reference.com/cbb/players/kayla-mokwuah-1.html,george-washington,2018-19
25,25,26,2019-02-20,George Washington,@,Massachusetts,REG (Conf),W 66-59,*,28,4,9,.444,0,0,4,9,.444,.444,7,8,.875,3,13,16,2,0,4,4,3,15,14.9,Kayla Mokwuah,https://www.sports-reference.com/cbb/players/kayla-mokwuah-1.html,george-washington,2018-19
26,26,27,2019-02-24,George Washington,,St. Bonaventure,REG (Conf),W 57-44,*,15,3,5,.600,0,0,3,5,.600,.600,0,0,,0,3,3,1,0,1,1,3,6,3.8,Kayla Mokwuah,https://www.sports-reference.com/cbb/players/kayla-mokwuah-1.html,george-washington,2018-19
27,27,28,2019-02-27,George Washington,,Duquesne,REG (Conf),L 53-64,*,29,4,11,.364,0,0,4,11,.364,.364,1,2,.500,2,9,11,2,0,0,2,2,9,5.2,Kayla Mokwuah,https://www.sports-reference.com/cbb/players/kayla-mokwuah-1.html,george-washington,2018-19
28,28,29,2019-03-02,George Washington,@,Richmond,REG (Conf),L 48-56,*,11,1,2,.500,0,0,1,2,.500,.500,0,0,,0,3,3,1,0,2,3,1,2,0.6,Kayla Mokwuah,https://www.sports-reference.com/cbb/players/kayla-mokwuah-1.html,george-washington,2018-19
29,29,30,2019-03-05,George Washington,@,Saint Joseph's,CTOURN,L 49-61,*,24,6,13,.462,0,0,6,13,.462,.462,1,2,.500,3,2,5,1,0,2,3,3,13,6.5,Kayla Mokwuah,https://www.sports-reference.com/cbb/players/kayla-mokwuah-1.html,george-washington,2018-19
