ranker,player_game_num_career,team_game_num_season,date,team_name_abbr,game_location,opp_name_abbr,game_type,game_result,is_starter,mp,fg,fga,fg_pct,fg3,fg3a,fg3_pct,fg2,fg2a,fg2_pct,efg_pct,ft,fta,ft_pct,orb,drb,trb,ast,stl,blk,tov,pf,pts,game_score,player_name,player_sr_link,school,season
1,67,1,2018-11-08,George Washington,@,James Madison,REG (Non-Conf),L 37-50,*,28,1,8,.125,1,8,.125,0,0,,.188,0,0,,0,5,5,1,2,0,1,3,3,-0.2,Kelsi Mahoney,https://www.sports-reference.com/cbb/players/kelsi-mahoney-1.html,george-washington,2018-19
2,68,2,2018-11-11,George Washington,,Princeton,REG (Non-Conf),W 64-49,*,31,1,3,.333,1,2,.500,0,1,.000,.500,3,4,.750,0,7,7,3,1,2,3,3,6,6.3,Kelsi Mahoney,https://www.sports-reference.com/cbb/players/kelsi-mahoney-1.html,george-washington,2018-19
3,69,3,2018-11-14,George Washington,,Maryland,REG (Non-Conf),L 30-69,*,32,4,9,.444,3,8,.375,1,1,1.000,.611,1,4,.250,1,3,4,2,0,0,1,2,12,7.3,Kelsi Mahoney,https://www.sports-reference.com/cbb/players/kelsi-mahoney-1.html,george-washington,2018-19
4,70,4,2018-11-18,George Washington,@,Iona,REG (Non-Conf),L 43-52,*,26,2,6,.333,2,6,.333,0,0,,.500,0,0,,0,1,1,2,2,0,0,2,6,5.5,Kelsi Mahoney,https://www.sports-reference.com/cbb/players/kelsi-mahoney-1.html,george-washington,2018-19
5,71,5,2018-11-22,George Washington,,Georgia Tech,REG (Non-Conf),L 55-70,*,33,3,11,.273,2,9,.222,1,2,.500,.364,1,2,.500,3,1,4,0,1,0,3,4,9,0.9,Kelsi Mahoney,https://www.sports-reference.com/cbb/players/kelsi-mahoney-1.html,george-washington,2018-19
6,72,6,2018-11-23,George Washington,@,NC State,REG (Non-Conf),L 61-69,*,32,6,12,.500,4,10,.400,2,2,1.000,.667,0,0,,1,4,5,4,2,0,0,1,16,16.3,Kelsi Mahoney,https://www.sports-reference.com/cbb/players/kelsi-mahoney-1.html,george-washington,2018-19
7,73,7,2018-11-27,George Washington,,Towson,REG (Non-Conf),W 76-63,*,36,4,11,.364,2,7,.286,2,4,.500,.455,0,0,,1,6,7,2,1,0,6,1,10,2.4,Kelsi Mahoney,https://www.sports-reference.com/cbb/players/kelsi-mahoney-1.html,george-washington,2018-19
8,74,8,2018-12-02,George Washington,,Monmouth,REG (Non-Conf),L 51-55,*,32,2,8,.250,1,7,.143,1,1,1.000,.313,0,0,,2,5,7,2,0,0,2,3,5,1.3,Kelsi Mahoney,https://www.sports-reference.com/cbb/players/kelsi-mahoney-1.html,george-washington,2018-19
9,75,9,2018-12-06,George Washington,,Villanova,REG (Non-Conf),L 45-60,*,29,2,9,.222,2,7,.286,0,2,.000,.333,0,0,,0,0,0,2,0,0,1,1,6,0.5,Kelsi Mahoney,https://www.sports-reference.com/cbb/players/kelsi-mahoney-1.html,george-washington,2018-19
10,76,10,2018-12-09,George Washington,@,South Florida,REG (Non-Conf),L 30-63,*,21,1,3,.333,1,2,.500,0,1,.000,.500,0,0,,0,4,4,1,0,0,0,1,3,2.8,Kelsi Mahoney,https://www.sports-reference.com/cbb/players/kelsi-mahoney-1.html,george-washington,2018-19
11,77,11,2018-12-21,George Washington,,Mercer,REG (Non-Conf),L 53-61,*,33,4,8,.500,3,6,.500,1,2,.500,.688,2,3,.667,2,4,6,5,0,0,2,1,13,12.3,Kelsi Mahoney,https://www.sports-reference.com/cbb/players/kelsi-mahoney-1.html,george-washington,2018-19
12,78,12,2018-12-29,George Washington,@,William & Mary,REG (Non-Conf),L 59-73,*,33,4,9,.444,3,5,.600,1,4,.250,.611,0,0,,0,5,5,3,0,1,3,2,11,6.8,Kelsi Mahoney,https://www.sports-reference.com/cbb/players/kelsi-mahoney-1.html,george-washington,2018-19
13,79,13,2019-01-01,George Washington,,Memphis,REG (Non-Conf),W 51-38,*,31,2,10,.200,2,9,.222,0,1,.000,.300,0,0,,3,6,9,1,2,2,1,2,6,6.0,Kelsi Mahoney,https://www.sports-reference.com/cbb/players/kelsi-mahoney-1.html,george-washington,2018-19
14,80,14,2019-01-05,George Washington,,Fordham,REG (Conf),L 38-50,*,20,0,3,.000,0,3,.000,0,0,,.000,0,0,,0,2,2,1,0,0,3,1,0,-4.2,Kelsi Mahoney,https://www.sports-reference.com/cbb/players/kelsi-mahoney-1.html,george-washington,2018-19
15,81,15,2019-01-09,George Washington,@,Rhode Island,REG (Conf),W 64-59,*,33,4,12,.333,2,9,.222,2,3,.667,.417,2,2,1.000,1,6,7,2,1,0,1,2,12,8.3,Kelsi Mahoney,https://www.sports-reference.com/cbb/players/kelsi-mahoney-1.html,george-washington,2018-19
16,82,16,2019-01-12,George Washington,,Dayton,REG (Conf),W 46-45,*,31,3,6,.500,3,5,.600,0,1,.000,.750,0,0,,0,5,5,1,0,2,1,3,9,7.4,Kelsi Mahoney,https://www.sports-reference.com/cbb/players/kelsi-mahoney-1.html,george-washington,2018-19
17,83,17,2019-01-16,George Washington,@,La Salle,REG (Conf),W 67-59,*,31,2,8,.250,2,5,.400,0,3,.000,.375,2,2,1.000,1,1,2,5,0,2,2,3,8,5.9,Kelsi Mahoney,https://www.sports-reference.com/cbb/players/kelsi-mahoney-1.html,george-washington,2018-19
18,84,18,2019-01-19,George Washington,,George Mason,REG (Conf),L 60-64,*,36,2,8,.250,1,5,.200,1,3,.333,.313,0,0,,0,1,1,1,0,1,2,3,5,-1.3,Kelsi Mahoney,https://www.sports-reference.com/cbb/players/kelsi-mahoney-1.html,george-washington,2018-19
19,85,19,2019-01-23,George Washington,,VCU,REG (Conf),W 57-48,*,23,1,5,.200,1,4,.250,0,1,.000,.300,2,2,1.000,0,5,5,0,1,1,2,4,5,1.5,Kelsi Mahoney,https://www.sports-reference.com/cbb/players/kelsi-mahoney-1.html,george-washington,2018-19
20,86,20,2019-01-27,George Washington,@,Duquesne,REG (Conf),W 55-54,*,29,5,11,.455,5,9,.556,0,2,.000,.682,2,4,.500,2,9,11,1,0,5,2,4,17,15.2,Kelsi Mahoney,https://www.sports-reference.com/cbb/players/kelsi-mahoney-1.html,george-washington,2018-19
21,87,21,2019-01-31,George Washington,,Davidson,REG (Conf),L 42-62,*,32,3,7,.429,3,6,.500,0,1,.000,.643,0,0,,0,5,5,2,0,0,0,1,9,7.8,Kelsi Mahoney,https://www.sports-reference.com/cbb/players/kelsi-mahoney-1.html,george-washington,2018-19
22,88,22,2019-02-03,George Washington,@,Saint Louis,REG (Conf),L 44-60,*,33,2,6,.333,1,4,.250,1,2,.500,.417,1,3,.333,0,2,2,0,2,0,1,3,6,2.2,Kelsi Mahoney,https://www.sports-reference.com/cbb/players/kelsi-mahoney-1.html,george-washington,2018-19
23,89,23,2019-02-06,George Washington,@,George Mason,REG (Conf),L 46-61,*,27,1,4,.250,1,3,.333,0,1,.000,.375,2,2,1.000,1,3,4,2,0,1,1,3,5,4.1,Kelsi Mahoney,https://www.sports-reference.com/cbb/players/kelsi-mahoney-1.html,george-washington,2018-19
24,90,24,2019-02-10,George Washington,,Saint Joseph's,REG (Conf),L 38-41,*,8,0,1,.000,0,0,,0,1,.000,.000,0,0,,0,3,3,0,0,0,1,0,0,-0.8,Kelsi Mahoney,https://www.sports-reference.com/cbb/players/kelsi-mahoney-1.html,george-washington,2018-19
25,91,25,2019-02-17,George Washington,@,Dayton,REG (Conf),L 53-62,*,24,3,6,.500,2,5,.400,1,1,1.000,.667,5,7,.714,1,3,4,3,0,0,1,4,13,10.3,Kelsi Mahoney,https://www.sports-reference.com/cbb/players/kelsi-mahoney-1.html,george-washington,2018-19
26,92,26,2019-02-20,George Washington,@,Massachusetts,REG (Conf),W 66-59,*,31,7,13,.538,7,12,.583,0,1,.000,.808,0,0,,1,6,7,3,0,0,4,0,21,15.3,Kelsi Mahoney,https://www.sports-reference.com/cbb/players/kelsi-mahoney-1.html,george-washington,2018-19
27,93,27,2019-02-24,George Washington,,St. Bonaventure,REG (Conf),W 57-44,*,34,2,7,.286,2,3,.667,0,4,.000,.429,6,6,1.000,0,6,6,2,0,1,1,1,12,10.4,Kelsi Mahoney,https://www.sports-reference.com/cbb/players/kelsi-mahoney-1.html,george-washington,2018-19
28,94,28,2019-02-27,George Washington,,Duquesne,REG (Conf),L 53-64,*,35,4,11,.364,2,7,.286,2,4,.500,.455,0,0,,0,2,2,0,0,0,1,4,10,1.9,Kelsi Mahoney,https://www.sports-reference.com/cbb/players/kelsi-mahoney-1.html,george-washington,2018-19
29,95,29,2019-03-02,George Washington,@,Richmond,REG (Conf),L 48-56,*,27,3,8,.375,3,7,.429,0,1,.000,.563,0,0,,0,2,2,0,0,0,1,0,9,4.2,Kelsi Mahoney,https://www.sports-reference.com/cbb/players/kelsi-mahoney-1.html,george-washington,2018-19
30,96,30,2019-03-05,George Washington,@,Saint Joseph's,CTOURN,L 49-61,*,30,1,2,.500,1,2,.500,0,0,,.750,0,0,,0,5,5,1,0,0,0,4,3,2.6,Kelsi Mahoney,https://www.sports-reference.com/cbb/players/kelsi-mahoney-1.html,george-washington,2018-19
