ranker,player_game_num_career,team_game_num_season,date,team_name_abbr,game_location,opp_name_abbr,game_type,game_result,is_starter,mp,fg,fga,fg_pct,fg3,fg3a,fg3_pct,fg2,fg2a,fg2_pct,efg_pct,ft,fta,ft_pct,orb,drb,trb,ast,stl,blk,tov,pf,pts,game_score,player_name,player_sr_link,school,season
1,34,1,2018-11-08,George Washington,@,James Madison,REG (Non-Conf),L 37-50,,11,0,2,.000,0,2,.000,0,0,,.000,0,0,,0,0,0,0,0,0,0,0,0,-1.4,Lexus Levy,https://www.sports-reference.com/cbb/players/lexus-levy-1.html,george-washington,2018-19
2,35,2,2018-11-11,George Washington,,Princeton,REG (Non-Conf),W 64-49,,28,5,10,.500,2,5,.400,3,5,.600,.600,1,3,.333,1,4,5,0,0,0,3,3,13,4.9,Lexus Levy,https://www.sports-reference.com/cbb/players/lexus-levy-1.html,george-washington,2018-19
3,36,3,2018-11-14,George Washington,,Maryland,REG (Non-Conf),L 30-69,,14,0,3,.000,0,1,.000,0,2,.000,.000,0,0,,0,1,1,0,0,0,3,0,0,-4.8,Lexus Levy,https://www.sports-reference.com/cbb/players/lexus-levy-1.html,george-washington,2018-19
4,37,4,2018-11-18,George Washington,@,Iona,REG (Non-Conf),L 43-52,,27,1,3,.333,0,2,.000,1,1,1.000,.333,0,0,,1,2,3,2,1,0,3,2,2,0.2,Lexus Levy,https://www.sports-reference.com/cbb/players/lexus-levy-1.html,george-washington,2018-19
5,38,5,2018-11-22,George Washington,,Georgia Tech,REG (Non-Conf),L 55-70,,11,0,3,.000,0,3,.000,0,0,,.000,0,0,,1,1,2,1,1,0,0,0,0,0.6,Lexus Levy,https://www.sports-reference.com/cbb/players/lexus-levy-1.html,george-washington,2018-19
6,39,6,2018-11-23,George Washington,@,NC State,REG (Non-Conf),L 61-69,,4,0,1,.000,0,1,.000,0,0,,.000,0,0,,0,0,0,0,0,0,1,0,0,-1.7,Lexus Levy,https://www.sports-reference.com/cbb/players/lexus-levy-1.html,george-washington,2018-19
7,40,7,2018-11-27,George Washington,,Towson,REG (Non-Conf),W 76-63,,4,0,1,.000,0,1,.000,0,0,,.000,0,0,,0,0,0,1,0,0,1,0,0,-1.0,Lexus Levy,https://www.sports-reference.com/cbb/players/lexus-levy-1.html,george-washington,2018-19
8,41,8,2018-12-02,George Washington,,Monmouth,REG (Non-Conf),L 51-55,,5,0,1,.000,0,1,.000,0,0,,.000,0,0,,0,0,0,0,1,0,1,0,0,-0.7,Lexus Levy,https://www.sports-reference.com/cbb/players/lexus-levy-1.html,george-washington,2018-19
9,42,9,2018-12-06,George Washington,,Villanova,REG (Non-Conf),L 45-60,,6,0,1,.000,0,0,,0,1,.000,.000,0,0,,0,0,0,1,0,0,1,0,0,-1.0,Lexus Levy,https://www.sports-reference.com/cbb/players/lexus-levy-1.html,george-washington,2018-19
10,43,10,2018-12-09,George Washington,@,South Florida,REG (Non-Conf),L 30-63,,17,0,5,.000,0,4,.000,0,1,.000,.000,0,0,,0,1,1,1,0,0,0,0,0,-2.5,Lexus Levy,https://www.sports-reference.com/cbb/players/lexus-levy-1.html,george-washington,2018-19
11,44,11,2018-12-21,George Washington,,Mercer,REG (Non-Conf),L 53-61,,4,0,0,,0,0,,0,0,,,0,0,,0,2,2,0,0,0,1,1,0,-0.8,Lexus Levy,https://www.sports-reference.com/cbb/players/lexus-levy-1.html,george-washington,2018-19
12,45,12,2018-12-29,George Washington,@,William & Mary,REG (Non-Conf),L 59-73,,16,1,3,.333,1,2,.500,0,1,.000,.500,0,0,,0,0,0,3,1,0,0,1,3,4.0,Lexus Levy,https://www.sports-reference.com/cbb/players/lexus-levy-1.html,george-washington,2018-19
13,46,13,2019-01-01,George Washington,,Memphis,REG (Non-Conf),W 51-38,,23,3,8,.375,2,5,.400,1,3,.333,.500,0,0,,1,3,4,0,1,0,0,2,8,5.4,Lexus Levy,https://www.sports-reference.com/cbb/players/lexus-levy-1.html,george-washington,2018-19
14,47,14,2019-01-05,George Washington,,Fordham,REG (Conf),L 38-50,,12,0,2,.000,0,1,.000,0,1,.000,.000,0,0,,0,0,0,1,0,0,1,0,0,-1.7,Lexus Levy,https://www.sports-reference.com/cbb/players/lexus-levy-1.html,george-washington,2018-19
15,48,15,2019-01-09,George Washington,@,Rhode Island,REG (Conf),W 64-59,,30,5,9,.556,4,7,.571,1,2,.500,.778,2,3,.667,0,3,3,2,1,1,2,1,16,12.9,Lexus Levy,https://www.sports-reference.com/cbb/players/lexus-levy-1.html,george-washington,2018-19
16,49,16,2019-01-12,George Washington,,Dayton,REG (Conf),W 46-45,,3,0,0,,0,0,,0,0,,,0,0,,0,0,0,0,0,0,0,1,0,-0.4,Lexus Levy,https://www.sports-reference.com/cbb/players/lexus-levy-1.html,george-washington,2018-19
17,50,17,2019-01-16,George Washington,@,La Salle,REG (Conf),W 67-59,,19,2,5,.400,2,5,.400,0,0,,.600,0,0,,0,4,4,1,0,0,0,3,6,4.0,Lexus Levy,https://www.sports-reference.com/cbb/players/lexus-levy-1.html,george-washington,2018-19
18,51,18,2019-01-19,George Washington,,George Mason,REG (Conf),L 60-64,,13,2,5,.400,1,4,.250,1,1,1.000,.500,2,2,1.000,1,1,2,0,1,0,0,0,7,6.3,Lexus Levy,https://www.sports-reference.com/cbb/players/lexus-levy-1.html,george-washington,2018-19
19,52,19,2019-01-23,George Washington,,VCU,REG (Conf),W 57-48,,21,1,2,.500,1,2,.500,0,0,,.750,3,4,.750,0,1,1,3,1,0,0,3,6,6.8,Lexus Levy,https://www.sports-reference.com/cbb/players/lexus-levy-1.html,george-washington,2018-19
20,53,20,2019-01-27,George Washington,@,Duquesne,REG (Conf),W 55-54,,17,0,4,.000,0,2,.000,0,2,.000,.000,0,0,,0,2,2,2,0,0,1,2,0,-2.6,Lexus Levy,https://www.sports-reference.com/cbb/players/lexus-levy-1.html,george-washington,2018-19
21,54,21,2019-01-31,George Washington,,Davidson,REG (Conf),L 42-62,,3,0,1,.000,0,0,,0,1,.000,.000,0,0,,0,0,0,0,0,0,1,0,0,-1.7,Lexus Levy,https://www.sports-reference.com/cbb/players/lexus-levy-1.html,george-washington,2018-19
22,55,23,2019-02-06,George Washington,@,George Mason,REG (Conf),L 46-61,,6,0,1,.000,0,1,.000,0,0,,.000,0,0,,0,0,0,0,1,0,0,0,0,0.3,Lexus Levy,https://www.sports-reference.com/cbb/players/lexus-levy-1.html,george-washington,2018-19
23,56,24,2019-02-10,George Washington,,Saint Joseph's,REG (Conf),L 38-41,,1,0,0,,0,0,,0,0,,,0,0,,0,0,0,0,0,0,1,0,0,-1.0,Lexus Levy,https://www.sports-reference.com/cbb/players/lexus-levy-1.html,george-washington,2018-19
24,57,25,2019-02-17,George Washington,@,Dayton,REG (Conf),L 53-62,,6,0,2,.000,0,2,.000,0,0,,.000,0,0,,0,0,0,2,0,0,0,0,0,0.0,Lexus Levy,https://www.sports-reference.com/cbb/players/lexus-levy-1.html,george-washington,2018-19
25,58,26,2019-02-20,George Washington,@,Massachusetts,REG (Conf),W 66-59,,4,1,1,1.000,1,1,1.000,0,0,,1.500,0,0,,0,0,0,0,0,0,0,0,3,2.7,Lexus Levy,https://www.sports-reference.com/cbb/players/lexus-levy-1.html,george-washington,2018-19
26,59,27,2019-02-24,George Washington,,St. Bonaventure,REG (Conf),W 57-44,,14,2,6,.333,1,3,.333,1,3,.333,.417,0,0,,0,2,2,1,0,0,0,0,5,2.9,Lexus Levy,https://www.sports-reference.com/cbb/players/lexus-levy-1.html,george-washington,2018-19
27,60,28,2019-02-27,George Washington,,Duquesne,REG (Conf),L 53-64,,13,2,4,.500,2,3,.667,0,1,.000,.750,0,0,,0,0,0,2,0,0,0,0,6,5.4,Lexus Levy,https://www.sports-reference.com/cbb/players/lexus-levy-1.html,george-washington,2018-19
28,61,29,2019-03-02,George Washington,@,Richmond,REG (Conf),L 48-56,,2,0,0,,0,0,,0,0,,,0,0,,0,0,0,0,0,0,0,0,0,0.0,Lexus Levy,https://www.sports-reference.com/cbb/players/lexus-levy-1.html,george-washington,2018-19
29,62,30,2019-03-05,George Washington,@,Saint Joseph's,CTOURN,L 49-61,,7,0,1,.000,0,1,.000,0,0,,.000,0,0,,0,1,1,0,0,0,1,0,0,-1.4,Lexus Levy,https://www.sports-reference.com/cbb/players/lexus-levy-1.html,george-washington,2018-19
