ranker,player_game_num_career,team_game_num_season,date,team_name_abbr,game_location,opp_name_abbr,game_type,game_result,is_starter,mp,fg,fga,fg_pct,fg3,fg3a,fg3_pct,fg2,fg2a,fg2_pct,efg_pct,ft,fta,ft_pct,orb,drb,trb,ast,stl,blk,tov,pf,pts,game_score,player_name,player_sr_link,school,season
1,1,1,2018-11-08,George Washington,@,James Madison,REG (Non-Conf),L 37-50,,21,1,6,.167,1,4,.250,0,2,.000,.250,0,0,,1,1,2,0,0,0,1,1,3,-1.2,Maddie Loder,https://www.sports-reference.com/cbb/players/maddie-loder-1.html,george-washington,2018-19
2,2,2,2018-11-11,George Washington,,Princeton,REG (Non-Conf),W 64-49,,6,1,2,.500,0,0,,1,2,.500,.500,0,0,,0,1,1,0,0,0,3,2,2,-2.5,Maddie Loder,https://www.sports-reference.com/cbb/players/maddie-loder-1.html,george-washington,2018-19
3,3,3,2018-11-14,George Washington,,Maryland,REG (Non-Conf),L 30-69,,22,2,8,.250,1,5,.200,1,3,.333,.313,0,1,.000,2,1,3,2,0,0,2,1,5,0.5,Maddie Loder,https://www.sports-reference.com/cbb/players/maddie-loder-1.html,george-washington,2018-19
4,4,4,2018-11-18,George Washington,@,Iona,REG (Non-Conf),L 43-52,,14,1,4,.250,0,2,.000,1,2,.500,.250,0,0,,0,1,1,0,0,0,0,0,2,-0.1,Maddie Loder,https://www.sports-reference.com/cbb/players/maddie-loder-1.html,george-washington,2018-19
5,5,5,2018-11-22,George Washington,,Georgia Tech,REG (Non-Conf),L 55-70,,14,1,1,1.000,1,1,1.000,0,0,,1.500,0,0,,0,3,3,0,1,0,1,0,3,3.6,Maddie Loder,https://www.sports-reference.com/cbb/players/maddie-loder-1.html,george-washington,2018-19
6,6,6,2018-11-23,George Washington,@,NC State,REG (Non-Conf),L 61-69,,15,1,3,.333,1,3,.333,0,0,,.500,0,0,,0,0,0,0,0,0,0,0,3,1.3,Maddie Loder,https://www.sports-reference.com/cbb/players/maddie-loder-1.html,george-washington,2018-19
7,7,7,2018-11-27,George Washington,,Towson,REG (Non-Conf),W 76-63,,28,3,9,.333,2,5,.400,1,4,.250,.444,7,9,.778,0,1,1,1,3,0,4,1,15,8.7,Maddie Loder,https://www.sports-reference.com/cbb/players/maddie-loder-1.html,george-washington,2018-19
8,8,8,2018-12-02,George Washington,,Monmouth,REG (Non-Conf),L 51-55,,18,2,6,.333,1,3,.333,1,3,.333,.417,0,1,.000,0,0,0,2,1,0,1,0,5,2.6,Maddie Loder,https://www.sports-reference.com/cbb/players/maddie-loder-1.html,george-washington,2018-19
9,9,9,2018-12-06,George Washington,,Villanova,REG (Non-Conf),L 45-60,,24,1,6,.167,1,3,.333,0,3,.000,.250,0,0,,0,1,1,0,0,0,0,2,3,-1.3,Maddie Loder,https://www.sports-reference.com/cbb/players/maddie-loder-1.html,george-washington,2018-19
10,10,10,2018-12-09,George Washington,@,South Florida,REG (Non-Conf),L 30-63,,30,0,5,.000,0,3,.000,0,2,.000,.000,1,2,.500,1,0,1,2,0,0,1,0,1,-1.8,Maddie Loder,https://www.sports-reference.com/cbb/players/maddie-loder-1.html,george-washington,2018-19
11,11,11,2018-12-21,George Washington,,Mercer,REG (Non-Conf),L 53-61,,13,0,3,.000,0,2,.000,0,1,.000,.000,2,2,1.000,0,2,2,0,0,0,2,0,2,-1.5,Maddie Loder,https://www.sports-reference.com/cbb/players/maddie-loder-1.html,george-washington,2018-19
12,12,12,2018-12-29,George Washington,@,William & Mary,REG (Non-Conf),L 59-73,,21,3,4,.750,1,2,.500,2,2,1.000,.875,2,2,1.000,0,4,4,1,1,1,1,1,9,9.6,Maddie Loder,https://www.sports-reference.com/cbb/players/maddie-loder-1.html,george-washington,2018-19
13,13,13,2019-01-01,George Washington,,Memphis,REG (Non-Conf),W 51-38,*,37,2,9,.222,0,2,.000,2,7,.286,.222,3,4,.750,1,4,5,2,1,0,1,0,7,4.4,Maddie Loder,https://www.sports-reference.com/cbb/players/maddie-loder-1.html,george-washington,2018-19
14,14,14,2019-01-05,George Washington,,Fordham,REG (Conf),L 38-50,*,34,1,4,.250,0,2,.000,1,2,.500,.250,0,0,,0,1,1,5,0,0,3,0,2,0.4,Maddie Loder,https://www.sports-reference.com/cbb/players/maddie-loder-1.html,george-washington,2018-19
15,15,15,2019-01-09,George Washington,@,Rhode Island,REG (Conf),W 64-59,*,25,2,6,.333,1,2,.500,1,4,.250,.417,0,1,.000,3,5,8,2,2,0,4,2,5,3.4,Maddie Loder,https://www.sports-reference.com/cbb/players/maddie-loder-1.html,george-washington,2018-19
16,16,16,2019-01-12,George Washington,,Dayton,REG (Conf),W 46-45,*,36,0,7,.000,0,2,.000,0,5,.000,.000,0,0,,0,4,4,2,3,1,2,1,0,-1.0,Maddie Loder,https://www.sports-reference.com/cbb/players/maddie-loder-1.html,george-washington,2018-19
17,17,17,2019-01-16,George Washington,@,La Salle,REG (Conf),W 67-59,*,27,2,6,.333,1,2,.500,1,4,.250,.417,2,2,1.000,0,5,5,2,3,0,2,1,7,7.1,Maddie Loder,https://www.sports-reference.com/cbb/players/maddie-loder-1.html,george-washington,2018-19
18,18,18,2019-01-19,George Washington,,George Mason,REG (Conf),L 60-64,*,37,4,8,.500,2,2,1.000,2,6,.333,.625,4,4,1.000,0,6,6,3,0,0,2,4,14,10.3,Maddie Loder,https://www.sports-reference.com/cbb/players/maddie-loder-1.html,george-washington,2018-19
19,19,19,2019-01-23,George Washington,,VCU,REG (Conf),W 57-48,*,39,4,12,.333,2,7,.286,2,5,.400,.417,2,4,.500,2,4,6,1,1,0,2,2,12,5.9,Maddie Loder,https://www.sports-reference.com/cbb/players/maddie-loder-1.html,george-washington,2018-19
20,20,20,2019-01-27,George Washington,@,Duquesne,REG (Conf),W 55-54,*,38,3,12,.250,0,3,.000,3,9,.333,.250,1,2,.500,0,5,5,1,0,0,2,0,7,-0.4,Maddie Loder,https://www.sports-reference.com/cbb/players/maddie-loder-1.html,george-washington,2018-19
21,21,21,2019-01-31,George Washington,,Davidson,REG (Conf),L 42-62,*,33,6,17,.353,2,4,.500,4,13,.308,.412,0,0,,0,1,1,3,1,0,3,3,14,3.7,Maddie Loder,https://www.sports-reference.com/cbb/players/maddie-loder-1.html,george-washington,2018-19
22,22,22,2019-02-03,George Washington,@,Saint Louis,REG (Conf),L 44-60,*,23,3,7,.429,0,1,.000,3,6,.500,.429,0,1,.000,0,2,2,4,0,0,1,0,6,4.3,Maddie Loder,https://www.sports-reference.com/cbb/players/maddie-loder-1.html,george-washington,2018-19
23,23,23,2019-02-06,George Washington,@,George Mason,REG (Conf),L 46-61,*,35,3,10,.300,1,5,.200,2,5,.400,.350,2,2,1.000,0,4,4,1,0,0,2,4,9,1.5,Maddie Loder,https://www.sports-reference.com/cbb/players/maddie-loder-1.html,george-washington,2018-19
24,24,24,2019-02-10,George Washington,,Saint Joseph's,REG (Conf),L 38-41,*,29,1,4,.250,0,2,.000,1,2,.500,.250,2,2,1.000,0,2,2,5,0,0,5,0,4,0.7,Maddie Loder,https://www.sports-reference.com/cbb/players/maddie-loder-1.html,george-washington,2018-19
25,25,26,2019-02-20,George Washington,@,Massachusetts,REG (Conf),W 66-59,,26,3,9,.333,1,4,.250,2,5,.400,.389,0,0,,0,2,2,3,0,0,2,2,7,1.8,Maddie Loder,https://www.sports-reference.com/cbb/players/maddie-loder-1.html,george-washington,2018-19
26,26,27,2019-02-24,George Washington,,St. Bonaventure,REG (Conf),W 57-44,*,35,3,7,.429,1,2,.500,2,5,.400,.500,3,3,1.000,0,5,5,4,0,0,3,0,10,7.6,Maddie Loder,https://www.sports-reference.com/cbb/players/maddie-loder-1.html,george-washington,2018-19
27,27,28,2019-02-27,George Washington,,Duquesne,REG (Conf),L 53-64,*,38,5,15,.333,2,6,.333,3,9,.333,.400,2,2,1.000,1,4,5,2,1,0,5,2,14,4.0,Maddie Loder,https://www.sports-reference.com/cbb/players/maddie-loder-1.html,george-washington,2018-19
28,28,29,2019-03-02,George Washington,@,Richmond,REG (Conf),L 48-56,,27,0,6,.000,0,2,.000,0,4,.000,.000,0,0,,0,2,2,1,0,0,1,1,0,-4.3,Maddie Loder,https://www.sports-reference.com/cbb/players/maddie-loder-1.html,george-washington,2018-19
29,29,30,2019-03-05,George Washington,@,Saint Joseph's,CTOURN,L 49-61,,23,1,7,.143,0,0,,1,7,.143,.143,0,0,,0,2,2,0,0,0,1,0,2,-2.9,Maddie Loder,https://www.sports-reference.com/cbb/players/maddie-loder-1.html,george-washington,2018-19
