ranker,player_game_num_career,team_game_num_season,date,team_name_abbr,game_location,opp_name_abbr,game_type,game_result,is_starter,mp,fg,fga,fg_pct,fg3,fg3a,fg3_pct,fg2,fg2a,fg2_pct,efg_pct,ft,fta,ft_pct,orb,drb,trb,ast,stl,blk,tov,pf,pts,game_score,player_name,player_sr_link,school,season
1,34,1,2018-11-08,George Washington,@,James Madison,REG (Non-Conf),L 37-50,*,29,3,11,.273,0,0,,3,11,.273,.273,5,9,.556,2,3,5,1,0,0,1,3,11,3.7,Neila Luma,https://www.sports-reference.com/cbb/players/neila-luma-1.html,george-washington,2018-19
2,35,2,2018-11-11,George Washington,,Princeton,REG (Non-Conf),W 64-49,*,36,2,5,.400,0,0,,2,5,.400,.400,1,5,.200,1,4,5,1,1,0,1,1,5,2.9,Neila Luma,https://www.sports-reference.com/cbb/players/neila-luma-1.html,george-washington,2018-19
3,36,3,2018-11-14,George Washington,,Maryland,REG (Non-Conf),L 30-69,*,25,3,11,.273,0,0,,3,11,.273,.273,0,0,,0,4,4,0,1,0,1,2,6,-0.1,Neila Luma,https://www.sports-reference.com/cbb/players/neila-luma-1.html,george-washington,2018-19
4,37,4,2018-11-18,George Washington,@,Iona,REG (Non-Conf),L 43-52,*,30,3,10,.300,0,0,,3,10,.300,.300,1,1,1.000,1,5,6,2,3,0,3,3,7,3.6,Neila Luma,https://www.sports-reference.com/cbb/players/neila-luma-1.html,george-washington,2018-19
5,38,5,2018-11-22,George Washington,,Georgia Tech,REG (Non-Conf),L 55-70,*,21,3,5,.600,0,0,,3,5,.600,.600,3,4,.750,1,6,7,1,0,1,2,2,9,7.4,Neila Luma,https://www.sports-reference.com/cbb/players/neila-luma-1.html,george-washington,2018-19
6,39,6,2018-11-23,George Washington,@,NC State,REG (Non-Conf),L 61-69,*,38,6,16,.375,0,0,,6,16,.375,.375,2,2,1.000,0,5,5,1,1,0,1,2,14,6.6,Neila Luma,https://www.sports-reference.com/cbb/players/neila-luma-1.html,george-washington,2018-19
7,40,7,2018-11-27,George Washington,,Towson,REG (Non-Conf),W 76-63,*,36,3,10,.300,0,0,,3,10,.300,.300,12,14,.857,2,6,8,2,1,0,1,4,18,14.4,Neila Luma,https://www.sports-reference.com/cbb/players/neila-luma-1.html,george-washington,2018-19
8,41,8,2018-12-02,George Washington,,Monmouth,REG (Non-Conf),L 51-55,*,29,5,13,.385,0,0,,5,13,.385,.385,0,2,.000,1,6,7,2,1,0,2,3,10,3.8,Neila Luma,https://www.sports-reference.com/cbb/players/neila-luma-1.html,george-washington,2018-19
9,42,9,2018-12-06,George Washington,,Villanova,REG (Non-Conf),L 45-60,*,37,7,15,.467,0,1,.000,7,14,.500,.467,0,0,,2,7,9,2,0,0,1,1,14,9.8,Neila Luma,https://www.sports-reference.com/cbb/players/neila-luma-1.html,george-washington,2018-19
10,43,10,2018-12-09,George Washington,@,South Florida,REG (Non-Conf),L 30-63,*,17,3,10,.300,0,0,,3,10,.300,.300,1,2,.500,1,3,4,1,1,0,0,2,7,3.3,Neila Luma,https://www.sports-reference.com/cbb/players/neila-luma-1.html,george-washington,2018-19
11,44,11,2018-12-21,George Washington,,Mercer,REG (Non-Conf),L 53-61,*,21,2,5,.400,0,0,,2,5,.400,.400,0,0,,1,2,3,1,1,0,1,0,4,3.3,Neila Luma,https://www.sports-reference.com/cbb/players/neila-luma-1.html,george-washington,2018-19
12,45,12,2018-12-29,George Washington,@,William & Mary,REG (Non-Conf),L 59-73,*,13,1,7,.143,0,0,,1,7,.143,.143,0,0,,0,0,0,0,1,0,2,1,2,-3.9,Neila Luma,https://www.sports-reference.com/cbb/players/neila-luma-1.html,george-washington,2018-19
13,46,13,2019-01-01,George Washington,,Memphis,REG (Non-Conf),W 51-38,,18,2,9,.222,0,0,,2,9,.222,.222,5,8,.625,4,5,9,0,2,2,4,3,9,4.8,Neila Luma,https://www.sports-reference.com/cbb/players/neila-luma-1.html,george-washington,2018-19
14,47,14,2019-01-05,George Washington,,Fordham,REG (Conf),L 38-50,,25,5,11,.455,0,0,,5,11,.455,.455,2,6,.333,1,3,4,1,0,1,2,3,12,4.5,Neila Luma,https://www.sports-reference.com/cbb/players/neila-luma-1.html,george-washington,2018-19
15,48,15,2019-01-09,George Washington,@,Rhode Island,REG (Conf),W 64-59,*,29,8,19,.421,0,0,,8,19,.421,.421,4,7,.571,1,8,9,0,0,1,3,3,20,8.3,Neila Luma,https://www.sports-reference.com/cbb/players/neila-luma-1.html,george-washington,2018-19
16,49,16,2019-01-12,George Washington,,Dayton,REG (Conf),W 46-45,*,34,5,14,.357,0,0,,5,14,.357,.357,3,6,.500,0,5,5,3,0,2,3,0,13,6.0,Neila Luma,https://www.sports-reference.com/cbb/players/neila-luma-1.html,george-washington,2018-19
17,50,17,2019-01-16,George Washington,@,La Salle,REG (Conf),W 67-59,*,28,11,18,.611,0,0,,11,18,.611,.611,0,0,,1,6,7,1,1,1,5,4,22,12.1,Neila Luma,https://www.sports-reference.com/cbb/players/neila-luma-1.html,george-washington,2018-19
18,51,18,2019-01-19,George Washington,,George Mason,REG (Conf),L 60-64,*,31,9,19,.474,0,0,,9,19,.474,.474,4,10,.400,1,1,2,0,2,1,0,5,22,11.6,Neila Luma,https://www.sports-reference.com/cbb/players/neila-luma-1.html,george-washington,2018-19
19,52,19,2019-01-23,George Washington,,VCU,REG (Conf),W 57-48,*,36,2,5,.400,0,0,,2,5,.400,.400,3,8,.375,1,9,10,3,0,2,2,2,7,6.4,Neila Luma,https://www.sports-reference.com/cbb/players/neila-luma-1.html,george-washington,2018-19
20,53,20,2019-01-27,George Washington,@,Duquesne,REG (Conf),W 55-54,*,26,2,8,.250,0,0,,2,8,.250,.250,0,0,,0,6,6,1,1,0,1,3,4,0.5,Neila Luma,https://www.sports-reference.com/cbb/players/neila-luma-1.html,george-washington,2018-19
21,54,21,2019-01-31,George Washington,,Davidson,REG (Conf),L 42-62,*,15,2,5,.400,0,0,,2,5,.400,.400,0,0,,0,1,1,0,0,0,1,2,4,-0.2,Neila Luma,https://www.sports-reference.com/cbb/players/neila-luma-1.html,george-washington,2018-19
22,55,22,2019-02-03,George Washington,@,Saint Louis,REG (Conf),L 44-60,*,30,5,12,.417,0,0,,5,12,.417,.417,3,6,.500,1,6,7,1,1,0,3,2,13,5.8,Neila Luma,https://www.sports-reference.com/cbb/players/neila-luma-1.html,george-washington,2018-19
23,56,23,2019-02-06,George Washington,@,George Mason,REG (Conf),L 46-61,*,32,3,11,.273,0,0,,3,11,.273,.273,2,4,.500,2,6,8,1,3,0,2,3,8,4.4,Neila Luma,https://www.sports-reference.com/cbb/players/neila-luma-1.html,george-washington,2018-19
24,57,24,2019-02-10,George Washington,,Saint Joseph's,REG (Conf),L 38-41,*,17,1,5,.200,0,0,,1,5,.200,.200,0,0,,1,2,3,0,0,0,1,0,2,-0.8,Neila Luma,https://www.sports-reference.com/cbb/players/neila-luma-1.html,george-washington,2018-19
25,58,25,2019-02-17,George Washington,@,Dayton,REG (Conf),L 53-62,*,31,4,11,.364,0,0,,4,11,.364,.364,3,4,.750,0,4,4,1,0,0,2,3,11,3.2,Neila Luma,https://www.sports-reference.com/cbb/players/neila-luma-1.html,george-washington,2018-19
26,59,26,2019-02-20,George Washington,@,Massachusetts,REG (Conf),W 66-59,*,23,5,6,.833,0,0,,5,6,.833,.833,0,0,,1,1,2,1,0,1,2,5,10,6.2,Neila Luma,https://www.sports-reference.com/cbb/players/neila-luma-1.html,george-washington,2018-19
27,60,27,2019-02-24,George Washington,,St. Bonaventure,REG (Conf),W 57-44,*,34,1,6,.167,0,0,,1,6,.167,.167,2,4,.500,3,8,11,1,0,3,3,3,4,2.5,Neila Luma,https://www.sports-reference.com/cbb/players/neila-luma-1.html,george-washington,2018-19
28,61,28,2019-02-27,George Washington,,Duquesne,REG (Conf),L 53-64,*,33,5,10,.500,0,0,,5,10,.500,.500,0,1,.000,1,9,10,3,1,0,4,2,10,6.3,Neila Luma,https://www.sports-reference.com/cbb/players/neila-luma-1.html,george-washington,2018-19
29,62,29,2019-03-02,George Washington,@,Richmond,REG (Conf),L 48-56,*,32,8,21,.381,0,0,,8,21,.381,.381,0,2,.000,2,7,9,1,0,0,1,3,16,5.7,Neila Luma,https://www.sports-reference.com/cbb/players/neila-luma-1.html,george-washington,2018-19
30,63,30,2019-03-05,George Washington,@,Saint Joseph's,CTOURN,L 49-61,*,38,7,15,.467,0,0,,7,15,.467,.467,4,8,.500,3,9,12,1,2,0,0,1,18,15.8,Neila Luma,https://www.sports-reference.com/cbb/players/neila-luma-1.html,george-washington,2018-19
