ranker,player_game_num_career,team_game_num_season,date,team_name_abbr,game_location,opp_name_abbr,game_type,game_result,is_starter,mp,fg,fga,fg_pct,fg3,fg3a,fg3_pct,fg2,fg2a,fg2_pct,efg_pct,ft,fta,ft_pct,orb,drb,trb,ast,stl,blk,tov,pf,pts,game_score,player_name,player_sr_link,school,season
1,33,1,2018-11-08,George Washington,@,James Madison,REG (Non-Conf),L 37-50,,4,0,1,.000,0,0,,0,1,.000,.000,0,2,.000,2,2,4,0,1,0,0,0,0,1.5,Olivia Gumbs,https://www.sports-reference.com/cbb/players/olivia-gumbs-1.html,george-washington,2018-19
2,34,3,2018-11-14,George Washington,,Maryland,REG (Non-Conf),L 30-69,,6,0,1,.000,0,0,,0,1,.000,.000,1,2,.500,0,1,1,0,0,0,0,0,1,0.2,Olivia Gumbs,https://www.sports-reference.com/cbb/players/olivia-gumbs-1.html,george-washington,2018-19
3,35,4,2018-11-18,George Washington,@,Iona,REG (Non-Conf),L 43-52,,2,1,1,1.000,0,0,,1,1,1.000,1.000,0,0,,0,0,0,0,0,0,0,0,2,1.7,Olivia Gumbs,https://www.sports-reference.com/cbb/players/olivia-gumbs-1.html,george-washington,2018-19
4,36,5,2018-11-22,George Washington,,Georgia Tech,REG (Non-Conf),L 55-70,,10,0,1,.000,0,0,,0,1,.000,.000,0,0,,1,0,1,0,0,0,1,2,0,-1.8,Olivia Gumbs,https://www.sports-reference.com/cbb/players/olivia-gumbs-1.html,george-washington,2018-19
5,37,7,2018-11-27,George Washington,,Towson,REG (Non-Conf),W 76-63,,2,0,0,,0,0,,0,0,,,0,0,,0,1,1,0,0,0,0,1,0,-0.1,Olivia Gumbs,https://www.sports-reference.com/cbb/players/olivia-gumbs-1.html,george-washington,2018-19
6,38,8,2018-12-02,George Washington,,Monmouth,REG (Non-Conf),L 51-55,,11,3,4,.750,0,1,.000,3,3,1.000,.750,4,6,.667,1,1,2,0,0,0,0,0,10,8.6,Olivia Gumbs,https://www.sports-reference.com/cbb/players/olivia-gumbs-1.html,george-washington,2018-19
7,39,9,2018-12-06,George Washington,,Villanova,REG (Non-Conf),L 45-60,,12,0,2,.000,0,0,,0,2,.000,.000,0,0,,2,2,4,1,0,0,2,2,0,-1.5,Olivia Gumbs,https://www.sports-reference.com/cbb/players/olivia-gumbs-1.html,george-washington,2018-19
8,40,10,2018-12-09,George Washington,@,South Florida,REG (Non-Conf),L 30-63,,20,1,5,.200,0,0,,1,5,.200,.200,2,4,.500,2,4,6,0,1,0,2,4,4,0.1,Olivia Gumbs,https://www.sports-reference.com/cbb/players/olivia-gumbs-1.html,george-washington,2018-19
9,41,11,2018-12-21,George Washington,,Mercer,REG (Non-Conf),L 53-61,,19,3,6,.500,0,0,,3,6,.500,.500,2,5,.400,0,5,5,0,0,0,1,2,8,3.5,Olivia Gumbs,https://www.sports-reference.com/cbb/players/olivia-gumbs-1.html,george-washington,2018-19
10,42,12,2018-12-29,George Washington,@,William & Mary,REG (Non-Conf),L 59-73,,12,4,9,.444,0,0,,4,9,.444,.444,5,6,.833,2,0,2,0,2,1,3,3,13,7.8,Olivia Gumbs,https://www.sports-reference.com/cbb/players/olivia-gumbs-1.html,george-washington,2018-19
11,43,13,2019-01-01,George Washington,,Memphis,REG (Non-Conf),W 51-38,*,11,1,3,.333,0,0,,1,3,.333,.333,0,0,,0,0,0,0,0,0,1,5,2,-2.7,Olivia Gumbs,https://www.sports-reference.com/cbb/players/olivia-gumbs-1.html,george-washington,2018-19
12,44,14,2019-01-05,George Washington,,Fordham,REG (Conf),L 38-50,*,10,1,4,.250,0,0,,1,4,.250,.250,0,0,,0,2,2,0,0,0,0,1,2,-0.2,Olivia Gumbs,https://www.sports-reference.com/cbb/players/olivia-gumbs-1.html,george-washington,2018-19
13,45,15,2019-01-09,George Washington,@,Rhode Island,REG (Conf),W 64-59,,4,0,0,,0,0,,0,0,,,0,0,,0,0,0,0,0,0,0,1,0,-0.4,Olivia Gumbs,https://www.sports-reference.com/cbb/players/olivia-gumbs-1.html,george-washington,2018-19
14,46,18,2019-01-19,George Washington,,George Mason,REG (Conf),L 60-64,,4,0,1,.000,0,0,,0,1,.000,.000,0,0,,0,2,2,0,0,0,0,0,0,-0.1,Olivia Gumbs,https://www.sports-reference.com/cbb/players/olivia-gumbs-1.html,george-washington,2018-19
15,47,20,2019-01-27,George Washington,@,Duquesne,REG (Conf),W 55-54,,2,0,0,,0,0,,0,0,,,0,0,,0,0,0,0,0,0,0,0,0,0.0,Olivia Gumbs,https://www.sports-reference.com/cbb/players/olivia-gumbs-1.html,george-washington,2018-19
16,48,21,2019-01-31,George Washington,,Davidson,REG (Conf),L 42-62,,1,0,1,.000,0,0,,0,1,.000,.000,0,0,,0,1,1,0,0,0,0,0,0,-0.4,Olivia Gumbs,https://www.sports-reference.com/cbb/players/olivia-gumbs-1.html,george-washington,2018-19
17,49,24,2019-02-10,George Washington,,Saint Joseph's,REG (Conf),L 38-41,,17,3,7,.429,0,0,,3,7,.429,.429,3,4,.750,1,7,8,0,0,0,1,4,9,5.1,Olivia Gumbs,https://www.sports-reference.com/cbb/players/olivia-gumbs-1.html,george-washington,2018-19
18,50,25,2019-02-17,George Washington,@,Dayton,REG (Conf),L 53-62,,5,1,3,.333,0,0,,1,3,.333,.333,1,2,.500,1,0,1,0,0,0,0,1,3,1.2,Olivia Gumbs,https://www.sports-reference.com/cbb/players/olivia-gumbs-1.html,george-washington,2018-19
19,51,26,2019-02-20,George Washington,@,Massachusetts,REG (Conf),W 66-59,,8,2,5,.400,0,0,,2,5,.400,.400,1,1,1.000,0,0,0,0,1,0,0,1,5,2.9,Olivia Gumbs,https://www.sports-reference.com/cbb/players/olivia-gumbs-1.html,george-washington,2018-19
20,52,27,2019-02-24,George Washington,,St. Bonaventure,REG (Conf),W 57-44,,5,1,1,1.000,0,0,,1,1,1.000,1.000,0,0,,0,0,0,0,0,0,0,1,2,1.3,Olivia Gumbs,https://www.sports-reference.com/cbb/players/olivia-gumbs-1.html,george-washington,2018-19
21,53,28,2019-02-27,George Washington,,Duquesne,REG (Conf),L 53-64,,2,0,1,.000,0,0,,0,1,.000,.000,0,0,,0,0,0,0,0,0,0,0,0,-0.7,Olivia Gumbs,https://www.sports-reference.com/cbb/players/olivia-gumbs-1.html,george-washington,2018-19
22,54,29,2019-03-02,George Washington,@,Richmond,REG (Conf),L 48-56,,3,0,2,.000,0,0,,0,2,.000,.000,0,0,,1,2,3,0,0,0,0,0,0,-0.1,Olivia Gumbs,https://www.sports-reference.com/cbb/players/olivia-gumbs-1.html,george-washington,2018-19
23,55,30,2019-03-05,George Washington,@,Saint Joseph's,CTOURN,L 49-61,,4,1,2,.500,0,0,,1,2,.500,.500,0,1,.000,0,0,0,0,0,0,0,1,2,0.2,Olivia Gumbs,https://www.sports-reference.com/cbb/players/olivia-gumbs-1.html,george-washington,2018-19
