ranker,player_game_num_career,team_game_num_season,date,team_name_abbr,game_location,opp_name_abbr,game_type,game_result,is_starter,mp,fg,fga,fg_pct,fg3,fg3a,fg3_pct,fg2,fg2a,fg2_pct,efg_pct,ft,fta,ft_pct,orb,drb,trb,ast,stl,blk,tov,pf,pts,game_score,player_name,player_sr_link,school,season
1,27,1,2018-11-08,George Washington,@,James Madison,REG (Non-Conf),L 37-50,*,16,0,1,.000,0,0,,0,1,.000,.000,0,0,,1,1,2,0,0,0,0,1,0,-0.1,Sarah Overcash,https://www.sports-reference.com/cbb/players/sarah-overcash-1.html,george-washington,2018-19
2,28,2,2018-11-11,George Washington,,Princeton,REG (Non-Conf),W 64-49,*,21,2,3,.667,0,0,,2,3,.667,.667,5,6,.833,4,6,10,0,1,0,2,3,9,9.7,Sarah Overcash,https://www.sports-reference.com/cbb/players/sarah-overcash-1.html,george-washington,2018-19
3,29,3,2018-11-14,George Washington,,Maryland,REG (Non-Conf),L 30-69,*,23,0,2,.000,0,0,,0,2,.000,.000,0,0,,2,2,4,0,0,0,0,1,0,0.2,Sarah Overcash,https://www.sports-reference.com/cbb/players/sarah-overcash-1.html,george-washington,2018-19
4,30,4,2018-11-18,George Washington,@,Iona,REG (Non-Conf),L 43-52,*,16,1,3,.333,0,0,,1,3,.333,.333,0,0,,0,1,1,2,0,0,0,0,2,2.0,Sarah Overcash,https://www.sports-reference.com/cbb/players/sarah-overcash-1.html,george-washington,2018-19
5,31,5,2018-11-22,George Washington,,Georgia Tech,REG (Non-Conf),L 55-70,*,24,0,0,,0,0,,0,0,,,2,2,1.000,0,2,2,2,1,0,0,3,2,3.8,Sarah Overcash,https://www.sports-reference.com/cbb/players/sarah-overcash-1.html,george-washington,2018-19
6,32,6,2018-11-23,George Washington,@,NC State,REG (Non-Conf),L 61-69,*,23,1,2,.500,0,0,,1,2,.500,.500,0,0,,0,1,1,4,1,0,0,3,2,3.9,Sarah Overcash,https://www.sports-reference.com/cbb/players/sarah-overcash-1.html,george-washington,2018-19
7,33,7,2018-11-27,George Washington,,Towson,REG (Non-Conf),W 76-63,*,21,4,6,.667,0,0,,4,6,.667,.667,1,3,.333,4,5,9,1,1,0,2,5,9,7.6,Sarah Overcash,https://www.sports-reference.com/cbb/players/sarah-overcash-1.html,george-washington,2018-19
8,34,8,2018-12-02,George Washington,,Monmouth,REG (Non-Conf),L 51-55,*,32,1,5,.200,0,0,,1,5,.200,.200,3,4,.750,8,6,14,2,0,0,1,0,5,9.3,Sarah Overcash,https://www.sports-reference.com/cbb/players/sarah-overcash-1.html,george-washington,2018-19
9,35,9,2018-12-06,George Washington,,Villanova,REG (Non-Conf),L 45-60,*,12,0,0,,0,0,,0,0,,,0,0,,0,2,2,0,1,0,2,1,0,-0.8,Sarah Overcash,https://www.sports-reference.com/cbb/players/sarah-overcash-1.html,george-washington,2018-19
10,36,10,2018-12-09,George Washington,@,South Florida,REG (Non-Conf),L 30-63,*,17,1,1,1.000,0,0,,1,1,1.000,1.000,0,0,,0,2,2,0,0,1,4,1,2,-1.4,Sarah Overcash,https://www.sports-reference.com/cbb/players/sarah-overcash-1.html,george-washington,2018-19
11,37,11,2018-12-21,George Washington,,Mercer,REG (Non-Conf),L 53-61,*,6,0,0,,0,0,,0,0,,,0,0,,0,0,0,0,0,0,1,3,0,-2.2,Sarah Overcash,https://www.sports-reference.com/cbb/players/sarah-overcash-1.html,george-washington,2018-19
12,38,12,2018-12-29,George Washington,@,William & Mary,REG (Non-Conf),L 59-73,*,16,1,3,.333,0,1,.000,1,2,.500,.333,1,4,.250,3,2,5,0,1,1,1,1,3,3.1,Sarah Overcash,https://www.sports-reference.com/cbb/players/sarah-overcash-1.html,george-washington,2018-19
13,39,13,2019-01-01,George Washington,,Memphis,REG (Non-Conf),W 51-38,,13,1,4,.250,0,0,,1,4,.250,.250,0,0,,4,1,5,1,0,0,1,1,2,2.0,Sarah Overcash,https://www.sports-reference.com/cbb/players/sarah-overcash-1.html,george-washington,2018-19
14,40,14,2019-01-05,George Washington,,Fordham,REG (Conf),L 38-50,,15,2,5,.400,0,0,,2,5,.400,.400,0,0,,1,3,4,1,0,0,0,2,4,2.8,Sarah Overcash,https://www.sports-reference.com/cbb/players/sarah-overcash-1.html,george-washington,2018-19
15,41,15,2019-01-09,George Washington,@,Rhode Island,REG (Conf),W 64-59,,5,0,1,.000,0,0,,0,1,.000,.000,0,0,,0,1,1,0,0,0,1,1,0,-1.8,Sarah Overcash,https://www.sports-reference.com/cbb/players/sarah-overcash-1.html,george-washington,2018-19
16,42,16,2019-01-12,George Washington,,Dayton,REG (Conf),W 46-45,,11,1,1,1.000,0,0,,1,1,1.000,1.000,2,2,1.000,0,4,4,0,1,0,0,0,4,5.9,Sarah Overcash,https://www.sports-reference.com/cbb/players/sarah-overcash-1.html,george-washington,2018-19
17,43,17,2019-01-16,George Washington,@,La Salle,REG (Conf),W 67-59,,18,3,7,.429,0,0,,3,7,.429,.429,1,2,.500,3,5,8,0,0,0,1,1,7,5.1,Sarah Overcash,https://www.sports-reference.com/cbb/players/sarah-overcash-1.html,george-washington,2018-19
18,44,18,2019-01-19,George Washington,,George Mason,REG (Conf),L 60-64,,10,0,1,.000,0,0,,0,1,.000,.000,0,0,,0,3,3,0,0,1,3,5,0,-4.1,Sarah Overcash,https://www.sports-reference.com/cbb/players/sarah-overcash-1.html,george-washington,2018-19
19,45,19,2019-01-23,George Washington,,VCU,REG (Conf),W 57-48,,20,0,0,,0,0,,0,0,,,1,2,.500,4,6,10,0,0,0,2,3,1,2.0,Sarah Overcash,https://www.sports-reference.com/cbb/players/sarah-overcash-1.html,george-washington,2018-19
20,46,20,2019-01-27,George Washington,@,Duquesne,REG (Conf),W 55-54,,16,0,0,,0,0,,0,0,,,1,2,.500,1,1,2,0,0,0,0,3,1,0.4,Sarah Overcash,https://www.sports-reference.com/cbb/players/sarah-overcash-1.html,george-washington,2018-19
21,47,21,2019-01-31,George Washington,,Davidson,REG (Conf),L 42-62,,15,0,1,.000,0,0,,0,1,.000,.000,0,2,.000,2,2,4,2,0,0,1,1,0,0.5,Sarah Overcash,https://www.sports-reference.com/cbb/players/sarah-overcash-1.html,george-washington,2018-19
22,48,22,2019-02-03,George Washington,@,Saint Louis,REG (Conf),L 44-60,,10,0,2,.000,0,0,,0,2,.000,.000,0,0,,1,0,1,1,0,0,1,0,0,-1.0,Sarah Overcash,https://www.sports-reference.com/cbb/players/sarah-overcash-1.html,george-washington,2018-19
23,49,23,2019-02-06,George Washington,@,George Mason,REG (Conf),L 46-61,,5,0,0,,0,0,,0,0,,,0,0,,0,0,0,0,0,0,0,1,0,-0.4,Sarah Overcash,https://www.sports-reference.com/cbb/players/sarah-overcash-1.html,george-washington,2018-19
24,50,24,2019-02-10,George Washington,,Saint Joseph's,REG (Conf),L 38-41,,15,1,2,.500,0,0,,1,2,.500,.500,0,0,,1,1,2,0,0,0,1,2,2,0.2,Sarah Overcash,https://www.sports-reference.com/cbb/players/sarah-overcash-1.html,george-washington,2018-19
25,51,25,2019-02-17,George Washington,@,Dayton,REG (Conf),L 53-62,,13,0,0,,0,0,,0,0,,,0,0,,3,3,6,1,0,0,0,3,0,2.5,Sarah Overcash,https://www.sports-reference.com/cbb/players/sarah-overcash-1.html,george-washington,2018-19
26,52,26,2019-02-20,George Washington,@,Massachusetts,REG (Conf),W 66-59,,6,0,1,.000,0,0,,0,1,.000,.000,0,0,,0,0,0,0,0,0,0,1,0,-1.1,Sarah Overcash,https://www.sports-reference.com/cbb/players/sarah-overcash-1.html,george-washington,2018-19
27,53,27,2019-02-24,George Washington,,St. Bonaventure,REG (Conf),W 57-44,,5,1,1,1.000,0,0,,1,1,1.000,1.000,0,0,,0,0,0,0,0,0,1,1,2,0.3,Sarah Overcash,https://www.sports-reference.com/cbb/players/sarah-overcash-1.html,george-washington,2018-19
28,54,28,2019-02-27,George Washington,,Duquesne,REG (Conf),L 53-64,,2,0,0,,0,0,,0,0,,,0,0,,0,0,0,0,0,0,0,0,0,0.0,Sarah Overcash,https://www.sports-reference.com/cbb/players/sarah-overcash-1.html,george-washington,2018-19
29,55,29,2019-03-02,George Washington,@,Richmond,REG (Conf),L 48-56,,18,1,2,.500,0,0,,1,2,.500,.500,1,2,.500,0,0,0,3,0,0,0,0,3,3.7,Sarah Overcash,https://www.sports-reference.com/cbb/players/sarah-overcash-1.html,george-washington,2018-19
30,56,30,2019-03-05,George Washington,@,Saint Joseph's,CTOURN,L 49-61,,9,0,0,,0,0,,0,0,,,0,0,,0,1,1,0,0,0,0,1,0,-0.1,Sarah Overcash,https://www.sports-reference.com/cbb/players/sarah-overcash-1.html,george-washington,2018-19
