ranker,player_game_num_career,team_game_num_season,date,team_name_abbr,game_location,opp_name_abbr,game_type,game_result,is_starter,mp,fg,fga,fg_pct,fg3,fg3a,fg3_pct,fg2,fg2a,fg2_pct,efg_pct,ft,fta,ft_pct,orb,drb,trb,ast,stl,blk,tov,pf,pts,game_score,player_name,player_sr_link,school,season
1,70,1,2022-11-07,Cal State Northridge,@,California,REG (Non-Conf),L 56-86,,8,2,5,.400,1,2,.500,1,3,.333,.500,0,0,,0,0,0,0,0,0,1,1,5,0.9,Cheyenne Givens,https://www.sports-reference.com/cbb/players/cheyenne-givens-1.html,cal-state-northridge,2022-23
2,71,2,2022-11-09,Cal State Northridge,@,Stanford,REG (Non-Conf),L 40-104,,17,2,8,.250,2,5,.400,0,3,.000,.375,2,2,1.000,0,1,1,2,1,0,4,3,8,0.7,Cheyenne Givens,https://www.sports-reference.com/cbb/players/cheyenne-givens-1.html,cal-state-northridge,2022-23
3,72,3,2022-11-13,Cal State Northridge,@,Arizona,REG (Non-Conf),L 47-87,,3,0,1,.000,0,0,,0,1,.000,.000,0,0,,0,0,0,0,0,0,1,0,0,-1.7,Cheyenne Givens,https://www.sports-reference.com/cbb/players/cheyenne-givens-1.html,cal-state-northridge,2022-23
4,73,4,2022-11-17,Cal State Northridge,,Santa Clara,REG (Non-Conf),L 62-66,,0,0,0,,0,0,,0,0,,,0,0,,0,0,0,0,0,0,0,0,0,0.0,Cheyenne Givens,https://www.sports-reference.com/cbb/players/cheyenne-givens-1.html,cal-state-northridge,2022-23
5,74,5,2022-11-19,Cal State Northridge,,San Jose State,REG (Non-Conf),L 42-48,,3,0,1,.000,0,0,,0,1,.000,.000,0,0,,0,0,0,0,0,0,1,1,0,-2.1,Cheyenne Givens,https://www.sports-reference.com/cbb/players/cheyenne-givens-1.html,cal-state-northridge,2022-23
6,75,6,2022-12-01,Cal State Northridge,,San Francisco,REG (Non-Conf),L 49-72,,2,0,2,.000,0,0,,0,2,.000,.000,0,0,,0,0,0,0,0,0,0,0,0,-1.4,Cheyenne Givens,https://www.sports-reference.com/cbb/players/cheyenne-givens-1.html,cal-state-northridge,2022-23
