ranker,player_game_num_career,team_game_num_season,date,team_name_abbr,game_location,opp_name_abbr,game_type,game_result,is_starter,mp,fg,fga,fg_pct,fg3,fg3a,fg3_pct,fg2,fg2a,fg2_pct,efg_pct,ft,fta,ft_pct,orb,drb,trb,ast,stl,blk,tov,pf,pts,game_score,player_name,player_sr_link,school,season
1,87,1,2022-11-07,Cal State Northridge,@,California,REG (Non-Conf),L 56-86,*,28,3,7,.429,2,3,.667,1,4,.250,.571,2,3,.667,2,2,4,0,0,0,1,1,10,6.5,Tess Amundsen,https://www.sports-reference.com/cbb/players/tess-amundsen-1.html,cal-state-northridge,2022-23
2,88,2,2022-11-09,Cal State Northridge,@,Stanford,REG (Non-Conf),L 40-104,*,26,2,11,.182,1,6,.167,1,5,.200,.227,2,3,.667,0,2,2,0,2,0,1,2,7,0.5,Tess Amundsen,https://www.sports-reference.com/cbb/players/tess-amundsen-1.html,cal-state-northridge,2022-23
3,89,3,2022-11-13,Cal State Northridge,@,Arizona,REG (Non-Conf),L 47-87,*,29,2,6,.333,0,1,.000,2,5,.400,.333,6,6,1.000,1,3,4,3,1,0,0,3,10,10.1,Tess Amundsen,https://www.sports-reference.com/cbb/players/tess-amundsen-1.html,cal-state-northridge,2022-23
4,90,4,2022-11-17,Cal State Northridge,,Santa Clara,REG (Non-Conf),L 62-66,*,25,2,11,.182,1,3,.333,1,8,.125,.227,2,2,1.000,3,1,4,2,1,0,3,5,7,-0.1,Tess Amundsen,https://www.sports-reference.com/cbb/players/tess-amundsen-1.html,cal-state-northridge,2022-23
5,91,5,2022-11-19,Cal State Northridge,,San Jose State,REG (Non-Conf),L 42-48,*,25,3,6,.500,0,1,.000,3,5,.600,.500,0,0,,0,4,4,1,1,1,1,1,6,5.2,Tess Amundsen,https://www.sports-reference.com/cbb/players/tess-amundsen-1.html,cal-state-northridge,2022-23
6,92,6,2022-12-01,Cal State Northridge,,San Francisco,REG (Non-Conf),L 49-72,*,28,5,9,.556,2,3,.667,3,6,.500,.667,5,6,.833,0,2,2,0,0,0,1,4,17,10.3,Tess Amundsen,https://www.sports-reference.com/cbb/players/tess-amundsen-1.html,cal-state-northridge,2022-23
7,93,7,2022-12-06,Cal State Northridge,@,San Diego,REG (Non-Conf),L 57-73,*,31,7,12,.583,3,5,.600,4,7,.571,.708,0,0,,1,2,3,0,1,0,3,4,17,9.1,Tess Amundsen,https://www.sports-reference.com/cbb/players/tess-amundsen-1.html,cal-state-northridge,2022-23
8,94,8,2022-12-10,Cal State Northridge,@,Seattle,REG (Non-Conf),W 97-90,*,34,9,14,.643,6,10,.600,3,4,.750,.857,4,4,1.000,0,2,2,0,0,1,1,3,28,20.9,Tess Amundsen,https://www.sports-reference.com/cbb/players/tess-amundsen-1.html,cal-state-northridge,2022-23
9,95,9,2022-12-19,Cal State Northridge,,Sacramento State,REG (Non-Conf),L 61-63,*,36,5,8,.625,1,2,.500,4,6,.667,.688,5,5,1.000,0,6,6,1,4,0,4,2,16,14.1,Tess Amundsen,https://www.sports-reference.com/cbb/players/tess-amundsen-1.html,cal-state-northridge,2022-23
10,96,10,2022-12-21,Cal State Northridge,@,Loyola Marymount,REG (Non-Conf),L 62-69,*,27,3,7,.429,1,3,.333,2,4,.500,.500,7,8,.875,0,4,4,2,3,0,3,5,14,10.5,Tess Amundsen,https://www.sports-reference.com/cbb/players/tess-amundsen-1.html,cal-state-northridge,2022-23
11,97,11,2022-12-29,Cal State Northridge,,Cal Poly,REG (Conf),W 65-55,*,35,4,13,.308,1,5,.200,3,8,.375,.346,4,5,.800,0,8,8,2,1,4,6,1,13,6.3,Tess Amundsen,https://www.sports-reference.com/cbb/players/tess-amundsen-1.html,cal-state-northridge,2022-23
12,98,12,2022-12-31,Cal State Northridge,,Cal State Fullerton,REG (Conf),W 69-59,*,33,7,10,.700,3,4,.750,4,6,.667,.850,2,3,.667,1,4,5,2,1,0,9,3,19,8.5,Tess Amundsen,https://www.sports-reference.com/cbb/players/tess-amundsen-1.html,cal-state-northridge,2022-23
13,99,13,2023-01-05,Cal State Northridge,@,Long Beach State,REG (Conf),W 57-55,*,33,7,15,.467,2,5,.400,5,10,.500,.533,2,2,1.000,1,2,3,2,1,1,1,0,18,13.7,Tess Amundsen,https://www.sports-reference.com/cbb/players/tess-amundsen-1.html,cal-state-northridge,2022-23
14,100,14,2023-01-07,Cal State Northridge,,UC Riverside,REG (Conf),L 52-53,*,31,4,9,.444,1,2,.500,3,7,.429,.500,0,0,,0,5,5,0,1,0,1,1,9,5.4,Tess Amundsen,https://www.sports-reference.com/cbb/players/tess-amundsen-1.html,cal-state-northridge,2022-23
15,101,16,2023-01-14,Cal State Northridge,@,UC Irvine,REG (Conf),L 62-69,*,31,8,12,.667,4,5,.800,4,7,.571,.833,0,0,,3,1,4,0,1,0,4,3,20,13.0,Tess Amundsen,https://www.sports-reference.com/cbb/players/tess-amundsen-1.html,cal-state-northridge,2022-23
16,102,17,2023-01-16,Cal State Northridge,,Hawaii,REG (Conf),L 60-76,*,34,5,10,.500,1,4,.250,4,6,.667,.550,6,7,.857,1,3,4,1,1,0,2,2,17,12.1,Tess Amundsen,https://www.sports-reference.com/cbb/players/tess-amundsen-1.html,cal-state-northridge,2022-23
17,103,18,2023-01-19,Cal State Northridge,,UC Santa Barbara,REG (Conf),L 45-70,*,29,6,11,.545,2,3,.667,4,8,.500,.636,1,2,.500,0,3,3,1,2,0,3,3,15,8.7,Tess Amundsen,https://www.sports-reference.com/cbb/players/tess-amundsen-1.html,cal-state-northridge,2022-23
18,104,19,2023-01-21,Cal State Northridge,@,Cal State Fullerton,REG (Conf),L 67-70,*,32,5,12,.417,2,4,.500,3,8,.375,.500,3,4,.750,1,2,3,2,1,0,1,3,15,9.7,Tess Amundsen,https://www.sports-reference.com/cbb/players/tess-amundsen-1.html,cal-state-northridge,2022-23
19,105,20,2023-01-26,Cal State Northridge,@,UC San Diego,REG (Conf),L 55-62,*,34,4,9,.444,0,2,.000,4,7,.571,.444,2,2,1.000,0,4,4,1,0,0,3,3,10,3.0,Tess Amundsen,https://www.sports-reference.com/cbb/players/tess-amundsen-1.html,cal-state-northridge,2022-23
20,106,21,2023-01-28,Cal State Northridge,,UC Irvine,REG (Conf),L 52-54,*,34,2,6,.333,0,2,.000,2,4,.500,.333,0,0,,1,2,3,2,0,2,5,2,4,-1.1,Tess Amundsen,https://www.sports-reference.com/cbb/players/tess-amundsen-1.html,cal-state-northridge,2022-23
21,107,22,2023-02-04,Cal State Northridge,@,UC Santa Barbara,REG (Conf),L 61-64,*,36,5,9,.556,4,5,.800,1,4,.250,.778,1,2,.500,3,2,5,0,1,0,0,1,15,13.6,Tess Amundsen,https://www.sports-reference.com/cbb/players/tess-amundsen-1.html,cal-state-northridge,2022-23
22,108,23,2023-02-09,Cal State Northridge,,Cal State Bakersfield,REG (Conf),W 69-60,*,31,6,10,.600,5,5,1.000,1,5,.200,.850,3,4,.750,0,6,6,1,2,0,2,3,20,16.3,Tess Amundsen,https://www.sports-reference.com/cbb/players/tess-amundsen-1.html,cal-state-northridge,2022-23
23,109,28,2023-02-23,Cal State Northridge,@,Cal State Bakersfield,REG (Conf),W 73-66 (OT),,22,1,5,.200,1,2,.500,0,3,.000,.300,3,6,.500,0,2,2,0,1,0,2,4,6,-0.3,Tess Amundsen,https://www.sports-reference.com/cbb/players/tess-amundsen-1.html,cal-state-northridge,2022-23
24,110,29,2023-02-25,Cal State Northridge,,Long Beach State,REG (Conf),L 76-87,*,33,7,19,.368,5,12,.417,2,7,.286,.500,3,3,1.000,1,5,6,1,0,0,4,2,22,9.6,Tess Amundsen,https://www.sports-reference.com/cbb/players/tess-amundsen-1.html,cal-state-northridge,2022-23
25,111,30,2023-03-03,Cal State Northridge,@,Hawaii,REG (Conf),L 58-66,*,31,4,10,.400,0,3,.000,4,7,.571,.400,6,7,.857,1,1,2,0,3,0,2,5,14,8.2,Tess Amundsen,https://www.sports-reference.com/cbb/players/tess-amundsen-1.html,cal-state-northridge,2022-23
26,112,31,2023-03-07,Cal State Northridge,N,Cal State Bakersfield,CTOURN,L 52-55,*,38,5,8,.625,1,1,1.000,4,7,.571,.688,3,5,.600,0,3,3,2,0,0,3,1,14,8.5,Tess Amundsen,https://www.sports-reference.com/cbb/players/tess-amundsen-1.html,cal-state-northridge,2022-23
