ranker,player_game_num_career,team_game_num_season,date,team_name_abbr,game_location,opp_name_abbr,game_type,game_result,is_starter,mp,fg,fga,fg_pct,fg3,fg3a,fg3_pct,fg2,fg2a,fg2_pct,efg_pct,ft,fta,ft_pct,orb,drb,trb,ast,stl,blk,tov,pf,pts,game_score,player_name,player_sr_link,school,season
1,1,12,2021-12-21,George Washington,,Lehigh,REG (Non-Conf),L 57-70,,22,4,8,.500,0,2,.000,4,6,.667,.500,0,0,,0,1,1,0,0,1,0,1,8,4.6,Maxine Engel,https://www.sports-reference.com/cbb/players/maxine-engel-1.html,george-washington,2021-22
2,2,13,2021-12-28,George Washington,,West Chester,REG (Non-Conf),W 64-31,,12,1,2,.500,0,0,,1,2,.500,.500,0,0,,1,1,2,0,1,0,1,0,2,2.0,Maxine Engel,https://www.sports-reference.com/cbb/players/maxine-engel-1.html,george-washington,2021-22
3,3,15,2022-01-12,George Washington,,Rhode Island,REG (Conf),L 42-73,,21,1,5,.200,0,2,.000,1,3,.333,.200,2,2,1.000,2,6,8,2,1,0,1,2,4,4.7,Maxine Engel,https://www.sports-reference.com/cbb/players/maxine-engel-1.html,george-washington,2021-22
4,4,16,2022-01-19,George Washington,@,Fordham,REG (Conf),L 53-61,,9,0,1,.000,0,0,,0,1,.000,.000,0,0,,1,3,4,0,0,0,0,1,0,0.5,Maxine Engel,https://www.sports-reference.com/cbb/players/maxine-engel-1.html,george-washington,2021-22
5,5,17,2022-01-22,George Washington,,Massachusetts,REG (Conf),L 41-68,,6,1,1,1.000,0,0,,1,1,1.000,1.000,0,0,,1,0,1,0,1,0,0,0,2,3.4,Maxine Engel,https://www.sports-reference.com/cbb/players/maxine-engel-1.html,george-washington,2021-22
6,6,18,2022-01-26,George Washington,,Davidson,REG (Conf),L 37-67,,7,1,2,.500,1,1,1.000,0,1,.000,.750,0,0,,0,0,0,0,0,0,0,1,3,1.6,Maxine Engel,https://www.sports-reference.com/cbb/players/maxine-engel-1.html,george-washington,2021-22
7,7,19,2022-01-29,George Washington,@,George Mason,REG (Conf),L 46-52,,16,2,5,.400,0,1,.000,2,4,.500,.400,0,0,,2,2,4,0,0,0,0,2,4,2.5,Maxine Engel,https://www.sports-reference.com/cbb/players/maxine-engel-1.html,george-washington,2021-22
8,8,20,2022-02-02,George Washington,@,St. Bonaventure,REG (Conf),L 49-50,,33,8,10,.800,2,2,1.000,6,8,.750,.900,1,3,.333,2,5,7,0,2,0,1,2,19,17.5,Maxine Engel,https://www.sports-reference.com/cbb/players/maxine-engel-1.html,george-washington,2021-22
9,9,21,2022-02-06,George Washington,@,VCU,REG (Conf),L 53-56,*,22,2,9,.222,1,3,.333,1,6,.167,.278,0,0,,1,0,1,2,1,0,2,4,5,-1.0,Maxine Engel,https://www.sports-reference.com/cbb/players/maxine-engel-1.html,george-washington,2021-22
10,10,22,2022-02-09,George Washington,@,Duquesne,REG (Conf),W 50-48,*,21,1,7,.143,0,2,.000,1,5,.200,.143,0,0,,3,8,11,4,1,1,3,3,2,2.3,Maxine Engel,https://www.sports-reference.com/cbb/players/maxine-engel-1.html,george-washington,2021-22
11,11,23,2022-02-12,George Washington,,St. Bonaventure,REG (Conf),W 60-47,*,30,2,11,.182,1,5,.200,1,6,.167,.227,2,2,1.000,4,4,8,2,1,1,2,0,7,5.2,Maxine Engel,https://www.sports-reference.com/cbb/players/maxine-engel-1.html,george-washington,2021-22
12,12,24,2022-02-14,George Washington,,Saint Louis,REG (Conf),W 63-41,*,29,7,13,.538,2,4,.500,5,9,.556,.615,0,0,,1,3,4,0,1,0,3,1,16,8.9,Maxine Engel,https://www.sports-reference.com/cbb/players/maxine-engel-1.html,george-washington,2021-22
13,13,25,2022-02-16,George Washington,,George Mason,REG (Conf),W 65-57,*,27,4,8,.500,0,2,.000,4,6,.667,.500,0,2,.000,2,0,2,2,0,0,2,3,8,2.8,Maxine Engel,https://www.sports-reference.com/cbb/players/maxine-engel-1.html,george-washington,2021-22
14,14,26,2022-02-20,George Washington,@,Saint Joseph's,REG (Conf),L 34-57,*,29,1,9,.111,0,6,.000,1,3,.333,.111,0,0,,1,0,1,1,1,0,0,2,2,-2.3,Maxine Engel,https://www.sports-reference.com/cbb/players/maxine-engel-1.html,george-washington,2021-22
15,15,27,2022-02-23,George Washington,@,Davidson,REG (Conf),L 46-51,*,19,2,5,.400,1,2,.500,1,3,.333,.500,0,0,,0,2,2,0,0,1,2,5,5,-0.4,Maxine Engel,https://www.sports-reference.com/cbb/players/maxine-engel-1.html,george-washington,2021-22
16,16,28,2022-02-26,George Washington,,La Salle,REG (Conf),L 55-62,*,31,4,7,.571,3,6,.500,1,1,1.000,.786,4,4,1.000,1,3,4,0,1,0,1,5,15,11.3,Maxine Engel,https://www.sports-reference.com/cbb/players/maxine-engel-1.html,george-washington,2021-22
17,17,29,2022-03-02,George Washington,,St. Bonaventure,CTOURN,W 54-49,*,29,4,11,.364,2,7,.286,2,4,.500,.455,2,2,1.000,1,2,3,1,0,0,2,3,12,4.7,Maxine Engel,https://www.sports-reference.com/cbb/players/maxine-engel-1.html,george-washington,2021-22
18,18,30,2022-03-03,George Washington,@,La Salle,CTOURN,W 64-54,*,18,2,2,1.000,1,1,1.000,1,1,1.000,1.250,0,0,,1,0,1,0,0,0,2,4,5,1.5,Maxine Engel,https://www.sports-reference.com/cbb/players/maxine-engel-1.html,george-washington,2021-22
19,19,31,2022-03-04,George Washington,@,VCU,CTOURN,L 47-55,*,19,1,5,.200,0,4,.000,1,1,1.000,.200,0,0,,1,1,2,0,1,0,1,1,2,-0.5,Maxine Engel,https://www.sports-reference.com/cbb/players/maxine-engel-1.html,george-washington,2021-22
