ranker,player_game_num_career,team_game_num_season,date,team_name_abbr,game_location,opp_name_abbr,game_type,game_result,is_starter,mp,fg,fga,fg_pct,fg3,fg3a,fg2,fg2a,fg2_pct,efg_pct,ft,fta,ft_pct,orb,drb,trb,ast,stl,blk,tov,pf,pts,game_score,player_name,player_sr_link,school,season
1,1,4,2021-11-18,George Washington,@,Old Dominion,REG (Non-Conf),W 47-45,,7,1,1,1.000,0,0,1,1,1.000,1.000,0,0,,1,1,2,0,0,0,0,1,2,2.3,Michelle Ojo,https://www.sports-reference.com/cbb/players/michelle-ojo-1.html,george-washington,2021-22
2,2,5,2021-11-22,George Washington,,Quinnipiac,REG (Non-Conf),W 54-50,,3,1,1,1.000,0,0,1,1,1.000,1.000,0,0,,0,0,0,0,0,0,0,0,2,1.7,Michelle Ojo,https://www.sports-reference.com/cbb/players/michelle-ojo-1.html,george-washington,2021-22
3,3,6,2021-11-26,George Washington,,UT Martin,REG (Non-Conf),W 46-37,,2,0,0,,0,0,0,0,,,0,0,,0,1,1,0,0,0,0,1,0,-0.1,Michelle Ojo,https://www.sports-reference.com/cbb/players/michelle-ojo-1.html,george-washington,2021-22
4,4,7,2021-11-27,George Washington,@,Florida,REG (Non-Conf),L 50-61,,5,0,1,.000,0,0,0,1,.000,.000,0,0,,0,0,0,0,1,0,1,0,0,-0.7,Michelle Ojo,https://www.sports-reference.com/cbb/players/michelle-ojo-1.html,george-washington,2021-22
5,5,11,2021-12-12,George Washington,,Howard,REG (Non-Conf),W 62-53,,7,1,3,.333,0,0,1,3,.333,.333,0,0,,2,1,3,0,0,1,1,1,2,1.3,Michelle Ojo,https://www.sports-reference.com/cbb/players/michelle-ojo-1.html,george-washington,2021-22
6,6,12,2021-12-21,George Washington,,Lehigh,REG (Non-Conf),L 57-70,,5,0,0,,0,0,0,0,,,2,4,.500,0,1,1,0,1,0,1,0,2,1.5,Michelle Ojo,https://www.sports-reference.com/cbb/players/michelle-ojo-1.html,george-washington,2021-22
7,7,13,2021-12-28,George Washington,,West Chester,REG (Non-Conf),W 64-31,,14,1,3,.333,0,0,1,3,.333,.333,4,6,.667,4,4,8,1,1,1,3,1,6,6.5,Michelle Ojo,https://www.sports-reference.com/cbb/players/michelle-ojo-1.html,george-washington,2021-22
8,8,15,2022-01-12,George Washington,,Rhode Island,REG (Conf),L 42-73,,11,1,2,.500,0,0,1,2,.500,.500,3,4,.750,1,0,1,0,0,0,1,1,5,2.9,Michelle Ojo,https://www.sports-reference.com/cbb/players/michelle-ojo-1.html,george-washington,2021-22
9,9,20,2022-02-02,George Washington,@,St. Bonaventure,REG (Conf),L 49-50,,4,0,0,,0,0,0,0,,,0,0,,1,0,1,0,0,0,1,0,0,-0.3,Michelle Ojo,https://www.sports-reference.com/cbb/players/michelle-ojo-1.html,george-washington,2021-22
