ranker,player_game_num_career,team_game_num_season,date,team_name_abbr,game_location,opp_name_abbr,game_type,game_result,is_starter,mp,fg,fga,fg_pct,fg3,fg3a,fg3_pct,fg2,fg2a,fg2_pct,efg_pct,ft,fta,ft_pct,orb,drb,trb,ast,stl,blk,tov,pf,pts,game_score,player_name,player_sr_link,school,season
1,47,1,2018-11-09,North Carolina A&T,,Morehead State,REG (Non-Conf),L 67-72,*,30,4,11,.364,1,4,.250,3,7,.429,.409,2,2,1.000,5,3,8,3,3,0,7,3,11,6.2,C'coriea Foy,https://www.sports-reference.com/cbb/players/ccoriea-foy-1.html,north-carolina-at,2018-19
2,48,2,2018-11-13,North Carolina A&T,,Akron,REG (Non-Conf),L 36-49,*,30,5,16,.313,2,7,.286,3,9,.333,.375,2,2,1.000,1,2,3,3,1,0,4,4,14,3.6,C'coriea Foy,https://www.sports-reference.com/cbb/players/ccoriea-foy-1.html,north-carolina-at,2018-19
3,49,4,2018-11-20,North Carolina A&T,@,Virginia,REG (Non-Conf),L 57-67,*,35,5,14,.357,3,8,.375,2,6,.333,.464,3,3,1.000,3,4,7,5,1,1,2,2,16,13.9,C'coriea Foy,https://www.sports-reference.com/cbb/players/ccoriea-foy-1.html,north-carolina-at,2018-19
4,50,5,2018-11-24,North Carolina A&T,,Maine,REG (Non-Conf),L 52-58,*,36,2,6,.333,1,4,.250,1,2,.500,.417,2,6,.333,1,2,3,3,0,0,5,3,7,-0.8,C'coriea Foy,https://www.sports-reference.com/cbb/players/ccoriea-foy-1.html,north-carolina-at,2018-19
5,51,6,2018-11-25,North Carolina A&T,@,Navy,REG (Non-Conf),L 49-72,*,30,1,10,.100,1,7,.143,0,3,.000,.150,1,2,.500,1,8,9,2,0,1,6,2,4,-4.6,C'coriea Foy,https://www.sports-reference.com/cbb/players/ccoriea-foy-1.html,north-carolina-at,2018-19
6,52,7,2018-11-29,North Carolina A&T,@,Western Carolina,REG (Non-Conf),W 69-51,*,31,6,16,.375,0,6,.000,6,10,.600,.375,1,2,.500,2,2,4,2,3,0,5,2,13,4.4,C'coriea Foy,https://www.sports-reference.com/cbb/players/ccoriea-foy-1.html,north-carolina-at,2018-19
7,53,8,2018-12-11,North Carolina A&T,,Johnson C. Smith,REG (Non-Conf),L 50-53,*,25,7,16,.438,0,5,.000,7,11,.636,.438,5,9,.556,2,1,3,1,4,1,0,4,19,14.5,C'coriea Foy,https://www.sports-reference.com/cbb/players/ccoriea-foy-1.html,north-carolina-at,2018-19
8,54,9,2018-12-13,North Carolina A&T,@,East Tennessee State,REG (Non-Conf),L 56-61,*,39,7,20,.350,2,5,.400,5,15,.333,.400,0,0,,1,0,1,8,2,0,6,4,16,5.5,C'coriea Foy,https://www.sports-reference.com/cbb/players/ccoriea-foy-1.html,north-carolina-at,2018-19
9,55,10,2018-12-18,North Carolina A&T,@,Elon,REG (Non-Conf),L 64-73,*,39,9,20,.450,3,7,.429,6,13,.462,.525,6,9,.667,0,1,1,2,2,1,1,4,27,17.2,C'coriea Foy,https://www.sports-reference.com/cbb/players/ccoriea-foy-1.html,north-carolina-at,2018-19
10,56,11,2018-12-21,North Carolina A&T,,VCU,REG (Non-Conf),L 48-54,*,32,5,15,.333,2,6,.333,3,9,.333,.400,0,0,,0,2,2,0,2,0,6,3,12,-1.1,C'coriea Foy,https://www.sports-reference.com/cbb/players/ccoriea-foy-1.html,north-carolina-at,2018-19
11,57,12,2018-12-28,North Carolina A&T,@,Florida Atlantic,REG (Non-Conf),W 67-65,*,18,0,10,.000,0,2,.000,0,8,.000,.000,0,0,,2,1,3,1,2,0,1,5,0,-5.6,C'coriea Foy,https://www.sports-reference.com/cbb/players/ccoriea-foy-1.html,north-carolina-at,2018-19
12,58,13,2018-12-29,North Carolina A&T,,Yale,REG (Non-Conf),L 49-59,*,34,4,19,.211,2,9,.222,2,10,.200,.263,0,2,.000,1,6,7,2,3,1,3,3,10,0.9,C'coriea Foy,https://www.sports-reference.com/cbb/players/ccoriea-foy-1.html,north-carolina-at,2018-19
13,59,14,2019-01-05,North Carolina A&T,@,South Carolina State,REG (Conf),W 58-44,*,19,2,5,.400,0,0,,2,5,.400,.400,0,0,,0,2,2,0,0,0,2,5,4,-2.1,C'coriea Foy,https://www.sports-reference.com/cbb/players/ccoriea-foy-1.html,north-carolina-at,2018-19
14,60,15,2019-01-12,North Carolina A&T,@,Delaware State,REG (Conf),W 67-47,*,32,1,9,.111,0,3,.000,1,6,.167,.111,3,4,.750,3,6,9,4,2,1,3,1,5,4.7,C'coriea Foy,https://www.sports-reference.com/cbb/players/ccoriea-foy-1.html,north-carolina-at,2018-19
15,61,16,2019-01-14,North Carolina A&T,@,Maryland Eastern Shore,REG (Conf),W 51-49,*,37,5,22,.227,2,13,.154,3,9,.333,.273,0,0,,0,5,5,4,0,0,2,3,12,-0.3,C'coriea Foy,https://www.sports-reference.com/cbb/players/ccoriea-foy-1.html,north-carolina-at,2018-19
16,62,17,2019-01-19,North Carolina A&T,,Morgan State,REG (Conf),W 62-29,*,30,5,13,.385,0,4,.000,5,9,.556,.385,5,6,.833,2,5,7,1,3,0,4,2,15,9.3,C'coriea Foy,https://www.sports-reference.com/cbb/players/ccoriea-foy-1.html,north-carolina-at,2018-19
17,63,18,2019-01-21,North Carolina A&T,,Coppin State,REG (Conf),W 66-42,*,35,10,22,.455,4,11,.364,6,11,.545,.545,1,2,.500,0,2,2,5,2,0,5,2,25,13.5,C'coriea Foy,https://www.sports-reference.com/cbb/players/ccoriea-foy-1.html,north-carolina-at,2018-19
18,64,19,2019-01-26,North Carolina A&T,@,North Carolina Central,REG (Conf),W 52-49,*,32,6,19,.316,3,7,.429,3,12,.250,.395,1,2,.500,1,5,6,1,10,0,0,2,16,16.8,C'coriea Foy,https://www.sports-reference.com/cbb/players/ccoriea-foy-1.html,north-carolina-at,2018-19
19,65,20,2019-02-02,North Carolina A&T,@,Florida A&M,REG (Conf),W 56-48,*,40,4,17,.235,1,5,.200,3,12,.250,.265,3,3,1.000,1,4,5,5,3,0,3,2,12,6.3,C'coriea Foy,https://www.sports-reference.com/cbb/players/ccoriea-foy-1.html,north-carolina-at,2018-19
20,66,21,2019-02-04,North Carolina A&T,@,Bethune-Cookman,REG (Conf),W 72-48,*,29,4,8,.500,0,2,.000,4,6,.667,.500,5,7,.714,1,4,5,4,4,1,3,2,13,13.8,C'coriea Foy,https://www.sports-reference.com/cbb/players/ccoriea-foy-1.html,north-carolina-at,2018-19
21,67,22,2019-02-09,North Carolina A&T,,Delaware State,REG (Conf),W 72-49,*,35,8,18,.444,0,5,.000,8,13,.615,.444,4,5,.800,2,3,5,1,4,0,2,3,20,14.0,C'coriea Foy,https://www.sports-reference.com/cbb/players/ccoriea-foy-1.html,north-carolina-at,2018-19
22,68,23,2019-02-11,North Carolina A&T,,Maryland Eastern Shore,REG (Conf),W 70-58,*,31,3,9,.333,0,2,.000,3,7,.429,.333,4,4,1.000,1,6,7,2,3,0,4,3,10,6.6,C'coriea Foy,https://www.sports-reference.com/cbb/players/ccoriea-foy-1.html,north-carolina-at,2018-19
23,69,24,2019-02-16,North Carolina A&T,@,Howard,REG (Conf),W 63-58,*,34,3,19,.158,0,6,.000,3,13,.231,.158,3,4,.750,3,5,8,7,5,0,5,2,9,4.2,C'coriea Foy,https://www.sports-reference.com/cbb/players/ccoriea-foy-1.html,north-carolina-at,2018-19
24,70,25,2019-02-18,North Carolina A&T,@,Norfolk State,REG (Conf),W 49-44,*,34,6,14,.429,4,8,.500,2,6,.333,.571,5,7,.714,1,4,5,1,3,1,8,1,21,10.7,C'coriea Foy,https://www.sports-reference.com/cbb/players/ccoriea-foy-1.html,north-carolina-at,2018-19
25,71,26,2019-02-23,North Carolina A&T,,South Carolina State,REG (Conf),W 59-52,*,37,10,22,.455,0,3,.000,10,19,.526,.455,5,7,.714,3,1,4,2,1,1,3,3,25,14.1,C'coriea Foy,https://www.sports-reference.com/cbb/players/ccoriea-foy-1.html,north-carolina-at,2018-19
26,72,27,2019-02-25,North Carolina A&T,,Savannah State,REG (Conf),W 73-69,*,33,8,16,.500,0,3,.000,8,13,.615,.500,0,2,.000,1,2,3,2,2,0,3,3,16,7.7,C'coriea Foy,https://www.sports-reference.com/cbb/players/ccoriea-foy-1.html,north-carolina-at,2018-19
27,73,28,2019-03-02,North Carolina A&T,,Florida A&M,REG (Conf),W 77-53,*,31,1,8,.125,0,3,.000,1,5,.200,.125,2,2,1.000,1,5,6,1,2,0,1,1,4,2.3,C'coriea Foy,https://www.sports-reference.com/cbb/players/ccoriea-foy-1.html,north-carolina-at,2018-19
28,74,29,2019-03-07,North Carolina A&T,,North Carolina Central,REG (Conf),W 86-52,*,30,8,13,.615,1,1,1.000,7,12,.583,.654,0,0,,1,2,3,5,4,0,2,3,17,16.7,C'coriea Foy,https://www.sports-reference.com/cbb/players/ccoriea-foy-1.html,north-carolina-at,2018-19
29,75,30,2019-03-13,North Carolina A&T,,North Carolina Central,CTOURN,W 79-49,*,31,5,15,.333,1,5,.200,4,10,.400,.367,3,5,.600,3,4,7,6,2,0,3,0,14,11.2,C'coriea Foy,https://www.sports-reference.com/cbb/players/ccoriea-foy-1.html,north-carolina-at,2018-19
30,76,31,2019-03-15,North Carolina A&T,,Norfolk State,CTOURN,L 43-60,*,30,8,15,.533,1,4,.250,7,11,.636,.567,3,4,.750,3,5,8,1,4,0,2,1,20,18.2,C'coriea Foy,https://www.sports-reference.com/cbb/players/ccoriea-foy-1.html,north-carolina-at,2018-19
31,77,32,2019-03-22,North Carolina A&T,@,James Madison,WNIT,L 37-48,*,39,3,20,.150,0,8,.000,3,12,.250,.150,1,1,1.000,2,2,4,1,3,0,3,3,7,-4.3,C'coriea Foy,https://www.sports-reference.com/cbb/players/ccoriea-foy-1.html,north-carolina-at,2018-19
