ranker,player_game_num_career,team_game_num_season,date,team_name_abbr,game_location,opp_name_abbr,game_type,game_result,is_starter,mp,fg,fga,fg_pct,fg3,fg3a,fg3_pct,fg2,fg2a,fg2_pct,efg_pct,ft,fta,ft_pct,orb,drb,trb,ast,stl,blk,tov,pf,pts,game_score,player_name,player_sr_link,school,season
1,65,1,2018-11-09,North Carolina A&T,,Morehead State,REG (Non-Conf),L 67-72,*,15,0,3,.000,0,0,,0,3,.000,.000,0,2,.000,0,2,2,0,0,0,2,3,0,-5.5,Charnise Tyler,https://www.sports-reference.com/cbb/players/charnise-tyler-1.html,north-carolina-at,2018-19
2,66,2,2018-11-13,North Carolina A&T,,Akron,REG (Non-Conf),L 36-49,,19,3,6,.500,0,1,.000,3,5,.600,.500,0,0,,2,5,7,0,0,0,3,0,6,2.9,Charnise Tyler,https://www.sports-reference.com/cbb/players/charnise-tyler-1.html,north-carolina-at,2018-19
3,67,3,2018-11-16,North Carolina A&T,,Winston-Salem,REG (Non-Conf),W 60-56,,21,3,5,.600,0,0,,3,5,.600,.600,0,5,.000,5,4,9,0,0,0,2,0,6,4.4,Charnise Tyler,https://www.sports-reference.com/cbb/players/charnise-tyler-1.html,north-carolina-at,2018-19
4,68,4,2018-11-20,North Carolina A&T,@,Virginia,REG (Non-Conf),L 57-67,,20,4,5,.800,0,0,,4,5,.800,.800,0,0,,0,1,1,0,0,0,0,3,8,5.2,Charnise Tyler,https://www.sports-reference.com/cbb/players/charnise-tyler-1.html,north-carolina-at,2018-19
5,69,5,2018-11-24,North Carolina A&T,,Maine,REG (Non-Conf),L 52-58,,19,2,6,.333,0,0,,2,6,.333,.333,2,2,1.000,1,3,4,0,0,0,4,0,6,0.2,Charnise Tyler,https://www.sports-reference.com/cbb/players/charnise-tyler-1.html,north-carolina-at,2018-19
6,70,6,2018-11-25,North Carolina A&T,@,Navy,REG (Non-Conf),L 49-72,,20,3,8,.375,0,0,,3,8,.375,.375,2,4,.500,4,2,6,0,0,0,4,2,8,1.4,Charnise Tyler,https://www.sports-reference.com/cbb/players/charnise-tyler-1.html,north-carolina-at,2018-19
7,71,7,2018-11-29,North Carolina A&T,@,Western Carolina,REG (Non-Conf),W 69-51,*,21,2,7,.286,0,1,.000,2,6,.333,.286,0,0,,1,4,5,0,2,0,0,3,4,2.6,Charnise Tyler,https://www.sports-reference.com/cbb/players/charnise-tyler-1.html,north-carolina-at,2018-19
8,72,8,2018-12-11,North Carolina A&T,,Johnson C. Smith,REG (Non-Conf),L 50-53,*,22,2,6,.333,0,0,,2,6,.333,.333,2,2,1.000,2,4,6,0,1,0,3,0,6,3.2,Charnise Tyler,https://www.sports-reference.com/cbb/players/charnise-tyler-1.html,north-carolina-at,2018-19
9,73,9,2018-12-13,North Carolina A&T,@,East Tennessee State,REG (Non-Conf),L 56-61,*,33,5,8,.625,0,0,,5,8,.625,.625,2,6,.333,2,9,11,0,1,0,1,2,12,10.1,Charnise Tyler,https://www.sports-reference.com/cbb/players/charnise-tyler-1.html,north-carolina-at,2018-19
10,74,10,2018-12-18,North Carolina A&T,@,Elon,REG (Non-Conf),L 64-73,*,19,1,4,.250,0,1,.000,1,3,.333,.250,5,7,.714,2,2,4,0,1,0,1,4,7,4.2,Charnise Tyler,https://www.sports-reference.com/cbb/players/charnise-tyler-1.html,north-carolina-at,2018-19
11,75,11,2018-12-21,North Carolina A&T,,VCU,REG (Non-Conf),L 48-54,*,31,1,7,.143,0,0,,1,7,.143,.143,1,4,.250,1,6,7,0,0,0,1,0,3,-1.2,Charnise Tyler,https://www.sports-reference.com/cbb/players/charnise-tyler-1.html,north-carolina-at,2018-19
12,76,12,2018-12-28,North Carolina A&T,@,Florida Atlantic,REG (Non-Conf),W 67-65,*,20,4,9,.444,0,0,,4,9,.444,.444,0,0,,2,5,7,0,1,0,3,2,8,3.4,Charnise Tyler,https://www.sports-reference.com/cbb/players/charnise-tyler-1.html,north-carolina-at,2018-19
13,77,13,2018-12-29,North Carolina A&T,,Yale,REG (Non-Conf),L 49-59,*,24,3,10,.300,0,0,,3,10,.300,.300,1,2,.500,3,5,8,0,0,1,1,2,7,3.3,Charnise Tyler,https://www.sports-reference.com/cbb/players/charnise-tyler-1.html,north-carolina-at,2018-19
14,78,14,2019-01-05,North Carolina A&T,@,South Carolina State,REG (Conf),W 58-44,*,15,1,4,.250,0,1,.000,1,3,.333,.250,0,0,,1,7,8,0,1,1,0,0,2,4.1,Charnise Tyler,https://www.sports-reference.com/cbb/players/charnise-tyler-1.html,north-carolina-at,2018-19
15,79,15,2019-01-12,North Carolina A&T,@,Delaware State,REG (Conf),W 67-47,*,18,0,4,.000,0,0,,0,4,.000,.000,3,4,.750,1,5,6,0,0,0,0,2,3,1.2,Charnise Tyler,https://www.sports-reference.com/cbb/players/charnise-tyler-1.html,north-carolina-at,2018-19
16,80,16,2019-01-14,North Carolina A&T,@,Maryland Eastern Shore,REG (Conf),W 51-49,*,26,3,7,.429,0,1,.000,3,6,.500,.429,0,2,.000,2,5,7,0,1,0,3,1,6,2.0,Charnise Tyler,https://www.sports-reference.com/cbb/players/charnise-tyler-1.html,north-carolina-at,2018-19
17,81,17,2019-01-19,North Carolina A&T,,Morgan State,REG (Conf),W 62-29,*,21,0,3,.000,0,0,,0,3,.000,.000,1,2,.500,5,5,10,0,0,1,2,3,1,1.0,Charnise Tyler,https://www.sports-reference.com/cbb/players/charnise-tyler-1.html,north-carolina-at,2018-19
18,82,18,2019-01-21,North Carolina A&T,,Coppin State,REG (Conf),W 66-42,*,22,2,4,.500,0,0,,2,4,.500,.500,0,0,,1,4,5,0,0,0,0,3,4,2.7,Charnise Tyler,https://www.sports-reference.com/cbb/players/charnise-tyler-1.html,north-carolina-at,2018-19
19,83,20,2019-02-02,North Carolina A&T,@,Florida A&M,REG (Conf),W 56-48,,15,2,5,.400,0,0,,2,5,.400,.400,1,2,.500,2,3,5,0,0,1,0,2,5,4.1,Charnise Tyler,https://www.sports-reference.com/cbb/players/charnise-tyler-1.html,north-carolina-at,2018-19
20,84,21,2019-02-04,North Carolina A&T,@,Bethune-Cookman,REG (Conf),W 72-48,,15,6,8,.750,0,1,.000,6,7,.857,.750,0,1,.000,2,0,2,0,0,0,1,1,12,8.4,Charnise Tyler,https://www.sports-reference.com/cbb/players/charnise-tyler-1.html,north-carolina-at,2018-19
21,85,22,2019-02-09,North Carolina A&T,,Delaware State,REG (Conf),W 72-49,,12,0,5,.000,0,0,,0,5,.000,.000,2,2,1.000,0,4,4,0,0,0,1,0,2,-1.3,Charnise Tyler,https://www.sports-reference.com/cbb/players/charnise-tyler-1.html,north-carolina-at,2018-19
22,86,23,2019-02-11,North Carolina A&T,,Maryland Eastern Shore,REG (Conf),W 70-58,,9,1,5,.200,0,0,,1,5,.200,.200,0,0,,0,2,2,1,0,0,1,3,2,-2.0,Charnise Tyler,https://www.sports-reference.com/cbb/players/charnise-tyler-1.html,north-carolina-at,2018-19
23,87,24,2019-02-16,North Carolina A&T,@,Howard,REG (Conf),W 63-58,,10,3,6,.500,0,1,.000,3,5,.600,.500,1,2,.500,1,4,5,0,0,0,0,1,7,5.1,Charnise Tyler,https://www.sports-reference.com/cbb/players/charnise-tyler-1.html,north-carolina-at,2018-19
24,88,25,2019-02-18,North Carolina A&T,@,Norfolk State,REG (Conf),W 49-44,,21,4,6,.667,0,0,,4,6,.667,.667,0,0,,2,2,4,0,1,0,3,1,8,5.0,Charnise Tyler,https://www.sports-reference.com/cbb/players/charnise-tyler-1.html,north-carolina-at,2018-19
25,89,26,2019-02-23,North Carolina A&T,,South Carolina State,REG (Conf),W 59-52,,14,0,3,.000,0,0,,0,3,.000,.000,0,0,,0,0,0,1,1,0,1,2,0,-2.2,Charnise Tyler,https://www.sports-reference.com/cbb/players/charnise-tyler-1.html,north-carolina-at,2018-19
26,90,27,2019-02-25,North Carolina A&T,,Savannah State,REG (Conf),W 73-69,,25,1,7,.143,0,0,,1,7,.143,.143,1,4,.250,5,3,8,0,0,0,2,0,3,-0.3,Charnise Tyler,https://www.sports-reference.com/cbb/players/charnise-tyler-1.html,north-carolina-at,2018-19
27,91,28,2019-03-02,North Carolina A&T,,Florida A&M,REG (Conf),W 77-53,*,29,5,11,.455,0,1,.000,5,10,.500,.455,0,1,.000,2,0,2,2,1,0,1,2,10,5.9,Charnise Tyler,https://www.sports-reference.com/cbb/players/charnise-tyler-1.html,north-carolina-at,2018-19
28,92,29,2019-03-07,North Carolina A&T,,North Carolina Central,REG (Conf),W 86-52,,23,4,6,.667,0,1,.000,4,5,.800,.667,2,3,.667,2,3,5,0,1,1,2,3,10,7.8,Charnise Tyler,https://www.sports-reference.com/cbb/players/charnise-tyler-1.html,north-carolina-at,2018-19
29,93,30,2019-03-13,North Carolina A&T,,North Carolina Central,CTOURN,W 79-49,,15,5,6,.833,1,1,1.000,4,5,.800,.917,0,0,,0,4,4,0,0,0,1,4,11,7.4,Charnise Tyler,https://www.sports-reference.com/cbb/players/charnise-tyler-1.html,north-carolina-at,2018-19
30,94,31,2019-03-15,North Carolina A&T,,Norfolk State,CTOURN,L 43-60,,14,0,5,.000,0,1,.000,0,4,.000,.000,0,0,,0,3,3,0,0,0,1,0,0,-3.6,Charnise Tyler,https://www.sports-reference.com/cbb/players/charnise-tyler-1.html,north-carolina-at,2018-19
31,95,32,2019-03-22,North Carolina A&T,@,James Madison,WNIT,L 37-48,*,31,3,8,.375,0,0,,3,8,.375,.375,5,7,.714,2,8,10,0,1,0,2,2,11,7.8,Charnise Tyler,https://www.sports-reference.com/cbb/players/charnise-tyler-1.html,north-carolina-at,2018-19
