ranker,player_game_num_career,team_game_num_season,date,team_name_abbr,game_location,opp_name_abbr,game_type,game_result,is_starter,mp,fg,fga,fg_pct,fg3,fg3a,fg3_pct,fg2,fg2a,fg2_pct,efg_pct,ft,fta,ft_pct,orb,drb,trb,ast,stl,blk,tov,pf,pts,game_score,player_name,player_sr_link,school,season
1,65,1,2018-11-09,North Carolina A&T,,Morehead State,REG (Non-Conf),L 67-72,*,29,6,11,.545,2,3,.667,4,8,.500,.636,0,0,,0,4,4,3,4,0,1,1,14,14.6,Cinia McCray,https://www.sports-reference.com/cbb/players/cinia-mccray-1.html,north-carolina-at,2018-19
2,66,4,2018-11-20,North Carolina A&T,@,Virginia,REG (Non-Conf),L 57-67,*,34,1,17,.059,0,7,.000,1,10,.100,.059,1,2,.500,1,0,1,2,1,0,2,0,3,-7.8,Cinia McCray,https://www.sports-reference.com/cbb/players/cinia-mccray-1.html,north-carolina-at,2018-19
3,67,5,2018-11-24,North Carolina A&T,,Maine,REG (Non-Conf),L 52-58,*,25,4,11,.364,2,6,.333,2,5,.400,.455,0,0,,0,3,3,3,0,0,1,2,10,5.1,Cinia McCray,https://www.sports-reference.com/cbb/players/cinia-mccray-1.html,north-carolina-at,2018-19
4,68,6,2018-11-25,North Carolina A&T,@,Navy,REG (Non-Conf),L 49-72,*,29,4,9,.444,2,5,.400,2,4,.500,.556,1,4,.250,1,6,7,1,0,0,4,3,11,3.1,Cinia McCray,https://www.sports-reference.com/cbb/players/cinia-mccray-1.html,north-carolina-at,2018-19
5,69,7,2018-11-29,North Carolina A&T,@,Western Carolina,REG (Non-Conf),W 69-51,*,27,4,12,.333,3,9,.333,1,3,.333,.458,0,0,,1,0,1,3,0,0,2,1,11,4.6,Cinia McCray,https://www.sports-reference.com/cbb/players/cinia-mccray-1.html,north-carolina-at,2018-19
6,70,8,2018-12-11,North Carolina A&T,,Johnson C. Smith,REG (Non-Conf),L 50-53,*,30,2,10,.200,1,5,.200,1,5,.200,.250,1,2,.500,1,1,2,1,2,0,4,1,6,-1.3,Cinia McCray,https://www.sports-reference.com/cbb/players/cinia-mccray-1.html,north-carolina-at,2018-19
7,71,9,2018-12-13,North Carolina A&T,@,East Tennessee State,REG (Non-Conf),L 56-61,*,20,1,6,.167,0,3,.000,1,3,.333,.167,0,0,,1,2,3,1,1,0,2,4,2,-2.4,Cinia McCray,https://www.sports-reference.com/cbb/players/cinia-mccray-1.html,north-carolina-at,2018-19
8,72,10,2018-12-18,North Carolina A&T,@,Elon,REG (Non-Conf),L 64-73,*,37,4,12,.333,1,6,.167,3,6,.500,.375,2,2,1.000,3,1,4,0,1,0,4,1,11,3.2,Cinia McCray,https://www.sports-reference.com/cbb/players/cinia-mccray-1.html,north-carolina-at,2018-19
9,73,11,2018-12-21,North Carolina A&T,,VCU,REG (Non-Conf),L 48-54,*,38,2,11,.182,2,4,.500,0,7,.000,.273,3,4,.750,0,1,1,4,2,0,0,0,9,6.8,Cinia McCray,https://www.sports-reference.com/cbb/players/cinia-mccray-1.html,north-carolina-at,2018-19
10,74,12,2018-12-28,North Carolina A&T,@,Florida Atlantic,REG (Non-Conf),W 67-65,*,36,8,17,.471,3,8,.375,5,9,.556,.559,7,8,.875,2,1,3,4,1,0,2,1,26,20.0,Cinia McCray,https://www.sports-reference.com/cbb/players/cinia-mccray-1.html,north-carolina-at,2018-19
11,75,13,2018-12-29,North Carolina A&T,,Yale,REG (Non-Conf),L 49-59,*,36,7,14,.500,1,6,.167,6,8,.750,.536,6,9,.667,0,2,2,1,3,0,0,1,21,16.7,Cinia McCray,https://www.sports-reference.com/cbb/players/cinia-mccray-1.html,north-carolina-at,2018-19
12,76,14,2019-01-05,North Carolina A&T,@,South Carolina State,REG (Conf),W 58-44,*,32,3,8,.375,0,3,.000,3,5,.600,.375,2,2,1.000,0,4,4,1,0,0,3,3,8,1.3,Cinia McCray,https://www.sports-reference.com/cbb/players/cinia-mccray-1.html,north-carolina-at,2018-19
13,77,15,2019-01-12,North Carolina A&T,@,Delaware State,REG (Conf),W 67-47,*,35,7,14,.500,4,9,.444,3,5,.600,.643,5,9,.556,1,1,2,1,2,0,4,0,23,14.1,Cinia McCray,https://www.sports-reference.com/cbb/players/cinia-mccray-1.html,north-carolina-at,2018-19
14,78,19,2019-01-26,North Carolina A&T,@,North Carolina Central,REG (Conf),W 52-49,*,26,3,12,.250,1,4,.250,2,8,.250,.292,1,5,.200,2,2,4,1,2,0,3,3,8,-0.3,Cinia McCray,https://www.sports-reference.com/cbb/players/cinia-mccray-1.html,north-carolina-at,2018-19
15,79,20,2019-02-02,North Carolina A&T,@,Florida A&M,REG (Conf),W 56-48,*,13,3,6,.500,3,3,1.000,0,3,.000,.750,0,2,.000,2,1,3,0,0,0,3,4,9,2.3,Cinia McCray,https://www.sports-reference.com/cbb/players/cinia-mccray-1.html,north-carolina-at,2018-19
16,80,21,2019-02-04,North Carolina A&T,@,Bethune-Cookman,REG (Conf),W 72-48,*,35,7,15,.467,2,5,.400,5,10,.500,.533,2,3,.667,1,2,3,3,2,0,2,2,18,12.5,Cinia McCray,https://www.sports-reference.com/cbb/players/cinia-mccray-1.html,north-carolina-at,2018-19
17,81,22,2019-02-09,North Carolina A&T,,Delaware State,REG (Conf),W 72-49,*,31,4,14,.286,4,8,.500,0,6,.000,.429,0,0,,4,5,9,6,1,0,2,1,12,10.9,Cinia McCray,https://www.sports-reference.com/cbb/players/cinia-mccray-1.html,north-carolina-at,2018-19
18,82,23,2019-02-11,North Carolina A&T,,Maryland Eastern Shore,REG (Conf),W 70-58,*,37,5,14,.357,3,10,.300,2,4,.500,.464,11,11,1.000,3,3,6,2,1,0,2,1,24,19.2,Cinia McCray,https://www.sports-reference.com/cbb/players/cinia-mccray-1.html,north-carolina-at,2018-19
19,83,24,2019-02-16,North Carolina A&T,@,Howard,REG (Conf),W 63-58,*,32,9,13,.692,3,6,.500,6,7,.857,.808,1,2,.500,0,3,3,0,1,0,2,1,22,15.6,Cinia McCray,https://www.sports-reference.com/cbb/players/cinia-mccray-1.html,north-carolina-at,2018-19
20,84,25,2019-02-18,North Carolina A&T,@,Norfolk State,REG (Conf),W 49-44,*,31,1,7,.143,0,4,.000,1,3,.333,.143,0,0,,0,3,3,1,0,0,5,2,2,-6.7,Cinia McCray,https://www.sports-reference.com/cbb/players/cinia-mccray-1.html,north-carolina-at,2018-19
21,85,26,2019-02-23,North Carolina A&T,,South Carolina State,REG (Conf),W 59-52,*,20,4,9,.444,0,3,.000,4,6,.667,.444,0,0,,0,2,2,1,0,0,0,3,8,3.4,Cinia McCray,https://www.sports-reference.com/cbb/players/cinia-mccray-1.html,north-carolina-at,2018-19
22,86,27,2019-02-25,North Carolina A&T,,Savannah State,REG (Conf),W 73-69,*,29,5,13,.385,3,7,.429,2,6,.333,.500,2,2,1.000,2,4,6,1,0,0,3,2,15,7.4,Cinia McCray,https://www.sports-reference.com/cbb/players/cinia-mccray-1.html,north-carolina-at,2018-19
23,87,28,2019-03-02,North Carolina A&T,,Florida A&M,REG (Conf),W 77-53,*,34,7,15,.467,3,5,.600,4,10,.400,.567,1,2,.500,1,2,3,1,4,0,1,2,18,14.1,Cinia McCray,https://www.sports-reference.com/cbb/players/cinia-mccray-1.html,north-carolina-at,2018-19
24,88,29,2019-03-07,North Carolina A&T,,North Carolina Central,REG (Conf),W 86-52,*,28,6,12,.500,2,3,.667,4,9,.444,.583,2,5,.400,1,4,5,5,0,0,2,3,16,11.0,Cinia McCray,https://www.sports-reference.com/cbb/players/cinia-mccray-1.html,north-carolina-at,2018-19
25,89,30,2019-03-13,North Carolina A&T,,North Carolina Central,CTOURN,W 79-49,*,27,4,11,.364,3,7,.429,1,4,.250,.500,1,2,.500,1,4,5,2,0,0,4,1,12,4.4,Cinia McCray,https://www.sports-reference.com/cbb/players/cinia-mccray-1.html,north-carolina-at,2018-19
26,90,31,2019-03-15,North Carolina A&T,,Norfolk State,CTOURN,L 43-60,*,31,2,13,.154,1,7,.143,1,6,.167,.192,2,3,.667,0,2,2,3,1,0,1,2,7,0.2,Cinia McCray,https://www.sports-reference.com/cbb/players/cinia-mccray-1.html,north-carolina-at,2018-19
27,91,32,2019-03-22,North Carolina A&T,@,James Madison,WNIT,L 37-48,*,36,2,12,.167,2,9,.222,0,3,.000,.250,1,2,.500,0,4,4,1,0,0,3,1,7,-2.5,Cinia McCray,https://www.sports-reference.com/cbb/players/cinia-mccray-1.html,north-carolina-at,2018-19
