ranker,player_game_num_career,team_game_num_season,date,team_name_abbr,game_location,opp_name_abbr,game_type,game_result,is_starter,mp,fg,fga,fg_pct,fg3,fg3a,fg3_pct,fg2,fg2a,fg2_pct,efg_pct,ft,fta,ft_pct,orb,drb,trb,ast,stl,blk,tov,pf,pts,game_score,player_name,player_sr_link,school,season
1,1,7,2018-11-29,North Carolina A&T,@,Western Carolina,REG (Non-Conf),W 69-51,,21,1,5,.200,1,4,.250,0,1,.000,.300,0,0,,1,1,2,0,2,0,1,3,3,0.7,Kendra Ross,https://www.sports-reference.com/cbb/players/kendra-ross-1.html,north-carolina-at,2018-19
2,2,8,2018-12-11,North Carolina A&T,,Johnson C. Smith,REG (Non-Conf),L 50-53,,7,1,2,.500,0,1,.000,1,1,1.000,.500,0,0,,0,0,0,0,1,0,0,1,2,1.6,Kendra Ross,https://www.sports-reference.com/cbb/players/kendra-ross-1.html,north-carolina-at,2018-19
3,3,10,2018-12-18,North Carolina A&T,@,Elon,REG (Non-Conf),L 64-73,,11,0,1,.000,0,0,,0,1,.000,.000,3,4,.750,1,2,3,0,0,1,2,4,3,0.3,Kendra Ross,https://www.sports-reference.com/cbb/players/kendra-ross-1.html,north-carolina-at,2018-19
4,4,11,2018-12-21,North Carolina A&T,,VCU,REG (Non-Conf),L 48-54,,6,1,5,.200,0,3,.000,1,2,.500,.200,1,1,1.000,0,0,0,0,0,0,0,2,3,-0.9,Kendra Ross,https://www.sports-reference.com/cbb/players/kendra-ross-1.html,north-carolina-at,2018-19
5,5,12,2018-12-28,North Carolina A&T,@,Florida Atlantic,REG (Non-Conf),W 67-65,,0,0,0,,0,0,,0,0,,,0,0,,0,0,0,0,0,0,0,0,0,0.0,Kendra Ross,https://www.sports-reference.com/cbb/players/kendra-ross-1.html,north-carolina-at,2018-19
6,6,13,2018-12-29,North Carolina A&T,,Yale,REG (Non-Conf),L 49-59,,1,0,0,,0,0,,0,0,,,0,0,,0,0,0,0,0,0,0,0,0,0.0,Kendra Ross,https://www.sports-reference.com/cbb/players/kendra-ross-1.html,north-carolina-at,2018-19
7,7,16,2019-01-14,North Carolina A&T,@,Maryland Eastern Shore,REG (Conf),W 51-49,,2,1,1,1.000,0,0,,1,1,1.000,1.000,0,0,,0,0,0,0,0,0,0,1,2,1.3,Kendra Ross,https://www.sports-reference.com/cbb/players/kendra-ross-1.html,north-carolina-at,2018-19
8,8,17,2019-01-19,North Carolina A&T,,Morgan State,REG (Conf),W 62-29,,2,1,1,1.000,1,1,1.000,0,0,,1.500,0,0,,0,1,1,0,0,0,0,0,3,3.0,Kendra Ross,https://www.sports-reference.com/cbb/players/kendra-ross-1.html,north-carolina-at,2018-19
9,9,18,2019-01-21,North Carolina A&T,,Coppin State,REG (Conf),W 66-42,,2,0,0,,0,0,,0,0,,,1,2,.500,0,1,1,0,0,0,0,0,1,0.9,Kendra Ross,https://www.sports-reference.com/cbb/players/kendra-ross-1.html,north-carolina-at,2018-19
10,10,19,2019-01-26,North Carolina A&T,@,North Carolina Central,REG (Conf),W 52-49,,5,0,3,.000,0,1,.000,0,2,.000,.000,2,2,1.000,2,0,2,0,0,0,0,1,2,0.9,Kendra Ross,https://www.sports-reference.com/cbb/players/kendra-ross-1.html,north-carolina-at,2018-19
11,11,21,2019-02-04,North Carolina A&T,@,Bethune-Cookman,REG (Conf),W 72-48,,2,0,0,,0,0,,0,0,,,0,0,,0,1,1,0,0,1,0,1,0,0.6,Kendra Ross,https://www.sports-reference.com/cbb/players/kendra-ross-1.html,north-carolina-at,2018-19
12,12,22,2019-02-09,North Carolina A&T,,Delaware State,REG (Conf),W 72-49,,6,1,3,.333,0,0,,1,3,.333,.333,0,0,,1,1,2,0,1,0,1,0,2,1.3,Kendra Ross,https://www.sports-reference.com/cbb/players/kendra-ross-1.html,north-carolina-at,2018-19
13,13,26,2019-02-23,North Carolina A&T,,South Carolina State,REG (Conf),W 59-52,,4,0,3,.000,0,1,.000,0,2,.000,.000,0,0,,0,2,2,0,0,0,0,1,0,-1.9,Kendra Ross,https://www.sports-reference.com/cbb/players/kendra-ross-1.html,north-carolina-at,2018-19
14,14,27,2019-02-25,North Carolina A&T,,Savannah State,REG (Conf),W 73-69,,9,1,4,.250,0,1,.000,1,3,.333,.250,4,5,.800,1,3,4,0,0,0,2,1,6,2.4,Kendra Ross,https://www.sports-reference.com/cbb/players/kendra-ross-1.html,north-carolina-at,2018-19
15,15,28,2019-03-02,North Carolina A&T,,Florida A&M,REG (Conf),W 77-53,,3,0,2,.000,0,0,,0,2,.000,.000,0,0,,1,0,1,0,0,0,0,1,0,-1.1,Kendra Ross,https://www.sports-reference.com/cbb/players/kendra-ross-1.html,north-carolina-at,2018-19
16,16,29,2019-03-07,North Carolina A&T,,North Carolina Central,REG (Conf),W 86-52,,5,0,0,,0,0,,0,0,,,1,2,.500,0,1,1,0,0,0,1,3,1,-1.3,Kendra Ross,https://www.sports-reference.com/cbb/players/kendra-ross-1.html,north-carolina-at,2018-19
17,17,30,2019-03-13,North Carolina A&T,,North Carolina Central,CTOURN,W 79-49,,16,1,4,.250,0,1,.000,1,3,.333,.250,2,4,.500,3,1,4,0,0,0,2,2,4,0.4,Kendra Ross,https://www.sports-reference.com/cbb/players/kendra-ross-1.html,north-carolina-at,2018-19
18,18,31,2019-03-15,North Carolina A&T,,Norfolk State,CTOURN,L 43-60,,2,0,0,,0,0,,0,0,,,0,0,,0,1,1,0,0,0,0,0,0,0.3,Kendra Ross,https://www.sports-reference.com/cbb/players/kendra-ross-1.html,north-carolina-at,2018-19
