ranker,player_game_num_career,team_game_num_season,date,team_name_abbr,game_location,opp_name_abbr,game_type,game_result,is_starter,mp,fg,fga,fg_pct,fg3,fg3a,fg3_pct,fg2,fg2a,fg2_pct,efg_pct,ft,fta,ft_pct,orb,drb,trb,ast,stl,blk,tov,pf,pts,game_score,player_name,player_sr_link,school,season
1,62,1,2018-11-09,North Carolina A&T,,Morehead State,REG (Non-Conf),L 67-72,,20,1,5,.200,0,0,,1,5,.200,.200,2,4,.500,4,4,8,1,4,2,5,2,4,4.4,Le'on Hill,https://www.sports-reference.com/cbb/players/leon-hill-2.html,north-carolina-at,2018-19
2,63,2,2018-11-13,North Carolina A&T,,Akron,REG (Non-Conf),L 36-49,*,21,1,4,.250,0,0,,1,4,.250,.250,0,0,,2,3,5,0,0,1,1,1,2,1.2,Le'on Hill,https://www.sports-reference.com/cbb/players/leon-hill-2.html,north-carolina-at,2018-19
3,64,3,2018-11-16,North Carolina A&T,,Winston-Salem,REG (Non-Conf),W 60-56,*,30,3,6,.500,0,0,,3,6,.500,.500,0,0,,3,9,12,1,0,4,7,4,6,2.7,Le'on Hill,https://www.sports-reference.com/cbb/players/leon-hill-2.html,north-carolina-at,2018-19
4,65,4,2018-11-20,North Carolina A&T,@,Virginia,REG (Non-Conf),L 57-67,*,12,1,1,1.000,0,0,,1,1,1.000,1.000,1,2,.500,0,2,2,1,2,0,0,5,3,3.6,Le'on Hill,https://www.sports-reference.com/cbb/players/leon-hill-2.html,north-carolina-at,2018-19
5,66,5,2018-11-24,North Carolina A&T,,Maine,REG (Non-Conf),L 52-58,*,21,2,3,.667,0,0,,2,3,.667,.667,2,4,.500,1,1,2,1,1,0,1,4,6,4.0,Le'on Hill,https://www.sports-reference.com/cbb/players/leon-hill-2.html,north-carolina-at,2018-19
6,67,6,2018-11-25,North Carolina A&T,@,Navy,REG (Non-Conf),L 49-72,*,22,0,6,.000,0,0,,0,6,.000,.000,0,0,,4,3,7,2,1,2,3,4,0,-1.3,Le'on Hill,https://www.sports-reference.com/cbb/players/leon-hill-2.html,north-carolina-at,2018-19
7,68,8,2018-12-11,North Carolina A&T,,Johnson C. Smith,REG (Non-Conf),L 50-53,,23,0,2,.000,0,0,,0,2,.000,.000,1,2,.500,5,6,11,0,2,1,5,4,1,0.6,Le'on Hill,https://www.sports-reference.com/cbb/players/leon-hill-2.html,north-carolina-at,2018-19
8,69,9,2018-12-13,North Carolina A&T,@,East Tennessee State,REG (Non-Conf),L 56-61,,11,2,3,.667,0,0,,2,3,.667,.667,0,2,.000,3,2,5,0,2,1,2,4,4,3.7,Le'on Hill,https://www.sports-reference.com/cbb/players/leon-hill-2.html,north-carolina-at,2018-19
9,70,10,2018-12-18,North Carolina A&T,@,Elon,REG (Non-Conf),L 64-73,,23,0,1,.000,0,0,,0,1,.000,.000,2,4,.500,1,5,6,0,1,1,3,5,2,-0.6,Le'on Hill,https://www.sports-reference.com/cbb/players/leon-hill-2.html,north-carolina-at,2018-19
10,71,11,2018-12-21,North Carolina A&T,,VCU,REG (Non-Conf),L 48-54,,20,2,2,1.000,0,0,,2,2,1.000,1.000,3,6,.500,3,1,4,0,1,1,2,4,7,5.7,Le'on Hill,https://www.sports-reference.com/cbb/players/leon-hill-2.html,north-carolina-at,2018-19
11,72,12,2018-12-28,North Carolina A&T,@,Florida Atlantic,REG (Non-Conf),W 67-65,,23,2,2,1.000,0,0,,2,2,1.000,1.000,0,0,,2,5,7,2,1,0,3,5,4,3.7,Le'on Hill,https://www.sports-reference.com/cbb/players/leon-hill-2.html,north-carolina-at,2018-19
12,73,13,2018-12-29,North Carolina A&T,,Yale,REG (Non-Conf),L 49-59,,22,2,6,.333,0,0,,2,6,.333,.333,0,0,,1,1,2,0,1,0,2,4,4,-1.0,Le'on Hill,https://www.sports-reference.com/cbb/players/leon-hill-2.html,north-carolina-at,2018-19
13,74,14,2019-01-05,North Carolina A&T,@,South Carolina State,REG (Conf),W 58-44,,21,1,1,1.000,0,0,,1,1,1.000,1.000,2,2,1.000,3,3,6,1,0,0,2,3,4,4.2,Le'on Hill,https://www.sports-reference.com/cbb/players/leon-hill-2.html,north-carolina-at,2018-19
14,75,15,2019-01-12,North Carolina A&T,@,Delaware State,REG (Conf),W 67-47,,20,3,6,.500,0,0,,3,6,.500,.500,0,2,.000,2,4,6,0,1,0,0,5,6,3.8,Le'on Hill,https://www.sports-reference.com/cbb/players/leon-hill-2.html,north-carolina-at,2018-19
15,76,16,2019-01-14,North Carolina A&T,@,Maryland Eastern Shore,REG (Conf),W 51-49,,26,1,2,.500,0,0,,1,2,.500,.500,0,0,,3,5,8,1,1,1,4,2,2,2.2,Le'on Hill,https://www.sports-reference.com/cbb/players/leon-hill-2.html,north-carolina-at,2018-19
16,77,17,2019-01-19,North Carolina A&T,,Morgan State,REG (Conf),W 62-29,,17,1,4,.250,0,0,,1,4,.250,.250,1,2,.500,2,4,6,0,1,1,1,3,3,2.3,Le'on Hill,https://www.sports-reference.com/cbb/players/leon-hill-2.html,north-carolina-at,2018-19
17,78,18,2019-01-21,North Carolina A&T,,Coppin State,REG (Conf),W 66-42,,18,3,4,.750,0,0,,3,4,.750,.750,0,0,,0,2,2,0,3,0,2,1,6,5.6,Le'on Hill,https://www.sports-reference.com/cbb/players/leon-hill-2.html,north-carolina-at,2018-19
18,79,19,2019-01-26,North Carolina A&T,@,North Carolina Central,REG (Conf),W 52-49,,26,0,4,.000,0,0,,0,4,.000,.000,1,2,.500,3,2,5,2,1,1,0,2,1,2.8,Le'on Hill,https://www.sports-reference.com/cbb/players/leon-hill-2.html,north-carolina-at,2018-19
19,80,20,2019-02-02,North Carolina A&T,@,Florida A&M,REG (Conf),W 56-48,,14,1,2,.500,0,0,,1,2,.500,.500,0,0,,1,4,5,1,0,0,0,4,2,2.0,Le'on Hill,https://www.sports-reference.com/cbb/players/leon-hill-2.html,north-carolina-at,2018-19
20,81,21,2019-02-04,North Carolina A&T,@,Bethune-Cookman,REG (Conf),W 72-48,,21,2,3,.667,0,0,,2,3,.667,.667,0,0,,2,2,4,1,2,3,1,2,4,7.7,Le'on Hill,https://www.sports-reference.com/cbb/players/leon-hill-2.html,north-carolina-at,2018-19
21,82,22,2019-02-09,North Carolina A&T,,Delaware State,REG (Conf),W 72-49,*,15,2,6,.333,0,0,,2,6,.333,.333,0,2,.000,2,0,2,1,3,0,2,5,4,0.9,Le'on Hill,https://www.sports-reference.com/cbb/players/leon-hill-2.html,north-carolina-at,2018-19
22,83,23,2019-02-11,North Carolina A&T,,Maryland Eastern Shore,REG (Conf),W 70-58,*,30,6,11,.545,0,1,.000,6,10,.600,.545,2,4,.500,1,11,12,0,1,4,3,4,14,11.1,Le'on Hill,https://www.sports-reference.com/cbb/players/leon-hill-2.html,north-carolina-at,2018-19
23,84,24,2019-02-16,North Carolina A&T,@,Howard,REG (Conf),W 63-58,*,16,0,8,.000,0,0,,0,8,.000,.000,1,2,.500,1,3,4,1,1,3,2,4,1,-3.2,Le'on Hill,https://www.sports-reference.com/cbb/players/leon-hill-2.html,north-carolina-at,2018-19
24,85,25,2019-02-18,North Carolina A&T,@,Norfolk State,REG (Conf),W 49-44,*,13,0,0,,0,0,,0,0,,,0,0,,1,2,3,0,0,0,4,3,0,-3.9,Le'on Hill,https://www.sports-reference.com/cbb/players/leon-hill-2.html,north-carolina-at,2018-19
25,86,26,2019-02-23,North Carolina A&T,,South Carolina State,REG (Conf),W 59-52,*,17,0,0,,0,0,,0,0,,,1,2,.500,1,2,3,0,2,0,1,5,1,0.9,Le'on Hill,https://www.sports-reference.com/cbb/players/leon-hill-2.html,north-carolina-at,2018-19
26,87,27,2019-02-25,North Carolina A&T,,Savannah State,REG (Conf),W 73-69,*,25,2,5,.400,0,0,,2,5,.400,.400,6,7,.857,3,7,10,0,2,0,2,2,10,10.3,Le'on Hill,https://www.sports-reference.com/cbb/players/leon-hill-2.html,north-carolina-at,2018-19
27,88,28,2019-03-02,North Carolina A&T,,Florida A&M,REG (Conf),W 77-53,*,29,4,6,.667,0,0,,4,6,.667,.667,1,2,.500,2,3,5,3,1,2,2,2,9,10.0,Le'on Hill,https://www.sports-reference.com/cbb/players/leon-hill-2.html,north-carolina-at,2018-19
28,89,29,2019-03-07,North Carolina A&T,,North Carolina Central,REG (Conf),W 86-52,*,30,1,3,.333,0,0,,1,3,.333,.333,4,6,.667,1,5,6,2,1,1,2,4,6,5.2,Le'on Hill,https://www.sports-reference.com/cbb/players/leon-hill-2.html,north-carolina-at,2018-19
29,90,30,2019-03-13,North Carolina A&T,,North Carolina Central,CTOURN,W 79-49,*,22,3,4,.750,0,0,,3,4,.750,.750,3,6,.500,2,4,6,1,0,1,0,3,9,9.0,Le'on Hill,https://www.sports-reference.com/cbb/players/leon-hill-2.html,north-carolina-at,2018-19
30,91,31,2019-03-15,North Carolina A&T,,Norfolk State,CTOURN,L 43-60,*,36,0,3,.000,0,0,,0,3,.000,.000,0,0,,1,2,3,3,0,3,1,2,0,1.6,Le'on Hill,https://www.sports-reference.com/cbb/players/leon-hill-2.html,north-carolina-at,2018-19
31,92,32,2019-03-22,North Carolina A&T,@,James Madison,WNIT,L 37-48,*,28,2,6,.333,0,0,,2,6,.333,.333,1,1,1.000,4,7,11,0,0,2,2,5,5,3.9,Le'on Hill,https://www.sports-reference.com/cbb/players/leon-hill-2.html,north-carolina-at,2018-19
