ranker,player_game_num_career,team_game_num_season,date,team_name_abbr,game_location,opp_name_abbr,game_type,game_result,is_starter,mp,fg,fga,fg_pct,fg3,fg3a,fg3_pct,fg2,fg2a,fg2_pct,efg_pct,ft,fta,ft_pct,orb,drb,trb,ast,stl,blk,tov,pf,pts,game_score,player_name,player_sr_link,school,season
1,30,1,2018-11-09,North Carolina A&T,,Morehead State,REG (Non-Conf),L 67-72,,7,1,2,.500,0,1,.000,1,1,1.000,.500,2,2,1.000,0,2,2,0,1,0,3,2,4,0.8,Mikaya Wilson,https://www.sports-reference.com/cbb/players/mikaya-wilson-1.html,north-carolina-at,2018-19
2,31,2,2018-11-13,North Carolina A&T,,Akron,REG (Non-Conf),L 36-49,,21,1,4,.250,0,1,.000,1,3,.333,.250,0,0,,0,5,5,3,1,1,3,3,2,0.7,Mikaya Wilson,https://www.sports-reference.com/cbb/players/mikaya-wilson-1.html,north-carolina-at,2018-19
3,32,3,2018-11-16,North Carolina A&T,,Winston-Salem,REG (Non-Conf),W 60-56,,19,2,3,.667,0,0,,2,3,.667,.667,0,2,.000,2,3,5,5,3,2,1,3,4,9.9,Mikaya Wilson,https://www.sports-reference.com/cbb/players/mikaya-wilson-1.html,north-carolina-at,2018-19
4,33,4,2018-11-20,North Carolina A&T,@,Virginia,REG (Non-Conf),L 57-67,*,21,4,6,.667,1,1,1.000,3,5,.600,.750,0,0,,1,3,4,1,2,0,3,1,9,7.3,Mikaya Wilson,https://www.sports-reference.com/cbb/players/mikaya-wilson-1.html,north-carolina-at,2018-19
5,34,5,2018-11-24,North Carolina A&T,,Maine,REG (Non-Conf),L 52-58,*,12,0,0,,0,0,,0,0,,,1,2,.500,0,3,3,2,0,0,2,3,1,-0.3,Mikaya Wilson,https://www.sports-reference.com/cbb/players/mikaya-wilson-1.html,north-carolina-at,2018-19
6,35,6,2018-11-25,North Carolina A&T,@,Navy,REG (Non-Conf),L 49-72,*,14,2,2,1.000,0,0,,2,2,1.000,1.000,0,0,,0,0,0,0,1,1,2,3,4,1.9,Mikaya Wilson,https://www.sports-reference.com/cbb/players/mikaya-wilson-1.html,north-carolina-at,2018-19
7,36,7,2018-11-29,North Carolina A&T,@,Western Carolina,REG (Non-Conf),W 69-51,,21,0,2,.000,0,0,,0,2,.000,.000,1,2,.500,0,3,3,3,1,0,1,2,1,1.4,Mikaya Wilson,https://www.sports-reference.com/cbb/players/mikaya-wilson-1.html,north-carolina-at,2018-19
8,37,8,2018-12-11,North Carolina A&T,,Johnson C. Smith,REG (Non-Conf),L 50-53,,12,0,1,.000,0,0,,0,1,.000,.000,0,0,,1,1,2,0,0,0,2,3,0,-2.9,Mikaya Wilson,https://www.sports-reference.com/cbb/players/mikaya-wilson-1.html,north-carolina-at,2018-19
9,38,9,2018-12-13,North Carolina A&T,@,East Tennessee State,REG (Non-Conf),L 56-61,*,21,0,3,.000,0,0,,0,3,.000,.000,0,0,,0,3,3,0,1,0,3,0,0,-3.2,Mikaya Wilson,https://www.sports-reference.com/cbb/players/mikaya-wilson-1.html,north-carolina-at,2018-19
10,39,12,2018-12-28,North Carolina A&T,@,Florida Atlantic,REG (Non-Conf),W 67-65,*,14,0,2,.000,0,0,,0,2,.000,.000,0,0,,0,0,0,1,0,0,1,4,0,-3.3,Mikaya Wilson,https://www.sports-reference.com/cbb/players/mikaya-wilson-1.html,north-carolina-at,2018-19
11,40,13,2018-12-29,North Carolina A&T,,Yale,REG (Non-Conf),L 49-59,*,17,0,1,.000,0,0,,0,1,.000,.000,0,0,,1,4,5,3,1,0,3,2,0,0.5,Mikaya Wilson,https://www.sports-reference.com/cbb/players/mikaya-wilson-1.html,north-carolina-at,2018-19
12,41,14,2019-01-05,North Carolina A&T,@,South Carolina State,REG (Conf),W 58-44,*,25,2,6,.333,0,1,.000,2,5,.400,.333,1,1,1.000,0,2,2,2,1,0,3,0,5,1.6,Mikaya Wilson,https://www.sports-reference.com/cbb/players/mikaya-wilson-1.html,north-carolina-at,2018-19
13,42,15,2019-01-12,North Carolina A&T,@,Delaware State,REG (Conf),W 67-47,*,28,2,4,.500,0,0,,2,4,.500,.500,2,2,1.000,0,5,5,4,0,0,1,3,6,6.1,Mikaya Wilson,https://www.sports-reference.com/cbb/players/mikaya-wilson-1.html,north-carolina-at,2018-19
14,43,16,2019-01-14,North Carolina A&T,@,Maryland Eastern Shore,REG (Conf),W 51-49,*,25,1,3,.333,0,1,.000,1,2,.500,.333,1,2,.500,1,4,5,6,5,0,3,1,3,8.6,Mikaya Wilson,https://www.sports-reference.com/cbb/players/mikaya-wilson-1.html,north-carolina-at,2018-19
15,44,17,2019-01-19,North Carolina A&T,,Morgan State,REG (Conf),W 62-29,*,17,1,3,.333,0,1,.000,1,2,.500,.333,2,2,1.000,1,3,4,1,0,0,5,2,4,-1.2,Mikaya Wilson,https://www.sports-reference.com/cbb/players/mikaya-wilson-1.html,north-carolina-at,2018-19
16,45,18,2019-01-21,North Carolina A&T,,Coppin State,REG (Conf),W 66-42,*,19,1,2,.500,0,1,.000,1,1,1.000,.500,0,0,,0,1,1,3,0,1,0,2,2,3.3,Mikaya Wilson,https://www.sports-reference.com/cbb/players/mikaya-wilson-1.html,north-carolina-at,2018-19
17,46,19,2019-01-26,North Carolina A&T,@,North Carolina Central,REG (Conf),W 52-49,*,16,1,4,.250,0,0,,1,4,.250,.250,1,2,.500,1,3,4,3,1,0,2,3,3,1.7,Mikaya Wilson,https://www.sports-reference.com/cbb/players/mikaya-wilson-1.html,north-carolina-at,2018-19
18,47,20,2019-02-02,North Carolina A&T,@,Florida A&M,REG (Conf),W 56-48,*,21,1,4,.250,1,2,.500,0,2,.000,.375,2,2,1.000,1,1,2,2,0,0,2,1,5,2.6,Mikaya Wilson,https://www.sports-reference.com/cbb/players/mikaya-wilson-1.html,north-carolina-at,2018-19
19,48,21,2019-02-04,North Carolina A&T,@,Bethune-Cookman,REG (Conf),W 72-48,*,23,4,7,.571,0,0,,4,7,.571,.571,0,0,,0,4,4,9,3,0,2,1,8,12.8,Mikaya Wilson,https://www.sports-reference.com/cbb/players/mikaya-wilson-1.html,north-carolina-at,2018-19
20,49,22,2019-02-09,North Carolina A&T,,Delaware State,REG (Conf),W 72-49,*,15,2,2,1.000,0,0,,2,2,1.000,1.000,0,0,,2,1,3,2,1,0,2,0,4,5.5,Mikaya Wilson,https://www.sports-reference.com/cbb/players/mikaya-wilson-1.html,north-carolina-at,2018-19
21,50,23,2019-02-11,North Carolina A&T,,Maryland Eastern Shore,REG (Conf),W 70-58,*,16,1,1,1.000,0,0,,1,1,1.000,1.000,1,2,.500,0,0,0,3,0,1,1,4,3,2.5,Mikaya Wilson,https://www.sports-reference.com/cbb/players/mikaya-wilson-1.html,north-carolina-at,2018-19
22,51,24,2019-02-16,North Carolina A&T,@,Howard,REG (Conf),W 63-58,*,23,2,4,.500,0,0,,2,4,.500,.500,0,0,,1,1,2,3,3,1,2,5,4,4.8,Mikaya Wilson,https://www.sports-reference.com/cbb/players/mikaya-wilson-1.html,north-carolina-at,2018-19
23,52,25,2019-02-18,North Carolina A&T,@,Norfolk State,REG (Conf),W 49-44,*,20,3,6,.500,0,1,.000,3,5,.600,.500,2,4,.500,0,2,2,4,1,0,0,2,8,7.8,Mikaya Wilson,https://www.sports-reference.com/cbb/players/mikaya-wilson-1.html,north-carolina-at,2018-19
24,53,26,2019-02-23,North Carolina A&T,,South Carolina State,REG (Conf),W 59-52,*,30,3,6,.500,1,1,1.000,2,5,.400,.583,1,2,.500,2,3,5,4,2,0,3,2,8,7.9,Mikaya Wilson,https://www.sports-reference.com/cbb/players/mikaya-wilson-1.html,north-carolina-at,2018-19
25,54,27,2019-02-25,North Carolina A&T,,Savannah State,REG (Conf),W 73-69,*,13,0,2,.000,0,0,,0,2,.000,.000,2,2,1.000,1,2,3,2,0,0,3,3,2,-0.9,Mikaya Wilson,https://www.sports-reference.com/cbb/players/mikaya-wilson-1.html,north-carolina-at,2018-19
26,55,28,2019-03-02,North Carolina A&T,,Florida A&M,REG (Conf),W 77-53,*,27,7,9,.778,0,0,,7,9,.778,.778,4,4,1.000,3,4,7,3,2,0,2,2,18,19.1,Mikaya Wilson,https://www.sports-reference.com/cbb/players/mikaya-wilson-1.html,north-carolina-at,2018-19
27,56,29,2019-03-07,North Carolina A&T,,North Carolina Central,REG (Conf),W 86-52,*,20,2,4,.500,0,0,,2,4,.500,.500,3,4,.750,0,6,6,7,1,0,3,0,7,9.3,Mikaya Wilson,https://www.sports-reference.com/cbb/players/mikaya-wilson-1.html,north-carolina-at,2018-19
28,57,30,2019-03-13,North Carolina A&T,,North Carolina Central,CTOURN,W 79-49,*,15,2,4,.500,0,0,,2,4,.500,.500,0,0,,0,0,0,5,2,0,3,3,4,3.3,Mikaya Wilson,https://www.sports-reference.com/cbb/players/mikaya-wilson-1.html,north-carolina-at,2018-19
29,58,31,2019-03-15,North Carolina A&T,,Norfolk State,CTOURN,L 43-60,*,22,1,2,.500,0,1,.000,1,1,1.000,.500,0,0,,0,4,4,5,0,0,3,2,2,1.9,Mikaya Wilson,https://www.sports-reference.com/cbb/players/mikaya-wilson-1.html,north-carolina-at,2018-19
30,59,32,2019-03-22,North Carolina A&T,@,James Madison,WNIT,L 37-48,*,18,1,4,.250,0,1,.000,1,3,.333,.250,0,0,,0,0,0,1,0,0,5,4,2,-6.3,Mikaya Wilson,https://www.sports-reference.com/cbb/players/mikaya-wilson-1.html,north-carolina-at,2018-19
