ranker,player_game_num_career,team_game_num_season,date,team_name_abbr,game_location,opp_name_abbr,game_type,game_result,is_starter,mp,fg,fga,fg_pct,fg3,fg3a,fg3_pct,fg2,fg2a,fg2_pct,efg_pct,ft,fta,ft_pct,orb,drb,trb,ast,stl,blk,tov,pf,pts,game_score,player_name,player_sr_link,school,season
1,1,1,2018-11-09,North Carolina A&T,,Morehead State,REG (Non-Conf),L 67-72,,18,2,4,.500,1,1,1.000,1,3,.333,.625,0,2,.000,0,1,1,0,0,0,1,1,5,1.1,Rayven Peeples,https://www.sports-reference.com/cbb/players/rayven-peeples-1.html,north-carolina-at,2018-19
2,2,2,2018-11-13,North Carolina A&T,,Akron,REG (Non-Conf),L 36-49,,19,1,2,.500,0,0,,1,2,.500,.500,0,0,,1,2,3,0,0,0,0,1,2,1.9,Rayven Peeples,https://www.sports-reference.com/cbb/players/rayven-peeples-1.html,north-carolina-at,2018-19
3,3,3,2018-11-16,North Carolina A&T,,Winston-Salem,REG (Non-Conf),W 60-56,,10,0,1,.000,0,0,,0,1,.000,.000,0,2,.000,2,1,3,0,0,0,0,2,0,-0.6,Rayven Peeples,https://www.sports-reference.com/cbb/players/rayven-peeples-1.html,north-carolina-at,2018-19
4,4,4,2018-11-20,North Carolina A&T,@,Virginia,REG (Non-Conf),L 57-67,,20,2,6,.333,0,1,.000,2,5,.400,.333,1,2,.500,1,2,3,0,0,0,1,0,5,1.5,Rayven Peeples,https://www.sports-reference.com/cbb/players/rayven-peeples-1.html,north-carolina-at,2018-19
5,5,5,2018-11-24,North Carolina A&T,,Maine,REG (Non-Conf),L 52-58,,16,2,3,.667,0,0,,2,3,.667,.667,1,2,.500,3,2,5,1,0,0,3,2,5,2.9,Rayven Peeples,https://www.sports-reference.com/cbb/players/rayven-peeples-1.html,north-carolina-at,2018-19
6,6,6,2018-11-25,North Carolina A&T,@,Navy,REG (Non-Conf),L 49-72,,18,2,6,.333,0,0,,2,6,.333,.333,0,0,,4,1,5,0,0,0,2,0,4,1.7,Rayven Peeples,https://www.sports-reference.com/cbb/players/rayven-peeples-1.html,north-carolina-at,2018-19
7,7,7,2018-11-29,North Carolina A&T,@,Western Carolina,REG (Non-Conf),W 69-51,*,36,6,12,.500,0,0,,6,12,.500,.500,1,2,.500,3,8,11,1,3,0,1,0,13,13.8,Rayven Peeples,https://www.sports-reference.com/cbb/players/rayven-peeples-1.html,north-carolina-at,2018-19
8,8,8,2018-12-11,North Carolina A&T,,Johnson C. Smith,REG (Non-Conf),L 50-53,*,26,3,4,.750,0,0,,3,4,.750,.750,2,2,1.000,1,3,4,0,0,0,3,1,8,4.6,Rayven Peeples,https://www.sports-reference.com/cbb/players/rayven-peeples-1.html,north-carolina-at,2018-19
9,9,9,2018-12-13,North Carolina A&T,@,East Tennessee State,REG (Non-Conf),L 56-61,*,36,7,12,.583,0,2,.000,7,10,.700,.583,4,5,.800,4,6,10,0,3,1,3,2,18,16.5,Rayven Peeples,https://www.sports-reference.com/cbb/players/rayven-peeples-1.html,north-carolina-at,2018-19
10,10,10,2018-12-18,North Carolina A&T,@,Elon,REG (Non-Conf),L 64-73,*,13,2,3,.667,0,1,.000,2,2,1.000,.667,0,5,.000,4,2,6,0,0,0,0,5,4,2.1,Rayven Peeples,https://www.sports-reference.com/cbb/players/rayven-peeples-1.html,north-carolina-at,2018-19
11,11,11,2018-12-21,North Carolina A&T,,VCU,REG (Non-Conf),L 48-54,*,23,4,4,1.000,1,1,1.000,3,3,1.000,1.125,1,1,1.000,0,6,6,0,0,0,2,4,10,7.0,Rayven Peeples,https://www.sports-reference.com/cbb/players/rayven-peeples-1.html,north-carolina-at,2018-19
12,12,12,2018-12-28,North Carolina A&T,@,Florida Atlantic,REG (Non-Conf),W 67-65,*,36,6,8,.750,0,1,.000,6,7,.857,.750,1,2,.500,5,3,8,2,0,0,1,1,13,13.8,Rayven Peeples,https://www.sports-reference.com/cbb/players/rayven-peeples-1.html,north-carolina-at,2018-19
13,13,13,2018-12-29,North Carolina A&T,,Yale,REG (Non-Conf),L 49-59,*,34,2,10,.200,0,0,,2,10,.200,.200,0,2,.000,6,6,12,1,4,0,3,2,4,3.9,Rayven Peeples,https://www.sports-reference.com/cbb/players/rayven-peeples-1.html,north-carolina-at,2018-19
14,14,14,2019-01-05,North Carolina A&T,@,South Carolina State,REG (Conf),W 58-44,*,19,4,4,1.000,0,0,,4,4,1.000,1.000,2,6,.333,1,3,4,1,0,0,2,1,10,7.1,Rayven Peeples,https://www.sports-reference.com/cbb/players/rayven-peeples-1.html,north-carolina-at,2018-19
15,15,15,2019-01-12,North Carolina A&T,@,Delaware State,REG (Conf),W 67-47,*,20,7,11,.636,0,0,,7,11,.636,.636,3,4,.750,5,3,8,2,0,0,2,2,17,14.7,Rayven Peeples,https://www.sports-reference.com/cbb/players/rayven-peeples-1.html,north-carolina-at,2018-19
16,16,17,2019-01-19,North Carolina A&T,,Morgan State,REG (Conf),W 62-29,*,23,4,6,.667,0,0,,4,6,.667,.667,0,0,,1,1,2,0,1,1,0,1,8,7.7,Rayven Peeples,https://www.sports-reference.com/cbb/players/rayven-peeples-1.html,north-carolina-at,2018-19
17,17,18,2019-01-21,North Carolina A&T,,Coppin State,REG (Conf),W 66-42,*,24,0,3,.000,0,0,,0,3,.000,.000,0,2,.000,1,5,6,0,0,0,2,1,0,-3.1,Rayven Peeples,https://www.sports-reference.com/cbb/players/rayven-peeples-1.html,north-carolina-at,2018-19
18,18,19,2019-01-26,North Carolina A&T,@,North Carolina Central,REG (Conf),W 52-49,*,29,3,5,.600,0,0,,3,5,.600,.600,1,6,.167,7,3,10,0,0,0,3,0,7,5.5,Rayven Peeples,https://www.sports-reference.com/cbb/players/rayven-peeples-1.html,north-carolina-at,2018-19
19,19,20,2019-02-02,North Carolina A&T,@,Florida A&M,REG (Conf),W 56-48,*,32,4,11,.364,0,1,.000,4,10,.400,.364,1,2,.500,5,7,12,1,0,0,2,0,9,6.8,Rayven Peeples,https://www.sports-reference.com/cbb/players/rayven-peeples-1.html,north-carolina-at,2018-19
20,20,21,2019-02-04,North Carolina A&T,@,Bethune-Cookman,REG (Conf),W 72-48,*,24,3,7,.429,0,1,.000,3,6,.500,.429,2,2,1.000,2,3,5,0,0,3,2,2,8,5.9,Rayven Peeples,https://www.sports-reference.com/cbb/players/rayven-peeples-1.html,north-carolina-at,2018-19
21,21,22,2019-02-09,North Carolina A&T,,Delaware State,REG (Conf),W 72-49,,23,2,6,.333,0,0,,2,6,.333,.333,0,4,.000,3,4,7,1,0,1,2,3,4,0.5,Rayven Peeples,https://www.sports-reference.com/cbb/players/rayven-peeples-1.html,north-carolina-at,2018-19
22,22,23,2019-02-11,North Carolina A&T,,Maryland Eastern Shore,REG (Conf),W 70-58,,13,0,1,.000,0,0,,0,1,.000,.000,3,4,.750,5,3,8,0,0,0,3,0,3,3.3,Rayven Peeples,https://www.sports-reference.com/cbb/players/rayven-peeples-1.html,north-carolina-at,2018-19
23,23,24,2019-02-16,North Carolina A&T,@,Howard,REG (Conf),W 63-58,,24,2,8,.250,0,0,,2,8,.250,.250,0,0,,5,5,10,0,0,0,2,2,4,1.4,Rayven Peeples,https://www.sports-reference.com/cbb/players/rayven-peeples-1.html,north-carolina-at,2018-19
24,24,25,2019-02-18,North Carolina A&T,@,Norfolk State,REG (Conf),W 49-44,,26,2,4,.500,0,0,,2,4,.500,.500,0,2,.000,1,2,3,0,0,0,2,2,4,-0.3,Rayven Peeples,https://www.sports-reference.com/cbb/players/rayven-peeples-1.html,north-carolina-at,2018-19
