ranker,player_game_num_career,team_game_num_season,date,team_name_abbr,game_location,opp_name_abbr,game_type,game_result,is_starter,mp,fg,fga,fg_pct,fg3,fg3a,fg3_pct,fg2,fg2a,fg2_pct,efg_pct,ft,fta,ft_pct,orb,drb,trb,ast,stl,blk,tov,pf,pts,game_score,player_name,player_sr_link,school,season
1,64,1,2018-11-09,North Carolina A&T,,Morehead State,REG (Non-Conf),L 67-72,*,32,4,6,.667,1,1,1.000,3,5,.600,.750,5,9,.556,0,0,0,4,2,0,4,5,14,8.6,Shantell Bostick,https://www.sports-reference.com/cbb/players/shantell-bostick-1.html,north-carolina-at,2018-19
2,65,2,2018-11-13,North Carolina A&T,,Akron,REG (Non-Conf),L 36-49,*,19,1,4,.250,0,0,,1,4,.250,.250,0,0,,0,2,2,2,1,1,4,4,2,-2.3,Shantell Bostick,https://www.sports-reference.com/cbb/players/shantell-bostick-1.html,north-carolina-at,2018-19
3,66,3,2018-11-16,North Carolina A&T,,Winston-Salem,REG (Non-Conf),W 60-56,*,25,2,7,.286,0,2,.000,2,5,.400,.286,0,8,.000,0,1,1,5,1,0,4,0,4,-2.5,Shantell Bostick,https://www.sports-reference.com/cbb/players/shantell-bostick-1.html,north-carolina-at,2018-19
4,67,4,2018-11-20,North Carolina A&T,@,Virginia,REG (Non-Conf),L 57-67,,21,0,1,.000,0,0,,0,1,.000,.000,2,2,1.000,1,1,2,8,1,0,2,2,2,6.1,Shantell Bostick,https://www.sports-reference.com/cbb/players/shantell-bostick-1.html,north-carolina-at,2018-19
5,68,5,2018-11-24,North Carolina A&T,,Maine,REG (Non-Conf),L 52-58,,21,0,1,.000,0,0,,0,1,.000,.000,2,2,1.000,0,1,1,2,0,0,2,1,2,0.6,Shantell Bostick,https://www.sports-reference.com/cbb/players/shantell-bostick-1.html,north-carolina-at,2018-19
6,69,6,2018-11-25,North Carolina A&T,@,Navy,REG (Non-Conf),L 49-72,,26,0,2,.000,0,0,,0,2,.000,.000,1,2,.500,0,1,1,2,2,0,3,2,1,-0.9,Shantell Bostick,https://www.sports-reference.com/cbb/players/shantell-bostick-1.html,north-carolina-at,2018-19
7,70,7,2018-11-29,North Carolina A&T,@,Western Carolina,REG (Non-Conf),W 69-51,*,21,2,3,.667,0,0,,2,3,.667,.667,3,4,.750,1,2,3,3,2,0,1,1,7,9.3,Shantell Bostick,https://www.sports-reference.com/cbb/players/shantell-bostick-1.html,north-carolina-at,2018-19
8,71,8,2018-12-11,North Carolina A&T,,Johnson C. Smith,REG (Non-Conf),L 50-53,*,30,1,8,.125,0,0,,1,8,.125,.125,0,1,.000,1,0,1,4,1,0,4,1,2,-3.5,Shantell Bostick,https://www.sports-reference.com/cbb/players/shantell-bostick-1.html,north-carolina-at,2018-19
9,72,9,2018-12-13,North Carolina A&T,@,East Tennessee State,REG (Non-Conf),L 56-61,,19,1,5,.200,0,0,,1,5,.200,.200,2,2,1.000,0,3,3,2,0,0,3,3,4,-1.0,Shantell Bostick,https://www.sports-reference.com/cbb/players/shantell-bostick-1.html,north-carolina-at,2018-19
10,73,10,2018-12-18,North Carolina A&T,@,Elon,REG (Non-Conf),L 64-73,*,36,4,7,.571,0,1,.000,4,6,.667,.571,1,3,.333,0,5,5,3,1,0,2,2,9,6.7,Shantell Bostick,https://www.sports-reference.com/cbb/players/shantell-bostick-1.html,north-carolina-at,2018-19
11,74,11,2018-12-21,North Carolina A&T,,VCU,REG (Non-Conf),L 48-54,*,35,0,4,.000,0,2,.000,0,2,.000,.000,1,4,.250,1,4,5,3,1,0,1,0,1,1.0,Shantell Bostick,https://www.sports-reference.com/cbb/players/shantell-bostick-1.html,north-carolina-at,2018-19
12,75,12,2018-12-28,North Carolina A&T,@,Florida Atlantic,REG (Non-Conf),W 67-65,,22,0,1,.000,0,0,,0,1,.000,.000,1,6,.167,0,1,1,2,0,0,1,4,1,-2.6,Shantell Bostick,https://www.sports-reference.com/cbb/players/shantell-bostick-1.html,north-carolina-at,2018-19
13,76,13,2018-12-29,North Carolina A&T,,Yale,REG (Non-Conf),L 49-59,,19,0,2,.000,0,1,.000,0,1,.000,.000,0,0,,0,0,0,0,0,0,3,2,0,-5.2,Shantell Bostick,https://www.sports-reference.com/cbb/players/shantell-bostick-1.html,north-carolina-at,2018-19
14,77,14,2019-01-05,North Carolina A&T,@,South Carolina State,REG (Conf),W 58-44,,15,3,5,.600,0,0,,3,5,.600,.600,1,3,.333,0,2,2,3,0,0,1,2,7,4.8,Shantell Bostick,https://www.sports-reference.com/cbb/players/shantell-bostick-1.html,north-carolina-at,2018-19
15,78,15,2019-01-12,North Carolina A&T,@,Delaware State,REG (Conf),W 67-47,,10,0,0,,0,0,,0,0,,,0,0,,1,3,4,0,0,0,1,2,0,-0.2,Shantell Bostick,https://www.sports-reference.com/cbb/players/shantell-bostick-1.html,north-carolina-at,2018-19
16,79,16,2019-01-14,North Carolina A&T,@,Maryland Eastern Shore,REG (Conf),W 51-49,,17,2,5,.400,0,0,,2,5,.400,.400,0,0,,0,2,2,0,1,0,2,1,4,0.5,Shantell Bostick,https://www.sports-reference.com/cbb/players/shantell-bostick-1.html,north-carolina-at,2018-19
17,80,17,2019-01-19,North Carolina A&T,,Morgan State,REG (Conf),W 62-29,,23,1,2,.500,0,0,,1,2,.500,.500,2,2,1.000,0,3,3,3,0,0,3,1,4,2.6,Shantell Bostick,https://www.sports-reference.com/cbb/players/shantell-bostick-1.html,north-carolina-at,2018-19
18,81,18,2019-01-21,North Carolina A&T,,Coppin State,REG (Conf),W 66-42,,21,1,2,.500,0,0,,1,2,.500,.500,1,4,.250,2,0,2,6,1,0,3,2,3,3.6,Shantell Bostick,https://www.sports-reference.com/cbb/players/shantell-bostick-1.html,north-carolina-at,2018-19
19,82,19,2019-01-26,North Carolina A&T,@,North Carolina Central,REG (Conf),W 52-49,,25,0,5,.000,0,1,.000,0,4,.000,.000,4,8,.500,0,4,4,3,0,0,6,0,4,-3.8,Shantell Bostick,https://www.sports-reference.com/cbb/players/shantell-bostick-1.html,north-carolina-at,2018-19
20,83,20,2019-02-02,North Carolina A&T,@,Florida A&M,REG (Conf),W 56-48,,19,1,6,.167,0,2,.000,1,4,.250,.167,2,2,1.000,3,2,5,1,1,0,4,1,4,0.2,Shantell Bostick,https://www.sports-reference.com/cbb/players/shantell-bostick-1.html,north-carolina-at,2018-19
21,84,21,2019-02-04,North Carolina A&T,@,Bethune-Cookman,REG (Conf),W 72-48,,16,1,4,.250,0,1,.000,1,3,.333,.250,1,2,.500,1,2,3,4,0,0,1,1,3,2.9,Shantell Bostick,https://www.sports-reference.com/cbb/players/shantell-bostick-1.html,north-carolina-at,2018-19
22,85,22,2019-02-09,North Carolina A&T,,Delaware State,REG (Conf),W 72-49,,26,2,3,.667,0,1,.000,2,2,1.000,.667,0,2,.000,1,0,1,4,2,0,2,1,4,5.0,Shantell Bostick,https://www.sports-reference.com/cbb/players/shantell-bostick-1.html,north-carolina-at,2018-19
23,86,23,2019-02-11,North Carolina A&T,,Maryland Eastern Shore,REG (Conf),W 70-58,,24,4,6,.667,1,1,1.000,3,5,.600,.750,0,2,.000,1,2,3,2,0,0,3,0,9,5.3,Shantell Bostick,https://www.sports-reference.com/cbb/players/shantell-bostick-1.html,north-carolina-at,2018-19
24,87,24,2019-02-16,North Carolina A&T,@,Howard,REG (Conf),W 63-58,,18,0,1,.000,0,0,,0,1,.000,.000,5,8,.625,1,1,2,3,0,0,5,0,5,1.2,Shantell Bostick,https://www.sports-reference.com/cbb/players/shantell-bostick-1.html,north-carolina-at,2018-19
25,88,25,2019-02-18,North Carolina A&T,@,Norfolk State,REG (Conf),W 49-44,,21,1,5,.200,0,1,.000,1,4,.250,.200,0,0,,1,3,4,3,0,0,0,1,2,2.2,Shantell Bostick,https://www.sports-reference.com/cbb/players/shantell-bostick-1.html,north-carolina-at,2018-19
26,89,26,2019-02-23,North Carolina A&T,,South Carolina State,REG (Conf),W 59-52,,24,1,4,.250,0,0,,1,4,.250,.250,1,4,.250,0,0,0,1,0,0,2,4,3,-3.5,Shantell Bostick,https://www.sports-reference.com/cbb/players/shantell-bostick-1.html,north-carolina-at,2018-19
27,90,27,2019-02-25,North Carolina A&T,,Savannah State,REG (Conf),W 73-69,,29,2,4,.500,0,0,,2,4,.500,.500,4,6,.667,0,2,2,5,0,0,3,3,8,5.1,Shantell Bostick,https://www.sports-reference.com/cbb/players/shantell-bostick-1.html,north-carolina-at,2018-19
28,91,28,2019-03-02,North Carolina A&T,,Florida A&M,REG (Conf),W 77-53,,14,2,3,.667,1,1,1.000,1,2,.500,.833,3,4,.750,0,3,3,3,1,0,1,2,8,8.5,Shantell Bostick,https://www.sports-reference.com/cbb/players/shantell-bostick-1.html,north-carolina-at,2018-19
29,92,29,2019-03-07,North Carolina A&T,,North Carolina Central,REG (Conf),W 86-52,,19,1,2,.500,0,0,,1,2,.500,.500,9,10,.900,0,3,3,1,1,0,2,3,11,9.0,Shantell Bostick,https://www.sports-reference.com/cbb/players/shantell-bostick-1.html,north-carolina-at,2018-19
30,93,30,2019-03-13,North Carolina A&T,,North Carolina Central,CTOURN,W 79-49,,25,0,2,.000,0,0,,0,2,.000,.000,2,4,.500,0,3,3,7,1,0,3,1,2,3.2,Shantell Bostick,https://www.sports-reference.com/cbb/players/shantell-bostick-1.html,north-carolina-at,2018-19
31,94,31,2019-03-15,North Carolina A&T,,Norfolk State,CTOURN,L 43-60,,20,2,5,.400,0,1,.000,2,4,.500,.400,1,2,.500,1,1,2,2,1,1,4,2,5,1.2,Shantell Bostick,https://www.sports-reference.com/cbb/players/shantell-bostick-1.html,north-carolina-at,2018-19
32,95,32,2019-03-22,North Carolina A&T,@,James Madison,WNIT,L 37-48,,22,1,3,.333,0,0,,1,3,.333,.333,0,0,,0,1,1,2,0,0,0,1,2,1.6,Shantell Bostick,https://www.sports-reference.com/cbb/players/shantell-bostick-1.html,north-carolina-at,2018-19
