ranker,player_game_num_career,team_game_num_season,date,team_name_abbr,game_location,opp_name_abbr,game_type,game_result,is_starter,mp,fg,fga,fg_pct,fg3,fg3a,fg2,fg2a,fg2_pct,efg_pct,ft,fta,ft_pct,orb,drb,trb,ast,stl,blk,tov,pf,pts,game_score,player_name,player_sr_link,school,season
1,81,1,2019-11-05,San Jose State,@,UC Irvine,REG (Non-Conf),L 77-79,,5,0,0,,0,0,0,0,,,0,0,,0,3,3,0,0,0,2,2,0,-1.9,Alexis Harris,https://www.sports-reference.com/cbb/players/alexis-harris-2.html,san-jose-state,2019-20
2,82,2,2019-11-08,San Jose State,,Eastern Washington,REG (Non-Conf),W 84-66,,8,0,1,.000,0,0,0,1,.000,.000,0,0,,1,4,5,0,1,1,0,0,0,2.9,Alexis Harris,https://www.sports-reference.com/cbb/players/alexis-harris-2.html,san-jose-state,2019-20
3,83,3,2019-11-12,San Jose State,@,Santa Clara,REG (Non-Conf),L 81-89,,2,0,1,.000,0,0,0,1,.000,.000,0,0,,0,0,0,0,0,0,0,0,0,-0.7,Alexis Harris,https://www.sports-reference.com/cbb/players/alexis-harris-2.html,san-jose-state,2019-20
4,84,5,2019-11-17,San Jose State,,Sacramento State,REG (Non-Conf),W 73-67,,2,0,2,.000,0,0,0,2,.000,.000,0,0,,1,0,1,0,0,0,0,1,0,-1.1,Alexis Harris,https://www.sports-reference.com/cbb/players/alexis-harris-2.html,san-jose-state,2019-20
5,85,6,2019-11-21,San Jose State,,Buffalo,REG (Non-Conf),W 95-88,,3,0,0,,0,0,0,0,,,0,0,,0,1,1,0,0,0,1,2,0,-1.5,Alexis Harris,https://www.sports-reference.com/cbb/players/alexis-harris-2.html,san-jose-state,2019-20
6,86,7,2019-11-23,San Jose State,,San Diego,REG (Non-Conf),W 88-82,,5,0,0,,0,0,0,0,,,0,0,,0,0,0,0,0,0,0,2,0,-0.8,Alexis Harris,https://www.sports-reference.com/cbb/players/alexis-harris-2.html,san-jose-state,2019-20
7,87,8,2019-11-29,San Jose State,@,Cal State Bakersfield,REG (Non-Conf),L 71-75,,4,0,0,,0,0,0,0,,,0,0,,0,0,0,0,0,0,0,1,0,-0.4,Alexis Harris,https://www.sports-reference.com/cbb/players/alexis-harris-2.html,san-jose-state,2019-20
8,88,9,2019-12-04,San Jose State,@,Utah State,REG (Conf),W 76-61,,4,0,0,,0,0,0,0,,,0,0,,1,0,1,0,0,0,1,0,0,-0.3,Alexis Harris,https://www.sports-reference.com/cbb/players/alexis-harris-2.html,san-jose-state,2019-20
9,89,10,2019-12-07,San Jose State,,San Diego State,REG (Conf),W 84-67,,1,0,0,,0,0,0,0,,,0,0,,0,0,0,0,0,0,1,2,0,-1.8,Alexis Harris,https://www.sports-reference.com/cbb/players/alexis-harris-2.html,san-jose-state,2019-20
10,90,11,2019-12-14,San Jose State,,La Verne,REG (Non-Conf),W 128-62,,8,0,0,,0,0,0,0,,,0,1,.000,0,0,0,0,0,0,2,2,0,-3.2,Alexis Harris,https://www.sports-reference.com/cbb/players/alexis-harris-2.html,san-jose-state,2019-20
11,91,12,2019-12-18,San Jose State,@,Brigham Young,REG (Non-Conf),L 56-75,,7,0,0,,0,0,0,0,,,0,0,,0,0,0,0,0,0,0,0,0,0.0,Alexis Harris,https://www.sports-reference.com/cbb/players/alexis-harris-2.html,san-jose-state,2019-20
12,92,15,2020-01-04,San Jose State,,Fresno State,REG (Conf),L 76-85 (OT),,1,0,0,,0,0,0,0,,,0,0,,0,0,0,0,0,0,0,0,0,0.0,Alexis Harris,https://www.sports-reference.com/cbb/players/alexis-harris-2.html,san-jose-state,2019-20
13,93,19,2020-01-22,San Jose State,,New Mexico,REG (Conf),W 89-85,,1,0,0,,0,0,0,0,,,0,0,,0,0,0,0,0,0,1,1,0,-1.4,Alexis Harris,https://www.sports-reference.com/cbb/players/alexis-harris-2.html,san-jose-state,2019-20
14,94,22,2020-02-01,San Jose State,@,Wyoming,REG (Conf),L 45-80,,10,0,0,,0,0,0,0,,,0,0,,0,0,0,0,0,0,0,4,0,-1.6,Alexis Harris,https://www.sports-reference.com/cbb/players/alexis-harris-2.html,san-jose-state,2019-20
15,95,26,2020-02-19,San Jose State,@,Boise State,REG (Conf),L 67-85,,2,0,0,,0,0,0,0,,,0,0,,0,0,0,0,0,0,0,0,0,0.0,Alexis Harris,https://www.sports-reference.com/cbb/players/alexis-harris-2.html,san-jose-state,2019-20
16,96,28,2020-02-24,San Jose State,,Utah State,REG (Conf),W 76-38,,8,3,3,1.000,0,0,3,3,1.000,1.000,0,0,,2,1,3,0,0,1,0,1,6,7.1,Alexis Harris,https://www.sports-reference.com/cbb/players/alexis-harris-2.html,san-jose-state,2019-20
17,97,31,2020-03-03,San Jose State,@,Fresno State,CTOURN,L 68-94,,4,0,1,.000,0,0,0,1,.000,.000,0,0,,1,2,3,0,0,0,0,0,0,0.6,Alexis Harris,https://www.sports-reference.com/cbb/players/alexis-harris-2.html,san-jose-state,2019-20
