ranker,player_game_num_career,team_game_num_season,date,team_name_abbr,game_location,opp_name_abbr,game_type,game_result,is_starter,mp,fg,fga,fg_pct,fg3,fg3a,fg3_pct,fg2,fg2a,efg_pct,ft,fta,orb,drb,trb,ast,stl,blk,tov,pf,pts,game_score,player_name,player_sr_link,school,season
1,77,3,2019-11-12,San Jose State,@,Santa Clara,REG (Non-Conf),L 81-89,,3,0,2,.000,0,2,.000,0,0,.000,0,0,0,0,0,0,0,0,0,0,0,-1.4,Analyss Benally,https://www.sports-reference.com/cbb/players/analyss-benally-1.html,san-jose-state,2019-20
2,78,4,2019-11-15,San Jose State,@,UC Santa Barbara,REG (Non-Conf),W 73-70,,2,0,0,,0,0,,0,0,,0,0,0,0,0,1,0,0,0,0,0,0.7,Analyss Benally,https://www.sports-reference.com/cbb/players/analyss-benally-1.html,san-jose-state,2019-20
3,79,5,2019-11-17,San Jose State,,Sacramento State,REG (Non-Conf),W 73-67,,2,0,0,,0,0,,0,0,,0,0,0,0,0,0,0,0,0,1,0,-0.4,Analyss Benally,https://www.sports-reference.com/cbb/players/analyss-benally-1.html,san-jose-state,2019-20
4,80,6,2019-11-21,San Jose State,,Buffalo,REG (Non-Conf),W 95-88,,11,2,3,.667,2,3,.667,0,0,1.000,0,0,0,0,0,0,0,0,0,1,6,4.3,Analyss Benally,https://www.sports-reference.com/cbb/players/analyss-benally-1.html,san-jose-state,2019-20
