ranker,player_game_num_career,team_game_num_season,date,team_name_abbr,game_location,opp_name_abbr,game_type,game_result,is_starter,mp,fg,fga,fg_pct,fg3,fg3a,fg3_pct,fg2,fg2a,fg2_pct,efg_pct,ft,fta,ft_pct,orb,drb,trb,ast,stl,blk,tov,pf,pts,game_score,player_name,player_sr_link,school,season
1,30,1,2019-11-05,San Jose State,@,UC Irvine,REG (Non-Conf),L 77-79,*,27,6,12,.500,2,3,.667,4,9,.444,.583,6,6,1.000,1,1,2,3,1,0,3,4,20,13.5,Ayzhiana Basallo,https://www.sports-reference.com/cbb/players/ayzhiana-basallo-1.html,san-jose-state,2019-20
2,31,2,2019-11-08,San Jose State,,Eastern Washington,REG (Non-Conf),W 84-66,*,29,7,15,.467,1,4,.250,6,11,.545,.500,0,0,,0,0,0,4,2,0,2,1,15,9.7,Ayzhiana Basallo,https://www.sports-reference.com/cbb/players/ayzhiana-basallo-1.html,san-jose-state,2019-20
3,32,3,2019-11-12,San Jose State,@,Santa Clara,REG (Non-Conf),L 81-89,*,36,8,15,.533,4,8,.500,4,7,.571,.667,9,9,1.000,0,1,1,6,3,0,2,1,29,26.8,Ayzhiana Basallo,https://www.sports-reference.com/cbb/players/ayzhiana-basallo-1.html,san-jose-state,2019-20
4,33,4,2019-11-15,San Jose State,@,UC Santa Barbara,REG (Non-Conf),W 73-70,*,36,7,12,.583,0,0,,7,12,.583,.583,12,16,.750,1,1,2,6,0,0,1,3,26,21.8,Ayzhiana Basallo,https://www.sports-reference.com/cbb/players/ayzhiana-basallo-1.html,san-jose-state,2019-20
5,34,5,2019-11-17,San Jose State,,Sacramento State,REG (Non-Conf),W 73-67,*,35,7,9,.778,3,4,.750,4,5,.800,.944,4,4,1.000,1,1,2,11,1,0,6,1,21,20.8,Ayzhiana Basallo,https://www.sports-reference.com/cbb/players/ayzhiana-basallo-1.html,san-jose-state,2019-20
6,35,6,2019-11-21,San Jose State,,Buffalo,REG (Non-Conf),W 95-88,*,35,7,15,.467,1,2,.500,6,13,.462,.500,3,3,1.000,1,3,4,10,2,0,1,2,18,19.1,Ayzhiana Basallo,https://www.sports-reference.com/cbb/players/ayzhiana-basallo-1.html,san-jose-state,2019-20
7,36,7,2019-11-23,San Jose State,,San Diego,REG (Non-Conf),W 88-82,*,35,8,13,.615,1,2,.500,7,11,.636,.654,16,18,.889,0,1,1,9,0,0,7,2,33,25.1,Ayzhiana Basallo,https://www.sports-reference.com/cbb/players/ayzhiana-basallo-1.html,san-jose-state,2019-20
8,37,8,2019-11-29,San Jose State,@,Cal State Bakersfield,REG (Non-Conf),L 71-75,*,36,6,19,.316,0,3,.000,6,16,.375,.316,12,12,1.000,2,0,2,2,2,0,0,2,24,17.1,Ayzhiana Basallo,https://www.sports-reference.com/cbb/players/ayzhiana-basallo-1.html,san-jose-state,2019-20
9,38,9,2019-12-04,San Jose State,@,Utah State,REG (Conf),W 76-61,*,35,8,18,.444,1,2,.500,7,16,.438,.472,3,3,1.000,1,1,2,4,2,0,1,2,20,14.6,Ayzhiana Basallo,https://www.sports-reference.com/cbb/players/ayzhiana-basallo-1.html,san-jose-state,2019-20
10,39,10,2019-12-07,San Jose State,,San Diego State,REG (Conf),W 84-67,*,35,6,14,.429,1,4,.250,5,10,.500,.464,7,8,.875,0,3,3,5,2,0,2,4,20,15.0,Ayzhiana Basallo,https://www.sports-reference.com/cbb/players/ayzhiana-basallo-1.html,san-jose-state,2019-20
11,40,11,2019-12-14,San Jose State,,La Verne,REG (Non-Conf),W 128-62,*,13,2,6,.333,2,2,1.000,0,4,.000,.500,2,2,1.000,0,3,3,2,1,0,5,1,8,2.5,Ayzhiana Basallo,https://www.sports-reference.com/cbb/players/ayzhiana-basallo-1.html,san-jose-state,2019-20
12,41,14,2020-01-01,San Jose State,@,New Mexico,REG (Conf),W 81-80,*,35,7,12,.583,3,4,.750,4,8,.500,.708,2,2,1.000,2,1,3,5,1,0,6,1,19,13.2,Ayzhiana Basallo,https://www.sports-reference.com/cbb/players/ayzhiana-basallo-1.html,san-jose-state,2019-20
13,42,15,2020-01-04,San Jose State,,Fresno State,REG (Conf),L 76-85 (OT),*,40,5,13,.385,5,6,.833,0,7,.000,.577,2,2,1.000,0,3,3,7,0,0,1,2,17,13.9,Ayzhiana Basallo,https://www.sports-reference.com/cbb/players/ayzhiana-basallo-1.html,san-jose-state,2019-20
14,43,16,2020-01-08,San Jose State,@,Nevada,REG (Conf),W 72-70 (OT),*,39,8,22,.364,0,5,.000,8,17,.471,.364,0,0,,1,2,3,5,4,0,4,3,16,7.4,Ayzhiana Basallo,https://www.sports-reference.com/cbb/players/ayzhiana-basallo-1.html,san-jose-state,2019-20
15,44,17,2020-01-11,San Jose State,@,Colorado State,REG (Conf),W 58-53,*,34,9,20,.450,2,7,.286,7,13,.538,.500,6,6,1.000,1,1,2,1,1,0,2,3,26,15.1,Ayzhiana Basallo,https://www.sports-reference.com/cbb/players/ayzhiana-basallo-1.html,san-jose-state,2019-20
16,45,18,2020-01-15,San Jose State,,UNLV,REG (Conf),W 62-60,*,32,6,12,.500,0,2,.000,6,10,.600,.500,5,5,1.000,1,1,2,4,2,0,4,2,17,12.0,Ayzhiana Basallo,https://www.sports-reference.com/cbb/players/ayzhiana-basallo-1.html,san-jose-state,2019-20
17,46,19,2020-01-22,San Jose State,,New Mexico,REG (Conf),W 89-85,*,32,9,21,.429,5,7,.714,4,14,.286,.548,3,4,.750,1,2,3,5,0,0,2,1,26,16.9,Ayzhiana Basallo,https://www.sports-reference.com/cbb/players/ayzhiana-basallo-1.html,san-jose-state,2019-20
18,47,20,2020-01-25,San Jose State,@,Air Force,REG (Conf),W 68-60,*,32,5,17,.294,0,3,.000,5,14,.357,.294,10,11,.909,2,1,3,2,1,0,2,3,20,10.6,Ayzhiana Basallo,https://www.sports-reference.com/cbb/players/ayzhiana-basallo-1.html,san-jose-state,2019-20
19,48,21,2020-01-29,San Jose State,,Boise State,REG (Conf),W 74-61,*,33,8,15,.533,0,1,.000,8,14,.571,.533,12,12,1.000,2,3,5,4,0,0,6,1,28,19.4,Ayzhiana Basallo,https://www.sports-reference.com/cbb/players/ayzhiana-basallo-1.html,san-jose-state,2019-20
20,49,22,2020-02-01,San Jose State,@,Wyoming,REG (Conf),L 45-80,*,29,3,12,.250,1,1,1.000,2,11,.182,.292,4,4,1.000,0,0,0,2,0,0,4,2,11,0.4,Ayzhiana Basallo,https://www.sports-reference.com/cbb/players/ayzhiana-basallo-1.html,san-jose-state,2019-20
21,50,23,2020-02-08,San Jose State,,Nevada,REG (Conf),L 76-80,*,33,7,13,.538,3,4,.750,4,9,.444,.654,3,4,.750,1,1,2,4,2,0,7,1,20,11.7,Ayzhiana Basallo,https://www.sports-reference.com/cbb/players/ayzhiana-basallo-1.html,san-jose-state,2019-20
22,51,24,2020-02-12,San Jose State,@,Fresno State,REG (Conf),L 76-78,*,31,1,8,.125,0,3,.000,1,5,.200,.125,2,2,1.000,0,1,1,5,0,0,2,0,4,0.6,Ayzhiana Basallo,https://www.sports-reference.com/cbb/players/ayzhiana-basallo-1.html,san-jose-state,2019-20
23,52,25,2020-02-15,San Jose State,,Air Force,REG (Conf),L 66-67,*,27,4,10,.400,1,4,.250,3,6,.500,.450,4,4,1.000,0,2,2,5,1,0,2,3,13,9.5,Ayzhiana Basallo,https://www.sports-reference.com/cbb/players/ayzhiana-basallo-1.html,san-jose-state,2019-20
24,53,26,2020-02-19,San Jose State,@,Boise State,REG (Conf),L 67-85,*,21,1,6,.167,0,0,,1,6,.167,.167,6,6,1.000,0,1,1,1,0,0,5,1,8,-0.2,Ayzhiana Basallo,https://www.sports-reference.com/cbb/players/ayzhiana-basallo-1.html,san-jose-state,2019-20
25,54,27,2020-02-22,San Jose State,,Colorado State,REG (Conf),W 69-64,*,30,5,10,.500,3,7,.429,2,3,.667,.650,3,4,.750,0,2,2,8,0,0,4,1,16,12.4,Ayzhiana Basallo,https://www.sports-reference.com/cbb/players/ayzhiana-basallo-1.html,san-jose-state,2019-20
26,55,28,2020-02-24,San Jose State,,Utah State,REG (Conf),W 76-38,*,25,7,13,.538,4,6,.667,3,7,.429,.692,0,0,,1,2,3,5,0,0,2,1,18,14.1,Ayzhiana Basallo,https://www.sports-reference.com/cbb/players/ayzhiana-basallo-1.html,san-jose-state,2019-20
27,56,29,2020-02-27,San Jose State,@,UNLV,REG (Conf),W 76-63,*,32,4,9,.444,2,6,.333,2,3,.667,.556,3,4,.750,0,3,3,4,0,0,4,1,13,7.2,Ayzhiana Basallo,https://www.sports-reference.com/cbb/players/ayzhiana-basallo-1.html,san-jose-state,2019-20
28,57,30,2020-03-02,San Jose State,@,UNLV,CTOURN,W 67-48,*,30,5,8,.625,2,2,1.000,3,6,.500,.750,6,6,1.000,0,1,1,3,1,0,3,1,18,14.4,Ayzhiana Basallo,https://www.sports-reference.com/cbb/players/ayzhiana-basallo-1.html,san-jose-state,2019-20
29,58,31,2020-03-03,San Jose State,@,Fresno State,CTOURN,L 68-94,*,30,3,9,.333,2,6,.333,1,3,.333,.444,4,4,1.000,0,0,0,1,2,0,5,2,12,3.8,Ayzhiana Basallo,https://www.sports-reference.com/cbb/players/ayzhiana-basallo-1.html,san-jose-state,2019-20
