ranker,player_game_num_career,team_game_num_season,date,team_name_abbr,game_location,opp_name_abbr,game_type,game_result,is_starter,mp,fg,fga,fg_pct,fg3,fg3a,fg3_pct,fg2,fg2a,fg2_pct,efg_pct,ft,fta,ft_pct,orb,drb,trb,ast,stl,blk,tov,pf,pts,game_score,player_name,player_sr_link,school,season
1,54,1,2019-11-05,San Jose State,@,UC Irvine,REG (Non-Conf),L 77-79,,12,0,3,.000,0,1,.000,0,2,.000,.000,0,0,,1,1,2,1,0,0,0,3,0,-1.6,Courtesy Clark,https://www.sports-reference.com/cbb/players/courtesy-clark-1.html,san-jose-state,2019-20
2,55,2,2019-11-08,San Jose State,,Eastern Washington,REG (Non-Conf),W 84-66,,15,1,3,.333,1,2,.500,0,1,.000,.500,0,0,,1,6,7,3,1,0,1,1,3,5.5,Courtesy Clark,https://www.sports-reference.com/cbb/players/courtesy-clark-1.html,san-jose-state,2019-20
3,56,3,2019-11-12,San Jose State,@,Santa Clara,REG (Non-Conf),L 81-89,,8,0,1,.000,0,0,,0,1,.000,.000,0,2,.000,1,1,2,1,1,0,0,0,0,1.2,Courtesy Clark,https://www.sports-reference.com/cbb/players/courtesy-clark-1.html,san-jose-state,2019-20
4,57,4,2019-11-15,San Jose State,@,UC Santa Barbara,REG (Non-Conf),W 73-70,,10,0,1,.000,0,0,,0,1,.000,.000,0,0,,0,0,0,0,0,0,2,1,0,-3.1,Courtesy Clark,https://www.sports-reference.com/cbb/players/courtesy-clark-1.html,san-jose-state,2019-20
5,58,5,2019-11-17,San Jose State,,Sacramento State,REG (Non-Conf),W 73-67,,14,0,2,.000,0,0,,0,2,.000,.000,0,0,,0,5,5,0,0,0,2,3,0,-3.1,Courtesy Clark,https://www.sports-reference.com/cbb/players/courtesy-clark-1.html,san-jose-state,2019-20
6,59,6,2019-11-21,San Jose State,,Buffalo,REG (Non-Conf),W 95-88,,5,0,1,.000,0,1,.000,0,0,,.000,0,0,,1,1,2,0,0,0,1,1,0,-1.1,Courtesy Clark,https://www.sports-reference.com/cbb/players/courtesy-clark-1.html,san-jose-state,2019-20
7,60,7,2019-11-23,San Jose State,,San Diego,REG (Non-Conf),W 88-82,,12,0,1,.000,0,0,,0,1,.000,.000,0,0,,0,2,2,1,0,0,1,1,0,-0.8,Courtesy Clark,https://www.sports-reference.com/cbb/players/courtesy-clark-1.html,san-jose-state,2019-20
8,61,8,2019-11-29,San Jose State,@,Cal State Bakersfield,REG (Non-Conf),L 71-75,,10,0,3,.000,0,1,.000,0,2,.000,.000,0,2,.000,0,1,1,1,1,0,0,2,0,-1.7,Courtesy Clark,https://www.sports-reference.com/cbb/players/courtesy-clark-1.html,san-jose-state,2019-20
9,62,9,2019-12-04,San Jose State,@,Utah State,REG (Conf),W 76-61,,12,2,4,.500,2,4,.500,0,0,,.750,0,0,,0,1,1,0,1,0,0,1,6,4.9,Courtesy Clark,https://www.sports-reference.com/cbb/players/courtesy-clark-1.html,san-jose-state,2019-20
10,63,10,2019-12-07,San Jose State,,San Diego State,REG (Conf),W 84-67,,12,1,4,.250,1,1,1.000,0,3,.000,.375,0,0,,3,1,4,1,0,0,1,1,3,2.3,Courtesy Clark,https://www.sports-reference.com/cbb/players/courtesy-clark-1.html,san-jose-state,2019-20
11,64,11,2019-12-14,San Jose State,,La Verne,REG (Non-Conf),W 128-62,,18,6,9,.667,2,5,.400,4,4,1.000,.778,0,0,,2,3,5,4,8,0,1,4,14,20.6,Courtesy Clark,https://www.sports-reference.com/cbb/players/courtesy-clark-1.html,san-jose-state,2019-20
12,65,12,2019-12-18,San Jose State,@,Brigham Young,REG (Non-Conf),L 56-75,,18,0,3,.000,0,2,.000,0,1,.000,.000,1,2,.500,1,0,1,0,0,0,0,1,1,-1.2,Courtesy Clark,https://www.sports-reference.com/cbb/players/courtesy-clark-1.html,san-jose-state,2019-20
13,66,13,2019-12-19,San Jose State,@,Northern Arizona,REG (Non-Conf),L 64-67,,17,1,3,.333,0,1,.000,1,2,.500,.333,0,0,,2,2,4,1,0,0,0,1,2,2.6,Courtesy Clark,https://www.sports-reference.com/cbb/players/courtesy-clark-1.html,san-jose-state,2019-20
14,67,14,2020-01-01,San Jose State,@,New Mexico,REG (Conf),W 81-80,,12,0,2,.000,0,1,.000,0,1,.000,.000,0,0,,0,3,3,1,1,1,0,2,0,1.1,Courtesy Clark,https://www.sports-reference.com/cbb/players/courtesy-clark-1.html,san-jose-state,2019-20
15,68,15,2020-01-04,San Jose State,,Fresno State,REG (Conf),L 76-85 (OT),,10,1,2,.500,1,1,1.000,0,1,.000,.750,0,0,,1,2,3,0,1,0,1,4,3,1.7,Courtesy Clark,https://www.sports-reference.com/cbb/players/courtesy-clark-1.html,san-jose-state,2019-20
16,69,16,2020-01-08,San Jose State,@,Nevada,REG (Conf),W 72-70 (OT),,5,0,0,,0,0,,0,0,,,0,0,,1,0,1,0,0,0,1,2,0,-1.1,Courtesy Clark,https://www.sports-reference.com/cbb/players/courtesy-clark-1.html,san-jose-state,2019-20
17,70,17,2020-01-11,San Jose State,@,Colorado State,REG (Conf),W 58-53,,11,0,0,,0,0,,0,0,,,0,0,,0,1,1,0,0,0,1,0,0,-0.7,Courtesy Clark,https://www.sports-reference.com/cbb/players/courtesy-clark-1.html,san-jose-state,2019-20
18,71,18,2020-01-15,San Jose State,,UNLV,REG (Conf),W 62-60,,12,1,5,.200,0,2,.000,1,3,.333,.200,1,2,.500,0,1,1,1,2,0,0,2,3,1.7,Courtesy Clark,https://www.sports-reference.com/cbb/players/courtesy-clark-1.html,san-jose-state,2019-20
19,72,19,2020-01-22,San Jose State,,New Mexico,REG (Conf),W 89-85,,15,2,5,.400,2,3,.667,0,2,.000,.600,2,2,1.000,2,6,8,1,3,0,1,1,8,10.8,Courtesy Clark,https://www.sports-reference.com/cbb/players/courtesy-clark-1.html,san-jose-state,2019-20
20,73,20,2020-01-25,San Jose State,@,Air Force,REG (Conf),W 68-60,,15,1,4,.250,0,2,.000,1,2,.500,.250,1,4,.250,0,5,5,0,3,0,1,2,3,2.1,Courtesy Clark,https://www.sports-reference.com/cbb/players/courtesy-clark-1.html,san-jose-state,2019-20
21,74,21,2020-01-29,San Jose State,,Boise State,REG (Conf),W 74-61,,8,1,1,1.000,0,0,,1,1,1.000,1.000,0,0,,0,1,1,0,1,0,2,1,2,0.6,Courtesy Clark,https://www.sports-reference.com/cbb/players/courtesy-clark-1.html,san-jose-state,2019-20
22,75,22,2020-02-01,San Jose State,@,Wyoming,REG (Conf),L 45-80,,18,1,4,.250,0,1,.000,1,3,.333,.250,0,0,,0,0,0,0,0,0,1,2,2,-2.2,Courtesy Clark,https://www.sports-reference.com/cbb/players/courtesy-clark-1.html,san-jose-state,2019-20
23,76,23,2020-02-08,San Jose State,,Nevada,REG (Conf),L 76-80,,8,0,0,,0,0,,0,0,,,0,0,,0,1,1,1,0,0,1,0,0,0.0,Courtesy Clark,https://www.sports-reference.com/cbb/players/courtesy-clark-1.html,san-jose-state,2019-20
24,77,24,2020-02-12,San Jose State,@,Fresno State,REG (Conf),L 76-78,,9,0,1,.000,0,1,.000,0,0,,.000,0,0,,0,1,1,1,0,0,0,1,0,-0.1,Courtesy Clark,https://www.sports-reference.com/cbb/players/courtesy-clark-1.html,san-jose-state,2019-20
25,78,25,2020-02-15,San Jose State,,Air Force,REG (Conf),L 66-67,,11,1,2,.500,0,0,,1,2,.500,.500,0,1,.000,2,3,5,0,1,0,1,1,2,2.5,Courtesy Clark,https://www.sports-reference.com/cbb/players/courtesy-clark-1.html,san-jose-state,2019-20
26,79,26,2020-02-19,San Jose State,@,Boise State,REG (Conf),L 67-85,,13,2,3,.667,0,1,.000,2,2,1.000,.667,2,2,1.000,2,2,4,0,2,0,0,2,6,7.9,Courtesy Clark,https://www.sports-reference.com/cbb/players/courtesy-clark-1.html,san-jose-state,2019-20
27,80,27,2020-02-22,San Jose State,,Colorado State,REG (Conf),W 69-64,*,18,3,4,.750,2,3,.667,1,1,1.000,1.000,0,0,,0,2,2,2,1,0,2,2,8,6.6,Courtesy Clark,https://www.sports-reference.com/cbb/players/courtesy-clark-1.html,san-jose-state,2019-20
28,81,28,2020-02-24,San Jose State,,Utah State,REG (Conf),W 76-38,*,20,0,3,.000,0,2,.000,0,1,.000,.000,0,0,,2,3,5,1,3,0,2,1,0,1.5,Courtesy Clark,https://www.sports-reference.com/cbb/players/courtesy-clark-1.html,san-jose-state,2019-20
29,82,29,2020-02-27,San Jose State,@,UNLV,REG (Conf),W 76-63,*,12,0,2,.000,0,0,,0,2,.000,.000,0,0,,2,1,3,2,0,0,0,4,0,0.1,Courtesy Clark,https://www.sports-reference.com/cbb/players/courtesy-clark-1.html,san-jose-state,2019-20
30,83,30,2020-03-02,San Jose State,@,UNLV,CTOURN,W 67-48,*,22,2,3,.667,1,2,.500,1,1,1.000,.833,1,2,.500,1,4,5,2,3,0,0,2,6,9.8,Courtesy Clark,https://www.sports-reference.com/cbb/players/courtesy-clark-1.html,san-jose-state,2019-20
31,84,31,2020-03-03,San Jose State,@,Fresno State,CTOURN,L 68-94,*,16,0,6,.000,0,4,.000,0,2,.000,.000,0,0,,1,0,1,0,0,0,0,4,0,-5.1,Courtesy Clark,https://www.sports-reference.com/cbb/players/courtesy-clark-1.html,san-jose-state,2019-20
