ranker,player_game_num_career,team_game_num_season,date,team_name_abbr,game_location,opp_name_abbr,game_type,game_result,is_starter,mp,fg,fga,fg_pct,fg3,fg3a,fg3_pct,fg2,fg2a,fg2_pct,efg_pct,ft,fta,ft_pct,orb,drb,trb,ast,stl,blk,tov,pf,pts,game_score,player_name,player_sr_link,school,season
1,61,1,2019-11-05,San Jose State,@,UC Irvine,REG (Non-Conf),L 77-79,,13,0,2,.000,0,1,.000,0,1,.000,.000,0,0,,0,2,2,0,0,0,0,0,0,-0.8,Cydni Lewis,https://www.sports-reference.com/cbb/players/cydni-lewis-1.html,san-jose-state,2019-20
2,62,2,2019-11-08,San Jose State,,Eastern Washington,REG (Non-Conf),W 84-66,,12,3,5,.600,1,1,1.000,2,4,.500,.700,1,1,1.000,1,2,3,0,0,0,0,0,8,7.0,Cydni Lewis,https://www.sports-reference.com/cbb/players/cydni-lewis-1.html,san-jose-state,2019-20
3,63,3,2019-11-12,San Jose State,@,Santa Clara,REG (Non-Conf),L 81-89,,21,4,8,.500,0,2,.000,4,6,.667,.500,0,2,.000,0,6,6,0,3,3,1,3,8,7.9,Cydni Lewis,https://www.sports-reference.com/cbb/players/cydni-lewis-1.html,san-jose-state,2019-20
4,64,4,2019-11-15,San Jose State,@,UC Santa Barbara,REG (Non-Conf),W 73-70,,23,3,6,.500,0,1,.000,3,5,.600,.500,2,2,1.000,0,0,0,0,2,0,3,4,8,2.4,Cydni Lewis,https://www.sports-reference.com/cbb/players/cydni-lewis-1.html,san-jose-state,2019-20
5,65,5,2019-11-17,San Jose State,,Sacramento State,REG (Non-Conf),W 73-67,,14,0,6,.000,0,1,.000,0,5,.000,.000,0,0,,3,5,8,1,1,1,1,0,0,0.8,Cydni Lewis,https://www.sports-reference.com/cbb/players/cydni-lewis-1.html,san-jose-state,2019-20
6,66,6,2019-11-21,San Jose State,,Buffalo,REG (Non-Conf),W 95-88,,14,0,6,.000,0,1,.000,0,5,.000,.000,3,4,.750,2,3,5,1,0,0,0,1,3,1.0,Cydni Lewis,https://www.sports-reference.com/cbb/players/cydni-lewis-1.html,san-jose-state,2019-20
7,67,7,2019-11-23,San Jose State,,San Diego,REG (Non-Conf),W 88-82,,12,2,3,.667,0,1,.000,2,2,1.000,.667,0,0,,1,2,3,2,4,0,2,1,4,7.0,Cydni Lewis,https://www.sports-reference.com/cbb/players/cydni-lewis-1.html,san-jose-state,2019-20
8,68,8,2019-11-29,San Jose State,@,Cal State Bakersfield,REG (Non-Conf),L 71-75,,19,1,5,.200,0,1,.000,1,4,.250,.200,0,0,,2,3,5,0,1,0,3,2,2,-1.6,Cydni Lewis,https://www.sports-reference.com/cbb/players/cydni-lewis-1.html,san-jose-state,2019-20
9,69,9,2019-12-04,San Jose State,@,Utah State,REG (Conf),W 76-61,,21,2,3,.667,0,1,.000,2,2,1.000,.667,0,0,,0,5,5,1,2,1,0,2,4,6.8,Cydni Lewis,https://www.sports-reference.com/cbb/players/cydni-lewis-1.html,san-jose-state,2019-20
10,70,10,2019-12-07,San Jose State,,San Diego State,REG (Conf),W 84-67,,12,3,8,.375,0,0,,3,8,.375,.375,0,0,,1,2,3,0,1,0,1,0,6,2.9,Cydni Lewis,https://www.sports-reference.com/cbb/players/cydni-lewis-1.html,san-jose-state,2019-20
11,71,11,2019-12-14,San Jose State,,La Verne,REG (Non-Conf),W 128-62,,14,3,8,.375,0,1,.000,3,7,.429,.375,8,9,.889,3,5,8,0,2,1,1,3,14,13.3,Cydni Lewis,https://www.sports-reference.com/cbb/players/cydni-lewis-1.html,san-jose-state,2019-20
12,72,12,2019-12-18,San Jose State,@,Brigham Young,REG (Non-Conf),L 56-75,,24,8,12,.667,2,3,.667,6,9,.667,.750,0,0,,0,3,3,1,3,0,3,1,18,14.0,Cydni Lewis,https://www.sports-reference.com/cbb/players/cydni-lewis-1.html,san-jose-state,2019-20
13,73,13,2019-12-19,San Jose State,@,Northern Arizona,REG (Non-Conf),L 64-67,,22,4,9,.444,0,0,,4,9,.444,.444,2,4,.500,1,3,4,0,4,4,0,3,10,11.7,Cydni Lewis,https://www.sports-reference.com/cbb/players/cydni-lewis-1.html,san-jose-state,2019-20
14,74,14,2020-01-01,San Jose State,@,New Mexico,REG (Conf),W 81-80,,15,0,2,.000,0,1,.000,0,1,.000,.000,0,0,,0,0,0,1,1,0,0,1,0,-0.1,Cydni Lewis,https://www.sports-reference.com/cbb/players/cydni-lewis-1.html,san-jose-state,2019-20
15,75,15,2020-01-04,San Jose State,,Fresno State,REG (Conf),L 76-85 (OT),,24,5,13,.385,1,2,.500,4,11,.364,.423,0,0,,0,1,1,2,0,1,3,2,11,2.5,Cydni Lewis,https://www.sports-reference.com/cbb/players/cydni-lewis-1.html,san-jose-state,2019-20
16,76,16,2020-01-08,San Jose State,@,Nevada,REG (Conf),W 72-70 (OT),,15,4,6,.667,1,1,1.000,3,5,.600,.750,0,0,,2,2,4,0,1,1,2,3,9,6.9,Cydni Lewis,https://www.sports-reference.com/cbb/players/cydni-lewis-1.html,san-jose-state,2019-20
17,77,17,2020-01-11,San Jose State,@,Colorado State,REG (Conf),W 58-53,,22,2,5,.400,0,1,.000,2,4,.500,.400,0,0,,1,8,9,0,1,1,1,2,4,4.3,Cydni Lewis,https://www.sports-reference.com/cbb/players/cydni-lewis-1.html,san-jose-state,2019-20
18,78,18,2020-01-15,San Jose State,,UNLV,REG (Conf),W 62-60,,14,2,6,.333,1,1,1.000,1,5,.200,.417,0,0,,0,1,1,0,0,0,1,0,5,0.9,Cydni Lewis,https://www.sports-reference.com/cbb/players/cydni-lewis-1.html,san-jose-state,2019-20
19,79,19,2020-01-22,San Jose State,,New Mexico,REG (Conf),W 89-85,,16,5,8,.625,1,2,.500,4,6,.667,.688,1,2,.500,0,4,4,2,1,1,0,0,12,12.3,Cydni Lewis,https://www.sports-reference.com/cbb/players/cydni-lewis-1.html,san-jose-state,2019-20
20,80,20,2020-01-25,San Jose State,@,Air Force,REG (Conf),W 68-60,,20,3,6,.500,0,0,,3,6,.500,.500,0,0,,1,3,4,0,0,1,0,0,6,5.3,Cydni Lewis,https://www.sports-reference.com/cbb/players/cydni-lewis-1.html,san-jose-state,2019-20
21,81,21,2020-01-29,San Jose State,,Boise State,REG (Conf),W 74-61,,18,2,5,.400,0,0,,2,5,.400,.400,0,0,,0,4,4,1,1,1,0,0,4,4.9,Cydni Lewis,https://www.sports-reference.com/cbb/players/cydni-lewis-1.html,san-jose-state,2019-20
22,82,22,2020-02-01,San Jose State,@,Wyoming,REG (Conf),L 45-80,,23,5,8,.625,1,2,.500,4,6,.667,.688,2,2,1.000,0,8,8,0,0,1,0,0,13,12.5,Cydni Lewis,https://www.sports-reference.com/cbb/players/cydni-lewis-1.html,san-jose-state,2019-20
23,83,23,2020-02-08,San Jose State,,Nevada,REG (Conf),L 76-80,,20,2,8,.250,0,1,.000,2,7,.286,.250,3,4,.750,1,2,3,0,1,2,2,3,7,2.3,Cydni Lewis,https://www.sports-reference.com/cbb/players/cydni-lewis-1.html,san-jose-state,2019-20
24,84,24,2020-02-12,San Jose State,@,Fresno State,REG (Conf),L 76-78,,16,3,9,.333,0,1,.000,3,8,.375,.333,1,2,.500,3,3,6,1,1,1,0,2,7,6.1,Cydni Lewis,https://www.sports-reference.com/cbb/players/cydni-lewis-1.html,san-jose-state,2019-20
25,85,25,2020-02-15,San Jose State,,Air Force,REG (Conf),L 66-67,,18,2,5,.400,0,0,,2,5,.400,.400,0,0,,0,2,2,1,1,2,2,1,4,2.6,Cydni Lewis,https://www.sports-reference.com/cbb/players/cydni-lewis-1.html,san-jose-state,2019-20
26,86,26,2020-02-19,San Jose State,@,Boise State,REG (Conf),L 67-85,,25,5,10,.500,0,2,.000,5,8,.625,.500,1,2,.500,1,5,6,0,1,2,2,2,11,7.4,Cydni Lewis,https://www.sports-reference.com/cbb/players/cydni-lewis-1.html,san-jose-state,2019-20
27,87,27,2020-02-22,San Jose State,,Colorado State,REG (Conf),W 69-64,,18,2,5,.400,1,2,.500,1,3,.333,.500,0,0,,1,5,6,0,0,1,0,1,5,4.8,Cydni Lewis,https://www.sports-reference.com/cbb/players/cydni-lewis-1.html,san-jose-state,2019-20
28,88,28,2020-02-24,San Jose State,,Utah State,REG (Conf),W 76-38,,18,3,5,.600,0,0,,3,5,.600,.600,0,0,,0,4,4,0,1,1,0,2,6,5.8,Cydni Lewis,https://www.sports-reference.com/cbb/players/cydni-lewis-1.html,san-jose-state,2019-20
29,89,29,2020-02-27,San Jose State,@,UNLV,REG (Conf),W 76-63,,22,2,9,.222,0,2,.000,2,7,.286,.222,1,2,.500,0,2,2,1,2,1,3,3,5,-1.1,Cydni Lewis,https://www.sports-reference.com/cbb/players/cydni-lewis-1.html,san-jose-state,2019-20
30,90,30,2020-03-02,San Jose State,@,UNLV,CTOURN,W 67-48,,19,1,5,.200,0,1,.000,1,4,.250,.200,0,0,,0,5,5,2,0,0,4,1,2,-2.6,Cydni Lewis,https://www.sports-reference.com/cbb/players/cydni-lewis-1.html,san-jose-state,2019-20
31,91,31,2020-03-03,San Jose State,@,Fresno State,CTOURN,L 68-94,,17,2,4,.500,0,0,,2,4,.500,.500,0,1,.000,1,4,5,2,0,1,1,4,4,3.0,Cydni Lewis,https://www.sports-reference.com/cbb/players/cydni-lewis-1.html,san-jose-state,2019-20
