ranker,player_game_num_career,team_game_num_season,date,team_name_abbr,game_location,opp_name_abbr,game_type,game_result,is_starter,mp,fg,fga,fg_pct,fg3,fg3a,fg3_pct,fg2,fg2a,fg2_pct,efg_pct,ft,fta,ft_pct,orb,drb,trb,ast,stl,blk,tov,pf,pts,game_score,player_name,player_sr_link,school,season
1,91,1,2019-11-05,San Jose State,@,UC Irvine,REG (Non-Conf),L 77-79,*,26,4,8,.500,0,2,.000,4,6,.667,.500,0,0,,3,5,8,1,2,1,4,4,8,5.4,Fieme'a Hafoka,https://www.sports-reference.com/cbb/players/fiemea-hafoka-1.html,san-jose-state,2019-20
2,92,2,2019-11-08,San Jose State,,Eastern Washington,REG (Non-Conf),W 84-66,*,28,4,7,.571,3,4,.750,1,3,.333,.786,2,2,1.000,0,2,2,4,4,0,3,1,13,13.7,Fieme'a Hafoka,https://www.sports-reference.com/cbb/players/fiemea-hafoka-1.html,san-jose-state,2019-20
3,93,3,2019-11-12,San Jose State,@,Santa Clara,REG (Non-Conf),L 81-89,*,30,1,7,.143,0,3,.000,1,4,.250,.143,0,0,,1,2,3,2,0,0,3,4,2,-4.4,Fieme'a Hafoka,https://www.sports-reference.com/cbb/players/fiemea-hafoka-1.html,san-jose-state,2019-20
4,94,4,2019-11-15,San Jose State,@,UC Santa Barbara,REG (Non-Conf),W 73-70,*,32,5,11,.455,1,3,.333,4,8,.500,.500,2,2,1.000,2,2,4,5,2,0,2,1,13,12.4,Fieme'a Hafoka,https://www.sports-reference.com/cbb/players/fiemea-hafoka-1.html,san-jose-state,2019-20
5,95,5,2019-11-17,San Jose State,,Sacramento State,REG (Non-Conf),W 73-67,*,26,1,7,.143,0,3,.000,1,4,.250,.143,5,6,.833,0,2,2,1,2,0,3,1,7,2.0,Fieme'a Hafoka,https://www.sports-reference.com/cbb/players/fiemea-hafoka-1.html,san-jose-state,2019-20
6,96,6,2019-11-21,San Jose State,,Buffalo,REG (Non-Conf),W 95-88,*,24,2,9,.222,1,3,.333,1,6,.167,.278,4,4,1.000,1,6,7,5,1,0,0,2,9,9.7,Fieme'a Hafoka,https://www.sports-reference.com/cbb/players/fiemea-hafoka-1.html,san-jose-state,2019-20
7,97,7,2019-11-23,San Jose State,,San Diego,REG (Non-Conf),W 88-82,*,28,4,5,.800,2,3,.667,2,2,1.000,1.000,0,0,,1,5,6,1,0,1,7,2,10,3.9,Fieme'a Hafoka,https://www.sports-reference.com/cbb/players/fiemea-hafoka-1.html,san-jose-state,2019-20
8,98,8,2019-11-29,San Jose State,@,Cal State Bakersfield,REG (Non-Conf),L 71-75,*,31,5,11,.455,2,5,.400,3,6,.500,.545,0,0,,1,4,5,0,1,1,0,4,12,8.3,Fieme'a Hafoka,https://www.sports-reference.com/cbb/players/fiemea-hafoka-1.html,san-jose-state,2019-20
9,99,9,2019-12-04,San Jose State,@,Utah State,REG (Conf),W 76-61,*,30,4,11,.364,1,3,.333,3,8,.375,.409,0,0,,1,7,8,4,1,1,0,0,9,10.2,Fieme'a Hafoka,https://www.sports-reference.com/cbb/players/fiemea-hafoka-1.html,san-jose-state,2019-20
10,100,10,2019-12-07,San Jose State,,San Diego State,REG (Conf),W 84-67,*,30,1,8,.125,1,2,.500,0,6,.000,.188,4,4,1.000,3,5,8,5,1,1,5,2,7,4.8,Fieme'a Hafoka,https://www.sports-reference.com/cbb/players/fiemea-hafoka-1.html,san-jose-state,2019-20
11,101,11,2019-12-14,San Jose State,,La Verne,REG (Non-Conf),W 128-62,*,22,8,15,.533,1,6,.167,7,9,.778,.567,0,1,.000,2,6,8,6,3,1,0,0,17,20.4,Fieme'a Hafoka,https://www.sports-reference.com/cbb/players/fiemea-hafoka-1.html,san-jose-state,2019-20
12,102,12,2019-12-18,San Jose State,@,Brigham Young,REG (Non-Conf),L 56-75,*,22,2,8,.250,0,3,.000,2,5,.400,.250,3,4,.750,1,3,4,1,2,0,2,2,7,3.3,Fieme'a Hafoka,https://www.sports-reference.com/cbb/players/fiemea-hafoka-1.html,san-jose-state,2019-20
13,103,13,2019-12-19,San Jose State,@,Northern Arizona,REG (Non-Conf),L 64-67,*,35,2,9,.222,2,5,.400,0,4,.000,.333,3,4,.750,1,4,5,3,3,1,2,2,9,8.0,Fieme'a Hafoka,https://www.sports-reference.com/cbb/players/fiemea-hafoka-1.html,san-jose-state,2019-20
14,104,14,2020-01-01,San Jose State,@,New Mexico,REG (Conf),W 81-80,*,30,6,13,.462,0,3,.000,6,10,.600,.462,1,1,1.000,1,1,2,2,4,0,5,1,13,7.3,Fieme'a Hafoka,https://www.sports-reference.com/cbb/players/fiemea-hafoka-1.html,san-jose-state,2019-20
15,105,15,2020-01-04,San Jose State,,Fresno State,REG (Conf),L 76-85 (OT),*,33,4,13,.308,0,3,.000,4,10,.400,.308,0,1,.000,1,5,6,7,1,0,3,2,8,4.4,Fieme'a Hafoka,https://www.sports-reference.com/cbb/players/fiemea-hafoka-1.html,san-jose-state,2019-20
16,106,16,2020-01-08,San Jose State,@,Nevada,REG (Conf),W 72-70 (OT),*,36,4,10,.400,0,1,.000,4,9,.444,.400,3,4,.750,0,4,4,1,2,1,3,0,11,6.8,Fieme'a Hafoka,https://www.sports-reference.com/cbb/players/fiemea-hafoka-1.html,san-jose-state,2019-20
17,107,17,2020-01-11,San Jose State,@,Colorado State,REG (Conf),W 58-53,*,30,1,3,.333,0,2,.000,1,1,1.000,.333,2,2,1.000,0,1,1,0,1,0,2,3,4,0.4,Fieme'a Hafoka,https://www.sports-reference.com/cbb/players/fiemea-hafoka-1.html,san-jose-state,2019-20
18,108,18,2020-01-15,San Jose State,,UNLV,REG (Conf),W 62-60,*,34,3,4,.750,1,1,1.000,2,3,.667,.875,1,1,1.000,1,3,4,1,2,1,4,0,8,7.4,Fieme'a Hafoka,https://www.sports-reference.com/cbb/players/fiemea-hafoka-1.html,san-jose-state,2019-20
19,109,19,2020-01-22,San Jose State,,New Mexico,REG (Conf),W 89-85,*,30,2,7,.286,1,3,.333,1,4,.250,.357,0,0,,0,6,6,7,2,0,3,3,5,5.4,Fieme'a Hafoka,https://www.sports-reference.com/cbb/players/fiemea-hafoka-1.html,san-jose-state,2019-20
20,110,20,2020-01-25,San Jose State,@,Air Force,REG (Conf),W 68-60,*,32,5,10,.500,2,4,.500,3,6,.500,.600,1,2,.500,1,4,5,2,3,0,4,3,13,8.7,Fieme'a Hafoka,https://www.sports-reference.com/cbb/players/fiemea-hafoka-1.html,san-jose-state,2019-20
21,111,21,2020-01-29,San Jose State,,Boise State,REG (Conf),W 74-61,*,28,1,4,.250,0,1,.000,1,3,.333,.250,4,4,1.000,0,4,4,3,4,0,2,4,6,7.3,Fieme'a Hafoka,https://www.sports-reference.com/cbb/players/fiemea-hafoka-1.html,san-jose-state,2019-20
22,112,22,2020-02-01,San Jose State,@,Wyoming,REG (Conf),L 45-80,*,18,2,6,.333,1,2,.500,1,4,.250,.417,0,0,,0,1,1,1,0,0,1,4,5,0.0,Fieme'a Hafoka,https://www.sports-reference.com/cbb/players/fiemea-hafoka-1.html,san-jose-state,2019-20
23,113,23,2020-02-08,San Jose State,,Nevada,REG (Conf),L 76-80,*,30,4,11,.364,2,5,.400,2,6,.333,.455,2,2,1.000,3,4,7,3,1,0,1,1,12,10.9,Fieme'a Hafoka,https://www.sports-reference.com/cbb/players/fiemea-hafoka-1.html,san-jose-state,2019-20
24,114,24,2020-02-12,San Jose State,@,Fresno State,REG (Conf),L 76-78,*,29,6,14,.429,3,5,.600,3,9,.333,.536,0,0,,0,5,5,3,0,1,2,1,15,9.5,Fieme'a Hafoka,https://www.sports-reference.com/cbb/players/fiemea-hafoka-1.html,san-jose-state,2019-20
25,115,25,2020-02-15,San Jose State,,Air Force,REG (Conf),L 66-67,*,33,2,8,.250,1,3,.333,1,5,.200,.313,2,2,1.000,1,2,3,0,3,0,3,2,7,2.7,Fieme'a Hafoka,https://www.sports-reference.com/cbb/players/fiemea-hafoka-1.html,san-jose-state,2019-20
26,116,26,2020-02-19,San Jose State,@,Boise State,REG (Conf),L 67-85,*,26,5,11,.455,1,2,.500,4,9,.444,.500,0,0,,0,4,4,1,0,0,0,3,11,6.0,Fieme'a Hafoka,https://www.sports-reference.com/cbb/players/fiemea-hafoka-1.html,san-jose-state,2019-20
27,117,27,2020-02-22,San Jose State,,Colorado State,REG (Conf),W 69-64,*,29,0,6,.000,0,1,.000,0,5,.000,.000,0,0,,0,1,1,2,2,1,1,2,0,-1.6,Fieme'a Hafoka,https://www.sports-reference.com/cbb/players/fiemea-hafoka-1.html,san-jose-state,2019-20
28,118,28,2020-02-24,San Jose State,,Utah State,REG (Conf),W 76-38,*,28,2,9,.222,1,4,.250,1,5,.200,.278,2,2,1.000,0,7,7,2,1,0,1,0,7,5.0,Fieme'a Hafoka,https://www.sports-reference.com/cbb/players/fiemea-hafoka-1.html,san-jose-state,2019-20
29,119,29,2020-02-27,San Jose State,@,UNLV,REG (Conf),W 76-63,*,29,5,9,.556,2,4,.500,3,5,.600,.667,4,4,1.000,2,4,6,2,3,0,0,0,16,18.7,Fieme'a Hafoka,https://www.sports-reference.com/cbb/players/fiemea-hafoka-1.html,san-jose-state,2019-20
30,120,30,2020-03-02,San Jose State,@,UNLV,CTOURN,W 67-48,*,34,1,5,.200,0,2,.000,1,3,.333,.200,2,2,1.000,1,4,5,4,2,1,2,1,4,5.9,Fieme'a Hafoka,https://www.sports-reference.com/cbb/players/fiemea-hafoka-1.html,san-jose-state,2019-20
31,121,31,2020-03-03,San Jose State,@,Fresno State,CTOURN,L 68-94,*,28,5,13,.385,2,3,.667,3,10,.300,.462,0,0,,3,1,4,5,1,0,1,4,12,9.2,Fieme'a Hafoka,https://www.sports-reference.com/cbb/players/fiemea-hafoka-1.html,san-jose-state,2019-20
