ranker,player_game_num_career,team_game_num_season,date,team_name_abbr,game_location,opp_name_abbr,game_type,game_result,is_starter,mp,fg,fga,fg_pct,fg3,fg3a,fg3_pct,fg2,fg2a,fg2_pct,efg_pct,ft,fta,ft_pct,orb,drb,trb,ast,stl,blk,tov,pf,pts,game_score,player_name,player_sr_link,school,season
1,61,1,2019-11-05,San Jose State,@,UC Irvine,REG (Non-Conf),L 77-79,*,32,5,7,.714,4,5,.800,1,2,.500,1.000,0,0,,0,4,4,1,2,0,0,0,14,15.0,Megan Anderson,https://www.sports-reference.com/cbb/players/megan-anderson-2.html,san-jose-state,2019-20
2,62,2,2019-11-08,San Jose State,,Eastern Washington,REG (Non-Conf),W 84-66,*,30,2,3,.667,2,3,.667,0,0,,1.000,2,2,1.000,0,3,3,1,1,1,0,2,8,9.2,Megan Anderson,https://www.sports-reference.com/cbb/players/megan-anderson-2.html,san-jose-state,2019-20
3,63,3,2019-11-12,San Jose State,@,Santa Clara,REG (Non-Conf),L 81-89,*,33,3,10,.300,3,9,.333,0,1,.000,.450,0,0,,0,4,4,1,0,0,0,1,9,4.7,Megan Anderson,https://www.sports-reference.com/cbb/players/megan-anderson-2.html,san-jose-state,2019-20
4,64,4,2019-11-15,San Jose State,@,UC Santa Barbara,REG (Non-Conf),W 73-70,*,24,0,2,.000,0,2,.000,0,0,,.000,1,2,.500,0,1,1,0,1,0,0,2,1,-0.3,Megan Anderson,https://www.sports-reference.com/cbb/players/megan-anderson-2.html,san-jose-state,2019-20
5,65,5,2019-11-17,San Jose State,,Sacramento State,REG (Non-Conf),W 73-67,*,30,3,11,.273,3,10,.300,0,1,.000,.409,0,0,,0,2,2,0,2,0,2,0,9,3.1,Megan Anderson,https://www.sports-reference.com/cbb/players/megan-anderson-2.html,san-jose-state,2019-20
6,66,6,2019-11-21,San Jose State,,Buffalo,REG (Non-Conf),W 95-88,*,34,6,11,.545,5,9,.556,1,2,.500,.773,2,2,1.000,0,3,3,1,0,0,0,2,19,14.5,Megan Anderson,https://www.sports-reference.com/cbb/players/megan-anderson-2.html,san-jose-state,2019-20
7,67,7,2019-11-23,San Jose State,,San Diego,REG (Non-Conf),W 88-82,*,34,2,6,.333,2,5,.400,0,1,.000,.500,0,0,,0,3,3,1,2,1,0,2,6,6.1,Megan Anderson,https://www.sports-reference.com/cbb/players/megan-anderson-2.html,san-jose-state,2019-20
8,68,8,2019-11-29,San Jose State,@,Cal State Bakersfield,REG (Non-Conf),L 71-75,*,32,1,4,.250,1,3,.333,0,1,.000,.375,0,0,,0,2,2,1,1,1,0,1,3,3.2,Megan Anderson,https://www.sports-reference.com/cbb/players/megan-anderson-2.html,san-jose-state,2019-20
9,69,9,2019-12-04,San Jose State,@,Utah State,REG (Conf),W 76-61,*,31,4,8,.500,4,8,.500,0,0,,.750,3,4,.750,0,3,3,0,4,0,1,1,15,14.1,Megan Anderson,https://www.sports-reference.com/cbb/players/megan-anderson-2.html,san-jose-state,2019-20
10,70,10,2019-12-07,San Jose State,,San Diego State,REG (Conf),W 84-67,*,32,5,8,.625,5,7,.714,0,1,.000,.938,2,2,1.000,0,2,2,1,1,0,0,2,17,14.9,Megan Anderson,https://www.sports-reference.com/cbb/players/megan-anderson-2.html,san-jose-state,2019-20
11,71,11,2019-12-14,San Jose State,,La Verne,REG (Non-Conf),W 128-62,*,24,5,13,.385,4,12,.333,1,1,1.000,.538,0,0,,0,2,2,0,3,0,2,2,14,7.7,Megan Anderson,https://www.sports-reference.com/cbb/players/megan-anderson-2.html,san-jose-state,2019-20
12,72,12,2019-12-18,San Jose State,@,Brigham Young,REG (Non-Conf),L 56-75,*,32,1,2,.500,1,2,.500,0,0,,.750,0,0,,0,1,1,2,0,0,0,1,3,3.3,Megan Anderson,https://www.sports-reference.com/cbb/players/megan-anderson-2.html,san-jose-state,2019-20
13,73,13,2019-12-19,San Jose State,@,Northern Arizona,REG (Non-Conf),L 64-67,*,28,2,8,.250,1,6,.167,1,2,.500,.313,0,0,,0,2,2,2,2,0,1,4,5,1.6,Megan Anderson,https://www.sports-reference.com/cbb/players/megan-anderson-2.html,san-jose-state,2019-20
14,74,14,2020-01-01,San Jose State,@,New Mexico,REG (Conf),W 81-80,*,32,7,12,.583,6,11,.545,1,1,1.000,.833,0,0,,1,4,5,0,1,0,2,2,20,14.5,Megan Anderson,https://www.sports-reference.com/cbb/players/megan-anderson-2.html,san-jose-state,2019-20
15,75,15,2020-01-04,San Jose State,,Fresno State,REG (Conf),L 76-85 (OT),*,35,1,10,.100,1,10,.100,0,0,,.150,0,0,,0,3,3,1,0,1,0,1,3,-1.7,Megan Anderson,https://www.sports-reference.com/cbb/players/megan-anderson-2.html,san-jose-state,2019-20
16,76,16,2020-01-08,San Jose State,@,Nevada,REG (Conf),W 72-70 (OT),*,29,0,1,.000,0,1,.000,0,0,,.000,0,0,,0,3,3,2,0,0,2,0,0,-0.4,Megan Anderson,https://www.sports-reference.com/cbb/players/megan-anderson-2.html,san-jose-state,2019-20
17,77,17,2020-01-11,San Jose State,@,Colorado State,REG (Conf),W 58-53,*,32,1,7,.143,1,4,.250,0,3,.000,.214,0,0,,0,6,6,0,0,0,0,1,3,-0.1,Megan Anderson,https://www.sports-reference.com/cbb/players/megan-anderson-2.html,san-jose-state,2019-20
18,78,18,2020-01-15,San Jose State,,UNLV,REG (Conf),W 62-60,*,31,1,5,.200,1,5,.200,0,0,,.300,0,0,,0,5,5,1,1,0,1,1,3,1.7,Megan Anderson,https://www.sports-reference.com/cbb/players/megan-anderson-2.html,san-jose-state,2019-20
19,79,19,2020-01-22,San Jose State,,New Mexico,REG (Conf),W 89-85,*,33,4,5,.800,3,4,.750,1,1,1.000,1.100,0,0,,0,1,1,0,0,0,2,1,11,7.0,Megan Anderson,https://www.sports-reference.com/cbb/players/megan-anderson-2.html,san-jose-state,2019-20
20,80,20,2020-01-25,San Jose State,@,Air Force,REG (Conf),W 68-60,*,37,3,7,.429,3,5,.600,0,2,.000,.643,0,0,,1,1,2,1,0,0,1,0,9,6.0,Megan Anderson,https://www.sports-reference.com/cbb/players/megan-anderson-2.html,san-jose-state,2019-20
21,81,21,2020-01-29,San Jose State,,Boise State,REG (Conf),W 74-61,*,35,4,9,.444,3,7,.429,1,2,.500,.611,0,0,,0,8,8,1,1,0,0,3,11,9.2,Megan Anderson,https://www.sports-reference.com/cbb/players/megan-anderson-2.html,san-jose-state,2019-20
22,82,22,2020-02-01,San Jose State,@,Wyoming,REG (Conf),L 45-80,*,29,1,4,.250,0,2,.000,1,2,.500,.250,0,0,,0,3,3,3,0,0,1,0,2,1.6,Megan Anderson,https://www.sports-reference.com/cbb/players/megan-anderson-2.html,san-jose-state,2019-20
23,83,23,2020-02-08,San Jose State,,Nevada,REG (Conf),L 76-80,*,35,3,7,.429,1,5,.200,2,2,1.000,.500,2,3,.667,0,6,6,3,1,0,1,1,9,8.4,Megan Anderson,https://www.sports-reference.com/cbb/players/megan-anderson-2.html,san-jose-state,2019-20
24,84,24,2020-02-12,San Jose State,@,Fresno State,REG (Conf),L 76-78,*,34,3,6,.500,3,6,.500,0,0,,.750,0,0,,0,2,2,2,0,0,0,2,9,7.2,Megan Anderson,https://www.sports-reference.com/cbb/players/megan-anderson-2.html,san-jose-state,2019-20
25,85,25,2020-02-15,San Jose State,,Air Force,REG (Conf),L 66-67,*,35,5,9,.556,3,7,.429,2,2,1.000,.722,2,3,.667,0,4,4,0,1,0,2,3,15,9.3,Megan Anderson,https://www.sports-reference.com/cbb/players/megan-anderson-2.html,san-jose-state,2019-20
26,86,26,2020-02-19,San Jose State,@,Boise State,REG (Conf),L 67-85,*,32,0,5,.000,0,5,.000,0,0,,.000,1,2,.500,0,3,3,0,0,0,0,2,1,-2.8,Megan Anderson,https://www.sports-reference.com/cbb/players/megan-anderson-2.html,san-jose-state,2019-20
27,87,27,2020-02-22,San Jose State,,Colorado State,REG (Conf),W 69-64,*,30,4,9,.444,3,7,.429,1,2,.500,.611,1,1,1.000,0,4,4,0,1,0,0,1,12,9.1,Megan Anderson,https://www.sports-reference.com/cbb/players/megan-anderson-2.html,san-jose-state,2019-20
28,88,28,2020-02-24,San Jose State,,Utah State,REG (Conf),W 76-38,*,27,4,8,.500,3,7,.429,1,1,1.000,.688,0,0,,0,5,5,1,1,0,1,1,11,8.8,Megan Anderson,https://www.sports-reference.com/cbb/players/megan-anderson-2.html,san-jose-state,2019-20
29,89,29,2020-02-27,San Jose State,@,UNLV,REG (Conf),W 76-63,*,26,4,6,.667,4,6,.667,0,0,,1.000,0,0,,0,2,2,0,0,0,1,0,12,9.0,Megan Anderson,https://www.sports-reference.com/cbb/players/megan-anderson-2.html,san-jose-state,2019-20
30,90,30,2020-03-02,San Jose State,@,UNLV,CTOURN,W 67-48,*,35,4,8,.500,4,8,.500,0,0,,.750,0,0,,0,4,4,1,0,0,0,2,12,9.1,Megan Anderson,https://www.sports-reference.com/cbb/players/megan-anderson-2.html,san-jose-state,2019-20
31,91,31,2020-03-03,San Jose State,@,Fresno State,CTOURN,L 68-94,*,38,2,7,.286,2,7,.286,0,0,,.429,0,0,,0,5,5,4,0,0,0,2,6,5.4,Megan Anderson,https://www.sports-reference.com/cbb/players/megan-anderson-2.html,san-jose-state,2019-20
