ranker,player_game_num_career,team_game_num_season,date,team_name_abbr,game_location,opp_name_abbr,game_type,game_result,is_starter,mp,fg,fga,fg_pct,fg3,fg3a,fg2,fg2a,fg2_pct,efg_pct,ft,fta,ft_pct,orb,drb,trb,ast,stl,blk,tov,pf,pts,game_score,player_name,player_sr_link,school,season
1,1,1,2019-11-05,San Jose State,@,UC Irvine,REG (Non-Conf),L 77-79,,1,0,0,,0,0,0,0,,,0,0,,1,0,1,0,0,0,0,0,0,0.7,Miyah Lewis-Hampton,https://www.sports-reference.com/cbb/players/miyah-lewis-hampton-1.html,san-jose-state,2019-20
2,2,2,2019-11-08,San Jose State,,Eastern Washington,REG (Non-Conf),W 84-66,,1,0,0,,0,0,0,0,,,0,0,,0,0,0,0,0,0,0,0,0,0.0,Miyah Lewis-Hampton,https://www.sports-reference.com/cbb/players/miyah-lewis-hampton-1.html,san-jose-state,2019-20
3,3,11,2019-12-14,San Jose State,,La Verne,REG (Non-Conf),W 128-62,,13,1,1,1.000,0,0,1,1,1.000,1.000,3,4,.750,1,4,5,0,1,1,0,2,5,7.1,Miyah Lewis-Hampton,https://www.sports-reference.com/cbb/players/miyah-lewis-hampton-1.html,san-jose-state,2019-20
4,4,12,2019-12-18,San Jose State,@,Brigham Young,REG (Non-Conf),L 56-75,,2,0,0,,0,0,0,0,,,0,0,,0,0,0,0,0,0,0,1,0,-0.4,Miyah Lewis-Hampton,https://www.sports-reference.com/cbb/players/miyah-lewis-hampton-1.html,san-jose-state,2019-20
5,5,13,2019-12-19,San Jose State,@,Northern Arizona,REG (Non-Conf),L 64-67,,2,1,3,.333,0,0,1,3,.333,.333,0,0,,1,0,1,0,0,1,0,0,2,1.7,Miyah Lewis-Hampton,https://www.sports-reference.com/cbb/players/miyah-lewis-hampton-1.html,san-jose-state,2019-20
6,6,14,2020-01-01,San Jose State,@,New Mexico,REG (Conf),W 81-80,,1,0,0,,0,0,0,0,,,0,0,,0,1,1,0,0,1,1,0,0,0.0,Miyah Lewis-Hampton,https://www.sports-reference.com/cbb/players/miyah-lewis-hampton-1.html,san-jose-state,2019-20
7,7,20,2020-01-25,San Jose State,@,Air Force,REG (Conf),W 68-60,,2,0,0,,0,0,0,0,,,0,0,,0,0,0,0,1,0,0,0,0,1.0,Miyah Lewis-Hampton,https://www.sports-reference.com/cbb/players/miyah-lewis-hampton-1.html,san-jose-state,2019-20
8,8,22,2020-02-01,San Jose State,@,Wyoming,REG (Conf),L 45-80,,6,0,1,.000,0,0,0,1,.000,.000,0,0,,1,0,1,0,0,1,3,1,0,-2.7,Miyah Lewis-Hampton,https://www.sports-reference.com/cbb/players/miyah-lewis-hampton-1.html,san-jose-state,2019-20
9,9,26,2020-02-19,San Jose State,@,Boise State,REG (Conf),L 67-85,,1,0,0,,0,0,0,0,,,0,0,,0,1,1,0,0,0,0,0,0,0.3,Miyah Lewis-Hampton,https://www.sports-reference.com/cbb/players/miyah-lewis-hampton-1.html,san-jose-state,2019-20
10,10,28,2020-02-24,San Jose State,,Utah State,REG (Conf),W 76-38,,5,0,0,,0,0,0,0,,,0,0,,0,2,2,0,0,1,0,1,0,0.9,Miyah Lewis-Hampton,https://www.sports-reference.com/cbb/players/miyah-lewis-hampton-1.html,san-jose-state,2019-20
11,11,31,2020-03-03,San Jose State,@,Fresno State,CTOURN,L 68-94,,0,1,1,1.000,0,0,1,1,1.000,1.000,0,1,.000,0,0,0,0,0,0,0,0,2,1.3,Miyah Lewis-Hampton,https://www.sports-reference.com/cbb/players/miyah-lewis-hampton-1.html,san-jose-state,2019-20
