ranker,player_game_num_career,team_game_num_season,date,team_name_abbr,game_location,opp_name_abbr,game_type,game_result,is_starter,mp,fg,fga,fg_pct,fg3,fg3a,fg3_pct,fg2,fg2a,fg2_pct,efg_pct,ft,fta,ft_pct,orb,drb,trb,ast,stl,blk,tov,pf,pts,game_score,player_name,player_sr_link,school,season
1,31,1,2019-11-05,San Jose State,@,UC Irvine,REG (Non-Conf),L 77-79,*,23,3,8,.375,0,1,.000,3,7,.429,.375,3,4,.750,0,3,3,5,0,0,2,3,9,5.4,Raziya Potter,https://www.sports-reference.com/cbb/players/raziya-potter-1.html,san-jose-state,2019-20
2,32,2,2019-11-08,San Jose State,,Eastern Washington,REG (Non-Conf),W 84-66,*,21,1,6,.167,0,1,.000,1,5,.200,.167,5,6,.833,1,2,3,3,2,0,1,2,7,6.4,Raziya Potter,https://www.sports-reference.com/cbb/players/raziya-potter-1.html,san-jose-state,2019-20
3,33,3,2019-11-12,San Jose State,@,Santa Clara,REG (Non-Conf),L 81-89,*,14,3,12,.250,1,4,.250,2,8,.250,.292,2,5,.400,1,0,1,3,0,0,1,3,9,1.2,Raziya Potter,https://www.sports-reference.com/cbb/players/raziya-potter-1.html,san-jose-state,2019-20
4,34,4,2019-11-15,San Jose State,@,UC Santa Barbara,REG (Non-Conf),W 73-70,*,17,0,5,.000,0,2,.000,0,3,.000,.000,0,0,,0,2,2,1,0,0,5,4,0,-8.8,Raziya Potter,https://www.sports-reference.com/cbb/players/raziya-potter-1.html,san-jose-state,2019-20
5,35,5,2019-11-17,San Jose State,,Sacramento State,REG (Non-Conf),W 73-67,*,24,7,13,.538,0,2,.000,7,11,.636,.538,3,7,.429,0,2,2,1,2,1,4,4,17,7.5,Raziya Potter,https://www.sports-reference.com/cbb/players/raziya-potter-1.html,san-jose-state,2019-20
6,36,6,2019-11-21,San Jose State,,Buffalo,REG (Non-Conf),W 95-88,*,19,3,7,.429,0,1,.000,3,6,.500,.429,4,4,1.000,1,0,1,2,0,0,3,4,10,3.8,Raziya Potter,https://www.sports-reference.com/cbb/players/raziya-potter-1.html,san-jose-state,2019-20
7,37,7,2019-11-23,San Jose State,,San Diego,REG (Non-Conf),W 88-82,*,21,3,7,.429,0,0,,3,7,.429,.429,4,5,.800,0,3,3,4,0,0,3,4,10,5.0,Raziya Potter,https://www.sports-reference.com/cbb/players/raziya-potter-1.html,san-jose-state,2019-20
8,38,8,2019-11-29,San Jose State,@,Cal State Bakersfield,REG (Non-Conf),L 71-75,*,18,2,6,.333,0,2,.000,2,4,.500,.333,4,6,.667,1,4,5,4,1,1,2,4,8,6.6,Raziya Potter,https://www.sports-reference.com/cbb/players/raziya-potter-1.html,san-jose-state,2019-20
9,39,9,2019-12-04,San Jose State,@,Utah State,REG (Conf),W 76-61,*,19,4,9,.444,2,2,1.000,2,7,.286,.556,3,6,.500,2,0,2,3,2,1,5,2,13,7.5,Raziya Potter,https://www.sports-reference.com/cbb/players/raziya-potter-1.html,san-jose-state,2019-20
10,40,10,2019-12-07,San Jose State,,San Diego State,REG (Conf),W 84-67,*,28,1,3,.333,0,0,,1,3,.333,.333,3,5,.600,1,0,1,3,1,3,1,1,5,7.0,Raziya Potter,https://www.sports-reference.com/cbb/players/raziya-potter-1.html,san-jose-state,2019-20
11,41,11,2019-12-14,San Jose State,,La Verne,REG (Non-Conf),W 128-62,*,27,3,10,.300,0,3,.000,3,7,.429,.300,7,9,.778,2,1,3,10,1,1,5,4,13,10.2,Raziya Potter,https://www.sports-reference.com/cbb/players/raziya-potter-1.html,san-jose-state,2019-20
12,42,12,2019-12-18,San Jose State,@,Brigham Young,REG (Non-Conf),L 56-75,*,24,3,9,.333,0,3,.000,3,6,.500,.333,5,9,.556,0,2,2,3,4,0,3,5,11,6.0,Raziya Potter,https://www.sports-reference.com/cbb/players/raziya-potter-1.html,san-jose-state,2019-20
13,43,13,2019-12-19,San Jose State,@,Northern Arizona,REG (Non-Conf),L 64-67,*,30,3,12,.250,0,0,,3,12,.250,.250,3,4,.750,3,1,4,3,2,0,3,3,9,3.7,Raziya Potter,https://www.sports-reference.com/cbb/players/raziya-potter-1.html,san-jose-state,2019-20
14,44,14,2020-01-01,San Jose State,@,New Mexico,REG (Conf),W 81-80,*,18,3,7,.429,1,2,.500,2,5,.400,.500,5,6,.833,2,2,4,4,0,0,2,4,12,9.1,Raziya Potter,https://www.sports-reference.com/cbb/players/raziya-potter-1.html,san-jose-state,2019-20
15,45,15,2020-01-04,San Jose State,,Fresno State,REG (Conf),L 76-85 (OT),*,23,3,7,.429,0,0,,3,7,.429,.429,1,4,.250,1,3,4,2,1,3,2,5,7,4.2,Raziya Potter,https://www.sports-reference.com/cbb/players/raziya-potter-1.html,san-jose-state,2019-20
16,46,16,2020-01-08,San Jose State,@,Nevada,REG (Conf),W 72-70 (OT),*,37,6,12,.500,1,2,.500,5,10,.500,.542,2,4,.500,0,2,2,1,2,0,2,2,15,8.7,Raziya Potter,https://www.sports-reference.com/cbb/players/raziya-potter-1.html,san-jose-state,2019-20
17,47,17,2020-01-11,San Jose State,@,Colorado State,REG (Conf),W 58-53,*,27,7,13,.538,1,5,.200,6,8,.750,.577,4,6,.667,0,10,10,3,1,1,7,3,19,10.5,Raziya Potter,https://www.sports-reference.com/cbb/players/raziya-potter-1.html,san-jose-state,2019-20
18,48,18,2020-01-15,San Jose State,,UNLV,REG (Conf),W 62-60,*,25,3,6,.500,0,1,.000,3,5,.600,.500,4,9,.444,0,1,1,3,1,0,6,3,10,1.2,Raziya Potter,https://www.sports-reference.com/cbb/players/raziya-potter-1.html,san-jose-state,2019-20
19,49,19,2020-01-22,San Jose State,,New Mexico,REG (Conf),W 89-85,*,21,3,7,.429,3,4,.750,0,3,.000,.643,0,2,.000,1,4,5,2,0,1,6,3,9,1.3,Raziya Potter,https://www.sports-reference.com/cbb/players/raziya-potter-1.html,san-jose-state,2019-20
20,50,20,2020-01-25,San Jose State,@,Air Force,REG (Conf),W 68-60,*,27,2,5,.400,0,2,.000,2,3,.667,.400,2,3,.667,0,1,1,4,2,0,1,5,6,5.0,Raziya Potter,https://www.sports-reference.com/cbb/players/raziya-potter-1.html,san-jose-state,2019-20
21,51,21,2020-01-29,San Jose State,,Boise State,REG (Conf),W 74-61,*,26,1,10,.100,0,3,.000,1,7,.143,.100,0,0,,1,1,2,4,2,4,0,2,2,3.2,Raziya Potter,https://www.sports-reference.com/cbb/players/raziya-potter-1.html,san-jose-state,2019-20
22,52,22,2020-02-01,San Jose State,@,Wyoming,REG (Conf),L 45-80,*,17,1,3,.333,1,2,.500,0,1,.000,.500,0,0,,0,0,0,0,2,1,4,2,3,-0.8,Raziya Potter,https://www.sports-reference.com/cbb/players/raziya-potter-1.html,san-jose-state,2019-20
23,53,23,2020-02-08,San Jose State,,Nevada,REG (Conf),L 76-80,*,25,3,8,.375,0,1,.000,3,7,.429,.375,3,3,1.000,0,2,2,2,1,0,1,2,9,5.8,Raziya Potter,https://www.sports-reference.com/cbb/players/raziya-potter-1.html,san-jose-state,2019-20
24,54,24,2020-02-12,San Jose State,@,Fresno State,REG (Conf),L 76-78,*,18,3,10,.300,0,2,.000,3,8,.375,.300,2,2,1.000,1,2,3,3,0,0,2,2,8,2.8,Raziya Potter,https://www.sports-reference.com/cbb/players/raziya-potter-1.html,san-jose-state,2019-20
25,55,25,2020-02-15,San Jose State,,Air Force,REG (Conf),L 66-67,*,22,1,5,.200,0,1,.000,1,4,.250,.200,3,5,.600,1,4,5,4,2,1,2,4,5,4.9,Raziya Potter,https://www.sports-reference.com/cbb/players/raziya-potter-1.html,san-jose-state,2019-20
26,56,26,2020-02-19,San Jose State,@,Boise State,REG (Conf),L 67-85,*,27,5,10,.500,0,1,.000,5,9,.556,.500,0,1,.000,0,0,0,6,2,0,1,4,10,8.2,Raziya Potter,https://www.sports-reference.com/cbb/players/raziya-potter-1.html,san-jose-state,2019-20
27,57,27,2020-02-22,San Jose State,,Colorado State,REG (Conf),W 69-64,,22,8,15,.533,2,5,.400,6,10,.600,.600,2,3,.667,3,2,5,1,1,0,2,2,20,13.9,Raziya Potter,https://www.sports-reference.com/cbb/players/raziya-potter-1.html,san-jose-state,2019-20
28,58,28,2020-02-24,San Jose State,,Utah State,REG (Conf),W 76-38,,19,5,13,.385,1,3,.333,4,10,.400,.423,5,5,1.000,1,4,5,2,0,0,1,3,16,10.0,Raziya Potter,https://www.sports-reference.com/cbb/players/raziya-potter-1.html,san-jose-state,2019-20
29,59,29,2020-02-27,San Jose State,@,UNLV,REG (Conf),W 76-63,,24,2,7,.286,0,1,.000,2,6,.333,.286,2,4,.500,1,3,4,2,1,0,3,2,6,1.3,Raziya Potter,https://www.sports-reference.com/cbb/players/raziya-potter-1.html,san-jose-state,2019-20
30,60,30,2020-03-02,San Jose State,@,UNLV,CTOURN,W 67-48,,19,5,9,.556,0,1,.000,5,8,.625,.556,2,2,1.000,1,0,1,1,2,0,7,3,12,2.9,Raziya Potter,https://www.sports-reference.com/cbb/players/raziya-potter-1.html,san-jose-state,2019-20
31,61,31,2020-03-03,San Jose State,@,Fresno State,CTOURN,L 68-94,,15,0,5,.000,0,1,.000,0,4,.000,.000,2,4,.500,0,1,1,0,0,0,2,4,2,-5.6,Raziya Potter,https://www.sports-reference.com/cbb/players/raziya-potter-1.html,san-jose-state,2019-20
