ranker,player_game_num_career,team_game_num_season,date,team_name_abbr,game_location,opp_name_abbr,game_type,game_result,is_starter,mp,fg,fga,fg_pct,fg3,fg3a,fg2,fg2a,fg2_pct,efg_pct,ft,fta,ft_pct,orb,drb,trb,ast,stl,blk,tov,pf,pts,game_score,player_name,player_sr_link,school,season
1,59,1,2019-11-05,San Jose State,@,UC Irvine,REG (Non-Conf),L 77-79,*,31,9,19,.474,0,0,9,19,.474,.474,3,3,1.000,1,11,12,1,4,0,2,3,21,16.8,Tyra Whitehead,https://www.sports-reference.com/cbb/players/tyra-whitehead-1.html,san-jose-state,2019-20
2,60,2,2019-11-08,San Jose State,,Eastern Washington,REG (Non-Conf),W 84-66,*,19,3,7,.429,0,0,3,7,.429,.429,4,4,1.000,2,4,6,2,1,2,3,4,10,8.1,Tyra Whitehead,https://www.sports-reference.com/cbb/players/tyra-whitehead-1.html,san-jose-state,2019-20
3,61,3,2019-11-12,San Jose State,@,Santa Clara,REG (Non-Conf),L 81-89,*,30,10,19,.526,0,0,10,19,.526,.526,1,1,1.000,4,7,11,2,4,1,4,5,21,16.7,Tyra Whitehead,https://www.sports-reference.com/cbb/players/tyra-whitehead-1.html,san-jose-state,2019-20
4,62,4,2019-11-15,San Jose State,@,UC Santa Barbara,REG (Non-Conf),W 73-70,*,30,6,13,.462,0,0,6,13,.462,.462,4,4,1.000,1,5,6,0,3,0,1,4,16,11.9,Tyra Whitehead,https://www.sports-reference.com/cbb/players/tyra-whitehead-1.html,san-jose-state,2019-20
5,63,5,2019-11-17,San Jose State,,Sacramento State,REG (Non-Conf),W 73-67,*,29,7,11,.636,0,0,7,11,.636,.636,1,3,.333,4,10,14,1,5,1,1,2,15,19.7,Tyra Whitehead,https://www.sports-reference.com/cbb/players/tyra-whitehead-1.html,san-jose-state,2019-20
6,64,6,2019-11-21,San Jose State,,Buffalo,REG (Non-Conf),W 95-88,*,30,9,15,.600,0,0,9,15,.600,.600,0,0,,3,5,8,1,4,0,1,2,18,17.6,Tyra Whitehead,https://www.sports-reference.com/cbb/players/tyra-whitehead-1.html,san-jose-state,2019-20
7,65,7,2019-11-23,San Jose State,,San Diego,REG (Non-Conf),W 88-82,*,30,7,9,.778,0,0,7,9,.778,.778,1,1,1.000,1,6,7,0,4,2,1,3,15,17.2,Tyra Whitehead,https://www.sports-reference.com/cbb/players/tyra-whitehead-1.html,san-jose-state,2019-20
8,66,8,2019-11-29,San Jose State,@,Cal State Bakersfield,REG (Non-Conf),L 71-75,*,30,6,9,.667,0,0,6,9,.667,.667,3,4,.750,2,5,7,0,1,0,5,2,15,8.8,Tyra Whitehead,https://www.sports-reference.com/cbb/players/tyra-whitehead-1.html,san-jose-state,2019-20
9,67,9,2019-12-04,San Jose State,@,Utah State,REG (Conf),W 76-61,*,20,1,4,.250,0,0,1,4,.250,.250,0,0,,3,5,8,0,2,1,2,5,2,1.9,Tyra Whitehead,https://www.sports-reference.com/cbb/players/tyra-whitehead-1.html,san-jose-state,2019-20
10,68,10,2019-12-07,San Jose State,,San Diego State,REG (Conf),W 84-67,*,25,8,16,.500,0,0,8,16,.500,.500,0,0,,2,7,9,0,0,1,1,3,16,10.0,Tyra Whitehead,https://www.sports-reference.com/cbb/players/tyra-whitehead-1.html,san-jose-state,2019-20
11,69,11,2019-12-14,San Jose State,,La Verne,REG (Non-Conf),W 128-62,*,16,8,14,.571,0,0,8,14,.571,.571,3,4,.750,5,8,13,1,2,2,0,0,19,22.0,Tyra Whitehead,https://www.sports-reference.com/cbb/players/tyra-whitehead-1.html,san-jose-state,2019-20
12,70,12,2019-12-18,San Jose State,@,Brigham Young,REG (Non-Conf),L 56-75,*,27,4,9,.444,0,0,4,9,.444,.444,0,2,.000,2,5,7,1,1,0,0,4,8,5.5,Tyra Whitehead,https://www.sports-reference.com/cbb/players/tyra-whitehead-1.html,san-jose-state,2019-20
13,71,13,2019-12-19,San Jose State,@,Northern Arizona,REG (Non-Conf),L 64-67,*,26,5,16,.313,0,0,5,16,.313,.313,2,3,.667,4,7,11,1,3,0,2,1,12,8.6,Tyra Whitehead,https://www.sports-reference.com/cbb/players/tyra-whitehead-1.html,san-jose-state,2019-20
14,72,14,2020-01-01,San Jose State,@,New Mexico,REG (Conf),W 81-80,*,30,1,7,.143,0,0,1,7,.143,.143,1,2,.500,2,7,9,4,2,0,2,4,3,2.8,Tyra Whitehead,https://www.sports-reference.com/cbb/players/tyra-whitehead-1.html,san-jose-state,2019-20
15,73,15,2020-01-04,San Jose State,,Fresno State,REG (Conf),L 76-85 (OT),*,33,9,15,.600,0,0,9,15,.600,.600,4,5,.800,7,13,20,0,0,0,2,0,22,21.5,Tyra Whitehead,https://www.sports-reference.com/cbb/players/tyra-whitehead-1.html,san-jose-state,2019-20
16,74,16,2020-01-08,San Jose State,@,Nevada,REG (Conf),W 72-70 (OT),*,37,9,15,.600,0,0,9,15,.600,.600,0,0,,4,10,14,1,3,2,2,0,18,20.0,Tyra Whitehead,https://www.sports-reference.com/cbb/players/tyra-whitehead-1.html,san-jose-state,2019-20
17,75,17,2020-01-11,San Jose State,@,Colorado State,REG (Conf),W 58-53,*,22,1,6,.167,0,0,1,6,.167,.167,0,0,,2,8,10,1,4,0,3,4,2,2.1,Tyra Whitehead,https://www.sports-reference.com/cbb/players/tyra-whitehead-1.html,san-jose-state,2019-20
18,76,18,2020-01-15,San Jose State,,UNLV,REG (Conf),W 62-60,*,32,6,10,.600,0,0,6,10,.600,.600,1,3,.333,2,2,4,1,3,1,0,0,13,14.0,Tyra Whitehead,https://www.sports-reference.com/cbb/players/tyra-whitehead-1.html,san-jose-state,2019-20
19,77,19,2020-01-22,San Jose State,,New Mexico,REG (Conf),W 89-85,*,30,8,16,.500,0,0,8,16,.500,.500,2,3,.667,6,10,16,4,1,1,1,4,18,18.7,Tyra Whitehead,https://www.sports-reference.com/cbb/players/tyra-whitehead-1.html,san-jose-state,2019-20
20,78,20,2020-01-25,San Jose State,@,Air Force,REG (Conf),W 68-60,*,33,4,9,.444,0,0,4,9,.444,.444,3,4,.750,4,12,16,0,2,2,4,3,11,10.5,Tyra Whitehead,https://www.sports-reference.com/cbb/players/tyra-whitehead-1.html,san-jose-state,2019-20
21,79,21,2020-01-29,San Jose State,,Boise State,REG (Conf),W 74-61,*,30,10,16,.625,0,0,10,16,.625,.625,1,3,.333,2,4,6,0,2,2,1,2,21,17.2,Tyra Whitehead,https://www.sports-reference.com/cbb/players/tyra-whitehead-1.html,san-jose-state,2019-20
22,80,22,2020-02-01,San Jose State,@,Wyoming,REG (Conf),L 45-80,*,19,3,8,.375,0,0,3,8,.375,.375,0,0,,2,6,8,0,2,3,3,0,6,5.9,Tyra Whitehead,https://www.sports-reference.com/cbb/players/tyra-whitehead-1.html,san-jose-state,2019-20
23,81,23,2020-02-08,San Jose State,,Nevada,REG (Conf),L 76-80,*,28,7,8,.875,0,0,7,8,.875,.875,3,4,.750,4,3,7,4,3,1,1,3,17,21.8,Tyra Whitehead,https://www.sports-reference.com/cbb/players/tyra-whitehead-1.html,san-jose-state,2019-20
24,82,24,2020-02-12,San Jose State,@,Fresno State,REG (Conf),L 76-78,*,36,13,17,.765,0,0,13,17,.765,.765,2,2,1.000,6,6,12,2,2,2,1,3,28,29.9,Tyra Whitehead,https://www.sports-reference.com/cbb/players/tyra-whitehead-1.html,san-jose-state,2019-20
25,83,25,2020-02-15,San Jose State,,Air Force,REG (Conf),L 66-67,*,30,6,16,.375,0,0,6,16,.375,.375,6,8,.750,6,6,12,4,3,3,2,3,18,19.1,Tyra Whitehead,https://www.sports-reference.com/cbb/players/tyra-whitehead-1.html,san-jose-state,2019-20
26,84,26,2020-02-19,San Jose State,@,Boise State,REG (Conf),L 67-85,*,27,6,14,.429,0,0,6,14,.429,.429,4,4,1.000,7,3,10,0,2,2,2,1,16,15.4,Tyra Whitehead,https://www.sports-reference.com/cbb/players/tyra-whitehead-1.html,san-jose-state,2019-20
27,85,27,2020-02-22,San Jose State,,Colorado State,REG (Conf),W 69-64,*,32,1,2,.500,0,0,1,2,.500,.500,3,4,.750,1,7,8,2,0,2,2,1,5,6.8,Tyra Whitehead,https://www.sports-reference.com/cbb/players/tyra-whitehead-1.html,san-jose-state,2019-20
28,86,28,2020-02-24,San Jose State,,Utah State,REG (Conf),W 76-38,*,20,3,11,.273,0,0,3,11,.273,.273,0,2,.000,6,5,11,5,1,1,4,2,6,4.8,Tyra Whitehead,https://www.sports-reference.com/cbb/players/tyra-whitehead-1.html,san-jose-state,2019-20
29,87,29,2020-02-27,San Jose State,@,UNLV,REG (Conf),W 76-63,*,34,5,12,.417,0,0,5,12,.417,.417,4,4,1.000,6,9,15,3,1,3,2,5,14,15.7,Tyra Whitehead,https://www.sports-reference.com/cbb/players/tyra-whitehead-1.html,san-jose-state,2019-20
30,88,30,2020-03-02,San Jose State,@,UNLV,CTOURN,W 67-48,*,27,5,11,.455,0,0,5,11,.455,.455,0,2,.000,2,6,8,0,3,0,3,1,10,6.3,Tyra Whitehead,https://www.sports-reference.com/cbb/players/tyra-whitehead-1.html,san-jose-state,2019-20
31,89,31,2020-03-03,San Jose State,@,Fresno State,CTOURN,L 68-94,*,23,6,9,.667,0,0,6,9,.667,.667,4,5,.800,2,7,9,0,0,1,1,4,16,13.3,Tyra Whitehead,https://www.sports-reference.com/cbb/players/tyra-whitehead-1.html,san-jose-state,2019-20
