ranker,player_game_num_career,team_game_num_season,date,team_name_abbr,game_location,opp_name_abbr,game_type,game_result,is_starter,mp,fg,fga,fg_pct,fg3,fg3a,fg3_pct,fg2,fg2a,fg2_pct,efg_pct,ft,fta,ft_pct,orb,drb,trb,ast,stl,blk,tov,pf,pts,game_score,player_name,player_sr_link,school,season
1,30,1,2019-11-10,Louisiana–Monroe,@,Ole Miss,REG (Non-Conf),L 42-66,,13,0,4,.000,0,2,.000,0,2,.000,.000,0,0,,1,1,2,1,1,0,1,1,0,-1.5,Amber Thompson,https://www.sports-reference.com/cbb/players/amber-thompson-2.html,louisiana-monroe,2019-20
2,31,2,2019-11-12,Louisiana–Monroe,@,Tennessee Tech,REG (Non-Conf),L 68-75,,23,3,8,.375,0,1,.000,3,7,.429,.375,3,4,.750,1,1,2,0,1,0,1,4,9,3.6,Amber Thompson,https://www.sports-reference.com/cbb/players/amber-thompson-2.html,louisiana-monroe,2019-20
3,32,3,2019-11-16,Louisiana–Monroe,,Southern Mississippi,REG (Non-Conf),L 42-57,*,34,1,8,.125,1,3,.333,0,5,.000,.188,1,2,.500,1,6,7,3,2,1,3,1,4,2.3,Amber Thompson,https://www.sports-reference.com/cbb/players/amber-thompson-2.html,louisiana-monroe,2019-20
4,33,4,2019-11-18,Louisiana–Monroe,,Northwestern State,REG (Non-Conf),W 63-54,*,26,1,6,.167,0,2,.000,1,4,.250,.167,6,8,.750,0,2,2,3,2,1,2,3,8,5.6,Amber Thompson,https://www.sports-reference.com/cbb/players/amber-thompson-2.html,louisiana-monroe,2019-20
5,34,5,2019-11-24,Louisiana–Monroe,,Southeastern Louisiana,REG (Non-Conf),L 52-65,*,39,4,9,.444,2,5,.400,2,4,.500,.556,5,6,.833,1,6,7,4,0,2,4,1,15,12.2,Amber Thompson,https://www.sports-reference.com/cbb/players/amber-thompson-2.html,louisiana-monroe,2019-20
6,35,7,2019-12-07,Louisiana–Monroe,,Houston Baptist,REG (Non-Conf),L 65-72,,35,4,8,.500,0,1,.000,4,7,.571,.500,3,3,1.000,1,1,2,2,2,1,2,3,11,8.9,Amber Thompson,https://www.sports-reference.com/cbb/players/amber-thompson-2.html,louisiana-monroe,2019-20
7,36,8,2019-12-13,Louisiana–Monroe,@,Nicholls State,REG (Non-Conf),L 59-74,*,34,3,9,.333,0,2,.000,3,7,.429,.333,2,2,1.000,1,5,6,2,1,0,2,2,8,4.7,Amber Thompson,https://www.sports-reference.com/cbb/players/amber-thompson-2.html,louisiana-monroe,2019-20
8,37,9,2019-12-20,Louisiana–Monroe,@,North Texas,REG (Non-Conf),L 51-63,*,33,1,7,.143,1,3,.333,0,4,.000,.214,4,4,1.000,0,7,7,4,2,0,3,2,7,5.6,Amber Thompson,https://www.sports-reference.com/cbb/players/amber-thompson-2.html,louisiana-monroe,2019-20
9,38,10,2019-12-22,Louisiana–Monroe,@,Texas Tech,REG (Non-Conf),L 38-83,*,25,3,13,.231,2,2,1.000,1,11,.091,.308,0,0,,3,2,5,1,0,0,3,2,8,-0.3,Amber Thompson,https://www.sports-reference.com/cbb/players/amber-thompson-2.html,louisiana-monroe,2019-20
10,39,11,2019-12-29,Louisiana–Monroe,,Mississippi Valley State,REG (Non-Conf),W 74-66,*,34,6,14,.429,0,4,.000,6,10,.600,.429,9,11,.818,1,7,8,4,3,0,2,2,21,18.6,Amber Thompson,https://www.sports-reference.com/cbb/players/amber-thompson-2.html,louisiana-monroe,2019-20
11,40,12,2020-01-02,Louisiana–Monroe,@,Georgia Southern,REG (Conf),L 47-64,*,37,4,15,.267,3,6,.500,1,9,.111,.367,7,10,.700,1,1,2,2,1,0,4,1,18,6.9,Amber Thompson,https://www.sports-reference.com/cbb/players/amber-thompson-2.html,louisiana-monroe,2019-20
12,41,13,2020-01-04,Louisiana–Monroe,@,Georgia State,REG (Conf),L 52-68,*,33,4,10,.400,1,5,.200,3,5,.600,.450,4,4,1.000,0,2,2,1,0,0,2,3,13,5.7,Amber Thompson,https://www.sports-reference.com/cbb/players/amber-thompson-2.html,louisiana-monroe,2019-20
13,42,14,2020-01-08,Louisiana–Monroe,,Troy,REG (Conf),L 65-72,*,35,4,12,.333,2,6,.333,2,6,.333,.417,4,5,.800,2,4,6,2,2,2,7,3,14,6.0,Amber Thompson,https://www.sports-reference.com/cbb/players/amber-thompson-2.html,louisiana-monroe,2019-20
14,43,15,2020-01-11,Louisiana–Monroe,@,South Alabama,REG (Conf),L 63-72,*,36,7,20,.350,2,5,.400,5,15,.333,.400,2,4,.500,1,2,3,2,1,0,4,3,18,4.5,Amber Thompson,https://www.sports-reference.com/cbb/players/amber-thompson-2.html,louisiana-monroe,2019-20
15,44,16,2020-01-16,Louisiana–Monroe,@,Texas State,REG (Conf),W 58-55,*,36,6,17,.353,3,9,.333,3,8,.375,.441,2,2,1.000,0,2,2,4,2,0,5,3,17,6.7,Amber Thompson,https://www.sports-reference.com/cbb/players/amber-thompson-2.html,louisiana-monroe,2019-20
16,45,17,2020-01-18,Louisiana–Monroe,@,UT Arlington,REG (Conf),L 34-72,*,23,2,9,.222,0,3,.000,2,6,.333,.222,1,4,.250,2,1,3,2,3,0,4,4,5,-1.2,Amber Thompson,https://www.sports-reference.com/cbb/players/amber-thompson-2.html,louisiana-monroe,2019-20
17,46,19,2020-01-25,Louisiana–Monroe,@,Louisiana,REG (Conf),L 55-68,*,29,2,8,.250,0,1,.000,2,7,.286,.250,0,0,,1,9,10,3,0,1,4,1,4,1.0,Amber Thompson,https://www.sports-reference.com/cbb/players/amber-thompson-2.html,louisiana-monroe,2019-20
18,47,20,2020-02-01,Louisiana–Monroe,,Arkansas State,REG (Conf),L 53-54,*,14,0,3,.000,0,3,.000,0,0,,.000,0,0,,0,1,1,2,1,0,3,3,0,-3.6,Amber Thompson,https://www.sports-reference.com/cbb/players/amber-thompson-2.html,louisiana-monroe,2019-20
19,48,21,2020-02-05,Louisiana–Monroe,@,Troy,REG (Conf),L 65-77,*,34,8,20,.400,2,5,.400,6,15,.400,.450,2,2,1.000,3,1,4,3,1,1,2,4,20,11.8,Amber Thompson,https://www.sports-reference.com/cbb/players/amber-thompson-2.html,louisiana-monroe,2019-20
20,49,22,2020-02-08,Louisiana–Monroe,,South Alabama,REG (Conf),L 39-73,*,40,4,11,.364,1,4,.250,3,7,.429,.409,8,9,.889,0,6,6,0,0,0,5,3,17,6.1,Amber Thompson,https://www.sports-reference.com/cbb/players/amber-thompson-2.html,louisiana-monroe,2019-20
21,50,23,2020-02-13,Louisiana–Monroe,,Georgia Southern,REG (Conf),L 66-72,*,39,2,7,.286,1,4,.250,1,3,.333,.357,0,0,,0,3,3,2,2,2,4,3,5,1.4,Amber Thompson,https://www.sports-reference.com/cbb/players/amber-thompson-2.html,louisiana-monroe,2019-20
22,51,24,2020-02-15,Louisiana–Monroe,,Georgia State,REG (Conf),L 43-52,*,25,5,12,.417,2,5,.400,3,7,.429,.500,1,2,.500,2,2,4,1,1,0,1,4,13,7.3,Amber Thompson,https://www.sports-reference.com/cbb/players/amber-thompson-2.html,louisiana-monroe,2019-20
23,52,25,2020-02-22,Louisiana–Monroe,,Louisiana,REG (Conf),L 49-62,*,37,6,16,.375,2,4,.500,4,12,.333,.438,2,3,.667,0,3,3,4,0,1,2,2,16,8.4,Amber Thompson,https://www.sports-reference.com/cbb/players/amber-thompson-2.html,louisiana-monroe,2019-20
24,53,26,2020-02-27,Louisiana–Monroe,@,Coastal Carolina,REG (Conf),L 69-88,*,32,2,9,.222,0,5,.000,2,4,.500,.222,6,6,1.000,0,0,0,4,2,0,3,3,10,5.1,Amber Thompson,https://www.sports-reference.com/cbb/players/amber-thompson-2.html,louisiana-monroe,2019-20
25,54,27,2020-02-29,Louisiana–Monroe,@,Appalachian State,REG (Conf),L 49-68,*,32,5,10,.500,2,3,.667,3,7,.429,.600,1,2,.500,1,4,5,3,1,0,3,4,13,8.0,Amber Thompson,https://www.sports-reference.com/cbb/players/amber-thompson-2.html,louisiana-monroe,2019-20
26,55,28,2020-03-05,Louisiana–Monroe,,Texas State,REG (Conf),L 53-59,*,25,2,8,.250,2,2,1.000,0,6,.000,.375,1,2,.500,3,5,8,1,0,2,2,2,7,4.7,Amber Thompson,https://www.sports-reference.com/cbb/players/amber-thompson-2.html,louisiana-monroe,2019-20
27,56,29,2020-03-07,Louisiana–Monroe,,UT Arlington,REG (Conf),L 67-74,*,38,6,18,.333,2,8,.250,4,10,.400,.389,4,4,1.000,0,1,1,4,0,0,3,0,18,7.9,Amber Thompson,https://www.sports-reference.com/cbb/players/amber-thompson-2.html,louisiana-monroe,2019-20
