ranker,player_game_num_career,team_game_num_season,date,team_name_abbr,game_location,opp_name_abbr,game_type,game_result,is_starter,mp,fg,fga,fg_pct,fg3,fg3a,fg3_pct,fg2,fg2a,fg2_pct,efg_pct,ft,fta,ft_pct,orb,drb,trb,ast,stl,blk,tov,pf,pts,game_score,player_name,player_sr_link,school,season
1,83,1,2019-11-10,Louisiana–Monroe,@,Ole Miss,REG (Non-Conf),L 42-66,,4,0,1,.000,0,1,.000,0,0,,.000,0,0,,0,0,0,0,0,0,1,0,0,-1.7,Destini Lunsford,https://www.sports-reference.com/cbb/players/destini-lunsford-1.html,louisiana-monroe,2019-20
2,84,2,2019-11-12,Louisiana–Monroe,@,Tennessee Tech,REG (Non-Conf),L 68-75,,14,0,1,.000,0,0,,0,1,.000,.000,1,2,.500,0,1,1,0,0,0,0,2,1,-0.6,Destini Lunsford,https://www.sports-reference.com/cbb/players/destini-lunsford-1.html,louisiana-monroe,2019-20
3,85,3,2019-11-16,Louisiana–Monroe,,Southern Mississippi,REG (Non-Conf),L 42-57,,11,1,3,.333,0,2,.000,1,1,1.000,.333,0,0,,0,2,2,0,0,0,1,0,2,-0.1,Destini Lunsford,https://www.sports-reference.com/cbb/players/destini-lunsford-1.html,louisiana-monroe,2019-20
4,86,4,2019-11-18,Louisiana–Monroe,,Northwestern State,REG (Non-Conf),W 63-54,,6,0,0,,0,0,,0,0,,,0,0,,0,0,0,0,0,0,0,1,0,-0.4,Destini Lunsford,https://www.sports-reference.com/cbb/players/destini-lunsford-1.html,louisiana-monroe,2019-20
5,87,5,2019-11-24,Louisiana–Monroe,,Southeastern Louisiana,REG (Non-Conf),L 52-65,,11,2,4,.500,1,2,.500,1,2,.500,.625,0,0,,0,0,0,1,0,0,0,0,5,3.7,Destini Lunsford,https://www.sports-reference.com/cbb/players/destini-lunsford-1.html,louisiana-monroe,2019-20
