ranker,player_game_num_career,team_game_num_season,date,team_name_abbr,game_location,opp_name_abbr,game_type,game_result,is_starter,mp,fg,fga,fg_pct,fg3,fg3a,fg2,fg2a,fg2_pct,efg_pct,ft,fta,ft_pct,orb,drb,trb,ast,stl,blk,tov,pf,pts,game_score,player_name,player_sr_link,school,season
1,59,1,2019-11-10,Louisiana–Monroe,@,Ole Miss,REG (Non-Conf),L 42-66,*,31,5,11,.455,0,0,5,11,.455,.455,1,2,.500,2,6,8,0,0,2,1,2,11,7.7,Diamond Brooks,https://www.sports-reference.com/cbb/players/diamond-brooks-1.html,louisiana-monroe,2019-20
2,60,2,2019-11-12,Louisiana–Monroe,@,Tennessee Tech,REG (Non-Conf),L 68-75,*,30,5,10,.500,0,0,5,10,.500,.500,0,2,.000,2,4,6,0,1,1,2,3,10,5.3,Diamond Brooks,https://www.sports-reference.com/cbb/players/diamond-brooks-1.html,louisiana-monroe,2019-20
3,61,3,2019-11-16,Louisiana–Monroe,,Southern Mississippi,REG (Non-Conf),L 42-57,*,22,3,9,.333,0,0,3,9,.333,.333,1,2,.500,2,4,6,0,2,0,2,0,7,4.1,Diamond Brooks,https://www.sports-reference.com/cbb/players/diamond-brooks-1.html,louisiana-monroe,2019-20
4,62,4,2019-11-18,Louisiana–Monroe,,Northwestern State,REG (Non-Conf),W 63-54,*,18,2,5,.400,0,0,2,5,.400,.400,3,7,.429,3,2,5,0,0,2,3,3,7,2.6,Diamond Brooks,https://www.sports-reference.com/cbb/players/diamond-brooks-1.html,louisiana-monroe,2019-20
5,63,5,2019-11-24,Louisiana–Monroe,,Southeastern Louisiana,REG (Non-Conf),L 52-65,*,25,1,5,.200,0,0,1,5,.200,.200,0,0,,2,4,6,2,0,0,2,1,2,0.5,Diamond Brooks,https://www.sports-reference.com/cbb/players/diamond-brooks-1.html,louisiana-monroe,2019-20
6,64,6,2019-12-01,Louisiana–Monroe,@,McNeese State,REG (Non-Conf),L 69-72,*,18,5,9,.556,0,0,5,9,.556,.556,2,3,.667,2,1,3,0,0,0,1,3,12,6.8,Diamond Brooks,https://www.sports-reference.com/cbb/players/diamond-brooks-1.html,louisiana-monroe,2019-20
7,65,7,2019-12-07,Louisiana–Monroe,,Houston Baptist,REG (Non-Conf),L 65-72,,11,2,4,.500,0,0,2,4,.500,.500,2,3,.667,0,0,0,0,0,0,0,3,6,2.4,Diamond Brooks,https://www.sports-reference.com/cbb/players/diamond-brooks-1.html,louisiana-monroe,2019-20
8,66,8,2019-12-13,Louisiana–Monroe,@,Nicholls State,REG (Non-Conf),L 59-74,*,23,2,3,.667,0,0,2,3,.667,.667,1,2,.500,4,0,4,0,0,0,4,5,5,0.1,Diamond Brooks,https://www.sports-reference.com/cbb/players/diamond-brooks-1.html,louisiana-monroe,2019-20
9,67,9,2019-12-20,Louisiana–Monroe,@,North Texas,REG (Non-Conf),L 51-63,*,31,6,12,.500,0,0,6,12,.500,.500,0,0,,5,2,7,0,1,0,0,3,12,9.9,Diamond Brooks,https://www.sports-reference.com/cbb/players/diamond-brooks-1.html,louisiana-monroe,2019-20
10,68,10,2019-12-22,Louisiana–Monroe,@,Texas Tech,REG (Non-Conf),L 38-83,*,18,0,9,.000,0,0,0,9,.000,.000,1,4,.250,1,6,7,0,0,0,0,5,1,-6.0,Diamond Brooks,https://www.sports-reference.com/cbb/players/diamond-brooks-1.html,louisiana-monroe,2019-20
11,69,11,2019-12-29,Louisiana–Monroe,,Mississippi Valley State,REG (Non-Conf),W 74-66,*,19,5,6,.833,0,0,5,6,.833,.833,4,6,.667,1,3,4,1,0,0,1,3,14,11.1,Diamond Brooks,https://www.sports-reference.com/cbb/players/diamond-brooks-1.html,louisiana-monroe,2019-20
12,70,12,2020-01-02,Louisiana–Monroe,@,Georgia Southern,REG (Conf),L 47-64,*,27,5,9,.556,0,0,5,9,.556,.556,2,3,.667,0,2,2,0,0,0,0,1,12,7.5,Diamond Brooks,https://www.sports-reference.com/cbb/players/diamond-brooks-1.html,louisiana-monroe,2019-20
13,71,13,2020-01-04,Louisiana–Monroe,@,Georgia State,REG (Conf),L 52-68,*,22,6,9,.667,0,0,6,9,.667,.667,3,3,1.000,2,4,6,1,1,0,1,1,15,14.0,Diamond Brooks,https://www.sports-reference.com/cbb/players/diamond-brooks-1.html,louisiana-monroe,2019-20
14,72,14,2020-01-08,Louisiana–Monroe,,Troy,REG (Conf),L 65-72,*,21,1,3,.333,0,0,1,3,.333,.333,0,0,,2,3,5,0,0,1,3,4,2,-1.3,Diamond Brooks,https://www.sports-reference.com/cbb/players/diamond-brooks-1.html,louisiana-monroe,2019-20
15,73,15,2020-01-11,Louisiana–Monroe,@,South Alabama,REG (Conf),L 63-72,*,17,2,3,.667,0,0,2,3,.667,.667,2,2,1.000,3,3,6,0,0,0,2,3,6,4.5,Diamond Brooks,https://www.sports-reference.com/cbb/players/diamond-brooks-1.html,louisiana-monroe,2019-20
16,74,16,2020-01-16,Louisiana–Monroe,@,Texas State,REG (Conf),W 58-55,*,30,4,5,.800,0,0,4,5,.800,.800,2,4,.500,0,9,9,1,0,0,1,2,10,8.9,Diamond Brooks,https://www.sports-reference.com/cbb/players/diamond-brooks-1.html,louisiana-monroe,2019-20
17,75,17,2020-01-18,Louisiana–Monroe,@,UT Arlington,REG (Conf),L 34-72,*,20,3,5,.600,0,0,3,5,.600,.600,0,2,.000,1,1,2,0,0,0,1,1,6,2.5,Diamond Brooks,https://www.sports-reference.com/cbb/players/diamond-brooks-1.html,louisiana-monroe,2019-20
18,76,18,2020-01-23,Louisiana–Monroe,,Little Rock,REG (Conf),L 50-70,*,29,3,5,.600,0,0,3,5,.600,.600,5,8,.625,5,2,7,0,0,1,2,1,11,9.9,Diamond Brooks,https://www.sports-reference.com/cbb/players/diamond-brooks-1.html,louisiana-monroe,2019-20
19,77,19,2020-01-25,Louisiana–Monroe,@,Louisiana,REG (Conf),L 55-68,*,34,6,11,.545,0,0,6,11,.545,.545,1,5,.200,6,4,10,1,1,0,4,2,13,8.4,Diamond Brooks,https://www.sports-reference.com/cbb/players/diamond-brooks-1.html,louisiana-monroe,2019-20
20,78,20,2020-02-01,Louisiana–Monroe,,Arkansas State,REG (Conf),L 53-54,*,29,4,7,.571,0,0,4,7,.571,.571,1,3,.333,1,4,5,1,0,2,1,2,9,7.1,Diamond Brooks,https://www.sports-reference.com/cbb/players/diamond-brooks-1.html,louisiana-monroe,2019-20
21,79,21,2020-02-05,Louisiana–Monroe,@,Troy,REG (Conf),L 65-77,*,28,3,8,.375,0,0,3,8,.375,.375,1,2,.500,2,2,4,0,1,0,1,2,7,3.4,Diamond Brooks,https://www.sports-reference.com/cbb/players/diamond-brooks-1.html,louisiana-monroe,2019-20
22,80,22,2020-02-08,Louisiana–Monroe,,South Alabama,REG (Conf),L 39-73,*,27,1,5,.200,0,0,1,5,.200,.200,2,2,1.000,5,5,10,1,0,1,2,5,4,3.3,Diamond Brooks,https://www.sports-reference.com/cbb/players/diamond-brooks-1.html,louisiana-monroe,2019-20
23,81,23,2020-02-13,Louisiana–Monroe,,Georgia Southern,REG (Conf),L 66-72,*,38,6,11,.545,0,0,6,11,.545,.545,5,6,.833,1,6,7,1,3,1,2,2,17,15.4,Diamond Brooks,https://www.sports-reference.com/cbb/players/diamond-brooks-1.html,louisiana-monroe,2019-20
24,82,24,2020-02-15,Louisiana–Monroe,,Georgia State,REG (Conf),L 43-52,*,40,3,8,.375,0,0,3,8,.375,.375,2,4,.500,2,8,10,0,1,1,1,3,8,6.1,Diamond Brooks,https://www.sports-reference.com/cbb/players/diamond-brooks-1.html,louisiana-monroe,2019-20
25,83,25,2020-02-22,Louisiana–Monroe,,Louisiana,REG (Conf),L 49-62,*,31,3,8,.375,0,0,3,8,.375,.375,4,4,1.000,1,8,9,0,2,0,1,2,10,8.9,Diamond Brooks,https://www.sports-reference.com/cbb/players/diamond-brooks-1.html,louisiana-monroe,2019-20
26,84,26,2020-02-27,Louisiana–Monroe,@,Coastal Carolina,REG (Conf),L 69-88,*,20,0,1,.000,0,0,0,1,.000,.000,0,0,,2,2,4,1,1,1,0,5,0,1.7,Diamond Brooks,https://www.sports-reference.com/cbb/players/diamond-brooks-1.html,louisiana-monroe,2019-20
27,85,27,2020-02-29,Louisiana–Monroe,@,Appalachian State,REG (Conf),L 49-68,*,34,0,1,.000,0,0,0,1,.000,.000,2,2,1.000,1,4,5,0,0,2,3,2,2,0.8,Diamond Brooks,https://www.sports-reference.com/cbb/players/diamond-brooks-1.html,louisiana-monroe,2019-20
28,86,28,2020-03-05,Louisiana–Monroe,,Texas State,REG (Conf),L 53-59,*,25,2,2,1.000,0,0,2,2,1.000,1.000,1,2,.500,1,7,8,0,0,1,3,5,5,2.5,Diamond Brooks,https://www.sports-reference.com/cbb/players/diamond-brooks-1.html,louisiana-monroe,2019-20
29,87,29,2020-03-07,Louisiana–Monroe,,UT Arlington,REG (Conf),L 67-74,*,34,2,4,.500,0,0,2,4,.500,.500,3,4,.750,3,4,7,1,1,2,2,2,7,8.2,Diamond Brooks,https://www.sports-reference.com/cbb/players/diamond-brooks-1.html,louisiana-monroe,2019-20
