ranker,player_game_num_career,team_game_num_season,date,team_name_abbr,game_location,opp_name_abbr,game_type,game_result,is_starter,mp,fg,fga,fg_pct,fg3,fg3a,fg2,fg2a,fg2_pct,efg_pct,ft,fta,ft_pct,orb,drb,trb,ast,stl,blk,tov,pf,pts,game_score,player_name,player_sr_link,school,season
1,29,1,2019-11-10,Louisiana–Monroe,@,Ole Miss,REG (Non-Conf),L 42-66,,12,0,0,,0,0,0,0,,,0,2,.000,0,0,0,0,0,0,0,2,0,-1.6,Jamie Means,https://www.sports-reference.com/cbb/players/jamie-means-1.html,louisiana-monroe,2019-20
2,30,2,2019-11-12,Louisiana–Monroe,@,Tennessee Tech,REG (Non-Conf),L 68-75,,11,0,1,.000,0,0,0,1,.000,.000,0,0,,0,1,1,0,0,0,0,2,0,-1.2,Jamie Means,https://www.sports-reference.com/cbb/players/jamie-means-1.html,louisiana-monroe,2019-20
3,31,3,2019-11-16,Louisiana–Monroe,,Southern Mississippi,REG (Non-Conf),L 42-57,,14,1,1,1.000,0,0,1,1,1.000,1.000,0,2,.000,1,2,3,1,0,1,0,3,2,2.4,Jamie Means,https://www.sports-reference.com/cbb/players/jamie-means-1.html,louisiana-monroe,2019-20
4,32,4,2019-11-18,Louisiana–Monroe,,Northwestern State,REG (Non-Conf),W 63-54,,7,1,1,1.000,0,0,1,1,1.000,1.000,1,2,.500,1,1,2,0,0,0,0,3,3,2.1,Jamie Means,https://www.sports-reference.com/cbb/players/jamie-means-1.html,louisiana-monroe,2019-20
5,33,5,2019-11-24,Louisiana–Monroe,,Southeastern Louisiana,REG (Non-Conf),L 52-65,,4,0,0,,0,0,0,0,,,0,0,,0,0,0,0,2,0,0,1,0,1.6,Jamie Means,https://www.sports-reference.com/cbb/players/jamie-means-1.html,louisiana-monroe,2019-20
6,34,6,2019-12-01,Louisiana–Monroe,@,McNeese State,REG (Non-Conf),L 69-72,,19,1,1,1.000,0,0,1,1,1.000,1.000,0,0,,0,1,1,0,1,0,1,2,2,1.2,Jamie Means,https://www.sports-reference.com/cbb/players/jamie-means-1.html,louisiana-monroe,2019-20
7,35,7,2019-12-07,Louisiana–Monroe,,Houston Baptist,REG (Non-Conf),L 65-72,*,9,1,1,1.000,0,0,1,1,1.000,1.000,1,1,1.000,1,0,1,0,0,1,2,0,3,2.1,Jamie Means,https://www.sports-reference.com/cbb/players/jamie-means-1.html,louisiana-monroe,2019-20
8,36,8,2019-12-13,Louisiana–Monroe,@,Nicholls State,REG (Non-Conf),L 59-74,,14,2,2,1.000,0,0,2,2,1.000,1.000,3,4,.750,2,0,2,0,0,0,0,3,7,6.2,Jamie Means,https://www.sports-reference.com/cbb/players/jamie-means-1.html,louisiana-monroe,2019-20
9,37,9,2019-12-20,Louisiana–Monroe,@,North Texas,REG (Non-Conf),L 51-63,,4,0,1,.000,0,0,0,1,.000,.000,3,4,.750,0,0,0,0,0,0,0,0,3,1.9,Jamie Means,https://www.sports-reference.com/cbb/players/jamie-means-1.html,louisiana-monroe,2019-20
10,38,10,2019-12-22,Louisiana–Monroe,@,Texas Tech,REG (Non-Conf),L 38-83,,22,2,7,.286,0,0,2,7,.286,.286,2,2,1.000,0,1,1,0,3,0,1,3,6,3.0,Jamie Means,https://www.sports-reference.com/cbb/players/jamie-means-1.html,louisiana-monroe,2019-20
11,39,11,2019-12-29,Louisiana–Monroe,,Mississippi Valley State,REG (Non-Conf),W 74-66,,5,0,0,,0,0,0,0,,,1,2,.500,0,1,1,0,0,0,0,0,1,0.9,Jamie Means,https://www.sports-reference.com/cbb/players/jamie-means-1.html,louisiana-monroe,2019-20
12,40,12,2020-01-02,Louisiana–Monroe,@,Georgia Southern,REG (Conf),L 47-64,,12,0,1,.000,0,0,0,1,.000,.000,0,2,.000,2,0,2,0,0,0,2,1,0,-2.5,Jamie Means,https://www.sports-reference.com/cbb/players/jamie-means-1.html,louisiana-monroe,2019-20
13,41,13,2020-01-04,Louisiana–Monroe,@,Georgia State,REG (Conf),L 52-68,,4,0,0,,0,0,0,0,,,0,0,,0,0,0,0,0,0,0,1,0,-0.4,Jamie Means,https://www.sports-reference.com/cbb/players/jamie-means-1.html,louisiana-monroe,2019-20
14,42,14,2020-01-08,Louisiana–Monroe,,Troy,REG (Conf),L 65-72,,4,0,0,,0,0,0,0,,,0,0,,1,0,1,0,0,0,0,1,0,0.3,Jamie Means,https://www.sports-reference.com/cbb/players/jamie-means-1.html,louisiana-monroe,2019-20
15,43,15,2020-01-11,Louisiana–Monroe,@,South Alabama,REG (Conf),L 63-72,,9,0,2,.000,0,0,0,2,.000,.000,3,4,.750,3,0,3,0,0,0,1,1,3,1.9,Jamie Means,https://www.sports-reference.com/cbb/players/jamie-means-1.html,louisiana-monroe,2019-20
16,44,16,2020-01-16,Louisiana–Monroe,@,Texas State,REG (Conf),W 58-55,,7,0,0,,0,0,0,0,,,0,0,,0,2,2,0,0,1,1,0,0,0.3,Jamie Means,https://www.sports-reference.com/cbb/players/jamie-means-1.html,louisiana-monroe,2019-20
17,45,17,2020-01-18,Louisiana–Monroe,@,UT Arlington,REG (Conf),L 34-72,,19,0,1,.000,0,0,0,1,.000,.000,0,0,,0,4,4,1,0,2,0,3,0,1.4,Jamie Means,https://www.sports-reference.com/cbb/players/jamie-means-1.html,louisiana-monroe,2019-20
18,46,18,2020-01-23,Louisiana–Monroe,,Little Rock,REG (Conf),L 50-70,,9,1,1,1.000,0,0,1,1,1.000,1.000,0,1,.000,0,0,0,0,0,0,0,1,2,0.9,Jamie Means,https://www.sports-reference.com/cbb/players/jamie-means-1.html,louisiana-monroe,2019-20
19,47,19,2020-01-25,Louisiana–Monroe,@,Louisiana,REG (Conf),L 55-68,,3,0,0,,0,0,0,0,,,0,0,,0,0,0,1,0,0,0,0,0,0.7,Jamie Means,https://www.sports-reference.com/cbb/players/jamie-means-1.html,louisiana-monroe,2019-20
20,48,20,2020-02-01,Louisiana–Monroe,,Arkansas State,REG (Conf),L 53-54,,27,3,4,.750,0,0,3,4,.750,.750,1,2,.500,3,6,9,0,0,1,2,2,7,6.8,Jamie Means,https://www.sports-reference.com/cbb/players/jamie-means-1.html,louisiana-monroe,2019-20
21,49,21,2020-02-05,Louisiana–Monroe,@,Troy,REG (Conf),L 65-77,,20,2,4,.500,0,0,2,4,.500,.500,1,2,.500,2,2,4,1,0,1,1,3,5,3.8,Jamie Means,https://www.sports-reference.com/cbb/players/jamie-means-1.html,louisiana-monroe,2019-20
22,50,22,2020-02-08,Louisiana–Monroe,,South Alabama,REG (Conf),L 39-73,,22,0,1,.000,0,0,0,1,.000,.000,0,0,,0,2,2,0,0,2,2,2,0,-1.5,Jamie Means,https://www.sports-reference.com/cbb/players/jamie-means-1.html,louisiana-monroe,2019-20
23,51,23,2020-02-13,Louisiana–Monroe,,Georgia Southern,REG (Conf),L 66-72,,13,1,2,.500,0,0,1,2,.500,.500,4,6,.667,1,2,3,0,0,0,1,3,6,3.3,Jamie Means,https://www.sports-reference.com/cbb/players/jamie-means-1.html,louisiana-monroe,2019-20
24,52,24,2020-02-15,Louisiana–Monroe,,Georgia State,REG (Conf),L 43-52,,22,0,2,.000,0,0,0,2,.000,.000,3,4,.750,2,3,5,0,0,0,2,1,3,1.1,Jamie Means,https://www.sports-reference.com/cbb/players/jamie-means-1.html,louisiana-monroe,2019-20
25,53,25,2020-02-22,Louisiana–Monroe,,Louisiana,REG (Conf),L 49-62,,23,1,2,.500,0,0,1,2,.500,.500,2,2,1.000,0,3,3,0,1,2,2,1,4,3.9,Jamie Means,https://www.sports-reference.com/cbb/players/jamie-means-1.html,louisiana-monroe,2019-20
26,54,26,2020-02-27,Louisiana–Monroe,@,Coastal Carolina,REG (Conf),L 69-88,,19,1,3,.333,0,0,1,3,.333,.333,3,3,1.000,4,2,6,0,0,0,0,4,5,5.1,Jamie Means,https://www.sports-reference.com/cbb/players/jamie-means-1.html,louisiana-monroe,2019-20
27,55,27,2020-02-29,Louisiana–Monroe,@,Appalachian State,REG (Conf),L 49-68,,21,1,1,1.000,0,0,1,1,1.000,1.000,0,0,,2,0,2,0,0,0,0,3,2,1.9,Jamie Means,https://www.sports-reference.com/cbb/players/jamie-means-1.html,louisiana-monroe,2019-20
28,56,28,2020-03-05,Louisiana–Monroe,,Texas State,REG (Conf),L 53-59,,19,1,1,1.000,0,0,1,1,1.000,1.000,1,2,.500,1,0,1,0,0,0,1,4,3,0.4,Jamie Means,https://www.sports-reference.com/cbb/players/jamie-means-1.html,louisiana-monroe,2019-20
29,57,29,2020-03-07,Louisiana–Monroe,,UT Arlington,REG (Conf),L 67-74,,20,3,3,1.000,0,0,3,3,1.000,1.000,0,0,,0,1,1,0,0,0,0,3,6,4.2,Jamie Means,https://www.sports-reference.com/cbb/players/jamie-means-1.html,louisiana-monroe,2019-20
