ranker,player_game_num_career,team_game_num_season,date,team_name_abbr,game_location,opp_name_abbr,game_type,game_result,is_starter,mp,fg,fga,fg_pct,fg3,fg3a,fg2,fg2a,fg2_pct,efg_pct,ft,fta,ft_pct,orb,drb,trb,ast,stl,blk,tov,pf,pts,game_score,player_name,player_sr_link,school,season
1,1,3,2019-11-16,Louisiana–Monroe,,Southern Mississippi,REG (Non-Conf),L 42-57,,15,1,2,.500,0,0,1,2,.500,.500,1,2,.500,0,2,2,0,1,0,1,1,3,1.8,Kierra Crockett,https://www.sports-reference.com/cbb/players/kierra-crockett-1.html,louisiana-monroe,2019-20
2,2,4,2019-11-18,Louisiana–Monroe,,Northwestern State,REG (Non-Conf),W 63-54,*,25,2,8,.250,0,0,2,8,.250,.250,2,6,.333,5,6,11,1,0,0,3,3,6,1.4,Kierra Crockett,https://www.sports-reference.com/cbb/players/kierra-crockett-1.html,louisiana-monroe,2019-20
3,3,5,2019-11-24,Louisiana–Monroe,,Southeastern Louisiana,REG (Non-Conf),L 52-65,*,32,5,7,.714,0,0,5,7,.714,.714,4,7,.571,1,8,9,0,1,1,5,4,14,8.1,Kierra Crockett,https://www.sports-reference.com/cbb/players/kierra-crockett-1.html,louisiana-monroe,2019-20
4,4,6,2019-12-01,Louisiana–Monroe,@,McNeese State,REG (Non-Conf),L 69-72,*,20,3,8,.375,0,0,3,8,.375,.375,1,3,.333,3,4,7,1,0,0,2,5,7,1.8,Kierra Crockett,https://www.sports-reference.com/cbb/players/kierra-crockett-1.html,louisiana-monroe,2019-20
5,5,7,2019-12-07,Louisiana–Monroe,,Houston Baptist,REG (Non-Conf),L 65-72,*,19,1,1,1.000,0,0,1,1,1.000,1.000,0,0,,1,0,1,0,3,1,2,3,2,2.9,Kierra Crockett,https://www.sports-reference.com/cbb/players/kierra-crockett-1.html,louisiana-monroe,2019-20
6,6,8,2019-12-13,Louisiana–Monroe,@,Nicholls State,REG (Non-Conf),L 59-74,*,30,3,5,.600,0,0,3,5,.600,.600,1,4,.250,2,2,4,2,0,0,2,4,7,3.3,Kierra Crockett,https://www.sports-reference.com/cbb/players/kierra-crockett-1.html,louisiana-monroe,2019-20
7,7,9,2019-12-20,Louisiana–Monroe,@,North Texas,REG (Non-Conf),L 51-63,*,19,2,4,.500,0,0,2,4,.500,.500,0,0,,1,3,4,0,0,0,2,5,4,-0.4,Kierra Crockett,https://www.sports-reference.com/cbb/players/kierra-crockett-1.html,louisiana-monroe,2019-20
8,8,10,2019-12-22,Louisiana–Monroe,@,Texas Tech,REG (Non-Conf),L 38-83,*,17,1,5,.200,0,0,1,5,.200,.200,0,0,,1,2,3,0,0,0,0,4,2,-1.4,Kierra Crockett,https://www.sports-reference.com/cbb/players/kierra-crockett-1.html,louisiana-monroe,2019-20
9,9,11,2019-12-29,Louisiana–Monroe,,Mississippi Valley State,REG (Non-Conf),W 74-66,*,33,4,6,.667,0,0,4,6,.667,.667,5,6,.833,2,9,11,0,1,0,2,5,13,11.1,Kierra Crockett,https://www.sports-reference.com/cbb/players/kierra-crockett-1.html,louisiana-monroe,2019-20
10,10,12,2020-01-02,Louisiana–Monroe,@,Georgia Southern,REG (Conf),L 47-64,*,30,1,2,.500,0,0,1,2,.500,.500,0,2,.000,4,6,10,1,0,1,3,0,2,3.2,Kierra Crockett,https://www.sports-reference.com/cbb/players/kierra-crockett-1.html,louisiana-monroe,2019-20
11,11,13,2020-01-04,Louisiana–Monroe,@,Georgia State,REG (Conf),L 52-68,*,26,1,4,.250,0,0,1,4,.250,.250,3,6,.500,0,5,5,0,0,0,2,3,5,-0.3,Kierra Crockett,https://www.sports-reference.com/cbb/players/kierra-crockett-1.html,louisiana-monroe,2019-20
12,12,14,2020-01-08,Louisiana–Monroe,,Troy,REG (Conf),L 65-72,*,36,4,7,.571,0,0,4,7,.571,.571,4,6,.667,1,7,8,0,3,2,1,4,12,12.5,Kierra Crockett,https://www.sports-reference.com/cbb/players/kierra-crockett-1.html,louisiana-monroe,2019-20
13,13,15,2020-01-11,Louisiana–Monroe,@,South Alabama,REG (Conf),L 63-72,*,31,4,9,.444,0,0,4,9,.444,.444,3,6,.500,4,9,13,1,3,0,2,5,11,10.3,Kierra Crockett,https://www.sports-reference.com/cbb/players/kierra-crockett-1.html,louisiana-monroe,2019-20
14,14,16,2020-01-16,Louisiana–Monroe,@,Texas State,REG (Conf),W 58-55,*,19,1,4,.250,0,0,1,4,.250,.250,0,2,.000,1,6,7,0,0,0,1,4,2,-1.3,Kierra Crockett,https://www.sports-reference.com/cbb/players/kierra-crockett-1.html,louisiana-monroe,2019-20
15,15,17,2020-01-18,Louisiana–Monroe,@,UT Arlington,REG (Conf),L 34-72,*,21,2,6,.333,0,0,2,6,.333,.333,0,0,,1,5,6,0,1,0,3,2,4,0.0,Kierra Crockett,https://www.sports-reference.com/cbb/players/kierra-crockett-1.html,louisiana-monroe,2019-20
16,16,18,2020-01-23,Louisiana–Monroe,,Little Rock,REG (Conf),L 50-70,*,24,1,4,.250,0,0,1,4,.250,.250,0,0,,5,5,10,0,1,0,4,5,2,-0.4,Kierra Crockett,https://www.sports-reference.com/cbb/players/kierra-crockett-1.html,louisiana-monroe,2019-20
17,17,19,2020-01-25,Louisiana–Monroe,@,Louisiana,REG (Conf),L 55-68,*,37,4,7,.571,0,0,4,7,.571,.571,0,1,.000,4,5,9,2,1,0,7,4,8,2.4,Kierra Crockett,https://www.sports-reference.com/cbb/players/kierra-crockett-1.html,louisiana-monroe,2019-20
18,18,20,2020-02-01,Louisiana–Monroe,,Arkansas State,REG (Conf),L 53-54,*,24,2,4,.500,0,0,2,4,.500,.500,2,2,1.000,1,6,7,2,0,0,4,1,6,3.5,Kierra Crockett,https://www.sports-reference.com/cbb/players/kierra-crockett-1.html,louisiana-monroe,2019-20
19,19,21,2020-02-05,Louisiana–Monroe,@,Troy,REG (Conf),L 65-77,*,26,1,4,.250,0,0,1,4,.250,.250,0,0,,0,6,6,0,1,0,1,3,2,0.2,Kierra Crockett,https://www.sports-reference.com/cbb/players/kierra-crockett-1.html,louisiana-monroe,2019-20
20,20,22,2020-02-08,Louisiana–Monroe,,South Alabama,REG (Conf),L 39-73,*,18,1,5,.200,0,0,1,5,.200,.200,0,0,,1,4,5,0,0,1,2,2,2,-1.3,Kierra Crockett,https://www.sports-reference.com/cbb/players/kierra-crockett-1.html,louisiana-monroe,2019-20
21,21,23,2020-02-13,Louisiana–Monroe,,Georgia Southern,REG (Conf),L 66-72,*,29,2,5,.400,0,0,2,5,.400,.400,2,4,.500,5,5,10,2,2,2,4,3,6,7.1,Kierra Crockett,https://www.sports-reference.com/cbb/players/kierra-crockett-1.html,louisiana-monroe,2019-20
22,22,24,2020-02-15,Louisiana–Monroe,,Georgia State,REG (Conf),L 43-52,*,16,1,3,.333,0,0,1,3,.333,.333,0,0,,3,0,3,0,1,1,0,3,2,2.9,Kierra Crockett,https://www.sports-reference.com/cbb/players/kierra-crockett-1.html,louisiana-monroe,2019-20
23,23,25,2020-02-22,Louisiana–Monroe,,Louisiana,REG (Conf),L 49-62,*,26,0,1,.000,0,0,0,1,.000,.000,0,2,.000,1,1,2,0,1,1,2,3,0,-2.0,Kierra Crockett,https://www.sports-reference.com/cbb/players/kierra-crockett-1.html,louisiana-monroe,2019-20
24,24,26,2020-02-27,Louisiana–Monroe,@,Coastal Carolina,REG (Conf),L 69-88,*,35,2,2,1.000,0,0,2,2,1.000,1.000,0,0,,4,6,10,0,3,0,1,3,4,8.8,Kierra Crockett,https://www.sports-reference.com/cbb/players/kierra-crockett-1.html,louisiana-monroe,2019-20
25,25,27,2020-02-29,Louisiana–Monroe,@,Appalachian State,REG (Conf),L 49-68,*,26,1,3,.333,0,0,1,3,.333,.333,0,0,,0,6,6,1,3,0,1,4,2,3.2,Kierra Crockett,https://www.sports-reference.com/cbb/players/kierra-crockett-1.html,louisiana-monroe,2019-20
26,26,28,2020-03-05,Louisiana–Monroe,,Texas State,REG (Conf),L 53-59,*,26,0,5,.000,0,0,0,5,.000,.000,0,2,.000,2,3,5,0,1,0,4,4,0,-6.6,Kierra Crockett,https://www.sports-reference.com/cbb/players/kierra-crockett-1.html,louisiana-monroe,2019-20
27,27,29,2020-03-07,Louisiana–Monroe,,UT Arlington,REG (Conf),L 67-74,*,23,1,3,.333,0,0,1,3,.333,.333,0,2,.000,1,1,2,0,1,0,3,3,2,-2.7,Kierra Crockett,https://www.sports-reference.com/cbb/players/kierra-crockett-1.html,louisiana-monroe,2019-20
