ranker,player_game_num_career,team_game_num_season,date,team_name_abbr,game_location,opp_name_abbr,game_type,game_result,is_starter,mp,fg,fga,fg_pct,fg3,fg3a,fg3_pct,fg2,fg2a,fg2_pct,efg_pct,ft,fta,ft_pct,orb,drb,trb,ast,stl,blk,tov,pf,pts,game_score,player_name,player_sr_link,school,season
1,29,1,2019-11-10,Louisiana–Monroe,@,Ole Miss,REG (Non-Conf),L 42-66,*,39,4,16,.250,0,2,.000,4,14,.286,.250,0,0,,1,3,4,2,1,0,2,4,8,-1.2,Lauren Fitch,https://www.sports-reference.com/cbb/players/lauren-fitch-1.html,louisiana-monroe,2019-20
2,30,2,2019-11-12,Louisiana–Monroe,@,Tennessee Tech,REG (Non-Conf),L 68-75,*,36,11,19,.579,0,0,,11,19,.579,.579,6,9,.667,2,6,8,2,1,0,3,2,28,19.7,Lauren Fitch,https://www.sports-reference.com/cbb/players/lauren-fitch-1.html,louisiana-monroe,2019-20
3,31,3,2019-11-16,Louisiana–Monroe,,Southern Mississippi,REG (Non-Conf),L 42-57,*,38,4,11,.364,0,1,.000,4,10,.400,.364,5,7,.714,3,3,6,0,2,0,5,3,13,4.9,Lauren Fitch,https://www.sports-reference.com/cbb/players/lauren-fitch-1.html,louisiana-monroe,2019-20
4,32,4,2019-11-18,Louisiana–Monroe,,Northwestern State,REG (Non-Conf),W 63-54,*,38,4,10,.400,1,2,.500,3,8,.375,.450,6,8,.750,0,7,7,2,2,0,2,3,15,11.1,Lauren Fitch,https://www.sports-reference.com/cbb/players/lauren-fitch-1.html,louisiana-monroe,2019-20
5,33,5,2019-11-24,Louisiana–Monroe,,Southeastern Louisiana,REG (Non-Conf),L 52-65,*,28,4,11,.364,1,1,1.000,3,10,.300,.409,0,0,,2,4,6,1,1,0,2,3,9,4.0,Lauren Fitch,https://www.sports-reference.com/cbb/players/lauren-fitch-1.html,louisiana-monroe,2019-20
6,34,6,2019-12-01,Louisiana–Monroe,@,McNeese State,REG (Non-Conf),L 69-72,*,40,9,13,.692,0,0,,9,13,.692,.692,5,8,.625,2,4,6,7,3,0,9,2,23,17.0,Lauren Fitch,https://www.sports-reference.com/cbb/players/lauren-fitch-1.html,louisiana-monroe,2019-20
7,35,7,2019-12-07,Louisiana–Monroe,,Houston Baptist,REG (Non-Conf),L 65-72,*,32,3,12,.250,0,0,,3,12,.250,.250,7,11,.636,2,2,4,5,5,0,7,4,13,6.1,Lauren Fitch,https://www.sports-reference.com/cbb/players/lauren-fitch-1.html,louisiana-monroe,2019-20
8,36,8,2019-12-13,Louisiana–Monroe,@,Nicholls State,REG (Non-Conf),L 59-74,*,40,3,9,.333,0,0,,3,9,.333,.333,4,6,.667,0,3,3,4,4,0,1,3,10,9.6,Lauren Fitch,https://www.sports-reference.com/cbb/players/lauren-fitch-1.html,louisiana-monroe,2019-20
9,37,9,2019-12-20,Louisiana–Monroe,@,North Texas,REG (Non-Conf),L 51-63,*,40,2,6,.333,0,0,,2,6,.333,.333,8,10,.800,0,3,3,3,2,0,5,2,12,7.0,Lauren Fitch,https://www.sports-reference.com/cbb/players/lauren-fitch-1.html,louisiana-monroe,2019-20
10,38,10,2019-12-22,Louisiana–Monroe,@,Texas Tech,REG (Non-Conf),L 38-83,*,25,3,11,.273,0,0,,3,11,.273,.273,1,2,.500,1,4,5,0,2,0,3,1,7,0.6,Lauren Fitch,https://www.sports-reference.com/cbb/players/lauren-fitch-1.html,louisiana-monroe,2019-20
