ranker,player_game_num_career,team_game_num_season,date,team_name_abbr,game_location,opp_name_abbr,game_type,game_result,is_starter,mp,fg,fga,fg_pct,fg3,fg3a,fg3_pct,fg2,fg2a,fg2_pct,efg_pct,ft,fta,ft_pct,orb,drb,trb,ast,stl,blk,tov,pf,pts,game_score,player_name,player_sr_link,school,season
1,1,1,2019-11-10,Louisiana–Monroe,@,Ole Miss,REG (Non-Conf),L 42-66,,8,0,3,.000,0,2,.000,0,1,.000,.000,0,0,,1,0,1,0,0,0,1,0,0,-2.4,Linda Van Schaik,https://www.sports-reference.com/cbb/players/linda-van-schaik-1.html,louisiana-monroe,2019-20
2,2,3,2019-11-16,Louisiana–Monroe,,Southern Mississippi,REG (Non-Conf),L 42-57,,12,2,5,.400,1,2,.500,1,3,.333,.500,0,0,,0,0,0,0,0,0,2,3,5,-0.9,Linda Van Schaik,https://www.sports-reference.com/cbb/players/linda-van-schaik-1.html,louisiana-monroe,2019-20
3,3,4,2019-11-18,Louisiana–Monroe,,Northwestern State,REG (Non-Conf),W 63-54,,25,3,8,.375,1,6,.167,2,2,1.000,.438,2,2,1.000,0,4,4,4,0,1,7,2,9,1.5,Linda Van Schaik,https://www.sports-reference.com/cbb/players/linda-van-schaik-1.html,louisiana-monroe,2019-20
4,4,5,2019-11-24,Louisiana–Monroe,,Southeastern Louisiana,REG (Non-Conf),L 52-65,,8,0,0,,0,0,,0,0,,,0,0,,0,0,0,1,1,0,0,2,0,0.9,Linda Van Schaik,https://www.sports-reference.com/cbb/players/linda-van-schaik-1.html,louisiana-monroe,2019-20
5,5,6,2019-12-01,Louisiana–Monroe,@,McNeese State,REG (Non-Conf),L 69-72,,15,3,7,.429,2,3,.667,1,4,.250,.571,0,0,,1,1,2,1,1,1,0,1,8,7.3,Linda Van Schaik,https://www.sports-reference.com/cbb/players/linda-van-schaik-1.html,louisiana-monroe,2019-20
6,6,7,2019-12-07,Louisiana–Monroe,,Houston Baptist,REG (Non-Conf),L 65-72,*,29,1,8,.125,1,5,.200,0,3,.000,.188,5,6,.833,0,5,5,2,0,0,2,3,8,2.1,Linda Van Schaik,https://www.sports-reference.com/cbb/players/linda-van-schaik-1.html,louisiana-monroe,2019-20
7,7,8,2019-12-13,Louisiana–Monroe,@,Nicholls State,REG (Non-Conf),L 59-74,*,22,4,10,.400,2,6,.333,2,4,.500,.500,2,2,1.000,0,4,4,2,1,0,3,2,12,6.4,Linda Van Schaik,https://www.sports-reference.com/cbb/players/linda-van-schaik-1.html,louisiana-monroe,2019-20
8,8,9,2019-12-20,Louisiana–Monroe,@,North Texas,REG (Non-Conf),L 51-63,,6,0,2,.000,0,2,.000,0,0,,.000,0,0,,0,1,1,0,0,0,1,1,0,-2.5,Linda Van Schaik,https://www.sports-reference.com/cbb/players/linda-van-schaik-1.html,louisiana-monroe,2019-20
9,9,10,2019-12-22,Louisiana–Monroe,@,Texas Tech,REG (Non-Conf),L 38-83,,3,0,1,.000,0,0,,0,1,.000,.000,0,0,,0,0,0,1,0,0,0,2,0,-0.8,Linda Van Schaik,https://www.sports-reference.com/cbb/players/linda-van-schaik-1.html,louisiana-monroe,2019-20
10,10,11,2019-12-29,Louisiana–Monroe,,Mississippi Valley State,REG (Non-Conf),W 74-66,,22,2,4,.500,1,3,.333,1,1,1.000,.625,2,6,.333,0,3,3,1,0,0,4,3,7,-0.2,Linda Van Schaik,https://www.sports-reference.com/cbb/players/linda-van-schaik-1.html,louisiana-monroe,2019-20
11,11,12,2020-01-02,Louisiana–Monroe,@,Georgia Southern,REG (Conf),L 47-64,,17,0,6,.000,0,5,.000,0,1,.000,.000,0,0,,0,6,6,0,0,2,2,1,0,-3.4,Linda Van Schaik,https://www.sports-reference.com/cbb/players/linda-van-schaik-1.html,louisiana-monroe,2019-20
12,12,13,2020-01-04,Louisiana–Monroe,@,Georgia State,REG (Conf),L 52-68,,13,1,2,.500,0,0,,1,2,.500,.500,0,0,,1,0,1,1,2,0,3,0,2,1.4,Linda Van Schaik,https://www.sports-reference.com/cbb/players/linda-van-schaik-1.html,louisiana-monroe,2019-20
13,13,15,2020-01-11,Louisiana–Monroe,@,South Alabama,REG (Conf),L 63-72,,3,0,0,,0,0,,0,0,,,0,0,,0,0,0,0,0,0,0,0,0,0.0,Linda Van Schaik,https://www.sports-reference.com/cbb/players/linda-van-schaik-1.html,louisiana-monroe,2019-20
14,14,16,2020-01-16,Louisiana–Monroe,@,Texas State,REG (Conf),W 58-55,,2,0,0,,0,0,,0,0,,,0,0,,0,0,0,0,0,0,0,1,0,-0.4,Linda Van Schaik,https://www.sports-reference.com/cbb/players/linda-van-schaik-1.html,louisiana-monroe,2019-20
15,15,17,2020-01-18,Louisiana–Monroe,@,UT Arlington,REG (Conf),L 34-72,,15,1,3,.333,0,1,.000,1,2,.500,.333,0,2,.000,0,2,2,0,0,0,3,4,2,-4.5,Linda Van Schaik,https://www.sports-reference.com/cbb/players/linda-van-schaik-1.html,louisiana-monroe,2019-20
16,16,18,2020-01-23,Louisiana–Monroe,,Little Rock,REG (Conf),L 50-70,,22,2,8,.250,0,3,.000,2,5,.400,.250,1,2,.500,1,0,1,3,3,1,4,1,5,1.9,Linda Van Schaik,https://www.sports-reference.com/cbb/players/linda-van-schaik-1.html,louisiana-monroe,2019-20
17,17,19,2020-01-25,Louisiana–Monroe,@,Louisiana,REG (Conf),L 55-68,,1,0,1,.000,0,0,,0,1,.000,.000,0,0,,0,1,1,0,0,0,0,0,0,-0.4,Linda Van Schaik,https://www.sports-reference.com/cbb/players/linda-van-schaik-1.html,louisiana-monroe,2019-20
18,18,21,2020-02-05,Louisiana–Monroe,@,Troy,REG (Conf),L 65-77,,15,0,4,.000,0,2,.000,0,2,.000,.000,0,0,,0,2,2,3,0,0,0,0,0,-0.1,Linda Van Schaik,https://www.sports-reference.com/cbb/players/linda-van-schaik-1.html,louisiana-monroe,2019-20
19,19,22,2020-02-08,Louisiana–Monroe,,South Alabama,REG (Conf),L 39-73,,26,1,6,.167,1,5,.200,0,1,.000,.250,2,2,1.000,0,1,1,1,1,0,3,2,5,-0.6,Linda Van Schaik,https://www.sports-reference.com/cbb/players/linda-van-schaik-1.html,louisiana-monroe,2019-20
20,20,23,2020-02-13,Louisiana–Monroe,,Georgia Southern,REG (Conf),L 66-72,,22,4,12,.333,1,6,.167,3,6,.500,.375,3,4,.750,0,2,2,2,2,0,3,3,12,4.6,Linda Van Schaik,https://www.sports-reference.com/cbb/players/linda-van-schaik-1.html,louisiana-monroe,2019-20
21,21,24,2020-02-15,Louisiana–Monroe,,Georgia State,REG (Conf),L 43-52,,17,0,4,.000,0,3,.000,0,1,.000,.000,1,2,.500,0,1,1,0,0,0,1,1,1,-3.3,Linda Van Schaik,https://www.sports-reference.com/cbb/players/linda-van-schaik-1.html,louisiana-monroe,2019-20
22,22,27,2020-02-29,Louisiana–Monroe,@,Appalachian State,REG (Conf),L 49-68,,18,2,7,.286,2,5,.400,0,2,.000,.429,0,0,,0,3,3,2,1,0,3,1,6,1.8,Linda Van Schaik,https://www.sports-reference.com/cbb/players/linda-van-schaik-1.html,louisiana-monroe,2019-20
23,23,28,2020-03-05,Louisiana–Monroe,,Texas State,REG (Conf),L 53-59,,7,0,1,.000,0,1,.000,0,0,,.000,3,4,.750,0,2,2,0,1,0,1,0,3,2.5,Linda Van Schaik,https://www.sports-reference.com/cbb/players/linda-van-schaik-1.html,louisiana-monroe,2019-20
24,24,29,2020-03-07,Louisiana–Monroe,,UT Arlington,REG (Conf),L 67-74,,18,3,5,.600,3,4,.750,0,1,.000,.900,2,2,1.000,1,0,1,2,2,0,1,1,11,11.4,Linda Van Schaik,https://www.sports-reference.com/cbb/players/linda-van-schaik-1.html,louisiana-monroe,2019-20
