ranker,player_game_num_career,team_game_num_season,date,team_name_abbr,game_location,opp_name_abbr,game_type,game_result,is_starter,mp,fg,fga,fg_pct,fg3,fg3a,fg2,fg2a,fg2_pct,efg_pct,ft,fta,ft_pct,orb,drb,trb,ast,stl,blk,tov,pf,pts,game_score,player_name,player_sr_link,school,season
1,21,1,2019-11-10,Louisiana–Monroe,@,Ole Miss,REG (Non-Conf),L 42-66,,5,0,0,,0,0,0,0,,,0,0,,0,0,0,0,0,0,2,3,0,-3.2,Sheniqua Coatney,https://www.sports-reference.com/cbb/players/sheniqua-coatney-1.html,louisiana-monroe,2019-20
2,22,2,2019-11-12,Louisiana–Monroe,@,Tennessee Tech,REG (Non-Conf),L 68-75,,0,0,0,,0,0,0,0,,,0,0,,0,0,0,0,0,0,0,1,0,-0.4,Sheniqua Coatney,https://www.sports-reference.com/cbb/players/sheniqua-coatney-1.html,louisiana-monroe,2019-20
3,23,3,2019-11-16,Louisiana–Monroe,,Southern Mississippi,REG (Non-Conf),L 42-57,,4,0,1,.000,0,0,0,1,.000,.000,0,0,,0,1,1,0,0,0,0,1,0,-0.8,Sheniqua Coatney,https://www.sports-reference.com/cbb/players/sheniqua-coatney-1.html,louisiana-monroe,2019-20
4,24,4,2019-11-18,Louisiana–Monroe,,Northwestern State,REG (Non-Conf),W 63-54,,17,3,4,.750,0,0,3,4,.750,.750,0,0,,2,1,3,1,1,1,1,0,6,7.5,Sheniqua Coatney,https://www.sports-reference.com/cbb/players/sheniqua-coatney-1.html,louisiana-monroe,2019-20
5,25,5,2019-11-24,Louisiana–Monroe,,Southeastern Louisiana,REG (Non-Conf),L 52-65,,13,1,1,1.000,0,0,1,1,1.000,1.000,0,0,,1,1,2,0,1,0,3,1,2,0.3,Sheniqua Coatney,https://www.sports-reference.com/cbb/players/sheniqua-coatney-1.html,louisiana-monroe,2019-20
6,26,6,2019-12-01,Louisiana–Monroe,@,McNeese State,REG (Non-Conf),L 69-72,,19,1,4,.250,0,0,1,4,.250,.250,0,0,,1,2,3,0,1,1,0,1,2,2.2,Sheniqua Coatney,https://www.sports-reference.com/cbb/players/sheniqua-coatney-1.html,louisiana-monroe,2019-20
7,27,7,2019-12-07,Louisiana–Monroe,,Houston Baptist,REG (Non-Conf),L 65-72,,20,5,7,.714,0,0,5,7,.714,.714,1,2,.500,2,5,7,0,0,0,0,2,11,9.8,Sheniqua Coatney,https://www.sports-reference.com/cbb/players/sheniqua-coatney-1.html,louisiana-monroe,2019-20
8,28,8,2019-12-13,Louisiana–Monroe,@,Nicholls State,REG (Non-Conf),L 59-74,,3,1,1,1.000,0,0,1,1,1.000,1.000,0,0,,0,0,0,0,0,0,1,0,2,0.7,Sheniqua Coatney,https://www.sports-reference.com/cbb/players/sheniqua-coatney-1.html,louisiana-monroe,2019-20
9,29,9,2019-12-20,Louisiana–Monroe,@,North Texas,REG (Non-Conf),L 51-63,,9,0,0,,0,0,0,0,,,0,0,,0,1,1,0,0,0,1,0,0,-0.7,Sheniqua Coatney,https://www.sports-reference.com/cbb/players/sheniqua-coatney-1.html,louisiana-monroe,2019-20
10,30,10,2019-12-22,Louisiana–Monroe,@,Texas Tech,REG (Non-Conf),L 38-83,,14,0,2,.000,0,0,0,2,.000,.000,0,0,,4,2,6,0,0,1,2,5,0,-1.3,Sheniqua Coatney,https://www.sports-reference.com/cbb/players/sheniqua-coatney-1.html,louisiana-monroe,2019-20
11,31,11,2019-12-29,Louisiana–Monroe,,Mississippi Valley State,REG (Non-Conf),W 74-66,,16,4,4,1.000,0,0,4,4,1.000,1.000,0,1,.000,3,6,9,0,0,2,2,3,8,8.5,Sheniqua Coatney,https://www.sports-reference.com/cbb/players/sheniqua-coatney-1.html,louisiana-monroe,2019-20
12,32,12,2020-01-02,Louisiana–Monroe,@,Georgia Southern,REG (Conf),L 47-64,,11,0,1,.000,0,0,0,1,.000,.000,0,0,,2,3,5,1,0,0,0,2,0,1.5,Sheniqua Coatney,https://www.sports-reference.com/cbb/players/sheniqua-coatney-1.html,louisiana-monroe,2019-20
13,33,13,2020-01-04,Louisiana–Monroe,@,Georgia State,REG (Conf),L 52-68,,18,1,3,.333,0,0,1,3,.333,.333,0,0,,1,4,5,0,0,0,3,2,2,-1.6,Sheniqua Coatney,https://www.sports-reference.com/cbb/players/sheniqua-coatney-1.html,louisiana-monroe,2019-20
14,34,14,2020-01-08,Louisiana–Monroe,,Troy,REG (Conf),L 65-72,,19,2,3,.667,0,0,2,3,.667,.667,0,4,.000,4,3,7,1,0,2,0,1,4,6.5,Sheniqua Coatney,https://www.sports-reference.com/cbb/players/sheniqua-coatney-1.html,louisiana-monroe,2019-20
15,35,15,2020-01-11,Louisiana–Monroe,@,South Alabama,REG (Conf),L 63-72,,23,0,0,,0,0,0,0,,,1,2,.500,0,3,3,0,2,2,3,4,1,0.3,Sheniqua Coatney,https://www.sports-reference.com/cbb/players/sheniqua-coatney-1.html,louisiana-monroe,2019-20
16,36,16,2020-01-16,Louisiana–Monroe,@,Texas State,REG (Conf),W 58-55,,23,2,2,1.000,0,0,2,2,1.000,1.000,2,2,1.000,2,4,6,0,0,0,1,1,6,6.6,Sheniqua Coatney,https://www.sports-reference.com/cbb/players/sheniqua-coatney-1.html,louisiana-monroe,2019-20
17,37,17,2020-01-18,Louisiana–Monroe,@,UT Arlington,REG (Conf),L 34-72,,20,0,0,,0,0,0,0,,,1,2,.500,1,1,2,0,0,0,2,5,1,-2.4,Sheniqua Coatney,https://www.sports-reference.com/cbb/players/sheniqua-coatney-1.html,louisiana-monroe,2019-20
18,38,18,2020-01-23,Louisiana–Monroe,,Little Rock,REG (Conf),L 50-70,,16,2,2,1.000,0,0,2,2,1.000,1.000,0,0,,0,3,3,0,0,0,4,4,4,-1.3,Sheniqua Coatney,https://www.sports-reference.com/cbb/players/sheniqua-coatney-1.html,louisiana-monroe,2019-20
19,39,19,2020-01-25,Louisiana–Monroe,@,Louisiana,REG (Conf),L 55-68,,6,1,4,.250,0,0,1,4,.250,.250,0,0,,1,0,1,0,1,1,1,3,2,-0.2,Sheniqua Coatney,https://www.sports-reference.com/cbb/players/sheniqua-coatney-1.html,louisiana-monroe,2019-20
