ranker,player_game_num_career,team_game_num_season,date,team_name_abbr,game_location,opp_name_abbr,game_type,game_result,is_starter,mp,fg,fga,fg_pct,fg3,fg3a,fg3_pct,fg2,fg2a,fg2_pct,efg_pct,ft,fta,ft_pct,orb,drb,trb,ast,stl,blk,tov,pf,pts,game_score,player_name,player_sr_link,school,season
1,60,1,2019-11-10,Louisiana–Monroe,@,Ole Miss,REG (Non-Conf),L 42-66,*,32,1,4,.250,0,1,.000,1,3,.333,.250,0,0,,0,3,3,1,1,0,0,0,2,2.2,Whitney Goins,https://www.sports-reference.com/cbb/players/whitney-goins-1.html,louisiana-monroe,2019-20
2,61,2,2019-11-12,Louisiana–Monroe,@,Tennessee Tech,REG (Non-Conf),L 68-75,*,32,2,5,.400,0,0,,2,5,.400,.400,0,1,.000,1,5,6,2,0,0,0,1,4,4.1,Whitney Goins,https://www.sports-reference.com/cbb/players/whitney-goins-1.html,louisiana-monroe,2019-20
3,62,3,2019-11-16,Louisiana–Monroe,,Southern Mississippi,REG (Non-Conf),L 42-57,*,25,1,2,.500,0,0,,1,2,.500,.500,0,0,,0,1,1,2,1,0,0,2,2,2.9,Whitney Goins,https://www.sports-reference.com/cbb/players/whitney-goins-1.html,louisiana-monroe,2019-20
4,63,4,2019-11-18,Louisiana–Monroe,,Northwestern State,REG (Non-Conf),W 63-54,*,32,3,8,.375,3,5,.600,0,3,.000,.563,0,0,,0,6,6,2,0,0,4,3,9,2.6,Whitney Goins,https://www.sports-reference.com/cbb/players/whitney-goins-1.html,louisiana-monroe,2019-20
5,64,5,2019-11-24,Louisiana–Monroe,,Southeastern Louisiana,REG (Non-Conf),L 52-65,*,11,0,1,.000,0,1,.000,0,0,,.000,0,0,,0,2,2,0,0,0,2,0,0,-2.1,Whitney Goins,https://www.sports-reference.com/cbb/players/whitney-goins-1.html,louisiana-monroe,2019-20
6,65,6,2019-12-01,Louisiana–Monroe,@,McNeese State,REG (Non-Conf),L 69-72,*,20,2,5,.400,0,3,.000,2,2,1.000,.400,0,0,,0,4,4,1,0,0,1,3,4,1.0,Whitney Goins,https://www.sports-reference.com/cbb/players/whitney-goins-1.html,louisiana-monroe,2019-20
7,66,7,2019-12-07,Louisiana–Monroe,,Houston Baptist,REG (Non-Conf),L 65-72,,25,3,4,.750,2,3,.667,1,1,1.000,1.000,0,2,.000,0,1,1,0,0,0,3,2,8,2.1,Whitney Goins,https://www.sports-reference.com/cbb/players/whitney-goins-1.html,louisiana-monroe,2019-20
8,67,8,2019-12-13,Louisiana–Monroe,@,Nicholls State,REG (Non-Conf),L 59-74,,21,2,9,.222,2,6,.333,0,3,.000,.333,0,0,,0,2,2,0,0,0,2,3,6,-2.1,Whitney Goins,https://www.sports-reference.com/cbb/players/whitney-goins-1.html,louisiana-monroe,2019-20
9,68,9,2019-12-20,Louisiana–Monroe,@,North Texas,REG (Non-Conf),L 51-63,*,35,4,10,.400,1,6,.167,3,4,.750,.450,0,0,,1,2,3,2,0,1,3,3,9,2.8,Whitney Goins,https://www.sports-reference.com/cbb/players/whitney-goins-1.html,louisiana-monroe,2019-20
10,69,10,2019-12-22,Louisiana–Monroe,@,Texas Tech,REG (Non-Conf),L 38-83,*,26,1,4,.250,1,3,.333,0,1,.000,.375,0,2,.000,1,2,3,0,0,0,1,3,3,-1.1,Whitney Goins,https://www.sports-reference.com/cbb/players/whitney-goins-1.html,louisiana-monroe,2019-20
11,70,11,2019-12-29,Louisiana–Monroe,,Mississippi Valley State,REG (Non-Conf),W 74-66,*,23,1,4,.250,1,3,.333,0,1,.000,.375,1,4,.250,0,0,0,0,1,0,1,1,4,0.0,Whitney Goins,https://www.sports-reference.com/cbb/players/whitney-goins-1.html,louisiana-monroe,2019-20
12,71,12,2020-01-02,Louisiana–Monroe,@,Georgia Southern,REG (Conf),L 47-64,*,26,4,8,.500,2,5,.400,2,3,.667,.625,0,0,,0,3,3,2,1,0,1,1,10,7.9,Whitney Goins,https://www.sports-reference.com/cbb/players/whitney-goins-1.html,louisiana-monroe,2019-20
13,72,13,2020-01-04,Louisiana–Monroe,@,Georgia State,REG (Conf),L 52-68,*,27,2,11,.182,1,7,.143,1,4,.250,.227,1,2,.500,4,1,5,5,0,0,3,2,6,1.5,Whitney Goins,https://www.sports-reference.com/cbb/players/whitney-goins-1.html,louisiana-monroe,2019-20
14,73,14,2020-01-08,Louisiana–Monroe,,Troy,REG (Conf),L 65-72,*,37,6,13,.462,5,11,.455,1,2,.500,.654,2,2,1.000,0,2,2,1,0,2,1,4,19,12.4,Whitney Goins,https://www.sports-reference.com/cbb/players/whitney-goins-1.html,louisiana-monroe,2019-20
15,74,15,2020-01-11,Louisiana–Monroe,@,South Alabama,REG (Conf),L 63-72,*,37,2,12,.167,2,7,.286,0,5,.000,.250,0,0,,0,2,2,1,1,2,0,1,6,1.7,Whitney Goins,https://www.sports-reference.com/cbb/players/whitney-goins-1.html,louisiana-monroe,2019-20
16,75,16,2020-01-16,Louisiana–Monroe,@,Texas State,REG (Conf),W 58-55,*,39,1,4,.250,1,2,.500,0,2,.000,.375,0,0,,0,1,1,0,0,0,0,0,3,0.9,Whitney Goins,https://www.sports-reference.com/cbb/players/whitney-goins-1.html,louisiana-monroe,2019-20
17,76,17,2020-01-18,Louisiana–Monroe,@,UT Arlington,REG (Conf),L 34-72,*,34,0,3,.000,0,2,.000,0,1,.000,.000,1,4,.250,2,2,4,1,1,1,0,0,1,2.1,Whitney Goins,https://www.sports-reference.com/cbb/players/whitney-goins-1.html,louisiana-monroe,2019-20
18,77,18,2020-01-23,Louisiana–Monroe,,Little Rock,REG (Conf),L 50-70,*,35,1,6,.167,1,4,.250,0,2,.000,.250,0,0,,0,2,2,0,0,2,2,2,3,-1.6,Whitney Goins,https://www.sports-reference.com/cbb/players/whitney-goins-1.html,louisiana-monroe,2019-20
19,78,19,2020-01-25,Louisiana–Monroe,@,Louisiana,REG (Conf),L 55-68,*,39,5,11,.455,3,8,.375,2,3,.667,.591,0,0,,0,5,5,3,0,0,2,2,13,8.1,Whitney Goins,https://www.sports-reference.com/cbb/players/whitney-goins-1.html,louisiana-monroe,2019-20
20,79,20,2020-02-01,Louisiana–Monroe,,Arkansas State,REG (Conf),L 53-54,*,38,5,13,.385,4,9,.444,1,4,.250,.538,0,0,,2,5,7,1,0,1,4,2,14,6.4,Whitney Goins,https://www.sports-reference.com/cbb/players/whitney-goins-1.html,louisiana-monroe,2019-20
21,80,21,2020-02-05,Louisiana–Monroe,@,Troy,REG (Conf),L 65-77,*,35,4,11,.364,2,7,.286,2,4,.500,.455,2,4,.500,1,3,4,2,4,0,1,0,12,11.1,Whitney Goins,https://www.sports-reference.com/cbb/players/whitney-goins-1.html,louisiana-monroe,2019-20
22,81,22,2020-02-08,Louisiana–Monroe,,South Alabama,REG (Conf),L 39-73,*,25,1,7,.143,1,4,.250,0,3,.000,.214,0,0,,0,0,0,0,1,2,2,0,3,-1.1,Whitney Goins,https://www.sports-reference.com/cbb/players/whitney-goins-1.html,louisiana-monroe,2019-20
23,82,23,2020-02-13,Louisiana–Monroe,,Georgia Southern,REG (Conf),L 66-72,*,15,0,1,.000,0,1,.000,0,0,,.000,0,0,,0,0,0,1,1,2,0,0,0,2.4,Whitney Goins,https://www.sports-reference.com/cbb/players/whitney-goins-1.html,louisiana-monroe,2019-20
24,83,24,2020-02-15,Louisiana–Monroe,,Georgia State,REG (Conf),L 43-52,*,31,2,7,.286,2,5,.400,0,2,.000,.429,2,2,1.000,1,2,3,1,1,0,1,3,8,4.7,Whitney Goins,https://www.sports-reference.com/cbb/players/whitney-goins-1.html,louisiana-monroe,2019-20
25,84,25,2020-02-22,Louisiana–Monroe,,Louisiana,REG (Conf),L 49-62,*,34,2,7,.286,2,5,.400,0,2,.000,.429,0,0,,0,6,6,0,0,3,2,2,6,3.0,Whitney Goins,https://www.sports-reference.com/cbb/players/whitney-goins-1.html,louisiana-monroe,2019-20
26,85,26,2020-02-27,Louisiana–Monroe,@,Coastal Carolina,REG (Conf),L 69-88,*,38,5,19,.263,2,9,.222,3,10,.300,.316,2,2,1.000,1,3,4,2,0,0,3,2,14,1.9,Whitney Goins,https://www.sports-reference.com/cbb/players/whitney-goins-1.html,louisiana-monroe,2019-20
27,86,27,2020-02-29,Louisiana–Monroe,@,Appalachian State,REG (Conf),L 49-68,*,24,4,12,.333,4,10,.400,0,2,.000,.500,0,0,,0,1,1,0,1,0,1,1,12,5.1,Whitney Goins,https://www.sports-reference.com/cbb/players/whitney-goins-1.html,louisiana-monroe,2019-20
28,87,28,2020-03-05,Louisiana–Monroe,,Texas State,REG (Conf),L 53-59,*,38,3,6,.500,2,5,.400,1,1,1.000,.667,2,2,1.000,0,1,1,2,0,0,0,4,10,7.1,Whitney Goins,https://www.sports-reference.com/cbb/players/whitney-goins-1.html,louisiana-monroe,2019-20
29,88,29,2020-03-07,Louisiana–Monroe,,UT Arlington,REG (Conf),L 67-74,*,22,1,5,.200,1,4,.250,0,1,.000,.300,1,2,.500,1,1,2,3,0,0,0,3,4,2.4,Whitney Goins,https://www.sports-reference.com/cbb/players/whitney-goins-1.html,louisiana-monroe,2019-20
