ranker,player_game_num_career,team_game_num_season,date,team_name_abbr,game_location,opp_name_abbr,game_type,game_result,is_starter,mp,fg,fga,fg_pct,fg3,fg3a,fg3_pct,fg2,fg2a,fg2_pct,efg_pct,ft,fta,ft_pct,orb,drb,trb,ast,stl,blk,tov,pf,pts,game_score,player_name,player_sr_link,school,season
1,56,2,2023-11-11,Marist,@,Pennsylvania,REG (Non-Conf),L 51-74,,6,0,1,.000,0,0,,0,1,.000,.000,0,0,,0,2,2,0,0,0,0,1,0,-0.5,Erin Fox,https://www.sports-reference.com/cbb/players/erin-fox-1.html,marist,2023-24
2,57,4,2023-11-22,Marist,N,Lehigh,REG (Non-Conf),L 64-82,,3,0,0,,0,0,,0,0,,,0,0,,0,0,0,0,1,0,1,0,0,0.0,Erin Fox,https://www.sports-reference.com/cbb/players/erin-fox-1.html,marist,2023-24
3,58,6,2023-11-28,Marist,@,Yale,REG (Non-Conf),L 45-61,,1,0,0,,0,0,,0,0,,,0,0,,0,0,0,0,0,0,0,0,0,0.0,Erin Fox,https://www.sports-reference.com/cbb/players/erin-fox-1.html,marist,2023-24
4,59,25,2024-02-22,Marist,,Mount St. Mary's,REG (Conf),L 57-72,,1,0,0,,0,0,,0,0,,,0,0,,0,0,0,1,0,0,0,0,0,0.7,Erin Fox,https://www.sports-reference.com/cbb/players/erin-fox-1.html,marist,2023-24
5,60,28,2024-03-02,Marist,,Saint Peter's,REG (Conf),L 57-58 (OT),,2,0,1,.000,0,0,,0,1,.000,.000,0,0,,0,0,0,0,0,0,0,0,0,-0.7,Erin Fox,https://www.sports-reference.com/cbb/players/erin-fox-1.html,marist,2023-24
6,61,29,2024-03-07,Marist,,Manhattan,REG (Conf),W 49-48,*,14,0,4,.000,0,2,.000,0,2,.000,.000,0,0,,1,3,4,2,0,0,2,2,0,-2.6,Erin Fox,https://www.sports-reference.com/cbb/players/erin-fox-1.html,marist,2023-24
7,62,30,2024-03-09,Marist,@,Quinnipiac,REG (Conf),L 42-51,*,8,0,0,,0,0,,0,0,,,1,2,.500,0,1,1,0,0,0,1,0,1,-0.1,Erin Fox,https://www.sports-reference.com/cbb/players/erin-fox-1.html,marist,2023-24
8,63,31,2024-03-12,Marist,N,Mount St. Mary's,CTOURN,L 47-60,,1,0,0,,0,0,,0,0,,,2,2,1.000,1,0,1,0,0,0,0,0,2,2.7,Erin Fox,https://www.sports-reference.com/cbb/players/erin-fox-1.html,marist,2023-24
