ranker,player_game_num_career,team_game_num_season,date,team_name_abbr,game_location,opp_name_abbr,game_type,game_result,is_starter,mp,fg,fga,fg_pct,fg3,fg3a,fg3_pct,fg2,fg2a,fg2_pct,efg_pct,ft,fta,orb,drb,trb,ast,stl,blk,tov,pf,pts,game_score,player_name,player_sr_link,school,season
1,67,4,2023-11-22,Marist,N,Lehigh,REG (Non-Conf),L 64-82,,2,0,0,,0,0,,0,0,,,0,0,0,1,1,0,0,0,0,1,0,-0.1,Maeve Donnelly,https://www.sports-reference.com/cbb/players/maeve-donnelly-1.html,marist,2023-24
2,68,5,2023-11-23,Marist,N,Mercer,REG (Non-Conf),L 67-73 (OT),,24,3,8,.375,1,2,.500,2,6,.333,.438,0,0,4,2,6,1,1,2,1,4,7,6.5,Maeve Donnelly,https://www.sports-reference.com/cbb/players/maeve-donnelly-1.html,marist,2023-24
3,69,6,2023-11-28,Marist,@,Yale,REG (Non-Conf),L 45-61,,10,2,2,1.000,0,0,,2,2,1.000,1.000,0,0,0,0,0,0,0,0,1,0,4,2.4,Maeve Donnelly,https://www.sports-reference.com/cbb/players/maeve-donnelly-1.html,marist,2023-24
4,70,7,2023-12-02,Marist,,St. John's (NY),REG (Non-Conf),L 40-50,,6,0,0,,0,0,,0,0,,,0,0,0,0,0,0,0,1,0,1,0,0.3,Maeve Donnelly,https://www.sports-reference.com/cbb/players/maeve-donnelly-1.html,marist,2023-24
5,71,8,2023-12-06,Marist,,Drexel,REG (Non-Conf),L 36-51,,5,0,0,,0,0,,0,0,,,0,0,0,1,1,1,0,1,0,0,0,1.7,Maeve Donnelly,https://www.sports-reference.com/cbb/players/maeve-donnelly-1.html,marist,2023-24
6,72,9,2023-12-09,Marist,@,Albany (NY),REG (Non-Conf),L 39-49,,5,0,2,.000,0,0,,0,2,.000,.000,0,0,0,1,1,0,0,0,1,0,0,-2.1,Maeve Donnelly,https://www.sports-reference.com/cbb/players/maeve-donnelly-1.html,marist,2023-24
7,73,10,2023-12-16,Marist,@,Saint Peter's,REG (Conf),L 42-51,,12,0,1,.000,0,0,,0,1,.000,.000,0,0,0,0,0,0,0,1,1,0,0,-1.0,Maeve Donnelly,https://www.sports-reference.com/cbb/players/maeve-donnelly-1.html,marist,2023-24
