ranker,player_game_num_career,team_game_num_season,date,team_name_abbr,game_location,opp_name_abbr,game_type,game_result,is_starter,mp,fg,fga,fg_pct,fg3,fg3a,fg2,fg2a,fg2_pct,efg_pct,ft,fta,orb,drb,trb,ast,stl,blk,tov,pf,pts,game_score,player_name,player_sr_link,school,season
1,17,2,2023-11-11,Marist,@,Pennsylvania,REG (Non-Conf),L 51-74,,1,0,0,,0,0,0,0,,,0,0,1,0,1,0,0,0,1,0,0,-0.3,McKenna Rife,https://www.sports-reference.com/cbb/players/mckenna-rife-1.html,marist,2023-24
2,18,4,2023-11-22,Marist,N,Lehigh,REG (Non-Conf),L 64-82,,2,0,0,,0,0,0,0,,,0,0,0,1,1,0,0,0,0,1,0,-0.1,McKenna Rife,https://www.sports-reference.com/cbb/players/mckenna-rife-1.html,marist,2023-24
3,19,25,2024-02-22,Marist,,Mount St. Mary's,REG (Conf),L 57-72,,1,1,1,1.000,0,0,1,1,1.000,1.000,0,0,0,1,1,0,0,0,0,0,2,2.0,McKenna Rife,https://www.sports-reference.com/cbb/players/mckenna-rife-1.html,marist,2023-24
4,20,31,2024-03-12,Marist,N,Mount St. Mary's,CTOURN,L 47-60,,0,0,0,,0,0,0,0,,,0,0,0,0,0,0,0,0,0,0,0,0.0,McKenna Rife,https://www.sports-reference.com/cbb/players/mckenna-rife-1.html,marist,2023-24
