ranker,player_game_num_career,team_game_num_season,date,team_name_abbr,game_location,opp_name_abbr,game_type,game_result,is_starter,mp,fg,fga,fg_pct,fg3,fg3a,fg3_pct,fg2,fg2a,fg2_pct,efg_pct,ft,fta,ft_pct,orb,drb,trb,ast,stl,blk,tov,pf,pts,game_score,player_name,player_sr_link,school,season
1,80,1,2023-11-09,Marist,,Army,REG (Non-Conf),W 76-68,*,38,7,14,.500,0,0,,7,14,.500,.500,7,7,1.000,0,8,8,3,1,3,5,4,21,15.0,Zaria Shazer,https://www.sports-reference.com/cbb/players/zaria-shazer-1.html,marist,2023-24
2,81,2,2023-11-11,Marist,@,Pennsylvania,REG (Non-Conf),L 51-74,*,28,5,14,.357,0,2,.000,5,12,.417,.357,2,2,1.000,2,7,9,4,1,1,3,3,12,8.0,Zaria Shazer,https://www.sports-reference.com/cbb/players/zaria-shazer-1.html,marist,2023-24
3,82,3,2023-11-15,Marist,@,Lafayette,REG (Non-Conf),W 84-76 (OT),*,44,8,21,.381,0,1,.000,8,20,.400,.381,13,17,.765,2,7,9,8,1,0,1,3,29,23.8,Zaria Shazer,https://www.sports-reference.com/cbb/players/zaria-shazer-1.html,marist,2023-24
4,83,4,2023-11-22,Marist,N,Lehigh,REG (Non-Conf),L 64-82,*,37,4,17,.235,0,0,,4,17,.235,.235,4,8,.500,1,7,8,3,0,0,2,3,12,1.8,Zaria Shazer,https://www.sports-reference.com/cbb/players/zaria-shazer-1.html,marist,2023-24
5,84,5,2023-11-23,Marist,N,Mercer,REG (Non-Conf),L 67-73 (OT),*,41,8,14,.571,0,1,.000,8,13,.615,.571,6,8,.750,1,12,13,3,1,0,6,5,22,14.0,Zaria Shazer,https://www.sports-reference.com/cbb/players/zaria-shazer-1.html,marist,2023-24
6,85,6,2023-11-28,Marist,@,Yale,REG (Non-Conf),L 45-61,*,33,1,13,.077,0,1,.000,1,12,.083,.077,3,6,.500,3,6,9,1,0,0,4,1,5,-4.7,Zaria Shazer,https://www.sports-reference.com/cbb/players/zaria-shazer-1.html,marist,2023-24
7,86,7,2023-12-02,Marist,,St. John's (NY),REG (Non-Conf),L 40-50,*,37,4,10,.400,0,0,,4,10,.400,.400,4,4,1.000,0,7,7,3,0,3,4,2,12,8.1,Zaria Shazer,https://www.sports-reference.com/cbb/players/zaria-shazer-1.html,marist,2023-24
8,87,8,2023-12-06,Marist,,Drexel,REG (Non-Conf),L 36-51,*,39,7,18,.389,0,0,,7,18,.389,.389,2,2,1.000,0,5,5,2,2,1,1,2,16,10.0,Zaria Shazer,https://www.sports-reference.com/cbb/players/zaria-shazer-1.html,marist,2023-24
9,88,9,2023-12-09,Marist,@,Albany (NY),REG (Non-Conf),L 39-49,*,37,5,14,.357,0,1,.000,5,13,.385,.357,0,0,,3,7,10,0,2,0,2,3,10,5.2,Zaria Shazer,https://www.sports-reference.com/cbb/players/zaria-shazer-1.html,marist,2023-24
10,89,10,2023-12-16,Marist,@,Saint Peter's,REG (Conf),L 42-51,*,37,2,10,.200,1,2,.500,1,8,.125,.250,2,4,.500,2,9,11,3,4,1,4,5,7,4.9,Zaria Shazer,https://www.sports-reference.com/cbb/players/zaria-shazer-1.html,marist,2023-24
11,90,11,2023-12-18,Marist,,Canisius,REG (Conf),L 62-67,*,39,7,15,.467,1,2,.500,6,13,.462,.500,0,0,,1,4,5,3,3,0,0,1,15,13.9,Zaria Shazer,https://www.sports-reference.com/cbb/players/zaria-shazer-1.html,marist,2023-24
12,91,12,2023-12-21,Marist,@,Cornell,REG (Non-Conf),L 61-74,*,28,1,5,.200,0,0,,1,5,.200,.200,2,4,.500,1,2,3,1,1,1,5,4,4,-2.8,Zaria Shazer,https://www.sports-reference.com/cbb/players/zaria-shazer-1.html,marist,2023-24
13,92,13,2024-01-06,Marist,@,Iona,REG (Conf),L 60-70,*,39,7,19,.368,0,0,,7,19,.368,.368,3,3,1.000,4,7,11,3,1,2,2,2,17,13.1,Zaria Shazer,https://www.sports-reference.com/cbb/players/zaria-shazer-1.html,marist,2023-24
14,93,14,2024-01-11,Marist,,Rider,REG (Conf),W 65-55,*,37,10,20,.500,1,2,.500,9,18,.500,.525,6,6,1.000,2,6,8,2,1,1,0,4,27,21.7,Zaria Shazer,https://www.sports-reference.com/cbb/players/zaria-shazer-1.html,marist,2023-24
15,94,15,2024-01-13,Marist,,Niagara,REG (Conf),W 61-60,*,38,7,13,.538,0,0,,7,13,.538,.538,6,10,.600,3,6,9,3,1,1,1,3,20,17.6,Zaria Shazer,https://www.sports-reference.com/cbb/players/zaria-shazer-1.html,marist,2023-24
16,95,16,2024-01-18,Marist,@,Mount St. Mary's,REG (Conf),W 45-44,*,40,4,13,.308,0,0,,4,13,.308,.308,2,4,.500,1,10,11,3,2,0,3,1,10,6.1,Zaria Shazer,https://www.sports-reference.com/cbb/players/zaria-shazer-1.html,marist,2023-24
17,96,17,2024-01-20,Marist,,Fairfield,REG (Conf),L 46-60,*,40,4,13,.308,0,0,,4,13,.308,.308,4,6,.667,5,5,10,0,4,0,3,3,12,8.5,Zaria Shazer,https://www.sports-reference.com/cbb/players/zaria-shazer-1.html,marist,2023-24
18,97,18,2024-01-25,Marist,@,Manhattan,REG (Conf),L 54-60,*,39,5,13,.385,0,0,,5,13,.385,.385,6,8,.750,0,8,8,1,1,2,4,4,16,8.0,Zaria Shazer,https://www.sports-reference.com/cbb/players/zaria-shazer-1.html,marist,2023-24
19,98,19,2024-02-01,Marist,,Quinnipiac,REG (Conf),L 62-64 (OT),*,42,5,23,.217,0,1,.000,5,22,.227,.217,4,4,1.000,3,7,10,3,2,1,4,2,14,4.1,Zaria Shazer,https://www.sports-reference.com/cbb/players/zaria-shazer-1.html,marist,2023-24
20,99,20,2024-02-03,Marist,,Siena,REG (Conf),L 67-71,*,35,9,15,.600,1,1,1.000,8,14,.571,.633,4,6,.667,3,7,10,1,2,1,3,3,23,18.7,Zaria Shazer,https://www.sports-reference.com/cbb/players/zaria-shazer-1.html,marist,2023-24
21,100,21,2024-02-08,Marist,@,Fairfield,REG (Conf),L 49-76,*,32,1,5,.200,0,0,,1,5,.200,.200,0,2,.000,1,4,5,1,0,0,3,0,2,-2.3,Zaria Shazer,https://www.sports-reference.com/cbb/players/zaria-shazer-1.html,marist,2023-24
22,101,22,2024-02-10,Marist,,Iona,REG (Conf),L 53-62,*,36,5,14,.357,0,1,.000,5,13,.385,.357,2,2,1.000,3,2,5,2,2,1,4,4,12,5.4,Zaria Shazer,https://www.sports-reference.com/cbb/players/zaria-shazer-1.html,marist,2023-24
23,102,23,2024-02-15,Marist,@,Canisius,REG (Conf),L 52-68,*,34,7,18,.389,0,0,,7,18,.389,.389,3,5,.600,4,3,7,1,1,1,1,1,17,11.1,Zaria Shazer,https://www.sports-reference.com/cbb/players/zaria-shazer-1.html,marist,2023-24
24,103,24,2024-02-17,Marist,@,Niagara,REG (Conf),L 64-90,*,30,6,16,.375,0,0,,6,16,.375,.375,2,5,.400,2,8,10,3,0,2,5,2,14,5.5,Zaria Shazer,https://www.sports-reference.com/cbb/players/zaria-shazer-1.html,marist,2023-24
25,104,25,2024-02-22,Marist,,Mount St. Mary's,REG (Conf),L 57-72,*,32,6,14,.429,0,0,,6,14,.429,.429,1,2,.500,1,9,10,2,2,1,4,2,13,7.9,Zaria Shazer,https://www.sports-reference.com/cbb/players/zaria-shazer-1.html,marist,2023-24
26,105,26,2024-02-24,Marist,@,Rider,REG (Conf),L 61-62 (OT),*,42,8,22,.364,0,1,.000,8,21,.381,.364,1,2,.500,5,6,11,6,0,1,1,3,17,12.4,Zaria Shazer,https://www.sports-reference.com/cbb/players/zaria-shazer-1.html,marist,2023-24
27,106,27,2024-02-29,Marist,@,Siena,REG (Conf),L 62-73,*,36,6,17,.353,1,2,.500,5,15,.333,.382,2,3,.667,2,7,9,5,2,0,6,4,15,6.5,Zaria Shazer,https://www.sports-reference.com/cbb/players/zaria-shazer-1.html,marist,2023-24
28,107,28,2024-03-02,Marist,,Saint Peter's,REG (Conf),L 57-58 (OT),*,13,1,6,.167,0,0,,1,6,.167,.167,0,0,,2,2,4,0,1,0,1,1,2,-0.2,Zaria Shazer,https://www.sports-reference.com/cbb/players/zaria-shazer-1.html,marist,2023-24
29,108,31,2024-03-12,Marist,N,Mount St. Mary's,CTOURN,L 47-60,,13,0,2,.000,0,0,,0,2,.000,.000,0,0,,1,1,2,1,0,0,2,0,0,-1.7,Zaria Shazer,https://www.sports-reference.com/cbb/players/zaria-shazer-1.html,marist,2023-24
