ranker,player_game_num_career,team_game_num_season,date,team_name_abbr,game_location,opp_name_abbr,game_type,game_result,is_starter,mp,fg,fga,fg_pct,fg3,fg3a,fg3_pct,fg2,fg2a,fg2_pct,efg_pct,ft,fta,ft_pct,orb,drb,trb,ast,stl,blk,tov,pf,pts,game_score,player_name,player_sr_link,school,season
1,21,10,2021-12-19,Northeastern,,Harvard,REG (Non-Conf),L 43-75,,10,2,3,.667,2,3,.667,0,0,,1.000,0,0,,0,0,0,0,0,0,0,1,6,4.3,Maddie Vizza,https://www.sports-reference.com/cbb/players/maddie-vizza-1.html,northeastern,2021-22
2,22,11,2022-01-05,Northeastern,,UNC Wilmington,REG (Conf),W 77-67,,15,1,6,.167,1,4,.250,0,2,.000,.250,0,0,,0,1,1,1,1,0,2,1,3,-1.2,Maddie Vizza,https://www.sports-reference.com/cbb/players/maddie-vizza-1.html,northeastern,2021-22
3,23,12,2022-01-09,Northeastern,,Hofstra,REG (Conf),W 64-51,,20,0,4,.000,0,4,.000,0,0,,.000,2,2,1.000,0,0,0,0,0,0,2,1,2,-3.2,Maddie Vizza,https://www.sports-reference.com/cbb/players/maddie-vizza-1.html,northeastern,2021-22
4,24,13,2022-01-14,Northeastern,@,Drexel,REG (Conf),L 50-63,,10,0,2,.000,0,2,.000,0,0,,.000,0,0,,0,0,0,0,0,0,1,1,0,-2.8,Maddie Vizza,https://www.sports-reference.com/cbb/players/maddie-vizza-1.html,northeastern,2021-22
5,25,14,2022-01-16,Northeastern,@,Delaware,REG (Conf),L 60-79,,15,2,7,.286,2,6,.333,0,1,.000,.429,0,0,,0,0,0,0,0,0,2,0,6,-0.1,Maddie Vizza,https://www.sports-reference.com/cbb/players/maddie-vizza-1.html,northeastern,2021-22
