ranker,player_game_num_career,team_game_num_season,date,team_name_abbr,game_location,opp_name_abbr,game_type,game_result,is_starter,mp,fg,fga,fg_pct,fg3,fg3a,fg2,fg2a,fg2_pct,efg_pct,ft,fta,ft_pct,orb,drb,trb,ast,stl,blk,tov,pf,pts,game_score,player_name,player_sr_link,school,season
1,6,1,2021-11-10,Northeastern,@,Holy Cross,REG (Non-Conf),W 71-45,,6,1,5,.200,0,0,1,5,.200,.200,0,0,,3,2,5,0,0,1,0,3,2,1.1,Sammie Martin,https://www.sports-reference.com/cbb/players/sammie-martin-1.html,northeastern,2021-22
2,7,2,2021-11-12,Northeastern,@,Yale,REG (Non-Conf),L 60-63 (OT),,9,0,0,,0,0,0,0,,,0,0,,0,1,1,0,1,1,1,2,0,0.2,Sammie Martin,https://www.sports-reference.com/cbb/players/sammie-martin-1.html,northeastern,2021-22
3,8,3,2021-11-17,Northeastern,,New Hampshire,REG (Non-Conf),W 78-52,,10,1,2,.500,0,0,1,2,.500,.500,2,3,.667,2,2,4,0,1,0,3,2,4,1.8,Sammie Martin,https://www.sports-reference.com/cbb/players/sammie-martin-1.html,northeastern,2021-22
4,9,4,2021-11-20,Northeastern,,UMass Lowell,REG (Non-Conf),W 61-47,,12,1,2,.500,0,0,1,2,.500,.500,0,0,,0,3,3,0,0,0,0,2,2,1.1,Sammie Martin,https://www.sports-reference.com/cbb/players/sammie-martin-1.html,northeastern,2021-22
5,10,5,2021-11-24,Northeastern,@,Boston College,REG (Non-Conf),L 46-57,,25,6,7,.857,0,0,6,7,.857,.857,0,1,.000,1,3,4,0,1,0,1,1,12,10.3,Sammie Martin,https://www.sports-reference.com/cbb/players/sammie-martin-1.html,northeastern,2021-22
6,11,6,2021-11-26,Northeastern,,Central Michigan,REG (Non-Conf),W 63-57,,21,4,7,.571,0,0,4,7,.571,.571,0,1,.000,4,1,5,0,0,0,1,2,8,5.6,Sammie Martin,https://www.sports-reference.com/cbb/players/sammie-martin-1.html,northeastern,2021-22
7,12,7,2021-12-01,Northeastern,,Boston University,REG (Non-Conf),W 53-45,,11,0,0,,0,0,0,0,,,2,2,1.000,0,2,2,0,0,0,2,1,2,0.2,Sammie Martin,https://www.sports-reference.com/cbb/players/sammie-martin-1.html,northeastern,2021-22
8,13,8,2021-12-05,Northeastern,@,Hartford,REG (Non-Conf),W 73-53,,10,0,0,,0,0,0,0,,,0,0,,0,1,1,0,0,0,2,3,0,-2.9,Sammie Martin,https://www.sports-reference.com/cbb/players/sammie-martin-1.html,northeastern,2021-22
9,14,9,2021-12-07,Northeastern,@,Quinnipiac,REG (Non-Conf),L 58-69,,7,0,0,,0,0,0,0,,,0,0,,1,0,1,0,0,0,1,2,0,-1.1,Sammie Martin,https://www.sports-reference.com/cbb/players/sammie-martin-1.html,northeastern,2021-22
