ranker,player_game_num_career,team_game_num_season,date,team_name_abbr,game_location,opp_name_abbr,game_type,game_result,is_starter,mp,fg,fga,fg_pct,fg3,fg3a,fg3_pct,fg2,fg2a,fg2_pct,efg_pct,ft,fta,ft_pct,orb,drb,trb,ast,stl,blk,tov,pf,pts,game_score,player_name,player_sr_link,school,season
1,43,1,2020-11-25,Tarleton State,@,North Texas,REG (Non-Conf),L 71-87,*,35,6,11,.545,0,0,,6,11,.545,.545,0,0,,0,2,2,2,2,0,4,1,12,6.3,Alexa Hoy,https://www.sports-reference.com/cbb/players/alexa-hoy-1.html,tarleton-state,2020-21
2,44,2,2020-11-28,Tarleton State,,Howard Payne,REG (Non-Conf),W 76-50,*,30,2,6,.333,0,2,.000,2,4,.500,.333,3,3,1.000,0,4,4,1,1,1,2,2,7,4.4,Alexa Hoy,https://www.sports-reference.com/cbb/players/alexa-hoy-1.html,tarleton-state,2020-21
3,45,3,2020-12-02,Tarleton State,,Bacone,REG (Non-Conf),W 80-39,*,23,3,4,.750,1,2,.500,2,2,1.000,.875,0,0,,0,4,4,2,0,0,0,1,7,7.6,Alexa Hoy,https://www.sports-reference.com/cbb/players/alexa-hoy-1.html,tarleton-state,2020-21
4,46,4,2020-12-05,Tarleton State,@,Lamar,REG (Non-Conf),L 58-73,*,28,2,5,.400,0,2,.000,2,3,.667,.400,1,2,.500,0,2,2,3,0,0,3,4,5,0.0,Alexa Hoy,https://www.sports-reference.com/cbb/players/alexa-hoy-1.html,tarleton-state,2020-21
5,47,5,2020-12-10,Tarleton State,@,Oral Roberts,REG (Non-Conf),L 56-66,*,35,7,14,.500,2,3,.667,5,11,.455,.571,1,2,.500,1,3,4,1,2,0,0,0,17,13.9,Alexa Hoy,https://www.sports-reference.com/cbb/players/alexa-hoy-1.html,tarleton-state,2020-21
6,48,6,2020-12-12,Tarleton State,,Champion Christian,REG (Non-Conf),W 95-27,*,13,0,1,.000,0,1,.000,0,0,,.000,0,0,,0,1,1,1,2,0,0,0,0,2.3,Alexa Hoy,https://www.sports-reference.com/cbb/players/alexa-hoy-1.html,tarleton-state,2020-21
7,49,7,2020-12-14,Tarleton State,@,Florida,REG (Non-Conf),L 52-84,*,32,3,7,.429,0,1,.000,3,6,.500,.429,0,0,,0,3,3,3,2,0,4,0,6,3.3,Alexa Hoy,https://www.sports-reference.com/cbb/players/alexa-hoy-1.html,tarleton-state,2020-21
8,50,8,2020-12-20,Tarleton State,,North Alabama,REG (Non-Conf),L 57-72,*,31,2,10,.200,0,2,.000,2,8,.250,.200,4,4,1.000,1,8,9,4,2,0,2,2,8,6.9,Alexa Hoy,https://www.sports-reference.com/cbb/players/alexa-hoy-1.html,tarleton-state,2020-21
9,51,9,2020-12-21,Tarleton State,@,Eastern Michigan,REG (Non-Conf),L 59-65,*,34,6,10,.600,0,1,.000,6,9,.667,.600,4,4,1.000,0,4,4,3,1,0,2,1,16,13.3,Alexa Hoy,https://www.sports-reference.com/cbb/players/alexa-hoy-1.html,tarleton-state,2020-21
