ranker,player_game_num_career,team_game_num_season,date,team_name_abbr,game_location,opp_name_abbr,game_type,game_result,is_starter,mp,fg,fga,fg_pct,fg3,fg3a,fg3_pct,fg2,fg2a,fg2_pct,efg_pct,ft,fta,orb,drb,trb,ast,stl,blk,tov,pf,pts,game_score,player_name,player_sr_link,school,season
1,1,11,2021-01-16,Tarleton State,,California Baptist,REG (Conf),L 66-89,,2,0,1,.000,0,1,.000,0,0,,.000,0,0,0,0,0,0,0,0,1,0,0,-1.7,Blythe Williams,https://www.sports-reference.com/cbb/players/blythe-williams-1.html,tarleton-state,2020-21
2,2,18,2021-02-14,Tarleton State,@,Chicago State,REG (Conf),W 61-41,,1,0,0,,0,0,,0,0,,,0,0,0,1,1,0,1,0,1,0,0,0.3,Blythe Williams,https://www.sports-reference.com/cbb/players/blythe-williams-1.html,tarleton-state,2020-21
3,3,19,2021-02-21,Tarleton State,,North Texas-Dallas,REG (Non-Conf),W 71-46,,4,1,1,1.000,0,0,,1,1,1.000,1.000,0,0,0,1,1,0,0,0,0,2,2,1.2,Blythe Williams,https://www.sports-reference.com/cbb/players/blythe-williams-1.html,tarleton-state,2020-21
4,4,21,2021-02-27,Tarleton State,@,New Mexico State,REG (Conf),L 44-67,,2,0,0,,0,0,,0,0,,,0,0,0,0,0,0,0,0,1,1,0,-1.4,Blythe Williams,https://www.sports-reference.com/cbb/players/blythe-williams-1.html,tarleton-state,2020-21
