ranker,player_game_num_career,team_game_num_season,date,team_name_abbr,game_location,opp_name_abbr,game_type,game_result,is_starter,mp,fg,fga,fg_pct,fg3,fg3a,fg3_pct,fg2,fg2a,fg2_pct,efg_pct,ft,fta,ft_pct,orb,drb,trb,ast,stl,blk,tov,pf,pts,game_score,player_name,player_sr_link,school,season
1,30,1,2020-11-25,Tarleton State,@,North Texas,REG (Non-Conf),L 71-87,,7,0,1,.000,0,0,,0,1,.000,.000,0,0,,0,1,1,0,0,1,1,5,0,-2.7,Callie Boyles,https://www.sports-reference.com/cbb/players/callie-boyles-1.html,tarleton-state,2020-21
2,31,2,2020-11-28,Tarleton State,,Howard Payne,REG (Non-Conf),W 76-50,,25,5,8,.625,1,2,.500,4,6,.667,.688,1,2,.500,2,11,13,0,0,5,5,2,12,10.4,Callie Boyles,https://www.sports-reference.com/cbb/players/callie-boyles-1.html,tarleton-state,2020-21
3,32,3,2020-12-02,Tarleton State,,Bacone,REG (Non-Conf),W 80-39,,26,8,14,.571,0,0,,8,14,.571,.571,4,4,1.000,3,4,7,1,0,0,1,1,20,16.0,Callie Boyles,https://www.sports-reference.com/cbb/players/callie-boyles-1.html,tarleton-state,2020-21
4,33,4,2020-12-05,Tarleton State,@,Lamar,REG (Non-Conf),L 58-73,,20,1,5,.200,0,1,.000,1,4,.250,.200,3,4,.750,1,2,3,0,1,1,1,0,5,3.5,Callie Boyles,https://www.sports-reference.com/cbb/players/callie-boyles-1.html,tarleton-state,2020-21
5,34,5,2020-12-10,Tarleton State,@,Oral Roberts,REG (Non-Conf),L 56-66,*,15,1,3,.333,1,3,.333,0,0,,.500,0,0,,1,1,2,0,0,3,1,5,3,1.4,Callie Boyles,https://www.sports-reference.com/cbb/players/callie-boyles-1.html,tarleton-state,2020-21
6,35,6,2020-12-12,Tarleton State,,Champion Christian,REG (Non-Conf),W 95-27,*,24,4,10,.400,0,2,.000,4,8,.500,.400,4,5,.800,5,6,11,3,3,6,0,3,12,19.6,Callie Boyles,https://www.sports-reference.com/cbb/players/callie-boyles-1.html,tarleton-state,2020-21
7,36,7,2020-12-14,Tarleton State,@,Florida,REG (Non-Conf),L 52-84,*,11,2,4,.500,0,1,.000,2,3,.667,.500,0,0,,0,0,0,0,0,0,1,0,4,1.0,Callie Boyles,https://www.sports-reference.com/cbb/players/callie-boyles-1.html,tarleton-state,2020-21
8,37,8,2020-12-20,Tarleton State,,North Alabama,REG (Non-Conf),L 57-72,,17,1,3,.333,0,0,,1,3,.333,.333,0,0,,1,1,2,1,1,1,2,0,2,1.7,Callie Boyles,https://www.sports-reference.com/cbb/players/callie-boyles-1.html,tarleton-state,2020-21
9,38,9,2020-12-21,Tarleton State,@,Eastern Michigan,REG (Non-Conf),L 59-65,,20,1,3,.333,0,0,,1,3,.333,.333,1,2,.500,0,3,3,0,0,2,0,2,3,2.4,Callie Boyles,https://www.sports-reference.com/cbb/players/callie-boyles-1.html,tarleton-state,2020-21
10,39,10,2021-01-15,Tarleton State,,California Baptist,REG (Conf),L 60-70,,25,2,6,.333,1,1,1.000,1,5,.200,.417,5,6,.833,2,3,5,1,0,2,1,1,10,9.2,Callie Boyles,https://www.sports-reference.com/cbb/players/callie-boyles-1.html,tarleton-state,2020-21
11,40,11,2021-01-16,Tarleton State,,California Baptist,REG (Conf),L 66-89,,13,0,4,.000,0,0,,0,4,.000,.000,1,2,.500,2,4,6,0,1,0,1,0,1,0.4,Callie Boyles,https://www.sports-reference.com/cbb/players/callie-boyles-1.html,tarleton-state,2020-21
12,41,12,2021-01-22,Tarleton State,@,Seattle,REG (Conf),L 54-86,,10,0,4,.000,0,1,.000,0,3,.000,.000,2,2,1.000,0,1,1,0,0,2,1,3,2,-1.3,Callie Boyles,https://www.sports-reference.com/cbb/players/callie-boyles-1.html,tarleton-state,2020-21
13,42,13,2021-01-23,Tarleton State,@,Seattle,REG (Conf),L 47-59,,10,1,3,.333,1,2,.500,0,1,.000,.500,2,2,1.000,0,1,1,0,0,0,3,1,5,0.2,Callie Boyles,https://www.sports-reference.com/cbb/players/callie-boyles-1.html,tarleton-state,2020-21
