ranker,player_game_num_career,team_game_num_season,date,team_name_abbr,game_location,opp_name_abbr,game_type,game_result,is_starter,mp,fg,fga,fg_pct,fg3,fg3a,fg3_pct,fg2,fg2a,fg2_pct,efg_pct,ft,fta,ft_pct,orb,drb,trb,ast,stl,blk,tov,pf,pts,game_score,player_name,player_sr_link,school,season
1,1,1,2020-11-25,Tarleton State,@,North Texas,REG (Non-Conf),L 71-87,*,19,4,6,.667,1,2,.500,3,4,.750,.750,1,2,.500,0,1,1,0,1,0,3,5,10,3.3,Emily Cunningham,https://www.sports-reference.com/cbb/players/emily-cunningham-1.html,tarleton-state,2020-21
2,2,2,2020-11-28,Tarleton State,,Howard Payne,REG (Non-Conf),W 76-50,*,23,6,9,.667,4,6,.667,2,3,.667,.889,0,0,,0,3,3,1,1,1,2,3,16,12.2,Emily Cunningham,https://www.sports-reference.com/cbb/players/emily-cunningham-1.html,tarleton-state,2020-21
3,3,3,2020-12-02,Tarleton State,,Bacone,REG (Non-Conf),W 80-39,*,22,5,8,.625,0,1,.000,5,7,.714,.625,0,0,,1,3,4,2,2,0,1,4,10,8.8,Emily Cunningham,https://www.sports-reference.com/cbb/players/emily-cunningham-1.html,tarleton-state,2020-21
4,4,4,2020-12-05,Tarleton State,@,Lamar,REG (Non-Conf),L 58-73,*,25,4,8,.500,3,5,.600,1,3,.333,.688,1,1,1.000,2,4,6,1,0,2,4,1,12,8.3,Emily Cunningham,https://www.sports-reference.com/cbb/players/emily-cunningham-1.html,tarleton-state,2020-21
5,5,7,2020-12-14,Tarleton State,@,Florida,REG (Non-Conf),L 52-84,,13,4,7,.571,3,5,.600,1,2,.500,.786,0,0,,0,2,2,0,1,0,2,1,11,6.9,Emily Cunningham,https://www.sports-reference.com/cbb/players/emily-cunningham-1.html,tarleton-state,2020-21
6,6,8,2020-12-20,Tarleton State,,North Alabama,REG (Non-Conf),L 57-72,*,20,2,7,.286,0,2,.000,2,5,.400,.286,2,4,.500,1,1,2,2,1,1,2,2,6,2.4,Emily Cunningham,https://www.sports-reference.com/cbb/players/emily-cunningham-1.html,tarleton-state,2020-21
7,7,9,2020-12-21,Tarleton State,@,Eastern Michigan,REG (Non-Conf),L 59-65,,13,1,5,.200,1,4,.250,0,1,.000,.300,0,0,,0,2,2,4,2,1,1,3,3,3.8,Emily Cunningham,https://www.sports-reference.com/cbb/players/emily-cunningham-1.html,tarleton-state,2020-21
8,8,10,2021-01-15,Tarleton State,,California Baptist,REG (Conf),L 60-70,*,16,2,5,.400,0,3,.000,2,2,1.000,.400,0,0,,0,2,2,0,0,0,0,2,4,1.1,Emily Cunningham,https://www.sports-reference.com/cbb/players/emily-cunningham-1.html,tarleton-state,2020-21
9,9,11,2021-01-16,Tarleton State,,California Baptist,REG (Conf),L 66-89,*,19,4,7,.571,3,4,.750,1,3,.333,.786,2,2,1.000,0,2,2,0,0,0,0,3,13,9.1,Emily Cunningham,https://www.sports-reference.com/cbb/players/emily-cunningham-1.html,tarleton-state,2020-21
10,10,12,2021-01-22,Tarleton State,@,Seattle,REG (Conf),L 54-86,*,24,1,6,.167,0,3,.000,1,3,.333,.167,0,0,,0,1,1,0,1,1,3,1,2,-3.2,Emily Cunningham,https://www.sports-reference.com/cbb/players/emily-cunningham-1.html,tarleton-state,2020-21
11,11,13,2021-01-23,Tarleton State,@,Seattle,REG (Conf),L 47-59,*,25,2,8,.250,0,4,.000,2,4,.500,.250,2,4,.500,1,2,3,2,0,0,2,1,6,0.7,Emily Cunningham,https://www.sports-reference.com/cbb/players/emily-cunningham-1.html,tarleton-state,2020-21
12,12,14,2021-01-27,Tarleton State,@,Texas–Rio Grande Valley,REG (Non-Conf),W 79-63,*,25,7,10,.700,3,5,.600,4,5,.800,.850,3,4,.750,0,2,2,1,0,2,2,1,20,15.7,Emily Cunningham,https://www.sports-reference.com/cbb/players/emily-cunningham-1.html,tarleton-state,2020-21
13,13,15,2021-02-01,Tarleton State,@,Grand Canyon,REG (Conf),L 55-64,*,23,0,4,.000,0,3,.000,0,1,.000,.000,4,4,1.000,0,3,3,2,0,3,3,2,4,1.8,Emily Cunningham,https://www.sports-reference.com/cbb/players/emily-cunningham-1.html,tarleton-state,2020-21
14,14,16,2021-02-02,Tarleton State,@,Grand Canyon,REG (Conf),L 54-71,*,20,3,7,.429,2,4,.500,1,3,.333,.571,0,0,,2,3,5,1,0,1,3,3,8,3.8,Emily Cunningham,https://www.sports-reference.com/cbb/players/emily-cunningham-1.html,tarleton-state,2020-21
15,15,17,2021-02-13,Tarleton State,@,Chicago State,REG (Conf),W 64-56,*,24,2,8,.250,1,4,.250,1,4,.250,.313,2,2,1.000,0,0,0,0,0,1,1,3,7,0.7,Emily Cunningham,https://www.sports-reference.com/cbb/players/emily-cunningham-1.html,tarleton-state,2020-21
16,16,18,2021-02-14,Tarleton State,@,Chicago State,REG (Conf),W 61-41,*,20,1,6,.167,0,1,.000,1,5,.200,.167,0,0,,2,0,2,1,0,0,4,2,2,-4.5,Emily Cunningham,https://www.sports-reference.com/cbb/players/emily-cunningham-1.html,tarleton-state,2020-21
17,17,19,2021-02-21,Tarleton State,,North Texas-Dallas,REG (Non-Conf),W 71-46,*,25,3,11,.273,1,5,.200,2,6,.333,.318,4,6,.667,1,2,3,2,0,0,0,2,11,5.6,Emily Cunningham,https://www.sports-reference.com/cbb/players/emily-cunningham-1.html,tarleton-state,2020-21
18,18,20,2021-02-26,Tarleton State,@,New Mexico State,REG (Conf),W 62-53,*,31,3,11,.273,1,6,.167,2,5,.400,.318,4,6,.667,2,8,10,3,2,2,8,3,11,3.8,Emily Cunningham,https://www.sports-reference.com/cbb/players/emily-cunningham-1.html,tarleton-state,2020-21
19,19,21,2021-02-27,Tarleton State,@,New Mexico State,REG (Conf),L 44-67,*,22,1,6,.167,1,6,.167,0,0,,.250,2,2,1.000,0,4,4,0,0,1,0,0,5,3.1,Emily Cunningham,https://www.sports-reference.com/cbb/players/emily-cunningham-1.html,tarleton-state,2020-21
20,20,22,2021-03-02,Tarleton State,,Utah Valley,REG (Conf),L 58-60,*,25,5,14,.357,2,9,.222,3,5,.600,.429,0,0,,0,1,1,1,3,0,0,3,12,7.0,Emily Cunningham,https://www.sports-reference.com/cbb/players/emily-cunningham-1.html,tarleton-state,2020-21
21,21,23,2021-03-03,Tarleton State,,Utah Valley,REG (Conf),L 54-67,*,26,3,8,.375,1,4,.250,2,4,.500,.438,0,0,,0,0,0,4,0,0,1,2,7,3.6,Emily Cunningham,https://www.sports-reference.com/cbb/players/emily-cunningham-1.html,tarleton-state,2020-21
22,22,24,2021-03-05,Tarleton State,,Texas–Rio Grande Valley,REG (Conf),L 56-62,*,19,1,2,.500,0,1,.000,1,1,1.000,.500,0,0,,1,1,2,0,1,0,2,3,2,-0.2,Emily Cunningham,https://www.sports-reference.com/cbb/players/emily-cunningham-1.html,tarleton-state,2020-21
23,23,25,2021-03-06,Tarleton State,,Texas–Rio Grande Valley,REG (Conf),W 63-52,*,20,1,4,.250,0,1,.000,1,3,.333,.250,0,0,,1,3,4,1,0,0,1,0,2,0.9,Emily Cunningham,https://www.sports-reference.com/cbb/players/emily-cunningham-1.html,tarleton-state,2020-21
