ranker,player_game_num_career,team_game_num_season,date,team_name_abbr,game_location,opp_name_abbr,game_type,game_result,is_starter,mp,fg,fga,fg_pct,fg3,fg3a,fg3_pct,fg2,fg2a,fg2_pct,efg_pct,ft,fta,ft_pct,orb,drb,trb,ast,stl,blk,tov,pf,pts,game_score,player_name,player_sr_link,school,season
1,1,2,2020-11-28,Tarleton State,,Howard Payne,REG (Non-Conf),W 76-50,,3,0,0,,0,0,,0,0,,,0,0,,0,0,0,0,0,0,0,0,0,0.0,Emily Cavey,https://www.sports-reference.com/cbb/players/emily-cavey-1.html,tarleton-state,2020-21
2,2,3,2020-12-02,Tarleton State,,Bacone,REG (Non-Conf),W 80-39,,7,0,1,.000,0,0,,0,1,.000,.000,0,0,,0,1,1,1,0,0,0,1,0,-0.1,Emily Cavey,https://www.sports-reference.com/cbb/players/emily-cavey-1.html,tarleton-state,2020-21
3,3,5,2020-12-10,Tarleton State,@,Oral Roberts,REG (Non-Conf),L 56-66,,1,0,0,,0,0,,0,0,,,0,0,,0,0,0,0,0,0,0,0,0,0.0,Emily Cavey,https://www.sports-reference.com/cbb/players/emily-cavey-1.html,tarleton-state,2020-21
4,4,6,2020-12-12,Tarleton State,,Champion Christian,REG (Non-Conf),W 95-27,,19,2,6,.333,0,1,.000,2,5,.400,.333,0,0,,1,2,3,3,1,1,4,2,4,0.9,Emily Cavey,https://www.sports-reference.com/cbb/players/emily-cavey-1.html,tarleton-state,2020-21
5,5,7,2020-12-14,Tarleton State,@,Florida,REG (Non-Conf),L 52-84,,3,0,1,.000,0,0,,0,1,.000,.000,0,0,,0,1,1,0,0,0,0,0,0,-0.4,Emily Cavey,https://www.sports-reference.com/cbb/players/emily-cavey-1.html,tarleton-state,2020-21
6,6,11,2021-01-16,Tarleton State,,California Baptist,REG (Conf),L 66-89,,2,0,0,,0,0,,0,0,,,0,0,,0,0,0,0,0,0,1,0,0,-1.0,Emily Cavey,https://www.sports-reference.com/cbb/players/emily-cavey-1.html,tarleton-state,2020-21
7,7,18,2021-02-14,Tarleton State,@,Chicago State,REG (Conf),W 61-41,,1,0,0,,0,0,,0,0,,,0,0,,0,0,0,0,0,0,0,0,0,0.0,Emily Cavey,https://www.sports-reference.com/cbb/players/emily-cavey-1.html,tarleton-state,2020-21
8,8,19,2021-02-21,Tarleton State,,North Texas-Dallas,REG (Non-Conf),W 71-46,,5,1,3,.333,0,0,,1,3,.333,.333,2,2,1.000,1,1,2,0,0,0,0,0,4,3.3,Emily Cavey,https://www.sports-reference.com/cbb/players/emily-cavey-1.html,tarleton-state,2020-21
9,9,21,2021-02-27,Tarleton State,@,New Mexico State,REG (Conf),L 44-67,,2,0,0,,0,0,,0,0,,,0,0,,0,0,0,0,0,0,0,0,0,0.0,Emily Cavey,https://www.sports-reference.com/cbb/players/emily-cavey-1.html,tarleton-state,2020-21
