ranker,player_game_num_career,team_game_num_season,date,team_name_abbr,game_location,opp_name_abbr,game_type,game_result,is_starter,mp,fg,fga,fg_pct,fg3,fg3a,fg3_pct,fg2,fg2a,fg2_pct,efg_pct,ft,fta,ft_pct,orb,drb,trb,ast,stl,blk,tov,pf,pts,game_score,player_name,player_sr_link,school,season
1,1,1,2020-11-25,Tarleton State,@,North Texas,REG (Non-Conf),L 71-87,,5,0,0,,0,0,,0,0,,,0,0,,0,0,0,0,0,0,1,1,0,-1.4,Hailey Ibarra,https://www.sports-reference.com/cbb/players/hailey-ibarra-1.html,tarleton-state,2020-21
2,2,2,2020-11-28,Tarleton State,,Howard Payne,REG (Non-Conf),W 76-50,,5,0,0,,0,0,,0,0,,,0,0,,0,2,2,0,0,0,2,1,0,-1.8,Hailey Ibarra,https://www.sports-reference.com/cbb/players/hailey-ibarra-1.html,tarleton-state,2020-21
3,3,3,2020-12-02,Tarleton State,,Bacone,REG (Non-Conf),W 80-39,,10,1,1,1.000,0,0,,1,1,1.000,1.000,1,2,.500,1,6,7,2,1,0,0,2,3,6.4,Hailey Ibarra,https://www.sports-reference.com/cbb/players/hailey-ibarra-1.html,tarleton-state,2020-21
4,4,6,2020-12-12,Tarleton State,,Champion Christian,REG (Non-Conf),W 95-27,,21,3,5,.600,2,2,1.000,1,3,.333,.800,0,0,,1,6,7,4,2,0,2,2,8,10.2,Hailey Ibarra,https://www.sports-reference.com/cbb/players/hailey-ibarra-1.html,tarleton-state,2020-21
5,5,7,2020-12-14,Tarleton State,@,Florida,REG (Non-Conf),L 52-84,,5,0,0,,0,0,,0,0,,,1,2,.500,0,1,1,0,0,0,1,0,1,-0.1,Hailey Ibarra,https://www.sports-reference.com/cbb/players/hailey-ibarra-1.html,tarleton-state,2020-21
6,6,8,2020-12-20,Tarleton State,,North Alabama,REG (Non-Conf),L 57-72,,4,1,1,1.000,1,1,1.000,0,0,,1.500,0,0,,0,0,0,0,0,0,0,0,3,2.7,Hailey Ibarra,https://www.sports-reference.com/cbb/players/hailey-ibarra-1.html,tarleton-state,2020-21
7,7,12,2021-01-22,Tarleton State,@,Seattle,REG (Conf),L 54-86,,12,2,4,.500,1,2,.500,1,2,.500,.625,0,0,,0,0,0,0,0,0,0,0,5,3.0,Hailey Ibarra,https://www.sports-reference.com/cbb/players/hailey-ibarra-1.html,tarleton-state,2020-21
8,8,13,2021-01-23,Tarleton State,@,Seattle,REG (Conf),L 47-59,,8,0,0,,0,0,,0,0,,,1,2,.500,1,0,1,0,0,0,0,0,1,1.3,Hailey Ibarra,https://www.sports-reference.com/cbb/players/hailey-ibarra-1.html,tarleton-state,2020-21
9,9,14,2021-01-27,Tarleton State,@,Texas–Rio Grande Valley,REG (Non-Conf),W 79-63,,18,2,2,1.000,0,0,,2,2,1.000,1.000,0,0,,0,1,1,1,0,0,0,1,4,4.0,Hailey Ibarra,https://www.sports-reference.com/cbb/players/hailey-ibarra-1.html,tarleton-state,2020-21
10,10,15,2021-02-01,Tarleton State,@,Grand Canyon,REG (Conf),L 55-64,,24,1,3,.333,0,1,.000,1,2,.500,.333,0,0,,0,1,1,1,1,0,2,1,2,-0.1,Hailey Ibarra,https://www.sports-reference.com/cbb/players/hailey-ibarra-1.html,tarleton-state,2020-21
11,11,16,2021-02-02,Tarleton State,@,Grand Canyon,REG (Conf),L 54-71,,20,0,1,.000,0,1,.000,0,0,,.000,0,0,,0,1,1,0,3,0,3,1,0,-0.8,Hailey Ibarra,https://www.sports-reference.com/cbb/players/hailey-ibarra-1.html,tarleton-state,2020-21
12,12,17,2021-02-13,Tarleton State,@,Chicago State,REG (Conf),W 64-56,,17,0,0,,0,0,,0,0,,,0,0,,0,3,3,2,1,0,3,0,0,0.3,Hailey Ibarra,https://www.sports-reference.com/cbb/players/hailey-ibarra-1.html,tarleton-state,2020-21
13,13,18,2021-02-14,Tarleton State,@,Chicago State,REG (Conf),W 61-41,,16,1,3,.333,0,1,.000,1,2,.500,.333,1,2,.500,3,2,5,1,1,0,2,2,3,2.5,Hailey Ibarra,https://www.sports-reference.com/cbb/players/hailey-ibarra-1.html,tarleton-state,2020-21
14,14,19,2021-02-21,Tarleton State,,North Texas-Dallas,REG (Non-Conf),W 71-46,,15,0,2,.000,0,1,.000,0,1,.000,.000,0,0,,1,2,3,1,1,0,0,1,0,1.2,Hailey Ibarra,https://www.sports-reference.com/cbb/players/hailey-ibarra-1.html,tarleton-state,2020-21
15,15,20,2021-02-26,Tarleton State,@,New Mexico State,REG (Conf),W 62-53,,11,0,1,.000,0,1,.000,0,0,,.000,1,2,.500,1,1,2,2,0,0,1,1,1,0.9,Hailey Ibarra,https://www.sports-reference.com/cbb/players/hailey-ibarra-1.html,tarleton-state,2020-21
16,16,21,2021-02-27,Tarleton State,@,New Mexico State,REG (Conf),L 44-67,,24,1,1,1.000,0,0,,1,1,1.000,1.000,0,0,,0,1,1,2,1,0,2,0,2,2.4,Hailey Ibarra,https://www.sports-reference.com/cbb/players/hailey-ibarra-1.html,tarleton-state,2020-21
17,17,22,2021-03-02,Tarleton State,,Utah Valley,REG (Conf),L 58-60,,15,0,0,,0,0,,0,0,,,0,0,,0,2,2,0,1,0,0,1,0,1.2,Hailey Ibarra,https://www.sports-reference.com/cbb/players/hailey-ibarra-1.html,tarleton-state,2020-21
18,18,23,2021-03-03,Tarleton State,,Utah Valley,REG (Conf),L 54-67,,18,0,2,.000,0,1,.000,0,1,.000,.000,0,0,,0,2,2,4,0,0,1,2,0,0.2,Hailey Ibarra,https://www.sports-reference.com/cbb/players/hailey-ibarra-1.html,tarleton-state,2020-21
19,19,24,2021-03-05,Tarleton State,,Texas–Rio Grande Valley,REG (Conf),L 56-62,*,26,0,2,.000,0,0,,0,2,.000,.000,0,0,,0,1,1,0,2,0,2,1,0,-1.5,Hailey Ibarra,https://www.sports-reference.com/cbb/players/hailey-ibarra-1.html,tarleton-state,2020-21
20,20,25,2021-03-06,Tarleton State,,Texas–Rio Grande Valley,REG (Conf),W 63-52,,11,0,0,,0,0,,0,0,,,0,0,,0,2,2,0,0,0,0,2,0,-0.2,Hailey Ibarra,https://www.sports-reference.com/cbb/players/hailey-ibarra-1.html,tarleton-state,2020-21
