ranker,player_game_num_career,team_game_num_season,date,team_name_abbr,game_location,opp_name_abbr,game_type,game_result,is_starter,mp,fg,fga,fg_pct,fg3,fg3a,fg3_pct,fg2,fg2a,fg2_pct,efg_pct,ft,fta,ft_pct,orb,drb,trb,ast,stl,blk,tov,pf,pts,game_score,player_name,player_sr_link,school,season
1,1,1,2020-11-25,Tarleton State,@,North Texas,REG (Non-Conf),L 71-87,*,28,4,8,.500,0,3,.000,4,5,.800,.500,10,12,.833,0,0,0,1,2,0,2,4,18,12.3,Iyana Dorsey,https://www.sports-reference.com/cbb/players/iyana-dorsey-1.html,tarleton-state,2020-21
2,2,2,2020-11-28,Tarleton State,,Howard Payne,REG (Non-Conf),W 76-50,*,27,6,15,.400,3,11,.273,3,4,.750,.500,2,4,.500,0,1,1,4,0,0,0,2,17,10.4,Iyana Dorsey,https://www.sports-reference.com/cbb/players/iyana-dorsey-1.html,tarleton-state,2020-21
3,3,3,2020-12-02,Tarleton State,,Bacone,REG (Non-Conf),W 80-39,*,31,5,13,.385,4,10,.400,1,3,.333,.538,2,2,1.000,0,2,2,4,1,0,0,1,16,12.9,Iyana Dorsey,https://www.sports-reference.com/cbb/players/iyana-dorsey-1.html,tarleton-state,2020-21
4,4,4,2020-12-05,Tarleton State,@,Lamar,REG (Non-Conf),L 58-73,*,29,1,7,.143,1,4,.250,0,3,.000,.214,4,4,1.000,1,2,3,2,0,0,3,3,7,1.0,Iyana Dorsey,https://www.sports-reference.com/cbb/players/iyana-dorsey-1.html,tarleton-state,2020-21
5,5,5,2020-12-10,Tarleton State,@,Oral Roberts,REG (Non-Conf),L 56-66,*,36,2,21,.095,0,12,.000,2,9,.222,.095,6,6,1.000,1,3,4,3,1,0,0,3,10,-0.4,Iyana Dorsey,https://www.sports-reference.com/cbb/players/iyana-dorsey-1.html,tarleton-state,2020-21
6,6,6,2020-12-12,Tarleton State,,Champion Christian,REG (Non-Conf),W 95-27,*,17,6,11,.545,4,8,.500,2,3,.667,.727,0,0,,0,0,0,3,3,0,2,3,16,12.6,Iyana Dorsey,https://www.sports-reference.com/cbb/players/iyana-dorsey-1.html,tarleton-state,2020-21
7,7,7,2020-12-14,Tarleton State,@,Florida,REG (Non-Conf),L 52-84,*,26,2,8,.250,0,1,.000,2,7,.286,.250,2,2,1.000,0,4,4,1,2,0,1,2,6,3.3,Iyana Dorsey,https://www.sports-reference.com/cbb/players/iyana-dorsey-1.html,tarleton-state,2020-21
8,8,8,2020-12-20,Tarleton State,,North Alabama,REG (Non-Conf),L 57-72,*,28,3,13,.231,3,8,.375,0,5,.000,.346,2,2,1.000,1,0,1,1,3,0,1,0,11,6.5,Iyana Dorsey,https://www.sports-reference.com/cbb/players/iyana-dorsey-1.html,tarleton-state,2020-21
9,9,9,2020-12-21,Tarleton State,@,Eastern Michigan,REG (Non-Conf),L 59-65,*,26,3,11,.273,3,8,.375,0,3,.000,.409,5,6,.833,0,1,1,3,2,1,1,3,14,10.0,Iyana Dorsey,https://www.sports-reference.com/cbb/players/iyana-dorsey-1.html,tarleton-state,2020-21
10,10,10,2021-01-15,Tarleton State,,California Baptist,REG (Conf),L 60-70,*,34,3,18,.167,2,6,.333,1,12,.083,.222,9,10,.900,0,1,1,2,2,0,2,0,17,6.9,Iyana Dorsey,https://www.sports-reference.com/cbb/players/iyana-dorsey-1.html,tarleton-state,2020-21
11,11,11,2021-01-16,Tarleton State,,California Baptist,REG (Conf),L 66-89,*,34,5,17,.294,3,13,.231,2,4,.500,.382,0,0,,0,1,1,4,4,0,1,1,13,8.8,Iyana Dorsey,https://www.sports-reference.com/cbb/players/iyana-dorsey-1.html,tarleton-state,2020-21
12,12,12,2021-01-22,Tarleton State,@,Seattle,REG (Conf),L 54-86,*,34,5,20,.250,3,13,.231,2,7,.286,.325,6,8,.750,0,1,1,1,3,0,1,2,19,8.4,Iyana Dorsey,https://www.sports-reference.com/cbb/players/iyana-dorsey-1.html,tarleton-state,2020-21
13,13,13,2021-01-23,Tarleton State,@,Seattle,REG (Conf),L 47-59,*,32,2,13,.154,2,8,.250,0,5,.000,.231,5,6,.833,0,1,1,0,2,0,2,2,11,1.8,Iyana Dorsey,https://www.sports-reference.com/cbb/players/iyana-dorsey-1.html,tarleton-state,2020-21
14,14,14,2021-01-27,Tarleton State,@,Texas–Rio Grande Valley,REG (Non-Conf),W 79-63,*,36,6,12,.500,1,6,.167,5,6,.833,.542,3,5,.600,0,1,1,9,3,0,2,2,16,16.0,Iyana Dorsey,https://www.sports-reference.com/cbb/players/iyana-dorsey-1.html,tarleton-state,2020-21
15,15,15,2021-02-01,Tarleton State,@,Grand Canyon,REG (Conf),L 55-64,*,29,3,10,.300,3,7,.429,0,3,.000,.450,4,6,.667,0,1,1,2,1,0,4,1,13,4.7,Iyana Dorsey,https://www.sports-reference.com/cbb/players/iyana-dorsey-1.html,tarleton-state,2020-21
16,16,16,2021-02-02,Tarleton State,@,Grand Canyon,REG (Conf),L 54-71,*,26,3,8,.375,2,7,.286,1,1,1.000,.500,7,7,1.000,0,1,1,0,0,0,5,4,15,4.3,Iyana Dorsey,https://www.sports-reference.com/cbb/players/iyana-dorsey-1.html,tarleton-state,2020-21
17,17,17,2021-02-13,Tarleton State,@,Chicago State,REG (Conf),W 64-56,*,30,5,12,.417,3,7,.429,2,5,.400,.542,5,8,.625,1,1,2,2,5,0,3,4,18,13.2,Iyana Dorsey,https://www.sports-reference.com/cbb/players/iyana-dorsey-1.html,tarleton-state,2020-21
18,18,18,2021-02-14,Tarleton State,@,Chicago State,REG (Conf),W 61-41,*,31,5,12,.417,2,8,.250,3,4,.750,.500,4,4,1.000,0,0,0,2,3,1,1,3,16,12.5,Iyana Dorsey,https://www.sports-reference.com/cbb/players/iyana-dorsey-1.html,tarleton-state,2020-21
19,19,19,2021-02-21,Tarleton State,,North Texas-Dallas,REG (Non-Conf),W 71-46,*,25,1,8,.125,1,5,.200,0,3,.000,.188,1,2,.500,0,1,1,3,3,0,2,3,4,0.6,Iyana Dorsey,https://www.sports-reference.com/cbb/players/iyana-dorsey-1.html,tarleton-state,2020-21
20,20,20,2021-02-26,Tarleton State,@,New Mexico State,REG (Conf),W 62-53,*,29,2,9,.222,2,4,.500,0,5,.000,.333,6,6,1.000,0,3,3,3,1,0,6,3,12,3.3,Iyana Dorsey,https://www.sports-reference.com/cbb/players/iyana-dorsey-1.html,tarleton-state,2020-21
21,21,21,2021-02-27,Tarleton State,@,New Mexico State,REG (Conf),L 44-67,*,33,3,9,.333,2,6,.333,1,3,.333,.444,2,2,1.000,0,2,2,1,2,0,2,2,10,5.4,Iyana Dorsey,https://www.sports-reference.com/cbb/players/iyana-dorsey-1.html,tarleton-state,2020-21
22,22,22,2021-03-02,Tarleton State,,Utah Valley,REG (Conf),L 58-60,*,34,5,13,.385,3,6,.500,2,7,.286,.500,2,3,.667,1,3,4,2,0,0,1,1,15,9.1,Iyana Dorsey,https://www.sports-reference.com/cbb/players/iyana-dorsey-1.html,tarleton-state,2020-21
23,23,23,2021-03-03,Tarleton State,,Utah Valley,REG (Conf),L 54-67,*,32,3,13,.231,1,6,.167,2,7,.286,.269,1,2,.500,0,0,0,1,0,0,1,2,8,-1.4,Iyana Dorsey,https://www.sports-reference.com/cbb/players/iyana-dorsey-1.html,tarleton-state,2020-21
24,24,24,2021-03-05,Tarleton State,,Texas–Rio Grande Valley,REG (Conf),L 56-62,*,30,5,15,.333,4,13,.308,1,2,.500,.467,8,9,.889,0,2,2,2,2,1,1,3,22,15.6,Iyana Dorsey,https://www.sports-reference.com/cbb/players/iyana-dorsey-1.html,tarleton-state,2020-21
25,25,25,2021-03-06,Tarleton State,,Texas–Rio Grande Valley,REG (Conf),W 63-52,*,30,6,14,.429,2,7,.286,4,7,.571,.500,6,6,1.000,0,2,2,1,2,0,0,2,20,15.1,Iyana Dorsey,https://www.sports-reference.com/cbb/players/iyana-dorsey-1.html,tarleton-state,2020-21
