ranker,player_game_num_career,team_game_num_season,date,team_name_abbr,game_location,opp_name_abbr,game_type,game_result,is_starter,mp,fg,fga,fg_pct,fg3,fg3a,fg3_pct,fg2,fg2a,fg2_pct,efg_pct,ft,fta,ft_pct,orb,drb,trb,ast,stl,blk,tov,pf,pts,game_score,player_name,player_sr_link,school,season
1,24,1,2020-11-25,Tarleton State,@,North Texas,REG (Non-Conf),L 71-87,,26,1,3,.333,0,1,.000,1,2,.500,.333,0,0,,2,4,6,0,0,0,5,1,2,-2.5,Jayci Morton,https://www.sports-reference.com/cbb/players/jayci-morton-1.html,tarleton-state,2020-21
2,25,2,2020-11-28,Tarleton State,,Howard Payne,REG (Non-Conf),W 76-50,*,30,3,5,.600,1,2,.500,2,3,.667,.700,3,3,1.000,2,2,4,6,2,0,1,2,10,14.1,Jayci Morton,https://www.sports-reference.com/cbb/players/jayci-morton-1.html,tarleton-state,2020-21
3,26,3,2020-12-02,Tarleton State,,Bacone,REG (Non-Conf),W 80-39,*,20,1,3,.333,0,1,.000,1,2,.500,.333,0,0,,0,1,1,1,2,0,6,0,2,-2.7,Jayci Morton,https://www.sports-reference.com/cbb/players/jayci-morton-1.html,tarleton-state,2020-21
4,27,4,2020-12-05,Tarleton State,@,Lamar,REG (Non-Conf),L 58-73,*,20,2,7,.286,2,5,.400,0,2,.000,.429,4,6,.667,1,4,5,0,0,0,0,2,10,6.2,Jayci Morton,https://www.sports-reference.com/cbb/players/jayci-morton-1.html,tarleton-state,2020-21
5,28,5,2020-12-10,Tarleton State,@,Oral Roberts,REG (Non-Conf),L 56-66,*,25,2,8,.250,0,2,.000,2,6,.333,.250,1,1,1.000,2,1,3,2,1,0,0,2,5,3.5,Jayci Morton,https://www.sports-reference.com/cbb/players/jayci-morton-1.html,tarleton-state,2020-21
6,29,6,2020-12-12,Tarleton State,,Champion Christian,REG (Non-Conf),W 95-27,*,18,1,5,.200,1,3,.333,0,2,.000,.300,2,2,1.000,2,3,5,3,0,0,2,1,5,3.9,Jayci Morton,https://www.sports-reference.com/cbb/players/jayci-morton-1.html,tarleton-state,2020-21
7,30,7,2020-12-14,Tarleton State,@,Florida,REG (Non-Conf),L 52-84,*,15,1,4,.250,0,3,.000,1,1,1.000,.250,0,0,,1,1,2,0,0,1,0,0,2,1.3,Jayci Morton,https://www.sports-reference.com/cbb/players/jayci-morton-1.html,tarleton-state,2020-21
8,31,8,2020-12-20,Tarleton State,,North Alabama,REG (Non-Conf),L 57-72,,8,0,0,,0,0,,0,0,,,2,2,1.000,0,2,2,1,0,0,0,1,2,2.9,Jayci Morton,https://www.sports-reference.com/cbb/players/jayci-morton-1.html,tarleton-state,2020-21
9,32,9,2020-12-21,Tarleton State,@,Eastern Michigan,REG (Non-Conf),L 59-65,,20,1,4,.250,1,4,.250,0,0,,.375,0,0,,0,4,4,1,0,0,0,0,3,2.5,Jayci Morton,https://www.sports-reference.com/cbb/players/jayci-morton-1.html,tarleton-state,2020-21
10,33,10,2021-01-15,Tarleton State,,California Baptist,REG (Conf),L 60-70,,24,0,3,.000,0,0,,0,3,.000,.000,0,0,,2,2,4,1,0,0,1,1,0,-0.8,Jayci Morton,https://www.sports-reference.com/cbb/players/jayci-morton-1.html,tarleton-state,2020-21
11,34,11,2021-01-16,Tarleton State,,California Baptist,REG (Conf),L 66-89,,23,0,2,.000,0,2,.000,0,0,,.000,2,2,1.000,1,2,3,1,1,0,0,1,2,3.2,Jayci Morton,https://www.sports-reference.com/cbb/players/jayci-morton-1.html,tarleton-state,2020-21
12,35,12,2021-01-22,Tarleton State,@,Seattle,REG (Conf),L 54-86,,18,0,3,.000,0,2,.000,0,1,.000,.000,0,0,,0,2,2,1,1,0,2,1,0,-2.2,Jayci Morton,https://www.sports-reference.com/cbb/players/jayci-morton-1.html,tarleton-state,2020-21
13,36,13,2021-01-23,Tarleton State,@,Seattle,REG (Conf),L 47-59,,24,2,6,.333,2,4,.500,0,2,.000,.500,0,0,,0,3,3,0,1,0,0,2,6,3.7,Jayci Morton,https://www.sports-reference.com/cbb/players/jayci-morton-1.html,tarleton-state,2020-21
14,37,14,2021-01-27,Tarleton State,@,Texas–Rio Grande Valley,REG (Non-Conf),W 79-63,,33,2,7,.286,1,4,.250,1,3,.333,.357,3,4,.750,0,6,6,3,1,0,1,1,8,7.0,Jayci Morton,https://www.sports-reference.com/cbb/players/jayci-morton-1.html,tarleton-state,2020-21
15,38,15,2021-02-01,Tarleton State,@,Grand Canyon,REG (Conf),L 55-64,,21,0,4,.000,0,3,.000,0,1,.000,.000,1,2,.500,1,2,3,2,0,1,2,1,1,-1.2,Jayci Morton,https://www.sports-reference.com/cbb/players/jayci-morton-1.html,tarleton-state,2020-21
16,39,16,2021-02-02,Tarleton State,@,Grand Canyon,REG (Conf),L 54-71,,29,2,7,.286,1,3,.333,1,4,.250,.357,1,2,.500,3,2,5,1,0,0,1,1,6,3.5,Jayci Morton,https://www.sports-reference.com/cbb/players/jayci-morton-1.html,tarleton-state,2020-21
17,40,17,2021-02-13,Tarleton State,@,Chicago State,REG (Conf),W 64-56,,22,2,4,.500,2,4,.500,0,0,,.750,5,6,.833,0,0,0,1,0,0,1,2,11,7.5,Jayci Morton,https://www.sports-reference.com/cbb/players/jayci-morton-1.html,tarleton-state,2020-21
18,41,18,2021-02-14,Tarleton State,@,Chicago State,REG (Conf),W 61-41,,22,1,3,.333,0,2,.000,1,1,1.000,.333,0,0,,0,1,1,3,1,0,1,1,2,2.3,Jayci Morton,https://www.sports-reference.com/cbb/players/jayci-morton-1.html,tarleton-state,2020-21
19,42,19,2021-02-21,Tarleton State,,North Texas-Dallas,REG (Non-Conf),W 71-46,,28,5,13,.385,3,8,.375,2,5,.400,.500,3,4,.750,2,5,7,1,4,0,3,0,16,13.1,Jayci Morton,https://www.sports-reference.com/cbb/players/jayci-morton-1.html,tarleton-state,2020-21
20,43,20,2021-02-26,Tarleton State,@,New Mexico State,REG (Conf),W 62-53,,21,1,1,1.000,1,1,1.000,0,0,,1.500,2,2,1.000,0,0,0,0,0,1,0,2,5,4.6,Jayci Morton,https://www.sports-reference.com/cbb/players/jayci-morton-1.html,tarleton-state,2020-21
21,44,21,2021-02-27,Tarleton State,@,New Mexico State,REG (Conf),L 44-67,,19,1,3,.333,1,1,1.000,0,2,.000,.500,1,2,.500,0,0,0,1,1,0,2,0,4,1.6,Jayci Morton,https://www.sports-reference.com/cbb/players/jayci-morton-1.html,tarleton-state,2020-21
22,45,22,2021-03-02,Tarleton State,,Utah Valley,REG (Conf),L 58-60,,17,2,5,.400,0,2,.000,2,3,.667,.400,2,2,1.000,1,0,1,0,0,0,0,1,6,3.6,Jayci Morton,https://www.sports-reference.com/cbb/players/jayci-morton-1.html,tarleton-state,2020-21
23,46,23,2021-03-03,Tarleton State,,Utah Valley,REG (Conf),L 54-67,*,32,0,2,.000,0,1,.000,0,1,.000,.000,5,6,.833,1,3,4,1,1,0,2,1,5,4.1,Jayci Morton,https://www.sports-reference.com/cbb/players/jayci-morton-1.html,tarleton-state,2020-21
24,47,24,2021-03-05,Tarleton State,,Texas–Rio Grande Valley,REG (Conf),L 56-62,,30,3,8,.375,1,2,.500,2,6,.333,.438,0,0,,2,2,4,3,1,1,2,4,7,4.8,Jayci Morton,https://www.sports-reference.com/cbb/players/jayci-morton-1.html,tarleton-state,2020-21
25,48,25,2021-03-06,Tarleton State,,Texas–Rio Grande Valley,REG (Conf),W 63-52,,17,0,4,.000,0,3,.000,0,1,.000,.000,3,4,.750,1,0,1,0,0,0,0,0,3,0.5,Jayci Morton,https://www.sports-reference.com/cbb/players/jayci-morton-1.html,tarleton-state,2020-21
