ranker,player_game_num_career,team_game_num_season,date,team_name_abbr,game_location,opp_name_abbr,game_type,game_result,is_starter,mp,fg,fga,fg_pct,fg3,fg3a,fg3_pct,fg2,fg2a,fg2_pct,efg_pct,ft,fta,ft_pct,orb,drb,trb,ast,stl,blk,tov,pf,pts,game_score,player_name,player_sr_link,school,season
1,30,4,2020-12-05,Tarleton State,@,Lamar,REG (Non-Conf),L 58-73,,27,3,9,.333,1,6,.167,2,3,.667,.389,0,0,,1,3,4,0,1,0,4,1,7,0.1,Kaitlyn Guillory,https://www.sports-reference.com/cbb/players/kaitlyn-guillory-1.html,tarleton-state,2020-21
2,31,5,2020-12-10,Tarleton State,@,Oral Roberts,REG (Non-Conf),L 56-66,,15,0,2,.000,0,1,.000,0,1,.000,.000,0,0,,0,5,5,0,3,0,0,3,0,1.9,Kaitlyn Guillory,https://www.sports-reference.com/cbb/players/kaitlyn-guillory-1.html,tarleton-state,2020-21
3,32,6,2020-12-12,Tarleton State,,Champion Christian,REG (Non-Conf),W 95-27,,15,5,5,1.000,4,4,1.000,1,1,1.000,1.400,0,0,,0,0,0,1,1,0,1,0,14,13.2,Kaitlyn Guillory,https://www.sports-reference.com/cbb/players/kaitlyn-guillory-1.html,tarleton-state,2020-21
4,33,7,2020-12-14,Tarleton State,@,Florida,REG (Non-Conf),L 52-84,,21,0,2,.000,0,2,.000,0,0,,.000,1,2,.500,0,2,2,1,0,1,0,2,1,0.4,Kaitlyn Guillory,https://www.sports-reference.com/cbb/players/kaitlyn-guillory-1.html,tarleton-state,2020-21
5,34,8,2020-12-20,Tarleton State,,North Alabama,REG (Non-Conf),L 57-72,*,23,1,4,.250,0,1,.000,1,3,.333,.250,1,2,.500,1,6,7,0,0,0,0,1,3,2.3,Kaitlyn Guillory,https://www.sports-reference.com/cbb/players/kaitlyn-guillory-1.html,tarleton-state,2020-21
6,35,9,2020-12-21,Tarleton State,@,Eastern Michigan,REG (Non-Conf),L 59-65,*,21,0,1,.000,0,0,,0,1,.000,.000,0,0,,0,3,3,0,1,0,1,4,0,-1.4,Kaitlyn Guillory,https://www.sports-reference.com/cbb/players/kaitlyn-guillory-1.html,tarleton-state,2020-21
7,36,10,2021-01-15,Tarleton State,,California Baptist,REG (Conf),L 60-70,*,30,0,6,.000,0,4,.000,0,2,.000,.000,0,0,,2,3,5,2,3,0,4,1,0,-1.9,Kaitlyn Guillory,https://www.sports-reference.com/cbb/players/kaitlyn-guillory-1.html,tarleton-state,2020-21
8,37,11,2021-01-16,Tarleton State,,California Baptist,REG (Conf),L 66-89,*,25,1,7,.143,0,5,.000,1,2,.500,.143,0,0,,1,1,2,3,0,1,1,2,2,-0.5,Kaitlyn Guillory,https://www.sports-reference.com/cbb/players/kaitlyn-guillory-1.html,tarleton-state,2020-21
9,38,12,2021-01-22,Tarleton State,@,Seattle,REG (Conf),L 54-86,*,24,2,3,.667,2,3,.667,0,0,,1.000,1,2,.500,0,4,4,1,3,0,1,2,7,8.4,Kaitlyn Guillory,https://www.sports-reference.com/cbb/players/kaitlyn-guillory-1.html,tarleton-state,2020-21
10,39,13,2021-01-23,Tarleton State,@,Seattle,REG (Conf),L 47-59,*,30,0,3,.000,0,2,.000,0,1,.000,.000,0,0,,2,3,5,1,1,1,1,4,0,0.0,Kaitlyn Guillory,https://www.sports-reference.com/cbb/players/kaitlyn-guillory-1.html,tarleton-state,2020-21
11,40,14,2021-01-27,Tarleton State,@,Texas–Rio Grande Valley,REG (Non-Conf),W 79-63,*,25,2,4,.500,2,3,.667,0,1,.000,.750,0,0,,0,6,6,1,1,0,1,3,6,5.3,Kaitlyn Guillory,https://www.sports-reference.com/cbb/players/kaitlyn-guillory-1.html,tarleton-state,2020-21
12,41,15,2021-02-01,Tarleton State,@,Grand Canyon,REG (Conf),L 55-64,*,24,1,1,1.000,1,1,1.000,0,0,,1.500,0,0,,0,1,1,3,0,0,1,1,3,3.7,Kaitlyn Guillory,https://www.sports-reference.com/cbb/players/kaitlyn-guillory-1.html,tarleton-state,2020-21
13,42,16,2021-02-02,Tarleton State,@,Grand Canyon,REG (Conf),L 54-71,*,12,0,1,.000,0,0,,0,1,.000,.000,0,0,,0,1,1,0,0,0,1,2,0,-2.2,Kaitlyn Guillory,https://www.sports-reference.com/cbb/players/kaitlyn-guillory-1.html,tarleton-state,2020-21
14,43,17,2021-02-13,Tarleton State,@,Chicago State,REG (Conf),W 64-56,*,27,1,3,.333,1,3,.333,0,0,,.500,0,0,,0,3,3,1,0,0,0,3,3,1.7,Kaitlyn Guillory,https://www.sports-reference.com/cbb/players/kaitlyn-guillory-1.html,tarleton-state,2020-21
15,44,18,2021-02-14,Tarleton State,@,Chicago State,REG (Conf),W 61-41,*,26,0,1,.000,0,1,.000,0,0,,.000,2,2,1.000,1,5,6,3,2,0,0,2,2,6.8,Kaitlyn Guillory,https://www.sports-reference.com/cbb/players/kaitlyn-guillory-1.html,tarleton-state,2020-21
16,45,19,2021-02-21,Tarleton State,,North Texas-Dallas,REG (Non-Conf),W 71-46,*,27,2,6,.333,2,4,.500,0,2,.000,.500,0,0,,1,4,5,3,1,0,0,2,6,6.8,Kaitlyn Guillory,https://www.sports-reference.com/cbb/players/kaitlyn-guillory-1.html,tarleton-state,2020-21
17,46,20,2021-02-26,Tarleton State,@,New Mexico State,REG (Conf),W 62-53,*,29,1,2,.500,0,1,.000,1,1,1.000,.500,3,7,.429,0,3,3,0,1,0,2,1,5,1.9,Kaitlyn Guillory,https://www.sports-reference.com/cbb/players/kaitlyn-guillory-1.html,tarleton-state,2020-21
18,47,21,2021-02-27,Tarleton State,@,New Mexico State,REG (Conf),L 44-67,*,17,0,1,.000,0,1,.000,0,0,,.000,0,0,,0,3,3,1,0,0,0,2,0,0.1,Kaitlyn Guillory,https://www.sports-reference.com/cbb/players/kaitlyn-guillory-1.html,tarleton-state,2020-21
19,48,22,2021-03-02,Tarleton State,,Utah Valley,REG (Conf),L 58-60,*,28,1,3,.333,0,1,.000,1,2,.500,.333,1,1,1.000,0,4,4,1,2,0,0,1,3,4.8,Kaitlyn Guillory,https://www.sports-reference.com/cbb/players/kaitlyn-guillory-1.html,tarleton-state,2020-21
20,49,23,2021-03-03,Tarleton State,,Utah Valley,REG (Conf),L 54-67,*,37,3,5,.600,1,2,.500,2,3,.667,.700,3,4,.750,0,8,8,0,0,0,0,2,10,8.9,Kaitlyn Guillory,https://www.sports-reference.com/cbb/players/kaitlyn-guillory-1.html,tarleton-state,2020-21
21,50,24,2021-03-05,Tarleton State,,Texas–Rio Grande Valley,REG (Conf),L 56-62,*,34,1,5,.200,0,3,.000,1,2,.500,.200,0,0,,0,4,4,3,1,1,2,2,2,1.1,Kaitlyn Guillory,https://www.sports-reference.com/cbb/players/kaitlyn-guillory-1.html,tarleton-state,2020-21
22,51,25,2021-03-06,Tarleton State,,Texas–Rio Grande Valley,REG (Conf),W 63-52,*,33,2,7,.286,1,3,.333,1,4,.250,.357,2,2,1.000,0,7,7,1,1,0,0,3,7,5.5,Kaitlyn Guillory,https://www.sports-reference.com/cbb/players/kaitlyn-guillory-1.html,tarleton-state,2020-21
