ranker,player_game_num_career,team_game_num_season,date,team_name_abbr,game_location,opp_name_abbr,game_type,game_result,is_starter,mp,fg,fga,fg_pct,fg3,fg3a,fg3_pct,fg2,fg2a,fg2_pct,efg_pct,ft,fta,ft_pct,orb,drb,trb,ast,stl,blk,tov,pf,pts,game_score,player_name,player_sr_link,school,season
1,58,1,2020-11-25,Tarleton State,@,North Texas,REG (Non-Conf),L 71-87,,23,1,2,.500,0,1,.000,1,1,1.000,.500,2,4,.500,1,3,4,0,0,0,2,1,4,1.4,Kandyn Faurie,https://www.sports-reference.com/cbb/players/kandyn-faurie-1.html,tarleton-state,2020-21
2,59,2,2020-11-28,Tarleton State,,Howard Payne,REG (Non-Conf),W 76-50,,18,1,2,.500,0,0,,1,2,.500,.500,2,2,1.000,1,2,3,4,0,0,2,0,4,5.1,Kandyn Faurie,https://www.sports-reference.com/cbb/players/kandyn-faurie-1.html,tarleton-state,2020-21
3,60,3,2020-12-02,Tarleton State,,Bacone,REG (Non-Conf),W 80-39,,18,1,3,.333,0,2,.000,1,1,1.000,.333,3,4,.750,0,4,4,2,0,0,1,1,5,4.1,Kandyn Faurie,https://www.sports-reference.com/cbb/players/kandyn-faurie-1.html,tarleton-state,2020-21
4,61,4,2020-12-05,Tarleton State,@,Lamar,REG (Non-Conf),L 58-73,,16,2,4,.500,1,1,1.000,1,3,.333,.625,3,4,.750,0,0,0,1,0,0,0,0,8,6.3,Kandyn Faurie,https://www.sports-reference.com/cbb/players/kandyn-faurie-1.html,tarleton-state,2020-21
5,62,5,2020-12-10,Tarleton State,@,Oral Roberts,REG (Non-Conf),L 56-66,,14,0,5,.000,0,1,.000,0,4,.000,.000,1,2,.500,0,3,3,1,0,0,2,0,1,-3.3,Kandyn Faurie,https://www.sports-reference.com/cbb/players/kandyn-faurie-1.html,tarleton-state,2020-21
6,63,6,2020-12-12,Tarleton State,,Champion Christian,REG (Non-Conf),W 95-27,,9,1,3,.333,0,0,,1,3,.333,.333,0,0,,0,0,0,3,0,0,0,0,2,2.4,Kandyn Faurie,https://www.sports-reference.com/cbb/players/kandyn-faurie-1.html,tarleton-state,2020-21
7,64,7,2020-12-14,Tarleton State,@,Florida,REG (Non-Conf),L 52-84,,16,1,5,.200,0,3,.000,1,2,.500,.200,2,2,1.000,2,2,4,1,0,0,1,1,4,2.2,Kandyn Faurie,https://www.sports-reference.com/cbb/players/kandyn-faurie-1.html,tarleton-state,2020-21
8,65,8,2020-12-20,Tarleton State,,North Alabama,REG (Non-Conf),L 57-72,,26,2,3,.667,0,0,,2,3,.667,.667,3,4,.750,0,1,1,0,1,0,0,1,7,6.2,Kandyn Faurie,https://www.sports-reference.com/cbb/players/kandyn-faurie-1.html,tarleton-state,2020-21
9,66,9,2020-12-21,Tarleton State,@,Eastern Michigan,REG (Non-Conf),L 59-65,,19,2,5,.400,0,0,,2,5,.400,.400,2,2,1.000,0,1,1,0,0,0,0,0,6,3.6,Kandyn Faurie,https://www.sports-reference.com/cbb/players/kandyn-faurie-1.html,tarleton-state,2020-21
10,67,10,2021-01-15,Tarleton State,,California Baptist,REG (Conf),L 60-70,*,31,3,5,.600,2,4,.500,1,1,1.000,.800,2,2,1.000,0,1,1,2,0,0,3,0,10,6.4,Kandyn Faurie,https://www.sports-reference.com/cbb/players/kandyn-faurie-1.html,tarleton-state,2020-21
11,68,11,2021-01-16,Tarleton State,,California Baptist,REG (Conf),L 66-89,*,33,6,12,.500,1,4,.250,5,8,.625,.542,2,3,.667,1,1,2,2,0,0,2,2,15,8.2,Kandyn Faurie,https://www.sports-reference.com/cbb/players/kandyn-faurie-1.html,tarleton-state,2020-21
12,69,12,2021-01-22,Tarleton State,@,Seattle,REG (Conf),L 54-86,*,31,1,7,.143,0,2,.000,1,5,.200,.143,0,0,,0,1,1,1,2,0,2,0,2,-1.5,Kandyn Faurie,https://www.sports-reference.com/cbb/players/kandyn-faurie-1.html,tarleton-state,2020-21
13,70,13,2021-01-23,Tarleton State,@,Seattle,REG (Conf),L 47-59,*,27,1,6,.167,0,2,.000,1,4,.250,.167,0,0,,0,4,4,3,0,0,3,1,2,-1.9,Kandyn Faurie,https://www.sports-reference.com/cbb/players/kandyn-faurie-1.html,tarleton-state,2020-21
14,71,14,2021-01-27,Tarleton State,@,Texas–Rio Grande Valley,REG (Non-Conf),W 79-63,*,9,0,2,.000,0,1,.000,0,1,.000,.000,0,0,,0,0,0,1,0,0,2,2,0,-3.5,Kandyn Faurie,https://www.sports-reference.com/cbb/players/kandyn-faurie-1.html,tarleton-state,2020-21
15,72,15,2021-02-01,Tarleton State,@,Grand Canyon,REG (Conf),L 55-64,*,31,1,4,.250,0,1,.000,1,3,.333,.250,0,0,,0,5,5,3,2,0,2,1,2,2.8,Kandyn Faurie,https://www.sports-reference.com/cbb/players/kandyn-faurie-1.html,tarleton-state,2020-21
16,73,16,2021-02-02,Tarleton State,@,Grand Canyon,REG (Conf),L 54-71,*,35,1,5,.200,0,1,.000,1,4,.250,.200,2,2,1.000,0,4,4,3,1,0,2,2,4,2.4,Kandyn Faurie,https://www.sports-reference.com/cbb/players/kandyn-faurie-1.html,tarleton-state,2020-21
17,74,17,2021-02-13,Tarleton State,@,Chicago State,REG (Conf),W 64-56,*,24,0,2,.000,0,1,.000,0,1,.000,.000,4,4,1.000,2,4,6,2,1,0,1,0,4,6.6,Kandyn Faurie,https://www.sports-reference.com/cbb/players/kandyn-faurie-1.html,tarleton-state,2020-21
18,75,18,2021-02-14,Tarleton State,@,Chicago State,REG (Conf),W 61-41,*,30,5,6,.833,0,0,,5,6,.833,.833,1,2,.500,1,4,5,3,1,0,0,0,11,13.4,Kandyn Faurie,https://www.sports-reference.com/cbb/players/kandyn-faurie-1.html,tarleton-state,2020-21
19,76,19,2021-02-21,Tarleton State,,North Texas-Dallas,REG (Non-Conf),W 71-46,*,14,2,3,.667,0,0,,2,3,.667,.667,0,0,,1,1,2,2,0,0,0,0,4,5.1,Kandyn Faurie,https://www.sports-reference.com/cbb/players/kandyn-faurie-1.html,tarleton-state,2020-21
20,77,20,2021-02-26,Tarleton State,@,New Mexico State,REG (Conf),W 62-53,*,30,0,2,.000,0,0,,0,2,.000,.000,9,10,.900,2,5,7,1,1,0,5,0,9,6.8,Kandyn Faurie,https://www.sports-reference.com/cbb/players/kandyn-faurie-1.html,tarleton-state,2020-21
21,78,21,2021-02-27,Tarleton State,@,New Mexico State,REG (Conf),L 44-67,*,30,5,11,.455,1,3,.333,4,8,.500,.500,0,0,,0,3,3,2,0,0,6,0,11,1.6,Kandyn Faurie,https://www.sports-reference.com/cbb/players/kandyn-faurie-1.html,tarleton-state,2020-21
22,79,22,2021-03-02,Tarleton State,,Utah Valley,REG (Conf),L 58-60,*,29,1,5,.200,0,1,.000,1,4,.250,.200,1,2,.500,1,4,5,5,0,0,0,2,3,4.1,Kandyn Faurie,https://www.sports-reference.com/cbb/players/kandyn-faurie-1.html,tarleton-state,2020-21
23,80,25,2021-03-06,Tarleton State,,Texas–Rio Grande Valley,REG (Conf),W 63-52,*,28,3,6,.500,0,1,.000,3,5,.600,.500,3,4,.750,0,2,2,2,0,0,1,0,9,6.6,Kandyn Faurie,https://www.sports-reference.com/cbb/players/kandyn-faurie-1.html,tarleton-state,2020-21
