ranker,player_game_num_career,team_game_num_season,date,team_name_abbr,game_location,opp_name_abbr,game_type,game_result,is_starter,mp,fg,fga,fg_pct,fg3,fg3a,fg2,fg2a,fg2_pct,efg_pct,ft,fta,ft_pct,orb,drb,trb,ast,stl,blk,tov,pf,pts,game_score,player_name,player_sr_link,school,season
1,92,1,2020-11-25,Tarleton State,@,North Texas,REG (Non-Conf),L 71-87,*,37,5,11,.455,0,0,5,11,.455,.455,5,11,.455,0,5,5,0,1,1,2,1,15,7.7,Lucy Benson,https://www.sports-reference.com/cbb/players/lucy-benson-1.html,tarleton-state,2020-21
2,93,2,2020-11-28,Tarleton State,,Howard Payne,REG (Non-Conf),W 76-50,*,30,4,7,.571,0,0,4,7,.571,.571,0,0,,1,8,9,2,5,0,3,3,8,10.0,Lucy Benson,https://www.sports-reference.com/cbb/players/lucy-benson-1.html,tarleton-state,2020-21
3,94,3,2020-12-02,Tarleton State,,Bacone,REG (Non-Conf),W 80-39,*,26,6,9,.667,0,0,6,9,.667,.667,0,0,,4,1,5,0,3,1,4,1,12,10.5,Lucy Benson,https://www.sports-reference.com/cbb/players/lucy-benson-1.html,tarleton-state,2020-21
4,95,4,2020-12-05,Tarleton State,@,Lamar,REG (Non-Conf),L 58-73,*,35,2,9,.222,0,0,2,9,.222,.222,0,0,,3,5,8,3,4,1,1,0,4,7.9,Lucy Benson,https://www.sports-reference.com/cbb/players/lucy-benson-1.html,tarleton-state,2020-21
5,96,5,2020-12-10,Tarleton State,@,Oral Roberts,REG (Non-Conf),L 56-66,*,37,3,12,.250,0,0,3,12,.250,.250,1,4,.250,3,5,8,2,1,1,2,4,7,1.7,Lucy Benson,https://www.sports-reference.com/cbb/players/lucy-benson-1.html,tarleton-state,2020-21
6,97,6,2020-12-12,Tarleton State,,Champion Christian,REG (Non-Conf),W 95-27,*,16,1,3,.333,0,0,1,3,.333,.333,0,0,,2,2,4,1,4,0,1,0,2,6.0,Lucy Benson,https://www.sports-reference.com/cbb/players/lucy-benson-1.html,tarleton-state,2020-21
7,98,7,2020-12-14,Tarleton State,@,Florida,REG (Non-Conf),L 52-84,*,27,2,9,.222,0,0,2,9,.222,.222,0,0,,2,0,2,1,0,0,3,3,4,-3.6,Lucy Benson,https://www.sports-reference.com/cbb/players/lucy-benson-1.html,tarleton-state,2020-21
8,99,8,2020-12-20,Tarleton State,,North Alabama,REG (Non-Conf),L 57-72,*,20,3,6,.500,0,0,3,6,.500,.500,1,2,.500,2,0,2,0,0,0,1,4,7,2.4,Lucy Benson,https://www.sports-reference.com/cbb/players/lucy-benson-1.html,tarleton-state,2020-21
9,100,9,2020-12-21,Tarleton State,@,Eastern Michigan,REG (Non-Conf),L 59-65,*,29,3,7,.429,0,0,3,7,.429,.429,6,8,.750,3,6,9,1,0,0,1,4,12,9.5,Lucy Benson,https://www.sports-reference.com/cbb/players/lucy-benson-1.html,tarleton-state,2020-21
10,101,10,2021-01-15,Tarleton State,,California Baptist,REG (Conf),L 60-70,*,17,1,4,.250,0,0,1,4,.250,.250,1,4,.250,3,3,6,1,1,0,2,4,3,0.5,Lucy Benson,https://www.sports-reference.com/cbb/players/lucy-benson-1.html,tarleton-state,2020-21
11,102,11,2021-01-16,Tarleton State,,California Baptist,REG (Conf),L 66-89,*,25,2,4,.500,0,0,2,4,.500,.500,3,8,.375,6,3,9,0,0,1,3,2,7,5.0,Lucy Benson,https://www.sports-reference.com/cbb/players/lucy-benson-1.html,tarleton-state,2020-21
12,103,12,2021-01-22,Tarleton State,@,Seattle,REG (Conf),L 54-86,*,26,5,7,.714,0,0,5,7,.714,.714,4,9,.444,1,3,4,1,0,1,2,0,14,10.1,Lucy Benson,https://www.sports-reference.com/cbb/players/lucy-benson-1.html,tarleton-state,2020-21
13,104,13,2021-01-23,Tarleton State,@,Seattle,REG (Conf),L 47-59,*,19,0,5,.000,0,0,0,5,.000,.000,0,0,,2,3,5,1,0,0,2,4,0,-4.1,Lucy Benson,https://www.sports-reference.com/cbb/players/lucy-benson-1.html,tarleton-state,2020-21
14,105,14,2021-01-27,Tarleton State,@,Texas–Rio Grande Valley,REG (Non-Conf),W 79-63,*,27,3,7,.429,0,0,3,7,.429,.429,2,6,.333,3,5,8,2,1,1,1,0,8,8.4,Lucy Benson,https://www.sports-reference.com/cbb/players/lucy-benson-1.html,tarleton-state,2020-21
15,106,15,2021-02-01,Tarleton State,@,Grand Canyon,REG (Conf),L 55-64,*,20,2,3,.667,0,0,2,3,.667,.667,3,4,.750,1,1,2,1,1,0,5,4,7,1.4,Lucy Benson,https://www.sports-reference.com/cbb/players/lucy-benson-1.html,tarleton-state,2020-21
16,107,16,2021-02-02,Tarleton State,@,Grand Canyon,REG (Conf),L 54-71,*,28,4,9,.444,0,0,4,9,.444,.444,0,3,.000,4,7,11,2,0,0,3,1,8,5.0,Lucy Benson,https://www.sports-reference.com/cbb/players/lucy-benson-1.html,tarleton-state,2020-21
17,108,17,2021-02-13,Tarleton State,@,Chicago State,REG (Conf),W 64-56,*,35,1,4,.250,0,0,1,4,.250,.250,1,2,.500,1,3,4,4,3,2,2,3,3,5.8,Lucy Benson,https://www.sports-reference.com/cbb/players/lucy-benson-1.html,tarleton-state,2020-21
18,109,18,2021-02-14,Tarleton State,@,Chicago State,REG (Conf),W 61-41,*,18,0,1,.000,0,0,0,1,.000,.000,1,2,.500,1,2,3,1,0,0,3,4,1,-2.7,Lucy Benson,https://www.sports-reference.com/cbb/players/lucy-benson-1.html,tarleton-state,2020-21
19,110,19,2021-02-21,Tarleton State,,North Texas-Dallas,REG (Non-Conf),W 71-46,*,26,2,9,.222,0,0,2,9,.222,.222,0,0,,5,6,11,1,0,1,0,1,4,4.8,Lucy Benson,https://www.sports-reference.com/cbb/players/lucy-benson-1.html,tarleton-state,2020-21
20,111,20,2021-02-26,Tarleton State,@,New Mexico State,REG (Conf),W 62-53,*,31,1,5,.200,0,0,1,5,.200,.200,8,10,.800,3,6,9,0,0,2,3,4,10,6.8,Lucy Benson,https://www.sports-reference.com/cbb/players/lucy-benson-1.html,tarleton-state,2020-21
21,112,21,2021-02-27,Tarleton State,@,New Mexico State,REG (Conf),L 44-67,*,20,1,5,.200,0,0,1,5,.200,.200,0,0,,1,1,2,1,1,0,3,3,2,-2.6,Lucy Benson,https://www.sports-reference.com/cbb/players/lucy-benson-1.html,tarleton-state,2020-21
22,113,22,2021-03-02,Tarleton State,,Utah Valley,REG (Conf),L 58-60,*,26,2,9,.222,0,0,2,9,.222,.222,0,0,,1,1,2,0,3,0,2,2,4,-0.3,Lucy Benson,https://www.sports-reference.com/cbb/players/lucy-benson-1.html,tarleton-state,2020-21
23,114,23,2021-03-03,Tarleton State,,Utah Valley,REG (Conf),L 54-67,*,25,3,6,.500,0,0,3,6,.500,.500,2,3,.667,0,1,1,1,2,0,1,0,8,6.6,Lucy Benson,https://www.sports-reference.com/cbb/players/lucy-benson-1.html,tarleton-state,2020-21
24,115,24,2021-03-05,Tarleton State,,Texas–Rio Grande Valley,REG (Conf),L 56-62,*,29,0,3,.000,0,0,0,3,.000,.000,1,2,.500,4,3,7,1,0,0,1,3,1,0.7,Lucy Benson,https://www.sports-reference.com/cbb/players/lucy-benson-1.html,tarleton-state,2020-21
25,116,25,2021-03-06,Tarleton State,,Texas–Rio Grande Valley,REG (Conf),W 63-52,*,36,2,7,.286,0,0,2,7,.286,.286,2,4,.500,2,7,9,1,0,0,0,1,6,4.9,Lucy Benson,https://www.sports-reference.com/cbb/players/lucy-benson-1.html,tarleton-state,2020-21
