ranker,player_game_num_career,team_game_num_season,date,team_name_abbr,game_location,opp_name_abbr,game_type,game_result,is_starter,mp,fg,fga,fg_pct,fg3,fg3a,fg3_pct,fg2,fg2a,fg2_pct,efg_pct,ft,fta,ft_pct,orb,drb,trb,ast,stl,blk,tov,pf,pts,game_score,player_name,player_sr_link,school,season
1,49,1,2020-11-25,Tarleton State,@,North Texas,REG (Non-Conf),L 71-87,*,19,4,8,.500,0,0,,4,8,.500,.500,2,3,.667,2,5,7,0,2,2,1,2,10,10.1,Marissa Escamilla,https://www.sports-reference.com/cbb/players/marissa-escamilla-1.html,tarleton-state,2020-21
2,50,5,2020-12-10,Tarleton State,@,Oral Roberts,REG (Non-Conf),L 56-66,,22,5,9,.556,2,3,.667,3,6,.500,.667,1,4,.250,3,4,7,1,1,1,2,4,13,9.6,Marissa Escamilla,https://www.sports-reference.com/cbb/players/marissa-escamilla-1.html,tarleton-state,2020-21
3,51,6,2020-12-12,Tarleton State,,Champion Christian,REG (Non-Conf),W 95-27,,16,6,9,.667,0,0,,6,9,.667,.667,5,5,1.000,2,3,5,1,4,0,2,1,17,17.7,Marissa Escamilla,https://www.sports-reference.com/cbb/players/marissa-escamilla-1.html,tarleton-state,2020-21
4,52,7,2020-12-14,Tarleton State,@,Florida,REG (Non-Conf),L 52-84,,25,6,14,.429,0,1,.000,6,13,.462,.429,1,3,.333,1,4,5,0,0,0,1,2,13,4.9,Marissa Escamilla,https://www.sports-reference.com/cbb/players/marissa-escamilla-1.html,tarleton-state,2020-21
5,53,8,2020-12-20,Tarleton State,,North Alabama,REG (Non-Conf),L 57-72,,23,3,13,.231,0,1,.000,3,12,.250,.231,2,5,.400,2,6,8,0,1,1,2,3,8,0.6,Marissa Escamilla,https://www.sports-reference.com/cbb/players/marissa-escamilla-1.html,tarleton-state,2020-21
6,54,9,2020-12-21,Tarleton State,@,Eastern Michigan,REG (Non-Conf),L 59-65,*,18,0,8,.000,0,1,.000,0,7,.000,.000,2,2,1.000,0,2,2,0,0,0,3,2,2,-6.8,Marissa Escamilla,https://www.sports-reference.com/cbb/players/marissa-escamilla-1.html,tarleton-state,2020-21
7,55,10,2021-01-15,Tarleton State,,California Baptist,REG (Conf),L 60-70,,24,5,11,.455,1,3,.333,4,8,.500,.500,5,6,.833,4,8,12,1,1,0,4,2,16,12.0,Marissa Escamilla,https://www.sports-reference.com/cbb/players/marissa-escamilla-1.html,tarleton-state,2020-21
8,56,11,2021-01-16,Tarleton State,,California Baptist,REG (Conf),L 66-89,,23,5,16,.313,0,2,.000,5,14,.357,.313,3,5,.600,3,4,7,1,0,0,3,1,13,3.6,Marissa Escamilla,https://www.sports-reference.com/cbb/players/marissa-escamilla-1.html,tarleton-state,2020-21
9,57,12,2021-01-22,Tarleton State,@,Seattle,REG (Conf),L 54-86,,20,0,4,.000,0,0,,0,4,.000,.000,3,4,.750,1,2,3,0,0,0,4,3,3,-4.1,Marissa Escamilla,https://www.sports-reference.com/cbb/players/marissa-escamilla-1.html,tarleton-state,2020-21
10,58,13,2021-01-23,Tarleton State,@,Seattle,REG (Conf),L 47-59,,26,5,11,.455,0,1,.000,5,10,.500,.455,6,10,.600,5,5,10,2,1,0,5,1,16,10.7,Marissa Escamilla,https://www.sports-reference.com/cbb/players/marissa-escamilla-1.html,tarleton-state,2020-21
11,59,14,2021-01-27,Tarleton State,@,Texas–Rio Grande Valley,REG (Non-Conf),W 79-63,,27,7,11,.636,0,1,.000,7,10,.700,.636,3,6,.500,3,6,9,2,2,0,2,1,17,15.8,Marissa Escamilla,https://www.sports-reference.com/cbb/players/marissa-escamilla-1.html,tarleton-state,2020-21
12,60,15,2021-02-01,Tarleton State,@,Grand Canyon,REG (Conf),L 55-64,,28,8,10,.800,1,2,.500,7,8,.875,.850,6,8,.750,3,5,8,0,4,0,5,3,23,19.8,Marissa Escamilla,https://www.sports-reference.com/cbb/players/marissa-escamilla-1.html,tarleton-state,2020-21
13,61,16,2021-02-02,Tarleton State,@,Grand Canyon,REG (Conf),L 54-71,,29,3,14,.214,0,3,.000,3,11,.273,.214,7,10,.700,4,3,7,2,1,0,4,0,13,5.3,Marissa Escamilla,https://www.sports-reference.com/cbb/players/marissa-escamilla-1.html,tarleton-state,2020-21
14,62,17,2021-02-13,Tarleton State,@,Chicago State,REG (Conf),W 64-56,,22,7,15,.467,1,2,.500,6,13,.462,.500,3,3,1.000,3,2,5,0,1,0,0,4,18,12.4,Marissa Escamilla,https://www.sports-reference.com/cbb/players/marissa-escamilla-1.html,tarleton-state,2020-21
15,63,18,2021-02-14,Tarleton State,@,Chicago State,REG (Conf),W 61-41,,35,6,14,.429,0,2,.000,6,12,.500,.429,12,14,.857,0,7,7,1,0,0,3,3,24,14.4,Marissa Escamilla,https://www.sports-reference.com/cbb/players/marissa-escamilla-1.html,tarleton-state,2020-21
16,64,19,2021-02-21,Tarleton State,,North Texas-Dallas,REG (Non-Conf),W 71-46,,23,6,15,.400,0,1,.000,6,14,.429,.400,6,9,.667,5,2,7,2,0,0,1,1,18,12.8,Marissa Escamilla,https://www.sports-reference.com/cbb/players/marissa-escamilla-1.html,tarleton-state,2020-21
17,65,20,2021-02-26,Tarleton State,@,New Mexico State,REG (Conf),W 62-53,,18,3,7,.429,0,0,,3,7,.429,.429,3,3,1.000,3,5,8,0,1,2,4,5,9,5.3,Marissa Escamilla,https://www.sports-reference.com/cbb/players/marissa-escamilla-1.html,tarleton-state,2020-21
18,66,21,2021-02-27,Tarleton State,@,New Mexico State,REG (Conf),L 44-67,,28,4,11,.364,0,2,.000,4,9,.444,.364,2,5,.400,4,4,8,0,1,2,4,2,10,4.3,Marissa Escamilla,https://www.sports-reference.com/cbb/players/marissa-escamilla-1.html,tarleton-state,2020-21
19,67,22,2021-03-02,Tarleton State,,Utah Valley,REG (Conf),L 58-60,,26,5,14,.357,2,4,.500,3,10,.300,.429,3,3,1.000,3,7,10,0,0,0,3,4,15,6.8,Marissa Escamilla,https://www.sports-reference.com/cbb/players/marissa-escamilla-1.html,tarleton-state,2020-21
20,68,23,2021-03-03,Tarleton State,,Utah Valley,REG (Conf),L 54-67,,29,7,11,.636,0,1,.000,7,10,.700,.636,2,3,.667,0,4,4,1,0,0,1,2,16,10.8,Marissa Escamilla,https://www.sports-reference.com/cbb/players/marissa-escamilla-1.html,tarleton-state,2020-21
21,69,24,2021-03-05,Tarleton State,,Texas–Rio Grande Valley,REG (Conf),L 56-62,,32,7,20,.350,1,4,.250,6,16,.375,.375,7,10,.700,5,5,10,0,0,0,0,3,22,13.4,Marissa Escamilla,https://www.sports-reference.com/cbb/players/marissa-escamilla-1.html,tarleton-state,2020-21
22,70,25,2021-03-06,Tarleton State,,Texas–Rio Grande Valley,REG (Conf),W 63-52,,26,5,15,.333,1,7,.143,4,8,.500,.367,5,6,.833,3,7,10,0,1,0,2,4,16,8.7,Marissa Escamilla,https://www.sports-reference.com/cbb/players/marissa-escamilla-1.html,tarleton-state,2020-21
