ranker,player_game_num_career,team_game_num_season,date,team_name_abbr,game_location,opp_name_abbr,game_type,game_result,is_starter,mp,fg,fga,fg_pct,fg3,fg3a,fg3_pct,fg2,fg2a,fg2_pct,efg_pct,ft,fta,orb,drb,trb,ast,stl,blk,tov,pf,pts,game_score,player_name,player_sr_link,school,season
1,1,2,2020-11-28,Tarleton State,,Howard Payne,REG (Non-Conf),W 76-50,,1,0,0,,0,0,,0,0,,,0,0,0,0,0,0,0,0,0,1,0,-0.4,Nya Moody,https://www.sports-reference.com/cbb/players/nya-moody-1.html,tarleton-state,2020-21
2,2,3,2020-12-02,Tarleton State,,Bacone,REG (Non-Conf),W 80-39,,5,0,1,.000,0,1,.000,0,0,,.000,0,0,0,0,0,0,1,0,0,0,0,0.3,Nya Moody,https://www.sports-reference.com/cbb/players/nya-moody-1.html,tarleton-state,2020-21
3,3,6,2020-12-12,Tarleton State,,Champion Christian,REG (Non-Conf),W 95-27,,12,1,3,.333,1,3,.333,0,0,,.500,0,0,0,2,2,1,0,0,0,0,3,2.6,Nya Moody,https://www.sports-reference.com/cbb/players/nya-moody-1.html,tarleton-state,2020-21
4,4,7,2020-12-14,Tarleton State,@,Florida,REG (Non-Conf),L 52-84,,2,0,0,,0,0,,0,0,,,0,0,0,0,0,0,0,0,1,0,0,-1.0,Nya Moody,https://www.sports-reference.com/cbb/players/nya-moody-1.html,tarleton-state,2020-21
5,5,11,2021-01-16,Tarleton State,,California Baptist,REG (Conf),L 66-89,,1,0,0,,0,0,,0,0,,,0,0,0,0,0,0,0,0,0,0,0,0.0,Nya Moody,https://www.sports-reference.com/cbb/players/nya-moody-1.html,tarleton-state,2020-21
6,6,18,2021-02-14,Tarleton State,@,Chicago State,REG (Conf),W 61-41,,1,0,0,,0,0,,0,0,,,0,0,0,0,0,0,0,0,0,0,0,0.0,Nya Moody,https://www.sports-reference.com/cbb/players/nya-moody-1.html,tarleton-state,2020-21
7,7,19,2021-02-21,Tarleton State,,North Texas-Dallas,REG (Non-Conf),W 71-46,,8,1,2,.500,0,0,,1,2,.500,.500,0,0,1,0,1,1,0,0,0,1,2,2.0,Nya Moody,https://www.sports-reference.com/cbb/players/nya-moody-1.html,tarleton-state,2020-21
8,8,21,2021-02-27,Tarleton State,@,New Mexico State,REG (Conf),L 44-67,,2,0,0,,0,0,,0,0,,,0,0,0,0,0,0,0,0,0,0,0,0.0,Nya Moody,https://www.sports-reference.com/cbb/players/nya-moody-1.html,tarleton-state,2020-21
