ranker,player_game_num_career,team_game_num_season,date,team_name_abbr,game_location,opp_name_abbr,game_type,game_result,is_starter,mp,fg,fga,fg_pct,fg3,fg3a,fg3_pct,fg2,fg2a,fg2_pct,efg_pct,ft,fta,ft_pct,orb,drb,trb,ast,stl,blk,tov,pf,pts,game_score,player_name,player_sr_link,school,season
1,20,1,2020-11-25,Tarleton State,@,North Texas,REG (Non-Conf),L 71-87,,2,0,0,,0,0,,0,0,,,0,0,,0,0,0,0,0,0,0,0,0,0.0,Reagan Heun,https://www.sports-reference.com/cbb/players/reagan-heun-1.html,tarleton-state,2020-21
2,21,2,2020-11-28,Tarleton State,,Howard Payne,REG (Non-Conf),W 76-50,,6,0,1,.000,0,1,.000,0,0,,.000,2,2,1.000,0,1,1,0,0,0,1,1,2,0.2,Reagan Heun,https://www.sports-reference.com/cbb/players/reagan-heun-1.html,tarleton-state,2020-21
3,22,3,2020-12-02,Tarleton State,,Bacone,REG (Non-Conf),W 80-39,,12,1,2,.500,1,2,.500,0,0,,.750,2,2,1.000,0,1,1,3,0,1,1,0,5,6.1,Reagan Heun,https://www.sports-reference.com/cbb/players/reagan-heun-1.html,tarleton-state,2020-21
4,23,6,2020-12-12,Tarleton State,,Champion Christian,REG (Non-Conf),W 95-27,,19,4,8,.500,4,7,.571,0,1,.000,.750,0,0,,0,6,6,2,0,0,0,2,12,10.4,Reagan Heun,https://www.sports-reference.com/cbb/players/reagan-heun-1.html,tarleton-state,2020-21
5,24,7,2020-12-14,Tarleton State,@,Florida,REG (Non-Conf),L 52-84,,3,0,0,,0,0,,0,0,,,0,0,,0,0,0,0,0,0,0,1,0,-0.4,Reagan Heun,https://www.sports-reference.com/cbb/players/reagan-heun-1.html,tarleton-state,2020-21
