ranker,player_game_num_career,team_game_num_season,date,team_name_abbr,game_location,opp_name_abbr,game_type,game_result,is_starter,mp,fg,fga,fg_pct,fg3,fg3a,fg3_pct,fg2,fg2a,fg2_pct,efg_pct,ft,fta,ft_pct,orb,drb,trb,ast,stl,blk,tov,pf,pts,game_score,player_name,player_sr_link,school,season
1,25,1,2019-11-05,Brown,,Bryant,REG (Non-Conf),L 44-45,,14,2,7,.286,0,1,.000,2,6,.333,.286,0,0,,1,1,2,0,1,1,1,2,4,0.8,Alana Kelley,https://www.sports-reference.com/cbb/players/alana-kelley-1.html,brown,2019-20
2,26,2,2019-11-11,Brown,,Maine,REG (Non-Conf),W 76-70 (OT),,3,0,1,.000,0,0,,0,1,.000,.000,0,0,,0,2,2,0,0,0,1,0,0,-1.1,Alana Kelley,https://www.sports-reference.com/cbb/players/alana-kelley-1.html,brown,2019-20
3,27,3,2019-11-14,Brown,@,Central Connecticut State,REG (Non-Conf),W 83-73,,12,2,3,.667,0,0,,2,3,.667,.667,1,2,.500,2,3,5,0,0,0,1,3,5,3.4,Alana Kelley,https://www.sports-reference.com/cbb/players/alana-kelley-1.html,brown,2019-20
4,28,4,2019-11-16,Brown,@,Longwood,REG (Non-Conf),L 76-86,,8,1,5,.200,0,0,,1,5,.200,.200,0,0,,0,1,1,1,0,0,1,0,2,-1.1,Alana Kelley,https://www.sports-reference.com/cbb/players/alana-kelley-1.html,brown,2019-20
5,29,5,2019-11-21,Brown,@,Massachusetts,REG (Non-Conf),L 42-95,,13,0,3,.000,0,1,.000,0,2,.000,.000,3,4,.750,1,1,2,0,0,0,4,2,3,-3.3,Alana Kelley,https://www.sports-reference.com/cbb/players/alana-kelley-1.html,brown,2019-20
6,30,6,2019-11-24,Brown,@,New Hampshire,REG (Non-Conf),W 76-68,,15,1,3,.333,0,0,,1,3,.333,.333,0,0,,0,1,1,1,0,1,0,2,2,1.2,Alana Kelley,https://www.sports-reference.com/cbb/players/alana-kelley-1.html,brown,2019-20
7,31,7,2019-11-26,Brown,,Merrimack,REG (Non-Conf),L 57-72,,7,1,4,.250,0,0,,1,4,.250,.250,1,2,.500,1,0,1,0,0,0,1,0,3,-0.1,Alana Kelley,https://www.sports-reference.com/cbb/players/alana-kelley-1.html,brown,2019-20
8,32,8,2019-12-01,Brown,,Holy Cross,REG (Non-Conf),L 71-83,*,11,0,5,.000,0,3,.000,0,2,.000,.000,1,2,.500,0,0,0,0,0,1,0,2,1,-3.0,Alana Kelley,https://www.sports-reference.com/cbb/players/alana-kelley-1.html,brown,2019-20
9,33,9,2019-12-07,Brown,@,Rhode Island,REG (Non-Conf),L 44-89,,12,2,5,.400,1,2,.500,1,3,.333,.500,0,0,,0,3,3,1,0,0,3,0,5,0.9,Alana Kelley,https://www.sports-reference.com/cbb/players/alana-kelley-1.html,brown,2019-20
10,34,10,2019-12-08,Brown,@,Bryant,REG (Non-Conf),W 56-50,,6,1,3,.333,0,2,.000,1,1,1.000,.333,0,0,,0,0,0,0,0,0,3,2,2,-3.5,Alana Kelley,https://www.sports-reference.com/cbb/players/alana-kelley-1.html,brown,2019-20
11,35,11,2019-12-22,Brown,@,Fairfield,REG (Non-Conf),W 58-44,,9,0,1,.000,0,1,.000,0,0,,.000,1,2,.500,0,2,2,0,0,0,0,1,1,0.1,Alana Kelley,https://www.sports-reference.com/cbb/players/alana-kelley-1.html,brown,2019-20
12,36,12,2019-12-29,Brown,@,Florida International,REG (Non-Conf),W 72-57,,6,0,2,.000,0,1,.000,0,1,.000,.000,0,0,,0,0,0,0,0,0,1,0,0,-2.4,Alana Kelley,https://www.sports-reference.com/cbb/players/alana-kelley-1.html,brown,2019-20
13,37,13,2019-12-30,Brown,@,South Florida,REG (Non-Conf),L 60-70,,14,0,2,.000,0,0,,0,2,.000,.000,0,0,,0,4,4,0,0,0,1,2,0,-2.0,Alana Kelley,https://www.sports-reference.com/cbb/players/alana-kelley-1.html,brown,2019-20
