ranker,player_game_num_career,team_game_num_season,date,team_name_abbr,game_location,opp_name_abbr,game_type,game_result,is_starter,mp,fg,fga,fg_pct,fg3,fg3a,fg3_pct,fg2,fg2a,fg2_pct,efg_pct,ft,fta,ft_pct,orb,drb,trb,ast,stl,blk,tov,pf,pts,game_score,player_name,player_sr_link,school,season
1,37,1,2019-11-05,Brown,,Bryant,REG (Non-Conf),L 44-45,*,28,1,5,.200,0,2,.000,1,3,.333,.200,0,0,,0,0,0,4,3,0,4,2,2,-0.1,Dominique Leonidas,https://www.sports-reference.com/cbb/players/dominique-leonidas-1.html,brown,2019-20
2,38,2,2019-11-11,Brown,,Maine,REG (Non-Conf),W 76-70 (OT),*,40,9,10,.900,3,3,1.000,6,7,.857,1.050,3,5,.600,0,5,5,6,2,0,4,4,24,21.9,Dominique Leonidas,https://www.sports-reference.com/cbb/players/dominique-leonidas-1.html,brown,2019-20
3,39,3,2019-11-14,Brown,@,Central Connecticut State,REG (Non-Conf),W 83-73,*,20,3,5,.600,0,1,.000,3,4,.750,.600,4,5,.800,0,0,0,2,0,0,7,1,10,1.3,Dominique Leonidas,https://www.sports-reference.com/cbb/players/dominique-leonidas-1.html,brown,2019-20
4,40,4,2019-11-16,Brown,@,Longwood,REG (Non-Conf),L 76-86,*,30,2,5,.400,1,3,.333,1,2,.500,.500,2,2,1.000,0,4,4,4,1,0,4,5,7,3.3,Dominique Leonidas,https://www.sports-reference.com/cbb/players/dominique-leonidas-1.html,brown,2019-20
5,41,5,2019-11-21,Brown,@,Massachusetts,REG (Non-Conf),L 42-95,*,17,1,4,.250,0,3,.000,1,1,1.000,.250,0,0,,0,0,0,0,0,0,2,2,2,-3.2,Dominique Leonidas,https://www.sports-reference.com/cbb/players/dominique-leonidas-1.html,brown,2019-20
6,42,6,2019-11-24,Brown,@,New Hampshire,REG (Non-Conf),W 76-68,,21,4,12,.333,0,1,.000,4,11,.364,.333,6,8,.750,3,3,6,1,0,0,2,2,14,7.3,Dominique Leonidas,https://www.sports-reference.com/cbb/players/dominique-leonidas-1.html,brown,2019-20
7,43,7,2019-11-26,Brown,,Merrimack,REG (Non-Conf),L 57-72,*,26,3,9,.333,1,2,.500,2,7,.286,.389,0,0,,1,1,2,3,0,1,6,5,7,-2.3,Dominique Leonidas,https://www.sports-reference.com/cbb/players/dominique-leonidas-1.html,brown,2019-20
8,44,8,2019-12-01,Brown,,Holy Cross,REG (Non-Conf),L 71-83,,26,1,5,.200,0,1,.000,1,4,.250,.200,0,0,,0,0,0,4,5,0,0,3,2,5.5,Dominique Leonidas,https://www.sports-reference.com/cbb/players/dominique-leonidas-1.html,brown,2019-20
9,45,9,2019-12-07,Brown,@,Rhode Island,REG (Non-Conf),L 44-89,*,26,1,8,.125,0,2,.000,1,6,.167,.125,2,3,.667,0,3,3,0,0,0,1,0,4,-1.7,Dominique Leonidas,https://www.sports-reference.com/cbb/players/dominique-leonidas-1.html,brown,2019-20
10,46,10,2019-12-08,Brown,@,Bryant,REG (Non-Conf),W 56-50,*,26,1,8,.125,0,2,.000,1,6,.167,.125,1,2,.500,0,1,1,2,0,1,4,2,3,-5.0,Dominique Leonidas,https://www.sports-reference.com/cbb/players/dominique-leonidas-1.html,brown,2019-20
11,47,11,2019-12-22,Brown,@,Fairfield,REG (Non-Conf),W 58-44,*,31,4,8,.500,0,1,.000,4,7,.571,.500,2,2,1.000,0,4,4,1,0,0,2,3,10,4.7,Dominique Leonidas,https://www.sports-reference.com/cbb/players/dominique-leonidas-1.html,brown,2019-20
12,48,12,2019-12-29,Brown,@,Florida International,REG (Non-Conf),W 72-57,*,29,1,8,.125,0,2,.000,1,6,.167,.125,0,0,,4,0,4,3,1,0,3,2,2,-1.1,Dominique Leonidas,https://www.sports-reference.com/cbb/players/dominique-leonidas-1.html,brown,2019-20
13,49,13,2019-12-30,Brown,@,South Florida,REG (Non-Conf),L 60-70,*,30,2,7,.286,1,2,.500,1,5,.200,.357,2,2,1.000,0,2,2,6,2,0,3,3,7,5.5,Dominique Leonidas,https://www.sports-reference.com/cbb/players/dominique-leonidas-1.html,brown,2019-20
14,50,14,2020-01-17,Brown,@,Yale,REG (Conf),L 72-79,*,32,5,10,.500,1,1,1.000,4,9,.444,.550,5,6,.833,0,0,0,5,2,1,5,5,16,9.8,Dominique Leonidas,https://www.sports-reference.com/cbb/players/dominique-leonidas-1.html,brown,2019-20
15,51,15,2020-01-25,Brown,,Yale,REG (Conf),L 40-73,*,21,1,9,.111,0,3,.000,1,6,.167,.111,2,2,1.000,1,2,3,3,0,0,5,4,4,-5.1,Dominique Leonidas,https://www.sports-reference.com/cbb/players/dominique-leonidas-1.html,brown,2019-20
16,52,17,2020-02-01,Brown,@,Columbia,REG (Conf),L 60-74,,7,0,0,,0,0,,0,0,,,0,0,,0,1,1,0,0,0,1,0,0,-0.7,Dominique Leonidas,https://www.sports-reference.com/cbb/players/dominique-leonidas-1.html,brown,2019-20
17,53,18,2020-02-07,Brown,@,Dartmouth,REG (Conf),W 83-71,,20,2,3,.667,0,1,.000,2,2,1.000,.667,4,4,1.000,0,4,4,1,0,0,1,5,8,5.6,Dominique Leonidas,https://www.sports-reference.com/cbb/players/dominique-leonidas-1.html,brown,2019-20
18,54,19,2020-02-08,Brown,@,Harvard,REG (Conf),L 53-68,*,31,0,5,.000,0,0,,0,5,.000,.000,3,4,.750,0,0,0,4,1,0,2,2,3,0.1,Dominique Leonidas,https://www.sports-reference.com/cbb/players/dominique-leonidas-1.html,brown,2019-20
19,55,20,2020-02-14,Brown,,Pennsylvania,REG (Conf),L 73-85,*,23,2,6,.333,0,2,.000,2,4,.500,.333,2,2,1.000,1,2,3,3,0,0,2,5,6,2.0,Dominique Leonidas,https://www.sports-reference.com/cbb/players/dominique-leonidas-1.html,brown,2019-20
20,56,21,2020-02-15,Brown,,Princeton,REG (Conf),L 48-85,*,20,1,1,1.000,0,0,,1,1,1.000,1.000,0,0,,0,0,0,2,0,0,2,2,2,0.3,Dominique Leonidas,https://www.sports-reference.com/cbb/players/dominique-leonidas-1.html,brown,2019-20
21,57,22,2020-02-21,Brown,,Columbia,REG (Conf),L 66-76,*,30,4,11,.364,0,3,.000,4,8,.500,.364,0,0,,0,2,2,6,1,0,2,3,8,4.5,Dominique Leonidas,https://www.sports-reference.com/cbb/players/dominique-leonidas-1.html,brown,2019-20
22,58,23,2020-02-22,Brown,,Cornell,REG (Conf),W 77-73,*,37,2,5,.400,0,1,.000,2,4,.500,.400,3,3,1.000,1,2,3,9,2,0,3,2,7,10.1,Dominique Leonidas,https://www.sports-reference.com/cbb/players/dominique-leonidas-1.html,brown,2019-20
23,59,24,2020-02-28,Brown,@,Princeton,REG (Conf),L 39-81,*,23,1,4,.250,0,1,.000,1,3,.333,.250,2,3,.667,0,1,1,0,0,1,5,3,4,-4.0,Dominique Leonidas,https://www.sports-reference.com/cbb/players/dominique-leonidas-1.html,brown,2019-20
24,60,25,2020-02-29,Brown,@,Pennsylvania,REG (Conf),L 60-74,*,34,2,6,.333,0,0,,2,6,.333,.333,0,0,,0,1,1,4,3,0,0,2,4,5.9,Dominique Leonidas,https://www.sports-reference.com/cbb/players/dominique-leonidas-1.html,brown,2019-20
25,61,26,2020-03-06,Brown,,Harvard,REG (Conf),L 59-63,*,36,2,10,.200,0,0,,2,10,.200,.200,2,2,1.000,0,0,0,7,4,0,1,3,6,6.5,Dominique Leonidas,https://www.sports-reference.com/cbb/players/dominique-leonidas-1.html,brown,2019-20
26,62,27,2020-03-07,Brown,,Dartmouth,REG (Conf),L 58-72,*,33,1,4,.250,0,0,,1,4,.250,.250,0,0,,1,2,3,6,1,0,4,4,2,0.5,Dominique Leonidas,https://www.sports-reference.com/cbb/players/dominique-leonidas-1.html,brown,2019-20
