ranker,player_game_num_career,team_game_num_season,date,team_name_abbr,game_location,opp_name_abbr,game_type,game_result,is_starter,mp,fg,fga,fg_pct,fg3,fg3a,fg3_pct,fg2,fg2a,fg2_pct,efg_pct,ft,fta,ft_pct,orb,drb,trb,ast,stl,blk,tov,pf,pts,game_score,player_name,player_sr_link,school,season
1,1,1,2019-11-05,Brown,,Bryant,REG (Non-Conf),L 44-45,*,17,3,6,.500,0,1,.000,3,5,.600,.500,0,0,,3,2,5,0,0,0,2,2,6,2.9,Fiona Finn,https://www.sports-reference.com/cbb/players/fiona-finn-1.html,brown,2019-20
2,2,2,2019-11-11,Brown,,Maine,REG (Non-Conf),W 76-70 (OT),*,11,0,0,,0,0,,0,0,,,0,0,,0,4,4,1,0,0,1,1,0,0.5,Fiona Finn,https://www.sports-reference.com/cbb/players/fiona-finn-1.html,brown,2019-20
3,3,3,2019-11-14,Brown,@,Central Connecticut State,REG (Non-Conf),W 83-73,*,15,3,3,1.000,0,0,,3,3,1.000,1.000,0,0,,0,3,3,1,0,2,1,3,6,5.9,Fiona Finn,https://www.sports-reference.com/cbb/players/fiona-finn-1.html,brown,2019-20
4,4,4,2019-11-16,Brown,@,Longwood,REG (Non-Conf),L 76-86,*,13,1,2,.500,1,2,.500,0,0,,.750,3,6,.500,1,1,2,3,1,0,2,4,6,4.3,Fiona Finn,https://www.sports-reference.com/cbb/players/fiona-finn-1.html,brown,2019-20
5,5,5,2019-11-21,Brown,@,Massachusetts,REG (Non-Conf),L 42-95,,11,1,5,.200,0,2,.000,1,3,.333,.200,0,0,,2,1,3,0,0,2,3,2,2,-1.8,Fiona Finn,https://www.sports-reference.com/cbb/players/fiona-finn-1.html,brown,2019-20
6,6,6,2019-11-24,Brown,@,New Hampshire,REG (Non-Conf),W 76-68,*,11,0,2,.000,0,1,.000,0,1,.000,.000,0,0,,0,0,0,0,0,0,0,0,0,-1.4,Fiona Finn,https://www.sports-reference.com/cbb/players/fiona-finn-1.html,brown,2019-20
7,7,7,2019-11-26,Brown,,Merrimack,REG (Non-Conf),L 57-72,,16,2,3,.667,0,1,.000,2,2,1.000,.667,0,0,,0,4,4,0,1,1,1,1,4,4.2,Fiona Finn,https://www.sports-reference.com/cbb/players/fiona-finn-1.html,brown,2019-20
8,8,8,2019-12-01,Brown,,Holy Cross,REG (Non-Conf),L 71-83,,16,1,4,.250,0,2,.000,1,2,.500,.250,0,0,,4,3,7,1,2,1,1,4,2,4.1,Fiona Finn,https://www.sports-reference.com/cbb/players/fiona-finn-1.html,brown,2019-20
9,9,9,2019-12-07,Brown,@,Rhode Island,REG (Non-Conf),L 44-89,,16,1,6,.167,0,1,.000,1,5,.200,.167,0,0,,0,3,3,0,0,0,2,0,2,-2.9,Fiona Finn,https://www.sports-reference.com/cbb/players/fiona-finn-1.html,brown,2019-20
10,10,10,2019-12-08,Brown,@,Bryant,REG (Non-Conf),W 56-50,,14,1,3,.333,0,2,.000,1,1,1.000,.333,2,3,.667,1,2,3,3,1,1,2,2,4,4.2,Fiona Finn,https://www.sports-reference.com/cbb/players/fiona-finn-1.html,brown,2019-20
11,11,11,2019-12-22,Brown,@,Fairfield,REG (Non-Conf),W 58-44,,21,2,3,.667,0,1,.000,2,2,1.000,.667,2,2,1.000,1,3,4,1,0,0,1,1,6,5.6,Fiona Finn,https://www.sports-reference.com/cbb/players/fiona-finn-1.html,brown,2019-20
12,12,12,2019-12-29,Brown,@,Florida International,REG (Non-Conf),W 72-57,,11,0,2,.000,0,0,,0,2,.000,.000,0,0,,0,3,3,0,1,0,2,3,0,-2.7,Fiona Finn,https://www.sports-reference.com/cbb/players/fiona-finn-1.html,brown,2019-20
13,13,13,2019-12-30,Brown,@,South Florida,REG (Non-Conf),L 60-70,,6,1,2,.500,0,0,,1,2,.500,.500,0,0,,0,1,1,1,0,0,0,0,2,2.0,Fiona Finn,https://www.sports-reference.com/cbb/players/fiona-finn-1.html,brown,2019-20
14,14,14,2020-01-17,Brown,@,Yale,REG (Conf),L 72-79,,12,1,2,.500,0,0,,1,2,.500,.500,0,0,,0,5,5,0,0,0,2,2,2,-0.3,Fiona Finn,https://www.sports-reference.com/cbb/players/fiona-finn-1.html,brown,2019-20
15,15,15,2020-01-25,Brown,,Yale,REG (Conf),L 40-73,,20,4,8,.500,0,1,.000,4,7,.571,.500,0,0,,3,6,9,1,1,3,2,2,8,8.9,Fiona Finn,https://www.sports-reference.com/cbb/players/fiona-finn-1.html,brown,2019-20
16,16,16,2020-01-31,Brown,@,Cornell,REG (Conf),L 63-74,*,10,0,1,.000,0,0,,0,1,.000,.000,0,0,,0,1,1,1,0,1,3,1,0,-2.4,Fiona Finn,https://www.sports-reference.com/cbb/players/fiona-finn-1.html,brown,2019-20
17,17,17,2020-02-01,Brown,@,Columbia,REG (Conf),L 60-74,,11,1,2,.500,0,0,,1,2,.500,.500,0,0,,1,0,1,0,1,0,2,1,2,0.3,Fiona Finn,https://www.sports-reference.com/cbb/players/fiona-finn-1.html,brown,2019-20
18,18,18,2020-02-07,Brown,@,Dartmouth,REG (Conf),W 83-71,*,8,0,0,,0,0,,0,0,,,0,0,,0,3,3,1,0,0,1,1,0,0.2,Fiona Finn,https://www.sports-reference.com/cbb/players/fiona-finn-1.html,brown,2019-20
19,19,19,2020-02-08,Brown,@,Harvard,REG (Conf),L 53-68,,11,1,4,.250,1,2,.500,0,2,.000,.375,0,0,,0,2,2,0,2,0,1,1,3,1.8,Fiona Finn,https://www.sports-reference.com/cbb/players/fiona-finn-1.html,brown,2019-20
20,20,20,2020-02-14,Brown,,Pennsylvania,REG (Conf),L 73-85,,4,0,0,,0,0,,0,0,,,0,0,,0,0,0,0,0,0,0,2,0,-0.8,Fiona Finn,https://www.sports-reference.com/cbb/players/fiona-finn-1.html,brown,2019-20
21,21,21,2020-02-15,Brown,,Princeton,REG (Conf),L 48-85,,5,0,0,,0,0,,0,0,,,0,0,,0,1,1,0,0,0,0,0,0,0.3,Fiona Finn,https://www.sports-reference.com/cbb/players/fiona-finn-1.html,brown,2019-20
22,22,22,2020-02-21,Brown,,Columbia,REG (Conf),L 66-76,,9,0,2,.000,0,0,,0,2,.000,.000,0,0,,0,1,1,1,0,0,1,0,0,-1.4,Fiona Finn,https://www.sports-reference.com/cbb/players/fiona-finn-1.html,brown,2019-20
23,23,23,2020-02-22,Brown,,Cornell,REG (Conf),W 77-73,,6,0,1,.000,0,0,,0,1,.000,.000,0,0,,0,1,1,0,0,1,1,2,0,-1.5,Fiona Finn,https://www.sports-reference.com/cbb/players/fiona-finn-1.html,brown,2019-20
24,24,24,2020-02-28,Brown,@,Princeton,REG (Conf),L 39-81,,22,2,4,.500,1,1,1.000,1,3,.333,.625,0,0,,1,4,5,2,1,0,4,2,5,2.5,Fiona Finn,https://www.sports-reference.com/cbb/players/fiona-finn-1.html,brown,2019-20
25,25,25,2020-02-29,Brown,@,Pennsylvania,REG (Conf),L 60-74,,4,1,2,.500,0,0,,1,2,.500,.500,1,1,1.000,0,0,0,0,0,0,1,1,3,0.6,Fiona Finn,https://www.sports-reference.com/cbb/players/fiona-finn-1.html,brown,2019-20
26,26,26,2020-03-06,Brown,,Harvard,REG (Conf),L 59-63,,16,1,5,.200,0,1,.000,1,4,.250,.200,1,2,.500,2,5,7,0,1,0,1,3,3,1.2,Fiona Finn,https://www.sports-reference.com/cbb/players/fiona-finn-1.html,brown,2019-20
27,27,27,2020-03-07,Brown,,Dartmouth,REG (Conf),L 58-72,,18,2,2,1.000,0,0,,2,2,1.000,1.000,1,2,.500,1,5,6,3,3,0,2,2,5,8.5,Fiona Finn,https://www.sports-reference.com/cbb/players/fiona-finn-1.html,brown,2019-20
