ranker,player_game_num_career,team_game_num_season,date,team_name_abbr,game_location,opp_name_abbr,game_type,game_result,is_starter,mp,fg,fga,fg_pct,fg3,fg3a,fg2,fg2a,fg2_pct,efg_pct,ft,fta,ft_pct,orb,drb,trb,ast,stl,blk,tov,pf,pts,game_score,player_name,player_sr_link,school,season
1,50,1,2019-11-05,Brown,,Bryant,REG (Non-Conf),L 44-45,,15,1,3,.333,0,0,1,3,.333,.333,0,1,.000,3,3,6,0,1,0,1,2,2,2.1,Haley Green,https://www.sports-reference.com/cbb/players/haley-green-1.html,brown,2019-20
2,51,2,2019-11-11,Brown,,Maine,REG (Non-Conf),W 76-70 (OT),*,36,4,10,.400,0,0,4,10,.400,.400,0,0,,3,6,9,4,1,0,3,2,8,6.5,Haley Green,https://www.sports-reference.com/cbb/players/haley-green-1.html,brown,2019-20
3,52,3,2019-11-14,Brown,@,Central Connecticut State,REG (Non-Conf),W 83-73,*,13,1,3,.333,0,0,1,3,.333,.333,2,2,1.000,1,2,3,1,1,0,1,1,4,3.9,Haley Green,https://www.sports-reference.com/cbb/players/haley-green-1.html,brown,2019-20
4,53,4,2019-11-16,Brown,@,Longwood,REG (Non-Conf),L 76-86,*,30,3,3,1.000,0,0,3,3,1.000,1.000,3,4,.750,1,3,4,0,0,4,0,1,9,11.7,Haley Green,https://www.sports-reference.com/cbb/players/haley-green-1.html,brown,2019-20
5,54,5,2019-11-21,Brown,@,Massachusetts,REG (Non-Conf),L 42-95,*,15,1,3,.333,0,0,1,3,.333,.333,0,0,,1,1,2,1,0,1,0,2,2,1.9,Haley Green,https://www.sports-reference.com/cbb/players/haley-green-1.html,brown,2019-20
6,55,6,2019-11-24,Brown,@,New Hampshire,REG (Non-Conf),W 76-68,,24,1,4,.250,0,0,1,4,.250,.250,0,0,,2,2,4,2,1,0,0,2,2,3.2,Haley Green,https://www.sports-reference.com/cbb/players/haley-green-1.html,brown,2019-20
7,56,7,2019-11-26,Brown,,Merrimack,REG (Non-Conf),L 57-72,*,14,2,3,.667,0,0,2,3,.667,.667,0,0,,2,4,6,0,0,1,2,1,4,3.6,Haley Green,https://www.sports-reference.com/cbb/players/haley-green-1.html,brown,2019-20
8,57,8,2019-12-01,Brown,,Holy Cross,REG (Non-Conf),L 71-83,,22,1,3,.333,0,0,1,3,.333,.333,0,0,,2,2,4,1,2,0,2,1,2,2.6,Haley Green,https://www.sports-reference.com/cbb/players/haley-green-1.html,brown,2019-20
9,58,9,2019-12-07,Brown,@,Rhode Island,REG (Non-Conf),L 44-89,*,18,2,6,.333,0,0,2,6,.333,.333,0,0,,4,2,6,2,3,2,1,1,4,8.4,Haley Green,https://www.sports-reference.com/cbb/players/haley-green-1.html,brown,2019-20
10,59,10,2019-12-08,Brown,@,Bryant,REG (Non-Conf),W 56-50,*,25,1,2,.500,0,0,1,2,.500,.500,2,2,1.000,0,6,6,0,1,0,2,0,4,3.8,Haley Green,https://www.sports-reference.com/cbb/players/haley-green-1.html,brown,2019-20
11,60,11,2019-12-22,Brown,@,Fairfield,REG (Non-Conf),W 58-44,*,29,0,1,.000,0,0,0,1,.000,.000,2,4,.500,1,5,6,3,0,0,3,1,2,1.4,Haley Green,https://www.sports-reference.com/cbb/players/haley-green-1.html,brown,2019-20
12,61,12,2019-12-29,Brown,@,Florida International,REG (Non-Conf),W 72-57,*,29,1,2,.500,0,0,1,2,.500,.500,3,6,.500,1,1,2,3,0,1,0,1,5,6.2,Haley Green,https://www.sports-reference.com/cbb/players/haley-green-1.html,brown,2019-20
13,62,13,2019-12-30,Brown,@,South Florida,REG (Non-Conf),L 60-70,*,29,1,1,1.000,0,0,1,1,1.000,1.000,2,2,1.000,1,3,4,1,0,0,2,2,4,3.2,Haley Green,https://www.sports-reference.com/cbb/players/haley-green-1.html,brown,2019-20
14,63,14,2020-01-17,Brown,@,Yale,REG (Conf),L 72-79,*,27,0,1,.000,0,0,0,1,.000,.000,0,0,,0,7,7,3,1,4,1,4,0,4.7,Haley Green,https://www.sports-reference.com/cbb/players/haley-green-1.html,brown,2019-20
15,64,15,2020-01-25,Brown,,Yale,REG (Conf),L 40-73,*,17,0,1,.000,0,0,0,1,.000,.000,2,2,1.000,1,2,3,1,3,0,2,0,2,4.3,Haley Green,https://www.sports-reference.com/cbb/players/haley-green-1.html,brown,2019-20
16,65,16,2020-01-31,Brown,@,Cornell,REG (Conf),L 63-74,,17,2,2,1.000,0,0,2,2,1.000,1.000,0,1,.000,2,3,5,1,0,3,1,2,4,6.3,Haley Green,https://www.sports-reference.com/cbb/players/haley-green-1.html,brown,2019-20
17,66,17,2020-02-01,Brown,@,Columbia,REG (Conf),L 60-74,,9,0,1,.000,0,0,0,1,.000,.000,0,0,,0,0,0,0,0,0,0,1,0,-1.1,Haley Green,https://www.sports-reference.com/cbb/players/haley-green-1.html,brown,2019-20
18,67,18,2020-02-07,Brown,@,Dartmouth,REG (Conf),W 83-71,,10,2,2,1.000,0,0,2,2,1.000,1.000,0,0,,1,3,4,0,0,2,1,0,4,5.4,Haley Green,https://www.sports-reference.com/cbb/players/haley-green-1.html,brown,2019-20
19,68,19,2020-02-08,Brown,@,Harvard,REG (Conf),L 53-68,,10,0,2,.000,0,0,0,2,.000,.000,0,2,.000,1,1,2,0,0,0,0,1,0,-1.6,Haley Green,https://www.sports-reference.com/cbb/players/haley-green-1.html,brown,2019-20
20,69,20,2020-02-14,Brown,,Pennsylvania,REG (Conf),L 73-85,,6,0,1,.000,0,0,0,1,.000,.000,0,0,,0,1,1,0,1,1,3,0,0,-1.7,Haley Green,https://www.sports-reference.com/cbb/players/haley-green-1.html,brown,2019-20
21,70,21,2020-02-15,Brown,,Princeton,REG (Conf),L 48-85,,5,0,0,,0,0,0,0,,,0,0,,1,0,1,0,0,0,0,0,0,0.7,Haley Green,https://www.sports-reference.com/cbb/players/haley-green-1.html,brown,2019-20
22,71,22,2020-02-21,Brown,,Columbia,REG (Conf),L 66-76,,7,1,2,.500,0,0,1,2,.500,.500,0,0,,0,0,0,0,1,0,1,2,2,0.2,Haley Green,https://www.sports-reference.com/cbb/players/haley-green-1.html,brown,2019-20
23,72,23,2020-02-22,Brown,,Cornell,REG (Conf),W 77-73,,16,0,1,.000,0,0,0,1,.000,.000,0,0,,1,0,1,0,1,0,1,3,0,-1.2,Haley Green,https://www.sports-reference.com/cbb/players/haley-green-1.html,brown,2019-20
24,73,24,2020-02-28,Brown,@,Princeton,REG (Conf),L 39-81,,7,1,2,.500,0,0,1,2,.500,.500,0,0,,1,0,1,1,0,0,2,0,2,0.4,Haley Green,https://www.sports-reference.com/cbb/players/haley-green-1.html,brown,2019-20
25,74,25,2020-02-29,Brown,@,Pennsylvania,REG (Conf),L 60-74,,14,0,4,.000,0,0,0,4,.000,.000,0,0,,3,2,5,1,0,1,1,1,0,-0.1,Haley Green,https://www.sports-reference.com/cbb/players/haley-green-1.html,brown,2019-20
26,75,26,2020-03-06,Brown,,Harvard,REG (Conf),L 59-63,,10,0,1,.000,0,0,0,1,.000,.000,0,0,,3,3,6,0,0,0,1,1,0,0.9,Haley Green,https://www.sports-reference.com/cbb/players/haley-green-1.html,brown,2019-20
27,76,27,2020-03-07,Brown,,Dartmouth,REG (Conf),L 58-72,*,23,2,3,.667,0,0,2,3,.667,.667,1,2,.500,3,3,6,2,2,1,2,2,5,7.6,Haley Green,https://www.sports-reference.com/cbb/players/haley-green-1.html,brown,2019-20
