ranker,player_game_num_career,team_game_num_season,date,team_name_abbr,game_location,opp_name_abbr,game_type,game_result,is_starter,mp,fg,fga,fg_pct,fg3,fg3a,fg3_pct,fg2,fg2a,fg2_pct,efg_pct,ft,fta,ft_pct,orb,drb,trb,ast,stl,blk,tov,pf,pts,game_score,player_name,player_sr_link,school,season
1,81,2,2019-11-11,Brown,,Maine,REG (Non-Conf),W 76-70 (OT),*,39,4,12,.333,1,4,.250,3,8,.375,.375,3,3,1.000,0,6,6,1,1,1,2,4,12,5.8,Justine Gaziano,https://www.sports-reference.com/cbb/players/justine-gaziano-1.html,brown,2019-20
2,82,3,2019-11-14,Brown,@,Central Connecticut State,REG (Non-Conf),W 83-73,*,34,10,15,.667,2,5,.400,8,10,.800,.733,5,7,.714,1,4,5,1,0,0,8,2,27,13.5,Justine Gaziano,https://www.sports-reference.com/cbb/players/justine-gaziano-1.html,brown,2019-20
3,83,4,2019-11-16,Brown,@,Longwood,REG (Non-Conf),L 76-86,*,35,8,18,.444,3,8,.375,5,10,.500,.528,3,4,.750,2,1,3,1,1,0,2,1,22,13.2,Justine Gaziano,https://www.sports-reference.com/cbb/players/justine-gaziano-1.html,brown,2019-20
4,84,5,2019-11-21,Brown,@,Massachusetts,REG (Non-Conf),L 42-95,*,21,2,4,.500,2,4,.500,0,0,,.750,0,0,,0,1,1,1,0,2,0,3,6,5.2,Justine Gaziano,https://www.sports-reference.com/cbb/players/justine-gaziano-1.html,brown,2019-20
5,85,6,2019-11-24,Brown,@,New Hampshire,REG (Non-Conf),W 76-68,,24,6,13,.462,2,6,.333,4,7,.571,.538,3,6,.500,3,2,5,2,1,0,1,3,17,12.0,Justine Gaziano,https://www.sports-reference.com/cbb/players/justine-gaziano-1.html,brown,2019-20
6,86,7,2019-11-26,Brown,,Merrimack,REG (Non-Conf),L 57-72,*,28,2,8,.250,0,4,.000,2,4,.500,.250,5,5,1.000,1,1,2,1,0,2,1,1,9,5.9,Justine Gaziano,https://www.sports-reference.com/cbb/players/justine-gaziano-1.html,brown,2019-20
7,87,8,2019-12-01,Brown,,Holy Cross,REG (Non-Conf),L 71-83,*,36,8,18,.444,5,9,.556,3,9,.333,.583,3,5,.600,2,2,4,3,1,3,1,2,24,19.2,Justine Gaziano,https://www.sports-reference.com/cbb/players/justine-gaziano-1.html,brown,2019-20
8,88,9,2019-12-07,Brown,@,Rhode Island,REG (Non-Conf),L 44-89,*,26,1,7,.143,1,5,.200,0,2,.000,.214,0,2,.000,0,0,0,1,1,0,3,1,3,-4.0,Justine Gaziano,https://www.sports-reference.com/cbb/players/justine-gaziano-1.html,brown,2019-20
9,89,10,2019-12-08,Brown,@,Bryant,REG (Non-Conf),W 56-50,*,33,4,15,.267,0,3,.000,4,12,.333,.267,6,7,.857,1,3,4,1,1,0,1,1,14,6.6,Justine Gaziano,https://www.sports-reference.com/cbb/players/justine-gaziano-1.html,brown,2019-20
10,90,11,2019-12-22,Brown,@,Fairfield,REG (Non-Conf),W 58-44,*,33,6,9,.667,3,4,.750,3,5,.600,.833,2,2,1.000,4,0,4,1,1,1,0,2,17,17.5,Justine Gaziano,https://www.sports-reference.com/cbb/players/justine-gaziano-1.html,brown,2019-20
11,91,12,2019-12-29,Brown,@,Florida International,REG (Non-Conf),W 72-57,*,32,9,13,.692,3,5,.600,6,8,.750,.808,5,5,1.000,0,3,3,2,2,0,2,0,26,22.8,Justine Gaziano,https://www.sports-reference.com/cbb/players/justine-gaziano-1.html,brown,2019-20
12,92,13,2019-12-30,Brown,@,South Florida,REG (Non-Conf),L 60-70,*,35,8,20,.400,6,12,.500,2,8,.250,.550,4,6,.667,0,3,3,0,1,1,1,2,26,15.2,Justine Gaziano,https://www.sports-reference.com/cbb/players/justine-gaziano-1.html,brown,2019-20
13,93,14,2020-01-17,Brown,@,Yale,REG (Conf),L 72-79,*,35,4,7,.571,0,0,,4,7,.571,.571,4,5,.800,0,4,4,1,0,0,1,1,12,8.8,Justine Gaziano,https://www.sports-reference.com/cbb/players/justine-gaziano-1.html,brown,2019-20
14,94,15,2020-01-25,Brown,,Yale,REG (Conf),L 40-73,*,36,5,11,.455,3,7,.429,2,4,.500,.591,2,3,.667,1,2,3,0,1,0,5,3,15,5.0,Justine Gaziano,https://www.sports-reference.com/cbb/players/justine-gaziano-1.html,brown,2019-20
15,95,16,2020-01-31,Brown,@,Cornell,REG (Conf),L 63-74,*,36,6,15,.400,1,7,.143,5,8,.625,.433,2,3,.667,1,4,5,1,1,0,3,2,15,6.3,Justine Gaziano,https://www.sports-reference.com/cbb/players/justine-gaziano-1.html,brown,2019-20
16,96,17,2020-02-01,Brown,@,Columbia,REG (Conf),L 60-74,*,39,8,22,.364,1,8,.125,7,14,.500,.386,0,0,,1,2,3,2,2,0,1,2,17,7.7,Justine Gaziano,https://www.sports-reference.com/cbb/players/justine-gaziano-1.html,brown,2019-20
17,97,18,2020-02-07,Brown,@,Dartmouth,REG (Conf),W 83-71,,38,7,15,.467,4,8,.500,3,7,.429,.600,1,2,.500,0,3,3,5,0,0,3,0,19,12.3,Justine Gaziano,https://www.sports-reference.com/cbb/players/justine-gaziano-1.html,brown,2019-20
18,98,19,2020-02-08,Brown,@,Harvard,REG (Conf),L 53-68,*,33,3,12,.250,1,6,.167,2,6,.333,.292,1,2,.500,0,1,1,3,2,0,1,1,8,3.4,Justine Gaziano,https://www.sports-reference.com/cbb/players/justine-gaziano-1.html,brown,2019-20
19,99,20,2020-02-14,Brown,,Pennsylvania,REG (Conf),L 73-85,*,36,9,15,.600,3,5,.600,6,10,.600,.700,2,6,.333,1,3,4,1,0,2,1,2,23,16.4,Justine Gaziano,https://www.sports-reference.com/cbb/players/justine-gaziano-1.html,brown,2019-20
20,100,21,2020-02-15,Brown,,Princeton,REG (Conf),L 48-85,*,35,7,22,.318,1,9,.111,6,13,.462,.341,1,1,1.000,1,0,1,0,0,0,2,1,16,1.7,Justine Gaziano,https://www.sports-reference.com/cbb/players/justine-gaziano-1.html,brown,2019-20
21,101,22,2020-02-21,Brown,,Columbia,REG (Conf),L 66-76,*,35,6,13,.462,1,5,.200,5,8,.625,.500,2,2,1.000,2,2,4,1,3,2,5,1,15,10.0,Justine Gaziano,https://www.sports-reference.com/cbb/players/justine-gaziano-1.html,brown,2019-20
22,102,23,2020-02-22,Brown,,Cornell,REG (Conf),W 77-73,*,36,10,20,.500,6,14,.429,4,6,.667,.650,2,3,.667,2,2,4,1,1,2,1,2,28,20.9,Justine Gaziano,https://www.sports-reference.com/cbb/players/justine-gaziano-1.html,brown,2019-20
23,103,24,2020-02-28,Brown,@,Princeton,REG (Conf),L 39-81,*,25,2,6,.333,1,5,.200,1,1,1.000,.417,2,2,1.000,0,1,1,1,1,0,4,0,7,1.6,Justine Gaziano,https://www.sports-reference.com/cbb/players/justine-gaziano-1.html,brown,2019-20
24,104,25,2020-02-29,Brown,@,Pennsylvania,REG (Conf),L 60-74,*,36,8,13,.615,5,8,.625,3,5,.600,.808,0,0,,0,6,6,0,0,0,3,2,21,13.1,Justine Gaziano,https://www.sports-reference.com/cbb/players/justine-gaziano-1.html,brown,2019-20
25,105,26,2020-03-06,Brown,,Harvard,REG (Conf),L 59-63,*,38,9,20,.450,3,9,.333,6,11,.545,.525,0,0,,1,2,3,1,0,1,2,2,21,10.5,Justine Gaziano,https://www.sports-reference.com/cbb/players/justine-gaziano-1.html,brown,2019-20
26,106,27,2020-03-07,Brown,,Dartmouth,REG (Conf),L 58-72,*,39,4,13,.308,2,8,.250,2,5,.400,.385,0,2,.000,0,1,1,4,1,1,2,2,10,3.7,Justine Gaziano,https://www.sports-reference.com/cbb/players/justine-gaziano-1.html,brown,2019-20
