ranker,player_game_num_career,team_game_num_season,date,team_name_abbr,game_location,opp_name_abbr,game_type,game_result,is_starter,mp,fg,fga,fg_pct,fg3,fg3a,fg3_pct,fg2,fg2a,fg2_pct,efg_pct,ft,fta,ft_pct,orb,drb,trb,ast,stl,blk,tov,pf,pts,game_score,player_name,player_sr_link,school,season
1,29,1,2019-11-05,Brown,,Bryant,REG (Non-Conf),L 44-45,*,34,2,10,.200,2,9,.222,0,1,.000,.300,0,0,,1,1,2,4,1,0,0,1,6,4.2,Maddie Mullin,https://www.sports-reference.com/cbb/players/maddie-mullin-1.html,brown,2019-20
2,30,2,2019-11-11,Brown,,Maine,REG (Non-Conf),W 76-70 (OT),*,35,2,6,.333,2,6,.333,0,0,,.500,2,2,1.000,3,1,4,1,0,0,1,4,8,5.1,Maddie Mullin,https://www.sports-reference.com/cbb/players/maddie-mullin-1.html,brown,2019-20
3,31,3,2019-11-14,Brown,@,Central Connecticut State,REG (Non-Conf),W 83-73,*,32,6,9,.667,3,5,.600,3,4,.750,.833,0,0,,0,3,3,3,2,0,1,1,15,14.7,Maddie Mullin,https://www.sports-reference.com/cbb/players/maddie-mullin-1.html,brown,2019-20
4,32,4,2019-11-16,Brown,@,Longwood,REG (Non-Conf),L 76-86,*,29,1,7,.143,1,6,.167,0,1,.000,.214,2,4,.500,0,5,5,2,1,0,4,1,5,-0.8,Maddie Mullin,https://www.sports-reference.com/cbb/players/maddie-mullin-1.html,brown,2019-20
5,33,5,2019-11-21,Brown,@,Massachusetts,REG (Non-Conf),L 42-95,*,27,1,7,.143,1,6,.167,0,1,.000,.214,0,0,,0,1,1,2,2,0,6,1,3,-4.2,Maddie Mullin,https://www.sports-reference.com/cbb/players/maddie-mullin-1.html,brown,2019-20
6,34,6,2019-11-24,Brown,@,New Hampshire,REG (Non-Conf),W 76-68,,22,3,6,.500,2,4,.500,1,2,.500,.667,0,0,,1,0,1,2,1,0,1,0,8,7.1,Maddie Mullin,https://www.sports-reference.com/cbb/players/maddie-mullin-1.html,brown,2019-20
7,35,7,2019-11-26,Brown,,Merrimack,REG (Non-Conf),L 57-72,*,29,2,7,.286,1,6,.167,1,1,1.000,.357,0,0,,2,2,4,3,1,0,1,2,5,4.2,Maddie Mullin,https://www.sports-reference.com/cbb/players/maddie-mullin-1.html,brown,2019-20
8,36,8,2019-12-01,Brown,,Holy Cross,REG (Non-Conf),L 71-83,*,22,3,8,.375,3,8,.375,0,0,,.563,2,2,1.000,0,1,1,1,1,0,1,3,11,6.4,Maddie Mullin,https://www.sports-reference.com/cbb/players/maddie-mullin-1.html,brown,2019-20
9,37,9,2019-12-07,Brown,@,Rhode Island,REG (Non-Conf),L 44-89,,22,1,4,.250,1,4,.250,0,0,,.375,2,2,1.000,1,0,1,1,1,0,4,1,5,0.6,Maddie Mullin,https://www.sports-reference.com/cbb/players/maddie-mullin-1.html,brown,2019-20
10,38,10,2019-12-08,Brown,@,Bryant,REG (Non-Conf),W 56-50,,28,3,5,.600,3,4,.750,0,1,.000,.900,2,2,1.000,0,4,4,0,2,0,3,2,11,8.1,Maddie Mullin,https://www.sports-reference.com/cbb/players/maddie-mullin-1.html,brown,2019-20
11,39,11,2019-12-22,Brown,@,Fairfield,REG (Non-Conf),W 58-44,,16,0,5,.000,0,5,.000,0,0,,.000,0,0,,0,2,2,1,0,0,0,2,0,-3.0,Maddie Mullin,https://www.sports-reference.com/cbb/players/maddie-mullin-1.html,brown,2019-20
12,40,12,2019-12-29,Brown,@,Florida International,REG (Non-Conf),W 72-57,,28,4,11,.364,3,9,.333,1,2,.500,.500,0,0,,1,2,3,3,2,0,1,0,11,9.3,Maddie Mullin,https://www.sports-reference.com/cbb/players/maddie-mullin-1.html,brown,2019-20
13,41,13,2019-12-30,Brown,@,South Florida,REG (Non-Conf),L 60-70,,21,1,7,.143,1,5,.200,0,2,.000,.214,0,0,,1,2,3,1,0,0,0,1,3,0.1,Maddie Mullin,https://www.sports-reference.com/cbb/players/maddie-mullin-1.html,brown,2019-20
14,42,14,2020-01-17,Brown,@,Yale,REG (Conf),L 72-79,,19,1,2,.500,1,2,.500,0,0,,.750,0,0,,0,2,2,2,0,0,1,2,3,2.2,Maddie Mullin,https://www.sports-reference.com/cbb/players/maddie-mullin-1.html,brown,2019-20
15,43,15,2020-01-25,Brown,,Yale,REG (Conf),L 40-73,*,23,0,4,.000,0,4,.000,0,0,,.000,0,0,,0,1,1,1,2,0,3,2,0,-3.6,Maddie Mullin,https://www.sports-reference.com/cbb/players/maddie-mullin-1.html,brown,2019-20
16,44,16,2020-01-31,Brown,@,Cornell,REG (Conf),L 63-74,,24,4,7,.571,4,7,.571,0,0,,.857,1,2,.500,0,2,2,1,1,0,0,4,13,10.0,Maddie Mullin,https://www.sports-reference.com/cbb/players/maddie-mullin-1.html,brown,2019-20
17,45,17,2020-02-01,Brown,@,Columbia,REG (Conf),L 60-74,*,31,5,10,.500,4,9,.444,1,1,1.000,.700,1,2,.500,1,1,2,2,0,0,2,2,15,9.2,Maddie Mullin,https://www.sports-reference.com/cbb/players/maddie-mullin-1.html,brown,2019-20
18,46,18,2020-02-07,Brown,@,Dartmouth,REG (Conf),W 83-71,*,32,2,9,.222,2,8,.250,0,1,.000,.333,3,4,.750,1,2,3,4,0,0,3,4,9,2.6,Maddie Mullin,https://www.sports-reference.com/cbb/players/maddie-mullin-1.html,brown,2019-20
19,47,19,2020-02-08,Brown,@,Harvard,REG (Conf),L 53-68,*,25,1,7,.143,1,7,.143,0,0,,.214,0,0,,2,5,7,1,1,0,0,1,3,2.7,Maddie Mullin,https://www.sports-reference.com/cbb/players/maddie-mullin-1.html,brown,2019-20
20,48,20,2020-02-14,Brown,,Pennsylvania,REG (Conf),L 73-85,*,22,2,5,.400,2,5,.400,0,0,,.600,0,0,,3,1,4,1,2,0,3,2,6,4.6,Maddie Mullin,https://www.sports-reference.com/cbb/players/maddie-mullin-1.html,brown,2019-20
21,49,21,2020-02-15,Brown,,Princeton,REG (Conf),L 48-85,*,29,1,5,.200,1,4,.250,0,1,.000,.300,0,0,,0,3,3,2,1,0,0,2,3,2.4,Maddie Mullin,https://www.sports-reference.com/cbb/players/maddie-mullin-1.html,brown,2019-20
22,50,22,2020-02-21,Brown,,Columbia,REG (Conf),L 66-76,*,25,3,6,.500,2,3,.667,1,3,.333,.667,0,0,,2,3,5,0,1,0,2,2,8,5.5,Maddie Mullin,https://www.sports-reference.com/cbb/players/maddie-mullin-1.html,brown,2019-20
23,51,23,2020-02-22,Brown,,Cornell,REG (Conf),W 77-73,*,34,4,10,.400,4,9,.444,0,1,.000,.600,0,0,,0,1,1,3,2,0,2,4,12,7.4,Maddie Mullin,https://www.sports-reference.com/cbb/players/maddie-mullin-1.html,brown,2019-20
24,52,24,2020-02-28,Brown,@,Princeton,REG (Conf),L 39-81,*,20,0,2,.000,0,2,.000,0,0,,.000,0,0,,0,1,1,0,0,0,0,1,0,-1.5,Maddie Mullin,https://www.sports-reference.com/cbb/players/maddie-mullin-1.html,brown,2019-20
25,53,25,2020-02-29,Brown,@,Pennsylvania,REG (Conf),L 60-74,*,33,1,2,.500,1,2,.500,0,0,,.750,0,0,,2,4,6,1,0,0,0,1,3,4.9,Maddie Mullin,https://www.sports-reference.com/cbb/players/maddie-mullin-1.html,brown,2019-20
26,54,26,2020-03-06,Brown,,Harvard,REG (Conf),L 59-63,*,20,0,2,.000,0,2,.000,0,0,,.000,0,0,,0,1,1,0,0,0,1,1,0,-2.5,Maddie Mullin,https://www.sports-reference.com/cbb/players/maddie-mullin-1.html,brown,2019-20
27,55,27,2020-03-07,Brown,,Dartmouth,REG (Conf),L 58-72,*,25,2,7,.286,2,7,.286,0,0,,.429,0,0,,0,4,4,0,0,0,1,4,6,0.5,Maddie Mullin,https://www.sports-reference.com/cbb/players/maddie-mullin-1.html,brown,2019-20
