ranker,player_game_num_career,team_game_num_season,date,team_name_abbr,game_location,opp_name_abbr,game_type,game_result,is_starter,mp,fg,fga,fg_pct,fg3,fg3a,fg3_pct,fg2,fg2a,fg2_pct,efg_pct,ft,fta,ft_pct,orb,drb,trb,ast,stl,blk,tov,pf,pts,game_score,player_name,player_sr_link,school,season
1,19,1,2019-11-05,Brown,,Bryant,REG (Non-Conf),L 44-45,,18,4,11,.364,1,6,.167,3,5,.600,.409,0,0,,1,4,5,0,0,1,1,2,9,3.7,McKenna Dale,https://www.sports-reference.com/cbb/players/mckenna-dale-1.html,brown,2019-20
2,20,2,2019-11-11,Brown,,Maine,REG (Non-Conf),W 76-70 (OT),,23,4,12,.333,1,5,.200,3,7,.429,.375,3,4,.750,2,3,5,2,4,2,3,2,12,10.1,McKenna Dale,https://www.sports-reference.com/cbb/players/mckenna-dale-1.html,brown,2019-20
3,21,3,2019-11-14,Brown,@,Central Connecticut State,REG (Non-Conf),W 83-73,,9,0,4,.000,0,3,.000,0,1,.000,.000,0,0,,0,1,1,1,0,0,0,1,0,-2.2,McKenna Dale,https://www.sports-reference.com/cbb/players/mckenna-dale-1.html,brown,2019-20
4,22,4,2019-11-16,Brown,@,Longwood,REG (Non-Conf),L 76-86,,9,1,4,.250,0,3,.000,1,1,1.000,.250,0,0,,1,2,3,1,0,0,1,5,2,-1.4,McKenna Dale,https://www.sports-reference.com/cbb/players/mckenna-dale-1.html,brown,2019-20
5,23,5,2019-11-21,Brown,@,Massachusetts,REG (Non-Conf),L 42-95,,15,2,7,.286,1,4,.250,1,3,.333,.357,0,0,,0,1,1,0,0,0,0,2,5,0.4,McKenna Dale,https://www.sports-reference.com/cbb/players/mckenna-dale-1.html,brown,2019-20
6,24,6,2019-11-24,Brown,@,New Hampshire,REG (Non-Conf),W 76-68,,19,4,6,.667,1,3,.333,3,3,1.000,.750,3,4,.750,2,4,6,1,0,0,1,1,12,10.9,McKenna Dale,https://www.sports-reference.com/cbb/players/mckenna-dale-1.html,brown,2019-20
7,25,7,2019-11-26,Brown,,Merrimack,REG (Non-Conf),L 57-72,*,19,3,12,.250,1,3,.333,2,9,.222,.292,0,0,,3,3,6,0,1,2,1,1,7,3.8,McKenna Dale,https://www.sports-reference.com/cbb/players/mckenna-dale-1.html,brown,2019-20
8,26,8,2019-12-01,Brown,,Holy Cross,REG (Non-Conf),L 71-83,,14,2,11,.182,1,6,.167,1,5,.200,.227,0,0,,3,0,3,0,0,0,1,2,5,-1.6,McKenna Dale,https://www.sports-reference.com/cbb/players/mckenna-dale-1.html,brown,2019-20
9,27,9,2019-12-07,Brown,@,Rhode Island,REG (Non-Conf),L 44-89,*,21,4,11,.364,0,6,.000,4,5,.800,.364,0,0,,1,1,2,1,1,1,3,3,8,1.1,McKenna Dale,https://www.sports-reference.com/cbb/players/mckenna-dale-1.html,brown,2019-20
10,28,10,2019-12-08,Brown,@,Bryant,REG (Non-Conf),W 56-50,*,26,4,8,.500,2,4,.500,2,4,.500,.625,2,2,1.000,1,3,4,2,1,0,3,2,12,8.2,McKenna Dale,https://www.sports-reference.com/cbb/players/mckenna-dale-1.html,brown,2019-20
11,29,11,2019-12-22,Brown,@,Fairfield,REG (Non-Conf),W 58-44,*,29,6,15,.400,3,7,.429,3,8,.375,.500,4,5,.800,0,7,7,0,1,0,2,3,19,10.4,McKenna Dale,https://www.sports-reference.com/cbb/players/mckenna-dale-1.html,brown,2019-20
12,30,12,2019-12-29,Brown,@,Florida International,REG (Non-Conf),W 72-57,*,28,6,14,.429,3,9,.333,3,5,.600,.536,2,2,1.000,3,9,12,1,1,1,2,2,17,14.0,McKenna Dale,https://www.sports-reference.com/cbb/players/mckenna-dale-1.html,brown,2019-20
13,31,13,2019-12-30,Brown,@,South Florida,REG (Non-Conf),L 60-70,*,27,5,15,.333,4,8,.500,1,7,.143,.467,2,2,1.000,1,2,3,1,0,0,0,2,16,8.7,McKenna Dale,https://www.sports-reference.com/cbb/players/mckenna-dale-1.html,brown,2019-20
14,32,14,2020-01-17,Brown,@,Yale,REG (Conf),L 72-79,*,31,5,13,.385,1,6,.167,4,7,.571,.423,1,2,.500,2,5,7,2,2,0,3,4,12,6.2,McKenna Dale,https://www.sports-reference.com/cbb/players/mckenna-dale-1.html,brown,2019-20
15,33,15,2020-01-25,Brown,,Yale,REG (Conf),L 40-73,,17,2,9,.222,0,3,.000,2,6,.333,.222,0,0,,1,4,5,1,1,1,1,1,4,1.4,McKenna Dale,https://www.sports-reference.com/cbb/players/mckenna-dale-1.html,brown,2019-20
16,34,16,2020-01-31,Brown,@,Cornell,REG (Conf),L 63-74,*,34,5,11,.455,2,4,.500,3,7,.429,.545,3,4,.750,3,3,6,3,2,2,5,2,15,11.6,McKenna Dale,https://www.sports-reference.com/cbb/players/mckenna-dale-1.html,brown,2019-20
17,35,17,2020-02-01,Brown,@,Columbia,REG (Conf),L 60-74,*,28,5,10,.500,4,8,.500,1,2,.500,.700,4,6,.667,0,4,4,3,2,2,3,4,18,14.3,McKenna Dale,https://www.sports-reference.com/cbb/players/mckenna-dale-1.html,brown,2019-20
18,36,18,2020-02-07,Brown,@,Dartmouth,REG (Conf),W 83-71,*,36,7,12,.583,4,8,.500,3,4,.750,.750,8,8,1.000,2,9,11,3,0,2,3,2,26,24.2,McKenna Dale,https://www.sports-reference.com/cbb/players/mckenna-dale-1.html,brown,2019-20
19,37,19,2020-02-08,Brown,@,Harvard,REG (Conf),L 53-68,*,30,4,9,.444,3,8,.375,1,1,1.000,.611,4,4,1.000,0,4,4,1,0,0,2,2,15,9.4,McKenna Dale,https://www.sports-reference.com/cbb/players/mckenna-dale-1.html,brown,2019-20
20,38,20,2020-02-14,Brown,,Pennsylvania,REG (Conf),L 73-85,*,38,5,14,.357,3,8,.375,2,6,.333,.464,8,8,1.000,1,8,9,10,0,2,1,4,21,22.1,McKenna Dale,https://www.sports-reference.com/cbb/players/mckenna-dale-1.html,brown,2019-20
21,39,21,2020-02-15,Brown,,Princeton,REG (Conf),L 48-85,*,38,6,18,.333,3,8,.375,3,10,.300,.417,0,0,,0,7,7,2,1,2,2,2,15,7.9,McKenna Dale,https://www.sports-reference.com/cbb/players/mckenna-dale-1.html,brown,2019-20
22,40,22,2020-02-21,Brown,,Columbia,REG (Conf),L 66-76,*,34,7,15,.467,1,6,.167,6,9,.667,.500,1,1,1.000,2,5,7,2,3,3,2,3,16,14.5,McKenna Dale,https://www.sports-reference.com/cbb/players/mckenna-dale-1.html,brown,2019-20
23,41,23,2020-02-22,Brown,,Cornell,REG (Conf),W 77-73,*,36,8,14,.571,4,8,.500,4,6,.667,.714,5,7,.714,3,3,6,5,4,5,4,2,25,26.8,McKenna Dale,https://www.sports-reference.com/cbb/players/mckenna-dale-1.html,brown,2019-20
24,42,24,2020-02-28,Brown,@,Princeton,REG (Conf),L 39-81,*,13,0,4,.000,0,2,.000,0,2,.000,.000,0,0,,1,1,2,0,0,0,2,3,0,-5.0,McKenna Dale,https://www.sports-reference.com/cbb/players/mckenna-dale-1.html,brown,2019-20
25,43,25,2020-02-29,Brown,@,Pennsylvania,REG (Conf),L 60-74,*,38,10,22,.455,5,13,.385,5,9,.556,.568,2,2,1.000,0,3,3,3,2,0,6,2,27,13.8,McKenna Dale,https://www.sports-reference.com/cbb/players/mckenna-dale-1.html,brown,2019-20
26,44,26,2020-03-06,Brown,,Harvard,REG (Conf),L 59-63,*,31,6,16,.375,3,9,.333,3,7,.429,.469,1,1,1.000,2,3,5,4,1,0,2,2,16,10.5,McKenna Dale,https://www.sports-reference.com/cbb/players/mckenna-dale-1.html,brown,2019-20
27,45,27,2020-03-07,Brown,,Dartmouth,REG (Conf),L 58-72,*,36,9,21,.429,7,13,.538,2,8,.250,.595,3,4,.750,4,5,9,2,1,0,5,1,28,17.8,McKenna Dale,https://www.sports-reference.com/cbb/players/mckenna-dale-1.html,brown,2019-20
