ranker,player_game_num_career,team_game_num_season,date,team_name_abbr,game_location,opp_name_abbr,game_type,game_result,is_starter,mp,fg,fga,fg_pct,fg3,fg3a,fg2,fg2a,fg2_pct,efg_pct,ft,fta,ft_pct,orb,drb,trb,ast,stl,blk,tov,pf,pts,game_score,player_name,player_sr_link,school,season
1,30,1,2019-11-05,Brown,,Bryant,REG (Non-Conf),L 44-45,,8,0,1,.000,0,0,0,1,.000,.000,0,2,.000,0,1,1,1,0,0,1,2,0,-2.3,Traiva Breedlove,https://www.sports-reference.com/cbb/players/traiva-breedlove-1.html,brown,2019-20
2,31,2,2019-11-11,Brown,,Maine,REG (Non-Conf),W 76-70 (OT),,7,3,4,.750,0,0,3,4,.750,.750,1,1,1.000,0,0,0,0,0,0,0,1,7,5.0,Traiva Breedlove,https://www.sports-reference.com/cbb/players/traiva-breedlove-1.html,brown,2019-20
3,32,3,2019-11-14,Brown,@,Central Connecticut State,REG (Non-Conf),W 83-73,,4,0,0,,0,0,0,0,,,0,0,,0,2,2,0,0,0,0,0,0,0.6,Traiva Breedlove,https://www.sports-reference.com/cbb/players/traiva-breedlove-1.html,brown,2019-20
4,33,4,2019-11-16,Brown,@,Longwood,REG (Non-Conf),L 76-86,,14,2,4,.500,0,0,2,4,.500,.500,4,8,.500,2,4,6,0,0,0,1,0,8,6.0,Traiva Breedlove,https://www.sports-reference.com/cbb/players/traiva-breedlove-1.html,brown,2019-20
5,34,5,2019-11-21,Brown,@,Massachusetts,REG (Non-Conf),L 42-95,*,13,0,2,.000,0,0,0,2,.000,.000,0,0,,0,1,1,2,0,0,1,1,0,-1.1,Traiva Breedlove,https://www.sports-reference.com/cbb/players/traiva-breedlove-1.html,brown,2019-20
6,35,6,2019-11-24,Brown,@,New Hampshire,REG (Non-Conf),W 76-68,,6,2,2,1.000,0,0,2,2,1.000,1.000,2,5,.400,0,1,1,0,0,0,0,0,6,4.5,Traiva Breedlove,https://www.sports-reference.com/cbb/players/traiva-breedlove-1.html,brown,2019-20
7,36,7,2019-11-26,Brown,,Merrimack,REG (Non-Conf),L 57-72,,4,0,0,,0,0,0,0,,,0,0,,0,0,0,0,0,0,2,0,0,-2.0,Traiva Breedlove,https://www.sports-reference.com/cbb/players/traiva-breedlove-1.html,brown,2019-20
8,37,8,2019-12-01,Brown,,Holy Cross,REG (Non-Conf),L 71-83,,5,0,3,.000,0,0,0,3,.000,.000,0,0,,0,0,0,1,0,0,0,0,0,-1.4,Traiva Breedlove,https://www.sports-reference.com/cbb/players/traiva-breedlove-1.html,brown,2019-20
