ranker,player_game_num_career,team_game_num_season,date,team_name_abbr,game_location,opp_name_abbr,game_type,game_result,is_starter,mp,fg,fga,fg_pct,fg3,fg3a,fg3_pct,fg2,fg2a,fg2_pct,efg_pct,ft,fta,ft_pct,orb,drb,trb,ast,stl,blk,tov,pf,pts,game_score,player_name,player_sr_link,school,season
1,1,1,2019-11-05,Robert Morris,@,TCU,REG (Non-Conf),L 61-66,,1,0,0,,0,0,,0,0,,,0,0,,0,0,0,0,0,0,1,2,0,-1.8,Dahomee Forgues,https://www.sports-reference.com/cbb/players/dahomee-forgues-1.html,robert-morris,2019-20
2,2,2,2019-11-09,Robert Morris,@,La Salle,REG (Non-Conf),W 71-68 (OT),,5,0,2,.000,0,1,.000,0,1,.000,.000,0,0,,0,0,0,0,0,0,0,3,0,-2.6,Dahomee Forgues,https://www.sports-reference.com/cbb/players/dahomee-forgues-1.html,robert-morris,2019-20
3,3,3,2019-11-13,Robert Morris,,Youngstown State,REG (Non-Conf),W 58-43,,3,1,1,1.000,0,0,,1,1,1.000,1.000,0,0,,0,0,0,0,0,0,0,0,2,1.7,Dahomee Forgues,https://www.sports-reference.com/cbb/players/dahomee-forgues-1.html,robert-morris,2019-20
4,4,4,2019-11-17,Robert Morris,,Columbia,REG (Non-Conf),L 59-61,,6,1,4,.250,0,1,.000,1,3,.333,.250,0,0,,1,0,1,0,0,0,0,0,2,0.3,Dahomee Forgues,https://www.sports-reference.com/cbb/players/dahomee-forgues-1.html,robert-morris,2019-20
5,5,5,2019-11-24,Robert Morris,@,Kent State,REG (Non-Conf),L 81-82,,4,0,1,.000,0,1,.000,0,0,,.000,0,0,,0,0,0,0,0,0,0,1,0,-1.1,Dahomee Forgues,https://www.sports-reference.com/cbb/players/dahomee-forgues-1.html,robert-morris,2019-20
6,6,6,2019-11-27,Robert Morris,,Pitt.-Johnstown,REG (Non-Conf),W 63-30,*,26,4,11,.364,1,4,.250,3,7,.429,.409,0,0,,2,0,2,3,1,0,1,2,9,5.6,Dahomee Forgues,https://www.sports-reference.com/cbb/players/dahomee-forgues-1.html,robert-morris,2019-20
7,7,7,2019-12-01,Robert Morris,,Xavier,REG (Non-Conf),W 71-57,*,14,2,4,.500,1,2,.500,1,2,.500,.625,1,2,.500,0,0,0,1,1,0,2,2,6,2.5,Dahomee Forgues,https://www.sports-reference.com/cbb/players/dahomee-forgues-1.html,robert-morris,2019-20
8,8,8,2019-12-07,Robert Morris,,Delaware,REG (Non-Conf),L 62-73,*,29,6,13,.462,2,4,.500,4,9,.444,.538,0,2,.000,1,3,4,0,0,0,2,3,14,4.9,Dahomee Forgues,https://www.sports-reference.com/cbb/players/dahomee-forgues-1.html,robert-morris,2019-20
9,9,9,2019-12-15,Robert Morris,@,Rhode Island,REG (Non-Conf),L 59-71,*,21,2,7,.286,1,1,1.000,1,6,.167,.357,1,1,1.000,1,3,4,1,2,0,1,0,6,5.2,Dahomee Forgues,https://www.sports-reference.com/cbb/players/dahomee-forgues-1.html,robert-morris,2019-20
10,10,10,2019-12-18,Robert Morris,@,Norfolk State,REG (Non-Conf),W 69-62 (OT),*,17,0,5,.000,0,2,.000,0,3,.000,.000,0,0,,1,1,2,0,0,0,1,1,0,-3.9,Dahomee Forgues,https://www.sports-reference.com/cbb/players/dahomee-forgues-1.html,robert-morris,2019-20
11,11,11,2019-12-29,Robert Morris,@,James Madison,REG (Non-Conf),L 32-59,*,11,0,3,.000,0,0,,0,3,.000,.000,0,0,,1,0,1,0,0,0,2,1,0,-3.8,Dahomee Forgues,https://www.sports-reference.com/cbb/players/dahomee-forgues-1.html,robert-morris,2019-20
12,12,12,2020-01-02,Robert Morris,@,Central Connecticut State,REG (Conf),W 86-56,*,16,2,7,.286,0,0,,2,7,.286,.286,3,4,.750,1,0,1,0,0,0,1,3,7,1.0,Dahomee Forgues,https://www.sports-reference.com/cbb/players/dahomee-forgues-1.html,robert-morris,2019-20
13,13,13,2020-01-04,Robert Morris,@,Merrimack,REG (Conf),W 68-62,*,18,2,8,.250,0,3,.000,2,5,.400,.250,2,2,1.000,1,1,2,0,0,0,2,1,6,-0.2,Dahomee Forgues,https://www.sports-reference.com/cbb/players/dahomee-forgues-1.html,robert-morris,2019-20
14,14,14,2020-01-11,Robert Morris,,Wagner,REG (Conf),W 51-47,*,17,1,5,.200,0,1,.000,1,4,.250,.200,0,0,,0,0,0,2,0,0,3,1,2,-3.1,Dahomee Forgues,https://www.sports-reference.com/cbb/players/dahomee-forgues-1.html,robert-morris,2019-20
15,15,15,2020-01-13,Robert Morris,,St. Francis Brooklyn,REG (Conf),W 69-44,*,20,3,10,.300,0,1,.000,3,9,.333,.300,0,0,,1,5,6,3,1,0,2,0,6,3.5,Dahomee Forgues,https://www.sports-reference.com/cbb/players/dahomee-forgues-1.html,robert-morris,2019-20
16,16,16,2020-01-18,Robert Morris,,Merrimack,REG (Conf),W 72-50,*,20,3,4,.750,0,1,.000,3,3,1.000,.750,0,0,,0,3,3,2,1,0,4,1,6,3.3,Dahomee Forgues,https://www.sports-reference.com/cbb/players/dahomee-forgues-1.html,robert-morris,2019-20
17,17,17,2020-01-20,Robert Morris,,Sacred Heart,REG (Conf),W 73-43,*,8,0,4,.000,0,2,.000,0,2,.000,.000,0,0,,0,0,0,0,1,0,2,3,0,-5.0,Dahomee Forgues,https://www.sports-reference.com/cbb/players/dahomee-forgues-1.html,robert-morris,2019-20
18,18,18,2020-01-25,Robert Morris,@,LIU,REG (Conf),W 70-59,*,33,7,15,.467,1,5,.200,6,10,.600,.500,0,0,,4,3,7,1,0,0,0,1,15,11.3,Dahomee Forgues,https://www.sports-reference.com/cbb/players/dahomee-forgues-1.html,robert-morris,2019-20
19,19,19,2020-01-27,Robert Morris,@,St. Francis Brooklyn,REG (Conf),W 70-59,*,20,2,7,.286,1,3,.333,1,4,.250,.357,0,0,,0,2,2,3,0,0,3,2,5,-0.2,Dahomee Forgues,https://www.sports-reference.com/cbb/players/dahomee-forgues-1.html,robert-morris,2019-20
20,20,20,2020-02-01,Robert Morris,,Central Connecticut State,REG (Conf),W 80-42,*,19,5,16,.313,3,6,.500,2,10,.200,.406,2,4,.500,1,2,3,2,3,0,1,0,15,9.7,Dahomee Forgues,https://www.sports-reference.com/cbb/players/dahomee-forgues-1.html,robert-morris,2019-20
21,21,21,2020-02-03,Robert Morris,,Bryant,REG (Conf),W 69-39,*,22,5,11,.455,1,3,.333,4,8,.500,.500,2,2,1.000,1,1,2,2,1,0,2,3,13,7.5,Dahomee Forgues,https://www.sports-reference.com/cbb/players/dahomee-forgues-1.html,robert-morris,2019-20
22,22,22,2020-02-08,Robert Morris,@,Sacred Heart,REG (Conf),W 67-38,*,23,2,8,.250,0,3,.000,2,5,.400,.250,0,0,,1,1,2,0,0,0,2,2,4,-2.6,Dahomee Forgues,https://www.sports-reference.com/cbb/players/dahomee-forgues-1.html,robert-morris,2019-20
23,23,23,2020-02-10,Robert Morris,@,Wagner,REG (Conf),W 77-35,*,11,2,6,.333,2,2,1.000,0,4,.000,.500,0,0,,0,0,0,1,0,0,1,0,6,2.3,Dahomee Forgues,https://www.sports-reference.com/cbb/players/dahomee-forgues-1.html,robert-morris,2019-20
24,24,24,2020-02-15,Robert Morris,,Fairleigh Dickinson,REG (Conf),W 53-35,*,16,3,8,.375,0,2,.000,3,6,.500,.375,0,0,,0,0,0,1,0,1,2,0,6,1.0,Dahomee Forgues,https://www.sports-reference.com/cbb/players/dahomee-forgues-1.html,robert-morris,2019-20
25,25,25,2020-02-17,Robert Morris,@,Saint Francis (PA),REG (Conf),W 66-57,*,19,1,8,.125,0,1,.000,1,7,.143,.125,0,0,,0,2,2,0,2,0,1,3,2,-2.8,Dahomee Forgues,https://www.sports-reference.com/cbb/players/dahomee-forgues-1.html,robert-morris,2019-20
26,26,26,2020-02-21,Robert Morris,,Mount St. Mary's,REG (Conf),L 59-62,*,18,5,7,.714,1,3,.333,4,4,1.000,.786,0,0,,0,0,0,2,2,0,1,3,11,9.3,Dahomee Forgues,https://www.sports-reference.com/cbb/players/dahomee-forgues-1.html,robert-morris,2019-20
27,27,27,2020-02-23,Robert Morris,@,Fairleigh Dickinson,REG (Conf),W 48-35,*,21,2,5,.400,1,2,.500,1,3,.333,.500,2,2,1.000,0,2,2,3,1,1,1,1,7,7.3,Dahomee Forgues,https://www.sports-reference.com/cbb/players/dahomee-forgues-1.html,robert-morris,2019-20
28,28,28,2020-03-02,Robert Morris,@,Mount St. Mary's,REG (Conf),W 57-52,,12,0,5,.000,0,2,.000,0,3,.000,.000,1,2,.500,0,1,1,0,2,0,0,1,1,-1.0,Dahomee Forgues,https://www.sports-reference.com/cbb/players/dahomee-forgues-1.html,robert-morris,2019-20
29,29,30,2020-03-09,Robert Morris,,Wagner,CTOURN,W 65-61 (OT),,6,0,2,.000,0,1,.000,0,1,.000,.000,0,2,.000,0,0,0,0,0,0,1,1,0,-3.6,Dahomee Forgues,https://www.sports-reference.com/cbb/players/dahomee-forgues-1.html,robert-morris,2019-20
