ranker,player_game_num_career,team_game_num_season,date,team_name_abbr,game_location,opp_name_abbr,game_type,game_result,is_starter,mp,fg,fga,fg_pct,fg3,fg3a,fg3_pct,fg2,fg2a,fg2_pct,efg_pct,ft,fta,ft_pct,orb,drb,trb,ast,stl,blk,tov,pf,pts,game_score,player_name,player_sr_link,school,season
1,33,1,2019-11-05,Robert Morris,@,TCU,REG (Non-Conf),L 61-66,*,22,2,9,.222,1,5,.200,1,4,.250,.278,0,0,,2,2,4,0,0,0,6,1,5,-4.9,Esther Castedo,https://www.sports-reference.com/cbb/players/esther-castedo-1.html,robert-morris,2019-20
2,34,2,2019-11-09,Robert Morris,@,La Salle,REG (Non-Conf),W 71-68 (OT),*,13,0,6,.000,0,4,.000,0,2,.000,.000,0,0,,0,1,1,1,2,0,0,0,0,-1.2,Esther Castedo,https://www.sports-reference.com/cbb/players/esther-castedo-1.html,robert-morris,2019-20
3,35,3,2019-11-13,Robert Morris,,Youngstown State,REG (Non-Conf),W 58-43,*,29,5,13,.385,2,4,.500,3,9,.333,.462,0,0,,1,1,2,3,1,0,2,1,12,6.6,Esther Castedo,https://www.sports-reference.com/cbb/players/esther-castedo-1.html,robert-morris,2019-20
4,36,4,2019-11-17,Robert Morris,,Columbia,REG (Non-Conf),L 59-61,*,26,6,14,.429,3,10,.300,3,4,.750,.536,0,1,.000,3,2,5,2,0,1,3,0,15,9.0,Esther Castedo,https://www.sports-reference.com/cbb/players/esther-castedo-1.html,robert-morris,2019-20
5,37,5,2019-11-24,Robert Morris,@,Kent State,REG (Non-Conf),L 81-82,*,23,1,6,.167,0,3,.000,1,3,.333,.167,0,0,,1,2,3,3,0,0,0,3,2,0.4,Esther Castedo,https://www.sports-reference.com/cbb/players/esther-castedo-1.html,robert-morris,2019-20
6,38,6,2019-11-27,Robert Morris,,Pitt.-Johnstown,REG (Non-Conf),W 63-30,,14,1,3,.333,1,2,.500,0,1,.000,.500,2,2,1.000,0,2,2,0,2,0,1,1,5,4.5,Esther Castedo,https://www.sports-reference.com/cbb/players/esther-castedo-1.html,robert-morris,2019-20
7,39,7,2019-12-01,Robert Morris,,Xavier,REG (Non-Conf),W 71-57,,22,3,7,.429,0,2,.000,3,5,.600,.429,0,0,,0,0,0,3,1,0,1,0,6,4.4,Esther Castedo,https://www.sports-reference.com/cbb/players/esther-castedo-1.html,robert-morris,2019-20
8,40,8,2019-12-07,Robert Morris,,Delaware,REG (Non-Conf),L 62-73,,16,4,6,.667,1,2,.500,3,4,.750,.750,2,2,1.000,1,0,1,2,1,0,2,3,11,8.3,Esther Castedo,https://www.sports-reference.com/cbb/players/esther-castedo-1.html,robert-morris,2019-20
9,41,9,2019-12-15,Robert Morris,@,Rhode Island,REG (Non-Conf),L 59-71,,19,5,11,.455,2,6,.333,3,5,.600,.545,0,0,,1,2,3,2,0,2,0,1,12,10.0,Esther Castedo,https://www.sports-reference.com/cbb/players/esther-castedo-1.html,robert-morris,2019-20
10,42,10,2019-12-18,Robert Morris,@,Norfolk State,REG (Non-Conf),W 69-62 (OT),,28,0,1,.000,0,0,,0,1,.000,.000,2,2,1.000,0,2,2,3,2,0,5,2,2,0.2,Esther Castedo,https://www.sports-reference.com/cbb/players/esther-castedo-1.html,robert-morris,2019-20
11,43,11,2019-12-29,Robert Morris,@,James Madison,REG (Non-Conf),L 32-59,,25,2,10,.200,1,5,.200,1,5,.200,.250,1,1,1.000,3,2,5,1,1,0,2,1,6,1.8,Esther Castedo,https://www.sports-reference.com/cbb/players/esther-castedo-1.html,robert-morris,2019-20
12,44,12,2020-01-02,Robert Morris,@,Central Connecticut State,REG (Conf),W 86-56,,24,2,7,.286,2,4,.500,0,3,.000,.429,0,0,,0,1,1,6,2,1,2,1,6,6.7,Esther Castedo,https://www.sports-reference.com/cbb/players/esther-castedo-1.html,robert-morris,2019-20
13,45,13,2020-01-04,Robert Morris,@,Merrimack,REG (Conf),W 68-62,,22,0,4,.000,0,2,.000,0,2,.000,.000,0,0,,0,3,3,2,1,0,0,2,0,-0.3,Esther Castedo,https://www.sports-reference.com/cbb/players/esther-castedo-1.html,robert-morris,2019-20
14,46,14,2020-01-11,Robert Morris,,Wagner,REG (Conf),W 51-47,,22,2,6,.333,0,4,.000,2,2,1.000,.333,0,0,,1,1,2,2,0,0,5,0,4,-2.0,Esther Castedo,https://www.sports-reference.com/cbb/players/esther-castedo-1.html,robert-morris,2019-20
15,47,15,2020-01-13,Robert Morris,,St. Francis Brooklyn,REG (Conf),W 69-44,,20,3,10,.300,1,6,.167,2,4,.500,.350,0,0,,0,4,4,0,0,0,1,1,7,1.0,Esther Castedo,https://www.sports-reference.com/cbb/players/esther-castedo-1.html,robert-morris,2019-20
16,48,16,2020-01-18,Robert Morris,,Merrimack,REG (Conf),W 72-50,,16,0,6,.000,0,4,.000,0,2,.000,.000,0,0,,0,0,0,1,1,0,1,1,0,-3.9,Esther Castedo,https://www.sports-reference.com/cbb/players/esther-castedo-1.html,robert-morris,2019-20
17,49,17,2020-01-20,Robert Morris,,Sacred Heart,REG (Conf),W 73-43,,26,3,9,.333,3,7,.429,0,2,.000,.500,2,2,1.000,0,3,3,2,0,0,1,0,11,7.2,Esther Castedo,https://www.sports-reference.com/cbb/players/esther-castedo-1.html,robert-morris,2019-20
18,50,18,2020-01-25,Robert Morris,@,LIU,REG (Conf),W 70-59,,4,0,2,.000,0,1,.000,0,1,.000,.000,0,0,,0,0,0,0,0,0,0,0,0,-1.4,Esther Castedo,https://www.sports-reference.com/cbb/players/esther-castedo-1.html,robert-morris,2019-20
19,51,19,2020-01-27,Robert Morris,@,St. Francis Brooklyn,REG (Conf),W 70-59,,16,3,9,.333,0,4,.000,3,5,.600,.333,1,2,.500,0,1,1,2,0,2,1,0,7,3.6,Esther Castedo,https://www.sports-reference.com/cbb/players/esther-castedo-1.html,robert-morris,2019-20
20,52,20,2020-02-01,Robert Morris,,Central Connecticut State,REG (Conf),W 80-42,,13,2,5,.400,1,4,.250,1,1,1.000,.500,0,0,,0,0,0,0,0,0,1,1,5,0.9,Esther Castedo,https://www.sports-reference.com/cbb/players/esther-castedo-1.html,robert-morris,2019-20
21,53,21,2020-02-03,Robert Morris,,Bryant,REG (Conf),W 69-39,,17,3,6,.500,2,3,.667,1,3,.333,.667,2,2,1.000,0,1,1,2,1,0,2,2,10,6.9,Esther Castedo,https://www.sports-reference.com/cbb/players/esther-castedo-1.html,robert-morris,2019-20
22,54,22,2020-02-08,Robert Morris,@,Sacred Heart,REG (Conf),W 67-38,,14,2,6,.333,1,2,.500,1,4,.250,.417,2,2,1.000,0,3,3,2,0,0,0,0,7,5.9,Esther Castedo,https://www.sports-reference.com/cbb/players/esther-castedo-1.html,robert-morris,2019-20
23,55,23,2020-02-10,Robert Morris,@,Wagner,REG (Conf),W 77-35,,26,2,7,.286,2,6,.333,0,1,.000,.429,0,0,,1,3,4,7,2,0,1,0,6,9.4,Esther Castedo,https://www.sports-reference.com/cbb/players/esther-castedo-1.html,robert-morris,2019-20
24,56,24,2020-02-15,Robert Morris,,Fairleigh Dickinson,REG (Conf),W 53-35,,19,3,6,.500,0,2,.000,3,4,.750,.500,2,2,1.000,0,4,4,0,0,0,1,2,8,4.4,Esther Castedo,https://www.sports-reference.com/cbb/players/esther-castedo-1.html,robert-morris,2019-20
25,57,25,2020-02-17,Robert Morris,@,Saint Francis (PA),REG (Conf),W 66-57,,21,0,8,.000,0,1,.000,0,7,.000,.000,3,4,.750,0,0,0,1,0,0,1,2,3,-4.1,Esther Castedo,https://www.sports-reference.com/cbb/players/esther-castedo-1.html,robert-morris,2019-20
26,58,26,2020-02-21,Robert Morris,,Mount St. Mary's,REG (Conf),L 59-62,,18,3,9,.333,1,5,.200,2,4,.500,.389,3,4,.750,1,2,3,1,3,0,2,2,10,6.7,Esther Castedo,https://www.sports-reference.com/cbb/players/esther-castedo-1.html,robert-morris,2019-20
27,59,27,2020-02-23,Robert Morris,@,Fairleigh Dickinson,REG (Conf),W 48-35,,19,2,6,.333,0,1,.000,2,5,.400,.333,0,0,,1,0,1,1,0,0,0,1,4,1.6,Esther Castedo,https://www.sports-reference.com/cbb/players/esther-castedo-1.html,robert-morris,2019-20
28,60,28,2020-03-02,Robert Morris,@,Mount St. Mary's,REG (Conf),W 57-52,*,26,2,6,.333,1,2,.500,1,4,.250,.417,2,4,.500,1,2,3,2,0,0,1,0,7,4.5,Esther Castedo,https://www.sports-reference.com/cbb/players/esther-castedo-1.html,robert-morris,2019-20
29,61,29,2020-03-05,Robert Morris,,Saint Francis (PA),REG (Conf),W 62-29,*,27,2,5,.400,0,0,,2,5,.400,.400,0,0,,0,2,2,2,2,0,4,1,4,0.9,Esther Castedo,https://www.sports-reference.com/cbb/players/esther-castedo-1.html,robert-morris,2019-20
30,62,30,2020-03-09,Robert Morris,,Wagner,CTOURN,W 65-61 (OT),*,38,3,9,.333,1,4,.250,2,5,.400,.389,0,0,,1,2,3,4,0,0,1,3,7,3.8,Esther Castedo,https://www.sports-reference.com/cbb/players/esther-castedo-1.html,robert-morris,2019-20
