ranker,player_game_num_career,team_game_num_season,date,team_name_abbr,game_location,opp_name_abbr,game_type,game_result,is_starter,mp,fg,fga,fg_pct,fg3,fg3a,fg2,fg2a,fg2_pct,efg_pct,ft,fta,ft_pct,orb,drb,trb,ast,stl,blk,tov,pf,pts,game_score,player_name,player_sr_link,school,season
1,51,1,2019-11-05,Robert Morris,@,TCU,REG (Non-Conf),L 61-66,,22,3,5,.600,0,0,3,5,.600,.600,3,6,.500,2,10,12,1,1,0,1,2,9,9.8,Irekpitan Ozzy-Momodu,https://www.sports-reference.com/cbb/players/irekpitan-ozzy-momodu-1.html,robert-morris,2019-20
2,52,2,2019-11-09,Robert Morris,@,La Salle,REG (Non-Conf),W 71-68 (OT),,8,0,2,.000,0,0,0,2,.000,.000,0,0,,2,3,5,0,0,0,2,4,0,-2.7,Irekpitan Ozzy-Momodu,https://www.sports-reference.com/cbb/players/irekpitan-ozzy-momodu-1.html,robert-morris,2019-20
3,53,3,2019-11-13,Robert Morris,,Youngstown State,REG (Non-Conf),W 58-43,,13,1,3,.333,0,0,1,3,.333,.333,1,2,.500,1,4,5,1,2,0,0,0,3,5.5,Irekpitan Ozzy-Momodu,https://www.sports-reference.com/cbb/players/irekpitan-ozzy-momodu-1.html,robert-morris,2019-20
4,54,4,2019-11-17,Robert Morris,,Columbia,REG (Non-Conf),L 59-61,,14,4,7,.571,0,0,4,7,.571,.571,1,2,.500,3,3,6,0,1,1,3,2,9,6.2,Irekpitan Ozzy-Momodu,https://www.sports-reference.com/cbb/players/irekpitan-ozzy-momodu-1.html,robert-morris,2019-20
5,55,5,2019-11-24,Robert Morris,@,Kent State,REG (Non-Conf),L 81-82,,16,3,5,.600,0,0,3,5,.600,.600,5,6,.833,1,3,4,1,0,0,1,3,11,8.4,Irekpitan Ozzy-Momodu,https://www.sports-reference.com/cbb/players/irekpitan-ozzy-momodu-1.html,robert-morris,2019-20
6,56,6,2019-11-27,Robert Morris,,Pitt.-Johnstown,REG (Non-Conf),W 63-30,,14,2,4,.500,0,0,2,4,.500,.500,1,2,.500,0,2,2,0,3,2,3,1,5,4.2,Irekpitan Ozzy-Momodu,https://www.sports-reference.com/cbb/players/irekpitan-ozzy-momodu-1.html,robert-morris,2019-20
7,57,10,2019-12-18,Robert Morris,@,Norfolk State,REG (Non-Conf),W 69-62 (OT),,11,2,3,.667,0,0,2,3,.667,.667,0,0,,1,5,6,2,0,0,2,1,4,3.9,Irekpitan Ozzy-Momodu,https://www.sports-reference.com/cbb/players/irekpitan-ozzy-momodu-1.html,robert-morris,2019-20
8,58,11,2019-12-29,Robert Morris,@,James Madison,REG (Non-Conf),L 32-59,,15,0,6,.000,0,0,0,6,.000,.000,0,2,.000,3,8,11,1,1,0,1,1,0,-0.2,Irekpitan Ozzy-Momodu,https://www.sports-reference.com/cbb/players/irekpitan-ozzy-momodu-1.html,robert-morris,2019-20
9,59,12,2020-01-02,Robert Morris,@,Central Connecticut State,REG (Conf),W 86-56,,15,6,9,.667,0,0,6,9,.667,.667,1,1,1.000,5,4,9,1,3,0,2,0,13,15.5,Irekpitan Ozzy-Momodu,https://www.sports-reference.com/cbb/players/irekpitan-ozzy-momodu-1.html,robert-morris,2019-20
10,60,13,2020-01-04,Robert Morris,@,Merrimack,REG (Conf),W 68-62,,16,5,9,.556,0,0,5,9,.556,.556,0,2,.000,4,5,9,0,0,1,4,0,10,5.9,Irekpitan Ozzy-Momodu,https://www.sports-reference.com/cbb/players/irekpitan-ozzy-momodu-1.html,robert-morris,2019-20
11,61,14,2020-01-11,Robert Morris,,Wagner,REG (Conf),W 51-47,,21,4,6,.667,0,0,4,6,.667,.667,5,7,.714,2,6,8,0,0,2,3,3,13,10.0,Irekpitan Ozzy-Momodu,https://www.sports-reference.com/cbb/players/irekpitan-ozzy-momodu-1.html,robert-morris,2019-20
12,62,15,2020-01-13,Robert Morris,,St. Francis Brooklyn,REG (Conf),W 69-44,,15,4,8,.500,0,0,4,8,.500,.500,0,0,,4,6,10,0,0,2,2,5,8,6.0,Irekpitan Ozzy-Momodu,https://www.sports-reference.com/cbb/players/irekpitan-ozzy-momodu-1.html,robert-morris,2019-20
13,63,16,2020-01-18,Robert Morris,,Merrimack,REG (Conf),W 72-50,,21,7,13,.538,0,0,7,13,.538,.538,3,8,.375,8,9,17,1,2,1,2,3,17,17.2,Irekpitan Ozzy-Momodu,https://www.sports-reference.com/cbb/players/irekpitan-ozzy-momodu-1.html,robert-morris,2019-20
14,64,17,2020-01-20,Robert Morris,,Sacred Heart,REG (Conf),W 73-43,,14,2,5,.400,0,0,2,5,.400,.400,1,2,.500,0,4,4,0,0,0,0,1,5,2.7,Irekpitan Ozzy-Momodu,https://www.sports-reference.com/cbb/players/irekpitan-ozzy-momodu-1.html,robert-morris,2019-20
15,65,18,2020-01-25,Robert Morris,@,LIU,REG (Conf),W 70-59,,15,4,9,.444,0,0,4,9,.444,.444,4,7,.571,6,2,8,0,0,0,0,0,12,10.9,Irekpitan Ozzy-Momodu,https://www.sports-reference.com/cbb/players/irekpitan-ozzy-momodu-1.html,robert-morris,2019-20
16,66,19,2020-01-27,Robert Morris,@,St. Francis Brooklyn,REG (Conf),W 70-59,,18,4,7,.571,0,0,4,7,.571,.571,0,0,,3,6,9,1,3,0,4,3,8,7.1,Irekpitan Ozzy-Momodu,https://www.sports-reference.com/cbb/players/irekpitan-ozzy-momodu-1.html,robert-morris,2019-20
17,67,20,2020-02-01,Robert Morris,,Central Connecticut State,REG (Conf),W 80-42,,18,4,6,.667,0,0,4,6,.667,.667,2,3,.667,7,7,14,0,1,2,1,2,10,14.6,Irekpitan Ozzy-Momodu,https://www.sports-reference.com/cbb/players/irekpitan-ozzy-momodu-1.html,robert-morris,2019-20
18,68,21,2020-02-03,Robert Morris,,Bryant,REG (Conf),W 69-39,,19,6,6,1.000,0,0,6,6,1.000,1.000,2,2,1.000,3,7,10,0,2,0,5,2,14,12.6,Irekpitan Ozzy-Momodu,https://www.sports-reference.com/cbb/players/irekpitan-ozzy-momodu-1.html,robert-morris,2019-20
19,69,22,2020-02-08,Robert Morris,@,Sacred Heart,REG (Conf),W 67-38,,16,5,9,.556,0,0,5,9,.556,.556,3,8,.375,4,6,10,0,0,1,0,0,13,12.0,Irekpitan Ozzy-Momodu,https://www.sports-reference.com/cbb/players/irekpitan-ozzy-momodu-1.html,robert-morris,2019-20
20,70,23,2020-02-10,Robert Morris,@,Wagner,REG (Conf),W 77-35,,22,9,11,.818,0,0,9,11,.818,.818,5,7,.714,7,8,15,0,3,0,1,0,23,27.4,Irekpitan Ozzy-Momodu,https://www.sports-reference.com/cbb/players/irekpitan-ozzy-momodu-1.html,robert-morris,2019-20
21,71,25,2020-02-17,Robert Morris,@,Saint Francis (PA),REG (Conf),W 66-57,,18,4,8,.500,0,0,4,8,.500,.500,3,5,.600,5,5,10,0,0,1,0,2,11,11.1,Irekpitan Ozzy-Momodu,https://www.sports-reference.com/cbb/players/irekpitan-ozzy-momodu-1.html,robert-morris,2019-20
22,72,26,2020-02-21,Robert Morris,,Mount St. Mary's,REG (Conf),L 59-62,,13,2,6,.333,0,0,2,6,.333,.333,0,0,,5,0,5,0,1,0,1,0,4,4.1,Irekpitan Ozzy-Momodu,https://www.sports-reference.com/cbb/players/irekpitan-ozzy-momodu-1.html,robert-morris,2019-20
23,73,27,2020-02-23,Robert Morris,@,Fairleigh Dickinson,REG (Conf),W 48-35,,16,4,5,.800,0,0,4,5,.800,.800,0,0,,1,7,8,0,1,0,1,3,8,7.7,Irekpitan Ozzy-Momodu,https://www.sports-reference.com/cbb/players/irekpitan-ozzy-momodu-1.html,robert-morris,2019-20
24,74,28,2020-03-02,Robert Morris,@,Mount St. Mary's,REG (Conf),W 57-52,,14,3,3,1.000,0,0,3,3,1.000,1.000,1,2,.500,1,6,7,0,1,0,3,0,7,6.2,Irekpitan Ozzy-Momodu,https://www.sports-reference.com/cbb/players/irekpitan-ozzy-momodu-1.html,robert-morris,2019-20
25,75,29,2020-03-05,Robert Morris,,Saint Francis (PA),REG (Conf),W 62-29,,16,5,11,.455,0,0,5,11,.455,.455,1,1,1.000,4,8,12,0,0,1,3,4,11,6.6,Irekpitan Ozzy-Momodu,https://www.sports-reference.com/cbb/players/irekpitan-ozzy-momodu-1.html,robert-morris,2019-20
26,76,30,2020-03-09,Robert Morris,,Wagner,CTOURN,W 65-61 (OT),,19,4,8,.500,0,0,4,8,.500,.500,5,8,.625,5,3,8,1,0,0,2,0,13,10.9,Irekpitan Ozzy-Momodu,https://www.sports-reference.com/cbb/players/irekpitan-ozzy-momodu-1.html,robert-morris,2019-20
