ranker,player_game_num_career,team_game_num_season,date,team_name_abbr,game_location,opp_name_abbr,game_type,game_result,is_starter,mp,fg,fga,fg_pct,fg3,fg3a,fg3_pct,fg2,fg2a,fg2_pct,efg_pct,ft,fta,ft_pct,orb,drb,trb,ast,stl,blk,tov,pf,pts,game_score,player_name,player_sr_link,school,season
1,34,1,2019-11-05,Robert Morris,@,TCU,REG (Non-Conf),L 61-66,*,30,3,9,.333,1,7,.143,2,2,1.000,.389,1,2,.500,0,2,2,2,3,0,3,4,8,2.9,Isabella Posset,https://www.sports-reference.com/cbb/players/isabella-posset-1.html,robert-morris,2019-20
2,35,2,2019-11-09,Robert Morris,@,La Salle,REG (Non-Conf),W 71-68 (OT),*,33,4,8,.500,1,2,.500,3,6,.500,.563,1,2,.500,0,4,4,2,1,0,4,4,10,3.6,Isabella Posset,https://www.sports-reference.com/cbb/players/isabella-posset-1.html,robert-morris,2019-20
3,36,3,2019-11-13,Robert Morris,,Youngstown State,REG (Non-Conf),W 58-43,*,27,3,6,.500,1,4,.250,2,2,1.000,.583,0,0,,0,4,4,0,4,0,4,3,7,4.0,Isabella Posset,https://www.sports-reference.com/cbb/players/isabella-posset-1.html,robert-morris,2019-20
4,37,4,2019-11-17,Robert Morris,,Columbia,REG (Non-Conf),L 59-61,*,26,0,8,.000,0,6,.000,0,2,.000,.000,0,0,,0,1,1,1,2,0,3,3,0,-6.8,Isabella Posset,https://www.sports-reference.com/cbb/players/isabella-posset-1.html,robert-morris,2019-20
5,38,5,2019-11-24,Robert Morris,@,Kent State,REG (Non-Conf),L 81-82,*,31,4,8,.500,1,3,.333,3,5,.600,.563,5,7,.714,0,2,2,2,2,0,4,4,14,7.6,Isabella Posset,https://www.sports-reference.com/cbb/players/isabella-posset-1.html,robert-morris,2019-20
6,39,6,2019-11-27,Robert Morris,,Pitt.-Johnstown,REG (Non-Conf),W 63-30,*,16,3,12,.250,1,6,.167,2,6,.333,.292,3,6,.500,0,0,0,2,4,1,1,2,10,5.9,Isabella Posset,https://www.sports-reference.com/cbb/players/isabella-posset-1.html,robert-morris,2019-20
7,40,7,2019-12-01,Robert Morris,,Xavier,REG (Non-Conf),W 71-57,*,30,2,12,.167,2,9,.222,0,3,.000,.250,0,0,,0,2,2,4,3,0,1,1,6,3.4,Isabella Posset,https://www.sports-reference.com/cbb/players/isabella-posset-1.html,robert-morris,2019-20
8,41,8,2019-12-07,Robert Morris,,Delaware,REG (Non-Conf),L 62-73,*,9,0,0,,0,0,,0,0,,,0,0,,0,0,0,0,2,0,3,2,0,-1.8,Isabella Posset,https://www.sports-reference.com/cbb/players/isabella-posset-1.html,robert-morris,2019-20
9,42,9,2019-12-15,Robert Morris,@,Rhode Island,REG (Non-Conf),L 59-71,*,28,3,10,.300,1,4,.250,2,6,.333,.350,1,2,.500,1,1,2,3,3,0,0,3,8,6.7,Isabella Posset,https://www.sports-reference.com/cbb/players/isabella-posset-1.html,robert-morris,2019-20
10,43,10,2019-12-18,Robert Morris,@,Norfolk State,REG (Non-Conf),W 69-62 (OT),*,22,5,8,.625,4,5,.800,1,3,.333,.875,0,0,,0,1,1,0,0,1,2,5,14,7.4,Isabella Posset,https://www.sports-reference.com/cbb/players/isabella-posset-1.html,robert-morris,2019-20
11,44,11,2019-12-29,Robert Morris,@,James Madison,REG (Non-Conf),L 32-59,*,23,0,10,.000,0,4,.000,0,6,.000,.000,0,2,.000,1,1,2,1,1,0,1,2,0,-6.9,Isabella Posset,https://www.sports-reference.com/cbb/players/isabella-posset-1.html,robert-morris,2019-20
12,45,12,2020-01-02,Robert Morris,@,Central Connecticut State,REG (Conf),W 86-56,*,28,4,10,.400,2,5,.400,2,5,.400,.500,1,4,.250,1,0,1,1,0,0,1,2,11,4.0,Isabella Posset,https://www.sports-reference.com/cbb/players/isabella-posset-1.html,robert-morris,2019-20
13,46,13,2020-01-04,Robert Morris,@,Merrimack,REG (Conf),W 68-62,*,30,4,8,.500,2,3,.667,2,5,.400,.625,1,2,.500,1,5,6,3,2,0,0,2,11,12.1,Isabella Posset,https://www.sports-reference.com/cbb/players/isabella-posset-1.html,robert-morris,2019-20
14,47,14,2020-01-11,Robert Morris,,Wagner,REG (Conf),W 51-47,*,31,2,6,.333,1,4,.250,1,2,.500,.417,5,5,1.000,0,9,9,2,2,0,4,3,10,7.5,Isabella Posset,https://www.sports-reference.com/cbb/players/isabella-posset-1.html,robert-morris,2019-20
15,48,15,2020-01-13,Robert Morris,,St. Francis Brooklyn,REG (Conf),W 69-44,*,19,1,5,.200,1,4,.250,0,1,.000,.300,0,0,,0,2,2,3,2,0,1,2,3,2.8,Isabella Posset,https://www.sports-reference.com/cbb/players/isabella-posset-1.html,robert-morris,2019-20
16,49,16,2020-01-18,Robert Morris,,Merrimack,REG (Conf),W 72-50,*,27,6,9,.667,4,4,1.000,2,5,.400,.889,0,0,,1,3,4,3,4,1,2,1,16,18.1,Isabella Posset,https://www.sports-reference.com/cbb/players/isabella-posset-1.html,robert-morris,2019-20
17,50,17,2020-01-20,Robert Morris,,Sacred Heart,REG (Conf),W 73-43,*,29,3,5,.600,1,1,1.000,2,4,.500,.700,4,5,.800,0,5,5,3,8,1,2,2,11,17.8,Isabella Posset,https://www.sports-reference.com/cbb/players/isabella-posset-1.html,robert-morris,2019-20
18,51,18,2020-01-25,Robert Morris,@,LIU,REG (Conf),W 70-59,*,29,1,4,.250,0,1,.000,1,3,.333,.250,3,4,.750,1,5,6,1,1,0,1,4,5,3.5,Isabella Posset,https://www.sports-reference.com/cbb/players/isabella-posset-1.html,robert-morris,2019-20
19,52,19,2020-01-27,Robert Morris,@,St. Francis Brooklyn,REG (Conf),W 70-59,*,34,6,10,.600,3,7,.429,3,3,1.000,.750,0,0,,1,3,4,2,3,1,2,2,15,14.3,Isabella Posset,https://www.sports-reference.com/cbb/players/isabella-posset-1.html,robert-morris,2019-20
20,53,20,2020-02-01,Robert Morris,,Central Connecticut State,REG (Conf),W 80-42,*,22,2,9,.222,0,2,.000,2,7,.286,.222,0,0,,0,2,2,2,3,1,1,1,4,2.8,Isabella Posset,https://www.sports-reference.com/cbb/players/isabella-posset-1.html,robert-morris,2019-20
21,54,21,2020-02-03,Robert Morris,,Bryant,REG (Conf),W 69-39,*,29,2,10,.200,2,4,.500,0,6,.000,.300,0,0,,0,0,0,2,1,1,0,3,6,1.7,Isabella Posset,https://www.sports-reference.com/cbb/players/isabella-posset-1.html,robert-morris,2019-20
22,55,22,2020-02-08,Robert Morris,@,Sacred Heart,REG (Conf),W 67-38,*,21,2,6,.333,1,3,.333,1,3,.333,.417,0,0,,1,3,4,2,1,1,1,2,5,4.5,Isabella Posset,https://www.sports-reference.com/cbb/players/isabella-posset-1.html,robert-morris,2019-20
23,56,23,2020-02-10,Robert Morris,@,Wagner,REG (Conf),W 77-35,*,23,4,8,.500,2,6,.333,2,2,1.000,.625,4,4,1.000,0,4,4,2,3,0,3,2,14,11.8,Isabella Posset,https://www.sports-reference.com/cbb/players/isabella-posset-1.html,robert-morris,2019-20
24,57,24,2020-02-15,Robert Morris,,Fairleigh Dickinson,REG (Conf),W 53-35,*,30,1,6,.167,0,1,.000,1,5,.200,.167,3,4,.750,0,5,5,1,1,2,1,0,5,4.4,Isabella Posset,https://www.sports-reference.com/cbb/players/isabella-posset-1.html,robert-morris,2019-20
25,58,25,2020-02-17,Robert Morris,@,Saint Francis (PA),REG (Conf),W 66-57,*,33,5,10,.500,0,1,.000,5,9,.556,.500,3,4,.750,0,2,2,1,3,0,1,2,13,10.1,Isabella Posset,https://www.sports-reference.com/cbb/players/isabella-posset-1.html,robert-morris,2019-20
26,59,26,2020-02-21,Robert Morris,,Mount St. Mary's,REG (Conf),L 59-62,*,34,4,10,.400,0,5,.000,4,5,.800,.400,1,2,.500,0,4,4,3,1,1,4,3,9,3.0,Isabella Posset,https://www.sports-reference.com/cbb/players/isabella-posset-1.html,robert-morris,2019-20
27,60,27,2020-02-23,Robert Morris,@,Fairleigh Dickinson,REG (Conf),W 48-35,*,20,0,3,.000,0,2,.000,0,1,.000,.000,2,2,1.000,0,6,6,1,1,0,2,3,2,0.2,Isabella Posset,https://www.sports-reference.com/cbb/players/isabella-posset-1.html,robert-morris,2019-20
28,61,28,2020-03-02,Robert Morris,@,Mount St. Mary's,REG (Conf),W 57-52,*,28,0,4,.000,0,2,.000,0,2,.000,.000,5,6,.833,0,4,4,2,3,0,3,4,5,2.8,Isabella Posset,https://www.sports-reference.com/cbb/players/isabella-posset-1.html,robert-morris,2019-20
29,62,29,2020-03-05,Robert Morris,,Saint Francis (PA),REG (Conf),W 62-29,*,19,2,6,.333,0,0,,2,6,.333,.333,0,0,,1,2,3,1,2,1,0,0,4,5.3,Isabella Posset,https://www.sports-reference.com/cbb/players/isabella-posset-1.html,robert-morris,2019-20
30,63,30,2020-03-09,Robert Morris,,Wagner,CTOURN,W 65-61 (OT),*,38,2,8,.250,2,6,.333,0,2,.000,.375,4,6,.667,2,5,7,2,2,0,2,2,10,7.9,Isabella Posset,https://www.sports-reference.com/cbb/players/isabella-posset-1.html,robert-morris,2019-20
