ranker,player_game_num_career,team_game_num_season,date,team_name_abbr,game_location,opp_name_abbr,game_type,game_result,is_starter,mp,fg,fga,fg_pct,fg3,fg3a,fg3_pct,fg2,fg2a,fg2_pct,efg_pct,ft,fta,ft_pct,orb,drb,trb,ast,stl,blk,tov,pf,pts,game_score,player_name,player_sr_link,school,season
1,63,1,2019-11-05,Robert Morris,@,TCU,REG (Non-Conf),L 61-66,,17,3,4,.750,0,1,.000,3,3,1.000,.750,0,2,.000,0,0,0,5,0,0,1,0,6,6.1,Laura Carrasco,https://www.sports-reference.com/cbb/players/laura-carrasco-1.html,robert-morris,2019-20
2,64,2,2019-11-09,Robert Morris,@,La Salle,REG (Non-Conf),W 71-68 (OT),,28,5,8,.625,1,3,.333,4,5,.800,.688,1,2,.500,1,2,3,1,2,0,2,2,12,9.2,Laura Carrasco,https://www.sports-reference.com/cbb/players/laura-carrasco-1.html,robert-morris,2019-20
3,65,3,2019-11-13,Robert Morris,,Youngstown State,REG (Non-Conf),W 58-43,,9,0,4,.000,0,2,.000,0,2,.000,.000,0,0,,0,1,1,1,1,0,1,0,0,-1.8,Laura Carrasco,https://www.sports-reference.com/cbb/players/laura-carrasco-1.html,robert-morris,2019-20
4,66,4,2019-11-17,Robert Morris,,Columbia,REG (Non-Conf),L 59-61,,6,0,2,.000,0,0,,0,2,.000,.000,0,0,,0,0,0,0,0,0,0,0,0,-1.4,Laura Carrasco,https://www.sports-reference.com/cbb/players/laura-carrasco-1.html,robert-morris,2019-20
5,67,5,2019-11-24,Robert Morris,@,Kent State,REG (Non-Conf),L 81-82,,14,1,2,.500,0,0,,1,2,.500,.500,0,2,.000,0,0,0,0,0,0,2,1,2,-2.2,Laura Carrasco,https://www.sports-reference.com/cbb/players/laura-carrasco-1.html,robert-morris,2019-20
6,68,6,2019-11-27,Robert Morris,,Pitt.-Johnstown,REG (Non-Conf),W 63-30,,8,1,2,.500,1,2,.500,0,0,,.750,0,0,,0,0,0,0,1,0,0,0,3,3.0,Laura Carrasco,https://www.sports-reference.com/cbb/players/laura-carrasco-1.html,robert-morris,2019-20
7,69,7,2019-12-01,Robert Morris,,Xavier,REG (Non-Conf),W 71-57,,4,0,1,.000,0,1,.000,0,0,,.000,0,0,,0,0,0,1,0,0,0,0,0,0.0,Laura Carrasco,https://www.sports-reference.com/cbb/players/laura-carrasco-1.html,robert-morris,2019-20
8,70,8,2019-12-07,Robert Morris,,Delaware,REG (Non-Conf),L 62-73,,2,0,1,.000,0,1,.000,0,0,,.000,0,0,,0,0,0,0,0,0,1,0,0,-1.7,Laura Carrasco,https://www.sports-reference.com/cbb/players/laura-carrasco-1.html,robert-morris,2019-20
9,71,9,2019-12-15,Robert Morris,@,Rhode Island,REG (Non-Conf),L 59-71,,4,0,2,.000,0,1,.000,0,1,.000,.000,0,0,,1,0,1,0,0,0,0,0,0,-0.7,Laura Carrasco,https://www.sports-reference.com/cbb/players/laura-carrasco-1.html,robert-morris,2019-20
10,72,10,2019-12-18,Robert Morris,@,Norfolk State,REG (Non-Conf),W 69-62 (OT),,1,0,0,,0,0,,0,0,,,0,0,,0,0,0,0,0,0,0,0,0,0.0,Laura Carrasco,https://www.sports-reference.com/cbb/players/laura-carrasco-1.html,robert-morris,2019-20
11,73,11,2019-12-29,Robert Morris,@,James Madison,REG (Non-Conf),L 32-59,,10,0,2,.000,0,2,.000,0,0,,.000,0,0,,1,0,1,0,0,0,1,0,0,-1.7,Laura Carrasco,https://www.sports-reference.com/cbb/players/laura-carrasco-1.html,robert-morris,2019-20
12,74,12,2020-01-02,Robert Morris,@,Central Connecticut State,REG (Conf),W 86-56,,13,1,1,1.000,0,0,,1,1,1.000,1.000,3,3,1.000,0,0,0,1,2,0,1,1,5,6.0,Laura Carrasco,https://www.sports-reference.com/cbb/players/laura-carrasco-1.html,robert-morris,2019-20
13,75,13,2020-01-04,Robert Morris,@,Merrimack,REG (Conf),W 68-62,,1,0,1,.000,0,1,.000,0,0,,.000,0,0,,0,0,0,0,0,0,1,0,0,-1.7,Laura Carrasco,https://www.sports-reference.com/cbb/players/laura-carrasco-1.html,robert-morris,2019-20
14,76,14,2020-01-11,Robert Morris,,Wagner,REG (Conf),W 51-47,,1,0,0,,0,0,,0,0,,,0,0,,0,0,0,0,0,0,0,0,0,0.0,Laura Carrasco,https://www.sports-reference.com/cbb/players/laura-carrasco-1.html,robert-morris,2019-20
15,77,15,2020-01-13,Robert Morris,,St. Francis Brooklyn,REG (Conf),W 69-44,,8,1,3,.333,0,2,.000,1,1,1.000,.333,3,4,.750,0,0,0,0,0,0,0,2,5,2.1,Laura Carrasco,https://www.sports-reference.com/cbb/players/laura-carrasco-1.html,robert-morris,2019-20
16,78,16,2020-01-18,Robert Morris,,Merrimack,REG (Conf),W 72-50,,3,0,0,,0,0,,0,0,,,0,0,,0,0,0,0,0,0,0,1,0,-0.4,Laura Carrasco,https://www.sports-reference.com/cbb/players/laura-carrasco-1.html,robert-morris,2019-20
17,79,17,2020-01-20,Robert Morris,,Sacred Heart,REG (Conf),W 73-43,,4,0,0,,0,0,,0,0,,,0,0,,0,0,0,0,0,0,1,2,0,-1.8,Laura Carrasco,https://www.sports-reference.com/cbb/players/laura-carrasco-1.html,robert-morris,2019-20
18,80,18,2020-01-25,Robert Morris,@,LIU,REG (Conf),W 70-59,,3,0,1,.000,0,0,,0,1,.000,.000,0,0,,0,0,0,0,0,0,0,0,0,-0.7,Laura Carrasco,https://www.sports-reference.com/cbb/players/laura-carrasco-1.html,robert-morris,2019-20
19,81,19,2020-01-27,Robert Morris,@,St. Francis Brooklyn,REG (Conf),W 70-59,,1,0,0,,0,0,,0,0,,,0,0,,0,0,0,0,0,0,0,0,0,0.0,Laura Carrasco,https://www.sports-reference.com/cbb/players/laura-carrasco-1.html,robert-morris,2019-20
20,82,20,2020-02-01,Robert Morris,,Central Connecticut State,REG (Conf),W 80-42,,8,3,3,1.000,2,2,1.000,1,1,1.000,1.333,6,7,.857,1,0,1,1,1,0,0,0,14,15.1,Laura Carrasco,https://www.sports-reference.com/cbb/players/laura-carrasco-1.html,robert-morris,2019-20
21,83,21,2020-02-03,Robert Morris,,Bryant,REG (Conf),W 69-39,,4,0,0,,0,0,,0,0,,,0,0,,0,1,1,0,0,0,0,0,0,0.3,Laura Carrasco,https://www.sports-reference.com/cbb/players/laura-carrasco-1.html,robert-morris,2019-20
22,84,22,2020-02-08,Robert Morris,@,Sacred Heart,REG (Conf),W 67-38,,11,2,5,.400,1,4,.250,1,1,1.000,.500,0,0,,1,2,3,0,1,0,2,0,5,2.6,Laura Carrasco,https://www.sports-reference.com/cbb/players/laura-carrasco-1.html,robert-morris,2019-20
23,85,23,2020-02-10,Robert Morris,@,Wagner,REG (Conf),W 77-35,,8,0,1,.000,0,0,,0,1,.000,.000,0,0,,0,1,1,2,1,0,1,0,0,1.0,Laura Carrasco,https://www.sports-reference.com/cbb/players/laura-carrasco-1.html,robert-morris,2019-20
24,86,24,2020-02-15,Robert Morris,,Fairleigh Dickinson,REG (Conf),W 53-35,,5,0,0,,0,0,,0,0,,,0,0,,1,0,1,0,0,0,0,0,0,0.7,Laura Carrasco,https://www.sports-reference.com/cbb/players/laura-carrasco-1.html,robert-morris,2019-20
25,87,26,2020-02-21,Robert Morris,,Mount St. Mary's,REG (Conf),L 59-62,,4,0,1,.000,0,1,.000,0,0,,.000,0,0,,0,0,0,0,1,0,1,0,0,-0.7,Laura Carrasco,https://www.sports-reference.com/cbb/players/laura-carrasco-1.html,robert-morris,2019-20
26,88,27,2020-02-23,Robert Morris,@,Fairleigh Dickinson,REG (Conf),W 48-35,,15,1,7,.143,0,3,.000,1,4,.250,.143,0,0,,1,1,2,0,0,0,1,1,2,-2.9,Laura Carrasco,https://www.sports-reference.com/cbb/players/laura-carrasco-1.html,robert-morris,2019-20
27,89,28,2020-03-02,Robert Morris,@,Mount St. Mary's,REG (Conf),W 57-52,,2,0,0,,0,0,,0,0,,,0,0,,0,0,0,0,0,0,1,1,0,-1.4,Laura Carrasco,https://www.sports-reference.com/cbb/players/laura-carrasco-1.html,robert-morris,2019-20
28,90,29,2020-03-05,Robert Morris,,Saint Francis (PA),REG (Conf),W 62-29,,15,0,4,.000,0,2,.000,0,2,.000,.000,0,0,,1,1,2,3,0,0,1,0,0,-0.7,Laura Carrasco,https://www.sports-reference.com/cbb/players/laura-carrasco-1.html,robert-morris,2019-20
