ranker,player_game_num_career,team_game_num_season,date,team_name_abbr,game_location,opp_name_abbr,game_type,game_result,is_starter,mp,fg,fga,fg_pct,fg3,fg3a,fg3_pct,fg2,fg2a,fg2_pct,efg_pct,ft,fta,ft_pct,orb,drb,trb,ast,stl,blk,tov,pf,pts,game_score,player_name,player_sr_link,school,season
1,96,1,2019-11-05,Robert Morris,@,TCU,REG (Non-Conf),L 61-66,*,18,4,8,.500,0,0,,4,8,.500,.500,1,1,1.000,1,4,5,3,0,0,1,5,9,6.0,Nneka Ezeigbo,https://www.sports-reference.com/cbb/players/nneka-ezeigbo-1.html,robert-morris,2019-20
2,97,2,2019-11-09,Robert Morris,@,La Salle,REG (Non-Conf),W 71-68 (OT),*,34,7,24,.292,0,0,,7,24,.292,.292,7,11,.636,6,6,12,1,4,2,0,3,21,16.3,Nneka Ezeigbo,https://www.sports-reference.com/cbb/players/nneka-ezeigbo-1.html,robert-morris,2019-20
3,98,3,2019-11-13,Robert Morris,,Youngstown State,REG (Non-Conf),W 58-43,*,27,8,16,.500,0,0,,8,16,.500,.500,1,2,.500,7,5,12,0,4,2,1,3,17,18.2,Nneka Ezeigbo,https://www.sports-reference.com/cbb/players/nneka-ezeigbo-1.html,robert-morris,2019-20
4,99,4,2019-11-17,Robert Morris,,Columbia,REG (Non-Conf),L 59-61,*,26,5,11,.455,0,0,,5,11,.455,.455,4,5,.800,5,3,8,0,3,1,2,5,14,12.0,Nneka Ezeigbo,https://www.sports-reference.com/cbb/players/nneka-ezeigbo-1.html,robert-morris,2019-20
5,100,5,2019-11-24,Robert Morris,@,Kent State,REG (Non-Conf),L 81-82,*,22,8,9,.889,0,0,,8,9,.889,.889,2,3,.667,1,8,9,1,1,1,1,5,18,17.0,Nneka Ezeigbo,https://www.sports-reference.com/cbb/players/nneka-ezeigbo-1.html,robert-morris,2019-20
6,101,6,2019-11-27,Robert Morris,,Pitt.-Johnstown,REG (Non-Conf),W 63-30,*,17,3,7,.429,0,0,,3,7,.429,.429,4,4,1.000,3,3,6,3,2,0,0,1,10,13.0,Nneka Ezeigbo,https://www.sports-reference.com/cbb/players/nneka-ezeigbo-1.html,robert-morris,2019-20
7,102,7,2019-12-01,Robert Morris,,Xavier,REG (Non-Conf),W 71-57,*,24,6,11,.545,0,0,,6,11,.545,.545,4,4,1.000,6,4,10,1,1,0,0,4,16,16.2,Nneka Ezeigbo,https://www.sports-reference.com/cbb/players/nneka-ezeigbo-1.html,robert-morris,2019-20
8,103,8,2019-12-07,Robert Morris,,Delaware,REG (Non-Conf),L 62-73,*,37,1,5,.200,0,1,.000,1,4,.250,.200,5,10,.500,2,8,10,2,0,1,5,3,7,1.6,Nneka Ezeigbo,https://www.sports-reference.com/cbb/players/nneka-ezeigbo-1.html,robert-morris,2019-20
9,104,9,2019-12-15,Robert Morris,@,Rhode Island,REG (Non-Conf),L 59-71,*,32,8,19,.421,0,0,,8,19,.421,.421,4,6,.667,3,3,6,0,1,0,0,4,20,11.5,Nneka Ezeigbo,https://www.sports-reference.com/cbb/players/nneka-ezeigbo-1.html,robert-morris,2019-20
10,105,10,2019-12-18,Robert Morris,@,Norfolk State,REG (Non-Conf),W 69-62 (OT),*,34,6,17,.353,0,0,,6,17,.353,.353,3,6,.500,3,6,9,2,3,4,6,2,15,8.6,Nneka Ezeigbo,https://www.sports-reference.com/cbb/players/nneka-ezeigbo-1.html,robert-morris,2019-20
11,106,11,2019-12-29,Robert Morris,@,James Madison,REG (Non-Conf),L 32-59,*,22,4,15,.267,0,0,,4,15,.267,.267,3,4,.750,3,5,8,0,2,1,0,2,11,7.2,Nneka Ezeigbo,https://www.sports-reference.com/cbb/players/nneka-ezeigbo-1.html,robert-morris,2019-20
12,107,12,2020-01-02,Robert Morris,@,Central Connecticut State,REG (Conf),W 86-56,*,22,10,12,.833,0,0,,10,12,.833,.833,4,5,.800,5,1,6,1,6,1,2,1,24,28.0,Nneka Ezeigbo,https://www.sports-reference.com/cbb/players/nneka-ezeigbo-1.html,robert-morris,2019-20
13,108,13,2020-01-04,Robert Morris,@,Merrimack,REG (Conf),W 68-62,*,24,7,14,.500,0,0,,7,14,.500,.500,4,6,.667,5,4,9,0,3,0,2,3,18,14.7,Nneka Ezeigbo,https://www.sports-reference.com/cbb/players/nneka-ezeigbo-1.html,robert-morris,2019-20
14,109,14,2020-01-11,Robert Morris,,Wagner,REG (Conf),W 51-47,*,19,0,1,.000,0,0,,0,1,.000,.000,1,4,.250,2,5,7,0,1,0,4,2,1,-1.8,Nneka Ezeigbo,https://www.sports-reference.com/cbb/players/nneka-ezeigbo-1.html,robert-morris,2019-20
15,110,15,2020-01-13,Robert Morris,,St. Francis Brooklyn,REG (Conf),W 69-44,*,21,7,13,.538,0,0,,7,13,.538,.538,2,4,.500,4,6,10,0,1,1,0,1,16,14.8,Nneka Ezeigbo,https://www.sports-reference.com/cbb/players/nneka-ezeigbo-1.html,robert-morris,2019-20
16,111,16,2020-01-18,Robert Morris,,Merrimack,REG (Conf),W 72-50,*,18,5,13,.385,0,0,,5,13,.385,.385,3,3,1.000,3,5,8,1,1,0,1,2,13,9.4,Nneka Ezeigbo,https://www.sports-reference.com/cbb/players/nneka-ezeigbo-1.html,robert-morris,2019-20
17,112,17,2020-01-20,Robert Morris,,Sacred Heart,REG (Conf),W 73-43,*,23,9,17,.529,0,0,,9,17,.529,.529,6,6,1.000,4,4,8,0,2,2,1,2,24,21.3,Nneka Ezeigbo,https://www.sports-reference.com/cbb/players/nneka-ezeigbo-1.html,robert-morris,2019-20
18,113,18,2020-01-25,Robert Morris,@,LIU,REG (Conf),W 70-59,*,25,3,13,.231,0,0,,3,13,.231,.231,4,5,.800,4,4,8,1,2,2,2,3,10,6.6,Nneka Ezeigbo,https://www.sports-reference.com/cbb/players/nneka-ezeigbo-1.html,robert-morris,2019-20
19,114,19,2020-01-27,Robert Morris,@,St. Francis Brooklyn,REG (Conf),W 70-59,*,22,4,8,.500,0,0,,4,8,.500,.500,2,6,.333,3,5,8,0,1,0,4,3,10,3.8,Nneka Ezeigbo,https://www.sports-reference.com/cbb/players/nneka-ezeigbo-1.html,robert-morris,2019-20
20,115,20,2020-02-01,Robert Morris,,Central Connecticut State,REG (Conf),W 80-42,*,19,5,8,.625,0,0,,5,8,.625,.625,4,5,.800,3,6,9,1,1,0,1,2,14,13.8,Nneka Ezeigbo,https://www.sports-reference.com/cbb/players/nneka-ezeigbo-1.html,robert-morris,2019-20
21,116,21,2020-02-03,Robert Morris,,Bryant,REG (Conf),W 69-39,*,17,4,5,.800,0,0,,4,5,.800,.800,0,0,,2,4,6,1,3,2,1,2,8,12.0,Nneka Ezeigbo,https://www.sports-reference.com/cbb/players/nneka-ezeigbo-1.html,robert-morris,2019-20
22,117,22,2020-02-08,Robert Morris,@,Sacred Heart,REG (Conf),W 67-38,*,21,7,9,.778,0,0,,7,9,.778,.778,1,4,.250,3,8,11,0,1,0,1,1,15,14.4,Nneka Ezeigbo,https://www.sports-reference.com/cbb/players/nneka-ezeigbo-1.html,robert-morris,2019-20
23,118,23,2020-02-10,Robert Morris,@,Wagner,REG (Conf),W 77-35,*,9,3,3,1.000,0,0,,3,3,1.000,1.000,0,0,,2,1,3,0,0,0,1,3,6,4.6,Nneka Ezeigbo,https://www.sports-reference.com/cbb/players/nneka-ezeigbo-1.html,robert-morris,2019-20
24,119,24,2020-02-15,Robert Morris,,Fairleigh Dickinson,REG (Conf),W 53-35,*,35,10,13,.769,0,0,,10,13,.769,.769,6,10,.600,4,3,7,0,3,1,3,2,26,22.9,Nneka Ezeigbo,https://www.sports-reference.com/cbb/players/nneka-ezeigbo-1.html,robert-morris,2019-20
25,120,25,2020-02-17,Robert Morris,@,Saint Francis (PA),REG (Conf),W 66-57,*,22,6,9,.667,0,0,,6,9,.667,.667,4,6,.667,1,3,4,0,1,0,0,2,16,13.1,Nneka Ezeigbo,https://www.sports-reference.com/cbb/players/nneka-ezeigbo-1.html,robert-morris,2019-20
26,121,26,2020-02-21,Robert Morris,,Mount St. Mary's,REG (Conf),L 59-62,*,27,4,13,.308,0,0,,4,13,.308,.308,2,2,1.000,5,7,12,1,1,0,0,1,10,9.4,Nneka Ezeigbo,https://www.sports-reference.com/cbb/players/nneka-ezeigbo-1.html,robert-morris,2019-20
27,122,27,2020-02-23,Robert Morris,@,Fairleigh Dickinson,REG (Conf),W 48-35,*,24,1,8,.125,0,0,,1,8,.125,.125,0,0,,1,3,4,0,0,2,1,1,2,-1.6,Nneka Ezeigbo,https://www.sports-reference.com/cbb/players/nneka-ezeigbo-1.html,robert-morris,2019-20
28,123,28,2020-03-02,Robert Morris,@,Mount St. Mary's,REG (Conf),W 57-52,*,26,8,13,.615,0,0,,8,13,.615,.615,8,9,.889,5,6,11,0,0,1,2,2,24,20.9,Nneka Ezeigbo,https://www.sports-reference.com/cbb/players/nneka-ezeigbo-1.html,robert-morris,2019-20
29,124,29,2020-03-05,Robert Morris,,Saint Francis (PA),REG (Conf),W 62-29,*,20,4,12,.333,0,0,,4,12,.333,.333,3,6,.500,5,6,11,1,1,1,1,1,11,9.3,Nneka Ezeigbo,https://www.sports-reference.com/cbb/players/nneka-ezeigbo-1.html,robert-morris,2019-20
30,125,30,2020-03-09,Robert Morris,,Wagner,CTOURN,W 65-61 (OT),*,26,6,9,.667,0,0,,6,9,.667,.667,4,5,.800,5,7,12,0,2,2,7,1,16,13.3,Nneka Ezeigbo,https://www.sports-reference.com/cbb/players/nneka-ezeigbo-1.html,robert-morris,2019-20
