ranker,player_game_num_career,team_game_num_season,date,team_name_abbr,game_location,opp_name_abbr,game_type,game_result,is_starter,mp,fg,fga,fg_pct,fg3,fg3a,fg3_pct,fg2,fg2a,fg2_pct,efg_pct,ft,fta,ft_pct,orb,drb,trb,ast,stl,blk,tov,pf,pts,game_score,player_name,player_sr_link,school,season
1,1,2,2019-11-09,Robert Morris,@,La Salle,REG (Non-Conf),W 71-68 (OT),,0,0,0,,0,0,,0,0,,,0,0,,0,0,0,0,0,0,0,0,0,0.0,Trinity Papamandjaris,https://www.sports-reference.com/cbb/players/trinity-papamandjaris-1.html,robert-morris,2019-20
2,2,3,2019-11-13,Robert Morris,,Youngstown State,REG (Non-Conf),W 58-43,,1,0,0,,0,0,,0,0,,,0,0,,0,0,0,0,0,0,0,0,0,0.0,Trinity Papamandjaris,https://www.sports-reference.com/cbb/players/trinity-papamandjaris-1.html,robert-morris,2019-20
3,3,6,2019-11-27,Robert Morris,,Pitt.-Johnstown,REG (Non-Conf),W 63-30,,10,0,1,.000,0,0,,0,1,.000,.000,1,2,.500,0,2,2,0,1,0,1,3,1,-0.7,Trinity Papamandjaris,https://www.sports-reference.com/cbb/players/trinity-papamandjaris-1.html,robert-morris,2019-20
4,4,11,2019-12-29,Robert Morris,@,James Madison,REG (Non-Conf),L 32-59,,3,0,1,.000,0,1,.000,0,0,,.000,0,0,,0,1,1,0,0,0,0,0,0,-0.4,Trinity Papamandjaris,https://www.sports-reference.com/cbb/players/trinity-papamandjaris-1.html,robert-morris,2019-20
5,5,12,2020-01-02,Robert Morris,@,Central Connecticut State,REG (Conf),W 86-56,,3,0,0,,0,0,,0,0,,,0,0,,0,1,1,0,0,0,0,0,0,0.3,Trinity Papamandjaris,https://www.sports-reference.com/cbb/players/trinity-papamandjaris-1.html,robert-morris,2019-20
6,6,15,2020-01-13,Robert Morris,,St. Francis Brooklyn,REG (Conf),W 69-44,,3,0,0,,0,0,,0,0,,,0,0,,0,1,1,0,0,0,0,0,0,0.3,Trinity Papamandjaris,https://www.sports-reference.com/cbb/players/trinity-papamandjaris-1.html,robert-morris,2019-20
7,7,16,2020-01-18,Robert Morris,,Merrimack,REG (Conf),W 72-50,,3,2,2,1.000,0,0,,2,2,1.000,1.000,1,1,1.000,0,2,2,0,0,1,1,0,5,4.7,Trinity Papamandjaris,https://www.sports-reference.com/cbb/players/trinity-papamandjaris-1.html,robert-morris,2019-20
8,8,17,2020-01-20,Robert Morris,,Sacred Heart,REG (Conf),W 73-43,,4,0,2,.000,0,1,.000,0,1,.000,.000,0,0,,0,1,1,0,0,0,0,1,0,-1.5,Trinity Papamandjaris,https://www.sports-reference.com/cbb/players/trinity-papamandjaris-1.html,robert-morris,2019-20
9,9,20,2020-02-01,Robert Morris,,Central Connecticut State,REG (Conf),W 80-42,,3,0,0,,0,0,,0,0,,,0,0,,0,1,1,0,0,0,0,1,0,-0.1,Trinity Papamandjaris,https://www.sports-reference.com/cbb/players/trinity-papamandjaris-1.html,robert-morris,2019-20
10,10,21,2020-02-03,Robert Morris,,Bryant,REG (Conf),W 69-39,,3,0,0,,0,0,,0,0,,,1,2,.500,0,1,1,0,0,0,1,3,1,-1.3,Trinity Papamandjaris,https://www.sports-reference.com/cbb/players/trinity-papamandjaris-1.html,robert-morris,2019-20
11,11,22,2020-02-08,Robert Morris,@,Sacred Heart,REG (Conf),W 67-38,,3,0,1,.000,0,1,.000,0,0,,.000,0,0,,0,1,1,0,1,0,0,1,0,0.2,Trinity Papamandjaris,https://www.sports-reference.com/cbb/players/trinity-papamandjaris-1.html,robert-morris,2019-20
12,12,23,2020-02-10,Robert Morris,@,Wagner,REG (Conf),W 77-35,,4,0,0,,0,0,,0,0,,,0,0,,0,0,0,0,0,0,0,0,0,0.0,Trinity Papamandjaris,https://www.sports-reference.com/cbb/players/trinity-papamandjaris-1.html,robert-morris,2019-20
13,13,24,2020-02-15,Robert Morris,,Fairleigh Dickinson,REG (Conf),W 53-35,,2,0,1,.000,0,0,,0,1,.000,.000,0,0,,0,0,0,0,0,0,0,0,0,-0.7,Trinity Papamandjaris,https://www.sports-reference.com/cbb/players/trinity-papamandjaris-1.html,robert-morris,2019-20
14,14,29,2020-03-05,Robert Morris,,Saint Francis (PA),REG (Conf),W 62-29,,3,0,0,,0,0,,0,0,,,0,0,,0,0,0,0,0,0,0,0,0,0.0,Trinity Papamandjaris,https://www.sports-reference.com/cbb/players/trinity-papamandjaris-1.html,robert-morris,2019-20
