ranker,player_game_num_career,team_game_num_season,date,team_name_abbr,game_location,opp_name_abbr,game_type,game_result,is_starter,mp,fg,fga,fg_pct,fg3,fg3a,fg3_pct,fg2,fg2a,fg2_pct,efg_pct,ft,fta,ft_pct,orb,drb,trb,ast,stl,blk,tov,pf,pts,game_score,player_name,player_sr_link,school,season
1,20,11,2018-12-15,Stony Brook,,Wagner,REG (Non-Conf),W 70-45,,7,2,3,.667,1,1,1.000,1,2,.500,.833,1,2,.500,1,0,1,0,1,0,0,2,6,5.2,Chantz Cherry,https://www.sports-reference.com/cbb/players/chantz-cherry-1.html,stony-brook,2018-19
2,21,12,2018-12-18,Stony Brook,@,Toledo,REG (Non-Conf),L 48-80,,23,3,7,.429,0,0,,3,7,.429,.429,5,8,.625,1,1,2,4,0,0,3,1,11,6.5,Chantz Cherry,https://www.sports-reference.com/cbb/players/chantz-cherry-1.html,stony-brook,2018-19
3,22,13,2018-12-30,Stony Brook,,St. Francis Brooklyn,REG (Non-Conf),W 74-67,,7,1,1,1.000,0,0,,1,1,1.000,1.000,1,2,.500,0,0,0,2,0,1,1,0,3,3.4,Chantz Cherry,https://www.sports-reference.com/cbb/players/chantz-cherry-1.html,stony-brook,2018-19
4,23,14,2019-01-02,Stony Brook,,Hartford,REG (Conf),L 36-64,,16,0,6,.000,0,2,.000,0,4,.000,.000,2,4,.500,0,0,0,1,1,0,5,1,2,-6.7,Chantz Cherry,https://www.sports-reference.com/cbb/players/chantz-cherry-1.html,stony-brook,2018-19
5,24,15,2019-01-05,Stony Brook,,UMass Lowell,REG (Conf),W 76-56,,3,0,0,,0,0,,0,0,,,0,0,,0,1,1,2,0,0,0,2,0,0.9,Chantz Cherry,https://www.sports-reference.com/cbb/players/chantz-cherry-1.html,stony-brook,2018-19
6,25,16,2019-01-09,Stony Brook,@,Binghamton,REG (Conf),W 65-56,,10,0,1,.000,0,0,,0,1,.000,.000,0,0,,0,1,1,5,2,0,1,2,0,3.3,Chantz Cherry,https://www.sports-reference.com/cbb/players/chantz-cherry-1.html,stony-brook,2018-19
7,26,17,2019-01-12,Stony Brook,@,New Hampshire,REG (Conf),W 82-63,,11,0,1,.000,0,0,,0,1,.000,.000,0,0,,1,1,2,2,0,0,1,0,0,0.7,Chantz Cherry,https://www.sports-reference.com/cbb/players/chantz-cherry-1.html,stony-brook,2018-19
8,27,18,2019-01-19,Stony Brook,,Maine,REG (Conf),L 54-68,,13,1,4,.250,0,0,,1,4,.250,.250,0,0,,0,1,1,1,1,0,0,0,2,1.6,Chantz Cherry,https://www.sports-reference.com/cbb/players/chantz-cherry-1.html,stony-brook,2018-19
9,28,19,2019-01-23,Stony Brook,,Albany (NY),REG (Conf),L 49-54,,14,2,3,.667,0,0,,2,3,.667,.667,3,4,.750,1,0,1,1,1,0,1,3,7,5.5,Chantz Cherry,https://www.sports-reference.com/cbb/players/chantz-cherry-1.html,stony-brook,2018-19
10,29,20,2019-01-26,Stony Brook,@,Vermont,REG (Conf),W 67-61,*,10,0,0,,0,0,,0,0,,,0,2,.000,0,2,2,0,0,0,0,0,0,-0.2,Chantz Cherry,https://www.sports-reference.com/cbb/players/chantz-cherry-1.html,stony-brook,2018-19
11,30,24,2019-02-09,Stony Brook,@,UMass Lowell,REG (Conf),W 64-47,,7,0,2,.000,0,0,,0,2,.000,.000,2,2,1.000,1,1,2,1,0,0,1,1,2,0.9,Chantz Cherry,https://www.sports-reference.com/cbb/players/chantz-cherry-1.html,stony-brook,2018-19
12,31,25,2019-02-16,Stony Brook,,New Hampshire,REG (Conf),W 67-37,,11,2,2,1.000,0,0,,2,2,1.000,1.000,0,0,,0,1,1,1,1,0,2,3,4,2.2,Chantz Cherry,https://www.sports-reference.com/cbb/players/chantz-cherry-1.html,stony-brook,2018-19
13,32,26,2019-02-20,Stony Brook,@,Albany (NY),REG (Conf),W 68-52,,2,0,1,.000,0,0,,0,1,.000,.000,0,0,,0,0,0,0,0,0,0,0,0,-0.7,Chantz Cherry,https://www.sports-reference.com/cbb/players/chantz-cherry-1.html,stony-brook,2018-19
14,33,27,2019-02-24,Stony Brook,@,Maine,REG (Conf),L 61-71,,6,0,3,.000,0,1,.000,0,2,.000,.000,0,0,,0,1,1,0,1,0,1,0,0,-1.8,Chantz Cherry,https://www.sports-reference.com/cbb/players/chantz-cherry-1.html,stony-brook,2018-19
15,34,28,2019-02-27,Stony Brook,@,UMBC,REG (Conf),W 70-59,,8,0,0,,0,0,,0,0,,,0,0,,0,2,2,0,1,0,1,1,0,0.2,Chantz Cherry,https://www.sports-reference.com/cbb/players/chantz-cherry-1.html,stony-brook,2018-19
16,35,29,2019-03-02,Stony Brook,,Vermont,REG (Conf),W 58-48,,9,0,2,.000,0,0,,0,2,.000,.000,0,0,,0,3,3,2,0,0,0,1,0,0.5,Chantz Cherry,https://www.sports-reference.com/cbb/players/chantz-cherry-1.html,stony-brook,2018-19
17,36,31,2019-03-10,Stony Brook,@,Hartford,CTOURN,L 59-64,,19,0,1,.000,0,0,,0,1,.000,.000,0,0,,0,3,3,2,0,0,1,0,0,0.6,Chantz Cherry,https://www.sports-reference.com/cbb/players/chantz-cherry-1.html,stony-brook,2018-19
