ranker,player_game_num_career,team_game_num_season,date,team_name_abbr,game_location,opp_name_abbr,game_type,game_result,is_starter,mp,fg,fga,fg_pct,fg3,fg3a,fg3_pct,fg2,fg2a,fg2_pct,efg_pct,ft,fta,ft_pct,orb,drb,trb,ast,stl,blk,tov,pf,pts,game_score,player_name,player_sr_link,school,season
1,1,1,2018-11-09,Stony Brook,@,Rutgers,REG (Non-Conf),L 47-61,,0,0,0,,0,0,,0,0,,,0,0,,0,0,0,0,0,0,0,0,0,0.0,Courtney Furr,https://www.sports-reference.com/cbb/players/courtney-furr-1.html,stony-brook,2018-19
2,2,2,2018-11-13,Stony Brook,,Hofstra,REG (Non-Conf),W 77-49,,3,0,0,,0,0,,0,0,,,0,0,,0,0,0,0,0,0,0,0,0,0.0,Courtney Furr,https://www.sports-reference.com/cbb/players/courtney-furr-1.html,stony-brook,2018-19
3,3,3,2018-11-17,Stony Brook,@,Manhattan,REG (Non-Conf),W 79-48,,7,0,1,.000,0,0,,0,1,.000,.000,0,0,,0,0,0,0,0,0,0,0,0,-0.7,Courtney Furr,https://www.sports-reference.com/cbb/players/courtney-furr-1.html,stony-brook,2018-19
4,4,4,2018-11-20,Stony Brook,,Georgia Southern,REG (Non-Conf),W 72-43,,4,0,1,.000,0,1,.000,0,0,,.000,0,0,,0,0,0,1,0,0,0,0,0,0.0,Courtney Furr,https://www.sports-reference.com/cbb/players/courtney-furr-1.html,stony-brook,2018-19
5,5,6,2018-11-28,Stony Brook,,New Paltz,REG (Non-Conf),W 87-50,,21,2,7,.286,1,4,.250,1,3,.333,.357,2,2,1.000,0,0,0,2,1,2,2,2,7,3.9,Courtney Furr,https://www.sports-reference.com/cbb/players/courtney-furr-1.html,stony-brook,2018-19
6,6,9,2018-12-08,Stony Brook,,Fairleigh Dickinson,REG (Non-Conf),W 63-49,,5,0,0,,0,0,,0,0,,,0,0,,0,0,0,0,0,0,1,1,0,-1.4,Courtney Furr,https://www.sports-reference.com/cbb/players/courtney-furr-1.html,stony-brook,2018-19
7,7,10,2018-12-11,Stony Brook,@,Iona,REG (Non-Conf),W 53-51,,4,0,0,,0,0,,0,0,,,0,0,,0,0,0,0,0,0,0,0,0,0.0,Courtney Furr,https://www.sports-reference.com/cbb/players/courtney-furr-1.html,stony-brook,2018-19
8,8,11,2018-12-15,Stony Brook,,Wagner,REG (Non-Conf),W 70-45,,2,0,0,,0,0,,0,0,,,0,0,,0,0,0,1,0,0,0,2,0,-0.1,Courtney Furr,https://www.sports-reference.com/cbb/players/courtney-furr-1.html,stony-brook,2018-19
9,9,12,2018-12-18,Stony Brook,@,Toledo,REG (Non-Conf),L 48-80,,5,0,0,,0,0,,0,0,,,0,0,,0,0,0,0,0,0,0,0,0,0.0,Courtney Furr,https://www.sports-reference.com/cbb/players/courtney-furr-1.html,stony-brook,2018-19
10,10,14,2019-01-02,Stony Brook,,Hartford,REG (Conf),L 36-64,,2,0,0,,0,0,,0,0,,,0,0,,0,0,0,0,0,0,0,1,0,-0.4,Courtney Furr,https://www.sports-reference.com/cbb/players/courtney-furr-1.html,stony-brook,2018-19
11,11,17,2019-01-12,Stony Brook,@,New Hampshire,REG (Conf),W 82-63,,1,0,0,,0,0,,0,0,,,0,0,,0,0,0,0,0,0,0,0,0,0.0,Courtney Furr,https://www.sports-reference.com/cbb/players/courtney-furr-1.html,stony-brook,2018-19
12,12,21,2019-01-30,Stony Brook,,UMBC,REG (Conf),W 57-44,,2,0,0,,0,0,,0,0,,,0,0,,0,0,0,0,0,0,1,0,0,-1.0,Courtney Furr,https://www.sports-reference.com/cbb/players/courtney-furr-1.html,stony-brook,2018-19
13,13,25,2019-02-16,Stony Brook,,New Hampshire,REG (Conf),W 67-37,,2,0,0,,0,0,,0,0,,,0,0,,0,0,0,0,0,0,0,0,0,0.0,Courtney Furr,https://www.sports-reference.com/cbb/players/courtney-furr-1.html,stony-brook,2018-19
