ranker,player_game_num_career,team_game_num_season,date,team_name_abbr,game_location,opp_name_abbr,game_type,game_result,is_starter,mp,fg,fga,fg_pct,fg3,fg3a,fg3_pct,fg2,fg2a,fg2_pct,efg_pct,ft,fta,ft_pct,orb,drb,trb,ast,stl,blk,tov,pf,pts,game_score,player_name,player_sr_link,school,season
1,30,1,2018-11-09,Stony Brook,@,Rutgers,REG (Non-Conf),L 47-61,*,23,1,3,.333,1,2,.500,0,1,.000,.500,0,0,,1,0,1,2,0,0,0,2,3,2.6,Hailey Zeise,https://www.sports-reference.com/cbb/players/hailey-zeise-1.html,stony-brook,2018-19
2,31,2,2018-11-13,Stony Brook,,Hofstra,REG (Non-Conf),W 77-49,*,29,1,2,.500,0,1,.000,1,1,1.000,.500,0,1,.000,3,5,8,3,0,0,0,2,2,5.5,Hailey Zeise,https://www.sports-reference.com/cbb/players/hailey-zeise-1.html,stony-brook,2018-19
3,32,3,2018-11-17,Stony Brook,@,Manhattan,REG (Non-Conf),W 79-48,*,24,3,5,.600,1,2,.500,2,3,.667,.700,0,1,.000,0,0,0,4,0,0,2,2,7,4.3,Hailey Zeise,https://www.sports-reference.com/cbb/players/hailey-zeise-1.html,stony-brook,2018-19
4,33,4,2018-11-20,Stony Brook,,Georgia Southern,REG (Non-Conf),W 72-43,*,30,2,3,.667,1,2,.500,1,1,1.000,.833,0,0,,3,4,7,2,1,0,2,1,5,7.0,Hailey Zeise,https://www.sports-reference.com/cbb/players/hailey-zeise-1.html,stony-brook,2018-19
5,34,5,2018-11-25,Stony Brook,@,Penn State,REG (Non-Conf),W 81-70,*,40,0,2,.000,0,1,.000,0,1,.000,.000,2,2,1.000,4,2,6,3,3,0,3,3,2,4.9,Hailey Zeise,https://www.sports-reference.com/cbb/players/hailey-zeise-1.html,stony-brook,2018-19
6,35,6,2018-11-28,Stony Brook,,New Paltz,REG (Non-Conf),W 87-50,*,28,0,1,.000,0,1,.000,0,0,,.000,2,2,1.000,0,4,4,2,2,0,1,1,2,4.5,Hailey Zeise,https://www.sports-reference.com/cbb/players/hailey-zeise-1.html,stony-brook,2018-19
7,36,7,2018-12-01,Stony Brook,,Cornell,REG (Non-Conf),W 63-61,*,16,0,1,.000,0,1,.000,0,0,,.000,0,0,,1,1,2,1,1,0,2,5,0,-2.0,Hailey Zeise,https://www.sports-reference.com/cbb/players/hailey-zeise-1.html,stony-brook,2018-19
8,37,8,2018-12-04,Stony Brook,@,Sacred Heart,REG (Non-Conf),W 73-58,*,29,3,6,.500,2,5,.400,1,1,1.000,.667,0,0,,1,1,2,1,0,0,0,4,8,5.1,Hailey Zeise,https://www.sports-reference.com/cbb/players/hailey-zeise-1.html,stony-brook,2018-19
9,38,9,2018-12-08,Stony Brook,,Fairleigh Dickinson,REG (Non-Conf),W 63-49,*,26,4,8,.500,1,2,.500,3,6,.500,.563,0,0,,1,2,3,0,1,1,1,1,9,6.6,Hailey Zeise,https://www.sports-reference.com/cbb/players/hailey-zeise-1.html,stony-brook,2018-19
10,39,10,2018-12-11,Stony Brook,@,Iona,REG (Non-Conf),W 53-51,*,40,2,5,.400,1,3,.333,1,2,.500,.500,0,0,,0,2,2,1,1,0,3,4,5,0.0,Hailey Zeise,https://www.sports-reference.com/cbb/players/hailey-zeise-1.html,stony-brook,2018-19
11,40,11,2018-12-15,Stony Brook,,Wagner,REG (Non-Conf),W 70-45,*,28,2,4,.500,0,1,.000,2,3,.667,.500,1,2,.500,0,2,2,1,2,0,0,3,5,4.7,Hailey Zeise,https://www.sports-reference.com/cbb/players/hailey-zeise-1.html,stony-brook,2018-19
12,41,12,2018-12-18,Stony Brook,@,Toledo,REG (Non-Conf),L 48-80,*,35,0,3,.000,0,2,.000,0,1,.000,.000,0,0,,0,1,1,0,1,0,1,4,0,-3.4,Hailey Zeise,https://www.sports-reference.com/cbb/players/hailey-zeise-1.html,stony-brook,2018-19
13,42,13,2018-12-30,Stony Brook,,St. Francis Brooklyn,REG (Non-Conf),W 74-67,*,40,4,7,.571,2,3,.667,2,4,.500,.714,1,1,1.000,4,1,5,2,1,2,2,3,11,11.4,Hailey Zeise,https://www.sports-reference.com/cbb/players/hailey-zeise-1.html,stony-brook,2018-19
14,43,14,2019-01-02,Stony Brook,,Hartford,REG (Conf),L 36-64,*,25,2,7,.286,1,4,.250,1,3,.333,.357,0,0,,2,1,3,1,0,0,7,2,5,-4.5,Hailey Zeise,https://www.sports-reference.com/cbb/players/hailey-zeise-1.html,stony-brook,2018-19
15,44,15,2019-01-05,Stony Brook,,UMass Lowell,REG (Conf),W 76-56,*,40,2,2,1.000,1,1,1.000,1,1,1.000,1.250,0,2,.000,2,5,7,3,1,0,2,2,5,6.8,Hailey Zeise,https://www.sports-reference.com/cbb/players/hailey-zeise-1.html,stony-brook,2018-19
16,45,16,2019-01-09,Stony Brook,@,Binghamton,REG (Conf),W 65-56,*,40,1,5,.200,1,3,.333,0,2,.000,.300,0,0,,1,3,4,1,3,4,1,1,3,6.6,Hailey Zeise,https://www.sports-reference.com/cbb/players/hailey-zeise-1.html,stony-brook,2018-19
17,46,17,2019-01-12,Stony Brook,@,New Hampshire,REG (Conf),W 82-63,*,21,0,1,.000,0,1,.000,0,0,,.000,0,0,,0,2,2,2,1,0,1,3,0,0.1,Hailey Zeise,https://www.sports-reference.com/cbb/players/hailey-zeise-1.html,stony-brook,2018-19
18,47,18,2019-01-19,Stony Brook,,Maine,REG (Conf),L 54-68,*,40,2,4,.500,1,3,.333,1,1,1.000,.625,0,0,,0,6,6,4,2,0,0,1,5,9.2,Hailey Zeise,https://www.sports-reference.com/cbb/players/hailey-zeise-1.html,stony-brook,2018-19
19,48,19,2019-01-23,Stony Brook,,Albany (NY),REG (Conf),L 49-54,*,38,1,7,.143,1,3,.333,0,4,.000,.214,0,0,,1,3,4,2,5,1,0,3,3,6.0,Hailey Zeise,https://www.sports-reference.com/cbb/players/hailey-zeise-1.html,stony-brook,2018-19
20,49,20,2019-01-26,Stony Brook,@,Vermont,REG (Conf),W 67-61,*,25,0,3,.000,0,2,.000,0,1,.000,.000,2,2,1.000,1,3,4,0,0,2,0,4,2,1.3,Hailey Zeise,https://www.sports-reference.com/cbb/players/hailey-zeise-1.html,stony-brook,2018-19
21,50,21,2019-01-30,Stony Brook,,UMBC,REG (Conf),W 57-44,*,25,0,2,.000,0,0,,0,2,.000,.000,0,0,,2,3,5,0,0,0,1,2,0,-0.9,Hailey Zeise,https://www.sports-reference.com/cbb/players/hailey-zeise-1.html,stony-brook,2018-19
22,51,22,2019-02-02,Stony Brook,@,Hartford,REG (Conf),L 62-73,*,27,5,5,1.000,1,1,1.000,4,4,1.000,1.100,0,2,.000,2,4,6,1,2,1,1,3,11,12.5,Hailey Zeise,https://www.sports-reference.com/cbb/players/hailey-zeise-1.html,stony-brook,2018-19
23,52,23,2019-02-06,Stony Brook,,Binghamton,REG (Conf),W 68-53,*,33,1,5,.200,0,2,.000,1,3,.333,.200,0,0,,3,1,4,1,1,3,1,3,2,2.9,Hailey Zeise,https://www.sports-reference.com/cbb/players/hailey-zeise-1.html,stony-brook,2018-19
24,53,24,2019-02-09,Stony Brook,@,UMass Lowell,REG (Conf),W 64-47,*,23,2,4,.500,1,3,.333,1,1,1.000,.625,1,2,.500,2,1,3,3,2,0,1,4,6,6.8,Hailey Zeise,https://www.sports-reference.com/cbb/players/hailey-zeise-1.html,stony-brook,2018-19
25,54,25,2019-02-16,Stony Brook,,New Hampshire,REG (Conf),W 67-37,*,25,2,3,.667,0,0,,2,3,.667,.667,4,4,1.000,1,2,3,2,1,0,1,1,8,9.0,Hailey Zeise,https://www.sports-reference.com/cbb/players/hailey-zeise-1.html,stony-brook,2018-19
26,55,26,2019-02-20,Stony Brook,@,Albany (NY),REG (Conf),W 68-52,*,25,1,2,.500,0,1,.000,1,1,1.000,.500,0,0,,1,2,3,1,0,0,3,3,2,-1.2,Hailey Zeise,https://www.sports-reference.com/cbb/players/hailey-zeise-1.html,stony-brook,2018-19
27,56,27,2019-02-24,Stony Brook,@,Maine,REG (Conf),L 61-71,*,37,2,5,.400,0,2,.000,2,3,.667,.400,0,0,,1,3,4,3,0,0,1,2,4,3.2,Hailey Zeise,https://www.sports-reference.com/cbb/players/hailey-zeise-1.html,stony-brook,2018-19
28,57,28,2019-02-27,Stony Brook,@,UMBC,REG (Conf),W 70-59,,24,1,4,.250,1,2,.500,0,2,.000,.375,0,0,,1,2,3,1,0,0,2,2,3,-0.2,Hailey Zeise,https://www.sports-reference.com/cbb/players/hailey-zeise-1.html,stony-brook,2018-19
29,58,29,2019-03-02,Stony Brook,,Vermont,REG (Conf),W 58-48,*,31,1,2,.500,1,2,.500,0,0,,.750,0,0,,2,4,6,0,0,0,1,3,3,2.4,Hailey Zeise,https://www.sports-reference.com/cbb/players/hailey-zeise-1.html,stony-brook,2018-19
30,59,30,2019-03-06,Stony Brook,,Vermont,CTOURN,W 69-58,*,40,2,6,.333,1,4,.250,1,2,.500,.417,0,0,,2,5,7,2,1,0,2,1,5,4.5,Hailey Zeise,https://www.sports-reference.com/cbb/players/hailey-zeise-1.html,stony-brook,2018-19
31,60,31,2019-03-10,Stony Brook,@,Hartford,CTOURN,L 59-64,*,32,3,5,.600,3,3,1.000,0,2,.000,.900,2,2,1.000,4,4,8,1,1,0,4,3,11,9.2,Hailey Zeise,https://www.sports-reference.com/cbb/players/hailey-zeise-1.html,stony-brook,2018-19
