ranker,player_game_num_career,team_game_num_season,date,team_name_abbr,game_location,opp_name_abbr,game_type,game_result,is_starter,mp,fg,fga,fg_pct,fg3,fg3a,fg3_pct,fg2,fg2a,fg2_pct,efg_pct,ft,fta,ft_pct,orb,drb,trb,ast,stl,blk,tov,pf,pts,game_score,player_name,player_sr_link,school,season
1,61,1,2018-11-09,Stony Brook,@,Rutgers,REG (Non-Conf),L 47-61,*,33,2,9,.222,0,5,.000,2,4,.500,.222,2,2,1.000,1,0,1,0,0,0,1,3,6,-1.0,Jerell Matthews,https://www.sports-reference.com/cbb/players/jerell-matthews-1.html,stony-brook,2018-19
2,62,2,2018-11-13,Stony Brook,,Hofstra,REG (Non-Conf),W 77-49,*,30,7,14,.500,4,9,.444,3,5,.600,.643,2,2,1.000,1,5,6,4,1,1,5,1,20,14.3,Jerell Matthews,https://www.sports-reference.com/cbb/players/jerell-matthews-1.html,stony-brook,2018-19
3,63,3,2018-11-17,Stony Brook,@,Manhattan,REG (Non-Conf),W 79-48,*,22,2,5,.400,2,4,.500,0,1,.000,.600,5,6,.833,3,2,5,0,1,0,1,4,11,9.0,Jerell Matthews,https://www.sports-reference.com/cbb/players/jerell-matthews-1.html,stony-brook,2018-19
4,64,4,2018-11-20,Stony Brook,,Georgia Southern,REG (Non-Conf),W 72-43,*,31,10,15,.667,3,8,.375,7,7,1.000,.767,1,2,.500,5,1,6,2,4,2,3,1,24,24.3,Jerell Matthews,https://www.sports-reference.com/cbb/players/jerell-matthews-1.html,stony-brook,2018-19
5,65,5,2018-11-25,Stony Brook,@,Penn State,REG (Non-Conf),W 81-70,*,40,7,17,.412,2,9,.222,5,8,.625,.471,2,2,1.000,4,4,8,3,4,0,4,4,18,13.4,Jerell Matthews,https://www.sports-reference.com/cbb/players/jerell-matthews-1.html,stony-brook,2018-19
6,66,6,2018-11-28,Stony Brook,,New Paltz,REG (Non-Conf),W 87-50,*,30,6,14,.429,4,9,.444,2,5,.400,.571,0,0,,1,7,8,5,1,0,2,3,16,12.7,Jerell Matthews,https://www.sports-reference.com/cbb/players/jerell-matthews-1.html,stony-brook,2018-19
7,67,7,2018-12-01,Stony Brook,,Cornell,REG (Non-Conf),W 63-61,*,38,5,13,.385,3,11,.273,2,2,1.000,.500,2,4,.500,2,0,2,6,2,3,3,0,15,13.8,Jerell Matthews,https://www.sports-reference.com/cbb/players/jerell-matthews-1.html,stony-brook,2018-19
8,68,8,2018-12-04,Stony Brook,@,Sacred Heart,REG (Non-Conf),W 73-58,*,33,5,10,.500,3,5,.600,2,5,.400,.650,2,2,1.000,0,5,5,3,1,0,1,2,15,12.8,Jerell Matthews,https://www.sports-reference.com/cbb/players/jerell-matthews-1.html,stony-brook,2018-19
9,69,9,2018-12-08,Stony Brook,,Fairleigh Dickinson,REG (Non-Conf),W 63-49,*,29,4,7,.571,1,3,.333,3,4,.750,.643,3,4,.750,0,7,7,1,1,0,0,1,12,11.7,Jerell Matthews,https://www.sports-reference.com/cbb/players/jerell-matthews-1.html,stony-brook,2018-19
10,70,10,2018-12-11,Stony Brook,@,Iona,REG (Non-Conf),W 53-51,*,37,7,16,.438,4,9,.444,3,7,.429,.563,4,4,1.000,1,7,8,3,6,0,3,3,22,20.3,Jerell Matthews,https://www.sports-reference.com/cbb/players/jerell-matthews-1.html,stony-brook,2018-19
11,71,19,2019-01-23,Stony Brook,,Albany (NY),REG (Conf),L 49-54,*,40,5,19,.263,2,11,.182,3,8,.375,.316,2,2,1.000,2,5,7,4,1,1,1,0,14,9.1,Jerell Matthews,https://www.sports-reference.com/cbb/players/jerell-matthews-1.html,stony-brook,2018-19
12,72,20,2019-01-26,Stony Brook,@,Vermont,REG (Conf),W 67-61,*,34,5,10,.500,3,6,.500,2,4,.500,.650,6,8,.750,1,6,7,4,2,2,2,4,19,18.3,Jerell Matthews,https://www.sports-reference.com/cbb/players/jerell-matthews-1.html,stony-brook,2018-19
13,73,21,2019-01-30,Stony Brook,,UMBC,REG (Conf),W 57-44,*,31,5,14,.357,5,11,.455,0,3,.000,.536,2,2,1.000,1,2,3,2,3,0,2,2,17,12.1,Jerell Matthews,https://www.sports-reference.com/cbb/players/jerell-matthews-1.html,stony-brook,2018-19
14,74,22,2019-02-02,Stony Brook,@,Hartford,REG (Conf),L 62-73,*,39,7,12,.583,2,5,.400,5,7,.714,.667,0,1,.000,2,3,5,2,3,0,4,3,16,11.5,Jerell Matthews,https://www.sports-reference.com/cbb/players/jerell-matthews-1.html,stony-brook,2018-19
15,75,23,2019-02-06,Stony Brook,,Binghamton,REG (Conf),W 68-53,*,34,7,9,.778,6,8,.750,1,1,1.000,1.111,0,0,,2,5,7,1,0,2,6,2,20,14.7,Jerell Matthews,https://www.sports-reference.com/cbb/players/jerell-matthews-1.html,stony-brook,2018-19
16,76,24,2019-02-09,Stony Brook,@,UMass Lowell,REG (Conf),W 64-47,*,40,7,17,.412,3,12,.250,4,5,.800,.500,0,0,,0,7,7,1,4,1,2,2,17,12.6,Jerell Matthews,https://www.sports-reference.com/cbb/players/jerell-matthews-1.html,stony-brook,2018-19
17,77,25,2019-02-16,Stony Brook,,New Hampshire,REG (Conf),W 67-37,*,32,6,14,.429,2,8,.250,4,6,.667,.500,0,0,,2,4,6,2,2,1,2,1,14,10.9,Jerell Matthews,https://www.sports-reference.com/cbb/players/jerell-matthews-1.html,stony-brook,2018-19
18,78,26,2019-02-20,Stony Brook,@,Albany (NY),REG (Conf),W 68-52,*,38,4,4,1.000,3,3,1.000,1,1,1.000,1.375,6,6,1.000,0,1,1,5,3,2,2,1,17,21.6,Jerell Matthews,https://www.sports-reference.com/cbb/players/jerell-matthews-1.html,stony-brook,2018-19
19,79,27,2019-02-24,Stony Brook,@,Maine,REG (Conf),L 61-71,*,29,4,9,.444,2,4,.500,2,5,.400,.556,0,0,,0,2,2,0,1,0,3,4,10,2.3,Jerell Matthews,https://www.sports-reference.com/cbb/players/jerell-matthews-1.html,stony-brook,2018-19
20,80,28,2019-02-27,Stony Brook,@,UMBC,REG (Conf),W 70-59,*,39,5,12,.417,3,8,.375,2,4,.500,.542,3,4,.750,1,7,8,4,0,1,2,1,16,13.1,Jerell Matthews,https://www.sports-reference.com/cbb/players/jerell-matthews-1.html,stony-brook,2018-19
21,81,29,2019-03-02,Stony Brook,,Vermont,REG (Conf),W 58-48,*,32,6,14,.429,3,9,.333,3,5,.600,.536,1,2,.500,3,3,6,1,1,0,1,0,16,11.9,Jerell Matthews,https://www.sports-reference.com/cbb/players/jerell-matthews-1.html,stony-brook,2018-19
22,82,30,2019-03-06,Stony Brook,,Vermont,CTOURN,W 69-58,*,39,7,12,.583,6,10,.600,1,2,.500,.833,0,0,,0,8,8,0,1,0,0,3,20,16.6,Jerell Matthews,https://www.sports-reference.com/cbb/players/jerell-matthews-1.html,stony-brook,2018-19
23,83,31,2019-03-10,Stony Brook,@,Hartford,CTOURN,L 59-64,*,40,3,9,.333,2,6,.333,1,3,.333,.444,0,0,,1,9,10,3,1,1,9,4,8,-0.5,Jerell Matthews,https://www.sports-reference.com/cbb/players/jerell-matthews-1.html,stony-brook,2018-19
