ranker,player_game_num_career,team_game_num_season,date,team_name_abbr,game_location,opp_name_abbr,game_type,game_result,is_starter,mp,fg,fga,fg_pct,fg3,fg3a,fg2,fg2a,fg2_pct,efg_pct,ft,fta,ft_pct,orb,drb,trb,ast,stl,blk,tov,pf,pts,game_score,player_name,player_sr_link,school,season
1,26,1,2018-11-09,Stony Brook,@,Rutgers,REG (Non-Conf),L 47-61,,15,1,9,.111,0,0,1,9,.111,.111,0,1,.000,4,1,5,1,0,0,2,0,2,-2.5,Kina Smith,https://www.sports-reference.com/cbb/players/kina-smith-1.html,stony-brook,2018-19
2,27,2,2018-11-13,Stony Brook,,Hofstra,REG (Non-Conf),W 77-49,,9,2,3,.667,0,0,2,3,.667,.667,0,0,,0,4,4,1,0,0,1,2,4,2.8,Kina Smith,https://www.sports-reference.com/cbb/players/kina-smith-1.html,stony-brook,2018-19
3,28,3,2018-11-17,Stony Brook,@,Manhattan,REG (Non-Conf),W 79-48,,10,2,5,.400,0,0,2,5,.400,.400,0,0,,3,0,3,0,0,0,0,2,4,2.6,Kina Smith,https://www.sports-reference.com/cbb/players/kina-smith-1.html,stony-brook,2018-19
4,29,4,2018-11-20,Stony Brook,,Georgia Southern,REG (Non-Conf),W 72-43,,15,2,4,.500,0,0,2,4,.500,.500,0,2,.000,2,3,5,0,0,0,5,2,4,-2.3,Kina Smith,https://www.sports-reference.com/cbb/players/kina-smith-1.html,stony-brook,2018-19
5,30,5,2018-11-25,Stony Brook,@,Penn State,REG (Non-Conf),W 81-70,,15,2,2,1.000,0,0,2,2,1.000,1.000,2,4,.500,3,3,6,0,1,0,2,2,6,5.8,Kina Smith,https://www.sports-reference.com/cbb/players/kina-smith-1.html,stony-brook,2018-19
6,31,6,2018-11-28,Stony Brook,,New Paltz,REG (Non-Conf),W 87-50,,11,1,4,.250,0,0,1,4,.250,.250,1,2,.500,5,2,7,0,0,0,1,0,3,3.3,Kina Smith,https://www.sports-reference.com/cbb/players/kina-smith-1.html,stony-brook,2018-19
7,32,7,2018-12-01,Stony Brook,,Cornell,REG (Non-Conf),W 63-61,,11,2,4,.500,0,0,2,4,.500,.500,0,2,.000,1,1,2,0,0,0,1,1,4,0.8,Kina Smith,https://www.sports-reference.com/cbb/players/kina-smith-1.html,stony-brook,2018-19
8,33,8,2018-12-04,Stony Brook,@,Sacred Heart,REG (Non-Conf),W 73-58,,17,2,2,1.000,0,0,2,2,1.000,1.000,0,0,,0,4,4,1,0,0,3,3,4,1.1,Kina Smith,https://www.sports-reference.com/cbb/players/kina-smith-1.html,stony-brook,2018-19
9,34,9,2018-12-08,Stony Brook,,Fairleigh Dickinson,REG (Non-Conf),W 63-49,,12,1,6,.167,0,0,1,6,.167,.167,2,2,1.000,1,0,1,0,0,0,2,0,4,-1.1,Kina Smith,https://www.sports-reference.com/cbb/players/kina-smith-1.html,stony-brook,2018-19
10,35,10,2018-12-11,Stony Brook,@,Iona,REG (Non-Conf),W 53-51,*,25,2,4,.500,0,0,2,4,.500,.500,1,3,.333,4,3,7,2,0,0,2,1,5,4.9,Kina Smith,https://www.sports-reference.com/cbb/players/kina-smith-1.html,stony-brook,2018-19
11,36,11,2018-12-15,Stony Brook,,Wagner,REG (Non-Conf),W 70-45,,3,1,2,.500,0,0,1,2,.500,.500,0,0,,1,0,1,0,0,0,1,1,2,0.3,Kina Smith,https://www.sports-reference.com/cbb/players/kina-smith-1.html,stony-brook,2018-19
12,37,12,2018-12-18,Stony Brook,@,Toledo,REG (Non-Conf),L 48-80,,8,1,2,.500,0,0,1,2,.500,.500,0,0,,0,1,1,0,0,0,1,3,2,-0.9,Kina Smith,https://www.sports-reference.com/cbb/players/kina-smith-1.html,stony-brook,2018-19
13,38,14,2019-01-02,Stony Brook,,Hartford,REG (Conf),L 36-64,,11,1,2,.500,0,0,1,2,.500,.500,1,2,.500,4,0,4,0,1,0,1,1,3,4.0,Kina Smith,https://www.sports-reference.com/cbb/players/kina-smith-1.html,stony-brook,2018-19
14,39,15,2019-01-05,Stony Brook,,UMass Lowell,REG (Conf),W 76-56,,4,1,2,.500,0,0,1,2,.500,.500,0,0,,1,0,1,0,0,0,0,1,2,1.3,Kina Smith,https://www.sports-reference.com/cbb/players/kina-smith-1.html,stony-brook,2018-19
15,40,16,2019-01-09,Stony Brook,@,Binghamton,REG (Conf),W 65-56,,6,0,4,.000,0,0,0,4,.000,.000,0,0,,2,0,2,0,0,0,0,0,0,-1.4,Kina Smith,https://www.sports-reference.com/cbb/players/kina-smith-1.html,stony-brook,2018-19
16,41,19,2019-01-23,Stony Brook,,Albany (NY),REG (Conf),L 49-54,,14,1,3,.333,0,0,1,3,.333,.333,0,0,,0,2,2,0,0,1,1,2,2,-0.2,Kina Smith,https://www.sports-reference.com/cbb/players/kina-smith-1.html,stony-brook,2018-19
17,42,20,2019-01-26,Stony Brook,@,Vermont,REG (Conf),W 67-61,,4,0,1,.000,0,0,0,1,.000,.000,0,0,,0,1,1,1,0,0,1,1,0,-1.1,Kina Smith,https://www.sports-reference.com/cbb/players/kina-smith-1.html,stony-brook,2018-19
18,43,21,2019-01-30,Stony Brook,,UMBC,REG (Conf),W 57-44,,7,1,5,.200,0,0,1,5,.200,.200,0,0,,2,0,2,1,0,0,1,1,2,-0.4,Kina Smith,https://www.sports-reference.com/cbb/players/kina-smith-1.html,stony-brook,2018-19
19,44,22,2019-02-02,Stony Brook,@,Hartford,REG (Conf),L 62-73,,4,0,1,.000,0,0,0,1,.000,.000,0,0,,1,2,3,0,0,0,1,0,0,-0.4,Kina Smith,https://www.sports-reference.com/cbb/players/kina-smith-1.html,stony-brook,2018-19
20,45,23,2019-02-06,Stony Brook,,Binghamton,REG (Conf),W 68-53,,4,0,0,,0,0,0,0,,,0,0,,0,0,0,0,0,0,1,0,0,-1.0,Kina Smith,https://www.sports-reference.com/cbb/players/kina-smith-1.html,stony-brook,2018-19
21,46,24,2019-02-09,Stony Brook,@,UMass Lowell,REG (Conf),W 64-47,,3,0,1,.000,0,0,0,1,.000,.000,2,2,1.000,0,0,0,0,0,0,0,0,2,1.3,Kina Smith,https://www.sports-reference.com/cbb/players/kina-smith-1.html,stony-brook,2018-19
22,47,25,2019-02-16,Stony Brook,,New Hampshire,REG (Conf),W 67-37,,10,2,2,1.000,0,0,2,2,1.000,1.000,0,1,.000,1,1,2,0,1,0,0,0,4,5.0,Kina Smith,https://www.sports-reference.com/cbb/players/kina-smith-1.html,stony-brook,2018-19
23,48,26,2019-02-20,Stony Brook,@,Albany (NY),REG (Conf),W 68-52,,19,0,2,.000,0,0,0,2,.000,.000,0,0,,2,1,3,0,2,0,3,5,0,-2.7,Kina Smith,https://www.sports-reference.com/cbb/players/kina-smith-1.html,stony-brook,2018-19
24,49,27,2019-02-24,Stony Brook,@,Maine,REG (Conf),L 61-71,,5,1,1,1.000,0,0,1,1,1.000,1.000,0,0,,0,0,0,1,0,0,0,0,2,2.4,Kina Smith,https://www.sports-reference.com/cbb/players/kina-smith-1.html,stony-brook,2018-19
25,50,28,2019-02-27,Stony Brook,@,UMBC,REG (Conf),W 70-59,,16,3,4,.750,0,0,3,4,.750,.750,0,0,,0,4,4,0,1,0,1,1,6,5.2,Kina Smith,https://www.sports-reference.com/cbb/players/kina-smith-1.html,stony-brook,2018-19
26,51,29,2019-03-02,Stony Brook,,Vermont,REG (Conf),W 58-48,,19,1,8,.125,0,0,1,8,.125,.125,2,2,1.000,3,6,9,2,1,0,0,0,4,5.1,Kina Smith,https://www.sports-reference.com/cbb/players/kina-smith-1.html,stony-brook,2018-19
27,52,30,2019-03-06,Stony Brook,,Vermont,CTOURN,W 69-58,,9,0,4,.000,0,0,0,4,.000,.000,0,0,,3,0,3,0,0,0,0,3,0,-1.9,Kina Smith,https://www.sports-reference.com/cbb/players/kina-smith-1.html,stony-brook,2018-19
