ranker,player_game_num_career,team_game_num_season,date,team_name_abbr,game_location,opp_name_abbr,game_type,game_result,is_starter,mp,fg,fga,fg_pct,fg3,fg3a,fg2,fg2a,fg2_pct,efg_pct,ft,fta,ft_pct,orb,drb,trb,ast,stl,blk,tov,pf,pts,game_score,player_name,player_sr_link,school,season
1,5,1,2018-11-09,Stony Brook,@,Rutgers,REG (Non-Conf),L 47-61,,21,0,2,.000,0,0,0,2,.000,.000,0,0,,2,2,4,0,0,0,1,2,0,-1.2,Kyra Dixon,https://www.sports-reference.com/cbb/players/kyra-dixon-1.html,stony-brook,2018-19
2,6,2,2018-11-13,Stony Brook,,Hofstra,REG (Non-Conf),W 77-49,,5,0,1,.000,0,0,0,1,.000,.000,0,0,,2,1,3,0,0,0,2,1,0,-1.4,Kyra Dixon,https://www.sports-reference.com/cbb/players/kyra-dixon-1.html,stony-brook,2018-19
3,7,3,2018-11-17,Stony Brook,@,Manhattan,REG (Non-Conf),W 79-48,,15,0,1,.000,0,0,0,1,.000,.000,0,0,,0,1,1,0,0,0,1,0,0,-1.4,Kyra Dixon,https://www.sports-reference.com/cbb/players/kyra-dixon-1.html,stony-brook,2018-19
4,8,4,2018-11-20,Stony Brook,,Georgia Southern,REG (Non-Conf),W 72-43,,5,0,1,.000,0,0,0,1,.000,.000,0,2,.000,0,2,2,0,1,0,0,1,0,-0.3,Kyra Dixon,https://www.sports-reference.com/cbb/players/kyra-dixon-1.html,stony-brook,2018-19
5,9,5,2018-11-25,Stony Brook,@,Penn State,REG (Non-Conf),W 81-70,,2,0,0,,0,0,0,0,,,0,0,,0,0,0,0,0,0,0,0,0,0.0,Kyra Dixon,https://www.sports-reference.com/cbb/players/kyra-dixon-1.html,stony-brook,2018-19
6,10,6,2018-11-28,Stony Brook,,New Paltz,REG (Non-Conf),W 87-50,,6,2,2,1.000,0,0,2,2,1.000,1.000,0,0,,0,1,1,0,0,0,1,0,4,2.7,Kyra Dixon,https://www.sports-reference.com/cbb/players/kyra-dixon-1.html,stony-brook,2018-19
7,11,9,2018-12-08,Stony Brook,,Fairleigh Dickinson,REG (Non-Conf),W 63-49,,5,0,0,,0,0,0,0,,,0,0,,0,1,1,0,0,0,1,2,0,-1.5,Kyra Dixon,https://www.sports-reference.com/cbb/players/kyra-dixon-1.html,stony-brook,2018-19
8,12,11,2018-12-15,Stony Brook,,Wagner,REG (Non-Conf),W 70-45,,3,1,1,1.000,0,0,1,1,1.000,1.000,0,0,,1,0,1,0,0,0,0,0,2,2.4,Kyra Dixon,https://www.sports-reference.com/cbb/players/kyra-dixon-1.html,stony-brook,2018-19
9,13,12,2018-12-18,Stony Brook,@,Toledo,REG (Non-Conf),L 48-80,,2,0,1,.000,0,0,0,1,.000,.000,0,0,,1,0,1,0,0,0,0,0,0,0.0,Kyra Dixon,https://www.sports-reference.com/cbb/players/kyra-dixon-1.html,stony-brook,2018-19
10,14,14,2019-01-02,Stony Brook,,Hartford,REG (Conf),L 36-64,,8,0,3,.000,0,0,0,3,.000,.000,0,0,,0,0,0,0,0,0,0,0,0,-2.1,Kyra Dixon,https://www.sports-reference.com/cbb/players/kyra-dixon-1.html,stony-brook,2018-19
11,15,17,2019-01-12,Stony Brook,@,New Hampshire,REG (Conf),W 82-63,,1,0,0,,0,0,0,0,,,0,0,,0,0,0,0,0,0,1,0,0,-1.0,Kyra Dixon,https://www.sports-reference.com/cbb/players/kyra-dixon-1.html,stony-brook,2018-19
12,16,21,2019-01-30,Stony Brook,,UMBC,REG (Conf),W 57-44,,6,1,1,1.000,0,0,1,1,1.000,1.000,0,0,,0,0,0,0,1,0,1,2,2,0.9,Kyra Dixon,https://www.sports-reference.com/cbb/players/kyra-dixon-1.html,stony-brook,2018-19
13,17,25,2019-02-16,Stony Brook,,New Hampshire,REG (Conf),W 67-37,,10,0,1,.000,0,0,0,1,.000,.000,0,0,,0,2,2,0,0,0,0,0,0,-0.1,Kyra Dixon,https://www.sports-reference.com/cbb/players/kyra-dixon-1.html,stony-brook,2018-19
