ranker,player_game_num_career,team_game_num_season,date,team_name_abbr,game_location,opp_name_abbr,game_type,game_result,is_starter,mp,fg,fga,fg_pct,fg3,fg3a,fg3_pct,fg2,fg2a,fg2_pct,efg_pct,ft,fta,ft_pct,orb,drb,trb,ast,stl,blk,tov,pf,pts,game_score,player_name,player_sr_link,school,season
1,27,1,2018-11-09,Stony Brook,@,Rutgers,REG (Non-Conf),L 47-61,*,17,1,3,.333,1,1,1.000,0,2,.000,.500,0,0,,1,1,2,0,2,2,1,1,3,4.3,Oksana Gouchie-Provencher,https://www.sports-reference.com/cbb/players/oksana-gouchie-provencher-1.html,stony-brook,2018-19
2,28,2,2018-11-13,Stony Brook,,Hofstra,REG (Non-Conf),W 77-49,*,19,1,4,.250,0,2,.000,1,2,.500,.250,0,0,,3,1,4,0,1,3,0,1,2,4.7,Oksana Gouchie-Provencher,https://www.sports-reference.com/cbb/players/oksana-gouchie-provencher-1.html,stony-brook,2018-19
3,29,3,2018-11-17,Stony Brook,@,Manhattan,REG (Non-Conf),W 79-48,*,22,4,6,.667,0,1,.000,4,5,.800,.667,0,0,,1,2,3,1,2,0,1,0,8,8.4,Oksana Gouchie-Provencher,https://www.sports-reference.com/cbb/players/oksana-gouchie-provencher-1.html,stony-brook,2018-19
4,30,4,2018-11-20,Stony Brook,,Georgia Southern,REG (Non-Conf),W 72-43,*,26,4,9,.444,0,1,.000,4,8,.500,.444,1,1,1.000,3,1,4,0,0,1,1,1,9,6.0,Oksana Gouchie-Provencher,https://www.sports-reference.com/cbb/players/oksana-gouchie-provencher-1.html,stony-brook,2018-19
5,31,5,2018-11-25,Stony Brook,@,Penn State,REG (Non-Conf),W 81-70,*,11,1,5,.200,1,2,.500,0,3,.000,.300,0,0,,1,1,2,0,1,0,2,4,3,-1.7,Oksana Gouchie-Provencher,https://www.sports-reference.com/cbb/players/oksana-gouchie-provencher-1.html,stony-brook,2018-19
6,32,6,2018-11-28,Stony Brook,,New Paltz,REG (Non-Conf),W 87-50,*,21,6,7,.857,2,3,.667,4,4,1.000,1.000,0,1,.000,3,2,5,1,0,1,3,0,14,12.2,Oksana Gouchie-Provencher,https://www.sports-reference.com/cbb/players/oksana-gouchie-provencher-1.html,stony-brook,2018-19
7,33,7,2018-12-01,Stony Brook,,Cornell,REG (Non-Conf),W 63-61,*,18,1,5,.200,0,1,.000,1,4,.250,.200,3,4,.750,3,4,7,0,0,1,1,2,5,3.7,Oksana Gouchie-Provencher,https://www.sports-reference.com/cbb/players/oksana-gouchie-provencher-1.html,stony-brook,2018-19
8,34,8,2018-12-04,Stony Brook,@,Sacred Heart,REG (Non-Conf),W 73-58,*,14,1,5,.200,0,2,.000,1,3,.333,.200,3,4,.750,1,1,2,2,0,1,0,4,5,3.0,Oksana Gouchie-Provencher,https://www.sports-reference.com/cbb/players/oksana-gouchie-provencher-1.html,stony-brook,2018-19
9,35,9,2018-12-08,Stony Brook,,Fairleigh Dickinson,REG (Non-Conf),W 63-49,*,20,2,7,.286,0,0,,2,7,.286,.286,1,2,.500,2,1,3,3,0,0,2,1,5,1.9,Oksana Gouchie-Provencher,https://www.sports-reference.com/cbb/players/oksana-gouchie-provencher-1.html,stony-brook,2018-19
10,36,10,2018-12-11,Stony Brook,@,Iona,REG (Non-Conf),W 53-51,*,32,2,5,.400,0,0,,2,5,.400,.400,0,2,.000,1,5,6,2,1,3,2,1,4,4.8,Oksana Gouchie-Provencher,https://www.sports-reference.com/cbb/players/oksana-gouchie-provencher-1.html,stony-brook,2018-19
11,37,11,2018-12-15,Stony Brook,,Wagner,REG (Non-Conf),W 70-45,*,23,3,7,.429,1,3,.333,2,4,.500,.500,3,3,1.000,3,4,7,1,2,5,3,1,10,12.4,Oksana Gouchie-Provencher,https://www.sports-reference.com/cbb/players/oksana-gouchie-provencher-1.html,stony-brook,2018-19
12,38,12,2018-12-18,Stony Brook,@,Toledo,REG (Non-Conf),L 48-80,*,33,5,11,.455,3,5,.600,2,6,.333,.591,0,2,.000,3,2,5,3,1,4,2,2,13,12.3,Oksana Gouchie-Provencher,https://www.sports-reference.com/cbb/players/oksana-gouchie-provencher-1.html,stony-brook,2018-19
13,39,13,2018-12-30,Stony Brook,,St. Francis Brooklyn,REG (Non-Conf),W 74-67,*,30,2,12,.167,0,3,.000,2,9,.222,.167,0,0,,3,7,10,1,1,2,0,3,4,2.5,Oksana Gouchie-Provencher,https://www.sports-reference.com/cbb/players/oksana-gouchie-provencher-1.html,stony-brook,2018-19
14,40,14,2019-01-02,Stony Brook,,Hartford,REG (Conf),L 36-64,*,13,0,1,.000,0,1,.000,0,0,,.000,0,0,,1,1,2,0,1,0,1,0,0,0.3,Oksana Gouchie-Provencher,https://www.sports-reference.com/cbb/players/oksana-gouchie-provencher-1.html,stony-brook,2018-19
15,41,15,2019-01-05,Stony Brook,,UMass Lowell,REG (Conf),W 76-56,*,29,4,8,.500,1,3,.333,3,5,.600,.563,0,0,,2,4,6,3,0,1,0,0,9,10.4,Oksana Gouchie-Provencher,https://www.sports-reference.com/cbb/players/oksana-gouchie-provencher-1.html,stony-brook,2018-19
16,42,16,2019-01-09,Stony Brook,@,Binghamton,REG (Conf),W 65-56,*,28,3,9,.333,0,2,.000,3,7,.429,.333,0,1,.000,3,2,5,2,1,1,2,2,6,3.5,Oksana Gouchie-Provencher,https://www.sports-reference.com/cbb/players/oksana-gouchie-provencher-1.html,stony-brook,2018-19
17,43,17,2019-01-12,Stony Brook,@,New Hampshire,REG (Conf),W 82-63,*,34,13,19,.684,2,2,1.000,11,17,.647,.737,1,3,.333,2,7,9,1,0,1,2,1,29,22.6,Oksana Gouchie-Provencher,https://www.sports-reference.com/cbb/players/oksana-gouchie-provencher-1.html,stony-brook,2018-19
18,44,18,2019-01-19,Stony Brook,,Maine,REG (Conf),L 54-68,*,32,6,10,.600,2,3,.667,4,7,.571,.700,1,2,.500,1,3,4,2,1,0,4,2,15,9.2,Oksana Gouchie-Provencher,https://www.sports-reference.com/cbb/players/oksana-gouchie-provencher-1.html,stony-brook,2018-19
19,45,19,2019-01-23,Stony Brook,,Albany (NY),REG (Conf),L 49-54,*,14,0,2,.000,0,1,.000,0,1,.000,.000,0,0,,1,2,3,0,0,2,2,2,0,-1.5,Oksana Gouchie-Provencher,https://www.sports-reference.com/cbb/players/oksana-gouchie-provencher-1.html,stony-brook,2018-19
20,46,20,2019-01-26,Stony Brook,@,Vermont,REG (Conf),W 67-61,*,25,6,11,.545,0,2,.000,6,9,.667,.545,0,0,,1,4,5,1,1,1,2,4,12,7.4,Oksana Gouchie-Provencher,https://www.sports-reference.com/cbb/players/oksana-gouchie-provencher-1.html,stony-brook,2018-19
21,47,21,2019-01-30,Stony Brook,,UMBC,REG (Conf),W 57-44,*,25,2,6,.333,1,4,.250,1,2,.500,.417,0,0,,1,2,3,0,0,1,2,2,5,0.8,Oksana Gouchie-Provencher,https://www.sports-reference.com/cbb/players/oksana-gouchie-provencher-1.html,stony-brook,2018-19
22,48,22,2019-02-02,Stony Brook,@,Hartford,REG (Conf),L 62-73,*,23,2,8,.250,1,4,.250,1,4,.250,.313,4,4,1.000,5,3,8,0,0,0,3,0,9,5.6,Oksana Gouchie-Provencher,https://www.sports-reference.com/cbb/players/oksana-gouchie-provencher-1.html,stony-brook,2018-19
23,49,23,2019-02-06,Stony Brook,,Binghamton,REG (Conf),W 68-53,*,14,0,3,.000,0,2,.000,0,1,.000,.000,0,0,,1,0,1,1,0,1,0,0,0,0.0,Oksana Gouchie-Provencher,https://www.sports-reference.com/cbb/players/oksana-gouchie-provencher-1.html,stony-brook,2018-19
24,50,24,2019-02-09,Stony Brook,@,UMass Lowell,REG (Conf),W 64-47,*,28,4,5,.800,1,1,1.000,3,4,.750,.900,1,1,1.000,3,1,4,1,0,1,0,2,10,11.1,Oksana Gouchie-Provencher,https://www.sports-reference.com/cbb/players/oksana-gouchie-provencher-1.html,stony-brook,2018-19
25,51,25,2019-02-16,Stony Brook,,New Hampshire,REG (Conf),W 67-37,*,17,0,3,.000,0,0,,0,3,.000,.000,0,0,,2,3,5,1,0,3,0,0,0,3.0,Oksana Gouchie-Provencher,https://www.sports-reference.com/cbb/players/oksana-gouchie-provencher-1.html,stony-brook,2018-19
26,52,26,2019-02-20,Stony Brook,@,Albany (NY),REG (Conf),W 68-52,*,20,3,4,.750,2,2,1.000,1,2,.500,1.000,0,0,,0,3,3,2,0,3,0,2,8,10.0,Oksana Gouchie-Provencher,https://www.sports-reference.com/cbb/players/oksana-gouchie-provencher-1.html,stony-brook,2018-19
27,53,27,2019-02-24,Stony Brook,@,Maine,REG (Conf),L 61-71,*,28,4,4,1.000,1,1,1.000,3,3,1.000,1.125,0,0,,0,1,1,0,0,1,0,3,9,7.6,Oksana Gouchie-Provencher,https://www.sports-reference.com/cbb/players/oksana-gouchie-provencher-1.html,stony-brook,2018-19
28,54,28,2019-02-27,Stony Brook,@,UMBC,REG (Conf),W 70-59,*,17,1,3,.333,1,1,1.000,0,2,.000,.500,2,2,1.000,1,2,3,1,0,1,2,3,5,2.8,Oksana Gouchie-Provencher,https://www.sports-reference.com/cbb/players/oksana-gouchie-provencher-1.html,stony-brook,2018-19
29,55,29,2019-03-02,Stony Brook,,Vermont,REG (Conf),W 58-48,*,19,1,7,.143,1,3,.333,0,4,.000,.214,0,0,,2,2,4,1,0,1,1,4,3,-0.7,Oksana Gouchie-Provencher,https://www.sports-reference.com/cbb/players/oksana-gouchie-provencher-1.html,stony-brook,2018-19
30,56,30,2019-03-06,Stony Brook,,Vermont,CTOURN,W 69-58,*,26,2,7,.286,1,5,.200,1,2,.500,.357,2,2,1.000,2,2,4,0,0,1,3,0,7,2.6,Oksana Gouchie-Provencher,https://www.sports-reference.com/cbb/players/oksana-gouchie-provencher-1.html,stony-brook,2018-19
31,57,31,2019-03-10,Stony Brook,@,Hartford,CTOURN,L 59-64,*,21,2,7,.286,0,3,.000,2,4,.500,.286,4,4,1.000,4,0,4,1,0,0,0,1,8,7.0,Oksana Gouchie-Provencher,https://www.sports-reference.com/cbb/players/oksana-gouchie-provencher-1.html,stony-brook,2018-19
