ranker,player_game_num_career,team_game_num_season,date,team_name_abbr,game_location,opp_name_abbr,game_type,game_result,is_starter,mp,fg,fga,fg_pct,fg3,fg3a,fg3_pct,fg2,fg2a,fg2_pct,efg_pct,ft,fta,ft_pct,orb,drb,trb,ast,stl,blk,tov,pf,pts,game_score,player_name,player_sr_link,school,season
1,31,1,2018-11-09,Stony Brook,@,Rutgers,REG (Non-Conf),L 47-61,*,40,5,16,.313,3,10,.300,2,6,.333,.406,2,2,1.000,0,3,3,5,6,0,7,1,15,8.8,Shania Johnson,https://www.sports-reference.com/cbb/players/shania-johnson-1.html,stony-brook,2018-19
2,32,2,2018-11-13,Stony Brook,,Hofstra,REG (Non-Conf),W 77-49,*,34,6,15,.400,2,8,.250,4,7,.571,.467,0,1,.000,2,3,5,10,0,0,3,1,14,11.4,Shania Johnson,https://www.sports-reference.com/cbb/players/shania-johnson-1.html,stony-brook,2018-19
3,33,3,2018-11-17,Stony Brook,@,Manhattan,REG (Non-Conf),W 79-48,*,32,7,12,.583,4,7,.571,3,5,.600,.750,5,6,.833,3,3,6,7,3,0,1,2,23,26.1,Shania Johnson,https://www.sports-reference.com/cbb/players/shania-johnson-1.html,stony-brook,2018-19
4,34,4,2018-11-20,Stony Brook,,Georgia Southern,REG (Non-Conf),W 72-43,*,32,5,15,.333,2,9,.222,3,6,.500,.400,0,0,,0,5,5,13,3,0,1,2,12,15.3,Shania Johnson,https://www.sports-reference.com/cbb/players/shania-johnson-1.html,stony-brook,2018-19
5,35,5,2018-11-25,Stony Brook,@,Penn State,REG (Non-Conf),W 81-70,*,40,8,24,.333,6,14,.429,2,10,.200,.458,3,3,1.000,2,2,4,9,1,0,2,3,25,17.5,Shania Johnson,https://www.sports-reference.com/cbb/players/shania-johnson-1.html,stony-brook,2018-19
6,36,6,2018-11-28,Stony Brook,,New Paltz,REG (Non-Conf),W 87-50,*,40,7,18,.389,3,10,.300,4,8,.500,.472,0,0,,0,4,4,15,3,0,3,1,17,18.5,Shania Johnson,https://www.sports-reference.com/cbb/players/shania-johnson-1.html,stony-brook,2018-19
7,37,7,2018-12-01,Stony Brook,,Cornell,REG (Non-Conf),W 63-61,*,40,6,13,.462,5,9,.556,1,4,.250,.654,0,0,,0,4,4,6,3,0,4,1,17,14.3,Shania Johnson,https://www.sports-reference.com/cbb/players/shania-johnson-1.html,stony-brook,2018-19
8,38,8,2018-12-04,Stony Brook,@,Sacred Heart,REG (Non-Conf),W 73-58,*,33,6,16,.375,4,9,.444,2,7,.286,.500,0,0,,1,4,5,12,2,0,8,3,16,10.3,Shania Johnson,https://www.sports-reference.com/cbb/players/shania-johnson-1.html,stony-brook,2018-19
9,39,9,2018-12-08,Stony Brook,,Fairleigh Dickinson,REG (Non-Conf),W 63-49,*,33,5,9,.556,2,4,.500,3,5,.600,.667,0,0,,1,3,4,10,0,0,1,1,12,14.9,Shania Johnson,https://www.sports-reference.com/cbb/players/shania-johnson-1.html,stony-brook,2018-19
10,40,10,2018-12-11,Stony Brook,@,Iona,REG (Non-Conf),W 53-51,*,28,4,14,.286,3,8,.375,1,6,.167,.393,2,2,1.000,4,2,6,3,0,0,3,0,13,7.3,Shania Johnson,https://www.sports-reference.com/cbb/players/shania-johnson-1.html,stony-brook,2018-19
11,41,11,2018-12-15,Stony Brook,,Wagner,REG (Non-Conf),W 70-45,*,37,5,16,.313,4,13,.308,1,3,.333,.438,4,4,1.000,0,1,1,8,4,0,6,0,18,12.7,Shania Johnson,https://www.sports-reference.com/cbb/players/shania-johnson-1.html,stony-brook,2018-19
12,42,12,2018-12-18,Stony Brook,@,Toledo,REG (Non-Conf),L 48-80,*,35,4,11,.364,2,7,.286,2,4,.500,.455,0,0,,0,0,0,1,2,1,6,0,10,1.3,Shania Johnson,https://www.sports-reference.com/cbb/players/shania-johnson-1.html,stony-brook,2018-19
13,43,13,2018-12-30,Stony Brook,,St. Francis Brooklyn,REG (Non-Conf),W 74-67,*,37,10,25,.400,3,11,.273,7,14,.500,.460,5,6,.833,3,4,7,8,2,0,1,3,28,22.8,Shania Johnson,https://www.sports-reference.com/cbb/players/shania-johnson-1.html,stony-brook,2018-19
14,44,14,2019-01-02,Stony Brook,,Hartford,REG (Conf),L 36-64,*,32,1,10,.100,0,8,.000,1,2,.500,.100,1,2,.500,3,1,4,3,2,0,5,3,3,-3.7,Shania Johnson,https://www.sports-reference.com/cbb/players/shania-johnson-1.html,stony-brook,2018-19
15,45,15,2019-01-05,Stony Brook,,UMass Lowell,REG (Conf),W 76-56,*,40,10,20,.500,6,14,.429,4,6,.667,.650,2,2,1.000,1,4,5,11,4,0,4,1,28,27.2,Shania Johnson,https://www.sports-reference.com/cbb/players/shania-johnson-1.html,stony-brook,2018-19
16,46,16,2019-01-09,Stony Brook,@,Binghamton,REG (Conf),W 65-56,*,39,9,23,.391,7,17,.412,2,6,.333,.543,1,2,.500,2,5,7,6,5,0,2,1,26,22.8,Shania Johnson,https://www.sports-reference.com/cbb/players/shania-johnson-1.html,stony-brook,2018-19
17,47,17,2019-01-12,Stony Brook,@,New Hampshire,REG (Conf),W 82-63,*,38,4,9,.444,2,5,.400,2,4,.500,.556,6,7,.857,1,4,5,12,3,0,3,2,16,20.4,Shania Johnson,https://www.sports-reference.com/cbb/players/shania-johnson-1.html,stony-brook,2018-19
18,48,18,2019-01-19,Stony Brook,,Maine,REG (Conf),L 54-68,*,40,4,15,.267,2,9,.222,2,6,.333,.333,0,0,,1,3,4,8,0,0,1,1,10,6.9,Shania Johnson,https://www.sports-reference.com/cbb/players/shania-johnson-1.html,stony-brook,2018-19
19,49,19,2019-01-23,Stony Brook,,Albany (NY),REG (Conf),L 49-54,*,26,2,9,.222,1,4,.250,1,5,.200,.278,1,2,.500,0,4,4,3,1,0,4,2,6,-0.4,Shania Johnson,https://www.sports-reference.com/cbb/players/shania-johnson-1.html,stony-brook,2018-19
20,50,21,2019-01-30,Stony Brook,,UMBC,REG (Conf),W 57-44,*,36,6,15,.400,4,10,.400,2,5,.400,.533,1,1,1.000,0,5,5,9,1,0,2,0,17,15.7,Shania Johnson,https://www.sports-reference.com/cbb/players/shania-johnson-1.html,stony-brook,2018-19
21,51,22,2019-02-02,Stony Brook,@,Hartford,REG (Conf),L 62-73,*,40,4,14,.286,3,10,.300,1,4,.250,.393,0,0,,1,0,1,8,2,0,8,1,11,2.7,Shania Johnson,https://www.sports-reference.com/cbb/players/shania-johnson-1.html,stony-brook,2018-19
22,52,23,2019-02-06,Stony Brook,,Binghamton,REG (Conf),W 68-53,*,40,6,22,.273,3,13,.231,3,9,.333,.341,8,8,1.000,1,3,4,9,6,0,4,1,23,19.5,Shania Johnson,https://www.sports-reference.com/cbb/players/shania-johnson-1.html,stony-brook,2018-19
23,53,24,2019-02-09,Stony Brook,@,UMass Lowell,REG (Conf),W 64-47,*,39,3,14,.214,3,9,.333,0,5,.000,.321,1,2,.500,0,2,2,9,1,0,1,1,10,7.5,Shania Johnson,https://www.sports-reference.com/cbb/players/shania-johnson-1.html,stony-brook,2018-19
24,54,25,2019-02-16,Stony Brook,,New Hampshire,REG (Conf),W 67-37,*,34,5,15,.333,2,6,.333,3,9,.333,.400,5,6,.833,1,4,5,2,4,0,4,0,17,11.4,Shania Johnson,https://www.sports-reference.com/cbb/players/shania-johnson-1.html,stony-brook,2018-19
25,55,26,2019-02-20,Stony Brook,@,Albany (NY),REG (Conf),W 68-52,*,40,9,19,.474,6,11,.545,3,8,.375,.632,2,2,1.000,0,4,4,5,4,0,4,0,26,21.0,Shania Johnson,https://www.sports-reference.com/cbb/players/shania-johnson-1.html,stony-brook,2018-19
26,56,27,2019-02-24,Stony Brook,@,Maine,REG (Conf),L 61-71,*,40,12,27,.444,3,10,.300,9,17,.529,.500,1,1,1.000,3,4,7,5,2,0,3,2,28,18.9,Shania Johnson,https://www.sports-reference.com/cbb/players/shania-johnson-1.html,stony-brook,2018-19
27,57,28,2019-02-27,Stony Brook,@,UMBC,REG (Conf),W 70-59,*,38,5,17,.294,4,12,.333,1,5,.200,.412,2,4,.500,1,3,4,7,6,0,4,0,16,13.8,Shania Johnson,https://www.sports-reference.com/cbb/players/shania-johnson-1.html,stony-brook,2018-19
28,58,29,2019-03-02,Stony Brook,,Vermont,REG (Conf),W 58-48,*,33,4,18,.222,2,10,.200,2,8,.250,.278,3,5,.600,0,5,5,4,1,0,3,1,13,3.1,Shania Johnson,https://www.sports-reference.com/cbb/players/shania-johnson-1.html,stony-brook,2018-19
29,59,30,2019-03-06,Stony Brook,,Vermont,CTOURN,W 69-58,*,40,4,15,.267,3,9,.333,1,6,.167,.367,3,6,.500,1,3,4,16,2,0,1,1,14,17.3,Shania Johnson,https://www.sports-reference.com/cbb/players/shania-johnson-1.html,stony-brook,2018-19
30,60,31,2019-03-10,Stony Brook,@,Hartford,CTOURN,L 59-64,*,40,5,16,.313,2,9,.222,3,7,.429,.375,0,0,,1,3,4,4,0,0,2,4,12,3.6,Shania Johnson,https://www.sports-reference.com/cbb/players/shania-johnson-1.html,stony-brook,2018-19
