ranker,player_game_num_career,team_game_num_season,date,team_name_abbr,game_location,opp_name_abbr,game_type,game_result,is_starter,mp,fg,fga,fg_pct,fg3,fg3a,fg2,fg2a,fg2_pct,efg_pct,ft,fta,ft_pct,orb,drb,trb,ast,stl,blk,tov,pf,pts,game_score,player_name,player_sr_link,school,season
1,21,1,2022-11-07,George Mason,,Maryland,REG (Non-Conf),L 51-88,,7,1,1,1.000,0,0,1,1,1.000,1.000,0,0,,0,0,0,0,0,0,1,0,2,0.7,Angelee Rodriguez,https://www.sports-reference.com/cbb/players/angelee-rodriguez-1.html,george-mason,2022-23
2,22,2,2022-11-10,George Mason,@,Robert Morris,REG (Non-Conf),L 52-53,,3,0,0,,0,0,0,0,,,0,0,,0,0,0,0,0,0,0,0,0,0.0,Angelee Rodriguez,https://www.sports-reference.com/cbb/players/angelee-rodriguez-1.html,george-mason,2022-23
3,23,3,2022-11-12,George Mason,@,Pittsburgh,REG (Non-Conf),L 45-63,,1,0,0,,0,0,0,0,,,0,0,,0,0,0,0,0,0,0,0,0,0.0,Angelee Rodriguez,https://www.sports-reference.com/cbb/players/angelee-rodriguez-1.html,george-mason,2022-23
4,24,4,2022-11-16,George Mason,,Charleston Southern,REG (Non-Conf),W 74-34,,9,1,2,.500,0,0,1,2,.500,.500,2,4,.500,1,3,4,0,0,0,0,2,4,3.0,Angelee Rodriguez,https://www.sports-reference.com/cbb/players/angelee-rodriguez-1.html,george-mason,2022-23
5,25,6,2022-11-21,George Mason,,William & Mary,REG (Non-Conf),W 71-61,,2,1,1,1.000,0,0,1,1,1.000,1.000,0,0,,0,0,0,0,0,0,0,0,2,1.7,Angelee Rodriguez,https://www.sports-reference.com/cbb/players/angelee-rodriguez-1.html,george-mason,2022-23
6,26,7,2022-11-24,George Mason,N,Louisiana State,REG (Non-Conf),L 52-80,,2,0,0,,0,0,0,0,,,0,0,,0,0,0,0,0,0,0,1,0,-0.4,Angelee Rodriguez,https://www.sports-reference.com/cbb/players/angelee-rodriguez-1.html,george-mason,2022-23
7,27,9,2022-12-01,George Mason,,East Carolina,REG (Non-Conf),W 54-41,,1,1,1,1.000,0,0,1,1,1.000,1.000,0,0,,1,0,1,0,0,0,0,1,2,2.0,Angelee Rodriguez,https://www.sports-reference.com/cbb/players/angelee-rodriguez-1.html,george-mason,2022-23
8,28,10,2022-12-03,George Mason,,American,REG (Non-Conf),W 71-59,,1,0,0,,0,0,0,0,,,0,0,,0,0,0,0,0,0,0,0,0,0.0,Angelee Rodriguez,https://www.sports-reference.com/cbb/players/angelee-rodriguez-1.html,george-mason,2022-23
