ranker,player_game_num_career,team_game_num_season,date,team_name_abbr,game_location,opp_name_abbr,game_type,game_result,is_starter,mp,fg,fga,fg_pct,fg3,fg3a,fg3_pct,fg2,fg2a,fg2_pct,efg_pct,ft,fta,ft_pct,orb,drb,trb,ast,stl,blk,tov,pf,pts,game_score,player_name,player_sr_link,school,season
1,63,1,2022-11-07,George Mason,,Maryland,REG (Non-Conf),L 51-88,*,19,2,12,.167,1,7,.143,1,5,.200,.208,0,0,,0,2,2,1,0,0,0,1,5,-1.7,Tamia Lawhorne,https://www.sports-reference.com/cbb/players/tamia-lawhorne-1.html,george-mason,2022-23
2,64,2,2022-11-10,George Mason,@,Robert Morris,REG (Non-Conf),L 52-53,*,20,0,3,.000,0,1,.000,0,2,.000,.000,0,0,,1,3,4,0,0,0,3,2,0,-4.3,Tamia Lawhorne,https://www.sports-reference.com/cbb/players/tamia-lawhorne-1.html,george-mason,2022-23
3,65,3,2022-11-12,George Mason,@,Pittsburgh,REG (Non-Conf),L 45-63,,15,1,5,.200,0,2,.000,1,3,.333,.200,0,0,,0,2,2,1,0,1,2,0,2,-1.1,Tamia Lawhorne,https://www.sports-reference.com/cbb/players/tamia-lawhorne-1.html,george-mason,2022-23
4,66,4,2022-11-16,George Mason,,Charleston Southern,REG (Non-Conf),W 74-34,,15,1,4,.250,0,1,.000,1,3,.333,.250,0,1,.000,1,1,2,0,1,0,1,1,2,-0.2,Tamia Lawhorne,https://www.sports-reference.com/cbb/players/tamia-lawhorne-1.html,george-mason,2022-23
5,67,5,2022-11-19,George Mason,,Loyola (MD),REG (Non-Conf),W 66-58,,21,5,8,.625,4,6,.667,1,2,.500,.875,3,4,.750,1,1,2,1,0,0,2,0,17,12.7,Tamia Lawhorne,https://www.sports-reference.com/cbb/players/tamia-lawhorne-1.html,george-mason,2022-23
6,68,6,2022-11-21,George Mason,,William & Mary,REG (Non-Conf),W 71-61,,22,6,11,.545,3,7,.429,3,4,.750,.682,0,0,,0,5,5,4,1,0,0,1,15,14.6,Tamia Lawhorne,https://www.sports-reference.com/cbb/players/tamia-lawhorne-1.html,george-mason,2022-23
7,69,7,2022-11-24,George Mason,N,Louisiana State,REG (Non-Conf),L 52-80,,28,4,21,.190,2,12,.167,2,9,.222,.238,0,2,.000,1,1,2,0,1,0,6,3,10,-9.1,Tamia Lawhorne,https://www.sports-reference.com/cbb/players/tamia-lawhorne-1.html,george-mason,2022-23
8,70,8,2022-11-25,George Mason,N,UAB,REG (Non-Conf),L 74-83,,9,2,6,.333,1,4,.250,1,2,.500,.417,0,0,,1,0,1,0,2,0,2,5,5,0.3,Tamia Lawhorne,https://www.sports-reference.com/cbb/players/tamia-lawhorne-1.html,george-mason,2022-23
9,71,9,2022-12-01,George Mason,,East Carolina,REG (Non-Conf),W 54-41,,19,0,4,.000,0,3,.000,0,1,.000,.000,0,0,,1,4,5,0,0,0,1,2,0,-2.7,Tamia Lawhorne,https://www.sports-reference.com/cbb/players/tamia-lawhorne-1.html,george-mason,2022-23
10,72,10,2022-12-03,George Mason,,American,REG (Non-Conf),W 71-59,,18,3,7,.429,0,3,.000,3,4,.750,.429,0,0,,1,3,4,1,2,0,1,2,6,4.8,Tamia Lawhorne,https://www.sports-reference.com/cbb/players/tamia-lawhorne-1.html,george-mason,2022-23
11,73,11,2022-12-17,George Mason,,Coppin State,REG (Non-Conf),W 59-51,,9,0,2,.000,0,1,.000,0,1,.000,.000,0,0,,0,2,2,0,0,0,1,0,0,-1.8,Tamia Lawhorne,https://www.sports-reference.com/cbb/players/tamia-lawhorne-1.html,george-mason,2022-23
12,74,12,2022-12-19,George Mason,@,Florida International,REG (Non-Conf),W 72-64,,18,2,9,.222,1,5,.200,1,4,.250,.278,2,4,.500,0,3,3,0,0,0,0,0,7,1.6,Tamia Lawhorne,https://www.sports-reference.com/cbb/players/tamia-lawhorne-1.html,george-mason,2022-23
13,75,13,2022-12-20,George Mason,N,Stephen F. Austin,REG (Non-Conf),L 62-90,,14,3,8,.375,1,3,.333,2,5,.400,.438,0,1,.000,2,0,2,0,1,0,1,3,7,2.4,Tamia Lawhorne,https://www.sports-reference.com/cbb/players/tamia-lawhorne-1.html,george-mason,2022-23
14,76,14,2023-01-01,George Mason,,Dayton,REG (Conf),L 66-71,,11,0,4,.000,0,2,.000,0,2,.000,.000,0,0,,1,0,1,0,0,0,0,2,0,-2.9,Tamia Lawhorne,https://www.sports-reference.com/cbb/players/tamia-lawhorne-1.html,george-mason,2022-23
15,77,15,2023-01-05,George Mason,@,St. Bonaventure,REG (Conf),W 49-45,,8,1,5,.200,0,2,.000,1,3,.333,.200,0,0,,2,1,3,0,0,0,3,1,2,-2.8,Tamia Lawhorne,https://www.sports-reference.com/cbb/players/tamia-lawhorne-1.html,george-mason,2022-23
16,78,16,2023-01-08,George Mason,,Duquesne,REG (Conf),W 61-45,,24,5,12,.417,3,10,.300,2,2,1.000,.542,2,2,1.000,2,4,6,0,1,0,1,1,15,10.8,Tamia Lawhorne,https://www.sports-reference.com/cbb/players/tamia-lawhorne-1.html,george-mason,2022-23
17,79,17,2023-01-11,George Mason,@,La Salle,REG (Conf),L 62-69,*,28,4,11,.364,4,9,.444,0,2,.000,.545,2,2,1.000,1,1,2,0,1,0,3,2,14,6.1,Tamia Lawhorne,https://www.sports-reference.com/cbb/players/tamia-lawhorne-1.html,george-mason,2022-23
18,80,18,2023-01-14,George Mason,@,VCU,REG (Conf),L 45-55,*,15,1,4,.250,0,2,.000,1,2,.500,.250,0,0,,0,1,1,0,0,0,2,0,2,-2.1,Tamia Lawhorne,https://www.sports-reference.com/cbb/players/tamia-lawhorne-1.html,george-mason,2022-23
19,81,19,2023-01-16,George Mason,,George Washington,REG (Conf),W 67-57,,6,0,1,.000,0,1,.000,0,0,,.000,0,0,,0,0,0,0,0,0,0,0,0,-0.7,Tamia Lawhorne,https://www.sports-reference.com/cbb/players/tamia-lawhorne-1.html,george-mason,2022-23
20,82,20,2023-01-21,George Mason,@,Richmond,REG (Conf),L 58-73,,20,1,8,.125,0,4,.000,1,4,.250,.125,1,1,1.000,0,3,3,0,2,0,0,3,3,-0.5,Tamia Lawhorne,https://www.sports-reference.com/cbb/players/tamia-lawhorne-1.html,george-mason,2022-23
21,83,21,2023-01-25,George Mason,,Rhode Island,REG (Conf),L 53-57,,25,3,7,.429,3,6,.500,0,1,.000,.643,2,4,.500,2,1,3,0,1,2,3,1,11,7.2,Tamia Lawhorne,https://www.sports-reference.com/cbb/players/tamia-lawhorne-1.html,george-mason,2022-23
22,84,22,2023-01-28,George Mason,,Davidson,REG (Conf),W 62-58 (OT),,16,2,3,.667,2,3,.667,0,0,,1.000,0,0,,0,2,2,0,0,0,2,1,6,2.9,Tamia Lawhorne,https://www.sports-reference.com/cbb/players/tamia-lawhorne-1.html,george-mason,2022-23
23,85,24,2023-02-05,George Mason,@,George Washington,REG (Conf),L 39-58,,12,1,4,.250,1,4,.250,0,0,,.375,0,0,,0,2,2,0,0,0,1,0,3,0.2,Tamia Lawhorne,https://www.sports-reference.com/cbb/players/tamia-lawhorne-1.html,george-mason,2022-23
24,86,25,2023-02-08,George Mason,,St. Bonaventure,REG (Conf),W 65-51,,6,0,4,.000,0,2,.000,0,2,.000,.000,1,2,.500,0,0,0,0,0,0,0,0,1,-2.2,Tamia Lawhorne,https://www.sports-reference.com/cbb/players/tamia-lawhorne-1.html,george-mason,2022-23
25,87,27,2023-02-15,George Mason,@,Loyola Chicago,REG (Conf),W 80-63,,15,6,10,.600,4,7,.571,2,3,.667,.800,0,0,,2,3,5,1,0,0,1,3,16,12.2,Tamia Lawhorne,https://www.sports-reference.com/cbb/players/tamia-lawhorne-1.html,george-mason,2022-23
26,88,28,2023-02-19,George Mason,@,Fordham,REG (Conf),W 74-63,,7,0,4,.000,0,3,.000,0,1,.000,.000,0,0,,0,2,2,0,0,0,0,0,0,-2.2,Tamia Lawhorne,https://www.sports-reference.com/cbb/players/tamia-lawhorne-1.html,george-mason,2022-23
27,89,29,2023-02-22,George Mason,,Saint Joseph's,REG (Conf),W 65-60,,9,2,3,.667,1,2,.500,1,1,1.000,.833,0,0,,0,1,1,0,0,0,0,0,5,4.0,Tamia Lawhorne,https://www.sports-reference.com/cbb/players/tamia-lawhorne-1.html,george-mason,2022-23
28,90,30,2023-03-02,George Mason,N,La Salle,CTOURN,W 64-58,,17,3,8,.375,1,5,.200,2,3,.667,.438,4,5,.800,0,2,2,0,2,0,2,0,11,6.8,Tamia Lawhorne,https://www.sports-reference.com/cbb/players/tamia-lawhorne-1.html,george-mason,2022-23
29,91,31,2023-03-03,George Mason,N,Massachusetts,CTOURN,L 50-63,,8,0,3,.000,0,2,.000,0,1,.000,.000,0,0,,0,1,1,0,0,0,1,0,0,-2.8,Tamia Lawhorne,https://www.sports-reference.com/cbb/players/tamia-lawhorne-1.html,george-mason,2022-23
