ranker,player_game_num_career,team_game_num_season,date,team_name_abbr,game_location,opp_name_abbr,game_type,game_result,is_starter,mp,fg,fga,fg_pct,fg3,fg3a,fg3_pct,fg2,fg2a,fg2_pct,efg_pct,ft,fta,ft_pct,orb,drb,trb,ast,stl,blk,tov,pf,pts,game_score,player_name,player_sr_link,school,season
1,19,1,2020-11-25,Omaha,@,Iowa State,REG (Non-Conf),L 43-69,,16,1,6,.167,0,1,.000,1,5,.200,.167,0,0,,1,2,3,0,0,2,0,0,2,0.9,Abby Johnson,https://www.sports-reference.com/cbb/players/abby-johnson-2.html,nebraska-omaha,2020-21
2,20,2,2020-11-29,Omaha,@,Northern Colorado,REG (Non-Conf),W 66-64,,6,0,4,.000,0,1,.000,0,3,.000,.000,0,0,,0,0,0,0,0,0,0,2,0,-3.6,Abby Johnson,https://www.sports-reference.com/cbb/players/abby-johnson-2.html,nebraska-omaha,2020-21
3,21,3,2020-12-06,Omaha,@,Illinois,REG (Non-Conf),L 50-53,,6,0,1,.000,0,0,,0,1,.000,.000,0,0,,0,0,0,0,0,0,0,1,0,-1.1,Abby Johnson,https://www.sports-reference.com/cbb/players/abby-johnson-2.html,nebraska-omaha,2020-21
4,22,5,2020-12-17,Omaha,@,Illinois State,REG (Non-Conf),L 38-69,,13,1,4,.250,1,2,.500,0,2,.000,.375,2,2,1.000,0,3,3,0,0,2,0,0,5,4.9,Abby Johnson,https://www.sports-reference.com/cbb/players/abby-johnson-2.html,nebraska-omaha,2020-21
5,23,6,2021-01-08,Omaha,@,North Dakota State,REG (Conf),L 53-62,,10,0,2,.000,0,1,.000,0,1,.000,.000,0,0,,0,0,0,0,0,2,0,0,0,0.0,Abby Johnson,https://www.sports-reference.com/cbb/players/abby-johnson-2.html,nebraska-omaha,2020-21
6,24,7,2021-01-09,Omaha,@,North Dakota State,REG (Conf),L 55-66,,13,1,1,1.000,0,0,,1,1,1.000,1.000,0,0,,0,1,1,1,0,0,0,2,2,1.9,Abby Johnson,https://www.sports-reference.com/cbb/players/abby-johnson-2.html,nebraska-omaha,2020-21
7,25,9,2021-01-16,Omaha,,South Dakota State,REG (Conf),L 54-64,,2,1,1,1.000,0,0,,1,1,1.000,1.000,0,0,,0,0,0,0,0,0,0,1,2,1.3,Abby Johnson,https://www.sports-reference.com/cbb/players/abby-johnson-2.html,nebraska-omaha,2020-21
8,26,15,2021-02-20,Omaha,,North Dakota,REG (Conf),W 75-72,,6,1,2,.500,1,2,.500,0,0,,.750,0,0,,0,0,0,0,0,0,0,0,3,2.0,Abby Johnson,https://www.sports-reference.com/cbb/players/abby-johnson-2.html,nebraska-omaha,2020-21
9,27,17,2021-02-27,Omaha,@,Denver,REG (Conf),W 80-75,,3,0,0,,0,0,,0,0,,,0,2,.000,0,1,1,0,0,0,0,0,0,-0.5,Abby Johnson,https://www.sports-reference.com/cbb/players/abby-johnson-2.html,nebraska-omaha,2020-21
10,28,19,2021-03-08,Omaha,@,Western Illinois,CTOURN,W 69-55,,3,0,0,,0,0,,0,0,,,0,0,,0,1,1,0,0,0,0,0,0,0.3,Abby Johnson,https://www.sports-reference.com/cbb/players/abby-johnson-2.html,nebraska-omaha,2020-21
11,29,20,2021-03-09,Omaha,@,South Dakota,CTOURN,L 43-66,,4,1,1,1.000,1,1,1.000,0,0,,1.500,0,0,,0,1,1,0,0,0,0,0,3,3.0,Abby Johnson,https://www.sports-reference.com/cbb/players/abby-johnson-2.html,nebraska-omaha,2020-21
