ranker,player_game_num_career,team_game_num_season,date,team_name_abbr,game_location,opp_name_abbr,game_type,game_result,is_starter,mp,fg,fga,fg_pct,fg3,fg3a,fg3_pct,fg2,fg2a,fg2_pct,efg_pct,ft,fta,orb,drb,trb,ast,stl,blk,tov,pf,pts,game_score,player_name,player_sr_link,school,season
1,27,1,2020-11-25,Omaha,@,Iowa State,REG (Non-Conf),L 43-69,,20,1,6,.167,0,4,.000,1,2,.500,.167,0,0,1,2,3,0,0,0,0,0,2,-0.5,Akili Felici,https://www.sports-reference.com/cbb/players/akili-felici-1.html,nebraska-omaha,2020-21
2,28,2,2020-11-29,Omaha,@,Northern Colorado,REG (Non-Conf),W 66-64,,9,1,3,.333,1,3,.333,0,0,,.500,0,0,0,0,0,0,0,0,0,2,3,0.5,Akili Felici,https://www.sports-reference.com/cbb/players/akili-felici-1.html,nebraska-omaha,2020-21
3,29,3,2020-12-06,Omaha,@,Illinois,REG (Non-Conf),L 50-53,,4,0,1,.000,0,1,.000,0,0,,.000,0,0,0,0,0,0,0,0,1,2,0,-2.5,Akili Felici,https://www.sports-reference.com/cbb/players/akili-felici-1.html,nebraska-omaha,2020-21
4,30,4,2020-12-12,Omaha,@,Kansas State,REG (Non-Conf),L 59-66,,5,0,0,,0,0,,0,0,,,0,0,0,0,0,1,0,0,0,0,0,0.7,Akili Felici,https://www.sports-reference.com/cbb/players/akili-felici-1.html,nebraska-omaha,2020-21
5,31,5,2020-12-17,Omaha,@,Illinois State,REG (Non-Conf),L 38-69,,12,0,1,.000,0,1,.000,0,0,,.000,0,0,0,0,0,1,1,0,1,1,0,-0.4,Akili Felici,https://www.sports-reference.com/cbb/players/akili-felici-1.html,nebraska-omaha,2020-21
6,32,6,2021-01-08,Omaha,@,North Dakota State,REG (Conf),L 53-62,,16,1,4,.250,1,3,.333,0,1,.000,.375,0,0,0,1,1,0,0,0,1,1,3,-0.5,Akili Felici,https://www.sports-reference.com/cbb/players/akili-felici-1.html,nebraska-omaha,2020-21
7,33,7,2021-01-09,Omaha,@,North Dakota State,REG (Conf),L 55-66,,11,1,5,.200,1,4,.250,0,1,.000,.300,0,0,1,1,2,1,1,0,0,0,3,2.6,Akili Felici,https://www.sports-reference.com/cbb/players/akili-felici-1.html,nebraska-omaha,2020-21
8,34,8,2021-01-15,Omaha,,South Dakota State,REG (Conf),L 50-62,,7,0,1,.000,0,1,.000,0,0,,.000,0,0,0,0,0,0,0,0,0,2,0,-1.5,Akili Felici,https://www.sports-reference.com/cbb/players/akili-felici-1.html,nebraska-omaha,2020-21
9,35,9,2021-01-16,Omaha,,South Dakota State,REG (Conf),L 54-64,,10,0,3,.000,0,3,.000,0,0,,.000,0,0,0,1,1,0,0,0,0,1,0,-2.2,Akili Felici,https://www.sports-reference.com/cbb/players/akili-felici-1.html,nebraska-omaha,2020-21
10,36,10,2021-02-06,Omaha,,Western Illinois,REG (Conf),W 105-102 (2OT),,9,2,4,.500,2,4,.500,0,0,,.750,0,0,0,0,0,2,0,0,0,0,6,5.4,Akili Felici,https://www.sports-reference.com/cbb/players/akili-felici-1.html,nebraska-omaha,2020-21
11,37,11,2021-02-07,Omaha,,Western Illinois,REG (Conf),L 66-89,,7,2,3,.667,2,3,.667,0,0,,1.000,0,0,0,1,1,0,0,0,1,0,6,4.0,Akili Felici,https://www.sports-reference.com/cbb/players/akili-felici-1.html,nebraska-omaha,2020-21
12,38,12,2021-02-12,Omaha,@,Kansas City,REG (Conf),L 59-69,,3,0,1,.000,0,1,.000,0,0,,.000,0,0,1,0,1,0,0,0,0,2,0,-0.8,Akili Felici,https://www.sports-reference.com/cbb/players/akili-felici-1.html,nebraska-omaha,2020-21
13,39,13,2021-02-13,Omaha,@,Kansas City,REG (Conf),L 66-76,,21,3,6,.500,3,6,.500,0,0,,.750,0,0,0,0,0,1,0,0,1,4,9,4.1,Akili Felici,https://www.sports-reference.com/cbb/players/akili-felici-1.html,nebraska-omaha,2020-21
14,40,14,2021-02-19,Omaha,,North Dakota,REG (Conf),W 73-61,,13,1,5,.200,1,5,.200,0,0,,.300,0,0,0,2,2,1,0,0,1,0,3,0.2,Akili Felici,https://www.sports-reference.com/cbb/players/akili-felici-1.html,nebraska-omaha,2020-21
15,41,15,2021-02-20,Omaha,,North Dakota,REG (Conf),W 75-72,,7,0,1,.000,0,1,.000,0,0,,.000,0,0,0,1,1,1,0,0,1,0,0,-0.7,Akili Felici,https://www.sports-reference.com/cbb/players/akili-felici-1.html,nebraska-omaha,2020-21
16,42,16,2021-02-26,Omaha,@,Denver,REG (Conf),L 82-94,,2,0,0,,0,0,,0,0,,,0,0,0,2,2,0,0,0,0,0,0,0.6,Akili Felici,https://www.sports-reference.com/cbb/players/akili-felici-1.html,nebraska-omaha,2020-21
17,43,19,2021-03-08,Omaha,@,Western Illinois,CTOURN,W 69-55,,2,0,0,,0,0,,0,0,,,0,0,0,0,0,0,0,0,1,0,0,-1.0,Akili Felici,https://www.sports-reference.com/cbb/players/akili-felici-1.html,nebraska-omaha,2020-21
18,44,20,2021-03-09,Omaha,@,South Dakota,CTOURN,L 43-66,,5,0,1,.000,0,1,.000,0,0,,.000,0,0,0,1,1,0,0,0,0,0,0,-0.4,Akili Felici,https://www.sports-reference.com/cbb/players/akili-felici-1.html,nebraska-omaha,2020-21
