ranker,player_game_num_career,team_game_num_season,date,team_name_abbr,game_location,opp_name_abbr,game_type,game_result,is_starter,mp,fg,fga,fg_pct,fg3,fg3a,fg3_pct,fg2,fg2a,fg2_pct,efg_pct,ft,fta,ft_pct,orb,drb,trb,ast,stl,blk,tov,pf,pts,game_score,player_name,player_sr_link,school,season
1,88,1,2020-11-25,Omaha,@,Iowa State,REG (Non-Conf),L 43-69,*,23,2,7,.286,1,4,.250,1,3,.333,.357,1,5,.200,0,1,1,1,0,0,0,4,6,-0.3,Claire Killian,https://www.sports-reference.com/cbb/players/claire-killian-1.html,nebraska-omaha,2020-21
2,89,2,2020-11-29,Omaha,@,Northern Colorado,REG (Non-Conf),W 66-64,*,34,5,13,.385,3,6,.500,2,7,.286,.500,3,4,.750,1,2,3,1,2,0,0,0,16,12.5,Claire Killian,https://www.sports-reference.com/cbb/players/claire-killian-1.html,nebraska-omaha,2020-21
3,90,3,2020-12-06,Omaha,@,Illinois,REG (Non-Conf),L 50-53,*,35,4,12,.333,2,7,.286,2,5,.400,.417,3,4,.750,1,6,7,1,1,1,1,1,13,9.3,Claire Killian,https://www.sports-reference.com/cbb/players/claire-killian-1.html,nebraska-omaha,2020-21
4,91,4,2020-12-12,Omaha,@,Kansas State,REG (Non-Conf),L 59-66,*,19,0,7,.000,0,3,.000,0,4,.000,.000,2,2,1.000,0,3,3,1,2,0,4,3,2,-4.5,Claire Killian,https://www.sports-reference.com/cbb/players/claire-killian-1.html,nebraska-omaha,2020-21
5,92,5,2020-12-17,Omaha,@,Illinois State,REG (Non-Conf),L 38-69,*,28,2,7,.286,2,4,.500,0,3,.000,.429,0,0,,1,5,6,0,1,1,3,2,6,2.0,Claire Killian,https://www.sports-reference.com/cbb/players/claire-killian-1.html,nebraska-omaha,2020-21
6,93,6,2021-01-08,Omaha,@,North Dakota State,REG (Conf),L 53-62,,33,3,10,.300,1,5,.200,2,5,.400,.350,0,0,,1,3,4,0,4,1,4,0,7,3.5,Claire Killian,https://www.sports-reference.com/cbb/players/claire-killian-1.html,nebraska-omaha,2020-21
7,94,7,2021-01-09,Omaha,@,North Dakota State,REG (Conf),L 55-66,*,23,1,7,.143,0,3,.000,1,4,.250,.143,0,0,,0,2,2,0,1,0,1,3,2,-3.1,Claire Killian,https://www.sports-reference.com/cbb/players/claire-killian-1.html,nebraska-omaha,2020-21
8,95,8,2021-01-15,Omaha,,South Dakota State,REG (Conf),L 50-62,*,36,3,10,.300,2,6,.333,1,4,.250,.400,0,0,,0,3,3,1,1,0,2,2,8,2.0,Claire Killian,https://www.sports-reference.com/cbb/players/claire-killian-1.html,nebraska-omaha,2020-21
9,96,9,2021-01-16,Omaha,,South Dakota State,REG (Conf),L 54-64,*,30,1,6,.167,0,2,.000,1,4,.250,.167,4,4,1.000,0,4,4,0,3,0,0,3,6,5.2,Claire Killian,https://www.sports-reference.com/cbb/players/claire-killian-1.html,nebraska-omaha,2020-21
10,97,10,2021-02-06,Omaha,,Western Illinois,REG (Conf),W 105-102 (2OT),*,48,9,14,.643,7,10,.700,2,4,.500,.893,4,7,.571,1,5,6,3,2,0,3,4,29,23.3,Claire Killian,https://www.sports-reference.com/cbb/players/claire-killian-1.html,nebraska-omaha,2020-21
11,98,11,2021-02-07,Omaha,,Western Illinois,REG (Conf),L 66-89,*,35,3,8,.375,2,6,.333,1,2,.500,.500,2,2,1.000,0,5,5,0,0,0,1,1,10,5.7,Claire Killian,https://www.sports-reference.com/cbb/players/claire-killian-1.html,nebraska-omaha,2020-21
12,99,12,2021-02-12,Omaha,@,Kansas City,REG (Conf),L 59-69,*,36,6,14,.429,3,9,.333,3,5,.600,.536,2,4,.500,2,6,8,1,3,0,1,1,17,14.3,Claire Killian,https://www.sports-reference.com/cbb/players/claire-killian-1.html,nebraska-omaha,2020-21
13,100,13,2021-02-13,Omaha,@,Kansas City,REG (Conf),L 66-76,*,27,4,13,.308,4,11,.364,0,2,.000,.462,2,2,1.000,0,3,3,1,1,0,1,5,14,6.1,Claire Killian,https://www.sports-reference.com/cbb/players/claire-killian-1.html,nebraska-omaha,2020-21
14,101,14,2021-02-19,Omaha,,North Dakota,REG (Conf),W 73-61,*,35,2,10,.200,1,6,.167,1,4,.250,.250,10,10,1.000,1,6,7,1,3,0,2,2,15,12.2,Claire Killian,https://www.sports-reference.com/cbb/players/claire-killian-1.html,nebraska-omaha,2020-21
15,102,15,2021-02-20,Omaha,,North Dakota,REG (Conf),W 75-72,*,30,8,16,.500,5,11,.455,3,5,.600,.656,2,3,.667,0,5,5,0,2,0,2,1,23,15.7,Claire Killian,https://www.sports-reference.com/cbb/players/claire-killian-1.html,nebraska-omaha,2020-21
16,103,16,2021-02-26,Omaha,@,Denver,REG (Conf),L 82-94,*,37,5,10,.500,4,9,.444,1,1,1.000,.700,1,2,.500,0,0,0,2,1,1,3,4,15,8.1,Claire Killian,https://www.sports-reference.com/cbb/players/claire-killian-1.html,nebraska-omaha,2020-21
17,104,17,2021-02-27,Omaha,@,Denver,REG (Conf),W 80-75,*,31,3,14,.214,2,10,.200,1,4,.250,.286,1,2,.500,1,1,2,2,2,0,1,5,9,1.4,Claire Killian,https://www.sports-reference.com/cbb/players/claire-killian-1.html,nebraska-omaha,2020-21
18,105,18,2021-03-06,Omaha,@,South Dakota State,CTOURN,W 52-40,*,38,2,7,.286,1,3,.333,1,4,.250,.357,2,6,.333,0,1,1,0,3,0,3,2,7,0.8,Claire Killian,https://www.sports-reference.com/cbb/players/claire-killian-1.html,nebraska-omaha,2020-21
19,106,19,2021-03-08,Omaha,@,Western Illinois,CTOURN,W 69-55,*,35,7,10,.700,6,7,.857,1,3,.333,1.000,2,2,1.000,0,2,2,0,0,0,1,3,22,16.2,Claire Killian,https://www.sports-reference.com/cbb/players/claire-killian-1.html,nebraska-omaha,2020-21
20,107,20,2021-03-09,Omaha,@,South Dakota,CTOURN,L 43-66,*,29,1,3,.333,0,1,.000,1,2,.500,.333,1,2,.500,0,4,4,0,0,0,3,3,3,-2.1,Claire Killian,https://www.sports-reference.com/cbb/players/claire-killian-1.html,nebraska-omaha,2020-21
