ranker,player_game_num_career,team_game_num_season,date,team_name_abbr,game_location,opp_name_abbr,game_type,game_result,is_starter,mp,fg,fga,fg_pct,fg3,fg3a,fg2,fg2a,fg2_pct,efg_pct,ft,fta,ft_pct,orb,drb,trb,ast,stl,blk,tov,pf,pts,game_score,player_name,player_sr_link,school,season
1,56,4,2020-12-12,Omaha,@,Kansas State,REG (Non-Conf),L 59-66,,12,3,6,.500,0,0,3,6,.500,.500,1,1,1.000,1,0,1,1,1,0,1,2,7,4.6,Elena Pilakouta,https://www.sports-reference.com/cbb/players/elena-pilakouta-1.html,nebraska-omaha,2020-21
2,57,5,2020-12-17,Omaha,@,Illinois State,REG (Non-Conf),L 38-69,,16,3,8,.375,0,0,3,8,.375,.375,0,2,.000,0,4,4,0,0,2,1,2,6,1.6,Elena Pilakouta,https://www.sports-reference.com/cbb/players/elena-pilakouta-1.html,nebraska-omaha,2020-21
3,58,6,2021-01-08,Omaha,@,North Dakota State,REG (Conf),L 53-62,*,30,5,11,.455,0,0,5,11,.455,.455,1,2,.500,1,5,6,0,0,0,2,3,11,3.9,Elena Pilakouta,https://www.sports-reference.com/cbb/players/elena-pilakouta-1.html,nebraska-omaha,2020-21
4,59,7,2021-01-09,Omaha,@,North Dakota State,REG (Conf),L 55-66,*,27,7,13,.538,0,0,7,13,.538,.538,2,6,.333,2,3,5,0,0,0,2,1,16,8.0,Elena Pilakouta,https://www.sports-reference.com/cbb/players/elena-pilakouta-1.html,nebraska-omaha,2020-21
5,60,8,2021-01-15,Omaha,,South Dakota State,REG (Conf),L 50-62,*,31,6,11,.545,0,0,6,11,.545,.545,3,4,.750,2,5,7,2,0,1,3,2,15,10.5,Elena Pilakouta,https://www.sports-reference.com/cbb/players/elena-pilakouta-1.html,nebraska-omaha,2020-21
6,61,9,2021-01-16,Omaha,,South Dakota State,REG (Conf),L 54-64,*,30,8,14,.571,0,0,8,14,.571,.571,3,5,.600,4,6,10,1,0,0,4,1,19,12.5,Elena Pilakouta,https://www.sports-reference.com/cbb/players/elena-pilakouta-1.html,nebraska-omaha,2020-21
7,62,12,2021-02-12,Omaha,@,Kansas City,REG (Conf),L 59-69,,22,5,7,.714,0,0,5,7,.714,.714,3,4,.750,1,2,3,1,0,0,3,2,13,7.9,Elena Pilakouta,https://www.sports-reference.com/cbb/players/elena-pilakouta-1.html,nebraska-omaha,2020-21
8,63,13,2021-02-13,Omaha,@,Kansas City,REG (Conf),L 66-76,,20,2,7,.286,0,0,2,7,.286,.286,6,7,.857,6,2,8,0,0,0,2,2,10,7.5,Elena Pilakouta,https://www.sports-reference.com/cbb/players/elena-pilakouta-1.html,nebraska-omaha,2020-21
9,64,14,2021-02-19,Omaha,,North Dakota,REG (Conf),W 73-61,,11,4,7,.571,0,0,4,7,.571,.571,1,2,.500,0,1,1,0,0,0,0,1,9,5.2,Elena Pilakouta,https://www.sports-reference.com/cbb/players/elena-pilakouta-1.html,nebraska-omaha,2020-21
10,65,15,2021-02-20,Omaha,,North Dakota,REG (Conf),W 75-72,,14,4,6,.667,0,0,4,6,.667,.667,2,2,1.000,0,3,3,2,0,0,3,2,10,5.9,Elena Pilakouta,https://www.sports-reference.com/cbb/players/elena-pilakouta-1.html,nebraska-omaha,2020-21
11,66,16,2021-02-26,Omaha,@,Denver,REG (Conf),L 82-94,*,28,10,11,.909,0,0,10,11,.909,.909,1,2,.500,2,2,4,4,0,1,2,2,21,19.6,Elena Pilakouta,https://www.sports-reference.com/cbb/players/elena-pilakouta-1.html,nebraska-omaha,2020-21
12,67,17,2021-02-27,Omaha,@,Denver,REG (Conf),W 80-75,*,28,10,12,.833,0,0,10,12,.833,.833,4,5,.800,0,2,2,1,0,0,3,3,24,16.3,Elena Pilakouta,https://www.sports-reference.com/cbb/players/elena-pilakouta-1.html,nebraska-omaha,2020-21
13,68,18,2021-03-06,Omaha,@,South Dakota State,CTOURN,W 52-40,*,23,2,8,.250,0,0,2,8,.250,.250,3,4,.750,1,2,3,2,1,0,4,2,7,0.7,Elena Pilakouta,https://www.sports-reference.com/cbb/players/elena-pilakouta-1.html,nebraska-omaha,2020-21
14,69,19,2021-03-08,Omaha,@,Western Illinois,CTOURN,W 69-55,*,24,5,10,.500,0,0,5,10,.500,.500,0,0,,0,2,2,5,0,1,1,0,10,8.8,Elena Pilakouta,https://www.sports-reference.com/cbb/players/elena-pilakouta-1.html,nebraska-omaha,2020-21
15,70,20,2021-03-09,Omaha,@,South Dakota,CTOURN,L 43-66,*,20,4,11,.364,0,0,4,11,.364,.364,1,2,.500,1,1,2,0,0,1,3,0,9,1.2,Elena Pilakouta,https://www.sports-reference.com/cbb/players/elena-pilakouta-1.html,nebraska-omaha,2020-21
