ranker,player_game_num_career,team_game_num_season,date,team_name_abbr,game_location,opp_name_abbr,game_type,game_result,is_starter,mp,fg,fga,fg_pct,fg3,fg3a,fg3_pct,fg2,fg2a,fg2_pct,efg_pct,ft,fta,ft_pct,orb,drb,trb,ast,stl,blk,tov,pf,pts,game_score,player_name,player_sr_link,school,season
1,31,1,2020-11-25,Omaha,@,Iowa State,REG (Non-Conf),L 43-69,*,32,3,16,.188,1,6,.167,2,10,.200,.219,2,4,.500,0,4,4,1,1,1,2,2,9,-1.0,Ella Ogier,https://www.sports-reference.com/cbb/players/ella-ogier-1.html,nebraska-omaha,2020-21
2,32,2,2020-11-29,Omaha,@,Northern Colorado,REG (Non-Conf),W 66-64,*,35,2,8,.250,0,1,.000,2,7,.286,.250,0,2,.000,1,2,3,3,1,1,2,2,4,0.7,Ella Ogier,https://www.sports-reference.com/cbb/players/ella-ogier-1.html,nebraska-omaha,2020-21
3,33,3,2020-12-06,Omaha,@,Illinois,REG (Non-Conf),L 50-53,*,32,5,11,.455,0,2,.000,5,9,.556,.455,0,0,,0,2,2,1,1,0,2,3,10,3.4,Ella Ogier,https://www.sports-reference.com/cbb/players/ella-ogier-1.html,nebraska-omaha,2020-21
4,34,4,2020-12-12,Omaha,@,Kansas State,REG (Non-Conf),L 59-66,*,37,8,12,.667,1,1,1.000,7,11,.636,.708,1,1,1.000,1,3,4,1,2,0,2,4,18,13.5,Ella Ogier,https://www.sports-reference.com/cbb/players/ella-ogier-1.html,nebraska-omaha,2020-21
5,35,5,2020-12-17,Omaha,@,Illinois State,REG (Non-Conf),L 38-69,*,25,3,9,.333,0,4,.000,3,5,.600,.333,1,1,1.000,1,1,2,1,1,0,3,1,7,1.2,Ella Ogier,https://www.sports-reference.com/cbb/players/ella-ogier-1.html,nebraska-omaha,2020-21
6,36,6,2021-01-08,Omaha,@,North Dakota State,REG (Conf),L 53-62,*,32,3,6,.500,0,0,,3,6,.500,.500,4,4,1.000,2,4,6,2,4,0,0,2,10,14.2,Ella Ogier,https://www.sports-reference.com/cbb/players/ella-ogier-1.html,nebraska-omaha,2020-21
7,37,7,2021-01-09,Omaha,@,North Dakota State,REG (Conf),L 55-66,*,30,3,7,.429,0,0,,3,7,.429,.429,7,7,1.000,1,3,4,1,2,1,4,3,13,9.1,Ella Ogier,https://www.sports-reference.com/cbb/players/ella-ogier-1.html,nebraska-omaha,2020-21
8,38,8,2021-01-15,Omaha,,South Dakota State,REG (Conf),L 50-62,*,31,4,7,.571,2,5,.400,2,2,1.000,.714,2,2,1.000,0,2,2,0,1,1,5,4,12,4.4,Ella Ogier,https://www.sports-reference.com/cbb/players/ella-ogier-1.html,nebraska-omaha,2020-21
9,39,9,2021-01-16,Omaha,,South Dakota State,REG (Conf),L 54-64,*,28,3,11,.273,1,5,.200,2,6,.333,.318,2,2,1.000,0,2,2,0,2,0,2,3,9,1.9,Ella Ogier,https://www.sports-reference.com/cbb/players/ella-ogier-1.html,nebraska-omaha,2020-21
10,40,10,2021-02-06,Omaha,,Western Illinois,REG (Conf),W 105-102 (2OT),*,21,0,3,.000,0,0,,0,3,.000,.000,0,0,,0,3,3,1,0,1,1,1,0,-1.2,Ella Ogier,https://www.sports-reference.com/cbb/players/ella-ogier-1.html,nebraska-omaha,2020-21
11,41,11,2021-02-07,Omaha,,Western Illinois,REG (Conf),L 66-89,*,19,5,7,.714,1,1,1.000,4,6,.667,.786,0,0,,1,2,3,0,0,0,3,1,11,6.0,Ella Ogier,https://www.sports-reference.com/cbb/players/ella-ogier-1.html,nebraska-omaha,2020-21
12,42,12,2021-02-12,Omaha,@,Kansas City,REG (Conf),L 59-69,*,19,2,6,.333,0,3,.000,2,3,.667,.333,2,2,1.000,0,0,0,4,1,0,3,2,6,2.6,Ella Ogier,https://www.sports-reference.com/cbb/players/ella-ogier-1.html,nebraska-omaha,2020-21
13,43,13,2021-02-13,Omaha,@,Kansas City,REG (Conf),L 66-76,*,8,0,2,.000,0,2,.000,0,0,,.000,0,0,,0,0,0,0,0,0,0,0,0,-1.4,Ella Ogier,https://www.sports-reference.com/cbb/players/ella-ogier-1.html,nebraska-omaha,2020-21
