ranker,player_game_num_career,team_game_num_season,date,team_name_abbr,game_location,opp_name_abbr,game_type,game_result,is_starter,mp,fg,fga,fg_pct,fg3,fg3a,fg3_pct,fg2,fg2a,fg2_pct,efg_pct,ft,fta,ft_pct,orb,drb,trb,ast,stl,blk,tov,pf,pts,game_score,player_name,player_sr_link,school,season
1,54,1,2020-11-25,Omaha,@,Iowa State,REG (Non-Conf),L 43-69,*,19,3,7,.429,1,3,.333,2,4,.500,.500,3,4,.750,1,4,5,0,1,0,1,4,10,6.2,Josie Filer,https://www.sports-reference.com/cbb/players/josie-filer-1.html,nebraska-omaha,2020-21
2,55,2,2020-11-29,Omaha,@,Northern Colorado,REG (Non-Conf),W 66-64,*,34,4,10,.400,0,1,.000,4,9,.444,.400,5,5,1.000,3,4,7,0,0,1,0,4,13,10.0,Josie Filer,https://www.sports-reference.com/cbb/players/josie-filer-1.html,nebraska-omaha,2020-21
3,56,3,2020-12-06,Omaha,@,Illinois,REG (Non-Conf),L 50-53,*,31,4,11,.364,2,7,.286,2,4,.500,.455,0,0,,3,3,6,2,1,1,5,3,10,3.8,Josie Filer,https://www.sports-reference.com/cbb/players/josie-filer-1.html,nebraska-omaha,2020-21
4,57,4,2020-12-12,Omaha,@,Kansas State,REG (Non-Conf),L 59-66,*,30,4,13,.308,3,12,.250,1,1,1.000,.423,0,0,,0,3,3,1,0,0,0,3,11,3.9,Josie Filer,https://www.sports-reference.com/cbb/players/josie-filer-1.html,nebraska-omaha,2020-21
5,58,5,2020-12-17,Omaha,@,Illinois State,REG (Non-Conf),L 38-69,*,9,0,3,.000,0,1,.000,0,2,.000,.000,0,0,,1,0,1,0,1,0,0,2,0,-1.2,Josie Filer,https://www.sports-reference.com/cbb/players/josie-filer-1.html,nebraska-omaha,2020-21
6,59,8,2021-01-15,Omaha,,South Dakota State,REG (Conf),L 50-62,*,30,2,4,.500,1,3,.333,1,1,1.000,.625,5,8,.625,0,4,4,1,3,2,1,4,10,10.5,Josie Filer,https://www.sports-reference.com/cbb/players/josie-filer-1.html,nebraska-omaha,2020-21
7,60,9,2021-01-16,Omaha,,South Dakota State,REG (Conf),L 54-64,*,29,0,4,.000,0,2,.000,0,2,.000,.000,3,4,.750,1,1,2,1,1,0,2,4,3,-1.1,Josie Filer,https://www.sports-reference.com/cbb/players/josie-filer-1.html,nebraska-omaha,2020-21
8,61,10,2021-02-06,Omaha,,Western Illinois,REG (Conf),W 105-102 (2OT),*,45,11,17,.647,1,2,.500,10,15,.667,.676,3,3,1.000,4,5,9,4,2,1,0,2,26,27.5,Josie Filer,https://www.sports-reference.com/cbb/players/josie-filer-1.html,nebraska-omaha,2020-21
9,62,11,2021-02-07,Omaha,,Western Illinois,REG (Conf),L 66-89,*,25,2,9,.222,0,2,.000,2,7,.286,.222,2,2,1.000,2,2,4,0,0,0,1,2,6,0.7,Josie Filer,https://www.sports-reference.com/cbb/players/josie-filer-1.html,nebraska-omaha,2020-21
10,63,12,2021-02-12,Omaha,@,Kansas City,REG (Conf),L 59-69,*,26,5,7,.714,1,1,1.000,4,6,.667,.786,0,0,,3,5,8,1,0,1,3,5,11,8.1,Josie Filer,https://www.sports-reference.com/cbb/players/josie-filer-1.html,nebraska-omaha,2020-21
11,64,13,2021-02-13,Omaha,@,Kansas City,REG (Conf),L 66-76,*,34,1,4,.250,0,1,.000,1,3,.333,.250,2,2,1.000,1,4,5,3,0,1,1,1,4,4.9,Josie Filer,https://www.sports-reference.com/cbb/players/josie-filer-1.html,nebraska-omaha,2020-21
12,65,14,2021-02-19,Omaha,,North Dakota,REG (Conf),W 73-61,*,34,5,12,.417,2,4,.500,3,8,.375,.500,4,4,1.000,3,8,11,1,0,1,1,2,16,13.7,Josie Filer,https://www.sports-reference.com/cbb/players/josie-filer-1.html,nebraska-omaha,2020-21
13,66,15,2021-02-20,Omaha,,North Dakota,REG (Conf),W 75-72,*,23,3,4,.750,0,1,.000,3,3,1.000,.750,0,0,,1,2,3,0,2,0,1,4,6,5.1,Josie Filer,https://www.sports-reference.com/cbb/players/josie-filer-1.html,nebraska-omaha,2020-21
14,67,16,2021-02-26,Omaha,@,Denver,REG (Conf),L 82-94,*,34,6,15,.400,1,4,.250,5,11,.455,.433,4,4,1.000,5,1,6,4,0,0,2,3,17,12.3,Josie Filer,https://www.sports-reference.com/cbb/players/josie-filer-1.html,nebraska-omaha,2020-21
15,68,17,2021-02-27,Omaha,@,Denver,REG (Conf),W 80-75,*,25,5,7,.714,0,1,.000,5,6,.833,.714,1,2,.500,3,4,7,3,0,0,1,3,11,10.9,Josie Filer,https://www.sports-reference.com/cbb/players/josie-filer-1.html,nebraska-omaha,2020-21
16,69,18,2021-03-06,Omaha,@,South Dakota State,CTOURN,W 52-40,*,28,6,10,.600,0,2,.000,6,8,.750,.600,7,9,.778,2,10,12,1,2,0,0,4,19,19.1,Josie Filer,https://www.sports-reference.com/cbb/players/josie-filer-1.html,nebraska-omaha,2020-21
17,70,19,2021-03-08,Omaha,@,Western Illinois,CTOURN,W 69-55,*,32,3,3,1.000,0,0,,3,3,1.000,1.000,2,2,1.000,2,7,9,1,0,0,3,2,8,7.5,Josie Filer,https://www.sports-reference.com/cbb/players/josie-filer-1.html,nebraska-omaha,2020-21
18,71,20,2021-03-09,Omaha,@,South Dakota,CTOURN,L 43-66,*,24,1,3,.333,1,2,.500,0,1,.000,.500,0,0,,0,3,3,0,0,1,0,2,3,2.1,Josie Filer,https://www.sports-reference.com/cbb/players/josie-filer-1.html,nebraska-omaha,2020-21
