ranker,player_game_num_career,team_game_num_season,date,team_name_abbr,game_location,opp_name_abbr,game_type,game_result,is_starter,mp,fg,fga,fg_pct,fg3,fg3a,fg3_pct,fg2,fg2a,fg2_pct,efg_pct,ft,fta,ft_pct,orb,drb,trb,ast,stl,blk,tov,pf,pts,game_score,player_name,player_sr_link,school,season
1,7,10,2021-02-06,Omaha,,Western Illinois,REG (Conf),W 105-102 (2OT),,11,0,4,.000,0,0,,0,4,.000,.000,0,0,,0,2,2,1,0,0,0,0,0,-1.5,Juliana Chagas,https://www.sports-reference.com/cbb/players/juliana-chagas-1.html,nebraska-omaha,2020-21
2,8,11,2021-02-07,Omaha,,Western Illinois,REG (Conf),L 66-89,,14,1,4,.250,0,0,,1,4,.250,.250,0,0,,0,4,4,2,1,1,1,1,2,2.5,Juliana Chagas,https://www.sports-reference.com/cbb/players/juliana-chagas-1.html,nebraska-omaha,2020-21
3,9,12,2021-02-12,Omaha,@,Kansas City,REG (Conf),L 59-69,,2,0,0,,0,0,,0,0,,,0,0,,0,0,0,0,0,0,0,0,0,0.0,Juliana Chagas,https://www.sports-reference.com/cbb/players/juliana-chagas-1.html,nebraska-omaha,2020-21
4,10,13,2021-02-13,Omaha,@,Kansas City,REG (Conf),L 66-76,,3,0,0,,0,0,,0,0,,,0,0,,0,0,0,0,0,0,0,0,0,0.0,Juliana Chagas,https://www.sports-reference.com/cbb/players/juliana-chagas-1.html,nebraska-omaha,2020-21
5,11,14,2021-02-19,Omaha,,North Dakota,REG (Conf),W 73-61,*,5,0,0,,0,0,,0,0,,,4,6,.667,0,0,0,0,0,0,1,0,4,2.2,Juliana Chagas,https://www.sports-reference.com/cbb/players/juliana-chagas-1.html,nebraska-omaha,2020-21
6,12,15,2021-02-20,Omaha,,North Dakota,REG (Conf),W 75-72,*,4,0,1,.000,0,0,,0,1,.000,.000,2,2,1.000,0,0,0,0,0,0,1,0,2,0.3,Juliana Chagas,https://www.sports-reference.com/cbb/players/juliana-chagas-1.html,nebraska-omaha,2020-21
7,13,16,2021-02-26,Omaha,@,Denver,REG (Conf),L 82-94,,8,0,0,,0,0,,0,0,,,0,0,,0,1,1,2,0,0,1,1,0,0.3,Juliana Chagas,https://www.sports-reference.com/cbb/players/juliana-chagas-1.html,nebraska-omaha,2020-21
8,14,17,2021-02-27,Omaha,@,Denver,REG (Conf),W 80-75,,27,0,1,.000,0,0,,0,1,.000,.000,3,4,.750,0,2,2,5,0,0,1,1,3,4.6,Juliana Chagas,https://www.sports-reference.com/cbb/players/juliana-chagas-1.html,nebraska-omaha,2020-21
9,15,18,2021-03-06,Omaha,@,South Dakota State,CTOURN,W 52-40,,1,0,0,,0,0,,0,0,,,0,0,,0,0,0,0,0,0,1,1,0,-1.4,Juliana Chagas,https://www.sports-reference.com/cbb/players/juliana-chagas-1.html,nebraska-omaha,2020-21
10,16,19,2021-03-08,Omaha,@,Western Illinois,CTOURN,W 69-55,,1,0,1,.000,0,1,.000,0,0,,.000,0,0,,0,0,0,0,0,0,0,0,0,-0.7,Juliana Chagas,https://www.sports-reference.com/cbb/players/juliana-chagas-1.html,nebraska-omaha,2020-21
11,17,20,2021-03-09,Omaha,@,South Dakota,CTOURN,L 43-66,,11,0,1,.000,0,0,,0,1,.000,.000,0,0,,1,2,3,2,0,0,2,2,0,-0.8,Juliana Chagas,https://www.sports-reference.com/cbb/players/juliana-chagas-1.html,nebraska-omaha,2020-21
