ranker,player_game_num_career,team_game_num_season,date,team_name_abbr,game_location,opp_name_abbr,game_type,game_result,is_starter,mp,fg,fga,fg_pct,fg3,fg3a,fg3_pct,fg2,fg2a,fg2_pct,efg_pct,ft,fta,orb,drb,trb,ast,stl,blk,tov,pf,pts,game_score,player_name,player_sr_link,school,season
1,1,1,2020-11-25,Omaha,@,Iowa State,REG (Non-Conf),L 43-69,,8,0,2,.000,0,2,.000,0,0,,.000,0,0,1,2,3,0,0,0,0,0,0,-0.1,Katie Keitges,https://www.sports-reference.com/cbb/players/katie-keitges-1.html,nebraska-omaha,2020-21
2,2,2,2020-11-29,Omaha,@,Northern Colorado,REG (Non-Conf),W 66-64,,2,0,0,,0,0,,0,0,,,0,0,0,0,0,0,0,0,1,0,0,-1.0,Katie Keitges,https://www.sports-reference.com/cbb/players/katie-keitges-1.html,nebraska-omaha,2020-21
3,3,5,2020-12-17,Omaha,@,Illinois State,REG (Non-Conf),L 38-69,,5,1,2,.500,1,2,.500,0,0,,.750,0,0,0,0,0,0,0,0,1,0,3,1.0,Katie Keitges,https://www.sports-reference.com/cbb/players/katie-keitges-1.html,nebraska-omaha,2020-21
4,4,6,2021-01-08,Omaha,@,North Dakota State,REG (Conf),L 53-62,*,15,1,1,1.000,0,0,,1,1,1.000,1.000,0,0,0,0,0,0,0,0,3,2,2,-2.1,Katie Keitges,https://www.sports-reference.com/cbb/players/katie-keitges-1.html,nebraska-omaha,2020-21
5,5,7,2021-01-09,Omaha,@,North Dakota State,REG (Conf),L 55-66,*,7,0,1,.000,0,1,.000,0,0,,.000,0,0,0,0,0,0,0,0,0,1,0,-1.1,Katie Keitges,https://www.sports-reference.com/cbb/players/katie-keitges-1.html,nebraska-omaha,2020-21
6,6,11,2021-02-07,Omaha,,Western Illinois,REG (Conf),L 66-89,,2,0,1,.000,0,0,,0,1,.000,.000,0,0,0,0,0,0,0,0,0,0,0,-0.7,Katie Keitges,https://www.sports-reference.com/cbb/players/katie-keitges-1.html,nebraska-omaha,2020-21
7,7,15,2021-02-20,Omaha,,North Dakota,REG (Conf),W 75-72,,4,0,0,,0,0,,0,0,,,0,0,0,1,1,0,0,0,0,0,0,0.3,Katie Keitges,https://www.sports-reference.com/cbb/players/katie-keitges-1.html,nebraska-omaha,2020-21
8,8,17,2021-02-27,Omaha,@,Denver,REG (Conf),W 80-75,,2,0,0,,0,0,,0,0,,,0,0,0,0,0,0,0,0,0,1,0,-0.4,Katie Keitges,https://www.sports-reference.com/cbb/players/katie-keitges-1.html,nebraska-omaha,2020-21
9,9,19,2021-03-08,Omaha,@,Western Illinois,CTOURN,W 69-55,,2,0,0,,0,0,,0,0,,,0,0,0,0,0,0,0,0,0,0,0,0.0,Katie Keitges,https://www.sports-reference.com/cbb/players/katie-keitges-1.html,nebraska-omaha,2020-21
10,10,20,2021-03-09,Omaha,@,South Dakota,CTOURN,L 43-66,,2,0,0,,0,0,,0,0,,,0,0,0,0,0,0,0,0,0,0,0,0.0,Katie Keitges,https://www.sports-reference.com/cbb/players/katie-keitges-1.html,nebraska-omaha,2020-21
