ranker,player_game_num_career,team_game_num_season,date,team_name_abbr,game_location,opp_name_abbr,game_type,game_result,is_starter,mp,fg,fga,fg_pct,fg3,fg3a,fg2,fg2a,fg2_pct,efg_pct,ft,fta,ft_pct,orb,drb,trb,ast,stl,blk,tov,pf,pts,game_score,player_name,player_sr_link,school,season
1,30,7,2021-01-09,Omaha,@,North Dakota State,REG (Conf),L 55-66,,5,1,1,1.000,0,0,1,1,1.000,1.000,0,0,,0,1,1,1,0,0,0,1,2,2.3,Kia Wilson,https://www.sports-reference.com/cbb/players/kia-wilson-1.html,nebraska-omaha,2020-21
2,31,8,2021-01-15,Omaha,,South Dakota State,REG (Conf),L 50-62,,2,0,0,,0,0,0,0,,,0,0,,0,0,0,0,0,0,0,1,0,-0.4,Kia Wilson,https://www.sports-reference.com/cbb/players/kia-wilson-1.html,nebraska-omaha,2020-21
3,32,9,2021-01-16,Omaha,,South Dakota State,REG (Conf),L 54-64,,2,1,1,1.000,0,0,1,1,1.000,1.000,1,1,1.000,0,0,0,0,0,0,0,0,3,2.7,Kia Wilson,https://www.sports-reference.com/cbb/players/kia-wilson-1.html,nebraska-omaha,2020-21
4,33,10,2021-02-06,Omaha,,Western Illinois,REG (Conf),W 105-102 (2OT),,7,1,1,1.000,0,0,1,1,1.000,1.000,0,0,,0,1,1,0,1,0,2,1,2,0.6,Kia Wilson,https://www.sports-reference.com/cbb/players/kia-wilson-1.html,nebraska-omaha,2020-21
5,34,11,2021-02-07,Omaha,,Western Illinois,REG (Conf),L 66-89,,17,3,6,.500,0,0,3,6,.500,.500,0,0,,1,2,3,0,1,1,1,2,6,4.2,Kia Wilson,https://www.sports-reference.com/cbb/players/kia-wilson-1.html,nebraska-omaha,2020-21
6,35,12,2021-02-12,Omaha,@,Kansas City,REG (Conf),L 59-69,,3,0,0,,0,0,0,0,,,0,0,,0,0,0,0,0,0,0,0,0,0.0,Kia Wilson,https://www.sports-reference.com/cbb/players/kia-wilson-1.html,nebraska-omaha,2020-21
7,36,13,2021-02-13,Omaha,@,Kansas City,REG (Conf),L 66-76,,7,0,1,.000,0,0,0,1,.000,.000,3,4,.750,1,2,3,0,0,0,2,2,3,0.4,Kia Wilson,https://www.sports-reference.com/cbb/players/kia-wilson-1.html,nebraska-omaha,2020-21
8,37,15,2021-02-20,Omaha,,North Dakota,REG (Conf),W 75-72,,6,0,3,.000,0,0,0,3,.000,.000,0,0,,0,2,2,0,0,0,0,1,0,-1.9,Kia Wilson,https://www.sports-reference.com/cbb/players/kia-wilson-1.html,nebraska-omaha,2020-21
9,38,17,2021-02-27,Omaha,@,Denver,REG (Conf),W 80-75,,5,1,2,.500,0,0,1,2,.500,.500,0,0,,0,1,1,0,0,0,0,0,2,1.3,Kia Wilson,https://www.sports-reference.com/cbb/players/kia-wilson-1.html,nebraska-omaha,2020-21
10,39,19,2021-03-08,Omaha,@,Western Illinois,CTOURN,W 69-55,,3,0,1,.000,0,0,0,1,.000,.000,0,0,,0,1,1,0,1,0,1,0,0,-0.4,Kia Wilson,https://www.sports-reference.com/cbb/players/kia-wilson-1.html,nebraska-omaha,2020-21
11,40,20,2021-03-09,Omaha,@,South Dakota,CTOURN,L 43-66,,4,0,1,.000,0,0,0,1,.000,.000,2,2,1.000,0,0,0,0,0,0,0,0,2,1.3,Kia Wilson,https://www.sports-reference.com/cbb/players/kia-wilson-1.html,nebraska-omaha,2020-21
