ranker,player_game_num_career,team_game_num_season,date,team_name_abbr,game_location,opp_name_abbr,game_type,game_result,is_starter,mp,fg,fga,fg_pct,fg3,fg3a,fg3_pct,fg2,fg2a,fg2_pct,efg_pct,ft,fta,ft_pct,orb,drb,trb,ast,stl,blk,tov,pf,pts,game_score,player_name,player_sr_link,school,season
1,1,1,2020-11-25,Omaha,@,Iowa State,REG (Non-Conf),L 43-69,,26,3,12,.250,0,4,.000,3,8,.375,.250,0,0,,1,7,8,1,4,0,2,3,6,3.1,Lauren Frost,https://www.sports-reference.com/cbb/players/lauren-frost-1.html,nebraska-omaha,2020-21
2,2,2,2020-11-29,Omaha,@,Northern Colorado,REG (Non-Conf),W 66-64,,13,2,9,.222,2,4,.500,0,5,.000,.333,1,2,.500,0,3,3,0,0,1,1,1,7,1.3,Lauren Frost,https://www.sports-reference.com/cbb/players/lauren-frost-1.html,nebraska-omaha,2020-21
3,3,3,2020-12-06,Omaha,@,Illinois,REG (Non-Conf),L 50-53,,9,0,1,.000,0,0,,0,1,.000,.000,0,0,,0,1,1,0,0,0,2,1,0,-2.8,Lauren Frost,https://www.sports-reference.com/cbb/players/lauren-frost-1.html,nebraska-omaha,2020-21
4,4,4,2020-12-12,Omaha,@,Kansas State,REG (Non-Conf),L 59-66,,2,0,1,.000,0,0,,0,1,.000,.000,0,0,,0,0,0,0,0,0,0,2,0,-1.5,Lauren Frost,https://www.sports-reference.com/cbb/players/lauren-frost-1.html,nebraska-omaha,2020-21
5,5,5,2020-12-17,Omaha,@,Illinois State,REG (Non-Conf),L 38-69,,24,0,6,.000,0,2,.000,0,4,.000,.000,2,2,1.000,0,1,1,1,0,0,1,3,2,-3.4,Lauren Frost,https://www.sports-reference.com/cbb/players/lauren-frost-1.html,nebraska-omaha,2020-21
6,6,6,2021-01-08,Omaha,@,North Dakota State,REG (Conf),L 53-62,*,29,4,11,.364,0,3,.000,4,8,.500,.364,4,4,1.000,0,3,3,1,1,0,3,1,12,5.1,Lauren Frost,https://www.sports-reference.com/cbb/players/lauren-frost-1.html,nebraska-omaha,2020-21
7,7,7,2021-01-09,Omaha,@,North Dakota State,REG (Conf),L 55-66,*,20,0,2,.000,0,1,.000,0,1,.000,.000,0,0,,0,2,2,0,0,0,2,1,0,-3.2,Lauren Frost,https://www.sports-reference.com/cbb/players/lauren-frost-1.html,nebraska-omaha,2020-21
8,8,8,2021-01-15,Omaha,,South Dakota State,REG (Conf),L 50-62,,15,0,1,.000,0,0,,0,1,.000,.000,1,2,.500,0,1,1,3,0,0,3,0,1,-0.7,Lauren Frost,https://www.sports-reference.com/cbb/players/lauren-frost-1.html,nebraska-omaha,2020-21
9,9,9,2021-01-16,Omaha,,South Dakota State,REG (Conf),L 54-64,,9,0,0,,0,0,,0,0,,,0,0,,0,0,0,1,0,0,1,0,0,-0.3,Lauren Frost,https://www.sports-reference.com/cbb/players/lauren-frost-1.html,nebraska-omaha,2020-21
10,10,10,2021-02-06,Omaha,,Western Illinois,REG (Conf),W 105-102 (2OT),,29,8,12,.667,1,2,.500,7,10,.700,.708,2,2,1.000,0,4,4,4,0,0,5,2,19,12.0,Lauren Frost,https://www.sports-reference.com/cbb/players/lauren-frost-1.html,nebraska-omaha,2020-21
11,11,11,2021-02-07,Omaha,,Western Illinois,REG (Conf),L 66-89,,12,1,3,.333,0,0,,1,3,.333,.333,2,4,.500,1,2,3,1,0,0,2,0,4,1.5,Lauren Frost,https://www.sports-reference.com/cbb/players/lauren-frost-1.html,nebraska-omaha,2020-21
12,12,12,2021-02-12,Omaha,@,Kansas City,REG (Conf),L 59-69,,21,2,4,.500,1,2,.500,1,2,.500,.625,0,0,,0,1,1,3,0,0,1,1,5,4.0,Lauren Frost,https://www.sports-reference.com/cbb/players/lauren-frost-1.html,nebraska-omaha,2020-21
13,13,13,2021-02-13,Omaha,@,Kansas City,REG (Conf),L 66-76,,9,2,4,.500,1,2,.500,1,2,.500,.625,0,0,,0,0,0,0,0,0,1,0,5,2.0,Lauren Frost,https://www.sports-reference.com/cbb/players/lauren-frost-1.html,nebraska-omaha,2020-21
14,14,14,2021-02-19,Omaha,,North Dakota,REG (Conf),W 73-61,,16,3,5,.600,1,1,1.000,2,4,.500,.700,1,1,1.000,1,3,4,1,0,0,2,1,8,5.6,Lauren Frost,https://www.sports-reference.com/cbb/players/lauren-frost-1.html,nebraska-omaha,2020-21
15,15,15,2021-02-20,Omaha,,North Dakota,REG (Conf),W 75-72,,11,0,3,.000,0,2,.000,0,1,.000,.000,0,0,,1,0,1,2,0,0,0,1,0,-0.4,Lauren Frost,https://www.sports-reference.com/cbb/players/lauren-frost-1.html,nebraska-omaha,2020-21
16,16,16,2021-02-26,Omaha,@,Denver,REG (Conf),L 82-94,,5,1,2,.500,1,1,1.000,0,1,.000,.750,0,0,,0,0,0,0,0,0,1,1,3,0.6,Lauren Frost,https://www.sports-reference.com/cbb/players/lauren-frost-1.html,nebraska-omaha,2020-21
17,17,17,2021-02-27,Omaha,@,Denver,REG (Conf),W 80-75,,18,1,2,.500,1,1,1.000,0,1,.000,.750,0,0,,1,3,4,2,1,0,0,2,3,5.2,Lauren Frost,https://www.sports-reference.com/cbb/players/lauren-frost-1.html,nebraska-omaha,2020-21
18,18,18,2021-03-06,Omaha,@,South Dakota State,CTOURN,W 52-40,,2,0,0,,0,0,,0,0,,,0,0,,0,0,0,1,0,0,0,0,0,0.7,Lauren Frost,https://www.sports-reference.com/cbb/players/lauren-frost-1.html,nebraska-omaha,2020-21
19,19,19,2021-03-08,Omaha,@,Western Illinois,CTOURN,W 69-55,,18,2,5,.400,1,3,.333,1,2,.500,.500,0,0,,0,4,4,1,0,0,1,1,5,2.8,Lauren Frost,https://www.sports-reference.com/cbb/players/lauren-frost-1.html,nebraska-omaha,2020-21
20,20,20,2021-03-09,Omaha,@,South Dakota,CTOURN,L 43-66,,19,2,3,.667,2,2,1.000,0,1,.000,1.000,4,4,1.000,1,4,5,1,1,0,3,1,10,8.9,Lauren Frost,https://www.sports-reference.com/cbb/players/lauren-frost-1.html,nebraska-omaha,2020-21
