ranker,player_game_num_career,team_game_num_season,date,team_name_abbr,game_location,opp_name_abbr,game_type,game_result,is_starter,mp,fg,fga,fg_pct,fg3,fg3a,fg3_pct,fg2,fg2a,fg2_pct,efg_pct,ft,fta,ft_pct,orb,drb,trb,ast,stl,blk,tov,pf,pts,game_score,player_name,player_sr_link,school,season
1,60,3,2020-12-06,Omaha,@,Illinois,REG (Non-Conf),L 50-53,,15,0,1,.000,0,0,,0,1,.000,.000,6,6,1.000,1,2,3,1,2,0,4,2,6,4.5,Mariah Murdie,https://www.sports-reference.com/cbb/players/mariah-murdie-1.html,nebraska-omaha,2020-21
2,61,4,2020-12-12,Omaha,@,Kansas State,REG (Non-Conf),L 59-66,,27,3,6,.500,2,4,.500,1,2,.500,.667,3,4,.750,0,4,4,0,3,1,1,5,11,9.5,Mariah Murdie,https://www.sports-reference.com/cbb/players/mariah-murdie-1.html,nebraska-omaha,2020-21
3,62,5,2020-12-17,Omaha,@,Illinois State,REG (Non-Conf),L 38-69,,14,2,5,.400,1,2,.500,1,3,.333,.500,0,0,,3,1,4,0,1,1,1,2,5,4.6,Mariah Murdie,https://www.sports-reference.com/cbb/players/mariah-murdie-1.html,nebraska-omaha,2020-21
4,63,6,2021-01-08,Omaha,@,North Dakota State,REG (Conf),L 53-62,*,9,1,3,.333,0,0,,1,3,.333,.333,0,0,,1,2,3,0,0,0,1,5,2,-1.4,Mariah Murdie,https://www.sports-reference.com/cbb/players/mariah-murdie-1.html,nebraska-omaha,2020-21
5,64,7,2021-01-09,Omaha,@,North Dakota State,REG (Conf),L 55-66,,13,3,6,.500,0,1,.000,3,5,.600,.500,0,1,.000,1,3,4,1,0,0,1,5,6,1.9,Mariah Murdie,https://www.sports-reference.com/cbb/players/mariah-murdie-1.html,nebraska-omaha,2020-21
6,65,8,2021-01-15,Omaha,,South Dakota State,REG (Conf),L 50-62,*,27,1,5,.200,0,1,.000,1,4,.250,.200,2,2,1.000,0,8,8,2,1,1,2,4,4,2.8,Mariah Murdie,https://www.sports-reference.com/cbb/players/mariah-murdie-1.html,nebraska-omaha,2020-21
7,66,9,2021-01-16,Omaha,,South Dakota State,REG (Conf),L 54-64,*,29,2,4,.500,0,0,,2,4,.500,.500,0,0,,0,2,2,4,3,3,2,3,4,7.3,Mariah Murdie,https://www.sports-reference.com/cbb/players/mariah-murdie-1.html,nebraska-omaha,2020-21
8,67,12,2021-02-12,Omaha,@,Kansas City,REG (Conf),L 59-69,,7,0,1,.000,0,0,,0,1,.000,.000,0,0,,0,0,0,0,0,1,2,0,0,-2.0,Mariah Murdie,https://www.sports-reference.com/cbb/players/mariah-murdie-1.html,nebraska-omaha,2020-21
9,68,13,2021-02-13,Omaha,@,Kansas City,REG (Conf),L 66-76,,14,2,6,.333,0,1,.000,2,5,.400,.333,2,2,1.000,2,3,5,2,0,0,2,3,6,3.1,Mariah Murdie,https://www.sports-reference.com/cbb/players/mariah-murdie-1.html,nebraska-omaha,2020-21
10,69,14,2021-02-19,Omaha,,North Dakota,REG (Conf),W 73-61,,21,3,7,.429,0,1,.000,3,6,.500,.429,0,1,.000,0,4,4,3,1,1,3,4,6,2.3,Mariah Murdie,https://www.sports-reference.com/cbb/players/mariah-murdie-1.html,nebraska-omaha,2020-21
11,70,15,2021-02-20,Omaha,,North Dakota,REG (Conf),W 75-72,,21,2,6,.333,1,3,.333,1,3,.333,.417,2,4,.500,2,2,4,2,0,0,0,3,7,5.0,Mariah Murdie,https://www.sports-reference.com/cbb/players/mariah-murdie-1.html,nebraska-omaha,2020-21
12,71,16,2021-02-26,Omaha,@,Denver,REG (Conf),L 82-94,,17,2,5,.400,1,1,1.000,1,4,.250,.500,1,1,1.000,0,2,2,1,0,0,3,4,6,0.0,Mariah Murdie,https://www.sports-reference.com/cbb/players/mariah-murdie-1.html,nebraska-omaha,2020-21
13,72,17,2021-02-27,Omaha,@,Denver,REG (Conf),W 80-75,,19,9,14,.643,0,1,.000,9,13,.692,.643,0,1,.000,2,2,4,2,0,0,2,1,18,12.4,Mariah Murdie,https://www.sports-reference.com/cbb/players/mariah-murdie-1.html,nebraska-omaha,2020-21
14,73,18,2021-03-06,Omaha,@,South Dakota State,CTOURN,W 52-40,,31,4,8,.500,1,3,.333,3,5,.600,.563,0,0,,0,5,5,1,6,5,3,1,9,13.3,Mariah Murdie,https://www.sports-reference.com/cbb/players/mariah-murdie-1.html,nebraska-omaha,2020-21
15,74,19,2021-03-08,Omaha,@,Western Illinois,CTOURN,W 69-55,,16,3,4,.750,0,0,,3,4,.750,.750,0,0,,0,5,5,1,1,0,4,3,6,2.4,Mariah Murdie,https://www.sports-reference.com/cbb/players/mariah-murdie-1.html,nebraska-omaha,2020-21
16,75,20,2021-03-09,Omaha,@,South Dakota,CTOURN,L 43-66,,17,1,3,.333,1,1,1.000,0,2,.000,.500,3,4,.750,0,3,3,0,0,2,3,1,6,2.8,Mariah Murdie,https://www.sports-reference.com/cbb/players/mariah-murdie-1.html,nebraska-omaha,2020-21
