ranker,player_game_num_career,team_game_num_season,date,team_name_abbr,game_location,opp_name_abbr,game_type,game_result,is_starter,mp,fg,fga,fg_pct,fg3,fg3a,fg3_pct,fg2,fg2a,fg2_pct,efg_pct,ft,fta,ft_pct,orb,drb,trb,ast,stl,blk,tov,pf,pts,game_score,player_name,player_sr_link,school,season
1,31,3,2020-12-06,Omaha,@,Illinois,REG (Non-Conf),L 50-53,,4,0,0,,0,0,,0,0,,,0,0,,0,0,0,0,0,0,0,0,0,0.0,Mikaela Ekdahl,https://www.sports-reference.com/cbb/players/mikaela-ekdahl-1.html,nebraska-omaha,2020-21
2,32,4,2020-12-12,Omaha,@,Kansas State,REG (Non-Conf),L 59-66,,5,0,0,,0,0,,0,0,,,0,0,,1,0,1,1,0,0,0,0,0,1.4,Mikaela Ekdahl,https://www.sports-reference.com/cbb/players/mikaela-ekdahl-1.html,nebraska-omaha,2020-21
3,33,5,2020-12-17,Omaha,@,Illinois State,REG (Non-Conf),L 38-69,,12,0,1,.000,0,1,.000,0,0,,.000,2,2,1.000,0,0,0,1,1,0,2,2,2,0.2,Mikaela Ekdahl,https://www.sports-reference.com/cbb/players/mikaela-ekdahl-1.html,nebraska-omaha,2020-21
4,34,7,2021-01-09,Omaha,@,North Dakota State,REG (Conf),L 55-66,,9,0,1,.000,0,0,,0,1,.000,.000,2,2,1.000,0,1,1,0,0,0,0,2,2,0.8,Mikaela Ekdahl,https://www.sports-reference.com/cbb/players/mikaela-ekdahl-1.html,nebraska-omaha,2020-21
5,35,8,2021-01-15,Omaha,,South Dakota State,REG (Conf),L 50-62,,1,0,0,,0,0,,0,0,,,0,0,,0,0,0,0,0,0,0,0,0,0.0,Mikaela Ekdahl,https://www.sports-reference.com/cbb/players/mikaela-ekdahl-1.html,nebraska-omaha,2020-21
6,36,11,2021-02-07,Omaha,,Western Illinois,REG (Conf),L 66-89,,10,0,2,.000,0,2,.000,0,0,,.000,0,0,,1,0,1,1,0,0,2,0,0,-2.0,Mikaela Ekdahl,https://www.sports-reference.com/cbb/players/mikaela-ekdahl-1.html,nebraska-omaha,2020-21
7,37,13,2021-02-13,Omaha,@,Kansas City,REG (Conf),L 66-76,,1,0,0,,0,0,,0,0,,,0,0,,0,0,0,0,0,0,0,0,0,0.0,Mikaela Ekdahl,https://www.sports-reference.com/cbb/players/mikaela-ekdahl-1.html,nebraska-omaha,2020-21
8,38,14,2021-02-19,Omaha,,North Dakota,REG (Conf),W 73-61,*,6,0,0,,0,0,,0,0,,,0,0,,0,2,2,0,0,0,0,0,0,0.6,Mikaela Ekdahl,https://www.sports-reference.com/cbb/players/mikaela-ekdahl-1.html,nebraska-omaha,2020-21
9,39,15,2021-02-20,Omaha,,North Dakota,REG (Conf),W 75-72,*,3,0,0,,0,0,,0,0,,,0,0,,0,1,1,0,0,0,1,2,0,-1.5,Mikaela Ekdahl,https://www.sports-reference.com/cbb/players/mikaela-ekdahl-1.html,nebraska-omaha,2020-21
10,40,19,2021-03-08,Omaha,@,Western Illinois,CTOURN,W 69-55,,2,0,0,,0,0,,0,0,,,0,0,,0,0,0,0,0,0,1,1,0,-1.4,Mikaela Ekdahl,https://www.sports-reference.com/cbb/players/mikaela-ekdahl-1.html,nebraska-omaha,2020-21
11,41,20,2021-03-09,Omaha,@,South Dakota,CTOURN,L 43-66,,3,0,0,,0,0,,0,0,,,0,0,,0,0,0,0,0,0,0,0,0,0.0,Mikaela Ekdahl,https://www.sports-reference.com/cbb/players/mikaela-ekdahl-1.html,nebraska-omaha,2020-21
