ranker,player_game_num_career,team_game_num_season,date,team_name_abbr,game_location,opp_name_abbr,game_type,game_result,is_starter,mp,fg,fga,fg_pct,fg3,fg3a,fg3_pct,fg2,fg2a,fg2_pct,efg_pct,ft,fta,ft_pct,orb,drb,trb,ast,stl,blk,tov,pf,pts,game_score,player_name,player_sr_link,school,season
1,17,1,2020-11-25,Omaha,@,Iowa State,REG (Non-Conf),L 43-69,*,28,1,5,.200,0,1,.000,1,4,.250,.200,1,2,.500,0,5,5,3,1,0,3,1,3,0.7,Sarah Schmitt,https://www.sports-reference.com/cbb/players/sarah-schmitt-1.html,nebraska-omaha,2020-21
2,18,2,2020-11-29,Omaha,@,Northern Colorado,REG (Non-Conf),W 66-64,*,34,5,8,.625,2,4,.500,3,4,.750,.750,6,8,.750,0,5,5,3,2,1,1,1,18,18.5,Sarah Schmitt,https://www.sports-reference.com/cbb/players/sarah-schmitt-1.html,nebraska-omaha,2020-21
3,19,3,2020-12-06,Omaha,@,Illinois,REG (Non-Conf),L 50-53,*,27,1,5,.200,0,1,.000,1,4,.250,.200,2,2,1.000,0,5,5,5,0,0,2,2,4,3.1,Sarah Schmitt,https://www.sports-reference.com/cbb/players/sarah-schmitt-1.html,nebraska-omaha,2020-21
4,20,4,2020-12-12,Omaha,@,Kansas State,REG (Non-Conf),L 59-66,*,35,4,11,.364,0,2,.000,4,9,.444,.364,0,0,,0,4,4,4,2,0,2,4,8,4.3,Sarah Schmitt,https://www.sports-reference.com/cbb/players/sarah-schmitt-1.html,nebraska-omaha,2020-21
5,21,5,2020-12-17,Omaha,@,Illinois State,REG (Non-Conf),L 38-69,*,24,0,5,.000,0,2,.000,0,3,.000,.000,0,0,,0,1,1,3,2,0,4,3,0,-4.3,Sarah Schmitt,https://www.sports-reference.com/cbb/players/sarah-schmitt-1.html,nebraska-omaha,2020-21
6,22,6,2021-01-08,Omaha,@,North Dakota State,REG (Conf),L 53-62,,11,1,3,.333,0,1,.000,1,2,.500,.333,0,0,,0,2,2,1,1,0,2,5,2,-1.4,Sarah Schmitt,https://www.sports-reference.com/cbb/players/sarah-schmitt-1.html,nebraska-omaha,2020-21
7,23,7,2021-01-09,Omaha,@,North Dakota State,REG (Conf),L 55-66,,22,3,3,1.000,0,0,,3,3,1.000,1.000,1,2,.500,0,3,3,3,1,0,1,2,7,7.9,Sarah Schmitt,https://www.sports-reference.com/cbb/players/sarah-schmitt-1.html,nebraska-omaha,2020-21
8,24,8,2021-01-15,Omaha,,South Dakota State,REG (Conf),L 50-62,,10,0,2,.000,0,0,,0,2,.000,.000,0,0,,1,0,1,0,1,0,0,0,0,0.3,Sarah Schmitt,https://www.sports-reference.com/cbb/players/sarah-schmitt-1.html,nebraska-omaha,2020-21
9,25,9,2021-01-16,Omaha,,South Dakota State,REG (Conf),L 54-64,,30,2,4,.500,0,0,,2,4,.500,.500,4,6,.667,2,1,3,3,2,0,4,1,8,6.6,Sarah Schmitt,https://www.sports-reference.com/cbb/players/sarah-schmitt-1.html,nebraska-omaha,2020-21
10,26,10,2021-02-06,Omaha,,Western Illinois,REG (Conf),W 105-102 (2OT),*,38,3,6,.500,0,1,.000,3,5,.600,.500,0,0,,0,1,1,1,0,0,2,3,6,0.8,Sarah Schmitt,https://www.sports-reference.com/cbb/players/sarah-schmitt-1.html,nebraska-omaha,2020-21
11,27,11,2021-02-07,Omaha,,Western Illinois,REG (Conf),L 66-89,*,32,4,8,.500,0,1,.000,4,7,.571,.500,2,3,.667,0,4,4,3,1,0,2,1,10,7.5,Sarah Schmitt,https://www.sports-reference.com/cbb/players/sarah-schmitt-1.html,nebraska-omaha,2020-21
12,28,12,2021-02-12,Omaha,@,Kansas City,REG (Conf),L 59-69,*,34,1,3,.333,0,1,.000,1,2,.500,.333,2,4,.500,1,3,4,2,0,0,3,3,4,0.3,Sarah Schmitt,https://www.sports-reference.com/cbb/players/sarah-schmitt-1.html,nebraska-omaha,2020-21
13,29,13,2021-02-13,Omaha,@,Kansas City,REG (Conf),L 66-76,*,37,4,8,.500,2,4,.500,2,4,.500,.625,2,2,1.000,1,6,7,8,0,0,2,2,12,13.3,Sarah Schmitt,https://www.sports-reference.com/cbb/players/sarah-schmitt-1.html,nebraska-omaha,2020-21
14,30,14,2021-02-19,Omaha,,North Dakota,REG (Conf),W 73-61,,30,1,3,.333,0,0,,1,3,.333,.333,3,6,.500,1,1,2,4,0,0,0,3,5,4.7,Sarah Schmitt,https://www.sports-reference.com/cbb/players/sarah-schmitt-1.html,nebraska-omaha,2020-21
15,31,15,2021-02-20,Omaha,,North Dakota,REG (Conf),W 75-72,,37,8,12,.667,0,1,.000,8,11,.727,.667,2,6,.333,1,5,6,7,3,0,2,2,18,18.5,Sarah Schmitt,https://www.sports-reference.com/cbb/players/sarah-schmitt-1.html,nebraska-omaha,2020-21
16,32,16,2021-02-26,Omaha,@,Denver,REG (Conf),L 82-94,*,30,5,13,.385,0,3,.000,5,10,.500,.385,0,2,.000,4,3,7,1,1,1,3,3,10,4.0,Sarah Schmitt,https://www.sports-reference.com/cbb/players/sarah-schmitt-1.html,nebraska-omaha,2020-21
17,33,17,2021-02-27,Omaha,@,Denver,REG (Conf),W 80-75,*,13,0,3,.000,0,1,.000,0,2,.000,.000,0,0,,1,1,2,2,0,0,0,0,0,0.3,Sarah Schmitt,https://www.sports-reference.com/cbb/players/sarah-schmitt-1.html,nebraska-omaha,2020-21
18,34,18,2021-03-06,Omaha,@,South Dakota State,CTOURN,W 52-40,*,36,1,7,.143,0,2,.000,1,5,.200,.143,2,4,.500,1,4,5,6,1,0,3,1,4,2.4,Sarah Schmitt,https://www.sports-reference.com/cbb/players/sarah-schmitt-1.html,nebraska-omaha,2020-21
19,35,19,2021-03-08,Omaha,@,Western Illinois,CTOURN,W 69-55,*,37,2,6,.333,0,1,.000,2,5,.400,.333,6,8,.750,1,1,2,4,0,0,2,2,10,6.8,Sarah Schmitt,https://www.sports-reference.com/cbb/players/sarah-schmitt-1.html,nebraska-omaha,2020-21
20,36,20,2021-03-09,Omaha,@,South Dakota,CTOURN,L 43-66,*,27,2,6,.333,0,1,.000,2,5,.400,.333,0,0,,1,1,2,2,0,0,3,4,4,-1.6,Sarah Schmitt,https://www.sports-reference.com/cbb/players/sarah-schmitt-1.html,nebraska-omaha,2020-21
