ranker,player_game_num_career,team_game_num_season,date,team_name_abbr,game_location,opp_name_abbr,game_type,game_result,is_starter,mp,fg,fga,fg_pct,fg3,fg3a,fg3_pct,fg2,fg2a,fg2_pct,efg_pct,ft,fta,ft_pct,orb,drb,trb,ast,stl,blk,tov,pf,pts,game_score,player_name,player_sr_link,school,season
1,60,1,2020-11-25,Omaha,@,Iowa State,REG (Non-Conf),L 43-69,*,27,2,8,.250,0,1,.000,2,7,.286,.250,1,2,.500,0,4,4,1,0,0,1,2,5,-0.1,Sophie Johnston,https://www.sports-reference.com/cbb/players/sophie-johnston-1.html,nebraska-omaha,2020-21
2,61,2,2020-11-29,Omaha,@,Northern Colorado,REG (Non-Conf),W 66-64,*,32,2,3,.667,1,2,.500,1,1,1.000,.833,0,0,,1,3,4,0,1,0,4,2,5,1.5,Sophie Johnston,https://www.sports-reference.com/cbb/players/sophie-johnston-1.html,nebraska-omaha,2020-21
3,62,3,2020-12-06,Omaha,@,Illinois,REG (Non-Conf),L 50-53,*,37,3,7,.429,1,2,.500,2,5,.400,.500,0,0,,0,1,1,0,0,0,2,2,7,0.8,Sophie Johnston,https://www.sports-reference.com/cbb/players/sophie-johnston-1.html,nebraska-omaha,2020-21
4,63,4,2020-12-12,Omaha,@,Kansas State,REG (Non-Conf),L 59-66,*,27,1,5,.200,0,3,.000,1,2,.500,.200,0,0,,1,2,3,2,0,0,0,1,2,1.2,Sophie Johnston,https://www.sports-reference.com/cbb/players/sophie-johnston-1.html,nebraska-omaha,2020-21
5,64,5,2020-12-17,Omaha,@,Illinois State,REG (Non-Conf),L 38-69,*,18,1,2,.500,0,0,,1,2,.500,.500,0,0,,0,0,0,0,0,0,0,3,2,-0.2,Sophie Johnston,https://www.sports-reference.com/cbb/players/sophie-johnston-1.html,nebraska-omaha,2020-21
6,65,6,2021-01-08,Omaha,@,North Dakota State,REG (Conf),L 53-62,,16,2,2,1.000,0,0,,2,2,1.000,1.000,0,0,,1,0,1,0,0,0,1,2,4,2.3,Sophie Johnston,https://www.sports-reference.com/cbb/players/sophie-johnston-1.html,nebraska-omaha,2020-21
7,66,7,2021-01-09,Omaha,@,North Dakota State,REG (Conf),L 55-66,,21,1,1,1.000,0,0,,1,1,1.000,1.000,0,0,,0,0,0,0,0,0,1,0,2,0.7,Sophie Johnston,https://www.sports-reference.com/cbb/players/sophie-johnston-1.html,nebraska-omaha,2020-21
8,67,8,2021-01-15,Omaha,,South Dakota State,REG (Conf),L 50-62,,9,0,1,.000,0,0,,0,1,.000,.000,0,0,,1,0,1,0,0,0,0,0,0,0.0,Sophie Johnston,https://www.sports-reference.com/cbb/players/sophie-johnston-1.html,nebraska-omaha,2020-21
9,68,10,2021-02-06,Omaha,,Western Illinois,REG (Conf),W 105-102 (2OT),*,43,5,8,.625,2,3,.667,3,5,.600,.750,5,6,.833,2,6,8,2,1,0,2,5,17,14.6,Sophie Johnston,https://www.sports-reference.com/cbb/players/sophie-johnston-1.html,nebraska-omaha,2020-21
10,69,11,2021-02-07,Omaha,,Western Illinois,REG (Conf),L 66-89,*,27,4,7,.571,2,5,.400,2,2,1.000,.714,1,2,.500,0,2,2,2,0,0,2,2,11,6.5,Sophie Johnston,https://www.sports-reference.com/cbb/players/sophie-johnston-1.html,nebraska-omaha,2020-21
11,70,12,2021-02-12,Omaha,@,Kansas City,REG (Conf),L 59-69,*,27,1,6,.167,0,3,.000,1,3,.333,.167,1,2,.500,2,1,3,1,0,0,2,3,3,-2.0,Sophie Johnston,https://www.sports-reference.com/cbb/players/sophie-johnston-1.html,nebraska-omaha,2020-21
12,71,13,2021-02-13,Omaha,@,Kansas City,REG (Conf),L 66-76,*,19,1,5,.200,1,2,.500,0,3,.000,.300,0,0,,0,2,2,0,0,0,0,1,3,0.1,Sophie Johnston,https://www.sports-reference.com/cbb/players/sophie-johnston-1.html,nebraska-omaha,2020-21
13,72,14,2021-02-19,Omaha,,North Dakota,REG (Conf),W 73-61,*,29,1,2,.500,1,1,1.000,0,1,.000,.750,4,4,1.000,1,4,5,2,1,0,1,4,7,7.7,Sophie Johnston,https://www.sports-reference.com/cbb/players/sophie-johnston-1.html,nebraska-omaha,2020-21
14,73,15,2021-02-20,Omaha,,North Dakota,REG (Conf),W 75-72,*,35,2,5,.400,2,4,.500,0,1,.000,.600,0,2,.000,1,5,6,3,0,0,2,1,6,4.4,Sophie Johnston,https://www.sports-reference.com/cbb/players/sophie-johnston-1.html,nebraska-omaha,2020-21
15,74,16,2021-02-26,Omaha,@,Denver,REG (Conf),L 82-94,*,38,4,7,.571,2,4,.500,2,3,.667,.714,0,0,,0,8,8,5,0,0,1,3,10,10.4,Sophie Johnston,https://www.sports-reference.com/cbb/players/sophie-johnston-1.html,nebraska-omaha,2020-21
16,75,17,2021-02-27,Omaha,@,Denver,REG (Conf),W 80-75,*,29,4,6,.667,2,3,.667,2,3,.667,.833,0,0,,1,4,5,2,0,0,3,2,10,6.9,Sophie Johnston,https://www.sports-reference.com/cbb/players/sophie-johnston-1.html,nebraska-omaha,2020-21
17,76,18,2021-03-06,Omaha,@,South Dakota State,CTOURN,W 52-40,*,40,3,6,.500,0,1,.000,3,5,.600,.500,0,1,.000,0,4,4,0,1,0,0,4,6,3.2,Sophie Johnston,https://www.sports-reference.com/cbb/players/sophie-johnston-1.html,nebraska-omaha,2020-21
18,77,19,2021-03-08,Omaha,@,Western Illinois,CTOURN,W 69-55,*,23,2,4,.500,1,2,.500,1,2,.500,.625,3,4,.750,1,1,2,1,0,1,2,3,8,4.8,Sophie Johnston,https://www.sports-reference.com/cbb/players/sophie-johnston-1.html,nebraska-omaha,2020-21
19,78,20,2021-03-09,Omaha,@,South Dakota,CTOURN,L 43-66,*,35,1,7,.143,1,3,.333,0,4,.000,.214,0,0,,1,0,1,0,1,0,0,0,3,0.2,Sophie Johnston,https://www.sports-reference.com/cbb/players/sophie-johnston-1.html,nebraska-omaha,2020-21
