ranker,player_game_num_career,team_game_num_season,date,team_name_abbr,game_location,opp_name_abbr,game_type,game_result,is_starter,mp,fg,fga,fg_pct,fg3,fg3a,fg3_pct,fg2,fg2a,fg2_pct,efg_pct,ft,fta,ft_pct,orb,drb,trb,ast,stl,blk,tov,pf,pts,game_score,player_name,player_sr_link,school,season
1,1,1,2020-12-14,North Carolina A&T,@,UNC Greensboro,REG (Non-Conf),L 46-49,,7,2,4,.500,0,1,.000,2,3,.667,.500,1,2,.500,0,0,0,0,1,0,1,0,5,2.6,Asjah Inniss,https://www.sports-reference.com/cbb/players/asjah-inniss-1.html,north-carolina-at,2020-21
2,2,2,2020-12-20,North Carolina A&T,,Elon,REG (Non-Conf),W 80-64,,13,1,7,.143,0,0,,1,7,.143,.143,1,1,1.000,2,1,3,3,0,0,1,1,3,0.9,Asjah Inniss,https://www.sports-reference.com/cbb/players/asjah-inniss-1.html,north-carolina-at,2020-21
3,3,3,2021-01-03,North Carolina A&T,,Averett,REG (Non-Conf),W 102-36,,21,1,3,.333,0,1,.000,1,2,.500,.333,3,4,.750,1,3,4,7,6,0,5,1,5,10.0,Asjah Inniss,https://www.sports-reference.com/cbb/players/asjah-inniss-1.html,north-carolina-at,2020-21
4,4,4,2021-01-09,North Carolina A&T,@,South Carolina State,REG (Conf),W 78-39,,22,1,7,.143,0,0,,1,7,.143,.143,3,4,.750,2,2,4,2,0,0,2,1,5,1.1,Asjah Inniss,https://www.sports-reference.com/cbb/players/asjah-inniss-1.html,north-carolina-at,2020-21
5,5,5,2021-01-10,North Carolina A&T,@,South Carolina State,REG (Conf),W 97-54,,20,3,9,.333,0,2,.000,3,7,.429,.333,1,1,1.000,2,1,3,3,1,0,2,2,7,3.9,Asjah Inniss,https://www.sports-reference.com/cbb/players/asjah-inniss-1.html,north-carolina-at,2020-21
6,6,6,2021-01-16,North Carolina A&T,,Norfolk State,REG (Conf),W 60-47,,3,1,2,.500,0,0,,1,2,.500,.500,0,0,,0,1,1,0,1,0,1,3,2,0.1,Asjah Inniss,https://www.sports-reference.com/cbb/players/asjah-inniss-1.html,north-carolina-at,2020-21
7,7,7,2021-01-17,North Carolina A&T,,Norfolk State,REG (Conf),W 49-32,,16,1,5,.200,0,0,,1,5,.200,.200,1,1,1.000,0,2,2,2,1,1,3,2,3,-0.2,Asjah Inniss,https://www.sports-reference.com/cbb/players/asjah-inniss-1.html,north-carolina-at,2020-21
8,8,8,2021-01-24,North Carolina A&T,@,Delaware State,REG (Non-Conf),W 86-59,,13,0,0,,0,0,,0,0,,,0,0,,1,4,5,2,0,0,3,4,0,-1.3,Asjah Inniss,https://www.sports-reference.com/cbb/players/asjah-inniss-1.html,north-carolina-at,2020-21
9,9,9,2021-02-13,North Carolina A&T,@,North Carolina Central,REG (Conf),W 87-57,,18,1,5,.200,0,2,.000,1,3,.333,.200,0,0,,0,5,5,5,1,0,1,0,2,3.9,Asjah Inniss,https://www.sports-reference.com/cbb/players/asjah-inniss-1.html,north-carolina-at,2020-21
10,10,11,2021-02-20,North Carolina A&T,@,Norfolk State,REG (Conf),W 65-60,,8,0,1,.000,0,1,.000,0,0,,.000,1,2,.500,1,1,2,0,0,0,1,2,1,-0.9,Asjah Inniss,https://www.sports-reference.com/cbb/players/asjah-inniss-1.html,north-carolina-at,2020-21
11,11,12,2021-02-21,North Carolina A&T,@,Norfolk State,REG (Conf),L 54-65,,16,2,6,.333,0,2,.000,2,4,.500,.333,0,0,,5,4,9,0,0,0,2,3,4,2.1,Asjah Inniss,https://www.sports-reference.com/cbb/players/asjah-inniss-1.html,north-carolina-at,2020-21
12,12,13,2021-02-27,North Carolina A&T,,North Carolina Central,REG (Conf),W 84-54,,15,1,5,.200,0,0,,1,5,.200,.200,0,0,,2,2,4,2,2,0,1,1,2,2.9,Asjah Inniss,https://www.sports-reference.com/cbb/players/asjah-inniss-1.html,north-carolina-at,2020-21
13,13,14,2021-02-28,North Carolina A&T,,North Carolina Central,REG (Conf),W 78-56,,4,0,2,.000,0,0,,0,2,.000,.000,0,0,,0,0,0,0,0,0,0,0,0,-1.4,Asjah Inniss,https://www.sports-reference.com/cbb/players/asjah-inniss-1.html,north-carolina-at,2020-21
