ranker,player_game_num_career,team_game_num_season,date,team_name_abbr,game_location,opp_name_abbr,game_type,game_result,is_starter,mp,fg,fga,fg_pct,fg3,fg3a,fg3_pct,fg2,fg2a,fg2_pct,efg_pct,ft,fta,ft_pct,orb,drb,trb,ast,stl,blk,tov,pf,pts,game_score,player_name,player_sr_link,school,season
1,99,1,2020-12-14,North Carolina A&T,@,UNC Greensboro,REG (Non-Conf),L 46-49,*,35,4,11,.364,0,2,.000,4,9,.444,.364,1,2,.500,7,4,11,1,3,1,5,1,9,7.6,Chanin Scott,https://www.sports-reference.com/cbb/players/chanin-scott-1.html,north-carolina-at,2020-21
2,100,2,2020-12-20,North Carolina A&T,,Elon,REG (Non-Conf),W 80-64,,27,2,6,.333,0,0,,2,6,.333,.333,3,6,.500,4,5,9,3,2,0,2,2,7,8.0,Chanin Scott,https://www.sports-reference.com/cbb/players/chanin-scott-1.html,north-carolina-at,2020-21
3,101,4,2021-01-09,North Carolina A&T,@,South Carolina State,REG (Conf),W 78-39,,25,7,10,.700,1,1,1.000,6,9,.667,.750,2,2,1.000,2,4,6,0,0,2,0,2,17,16.0,Chanin Scott,https://www.sports-reference.com/cbb/players/chanin-scott-1.html,north-carolina-at,2020-21
4,102,5,2021-01-10,North Carolina A&T,@,South Carolina State,REG (Conf),W 97-54,*,26,7,17,.412,0,1,.000,7,16,.438,.412,0,0,,7,2,9,5,6,0,1,1,14,18.5,Chanin Scott,https://www.sports-reference.com/cbb/players/chanin-scott-1.html,north-carolina-at,2020-21
5,103,6,2021-01-16,North Carolina A&T,,Norfolk State,REG (Conf),W 60-47,*,37,7,13,.538,0,1,.000,7,12,.583,.538,2,2,1.000,4,6,10,3,1,1,3,1,16,14.7,Chanin Scott,https://www.sports-reference.com/cbb/players/chanin-scott-1.html,north-carolina-at,2020-21
6,104,7,2021-01-17,North Carolina A&T,,Norfolk State,REG (Conf),W 49-32,*,36,3,12,.250,0,0,,3,12,.250,.250,0,0,,6,6,12,4,0,1,1,0,6,7.3,Chanin Scott,https://www.sports-reference.com/cbb/players/chanin-scott-1.html,north-carolina-at,2020-21
7,105,8,2021-01-24,North Carolina A&T,@,Delaware State,REG (Non-Conf),W 86-59,*,34,5,11,.455,1,2,.500,4,9,.444,.500,4,4,1.000,1,7,8,4,3,1,2,2,15,15.8,Chanin Scott,https://www.sports-reference.com/cbb/players/chanin-scott-1.html,north-carolina-at,2020-21
8,106,9,2021-02-13,North Carolina A&T,@,North Carolina Central,REG (Conf),W 87-57,*,25,6,16,.375,1,1,1.000,5,15,.333,.406,0,0,,2,4,6,3,1,1,1,3,13,8.4,Chanin Scott,https://www.sports-reference.com/cbb/players/chanin-scott-1.html,north-carolina-at,2020-21
9,107,10,2021-02-14,North Carolina A&T,@,North Carolina Central,REG (Conf),W 72-62,*,29,7,13,.538,0,1,.000,7,12,.583,.538,8,9,.889,4,7,11,3,4,0,4,4,22,20.7,Chanin Scott,https://www.sports-reference.com/cbb/players/chanin-scott-1.html,north-carolina-at,2020-21
10,108,11,2021-02-20,North Carolina A&T,@,Norfolk State,REG (Conf),W 65-60,*,35,8,15,.533,1,3,.333,7,12,.583,.567,2,4,.500,3,2,5,3,1,0,1,2,19,14.9,Chanin Scott,https://www.sports-reference.com/cbb/players/chanin-scott-1.html,north-carolina-at,2020-21
11,109,12,2021-02-21,North Carolina A&T,@,Norfolk State,REG (Conf),L 54-65,*,38,6,12,.500,1,2,.500,5,10,.500,.542,2,2,1.000,3,2,5,2,1,0,6,1,15,7.7,Chanin Scott,https://www.sports-reference.com/cbb/players/chanin-scott-1.html,north-carolina-at,2020-21
12,110,13,2021-02-27,North Carolina A&T,,North Carolina Central,REG (Conf),W 84-54,*,36,10,23,.435,0,2,.000,10,21,.476,.435,3,4,.750,2,3,5,4,4,2,2,1,23,18.6,Chanin Scott,https://www.sports-reference.com/cbb/players/chanin-scott-1.html,north-carolina-at,2020-21
13,111,14,2021-02-28,North Carolina A&T,,North Carolina Central,REG (Conf),W 78-56,*,28,5,12,.417,0,1,.000,5,11,.455,.417,1,1,1.000,3,8,11,8,6,1,3,3,11,17.2,Chanin Scott,https://www.sports-reference.com/cbb/players/chanin-scott-1.html,north-carolina-at,2020-21
14,112,15,2021-03-12,North Carolina A&T,,Morgan State,CTOURN,W 69-54,*,37,3,10,.300,0,0,,3,10,.300,.300,0,0,,6,6,12,8,1,1,5,1,6,8.1,Chanin Scott,https://www.sports-reference.com/cbb/players/chanin-scott-1.html,north-carolina-at,2020-21
15,113,16,2021-03-13,North Carolina A&T,,Howard,CTOURN,W 59-57,*,36,3,6,.500,0,1,.000,3,5,.600,.500,6,7,.857,1,10,11,2,1,1,2,3,12,12.2,Chanin Scott,https://www.sports-reference.com/cbb/players/chanin-scott-1.html,north-carolina-at,2020-21
16,114,17,2021-03-21,North Carolina A&T,N,NC State,ROUND-64,L 58-79,*,36,11,19,.579,1,3,.333,10,16,.625,.605,0,0,,1,6,7,3,3,0,1,4,23,19.1,Chanin Scott,https://www.sports-reference.com/cbb/players/chanin-scott-1.html,north-carolina-at,2020-21
