ranker,player_game_num_career,team_game_num_season,date,team_name_abbr,game_location,opp_name_abbr,game_type,game_result,is_starter,mp,fg,fga,fg_pct,fg3,fg3a,fg3_pct,fg2,fg2a,fg2_pct,efg_pct,ft,fta,ft_pct,orb,drb,trb,ast,stl,blk,tov,pf,pts,game_score,player_name,player_sr_link,school,season
1,1,1,2020-12-14,North Carolina A&T,@,UNC Greensboro,REG (Non-Conf),L 46-49,*,21,6,9,.667,0,1,.000,6,8,.750,.667,0,0,,1,2,3,1,1,1,1,2,12,10.0,DâMya Tucker,https://www.sports-reference.com/cbb/players/dmya-tucker-1.html,north-carolina-at,2020-21
2,2,2,2020-12-20,North Carolina A&T,,Elon,REG (Non-Conf),W 80-64,*,20,4,6,.667,1,2,.500,3,4,.750,.750,3,3,1.000,2,1,3,2,0,0,3,1,12,9.1,DâMya Tucker,https://www.sports-reference.com/cbb/players/dmya-tucker-1.html,north-carolina-at,2020-21
3,3,3,2021-01-03,North Carolina A&T,,Averett,REG (Non-Conf),W 102-36,*,28,6,7,.857,0,0,,6,7,.857,.857,4,6,.667,0,5,5,5,6,0,1,1,16,22.3,DâMya Tucker,https://www.sports-reference.com/cbb/players/dmya-tucker-1.html,north-carolina-at,2020-21
4,4,4,2021-01-09,North Carolina A&T,@,South Carolina State,REG (Conf),W 78-39,*,31,6,11,.545,1,3,.333,5,8,.625,.591,0,0,,3,3,6,3,2,0,3,3,13,10.6,DâMya Tucker,https://www.sports-reference.com/cbb/players/dmya-tucker-1.html,north-carolina-at,2020-21
5,5,5,2021-01-10,North Carolina A&T,@,South Carolina State,REG (Conf),W 97-54,*,26,8,13,.615,2,4,.500,6,9,.667,.692,1,2,.500,0,3,3,3,0,0,1,0,19,14.7,DâMya Tucker,https://www.sports-reference.com/cbb/players/dmya-tucker-1.html,north-carolina-at,2020-21
6,6,6,2021-01-16,North Carolina A&T,,Norfolk State,REG (Conf),W 60-47,*,23,1,6,.167,0,1,.000,1,5,.200,.167,0,0,,0,4,4,3,0,0,2,2,2,-1.3,DâMya Tucker,https://www.sports-reference.com/cbb/players/dmya-tucker-1.html,north-carolina-at,2020-21
7,7,7,2021-01-17,North Carolina A&T,,Norfolk State,REG (Conf),W 49-32,*,31,1,7,.143,0,0,,1,7,.143,.143,2,2,1.000,3,8,11,0,0,0,5,1,4,-1.4,DâMya Tucker,https://www.sports-reference.com/cbb/players/dmya-tucker-1.html,north-carolina-at,2020-21
8,8,11,2021-02-20,North Carolina A&T,@,Norfolk State,REG (Conf),W 65-60,,8,1,1,1.000,1,1,1.000,0,0,,1.500,0,0,,0,0,0,1,0,0,2,0,3,1.4,DâMya Tucker,https://www.sports-reference.com/cbb/players/dmya-tucker-1.html,north-carolina-at,2020-21
9,9,12,2021-02-21,North Carolina A&T,@,Norfolk State,REG (Conf),L 54-65,,26,3,9,.333,0,3,.000,3,6,.500,.333,1,2,.500,0,1,1,3,1,0,3,2,7,1.1,DâMya Tucker,https://www.sports-reference.com/cbb/players/dmya-tucker-1.html,north-carolina-at,2020-21
10,10,13,2021-02-27,North Carolina A&T,,North Carolina Central,REG (Conf),W 84-54,,19,3,6,.500,0,1,.000,3,5,.600,.500,0,0,,1,2,3,2,0,0,0,0,6,5.7,DâMya Tucker,https://www.sports-reference.com/cbb/players/dmya-tucker-1.html,north-carolina-at,2020-21
11,11,14,2021-02-28,North Carolina A&T,,North Carolina Central,REG (Conf),W 78-56,,20,2,13,.154,1,4,.250,1,9,.111,.192,2,4,.500,2,7,9,2,2,0,3,1,7,1.4,DâMya Tucker,https://www.sports-reference.com/cbb/players/dmya-tucker-1.html,north-carolina-at,2020-21
12,12,15,2021-03-12,North Carolina A&T,,Morgan State,CTOURN,W 69-54,*,29,2,6,.333,0,1,.000,2,5,.400,.333,1,2,.500,1,4,5,0,0,0,3,0,5,0.1,DâMya Tucker,https://www.sports-reference.com/cbb/players/dmya-tucker-1.html,north-carolina-at,2020-21
13,13,16,2021-03-13,North Carolina A&T,,Howard,CTOURN,W 59-57,*,24,0,6,.000,0,2,.000,0,4,.000,.000,0,0,,1,1,2,1,0,0,5,1,0,-7.9,DâMya Tucker,https://www.sports-reference.com/cbb/players/dmya-tucker-1.html,north-carolina-at,2020-21
14,14,17,2021-03-21,North Carolina A&T,N,NC State,ROUND-64,L 58-79,,23,2,6,.333,1,1,1.000,1,5,.200,.417,0,0,,0,2,2,0,1,0,1,1,5,1.8,DâMya Tucker,https://www.sports-reference.com/cbb/players/dmya-tucker-1.html,north-carolina-at,2020-21
