ranker,player_game_num_career,team_game_num_season,date,team_name_abbr,game_location,opp_name_abbr,game_type,game_result,is_starter,mp,fg,fga,fg_pct,fg3,fg3a,fg3_pct,fg2,fg2a,fg2_pct,efg_pct,ft,fta,ft_pct,orb,drb,trb,ast,stl,blk,tov,pf,pts,game_score,player_name,player_sr_link,school,season
1,87,1,2020-12-14,North Carolina A&T,@,UNC Greensboro,REG (Non-Conf),L 46-49,,19,2,10,.200,0,5,.000,2,5,.400,.200,0,0,,2,1,3,0,4,0,1,3,4,1.3,Deja Winters,https://www.sports-reference.com/cbb/players/deja-winters-1.html,north-carolina-at,2020-21
2,88,2,2020-12-20,North Carolina A&T,,Elon,REG (Non-Conf),W 80-64,,30,8,12,.667,7,10,.700,1,2,.500,.958,2,2,1.000,1,2,3,1,1,0,1,0,25,21.8,Deja Winters,https://www.sports-reference.com/cbb/players/deja-winters-1.html,north-carolina-at,2020-21
3,89,3,2021-01-03,North Carolina A&T,,Averett,REG (Non-Conf),W 102-36,,24,9,17,.529,2,5,.400,7,12,.583,.588,1,2,.500,2,5,7,2,4,0,1,2,21,18.8,Deja Winters,https://www.sports-reference.com/cbb/players/deja-winters-1.html,north-carolina-at,2020-21
4,90,4,2021-01-09,North Carolina A&T,@,South Carolina State,REG (Conf),W 78-39,*,23,3,8,.375,0,3,.000,3,5,.600,.375,0,0,,2,5,7,3,0,0,2,1,6,4.2,Deja Winters,https://www.sports-reference.com/cbb/players/deja-winters-1.html,north-carolina-at,2020-21
5,91,5,2021-01-10,North Carolina A&T,@,South Carolina State,REG (Conf),W 97-54,,22,7,15,.467,7,14,.500,0,1,.000,.700,0,0,,0,2,2,3,2,0,1,1,21,16.6,Deja Winters,https://www.sports-reference.com/cbb/players/deja-winters-1.html,north-carolina-at,2020-21
6,92,6,2021-01-16,North Carolina A&T,,Norfolk State,REG (Conf),W 60-47,,24,4,8,.500,4,7,.571,0,1,.000,.750,0,0,,1,2,3,2,0,2,2,0,12,10.1,Deja Winters,https://www.sports-reference.com/cbb/players/deja-winters-1.html,north-carolina-at,2020-21
7,93,7,2021-01-17,North Carolina A&T,,Norfolk State,REG (Conf),W 49-32,,25,1,7,.143,0,4,.000,1,3,.333,.143,0,0,,1,2,3,1,3,0,1,2,2,0.7,Deja Winters,https://www.sports-reference.com/cbb/players/deja-winters-1.html,north-carolina-at,2020-21
8,94,8,2021-01-24,North Carolina A&T,@,Delaware State,REG (Non-Conf),W 86-59,*,28,8,21,.381,2,13,.154,6,8,.750,.429,2,2,1.000,1,1,2,0,0,0,2,2,20,6.7,Deja Winters,https://www.sports-reference.com/cbb/players/deja-winters-1.html,north-carolina-at,2020-21
9,95,9,2021-02-13,North Carolina A&T,@,North Carolina Central,REG (Conf),W 87-57,*,24,10,15,.667,6,9,.667,4,6,.667,.867,0,0,,0,3,3,3,3,1,2,2,26,23.4,Deja Winters,https://www.sports-reference.com/cbb/players/deja-winters-1.html,north-carolina-at,2020-21
10,96,10,2021-02-14,North Carolina A&T,@,North Carolina Central,REG (Conf),W 72-62,*,40,2,16,.125,1,12,.083,1,4,.250,.156,2,2,1.000,0,3,3,1,2,0,3,2,7,-3.6,Deja Winters,https://www.sports-reference.com/cbb/players/deja-winters-1.html,north-carolina-at,2020-21
11,97,11,2021-02-20,North Carolina A&T,@,Norfolk State,REG (Conf),W 65-60,*,34,3,13,.231,3,11,.273,0,2,.000,.346,2,2,1.000,0,2,2,1,3,0,2,0,11,5.4,Deja Winters,https://www.sports-reference.com/cbb/players/deja-winters-1.html,north-carolina-at,2020-21
12,98,12,2021-02-21,North Carolina A&T,@,Norfolk State,REG (Conf),L 54-65,*,31,2,9,.222,2,8,.250,0,1,.000,.333,0,0,,0,3,3,1,1,2,2,2,6,1.7,Deja Winters,https://www.sports-reference.com/cbb/players/deja-winters-1.html,north-carolina-at,2020-21
13,99,13,2021-02-27,North Carolina A&T,,North Carolina Central,REG (Conf),W 84-54,*,33,7,13,.538,4,10,.400,3,3,1.000,.692,2,3,.667,1,4,5,2,2,0,0,0,20,18.6,Deja Winters,https://www.sports-reference.com/cbb/players/deja-winters-1.html,north-carolina-at,2020-21
14,100,14,2021-02-28,North Carolina A&T,,North Carolina Central,REG (Conf),W 78-56,*,36,8,18,.444,4,13,.308,4,5,.800,.556,0,0,,0,1,1,1,3,0,3,1,20,11.2,Deja Winters,https://www.sports-reference.com/cbb/players/deja-winters-1.html,north-carolina-at,2020-21
15,101,15,2021-03-12,North Carolina A&T,,Morgan State,CTOURN,W 69-54,*,33,8,16,.500,6,11,.545,2,5,.400,.688,0,0,,2,1,3,4,4,2,2,2,22,21.1,Deja Winters,https://www.sports-reference.com/cbb/players/deja-winters-1.html,north-carolina-at,2020-21
16,102,16,2021-03-13,North Carolina A&T,,Howard,CTOURN,W 59-57,*,36,5,14,.357,4,9,.444,1,5,.200,.500,1,1,1.000,1,1,2,2,1,0,0,1,15,10.2,Deja Winters,https://www.sports-reference.com/cbb/players/deja-winters-1.html,north-carolina-at,2020-21
17,103,17,2021-03-21,North Carolina A&T,N,NC State,ROUND-64,L 58-79,*,34,0,9,.000,0,6,.000,0,3,.000,.000,2,4,.500,0,3,3,2,3,0,1,3,2,-2.0,Deja Winters,https://www.sports-reference.com/cbb/players/deja-winters-1.html,north-carolina-at,2020-21
