ranker,player_game_num_career,team_game_num_season,date,team_name_abbr,game_location,opp_name_abbr,game_type,game_result,is_starter,mp,fg,fga,fg_pct,fg3,fg3a,fg2,fg2a,fg2_pct,efg_pct,ft,fta,ft_pct,orb,drb,trb,ast,stl,blk,tov,pf,pts,game_score,player_name,player_sr_link,school,season
1,7,2,2020-12-20,North Carolina A&T,,Elon,REG (Non-Conf),W 80-64,,12,1,5,.200,0,0,1,5,.200,.200,2,2,1.000,1,1,2,0,0,0,0,0,4,1.9,Jada Smith,https://www.sports-reference.com/cbb/players/jada-smith-1.html,north-carolina-at,2020-21
2,8,3,2021-01-03,North Carolina A&T,,Averett,REG (Non-Conf),W 102-36,,13,2,5,.400,0,0,2,5,.400,.400,0,1,.000,2,2,4,0,0,0,2,2,4,0.1,Jada Smith,https://www.sports-reference.com/cbb/players/jada-smith-1.html,north-carolina-at,2020-21
3,9,4,2021-01-09,North Carolina A&T,@,South Carolina State,REG (Conf),W 78-39,,26,4,12,.333,0,0,4,12,.333,.333,2,4,.500,4,7,11,1,2,0,3,1,10,6.6,Jada Smith,https://www.sports-reference.com/cbb/players/jada-smith-1.html,north-carolina-at,2020-21
4,10,5,2021-01-10,North Carolina A&T,@,South Carolina State,REG (Conf),W 97-54,,13,2,3,.667,0,0,2,3,.667,.667,2,2,1.000,2,0,2,0,1,0,1,3,6,4.9,Jada Smith,https://www.sports-reference.com/cbb/players/jada-smith-1.html,north-carolina-at,2020-21
5,11,6,2021-01-16,North Carolina A&T,,Norfolk State,REG (Conf),W 60-47,,21,1,1,1.000,0,0,1,1,1.000,1.000,0,0,,1,3,4,0,2,1,4,4,2,0.4,Jada Smith,https://www.sports-reference.com/cbb/players/jada-smith-1.html,north-carolina-at,2020-21
6,12,7,2021-01-17,North Carolina A&T,,Norfolk State,REG (Conf),W 49-32,,12,1,3,.333,0,0,1,3,.333,.333,0,1,.000,0,2,2,0,0,0,1,2,2,-1.3,Jada Smith,https://www.sports-reference.com/cbb/players/jada-smith-1.html,north-carolina-at,2020-21
7,13,8,2021-01-24,North Carolina A&T,@,Delaware State,REG (Non-Conf),W 86-59,,5,1,2,.500,0,0,1,2,.500,.500,0,0,,2,0,2,0,0,0,0,0,2,2.4,Jada Smith,https://www.sports-reference.com/cbb/players/jada-smith-1.html,north-carolina-at,2020-21
8,14,9,2021-02-13,North Carolina A&T,@,North Carolina Central,REG (Conf),W 87-57,,21,1,1,1.000,0,0,1,1,1.000,1.000,2,2,1.000,1,1,2,0,2,0,0,2,4,5.9,Jada Smith,https://www.sports-reference.com/cbb/players/jada-smith-1.html,north-carolina-at,2020-21
9,15,10,2021-02-14,North Carolina A&T,@,North Carolina Central,REG (Conf),W 72-62,,6,1,2,.500,0,0,1,2,.500,.500,0,0,,0,0,0,0,0,0,1,0,2,0.0,Jada Smith,https://www.sports-reference.com/cbb/players/jada-smith-1.html,north-carolina-at,2020-21
10,16,11,2021-02-20,North Carolina A&T,@,Norfolk State,REG (Conf),W 65-60,,15,1,6,.167,0,0,1,6,.167,.167,0,0,,2,2,4,1,1,0,1,0,2,0.9,Jada Smith,https://www.sports-reference.com/cbb/players/jada-smith-1.html,north-carolina-at,2020-21
11,17,12,2021-02-21,North Carolina A&T,@,Norfolk State,REG (Conf),L 54-65,,18,3,7,.429,0,0,3,7,.429,.429,2,2,1.000,0,1,1,2,2,0,0,1,8,7.6,Jada Smith,https://www.sports-reference.com/cbb/players/jada-smith-1.html,north-carolina-at,2020-21
12,18,13,2021-02-27,North Carolina A&T,,North Carolina Central,REG (Conf),W 84-54,,14,5,7,.714,0,0,5,7,.714,.714,2,2,1.000,2,0,2,0,3,0,1,3,12,11.3,Jada Smith,https://www.sports-reference.com/cbb/players/jada-smith-1.html,north-carolina-at,2020-21
13,19,14,2021-02-28,North Carolina A&T,,North Carolina Central,REG (Conf),W 78-56,,23,0,5,.000,0,0,0,5,.000,.000,2,4,.500,4,3,7,0,1,1,0,1,2,2.7,Jada Smith,https://www.sports-reference.com/cbb/players/jada-smith-1.html,north-carolina-at,2020-21
14,20,15,2021-03-12,North Carolina A&T,,Morgan State,CTOURN,W 69-54,,21,3,4,.750,0,0,3,4,.750,.750,1,2,.500,1,1,2,0,1,0,1,0,7,6.0,Jada Smith,https://www.sports-reference.com/cbb/players/jada-smith-1.html,north-carolina-at,2020-21
15,21,16,2021-03-13,North Carolina A&T,,Howard,CTOURN,W 59-57,,8,0,1,.000,0,0,0,1,.000,.000,0,0,,2,0,2,0,0,0,2,2,0,-2.1,Jada Smith,https://www.sports-reference.com/cbb/players/jada-smith-1.html,north-carolina-at,2020-21
