ranker,player_game_num_career,team_game_num_season,date,team_name_abbr,game_location,opp_name_abbr,game_type,game_result,is_starter,mp,fg,fga,fg_pct,fg3,fg3a,fg3_pct,fg2,fg2a,fg2_pct,efg_pct,ft,fta,ft_pct,orb,drb,trb,ast,stl,blk,tov,pf,pts,game_score,player_name,player_sr_link,school,season
1,44,1,2020-12-14,North Carolina A&T,@,UNC Greensboro,REG (Non-Conf),L 46-49,*,27,1,4,.250,0,2,.000,1,2,.500,.250,0,0,,0,4,4,2,2,1,3,1,2,1.5,Jasmen Walton,https://www.sports-reference.com/cbb/players/jasmen-walton-1.html,north-carolina-at,2020-21
2,45,2,2020-12-20,North Carolina A&T,,Elon,REG (Non-Conf),W 80-64,*,29,2,3,.667,0,1,.000,2,2,1.000,.667,5,6,.833,0,2,2,4,3,0,3,2,9,9.9,Jasmen Walton,https://www.sports-reference.com/cbb/players/jasmen-walton-1.html,north-carolina-at,2020-21
3,46,3,2021-01-03,North Carolina A&T,,Averett,REG (Non-Conf),W 102-36,*,24,5,8,.625,0,0,,5,8,.625,.625,2,4,.500,1,2,3,4,2,0,2,3,12,10.5,Jasmen Walton,https://www.sports-reference.com/cbb/players/jasmen-walton-1.html,north-carolina-at,2020-21
4,47,4,2021-01-09,North Carolina A&T,@,South Carolina State,REG (Conf),W 78-39,*,31,1,6,.167,0,1,.000,1,5,.200,.167,1,2,.500,2,5,7,6,3,0,1,3,3,6.7,Jasmen Walton,https://www.sports-reference.com/cbb/players/jasmen-walton-1.html,north-carolina-at,2020-21
5,48,5,2021-01-10,North Carolina A&T,@,South Carolina State,REG (Conf),W 97-54,*,26,2,5,.400,0,0,,2,5,.400,.400,6,6,1.000,1,3,4,1,2,0,1,2,10,9.8,Jasmen Walton,https://www.sports-reference.com/cbb/players/jasmen-walton-1.html,north-carolina-at,2020-21
6,49,6,2021-01-16,North Carolina A&T,,Norfolk State,REG (Conf),W 60-47,*,31,3,8,.375,0,0,,3,8,.375,.375,1,1,1.000,2,3,5,3,1,0,5,1,7,2.6,Jasmen Walton,https://www.sports-reference.com/cbb/players/jasmen-walton-1.html,north-carolina-at,2020-21
7,50,7,2021-01-17,North Carolina A&T,,Norfolk State,REG (Conf),W 49-32,*,24,5,7,.714,0,0,,5,7,.714,.714,4,5,.800,0,2,2,0,0,0,2,4,14,7.7,Jasmen Walton,https://www.sports-reference.com/cbb/players/jasmen-walton-1.html,north-carolina-at,2020-21
8,51,8,2021-01-24,North Carolina A&T,@,Delaware State,REG (Non-Conf),W 86-59,*,24,5,6,.833,0,0,,5,6,.833,.833,0,0,,0,3,3,4,3,0,2,4,10,10.9,Jasmen Walton,https://www.sports-reference.com/cbb/players/jasmen-walton-1.html,north-carolina-at,2020-21
9,52,9,2021-02-13,North Carolina A&T,@,North Carolina Central,REG (Conf),W 87-57,*,32,3,8,.375,0,0,,3,8,.375,.375,2,2,1.000,1,4,5,5,0,0,2,1,8,6.6,Jasmen Walton,https://www.sports-reference.com/cbb/players/jasmen-walton-1.html,north-carolina-at,2020-21
10,53,10,2021-02-14,North Carolina A&T,@,North Carolina Central,REG (Conf),W 72-62,*,37,5,10,.500,0,0,,5,10,.500,.500,3,4,.750,1,3,4,6,4,1,3,4,13,13.5,Jasmen Walton,https://www.sports-reference.com/cbb/players/jasmen-walton-1.html,north-carolina-at,2020-21
11,54,11,2021-02-20,North Carolina A&T,@,Norfolk State,REG (Conf),W 65-60,*,34,6,12,.500,2,4,.500,4,8,.500,.583,5,6,.833,2,3,5,6,2,1,3,2,19,18.0,Jasmen Walton,https://www.sports-reference.com/cbb/players/jasmen-walton-1.html,north-carolina-at,2020-21
12,55,12,2021-02-21,North Carolina A&T,@,Norfolk State,REG (Conf),L 54-65,*,27,3,11,.273,1,2,.500,2,9,.222,.318,0,0,,2,5,7,0,0,1,3,3,7,-0.1,Jasmen Walton,https://www.sports-reference.com/cbb/players/jasmen-walton-1.html,north-carolina-at,2020-21
13,56,13,2021-02-27,North Carolina A&T,,North Carolina Central,REG (Conf),W 84-54,*,26,0,8,.000,0,2,.000,0,6,.000,.000,2,2,1.000,0,2,2,5,1,0,1,2,2,-0.3,Jasmen Walton,https://www.sports-reference.com/cbb/players/jasmen-walton-1.html,north-carolina-at,2020-21
14,57,14,2021-02-28,North Carolina A&T,,North Carolina Central,REG (Conf),W 78-56,*,24,0,7,.000,0,4,.000,0,3,.000,.000,0,0,,2,2,4,4,2,0,3,1,0,-1.5,Jasmen Walton,https://www.sports-reference.com/cbb/players/jasmen-walton-1.html,north-carolina-at,2020-21
15,58,15,2021-03-12,North Carolina A&T,,Morgan State,CTOURN,W 69-54,,18,1,3,.333,0,0,,1,3,.333,.333,1,2,.500,0,4,4,2,2,2,4,2,3,2.1,Jasmen Walton,https://www.sports-reference.com/cbb/players/jasmen-walton-1.html,north-carolina-at,2020-21
16,59,16,2021-03-13,North Carolina A&T,,Howard,CTOURN,W 59-57,,26,3,10,.300,0,2,.000,3,8,.375,.300,0,0,,1,4,5,5,2,1,5,3,6,2.1,Jasmen Walton,https://www.sports-reference.com/cbb/players/jasmen-walton-1.html,north-carolina-at,2020-21
17,60,17,2021-03-21,North Carolina A&T,N,NC State,ROUND-64,L 58-79,*,17,0,1,.000,0,0,,0,1,.000,.000,0,0,,0,2,2,2,0,0,1,4,0,-1.3,Jasmen Walton,https://www.sports-reference.com/cbb/players/jasmen-walton-1.html,north-carolina-at,2020-21
