ranker,player_game_num_career,team_game_num_season,date,team_name_abbr,game_location,opp_name_abbr,game_type,game_result,is_starter,mp,fg,fga,fg_pct,fg3,fg3a,fg3_pct,fg2,fg2a,fg2_pct,efg_pct,ft,fta,ft_pct,orb,drb,trb,ast,stl,blk,tov,pf,pts,game_score,player_name,player_sr_link,school,season
1,83,1,2020-12-14,North Carolina A&T,@,UNC Greensboro,REG (Non-Conf),L 46-49,*,23,2,5,.400,0,0,,2,5,.400,.400,0,0,,1,3,4,1,3,6,3,4,4,6.2,Jayla Jones-Pack,https://www.sports-reference.com/cbb/players/jayla-jones-pack-1.html,north-carolina-at,2020-21
2,84,2,2020-12-20,North Carolina A&T,,Elon,REG (Non-Conf),W 80-64,*,25,3,4,.750,0,0,,3,4,.750,.750,2,2,1.000,2,6,8,4,1,1,5,3,8,7.9,Jayla Jones-Pack,https://www.sports-reference.com/cbb/players/jayla-jones-pack-1.html,north-carolina-at,2020-21
3,85,3,2021-01-03,North Carolina A&T,,Averett,REG (Non-Conf),W 102-36,*,26,6,12,.500,0,1,.000,6,11,.545,.500,1,3,.333,2,4,6,1,0,2,2,1,13,8.5,Jayla Jones-Pack,https://www.sports-reference.com/cbb/players/jayla-jones-pack-1.html,north-carolina-at,2020-21
4,86,4,2021-01-09,North Carolina A&T,@,South Carolina State,REG (Conf),W 78-39,*,14,1,5,.200,0,1,.000,1,4,.250,.200,3,3,1.000,0,2,2,1,2,0,5,4,5,-1.4,Jayla Jones-Pack,https://www.sports-reference.com/cbb/players/jayla-jones-pack-1.html,north-carolina-at,2020-21
5,87,5,2021-01-10,North Carolina A&T,@,South Carolina State,REG (Conf),W 97-54,*,35,3,5,.600,1,1,1.000,2,4,.500,.700,0,1,.000,3,4,7,3,1,2,1,3,7,9.9,Jayla Jones-Pack,https://www.sports-reference.com/cbb/players/jayla-jones-pack-1.html,north-carolina-at,2020-21
6,88,8,2021-01-24,North Carolina A&T,@,Delaware State,REG (Non-Conf),W 86-59,,26,4,10,.400,0,1,.000,4,9,.444,.400,0,0,,5,7,12,0,0,2,2,2,8,6.8,Jayla Jones-Pack,https://www.sports-reference.com/cbb/players/jayla-jones-pack-1.html,north-carolina-at,2020-21
7,89,10,2021-02-14,North Carolina A&T,@,North Carolina Central,REG (Conf),W 72-62,,28,1,5,.200,0,0,,1,5,.200,.200,1,2,.500,4,5,9,1,2,6,6,2,3,3.9,Jayla Jones-Pack,https://www.sports-reference.com/cbb/players/jayla-jones-pack-1.html,north-carolina-at,2020-21
8,90,11,2021-02-20,North Carolina A&T,@,Norfolk State,REG (Conf),W 65-60,*,27,2,6,.333,0,0,,2,6,.333,.333,0,0,,2,6,8,0,1,2,0,3,4,5.0,Jayla Jones-Pack,https://www.sports-reference.com/cbb/players/jayla-jones-pack-1.html,north-carolina-at,2020-21
9,91,12,2021-02-21,North Carolina A&T,@,Norfolk State,REG (Conf),L 54-65,*,25,2,3,.667,0,0,,2,3,.667,.667,1,3,.333,3,4,7,1,1,2,2,3,5,6.1,Jayla Jones-Pack,https://www.sports-reference.com/cbb/players/jayla-jones-pack-1.html,north-carolina-at,2020-21
10,92,13,2021-02-27,North Carolina A&T,,North Carolina Central,REG (Conf),W 84-54,*,17,3,7,.429,0,0,,3,7,.429,.429,5,6,.833,6,2,8,3,1,1,2,3,11,12.3,Jayla Jones-Pack,https://www.sports-reference.com/cbb/players/jayla-jones-pack-1.html,north-carolina-at,2020-21
11,93,14,2021-02-28,North Carolina A&T,,North Carolina Central,REG (Conf),W 78-56,*,19,3,6,.500,0,0,,3,6,.500,.500,5,5,1.000,1,3,4,0,1,2,2,4,11,8.4,Jayla Jones-Pack,https://www.sports-reference.com/cbb/players/jayla-jones-pack-1.html,north-carolina-at,2020-21
12,94,15,2021-03-12,North Carolina A&T,,Morgan State,CTOURN,W 69-54,*,20,4,12,.333,0,0,,4,12,.333,.333,3,4,.750,4,6,10,0,0,2,1,5,11,6.8,Jayla Jones-Pack,https://www.sports-reference.com/cbb/players/jayla-jones-pack-1.html,north-carolina-at,2020-21
13,95,16,2021-03-13,North Carolina A&T,,Howard,CTOURN,W 59-57,*,32,8,9,.889,0,0,,8,9,.889,.889,0,0,,0,6,6,1,0,4,2,4,16,14.6,Jayla Jones-Pack,https://www.sports-reference.com/cbb/players/jayla-jones-pack-1.html,north-carolina-at,2020-21
14,96,17,2021-03-21,North Carolina A&T,N,NC State,ROUND-64,L 58-79,*,30,5,8,.625,0,0,,5,8,.625,.625,1,2,.500,2,1,3,1,0,3,2,3,11,8.3,Jayla Jones-Pack,https://www.sports-reference.com/cbb/players/jayla-jones-pack-1.html,north-carolina-at,2020-21
