ranker,player_game_num_career,team_game_num_season,date,team_name_abbr,game_location,opp_name_abbr,game_type,game_result,is_starter,mp,fg,fga,fg_pct,fg3,fg3a,fg3_pct,fg2,fg2a,fg2_pct,efg_pct,ft,fta,ft_pct,orb,drb,trb,ast,stl,blk,tov,pf,pts,game_score,player_name,player_sr_link,school,season
1,31,1,2020-12-14,North Carolina A&T,@,UNC Greensboro,REG (Non-Conf),L 46-49,,15,0,3,.000,0,3,.000,0,0,,.000,0,0,,0,1,1,1,0,0,1,0,0,-2.1,Kennedy Boyd,https://www.sports-reference.com/cbb/players/kennedy-boyd-1.html,north-carolina-at,2020-21
2,32,2,2020-12-20,North Carolina A&T,,Elon,REG (Non-Conf),W 80-64,,7,0,3,.000,0,3,.000,0,0,,.000,0,0,,1,0,1,0,0,0,0,0,0,-1.4,Kennedy Boyd,https://www.sports-reference.com/cbb/players/kennedy-boyd-1.html,north-carolina-at,2020-21
3,33,6,2021-01-16,North Carolina A&T,,Norfolk State,REG (Conf),W 60-47,,9,0,2,.000,0,2,.000,0,0,,.000,0,0,,0,1,1,0,0,0,1,1,0,-2.5,Kennedy Boyd,https://www.sports-reference.com/cbb/players/kennedy-boyd-1.html,north-carolina-at,2020-21
4,34,7,2021-01-17,North Carolina A&T,,Norfolk State,REG (Conf),W 49-32,,4,0,1,.000,0,1,.000,0,0,,.000,0,0,,0,1,1,0,0,0,0,0,0,-0.4,Kennedy Boyd,https://www.sports-reference.com/cbb/players/kennedy-boyd-1.html,north-carolina-at,2020-21
5,35,8,2021-01-24,North Carolina A&T,@,Delaware State,REG (Non-Conf),W 86-59,,18,3,5,.600,1,3,.333,2,2,1.000,.700,1,2,.500,0,1,1,2,0,0,2,3,8,3.8,Kennedy Boyd,https://www.sports-reference.com/cbb/players/kennedy-boyd-1.html,north-carolina-at,2020-21
6,36,9,2021-02-13,North Carolina A&T,@,North Carolina Central,REG (Conf),W 87-57,,15,2,6,.333,2,6,.333,0,0,,.500,0,0,,0,2,2,2,0,0,1,3,6,2.4,Kennedy Boyd,https://www.sports-reference.com/cbb/players/kennedy-boyd-1.html,north-carolina-at,2020-21
7,37,10,2021-02-14,North Carolina A&T,@,North Carolina Central,REG (Conf),W 72-62,,15,2,5,.400,2,5,.400,0,0,,.600,0,0,,1,1,2,0,2,0,2,3,6,3.1,Kennedy Boyd,https://www.sports-reference.com/cbb/players/kennedy-boyd-1.html,north-carolina-at,2020-21
8,38,14,2021-02-28,North Carolina A&T,,North Carolina Central,REG (Conf),W 78-56,,18,3,8,.375,1,6,.167,2,2,1.000,.438,2,2,1.000,0,3,3,2,1,0,1,0,9,6.9,Kennedy Boyd,https://www.sports-reference.com/cbb/players/kennedy-boyd-1.html,north-carolina-at,2020-21
9,39,15,2021-03-12,North Carolina A&T,,Morgan State,CTOURN,W 69-54,,10,2,3,.667,2,3,.667,0,0,,1.000,0,0,,0,0,0,2,2,0,2,2,6,5.3,Kennedy Boyd,https://www.sports-reference.com/cbb/players/kennedy-boyd-1.html,north-carolina-at,2020-21
10,40,16,2021-03-13,North Carolina A&T,,Howard,CTOURN,W 59-57,,11,1,5,.200,1,5,.200,0,0,,.300,0,0,,0,0,0,2,0,0,0,1,3,0.9,Kennedy Boyd,https://www.sports-reference.com/cbb/players/kennedy-boyd-1.html,north-carolina-at,2020-21
11,41,17,2021-03-21,North Carolina A&T,N,NC State,ROUND-64,L 58-79,,19,1,5,.200,1,3,.333,0,2,.000,.300,0,0,,0,1,1,2,1,0,4,1,3,-1.8,Kennedy Boyd,https://www.sports-reference.com/cbb/players/kennedy-boyd-1.html,north-carolina-at,2020-21
