ranker,player_game_num_career,team_game_num_season,date,team_name_abbr,game_location,opp_name_abbr,game_type,game_result,is_starter,mp,fg,fga,fg_pct,fg3,fg3a,fg2,fg2a,fg2_pct,efg_pct,ft,fta,ft_pct,orb,drb,trb,ast,stl,blk,tov,pf,pts,game_score,player_name,player_sr_link,school,season
1,1,3,2021-01-03,North Carolina A&T,,Averett,REG (Non-Conf),W 102-36,,11,2,3,.667,0,0,2,3,.667,.667,0,0,,1,1,2,0,0,0,0,0,4,3.7,Levossie Taylor,https://www.sports-reference.com/cbb/players/levossie-taylor-1.html,north-carolina-at,2020-21
2,2,4,2021-01-09,North Carolina A&T,@,South Carolina State,REG (Conf),W 78-39,,7,0,1,.000,0,0,0,1,.000,.000,0,0,,1,1,2,0,0,0,0,1,0,-0.1,Levossie Taylor,https://www.sports-reference.com/cbb/players/levossie-taylor-1.html,north-carolina-at,2020-21
3,3,5,2021-01-10,North Carolina A&T,@,South Carolina State,REG (Conf),W 97-54,,6,0,1,.000,0,0,0,1,.000,.000,1,2,.500,3,1,4,1,0,0,0,2,1,2.2,Levossie Taylor,https://www.sports-reference.com/cbb/players/levossie-taylor-1.html,north-carolina-at,2020-21
4,4,6,2021-01-16,North Carolina A&T,,Norfolk State,REG (Conf),W 60-47,,4,1,2,.500,0,0,1,2,.500,.500,0,0,,1,0,1,0,0,0,0,0,2,1.7,Levossie Taylor,https://www.sports-reference.com/cbb/players/levossie-taylor-1.html,north-carolina-at,2020-21
5,5,8,2021-01-24,North Carolina A&T,@,Delaware State,REG (Non-Conf),W 86-59,,4,0,0,,0,0,0,0,,,0,0,,0,0,0,0,0,0,1,0,0,-1.0,Levossie Taylor,https://www.sports-reference.com/cbb/players/levossie-taylor-1.html,north-carolina-at,2020-21
6,6,9,2021-02-13,North Carolina A&T,@,North Carolina Central,REG (Conf),W 87-57,,14,1,3,.333,0,0,1,3,.333,.333,0,0,,1,2,3,0,1,0,1,0,2,1.6,Levossie Taylor,https://www.sports-reference.com/cbb/players/levossie-taylor-1.html,north-carolina-at,2020-21
7,7,10,2021-02-14,North Carolina A&T,@,North Carolina Central,REG (Conf),W 72-62,,3,0,0,,0,0,0,0,,,0,0,,0,0,0,0,0,0,0,0,0,0.0,Levossie Taylor,https://www.sports-reference.com/cbb/players/levossie-taylor-1.html,north-carolina-at,2020-21
8,8,11,2021-02-20,North Carolina A&T,@,Norfolk State,REG (Conf),W 65-60,,3,0,0,,0,0,0,0,,,0,0,,0,0,0,0,0,0,0,1,0,-0.4,Levossie Taylor,https://www.sports-reference.com/cbb/players/levossie-taylor-1.html,north-carolina-at,2020-21
9,9,13,2021-02-27,North Carolina A&T,,North Carolina Central,REG (Conf),W 84-54,,13,0,3,.000,0,0,0,3,.000,.000,0,0,,1,0,1,0,2,0,1,4,0,-2.0,Levossie Taylor,https://www.sports-reference.com/cbb/players/levossie-taylor-1.html,north-carolina-at,2020-21
10,10,14,2021-02-28,North Carolina A&T,,North Carolina Central,REG (Conf),W 78-56,,9,2,3,.667,0,0,2,3,.667,.667,0,0,,2,2,4,0,0,0,0,1,4,4.3,Levossie Taylor,https://www.sports-reference.com/cbb/players/levossie-taylor-1.html,north-carolina-at,2020-21
11,11,15,2021-03-12,North Carolina A&T,,Morgan State,CTOURN,W 69-54,,1,0,0,,0,0,0,0,,,0,0,,0,0,0,0,0,0,0,0,0,0.0,Levossie Taylor,https://www.sports-reference.com/cbb/players/levossie-taylor-1.html,north-carolina-at,2020-21
12,12,16,2021-03-13,North Carolina A&T,,Howard,CTOURN,W 59-57,,4,0,0,,0,0,0,0,,,0,0,,0,1,1,0,0,0,0,1,0,-0.1,Levossie Taylor,https://www.sports-reference.com/cbb/players/levossie-taylor-1.html,north-carolina-at,2020-21
