ranker,player_game_num_career,team_game_num_season,date,team_name_abbr,game_location,opp_name_abbr,game_type,game_result,is_starter,mp,fg,fga,fg_pct,fg3,fg3a,fg3_pct,fg2,fg2a,fg2_pct,efg_pct,ft,fta,ft_pct,orb,drb,trb,ast,stl,blk,tov,pf,pts,game_score,player_name,player_sr_link,school,season
1,1,1,2020-12-14,North Carolina A&T,@,UNC Greensboro,REG (Non-Conf),L 46-49,*,30,1,8,.125,1,5,.200,0,3,.000,.188,0,0,,2,1,3,2,2,0,3,2,3,-0.9,Sean Kelly Darks,https://www.sports-reference.com/cbb/players/sean-kelly-darks-1.html,north-carolina-at,2020-21
2,2,2,2020-12-20,North Carolina A&T,,Elon,REG (Non-Conf),W 80-64,*,20,3,8,.375,1,3,.333,2,5,.400,.438,1,2,.500,1,2,3,0,0,0,4,4,8,-1.1,Sean Kelly Darks,https://www.sports-reference.com/cbb/players/sean-kelly-darks-1.html,north-carolina-at,2020-21
3,3,3,2021-01-03,North Carolina A&T,,Averett,REG (Non-Conf),W 102-36,*,23,5,8,.625,1,2,.500,4,6,.667,.688,2,3,.667,2,2,4,2,5,0,4,2,13,12.6,Sean Kelly Darks,https://www.sports-reference.com/cbb/players/sean-kelly-darks-1.html,north-carolina-at,2020-21
4,4,4,2021-01-09,North Carolina A&T,@,South Carolina State,REG (Conf),W 78-39,*,21,5,14,.357,2,4,.500,3,10,.300,.429,7,9,.778,3,2,5,0,2,0,1,2,19,13.3,Sean Kelly Darks,https://www.sports-reference.com/cbb/players/sean-kelly-darks-1.html,north-carolina-at,2020-21
5,5,5,2021-01-10,North Carolina A&T,@,South Carolina State,REG (Conf),W 97-54,*,26,5,11,.455,2,4,.500,3,7,.429,.545,0,0,,4,1,5,9,2,0,1,3,12,15.5,Sean Kelly Darks,https://www.sports-reference.com/cbb/players/sean-kelly-darks-1.html,north-carolina-at,2020-21
6,6,6,2021-01-16,North Carolina A&T,,Norfolk State,REG (Conf),W 60-47,*,29,2,9,.222,0,1,.000,2,8,.250,.222,5,6,.833,2,3,5,4,2,0,2,0,9,8.2,Sean Kelly Darks,https://www.sports-reference.com/cbb/players/sean-kelly-darks-1.html,north-carolina-at,2020-21
7,7,7,2021-01-17,North Carolina A&T,,Norfolk State,REG (Conf),W 49-32,*,21,3,10,.300,1,4,.250,2,6,.333,.350,3,4,.750,3,2,5,2,2,0,3,1,10,6.5,Sean Kelly Darks,https://www.sports-reference.com/cbb/players/sean-kelly-darks-1.html,north-carolina-at,2020-21
8,8,8,2021-01-24,North Carolina A&T,@,Delaware State,REG (Non-Conf),W 86-59,*,22,7,9,.778,1,2,.500,6,7,.857,.833,3,4,.750,1,2,3,4,2,0,2,2,18,17.4,Sean Kelly Darks,https://www.sports-reference.com/cbb/players/sean-kelly-darks-1.html,north-carolina-at,2020-21
9,9,9,2021-02-13,North Carolina A&T,@,North Carolina Central,REG (Conf),W 87-57,*,28,5,11,.455,2,7,.286,3,4,.750,.545,5,9,.556,1,2,3,5,2,0,0,0,17,16.5,Sean Kelly Darks,https://www.sports-reference.com/cbb/players/sean-kelly-darks-1.html,north-carolina-at,2020-21
10,10,10,2021-02-14,North Carolina A&T,@,North Carolina Central,REG (Conf),W 72-62,*,23,7,15,.467,1,5,.200,6,10,.600,.500,2,3,.667,2,3,5,0,1,0,1,3,17,10.0,Sean Kelly Darks,https://www.sports-reference.com/cbb/players/sean-kelly-darks-1.html,north-carolina-at,2020-21
11,11,11,2021-02-20,North Carolina A&T,@,Norfolk State,REG (Conf),W 65-60,*,34,3,8,.375,0,4,.000,3,4,.750,.375,0,0,,3,3,6,2,3,0,3,1,6,5.6,Sean Kelly Darks,https://www.sports-reference.com/cbb/players/sean-kelly-darks-1.html,north-carolina-at,2020-21
12,12,12,2021-02-21,North Carolina A&T,@,Norfolk State,REG (Conf),L 54-65,*,21,0,6,.000,0,4,.000,0,2,.000,.000,2,2,1.000,0,2,2,3,1,0,0,1,2,1.1,Sean Kelly Darks,https://www.sports-reference.com/cbb/players/sean-kelly-darks-1.html,north-carolina-at,2020-21
13,13,13,2021-02-27,North Carolina A&T,,North Carolina Central,REG (Conf),W 84-54,*,28,3,7,.429,1,3,.333,2,4,.500,.500,1,2,.500,1,3,4,4,4,0,1,1,8,10.9,Sean Kelly Darks,https://www.sports-reference.com/cbb/players/sean-kelly-darks-1.html,north-carolina-at,2020-21
14,14,14,2021-02-28,North Carolina A&T,,North Carolina Central,REG (Conf),W 78-56,*,19,4,8,.500,2,4,.500,2,4,.500,.625,4,6,.667,0,1,1,1,2,0,0,1,14,11.8,Sean Kelly Darks,https://www.sports-reference.com/cbb/players/sean-kelly-darks-1.html,north-carolina-at,2020-21
15,15,15,2021-03-12,North Carolina A&T,,Morgan State,CTOURN,W 69-54,*,30,4,9,.444,0,1,.000,4,8,.500,.444,1,1,1.000,1,1,2,6,1,0,0,2,9,9.7,Sean Kelly Darks,https://www.sports-reference.com/cbb/players/sean-kelly-darks-1.html,north-carolina-at,2020-21
16,16,16,2021-03-13,North Carolina A&T,,Howard,CTOURN,W 59-57,*,23,3,7,.429,0,3,.000,3,4,.750,.429,1,4,.250,0,2,2,1,1,0,2,2,7,1.6,Sean Kelly Darks,https://www.sports-reference.com/cbb/players/sean-kelly-darks-1.html,north-carolina-at,2020-21
17,17,17,2021-03-21,North Carolina A&T,N,NC State,ROUND-64,L 58-79,*,26,3,5,.600,0,0,,3,5,.600,.600,1,1,1.000,1,1,2,1,0,0,1,2,7,4.6,Sean Kelly Darks,https://www.sports-reference.com/cbb/players/sean-kelly-darks-1.html,north-carolina-at,2020-21
