ranker,player_game_num_career,team_game_num_season,date,team_name_abbr,game_location,opp_name_abbr,game_type,game_result,is_starter,mp,fg,fga,fg_pct,fg3,fg3a,fg3_pct,fg2,fg2a,fg2_pct,efg_pct,ft,fta,ft_pct,orb,drb,trb,ast,stl,blk,tov,pf,pts,game_score,player_name,player_sr_link,school,season
1,9,1,2020-12-14,North Carolina A&T,@,UNC Greensboro,REG (Non-Conf),L 46-49,,24,2,5,.400,0,0,,2,5,.400,.400,3,4,.750,2,1,3,0,1,0,2,2,7,3.8,Shayla Nelson,https://www.sports-reference.com/cbb/players/shayla-nelson-1.html,north-carolina-at,2020-21
2,10,2,2020-12-20,North Carolina A&T,,Elon,REG (Non-Conf),W 80-64,*,16,0,3,.000,0,0,,0,3,.000,.000,4,4,1.000,1,4,5,0,1,0,2,4,4,1.2,Shayla Nelson,https://www.sports-reference.com/cbb/players/shayla-nelson-1.html,north-carolina-at,2020-21
3,11,3,2021-01-03,North Carolina A&T,,Averett,REG (Non-Conf),W 102-36,*,30,6,10,.600,0,0,,6,10,.600,.600,2,4,.500,5,4,9,1,0,0,4,3,14,8.8,Shayla Nelson,https://www.sports-reference.com/cbb/players/shayla-nelson-1.html,north-carolina-at,2020-21
4,12,6,2021-01-16,North Carolina A&T,,Norfolk State,REG (Conf),W 60-47,*,18,4,6,.667,0,0,,4,6,.667,.667,0,0,,1,1,2,0,0,0,2,4,8,2.8,Shayla Nelson,https://www.sports-reference.com/cbb/players/shayla-nelson-1.html,north-carolina-at,2020-21
5,13,7,2021-01-17,North Carolina A&T,,Norfolk State,REG (Conf),W 49-32,*,32,3,11,.273,0,1,.000,3,10,.300,.273,2,6,.333,5,6,11,0,0,0,2,3,8,2.0,Shayla Nelson,https://www.sports-reference.com/cbb/players/shayla-nelson-1.html,north-carolina-at,2020-21
6,14,8,2021-01-24,North Carolina A&T,@,Delaware State,REG (Non-Conf),W 86-59,*,23,0,5,.000,0,0,,0,5,.000,.000,3,4,.750,2,2,4,1,0,0,0,4,3,0.2,Shayla Nelson,https://www.sports-reference.com/cbb/players/shayla-nelson-1.html,north-carolina-at,2020-21
7,15,9,2021-02-13,North Carolina A&T,@,North Carolina Central,REG (Conf),W 87-57,*,23,4,6,.667,0,0,,4,6,.667,.667,1,1,1.000,0,1,1,1,0,0,0,4,9,5.8,Shayla Nelson,https://www.sports-reference.com/cbb/players/shayla-nelson-1.html,north-carolina-at,2020-21
8,16,10,2021-02-14,North Carolina A&T,@,North Carolina Central,REG (Conf),W 72-62,*,19,1,3,.333,0,0,,1,3,.333,.333,0,0,,0,3,3,0,2,0,3,4,2,-1.4,Shayla Nelson,https://www.sports-reference.com/cbb/players/shayla-nelson-1.html,north-carolina-at,2020-21
9,17,15,2021-03-12,North Carolina A&T,,Morgan State,CTOURN,W 69-54,,1,0,1,.000,0,0,,0,1,.000,.000,0,0,,0,0,0,0,0,0,0,0,0,-0.7,Shayla Nelson,https://www.sports-reference.com/cbb/players/shayla-nelson-1.html,north-carolina-at,2020-21
10,18,17,2021-03-21,North Carolina A&T,N,NC State,ROUND-64,L 58-79,,15,2,3,.667,1,1,1.000,1,2,.500,.833,2,2,1.000,0,0,0,1,0,0,0,2,7,5.6,Shayla Nelson,https://www.sports-reference.com/cbb/players/shayla-nelson-1.html,north-carolina-at,2020-21
