ranker,player_game_num_career,team_game_num_season,date,team_name_abbr,game_location,opp_name_abbr,game_type,game_result,is_starter,mp,fg,fga,fg_pct,fg3,fg3a,fg3_pct,fg2,fg2a,fg2_pct,efg_pct,ft,fta,ft_pct,orb,drb,trb,ast,stl,blk,tov,pf,pts,game_score,player_name,player_sr_link,school,season
1,28,2,2019-11-09,William & Mary,,Maryland Eastern Shore,REG (Non-Conf),W 78-50,,10,0,1,.000,0,1,.000,0,0,,.000,0,0,,0,0,0,0,0,0,0,1,0,-1.1,Ashley Taylor,https://www.sports-reference.com/cbb/players/ashley-taylor-2.html,william-mary,2019-20
2,29,5,2019-11-23,William & Mary,,UMBC,REG (Non-Conf),W 76-48,,14,2,5,.400,0,0,,2,5,.400,.400,0,0,,1,1,2,0,2,0,1,1,4,2.9,Ashley Taylor,https://www.sports-reference.com/cbb/players/ashley-taylor-2.html,william-mary,2019-20
3,30,6,2019-11-26,William & Mary,,Hartford,REG (Non-Conf),W 61-44,,2,0,0,,0,0,,0,0,,,0,0,,1,1,2,1,0,0,0,0,0,1.7,Ashley Taylor,https://www.sports-reference.com/cbb/players/ashley-taylor-2.html,william-mary,2019-20
4,31,7,2019-11-30,William & Mary,@,Delaware State,REG (Non-Conf),W 73-52,,1,0,1,.000,0,1,.000,0,0,,.000,0,0,,0,0,0,0,0,1,0,0,0,0.0,Ashley Taylor,https://www.sports-reference.com/cbb/players/ashley-taylor-2.html,william-mary,2019-20
5,32,9,2019-12-08,William & Mary,@,VCU,REG (Non-Conf),W 69-55,,0,0,0,,0,0,,0,0,,,0,0,,0,0,0,0,0,0,0,0,0,0.0,Ashley Taylor,https://www.sports-reference.com/cbb/players/ashley-taylor-2.html,william-mary,2019-20
6,33,12,2020-01-03,William & Mary,@,James Madison,REG (Conf),L 70-84,,2,0,0,,0,0,,0,0,,,0,0,,0,0,0,0,1,0,0,0,0,1.0,Ashley Taylor,https://www.sports-reference.com/cbb/players/ashley-taylor-2.html,william-mary,2019-20
7,34,14,2020-01-10,William & Mary,,UNC Wilmington,REG (Conf),L 55-72,,3,0,1,.000,0,1,.000,0,0,,.000,0,0,,1,0,1,0,0,0,0,0,0,0.0,Ashley Taylor,https://www.sports-reference.com/cbb/players/ashley-taylor-2.html,william-mary,2019-20
8,35,15,2020-01-12,William & Mary,,College of Charleston,REG (Conf),W 85-60,,4,0,0,,0,0,,0,0,,,1,2,.500,0,1,1,0,0,0,0,2,1,0.1,Ashley Taylor,https://www.sports-reference.com/cbb/players/ashley-taylor-2.html,william-mary,2019-20
9,36,16,2020-01-17,William & Mary,@,Hofstra,REG (Conf),W 66-53,,2,0,1,.000,0,1,.000,0,0,,.000,0,0,,0,0,0,0,1,0,0,1,0,-0.1,Ashley Taylor,https://www.sports-reference.com/cbb/players/ashley-taylor-2.html,william-mary,2019-20
10,37,24,2020-02-16,William & Mary,,Hofstra,REG (Conf),W 71-42,,18,1,3,.333,0,2,.000,1,1,1.000,.333,1,2,.500,1,1,2,0,1,2,1,0,3,3.3,Ashley Taylor,https://www.sports-reference.com/cbb/players/ashley-taylor-2.html,william-mary,2019-20
11,38,26,2020-02-23,William & Mary,@,Delaware,REG (Conf),W 78-60,,0,0,0,,0,0,,0,0,,,0,0,,0,0,0,0,0,0,0,0,0,0.0,Ashley Taylor,https://www.sports-reference.com/cbb/players/ashley-taylor-2.html,william-mary,2019-20
12,39,29,2020-03-07,William & Mary,,James Madison,REG (Conf),L 53-67,*,4,0,2,.000,0,2,.000,0,0,,.000,0,0,,0,0,0,0,0,0,0,2,0,-2.2,Ashley Taylor,https://www.sports-reference.com/cbb/players/ashley-taylor-2.html,william-mary,2019-20
