ranker,player_game_num_career,team_game_num_season,date,team_name_abbr,game_location,opp_name_abbr,game_type,game_result,is_starter,mp,fg,fga,fg_pct,fg3,fg3a,fg3_pct,fg2,fg2a,fg2_pct,efg_pct,ft,fta,ft_pct,orb,drb,trb,ast,stl,blk,tov,pf,pts,game_score,player_name,player_sr_link,school,season
1,38,1,2019-11-05,William & Mary,@,Army,REG (Non-Conf),W 77-65,,12,1,2,.500,0,0,,1,2,.500,.500,0,0,,0,2,2,0,2,0,2,2,2,0.8,Bailey Eichner,https://www.sports-reference.com/cbb/players/bailey-eichner-1.html,william-mary,2019-20
2,39,2,2019-11-09,William & Mary,,Maryland Eastern Shore,REG (Non-Conf),W 78-50,,15,0,1,.000,0,0,,0,1,.000,.000,4,6,.667,1,4,5,0,0,0,1,2,4,2.6,Bailey Eichner,https://www.sports-reference.com/cbb/players/bailey-eichner-1.html,william-mary,2019-20
3,40,3,2019-11-12,William & Mary,@,East Carolina,REG (Non-Conf),W 78-68,,21,5,6,.833,0,1,.000,5,5,1.000,.833,1,1,1.000,0,3,3,3,1,0,2,2,11,10.0,Bailey Eichner,https://www.sports-reference.com/cbb/players/bailey-eichner-1.html,william-mary,2019-20
4,41,4,2019-11-20,William & Mary,@,Richmond,REG (Non-Conf),L 73-76,,17,0,3,.000,0,0,,0,3,.000,.000,0,0,,1,7,8,1,0,0,2,1,0,-1.0,Bailey Eichner,https://www.sports-reference.com/cbb/players/bailey-eichner-1.html,william-mary,2019-20
5,42,5,2019-11-23,William & Mary,,UMBC,REG (Non-Conf),W 76-48,,14,1,3,.333,0,0,,1,3,.333,.333,3,4,.750,1,6,7,2,0,2,0,0,5,8.2,Bailey Eichner,https://www.sports-reference.com/cbb/players/bailey-eichner-1.html,william-mary,2019-20
6,43,6,2019-11-26,William & Mary,,Hartford,REG (Non-Conf),W 61-44,,21,2,6,.333,0,1,.000,2,5,.400,.333,2,2,1.000,1,5,6,0,2,2,0,3,6,7.0,Bailey Eichner,https://www.sports-reference.com/cbb/players/bailey-eichner-1.html,william-mary,2019-20
7,44,7,2019-11-30,William & Mary,@,Delaware State,REG (Non-Conf),W 73-52,,13,2,3,.667,0,0,,2,3,.667,.667,0,0,,2,3,5,1,0,1,1,1,4,5.0,Bailey Eichner,https://www.sports-reference.com/cbb/players/bailey-eichner-1.html,william-mary,2019-20
8,45,8,2019-12-05,William & Mary,,Old Dominion,REG (Non-Conf),L 58-69,,22,0,3,.000,0,0,,0,3,.000,.000,3,4,.750,4,4,8,3,3,4,3,5,3,7.4,Bailey Eichner,https://www.sports-reference.com/cbb/players/bailey-eichner-1.html,william-mary,2019-20
9,46,9,2019-12-08,William & Mary,@,VCU,REG (Non-Conf),W 69-55,,12,0,1,.000,0,0,,0,1,.000,.000,0,0,,0,1,1,0,0,0,0,3,0,-1.6,Bailey Eichner,https://www.sports-reference.com/cbb/players/bailey-eichner-1.html,william-mary,2019-20
10,47,10,2019-12-20,William & Mary,,Norfolk State,REG (Non-Conf),W 65-56,,8,0,2,.000,0,0,,0,2,.000,.000,3,4,.750,1,3,4,0,0,1,0,2,3,2.7,Bailey Eichner,https://www.sports-reference.com/cbb/players/bailey-eichner-1.html,william-mary,2019-20
11,48,11,2019-12-29,William & Mary,@,George Washington,REG (Non-Conf),W 63-51,,23,0,5,.000,0,0,,0,5,.000,.000,0,0,,2,7,9,2,2,0,1,1,0,2.0,Bailey Eichner,https://www.sports-reference.com/cbb/players/bailey-eichner-1.html,william-mary,2019-20
12,49,12,2020-01-03,William & Mary,@,James Madison,REG (Conf),L 70-84,,15,1,1,1.000,0,0,,1,1,1.000,1.000,0,0,,3,2,5,2,0,1,1,3,2,4.3,Bailey Eichner,https://www.sports-reference.com/cbb/players/bailey-eichner-1.html,william-mary,2019-20
13,50,13,2020-01-05,William & Mary,@,Towson,REG (Conf),W 83-75,,17,1,2,.500,0,0,,1,2,.500,.500,0,1,.000,5,3,8,2,0,2,2,2,2,5.0,Bailey Eichner,https://www.sports-reference.com/cbb/players/bailey-eichner-1.html,william-mary,2019-20
14,51,14,2020-01-10,William & Mary,,UNC Wilmington,REG (Conf),L 55-72,,15,0,2,.000,0,0,,0,2,.000,.000,2,2,1.000,0,5,5,1,2,0,1,4,2,2.2,Bailey Eichner,https://www.sports-reference.com/cbb/players/bailey-eichner-1.html,william-mary,2019-20
15,52,15,2020-01-12,William & Mary,,College of Charleston,REG (Conf),W 85-60,,13,1,2,.500,0,1,.000,1,1,1.000,.500,0,0,,0,4,4,0,0,0,1,2,2,0.4,Bailey Eichner,https://www.sports-reference.com/cbb/players/bailey-eichner-1.html,william-mary,2019-20
16,53,16,2020-01-17,William & Mary,@,Hofstra,REG (Conf),W 66-53,,18,1,1,1.000,0,0,,1,1,1.000,1.000,1,1,1.000,2,4,6,0,3,0,2,3,3,5.1,Bailey Eichner,https://www.sports-reference.com/cbb/players/bailey-eichner-1.html,william-mary,2019-20
17,54,17,2020-01-19,William & Mary,@,Northeastern,REG (Conf),L 55-61,,17,1,2,.500,0,0,,1,2,.500,.500,1,2,.500,2,5,7,1,1,0,1,4,3,3.6,Bailey Eichner,https://www.sports-reference.com/cbb/players/bailey-eichner-1.html,william-mary,2019-20
18,55,18,2020-01-24,William & Mary,,Delaware,REG (Conf),W 68-58,*,31,1,2,.500,0,0,,1,2,.500,.500,0,0,,1,7,8,0,2,0,1,3,2,3.6,Bailey Eichner,https://www.sports-reference.com/cbb/players/bailey-eichner-1.html,william-mary,2019-20
19,56,19,2020-01-26,William & Mary,,Drexel,REG (Conf),L 54-61,*,29,4,7,.571,0,0,,4,7,.571,.571,0,0,,3,3,6,4,2,2,3,2,8,10.1,Bailey Eichner,https://www.sports-reference.com/cbb/players/bailey-eichner-1.html,william-mary,2019-20
20,57,20,2020-01-31,William & Mary,@,Elon,REG (Conf),W 84-77,*,20,3,3,1.000,0,0,,3,3,1.000,1.000,1,2,.500,0,1,1,0,0,0,1,5,7,3.0,Bailey Eichner,https://www.sports-reference.com/cbb/players/bailey-eichner-1.html,william-mary,2019-20
21,58,21,2020-02-07,William & Mary,@,College of Charleston,REG (Conf),W 80-74,*,14,1,1,1.000,0,0,,1,1,1.000,1.000,1,1,1.000,0,8,8,0,0,0,0,2,3,4.3,Bailey Eichner,https://www.sports-reference.com/cbb/players/bailey-eichner-1.html,william-mary,2019-20
22,59,22,2020-02-09,William & Mary,@,UNC Wilmington,REG (Conf),W 63-55,,16,1,1,1.000,0,0,,1,1,1.000,1.000,2,2,1.000,1,1,2,0,3,0,3,2,4,3.9,Bailey Eichner,https://www.sports-reference.com/cbb/players/bailey-eichner-1.html,william-mary,2019-20
23,60,23,2020-02-14,William & Mary,,Northeastern,REG (Conf),W 80-64,,17,1,2,.500,0,0,,1,2,.500,.500,0,0,,1,3,4,2,2,0,0,1,2,5.6,Bailey Eichner,https://www.sports-reference.com/cbb/players/bailey-eichner-1.html,william-mary,2019-20
24,61,24,2020-02-16,William & Mary,,Hofstra,REG (Conf),W 71-42,,18,3,5,.600,0,0,,3,5,.600,.600,2,2,1.000,1,5,6,4,1,2,2,1,8,10.7,Bailey Eichner,https://www.sports-reference.com/cbb/players/bailey-eichner-1.html,william-mary,2019-20
25,62,25,2020-02-21,William & Mary,@,Drexel,REG (Conf),L 74-84 (OT),,18,1,2,.500,0,0,,1,2,.500,.500,2,2,1.000,0,3,3,0,0,3,0,5,4,4.0,Bailey Eichner,https://www.sports-reference.com/cbb/players/bailey-eichner-1.html,william-mary,2019-20
26,63,26,2020-02-23,William & Mary,@,Delaware,REG (Conf),W 78-60,,14,0,0,,0,0,,0,0,,,4,4,1.000,3,3,6,2,0,2,1,5,4,6.8,Bailey Eichner,https://www.sports-reference.com/cbb/players/bailey-eichner-1.html,william-mary,2019-20
27,64,27,2020-02-28,William & Mary,,Elon,REG (Conf),W 74-61,,20,2,3,.667,0,0,,2,3,.667,.667,1,2,.500,1,8,9,3,0,0,0,2,5,7.7,Bailey Eichner,https://www.sports-reference.com/cbb/players/bailey-eichner-1.html,william-mary,2019-20
28,65,28,2020-03-05,William & Mary,,Towson,REG (Conf),W 66-62,,9,0,0,,0,0,,0,0,,,1,2,.500,1,2,3,2,0,0,0,4,1,1.7,Bailey Eichner,https://www.sports-reference.com/cbb/players/bailey-eichner-1.html,william-mary,2019-20
29,66,29,2020-03-07,William & Mary,,James Madison,REG (Conf),L 53-67,,20,1,3,.333,0,0,,1,3,.333,.333,1,2,.500,1,4,5,1,0,0,1,3,3,1.3,Bailey Eichner,https://www.sports-reference.com/cbb/players/bailey-eichner-1.html,william-mary,2019-20
