ranker,player_game_num_career,team_game_num_season,date,team_name_abbr,game_location,opp_name_abbr,game_type,game_result,is_starter,mp,fg,fga,fg_pct,fg3,fg3a,fg3_pct,fg2,fg2a,fg2_pct,efg_pct,ft,fta,ft_pct,orb,drb,trb,ast,stl,blk,tov,pf,pts,game_score,player_name,player_sr_link,school,season
1,32,1,2019-11-05,William & Mary,@,Army,REG (Non-Conf),W 77-65,*,36,9,16,.563,4,7,.571,5,9,.556,.688,5,5,1.000,2,4,6,3,5,0,3,3,27,24.9,Eva Hodgson,https://www.sports-reference.com/cbb/players/eva-hodgson-1.html,william-mary,2019-20
2,33,2,2019-11-09,William & Mary,,Maryland Eastern Shore,REG (Non-Conf),W 78-50,*,26,5,8,.625,0,1,.000,5,7,.714,.625,5,5,1.000,2,2,4,4,4,0,2,1,15,17.8,Eva Hodgson,https://www.sports-reference.com/cbb/players/eva-hodgson-1.html,william-mary,2019-20
3,34,3,2019-11-12,William & Mary,@,East Carolina,REG (Non-Conf),W 78-68,*,37,5,12,.417,1,6,.167,4,6,.667,.458,7,7,1.000,3,5,8,6,0,0,9,1,18,10.0,Eva Hodgson,https://www.sports-reference.com/cbb/players/eva-hodgson-1.html,william-mary,2019-20
4,35,4,2019-11-20,William & Mary,@,Richmond,REG (Non-Conf),L 73-76,*,32,10,17,.588,3,4,.750,7,13,.538,.676,6,6,1.000,2,2,4,3,4,0,3,2,29,25.4,Eva Hodgson,https://www.sports-reference.com/cbb/players/eva-hodgson-1.html,william-mary,2019-20
5,36,5,2019-11-23,William & Mary,,UMBC,REG (Non-Conf),W 76-48,*,26,6,9,.667,4,6,.667,2,3,.667,.889,0,0,,1,4,5,3,3,0,0,2,16,18.3,Eva Hodgson,https://www.sports-reference.com/cbb/players/eva-hodgson-1.html,william-mary,2019-20
6,37,6,2019-11-26,William & Mary,,Hartford,REG (Non-Conf),W 61-44,*,13,4,7,.571,0,1,.000,4,6,.667,.571,2,2,1.000,0,1,1,2,2,0,1,4,10,7.8,Eva Hodgson,https://www.sports-reference.com/cbb/players/eva-hodgson-1.html,william-mary,2019-20
7,38,7,2019-11-30,William & Mary,@,Delaware State,REG (Non-Conf),W 73-52,*,38,6,16,.375,0,6,.000,6,10,.600,.375,4,4,1.000,0,6,6,6,1,0,3,1,16,10.8,Eva Hodgson,https://www.sports-reference.com/cbb/players/eva-hodgson-1.html,william-mary,2019-20
8,39,8,2019-12-05,William & Mary,,Old Dominion,REG (Non-Conf),L 58-69,*,28,5,11,.455,1,4,.250,4,7,.571,.500,3,3,1.000,3,2,5,2,0,1,3,4,14,8.5,Eva Hodgson,https://www.sports-reference.com/cbb/players/eva-hodgson-1.html,william-mary,2019-20
9,40,9,2019-12-08,William & Mary,@,VCU,REG (Non-Conf),W 69-55,*,38,3,5,.600,3,5,.600,0,0,,.900,9,10,.900,1,3,4,4,1,1,4,0,18,17.4,Eva Hodgson,https://www.sports-reference.com/cbb/players/eva-hodgson-1.html,william-mary,2019-20
10,41,10,2019-12-20,William & Mary,,Norfolk State,REG (Non-Conf),W 65-56,*,34,7,10,.700,2,3,.667,5,7,.714,.800,3,3,1.000,0,5,5,5,0,0,4,1,19,15.4,Eva Hodgson,https://www.sports-reference.com/cbb/players/eva-hodgson-1.html,william-mary,2019-20
11,42,11,2019-12-29,William & Mary,@,George Washington,REG (Non-Conf),W 63-51,*,36,6,11,.545,3,4,.750,3,7,.429,.682,8,10,.800,1,1,2,1,0,0,3,4,23,14.0,Eva Hodgson,https://www.sports-reference.com/cbb/players/eva-hodgson-1.html,william-mary,2019-20
12,43,12,2020-01-03,William & Mary,@,James Madison,REG (Conf),L 70-84,*,33,7,13,.538,3,7,.429,4,6,.667,.654,3,4,.750,1,0,1,2,0,0,5,0,20,10.4,Eva Hodgson,https://www.sports-reference.com/cbb/players/eva-hodgson-1.html,william-mary,2019-20
13,44,13,2020-01-05,William & Mary,@,Towson,REG (Conf),W 83-75,*,40,8,12,.667,3,5,.600,5,7,.714,.792,6,8,.750,3,2,5,7,1,0,1,1,25,26.2,Eva Hodgson,https://www.sports-reference.com/cbb/players/eva-hodgson-1.html,william-mary,2019-20
14,45,14,2020-01-10,William & Mary,,UNC Wilmington,REG (Conf),L 55-72,*,35,4,9,.444,1,5,.200,3,4,.750,.500,5,5,1.000,0,3,3,6,3,3,5,1,14,14.1,Eva Hodgson,https://www.sports-reference.com/cbb/players/eva-hodgson-1.html,william-mary,2019-20
15,46,15,2020-01-12,William & Mary,,College of Charleston,REG (Conf),W 85-60,*,32,5,9,.556,1,5,.200,4,4,1.000,.611,9,10,.900,0,2,2,11,1,0,2,0,20,22.6,Eva Hodgson,https://www.sports-reference.com/cbb/players/eva-hodgson-1.html,william-mary,2019-20
16,47,16,2020-01-17,William & Mary,@,Hofstra,REG (Conf),W 66-53,*,33,7,16,.438,1,5,.200,6,11,.545,.469,8,8,1.000,2,3,5,4,3,0,4,1,23,18.3,Eva Hodgson,https://www.sports-reference.com/cbb/players/eva-hodgson-1.html,william-mary,2019-20
17,48,17,2020-01-19,William & Mary,@,Northeastern,REG (Conf),L 55-61,*,30,7,10,.700,4,5,.800,3,5,.600,.900,1,2,.500,0,0,0,5,1,0,6,4,19,11.3,Eva Hodgson,https://www.sports-reference.com/cbb/players/eva-hodgson-1.html,william-mary,2019-20
18,49,18,2020-01-24,William & Mary,,Delaware,REG (Conf),W 68-58,*,37,7,11,.636,2,4,.500,5,7,.714,.727,12,12,1.000,2,0,2,2,2,1,4,0,28,24.6,Eva Hodgson,https://www.sports-reference.com/cbb/players/eva-hodgson-1.html,william-mary,2019-20
19,50,19,2020-01-26,William & Mary,,Drexel,REG (Conf),L 54-61,*,39,5,8,.625,2,5,.400,3,3,1.000,.750,0,0,,0,1,1,1,3,1,5,2,12,7.3,Eva Hodgson,https://www.sports-reference.com/cbb/players/eva-hodgson-1.html,william-mary,2019-20
20,51,20,2020-01-31,William & Mary,@,Elon,REG (Conf),W 84-77,*,29,8,11,.727,4,5,.800,4,6,.667,.909,14,16,.875,2,1,3,3,1,0,6,4,34,25.9,Eva Hodgson,https://www.sports-reference.com/cbb/players/eva-hodgson-1.html,william-mary,2019-20
21,52,21,2020-02-07,William & Mary,@,College of Charleston,REG (Conf),W 80-74,*,40,6,14,.429,2,6,.333,4,8,.500,.500,16,16,1.000,2,3,5,5,1,1,2,2,30,27.3,Eva Hodgson,https://www.sports-reference.com/cbb/players/eva-hodgson-1.html,william-mary,2019-20
22,53,22,2020-02-09,William & Mary,@,UNC Wilmington,REG (Conf),W 63-55,*,39,9,13,.692,1,4,.250,8,9,.889,.731,4,7,.571,1,5,6,1,1,0,5,4,23,13.6,Eva Hodgson,https://www.sports-reference.com/cbb/players/eva-hodgson-1.html,william-mary,2019-20
23,54,23,2020-02-14,William & Mary,,Northeastern,REG (Conf),W 80-64,*,22,5,11,.455,2,4,.500,3,7,.429,.545,8,8,1.000,1,1,2,3,2,2,1,3,20,18.6,Eva Hodgson,https://www.sports-reference.com/cbb/players/eva-hodgson-1.html,william-mary,2019-20
24,55,24,2020-02-16,William & Mary,,Hofstra,REG (Conf),W 71-42,*,19,3,7,.429,0,3,.000,3,4,.750,.429,2,2,1.000,0,2,2,4,1,1,2,0,8,7.4,Eva Hodgson,https://www.sports-reference.com/cbb/players/eva-hodgson-1.html,william-mary,2019-20
25,56,25,2020-02-21,William & Mary,@,Drexel,REG (Conf),L 74-84 (OT),*,44,8,14,.571,2,3,.667,6,11,.545,.643,7,7,1.000,4,4,8,3,0,0,2,3,25,21.3,Eva Hodgson,https://www.sports-reference.com/cbb/players/eva-hodgson-1.html,william-mary,2019-20
26,57,26,2020-02-23,William & Mary,@,Delaware,REG (Conf),W 78-60,*,35,6,14,.429,3,6,.500,3,8,.375,.536,4,5,.800,0,1,1,3,1,1,4,3,19,10.1,Eva Hodgson,https://www.sports-reference.com/cbb/players/eva-hodgson-1.html,william-mary,2019-20
27,58,27,2020-02-28,William & Mary,,Elon,REG (Conf),W 74-61,*,37,8,14,.571,1,4,.250,7,10,.700,.607,10,11,.909,1,4,5,2,2,3,3,2,27,23.6,Eva Hodgson,https://www.sports-reference.com/cbb/players/eva-hodgson-1.html,william-mary,2019-20
28,59,28,2020-03-05,William & Mary,,Towson,REG (Conf),W 66-62,*,40,9,19,.474,3,7,.429,6,12,.500,.553,6,7,.857,3,3,6,2,2,2,6,1,27,18.3,Eva Hodgson,https://www.sports-reference.com/cbb/players/eva-hodgson-1.html,william-mary,2019-20
29,60,29,2020-03-07,William & Mary,,James Madison,REG (Conf),L 53-67,*,39,5,12,.417,1,2,.500,4,10,.400,.458,9,10,.900,0,2,2,2,0,1,2,3,20,12.7,Eva Hodgson,https://www.sports-reference.com/cbb/players/eva-hodgson-1.html,william-mary,2019-20
