ranker,player_game_num_career,team_game_num_season,date,team_name_abbr,game_location,opp_name_abbr,game_type,game_result,is_starter,mp,fg,fga,fg_pct,fg3,fg3a,fg3_pct,fg2,fg2a,fg2_pct,efg_pct,ft,fta,ft_pct,orb,drb,trb,ast,stl,blk,tov,pf,pts,game_score,player_name,player_sr_link,school,season
1,60,1,2019-11-05,William & Mary,@,Army,REG (Non-Conf),W 77-65,*,28,4,9,.444,0,1,.000,4,8,.500,.444,2,2,1.000,1,3,4,2,0,2,0,2,10,8.9,Gabby Rogers,https://www.sports-reference.com/cbb/players/gabby-rogers-1.html,william-mary,2019-20
2,61,2,2019-11-09,William & Mary,,Maryland Eastern Shore,REG (Non-Conf),W 78-50,*,20,2,5,.400,0,0,,2,5,.400,.400,2,2,1.000,0,4,4,1,0,2,3,1,6,3.2,Gabby Rogers,https://www.sports-reference.com/cbb/players/gabby-rogers-1.html,william-mary,2019-20
3,62,3,2019-11-12,William & Mary,@,East Carolina,REG (Non-Conf),W 78-68,*,12,3,4,.750,0,0,,3,4,.750,.750,0,0,,0,1,1,2,0,0,0,4,6,4.5,Gabby Rogers,https://www.sports-reference.com/cbb/players/gabby-rogers-1.html,william-mary,2019-20
4,63,4,2019-11-20,William & Mary,@,Richmond,REG (Non-Conf),L 73-76,*,24,2,5,.400,0,0,,2,5,.400,.400,0,0,,1,1,2,1,1,0,1,3,4,1.8,Gabby Rogers,https://www.sports-reference.com/cbb/players/gabby-rogers-1.html,william-mary,2019-20
5,64,5,2019-11-23,William & Mary,,UMBC,REG (Non-Conf),W 76-48,*,17,3,6,.500,0,0,,3,6,.500,.500,0,0,,0,3,3,1,1,4,0,2,6,7.6,Gabby Rogers,https://www.sports-reference.com/cbb/players/gabby-rogers-1.html,william-mary,2019-20
6,65,6,2019-11-26,William & Mary,,Hartford,REG (Non-Conf),W 61-44,*,15,2,5,.400,0,0,,2,5,.400,.400,0,0,,3,5,8,0,0,0,1,3,4,2.7,Gabby Rogers,https://www.sports-reference.com/cbb/players/gabby-rogers-1.html,william-mary,2019-20
7,66,7,2019-11-30,William & Mary,@,Delaware State,REG (Non-Conf),W 73-52,*,27,7,10,.700,0,0,,7,10,.700,.700,2,2,1.000,0,5,5,3,3,0,2,3,16,15.2,Gabby Rogers,https://www.sports-reference.com/cbb/players/gabby-rogers-1.html,william-mary,2019-20
8,67,8,2019-12-05,William & Mary,,Old Dominion,REG (Non-Conf),L 58-69,*,19,4,10,.400,0,0,,4,10,.400,.400,0,0,,2,2,4,1,0,0,2,1,8,2.9,Gabby Rogers,https://www.sports-reference.com/cbb/players/gabby-rogers-1.html,william-mary,2019-20
9,68,9,2019-12-08,William & Mary,@,VCU,REG (Non-Conf),W 69-55,*,20,2,2,1.000,0,0,,2,2,1.000,1.000,0,0,,0,4,4,0,0,0,3,4,4,0.0,Gabby Rogers,https://www.sports-reference.com/cbb/players/gabby-rogers-1.html,william-mary,2019-20
10,69,10,2019-12-20,William & Mary,,Norfolk State,REG (Non-Conf),W 65-56,*,29,7,14,.500,0,0,,7,14,.500,.500,0,0,,5,4,9,1,1,0,0,0,14,13.4,Gabby Rogers,https://www.sports-reference.com/cbb/players/gabby-rogers-1.html,william-mary,2019-20
11,70,11,2019-12-29,William & Mary,@,George Washington,REG (Non-Conf),W 63-51,*,17,2,7,.286,0,0,,2,7,.286,.286,2,2,1.000,3,2,5,1,0,0,0,4,6,3.7,Gabby Rogers,https://www.sports-reference.com/cbb/players/gabby-rogers-1.html,william-mary,2019-20
12,71,12,2020-01-03,William & Mary,@,James Madison,REG (Conf),L 70-84,*,25,3,9,.333,0,1,.000,3,8,.375,.333,0,0,,1,3,4,0,0,0,2,3,6,-0.7,Gabby Rogers,https://www.sports-reference.com/cbb/players/gabby-rogers-1.html,william-mary,2019-20
13,72,13,2020-01-05,William & Mary,@,Towson,REG (Conf),W 83-75,*,29,4,6,.667,0,1,.000,4,5,.800,.667,0,0,,0,4,4,2,0,1,0,3,8,7.5,Gabby Rogers,https://www.sports-reference.com/cbb/players/gabby-rogers-1.html,william-mary,2019-20
14,73,14,2020-01-10,William & Mary,,UNC Wilmington,REG (Conf),L 55-72,*,20,3,5,.600,0,0,,3,5,.600,.600,0,1,.000,0,3,3,2,1,0,2,4,6,3.0,Gabby Rogers,https://www.sports-reference.com/cbb/players/gabby-rogers-1.html,william-mary,2019-20
15,74,15,2020-01-12,William & Mary,,College of Charleston,REG (Conf),W 85-60,*,18,3,5,.600,0,0,,3,5,.600,.600,0,0,,0,2,2,0,1,0,1,3,6,3.1,Gabby Rogers,https://www.sports-reference.com/cbb/players/gabby-rogers-1.html,william-mary,2019-20
16,75,16,2020-01-17,William & Mary,@,Hofstra,REG (Conf),W 66-53,*,20,1,4,.250,0,0,,1,4,.250,.250,0,1,.000,1,0,1,1,0,0,1,3,2,-1.6,Gabby Rogers,https://www.sports-reference.com/cbb/players/gabby-rogers-1.html,william-mary,2019-20
17,76,17,2020-01-19,William & Mary,@,Northeastern,REG (Conf),L 55-61,*,19,2,3,.667,0,0,,2,3,.667,.667,2,2,1.000,1,4,5,0,1,1,1,4,6,5.7,Gabby Rogers,https://www.sports-reference.com/cbb/players/gabby-rogers-1.html,william-mary,2019-20
18,77,18,2020-01-24,William & Mary,,Delaware,REG (Conf),W 68-58,*,29,5,11,.455,0,0,,5,11,.455,.455,0,0,,1,2,3,1,1,0,1,2,10,5.5,Gabby Rogers,https://www.sports-reference.com/cbb/players/gabby-rogers-1.html,william-mary,2019-20
19,78,19,2020-01-26,William & Mary,,Drexel,REG (Conf),L 54-61,*,17,3,4,.750,0,0,,3,4,.750,.750,0,0,,0,1,1,0,3,1,2,5,6,4.4,Gabby Rogers,https://www.sports-reference.com/cbb/players/gabby-rogers-1.html,william-mary,2019-20
20,79,20,2020-01-31,William & Mary,@,Elon,REG (Conf),W 84-77,*,22,1,5,.200,0,0,,1,5,.200,.200,0,0,,0,2,2,0,1,2,2,3,2,-1.3,Gabby Rogers,https://www.sports-reference.com/cbb/players/gabby-rogers-1.html,william-mary,2019-20
21,80,21,2020-02-07,William & Mary,@,College of Charleston,REG (Conf),W 80-74,*,29,2,5,.400,0,0,,2,5,.400,.400,0,0,,2,7,9,0,0,2,1,2,4,4.4,Gabby Rogers,https://www.sports-reference.com/cbb/players/gabby-rogers-1.html,william-mary,2019-20
22,81,22,2020-02-09,William & Mary,@,UNC Wilmington,REG (Conf),W 63-55,*,24,0,2,.000,0,0,,0,2,.000,.000,0,0,,1,4,5,1,0,1,1,2,0,0.1,Gabby Rogers,https://www.sports-reference.com/cbb/players/gabby-rogers-1.html,william-mary,2019-20
23,82,23,2020-02-14,William & Mary,,Northeastern,REG (Conf),W 80-64,*,29,4,7,.571,0,0,,4,7,.571,.571,0,0,,2,4,6,1,3,3,2,3,8,9.9,Gabby Rogers,https://www.sports-reference.com/cbb/players/gabby-rogers-1.html,william-mary,2019-20
24,83,24,2020-02-16,William & Mary,,Hofstra,REG (Conf),W 71-42,*,13,2,2,1.000,0,0,,2,2,1.000,1.000,0,0,,1,3,4,1,0,1,1,1,4,5.0,Gabby Rogers,https://www.sports-reference.com/cbb/players/gabby-rogers-1.html,william-mary,2019-20
25,84,25,2020-02-21,William & Mary,@,Drexel,REG (Conf),L 74-84 (OT),*,29,3,5,.600,0,0,,3,5,.600,.600,2,2,1.000,1,5,6,1,1,0,3,5,8,4.6,Gabby Rogers,https://www.sports-reference.com/cbb/players/gabby-rogers-1.html,william-mary,2019-20
26,85,26,2020-02-23,William & Mary,@,Delaware,REG (Conf),W 78-60,*,18,5,6,.833,0,1,.000,5,5,1.000,.833,0,0,,0,2,2,1,0,0,0,5,10,7.1,Gabby Rogers,https://www.sports-reference.com/cbb/players/gabby-rogers-1.html,william-mary,2019-20
27,86,27,2020-02-28,William & Mary,,Elon,REG (Conf),W 74-61,*,20,0,1,.000,0,0,,0,1,.000,.000,0,0,,0,5,5,2,0,0,0,3,0,1.0,Gabby Rogers,https://www.sports-reference.com/cbb/players/gabby-rogers-1.html,william-mary,2019-20
28,87,28,2020-03-05,William & Mary,,Towson,REG (Conf),W 66-62,*,24,2,6,.333,0,0,,2,6,.333,.333,0,0,,1,6,7,0,0,0,3,2,4,-0.7,Gabby Rogers,https://www.sports-reference.com/cbb/players/gabby-rogers-1.html,william-mary,2019-20
29,88,29,2020-03-07,William & Mary,,James Madison,REG (Conf),L 53-67,*,20,1,6,.167,0,0,,1,6,.167,.167,0,0,,1,3,4,1,0,0,2,0,2,-1.5,Gabby Rogers,https://www.sports-reference.com/cbb/players/gabby-rogers-1.html,william-mary,2019-20
