ranker,player_game_num_career,team_game_num_season,date,team_name_abbr,game_location,opp_name_abbr,game_type,game_result,is_starter,mp,fg,fga,fg_pct,fg3,fg3a,fg3_pct,fg2,fg2a,fg2_pct,efg_pct,ft,fta,orb,drb,trb,ast,stl,blk,tov,pf,pts,game_score,player_name,player_sr_link,school,season
1,45,2,2019-11-09,William & Mary,,Maryland Eastern Shore,REG (Non-Conf),W 78-50,,12,1,3,.333,0,2,.000,1,1,1.000,.333,0,0,0,0,0,2,0,0,1,1,2,0.3,Libby Underwood,https://www.sports-reference.com/cbb/players/libby-underwood-1.html,william-mary,2019-20
2,46,3,2019-11-12,William & Mary,@,East Carolina,REG (Non-Conf),W 78-68,,1,0,1,.000,0,1,.000,0,0,,.000,0,0,0,0,0,0,0,0,0,0,0,-0.7,Libby Underwood,https://www.sports-reference.com/cbb/players/libby-underwood-1.html,william-mary,2019-20
3,47,5,2019-11-23,William & Mary,,UMBC,REG (Non-Conf),W 76-48,,10,1,3,.333,0,1,.000,1,2,.500,.333,0,0,0,0,0,0,0,0,0,1,2,-0.1,Libby Underwood,https://www.sports-reference.com/cbb/players/libby-underwood-1.html,william-mary,2019-20
4,48,9,2019-12-08,William & Mary,@,VCU,REG (Non-Conf),W 69-55,,0,0,0,,0,0,,0,0,,,0,0,0,0,0,0,0,0,0,0,0,0.0,Libby Underwood,https://www.sports-reference.com/cbb/players/libby-underwood-1.html,william-mary,2019-20
5,49,10,2019-12-20,William & Mary,,Norfolk State,REG (Non-Conf),W 65-56,,3,0,0,,0,0,,0,0,,,0,0,0,0,0,0,0,0,0,0,0,0.0,Libby Underwood,https://www.sports-reference.com/cbb/players/libby-underwood-1.html,william-mary,2019-20
6,50,15,2020-01-12,William & Mary,,College of Charleston,REG (Conf),W 85-60,,3,0,0,,0,0,,0,0,,,0,0,0,0,0,0,0,0,0,0,0,0.0,Libby Underwood,https://www.sports-reference.com/cbb/players/libby-underwood-1.html,william-mary,2019-20
7,51,16,2020-01-17,William & Mary,@,Hofstra,REG (Conf),W 66-53,,0,0,0,,0,0,,0,0,,,0,0,0,0,0,0,0,0,0,0,0,0.0,Libby Underwood,https://www.sports-reference.com/cbb/players/libby-underwood-1.html,william-mary,2019-20
8,52,26,2020-02-23,William & Mary,@,Delaware,REG (Conf),W 78-60,,0,0,0,,0,0,,0,0,,,0,0,0,0,0,0,0,0,0,0,0,0.0,Libby Underwood,https://www.sports-reference.com/cbb/players/libby-underwood-1.html,william-mary,2019-20
