ranker,player_game_num_career,team_game_num_season,date,team_name_abbr,game_location,opp_name_abbr,game_type,game_result,is_starter,mp,fg,fga,fg_pct,fg3,fg3a,fg3_pct,fg2,fg2a,fg2_pct,efg_pct,ft,fta,ft_pct,orb,drb,trb,ast,stl,blk,tov,pf,pts,game_score,player_name,player_sr_link,school,season
1,33,1,2019-11-05,William & Mary,@,Army,REG (Non-Conf),W 77-65,,19,5,9,.556,4,8,.500,1,1,1.000,.778,1,2,.500,0,0,0,3,0,0,0,3,15,11.2,Sydney Wagner,https://www.sports-reference.com/cbb/players/sydney-wagner-1.html,william-mary,2019-20
2,34,2,2019-11-09,William & Mary,,Maryland Eastern Shore,REG (Non-Conf),W 78-50,,16,3,7,.429,2,5,.400,1,2,.500,.571,3,4,.750,0,6,6,1,1,0,1,1,11,9.0,Sydney Wagner,https://www.sports-reference.com/cbb/players/sydney-wagner-1.html,william-mary,2019-20
3,35,3,2019-11-12,William & Mary,@,East Carolina,REG (Non-Conf),W 78-68,,25,5,9,.556,3,7,.429,2,2,1.000,.722,1,3,.333,0,1,1,0,1,0,2,0,14,8.2,Sydney Wagner,https://www.sports-reference.com/cbb/players/sydney-wagner-1.html,william-mary,2019-20
4,36,4,2019-11-20,William & Mary,@,Richmond,REG (Non-Conf),L 73-76,,21,2,10,.200,1,6,.167,1,4,.250,.250,0,0,,0,3,3,0,1,0,1,2,5,-1.1,Sydney Wagner,https://www.sports-reference.com/cbb/players/sydney-wagner-1.html,william-mary,2019-20
5,37,5,2019-11-23,William & Mary,,UMBC,REG (Non-Conf),W 76-48,,13,3,6,.500,1,4,.250,2,2,1.000,.583,0,0,,0,0,0,2,0,1,0,1,7,5.7,Sydney Wagner,https://www.sports-reference.com/cbb/players/sydney-wagner-1.html,william-mary,2019-20
6,38,6,2019-11-26,William & Mary,,Hartford,REG (Non-Conf),W 61-44,,20,3,12,.250,1,7,.143,2,5,.400,.292,0,0,,0,4,4,1,3,0,0,1,7,4.3,Sydney Wagner,https://www.sports-reference.com/cbb/players/sydney-wagner-1.html,william-mary,2019-20
7,39,7,2019-11-30,William & Mary,@,Delaware State,REG (Non-Conf),W 73-52,,15,2,3,.667,1,2,.500,1,1,1.000,.833,0,0,,0,1,1,0,0,0,1,0,5,3.0,Sydney Wagner,https://www.sports-reference.com/cbb/players/sydney-wagner-1.html,william-mary,2019-20
8,40,8,2019-12-05,William & Mary,,Old Dominion,REG (Non-Conf),L 58-69,,22,2,8,.250,0,5,.000,2,3,.667,.250,1,2,.500,1,0,1,1,0,0,1,2,5,-0.6,Sydney Wagner,https://www.sports-reference.com/cbb/players/sydney-wagner-1.html,william-mary,2019-20
9,41,9,2019-12-08,William & Mary,@,VCU,REG (Non-Conf),W 69-55,,23,3,8,.375,2,6,.333,1,2,.500,.500,2,2,1.000,0,1,1,2,1,0,3,2,10,4.5,Sydney Wagner,https://www.sports-reference.com/cbb/players/sydney-wagner-1.html,william-mary,2019-20
10,42,10,2019-12-20,William & Mary,,Norfolk State,REG (Non-Conf),W 65-56,,25,3,12,.250,1,7,.143,2,5,.400,.292,0,0,,1,2,3,4,0,2,1,0,7,4.3,Sydney Wagner,https://www.sports-reference.com/cbb/players/sydney-wagner-1.html,william-mary,2019-20
11,43,11,2019-12-29,William & Mary,@,George Washington,REG (Non-Conf),W 63-51,,4,0,2,.000,0,2,.000,0,0,,.000,0,0,,0,0,0,1,1,0,0,0,0,0.3,Sydney Wagner,https://www.sports-reference.com/cbb/players/sydney-wagner-1.html,william-mary,2019-20
12,44,12,2020-01-03,William & Mary,@,James Madison,REG (Conf),L 70-84,,20,3,11,.273,3,8,.375,0,3,.000,.409,0,0,,0,0,0,1,2,0,0,4,9,3.6,Sydney Wagner,https://www.sports-reference.com/cbb/players/sydney-wagner-1.html,william-mary,2019-20
13,45,13,2020-01-05,William & Mary,@,Towson,REG (Conf),W 83-75,,15,2,4,.500,1,3,.333,1,1,1.000,.625,0,0,,0,1,1,3,1,0,1,5,5,3.4,Sydney Wagner,https://www.sports-reference.com/cbb/players/sydney-wagner-1.html,william-mary,2019-20
14,46,14,2020-01-10,William & Mary,,UNC Wilmington,REG (Conf),L 55-72,,24,3,9,.333,1,6,.167,2,3,.667,.389,0,0,,0,1,1,0,0,0,0,1,7,1.8,Sydney Wagner,https://www.sports-reference.com/cbb/players/sydney-wagner-1.html,william-mary,2019-20
15,47,15,2020-01-12,William & Mary,,College of Charleston,REG (Conf),W 85-60,,19,5,8,.625,1,2,.500,4,6,.667,.688,2,2,1.000,0,1,1,0,0,0,2,2,13,6.9,Sydney Wagner,https://www.sports-reference.com/cbb/players/sydney-wagner-1.html,william-mary,2019-20
16,48,16,2020-01-17,William & Mary,@,Hofstra,REG (Conf),W 66-53,,23,4,9,.444,1,3,.333,3,6,.500,.500,0,0,,0,2,2,1,0,0,3,1,9,2.2,Sydney Wagner,https://www.sports-reference.com/cbb/players/sydney-wagner-1.html,william-mary,2019-20
17,49,17,2020-01-19,William & Mary,@,Northeastern,REG (Conf),L 55-61,,22,5,10,.500,3,6,.500,2,4,.500,.650,0,0,,1,0,1,0,0,0,1,2,13,6.9,Sydney Wagner,https://www.sports-reference.com/cbb/players/sydney-wagner-1.html,william-mary,2019-20
18,50,18,2020-01-24,William & Mary,,Delaware,REG (Conf),W 68-58,,23,2,8,.250,2,5,.400,0,3,.000,.375,1,2,.500,0,3,3,1,0,0,2,1,7,1.0,Sydney Wagner,https://www.sports-reference.com/cbb/players/sydney-wagner-1.html,william-mary,2019-20
19,51,19,2020-01-26,William & Mary,,Drexel,REG (Conf),L 54-61,,25,2,7,.286,1,4,.250,1,3,.333,.357,0,0,,0,2,2,1,1,0,0,3,5,2.0,Sydney Wagner,https://www.sports-reference.com/cbb/players/sydney-wagner-1.html,william-mary,2019-20
20,52,20,2020-01-31,William & Mary,@,Elon,REG (Conf),W 84-77,,25,2,5,.400,2,5,.400,0,0,,.600,5,6,.833,0,1,1,0,0,0,0,2,11,7.4,Sydney Wagner,https://www.sports-reference.com/cbb/players/sydney-wagner-1.html,william-mary,2019-20
21,53,21,2020-02-07,William & Mary,@,College of Charleston,REG (Conf),W 80-74,,24,3,11,.273,3,9,.333,0,2,.000,.409,3,4,.750,0,2,2,1,0,0,3,3,12,2.2,Sydney Wagner,https://www.sports-reference.com/cbb/players/sydney-wagner-1.html,william-mary,2019-20
22,54,22,2020-02-09,William & Mary,@,UNC Wilmington,REG (Conf),W 63-55,,26,4,9,.444,3,6,.500,1,3,.333,.611,0,2,.000,1,3,4,2,3,0,3,2,11,7.7,Sydney Wagner,https://www.sports-reference.com/cbb/players/sydney-wagner-1.html,william-mary,2019-20
23,55,23,2020-02-14,William & Mary,,Northeastern,REG (Conf),W 80-64,,29,4,10,.400,2,5,.400,2,5,.400,.500,0,1,.000,2,1,3,3,1,0,3,1,10,5.6,Sydney Wagner,https://www.sports-reference.com/cbb/players/sydney-wagner-1.html,william-mary,2019-20
24,56,24,2020-02-16,William & Mary,,Hofstra,REG (Conf),W 71-42,,22,2,7,.286,2,6,.333,0,1,.000,.429,0,0,,1,1,2,3,0,0,0,1,6,4.6,Sydney Wagner,https://www.sports-reference.com/cbb/players/sydney-wagner-1.html,william-mary,2019-20
25,57,25,2020-02-21,William & Mary,@,Drexel,REG (Conf),L 74-84 (OT),,30,4,8,.500,2,4,.500,2,4,.500,.625,0,0,,0,1,1,3,0,0,4,4,10,2.8,Sydney Wagner,https://www.sports-reference.com/cbb/players/sydney-wagner-1.html,william-mary,2019-20
26,58,26,2020-02-23,William & Mary,@,Delaware,REG (Conf),W 78-60,,26,4,9,.444,1,5,.200,3,4,.750,.500,1,2,.500,2,3,5,0,0,0,3,0,10,4.2,Sydney Wagner,https://www.sports-reference.com/cbb/players/sydney-wagner-1.html,william-mary,2019-20
27,59,27,2020-02-28,William & Mary,,Elon,REG (Conf),W 74-61,,29,3,9,.333,1,5,.200,2,4,.500,.389,4,4,1.000,0,3,3,1,0,0,1,2,11,5.7,Sydney Wagner,https://www.sports-reference.com/cbb/players/sydney-wagner-1.html,william-mary,2019-20
28,60,28,2020-03-05,William & Mary,,Towson,REG (Conf),W 66-62,,21,2,7,.286,0,3,.000,2,4,.500,.286,0,0,,0,1,1,3,1,0,1,2,4,1.5,Sydney Wagner,https://www.sports-reference.com/cbb/players/sydney-wagner-1.html,william-mary,2019-20
29,61,29,2020-03-07,William & Mary,,James Madison,REG (Conf),L 53-67,,14,1,3,.333,1,3,.333,0,0,,.500,0,0,,0,1,1,0,0,0,1,4,3,-1.0,Sydney Wagner,https://www.sports-reference.com/cbb/players/sydney-wagner-1.html,william-mary,2019-20
