ranker,player_game_num_career,team_game_num_season,date,team_name_abbr,game_location,opp_name_abbr,game_type,game_result,is_starter,mp,fg,fga,fg_pct,fg3,fg3a,fg3_pct,fg2,fg2a,fg2_pct,efg_pct,ft,fta,ft_pct,orb,drb,trb,ast,stl,blk,tov,pf,pts,game_score,player_name,player_sr_link,school,season
1,90,1,2019-11-05,William & Mary,@,Army,REG (Non-Conf),W 77-65,*,26,4,14,.286,0,3,.000,4,11,.364,.286,1,1,1.000,1,3,4,3,1,0,2,3,9,2.3,Victoria Reynolds,https://www.sports-reference.com/cbb/players/victoria-reynolds-1.html,william-mary,2019-20
2,91,2,2019-11-09,William & Mary,,Maryland Eastern Shore,REG (Non-Conf),W 78-50,*,15,4,7,.571,0,0,,4,7,.571,.571,1,2,.500,3,2,5,1,1,0,4,3,9,4.5,Victoria Reynolds,https://www.sports-reference.com/cbb/players/victoria-reynolds-1.html,william-mary,2019-20
3,92,3,2019-11-12,William & Mary,@,East Carolina,REG (Non-Conf),W 78-68,*,38,5,8,.625,1,1,1.000,4,7,.571,.688,6,8,.750,1,11,12,2,6,0,7,2,17,16.2,Victoria Reynolds,https://www.sports-reference.com/cbb/players/victoria-reynolds-1.html,william-mary,2019-20
4,93,4,2019-11-20,William & Mary,@,Richmond,REG (Non-Conf),L 73-76,*,36,2,11,.182,0,2,.000,2,9,.222,.182,12,14,.857,2,3,5,4,0,0,0,2,16,12.6,Victoria Reynolds,https://www.sports-reference.com/cbb/players/victoria-reynolds-1.html,william-mary,2019-20
5,94,5,2019-11-23,William & Mary,,UMBC,REG (Non-Conf),W 76-48,*,16,5,7,.714,1,1,1.000,4,6,.667,.786,1,1,1.000,1,0,1,1,2,0,1,2,12,10.7,Victoria Reynolds,https://www.sports-reference.com/cbb/players/victoria-reynolds-1.html,william-mary,2019-20
6,95,6,2019-11-26,William & Mary,,Hartford,REG (Non-Conf),W 61-44,*,28,3,13,.231,0,1,.000,3,12,.250,.231,1,2,.500,0,2,2,0,3,0,2,1,7,-0.1,Victoria Reynolds,https://www.sports-reference.com/cbb/players/victoria-reynolds-1.html,william-mary,2019-20
7,96,7,2019-11-30,William & Mary,@,Delaware State,REG (Non-Conf),W 73-52,*,25,6,7,.857,0,0,,6,7,.857,.857,3,4,.750,1,3,4,2,1,0,3,3,15,11.9,Victoria Reynolds,https://www.sports-reference.com/cbb/players/victoria-reynolds-1.html,william-mary,2019-20
8,97,8,2019-12-05,William & Mary,,Old Dominion,REG (Non-Conf),L 58-69,*,40,9,17,.529,2,4,.500,7,13,.538,.588,0,0,,1,4,5,4,2,1,0,2,20,18.3,Victoria Reynolds,https://www.sports-reference.com/cbb/players/victoria-reynolds-1.html,william-mary,2019-20
9,98,9,2019-12-08,William & Mary,@,VCU,REG (Non-Conf),W 69-55,*,37,6,8,.750,0,0,,6,8,.750,.750,6,7,.857,2,7,9,3,2,1,5,2,18,16.9,Victoria Reynolds,https://www.sports-reference.com/cbb/players/victoria-reynolds-1.html,william-mary,2019-20
10,99,10,2019-12-20,William & Mary,,Norfolk State,REG (Non-Conf),W 65-56,*,36,3,7,.429,0,0,,3,7,.429,.429,3,4,.750,2,7,9,3,2,0,5,3,9,6.3,Victoria Reynolds,https://www.sports-reference.com/cbb/players/victoria-reynolds-1.html,william-mary,2019-20
11,100,11,2019-12-29,William & Mary,@,George Washington,REG (Non-Conf),W 63-51,*,35,8,12,.667,1,3,.333,7,9,.778,.708,2,3,.667,0,6,6,5,2,0,4,0,19,16.7,Victoria Reynolds,https://www.sports-reference.com/cbb/players/victoria-reynolds-1.html,william-mary,2019-20
12,101,12,2020-01-03,William & Mary,@,James Madison,REG (Conf),L 70-84,*,36,7,15,.467,1,4,.250,6,11,.545,.500,5,6,.833,1,6,7,4,1,0,1,3,20,16.0,Victoria Reynolds,https://www.sports-reference.com/cbb/players/victoria-reynolds-1.html,william-mary,2019-20
13,102,13,2020-01-05,William & Mary,@,Towson,REG (Conf),W 83-75,*,38,12,21,.571,1,4,.250,11,17,.647,.595,1,2,.500,1,6,7,6,3,0,4,2,26,20.6,Victoria Reynolds,https://www.sports-reference.com/cbb/players/victoria-reynolds-1.html,william-mary,2019-20
14,103,14,2020-01-10,William & Mary,,UNC Wilmington,REG (Conf),L 55-72,*,37,4,12,.333,0,1,.000,4,11,.364,.333,5,7,.714,4,3,7,1,1,0,4,2,13,6.0,Victoria Reynolds,https://www.sports-reference.com/cbb/players/victoria-reynolds-1.html,william-mary,2019-20
15,104,15,2020-01-12,William & Mary,,College of Charleston,REG (Conf),W 85-60,*,27,6,9,.667,1,1,1.000,5,8,.625,.722,4,4,1.000,1,2,3,4,1,0,4,3,17,13.0,Victoria Reynolds,https://www.sports-reference.com/cbb/players/victoria-reynolds-1.html,william-mary,2019-20
16,105,16,2020-01-17,William & Mary,@,Hofstra,REG (Conf),W 66-53,*,36,8,21,.381,0,2,.000,8,19,.421,.381,7,7,1.000,7,5,12,1,3,2,3,1,23,19.6,Victoria Reynolds,https://www.sports-reference.com/cbb/players/victoria-reynolds-1.html,william-mary,2019-20
17,106,17,2020-01-19,William & Mary,@,Northeastern,REG (Conf),L 55-61,*,32,1,12,.083,0,3,.000,1,9,.111,.083,2,2,1.000,4,9,13,4,1,0,4,3,4,0.1,Victoria Reynolds,https://www.sports-reference.com/cbb/players/victoria-reynolds-1.html,william-mary,2019-20
18,107,18,2020-01-24,William & Mary,,Delaware,REG (Conf),W 68-58,*,39,7,13,.538,2,5,.400,5,8,.625,.615,1,2,.500,0,3,3,5,4,1,5,1,17,14.0,Victoria Reynolds,https://www.sports-reference.com/cbb/players/victoria-reynolds-1.html,william-mary,2019-20
19,108,19,2020-01-26,William & Mary,,Drexel,REG (Conf),L 54-61,*,34,6,11,.545,0,1,.000,6,10,.600,.545,1,3,.333,2,9,11,5,1,0,3,2,13,11.7,Victoria Reynolds,https://www.sports-reference.com/cbb/players/victoria-reynolds-1.html,william-mary,2019-20
20,109,20,2020-01-31,William & Mary,@,Elon,REG (Conf),W 84-77,*,36,5,10,.500,1,1,1.000,4,9,.444,.550,8,9,.889,1,4,5,4,2,0,4,3,19,15.1,Victoria Reynolds,https://www.sports-reference.com/cbb/players/victoria-reynolds-1.html,william-mary,2019-20
21,110,21,2020-02-07,William & Mary,@,College of Charleston,REG (Conf),W 80-74,*,34,5,14,.357,1,4,.250,4,10,.400,.393,6,6,1.000,0,9,9,5,2,1,2,2,17,15.3,Victoria Reynolds,https://www.sports-reference.com/cbb/players/victoria-reynolds-1.html,william-mary,2019-20
22,111,22,2020-02-09,William & Mary,@,UNC Wilmington,REG (Conf),W 63-55,*,40,5,11,.455,0,2,.000,5,9,.556,.455,6,7,.857,1,5,6,2,3,1,6,1,16,10.8,Victoria Reynolds,https://www.sports-reference.com/cbb/players/victoria-reynolds-1.html,william-mary,2019-20
23,112,23,2020-02-14,William & Mary,,Northeastern,REG (Conf),W 80-64,*,36,6,14,.429,1,3,.333,5,11,.455,.464,4,4,1.000,3,3,6,1,1,1,2,2,17,12.2,Victoria Reynolds,https://www.sports-reference.com/cbb/players/victoria-reynolds-1.html,william-mary,2019-20
24,113,24,2020-02-16,William & Mary,,Hofstra,REG (Conf),W 71-42,*,21,6,8,.750,1,2,.500,5,6,.833,.813,0,0,,0,1,1,5,2,1,0,0,13,16.3,Victoria Reynolds,https://www.sports-reference.com/cbb/players/victoria-reynolds-1.html,william-mary,2019-20
25,114,25,2020-02-21,William & Mary,@,Drexel,REG (Conf),L 74-84 (OT),*,44,7,16,.438,1,4,.250,6,12,.500,.469,3,4,.750,2,3,5,2,2,0,4,3,18,9.7,Victoria Reynolds,https://www.sports-reference.com/cbb/players/victoria-reynolds-1.html,william-mary,2019-20
26,115,26,2020-02-23,William & Mary,@,Delaware,REG (Conf),W 78-60,*,38,8,14,.571,0,1,.000,8,13,.615,.571,2,4,.500,1,5,6,7,4,0,3,1,18,18.3,Victoria Reynolds,https://www.sports-reference.com/cbb/players/victoria-reynolds-1.html,william-mary,2019-20
27,116,27,2020-02-28,William & Mary,,Elon,REG (Conf),W 74-61,*,35,6,10,.600,0,1,.000,6,9,.667,.600,8,9,.889,1,2,3,2,2,3,3,2,20,18.0,Victoria Reynolds,https://www.sports-reference.com/cbb/players/victoria-reynolds-1.html,william-mary,2019-20
28,117,28,2020-03-05,William & Mary,,Towson,REG (Conf),W 66-62,*,39,7,14,.500,0,2,.000,7,12,.583,.500,5,6,.833,1,6,7,4,4,2,3,1,19,18.9,Victoria Reynolds,https://www.sports-reference.com/cbb/players/victoria-reynolds-1.html,william-mary,2019-20
29,118,29,2020-03-07,William & Mary,,James Madison,REG (Conf),L 53-67,*,39,4,11,.364,2,4,.500,2,7,.286,.455,8,10,.800,2,6,8,1,2,0,1,2,18,15.2,Victoria Reynolds,https://www.sports-reference.com/cbb/players/victoria-reynolds-1.html,william-mary,2019-20
