ranker,player_game_num_career,team_game_num_season,date,team_name_abbr,game_location,opp_name_abbr,game_type,game_result,is_starter,mp,fg,fga,fg_pct,fg3,fg3a,fg3_pct,fg2,fg2a,fg2_pct,efg_pct,ft,fta,ft_pct,orb,drb,trb,ast,stl,blk,tov,pf,pts,game_score,player_name,player_sr_link,school,season
1,34,3,2023-11-18,Utah Valley,@,St. Thomas,REG (Non-Conf),L 62-70,,4,0,0,,0,0,,0,0,,,0,0,,0,0,0,0,0,0,1,1,0,-1.4,Abby Conlee,https://www.sports-reference.com/cbb/players/abby-conlee-1.html,utah-valley,2023-24
2,35,9,2023-12-09,Utah Valley,,Utah State,REG (Non-Conf),W 68-38,,4,1,2,.500,1,1,1.000,0,1,.000,.750,0,0,,0,1,1,0,1,0,1,0,3,2.3,Abby Conlee,https://www.sports-reference.com/cbb/players/abby-conlee-1.html,utah-valley,2023-24
3,36,10,2023-12-16,Utah Valley,@,New Mexico State,REG (Non-Conf),L 39-70,,2,0,1,.000,0,1,.000,0,0,,.000,0,0,,0,1,1,0,1,0,1,0,0,-0.4,Abby Conlee,https://www.sports-reference.com/cbb/players/abby-conlee-1.html,utah-valley,2023-24
4,37,12,2024-01-04,Utah Valley,@,California Baptist,REG (Conf),L 61-80,,1,0,0,,0,0,,0,0,,,0,0,,0,0,0,0,0,0,0,0,0,0.0,Abby Conlee,https://www.sports-reference.com/cbb/players/abby-conlee-1.html,utah-valley,2023-24
5,38,14,2024-01-11,Utah Valley,,UT Arlington,REG (Conf),L 64-72,,0,0,0,,0,0,,0,0,,,0,0,,0,0,0,0,0,0,0,0,0,0.0,Abby Conlee,https://www.sports-reference.com/cbb/players/abby-conlee-1.html,utah-valley,2023-24
6,39,15,2024-01-13,Utah Valley,,Texas–Rio Grande Valley,REG (Conf),W 75-62,,2,0,0,,0,0,,0,0,,,0,0,,0,0,0,0,0,1,0,0,0,0.7,Abby Conlee,https://www.sports-reference.com/cbb/players/abby-conlee-1.html,utah-valley,2023-24
7,40,26,2024-02-24,Utah Valley,@,Stephen F. Austin,REG (Conf),L 35-84,,14,0,2,.000,0,1,.000,0,1,.000,.000,0,0,,0,1,1,0,1,2,1,3,0,-0.9,Abby Conlee,https://www.sports-reference.com/cbb/players/abby-conlee-1.html,utah-valley,2023-24
8,41,29,2024-03-09,Utah Valley,,Abilene Christian,REG (Conf),L 50-81,,3,0,1,.000,0,1,.000,0,0,,.000,1,2,.500,1,1,2,0,0,0,0,0,1,0.9,Abby Conlee,https://www.sports-reference.com/cbb/players/abby-conlee-1.html,utah-valley,2023-24
