ranker,player_game_num_career,team_game_num_season,date,team_name_abbr,game_location,opp_name_abbr,game_type,game_result,is_starter,mp,fg,fga,fg_pct,fg3,fg3a,fg3_pct,fg2,fg2a,fg2_pct,efg_pct,ft,fta,ft_pct,orb,drb,trb,ast,stl,blk,tov,pf,pts,game_score,player_name,player_sr_link,school,season
1,46,2,2023-11-14,Utah Valley,@,Brigham Young,REG (Non-Conf),L 44-59,,4,0,2,.000,0,1,.000,0,1,.000,.000,0,0,,0,0,0,0,0,0,0,0,0,-1.4,Elina Tausinga,https://www.sports-reference.com/cbb/players/elina-tausinga-1.html,utah-valley,2023-24
2,47,4,2023-11-21,Utah Valley,,Westminster (UT),REG (Non-Conf),W 76-42,,10,1,4,.250,0,2,.000,1,2,.500,.250,0,0,,2,0,2,1,1,0,1,3,2,0.5,Elina Tausinga,https://www.sports-reference.com/cbb/players/elina-tausinga-1.html,utah-valley,2023-24
3,48,5,2023-11-25,Utah Valley,@,Idaho,REG (Non-Conf),W 66-59,,0,0,0,,0,0,,0,0,,,0,0,,0,0,0,0,0,0,0,0,0,0.0,Elina Tausinga,https://www.sports-reference.com/cbb/players/elina-tausinga-1.html,utah-valley,2023-24
4,49,26,2024-02-24,Utah Valley,@,Stephen F. Austin,REG (Conf),L 35-84,,7,2,4,.500,0,1,.000,2,3,.667,.500,0,1,.000,0,1,1,0,0,0,1,1,4,0.5,Elina Tausinga,https://www.sports-reference.com/cbb/players/elina-tausinga-1.html,utah-valley,2023-24
5,50,29,2024-03-09,Utah Valley,,Abilene Christian,REG (Conf),L 50-81,*,8,0,3,.000,0,1,.000,0,2,.000,.000,0,0,,0,1,1,0,0,0,0,2,0,-2.6,Elina Tausinga,https://www.sports-reference.com/cbb/players/elina-tausinga-1.html,utah-valley,2023-24
