ranker,player_game_num_career,team_game_num_season,date,team_name_abbr,game_location,opp_name_abbr,game_type,game_result,is_starter,mp,fg,fga,fg_pct,fg3,fg3a,fg2,fg2a,fg2_pct,efg_pct,ft,fta,ft_pct,orb,drb,trb,ast,stl,blk,tov,pf,pts,game_score,player_name,player_sr_link,school,season
1,10,5,2022-11-19,Marist,N,North Florida,REG (Non-Conf),W 61-45,,4,0,0,,0,0,0,0,,,0,0,,0,0,0,0,0,0,0,0,0,0.0,McKenna Rife,https://www.sports-reference.com/cbb/players/mckenna-rife-1.html,marist,2022-23
2,11,7,2022-12-01,Marist,@,Columbia,REG (Non-Conf),L 54-103,,2,0,0,,0,0,0,0,,,0,0,,0,0,0,0,0,0,0,0,0,0.0,McKenna Rife,https://www.sports-reference.com/cbb/players/mckenna-rife-1.html,marist,2022-23
3,12,9,2022-12-10,Marist,@,American,REG (Non-Conf),W 59-41,,1,0,0,,0,0,0,0,,,1,2,.500,1,0,1,0,0,0,0,0,1,1.3,McKenna Rife,https://www.sports-reference.com/cbb/players/mckenna-rife-1.html,marist,2022-23
4,13,19,2023-01-28,Marist,,Saint Peter's,REG (Conf),W 69-43,,5,1,3,.333,0,0,1,3,.333,.333,0,0,,0,0,0,0,0,0,0,1,2,-0.1,McKenna Rife,https://www.sports-reference.com/cbb/players/mckenna-rife-1.html,marist,2022-23
5,14,25,2023-02-18,Marist,,Siena,REG (Conf),L 49-77,,4,0,2,.000,0,0,0,2,.000,.000,2,2,1.000,0,0,0,0,0,0,0,0,2,0.6,McKenna Rife,https://www.sports-reference.com/cbb/players/mckenna-rife-1.html,marist,2022-23
6,15,26,2023-02-23,Marist,@,Fairfield,REG (Conf),L 57-73,,2,0,0,,0,0,0,0,,,0,0,,0,0,0,0,0,0,0,0,0,0.0,McKenna Rife,https://www.sports-reference.com/cbb/players/mckenna-rife-1.html,marist,2022-23
7,16,27,2023-02-25,Marist,,Niagara,REG (Conf),L 56-74,,2,0,0,,0,0,0,0,,,0,0,,0,0,0,0,0,0,0,0,0,0.0,McKenna Rife,https://www.sports-reference.com/cbb/players/mckenna-rife-1.html,marist,2022-23
