ranker,player_game_num_career,team_game_num_season,date,team_name_abbr,game_location,opp_name_abbr,game_type,game_result,is_starter,mp,fg,fga,fg_pct,fg3,fg3a,fg3_pct,fg2,fg2a,fg2_pct,efg_pct,ft,fta,ft_pct,orb,drb,trb,ast,stl,blk,tov,pf,pts,game_score,player_name,player_sr_link,school,season
1,20,1,2021-11-09,San Jose State,@,Washington State,REG (Non-Conf),L 56-86,*,28,5,12,.417,0,2,.000,5,10,.500,.417,0,0,,0,1,1,2,1,0,0,1,10,5.9,Ellie Boni,https://www.sports-reference.com/cbb/players/ellie-boni-1.html,san-jose-state,2021-22
2,21,2,2021-11-11,San Jose State,@,Eastern Washington,REG (Non-Conf),W 77-67,*,35,4,13,.308,1,3,.333,3,10,.300,.346,2,2,1.000,1,6,7,7,1,0,3,3,11,7.7,Ellie Boni,https://www.sports-reference.com/cbb/players/ellie-boni-1.html,san-jose-state,2021-22
3,22,3,2021-11-14,San Jose State,@,Sacramento State,REG (Non-Conf),L 65-75,*,34,6,12,.500,3,3,1.000,3,9,.333,.625,0,0,,4,3,7,4,2,0,1,3,15,15.3,Ellie Boni,https://www.sports-reference.com/cbb/players/ellie-boni-1.html,san-jose-state,2021-22
4,23,4,2021-11-17,San Jose State,,Santa Clara,REG (Non-Conf),L 58-67,*,34,1,4,.250,0,1,.000,1,3,.333,.250,0,0,,4,2,6,3,1,0,3,4,2,1.5,Ellie Boni,https://www.sports-reference.com/cbb/players/ellie-boni-1.html,san-jose-state,2021-22
5,24,5,2021-11-20,San Jose State,,Pacific,REG (Non-Conf),W 71-60,*,36,4,10,.400,2,4,.500,2,6,.333,.500,2,3,.667,1,4,5,5,1,1,4,1,12,8.9,Ellie Boni,https://www.sports-reference.com/cbb/players/ellie-boni-1.html,san-jose-state,2021-22
6,25,6,2021-11-24,San Jose State,,Academy of Art,REG (Non-Conf),W 62-49,*,32,1,8,.125,0,2,.000,1,6,.167,.125,2,2,1.000,2,4,6,4,0,0,0,2,4,3.4,Ellie Boni,https://www.sports-reference.com/cbb/players/ellie-boni-1.html,san-jose-state,2021-22
7,26,7,2021-11-30,San Jose State,@,St. Mary's (CA),REG (Non-Conf),L 71-79,*,32,0,4,.000,0,1,.000,0,3,.000,.000,2,4,.500,1,2,3,5,3,0,2,3,2,3.0,Ellie Boni,https://www.sports-reference.com/cbb/players/ellie-boni-1.html,san-jose-state,2021-22
8,27,8,2021-12-03,San Jose State,@,UC San Diego,REG (Non-Conf),L 61-81,*,34,3,10,.300,1,3,.333,2,7,.286,.350,0,0,,3,4,7,1,0,0,1,3,7,3.0,Ellie Boni,https://www.sports-reference.com/cbb/players/ellie-boni-1.html,san-jose-state,2021-22
9,28,9,2021-12-05,San Jose State,@,UCLA,REG (Non-Conf),L 33-112,*,27,0,5,.000,0,2,.000,0,3,.000,.000,0,0,,1,0,1,0,0,0,4,1,0,-7.2,Ellie Boni,https://www.sports-reference.com/cbb/players/ellie-boni-1.html,san-jose-state,2021-22
