ranker,player_game_num_career,team_game_num_season,date,team_name_abbr,game_location,opp_name_abbr,game_type,game_result,is_starter,mp,fg,fga,fg_pct,fg3,fg3a,fg3_pct,fg2,fg2a,fg2_pct,efg_pct,ft,fta,ft_pct,orb,drb,trb,ast,stl,blk,tov,pf,pts,game_score,player_name,player_sr_link,school,season
1,1,1,2021-11-09,San Jose State,@,Washington State,REG (Non-Conf),L 56-86,,9,2,3,.667,1,2,.500,1,1,1.000,.833,0,0,,0,2,2,0,0,0,0,0,5,4.3,Jadyn Watson,https://www.sports-reference.com/cbb/players/jadyn-watson-1.html,san-jose-state,2021-22
2,2,2,2021-11-11,San Jose State,@,Eastern Washington,REG (Non-Conf),W 77-67,,2,0,0,,0,0,,0,0,,,0,0,,0,0,0,0,1,0,1,1,0,-0.4,Jadyn Watson,https://www.sports-reference.com/cbb/players/jadyn-watson-1.html,san-jose-state,2021-22
3,3,3,2021-11-14,San Jose State,@,Sacramento State,REG (Non-Conf),L 65-75,,2,0,0,,0,0,,0,0,,,0,0,,0,0,0,0,0,0,0,0,0,0.0,Jadyn Watson,https://www.sports-reference.com/cbb/players/jadyn-watson-1.html,san-jose-state,2021-22
4,4,5,2021-11-20,San Jose State,,Pacific,REG (Non-Conf),W 71-60,,1,0,0,,0,0,,0,0,,,0,0,,0,0,0,0,0,0,0,0,0,0.0,Jadyn Watson,https://www.sports-reference.com/cbb/players/jadyn-watson-1.html,san-jose-state,2021-22
5,5,6,2021-11-24,San Jose State,,Academy of Art,REG (Non-Conf),W 62-49,,8,0,1,.000,0,0,,0,1,.000,.000,0,2,.000,0,0,0,0,1,0,1,1,0,-1.9,Jadyn Watson,https://www.sports-reference.com/cbb/players/jadyn-watson-1.html,san-jose-state,2021-22
6,6,8,2021-12-03,San Jose State,@,UC San Diego,REG (Non-Conf),L 61-81,,4,0,1,.000,0,1,.000,0,0,,.000,0,0,,0,0,0,0,0,0,1,1,0,-2.1,Jadyn Watson,https://www.sports-reference.com/cbb/players/jadyn-watson-1.html,san-jose-state,2021-22
7,7,9,2021-12-05,San Jose State,@,UCLA,REG (Non-Conf),L 33-112,,11,0,1,.000,0,1,.000,0,0,,.000,1,2,.500,0,0,0,0,0,0,0,1,1,-0.5,Jadyn Watson,https://www.sports-reference.com/cbb/players/jadyn-watson-1.html,san-jose-state,2021-22
