ranker,player_game_num_career,team_game_num_season,date,team_name_abbr,game_location,opp_name_abbr,game_type,game_result,is_starter,mp,fg,fga,fg_pct,fg3,fg3a,fg3_pct,fg2,fg2a,fg2_pct,efg_pct,ft,fta,ft_pct,orb,drb,trb,ast,stl,blk,tov,pf,pts,game_score,player_name,player_sr_link,school,season
1,26,1,2020-12-04,Louisiana,,North Texas,REG (Non-Conf),L 74-83,,3,0,0,,0,0,,0,0,,,0,2,.000,0,0,0,0,0,0,0,0,0,-0.8,Alexandria Goodly,https://www.sports-reference.com/cbb/players/alexandria-goodly-1.html,louisiana-lafayette,2020-21
2,27,2,2020-12-09,Louisiana,,McNeese State,REG (Non-Conf),W 80-48,,20,1,2,.500,1,1,1.000,0,1,.000,.750,2,4,.500,0,2,2,1,1,0,1,3,5,3.3,Alexandria Goodly,https://www.sports-reference.com/cbb/players/alexandria-goodly-1.html,louisiana-lafayette,2020-21
3,28,4,2020-12-16,Louisiana,@,Rice,REG (Non-Conf),L 51-83,*,15,1,5,.200,0,3,.000,1,2,.500,.200,0,0,,1,0,1,0,1,0,0,1,2,0.2,Alexandria Goodly,https://www.sports-reference.com/cbb/players/alexandria-goodly-1.html,louisiana-lafayette,2020-21
4,29,5,2020-12-20,Louisiana,@,Louisiana Tech,REG (Non-Conf),L 65-68,*,17,1,4,.250,1,2,.500,0,2,.000,.375,0,0,,0,2,2,1,0,0,0,0,3,1.9,Alexandria Goodly,https://www.sports-reference.com/cbb/players/alexandria-goodly-1.html,louisiana-lafayette,2020-21
5,30,6,2021-01-01,Louisiana,@,Texas State,REG (Conf),L 63-71,,9,0,2,.000,0,1,.000,0,1,.000,.000,0,0,,0,1,1,4,0,0,0,0,0,1.7,Alexandria Goodly,https://www.sports-reference.com/cbb/players/alexandria-goodly-1.html,louisiana-lafayette,2020-21
6,31,7,2021-01-02,Louisiana,@,Texas State,REG (Conf),W 67-41,,14,0,1,.000,0,0,,0,1,.000,.000,0,0,,0,2,2,2,0,0,0,2,0,0.5,Alexandria Goodly,https://www.sports-reference.com/cbb/players/alexandria-goodly-1.html,louisiana-lafayette,2020-21
7,32,8,2021-01-22,Louisiana,@,Arkansas State,REG (Conf),W 67-65 (OT),,8,1,2,.500,1,2,.500,0,0,,.750,0,0,,0,0,0,0,1,0,0,2,3,2.2,Alexandria Goodly,https://www.sports-reference.com/cbb/players/alexandria-goodly-1.html,louisiana-lafayette,2020-21
8,33,9,2021-01-23,Louisiana,@,Arkansas State,REG (Conf),W 70-58,,15,1,3,.333,0,1,.000,1,2,.500,.333,0,0,,1,1,2,4,0,0,1,2,2,2.3,Alexandria Goodly,https://www.sports-reference.com/cbb/players/alexandria-goodly-1.html,louisiana-lafayette,2020-21
9,34,10,2021-01-25,Louisiana,@,Little Rock,REG (Conf),W 54-45,,7,1,4,.250,0,2,.000,1,2,.500,.250,0,0,,0,2,2,0,0,0,1,2,2,-1.6,Alexandria Goodly,https://www.sports-reference.com/cbb/players/alexandria-goodly-1.html,louisiana-lafayette,2020-21
10,35,11,2021-01-29,Louisiana,,Texas State,REG (Conf),W 66-64,,18,3,3,1.000,3,3,1.000,0,0,,1.500,0,0,,0,1,1,2,0,0,2,1,9,7.4,Alexandria Goodly,https://www.sports-reference.com/cbb/players/alexandria-goodly-1.html,louisiana-lafayette,2020-21
11,36,12,2021-01-30,Louisiana,,Texas State,REG (Conf),W 66-60,,21,1,4,.250,0,2,.000,1,2,.500,.250,1,2,.500,0,1,1,4,0,0,3,1,3,-0.1,Alexandria Goodly,https://www.sports-reference.com/cbb/players/alexandria-goodly-1.html,louisiana-lafayette,2020-21
12,37,13,2021-02-05,Louisiana,,Arkansas State,REG (Conf),W 52-49,,18,1,9,.111,0,2,.000,1,7,.143,.111,0,0,,0,4,4,2,1,0,1,0,2,-1.3,Alexandria Goodly,https://www.sports-reference.com/cbb/players/alexandria-goodly-1.html,louisiana-lafayette,2020-21
13,38,14,2021-02-06,Louisiana,,Arkansas State,REG (Conf),W 73-61,,16,2,3,.667,1,1,1.000,1,2,.500,.833,0,0,,0,0,0,1,0,0,1,1,5,3.0,Alexandria Goodly,https://www.sports-reference.com/cbb/players/alexandria-goodly-1.html,louisiana-lafayette,2020-21
14,39,15,2021-02-08,Louisiana,,UT Arlington,REG (Conf),W 57-48,,2,0,0,,0,0,,0,0,,,0,0,,0,0,0,0,0,0,0,0,0,0.0,Alexandria Goodly,https://www.sports-reference.com/cbb/players/alexandria-goodly-1.html,louisiana-lafayette,2020-21
15,40,16,2021-02-11,Louisiana,,Louisiana–Monroe,REG (Conf),W 65-51,,10,0,1,.000,0,1,.000,0,0,,.000,0,0,,0,1,1,0,1,0,1,2,0,-1.2,Alexandria Goodly,https://www.sports-reference.com/cbb/players/alexandria-goodly-1.html,louisiana-lafayette,2020-21
16,41,17,2021-02-13,Louisiana,@,Louisiana–Monroe,REG (Conf),W 64-59,,10,1,2,.500,1,1,1.000,0,1,.000,.750,0,0,,0,0,0,2,0,0,0,1,3,3.0,Alexandria Goodly,https://www.sports-reference.com/cbb/players/alexandria-goodly-1.html,louisiana-lafayette,2020-21
17,42,24,2021-03-20,Louisiana,,UT Martin,WNIT,L 48-58,,13,1,2,.500,0,1,.000,1,1,1.000,.500,0,0,,0,1,1,3,0,0,2,0,2,1.4,Alexandria Goodly,https://www.sports-reference.com/cbb/players/alexandria-goodly-1.html,louisiana-lafayette,2020-21
