ranker,player_game_num_career,team_game_num_season,date,team_name_abbr,game_location,opp_name_abbr,game_type,game_result,is_starter,mp,fg,fga,fg_pct,fg3,fg3a,fg3_pct,fg2,fg2a,fg2_pct,efg_pct,ft,fta,ft_pct,orb,drb,trb,ast,stl,blk,tov,pf,pts,game_score,player_name,player_sr_link,school,season
1,60,1,2020-12-04,Louisiana,,North Texas,REG (Non-Conf),L 74-83,*,33,3,6,.500,1,3,.333,2,3,.667,.583,4,5,.800,0,3,3,0,1,1,1,2,11,8.4,Brandi Williams,https://www.sports-reference.com/cbb/players/brandi-williams-1.html,louisiana-lafayette,2020-21
2,61,2,2020-12-09,Louisiana,,McNeese State,REG (Non-Conf),W 80-48,*,23,4,8,.500,1,2,.500,3,6,.500,.563,1,1,1.000,0,0,0,1,1,0,2,1,10,5.3,Brandi Williams,https://www.sports-reference.com/cbb/players/brandi-williams-1.html,louisiana-lafayette,2020-21
3,62,3,2020-12-14,Louisiana,@,Louisiana State,REG (Non-Conf),L 57-62,*,38,4,9,.444,2,5,.400,2,4,.500,.556,6,7,.857,5,3,8,0,2,0,2,0,16,15.3,Brandi Williams,https://www.sports-reference.com/cbb/players/brandi-williams-1.html,louisiana-lafayette,2020-21
4,63,4,2020-12-16,Louisiana,@,Rice,REG (Non-Conf),L 51-83,*,29,3,7,.429,2,5,.400,1,2,.500,.571,8,8,1.000,0,1,1,0,1,0,2,2,16,10.8,Brandi Williams,https://www.sports-reference.com/cbb/players/brandi-williams-1.html,louisiana-lafayette,2020-21
5,64,5,2020-12-20,Louisiana,@,Louisiana Tech,REG (Non-Conf),L 65-68,*,35,1,6,.167,1,3,.333,0,3,.000,.250,4,6,.667,1,2,3,3,0,0,3,4,7,1.2,Brandi Williams,https://www.sports-reference.com/cbb/players/brandi-williams-1.html,louisiana-lafayette,2020-21
6,65,6,2021-01-01,Louisiana,@,Texas State,REG (Conf),L 63-71,*,38,6,13,.462,3,8,.375,3,5,.600,.577,5,5,1.000,2,0,2,2,1,0,3,3,20,12.9,Brandi Williams,https://www.sports-reference.com/cbb/players/brandi-williams-1.html,louisiana-lafayette,2020-21
7,66,7,2021-01-02,Louisiana,@,Texas State,REG (Conf),W 67-41,*,31,4,6,.667,4,6,.667,0,0,,1.000,6,8,.750,0,3,3,1,1,0,2,0,18,15.2,Brandi Williams,https://www.sports-reference.com/cbb/players/brandi-williams-1.html,louisiana-lafayette,2020-21
8,67,8,2021-01-22,Louisiana,@,Arkansas State,REG (Conf),W 67-65 (OT),*,36,4,8,.500,2,4,.500,2,4,.500,.625,2,4,.500,2,2,4,2,2,0,1,1,12,11.2,Brandi Williams,https://www.sports-reference.com/cbb/players/brandi-williams-1.html,louisiana-lafayette,2020-21
9,68,9,2021-01-23,Louisiana,@,Arkansas State,REG (Conf),W 70-58,*,34,5,9,.556,4,6,.667,1,3,.333,.778,4,5,.800,0,2,2,2,0,0,1,1,18,13.9,Brandi Williams,https://www.sports-reference.com/cbb/players/brandi-williams-1.html,louisiana-lafayette,2020-21
10,69,10,2021-01-25,Louisiana,@,Little Rock,REG (Conf),W 54-45,*,34,1,9,.111,1,3,.333,0,6,.000,.167,2,2,1.000,1,2,3,1,0,1,1,0,5,0.8,Brandi Williams,https://www.sports-reference.com/cbb/players/brandi-williams-1.html,louisiana-lafayette,2020-21
11,70,11,2021-01-29,Louisiana,,Texas State,REG (Conf),W 66-64,*,30,1,7,.143,1,7,.143,0,0,,.214,2,2,1.000,0,0,0,0,0,0,0,4,5,-1.1,Brandi Williams,https://www.sports-reference.com/cbb/players/brandi-williams-1.html,louisiana-lafayette,2020-21
12,71,12,2021-01-30,Louisiana,,Texas State,REG (Conf),W 66-60,*,35,3,7,.429,1,4,.250,2,3,.667,.500,6,9,.667,2,2,4,2,2,0,3,1,13,10.1,Brandi Williams,https://www.sports-reference.com/cbb/players/brandi-williams-1.html,louisiana-lafayette,2020-21
13,72,13,2021-02-05,Louisiana,,Arkansas State,REG (Conf),W 52-49,*,37,2,7,.286,1,4,.250,1,3,.333,.357,0,2,.000,0,1,1,0,1,0,4,4,5,-4.2,Brandi Williams,https://www.sports-reference.com/cbb/players/brandi-williams-1.html,louisiana-lafayette,2020-21
14,73,14,2021-02-06,Louisiana,,Arkansas State,REG (Conf),W 73-61,*,39,1,7,.143,1,2,.500,0,5,.000,.214,1,2,.500,1,2,3,2,1,0,0,1,4,2.4,Brandi Williams,https://www.sports-reference.com/cbb/players/brandi-williams-1.html,louisiana-lafayette,2020-21
15,74,15,2021-02-08,Louisiana,,UT Arlington,REG (Conf),W 57-48,*,32,1,5,.200,0,2,.000,1,3,.333,.200,3,4,.750,0,2,2,1,2,0,3,0,5,1.8,Brandi Williams,https://www.sports-reference.com/cbb/players/brandi-williams-1.html,louisiana-lafayette,2020-21
16,75,16,2021-02-11,Louisiana,,Louisiana–Monroe,REG (Conf),W 65-51,*,33,1,7,.143,0,3,.000,1,4,.250,.143,6,6,1.000,2,1,3,1,2,0,2,0,8,5.9,Brandi Williams,https://www.sports-reference.com/cbb/players/brandi-williams-1.html,louisiana-lafayette,2020-21
17,76,17,2021-02-13,Louisiana,@,Louisiana–Monroe,REG (Conf),W 64-59,*,36,9,15,.600,5,7,.714,4,8,.500,.767,9,9,1.000,0,2,2,1,1,0,1,3,32,25.2,Brandi Williams,https://www.sports-reference.com/cbb/players/brandi-williams-1.html,louisiana-lafayette,2020-21
18,77,18,2021-02-26,Louisiana,,Little Rock,REG (Conf),W 63-52,*,36,3,5,.600,2,3,.667,1,2,.500,.800,2,2,1.000,0,4,4,0,1,0,2,0,10,7.9,Brandi Williams,https://www.sports-reference.com/cbb/players/brandi-williams-1.html,louisiana-lafayette,2020-21
19,78,19,2021-02-27,Louisiana,,Little Rock,REG (Conf),W 60-32,,26,2,3,.667,1,2,.500,1,1,1.000,.833,2,2,1.000,0,2,2,0,5,0,0,0,7,11.3,Brandi Williams,https://www.sports-reference.com/cbb/players/brandi-williams-1.html,louisiana-lafayette,2020-21
20,79,20,2021-03-06,Louisiana,,South Alabama,CTOURN,W 65-46,*,35,4,9,.444,4,6,.667,0,3,.000,.667,2,4,.500,1,1,2,1,0,0,3,1,14,6.8,Brandi Williams,https://www.sports-reference.com/cbb/players/brandi-williams-1.html,louisiana-lafayette,2020-21
21,80,21,2021-03-07,Louisiana,,Little Rock,CTOURN,W 58-48,*,37,4,7,.571,2,4,.500,2,3,.667,.714,6,6,1.000,2,1,3,3,0,0,0,0,16,16.5,Brandi Williams,https://www.sports-reference.com/cbb/players/brandi-williams-1.html,louisiana-lafayette,2020-21
22,81,22,2021-03-08,Louisiana,,Troy,CTOURN,L 65-73,*,40,4,8,.500,4,7,.571,0,1,.000,.750,0,0,,1,0,1,1,0,0,0,2,12,8.6,Brandi Williams,https://www.sports-reference.com/cbb/players/brandi-williams-1.html,louisiana-lafayette,2020-21
23,82,23,2021-03-19,Louisiana,@,Colorado,WNIT,L 45-68,*,27,3,4,.750,1,2,.500,2,2,1.000,.875,5,7,.714,0,3,3,1,1,0,1,0,12,11.2,Brandi Williams,https://www.sports-reference.com/cbb/players/brandi-williams-1.html,louisiana-lafayette,2020-21
24,83,24,2021-03-20,Louisiana,,UT Martin,WNIT,L 48-58,*,31,3,7,.429,3,6,.500,0,1,.000,.643,0,0,,0,1,1,1,0,1,0,1,9,6.6,Brandi Williams,https://www.sports-reference.com/cbb/players/brandi-williams-1.html,louisiana-lafayette,2020-21
