ranker,player_game_num_career,team_game_num_season,date,team_name_abbr,game_location,opp_name_abbr,game_type,game_result,is_starter,mp,fg,fga,fg_pct,fg3,fg3a,fg2,fg2a,fg2_pct,efg_pct,ft,fta,orb,drb,trb,ast,stl,blk,tov,pf,pts,game_score,player_name,player_sr_link,school,season
1,1,6,2021-01-01,Louisiana,@,Texas State,REG (Conf),L 63-71,,8,1,2,.500,0,0,1,2,.500,.500,0,0,0,1,1,0,0,0,1,1,2,-0.1,Bre-Yelle Porter,https://www.sports-reference.com/cbb/players/bre-yelle-porter-1.html,louisiana-lafayette,2020-21
2,2,7,2021-01-02,Louisiana,@,Texas State,REG (Conf),W 67-41,,11,1,1,1.000,0,0,1,1,1.000,1.000,0,0,0,0,0,0,0,0,0,1,2,1.3,Bre-Yelle Porter,https://www.sports-reference.com/cbb/players/bre-yelle-porter-1.html,louisiana-lafayette,2020-21
3,3,8,2021-01-22,Louisiana,@,Arkansas State,REG (Conf),W 67-65 (OT),,4,1,2,.500,0,0,1,2,.500,.500,0,0,1,0,1,0,0,0,0,0,2,1.7,Bre-Yelle Porter,https://www.sports-reference.com/cbb/players/bre-yelle-porter-1.html,louisiana-lafayette,2020-21
4,4,9,2021-01-23,Louisiana,@,Arkansas State,REG (Conf),W 70-58,,3,1,3,.333,0,0,1,3,.333,.333,0,0,0,0,0,0,0,0,0,1,2,-0.1,Bre-Yelle Porter,https://www.sports-reference.com/cbb/players/bre-yelle-porter-1.html,louisiana-lafayette,2020-21
5,5,11,2021-01-29,Louisiana,,Texas State,REG (Conf),W 66-64,,3,0,1,.000,0,0,0,1,.000,.000,0,0,0,1,1,1,0,0,0,0,0,0.3,Bre-Yelle Porter,https://www.sports-reference.com/cbb/players/bre-yelle-porter-1.html,louisiana-lafayette,2020-21
6,6,13,2021-02-05,Louisiana,,Arkansas State,REG (Conf),W 52-49,,3,0,0,,0,0,0,0,,,0,0,0,0,0,0,0,0,0,0,0,0.0,Bre-Yelle Porter,https://www.sports-reference.com/cbb/players/bre-yelle-porter-1.html,louisiana-lafayette,2020-21
7,7,16,2021-02-11,Louisiana,,Louisiana–Monroe,REG (Conf),W 65-51,,6,0,0,,0,0,0,0,,,0,0,0,0,0,0,0,0,1,0,0,-1.0,Bre-Yelle Porter,https://www.sports-reference.com/cbb/players/bre-yelle-porter-1.html,louisiana-lafayette,2020-21
8,8,19,2021-02-27,Louisiana,,Little Rock,REG (Conf),W 60-32,,2,0,1,.000,0,0,0,1,.000,.000,0,0,0,1,1,0,0,0,0,1,0,-0.8,Bre-Yelle Porter,https://www.sports-reference.com/cbb/players/bre-yelle-porter-1.html,louisiana-lafayette,2020-21
