ranker,player_game_num_career,team_game_num_season,date,team_name_abbr,game_location,opp_name_abbr,game_type,game_result,is_starter,mp,fg,fga,fg_pct,fg3,fg3a,fg2,fg2a,fg2_pct,efg_pct,ft,fta,ft_pct,orb,drb,trb,ast,stl,blk,tov,pf,pts,game_score,player_name,player_sr_link,school,season
1,25,1,2020-12-04,Louisiana,,North Texas,REG (Non-Conf),L 74-83,,7,0,0,,0,0,0,0,,,0,0,,0,1,1,0,0,0,0,0,0,0.3,Caira Wren,https://www.sports-reference.com/cbb/players/caira-wren-1.html,louisiana-lafayette,2020-21
2,26,2,2020-12-09,Louisiana,,McNeese State,REG (Non-Conf),W 80-48,,11,0,0,,0,0,0,0,,,0,0,,0,2,2,0,0,0,2,4,0,-3.0,Caira Wren,https://www.sports-reference.com/cbb/players/caira-wren-1.html,louisiana-lafayette,2020-21
3,27,3,2020-12-14,Louisiana,@,Louisiana State,REG (Non-Conf),L 57-62,,6,0,0,,0,0,0,0,,,0,0,,0,0,0,0,0,0,0,0,0,0.0,Caira Wren,https://www.sports-reference.com/cbb/players/caira-wren-1.html,louisiana-lafayette,2020-21
4,28,4,2020-12-16,Louisiana,@,Rice,REG (Non-Conf),L 51-83,,6,0,0,,0,0,0,0,,,0,0,,1,1,2,0,0,0,0,0,0,1.0,Caira Wren,https://www.sports-reference.com/cbb/players/caira-wren-1.html,louisiana-lafayette,2020-21
5,29,5,2020-12-20,Louisiana,@,Louisiana Tech,REG (Non-Conf),L 65-68,,10,0,0,,0,0,0,0,,,0,0,,0,1,1,0,1,0,0,1,0,0.9,Caira Wren,https://www.sports-reference.com/cbb/players/caira-wren-1.html,louisiana-lafayette,2020-21
6,30,6,2021-01-01,Louisiana,@,Texas State,REG (Conf),L 63-71,*,13,0,0,,0,0,0,0,,,0,0,,2,2,4,1,0,0,0,3,0,1.5,Caira Wren,https://www.sports-reference.com/cbb/players/caira-wren-1.html,louisiana-lafayette,2020-21
7,31,7,2021-01-02,Louisiana,@,Texas State,REG (Conf),W 67-41,*,12,1,2,.500,0,0,1,2,.500,.500,0,2,.000,0,0,0,0,0,0,1,4,2,-2.4,Caira Wren,https://www.sports-reference.com/cbb/players/caira-wren-1.html,louisiana-lafayette,2020-21
8,32,8,2021-01-22,Louisiana,@,Arkansas State,REG (Conf),W 67-65 (OT),,8,0,3,.000,0,0,0,3,.000,.000,0,0,,2,0,2,1,0,0,0,2,0,-0.8,Caira Wren,https://www.sports-reference.com/cbb/players/caira-wren-1.html,louisiana-lafayette,2020-21
9,33,9,2021-01-23,Louisiana,@,Arkansas State,REG (Conf),W 70-58,,8,0,0,,0,0,0,0,,,0,0,,2,1,3,5,0,0,0,3,0,4.0,Caira Wren,https://www.sports-reference.com/cbb/players/caira-wren-1.html,louisiana-lafayette,2020-21
10,34,10,2021-01-25,Louisiana,@,Little Rock,REG (Conf),W 54-45,,7,0,1,.000,0,0,0,1,.000,.000,0,0,,0,1,1,1,0,0,2,2,0,-2.5,Caira Wren,https://www.sports-reference.com/cbb/players/caira-wren-1.html,louisiana-lafayette,2020-21
11,35,11,2021-01-29,Louisiana,,Texas State,REG (Conf),W 66-64,,3,1,1,1.000,0,0,1,1,1.000,1.000,0,2,.000,0,0,0,0,1,0,1,0,2,0.9,Caira Wren,https://www.sports-reference.com/cbb/players/caira-wren-1.html,louisiana-lafayette,2020-21
12,36,12,2021-01-30,Louisiana,,Texas State,REG (Conf),W 66-60,,11,1,2,.500,0,0,1,2,.500,.500,0,0,,1,4,5,1,0,0,0,1,2,3.2,Caira Wren,https://www.sports-reference.com/cbb/players/caira-wren-1.html,louisiana-lafayette,2020-21
13,37,13,2021-02-05,Louisiana,,Arkansas State,REG (Conf),W 52-49,,4,0,0,,0,0,0,0,,,0,0,,0,0,0,0,0,0,0,3,0,-1.2,Caira Wren,https://www.sports-reference.com/cbb/players/caira-wren-1.html,louisiana-lafayette,2020-21
14,38,14,2021-02-06,Louisiana,,Arkansas State,REG (Conf),W 73-61,,3,0,0,,0,0,0,0,,,0,0,,0,0,0,0,0,0,1,1,0,-1.4,Caira Wren,https://www.sports-reference.com/cbb/players/caira-wren-1.html,louisiana-lafayette,2020-21
15,39,15,2021-02-08,Louisiana,,UT Arlington,REG (Conf),W 57-48,,5,1,2,.500,0,0,1,2,.500,.500,0,0,,0,1,1,0,0,0,0,0,2,1.3,Caira Wren,https://www.sports-reference.com/cbb/players/caira-wren-1.html,louisiana-lafayette,2020-21
16,40,16,2021-02-11,Louisiana,,Louisiana–Monroe,REG (Conf),W 65-51,,19,3,4,.750,0,0,3,4,.750,.750,0,1,.000,1,3,4,1,0,0,2,3,6,3.1,Caira Wren,https://www.sports-reference.com/cbb/players/caira-wren-1.html,louisiana-lafayette,2020-21
17,41,17,2021-02-13,Louisiana,@,Louisiana–Monroe,REG (Conf),W 64-59,,1,0,0,,0,0,0,0,,,0,0,,0,0,0,0,0,0,0,1,0,-0.4,Caira Wren,https://www.sports-reference.com/cbb/players/caira-wren-1.html,louisiana-lafayette,2020-21
18,42,18,2021-02-26,Louisiana,,Little Rock,REG (Conf),W 63-52,,6,0,0,,0,0,0,0,,,0,0,,0,0,0,0,0,0,1,2,0,-1.8,Caira Wren,https://www.sports-reference.com/cbb/players/caira-wren-1.html,louisiana-lafayette,2020-21
19,43,19,2021-02-27,Louisiana,,Little Rock,REG (Conf),W 60-32,,12,1,1,1.000,0,0,1,1,1.000,1.000,0,0,,0,0,0,0,0,0,0,1,2,1.3,Caira Wren,https://www.sports-reference.com/cbb/players/caira-wren-1.html,louisiana-lafayette,2020-21
20,44,20,2021-03-06,Louisiana,,South Alabama,CTOURN,W 65-46,,6,0,2,.000,0,0,0,2,.000,.000,0,0,,1,0,1,0,0,0,0,0,0,-0.7,Caira Wren,https://www.sports-reference.com/cbb/players/caira-wren-1.html,louisiana-lafayette,2020-21
21,45,21,2021-03-07,Louisiana,,Little Rock,CTOURN,W 58-48,,2,0,0,,0,0,0,0,,,0,0,,1,0,1,0,0,0,1,0,0,-0.3,Caira Wren,https://www.sports-reference.com/cbb/players/caira-wren-1.html,louisiana-lafayette,2020-21
22,46,23,2021-03-19,Louisiana,@,Colorado,WNIT,L 45-68,,1,0,0,,0,0,0,0,,,0,0,,1,0,1,0,0,0,0,0,0,0.7,Caira Wren,https://www.sports-reference.com/cbb/players/caira-wren-1.html,louisiana-lafayette,2020-21
