ranker,player_game_num_career,team_game_num_season,date,team_name_abbr,game_location,opp_name_abbr,game_type,game_result,is_starter,mp,fg,fga,fg_pct,fg3,fg3a,fg3_pct,fg2,fg2a,fg2_pct,efg_pct,ft,fta,ft_pct,orb,drb,trb,ast,stl,blk,tov,pf,pts,game_score,player_name,player_sr_link,school,season
1,1,1,2020-12-04,Louisiana,,North Texas,REG (Non-Conf),L 74-83,,6,1,2,.500,0,0,,1,2,.500,.500,0,0,,0,0,0,0,1,0,0,1,2,1.6,Destiny McAfee,https://www.sports-reference.com/cbb/players/destiny-mcafee-1.html,louisiana-lafayette,2020-21
2,2,2,2020-12-09,Louisiana,,McNeese State,REG (Non-Conf),W 80-48,,17,4,7,.571,0,0,,4,7,.571,.571,2,6,.333,1,2,3,1,1,0,4,1,10,3.7,Destiny McAfee,https://www.sports-reference.com/cbb/players/destiny-mcafee-1.html,louisiana-lafayette,2020-21
3,3,3,2020-12-14,Louisiana,@,Louisiana State,REG (Non-Conf),L 57-62,,6,0,1,.000,0,0,,0,1,.000,.000,0,0,,0,1,1,0,0,0,0,0,0,-0.4,Destiny McAfee,https://www.sports-reference.com/cbb/players/destiny-mcafee-1.html,louisiana-lafayette,2020-21
4,4,4,2020-12-16,Louisiana,@,Rice,REG (Non-Conf),L 51-83,,11,1,5,.200,0,1,.000,1,4,.250,.200,0,0,,1,0,1,0,0,0,1,1,2,-1.8,Destiny McAfee,https://www.sports-reference.com/cbb/players/destiny-mcafee-1.html,louisiana-lafayette,2020-21
5,5,5,2020-12-20,Louisiana,@,Louisiana Tech,REG (Non-Conf),L 65-68,,2,0,1,.000,0,0,,0,1,.000,.000,0,0,,1,0,1,0,0,0,1,1,0,-1.4,Destiny McAfee,https://www.sports-reference.com/cbb/players/destiny-mcafee-1.html,louisiana-lafayette,2020-21
6,6,6,2021-01-01,Louisiana,@,Texas State,REG (Conf),L 63-71,,11,2,4,.500,0,1,.000,2,3,.667,.500,1,4,.250,0,2,2,1,1,0,1,2,5,2.3,Destiny McAfee,https://www.sports-reference.com/cbb/players/destiny-mcafee-1.html,louisiana-lafayette,2020-21
7,7,7,2021-01-02,Louisiana,@,Texas State,REG (Conf),W 67-41,,21,7,10,.700,0,1,.000,7,9,.778,.700,1,2,.500,1,0,1,1,1,0,1,4,15,10.2,Destiny McAfee,https://www.sports-reference.com/cbb/players/destiny-mcafee-1.html,louisiana-lafayette,2020-21
8,8,8,2021-01-22,Louisiana,@,Arkansas State,REG (Conf),W 67-65 (OT),,10,2,4,.500,0,1,.000,2,3,.667,.500,0,0,,0,0,0,0,0,0,2,2,4,-0.8,Destiny McAfee,https://www.sports-reference.com/cbb/players/destiny-mcafee-1.html,louisiana-lafayette,2020-21
9,9,9,2021-01-23,Louisiana,@,Arkansas State,REG (Conf),W 70-58,,10,2,5,.400,0,0,,2,5,.400,.400,0,0,,1,0,1,1,0,0,0,3,4,1.5,Destiny McAfee,https://www.sports-reference.com/cbb/players/destiny-mcafee-1.html,louisiana-lafayette,2020-21
10,10,10,2021-01-25,Louisiana,@,Little Rock,REG (Conf),W 54-45,,19,4,5,.800,0,0,,4,5,.800,.800,6,7,.857,0,2,2,0,1,0,3,3,14,9.1,Destiny McAfee,https://www.sports-reference.com/cbb/players/destiny-mcafee-1.html,louisiana-lafayette,2020-21
11,11,11,2021-01-29,Louisiana,,Texas State,REG (Conf),W 66-64,,18,4,8,.500,0,0,,4,8,.500,.500,0,0,,1,2,3,1,1,0,1,2,8,5.2,Destiny McAfee,https://www.sports-reference.com/cbb/players/destiny-mcafee-1.html,louisiana-lafayette,2020-21
12,12,12,2021-01-30,Louisiana,,Texas State,REG (Conf),W 66-60,,11,0,3,.000,0,0,,0,3,.000,.000,0,0,,1,1,2,0,1,0,1,1,0,-1.5,Destiny McAfee,https://www.sports-reference.com/cbb/players/destiny-mcafee-1.html,louisiana-lafayette,2020-21
13,13,13,2021-02-05,Louisiana,,Arkansas State,REG (Conf),W 52-49,,9,1,5,.200,0,0,,1,5,.200,.200,2,3,.667,3,4,7,0,1,0,1,1,4,3.4,Destiny McAfee,https://www.sports-reference.com/cbb/players/destiny-mcafee-1.html,louisiana-lafayette,2020-21
14,14,14,2021-02-06,Louisiana,,Arkansas State,REG (Conf),W 73-61,,21,4,8,.500,0,0,,4,8,.500,.500,3,3,1.000,4,3,7,0,0,0,1,3,11,8.5,Destiny McAfee,https://www.sports-reference.com/cbb/players/destiny-mcafee-1.html,louisiana-lafayette,2020-21
15,15,15,2021-02-08,Louisiana,,UT Arlington,REG (Conf),W 57-48,,16,2,7,.286,0,0,,2,7,.286,.286,0,0,,4,3,7,1,3,0,1,3,4,5.1,Destiny McAfee,https://www.sports-reference.com/cbb/players/destiny-mcafee-1.html,louisiana-lafayette,2020-21
16,16,16,2021-02-11,Louisiana,,Louisiana–Monroe,REG (Conf),W 65-51,,24,2,8,.250,0,0,,2,8,.250,.250,1,2,.500,3,1,4,1,0,0,0,2,5,2.1,Destiny McAfee,https://www.sports-reference.com/cbb/players/destiny-mcafee-1.html,louisiana-lafayette,2020-21
17,17,17,2021-02-13,Louisiana,@,Louisiana–Monroe,REG (Conf),W 64-59,,13,1,2,.500,0,0,,1,2,.500,.500,2,2,1.000,0,4,4,2,1,0,4,1,4,2.2,Destiny McAfee,https://www.sports-reference.com/cbb/players/destiny-mcafee-1.html,louisiana-lafayette,2020-21
18,18,18,2021-02-26,Louisiana,,Little Rock,REG (Conf),W 63-52,,12,1,5,.200,0,0,,1,5,.200,.200,0,2,.000,1,1,2,0,0,0,0,0,2,-0.9,Destiny McAfee,https://www.sports-reference.com/cbb/players/destiny-mcafee-1.html,louisiana-lafayette,2020-21
19,19,19,2021-02-27,Louisiana,,Little Rock,REG (Conf),W 60-32,,17,2,4,.500,0,0,,2,4,.500,.500,0,2,.000,2,3,5,1,1,0,1,1,4,3.8,Destiny McAfee,https://www.sports-reference.com/cbb/players/destiny-mcafee-1.html,louisiana-lafayette,2020-21
20,20,20,2021-03-06,Louisiana,,South Alabama,CTOURN,W 65-46,,7,1,3,.333,0,0,,1,3,.333,.333,0,0,,0,2,2,0,0,0,1,0,2,-0.1,Destiny McAfee,https://www.sports-reference.com/cbb/players/destiny-mcafee-1.html,louisiana-lafayette,2020-21
21,21,21,2021-03-07,Louisiana,,Little Rock,CTOURN,W 58-48,,15,2,8,.250,0,0,,2,8,.250,.250,0,0,,2,2,4,0,0,0,2,1,4,-1.2,Destiny McAfee,https://www.sports-reference.com/cbb/players/destiny-mcafee-1.html,louisiana-lafayette,2020-21
22,22,22,2021-03-08,Louisiana,,Troy,CTOURN,L 65-73,,13,2,4,.500,0,1,.000,2,3,.667,.500,0,0,,0,6,6,0,1,0,2,2,4,2.0,Destiny McAfee,https://www.sports-reference.com/cbb/players/destiny-mcafee-1.html,louisiana-lafayette,2020-21
23,23,23,2021-03-19,Louisiana,@,Colorado,WNIT,L 45-68,,17,2,7,.286,0,0,,2,7,.286,.286,0,0,,4,1,5,0,1,0,1,2,4,2.2,Destiny McAfee,https://www.sports-reference.com/cbb/players/destiny-mcafee-1.html,louisiana-lafayette,2020-21
24,24,24,2021-03-20,Louisiana,,UT Martin,WNIT,L 48-58,,4,0,2,.000,0,0,,0,2,.000,.000,1,2,.500,2,0,2,0,1,0,1,1,1,0.2,Destiny McAfee,https://www.sports-reference.com/cbb/players/destiny-mcafee-1.html,louisiana-lafayette,2020-21
