ranker,player_game_num_career,team_game_num_season,date,team_name_abbr,game_location,opp_name_abbr,game_type,game_result,is_starter,mp,fg,fga,fg_pct,fg3,fg3a,fg3_pct,fg2,fg2a,fg2_pct,efg_pct,ft,fta,orb,drb,trb,ast,stl,blk,tov,pf,pts,game_score,player_name,player_sr_link,school,season
1,60,1,2020-12-04,Louisiana,,North Texas,REG (Non-Conf),L 74-83,,6,0,0,,0,0,,0,0,,,0,0,0,0,0,0,0,0,1,0,0,-1.0,Diamond Morrison,https://www.sports-reference.com/cbb/players/diamond-morrison-1.html,louisiana-lafayette,2020-21
2,61,2,2020-12-09,Louisiana,,McNeese State,REG (Non-Conf),W 80-48,,13,1,1,1.000,0,0,,1,1,1.000,1.000,0,0,0,1,1,0,0,0,1,1,2,0.6,Diamond Morrison,https://www.sports-reference.com/cbb/players/diamond-morrison-1.html,louisiana-lafayette,2020-21
3,62,4,2020-12-16,Louisiana,@,Rice,REG (Non-Conf),L 51-83,,12,0,2,.000,0,1,.000,0,1,.000,.000,0,0,0,0,0,0,0,0,1,1,0,-2.8,Diamond Morrison,https://www.sports-reference.com/cbb/players/diamond-morrison-1.html,louisiana-lafayette,2020-21
4,63,5,2020-12-20,Louisiana,@,Louisiana Tech,REG (Non-Conf),L 65-68,,2,0,0,,0,0,,0,0,,,0,0,0,1,1,0,0,0,0,0,0,0.3,Diamond Morrison,https://www.sports-reference.com/cbb/players/diamond-morrison-1.html,louisiana-lafayette,2020-21
5,64,6,2021-01-01,Louisiana,@,Texas State,REG (Conf),L 63-71,,5,0,1,.000,0,1,.000,0,0,,.000,0,0,0,0,0,0,0,0,0,1,0,-1.1,Diamond Morrison,https://www.sports-reference.com/cbb/players/diamond-morrison-1.html,louisiana-lafayette,2020-21
6,65,7,2021-01-02,Louisiana,@,Texas State,REG (Conf),W 67-41,,7,0,3,.000,0,3,.000,0,0,,.000,0,0,0,1,1,0,0,0,0,0,0,-1.8,Diamond Morrison,https://www.sports-reference.com/cbb/players/diamond-morrison-1.html,louisiana-lafayette,2020-21
7,66,8,2021-01-22,Louisiana,@,Arkansas State,REG (Conf),W 67-65 (OT),,3,0,2,.000,0,2,.000,0,0,,.000,0,0,0,0,0,0,0,0,0,0,0,-1.4,Diamond Morrison,https://www.sports-reference.com/cbb/players/diamond-morrison-1.html,louisiana-lafayette,2020-21
8,67,12,2021-01-30,Louisiana,,Texas State,REG (Conf),W 66-60,,3,0,0,,0,0,,0,0,,,0,0,0,0,0,0,0,0,0,1,0,-0.4,Diamond Morrison,https://www.sports-reference.com/cbb/players/diamond-morrison-1.html,louisiana-lafayette,2020-21
9,68,13,2021-02-05,Louisiana,,Arkansas State,REG (Conf),W 52-49,,4,0,1,.000,0,0,,0,1,.000,.000,0,0,1,0,1,0,0,0,0,1,0,-0.4,Diamond Morrison,https://www.sports-reference.com/cbb/players/diamond-morrison-1.html,louisiana-lafayette,2020-21
10,69,14,2021-02-06,Louisiana,,Arkansas State,REG (Conf),W 73-61,,4,0,2,.000,0,2,.000,0,0,,.000,0,0,0,0,0,3,0,0,0,1,0,0.3,Diamond Morrison,https://www.sports-reference.com/cbb/players/diamond-morrison-1.html,louisiana-lafayette,2020-21
11,70,17,2021-02-13,Louisiana,@,Louisiana–Monroe,REG (Conf),W 64-59,,2,0,0,,0,0,,0,0,,,0,0,0,0,0,0,0,0,0,0,0,0.0,Diamond Morrison,https://www.sports-reference.com/cbb/players/diamond-morrison-1.html,louisiana-lafayette,2020-21
12,71,20,2021-03-06,Louisiana,,South Alabama,CTOURN,W 65-46,,3,2,3,.667,2,3,.667,0,0,,1.000,0,0,0,1,1,0,0,0,0,0,6,5.0,Diamond Morrison,https://www.sports-reference.com/cbb/players/diamond-morrison-1.html,louisiana-lafayette,2020-21
13,72,23,2021-03-19,Louisiana,@,Colorado,WNIT,L 45-68,,7,0,4,.000,0,3,.000,0,1,.000,.000,0,0,1,1,2,0,0,0,0,0,0,-1.8,Diamond Morrison,https://www.sports-reference.com/cbb/players/diamond-morrison-1.html,louisiana-lafayette,2020-21
14,73,24,2021-03-20,Louisiana,,UT Martin,WNIT,L 48-58,,2,0,1,.000,0,1,.000,0,0,,.000,0,0,0,0,0,0,0,0,0,0,0,-0.7,Diamond Morrison,https://www.sports-reference.com/cbb/players/diamond-morrison-1.html,louisiana-lafayette,2020-21
