ranker,player_game_num_career,team_game_num_season,date,team_name_abbr,game_location,opp_name_abbr,game_type,game_result,is_starter,mp,fg,fga,fg_pct,fg3,fg3a,fg3_pct,fg2,fg2a,fg2_pct,efg_pct,ft,fta,ft_pct,orb,drb,trb,ast,stl,blk,tov,pf,pts,game_score,player_name,player_sr_link,school,season
1,76,1,2020-12-04,Louisiana,,North Texas,REG (Non-Conf),L 74-83,*,33,8,14,.571,1,3,.333,7,11,.636,.607,1,2,.500,3,4,7,3,2,1,4,2,18,14.3,Jomyra Mathis,https://www.sports-reference.com/cbb/players/jomyra-mathis-1.html,louisiana-lafayette,2020-21
2,77,2,2020-12-09,Louisiana,,McNeese State,REG (Non-Conf),W 80-48,*,16,1,4,.250,0,0,,1,4,.250,.250,6,7,.857,1,3,4,4,1,0,2,1,8,8.2,Jomyra Mathis,https://www.sports-reference.com/cbb/players/jomyra-mathis-1.html,louisiana-lafayette,2020-21
3,78,3,2020-12-14,Louisiana,@,Louisiana State,REG (Non-Conf),L 57-62,*,29,1,4,.250,0,1,.000,1,3,.333,.250,0,0,,0,4,4,2,2,0,6,4,2,-3.4,Jomyra Mathis,https://www.sports-reference.com/cbb/players/jomyra-mathis-1.html,louisiana-lafayette,2020-21
4,79,4,2020-12-16,Louisiana,@,Rice,REG (Non-Conf),L 51-83,,18,2,6,.333,1,1,1.000,1,5,.200,.417,1,3,.333,0,4,4,0,4,0,3,2,6,3.2,Jomyra Mathis,https://www.sports-reference.com/cbb/players/jomyra-mathis-1.html,louisiana-lafayette,2020-21
5,80,5,2020-12-20,Louisiana,@,Louisiana Tech,REG (Non-Conf),L 65-68,,26,3,10,.300,0,2,.000,3,8,.375,.300,0,0,,0,4,4,5,0,0,3,4,6,0.3,Jomyra Mathis,https://www.sports-reference.com/cbb/players/jomyra-mathis-1.html,louisiana-lafayette,2020-21
6,81,6,2021-01-01,Louisiana,@,Texas State,REG (Conf),L 63-71,*,29,1,8,.125,1,2,.500,0,6,.000,.188,0,0,,0,3,3,3,0,0,3,4,3,-3.8,Jomyra Mathis,https://www.sports-reference.com/cbb/players/jomyra-mathis-1.html,louisiana-lafayette,2020-21
7,82,7,2021-01-02,Louisiana,@,Texas State,REG (Conf),W 67-41,*,32,4,8,.500,0,2,.000,4,6,.667,.500,1,1,1.000,2,4,6,2,2,0,4,1,9,6.6,Jomyra Mathis,https://www.sports-reference.com/cbb/players/jomyra-mathis-1.html,louisiana-lafayette,2020-21
8,83,8,2021-01-22,Louisiana,@,Arkansas State,REG (Conf),W 67-65 (OT),*,40,7,13,.538,1,4,.250,6,9,.667,.577,2,4,.500,0,6,6,7,2,0,2,4,17,15.0,Jomyra Mathis,https://www.sports-reference.com/cbb/players/jomyra-mathis-1.html,louisiana-lafayette,2020-21
9,84,9,2021-01-23,Louisiana,@,Arkansas State,REG (Conf),W 70-58,*,36,4,11,.364,2,4,.500,2,7,.286,.455,3,4,.750,0,10,10,3,1,1,4,3,13,8.1,Jomyra Mathis,https://www.sports-reference.com/cbb/players/jomyra-mathis-1.html,louisiana-lafayette,2020-21
10,85,10,2021-01-25,Louisiana,@,Little Rock,REG (Conf),W 54-45,*,34,2,5,.400,1,3,.333,1,2,.500,.500,0,0,,0,4,4,4,1,0,6,3,5,0.1,Jomyra Mathis,https://www.sports-reference.com/cbb/players/jomyra-mathis-1.html,louisiana-lafayette,2020-21
11,86,11,2021-01-29,Louisiana,,Texas State,REG (Conf),W 66-64,*,25,1,4,.250,0,0,,1,4,.250,.250,4,5,.800,1,0,1,1,0,0,5,4,6,-2.0,Jomyra Mathis,https://www.sports-reference.com/cbb/players/jomyra-mathis-1.html,louisiana-lafayette,2020-21
12,87,12,2021-01-30,Louisiana,,Texas State,REG (Conf),W 66-60,*,5,0,1,.000,0,0,,0,1,.000,.000,1,2,.500,0,0,0,0,0,0,1,0,1,-1.1,Jomyra Mathis,https://www.sports-reference.com/cbb/players/jomyra-mathis-1.html,louisiana-lafayette,2020-21
13,88,15,2021-02-08,Louisiana,,UT Arlington,REG (Conf),W 57-48,,30,2,5,.400,0,0,,2,5,.400,.400,2,2,1.000,1,6,7,3,3,0,3,1,6,7.5,Jomyra Mathis,https://www.sports-reference.com/cbb/players/jomyra-mathis-1.html,louisiana-lafayette,2020-21
14,89,16,2021-02-11,Louisiana,,Louisiana–Monroe,REG (Conf),W 65-51,,20,2,8,.250,1,4,.250,1,4,.250,.313,0,0,,0,1,1,1,0,0,3,3,5,-3.0,Jomyra Mathis,https://www.sports-reference.com/cbb/players/jomyra-mathis-1.html,louisiana-lafayette,2020-21
15,90,18,2021-02-26,Louisiana,,Little Rock,REG (Conf),W 63-52,,31,1,7,.143,0,1,.000,1,6,.167,.143,4,4,1.000,0,6,6,2,2,0,3,1,6,3.3,Jomyra Mathis,https://www.sports-reference.com/cbb/players/jomyra-mathis-1.html,louisiana-lafayette,2020-21
16,91,19,2021-02-27,Louisiana,,Little Rock,REG (Conf),W 60-32,*,35,4,10,.400,2,2,1.000,2,8,.250,.500,2,2,1.000,0,3,3,3,3,0,3,3,12,8.4,Jomyra Mathis,https://www.sports-reference.com/cbb/players/jomyra-mathis-1.html,louisiana-lafayette,2020-21
17,92,20,2021-03-06,Louisiana,,South Alabama,CTOURN,W 65-46,,28,7,13,.538,2,6,.333,5,7,.714,.615,1,4,.250,2,5,7,1,2,1,3,3,17,11.6,Jomyra Mathis,https://www.sports-reference.com/cbb/players/jomyra-mathis-1.html,louisiana-lafayette,2020-21
18,93,21,2021-03-07,Louisiana,,Little Rock,CTOURN,W 58-48,,31,4,12,.333,1,4,.250,3,8,.375,.375,2,2,1.000,1,1,2,0,1,1,2,1,11,4.5,Jomyra Mathis,https://www.sports-reference.com/cbb/players/jomyra-mathis-1.html,louisiana-lafayette,2020-21
19,94,22,2021-03-08,Louisiana,,Troy,CTOURN,L 65-73,*,35,6,16,.375,1,4,.250,5,12,.417,.406,0,0,,0,5,5,5,3,0,4,5,13,6.2,Jomyra Mathis,https://www.sports-reference.com/cbb/players/jomyra-mathis-1.html,louisiana-lafayette,2020-21
20,95,23,2021-03-19,Louisiana,@,Colorado,WNIT,L 45-68,*,33,1,8,.125,0,4,.000,1,4,.250,.125,0,0,,0,2,2,1,0,1,6,2,2,-8.0,Jomyra Mathis,https://www.sports-reference.com/cbb/players/jomyra-mathis-1.html,louisiana-lafayette,2020-21
21,96,24,2021-03-20,Louisiana,,UT Martin,WNIT,L 48-58,*,32,1,6,.167,0,2,.000,1,4,.250,.167,1,2,.500,1,7,8,7,2,0,4,4,3,2.9,Jomyra Mathis,https://www.sports-reference.com/cbb/players/jomyra-mathis-1.html,louisiana-lafayette,2020-21
