ranker,player_game_num_career,team_game_num_season,date,team_name_abbr,game_location,opp_name_abbr,game_type,game_result,is_starter,mp,fg,fga,fg_pct,fg3,fg3a,fg3_pct,fg2,fg2a,fg2_pct,efg_pct,ft,fta,ft_pct,orb,drb,trb,ast,stl,blk,tov,pf,pts,game_score,player_name,player_sr_link,school,season
1,94,1,2020-12-04,Louisiana,,North Texas,REG (Non-Conf),L 74-83,*,20,0,5,.000,0,2,.000,0,3,.000,.000,2,2,1.000,2,2,4,2,0,0,1,2,2,0.1,Kimberly Burton,https://www.sports-reference.com/cbb/players/kimberly-burton-1.html,louisiana-lafayette,2020-21
2,95,2,2020-12-09,Louisiana,,McNeese State,REG (Non-Conf),W 80-48,*,16,1,2,.500,1,1,1.000,0,1,.000,.750,2,2,1.000,2,1,3,0,0,1,0,1,5,6.0,Kimberly Burton,https://www.sports-reference.com/cbb/players/kimberly-burton-1.html,louisiana-lafayette,2020-21
3,96,3,2020-12-14,Louisiana,@,Louisiana State,REG (Non-Conf),L 57-62,*,29,4,8,.500,1,2,.500,3,6,.500,.563,0,4,.000,2,2,4,1,1,0,0,2,9,6.3,Kimberly Burton,https://www.sports-reference.com/cbb/players/kimberly-burton-1.html,louisiana-lafayette,2020-21
4,97,4,2020-12-16,Louisiana,@,Rice,REG (Non-Conf),L 51-83,*,13,1,2,.500,1,2,.500,0,0,,.750,0,0,,1,0,1,0,0,0,1,1,3,1.3,Kimberly Burton,https://www.sports-reference.com/cbb/players/kimberly-burton-1.html,louisiana-lafayette,2020-21
5,98,5,2020-12-20,Louisiana,@,Louisiana Tech,REG (Non-Conf),L 65-68,*,20,2,8,.250,0,4,.000,2,4,.500,.250,0,0,,1,1,2,1,1,0,0,1,4,1.5,Kimberly Burton,https://www.sports-reference.com/cbb/players/kimberly-burton-1.html,louisiana-lafayette,2020-21
6,99,6,2021-01-01,Louisiana,@,Texas State,REG (Conf),L 63-71,*,27,7,12,.583,1,2,.500,6,10,.600,.625,0,0,,3,4,7,1,0,0,2,2,15,10.6,Kimberly Burton,https://www.sports-reference.com/cbb/players/kimberly-burton-1.html,louisiana-lafayette,2020-21
7,100,7,2021-01-02,Louisiana,@,Texas State,REG (Conf),W 67-41,*,30,4,6,.667,1,3,.333,3,3,1.000,.750,0,0,,0,3,3,1,1,0,2,3,9,5.8,Kimberly Burton,https://www.sports-reference.com/cbb/players/kimberly-burton-1.html,louisiana-lafayette,2020-21
8,101,8,2021-01-22,Louisiana,@,Arkansas State,REG (Conf),W 67-65 (OT),*,31,2,11,.182,1,5,.200,1,6,.167,.227,0,0,,0,3,3,1,1,1,1,1,5,0.0,Kimberly Burton,https://www.sports-reference.com/cbb/players/kimberly-burton-1.html,louisiana-lafayette,2020-21
9,102,9,2021-01-23,Louisiana,@,Arkansas State,REG (Conf),W 70-58,*,30,1,3,.333,0,0,,1,3,.333,.333,1,2,.500,2,1,3,0,1,0,2,2,3,0.8,Kimberly Burton,https://www.sports-reference.com/cbb/players/kimberly-burton-1.html,louisiana-lafayette,2020-21
10,103,10,2021-01-25,Louisiana,@,Little Rock,REG (Conf),W 54-45,*,24,2,2,1.000,0,0,,2,2,1.000,1.000,1,1,1.000,0,1,1,0,0,0,2,0,5,2.7,Kimberly Burton,https://www.sports-reference.com/cbb/players/kimberly-burton-1.html,louisiana-lafayette,2020-21
11,104,11,2021-01-29,Louisiana,,Texas State,REG (Conf),W 66-64,*,20,1,6,.167,0,2,.000,1,4,.250,.167,0,0,,0,3,3,1,0,0,0,0,2,-0.2,Kimberly Burton,https://www.sports-reference.com/cbb/players/kimberly-burton-1.html,louisiana-lafayette,2020-21
12,105,12,2021-01-30,Louisiana,,Texas State,REG (Conf),W 66-60,*,19,3,5,.600,0,2,.000,3,3,1.000,.600,0,0,,2,2,4,0,0,0,1,1,6,4.3,Kimberly Burton,https://www.sports-reference.com/cbb/players/kimberly-burton-1.html,louisiana-lafayette,2020-21
13,106,13,2021-02-05,Louisiana,,Arkansas State,REG (Conf),W 52-49,*,25,4,7,.571,0,0,,4,7,.571,.571,1,2,.500,3,1,4,1,0,1,0,1,9,8.7,Kimberly Burton,https://www.sports-reference.com/cbb/players/kimberly-burton-1.html,louisiana-lafayette,2020-21
14,107,14,2021-02-06,Louisiana,,Arkansas State,REG (Conf),W 73-61,*,27,4,8,.500,0,1,.000,4,7,.571,.500,0,0,,6,4,10,1,2,0,0,2,8,11.3,Kimberly Burton,https://www.sports-reference.com/cbb/players/kimberly-burton-1.html,louisiana-lafayette,2020-21
15,108,15,2021-02-08,Louisiana,,UT Arlington,REG (Conf),W 57-48,*,22,2,5,.400,0,1,.000,2,4,.500,.400,2,2,1.000,3,1,4,0,1,0,1,1,6,5.3,Kimberly Burton,https://www.sports-reference.com/cbb/players/kimberly-burton-1.html,louisiana-lafayette,2020-21
16,109,16,2021-02-11,Louisiana,,Louisiana–Monroe,REG (Conf),W 65-51,*,28,1,1,1.000,0,0,,1,1,1.000,1.000,0,0,,2,5,7,1,0,0,0,0,2,5.3,Kimberly Burton,https://www.sports-reference.com/cbb/players/kimberly-burton-1.html,louisiana-lafayette,2020-21
17,110,17,2021-02-13,Louisiana,@,Louisiana–Monroe,REG (Conf),W 64-59,*,38,3,6,.500,0,1,.000,3,5,.600,.500,2,2,1.000,0,1,1,0,2,0,1,2,8,5.5,Kimberly Burton,https://www.sports-reference.com/cbb/players/kimberly-burton-1.html,louisiana-lafayette,2020-21
18,111,18,2021-02-26,Louisiana,,Little Rock,REG (Conf),W 63-52,*,28,3,10,.300,0,1,.000,3,9,.333,.300,2,2,1.000,1,2,3,1,2,0,0,1,8,5.8,Kimberly Burton,https://www.sports-reference.com/cbb/players/kimberly-burton-1.html,louisiana-lafayette,2020-21
19,112,19,2021-02-27,Louisiana,,Little Rock,REG (Conf),W 60-32,*,23,4,8,.500,1,1,1.000,3,7,.429,.563,2,2,1.000,1,2,3,0,1,0,0,2,11,8.5,Kimberly Burton,https://www.sports-reference.com/cbb/players/kimberly-burton-1.html,louisiana-lafayette,2020-21
20,113,20,2021-03-06,Louisiana,,South Alabama,CTOURN,W 65-46,*,24,1,2,.500,0,0,,1,2,.500,.500,2,2,1.000,2,7,9,1,3,0,1,1,4,8.8,Kimberly Burton,https://www.sports-reference.com/cbb/players/kimberly-burton-1.html,louisiana-lafayette,2020-21
21,114,21,2021-03-07,Louisiana,,Little Rock,CTOURN,W 58-48,*,25,1,6,.167,1,2,.500,0,4,.000,.250,2,2,1.000,0,3,3,2,2,1,1,0,5,5.2,Kimberly Burton,https://www.sports-reference.com/cbb/players/kimberly-burton-1.html,louisiana-lafayette,2020-21
22,115,22,2021-03-08,Louisiana,,Troy,CTOURN,L 65-73,*,28,3,7,.429,0,0,,3,7,.429,.429,2,2,1.000,4,3,7,1,1,0,0,0,8,9.7,Kimberly Burton,https://www.sports-reference.com/cbb/players/kimberly-burton-1.html,louisiana-lafayette,2020-21
23,116,23,2021-03-19,Louisiana,@,Colorado,WNIT,L 45-68,*,18,2,8,.250,0,2,.000,2,6,.333,.250,1,1,1.000,0,0,0,1,0,0,0,1,5,0.5,Kimberly Burton,https://www.sports-reference.com/cbb/players/kimberly-burton-1.html,louisiana-lafayette,2020-21
24,117,24,2021-03-20,Louisiana,,UT Martin,WNIT,L 48-58,*,30,2,6,.333,1,3,.333,1,3,.333,.417,0,0,,2,2,4,1,2,1,1,2,5,5.2,Kimberly Burton,https://www.sports-reference.com/cbb/players/kimberly-burton-1.html,louisiana-lafayette,2020-21
