ranker,player_game_num_career,team_game_num_season,date,team_name_abbr,game_location,opp_name_abbr,game_type,game_result,is_starter,mp,fg,fga,fg_pct,fg3,fg3a,fg2,fg2a,fg2_pct,efg_pct,ft,fta,ft_pct,orb,drb,trb,ast,stl,blk,tov,pf,pts,game_score,player_name,player_sr_link,school,season
1,46,1,2020-12-04,Louisiana,,North Texas,REG (Non-Conf),L 74-83,,1,0,0,,0,0,0,0,,,0,0,,0,0,0,0,0,0,0,0,0,0.0,Kristen Daniels,https://www.sports-reference.com/cbb/players/kristen-daniels-1.html,louisiana-lafayette,2020-21
2,47,2,2020-12-09,Louisiana,,McNeese State,REG (Non-Conf),W 80-48,,12,1,3,.333,0,0,1,3,.333,.333,4,6,.667,3,2,5,0,1,0,0,2,6,6.4,Kristen Daniels,https://www.sports-reference.com/cbb/players/kristen-daniels-1.html,louisiana-lafayette,2020-21
3,48,3,2020-12-14,Louisiana,@,Louisiana State,REG (Non-Conf),L 57-62,,0,0,0,,0,0,0,0,,,0,0,,0,0,0,0,0,0,0,0,0,0.0,Kristen Daniels,https://www.sports-reference.com/cbb/players/kristen-daniels-1.html,louisiana-lafayette,2020-21
4,49,4,2020-12-16,Louisiana,@,Rice,REG (Non-Conf),L 51-83,,5,0,0,,0,0,0,0,,,0,0,,0,1,1,0,0,0,0,0,0,0.3,Kristen Daniels,https://www.sports-reference.com/cbb/players/kristen-daniels-1.html,louisiana-lafayette,2020-21
5,50,6,2021-01-01,Louisiana,@,Texas State,REG (Conf),L 63-71,,10,2,3,.667,0,0,2,3,.667,.667,0,0,,3,1,4,1,0,0,0,0,4,5.8,Kristen Daniels,https://www.sports-reference.com/cbb/players/kristen-daniels-1.html,louisiana-lafayette,2020-21
6,51,7,2021-01-02,Louisiana,@,Texas State,REG (Conf),W 67-41,,3,1,1,1.000,0,0,1,1,1.000,1.000,0,0,,0,1,1,0,1,0,0,0,2,3.0,Kristen Daniels,https://www.sports-reference.com/cbb/players/kristen-daniels-1.html,louisiana-lafayette,2020-21
7,52,19,2021-02-27,Louisiana,,Little Rock,REG (Conf),W 60-32,*,7,0,1,.000,0,0,0,1,.000,.000,2,2,1.000,2,1,3,3,0,0,0,1,2,4.7,Kristen Daniels,https://www.sports-reference.com/cbb/players/kristen-daniels-1.html,louisiana-lafayette,2020-21
