ranker,player_game_num_career,team_game_num_season,date,team_name_abbr,game_location,opp_name_abbr,game_type,game_result,is_starter,mp,fg,fga,fg_pct,fg3,fg3a,fg2,fg2a,fg2_pct,efg_pct,ft,fta,orb,drb,trb,ast,stl,blk,tov,pf,pts,game_score,player_name,player_sr_link,school,season
1,1,2,2020-12-09,Louisiana,,McNeese State,REG (Non-Conf),W 80-48,,9,0,3,.000,0,0,0,3,.000,.000,0,0,1,1,2,0,0,0,1,2,0,-2.9,Lafaedria Green,https://www.sports-reference.com/cbb/players/lafaedria-green-1.html,louisiana-lafayette,2020-21
2,2,3,2020-12-14,Louisiana,@,Louisiana State,REG (Non-Conf),L 57-62,,0,0,0,,0,0,0,0,,,0,0,0,0,0,0,0,0,0,0,0,0.0,Lafaedria Green,https://www.sports-reference.com/cbb/players/lafaedria-green-1.html,louisiana-lafayette,2020-21
3,3,4,2020-12-16,Louisiana,@,Rice,REG (Non-Conf),L 51-83,,5,0,0,,0,0,0,0,,,0,0,0,0,0,0,0,0,0,0,0,0.0,Lafaedria Green,https://www.sports-reference.com/cbb/players/lafaedria-green-1.html,louisiana-lafayette,2020-21
4,4,7,2021-01-02,Louisiana,@,Texas State,REG (Conf),W 67-41,,5,0,0,,0,0,0,0,,,0,0,0,1,1,0,0,0,3,1,0,-3.1,Lafaedria Green,https://www.sports-reference.com/cbb/players/lafaedria-green-1.html,louisiana-lafayette,2020-21
5,5,17,2021-02-13,Louisiana,@,Louisiana–Monroe,REG (Conf),W 64-59,,9,0,0,,0,0,0,0,,,0,0,0,1,1,0,0,0,0,0,0,0.3,Lafaedria Green,https://www.sports-reference.com/cbb/players/lafaedria-green-1.html,louisiana-lafayette,2020-21
6,6,19,2021-02-27,Louisiana,,Little Rock,REG (Conf),W 60-32,,2,1,1,1.000,0,0,1,1,1.000,1.000,0,0,0,0,0,0,0,0,0,0,2,1.7,Lafaedria Green,https://www.sports-reference.com/cbb/players/lafaedria-green-1.html,louisiana-lafayette,2020-21
7,7,20,2021-03-06,Louisiana,,South Alabama,CTOURN,W 65-46,,1,0,2,.000,0,0,0,2,.000,.000,0,0,1,0,1,0,0,0,0,0,0,-0.7,Lafaedria Green,https://www.sports-reference.com/cbb/players/lafaedria-green-1.html,louisiana-lafayette,2020-21
8,8,23,2021-03-19,Louisiana,@,Colorado,WNIT,L 45-68,,4,0,0,,0,0,0,0,,,0,0,1,1,2,0,0,0,0,0,0,1.0,Lafaedria Green,https://www.sports-reference.com/cbb/players/lafaedria-green-1.html,louisiana-lafayette,2020-21
9,9,24,2021-03-20,Louisiana,,UT Martin,WNIT,L 48-58,,2,0,1,.000,0,0,0,1,.000,.000,0,0,0,1,1,0,0,0,0,0,0,-0.4,Lafaedria Green,https://www.sports-reference.com/cbb/players/lafaedria-green-1.html,louisiana-lafayette,2020-21
