ranker,player_game_num_career,team_game_num_season,date,team_name_abbr,game_location,opp_name_abbr,game_type,game_result,is_starter,mp,fg,fga,fg_pct,fg3,fg3a,fg3_pct,fg2,fg2a,fg2_pct,efg_pct,ft,fta,ft_pct,orb,drb,trb,ast,stl,blk,tov,pf,pts,game_score,player_name,player_sr_link,school,season
1,84,1,2020-12-04,Louisiana,,North Texas,REG (Non-Conf),L 74-83,*,33,4,12,.333,0,2,.000,4,10,.400,.333,4,5,.800,1,4,5,0,2,0,0,2,12,7.9,Skyler Goodwin,https://www.sports-reference.com/cbb/players/skyler-goodwin-1.html,louisiana-lafayette,2020-21
2,85,2,2020-12-09,Louisiana,,McNeese State,REG (Non-Conf),W 80-48,*,20,2,6,.333,1,3,.333,1,3,.333,.417,0,0,,2,7,9,0,0,0,2,1,5,2.7,Skyler Goodwin,https://www.sports-reference.com/cbb/players/skyler-goodwin-1.html,louisiana-lafayette,2020-21
3,86,3,2020-12-14,Louisiana,@,Louisiana State,REG (Non-Conf),L 57-62,*,36,1,6,.167,0,3,.000,1,3,.333,.167,10,10,1.000,0,4,4,2,1,0,2,4,12,8.2,Skyler Goodwin,https://www.sports-reference.com/cbb/players/skyler-goodwin-1.html,louisiana-lafayette,2020-21
4,87,4,2020-12-16,Louisiana,@,Rice,REG (Non-Conf),L 51-83,*,29,3,12,.250,2,3,.667,1,9,.111,.333,2,2,1.000,1,0,1,1,2,0,0,1,10,5.8,Skyler Goodwin,https://www.sports-reference.com/cbb/players/skyler-goodwin-1.html,louisiana-lafayette,2020-21
5,88,5,2020-12-20,Louisiana,@,Louisiana Tech,REG (Non-Conf),L 65-68,*,34,4,9,.444,3,5,.600,1,4,.250,.611,2,4,.500,0,5,5,1,1,0,2,3,13,7.5,Skyler Goodwin,https://www.sports-reference.com/cbb/players/skyler-goodwin-1.html,louisiana-lafayette,2020-21
6,89,6,2021-01-01,Louisiana,@,Texas State,REG (Conf),L 63-71,*,35,2,6,.333,2,3,.667,0,3,.000,.500,0,0,,1,4,5,0,0,0,3,1,6,1.1,Skyler Goodwin,https://www.sports-reference.com/cbb/players/skyler-goodwin-1.html,louisiana-lafayette,2020-21
7,90,7,2021-01-02,Louisiana,@,Texas State,REG (Conf),W 67-41,*,29,3,7,.429,0,2,.000,3,5,.600,.429,4,6,.667,1,7,8,1,0,0,0,0,10,9.0,Skyler Goodwin,https://www.sports-reference.com/cbb/players/skyler-goodwin-1.html,louisiana-lafayette,2020-21
8,91,8,2021-01-22,Louisiana,@,Arkansas State,REG (Conf),W 67-65 (OT),*,44,5,13,.385,2,7,.286,3,6,.500,.462,4,6,.667,2,3,5,0,2,0,3,1,16,9.0,Skyler Goodwin,https://www.sports-reference.com/cbb/players/skyler-goodwin-1.html,louisiana-lafayette,2020-21
9,92,9,2021-01-23,Louisiana,@,Arkansas State,REG (Conf),W 70-58,*,35,5,12,.417,0,3,.000,5,9,.556,.417,4,4,1.000,1,6,7,0,0,0,2,3,14,6.9,Skyler Goodwin,https://www.sports-reference.com/cbb/players/skyler-goodwin-1.html,louisiana-lafayette,2020-21
10,93,10,2021-01-25,Louisiana,@,Little Rock,REG (Conf),W 54-45,*,34,2,5,.400,2,4,.500,0,1,.000,.600,6,10,.600,0,8,8,1,0,0,1,1,12,9.4,Skyler Goodwin,https://www.sports-reference.com/cbb/players/skyler-goodwin-1.html,louisiana-lafayette,2020-21
11,94,11,2021-01-29,Louisiana,,Texas State,REG (Conf),W 66-64,*,39,4,7,.571,1,1,1.000,3,6,.500,.643,4,4,1.000,1,5,6,3,1,0,5,2,13,9.2,Skyler Goodwin,https://www.sports-reference.com/cbb/players/skyler-goodwin-1.html,louisiana-lafayette,2020-21
12,95,12,2021-01-30,Louisiana,,Texas State,REG (Conf),W 66-60,*,35,3,6,.500,0,1,.000,3,5,.600,.500,0,0,,0,4,4,2,3,1,3,2,6,5.5,Skyler Goodwin,https://www.sports-reference.com/cbb/players/skyler-goodwin-1.html,louisiana-lafayette,2020-21
13,96,13,2021-02-05,Louisiana,,Arkansas State,REG (Conf),W 52-49,*,35,5,14,.357,0,3,.000,5,11,.455,.357,3,4,.750,3,5,8,2,1,1,0,1,13,11.1,Skyler Goodwin,https://www.sports-reference.com/cbb/players/skyler-goodwin-1.html,louisiana-lafayette,2020-21
14,97,14,2021-02-06,Louisiana,,Arkansas State,REG (Conf),W 73-61,*,39,8,18,.444,1,4,.250,7,14,.500,.472,7,7,1.000,2,4,6,1,1,0,1,1,24,17.5,Skyler Goodwin,https://www.sports-reference.com/cbb/players/skyler-goodwin-1.html,louisiana-lafayette,2020-21
15,98,15,2021-02-08,Louisiana,,UT Arlington,REG (Conf),W 57-48,*,36,1,10,.100,0,4,.000,1,6,.167,.100,2,4,.500,2,2,4,1,0,0,2,2,4,-3.5,Skyler Goodwin,https://www.sports-reference.com/cbb/players/skyler-goodwin-1.html,louisiana-lafayette,2020-21
16,99,16,2021-02-11,Louisiana,,Louisiana–Monroe,REG (Conf),W 65-51,*,35,4,9,.444,1,4,.250,3,5,.600,.500,5,6,.833,2,1,3,3,0,0,1,2,14,10.9,Skyler Goodwin,https://www.sports-reference.com/cbb/players/skyler-goodwin-1.html,louisiana-lafayette,2020-21
17,100,17,2021-02-13,Louisiana,@,Louisiana–Monroe,REG (Conf),W 64-59,*,37,3,9,.333,0,1,.000,3,8,.375,.333,3,4,.750,2,4,6,2,2,0,1,0,9,8.5,Skyler Goodwin,https://www.sports-reference.com/cbb/players/skyler-goodwin-1.html,louisiana-lafayette,2020-21
18,101,18,2021-02-26,Louisiana,,Little Rock,REG (Conf),W 63-52,*,40,6,10,.600,2,3,.667,4,7,.571,.700,4,6,.667,1,3,4,2,0,0,0,1,18,15.2,Skyler Goodwin,https://www.sports-reference.com/cbb/players/skyler-goodwin-1.html,louisiana-lafayette,2020-21
19,102,19,2021-02-27,Louisiana,,Little Rock,REG (Conf),W 60-32,*,32,2,10,.200,1,1,1.000,1,9,.111,.250,0,0,,1,3,4,0,0,0,1,1,5,-1.0,Skyler Goodwin,https://www.sports-reference.com/cbb/players/skyler-goodwin-1.html,louisiana-lafayette,2020-21
20,103,20,2021-03-06,Louisiana,,South Alabama,CTOURN,W 65-46,*,32,1,3,.333,0,1,.000,1,2,.500,.333,2,2,1.000,4,6,10,2,0,2,1,0,4,8.7,Skyler Goodwin,https://www.sports-reference.com/cbb/players/skyler-goodwin-1.html,louisiana-lafayette,2020-21
21,104,21,2021-03-07,Louisiana,,Little Rock,CTOURN,W 58-48,*,34,3,8,.375,1,2,.500,2,6,.333,.438,2,2,1.000,2,2,4,1,3,0,1,0,9,9.3,Skyler Goodwin,https://www.sports-reference.com/cbb/players/skyler-goodwin-1.html,louisiana-lafayette,2020-21
22,105,22,2021-03-08,Louisiana,,Troy,CTOURN,L 65-73,*,40,4,11,.364,3,4,.750,1,7,.143,.500,3,3,1.000,2,8,10,3,1,0,1,1,14,13.4,Skyler Goodwin,https://www.sports-reference.com/cbb/players/skyler-goodwin-1.html,louisiana-lafayette,2020-21
23,106,23,2021-03-19,Louisiana,@,Colorado,WNIT,L 45-68,*,30,2,10,.200,0,3,.000,2,7,.286,.200,0,0,,0,5,5,1,0,1,2,0,4,-1.3,Skyler Goodwin,https://www.sports-reference.com/cbb/players/skyler-goodwin-1.html,louisiana-lafayette,2020-21
24,107,24,2021-03-20,Louisiana,,UT Martin,WNIT,L 48-58,*,37,2,7,.286,0,3,.000,2,4,.500,.286,0,0,,3,3,6,0,1,0,1,2,4,2.1,Skyler Goodwin,https://www.sports-reference.com/cbb/players/skyler-goodwin-1.html,louisiana-lafayette,2020-21
