ranker,player_game_num_career,team_game_num_season,date,team_name_abbr,game_location,opp_name_abbr,game_type,game_result,is_starter,mp,fg,fga,fg_pct,fg3,fg3a,fg3_pct,fg2,fg2a,fg2_pct,efg_pct,ft,fta,ft_pct,orb,drb,trb,ast,stl,blk,tov,pf,pts,game_score,player_name,player_sr_link,school,season
1,1,1,2020-12-04,Louisiana,,North Texas,REG (Non-Conf),L 74-83,,3,0,2,.000,0,0,,0,2,.000,.000,0,0,,0,1,1,0,0,0,0,0,0,-1.1,Tamera Johnson,https://www.sports-reference.com/cbb/players/tamera-johnson-1.html,louisiana-lafayette,2020-21
2,2,2,2020-12-09,Louisiana,,McNeese State,REG (Non-Conf),W 80-48,,15,2,3,.667,0,1,.000,2,2,1.000,.667,0,0,,0,0,0,0,0,0,1,4,4,0.1,Tamera Johnson,https://www.sports-reference.com/cbb/players/tamera-johnson-1.html,louisiana-lafayette,2020-21
3,3,3,2020-12-14,Louisiana,@,Louisiana State,REG (Non-Conf),L 57-62,,3,0,1,.000,0,1,.000,0,0,,.000,0,0,,0,0,0,0,0,0,0,0,0,-0.7,Tamera Johnson,https://www.sports-reference.com/cbb/players/tamera-johnson-1.html,louisiana-lafayette,2020-21
4,4,4,2020-12-16,Louisiana,@,Rice,REG (Non-Conf),L 51-83,,14,0,2,.000,0,1,.000,0,1,.000,.000,0,0,,0,1,1,0,1,1,2,3,0,-2.6,Tamera Johnson,https://www.sports-reference.com/cbb/players/tamera-johnson-1.html,louisiana-lafayette,2020-21
5,5,5,2020-12-20,Louisiana,@,Louisiana Tech,REG (Non-Conf),L 65-68,,23,6,12,.500,0,1,.000,6,11,.545,.500,5,6,.833,2,3,5,1,1,0,1,1,17,13.2,Tamera Johnson,https://www.sports-reference.com/cbb/players/tamera-johnson-1.html,louisiana-lafayette,2020-21
6,6,8,2021-01-22,Louisiana,@,Arkansas State,REG (Conf),W 67-65 (OT),,3,0,3,.000,0,1,.000,0,2,.000,.000,0,0,,0,0,0,0,0,0,0,1,0,-2.5,Tamera Johnson,https://www.sports-reference.com/cbb/players/tamera-johnson-1.html,louisiana-lafayette,2020-21
7,7,11,2021-01-29,Louisiana,,Texas State,REG (Conf),W 66-64,,4,0,1,.000,0,0,,0,1,.000,.000,0,0,,0,0,0,0,0,0,0,0,0,-0.7,Tamera Johnson,https://www.sports-reference.com/cbb/players/tamera-johnson-1.html,louisiana-lafayette,2020-21
8,8,12,2021-01-30,Louisiana,,Texas State,REG (Conf),W 66-60,,10,4,6,.667,0,1,.000,4,5,.800,.667,0,0,,0,3,3,0,2,1,3,1,8,5.6,Tamera Johnson,https://www.sports-reference.com/cbb/players/tamera-johnson-1.html,louisiana-lafayette,2020-21
9,9,13,2021-02-05,Louisiana,,Arkansas State,REG (Conf),W 52-49,,10,1,5,.200,0,1,.000,1,4,.250,.200,0,0,,1,0,1,0,0,0,1,1,2,-1.8,Tamera Johnson,https://www.sports-reference.com/cbb/players/tamera-johnson-1.html,louisiana-lafayette,2020-21
10,10,14,2021-02-06,Louisiana,,Arkansas State,REG (Conf),W 73-61,,2,0,1,.000,0,0,,0,1,.000,.000,0,0,,0,1,1,0,0,0,0,0,0,-0.4,Tamera Johnson,https://www.sports-reference.com/cbb/players/tamera-johnson-1.html,louisiana-lafayette,2020-21
11,11,15,2021-02-08,Louisiana,,UT Arlington,REG (Conf),W 57-48,,6,0,1,.000,0,0,,0,1,.000,.000,0,2,.000,0,2,2,0,0,0,1,2,0,-2.7,Tamera Johnson,https://www.sports-reference.com/cbb/players/tamera-johnson-1.html,louisiana-lafayette,2020-21
12,12,16,2021-02-11,Louisiana,,Louisiana–Monroe,REG (Conf),W 65-51,,5,0,1,.000,0,0,,0,1,.000,.000,1,2,.500,0,1,1,0,0,0,1,2,1,-1.6,Tamera Johnson,https://www.sports-reference.com/cbb/players/tamera-johnson-1.html,louisiana-lafayette,2020-21
13,13,17,2021-02-13,Louisiana,@,Louisiana–Monroe,REG (Conf),W 64-59,*,18,1,2,.500,0,0,,1,2,.500,.500,3,6,.500,0,4,4,1,0,1,2,3,5,2.2,Tamera Johnson,https://www.sports-reference.com/cbb/players/tamera-johnson-1.html,louisiana-lafayette,2020-21
14,14,19,2021-02-27,Louisiana,,Little Rock,REG (Conf),W 60-32,,2,1,1,1.000,0,0,,1,1,1.000,1.000,0,0,,0,0,0,0,0,0,1,0,2,0.7,Tamera Johnson,https://www.sports-reference.com/cbb/players/tamera-johnson-1.html,louisiana-lafayette,2020-21
15,15,20,2021-03-06,Louisiana,,South Alabama,CTOURN,W 65-46,,9,0,2,.000,0,0,,0,2,.000,.000,0,0,,0,4,4,0,0,0,0,0,0,-0.2,Tamera Johnson,https://www.sports-reference.com/cbb/players/tamera-johnson-1.html,louisiana-lafayette,2020-21
16,16,22,2021-03-08,Louisiana,,Troy,CTOURN,L 65-73,,0,0,0,,0,0,,0,0,,,0,0,,0,0,0,0,0,0,0,0,0,0.0,Tamera Johnson,https://www.sports-reference.com/cbb/players/tamera-johnson-1.html,louisiana-lafayette,2020-21
17,17,23,2021-03-19,Louisiana,@,Colorado,WNIT,L 45-68,,19,2,4,.500,0,1,.000,2,3,.667,.500,0,0,,1,0,1,1,1,0,2,3,4,1.2,Tamera Johnson,https://www.sports-reference.com/cbb/players/tamera-johnson-1.html,louisiana-lafayette,2020-21
18,18,24,2021-03-20,Louisiana,,UT Martin,WNIT,L 48-58,,15,3,8,.375,0,2,.000,3,6,.500,.375,3,4,.750,2,1,3,0,0,0,4,1,9,1.5,Tamera Johnson,https://www.sports-reference.com/cbb/players/tamera-johnson-1.html,louisiana-lafayette,2020-21
