ranker,player_game_num_career,team_game_num_season,date,team_name_abbr,game_location,opp_name_abbr,game_type,game_result,is_starter,mp,fg,fga,fg_pct,fg3,fg3a,fg2,fg2a,fg2_pct,efg_pct,ft,fta,ft_pct,orb,drb,trb,ast,stl,blk,tov,pf,pts,game_score,player_name,player_sr_link,school,season
1,88,1,2020-12-04,Louisiana,,North Texas,REG (Non-Conf),L 74-83,*,31,7,13,.538,0,0,7,13,.538,.538,1,1,1.000,3,7,10,1,1,2,1,3,15,13.8,Ty'Reona Doucet,https://www.sports-reference.com/cbb/players/tyreona-doucet-1.html,louisiana-lafayette,2020-21
2,89,2,2020-12-09,Louisiana,,McNeese State,REG (Non-Conf),W 80-48,*,12,4,6,.667,0,0,4,6,.667,.667,1,1,1.000,1,2,3,0,1,1,0,1,9,9.0,Ty'Reona Doucet,https://www.sports-reference.com/cbb/players/tyreona-doucet-1.html,louisiana-lafayette,2020-21
3,90,3,2020-12-14,Louisiana,@,Louisiana State,REG (Non-Conf),L 57-62,*,33,6,13,.462,0,0,6,13,.462,.462,2,2,1.000,3,7,10,3,0,1,6,4,14,6.7,Ty'Reona Doucet,https://www.sports-reference.com/cbb/players/tyreona-doucet-1.html,louisiana-lafayette,2020-21
4,91,4,2020-12-16,Louisiana,@,Rice,REG (Non-Conf),L 51-83,*,23,1,6,.167,0,0,1,6,.167,.167,0,0,,1,2,3,2,0,2,1,2,2,0.5,Ty'Reona Doucet,https://www.sports-reference.com/cbb/players/tyreona-doucet-1.html,louisiana-lafayette,2020-21
5,92,5,2020-12-20,Louisiana,@,Louisiana Tech,REG (Non-Conf),L 65-68,*,28,5,8,.625,0,0,5,8,.625,.625,3,5,.600,2,5,7,0,1,2,1,4,13,11.3,Ty'Reona Doucet,https://www.sports-reference.com/cbb/players/tyreona-doucet-1.html,louisiana-lafayette,2020-21
6,93,8,2021-01-22,Louisiana,@,Arkansas State,REG (Conf),W 67-65 (OT),*,35,3,11,.273,0,0,3,11,.273,.273,2,3,.667,4,8,12,3,1,4,3,2,8,8.4,Ty'Reona Doucet,https://www.sports-reference.com/cbb/players/tyreona-doucet-1.html,louisiana-lafayette,2020-21
7,94,9,2021-01-23,Louisiana,@,Arkansas State,REG (Conf),W 70-58,*,29,6,11,.545,0,0,6,11,.545,.545,2,3,.667,3,6,9,3,1,2,3,2,14,12.9,Ty'Reona Doucet,https://www.sports-reference.com/cbb/players/tyreona-doucet-1.html,louisiana-lafayette,2020-21
8,95,10,2021-01-25,Louisiana,@,Little Rock,REG (Conf),W 54-45,*,33,4,7,.571,0,0,4,7,.571,.571,1,1,1.000,3,9,12,0,2,3,1,3,9,12.4,Ty'Reona Doucet,https://www.sports-reference.com/cbb/players/tyreona-doucet-1.html,louisiana-lafayette,2020-21
9,96,11,2021-01-29,Louisiana,,Texas State,REG (Conf),W 66-64,*,34,7,9,.778,0,0,7,9,.778,.778,0,0,,4,5,9,0,5,0,4,3,14,14.6,Ty'Reona Doucet,https://www.sports-reference.com/cbb/players/tyreona-doucet-1.html,louisiana-lafayette,2020-21
10,97,12,2021-01-30,Louisiana,,Texas State,REG (Conf),W 66-60,*,29,6,7,.857,0,0,6,7,.857,.857,3,4,.750,1,8,9,2,0,3,1,2,15,16.9,Ty'Reona Doucet,https://www.sports-reference.com/cbb/players/tyreona-doucet-1.html,louisiana-lafayette,2020-21
11,98,13,2021-02-05,Louisiana,,Arkansas State,REG (Conf),W 52-49,*,31,4,13,.308,0,0,4,13,.308,.308,0,0,,4,7,11,0,2,5,0,2,8,10.1,Ty'Reona Doucet,https://www.sports-reference.com/cbb/players/tyreona-doucet-1.html,louisiana-lafayette,2020-21
12,99,14,2021-02-06,Louisiana,,Arkansas State,REG (Conf),W 73-61,*,29,4,7,.571,0,0,4,7,.571,.571,1,1,1.000,4,6,10,4,2,2,1,4,9,13.9,Ty'Reona Doucet,https://www.sports-reference.com/cbb/players/tyreona-doucet-1.html,louisiana-lafayette,2020-21
13,100,15,2021-02-08,Louisiana,,UT Arlington,REG (Conf),W 57-48,*,34,9,11,.818,0,0,9,11,.818,.818,3,3,1.000,1,7,8,0,1,0,2,5,21,16.7,Ty'Reona Doucet,https://www.sports-reference.com/cbb/players/tyreona-doucet-1.html,louisiana-lafayette,2020-21
14,101,16,2021-02-11,Louisiana,,Louisiana–Monroe,REG (Conf),W 65-51,*,0,0,0,,0,0,0,0,,,0,0,,0,0,0,0,0,0,0,0,0,0.0,Ty'Reona Doucet,https://www.sports-reference.com/cbb/players/tyreona-doucet-1.html,louisiana-lafayette,2020-21
15,102,18,2021-02-26,Louisiana,,Little Rock,REG (Conf),W 63-52,*,34,4,7,.571,0,0,4,7,.571,.571,2,4,.500,2,7,9,1,1,2,4,1,10,8.1,Ty'Reona Doucet,https://www.sports-reference.com/cbb/players/tyreona-doucet-1.html,louisiana-lafayette,2020-21
16,103,19,2021-02-27,Louisiana,,Little Rock,REG (Conf),W 60-32,*,26,5,9,.556,0,0,5,9,.556,.556,1,2,.500,1,6,7,0,0,2,0,3,11,9.0,Ty'Reona Doucet,https://www.sports-reference.com/cbb/players/tyreona-doucet-1.html,louisiana-lafayette,2020-21
17,104,20,2021-03-06,Louisiana,,South Alabama,CTOURN,W 65-46,*,32,3,9,.333,0,0,3,9,.333,.333,3,4,.750,2,9,11,4,0,0,2,3,9,7.2,Ty'Reona Doucet,https://www.sports-reference.com/cbb/players/tyreona-doucet-1.html,louisiana-lafayette,2020-21
18,105,21,2021-03-07,Louisiana,,Little Rock,CTOURN,W 58-48,*,38,4,5,.800,0,0,4,5,.800,.800,0,0,,2,7,9,1,1,1,5,2,8,6.2,Ty'Reona Doucet,https://www.sports-reference.com/cbb/players/tyreona-doucet-1.html,louisiana-lafayette,2020-21
19,106,22,2021-03-08,Louisiana,,Troy,CTOURN,L 65-73,*,37,7,18,.389,0,0,7,18,.389,.389,0,0,,1,4,5,1,1,1,5,2,14,2.7,Ty'Reona Doucet,https://www.sports-reference.com/cbb/players/tyreona-doucet-1.html,louisiana-lafayette,2020-21
20,107,23,2021-03-19,Louisiana,@,Colorado,WNIT,L 45-68,*,35,4,7,.571,0,0,4,7,.571,.571,2,2,1.000,3,8,11,1,0,1,3,1,10,9.2,Ty'Reona Doucet,https://www.sports-reference.com/cbb/players/tyreona-doucet-1.html,louisiana-lafayette,2020-21
21,108,24,2021-03-20,Louisiana,,UT Martin,WNIT,L 48-58,*,26,7,11,.636,0,0,7,11,.636,.636,1,1,1.000,2,0,2,0,2,2,0,4,15,13.3,Ty'Reona Doucet,https://www.sports-reference.com/cbb/players/tyreona-doucet-1.html,louisiana-lafayette,2020-21
