ranker,player_game_num_career,team_game_num_season,date,team_name_abbr,game_location,opp_name_abbr,game_type,game_result,is_starter,mp,fg,fga,fg_pct,fg3,fg3a,fg3_pct,fg2,fg2a,fg2_pct,efg_pct,ft,fta,ft_pct,orb,drb,trb,ast,stl,blk,tov,pf,pts,game_score,player_name,player_sr_link,school,season
1,1,1,2022-11-09,Tarleton State,,Arl Baptist,REG (Non-Conf),W 90-40,,13,7,10,.700,1,2,.500,6,8,.750,.750,0,0,,2,1,3,1,2,0,1,0,15,14.2,Viktoria Ivanova,https://www.sports-reference.com/cbb/players/viktoria-ivanova-1.html,tarleton-state,2022-23
2,2,2,2022-11-12,Tarleton State,,North Texas-Dallas,REG (Non-Conf),W 73-46,,28,3,9,.333,0,4,.000,3,5,.600,.333,0,0,,2,1,3,2,2,0,0,2,6,5.2,Viktoria Ivanova,https://www.sports-reference.com/cbb/players/viktoria-ivanova-1.html,tarleton-state,2022-23
3,3,3,2022-11-15,Tarleton State,@,Vanderbilt,REG (Non-Conf),L 48-84,*,25,1,5,.200,0,3,.000,1,2,.500,.200,1,2,.500,1,0,1,0,0,1,3,1,3,-2.5,Viktoria Ivanova,https://www.sports-reference.com/cbb/players/viktoria-ivanova-1.html,tarleton-state,2022-23
4,4,4,2022-11-18,Tarleton State,,College of Charleston,REG (Non-Conf),W 82-72,*,32,6,9,.667,1,3,.333,5,6,.833,.722,3,6,.500,2,5,7,1,1,1,4,3,16,11.0,Viktoria Ivanova,https://www.sports-reference.com/cbb/players/viktoria-ivanova-1.html,tarleton-state,2022-23
5,5,5,2022-11-22,Tarleton State,@,Nebraska,REG (Non-Conf),L 53-71,*,26,2,9,.222,2,3,.667,0,6,.000,.333,0,0,,0,0,0,0,0,0,2,1,6,-1.9,Viktoria Ivanova,https://www.sports-reference.com/cbb/players/viktoria-ivanova-1.html,tarleton-state,2022-23
6,6,6,2022-11-30,Tarleton State,@,Western Illinois,REG (Non-Conf),W 84-69,*,22,1,6,.167,0,2,.000,1,4,.250,.167,2,4,.500,0,1,1,0,1,0,1,2,4,-1.1,Viktoria Ivanova,https://www.sports-reference.com/cbb/players/viktoria-ivanova-1.html,tarleton-state,2022-23
7,7,7,2022-12-06,Tarleton State,,Weber State,REG (Non-Conf),W 86-69,*,29,1,7,.143,0,4,.000,1,3,.333,.143,0,0,,3,2,5,2,1,0,3,2,2,-1.2,Viktoria Ivanova,https://www.sports-reference.com/cbb/players/viktoria-ivanova-1.html,tarleton-state,2022-23
8,8,8,2022-12-10,Tarleton State,@,Eastern Washington,REG (Non-Conf),L 45-65,*,18,0,3,.000,0,2,.000,0,1,.000,.000,0,0,,1,1,2,2,0,2,1,2,0,-0.1,Viktoria Ivanova,https://www.sports-reference.com/cbb/players/viktoria-ivanova-1.html,tarleton-state,2022-23
9,9,9,2022-12-14,Tarleton State,,Northwestern State,REG (Non-Conf),W 67-46,*,19,0,7,.000,0,3,.000,0,4,.000,.000,0,0,,3,2,5,2,0,0,5,2,0,-6.6,Viktoria Ivanova,https://www.sports-reference.com/cbb/players/viktoria-ivanova-1.html,tarleton-state,2022-23
10,10,10,2022-12-19,Tarleton State,N,Ball State,REG (Non-Conf),L 77-80 (OT),,22,7,11,.636,2,5,.400,5,6,.833,.727,0,2,.000,0,5,5,0,1,0,0,3,16,11.6,Viktoria Ivanova,https://www.sports-reference.com/cbb/players/viktoria-ivanova-1.html,tarleton-state,2022-23
11,11,11,2022-12-21,Tarleton State,N,Richmond,REG (Non-Conf),L 43-55,,23,3,11,.273,1,3,.333,2,8,.250,.318,1,2,.500,0,1,1,0,3,0,0,0,8,4.4,Viktoria Ivanova,https://www.sports-reference.com/cbb/players/viktoria-ivanova-1.html,tarleton-state,2022-23
12,12,12,2022-12-29,Tarleton State,,Abilene Christian,REG (Conf),L 43-61,*,18,0,2,.000,0,1,.000,0,1,.000,.000,0,0,,0,0,0,0,0,1,2,1,0,-3.1,Viktoria Ivanova,https://www.sports-reference.com/cbb/players/viktoria-ivanova-1.html,tarleton-state,2022-23
13,13,13,2022-12-31,Tarleton State,@,UT Arlington,REG (Conf),L 68-92,,8,0,3,.000,0,1,.000,0,2,.000,.000,0,2,.000,0,0,0,0,0,0,1,0,0,-3.9,Viktoria Ivanova,https://www.sports-reference.com/cbb/players/viktoria-ivanova-1.html,tarleton-state,2022-23
14,14,14,2023-01-05,Tarleton State,@,Grand Canyon,REG (Conf),L 51-70,*,15,1,5,.200,0,2,.000,1,3,.333,.200,0,0,,1,1,2,0,1,0,4,4,2,-4.7,Viktoria Ivanova,https://www.sports-reference.com/cbb/players/viktoria-ivanova-1.html,tarleton-state,2022-23
15,15,15,2023-01-07,Tarleton State,@,New Mexico State,REG (Conf),L 43-61,*,14,0,2,.000,0,0,,0,2,.000,.000,0,0,,0,2,2,0,0,0,1,2,0,-2.6,Viktoria Ivanova,https://www.sports-reference.com/cbb/players/viktoria-ivanova-1.html,tarleton-state,2022-23
16,16,16,2023-01-11,Tarleton State,,Texas–Rio Grande Valley,REG (Conf),W 70-60,,13,0,1,.000,0,1,.000,0,0,,.000,1,2,.500,1,1,2,1,1,0,0,2,1,1.8,Viktoria Ivanova,https://www.sports-reference.com/cbb/players/viktoria-ivanova-1.html,tarleton-state,2022-23
17,17,17,2023-01-14,Tarleton State,,UT Arlington,REG (Conf),L 70-76,,18,3,9,.333,0,2,.000,3,7,.429,.333,3,4,.750,4,5,9,0,0,0,2,5,9,3.8,Viktoria Ivanova,https://www.sports-reference.com/cbb/players/viktoria-ivanova-1.html,tarleton-state,2022-23
18,18,18,2023-01-19,Tarleton State,,Sam Houston State,REG (Conf),L 66-81,,27,3,6,.500,0,2,.000,3,4,.750,.500,2,4,.500,0,7,7,1,1,0,5,2,8,2.2,Viktoria Ivanova,https://www.sports-reference.com/cbb/players/viktoria-ivanova-1.html,tarleton-state,2022-23
19,19,19,2023-01-26,Tarleton State,@,Utah Tech,REG (Conf),L 44-70,,13,2,7,.286,0,1,.000,2,6,.333,.286,0,0,,1,2,3,0,0,0,2,2,4,-1.6,Viktoria Ivanova,https://www.sports-reference.com/cbb/players/viktoria-ivanova-1.html,tarleton-state,2022-23
20,20,20,2023-01-28,Tarleton State,@,Southern Utah,REG (Conf),L 48-55,,7,0,2,.000,0,0,,0,2,.000,.000,0,0,,1,1,2,0,1,0,1,3,0,-1.6,Viktoria Ivanova,https://www.sports-reference.com/cbb/players/viktoria-ivanova-1.html,tarleton-state,2022-23
21,21,21,2023-02-04,Tarleton State,,Utah Valley,REG (Conf),L 59-63 (OT),,8,1,4,.250,0,0,,1,4,.250,.250,0,2,.000,0,0,0,0,0,0,0,0,2,-1.2,Viktoria Ivanova,https://www.sports-reference.com/cbb/players/viktoria-ivanova-1.html,tarleton-state,2022-23
22,22,22,2023-02-06,Tarleton State,,Stephen F. Austin,REG (Conf),L 54-68,,22,5,13,.385,0,0,,5,13,.385,.385,3,4,.750,2,1,3,0,1,0,1,2,13,6.4,Viktoria Ivanova,https://www.sports-reference.com/cbb/players/viktoria-ivanova-1.html,tarleton-state,2022-23
23,23,23,2023-02-09,Tarleton State,@,Seattle,REG (Conf),L 49-62,,13,1,5,.200,0,2,.000,1,3,.333,.200,0,2,.000,1,2,3,0,2,1,0,4,2,0.5,Viktoria Ivanova,https://www.sports-reference.com/cbb/players/viktoria-ivanova-1.html,tarleton-state,2022-23
24,24,24,2023-02-11,Tarleton State,,California Baptist,REG (Conf),L 84-89 (2OT),,4,0,0,,0,0,,0,0,,,0,0,,0,0,0,0,0,0,0,1,0,-0.4,Viktoria Ivanova,https://www.sports-reference.com/cbb/players/viktoria-ivanova-1.html,tarleton-state,2022-23
25,25,25,2023-02-16,Tarleton State,@,Abilene Christian,REG (Conf),L 60-78,,5,0,0,,0,0,,0,0,,,0,0,,0,0,0,0,0,0,0,0,0,0.0,Viktoria Ivanova,https://www.sports-reference.com/cbb/players/viktoria-ivanova-1.html,tarleton-state,2022-23
26,26,26,2023-02-18,Tarleton State,@,Sam Houston State,REG (Conf),L 58-59,,8,0,2,.000,0,1,.000,0,1,.000,.000,0,0,,0,2,2,0,0,0,0,0,0,-0.8,Viktoria Ivanova,https://www.sports-reference.com/cbb/players/viktoria-ivanova-1.html,tarleton-state,2022-23
27,27,28,2023-02-25,Tarleton State,,Southern Utah,REG (Conf),L 78-80 (OT),,35,4,13,.308,2,5,.400,2,8,.250,.385,4,5,.800,1,0,1,1,4,1,2,3,14,9.0,Viktoria Ivanova,https://www.sports-reference.com/cbb/players/viktoria-ivanova-1.html,tarleton-state,2022-23
28,28,29,2023-02-28,Tarleton State,,Seattle,REG (Conf),W 74-65,,22,3,8,.375,1,2,.500,2,6,.333,.438,0,0,,1,0,1,1,1,0,1,1,7,3.6,Viktoria Ivanova,https://www.sports-reference.com/cbb/players/viktoria-ivanova-1.html,tarleton-state,2022-23
