ranker,player_game_num_career,team_game_num_season,date,team_name_abbr,game_location,opp_name_abbr,game_type,game_result,is_starter,mp,fg,fga,fg_pct,fg3,fg3a,fg3_pct,fg2,fg2a,fg2_pct,efg_pct,ft,fta,ft_pct,orb,drb,trb,ast,stl,blk,tov,pf,pts,game_score,player_name,player_sr_link,school,season
1,43,1,2024-11-06,Robert Morris,,Point Park,REG (Non-Conf),W 68-44,*,16,6,10,.600,0,1,.000,6,9,.667,.600,0,0,,2,2,4,0,3,0,3,5,12,7.4,Raissa Nsabua,https://www.sports-reference.com/cbb/players/raissa-nsabua-1.html,robert-morris,2024-25
2,44,2,2024-11-09,Robert Morris,@,College of Charleston,REG (Non-Conf),L 69-74 (OT),*,37,1,7,.143,1,2,.500,0,5,.000,.214,1,2,.500,5,6,11,6,0,0,5,3,4,2.4,Raissa Nsabua,https://www.sports-reference.com/cbb/players/raissa-nsabua-1.html,robert-morris,2024-25
3,45,3,2024-11-13,Robert Morris,@,Akron,REG (Non-Conf),W 59-53,*,17,0,4,.000,0,1,.000,0,3,.000,.000,0,0,,1,1,2,2,0,1,3,1,0,-3.1,Raissa Nsabua,https://www.sports-reference.com/cbb/players/raissa-nsabua-1.html,robert-morris,2024-25
4,46,4,2024-11-20,Robert Morris,,Saint Francis (PA),REG (Non-Conf),L 55-58,*,22,2,5,.400,1,3,.333,1,2,.500,.500,0,0,,3,2,5,4,0,1,0,4,5,6.9,Raissa Nsabua,https://www.sports-reference.com/cbb/players/raissa-nsabua-1.html,robert-morris,2024-25
5,47,5,2024-11-23,Robert Morris,@,Pittsburgh,REG (Non-Conf),L 51-64,*,24,0,4,.000,0,0,,0,4,.000,.000,1,2,.500,1,2,3,2,1,0,3,2,1,-2.3,Raissa Nsabua,https://www.sports-reference.com/cbb/players/raissa-nsabua-1.html,robert-morris,2024-25
6,48,6,2024-11-25,Robert Morris,@,Duquesne,REG (Non-Conf),L 61-77,*,33,2,5,.400,2,4,.500,0,1,.000,.600,3,6,.500,1,6,7,2,1,1,6,2,9,3.9,Raissa Nsabua,https://www.sports-reference.com/cbb/players/raissa-nsabua-1.html,robert-morris,2024-25
7,49,7,2024-11-29,Robert Morris,,Bucknell,REG (Non-Conf),L 54-65,*,27,1,3,.333,0,1,.000,1,2,.500,.333,1,2,.500,0,0,0,1,0,0,2,3,3,-1.6,Raissa Nsabua,https://www.sports-reference.com/cbb/players/raissa-nsabua-1.html,robert-morris,2024-25
8,50,8,2024-12-04,Robert Morris,@,Purdue Fort Wayne,REG (Conf),L 57-68,,23,0,0,,0,0,,0,0,,,1,2,.500,0,3,3,1,2,1,1,4,1,2.3,Raissa Nsabua,https://www.sports-reference.com/cbb/players/raissa-nsabua-1.html,robert-morris,2024-25
9,51,9,2024-12-07,Robert Morris,,Milwaukee,REG (Conf),W 56-55,,27,1,2,.500,1,1,1.000,0,1,.000,.750,2,2,1.000,3,3,6,1,0,0,2,3,5,4.5,Raissa Nsabua,https://www.sports-reference.com/cbb/players/raissa-nsabua-1.html,robert-morris,2024-25
10,52,10,2024-12-14,Robert Morris,,Mercyhurst,REG (Non-Conf),W 69-49,*,26,3,6,.500,0,2,.000,3,4,.750,.500,6,6,1.000,0,5,5,2,1,0,2,3,12,9.7,Raissa Nsabua,https://www.sports-reference.com/cbb/players/raissa-nsabua-1.html,robert-morris,2024-25
11,53,11,2024-12-18,Robert Morris,,Oakland,REG (Conf),L 53-55,*,26,2,6,.333,0,2,.000,2,4,.500,.333,1,3,.333,1,5,6,1,2,0,7,3,5,-2.5,Raissa Nsabua,https://www.sports-reference.com/cbb/players/raissa-nsabua-1.html,robert-morris,2024-25
12,54,12,2024-12-21,Robert Morris,,St. Bonaventure,REG (Non-Conf),W 65-41,*,20,0,3,.000,0,1,.000,0,2,.000,.000,2,2,1.000,4,2,6,0,0,0,0,3,2,2.1,Raissa Nsabua,https://www.sports-reference.com/cbb/players/raissa-nsabua-1.html,robert-morris,2024-25
13,55,13,2024-12-28,Robert Morris,,Detroit Mercy,REG (Conf),L 58-66,*,18,4,6,.667,0,0,,4,6,.667,.667,0,1,.000,0,3,3,1,3,1,0,3,8,9.1,Raissa Nsabua,https://www.sports-reference.com/cbb/players/raissa-nsabua-1.html,robert-morris,2024-25
14,56,14,2025-01-04,Robert Morris,@,IU Indy,REG (Conf),L 46-56,*,20,1,4,.250,0,0,,1,4,.250,.250,2,2,1.000,3,5,8,1,0,0,1,5,4,2.9,Raissa Nsabua,https://www.sports-reference.com/cbb/players/raissa-nsabua-1.html,robert-morris,2024-25
15,57,15,2025-01-08,Robert Morris,@,Northern Kentucky,REG (Conf),L 58-72,*,15,2,3,.667,0,1,.000,2,2,1.000,.667,1,1,1.000,1,1,2,2,1,0,1,5,5,4.1,Raissa Nsabua,https://www.sports-reference.com/cbb/players/raissa-nsabua-1.html,robert-morris,2024-25
16,58,16,2025-01-11,Robert Morris,,Green Bay,REG (Conf),L 48-78,*,19,2,5,.400,0,1,.000,2,4,.500,.400,0,0,,0,1,1,1,1,0,3,3,4,-0.9,Raissa Nsabua,https://www.sports-reference.com/cbb/players/raissa-nsabua-1.html,robert-morris,2024-25
17,59,17,2025-01-15,Robert Morris,,Cleveland State,REG (Conf),L 53-74,*,36,4,5,.800,0,0,,4,5,.800,.800,1,2,.500,3,4,7,4,4,0,1,2,9,15.0,Raissa Nsabua,https://www.sports-reference.com/cbb/players/raissa-nsabua-1.html,robert-morris,2024-25
18,60,18,2025-01-18,Robert Morris,@,Youngstown State,REG (Conf),W 67-61,*,20,0,1,.000,0,1,.000,0,0,,.000,2,2,1.000,0,0,0,4,0,0,3,5,2,-0.9,Raissa Nsabua,https://www.sports-reference.com/cbb/players/raissa-nsabua-1.html,robert-morris,2024-25
19,61,19,2025-01-23,Robert Morris,@,Oakland,REG (Conf),W 73-63,*,35,4,7,.571,0,1,.000,4,6,.667,.571,4,4,1.000,4,5,9,1,1,0,3,2,12,10.9,Raissa Nsabua,https://www.sports-reference.com/cbb/players/raissa-nsabua-1.html,robert-morris,2024-25
20,62,20,2025-01-25,Robert Morris,@,Detroit Mercy,REG (Conf),W 77-64,*,36,5,8,.625,0,2,.000,5,6,.833,.625,9,10,.900,2,5,7,3,0,0,3,1,19,16.6,Raissa Nsabua,https://www.sports-reference.com/cbb/players/raissa-nsabua-1.html,robert-morris,2024-25
21,63,21,2025-01-29,Robert Morris,,Wright State,REG (Conf),W 74-53,*,31,3,6,.500,0,0,,3,6,.500,.500,2,2,1.000,4,6,10,3,1,1,1,2,8,11.6,Raissa Nsabua,https://www.sports-reference.com/cbb/players/raissa-nsabua-1.html,robert-morris,2024-25
22,64,22,2025-01-31,Robert Morris,,Purdue Fort Wayne,REG (Conf),L 54-63,*,35,5,10,.500,0,1,.000,5,9,.556,.500,1,1,1.000,3,3,6,5,1,0,2,4,11,9.9,Raissa Nsabua,https://www.sports-reference.com/cbb/players/raissa-nsabua-1.html,robert-morris,2024-25
23,65,23,2025-02-06,Robert Morris,@,Milwaukee,REG (Conf),W 58-52,*,20,1,3,.333,0,1,.000,1,2,.500,.333,0,0,,2,1,3,0,0,0,2,4,2,-1.6,Raissa Nsabua,https://www.sports-reference.com/cbb/players/raissa-nsabua-1.html,robert-morris,2024-25
24,66,24,2025-02-08,Robert Morris,@,Green Bay,REG (Conf),L 39-71,*,15,2,3,.667,0,0,,2,3,.667,.667,0,0,,0,1,1,0,0,0,2,2,4,0.2,Raissa Nsabua,https://www.sports-reference.com/cbb/players/raissa-nsabua-1.html,robert-morris,2024-25
25,67,25,2025-02-13,Robert Morris,,IU Indy,REG (Conf),W 61-58,*,24,1,4,.250,0,0,,1,4,.250,.250,0,0,,3,2,5,2,2,0,2,4,2,2.1,Raissa Nsabua,https://www.sports-reference.com/cbb/players/raissa-nsabua-1.html,robert-morris,2024-25
26,68,26,2025-02-16,Robert Morris,,Northern Kentucky,REG (Conf),W 63-59,*,33,1,6,.167,1,2,.500,0,4,.000,.250,0,0,,2,5,7,3,1,1,2,2,3,3.1,Raissa Nsabua,https://www.sports-reference.com/cbb/players/raissa-nsabua-1.html,robert-morris,2024-25
27,69,27,2025-02-22,Robert Morris,@,Cleveland State,REG (Conf),L 53-85,*,12,1,2,.500,0,0,,1,2,.500,.500,0,0,,0,0,0,1,0,0,1,2,2,-0.1,Raissa Nsabua,https://www.sports-reference.com/cbb/players/raissa-nsabua-1.html,robert-morris,2024-25
28,70,28,2025-02-26,Robert Morris,,Youngstown State,REG (Conf),W 76-53,*,25,2,4,.500,1,2,.500,1,2,.500,.625,0,0,,2,1,3,4,1,0,2,4,5,4.9,Raissa Nsabua,https://www.sports-reference.com/cbb/players/raissa-nsabua-1.html,robert-morris,2024-25
29,71,29,2025-03-01,Robert Morris,@,Wright State,REG (Conf),W 73-57,*,24,3,5,.600,0,0,,3,5,.600,.600,1,1,1.000,0,4,4,1,2,0,3,3,7,4.4,Raissa Nsabua,https://www.sports-reference.com/cbb/players/raissa-nsabua-1.html,robert-morris,2024-25
30,72,30,2025-03-06,Robert Morris,,Northern Kentucky,CTOURN,W 70-57,*,35,3,7,.429,1,2,.500,2,5,.400,.500,2,2,1.000,3,4,7,2,1,0,2,3,9,7.8,Raissa Nsabua,https://www.sports-reference.com/cbb/players/raissa-nsabua-1.html,robert-morris,2024-25
31,73,31,2025-03-10,Robert Morris,N,Green Bay,CTOURN,L 53-67,*,27,1,4,.250,0,1,.000,1,3,.333,.250,0,0,,2,4,6,4,2,0,2,5,2,3.0,Raissa Nsabua,https://www.sports-reference.com/cbb/players/raissa-nsabua-1.html,robert-morris,2024-25
