ranker,player_game_num_career,team_game_num_season,date,team_name_abbr,game_location,opp_name_abbr,game_type,game_result,is_starter,mp,fg,fga,fg_pct,fg3,fg3a,fg3_pct,fg2,fg2a,fg2_pct,efg_pct,ft,fta,ft_pct,orb,drb,trb,ast,stl,blk,tov,pf,pts,game_score,player_name,player_sr_link,school,season
1,89,10,2024-12-14,Robert Morris,,Mercyhurst,REG (Non-Conf),W 69-49,,7,3,6,.500,0,2,.000,3,4,.750,.500,2,2,1.000,0,0,0,0,1,0,0,2,8,5.2,Simone Morris,https://www.sports-reference.com/cbb/players/simone-morris-1.html,robert-morris,2024-25
2,90,11,2024-12-18,Robert Morris,,Oakland,REG (Conf),L 53-55,,3,0,1,.000,0,1,.000,0,0,,.000,0,0,,0,0,0,0,1,0,0,0,0,0.3,Simone Morris,https://www.sports-reference.com/cbb/players/simone-morris-1.html,robert-morris,2024-25
3,91,12,2024-12-21,Robert Morris,,St. Bonaventure,REG (Non-Conf),W 65-41,,9,0,2,.000,0,2,.000,0,0,,.000,1,2,.500,1,1,2,0,0,1,0,1,1,0.5,Simone Morris,https://www.sports-reference.com/cbb/players/simone-morris-1.html,robert-morris,2024-25
4,92,14,2025-01-04,Robert Morris,@,IU Indy,REG (Conf),L 46-56,,12,2,5,.400,0,1,.000,2,4,.500,.400,0,0,,0,0,0,0,0,0,1,2,4,-0.5,Simone Morris,https://www.sports-reference.com/cbb/players/simone-morris-1.html,robert-morris,2024-25
