ranker,player_game_num_career,team_game_num_season,date,team_name_abbr,game_location,opp_name_abbr,game_type,game_result,is_starter,mp,fg,fga,fg_pct,fg3,fg3a,fg3_pct,fg2,fg2a,fg2_pct,efg_pct,ft,fta,ft_pct,orb,drb,trb,ast,stl,blk,tov,pf,pts,game_score,player_name,player_sr_link,school,season
1,54,10,2021-01-29,Long Beach State,@,UC San Diego,REG (Conf),W 54-50,,2,1,3,.333,0,1,.000,1,2,.500,.333,0,0,,0,0,0,0,2,0,0,0,2,2.3,Imani Lacy,https://www.sports-reference.com/cbb/players/imani-lacy-1.html,long-beach-state,2020-21
2,55,11,2021-01-30,Long Beach State,@,UC San Diego,REG (Conf),W 74-53,,1,0,1,.000,0,0,,0,1,.000,.000,0,0,,0,0,0,0,0,0,0,0,0,-0.7,Imani Lacy,https://www.sports-reference.com/cbb/players/imani-lacy-1.html,long-beach-state,2020-21
3,56,16,2021-02-19,Long Beach State,@,Cal Poly,REG (Conf),L 44-55,,6,1,1,1.000,0,0,,1,1,1.000,1.000,0,0,,0,1,1,0,0,0,0,1,2,1.6,Imani Lacy,https://www.sports-reference.com/cbb/players/imani-lacy-1.html,long-beach-state,2020-21
4,57,17,2021-02-20,Long Beach State,@,Cal Poly,REG (Conf),L 42-45,,5,1,5,.200,0,1,.000,1,4,.250,.200,2,2,1.000,0,0,0,0,1,0,0,0,4,1.9,Imani Lacy,https://www.sports-reference.com/cbb/players/imani-lacy-1.html,long-beach-state,2020-21
5,58,18,2021-02-26,Long Beach State,,Hawaii,REG (Conf),L 75-77,,5,2,3,.667,0,0,,2,3,.667,.667,0,0,,1,0,1,0,0,0,1,1,4,2.0,Imani Lacy,https://www.sports-reference.com/cbb/players/imani-lacy-1.html,long-beach-state,2020-21
6,59,20,2021-03-05,Long Beach State,@,UC Irvine,REG (Conf),L 70-79,,3,0,0,,0,0,,0,0,,,0,0,,0,0,0,0,0,0,0,0,0,0.0,Imani Lacy,https://www.sports-reference.com/cbb/players/imani-lacy-1.html,long-beach-state,2020-21
7,60,21,2021-03-06,Long Beach State,@,UC Irvine,REG (Conf),W 80-62,,8,1,2,.500,0,0,,1,2,.500,.500,4,7,.571,0,2,2,0,0,1,1,1,6,3.7,Imani Lacy,https://www.sports-reference.com/cbb/players/imani-lacy-1.html,long-beach-state,2020-21
8,61,22,2021-03-10,Long Beach State,,Cal Poly,CTOURN,L 60-61,,21,5,10,.500,0,1,.000,5,9,.556,.500,1,3,.333,1,4,5,0,0,1,0,2,11,7.0,Imani Lacy,https://www.sports-reference.com/cbb/players/imani-lacy-1.html,long-beach-state,2020-21
