ranker,player_game_num_career,team_game_num_season,date,team_name_abbr,game_location,opp_name_abbr,game_type,game_result,is_starter,mp,fg,fga,fg_pct,fg3,fg3a,fg3_pct,fg2,fg2a,fg2_pct,efg_pct,ft,fta,ft_pct,orb,drb,trb,ast,stl,blk,tov,pf,pts,game_score,player_name,player_sr_link,school,season
1,61,1,2020-12-12,Long Beach State,,Westmont,REG (Non-Conf),W 70-59,*,26,3,4,.750,0,0,,3,4,.750,.750,1,1,1.000,3,1,4,0,3,0,2,2,7,8.0,Jasmine Hardy,https://www.sports-reference.com/cbb/players/jasmine-hardy-1.html,long-beach-state,2020-21
2,62,6,2021-01-01,Long Beach State,@,Cal State Bakersfield,REG (Conf),W 61-57,,31,6,12,.500,2,6,.333,4,6,.667,.583,3,4,.750,2,1,3,0,2,0,2,4,17,10.7,Jasmine Hardy,https://www.sports-reference.com/cbb/players/jasmine-hardy-1.html,long-beach-state,2020-21
3,63,7,2021-01-02,Long Beach State,@,Cal State Bakersfield,REG (Conf),W 68-59,,13,0,2,.000,0,1,.000,0,1,.000,.000,0,0,,0,0,0,1,1,0,3,2,0,-3.5,Jasmine Hardy,https://www.sports-reference.com/cbb/players/jasmine-hardy-1.html,long-beach-state,2020-21
4,64,8,2021-01-08,Long Beach State,,Cal State Fullerton,REG (Conf),W 69-50,,23,4,7,.571,1,2,.500,3,5,.600,.643,0,0,,2,2,4,2,0,0,1,4,9,6.5,Jasmine Hardy,https://www.sports-reference.com/cbb/players/jasmine-hardy-1.html,long-beach-state,2020-21
5,65,9,2021-01-09,Long Beach State,,Cal State Fullerton,REG (Conf),W 66-64,,28,3,8,.375,0,2,.000,3,6,.500,.375,1,2,.500,3,2,5,0,2,0,1,5,7,3.9,Jasmine Hardy,https://www.sports-reference.com/cbb/players/jasmine-hardy-1.html,long-beach-state,2020-21
6,66,10,2021-01-29,Long Beach State,@,UC San Diego,REG (Conf),W 54-50,*,29,5,13,.385,3,10,.300,2,3,.667,.500,2,2,1.000,1,4,5,0,3,0,1,3,15,10.6,Jasmine Hardy,https://www.sports-reference.com/cbb/players/jasmine-hardy-1.html,long-beach-state,2020-21
7,67,11,2021-01-30,Long Beach State,@,UC San Diego,REG (Conf),W 74-53,*,29,6,8,.750,2,3,.667,4,5,.800,.875,3,3,1.000,2,2,4,3,2,0,1,2,17,18.1,Jasmine Hardy,https://www.sports-reference.com/cbb/players/jasmine-hardy-1.html,long-beach-state,2020-21
8,68,12,2021-02-05,Long Beach State,,UC Santa Barbara,REG (Conf),W 61-49,*,36,5,10,.500,0,2,.000,5,8,.625,.500,9,10,.900,4,10,14,0,3,1,1,2,19,21.3,Jasmine Hardy,https://www.sports-reference.com/cbb/players/jasmine-hardy-1.html,long-beach-state,2020-21
9,69,13,2021-02-06,Long Beach State,,UC Santa Barbara,REG (Conf),W 70-55,*,33,6,12,.500,1,2,.500,5,10,.500,.542,2,3,.667,5,5,10,1,0,1,2,4,15,11.4,Jasmine Hardy,https://www.sports-reference.com/cbb/players/jasmine-hardy-1.html,long-beach-state,2020-21
10,70,14,2021-02-12,Long Beach State,,UC Davis,REG (Conf),L 52-67,*,29,2,7,.286,0,1,.000,2,6,.333,.286,3,4,.750,6,5,11,0,1,1,1,5,7,6.9,Jasmine Hardy,https://www.sports-reference.com/cbb/players/jasmine-hardy-1.html,long-beach-state,2020-21
11,71,15,2021-02-13,Long Beach State,,UC Davis,REG (Conf),L 50-67,*,37,5,15,.333,1,6,.167,4,9,.444,.367,2,2,1.000,7,2,9,0,1,0,2,4,13,7.4,Jasmine Hardy,https://www.sports-reference.com/cbb/players/jasmine-hardy-1.html,long-beach-state,2020-21
12,72,16,2021-02-19,Long Beach State,@,Cal Poly,REG (Conf),L 44-55,*,24,0,4,.000,0,3,.000,0,1,.000,.000,2,2,1.000,0,1,1,0,1,0,1,2,2,-1.3,Jasmine Hardy,https://www.sports-reference.com/cbb/players/jasmine-hardy-1.html,long-beach-state,2020-21
13,73,17,2021-02-20,Long Beach State,@,Cal Poly,REG (Conf),L 42-45,*,32,2,7,.286,1,2,.500,1,5,.200,.357,2,2,1.000,1,4,5,2,0,0,2,2,7,3.4,Jasmine Hardy,https://www.sports-reference.com/cbb/players/jasmine-hardy-1.html,long-beach-state,2020-21
14,74,18,2021-02-26,Long Beach State,,Hawaii,REG (Conf),L 75-77,*,17,1,2,.500,0,1,.000,1,1,1.000,.500,0,0,,1,2,3,0,1,0,2,4,2,-0.3,Jasmine Hardy,https://www.sports-reference.com/cbb/players/jasmine-hardy-1.html,long-beach-state,2020-21
15,75,19,2021-02-27,Long Beach State,,Hawaii,REG (Conf),L 73-76 (OT),,37,8,12,.667,3,4,.750,5,8,.625,.792,5,6,.833,4,5,9,2,1,1,1,3,24,23.6,Jasmine Hardy,https://www.sports-reference.com/cbb/players/jasmine-hardy-1.html,long-beach-state,2020-21
16,76,20,2021-03-05,Long Beach State,@,UC Irvine,REG (Conf),L 70-79,,24,4,5,.800,1,2,.500,3,3,1.000,.900,1,1,1.000,1,3,4,0,0,0,2,0,10,7.7,Jasmine Hardy,https://www.sports-reference.com/cbb/players/jasmine-hardy-1.html,long-beach-state,2020-21
17,77,21,2021-03-06,Long Beach State,@,UC Irvine,REG (Conf),W 80-62,,19,3,3,1.000,0,0,,3,3,1.000,1.000,4,4,1.000,1,7,8,0,0,0,1,3,10,9.7,Jasmine Hardy,https://www.sports-reference.com/cbb/players/jasmine-hardy-1.html,long-beach-state,2020-21
18,78,22,2021-03-10,Long Beach State,,Cal Poly,CTOURN,L 60-61,,16,1,4,.250,0,1,.000,1,3,.333,.250,2,2,1.000,0,0,0,1,1,0,0,3,4,2.1,Jasmine Hardy,https://www.sports-reference.com/cbb/players/jasmine-hardy-1.html,long-beach-state,2020-21
