ranker,player_game_num_career,team_game_num_season,date,team_name_abbr,game_location,opp_name_abbr,game_type,game_result,is_starter,mp,fg,fga,fg_pct,fg3,fg3a,fg3_pct,fg2,fg2a,fg2_pct,efg_pct,ft,fta,ft_pct,orb,drb,trb,ast,stl,blk,tov,pf,pts,game_score,player_name,player_sr_link,school,season
1,62,1,2020-12-12,Long Beach State,,Westmont,REG (Non-Conf),W 70-59,*,38,9,15,.600,0,0,,9,15,.600,.600,3,6,.500,3,1,4,4,4,0,6,3,21,14.9,Justina King,https://www.sports-reference.com/cbb/players/justina-king-1.html,long-beach-state,2020-21
2,63,3,2020-12-23,Long Beach State,@,Southern California,REG (Non-Conf),L 65-71,*,40,5,16,.313,1,2,.500,4,14,.286,.344,2,2,1.000,0,0,0,5,1,0,1,1,13,6.9,Justina King,https://www.sports-reference.com/cbb/players/justina-king-1.html,long-beach-state,2020-21
3,64,4,2020-12-27,Long Beach State,,UC Riverside,REG (Conf),W 74-44,*,25,3,6,.500,3,3,1.000,0,3,.000,.750,2,4,.500,0,5,5,3,1,0,5,2,11,6.0,Justina King,https://www.sports-reference.com/cbb/players/justina-king-1.html,long-beach-state,2020-21
4,65,5,2020-12-29,Long Beach State,@,UC Riverside,REG (Conf),W 71-66,*,40,5,10,.500,2,4,.500,3,6,.500,.600,8,10,.800,0,3,3,3,1,1,4,1,20,14.5,Justina King,https://www.sports-reference.com/cbb/players/justina-king-1.html,long-beach-state,2020-21
5,66,6,2021-01-01,Long Beach State,@,Cal State Bakersfield,REG (Conf),W 61-57,*,38,3,14,.214,1,4,.250,2,10,.200,.250,5,5,1.000,2,2,4,3,2,0,0,1,12,9.1,Justina King,https://www.sports-reference.com/cbb/players/justina-king-1.html,long-beach-state,2020-21
6,67,7,2021-01-02,Long Beach State,@,Cal State Bakersfield,REG (Conf),W 68-59,*,40,6,14,.429,3,7,.429,3,7,.429,.536,1,1,1.000,0,5,5,6,1,0,3,0,16,12.3,Justina King,https://www.sports-reference.com/cbb/players/justina-king-1.html,long-beach-state,2020-21
7,68,8,2021-01-08,Long Beach State,,Cal State Fullerton,REG (Conf),W 69-50,*,31,5,11,.455,1,1,1.000,4,10,.400,.500,2,3,.667,0,1,1,2,5,0,2,1,13,11.2,Justina King,https://www.sports-reference.com/cbb/players/justina-king-1.html,long-beach-state,2020-21
8,69,9,2021-01-09,Long Beach State,,Cal State Fullerton,REG (Conf),W 66-64,*,40,4,13,.308,1,4,.250,3,9,.333,.346,12,16,.750,0,1,1,1,2,0,1,1,21,13.5,Justina King,https://www.sports-reference.com/cbb/players/justina-king-1.html,long-beach-state,2020-21
9,70,10,2021-01-29,Long Beach State,@,UC San Diego,REG (Conf),W 54-50,*,38,5,16,.313,1,4,.250,4,12,.333,.344,4,4,1.000,2,3,5,2,2,0,2,1,15,9.1,Justina King,https://www.sports-reference.com/cbb/players/justina-king-1.html,long-beach-state,2020-21
10,71,11,2021-01-30,Long Beach State,@,UC San Diego,REG (Conf),W 74-53,*,36,4,16,.250,1,4,.250,3,12,.250,.281,1,3,.333,2,0,2,3,1,1,3,1,10,1.4,Justina King,https://www.sports-reference.com/cbb/players/justina-king-1.html,long-beach-state,2020-21
11,72,12,2021-02-05,Long Beach State,,UC Santa Barbara,REG (Conf),W 61-49,*,38,5,16,.313,0,3,.000,5,13,.385,.313,1,2,.500,0,2,2,6,2,1,2,2,11,6.1,Justina King,https://www.sports-reference.com/cbb/players/justina-king-1.html,long-beach-state,2020-21
12,73,13,2021-02-06,Long Beach State,,UC Santa Barbara,REG (Conf),W 70-55,*,40,7,19,.368,1,4,.250,6,15,.400,.395,2,3,.667,1,5,6,9,4,0,1,1,17,17.2,Justina King,https://www.sports-reference.com/cbb/players/justina-king-1.html,long-beach-state,2020-21
13,74,14,2021-02-12,Long Beach State,,UC Davis,REG (Conf),L 52-67,*,39,1,10,.100,0,3,.000,1,7,.143,.100,0,0,,0,2,2,3,3,0,5,4,2,-5.5,Justina King,https://www.sports-reference.com/cbb/players/justina-king-1.html,long-beach-state,2020-21
14,75,15,2021-02-13,Long Beach State,,UC Davis,REG (Conf),L 50-67,*,40,2,15,.133,0,3,.000,2,12,.167,.133,2,4,.500,1,3,4,5,2,0,5,2,6,-3.2,Justina King,https://www.sports-reference.com/cbb/players/justina-king-1.html,long-beach-state,2020-21
15,76,16,2021-02-19,Long Beach State,@,Cal Poly,REG (Conf),L 44-55,*,38,6,21,.286,1,7,.143,5,14,.357,.310,4,7,.571,0,2,2,1,0,0,2,1,17,2.4,Justina King,https://www.sports-reference.com/cbb/players/justina-king-1.html,long-beach-state,2020-21
16,77,17,2021-02-20,Long Beach State,@,Cal Poly,REG (Conf),L 42-45,*,39,5,14,.357,1,7,.143,4,7,.571,.393,0,0,,2,3,5,2,1,0,4,3,11,2.7,Justina King,https://www.sports-reference.com/cbb/players/justina-king-1.html,long-beach-state,2020-21
17,78,18,2021-02-26,Long Beach State,,Hawaii,REG (Conf),L 75-77,*,38,7,14,.500,2,5,.400,5,9,.556,.571,2,2,1.000,2,0,2,6,4,0,1,2,18,18.8,Justina King,https://www.sports-reference.com/cbb/players/justina-king-1.html,long-beach-state,2020-21
18,79,19,2021-02-27,Long Beach State,,Hawaii,REG (Conf),L 73-76 (OT),*,42,7,18,.389,0,6,.000,7,12,.583,.389,0,0,,2,3,5,2,2,1,6,1,14,4.2,Justina King,https://www.sports-reference.com/cbb/players/justina-king-1.html,long-beach-state,2020-21
19,80,20,2021-03-05,Long Beach State,@,UC Irvine,REG (Conf),L 70-79,*,34,2,12,.167,0,2,.000,2,10,.200,.167,6,8,.750,0,3,3,6,3,0,3,0,10,6.7,Justina King,https://www.sports-reference.com/cbb/players/justina-king-1.html,long-beach-state,2020-21
20,81,21,2021-03-06,Long Beach State,@,UC Irvine,REG (Conf),W 80-62,*,34,6,12,.500,1,2,.500,5,10,.500,.542,3,4,.750,1,2,3,3,1,0,6,1,16,7.6,Justina King,https://www.sports-reference.com/cbb/players/justina-king-1.html,long-beach-state,2020-21
21,82,22,2021-03-10,Long Beach State,,Cal Poly,CTOURN,L 60-61,*,40,3,11,.273,1,3,.333,2,8,.250,.318,6,6,1.000,4,0,4,2,3,0,2,2,13,10.9,Justina King,https://www.sports-reference.com/cbb/players/justina-king-1.html,long-beach-state,2020-21
