ranker,player_game_num_career,team_game_num_season,date,team_name_abbr,game_location,opp_name_abbr,game_type,game_result,is_starter,mp,fg,fga,fg_pct,fg3,fg3a,fg3_pct,fg2,fg2a,fg2_pct,efg_pct,ft,fta,ft_pct,orb,drb,trb,ast,stl,blk,tov,pf,pts,game_score,player_name,player_sr_link,school,season
1,36,3,2020-12-23,Long Beach State,@,Southern California,REG (Non-Conf),L 65-71,*,9,0,1,.000,0,1,.000,0,0,,.000,0,0,,0,0,0,1,0,1,0,1,0,0.3,Kianna Hamilton-Fisher,https://www.sports-reference.com/cbb/players/kianna-hamilton-fisher-1.html,long-beach-state,2020-21
2,37,4,2020-12-27,Long Beach State,,UC Riverside,REG (Conf),W 74-44,*,10,3,3,1.000,2,2,1.000,1,1,1.000,1.333,0,1,.000,0,0,0,1,0,0,0,2,8,6.6,Kianna Hamilton-Fisher,https://www.sports-reference.com/cbb/players/kianna-hamilton-fisher-1.html,long-beach-state,2020-21
3,38,5,2020-12-29,Long Beach State,@,UC Riverside,REG (Conf),W 71-66,*,18,5,6,.833,2,2,1.000,3,4,.750,1.000,1,3,.333,0,2,2,1,4,0,1,1,13,13.9,Kianna Hamilton-Fisher,https://www.sports-reference.com/cbb/players/kianna-hamilton-fisher-1.html,long-beach-state,2020-21
4,39,6,2021-01-01,Long Beach State,@,Cal State Bakersfield,REG (Conf),W 61-57,*,25,4,8,.500,0,2,.000,4,6,.667,.500,1,2,.500,1,2,3,1,3,1,2,2,9,7.5,Kianna Hamilton-Fisher,https://www.sports-reference.com/cbb/players/kianna-hamilton-fisher-1.html,long-beach-state,2020-21
5,40,7,2021-01-02,Long Beach State,@,Cal State Bakersfield,REG (Conf),W 68-59,*,24,3,5,.600,0,1,.000,3,4,.750,.600,1,2,.500,3,5,8,1,0,0,1,2,7,6.8,Kianna Hamilton-Fisher,https://www.sports-reference.com/cbb/players/kianna-hamilton-fisher-1.html,long-beach-state,2020-21
6,41,8,2021-01-08,Long Beach State,,Cal State Fullerton,REG (Conf),W 69-50,*,20,0,1,.000,0,0,,0,1,.000,.000,0,0,,1,3,4,1,1,0,3,1,0,-0.8,Kianna Hamilton-Fisher,https://www.sports-reference.com/cbb/players/kianna-hamilton-fisher-1.html,long-beach-state,2020-21
7,42,9,2021-01-09,Long Beach State,,Cal State Fullerton,REG (Conf),W 66-64,*,24,1,4,.250,0,2,.000,1,2,.500,.250,0,2,.000,0,3,3,2,2,0,1,2,2,1.3,Kianna Hamilton-Fisher,https://www.sports-reference.com/cbb/players/kianna-hamilton-fisher-1.html,long-beach-state,2020-21
8,43,10,2021-01-29,Long Beach State,@,UC San Diego,REG (Conf),W 54-50,*,33,0,5,.000,0,2,.000,0,3,.000,.000,0,0,,2,4,6,2,1,0,0,3,0,0.3,Kianna Hamilton-Fisher,https://www.sports-reference.com/cbb/players/kianna-hamilton-fisher-1.html,long-beach-state,2020-21
9,44,11,2021-01-30,Long Beach State,@,UC San Diego,REG (Conf),W 74-53,*,23,0,3,.000,0,1,.000,0,2,.000,.000,2,2,1.000,1,4,5,2,2,0,0,1,2,4.8,Kianna Hamilton-Fisher,https://www.sports-reference.com/cbb/players/kianna-hamilton-fisher-1.html,long-beach-state,2020-21
10,45,12,2021-02-05,Long Beach State,,UC Santa Barbara,REG (Conf),W 61-49,*,34,2,5,.400,2,4,.500,0,1,.000,.600,2,2,1.000,0,3,3,0,0,0,2,2,8,3.4,Kianna Hamilton-Fisher,https://www.sports-reference.com/cbb/players/kianna-hamilton-fisher-1.html,long-beach-state,2020-21
11,46,13,2021-02-06,Long Beach State,,UC Santa Barbara,REG (Conf),W 70-55,*,31,3,8,.375,0,3,.000,3,5,.600,.375,0,0,,2,3,5,1,1,0,1,5,6,2.6,Kianna Hamilton-Fisher,https://www.sports-reference.com/cbb/players/kianna-hamilton-fisher-1.html,long-beach-state,2020-21
12,47,14,2021-02-12,Long Beach State,,UC Davis,REG (Conf),L 52-67,*,32,5,11,.455,2,5,.400,3,6,.500,.545,2,3,.667,1,3,4,0,2,0,1,2,14,9.7,Kianna Hamilton-Fisher,https://www.sports-reference.com/cbb/players/kianna-hamilton-fisher-1.html,long-beach-state,2020-21
13,48,15,2021-02-13,Long Beach State,,UC Davis,REG (Conf),L 50-67,*,24,2,5,.400,0,1,.000,2,4,.500,.400,1,2,.500,1,1,2,0,1,0,2,0,5,1.9,Kianna Hamilton-Fisher,https://www.sports-reference.com/cbb/players/kianna-hamilton-fisher-1.html,long-beach-state,2020-21
14,49,16,2021-02-19,Long Beach State,@,Cal Poly,REG (Conf),L 44-55,*,17,1,3,.333,0,0,,1,3,.333,.333,0,1,.000,2,1,3,0,0,0,1,1,2,0.2,Kianna Hamilton-Fisher,https://www.sports-reference.com/cbb/players/kianna-hamilton-fisher-1.html,long-beach-state,2020-21
15,50,17,2021-02-20,Long Beach State,@,Cal Poly,REG (Conf),L 42-45,*,25,0,3,.000,0,2,.000,0,1,.000,.000,0,0,,0,2,2,2,2,0,3,3,0,-2.3,Kianna Hamilton-Fisher,https://www.sports-reference.com/cbb/players/kianna-hamilton-fisher-1.html,long-beach-state,2020-21
16,51,18,2021-02-26,Long Beach State,,Hawaii,REG (Conf),L 75-77,*,33,3,9,.333,0,1,.000,3,8,.375,.333,1,2,.500,2,0,2,2,1,1,1,1,7,4.6,Kianna Hamilton-Fisher,https://www.sports-reference.com/cbb/players/kianna-hamilton-fisher-1.html,long-beach-state,2020-21
17,52,19,2021-02-27,Long Beach State,,Hawaii,REG (Conf),L 73-76 (OT),*,31,3,7,.429,0,1,.000,3,6,.500,.429,0,0,,1,0,1,2,1,0,2,1,6,3.0,Kianna Hamilton-Fisher,https://www.sports-reference.com/cbb/players/kianna-hamilton-fisher-1.html,long-beach-state,2020-21
18,53,20,2021-03-05,Long Beach State,@,UC Irvine,REG (Conf),L 70-79,*,28,7,13,.538,0,3,.000,7,10,.700,.538,0,0,,3,1,4,2,2,0,1,2,14,11.7,Kianna Hamilton-Fisher,https://www.sports-reference.com/cbb/players/kianna-hamilton-fisher-1.html,long-beach-state,2020-21
19,54,21,2021-03-06,Long Beach State,@,UC Irvine,REG (Conf),W 80-62,,22,1,4,.250,1,3,.333,0,1,.000,.375,2,2,1.000,0,2,2,2,1,1,1,0,5,5.3,Kianna Hamilton-Fisher,https://www.sports-reference.com/cbb/players/kianna-hamilton-fisher-1.html,long-beach-state,2020-21
20,55,22,2021-03-10,Long Beach State,,Cal Poly,CTOURN,L 60-61,,11,0,1,.000,0,0,,0,1,.000,.000,0,0,,0,2,2,0,1,0,1,2,0,-0.9,Kianna Hamilton-Fisher,https://www.sports-reference.com/cbb/players/kianna-hamilton-fisher-1.html,long-beach-state,2020-21
