ranker,player_game_num_career,team_game_num_season,date,team_name_abbr,game_location,opp_name_abbr,game_type,game_result,is_starter,mp,fg,fga,fg_pct,fg3,fg3a,fg3_pct,fg2,fg2a,fg2_pct,efg_pct,ft,fta,ft_pct,orb,drb,trb,ast,stl,blk,tov,pf,pts,game_score,player_name,player_sr_link,school,season
1,20,1,2020-12-12,Long Beach State,,Westmont,REG (Non-Conf),W 70-59,*,27,2,4,.500,1,1,1.000,1,3,.333,.625,0,0,,1,5,6,3,3,2,3,2,5,7.9,Kristyna Jeskeova,https://www.sports-reference.com/cbb/players/kristyna-jeskeova-1.html,long-beach-state,2020-21
2,21,3,2020-12-23,Long Beach State,@,Southern California,REG (Non-Conf),L 65-71,*,36,4,8,.500,1,4,.250,3,4,.750,.563,0,0,,1,11,12,0,3,1,3,1,9,9.3,Kristyna Jeskeova,https://www.sports-reference.com/cbb/players/kristyna-jeskeova-1.html,long-beach-state,2020-21
3,22,4,2020-12-27,Long Beach State,,UC Riverside,REG (Conf),W 74-44,*,32,0,1,.000,0,0,,0,1,.000,.000,0,0,,2,8,10,1,2,0,3,3,0,1.6,Kristyna Jeskeova,https://www.sports-reference.com/cbb/players/kristyna-jeskeova-1.html,long-beach-state,2020-21
4,23,5,2020-12-29,Long Beach State,@,UC Riverside,REG (Conf),W 71-66,*,34,1,8,.125,1,7,.143,0,1,.000,.188,2,2,1.000,5,7,12,4,1,2,2,1,5,8.2,Kristyna Jeskeova,https://www.sports-reference.com/cbb/players/kristyna-jeskeova-1.html,long-beach-state,2020-21
5,24,6,2021-01-01,Long Beach State,@,Cal State Bakersfield,REG (Conf),W 61-57,*,7,0,1,.000,0,1,.000,0,0,,.000,0,0,,1,3,4,0,0,0,1,4,0,-1.7,Kristyna Jeskeova,https://www.sports-reference.com/cbb/players/kristyna-jeskeova-1.html,long-beach-state,2020-21
6,25,7,2021-01-02,Long Beach State,@,Cal State Bakersfield,REG (Conf),W 68-59,*,16,3,4,.750,1,2,.500,2,2,1.000,.875,0,0,,1,1,2,0,1,0,2,1,7,5.0,Kristyna Jeskeova,https://www.sports-reference.com/cbb/players/kristyna-jeskeova-1.html,long-beach-state,2020-21
7,26,8,2021-01-08,Long Beach State,,Cal State Fullerton,REG (Conf),W 69-50,*,23,4,5,.800,3,4,.750,1,1,1.000,1.100,0,0,,2,8,10,2,3,0,2,3,11,14.1,Kristyna Jeskeova,https://www.sports-reference.com/cbb/players/kristyna-jeskeova-1.html,long-beach-state,2020-21
8,27,9,2021-01-09,Long Beach State,,Cal State Fullerton,REG (Conf),W 66-64,*,14,0,1,.000,0,1,.000,0,0,,.000,0,0,,1,1,2,0,0,0,0,2,0,-0.5,Kristyna Jeskeova,https://www.sports-reference.com/cbb/players/kristyna-jeskeova-1.html,long-beach-state,2020-21
9,28,10,2021-01-29,Long Beach State,@,UC San Diego,REG (Conf),W 54-50,*,8,0,0,,0,0,,0,0,,,0,0,,0,1,1,0,2,0,1,1,0,0.9,Kristyna Jeskeova,https://www.sports-reference.com/cbb/players/kristyna-jeskeova-1.html,long-beach-state,2020-21
10,29,11,2021-01-30,Long Beach State,@,UC San Diego,REG (Conf),W 74-53,,33,3,6,.500,3,5,.600,0,1,.000,.750,3,4,.750,3,13,16,0,3,2,0,3,12,17.8,Kristyna Jeskeova,https://www.sports-reference.com/cbb/players/kristyna-jeskeova-1.html,long-beach-state,2020-21
11,30,12,2021-02-05,Long Beach State,,UC Santa Barbara,REG (Conf),W 61-49,,21,2,3,.667,0,1,.000,2,2,1.000,.667,0,0,,2,3,5,2,3,0,2,4,4,5.8,Kristyna Jeskeova,https://www.sports-reference.com/cbb/players/kristyna-jeskeova-1.html,long-beach-state,2020-21
12,31,13,2021-02-06,Long Beach State,,UC Santa Barbara,REG (Conf),W 70-55,*,34,2,6,.333,0,3,.000,2,3,.667,.333,1,1,1.000,3,10,13,1,6,2,1,3,5,12.6,Kristyna Jeskeova,https://www.sports-reference.com/cbb/players/kristyna-jeskeova-1.html,long-beach-state,2020-21
13,32,14,2021-02-12,Long Beach State,,UC Davis,REG (Conf),L 52-67,*,26,1,7,.143,0,4,.000,1,3,.333,.143,0,0,,5,4,9,1,1,1,2,1,2,2.2,Kristyna Jeskeova,https://www.sports-reference.com/cbb/players/kristyna-jeskeova-1.html,long-beach-state,2020-21
14,33,15,2021-02-13,Long Beach State,,UC Davis,REG (Conf),L 50-67,*,35,3,8,.375,2,6,.333,1,2,.500,.500,3,4,.750,2,7,9,3,4,0,2,4,11,12.2,Kristyna Jeskeova,https://www.sports-reference.com/cbb/players/kristyna-jeskeova-1.html,long-beach-state,2020-21
15,34,16,2021-02-19,Long Beach State,@,Cal Poly,REG (Conf),L 44-55,,31,2,4,.500,0,2,.000,2,2,1.000,.500,3,7,.429,6,5,11,2,3,2,3,5,7,9.9,Kristyna Jeskeova,https://www.sports-reference.com/cbb/players/kristyna-jeskeova-1.html,long-beach-state,2020-21
16,35,17,2021-02-20,Long Beach State,@,Cal Poly,REG (Conf),L 42-45,,15,0,2,.000,0,1,.000,0,1,.000,.000,0,0,,1,4,5,1,1,1,2,1,0,0.5,Kristyna Jeskeova,https://www.sports-reference.com/cbb/players/kristyna-jeskeova-1.html,long-beach-state,2020-21
17,36,18,2021-02-26,Long Beach State,,Hawaii,REG (Conf),L 75-77,,21,1,3,.333,0,2,.000,1,1,1.000,.333,0,0,,5,0,5,0,0,0,0,4,2,2.2,Kristyna Jeskeova,https://www.sports-reference.com/cbb/players/kristyna-jeskeova-1.html,long-beach-state,2020-21
18,37,19,2021-02-27,Long Beach State,,Hawaii,REG (Conf),L 73-76 (OT),,12,0,0,,0,0,,0,0,,,0,0,,0,2,2,0,1,1,1,1,0,0.9,Kristyna Jeskeova,https://www.sports-reference.com/cbb/players/kristyna-jeskeova-1.html,long-beach-state,2020-21
19,38,20,2021-03-05,Long Beach State,@,UC Irvine,REG (Conf),L 70-79,,30,0,3,.000,0,2,.000,0,1,.000,.000,2,2,1.000,1,6,7,1,3,2,2,5,2,3.5,Kristyna Jeskeova,https://www.sports-reference.com/cbb/players/kristyna-jeskeova-1.html,long-beach-state,2020-21
20,39,21,2021-03-06,Long Beach State,@,UC Irvine,REG (Conf),W 80-62,*,30,0,3,.000,0,2,.000,0,1,.000,.000,4,4,1.000,1,2,3,2,5,0,2,4,4,6.0,Kristyna Jeskeova,https://www.sports-reference.com/cbb/players/kristyna-jeskeova-1.html,long-beach-state,2020-21
21,40,22,2021-03-10,Long Beach State,,Cal Poly,CTOURN,L 60-61,*,24,1,4,.250,0,3,.000,1,1,1.000,.250,2,3,.667,1,6,7,0,2,0,1,4,4,3.1,Kristyna Jeskeova,https://www.sports-reference.com/cbb/players/kristyna-jeskeova-1.html,long-beach-state,2020-21
