ranker,player_game_num_career,team_game_num_season,date,team_name_abbr,game_location,opp_name_abbr,game_type,game_result,is_starter,mp,fg,fga,fg_pct,fg3,fg3a,fg3_pct,fg2,fg2a,fg2_pct,efg_pct,ft,fta,ft_pct,orb,drb,trb,ast,stl,blk,tov,pf,pts,game_score,player_name,player_sr_link,school,season
1,62,1,2020-12-12,Long Beach State,,Westmont,REG (Non-Conf),W 70-59,*,36,5,7,.714,2,2,1.000,3,5,.600,.857,0,0,,3,3,6,5,1,0,2,3,12,13.4,Ma'Qhi Berry,https://www.sports-reference.com/cbb/players/maqhi-berry-1.html,long-beach-state,2020-21
2,63,3,2020-12-23,Long Beach State,@,Southern California,REG (Non-Conf),L 65-71,*,36,2,5,.400,1,2,.500,1,3,.333,.500,3,4,.750,0,2,2,4,0,0,3,4,8,3.7,Ma'Qhi Berry,https://www.sports-reference.com/cbb/players/maqhi-berry-1.html,long-beach-state,2020-21
3,64,4,2020-12-27,Long Beach State,,UC Riverside,REG (Conf),W 74-44,*,30,5,7,.714,0,0,,5,7,.714,.714,4,7,.571,0,0,0,2,5,0,3,1,14,12.9,Ma'Qhi Berry,https://www.sports-reference.com/cbb/players/maqhi-berry-1.html,long-beach-state,2020-21
4,65,5,2020-12-29,Long Beach State,@,UC Riverside,REG (Conf),W 71-66,*,28,1,4,.250,0,3,.000,1,1,1.000,.250,0,0,,2,1,3,2,2,0,0,3,2,3.5,Ma'Qhi Berry,https://www.sports-reference.com/cbb/players/maqhi-berry-1.html,long-beach-state,2020-21
5,66,6,2021-01-01,Long Beach State,@,Cal State Bakersfield,REG (Conf),W 61-57,*,29,0,1,.000,0,1,.000,0,0,,.000,1,2,.500,4,1,5,4,1,0,6,3,1,-0.4,Ma'Qhi Berry,https://www.sports-reference.com/cbb/players/maqhi-berry-1.html,long-beach-state,2020-21
6,67,7,2021-01-02,Long Beach State,@,Cal State Bakersfield,REG (Conf),W 68-59,*,30,1,4,.250,0,3,.000,1,1,1.000,.250,3,4,.750,4,0,4,1,4,1,0,2,5,9.6,Ma'Qhi Berry,https://www.sports-reference.com/cbb/players/maqhi-berry-1.html,long-beach-state,2020-21
7,68,8,2021-01-08,Long Beach State,,Cal State Fullerton,REG (Conf),W 69-50,*,26,7,13,.538,3,4,.750,4,9,.444,.654,2,3,.667,3,3,6,4,1,0,2,2,19,16.3,Ma'Qhi Berry,https://www.sports-reference.com/cbb/players/maqhi-berry-1.html,long-beach-state,2020-21
8,69,9,2021-01-09,Long Beach State,,Cal State Fullerton,REG (Conf),W 66-64,*,28,3,7,.429,0,1,.000,3,6,.500,.429,0,0,,1,1,2,1,4,0,2,3,6,4.8,Ma'Qhi Berry,https://www.sports-reference.com/cbb/players/maqhi-berry-1.html,long-beach-state,2020-21
9,70,12,2021-02-05,Long Beach State,,UC Santa Barbara,REG (Conf),W 61-49,*,22,2,5,.400,0,2,.000,2,3,.667,.400,3,5,.600,1,0,1,1,1,0,1,0,7,4.9,Ma'Qhi Berry,https://www.sports-reference.com/cbb/players/maqhi-berry-1.html,long-beach-state,2020-21
10,71,13,2021-02-06,Long Beach State,,UC Santa Barbara,REG (Conf),W 70-55,*,25,4,9,.444,0,3,.000,4,6,.667,.444,3,4,.750,2,1,3,2,0,0,1,1,11,7.6,Ma'Qhi Berry,https://www.sports-reference.com/cbb/players/maqhi-berry-1.html,long-beach-state,2020-21
11,72,14,2021-02-12,Long Beach State,,UC Davis,REG (Conf),L 52-67,*,30,7,13,.538,1,2,.500,6,11,.545,.577,3,5,.600,2,2,4,2,2,1,2,2,18,14.2,Ma'Qhi Berry,https://www.sports-reference.com/cbb/players/maqhi-berry-1.html,long-beach-state,2020-21
12,73,15,2021-02-13,Long Beach State,,UC Davis,REG (Conf),L 50-67,*,26,3,6,.500,1,1,1.000,2,5,.400,.583,0,0,,1,1,2,0,0,0,2,3,7,1.8,Ma'Qhi Berry,https://www.sports-reference.com/cbb/players/maqhi-berry-1.html,long-beach-state,2020-21
13,74,16,2021-02-19,Long Beach State,@,Cal Poly,REG (Conf),L 44-55,*,30,1,6,.167,0,3,.000,1,3,.333,.167,0,2,.000,1,0,1,1,1,0,0,1,2,-0.6,Ma'Qhi Berry,https://www.sports-reference.com/cbb/players/maqhi-berry-1.html,long-beach-state,2020-21
14,75,17,2021-02-20,Long Beach State,@,Cal Poly,REG (Conf),L 42-45,*,34,2,5,.400,2,4,.500,0,1,.000,.600,1,2,.500,0,0,0,1,5,0,0,0,7,9.6,Ma'Qhi Berry,https://www.sports-reference.com/cbb/players/maqhi-berry-1.html,long-beach-state,2020-21
15,76,18,2021-02-26,Long Beach State,,Hawaii,REG (Conf),L 75-77,*,32,5,12,.417,2,3,.667,3,9,.333,.500,4,6,.667,2,4,6,7,4,0,1,3,16,18.1,Ma'Qhi Berry,https://www.sports-reference.com/cbb/players/maqhi-berry-1.html,long-beach-state,2020-21
16,77,19,2021-02-27,Long Beach State,,Hawaii,REG (Conf),L 73-76 (OT),*,33,5,14,.357,0,4,.000,5,10,.500,.357,2,3,.667,2,5,7,2,1,0,1,1,12,7.7,Ma'Qhi Berry,https://www.sports-reference.com/cbb/players/maqhi-berry-1.html,long-beach-state,2020-21
17,78,20,2021-03-05,Long Beach State,@,UC Irvine,REG (Conf),L 70-79,*,21,2,5,.400,0,1,.000,2,4,.500,.400,3,3,1.000,1,3,4,4,1,0,1,3,7,7.5,Ma'Qhi Berry,https://www.sports-reference.com/cbb/players/maqhi-berry-1.html,long-beach-state,2020-21
18,79,21,2021-03-06,Long Beach State,@,UC Irvine,REG (Conf),W 80-62,*,25,5,8,.625,0,0,,5,8,.625,.625,0,0,,0,0,0,6,3,0,0,2,10,12.8,Ma'Qhi Berry,https://www.sports-reference.com/cbb/players/maqhi-berry-1.html,long-beach-state,2020-21
19,80,22,2021-03-10,Long Beach State,,Cal Poly,CTOURN,L 60-61,*,38,4,9,.444,1,1,1.000,3,8,.375,.500,0,2,.000,0,3,3,3,2,1,3,1,9,5.8,Ma'Qhi Berry,https://www.sports-reference.com/cbb/players/maqhi-berry-1.html,long-beach-state,2020-21
