ranker,player_game_num_career,team_game_num_season,date,team_name_abbr,game_location,opp_name_abbr,game_type,game_result,is_starter,mp,fg,fga,fg_pct,fg3,fg3a,fg2,fg2a,fg2_pct,efg_pct,ft,fta,ft_pct,orb,drb,trb,ast,stl,blk,tov,pf,pts,game_score,player_name,player_sr_link,school,season
1,57,3,2020-12-23,Long Beach State,@,Southern California,REG (Non-Conf),L 65-71,,21,3,9,.333,0,0,3,9,.333,.333,2,4,.500,2,5,7,0,2,0,2,5,8,3.0,Myrrah Joseph,https://www.sports-reference.com/cbb/players/myrrah-joseph-1.html,long-beach-state,2020-21
2,58,4,2020-12-27,Long Beach State,,UC Riverside,REG (Conf),W 74-44,,27,4,7,.571,0,0,4,7,.571,.571,0,0,,2,3,5,7,2,0,2,5,8,9.9,Myrrah Joseph,https://www.sports-reference.com/cbb/players/myrrah-joseph-1.html,long-beach-state,2020-21
3,59,5,2020-12-29,Long Beach State,@,UC Riverside,REG (Conf),W 71-66,,23,5,7,.714,0,0,5,7,.714,.714,0,0,,1,3,4,0,0,1,2,2,10,6.6,Myrrah Joseph,https://www.sports-reference.com/cbb/players/myrrah-joseph-1.html,long-beach-state,2020-21
4,60,6,2021-01-01,Long Beach State,@,Cal State Bakersfield,REG (Conf),W 61-57,,18,2,3,.667,0,0,2,3,.667,.667,0,0,,3,3,6,0,0,0,4,2,4,0.9,Myrrah Joseph,https://www.sports-reference.com/cbb/players/myrrah-joseph-1.html,long-beach-state,2020-21
5,61,7,2021-01-02,Long Beach State,@,Cal State Bakersfield,REG (Conf),W 68-59,,28,5,9,.556,0,0,5,9,.556,.556,2,7,.286,2,2,4,1,0,0,1,5,12,5.4,Myrrah Joseph,https://www.sports-reference.com/cbb/players/myrrah-joseph-1.html,long-beach-state,2020-21
6,62,8,2021-01-08,Long Beach State,,Cal State Fullerton,REG (Conf),W 69-50,,17,2,4,.500,0,0,2,4,.500,.500,0,0,,0,1,1,2,2,0,2,4,4,2.1,Myrrah Joseph,https://www.sports-reference.com/cbb/players/myrrah-joseph-1.html,long-beach-state,2020-21
7,63,9,2021-01-09,Long Beach State,,Cal State Fullerton,REG (Conf),W 66-64,,11,3,4,.750,0,0,3,4,.750,.750,1,2,.500,1,1,2,0,1,0,2,5,7,3.0,Myrrah Joseph,https://www.sports-reference.com/cbb/players/myrrah-joseph-1.html,long-beach-state,2020-21
8,64,10,2021-01-29,Long Beach State,@,UC San Diego,REG (Conf),W 54-50,,24,2,6,.333,0,0,2,6,.333,.333,1,2,.500,1,7,8,3,4,0,4,3,5,4.9,Myrrah Joseph,https://www.sports-reference.com/cbb/players/myrrah-joseph-1.html,long-beach-state,2020-21
9,65,11,2021-01-30,Long Beach State,@,UC San Diego,REG (Conf),W 74-53,*,15,3,3,1.000,0,0,3,3,1.000,1.000,4,5,.800,0,3,3,0,1,0,3,3,10,6.4,Myrrah Joseph,https://www.sports-reference.com/cbb/players/myrrah-joseph-1.html,long-beach-state,2020-21
10,66,12,2021-02-05,Long Beach State,,UC Santa Barbara,REG (Conf),W 61-49,*,16,2,10,.200,0,0,2,10,.200,.200,0,0,,3,2,5,0,0,0,2,4,4,-3.1,Myrrah Joseph,https://www.sports-reference.com/cbb/players/myrrah-joseph-1.html,long-beach-state,2020-21
