ranker,player_game_num_career,team_game_num_season,date,team_name_abbr,game_location,opp_name_abbr,game_type,game_result,is_starter,mp,fg,fga,fg_pct,fg3,fg3a,fg3_pct,fg2,fg2a,fg2_pct,efg_pct,ft,fta,ft_pct,orb,drb,trb,ast,stl,blk,tov,pf,pts,game_score,player_name,player_sr_link,school,season
1,63,1,2020-12-12,Long Beach State,,Westmont,REG (Non-Conf),W 70-59,*,38,5,19,.263,4,11,.364,1,8,.125,.368,0,0,,1,2,3,2,2,1,1,2,14,6.3,Naomi Hunt,https://www.sports-reference.com/cbb/players/naomi-hunt-1.html,long-beach-state,2020-21
2,64,3,2020-12-23,Long Beach State,@,Southern California,REG (Non-Conf),L 65-71,*,40,7,18,.389,5,12,.417,2,6,.333,.528,0,0,,2,6,8,6,2,0,2,2,19,15.8,Naomi Hunt,https://www.sports-reference.com/cbb/players/naomi-hunt-1.html,long-beach-state,2020-21
3,65,4,2020-12-27,Long Beach State,,UC Riverside,REG (Conf),W 74-44,*,34,8,14,.571,3,6,.500,5,8,.625,.679,1,1,1.000,0,8,8,1,3,0,2,4,20,15.9,Naomi Hunt,https://www.sports-reference.com/cbb/players/naomi-hunt-1.html,long-beach-state,2020-21
4,66,5,2020-12-29,Long Beach State,@,UC Riverside,REG (Conf),W 71-66,*,36,4,11,.364,3,9,.333,1,2,.500,.500,0,0,,0,3,3,2,0,0,5,1,11,1.8,Naomi Hunt,https://www.sports-reference.com/cbb/players/naomi-hunt-1.html,long-beach-state,2020-21
5,67,6,2021-01-01,Long Beach State,@,Cal State Bakersfield,REG (Conf),W 61-57,*,30,4,9,.444,1,3,.333,3,6,.500,.500,0,1,.000,1,1,2,2,3,0,1,4,9,6.7,Naomi Hunt,https://www.sports-reference.com/cbb/players/naomi-hunt-1.html,long-beach-state,2020-21
6,68,7,2021-01-02,Long Beach State,@,Cal State Bakersfield,REG (Conf),W 68-59,*,33,2,12,.167,0,8,.000,2,4,.500,.167,5,6,.833,0,7,7,0,1,0,0,3,9,2.9,Naomi Hunt,https://www.sports-reference.com/cbb/players/naomi-hunt-1.html,long-beach-state,2020-21
7,69,8,2021-01-08,Long Beach State,,Cal State Fullerton,REG (Conf),W 69-50,*,25,2,12,.167,0,6,.000,2,6,.333,.167,0,0,,0,3,3,3,3,0,1,3,4,0.2,Naomi Hunt,https://www.sports-reference.com/cbb/players/naomi-hunt-1.html,long-beach-state,2020-21
8,70,9,2021-01-09,Long Beach State,,Cal State Fullerton,REG (Conf),W 66-64,*,37,7,12,.583,1,4,.250,6,8,.750,.625,4,4,1.000,1,3,4,0,0,0,3,4,19,10.4,Naomi Hunt,https://www.sports-reference.com/cbb/players/naomi-hunt-1.html,long-beach-state,2020-21
9,71,10,2021-01-29,Long Beach State,@,UC San Diego,REG (Conf),W 54-50,*,23,1,7,.143,0,2,.000,1,5,.200,.143,0,2,.000,0,2,2,0,0,0,1,1,2,-4.1,Naomi Hunt,https://www.sports-reference.com/cbb/players/naomi-hunt-1.html,long-beach-state,2020-21
10,72,14,2021-02-12,Long Beach State,,UC Davis,REG (Conf),L 52-67,,22,3,10,.300,0,5,.000,3,5,.600,.300,1,2,.500,0,3,3,1,2,0,3,3,7,0.2,Naomi Hunt,https://www.sports-reference.com/cbb/players/naomi-hunt-1.html,long-beach-state,2020-21
11,73,15,2021-02-13,Long Beach State,,UC Davis,REG (Conf),L 50-67,,8,1,3,.333,0,1,.000,1,2,.500,.333,2,4,.500,0,0,0,0,0,0,0,1,4,1.1,Naomi Hunt,https://www.sports-reference.com/cbb/players/naomi-hunt-1.html,long-beach-state,2020-21
12,74,16,2021-02-19,Long Beach State,@,Cal Poly,REG (Conf),L 44-55,*,39,3,13,.231,1,8,.125,2,5,.400,.269,1,3,.333,2,6,8,0,1,0,2,2,8,0.7,Naomi Hunt,https://www.sports-reference.com/cbb/players/naomi-hunt-1.html,long-beach-state,2020-21
13,75,17,2021-02-20,Long Beach State,@,Cal Poly,REG (Conf),L 42-45,*,34,3,8,.375,2,5,.400,1,3,.333,.500,1,2,.500,0,2,2,1,2,0,1,2,9,5.7,Naomi Hunt,https://www.sports-reference.com/cbb/players/naomi-hunt-1.html,long-beach-state,2020-21
14,76,18,2021-02-26,Long Beach State,,Hawaii,REG (Conf),L 75-77,*,35,7,18,.389,4,8,.500,3,10,.300,.500,0,0,,0,6,6,1,1,0,0,3,18,10.5,Naomi Hunt,https://www.sports-reference.com/cbb/players/naomi-hunt-1.html,long-beach-state,2020-21
15,77,19,2021-02-27,Long Beach State,,Hawaii,REG (Conf),L 73-76 (OT),*,42,5,13,.385,1,6,.167,4,7,.571,.423,0,2,.000,0,3,3,2,3,0,0,2,11,7.6,Naomi Hunt,https://www.sports-reference.com/cbb/players/naomi-hunt-1.html,long-beach-state,2020-21
16,78,20,2021-03-05,Long Beach State,@,UC Irvine,REG (Conf),L 70-79,*,33,8,13,.615,3,6,.500,5,7,.714,.731,2,5,.400,0,4,4,1,1,1,5,3,21,11.3,Naomi Hunt,https://www.sports-reference.com/cbb/players/naomi-hunt-1.html,long-beach-state,2020-21
17,79,21,2021-03-06,Long Beach State,@,UC Irvine,REG (Conf),W 80-62,*,31,8,9,.889,4,4,1.000,4,5,.800,1.111,1,2,.500,0,2,2,1,4,0,2,1,21,20.4,Naomi Hunt,https://www.sports-reference.com/cbb/players/naomi-hunt-1.html,long-beach-state,2020-21
18,80,22,2021-03-10,Long Beach State,,Cal Poly,CTOURN,L 60-61,*,35,4,13,.308,2,8,.250,2,5,.400,.385,4,4,1.000,0,2,2,1,2,0,1,2,14,8.0,Naomi Hunt,https://www.sports-reference.com/cbb/players/naomi-hunt-1.html,long-beach-state,2020-21
