ranker,player_game_num_career,team_game_num_season,date,team_name_abbr,game_location,opp_name_abbr,game_type,game_result,is_starter,mp,fg,fga,fg_pct,fg3,fg3a,fg3_pct,fg2,fg2a,fg2_pct,efg_pct,ft,fta,ft_pct,orb,drb,trb,ast,stl,blk,tov,pf,pts,game_score,player_name,player_sr_link,school,season
1,1,1,2020-12-12,Long Beach State,,Westmont,REG (Non-Conf),W 70-59,,25,3,7,.429,2,3,.667,1,4,.250,.571,0,0,,1,4,5,1,2,0,1,0,8,7.9,Patricia Chung,https://www.sports-reference.com/cbb/players/patricia-chung-1.html,long-beach-state,2020-21
2,2,3,2020-12-23,Long Beach State,@,Southern California,REG (Non-Conf),L 65-71,,19,2,2,1.000,1,1,1.000,1,1,1.000,1.250,3,3,1.000,0,0,0,0,0,0,0,2,8,6.6,Patricia Chung,https://www.sports-reference.com/cbb/players/patricia-chung-1.html,long-beach-state,2020-21
3,3,4,2020-12-27,Long Beach State,,UC Riverside,REG (Conf),W 74-44,,27,3,9,.333,0,1,.000,3,8,.375,.333,0,0,,0,1,1,2,3,0,2,1,6,3.2,Patricia Chung,https://www.sports-reference.com/cbb/players/patricia-chung-1.html,long-beach-state,2020-21
4,4,5,2020-12-29,Long Beach State,@,UC Riverside,REG (Conf),W 71-66,,19,4,7,.571,0,2,.000,4,5,.800,.571,2,2,1.000,0,4,4,2,0,0,1,2,10,7.5,Patricia Chung,https://www.sports-reference.com/cbb/players/patricia-chung-1.html,long-beach-state,2020-21
5,5,6,2021-01-01,Long Beach State,@,Cal State Bakersfield,REG (Conf),W 61-57,,20,3,7,.429,1,3,.333,2,4,.500,.500,2,2,1.000,1,4,5,2,1,0,2,1,9,7.2,Patricia Chung,https://www.sports-reference.com/cbb/players/patricia-chung-1.html,long-beach-state,2020-21
6,6,7,2021-01-02,Long Beach State,@,Cal State Bakersfield,REG (Conf),W 68-59,,16,3,4,.750,2,3,.667,1,1,1.000,1.000,4,4,1.000,2,4,6,1,0,0,3,2,12,9.9,Patricia Chung,https://www.sports-reference.com/cbb/players/patricia-chung-1.html,long-beach-state,2020-21
7,7,8,2021-01-08,Long Beach State,,Cal State Fullerton,REG (Conf),W 69-50,,24,4,9,.444,1,3,.333,3,6,.500,.500,0,0,,0,3,3,1,2,0,2,2,9,5.1,Patricia Chung,https://www.sports-reference.com/cbb/players/patricia-chung-1.html,long-beach-state,2020-21
8,8,9,2021-01-09,Long Beach State,,Cal State Fullerton,REG (Conf),W 66-64,,18,2,5,.400,0,0,,2,5,.400,.400,0,0,,0,3,3,0,1,0,0,2,4,2.4,Patricia Chung,https://www.sports-reference.com/cbb/players/patricia-chung-1.html,long-beach-state,2020-21
9,9,10,2021-01-29,Long Beach State,@,UC San Diego,REG (Conf),W 54-50,,33,6,9,.667,1,2,.500,5,7,.714,.722,2,3,.667,1,7,8,3,0,0,3,0,15,12.6,Patricia Chung,https://www.sports-reference.com/cbb/players/patricia-chung-1.html,long-beach-state,2020-21
10,10,11,2021-01-30,Long Beach State,@,UC San Diego,REG (Conf),W 74-53,*,37,7,11,.636,1,3,.333,6,8,.750,.682,0,0,,1,2,3,2,1,0,3,1,15,10.4,Patricia Chung,https://www.sports-reference.com/cbb/players/patricia-chung-1.html,long-beach-state,2020-21
11,11,12,2021-02-05,Long Beach State,,UC Santa Barbara,REG (Conf),W 61-49,,26,3,8,.375,0,2,.000,3,6,.500,.375,0,0,,2,4,6,0,0,0,0,1,6,3.8,Patricia Chung,https://www.sports-reference.com/cbb/players/patricia-chung-1.html,long-beach-state,2020-21
12,12,13,2021-02-06,Long Beach State,,UC Santa Barbara,REG (Conf),W 70-55,,31,6,12,.500,0,1,.000,6,11,.545,.500,1,2,.500,0,2,2,2,0,0,0,1,13,8.2,Patricia Chung,https://www.sports-reference.com/cbb/players/patricia-chung-1.html,long-beach-state,2020-21
13,13,14,2021-02-12,Long Beach State,,UC Davis,REG (Conf),L 52-67,,18,0,5,.000,0,2,.000,0,3,.000,.000,2,2,1.000,1,0,1,0,3,0,0,0,2,2.2,Patricia Chung,https://www.sports-reference.com/cbb/players/patricia-chung-1.html,long-beach-state,2020-21
14,14,15,2021-02-13,Long Beach State,,UC Davis,REG (Conf),L 50-67,,7,0,2,.000,0,1,.000,0,1,.000,.000,0,0,,0,1,1,0,0,0,0,3,0,-2.3,Patricia Chung,https://www.sports-reference.com/cbb/players/patricia-chung-1.html,long-beach-state,2020-21
15,15,16,2021-02-19,Long Beach State,@,Cal Poly,REG (Conf),L 44-55,,9,0,1,.000,0,0,,0,1,.000,.000,2,2,1.000,0,1,1,0,0,0,1,0,2,0.6,Patricia Chung,https://www.sports-reference.com/cbb/players/patricia-chung-1.html,long-beach-state,2020-21
16,16,17,2021-02-20,Long Beach State,@,Cal Poly,REG (Conf),L 42-45,,8,0,1,.000,0,0,,0,1,.000,.000,0,0,,0,0,0,0,0,0,0,0,0,-0.7,Patricia Chung,https://www.sports-reference.com/cbb/players/patricia-chung-1.html,long-beach-state,2020-21
17,17,18,2021-02-26,Long Beach State,,Hawaii,REG (Conf),L 75-77,,16,3,9,.333,0,1,.000,3,8,.375,.333,2,2,1.000,0,3,3,0,0,0,1,0,8,2.8,Patricia Chung,https://www.sports-reference.com/cbb/players/patricia-chung-1.html,long-beach-state,2020-21
18,18,19,2021-02-27,Long Beach State,,Hawaii,REG (Conf),L 73-76 (OT),*,8,1,2,.500,0,0,,1,2,.500,.500,0,0,,1,0,1,0,0,0,0,0,2,1.7,Patricia Chung,https://www.sports-reference.com/cbb/players/patricia-chung-1.html,long-beach-state,2020-21
19,19,20,2021-03-05,Long Beach State,@,UC Irvine,REG (Conf),L 70-79,*,25,2,7,.286,0,1,.000,2,6,.333,.286,2,2,1.000,2,0,2,3,1,0,0,0,6,6.4,Patricia Chung,https://www.sports-reference.com/cbb/players/patricia-chung-1.html,long-beach-state,2020-21
20,20,21,2021-03-06,Long Beach State,@,UC Irvine,REG (Conf),W 80-62,,11,0,2,.000,0,0,,0,2,.000,.000,2,4,.500,0,0,0,1,0,0,2,2,2,-2.3,Patricia Chung,https://www.sports-reference.com/cbb/players/patricia-chung-1.html,long-beach-state,2020-21
21,21,22,2021-03-10,Long Beach State,,Cal Poly,CTOURN,L 60-61,,2,0,1,.000,0,0,,0,1,.000,.000,0,0,,0,0,0,0,0,0,0,0,0,-0.7,Patricia Chung,https://www.sports-reference.com/cbb/players/patricia-chung-1.html,long-beach-state,2020-21
