ranker,player_game_num_career,team_game_num_season,date,team_name_abbr,game_location,opp_name_abbr,game_type,game_result,is_starter,mp,fg,fga,fg_pct,fg3,fg3a,fg3_pct,fg2,fg2a,fg2_pct,efg_pct,ft,fta,ft_pct,orb,drb,trb,ast,stl,blk,tov,pf,pts,game_score,player_name,player_sr_link,school,season
1,1,1,2020-12-12,Long Beach State,,Westmont,REG (Non-Conf),W 70-59,,9,0,2,.000,0,1,.000,0,1,.000,.000,3,4,.750,0,1,1,0,0,0,0,1,3,1.1,Savannah Tucker,https://www.sports-reference.com/cbb/players/savannah-tucker-1.html,long-beach-state,2020-21
2,2,4,2020-12-27,Long Beach State,,UC Riverside,REG (Conf),W 74-44,,14,3,5,.600,1,2,.500,2,3,.667,.700,0,0,,0,1,1,1,0,0,0,0,7,5.7,Savannah Tucker,https://www.sports-reference.com/cbb/players/savannah-tucker-1.html,long-beach-state,2020-21
3,3,5,2020-12-29,Long Beach State,@,UC Riverside,REG (Conf),W 71-66,,2,0,1,.000,0,0,,0,1,.000,.000,0,0,,0,0,0,0,0,0,0,1,0,-1.1,Savannah Tucker,https://www.sports-reference.com/cbb/players/savannah-tucker-1.html,long-beach-state,2020-21
4,4,6,2021-01-01,Long Beach State,@,Cal State Bakersfield,REG (Conf),W 61-57,,2,0,0,,0,0,,0,0,,,0,0,,0,0,0,0,0,0,0,0,0,0.0,Savannah Tucker,https://www.sports-reference.com/cbb/players/savannah-tucker-1.html,long-beach-state,2020-21
5,5,8,2021-01-08,Long Beach State,,Cal State Fullerton,REG (Conf),W 69-50,,11,0,4,.000,0,2,.000,0,2,.000,.000,0,2,.000,1,0,1,0,0,0,0,0,0,-2.9,Savannah Tucker,https://www.sports-reference.com/cbb/players/savannah-tucker-1.html,long-beach-state,2020-21
6,6,10,2021-01-29,Long Beach State,@,UC San Diego,REG (Conf),W 54-50,,10,0,1,.000,0,1,.000,0,0,,.000,0,0,,0,0,0,0,0,0,0,3,0,-1.9,Savannah Tucker,https://www.sports-reference.com/cbb/players/savannah-tucker-1.html,long-beach-state,2020-21
7,7,11,2021-01-30,Long Beach State,@,UC San Diego,REG (Conf),W 74-53,,27,3,9,.333,0,2,.000,3,7,.429,.333,2,6,.333,2,2,4,0,1,1,1,1,8,3.6,Savannah Tucker,https://www.sports-reference.com/cbb/players/savannah-tucker-1.html,long-beach-state,2020-21
8,8,12,2021-02-05,Long Beach State,,UC Santa Barbara,REG (Conf),W 61-49,,8,0,4,.000,0,2,.000,0,2,.000,.000,2,4,.500,1,3,4,0,0,0,0,0,2,0.0,Savannah Tucker,https://www.sports-reference.com/cbb/players/savannah-tucker-1.html,long-beach-state,2020-21
9,9,13,2021-02-06,Long Beach State,,UC Santa Barbara,REG (Conf),W 70-55,,6,1,2,.500,1,1,1.000,0,1,.000,.750,0,0,,0,0,0,0,0,0,0,0,3,2.0,Savannah Tucker,https://www.sports-reference.com/cbb/players/savannah-tucker-1.html,long-beach-state,2020-21
10,10,14,2021-02-12,Long Beach State,,UC Davis,REG (Conf),L 52-67,,4,0,0,,0,0,,0,0,,,0,0,,0,1,1,0,0,0,1,2,0,-1.5,Savannah Tucker,https://www.sports-reference.com/cbb/players/savannah-tucker-1.html,long-beach-state,2020-21
11,11,15,2021-02-13,Long Beach State,,UC Davis,REG (Conf),L 50-67,,23,1,4,.250,0,2,.000,1,2,.500,.250,2,2,1.000,1,1,2,0,1,0,0,1,4,3.2,Savannah Tucker,https://www.sports-reference.com/cbb/players/savannah-tucker-1.html,long-beach-state,2020-21
12,12,17,2021-02-20,Long Beach State,@,Cal Poly,REG (Conf),L 42-45,,6,2,4,.500,0,1,.000,2,3,.667,.500,0,0,,1,0,1,0,0,0,0,0,4,2.7,Savannah Tucker,https://www.sports-reference.com/cbb/players/savannah-tucker-1.html,long-beach-state,2020-21
13,13,18,2021-02-26,Long Beach State,,Hawaii,REG (Conf),L 75-77,,4,0,1,.000,0,0,,0,1,.000,.000,0,0,,0,1,1,0,0,0,0,1,0,-0.8,Savannah Tucker,https://www.sports-reference.com/cbb/players/savannah-tucker-1.html,long-beach-state,2020-21
14,14,19,2021-02-27,Long Beach State,,Hawaii,REG (Conf),L 73-76 (OT),,20,0,5,.000,0,3,.000,0,2,.000,.000,4,4,1.000,2,3,5,2,0,2,0,4,4,4.0,Savannah Tucker,https://www.sports-reference.com/cbb/players/savannah-tucker-1.html,long-beach-state,2020-21
15,15,20,2021-03-05,Long Beach State,@,UC Irvine,REG (Conf),L 70-79,,2,0,0,,0,0,,0,0,,,0,0,,0,0,0,0,0,0,1,0,0,-1.0,Savannah Tucker,https://www.sports-reference.com/cbb/players/savannah-tucker-1.html,long-beach-state,2020-21
16,16,21,2021-03-06,Long Beach State,@,UC Irvine,REG (Conf),W 80-62,*,17,1,2,.500,0,1,.000,1,1,1.000,.500,4,6,.667,0,2,2,0,2,0,1,4,6,4.2,Savannah Tucker,https://www.sports-reference.com/cbb/players/savannah-tucker-1.html,long-beach-state,2020-21
17,17,22,2021-03-10,Long Beach State,,Cal Poly,CTOURN,L 60-61,*,4,0,0,,0,0,,0,0,,,0,0,,0,0,0,0,0,0,0,1,0,-0.4,Savannah Tucker,https://www.sports-reference.com/cbb/players/savannah-tucker-1.html,long-beach-state,2020-21
