ranker,player_game_num_career,team_game_num_season,date,team_name_abbr,game_location,opp_name_abbr,game_type,game_result,is_starter,mp,fg,fga,fg_pct,fg3,fg3a,fg3_pct,fg2,fg2a,fg2_pct,efg_pct,ft,fta,ft_pct,orb,drb,trb,ast,stl,blk,tov,pf,pts,game_score,player_name,player_sr_link,school,season
1,1,1,2021-11-09,Brigham Young,,Lipscomb,REG (Non-Conf),W 81-58,,8,1,4,.250,1,3,.333,0,1,.000,.375,0,0,,0,3,3,0,0,0,1,3,3,-0.7,Nani Falatea,https://www.sports-reference.com/cbb/players/nani-falatea-1.html,brigham-young,2021-22
2,2,2,2021-11-13,Brigham Young,,Fresno State,REG (Non-Conf),W 80-64,,6,0,1,.000,0,0,,0,1,.000,.000,0,0,,1,2,3,1,0,0,0,1,0,0.9,Nani Falatea,https://www.sports-reference.com/cbb/players/nani-falatea-1.html,brigham-young,2021-22
3,3,3,2021-11-17,Brigham Young,,Arizona State,REG (Non-Conf),W 55-44,,10,0,1,.000,0,0,,0,1,.000,.000,0,0,,0,0,0,1,1,0,1,0,0,0.0,Nani Falatea,https://www.sports-reference.com/cbb/players/nani-falatea-1.html,brigham-young,2021-22
4,4,4,2021-11-20,Brigham Young,,Boise State,REG (Non-Conf),W 84-40,,16,5,5,1.000,4,4,1.000,1,1,1.000,1.400,0,0,,0,1,1,1,0,1,2,0,14,12.2,Nani Falatea,https://www.sports-reference.com/cbb/players/nani-falatea-1.html,brigham-young,2021-22
5,5,5,2021-11-23,Brigham Young,,Utah State,REG (Non-Conf),W 101-74,,18,1,3,.333,1,2,.500,0,1,.000,.500,2,2,1.000,0,5,5,2,1,0,1,1,5,5.8,Nani Falatea,https://www.sports-reference.com/cbb/players/nani-falatea-1.html,brigham-young,2021-22
6,6,6,2021-11-25,Brigham Young,,Florida State,REG (Non-Conf),W 61-54,,10,1,3,.333,1,2,.500,0,1,.000,.500,0,0,,0,1,1,0,1,0,2,2,3,-0.2,Nani Falatea,https://www.sports-reference.com/cbb/players/nani-falatea-1.html,brigham-young,2021-22
7,7,7,2021-11-27,Brigham Young,@,West Virginia,REG (Non-Conf),W 58-57,,17,0,1,.000,0,1,.000,0,0,,.000,0,0,,0,1,1,0,3,0,1,2,0,0.8,Nani Falatea,https://www.sports-reference.com/cbb/players/nani-falatea-1.html,brigham-young,2021-22
8,8,8,2021-12-04,Brigham Young,@,Utah,REG (Non-Conf),W 85-80,,14,0,1,.000,0,0,,0,1,.000,.000,0,0,,0,2,2,0,0,0,0,0,0,-0.1,Nani Falatea,https://www.sports-reference.com/cbb/players/nani-falatea-1.html,brigham-young,2021-22
9,9,9,2021-12-10,Brigham Young,@,Oklahoma,REG (Non-Conf),L 91-99 (OT),,4,0,1,.000,0,1,.000,0,0,,.000,0,0,,0,0,0,0,0,0,1,2,0,-2.5,Nani Falatea,https://www.sports-reference.com/cbb/players/nani-falatea-1.html,brigham-young,2021-22
10,10,10,2021-12-18,Brigham Young,,Washington State,REG (Non-Conf),W 71-53,,6,0,0,,0,0,,0,0,,,2,2,1.000,0,0,0,1,0,0,0,1,2,2.3,Nani Falatea,https://www.sports-reference.com/cbb/players/nani-falatea-1.html,brigham-young,2021-22
11,11,11,2021-12-21,Brigham Young,@,Montana State,REG (Non-Conf),W 89-67,,12,1,4,.250,0,3,.000,1,1,1.000,.250,0,0,,0,4,4,2,0,0,2,0,2,0.2,Nani Falatea,https://www.sports-reference.com/cbb/players/nani-falatea-1.html,brigham-young,2021-22
12,12,12,2022-01-06,Brigham Young,@,San Francisco,REG (Conf),W 76-64,,12,1,5,.200,0,2,.000,1,3,.333,.200,0,0,,1,0,1,3,2,0,0,3,2,2.5,Nani Falatea,https://www.sports-reference.com/cbb/players/nani-falatea-1.html,brigham-young,2021-22
13,13,13,2022-01-08,Brigham Young,,Pacific,REG (Conf),W 94-68,,17,4,8,.500,2,4,.500,2,4,.500,.625,0,0,,0,3,3,2,2,0,0,1,10,9.9,Nani Falatea,https://www.sports-reference.com/cbb/players/nani-falatea-1.html,brigham-young,2021-22
14,14,14,2022-01-13,Brigham Young,,St. Mary's (CA),REG (Conf),W 78-36,,14,1,3,.333,1,2,.500,0,1,.000,.500,0,0,,0,2,2,0,1,0,1,0,3,1.9,Nani Falatea,https://www.sports-reference.com/cbb/players/nani-falatea-1.html,brigham-young,2021-22
15,15,15,2022-01-15,Brigham Young,@,Loyola Marymount,REG (Conf),W 77-37,,12,2,2,1.000,1,1,1.000,1,1,1.000,1.250,0,0,,0,1,1,0,0,0,1,1,5,3.3,Nani Falatea,https://www.sports-reference.com/cbb/players/nani-falatea-1.html,brigham-young,2021-22
16,16,16,2022-01-22,Brigham Young,@,San Diego,REG (Conf),W 74-63,,14,1,3,.333,1,2,.500,0,1,.000,.500,0,2,.000,0,1,1,2,1,0,0,2,3,2.4,Nani Falatea,https://www.sports-reference.com/cbb/players/nani-falatea-1.html,brigham-young,2021-22
17,17,17,2022-01-24,Brigham Young,,San Diego,REG (Conf),W 70-48,,10,1,2,.500,1,1,1.000,0,1,.000,.750,0,0,,0,0,0,0,0,0,1,2,3,0.2,Nani Falatea,https://www.sports-reference.com/cbb/players/nani-falatea-1.html,brigham-young,2021-22
18,18,18,2022-01-27,Brigham Young,,Santa Clara,REG (Conf),W 76-44,,12,2,3,.667,1,1,1.000,1,2,.500,.833,0,0,,0,1,1,2,2,1,1,0,5,7.1,Nani Falatea,https://www.sports-reference.com/cbb/players/nani-falatea-1.html,brigham-young,2021-22
19,19,19,2022-01-29,Brigham Young,,San Francisco,REG (Conf),W 99-58,,9,3,3,1.000,3,3,1.000,0,0,,1.500,0,0,,1,3,4,1,2,0,0,0,9,12.4,Nani Falatea,https://www.sports-reference.com/cbb/players/nani-falatea-1.html,brigham-young,2021-22
20,20,20,2022-02-03,Brigham Young,@,Portland,REG (Conf),L 64-75,,10,0,2,.000,0,2,.000,0,0,,.000,0,0,,0,0,0,0,0,0,1,3,0,-3.6,Nani Falatea,https://www.sports-reference.com/cbb/players/nani-falatea-1.html,brigham-young,2021-22
21,21,21,2022-02-05,Brigham Young,@,Gonzaga,REG (Conf),W 62-50,,5,0,1,.000,0,1,.000,0,0,,.000,0,0,,0,0,0,0,0,0,0,0,0,-0.7,Nani Falatea,https://www.sports-reference.com/cbb/players/nani-falatea-1.html,brigham-young,2021-22
22,22,22,2022-02-10,Brigham Young,,Pepperdine,REG (Conf),W 104-53,,17,2,4,.500,1,2,.500,1,2,.500,.625,0,0,,0,2,2,1,2,0,2,4,5,2.7,Nani Falatea,https://www.sports-reference.com/cbb/players/nani-falatea-1.html,brigham-young,2021-22
23,23,23,2022-02-12,Brigham Young,@,St. Mary's (CA),REG (Conf),W 84-69,,4,0,0,,0,0,,0,0,,,0,0,,0,0,0,1,0,0,0,1,0,0.3,Nani Falatea,https://www.sports-reference.com/cbb/players/nani-falatea-1.html,brigham-young,2021-22
24,24,24,2022-02-17,Brigham Young,,Loyola Marymount,REG (Conf),W 77-54,,14,2,2,1.000,1,1,1.000,1,1,1.000,1.250,0,0,,0,1,1,4,0,0,0,1,5,7.1,Nani Falatea,https://www.sports-reference.com/cbb/players/nani-falatea-1.html,brigham-young,2021-22
25,25,25,2022-02-19,Brigham Young,,Gonzaga,REG (Conf),W 63-39,,11,2,2,1.000,1,1,1.000,1,1,1.000,1.250,0,0,,0,1,1,0,0,1,1,2,5,3.6,Nani Falatea,https://www.sports-reference.com/cbb/players/nani-falatea-1.html,brigham-young,2021-22
26,26,26,2022-02-24,Brigham Young,@,Santa Clara,REG (Conf),W 103-66,,8,1,1,1.000,1,1,1.000,0,0,,1.500,0,0,,0,0,0,0,0,0,1,0,3,1.7,Nani Falatea,https://www.sports-reference.com/cbb/players/nani-falatea-1.html,brigham-young,2021-22
27,27,29,2022-03-08,Brigham Young,,Gonzaga,CTOURN,L 59-71,,6,1,2,.500,0,1,.000,1,1,1.000,.500,0,0,,0,0,0,0,1,0,1,3,2,-0.2,Nani Falatea,https://www.sports-reference.com/cbb/players/nani-falatea-1.html,brigham-young,2021-22
28,28,30,2022-03-19,Brigham Young,,Villanova,ROUND-64,L 57-61,,5,0,1,.000,0,1,.000,0,0,,.000,0,0,,0,0,0,1,0,0,0,2,0,-0.8,Nani Falatea,https://www.sports-reference.com/cbb/players/nani-falatea-1.html,brigham-young,2021-22
