ranker,player_game_num_career,team_game_num_season,date,team_name_abbr,game_location,opp_name_abbr,game_type,game_result,is_starter,mp,fg,fga,fg_pct,fg3,fg3a,fg3_pct,fg2,fg2a,fg2_pct,efg_pct,ft,fta,ft_pct,orb,drb,trb,ast,stl,blk,tov,pf,pts,game_score,player_name,player_sr_link,school,season
1,20,1,2021-11-09,George Mason,@,Florida International,REG (Non-Conf),W 69-67,,30,2,6,.333,0,2,.000,2,4,.500,.333,4,8,.500,0,1,1,7,0,0,3,2,8,4.4,Jayla Adams,https://www.sports-reference.com/cbb/players/jayla-adams-1.html,george-mason,2021-22
2,21,2,2021-11-12,George Mason,@,Loyola (MD),REG (Non-Conf),W 53-51,,24,1,4,.250,0,1,.000,1,3,.333,.250,0,0,,1,4,5,4,1,0,3,1,2,1.9,Jayla Adams,https://www.sports-reference.com/cbb/players/jayla-adams-1.html,george-mason,2021-22
3,22,3,2021-11-14,George Mason,,Virginia Tech,REG (Non-Conf),L 52-81,,23,2,8,.250,1,2,.500,1,6,.167,.313,3,6,.500,0,3,3,1,0,0,2,0,8,1.6,Jayla Adams,https://www.sports-reference.com/cbb/players/jayla-adams-1.html,george-mason,2021-22
4,23,4,2021-11-16,George Mason,@,Charleston Southern,REG (Non-Conf),W 64-55,,20,1,5,.200,0,1,.000,1,4,.250,.200,0,0,,1,2,3,4,1,0,2,2,2,1.2,Jayla Adams,https://www.sports-reference.com/cbb/players/jayla-adams-1.html,george-mason,2021-22
5,24,5,2021-11-19,George Mason,@,William & Mary,REG (Non-Conf),L 54-65 (OT),,36,1,6,.167,1,3,.333,0,3,.000,.250,3,4,.750,0,2,2,4,2,0,0,4,6,5.6,Jayla Adams,https://www.sports-reference.com/cbb/players/jayla-adams-1.html,george-mason,2021-22
6,25,6,2021-11-23,George Mason,@,American,REG (Non-Conf),L 61-69,,12,0,1,.000,0,0,,0,1,.000,.000,0,0,,0,0,0,1,0,0,3,1,0,-3.4,Jayla Adams,https://www.sports-reference.com/cbb/players/jayla-adams-1.html,george-mason,2021-22
7,26,7,2021-11-27,George Mason,,Bowling Green,REG (Non-Conf),W 77-75 (OT),,24,2,7,.286,1,1,1.000,1,6,.167,.357,3,6,.500,0,2,2,7,0,0,4,3,8,3.0,Jayla Adams,https://www.sports-reference.com/cbb/players/jayla-adams-1.html,george-mason,2021-22
8,27,8,2021-11-28,George Mason,@,Navy,REG (Non-Conf),W 69-64,,18,1,4,.250,1,2,.500,0,2,.000,.375,2,2,1.000,1,1,2,3,0,0,0,1,5,5.3,Jayla Adams,https://www.sports-reference.com/cbb/players/jayla-adams-1.html,george-mason,2021-22
9,28,9,2021-12-01,George Mason,,Florida,REG (Non-Conf),W 75-71,,20,1,3,.333,0,1,.000,1,2,.500,.333,1,6,.167,0,5,5,6,1,0,2,0,3,4.0,Jayla Adams,https://www.sports-reference.com/cbb/players/jayla-adams-1.html,george-mason,2021-22
10,29,10,2021-12-06,George Mason,,Norfolk State,REG (Non-Conf),L 59-66,,30,2,3,.667,1,1,1.000,1,2,.500,.833,0,0,,0,5,5,5,0,2,4,3,5,4.9,Jayla Adams,https://www.sports-reference.com/cbb/players/jayla-adams-1.html,george-mason,2021-22
11,30,11,2021-12-18,George Mason,@,Bucknell,REG (Non-Conf),L 67-77,,26,4,9,.444,0,1,.000,4,8,.500,.444,2,2,1.000,0,2,2,3,2,0,3,1,10,6.6,Jayla Adams,https://www.sports-reference.com/cbb/players/jayla-adams-1.html,george-mason,2021-22
12,31,12,2021-12-20,George Mason,,James Madison,REG (Non-Conf),L 61-69,,15,0,5,.000,0,2,.000,0,3,.000,.000,1,2,.500,1,1,2,0,1,0,0,4,1,-2.5,Jayla Adams,https://www.sports-reference.com/cbb/players/jayla-adams-1.html,george-mason,2021-22
13,32,13,2022-01-12,George Mason,,Fordham,REG (Conf),L 64-73,*,37,5,10,.500,0,1,.000,5,9,.556,.500,1,3,.333,0,3,3,4,1,0,3,3,11,5.7,Jayla Adams,https://www.sports-reference.com/cbb/players/jayla-adams-1.html,george-mason,2021-22
14,33,14,2022-01-15,George Mason,@,Rhode Island,REG (Conf),L 49-59,*,35,0,8,.000,0,3,.000,0,5,.000,.000,3,4,.750,0,4,4,4,2,0,2,2,3,0.2,Jayla Adams,https://www.sports-reference.com/cbb/players/jayla-adams-1.html,george-mason,2021-22
15,34,15,2022-01-19,George Mason,,Richmond,REG (Conf),L 64-78,*,26,2,8,.250,0,3,.000,2,5,.400,.250,0,0,,1,2,3,1,0,0,2,3,4,-2.0,Jayla Adams,https://www.sports-reference.com/cbb/players/jayla-adams-1.html,george-mason,2021-22
16,35,16,2022-01-21,George Mason,,La Salle,REG (Conf),L 53-63,*,40,5,8,.625,0,0,,5,8,.625,.625,2,4,.500,1,4,5,6,1,0,1,1,12,13.3,Jayla Adams,https://www.sports-reference.com/cbb/players/jayla-adams-1.html,george-mason,2021-22
17,36,17,2022-01-23,George Mason,,St. Bonaventure,REG (Conf),L 74-81,*,29,5,10,.500,2,3,.667,3,7,.429,.600,2,2,1.000,0,2,2,1,1,0,5,3,14,5.1,Jayla Adams,https://www.sports-reference.com/cbb/players/jayla-adams-1.html,george-mason,2021-22
18,37,18,2022-01-26,George Mason,@,Duquesne,REG (Conf),L 55-67,*,31,1,5,.200,0,1,.000,1,4,.250,.200,2,2,1.000,0,1,1,2,0,0,2,1,4,0.2,Jayla Adams,https://www.sports-reference.com/cbb/players/jayla-adams-1.html,george-mason,2021-22
19,38,19,2022-01-29,George Mason,,George Washington,REG (Conf),W 52-46,*,28,1,5,.200,0,2,.000,1,3,.333,.200,1,2,.500,0,4,4,6,1,0,1,3,3,3.7,Jayla Adams,https://www.sports-reference.com/cbb/players/jayla-adams-1.html,george-mason,2021-22
20,39,20,2022-02-02,George Mason,@,Davidson,REG (Conf),W 58-50,*,38,3,9,.333,1,4,.250,2,5,.400,.389,1,2,.500,0,7,7,5,2,0,5,0,8,5.1,Jayla Adams,https://www.sports-reference.com/cbb/players/jayla-adams-1.html,george-mason,2021-22
21,40,21,2022-02-05,George Mason,@,Dayton,REG (Conf),L 44-84,*,29,0,4,.000,0,2,.000,0,2,.000,.000,1,2,.500,0,2,2,5,0,0,4,0,1,-2.1,Jayla Adams,https://www.sports-reference.com/cbb/players/jayla-adams-1.html,george-mason,2021-22
22,41,22,2022-02-11,George Mason,@,Massachusetts,REG (Conf),L 58-87,,24,2,8,.250,0,2,.000,2,6,.333,.250,2,2,1.000,0,4,4,5,1,0,3,0,6,3.9,Jayla Adams,https://www.sports-reference.com/cbb/players/jayla-adams-1.html,george-mason,2021-22
23,42,24,2022-02-16,George Mason,@,George Washington,REG (Conf),L 57-65,,30,3,7,.429,1,2,.500,2,5,.400,.500,0,2,.000,0,1,1,3,0,0,2,0,7,2.9,Jayla Adams,https://www.sports-reference.com/cbb/players/jayla-adams-1.html,george-mason,2021-22
24,43,25,2022-02-19,George Mason,,VCU,REG (Conf),L 56-67,,25,1,7,.143,1,4,.250,0,3,.000,.214,0,0,,0,2,2,4,1,0,3,0,3,-0.1,Jayla Adams,https://www.sports-reference.com/cbb/players/jayla-adams-1.html,george-mason,2021-22
25,44,26,2022-02-23,George Mason,,Saint Louis,REG (Conf),L 35-58,,15,0,5,.000,0,2,.000,0,3,.000,.000,0,0,,1,1,2,0,0,0,1,0,0,-3.5,Jayla Adams,https://www.sports-reference.com/cbb/players/jayla-adams-1.html,george-mason,2021-22
26,45,27,2022-02-26,George Mason,@,St. Bonaventure,REG (Conf),W 61-50,,21,3,9,.333,0,2,.000,3,7,.429,.333,1,1,1.000,0,0,0,3,1,0,2,0,7,3.0,Jayla Adams,https://www.sports-reference.com/cbb/players/jayla-adams-1.html,george-mason,2021-22
27,46,28,2022-03-02,George Mason,@,Saint Louis,CTOURN,W 65-50,,21,1,6,.167,0,1,.000,1,5,.200,.167,3,4,.750,0,4,4,1,0,0,3,0,5,-0.3,Jayla Adams,https://www.sports-reference.com/cbb/players/jayla-adams-1.html,george-mason,2021-22
28,47,29,2022-03-03,George Mason,@,Fordham,CTOURN,L 50-66,,25,0,9,.000,0,1,.000,0,8,.000,.000,0,0,,2,3,5,2,0,0,2,2,0,-5.4,Jayla Adams,https://www.sports-reference.com/cbb/players/jayla-adams-1.html,george-mason,2021-22
