ranker,player_game_num_career,team_game_num_season,date,team_name_abbr,game_location,opp_name_abbr,game_type,game_result,is_starter,mp,fg,fga,fg_pct,fg3,fg3a,fg2,fg2a,fg2_pct,efg_pct,ft,fta,ft_pct,orb,drb,trb,ast,stl,blk,tov,pf,pts,game_score,player_name,player_sr_link,school,season
1,67,1,2021-11-09,Long Beach State,,Biola,REG (Non-Conf),W 80-61,,14,2,2,1.000,0,0,2,2,1.000,1.000,0,0,,0,2,2,1,2,0,3,2,4,2.9,Myrrah Joseph,https://www.sports-reference.com/cbb/players/myrrah-joseph-1.html,long-beach-state,2021-22
2,68,2,2021-11-13,Long Beach State,@,Boise State,REG (Non-Conf),W 61-38,,17,4,5,.800,0,0,4,5,.800,.800,0,0,,2,0,2,3,0,0,1,4,8,7.0,Myrrah Joseph,https://www.sports-reference.com/cbb/players/myrrah-joseph-1.html,long-beach-state,2021-22
3,69,3,2021-11-18,Long Beach State,,Seattle,REG (Non-Conf),W 86-63,,3,0,0,,0,0,0,0,,,0,0,,0,0,0,1,0,0,0,1,0,0.3,Myrrah Joseph,https://www.sports-reference.com/cbb/players/myrrah-joseph-1.html,long-beach-state,2021-22
4,70,4,2021-11-21,Long Beach State,,Santa Clara,REG (Non-Conf),W 66-50,,12,2,2,1.000,0,0,2,2,1.000,1.000,1,4,.250,1,0,1,1,0,0,0,3,5,3.4,Myrrah Joseph,https://www.sports-reference.com/cbb/players/myrrah-joseph-1.html,long-beach-state,2021-22
5,71,5,2021-11-26,Long Beach State,@,Richmond,REG (Non-Conf),W 52-44,,15,4,7,.571,0,0,4,7,.571,.571,1,2,.500,1,1,2,2,1,1,0,0,9,9.4,Myrrah Joseph,https://www.sports-reference.com/cbb/players/myrrah-joseph-1.html,long-beach-state,2021-22
6,72,6,2021-11-28,Long Beach State,@,Rhode Island,REG (Non-Conf),W 64-52,*,15,1,2,.500,0,0,1,2,.500,.500,0,0,,0,0,0,2,1,1,4,1,2,-0.3,Myrrah Joseph,https://www.sports-reference.com/cbb/players/myrrah-joseph-1.html,long-beach-state,2021-22
7,73,7,2021-12-05,Long Beach State,@,Air Force,REG (Non-Conf),W 50-49,,16,2,3,.667,0,0,2,3,.667,.667,2,2,1.000,2,3,5,1,4,0,3,4,6,7.1,Myrrah Joseph,https://www.sports-reference.com/cbb/players/myrrah-joseph-1.html,long-beach-state,2021-22
8,74,8,2021-12-11,Long Beach State,@,Oregon,REG (Non-Conf),L 59-68,,11,1,2,.500,0,0,1,2,.500,.500,2,4,.500,1,0,1,1,0,0,0,3,4,2.4,Myrrah Joseph,https://www.sports-reference.com/cbb/players/myrrah-joseph-1.html,long-beach-state,2021-22
