ranker,player_game_num_career,team_game_num_season,date,team_name_abbr,game_location,opp_name_abbr,game_type,game_result,is_starter,mp,fg,fga,fg_pct,fg3,fg3a,fg3_pct,fg2,fg2a,fg2_pct,efg_pct,ft,fta,ft_pct,orb,drb,trb,ast,stl,blk,tov,pf,pts,game_score,player_name,player_sr_link,school,season
1,1,1,2018-11-06,Detroit Mercy,,Michigan–Dearborn,REG (Non-Conf),W 68-60,,10,1,1,1.000,0,0,,1,1,1.000,1.000,0,0,,3,2,5,0,0,2,1,2,2,4.0,Alex Burr,https://www.sports-reference.com/cbb/players/alex-burr-1.html,detroit-mercy,2018-19
2,2,2,2018-11-09,Detroit Mercy,@,Ohio State,REG (Non-Conf),L 41-55,,4,0,0,,0,0,,0,0,,,0,0,,0,0,0,0,0,0,0,0,0,0.0,Alex Burr,https://www.sports-reference.com/cbb/players/alex-burr-1.html,detroit-mercy,2018-19
3,3,3,2018-11-12,Detroit Mercy,@,Loyola Chicago,REG (Non-Conf),L 43-52,,2,0,0,,0,0,,0,0,,,0,0,,0,0,0,0,0,1,0,2,0,-0.1,Alex Burr,https://www.sports-reference.com/cbb/players/alex-burr-1.html,detroit-mercy,2018-19
4,4,4,2018-11-16,Detroit Mercy,,Miami (OH),REG (Non-Conf),L 59-78,,5,0,0,,0,0,,0,0,,,0,0,,0,0,0,0,0,0,0,0,0,0.0,Alex Burr,https://www.sports-reference.com/cbb/players/alex-burr-1.html,detroit-mercy,2018-19
5,5,5,2018-11-19,Detroit Mercy,@,Michigan,REG (Non-Conf),L 62-95,,13,0,0,,0,0,,0,0,,,0,0,,0,2,2,0,0,0,0,2,0,-0.2,Alex Burr,https://www.sports-reference.com/cbb/players/alex-burr-1.html,detroit-mercy,2018-19
6,6,6,2018-11-24,Detroit Mercy,@,Manhattan,REG (Non-Conf),W 58-56,,3,0,0,,0,0,,0,0,,,0,0,,0,0,0,0,0,0,0,1,0,-0.4,Alex Burr,https://www.sports-reference.com/cbb/players/alex-burr-1.html,detroit-mercy,2018-19
7,7,8,2018-12-05,Detroit Mercy,@,Eastern Michigan,REG (Non-Conf),L 53-60,,3,0,0,,0,0,,0,0,,,0,0,,0,0,0,0,0,0,0,0,0,0.0,Alex Burr,https://www.sports-reference.com/cbb/players/alex-burr-1.html,detroit-mercy,2018-19
8,8,9,2018-12-09,Detroit Mercy,,Western Michigan,REG (Non-Conf),L 44-54,,10,0,0,,0,0,,0,0,,,0,0,,0,0,0,0,0,2,0,1,0,1.0,Alex Burr,https://www.sports-reference.com/cbb/players/alex-burr-1.html,detroit-mercy,2018-19
9,9,10,2018-12-17,Detroit Mercy,@,Bowling Green,REG (Non-Conf),L 73-79,,6,0,0,,0,0,,0,0,,,1,2,.500,1,1,2,0,0,0,0,1,1,1.2,Alex Burr,https://www.sports-reference.com/cbb/players/alex-burr-1.html,detroit-mercy,2018-19
10,10,11,2018-12-21,Detroit Mercy,@,Toledo,REG (Non-Conf),L 60-77,,3,0,0,,0,0,,0,0,,,0,0,,0,0,0,0,0,1,0,2,0,-0.1,Alex Burr,https://www.sports-reference.com/cbb/players/alex-burr-1.html,detroit-mercy,2018-19
11,11,12,2018-12-28,Detroit Mercy,,Youngstown State,REG (Conf),L 59-85,,11,2,2,1.000,0,0,,2,2,1.000,1.000,2,3,.667,1,2,3,0,0,1,0,3,6,5.8,Alex Burr,https://www.sports-reference.com/cbb/players/alex-burr-1.html,detroit-mercy,2018-19
12,12,13,2018-12-30,Detroit Mercy,,Cleveland State,REG (Conf),L 49-67,,13,1,3,.333,0,0,,1,3,.333,.333,0,0,,1,1,2,0,1,0,1,5,2,-0.7,Alex Burr,https://www.sports-reference.com/cbb/players/alex-burr-1.html,detroit-mercy,2018-19
13,13,14,2019-01-04,Detroit Mercy,@,Oakland,REG (Conf),L 67-74,,13,0,2,.000,0,0,,0,2,.000,.000,0,0,,2,2,4,1,0,1,1,3,0,-0.2,Alex Burr,https://www.sports-reference.com/cbb/players/alex-burr-1.html,detroit-mercy,2018-19
14,14,15,2019-01-11,Detroit Mercy,@,IUPUI,REG (Conf),L 47-82,,11,2,3,.667,0,0,,2,3,.667,.667,0,2,.000,1,4,5,0,0,1,1,5,4,1.5,Alex Burr,https://www.sports-reference.com/cbb/players/alex-burr-1.html,detroit-mercy,2018-19
15,15,16,2019-01-13,Detroit Mercy,@,Illinois–Chicago,REG (Conf),W 42-36,,7,0,0,,0,0,,0,0,,,0,0,,0,0,0,0,0,1,0,0,0,0.7,Alex Burr,https://www.sports-reference.com/cbb/players/alex-burr-1.html,detroit-mercy,2018-19
16,16,17,2019-01-18,Detroit Mercy,,Green Bay,REG (Conf),L 40-65,,11,1,1,1.000,0,0,,1,1,1.000,1.000,0,0,,0,0,0,0,1,0,1,2,2,0.9,Alex Burr,https://www.sports-reference.com/cbb/players/alex-burr-1.html,detroit-mercy,2018-19
17,17,18,2019-01-20,Detroit Mercy,,Milwaukee,REG (Conf),L 44-62,,6,0,0,,0,0,,0,0,,,0,0,,0,3,3,0,0,0,1,1,0,-0.5,Alex Burr,https://www.sports-reference.com/cbb/players/alex-burr-1.html,detroit-mercy,2018-19
18,18,19,2019-01-25,Detroit Mercy,@,Northern Kentucky,REG (Conf),L 56-68,,3,0,0,,0,0,,0,0,,,0,0,,0,1,1,0,0,0,1,3,0,-1.9,Alex Burr,https://www.sports-reference.com/cbb/players/alex-burr-1.html,detroit-mercy,2018-19
19,19,20,2019-01-27,Detroit Mercy,@,Wright State,REG (Conf),L 59-78,,3,0,0,,0,0,,0,0,,,0,0,,0,1,1,0,0,0,0,0,0,0.3,Alex Burr,https://www.sports-reference.com/cbb/players/alex-burr-1.html,detroit-mercy,2018-19
20,20,21,2019-01-31,Detroit Mercy,@,Cleveland State,REG (Conf),L 51-67,,11,5,5,1.000,0,0,,5,5,1.000,1.000,0,5,.000,0,5,5,1,0,0,1,3,10,6.5,Alex Burr,https://www.sports-reference.com/cbb/players/alex-burr-1.html,detroit-mercy,2018-19
21,21,22,2019-02-02,Detroit Mercy,@,Youngstown State,REG (Conf),L 45-91,,14,2,3,.667,0,0,,2,3,.667,.667,0,1,.000,1,0,1,0,0,1,0,3,4,2.5,Alex Burr,https://www.sports-reference.com/cbb/players/alex-burr-1.html,detroit-mercy,2018-19
22,22,23,2019-02-09,Detroit Mercy,,Oakland,REG (Conf),L 65-76,*,23,2,3,.667,1,2,.500,1,1,1.000,.833,1,2,.500,1,3,4,1,0,0,2,4,6,3.0,Alex Burr,https://www.sports-reference.com/cbb/players/alex-burr-1.html,detroit-mercy,2018-19
23,23,24,2019-02-14,Detroit Mercy,,Illinois–Chicago,REG (Conf),W 62-45,*,21,3,5,.600,0,0,,3,5,.600,.600,1,4,.250,1,4,5,1,3,0,0,2,7,8.3,Alex Burr,https://www.sports-reference.com/cbb/players/alex-burr-1.html,detroit-mercy,2018-19
24,24,25,2019-02-16,Detroit Mercy,,IUPUI,REG (Conf),L 41-58,*,30,3,5,.600,1,1,1.000,2,4,.500,.700,0,0,,0,2,2,0,1,1,2,3,7,3.8,Alex Burr,https://www.sports-reference.com/cbb/players/alex-burr-1.html,detroit-mercy,2018-19
25,25,26,2019-02-21,Detroit Mercy,@,Milwaukee,REG (Conf),L 34-59,*,20,2,8,.250,1,2,.500,1,6,.167,.313,1,2,.500,1,4,5,0,1,1,4,4,6,-1.2,Alex Burr,https://www.sports-reference.com/cbb/players/alex-burr-1.html,detroit-mercy,2018-19
26,26,27,2019-02-23,Detroit Mercy,@,Green Bay,REG (Conf),L 37-82,*,20,2,6,.333,0,2,.000,2,4,.500,.333,2,4,.500,0,0,0,1,0,0,2,5,6,-1.5,Alex Burr,https://www.sports-reference.com/cbb/players/alex-burr-1.html,detroit-mercy,2018-19
27,27,28,2019-02-28,Detroit Mercy,,Wright State,REG (Conf),L 73-76,*,21,1,8,.125,0,3,.000,1,5,.200,.125,0,0,,0,4,4,1,0,2,2,4,2,-3.5,Alex Burr,https://www.sports-reference.com/cbb/players/alex-burr-1.html,detroit-mercy,2018-19
28,28,29,2019-03-02,Detroit Mercy,,Northern Kentucky,REG (Conf),L 63-81,*,18,3,6,.500,1,1,1.000,2,5,.400,.583,3,4,.750,0,0,0,0,0,0,1,3,10,4.4,Alex Burr,https://www.sports-reference.com/cbb/players/alex-burr-1.html,detroit-mercy,2018-19
