ranker,player_game_num_career,team_game_num_season,date,team_name_abbr,game_location,opp_name_abbr,game_type,game_result,is_starter,mp,fg,fga,fg_pct,fg3,fg3a,fg2,fg2a,fg2_pct,efg_pct,ft,fta,ft_pct,orb,drb,trb,ast,stl,blk,tov,pf,pts,game_score,player_name,player_sr_link,school,season
1,58,1,2018-11-06,Detroit Mercy,,Michigan–Dearborn,REG (Non-Conf),W 68-60,*,13,2,3,.667,0,0,2,3,.667,.667,1,2,.500,1,3,4,0,0,0,3,5,5,-0.1,Ashley Miller,https://www.sports-reference.com/cbb/players/ashley-miller-1.html,detroit-mercy,2018-19
2,59,2,2018-11-09,Detroit Mercy,@,Ohio State,REG (Non-Conf),L 41-55,*,36,2,3,.667,0,0,2,3,.667,.667,0,0,,0,4,4,0,1,0,1,2,4,3.1,Ashley Miller,https://www.sports-reference.com/cbb/players/ashley-miller-1.html,detroit-mercy,2018-19
3,60,3,2018-11-12,Detroit Mercy,@,Loyola Chicago,REG (Non-Conf),L 43-52,*,20,2,6,.333,0,0,2,6,.333,.333,1,3,.333,3,1,4,0,0,1,0,3,5,2.7,Ashley Miller,https://www.sports-reference.com/cbb/players/ashley-miller-1.html,detroit-mercy,2018-19
4,61,4,2018-11-16,Detroit Mercy,,Miami (OH),REG (Non-Conf),L 59-78,*,32,5,7,.714,0,0,5,7,.714,.714,4,4,1.000,4,5,9,1,1,2,2,4,14,14.9,Ashley Miller,https://www.sports-reference.com/cbb/players/ashley-miller-1.html,detroit-mercy,2018-19
5,62,5,2018-11-19,Detroit Mercy,@,Michigan,REG (Non-Conf),L 62-95,*,21,0,2,.000,0,0,0,2,.000,.000,0,0,,0,3,3,2,1,0,1,2,0,0.1,Ashley Miller,https://www.sports-reference.com/cbb/players/ashley-miller-1.html,detroit-mercy,2018-19
6,63,6,2018-11-24,Detroit Mercy,@,Manhattan,REG (Non-Conf),W 58-56,*,20,1,1,1.000,0,0,1,1,1.000,1.000,0,2,.000,1,2,3,0,0,1,3,4,2,-1.7,Ashley Miller,https://www.sports-reference.com/cbb/players/ashley-miller-1.html,detroit-mercy,2018-19
7,64,7,2018-11-29,Detroit Mercy,,Omaha,REG (Non-Conf),L 42-51,*,29,1,4,.250,0,0,1,4,.250,.250,0,0,,2,4,6,1,1,1,3,3,2,0.4,Ashley Miller,https://www.sports-reference.com/cbb/players/ashley-miller-1.html,detroit-mercy,2018-19
8,65,8,2018-12-05,Detroit Mercy,@,Eastern Michigan,REG (Non-Conf),L 53-60,*,23,3,10,.300,0,0,3,10,.300,.300,0,2,.000,4,1,5,1,1,0,0,3,6,3.0,Ashley Miller,https://www.sports-reference.com/cbb/players/ashley-miller-1.html,detroit-mercy,2018-19
9,66,9,2018-12-09,Detroit Mercy,,Western Michigan,REG (Non-Conf),L 44-54,*,28,2,6,.333,0,0,2,6,.333,.333,1,3,.333,4,1,5,0,2,1,3,3,5,2.4,Ashley Miller,https://www.sports-reference.com/cbb/players/ashley-miller-1.html,detroit-mercy,2018-19
10,67,10,2018-12-17,Detroit Mercy,@,Bowling Green,REG (Non-Conf),L 73-79,*,26,1,3,.333,0,0,1,3,.333,.333,2,4,.500,3,7,10,0,0,0,0,3,4,4.5,Ashley Miller,https://www.sports-reference.com/cbb/players/ashley-miller-1.html,detroit-mercy,2018-19
11,68,11,2018-12-21,Detroit Mercy,@,Toledo,REG (Non-Conf),L 60-77,*,22,4,5,.800,0,0,4,5,.800,.800,1,1,1.000,1,1,2,0,1,0,1,3,9,6.9,Ashley Miller,https://www.sports-reference.com/cbb/players/ashley-miller-1.html,detroit-mercy,2018-19
12,69,12,2018-12-28,Detroit Mercy,,Youngstown State,REG (Conf),L 59-85,*,21,1,1,1.000,0,0,1,1,1.000,1.000,0,0,,3,0,3,1,1,0,1,3,2,3.3,Ashley Miller,https://www.sports-reference.com/cbb/players/ashley-miller-1.html,detroit-mercy,2018-19
13,70,13,2018-12-30,Detroit Mercy,,Cleveland State,REG (Conf),L 49-67,*,18,4,8,.500,0,0,4,8,.500,.500,3,4,.750,3,0,3,0,1,1,3,5,11,5.4,Ashley Miller,https://www.sports-reference.com/cbb/players/ashley-miller-1.html,detroit-mercy,2018-19
14,71,14,2019-01-04,Detroit Mercy,@,Oakland,REG (Conf),L 67-74,*,33,3,10,.300,0,0,3,10,.300,.300,4,6,.667,5,5,10,1,0,0,2,3,10,5.9,Ashley Miller,https://www.sports-reference.com/cbb/players/ashley-miller-1.html,detroit-mercy,2018-19
15,72,15,2019-01-11,Detroit Mercy,@,IUPUI,REG (Conf),L 47-82,*,21,2,2,1.000,0,0,2,2,1.000,1.000,2,4,.500,2,4,6,1,0,1,4,5,6,2.6,Ashley Miller,https://www.sports-reference.com/cbb/players/ashley-miller-1.html,detroit-mercy,2018-19
16,73,16,2019-01-13,Detroit Mercy,@,Illinois–Chicago,REG (Conf),W 42-36,*,25,1,7,.143,0,0,1,7,.143,.143,1,4,.250,4,1,5,0,1,1,1,4,3,-0.5,Ashley Miller,https://www.sports-reference.com/cbb/players/ashley-miller-1.html,detroit-mercy,2018-19
17,74,17,2019-01-18,Detroit Mercy,,Green Bay,REG (Conf),L 40-65,*,21,1,1,1.000,0,0,1,1,1.000,1.000,0,0,,1,6,7,0,0,1,3,3,2,0.7,Ashley Miller,https://www.sports-reference.com/cbb/players/ashley-miller-1.html,detroit-mercy,2018-19
18,75,18,2019-01-20,Detroit Mercy,,Milwaukee,REG (Conf),L 44-62,*,32,1,5,.200,0,0,1,5,.200,.200,1,4,.250,1,2,3,2,1,0,3,3,3,-1.8,Ashley Miller,https://www.sports-reference.com/cbb/players/ashley-miller-1.html,detroit-mercy,2018-19
19,76,19,2019-01-25,Detroit Mercy,@,Northern Kentucky,REG (Conf),L 56-68,*,19,0,2,.000,0,0,0,2,.000,.000,0,0,,2,2,4,0,1,0,3,5,0,-3.4,Ashley Miller,https://www.sports-reference.com/cbb/players/ashley-miller-1.html,detroit-mercy,2018-19
20,77,20,2019-01-27,Detroit Mercy,@,Wright State,REG (Conf),L 59-78,*,28,3,8,.375,0,0,3,8,.375,.375,3,5,.600,3,3,6,1,0,1,1,4,9,5.6,Ashley Miller,https://www.sports-reference.com/cbb/players/ashley-miller-1.html,detroit-mercy,2018-19
21,78,21,2019-01-31,Detroit Mercy,@,Cleveland State,REG (Conf),L 51-67,*,23,2,6,.333,0,0,2,6,.333,.333,1,4,.250,0,4,4,0,0,1,3,3,5,-1.9,Ashley Miller,https://www.sports-reference.com/cbb/players/ashley-miller-1.html,detroit-mercy,2018-19
22,79,22,2019-02-02,Detroit Mercy,@,Youngstown State,REG (Conf),L 45-91,*,23,2,3,.667,0,0,2,3,.667,.667,2,7,.286,0,2,2,0,1,0,0,1,6,3.9,Ashley Miller,https://www.sports-reference.com/cbb/players/ashley-miller-1.html,detroit-mercy,2018-19
