ranker,player_game_num_career,team_game_num_season,date,team_name_abbr,game_location,opp_name_abbr,game_type,game_result,is_starter,mp,fg,fga,fg_pct,fg3,fg3a,fg3_pct,fg2,fg2a,fg2_pct,efg_pct,ft,fta,ft_pct,orb,drb,trb,ast,stl,blk,tov,pf,pts,game_score,player_name,player_sr_link,school,season
1,88,1,2018-11-06,Detroit Mercy,,Michigan–Dearborn,REG (Non-Conf),W 68-60,*,34,3,12,.250,0,4,.000,3,8,.375,.250,7,11,.636,0,0,0,1,1,0,4,3,13,0.7,Brittney Jackson,https://www.sports-reference.com/cbb/players/brittney-jackson-1.html,detroit-mercy,2018-19
2,89,2,2018-11-09,Detroit Mercy,@,Ohio State,REG (Non-Conf),L 41-55,*,33,5,13,.385,1,5,.200,4,8,.500,.423,0,0,,2,1,3,1,0,0,6,1,11,-0.1,Brittney Jackson,https://www.sports-reference.com/cbb/players/brittney-jackson-1.html,detroit-mercy,2018-19
3,90,3,2018-11-12,Detroit Mercy,@,Loyola Chicago,REG (Non-Conf),L 43-52,*,39,3,8,.375,2,4,.500,1,4,.250,.500,0,0,,0,4,4,2,0,0,4,0,8,2.2,Brittney Jackson,https://www.sports-reference.com/cbb/players/brittney-jackson-1.html,detroit-mercy,2018-19
4,91,4,2018-11-16,Detroit Mercy,,Miami (OH),REG (Non-Conf),L 59-78,*,32,2,7,.286,1,3,.333,1,4,.250,.357,1,2,.500,0,1,1,0,1,0,6,2,6,-4.0,Brittney Jackson,https://www.sports-reference.com/cbb/players/brittney-jackson-1.html,detroit-mercy,2018-19
5,92,5,2018-11-19,Detroit Mercy,@,Michigan,REG (Non-Conf),L 62-95,*,27,3,7,.429,1,2,.500,2,5,.400,.500,4,4,1.000,0,0,0,3,0,0,4,2,11,4.6,Brittney Jackson,https://www.sports-reference.com/cbb/players/brittney-jackson-1.html,detroit-mercy,2018-19
6,93,6,2018-11-24,Detroit Mercy,@,Manhattan,REG (Non-Conf),W 58-56,*,35,2,6,.333,0,0,,2,6,.333,.333,2,3,.667,0,2,2,3,2,0,4,1,6,2.5,Brittney Jackson,https://www.sports-reference.com/cbb/players/brittney-jackson-1.html,detroit-mercy,2018-19
7,94,7,2018-11-29,Detroit Mercy,,Omaha,REG (Non-Conf),L 42-51,*,34,3,10,.300,3,7,.429,0,3,.000,.450,0,0,,0,0,0,0,0,0,0,1,9,2.8,Brittney Jackson,https://www.sports-reference.com/cbb/players/brittney-jackson-1.html,detroit-mercy,2018-19
8,95,10,2018-12-17,Detroit Mercy,@,Bowling Green,REG (Non-Conf),L 73-79,*,32,2,9,.222,0,4,.000,2,5,.400,.222,3,3,1.000,0,2,2,5,1,0,1,2,7,4.8,Brittney Jackson,https://www.sports-reference.com/cbb/players/brittney-jackson-1.html,detroit-mercy,2018-19
9,96,11,2018-12-21,Detroit Mercy,@,Toledo,REG (Non-Conf),L 60-77,*,33,3,7,.429,1,1,1.000,2,6,.333,.500,7,9,.778,1,1,2,1,0,0,2,3,14,8.0,Brittney Jackson,https://www.sports-reference.com/cbb/players/brittney-jackson-1.html,detroit-mercy,2018-19
10,97,12,2018-12-28,Detroit Mercy,,Youngstown State,REG (Conf),L 59-85,*,27,2,7,.286,0,1,.000,2,6,.333,.286,0,0,,1,0,1,3,1,0,4,0,4,-0.3,Brittney Jackson,https://www.sports-reference.com/cbb/players/brittney-jackson-1.html,detroit-mercy,2018-19
11,98,13,2018-12-30,Detroit Mercy,,Cleveland State,REG (Conf),L 49-67,*,32,2,9,.222,2,5,.400,0,4,.000,.333,1,2,.500,0,0,0,0,3,0,2,2,7,1.3,Brittney Jackson,https://www.sports-reference.com/cbb/players/brittney-jackson-1.html,detroit-mercy,2018-19
12,99,14,2019-01-04,Detroit Mercy,@,Oakland,REG (Conf),L 67-74,*,34,6,9,.667,1,2,.500,5,7,.714,.722,3,4,.750,0,1,1,3,1,0,4,2,16,10.3,Brittney Jackson,https://www.sports-reference.com/cbb/players/brittney-jackson-1.html,detroit-mercy,2018-19
13,100,15,2019-01-11,Detroit Mercy,@,IUPUI,REG (Conf),L 47-82,*,28,1,8,.125,0,2,.000,1,6,.167,.125,7,8,.875,2,1,3,1,0,0,3,2,9,2.0,Brittney Jackson,https://www.sports-reference.com/cbb/players/brittney-jackson-1.html,detroit-mercy,2018-19
14,101,16,2019-01-13,Detroit Mercy,@,Illinois–Chicago,REG (Conf),W 42-36,*,36,1,13,.077,1,5,.200,0,8,.000,.115,0,0,,1,4,5,4,1,0,2,1,3,-2.4,Brittney Jackson,https://www.sports-reference.com/cbb/players/brittney-jackson-1.html,detroit-mercy,2018-19
15,102,17,2019-01-18,Detroit Mercy,,Green Bay,REG (Conf),L 40-65,*,29,4,7,.571,1,3,.333,3,4,.750,.643,2,2,1.000,0,1,1,4,0,0,3,0,11,7.8,Brittney Jackson,https://www.sports-reference.com/cbb/players/brittney-jackson-1.html,detroit-mercy,2018-19
16,103,18,2019-01-20,Detroit Mercy,,Milwaukee,REG (Conf),L 44-62,*,35,5,11,.455,2,6,.333,3,5,.600,.545,4,6,.667,1,2,3,1,2,0,2,0,16,11.5,Brittney Jackson,https://www.sports-reference.com/cbb/players/brittney-jackson-1.html,detroit-mercy,2018-19
17,104,19,2019-01-25,Detroit Mercy,@,Northern Kentucky,REG (Conf),L 56-68,*,35,8,14,.571,3,6,.500,5,8,.625,.679,1,4,.250,0,0,0,0,2,0,1,3,20,12.0,Brittney Jackson,https://www.sports-reference.com/cbb/players/brittney-jackson-1.html,detroit-mercy,2018-19
18,105,20,2019-01-27,Detroit Mercy,@,Wright State,REG (Conf),L 59-78,*,27,2,9,.222,0,0,,2,9,.222,.222,1,3,.333,0,2,2,3,0,0,6,3,5,-5.8,Brittney Jackson,https://www.sports-reference.com/cbb/players/brittney-jackson-1.html,detroit-mercy,2018-19
19,106,21,2019-01-31,Detroit Mercy,@,Cleveland State,REG (Conf),L 51-67,*,35,3,13,.231,0,2,.000,3,11,.273,.231,0,0,,0,3,3,5,1,0,1,4,6,0.9,Brittney Jackson,https://www.sports-reference.com/cbb/players/brittney-jackson-1.html,detroit-mercy,2018-19
20,107,22,2019-02-02,Detroit Mercy,@,Youngstown State,REG (Conf),L 45-91,*,31,3,9,.333,0,4,.000,3,5,.600,.333,1,1,1.000,0,1,1,3,1,0,2,1,7,2.9,Brittney Jackson,https://www.sports-reference.com/cbb/players/brittney-jackson-1.html,detroit-mercy,2018-19
21,108,23,2019-02-09,Detroit Mercy,,Oakland,REG (Conf),L 65-76,*,32,1,6,.167,0,3,.000,1,3,.333,.167,0,2,.000,1,3,4,6,0,0,5,3,2,-3.0,Brittney Jackson,https://www.sports-reference.com/cbb/players/brittney-jackson-1.html,detroit-mercy,2018-19
22,109,24,2019-02-14,Detroit Mercy,,Illinois–Chicago,REG (Conf),W 62-45,*,29,2,5,.400,2,4,.500,0,1,.000,.600,0,0,,1,0,1,4,0,0,3,3,6,2.6,Brittney Jackson,https://www.sports-reference.com/cbb/players/brittney-jackson-1.html,detroit-mercy,2018-19
23,110,25,2019-02-16,Detroit Mercy,,IUPUI,REG (Conf),L 41-58,*,28,1,3,.333,0,0,,1,3,.333,.333,1,2,.500,0,1,1,1,1,0,3,3,3,-1.3,Brittney Jackson,https://www.sports-reference.com/cbb/players/brittney-jackson-1.html,detroit-mercy,2018-19
24,111,26,2019-02-21,Detroit Mercy,@,Milwaukee,REG (Conf),L 34-59,*,30,1,7,.143,0,3,.000,1,4,.250,.143,0,0,,0,0,0,1,2,0,0,0,2,0.2,Brittney Jackson,https://www.sports-reference.com/cbb/players/brittney-jackson-1.html,detroit-mercy,2018-19
25,112,27,2019-02-23,Detroit Mercy,@,Green Bay,REG (Conf),L 37-82,*,32,3,8,.375,2,4,.500,1,4,.250,.500,0,0,,0,1,1,1,0,0,1,1,8,3.2,Brittney Jackson,https://www.sports-reference.com/cbb/players/brittney-jackson-1.html,detroit-mercy,2018-19
26,113,28,2019-02-28,Detroit Mercy,,Wright State,REG (Conf),L 73-76,*,31,4,9,.444,2,6,.333,2,3,.667,.556,3,4,.750,1,3,4,5,1,0,1,2,13,12.2,Brittney Jackson,https://www.sports-reference.com/cbb/players/brittney-jackson-1.html,detroit-mercy,2018-19
27,114,29,2019-03-02,Detroit Mercy,,Northern Kentucky,REG (Conf),L 63-81,*,31,1,7,.143,0,2,.000,1,5,.200,.143,0,0,,0,0,0,4,0,0,1,1,2,-1.1,Brittney Jackson,https://www.sports-reference.com/cbb/players/brittney-jackson-1.html,detroit-mercy,2018-19
