ranker,player_game_num_career,team_game_num_season,date,team_name_abbr,game_location,opp_name_abbr,game_type,game_result,is_starter,mp,fg,fga,fg_pct,fg3,fg3a,fg3_pct,fg2,fg2a,fg2_pct,efg_pct,ft,fta,ft_pct,orb,drb,trb,ast,stl,blk,tov,pf,pts,game_score,player_name,player_sr_link,school,season
1,91,1,2018-11-06,Detroit Mercy,,Michigan–Dearborn,REG (Non-Conf),W 68-60,,8,0,2,.000,0,2,.000,0,0,,.000,0,0,,0,4,4,0,0,0,3,0,0,-3.2,Lola Ristovski,https://www.sports-reference.com/cbb/players/lola-ristovski-1.html,detroit-mercy,2018-19
2,92,2,2018-11-09,Detroit Mercy,@,Ohio State,REG (Non-Conf),L 41-55,,6,0,2,.000,0,2,.000,0,0,,.000,0,0,,0,1,1,0,0,0,1,1,0,-2.5,Lola Ristovski,https://www.sports-reference.com/cbb/players/lola-ristovski-1.html,detroit-mercy,2018-19
3,93,4,2018-11-16,Detroit Mercy,,Miami (OH),REG (Non-Conf),L 59-78,,13,1,2,.500,1,2,.500,0,0,,.750,0,0,,0,0,0,1,0,0,2,0,3,0.7,Lola Ristovski,https://www.sports-reference.com/cbb/players/lola-ristovski-1.html,detroit-mercy,2018-19
4,94,5,2018-11-19,Detroit Mercy,@,Michigan,REG (Non-Conf),L 62-95,,10,0,2,.000,0,2,.000,0,0,,.000,0,0,,0,1,1,0,0,0,0,0,0,-1.1,Lola Ristovski,https://www.sports-reference.com/cbb/players/lola-ristovski-1.html,detroit-mercy,2018-19
5,95,8,2018-12-05,Detroit Mercy,@,Eastern Michigan,REG (Non-Conf),L 53-60,,21,0,3,.000,0,3,.000,0,0,,.000,0,0,,0,0,0,0,0,0,1,1,0,-3.5,Lola Ristovski,https://www.sports-reference.com/cbb/players/lola-ristovski-1.html,detroit-mercy,2018-19
6,96,9,2018-12-09,Detroit Mercy,,Western Michigan,REG (Non-Conf),L 44-54,,15,1,3,.333,1,2,.500,0,1,.000,.500,0,0,,1,2,3,0,3,0,0,2,3,4.8,Lola Ristovski,https://www.sports-reference.com/cbb/players/lola-ristovski-1.html,detroit-mercy,2018-19
7,97,10,2018-12-17,Detroit Mercy,@,Bowling Green,REG (Non-Conf),L 73-79,,5,0,0,,0,0,,0,0,,,0,0,,0,0,0,0,1,0,0,0,0,1.0,Lola Ristovski,https://www.sports-reference.com/cbb/players/lola-ristovski-1.html,detroit-mercy,2018-19
8,98,11,2018-12-21,Detroit Mercy,@,Toledo,REG (Non-Conf),L 60-77,,5,0,0,,0,0,,0,0,,,0,0,,0,0,0,0,0,0,0,1,0,-0.4,Lola Ristovski,https://www.sports-reference.com/cbb/players/lola-ristovski-1.html,detroit-mercy,2018-19
9,99,12,2018-12-28,Detroit Mercy,,Youngstown State,REG (Conf),L 59-85,,17,0,5,.000,0,4,.000,0,1,.000,.000,0,0,,0,1,1,2,0,0,1,2,0,-3.6,Lola Ristovski,https://www.sports-reference.com/cbb/players/lola-ristovski-1.html,detroit-mercy,2018-19
10,100,13,2018-12-30,Detroit Mercy,,Cleveland State,REG (Conf),L 49-67,,23,2,11,.182,1,8,.125,1,3,.333,.227,0,0,,0,6,6,2,1,0,0,1,5,1.9,Lola Ristovski,https://www.sports-reference.com/cbb/players/lola-ristovski-1.html,detroit-mercy,2018-19
11,101,14,2019-01-04,Detroit Mercy,@,Oakland,REG (Conf),L 67-74,,16,0,8,.000,0,5,.000,0,3,.000,.000,4,4,1.000,0,2,2,0,1,1,0,1,4,0.3,Lola Ristovski,https://www.sports-reference.com/cbb/players/lola-ristovski-1.html,detroit-mercy,2018-19
12,102,15,2019-01-11,Detroit Mercy,@,IUPUI,REG (Conf),L 47-82,,21,1,6,.167,0,4,.000,1,2,.500,.167,3,4,.750,0,0,0,0,1,0,1,4,5,-0.8,Lola Ristovski,https://www.sports-reference.com/cbb/players/lola-ristovski-1.html,detroit-mercy,2018-19
13,103,16,2019-01-13,Detroit Mercy,@,Illinois–Chicago,REG (Conf),W 42-36,*,29,3,11,.273,1,6,.167,2,5,.400,.318,2,2,1.000,1,2,3,5,4,0,4,2,9,6.5,Lola Ristovski,https://www.sports-reference.com/cbb/players/lola-ristovski-1.html,detroit-mercy,2018-19
14,104,17,2019-01-18,Detroit Mercy,,Green Bay,REG (Conf),L 40-65,*,18,0,3,.000,0,2,.000,0,1,.000,.000,1,2,.500,1,3,4,1,0,0,1,2,1,-1.0,Lola Ristovski,https://www.sports-reference.com/cbb/players/lola-ristovski-1.html,detroit-mercy,2018-19
15,105,18,2019-01-20,Detroit Mercy,,Milwaukee,REG (Conf),L 44-62,,8,0,2,.000,0,1,.000,0,1,.000,.000,0,0,,0,1,1,1,1,0,0,1,0,0.2,Lola Ristovski,https://www.sports-reference.com/cbb/players/lola-ristovski-1.html,detroit-mercy,2018-19
16,106,19,2019-01-25,Detroit Mercy,@,Northern Kentucky,REG (Conf),L 56-68,,12,0,0,,0,0,,0,0,,,4,4,1.000,0,0,0,0,2,0,0,5,4,4.0,Lola Ristovski,https://www.sports-reference.com/cbb/players/lola-ristovski-1.html,detroit-mercy,2018-19
17,107,20,2019-01-27,Detroit Mercy,@,Wright State,REG (Conf),L 59-78,,19,1,2,.500,1,1,1.000,0,1,.000,.750,1,2,.500,0,3,3,1,0,0,0,2,4,3.4,Lola Ristovski,https://www.sports-reference.com/cbb/players/lola-ristovski-1.html,detroit-mercy,2018-19
18,108,21,2019-01-31,Detroit Mercy,@,Cleveland State,REG (Conf),L 51-67,,25,5,10,.500,2,5,.400,3,5,.600,.600,5,5,1.000,0,2,2,1,0,0,2,0,17,11.3,Lola Ristovski,https://www.sports-reference.com/cbb/players/lola-ristovski-1.html,detroit-mercy,2018-19
19,109,22,2019-02-02,Detroit Mercy,@,Youngstown State,REG (Conf),L 45-91,*,26,1,4,.250,1,2,.500,0,2,.000,.375,0,0,,0,1,1,1,3,0,3,3,3,0.4,Lola Ristovski,https://www.sports-reference.com/cbb/players/lola-ristovski-1.html,detroit-mercy,2018-19
20,110,23,2019-02-09,Detroit Mercy,,Oakland,REG (Conf),L 65-76,,25,3,7,.429,2,6,.333,1,1,1.000,.571,2,2,1.000,0,3,3,3,1,0,2,1,10,7.9,Lola Ristovski,https://www.sports-reference.com/cbb/players/lola-ristovski-1.html,detroit-mercy,2018-19
21,111,24,2019-02-14,Detroit Mercy,,Illinois–Chicago,REG (Conf),W 62-45,,15,0,7,.000,0,7,.000,0,0,,.000,0,0,,0,1,1,1,1,0,0,0,0,-2.9,Lola Ristovski,https://www.sports-reference.com/cbb/players/lola-ristovski-1.html,detroit-mercy,2018-19
22,112,25,2019-02-16,Detroit Mercy,,IUPUI,REG (Conf),L 41-58,,17,1,5,.200,0,2,.000,1,3,.333,.200,0,0,,3,1,4,5,2,0,4,3,2,1.6,Lola Ristovski,https://www.sports-reference.com/cbb/players/lola-ristovski-1.html,detroit-mercy,2018-19
23,113,26,2019-02-21,Detroit Mercy,@,Milwaukee,REG (Conf),L 34-59,,18,0,4,.000,0,1,.000,0,3,.000,.000,2,2,1.000,0,1,1,0,0,0,2,1,2,-2.9,Lola Ristovski,https://www.sports-reference.com/cbb/players/lola-ristovski-1.html,detroit-mercy,2018-19
24,114,27,2019-02-23,Detroit Mercy,@,Green Bay,REG (Conf),L 37-82,,20,0,2,.000,0,1,.000,0,1,.000,.000,2,3,.667,0,3,3,3,0,0,2,2,2,0.4,Lola Ristovski,https://www.sports-reference.com/cbb/players/lola-ristovski-1.html,detroit-mercy,2018-19
25,115,28,2019-02-28,Detroit Mercy,,Wright State,REG (Conf),L 73-76,,18,2,2,1.000,2,2,1.000,0,0,,1.500,3,4,.750,0,1,1,2,0,0,1,0,9,8.7,Lola Ristovski,https://www.sports-reference.com/cbb/players/lola-ristovski-1.html,detroit-mercy,2018-19
26,116,29,2019-03-02,Detroit Mercy,,Northern Kentucky,REG (Conf),L 63-81,*,24,1,7,.143,1,5,.200,0,2,.000,.214,3,4,.750,1,1,2,2,0,0,2,1,6,1.1,Lola Ristovski,https://www.sports-reference.com/cbb/players/lola-ristovski-1.html,detroit-mercy,2018-19
