ranker,player_game_num_career,team_game_num_season,date,team_name_abbr,game_location,opp_name_abbr,game_type,game_result,is_starter,mp,fg,fga,fg_pct,fg3,fg3a,fg3_pct,fg2,fg2a,fg2_pct,efg_pct,ft,fta,ft_pct,orb,drb,trb,ast,stl,blk,tov,pf,pts,game_score,player_name,player_sr_link,school,season
1,42,1,2018-11-06,Detroit Mercy,,Michigan–Dearborn,REG (Non-Conf),W 68-60,*,38,6,13,.462,0,2,.000,6,11,.545,.462,4,6,.667,6,5,11,0,3,5,1,2,16,18.9,Zoey Oatis,https://www.sports-reference.com/cbb/players/zoey-oatis-1.html,detroit-mercy,2018-19
2,43,2,2018-11-09,Detroit Mercy,@,Ohio State,REG (Non-Conf),L 41-55,*,32,4,11,.364,0,1,.000,4,10,.400,.364,1,3,.333,1,0,1,2,0,1,2,4,9,1.3,Zoey Oatis,https://www.sports-reference.com/cbb/players/zoey-oatis-1.html,detroit-mercy,2018-19
3,44,3,2018-11-12,Detroit Mercy,@,Loyola Chicago,REG (Non-Conf),L 43-52,*,33,3,8,.375,1,1,1.000,2,7,.286,.438,1,2,.500,4,1,5,2,2,0,3,2,8,5.9,Zoey Oatis,https://www.sports-reference.com/cbb/players/zoey-oatis-1.html,detroit-mercy,2018-19
4,45,4,2018-11-16,Detroit Mercy,,Miami (OH),REG (Non-Conf),L 59-78,*,21,2,5,.400,0,1,.000,2,4,.500,.400,2,4,.500,2,1,3,0,0,0,1,3,6,2.0,Zoey Oatis,https://www.sports-reference.com/cbb/players/zoey-oatis-1.html,detroit-mercy,2018-19
5,46,5,2018-11-19,Detroit Mercy,@,Michigan,REG (Non-Conf),L 62-95,*,29,5,9,.556,1,2,.500,4,7,.571,.611,0,0,,1,2,3,2,0,0,3,1,11,6.0,Zoey Oatis,https://www.sports-reference.com/cbb/players/zoey-oatis-1.html,detroit-mercy,2018-19
6,47,6,2018-11-24,Detroit Mercy,@,Manhattan,REG (Non-Conf),W 58-56,*,37,7,12,.583,1,3,.333,6,9,.667,.625,0,3,.000,2,3,5,1,2,0,3,1,15,9.8,Zoey Oatis,https://www.sports-reference.com/cbb/players/zoey-oatis-1.html,detroit-mercy,2018-19
7,48,7,2018-11-29,Detroit Mercy,,Omaha,REG (Non-Conf),L 42-51,*,33,4,8,.500,0,1,.000,4,7,.571,.500,0,2,.000,4,1,5,2,5,0,2,2,8,9.9,Zoey Oatis,https://www.sports-reference.com/cbb/players/zoey-oatis-1.html,detroit-mercy,2018-19
8,49,8,2018-12-05,Detroit Mercy,@,Eastern Michigan,REG (Non-Conf),L 53-60,*,35,1,4,.250,0,1,.000,1,3,.333,.250,5,6,.833,2,6,8,2,0,0,3,2,7,5.0,Zoey Oatis,https://www.sports-reference.com/cbb/players/zoey-oatis-1.html,detroit-mercy,2018-19
9,50,9,2018-12-09,Detroit Mercy,,Western Michigan,REG (Non-Conf),L 44-54,*,29,2,7,.286,0,3,.000,2,4,.500,.286,1,6,.167,2,2,4,2,1,0,3,3,5,-0.9,Zoey Oatis,https://www.sports-reference.com/cbb/players/zoey-oatis-1.html,detroit-mercy,2018-19
10,51,10,2018-12-17,Detroit Mercy,@,Bowling Green,REG (Non-Conf),L 73-79,*,27,7,14,.500,1,5,.200,6,9,.667,.536,2,2,1.000,2,2,4,3,5,0,1,5,17,16.1,Zoey Oatis,https://www.sports-reference.com/cbb/players/zoey-oatis-1.html,detroit-mercy,2018-19
11,52,11,2018-12-21,Detroit Mercy,@,Toledo,REG (Non-Conf),L 60-77,*,23,4,6,.667,1,2,.500,3,4,.750,.750,1,3,.333,0,2,2,1,0,0,6,5,10,-0.1,Zoey Oatis,https://www.sports-reference.com/cbb/players/zoey-oatis-1.html,detroit-mercy,2018-19
12,53,12,2018-12-28,Detroit Mercy,,Youngstown State,REG (Conf),L 59-85,*,23,2,9,.222,0,4,.000,2,5,.400,.222,0,2,.000,1,1,2,0,3,0,3,3,4,-2.5,Zoey Oatis,https://www.sports-reference.com/cbb/players/zoey-oatis-1.html,detroit-mercy,2018-19
13,54,13,2018-12-30,Detroit Mercy,,Cleveland State,REG (Conf),L 49-67,*,25,2,6,.333,0,0,,2,6,.333,.333,0,0,,0,2,2,1,2,0,6,1,4,-2.5,Zoey Oatis,https://www.sports-reference.com/cbb/players/zoey-oatis-1.html,detroit-mercy,2018-19
14,55,14,2019-01-04,Detroit Mercy,@,Oakland,REG (Conf),L 67-74,*,37,6,9,.667,0,0,,6,9,.667,.667,4,8,.500,5,2,7,0,2,0,3,4,16,12.0,Zoey Oatis,https://www.sports-reference.com/cbb/players/zoey-oatis-1.html,detroit-mercy,2018-19
15,56,15,2019-01-11,Detroit Mercy,@,IUPUI,REG (Conf),L 47-82,*,34,5,9,.556,0,0,,5,9,.556,.556,1,3,.333,0,4,4,0,4,1,2,2,11,9.0,Zoey Oatis,https://www.sports-reference.com/cbb/players/zoey-oatis-1.html,detroit-mercy,2018-19
16,57,16,2019-01-13,Detroit Mercy,@,Illinois–Chicago,REG (Conf),W 42-36,*,39,5,10,.500,1,4,.250,4,6,.667,.550,5,9,.556,6,7,13,0,6,1,4,3,16,17.2,Zoey Oatis,https://www.sports-reference.com/cbb/players/zoey-oatis-1.html,detroit-mercy,2018-19
17,58,17,2019-01-18,Detroit Mercy,,Green Bay,REG (Conf),L 40-65,*,30,0,4,.000,0,1,.000,0,3,.000,.000,1,2,.500,0,2,2,0,1,0,2,2,1,-3.4,Zoey Oatis,https://www.sports-reference.com/cbb/players/zoey-oatis-1.html,detroit-mercy,2018-19
18,59,18,2019-01-20,Detroit Mercy,,Milwaukee,REG (Conf),L 44-62,*,34,3,7,.429,1,1,1.000,2,6,.333,.500,5,6,.833,2,4,6,0,1,1,1,3,12,10.0,Zoey Oatis,https://www.sports-reference.com/cbb/players/zoey-oatis-1.html,detroit-mercy,2018-19
19,60,19,2019-01-25,Detroit Mercy,@,Northern Kentucky,REG (Conf),L 56-68,*,31,4,11,.364,0,0,,4,11,.364,.364,4,5,.800,2,4,6,2,4,2,1,4,12,12.3,Zoey Oatis,https://www.sports-reference.com/cbb/players/zoey-oatis-1.html,detroit-mercy,2018-19
20,61,20,2019-01-27,Detroit Mercy,@,Wright State,REG (Conf),L 59-78,*,21,1,2,.500,0,0,,1,2,.500,.500,3,5,.600,2,2,4,0,1,0,2,3,5,3.0,Zoey Oatis,https://www.sports-reference.com/cbb/players/zoey-oatis-1.html,detroit-mercy,2018-19
21,62,21,2019-01-31,Detroit Mercy,@,Cleveland State,REG (Conf),L 51-67,*,9,0,1,.000,0,0,,0,1,.000,.000,0,0,,0,2,2,0,0,1,0,1,0,0.2,Zoey Oatis,https://www.sports-reference.com/cbb/players/zoey-oatis-1.html,detroit-mercy,2018-19
22,63,24,2019-02-14,Detroit Mercy,,Illinois–Chicago,REG (Conf),W 62-45,,23,0,2,.000,0,0,,0,2,.000,.000,2,6,.333,5,3,8,2,2,0,1,3,2,4.6,Zoey Oatis,https://www.sports-reference.com/cbb/players/zoey-oatis-1.html,detroit-mercy,2018-19
23,64,25,2019-02-16,Detroit Mercy,,IUPUI,REG (Conf),L 41-58,,21,1,5,.200,0,2,.000,1,3,.333,.200,0,2,.000,0,2,2,0,1,1,1,4,2,-2.2,Zoey Oatis,https://www.sports-reference.com/cbb/players/zoey-oatis-1.html,detroit-mercy,2018-19
24,65,26,2019-02-21,Detroit Mercy,@,Milwaukee,REG (Conf),L 34-59,,26,2,3,.667,0,0,,2,3,.667,.667,2,7,.286,2,3,5,0,0,2,2,0,6,4.4,Zoey Oatis,https://www.sports-reference.com/cbb/players/zoey-oatis-1.html,detroit-mercy,2018-19
25,66,27,2019-02-23,Detroit Mercy,@,Green Bay,REG (Conf),L 37-82,,24,1,4,.250,0,0,,1,4,.250,.250,1,2,.500,2,0,2,0,2,0,2,1,3,1.2,Zoey Oatis,https://www.sports-reference.com/cbb/players/zoey-oatis-1.html,detroit-mercy,2018-19
26,67,28,2019-02-28,Detroit Mercy,,Wright State,REG (Conf),L 73-76,*,18,1,4,.250,0,0,,1,4,.250,.250,1,3,.333,1,1,2,0,0,0,0,2,3,0.0,Zoey Oatis,https://www.sports-reference.com/cbb/players/zoey-oatis-1.html,detroit-mercy,2018-19
27,68,29,2019-03-02,Detroit Mercy,,Northern Kentucky,REG (Conf),L 63-81,,30,5,7,.714,0,1,.000,5,6,.833,.714,1,3,.333,2,4,6,1,2,3,1,4,11,12.1,Zoey Oatis,https://www.sports-reference.com/cbb/players/zoey-oatis-1.html,detroit-mercy,2018-19
