ranker,player_game_num_career,team_game_num_season,date,team_name_abbr,game_location,opp_name_abbr,game_type,game_result,is_starter,mp,fg,fga,fg_pct,fg3,fg3a,fg2,fg2a,fg2_pct,efg_pct,ft,fta,ft_pct,orb,drb,trb,ast,stl,blk,tov,pf,pts,game_score,player_name,player_sr_link,school,season
1,32,1,2023-11-06,George Mason,,Bowie St.,REG (Non-Conf),W 96-45,*,16,3,6,.500,0,0,3,6,.500,.500,1,4,.250,1,4,5,2,0,1,0,0,7,6.8,Nalani Kaysia,https://www.sports-reference.com/cbb/players/nalani-kaysia-1.html,george-mason,2023-24
2,33,2,2023-11-09,George Mason,,Marshall,REG (Non-Conf),W 84-77,*,18,2,6,.333,0,0,2,6,.333,.333,1,6,.167,1,9,10,1,0,0,1,0,5,2.7,Nalani Kaysia,https://www.sports-reference.com/cbb/players/nalani-kaysia-1.html,george-mason,2023-24
3,34,3,2023-11-12,George Mason,@,William & Mary,REG (Non-Conf),W 77-72,*,26,3,7,.429,0,0,3,7,.429,.429,3,6,.500,2,6,8,0,2,0,2,3,9,6.1,Nalani Kaysia,https://www.sports-reference.com/cbb/players/nalani-kaysia-1.html,george-mason,2023-24
4,35,4,2023-11-15,George Mason,,Pittsburgh,REG (Non-Conf),W 60-52,*,30,2,6,.333,0,0,2,6,.333,.333,0,0,,2,2,4,1,0,2,1,1,4,3.3,Nalani Kaysia,https://www.sports-reference.com/cbb/players/nalani-kaysia-1.html,george-mason,2023-24
5,36,5,2023-11-18,George Mason,,Robert Morris,REG (Non-Conf),W 83-63,*,14,3,4,.750,0,0,3,4,.750,.750,0,0,,0,3,3,0,0,0,1,2,6,3.5,Nalani Kaysia,https://www.sports-reference.com/cbb/players/nalani-kaysia-1.html,george-mason,2023-24
