ranker,player_game_num_career,team_game_num_season,date,team_name_abbr,game_location,opp_name_abbr,game_type,game_result,is_starter,mp,fg,fga,fg_pct,fg3,fg3a,fg3_pct,fg2,fg2a,fg2_pct,efg_pct,ft,fta,ft_pct,orb,drb,trb,ast,stl,blk,tov,pf,pts,game_score,player_name,player_sr_link,school,season
1,20,5,2023-11-18,George Mason,,Robert Morris,REG (Non-Conf),W 83-63,,10,0,2,.000,0,2,.000,0,0,,.000,2,2,1.000,1,0,1,1,0,0,0,0,2,2.0,Page Greenburg,https://www.sports-reference.com/cbb/players/page-greenburg-1.html,george-mason,2023-24
2,21,7,2023-11-26,George Mason,@,Coppin State,REG (Non-Conf),W 70-38,,9,0,1,.000,0,1,.000,0,0,,.000,0,0,,1,1,2,1,0,0,0,2,0,0.2,Page Greenburg,https://www.sports-reference.com/cbb/players/page-greenburg-1.html,george-mason,2023-24
3,22,9,2023-12-09,George Mason,@,Mount St. Mary's,REG (Non-Conf),W 77-30,,15,4,8,.500,4,7,.571,0,1,.000,.750,0,0,,1,1,2,0,0,0,0,0,12,9.0,Page Greenburg,https://www.sports-reference.com/cbb/players/page-greenburg-1.html,george-mason,2023-24
4,23,10,2023-12-18,George Mason,@,East Carolina,REG (Non-Conf),L 44-65,,6,0,3,.000,0,2,.000,0,1,.000,.000,0,0,,0,0,0,0,0,0,1,1,0,-3.5,Page Greenburg,https://www.sports-reference.com/cbb/players/page-greenburg-1.html,george-mason,2023-24
5,24,12,2023-12-30,George Mason,,La Salle,REG (Conf),W 74-37,,13,3,6,.500,2,5,.400,1,1,1.000,.667,3,4,.750,0,1,1,0,0,0,0,2,11,7.1,Page Greenburg,https://www.sports-reference.com/cbb/players/page-greenburg-1.html,george-mason,2023-24
6,25,14,2024-01-07,George Mason,@,Duquesne,REG (Conf),W 101-75,,2,0,0,,0,0,,0,0,,,0,0,,0,0,0,1,0,0,0,0,0,0.7,Page Greenburg,https://www.sports-reference.com/cbb/players/page-greenburg-1.html,george-mason,2023-24
