ranker,player_game_num_career,team_game_num_season,date,team_name_abbr,game_location,opp_name_abbr,game_type,game_result,is_starter,mp,fg,fga,fg_pct,fg3,fg3a,fg3_pct,fg2,fg2a,fg2_pct,efg_pct,ft,fta,ft_pct,orb,drb,trb,ast,stl,blk,tov,pf,pts,game_score,player_name,player_sr_link,school,season
1,1,1,2023-11-06,George Mason,,Bowie St.,REG (Non-Conf),W 96-45,,18,5,12,.417,2,2,1.000,3,10,.300,.500,5,8,.625,6,4,10,1,2,0,0,2,17,16.7,Zahirah Walton,https://www.sports-reference.com/cbb/players/zahirah-walton-1.html,george-mason,2023-24
2,2,2,2023-11-09,George Mason,,Marshall,REG (Non-Conf),W 84-77,,18,5,10,.500,0,1,.000,5,9,.556,.500,1,2,.500,6,2,8,0,2,0,2,2,11,9.6,Zahirah Walton,https://www.sports-reference.com/cbb/players/zahirah-walton-1.html,george-mason,2023-24
3,3,3,2023-11-12,George Mason,@,William & Mary,REG (Non-Conf),W 77-72,,12,2,3,.667,0,0,,2,3,.667,.667,0,0,,0,0,0,0,0,0,0,4,4,1.1,Zahirah Walton,https://www.sports-reference.com/cbb/players/zahirah-walton-1.html,george-mason,2023-24
4,4,4,2023-11-15,George Mason,,Pittsburgh,REG (Non-Conf),W 60-52,,16,3,8,.375,0,1,.000,3,7,.429,.375,2,3,.667,0,2,2,1,0,1,0,1,8,4.8,Zahirah Walton,https://www.sports-reference.com/cbb/players/zahirah-walton-1.html,george-mason,2023-24
5,5,5,2023-11-18,George Mason,,Robert Morris,REG (Non-Conf),W 83-63,,20,1,5,.200,0,1,.000,1,4,.250,.200,6,8,.750,1,3,4,0,3,0,1,2,8,6.9,Zahirah Walton,https://www.sports-reference.com/cbb/players/zahirah-walton-1.html,george-mason,2023-24
6,6,6,2023-11-22,George Mason,@,American,REG (Non-Conf),W 72-62,,6,0,0,,0,0,,0,0,,,0,0,,1,1,2,0,0,0,2,1,0,-1.4,Zahirah Walton,https://www.sports-reference.com/cbb/players/zahirah-walton-1.html,george-mason,2023-24
7,7,7,2023-11-26,George Mason,@,Coppin State,REG (Non-Conf),W 70-38,,17,3,6,.500,0,0,,3,6,.500,.500,3,5,.600,0,1,1,0,1,0,0,2,9,5.7,Zahirah Walton,https://www.sports-reference.com/cbb/players/zahirah-walton-1.html,george-mason,2023-24
8,8,8,2023-12-03,George Mason,@,Maryland,REG (Non-Conf),L 77-86,,36,6,16,.375,0,2,.000,6,14,.429,.375,6,10,.600,8,6,14,0,1,0,2,3,18,12.8,Zahirah Walton,https://www.sports-reference.com/cbb/players/zahirah-walton-1.html,george-mason,2023-24
9,9,9,2023-12-09,George Mason,@,Mount St. Mary's,REG (Non-Conf),W 77-30,,22,4,11,.364,0,1,.000,4,10,.400,.364,3,4,.750,2,5,7,0,3,1,1,2,11,9.3,Zahirah Walton,https://www.sports-reference.com/cbb/players/zahirah-walton-1.html,george-mason,2023-24
10,10,10,2023-12-18,George Mason,@,East Carolina,REG (Non-Conf),L 44-65,,20,2,11,.182,0,1,.000,2,10,.200,.182,4,9,.444,4,2,6,1,0,0,1,4,8,0.6,Zahirah Walton,https://www.sports-reference.com/cbb/players/zahirah-walton-1.html,george-mason,2023-24
11,11,11,2023-12-22,George Mason,@,Towson,REG (Non-Conf),W 83-76,,25,7,11,.636,0,1,.000,7,10,.700,.636,9,10,.900,1,2,3,0,3,2,0,0,23,23.4,Zahirah Walton,https://www.sports-reference.com/cbb/players/zahirah-walton-1.html,george-mason,2023-24
12,12,12,2023-12-30,George Mason,,La Salle,REG (Conf),W 74-37,,19,4,7,.571,0,1,.000,4,6,.667,.571,4,7,.571,2,3,5,1,0,1,1,1,12,9.8,Zahirah Walton,https://www.sports-reference.com/cbb/players/zahirah-walton-1.html,george-mason,2023-24
13,13,13,2024-01-02,George Mason,@,Rhode Island,REG (Conf),L 68-70,,19,4,6,.667,0,0,,4,6,.667,.667,7,9,.778,2,5,7,0,2,2,1,3,15,15.7,Zahirah Walton,https://www.sports-reference.com/cbb/players/zahirah-walton-1.html,george-mason,2023-24
14,14,14,2024-01-07,George Mason,@,Duquesne,REG (Conf),W 101-75,,16,3,6,.500,0,0,,3,6,.500,.500,0,0,,3,2,5,1,0,0,1,3,6,4.2,Zahirah Walton,https://www.sports-reference.com/cbb/players/zahirah-walton-1.html,george-mason,2023-24
15,15,15,2024-01-10,George Mason,,Davidson,REG (Conf),W 79-41,,23,4,7,.571,0,1,.000,4,6,.667,.571,4,4,1.000,0,4,4,0,2,2,0,2,12,12.5,Zahirah Walton,https://www.sports-reference.com/cbb/players/zahirah-walton-1.html,george-mason,2023-24
16,16,16,2024-01-17,George Mason,,Saint Louis,REG (Conf),W 91-61,,25,9,15,.600,0,2,.000,9,13,.692,.600,3,3,1.000,2,1,3,2,5,1,2,3,21,19.7,Zahirah Walton,https://www.sports-reference.com/cbb/players/zahirah-walton-1.html,george-mason,2023-24
17,17,17,2024-01-21,George Mason,@,Massachusetts,REG (Conf),W 73-52,,25,4,7,.571,1,2,.500,3,5,.600,.643,5,5,1.000,2,5,7,2,3,0,4,1,14,13.6,Zahirah Walton,https://www.sports-reference.com/cbb/players/zahirah-walton-1.html,george-mason,2023-24
18,18,18,2024-01-24,George Mason,@,George Washington,REG (Conf),W 57-41,,30,6,12,.500,1,2,.500,5,10,.500,.542,10,10,1.000,9,7,16,0,2,2,3,3,23,24.6,Zahirah Walton,https://www.sports-reference.com/cbb/players/zahirah-walton-1.html,george-mason,2023-24
19,19,19,2024-01-28,George Mason,,VCU,REG (Conf),W 60-47,,24,5,11,.455,1,1,1.000,4,10,.400,.500,2,2,1.000,3,6,9,1,0,2,2,4,13,9.7,Zahirah Walton,https://www.sports-reference.com/cbb/players/zahirah-walton-1.html,george-mason,2023-24
20,20,20,2024-01-31,George Mason,,Fordham,REG (Conf),W 54-47,,17,1,5,.200,0,0,,1,5,.200,.200,0,0,,1,0,1,0,0,1,1,3,2,-1.9,Zahirah Walton,https://www.sports-reference.com/cbb/players/zahirah-walton-1.html,george-mason,2023-24
21,21,21,2024-02-03,George Mason,@,Loyola Chicago,REG (Conf),W 61-52,,29,3,10,.300,0,3,.000,3,7,.429,.300,0,0,,3,2,5,0,0,2,1,3,6,2.1,Zahirah Walton,https://www.sports-reference.com/cbb/players/zahirah-walton-1.html,george-mason,2023-24
22,22,22,2024-02-08,George Mason,,Saint Joseph's,REG (Conf),L 47-59,,28,3,8,.375,0,2,.000,3,6,.500,.375,0,2,.000,1,2,3,0,1,2,0,2,6,3.7,Zahirah Walton,https://www.sports-reference.com/cbb/players/zahirah-walton-1.html,george-mason,2023-24
23,23,23,2024-02-11,George Mason,@,Dayton,REG (Conf),W 74-50,,25,6,11,.545,1,2,.500,5,9,.556,.591,6,6,1.000,3,5,8,1,3,1,2,2,19,18.9,Zahirah Walton,https://www.sports-reference.com/cbb/players/zahirah-walton-1.html,george-mason,2023-24
24,24,25,2024-02-17,George Mason,,George Washington,REG (Conf),W 60-57,,17,1,3,.333,0,0,,1,3,.333,.333,1,2,.500,0,3,3,0,1,0,1,3,3,0.6,Zahirah Walton,https://www.sports-reference.com/cbb/players/zahirah-walton-1.html,george-mason,2023-24
25,25,26,2024-02-21,George Mason,@,St. Bonaventure,REG (Conf),W 57-53,,24,1,7,.143,0,1,.000,1,6,.167,.143,2,2,1.000,3,3,6,1,1,5,3,2,4,3.9,Zahirah Walton,https://www.sports-reference.com/cbb/players/zahirah-walton-1.html,george-mason,2023-24
26,26,27,2024-02-24,George Mason,,Richmond,REG (Conf),W 82-76 (OT),,32,6,16,.375,0,1,.000,6,15,.400,.375,6,7,.857,8,6,14,1,2,2,0,2,18,19.5,Zahirah Walton,https://www.sports-reference.com/cbb/players/zahirah-walton-1.html,george-mason,2023-24
27,27,28,2024-02-28,George Mason,,Dayton,REG (Conf),W 78-53,,20,2,4,.500,0,1,.000,2,3,.667,.500,6,6,1.000,0,0,0,0,0,2,1,3,10,7.2,Zahirah Walton,https://www.sports-reference.com/cbb/players/zahirah-walton-1.html,george-mason,2023-24
28,28,29,2024-03-02,George Mason,@,VCU,REG (Conf),L 56-61,,31,4,11,.364,0,2,.000,4,9,.444,.364,0,1,.000,2,4,6,1,1,2,2,2,8,4.4,Zahirah Walton,https://www.sports-reference.com/cbb/players/zahirah-walton-1.html,george-mason,2023-24
29,29,30,2024-03-08,George Mason,N,Duquesne,CTOURN,L 62-63,,22,2,10,.200,1,2,.500,1,8,.125,.250,2,2,1.000,4,3,7,0,2,0,2,2,7,3.7,Zahirah Walton,https://www.sports-reference.com/cbb/players/zahirah-walton-1.html,george-mason,2023-24
30,30,31,2024-03-21,George Mason,@,Penn State,WBIT,L 80-84 (OT),,37,9,16,.563,2,4,.500,7,12,.583,.625,4,5,.800,1,2,3,2,3,2,2,5,24,19.1,Zahirah Walton,https://www.sports-reference.com/cbb/players/zahirah-walton-1.html,george-mason,2023-24
