ranker,player_game_num_career,team_game_num_season,date,team_name_abbr,game_location,opp_name_abbr,game_type,game_result,is_starter,mp,fg,fga,fg_pct,fg3,fg3a,fg3_pct,fg2,fg2a,fg2_pct,efg_pct,ft,fta,ft_pct,orb,drb,trb,ast,stl,blk,tov,pf,pts,game_score,player_name,player_sr_link,school,season
1,98,1,2019-11-05,Jacksonville State,@,Vanderbilt,REG (Non-Conf),L 66-88,*,18,1,6,.167,0,0,,1,6,.167,.167,0,0,,0,5,5,0,1,3,1,4,2,0.2,Chloe Long,https://www.sports-reference.com/cbb/players/chloe-long-1.html,jacksonville-state,2019-20
2,99,2,2019-11-09,Jacksonville State,,Florida A&M,REG (Non-Conf),W 72-67,,30,1,5,.200,0,0,,1,5,.200,.200,1,6,.167,3,4,7,3,1,2,1,1,3,4.3,Chloe Long,https://www.sports-reference.com/cbb/players/chloe-long-1.html,jacksonville-state,2019-20
3,100,3,2019-11-12,Jacksonville State,,Lipscomb,REG (Non-Conf),W 65-63,,30,1,2,.500,0,0,,1,2,.500,.500,2,2,1.000,2,3,5,4,1,0,0,2,4,8.3,Chloe Long,https://www.sports-reference.com/cbb/players/chloe-long-1.html,jacksonville-state,2019-20
4,101,4,2019-11-16,Jacksonville State,@,Troy,REG (Non-Conf),L 64-94,,23,1,3,.333,0,0,,1,3,.333,.333,0,0,,1,4,5,1,0,1,3,3,2,-0.6,Chloe Long,https://www.sports-reference.com/cbb/players/chloe-long-1.html,jacksonville-state,2019-20
5,102,5,2019-11-20,Jacksonville State,@,Alabama State,REG (Non-Conf),L 63-68,*,35,3,4,.750,0,0,,3,4,.750,.750,2,4,.500,1,4,5,0,0,0,2,2,8,4.7,Chloe Long,https://www.sports-reference.com/cbb/players/chloe-long-1.html,jacksonville-state,2019-20
6,103,6,2019-11-24,Jacksonville State,,Fort Valley St.,REG (Non-Conf),W 87-65,*,26,1,3,.333,0,0,,1,3,.333,.333,0,1,.000,2,5,7,3,3,0,2,1,2,5.5,Chloe Long,https://www.sports-reference.com/cbb/players/chloe-long-1.html,jacksonville-state,2019-20
7,104,7,2019-11-29,Jacksonville State,,Northern Kentucky,REG (Non-Conf),L 63-66,*,32,5,9,.556,0,0,,5,9,.556,.556,0,0,,1,6,7,2,3,0,1,4,10,10.0,Chloe Long,https://www.sports-reference.com/cbb/players/chloe-long-1.html,jacksonville-state,2019-20
8,105,8,2019-12-01,Jacksonville State,,Oakland,REG (Non-Conf),L 55-61,*,33,2,9,.222,0,1,.000,2,8,.250,.222,0,1,.000,3,2,5,1,1,3,2,1,4,2.2,Chloe Long,https://www.sports-reference.com/cbb/players/chloe-long-1.html,jacksonville-state,2019-20
9,106,9,2019-12-08,Jacksonville State,,Clark Atlanta,REG (Non-Conf),W 75-46,*,29,3,4,.750,0,0,,3,4,.750,.750,0,0,,1,5,6,3,1,2,1,0,6,10.1,Chloe Long,https://www.sports-reference.com/cbb/players/chloe-long-1.html,jacksonville-state,2019-20
10,107,10,2019-12-20,Jacksonville State,,Jacksonville,REG (Non-Conf),L 40-55,*,34,2,5,.400,0,0,,2,5,.400,.400,0,0,,2,5,7,1,1,0,1,1,4,4.5,Chloe Long,https://www.sports-reference.com/cbb/players/chloe-long-1.html,jacksonville-state,2019-20
11,108,11,2019-12-28,Jacksonville State,@,Auburn,REG (Non-Conf),L 53-62,*,27,0,1,.000,0,0,,0,1,.000,.000,0,0,,0,2,2,3,1,1,4,0,0,-0.3,Chloe Long,https://www.sports-reference.com/cbb/players/chloe-long-1.html,jacksonville-state,2019-20
12,109,12,2020-01-02,Jacksonville State,@,Morehead State,REG (Conf),L 48-67,*,23,2,5,.400,0,0,,2,5,.400,.400,0,0,,1,3,4,0,1,2,1,3,4,3.1,Chloe Long,https://www.sports-reference.com/cbb/players/chloe-long-1.html,jacksonville-state,2019-20
13,110,13,2020-01-04,Jacksonville State,@,Eastern Kentucky,REG (Conf),W 43-33,*,37,3,7,.429,0,1,.000,3,6,.500,.429,0,0,,4,8,12,0,2,1,2,0,6,8.2,Chloe Long,https://www.sports-reference.com/cbb/players/chloe-long-1.html,jacksonville-state,2019-20
14,111,14,2020-01-09,Jacksonville State,,Murray State,REG (Conf),W 68-51,*,32,4,9,.444,0,0,,4,9,.444,.444,5,6,.833,5,7,12,1,1,4,3,1,13,14.6,Chloe Long,https://www.sports-reference.com/cbb/players/chloe-long-1.html,jacksonville-state,2019-20
15,112,15,2020-01-11,Jacksonville State,,Austin Peay,REG (Conf),L 57-63,*,32,2,5,.400,0,0,,2,5,.400,.400,1,2,.500,4,12,16,2,0,2,0,2,5,10.3,Chloe Long,https://www.sports-reference.com/cbb/players/chloe-long-1.html,jacksonville-state,2019-20
16,113,16,2020-01-16,Jacksonville State,@,Eastern Illinois,REG (Conf),L 52-55,*,33,0,4,.000,0,1,.000,0,3,.000,.000,0,0,,2,6,8,0,0,3,1,3,0,0.3,Chloe Long,https://www.sports-reference.com/cbb/players/chloe-long-1.html,jacksonville-state,2019-20
17,114,17,2020-01-18,Jacksonville State,@,SIU Edwardsville,REG (Conf),W 53-44,*,30,4,6,.667,0,0,,4,6,.667,.667,1,4,.250,1,1,2,0,1,1,5,4,9,1.3,Chloe Long,https://www.sports-reference.com/cbb/players/chloe-long-1.html,jacksonville-state,2019-20
18,115,18,2020-01-23,Jacksonville State,,Eastern Kentucky,REG (Conf),W 68-54,*,30,3,5,.600,0,1,.000,3,4,.750,.600,0,0,,4,3,7,4,0,1,0,0,6,10.9,Chloe Long,https://www.sports-reference.com/cbb/players/chloe-long-1.html,jacksonville-state,2019-20
19,116,19,2020-01-25,Jacksonville State,,Morehead State,REG (Conf),L 55-69,*,29,1,5,.200,0,0,,1,5,.200,.200,2,3,.667,1,6,7,2,0,1,0,2,4,4.3,Chloe Long,https://www.sports-reference.com/cbb/players/chloe-long-1.html,jacksonville-state,2019-20
20,117,20,2020-01-30,Jacksonville State,,Tennessee State,REG (Conf),W 70-48,*,18,3,5,.600,0,0,,3,5,.600,.600,0,2,.000,4,2,6,0,0,2,0,4,6,6.1,Chloe Long,https://www.sports-reference.com/cbb/players/chloe-long-1.html,jacksonville-state,2019-20
21,118,21,2020-02-01,Jacksonville State,,Belmont,REG (Conf),W 60-41,*,33,3,7,.429,0,1,.000,3,6,.500,.429,0,1,.000,3,10,13,1,1,4,2,1,6,9.1,Chloe Long,https://www.sports-reference.com/cbb/players/chloe-long-1.html,jacksonville-state,2019-20
22,119,22,2020-02-06,Jacksonville State,@,Southeast Missouri State,REG (Conf),L 52-79,*,27,0,2,.000,0,0,,0,2,.000,.000,2,4,.500,0,5,5,0,0,1,1,0,2,1.0,Chloe Long,https://www.sports-reference.com/cbb/players/chloe-long-1.html,jacksonville-state,2019-20
23,120,23,2020-02-08,Jacksonville State,@,UT Martin,REG (Conf),L 72-86,*,21,1,2,.500,0,0,,1,2,.500,.500,0,0,,0,3,3,0,0,0,0,5,2,-0.1,Chloe Long,https://www.sports-reference.com/cbb/players/chloe-long-1.html,jacksonville-state,2019-20
24,121,24,2020-02-13,Jacksonville State,@,Tennessee Tech,REG (Conf),W 66-50,*,32,2,2,1.000,0,0,,2,2,1.000,1.000,0,0,,1,9,10,2,1,1,2,2,4,7.1,Chloe Long,https://www.sports-reference.com/cbb/players/chloe-long-1.html,jacksonville-state,2019-20
25,122,25,2020-02-15,Jacksonville State,@,Belmont,REG (Conf),L 49-61,*,28,1,7,.143,0,0,,1,7,.143,.143,0,0,,1,4,5,0,1,0,1,3,2,-1.8,Chloe Long,https://www.sports-reference.com/cbb/players/chloe-long-1.html,jacksonville-state,2019-20
26,123,26,2020-02-20,Jacksonville State,,Southeast Missouri State,REG (Conf),W 72-51,*,34,1,5,.200,0,0,,1,5,.200,.200,2,4,.500,2,6,8,5,2,1,0,2,4,8.7,Chloe Long,https://www.sports-reference.com/cbb/players/chloe-long-1.html,jacksonville-state,2019-20
27,124,27,2020-02-22,Jacksonville State,,UT Martin,REG (Conf),L 56-73,*,25,2,4,.500,0,0,,2,4,.500,.500,0,0,,0,5,5,0,1,0,0,4,4,2.9,Chloe Long,https://www.sports-reference.com/cbb/players/chloe-long-1.html,jacksonville-state,2019-20
28,125,28,2020-02-27,Jacksonville State,@,Tennessee State,REG (Conf),W 63-45,*,27,3,7,.429,0,0,,3,7,.429,.429,1,2,.500,2,8,10,0,1,3,1,0,7,8.8,Chloe Long,https://www.sports-reference.com/cbb/players/chloe-long-1.html,jacksonville-state,2019-20
29,126,29,2020-02-29,Jacksonville State,,Tennessee Tech,REG (Conf),W 64-61,*,33,3,5,.600,0,0,,3,5,.600,.600,0,1,.000,1,4,5,2,2,0,1,1,6,7.2,Chloe Long,https://www.sports-reference.com/cbb/players/chloe-long-1.html,jacksonville-state,2019-20
30,127,30,2020-03-05,Jacksonville State,@,Eastern Illinois,CTOURN,L 46-49,*,29,0,3,.000,0,0,,0,3,.000,.000,0,0,,0,6,6,0,0,0,2,4,0,-3.9,Chloe Long,https://www.sports-reference.com/cbb/players/chloe-long-1.html,jacksonville-state,2019-20
