ranker,player_game_num_career,team_game_num_season,date,team_name_abbr,game_location,opp_name_abbr,game_type,game_result,is_starter,mp,fg,fga,fg_pct,fg3,fg3a,fg3_pct,fg2,fg2a,fg2_pct,efg_pct,ft,fta,ft_pct,orb,drb,trb,ast,stl,blk,tov,pf,pts,game_score,player_name,player_sr_link,school,season
1,92,1,2019-11-05,Jacksonville State,@,Vanderbilt,REG (Non-Conf),L 66-88,*,29,5,8,.625,5,7,.714,0,1,.000,.938,3,4,.750,0,7,7,0,0,2,3,3,18,13.3,Destiney Elliott,https://www.sports-reference.com/cbb/players/destiney-elliott-1.html,jacksonville-state,2019-20
2,93,2,2019-11-09,Jacksonville State,,Florida A&M,REG (Non-Conf),W 72-67,*,32,3,10,.300,1,6,.167,2,4,.500,.350,1,2,.500,4,4,8,2,2,1,5,2,8,4.1,Destiney Elliott,https://www.sports-reference.com/cbb/players/destiney-elliott-1.html,jacksonville-state,2019-20
3,94,3,2019-11-12,Jacksonville State,,Lipscomb,REG (Non-Conf),W 65-63,*,25,3,8,.375,2,7,.286,1,1,1.000,.500,2,4,.500,1,3,4,1,1,3,1,1,10,8.8,Destiney Elliott,https://www.sports-reference.com/cbb/players/destiney-elliott-1.html,jacksonville-state,2019-20
4,95,4,2019-11-16,Jacksonville State,@,Troy,REG (Non-Conf),L 64-94,,28,4,8,.500,3,5,.600,1,3,.333,.688,3,4,.750,2,5,7,1,1,1,1,3,14,12.7,Destiney Elliott,https://www.sports-reference.com/cbb/players/destiney-elliott-1.html,jacksonville-state,2019-20
5,96,5,2019-11-20,Jacksonville State,@,Alabama State,REG (Non-Conf),L 63-68,*,30,3,11,.273,1,9,.111,2,2,1.000,.318,3,5,.600,0,1,1,3,0,0,3,4,10,0.5,Destiney Elliott,https://www.sports-reference.com/cbb/players/destiney-elliott-1.html,jacksonville-state,2019-20
6,97,6,2019-11-24,Jacksonville State,,Fort Valley St.,REG (Non-Conf),W 87-65,*,29,5,9,.556,2,4,.500,3,5,.600,.667,7,7,1.000,0,8,8,8,2,0,0,0,19,24.7,Destiney Elliott,https://www.sports-reference.com/cbb/players/destiney-elliott-1.html,jacksonville-state,2019-20
7,98,7,2019-11-29,Jacksonville State,,Northern Kentucky,REG (Non-Conf),L 63-66,*,36,3,16,.188,3,13,.231,0,3,.000,.281,0,0,,1,5,6,1,0,2,5,2,9,-2.5,Destiney Elliott,https://www.sports-reference.com/cbb/players/destiney-elliott-1.html,jacksonville-state,2019-20
8,99,8,2019-12-01,Jacksonville State,,Oakland,REG (Non-Conf),L 55-61,*,28,3,14,.214,1,8,.125,2,6,.333,.250,3,4,.750,1,5,6,1,0,0,3,0,10,0.9,Destiney Elliott,https://www.sports-reference.com/cbb/players/destiney-elliott-1.html,jacksonville-state,2019-20
9,100,9,2019-12-08,Jacksonville State,,Clark Atlanta,REG (Non-Conf),W 75-46,*,30,5,14,.357,4,10,.400,1,4,.250,.500,2,5,.400,0,12,12,5,3,1,0,2,16,17.0,Destiney Elliott,https://www.sports-reference.com/cbb/players/destiney-elliott-1.html,jacksonville-state,2019-20
10,101,10,2019-12-20,Jacksonville State,,Jacksonville,REG (Non-Conf),L 40-55,*,21,5,15,.333,5,11,.455,0,4,.000,.500,1,2,.500,2,9,11,1,0,2,5,3,16,7.1,Destiney Elliott,https://www.sports-reference.com/cbb/players/destiney-elliott-1.html,jacksonville-state,2019-20
11,102,11,2019-12-28,Jacksonville State,@,Auburn,REG (Non-Conf),L 53-62,*,29,6,13,.462,6,11,.545,0,2,.000,.692,3,3,1.000,2,4,6,1,0,0,4,3,21,12.4,Destiney Elliott,https://www.sports-reference.com/cbb/players/destiney-elliott-1.html,jacksonville-state,2019-20
12,103,12,2020-01-02,Jacksonville State,@,Morehead State,REG (Conf),L 48-67,*,22,0,9,.000,0,7,.000,0,2,.000,.000,2,2,1.000,0,5,5,0,1,0,1,2,2,-3.6,Destiney Elliott,https://www.sports-reference.com/cbb/players/destiney-elliott-1.html,jacksonville-state,2019-20
13,104,15,2020-01-11,Jacksonville State,,Austin Peay,REG (Conf),L 57-63,,8,1,4,.250,1,4,.250,0,0,,.375,0,0,,0,0,0,1,0,0,1,2,3,-0.5,Destiney Elliott,https://www.sports-reference.com/cbb/players/destiney-elliott-1.html,jacksonville-state,2019-20
14,105,16,2020-01-16,Jacksonville State,@,Eastern Illinois,REG (Conf),L 52-55,,21,4,14,.286,2,9,.222,2,5,.400,.357,0,0,,3,3,6,4,0,2,0,3,10,7.8,Destiney Elliott,https://www.sports-reference.com/cbb/players/destiney-elliott-1.html,jacksonville-state,2019-20
15,106,17,2020-01-18,Jacksonville State,@,SIU Edwardsville,REG (Conf),W 53-44,,25,4,11,.364,3,8,.375,1,3,.333,.500,0,0,,0,3,3,0,0,1,2,1,11,4.1,Destiney Elliott,https://www.sports-reference.com/cbb/players/destiney-elliott-1.html,jacksonville-state,2019-20
16,107,18,2020-01-23,Jacksonville State,,Eastern Kentucky,REG (Conf),W 68-54,*,31,8,16,.500,4,9,.444,4,7,.571,.625,4,4,1.000,3,6,9,4,1,0,0,2,24,22.9,Destiney Elliott,https://www.sports-reference.com/cbb/players/destiney-elliott-1.html,jacksonville-state,2019-20
17,108,19,2020-01-25,Jacksonville State,,Morehead State,REG (Conf),L 55-69,*,26,3,11,.273,2,7,.286,1,4,.250,.364,1,3,.333,0,3,3,1,1,0,2,2,9,1.5,Destiney Elliott,https://www.sports-reference.com/cbb/players/destiney-elliott-1.html,jacksonville-state,2019-20
18,109,20,2020-01-30,Jacksonville State,,Tennessee State,REG (Conf),W 70-48,*,30,4,8,.500,2,6,.333,2,2,1.000,.625,2,5,.400,0,9,9,3,1,1,3,2,12,9.5,Destiney Elliott,https://www.sports-reference.com/cbb/players/destiney-elliott-1.html,jacksonville-state,2019-20
19,110,21,2020-02-01,Jacksonville State,,Belmont,REG (Conf),W 60-41,*,34,4,16,.250,2,10,.200,2,6,.333,.313,0,0,,0,5,5,2,1,1,1,1,10,3.6,Destiney Elliott,https://www.sports-reference.com/cbb/players/destiney-elliott-1.html,jacksonville-state,2019-20
20,111,22,2020-02-06,Jacksonville State,@,Southeast Missouri State,REG (Conf),L 52-79,*,27,3,8,.375,2,5,.400,1,3,.333,.500,2,4,.500,2,6,8,1,0,1,3,4,10,4.8,Destiney Elliott,https://www.sports-reference.com/cbb/players/destiney-elliott-1.html,jacksonville-state,2019-20
21,112,23,2020-02-08,Jacksonville State,@,UT Martin,REG (Conf),L 72-86,*,37,5,10,.500,3,5,.600,2,5,.400,.650,2,2,1.000,2,8,10,4,2,1,2,3,15,16.1,Destiney Elliott,https://www.sports-reference.com/cbb/players/destiney-elliott-1.html,jacksonville-state,2019-20
22,113,24,2020-02-13,Jacksonville State,@,Tennessee Tech,REG (Conf),W 66-50,*,32,9,16,.563,2,6,.333,7,10,.700,.625,2,2,1.000,0,5,5,1,1,1,3,3,22,14.1,Destiney Elliott,https://www.sports-reference.com/cbb/players/destiney-elliott-1.html,jacksonville-state,2019-20
23,114,25,2020-02-15,Jacksonville State,@,Belmont,REG (Conf),L 49-61,*,28,1,11,.091,0,6,.000,1,5,.200,.091,3,3,1.000,1,3,4,1,0,2,0,4,5,-0.2,Destiney Elliott,https://www.sports-reference.com/cbb/players/destiney-elliott-1.html,jacksonville-state,2019-20
24,115,26,2020-02-20,Jacksonville State,,Southeast Missouri State,REG (Conf),W 72-51,*,27,5,10,.500,4,7,.571,1,3,.333,.700,0,0,,1,2,3,0,0,0,3,4,14,5.7,Destiney Elliott,https://www.sports-reference.com/cbb/players/destiney-elliott-1.html,jacksonville-state,2019-20
25,116,27,2020-02-22,Jacksonville State,,UT Martin,REG (Conf),L 56-73,*,30,5,13,.385,1,6,.167,4,7,.571,.423,4,4,1.000,0,7,7,0,1,0,2,0,15,9.0,Destiney Elliott,https://www.sports-reference.com/cbb/players/destiney-elliott-1.html,jacksonville-state,2019-20
26,117,28,2020-02-27,Jacksonville State,@,Tennessee State,REG (Conf),W 63-45,*,25,6,14,.429,5,9,.556,1,5,.200,.607,1,2,.500,2,2,4,1,1,1,1,0,18,13.6,Destiney Elliott,https://www.sports-reference.com/cbb/players/destiney-elliott-1.html,jacksonville-state,2019-20
27,118,29,2020-02-29,Jacksonville State,,Tennessee Tech,REG (Conf),W 64-61,*,31,5,13,.385,1,6,.167,4,7,.571,.423,1,2,.500,0,7,7,1,0,0,2,2,12,4.5,Destiney Elliott,https://www.sports-reference.com/cbb/players/destiney-elliott-1.html,jacksonville-state,2019-20
28,119,30,2020-03-05,Jacksonville State,@,Eastern Illinois,CTOURN,L 46-49,*,33,5,12,.417,3,7,.429,2,5,.400,.542,0,0,,2,5,7,4,0,1,3,3,13,8.8,Destiney Elliott,https://www.sports-reference.com/cbb/players/destiney-elliott-1.html,jacksonville-state,2019-20
