ranker,player_game_num_career,team_game_num_season,date,team_name_abbr,game_location,opp_name_abbr,game_type,game_result,is_starter,mp,fg,fga,fg_pct,fg3,fg3a,fg3_pct,fg2,fg2a,fg2_pct,efg_pct,ft,fta,ft_pct,orb,drb,trb,ast,stl,blk,tov,pf,pts,game_score,player_name,player_sr_link,school,season
1,47,1,2019-11-05,Jacksonville State,@,Vanderbilt,REG (Non-Conf),L 66-88,,16,1,8,.125,1,5,.200,0,3,.000,.188,1,2,.500,0,0,0,1,0,0,0,0,4,-0.9,Jayla Walker,https://www.sports-reference.com/cbb/players/jayla-walker-1.html,jacksonville-state,2019-20
2,48,3,2019-11-12,Jacksonville State,,Lipscomb,REG (Non-Conf),W 65-63,,9,2,6,.333,2,4,.500,0,2,.000,.500,0,0,,0,0,0,0,0,0,0,1,6,2.2,Jayla Walker,https://www.sports-reference.com/cbb/players/jayla-walker-1.html,jacksonville-state,2019-20
3,49,4,2019-11-16,Jacksonville State,@,Troy,REG (Non-Conf),L 64-94,,18,3,9,.333,1,4,.250,2,5,.400,.389,0,0,,1,3,4,0,0,0,2,1,7,1.1,Jayla Walker,https://www.sports-reference.com/cbb/players/jayla-walker-1.html,jacksonville-state,2019-20
4,50,5,2019-11-20,Jacksonville State,@,Alabama State,REG (Non-Conf),L 63-68,,9,0,3,.000,0,1,.000,0,2,.000,.000,2,4,.500,1,0,1,0,0,0,0,0,2,-0.2,Jayla Walker,https://www.sports-reference.com/cbb/players/jayla-walker-1.html,jacksonville-state,2019-20
5,51,7,2019-11-29,Jacksonville State,,Northern Kentucky,REG (Non-Conf),L 63-66,,16,4,7,.571,3,5,.600,1,2,.500,.786,1,4,.250,1,4,5,1,0,0,0,1,12,9.7,Jayla Walker,https://www.sports-reference.com/cbb/players/jayla-walker-1.html,jacksonville-state,2019-20
6,52,8,2019-12-01,Jacksonville State,,Oakland,REG (Non-Conf),L 55-61,,28,2,7,.286,0,3,.000,2,4,.500,.286,0,0,,1,2,3,0,3,0,0,2,4,3.4,Jayla Walker,https://www.sports-reference.com/cbb/players/jayla-walker-1.html,jacksonville-state,2019-20
7,53,9,2019-12-08,Jacksonville State,,Clark Atlanta,REG (Non-Conf),W 75-46,,20,6,14,.429,1,7,.143,5,7,.714,.464,0,0,,1,0,1,1,0,0,1,0,13,6.0,Jayla Walker,https://www.sports-reference.com/cbb/players/jayla-walker-1.html,jacksonville-state,2019-20
8,54,10,2019-12-20,Jacksonville State,,Jacksonville,REG (Non-Conf),L 40-55,,17,1,6,.167,1,6,.167,0,0,,.250,1,2,.500,0,4,4,2,0,1,1,1,4,1.7,Jayla Walker,https://www.sports-reference.com/cbb/players/jayla-walker-1.html,jacksonville-state,2019-20
9,55,11,2019-12-28,Jacksonville State,@,Auburn,REG (Non-Conf),L 53-62,,16,0,4,.000,0,4,.000,0,0,,.000,0,0,,0,3,3,1,0,0,0,0,0,-1.2,Jayla Walker,https://www.sports-reference.com/cbb/players/jayla-walker-1.html,jacksonville-state,2019-20
10,56,12,2020-01-02,Jacksonville State,@,Morehead State,REG (Conf),L 48-67,,15,1,3,.333,0,2,.000,1,1,1.000,.333,0,0,,0,0,0,1,0,0,0,1,2,0.6,Jayla Walker,https://www.sports-reference.com/cbb/players/jayla-walker-1.html,jacksonville-state,2019-20
11,57,13,2020-01-04,Jacksonville State,@,Eastern Kentucky,REG (Conf),W 43-33,,6,0,1,.000,0,1,.000,0,0,,.000,0,0,,0,1,1,0,0,0,0,0,0,-0.4,Jayla Walker,https://www.sports-reference.com/cbb/players/jayla-walker-1.html,jacksonville-state,2019-20
12,58,14,2020-01-09,Jacksonville State,,Murray State,REG (Conf),W 68-51,,15,2,5,.400,1,3,.333,1,2,.500,.500,0,0,,0,0,0,0,1,1,0,1,5,3.6,Jayla Walker,https://www.sports-reference.com/cbb/players/jayla-walker-1.html,jacksonville-state,2019-20
13,59,15,2020-01-11,Jacksonville State,,Austin Peay,REG (Conf),L 57-63,,22,3,9,.333,0,5,.000,3,4,.750,.333,0,0,,0,3,3,2,0,1,0,2,6,3.1,Jayla Walker,https://www.sports-reference.com/cbb/players/jayla-walker-1.html,jacksonville-state,2019-20
14,60,16,2020-01-16,Jacksonville State,@,Eastern Illinois,REG (Conf),L 52-55,*,23,0,6,.000,0,3,.000,0,3,.000,.000,0,0,,2,0,2,0,0,1,2,1,0,-4.5,Jayla Walker,https://www.sports-reference.com/cbb/players/jayla-walker-1.html,jacksonville-state,2019-20
15,61,17,2020-01-18,Jacksonville State,@,SIU Edwardsville,REG (Conf),W 53-44,*,19,1,7,.143,0,3,.000,1,4,.250,.143,0,0,,0,1,1,1,0,1,1,0,2,-1.8,Jayla Walker,https://www.sports-reference.com/cbb/players/jayla-walker-1.html,jacksonville-state,2019-20
16,62,18,2020-01-23,Jacksonville State,,Eastern Kentucky,REG (Conf),W 68-54,,14,0,4,.000,0,3,.000,0,1,.000,.000,1,2,.500,1,1,2,2,1,0,2,2,1,-1.6,Jayla Walker,https://www.sports-reference.com/cbb/players/jayla-walker-1.html,jacksonville-state,2019-20
17,63,19,2020-01-25,Jacksonville State,,Morehead State,REG (Conf),L 55-69,,11,0,0,,0,0,,0,0,,,0,0,,0,0,0,0,0,0,0,0,0,0.0,Jayla Walker,https://www.sports-reference.com/cbb/players/jayla-walker-1.html,jacksonville-state,2019-20
18,64,20,2020-01-30,Jacksonville State,,Tennessee State,REG (Conf),W 70-48,,12,1,4,.250,0,3,.000,1,1,1.000,.250,0,0,,1,3,4,0,1,1,0,0,2,2.9,Jayla Walker,https://www.sports-reference.com/cbb/players/jayla-walker-1.html,jacksonville-state,2019-20
19,65,22,2020-02-06,Jacksonville State,@,Southeast Missouri State,REG (Conf),L 52-79,,2,0,1,.000,0,0,,0,1,.000,.000,0,0,,0,1,1,0,0,1,0,0,0,0.3,Jayla Walker,https://www.sports-reference.com/cbb/players/jayla-walker-1.html,jacksonville-state,2019-20
20,66,23,2020-02-08,Jacksonville State,@,UT Martin,REG (Conf),L 72-86,,5,0,1,.000,0,1,.000,0,0,,.000,0,0,,0,0,0,1,0,0,0,1,0,-0.4,Jayla Walker,https://www.sports-reference.com/cbb/players/jayla-walker-1.html,jacksonville-state,2019-20
21,67,24,2020-02-13,Jacksonville State,@,Tennessee Tech,REG (Conf),W 66-50,,1,0,0,,0,0,,0,0,,,0,0,,0,0,0,0,0,0,0,0,0,0.0,Jayla Walker,https://www.sports-reference.com/cbb/players/jayla-walker-1.html,jacksonville-state,2019-20
22,68,25,2020-02-15,Jacksonville State,@,Belmont,REG (Conf),L 49-61,,1,0,0,,0,0,,0,0,,,0,0,,0,0,0,1,0,0,0,1,0,0.3,Jayla Walker,https://www.sports-reference.com/cbb/players/jayla-walker-1.html,jacksonville-state,2019-20
23,69,26,2020-02-20,Jacksonville State,,Southeast Missouri State,REG (Conf),W 72-51,,0,0,0,,0,0,,0,0,,,0,0,,0,0,0,0,0,0,0,0,0,0.0,Jayla Walker,https://www.sports-reference.com/cbb/players/jayla-walker-1.html,jacksonville-state,2019-20
24,70,28,2020-02-27,Jacksonville State,@,Tennessee State,REG (Conf),W 63-45,,4,0,1,.000,0,0,,0,1,.000,.000,0,0,,0,0,0,1,0,0,0,0,0,0.0,Jayla Walker,https://www.sports-reference.com/cbb/players/jayla-walker-1.html,jacksonville-state,2019-20
25,71,29,2020-02-29,Jacksonville State,,Tennessee Tech,REG (Conf),W 64-61,,0,0,0,,0,0,,0,0,,,0,0,,0,0,0,0,0,0,0,0,0,0.0,Jayla Walker,https://www.sports-reference.com/cbb/players/jayla-walker-1.html,jacksonville-state,2019-20
26,72,30,2020-03-05,Jacksonville State,@,Eastern Illinois,CTOURN,L 46-49,,0,0,0,,0,0,,0,0,,,0,0,,0,0,0,0,0,0,0,0,0,0.0,Jayla Walker,https://www.sports-reference.com/cbb/players/jayla-walker-1.html,jacksonville-state,2019-20
