ranker,player_game_num_career,team_game_num_season,date,team_name_abbr,game_location,opp_name_abbr,game_type,game_result,is_starter,mp,fg,fga,fg_pct,fg3,fg3a,fg3_pct,fg2,fg2a,fg2_pct,efg_pct,ft,fta,ft_pct,orb,drb,trb,ast,stl,blk,tov,pf,pts,game_score,player_name,player_sr_link,school,season
1,48,1,2019-11-05,Jacksonville State,@,Vanderbilt,REG (Non-Conf),L 66-88,*,12,0,1,.000,0,0,,0,1,.000,.000,0,0,,0,1,1,0,1,0,1,1,0,-0.8,Jessie Day,https://www.sports-reference.com/cbb/players/jessie-day-1.html,jacksonville-state,2019-20
2,49,2,2019-11-09,Jacksonville State,,Florida A&M,REG (Non-Conf),W 72-67,*,21,4,8,.500,2,6,.333,2,2,1.000,.625,2,4,.500,1,4,5,0,1,0,2,2,12,7.3,Jessie Day,https://www.sports-reference.com/cbb/players/jessie-day-1.html,jacksonville-state,2019-20
3,50,3,2019-11-12,Jacksonville State,,Lipscomb,REG (Non-Conf),W 65-63,*,16,1,6,.167,1,3,.333,0,3,.000,.250,0,0,,2,3,5,0,0,0,0,1,3,1.1,Jessie Day,https://www.sports-reference.com/cbb/players/jessie-day-1.html,jacksonville-state,2019-20
4,51,4,2019-11-16,Jacksonville State,@,Troy,REG (Non-Conf),L 64-94,*,17,2,9,.222,1,5,.200,1,4,.250,.278,0,0,,3,5,8,0,0,0,1,3,5,0.9,Jessie Day,https://www.sports-reference.com/cbb/players/jessie-day-1.html,jacksonville-state,2019-20
5,52,5,2019-11-20,Jacksonville State,@,Alabama State,REG (Non-Conf),L 63-68,,21,1,3,.333,0,2,.000,1,1,1.000,.333,1,2,.500,2,1,3,0,0,1,1,3,3,1.1,Jessie Day,https://www.sports-reference.com/cbb/players/jessie-day-1.html,jacksonville-state,2019-20
6,53,6,2019-11-24,Jacksonville State,,Fort Valley St.,REG (Non-Conf),W 87-65,,14,0,1,.000,0,1,.000,0,0,,.000,0,0,,1,2,3,1,1,0,0,3,0,1.1,Jessie Day,https://www.sports-reference.com/cbb/players/jessie-day-1.html,jacksonville-state,2019-20
7,54,7,2019-11-29,Jacksonville State,,Northern Kentucky,REG (Non-Conf),L 63-66,,32,2,5,.400,0,0,,2,5,.400,.400,2,2,1.000,3,2,5,3,0,0,0,2,6,7.3,Jessie Day,https://www.sports-reference.com/cbb/players/jessie-day-1.html,jacksonville-state,2019-20
8,55,8,2019-12-01,Jacksonville State,,Oakland,REG (Non-Conf),L 55-61,,23,3,7,.429,1,3,.333,2,4,.500,.500,0,0,,1,2,3,0,2,0,1,3,7,4.4,Jessie Day,https://www.sports-reference.com/cbb/players/jessie-day-1.html,jacksonville-state,2019-20
9,56,9,2019-12-08,Jacksonville State,,Clark Atlanta,REG (Non-Conf),W 75-46,,23,2,4,.500,0,1,.000,2,3,.667,.500,0,2,.000,3,4,7,2,1,0,0,2,4,6.1,Jessie Day,https://www.sports-reference.com/cbb/players/jessie-day-1.html,jacksonville-state,2019-20
10,57,10,2019-12-20,Jacksonville State,,Jacksonville,REG (Non-Conf),L 40-55,,29,0,3,.000,0,1,.000,0,2,.000,.000,0,4,.000,2,10,12,1,2,0,3,3,0,-0.8,Jessie Day,https://www.sports-reference.com/cbb/players/jessie-day-1.html,jacksonville-state,2019-20
11,58,11,2019-12-28,Jacksonville State,@,Auburn,REG (Non-Conf),L 53-62,,17,2,5,.400,2,4,.500,0,1,.000,.600,0,0,,0,2,2,0,1,0,1,2,6,3.1,Jessie Day,https://www.sports-reference.com/cbb/players/jessie-day-1.html,jacksonville-state,2019-20
12,59,12,2020-01-02,Jacksonville State,@,Morehead State,REG (Conf),L 48-67,*,30,3,5,.600,0,1,.000,3,4,.750,.600,0,0,,2,2,4,0,1,2,0,4,6,6.5,Jessie Day,https://www.sports-reference.com/cbb/players/jessie-day-1.html,jacksonville-state,2019-20
13,60,13,2020-01-04,Jacksonville State,@,Eastern Kentucky,REG (Conf),W 43-33,*,20,0,3,.000,0,2,.000,0,1,.000,.000,0,0,,2,1,3,0,1,1,1,4,0,-1.3,Jessie Day,https://www.sports-reference.com/cbb/players/jessie-day-1.html,jacksonville-state,2019-20
14,61,14,2020-01-09,Jacksonville State,,Murray State,REG (Conf),W 68-51,*,34,1,3,.333,0,1,.000,1,2,.500,.333,2,2,1.000,0,10,10,2,1,0,0,1,4,7.3,Jessie Day,https://www.sports-reference.com/cbb/players/jessie-day-1.html,jacksonville-state,2019-20
15,62,15,2020-01-11,Jacksonville State,,Austin Peay,REG (Conf),L 57-63,*,31,4,6,.667,0,0,,4,6,.667,.667,0,0,,1,2,3,0,1,1,1,2,8,6.6,Jessie Day,https://www.sports-reference.com/cbb/players/jessie-day-1.html,jacksonville-state,2019-20
16,63,16,2020-01-16,Jacksonville State,@,Eastern Illinois,REG (Conf),L 52-55,*,37,2,5,.400,0,3,.000,2,2,1.000,.400,0,0,,3,1,4,2,1,0,0,2,4,5.3,Jessie Day,https://www.sports-reference.com/cbb/players/jessie-day-1.html,jacksonville-state,2019-20
17,64,17,2020-01-18,Jacksonville State,@,SIU Edwardsville,REG (Conf),W 53-44,*,34,1,1,1.000,0,0,,1,1,1.000,1.000,3,4,.750,4,3,7,1,1,1,1,3,5,8.2,Jessie Day,https://www.sports-reference.com/cbb/players/jessie-day-1.html,jacksonville-state,2019-20
18,65,18,2020-01-23,Jacksonville State,,Eastern Kentucky,REG (Conf),W 68-54,*,25,4,8,.500,2,3,.667,2,5,.400,.625,0,0,,1,3,4,2,0,1,2,3,10,6.5,Jessie Day,https://www.sports-reference.com/cbb/players/jessie-day-1.html,jacksonville-state,2019-20
19,66,19,2020-01-25,Jacksonville State,,Morehead State,REG (Conf),L 55-69,*,37,2,6,.333,1,4,.250,1,2,.500,.417,0,0,,1,6,7,2,0,0,3,3,5,1.3,Jessie Day,https://www.sports-reference.com/cbb/players/jessie-day-1.html,jacksonville-state,2019-20
20,67,20,2020-01-30,Jacksonville State,,Tennessee State,REG (Conf),W 70-48,*,30,1,5,.200,1,3,.333,0,2,.000,.300,0,0,,1,2,3,1,0,0,0,0,3,1.9,Jessie Day,https://www.sports-reference.com/cbb/players/jessie-day-1.html,jacksonville-state,2019-20
21,68,21,2020-02-01,Jacksonville State,,Belmont,REG (Conf),W 60-41,*,33,0,7,.000,0,5,.000,0,2,.000,.000,0,0,,3,7,10,1,1,0,0,4,0,-0.6,Jessie Day,https://www.sports-reference.com/cbb/players/jessie-day-1.html,jacksonville-state,2019-20
22,69,22,2020-02-06,Jacksonville State,@,Southeast Missouri State,REG (Conf),L 52-79,*,28,2,7,.286,0,2,.000,2,5,.400,.286,1,2,.500,2,1,3,0,0,0,0,3,5,1.0,Jessie Day,https://www.sports-reference.com/cbb/players/jessie-day-1.html,jacksonville-state,2019-20
23,70,23,2020-02-08,Jacksonville State,@,UT Martin,REG (Conf),L 72-86,*,20,2,8,.250,0,4,.000,2,4,.500,.250,2,2,1.000,0,1,1,0,0,0,0,3,6,0.3,Jessie Day,https://www.sports-reference.com/cbb/players/jessie-day-1.html,jacksonville-state,2019-20
24,71,24,2020-02-13,Jacksonville State,@,Tennessee Tech,REG (Conf),W 66-50,*,31,1,2,.500,0,0,,1,2,.500,.500,0,0,,4,4,8,1,1,1,1,1,2,6.0,Jessie Day,https://www.sports-reference.com/cbb/players/jessie-day-1.html,jacksonville-state,2019-20
25,72,25,2020-02-15,Jacksonville State,@,Belmont,REG (Conf),L 49-61,*,25,1,3,.333,1,3,.333,0,0,,.500,2,2,1.000,1,4,5,0,3,1,3,4,5,4.3,Jessie Day,https://www.sports-reference.com/cbb/players/jessie-day-1.html,jacksonville-state,2019-20
26,73,26,2020-02-20,Jacksonville State,,Southeast Missouri State,REG (Conf),W 72-51,*,25,1,3,.333,0,1,.000,1,2,.500,.333,0,0,,1,2,3,0,0,0,0,3,2,0.4,Jessie Day,https://www.sports-reference.com/cbb/players/jessie-day-1.html,jacksonville-state,2019-20
27,74,27,2020-02-22,Jacksonville State,,UT Martin,REG (Conf),L 56-73,*,31,0,3,.000,0,3,.000,0,0,,.000,0,0,,0,0,0,0,0,1,2,4,0,-5.0,Jessie Day,https://www.sports-reference.com/cbb/players/jessie-day-1.html,jacksonville-state,2019-20
28,75,28,2020-02-27,Jacksonville State,@,Tennessee State,REG (Conf),W 63-45,*,32,3,6,.500,2,2,1.000,1,4,.250,.667,0,0,,7,10,17,2,3,1,1,3,8,15.8,Jessie Day,https://www.sports-reference.com/cbb/players/jessie-day-1.html,jacksonville-state,2019-20
29,76,29,2020-02-29,Jacksonville State,,Tennessee Tech,REG (Conf),W 64-61,*,20,0,1,.000,0,1,.000,0,0,,.000,0,0,,0,2,2,1,0,0,0,4,0,-1.0,Jessie Day,https://www.sports-reference.com/cbb/players/jessie-day-1.html,jacksonville-state,2019-20
30,77,30,2020-03-05,Jacksonville State,@,Eastern Illinois,CTOURN,L 46-49,*,31,2,3,.667,1,1,1.000,1,2,.500,.833,0,0,,1,4,5,2,0,0,1,3,5,4.8,Jessie Day,https://www.sports-reference.com/cbb/players/jessie-day-1.html,jacksonville-state,2019-20
