ranker,player_game_num_career,team_game_num_season,date,team_name_abbr,game_location,opp_name_abbr,game_type,game_result,is_starter,mp,fg,fga,fg_pct,fg3,fg3a,fg3_pct,fg2,fg2a,fg2_pct,efg_pct,ft,fta,ft_pct,orb,drb,trb,ast,stl,blk,tov,pf,pts,game_score,player_name,player_sr_link,school,season
1,52,1,2019-11-05,Jacksonville State,@,Vanderbilt,REG (Non-Conf),L 66-88,*,27,2,5,.400,0,0,,2,5,.400,.400,0,1,.000,2,3,5,2,2,0,5,4,4,0.0,Kiana Johnson,https://www.sports-reference.com/cbb/players/kiana-johnson-2.html,jacksonville-state,2019-20
2,53,2,2019-11-09,Jacksonville State,,Florida A&M,REG (Non-Conf),W 72-67,*,34,4,11,.364,0,0,,4,11,.364,.364,8,12,.667,2,3,5,1,1,0,2,1,16,9.9,Kiana Johnson,https://www.sports-reference.com/cbb/players/kiana-johnson-2.html,jacksonville-state,2019-20
3,54,3,2019-11-12,Jacksonville State,,Lipscomb,REG (Non-Conf),W 65-63,*,19,0,3,.000,0,0,,0,3,.000,.000,0,0,,2,1,3,0,0,0,1,2,0,-2.2,Kiana Johnson,https://www.sports-reference.com/cbb/players/kiana-johnson-2.html,jacksonville-state,2019-20
4,55,4,2019-11-16,Jacksonville State,@,Troy,REG (Non-Conf),L 64-94,*,19,2,8,.250,0,1,.000,2,7,.286,.250,2,2,1.000,1,1,2,0,0,0,4,2,6,-2.6,Kiana Johnson,https://www.sports-reference.com/cbb/players/kiana-johnson-2.html,jacksonville-state,2019-20
5,56,5,2019-11-20,Jacksonville State,@,Alabama State,REG (Non-Conf),L 63-68,*,31,6,10,.600,0,0,,6,10,.600,.600,0,0,,1,5,6,3,1,0,0,3,12,11.5,Kiana Johnson,https://www.sports-reference.com/cbb/players/kiana-johnson-2.html,jacksonville-state,2019-20
6,57,6,2019-11-24,Jacksonville State,,Fort Valley St.,REG (Non-Conf),W 87-65,*,18,8,9,.889,0,0,,8,9,.889,.889,1,1,1.000,0,1,1,1,1,0,2,4,17,12.3,Kiana Johnson,https://www.sports-reference.com/cbb/players/kiana-johnson-2.html,jacksonville-state,2019-20
7,58,7,2019-11-29,Jacksonville State,,Northern Kentucky,REG (Non-Conf),L 63-66,*,26,3,7,.429,0,0,,3,7,.429,.429,0,0,,0,2,2,0,0,0,1,4,6,0.3,Kiana Johnson,https://www.sports-reference.com/cbb/players/kiana-johnson-2.html,jacksonville-state,2019-20
8,59,8,2019-12-01,Jacksonville State,,Oakland,REG (Non-Conf),L 55-61,*,23,4,9,.444,0,2,.000,4,7,.571,.444,3,3,1.000,1,1,2,0,0,2,1,3,11,6.5,Kiana Johnson,https://www.sports-reference.com/cbb/players/kiana-johnson-2.html,jacksonville-state,2019-20
9,60,9,2019-12-08,Jacksonville State,,Clark Atlanta,REG (Non-Conf),W 75-46,*,25,3,6,.500,0,1,.000,3,5,.600,.500,3,4,.750,0,1,1,1,0,0,0,0,9,6.6,Kiana Johnson,https://www.sports-reference.com/cbb/players/kiana-johnson-2.html,jacksonville-state,2019-20
10,61,10,2019-12-20,Jacksonville State,,Jacksonville,REG (Non-Conf),L 40-55,*,32,2,8,.250,0,0,,2,8,.250,.250,0,0,,2,1,3,1,0,0,4,2,4,-3.2,Kiana Johnson,https://www.sports-reference.com/cbb/players/kiana-johnson-2.html,jacksonville-state,2019-20
11,62,11,2019-12-28,Jacksonville State,@,Auburn,REG (Non-Conf),L 53-62,*,36,3,5,.600,0,0,,3,5,.600,.600,0,0,,1,1,2,1,2,0,2,1,6,5.0,Kiana Johnson,https://www.sports-reference.com/cbb/players/kiana-johnson-2.html,jacksonville-state,2019-20
12,63,12,2020-01-02,Jacksonville State,@,Morehead State,REG (Conf),L 48-67,*,30,2,9,.222,0,0,,2,9,.222,.222,0,0,,1,2,3,2,3,0,2,2,4,1.4,Kiana Johnson,https://www.sports-reference.com/cbb/players/kiana-johnson-2.html,jacksonville-state,2019-20
13,64,13,2020-01-04,Jacksonville State,@,Eastern Kentucky,REG (Conf),W 43-33,*,35,5,13,.385,1,3,.333,4,10,.400,.423,2,3,.667,1,4,5,1,0,0,2,3,13,4.9,Kiana Johnson,https://www.sports-reference.com/cbb/players/kiana-johnson-2.html,jacksonville-state,2019-20
14,65,14,2020-01-09,Jacksonville State,,Murray State,REG (Conf),W 68-51,*,25,4,11,.364,0,1,.000,4,10,.400,.364,0,0,,1,0,1,3,1,0,1,2,8,3.9,Kiana Johnson,https://www.sports-reference.com/cbb/players/kiana-johnson-2.html,jacksonville-state,2019-20
15,66,15,2020-01-11,Jacksonville State,,Austin Peay,REG (Conf),L 57-63,*,26,4,4,1.000,0,0,,4,4,1.000,1.000,3,4,.750,0,1,1,0,1,0,5,2,11,4.9,Kiana Johnson,https://www.sports-reference.com/cbb/players/kiana-johnson-2.html,jacksonville-state,2019-20
16,67,19,2020-01-25,Jacksonville State,,Morehead State,REG (Conf),L 55-69,,23,3,7,.429,0,0,,3,7,.429,.429,0,3,.000,3,1,4,1,0,0,3,1,6,0.8,Kiana Johnson,https://www.sports-reference.com/cbb/players/kiana-johnson-2.html,jacksonville-state,2019-20
17,68,20,2020-01-30,Jacksonville State,,Tennessee State,REG (Conf),W 70-48,,18,1,6,.167,0,1,.000,1,5,.200,.167,0,0,,3,4,7,0,0,0,4,3,2,-3.7,Kiana Johnson,https://www.sports-reference.com/cbb/players/kiana-johnson-2.html,jacksonville-state,2019-20
18,69,21,2020-02-01,Jacksonville State,,Belmont,REG (Conf),W 60-41,,13,2,3,.667,0,0,,2,3,.667,.667,0,0,,2,0,2,2,0,0,2,1,4,3.1,Kiana Johnson,https://www.sports-reference.com/cbb/players/kiana-johnson-2.html,jacksonville-state,2019-20
19,70,22,2020-02-06,Jacksonville State,@,Southeast Missouri State,REG (Conf),L 52-79,,31,4,10,.400,0,0,,4,10,.400,.400,1,1,1.000,0,1,1,0,1,0,0,3,9,3.7,Kiana Johnson,https://www.sports-reference.com/cbb/players/kiana-johnson-2.html,jacksonville-state,2019-20
20,71,23,2020-02-08,Jacksonville State,@,UT Martin,REG (Conf),L 72-86,,27,4,9,.444,0,1,.000,4,8,.500,.444,1,2,.500,0,2,2,2,1,0,2,0,9,4.9,Kiana Johnson,https://www.sports-reference.com/cbb/players/kiana-johnson-2.html,jacksonville-state,2019-20
21,72,24,2020-02-13,Jacksonville State,@,Tennessee Tech,REG (Conf),W 66-50,*,31,6,9,.667,0,0,,6,9,.667,.667,2,2,1.000,1,1,2,0,1,0,1,1,14,10.7,Kiana Johnson,https://www.sports-reference.com/cbb/players/kiana-johnson-2.html,jacksonville-state,2019-20
22,73,25,2020-02-15,Jacksonville State,@,Belmont,REG (Conf),L 49-61,*,27,3,10,.300,0,1,.000,3,9,.333,.300,0,0,,0,1,1,0,0,0,1,2,6,-1.3,Kiana Johnson,https://www.sports-reference.com/cbb/players/kiana-johnson-2.html,jacksonville-state,2019-20
23,74,26,2020-02-20,Jacksonville State,,Southeast Missouri State,REG (Conf),W 72-51,*,24,3,10,.300,0,0,,3,10,.300,.300,1,2,.500,0,3,3,1,1,0,2,2,7,0.6,Kiana Johnson,https://www.sports-reference.com/cbb/players/kiana-johnson-2.html,jacksonville-state,2019-20
24,75,27,2020-02-22,Jacksonville State,,UT Martin,REG (Conf),L 56-73,*,33,2,11,.182,0,0,,2,11,.182,.182,3,4,.750,2,1,3,3,0,0,0,1,7,3.1,Kiana Johnson,https://www.sports-reference.com/cbb/players/kiana-johnson-2.html,jacksonville-state,2019-20
25,76,28,2020-02-27,Jacksonville State,@,Tennessee State,REG (Conf),W 63-45,*,33,4,11,.364,0,0,,4,11,.364,.364,2,2,1.000,1,2,3,0,3,0,0,1,10,7.8,Kiana Johnson,https://www.sports-reference.com/cbb/players/kiana-johnson-2.html,jacksonville-state,2019-20
26,77,29,2020-02-29,Jacksonville State,,Tennessee Tech,REG (Conf),W 64-61,*,33,8,15,.533,0,0,,8,15,.533,.533,3,4,.750,3,4,7,2,1,0,1,3,19,14.8,Kiana Johnson,https://www.sports-reference.com/cbb/players/kiana-johnson-2.html,jacksonville-state,2019-20
27,78,30,2020-03-05,Jacksonville State,@,Eastern Illinois,CTOURN,L 46-49,*,35,6,13,.462,0,0,,6,13,.462,.462,0,1,.000,3,5,8,2,0,0,2,0,12,7.9,Kiana Johnson,https://www.sports-reference.com/cbb/players/kiana-johnson-2.html,jacksonville-state,2019-20
