ranker,player_game_num_career,team_game_num_season,date,team_name_abbr,game_location,opp_name_abbr,game_type,game_result,is_starter,mp,fg,fga,fg_pct,fg3,fg3a,fg3_pct,fg2,fg2a,fg2_pct,efg_pct,ft,fta,ft_pct,orb,drb,trb,ast,stl,blk,tov,pf,pts,game_score,player_name,player_sr_link,school,season
1,24,1,2019-11-05,Jacksonville State,@,Vanderbilt,REG (Non-Conf),L 66-88,,19,1,3,.333,1,2,.500,0,1,.000,.500,1,2,.500,0,2,2,1,1,0,1,1,4,2.8,McKenna Lawrence,https://www.sports-reference.com/cbb/players/mckenna-lawrence-1.html,jacksonville-state,2019-20
2,25,2,2019-11-09,Jacksonville State,,Florida A&M,REG (Non-Conf),W 72-67,,8,1,5,.200,1,4,.250,0,1,.000,.300,0,0,,0,0,0,0,2,0,0,1,3,1.5,McKenna Lawrence,https://www.sports-reference.com/cbb/players/mckenna-lawrence-1.html,jacksonville-state,2019-20
3,26,3,2019-11-12,Jacksonville State,,Lipscomb,REG (Non-Conf),W 65-63,,4,0,2,.000,0,1,.000,0,1,.000,.000,0,0,,0,0,0,0,0,0,0,1,0,-1.8,McKenna Lawrence,https://www.sports-reference.com/cbb/players/mckenna-lawrence-1.html,jacksonville-state,2019-20
4,27,4,2019-11-16,Jacksonville State,@,Troy,REG (Non-Conf),L 64-94,,3,0,1,.000,0,1,.000,0,0,,.000,0,0,,0,0,0,0,0,0,1,0,0,-1.7,McKenna Lawrence,https://www.sports-reference.com/cbb/players/mckenna-lawrence-1.html,jacksonville-state,2019-20
5,28,5,2019-11-20,Jacksonville State,@,Alabama State,REG (Non-Conf),L 63-68,,2,0,1,.000,0,1,.000,0,0,,.000,0,2,.000,0,0,0,0,0,0,0,0,0,-1.5,McKenna Lawrence,https://www.sports-reference.com/cbb/players/mckenna-lawrence-1.html,jacksonville-state,2019-20
6,29,6,2019-11-24,Jacksonville State,,Fort Valley St.,REG (Non-Conf),W 87-65,,16,1,5,.200,0,2,.000,1,3,.333,.200,5,6,.833,1,3,4,2,0,0,3,0,7,3.5,McKenna Lawrence,https://www.sports-reference.com/cbb/players/mckenna-lawrence-1.html,jacksonville-state,2019-20
7,30,9,2019-12-08,Jacksonville State,,Clark Atlanta,REG (Non-Conf),W 75-46,,6,0,3,.000,0,1,.000,0,2,.000,.000,0,0,,2,1,3,0,0,0,1,2,0,-2.2,McKenna Lawrence,https://www.sports-reference.com/cbb/players/mckenna-lawrence-1.html,jacksonville-state,2019-20
8,31,10,2019-12-20,Jacksonville State,,Jacksonville,REG (Non-Conf),L 40-55,,10,0,5,.000,0,4,.000,0,1,.000,.000,0,0,,0,1,1,0,0,0,0,0,0,-3.2,McKenna Lawrence,https://www.sports-reference.com/cbb/players/mckenna-lawrence-1.html,jacksonville-state,2019-20
9,32,11,2019-12-28,Jacksonville State,@,Auburn,REG (Non-Conf),L 53-62,,5,0,1,.000,0,1,.000,0,0,,.000,0,0,,1,2,3,1,0,0,1,0,0,0.3,McKenna Lawrence,https://www.sports-reference.com/cbb/players/mckenna-lawrence-1.html,jacksonville-state,2019-20
10,33,12,2020-01-02,Jacksonville State,@,Morehead State,REG (Conf),L 48-67,,4,2,3,.667,2,3,.667,0,0,,1.000,0,0,,0,1,1,0,0,0,0,2,6,4.2,McKenna Lawrence,https://www.sports-reference.com/cbb/players/mckenna-lawrence-1.html,jacksonville-state,2019-20
11,34,13,2020-01-04,Jacksonville State,@,Eastern Kentucky,REG (Conf),W 43-33,,21,2,7,.286,2,6,.333,0,1,.000,.429,0,0,,1,1,2,0,1,0,0,2,6,3.1,McKenna Lawrence,https://www.sports-reference.com/cbb/players/mckenna-lawrence-1.html,jacksonville-state,2019-20
12,35,14,2020-01-09,Jacksonville State,,Murray State,REG (Conf),W 68-51,,18,1,5,.200,1,4,.250,0,1,.000,.300,1,2,.500,0,3,3,1,1,0,0,0,4,3.1,McKenna Lawrence,https://www.sports-reference.com/cbb/players/mckenna-lawrence-1.html,jacksonville-state,2019-20
13,36,15,2020-01-11,Jacksonville State,,Austin Peay,REG (Conf),L 57-63,,15,2,5,.400,2,5,.400,0,0,,.600,0,0,,0,1,1,1,0,0,1,2,6,2.5,McKenna Lawrence,https://www.sports-reference.com/cbb/players/mckenna-lawrence-1.html,jacksonville-state,2019-20
14,37,16,2020-01-16,Jacksonville State,@,Eastern Illinois,REG (Conf),L 52-55,*,29,5,14,.357,5,12,.417,0,2,.000,.536,0,0,,0,4,4,0,1,0,3,1,15,6.0,McKenna Lawrence,https://www.sports-reference.com/cbb/players/mckenna-lawrence-1.html,jacksonville-state,2019-20
15,38,17,2020-01-18,Jacksonville State,@,SIU Edwardsville,REG (Conf),W 53-44,*,23,1,6,.167,0,5,.000,1,1,1.000,.167,0,0,,2,2,4,1,0,0,0,2,2,0.1,McKenna Lawrence,https://www.sports-reference.com/cbb/players/mckenna-lawrence-1.html,jacksonville-state,2019-20
16,39,18,2020-01-23,Jacksonville State,,Eastern Kentucky,REG (Conf),W 68-54,*,22,2,8,.250,2,6,.333,0,2,.000,.375,0,0,,0,3,3,0,1,0,0,0,6,3.1,McKenna Lawrence,https://www.sports-reference.com/cbb/players/mckenna-lawrence-1.html,jacksonville-state,2019-20
17,40,19,2020-01-25,Jacksonville State,,Morehead State,REG (Conf),L 55-69,*,17,3,3,1.000,0,0,,3,3,1.000,1.000,0,0,,0,4,4,0,0,0,1,1,6,4.9,McKenna Lawrence,https://www.sports-reference.com/cbb/players/mckenna-lawrence-1.html,jacksonville-state,2019-20
18,41,20,2020-01-30,Jacksonville State,,Tennessee State,REG (Conf),W 70-48,*,23,6,10,.600,5,9,.556,1,1,1.000,.850,0,0,,0,2,2,1,1,0,0,1,17,14.3,McKenna Lawrence,https://www.sports-reference.com/cbb/players/mckenna-lawrence-1.html,jacksonville-state,2019-20
19,42,21,2020-02-01,Jacksonville State,,Belmont,REG (Conf),W 60-41,*,24,3,9,.333,2,5,.400,1,4,.250,.444,0,0,,0,3,3,0,0,0,2,3,8,0.6,McKenna Lawrence,https://www.sports-reference.com/cbb/players/mckenna-lawrence-1.html,jacksonville-state,2019-20
20,43,22,2020-02-06,Jacksonville State,@,Southeast Missouri State,REG (Conf),L 52-79,*,14,1,4,.250,1,2,.500,0,2,.000,.375,3,4,.750,1,1,2,1,1,0,0,2,6,5.1,McKenna Lawrence,https://www.sports-reference.com/cbb/players/mckenna-lawrence-1.html,jacksonville-state,2019-20
21,44,23,2020-02-08,Jacksonville State,@,UT Martin,REG (Conf),L 72-86,*,11,0,4,.000,0,3,.000,0,1,.000,.000,0,0,,0,2,2,0,0,0,0,1,0,-2.6,McKenna Lawrence,https://www.sports-reference.com/cbb/players/mckenna-lawrence-1.html,jacksonville-state,2019-20
22,45,24,2020-02-13,Jacksonville State,@,Tennessee Tech,REG (Conf),W 66-50,,13,0,0,,0,0,,0,0,,,3,4,.750,0,0,0,0,0,0,1,0,3,1.6,McKenna Lawrence,https://www.sports-reference.com/cbb/players/mckenna-lawrence-1.html,jacksonville-state,2019-20
23,46,25,2020-02-15,Jacksonville State,@,Belmont,REG (Conf),L 49-61,,14,0,2,.000,0,2,.000,0,0,,.000,1,2,.500,0,2,2,0,2,0,1,0,1,0.8,McKenna Lawrence,https://www.sports-reference.com/cbb/players/mckenna-lawrence-1.html,jacksonville-state,2019-20
24,47,26,2020-02-20,Jacksonville State,,Southeast Missouri State,REG (Conf),W 72-51,,14,2,7,.286,2,5,.400,0,2,.000,.429,0,0,,0,2,2,1,0,0,0,1,6,2.8,McKenna Lawrence,https://www.sports-reference.com/cbb/players/mckenna-lawrence-1.html,jacksonville-state,2019-20
25,48,27,2020-02-22,Jacksonville State,,UT Martin,REG (Conf),L 56-73,,13,2,4,.500,0,2,.000,2,2,1.000,.500,0,0,,1,1,2,0,0,0,1,1,4,1.6,McKenna Lawrence,https://www.sports-reference.com/cbb/players/mckenna-lawrence-1.html,jacksonville-state,2019-20
26,49,28,2020-02-27,Jacksonville State,@,Tennessee State,REG (Conf),W 63-45,,9,0,5,.000,0,5,.000,0,0,,.000,0,0,,0,1,1,1,0,0,0,1,0,-2.9,McKenna Lawrence,https://www.sports-reference.com/cbb/players/mckenna-lawrence-1.html,jacksonville-state,2019-20
27,50,29,2020-02-29,Jacksonville State,,Tennessee Tech,REG (Conf),W 64-61,,23,3,11,.273,2,6,.333,1,5,.200,.364,0,0,,0,1,1,0,1,0,1,2,8,1.0,McKenna Lawrence,https://www.sports-reference.com/cbb/players/mckenna-lawrence-1.html,jacksonville-state,2019-20
28,51,30,2020-03-05,Jacksonville State,@,Eastern Illinois,CTOURN,L 46-49,,10,0,2,.000,0,2,.000,0,0,,.000,0,0,,0,3,3,0,0,0,0,0,0,-0.5,McKenna Lawrence,https://www.sports-reference.com/cbb/players/mckenna-lawrence-1.html,jacksonville-state,2019-20
