ranker,player_game_num_career,team_game_num_season,date,team_name_abbr,game_location,opp_name_abbr,game_type,game_result,is_starter,mp,fg,fga,fg_pct,fg3,fg3a,fg3_pct,fg2,fg2a,fg2_pct,efg_pct,ft,fta,ft_pct,orb,drb,trb,ast,stl,blk,tov,pf,pts,game_score,player_name,player_sr_link,school,season
1,1,1,2019-11-05,Jacksonville State,@,Vanderbilt,REG (Non-Conf),L 66-88,,16,2,7,.286,0,1,.000,2,6,.333,.286,7,10,.700,0,0,0,2,1,0,3,1,11,4.7,Nekiyah Thompson,https://www.sports-reference.com/cbb/players/nekiyah-thompson-1.html,jacksonville-state,2019-20
2,2,2,2019-11-09,Jacksonville State,,Florida A&M,REG (Non-Conf),W 72-67,,13,0,2,.000,0,0,,0,2,.000,.000,0,0,,0,0,0,2,0,0,1,2,0,-1.8,Nekiyah Thompson,https://www.sports-reference.com/cbb/players/nekiyah-thompson-1.html,jacksonville-state,2019-20
3,3,3,2019-11-12,Jacksonville State,,Lipscomb,REG (Non-Conf),W 65-63,,21,1,7,.143,0,2,.000,1,5,.200,.143,6,8,.750,1,2,3,1,2,0,2,2,8,3.9,Nekiyah Thompson,https://www.sports-reference.com/cbb/players/nekiyah-thompson-1.html,jacksonville-state,2019-20
4,4,4,2019-11-16,Jacksonville State,@,Troy,REG (Non-Conf),L 64-94,,20,3,7,.429,1,4,.250,2,3,.667,.500,2,2,1.000,0,2,2,5,0,0,1,3,9,7.2,Nekiyah Thompson,https://www.sports-reference.com/cbb/players/nekiyah-thompson-1.html,jacksonville-state,2019-20
5,5,5,2019-11-20,Jacksonville State,@,Alabama State,REG (Non-Conf),L 63-68,,11,0,6,.000,0,3,.000,0,3,.000,.000,0,0,,0,1,1,2,0,0,1,0,0,-3.5,Nekiyah Thompson,https://www.sports-reference.com/cbb/players/nekiyah-thompson-1.html,jacksonville-state,2019-20
6,6,6,2019-11-24,Jacksonville State,,Fort Valley St.,REG (Non-Conf),W 87-65,,15,1,4,.250,0,1,.000,1,3,.333,.250,0,0,,0,1,1,1,2,0,3,1,2,-0.8,Nekiyah Thompson,https://www.sports-reference.com/cbb/players/nekiyah-thompson-1.html,jacksonville-state,2019-20
7,7,7,2019-11-29,Jacksonville State,,Northern Kentucky,REG (Non-Conf),L 63-66,,8,0,1,.000,0,1,.000,0,0,,.000,0,0,,0,0,0,0,0,0,1,0,0,-1.7,Nekiyah Thompson,https://www.sports-reference.com/cbb/players/nekiyah-thompson-1.html,jacksonville-state,2019-20
8,8,8,2019-12-01,Jacksonville State,,Oakland,REG (Non-Conf),L 55-61,,8,0,3,.000,0,1,.000,0,2,.000,.000,1,2,.500,0,0,0,0,0,0,0,0,1,-1.5,Nekiyah Thompson,https://www.sports-reference.com/cbb/players/nekiyah-thompson-1.html,jacksonville-state,2019-20
9,9,9,2019-12-08,Jacksonville State,,Clark Atlanta,REG (Non-Conf),W 75-46,,17,3,5,.600,1,3,.333,2,2,1.000,.700,1,1,1.000,1,0,1,3,0,0,1,1,8,7.1,Nekiyah Thompson,https://www.sports-reference.com/cbb/players/nekiyah-thompson-1.html,jacksonville-state,2019-20
10,10,10,2019-12-20,Jacksonville State,,Jacksonville,REG (Non-Conf),L 40-55,,16,4,6,.667,0,1,.000,4,5,.800,.667,0,0,,0,0,0,0,0,0,2,2,8,2.6,Nekiyah Thompson,https://www.sports-reference.com/cbb/players/nekiyah-thompson-1.html,jacksonville-state,2019-20
11,11,11,2019-12-28,Jacksonville State,@,Auburn,REG (Non-Conf),L 53-62,,14,0,2,.000,0,1,.000,0,1,.000,.000,2,2,1.000,0,1,1,1,0,0,2,0,2,-0.4,Nekiyah Thompson,https://www.sports-reference.com/cbb/players/nekiyah-thompson-1.html,jacksonville-state,2019-20
12,12,12,2020-01-02,Jacksonville State,@,Morehead State,REG (Conf),L 48-67,,15,0,4,.000,0,2,.000,0,2,.000,.000,0,0,,0,0,0,1,0,0,2,0,0,-4.1,Nekiyah Thompson,https://www.sports-reference.com/cbb/players/nekiyah-thompson-1.html,jacksonville-state,2019-20
13,13,13,2020-01-04,Jacksonville State,@,Eastern Kentucky,REG (Conf),W 43-33,,17,0,4,.000,0,0,,0,4,.000,.000,3,5,.600,1,2,3,3,0,0,2,0,3,0.8,Nekiyah Thompson,https://www.sports-reference.com/cbb/players/nekiyah-thompson-1.html,jacksonville-state,2019-20
14,14,14,2020-01-09,Jacksonville State,,Murray State,REG (Conf),W 68-51,,11,1,2,.500,0,1,.000,1,1,1.000,.500,2,4,.500,0,2,2,2,0,0,1,1,4,2.8,Nekiyah Thompson,https://www.sports-reference.com/cbb/players/nekiyah-thompson-1.html,jacksonville-state,2019-20
15,15,15,2020-01-11,Jacksonville State,,Austin Peay,REG (Conf),L 57-63,,6,0,0,,0,0,,0,0,,,2,2,1.000,0,1,1,1,1,0,1,1,2,2.6,Nekiyah Thompson,https://www.sports-reference.com/cbb/players/nekiyah-thompson-1.html,jacksonville-state,2019-20
16,16,16,2020-01-16,Jacksonville State,@,Eastern Illinois,REG (Conf),L 52-55,,16,4,7,.571,2,4,.500,2,3,.667,.714,1,2,.500,1,2,3,2,0,0,0,2,11,9.2,Nekiyah Thompson,https://www.sports-reference.com/cbb/players/nekiyah-thompson-1.html,jacksonville-state,2019-20
17,17,17,2020-01-18,Jacksonville State,@,SIU Edwardsville,REG (Conf),W 53-44,,18,2,5,.400,0,2,.000,2,3,.667,.400,6,8,.750,0,1,1,1,1,0,2,0,10,6.5,Nekiyah Thompson,https://www.sports-reference.com/cbb/players/nekiyah-thompson-1.html,jacksonville-state,2019-20
18,18,18,2020-01-23,Jacksonville State,,Eastern Kentucky,REG (Conf),W 68-54,,15,1,3,.333,0,0,,1,3,.333,.333,2,2,1.000,0,2,2,2,4,0,0,1,4,7.9,Nekiyah Thompson,https://www.sports-reference.com/cbb/players/nekiyah-thompson-1.html,jacksonville-state,2019-20
19,19,19,2020-01-25,Jacksonville State,,Morehead State,REG (Conf),L 55-69,,13,0,3,.000,0,1,.000,0,2,.000,.000,3,4,.750,0,2,2,1,0,0,0,2,3,1.0,Nekiyah Thompson,https://www.sports-reference.com/cbb/players/nekiyah-thompson-1.html,jacksonville-state,2019-20
20,20,20,2020-01-30,Jacksonville State,,Tennessee State,REG (Conf),W 70-48,,18,3,6,.500,0,1,.000,3,5,.600,.500,2,2,1.000,1,1,2,2,1,0,3,0,8,5.4,Nekiyah Thompson,https://www.sports-reference.com/cbb/players/nekiyah-thompson-1.html,jacksonville-state,2019-20
21,21,21,2020-02-01,Jacksonville State,,Belmont,REG (Conf),W 60-41,,19,1,3,.333,0,1,.000,1,2,.500,.333,0,0,,0,3,3,0,0,0,1,0,2,0.2,Nekiyah Thompson,https://www.sports-reference.com/cbb/players/nekiyah-thompson-1.html,jacksonville-state,2019-20
22,22,22,2020-02-06,Jacksonville State,@,Southeast Missouri State,REG (Conf),L 52-79,,12,0,1,.000,0,0,,0,1,.000,.000,5,6,.833,0,2,2,2,2,0,4,4,5,2.3,Nekiyah Thompson,https://www.sports-reference.com/cbb/players/nekiyah-thompson-1.html,jacksonville-state,2019-20
23,23,23,2020-02-08,Jacksonville State,@,UT Martin,REG (Conf),L 72-86,,14,1,4,.250,1,2,.500,0,2,.000,.375,1,2,.500,0,1,1,5,1,1,3,2,4,2.9,Nekiyah Thompson,https://www.sports-reference.com/cbb/players/nekiyah-thompson-1.html,jacksonville-state,2019-20
24,24,24,2020-02-13,Jacksonville State,@,Tennessee Tech,REG (Conf),W 66-50,,6,0,2,.000,0,0,,0,2,.000,.000,0,0,,0,0,0,0,0,0,2,2,0,-4.2,Nekiyah Thompson,https://www.sports-reference.com/cbb/players/nekiyah-thompson-1.html,jacksonville-state,2019-20
25,25,25,2020-02-15,Jacksonville State,@,Belmont,REG (Conf),L 49-61,,13,0,1,.000,0,1,.000,0,0,,.000,2,2,1.000,1,0,1,1,0,0,1,0,2,1.7,Nekiyah Thompson,https://www.sports-reference.com/cbb/players/nekiyah-thompson-1.html,jacksonville-state,2019-20
26,26,26,2020-02-20,Jacksonville State,,Southeast Missouri State,REG (Conf),W 72-51,,18,1,2,.500,1,2,.500,0,0,,.750,2,2,1.000,0,2,2,5,1,0,0,0,5,9.1,Nekiyah Thompson,https://www.sports-reference.com/cbb/players/nekiyah-thompson-1.html,jacksonville-state,2019-20
27,27,27,2020-02-22,Jacksonville State,,UT Martin,REG (Conf),L 56-73,,20,2,7,.286,0,1,.000,2,6,.333,.286,5,6,.833,1,2,3,1,0,0,0,2,9,5.7,Nekiyah Thompson,https://www.sports-reference.com/cbb/players/nekiyah-thompson-1.html,jacksonville-state,2019-20
28,28,28,2020-02-27,Jacksonville State,@,Tennessee State,REG (Conf),W 63-45,,13,0,3,.000,0,1,.000,0,2,.000,.000,0,2,.000,0,1,1,1,1,0,1,1,0,-2.3,Nekiyah Thompson,https://www.sports-reference.com/cbb/players/nekiyah-thompson-1.html,jacksonville-state,2019-20
29,29,29,2020-02-29,Jacksonville State,,Tennessee Tech,REG (Conf),W 64-61,,16,2,2,1.000,0,0,,2,2,1.000,1.000,0,0,,0,0,0,2,1,0,1,1,4,4.4,Nekiyah Thompson,https://www.sports-reference.com/cbb/players/nekiyah-thompson-1.html,jacksonville-state,2019-20
30,30,30,2020-03-05,Jacksonville State,@,Eastern Illinois,CTOURN,L 46-49,,21,2,3,.667,0,0,,2,3,.667,.667,1,1,1.000,1,1,2,5,0,0,3,2,5,4.4,Nekiyah Thompson,https://www.sports-reference.com/cbb/players/nekiyah-thompson-1.html,jacksonville-state,2019-20
