ranker,player_game_num_career,team_game_num_season,date,team_name_abbr,game_location,opp_name_abbr,game_type,game_result,is_starter,mp,fg,fga,fg_pct,fg3,fg3a,fg3_pct,fg2,fg2a,fg2_pct,efg_pct,ft,fta,ft_pct,orb,drb,trb,ast,stl,blk,tov,pf,pts,game_score,player_name,player_sr_link,school,season
1,62,1,2019-11-05,Jacksonville State,@,Vanderbilt,REG (Non-Conf),L 66-88,*,21,3,7,.429,2,3,.667,1,4,.250,.571,4,6,.667,0,3,3,4,0,0,4,3,12,6.0,Taylor Hawks,https://www.sports-reference.com/cbb/players/taylor-hawks-1.html,jacksonville-state,2019-20
2,63,2,2019-11-09,Jacksonville State,,Florida A&M,REG (Non-Conf),W 72-67,*,27,4,6,.667,1,2,.500,3,4,.750,.750,8,13,.615,2,5,7,1,3,0,4,3,17,13.8,Taylor Hawks,https://www.sports-reference.com/cbb/players/taylor-hawks-1.html,jacksonville-state,2019-20
3,64,3,2019-11-12,Jacksonville State,,Lipscomb,REG (Non-Conf),W 65-63,*,19,4,8,.500,0,1,.000,4,7,.571,.500,0,0,,0,2,2,2,3,0,6,4,8,1.4,Taylor Hawks,https://www.sports-reference.com/cbb/players/taylor-hawks-1.html,jacksonville-state,2019-20
4,65,4,2019-11-16,Jacksonville State,@,Troy,REG (Non-Conf),L 64-94,*,20,2,8,.250,0,2,.000,2,6,.333,.250,2,3,.667,1,3,4,1,0,0,4,3,6,-2.1,Taylor Hawks,https://www.sports-reference.com/cbb/players/taylor-hawks-1.html,jacksonville-state,2019-20
5,66,5,2019-11-20,Jacksonville State,@,Alabama State,REG (Non-Conf),L 63-68,*,28,8,14,.571,6,7,.857,2,7,.286,.786,1,1,1.000,1,1,2,1,1,0,3,2,23,15.3,Taylor Hawks,https://www.sports-reference.com/cbb/players/taylor-hawks-1.html,jacksonville-state,2019-20
6,67,6,2019-11-24,Jacksonville State,,Fort Valley St.,REG (Non-Conf),W 87-65,*,25,5,13,.385,1,3,.333,4,10,.400,.423,2,3,.667,1,4,5,4,2,0,6,0,13,6.2,Taylor Hawks,https://www.sports-reference.com/cbb/players/taylor-hawks-1.html,jacksonville-state,2019-20
7,68,7,2019-11-29,Jacksonville State,,Northern Kentucky,REG (Non-Conf),L 63-66,*,33,8,15,.533,0,4,.000,8,11,.727,.533,2,2,1.000,0,7,7,1,3,0,2,4,18,12.9,Taylor Hawks,https://www.sports-reference.com/cbb/players/taylor-hawks-1.html,jacksonville-state,2019-20
8,69,8,2019-12-01,Jacksonville State,,Oakland,REG (Non-Conf),L 55-61,*,33,5,9,.556,1,3,.333,4,6,.667,.611,7,8,.875,1,7,8,2,1,0,6,3,18,11.3,Taylor Hawks,https://www.sports-reference.com/cbb/players/taylor-hawks-1.html,jacksonville-state,2019-20
9,70,9,2019-12-08,Jacksonville State,,Clark Atlanta,REG (Non-Conf),W 75-46,*,23,4,10,.400,0,2,.000,4,8,.500,.400,0,0,,1,1,2,4,1,0,1,1,8,6.0,Taylor Hawks,https://www.sports-reference.com/cbb/players/taylor-hawks-1.html,jacksonville-state,2019-20
10,71,10,2019-12-20,Jacksonville State,,Jacksonville,REG (Non-Conf),L 40-55,*,24,1,10,.100,0,4,.000,1,6,.167,.100,0,0,,0,2,2,4,3,1,4,3,2,-2.7,Taylor Hawks,https://www.sports-reference.com/cbb/players/taylor-hawks-1.html,jacksonville-state,2019-20
11,72,11,2019-12-28,Jacksonville State,@,Auburn,REG (Non-Conf),L 53-62,*,26,3,10,.300,3,6,.500,0,4,.000,.450,3,4,.750,1,3,4,4,3,0,4,3,12,8.0,Taylor Hawks,https://www.sports-reference.com/cbb/players/taylor-hawks-1.html,jacksonville-state,2019-20
12,73,12,2020-01-02,Jacksonville State,@,Morehead State,REG (Conf),L 48-67,*,25,4,11,.364,2,4,.500,2,7,.286,.455,4,10,.400,2,2,4,4,1,0,3,3,14,7.1,Taylor Hawks,https://www.sports-reference.com/cbb/players/taylor-hawks-1.html,jacksonville-state,2019-20
13,74,13,2020-01-04,Jacksonville State,@,Eastern Kentucky,REG (Conf),W 43-33,*,23,4,10,.400,2,5,.400,2,5,.400,.500,0,0,,0,2,2,1,4,0,4,1,10,5.5,Taylor Hawks,https://www.sports-reference.com/cbb/players/taylor-hawks-1.html,jacksonville-state,2019-20
14,75,14,2020-01-09,Jacksonville State,,Murray State,REG (Conf),W 68-51,*,29,7,14,.500,3,4,.750,4,10,.400,.607,4,5,.800,2,5,7,2,0,0,1,0,21,16.9,Taylor Hawks,https://www.sports-reference.com/cbb/players/taylor-hawks-1.html,jacksonville-state,2019-20
15,76,15,2020-01-11,Jacksonville State,,Austin Peay,REG (Conf),L 57-63,*,29,3,11,.273,0,1,.000,3,10,.300,.273,2,2,1.000,1,3,4,1,0,0,4,4,8,-1.8,Taylor Hawks,https://www.sports-reference.com/cbb/players/taylor-hawks-1.html,jacksonville-state,2019-20
16,77,16,2020-01-16,Jacksonville State,@,Eastern Illinois,REG (Conf),L 52-55,*,24,3,14,.214,1,7,.143,2,7,.286,.250,0,0,,1,4,5,5,1,0,0,1,7,4.4,Taylor Hawks,https://www.sports-reference.com/cbb/players/taylor-hawks-1.html,jacksonville-state,2019-20
17,78,17,2020-01-18,Jacksonville State,@,SIU Edwardsville,REG (Conf),W 53-44,*,22,1,6,.167,1,2,.500,0,4,.000,.250,2,6,.333,2,7,9,4,3,0,3,2,5,5.1,Taylor Hawks,https://www.sports-reference.com/cbb/players/taylor-hawks-1.html,jacksonville-state,2019-20
18,79,18,2020-01-23,Jacksonville State,,Eastern Kentucky,REG (Conf),W 68-54,*,25,3,8,.375,2,3,.667,1,5,.200,.500,2,2,1.000,1,3,4,3,0,0,2,2,10,6.5,Taylor Hawks,https://www.sports-reference.com/cbb/players/taylor-hawks-1.html,jacksonville-state,2019-20
19,80,19,2020-01-25,Jacksonville State,,Morehead State,REG (Conf),L 55-69,*,25,5,10,.500,2,3,.667,3,7,.429,.600,5,6,.833,0,1,1,3,2,0,3,2,17,12.2,Taylor Hawks,https://www.sports-reference.com/cbb/players/taylor-hawks-1.html,jacksonville-state,2019-20
20,81,20,2020-01-30,Jacksonville State,,Tennessee State,REG (Conf),W 70-48,*,22,2,5,.400,0,2,.000,2,3,.667,.400,6,7,.857,0,1,1,2,4,0,3,2,10,8.8,Taylor Hawks,https://www.sports-reference.com/cbb/players/taylor-hawks-1.html,jacksonville-state,2019-20
21,82,21,2020-02-01,Jacksonville State,,Belmont,REG (Conf),W 60-41,*,21,6,9,.667,2,3,.667,4,6,.667,.778,1,2,.500,0,3,3,5,1,0,0,2,15,15.3,Taylor Hawks,https://www.sports-reference.com/cbb/players/taylor-hawks-1.html,jacksonville-state,2019-20
22,83,22,2020-02-06,Jacksonville State,@,Southeast Missouri State,REG (Conf),L 52-79,*,28,2,9,.222,0,5,.000,2,4,.500,.222,6,6,1.000,1,3,4,3,2,0,5,1,10,4.8,Taylor Hawks,https://www.sports-reference.com/cbb/players/taylor-hawks-1.html,jacksonville-state,2019-20
23,84,23,2020-02-08,Jacksonville State,@,UT Martin,REG (Conf),L 72-86,*,26,1,6,.167,1,4,.250,0,2,.000,.250,1,2,.500,1,3,4,4,2,0,2,1,4,3.8,Taylor Hawks,https://www.sports-reference.com/cbb/players/taylor-hawks-1.html,jacksonville-state,2019-20
24,85,24,2020-02-13,Jacksonville State,@,Tennessee Tech,REG (Conf),W 66-50,*,34,6,15,.400,0,1,.000,6,14,.429,.400,5,5,1.000,2,4,6,7,0,0,0,0,17,16.4,Taylor Hawks,https://www.sports-reference.com/cbb/players/taylor-hawks-1.html,jacksonville-state,2019-20
25,86,25,2020-02-15,Jacksonville State,@,Belmont,REG (Conf),L 49-61,*,27,3,11,.273,1,4,.250,2,7,.286,.318,5,5,1.000,2,6,8,2,1,0,1,1,12,9.7,Taylor Hawks,https://www.sports-reference.com/cbb/players/taylor-hawks-1.html,jacksonville-state,2019-20
26,87,26,2020-02-20,Jacksonville State,,Southeast Missouri State,REG (Conf),W 72-51,*,22,4,6,.667,1,1,1.000,3,5,.600,.750,4,4,1.000,0,2,2,1,1,0,5,1,13,7.3,Taylor Hawks,https://www.sports-reference.com/cbb/players/taylor-hawks-1.html,jacksonville-state,2019-20
27,88,27,2020-02-22,Jacksonville State,,UT Martin,REG (Conf),L 56-73,*,20,4,8,.500,1,3,.333,3,5,.600,.563,0,0,,0,1,1,1,1,0,2,1,9,4.6,Taylor Hawks,https://www.sports-reference.com/cbb/players/taylor-hawks-1.html,jacksonville-state,2019-20
28,89,28,2020-02-27,Jacksonville State,@,Tennessee State,REG (Conf),W 63-45,*,27,1,8,.125,0,3,.000,1,5,.200,.125,1,2,.500,2,3,5,3,0,0,4,0,3,-2.2,Taylor Hawks,https://www.sports-reference.com/cbb/players/taylor-hawks-1.html,jacksonville-state,2019-20
29,90,29,2020-02-29,Jacksonville State,,Tennessee Tech,REG (Conf),W 64-61,*,24,2,7,.286,0,1,.000,2,6,.333,.286,1,1,1.000,1,2,3,0,0,0,0,0,5,2.2,Taylor Hawks,https://www.sports-reference.com/cbb/players/taylor-hawks-1.html,jacksonville-state,2019-20
30,91,30,2020-03-05,Jacksonville State,@,Eastern Illinois,CTOURN,L 46-49,*,19,3,14,.214,0,4,.000,3,10,.300,.214,2,3,.667,0,3,3,0,0,0,2,0,8,-2.1,Taylor Hawks,https://www.sports-reference.com/cbb/players/taylor-hawks-1.html,jacksonville-state,2019-20
