ranker,player_game_num_career,team_game_num_season,date,team_name_abbr,game_location,opp_name_abbr,game_type,game_result,is_starter,mp,fg,fga,fg_pct,fg3,fg3a,fg2,fg2a,fg2_pct,efg_pct,ft,fta,ft_pct,orb,drb,trb,ast,stl,blk,tov,pf,pts,game_score,player_name,player_sr_link,school,season
1,1,6,2019-11-24,Jacksonville State,,Fort Valley St.,REG (Non-Conf),W 87-65,,12,2,2,1.000,0,0,2,2,1.000,1.000,2,4,.500,2,4,6,0,0,0,0,2,6,6.4,Winnie Kuimi,https://www.sports-reference.com/cbb/players/winnie-kuimi-1.html,jacksonville-state,2019-20
2,2,8,2019-12-01,Jacksonville State,,Oakland,REG (Non-Conf),L 55-61,,3,0,0,,0,0,0,0,,,0,0,,0,0,0,0,0,0,0,0,0,0.0,Winnie Kuimi,https://www.sports-reference.com/cbb/players/winnie-kuimi-1.html,jacksonville-state,2019-20
3,3,9,2019-12-08,Jacksonville State,,Clark Atlanta,REG (Non-Conf),W 75-46,,5,3,3,1.000,0,0,3,3,1.000,1.000,0,2,.000,1,0,1,0,1,0,0,0,6,6.0,Winnie Kuimi,https://www.sports-reference.com/cbb/players/winnie-kuimi-1.html,jacksonville-state,2019-20
4,4,10,2019-12-20,Jacksonville State,,Jacksonville,REG (Non-Conf),L 40-55,,5,1,3,.333,0,0,1,3,.333,.333,0,0,,1,1,2,0,0,0,0,0,2,1.3,Winnie Kuimi,https://www.sports-reference.com/cbb/players/winnie-kuimi-1.html,jacksonville-state,2019-20
5,5,11,2019-12-28,Jacksonville State,@,Auburn,REG (Non-Conf),L 53-62,,5,0,1,.000,0,0,0,1,.000,.000,0,0,,0,1,1,0,0,0,0,2,0,-1.2,Winnie Kuimi,https://www.sports-reference.com/cbb/players/winnie-kuimi-1.html,jacksonville-state,2019-20
6,6,12,2020-01-02,Jacksonville State,@,Morehead State,REG (Conf),L 48-67,,3,0,0,,0,0,0,0,,,0,0,,0,2,2,0,0,0,0,1,0,0.2,Winnie Kuimi,https://www.sports-reference.com/cbb/players/winnie-kuimi-1.html,jacksonville-state,2019-20
7,7,14,2020-01-09,Jacksonville State,,Murray State,REG (Conf),W 68-51,,2,0,0,,0,0,0,0,,,0,0,,0,0,0,0,0,0,1,0,0,-1.0,Winnie Kuimi,https://www.sports-reference.com/cbb/players/winnie-kuimi-1.html,jacksonville-state,2019-20
8,8,18,2020-01-23,Jacksonville State,,Eastern Kentucky,REG (Conf),W 68-54,,2,0,0,,0,0,0,0,,,0,0,,1,0,1,0,0,0,0,0,0,0.7,Winnie Kuimi,https://www.sports-reference.com/cbb/players/winnie-kuimi-1.html,jacksonville-state,2019-20
9,9,20,2020-01-30,Jacksonville State,,Tennessee State,REG (Conf),W 70-48,,2,0,2,.000,0,0,0,2,.000,.000,2,2,1.000,1,0,1,0,0,0,0,0,2,1.3,Winnie Kuimi,https://www.sports-reference.com/cbb/players/winnie-kuimi-1.html,jacksonville-state,2019-20
10,10,21,2020-02-01,Jacksonville State,,Belmont,REG (Conf),W 60-41,,2,0,0,,0,0,0,0,,,0,0,,0,0,0,0,0,0,0,1,0,-0.4,Winnie Kuimi,https://www.sports-reference.com/cbb/players/winnie-kuimi-1.html,jacksonville-state,2019-20
11,11,24,2020-02-13,Jacksonville State,@,Tennessee Tech,REG (Conf),W 66-50,,1,0,0,,0,0,0,0,,,0,0,,0,0,0,0,0,0,0,0,0,0.0,Winnie Kuimi,https://www.sports-reference.com/cbb/players/winnie-kuimi-1.html,jacksonville-state,2019-20
12,12,25,2020-02-15,Jacksonville State,@,Belmont,REG (Conf),L 49-61,,10,3,4,.750,0,0,3,4,.750,.750,1,2,.500,4,0,4,0,0,1,0,1,7,8.1,Winnie Kuimi,https://www.sports-reference.com/cbb/players/winnie-kuimi-1.html,jacksonville-state,2019-20
13,13,26,2020-02-20,Jacksonville State,,Southeast Missouri State,REG (Conf),W 72-51,,6,0,1,.000,0,0,0,1,.000,.000,0,0,,2,2,4,0,0,0,1,1,0,-0.1,Winnie Kuimi,https://www.sports-reference.com/cbb/players/winnie-kuimi-1.html,jacksonville-state,2019-20
14,14,28,2020-02-27,Jacksonville State,@,Tennessee State,REG (Conf),W 63-45,,4,0,0,,0,0,0,0,,,0,0,,0,1,1,0,0,1,1,0,0,0.0,Winnie Kuimi,https://www.sports-reference.com/cbb/players/winnie-kuimi-1.html,jacksonville-state,2019-20
15,15,29,2020-02-29,Jacksonville State,,Tennessee Tech,REG (Conf),W 64-61,,32,0,0,,0,0,0,0,,,0,0,,0,0,0,0,0,0,0,0,0,0.0,Winnie Kuimi,https://www.sports-reference.com/cbb/players/winnie-kuimi-1.html,jacksonville-state,2019-20
