ranker,player_game_num_career,team_game_num_season,date,team_name_abbr,game_location,opp_name_abbr,game_type,game_result,is_starter,mp,fg,fga,fg_pct,fg3,fg3a,fg3_pct,fg2,fg2a,fg2_pct,efg_pct,ft,fta,ft_pct,orb,drb,trb,ast,stl,blk,tov,pf,pts,game_score,player_name,player_sr_link,school,season
1,31,1,2019-11-05,Jacksonville State,@,Vanderbilt,REG (Non-Conf),L 66-88,,6,0,3,.000,0,3,.000,0,0,,.000,0,0,,0,0,0,0,0,0,0,1,0,-2.5,Yamia Johnson,https://www.sports-reference.com/cbb/players/yamia-johnson-1.html,jacksonville-state,2019-20
2,32,2,2019-11-09,Jacksonville State,,Florida A&M,REG (Non-Conf),W 72-67,,6,1,3,.333,1,3,.333,0,0,,.500,4,4,1.000,1,0,1,0,1,0,0,3,7,5.8,Yamia Johnson,https://www.sports-reference.com/cbb/players/yamia-johnson-1.html,jacksonville-state,2019-20
3,33,3,2019-11-12,Jacksonville State,,Lipscomb,REG (Non-Conf),W 65-63,,27,6,12,.500,3,7,.429,3,5,.600,.625,6,9,.667,3,0,3,2,2,0,0,1,21,18.9,Yamia Johnson,https://www.sports-reference.com/cbb/players/yamia-johnson-1.html,jacksonville-state,2019-20
4,34,4,2019-11-16,Jacksonville State,@,Troy,REG (Non-Conf),L 64-94,*,27,5,12,.417,1,4,.250,4,8,.500,.458,0,0,,0,1,1,0,1,0,1,3,11,3.7,Yamia Johnson,https://www.sports-reference.com/cbb/players/yamia-johnson-1.html,jacksonville-state,2019-20
5,35,5,2019-11-20,Jacksonville State,@,Alabama State,REG (Non-Conf),L 63-68,,16,0,4,.000,0,2,.000,0,2,.000,.000,3,4,.750,1,1,2,1,0,0,1,3,3,-0.7,Yamia Johnson,https://www.sports-reference.com/cbb/players/yamia-johnson-1.html,jacksonville-state,2019-20
6,36,6,2019-11-24,Jacksonville State,,Fort Valley St.,REG (Non-Conf),W 87-65,,22,4,10,.400,2,4,.500,2,6,.333,.500,3,4,.750,3,4,7,1,0,0,4,1,13,6.8,Yamia Johnson,https://www.sports-reference.com/cbb/players/yamia-johnson-1.html,jacksonville-state,2019-20
7,37,11,2019-12-28,Jacksonville State,@,Auburn,REG (Non-Conf),L 53-62,,8,2,4,.500,2,4,.500,0,0,,.750,0,0,,0,0,0,1,1,1,4,0,6,2.4,Yamia Johnson,https://www.sports-reference.com/cbb/players/yamia-johnson-1.html,jacksonville-state,2019-20
8,38,12,2020-01-02,Jacksonville State,@,Morehead State,REG (Conf),L 48-67,,23,4,13,.308,2,6,.333,2,7,.286,.385,0,0,,2,1,3,0,0,0,2,1,10,1.8,Yamia Johnson,https://www.sports-reference.com/cbb/players/yamia-johnson-1.html,jacksonville-state,2019-20
9,39,13,2020-01-04,Jacksonville State,@,Eastern Kentucky,REG (Conf),W 43-33,*,19,0,5,.000,0,4,.000,0,1,.000,.000,1,2,.500,0,0,0,1,0,0,2,1,1,-4.6,Yamia Johnson,https://www.sports-reference.com/cbb/players/yamia-johnson-1.html,jacksonville-state,2019-20
10,40,14,2020-01-09,Jacksonville State,,Murray State,REG (Conf),W 68-51,*,22,3,6,.500,3,3,1.000,0,3,.000,.750,0,0,,1,1,2,0,0,1,2,1,9,5.3,Yamia Johnson,https://www.sports-reference.com/cbb/players/yamia-johnson-1.html,jacksonville-state,2019-20
11,41,15,2020-01-11,Jacksonville State,,Austin Peay,REG (Conf),L 57-63,*,20,2,9,.222,0,2,.000,2,7,.286,.222,2,2,1.000,0,0,0,1,0,0,1,3,6,-1.0,Yamia Johnson,https://www.sports-reference.com/cbb/players/yamia-johnson-1.html,jacksonville-state,2019-20
12,42,16,2020-01-16,Jacksonville State,@,Eastern Illinois,REG (Conf),L 52-55,,14,2,9,.222,1,6,.167,1,3,.333,.278,0,0,,0,0,0,0,1,0,1,2,5,-1.3,Yamia Johnson,https://www.sports-reference.com/cbb/players/yamia-johnson-1.html,jacksonville-state,2019-20
13,43,17,2020-01-18,Jacksonville State,@,SIU Edwardsville,REG (Conf),W 53-44,,17,2,6,.333,0,2,.000,2,4,.500,.333,1,2,.500,0,1,1,0,1,0,0,1,5,2.1,Yamia Johnson,https://www.sports-reference.com/cbb/players/yamia-johnson-1.html,jacksonville-state,2019-20
14,44,18,2020-01-23,Jacksonville State,,Eastern Kentucky,REG (Conf),W 68-54,,19,0,6,.000,0,3,.000,0,3,.000,.000,3,4,.750,0,2,2,0,0,0,0,1,3,-1.4,Yamia Johnson,https://www.sports-reference.com/cbb/players/yamia-johnson-1.html,jacksonville-state,2019-20
15,45,19,2020-01-25,Jacksonville State,,Morehead State,REG (Conf),L 55-69,,14,1,6,.167,1,4,.250,0,2,.000,.250,2,2,1.000,1,0,1,0,0,1,3,0,5,-0.4,Yamia Johnson,https://www.sports-reference.com/cbb/players/yamia-johnson-1.html,jacksonville-state,2019-20
16,46,20,2020-01-30,Jacksonville State,,Tennessee State,REG (Conf),W 70-48,,21,3,10,.300,1,6,.167,2,4,.500,.350,1,1,1.000,0,1,1,1,2,0,1,2,8,3.4,Yamia Johnson,https://www.sports-reference.com/cbb/players/yamia-johnson-1.html,jacksonville-state,2019-20
17,47,21,2020-02-01,Jacksonville State,,Belmont,REG (Conf),W 60-41,,14,4,9,.444,3,5,.600,1,4,.250,.611,2,2,1.000,0,2,2,1,0,0,3,0,13,6.6,Yamia Johnson,https://www.sports-reference.com/cbb/players/yamia-johnson-1.html,jacksonville-state,2019-20
18,48,22,2020-02-06,Jacksonville State,@,Southeast Missouri State,REG (Conf),L 52-79,,20,2,6,.333,1,4,.250,1,2,.500,.417,0,0,,0,0,0,0,0,0,1,0,5,0.6,Yamia Johnson,https://www.sports-reference.com/cbb/players/yamia-johnson-1.html,jacksonville-state,2019-20
19,49,23,2020-02-08,Jacksonville State,@,UT Martin,REG (Conf),L 72-86,,25,12,19,.632,7,11,.636,5,8,.625,.816,1,2,.500,0,2,2,0,3,0,2,4,32,23.1,Yamia Johnson,https://www.sports-reference.com/cbb/players/yamia-johnson-1.html,jacksonville-state,2019-20
20,50,24,2020-02-13,Jacksonville State,@,Tennessee Tech,REG (Conf),W 66-50,,12,1,8,.125,0,2,.000,1,6,.167,.125,1,1,1.000,0,0,0,1,0,0,0,1,3,-1.9,Yamia Johnson,https://www.sports-reference.com/cbb/players/yamia-johnson-1.html,jacksonville-state,2019-20
21,51,25,2020-02-15,Jacksonville State,@,Belmont,REG (Conf),L 49-61,,22,1,7,.143,0,3,.000,1,4,.250,.143,4,6,.667,0,0,0,1,0,0,1,1,6,0.0,Yamia Johnson,https://www.sports-reference.com/cbb/players/yamia-johnson-1.html,jacksonville-state,2019-20
22,52,26,2020-02-20,Jacksonville State,,Southeast Missouri State,REG (Conf),W 72-51,,21,5,8,.625,3,5,.600,2,3,.667,.813,3,4,.750,0,3,3,0,0,0,1,1,16,11.5,Yamia Johnson,https://www.sports-reference.com/cbb/players/yamia-johnson-1.html,jacksonville-state,2019-20
23,53,27,2020-02-22,Jacksonville State,,UT Martin,REG (Conf),L 56-73,,25,2,8,.250,0,2,.000,2,6,.333,.250,4,6,.667,1,1,2,0,1,0,1,2,8,2.6,Yamia Johnson,https://www.sports-reference.com/cbb/players/yamia-johnson-1.html,jacksonville-state,2019-20
24,54,28,2020-02-27,Jacksonville State,@,Tennessee State,REG (Conf),W 63-45,,15,2,10,.200,0,4,.000,2,6,.333,.200,3,5,.600,0,2,2,0,0,0,1,4,7,-2.0,Yamia Johnson,https://www.sports-reference.com/cbb/players/yamia-johnson-1.html,jacksonville-state,2019-20
25,55,29,2020-02-29,Jacksonville State,,Tennessee Tech,REG (Conf),W 64-61,,8,2,5,.400,0,1,.000,2,4,.500,.400,2,2,1.000,0,0,0,0,0,0,0,0,6,3.3,Yamia Johnson,https://www.sports-reference.com/cbb/players/yamia-johnson-1.html,jacksonville-state,2019-20
26,56,30,2020-03-05,Jacksonville State,@,Eastern Illinois,CTOURN,L 46-49,,13,0,7,.000,0,4,.000,0,3,.000,.000,1,4,.250,0,1,1,0,1,0,3,2,1,-7.6,Yamia Johnson,https://www.sports-reference.com/cbb/players/yamia-johnson-1.html,jacksonville-state,2019-20
