ranker,player_game_num_career,team_game_num_season,date,team_name_abbr,game_location,opp_name_abbr,game_type,game_result,is_starter,mp,fg,fga,fg_pct,fg3,fg3a,fg3_pct,fg2,fg2a,fg2_pct,efg_pct,ft,fta,ft_pct,orb,drb,trb,ast,stl,blk,tov,pf,pts,game_score,player_name,player_sr_link,school,season
1,42,6,2020-12-30,Winthrop,@,Campbell,REG (Conf),L 41-69,,15,1,6,.167,0,2,.000,1,4,.250,.167,0,0,,0,2,2,1,0,0,2,1,2,-2.9,Alexis Sykes,https://www.sports-reference.com/cbb/players/alexis-sykes-1.html,winthrop,2020-21
2,43,7,2020-12-31,Winthrop,@,Campbell,REG (Conf),L 37-80,,13,1,4,.250,0,2,.000,1,2,.500,.250,0,0,,0,1,1,1,1,0,1,1,2,0.2,Alexis Sykes,https://www.sports-reference.com/cbb/players/alexis-sykes-1.html,winthrop,2020-21
3,44,8,2021-01-09,Winthrop,,High Point,REG (Conf),L 43-61,,20,4,11,.364,1,7,.143,3,4,.750,.409,0,0,,1,3,4,0,1,0,2,3,9,2.3,Alexis Sykes,https://www.sports-reference.com/cbb/players/alexis-sykes-1.html,winthrop,2020-21
4,45,9,2021-01-10,Winthrop,,High Point,REG (Conf),L 41-58,,23,3,9,.333,2,6,.333,1,3,.333,.444,0,0,,1,1,2,0,1,0,0,2,8,4.1,Alexis Sykes,https://www.sports-reference.com/cbb/players/alexis-sykes-1.html,winthrop,2020-21
5,46,10,2021-01-15,Winthrop,@,Longwood,REG (Conf),L 68-73,,12,1,4,.250,1,3,.333,0,1,.000,.375,0,0,,1,1,2,1,0,1,0,1,3,2.6,Alexis Sykes,https://www.sports-reference.com/cbb/players/alexis-sykes-1.html,winthrop,2020-21
6,47,11,2021-01-16,Winthrop,@,Longwood,REG (Conf),L 73-80,,3,0,1,.000,0,1,.000,0,0,,.000,0,0,,0,0,0,1,0,0,0,0,0,0.0,Alexis Sykes,https://www.sports-reference.com/cbb/players/alexis-sykes-1.html,winthrop,2020-21
7,48,13,2021-01-23,Winthrop,@,Hampton,REG (Conf),W 63-53,,15,1,4,.250,0,2,.000,1,2,.500,.250,0,0,,0,0,0,0,1,0,0,1,2,0.2,Alexis Sykes,https://www.sports-reference.com/cbb/players/alexis-sykes-1.html,winthrop,2020-21
8,49,14,2021-01-29,Winthrop,,Charleston Southern,REG (Conf),W 59-56,,10,1,4,.250,1,3,.333,0,1,.000,.375,2,2,1.000,1,2,3,1,1,0,0,0,5,5.6,Alexis Sykes,https://www.sports-reference.com/cbb/players/alexis-sykes-1.html,winthrop,2020-21
9,50,15,2021-01-30,Winthrop,,Charleston Southern,REG (Conf),W 53-48,,3,0,0,,0,0,,0,0,,,0,0,,0,0,0,0,0,0,1,0,0,-1.0,Alexis Sykes,https://www.sports-reference.com/cbb/players/alexis-sykes-1.html,winthrop,2020-21
10,51,16,2021-02-05,Winthrop,,Radford,REG (Conf),L 46-72,,10,1,5,.200,0,2,.000,1,3,.333,.200,0,0,,0,2,2,0,1,0,0,1,2,0.1,Alexis Sykes,https://www.sports-reference.com/cbb/players/alexis-sykes-1.html,winthrop,2020-21
11,52,17,2021-02-06,Winthrop,,Radford,REG (Conf),W 63-59 (OT),,6,0,0,,0,0,,0,0,,,0,0,,0,1,1,0,0,0,0,0,0,0.3,Alexis Sykes,https://www.sports-reference.com/cbb/players/alexis-sykes-1.html,winthrop,2020-21
12,53,22,2021-03-02,Winthrop,,Presbyterian,REG (Conf),L 41-61,,1,0,0,,0,0,,0,0,,,0,0,,0,0,0,0,0,0,0,0,0,0.0,Alexis Sykes,https://www.sports-reference.com/cbb/players/alexis-sykes-1.html,winthrop,2020-21
13,54,23,2021-03-03,Winthrop,,Presbyterian,REG (Conf),L 50-67,*,9,0,1,.000,0,1,.000,0,0,,.000,0,0,,0,1,1,0,0,0,0,0,0,-0.4,Alexis Sykes,https://www.sports-reference.com/cbb/players/alexis-sykes-1.html,winthrop,2020-21
