ranker,player_game_num_career,team_game_num_season,date,team_name_abbr,game_location,opp_name_abbr,game_type,game_result,is_starter,mp,fg,fga,fg_pct,fg3,fg3a,fg3_pct,fg2,fg2a,fg2_pct,efg_pct,ft,fta,ft_pct,orb,drb,trb,ast,stl,blk,tov,pf,pts,game_score,player_name,player_sr_link,school,season
1,91,1,2020-11-25,Winthrop,@,Wofford,REG (Non-Conf),L 50-65,,17,0,2,.000,0,0,,0,2,.000,.000,1,2,.500,1,5,6,1,0,0,2,1,1,-0.3,Anika Riley,https://www.sports-reference.com/cbb/players/anika-riley-1.html,winthrop,2020-21
2,92,2,2020-12-02,Winthrop,@,South Carolina State,REG (Non-Conf),W 65-47,,23,2,4,.500,0,0,,2,4,.500,.500,0,0,,1,6,7,1,0,0,1,1,4,3.8,Anika Riley,https://www.sports-reference.com/cbb/players/anika-riley-1.html,winthrop,2020-21
3,93,3,2020-12-08,Winthrop,@,College of Charleston,REG (Non-Conf),L 59-89,,17,2,2,1.000,0,0,,2,2,1.000,1.000,0,0,,1,4,5,1,0,0,3,4,4,1.4,Anika Riley,https://www.sports-reference.com/cbb/players/anika-riley-1.html,winthrop,2020-21
4,94,4,2020-12-17,Winthrop,,USC Upstate,REG (Conf),W 59-54,,29,4,5,.800,1,1,1.000,3,4,.750,.900,1,2,.500,2,5,7,0,1,0,2,2,10,8.8,Anika Riley,https://www.sports-reference.com/cbb/players/anika-riley-1.html,winthrop,2020-21
5,95,5,2020-12-18,Winthrop,,USC Upstate,REG (Conf),L 49-56,,29,2,3,.667,0,0,,2,3,.667,.667,2,2,1.000,1,5,6,0,0,0,0,1,6,6.5,Anika Riley,https://www.sports-reference.com/cbb/players/anika-riley-1.html,winthrop,2020-21
6,96,6,2020-12-30,Winthrop,@,Campbell,REG (Conf),L 41-69,*,33,1,3,.333,0,0,,1,3,.333,.333,0,0,,0,7,7,1,2,0,3,1,2,1.7,Anika Riley,https://www.sports-reference.com/cbb/players/anika-riley-1.html,winthrop,2020-21
7,97,7,2020-12-31,Winthrop,@,Campbell,REG (Conf),L 37-80,*,21,1,6,.167,0,1,.000,1,5,.200,.167,1,2,.500,1,2,3,0,1,0,2,0,3,-0.9,Anika Riley,https://www.sports-reference.com/cbb/players/anika-riley-1.html,winthrop,2020-21
8,98,8,2021-01-09,Winthrop,,High Point,REG (Conf),L 43-61,*,27,5,11,.455,0,1,.000,5,10,.500,.455,2,4,.500,2,6,8,0,0,0,1,0,12,7.7,Anika Riley,https://www.sports-reference.com/cbb/players/anika-riley-1.html,winthrop,2020-21
9,99,9,2021-01-10,Winthrop,,High Point,REG (Conf),L 41-58,*,25,2,10,.200,0,0,,2,10,.200,.200,0,0,,3,1,4,1,0,0,0,0,4,0.9,Anika Riley,https://www.sports-reference.com/cbb/players/anika-riley-1.html,winthrop,2020-21
10,100,10,2021-01-15,Winthrop,@,Longwood,REG (Conf),L 68-73,*,31,5,12,.417,0,0,,5,12,.417,.417,5,6,.833,3,5,8,4,0,0,0,0,15,14.6,Anika Riley,https://www.sports-reference.com/cbb/players/anika-riley-1.html,winthrop,2020-21
11,101,11,2021-01-16,Winthrop,@,Longwood,REG (Conf),L 73-80,*,31,4,8,.500,0,1,.000,4,7,.571,.500,0,0,,0,8,8,1,0,0,1,3,8,4.9,Anika Riley,https://www.sports-reference.com/cbb/players/anika-riley-1.html,winthrop,2020-21
12,102,12,2021-01-22,Winthrop,@,Hampton,REG (Conf),L 42-51,*,30,2,5,.400,0,0,,2,5,.400,.400,0,0,,1,6,7,2,2,0,0,2,4,6.4,Anika Riley,https://www.sports-reference.com/cbb/players/anika-riley-1.html,winthrop,2020-21
13,103,13,2021-01-23,Winthrop,@,Hampton,REG (Conf),W 63-53,*,33,5,6,.833,0,0,,5,6,.833,.833,2,2,1.000,1,6,7,1,0,0,4,1,12,8.6,Anika Riley,https://www.sports-reference.com/cbb/players/anika-riley-1.html,winthrop,2020-21
14,104,14,2021-01-29,Winthrop,,Charleston Southern,REG (Conf),W 59-56,*,29,2,5,.400,0,0,,2,5,.400,.400,2,2,1.000,1,5,6,3,0,0,2,2,6,4.8,Anika Riley,https://www.sports-reference.com/cbb/players/anika-riley-1.html,winthrop,2020-21
15,105,15,2021-01-30,Winthrop,,Charleston Southern,REG (Conf),W 53-48,*,20,2,5,.400,0,0,,2,5,.400,.400,0,0,,0,1,1,0,1,0,2,4,4,-1.0,Anika Riley,https://www.sports-reference.com/cbb/players/anika-riley-1.html,winthrop,2020-21
16,106,16,2021-02-05,Winthrop,,Radford,REG (Conf),L 46-72,*,18,0,4,.000,0,0,,0,4,.000,.000,0,0,,0,3,3,0,0,0,1,1,0,-3.3,Anika Riley,https://www.sports-reference.com/cbb/players/anika-riley-1.html,winthrop,2020-21
17,107,17,2021-02-06,Winthrop,,Radford,REG (Conf),W 63-59 (OT),*,37,6,10,.600,0,1,.000,6,9,.667,.600,3,5,.600,4,6,10,1,1,0,3,2,15,12.1,Anika Riley,https://www.sports-reference.com/cbb/players/anika-riley-1.html,winthrop,2020-21
18,108,18,2021-02-14,Winthrop,@,Gardner-Webb,REG (Conf),L 56-68,*,28,1,3,.333,0,1,.000,1,2,.500,.333,1,2,.500,1,2,3,2,2,0,5,0,3,0.6,Anika Riley,https://www.sports-reference.com/cbb/players/anika-riley-1.html,winthrop,2020-21
19,109,19,2021-02-15,Winthrop,@,Gardner-Webb,REG (Conf),L 50-66,*,33,3,7,.429,0,0,,3,7,.429,.429,1,1,1.000,0,5,5,2,0,0,2,4,7,2.6,Anika Riley,https://www.sports-reference.com/cbb/players/anika-riley-1.html,winthrop,2020-21
20,110,20,2021-02-19,Winthrop,@,UNC Asheville,REG (Conf),L 37-61,*,28,2,7,.286,0,0,,2,7,.286,.286,0,0,,3,5,8,0,1,0,3,1,4,1.1,Anika Riley,https://www.sports-reference.com/cbb/players/anika-riley-1.html,winthrop,2020-21
21,111,21,2021-02-20,Winthrop,@,UNC Asheville,REG (Conf),L 46-57,*,31,2,8,.250,0,1,.000,2,7,.286,.250,2,2,1.000,2,6,8,3,0,0,2,1,6,4.1,Anika Riley,https://www.sports-reference.com/cbb/players/anika-riley-1.html,winthrop,2020-21
22,112,22,2021-03-02,Winthrop,,Presbyterian,REG (Conf),L 41-61,*,25,3,10,.300,0,1,.000,3,9,.333,.300,1,1,1.000,3,2,5,1,1,0,0,1,7,5.2,Anika Riley,https://www.sports-reference.com/cbb/players/anika-riley-1.html,winthrop,2020-21
23,113,23,2021-03-03,Winthrop,,Presbyterian,REG (Conf),L 50-67,*,30,1,5,.200,0,0,,1,5,.200,.200,0,0,,0,3,3,2,1,0,1,0,2,1.2,Anika Riley,https://www.sports-reference.com/cbb/players/anika-riley-1.html,winthrop,2020-21
24,114,24,2021-03-08,Winthrop,@,Campbell,CTOURN,L 41-54,*,30,1,5,.200,0,0,,1,5,.200,.200,0,0,,1,5,6,2,0,0,1,2,2,0.7,Anika Riley,https://www.sports-reference.com/cbb/players/anika-riley-1.html,winthrop,2020-21
