ranker,player_game_num_career,team_game_num_season,date,team_name_abbr,game_location,opp_name_abbr,game_type,game_result,is_starter,mp,fg,fga,fg_pct,fg3,fg3a,fg3_pct,fg2,fg2a,fg2_pct,efg_pct,ft,fta,ft_pct,orb,drb,trb,ast,stl,blk,tov,pf,pts,game_score,player_name,player_sr_link,school,season
1,1,1,2020-11-25,Winthrop,@,Wofford,REG (Non-Conf),L 50-65,,4,0,1,.000,0,1,.000,0,0,,.000,0,0,,0,1,1,0,0,0,1,0,0,-1.4,Antoaneta Alexe,https://www.sports-reference.com/cbb/players/antoaneta-alexe-1.html,winthrop,2020-21
2,2,2,2020-12-02,Winthrop,@,South Carolina State,REG (Non-Conf),W 65-47,,1,0,0,,0,0,,0,0,,,0,0,,1,1,2,0,0,0,0,1,0,0.6,Antoaneta Alexe,https://www.sports-reference.com/cbb/players/antoaneta-alexe-1.html,winthrop,2020-21
3,3,3,2020-12-08,Winthrop,@,College of Charleston,REG (Non-Conf),L 59-89,,11,0,2,.000,0,1,.000,0,1,.000,.000,2,2,1.000,0,2,2,0,0,1,2,1,2,-0.5,Antoaneta Alexe,https://www.sports-reference.com/cbb/players/antoaneta-alexe-1.html,winthrop,2020-21
4,4,4,2020-12-17,Winthrop,,USC Upstate,REG (Conf),W 59-54,,2,0,0,,0,0,,0,0,,,0,0,,0,0,0,0,0,0,1,1,0,-1.4,Antoaneta Alexe,https://www.sports-reference.com/cbb/players/antoaneta-alexe-1.html,winthrop,2020-21
5,5,5,2020-12-18,Winthrop,,USC Upstate,REG (Conf),L 49-56,,9,0,0,,0,0,,0,0,,,0,0,,0,2,2,0,0,0,0,0,0,0.6,Antoaneta Alexe,https://www.sports-reference.com/cbb/players/antoaneta-alexe-1.html,winthrop,2020-21
6,6,6,2020-12-30,Winthrop,@,Campbell,REG (Conf),L 41-69,,9,0,3,.000,0,2,.000,0,1,.000,.000,0,0,,0,2,2,0,0,0,3,0,0,-4.5,Antoaneta Alexe,https://www.sports-reference.com/cbb/players/antoaneta-alexe-1.html,winthrop,2020-21
7,7,7,2020-12-31,Winthrop,@,Campbell,REG (Conf),L 37-80,,11,1,4,.250,0,2,.000,1,2,.500,.250,2,2,1.000,1,2,3,1,0,0,1,2,4,1.8,Antoaneta Alexe,https://www.sports-reference.com/cbb/players/antoaneta-alexe-1.html,winthrop,2020-21
8,8,10,2021-01-15,Winthrop,@,Longwood,REG (Conf),L 68-73,,4,1,2,.500,0,0,,1,2,.500,.500,0,0,,1,0,1,1,0,0,0,0,2,2.4,Antoaneta Alexe,https://www.sports-reference.com/cbb/players/antoaneta-alexe-1.html,winthrop,2020-21
9,9,11,2021-01-16,Winthrop,@,Longwood,REG (Conf),L 73-80,,4,0,0,,0,0,,0,0,,,0,0,,0,0,0,0,0,0,0,2,0,-0.8,Antoaneta Alexe,https://www.sports-reference.com/cbb/players/antoaneta-alexe-1.html,winthrop,2020-21
10,10,12,2021-01-22,Winthrop,@,Hampton,REG (Conf),L 42-51,,7,0,1,.000,0,0,,0,1,.000,.000,0,0,,0,2,2,0,0,0,3,0,0,-3.1,Antoaneta Alexe,https://www.sports-reference.com/cbb/players/antoaneta-alexe-1.html,winthrop,2020-21
11,11,13,2021-01-23,Winthrop,@,Hampton,REG (Conf),W 63-53,,5,1,2,.500,1,2,.500,0,0,,.750,0,0,,0,0,0,0,0,0,0,0,3,2.0,Antoaneta Alexe,https://www.sports-reference.com/cbb/players/antoaneta-alexe-1.html,winthrop,2020-21
12,12,14,2021-01-29,Winthrop,,Charleston Southern,REG (Conf),W 59-56,,3,0,1,.000,0,0,,0,1,.000,.000,0,0,,0,0,0,0,0,0,0,0,0,-0.7,Antoaneta Alexe,https://www.sports-reference.com/cbb/players/antoaneta-alexe-1.html,winthrop,2020-21
13,13,15,2021-01-30,Winthrop,,Charleston Southern,REG (Conf),W 53-48,,17,2,9,.222,0,3,.000,2,6,.333,.222,1,1,1.000,2,2,4,1,0,0,0,2,5,1.4,Antoaneta Alexe,https://www.sports-reference.com/cbb/players/antoaneta-alexe-1.html,winthrop,2020-21
14,14,16,2021-02-05,Winthrop,,Radford,REG (Conf),L 46-72,,21,2,5,.400,0,2,.000,2,3,.667,.400,0,0,,2,3,5,0,0,0,2,2,4,0.8,Antoaneta Alexe,https://www.sports-reference.com/cbb/players/antoaneta-alexe-1.html,winthrop,2020-21
15,15,17,2021-02-06,Winthrop,,Radford,REG (Conf),W 63-59 (OT),,19,1,3,.333,0,2,.000,1,1,1.000,.333,0,0,,0,2,2,0,0,0,2,1,2,-1.5,Antoaneta Alexe,https://www.sports-reference.com/cbb/players/antoaneta-alexe-1.html,winthrop,2020-21
16,16,18,2021-02-14,Winthrop,@,Gardner-Webb,REG (Conf),L 56-68,*,22,4,5,.800,1,1,1.000,3,4,.750,.900,0,0,,0,2,2,2,0,0,1,1,9,7.7,Antoaneta Alexe,https://www.sports-reference.com/cbb/players/antoaneta-alexe-1.html,winthrop,2020-21
17,17,19,2021-02-15,Winthrop,@,Gardner-Webb,REG (Conf),L 50-66,,12,1,4,.250,0,1,.000,1,3,.333,.250,0,0,,1,1,2,1,1,0,1,1,2,0.9,Antoaneta Alexe,https://www.sports-reference.com/cbb/players/antoaneta-alexe-1.html,winthrop,2020-21
18,18,20,2021-02-19,Winthrop,@,UNC Asheville,REG (Conf),L 37-61,,23,2,10,.200,1,5,.200,1,5,.200,.250,0,0,,0,6,6,0,1,0,0,1,5,1.2,Antoaneta Alexe,https://www.sports-reference.com/cbb/players/antoaneta-alexe-1.html,winthrop,2020-21
19,19,21,2021-02-20,Winthrop,@,UNC Asheville,REG (Conf),L 46-57,,9,0,3,.000,0,1,.000,0,2,.000,.000,0,0,,0,2,2,0,0,0,0,0,0,-1.5,Antoaneta Alexe,https://www.sports-reference.com/cbb/players/antoaneta-alexe-1.html,winthrop,2020-21
20,20,22,2021-03-02,Winthrop,,Presbyterian,REG (Conf),L 41-61,,11,0,1,.000,0,1,.000,0,0,,.000,0,0,,0,3,3,2,0,0,2,1,0,-0.8,Antoaneta Alexe,https://www.sports-reference.com/cbb/players/antoaneta-alexe-1.html,winthrop,2020-21
21,21,23,2021-03-03,Winthrop,,Presbyterian,REG (Conf),L 50-67,,12,0,2,.000,0,0,,0,2,.000,.000,0,0,,0,1,1,1,0,0,0,2,0,-1.2,Antoaneta Alexe,https://www.sports-reference.com/cbb/players/antoaneta-alexe-1.html,winthrop,2020-21
22,22,24,2021-03-08,Winthrop,@,Campbell,CTOURN,L 41-54,,10,1,3,.333,0,2,.000,1,1,1.000,.333,0,0,,0,2,2,0,0,0,1,0,2,-0.1,Antoaneta Alexe,https://www.sports-reference.com/cbb/players/antoaneta-alexe-1.html,winthrop,2020-21
