ranker,player_game_num_career,team_game_num_season,date,team_name_abbr,game_location,opp_name_abbr,game_type,game_result,is_starter,mp,fg,fga,fg_pct,fg3,fg3a,fg3_pct,fg2,fg2a,fg2_pct,efg_pct,ft,fta,ft_pct,orb,drb,trb,ast,stl,blk,tov,pf,pts,game_score,player_name,player_sr_link,school,season
1,1,1,2020-11-25,Winthrop,@,Wofford,REG (Non-Conf),L 50-65,,8,0,1,.000,0,0,,0,1,.000,.000,0,0,,0,0,0,0,0,0,0,1,0,-1.1,J'Mani Ingram,https://www.sports-reference.com/cbb/players/jmani-ingram-1.html,winthrop,2020-21
2,2,2,2020-12-02,Winthrop,@,South Carolina State,REG (Non-Conf),W 65-47,,17,2,3,.667,0,1,.000,2,2,1.000,.667,5,10,.500,0,0,0,0,1,0,0,1,9,6.3,J'Mani Ingram,https://www.sports-reference.com/cbb/players/jmani-ingram-1.html,winthrop,2020-21
3,3,3,2020-12-08,Winthrop,@,College of Charleston,REG (Non-Conf),L 59-89,,10,2,4,.500,0,0,,2,4,.500,.500,0,0,,0,1,1,0,0,0,2,3,4,-0.9,J'Mani Ingram,https://www.sports-reference.com/cbb/players/jmani-ingram-1.html,winthrop,2020-21
4,4,4,2020-12-17,Winthrop,,USC Upstate,REG (Conf),W 59-54,,10,3,4,.750,0,0,,3,4,.750,.750,0,2,.000,2,2,4,2,1,0,3,2,6,4.2,J'Mani Ingram,https://www.sports-reference.com/cbb/players/jmani-ingram-1.html,winthrop,2020-21
5,5,5,2020-12-18,Winthrop,,USC Upstate,REG (Conf),L 49-56,,11,5,6,.833,0,0,,5,6,.833,.833,1,3,.333,0,0,0,2,1,0,2,4,11,6.8,J'Mani Ingram,https://www.sports-reference.com/cbb/players/jmani-ingram-1.html,winthrop,2020-21
6,6,6,2020-12-30,Winthrop,@,Campbell,REG (Conf),L 41-69,,9,0,0,,0,0,,0,0,,,0,0,,0,0,0,0,0,0,1,2,0,-1.8,J'Mani Ingram,https://www.sports-reference.com/cbb/players/jmani-ingram-1.html,winthrop,2020-21
7,7,7,2020-12-31,Winthrop,@,Campbell,REG (Conf),L 37-80,,20,2,6,.333,0,0,,2,6,.333,.333,0,2,.000,1,2,3,1,1,0,1,2,4,1.0,J'Mani Ingram,https://www.sports-reference.com/cbb/players/jmani-ingram-1.html,winthrop,2020-21
8,8,8,2021-01-09,Winthrop,,High Point,REG (Conf),L 43-61,,7,1,2,.500,0,0,,1,2,.500,.500,0,2,.000,0,4,4,0,0,0,0,3,2,0.2,J'Mani Ingram,https://www.sports-reference.com/cbb/players/jmani-ingram-1.html,winthrop,2020-21
9,9,9,2021-01-10,Winthrop,,High Point,REG (Conf),L 41-58,,13,0,2,.000,0,0,,0,2,.000,.000,1,2,.500,0,0,0,2,0,0,0,2,1,-0.2,J'Mani Ingram,https://www.sports-reference.com/cbb/players/jmani-ingram-1.html,winthrop,2020-21
10,10,10,2021-01-15,Winthrop,@,Longwood,REG (Conf),L 68-73,,20,4,9,.444,0,0,,4,9,.444,.444,1,4,.250,3,2,5,0,1,0,1,2,9,5.0,J'Mani Ingram,https://www.sports-reference.com/cbb/players/jmani-ingram-1.html,winthrop,2020-21
11,11,11,2021-01-16,Winthrop,@,Longwood,REG (Conf),L 73-80,,20,6,7,.857,0,0,,6,7,.857,.857,0,0,,0,0,0,0,2,0,3,1,12,8.1,J'Mani Ingram,https://www.sports-reference.com/cbb/players/jmani-ingram-1.html,winthrop,2020-21
12,12,12,2021-01-22,Winthrop,@,Hampton,REG (Conf),L 42-51,,17,2,7,.286,0,0,,2,7,.286,.286,1,5,.200,2,1,3,1,1,0,1,3,5,0.5,J'Mani Ingram,https://www.sports-reference.com/cbb/players/jmani-ingram-1.html,winthrop,2020-21
13,13,13,2021-01-23,Winthrop,@,Hampton,REG (Conf),W 63-53,,18,4,4,1.000,0,0,,4,4,1.000,1.000,3,4,.750,1,0,1,1,0,0,0,1,11,10.4,J'Mani Ingram,https://www.sports-reference.com/cbb/players/jmani-ingram-1.html,winthrop,2020-21
14,14,14,2021-01-29,Winthrop,,Charleston Southern,REG (Conf),W 59-56,,23,2,5,.400,0,0,,2,5,.400,.400,2,2,1.000,0,3,3,1,3,0,4,1,6,3.5,J'Mani Ingram,https://www.sports-reference.com/cbb/players/jmani-ingram-1.html,winthrop,2020-21
15,15,15,2021-01-30,Winthrop,,Charleston Southern,REG (Conf),W 53-48,,11,2,4,.500,0,0,,2,4,.500,.500,0,0,,0,1,1,2,0,0,2,0,4,1.7,J'Mani Ingram,https://www.sports-reference.com/cbb/players/jmani-ingram-1.html,winthrop,2020-21
16,16,16,2021-02-05,Winthrop,,Radford,REG (Conf),L 46-72,,12,2,9,.222,0,0,,2,9,.222,.222,1,2,.500,1,0,1,0,0,0,0,1,5,-0.6,J'Mani Ingram,https://www.sports-reference.com/cbb/players/jmani-ingram-1.html,winthrop,2020-21
17,17,17,2021-02-06,Winthrop,,Radford,REG (Conf),W 63-59 (OT),,13,3,5,.600,0,0,,3,5,.600,.600,3,6,.500,0,2,2,0,0,0,2,1,9,3.7,J'Mani Ingram,https://www.sports-reference.com/cbb/players/jmani-ingram-1.html,winthrop,2020-21
18,18,18,2021-02-14,Winthrop,@,Gardner-Webb,REG (Conf),L 56-68,,17,2,7,.286,0,0,,2,7,.286,.286,3,3,1.000,1,3,4,1,1,0,2,3,7,3.0,J'Mani Ingram,https://www.sports-reference.com/cbb/players/jmani-ingram-1.html,winthrop,2020-21
19,19,19,2021-02-15,Winthrop,@,Gardner-Webb,REG (Conf),L 50-66,,19,1,2,.500,0,0,,1,2,.500,.500,0,0,,0,2,2,0,0,0,5,2,2,-4.2,J'Mani Ingram,https://www.sports-reference.com/cbb/players/jmani-ingram-1.html,winthrop,2020-21
20,20,20,2021-02-19,Winthrop,@,UNC Asheville,REG (Conf),L 37-61,,20,0,2,.000,0,0,,0,2,.000,.000,1,4,.250,1,1,2,0,0,0,2,1,1,-3.0,J'Mani Ingram,https://www.sports-reference.com/cbb/players/jmani-ingram-1.html,winthrop,2020-21
21,21,21,2021-02-20,Winthrop,@,UNC Asheville,REG (Conf),L 46-57,*,32,5,14,.357,0,0,,5,14,.357,.357,3,6,.500,1,0,1,2,2,0,0,2,13,7.3,J'Mani Ingram,https://www.sports-reference.com/cbb/players/jmani-ingram-1.html,winthrop,2020-21
22,22,22,2021-03-02,Winthrop,,Presbyterian,REG (Conf),L 41-61,,23,1,5,.200,0,0,,1,5,.200,.200,4,6,.667,3,2,5,1,3,0,4,3,6,3.3,J'Mani Ingram,https://www.sports-reference.com/cbb/players/jmani-ingram-1.html,winthrop,2020-21
23,23,23,2021-03-03,Winthrop,,Presbyterian,REG (Conf),L 50-67,,27,3,8,.375,0,0,,3,8,.375,.375,2,2,1.000,1,1,2,1,1,0,3,2,8,2.5,J'Mani Ingram,https://www.sports-reference.com/cbb/players/jmani-ingram-1.html,winthrop,2020-21
24,24,24,2021-03-08,Winthrop,@,Campbell,CTOURN,L 41-54,,17,4,10,.400,0,0,,4,10,.400,.400,4,8,.500,5,1,6,2,2,0,0,3,12,11.0,J'Mani Ingram,https://www.sports-reference.com/cbb/players/jmani-ingram-1.html,winthrop,2020-21
