ranker,player_game_num_career,team_game_num_season,date,team_name_abbr,game_location,opp_name_abbr,game_type,game_result,is_starter,mp,fg,fga,fg_pct,fg3,fg3a,fg3_pct,fg2,fg2a,fg2_pct,efg_pct,ft,fta,ft_pct,orb,drb,trb,ast,stl,blk,tov,pf,pts,game_score,player_name,player_sr_link,school,season
1,1,1,2020-11-25,Winthrop,@,Wofford,REG (Non-Conf),L 50-65,*,20,2,8,.250,0,3,.000,2,5,.400,.250,0,0,,1,2,3,0,2,0,0,3,4,1.3,Jaelyn Royal,https://www.sports-reference.com/cbb/players/jaelyn-royal-1.html,winthrop,2020-21
2,2,2,2020-12-02,Winthrop,@,South Carolina State,REG (Non-Conf),W 65-47,*,20,2,4,.500,0,1,.000,2,3,.667,.500,1,1,1.000,4,5,9,0,0,0,1,1,5,5.9,Jaelyn Royal,https://www.sports-reference.com/cbb/players/jaelyn-royal-1.html,winthrop,2020-21
3,3,3,2020-12-08,Winthrop,@,College of Charleston,REG (Non-Conf),L 59-89,*,15,0,0,,0,0,,0,0,,,0,0,,0,2,2,1,0,0,1,1,0,-0.1,Jaelyn Royal,https://www.sports-reference.com/cbb/players/jaelyn-royal-1.html,winthrop,2020-21
4,4,4,2020-12-17,Winthrop,,USC Upstate,REG (Conf),W 59-54,*,15,0,1,.000,0,1,.000,0,0,,.000,0,0,,0,3,3,0,0,0,1,0,0,-0.8,Jaelyn Royal,https://www.sports-reference.com/cbb/players/jaelyn-royal-1.html,winthrop,2020-21
5,5,5,2020-12-18,Winthrop,,USC Upstate,REG (Conf),L 49-56,*,10,0,2,.000,0,2,.000,0,0,,.000,0,0,,0,1,1,0,0,1,1,0,0,-1.4,Jaelyn Royal,https://www.sports-reference.com/cbb/players/jaelyn-royal-1.html,winthrop,2020-21
6,6,6,2020-12-30,Winthrop,@,Campbell,REG (Conf),L 41-69,,10,1,4,.250,0,3,.000,1,1,1.000,.250,1,1,1.000,1,3,4,0,0,2,0,2,3,2.8,Jaelyn Royal,https://www.sports-reference.com/cbb/players/jaelyn-royal-1.html,winthrop,2020-21
7,7,7,2020-12-31,Winthrop,@,Campbell,REG (Conf),L 37-80,,15,2,5,.400,1,3,.333,1,2,.500,.500,0,0,,2,1,3,0,0,0,1,1,5,2.6,Jaelyn Royal,https://www.sports-reference.com/cbb/players/jaelyn-royal-1.html,winthrop,2020-21
8,8,8,2021-01-09,Winthrop,,High Point,REG (Conf),L 43-61,,4,0,1,.000,0,1,.000,0,0,,.000,0,0,,1,1,2,0,0,0,0,0,0,0.3,Jaelyn Royal,https://www.sports-reference.com/cbb/players/jaelyn-royal-1.html,winthrop,2020-21
9,9,9,2021-01-10,Winthrop,,High Point,REG (Conf),L 41-58,,8,1,2,.500,0,1,.000,1,1,1.000,.500,0,0,,0,2,2,0,1,0,0,0,2,2.6,Jaelyn Royal,https://www.sports-reference.com/cbb/players/jaelyn-royal-1.html,winthrop,2020-21
10,10,10,2021-01-15,Winthrop,@,Longwood,REG (Conf),L 68-73,,4,0,2,.000,0,1,.000,0,1,.000,.000,0,0,,0,2,2,0,0,0,0,0,0,-0.8,Jaelyn Royal,https://www.sports-reference.com/cbb/players/jaelyn-royal-1.html,winthrop,2020-21
11,11,11,2021-01-16,Winthrop,@,Longwood,REG (Conf),L 73-80,,1,1,1,1.000,0,0,,1,1,1.000,1.000,0,0,,1,0,1,0,0,0,0,1,2,2.0,Jaelyn Royal,https://www.sports-reference.com/cbb/players/jaelyn-royal-1.html,winthrop,2020-21
12,12,12,2021-01-22,Winthrop,@,Hampton,REG (Conf),L 42-51,,7,0,2,.000,0,2,.000,0,0,,.000,0,0,,0,3,3,1,0,0,0,1,0,-0.2,Jaelyn Royal,https://www.sports-reference.com/cbb/players/jaelyn-royal-1.html,winthrop,2020-21
