ranker,player_game_num_career,team_game_num_season,date,team_name_abbr,game_location,opp_name_abbr,game_type,game_result,is_starter,mp,fg,fga,fg_pct,fg3,fg3a,fg2,fg2a,fg2_pct,efg_pct,ft,fta,orb,drb,trb,ast,stl,blk,tov,pf,pts,game_score,player_name,player_sr_link,school,season
1,1,1,2020-11-25,Winthrop,@,Wofford,REG (Non-Conf),L 50-65,,0,0,0,,0,0,0,0,,,0,0,0,0,0,0,0,0,0,0,0,0.0,Kensley Benjamin,https://www.sports-reference.com/cbb/players/kensley-benjamin-1.html,winthrop,2020-21
2,2,2,2020-12-02,Winthrop,@,South Carolina State,REG (Non-Conf),W 65-47,,1,0,0,,0,0,0,0,,,0,0,0,0,0,0,0,0,1,0,0,-1.0,Kensley Benjamin,https://www.sports-reference.com/cbb/players/kensley-benjamin-1.html,winthrop,2020-21
3,3,3,2020-12-08,Winthrop,@,College of Charleston,REG (Non-Conf),L 59-89,,4,0,0,,0,0,0,0,,,0,0,1,0,1,0,0,0,0,0,0,0.7,Kensley Benjamin,https://www.sports-reference.com/cbb/players/kensley-benjamin-1.html,winthrop,2020-21
4,4,6,2020-12-30,Winthrop,@,Campbell,REG (Conf),L 41-69,,3,0,0,,0,0,0,0,,,0,0,0,2,2,0,0,0,0,0,0,0.6,Kensley Benjamin,https://www.sports-reference.com/cbb/players/kensley-benjamin-1.html,winthrop,2020-21
5,5,7,2020-12-31,Winthrop,@,Campbell,REG (Conf),L 37-80,,4,0,2,.000,0,0,0,2,.000,.000,0,0,1,0,1,0,0,0,1,0,0,-1.7,Kensley Benjamin,https://www.sports-reference.com/cbb/players/kensley-benjamin-1.html,winthrop,2020-21
6,6,8,2021-01-09,Winthrop,,High Point,REG (Conf),L 43-61,,2,0,0,,0,0,0,0,,,0,0,0,0,0,0,0,0,0,0,0,0.0,Kensley Benjamin,https://www.sports-reference.com/cbb/players/kensley-benjamin-1.html,winthrop,2020-21
7,7,16,2021-02-05,Winthrop,,Radford,REG (Conf),L 46-72,,1,0,1,.000,0,0,0,1,.000,.000,0,0,0,0,0,0,0,0,0,0,0,-0.7,Kensley Benjamin,https://www.sports-reference.com/cbb/players/kensley-benjamin-1.html,winthrop,2020-21
