ranker,player_game_num_career,team_game_num_season,date,team_name_abbr,game_location,opp_name_abbr,game_type,game_result,is_starter,mp,fg,fga,fg_pct,fg3,fg3a,fg3_pct,fg2,fg2a,fg2_pct,efg_pct,ft,fta,ft_pct,orb,drb,trb,ast,stl,blk,tov,pf,pts,game_score,player_name,player_sr_link,school,season
1,41,1,2020-11-25,Winthrop,@,Wofford,REG (Non-Conf),L 50-65,*,19,1,3,.333,0,0,,1,3,.333,.333,0,0,,0,1,1,0,0,0,4,3,2,-4.6,Madison Ervin,https://www.sports-reference.com/cbb/players/madison-ervin-1.html,winthrop,2020-21
2,42,2,2020-12-02,Winthrop,@,South Carolina State,REG (Non-Conf),W 65-47,*,27,4,10,.400,1,2,.500,3,8,.375,.450,1,3,.333,1,3,4,1,0,0,2,2,10,3.3,Madison Ervin,https://www.sports-reference.com/cbb/players/madison-ervin-1.html,winthrop,2020-21
3,43,3,2020-12-08,Winthrop,@,College of Charleston,REG (Non-Conf),L 59-89,*,28,3,7,.429,3,6,.500,0,1,.000,.643,4,4,1.000,0,3,3,2,0,0,2,2,13,8.8,Madison Ervin,https://www.sports-reference.com/cbb/players/madison-ervin-1.html,winthrop,2020-21
4,44,4,2020-12-17,Winthrop,,USC Upstate,REG (Conf),W 59-54,*,28,1,8,.125,0,3,.000,1,5,.200,.125,2,2,1.000,1,1,2,2,1,0,0,1,4,1.8,Madison Ervin,https://www.sports-reference.com/cbb/players/madison-ervin-1.html,winthrop,2020-21
5,45,5,2020-12-18,Winthrop,,USC Upstate,REG (Conf),L 49-56,*,31,2,6,.333,0,3,.000,2,3,.667,.333,0,0,,0,3,3,1,1,0,1,3,4,1.0,Madison Ervin,https://www.sports-reference.com/cbb/players/madison-ervin-1.html,winthrop,2020-21
6,46,6,2020-12-30,Winthrop,@,Campbell,REG (Conf),L 41-69,*,16,3,7,.429,1,1,1.000,2,6,.333,.500,1,1,1.000,2,0,2,0,1,0,2,3,8,3.5,Madison Ervin,https://www.sports-reference.com/cbb/players/madison-ervin-1.html,winthrop,2020-21
7,47,7,2020-12-31,Winthrop,@,Campbell,REG (Conf),L 37-80,*,31,1,9,.111,1,5,.200,0,4,.000,.167,0,0,,0,1,1,0,1,0,2,3,3,-4.8,Madison Ervin,https://www.sports-reference.com/cbb/players/madison-ervin-1.html,winthrop,2020-21
8,48,8,2021-01-09,Winthrop,,High Point,REG (Conf),L 43-61,*,34,2,8,.250,0,3,.000,2,5,.400,.250,2,2,1.000,0,1,1,0,0,0,2,4,6,-2.1,Madison Ervin,https://www.sports-reference.com/cbb/players/madison-ervin-1.html,winthrop,2020-21
9,49,9,2021-01-10,Winthrop,,High Point,REG (Conf),L 41-58,*,31,3,8,.375,1,5,.200,2,3,.667,.438,1,1,1.000,0,3,3,2,1,0,0,2,8,6.1,Madison Ervin,https://www.sports-reference.com/cbb/players/madison-ervin-1.html,winthrop,2020-21
10,50,10,2021-01-15,Winthrop,@,Longwood,REG (Conf),L 68-73,*,30,4,8,.500,3,4,.750,1,4,.250,.688,0,0,,0,4,4,3,1,0,7,4,11,2.7,Madison Ervin,https://www.sports-reference.com/cbb/players/madison-ervin-1.html,winthrop,2020-21
11,51,11,2021-01-16,Winthrop,@,Longwood,REG (Conf),L 73-80,*,35,5,8,.625,4,5,.800,1,3,.333,.875,0,0,,1,1,2,2,1,1,3,1,14,11.1,Madison Ervin,https://www.sports-reference.com/cbb/players/madison-ervin-1.html,winthrop,2020-21
12,52,12,2021-01-22,Winthrop,@,Hampton,REG (Conf),L 42-51,*,33,3,8,.375,2,4,.500,1,4,.250,.500,0,0,,0,0,0,1,2,1,1,1,8,5.6,Madison Ervin,https://www.sports-reference.com/cbb/players/madison-ervin-1.html,winthrop,2020-21
13,53,13,2021-01-23,Winthrop,@,Hampton,REG (Conf),W 63-53,*,32,2,4,.500,2,2,1.000,0,2,.000,.750,2,2,1.000,0,2,2,2,4,0,4,3,8,6.8,Madison Ervin,https://www.sports-reference.com/cbb/players/madison-ervin-1.html,winthrop,2020-21
14,54,14,2021-01-29,Winthrop,,Charleston Southern,REG (Conf),W 59-56,*,28,3,4,.750,1,2,.500,2,2,1.000,.875,0,0,,0,0,0,2,0,0,1,4,7,4.2,Madison Ervin,https://www.sports-reference.com/cbb/players/madison-ervin-1.html,winthrop,2020-21
15,55,15,2021-01-30,Winthrop,,Charleston Southern,REG (Conf),W 53-48,*,32,1,4,.250,0,3,.000,1,1,1.000,.250,0,0,,1,2,3,3,0,1,2,2,2,0.9,Madison Ervin,https://www.sports-reference.com/cbb/players/madison-ervin-1.html,winthrop,2020-21
16,56,16,2021-02-05,Winthrop,,Radford,REG (Conf),L 46-72,*,28,1,5,.200,0,2,.000,1,3,.333,.200,0,0,,1,2,3,0,0,0,0,2,2,-0.6,Madison Ervin,https://www.sports-reference.com/cbb/players/madison-ervin-1.html,winthrop,2020-21
17,57,17,2021-02-06,Winthrop,,Radford,REG (Conf),W 63-59 (OT),*,36,4,10,.400,1,2,.500,3,8,.375,.450,4,4,1.000,1,4,5,2,2,1,1,1,13,12.2,Madison Ervin,https://www.sports-reference.com/cbb/players/madison-ervin-1.html,winthrop,2020-21
18,58,18,2021-02-14,Winthrop,@,Gardner-Webb,REG (Conf),L 56-68,*,31,2,7,.286,1,2,.500,1,5,.200,.357,2,2,1.000,2,1,3,2,1,0,8,3,7,-2.2,Madison Ervin,https://www.sports-reference.com/cbb/players/madison-ervin-1.html,winthrop,2020-21
19,59,19,2021-02-15,Winthrop,@,Gardner-Webb,REG (Conf),L 50-66,*,30,1,3,.333,0,0,,1,3,.333,.333,1,2,.500,0,1,1,1,0,0,4,3,3,-3.3,Madison Ervin,https://www.sports-reference.com/cbb/players/madison-ervin-1.html,winthrop,2020-21
20,60,20,2021-02-19,Winthrop,@,UNC Asheville,REG (Conf),L 37-61,*,28,4,10,.400,0,4,.000,4,6,.667,.400,1,1,1.000,0,2,2,2,0,1,2,2,9,3.5,Madison Ervin,https://www.sports-reference.com/cbb/players/madison-ervin-1.html,winthrop,2020-21
21,61,21,2021-02-20,Winthrop,@,UNC Asheville,REG (Conf),L 46-57,*,35,1,8,.125,0,2,.000,1,6,.167,.125,1,2,.500,0,1,1,1,2,0,2,1,3,-2.0,Madison Ervin,https://www.sports-reference.com/cbb/players/madison-ervin-1.html,winthrop,2020-21
22,62,22,2021-03-02,Winthrop,,Presbyterian,REG (Conf),L 41-61,*,23,2,9,.222,1,3,.333,1,6,.167,.278,2,2,1.000,0,3,3,0,1,0,1,4,7,0.8,Madison Ervin,https://www.sports-reference.com/cbb/players/madison-ervin-1.html,winthrop,2020-21
23,63,23,2021-03-03,Winthrop,,Presbyterian,REG (Conf),L 50-67,*,32,1,6,.167,1,3,.333,0,3,.000,.250,1,2,.500,0,1,1,2,0,0,1,1,4,0.1,Madison Ervin,https://www.sports-reference.com/cbb/players/madison-ervin-1.html,winthrop,2020-21
24,64,24,2021-03-08,Winthrop,@,Campbell,CTOURN,L 41-54,*,39,0,14,.000,0,7,.000,0,7,.000,.000,2,2,1.000,2,2,4,0,1,0,3,3,2,-9.0,Madison Ervin,https://www.sports-reference.com/cbb/players/madison-ervin-1.html,winthrop,2020-21
