ranker,player_game_num_career,team_game_num_season,date,team_name_abbr,game_location,opp_name_abbr,game_type,game_result,is_starter,mp,fg,fga,fg_pct,fg3,fg3a,fg3_pct,fg2,fg2a,fg2_pct,efg_pct,ft,fta,ft_pct,orb,drb,trb,ast,stl,blk,tov,pf,pts,game_score,player_name,player_sr_link,school,season
1,60,1,2020-11-25,Winthrop,@,Wofford,REG (Non-Conf),L 50-65,*,34,3,6,.500,1,1,1.000,2,5,.400,.583,1,2,.500,2,4,6,1,1,0,2,0,8,6.9,Maleeah Langstaff,https://www.sports-reference.com/cbb/players/maleeah-langstaff-1.html,winthrop,2020-21
2,61,2,2020-12-02,Winthrop,@,South Carolina State,REG (Non-Conf),W 65-47,*,24,4,6,.667,0,0,,4,6,.667,.667,0,0,,1,2,3,4,0,1,5,4,8,3.6,Maleeah Langstaff,https://www.sports-reference.com/cbb/players/maleeah-langstaff-1.html,winthrop,2020-21
3,62,3,2020-12-08,Winthrop,@,College of Charleston,REG (Non-Conf),L 59-89,*,32,8,12,.667,0,1,.000,8,11,.727,.667,2,5,.400,2,2,4,2,0,1,8,3,18,6.5,Maleeah Langstaff,https://www.sports-reference.com/cbb/players/maleeah-langstaff-1.html,winthrop,2020-21
4,63,4,2020-12-17,Winthrop,,USC Upstate,REG (Conf),W 59-54,*,25,3,10,.300,1,3,.333,2,7,.286,.350,0,0,,2,0,2,2,2,0,2,3,7,2.8,Maleeah Langstaff,https://www.sports-reference.com/cbb/players/maleeah-langstaff-1.html,winthrop,2020-21
5,64,5,2020-12-18,Winthrop,,USC Upstate,REG (Conf),L 49-56,*,24,1,7,.143,0,2,.000,1,5,.200,.143,2,4,.500,2,2,4,1,1,1,3,2,4,-0.7,Maleeah Langstaff,https://www.sports-reference.com/cbb/players/maleeah-langstaff-1.html,winthrop,2020-21
6,65,6,2020-12-30,Winthrop,@,Campbell,REG (Conf),L 41-69,*,29,4,6,.667,1,1,1.000,3,5,.600,.750,1,2,.500,2,3,5,0,2,2,3,2,10,8.9,Maleeah Langstaff,https://www.sports-reference.com/cbb/players/maleeah-langstaff-1.html,winthrop,2020-21
7,66,7,2020-12-31,Winthrop,@,Campbell,REG (Conf),L 37-80,*,28,2,5,.400,0,0,,2,5,.400,.400,0,0,,4,2,6,0,4,0,5,3,4,2.5,Maleeah Langstaff,https://www.sports-reference.com/cbb/players/maleeah-langstaff-1.html,winthrop,2020-21
8,67,8,2021-01-09,Winthrop,,High Point,REG (Conf),L 43-61,*,33,1,3,.333,0,0,,1,3,.333,.333,1,1,1.000,1,2,3,1,1,1,3,2,3,1.2,Maleeah Langstaff,https://www.sports-reference.com/cbb/players/maleeah-langstaff-1.html,winthrop,2020-21
9,68,9,2021-01-10,Winthrop,,High Point,REG (Conf),L 41-58,*,30,2,7,.286,0,0,,2,7,.286,.286,0,0,,1,3,4,0,1,0,0,5,4,0.5,Maleeah Langstaff,https://www.sports-reference.com/cbb/players/maleeah-langstaff-1.html,winthrop,2020-21
10,69,10,2021-01-15,Winthrop,@,Longwood,REG (Conf),L 68-73,*,33,2,7,.286,0,0,,2,7,.286,.286,0,0,,0,2,2,1,2,2,2,3,4,1.4,Maleeah Langstaff,https://www.sports-reference.com/cbb/players/maleeah-langstaff-1.html,winthrop,2020-21
11,70,11,2021-01-16,Winthrop,@,Longwood,REG (Conf),L 73-80,*,29,4,8,.500,0,0,,4,8,.500,.500,3,4,.750,1,3,4,4,0,1,3,2,11,7.9,Maleeah Langstaff,https://www.sports-reference.com/cbb/players/maleeah-langstaff-1.html,winthrop,2020-21
12,71,12,2021-01-22,Winthrop,@,Hampton,REG (Conf),L 42-51,*,31,4,8,.500,0,1,.000,4,7,.571,.500,2,3,.667,2,2,4,2,0,2,0,2,10,9.6,Maleeah Langstaff,https://www.sports-reference.com/cbb/players/maleeah-langstaff-1.html,winthrop,2020-21
13,72,13,2021-01-23,Winthrop,@,Hampton,REG (Conf),W 63-53,*,23,2,5,.400,0,1,.000,2,4,.500,.400,5,6,.833,0,1,1,0,0,1,7,2,9,-0.9,Maleeah Langstaff,https://www.sports-reference.com/cbb/players/maleeah-langstaff-1.html,winthrop,2020-21
14,73,14,2021-01-29,Winthrop,,Charleston Southern,REG (Conf),W 59-56,*,26,1,4,.250,0,2,.000,1,2,.500,.250,1,2,.500,1,0,1,1,1,2,2,3,3,0.8,Maleeah Langstaff,https://www.sports-reference.com/cbb/players/maleeah-langstaff-1.html,winthrop,2020-21
15,74,15,2021-01-30,Winthrop,,Charleston Southern,REG (Conf),W 53-48,*,25,0,4,.000,0,0,,0,4,.000,.000,0,0,,2,4,6,5,1,2,4,2,0,0.9,Maleeah Langstaff,https://www.sports-reference.com/cbb/players/maleeah-langstaff-1.html,winthrop,2020-21
16,75,16,2021-02-05,Winthrop,,Radford,REG (Conf),L 46-72,*,20,2,5,.400,0,1,.000,2,4,.500,.400,0,2,.000,1,1,2,0,1,0,2,1,4,0.1,Maleeah Langstaff,https://www.sports-reference.com/cbb/players/maleeah-langstaff-1.html,winthrop,2020-21
17,76,17,2021-02-06,Winthrop,,Radford,REG (Conf),W 63-59 (OT),*,32,4,7,.571,0,0,,4,7,.571,.571,2,6,.333,2,3,5,1,3,0,3,2,10,7.3,Maleeah Langstaff,https://www.sports-reference.com/cbb/players/maleeah-langstaff-1.html,winthrop,2020-21
18,77,18,2021-02-14,Winthrop,@,Gardner-Webb,REG (Conf),L 56-68,*,24,3,6,.500,1,3,.333,2,3,.667,.583,2,2,1.000,2,4,6,2,1,2,3,2,9,8.6,Maleeah Langstaff,https://www.sports-reference.com/cbb/players/maleeah-langstaff-1.html,winthrop,2020-21
19,78,19,2021-02-15,Winthrop,@,Gardner-Webb,REG (Conf),L 50-66,*,31,2,9,.222,1,2,.500,1,7,.143,.278,0,0,,2,4,6,1,2,1,2,3,5,2.3,Maleeah Langstaff,https://www.sports-reference.com/cbb/players/maleeah-langstaff-1.html,winthrop,2020-21
20,79,20,2021-02-19,Winthrop,@,UNC Asheville,REG (Conf),L 37-61,*,28,4,10,.400,1,2,.500,3,8,.375,.450,1,2,.500,4,0,4,1,0,1,1,2,10,6.6,Maleeah Langstaff,https://www.sports-reference.com/cbb/players/maleeah-langstaff-1.html,winthrop,2020-21
21,80,22,2021-03-02,Winthrop,,Presbyterian,REG (Conf),L 41-61,*,15,1,3,.333,0,1,.000,1,2,.500,.333,0,0,,1,1,2,0,0,1,5,4,2,-4.6,Maleeah Langstaff,https://www.sports-reference.com/cbb/players/maleeah-langstaff-1.html,winthrop,2020-21
22,81,23,2021-03-03,Winthrop,,Presbyterian,REG (Conf),L 50-67,*,15,1,2,.500,0,0,,1,2,.500,.500,0,0,,0,1,1,0,2,0,3,5,2,-1.7,Maleeah Langstaff,https://www.sports-reference.com/cbb/players/maleeah-langstaff-1.html,winthrop,2020-21
23,82,24,2021-03-08,Winthrop,@,Campbell,CTOURN,L 41-54,*,35,2,7,.286,0,1,.000,2,6,.333,.286,2,2,1.000,0,3,3,1,0,0,2,1,6,1.1,Maleeah Langstaff,https://www.sports-reference.com/cbb/players/maleeah-langstaff-1.html,winthrop,2020-21
