ranker,player_game_num_career,team_game_num_season,date,team_name_abbr,game_location,opp_name_abbr,game_type,game_result,is_starter,mp,fg,fga,fg_pct,fg3,fg3a,fg3_pct,fg2,fg2a,fg2_pct,efg_pct,ft,fta,ft_pct,orb,drb,trb,ast,stl,blk,tov,pf,pts,game_score,player_name,player_sr_link,school,season
1,25,1,2020-11-25,Winthrop,@,Wofford,REG (Non-Conf),L 50-65,*,34,9,23,.391,2,7,.286,7,16,.438,.435,4,6,.667,0,1,1,2,2,0,3,3,24,10.2,Myra Strickland,https://www.sports-reference.com/cbb/players/myra-strickland-1.html,winthrop,2020-21
2,26,2,2020-12-02,Winthrop,@,South Carolina State,REG (Non-Conf),W 65-47,*,36,5,9,.556,2,4,.500,3,5,.600,.667,2,4,.500,0,2,2,3,0,0,4,2,14,6.8,Myra Strickland,https://www.sports-reference.com/cbb/players/myra-strickland-1.html,winthrop,2020-21
3,27,3,2020-12-08,Winthrop,@,College of Charleston,REG (Non-Conf),L 59-89,*,27,3,9,.333,0,5,.000,3,4,.750,.333,2,2,1.000,1,3,4,1,0,0,5,2,8,-0.6,Myra Strickland,https://www.sports-reference.com/cbb/players/myra-strickland-1.html,winthrop,2020-21
4,28,4,2020-12-17,Winthrop,,USC Upstate,REG (Conf),W 59-54,*,30,4,10,.400,1,5,.200,3,5,.600,.450,8,10,.800,0,2,2,2,0,0,8,1,17,4.4,Myra Strickland,https://www.sports-reference.com/cbb/players/myra-strickland-1.html,winthrop,2020-21
5,29,5,2020-12-18,Winthrop,,USC Upstate,REG (Conf),L 49-56,*,33,4,11,.364,1,5,.200,3,6,.500,.409,0,0,,1,9,10,6,1,0,7,3,9,3.3,Myra Strickland,https://www.sports-reference.com/cbb/players/myra-strickland-1.html,winthrop,2020-21
6,30,6,2020-12-30,Winthrop,@,Campbell,REG (Conf),L 41-69,*,10,0,2,.000,0,2,.000,0,0,,.000,0,0,,0,0,0,1,0,0,4,0,0,-4.7,Myra Strickland,https://www.sports-reference.com/cbb/players/myra-strickland-1.html,winthrop,2020-21
7,31,8,2021-01-09,Winthrop,,High Point,REG (Conf),L 43-61,,25,2,10,.200,0,4,.000,2,6,.333,.200,3,4,.750,1,2,3,0,0,0,1,1,7,0.3,Myra Strickland,https://www.sports-reference.com/cbb/players/myra-strickland-1.html,winthrop,2020-21
8,32,9,2021-01-10,Winthrop,,High Point,REG (Conf),L 41-58,,20,0,5,.000,0,3,.000,0,2,.000,.000,0,0,,0,2,2,0,0,0,3,0,0,-5.9,Myra Strickland,https://www.sports-reference.com/cbb/players/myra-strickland-1.html,winthrop,2020-21
9,33,10,2021-01-15,Winthrop,@,Longwood,REG (Conf),L 68-73,*,36,4,10,.400,3,4,.750,1,6,.167,.550,3,4,.750,1,4,5,4,1,0,1,1,14,12.5,Myra Strickland,https://www.sports-reference.com/cbb/players/myra-strickland-1.html,winthrop,2020-21
10,34,11,2021-01-16,Winthrop,@,Longwood,REG (Conf),L 73-80,*,33,2,12,.167,1,6,.167,1,6,.167,.208,7,9,.778,2,3,5,1,2,0,4,3,12,3.4,Myra Strickland,https://www.sports-reference.com/cbb/players/myra-strickland-1.html,winthrop,2020-21
11,35,12,2021-01-22,Winthrop,@,Hampton,REG (Conf),L 42-51,*,32,2,8,.250,1,3,.333,1,5,.200,.313,2,3,.667,1,8,9,0,0,0,4,4,7,-0.7,Myra Strickland,https://www.sports-reference.com/cbb/players/myra-strickland-1.html,winthrop,2020-21
12,36,13,2021-01-23,Winthrop,@,Hampton,REG (Conf),W 63-53,*,28,1,9,.111,0,3,.000,1,6,.167,.111,2,2,1.000,2,6,8,4,1,0,2,2,4,2.3,Myra Strickland,https://www.sports-reference.com/cbb/players/myra-strickland-1.html,winthrop,2020-21
13,37,14,2021-01-29,Winthrop,,Charleston Southern,REG (Conf),W 59-56,*,33,5,11,.455,4,9,.444,1,2,.500,.636,5,8,.625,1,5,6,1,3,0,2,1,19,15.6,Myra Strickland,https://www.sports-reference.com/cbb/players/myra-strickland-1.html,winthrop,2020-21
14,38,15,2021-01-30,Winthrop,,Charleston Southern,REG (Conf),W 53-48,*,30,6,11,.545,4,8,.500,2,3,.667,.727,2,2,1.000,0,1,1,3,2,0,4,1,18,12.7,Myra Strickland,https://www.sports-reference.com/cbb/players/myra-strickland-1.html,winthrop,2020-21
15,39,16,2021-02-05,Winthrop,,Radford,REG (Conf),L 46-72,*,28,5,17,.294,0,5,.000,5,12,.417,.294,3,3,1.000,2,0,2,1,0,0,0,2,13,4.4,Myra Strickland,https://www.sports-reference.com/cbb/players/myra-strickland-1.html,winthrop,2020-21
16,40,17,2021-02-06,Winthrop,,Radford,REG (Conf),W 63-59 (OT),*,32,1,9,.111,0,3,.000,1,6,.167,.111,9,12,.750,1,2,3,1,3,0,2,1,11,6.5,Myra Strickland,https://www.sports-reference.com/cbb/players/myra-strickland-1.html,winthrop,2020-21
17,41,18,2021-02-14,Winthrop,@,Gardner-Webb,REG (Conf),L 56-68,,26,1,6,.167,1,4,.250,0,2,.000,.250,0,0,,0,1,1,2,1,0,5,2,3,-3.9,Myra Strickland,https://www.sports-reference.com/cbb/players/myra-strickland-1.html,winthrop,2020-21
18,42,19,2021-02-15,Winthrop,@,Gardner-Webb,REG (Conf),L 50-66,*,33,4,12,.333,1,3,.333,3,9,.333,.375,8,10,.800,1,4,5,2,1,0,5,0,17,8.7,Myra Strickland,https://www.sports-reference.com/cbb/players/myra-strickland-1.html,winthrop,2020-21
19,43,20,2021-02-19,Winthrop,@,UNC Asheville,REG (Conf),L 37-61,*,24,0,3,.000,0,1,.000,0,2,.000,.000,2,4,.500,0,0,0,1,0,0,3,4,2,-4.8,Myra Strickland,https://www.sports-reference.com/cbb/players/myra-strickland-1.html,winthrop,2020-21
20,44,21,2021-02-20,Winthrop,@,UNC Asheville,REG (Conf),L 46-57,*,35,4,6,.667,2,2,1.000,2,4,.500,.833,2,4,.500,0,2,2,3,0,0,6,4,12,3.7,Myra Strickland,https://www.sports-reference.com/cbb/players/myra-strickland-1.html,winthrop,2020-21
21,45,22,2021-03-02,Winthrop,,Presbyterian,REG (Conf),L 41-61,*,31,2,7,.286,2,6,.333,0,1,.000,.429,0,0,,1,1,2,0,0,0,5,1,6,-2.5,Myra Strickland,https://www.sports-reference.com/cbb/players/myra-strickland-1.html,winthrop,2020-21
22,46,23,2021-03-03,Winthrop,,Presbyterian,REG (Conf),L 50-67,,25,6,11,.545,3,7,.429,3,4,.750,.682,2,3,.667,0,0,0,1,1,0,2,3,17,9.8,Myra Strickland,https://www.sports-reference.com/cbb/players/myra-strickland-1.html,winthrop,2020-21
