ranker,player_game_num_career,team_game_num_season,date,team_name_abbr,game_location,opp_name_abbr,game_type,game_result,is_starter,mp,fg,fga,fg_pct,fg3,fg3a,fg2,fg2a,fg2_pct,efg_pct,ft,fta,ft_pct,orb,drb,trb,ast,stl,blk,tov,pf,pts,game_score,player_name,player_sr_link,school,season
1,19,1,2020-11-25,Winthrop,@,Wofford,REG (Non-Conf),L 50-65,*,18,2,3,.667,0,0,2,3,.667,.667,1,2,.500,2,6,8,3,0,0,5,3,5,2.4,Sierra Hunter,https://www.sports-reference.com/cbb/players/sierra-hunter-1.html,winthrop,2020-21
2,20,2,2020-12-02,Winthrop,@,South Carolina State,REG (Non-Conf),W 65-47,*,17,0,5,.000,0,0,0,5,.000,.000,1,2,.500,2,3,5,0,0,0,2,1,1,-3.0,Sierra Hunter,https://www.sports-reference.com/cbb/players/sierra-hunter-1.html,winthrop,2020-21
3,21,3,2020-12-08,Winthrop,@,College of Charleston,REG (Non-Conf),L 59-89,*,21,0,3,.000,0,0,0,3,.000,.000,0,0,,1,8,9,3,0,0,1,1,0,1.7,Sierra Hunter,https://www.sports-reference.com/cbb/players/sierra-hunter-1.html,winthrop,2020-21
4,22,4,2020-12-17,Winthrop,,USC Upstate,REG (Conf),W 59-54,,17,1,3,.333,0,0,1,3,.333,.333,2,4,.500,1,2,3,0,0,0,1,0,4,1.8,Sierra Hunter,https://www.sports-reference.com/cbb/players/sierra-hunter-1.html,winthrop,2020-21
5,23,5,2020-12-18,Winthrop,,USC Upstate,REG (Conf),L 49-56,,17,2,4,.500,0,0,2,4,.500,.500,0,1,.000,0,3,3,0,0,0,0,0,4,2.5,Sierra Hunter,https://www.sports-reference.com/cbb/players/sierra-hunter-1.html,winthrop,2020-21
6,24,6,2020-12-30,Winthrop,@,Campbell,REG (Conf),L 41-69,,14,2,7,.286,0,0,2,7,.286,.286,0,0,,0,3,3,1,0,0,1,1,4,0.1,Sierra Hunter,https://www.sports-reference.com/cbb/players/sierra-hunter-1.html,winthrop,2020-21
7,25,7,2020-12-31,Winthrop,@,Campbell,REG (Conf),L 37-80,,13,3,5,.600,0,0,3,5,.600,.600,1,1,1.000,1,1,2,0,0,0,0,1,7,5.3,Sierra Hunter,https://www.sports-reference.com/cbb/players/sierra-hunter-1.html,winthrop,2020-21
8,26,8,2021-01-09,Winthrop,,High Point,REG (Conf),L 43-61,,1,0,1,.000,0,0,0,1,.000,.000,0,0,,0,0,0,0,0,0,0,0,0,-0.7,Sierra Hunter,https://www.sports-reference.com/cbb/players/sierra-hunter-1.html,winthrop,2020-21
9,27,9,2021-01-10,Winthrop,,High Point,REG (Conf),L 41-58,,3,0,0,,0,0,0,0,,,0,0,,0,1,1,1,0,0,0,0,0,1.0,Sierra Hunter,https://www.sports-reference.com/cbb/players/sierra-hunter-1.html,winthrop,2020-21
10,28,10,2021-01-15,Winthrop,@,Longwood,REG (Conf),L 68-73,,6,1,3,.333,0,0,1,3,.333,.333,0,0,,1,0,1,0,1,0,3,1,2,-1.4,Sierra Hunter,https://www.sports-reference.com/cbb/players/sierra-hunter-1.html,winthrop,2020-21
11,29,11,2021-01-16,Winthrop,@,Longwood,REG (Conf),L 73-80,,3,1,1,1.000,0,0,1,1,1.000,1.000,0,0,,0,0,0,0,0,0,0,0,2,1.7,Sierra Hunter,https://www.sports-reference.com/cbb/players/sierra-hunter-1.html,winthrop,2020-21
12,30,12,2021-01-22,Winthrop,@,Hampton,REG (Conf),L 42-51,,11,3,3,1.000,0,0,3,3,1.000,1.000,0,0,,0,1,1,0,0,0,0,0,6,5.4,Sierra Hunter,https://www.sports-reference.com/cbb/players/sierra-hunter-1.html,winthrop,2020-21
13,31,13,2021-01-23,Winthrop,@,Hampton,REG (Conf),W 63-53,,18,4,9,.444,0,0,4,9,.444,.444,0,1,.000,3,4,7,0,1,0,2,4,8,3.6,Sierra Hunter,https://www.sports-reference.com/cbb/players/sierra-hunter-1.html,winthrop,2020-21
14,32,14,2021-01-29,Winthrop,,Charleston Southern,REG (Conf),W 59-56,,18,5,10,.500,0,0,5,10,.500,.500,1,1,1.000,2,1,3,1,1,0,1,1,11,8.0,Sierra Hunter,https://www.sports-reference.com/cbb/players/sierra-hunter-1.html,winthrop,2020-21
15,33,15,2021-01-30,Winthrop,,Charleston Southern,REG (Conf),W 53-48,,19,1,5,.200,0,0,1,5,.200,.200,1,2,.500,1,7,8,1,0,0,0,1,3,2.6,Sierra Hunter,https://www.sports-reference.com/cbb/players/sierra-hunter-1.html,winthrop,2020-21
16,34,16,2021-02-05,Winthrop,,Radford,REG (Conf),L 46-72,,17,1,5,.200,0,0,1,5,.200,.200,1,1,1.000,2,1,3,1,2,0,2,0,3,2.3,Sierra Hunter,https://www.sports-reference.com/cbb/players/sierra-hunter-1.html,winthrop,2020-21
17,35,17,2021-02-06,Winthrop,,Radford,REG (Conf),W 63-59 (OT),,10,1,4,.250,0,0,1,4,.250,.250,0,0,,0,1,1,0,0,0,1,0,2,-1.1,Sierra Hunter,https://www.sports-reference.com/cbb/players/sierra-hunter-1.html,winthrop,2020-21
18,36,18,2021-02-14,Winthrop,@,Gardner-Webb,REG (Conf),L 56-68,,14,1,3,.333,0,0,1,3,.333,.333,0,0,,0,4,4,0,0,0,3,2,2,-2.3,Sierra Hunter,https://www.sports-reference.com/cbb/players/sierra-hunter-1.html,winthrop,2020-21
19,37,19,2021-02-15,Winthrop,@,Gardner-Webb,REG (Conf),L 50-66,,15,1,3,.333,0,0,1,3,.333,.333,0,0,,0,4,4,1,1,0,2,1,2,0.8,Sierra Hunter,https://www.sports-reference.com/cbb/players/sierra-hunter-1.html,winthrop,2020-21
20,38,20,2021-02-19,Winthrop,@,UNC Asheville,REG (Conf),L 37-61,,10,0,2,.000,0,0,0,2,.000,.000,0,0,,0,1,1,0,0,0,1,0,0,-2.1,Sierra Hunter,https://www.sports-reference.com/cbb/players/sierra-hunter-1.html,winthrop,2020-21
21,39,21,2021-02-20,Winthrop,@,UNC Asheville,REG (Conf),L 46-57,,8,3,5,.600,0,0,3,5,.600,.600,0,0,,1,2,3,0,1,0,1,2,6,4.2,Sierra Hunter,https://www.sports-reference.com/cbb/players/sierra-hunter-1.html,winthrop,2020-21
22,40,22,2021-03-02,Winthrop,,Presbyterian,REG (Conf),L 41-61,,19,1,5,.200,0,0,1,5,.200,.200,0,0,,0,2,2,0,1,0,3,3,2,-3.7,Sierra Hunter,https://www.sports-reference.com/cbb/players/sierra-hunter-1.html,winthrop,2020-21
23,41,23,2021-03-03,Winthrop,,Presbyterian,REG (Conf),L 50-67,,11,1,4,.250,0,0,1,4,.250,.250,0,0,,2,1,3,0,0,0,1,1,2,-0.1,Sierra Hunter,https://www.sports-reference.com/cbb/players/sierra-hunter-1.html,winthrop,2020-21
24,42,24,2021-03-08,Winthrop,@,Campbell,CTOURN,L 41-54,,13,2,5,.400,0,0,2,5,.400,.400,2,2,1.000,2,2,4,0,0,0,1,2,6,3.5,Sierra Hunter,https://www.sports-reference.com/cbb/players/sierra-hunter-1.html,winthrop,2020-21
