ranker,player_game_num_career,team_game_num_season,date,team_name_abbr,game_location,opp_name_abbr,game_type,game_result,is_starter,mp,fg,fga,fg_pct,fg3,fg3a,fg2,fg2a,fg2_pct,efg_pct,ft,fta,ft_pct,orb,drb,trb,ast,stl,blk,tov,pf,pts,game_score,player_name,player_sr_link,school,season
1,20,1,2020-11-25,Winthrop,@,Wofford,REG (Non-Conf),L 50-65,,20,2,5,.400,0,0,2,5,.400,.400,0,0,,3,4,7,1,0,0,2,3,4,2.1,Sydney Hunter,https://www.sports-reference.com/cbb/players/sydney-hunter-2.html,winthrop,2020-21
2,21,2,2020-12-02,Winthrop,@,South Carolina State,REG (Non-Conf),W 65-47,,18,2,4,.500,0,0,2,4,.500,.500,2,2,1.000,5,1,6,0,0,1,4,3,6,3.3,Sydney Hunter,https://www.sports-reference.com/cbb/players/sydney-hunter-2.html,winthrop,2020-21
3,22,3,2020-12-08,Winthrop,@,College of Charleston,REG (Non-Conf),L 59-89,,16,3,5,.600,0,0,3,5,.600,.600,0,0,,2,5,7,0,0,0,1,3,6,4.4,Sydney Hunter,https://www.sports-reference.com/cbb/players/sydney-hunter-2.html,winthrop,2020-21
4,23,4,2020-12-17,Winthrop,,USC Upstate,REG (Conf),W 59-54,*,16,3,6,.500,0,0,3,6,.500,.500,0,0,,5,8,13,0,1,0,0,4,6,8.3,Sydney Hunter,https://www.sports-reference.com/cbb/players/sydney-hunter-2.html,winthrop,2020-21
5,24,5,2020-12-18,Winthrop,,USC Upstate,REG (Conf),L 49-56,*,13,1,6,.167,0,0,1,6,.167,.167,1,2,.500,2,2,4,0,0,0,0,4,3,-0.8,Sydney Hunter,https://www.sports-reference.com/cbb/players/sydney-hunter-2.html,winthrop,2020-21
6,25,6,2020-12-30,Winthrop,@,Campbell,REG (Conf),L 41-69,*,21,2,7,.286,0,0,2,7,.286,.286,0,2,.000,5,6,11,0,0,1,2,1,4,2.7,Sydney Hunter,https://www.sports-reference.com/cbb/players/sydney-hunter-2.html,winthrop,2020-21
7,26,7,2020-12-31,Winthrop,@,Campbell,REG (Conf),L 37-80,*,16,0,4,.000,0,0,0,4,.000,.000,0,0,,3,0,3,0,0,1,0,2,0,-0.8,Sydney Hunter,https://www.sports-reference.com/cbb/players/sydney-hunter-2.html,winthrop,2020-21
8,27,8,2021-01-09,Winthrop,,High Point,REG (Conf),L 43-61,*,26,1,5,.200,0,0,1,5,.200,.200,0,0,,2,5,7,1,0,0,0,2,2,1.7,Sydney Hunter,https://www.sports-reference.com/cbb/players/sydney-hunter-2.html,winthrop,2020-21
9,28,9,2021-01-10,Winthrop,,High Point,REG (Conf),L 41-58,*,23,3,8,.375,0,0,3,8,.375,.375,0,0,,3,4,7,0,1,0,0,1,6,5.5,Sydney Hunter,https://www.sports-reference.com/cbb/players/sydney-hunter-2.html,winthrop,2020-21
10,29,10,2021-01-15,Winthrop,@,Longwood,REG (Conf),L 68-73,*,16,3,5,.600,0,0,3,5,.600,.600,2,4,.500,2,2,4,0,0,1,1,2,8,5.8,Sydney Hunter,https://www.sports-reference.com/cbb/players/sydney-hunter-2.html,winthrop,2020-21
11,30,11,2021-01-16,Winthrop,@,Longwood,REG (Conf),L 73-80,*,33,3,5,.600,0,0,3,5,.600,.600,4,6,.667,4,4,8,1,0,0,0,1,10,11.2,Sydney Hunter,https://www.sports-reference.com/cbb/players/sydney-hunter-2.html,winthrop,2020-21
12,31,12,2021-01-22,Winthrop,@,Hampton,REG (Conf),L 42-51,*,22,1,2,.500,0,0,1,2,.500,.500,0,0,,1,4,5,0,1,0,2,2,2,1.1,Sydney Hunter,https://www.sports-reference.com/cbb/players/sydney-hunter-2.html,winthrop,2020-21
13,32,13,2021-01-23,Winthrop,@,Hampton,REG (Conf),W 63-53,*,18,2,4,.500,0,0,2,4,.500,.500,0,0,,1,4,5,1,1,1,2,2,4,3.5,Sydney Hunter,https://www.sports-reference.com/cbb/players/sydney-hunter-2.html,winthrop,2020-21
14,33,14,2021-01-29,Winthrop,,Charleston Southern,REG (Conf),W 59-56,*,19,1,4,.250,0,0,1,4,.250,.250,0,0,,2,5,7,2,0,0,0,1,2,3.5,Sydney Hunter,https://www.sports-reference.com/cbb/players/sydney-hunter-2.html,winthrop,2020-21
15,34,15,2021-01-30,Winthrop,,Charleston Southern,REG (Conf),W 53-48,*,20,2,5,.400,0,0,2,5,.400,.400,0,0,,1,0,1,0,0,0,1,2,4,0.2,Sydney Hunter,https://www.sports-reference.com/cbb/players/sydney-hunter-2.html,winthrop,2020-21
16,35,16,2021-02-05,Winthrop,,Radford,REG (Conf),L 46-72,*,21,1,4,.250,0,0,1,4,.250,.250,0,0,,2,3,5,0,1,0,1,1,2,1.5,Sydney Hunter,https://www.sports-reference.com/cbb/players/sydney-hunter-2.html,winthrop,2020-21
17,36,17,2021-02-06,Winthrop,,Radford,REG (Conf),W 63-59 (OT),*,24,0,4,.000,0,0,0,4,.000,.000,1,2,.500,2,6,8,0,0,0,2,4,1,-2.6,Sydney Hunter,https://www.sports-reference.com/cbb/players/sydney-hunter-2.html,winthrop,2020-21
18,37,18,2021-02-14,Winthrop,@,Gardner-Webb,REG (Conf),L 56-68,*,20,3,4,.750,0,0,3,4,.750,.750,0,0,,1,1,2,1,0,1,0,1,6,6.4,Sydney Hunter,https://www.sports-reference.com/cbb/players/sydney-hunter-2.html,winthrop,2020-21
19,38,19,2021-02-15,Winthrop,@,Gardner-Webb,REG (Conf),L 50-66,*,9,1,3,.333,0,0,1,3,.333,.333,0,0,,1,2,3,0,0,0,2,0,2,-0.4,Sydney Hunter,https://www.sports-reference.com/cbb/players/sydney-hunter-2.html,winthrop,2020-21
20,39,20,2021-02-19,Winthrop,@,UNC Asheville,REG (Conf),L 37-61,*,22,3,8,.375,0,0,3,8,.375,.375,0,0,,3,2,5,0,0,0,2,3,6,1.1,Sydney Hunter,https://www.sports-reference.com/cbb/players/sydney-hunter-2.html,winthrop,2020-21
21,40,21,2021-02-20,Winthrop,@,UNC Asheville,REG (Conf),L 46-57,*,32,2,5,.400,0,0,2,5,.400,.400,0,0,,3,1,4,0,1,2,0,1,4,5.7,Sydney Hunter,https://www.sports-reference.com/cbb/players/sydney-hunter-2.html,winthrop,2020-21
22,41,22,2021-03-02,Winthrop,,Presbyterian,REG (Conf),L 41-61,*,21,2,3,.667,0,0,2,3,.667,.667,0,0,,3,5,8,0,0,0,2,3,4,3.1,Sydney Hunter,https://www.sports-reference.com/cbb/players/sydney-hunter-2.html,winthrop,2020-21
23,42,23,2021-03-03,Winthrop,,Presbyterian,REG (Conf),L 50-67,*,23,3,6,.500,0,0,3,6,.500,.500,4,5,.800,2,2,4,0,1,0,0,4,10,8.0,Sydney Hunter,https://www.sports-reference.com/cbb/players/sydney-hunter-2.html,winthrop,2020-21
24,43,24,2021-03-08,Winthrop,@,Campbell,CTOURN,L 41-54,*,27,2,3,.667,0,0,2,3,.667,.667,0,0,,4,5,9,0,1,2,1,1,4,8.0,Sydney Hunter,https://www.sports-reference.com/cbb/players/sydney-hunter-2.html,winthrop,2020-21
