ranker,player_game_num_career,team_game_num_season,date,team_name_abbr,game_location,opp_name_abbr,game_type,game_result,is_starter,mp,fg,fga,fg_pct,fg3,fg3a,fg3_pct,fg2,fg2a,fg2_pct,efg_pct,ft,fta,ft_pct,orb,drb,trb,ast,stl,blk,tov,pf,pts,game_score,player_name,player_sr_link,school,season
1,15,1,2020-11-25,Winthrop,@,Wofford,REG (Non-Conf),L 50-65,,26,1,4,.250,0,3,.000,1,1,1.000,.250,0,0,,1,3,4,1,1,1,2,1,2,1.2,Tori Hall,https://www.sports-reference.com/cbb/players/tori-hall-1.html,winthrop,2020-21
2,16,2,2020-12-02,Winthrop,@,South Carolina State,REG (Non-Conf),W 65-47,,12,3,5,.600,2,2,1.000,1,3,.333,.800,0,2,.000,0,1,1,0,0,0,0,2,8,4.4,Tori Hall,https://www.sports-reference.com/cbb/players/tori-hall-1.html,winthrop,2020-21
3,17,3,2020-12-08,Winthrop,@,College of Charleston,REG (Non-Conf),L 59-89,,20,2,4,.500,0,0,,2,4,.500,.500,0,2,.000,0,3,3,0,0,1,2,0,4,0.8,Tori Hall,https://www.sports-reference.com/cbb/players/tori-hall-1.html,winthrop,2020-21
4,18,4,2020-12-17,Winthrop,,USC Upstate,REG (Conf),W 59-54,,28,2,11,.182,0,5,.000,2,6,.333,.182,1,2,.500,1,4,5,1,2,2,4,1,5,-0.7,Tori Hall,https://www.sports-reference.com/cbb/players/tori-hall-1.html,winthrop,2020-21
5,19,5,2020-12-18,Winthrop,,USC Upstate,REG (Conf),L 49-56,,23,3,9,.333,1,4,.250,2,5,.400,.389,1,1,1.000,0,4,4,0,0,0,2,4,8,0.5,Tori Hall,https://www.sports-reference.com/cbb/players/tori-hall-1.html,winthrop,2020-21
6,20,6,2020-12-30,Winthrop,@,Campbell,REG (Conf),L 41-69,,31,4,10,.400,0,1,.000,4,9,.444,.400,0,0,,0,3,3,0,0,0,1,0,8,2.5,Tori Hall,https://www.sports-reference.com/cbb/players/tori-hall-1.html,winthrop,2020-21
7,21,7,2020-12-31,Winthrop,@,Campbell,REG (Conf),L 37-80,*,28,2,12,.167,1,3,.333,1,9,.111,.208,0,0,,2,1,3,2,1,0,5,1,5,-3.9,Tori Hall,https://www.sports-reference.com/cbb/players/tori-hall-1.html,winthrop,2020-21
8,22,8,2021-01-09,Winthrop,,High Point,REG (Conf),L 43-61,*,21,0,5,.000,0,2,.000,0,3,.000,.000,2,2,1.000,1,2,3,1,1,0,1,4,2,-1.1,Tori Hall,https://www.sports-reference.com/cbb/players/tori-hall-1.html,winthrop,2020-21
9,23,9,2021-01-10,Winthrop,,High Point,REG (Conf),L 41-58,*,24,3,10,.300,2,2,1.000,1,8,.125,.400,0,0,,0,2,2,0,0,1,1,2,8,1.7,Tori Hall,https://www.sports-reference.com/cbb/players/tori-hall-1.html,winthrop,2020-21
10,24,10,2021-01-15,Winthrop,@,Longwood,REG (Conf),L 68-73,,8,0,2,.000,0,1,.000,0,1,.000,.000,0,0,,0,0,0,0,0,0,0,0,0,-1.4,Tori Hall,https://www.sports-reference.com/cbb/players/tori-hall-1.html,winthrop,2020-21
11,25,11,2021-01-16,Winthrop,@,Longwood,REG (Conf),L 73-80,,9,1,1,1.000,0,0,,1,1,1.000,1.000,0,0,,0,0,0,2,0,1,0,0,2,3.8,Tori Hall,https://www.sports-reference.com/cbb/players/tori-hall-1.html,winthrop,2020-21
12,26,12,2021-01-22,Winthrop,@,Hampton,REG (Conf),L 42-51,,10,0,1,.000,0,0,,0,1,.000,.000,0,0,,0,0,0,2,0,0,1,1,0,-0.7,Tori Hall,https://www.sports-reference.com/cbb/players/tori-hall-1.html,winthrop,2020-21
13,27,13,2021-01-23,Winthrop,@,Hampton,REG (Conf),W 63-53,,10,0,1,.000,0,1,.000,0,0,,.000,2,2,1.000,0,1,1,0,0,0,0,3,2,0.4,Tori Hall,https://www.sports-reference.com/cbb/players/tori-hall-1.html,winthrop,2020-21
14,28,14,2021-01-29,Winthrop,,Charleston Southern,REG (Conf),W 59-56,,11,0,3,.000,0,2,.000,0,1,.000,.000,0,0,,0,1,1,0,0,0,3,0,0,-4.8,Tori Hall,https://www.sports-reference.com/cbb/players/tori-hall-1.html,winthrop,2020-21
15,29,15,2021-01-30,Winthrop,,Charleston Southern,REG (Conf),W 53-48,,23,5,6,.833,3,4,.750,2,2,1.000,1.083,0,0,,0,3,3,0,1,1,1,1,13,12.0,Tori Hall,https://www.sports-reference.com/cbb/players/tori-hall-1.html,winthrop,2020-21
16,30,16,2021-02-05,Winthrop,,Radford,REG (Conf),L 46-72,,24,5,11,.455,0,3,.000,5,8,.625,.455,1,1,1.000,0,0,0,0,1,0,1,0,11,5.3,Tori Hall,https://www.sports-reference.com/cbb/players/tori-hall-1.html,winthrop,2020-21
17,31,17,2021-02-06,Winthrop,,Radford,REG (Conf),W 63-59 (OT),,16,0,5,.000,0,2,.000,0,3,.000,.000,0,0,,1,1,2,0,0,0,0,1,0,-2.9,Tori Hall,https://www.sports-reference.com/cbb/players/tori-hall-1.html,winthrop,2020-21
18,32,18,2021-02-14,Winthrop,@,Gardner-Webb,REG (Conf),L 56-68,,18,4,5,.800,2,3,.667,2,2,1.000,1.000,0,0,,0,2,2,0,1,0,2,1,10,7.3,Tori Hall,https://www.sports-reference.com/cbb/players/tori-hall-1.html,winthrop,2020-21
19,33,19,2021-02-15,Winthrop,@,Gardner-Webb,REG (Conf),L 50-66,,18,4,7,.571,1,3,.333,3,4,.750,.643,1,2,.500,1,4,5,0,0,0,3,2,10,4.4,Tori Hall,https://www.sports-reference.com/cbb/players/tori-hall-1.html,winthrop,2020-21
20,34,20,2021-02-19,Winthrop,@,UNC Asheville,REG (Conf),L 37-61,,18,0,3,.000,0,1,.000,0,2,.000,.000,0,0,,0,2,2,0,0,0,0,1,0,-1.9,Tori Hall,https://www.sports-reference.com/cbb/players/tori-hall-1.html,winthrop,2020-21
21,35,21,2021-02-20,Winthrop,@,UNC Asheville,REG (Conf),L 46-57,,18,0,3,.000,0,3,.000,0,0,,.000,2,2,1.000,0,3,3,0,1,0,0,2,2,1.0,Tori Hall,https://www.sports-reference.com/cbb/players/tori-hall-1.html,winthrop,2020-21
22,36,22,2021-03-02,Winthrop,,Presbyterian,REG (Conf),L 41-61,,31,3,5,.600,1,3,.333,2,2,1.000,.700,0,0,,0,7,7,3,2,2,5,0,7,7.3,Tori Hall,https://www.sports-reference.com/cbb/players/tori-hall-1.html,winthrop,2020-21
23,37,23,2021-03-03,Winthrop,,Presbyterian,REG (Conf),L 50-67,,16,2,8,.250,1,3,.333,1,5,.200,.313,0,1,.000,1,1,2,0,2,1,0,1,5,3.1,Tori Hall,https://www.sports-reference.com/cbb/players/tori-hall-1.html,winthrop,2020-21
24,38,24,2021-03-08,Winthrop,@,Campbell,CTOURN,L 41-54,*,29,3,10,.300,1,2,.500,2,8,.250,.350,0,0,,1,2,3,0,0,0,2,2,7,-0.3,Tori Hall,https://www.sports-reference.com/cbb/players/tori-hall-1.html,winthrop,2020-21
