ranker,player_game_num_career,team_game_num_season,date,team_name_abbr,game_location,opp_name_abbr,game_type,game_result,is_starter,mp,fg,fga,fg_pct,fg3,fg3a,fg3_pct,fg2,fg2a,fg2_pct,efg_pct,ft,fta,ft_pct,orb,drb,trb,ast,stl,blk,tov,pf,pts,game_score,player_name,player_sr_link,school,season
1,1,1,2020-12-16,Prairie View A&M,,McNeese State,REG (Non-Conf),W 95-73,,14,1,3,.333,1,2,.500,0,1,.000,.500,0,4,.000,0,1,1,1,0,0,2,4,3,-2.9,Allana Thompson,https://www.sports-reference.com/cbb/players/allana-thompson-1.html,prairie-view,2020-21
2,2,2,2020-12-19,Prairie View A&M,@,Texas–Rio Grande Valley,REG (Non-Conf),L 63-66,,8,2,4,.500,1,3,.333,1,1,1.000,.625,0,0,,0,0,0,0,1,0,0,0,5,4.0,Allana Thompson,https://www.sports-reference.com/cbb/players/allana-thompson-1.html,prairie-view,2020-21
3,3,3,2020-12-29,Prairie View A&M,,Houston Baptist,REG (Non-Conf),L 54-61,,4,0,0,,0,0,,0,0,,,0,0,,0,2,2,0,0,0,2,2,0,-2.2,Allana Thompson,https://www.sports-reference.com/cbb/players/allana-thompson-1.html,prairie-view,2020-21
4,4,4,2021-01-02,Prairie View A&M,@,Southern,REG (Conf),L 44-51,,5,0,1,.000,0,1,.000,0,0,,.000,0,0,,0,0,0,0,0,0,0,0,0,-0.7,Allana Thompson,https://www.sports-reference.com/cbb/players/allana-thompson-1.html,prairie-view,2020-21
5,5,5,2021-01-04,Prairie View A&M,@,Alcorn State,REG (Conf),L 48-55,,5,0,1,.000,0,1,.000,0,0,,.000,0,0,,1,0,1,0,1,0,1,0,0,0.0,Allana Thompson,https://www.sports-reference.com/cbb/players/allana-thompson-1.html,prairie-view,2020-21
6,6,6,2021-01-11,Prairie View A&M,,Texas Southern,REG (Conf),L 76-79,,25,5,7,.714,1,3,.333,4,4,1.000,.786,0,0,,2,2,4,2,1,0,2,2,11,9.7,Allana Thompson,https://www.sports-reference.com/cbb/players/allana-thompson-1.html,prairie-view,2020-21
7,7,7,2021-01-16,Prairie View A&M,,Jackson State,REG (Conf),L 45-63,,24,0,5,.000,0,3,.000,0,2,.000,.000,0,2,.000,1,2,3,1,0,0,0,3,0,-3.5,Allana Thompson,https://www.sports-reference.com/cbb/players/allana-thompson-1.html,prairie-view,2020-21
8,8,8,2021-01-18,Prairie View A&M,,Grambling State,REG (Conf),L 64-65,,10,1,2,.500,0,0,,1,2,.500,.500,0,0,,0,1,1,1,2,0,1,4,2,1.4,Allana Thompson,https://www.sports-reference.com/cbb/players/allana-thompson-1.html,prairie-view,2020-21
9,9,9,2021-02-01,Prairie View A&M,,Alabama State,REG (Conf),L 70-83,,21,1,3,.333,0,0,,1,3,.333,.333,4,4,1.000,2,1,3,0,0,0,4,3,6,0.8,Allana Thompson,https://www.sports-reference.com/cbb/players/allana-thompson-1.html,prairie-view,2020-21
10,10,10,2021-02-22,Prairie View A&M,,Arkansas–Pine Bluff,REG (Conf),W 70-58,,14,1,3,.333,0,0,,1,3,.333,.333,1,4,.250,0,0,0,1,1,0,0,1,3,1.4,Allana Thompson,https://www.sports-reference.com/cbb/players/allana-thompson-1.html,prairie-view,2020-21
11,11,11,2021-02-23,Prairie View A&M,,Arkansas–Pine Bluff,REG (Conf),W 79-71 (OT),,3,0,0,,0,0,,0,0,,,0,0,,0,2,2,0,0,0,1,2,0,-1.2,Allana Thompson,https://www.sports-reference.com/cbb/players/allana-thompson-1.html,prairie-view,2020-21
12,12,12,2021-02-25,Prairie View A&M,,Mississippi Valley State,REG (Conf),L 57-61 (OT),,8,0,1,.000,0,1,.000,0,0,,.000,1,2,.500,0,0,0,1,0,0,0,0,1,0.6,Allana Thompson,https://www.sports-reference.com/cbb/players/allana-thompson-1.html,prairie-view,2020-21
13,13,13,2021-02-27,Prairie View A&M,@,Alabama A&M,REG (Conf),L 51-74,,2,0,0,,0,0,,0,0,,,0,0,,0,0,0,0,0,0,0,1,0,-0.4,Allana Thompson,https://www.sports-reference.com/cbb/players/allana-thompson-1.html,prairie-view,2020-21
14,14,14,2021-03-01,Prairie View A&M,@,Alabama State,REG (Conf),L 53-77,,16,2,2,1.000,0,0,,2,2,1.000,1.000,0,0,,0,1,1,0,0,0,2,4,4,0.1,Allana Thompson,https://www.sports-reference.com/cbb/players/allana-thompson-1.html,prairie-view,2020-21
15,15,15,2021-03-04,Prairie View A&M,,Southern,REG (Conf),L 39-70,,25,1,9,.111,0,6,.000,1,3,.333,.111,2,4,.500,1,4,5,0,1,1,1,3,4,-1.3,Allana Thompson,https://www.sports-reference.com/cbb/players/allana-thompson-1.html,prairie-view,2020-21
16,16,16,2021-03-06,Prairie View A&M,,Alcorn State,REG (Conf),L 53-57,,27,0,3,.000,0,2,.000,0,1,.000,.000,0,0,,0,4,4,0,1,0,5,1,0,-5.3,Allana Thompson,https://www.sports-reference.com/cbb/players/allana-thompson-1.html,prairie-view,2020-21
