ranker,player_game_num_career,team_game_num_season,date,team_name_abbr,game_location,opp_name_abbr,game_type,game_result,is_starter,mp,fg,fga,fg_pct,fg3,fg3a,fg3_pct,fg2,fg2a,fg2_pct,efg_pct,ft,fta,ft_pct,orb,drb,trb,ast,stl,blk,tov,pf,pts,game_score,player_name,player_sr_link,school,season
1,32,1,2020-12-16,Prairie View A&M,,McNeese State,REG (Non-Conf),W 95-73,*,33,7,9,.778,2,2,1.000,5,7,.714,.889,1,2,.500,2,8,10,3,2,0,1,3,17,18.8,Diana Rosenthal,https://www.sports-reference.com/cbb/players/diana-rosenthal-1.html,prairie-view,2020-21
2,33,2,2020-12-19,Prairie View A&M,@,Texas–Rio Grande Valley,REG (Non-Conf),L 63-66,*,31,5,11,.455,1,3,.333,4,8,.500,.500,0,2,.000,1,4,5,1,1,0,2,3,11,4.9,Diana Rosenthal,https://www.sports-reference.com/cbb/players/diana-rosenthal-1.html,prairie-view,2020-21
3,34,3,2020-12-29,Prairie View A&M,,Houston Baptist,REG (Non-Conf),L 54-61,*,30,6,16,.375,0,3,.000,6,13,.462,.375,4,6,.667,2,4,6,2,2,0,5,3,16,6.2,Diana Rosenthal,https://www.sports-reference.com/cbb/players/diana-rosenthal-1.html,prairie-view,2020-21
4,35,4,2021-01-02,Prairie View A&M,@,Southern,REG (Conf),L 44-51,*,33,5,12,.417,1,2,.500,4,10,.400,.458,0,0,,1,2,3,1,1,0,6,3,11,0.4,Diana Rosenthal,https://www.sports-reference.com/cbb/players/diana-rosenthal-1.html,prairie-view,2020-21
5,36,5,2021-01-04,Prairie View A&M,@,Alcorn State,REG (Conf),L 48-55,*,33,3,8,.375,2,5,.400,1,3,.333,.500,0,0,,1,5,6,3,1,0,4,5,8,2.9,Diana Rosenthal,https://www.sports-reference.com/cbb/players/diana-rosenthal-1.html,prairie-view,2020-21
6,37,6,2021-01-11,Prairie View A&M,,Texas Southern,REG (Conf),L 76-79,*,21,2,6,.333,0,3,.000,2,3,.667,.333,0,0,,1,2,3,6,3,0,3,4,4,4.5,Diana Rosenthal,https://www.sports-reference.com/cbb/players/diana-rosenthal-1.html,prairie-view,2020-21
7,38,7,2021-01-16,Prairie View A&M,,Jackson State,REG (Conf),L 45-63,*,36,8,19,.421,2,6,.333,6,13,.462,.474,1,3,.333,2,3,5,3,5,0,4,3,19,12.3,Diana Rosenthal,https://www.sports-reference.com/cbb/players/diana-rosenthal-1.html,prairie-view,2020-21
8,39,8,2021-01-18,Prairie View A&M,,Grambling State,REG (Conf),L 64-65,*,36,4,11,.364,1,3,.333,3,8,.375,.409,0,2,.000,1,4,5,5,4,1,4,2,9,7.4,Diana Rosenthal,https://www.sports-reference.com/cbb/players/diana-rosenthal-1.html,prairie-view,2020-21
9,40,9,2021-02-01,Prairie View A&M,,Alabama State,REG (Conf),L 70-83,*,34,6,16,.375,1,4,.250,5,12,.417,.406,7,7,1.000,1,4,5,2,3,0,2,3,20,14.3,Diana Rosenthal,https://www.sports-reference.com/cbb/players/diana-rosenthal-1.html,prairie-view,2020-21
10,41,10,2021-02-22,Prairie View A&M,,Arkansas–Pine Bluff,REG (Conf),W 70-58,*,18,2,10,.200,0,2,.000,2,8,.250,.200,1,2,.500,2,4,6,2,0,0,3,2,5,-1.4,Diana Rosenthal,https://www.sports-reference.com/cbb/players/diana-rosenthal-1.html,prairie-view,2020-21
11,42,11,2021-02-23,Prairie View A&M,,Arkansas–Pine Bluff,REG (Conf),W 79-71 (OT),*,43,9,21,.429,5,8,.625,4,13,.308,.548,2,4,.500,4,4,8,5,4,0,2,4,25,21.0,Diana Rosenthal,https://www.sports-reference.com/cbb/players/diana-rosenthal-1.html,prairie-view,2020-21
12,43,12,2021-02-25,Prairie View A&M,,Mississippi Valley State,REG (Conf),L 57-61 (OT),*,21,5,15,.333,1,6,.167,4,9,.444,.367,2,4,.500,2,7,9,1,2,1,3,4,13,6.0,Diana Rosenthal,https://www.sports-reference.com/cbb/players/diana-rosenthal-1.html,prairie-view,2020-21
13,44,13,2021-02-27,Prairie View A&M,@,Alabama A&M,REG (Conf),L 51-74,*,37,8,19,.421,3,5,.600,5,14,.357,.500,0,0,,0,4,4,4,4,0,5,0,19,11.9,Diana Rosenthal,https://www.sports-reference.com/cbb/players/diana-rosenthal-1.html,prairie-view,2020-21
14,45,14,2021-03-01,Prairie View A&M,@,Alabama State,REG (Conf),L 53-77,*,21,6,13,.462,0,3,.000,6,10,.600,.462,0,0,,0,1,1,0,0,0,3,3,12,1.4,Diana Rosenthal,https://www.sports-reference.com/cbb/players/diana-rosenthal-1.html,prairie-view,2020-21
15,46,15,2021-03-04,Prairie View A&M,,Southern,REG (Conf),L 39-70,*,34,1,11,.091,0,3,.000,1,8,.125,.091,2,2,1.000,0,2,2,1,1,2,4,1,4,-4.0,Diana Rosenthal,https://www.sports-reference.com/cbb/players/diana-rosenthal-1.html,prairie-view,2020-21
16,47,16,2021-03-06,Prairie View A&M,,Alcorn State,REG (Conf),L 53-57,*,27,2,9,.222,0,2,.000,2,7,.286,.222,0,0,,0,1,1,5,2,0,4,4,4,-1.3,Diana Rosenthal,https://www.sports-reference.com/cbb/players/diana-rosenthal-1.html,prairie-view,2020-21
