ranker,player_game_num_career,team_game_num_season,date,team_name_abbr,game_location,opp_name_abbr,game_type,game_result,is_starter,mp,fg,fga,fg_pct,fg3,fg3a,fg3_pct,fg2,fg2a,fg2_pct,efg_pct,ft,fta,ft_pct,orb,drb,trb,ast,stl,blk,tov,pf,pts,game_score,player_name,player_sr_link,school,season
1,1,1,2020-12-16,Prairie View A&M,,McNeese State,REG (Non-Conf),W 95-73,,20,1,5,.200,0,0,,1,5,.200,.200,2,2,1.000,2,5,7,1,0,2,1,1,4,4.5,Jasmin Dixon,https://www.sports-reference.com/cbb/players/jasmin-dixon-3.html,prairie-view,2020-21
2,2,2,2020-12-19,Prairie View A&M,@,Texas–Rio Grande Valley,REG (Non-Conf),L 63-66,*,26,4,4,1.000,0,0,,4,4,1.000,1.000,1,4,.250,0,6,6,2,3,2,1,2,9,12.4,Jasmin Dixon,https://www.sports-reference.com/cbb/players/jasmin-dixon-3.html,prairie-view,2020-21
3,3,3,2020-12-29,Prairie View A&M,,Houston Baptist,REG (Non-Conf),L 54-61,*,24,2,2,1.000,0,0,,2,2,1.000,1.000,1,2,.500,1,2,3,1,0,4,1,3,5,6.6,Jasmin Dixon,https://www.sports-reference.com/cbb/players/jasmin-dixon-3.html,prairie-view,2020-21
4,4,4,2021-01-02,Prairie View A&M,@,Southern,REG (Conf),L 44-51,,15,1,3,.333,0,0,,1,3,.333,.333,0,0,,2,1,3,1,0,0,1,3,2,0.5,Jasmin Dixon,https://www.sports-reference.com/cbb/players/jasmin-dixon-3.html,prairie-view,2020-21
5,5,5,2021-01-04,Prairie View A&M,@,Alcorn State,REG (Conf),L 48-55,,13,2,2,1.000,0,0,,2,2,1.000,1.000,0,0,,0,0,0,1,1,4,0,3,4,6.7,Jasmin Dixon,https://www.sports-reference.com/cbb/players/jasmin-dixon-3.html,prairie-view,2020-21
6,6,6,2021-01-11,Prairie View A&M,,Texas Southern,REG (Conf),L 76-79,,22,2,2,1.000,0,0,,2,2,1.000,1.000,0,0,,0,3,3,0,1,1,4,2,4,1.2,Jasmin Dixon,https://www.sports-reference.com/cbb/players/jasmin-dixon-3.html,prairie-view,2020-21
7,7,7,2021-01-16,Prairie View A&M,,Jackson State,REG (Conf),L 45-63,,17,0,3,.000,0,0,,0,3,.000,.000,1,2,.500,3,2,5,0,0,3,1,1,1,1.9,Jasmin Dixon,https://www.sports-reference.com/cbb/players/jasmin-dixon-3.html,prairie-view,2020-21
8,8,8,2021-01-18,Prairie View A&M,,Grambling State,REG (Conf),L 64-65,,21,4,8,.500,0,0,,4,8,.500,.500,0,0,,3,4,7,0,0,0,3,1,8,3.9,Jasmin Dixon,https://www.sports-reference.com/cbb/players/jasmin-dixon-3.html,prairie-view,2020-21
9,9,9,2021-02-01,Prairie View A&M,,Alabama State,REG (Conf),L 70-83,*,16,1,4,.250,0,1,.000,1,3,.333,.250,0,0,,1,3,4,1,0,3,1,3,2,1.8,Jasmin Dixon,https://www.sports-reference.com/cbb/players/jasmin-dixon-3.html,prairie-view,2020-21
10,10,10,2021-02-22,Prairie View A&M,,Arkansas–Pine Bluff,REG (Conf),W 70-58,*,28,1,3,.333,0,0,,1,3,.333,.333,1,2,.500,2,4,6,1,3,4,0,3,3,8.8,Jasmin Dixon,https://www.sports-reference.com/cbb/players/jasmin-dixon-3.html,prairie-view,2020-21
11,11,11,2021-02-23,Prairie View A&M,,Arkansas–Pine Bluff,REG (Conf),W 79-71 (OT),*,10,0,0,,0,0,,0,0,,,0,0,,1,0,1,1,0,0,0,1,0,1.0,Jasmin Dixon,https://www.sports-reference.com/cbb/players/jasmin-dixon-3.html,prairie-view,2020-21
12,12,12,2021-02-25,Prairie View A&M,,Mississippi Valley State,REG (Conf),L 57-61 (OT),*,32,2,3,.667,0,0,,2,3,.667,.667,0,0,,6,7,13,3,0,3,3,4,4,8.6,Jasmin Dixon,https://www.sports-reference.com/cbb/players/jasmin-dixon-3.html,prairie-view,2020-21
13,13,13,2021-02-27,Prairie View A&M,@,Alabama A&M,REG (Conf),L 51-74,*,13,0,0,,0,0,,0,0,,,0,0,,0,1,1,0,0,1,1,1,0,-0.4,Jasmin Dixon,https://www.sports-reference.com/cbb/players/jasmin-dixon-3.html,prairie-view,2020-21
14,14,14,2021-03-01,Prairie View A&M,@,Alabama State,REG (Conf),L 53-77,,15,0,0,,0,0,,0,0,,,0,0,,0,1,1,0,0,0,2,2,0,-2.5,Jasmin Dixon,https://www.sports-reference.com/cbb/players/jasmin-dixon-3.html,prairie-view,2020-21
15,15,15,2021-03-04,Prairie View A&M,,Southern,REG (Conf),L 39-70,,8,0,0,,0,0,,0,0,,,1,2,.500,1,1,2,0,0,0,1,0,1,0.6,Jasmin Dixon,https://www.sports-reference.com/cbb/players/jasmin-dixon-3.html,prairie-view,2020-21
16,16,16,2021-03-06,Prairie View A&M,,Alcorn State,REG (Conf),L 53-57,,9,2,2,1.000,0,0,,2,2,1.000,1.000,0,0,,1,5,6,0,0,2,2,3,4,3.8,Jasmin Dixon,https://www.sports-reference.com/cbb/players/jasmin-dixon-3.html,prairie-view,2020-21
