ranker,player_game_num_career,team_game_num_season,date,team_name_abbr,game_location,opp_name_abbr,game_type,game_result,is_starter,mp,fg,fga,fg_pct,fg3,fg3a,fg3_pct,fg2,fg2a,fg2_pct,efg_pct,ft,fta,ft_pct,orb,drb,trb,ast,stl,blk,tov,pf,pts,game_score,player_name,player_sr_link,school,season
1,32,1,2020-12-16,Prairie View A&M,,McNeese State,REG (Non-Conf),W 95-73,*,19,4,10,.400,1,3,.333,3,7,.429,.450,2,2,1.000,0,5,5,3,1,0,3,3,11,6.0,Kennedy Paul,https://www.sports-reference.com/cbb/players/kennedy-paul-1.html,prairie-view,2020-21
2,33,2,2020-12-19,Prairie View A&M,@,Texas–Rio Grande Valley,REG (Non-Conf),L 63-66,,21,6,11,.545,1,4,.250,5,7,.714,.591,0,0,,0,1,1,3,0,1,0,1,13,10.4,Kennedy Paul,https://www.sports-reference.com/cbb/players/kennedy-paul-1.html,prairie-view,2020-21
3,34,3,2020-12-29,Prairie View A&M,,Houston Baptist,REG (Non-Conf),L 54-61,,20,1,4,.250,0,1,.000,1,3,.333,.250,2,2,1.000,0,1,1,2,0,0,0,0,4,3.3,Kennedy Paul,https://www.sports-reference.com/cbb/players/kennedy-paul-1.html,prairie-view,2020-21
4,35,4,2021-01-02,Prairie View A&M,@,Southern,REG (Conf),L 44-51,*,28,2,3,.667,1,2,.500,1,1,1.000,.833,2,2,1.000,0,3,3,1,0,0,3,3,7,3.1,Kennedy Paul,https://www.sports-reference.com/cbb/players/kennedy-paul-1.html,prairie-view,2020-21
5,36,5,2021-01-04,Prairie View A&M,@,Alcorn State,REG (Conf),L 48-55,*,28,4,8,.500,0,0,,4,8,.500,.500,0,0,,1,7,8,3,1,4,4,2,8,7.9,Kennedy Paul,https://www.sports-reference.com/cbb/players/kennedy-paul-1.html,prairie-view,2020-21
6,37,6,2021-01-11,Prairie View A&M,,Texas Southern,REG (Conf),L 76-79,*,16,3,4,.750,0,0,,3,4,.750,.750,3,5,.600,0,4,4,2,0,1,1,1,9,8.5,Kennedy Paul,https://www.sports-reference.com/cbb/players/kennedy-paul-1.html,prairie-view,2020-21
7,38,7,2021-01-16,Prairie View A&M,,Jackson State,REG (Conf),L 45-63,*,19,3,9,.333,2,6,.333,1,3,.333,.444,0,0,,1,0,1,0,1,1,1,5,8,2.3,Kennedy Paul,https://www.sports-reference.com/cbb/players/kennedy-paul-1.html,prairie-view,2020-21
8,39,8,2021-01-18,Prairie View A&M,,Grambling State,REG (Conf),L 64-65,*,36,6,13,.462,1,5,.200,5,8,.625,.500,5,6,.833,2,5,7,2,1,0,3,2,18,12.4,Kennedy Paul,https://www.sports-reference.com/cbb/players/kennedy-paul-1.html,prairie-view,2020-21
9,40,9,2021-02-01,Prairie View A&M,,Alabama State,REG (Conf),L 70-83,*,30,6,12,.500,1,2,.500,5,10,.500,.542,0,0,,2,1,3,0,0,0,3,3,13,4.5,Kennedy Paul,https://www.sports-reference.com/cbb/players/kennedy-paul-1.html,prairie-view,2020-21
10,41,10,2021-02-22,Prairie View A&M,,Arkansas–Pine Bluff,REG (Conf),W 70-58,*,31,9,16,.563,2,5,.400,7,11,.636,.625,4,4,1.000,0,7,7,5,0,1,4,3,24,17.5,Kennedy Paul,https://www.sports-reference.com/cbb/players/kennedy-paul-1.html,prairie-view,2020-21
11,42,11,2021-02-23,Prairie View A&M,,Arkansas–Pine Bluff,REG (Conf),W 79-71 (OT),*,42,9,21,.429,0,4,.000,9,17,.529,.429,8,11,.727,1,5,6,3,0,1,1,3,26,16.5,Kennedy Paul,https://www.sports-reference.com/cbb/players/kennedy-paul-1.html,prairie-view,2020-21
12,43,12,2021-02-25,Prairie View A&M,,Mississippi Valley State,REG (Conf),L 57-61 (OT),*,32,3,14,.214,1,4,.250,2,10,.200,.250,2,2,1.000,2,2,4,4,1,1,1,3,9,4.7,Kennedy Paul,https://www.sports-reference.com/cbb/players/kennedy-paul-1.html,prairie-view,2020-21
13,44,13,2021-02-27,Prairie View A&M,@,Alabama A&M,REG (Conf),L 51-74,*,33,4,9,.444,2,5,.400,2,4,.500,.556,1,2,.500,0,2,2,1,0,0,4,3,11,2.0,Kennedy Paul,https://www.sports-reference.com/cbb/players/kennedy-paul-1.html,prairie-view,2020-21
14,45,14,2021-03-01,Prairie View A&M,@,Alabama State,REG (Conf),L 53-77,*,28,4,11,.364,4,9,.444,0,2,.000,.545,0,2,.000,0,3,3,1,1,0,3,2,12,3.9,Kennedy Paul,https://www.sports-reference.com/cbb/players/kennedy-paul-1.html,prairie-view,2020-21
15,46,15,2021-03-04,Prairie View A&M,,Southern,REG (Conf),L 39-70,*,33,4,10,.400,2,5,.400,2,5,.400,.500,3,3,1.000,1,5,6,0,0,0,3,2,13,6.0,Kennedy Paul,https://www.sports-reference.com/cbb/players/kennedy-paul-1.html,prairie-view,2020-21
16,47,16,2021-03-06,Prairie View A&M,,Alcorn State,REG (Conf),L 53-57,*,37,5,15,.333,1,6,.167,4,9,.444,.367,2,2,1.000,3,5,8,5,3,1,3,3,13,11.1,Kennedy Paul,https://www.sports-reference.com/cbb/players/kennedy-paul-1.html,prairie-view,2020-21
