ranker,player_game_num_career,team_game_num_season,date,team_name_abbr,game_location,opp_name_abbr,game_type,game_result,is_starter,mp,fg,fga,fg_pct,fg3,fg3a,fg3_pct,fg2,fg2a,fg2_pct,efg_pct,ft,fta,ft_pct,orb,drb,trb,ast,stl,blk,tov,pf,pts,game_score,player_name,player_sr_link,school,season
1,32,1,2020-12-16,Prairie View A&M,,McNeese State,REG (Non-Conf),W 95-73,*,28,6,8,.750,4,5,.800,2,3,.667,1.000,2,2,1.000,1,3,4,4,2,1,1,4,18,19.3,Kennedi Heard,https://www.sports-reference.com/cbb/players/kennedi-heard-1.html,prairie-view,2020-21
2,33,2,2020-12-19,Prairie View A&M,@,Texas–Rio Grande Valley,REG (Non-Conf),L 63-66,*,32,3,13,.231,0,5,.000,3,8,.375,.231,0,0,,3,4,7,3,1,1,1,1,6,3.8,Kennedi Heard,https://www.sports-reference.com/cbb/players/kennedi-heard-1.html,prairie-view,2020-21
3,34,3,2020-12-29,Prairie View A&M,,Houston Baptist,REG (Non-Conf),L 54-61,*,27,2,6,.333,0,3,.000,2,3,.667,.333,0,0,,0,4,4,3,0,1,3,4,4,0.0,Kennedi Heard,https://www.sports-reference.com/cbb/players/kennedi-heard-1.html,prairie-view,2020-21
4,35,4,2021-01-02,Prairie View A&M,@,Southern,REG (Conf),L 44-51,*,32,4,7,.571,1,3,.333,3,4,.750,.643,2,2,1.000,2,7,9,1,1,0,5,2,11,7.1,Kennedi Heard,https://www.sports-reference.com/cbb/players/kennedi-heard-1.html,prairie-view,2020-21
5,36,5,2021-01-04,Prairie View A&M,@,Alcorn State,REG (Conf),L 48-55,*,14,3,7,.429,1,4,.250,2,3,.667,.500,0,0,,1,2,3,1,0,0,1,4,7,2.7,Kennedi Heard,https://www.sports-reference.com/cbb/players/kennedi-heard-1.html,prairie-view,2020-21
6,37,6,2021-01-11,Prairie View A&M,,Texas Southern,REG (Conf),L 76-79,*,33,5,9,.556,3,6,.500,2,3,.667,.722,1,1,1.000,1,7,8,2,1,1,1,1,14,14.2,Kennedi Heard,https://www.sports-reference.com/cbb/players/kennedi-heard-1.html,prairie-view,2020-21
7,38,7,2021-01-16,Prairie View A&M,,Jackson State,REG (Conf),L 45-63,*,9,1,1,1.000,0,0,,1,1,1.000,1.000,0,0,,0,1,1,0,0,1,2,1,2,0.3,Kennedi Heard,https://www.sports-reference.com/cbb/players/kennedi-heard-1.html,prairie-view,2020-21
8,39,8,2021-01-18,Prairie View A&M,,Grambling State,REG (Conf),L 64-65,*,34,4,8,.500,3,4,.750,1,4,.250,.688,4,4,1.000,1,0,1,1,1,0,1,4,15,10.8,Kennedi Heard,https://www.sports-reference.com/cbb/players/kennedi-heard-1.html,prairie-view,2020-21
9,40,9,2021-02-01,Prairie View A&M,,Alabama State,REG (Conf),L 70-83,*,27,2,11,.182,1,3,.333,1,8,.125,.227,3,3,1.000,4,1,5,0,1,0,1,4,8,2.6,Kennedi Heard,https://www.sports-reference.com/cbb/players/kennedi-heard-1.html,prairie-view,2020-21
10,41,10,2021-02-22,Prairie View A&M,,Arkansas–Pine Bluff,REG (Conf),W 70-58,*,35,7,13,.538,3,6,.500,4,7,.571,.654,0,0,,0,4,4,2,0,1,1,2,17,12.2,Kennedi Heard,https://www.sports-reference.com/cbb/players/kennedi-heard-1.html,prairie-view,2020-21
11,42,11,2021-02-23,Prairie View A&M,,Arkansas–Pine Bluff,REG (Conf),W 79-71 (OT),*,38,2,5,.400,1,3,.333,1,2,.500,.500,0,0,,0,4,4,2,0,0,3,3,5,0.7,Kennedi Heard,https://www.sports-reference.com/cbb/players/kennedi-heard-1.html,prairie-view,2020-21
12,43,12,2021-02-25,Prairie View A&M,,Mississippi Valley State,REG (Conf),L 57-61 (OT),*,41,1,6,.167,0,3,.000,1,3,.333,.167,1,2,.500,2,5,7,4,1,2,2,2,3,4.1,Kennedi Heard,https://www.sports-reference.com/cbb/players/kennedi-heard-1.html,prairie-view,2020-21
13,44,13,2021-02-27,Prairie View A&M,@,Alabama A&M,REG (Conf),L 51-74,*,30,4,7,.571,1,2,.500,3,5,.600,.643,0,0,,0,3,3,2,1,1,1,4,9,7.1,Kennedi Heard,https://www.sports-reference.com/cbb/players/kennedi-heard-1.html,prairie-view,2020-21
14,45,14,2021-03-01,Prairie View A&M,@,Alabama State,REG (Conf),L 53-77,*,33,6,10,.600,3,5,.600,3,5,.600,.750,1,2,.500,0,2,2,2,2,0,4,3,16,9.8,Kennedi Heard,https://www.sports-reference.com/cbb/players/kennedi-heard-1.html,prairie-view,2020-21
15,46,15,2021-03-04,Prairie View A&M,,Southern,REG (Conf),L 39-70,*,26,1,8,.125,0,1,.000,1,7,.143,.125,4,5,.800,1,2,3,4,1,0,3,4,6,0.9,Kennedi Heard,https://www.sports-reference.com/cbb/players/kennedi-heard-1.html,prairie-view,2020-21
16,47,16,2021-03-06,Prairie View A&M,,Alcorn State,REG (Conf),L 53-57,*,32,8,18,.444,2,6,.333,6,12,.500,.500,5,6,.833,2,4,6,1,4,0,6,4,23,12.9,Kennedi Heard,https://www.sports-reference.com/cbb/players/kennedi-heard-1.html,prairie-view,2020-21
