ranker,player_game_num_career,team_game_num_season,date,team_name_abbr,game_location,opp_name_abbr,game_type,game_result,is_starter,mp,fg,fga,fg_pct,fg3,fg3a,fg2,fg2a,fg2_pct,efg_pct,ft,fta,ft_pct,orb,drb,trb,ast,stl,blk,tov,pf,pts,game_score,player_name,player_sr_link,school,season
1,28,1,2020-12-16,Prairie View A&M,,McNeese State,REG (Non-Conf),W 95-73,,7,2,2,1.000,0,0,2,2,1.000,1.000,0,0,,1,1,2,0,0,0,2,4,4,0.8,Rachel Williams,https://www.sports-reference.com/cbb/players/rachel-williams-2.html,prairie-view,2020-21
2,29,2,2020-12-19,Prairie View A&M,@,Texas–Rio Grande Valley,REG (Non-Conf),L 63-66,,13,1,2,.500,0,0,1,2,.500,.500,0,0,,0,0,0,1,0,0,2,3,2,-1.5,Rachel Williams,https://www.sports-reference.com/cbb/players/rachel-williams-2.html,prairie-view,2020-21
3,30,3,2020-12-29,Prairie View A&M,,Houston Baptist,REG (Non-Conf),L 54-61,,12,3,5,.600,0,0,3,5,.600,.600,0,0,,0,2,2,0,0,0,1,1,6,2.9,Rachel Williams,https://www.sports-reference.com/cbb/players/rachel-williams-2.html,prairie-view,2020-21
4,31,4,2021-01-02,Prairie View A&M,@,Southern,REG (Conf),L 44-51,,3,0,0,,0,0,0,0,,,0,0,,0,1,1,0,0,0,0,0,0,0.3,Rachel Williams,https://www.sports-reference.com/cbb/players/rachel-williams-2.html,prairie-view,2020-21
5,32,5,2021-01-04,Prairie View A&M,@,Alcorn State,REG (Conf),L 48-55,,8,0,2,.000,0,0,0,2,.000,.000,0,0,,0,1,1,0,0,0,1,1,0,-2.5,Rachel Williams,https://www.sports-reference.com/cbb/players/rachel-williams-2.html,prairie-view,2020-21
6,33,6,2021-01-11,Prairie View A&M,,Texas Southern,REG (Conf),L 76-79,,10,1,2,.500,0,0,1,2,.500,.500,0,0,,1,0,1,1,0,0,3,2,2,-1.4,Rachel Williams,https://www.sports-reference.com/cbb/players/rachel-williams-2.html,prairie-view,2020-21
7,34,7,2021-01-16,Prairie View A&M,,Jackson State,REG (Conf),L 45-63,,12,0,1,.000,0,0,0,1,.000,.000,0,0,,0,0,0,0,0,0,1,2,0,-2.5,Rachel Williams,https://www.sports-reference.com/cbb/players/rachel-williams-2.html,prairie-view,2020-21
8,35,8,2021-01-18,Prairie View A&M,,Grambling State,REG (Conf),L 64-65,,6,1,2,.500,0,0,1,2,.500,.500,0,0,,0,0,0,0,1,0,2,1,2,-0.4,Rachel Williams,https://www.sports-reference.com/cbb/players/rachel-williams-2.html,prairie-view,2020-21
9,36,9,2021-02-01,Prairie View A&M,,Alabama State,REG (Conf),L 70-83,,5,0,1,.000,0,0,0,1,.000,.000,0,0,,1,0,1,0,1,0,1,1,0,-0.4,Rachel Williams,https://www.sports-reference.com/cbb/players/rachel-williams-2.html,prairie-view,2020-21
10,37,10,2021-02-22,Prairie View A&M,,Arkansas–Pine Bluff,REG (Conf),W 70-58,,2,0,1,.000,0,0,0,1,.000,.000,0,0,,0,0,0,0,0,0,0,1,0,-1.1,Rachel Williams,https://www.sports-reference.com/cbb/players/rachel-williams-2.html,prairie-view,2020-21
11,38,11,2021-02-23,Prairie View A&M,,Arkansas–Pine Bluff,REG (Conf),W 79-71 (OT),,29,0,3,.000,0,0,0,3,.000,.000,0,0,,4,5,9,3,2,0,3,4,0,1.7,Rachel Williams,https://www.sports-reference.com/cbb/players/rachel-williams-2.html,prairie-view,2020-21
12,39,12,2021-02-25,Prairie View A&M,,Mississippi Valley State,REG (Conf),L 57-61 (OT),,15,1,3,.333,0,0,1,3,.333,.333,0,0,,0,5,5,0,0,0,1,3,2,-0.4,Rachel Williams,https://www.sports-reference.com/cbb/players/rachel-williams-2.html,prairie-view,2020-21
13,40,13,2021-02-27,Prairie View A&M,@,Alabama A&M,REG (Conf),L 51-74,,15,1,3,.333,0,0,1,3,.333,.333,0,0,,1,1,2,2,1,0,1,2,2,1.9,Rachel Williams,https://www.sports-reference.com/cbb/players/rachel-williams-2.html,prairie-view,2020-21
14,41,14,2021-03-01,Prairie View A&M,@,Alabama State,REG (Conf),L 53-77,,2,0,0,,0,0,0,0,,,0,0,,0,0,0,0,0,0,0,2,0,-0.8,Rachel Williams,https://www.sports-reference.com/cbb/players/rachel-williams-2.html,prairie-view,2020-21
15,42,15,2021-03-04,Prairie View A&M,,Southern,REG (Conf),L 39-70,,14,2,4,.500,0,0,2,4,.500,.500,2,2,1.000,0,3,3,0,0,0,1,3,6,2.7,Rachel Williams,https://www.sports-reference.com/cbb/players/rachel-williams-2.html,prairie-view,2020-21
16,43,16,2021-03-06,Prairie View A&M,,Alcorn State,REG (Conf),L 53-57,,7,0,1,.000,0,0,0,1,.000,.000,1,2,.500,2,2,4,0,1,0,1,2,1,1.1,Rachel Williams,https://www.sports-reference.com/cbb/players/rachel-williams-2.html,prairie-view,2020-21
