ranker,player_game_num_career,team_game_num_season,date,team_name_abbr,game_location,opp_name_abbr,game_type,game_result,is_starter,mp,fg,fga,fg_pct,fg3,fg3a,fg3_pct,fg2,fg2a,fg2_pct,efg_pct,ft,fta,ft_pct,orb,drb,trb,ast,stl,blk,tov,pf,pts,game_score,player_name,player_sr_link,school,season
1,1,1,2020-12-16,Prairie View A&M,,McNeese State,REG (Non-Conf),W 95-73,*,23,5,8,.625,0,1,.000,5,7,.714,.625,1,1,1.000,5,2,7,3,1,0,3,0,11,11.6,Tabreea Gandy,https://www.sports-reference.com/cbb/players/tabreea-gandy-1.html,prairie-view,2020-21
2,2,2,2020-12-19,Prairie View A&M,@,Texas–Rio Grande Valley,REG (Non-Conf),L 63-66,*,27,4,11,.364,1,3,.333,3,8,.375,.409,2,4,.500,3,4,7,7,1,0,5,3,11,7.1,Tabreea Gandy,https://www.sports-reference.com/cbb/players/tabreea-gandy-1.html,prairie-view,2020-21
3,3,3,2020-12-29,Prairie View A&M,,Houston Baptist,REG (Non-Conf),L 54-61,*,23,0,7,.000,0,1,.000,0,6,.000,.000,1,4,.250,1,2,3,3,3,0,1,0,1,0.3,Tabreea Gandy,https://www.sports-reference.com/cbb/players/tabreea-gandy-1.html,prairie-view,2020-21
4,4,4,2021-01-02,Prairie View A&M,@,Southern,REG (Conf),L 44-51,*,24,2,3,.667,0,0,,2,3,.667,.667,0,0,,1,0,1,0,1,0,5,3,4,-1.8,Tabreea Gandy,https://www.sports-reference.com/cbb/players/tabreea-gandy-1.html,prairie-view,2020-21
5,5,5,2021-01-04,Prairie View A&M,@,Alcorn State,REG (Conf),L 48-55,*,13,1,3,.333,0,0,,1,3,.333,.333,1,1,1.000,0,2,2,1,0,0,1,1,3,1.2,Tabreea Gandy,https://www.sports-reference.com/cbb/players/tabreea-gandy-1.html,prairie-view,2020-21
