ranker,player_game_num_career,team_game_num_season,date,team_name_abbr,game_location,opp_name_abbr,game_type,game_result,is_starter,mp,fg,fga,fg_pct,fg3,fg3a,fg3_pct,fg2,fg2a,fg2_pct,efg_pct,ft,fta,ft_pct,orb,drb,trb,ast,stl,blk,tov,pf,pts,game_score,player_name,player_sr_link,school,season
1,41,1,2020-12-16,Prairie View A&M,,McNeese State,REG (Non-Conf),W 95-73,*,24,1,6,.167,1,4,.250,0,2,.000,.250,3,4,.750,0,2,2,1,1,0,2,1,6,1.7,TaMiracle Taylor,https://www.sports-reference.com/cbb/players/tamiracle-taylor-1.html,prairie-view,2020-21
2,42,2,2020-12-19,Prairie View A&M,@,Texas–Rio Grande Valley,REG (Non-Conf),L 63-66,*,25,2,4,.500,0,0,,2,4,.500,.500,0,0,,0,0,0,1,1,0,0,1,4,3.3,TaMiracle Taylor,https://www.sports-reference.com/cbb/players/tamiracle-taylor-1.html,prairie-view,2020-21
3,43,3,2020-12-29,Prairie View A&M,,Houston Baptist,REG (Non-Conf),L 54-61,,18,2,3,.667,0,0,,2,3,.667,.667,0,0,,1,2,3,1,1,0,3,2,4,1.9,TaMiracle Taylor,https://www.sports-reference.com/cbb/players/tamiracle-taylor-1.html,prairie-view,2020-21
4,44,4,2021-01-02,Prairie View A&M,@,Southern,REG (Conf),L 44-51,*,26,0,8,.000,0,5,.000,0,3,.000,.000,1,2,.500,0,3,3,1,1,1,6,3,1,-8.9,TaMiracle Taylor,https://www.sports-reference.com/cbb/players/tamiracle-taylor-1.html,prairie-view,2020-21
5,45,5,2021-01-04,Prairie View A&M,@,Alcorn State,REG (Conf),L 48-55,*,30,1,7,.143,0,1,.000,1,6,.167,.143,0,1,.000,1,2,3,1,1,0,4,1,2,-4.3,TaMiracle Taylor,https://www.sports-reference.com/cbb/players/tamiracle-taylor-1.html,prairie-view,2020-21
6,46,6,2021-01-11,Prairie View A&M,,Texas Southern,REG (Conf),L 76-79,*,32,5,10,.500,0,2,.000,5,8,.625,.500,1,2,.500,0,3,3,5,1,0,6,4,11,3.4,TaMiracle Taylor,https://www.sports-reference.com/cbb/players/tamiracle-taylor-1.html,prairie-view,2020-21
7,47,7,2021-01-16,Prairie View A&M,,Jackson State,REG (Conf),L 45-63,*,36,0,3,.000,0,0,,0,3,.000,.000,1,2,.500,1,3,4,7,2,0,3,2,1,3.2,TaMiracle Taylor,https://www.sports-reference.com/cbb/players/tamiracle-taylor-1.html,prairie-view,2020-21
8,48,8,2021-01-18,Prairie View A&M,,Grambling State,REG (Conf),L 64-65,*,26,0,2,.000,0,1,.000,0,1,.000,.000,1,4,.250,2,6,8,2,0,1,3,2,1,-0.1,TaMiracle Taylor,https://www.sports-reference.com/cbb/players/tamiracle-taylor-1.html,prairie-view,2020-21
9,49,9,2021-02-01,Prairie View A&M,,Alabama State,REG (Conf),L 70-83,*,35,4,6,.667,2,3,.667,2,3,.667,.833,5,8,.625,0,4,4,3,2,0,2,3,15,13.3,TaMiracle Taylor,https://www.sports-reference.com/cbb/players/tamiracle-taylor-1.html,prairie-view,2020-21
10,50,10,2021-02-22,Prairie View A&M,,Arkansas–Pine Bluff,REG (Conf),W 70-58,*,34,4,9,.444,1,2,.500,3,7,.429,.500,3,5,.600,1,12,13,7,1,0,4,4,12,11.1,TaMiracle Taylor,https://www.sports-reference.com/cbb/players/tamiracle-taylor-1.html,prairie-view,2020-21
11,51,11,2021-02-23,Prairie View A&M,,Arkansas–Pine Bluff,REG (Conf),W 79-71 (OT),*,33,4,9,.444,2,6,.333,2,3,.667,.556,6,10,.600,2,2,4,3,4,0,4,2,16,13.0,TaMiracle Taylor,https://www.sports-reference.com/cbb/players/tamiracle-taylor-1.html,prairie-view,2020-21
12,52,12,2021-02-25,Prairie View A&M,,Mississippi Valley State,REG (Conf),L 57-61 (OT),*,42,8,16,.500,2,4,.500,6,12,.500,.563,2,3,.667,1,2,3,1,0,0,2,5,20,9.6,TaMiracle Taylor,https://www.sports-reference.com/cbb/players/tamiracle-taylor-1.html,prairie-view,2020-21
13,53,13,2021-02-27,Prairie View A&M,@,Alabama A&M,REG (Conf),L 51-74,*,29,3,5,.600,0,0,,3,5,.600,.600,0,0,,0,1,1,1,0,0,3,3,6,0.5,TaMiracle Taylor,https://www.sports-reference.com/cbb/players/tamiracle-taylor-1.html,prairie-view,2020-21
14,54,14,2021-03-01,Prairie View A&M,@,Alabama State,REG (Conf),L 53-77,*,39,3,7,.429,0,0,,3,7,.429,.429,2,4,.500,0,4,4,4,1,1,3,2,8,5.4,TaMiracle Taylor,https://www.sports-reference.com/cbb/players/tamiracle-taylor-1.html,prairie-view,2020-21
15,55,15,2021-03-04,Prairie View A&M,,Southern,REG (Conf),L 39-70,*,36,1,1,1.000,0,0,,1,1,1.000,1.000,2,2,1.000,0,4,4,2,0,0,6,4,4,-1.3,TaMiracle Taylor,https://www.sports-reference.com/cbb/players/tamiracle-taylor-1.html,prairie-view,2020-21
16,56,16,2021-03-06,Prairie View A&M,,Alcorn State,REG (Conf),L 53-57,*,11,0,0,,0,0,,0,0,,,0,0,,0,0,0,2,0,0,3,0,0,-1.6,TaMiracle Taylor,https://www.sports-reference.com/cbb/players/tamiracle-taylor-1.html,prairie-view,2020-21
