ranker,player_game_num_career,team_game_num_season,date,team_name_abbr,game_location,opp_name_abbr,game_type,game_result,is_starter,mp,fg,fga,fg_pct,fg3,fg3a,fg3_pct,fg2,fg2a,fg2_pct,efg_pct,ft,fta,ft_pct,orb,drb,trb,ast,stl,blk,tov,pf,pts,game_score,player_name,player_sr_link,school,season
1,1,3,2020-12-29,Prairie View A&M,,Houston Baptist,REG (Non-Conf),L 54-61,,20,3,5,.600,1,2,.500,2,3,.667,.700,0,0,,1,2,3,3,1,0,4,1,7,4.7,Tierra Tullis,https://www.sports-reference.com/cbb/players/tierra-tullis-1.html,prairie-view,2020-21
2,2,4,2021-01-02,Prairie View A&M,@,Southern,REG (Conf),L 44-51,,9,0,1,.000,0,0,,0,1,.000,.000,1,2,.500,0,1,1,0,1,0,1,0,1,0.2,Tierra Tullis,https://www.sports-reference.com/cbb/players/tierra-tullis-1.html,prairie-view,2020-21
3,3,5,2021-01-04,Prairie View A&M,@,Alcorn State,REG (Conf),L 48-55,,22,0,2,.000,0,0,,0,2,.000,.000,0,0,,0,3,3,4,1,0,3,1,0,-0.1,Tierra Tullis,https://www.sports-reference.com/cbb/players/tierra-tullis-1.html,prairie-view,2020-21
4,4,6,2021-01-11,Prairie View A&M,,Texas Southern,REG (Conf),L 76-79,,15,0,0,,0,0,,0,0,,,1,2,.500,1,1,2,2,0,0,3,0,1,0.0,Tierra Tullis,https://www.sports-reference.com/cbb/players/tierra-tullis-1.html,prairie-view,2020-21
5,5,7,2021-01-16,Prairie View A&M,,Jackson State,REG (Conf),L 45-63,,6,1,1,1.000,1,1,1.000,0,0,,1.500,0,0,,0,0,0,1,0,0,2,3,3,0.2,Tierra Tullis,https://www.sports-reference.com/cbb/players/tierra-tullis-1.html,prairie-view,2020-21
6,6,8,2021-01-18,Prairie View A&M,,Grambling State,REG (Conf),L 64-65,,16,1,1,1.000,0,0,,1,1,1.000,1.000,0,0,,0,0,0,3,0,0,1,3,2,1.6,Tierra Tullis,https://www.sports-reference.com/cbb/players/tierra-tullis-1.html,prairie-view,2020-21
7,7,10,2021-02-22,Prairie View A&M,,Arkansas–Pine Bluff,REG (Conf),W 70-58,,21,1,2,.500,0,1,.000,1,1,1.000,.500,2,2,1.000,2,2,4,4,2,0,2,0,4,7.8,Tierra Tullis,https://www.sports-reference.com/cbb/players/tierra-tullis-1.html,prairie-view,2020-21
8,8,11,2021-02-23,Prairie View A&M,,Arkansas–Pine Bluff,REG (Conf),W 79-71 (OT),,16,2,3,.667,0,0,,2,3,.667,.667,2,4,.500,1,2,3,3,0,0,1,1,6,5.9,Tierra Tullis,https://www.sports-reference.com/cbb/players/tierra-tullis-1.html,prairie-view,2020-21
9,9,12,2021-02-25,Prairie View A&M,,Mississippi Valley State,REG (Conf),L 57-61 (OT),,17,2,4,.500,1,1,1.000,1,3,.333,.625,0,0,,1,1,2,3,1,0,3,2,5,3.3,Tierra Tullis,https://www.sports-reference.com/cbb/players/tierra-tullis-1.html,prairie-view,2020-21
10,10,13,2021-02-27,Prairie View A&M,@,Alabama A&M,REG (Conf),L 51-74,,15,0,2,.000,0,0,,0,2,.000,.000,0,0,,1,4,5,2,1,1,1,0,0,2.6,Tierra Tullis,https://www.sports-reference.com/cbb/players/tierra-tullis-1.html,prairie-view,2020-21
