ranker,player_game_num_career,team_game_num_season,date,team_name_abbr,game_location,opp_name_abbr,game_type,game_result,is_starter,mp,fg,fga,fg_pct,fg3,fg3a,fg3_pct,fg2,fg2a,fg2_pct,efg_pct,ft,fta,ft_pct,orb,drb,trb,ast,stl,blk,tov,pf,pts,game_score,player_name,player_sr_link,school,season
1,1,1,2020-12-16,Prairie View A&M,,McNeese State,REG (Non-Conf),W 95-73,,25,7,9,.778,0,1,.000,7,8,.875,.778,1,5,.200,3,6,9,2,1,0,1,2,15,14.4,Tiffany Tullis,https://www.sports-reference.com/cbb/players/tiffany-tullis-1.html,prairie-view,2020-21
2,2,2,2020-12-19,Prairie View A&M,@,Texas–Rio Grande Valley,REG (Non-Conf),L 63-66,,11,1,3,.333,0,0,,1,3,.333,.333,0,0,,1,2,3,0,0,0,0,3,2,0.4,Tiffany Tullis,https://www.sports-reference.com/cbb/players/tiffany-tullis-1.html,prairie-view,2020-21
3,3,3,2020-12-29,Prairie View A&M,,Houston Baptist,REG (Non-Conf),L 54-61,*,20,3,6,.500,0,0,,3,6,.500,.500,1,4,.250,3,4,7,2,2,0,2,3,7,6.3,Tiffany Tullis,https://www.sports-reference.com/cbb/players/tiffany-tullis-1.html,prairie-view,2020-21
4,4,4,2021-01-02,Prairie View A&M,@,Southern,REG (Conf),L 44-51,,25,3,7,.429,0,1,.000,3,6,.500,.429,1,2,.500,3,2,5,2,1,0,1,2,7,6.2,Tiffany Tullis,https://www.sports-reference.com/cbb/players/tiffany-tullis-1.html,prairie-view,2020-21
5,5,5,2021-01-04,Prairie View A&M,@,Alcorn State,REG (Conf),L 48-55,,30,6,10,.600,0,0,,6,10,.600,.600,4,7,.571,3,7,10,1,4,0,2,1,16,16.7,Tiffany Tullis,https://www.sports-reference.com/cbb/players/tiffany-tullis-1.html,prairie-view,2020-21
6,6,6,2021-01-11,Prairie View A&M,,Texas Southern,REG (Conf),L 76-79,*,25,8,15,.533,0,0,,8,15,.533,.533,4,5,.800,3,5,8,0,2,1,3,1,20,15.2,Tiffany Tullis,https://www.sports-reference.com/cbb/players/tiffany-tullis-1.html,prairie-view,2020-21
7,7,7,2021-01-16,Prairie View A&M,,Jackson State,REG (Conf),L 45-63,*,31,5,9,.556,0,1,.000,5,8,.625,.556,1,5,.200,0,4,4,3,2,1,0,2,11,10.3,Tiffany Tullis,https://www.sports-reference.com/cbb/players/tiffany-tullis-1.html,prairie-view,2020-21
8,8,8,2021-01-18,Prairie View A&M,,Grambling State,REG (Conf),L 64-65,*,15,2,4,.500,0,0,,2,4,.500,.500,3,4,.750,0,1,1,0,2,0,2,4,7,3.3,Tiffany Tullis,https://www.sports-reference.com/cbb/players/tiffany-tullis-1.html,prairie-view,2020-21
9,9,9,2021-02-01,Prairie View A&M,,Alabama State,REG (Conf),L 70-83,,24,2,6,.333,0,0,,2,6,.333,.333,2,5,.400,6,6,12,0,0,1,4,0,6,4.1,Tiffany Tullis,https://www.sports-reference.com/cbb/players/tiffany-tullis-1.html,prairie-view,2020-21
10,10,10,2021-02-22,Prairie View A&M,,Arkansas–Pine Bluff,REG (Conf),W 70-58,,13,1,7,.143,0,0,,1,7,.143,.143,0,0,,2,1,3,1,1,0,0,2,2,0.1,Tiffany Tullis,https://www.sports-reference.com/cbb/players/tiffany-tullis-1.html,prairie-view,2020-21
11,11,11,2021-02-23,Prairie View A&M,,Arkansas–Pine Bluff,REG (Conf),W 79-71 (OT),,11,0,2,.000,0,0,,0,2,.000,.000,1,2,.500,0,1,1,0,0,1,0,2,1,-0.6,Tiffany Tullis,https://www.sports-reference.com/cbb/players/tiffany-tullis-1.html,prairie-view,2020-21
12,12,12,2021-02-25,Prairie View A&M,,Mississippi Valley State,REG (Conf),L 57-61 (OT),,16,0,3,.000,0,0,,0,3,.000,.000,0,0,,0,1,1,0,1,0,1,4,0,-3.4,Tiffany Tullis,https://www.sports-reference.com/cbb/players/tiffany-tullis-1.html,prairie-view,2020-21
13,13,13,2021-02-27,Prairie View A&M,@,Alabama A&M,REG (Conf),L 51-74,,17,0,4,.000,0,0,,0,4,.000,.000,0,0,,1,4,5,0,0,0,0,0,0,-0.9,Tiffany Tullis,https://www.sports-reference.com/cbb/players/tiffany-tullis-1.html,prairie-view,2020-21
14,14,14,2021-03-01,Prairie View A&M,@,Alabama State,REG (Conf),L 53-77,,19,0,4,.000,0,1,.000,0,3,.000,.000,1,2,.500,1,5,6,1,0,0,3,1,1,-2.7,Tiffany Tullis,https://www.sports-reference.com/cbb/players/tiffany-tullis-1.html,prairie-view,2020-21
15,15,15,2021-03-04,Prairie View A&M,,Southern,REG (Conf),L 39-70,,15,0,2,.000,0,0,,0,2,.000,.000,1,2,.500,1,1,2,0,0,0,1,1,1,-1.2,Tiffany Tullis,https://www.sports-reference.com/cbb/players/tiffany-tullis-1.html,prairie-view,2020-21
16,16,16,2021-03-06,Prairie View A&M,,Alcorn State,REG (Conf),L 53-57,*,34,3,9,.333,0,1,.000,3,8,.375,.333,2,6,.333,8,4,12,1,1,0,2,1,8,7.4,Tiffany Tullis,https://www.sports-reference.com/cbb/players/tiffany-tullis-1.html,prairie-view,2020-21
