ranker,player_game_num_career,team_game_num_season,date,team_name_abbr,game_location,opp_name_abbr,game_type,game_result,is_starter,mp,fg,fga,fg_pct,fg3,fg3a,fg2,fg2a,fg2_pct,efg_pct,ft,fta,orb,drb,trb,ast,stl,blk,tov,pf,pts,game_score,player_name,player_sr_link,school,season
1,1,1,2020-12-16,Prairie View A&M,,McNeese State,REG (Non-Conf),W 95-73,,8,3,4,.750,0,0,3,4,.750,.750,0,0,0,1,1,0,0,2,0,5,6,4.1,Trinity Hudson,https://www.sports-reference.com/cbb/players/trinity-hudson-1.html,prairie-view,2020-21
2,2,2,2020-12-19,Prairie View A&M,@,Texas–Rio Grande Valley,REG (Non-Conf),L 63-66,,6,0,0,,0,0,0,0,,,0,0,0,2,2,1,0,0,0,1,0,0.9,Trinity Hudson,https://www.sports-reference.com/cbb/players/trinity-hudson-1.html,prairie-view,2020-21
3,3,3,2020-12-29,Prairie View A&M,,Houston Baptist,REG (Non-Conf),L 54-61,,1,0,0,,0,0,0,0,,,0,0,0,0,0,0,0,0,0,0,0,0.0,Trinity Hudson,https://www.sports-reference.com/cbb/players/trinity-hudson-1.html,prairie-view,2020-21
4,4,4,2021-01-02,Prairie View A&M,@,Southern,REG (Conf),L 44-51,,0,0,0,,0,0,0,0,,,0,0,0,0,0,0,0,0,0,0,0,0.0,Trinity Hudson,https://www.sports-reference.com/cbb/players/trinity-hudson-1.html,prairie-view,2020-21
5,5,5,2021-01-04,Prairie View A&M,@,Alcorn State,REG (Conf),L 48-55,,3,0,1,.000,0,0,0,1,.000,.000,0,0,1,1,2,0,0,1,2,2,0,-1.8,Trinity Hudson,https://www.sports-reference.com/cbb/players/trinity-hudson-1.html,prairie-view,2020-21
6,6,7,2021-01-16,Prairie View A&M,,Jackson State,REG (Conf),L 45-63,,8,0,0,,0,0,0,0,,,0,0,0,3,3,0,0,1,0,3,0,0.4,Trinity Hudson,https://www.sports-reference.com/cbb/players/trinity-hudson-1.html,prairie-view,2020-21
7,7,9,2021-02-01,Prairie View A&M,,Alabama State,REG (Conf),L 70-83,,7,0,1,.000,0,0,0,1,.000,.000,0,0,0,0,0,0,0,1,0,2,0,-0.8,Trinity Hudson,https://www.sports-reference.com/cbb/players/trinity-hudson-1.html,prairie-view,2020-21
8,8,10,2021-02-22,Prairie View A&M,,Arkansas–Pine Bluff,REG (Conf),W 70-58,,4,0,0,,0,0,0,0,,,0,0,0,1,1,1,0,0,1,2,0,-0.8,Trinity Hudson,https://www.sports-reference.com/cbb/players/trinity-hudson-1.html,prairie-view,2020-21
9,9,13,2021-02-27,Prairie View A&M,@,Alabama A&M,REG (Conf),L 51-74,,9,2,3,.667,0,0,2,3,.667,.667,0,0,3,1,4,0,0,0,2,1,4,2.7,Trinity Hudson,https://www.sports-reference.com/cbb/players/trinity-hudson-1.html,prairie-view,2020-21
10,10,14,2021-03-01,Prairie View A&M,@,Alabama State,REG (Conf),L 53-77,*,27,0,2,.000,0,0,0,2,.000,.000,0,0,2,6,8,0,0,2,1,5,0,0.2,Trinity Hudson,https://www.sports-reference.com/cbb/players/trinity-hudson-1.html,prairie-view,2020-21
11,11,15,2021-03-04,Prairie View A&M,,Southern,REG (Conf),L 39-70,*,10,0,0,,0,0,0,0,,,0,0,0,4,4,0,2,0,3,5,0,-1.8,Trinity Hudson,https://www.sports-reference.com/cbb/players/trinity-hudson-1.html,prairie-view,2020-21
12,12,16,2021-03-06,Prairie View A&M,,Alcorn State,REG (Conf),L 53-57,,15,0,0,,0,0,0,0,,,0,0,0,4,4,0,0,2,1,3,0,0.4,Trinity Hudson,https://www.sports-reference.com/cbb/players/trinity-hudson-1.html,prairie-view,2020-21
