ranker,player_game_num_career,team_game_num_season,date,team_name_abbr,game_location,opp_name_abbr,game_type,game_result,is_starter,mp,fg,fga,fg_pct,fg3,fg3a,fg3_pct,fg2,fg2a,fg2_pct,efg_pct,ft,fta,ft_pct,orb,drb,trb,ast,stl,blk,tov,pf,pts,game_score,player_name,player_sr_link,school,season
1,1,1,2018-11-09,Louisiana–Monroe,@,SMU,REG (Non-Conf),L 38-49,*,26,1,8,.125,1,7,.143,0,1,.000,.188,1,2,.500,2,4,6,0,3,0,3,4,4,-0.6,Amber Thompson,https://www.sports-reference.com/cbb/players/amber-thompson-2.html,louisiana-monroe,2018-19
2,2,2,2018-11-11,Louisiana–Monroe,@,Texas Tech,REG (Non-Conf),L 42-86,*,33,2,5,.400,1,3,.333,1,2,.500,.500,0,0,,0,4,4,0,0,0,3,4,5,-1.1,Amber Thompson,https://www.sports-reference.com/cbb/players/amber-thompson-2.html,louisiana-monroe,2018-19
3,3,3,2018-11-15,Louisiana–Monroe,,LSU-Alexandria,REG (Non-Conf),W 93-62,*,24,6,11,.545,2,4,.500,4,7,.571,.636,3,4,.750,1,4,5,6,1,2,3,2,17,16.0,Amber Thompson,https://www.sports-reference.com/cbb/players/amber-thompson-2.html,louisiana-monroe,2018-19
4,4,4,2018-11-18,Louisiana–Monroe,,McNeese State,REG (Non-Conf),W 69-60,*,21,2,7,.286,1,3,.333,1,4,.250,.357,1,2,.500,3,1,4,0,0,1,2,5,6,0.6,Amber Thompson,https://www.sports-reference.com/cbb/players/amber-thompson-2.html,louisiana-monroe,2018-19
5,5,5,2018-11-25,Louisiana–Monroe,@,New Orleans,REG (Non-Conf),W 57-44,*,28,1,7,.143,0,4,.000,1,3,.333,.143,4,4,1.000,0,2,2,3,3,0,2,2,6,4.4,Amber Thompson,https://www.sports-reference.com/cbb/players/amber-thompson-2.html,louisiana-monroe,2018-19
6,6,6,2018-12-02,Louisiana–Monroe,@,Northwestern State,REG (Non-Conf),W 63-55,*,28,3,6,.500,3,5,.600,0,1,.000,.750,0,2,.000,2,3,5,2,3,0,8,5,9,1.9,Amber Thompson,https://www.sports-reference.com/cbb/players/amber-thompson-2.html,louisiana-monroe,2018-19
7,7,7,2018-12-09,Louisiana–Monroe,,Mississippi Valley State,REG (Non-Conf),W 72-65,*,12,3,6,.500,2,4,.500,1,2,.500,.667,2,3,.667,1,1,2,0,1,0,3,4,10,4.0,Amber Thompson,https://www.sports-reference.com/cbb/players/amber-thompson-2.html,louisiana-monroe,2018-19
8,8,8,2018-12-14,Louisiana–Monroe,,Nicholls State,REG (Non-Conf),L 54-55,*,30,5,12,.417,2,6,.333,3,6,.500,.500,0,0,,4,4,8,0,0,0,4,3,12,4.4,Amber Thompson,https://www.sports-reference.com/cbb/players/amber-thompson-2.html,louisiana-monroe,2018-19
9,9,9,2018-12-17,Louisiana–Monroe,@,Southeastern Louisiana,REG (Non-Conf),L 42-49,*,23,0,5,.000,0,3,.000,0,2,.000,.000,2,2,1.000,3,3,6,0,0,0,3,3,2,-2.7,Amber Thompson,https://www.sports-reference.com/cbb/players/amber-thompson-2.html,louisiana-monroe,2018-19
10,10,10,2018-12-19,Louisiana–Monroe,@,Houston Baptist,REG (Non-Conf),L 60-68,,24,1,12,.083,0,3,.000,1,9,.111,.083,2,2,1.000,3,2,5,1,0,0,1,4,4,-3.2,Amber Thompson,https://www.sports-reference.com/cbb/players/amber-thompson-2.html,louisiana-monroe,2018-19
11,11,11,2018-12-30,Louisiana–Monroe,,Ark-Monticello,REG (Non-Conf),W 70-39,*,26,7,14,.500,2,7,.286,5,7,.714,.571,1,3,.333,6,3,9,3,2,0,1,1,17,17.0,Amber Thompson,https://www.sports-reference.com/cbb/players/amber-thompson-2.html,louisiana-monroe,2018-19
12,12,12,2019-01-03,Louisiana–Monroe,@,Little Rock,REG (Conf),L 44-63,*,28,1,5,.200,1,4,.250,0,1,.000,.300,2,2,1.000,1,0,1,1,0,0,4,1,5,-1.1,Amber Thompson,https://www.sports-reference.com/cbb/players/amber-thompson-2.html,louisiana-monroe,2018-19
13,13,13,2019-01-05,Louisiana–Monroe,@,Arkansas State,REG (Conf),L 54-64,*,33,4,11,.364,2,8,.250,2,3,.667,.455,2,2,1.000,1,4,5,0,2,0,3,5,12,4.8,Amber Thompson,https://www.sports-reference.com/cbb/players/amber-thompson-2.html,louisiana-monroe,2018-19
14,14,14,2019-01-10,Louisiana–Monroe,,Georgia Southern,REG (Conf),W 58-57,*,23,5,9,.556,2,6,.333,3,3,1.000,.667,0,0,,0,3,3,1,1,0,0,1,12,9.9,Amber Thompson,https://www.sports-reference.com/cbb/players/amber-thompson-2.html,louisiana-monroe,2018-19
15,15,15,2019-01-12,Louisiana–Monroe,,Georgia State,REG (Conf),L 41-56,*,16,0,2,.000,0,1,.000,0,1,.000,.000,0,0,,0,0,0,1,0,0,3,1,0,-4.1,Amber Thompson,https://www.sports-reference.com/cbb/players/amber-thompson-2.html,louisiana-monroe,2018-19
16,16,16,2019-01-19,Louisiana–Monroe,@,Louisiana,REG (Conf),L 45-52,,19,1,6,.167,0,3,.000,1,3,.333,.167,0,0,,0,2,2,0,0,0,2,3,2,-4.4,Amber Thompson,https://www.sports-reference.com/cbb/players/amber-thompson-2.html,louisiana-monroe,2018-19
17,17,17,2019-01-24,Louisiana–Monroe,@,Troy,REG (Conf),L 56-78,,23,1,4,.250,1,3,.333,0,1,.000,.375,0,0,,1,1,2,2,5,0,2,4,3,4.4,Amber Thompson,https://www.sports-reference.com/cbb/players/amber-thompson-2.html,louisiana-monroe,2018-19
18,18,18,2019-01-26,Louisiana–Monroe,@,South Alabama,REG (Conf),L 49-77,,23,2,7,.286,2,6,.333,0,1,.000,.429,0,0,,0,1,1,1,1,0,3,2,6,0.1,Amber Thompson,https://www.sports-reference.com/cbb/players/amber-thompson-2.html,louisiana-monroe,2018-19
19,19,19,2019-01-31,Louisiana–Monroe,,Coastal Carolina,REG (Conf),L 54-79,,29,3,8,.375,3,7,.429,0,1,.000,.563,0,0,,1,0,1,0,0,1,1,2,9,4.2,Amber Thompson,https://www.sports-reference.com/cbb/players/amber-thompson-2.html,louisiana-monroe,2018-19
20,20,20,2019-02-02,Louisiana–Monroe,,Appalachian State,REG (Conf),L 58-80,*,27,4,9,.444,2,4,.500,2,5,.400,.556,0,0,,2,3,5,1,1,1,2,0,10,8.0,Amber Thompson,https://www.sports-reference.com/cbb/players/amber-thompson-2.html,louisiana-monroe,2018-19
21,21,21,2019-02-07,Louisiana–Monroe,@,Georgia State,REG (Conf),L 46-68,*,26,4,10,.400,2,7,.286,2,3,.667,.500,1,2,.500,0,3,3,1,0,0,2,3,11,3.6,Amber Thompson,https://www.sports-reference.com/cbb/players/amber-thompson-2.html,louisiana-monroe,2018-19
22,22,22,2019-02-09,Louisiana–Monroe,@,Georgia Southern,REG (Conf),W 80-62,*,31,4,8,.500,4,6,.667,0,2,.000,.750,0,0,,1,2,3,0,2,1,1,3,12,9.8,Amber Thompson,https://www.sports-reference.com/cbb/players/amber-thompson-2.html,louisiana-monroe,2018-19
23,23,23,2019-02-16,Louisiana–Monroe,,Louisiana,REG (Conf),L 52-55,*,27,2,10,.200,2,7,.286,0,3,.000,.300,0,0,,3,6,9,1,1,0,3,5,6,0.4,Amber Thompson,https://www.sports-reference.com/cbb/players/amber-thompson-2.html,louisiana-monroe,2018-19
24,24,24,2019-02-21,Louisiana–Monroe,,Texas State,REG (Conf),L 51-62,*,28,3,9,.333,2,6,.333,1,3,.333,.444,0,0,,3,3,6,0,0,1,1,4,8,4.0,Amber Thompson,https://www.sports-reference.com/cbb/players/amber-thompson-2.html,louisiana-monroe,2018-19
25,25,25,2019-02-23,Louisiana–Monroe,,UT Arlington,REG (Conf),L 56-60 (OT),,38,3,10,.300,0,5,.000,3,5,.600,.300,1,3,.333,0,3,3,3,1,1,1,3,7,2.9,Amber Thompson,https://www.sports-reference.com/cbb/players/amber-thompson-2.html,louisiana-monroe,2018-19
26,26,26,2019-02-28,Louisiana–Monroe,@,Appalachian State,REG (Conf),L 51-56,*,30,2,10,.200,0,4,.000,2,6,.333,.200,1,2,.500,2,3,5,2,2,0,2,2,5,1.3,Amber Thompson,https://www.sports-reference.com/cbb/players/amber-thompson-2.html,louisiana-monroe,2018-19
27,27,27,2019-03-02,Louisiana–Monroe,@,Coastal Carolina,REG (Conf),W 60-57,*,18,4,7,.571,1,3,.333,3,4,.750,.643,0,1,.000,1,3,4,2,2,0,2,3,9,7.1,Amber Thompson,https://www.sports-reference.com/cbb/players/amber-thompson-2.html,louisiana-monroe,2018-19
28,28,28,2019-03-07,Louisiana–Monroe,,Arkansas State,REG (Conf),W 65-53,*,36,5,11,.455,3,6,.500,2,5,.400,.591,3,5,.600,2,3,5,1,1,0,3,2,16,9.7,Amber Thompson,https://www.sports-reference.com/cbb/players/amber-thompson-2.html,louisiana-monroe,2018-19
29,29,29,2019-03-09,Louisiana–Monroe,,Little Rock,REG (Conf),L 38-57,,20,1,5,.200,0,3,.000,1,2,.500,.200,0,2,.000,0,0,0,0,0,0,1,1,2,-3.3,Amber Thompson,https://www.sports-reference.com/cbb/players/amber-thompson-2.html,louisiana-monroe,2018-19
