ranker,player_game_num_career,team_game_num_season,date,team_name_abbr,game_location,opp_name_abbr,game_type,game_result,is_starter,mp,fg,fga,fg_pct,fg3,fg3a,fg3_pct,fg2,fg2a,fg2_pct,efg_pct,ft,fta,ft_pct,orb,drb,trb,ast,stl,blk,tov,pf,pts,game_score,player_name,player_sr_link,school,season
1,31,1,2018-11-09,Louisiana–Monroe,@,SMU,REG (Non-Conf),L 38-49,*,40,2,11,.182,0,0,,2,11,.182,.182,3,3,1.000,2,2,4,1,1,2,6,2,7,-1.6,Arsula Clark,https://www.sports-reference.com/cbb/players/arsula-clark-1.html,louisiana-monroe,2018-19
2,32,2,2018-11-11,Louisiana–Monroe,@,Texas Tech,REG (Non-Conf),L 42-86,*,31,3,8,.375,0,1,.000,3,7,.429,.375,1,6,.167,3,9,12,3,0,0,5,0,7,2.5,Arsula Clark,https://www.sports-reference.com/cbb/players/arsula-clark-1.html,louisiana-monroe,2018-19
3,33,4,2018-11-18,Louisiana–Monroe,,McNeese State,REG (Non-Conf),W 69-60,,32,10,17,.588,0,0,,10,17,.588,.588,7,11,.636,2,2,4,2,1,1,1,3,27,20.4,Arsula Clark,https://www.sports-reference.com/cbb/players/arsula-clark-1.html,louisiana-monroe,2018-19
4,34,5,2018-11-25,Louisiana–Monroe,@,New Orleans,REG (Non-Conf),W 57-44,*,29,8,12,.667,0,0,,8,12,.667,.667,5,6,.833,2,2,4,0,0,0,6,2,21,10.6,Arsula Clark,https://www.sports-reference.com/cbb/players/arsula-clark-1.html,louisiana-monroe,2018-19
5,35,6,2018-12-02,Louisiana–Monroe,@,Northwestern State,REG (Non-Conf),W 63-55,*,5,0,1,.000,0,0,,0,1,.000,.000,0,0,,0,1,1,1,0,0,1,0,0,-0.7,Arsula Clark,https://www.sports-reference.com/cbb/players/arsula-clark-1.html,louisiana-monroe,2018-19
6,36,7,2018-12-09,Louisiana–Monroe,,Mississippi Valley State,REG (Non-Conf),W 72-65,*,34,5,13,.385,0,0,,5,13,.385,.385,6,8,.750,2,6,8,4,0,1,2,2,16,12.0,Arsula Clark,https://www.sports-reference.com/cbb/players/arsula-clark-1.html,louisiana-monroe,2018-19
7,37,8,2018-12-14,Louisiana–Monroe,,Nicholls State,REG (Non-Conf),L 54-55,*,33,2,7,.286,0,0,,2,7,.286,.286,12,14,.857,3,5,8,1,0,2,4,4,16,11.2,Arsula Clark,https://www.sports-reference.com/cbb/players/arsula-clark-1.html,louisiana-monroe,2018-19
8,38,9,2018-12-17,Louisiana–Monroe,@,Southeastern Louisiana,REG (Non-Conf),L 42-49,*,37,2,10,.200,0,0,,2,10,.200,.200,4,7,.571,2,5,7,1,0,0,5,2,8,-1.6,Arsula Clark,https://www.sports-reference.com/cbb/players/arsula-clark-1.html,louisiana-monroe,2018-19
9,39,10,2018-12-19,Louisiana–Monroe,@,Houston Baptist,REG (Non-Conf),L 60-68,*,38,7,24,.292,0,0,,7,24,.292,.292,8,14,.571,6,6,12,1,4,1,0,2,22,16.2,Arsula Clark,https://www.sports-reference.com/cbb/players/arsula-clark-1.html,louisiana-monroe,2018-19
10,40,11,2018-12-30,Louisiana–Monroe,,Ark-Monticello,REG (Non-Conf),W 70-39,,16,3,5,.600,0,0,,3,5,.600,.600,3,4,.750,4,2,6,0,1,0,2,3,9,7.5,Arsula Clark,https://www.sports-reference.com/cbb/players/arsula-clark-1.html,louisiana-monroe,2018-19
11,41,12,2019-01-03,Louisiana–Monroe,@,Little Rock,REG (Conf),L 44-63,*,31,2,9,.222,0,0,,2,9,.222,.222,3,6,.500,2,3,5,1,0,0,3,1,7,-0.1,Arsula Clark,https://www.sports-reference.com/cbb/players/arsula-clark-1.html,louisiana-monroe,2018-19
12,42,13,2019-01-05,Louisiana–Monroe,@,Arkansas State,REG (Conf),L 54-64,*,37,8,16,.500,0,0,,8,16,.500,.500,2,2,1.000,6,6,12,4,0,0,5,0,18,13.8,Arsula Clark,https://www.sports-reference.com/cbb/players/arsula-clark-1.html,louisiana-monroe,2018-19
13,43,14,2019-01-10,Louisiana–Monroe,,Georgia Southern,REG (Conf),W 58-57,*,38,4,12,.333,0,0,,4,12,.333,.333,0,0,,6,0,6,5,2,0,3,1,8,7.5,Arsula Clark,https://www.sports-reference.com/cbb/players/arsula-clark-1.html,louisiana-monroe,2018-19
14,44,15,2019-01-12,Louisiana–Monroe,,Georgia State,REG (Conf),L 41-56,*,30,6,15,.400,0,1,.000,6,14,.429,.400,4,5,.800,3,6,9,1,2,0,2,5,16,10.1,Arsula Clark,https://www.sports-reference.com/cbb/players/arsula-clark-1.html,louisiana-monroe,2018-19
15,45,16,2019-01-19,Louisiana–Monroe,@,Louisiana,REG (Conf),L 45-52,*,35,7,17,.412,0,0,,7,17,.412,.412,2,3,.667,6,5,11,1,1,0,4,4,16,8.3,Arsula Clark,https://www.sports-reference.com/cbb/players/arsula-clark-1.html,louisiana-monroe,2018-19
16,46,17,2019-01-24,Louisiana–Monroe,@,Troy,REG (Conf),L 56-78,*,32,6,15,.400,0,0,,6,15,.400,.400,8,13,.615,2,7,9,2,1,0,5,1,20,10.4,Arsula Clark,https://www.sports-reference.com/cbb/players/arsula-clark-1.html,louisiana-monroe,2018-19
17,47,18,2019-01-26,Louisiana–Monroe,@,South Alabama,REG (Conf),L 49-77,*,35,6,15,.400,0,1,.000,6,14,.429,.400,4,5,.800,2,5,7,3,2,0,4,0,16,10.5,Arsula Clark,https://www.sports-reference.com/cbb/players/arsula-clark-1.html,louisiana-monroe,2018-19
18,48,19,2019-01-31,Louisiana–Monroe,,Coastal Carolina,REG (Conf),L 54-79,*,32,6,17,.353,0,0,,6,17,.353,.353,1,3,.333,2,5,7,2,0,0,3,2,13,3.2,Arsula Clark,https://www.sports-reference.com/cbb/players/arsula-clark-1.html,louisiana-monroe,2018-19
19,49,20,2019-02-02,Louisiana–Monroe,,Appalachian State,REG (Conf),L 58-80,,26,6,13,.462,0,0,,6,13,.462,.462,1,5,.200,2,4,6,1,1,2,6,1,13,4.0,Arsula Clark,https://www.sports-reference.com/cbb/players/arsula-clark-1.html,louisiana-monroe,2018-19
20,50,21,2019-02-07,Louisiana–Monroe,@,Georgia State,REG (Conf),L 46-68,*,32,3,6,.500,0,0,,3,6,.500,.500,7,10,.700,4,4,8,0,1,1,5,3,13,8.3,Arsula Clark,https://www.sports-reference.com/cbb/players/arsula-clark-1.html,louisiana-monroe,2018-19
21,51,22,2019-02-09,Louisiana–Monroe,@,Georgia Southern,REG (Conf),W 80-62,*,25,3,6,.500,0,0,,3,6,.500,.500,4,6,.667,0,4,4,2,0,1,3,4,10,4.9,Arsula Clark,https://www.sports-reference.com/cbb/players/arsula-clark-1.html,louisiana-monroe,2018-19
22,52,23,2019-02-16,Louisiana–Monroe,,Louisiana,REG (Conf),L 52-55,*,40,7,17,.412,0,0,,7,17,.412,.412,2,5,.400,5,5,10,2,3,2,3,3,16,12.3,Arsula Clark,https://www.sports-reference.com/cbb/players/arsula-clark-1.html,louisiana-monroe,2018-19
23,53,24,2019-02-21,Louisiana–Monroe,,Texas State,REG (Conf),L 51-62,*,38,3,9,.333,0,0,,3,9,.333,.333,2,2,1.000,3,2,5,2,1,1,6,3,8,1.5,Arsula Clark,https://www.sports-reference.com/cbb/players/arsula-clark-1.html,louisiana-monroe,2018-19
24,54,25,2019-02-23,Louisiana–Monroe,,UT Arlington,REG (Conf),L 56-60 (OT),*,45,5,17,.294,0,2,.000,5,15,.333,.294,6,9,.667,2,7,9,1,3,0,3,2,16,8.3,Arsula Clark,https://www.sports-reference.com/cbb/players/arsula-clark-1.html,louisiana-monroe,2018-19
25,55,26,2019-02-28,Louisiana–Monroe,@,Appalachian State,REG (Conf),L 51-56,*,40,8,21,.381,0,0,,8,21,.381,.381,0,0,,3,3,6,3,3,0,2,2,16,9.8,Arsula Clark,https://www.sports-reference.com/cbb/players/arsula-clark-1.html,louisiana-monroe,2018-19
26,56,27,2019-03-02,Louisiana–Monroe,@,Coastal Carolina,REG (Conf),W 60-57,*,37,5,10,.500,0,0,,5,10,.500,.500,8,10,.800,0,5,5,7,5,0,6,0,18,17.6,Arsula Clark,https://www.sports-reference.com/cbb/players/arsula-clark-1.html,louisiana-monroe,2018-19
27,57,28,2019-03-07,Louisiana–Monroe,,Arkansas State,REG (Conf),W 65-53,*,37,11,21,.524,0,0,,11,21,.524,.524,11,13,.846,6,8,14,4,3,1,3,1,33,31.6,Arsula Clark,https://www.sports-reference.com/cbb/players/arsula-clark-1.html,louisiana-monroe,2018-19
28,58,29,2019-03-09,Louisiana–Monroe,,Little Rock,REG (Conf),L 38-57,*,32,4,10,.400,0,0,,4,10,.400,.400,0,0,,2,2,4,2,1,0,4,1,8,2.6,Arsula Clark,https://www.sports-reference.com/cbb/players/arsula-clark-1.html,louisiana-monroe,2018-19
