ranker,player_game_num_career,team_game_num_season,date,team_name_abbr,game_location,opp_name_abbr,game_type,game_result,is_starter,mp,fg,fga,fg_pct,fg3,fg3a,fg2,fg2a,fg2_pct,efg_pct,ft,fta,ft_pct,orb,drb,trb,ast,stl,blk,tov,pf,pts,game_score,player_name,player_sr_link,school,season
1,1,2,2018-11-11,Louisiana–Monroe,@,Texas Tech,REG (Non-Conf),L 42-86,,6,1,4,.250,0,0,1,4,.250,.250,2,2,1.000,0,1,1,0,0,1,0,1,4,2.2,Breauna DeLon,https://www.sports-reference.com/cbb/players/breauna-delon-1.html,louisiana-monroe,2018-19
2,2,3,2018-11-15,Louisiana–Monroe,,LSU-Alexandria,REG (Non-Conf),W 93-62,,9,1,3,.333,0,0,1,3,.333,.333,0,0,,1,1,2,0,1,0,0,2,2,1.5,Breauna DeLon,https://www.sports-reference.com/cbb/players/breauna-delon-1.html,louisiana-monroe,2018-19
3,3,5,2018-11-25,Louisiana–Monroe,@,New Orleans,REG (Non-Conf),W 57-44,,1,0,1,.000,0,0,0,1,.000,.000,0,0,,0,0,0,0,0,0,0,1,0,-1.1,Breauna DeLon,https://www.sports-reference.com/cbb/players/breauna-delon-1.html,louisiana-monroe,2018-19
4,4,11,2018-12-30,Louisiana–Monroe,,Ark-Monticello,REG (Non-Conf),W 70-39,,10,2,4,.500,0,0,2,4,.500,.500,0,0,,3,1,4,1,0,1,0,1,4,5.4,Breauna DeLon,https://www.sports-reference.com/cbb/players/breauna-delon-1.html,louisiana-monroe,2018-19
5,5,17,2019-01-24,Louisiana–Monroe,@,Troy,REG (Conf),L 56-78,,4,0,1,.000,0,0,0,1,.000,.000,0,0,,0,0,0,0,0,0,0,1,0,-1.1,Breauna DeLon,https://www.sports-reference.com/cbb/players/breauna-delon-1.html,louisiana-monroe,2018-19
6,6,18,2019-01-26,Louisiana–Monroe,@,South Alabama,REG (Conf),L 49-77,,2,0,0,,0,0,0,0,,,0,0,,0,0,0,0,0,0,0,1,0,-0.4,Breauna DeLon,https://www.sports-reference.com/cbb/players/breauna-delon-1.html,louisiana-monroe,2018-19
7,7,19,2019-01-31,Louisiana–Monroe,,Coastal Carolina,REG (Conf),L 54-79,,4,0,0,,0,0,0,0,,,0,0,,0,0,0,0,0,0,0,1,0,-0.4,Breauna DeLon,https://www.sports-reference.com/cbb/players/breauna-delon-1.html,louisiana-monroe,2018-19
8,8,20,2019-02-02,Louisiana–Monroe,,Appalachian State,REG (Conf),L 58-80,,2,0,2,.000,0,0,0,2,.000,.000,0,0,,0,0,0,0,0,0,0,2,0,-2.2,Breauna DeLon,https://www.sports-reference.com/cbb/players/breauna-delon-1.html,louisiana-monroe,2018-19
9,9,21,2019-02-07,Louisiana–Monroe,@,Georgia State,REG (Conf),L 46-68,,4,0,0,,0,0,0,0,,,0,0,,0,0,0,0,0,0,2,0,0,-2.0,Breauna DeLon,https://www.sports-reference.com/cbb/players/breauna-delon-1.html,louisiana-monroe,2018-19
10,10,29,2019-03-09,Louisiana–Monroe,,Little Rock,REG (Conf),L 38-57,,3,0,0,,0,0,0,0,,,0,0,,0,0,0,0,0,1,0,0,0,0.7,Breauna DeLon,https://www.sports-reference.com/cbb/players/breauna-delon-1.html,louisiana-monroe,2018-19
