ranker,player_game_num_career,team_game_num_season,date,team_name_abbr,game_location,opp_name_abbr,game_type,game_result,is_starter,mp,fg,fga,fg_pct,fg3,fg3a,fg3_pct,fg2,fg2a,fg2_pct,efg_pct,ft,fta,ft_pct,orb,drb,trb,ast,stl,blk,tov,pf,pts,game_score,player_name,player_sr_link,school,season
1,54,1,2018-11-09,Louisiana–Monroe,@,SMU,REG (Non-Conf),L 38-49,,20,1,5,.200,1,2,.500,0,3,.000,.300,0,0,,1,0,1,2,1,0,3,0,3,0.0,Destini Lunsford,https://www.sports-reference.com/cbb/players/destini-lunsford-1.html,louisiana-monroe,2018-19
2,55,2,2018-11-11,Louisiana–Monroe,@,Texas Tech,REG (Non-Conf),L 42-86,,16,1,1,1.000,1,1,1.000,0,0,,1.500,0,0,,0,0,0,1,0,0,4,2,3,-1.4,Destini Lunsford,https://www.sports-reference.com/cbb/players/destini-lunsford-1.html,louisiana-monroe,2018-19
3,56,3,2018-11-15,Louisiana–Monroe,,LSU-Alexandria,REG (Non-Conf),W 93-62,*,35,3,5,.600,2,4,.500,1,1,1.000,.800,4,7,.571,2,3,5,5,0,0,0,1,12,13.9,Destini Lunsford,https://www.sports-reference.com/cbb/players/destini-lunsford-1.html,louisiana-monroe,2018-19
4,57,4,2018-11-18,Louisiana–Monroe,,McNeese State,REG (Non-Conf),W 69-60,*,31,4,6,.667,3,3,1.000,1,3,.333,.917,2,2,1.000,0,2,2,1,0,0,0,2,13,10.9,Destini Lunsford,https://www.sports-reference.com/cbb/players/destini-lunsford-1.html,louisiana-monroe,2018-19
5,58,5,2018-11-25,Louisiana–Monroe,@,New Orleans,REG (Non-Conf),W 57-44,*,31,4,9,.444,3,6,.500,1,3,.333,.611,5,6,.833,0,5,5,2,1,0,1,1,16,13.4,Destini Lunsford,https://www.sports-reference.com/cbb/players/destini-lunsford-1.html,louisiana-monroe,2018-19
6,59,6,2018-12-02,Louisiana–Monroe,@,Northwestern State,REG (Non-Conf),W 63-55,*,36,9,13,.692,5,9,.556,4,4,1.000,.885,1,2,.500,0,5,5,0,2,0,4,0,24,17.6,Destini Lunsford,https://www.sports-reference.com/cbb/players/destini-lunsford-1.html,louisiana-monroe,2018-19
7,60,7,2018-12-09,Louisiana–Monroe,,Mississippi Valley State,REG (Non-Conf),W 72-65,*,34,2,10,.200,2,8,.250,0,2,.000,.300,4,6,.667,0,7,7,2,0,0,2,0,10,4.5,Destini Lunsford,https://www.sports-reference.com/cbb/players/destini-lunsford-1.html,louisiana-monroe,2018-19
8,61,8,2018-12-14,Louisiana–Monroe,,Nicholls State,REG (Non-Conf),L 54-55,*,16,0,3,.000,0,2,.000,0,1,.000,.000,0,0,,1,1,2,1,0,0,1,2,0,-2.2,Destini Lunsford,https://www.sports-reference.com/cbb/players/destini-lunsford-1.html,louisiana-monroe,2018-19
9,62,9,2018-12-17,Louisiana–Monroe,@,Southeastern Louisiana,REG (Non-Conf),L 42-49,*,26,1,5,.200,1,5,.200,0,0,,.300,0,0,,0,3,3,0,0,0,2,0,3,-1.2,Destini Lunsford,https://www.sports-reference.com/cbb/players/destini-lunsford-1.html,louisiana-monroe,2018-19
10,63,10,2018-12-19,Louisiana–Monroe,@,Houston Baptist,REG (Non-Conf),L 60-68,,13,0,2,.000,0,2,.000,0,0,,.000,0,0,,0,0,0,1,0,0,0,0,0,-0.7,Destini Lunsford,https://www.sports-reference.com/cbb/players/destini-lunsford-1.html,louisiana-monroe,2018-19
11,64,11,2018-12-30,Louisiana–Monroe,,Ark-Monticello,REG (Non-Conf),W 70-39,*,23,0,6,.000,0,4,.000,0,2,.000,.000,0,0,,0,3,3,3,1,0,2,1,0,-2.6,Destini Lunsford,https://www.sports-reference.com/cbb/players/destini-lunsford-1.html,louisiana-monroe,2018-19
12,65,12,2019-01-03,Louisiana–Monroe,@,Little Rock,REG (Conf),L 44-63,,19,1,2,.500,1,1,1.000,0,1,.000,.750,0,0,,0,1,1,2,1,0,0,1,3,4.3,Destini Lunsford,https://www.sports-reference.com/cbb/players/destini-lunsford-1.html,louisiana-monroe,2018-19
13,66,13,2019-01-05,Louisiana–Monroe,@,Arkansas State,REG (Conf),L 54-64,,12,1,3,.333,1,3,.333,0,0,,.500,0,0,,0,0,0,0,1,0,0,2,3,1.5,Destini Lunsford,https://www.sports-reference.com/cbb/players/destini-lunsford-1.html,louisiana-monroe,2018-19
14,67,14,2019-01-10,Louisiana–Monroe,,Georgia Southern,REG (Conf),W 58-57,,14,0,5,.000,0,4,.000,0,1,.000,.000,0,0,,0,2,2,3,0,0,0,1,0,-1.2,Destini Lunsford,https://www.sports-reference.com/cbb/players/destini-lunsford-1.html,louisiana-monroe,2018-19
15,68,15,2019-01-12,Louisiana–Monroe,,Georgia State,REG (Conf),L 41-56,,22,1,4,.250,1,3,.333,0,1,.000,.375,0,0,,0,0,0,3,0,0,1,2,3,0.9,Destini Lunsford,https://www.sports-reference.com/cbb/players/destini-lunsford-1.html,louisiana-monroe,2018-19
16,69,16,2019-01-19,Louisiana–Monroe,@,Louisiana,REG (Conf),L 45-52,*,12,0,5,.000,0,5,.000,0,0,,.000,0,0,,0,0,0,0,0,0,2,1,0,-5.9,Destini Lunsford,https://www.sports-reference.com/cbb/players/destini-lunsford-1.html,louisiana-monroe,2018-19
17,70,17,2019-01-24,Louisiana–Monroe,@,Troy,REG (Conf),L 56-78,*,18,1,5,.200,1,5,.200,0,0,,.300,0,0,,0,1,1,0,1,0,4,0,3,-2.8,Destini Lunsford,https://www.sports-reference.com/cbb/players/destini-lunsford-1.html,louisiana-monroe,2018-19
18,71,18,2019-01-26,Louisiana–Monroe,@,South Alabama,REG (Conf),L 49-77,,15,1,2,.500,1,2,.500,0,0,,.750,0,0,,0,1,1,0,0,0,1,1,3,0.9,Destini Lunsford,https://www.sports-reference.com/cbb/players/destini-lunsford-1.html,louisiana-monroe,2018-19
19,72,19,2019-01-31,Louisiana–Monroe,,Coastal Carolina,REG (Conf),L 54-79,,11,1,1,1.000,0,0,,1,1,1.000,1.000,2,4,.500,0,0,0,0,0,0,3,0,4,-0.1,Destini Lunsford,https://www.sports-reference.com/cbb/players/destini-lunsford-1.html,louisiana-monroe,2018-19
20,73,20,2019-02-02,Louisiana–Monroe,,Appalachian State,REG (Conf),L 58-80,,15,0,0,,0,0,,0,0,,,0,0,,0,0,0,2,0,0,0,1,0,1.0,Destini Lunsford,https://www.sports-reference.com/cbb/players/destini-lunsford-1.html,louisiana-monroe,2018-19
21,74,21,2019-02-07,Louisiana–Monroe,@,Georgia State,REG (Conf),L 46-68,,14,0,1,.000,0,1,.000,0,0,,.000,0,0,,0,1,1,0,0,0,2,2,0,-3.2,Destini Lunsford,https://www.sports-reference.com/cbb/players/destini-lunsford-1.html,louisiana-monroe,2018-19
22,75,22,2019-02-09,Louisiana–Monroe,@,Georgia Southern,REG (Conf),W 80-62,,26,1,6,.167,0,4,.000,1,2,.500,.167,3,3,1.000,0,3,3,1,0,0,2,1,5,0.4,Destini Lunsford,https://www.sports-reference.com/cbb/players/destini-lunsford-1.html,louisiana-monroe,2018-19
23,76,23,2019-02-16,Louisiana–Monroe,,Louisiana,REG (Conf),L 52-55,,12,1,5,.200,0,4,.000,1,1,1.000,.200,0,0,,0,0,0,0,1,0,2,0,2,-2.1,Destini Lunsford,https://www.sports-reference.com/cbb/players/destini-lunsford-1.html,louisiana-monroe,2018-19
24,77,24,2019-02-21,Louisiana–Monroe,,Texas State,REG (Conf),L 51-62,,6,0,1,.000,0,1,.000,0,0,,.000,0,0,,0,1,1,1,0,0,1,1,0,-1.1,Destini Lunsford,https://www.sports-reference.com/cbb/players/destini-lunsford-1.html,louisiana-monroe,2018-19
25,78,25,2019-02-23,Louisiana–Monroe,,UT Arlington,REG (Conf),L 56-60 (OT),*,6,0,2,.000,0,2,.000,0,0,,.000,0,0,,0,1,1,0,0,0,0,0,0,-1.1,Destini Lunsford,https://www.sports-reference.com/cbb/players/destini-lunsford-1.html,louisiana-monroe,2018-19
26,79,26,2019-02-28,Louisiana–Monroe,@,Appalachian State,REG (Conf),L 51-56,,10,2,3,.667,2,3,.667,0,0,,1.000,0,0,,0,0,0,0,0,0,1,1,6,3.3,Destini Lunsford,https://www.sports-reference.com/cbb/players/destini-lunsford-1.html,louisiana-monroe,2018-19
27,80,27,2019-03-02,Louisiana–Monroe,@,Coastal Carolina,REG (Conf),W 60-57,,24,3,5,.600,3,4,.750,0,1,.000,.900,0,0,,0,1,1,1,0,0,1,1,9,6.3,Destini Lunsford,https://www.sports-reference.com/cbb/players/destini-lunsford-1.html,louisiana-monroe,2018-19
28,81,28,2019-03-07,Louisiana–Monroe,,Arkansas State,REG (Conf),W 65-53,,10,0,0,,0,0,,0,0,,,0,0,,0,0,0,0,0,0,1,0,0,-1.0,Destini Lunsford,https://www.sports-reference.com/cbb/players/destini-lunsford-1.html,louisiana-monroe,2018-19
29,82,29,2019-03-09,Louisiana–Monroe,,Little Rock,REG (Conf),L 38-57,,14,1,3,.333,0,2,.000,1,1,1.000,.333,2,3,.667,0,3,3,1,1,0,0,0,4,4.5,Destini Lunsford,https://www.sports-reference.com/cbb/players/destini-lunsford-1.html,louisiana-monroe,2018-19
