ranker,player_game_num_career,team_game_num_season,date,team_name_abbr,game_location,opp_name_abbr,game_type,game_result,is_starter,mp,fg,fga,fg_pct,fg3,fg3a,fg2,fg2a,fg2_pct,efg_pct,ft,fta,ft_pct,orb,drb,trb,ast,stl,blk,tov,pf,pts,game_score,player_name,player_sr_link,school,season
1,31,1,2018-11-09,Louisiana–Monroe,@,SMU,REG (Non-Conf),L 38-49,,24,2,3,.667,0,0,2,3,.667,.667,0,0,,4,2,6,0,1,2,4,4,4,2.9,Diamond Brooks,https://www.sports-reference.com/cbb/players/diamond-brooks-1.html,louisiana-monroe,2018-19
2,32,2,2018-11-11,Louisiana–Monroe,@,Texas Tech,REG (Non-Conf),L 42-86,,14,0,3,.000,0,0,0,3,.000,.000,0,0,,1,1,2,1,0,0,0,1,0,-0.8,Diamond Brooks,https://www.sports-reference.com/cbb/players/diamond-brooks-1.html,louisiana-monroe,2018-19
3,33,3,2018-11-15,Louisiana–Monroe,,LSU-Alexandria,REG (Non-Conf),W 93-62,,11,1,4,.250,0,0,1,4,.250,.250,0,0,,1,2,3,1,1,0,2,0,2,0.6,Diamond Brooks,https://www.sports-reference.com/cbb/players/diamond-brooks-1.html,louisiana-monroe,2018-19
4,34,4,2018-11-18,Louisiana–Monroe,,McNeese State,REG (Non-Conf),W 69-60,,12,1,2,.500,0,0,1,2,.500,.500,1,2,.500,1,2,3,1,1,1,2,1,3,2.9,Diamond Brooks,https://www.sports-reference.com/cbb/players/diamond-brooks-1.html,louisiana-monroe,2018-19
5,35,5,2018-11-25,Louisiana–Monroe,@,New Orleans,REG (Non-Conf),W 57-44,,9,1,2,.500,0,0,1,2,.500,.500,0,1,.000,0,1,1,1,0,0,0,1,2,1.2,Diamond Brooks,https://www.sports-reference.com/cbb/players/diamond-brooks-1.html,louisiana-monroe,2018-19
6,36,6,2018-12-02,Louisiana–Monroe,@,Northwestern State,REG (Non-Conf),W 63-55,,9,1,2,.500,0,0,1,2,.500,.500,1,4,.250,1,2,3,0,0,0,0,1,3,1.7,Diamond Brooks,https://www.sports-reference.com/cbb/players/diamond-brooks-1.html,louisiana-monroe,2018-19
7,37,7,2018-12-09,Louisiana–Monroe,,Mississippi Valley State,REG (Non-Conf),W 72-65,,10,2,3,.667,0,0,2,3,.667,.667,0,0,,0,0,0,0,1,2,0,1,4,4.7,Diamond Brooks,https://www.sports-reference.com/cbb/players/diamond-brooks-1.html,louisiana-monroe,2018-19
8,38,8,2018-12-14,Louisiana–Monroe,,Nicholls State,REG (Non-Conf),L 54-55,,14,2,3,.667,0,0,2,3,.667,.667,0,1,.000,1,2,3,0,1,0,0,2,4,3.8,Diamond Brooks,https://www.sports-reference.com/cbb/players/diamond-brooks-1.html,louisiana-monroe,2018-19
9,39,9,2018-12-17,Louisiana–Monroe,@,Southeastern Louisiana,REG (Non-Conf),L 42-49,,18,2,3,.667,0,0,2,3,.667,.667,3,4,.750,2,3,5,1,1,1,0,1,7,9.6,Diamond Brooks,https://www.sports-reference.com/cbb/players/diamond-brooks-1.html,louisiana-monroe,2018-19
10,40,10,2018-12-19,Louisiana–Monroe,@,Houston Baptist,REG (Non-Conf),L 60-68,*,13,0,3,.000,0,0,0,3,.000,.000,0,0,,0,1,1,0,0,0,2,2,0,-4.6,Diamond Brooks,https://www.sports-reference.com/cbb/players/diamond-brooks-1.html,louisiana-monroe,2018-19
11,41,11,2018-12-30,Louisiana–Monroe,,Ark-Monticello,REG (Non-Conf),W 70-39,,6,2,6,.333,0,0,2,6,.333,.333,0,0,,1,0,1,0,0,0,0,1,4,0.9,Diamond Brooks,https://www.sports-reference.com/cbb/players/diamond-brooks-1.html,louisiana-monroe,2018-19
12,42,12,2019-01-03,Louisiana–Monroe,@,Little Rock,REG (Conf),L 44-63,,10,2,3,.667,0,0,2,3,.667,.667,0,0,,1,3,4,0,0,0,1,3,4,2.1,Diamond Brooks,https://www.sports-reference.com/cbb/players/diamond-brooks-1.html,louisiana-monroe,2018-19
13,43,13,2019-01-05,Louisiana–Monroe,@,Arkansas State,REG (Conf),L 54-64,,9,1,3,.333,0,0,1,3,.333,.333,0,0,,1,1,2,0,0,0,2,3,2,-1.9,Diamond Brooks,https://www.sports-reference.com/cbb/players/diamond-brooks-1.html,louisiana-monroe,2018-19
14,44,15,2019-01-12,Louisiana–Monroe,,Georgia State,REG (Conf),L 41-56,,8,0,1,.000,0,0,0,1,.000,.000,0,2,.000,1,2,3,0,0,0,1,2,0,-2.0,Diamond Brooks,https://www.sports-reference.com/cbb/players/diamond-brooks-1.html,louisiana-monroe,2018-19
15,45,16,2019-01-19,Louisiana–Monroe,@,Louisiana,REG (Conf),L 45-52,,20,3,3,1.000,0,0,3,3,1.000,1.000,1,2,.500,2,1,3,1,0,1,2,1,7,6.4,Diamond Brooks,https://www.sports-reference.com/cbb/players/diamond-brooks-1.html,louisiana-monroe,2018-19
16,46,17,2019-01-24,Louisiana–Monroe,@,Troy,REG (Conf),L 56-78,,20,3,4,.750,0,0,3,4,.750,.750,0,0,,6,5,11,0,1,1,4,1,6,7.4,Diamond Brooks,https://www.sports-reference.com/cbb/players/diamond-brooks-1.html,louisiana-monroe,2018-19
17,47,18,2019-01-26,Louisiana–Monroe,@,South Alabama,REG (Conf),L 49-77,*,27,1,9,.111,0,0,1,9,.111,.111,2,2,1.000,4,2,6,2,1,0,0,4,4,2.3,Diamond Brooks,https://www.sports-reference.com/cbb/players/diamond-brooks-1.html,louisiana-monroe,2018-19
18,48,19,2019-01-31,Louisiana–Monroe,,Coastal Carolina,REG (Conf),L 54-79,*,11,0,3,.000,0,0,0,3,.000,.000,0,0,,2,1,3,0,2,0,0,0,0,1.6,Diamond Brooks,https://www.sports-reference.com/cbb/players/diamond-brooks-1.html,louisiana-monroe,2018-19
19,49,20,2019-02-02,Louisiana–Monroe,,Appalachian State,REG (Conf),L 58-80,*,15,0,3,.000,0,0,0,3,.000,.000,0,0,,3,1,4,0,0,0,1,1,0,-1.1,Diamond Brooks,https://www.sports-reference.com/cbb/players/diamond-brooks-1.html,louisiana-monroe,2018-19
20,50,21,2019-02-07,Louisiana–Monroe,@,Georgia State,REG (Conf),L 46-68,,8,1,1,1.000,0,0,1,1,1.000,1.000,0,0,,1,1,2,0,0,0,1,1,2,1.3,Diamond Brooks,https://www.sports-reference.com/cbb/players/diamond-brooks-1.html,louisiana-monroe,2018-19
21,51,22,2019-02-09,Louisiana–Monroe,@,Georgia Southern,REG (Conf),W 80-62,,10,4,5,.800,0,0,4,5,.800,.800,1,1,1.000,3,3,6,0,2,1,1,2,9,11.0,Diamond Brooks,https://www.sports-reference.com/cbb/players/diamond-brooks-1.html,louisiana-monroe,2018-19
22,52,23,2019-02-16,Louisiana–Monroe,,Louisiana,REG (Conf),L 52-55,,16,0,2,.000,0,0,0,2,.000,.000,0,0,,2,5,7,1,0,1,2,1,0,0.5,Diamond Brooks,https://www.sports-reference.com/cbb/players/diamond-brooks-1.html,louisiana-monroe,2018-19
23,53,24,2019-02-21,Louisiana–Monroe,,Texas State,REG (Conf),L 51-62,,12,1,2,.500,0,0,1,2,.500,.500,0,0,,0,1,1,1,0,0,1,1,2,0.6,Diamond Brooks,https://www.sports-reference.com/cbb/players/diamond-brooks-1.html,louisiana-monroe,2018-19
24,54,25,2019-02-23,Louisiana–Monroe,,UT Arlington,REG (Conf),L 56-60 (OT),,2,0,0,,0,0,0,0,,,0,0,,0,0,0,0,0,0,1,2,0,-1.8,Diamond Brooks,https://www.sports-reference.com/cbb/players/diamond-brooks-1.html,louisiana-monroe,2018-19
25,55,26,2019-02-28,Louisiana–Monroe,@,Appalachian State,REG (Conf),L 51-56,,17,2,4,.500,0,0,2,4,.500,.500,0,0,,0,4,4,0,0,1,1,3,4,1.7,Diamond Brooks,https://www.sports-reference.com/cbb/players/diamond-brooks-1.html,louisiana-monroe,2018-19
26,56,27,2019-03-02,Louisiana–Monroe,@,Coastal Carolina,REG (Conf),W 60-57,*,19,3,4,.750,0,0,3,4,.750,.750,0,0,,0,5,5,0,2,0,1,4,6,5.3,Diamond Brooks,https://www.sports-reference.com/cbb/players/diamond-brooks-1.html,louisiana-monroe,2018-19
27,57,28,2019-03-07,Louisiana–Monroe,,Arkansas State,REG (Conf),W 65-53,*,22,2,5,.400,0,0,2,5,.400,.400,0,0,,3,5,8,0,1,3,4,4,4,2.4,Diamond Brooks,https://www.sports-reference.com/cbb/players/diamond-brooks-1.html,louisiana-monroe,2018-19
28,58,29,2019-03-09,Louisiana–Monroe,,Little Rock,REG (Conf),L 38-57,*,19,2,3,.667,0,0,2,3,.667,.667,1,2,.500,1,1,2,0,1,0,0,3,5,4.1,Diamond Brooks,https://www.sports-reference.com/cbb/players/diamond-brooks-1.html,louisiana-monroe,2018-19
