ranker,player_game_num_career,team_game_num_season,date,team_name_abbr,game_location,opp_name_abbr,game_type,game_result,is_starter,mp,fg,fga,fg_pct,fg3,fg3a,fg3_pct,fg2,fg2a,fg2_pct,efg_pct,ft,fta,ft_pct,orb,drb,trb,ast,stl,blk,tov,pf,pts,game_score,player_name,player_sr_link,school,season
1,1,1,2018-11-09,Louisiana–Monroe,@,SMU,REG (Non-Conf),L 38-49,*,31,6,8,.750,0,1,.000,6,7,.857,.750,1,3,.333,0,6,6,2,1,0,2,2,13,10.4,Lauren Fitch,https://www.sports-reference.com/cbb/players/lauren-fitch-1.html,louisiana-monroe,2018-19
2,2,2,2018-11-11,Louisiana–Monroe,@,Texas Tech,REG (Non-Conf),L 42-86,*,18,2,4,.500,0,1,.000,2,3,.667,.500,1,2,.500,0,0,0,1,1,0,0,1,5,3.9,Lauren Fitch,https://www.sports-reference.com/cbb/players/lauren-fitch-1.html,louisiana-monroe,2018-19
3,3,4,2018-11-18,Louisiana–Monroe,,McNeese State,REG (Non-Conf),W 69-60,,9,0,0,,0,0,,0,0,,,0,0,,0,2,2,0,0,0,3,3,0,-3.6,Lauren Fitch,https://www.sports-reference.com/cbb/players/lauren-fitch-1.html,louisiana-monroe,2018-19
4,4,5,2018-11-25,Louisiana–Monroe,@,New Orleans,REG (Non-Conf),W 57-44,,23,0,5,.000,0,1,.000,0,4,.000,.000,0,0,,1,2,3,2,0,0,1,2,0,-2.6,Lauren Fitch,https://www.sports-reference.com/cbb/players/lauren-fitch-1.html,louisiana-monroe,2018-19
5,5,6,2018-12-02,Louisiana–Monroe,@,Northwestern State,REG (Non-Conf),W 63-55,,33,2,5,.400,0,1,.000,2,4,.500,.400,6,8,.750,1,1,2,6,4,0,5,0,10,10.7,Lauren Fitch,https://www.sports-reference.com/cbb/players/lauren-fitch-1.html,louisiana-monroe,2018-19
6,6,7,2018-12-09,Louisiana–Monroe,,Mississippi Valley State,REG (Non-Conf),W 72-65,,30,7,12,.583,0,1,.000,7,11,.636,.583,5,5,1.000,0,2,2,0,0,0,3,2,19,10.2,Lauren Fitch,https://www.sports-reference.com/cbb/players/lauren-fitch-1.html,louisiana-monroe,2018-19
7,7,8,2018-12-14,Louisiana–Monroe,,Nicholls State,REG (Non-Conf),L 54-55,,32,1,7,.143,0,0,,1,7,.143,.143,3,4,.750,1,3,4,3,0,0,3,0,5,0.8,Lauren Fitch,https://www.sports-reference.com/cbb/players/lauren-fitch-1.html,louisiana-monroe,2018-19
8,8,9,2018-12-17,Louisiana–Monroe,@,Southeastern Louisiana,REG (Non-Conf),L 42-49,,31,5,10,.500,0,2,.000,5,8,.625,.500,3,4,.750,1,5,6,1,3,0,1,0,13,12.5,Lauren Fitch,https://www.sports-reference.com/cbb/players/lauren-fitch-1.html,louisiana-monroe,2018-19
9,9,10,2018-12-19,Louisiana–Monroe,@,Houston Baptist,REG (Non-Conf),L 60-68,*,32,8,14,.571,1,1,1.000,7,13,.538,.607,3,4,.750,1,7,8,1,2,0,0,4,20,16.9,Lauren Fitch,https://www.sports-reference.com/cbb/players/lauren-fitch-1.html,louisiana-monroe,2018-19
10,10,11,2018-12-30,Louisiana–Monroe,,Ark-Monticello,REG (Non-Conf),W 70-39,*,26,7,10,.700,2,2,1.000,5,8,.625,.800,3,3,1.000,0,2,2,3,3,0,3,0,19,17.5,Lauren Fitch,https://www.sports-reference.com/cbb/players/lauren-fitch-1.html,louisiana-monroe,2018-19
11,11,12,2019-01-03,Louisiana–Monroe,@,Little Rock,REG (Conf),L 44-63,*,30,3,10,.300,1,2,.500,2,8,.250,.350,3,6,.500,0,1,1,1,0,0,2,1,10,1.6,Lauren Fitch,https://www.sports-reference.com/cbb/players/lauren-fitch-1.html,louisiana-monroe,2018-19
12,12,13,2019-01-05,Louisiana–Monroe,@,Arkansas State,REG (Conf),L 54-64,*,33,5,13,.385,2,3,.667,3,10,.300,.462,2,2,1.000,1,3,4,2,1,1,3,2,14,7.8,Lauren Fitch,https://www.sports-reference.com/cbb/players/lauren-fitch-1.html,louisiana-monroe,2018-19
13,13,14,2019-01-10,Louisiana–Monroe,,Georgia Southern,REG (Conf),W 58-57,*,29,2,10,.200,0,4,.000,2,6,.333,.200,0,0,,2,4,6,4,1,0,3,1,4,0.8,Lauren Fitch,https://www.sports-reference.com/cbb/players/lauren-fitch-1.html,louisiana-monroe,2018-19
14,14,15,2019-01-12,Louisiana–Monroe,,Georgia State,REG (Conf),L 41-56,*,28,0,5,.000,0,2,.000,0,3,.000,.000,0,0,,0,3,3,1,0,0,2,2,0,-4.7,Lauren Fitch,https://www.sports-reference.com/cbb/players/lauren-fitch-1.html,louisiana-monroe,2018-19
15,15,16,2019-01-19,Louisiana–Monroe,@,Louisiana,REG (Conf),L 45-52,*,29,1,8,.125,1,3,.333,0,5,.000,.188,0,0,,0,3,3,3,1,0,1,4,3,-0.8,Lauren Fitch,https://www.sports-reference.com/cbb/players/lauren-fitch-1.html,louisiana-monroe,2018-19
16,16,17,2019-01-24,Louisiana–Monroe,@,Troy,REG (Conf),L 56-78,*,27,3,13,.231,0,2,.000,3,11,.273,.231,0,0,,2,4,6,4,2,0,1,1,6,4.1,Lauren Fitch,https://www.sports-reference.com/cbb/players/lauren-fitch-1.html,louisiana-monroe,2018-19
17,17,18,2019-01-26,Louisiana–Monroe,@,South Alabama,REG (Conf),L 49-77,*,29,2,6,.333,0,0,,2,6,.333,.333,1,2,.500,1,3,4,4,0,0,2,1,5,3.2,Lauren Fitch,https://www.sports-reference.com/cbb/players/lauren-fitch-1.html,louisiana-monroe,2018-19
18,18,19,2019-01-31,Louisiana–Monroe,,Coastal Carolina,REG (Conf),L 54-79,*,33,3,9,.333,0,1,.000,3,8,.375,.333,1,2,.500,0,2,2,4,1,0,2,2,7,3.1,Lauren Fitch,https://www.sports-reference.com/cbb/players/lauren-fitch-1.html,louisiana-monroe,2018-19
19,19,20,2019-02-02,Louisiana–Monroe,,Appalachian State,REG (Conf),L 58-80,*,30,6,12,.500,0,0,,6,12,.500,.500,2,3,.667,0,3,3,1,1,0,2,3,14,7.0,Lauren Fitch,https://www.sports-reference.com/cbb/players/lauren-fitch-1.html,louisiana-monroe,2018-19
20,20,21,2019-02-07,Louisiana–Monroe,@,Georgia State,REG (Conf),L 46-68,*,27,1,7,.143,0,1,.000,1,6,.167,.143,0,0,,1,0,1,1,2,0,4,0,2,-3.1,Lauren Fitch,https://www.sports-reference.com/cbb/players/lauren-fitch-1.html,louisiana-monroe,2018-19
21,21,22,2019-02-09,Louisiana–Monroe,@,Georgia Southern,REG (Conf),W 80-62,*,36,4,7,.571,0,0,,4,7,.571,.571,7,8,.875,0,6,6,5,3,0,5,3,15,13.4,Lauren Fitch,https://www.sports-reference.com/cbb/players/lauren-fitch-1.html,louisiana-monroe,2018-19
22,22,23,2019-02-16,Louisiana–Monroe,,Louisiana,REG (Conf),L 52-55,*,38,7,10,.700,0,0,,7,10,.700,.700,4,7,.571,1,3,4,0,1,0,4,2,18,10.4,Lauren Fitch,https://www.sports-reference.com/cbb/players/lauren-fitch-1.html,louisiana-monroe,2018-19
23,23,24,2019-02-21,Louisiana–Monroe,,Texas State,REG (Conf),L 51-62,*,36,6,10,.600,0,0,,6,10,.600,.600,2,2,1.000,1,4,5,3,2,0,1,4,14,12.8,Lauren Fitch,https://www.sports-reference.com/cbb/players/lauren-fitch-1.html,louisiana-monroe,2018-19
24,24,25,2019-02-23,Louisiana–Monroe,,UT Arlington,REG (Conf),L 56-60 (OT),*,45,5,12,.417,0,2,.000,5,10,.500,.417,4,4,1.000,1,4,5,2,1,1,3,2,14,8.8,Lauren Fitch,https://www.sports-reference.com/cbb/players/lauren-fitch-1.html,louisiana-monroe,2018-19
25,25,26,2019-02-28,Louisiana–Monroe,@,Appalachian State,REG (Conf),L 51-56,*,40,4,10,.400,0,0,,4,10,.400,.400,2,4,.500,3,5,8,2,1,0,4,2,10,5.0,Lauren Fitch,https://www.sports-reference.com/cbb/players/lauren-fitch-1.html,louisiana-monroe,2018-19
26,26,27,2019-03-02,Louisiana–Monroe,@,Coastal Carolina,REG (Conf),W 60-57,*,39,2,4,.500,0,0,,2,4,.500,.500,0,0,,0,2,2,0,2,0,8,0,4,-3.4,Lauren Fitch,https://www.sports-reference.com/cbb/players/lauren-fitch-1.html,louisiana-monroe,2018-19
27,27,28,2019-03-07,Louisiana–Monroe,,Arkansas State,REG (Conf),W 65-53,*,37,2,8,.250,0,1,.000,2,7,.286,.250,3,8,.375,0,7,7,1,0,0,1,2,7,1.2,Lauren Fitch,https://www.sports-reference.com/cbb/players/lauren-fitch-1.html,louisiana-monroe,2018-19
28,28,29,2019-03-09,Louisiana–Monroe,,Little Rock,REG (Conf),L 38-57,*,35,3,10,.300,0,1,.000,3,9,.333,.300,1,2,.500,1,3,4,0,0,0,2,0,7,0.4,Lauren Fitch,https://www.sports-reference.com/cbb/players/lauren-fitch-1.html,louisiana-monroe,2018-19
