ranker,player_game_num_career,team_game_num_season,date,team_name_abbr,game_location,opp_name_abbr,game_type,game_result,is_starter,mp,fg,fga,fg_pct,fg3,fg3a,fg3_pct,fg2,fg2a,fg2_pct,efg_pct,ft,fta,ft_pct,orb,drb,trb,ast,stl,blk,tov,pf,pts,game_score,player_name,player_sr_link,school,season
1,51,1,2018-11-09,Louisiana–Monroe,@,SMU,REG (Non-Conf),L 38-49,,19,0,2,.000,0,2,.000,0,0,,.000,0,0,,0,1,1,0,0,0,3,2,0,-4.9,Logan Oestreich,https://www.sports-reference.com/cbb/players/logan-oestreich-1.html,louisiana-monroe,2018-19
2,52,2,2018-11-11,Louisiana–Monroe,@,Texas Tech,REG (Non-Conf),L 42-86,,18,2,4,.500,0,1,.000,2,3,.667,.500,0,0,,0,1,1,0,0,1,2,1,4,0.6,Logan Oestreich,https://www.sports-reference.com/cbb/players/logan-oestreich-1.html,louisiana-monroe,2018-19
3,53,3,2018-11-15,Louisiana–Monroe,,LSU-Alexandria,REG (Non-Conf),W 93-62,*,23,3,5,.600,3,4,.750,0,1,.000,.900,2,2,1.000,3,3,6,3,2,0,1,4,11,13.2,Logan Oestreich,https://www.sports-reference.com/cbb/players/logan-oestreich-1.html,louisiana-monroe,2018-19
4,54,4,2018-11-18,Louisiana–Monroe,,McNeese State,REG (Non-Conf),W 69-60,*,21,1,2,.500,0,1,.000,1,1,1.000,.500,2,2,1.000,0,3,3,0,0,0,0,1,4,3.5,Logan Oestreich,https://www.sports-reference.com/cbb/players/logan-oestreich-1.html,louisiana-monroe,2018-19
5,55,5,2018-11-25,Louisiana–Monroe,@,New Orleans,REG (Non-Conf),W 57-44,,16,1,3,.333,1,3,.333,0,0,,.500,0,0,,3,1,4,1,1,1,1,4,3,3.5,Logan Oestreich,https://www.sports-reference.com/cbb/players/logan-oestreich-1.html,louisiana-monroe,2018-19
6,56,6,2018-12-02,Louisiana–Monroe,@,Northwestern State,REG (Non-Conf),W 63-55,,8,0,1,.000,0,1,.000,0,0,,.000,0,0,,0,0,0,0,1,0,0,2,0,-0.5,Logan Oestreich,https://www.sports-reference.com/cbb/players/logan-oestreich-1.html,louisiana-monroe,2018-19
7,57,7,2018-12-09,Louisiana–Monroe,,Mississippi Valley State,REG (Non-Conf),W 72-65,,12,0,2,.000,0,2,.000,0,0,,.000,0,0,,0,2,2,1,0,0,1,1,0,-1.5,Logan Oestreich,https://www.sports-reference.com/cbb/players/logan-oestreich-1.html,louisiana-monroe,2018-19
8,58,8,2018-12-14,Louisiana–Monroe,,Nicholls State,REG (Non-Conf),L 54-55,,6,0,2,.000,0,1,.000,0,1,.000,.000,0,0,,1,0,1,0,0,0,1,0,0,-1.7,Logan Oestreich,https://www.sports-reference.com/cbb/players/logan-oestreich-1.html,louisiana-monroe,2018-19
9,59,9,2018-12-17,Louisiana–Monroe,@,Southeastern Louisiana,REG (Non-Conf),L 42-49,,11,0,3,.000,0,2,.000,0,1,.000,.000,0,0,,2,1,3,0,0,0,1,1,0,-1.8,Logan Oestreich,https://www.sports-reference.com/cbb/players/logan-oestreich-1.html,louisiana-monroe,2018-19
10,60,10,2018-12-19,Louisiana–Monroe,@,Houston Baptist,REG (Non-Conf),L 60-68,,13,0,1,.000,0,0,,0,1,.000,.000,0,0,,1,0,1,0,0,0,1,3,0,-2.2,Logan Oestreich,https://www.sports-reference.com/cbb/players/logan-oestreich-1.html,louisiana-monroe,2018-19
11,61,11,2018-12-30,Louisiana–Monroe,,Ark-Monticello,REG (Non-Conf),W 70-39,,13,0,1,.000,0,0,,0,1,.000,.000,0,0,,1,2,3,1,0,0,1,2,0,-0.5,Logan Oestreich,https://www.sports-reference.com/cbb/players/logan-oestreich-1.html,louisiana-monroe,2018-19
12,62,12,2019-01-03,Louisiana–Monroe,@,Little Rock,REG (Conf),L 44-63,,16,0,0,,0,0,,0,0,,,0,0,,0,1,1,0,0,0,1,1,0,-1.1,Logan Oestreich,https://www.sports-reference.com/cbb/players/logan-oestreich-1.html,louisiana-monroe,2018-19
13,63,13,2019-01-05,Louisiana–Monroe,@,Arkansas State,REG (Conf),L 54-64,,10,0,1,.000,0,1,.000,0,0,,.000,0,0,,0,2,2,0,0,0,0,2,0,-0.9,Logan Oestreich,https://www.sports-reference.com/cbb/players/logan-oestreich-1.html,louisiana-monroe,2018-19
14,64,15,2019-01-12,Louisiana–Monroe,,Georgia State,REG (Conf),L 41-56,,10,0,0,,0,0,,0,0,,,0,0,,0,0,0,0,0,0,1,4,0,-2.6,Logan Oestreich,https://www.sports-reference.com/cbb/players/logan-oestreich-1.html,louisiana-monroe,2018-19
15,65,16,2019-01-19,Louisiana–Monroe,@,Louisiana,REG (Conf),L 45-52,,7,0,0,,0,0,,0,0,,,0,0,,1,0,1,0,0,0,0,0,0,0.7,Logan Oestreich,https://www.sports-reference.com/cbb/players/logan-oestreich-1.html,louisiana-monroe,2018-19
16,66,17,2019-01-24,Louisiana–Monroe,@,Troy,REG (Conf),L 56-78,,13,2,2,1.000,1,1,1.000,1,1,1.000,1.250,0,0,,0,0,0,1,1,0,1,4,5,3.5,Logan Oestreich,https://www.sports-reference.com/cbb/players/logan-oestreich-1.html,louisiana-monroe,2018-19
17,67,18,2019-01-26,Louisiana–Monroe,@,South Alabama,REG (Conf),L 49-77,,2,0,1,.000,0,1,.000,0,0,,.000,0,0,,0,0,0,0,0,0,0,0,0,-0.7,Logan Oestreich,https://www.sports-reference.com/cbb/players/logan-oestreich-1.html,louisiana-monroe,2018-19
18,68,19,2019-01-31,Louisiana–Monroe,,Coastal Carolina,REG (Conf),L 54-79,,10,0,2,.000,0,1,.000,0,1,.000,.000,0,0,,0,1,1,1,0,0,1,1,0,-1.8,Logan Oestreich,https://www.sports-reference.com/cbb/players/logan-oestreich-1.html,louisiana-monroe,2018-19
19,69,20,2019-02-02,Louisiana–Monroe,,Appalachian State,REG (Conf),L 58-80,,6,0,0,,0,0,,0,0,,,0,0,,0,0,0,1,0,0,0,1,0,0.3,Logan Oestreich,https://www.sports-reference.com/cbb/players/logan-oestreich-1.html,louisiana-monroe,2018-19
20,70,21,2019-02-07,Louisiana–Monroe,@,Georgia State,REG (Conf),L 46-68,,8,0,0,,0,0,,0,0,,,1,2,.500,0,1,1,0,0,0,0,0,1,0.9,Logan Oestreich,https://www.sports-reference.com/cbb/players/logan-oestreich-1.html,louisiana-monroe,2018-19
21,71,22,2019-02-09,Louisiana–Monroe,@,Georgia Southern,REG (Conf),W 80-62,,4,0,0,,0,0,,0,0,,,0,0,,0,0,0,0,0,0,0,0,0,0.0,Logan Oestreich,https://www.sports-reference.com/cbb/players/logan-oestreich-1.html,louisiana-monroe,2018-19
22,72,25,2019-02-23,Louisiana–Monroe,,UT Arlington,REG (Conf),L 56-60 (OT),,7,0,1,.000,0,1,.000,0,0,,.000,0,0,,0,0,0,0,0,0,1,4,0,-3.3,Logan Oestreich,https://www.sports-reference.com/cbb/players/logan-oestreich-1.html,louisiana-monroe,2018-19
23,73,26,2019-02-28,Louisiana–Monroe,@,Appalachian State,REG (Conf),L 51-56,,2,0,0,,0,0,,0,0,,,0,0,,0,0,0,0,0,0,0,1,0,-0.4,Logan Oestreich,https://www.sports-reference.com/cbb/players/logan-oestreich-1.html,louisiana-monroe,2018-19
24,74,27,2019-03-02,Louisiana–Monroe,@,Coastal Carolina,REG (Conf),W 60-57,,8,2,2,1.000,1,1,1.000,1,1,1.000,1.250,0,0,,0,0,0,0,0,0,1,1,5,3.0,Logan Oestreich,https://www.sports-reference.com/cbb/players/logan-oestreich-1.html,louisiana-monroe,2018-19
25,75,28,2019-03-07,Louisiana–Monroe,,Arkansas State,REG (Conf),W 65-53,,9,0,1,.000,0,1,.000,0,0,,.000,0,0,,1,0,1,0,0,1,0,1,0,0.3,Logan Oestreich,https://www.sports-reference.com/cbb/players/logan-oestreich-1.html,louisiana-monroe,2018-19
26,76,29,2019-03-09,Louisiana–Monroe,,Little Rock,REG (Conf),L 38-57,*,17,1,4,.250,1,3,.333,0,1,.000,.375,0,0,,0,0,0,2,1,0,1,3,3,0.8,Logan Oestreich,https://www.sports-reference.com/cbb/players/logan-oestreich-1.html,louisiana-monroe,2018-19
