ranker,player_game_num_career,team_game_num_season,date,team_name_abbr,game_location,opp_name_abbr,game_type,game_result,is_starter,mp,fg,fga,fg_pct,fg3,fg3a,fg3_pct,fg2,fg2a,fg2_pct,efg_pct,ft,fta,ft_pct,orb,drb,trb,ast,stl,blk,tov,pf,pts,game_score,player_name,player_sr_link,school,season
1,1,2,2018-11-11,Louisiana–Monroe,@,Texas Tech,REG (Non-Conf),L 42-86,,7,0,3,.000,0,0,,0,3,.000,.000,1,2,.500,0,1,1,0,0,0,1,1,1,-2.6,Sheniqua Coatney,https://www.sports-reference.com/cbb/players/sheniqua-coatney-1.html,louisiana-monroe,2018-19
2,2,3,2018-11-15,Louisiana–Monroe,,LSU-Alexandria,REG (Non-Conf),W 93-62,,3,0,1,.000,0,0,,0,1,.000,.000,0,0,,1,0,1,0,0,0,0,0,0,0.0,Sheniqua Coatney,https://www.sports-reference.com/cbb/players/sheniqua-coatney-1.html,louisiana-monroe,2018-19
3,3,5,2018-11-25,Louisiana–Monroe,@,New Orleans,REG (Non-Conf),W 57-44,,7,1,2,.500,0,0,,1,2,.500,.500,1,1,1.000,1,1,2,0,0,1,2,0,3,1.7,Sheniqua Coatney,https://www.sports-reference.com/cbb/players/sheniqua-coatney-1.html,louisiana-monroe,2018-19
4,4,11,2018-12-30,Louisiana–Monroe,,Ark-Monticello,REG (Non-Conf),W 70-39,,10,0,3,.000,0,0,,0,3,.000,.000,0,0,,0,1,1,0,0,0,3,5,0,-6.8,Sheniqua Coatney,https://www.sports-reference.com/cbb/players/sheniqua-coatney-1.html,louisiana-monroe,2018-19
5,5,12,2019-01-03,Louisiana–Monroe,@,Little Rock,REG (Conf),L 44-63,,15,2,3,.667,0,0,,2,3,.667,.667,0,0,,1,1,2,0,0,1,2,4,4,0.8,Sheniqua Coatney,https://www.sports-reference.com/cbb/players/sheniqua-coatney-1.html,louisiana-monroe,2018-19
6,6,13,2019-01-05,Louisiana–Monroe,@,Arkansas State,REG (Conf),L 54-64,,15,1,1,1.000,0,0,,1,1,1.000,1.000,0,0,,1,1,2,1,1,0,1,1,2,3.0,Sheniqua Coatney,https://www.sports-reference.com/cbb/players/sheniqua-coatney-1.html,louisiana-monroe,2018-19
7,7,14,2019-01-10,Louisiana–Monroe,,Georgia Southern,REG (Conf),W 58-57,,19,1,3,.333,0,0,,1,3,.333,.333,0,0,,2,2,4,0,0,0,1,1,2,0.9,Sheniqua Coatney,https://www.sports-reference.com/cbb/players/sheniqua-coatney-1.html,louisiana-monroe,2018-19
8,8,15,2019-01-12,Louisiana–Monroe,,Georgia State,REG (Conf),L 41-56,,16,0,2,.000,0,0,,0,2,.000,.000,0,0,,3,1,4,0,0,1,2,2,0,-1.1,Sheniqua Coatney,https://www.sports-reference.com/cbb/players/sheniqua-coatney-1.html,louisiana-monroe,2018-19
9,9,17,2019-01-24,Louisiana–Monroe,@,Troy,REG (Conf),L 56-78,,7,1,2,.500,0,0,,1,2,.500,.500,1,2,.500,0,2,2,0,0,0,1,2,3,0.4,Sheniqua Coatney,https://www.sports-reference.com/cbb/players/sheniqua-coatney-1.html,louisiana-monroe,2018-19
10,10,18,2019-01-26,Louisiana–Monroe,@,South Alabama,REG (Conf),L 49-77,,2,0,0,,0,0,,0,0,,,0,0,,0,0,0,0,0,1,0,1,0,0.3,Sheniqua Coatney,https://www.sports-reference.com/cbb/players/sheniqua-coatney-1.html,louisiana-monroe,2018-19
11,11,19,2019-01-31,Louisiana–Monroe,,Coastal Carolina,REG (Conf),L 54-79,,4,1,1,1.000,0,0,,1,1,1.000,1.000,0,1,.000,1,0,1,0,0,0,0,0,2,2.0,Sheniqua Coatney,https://www.sports-reference.com/cbb/players/sheniqua-coatney-1.html,louisiana-monroe,2018-19
12,12,20,2019-02-02,Louisiana–Monroe,,Appalachian State,REG (Conf),L 58-80,,16,2,2,1.000,0,0,,2,2,1.000,1.000,0,0,,1,1,2,1,0,1,2,4,4,2.2,Sheniqua Coatney,https://www.sports-reference.com/cbb/players/sheniqua-coatney-1.html,louisiana-monroe,2018-19
13,13,21,2019-02-07,Louisiana–Monroe,@,Georgia State,REG (Conf),L 46-68,*,22,2,5,.400,0,1,.000,2,4,.500,.400,0,0,,1,0,1,0,2,0,3,5,4,-1.0,Sheniqua Coatney,https://www.sports-reference.com/cbb/players/sheniqua-coatney-1.html,louisiana-monroe,2018-19
14,14,22,2019-02-09,Louisiana–Monroe,@,Georgia Southern,REG (Conf),W 80-62,,9,3,3,1.000,0,0,,3,3,1.000,1.000,2,2,1.000,1,0,1,0,0,0,0,2,8,7.0,Sheniqua Coatney,https://www.sports-reference.com/cbb/players/sheniqua-coatney-1.html,louisiana-monroe,2018-19
15,15,23,2019-02-16,Louisiana–Monroe,,Louisiana,REG (Conf),L 52-55,,4,0,1,.000,0,0,,0,1,.000,.000,0,0,,1,0,1,0,0,0,1,1,0,-1.4,Sheniqua Coatney,https://www.sports-reference.com/cbb/players/sheniqua-coatney-1.html,louisiana-monroe,2018-19
16,16,25,2019-02-23,Louisiana–Monroe,,UT Arlington,REG (Conf),L 56-60 (OT),,33,1,2,.500,0,0,,1,2,.500,.500,1,3,.333,1,1,2,0,2,0,1,4,3,1.6,Sheniqua Coatney,https://www.sports-reference.com/cbb/players/sheniqua-coatney-1.html,louisiana-monroe,2018-19
17,17,26,2019-02-28,Louisiana–Monroe,@,Appalachian State,REG (Conf),L 51-56,*,14,1,5,.200,0,0,,1,5,.200,.200,0,0,,1,2,3,0,0,1,1,3,2,-1.3,Sheniqua Coatney,https://www.sports-reference.com/cbb/players/sheniqua-coatney-1.html,louisiana-monroe,2018-19
18,18,27,2019-03-02,Louisiana–Monroe,@,Coastal Carolina,REG (Conf),W 60-57,,18,2,2,1.000,0,0,,2,2,1.000,1.000,0,0,,0,1,1,0,1,0,2,4,4,1.1,Sheniqua Coatney,https://www.sports-reference.com/cbb/players/sheniqua-coatney-1.html,louisiana-monroe,2018-19
19,19,28,2019-03-07,Louisiana–Monroe,,Arkansas State,REG (Conf),W 65-53,,17,1,1,1.000,0,0,,1,1,1.000,1.000,0,2,.000,0,2,2,1,2,1,1,5,2,1.9,Sheniqua Coatney,https://www.sports-reference.com/cbb/players/sheniqua-coatney-1.html,louisiana-monroe,2018-19
20,20,29,2019-03-09,Louisiana–Monroe,,Little Rock,REG (Conf),L 38-57,,11,0,0,,0,0,,0,0,,,2,2,1.000,1,0,1,0,0,2,0,3,2,2.9,Sheniqua Coatney,https://www.sports-reference.com/cbb/players/sheniqua-coatney-1.html,louisiana-monroe,2018-19
