ranker,player_game_num_career,team_game_num_season,date,team_name_abbr,game_location,opp_name_abbr,game_type,game_result,is_starter,mp,fg,fga,fg_pct,fg3,fg3a,fg3_pct,fg2,fg2a,fg2_pct,efg_pct,ft,fta,ft_pct,orb,drb,trb,ast,stl,blk,tov,pf,pts,game_score,player_name,player_sr_link,school,season
1,61,1,2019-11-10,Gonzaga,,Cal State Bakersfield,REG (Non-Conf),W 92-48,*,25,6,9,.667,0,1,.000,6,8,.750,.667,5,5,1.000,2,4,6,2,0,2,2,2,17,15.7,Jenn Wirth,https://www.sports-reference.com/cbb/players/jenn-wirth-1.html,gonzaga,2019-20
2,62,2,2019-11-14,Gonzaga,,UT Martin,REG (Non-Conf),W 78-55,*,26,7,10,.700,1,1,1.000,6,9,.667,.750,2,2,1.000,0,4,4,2,0,2,1,2,17,15.0,Jenn Wirth,https://www.sports-reference.com/cbb/players/jenn-wirth-1.html,gonzaga,2019-20
3,63,3,2019-11-17,Gonzaga,@,Stanford,REG (Non-Conf),L 70-76 (OT),*,37,0,11,.000,0,2,.000,0,9,.000,.000,3,4,.750,3,2,5,2,0,0,2,4,3,-4.6,Jenn Wirth,https://www.sports-reference.com/cbb/players/jenn-wirth-1.html,gonzaga,2019-20
4,64,4,2019-11-22,Gonzaga,,Eastern Washington,REG (Non-Conf),W 84-44,*,25,1,7,.143,0,0,,1,7,.143,.143,5,6,.833,1,4,5,1,0,0,1,2,7,2.9,Jenn Wirth,https://www.sports-reference.com/cbb/players/jenn-wirth-1.html,gonzaga,2019-20
5,65,5,2019-11-29,Gonzaga,,Dayton,REG (Non-Conf),W 76-65,*,30,7,9,.778,0,0,,7,9,.778,.778,5,5,1.000,2,4,6,1,0,1,2,2,19,16.7,Jenn Wirth,https://www.sports-reference.com/cbb/players/jenn-wirth-1.html,gonzaga,2019-20
6,66,6,2019-11-30,Gonzaga,@,Middle Tennessee,REG (Non-Conf),W 62-50,*,24,9,13,.692,0,0,,9,13,.692,.692,0,0,,1,6,7,2,0,0,3,2,18,12.6,Jenn Wirth,https://www.sports-reference.com/cbb/players/jenn-wirth-1.html,gonzaga,2019-20
7,67,7,2019-12-01,Gonzaga,,Purdue,REG (Non-Conf),W 63-50,*,29,2,7,.286,0,0,,2,7,.286,.286,0,0,,2,1,3,1,1,1,1,4,4,1.4,Jenn Wirth,https://www.sports-reference.com/cbb/players/jenn-wirth-1.html,gonzaga,2019-20
8,68,8,2019-12-05,Gonzaga,@,Montana State,REG (Non-Conf),W 70-55,*,21,1,4,.250,0,0,,1,4,.250,.250,0,0,,0,4,4,1,0,1,2,1,2,-0.2,Jenn Wirth,https://www.sports-reference.com/cbb/players/jenn-wirth-1.html,gonzaga,2019-20
9,69,9,2019-12-08,Gonzaga,@,Washington State,REG (Non-Conf),W 76-53,*,24,5,10,.500,1,1,1.000,4,9,.444,.550,2,2,1.000,1,4,5,2,1,1,2,2,13,10.2,Jenn Wirth,https://www.sports-reference.com/cbb/players/jenn-wirth-1.html,gonzaga,2019-20
10,70,10,2019-12-14,Gonzaga,,Texas Southern,REG (Non-Conf),W 80-45,*,25,6,12,.500,0,0,,6,12,.500,.500,2,4,.500,3,3,6,1,0,0,1,2,14,9.1,Jenn Wirth,https://www.sports-reference.com/cbb/players/jenn-wirth-1.html,gonzaga,2019-20
11,71,11,2019-12-17,Gonzaga,@,Wyoming,REG (Non-Conf),W 65-54,*,25,4,10,.400,0,0,,4,10,.400,.400,0,0,,0,2,2,1,0,0,3,1,8,0.5,Jenn Wirth,https://www.sports-reference.com/cbb/players/jenn-wirth-1.html,gonzaga,2019-20
12,72,12,2019-12-20,Gonzaga,,Missouri State,REG (Non-Conf),W 64-52,*,31,7,12,.583,0,0,,7,12,.583,.583,0,0,,1,6,7,1,1,0,2,2,14,9.8,Jenn Wirth,https://www.sports-reference.com/cbb/players/jenn-wirth-1.html,gonzaga,2019-20
13,73,13,2019-12-29,Gonzaga,,Portland,REG (Conf),W 62-57,*,36,6,13,.462,0,0,,6,13,.462,.462,2,2,1.000,3,4,7,2,0,3,7,2,14,6.3,Jenn Wirth,https://www.sports-reference.com/cbb/players/jenn-wirth-1.html,gonzaga,2019-20
14,74,14,2020-01-02,Gonzaga,@,Brigham Young,REG (Conf),W 55-43,*,28,3,12,.250,0,1,.000,3,11,.273,.250,1,2,.500,1,3,4,0,0,1,1,1,7,0.3,Jenn Wirth,https://www.sports-reference.com/cbb/players/jenn-wirth-1.html,gonzaga,2019-20
15,75,15,2020-01-04,Gonzaga,@,San Diego,REG (Conf),W 57-42,*,31,3,6,.500,0,0,,3,6,.500,.500,3,4,.750,2,3,5,1,0,1,3,3,9,5.1,Jenn Wirth,https://www.sports-reference.com/cbb/players/jenn-wirth-1.html,gonzaga,2019-20
16,76,16,2020-01-09,Gonzaga,,St. Mary's (CA),REG (Conf),W 74-49,*,24,5,11,.455,0,0,,5,11,.455,.455,0,0,,3,7,10,0,1,1,2,3,10,7.0,Jenn Wirth,https://www.sports-reference.com/cbb/players/jenn-wirth-1.html,gonzaga,2019-20
17,77,17,2020-01-11,Gonzaga,,Pacific,REG (Conf),W 68-67,*,34,10,13,.769,0,0,,10,13,.769,.769,4,6,.667,6,4,10,4,0,2,2,2,24,24.9,Jenn Wirth,https://www.sports-reference.com/cbb/players/jenn-wirth-1.html,gonzaga,2019-20
18,78,18,2020-01-16,Gonzaga,@,Santa Clara,REG (Conf),W 67-52,*,25,4,11,.364,0,0,,4,11,.364,.364,0,0,,4,4,8,1,1,0,0,2,8,6.8,Jenn Wirth,https://www.sports-reference.com/cbb/players/jenn-wirth-1.html,gonzaga,2019-20
19,79,19,2020-01-18,Gonzaga,@,San Francisco,REG (Conf),W 69-46,*,31,2,5,.400,0,0,,2,5,.400,.400,6,6,1.000,1,3,4,1,1,0,2,1,10,8.2,Jenn Wirth,https://www.sports-reference.com/cbb/players/jenn-wirth-1.html,gonzaga,2019-20
20,80,20,2020-01-23,Gonzaga,,Pepperdine,REG (Conf),W 70-36,*,24,5,8,.625,0,0,,5,8,.625,.625,0,0,,4,6,10,2,1,1,2,0,10,12.1,Jenn Wirth,https://www.sports-reference.com/cbb/players/jenn-wirth-1.html,gonzaga,2019-20
21,81,21,2020-01-25,Gonzaga,,Loyola Marymount,REG (Conf),W 78-52,*,30,5,12,.417,0,0,,5,12,.417,.417,7,8,.875,8,5,13,4,1,0,2,2,17,18.3,Jenn Wirth,https://www.sports-reference.com/cbb/players/jenn-wirth-1.html,gonzaga,2019-20
22,82,22,2020-01-30,Gonzaga,,San Diego,REG (Conf),W 57-46,*,23,1,6,.167,0,2,.000,1,4,.250,.167,0,0,,1,5,6,2,0,1,3,3,2,-1.7,Jenn Wirth,https://www.sports-reference.com/cbb/players/jenn-wirth-1.html,gonzaga,2019-20
23,83,23,2020-02-01,Gonzaga,,Brigham Young,REG (Conf),W 59-44,*,31,3,11,.273,1,1,1.000,2,10,.200,.318,0,0,,2,4,6,4,2,1,3,1,7,5.2,Jenn Wirth,https://www.sports-reference.com/cbb/players/jenn-wirth-1.html,gonzaga,2019-20
24,84,24,2020-02-06,Gonzaga,@,Pacific,REG (Conf),W 83-65,*,22,5,8,.625,0,0,,5,8,.625,.625,0,0,,2,8,10,5,0,1,1,2,10,12.6,Jenn Wirth,https://www.sports-reference.com/cbb/players/jenn-wirth-1.html,gonzaga,2019-20
25,85,25,2020-02-08,Gonzaga,@,St. Mary's (CA),REG (Conf),L 60-70,*,24,0,5,.000,0,0,,0,5,.000,.000,0,0,,1,2,3,1,0,2,3,5,0,-5.1,Jenn Wirth,https://www.sports-reference.com/cbb/players/jenn-wirth-1.html,gonzaga,2019-20
26,86,26,2020-02-13,Gonzaga,,San Francisco,REG (Conf),W 56-38,*,24,2,8,.250,0,0,,2,8,.250,.250,4,4,1.000,2,5,7,4,1,1,1,1,8,9.2,Jenn Wirth,https://www.sports-reference.com/cbb/players/jenn-wirth-1.html,gonzaga,2019-20
27,87,27,2020-02-15,Gonzaga,,Santa Clara,REG (Conf),W 53-46,*,30,3,14,.214,0,0,,3,14,.214,.214,5,6,.833,4,11,15,3,1,0,1,3,11,9.0,Jenn Wirth,https://www.sports-reference.com/cbb/players/jenn-wirth-1.html,gonzaga,2019-20
28,88,28,2020-02-20,Gonzaga,@,Loyola Marymount,REG (Conf),W 75-47,*,28,5,12,.417,0,0,,5,12,.417,.417,1,2,.500,3,4,7,1,0,1,0,1,11,8.5,Jenn Wirth,https://www.sports-reference.com/cbb/players/jenn-wirth-1.html,gonzaga,2019-20
29,89,29,2020-02-22,Gonzaga,@,Pepperdine,REG (Conf),W 64-50,*,27,3,10,.300,0,0,,3,10,.300,.300,1,2,.500,4,6,10,2,0,2,1,1,7,6.8,Jenn Wirth,https://www.sports-reference.com/cbb/players/jenn-wirth-1.html,gonzaga,2019-20
30,90,30,2020-02-29,Gonzaga,@,Portland,REG (Conf),W 56-42,*,25,7,15,.467,0,0,,7,15,.467,.467,0,1,.000,2,10,12,0,1,1,0,2,14,11.2,Jenn Wirth,https://www.sports-reference.com/cbb/players/jenn-wirth-1.html,gonzaga,2019-20
31,91,31,2020-03-09,Gonzaga,,Portland,CTOURN,L 69-70,*,32,10,19,.526,0,0,,10,19,.526,.526,1,2,.500,5,3,8,4,2,0,1,1,21,19.1,Jenn Wirth,https://www.sports-reference.com/cbb/players/jenn-wirth-1.html,gonzaga,2019-20
