ranker,player_game_num_career,team_game_num_season,date,team_name_abbr,game_location,opp_name_abbr,game_type,game_result,is_starter,mp,fg,fga,fg_pct,fg3,fg3a,fg3_pct,fg2,fg2a,fg2_pct,efg_pct,ft,fta,ft_pct,orb,drb,trb,ast,stl,blk,tov,pf,pts,game_score,player_name,player_sr_link,school,season
1,96,1,2019-11-10,Gonzaga,,Cal State Bakersfield,REG (Non-Conf),W 92-48,*,25,3,8,.375,1,3,.333,2,5,.400,.438,0,0,,1,1,2,9,1,1,3,1,7,8.2,Jessie Loera,https://www.sports-reference.com/cbb/players/jessie-loera-1.html,gonzaga,2019-20
2,97,2,2019-11-14,Gonzaga,,UT Martin,REG (Non-Conf),W 78-55,*,24,3,6,.500,1,4,.250,2,2,1.000,.583,0,0,,0,1,1,3,2,0,2,1,7,6.0,Jessie Loera,https://www.sports-reference.com/cbb/players/jessie-loera-1.html,gonzaga,2019-20
3,98,3,2019-11-17,Gonzaga,@,Stanford,REG (Non-Conf),L 70-76 (OT),*,32,2,8,.250,1,5,.200,1,3,.333,.313,5,6,.833,0,6,6,4,1,0,3,4,10,5.8,Jessie Loera,https://www.sports-reference.com/cbb/players/jessie-loera-1.html,gonzaga,2019-20
4,99,4,2019-11-22,Gonzaga,,Eastern Washington,REG (Non-Conf),W 84-44,*,23,4,7,.571,1,2,.500,3,5,.600,.643,0,0,,1,1,2,4,5,0,4,2,9,9.7,Jessie Loera,https://www.sports-reference.com/cbb/players/jessie-loera-1.html,gonzaga,2019-20
5,100,5,2019-11-29,Gonzaga,,Dayton,REG (Non-Conf),W 76-65,*,25,1,4,.250,0,1,.000,1,3,.333,.250,2,2,1.000,0,1,1,5,2,0,2,3,4,4.2,Jessie Loera,https://www.sports-reference.com/cbb/players/jessie-loera-1.html,gonzaga,2019-20
6,101,6,2019-11-30,Gonzaga,@,Middle Tennessee,REG (Non-Conf),W 62-50,*,25,2,3,.667,1,1,1.000,1,2,.500,.833,0,0,,0,3,3,5,2,0,3,0,5,7.1,Jessie Loera,https://www.sports-reference.com/cbb/players/jessie-loera-1.html,gonzaga,2019-20
7,102,7,2019-12-01,Gonzaga,,Purdue,REG (Non-Conf),W 63-50,*,30,6,11,.545,0,3,.000,6,8,.750,.545,0,0,,0,1,1,4,3,0,0,3,12,11.6,Jessie Loera,https://www.sports-reference.com/cbb/players/jessie-loera-1.html,gonzaga,2019-20
8,103,8,2019-12-05,Gonzaga,@,Montana State,REG (Non-Conf),W 70-55,*,24,3,8,.375,2,3,.667,1,5,.200,.500,0,0,,1,1,2,5,2,0,2,0,8,8.1,Jessie Loera,https://www.sports-reference.com/cbb/players/jessie-loera-1.html,gonzaga,2019-20
9,104,9,2019-12-08,Gonzaga,@,Washington State,REG (Non-Conf),W 76-53,*,25,4,9,.444,2,2,1.000,2,7,.286,.556,0,0,,0,2,2,7,1,2,1,1,10,11.8,Jessie Loera,https://www.sports-reference.com/cbb/players/jessie-loera-1.html,gonzaga,2019-20
10,105,10,2019-12-14,Gonzaga,,Texas Southern,REG (Non-Conf),W 80-45,*,23,2,2,1.000,1,1,1.000,1,1,1.000,1.250,0,0,,0,2,2,7,2,0,5,2,5,6.1,Jessie Loera,https://www.sports-reference.com/cbb/players/jessie-loera-1.html,gonzaga,2019-20
11,106,11,2019-12-17,Gonzaga,@,Wyoming,REG (Non-Conf),W 65-54,*,26,4,8,.500,0,2,.000,4,6,.667,.500,8,8,1.000,0,3,3,5,2,0,2,1,16,16.0,Jessie Loera,https://www.sports-reference.com/cbb/players/jessie-loera-1.html,gonzaga,2019-20
12,107,12,2019-12-20,Gonzaga,,Missouri State,REG (Non-Conf),W 64-52,*,25,3,5,.600,0,1,.000,3,4,.750,.600,0,0,,0,4,4,2,2,0,5,2,6,2.5,Jessie Loera,https://www.sports-reference.com/cbb/players/jessie-loera-1.html,gonzaga,2019-20
13,108,13,2019-12-29,Gonzaga,,Portland,REG (Conf),W 62-57,*,21,1,4,.250,0,1,.000,1,3,.333,.250,3,4,.750,0,1,1,5,0,0,2,1,5,3.6,Jessie Loera,https://www.sports-reference.com/cbb/players/jessie-loera-1.html,gonzaga,2019-20
14,109,14,2020-01-02,Gonzaga,@,Brigham Young,REG (Conf),W 55-43,*,26,2,5,.400,1,2,.500,1,3,.333,.500,0,0,,0,1,1,3,2,0,2,0,5,4.7,Jessie Loera,https://www.sports-reference.com/cbb/players/jessie-loera-1.html,gonzaga,2019-20
15,110,15,2020-01-04,Gonzaga,@,San Diego,REG (Conf),W 57-42,*,25,4,6,.667,1,2,.500,3,4,.750,.750,4,6,.667,1,4,5,7,0,1,1,1,13,15.7,Jessie Loera,https://www.sports-reference.com/cbb/players/jessie-loera-1.html,gonzaga,2019-20
16,111,16,2020-01-09,Gonzaga,,St. Mary's (CA),REG (Conf),W 74-49,*,19,2,2,1.000,0,0,,2,2,1.000,1.000,1,2,.500,0,2,2,7,2,0,3,2,5,7.7,Jessie Loera,https://www.sports-reference.com/cbb/players/jessie-loera-1.html,gonzaga,2019-20
17,112,17,2020-01-11,Gonzaga,,Pacific,REG (Conf),W 68-67,*,33,3,7,.429,2,4,.500,1,3,.333,.571,3,4,.750,1,2,3,6,1,0,2,0,11,11.4,Jessie Loera,https://www.sports-reference.com/cbb/players/jessie-loera-1.html,gonzaga,2019-20
18,113,18,2020-01-16,Gonzaga,@,Santa Clara,REG (Conf),W 67-52,*,25,3,5,.600,1,2,.500,2,3,.667,.700,0,0,,1,1,2,2,2,0,2,1,7,6.7,Jessie Loera,https://www.sports-reference.com/cbb/players/jessie-loera-1.html,gonzaga,2019-20
19,114,19,2020-01-18,Gonzaga,@,San Francisco,REG (Conf),W 69-46,*,28,4,5,.800,3,4,.750,1,1,1.000,1.100,0,0,,0,1,1,5,2,0,2,2,11,12.1,Jessie Loera,https://www.sports-reference.com/cbb/players/jessie-loera-1.html,gonzaga,2019-20
20,115,20,2020-01-23,Gonzaga,,Pepperdine,REG (Conf),W 70-36,*,28,1,3,.333,1,2,.500,0,1,.000,.500,0,0,,1,1,2,8,1,0,2,2,3,6.1,Jessie Loera,https://www.sports-reference.com/cbb/players/jessie-loera-1.html,gonzaga,2019-20
21,116,21,2020-01-25,Gonzaga,,Loyola Marymount,REG (Conf),W 78-52,*,28,2,3,.667,0,1,.000,2,2,1.000,.667,0,0,,2,1,3,5,1,0,5,1,4,3.5,Jessie Loera,https://www.sports-reference.com/cbb/players/jessie-loera-1.html,gonzaga,2019-20
22,117,22,2020-01-30,Gonzaga,,San Diego,REG (Conf),W 57-46,*,28,6,7,.857,2,3,.667,4,4,1.000,1.000,0,0,,0,2,2,6,1,0,10,3,14,6.1,Jessie Loera,https://www.sports-reference.com/cbb/players/jessie-loera-1.html,gonzaga,2019-20
23,118,23,2020-02-01,Gonzaga,,Brigham Young,REG (Conf),W 59-44,*,26,0,6,.000,0,2,.000,0,4,.000,.000,0,0,,1,0,1,4,1,1,5,3,0,-5.2,Jessie Loera,https://www.sports-reference.com/cbb/players/jessie-loera-1.html,gonzaga,2019-20
24,119,24,2020-02-06,Gonzaga,@,Pacific,REG (Conf),W 83-65,*,28,4,10,.400,0,3,.000,4,7,.571,.400,0,0,,0,2,2,5,5,0,2,1,8,9.3,Jessie Loera,https://www.sports-reference.com/cbb/players/jessie-loera-1.html,gonzaga,2019-20
25,120,25,2020-02-08,Gonzaga,@,St. Mary's (CA),REG (Conf),L 60-70,*,31,7,14,.500,2,5,.400,5,9,.556,.571,3,3,1.000,0,1,1,7,7,0,1,0,19,23.2,Jessie Loera,https://www.sports-reference.com/cbb/players/jessie-loera-1.html,gonzaga,2019-20
26,121,26,2020-02-13,Gonzaga,,San Francisco,REG (Conf),W 56-38,*,27,0,3,.000,0,1,.000,0,2,.000,.000,0,0,,0,2,2,3,0,0,2,2,0,-2.2,Jessie Loera,https://www.sports-reference.com/cbb/players/jessie-loera-1.html,gonzaga,2019-20
27,122,27,2020-02-15,Gonzaga,,Santa Clara,REG (Conf),W 53-46,*,32,2,7,.286,1,4,.250,1,3,.333,.357,0,0,,0,1,1,4,1,0,3,1,5,1.6,Jessie Loera,https://www.sports-reference.com/cbb/players/jessie-loera-1.html,gonzaga,2019-20
28,123,28,2020-02-20,Gonzaga,@,Loyola Marymount,REG (Conf),W 75-47,*,26,1,5,.200,0,3,.000,1,2,.500,.200,0,0,,1,1,2,3,8,0,3,1,2,6.6,Jessie Loera,https://www.sports-reference.com/cbb/players/jessie-loera-1.html,gonzaga,2019-20
29,124,29,2020-02-22,Gonzaga,@,Pepperdine,REG (Conf),W 64-50,*,29,4,10,.400,2,3,.667,2,7,.286,.500,0,0,,2,3,5,3,3,0,2,3,10,8.8,Jessie Loera,https://www.sports-reference.com/cbb/players/jessie-loera-1.html,gonzaga,2019-20
30,125,30,2020-02-29,Gonzaga,@,Portland,REG (Conf),W 56-42,*,27,0,5,.000,0,1,.000,0,4,.000,.000,0,0,,0,1,1,3,2,0,4,2,0,-3.9,Jessie Loera,https://www.sports-reference.com/cbb/players/jessie-loera-1.html,gonzaga,2019-20
31,126,31,2020-03-09,Gonzaga,,Portland,CTOURN,L 69-70,*,34,3,8,.375,2,3,.667,1,5,.200,.500,3,4,.750,0,2,2,4,4,1,3,1,11,10.9,Jessie Loera,https://www.sports-reference.com/cbb/players/jessie-loera-1.html,gonzaga,2019-20
