ranker,player_game_num_career,team_game_num_season,date,team_name_abbr,game_location,opp_name_abbr,game_type,game_result,is_starter,mp,fg,fga,fg_pct,fg3,fg3a,fg3_pct,fg2,fg2a,fg2_pct,efg_pct,ft,fta,ft_pct,orb,drb,trb,ast,stl,blk,tov,pf,pts,game_score,player_name,player_sr_link,school,season
1,65,1,2019-11-10,Gonzaga,,Cal State Bakersfield,REG (Non-Conf),W 92-48,*,26,3,7,.429,1,4,.250,2,3,.667,.500,2,2,1.000,1,4,5,1,1,0,2,3,9,5.7,Jill Townsend,https://www.sports-reference.com/cbb/players/jill-townsend-1.html,gonzaga,2019-20
2,66,2,2019-11-14,Gonzaga,,UT Martin,REG (Non-Conf),W 78-55,*,23,6,9,.667,0,1,.000,6,8,.750,.667,3,4,.750,2,2,4,2,1,0,1,3,15,12.9,Jill Townsend,https://www.sports-reference.com/cbb/players/jill-townsend-1.html,gonzaga,2019-20
3,67,3,2019-11-17,Gonzaga,@,Stanford,REG (Non-Conf),L 70-76 (OT),*,30,6,10,.600,2,5,.400,4,5,.800,.700,4,4,1.000,1,3,4,1,0,0,0,5,18,13.7,Jill Townsend,https://www.sports-reference.com/cbb/players/jill-townsend-1.html,gonzaga,2019-20
4,68,4,2019-11-22,Gonzaga,,Eastern Washington,REG (Non-Conf),W 84-44,*,20,3,6,.500,1,3,.333,2,3,.667,.583,2,2,1.000,1,8,9,1,1,0,0,2,9,10.0,Jill Townsend,https://www.sports-reference.com/cbb/players/jill-townsend-1.html,gonzaga,2019-20
5,69,5,2019-11-29,Gonzaga,,Dayton,REG (Non-Conf),W 76-65,*,28,6,7,.857,2,3,.667,4,4,1.000,1.000,4,4,1.000,1,2,3,0,0,0,5,4,18,10.2,Jill Townsend,https://www.sports-reference.com/cbb/players/jill-townsend-1.html,gonzaga,2019-20
6,70,6,2019-11-30,Gonzaga,@,Middle Tennessee,REG (Non-Conf),W 62-50,*,24,1,3,.333,0,0,,1,3,.333,.333,2,2,1.000,2,2,4,2,1,0,2,2,4,3.9,Jill Townsend,https://www.sports-reference.com/cbb/players/jill-townsend-1.html,gonzaga,2019-20
7,71,7,2019-12-01,Gonzaga,,Purdue,REG (Non-Conf),W 63-50,*,27,2,9,.222,0,2,.000,2,7,.286,.222,4,4,1.000,2,5,7,3,0,0,1,3,8,5.3,Jill Townsend,https://www.sports-reference.com/cbb/players/jill-townsend-1.html,gonzaga,2019-20
8,72,8,2019-12-05,Gonzaga,@,Montana State,REG (Non-Conf),W 70-55,*,24,7,11,.636,0,2,.000,7,9,.778,.636,2,2,1.000,0,6,6,0,2,0,1,1,16,13.5,Jill Townsend,https://www.sports-reference.com/cbb/players/jill-townsend-1.html,gonzaga,2019-20
9,73,9,2019-12-08,Gonzaga,@,Washington State,REG (Non-Conf),W 76-53,*,26,5,7,.714,3,4,.750,2,3,.667,.929,1,1,1.000,0,6,6,2,1,0,1,1,14,13.9,Jill Townsend,https://www.sports-reference.com/cbb/players/jill-townsend-1.html,gonzaga,2019-20
10,74,10,2019-12-14,Gonzaga,,Texas Southern,REG (Non-Conf),W 80-45,*,16,3,5,.600,0,1,.000,3,4,.750,.600,0,0,,0,4,4,3,1,0,0,0,6,8.0,Jill Townsend,https://www.sports-reference.com/cbb/players/jill-townsend-1.html,gonzaga,2019-20
11,75,11,2019-12-17,Gonzaga,@,Wyoming,REG (Non-Conf),W 65-54,*,22,1,4,.250,1,2,.500,0,2,.000,.375,0,0,,0,1,1,0,1,1,1,3,3,0.4,Jill Townsend,https://www.sports-reference.com/cbb/players/jill-townsend-1.html,gonzaga,2019-20
12,76,12,2019-12-20,Gonzaga,,Missouri State,REG (Non-Conf),W 64-52,*,30,3,11,.273,1,1,1.000,2,10,.200,.318,1,2,.500,2,7,9,2,1,0,2,1,8,4.6,Jill Townsend,https://www.sports-reference.com/cbb/players/jill-townsend-1.html,gonzaga,2019-20
13,77,13,2019-12-29,Gonzaga,,Portland,REG (Conf),W 62-57,*,34,6,9,.667,4,4,1.000,2,5,.400,.889,2,2,1.000,3,5,8,0,5,1,3,3,18,19.2,Jill Townsend,https://www.sports-reference.com/cbb/players/jill-townsend-1.html,gonzaga,2019-20
14,78,14,2020-01-02,Gonzaga,@,Brigham Young,REG (Conf),W 55-43,*,31,3,7,.429,0,1,.000,3,6,.500,.429,1,2,.500,1,2,3,2,3,0,2,2,7,5.8,Jill Townsend,https://www.sports-reference.com/cbb/players/jill-townsend-1.html,gonzaga,2019-20
15,79,15,2020-01-04,Gonzaga,@,San Diego,REG (Conf),W 57-42,*,28,4,9,.444,1,5,.200,3,4,.750,.500,2,2,1.000,5,2,7,2,3,0,5,1,11,9.4,Jill Townsend,https://www.sports-reference.com/cbb/players/jill-townsend-1.html,gonzaga,2019-20
16,80,16,2020-01-09,Gonzaga,,St. Mary's (CA),REG (Conf),W 74-49,*,23,5,12,.417,1,3,.333,4,9,.444,.458,0,0,,2,4,6,3,0,0,0,1,11,8.9,Jill Townsend,https://www.sports-reference.com/cbb/players/jill-townsend-1.html,gonzaga,2019-20
17,81,17,2020-01-11,Gonzaga,,Pacific,REG (Conf),W 68-67,*,24,2,6,.333,1,3,.333,1,3,.333,.417,6,6,1.000,0,2,2,1,1,0,2,5,11,5.9,Jill Townsend,https://www.sports-reference.com/cbb/players/jill-townsend-1.html,gonzaga,2019-20
18,82,18,2020-01-16,Gonzaga,@,Santa Clara,REG (Conf),W 67-52,*,28,5,12,.417,1,1,1.000,4,11,.364,.458,2,3,.667,6,6,12,4,2,0,2,2,13,14.2,Jill Townsend,https://www.sports-reference.com/cbb/players/jill-townsend-1.html,gonzaga,2019-20
19,83,19,2020-01-18,Gonzaga,@,San Francisco,REG (Conf),W 69-46,*,28,3,3,1.000,1,1,1.000,2,2,1.000,1.167,0,0,,0,3,3,1,1,0,1,2,7,6.9,Jill Townsend,https://www.sports-reference.com/cbb/players/jill-townsend-1.html,gonzaga,2019-20
20,84,20,2020-01-23,Gonzaga,,Pepperdine,REG (Conf),W 70-36,*,27,6,11,.545,2,4,.500,4,7,.571,.636,4,4,1.000,2,8,10,1,1,1,0,2,18,18.1,Jill Townsend,https://www.sports-reference.com/cbb/players/jill-townsend-1.html,gonzaga,2019-20
21,85,21,2020-01-25,Gonzaga,,Loyola Marymount,REG (Conf),W 78-52,*,25,11,16,.688,6,8,.750,5,8,.625,.875,0,0,,0,5,5,1,0,0,1,2,28,21.6,Jill Townsend,https://www.sports-reference.com/cbb/players/jill-townsend-1.html,gonzaga,2019-20
22,86,22,2020-01-30,Gonzaga,,San Diego,REG (Conf),W 57-46,*,32,4,10,.400,0,1,.000,4,9,.444,.400,2,3,.667,2,8,10,1,1,0,1,3,10,7.5,Jill Townsend,https://www.sports-reference.com/cbb/players/jill-townsend-1.html,gonzaga,2019-20
23,87,23,2020-02-01,Gonzaga,,Brigham Young,REG (Conf),W 59-44,*,27,5,7,.714,3,4,.750,2,3,.667,.929,3,3,1.000,0,3,3,0,0,0,0,0,16,14.0,Jill Townsend,https://www.sports-reference.com/cbb/players/jill-townsend-1.html,gonzaga,2019-20
24,88,24,2020-02-06,Gonzaga,@,Pacific,REG (Conf),W 83-65,*,29,8,14,.571,1,4,.250,7,10,.700,.607,0,0,,2,6,8,0,1,0,1,0,17,13.6,Jill Townsend,https://www.sports-reference.com/cbb/players/jill-townsend-1.html,gonzaga,2019-20
25,89,25,2020-02-08,Gonzaga,@,St. Mary's (CA),REG (Conf),L 60-70,*,33,6,17,.353,3,9,.333,3,8,.375,.441,3,4,.750,0,3,3,1,1,0,1,0,18,9.7,Jill Townsend,https://www.sports-reference.com/cbb/players/jill-townsend-1.html,gonzaga,2019-20
26,90,26,2020-02-13,Gonzaga,,San Francisco,REG (Conf),W 56-38,*,27,4,10,.400,0,3,.000,4,7,.571,.400,0,0,,2,1,3,3,2,0,2,0,8,6.4,Jill Townsend,https://www.sports-reference.com/cbb/players/jill-townsend-1.html,gonzaga,2019-20
27,91,27,2020-02-15,Gonzaga,,Santa Clara,REG (Conf),W 53-46,*,30,2,8,.250,0,3,.000,2,5,.400,.250,2,2,1.000,3,2,5,0,0,0,1,2,6,2.1,Jill Townsend,https://www.sports-reference.com/cbb/players/jill-townsend-1.html,gonzaga,2019-20
28,92,28,2020-02-20,Gonzaga,@,Loyola Marymount,REG (Conf),W 75-47,*,23,9,16,.563,2,4,.500,7,12,.583,.625,1,2,.500,4,2,6,2,3,0,0,2,21,20.0,Jill Townsend,https://www.sports-reference.com/cbb/players/jill-townsend-1.html,gonzaga,2019-20
29,93,29,2020-02-22,Gonzaga,@,Pepperdine,REG (Conf),W 64-50,*,24,5,10,.500,2,4,.500,3,6,.500,.600,1,2,.500,2,6,8,2,2,0,2,5,13,10.2,Jill Townsend,https://www.sports-reference.com/cbb/players/jill-townsend-1.html,gonzaga,2019-20
30,94,30,2020-02-29,Gonzaga,@,Portland,REG (Conf),W 56-42,*,30,2,11,.182,0,3,.000,2,8,.250,.182,2,2,1.000,3,3,6,1,0,0,3,4,6,-1.8,Jill Townsend,https://www.sports-reference.com/cbb/players/jill-townsend-1.html,gonzaga,2019-20
31,95,31,2020-03-09,Gonzaga,,Portland,CTOURN,L 69-70,*,24,7,11,.636,0,2,.000,7,9,.778,.636,1,3,.333,2,3,5,0,1,0,2,5,15,8.6,Jill Townsend,https://www.sports-reference.com/cbb/players/jill-townsend-1.html,gonzaga,2019-20
