ranker,player_game_num_career,team_game_num_season,date,team_name_abbr,game_location,opp_name_abbr,game_type,game_result,is_starter,mp,fg,fga,fg_pct,fg3,fg3a,fg3_pct,fg2,fg2a,fg2_pct,efg_pct,ft,fta,ft_pct,orb,drb,trb,ast,stl,blk,tov,pf,pts,game_score,player_name,player_sr_link,school,season
1,64,1,2019-11-10,Gonzaga,,Cal State Bakersfield,REG (Non-Conf),W 92-48,*,18,4,6,.667,4,6,.667,0,0,,1.000,1,2,.500,0,1,1,3,2,0,0,2,13,13.6,Katie Campbell,https://www.sports-reference.com/cbb/players/katie-campbell-1.html,gonzaga,2019-20
2,65,2,2019-11-14,Gonzaga,,UT Martin,REG (Non-Conf),W 78-55,*,26,3,6,.500,2,4,.500,1,2,.500,.667,2,2,1.000,0,1,1,3,3,0,1,1,10,11.0,Katie Campbell,https://www.sports-reference.com/cbb/players/katie-campbell-1.html,gonzaga,2019-20
3,66,3,2019-11-17,Gonzaga,@,Stanford,REG (Non-Conf),L 70-76 (OT),*,35,1,5,.200,1,3,.333,0,2,.000,.300,4,4,1.000,0,3,3,2,1,0,1,3,7,5.0,Katie Campbell,https://www.sports-reference.com/cbb/players/katie-campbell-1.html,gonzaga,2019-20
4,67,4,2019-11-22,Gonzaga,,Eastern Washington,REG (Non-Conf),W 84-44,*,26,5,8,.625,2,4,.500,3,4,.750,.750,1,2,.500,2,1,3,3,1,1,0,0,13,14.5,Katie Campbell,https://www.sports-reference.com/cbb/players/katie-campbell-1.html,gonzaga,2019-20
5,68,5,2019-11-29,Gonzaga,,Dayton,REG (Non-Conf),W 76-65,*,29,5,12,.417,5,9,.556,0,3,.000,.625,2,2,1.000,0,6,6,2,2,0,0,1,17,15.4,Katie Campbell,https://www.sports-reference.com/cbb/players/katie-campbell-1.html,gonzaga,2019-20
6,69,6,2019-11-30,Gonzaga,@,Middle Tennessee,REG (Non-Conf),W 62-50,*,29,4,7,.571,2,4,.500,2,3,.667,.714,0,0,,1,3,4,1,1,1,0,2,10,9.9,Katie Campbell,https://www.sports-reference.com/cbb/players/katie-campbell-1.html,gonzaga,2019-20
7,70,7,2019-12-01,Gonzaga,,Purdue,REG (Non-Conf),W 63-50,*,34,2,4,.500,1,3,.333,1,1,1.000,.625,2,4,.500,2,2,4,1,1,0,1,1,7,6.5,Katie Campbell,https://www.sports-reference.com/cbb/players/katie-campbell-1.html,gonzaga,2019-20
8,71,8,2019-12-05,Gonzaga,@,Montana State,REG (Non-Conf),W 70-55,*,26,3,5,.600,2,4,.500,1,1,1.000,.800,3,4,.750,1,5,6,1,0,0,3,1,11,7.8,Katie Campbell,https://www.sports-reference.com/cbb/players/katie-campbell-1.html,gonzaga,2019-20
9,72,9,2019-12-08,Gonzaga,@,Washington State,REG (Non-Conf),W 76-53,*,22,3,7,.429,1,5,.200,2,2,1.000,.500,2,2,1.000,0,2,2,0,2,0,0,2,9,7.1,Katie Campbell,https://www.sports-reference.com/cbb/players/katie-campbell-1.html,gonzaga,2019-20
10,73,10,2019-12-14,Gonzaga,,Texas Southern,REG (Non-Conf),W 80-45,*,21,5,7,.714,4,5,.800,1,2,.500,1.000,0,0,,0,4,4,2,1,0,1,1,14,13.3,Katie Campbell,https://www.sports-reference.com/cbb/players/katie-campbell-1.html,gonzaga,2019-20
11,74,11,2019-12-17,Gonzaga,@,Wyoming,REG (Non-Conf),W 65-54,*,30,4,7,.571,2,4,.500,2,3,.667,.714,0,0,,1,1,2,2,2,0,2,2,10,8.3,Katie Campbell,https://www.sports-reference.com/cbb/players/katie-campbell-1.html,gonzaga,2019-20
12,75,12,2019-12-20,Gonzaga,,Missouri State,REG (Non-Conf),W 64-52,*,32,4,9,.444,1,3,.333,3,6,.500,.500,2,2,1.000,0,2,2,1,3,0,0,2,11,9.8,Katie Campbell,https://www.sports-reference.com/cbb/players/katie-campbell-1.html,gonzaga,2019-20
13,76,13,2019-12-29,Gonzaga,,Portland,REG (Conf),W 62-57,*,32,4,7,.571,2,4,.500,2,3,.667,.714,2,2,1.000,0,4,4,2,0,1,1,1,12,10.6,Katie Campbell,https://www.sports-reference.com/cbb/players/katie-campbell-1.html,gonzaga,2019-20
14,77,14,2020-01-02,Gonzaga,@,Brigham Young,REG (Conf),W 55-43,*,31,4,7,.571,3,4,.750,1,3,.333,.786,0,1,.000,1,5,6,1,1,1,1,3,11,9.7,Katie Campbell,https://www.sports-reference.com/cbb/players/katie-campbell-1.html,gonzaga,2019-20
15,78,15,2020-01-04,Gonzaga,@,San Diego,REG (Conf),W 57-42,*,25,1,6,.167,1,6,.167,0,0,,.250,1,2,.500,0,2,2,0,1,1,2,1,4,-0.3,Katie Campbell,https://www.sports-reference.com/cbb/players/katie-campbell-1.html,gonzaga,2019-20
16,79,16,2020-01-09,Gonzaga,,St. Mary's (CA),REG (Conf),W 74-49,*,21,6,9,.667,1,1,1.000,5,8,.625,.722,1,1,1.000,1,2,3,4,1,0,1,1,14,13.8,Katie Campbell,https://www.sports-reference.com/cbb/players/katie-campbell-1.html,gonzaga,2019-20
17,80,17,2020-01-11,Gonzaga,,Pacific,REG (Conf),W 68-67,*,30,5,12,.417,3,8,.375,2,4,.500,.542,2,4,.500,0,4,4,2,2,0,1,0,15,11.4,Katie Campbell,https://www.sports-reference.com/cbb/players/katie-campbell-1.html,gonzaga,2019-20
18,81,18,2020-01-16,Gonzaga,@,Santa Clara,REG (Conf),W 67-52,*,24,1,7,.143,0,4,.000,1,3,.333,.143,7,7,1.000,0,0,0,1,1,0,2,1,9,3.8,Katie Campbell,https://www.sports-reference.com/cbb/players/katie-campbell-1.html,gonzaga,2019-20
19,82,19,2020-01-18,Gonzaga,@,San Francisco,REG (Conf),W 69-46,*,27,3,9,.333,3,7,.429,0,2,.000,.500,4,4,1.000,0,2,2,4,1,1,0,1,13,12.6,Katie Campbell,https://www.sports-reference.com/cbb/players/katie-campbell-1.html,gonzaga,2019-20
20,83,20,2020-01-23,Gonzaga,,Pepperdine,REG (Conf),W 70-36,*,23,5,12,.417,2,7,.286,3,5,.600,.500,0,0,,1,9,10,4,1,0,4,3,12,7.6,Katie Campbell,https://www.sports-reference.com/cbb/players/katie-campbell-1.html,gonzaga,2019-20
21,84,21,2020-01-25,Gonzaga,,Loyola Marymount,REG (Conf),W 78-52,*,32,3,10,.300,1,6,.167,2,4,.500,.350,0,0,,2,5,7,1,3,0,1,1,7,6.4,Katie Campbell,https://www.sports-reference.com/cbb/players/katie-campbell-1.html,gonzaga,2019-20
22,85,22,2020-01-30,Gonzaga,,San Diego,REG (Conf),W 57-46,*,30,2,8,.250,1,4,.250,1,4,.250,.313,1,2,.500,0,1,1,1,3,1,2,0,6,3.5,Katie Campbell,https://www.sports-reference.com/cbb/players/katie-campbell-1.html,gonzaga,2019-20
23,86,23,2020-02-01,Gonzaga,,Brigham Young,REG (Conf),W 59-44,*,32,7,10,.700,3,4,.750,4,6,.667,.850,0,2,.000,2,3,5,1,5,0,0,0,17,20.0,Katie Campbell,https://www.sports-reference.com/cbb/players/katie-campbell-1.html,gonzaga,2019-20
