ranker,player_game_num_career,team_game_num_season,date,team_name_abbr,game_location,opp_name_abbr,game_type,game_result,is_starter,mp,fg,fga,fg_pct,fg3,fg3a,fg3_pct,fg2,fg2a,fg2_pct,efg_pct,ft,fta,ft_pct,orb,drb,trb,ast,stl,blk,tov,pf,pts,game_score,player_name,player_sr_link,school,season
1,1,1,2019-11-10,Gonzaga,,Cal State Bakersfield,REG (Non-Conf),W 92-48,,14,0,0,,0,0,,0,0,,,0,0,,0,0,0,2,0,0,2,0,0,-0.6,Kaylynne Truong,https://www.sports-reference.com/cbb/players/kaylynne-truong-1.html,gonzaga,2019-20
2,2,2,2019-11-14,Gonzaga,,UT Martin,REG (Non-Conf),W 78-55,,12,2,2,1.000,2,2,1.000,0,0,,1.500,2,3,.667,0,2,2,2,1,0,1,1,8,8.6,Kaylynne Truong,https://www.sports-reference.com/cbb/players/kaylynne-truong-1.html,gonzaga,2019-20
3,3,3,2019-11-17,Gonzaga,@,Stanford,REG (Non-Conf),L 70-76 (OT),,12,1,2,.500,0,0,,1,2,.500,.500,0,0,,0,0,0,0,1,0,0,1,2,1.6,Kaylynne Truong,https://www.sports-reference.com/cbb/players/kaylynne-truong-1.html,gonzaga,2019-20
4,4,4,2019-11-22,Gonzaga,,Eastern Washington,REG (Non-Conf),W 84-44,,16,4,6,.667,1,2,.500,3,4,.750,.750,0,0,,0,2,2,1,1,0,1,0,9,7.7,Kaylynne Truong,https://www.sports-reference.com/cbb/players/kaylynne-truong-1.html,gonzaga,2019-20
5,5,5,2019-11-29,Gonzaga,,Dayton,REG (Non-Conf),W 76-65,,13,0,2,.000,0,1,.000,0,1,.000,.000,0,0,,0,0,0,2,0,0,1,1,0,-1.4,Kaylynne Truong,https://www.sports-reference.com/cbb/players/kaylynne-truong-1.html,gonzaga,2019-20
6,6,6,2019-11-30,Gonzaga,@,Middle Tennessee,REG (Non-Conf),W 62-50,,11,0,1,.000,0,0,,0,1,.000,.000,1,2,.500,1,0,1,2,0,0,1,2,1,0.2,Kaylynne Truong,https://www.sports-reference.com/cbb/players/kaylynne-truong-1.html,gonzaga,2019-20
7,7,7,2019-12-01,Gonzaga,,Purdue,REG (Non-Conf),W 63-50,,6,0,1,.000,0,1,.000,0,0,,.000,0,0,,0,0,0,2,1,0,1,2,0,-0.1,Kaylynne Truong,https://www.sports-reference.com/cbb/players/kaylynne-truong-1.html,gonzaga,2019-20
8,8,8,2019-12-05,Gonzaga,@,Montana State,REG (Non-Conf),W 70-55,,12,1,1,1.000,1,1,1.000,0,0,,1.500,0,2,.000,0,0,0,2,0,0,1,1,3,1.9,Kaylynne Truong,https://www.sports-reference.com/cbb/players/kaylynne-truong-1.html,gonzaga,2019-20
9,9,9,2019-12-08,Gonzaga,@,Washington State,REG (Non-Conf),W 76-53,,14,1,3,.333,0,0,,1,3,.333,.333,2,3,.667,0,1,1,3,0,0,1,1,4,2.9,Kaylynne Truong,https://www.sports-reference.com/cbb/players/kaylynne-truong-1.html,gonzaga,2019-20
10,10,10,2019-12-14,Gonzaga,,Texas Southern,REG (Non-Conf),W 80-45,,19,2,4,.500,0,1,.000,2,3,.667,.500,0,0,,2,0,2,0,3,0,1,1,4,5.0,Kaylynne Truong,https://www.sports-reference.com/cbb/players/kaylynne-truong-1.html,gonzaga,2019-20
11,11,11,2019-12-17,Gonzaga,@,Wyoming,REG (Non-Conf),W 65-54,,14,0,2,.000,0,1,.000,0,1,.000,.000,0,0,,0,3,3,2,0,0,1,0,0,-0.1,Kaylynne Truong,https://www.sports-reference.com/cbb/players/kaylynne-truong-1.html,gonzaga,2019-20
12,12,12,2019-12-20,Gonzaga,,Missouri State,REG (Non-Conf),W 64-52,,6,1,1,1.000,0,0,,1,1,1.000,1.000,2,2,1.000,0,1,1,0,0,0,3,0,4,1.0,Kaylynne Truong,https://www.sports-reference.com/cbb/players/kaylynne-truong-1.html,gonzaga,2019-20
13,13,13,2019-12-29,Gonzaga,,Portland,REG (Conf),W 62-57,,4,0,2,.000,0,0,,0,2,.000,.000,0,0,,0,1,1,0,0,0,0,0,0,-1.1,Kaylynne Truong,https://www.sports-reference.com/cbb/players/kaylynne-truong-1.html,gonzaga,2019-20
14,14,14,2020-01-02,Gonzaga,@,Brigham Young,REG (Conf),W 55-43,,7,1,1,1.000,1,1,1.000,0,0,,1.500,0,0,,1,0,1,0,0,0,1,0,3,2.4,Kaylynne Truong,https://www.sports-reference.com/cbb/players/kaylynne-truong-1.html,gonzaga,2019-20
15,15,15,2020-01-04,Gonzaga,@,San Diego,REG (Conf),W 57-42,,11,1,2,.500,1,2,.500,0,0,,.750,0,2,.000,0,2,2,0,0,0,0,1,3,1.4,Kaylynne Truong,https://www.sports-reference.com/cbb/players/kaylynne-truong-1.html,gonzaga,2019-20
16,16,16,2020-01-09,Gonzaga,,St. Mary's (CA),REG (Conf),W 74-49,,16,2,6,.333,0,1,.000,2,5,.400,.333,0,0,,0,0,0,3,1,0,0,1,4,3.3,Kaylynne Truong,https://www.sports-reference.com/cbb/players/kaylynne-truong-1.html,gonzaga,2019-20
17,17,17,2020-01-11,Gonzaga,,Pacific,REG (Conf),W 68-67,,6,0,2,.000,0,1,.000,0,1,.000,.000,0,0,,0,0,0,0,1,0,1,0,0,-1.4,Kaylynne Truong,https://www.sports-reference.com/cbb/players/kaylynne-truong-1.html,gonzaga,2019-20
18,18,18,2020-01-16,Gonzaga,@,Santa Clara,REG (Conf),W 67-52,,16,2,6,.333,0,2,.000,2,4,.500,.333,0,0,,0,2,2,2,1,0,0,2,4,2.8,Kaylynne Truong,https://www.sports-reference.com/cbb/players/kaylynne-truong-1.html,gonzaga,2019-20
19,19,19,2020-01-18,Gonzaga,@,San Francisco,REG (Conf),W 69-46,,20,1,3,.333,1,2,.500,0,1,.000,.500,1,2,.500,0,1,1,1,0,0,1,0,4,1.9,Kaylynne Truong,https://www.sports-reference.com/cbb/players/kaylynne-truong-1.html,gonzaga,2019-20
20,20,20,2020-01-23,Gonzaga,,Pepperdine,REG (Conf),W 70-36,,22,3,4,.750,1,1,1.000,2,3,.667,.875,0,0,,1,0,1,4,2,0,2,0,7,8.9,Kaylynne Truong,https://www.sports-reference.com/cbb/players/kaylynne-truong-1.html,gonzaga,2019-20
21,21,21,2020-01-25,Gonzaga,,Loyola Marymount,REG (Conf),W 78-52,,21,2,3,.667,0,0,,2,3,.667,.667,0,0,,0,0,0,4,1,1,4,0,4,3.2,Kaylynne Truong,https://www.sports-reference.com/cbb/players/kaylynne-truong-1.html,gonzaga,2019-20
22,22,22,2020-01-30,Gonzaga,,San Diego,REG (Conf),W 57-46,,5,0,1,.000,0,0,,0,1,.000,.000,0,0,,0,0,0,0,0,0,1,0,0,-1.7,Kaylynne Truong,https://www.sports-reference.com/cbb/players/kaylynne-truong-1.html,gonzaga,2019-20
23,23,23,2020-02-01,Gonzaga,,Brigham Young,REG (Conf),W 59-44,,7,0,0,,0,0,,0,0,,,0,0,,0,0,0,1,0,0,1,2,0,-1.1,Kaylynne Truong,https://www.sports-reference.com/cbb/players/kaylynne-truong-1.html,gonzaga,2019-20
24,24,24,2020-02-06,Gonzaga,@,Pacific,REG (Conf),W 83-65,,17,2,4,.500,2,2,1.000,0,2,.000,.750,3,3,1.000,2,3,5,4,1,0,0,1,9,12.7,Kaylynne Truong,https://www.sports-reference.com/cbb/players/kaylynne-truong-1.html,gonzaga,2019-20
25,25,25,2020-02-08,Gonzaga,@,St. Mary's (CA),REG (Conf),L 60-70,,17,3,7,.429,2,5,.400,1,2,.500,.571,0,0,,0,0,0,0,1,0,0,0,8,5.3,Kaylynne Truong,https://www.sports-reference.com/cbb/players/kaylynne-truong-1.html,gonzaga,2019-20
26,26,26,2020-02-13,Gonzaga,,San Francisco,REG (Conf),W 56-38,,19,1,4,.250,0,2,.000,1,2,.500,.250,0,0,,1,4,5,2,1,0,1,0,2,2.9,Kaylynne Truong,https://www.sports-reference.com/cbb/players/kaylynne-truong-1.html,gonzaga,2019-20
27,27,27,2020-02-15,Gonzaga,,Santa Clara,REG (Conf),W 53-46,,19,3,3,1.000,0,0,,3,3,1.000,1.000,0,0,,1,1,2,2,0,0,1,1,6,6.1,Kaylynne Truong,https://www.sports-reference.com/cbb/players/kaylynne-truong-1.html,gonzaga,2019-20
28,28,28,2020-02-20,Gonzaga,@,Loyola Marymount,REG (Conf),W 75-47,,23,2,8,.250,2,5,.400,0,3,.000,.375,3,4,.750,0,2,2,4,3,0,4,1,9,5.8,Kaylynne Truong,https://www.sports-reference.com/cbb/players/kaylynne-truong-1.html,gonzaga,2019-20
29,29,29,2020-02-22,Gonzaga,@,Pepperdine,REG (Conf),W 64-50,,24,3,4,.750,2,3,.667,1,1,1.000,1.000,0,0,,0,2,2,2,0,0,0,1,8,8.0,Kaylynne Truong,https://www.sports-reference.com/cbb/players/kaylynne-truong-1.html,gonzaga,2019-20
30,30,30,2020-02-29,Gonzaga,@,Portland,REG (Conf),W 56-42,,20,1,4,.250,1,3,.333,0,1,.000,.375,0,0,,1,1,2,4,5,0,0,0,3,9.4,Kaylynne Truong,https://www.sports-reference.com/cbb/players/kaylynne-truong-1.html,gonzaga,2019-20
31,31,31,2020-03-09,Gonzaga,,Portland,CTOURN,L 69-70,,24,1,5,.200,1,2,.500,0,3,.000,.300,0,0,,1,1,2,2,0,0,2,2,3,-0.5,Kaylynne Truong,https://www.sports-reference.com/cbb/players/kaylynne-truong-1.html,gonzaga,2019-20
