ranker,player_game_num_career,team_game_num_season,date,team_name_abbr,game_location,opp_name_abbr,game_type,game_result,is_starter,mp,fg,fga,fg_pct,fg3,fg3a,fg3_pct,fg2,fg2a,fg2_pct,efg_pct,ft,fta,ft_pct,orb,drb,trb,ast,stl,blk,tov,pf,pts,game_score,player_name,player_sr_link,school,season
1,41,1,2019-11-10,Gonzaga,,Cal State Bakersfield,REG (Non-Conf),W 92-48,,15,2,4,.500,0,2,.000,2,2,1.000,.500,0,0,,1,2,3,0,0,0,0,0,4,3.3,Louise Forsyth,https://www.sports-reference.com/cbb/players/louise-forsyth-1.html,gonzaga,2019-20
2,42,2,2019-11-14,Gonzaga,,UT Martin,REG (Non-Conf),W 78-55,,12,1,5,.200,1,5,.200,0,0,,.300,0,2,.000,0,3,3,0,1,0,0,1,3,0.6,Louise Forsyth,https://www.sports-reference.com/cbb/players/louise-forsyth-1.html,gonzaga,2019-20
3,43,3,2019-11-17,Gonzaga,@,Stanford,REG (Non-Conf),L 70-76 (OT),,4,1,2,.500,0,0,,1,2,.500,.500,0,0,,0,1,1,0,0,0,0,0,2,1.3,Louise Forsyth,https://www.sports-reference.com/cbb/players/louise-forsyth-1.html,gonzaga,2019-20
4,44,4,2019-11-22,Gonzaga,,Eastern Washington,REG (Non-Conf),W 84-44,,13,2,3,.667,0,1,.000,2,2,1.000,.667,0,1,.000,1,2,3,2,1,0,1,2,4,4.2,Louise Forsyth,https://www.sports-reference.com/cbb/players/louise-forsyth-1.html,gonzaga,2019-20
5,45,5,2019-11-29,Gonzaga,,Dayton,REG (Non-Conf),W 76-65,,9,1,2,.500,1,2,.500,0,0,,.750,0,0,,0,2,2,0,0,1,1,1,3,1.9,Louise Forsyth,https://www.sports-reference.com/cbb/players/louise-forsyth-1.html,gonzaga,2019-20
6,46,6,2019-11-30,Gonzaga,@,Middle Tennessee,REG (Non-Conf),W 62-50,,13,2,3,.667,2,2,1.000,0,1,.000,1.000,0,0,,0,0,0,0,2,0,1,0,6,5.7,Louise Forsyth,https://www.sports-reference.com/cbb/players/louise-forsyth-1.html,gonzaga,2019-20
7,47,7,2019-12-01,Gonzaga,,Purdue,REG (Non-Conf),W 63-50,,4,0,1,.000,0,1,.000,0,0,,.000,0,0,,0,0,0,0,0,0,0,0,0,-0.7,Louise Forsyth,https://www.sports-reference.com/cbb/players/louise-forsyth-1.html,gonzaga,2019-20
8,48,8,2019-12-05,Gonzaga,@,Montana State,REG (Non-Conf),W 70-55,,18,3,6,.500,3,5,.600,0,1,.000,.750,1,2,.500,1,4,5,0,1,0,1,2,10,7.7,Louise Forsyth,https://www.sports-reference.com/cbb/players/louise-forsyth-1.html,gonzaga,2019-20
9,49,9,2019-12-08,Gonzaga,@,Washington State,REG (Non-Conf),W 76-53,,14,0,2,.000,0,1,.000,0,1,.000,.000,0,0,,0,2,2,1,0,0,0,1,0,-0.5,Louise Forsyth,https://www.sports-reference.com/cbb/players/louise-forsyth-1.html,gonzaga,2019-20
10,50,10,2019-12-14,Gonzaga,,Texas Southern,REG (Non-Conf),W 80-45,,17,0,3,.000,0,2,.000,0,1,.000,.000,2,2,1.000,0,0,0,3,0,1,0,0,2,2.7,Louise Forsyth,https://www.sports-reference.com/cbb/players/louise-forsyth-1.html,gonzaga,2019-20
11,51,11,2019-12-17,Gonzaga,@,Wyoming,REG (Non-Conf),W 65-54,,8,0,1,.000,0,1,.000,0,0,,.000,0,0,,0,0,0,0,0,0,0,2,0,-1.5,Louise Forsyth,https://www.sports-reference.com/cbb/players/louise-forsyth-1.html,gonzaga,2019-20
12,52,12,2019-12-20,Gonzaga,,Missouri State,REG (Non-Conf),W 64-52,,8,1,3,.333,1,1,1.000,0,2,.000,.500,0,0,,0,0,0,0,0,0,0,1,3,0.9,Louise Forsyth,https://www.sports-reference.com/cbb/players/louise-forsyth-1.html,gonzaga,2019-20
13,53,13,2019-12-29,Gonzaga,,Portland,REG (Conf),W 62-57,,6,0,1,.000,0,0,,0,1,.000,.000,0,0,,0,0,0,0,1,0,2,1,0,-2.1,Louise Forsyth,https://www.sports-reference.com/cbb/players/louise-forsyth-1.html,gonzaga,2019-20
14,54,14,2020-01-02,Gonzaga,@,Brigham Young,REG (Conf),W 55-43,,9,1,2,.500,1,2,.500,0,0,,.750,0,0,,0,2,2,0,0,0,1,1,3,1.2,Louise Forsyth,https://www.sports-reference.com/cbb/players/louise-forsyth-1.html,gonzaga,2019-20
15,55,15,2020-01-04,Gonzaga,@,San Diego,REG (Conf),W 57-42,,11,0,1,.000,0,1,.000,0,0,,.000,0,0,,0,2,2,1,0,0,1,1,0,-0.8,Louise Forsyth,https://www.sports-reference.com/cbb/players/louise-forsyth-1.html,gonzaga,2019-20
16,56,16,2020-01-09,Gonzaga,,St. Mary's (CA),REG (Conf),W 74-49,,18,1,5,.200,1,4,.250,0,1,.000,.300,0,0,,2,1,3,1,2,0,0,0,3,4.3,Louise Forsyth,https://www.sports-reference.com/cbb/players/louise-forsyth-1.html,gonzaga,2019-20
17,57,17,2020-01-11,Gonzaga,,Pacific,REG (Conf),W 68-67,,10,0,2,.000,0,2,.000,0,0,,.000,0,0,,2,1,3,2,0,0,1,1,0,0.3,Louise Forsyth,https://www.sports-reference.com/cbb/players/louise-forsyth-1.html,gonzaga,2019-20
18,58,18,2020-01-16,Gonzaga,@,Santa Clara,REG (Conf),W 67-52,,15,1,5,.200,1,5,.200,0,0,,.300,0,0,,1,2,3,0,0,0,0,1,3,0.8,Louise Forsyth,https://www.sports-reference.com/cbb/players/louise-forsyth-1.html,gonzaga,2019-20
19,59,19,2020-01-18,Gonzaga,@,San Francisco,REG (Conf),W 69-46,,17,3,6,.500,2,5,.400,1,1,1.000,.667,0,0,,0,2,2,1,1,0,1,1,8,5.9,Louise Forsyth,https://www.sports-reference.com/cbb/players/louise-forsyth-1.html,gonzaga,2019-20
20,60,20,2020-01-23,Gonzaga,,Pepperdine,REG (Conf),W 70-36,,23,1,6,.167,1,6,.167,0,0,,.250,0,0,,1,2,3,0,0,0,1,2,3,-1.3,Louise Forsyth,https://www.sports-reference.com/cbb/players/louise-forsyth-1.html,gonzaga,2019-20
21,61,21,2020-01-25,Gonzaga,,Loyola Marymount,REG (Conf),W 78-52,,15,3,3,1.000,3,3,1.000,0,0,,1.500,0,0,,0,1,1,0,0,0,2,2,9,5.6,Louise Forsyth,https://www.sports-reference.com/cbb/players/louise-forsyth-1.html,gonzaga,2019-20
22,62,22,2020-01-30,Gonzaga,,San Diego,REG (Conf),W 57-46,,5,0,3,.000,0,2,.000,0,1,.000,.000,0,0,,0,0,0,0,0,0,0,1,0,-2.5,Louise Forsyth,https://www.sports-reference.com/cbb/players/louise-forsyth-1.html,gonzaga,2019-20
23,63,23,2020-02-01,Gonzaga,,Brigham Young,REG (Conf),W 59-44,,6,0,0,,0,0,,0,0,,,0,0,,0,0,0,0,0,0,1,1,0,-1.4,Louise Forsyth,https://www.sports-reference.com/cbb/players/louise-forsyth-1.html,gonzaga,2019-20
24,64,24,2020-02-06,Gonzaga,@,Pacific,REG (Conf),W 83-65,,18,4,6,.667,3,5,.600,1,1,1.000,.917,0,0,,0,1,1,0,0,0,0,1,11,8.3,Louise Forsyth,https://www.sports-reference.com/cbb/players/louise-forsyth-1.html,gonzaga,2019-20
25,65,25,2020-02-08,Gonzaga,@,St. Mary's (CA),REG (Conf),L 60-70,,17,2,6,.333,2,4,.500,0,2,.000,.500,0,0,,1,1,2,0,1,0,0,0,6,4.6,Louise Forsyth,https://www.sports-reference.com/cbb/players/louise-forsyth-1.html,gonzaga,2019-20
26,66,26,2020-02-13,Gonzaga,,San Francisco,REG (Conf),W 56-38,,22,3,5,.600,2,3,.667,1,2,.500,.800,0,0,,0,3,3,0,3,1,0,1,8,9.9,Louise Forsyth,https://www.sports-reference.com/cbb/players/louise-forsyth-1.html,gonzaga,2019-20
27,67,27,2020-02-15,Gonzaga,,Santa Clara,REG (Conf),W 53-46,,14,1,3,.333,0,2,.000,1,1,1.000,.333,0,0,,1,1,2,0,0,0,1,3,2,-0.9,Louise Forsyth,https://www.sports-reference.com/cbb/players/louise-forsyth-1.html,gonzaga,2019-20
28,68,28,2020-02-20,Gonzaga,@,Loyola Marymount,REG (Conf),W 75-47,,16,2,6,.333,1,3,.333,1,3,.333,.417,1,2,.500,2,1,3,0,0,1,0,0,6,4.6,Louise Forsyth,https://www.sports-reference.com/cbb/players/louise-forsyth-1.html,gonzaga,2019-20
29,69,29,2020-02-22,Gonzaga,@,Pepperdine,REG (Conf),W 64-50,,20,1,4,.250,1,2,.500,0,2,.000,.375,2,2,1.000,1,1,2,0,1,2,0,2,5,5.2,Louise Forsyth,https://www.sports-reference.com/cbb/players/louise-forsyth-1.html,gonzaga,2019-20
30,70,30,2020-02-29,Gonzaga,@,Portland,REG (Conf),W 56-42,,14,1,2,.500,1,2,.500,0,0,,.750,0,0,,0,1,1,1,0,0,0,1,3,2.6,Louise Forsyth,https://www.sports-reference.com/cbb/players/louise-forsyth-1.html,gonzaga,2019-20
31,71,31,2020-03-09,Gonzaga,,Portland,CTOURN,L 69-70,,13,0,1,.000,0,1,.000,0,0,,.000,0,0,,0,0,0,0,1,0,0,1,0,-0.1,Louise Forsyth,https://www.sports-reference.com/cbb/players/louise-forsyth-1.html,gonzaga,2019-20
