ranker,player_game_num_career,team_game_num_season,date,team_name_abbr,game_location,opp_name_abbr,game_type,game_result,is_starter,mp,fg,fga,fg_pct,fg3,fg3a,fg3_pct,fg2,fg2a,fg2_pct,efg_pct,ft,fta,ft_pct,orb,drb,trb,ast,stl,blk,tov,pf,pts,game_score,player_name,player_sr_link,school,season
1,35,1,2019-11-10,Gonzaga,,Cal State Bakersfield,REG (Non-Conf),W 92-48,,12,2,3,.667,0,0,,2,3,.667,.667,0,0,,1,5,6,0,1,0,1,4,4,3.3,Melody Kempton,https://www.sports-reference.com/cbb/players/melody-kempton-1.html,gonzaga,2019-20
2,36,2,2019-11-14,Gonzaga,,UT Martin,REG (Non-Conf),W 78-55,,14,2,3,.667,0,0,,2,3,.667,.667,1,2,.500,1,3,4,2,0,0,1,4,5,3.7,Melody Kempton,https://www.sports-reference.com/cbb/players/melody-kempton-1.html,gonzaga,2019-20
3,37,3,2019-11-17,Gonzaga,@,Stanford,REG (Non-Conf),L 70-76 (OT),,34,5,9,.556,0,0,,5,9,.556,.556,2,5,.400,6,4,10,0,2,0,3,1,12,10.5,Melody Kempton,https://www.sports-reference.com/cbb/players/melody-kempton-1.html,gonzaga,2019-20
4,38,4,2019-11-22,Gonzaga,,Eastern Washington,REG (Non-Conf),W 84-44,,15,4,7,.571,0,0,,4,7,.571,.571,3,4,.750,4,2,6,2,1,0,0,3,11,11.9,Melody Kempton,https://www.sports-reference.com/cbb/players/melody-kempton-1.html,gonzaga,2019-20
5,39,5,2019-11-29,Gonzaga,,Dayton,REG (Non-Conf),W 76-65,,16,2,5,.400,0,0,,2,5,.400,.400,0,3,.000,1,3,4,0,0,1,2,3,4,-0.8,Melody Kempton,https://www.sports-reference.com/cbb/players/melody-kempton-1.html,gonzaga,2019-20
6,40,6,2019-11-30,Gonzaga,@,Middle Tennessee,REG (Non-Conf),W 62-50,,23,4,5,.800,0,0,,4,5,.800,.800,2,2,1.000,1,6,7,0,1,1,4,3,10,7.1,Melody Kempton,https://www.sports-reference.com/cbb/players/melody-kempton-1.html,gonzaga,2019-20
7,41,7,2019-12-01,Gonzaga,,Purdue,REG (Non-Conf),W 63-50,,22,7,12,.583,0,0,,7,12,.583,.583,4,5,.800,2,4,6,0,1,1,2,3,18,13.1,Melody Kempton,https://www.sports-reference.com/cbb/players/melody-kempton-1.html,gonzaga,2019-20
8,42,8,2019-12-05,Gonzaga,@,Montana State,REG (Non-Conf),W 70-55,,22,4,7,.571,0,0,,4,7,.571,.571,0,0,,2,0,2,2,0,0,2,3,8,4.3,Melody Kempton,https://www.sports-reference.com/cbb/players/melody-kempton-1.html,gonzaga,2019-20
9,43,9,2019-12-08,Gonzaga,@,Washington State,REG (Non-Conf),W 76-53,,22,0,0,,0,0,,0,0,,,0,0,,0,3,3,1,0,0,3,2,0,-2.2,Melody Kempton,https://www.sports-reference.com/cbb/players/melody-kempton-1.html,gonzaga,2019-20
10,44,10,2019-12-14,Gonzaga,,Texas Southern,REG (Non-Conf),W 80-45,,17,3,8,.375,0,0,,3,8,.375,.375,2,4,.500,3,1,4,0,1,2,1,1,8,6.2,Melody Kempton,https://www.sports-reference.com/cbb/players/melody-kempton-1.html,gonzaga,2019-20
11,45,11,2019-12-17,Gonzaga,@,Wyoming,REG (Non-Conf),W 65-54,,17,3,4,.750,0,0,,3,4,.750,.750,2,2,1.000,0,3,3,0,0,0,0,2,8,6.5,Melody Kempton,https://www.sports-reference.com/cbb/players/melody-kempton-1.html,gonzaga,2019-20
12,46,12,2019-12-20,Gonzaga,,Missouri State,REG (Non-Conf),W 64-52,,27,3,8,.375,0,0,,3,8,.375,.375,2,4,.500,4,2,6,1,0,2,2,0,8,6.3,Melody Kempton,https://www.sports-reference.com/cbb/players/melody-kempton-1.html,gonzaga,2019-20
13,47,13,2019-12-29,Gonzaga,,Portland,REG (Conf),W 62-57,,26,2,5,.400,0,0,,2,5,.400,.400,0,0,,3,6,9,1,1,1,2,3,4,4.4,Melody Kempton,https://www.sports-reference.com/cbb/players/melody-kempton-1.html,gonzaga,2019-20
14,48,14,2020-01-02,Gonzaga,@,Brigham Young,REG (Conf),W 55-43,,22,3,6,.500,0,0,,3,6,.500,.500,1,2,.500,3,3,6,1,1,0,0,1,7,7.9,Melody Kempton,https://www.sports-reference.com/cbb/players/melody-kempton-1.html,gonzaga,2019-20
15,49,15,2020-01-04,Gonzaga,@,San Diego,REG (Conf),W 57-42,,18,2,3,.667,0,0,,2,3,.667,.667,0,0,,3,3,6,0,0,1,2,2,4,3.6,Melody Kempton,https://www.sports-reference.com/cbb/players/melody-kempton-1.html,gonzaga,2019-20
16,50,16,2020-01-09,Gonzaga,,St. Mary's (CA),REG (Conf),W 74-49,,21,3,6,.500,0,0,,3,6,.500,.500,0,2,.000,2,4,6,0,0,2,3,5,6,1.2,Melody Kempton,https://www.sports-reference.com/cbb/players/melody-kempton-1.html,gonzaga,2019-20
17,51,17,2020-01-11,Gonzaga,,Pacific,REG (Conf),W 68-67,,24,0,5,.000,0,0,,0,5,.000,.000,0,2,.000,1,1,2,0,0,1,3,2,0,-6.4,Melody Kempton,https://www.sports-reference.com/cbb/players/melody-kempton-1.html,gonzaga,2019-20
18,52,18,2020-01-16,Gonzaga,@,Santa Clara,REG (Conf),W 67-52,,22,3,4,.750,0,0,,3,4,.750,.750,5,6,.833,3,1,4,0,0,0,3,5,11,6.4,Melody Kempton,https://www.sports-reference.com/cbb/players/melody-kempton-1.html,gonzaga,2019-20
19,53,19,2020-01-18,Gonzaga,@,San Francisco,REG (Conf),W 69-46,,19,2,2,1.000,0,0,,2,2,1.000,1.000,2,2,1.000,1,2,3,1,1,2,2,2,6,7.0,Melody Kempton,https://www.sports-reference.com/cbb/players/melody-kempton-1.html,gonzaga,2019-20
20,54,20,2020-01-23,Gonzaga,,Pepperdine,REG (Conf),W 70-36,*,30,6,12,.500,0,0,,6,12,.500,.500,0,2,.000,4,2,6,0,0,0,0,0,12,8.6,Melody Kempton,https://www.sports-reference.com/cbb/players/melody-kempton-1.html,gonzaga,2019-20
21,55,21,2020-01-25,Gonzaga,,Loyola Marymount,REG (Conf),W 78-52,*,30,1,3,.333,0,0,,1,3,.333,.333,2,4,.500,0,3,3,1,2,1,2,2,4,3.0,Melody Kempton,https://www.sports-reference.com/cbb/players/melody-kempton-1.html,gonzaga,2019-20
22,56,22,2020-01-30,Gonzaga,,San Diego,REG (Conf),W 57-46,,22,4,5,.800,0,0,,4,5,.800,.800,5,6,.833,5,2,7,1,1,3,2,2,13,15.8,Melody Kempton,https://www.sports-reference.com/cbb/players/melody-kempton-1.html,gonzaga,2019-20
23,57,23,2020-02-01,Gonzaga,,Brigham Young,REG (Conf),W 59-44,,15,0,1,.000,0,0,,0,1,.000,.000,2,4,.500,1,0,1,0,0,1,0,3,2,0.7,Melody Kempton,https://www.sports-reference.com/cbb/players/melody-kempton-1.html,gonzaga,2019-20
24,58,24,2020-02-06,Gonzaga,@,Pacific,REG (Conf),W 83-65,,22,3,7,.429,0,0,,3,7,.429,.429,2,3,.667,0,1,1,2,0,0,1,1,8,4.2,Melody Kempton,https://www.sports-reference.com/cbb/players/melody-kempton-1.html,gonzaga,2019-20
25,59,25,2020-02-08,Gonzaga,@,St. Mary's (CA),REG (Conf),L 60-70,,19,1,2,.500,0,0,,1,2,.500,.500,1,2,.500,1,2,3,0,0,0,1,0,3,1.9,Melody Kempton,https://www.sports-reference.com/cbb/players/melody-kempton-1.html,gonzaga,2019-20
26,60,26,2020-02-13,Gonzaga,,San Francisco,REG (Conf),W 56-38,,21,3,3,1.000,0,0,,3,3,1.000,1.000,4,6,.667,5,1,6,1,0,0,4,3,10,7.6,Melody Kempton,https://www.sports-reference.com/cbb/players/melody-kempton-1.html,gonzaga,2019-20
27,61,27,2020-02-15,Gonzaga,,Santa Clara,REG (Conf),W 53-46,,17,2,5,.400,0,1,.000,2,4,.500,.400,2,3,.667,3,2,5,0,1,1,0,2,6,6.5,Melody Kempton,https://www.sports-reference.com/cbb/players/melody-kempton-1.html,gonzaga,2019-20
28,62,28,2020-02-20,Gonzaga,@,Loyola Marymount,REG (Conf),W 75-47,,10,0,1,.000,0,0,,0,1,.000,.000,1,2,.500,0,1,1,1,0,1,0,4,1,0.0,Melody Kempton,https://www.sports-reference.com/cbb/players/melody-kempton-1.html,gonzaga,2019-20
29,63,29,2020-02-22,Gonzaga,@,Pepperdine,REG (Conf),W 64-50,,24,4,7,.571,0,0,,4,7,.571,.571,4,6,.667,6,3,9,1,0,2,3,2,12,11.3,Melody Kempton,https://www.sports-reference.com/cbb/players/melody-kempton-1.html,gonzaga,2019-20
30,64,30,2020-02-29,Gonzaga,@,Portland,REG (Conf),W 56-42,,21,3,6,.500,0,0,,3,6,.500,.500,0,0,,0,3,3,0,0,0,1,2,6,2.1,Melody Kempton,https://www.sports-reference.com/cbb/players/melody-kempton-1.html,gonzaga,2019-20
31,65,31,2020-03-09,Gonzaga,,Portland,CTOURN,L 69-70,,23,2,6,.333,0,0,,2,6,.333,.333,3,4,.750,3,2,5,0,0,0,1,1,7,4.5,Melody Kempton,https://www.sports-reference.com/cbb/players/melody-kempton-1.html,gonzaga,2019-20
