ranker,player_game_num_career,team_game_num_season,date,team_name_abbr,game_location,opp_name_abbr,game_type,game_result,is_starter,mp,fg,fga,fg_pct,fg3,fg3a,fg3_pct,fg2,fg2a,fg2_pct,efg_pct,ft,fta,ft_pct,orb,drb,trb,ast,stl,blk,tov,pf,pts,game_score,player_name,player_sr_link,school,season
1,1,1,2021-11-09,Brown,@,Fairfield,REG (Non-Conf),L 52-76,,23,3,5,.600,0,1,.000,3,4,.750,.600,1,1,1.000,2,3,5,0,1,0,3,0,7,5.0,Amanda Latkany,https://www.sports-reference.com/cbb/players/amanda-latkany-1.html,brown,2021-22
2,2,2,2021-11-14,Brown,@,Sacred Heart,REG (Non-Conf),L 46-71,,24,3,6,.500,0,2,.000,3,4,.750,.500,0,3,.000,3,7,10,1,1,0,2,2,6,4.9,Amanda Latkany,https://www.sports-reference.com/cbb/players/amanda-latkany-1.html,brown,2021-22
3,3,3,2021-11-16,Brown,@,Bryant,REG (Non-Conf),W 63-60,*,34,4,10,.400,0,3,.000,4,7,.571,.400,0,0,,0,7,7,1,3,1,2,1,8,6.7,Amanda Latkany,https://www.sports-reference.com/cbb/players/amanda-latkany-1.html,brown,2021-22
4,4,4,2021-11-18,Brown,,Central Connecticut State,REG (Non-Conf),L 60-67,*,21,1,4,.250,0,1,.000,1,3,.333,.250,0,0,,1,3,4,1,1,0,2,1,2,0.5,Amanda Latkany,https://www.sports-reference.com/cbb/players/amanda-latkany-1.html,brown,2021-22
5,5,5,2021-11-20,Brown,,Wagner,REG (Non-Conf),L 57-67,*,34,4,9,.444,0,1,.000,4,8,.500,.444,1,2,.500,5,8,13,1,2,1,4,1,9,8.8,Amanda Latkany,https://www.sports-reference.com/cbb/players/amanda-latkany-1.html,brown,2021-22
6,6,6,2021-11-23,Brown,@,Hartford,REG (Non-Conf),W 72-68,*,34,3,10,.300,1,3,.333,2,7,.286,.350,2,2,1.000,1,3,4,2,2,0,2,2,9,5.4,Amanda Latkany,https://www.sports-reference.com/cbb/players/amanda-latkany-1.html,brown,2021-22
7,7,7,2021-11-27,Brown,@,Vermont,REG (Non-Conf),L 46-79,*,23,1,5,.200,0,1,.000,1,4,.250,.200,0,0,,5,3,8,1,1,0,1,0,2,4.0,Amanda Latkany,https://www.sports-reference.com/cbb/players/amanda-latkany-1.html,brown,2021-22
8,8,8,2021-11-28,Brown,,North Dakota,REG (Non-Conf),L 46-65,*,32,1,4,.250,0,1,.000,1,3,.333,.250,1,2,.500,3,4,7,1,3,0,3,0,3,4.2,Amanda Latkany,https://www.sports-reference.com/cbb/players/amanda-latkany-1.html,brown,2021-22
9,9,9,2021-12-05,Brown,@,Holy Cross,REG (Non-Conf),W 57-55,*,37,4,12,.333,1,5,.200,3,7,.429,.375,6,6,1.000,3,4,7,2,1,0,1,3,15,11.7,Amanda Latkany,https://www.sports-reference.com/cbb/players/amanda-latkany-1.html,brown,2021-22
10,10,10,2021-12-08,Brown,,Providence,REG (Non-Conf),L 43-59,*,31,4,13,.308,0,3,.000,4,10,.400,.308,0,0,,0,3,3,0,2,2,1,0,8,3.8,Amanda Latkany,https://www.sports-reference.com/cbb/players/amanda-latkany-1.html,brown,2021-22
11,11,11,2021-12-11,Brown,,Fisher College,REG (Non-Conf),W 90-31,*,13,4,8,.500,0,0,,4,8,.500,.500,1,1,1.000,1,5,6,0,3,0,0,0,9,10.2,Amanda Latkany,https://www.sports-reference.com/cbb/players/amanda-latkany-1.html,brown,2021-22
12,12,12,2021-12-30,Brown,@,St. John's (NY),REG (Non-Conf),W 75-72,*,32,1,4,.250,1,2,.500,0,2,.000,.375,0,0,,2,5,7,3,1,3,2,0,3,6.7,Amanda Latkany,https://www.sports-reference.com/cbb/players/amanda-latkany-1.html,brown,2021-22
13,13,13,2022-01-02,Brown,,Pennsylvania,REG (Conf),L 37-66,*,24,1,6,.167,0,0,,1,6,.167,.167,0,0,,2,4,6,4,1,0,3,1,2,1.2,Amanda Latkany,https://www.sports-reference.com/cbb/players/amanda-latkany-1.html,brown,2021-22
14,14,16,2022-01-17,Brown,@,Yale,REG (Conf),L 67-69,*,36,3,10,.300,2,3,.667,1,7,.143,.400,0,0,,0,9,9,3,2,1,3,1,8,6.3,Amanda Latkany,https://www.sports-reference.com/cbb/players/amanda-latkany-1.html,brown,2021-22
15,15,17,2022-01-22,Brown,,Columbia,REG (Conf),L 52-60,*,33,4,8,.500,1,2,.500,3,6,.500,.563,0,0,,1,6,7,1,3,0,1,4,9,8.6,Amanda Latkany,https://www.sports-reference.com/cbb/players/amanda-latkany-1.html,brown,2021-22
16,16,18,2022-01-29,Brown,@,Cornell,REG (Conf),L 55-61,*,22,0,4,.000,0,1,.000,0,3,.000,.000,0,0,,1,2,3,2,1,0,3,2,0,-2.9,Amanda Latkany,https://www.sports-reference.com/cbb/players/amanda-latkany-1.html,brown,2021-22
17,17,19,2022-02-04,Brown,@,Harvard,REG (Conf),L 73-77,*,27,2,4,.500,0,1,.000,2,3,.667,.500,2,2,1.000,1,6,7,3,1,0,4,3,6,4.4,Amanda Latkany,https://www.sports-reference.com/cbb/players/amanda-latkany-1.html,brown,2021-22
18,18,20,2022-02-05,Brown,@,Dartmouth,REG (Conf),L 54-58,*,22,2,5,.400,1,4,.250,1,1,1.000,.500,2,2,1.000,2,3,5,1,1,2,2,1,7,7.3,Amanda Latkany,https://www.sports-reference.com/cbb/players/amanda-latkany-1.html,brown,2021-22
19,19,21,2022-02-08,Brown,,Dartmouth,REG (Conf),W 70-56,*,28,1,3,.333,0,0,,1,3,.333,.333,0,0,,2,5,7,1,2,0,0,0,2,5.9,Amanda Latkany,https://www.sports-reference.com/cbb/players/amanda-latkany-1.html,brown,2021-22
20,20,22,2022-02-12,Brown,,Cornell,REG (Conf),L 61-68,*,24,0,1,.000,0,1,.000,0,0,,.000,0,0,,1,2,3,1,0,0,0,4,0,-0.3,Amanda Latkany,https://www.sports-reference.com/cbb/players/amanda-latkany-1.html,brown,2021-22
21,21,23,2022-02-18,Brown,@,Princeton,REG (Conf),L 42-88,*,12,1,2,.500,0,1,.000,1,1,1.000,.500,0,0,,2,2,4,0,1,1,4,1,2,0.3,Amanda Latkany,https://www.sports-reference.com/cbb/players/amanda-latkany-1.html,brown,2021-22
22,22,24,2022-02-19,Brown,@,Pennsylvania,REG (Conf),L 53-67,*,11,0,2,.000,0,0,,0,2,.000,.000,0,0,,0,0,0,0,0,0,2,1,0,-3.8,Amanda Latkany,https://www.sports-reference.com/cbb/players/amanda-latkany-1.html,brown,2021-22
23,23,25,2022-02-26,Brown,@,Columbia,REG (Conf),L 56-85,*,24,0,3,.000,0,0,,0,3,.000,.000,0,0,,0,1,1,1,1,0,0,0,0,-0.1,Amanda Latkany,https://www.sports-reference.com/cbb/players/amanda-latkany-1.html,brown,2021-22
24,24,26,2022-03-05,Brown,,Yale,REG (Conf),L 49-64,*,21,0,3,.000,0,2,.000,0,1,.000,.000,0,0,,1,1,2,0,1,0,1,0,0,-1.1,Amanda Latkany,https://www.sports-reference.com/cbb/players/amanda-latkany-1.html,brown,2021-22
