ranker,player_game_num_career,team_game_num_season,date,team_name_abbr,game_location,opp_name_abbr,game_type,game_result,is_starter,mp,fg,fga,fg_pct,fg3,fg3a,fg3_pct,fg2,fg2a,fg2_pct,efg_pct,ft,fta,ft_pct,orb,drb,trb,ast,stl,blk,tov,pf,pts,game_score,player_name,player_sr_link,school,season
1,28,9,2021-12-05,Brown,@,Holy Cross,REG (Non-Conf),W 57-55,,7,0,3,.000,0,0,,0,3,.000,.000,0,0,,0,0,0,0,0,0,0,1,0,-2.5,Ashley Ducharme,https://www.sports-reference.com/cbb/players/ashley-ducharme-1.html,brown,2021-22
2,29,10,2021-12-08,Brown,,Providence,REG (Non-Conf),L 43-59,,9,1,2,.500,0,0,,1,2,.500,.500,0,0,,0,3,3,0,0,0,1,2,2,0.1,Ashley Ducharme,https://www.sports-reference.com/cbb/players/ashley-ducharme-1.html,brown,2021-22
3,30,11,2021-12-11,Brown,,Fisher College,REG (Non-Conf),W 90-31,,10,2,5,.400,0,1,.000,2,4,.500,.400,2,2,1.000,0,1,1,0,1,0,0,0,6,4.6,Ashley Ducharme,https://www.sports-reference.com/cbb/players/ashley-ducharme-1.html,brown,2021-22
4,31,12,2021-12-30,Brown,@,St. John's (NY),REG (Non-Conf),W 75-72,*,23,3,7,.429,1,4,.250,2,3,.667,.500,0,0,,1,3,4,1,0,1,3,3,7,2.1,Ashley Ducharme,https://www.sports-reference.com/cbb/players/ashley-ducharme-1.html,brown,2021-22
5,32,13,2022-01-02,Brown,,Pennsylvania,REG (Conf),L 37-66,*,14,1,3,.333,0,0,,1,3,.333,.333,0,0,,1,3,4,1,0,0,1,1,2,1.2,Ashley Ducharme,https://www.sports-reference.com/cbb/players/ashley-ducharme-1.html,brown,2021-22
6,33,14,2022-01-07,Brown,,Harvard,REG (Conf),L 58-89,*,25,5,9,.556,0,2,.000,5,7,.714,.556,1,2,.500,2,1,3,1,0,0,3,4,11,4.1,Ashley Ducharme,https://www.sports-reference.com/cbb/players/ashley-ducharme-1.html,brown,2021-22
7,34,15,2022-01-15,Brown,,Princeton,REG (Conf),L 39-72,*,17,0,0,,0,0,,0,0,,,0,0,,0,2,2,0,1,0,2,1,0,-0.8,Ashley Ducharme,https://www.sports-reference.com/cbb/players/ashley-ducharme-1.html,brown,2021-22
8,35,16,2022-01-17,Brown,@,Yale,REG (Conf),L 67-69,,5,1,1,1.000,0,0,,1,1,1.000,1.000,1,1,1.000,0,0,0,0,0,0,0,0,3,2.7,Ashley Ducharme,https://www.sports-reference.com/cbb/players/ashley-ducharme-1.html,brown,2021-22
9,36,17,2022-01-22,Brown,,Columbia,REG (Conf),L 52-60,,5,1,3,.333,0,0,,1,3,.333,.333,0,0,,2,1,3,0,0,0,0,2,2,1.2,Ashley Ducharme,https://www.sports-reference.com/cbb/players/ashley-ducharme-1.html,brown,2021-22
10,37,19,2022-02-04,Brown,@,Harvard,REG (Conf),L 73-77,,14,1,2,.500,0,1,.000,1,1,1.000,.500,0,0,,0,0,0,0,0,0,1,1,2,-0.4,Ashley Ducharme,https://www.sports-reference.com/cbb/players/ashley-ducharme-1.html,brown,2021-22
11,38,20,2022-02-05,Brown,@,Dartmouth,REG (Conf),L 54-58,,10,0,2,.000,0,2,.000,0,0,,.000,0,0,,0,0,0,1,0,0,1,1,0,-2.1,Ashley Ducharme,https://www.sports-reference.com/cbb/players/ashley-ducharme-1.html,brown,2021-22
12,39,21,2022-02-08,Brown,,Dartmouth,REG (Conf),W 70-56,,23,4,6,.667,1,3,.333,3,3,1.000,.750,0,0,,1,2,3,3,0,0,3,1,9,6.4,Ashley Ducharme,https://www.sports-reference.com/cbb/players/ashley-ducharme-1.html,brown,2021-22
13,40,22,2022-02-12,Brown,,Cornell,REG (Conf),L 61-68,,18,0,3,.000,0,1,.000,0,2,.000,.000,2,2,1.000,0,3,3,2,1,0,2,3,2,0.0,Ashley Ducharme,https://www.sports-reference.com/cbb/players/ashley-ducharme-1.html,brown,2021-22
14,41,23,2022-02-18,Brown,@,Princeton,REG (Conf),L 42-88,,24,3,6,.500,0,0,,3,6,.500,.500,0,0,,0,4,4,1,1,1,2,1,6,4.2,Ashley Ducharme,https://www.sports-reference.com/cbb/players/ashley-ducharme-1.html,brown,2021-22
15,42,24,2022-02-19,Brown,@,Pennsylvania,REG (Conf),L 53-67,*,30,0,4,.000,0,2,.000,0,2,.000,.000,0,0,,0,4,4,2,2,0,2,1,0,-0.6,Ashley Ducharme,https://www.sports-reference.com/cbb/players/ashley-ducharme-1.html,brown,2021-22
16,43,25,2022-02-26,Brown,@,Columbia,REG (Conf),L 56-85,*,28,2,5,.400,1,2,.500,1,3,.333,.500,0,0,,0,2,2,0,0,0,2,2,5,0.1,Ashley Ducharme,https://www.sports-reference.com/cbb/players/ashley-ducharme-1.html,brown,2021-22
17,44,26,2022-03-05,Brown,,Yale,REG (Conf),L 49-64,*,32,4,9,.444,1,3,.333,3,6,.500,.500,1,2,.500,1,4,5,1,0,1,4,1,10,3.8,Ashley Ducharme,https://www.sports-reference.com/cbb/players/ashley-ducharme-1.html,brown,2021-22
