ranker,player_game_num_career,team_game_num_season,date,team_name_abbr,game_location,opp_name_abbr,game_type,game_result,is_starter,mp,fg,fga,fg_pct,fg3,fg3a,fg2,fg2a,fg2_pct,efg_pct,ft,fta,orb,drb,trb,ast,stl,blk,tov,pf,pts,game_score,player_name,player_sr_link,school,season
1,1,1,2021-11-09,Brown,@,Fairfield,REG (Non-Conf),L 52-76,,16,1,1,1.000,0,0,1,1,1.000,1.000,0,0,2,4,6,0,0,1,1,1,2,3.6,Chantal Nadia,https://www.sports-reference.com/cbb/players/chantal-nadia-1.html,brown,2021-22
2,2,2,2021-11-14,Brown,@,Sacred Heart,REG (Non-Conf),L 46-71,,16,1,1,1.000,0,0,1,1,1.000,1.000,0,0,1,5,6,0,1,0,2,3,2,1.7,Chantal Nadia,https://www.sports-reference.com/cbb/players/chantal-nadia-1.html,brown,2021-22
3,3,3,2021-11-16,Brown,@,Bryant,REG (Non-Conf),W 63-60,,13,0,2,.000,0,0,0,2,.000,.000,0,0,0,3,3,0,0,1,2,5,0,-3.8,Chantal Nadia,https://www.sports-reference.com/cbb/players/chantal-nadia-1.html,brown,2021-22
4,4,4,2021-11-18,Brown,,Central Connecticut State,REG (Non-Conf),L 60-67,,8,1,1,1.000,0,0,1,1,1.000,1.000,0,0,2,2,4,0,0,0,2,0,2,1.7,Chantal Nadia,https://www.sports-reference.com/cbb/players/chantal-nadia-1.html,brown,2021-22
5,5,5,2021-11-20,Brown,,Wagner,REG (Non-Conf),L 57-67,,11,0,1,.000,0,0,0,1,.000,.000,0,0,2,2,4,1,1,0,4,3,0,-2.2,Chantal Nadia,https://www.sports-reference.com/cbb/players/chantal-nadia-1.html,brown,2021-22
6,6,6,2021-11-23,Brown,@,Hartford,REG (Non-Conf),W 72-68,,21,0,0,,0,0,0,0,,,0,0,2,4,6,1,0,1,0,1,0,3.6,Chantal Nadia,https://www.sports-reference.com/cbb/players/chantal-nadia-1.html,brown,2021-22
7,7,7,2021-11-27,Brown,@,Vermont,REG (Non-Conf),L 46-79,,15,1,4,.250,0,0,1,4,.250,.250,0,0,1,2,3,0,0,1,0,0,2,1.6,Chantal Nadia,https://www.sports-reference.com/cbb/players/chantal-nadia-1.html,brown,2021-22
8,8,8,2021-11-28,Brown,,North Dakota,REG (Non-Conf),L 46-65,*,27,3,9,.333,0,0,3,9,.333,.333,0,0,2,4,6,0,0,1,1,3,6,2.0,Chantal Nadia,https://www.sports-reference.com/cbb/players/chantal-nadia-1.html,brown,2021-22
9,9,9,2021-12-05,Brown,@,Holy Cross,REG (Non-Conf),W 57-55,,11,0,0,,0,0,0,0,,,0,0,0,1,1,0,0,0,0,1,0,-0.1,Chantal Nadia,https://www.sports-reference.com/cbb/players/chantal-nadia-1.html,brown,2021-22
10,10,10,2021-12-08,Brown,,Providence,REG (Non-Conf),L 43-59,,1,0,0,,0,0,0,0,,,0,0,0,0,0,0,0,0,0,2,0,-0.8,Chantal Nadia,https://www.sports-reference.com/cbb/players/chantal-nadia-1.html,brown,2021-22
11,11,11,2021-12-11,Brown,,Fisher College,REG (Non-Conf),W 90-31,,12,1,3,.333,0,0,1,3,.333,.333,0,0,1,1,2,3,0,2,1,1,2,3.4,Chantal Nadia,https://www.sports-reference.com/cbb/players/chantal-nadia-1.html,brown,2021-22
12,12,12,2021-12-30,Brown,@,St. John's (NY),REG (Non-Conf),W 75-72,,5,0,1,.000,0,0,0,1,.000,.000,0,0,0,1,1,0,0,0,0,0,0,-0.4,Chantal Nadia,https://www.sports-reference.com/cbb/players/chantal-nadia-1.html,brown,2021-22
13,13,13,2022-01-02,Brown,,Pennsylvania,REG (Conf),L 37-66,,8,0,0,,0,0,0,0,,,0,0,0,0,0,0,0,0,0,1,0,-0.4,Chantal Nadia,https://www.sports-reference.com/cbb/players/chantal-nadia-1.html,brown,2021-22
14,14,15,2022-01-15,Brown,,Princeton,REG (Conf),L 39-72,,6,0,0,,0,0,0,0,,,0,0,0,0,0,0,0,2,0,0,0,1.4,Chantal Nadia,https://www.sports-reference.com/cbb/players/chantal-nadia-1.html,brown,2021-22
15,15,16,2022-01-17,Brown,@,Yale,REG (Conf),L 67-69,,4,0,1,.000,0,0,0,1,.000,.000,0,0,0,0,0,1,0,0,0,0,0,0.0,Chantal Nadia,https://www.sports-reference.com/cbb/players/chantal-nadia-1.html,brown,2021-22
16,16,17,2022-01-22,Brown,,Columbia,REG (Conf),L 52-60,,5,0,1,.000,0,0,0,1,.000,.000,0,0,0,2,2,0,1,0,1,0,0,-0.1,Chantal Nadia,https://www.sports-reference.com/cbb/players/chantal-nadia-1.html,brown,2021-22
17,17,19,2022-02-04,Brown,@,Harvard,REG (Conf),L 73-77,,2,0,0,,0,0,0,0,,,0,0,0,0,0,0,0,0,0,0,0,0.0,Chantal Nadia,https://www.sports-reference.com/cbb/players/chantal-nadia-1.html,brown,2021-22
18,18,21,2022-02-08,Brown,,Dartmouth,REG (Conf),W 70-56,,4,0,1,.000,0,0,0,1,.000,.000,0,0,0,0,0,0,0,0,0,1,0,-1.1,Chantal Nadia,https://www.sports-reference.com/cbb/players/chantal-nadia-1.html,brown,2021-22
