ranker,player_game_num_career,team_game_num_season,date,team_name_abbr,game_location,opp_name_abbr,game_type,game_result,is_starter,mp,fg,fga,fg_pct,fg3,fg3a,fg3_pct,fg2,fg2a,fg2_pct,efg_pct,ft,fta,ft_pct,orb,drb,trb,ast,stl,blk,tov,pf,pts,game_score,player_name,player_sr_link,school,season
1,1,1,2021-11-09,Brown,@,Fairfield,REG (Non-Conf),L 52-76,*,36,4,5,.800,3,4,.750,1,1,1.000,1.100,0,1,.000,1,5,6,3,0,1,1,2,11,11.9,Charlotte Jewell,https://www.sports-reference.com/cbb/players/charlotte-jewell-1.html,brown,2021-22
2,2,2,2021-11-14,Brown,@,Sacred Heart,REG (Non-Conf),L 46-71,*,35,0,7,.000,0,4,.000,0,3,.000,.000,1,2,.500,2,1,3,1,1,0,2,1,1,-3.3,Charlotte Jewell,https://www.sports-reference.com/cbb/players/charlotte-jewell-1.html,brown,2021-22
3,3,3,2021-11-16,Brown,@,Bryant,REG (Non-Conf),W 63-60,*,38,4,5,.800,0,0,,4,5,.800,.800,4,4,1.000,0,1,1,0,2,0,1,0,12,11.4,Charlotte Jewell,https://www.sports-reference.com/cbb/players/charlotte-jewell-1.html,brown,2021-22
4,4,4,2021-11-18,Brown,,Central Connecticut State,REG (Non-Conf),L 60-67,*,32,2,9,.222,1,4,.250,1,5,.200,.278,0,0,,1,3,4,3,0,0,1,3,5,1.0,Charlotte Jewell,https://www.sports-reference.com/cbb/players/charlotte-jewell-1.html,brown,2021-22
5,5,5,2021-11-20,Brown,,Wagner,REG (Non-Conf),L 57-67,*,40,3,7,.429,0,2,.000,3,5,.600,.429,0,0,,1,3,4,2,1,1,1,1,6,5.6,Charlotte Jewell,https://www.sports-reference.com/cbb/players/charlotte-jewell-1.html,brown,2021-22
6,6,6,2021-11-23,Brown,@,Hartford,REG (Non-Conf),W 72-68,*,39,4,11,.364,2,7,.286,2,4,.500,.455,5,6,.833,0,3,3,4,0,0,1,3,15,10.0,Charlotte Jewell,https://www.sports-reference.com/cbb/players/charlotte-jewell-1.html,brown,2021-22
7,7,7,2021-11-27,Brown,@,Vermont,REG (Non-Conf),L 46-79,*,31,3,6,.500,2,4,.500,1,2,.500,.667,0,0,,2,1,3,1,0,0,4,0,8,3.4,Charlotte Jewell,https://www.sports-reference.com/cbb/players/charlotte-jewell-1.html,brown,2021-22
8,8,8,2021-11-28,Brown,,North Dakota,REG (Non-Conf),L 46-65,*,34,1,10,.100,0,5,.000,1,5,.200,.100,0,1,.000,0,1,1,2,2,1,2,2,2,-3.4,Charlotte Jewell,https://www.sports-reference.com/cbb/players/charlotte-jewell-1.html,brown,2021-22
9,9,9,2021-12-05,Brown,@,Holy Cross,REG (Non-Conf),W 57-55,*,37,5,9,.556,2,4,.500,3,5,.600,.667,1,2,.500,5,4,9,4,3,0,3,0,13,15.8,Charlotte Jewell,https://www.sports-reference.com/cbb/players/charlotte-jewell-1.html,brown,2021-22
10,10,10,2021-12-08,Brown,,Providence,REG (Non-Conf),L 43-59,*,30,1,7,.143,1,5,.200,0,2,.000,.214,0,0,,0,1,1,2,2,0,2,0,3,0.2,Charlotte Jewell,https://www.sports-reference.com/cbb/players/charlotte-jewell-1.html,brown,2021-22
11,11,11,2021-12-11,Brown,,Fisher College,REG (Non-Conf),W 90-31,*,17,4,4,1.000,2,2,1.000,2,2,1.000,1.250,0,0,,0,3,3,2,4,0,1,2,10,13.3,Charlotte Jewell,https://www.sports-reference.com/cbb/players/charlotte-jewell-1.html,brown,2021-22
12,12,13,2022-01-02,Brown,,Pennsylvania,REG (Conf),L 37-66,,19,1,6,.167,1,5,.200,0,1,.000,.250,0,0,,1,2,3,0,0,0,1,1,3,-0.9,Charlotte Jewell,https://www.sports-reference.com/cbb/players/charlotte-jewell-1.html,brown,2021-22
13,13,14,2022-01-07,Brown,,Harvard,REG (Conf),L 58-89,*,33,1,7,.143,0,3,.000,1,4,.250,.143,2,2,1.000,0,3,3,3,2,0,5,2,4,-1.3,Charlotte Jewell,https://www.sports-reference.com/cbb/players/charlotte-jewell-1.html,brown,2021-22
14,14,15,2022-01-15,Brown,,Princeton,REG (Conf),L 39-72,*,34,1,8,.125,0,1,.000,1,7,.143,.125,1,4,.250,0,4,4,2,3,0,3,1,3,-1.2,Charlotte Jewell,https://www.sports-reference.com/cbb/players/charlotte-jewell-1.html,brown,2021-22
15,15,16,2022-01-17,Brown,@,Yale,REG (Conf),L 67-69,*,37,4,8,.500,1,2,.500,3,6,.500,.563,2,2,1.000,0,6,6,8,3,0,3,2,11,13.6,Charlotte Jewell,https://www.sports-reference.com/cbb/players/charlotte-jewell-1.html,brown,2021-22
16,16,17,2022-01-22,Brown,,Columbia,REG (Conf),L 52-60,*,36,1,12,.083,1,2,.500,0,10,.000,.125,0,0,,0,5,5,5,3,0,1,2,3,1.2,Charlotte Jewell,https://www.sports-reference.com/cbb/players/charlotte-jewell-1.html,brown,2021-22
17,17,18,2022-01-29,Brown,@,Cornell,REG (Conf),L 55-61,*,39,3,10,.300,2,6,.333,1,4,.250,.400,1,2,.500,0,6,6,3,2,0,3,5,9,3.7,Charlotte Jewell,https://www.sports-reference.com/cbb/players/charlotte-jewell-1.html,brown,2021-22
18,18,19,2022-02-04,Brown,@,Harvard,REG (Conf),L 73-77,*,39,5,11,.455,1,5,.200,4,6,.667,.500,1,1,1.000,1,7,8,2,0,0,3,2,12,6.7,Charlotte Jewell,https://www.sports-reference.com/cbb/players/charlotte-jewell-1.html,brown,2021-22
19,19,20,2022-02-05,Brown,@,Dartmouth,REG (Conf),L 54-58,*,36,2,7,.286,1,4,.250,1,3,.333,.357,4,4,1.000,0,2,2,2,1,0,3,1,9,4.5,Charlotte Jewell,https://www.sports-reference.com/cbb/players/charlotte-jewell-1.html,brown,2021-22
