ranker,player_game_num_career,team_game_num_season,date,team_name_abbr,game_location,opp_name_abbr,game_type,game_result,is_starter,mp,fg,fga,fg_pct,fg3,fg3a,fg3_pct,fg2,fg2a,fg2_pct,efg_pct,ft,fta,ft_pct,orb,drb,trb,ast,stl,blk,tov,pf,pts,game_score,player_name,player_sr_link,school,season
1,27,2,2021-11-14,Brown,@,Sacred Heart,REG (Non-Conf),L 46-71,,9,1,2,.500,0,1,.000,1,1,1.000,.500,2,3,.667,1,1,2,0,0,0,0,2,4,2.8,Dani Short,https://www.sports-reference.com/cbb/players/dani-short-1.html,brown,2021-22
2,28,4,2021-11-18,Brown,,Central Connecticut State,REG (Non-Conf),L 60-67,,9,0,2,.000,0,1,.000,0,1,.000,.000,3,4,.750,1,1,2,0,1,0,0,0,3,3.2,Dani Short,https://www.sports-reference.com/cbb/players/dani-short-1.html,brown,2021-22
3,29,5,2021-11-20,Brown,,Wagner,REG (Non-Conf),L 57-67,,7,0,1,.000,0,0,,0,1,.000,.000,0,0,,0,2,2,0,0,0,0,2,0,-0.9,Dani Short,https://www.sports-reference.com/cbb/players/dani-short-1.html,brown,2021-22
4,30,7,2021-11-27,Brown,@,Vermont,REG (Non-Conf),L 46-79,,5,1,1,1.000,0,0,,1,1,1.000,1.000,2,2,1.000,0,1,1,0,0,0,0,0,4,4.0,Dani Short,https://www.sports-reference.com/cbb/players/dani-short-1.html,brown,2021-22
5,31,8,2021-11-28,Brown,,North Dakota,REG (Non-Conf),L 46-65,,13,1,6,.167,0,2,.000,1,4,.250,.167,0,0,,2,3,5,0,0,1,0,1,2,0.8,Dani Short,https://www.sports-reference.com/cbb/players/dani-short-1.html,brown,2021-22
6,32,9,2021-12-05,Brown,@,Holy Cross,REG (Non-Conf),W 57-55,,15,1,4,.250,0,0,,1,4,.250,.250,0,0,,1,5,6,0,1,2,0,1,2,3.8,Dani Short,https://www.sports-reference.com/cbb/players/dani-short-1.html,brown,2021-22
7,33,10,2021-12-08,Brown,,Providence,REG (Non-Conf),L 43-59,,4,1,1,1.000,0,0,,1,1,1.000,1.000,0,0,,0,2,2,0,0,0,0,1,2,1.9,Dani Short,https://www.sports-reference.com/cbb/players/dani-short-1.html,brown,2021-22
8,34,11,2021-12-11,Brown,,Fisher College,REG (Non-Conf),W 90-31,,11,1,1,1.000,0,0,,1,1,1.000,1.000,0,0,,1,4,5,2,0,1,0,0,2,5.7,Dani Short,https://www.sports-reference.com/cbb/players/dani-short-1.html,brown,2021-22
9,35,12,2021-12-30,Brown,@,St. John's (NY),REG (Non-Conf),W 75-72,,14,3,5,.600,0,0,,3,5,.600,.600,0,0,,0,3,3,1,0,0,1,0,6,4.3,Dani Short,https://www.sports-reference.com/cbb/players/dani-short-1.html,brown,2021-22
10,36,13,2022-01-02,Brown,,Pennsylvania,REG (Conf),L 37-66,,14,1,5,.200,0,1,.000,1,4,.250,.200,0,0,,0,4,4,1,0,0,2,4,2,-2.8,Dani Short,https://www.sports-reference.com/cbb/players/dani-short-1.html,brown,2021-22
11,37,14,2022-01-07,Brown,,Harvard,REG (Conf),L 58-89,*,15,1,4,.250,0,0,,1,4,.250,.250,1,2,.500,0,3,3,0,0,0,0,1,3,0.7,Dani Short,https://www.sports-reference.com/cbb/players/dani-short-1.html,brown,2021-22
12,38,15,2022-01-15,Brown,,Princeton,REG (Conf),L 39-72,,3,0,0,,0,0,,0,0,,,0,0,,0,0,0,0,0,0,2,1,0,-2.4,Dani Short,https://www.sports-reference.com/cbb/players/dani-short-1.html,brown,2021-22
13,39,23,2022-02-18,Brown,@,Princeton,REG (Conf),L 42-88,,3,0,1,.000,0,1,.000,0,0,,.000,0,0,,0,1,1,0,0,0,0,1,0,-0.8,Dani Short,https://www.sports-reference.com/cbb/players/dani-short-1.html,brown,2021-22
14,40,25,2022-02-26,Brown,@,Columbia,REG (Conf),L 56-85,,4,0,0,,0,0,,0,0,,,1,2,.500,0,0,0,0,0,1,0,0,1,1.3,Dani Short,https://www.sports-reference.com/cbb/players/dani-short-1.html,brown,2021-22
15,41,26,2022-03-05,Brown,,Yale,REG (Conf),L 49-64,,13,0,0,,0,0,,0,0,,,0,0,,1,1,2,0,4,0,0,1,0,4.6,Dani Short,https://www.sports-reference.com/cbb/players/dani-short-1.html,brown,2021-22
