ranker,player_game_num_career,team_game_num_season,date,team_name_abbr,game_location,opp_name_abbr,game_type,game_result,is_starter,mp,fg,fga,fg_pct,fg3,fg3a,fg3_pct,fg2,fg2a,fg2_pct,efg_pct,ft,fta,orb,drb,trb,ast,stl,blk,tov,pf,pts,game_score,player_name,player_sr_link,school,season
1,1,1,2021-11-09,Brown,@,Fairfield,REG (Non-Conf),L 52-76,,4,0,2,.000,0,2,.000,0,0,,.000,0,0,0,0,0,0,0,0,1,1,0,-2.8,Emma Laszewski,https://www.sports-reference.com/cbb/players/emma-laszewski-1.html,brown,2021-22
2,2,4,2021-11-18,Brown,,Central Connecticut State,REG (Non-Conf),L 60-67,,15,0,3,.000,0,2,.000,0,1,.000,.000,0,0,0,3,3,0,1,1,2,0,0,-1.5,Emma Laszewski,https://www.sports-reference.com/cbb/players/emma-laszewski-1.html,brown,2021-22
3,3,5,2021-11-20,Brown,,Wagner,REG (Non-Conf),L 57-67,,2,0,0,,0,0,,0,0,,,0,0,0,0,0,0,0,0,2,0,0,-2.0,Emma Laszewski,https://www.sports-reference.com/cbb/players/emma-laszewski-1.html,brown,2021-22
4,4,6,2021-11-23,Brown,@,Hartford,REG (Non-Conf),W 72-68,,1,0,0,,0,0,,0,0,,,0,0,0,0,0,0,1,0,0,0,0,1.0,Emma Laszewski,https://www.sports-reference.com/cbb/players/emma-laszewski-1.html,brown,2021-22
5,5,7,2021-11-27,Brown,@,Vermont,REG (Non-Conf),L 46-79,,12,1,1,1.000,1,1,1.000,0,0,,1.500,0,0,1,3,4,1,1,1,1,1,3,5.3,Emma Laszewski,https://www.sports-reference.com/cbb/players/emma-laszewski-1.html,brown,2021-22
6,6,8,2021-11-28,Brown,,North Dakota,REG (Non-Conf),L 46-65,,4,0,0,,0,0,,0,0,,,0,0,0,1,1,0,0,0,0,0,0,0.3,Emma Laszewski,https://www.sports-reference.com/cbb/players/emma-laszewski-1.html,brown,2021-22
7,7,10,2021-12-08,Brown,,Providence,REG (Non-Conf),L 43-59,,4,0,1,.000,0,1,.000,0,0,,.000,0,0,1,3,4,1,0,0,1,0,0,0.6,Emma Laszewski,https://www.sports-reference.com/cbb/players/emma-laszewski-1.html,brown,2021-22
8,8,11,2021-12-11,Brown,,Fisher College,REG (Non-Conf),W 90-31,,13,3,6,.500,0,3,.000,3,3,1.000,.500,0,0,1,4,5,0,0,0,1,1,6,3.5,Emma Laszewski,https://www.sports-reference.com/cbb/players/emma-laszewski-1.html,brown,2021-22
9,9,12,2021-12-30,Brown,@,St. John's (NY),REG (Non-Conf),W 75-72,,4,1,1,1.000,1,1,1.000,0,0,,1.500,0,0,0,1,1,0,0,0,0,0,3,3.0,Emma Laszewski,https://www.sports-reference.com/cbb/players/emma-laszewski-1.html,brown,2021-22
10,10,13,2022-01-02,Brown,,Pennsylvania,REG (Conf),L 37-66,,6,0,1,.000,0,1,.000,0,0,,.000,0,0,0,1,1,0,0,0,0,0,0,-0.4,Emma Laszewski,https://www.sports-reference.com/cbb/players/emma-laszewski-1.html,brown,2021-22
11,11,14,2022-01-07,Brown,,Harvard,REG (Conf),L 58-89,,15,1,4,.250,1,3,.333,0,1,.000,.375,0,0,0,2,2,0,0,0,1,1,3,-0.2,Emma Laszewski,https://www.sports-reference.com/cbb/players/emma-laszewski-1.html,brown,2021-22
12,12,23,2022-02-18,Brown,@,Princeton,REG (Conf),L 42-88,,2,0,1,.000,0,1,.000,0,0,,.000,0,0,0,0,0,0,0,1,1,0,0,-1.0,Emma Laszewski,https://www.sports-reference.com/cbb/players/emma-laszewski-1.html,brown,2021-22
