ranker,player_game_num_career,team_game_num_season,date,team_name_abbr,game_location,opp_name_abbr,game_type,game_result,is_starter,mp,fg,fga,fg_pct,fg3,fg3a,fg3_pct,fg2,fg2a,fg2_pct,efg_pct,ft,fta,ft_pct,orb,drb,trb,ast,stl,blk,tov,pf,pts,game_score,player_name,player_sr_link,school,season
1,28,11,2021-12-11,Brown,,Fisher College,REG (Non-Conf),W 90-31,,13,1,2,.500,0,0,,1,2,.500,.500,0,0,,1,3,4,0,1,0,1,3,2,1.4,Fiona Finn,https://www.sports-reference.com/cbb/players/fiona-finn-1.html,brown,2021-22
2,29,15,2022-01-15,Brown,,Princeton,REG (Conf),L 39-72,,15,1,2,.500,0,1,.000,1,1,1.000,.500,1,1,1.000,1,5,6,0,0,0,1,0,3,3.2,Fiona Finn,https://www.sports-reference.com/cbb/players/fiona-finn-1.html,brown,2021-22
3,30,16,2022-01-17,Brown,@,Yale,REG (Conf),L 67-69,,2,0,0,,0,0,,0,0,,,0,0,,0,0,0,0,0,0,0,0,0,0.0,Fiona Finn,https://www.sports-reference.com/cbb/players/fiona-finn-1.html,brown,2021-22
4,31,23,2022-02-18,Brown,@,Princeton,REG (Conf),L 42-88,,5,0,1,.000,0,1,.000,0,0,,.000,0,0,,0,0,0,0,1,0,2,2,0,-2.5,Fiona Finn,https://www.sports-reference.com/cbb/players/fiona-finn-1.html,brown,2021-22
5,32,25,2022-02-26,Brown,@,Columbia,REG (Conf),L 56-85,,8,1,1,1.000,0,0,,1,1,1.000,1.000,0,0,,0,0,0,0,0,0,1,1,2,0.3,Fiona Finn,https://www.sports-reference.com/cbb/players/fiona-finn-1.html,brown,2021-22
