ranker,player_game_num_career,team_game_num_season,date,team_name_abbr,game_location,opp_name_abbr,game_type,game_result,is_starter,mp,fg,fga,fg_pct,fg3,fg3a,fg2,fg2a,fg2_pct,efg_pct,ft,fta,ft_pct,orb,drb,trb,ast,stl,blk,tov,pf,pts,game_score,player_name,player_sr_link,school,season
1,1,1,2021-11-09,Brown,@,Fairfield,REG (Non-Conf),L 52-76,,4,0,0,,0,0,0,0,,,1,2,.500,0,0,0,0,0,0,0,0,1,0.6,Gianna Aiello,https://www.sports-reference.com/cbb/players/gianna-aiello-1.html,brown,2021-22
2,2,2,2021-11-14,Brown,@,Sacred Heart,REG (Non-Conf),L 46-71,,2,0,0,,0,0,0,0,,,0,0,,0,0,0,0,0,0,0,1,0,-0.4,Gianna Aiello,https://www.sports-reference.com/cbb/players/gianna-aiello-1.html,brown,2021-22
3,3,7,2021-11-27,Brown,@,Vermont,REG (Non-Conf),L 46-79,,7,1,3,.333,0,0,1,3,.333,.333,1,2,.500,0,2,2,0,1,1,1,0,3,2.2,Gianna Aiello,https://www.sports-reference.com/cbb/players/gianna-aiello-1.html,brown,2021-22
4,4,8,2021-11-28,Brown,,North Dakota,REG (Non-Conf),L 46-65,,1,0,0,,0,0,0,0,,,0,2,.000,1,0,1,0,0,0,0,0,0,-0.1,Gianna Aiello,https://www.sports-reference.com/cbb/players/gianna-aiello-1.html,brown,2021-22
5,5,10,2021-12-08,Brown,,Providence,REG (Non-Conf),L 43-59,,4,0,1,.000,0,0,0,1,.000,.000,2,4,.500,1,1,2,0,0,1,0,1,2,1.8,Gianna Aiello,https://www.sports-reference.com/cbb/players/gianna-aiello-1.html,brown,2021-22
6,6,11,2021-12-11,Brown,,Fisher College,REG (Non-Conf),W 90-31,,10,1,2,.500,0,0,1,2,.500,.500,0,2,.000,3,3,6,1,0,1,1,0,2,3.6,Gianna Aiello,https://www.sports-reference.com/cbb/players/gianna-aiello-1.html,brown,2021-22
7,7,14,2022-01-07,Brown,,Harvard,REG (Conf),L 58-89,,18,1,3,.333,0,0,1,3,.333,.333,0,0,,1,2,3,0,2,0,1,1,2,2.2,Gianna Aiello,https://www.sports-reference.com/cbb/players/gianna-aiello-1.html,brown,2021-22
8,8,15,2022-01-15,Brown,,Princeton,REG (Conf),L 39-72,,20,1,3,.333,0,0,1,3,.333,.333,1,1,1.000,0,1,1,1,0,1,2,4,3,-0.6,Gianna Aiello,https://www.sports-reference.com/cbb/players/gianna-aiello-1.html,brown,2021-22
9,9,16,2022-01-17,Brown,@,Yale,REG (Conf),L 67-69,,21,0,0,,0,0,0,0,,,1,2,.500,0,2,2,0,0,0,0,2,1,0.4,Gianna Aiello,https://www.sports-reference.com/cbb/players/gianna-aiello-1.html,brown,2021-22
10,10,17,2022-01-22,Brown,,Columbia,REG (Conf),L 52-60,,17,1,1,1.000,0,0,1,1,1.000,1.000,0,1,.000,0,2,2,0,0,3,1,3,2,1.8,Gianna Aiello,https://www.sports-reference.com/cbb/players/gianna-aiello-1.html,brown,2021-22
11,11,18,2022-01-29,Brown,@,Cornell,REG (Conf),L 55-61,,21,2,4,.500,0,0,2,4,.500,.500,0,0,,1,8,9,0,1,0,1,3,4,3.9,Gianna Aiello,https://www.sports-reference.com/cbb/players/gianna-aiello-1.html,brown,2021-22
12,12,19,2022-02-04,Brown,@,Harvard,REG (Conf),L 73-77,,17,1,4,.250,0,0,1,4,.250,.250,4,4,1.000,1,1,2,0,0,0,0,1,6,4.2,Gianna Aiello,https://www.sports-reference.com/cbb/players/gianna-aiello-1.html,brown,2021-22
13,13,20,2022-02-05,Brown,@,Dartmouth,REG (Conf),L 54-58,,11,1,3,.333,0,0,1,3,.333,.333,0,0,,1,1,2,2,1,1,1,0,2,3.4,Gianna Aiello,https://www.sports-reference.com/cbb/players/gianna-aiello-1.html,brown,2021-22
14,14,21,2022-02-08,Brown,,Dartmouth,REG (Conf),W 70-56,,10,2,3,.667,0,0,2,3,.667,.667,0,0,,0,2,2,0,1,0,0,1,4,3.9,Gianna Aiello,https://www.sports-reference.com/cbb/players/gianna-aiello-1.html,brown,2021-22
15,15,22,2022-02-12,Brown,,Cornell,REG (Conf),L 61-68,,11,0,1,.000,0,0,0,1,.000,.000,0,0,,0,2,2,0,0,0,0,1,0,-0.5,Gianna Aiello,https://www.sports-reference.com/cbb/players/gianna-aiello-1.html,brown,2021-22
16,16,23,2022-02-18,Brown,@,Princeton,REG (Conf),L 42-88,,12,3,3,1.000,0,0,3,3,1.000,1.000,0,1,.000,1,2,3,0,0,0,0,1,6,5.6,Gianna Aiello,https://www.sports-reference.com/cbb/players/gianna-aiello-1.html,brown,2021-22
17,17,24,2022-02-19,Brown,@,Pennsylvania,REG (Conf),L 53-67,,18,0,0,,0,0,0,0,,,1,2,.500,0,5,5,0,1,1,1,5,1,0.8,Gianna Aiello,https://www.sports-reference.com/cbb/players/gianna-aiello-1.html,brown,2021-22
18,18,25,2022-02-26,Brown,@,Columbia,REG (Conf),L 56-85,,12,0,1,.000,0,0,0,1,.000,.000,0,0,,0,2,2,0,1,2,1,3,0,0.1,Gianna Aiello,https://www.sports-reference.com/cbb/players/gianna-aiello-1.html,brown,2021-22
19,19,26,2022-03-05,Brown,,Yale,REG (Conf),L 49-64,,16,1,3,.333,0,0,1,3,.333,.333,1,1,1.000,0,4,4,0,1,1,2,3,3,1.0,Gianna Aiello,https://www.sports-reference.com/cbb/players/gianna-aiello-1.html,brown,2021-22
