ranker,player_game_num_career,team_game_num_season,date,team_name_abbr,game_location,opp_name_abbr,game_type,game_result,is_starter,mp,fg,fga,fg_pct,fg3,fg3a,fg3_pct,fg2,fg2a,fg2_pct,efg_pct,ft,fta,ft_pct,orb,drb,trb,ast,stl,blk,tov,pf,pts,game_score,player_name,player_sr_link,school,season
1,1,1,2021-11-09,Brown,@,Fairfield,REG (Non-Conf),L 52-76,*,23,1,6,.167,1,5,.200,0,1,.000,.250,0,0,,0,1,1,0,2,0,1,2,3,-0.3,Grace Kirk,https://www.sports-reference.com/cbb/players/grace-kirk-1.html,brown,2021-22
2,2,2,2021-11-14,Brown,@,Sacred Heart,REG (Non-Conf),L 46-71,*,20,1,5,.200,0,4,.000,1,1,1.000,.200,2,4,.500,1,1,2,0,1,0,3,3,4,-2.1,Grace Kirk,https://www.sports-reference.com/cbb/players/grace-kirk-1.html,brown,2021-22
3,3,3,2021-11-16,Brown,@,Bryant,REG (Non-Conf),W 63-60,,17,3,7,.429,1,2,.500,2,5,.400,.500,1,1,1.000,0,0,0,2,3,0,3,4,8,4.1,Grace Kirk,https://www.sports-reference.com/cbb/players/grace-kirk-1.html,brown,2021-22
4,4,4,2021-11-18,Brown,,Central Connecticut State,REG (Non-Conf),L 60-67,,17,2,6,.333,1,4,.250,1,2,.500,.417,0,0,,1,1,2,1,1,0,2,2,5,1.5,Grace Kirk,https://www.sports-reference.com/cbb/players/grace-kirk-1.html,brown,2021-22
5,5,5,2021-11-20,Brown,,Wagner,REG (Non-Conf),L 57-67,,13,1,3,.333,1,2,.500,0,1,.000,.500,1,2,.500,0,0,0,1,4,1,0,3,4,6.1,Grace Kirk,https://www.sports-reference.com/cbb/players/grace-kirk-1.html,brown,2021-22
6,6,6,2021-11-23,Brown,@,Hartford,REG (Non-Conf),W 72-68,,1,0,2,.000,0,2,.000,0,0,,.000,0,0,,0,0,0,1,0,0,0,0,0,-0.7,Grace Kirk,https://www.sports-reference.com/cbb/players/grace-kirk-1.html,brown,2021-22
7,7,11,2021-12-11,Brown,,Fisher College,REG (Non-Conf),W 90-31,,23,3,8,.375,1,4,.250,2,4,.500,.438,3,6,.500,0,0,0,7,3,0,1,0,10,11.3,Grace Kirk,https://www.sports-reference.com/cbb/players/grace-kirk-1.html,brown,2021-22
8,8,12,2021-12-30,Brown,@,St. John's (NY),REG (Non-Conf),W 75-72,,7,0,1,.000,0,1,.000,0,0,,.000,0,0,,0,0,0,0,0,0,0,1,0,-1.1,Grace Kirk,https://www.sports-reference.com/cbb/players/grace-kirk-1.html,brown,2021-22
9,9,13,2022-01-02,Brown,,Pennsylvania,REG (Conf),L 37-66,,8,0,2,.000,0,2,.000,0,0,,.000,0,0,,0,0,0,0,0,0,0,0,0,-1.4,Grace Kirk,https://www.sports-reference.com/cbb/players/grace-kirk-1.html,brown,2021-22
10,10,15,2022-01-15,Brown,,Princeton,REG (Conf),L 39-72,,17,5,6,.833,2,2,1.000,3,4,.750,1.000,2,2,1.000,0,1,1,1,1,1,4,3,14,9.3,Grace Kirk,https://www.sports-reference.com/cbb/players/grace-kirk-1.html,brown,2021-22
11,11,16,2022-01-17,Brown,@,Yale,REG (Conf),L 67-69,,3,0,1,.000,0,0,,0,1,.000,.000,0,0,,0,0,0,0,0,0,1,0,0,-1.7,Grace Kirk,https://www.sports-reference.com/cbb/players/grace-kirk-1.html,brown,2021-22
12,12,17,2022-01-22,Brown,,Columbia,REG (Conf),L 52-60,,1,0,0,,0,0,,0,0,,,0,0,,0,0,0,1,0,0,0,0,0,0.7,Grace Kirk,https://www.sports-reference.com/cbb/players/grace-kirk-1.html,brown,2021-22
13,13,18,2022-01-29,Brown,@,Cornell,REG (Conf),L 55-61,,18,1,3,.333,1,3,.333,0,0,,.500,0,0,,1,1,2,3,1,0,2,1,3,3.0,Grace Kirk,https://www.sports-reference.com/cbb/players/grace-kirk-1.html,brown,2021-22
14,14,19,2022-02-04,Brown,@,Harvard,REG (Conf),L 73-77,,25,1,5,.200,1,1,1.000,0,4,.000,.300,1,2,.500,0,2,2,0,0,0,0,0,4,1.1,Grace Kirk,https://www.sports-reference.com/cbb/players/grace-kirk-1.html,brown,2021-22
15,15,20,2022-02-05,Brown,@,Dartmouth,REG (Conf),L 54-58,,23,3,4,.750,2,3,.667,1,1,1.000,1.000,0,0,,0,4,4,4,1,0,1,4,8,8.8,Grace Kirk,https://www.sports-reference.com/cbb/players/grace-kirk-1.html,brown,2021-22
16,16,21,2022-02-08,Brown,,Dartmouth,REG (Conf),W 70-56,*,21,1,4,.250,0,1,.000,1,3,.333,.250,0,0,,1,1,2,3,0,0,2,0,2,0.7,Grace Kirk,https://www.sports-reference.com/cbb/players/grace-kirk-1.html,brown,2021-22
17,17,22,2022-02-12,Brown,,Cornell,REG (Conf),L 61-68,*,11,0,2,.000,0,1,.000,0,1,.000,.000,1,2,.500,0,1,1,0,0,0,0,2,1,-1.3,Grace Kirk,https://www.sports-reference.com/cbb/players/grace-kirk-1.html,brown,2021-22
18,18,23,2022-02-18,Brown,@,Princeton,REG (Conf),L 42-88,*,15,0,1,.000,0,0,,0,1,.000,.000,0,0,,0,1,1,2,1,0,4,0,0,-2.0,Grace Kirk,https://www.sports-reference.com/cbb/players/grace-kirk-1.html,brown,2021-22
19,19,24,2022-02-19,Brown,@,Pennsylvania,REG (Conf),L 53-67,,2,0,0,,0,0,,0,0,,,0,0,,0,0,0,0,0,0,1,0,0,-1.0,Grace Kirk,https://www.sports-reference.com/cbb/players/grace-kirk-1.html,brown,2021-22
20,20,25,2022-02-26,Brown,@,Columbia,REG (Conf),L 56-85,,4,1,2,.500,0,0,,1,2,.500,.500,0,0,,1,1,2,0,0,0,1,0,2,1.0,Grace Kirk,https://www.sports-reference.com/cbb/players/grace-kirk-1.html,brown,2021-22
