ranker,player_game_num_career,team_game_num_season,date,team_name_abbr,game_location,opp_name_abbr,game_type,game_result,is_starter,mp,fg,fga,fg_pct,fg3,fg3a,fg3_pct,fg2,fg2a,fg2_pct,efg_pct,ft,fta,ft_pct,orb,drb,trb,ast,stl,blk,tov,pf,pts,game_score,player_name,player_sr_link,school,season
1,1,1,2021-11-09,Brown,@,Fairfield,REG (Non-Conf),L 52-76,*,27,3,12,.250,3,10,.300,0,2,.000,.375,0,0,,0,1,1,0,0,0,2,4,9,-1.5,Isabella Mauricio,https://www.sports-reference.com/cbb/players/isabella-mauricio-1.html,brown,2021-22
2,2,2,2021-11-14,Brown,@,Sacred Heart,REG (Non-Conf),L 46-71,*,31,4,11,.364,3,9,.333,1,2,.500,.500,1,2,.500,1,1,2,0,0,0,4,2,12,1.7,Isabella Mauricio,https://www.sports-reference.com/cbb/players/isabella-mauricio-1.html,brown,2021-22
3,3,3,2021-11-16,Brown,@,Bryant,REG (Non-Conf),W 63-60,*,38,6,9,.667,2,5,.400,4,4,1.000,.778,0,0,,0,1,1,3,0,0,3,0,14,9.5,Isabella Mauricio,https://www.sports-reference.com/cbb/players/isabella-mauricio-1.html,brown,2021-22
4,4,4,2021-11-18,Brown,,Central Connecticut State,REG (Non-Conf),L 60-67,*,30,6,13,.462,4,8,.500,2,5,.400,.615,2,3,.667,0,0,0,0,3,0,1,2,18,12.1,Isabella Mauricio,https://www.sports-reference.com/cbb/players/isabella-mauricio-1.html,brown,2021-22
5,5,5,2021-11-20,Brown,,Wagner,REG (Non-Conf),L 57-67,*,22,0,6,.000,0,5,.000,0,1,.000,.000,0,0,,0,1,1,2,1,0,1,0,0,-2.5,Isabella Mauricio,https://www.sports-reference.com/cbb/players/isabella-mauricio-1.html,brown,2021-22
6,6,6,2021-11-23,Brown,@,Hartford,REG (Non-Conf),W 72-68,*,32,5,12,.417,5,12,.417,0,0,,.625,0,0,,0,3,3,8,0,0,3,0,15,12.1,Isabella Mauricio,https://www.sports-reference.com/cbb/players/isabella-mauricio-1.html,brown,2021-22
7,7,7,2021-11-27,Brown,@,Vermont,REG (Non-Conf),L 46-79,*,35,5,13,.385,1,7,.143,4,6,.667,.423,2,2,1.000,1,2,3,2,1,0,5,3,13,3.4,Isabella Mauricio,https://www.sports-reference.com/cbb/players/isabella-mauricio-1.html,brown,2021-22
8,8,8,2021-11-28,Brown,,North Dakota,REG (Non-Conf),L 46-65,*,39,7,16,.438,4,8,.500,3,8,.375,.563,2,2,1.000,0,1,1,0,2,0,3,1,20,10.5,Isabella Mauricio,https://www.sports-reference.com/cbb/players/isabella-mauricio-1.html,brown,2021-22
9,9,9,2021-12-05,Brown,@,Holy Cross,REG (Non-Conf),W 57-55,*,33,3,7,.429,1,4,.250,2,3,.667,.500,1,2,.500,0,0,0,0,2,0,3,1,8,2.5,Isabella Mauricio,https://www.sports-reference.com/cbb/players/isabella-mauricio-1.html,brown,2021-22
10,10,10,2021-12-08,Brown,,Providence,REG (Non-Conf),L 43-59,*,35,5,12,.417,2,7,.286,3,5,.600,.500,0,0,,0,2,2,0,0,0,2,2,12,3.4,Isabella Mauricio,https://www.sports-reference.com/cbb/players/isabella-mauricio-1.html,brown,2021-22
11,11,11,2021-12-11,Brown,,Fisher College,REG (Non-Conf),W 90-31,*,15,3,5,.600,2,4,.500,1,1,1.000,.800,0,0,,0,3,3,1,1,0,1,0,8,7.3,Isabella Mauricio,https://www.sports-reference.com/cbb/players/isabella-mauricio-1.html,brown,2021-22
12,12,12,2021-12-30,Brown,@,St. John's (NY),REG (Non-Conf),W 75-72,*,33,6,12,.500,3,6,.500,3,6,.500,.625,3,4,.750,1,3,4,2,1,0,1,1,18,14.2,Isabella Mauricio,https://www.sports-reference.com/cbb/players/isabella-mauricio-1.html,brown,2021-22
13,13,13,2022-01-02,Brown,,Pennsylvania,REG (Conf),L 37-66,*,28,4,11,.364,1,4,.250,3,7,.429,.409,0,0,,0,2,2,1,1,0,2,3,9,2.0,Isabella Mauricio,https://www.sports-reference.com/cbb/players/isabella-mauricio-1.html,brown,2021-22
14,14,14,2022-01-07,Brown,,Harvard,REG (Conf),L 58-89,*,35,6,15,.400,2,9,.222,4,6,.667,.467,8,8,1.000,0,2,2,5,1,0,1,0,22,18.0,Isabella Mauricio,https://www.sports-reference.com/cbb/players/isabella-mauricio-1.html,brown,2021-22
15,15,15,2022-01-15,Brown,,Princeton,REG (Conf),L 39-72,*,33,3,11,.273,2,5,.400,1,6,.167,.364,3,4,.750,0,2,2,1,1,0,1,1,11,5.0,Isabella Mauricio,https://www.sports-reference.com/cbb/players/isabella-mauricio-1.html,brown,2021-22
16,16,16,2022-01-17,Brown,@,Yale,REG (Conf),L 67-69,*,38,8,14,.571,5,9,.556,3,5,.600,.750,2,2,1.000,0,4,4,6,1,0,3,0,23,19.8,Isabella Mauricio,https://www.sports-reference.com/cbb/players/isabella-mauricio-1.html,brown,2021-22
17,17,17,2022-01-22,Brown,,Columbia,REG (Conf),L 52-60,*,40,3,19,.158,2,11,.182,1,8,.125,.211,2,2,1.000,0,0,0,2,2,0,1,2,10,-0.5,Isabella Mauricio,https://www.sports-reference.com/cbb/players/isabella-mauricio-1.html,brown,2021-22
18,18,18,2022-01-29,Brown,@,Cornell,REG (Conf),L 55-61,*,38,9,21,.429,6,16,.375,3,5,.600,.571,0,0,,0,1,1,1,0,0,3,4,24,9.3,Isabella Mauricio,https://www.sports-reference.com/cbb/players/isabella-mauricio-1.html,brown,2021-22
19,19,19,2022-02-04,Brown,@,Harvard,REG (Conf),L 73-77,*,32,4,10,.400,2,7,.286,2,3,.667,.500,0,0,,0,1,1,4,1,0,2,0,10,6.7,Isabella Mauricio,https://www.sports-reference.com/cbb/players/isabella-mauricio-1.html,brown,2021-22
20,20,20,2022-02-05,Brown,@,Dartmouth,REG (Conf),L 54-58,*,31,5,12,.417,2,7,.286,3,5,.600,.500,1,2,.500,0,1,1,0,1,0,3,1,13,4.1,Isabella Mauricio,https://www.sports-reference.com/cbb/players/isabella-mauricio-1.html,brown,2021-22
21,21,21,2022-02-08,Brown,,Dartmouth,REG (Conf),W 70-56,*,36,6,14,.429,4,8,.500,2,6,.333,.571,2,2,1.000,0,1,1,3,3,0,2,2,18,13.2,Isabella Mauricio,https://www.sports-reference.com/cbb/players/isabella-mauricio-1.html,brown,2021-22
22,22,22,2022-02-12,Brown,,Cornell,REG (Conf),L 61-68,*,37,7,15,.467,5,11,.455,2,4,.500,.633,6,6,1.000,1,2,3,0,1,0,3,0,25,16.6,Isabella Mauricio,https://www.sports-reference.com/cbb/players/isabella-mauricio-1.html,brown,2021-22
23,23,23,2022-02-18,Brown,@,Princeton,REG (Conf),L 42-88,*,29,5,12,.417,1,5,.200,4,7,.571,.458,0,0,,0,0,0,1,0,0,3,1,11,1.9,Isabella Mauricio,https://www.sports-reference.com/cbb/players/isabella-mauricio-1.html,brown,2021-22
24,24,24,2022-02-19,Brown,@,Pennsylvania,REG (Conf),L 53-67,*,38,6,11,.545,3,7,.429,3,4,.750,.682,6,6,1.000,1,2,3,3,2,0,3,1,21,17.7,Isabella Mauricio,https://www.sports-reference.com/cbb/players/isabella-mauricio-1.html,brown,2021-22
25,25,25,2022-02-26,Brown,@,Columbia,REG (Conf),L 56-85,*,36,9,27,.333,4,13,.308,5,14,.357,.407,0,0,,0,0,0,4,4,0,5,0,22,8.5,Isabella Mauricio,https://www.sports-reference.com/cbb/players/isabella-mauricio-1.html,brown,2021-22
26,26,26,2022-03-05,Brown,,Yale,REG (Conf),L 49-64,*,39,3,15,.200,1,8,.125,2,7,.286,.233,2,2,1.000,0,2,2,6,2,0,3,1,9,3.1,Isabella Mauricio,https://www.sports-reference.com/cbb/players/isabella-mauricio-1.html,brown,2021-22
