ranker,player_game_num_career,team_game_num_season,date,team_name_abbr,game_location,opp_name_abbr,game_type,game_result,is_starter,mp,fg,fga,fg_pct,fg3,fg3a,fg3_pct,fg2,fg2a,fg2_pct,efg_pct,ft,fta,ft_pct,orb,drb,trb,ast,stl,blk,tov,pf,pts,game_score,player_name,player_sr_link,school,season
1,1,1,2021-11-09,Brown,@,Fairfield,REG (Non-Conf),L 52-76,*,33,7,16,.438,1,5,.200,6,11,.545,.469,0,1,.000,0,4,4,4,2,0,7,4,15,3.6,Kyla Jones,https://www.sports-reference.com/cbb/players/kyla-jones-2.html,brown,2021-22
2,2,2,2021-11-14,Brown,@,Sacred Heart,REG (Non-Conf),L 46-71,*,33,3,13,.231,0,4,.000,3,9,.333,.231,3,4,.750,1,4,5,0,3,0,3,2,9,1.8,Kyla Jones,https://www.sports-reference.com/cbb/players/kyla-jones-2.html,brown,2021-22
3,3,3,2021-11-16,Brown,@,Bryant,REG (Non-Conf),W 63-60,*,29,8,15,.533,0,1,.000,8,14,.571,.533,0,0,,2,1,3,2,4,1,3,2,16,12.7,Kyla Jones,https://www.sports-reference.com/cbb/players/kyla-jones-2.html,brown,2021-22
4,4,4,2021-11-18,Brown,,Central Connecticut State,REG (Non-Conf),L 60-67,*,28,3,12,.250,0,2,.000,3,10,.300,.250,8,9,.889,1,1,2,3,1,0,0,5,14,8.5,Kyla Jones,https://www.sports-reference.com/cbb/players/kyla-jones-2.html,brown,2021-22
5,5,5,2021-11-20,Brown,,Wagner,REG (Non-Conf),L 57-67,*,32,7,17,.412,0,2,.000,7,15,.467,.412,0,0,,1,3,4,1,6,0,3,4,14,8.6,Kyla Jones,https://www.sports-reference.com/cbb/players/kyla-jones-2.html,brown,2021-22
6,6,6,2021-11-23,Brown,@,Hartford,REG (Non-Conf),W 72-68,*,31,3,6,.500,0,0,,3,6,.500,.500,3,6,.500,3,2,5,4,5,0,4,0,9,11.3,Kyla Jones,https://www.sports-reference.com/cbb/players/kyla-jones-2.html,brown,2021-22
7,7,7,2021-11-27,Brown,@,Vermont,REG (Non-Conf),L 46-79,*,28,3,13,.231,0,2,.000,3,11,.273,.231,0,0,,1,5,6,2,3,0,5,1,6,-0.7,Kyla Jones,https://www.sports-reference.com/cbb/players/kyla-jones-2.html,brown,2021-22
8,8,8,2021-11-28,Brown,,North Dakota,REG (Non-Conf),L 46-65,*,25,2,13,.154,0,1,.000,2,12,.167,.154,3,4,.750,4,2,6,2,0,1,3,2,7,0.0,Kyla Jones,https://www.sports-reference.com/cbb/players/kyla-jones-2.html,brown,2021-22
9,9,9,2021-12-05,Brown,@,Holy Cross,REG (Non-Conf),W 57-55,*,31,6,22,.273,0,4,.000,6,18,.333,.273,0,2,.000,0,4,4,1,4,0,1,1,12,2.7,Kyla Jones,https://www.sports-reference.com/cbb/players/kyla-jones-2.html,brown,2021-22
10,10,10,2021-12-08,Brown,,Providence,REG (Non-Conf),L 43-59,*,25,2,12,.167,0,2,.000,2,10,.200,.167,3,5,.600,1,0,1,2,3,1,1,2,7,2.6,Kyla Jones,https://www.sports-reference.com/cbb/players/kyla-jones-2.html,brown,2021-22
11,11,11,2021-12-11,Brown,,Fisher College,REG (Non-Conf),W 90-31,*,13,2,5,.400,0,0,,2,5,.400,.400,0,0,,1,0,1,1,3,0,0,2,4,4.9,Kyla Jones,https://www.sports-reference.com/cbb/players/kyla-jones-2.html,brown,2021-22
12,12,12,2021-12-30,Brown,@,St. John's (NY),REG (Non-Conf),W 75-72,,31,8,13,.615,0,2,.000,8,11,.727,.615,6,6,1.000,3,2,5,4,3,0,3,3,22,20.4,Kyla Jones,https://www.sports-reference.com/cbb/players/kyla-jones-2.html,brown,2021-22
13,13,13,2022-01-02,Brown,,Pennsylvania,REG (Conf),L 37-66,,20,1,8,.125,0,1,.000,1,7,.143,.125,0,0,,1,4,5,1,1,0,6,1,2,-6.0,Kyla Jones,https://www.sports-reference.com/cbb/players/kyla-jones-2.html,brown,2021-22
14,14,16,2022-01-17,Brown,@,Yale,REG (Conf),L 67-69,,24,8,12,.667,0,0,,8,12,.667,.667,1,1,1.000,0,2,2,0,0,1,3,3,17,8.9,Kyla Jones,https://www.sports-reference.com/cbb/players/kyla-jones-2.html,brown,2021-22
15,15,17,2022-01-22,Brown,,Columbia,REG (Conf),L 52-60,,32,8,16,.500,1,1,1.000,7,15,.467,.531,2,4,.500,1,3,4,0,1,1,3,1,19,10.1,Kyla Jones,https://www.sports-reference.com/cbb/players/kyla-jones-2.html,brown,2021-22
16,16,18,2022-01-29,Brown,@,Cornell,REG (Conf),L 55-61,,33,6,11,.545,0,0,,6,11,.545,.545,1,4,.250,5,1,6,3,2,0,5,3,13,8.2,Kyla Jones,https://www.sports-reference.com/cbb/players/kyla-jones-2.html,brown,2021-22
17,17,19,2022-02-04,Brown,@,Harvard,REG (Conf),L 73-77,*,23,6,14,.429,0,0,,6,14,.429,.429,6,8,.750,4,1,5,3,2,0,2,4,18,13.4,Kyla Jones,https://www.sports-reference.com/cbb/players/kyla-jones-2.html,brown,2021-22
18,18,20,2022-02-05,Brown,@,Dartmouth,REG (Conf),L 54-58,*,29,2,5,.400,0,0,,2,5,.400,.400,2,2,1.000,0,4,4,1,2,0,4,0,6,3.2,Kyla Jones,https://www.sports-reference.com/cbb/players/kyla-jones-2.html,brown,2021-22
19,19,21,2022-02-08,Brown,,Dartmouth,REG (Conf),W 70-56,*,38,8,16,.500,0,2,.000,8,14,.571,.500,5,9,.556,2,3,5,7,6,0,3,2,21,20.8,Kyla Jones,https://www.sports-reference.com/cbb/players/kyla-jones-2.html,brown,2021-22
20,20,22,2022-02-12,Brown,,Cornell,REG (Conf),L 61-68,*,37,4,10,.400,0,0,,4,10,.400,.400,5,8,.625,0,3,3,5,3,0,7,5,13,4.8,Kyla Jones,https://www.sports-reference.com/cbb/players/kyla-jones-2.html,brown,2021-22
21,21,23,2022-02-18,Brown,@,Princeton,REG (Conf),L 42-88,*,27,6,14,.429,0,1,.000,6,13,.462,.429,1,1,1.000,0,1,1,1,2,0,5,1,13,3.2,Kyla Jones,https://www.sports-reference.com/cbb/players/kyla-jones-2.html,brown,2021-22
22,22,24,2022-02-19,Brown,@,Pennsylvania,REG (Conf),L 53-67,*,36,6,14,.429,0,0,,6,14,.429,.429,4,8,.500,1,3,4,1,4,0,4,1,16,8.9,Kyla Jones,https://www.sports-reference.com/cbb/players/kyla-jones-2.html,brown,2021-22
23,23,25,2022-02-26,Brown,@,Columbia,REG (Conf),L 56-85,*,34,8,18,.444,1,3,.333,7,15,.467,.472,2,2,1.000,1,2,3,3,1,0,3,1,19,10.6,Kyla Jones,https://www.sports-reference.com/cbb/players/kyla-jones-2.html,brown,2021-22
24,24,26,2022-03-05,Brown,,Yale,REG (Conf),L 49-64,*,39,6,15,.400,0,2,.000,6,13,.462,.400,5,9,.556,2,2,4,4,4,0,4,2,17,11.3,Kyla Jones,https://www.sports-reference.com/cbb/players/kyla-jones-2.html,brown,2021-22
