ranker,player_game_num_career,team_game_num_season,date,team_name_abbr,game_location,opp_name_abbr,game_type,game_result,is_starter,mp,fg,fga,fg_pct,fg3,fg3a,fg3_pct,fg2,fg2a,fg2_pct,efg_pct,ft,fta,ft_pct,orb,drb,trb,ast,stl,blk,tov,pf,pts,game_score,player_name,player_sr_link,school,season
1,28,1,2021-11-09,Brown,@,Fairfield,REG (Non-Conf),L 52-76,,4,0,0,,0,0,,0,0,,,0,0,,0,0,0,0,1,0,1,0,0,0.0,Lexi Love,https://www.sports-reference.com/cbb/players/lexi-love-1.html,brown,2021-22
2,29,13,2022-01-02,Brown,,Pennsylvania,REG (Conf),L 37-66,,6,0,2,.000,0,2,.000,0,0,,.000,1,2,.500,0,0,0,0,0,0,1,1,1,-2.2,Lexi Love,https://www.sports-reference.com/cbb/players/lexi-love-1.html,brown,2021-22
3,30,23,2022-02-18,Brown,@,Princeton,REG (Conf),L 42-88,,16,0,2,.000,0,2,.000,0,0,,.000,0,0,,0,2,2,2,0,0,4,0,0,-3.4,Lexi Love,https://www.sports-reference.com/cbb/players/lexi-love-1.html,brown,2021-22
4,31,24,2022-02-19,Brown,@,Pennsylvania,REG (Conf),L 53-67,,4,1,2,.500,0,1,.000,1,1,1.000,.500,0,0,,0,0,0,1,0,0,0,0,2,1.7,Lexi Love,https://www.sports-reference.com/cbb/players/lexi-love-1.html,brown,2021-22
