ranker,player_game_num_career,team_game_num_season,date,team_name_abbr,game_location,opp_name_abbr,game_type,game_result,is_starter,mp,fg,fga,fg_pct,fg3,fg3a,fg3_pct,fg2,fg2a,fg2_pct,efg_pct,ft,fta,ft_pct,orb,drb,trb,ast,stl,blk,tov,pf,pts,game_score,player_name,player_sr_link,school,season
1,56,1,2021-11-09,Brown,@,Fairfield,REG (Non-Conf),L 52-76,,10,0,6,.000,0,6,.000,0,0,,.000,0,0,,0,0,0,1,0,0,0,0,0,-3.5,Maddie Mullin,https://www.sports-reference.com/cbb/players/maddie-mullin-1.html,brown,2021-22
2,57,2,2021-11-14,Brown,@,Sacred Heart,REG (Non-Conf),L 46-71,,4,0,2,.000,0,2,.000,0,0,,.000,2,4,.500,0,0,0,0,0,0,0,0,2,-0.2,Maddie Mullin,https://www.sports-reference.com/cbb/players/maddie-mullin-1.html,brown,2021-22
3,58,3,2021-11-16,Brown,@,Bryant,REG (Non-Conf),W 63-60,,3,0,0,,0,0,,0,0,,,0,0,,0,0,0,0,0,0,0,0,0,0.0,Maddie Mullin,https://www.sports-reference.com/cbb/players/maddie-mullin-1.html,brown,2021-22
4,59,4,2021-11-18,Brown,,Central Connecticut State,REG (Non-Conf),L 60-67,,15,1,4,.250,1,4,.250,0,0,,.375,0,0,,0,0,0,1,2,0,0,2,3,2.5,Maddie Mullin,https://www.sports-reference.com/cbb/players/maddie-mullin-1.html,brown,2021-22
5,60,5,2021-11-20,Brown,,Wagner,REG (Non-Conf),L 57-67,,17,4,6,.667,4,6,.667,0,0,,1.000,0,0,,0,3,3,0,0,0,3,3,12,6.1,Maddie Mullin,https://www.sports-reference.com/cbb/players/maddie-mullin-1.html,brown,2021-22
6,61,6,2021-11-23,Brown,@,Hartford,REG (Non-Conf),W 72-68,,12,1,4,.250,1,3,.333,0,1,.000,.375,0,0,,0,0,0,0,0,0,0,2,3,-0.2,Maddie Mullin,https://www.sports-reference.com/cbb/players/maddie-mullin-1.html,brown,2021-22
7,62,7,2021-11-27,Brown,@,Vermont,REG (Non-Conf),L 46-79,,21,0,4,.000,0,3,.000,0,1,.000,.000,0,0,,0,0,0,1,0,0,4,1,0,-6.5,Maddie Mullin,https://www.sports-reference.com/cbb/players/maddie-mullin-1.html,brown,2021-22
8,63,8,2021-11-28,Brown,,North Dakota,REG (Non-Conf),L 46-65,,21,2,6,.333,2,5,.400,0,1,.000,.500,0,0,,1,1,2,1,2,0,1,1,6,4.9,Maddie Mullin,https://www.sports-reference.com/cbb/players/maddie-mullin-1.html,brown,2021-22
9,64,9,2021-12-05,Brown,@,Holy Cross,REG (Non-Conf),W 57-55,,16,1,5,.200,1,5,.200,0,0,,.300,0,0,,1,0,1,0,0,0,1,2,3,-1.2,Maddie Mullin,https://www.sports-reference.com/cbb/players/maddie-mullin-1.html,brown,2021-22
10,65,10,2021-12-08,Brown,,Providence,REG (Non-Conf),L 43-59,,26,1,6,.167,1,5,.200,0,1,.000,.250,0,0,,1,0,1,1,5,0,0,1,3,5.2,Maddie Mullin,https://www.sports-reference.com/cbb/players/maddie-mullin-1.html,brown,2021-22
11,66,11,2021-12-11,Brown,,Fisher College,REG (Non-Conf),W 90-31,,24,7,19,.368,4,15,.267,3,4,.750,.474,0,0,,2,1,3,3,0,0,0,2,18,10.5,Maddie Mullin,https://www.sports-reference.com/cbb/players/maddie-mullin-1.html,brown,2021-22
12,67,12,2021-12-30,Brown,@,St. John's (NY),REG (Non-Conf),W 75-72,*,28,2,7,.286,2,6,.333,0,1,.000,.429,2,2,1.000,0,4,4,0,0,0,0,1,8,4.7,Maddie Mullin,https://www.sports-reference.com/cbb/players/maddie-mullin-1.html,brown,2021-22
13,68,13,2022-01-02,Brown,,Pennsylvania,REG (Conf),L 37-66,*,29,4,7,.571,3,5,.600,1,2,.500,.786,0,0,,0,0,0,1,1,1,1,1,11,8.7,Maddie Mullin,https://www.sports-reference.com/cbb/players/maddie-mullin-1.html,brown,2021-22
14,69,14,2022-01-07,Brown,,Harvard,REG (Conf),L 58-89,*,37,3,9,.333,1,7,.143,2,2,1.000,.389,1,1,1.000,1,0,1,2,1,0,4,3,8,0.8,Maddie Mullin,https://www.sports-reference.com/cbb/players/maddie-mullin-1.html,brown,2021-22
15,70,15,2022-01-15,Brown,,Princeton,REG (Conf),L 39-72,*,30,0,5,.000,0,4,.000,0,1,.000,.000,0,0,,0,2,2,3,2,0,1,2,0,-0.6,Maddie Mullin,https://www.sports-reference.com/cbb/players/maddie-mullin-1.html,brown,2021-22
16,71,16,2022-01-17,Brown,@,Yale,REG (Conf),L 67-69,*,15,0,3,.000,0,3,.000,0,0,,.000,2,2,1.000,0,0,0,0,1,0,0,0,2,0.9,Maddie Mullin,https://www.sports-reference.com/cbb/players/maddie-mullin-1.html,brown,2021-22
17,72,17,2022-01-22,Brown,,Columbia,REG (Conf),L 52-60,*,14,1,6,.167,1,5,.200,0,1,.000,.250,0,0,,0,1,1,1,0,0,0,2,3,-0.6,Maddie Mullin,https://www.sports-reference.com/cbb/players/maddie-mullin-1.html,brown,2021-22
18,73,18,2022-01-29,Brown,@,Cornell,REG (Conf),L 55-61,*,5,0,0,,0,0,,0,0,,,0,0,,0,0,0,1,0,0,1,1,0,-0.7,Maddie Mullin,https://www.sports-reference.com/cbb/players/maddie-mullin-1.html,brown,2021-22
19,74,20,2022-02-05,Brown,@,Dartmouth,REG (Conf),L 54-58,,9,1,1,1.000,1,1,1.000,0,0,,1.500,0,0,,0,1,1,0,0,0,1,1,3,1.6,Maddie Mullin,https://www.sports-reference.com/cbb/players/maddie-mullin-1.html,brown,2021-22
20,75,21,2022-02-08,Brown,,Dartmouth,REG (Conf),W 70-56,,15,2,5,.400,2,5,.400,0,0,,.600,0,0,,2,1,3,0,0,0,1,1,6,3.6,Maddie Mullin,https://www.sports-reference.com/cbb/players/maddie-mullin-1.html,brown,2021-22
21,76,22,2022-02-12,Brown,,Cornell,REG (Conf),L 61-68,,32,5,11,.455,5,10,.500,0,1,.000,.682,0,0,,0,1,1,0,1,0,0,4,15,9.0,Maddie Mullin,https://www.sports-reference.com/cbb/players/maddie-mullin-1.html,brown,2021-22
22,77,23,2022-02-18,Brown,@,Princeton,REG (Conf),L 42-88,,20,0,3,.000,0,3,.000,0,0,,.000,0,0,,2,1,3,0,1,0,2,0,0,-1.4,Maddie Mullin,https://www.sports-reference.com/cbb/players/maddie-mullin-1.html,brown,2021-22
23,78,24,2022-02-19,Brown,@,Pennsylvania,REG (Conf),L 53-67,,27,3,6,.500,3,5,.600,0,1,.000,.750,0,0,,0,3,3,0,0,0,2,1,9,4.5,Maddie Mullin,https://www.sports-reference.com/cbb/players/maddie-mullin-1.html,brown,2021-22
24,79,25,2022-02-26,Brown,@,Columbia,REG (Conf),L 56-85,,21,1,2,.500,1,2,.500,0,0,,.750,0,0,,0,0,0,1,2,0,0,0,3,4.7,Maddie Mullin,https://www.sports-reference.com/cbb/players/maddie-mullin-1.html,brown,2021-22
25,80,26,2022-03-05,Brown,,Yale,REG (Conf),L 49-64,,28,2,8,.250,2,7,.286,0,1,.000,.375,0,0,,0,0,0,0,1,0,0,0,6,2.2,Maddie Mullin,https://www.sports-reference.com/cbb/players/maddie-mullin-1.html,brown,2021-22
