ranker,player_game_num_career,team_game_num_season,date,team_name_abbr,game_location,opp_name_abbr,game_type,game_result,is_starter,mp,fg,fga,fg_pct,fg3,fg3a,fg3_pct,fg2,fg2a,fg2_pct,efg_pct,ft,fta,ft_pct,orb,drb,trb,ast,stl,blk,tov,pf,pts,game_score,player_name,player_sr_link,school,season
1,1,1,2021-11-09,Brown,@,Fairfield,REG (Non-Conf),L 52-76,*,20,2,4,.500,0,0,,2,4,.500,.500,0,0,,0,5,5,0,1,1,2,1,4,2.8,Mya Murray,https://www.sports-reference.com/cbb/players/mya-murray-1.html,brown,2021-22
2,2,2,2021-11-14,Brown,@,Sacred Heart,REG (Non-Conf),L 46-71,*,21,2,6,.333,0,2,.000,2,4,.500,.333,2,4,.500,2,5,7,0,0,1,3,4,6,0.8,Mya Murray,https://www.sports-reference.com/cbb/players/mya-murray-1.html,brown,2021-22
3,3,3,2021-11-16,Brown,@,Bryant,REG (Non-Conf),W 63-60,*,28,2,5,.400,1,1,1.000,1,4,.250,.500,0,4,.000,1,4,5,2,3,2,3,4,5,3.8,Mya Murray,https://www.sports-reference.com/cbb/players/mya-murray-1.html,brown,2021-22
4,4,4,2021-11-18,Brown,,Central Connecticut State,REG (Non-Conf),L 60-67,*,25,4,7,.571,0,0,,4,7,.571,.571,0,0,,2,5,7,2,0,0,0,2,8,8.2,Mya Murray,https://www.sports-reference.com/cbb/players/mya-murray-1.html,brown,2021-22
5,5,5,2021-11-20,Brown,,Wagner,REG (Non-Conf),L 57-67,*,22,2,4,.500,0,0,,2,4,.500,.500,8,12,.667,4,1,5,0,0,5,7,5,12,6.0,Mya Murray,https://www.sports-reference.com/cbb/players/mya-murray-1.html,brown,2021-22
6,6,6,2021-11-23,Brown,@,Hartford,REG (Non-Conf),W 72-68,*,28,9,10,.900,2,2,1.000,7,8,.875,1.000,1,3,.333,2,4,6,0,0,5,3,3,21,18.7,Mya Murray,https://www.sports-reference.com/cbb/players/mya-murray-1.html,brown,2021-22
7,7,7,2021-11-27,Brown,@,Vermont,REG (Non-Conf),L 46-79,*,12,2,6,.333,0,2,.000,2,4,.500,.333,1,2,.500,1,1,2,0,0,1,2,4,5,-0.7,Mya Murray,https://www.sports-reference.com/cbb/players/mya-murray-1.html,brown,2021-22
8,8,9,2021-12-05,Brown,@,Holy Cross,REG (Non-Conf),W 57-55,*,14,2,9,.222,0,3,.000,2,6,.333,.222,0,0,,1,5,6,1,0,2,2,5,4,-1.2,Mya Murray,https://www.sports-reference.com/cbb/players/mya-murray-1.html,brown,2021-22
9,9,10,2021-12-08,Brown,,Providence,REG (Non-Conf),L 43-59,*,31,2,7,.286,0,2,.000,2,5,.400,.286,0,0,,3,5,8,0,2,4,2,3,4,5.1,Mya Murray,https://www.sports-reference.com/cbb/players/mya-murray-1.html,brown,2021-22
10,10,11,2021-12-11,Brown,,Fisher College,REG (Non-Conf),W 90-31,*,10,2,4,.500,0,0,,2,4,.500,.500,0,0,,3,1,4,2,1,0,0,2,4,6.0,Mya Murray,https://www.sports-reference.com/cbb/players/mya-murray-1.html,brown,2021-22
11,11,12,2021-12-30,Brown,@,St. John's (NY),REG (Non-Conf),W 75-72,*,24,3,9,.333,0,1,.000,3,8,.375,.333,2,2,1.000,0,12,12,2,0,2,5,4,8,2.7,Mya Murray,https://www.sports-reference.com/cbb/players/mya-murray-1.html,brown,2021-22
12,12,13,2022-01-02,Brown,,Pennsylvania,REG (Conf),L 37-66,*,17,2,4,.500,0,0,,2,4,.500,.500,0,0,,1,4,5,0,1,1,4,5,4,-0.4,Mya Murray,https://www.sports-reference.com/cbb/players/mya-murray-1.html,brown,2021-22
13,13,15,2022-01-15,Brown,,Princeton,REG (Conf),L 39-72,*,12,1,7,.143,0,1,.000,1,6,.167,.143,1,2,.500,0,0,0,0,1,0,3,3,3,-5.1,Mya Murray,https://www.sports-reference.com/cbb/players/mya-murray-1.html,brown,2021-22
14,14,16,2022-01-17,Brown,@,Yale,REG (Conf),L 67-69,*,15,1,3,.333,0,1,.000,1,2,.500,.333,0,0,,0,3,3,1,1,1,2,4,2,0.0,Mya Murray,https://www.sports-reference.com/cbb/players/mya-murray-1.html,brown,2021-22
15,15,17,2022-01-22,Brown,,Columbia,REG (Conf),L 52-60,*,18,2,5,.400,0,0,,2,5,.400,.400,0,0,,1,4,5,0,1,0,3,4,4,-0.4,Mya Murray,https://www.sports-reference.com/cbb/players/mya-murray-1.html,brown,2021-22
16,16,18,2022-01-29,Brown,@,Cornell,REG (Conf),L 55-61,*,19,0,1,.000,0,0,,0,1,.000,.000,2,2,1.000,1,9,10,0,1,0,2,5,2,1.7,Mya Murray,https://www.sports-reference.com/cbb/players/mya-murray-1.html,brown,2021-22
17,17,19,2022-02-04,Brown,@,Harvard,REG (Conf),L 73-77,*,21,7,12,.583,0,0,,7,12,.583,.583,1,1,1.000,4,6,10,0,1,0,4,4,15,9.4,Mya Murray,https://www.sports-reference.com/cbb/players/mya-murray-1.html,brown,2021-22
18,18,20,2022-02-05,Brown,@,Dartmouth,REG (Conf),L 54-58,*,29,3,7,.429,0,1,.000,3,6,.500,.429,0,0,,0,7,7,0,1,0,2,5,6,1.4,Mya Murray,https://www.sports-reference.com/cbb/players/mya-murray-1.html,brown,2021-22
19,19,21,2022-02-08,Brown,,Dartmouth,REG (Conf),W 70-56,*,27,3,8,.375,0,0,,3,8,.375,.375,2,2,1.000,1,6,7,0,0,2,1,4,8,4.9,Mya Murray,https://www.sports-reference.com/cbb/players/mya-murray-1.html,brown,2021-22
20,20,22,2022-02-12,Brown,,Cornell,REG (Conf),L 61-68,*,30,2,5,.400,0,0,,2,5,.400,.400,1,2,.500,1,2,3,2,1,3,0,5,5,5.7,Mya Murray,https://www.sports-reference.com/cbb/players/mya-murray-1.html,brown,2021-22
21,21,23,2022-02-18,Brown,@,Princeton,REG (Conf),L 42-88,*,27,2,3,.667,0,0,,2,3,.667,.667,0,0,,0,6,6,0,1,0,1,2,4,3.7,Mya Murray,https://www.sports-reference.com/cbb/players/mya-murray-1.html,brown,2021-22
22,22,24,2022-02-19,Brown,@,Pennsylvania,REG (Conf),L 53-67,*,34,2,3,.667,0,1,.000,2,2,1.000,.667,0,1,.000,0,7,7,0,1,0,2,2,4,2.6,Mya Murray,https://www.sports-reference.com/cbb/players/mya-murray-1.html,brown,2021-22
23,23,25,2022-02-26,Brown,@,Columbia,REG (Conf),L 56-85,*,26,1,4,.250,0,1,.000,1,3,.333,.250,0,0,,1,7,8,1,1,0,1,3,2,1.9,Mya Murray,https://www.sports-reference.com/cbb/players/mya-murray-1.html,brown,2021-22
24,24,26,2022-03-05,Brown,,Yale,REG (Conf),L 49-64,*,12,1,1,1.000,1,1,1.000,0,0,,1.500,1,2,.500,0,4,4,0,1,2,0,4,4,5.3,Mya Murray,https://www.sports-reference.com/cbb/players/mya-murray-1.html,brown,2021-22
