ranker,player_game_num_career,team_game_num_season,date,team_name_abbr,game_location,opp_name_abbr,game_type,game_result,is_starter,mp,fg,fga,fg_pct,fg3,fg3a,fg3_pct,fg2,fg2a,fg2_pct,efg_pct,ft,fta,ft_pct,orb,drb,trb,ast,stl,blk,tov,pf,pts,game_score,player_name,player_sr_link,school,season
1,21,2,2021-11-14,Brown,@,Sacred Heart,REG (Non-Conf),L 46-71,,5,0,0,,0,0,,0,0,,,0,0,,0,0,0,0,0,0,0,1,0,-0.4,Myla Cox,https://www.sports-reference.com/cbb/players/myla-cox-1.html,brown,2021-22
2,22,7,2021-11-27,Brown,@,Vermont,REG (Non-Conf),L 46-79,,10,0,4,.000,0,2,.000,0,2,.000,.000,0,0,,2,2,4,0,0,0,1,1,0,-2.2,Myla Cox,https://www.sports-reference.com/cbb/players/myla-cox-1.html,brown,2021-22
3,23,8,2021-11-28,Brown,,North Dakota,REG (Non-Conf),L 46-65,,3,0,0,,0,0,,0,0,,,0,0,,0,1,1,0,0,0,0,0,0,0.3,Myla Cox,https://www.sports-reference.com/cbb/players/myla-cox-1.html,brown,2021-22
4,24,11,2021-12-11,Brown,,Fisher College,REG (Non-Conf),W 90-31,,17,3,5,.600,0,2,.000,3,3,1.000,.600,1,4,.250,0,4,4,0,3,0,2,1,7,5.3,Myla Cox,https://www.sports-reference.com/cbb/players/myla-cox-1.html,brown,2021-22
5,25,13,2022-01-02,Brown,,Pennsylvania,REG (Conf),L 37-66,,6,0,1,.000,0,1,.000,0,0,,.000,1,2,.500,1,1,2,0,0,0,0,2,1,0.1,Myla Cox,https://www.sports-reference.com/cbb/players/myla-cox-1.html,brown,2021-22
6,26,14,2022-01-07,Brown,,Harvard,REG (Conf),L 58-89,,23,1,5,.200,1,2,.500,0,3,.000,.300,2,2,1.000,1,3,4,2,3,0,1,2,5,6.1,Myla Cox,https://www.sports-reference.com/cbb/players/myla-cox-1.html,brown,2021-22
7,27,15,2022-01-15,Brown,,Princeton,REG (Conf),L 39-72,,13,0,2,.000,0,2,.000,0,0,,.000,2,2,1.000,0,3,3,0,0,0,1,0,2,0.5,Myla Cox,https://www.sports-reference.com/cbb/players/myla-cox-1.html,brown,2021-22
8,28,18,2022-01-29,Brown,@,Cornell,REG (Conf),L 55-61,,5,0,2,.000,0,2,.000,0,0,,.000,0,0,,0,0,0,0,0,0,1,0,0,-2.4,Myla Cox,https://www.sports-reference.com/cbb/players/myla-cox-1.html,brown,2021-22
9,29,23,2022-02-18,Brown,@,Princeton,REG (Conf),L 42-88,,8,0,1,.000,0,0,,0,1,.000,.000,0,0,,0,0,0,1,0,0,0,2,0,-0.8,Myla Cox,https://www.sports-reference.com/cbb/players/myla-cox-1.html,brown,2021-22
10,30,25,2022-02-26,Brown,@,Columbia,REG (Conf),L 56-85,,4,0,1,.000,0,0,,0,1,.000,.000,0,0,,0,0,0,0,0,0,0,0,0,-0.7,Myla Cox,https://www.sports-reference.com/cbb/players/myla-cox-1.html,brown,2021-22
