ranker,player_game_num_career,team_game_num_season,date,team_name_abbr,game_location,opp_name_abbr,game_type,game_result,is_starter,mp,fg,fga,fg_pct,fg3,fg3a,fg3_pct,fg2,fg2a,fg2_pct,efg_pct,ft,fta,ft_pct,orb,drb,trb,ast,stl,blk,tov,pf,pts,game_score,player_name,player_sr_link,school,season
1,61,1,2024-11-04,Marshall,@,Toledo,REG (Non-Conf),L 68-71,*,32,4,8,.500,2,4,.500,2,4,.500,.625,0,0,,0,1,1,2,3,0,1,3,10,8.5,Meredith Maier,https://www.sports-reference.com/cbb/players/meredith-maier-1.html,marshall,2024-25
2,62,2,2024-11-10,Marshall,,Northern Kentucky,REG (Non-Conf),L 78-80,*,35,9,22,.409,6,16,.375,3,6,.500,.545,1,2,.500,0,5,5,3,1,0,2,1,25,15.0,Meredith Maier,https://www.sports-reference.com/cbb/players/meredith-maier-1.html,marshall,2024-25
3,63,3,2024-11-13,Marshall,,Elon,REG (Non-Conf),W 65-56,*,32,5,12,.417,4,11,.364,1,1,1.000,.583,0,0,,2,6,8,1,0,2,2,3,14,9.7,Meredith Maier,https://www.sports-reference.com/cbb/players/meredith-maier-1.html,marshall,2024-25
4,64,4,2024-11-17,Marshall,,George Mason,REG (Non-Conf),L 56-69,*,27,2,6,.333,2,5,.400,0,1,.000,.500,2,3,.667,0,5,5,3,0,0,2,2,8,5.0,Meredith Maier,https://www.sports-reference.com/cbb/players/meredith-maier-1.html,marshall,2024-25
5,65,5,2024-11-21,Marshall,N,Penn State,REG (Non-Conf),L 59-74,*,31,3,11,.273,3,8,.375,0,3,.000,.409,0,0,,1,5,6,1,1,0,1,1,9,5.0,Meredith Maier,https://www.sports-reference.com/cbb/players/meredith-maier-1.html,marshall,2024-25
6,66,6,2024-11-23,Marshall,N,Tulsa,REG (Non-Conf),W 84-80 (OT),*,34,4,13,.308,3,11,.273,1,2,.500,.423,2,2,1.000,0,2,2,2,0,0,1,1,13,6.1,Meredith Maier,https://www.sports-reference.com/cbb/players/meredith-maier-1.html,marshall,2024-25
7,67,7,2024-12-01,Marshall,,Salem Int'l,REG (Non-Conf),W 98-41,*,19,5,16,.313,3,9,.333,2,7,.286,.406,2,2,1.000,5,6,11,0,3,1,0,0,15,14.8,Meredith Maier,https://www.sports-reference.com/cbb/players/meredith-maier-1.html,marshall,2024-25
8,68,8,2024-12-08,Marshall,@,Florida,REG (Non-Conf),L 63-82,*,35,2,9,.222,2,9,.222,0,0,,.333,0,0,,3,1,4,0,2,0,3,0,6,1.9,Meredith Maier,https://www.sports-reference.com/cbb/players/meredith-maier-1.html,marshall,2024-25
9,69,9,2024-12-13,Marshall,,Jacksonville,REG (Non-Conf),W 78-76,*,30,7,12,.583,6,10,.600,1,2,.500,.833,0,0,,0,5,5,4,1,1,3,3,20,16.2,Meredith Maier,https://www.sports-reference.com/cbb/players/meredith-maier-1.html,marshall,2024-25
10,70,10,2024-12-18,Marshall,@,Cincinnati,REG (Non-Conf),L 64-67,*,36,2,9,.222,2,9,.222,0,0,,.333,2,2,1.000,0,7,7,0,0,0,1,2,8,2.8,Meredith Maier,https://www.sports-reference.com/cbb/players/meredith-maier-1.html,marshall,2024-25
11,71,11,2024-12-21,Marshall,,Davis & Elkins,REG (Non-Conf),W 77-38,*,23,5,13,.385,3,9,.333,2,4,.500,.500,0,0,,4,4,8,2,4,0,0,1,13,14.9,Meredith Maier,https://www.sports-reference.com/cbb/players/meredith-maier-1.html,marshall,2024-25
12,72,12,2024-12-29,Marshall,,Texas State,REG (Conf),L 49-60,*,28,1,9,.111,1,7,.143,0,2,.000,.167,2,2,1.000,2,7,9,0,1,0,2,0,5,1.6,Meredith Maier,https://www.sports-reference.com/cbb/players/meredith-maier-1.html,marshall,2024-25
13,73,13,2025-01-02,Marshall,@,Arkansas State,REG (Conf),L 56-66,*,23,2,8,.250,2,7,.286,0,1,.000,.375,1,2,.500,1,5,6,1,2,0,4,4,7,1.1,Meredith Maier,https://www.sports-reference.com/cbb/players/meredith-maier-1.html,marshall,2024-25
14,74,14,2025-01-04,Marshall,@,Troy,REG (Conf),L 69-80,*,34,4,13,.308,3,7,.429,1,6,.167,.423,4,4,1.000,0,7,7,2,2,0,2,2,15,10.2,Meredith Maier,https://www.sports-reference.com/cbb/players/meredith-maier-1.html,marshall,2024-25
15,75,15,2025-01-09,Marshall,@,James Madison,REG (Conf),L 59-71,*,19,1,5,.200,0,4,.000,1,1,1.000,.200,0,1,.000,0,2,2,2,1,0,1,2,2,-0.3,Meredith Maier,https://www.sports-reference.com/cbb/players/meredith-maier-1.html,marshall,2024-25
16,76,16,2025-01-11,Marshall,@,Old Dominion,REG (Conf),L 75-80,*,32,6,9,.667,4,6,.667,2,3,.667,.889,1,1,1.000,1,3,4,0,2,0,1,2,17,14.9,Meredith Maier,https://www.sports-reference.com/cbb/players/meredith-maier-1.html,marshall,2024-25
17,77,17,2025-01-15,Marshall,,James Madison,REG (Conf),L 65-93,*,28,0,7,.000,0,6,.000,0,1,.000,.000,1,2,.500,0,2,2,4,4,0,6,3,1,-4.1,Meredith Maier,https://www.sports-reference.com/cbb/players/meredith-maier-1.html,marshall,2024-25
18,78,18,2025-01-18,Marshall,,Appalachian State,REG (Conf),L 64-68,*,32,2,6,.333,2,5,.400,0,1,.000,.500,0,0,,0,5,5,1,2,0,4,2,6,2.0,Meredith Maier,https://www.sports-reference.com/cbb/players/meredith-maier-1.html,marshall,2024-25
19,79,19,2025-01-22,Marshall,,Georgia Southern,REG (Conf),W 67-60,*,32,3,9,.333,2,5,.400,1,4,.250,.444,1,2,.500,0,3,3,0,3,0,0,1,9,7.0,Meredith Maier,https://www.sports-reference.com/cbb/players/meredith-maier-1.html,marshall,2024-25
20,80,20,2025-01-26,Marshall,,Southern Mississippi,REG (Conf),L 48-54,*,26,0,7,.000,0,6,.000,0,1,.000,.000,0,0,,1,5,6,0,1,0,3,3,0,-5.9,Meredith Maier,https://www.sports-reference.com/cbb/players/meredith-maier-1.html,marshall,2024-25
21,81,21,2025-01-29,Marshall,@,Coastal Carolina,REG (Conf),L 64-76,*,26,7,10,.700,3,4,.750,4,6,.667,.850,3,6,.500,1,2,3,2,6,0,2,0,20,21.3,Meredith Maier,https://www.sports-reference.com/cbb/players/meredith-maier-1.html,marshall,2024-25
22,82,22,2025-02-01,Marshall,@,Georgia Southern,REG (Conf),W 71-65,*,9,0,0,,0,0,,0,0,,,0,0,,0,2,2,0,0,2,0,0,0,2.0,Meredith Maier,https://www.sports-reference.com/cbb/players/meredith-maier-1.html,marshall,2024-25
23,83,26,2025-02-15,Marshall,,Coastal Carolina,REG (Conf),L 57-66,,16,2,4,.500,2,3,.667,0,1,.000,.750,0,0,,1,0,1,1,0,0,1,1,6,4.0,Meredith Maier,https://www.sports-reference.com/cbb/players/meredith-maier-1.html,marshall,2024-25
24,84,27,2025-02-19,Marshall,@,Appalachian State,REG (Conf),W 76-58,*,20,2,5,.400,2,4,.500,0,1,.000,.600,0,0,,0,1,1,1,1,0,1,1,6,3.9,Meredith Maier,https://www.sports-reference.com/cbb/players/meredith-maier-1.html,marshall,2024-25
25,85,28,2025-02-22,Marshall,@,Georgia State,REG (Conf),W 70-59,*,26,6,10,.600,6,10,.600,0,0,,.900,0,0,,0,7,7,1,0,0,6,2,18,9.4,Meredith Maier,https://www.sports-reference.com/cbb/players/meredith-maier-1.html,marshall,2024-25
26,86,29,2025-02-26,Marshall,,Louisiana–Monroe,REG (Conf),W 73-65,*,31,3,8,.375,2,5,.400,1,3,.333,.500,4,4,1.000,0,4,4,2,1,2,3,0,12,9.6,Meredith Maier,https://www.sports-reference.com/cbb/players/meredith-maier-1.html,marshall,2024-25
27,87,30,2025-02-28,Marshall,,Georgia State,REG (Conf),L 68-70,*,31,5,12,.417,4,11,.364,1,1,1.000,.583,4,5,.800,0,5,5,4,0,1,3,0,18,13.2,Meredith Maier,https://www.sports-reference.com/cbb/players/meredith-maier-1.html,marshall,2024-25
28,88,31,2025-03-04,Marshall,N,South Alabama,CTOURN,W 73-59,*,29,5,10,.500,1,6,.167,4,4,1.000,.550,0,0,,0,2,2,4,2,1,2,3,11,8.9,Meredith Maier,https://www.sports-reference.com/cbb/players/meredith-maier-1.html,marshall,2024-25
29,89,32,2025-03-05,Marshall,N,Texas State,CTOURN,W 68-62,*,35,3,10,.300,1,6,.167,2,4,.500,.350,3,6,.500,2,9,11,1,2,1,3,1,10,7.1,Meredith Maier,https://www.sports-reference.com/cbb/players/meredith-maier-1.html,marshall,2024-25
30,90,33,2025-03-06,Marshall,N,Louisiana,CTOURN,W 48-46,*,35,2,11,.182,2,8,.250,0,3,.000,.273,2,4,.500,1,7,8,1,3,0,2,0,8,4.8,Meredith Maier,https://www.sports-reference.com/cbb/players/meredith-maier-1.html,marshall,2024-25
31,91,34,2025-03-07,Marshall,N,Appalachian State,CTOURN,W 75-66,*,27,3,5,.600,2,4,.500,1,1,1.000,.800,4,5,.800,0,1,1,2,0,2,1,2,12,10.6,Meredith Maier,https://www.sports-reference.com/cbb/players/meredith-maier-1.html,marshall,2024-25
32,92,35,2025-03-08,Marshall,N,Troy,CTOURN,L 54-85,*,32,1,12,.083,1,7,.143,0,5,.000,.125,3,4,.750,0,7,7,0,0,0,1,1,6,-1.7,Meredith Maier,https://www.sports-reference.com/cbb/players/meredith-maier-1.html,marshall,2024-25
