ranker,player_game_num_career,team_game_num_season,date,team_name_abbr,game_location,opp_name_abbr,game_type,game_result,is_starter,mp,fg,fga,fg_pct,fg3,fg3a,fg3_pct,fg2,fg2a,fg2_pct,efg_pct,ft,fta,ft_pct,orb,drb,trb,ast,stl,blk,tov,pf,pts,game_score,player_name,player_sr_link,school,season
1,10,5,2024-11-21,Marshall,N,Penn State,REG (Non-Conf),L 59-74,,3,0,0,,0,0,,0,0,,,0,0,,0,0,0,0,0,0,0,1,0,-0.4,Olivia Ziolkowski,https://www.sports-reference.com/cbb/players/olivia-ziolkowski-1.html,marshall,2024-25
2,11,7,2024-12-01,Marshall,,Salem Int'l,REG (Non-Conf),W 98-41,,7,0,3,.000,0,2,.000,0,1,.000,.000,0,0,,0,1,1,1,1,0,0,0,0,-0.1,Olivia Ziolkowski,https://www.sports-reference.com/cbb/players/olivia-ziolkowski-1.html,marshall,2024-25
3,12,11,2024-12-21,Marshall,,Davis & Elkins,REG (Non-Conf),W 77-38,,15,2,5,.400,0,1,.000,2,4,.500,.400,2,4,.500,0,3,3,0,1,0,1,1,6,3.0,Olivia Ziolkowski,https://www.sports-reference.com/cbb/players/olivia-ziolkowski-1.html,marshall,2024-25
4,13,12,2024-12-29,Marshall,,Texas State,REG (Conf),L 49-60,,1,0,0,,0,0,,0,0,,,0,0,,0,0,0,0,0,0,1,1,0,-1.4,Olivia Ziolkowski,https://www.sports-reference.com/cbb/players/olivia-ziolkowski-1.html,marshall,2024-25
