ranker,player_game_num_career,team_game_num_season,date,team_name_abbr,game_location,opp_name_abbr,game_type,game_result,is_starter,mp,fg,fga,fg_pct,fg3,fg3a,fg3_pct,fg2,fg2a,fg2_pct,efg_pct,ft,fta,ft_pct,orb,drb,trb,ast,stl,blk,tov,pf,pts,game_score,player_name,player_sr_link,school,season
1,1,2,2018-11-11,Georgia Tech,,Appalachian State,REG (Non-Conf),W 71-53,,5,3,4,.750,0,0,,3,4,.750,.750,0,0,,1,0,1,0,0,0,1,0,6,4.1,D'asia Gregg,https://www.sports-reference.com/cbb/players/dasia-gregg-1.html,georgia-tech,2018-19
2,2,3,2018-11-14,Georgia Tech,,Western Carolina,REG (Non-Conf),W 84-49,,11,0,2,.000,0,1,.000,0,1,.000,.000,0,0,,0,2,2,1,1,0,1,0,0,-0.1,D'asia Gregg,https://www.sports-reference.com/cbb/players/dasia-gregg-1.html,georgia-tech,2018-19
3,3,5,2018-11-22,Georgia Tech,@,George Washington,REG (Non-Conf),W 70-55,,1,0,0,,0,0,,0,0,,,0,0,,0,0,0,0,0,0,0,0,0,0.0,D'asia Gregg,https://www.sports-reference.com/cbb/players/dasia-gregg-1.html,georgia-tech,2018-19
4,4,7,2018-11-29,Georgia Tech,@,Maryland,REG (Non-Conf),L 54-67,,4,0,2,.000,0,0,,0,2,.000,.000,0,0,,0,1,1,0,0,0,0,0,0,-1.1,D'asia Gregg,https://www.sports-reference.com/cbb/players/dasia-gregg-1.html,georgia-tech,2018-19
5,5,8,2018-12-02,Georgia Tech,@,Georgia State,REG (Non-Conf),W 78-71,,24,3,7,.429,1,3,.333,2,4,.500,.500,8,10,.800,4,3,7,2,1,0,1,2,15,14.8,D'asia Gregg,https://www.sports-reference.com/cbb/players/dasia-gregg-1.html,georgia-tech,2018-19
6,6,9,2018-12-05,Georgia Tech,,Alabama State,REG (Non-Conf),W 69-42,,10,0,2,.000,0,0,,0,2,.000,.000,2,4,.500,2,1,3,1,0,0,3,1,2,-1.2,D'asia Gregg,https://www.sports-reference.com/cbb/players/dasia-gregg-1.html,georgia-tech,2018-19
7,7,10,2018-12-16,Georgia Tech,,Kennesaw State,REG (Non-Conf),W 60-35,,12,3,6,.500,0,1,.000,3,5,.600,.500,0,0,,2,1,3,0,2,0,0,1,6,6.3,D'asia Gregg,https://www.sports-reference.com/cbb/players/dasia-gregg-1.html,georgia-tech,2018-19
8,8,11,2018-12-20,Georgia Tech,,Seton Hall,REG (Non-Conf),W 84-73,,7,2,5,.400,2,2,1.000,0,3,.000,.600,0,0,,1,0,1,0,0,0,0,0,6,4.0,D'asia Gregg,https://www.sports-reference.com/cbb/players/dasia-gregg-1.html,georgia-tech,2018-19
9,9,12,2018-12-21,Georgia Tech,,Dayton,REG (Non-Conf),L 66-85,,7,0,2,.000,0,1,.000,0,1,.000,.000,0,0,,1,0,1,0,0,0,0,0,0,-0.7,D'asia Gregg,https://www.sports-reference.com/cbb/players/dasia-gregg-1.html,georgia-tech,2018-19
10,10,13,2018-12-30,Georgia Tech,,Wofford,REG (Non-Conf),W 81-40,,10,3,4,.750,2,3,.667,1,1,1.000,1.000,0,0,,0,1,1,0,0,0,0,1,8,6.3,D'asia Gregg,https://www.sports-reference.com/cbb/players/dasia-gregg-1.html,georgia-tech,2018-19
11,11,14,2019-01-03,Georgia Tech,@,Boston College,REG (Conf),W 81-76,,7,1,1,1.000,0,0,,1,1,1.000,1.000,0,0,,0,1,1,0,1,0,2,2,2,0.2,D'asia Gregg,https://www.sports-reference.com/cbb/players/dasia-gregg-1.html,georgia-tech,2018-19
12,12,15,2019-01-06,Georgia Tech,,Notre Dame,REG (Conf),L 55-76,,1,0,0,,0,0,,0,0,,,0,0,,0,0,0,0,0,0,0,0,0,0.0,D'asia Gregg,https://www.sports-reference.com/cbb/players/dasia-gregg-1.html,georgia-tech,2018-19
13,13,18,2019-01-17,Georgia Tech,@,Clemson,REG (Conf),L 61-71,,2,0,0,,0,0,,0,0,,,1,2,.500,0,0,0,0,0,0,1,0,1,-0.4,D'asia Gregg,https://www.sports-reference.com/cbb/players/dasia-gregg-1.html,georgia-tech,2018-19
14,14,19,2019-01-20,Georgia Tech,,Syracuse,REG (Conf),W 65-55,,1,0,0,,0,0,,0,0,,,0,0,,0,0,0,0,0,0,1,1,0,-1.4,D'asia Gregg,https://www.sports-reference.com/cbb/players/dasia-gregg-1.html,georgia-tech,2018-19
15,15,21,2019-01-31,Georgia Tech,@,North Carolina,REG (Conf),L 90-91,,10,0,0,,0,0,,0,0,,,0,0,,0,0,0,0,0,0,0,3,0,-1.2,D'asia Gregg,https://www.sports-reference.com/cbb/players/dasia-gregg-1.html,georgia-tech,2018-19
16,16,22,2019-02-03,Georgia Tech,@,Notre Dame,REG (Conf),L 50-90,,7,0,5,.000,0,2,.000,0,3,.000,.000,0,0,,0,0,0,0,0,0,2,2,0,-6.3,D'asia Gregg,https://www.sports-reference.com/cbb/players/dasia-gregg-1.html,georgia-tech,2018-19
17,17,23,2019-02-07,Georgia Tech,,Pittsburgh,REG (Conf),W 67-55,,3,0,1,.000,0,1,.000,0,0,,.000,0,0,,0,0,0,0,0,0,0,0,0,-0.7,D'asia Gregg,https://www.sports-reference.com/cbb/players/dasia-gregg-1.html,georgia-tech,2018-19
18,18,24,2019-02-10,Georgia Tech,@,Wake Forest,REG (Conf),W 60-46,,5,0,2,.000,0,1,.000,0,1,.000,.000,0,0,,1,0,1,0,0,0,2,1,0,-3.1,D'asia Gregg,https://www.sports-reference.com/cbb/players/dasia-gregg-1.html,georgia-tech,2018-19
19,19,27,2019-02-24,Georgia Tech,@,Virginia,REG (Conf),L 45-53,,0,0,0,,0,0,,0,0,,,0,0,,0,0,0,0,0,0,0,0,0,0.0,D'asia Gregg,https://www.sports-reference.com/cbb/players/dasia-gregg-1.html,georgia-tech,2018-19
20,20,28,2019-02-28,Georgia Tech,@,Miami (FL),REG (Conf),L 56-69,,8,1,5,.200,1,4,.250,0,1,.000,.300,0,0,,0,1,1,0,0,0,1,1,3,-1.2,D'asia Gregg,https://www.sports-reference.com/cbb/players/dasia-gregg-1.html,georgia-tech,2018-19
21,21,29,2019-03-03,Georgia Tech,,Florida State,REG (Conf),L 55-64,,10,1,3,.333,0,1,.000,1,2,.500,.333,0,0,,2,1,3,3,0,0,0,1,2,3.7,D'asia Gregg,https://www.sports-reference.com/cbb/players/dasia-gregg-1.html,georgia-tech,2018-19
22,22,30,2019-03-07,Georgia Tech,@,North Carolina,CTOURN,L 73-80,,7,1,5,.200,1,4,.250,0,1,.000,.300,0,0,,0,1,1,0,0,0,1,1,3,-1.2,D'asia Gregg,https://www.sports-reference.com/cbb/players/dasia-gregg-1.html,georgia-tech,2018-19
