ranker,player_game_num_career,team_game_num_season,date,team_name_abbr,game_location,opp_name_abbr,game_type,game_result,is_starter,mp,fg,fga,fg_pct,fg3,fg3a,fg3_pct,fg2,fg2a,fg2_pct,efg_pct,ft,fta,ft_pct,orb,drb,trb,ast,stl,blk,tov,pf,pts,game_score,player_name,player_sr_link,school,season
1,1,1,2018-11-09,Georgia Tech,@,Houston,REG (Non-Conf),L 89-95 (2OT),,8,0,1,.000,0,0,,0,1,.000,.000,0,0,,0,2,2,0,0,1,1,2,0,-1.2,Daijah Jefferson,https://www.sports-reference.com/cbb/players/daijah-jefferson-1.html,georgia-tech,2018-19
2,2,2,2018-11-11,Georgia Tech,,Appalachian State,REG (Non-Conf),W 71-53,,4,0,1,.000,0,0,,0,1,.000,.000,0,0,,0,0,0,0,0,0,0,1,0,-1.1,Daijah Jefferson,https://www.sports-reference.com/cbb/players/daijah-jefferson-1.html,georgia-tech,2018-19
3,3,3,2018-11-14,Georgia Tech,,Western Carolina,REG (Non-Conf),W 84-49,,24,5,12,.417,3,7,.429,2,5,.400,.542,1,1,1.000,0,2,2,1,4,0,3,2,14,9.1,Daijah Jefferson,https://www.sports-reference.com/cbb/players/daijah-jefferson-1.html,georgia-tech,2018-19
4,4,4,2018-11-18,Georgia Tech,,Georgia,REG (Non-Conf),W 63-53,,15,1,5,.200,0,2,.000,1,3,.333,.200,1,2,.500,0,1,1,1,0,0,1,0,3,-0.5,Daijah Jefferson,https://www.sports-reference.com/cbb/players/daijah-jefferson-1.html,georgia-tech,2018-19
5,5,5,2018-11-22,Georgia Tech,@,George Washington,REG (Non-Conf),W 70-55,,11,1,5,.200,0,3,.000,1,2,.500,.200,0,0,,1,0,1,0,0,0,1,2,2,-2.2,Daijah Jefferson,https://www.sports-reference.com/cbb/players/daijah-jefferson-1.html,georgia-tech,2018-19
6,6,6,2018-11-23,Georgia Tech,,Idaho State,REG (Non-Conf),W 74-51,,21,2,5,.400,2,4,.500,0,1,.000,.600,3,4,.750,0,1,1,0,0,0,1,2,9,4.4,Daijah Jefferson,https://www.sports-reference.com/cbb/players/daijah-jefferson-1.html,georgia-tech,2018-19
7,7,7,2018-11-29,Georgia Tech,@,Maryland,REG (Non-Conf),L 54-67,,6,0,1,.000,0,0,,0,1,.000,.000,0,0,,0,0,0,0,0,0,1,0,0,-1.7,Daijah Jefferson,https://www.sports-reference.com/cbb/players/daijah-jefferson-1.html,georgia-tech,2018-19
8,8,8,2018-12-02,Georgia Tech,@,Georgia State,REG (Non-Conf),W 78-71,,7,0,4,.000,0,1,.000,0,3,.000,.000,0,0,,1,1,2,0,0,0,0,0,0,-1.8,Daijah Jefferson,https://www.sports-reference.com/cbb/players/daijah-jefferson-1.html,georgia-tech,2018-19
9,9,9,2018-12-05,Georgia Tech,,Alabama State,REG (Non-Conf),W 69-42,,15,0,6,.000,0,5,.000,0,1,.000,.000,0,0,,1,2,3,0,0,0,0,1,0,-3.3,Daijah Jefferson,https://www.sports-reference.com/cbb/players/daijah-jefferson-1.html,georgia-tech,2018-19
10,10,10,2018-12-16,Georgia Tech,,Kennesaw State,REG (Non-Conf),W 60-35,,8,1,3,.333,1,2,.500,0,1,.000,.500,0,0,,0,0,0,0,0,0,2,0,3,-0.7,Daijah Jefferson,https://www.sports-reference.com/cbb/players/daijah-jefferson-1.html,georgia-tech,2018-19
11,11,12,2018-12-21,Georgia Tech,,Dayton,REG (Non-Conf),L 66-85,,3,2,2,1.000,0,0,,2,2,1.000,1.000,0,1,.000,1,0,1,0,0,0,1,2,4,1.9,Daijah Jefferson,https://www.sports-reference.com/cbb/players/daijah-jefferson-1.html,georgia-tech,2018-19
12,12,13,2018-12-30,Georgia Tech,,Wofford,REG (Non-Conf),W 81-40,,17,1,4,.250,1,3,.333,0,1,.000,.375,0,0,,2,0,2,1,0,0,3,0,3,-0.3,Daijah Jefferson,https://www.sports-reference.com/cbb/players/daijah-jefferson-1.html,georgia-tech,2018-19
13,13,14,2019-01-03,Georgia Tech,@,Boston College,REG (Conf),W 81-76,,1,0,0,,0,0,,0,0,,,0,0,,0,0,0,0,0,0,0,0,0,0.0,Daijah Jefferson,https://www.sports-reference.com/cbb/players/daijah-jefferson-1.html,georgia-tech,2018-19
14,14,15,2019-01-06,Georgia Tech,,Notre Dame,REG (Conf),L 55-76,,6,0,1,.000,0,1,.000,0,0,,.000,0,0,,0,0,0,0,0,0,0,0,0,-0.7,Daijah Jefferson,https://www.sports-reference.com/cbb/players/daijah-jefferson-1.html,georgia-tech,2018-19
15,15,17,2019-01-13,Georgia Tech,@,Louisville,REG (Conf),L 44-61,,4,0,2,.000,0,1,.000,0,1,.000,.000,0,0,,1,0,1,0,0,0,1,0,0,-1.7,Daijah Jefferson,https://www.sports-reference.com/cbb/players/daijah-jefferson-1.html,georgia-tech,2018-19
16,16,20,2019-01-27,Georgia Tech,,NC State,REG (Conf),L 60-68,,2,0,1,.000,0,1,.000,0,0,,.000,0,0,,0,0,0,0,0,0,0,0,0,-0.7,Daijah Jefferson,https://www.sports-reference.com/cbb/players/daijah-jefferson-1.html,georgia-tech,2018-19
17,17,22,2019-02-03,Georgia Tech,@,Notre Dame,REG (Conf),L 50-90,,13,0,5,.000,0,1,.000,0,4,.000,.000,0,0,,4,2,6,2,0,1,1,0,0,1.0,Daijah Jefferson,https://www.sports-reference.com/cbb/players/daijah-jefferson-1.html,georgia-tech,2018-19
18,18,23,2019-02-07,Georgia Tech,,Pittsburgh,REG (Conf),W 67-55,,3,0,0,,0,0,,0,0,,,0,0,,0,1,1,0,0,0,0,2,0,-0.5,Daijah Jefferson,https://www.sports-reference.com/cbb/players/daijah-jefferson-1.html,georgia-tech,2018-19
19,19,24,2019-02-10,Georgia Tech,@,Wake Forest,REG (Conf),W 60-46,,5,0,1,.000,0,1,.000,0,0,,.000,0,0,,0,0,0,0,0,0,2,1,0,-3.1,Daijah Jefferson,https://www.sports-reference.com/cbb/players/daijah-jefferson-1.html,georgia-tech,2018-19
20,20,26,2019-02-21,Georgia Tech,,Clemson,REG (Conf),W 75-53,,1,0,0,,0,0,,0,0,,,0,0,,0,0,0,0,0,0,0,1,0,-0.4,Daijah Jefferson,https://www.sports-reference.com/cbb/players/daijah-jefferson-1.html,georgia-tech,2018-19
21,21,27,2019-02-24,Georgia Tech,@,Virginia,REG (Conf),L 45-53,,2,0,1,.000,0,1,.000,0,0,,.000,0,0,,0,0,0,0,0,0,0,0,0,-0.7,Daijah Jefferson,https://www.sports-reference.com/cbb/players/daijah-jefferson-1.html,georgia-tech,2018-19
22,22,28,2019-02-28,Georgia Tech,@,Miami (FL),REG (Conf),L 56-69,,8,1,2,.500,1,2,.500,0,0,,.750,0,0,,0,0,0,0,0,0,0,0,3,2.0,Daijah Jefferson,https://www.sports-reference.com/cbb/players/daijah-jefferson-1.html,georgia-tech,2018-19
23,23,30,2019-03-07,Georgia Tech,@,North Carolina,CTOURN,L 73-80,,6,2,4,.500,1,3,.333,1,1,1.000,.625,0,0,,0,0,0,1,0,0,0,1,5,3.3,Daijah Jefferson,https://www.sports-reference.com/cbb/players/daijah-jefferson-1.html,georgia-tech,2018-19
