ranker,player_game_num_career,team_game_num_season,date,team_name_abbr,game_location,opp_name_abbr,game_type,game_result,is_starter,mp,fg,fga,fg_pct,fg3,fg3a,fg3_pct,fg2,fg2a,fg2_pct,efg_pct,ft,fta,ft_pct,orb,drb,trb,ast,stl,blk,tov,pf,pts,game_score,player_name,player_sr_link,school,season
1,1,1,2018-11-09,Georgia Tech,@,Houston,REG (Non-Conf),L 89-95 (2OT),*,40,5,10,.500,3,5,.600,2,5,.400,.650,0,0,,2,3,5,2,5,2,4,5,13,12.1,Elizabeth Balogun,https://www.sports-reference.com/cbb/players/elizabeth-balogun-1.html,georgia-tech,2018-19
2,2,2,2018-11-11,Georgia Tech,,Appalachian State,REG (Non-Conf),W 71-53,*,35,9,15,.600,3,7,.429,6,8,.750,.700,0,0,,0,1,1,1,0,1,1,3,21,13.6,Elizabeth Balogun,https://www.sports-reference.com/cbb/players/elizabeth-balogun-1.html,georgia-tech,2018-19
3,3,3,2018-11-14,Georgia Tech,,Western Carolina,REG (Non-Conf),W 84-49,*,22,3,11,.273,1,5,.200,2,6,.333,.318,1,4,.250,4,2,6,2,0,0,0,0,8,5.1,Elizabeth Balogun,https://www.sports-reference.com/cbb/players/elizabeth-balogun-1.html,georgia-tech,2018-19
4,4,4,2018-11-18,Georgia Tech,,Georgia,REG (Non-Conf),W 63-53,*,19,3,7,.429,2,4,.500,1,3,.333,.571,2,2,1.000,0,0,0,0,0,1,1,1,10,5.6,Elizabeth Balogun,https://www.sports-reference.com/cbb/players/elizabeth-balogun-1.html,georgia-tech,2018-19
5,5,5,2018-11-22,Georgia Tech,@,George Washington,REG (Non-Conf),W 70-55,*,33,7,15,.467,2,9,.222,5,6,.833,.533,3,3,1.000,2,1,3,4,4,0,1,2,19,18.0,Elizabeth Balogun,https://www.sports-reference.com/cbb/players/elizabeth-balogun-1.html,georgia-tech,2018-19
6,6,6,2018-11-23,Georgia Tech,,Idaho State,REG (Non-Conf),W 74-51,*,16,0,4,.000,0,1,.000,0,3,.000,.000,1,2,.500,1,2,3,1,2,1,0,3,1,1.3,Elizabeth Balogun,https://www.sports-reference.com/cbb/players/elizabeth-balogun-1.html,georgia-tech,2018-19
7,7,7,2018-11-29,Georgia Tech,@,Maryland,REG (Non-Conf),L 54-67,*,38,5,11,.455,3,5,.600,2,6,.333,.591,0,0,,1,2,3,1,0,1,1,1,13,8.6,Elizabeth Balogun,https://www.sports-reference.com/cbb/players/elizabeth-balogun-1.html,georgia-tech,2018-19
8,8,8,2018-12-02,Georgia Tech,@,Georgia State,REG (Non-Conf),W 78-71,*,17,1,4,.250,1,2,.500,0,2,.000,.375,1,2,.500,0,2,2,1,2,1,3,4,4,0.6,Elizabeth Balogun,https://www.sports-reference.com/cbb/players/elizabeth-balogun-1.html,georgia-tech,2018-19
9,9,9,2018-12-05,Georgia Tech,,Alabama State,REG (Non-Conf),W 69-42,*,28,8,17,.471,1,5,.200,7,12,.583,.500,1,2,.500,4,2,6,5,4,1,1,1,18,19.1,Elizabeth Balogun,https://www.sports-reference.com/cbb/players/elizabeth-balogun-1.html,georgia-tech,2018-19
10,10,10,2018-12-16,Georgia Tech,,Kennesaw State,REG (Non-Conf),W 60-35,*,31,6,11,.545,3,5,.600,3,6,.500,.682,0,0,,2,6,8,3,0,3,0,2,15,16.3,Elizabeth Balogun,https://www.sports-reference.com/cbb/players/elizabeth-balogun-1.html,georgia-tech,2018-19
11,11,11,2018-12-20,Georgia Tech,,Seton Hall,REG (Non-Conf),W 84-73,*,38,12,21,.571,3,7,.429,9,14,.643,.643,3,3,1.000,3,3,6,2,2,4,1,3,30,27.1,Elizabeth Balogun,https://www.sports-reference.com/cbb/players/elizabeth-balogun-1.html,georgia-tech,2018-19
12,12,12,2018-12-21,Georgia Tech,,Dayton,REG (Non-Conf),L 66-85,*,33,5,16,.313,1,7,.143,4,9,.444,.344,2,4,.500,3,4,7,1,0,2,5,5,13,1.4,Elizabeth Balogun,https://www.sports-reference.com/cbb/players/elizabeth-balogun-1.html,georgia-tech,2018-19
13,13,13,2018-12-30,Georgia Tech,,Wofford,REG (Non-Conf),W 81-40,*,32,10,16,.625,1,4,.250,9,12,.750,.656,3,4,.750,3,5,8,1,2,1,4,2,24,18.6,Elizabeth Balogun,https://www.sports-reference.com/cbb/players/elizabeth-balogun-1.html,georgia-tech,2018-19
14,14,14,2019-01-03,Georgia Tech,@,Boston College,REG (Conf),W 81-76,*,34,7,14,.500,2,3,.667,5,11,.455,.571,2,4,.500,5,12,17,1,1,0,1,0,18,18.0,Elizabeth Balogun,https://www.sports-reference.com/cbb/players/elizabeth-balogun-1.html,georgia-tech,2018-19
15,15,15,2019-01-06,Georgia Tech,,Notre Dame,REG (Conf),L 55-76,*,28,6,13,.462,1,6,.167,5,7,.714,.500,1,2,.500,0,2,2,0,0,1,2,4,14,4.6,Elizabeth Balogun,https://www.sports-reference.com/cbb/players/elizabeth-balogun-1.html,georgia-tech,2018-19
16,16,16,2019-01-10,Georgia Tech,,Duke,REG (Conf),W 70-64,*,36,6,15,.400,3,8,.375,3,7,.429,.500,1,1,1.000,1,4,5,3,2,1,5,1,16,9.2,Elizabeth Balogun,https://www.sports-reference.com/cbb/players/elizabeth-balogun-1.html,georgia-tech,2018-19
17,17,17,2019-01-13,Georgia Tech,@,Louisville,REG (Conf),L 44-61,*,26,5,11,.455,2,6,.333,3,5,.600,.545,1,2,.500,5,5,10,0,3,0,3,3,13,10.7,Elizabeth Balogun,https://www.sports-reference.com/cbb/players/elizabeth-balogun-1.html,georgia-tech,2018-19
18,18,18,2019-01-17,Georgia Tech,@,Clemson,REG (Conf),L 61-71,*,34,8,20,.400,6,12,.500,2,8,.250,.550,1,2,.500,2,1,3,0,2,0,4,3,23,10.3,Elizabeth Balogun,https://www.sports-reference.com/cbb/players/elizabeth-balogun-1.html,georgia-tech,2018-19
19,19,19,2019-01-20,Georgia Tech,,Syracuse,REG (Conf),W 65-55,*,28,7,13,.538,4,7,.571,3,6,.500,.692,2,2,1.000,2,5,7,1,1,6,1,3,20,20.3,Elizabeth Balogun,https://www.sports-reference.com/cbb/players/elizabeth-balogun-1.html,georgia-tech,2018-19
20,20,20,2019-01-27,Georgia Tech,,NC State,REG (Conf),L 60-68,*,32,4,14,.286,3,8,.375,1,6,.167,.393,3,4,.750,0,5,5,3,2,0,0,5,14,9.0,Elizabeth Balogun,https://www.sports-reference.com/cbb/players/elizabeth-balogun-1.html,georgia-tech,2018-19
21,21,21,2019-01-31,Georgia Tech,@,North Carolina,REG (Conf),L 90-91,*,40,11,20,.550,6,12,.500,5,8,.625,.700,7,9,.778,2,3,5,5,3,0,3,1,35,30.0,Elizabeth Balogun,https://www.sports-reference.com/cbb/players/elizabeth-balogun-1.html,georgia-tech,2018-19
22,22,22,2019-02-03,Georgia Tech,@,Notre Dame,REG (Conf),L 50-90,*,31,3,15,.200,1,9,.111,2,6,.333,.233,0,0,,3,2,5,1,2,0,3,1,7,-0.3,Elizabeth Balogun,https://www.sports-reference.com/cbb/players/elizabeth-balogun-1.html,georgia-tech,2018-19
23,23,23,2019-02-07,Georgia Tech,,Pittsburgh,REG (Conf),W 67-55,*,33,4,15,.267,1,6,.167,3,9,.333,.300,1,2,.500,2,1,3,1,2,2,3,1,10,3.1,Elizabeth Balogun,https://www.sports-reference.com/cbb/players/elizabeth-balogun-1.html,georgia-tech,2018-19
24,24,24,2019-02-10,Georgia Tech,@,Wake Forest,REG (Conf),W 60-46,*,21,1,11,.091,1,4,.250,0,7,.000,.136,0,0,,1,2,3,2,0,0,0,2,3,-2.4,Elizabeth Balogun,https://www.sports-reference.com/cbb/players/elizabeth-balogun-1.html,georgia-tech,2018-19
25,25,25,2019-02-17,Georgia Tech,,Virginia Tech,REG (Conf),W 76-68,*,25,3,11,.273,2,6,.333,1,5,.200,.364,2,4,.500,1,3,4,1,1,3,1,5,10,5.1,Elizabeth Balogun,https://www.sports-reference.com/cbb/players/elizabeth-balogun-1.html,georgia-tech,2018-19
26,26,26,2019-02-21,Georgia Tech,,Clemson,REG (Conf),W 75-53,*,31,5,14,.357,2,8,.250,3,6,.500,.429,0,0,,2,0,2,3,2,0,0,2,12,8.9,Elizabeth Balogun,https://www.sports-reference.com/cbb/players/elizabeth-balogun-1.html,georgia-tech,2018-19
27,27,27,2019-02-24,Georgia Tech,@,Virginia,REG (Conf),L 45-53,*,37,6,16,.375,2,9,.222,4,7,.571,.438,2,3,.667,6,3,9,1,2,1,0,1,16,14.9,Elizabeth Balogun,https://www.sports-reference.com/cbb/players/elizabeth-balogun-1.html,georgia-tech,2018-19
28,28,28,2019-02-28,Georgia Tech,@,Miami (FL),REG (Conf),L 56-69,*,38,7,17,.412,1,8,.125,6,9,.667,.441,0,0,,0,4,4,0,2,0,6,3,15,1.9,Elizabeth Balogun,https://www.sports-reference.com/cbb/players/elizabeth-balogun-1.html,georgia-tech,2018-19
29,29,29,2019-03-03,Georgia Tech,,Florida State,REG (Conf),L 55-64,*,36,4,22,.182,3,10,.300,1,12,.083,.250,2,6,.333,2,3,5,1,3,0,1,2,13,1.8,Elizabeth Balogun,https://www.sports-reference.com/cbb/players/elizabeth-balogun-1.html,georgia-tech,2018-19
30,30,30,2019-03-07,Georgia Tech,@,North Carolina,CTOURN,L 73-80,*,20,4,10,.400,1,6,.167,3,4,.750,.450,0,0,,1,4,5,1,0,1,3,4,9,2.3,Elizabeth Balogun,https://www.sports-reference.com/cbb/players/elizabeth-balogun-1.html,georgia-tech,2018-19
