ranker,player_game_num_career,team_game_num_season,date,team_name_abbr,game_location,opp_name_abbr,game_type,game_result,is_starter,mp,fg,fga,fg_pct,fg3,fg3a,fg3_pct,fg2,fg2a,fg2_pct,efg_pct,ft,fta,ft_pct,orb,drb,trb,ast,stl,blk,tov,pf,pts,game_score,player_name,player_sr_link,school,season
1,1,1,2018-11-09,Georgia Tech,@,Houston,REG (Non-Conf),L 89-95 (2OT),,0,0,0,,0,0,,0,0,,,0,0,,0,0,0,0,0,0,0,0,0,0.0,Jasmine Carson,https://www.sports-reference.com/cbb/players/jasmine-carson-1.html,georgia-tech,2018-19
2,2,2,2018-11-11,Georgia Tech,,Appalachian State,REG (Non-Conf),W 71-53,,7,0,3,.000,0,1,.000,0,2,.000,.000,0,0,,0,0,0,1,0,0,0,0,0,-1.4,Jasmine Carson,https://www.sports-reference.com/cbb/players/jasmine-carson-1.html,georgia-tech,2018-19
3,3,3,2018-11-14,Georgia Tech,,Western Carolina,REG (Non-Conf),W 84-49,,6,2,4,.500,2,3,.667,0,1,.000,.750,0,0,,0,0,0,0,0,0,0,1,6,3.6,Jasmine Carson,https://www.sports-reference.com/cbb/players/jasmine-carson-1.html,georgia-tech,2018-19
4,4,5,2018-11-22,Georgia Tech,@,George Washington,REG (Non-Conf),W 70-55,,1,0,0,,0,0,,0,0,,,0,0,,0,0,0,0,0,0,0,0,0,0.0,Jasmine Carson,https://www.sports-reference.com/cbb/players/jasmine-carson-1.html,georgia-tech,2018-19
5,5,6,2018-11-23,Georgia Tech,,Idaho State,REG (Non-Conf),W 74-51,,2,0,1,.000,0,0,,0,1,.000,.000,2,2,1.000,0,0,0,0,0,0,0,1,2,0.9,Jasmine Carson,https://www.sports-reference.com/cbb/players/jasmine-carson-1.html,georgia-tech,2018-19
6,6,8,2018-12-02,Georgia Tech,@,Georgia State,REG (Non-Conf),W 78-71,,1,0,1,.000,0,1,.000,0,0,,.000,0,0,,0,0,0,0,0,0,1,0,0,-1.7,Jasmine Carson,https://www.sports-reference.com/cbb/players/jasmine-carson-1.html,georgia-tech,2018-19
7,7,9,2018-12-05,Georgia Tech,,Alabama State,REG (Non-Conf),W 69-42,,7,0,4,.000,0,3,.000,0,1,.000,.000,0,0,,0,0,0,0,0,0,0,0,0,-2.8,Jasmine Carson,https://www.sports-reference.com/cbb/players/jasmine-carson-1.html,georgia-tech,2018-19
8,8,10,2018-12-16,Georgia Tech,,Kennesaw State,REG (Non-Conf),W 60-35,,2,0,1,.000,0,1,.000,0,0,,.000,0,0,,0,0,0,0,0,0,0,0,0,-0.7,Jasmine Carson,https://www.sports-reference.com/cbb/players/jasmine-carson-1.html,georgia-tech,2018-19
9,9,12,2018-12-21,Georgia Tech,,Dayton,REG (Non-Conf),L 66-85,,1,0,0,,0,0,,0,0,,,0,0,,0,0,0,0,0,0,0,0,0,0.0,Jasmine Carson,https://www.sports-reference.com/cbb/players/jasmine-carson-1.html,georgia-tech,2018-19
10,10,13,2018-12-30,Georgia Tech,,Wofford,REG (Non-Conf),W 81-40,,6,0,3,.000,0,2,.000,0,1,.000,.000,0,0,,0,0,0,0,0,0,1,0,0,-3.1,Jasmine Carson,https://www.sports-reference.com/cbb/players/jasmine-carson-1.html,georgia-tech,2018-19
11,11,16,2019-01-10,Georgia Tech,,Duke,REG (Conf),W 70-64,,1,1,2,.500,1,2,.500,0,0,,.750,0,0,,0,0,0,0,0,0,1,0,3,1.0,Jasmine Carson,https://www.sports-reference.com/cbb/players/jasmine-carson-1.html,georgia-tech,2018-19
12,12,19,2019-01-20,Georgia Tech,,Syracuse,REG (Conf),W 65-55,,6,0,3,.000,0,1,.000,0,2,.000,.000,0,0,,0,0,0,0,1,0,0,1,0,-1.5,Jasmine Carson,https://www.sports-reference.com/cbb/players/jasmine-carson-1.html,georgia-tech,2018-19
13,13,21,2019-01-31,Georgia Tech,@,North Carolina,REG (Conf),L 90-91,*,6,0,3,.000,0,3,.000,0,0,,.000,0,0,,0,0,0,1,1,0,0,2,0,-1.2,Jasmine Carson,https://www.sports-reference.com/cbb/players/jasmine-carson-1.html,georgia-tech,2018-19
14,14,22,2019-02-03,Georgia Tech,@,Notre Dame,REG (Conf),L 50-90,,13,1,6,.167,1,6,.167,0,0,,.250,1,2,.500,0,2,2,1,2,0,1,0,4,2.1,Jasmine Carson,https://www.sports-reference.com/cbb/players/jasmine-carson-1.html,georgia-tech,2018-19
15,15,23,2019-02-07,Georgia Tech,,Pittsburgh,REG (Conf),W 67-55,,1,0,1,.000,0,0,,0,1,.000,.000,0,0,,0,0,0,0,0,0,0,0,0,-0.7,Jasmine Carson,https://www.sports-reference.com/cbb/players/jasmine-carson-1.html,georgia-tech,2018-19
16,16,24,2019-02-10,Georgia Tech,@,Wake Forest,REG (Conf),W 60-46,,1,0,0,,0,0,,0,0,,,0,0,,0,0,0,0,0,0,0,0,0,0.0,Jasmine Carson,https://www.sports-reference.com/cbb/players/jasmine-carson-1.html,georgia-tech,2018-19
17,17,25,2019-02-17,Georgia Tech,,Virginia Tech,REG (Conf),W 76-68,,3,1,1,1.000,1,1,1.000,0,0,,1.500,0,0,,0,0,0,0,0,0,0,1,3,2.3,Jasmine Carson,https://www.sports-reference.com/cbb/players/jasmine-carson-1.html,georgia-tech,2018-19
18,18,26,2019-02-21,Georgia Tech,,Clemson,REG (Conf),W 75-53,,3,0,0,,0,0,,0,0,,,0,0,,0,0,0,1,1,0,1,1,0,0.3,Jasmine Carson,https://www.sports-reference.com/cbb/players/jasmine-carson-1.html,georgia-tech,2018-19
19,19,27,2019-02-24,Georgia Tech,@,Virginia,REG (Conf),L 45-53,,8,0,3,.000,0,3,.000,0,0,,.000,1,2,.500,0,1,1,0,1,0,0,1,1,-0.6,Jasmine Carson,https://www.sports-reference.com/cbb/players/jasmine-carson-1.html,georgia-tech,2018-19
20,20,28,2019-02-28,Georgia Tech,@,Miami (FL),REG (Conf),L 56-69,,16,3,6,.500,1,3,.333,2,3,.667,.583,1,2,.500,0,0,0,0,1,0,3,2,8,1.8,Jasmine Carson,https://www.sports-reference.com/cbb/players/jasmine-carson-1.html,georgia-tech,2018-19
21,21,29,2019-03-03,Georgia Tech,,Florida State,REG (Conf),L 55-64,,21,5,7,.714,4,5,.800,1,2,.500,1.000,0,0,,0,0,0,1,0,0,0,0,14,11.8,Jasmine Carson,https://www.sports-reference.com/cbb/players/jasmine-carson-1.html,georgia-tech,2018-19
22,22,30,2019-03-07,Georgia Tech,@,North Carolina,CTOURN,L 73-80,,6,1,4,.250,1,3,.333,0,1,.000,.375,0,0,,0,0,0,0,0,0,1,2,3,-1.2,Jasmine Carson,https://www.sports-reference.com/cbb/players/jasmine-carson-1.html,georgia-tech,2018-19
