ranker,player_game_num_career,team_game_num_season,date,team_name_abbr,game_location,opp_name_abbr,game_type,game_result,is_starter,mp,fg,fga,fg_pct,fg3,fg3a,fg3_pct,fg2,fg2a,fg2_pct,efg_pct,ft,fta,ft_pct,orb,drb,trb,ast,stl,blk,tov,pf,pts,game_score,player_name,player_sr_link,school,season
1,35,1,2018-11-09,Georgia Tech,@,Houston,REG (Non-Conf),L 89-95 (2OT),*,48,10,14,.714,0,0,,10,14,.714,.714,5,11,.455,3,4,7,2,2,0,7,4,25,14.9,Kierra Fletcher,https://www.sports-reference.com/cbb/players/kierra-fletcher-1.html,georgia-tech,2018-19
2,36,2,2018-11-11,Georgia Tech,,Appalachian State,REG (Non-Conf),W 71-53,*,29,5,8,.625,0,0,,5,8,.625,.625,0,1,.000,3,5,8,4,2,0,2,2,10,11.6,Kierra Fletcher,https://www.sports-reference.com/cbb/players/kierra-fletcher-1.html,georgia-tech,2018-19
3,37,3,2018-11-14,Georgia Tech,,Western Carolina,REG (Non-Conf),W 84-49,*,23,2,4,.500,0,0,,2,4,.500,.500,1,1,1.000,2,1,3,1,2,0,1,3,5,5.2,Kierra Fletcher,https://www.sports-reference.com/cbb/players/kierra-fletcher-1.html,georgia-tech,2018-19
4,38,4,2018-11-18,Georgia Tech,,Georgia,REG (Non-Conf),W 63-53,*,40,2,11,.182,0,1,.000,2,10,.200,.182,6,8,.750,1,4,5,3,4,0,3,3,10,6.1,Kierra Fletcher,https://www.sports-reference.com/cbb/players/kierra-fletcher-1.html,georgia-tech,2018-19
5,39,5,2018-11-22,Georgia Tech,@,George Washington,REG (Non-Conf),W 70-55,*,30,2,7,.286,0,0,,2,7,.286,.286,2,4,.500,2,3,5,2,1,0,0,1,6,5.4,Kierra Fletcher,https://www.sports-reference.com/cbb/players/kierra-fletcher-1.html,georgia-tech,2018-19
6,40,6,2018-11-23,Georgia Tech,,Idaho State,REG (Non-Conf),W 74-51,*,26,1,6,.167,0,0,,1,6,.167,.167,4,4,1.000,0,2,2,0,1,0,1,2,6,2.0,Kierra Fletcher,https://www.sports-reference.com/cbb/players/kierra-fletcher-1.html,georgia-tech,2018-19
7,41,7,2018-11-29,Georgia Tech,@,Maryland,REG (Non-Conf),L 54-67,*,35,5,9,.556,0,0,,5,9,.556,.556,4,4,1.000,0,1,1,0,3,1,3,4,14,9.1,Kierra Fletcher,https://www.sports-reference.com/cbb/players/kierra-fletcher-1.html,georgia-tech,2018-19
8,42,8,2018-12-02,Georgia Tech,@,Georgia State,REG (Non-Conf),W 78-71,*,31,3,7,.429,0,0,,3,7,.429,.429,1,2,.500,3,4,7,2,3,0,2,4,7,7.0,Kierra Fletcher,https://www.sports-reference.com/cbb/players/kierra-fletcher-1.html,georgia-tech,2018-19
9,43,9,2018-12-05,Georgia Tech,,Alabama State,REG (Non-Conf),W 69-42,*,18,0,3,.000,0,0,,0,3,.000,.000,0,0,,2,4,6,2,1,0,1,0,0,1.9,Kierra Fletcher,https://www.sports-reference.com/cbb/players/kierra-fletcher-1.html,georgia-tech,2018-19
10,44,10,2018-12-16,Georgia Tech,,Kennesaw State,REG (Non-Conf),W 60-35,*,21,1,2,.500,0,0,,1,2,.500,.500,0,3,.000,3,2,5,3,3,0,6,1,2,1.2,Kierra Fletcher,https://www.sports-reference.com/cbb/players/kierra-fletcher-1.html,georgia-tech,2018-19
11,45,11,2018-12-20,Georgia Tech,,Seton Hall,REG (Non-Conf),W 84-73,*,34,3,8,.375,0,0,,3,8,.375,.375,5,6,.833,3,11,14,5,2,2,4,3,11,13.3,Kierra Fletcher,https://www.sports-reference.com/cbb/players/kierra-fletcher-1.html,georgia-tech,2018-19
12,46,12,2018-12-21,Georgia Tech,,Dayton,REG (Non-Conf),L 66-85,*,30,1,4,.250,0,0,,1,4,.250,.250,2,4,.500,2,1,3,0,1,0,0,5,4,1.5,Kierra Fletcher,https://www.sports-reference.com/cbb/players/kierra-fletcher-1.html,georgia-tech,2018-19
13,47,13,2018-12-30,Georgia Tech,,Wofford,REG (Non-Conf),W 81-40,*,25,4,6,.667,0,0,,4,6,.667,.667,1,2,.500,2,4,6,2,2,0,1,3,9,9.8,Kierra Fletcher,https://www.sports-reference.com/cbb/players/kierra-fletcher-1.html,georgia-tech,2018-19
14,48,14,2019-01-03,Georgia Tech,@,Boston College,REG (Conf),W 81-76,*,24,5,12,.417,0,0,,5,12,.417,.417,8,8,1.000,2,3,5,0,0,0,4,2,18,9.1,Kierra Fletcher,https://www.sports-reference.com/cbb/players/kierra-fletcher-1.html,georgia-tech,2018-19
15,49,15,2019-01-06,Georgia Tech,,Notre Dame,REG (Conf),L 55-76,*,36,1,8,.125,0,0,,1,8,.125,.125,5,6,.833,3,3,6,6,0,0,4,3,7,3.4,Kierra Fletcher,https://www.sports-reference.com/cbb/players/kierra-fletcher-1.html,georgia-tech,2018-19
16,50,16,2019-01-10,Georgia Tech,,Duke,REG (Conf),W 70-64,*,39,2,6,.333,0,0,,2,6,.333,.333,2,3,.667,3,5,8,6,4,0,4,2,6,9.2,Kierra Fletcher,https://www.sports-reference.com/cbb/players/kierra-fletcher-1.html,georgia-tech,2018-19
17,51,17,2019-01-13,Georgia Tech,@,Louisville,REG (Conf),L 44-61,*,34,2,12,.167,0,0,,2,12,.167,.167,0,0,,2,0,2,3,0,0,2,3,4,-3.3,Kierra Fletcher,https://www.sports-reference.com/cbb/players/kierra-fletcher-1.html,georgia-tech,2018-19
18,52,18,2019-01-17,Georgia Tech,@,Clemson,REG (Conf),L 61-71,*,37,3,11,.273,0,0,,3,11,.273,.273,7,10,.700,4,3,7,3,2,0,2,4,13,9.5,Kierra Fletcher,https://www.sports-reference.com/cbb/players/kierra-fletcher-1.html,georgia-tech,2018-19
19,53,19,2019-01-20,Georgia Tech,,Syracuse,REG (Conf),W 65-55,*,40,6,12,.500,0,0,,6,12,.500,.500,10,11,.909,0,9,9,7,2,0,4,2,22,20.4,Kierra Fletcher,https://www.sports-reference.com/cbb/players/kierra-fletcher-1.html,georgia-tech,2018-19
20,54,20,2019-01-27,Georgia Tech,,NC State,REG (Conf),L 60-68,*,39,4,12,.333,0,0,,4,12,.333,.333,1,2,.500,2,3,5,3,2,0,3,2,9,4.4,Kierra Fletcher,https://www.sports-reference.com/cbb/players/kierra-fletcher-1.html,georgia-tech,2018-19
21,55,21,2019-01-31,Georgia Tech,@,North Carolina,REG (Conf),L 90-91,*,21,4,7,.571,0,0,,4,7,.571,.571,0,0,,0,3,3,0,0,0,1,4,8,3.0,Kierra Fletcher,https://www.sports-reference.com/cbb/players/kierra-fletcher-1.html,georgia-tech,2018-19
22,56,22,2019-02-03,Georgia Tech,@,Notre Dame,REG (Conf),L 50-90,*,33,1,8,.125,0,2,.000,1,6,.167,.125,4,4,1.000,3,1,4,2,1,3,0,1,6,7.3,Kierra Fletcher,https://www.sports-reference.com/cbb/players/kierra-fletcher-1.html,georgia-tech,2018-19
23,57,23,2019-02-07,Georgia Tech,,Pittsburgh,REG (Conf),W 67-55,*,36,4,9,.444,0,0,,4,9,.444,.444,2,3,.667,4,4,8,2,0,1,1,0,10,10.0,Kierra Fletcher,https://www.sports-reference.com/cbb/players/kierra-fletcher-1.html,georgia-tech,2018-19
24,58,24,2019-02-10,Georgia Tech,@,Wake Forest,REG (Conf),W 60-46,*,35,4,12,.333,0,0,,4,12,.333,.333,0,0,,2,4,6,5,2,2,0,0,8,10.7,Kierra Fletcher,https://www.sports-reference.com/cbb/players/kierra-fletcher-1.html,georgia-tech,2018-19
25,59,25,2019-02-17,Georgia Tech,,Virginia Tech,REG (Conf),W 76-68,*,33,1,9,.111,0,0,,1,9,.111,.111,2,4,.500,1,5,6,3,2,0,5,3,4,-2.6,Kierra Fletcher,https://www.sports-reference.com/cbb/players/kierra-fletcher-1.html,georgia-tech,2018-19
26,60,26,2019-02-21,Georgia Tech,,Clemson,REG (Conf),W 75-53,*,34,4,9,.444,0,0,,4,9,.444,.444,5,8,.625,5,6,11,7,5,1,4,2,13,18.2,Kierra Fletcher,https://www.sports-reference.com/cbb/players/kierra-fletcher-1.html,georgia-tech,2018-19
27,61,27,2019-02-24,Georgia Tech,@,Virginia,REG (Conf),L 45-53,*,22,1,5,.200,0,0,,1,5,.200,.200,2,2,1.000,3,1,4,1,0,0,2,5,4,0.0,Kierra Fletcher,https://www.sports-reference.com/cbb/players/kierra-fletcher-1.html,georgia-tech,2018-19
