ranker,player_game_num_career,team_game_num_season,date,team_name_abbr,game_location,opp_name_abbr,game_type,game_result,is_starter,mp,fg,fga,fg_pct,fg3,fg3a,fg2,fg2a,fg2_pct,efg_pct,ft,fta,ft_pct,orb,drb,trb,ast,stl,blk,tov,pf,pts,game_score,player_name,player_sr_link,school,season
1,1,1,2018-11-09,Georgia Tech,@,Houston,REG (Non-Conf),L 89-95 (2OT),,1,1,3,.333,0,0,1,3,.333,.333,0,0,,1,0,1,0,0,0,0,0,2,1.0,Kondalia Montgomery,https://www.sports-reference.com/cbb/players/kondalia-montgomery-1.html,georgia-tech,2018-19
2,2,2,2018-11-11,Georgia Tech,,Appalachian State,REG (Non-Conf),W 71-53,,2,0,0,,0,0,0,0,,,0,0,,0,1,1,1,0,0,0,1,0,0.6,Kondalia Montgomery,https://www.sports-reference.com/cbb/players/kondalia-montgomery-1.html,georgia-tech,2018-19
3,3,3,2018-11-14,Georgia Tech,,Western Carolina,REG (Non-Conf),W 84-49,,2,0,0,,0,0,0,0,,,0,0,,0,0,0,0,0,0,0,0,0,0.0,Kondalia Montgomery,https://www.sports-reference.com/cbb/players/kondalia-montgomery-1.html,georgia-tech,2018-19
4,4,9,2018-12-05,Georgia Tech,,Alabama State,REG (Non-Conf),W 69-42,,3,0,0,,0,0,0,0,,,0,0,,0,1,1,0,0,0,0,1,0,-0.1,Kondalia Montgomery,https://www.sports-reference.com/cbb/players/kondalia-montgomery-1.html,georgia-tech,2018-19
5,5,10,2018-12-16,Georgia Tech,,Kennesaw State,REG (Non-Conf),W 60-35,,2,0,0,,0,0,0,0,,,0,0,,0,0,0,0,0,0,0,0,0,0.0,Kondalia Montgomery,https://www.sports-reference.com/cbb/players/kondalia-montgomery-1.html,georgia-tech,2018-19
6,6,12,2018-12-21,Georgia Tech,,Dayton,REG (Non-Conf),L 66-85,,1,0,0,,0,0,0,0,,,0,0,,0,0,0,0,0,0,0,2,0,-0.8,Kondalia Montgomery,https://www.sports-reference.com/cbb/players/kondalia-montgomery-1.html,georgia-tech,2018-19
7,7,13,2018-12-30,Georgia Tech,,Wofford,REG (Non-Conf),W 81-40,,2,0,0,,0,0,0,0,,,0,0,,0,0,0,0,0,0,0,1,0,-0.4,Kondalia Montgomery,https://www.sports-reference.com/cbb/players/kondalia-montgomery-1.html,georgia-tech,2018-19
8,8,22,2019-02-03,Georgia Tech,@,Notre Dame,REG (Conf),L 50-90,,1,0,1,.000,0,0,0,1,.000,.000,0,0,,0,0,0,0,0,0,0,0,0,-0.7,Kondalia Montgomery,https://www.sports-reference.com/cbb/players/kondalia-montgomery-1.html,georgia-tech,2018-19
9,9,26,2019-02-21,Georgia Tech,,Clemson,REG (Conf),W 75-53,,2,0,0,,0,0,0,0,,,0,0,,0,0,0,0,0,0,0,0,0,0.0,Kondalia Montgomery,https://www.sports-reference.com/cbb/players/kondalia-montgomery-1.html,georgia-tech,2018-19
10,10,28,2019-02-28,Georgia Tech,@,Miami (FL),REG (Conf),L 56-69,,1,0,0,,0,0,0,0,,,0,0,,0,0,0,0,0,0,1,0,0,-1.0,Kondalia Montgomery,https://www.sports-reference.com/cbb/players/kondalia-montgomery-1.html,georgia-tech,2018-19
11,11,29,2019-03-03,Georgia Tech,,Florida State,REG (Conf),L 55-64,,11,0,1,.000,0,0,0,1,.000,.000,0,0,,0,0,0,0,0,0,1,2,0,-2.5,Kondalia Montgomery,https://www.sports-reference.com/cbb/players/kondalia-montgomery-1.html,georgia-tech,2018-19
12,12,30,2019-03-07,Georgia Tech,@,North Carolina,CTOURN,L 73-80,,15,2,2,1.000,0,0,2,2,1.000,1.000,2,2,1.000,1,0,1,1,1,0,2,2,6,5.0,Kondalia Montgomery,https://www.sports-reference.com/cbb/players/kondalia-montgomery-1.html,georgia-tech,2018-19
