ranker,player_game_num_career,team_game_num_season,date,team_name_abbr,game_location,opp_name_abbr,game_type,game_result,is_starter,mp,fg,fga,fg_pct,fg3,fg3a,fg2,fg2a,fg2_pct,efg_pct,ft,fta,ft_pct,orb,drb,trb,ast,stl,blk,tov,pf,pts,game_score,player_name,player_sr_link,school,season
1,1,1,2018-11-09,Georgia Tech,@,Houston,REG (Non-Conf),L 89-95 (2OT),*,43,7,9,.778,0,0,7,9,.778,.778,0,1,.000,3,6,9,1,0,1,7,5,14,6.4,Liz Dixon,https://www.sports-reference.com/cbb/players/liz-dixon-1.html,georgia-tech,2018-19
2,2,2,2018-11-11,Georgia Tech,,Appalachian State,REG (Non-Conf),W 71-53,*,28,0,4,.000,0,0,0,4,.000,.000,4,4,1.000,3,1,4,1,1,2,1,0,4,5.7,Liz Dixon,https://www.sports-reference.com/cbb/players/liz-dixon-1.html,georgia-tech,2018-19
3,3,3,2018-11-14,Georgia Tech,,Western Carolina,REG (Non-Conf),W 84-49,*,29,4,10,.400,0,0,4,10,.400,.400,5,5,1.000,6,4,10,1,2,2,7,2,13,9.3,Liz Dixon,https://www.sports-reference.com/cbb/players/liz-dixon-1.html,georgia-tech,2018-19
4,4,4,2018-11-18,Georgia Tech,,Georgia,REG (Non-Conf),W 63-53,*,28,4,7,.571,0,0,4,7,.571,.571,2,2,1.000,5,6,11,1,1,0,2,3,10,10.5,Liz Dixon,https://www.sports-reference.com/cbb/players/liz-dixon-1.html,georgia-tech,2018-19
5,5,5,2018-11-22,Georgia Tech,@,George Washington,REG (Non-Conf),W 70-55,*,21,5,5,1.000,0,0,5,5,1.000,1.000,2,3,.667,5,2,7,0,1,1,2,5,12,11.9,Liz Dixon,https://www.sports-reference.com/cbb/players/liz-dixon-1.html,georgia-tech,2018-19
6,6,6,2018-11-23,Georgia Tech,,Idaho State,REG (Non-Conf),W 74-51,*,30,8,8,1.000,0,0,8,8,1.000,1.000,2,3,.667,6,3,9,3,0,0,3,3,18,18.2,Liz Dixon,https://www.sports-reference.com/cbb/players/liz-dixon-1.html,georgia-tech,2018-19
7,7,7,2018-11-29,Georgia Tech,@,Maryland,REG (Non-Conf),L 54-67,*,16,1,2,.500,0,0,1,2,.500,.500,0,0,,0,2,2,0,0,0,1,3,2,-0.6,Liz Dixon,https://www.sports-reference.com/cbb/players/liz-dixon-1.html,georgia-tech,2018-19
8,8,8,2018-12-02,Georgia Tech,@,Georgia State,REG (Non-Conf),W 78-71,*,18,3,5,.600,0,0,3,5,.600,.600,2,2,1.000,1,0,1,0,0,1,4,4,8,1.5,Liz Dixon,https://www.sports-reference.com/cbb/players/liz-dixon-1.html,georgia-tech,2018-19
9,9,9,2018-12-05,Georgia Tech,,Alabama State,REG (Non-Conf),W 69-42,*,23,2,7,.286,0,0,2,7,.286,.286,3,8,.375,3,4,7,1,4,2,0,1,7,9.9,Liz Dixon,https://www.sports-reference.com/cbb/players/liz-dixon-1.html,georgia-tech,2018-19
10,10,10,2018-12-16,Georgia Tech,,Kennesaw State,REG (Non-Conf),W 60-35,*,31,5,12,.417,0,0,5,12,.417,.417,2,2,1.000,6,3,9,1,1,3,2,1,12,12.1,Liz Dixon,https://www.sports-reference.com/cbb/players/liz-dixon-1.html,georgia-tech,2018-19
11,11,11,2018-12-20,Georgia Tech,,Seton Hall,REG (Non-Conf),W 84-73,*,18,5,7,.714,0,0,5,7,.714,.714,3,5,.600,4,3,7,0,0,1,0,3,13,12.5,Liz Dixon,https://www.sports-reference.com/cbb/players/liz-dixon-1.html,georgia-tech,2018-19
12,12,12,2018-12-21,Georgia Tech,,Dayton,REG (Non-Conf),L 66-85,*,27,4,9,.444,0,0,4,9,.444,.444,0,0,,4,3,7,3,1,2,3,3,8,7.3,Liz Dixon,https://www.sports-reference.com/cbb/players/liz-dixon-1.html,georgia-tech,2018-19
13,13,13,2018-12-30,Georgia Tech,,Wofford,REG (Non-Conf),W 81-40,*,15,4,9,.444,0,0,4,9,.444,.444,2,5,.400,0,2,2,2,1,0,4,5,10,1.1,Liz Dixon,https://www.sports-reference.com/cbb/players/liz-dixon-1.html,georgia-tech,2018-19
14,14,14,2019-01-03,Georgia Tech,@,Boston College,REG (Conf),W 81-76,*,22,4,9,.444,0,0,4,9,.444,.444,4,6,.667,6,4,10,0,0,0,3,3,12,7.7,Liz Dixon,https://www.sports-reference.com/cbb/players/liz-dixon-1.html,georgia-tech,2018-19
15,15,15,2019-01-06,Georgia Tech,,Notre Dame,REG (Conf),L 55-76,*,36,6,12,.500,0,0,6,12,.500,.500,0,0,,3,4,7,1,0,3,2,1,12,9.7,Liz Dixon,https://www.sports-reference.com/cbb/players/liz-dixon-1.html,georgia-tech,2018-19
16,16,16,2019-01-10,Georgia Tech,,Duke,REG (Conf),W 70-64,*,39,9,11,.818,0,0,9,11,.818,.818,4,6,.667,4,13,17,4,0,4,3,3,22,25.2,Liz Dixon,https://www.sports-reference.com/cbb/players/liz-dixon-1.html,georgia-tech,2018-19
17,17,17,2019-01-13,Georgia Tech,@,Louisville,REG (Conf),L 44-61,*,13,1,6,.167,0,0,1,6,.167,.167,1,1,1.000,3,3,6,0,0,0,1,3,3,0.0,Liz Dixon,https://www.sports-reference.com/cbb/players/liz-dixon-1.html,georgia-tech,2018-19
18,18,18,2019-01-17,Georgia Tech,@,Clemson,REG (Conf),L 61-71,*,17,0,0,,0,0,0,0,,,0,0,,1,2,3,0,0,0,3,0,0,-1.7,Liz Dixon,https://www.sports-reference.com/cbb/players/liz-dixon-1.html,georgia-tech,2018-19
19,19,19,2019-01-20,Georgia Tech,,Syracuse,REG (Conf),W 65-55,*,11,0,2,.000,0,0,0,2,.000,.000,1,2,.500,1,0,1,0,0,0,1,4,1,-2.7,Liz Dixon,https://www.sports-reference.com/cbb/players/liz-dixon-1.html,georgia-tech,2018-19
20,20,20,2019-01-27,Georgia Tech,,NC State,REG (Conf),L 60-68,*,37,6,9,.667,0,0,6,9,.667,.667,5,6,.833,3,2,5,1,1,0,2,3,17,13.9,Liz Dixon,https://www.sports-reference.com/cbb/players/liz-dixon-1.html,georgia-tech,2018-19
21,21,21,2019-01-31,Georgia Tech,@,North Carolina,REG (Conf),L 90-91,*,29,2,10,.200,0,0,2,10,.200,.200,2,4,.500,5,2,7,1,0,1,1,0,6,3.5,Liz Dixon,https://www.sports-reference.com/cbb/players/liz-dixon-1.html,georgia-tech,2018-19
22,22,22,2019-02-03,Georgia Tech,@,Notre Dame,REG (Conf),L 50-90,*,19,6,12,.500,0,0,6,12,.500,.500,0,0,,3,2,5,0,0,0,1,3,12,6.5,Liz Dixon,https://www.sports-reference.com/cbb/players/liz-dixon-1.html,georgia-tech,2018-19
23,23,23,2019-02-07,Georgia Tech,,Pittsburgh,REG (Conf),W 67-55,*,22,6,13,.462,0,0,6,13,.462,.462,9,10,.900,6,2,8,2,0,0,3,3,21,15.9,Liz Dixon,https://www.sports-reference.com/cbb/players/liz-dixon-1.html,georgia-tech,2018-19
24,24,24,2019-02-10,Georgia Tech,@,Wake Forest,REG (Conf),W 60-46,*,26,7,10,.700,0,0,7,10,.700,.700,8,9,.889,3,1,4,0,1,0,3,3,22,16.6,Liz Dixon,https://www.sports-reference.com/cbb/players/liz-dixon-1.html,georgia-tech,2018-19
25,25,25,2019-02-17,Georgia Tech,,Virginia Tech,REG (Conf),W 76-68,*,20,6,12,.500,0,0,6,12,.500,.500,1,2,.500,2,1,3,0,0,0,2,2,13,5.5,Liz Dixon,https://www.sports-reference.com/cbb/players/liz-dixon-1.html,georgia-tech,2018-19
26,26,26,2019-02-21,Georgia Tech,,Clemson,REG (Conf),W 75-53,*,35,7,14,.500,0,0,7,14,.500,.500,3,5,.600,4,3,7,1,1,3,6,1,17,10.3,Liz Dixon,https://www.sports-reference.com/cbb/players/liz-dixon-1.html,georgia-tech,2018-19
27,27,27,2019-02-24,Georgia Tech,@,Virginia,REG (Conf),L 45-53,*,28,3,6,.500,0,0,3,6,.500,.500,1,1,1.000,2,3,5,0,0,0,5,4,7,-0.3,Liz Dixon,https://www.sports-reference.com/cbb/players/liz-dixon-1.html,georgia-tech,2018-19
28,28,28,2019-02-28,Georgia Tech,@,Miami (FL),REG (Conf),L 56-69,*,25,4,10,.400,0,0,4,10,.400,.400,4,4,1.000,5,2,7,0,1,3,0,3,12,12.6,Liz Dixon,https://www.sports-reference.com/cbb/players/liz-dixon-1.html,georgia-tech,2018-19
29,29,29,2019-03-03,Georgia Tech,,Florida State,REG (Conf),L 55-64,*,31,5,11,.455,0,0,5,11,.455,.455,0,2,.000,1,5,6,0,2,2,3,4,10,4.5,Liz Dixon,https://www.sports-reference.com/cbb/players/liz-dixon-1.html,georgia-tech,2018-19
30,30,30,2019-03-07,Georgia Tech,@,North Carolina,CTOURN,L 73-80,*,29,6,13,.462,0,0,6,13,.462,.462,0,0,,5,1,6,1,0,2,2,0,12,9.2,Liz Dixon,https://www.sports-reference.com/cbb/players/liz-dixon-1.html,georgia-tech,2018-19
