ranker,player_game_num_career,team_game_num_season,date,team_name_abbr,game_location,opp_name_abbr,game_type,game_result,is_starter,mp,fg,fga,fg_pct,fg3,fg3a,fg3_pct,fg2,fg2a,fg2_pct,efg_pct,ft,fta,ft_pct,orb,drb,trb,ast,stl,blk,tov,pf,pts,game_score,player_name,player_sr_link,school,season
1,1,1,2018-11-09,Georgia Tech,@,Houston,REG (Non-Conf),L 89-95 (2OT),,20,1,3,.333,0,0,,1,3,.333,.333,1,4,.250,0,0,0,2,3,0,8,5,3,-5.5,Lotta-Maj Lahtinen,https://www.sports-reference.com/cbb/players/lotta-maj-lahtinen-1.html,georgia-tech,2018-19
2,2,2,2018-11-11,Georgia Tech,,Appalachian State,REG (Non-Conf),W 71-53,,18,2,5,.400,1,3,.333,1,2,.500,.500,0,0,,1,1,2,2,2,0,0,0,5,6.7,Lotta-Maj Lahtinen,https://www.sports-reference.com/cbb/players/lotta-maj-lahtinen-1.html,georgia-tech,2018-19
3,3,3,2018-11-14,Georgia Tech,,Western Carolina,REG (Non-Conf),W 84-49,,15,4,6,.667,1,2,.500,3,4,.750,.750,0,0,,3,0,3,3,0,0,1,0,9,9.6,Lotta-Maj Lahtinen,https://www.sports-reference.com/cbb/players/lotta-maj-lahtinen-1.html,georgia-tech,2018-19
4,4,4,2018-11-18,Georgia Tech,,Georgia,REG (Non-Conf),W 63-53,,4,0,0,,0,0,,0,0,,,0,0,,0,0,0,0,0,0,0,1,0,-0.4,Lotta-Maj Lahtinen,https://www.sports-reference.com/cbb/players/lotta-maj-lahtinen-1.html,georgia-tech,2018-19
5,5,5,2018-11-22,Georgia Tech,@,George Washington,REG (Non-Conf),W 70-55,,14,2,5,.400,0,0,,2,5,.400,.400,0,0,,1,2,3,0,0,0,3,0,4,-0.4,Lotta-Maj Lahtinen,https://www.sports-reference.com/cbb/players/lotta-maj-lahtinen-1.html,georgia-tech,2018-19
6,6,6,2018-11-23,Georgia Tech,,Idaho State,REG (Non-Conf),W 74-51,,20,1,3,.333,0,0,,1,3,.333,.333,0,0,,0,1,1,0,2,0,0,1,2,2.2,Lotta-Maj Lahtinen,https://www.sports-reference.com/cbb/players/lotta-maj-lahtinen-1.html,georgia-tech,2018-19
7,7,7,2018-11-29,Georgia Tech,@,Maryland,REG (Non-Conf),L 54-67,,28,4,9,.444,0,0,,4,9,.444,.444,0,0,,0,2,2,4,6,0,1,2,8,10.9,Lotta-Maj Lahtinen,https://www.sports-reference.com/cbb/players/lotta-maj-lahtinen-1.html,georgia-tech,2018-19
8,8,8,2018-12-02,Georgia Tech,@,Georgia State,REG (Non-Conf),W 78-71,,27,1,4,.250,0,0,,1,4,.250,.250,4,4,1.000,2,0,2,4,1,0,3,3,6,4.6,Lotta-Maj Lahtinen,https://www.sports-reference.com/cbb/players/lotta-maj-lahtinen-1.html,georgia-tech,2018-19
9,9,9,2018-12-05,Georgia Tech,,Alabama State,REG (Non-Conf),W 69-42,,19,2,8,.250,1,4,.250,1,4,.250,.313,0,0,,1,1,2,3,3,0,0,4,5,4.7,Lotta-Maj Lahtinen,https://www.sports-reference.com/cbb/players/lotta-maj-lahtinen-1.html,georgia-tech,2018-19
10,10,10,2018-12-16,Georgia Tech,,Kennesaw State,REG (Non-Conf),W 60-35,,17,1,3,.333,1,3,.333,0,0,,.500,0,0,,1,1,2,5,1,0,0,2,3,6.0,Lotta-Maj Lahtinen,https://www.sports-reference.com/cbb/players/lotta-maj-lahtinen-1.html,georgia-tech,2018-19
11,11,11,2018-12-20,Georgia Tech,,Seton Hall,REG (Non-Conf),W 84-73,,11,1,3,.333,0,0,,1,3,.333,.333,0,0,,0,0,0,3,0,0,2,3,2,-0.8,Lotta-Maj Lahtinen,https://www.sports-reference.com/cbb/players/lotta-maj-lahtinen-1.html,georgia-tech,2018-19
12,12,12,2018-12-21,Georgia Tech,,Dayton,REG (Non-Conf),L 66-85,,12,2,3,.667,0,0,,2,3,.667,.667,1,2,.500,1,0,1,2,2,0,3,5,5,2.4,Lotta-Maj Lahtinen,https://www.sports-reference.com/cbb/players/lotta-maj-lahtinen-1.html,georgia-tech,2018-19
13,13,13,2018-12-30,Georgia Tech,,Wofford,REG (Non-Conf),W 81-40,,14,1,2,.500,0,0,,1,2,.500,.500,1,2,.500,3,1,4,3,2,0,3,2,3,4.3,Lotta-Maj Lahtinen,https://www.sports-reference.com/cbb/players/lotta-maj-lahtinen-1.html,georgia-tech,2018-19
14,14,14,2019-01-03,Georgia Tech,@,Boston College,REG (Conf),W 81-76,,25,2,6,.333,1,1,1.000,1,5,.200,.417,2,2,1.000,0,1,1,1,3,0,2,2,7,4.8,Lotta-Maj Lahtinen,https://www.sports-reference.com/cbb/players/lotta-maj-lahtinen-1.html,georgia-tech,2018-19
15,15,15,2019-01-06,Georgia Tech,,Notre Dame,REG (Conf),L 55-76,,8,1,2,.500,1,1,1.000,0,1,.000,.750,0,0,,0,0,0,0,0,0,1,0,3,1.0,Lotta-Maj Lahtinen,https://www.sports-reference.com/cbb/players/lotta-maj-lahtinen-1.html,georgia-tech,2018-19
16,16,16,2019-01-10,Georgia Tech,,Duke,REG (Conf),W 70-64,,5,0,2,.000,0,2,.000,0,0,,.000,0,0,,0,0,0,0,0,0,1,0,0,-2.4,Lotta-Maj Lahtinen,https://www.sports-reference.com/cbb/players/lotta-maj-lahtinen-1.html,georgia-tech,2018-19
17,17,17,2019-01-13,Georgia Tech,@,Louisville,REG (Conf),L 44-61,,23,3,11,.273,1,2,.500,2,9,.222,.318,1,2,.500,1,2,3,1,1,0,2,1,8,1.7,Lotta-Maj Lahtinen,https://www.sports-reference.com/cbb/players/lotta-maj-lahtinen-1.html,georgia-tech,2018-19
18,18,18,2019-01-17,Georgia Tech,@,Clemson,REG (Conf),L 61-71,,23,4,8,.500,2,3,.667,2,5,.400,.625,0,0,,0,1,1,1,2,0,2,5,10,5.0,Lotta-Maj Lahtinen,https://www.sports-reference.com/cbb/players/lotta-maj-lahtinen-1.html,georgia-tech,2018-19
19,19,19,2019-01-20,Georgia Tech,,Syracuse,REG (Conf),W 65-55,*,38,1,7,.143,0,1,.000,1,6,.167,.143,0,0,,3,3,6,3,3,0,4,4,2,0.0,Lotta-Maj Lahtinen,https://www.sports-reference.com/cbb/players/lotta-maj-lahtinen-1.html,georgia-tech,2018-19
20,20,20,2019-01-27,Georgia Tech,,NC State,REG (Conf),L 60-68,*,22,0,3,.000,0,3,.000,0,0,,.000,0,0,,0,2,2,4,0,1,2,2,0,-0.8,Lotta-Maj Lahtinen,https://www.sports-reference.com/cbb/players/lotta-maj-lahtinen-1.html,georgia-tech,2018-19
21,21,21,2019-01-31,Georgia Tech,@,North Carolina,REG (Conf),L 90-91,,24,4,8,.500,0,1,.000,4,7,.571,.500,6,6,1.000,3,2,5,4,0,0,3,4,14,10.9,Lotta-Maj Lahtinen,https://www.sports-reference.com/cbb/players/lotta-maj-lahtinen-1.html,georgia-tech,2018-19
22,22,22,2019-02-03,Georgia Tech,@,Notre Dame,REG (Conf),L 50-90,,22,2,9,.222,2,6,.333,0,3,.000,.333,0,0,,3,3,6,1,1,0,3,2,6,1.4,Lotta-Maj Lahtinen,https://www.sports-reference.com/cbb/players/lotta-maj-lahtinen-1.html,georgia-tech,2018-19
23,23,23,2019-02-07,Georgia Tech,,Pittsburgh,REG (Conf),W 67-55,,9,1,3,.333,0,2,.000,1,1,1.000,.333,0,0,,0,0,0,1,1,1,0,1,2,2.3,Lotta-Maj Lahtinen,https://www.sports-reference.com/cbb/players/lotta-maj-lahtinen-1.html,georgia-tech,2018-19
24,24,24,2019-02-10,Georgia Tech,@,Wake Forest,REG (Conf),W 60-46,,27,0,3,.000,0,1,.000,0,2,.000,.000,4,4,1.000,0,1,1,1,3,0,0,4,4,4.3,Lotta-Maj Lahtinen,https://www.sports-reference.com/cbb/players/lotta-maj-lahtinen-1.html,georgia-tech,2018-19
25,25,25,2019-02-17,Georgia Tech,,Virginia Tech,REG (Conf),W 76-68,,14,0,2,.000,0,0,,0,2,.000,.000,0,0,,2,0,2,1,2,0,2,3,0,-0.5,Lotta-Maj Lahtinen,https://www.sports-reference.com/cbb/players/lotta-maj-lahtinen-1.html,georgia-tech,2018-19
26,26,26,2019-02-21,Georgia Tech,,Clemson,REG (Conf),W 75-53,,16,3,8,.375,0,4,.000,3,4,.750,.375,0,0,,2,3,5,3,3,0,2,1,6,6.6,Lotta-Maj Lahtinen,https://www.sports-reference.com/cbb/players/lotta-maj-lahtinen-1.html,georgia-tech,2018-19
27,27,27,2019-02-24,Georgia Tech,@,Virginia,REG (Conf),L 45-53,,23,2,9,.222,0,4,.000,2,5,.400,.222,0,1,.000,0,0,0,0,6,0,6,3,4,-3.1,Lotta-Maj Lahtinen,https://www.sports-reference.com/cbb/players/lotta-maj-lahtinen-1.html,georgia-tech,2018-19
28,28,28,2019-02-28,Georgia Tech,@,Miami (FL),REG (Conf),L 56-69,*,39,4,11,.364,0,0,,4,11,.364,.364,0,0,,2,2,4,4,1,0,2,1,8,5.3,Lotta-Maj Lahtinen,https://www.sports-reference.com/cbb/players/lotta-maj-lahtinen-1.html,georgia-tech,2018-19
29,29,29,2019-03-03,Georgia Tech,,Florida State,REG (Conf),L 55-64,*,29,0,4,.000,0,1,.000,0,3,.000,.000,1,2,.500,2,2,4,7,0,0,7,2,1,-3.1,Lotta-Maj Lahtinen,https://www.sports-reference.com/cbb/players/lotta-maj-lahtinen-1.html,georgia-tech,2018-19
30,30,30,2019-03-07,Georgia Tech,@,North Carolina,CTOURN,L 73-80,*,34,4,9,.444,2,5,.400,2,4,.500,.556,2,2,1.000,0,3,3,3,0,0,2,4,12,6.7,Lotta-Maj Lahtinen,https://www.sports-reference.com/cbb/players/lotta-maj-lahtinen-1.html,georgia-tech,2018-19
