ranker,player_game_num_career,team_game_num_season,date,team_name_abbr,game_location,opp_name_abbr,game_type,game_result,is_starter,mp,fg,fga,fg_pct,fg3,fg3a,fg2,fg2a,fg2_pct,efg_pct,ft,fta,orb,drb,trb,ast,stl,blk,tov,pf,pts,game_score,player_name,player_sr_link,school,season
1,35,2,2018-11-11,Georgia Tech,,Appalachian State,REG (Non-Conf),W 71-53,,0,0,0,,0,0,0,0,,,0,0,0,0,0,0,0,0,0,0,0,0.0,Martine Fortune,https://www.sports-reference.com/cbb/players/martine-fortune-1.html,georgia-tech,2018-19
2,36,3,2018-11-14,Georgia Tech,,Western Carolina,REG (Non-Conf),W 84-49,,1,0,0,,0,0,0,0,,,0,0,0,1,1,0,0,0,0,0,0,0.3,Martine Fortune,https://www.sports-reference.com/cbb/players/martine-fortune-1.html,georgia-tech,2018-19
3,37,6,2018-11-23,Georgia Tech,,Idaho State,REG (Non-Conf),W 74-51,,2,1,1,1.000,0,0,1,1,1.000,1.000,0,0,0,1,1,0,0,1,0,0,2,2.7,Martine Fortune,https://www.sports-reference.com/cbb/players/martine-fortune-1.html,georgia-tech,2018-19
4,38,9,2018-12-05,Georgia Tech,,Alabama State,REG (Non-Conf),W 69-42,,4,0,1,.000,0,0,0,1,.000,.000,0,0,1,1,2,0,0,0,1,1,0,-1.1,Martine Fortune,https://www.sports-reference.com/cbb/players/martine-fortune-1.html,georgia-tech,2018-19
5,39,10,2018-12-16,Georgia Tech,,Kennesaw State,REG (Non-Conf),W 60-35,,2,0,1,.000,0,0,0,1,.000,.000,0,0,0,2,2,0,0,0,0,0,0,-0.1,Martine Fortune,https://www.sports-reference.com/cbb/players/martine-fortune-1.html,georgia-tech,2018-19
6,40,13,2018-12-30,Georgia Tech,,Wofford,REG (Non-Conf),W 81-40,,1,0,1,.000,0,0,0,1,.000,.000,0,0,0,0,0,0,0,0,0,0,0,-0.7,Martine Fortune,https://www.sports-reference.com/cbb/players/martine-fortune-1.html,georgia-tech,2018-19
7,41,15,2019-01-06,Georgia Tech,,Notre Dame,REG (Conf),L 55-76,,2,0,1,.000,0,0,0,1,.000,.000,0,0,1,0,1,0,1,0,0,0,0,1.0,Martine Fortune,https://www.sports-reference.com/cbb/players/martine-fortune-1.html,georgia-tech,2018-19
8,42,22,2019-02-03,Georgia Tech,@,Notre Dame,REG (Conf),L 50-90,,1,0,0,,0,0,0,0,,,0,0,0,0,0,0,0,0,1,0,0,-1.0,Martine Fortune,https://www.sports-reference.com/cbb/players/martine-fortune-1.html,georgia-tech,2018-19
9,43,26,2019-02-21,Georgia Tech,,Clemson,REG (Conf),W 75-53,,0,0,0,,0,0,0,0,,,0,0,0,0,0,0,0,1,0,0,0,0.7,Martine Fortune,https://www.sports-reference.com/cbb/players/martine-fortune-1.html,georgia-tech,2018-19
10,44,29,2019-03-03,Georgia Tech,,Florida State,REG (Conf),L 55-64,*,1,0,0,,0,0,0,0,,,0,0,0,0,0,0,0,0,0,0,0,0.0,Martine Fortune,https://www.sports-reference.com/cbb/players/martine-fortune-1.html,georgia-tech,2018-19
