ranker,player_game_num_career,team_game_num_season,date,team_name_abbr,game_location,opp_name_abbr,game_type,game_result,is_starter,mp,fg,fga,fg_pct,fg3,fg3a,fg3_pct,fg2,fg2a,fg2_pct,efg_pct,ft,fta,ft_pct,orb,drb,trb,ast,stl,blk,tov,pf,pts,game_score,player_name,player_sr_link,school,season
1,1,1,2018-11-09,Cornell,@,Binghamton,REG (Non-Conf),L 61-72,,13,0,3,.000,0,3,.000,0,0,,.000,0,0,,0,0,0,0,0,0,4,3,0,-7.3,Caitlyn Smith,https://www.sports-reference.com/cbb/players/caitlyn-smith-1.html,cornell,2018-19
2,2,2,2018-11-12,Cornell,,Albany (NY),REG (Non-Conf),W 48-34,,2,0,2,.000,0,1,.000,0,1,.000,.000,0,0,,0,0,0,0,0,0,0,0,0,-1.4,Caitlyn Smith,https://www.sports-reference.com/cbb/players/caitlyn-smith-1.html,cornell,2018-19
3,3,3,2018-11-17,Cornell,,UMass Lowell,REG (Non-Conf),W 63-54,,6,2,5,.400,2,5,.400,0,0,,.600,0,0,,0,0,0,0,0,0,2,2,6,0.5,Caitlyn Smith,https://www.sports-reference.com/cbb/players/caitlyn-smith-1.html,cornell,2018-19
4,4,4,2018-11-23,Cornell,@,Minnesota,REG (Non-Conf),L 45-65,,19,1,5,.200,0,3,.000,1,2,.500,.200,0,0,,0,4,4,2,1,1,4,1,2,-1.2,Caitlyn Smith,https://www.sports-reference.com/cbb/players/caitlyn-smith-1.html,cornell,2018-19
5,5,5,2018-11-25,Cornell,@,Colorado State,REG (Non-Conf),L 53-56,,16,1,6,.167,0,4,.000,1,2,.500,.167,0,0,,0,1,1,1,0,0,0,1,2,-1.2,Caitlyn Smith,https://www.sports-reference.com/cbb/players/caitlyn-smith-1.html,cornell,2018-19
6,6,6,2018-11-29,Cornell,@,Lehigh,REG (Non-Conf),L 54-67,,17,1,5,.200,0,3,.000,1,2,.500,.200,0,2,.000,0,4,4,1,0,0,1,1,2,-1.4,Caitlyn Smith,https://www.sports-reference.com/cbb/players/caitlyn-smith-1.html,cornell,2018-19
7,7,7,2018-12-01,Cornell,@,Stony Brook,REG (Non-Conf),L 61-63,,10,0,1,.000,0,1,.000,0,0,,.000,0,0,,0,2,2,0,0,0,1,0,0,-1.1,Caitlyn Smith,https://www.sports-reference.com/cbb/players/caitlyn-smith-1.html,cornell,2018-19
8,8,8,2018-12-15,Cornell,,Delaware State,REG (Non-Conf),W 94-59,,29,5,6,.833,3,3,1.000,2,3,.667,1.083,3,4,.750,0,5,5,4,0,0,2,2,16,14.9,Caitlyn Smith,https://www.sports-reference.com/cbb/players/caitlyn-smith-1.html,cornell,2018-19
9,9,9,2018-12-20,Cornell,@,Lafayette,REG (Non-Conf),W 62-59,,8,0,1,.000,0,0,,0,1,.000,.000,0,0,,0,3,3,1,0,0,2,1,0,-1.5,Caitlyn Smith,https://www.sports-reference.com/cbb/players/caitlyn-smith-1.html,cornell,2018-19
10,10,10,2018-12-29,Cornell,,Hampton,REG (Non-Conf),W 79-53,,13,2,6,.333,1,3,.333,1,3,.333,.417,3,4,.750,1,1,2,1,1,0,3,1,8,3.5,Caitlyn Smith,https://www.sports-reference.com/cbb/players/caitlyn-smith-1.html,cornell,2018-19
11,11,11,2018-12-31,Cornell,,St. Bonaventure,REG (Non-Conf),W 58-44,,17,1,5,.200,0,1,.000,1,4,.250,.200,1,1,1.000,0,3,3,2,0,0,1,2,3,0.4,Caitlyn Smith,https://www.sports-reference.com/cbb/players/caitlyn-smith-1.html,cornell,2018-19
12,12,12,2019-01-19,Cornell,,Columbia,REG (Conf),W 60-51,,16,2,7,.286,2,6,.333,0,1,.000,.429,0,0,,0,1,1,0,1,0,2,0,6,1.2,Caitlyn Smith,https://www.sports-reference.com/cbb/players/caitlyn-smith-1.html,cornell,2018-19
13,13,13,2019-01-26,Cornell,@,Columbia,REG (Conf),L 57-65,,13,0,2,.000,0,0,,0,2,.000,.000,0,0,,0,2,2,2,0,0,1,4,0,-2.0,Caitlyn Smith,https://www.sports-reference.com/cbb/players/caitlyn-smith-1.html,cornell,2018-19
14,14,14,2019-02-01,Cornell,,Pennsylvania,REG (Conf),L 46-59,,18,3,4,.750,2,2,1.000,1,2,.500,1.000,1,2,.500,1,0,1,0,1,0,3,1,9,5.3,Caitlyn Smith,https://www.sports-reference.com/cbb/players/caitlyn-smith-1.html,cornell,2018-19
15,15,15,2019-02-02,Cornell,,Princeton,REG (Conf),L 46-75,,18,0,4,.000,0,2,.000,0,2,.000,.000,0,0,,1,2,3,1,0,0,4,0,0,-4.8,Caitlyn Smith,https://www.sports-reference.com/cbb/players/caitlyn-smith-1.html,cornell,2018-19
16,16,16,2019-02-08,Cornell,,Dartmouth,REG (Conf),L 56-63,,14,1,2,.500,0,1,.000,1,1,1.000,.500,1,1,1.000,0,1,1,3,1,0,2,3,3,2.2,Caitlyn Smith,https://www.sports-reference.com/cbb/players/caitlyn-smith-1.html,cornell,2018-19
17,17,17,2019-02-09,Cornell,,Harvard,REG (Conf),L 61-68,,8,1,2,.500,0,0,,1,2,.500,.500,0,0,,1,0,1,1,1,0,1,0,2,2.4,Caitlyn Smith,https://www.sports-reference.com/cbb/players/caitlyn-smith-1.html,cornell,2018-19
18,18,18,2019-02-15,Cornell,@,Brown,REG (Conf),W 65-53,*,34,2,7,.286,1,5,.200,1,2,.500,.357,2,2,1.000,0,3,3,1,1,0,6,1,7,-0.9,Caitlyn Smith,https://www.sports-reference.com/cbb/players/caitlyn-smith-1.html,cornell,2018-19
19,19,19,2019-02-16,Cornell,@,Yale,REG (Conf),W 43-41,*,23,1,4,.250,0,1,.000,1,3,.333,.250,0,0,,1,1,2,1,0,0,2,1,2,-1.1,Caitlyn Smith,https://www.sports-reference.com/cbb/players/caitlyn-smith-1.html,cornell,2018-19
20,20,20,2019-02-22,Cornell,@,Princeton,REG (Conf),L 64-68,*,21,2,6,.333,1,3,.333,1,3,.333,.417,0,0,,0,1,1,1,0,0,0,1,5,2.2,Caitlyn Smith,https://www.sports-reference.com/cbb/players/caitlyn-smith-1.html,cornell,2018-19
21,21,21,2019-02-23,Cornell,@,Pennsylvania,REG (Conf),L 58-69,*,13,0,1,.000,0,0,,0,1,.000,.000,0,0,,0,2,2,1,0,0,2,0,0,-1.4,Caitlyn Smith,https://www.sports-reference.com/cbb/players/caitlyn-smith-1.html,cornell,2018-19
22,22,22,2019-03-01,Cornell,,Yale,REG (Conf),W 66-56,*,28,2,7,.286,1,3,.333,1,4,.250,.357,2,2,1.000,1,2,3,2,1,0,1,3,7,4.4,Caitlyn Smith,https://www.sports-reference.com/cbb/players/caitlyn-smith-1.html,cornell,2018-19
23,23,23,2019-03-02,Cornell,,Brown,REG (Conf),W 66-48,,21,0,2,.000,0,1,.000,0,1,.000,.000,0,2,.000,0,3,3,2,2,0,2,2,0,-0.7,Caitlyn Smith,https://www.sports-reference.com/cbb/players/caitlyn-smith-1.html,cornell,2018-19
24,24,24,2019-03-08,Cornell,@,Harvard,REG (Conf),L 38-80,*,28,2,3,.667,0,1,.000,2,2,1.000,.667,0,0,,2,1,3,0,0,0,3,1,4,1.0,Caitlyn Smith,https://www.sports-reference.com/cbb/players/caitlyn-smith-1.html,cornell,2018-19
25,25,25,2019-03-09,Cornell,@,Dartmouth,REG (Conf),W 57-47,*,30,2,6,.333,1,3,.333,1,3,.333,.417,0,0,,0,1,1,0,2,0,2,1,5,1.5,Caitlyn Smith,https://www.sports-reference.com/cbb/players/caitlyn-smith-1.html,cornell,2018-19
26,26,26,2019-03-16,Cornell,@,Princeton,CTOURN,L 47-68,*,28,2,4,.500,1,2,.500,1,2,.500,.625,0,0,,0,1,1,0,1,0,3,0,5,1.3,Caitlyn Smith,https://www.sports-reference.com/cbb/players/caitlyn-smith-1.html,cornell,2018-19
