ranker,player_game_num_career,team_game_num_season,date,team_name_abbr,game_location,opp_name_abbr,game_type,game_result,is_starter,mp,fg,fga,fg_pct,fg3,fg3a,fg3_pct,fg2,fg2a,fg2_pct,efg_pct,ft,fta,ft_pct,orb,drb,trb,ast,stl,blk,tov,pf,pts,game_score,player_name,player_sr_link,school,season
1,37,1,2018-11-09,Cornell,@,Binghamton,REG (Non-Conf),L 61-72,*,26,3,10,.300,3,8,.375,0,2,.000,.450,0,0,,0,0,0,3,2,0,3,5,9,2.3,Danielle Jorgenson,https://www.sports-reference.com/cbb/players/danielle-jorgenson-2.html,cornell,2018-19
2,38,2,2018-11-12,Cornell,,Albany (NY),REG (Non-Conf),W 48-34,*,39,2,7,.286,1,4,.250,1,3,.333,.357,1,2,.500,0,3,3,4,0,0,1,1,6,3.8,Danielle Jorgenson,https://www.sports-reference.com/cbb/players/danielle-jorgenson-2.html,cornell,2018-19
3,39,3,2018-11-17,Cornell,,UMass Lowell,REG (Non-Conf),W 63-54,*,40,5,11,.455,2,7,.286,3,4,.750,.545,2,4,.500,1,2,3,2,4,1,5,2,14,9.1,Danielle Jorgenson,https://www.sports-reference.com/cbb/players/danielle-jorgenson-2.html,cornell,2018-19
4,40,4,2018-11-23,Cornell,@,Minnesota,REG (Non-Conf),L 45-65,*,21,1,4,.250,0,2,.000,1,2,.500,.250,0,0,,2,0,2,0,2,0,3,2,2,-0.8,Danielle Jorgenson,https://www.sports-reference.com/cbb/players/danielle-jorgenson-2.html,cornell,2018-19
5,41,5,2018-11-25,Cornell,@,Colorado State,REG (Non-Conf),L 53-56,*,34,1,5,.200,1,3,.333,0,2,.000,.300,0,0,,0,0,0,4,1,1,0,2,3,3.6,Danielle Jorgenson,https://www.sports-reference.com/cbb/players/danielle-jorgenson-2.html,cornell,2018-19
6,42,6,2018-11-29,Cornell,@,Lehigh,REG (Non-Conf),L 54-67,*,29,1,3,.333,0,0,,1,3,.333,.333,0,0,,0,2,2,5,1,0,1,1,2,4.0,Danielle Jorgenson,https://www.sports-reference.com/cbb/players/danielle-jorgenson-2.html,cornell,2018-19
7,43,7,2018-12-01,Cornell,@,Stony Brook,REG (Non-Conf),L 61-63,*,40,2,8,.250,1,4,.250,1,4,.250,.313,0,0,,0,1,1,7,1,0,4,3,5,1.2,Danielle Jorgenson,https://www.sports-reference.com/cbb/players/danielle-jorgenson-2.html,cornell,2018-19
8,44,8,2018-12-15,Cornell,,Delaware State,REG (Non-Conf),W 94-59,*,11,1,3,.333,1,2,.500,0,1,.000,.500,0,0,,0,0,0,0,1,0,2,3,3,-0.9,Danielle Jorgenson,https://www.sports-reference.com/cbb/players/danielle-jorgenson-2.html,cornell,2018-19
9,45,9,2018-12-20,Cornell,@,Lafayette,REG (Non-Conf),W 62-59,*,39,3,5,.600,1,3,.333,2,2,1.000,.700,1,2,.500,0,3,3,2,3,0,4,1,8,6.2,Danielle Jorgenson,https://www.sports-reference.com/cbb/players/danielle-jorgenson-2.html,cornell,2018-19
10,46,10,2018-12-29,Cornell,,Hampton,REG (Non-Conf),W 79-53,*,33,3,5,.600,0,0,,3,5,.600,.600,0,0,,1,2,3,7,4,1,4,1,6,10.2,Danielle Jorgenson,https://www.sports-reference.com/cbb/players/danielle-jorgenson-2.html,cornell,2018-19
11,47,11,2018-12-31,Cornell,,St. Bonaventure,REG (Non-Conf),W 58-44,*,23,2,6,.333,1,2,.500,1,4,.250,.417,2,3,.667,2,2,4,2,4,0,3,1,7,7.2,Danielle Jorgenson,https://www.sports-reference.com/cbb/players/danielle-jorgenson-2.html,cornell,2018-19
12,48,12,2019-01-19,Cornell,,Columbia,REG (Conf),W 60-51,*,38,2,5,.400,0,2,.000,2,3,.667,.400,1,2,.500,2,5,7,3,3,0,2,0,5,7.9,Danielle Jorgenson,https://www.sports-reference.com/cbb/players/danielle-jorgenson-2.html,cornell,2018-19
13,49,13,2019-01-26,Cornell,@,Columbia,REG (Conf),L 57-65,*,34,0,5,.000,0,3,.000,0,2,.000,.000,4,6,.667,2,0,2,1,1,0,3,2,4,-1.0,Danielle Jorgenson,https://www.sports-reference.com/cbb/players/danielle-jorgenson-2.html,cornell,2018-19
14,50,14,2019-02-01,Cornell,,Pennsylvania,REG (Conf),L 46-59,*,23,0,1,.000,0,0,,0,1,.000,.000,2,2,1.000,0,3,3,0,1,0,2,1,2,0.8,Danielle Jorgenson,https://www.sports-reference.com/cbb/players/danielle-jorgenson-2.html,cornell,2018-19
15,51,15,2019-02-02,Cornell,,Princeton,REG (Conf),L 46-75,*,24,0,1,.000,0,1,.000,0,0,,.000,0,0,,0,2,2,2,2,0,3,1,0,-0.1,Danielle Jorgenson,https://www.sports-reference.com/cbb/players/danielle-jorgenson-2.html,cornell,2018-19
16,52,16,2019-02-08,Cornell,,Dartmouth,REG (Conf),L 56-63,*,10,0,1,.000,0,0,,0,1,.000,.000,0,0,,0,1,1,2,1,0,0,2,0,1.2,Danielle Jorgenson,https://www.sports-reference.com/cbb/players/danielle-jorgenson-2.html,cornell,2018-19
17,53,17,2019-02-09,Cornell,,Harvard,REG (Conf),L 61-68,*,33,2,4,.500,0,1,.000,2,3,.667,.500,2,2,1.000,1,2,3,4,1,0,2,3,6,5.9,Danielle Jorgenson,https://www.sports-reference.com/cbb/players/danielle-jorgenson-2.html,cornell,2018-19
18,54,18,2019-02-15,Cornell,@,Brown,REG (Conf),W 65-53,*,23,1,2,.500,1,2,.500,0,0,,.750,0,0,,0,2,2,6,1,0,2,1,3,5.4,Danielle Jorgenson,https://www.sports-reference.com/cbb/players/danielle-jorgenson-2.html,cornell,2018-19
19,55,19,2019-02-16,Cornell,@,Yale,REG (Conf),W 43-41,*,29,3,8,.375,1,3,.333,2,5,.400,.438,0,0,,0,1,1,1,0,0,0,1,7,3.2,Danielle Jorgenson,https://www.sports-reference.com/cbb/players/danielle-jorgenson-2.html,cornell,2018-19
20,56,20,2019-02-22,Cornell,@,Princeton,REG (Conf),L 64-68,*,37,0,3,.000,0,1,.000,0,2,.000,.000,2,2,1.000,0,4,4,3,1,1,2,1,2,2.5,Danielle Jorgenson,https://www.sports-reference.com/cbb/players/danielle-jorgenson-2.html,cornell,2018-19
21,57,21,2019-02-23,Cornell,@,Pennsylvania,REG (Conf),L 58-69,*,39,1,1,1.000,1,1,1.000,0,0,,1.500,0,0,,0,4,4,7,1,0,1,1,3,8.4,Danielle Jorgenson,https://www.sports-reference.com/cbb/players/danielle-jorgenson-2.html,cornell,2018-19
22,58,22,2019-03-01,Cornell,,Yale,REG (Conf),W 66-56,*,40,2,10,.200,1,5,.200,1,5,.200,.250,1,2,.500,2,0,2,3,0,0,0,1,6,2.5,Danielle Jorgenson,https://www.sports-reference.com/cbb/players/danielle-jorgenson-2.html,cornell,2018-19
23,59,23,2019-03-02,Cornell,,Brown,REG (Conf),W 66-48,*,25,0,4,.000,0,1,.000,0,3,.000,.000,2,2,1.000,0,2,2,4,3,0,1,2,2,3.8,Danielle Jorgenson,https://www.sports-reference.com/cbb/players/danielle-jorgenson-2.html,cornell,2018-19
24,60,24,2019-03-08,Cornell,@,Harvard,REG (Conf),L 38-80,*,21,0,3,.000,0,1,.000,0,2,.000,.000,0,0,,0,1,1,2,1,0,3,1,0,-2.8,Danielle Jorgenson,https://www.sports-reference.com/cbb/players/danielle-jorgenson-2.html,cornell,2018-19
25,61,25,2019-03-09,Cornell,@,Dartmouth,REG (Conf),W 57-47,*,35,2,6,.333,0,2,.000,2,4,.500,.333,1,2,.500,0,1,1,4,2,0,1,0,5,5.3,Danielle Jorgenson,https://www.sports-reference.com/cbb/players/danielle-jorgenson-2.html,cornell,2018-19
26,62,26,2019-03-16,Cornell,@,Princeton,CTOURN,L 47-68,*,29,2,4,.500,1,1,1.000,1,3,.333,.625,0,0,,1,1,2,6,1,0,0,2,5,8.4,Danielle Jorgenson,https://www.sports-reference.com/cbb/players/danielle-jorgenson-2.html,cornell,2018-19
