ranker,player_game_num_career,team_game_num_season,date,team_name_abbr,game_location,opp_name_abbr,game_type,game_result,is_starter,mp,fg,fga,fg_pct,fg3,fg3a,fg3_pct,fg2,fg2a,fg2_pct,efg_pct,ft,fta,ft_pct,orb,drb,trb,ast,stl,blk,tov,pf,pts,game_score,player_name,player_sr_link,school,season
1,29,1,2018-11-09,Cornell,@,Binghamton,REG (Non-Conf),L 61-72,,23,1,4,.250,0,1,.000,1,3,.333,.250,3,4,.750,0,1,1,1,1,0,2,2,5,1.4,Dylan Higgins,https://www.sports-reference.com/cbb/players/dylan-higgins-1.html,cornell,2018-19
2,30,2,2018-11-12,Cornell,,Albany (NY),REG (Non-Conf),W 48-34,*,19,1,4,.250,0,1,.000,1,3,.333,.250,2,4,.500,2,0,2,0,0,0,2,1,4,-0.2,Dylan Higgins,https://www.sports-reference.com/cbb/players/dylan-higgins-1.html,cornell,2018-19
3,31,3,2018-11-17,Cornell,,UMass Lowell,REG (Non-Conf),W 63-54,*,7,0,0,,0,0,,0,0,,,0,0,,0,1,1,0,0,0,0,0,0,0.3,Dylan Higgins,https://www.sports-reference.com/cbb/players/dylan-higgins-1.html,cornell,2018-19
4,32,4,2018-11-23,Cornell,@,Minnesota,REG (Non-Conf),L 45-65,,8,0,1,.000,0,1,.000,0,0,,.000,0,0,,0,1,1,1,0,0,1,1,0,-1.1,Dylan Higgins,https://www.sports-reference.com/cbb/players/dylan-higgins-1.html,cornell,2018-19
5,33,5,2018-11-25,Cornell,@,Colorado State,REG (Non-Conf),L 53-56,,1,0,0,,0,0,,0,0,,,0,0,,0,0,0,0,0,0,0,0,0,0.0,Dylan Higgins,https://www.sports-reference.com/cbb/players/dylan-higgins-1.html,cornell,2018-19
6,34,6,2018-11-29,Cornell,@,Lehigh,REG (Non-Conf),L 54-67,,8,0,0,,0,0,,0,0,,,0,0,,0,2,2,1,0,0,1,1,0,-0.1,Dylan Higgins,https://www.sports-reference.com/cbb/players/dylan-higgins-1.html,cornell,2018-19
7,35,7,2018-12-01,Cornell,@,Stony Brook,REG (Non-Conf),L 61-63,,8,2,4,.500,1,2,.500,1,2,.500,.625,0,0,,0,0,0,0,0,0,0,1,5,2.6,Dylan Higgins,https://www.sports-reference.com/cbb/players/dylan-higgins-1.html,cornell,2018-19
8,36,8,2018-12-15,Cornell,,Delaware State,REG (Non-Conf),W 94-59,,19,2,5,.400,0,2,.000,2,3,.667,.400,1,2,.500,0,5,5,0,0,0,1,1,5,2.0,Dylan Higgins,https://www.sports-reference.com/cbb/players/dylan-higgins-1.html,cornell,2018-19
9,37,9,2018-12-20,Cornell,@,Lafayette,REG (Non-Conf),W 62-59,,5,0,3,.000,0,1,.000,0,2,.000,.000,0,0,,0,0,0,0,0,0,0,0,0,-2.1,Dylan Higgins,https://www.sports-reference.com/cbb/players/dylan-higgins-1.html,cornell,2018-19
10,38,10,2018-12-29,Cornell,,Hampton,REG (Non-Conf),W 79-53,,9,2,5,.400,0,1,.000,2,4,.500,.400,0,0,,0,2,2,0,1,0,1,3,4,0.7,Dylan Higgins,https://www.sports-reference.com/cbb/players/dylan-higgins-1.html,cornell,2018-19
11,39,11,2018-12-31,Cornell,,St. Bonaventure,REG (Non-Conf),W 58-44,,10,1,4,.250,0,1,.000,1,3,.333,.250,1,3,.333,1,1,2,0,2,0,1,0,3,1.8,Dylan Higgins,https://www.sports-reference.com/cbb/players/dylan-higgins-1.html,cornell,2018-19
12,40,13,2019-01-26,Cornell,@,Columbia,REG (Conf),L 57-65,,2,0,1,.000,0,0,,0,1,.000,.000,0,0,,0,0,0,0,0,0,0,0,0,-0.7,Dylan Higgins,https://www.sports-reference.com/cbb/players/dylan-higgins-1.html,cornell,2018-19
13,41,14,2019-02-01,Cornell,,Pennsylvania,REG (Conf),L 46-59,,6,0,1,.000,0,0,,0,1,.000,.000,0,0,,0,0,0,0,0,0,1,0,0,-1.7,Dylan Higgins,https://www.sports-reference.com/cbb/players/dylan-higgins-1.html,cornell,2018-19
14,42,15,2019-02-02,Cornell,,Princeton,REG (Conf),L 46-75,,15,1,4,.250,0,1,.000,1,3,.333,.250,0,0,,1,2,3,1,0,0,0,2,2,0.8,Dylan Higgins,https://www.sports-reference.com/cbb/players/dylan-higgins-1.html,cornell,2018-19
15,43,16,2019-02-08,Cornell,,Dartmouth,REG (Conf),L 56-63,,4,1,4,.250,0,2,.000,1,2,.500,.250,0,0,,0,0,0,1,0,0,0,0,2,0.3,Dylan Higgins,https://www.sports-reference.com/cbb/players/dylan-higgins-1.html,cornell,2018-19
16,44,17,2019-02-09,Cornell,,Harvard,REG (Conf),L 61-68,,9,0,0,,0,0,,0,0,,,1,2,.500,0,0,0,0,1,0,0,1,1,1.2,Dylan Higgins,https://www.sports-reference.com/cbb/players/dylan-higgins-1.html,cornell,2018-19
17,45,19,2019-02-16,Cornell,@,Yale,REG (Conf),W 43-41,,11,0,1,.000,0,0,,0,1,.000,.000,0,4,.000,1,0,1,0,0,0,0,1,0,-2.0,Dylan Higgins,https://www.sports-reference.com/cbb/players/dylan-higgins-1.html,cornell,2018-19
18,46,20,2019-02-22,Cornell,@,Princeton,REG (Conf),L 64-68,,7,0,0,,0,0,,0,0,,,0,0,,0,0,0,1,1,0,1,2,0,-0.1,Dylan Higgins,https://www.sports-reference.com/cbb/players/dylan-higgins-1.html,cornell,2018-19
19,47,21,2019-02-23,Cornell,@,Pennsylvania,REG (Conf),L 58-69,,11,0,3,.000,0,0,,0,3,.000,.000,0,0,,0,1,1,1,0,0,0,1,0,-1.5,Dylan Higgins,https://www.sports-reference.com/cbb/players/dylan-higgins-1.html,cornell,2018-19
20,48,22,2019-03-01,Cornell,,Yale,REG (Conf),W 66-56,,14,0,2,.000,0,1,.000,0,1,.000,.000,3,4,.750,0,2,2,0,3,0,1,1,3,3.4,Dylan Higgins,https://www.sports-reference.com/cbb/players/dylan-higgins-1.html,cornell,2018-19
21,49,23,2019-03-02,Cornell,,Brown,REG (Conf),W 66-48,,22,4,10,.400,0,1,.000,4,9,.444,.400,2,4,.500,3,3,6,2,3,0,2,2,10,8.4,Dylan Higgins,https://www.sports-reference.com/cbb/players/dylan-higgins-1.html,cornell,2018-19
22,50,24,2019-03-08,Cornell,@,Harvard,REG (Conf),L 38-80,,12,2,3,.667,0,0,,2,3,.667,.667,0,0,,0,0,0,1,0,0,1,0,4,2.4,Dylan Higgins,https://www.sports-reference.com/cbb/players/dylan-higgins-1.html,cornell,2018-19
23,51,25,2019-03-09,Cornell,@,Dartmouth,REG (Conf),W 57-47,,23,4,5,.800,1,1,1.000,3,4,.750,.900,1,2,.500,0,1,1,1,0,0,0,2,10,7.9,Dylan Higgins,https://www.sports-reference.com/cbb/players/dylan-higgins-1.html,cornell,2018-19
24,52,26,2019-03-16,Cornell,@,Princeton,CTOURN,L 47-68,,19,2,6,.333,0,1,.000,2,5,.400,.333,0,0,,1,1,2,0,1,0,1,0,4,1.6,Dylan Higgins,https://www.sports-reference.com/cbb/players/dylan-higgins-1.html,cornell,2018-19
