ranker,player_game_num_career,team_game_num_season,date,team_name_abbr,game_location,opp_name_abbr,game_type,game_result,is_starter,mp,fg,fga,fg_pct,fg3,fg3a,fg3_pct,fg2,fg2a,fg2_pct,efg_pct,ft,fta,ft_pct,orb,drb,trb,ast,stl,blk,tov,pf,pts,game_score,player_name,player_sr_link,school,season
1,29,2,2018-11-12,Cornell,,Albany (NY),REG (Non-Conf),W 48-34,,2,0,0,,0,0,,0,0,,,0,0,,0,0,0,0,0,0,0,0,0,0.0,Jessica Willerson,https://www.sports-reference.com/cbb/players/jseeica-willerson-1.html,cornell,2018-19
2,30,3,2018-11-17,Cornell,,UMass Lowell,REG (Non-Conf),W 63-54,,8,0,1,.000,0,0,,0,1,.000,.000,2,2,1.000,0,1,1,1,1,0,0,1,2,2.9,Jessica Willerson,https://www.sports-reference.com/cbb/players/jseeica-willerson-1.html,cornell,2018-19
3,31,4,2018-11-23,Cornell,@,Minnesota,REG (Non-Conf),L 45-65,,8,0,2,.000,0,0,,0,2,.000,.000,0,0,,0,0,0,0,0,0,0,1,0,-1.8,Jessica Willerson,https://www.sports-reference.com/cbb/players/jseeica-willerson-1.html,cornell,2018-19
4,32,5,2018-11-25,Cornell,@,Colorado State,REG (Non-Conf),L 53-56,,6,1,2,.500,0,0,,1,2,.500,.500,0,0,,0,1,1,0,0,0,0,0,2,1.3,Jessica Willerson,https://www.sports-reference.com/cbb/players/jseeica-willerson-1.html,cornell,2018-19
5,33,6,2018-11-29,Cornell,@,Lehigh,REG (Non-Conf),L 54-67,,10,1,2,.500,0,0,,1,2,.500,.500,0,0,,1,1,2,0,0,0,2,1,2,-0.4,Jessica Willerson,https://www.sports-reference.com/cbb/players/jseeica-willerson-1.html,cornell,2018-19
6,34,7,2018-12-01,Cornell,@,Stony Brook,REG (Non-Conf),L 61-63,,2,1,2,.500,0,0,,1,2,.500,.500,0,0,,0,0,0,0,0,0,0,0,2,1.0,Jessica Willerson,https://www.sports-reference.com/cbb/players/jseeica-willerson-1.html,cornell,2018-19
7,35,8,2018-12-15,Cornell,,Delaware State,REG (Non-Conf),W 94-59,,6,2,2,1.000,0,0,,2,2,1.000,1.000,1,1,1.000,0,2,2,0,0,0,1,1,5,3.6,Jessica Willerson,https://www.sports-reference.com/cbb/players/jseeica-willerson-1.html,cornell,2018-19
8,36,9,2018-12-20,Cornell,@,Lafayette,REG (Non-Conf),W 62-59,,3,0,0,,0,0,,0,0,,,0,0,,0,0,0,0,0,0,0,1,0,-0.4,Jessica Willerson,https://www.sports-reference.com/cbb/players/jseeica-willerson-1.html,cornell,2018-19
9,37,10,2018-12-29,Cornell,,Hampton,REG (Non-Conf),W 79-53,,1,0,0,,0,0,,0,0,,,0,0,,0,0,0,0,0,0,0,0,0,0.0,Jessica Willerson,https://www.sports-reference.com/cbb/players/jseeica-willerson-1.html,cornell,2018-19
10,38,11,2018-12-31,Cornell,,St. Bonaventure,REG (Non-Conf),W 58-44,,2,0,0,,0,0,,0,0,,,0,0,,0,0,0,0,0,0,1,1,0,-1.4,Jessica Willerson,https://www.sports-reference.com/cbb/players/jseeica-willerson-1.html,cornell,2018-19
11,39,14,2019-02-01,Cornell,,Pennsylvania,REG (Conf),L 46-59,,2,0,1,.000,0,0,,0,1,.000,.000,0,0,,0,1,1,0,0,0,1,1,0,-1.8,Jessica Willerson,https://www.sports-reference.com/cbb/players/jseeica-willerson-1.html,cornell,2018-19
12,40,15,2019-02-02,Cornell,,Princeton,REG (Conf),L 46-75,,2,0,0,,0,0,,0,0,,,0,0,,0,0,0,0,0,0,0,0,0,0.0,Jessica Willerson,https://www.sports-reference.com/cbb/players/jseeica-willerson-1.html,cornell,2018-19
13,41,20,2019-02-22,Cornell,@,Princeton,REG (Conf),L 64-68,,1,0,0,,0,0,,0,0,,,0,0,,0,1,1,0,1,0,0,0,0,1.3,Jessica Willerson,https://www.sports-reference.com/cbb/players/jseeica-willerson-1.html,cornell,2018-19
14,42,21,2019-02-23,Cornell,@,Pennsylvania,REG (Conf),L 58-69,,1,0,0,,0,0,,0,0,,,0,0,,0,0,0,0,0,0,0,0,0,0.0,Jessica Willerson,https://www.sports-reference.com/cbb/players/jseeica-willerson-1.html,cornell,2018-19
15,43,23,2019-03-02,Cornell,,Brown,REG (Conf),W 66-48,,2,1,2,.500,0,1,.000,1,1,1.000,.500,0,0,,0,0,0,0,0,0,0,0,2,1.0,Jessica Willerson,https://www.sports-reference.com/cbb/players/jseeica-willerson-1.html,cornell,2018-19
16,44,24,2019-03-08,Cornell,@,Harvard,REG (Conf),L 38-80,,9,0,2,.000,0,0,,0,2,.000,.000,0,0,,0,0,0,0,0,0,1,0,0,-2.4,Jessica Willerson,https://www.sports-reference.com/cbb/players/jseeica-willerson-1.html,cornell,2018-19
17,45,26,2019-03-16,Cornell,@,Princeton,CTOURN,L 47-68,,1,0,1,.000,0,0,,0,1,.000,.000,0,0,,0,0,0,0,0,0,0,0,0,-0.7,Jessica Willerson,https://www.sports-reference.com/cbb/players/jseeica-willerson-1.html,cornell,2018-19
