ranker,player_game_num_career,team_game_num_season,date,team_name_abbr,game_location,opp_name_abbr,game_type,game_result,is_starter,mp,fg,fga,fg_pct,fg3,fg3a,fg3_pct,fg2,fg2a,fg2_pct,efg_pct,ft,fta,ft_pct,orb,drb,trb,ast,stl,blk,tov,pf,pts,game_score,player_name,player_sr_link,school,season
1,26,2,2018-11-12,Cornell,,Albany (NY),REG (Non-Conf),W 48-34,,9,1,3,.333,1,3,.333,0,0,,.500,0,0,,0,2,2,1,1,0,0,1,3,3.2,Kate Sramac,https://www.sports-reference.com/cbb/players/kate-sramac-1.html,cornell,2018-19
2,27,3,2018-11-17,Cornell,,UMass Lowell,REG (Non-Conf),W 63-54,,20,1,4,.250,1,2,.500,0,2,.000,.375,0,0,,1,1,2,1,0,0,0,1,3,1.9,Kate Sramac,https://www.sports-reference.com/cbb/players/kate-sramac-1.html,cornell,2018-19
3,28,4,2018-11-23,Cornell,@,Minnesota,REG (Non-Conf),L 45-65,,6,1,2,.500,1,1,1.000,0,1,.000,.750,0,0,,0,1,1,1,0,0,0,1,3,2.6,Kate Sramac,https://www.sports-reference.com/cbb/players/kate-sramac-1.html,cornell,2018-19
4,29,5,2018-11-25,Cornell,@,Colorado State,REG (Non-Conf),L 53-56,,8,0,1,.000,0,1,.000,0,0,,.000,0,0,,0,2,2,1,0,0,0,0,0,0.6,Kate Sramac,https://www.sports-reference.com/cbb/players/kate-sramac-1.html,cornell,2018-19
5,30,6,2018-11-29,Cornell,@,Lehigh,REG (Non-Conf),L 54-67,,10,1,1,1.000,0,0,,1,1,1.000,1.000,0,0,,0,0,0,1,2,1,1,1,2,3.7,Kate Sramac,https://www.sports-reference.com/cbb/players/kate-sramac-1.html,cornell,2018-19
6,31,7,2018-12-01,Cornell,@,Stony Brook,REG (Non-Conf),L 61-63,,14,2,6,.333,0,3,.000,2,3,.667,.333,0,0,,1,3,4,1,3,0,1,1,4,4.5,Kate Sramac,https://www.sports-reference.com/cbb/players/kate-sramac-1.html,cornell,2018-19
7,32,8,2018-12-15,Cornell,,Delaware State,REG (Non-Conf),W 94-59,*,15,2,6,.333,0,2,.000,2,4,.500,.333,3,4,.750,0,2,2,2,3,0,1,2,7,6.4,Kate Sramac,https://www.sports-reference.com/cbb/players/kate-sramac-1.html,cornell,2018-19
8,33,9,2018-12-20,Cornell,@,Lafayette,REG (Non-Conf),W 62-59,*,19,2,6,.333,1,5,.200,1,1,1.000,.417,0,0,,0,3,3,0,1,0,1,1,5,2.1,Kate Sramac,https://www.sports-reference.com/cbb/players/kate-sramac-1.html,cornell,2018-19
9,34,10,2018-12-29,Cornell,,Hampton,REG (Non-Conf),W 79-53,*,17,0,7,.000,0,3,.000,0,4,.000,.000,0,0,,1,5,6,3,1,0,3,0,0,-2.6,Kate Sramac,https://www.sports-reference.com/cbb/players/kate-sramac-1.html,cornell,2018-19
10,35,11,2018-12-31,Cornell,,St. Bonaventure,REG (Non-Conf),W 58-44,*,16,2,6,.333,1,4,.250,1,2,.500,.417,0,0,,0,0,0,5,2,0,1,2,5,5.3,Kate Sramac,https://www.sports-reference.com/cbb/players/kate-sramac-1.html,cornell,2018-19
11,36,12,2019-01-19,Cornell,,Columbia,REG (Conf),W 60-51,*,19,0,2,.000,0,1,.000,0,1,.000,.000,0,0,,0,4,4,2,0,1,1,1,0,0.5,Kate Sramac,https://www.sports-reference.com/cbb/players/kate-sramac-1.html,cornell,2018-19
12,37,13,2019-01-26,Cornell,@,Columbia,REG (Conf),L 57-65,*,27,5,8,.625,4,5,.800,1,3,.333,.875,0,0,,2,4,6,2,3,0,2,2,14,14.6,Kate Sramac,https://www.sports-reference.com/cbb/players/kate-sramac-1.html,cornell,2018-19
13,38,14,2019-02-01,Cornell,,Pennsylvania,REG (Conf),L 46-59,*,20,1,3,.333,0,2,.000,1,1,1.000,.333,0,0,,1,2,3,0,0,0,0,1,2,1.2,Kate Sramac,https://www.sports-reference.com/cbb/players/kate-sramac-1.html,cornell,2018-19
14,39,15,2019-02-02,Cornell,,Princeton,REG (Conf),L 46-75,*,27,4,7,.571,1,3,.333,3,4,.750,.643,0,0,,0,4,4,0,0,1,1,1,9,6.2,Kate Sramac,https://www.sports-reference.com/cbb/players/kate-sramac-1.html,cornell,2018-19
15,40,16,2019-02-08,Cornell,,Dartmouth,REG (Conf),L 56-63,*,27,5,11,.455,1,4,.250,4,7,.571,.500,0,0,,0,2,2,2,1,0,2,3,11,5.1,Kate Sramac,https://www.sports-reference.com/cbb/players/kate-sramac-1.html,cornell,2018-19
16,41,17,2019-02-09,Cornell,,Harvard,REG (Conf),L 61-68,*,25,2,4,.500,0,1,.000,2,3,.667,.500,0,0,,1,0,1,0,0,1,1,3,4,1.2,Kate Sramac,https://www.sports-reference.com/cbb/players/kate-sramac-1.html,cornell,2018-19
17,42,18,2019-02-15,Cornell,@,Brown,REG (Conf),W 65-53,*,33,5,11,.455,3,9,.333,2,2,1.000,.591,0,2,.000,1,5,6,2,1,0,3,1,13,7.7,Kate Sramac,https://www.sports-reference.com/cbb/players/kate-sramac-1.html,cornell,2018-19
18,43,19,2019-02-16,Cornell,@,Yale,REG (Conf),W 43-41,*,24,2,6,.333,0,2,.000,2,4,.500,.333,0,0,,0,0,0,2,0,0,0,2,4,1.2,Kate Sramac,https://www.sports-reference.com/cbb/players/kate-sramac-1.html,cornell,2018-19
19,44,20,2019-02-22,Cornell,@,Princeton,REG (Conf),L 64-68,*,32,2,5,.400,0,2,.000,2,3,.667,.400,0,0,,0,3,3,6,3,0,2,3,4,6.2,Kate Sramac,https://www.sports-reference.com/cbb/players/kate-sramac-1.html,cornell,2018-19
20,45,21,2019-02-23,Cornell,@,Pennsylvania,REG (Conf),L 58-69,*,31,0,6,.000,0,6,.000,0,0,,.000,0,0,,0,2,2,3,0,0,2,3,0,-4.7,Kate Sramac,https://www.sports-reference.com/cbb/players/kate-sramac-1.html,cornell,2018-19
21,46,22,2019-03-01,Cornell,,Yale,REG (Conf),W 66-56,*,31,2,14,.143,1,4,.250,1,10,.100,.179,2,2,1.000,3,3,6,5,4,0,0,1,7,8.1,Kate Sramac,https://www.sports-reference.com/cbb/players/kate-sramac-1.html,cornell,2018-19
22,47,23,2019-03-02,Cornell,,Brown,REG (Conf),W 66-48,*,15,1,2,.500,0,0,,1,2,.500,.500,1,2,.500,0,0,0,0,1,1,2,1,3,0.9,Kate Sramac,https://www.sports-reference.com/cbb/players/kate-sramac-1.html,cornell,2018-19
23,48,24,2019-03-08,Cornell,@,Harvard,REG (Conf),L 38-80,*,23,1,5,.200,0,1,.000,1,4,.250,.200,3,3,1.000,2,0,2,1,1,0,0,0,5,5.0,Kate Sramac,https://www.sports-reference.com/cbb/players/kate-sramac-1.html,cornell,2018-19
24,49,25,2019-03-09,Cornell,@,Dartmouth,REG (Conf),W 57-47,*,14,1,4,.250,1,3,.333,0,1,.000,.375,0,0,,0,2,2,0,4,1,2,0,3,3.9,Kate Sramac,https://www.sports-reference.com/cbb/players/kate-sramac-1.html,cornell,2018-19
25,50,26,2019-03-16,Cornell,@,Princeton,CTOURN,L 47-68,*,15,1,3,.333,1,2,.500,0,1,.000,.500,0,0,,1,0,1,0,0,0,5,2,3,-3.8,Kate Sramac,https://www.sports-reference.com/cbb/players/kate-sramac-1.html,cornell,2018-19
