ranker,player_game_num_career,team_game_num_season,date,team_name_abbr,game_location,opp_name_abbr,game_type,game_result,is_starter,mp,fg,fga,fg_pct,fg3,fg3a,fg3_pct,fg2,fg2a,fg2_pct,efg_pct,ft,fta,ft_pct,orb,drb,trb,ast,stl,blk,tov,pf,pts,game_score,player_name,player_sr_link,school,season
1,4,1,2018-11-09,Cornell,@,Binghamton,REG (Non-Conf),L 61-72,*,30,7,11,.636,0,0,,7,11,.636,.636,0,0,,3,2,5,1,1,0,4,3,14,8.3,Laura Bagwell Katalinich,https://www.sports-reference.com/cbb/players/laura-bagwell-katalinich-1.html,cornell,2018-19
2,5,2,2018-11-12,Cornell,,Albany (NY),REG (Non-Conf),W 48-34,*,32,7,15,.467,0,0,,7,15,.467,.467,0,0,,7,9,16,4,3,2,2,3,14,17.9,Laura Bagwell Katalinich,https://www.sports-reference.com/cbb/players/laura-bagwell-katalinich-1.html,cornell,2018-19
3,6,3,2018-11-17,Cornell,,UMass Lowell,REG (Non-Conf),W 63-54,*,25,3,9,.333,0,0,,3,9,.333,.333,1,2,.500,1,3,4,2,4,1,4,3,7,4.0,Laura Bagwell Katalinich,https://www.sports-reference.com/cbb/players/laura-bagwell-katalinich-1.html,cornell,2018-19
4,7,4,2018-11-23,Cornell,@,Minnesota,REG (Non-Conf),L 45-65,*,24,1,11,.091,0,0,,1,11,.091,.091,0,0,,4,6,10,0,1,0,1,5,2,-2.7,Laura Bagwell Katalinich,https://www.sports-reference.com/cbb/players/laura-bagwell-katalinich-1.html,cornell,2018-19
5,8,5,2018-11-25,Cornell,@,Colorado State,REG (Non-Conf),L 53-56,*,35,8,17,.471,0,0,,8,17,.471,.471,4,4,1.000,4,7,11,2,0,1,0,2,20,17.5,Laura Bagwell Katalinich,https://www.sports-reference.com/cbb/players/laura-bagwell-katalinich-1.html,cornell,2018-19
6,9,6,2018-11-29,Cornell,@,Lehigh,REG (Non-Conf),L 54-67,*,33,4,9,.444,0,1,.000,4,8,.500,.444,4,4,1.000,2,4,6,2,1,0,4,4,12,6.7,Laura Bagwell Katalinich,https://www.sports-reference.com/cbb/players/laura-bagwell-katalinich-1.html,cornell,2018-19
7,10,7,2018-12-01,Cornell,@,Stony Brook,REG (Non-Conf),L 61-63,*,25,8,14,.571,0,0,,8,14,.571,.571,2,2,1.000,4,2,6,2,0,0,2,3,18,13.0,Laura Bagwell Katalinich,https://www.sports-reference.com/cbb/players/laura-bagwell-katalinich-1.html,cornell,2018-19
8,11,8,2018-12-15,Cornell,,Delaware State,REG (Non-Conf),W 94-59,*,20,5,7,.714,0,0,,5,7,.714,.714,4,4,1.000,3,2,5,4,0,0,3,1,14,13.2,Laura Bagwell Katalinich,https://www.sports-reference.com/cbb/players/laura-bagwell-katalinich-1.html,cornell,2018-19
9,12,9,2018-12-20,Cornell,@,Lafayette,REG (Non-Conf),W 62-59,*,29,8,16,.500,0,0,,8,16,.500,.500,2,3,.667,2,3,5,0,1,0,1,5,18,9.9,Laura Bagwell Katalinich,https://www.sports-reference.com/cbb/players/laura-bagwell-katalinich-1.html,cornell,2018-19
10,13,10,2018-12-29,Cornell,,Hampton,REG (Non-Conf),W 79-53,*,26,10,16,.625,0,1,.000,10,15,.667,.625,1,1,1.000,3,4,7,4,3,1,2,2,21,20.8,Laura Bagwell Katalinich,https://www.sports-reference.com/cbb/players/laura-bagwell-katalinich-1.html,cornell,2018-19
11,14,11,2018-12-31,Cornell,,St. Bonaventure,REG (Non-Conf),W 58-44,*,22,5,11,.455,0,0,,5,11,.455,.455,4,4,1.000,1,3,4,1,4,0,1,3,14,12.4,Laura Bagwell Katalinich,https://www.sports-reference.com/cbb/players/laura-bagwell-katalinich-1.html,cornell,2018-19
12,15,12,2019-01-19,Cornell,,Columbia,REG (Conf),W 60-51,*,31,9,18,.500,0,0,,9,18,.500,.500,3,4,.750,4,3,7,2,1,0,1,3,21,15.5,Laura Bagwell Katalinich,https://www.sports-reference.com/cbb/players/laura-bagwell-katalinich-1.html,cornell,2018-19
13,16,13,2019-01-26,Cornell,@,Columbia,REG (Conf),L 57-65,*,33,8,17,.471,0,1,.000,8,16,.500,.471,3,5,.600,2,8,10,0,2,0,3,4,19,10.7,Laura Bagwell Katalinich,https://www.sports-reference.com/cbb/players/laura-bagwell-katalinich-1.html,cornell,2018-19
14,17,14,2019-02-01,Cornell,,Pennsylvania,REG (Conf),L 46-59,*,32,7,14,.500,0,0,,7,14,.500,.500,6,7,.857,3,3,6,2,3,0,0,2,20,19.2,Laura Bagwell Katalinich,https://www.sports-reference.com/cbb/players/laura-bagwell-katalinich-1.html,cornell,2018-19
15,18,15,2019-02-02,Cornell,,Princeton,REG (Conf),L 46-75,*,23,5,10,.500,0,0,,5,10,.500,.500,2,2,1.000,2,4,6,1,0,0,5,4,12,3.7,Laura Bagwell Katalinich,https://www.sports-reference.com/cbb/players/laura-bagwell-katalinich-1.html,cornell,2018-19
16,19,16,2019-02-08,Cornell,,Dartmouth,REG (Conf),L 56-63,*,34,6,17,.353,0,1,.000,6,16,.375,.353,2,2,1.000,6,3,9,2,2,0,5,2,14,7.2,Laura Bagwell Katalinich,https://www.sports-reference.com/cbb/players/laura-bagwell-katalinich-1.html,cornell,2018-19
17,20,17,2019-02-09,Cornell,,Harvard,REG (Conf),L 61-68,*,37,9,22,.409,0,1,.000,9,21,.429,.409,7,9,.778,5,7,12,3,1,1,4,4,25,16.2,Laura Bagwell Katalinich,https://www.sports-reference.com/cbb/players/laura-bagwell-katalinich-1.html,cornell,2018-19
18,21,18,2019-02-15,Cornell,@,Brown,REG (Conf),W 65-53,*,27,4,9,.444,0,0,,4,9,.444,.444,6,6,1.000,5,9,14,1,1,0,3,3,14,13.0,Laura Bagwell Katalinich,https://www.sports-reference.com/cbb/players/laura-bagwell-katalinich-1.html,cornell,2018-19
19,22,19,2019-02-16,Cornell,@,Yale,REG (Conf),W 43-41,*,34,5,15,.333,0,0,,5,15,.333,.333,7,8,.875,2,6,8,2,1,0,3,1,17,10.3,Laura Bagwell Katalinich,https://www.sports-reference.com/cbb/players/laura-bagwell-katalinich-1.html,cornell,2018-19
20,23,20,2019-02-22,Cornell,@,Princeton,REG (Conf),L 64-68,*,25,9,15,.600,0,1,.000,9,14,.643,.600,3,5,.600,1,4,5,0,3,0,7,4,21,9.6,Laura Bagwell Katalinich,https://www.sports-reference.com/cbb/players/laura-bagwell-katalinich-1.html,cornell,2018-19
21,24,21,2019-02-23,Cornell,@,Pennsylvania,REG (Conf),L 58-69,*,40,8,21,.381,0,0,,8,21,.381,.381,6,7,.857,4,5,9,3,3,2,1,4,22,18.3,Laura Bagwell Katalinich,https://www.sports-reference.com/cbb/players/laura-bagwell-katalinich-1.html,cornell,2018-19
22,25,22,2019-03-01,Cornell,,Yale,REG (Conf),W 66-56,*,33,8,18,.444,0,0,,8,18,.444,.444,10,12,.833,5,8,13,5,0,0,2,3,26,22.0,Laura Bagwell Katalinich,https://www.sports-reference.com/cbb/players/laura-bagwell-katalinich-1.html,cornell,2018-19
23,26,23,2019-03-02,Cornell,,Brown,REG (Conf),W 66-48,*,30,8,15,.533,0,0,,8,15,.533,.533,4,5,.800,4,4,8,2,0,0,4,1,20,13.3,Laura Bagwell Katalinich,https://www.sports-reference.com/cbb/players/laura-bagwell-katalinich-1.html,cornell,2018-19
24,27,24,2019-03-08,Cornell,@,Harvard,REG (Conf),L 38-80,*,21,4,10,.400,0,0,,4,10,.400,.400,2,2,1.000,1,5,6,0,0,0,3,2,10,3.0,Laura Bagwell Katalinich,https://www.sports-reference.com/cbb/players/laura-bagwell-katalinich-1.html,cornell,2018-19
25,28,25,2019-03-09,Cornell,@,Dartmouth,REG (Conf),W 57-47,*,26,7,12,.583,0,0,,7,12,.583,.583,1,1,1.000,3,4,7,1,1,0,3,4,15,9.8,Laura Bagwell Katalinich,https://www.sports-reference.com/cbb/players/laura-bagwell-katalinich-1.html,cornell,2018-19
26,29,26,2019-03-16,Cornell,@,Princeton,CTOURN,L 47-68,*,23,4,19,.211,0,0,,4,19,.211,.211,1,2,.500,4,2,6,1,3,0,3,3,9,-0.2,Laura Bagwell Katalinich,https://www.sports-reference.com/cbb/players/laura-bagwell-katalinich-1.html,cornell,2018-19
