ranker,player_game_num_career,team_game_num_season,date,team_name_abbr,game_location,opp_name_abbr,game_type,game_result,is_starter,mp,fg,fga,fg_pct,fg3,fg3a,fg2,fg2a,fg2_pct,efg_pct,ft,fta,ft_pct,orb,drb,trb,ast,stl,blk,tov,pf,pts,game_score,player_name,player_sr_link,school,season
1,26,4,2018-11-23,Cornell,@,Minnesota,REG (Non-Conf),L 45-65,,3,0,1,.000,0,0,0,1,.000,.000,0,0,,0,0,0,1,0,0,0,1,0,-0.4,Reena Olsen,https://www.sports-reference.com/cbb/players/reena-olsen-1.html,cornell,2018-19
2,27,8,2018-12-15,Cornell,,Delaware State,REG (Non-Conf),W 94-59,,6,0,0,,0,0,0,0,,,2,2,1.000,0,0,0,1,0,0,1,2,2,0.9,Reena Olsen,https://www.sports-reference.com/cbb/players/reena-olsen-1.html,cornell,2018-19
3,28,10,2018-12-29,Cornell,,Hampton,REG (Non-Conf),W 79-53,,3,0,2,.000,0,0,0,2,.000,.000,0,0,,0,0,0,1,1,0,0,1,0,-0.1,Reena Olsen,https://www.sports-reference.com/cbb/players/reena-olsen-1.html,cornell,2018-19
4,29,11,2018-12-31,Cornell,,St. Bonaventure,REG (Non-Conf),W 58-44,,4,0,1,.000,0,0,0,1,.000,.000,0,0,,0,0,0,0,0,0,1,0,0,-1.7,Reena Olsen,https://www.sports-reference.com/cbb/players/reena-olsen-1.html,cornell,2018-19
5,30,14,2019-02-01,Cornell,,Pennsylvania,REG (Conf),L 46-59,,1,0,0,,0,0,0,0,,,0,0,,0,0,0,0,0,0,0,0,0,0.0,Reena Olsen,https://www.sports-reference.com/cbb/players/reena-olsen-1.html,cornell,2018-19
6,31,15,2019-02-02,Cornell,,Princeton,REG (Conf),L 46-75,,4,0,1,.000,0,0,0,1,.000,.000,0,0,,1,1,2,0,0,0,0,0,0,0.3,Reena Olsen,https://www.sports-reference.com/cbb/players/reena-olsen-1.html,cornell,2018-19
7,32,20,2019-02-22,Cornell,@,Princeton,REG (Conf),L 64-68,,8,2,4,.500,0,0,2,4,.500,.500,0,0,,0,1,1,1,0,2,0,1,4,4.0,Reena Olsen,https://www.sports-reference.com/cbb/players/reena-olsen-1.html,cornell,2018-19
8,33,23,2019-03-02,Cornell,,Brown,REG (Conf),W 66-48,,3,0,0,,0,0,0,0,,,0,0,,0,0,0,0,1,0,0,0,0,1.0,Reena Olsen,https://www.sports-reference.com/cbb/players/reena-olsen-1.html,cornell,2018-19
9,34,24,2019-03-08,Cornell,@,Harvard,REG (Conf),L 38-80,,7,0,2,.000,0,0,0,2,.000,.000,1,1,1.000,0,2,2,2,0,0,0,1,1,1.2,Reena Olsen,https://www.sports-reference.com/cbb/players/reena-olsen-1.html,cornell,2018-19
10,35,26,2019-03-16,Cornell,@,Princeton,CTOURN,L 47-68,,2,0,0,,0,0,0,0,,,0,0,,0,0,0,0,0,0,0,0,0,0.0,Reena Olsen,https://www.sports-reference.com/cbb/players/reena-olsen-1.html,cornell,2018-19
