ranker,player_game_num_career,team_game_num_season,date,team_name_abbr,game_location,opp_name_abbr,game_type,game_result,is_starter,mp,fg,fga,fg_pct,fg3,fg3a,fg3_pct,fg2,fg2a,fg2_pct,efg_pct,ft,fta,ft_pct,orb,drb,trb,ast,stl,blk,tov,pf,pts,game_score,player_name,player_sr_link,school,season
1,54,1,2018-11-09,Cornell,@,Binghamton,REG (Non-Conf),L 61-72,*,23,4,6,.667,1,1,1.000,3,5,.600,.750,0,0,,0,4,4,5,1,0,2,5,9,8.1,Samantha Widmann,https://www.sports-reference.com/cbb/players/samantha-widmann-1.html,cornell,2018-19
2,55,2,2018-11-12,Cornell,,Albany (NY),REG (Non-Conf),W 48-34,*,32,4,10,.400,0,0,,4,10,.400,.400,2,4,.500,2,1,3,2,2,0,2,2,10,6.1,Samantha Widmann,https://www.sports-reference.com/cbb/players/samantha-widmann-1.html,cornell,2018-19
3,56,3,2018-11-17,Cornell,,UMass Lowell,REG (Non-Conf),W 63-54,*,33,8,9,.889,0,1,.000,8,8,1.000,.889,4,4,1.000,0,8,8,7,4,1,2,4,20,25.3,Samantha Widmann,https://www.sports-reference.com/cbb/players/samantha-widmann-1.html,cornell,2018-19
4,57,4,2018-11-23,Cornell,@,Minnesota,REG (Non-Conf),L 45-65,*,25,1,5,.200,0,0,,1,5,.200,.200,4,10,.400,2,2,4,0,0,0,3,3,6,-1.7,Samantha Widmann,https://www.sports-reference.com/cbb/players/samantha-widmann-1.html,cornell,2018-19
5,58,5,2018-11-25,Cornell,@,Colorado State,REG (Non-Conf),L 53-56,*,39,5,13,.385,0,4,.000,5,9,.556,.385,1,2,.500,1,5,6,2,1,0,1,3,11,5.9,Samantha Widmann,https://www.sports-reference.com/cbb/players/samantha-widmann-1.html,cornell,2018-19
6,59,6,2018-11-29,Cornell,@,Lehigh,REG (Non-Conf),L 54-67,*,25,2,7,.286,0,0,,2,7,.286,.286,1,2,.500,2,3,5,2,1,0,4,4,5,-0.4,Samantha Widmann,https://www.sports-reference.com/cbb/players/samantha-widmann-1.html,cornell,2018-19
7,60,7,2018-12-01,Cornell,@,Stony Brook,REG (Non-Conf),L 61-63,*,40,8,15,.533,0,0,,8,15,.533,.533,3,5,.600,5,8,13,3,4,1,1,2,19,21.8,Samantha Widmann,https://www.sports-reference.com/cbb/players/samantha-widmann-1.html,cornell,2018-19
8,61,8,2018-12-15,Cornell,,Delaware State,REG (Non-Conf),W 94-59,*,25,7,10,.700,1,1,1.000,6,9,.667,.750,1,2,.500,2,4,6,1,3,0,0,2,16,16.9,Samantha Widmann,https://www.sports-reference.com/cbb/players/samantha-widmann-1.html,cornell,2018-19
9,62,9,2018-12-20,Cornell,@,Lafayette,REG (Non-Conf),W 62-59,*,38,3,7,.429,0,2,.000,3,5,.600,.429,4,5,.800,2,7,9,5,2,2,5,1,10,10.9,Samantha Widmann,https://www.sports-reference.com/cbb/players/samantha-widmann-1.html,cornell,2018-19
10,63,10,2018-12-29,Cornell,,Hampton,REG (Non-Conf),W 79-53,*,25,2,4,.500,0,1,.000,2,3,.667,.500,3,6,.500,2,5,7,3,2,0,2,2,7,8.0,Samantha Widmann,https://www.sports-reference.com/cbb/players/samantha-widmann-1.html,cornell,2018-19
11,64,11,2018-12-31,Cornell,,St. Bonaventure,REG (Non-Conf),W 58-44,*,26,3,8,.375,0,1,.000,3,7,.429,.375,2,3,.667,3,4,7,1,3,0,4,3,8,5.0,Samantha Widmann,https://www.sports-reference.com/cbb/players/samantha-widmann-1.html,cornell,2018-19
12,65,12,2019-01-19,Cornell,,Columbia,REG (Conf),W 60-51,*,38,5,13,.385,0,3,.000,5,10,.500,.385,3,4,.750,4,7,11,3,3,0,2,3,13,12.3,Samantha Widmann,https://www.sports-reference.com/cbb/players/samantha-widmann-1.html,cornell,2018-19
13,66,13,2019-01-26,Cornell,@,Columbia,REG (Conf),L 57-65,*,39,4,9,.444,0,0,,4,9,.444,.444,3,8,.375,3,0,3,5,2,1,4,5,11,6.6,Samantha Widmann,https://www.sports-reference.com/cbb/players/samantha-widmann-1.html,cornell,2018-19
14,67,14,2019-02-01,Cornell,,Pennsylvania,REG (Conf),L 46-59,*,31,2,6,.333,0,2,.000,2,4,.500,.333,0,0,,0,9,9,1,0,2,4,3,4,0.2,Samantha Widmann,https://www.sports-reference.com/cbb/players/samantha-widmann-1.html,cornell,2018-19
15,68,15,2019-02-02,Cornell,,Princeton,REG (Conf),L 46-75,*,17,4,8,.500,0,1,.000,4,7,.571,.500,0,1,.000,3,3,6,0,1,0,2,4,8,4.0,Samantha Widmann,https://www.sports-reference.com/cbb/players/samantha-widmann-1.html,cornell,2018-19
16,69,16,2019-02-08,Cornell,,Dartmouth,REG (Conf),L 56-63,*,34,2,10,.200,0,0,,2,10,.200,.200,1,5,.200,7,9,16,2,0,0,1,2,5,4.4,Samantha Widmann,https://www.sports-reference.com/cbb/players/samantha-widmann-1.html,cornell,2018-19
17,70,17,2019-02-09,Cornell,,Harvard,REG (Conf),L 61-68,*,40,3,10,.300,1,1,1.000,2,9,.222,.350,7,8,.875,0,3,3,3,3,0,3,4,14,9.2,Samantha Widmann,https://www.sports-reference.com/cbb/players/samantha-widmann-1.html,cornell,2018-19
18,71,18,2019-02-15,Cornell,@,Brown,REG (Conf),W 65-53,*,24,3,5,.600,0,0,,3,5,.600,.600,5,6,.833,3,3,6,3,1,0,6,4,11,6.8,Samantha Widmann,https://www.sports-reference.com/cbb/players/samantha-widmann-1.html,cornell,2018-19
19,72,19,2019-02-16,Cornell,@,Yale,REG (Conf),W 43-41,*,38,3,7,.429,1,2,.500,2,5,.400,.500,4,4,1.000,1,4,5,1,2,0,3,3,11,7.7,Samantha Widmann,https://www.sports-reference.com/cbb/players/samantha-widmann-1.html,cornell,2018-19
20,73,20,2019-02-22,Cornell,@,Princeton,REG (Conf),L 64-68,*,39,8,13,.615,0,1,.000,8,12,.667,.615,2,2,1.000,2,7,9,2,3,0,6,1,18,13.6,Samantha Widmann,https://www.sports-reference.com/cbb/players/samantha-widmann-1.html,cornell,2018-19
21,74,21,2019-02-23,Cornell,@,Pennsylvania,REG (Conf),L 58-69,*,36,8,17,.471,0,0,,8,17,.471,.471,1,1,1.000,5,4,9,1,1,1,2,4,17,11.8,Samantha Widmann,https://www.sports-reference.com/cbb/players/samantha-widmann-1.html,cornell,2018-19
22,75,22,2019-03-01,Cornell,,Yale,REG (Conf),W 66-56,*,22,2,4,.500,0,0,,2,4,.500,.500,4,4,1.000,1,2,3,0,0,0,3,4,8,2.7,Samantha Widmann,https://www.sports-reference.com/cbb/players/samantha-widmann-1.html,cornell,2018-19
23,76,23,2019-03-02,Cornell,,Brown,REG (Conf),W 66-48,*,28,5,9,.556,0,0,,5,9,.556,.556,2,2,1.000,3,7,10,1,0,0,4,1,12,8.2,Samantha Widmann,https://www.sports-reference.com/cbb/players/samantha-widmann-1.html,cornell,2018-19
24,77,24,2019-03-08,Cornell,@,Harvard,REG (Conf),L 38-80,*,20,1,3,.333,0,0,,1,3,.333,.333,0,0,,1,2,3,2,0,0,2,1,2,0.6,Samantha Widmann,https://www.sports-reference.com/cbb/players/samantha-widmann-1.html,cornell,2018-19
25,78,25,2019-03-09,Cornell,@,Dartmouth,REG (Conf),W 57-47,*,40,4,10,.400,1,1,1.000,3,9,.333,.450,6,7,.857,4,6,10,4,2,0,6,2,15,11.8,Samantha Widmann,https://www.sports-reference.com/cbb/players/samantha-widmann-1.html,cornell,2018-19
26,79,26,2019-03-16,Cornell,@,Princeton,CTOURN,L 47-68,*,34,5,15,.333,0,2,.000,5,13,.385,.333,0,2,.000,2,3,5,2,3,0,1,1,10,6.0,Samantha Widmann,https://www.sports-reference.com/cbb/players/samantha-widmann-1.html,cornell,2018-19
