ranker,player_game_num_career,team_game_num_season,date,team_name_abbr,game_location,opp_name_abbr,game_type,game_result,is_starter,mp,fg,fga,fg_pct,fg3,fg3a,fg2,fg2a,fg2_pct,efg_pct,ft,fta,ft_pct,orb,drb,trb,ast,stl,blk,tov,pf,pts,game_score,player_name,player_sr_link,school,season
1,27,1,2018-11-09,Cornell,@,Binghamton,REG (Non-Conf),L 61-72,,5,0,2,.000,0,0,0,2,.000,.000,0,0,,1,0,1,0,0,0,0,0,0,-0.7,Stephanie Umeh,https://www.sports-reference.com/cbb/players/stephanie-umeh-1.html,cornell,2018-19
2,28,2,2018-11-12,Cornell,,Albany (NY),REG (Non-Conf),W 48-34,,1,0,0,,0,0,0,0,,,0,0,,0,0,0,0,0,0,1,0,0,-1.0,Stephanie Umeh,https://www.sports-reference.com/cbb/players/stephanie-umeh-1.html,cornell,2018-19
3,29,3,2018-11-17,Cornell,,UMass Lowell,REG (Non-Conf),W 63-54,,3,0,0,,0,0,0,0,,,0,0,,0,1,1,0,0,0,0,1,0,-0.1,Stephanie Umeh,https://www.sports-reference.com/cbb/players/stephanie-umeh-1.html,cornell,2018-19
4,30,4,2018-11-23,Cornell,@,Minnesota,REG (Non-Conf),L 45-65,,3,0,1,.000,0,0,0,1,.000,.000,0,0,,0,1,1,0,0,1,1,0,0,-0.7,Stephanie Umeh,https://www.sports-reference.com/cbb/players/stephanie-umeh-1.html,cornell,2018-19
5,31,6,2018-11-29,Cornell,@,Lehigh,REG (Non-Conf),L 54-67,,3,0,1,.000,0,0,0,1,.000,.000,2,2,1.000,0,1,1,0,0,0,1,1,2,0.2,Stephanie Umeh,https://www.sports-reference.com/cbb/players/stephanie-umeh-1.html,cornell,2018-19
6,32,7,2018-12-01,Cornell,@,Stony Brook,REG (Non-Conf),L 61-63,,1,0,0,,0,0,0,0,,,0,0,,0,0,0,0,0,0,0,0,0,0.0,Stephanie Umeh,https://www.sports-reference.com/cbb/players/stephanie-umeh-1.html,cornell,2018-19
7,33,8,2018-12-15,Cornell,,Delaware State,REG (Non-Conf),W 94-59,,6,0,1,.000,0,0,0,1,.000,.000,1,2,.500,1,2,3,0,0,0,2,1,1,-1.2,Stephanie Umeh,https://www.sports-reference.com/cbb/players/stephanie-umeh-1.html,cornell,2018-19
8,34,9,2018-12-20,Cornell,@,Lafayette,REG (Non-Conf),W 62-59,,2,0,2,.000,0,0,0,2,.000,.000,0,0,,1,0,1,0,0,0,0,0,0,-0.7,Stephanie Umeh,https://www.sports-reference.com/cbb/players/stephanie-umeh-1.html,cornell,2018-19
9,35,10,2018-12-29,Cornell,,Hampton,REG (Non-Conf),W 79-53,,5,1,2,.500,0,0,1,2,.500,.500,2,2,1.000,4,2,6,0,1,0,0,1,4,7.0,Stephanie Umeh,https://www.sports-reference.com/cbb/players/stephanie-umeh-1.html,cornell,2018-19
10,36,11,2018-12-31,Cornell,,St. Bonaventure,REG (Non-Conf),W 58-44,,5,1,1,1.000,0,0,1,1,1.000,1.000,0,0,,1,0,1,1,1,0,0,0,2,4.1,Stephanie Umeh,https://www.sports-reference.com/cbb/players/stephanie-umeh-1.html,cornell,2018-19
11,37,13,2019-01-26,Cornell,@,Columbia,REG (Conf),L 57-65,,4,1,1,1.000,0,0,1,1,1.000,1.000,0,2,.000,0,0,0,0,0,0,1,1,2,-0.5,Stephanie Umeh,https://www.sports-reference.com/cbb/players/stephanie-umeh-1.html,cornell,2018-19
12,38,14,2019-02-01,Cornell,,Pennsylvania,REG (Conf),L 46-59,,2,0,1,.000,0,0,0,1,.000,.000,0,0,,0,0,0,0,0,0,0,0,0,-0.7,Stephanie Umeh,https://www.sports-reference.com/cbb/players/stephanie-umeh-1.html,cornell,2018-19
13,39,15,2019-02-02,Cornell,,Princeton,REG (Conf),L 46-75,,6,1,4,.250,0,0,1,4,.250,.250,1,1,1.000,1,0,1,1,2,0,0,0,3,4.0,Stephanie Umeh,https://www.sports-reference.com/cbb/players/stephanie-umeh-1.html,cornell,2018-19
14,40,16,2019-02-08,Cornell,,Dartmouth,REG (Conf),L 56-63,,3,0,1,.000,0,0,0,1,.000,.000,0,0,,0,1,1,0,0,0,0,1,0,-0.8,Stephanie Umeh,https://www.sports-reference.com/cbb/players/stephanie-umeh-1.html,cornell,2018-19
15,41,17,2019-02-09,Cornell,,Harvard,REG (Conf),L 61-68,,1,0,0,,0,0,0,0,,,0,0,,1,0,1,0,1,0,1,0,0,0.7,Stephanie Umeh,https://www.sports-reference.com/cbb/players/stephanie-umeh-1.html,cornell,2018-19
16,42,19,2019-02-16,Cornell,@,Yale,REG (Conf),W 43-41,,7,0,0,,0,0,0,0,,,0,0,,0,0,0,2,0,0,0,1,0,1.0,Stephanie Umeh,https://www.sports-reference.com/cbb/players/stephanie-umeh-1.html,cornell,2018-19
17,43,20,2019-02-22,Cornell,@,Princeton,REG (Conf),L 64-68,,4,1,1,1.000,0,0,1,1,1.000,1.000,0,0,,0,0,0,1,0,0,0,2,2,1.6,Stephanie Umeh,https://www.sports-reference.com/cbb/players/stephanie-umeh-1.html,cornell,2018-19
18,44,21,2019-02-23,Cornell,@,Pennsylvania,REG (Conf),L 58-69,,4,1,2,.500,0,0,1,2,.500,.500,2,2,1.000,1,0,1,0,1,0,0,2,4,3.9,Stephanie Umeh,https://www.sports-reference.com/cbb/players/stephanie-umeh-1.html,cornell,2018-19
19,45,22,2019-03-01,Cornell,,Yale,REG (Conf),W 66-56,,3,0,1,.000,0,0,0,1,.000,.000,2,2,1.000,1,0,1,0,0,0,0,0,2,2.0,Stephanie Umeh,https://www.sports-reference.com/cbb/players/stephanie-umeh-1.html,cornell,2018-19
20,46,23,2019-03-02,Cornell,,Brown,REG (Conf),W 66-48,,6,2,2,1.000,0,0,2,2,1.000,1.000,0,0,,1,2,3,0,0,0,0,0,4,4.7,Stephanie Umeh,https://www.sports-reference.com/cbb/players/stephanie-umeh-1.html,cornell,2018-19
21,47,24,2019-03-08,Cornell,@,Harvard,REG (Conf),L 38-80,,10,1,2,.500,0,0,1,2,.500,.500,0,0,,1,0,1,0,0,0,1,2,2,-0.1,Stephanie Umeh,https://www.sports-reference.com/cbb/players/stephanie-umeh-1.html,cornell,2018-19
22,48,25,2019-03-09,Cornell,@,Dartmouth,REG (Conf),W 57-47,,4,0,0,,0,0,0,0,,,0,0,,0,0,0,0,1,0,1,1,0,-0.4,Stephanie Umeh,https://www.sports-reference.com/cbb/players/stephanie-umeh-1.html,cornell,2018-19
23,49,26,2019-03-16,Cornell,@,Princeton,CTOURN,L 47-68,,10,2,4,.500,0,0,2,4,.500,.500,0,0,,2,0,2,0,1,0,0,1,4,4.0,Stephanie Umeh,https://www.sports-reference.com/cbb/players/stephanie-umeh-1.html,cornell,2018-19
