ranker,player_game_num_career,team_game_num_season,date,team_name_abbr,game_location,opp_name_abbr,game_type,game_result,is_starter,mp,fg,fga,fg_pct,fg3,fg3a,fg2,fg2a,fg2_pct,efg_pct,ft,fta,ft_pct,orb,drb,trb,ast,stl,blk,tov,pf,pts,game_score,player_name,player_sr_link,school,season
1,1,1,2018-11-09,Cornell,@,Binghamton,REG (Non-Conf),L 61-72,,10,4,6,.667,0,0,4,6,.667,.667,0,2,.000,2,5,7,0,0,1,3,2,8,4.4,Theresa Grace Mbanefo,https://www.sports-reference.com/cbb/players/theresa-grace-mbanefo-1.html,cornell,2018-19
2,2,2,2018-11-12,Cornell,,Albany (NY),REG (Non-Conf),W 48-34,,8,0,2,.000,0,0,0,2,.000,.000,0,0,,0,0,0,0,1,1,2,1,0,-2.1,Theresa Grace Mbanefo,https://www.sports-reference.com/cbb/players/theresa-grace-mbanefo-1.html,cornell,2018-19
3,3,3,2018-11-17,Cornell,,UMass Lowell,REG (Non-Conf),W 63-54,,15,2,3,.667,0,0,2,3,.667,.667,0,0,,0,1,1,0,1,0,3,1,4,0.6,Theresa Grace Mbanefo,https://www.sports-reference.com/cbb/players/theresa-grace-mbanefo-1.html,cornell,2018-19
4,4,4,2018-11-23,Cornell,@,Minnesota,REG (Non-Conf),L 45-65,,16,1,2,.500,0,0,1,2,.500,.500,0,0,,0,2,2,1,0,3,2,3,2,1.2,Theresa Grace Mbanefo,https://www.sports-reference.com/cbb/players/theresa-grace-mbanefo-1.html,cornell,2018-19
5,5,5,2018-11-25,Cornell,@,Colorado State,REG (Non-Conf),L 53-56,,4,0,0,,0,0,0,0,,,0,0,,0,1,1,0,0,0,0,0,0,0.3,Theresa Grace Mbanefo,https://www.sports-reference.com/cbb/players/theresa-grace-mbanefo-1.html,cornell,2018-19
6,6,6,2018-11-29,Cornell,@,Lehigh,REG (Non-Conf),L 54-67,,11,5,6,.833,0,0,5,6,.833,.833,0,0,,1,1,2,0,0,0,3,2,10,5.0,Theresa Grace Mbanefo,https://www.sports-reference.com/cbb/players/theresa-grace-mbanefo-1.html,cornell,2018-19
7,7,7,2018-12-01,Cornell,@,Stony Brook,REG (Non-Conf),L 61-63,,22,1,4,.250,0,0,1,4,.250,.250,2,2,1.000,2,1,3,2,2,0,3,4,4,2.1,Theresa Grace Mbanefo,https://www.sports-reference.com/cbb/players/theresa-grace-mbanefo-1.html,cornell,2018-19
8,8,8,2018-12-15,Cornell,,Delaware State,REG (Non-Conf),W 94-59,,14,3,7,.429,0,0,3,7,.429,.429,2,8,.250,1,2,3,2,0,0,1,3,8,2.4,Theresa Grace Mbanefo,https://www.sports-reference.com/cbb/players/theresa-grace-mbanefo-1.html,cornell,2018-19
9,9,9,2018-12-20,Cornell,@,Lafayette,REG (Non-Conf),W 62-59,,31,5,9,.556,0,0,5,9,.556,.556,0,0,,1,3,4,2,1,2,4,4,10,5.5,Theresa Grace Mbanefo,https://www.sports-reference.com/cbb/players/theresa-grace-mbanefo-1.html,cornell,2018-19
10,10,10,2018-12-29,Cornell,,Hampton,REG (Non-Conf),W 79-53,,19,5,6,.833,0,0,5,6,.833,.833,2,6,.333,2,7,9,0,1,1,4,0,12,9.4,Theresa Grace Mbanefo,https://www.sports-reference.com/cbb/players/theresa-grace-mbanefo-1.html,cornell,2018-19
11,11,11,2018-12-31,Cornell,,St. Bonaventure,REG (Non-Conf),W 58-44,,16,1,3,.333,0,0,1,3,.333,.333,3,4,.750,1,2,3,0,1,1,1,3,5,3.7,Theresa Grace Mbanefo,https://www.sports-reference.com/cbb/players/theresa-grace-mbanefo-1.html,cornell,2018-19
12,12,12,2019-01-19,Cornell,,Columbia,REG (Conf),W 60-51,,17,3,6,.500,0,0,3,6,.500,.500,2,2,1.000,1,2,3,2,0,1,3,0,8,5.4,Theresa Grace Mbanefo,https://www.sports-reference.com/cbb/players/theresa-grace-mbanefo-1.html,cornell,2018-19
13,13,13,2019-01-26,Cornell,@,Columbia,REG (Conf),L 57-65,,21,1,2,.500,0,0,1,2,.500,.500,3,4,.750,3,4,7,0,1,3,2,4,5,6.4,Theresa Grace Mbanefo,https://www.sports-reference.com/cbb/players/theresa-grace-mbanefo-1.html,cornell,2018-19
14,14,14,2019-02-01,Cornell,,Pennsylvania,REG (Conf),L 46-59,,16,2,6,.333,0,0,2,6,.333,.333,0,0,,1,3,4,0,0,0,5,1,4,-3.2,Theresa Grace Mbanefo,https://www.sports-reference.com/cbb/players/theresa-grace-mbanefo-1.html,cornell,2018-19
15,15,15,2019-02-02,Cornell,,Princeton,REG (Conf),L 46-75,,19,3,8,.375,0,0,3,8,.375,.375,0,2,.000,1,2,3,3,0,1,1,1,6,3.5,Theresa Grace Mbanefo,https://www.sports-reference.com/cbb/players/theresa-grace-mbanefo-1.html,cornell,2018-19
16,16,16,2019-02-08,Cornell,,Dartmouth,REG (Conf),L 56-63,,10,2,4,.500,0,0,2,4,.500,.500,0,0,,1,0,1,1,0,2,1,1,4,3.4,Theresa Grace Mbanefo,https://www.sports-reference.com/cbb/players/theresa-grace-mbanefo-1.html,cornell,2018-19
17,17,17,2019-02-09,Cornell,,Harvard,REG (Conf),L 61-68,,10,1,5,.200,0,0,1,5,.200,.200,0,0,,0,2,2,3,0,2,2,3,2,-0.2,Theresa Grace Mbanefo,https://www.sports-reference.com/cbb/players/theresa-grace-mbanefo-1.html,cornell,2018-19
18,18,18,2019-02-15,Cornell,@,Brown,REG (Conf),W 65-53,,3,0,0,,0,0,0,0,,,0,0,,0,1,1,0,0,0,2,1,0,-2.1,Theresa Grace Mbanefo,https://www.sports-reference.com/cbb/players/theresa-grace-mbanefo-1.html,cornell,2018-19
19,19,19,2019-02-16,Cornell,@,Yale,REG (Conf),W 43-41,,19,0,6,.000,0,0,0,6,.000,.000,2,4,.500,2,7,9,0,0,0,2,3,2,-2.7,Theresa Grace Mbanefo,https://www.sports-reference.com/cbb/players/theresa-grace-mbanefo-1.html,cornell,2018-19
20,20,20,2019-02-22,Cornell,@,Princeton,REG (Conf),L 64-68,,5,0,1,.000,0,0,0,1,.000,.000,0,0,,1,1,2,0,0,0,2,2,0,-2.5,Theresa Grace Mbanefo,https://www.sports-reference.com/cbb/players/theresa-grace-mbanefo-1.html,cornell,2018-19
21,21,21,2019-02-23,Cornell,@,Pennsylvania,REG (Conf),L 58-69,,5,1,1,1.000,0,0,1,1,1.000,1.000,0,0,,0,1,1,0,0,1,1,0,2,1.7,Theresa Grace Mbanefo,https://www.sports-reference.com/cbb/players/theresa-grace-mbanefo-1.html,cornell,2018-19
22,22,22,2019-03-01,Cornell,,Yale,REG (Conf),W 66-56,,3,0,0,,0,0,0,0,,,0,0,,0,0,0,0,0,1,1,0,0,-0.3,Theresa Grace Mbanefo,https://www.sports-reference.com/cbb/players/theresa-grace-mbanefo-1.html,cornell,2018-19
23,23,23,2019-03-02,Cornell,,Brown,REG (Conf),W 66-48,,2,0,2,.000,0,0,0,2,.000,.000,0,0,,0,1,1,0,0,0,1,0,0,-2.1,Theresa Grace Mbanefo,https://www.sports-reference.com/cbb/players/theresa-grace-mbanefo-1.html,cornell,2018-19
24,24,24,2019-03-08,Cornell,@,Harvard,REG (Conf),L 38-80,,8,1,3,.333,0,0,1,3,.333,.333,0,0,,0,2,2,0,0,1,2,2,2,-1.2,Theresa Grace Mbanefo,https://www.sports-reference.com/cbb/players/theresa-grace-mbanefo-1.html,cornell,2018-19
25,25,25,2019-03-09,Cornell,@,Dartmouth,REG (Conf),W 57-47,,1,0,0,,0,0,0,0,,,0,0,,0,0,0,0,0,0,0,2,0,-0.8,Theresa Grace Mbanefo,https://www.sports-reference.com/cbb/players/theresa-grace-mbanefo-1.html,cornell,2018-19
26,26,26,2019-03-16,Cornell,@,Princeton,CTOURN,L 47-68,,5,0,0,,0,0,0,0,,,0,0,,0,0,0,0,0,0,2,0,0,-2.0,Theresa Grace Mbanefo,https://www.sports-reference.com/cbb/players/theresa-grace-mbanefo-1.html,cornell,2018-19
