ranker,player_game_num_career,team_game_num_season,date,team_name_abbr,game_location,opp_name_abbr,game_type,game_result,is_starter,mp,fg,fga,fg_pct,fg3,fg3a,fg3_pct,fg2,fg2a,fg2_pct,efg_pct,ft,fta,ft_pct,orb,drb,trb,ast,stl,blk,tov,pf,pts,game_score,player_name,player_sr_link,school,season
1,68,10,2021-12-20,Texas Tech,@,Ole Miss,REG (Non-Conf),L 50-65,,7,2,3,.667,1,2,.500,1,1,1.000,.833,0,1,.000,0,2,2,0,1,0,1,0,5,3.9,Bre'Amber Scott,https://www.sports-reference.com/cbb/players/breamber-scott-1.html,texas-tech,2021-22
2,69,11,2021-12-21,Texas Tech,,Louisiana State,REG (Non-Conf),L 60-74,,21,4,13,.308,3,7,.429,1,6,.167,.423,1,1,1.000,1,2,3,4,0,0,3,4,12,4.0,Bre'Amber Scott,https://www.sports-reference.com/cbb/players/breamber-scott-1.html,texas-tech,2021-22
3,70,12,2022-01-02,Texas Tech,,Oklahoma,REG (Conf),L 91-97,*,18,4,8,.500,1,4,.250,3,4,.750,.563,1,3,.333,1,0,1,3,1,0,3,3,10,4.8,Bre'Amber Scott,https://www.sports-reference.com/cbb/players/breamber-scott-1.html,texas-tech,2021-22
4,71,13,2022-01-05,Texas Tech,@,Texas,REG (Conf),W 74-61,*,23,5,6,.833,2,3,.667,3,3,1.000,1.000,9,10,.900,0,1,1,2,2,0,3,3,21,17.9,Bre'Amber Scott,https://www.sports-reference.com/cbb/players/breamber-scott-1.html,texas-tech,2021-22
5,72,14,2022-01-08,Texas Tech,,Oklahoma State,REG (Conf),L 55-57,*,14,2,7,.286,0,3,.000,2,4,.500,.286,2,2,1.000,1,2,3,0,0,0,3,0,6,0.2,Bre'Amber Scott,https://www.sports-reference.com/cbb/players/breamber-scott-1.html,texas-tech,2021-22
6,73,20,2022-01-29,Texas Tech,,Iowa State,REG (Conf),L 65-86,,8,1,2,.500,1,2,.500,0,0,,.750,0,0,,0,3,3,0,0,1,2,0,3,1.6,Bre'Amber Scott,https://www.sports-reference.com/cbb/players/breamber-scott-1.html,texas-tech,2021-22
7,74,21,2022-02-05,Texas Tech,@,Kansas State,REG (Conf),L 75-82,,24,2,7,.286,2,4,.500,0,3,.000,.429,0,0,,0,1,1,1,1,0,4,3,6,-1.3,Bre'Amber Scott,https://www.sports-reference.com/cbb/players/breamber-scott-1.html,texas-tech,2021-22
8,75,22,2022-02-09,Texas Tech,,Texas,REG (Conf),L 56-61,,12,1,4,.250,0,2,.000,1,2,.500,.250,2,2,1.000,0,1,1,0,0,0,0,1,4,1.5,Bre'Amber Scott,https://www.sports-reference.com/cbb/players/breamber-scott-1.html,texas-tech,2021-22
