ranker,player_game_num_career,team_game_num_season,date,team_name_abbr,game_location,opp_name_abbr,game_type,game_result,is_starter,mp,fg,fga,fg_pct,fg3,fg3a,fg3_pct,fg2,fg2a,fg2_pct,efg_pct,ft,fta,ft_pct,orb,drb,trb,ast,stl,blk,tov,pf,pts,game_score,player_name,player_sr_link,school,season
1,21,1,2020-11-25,NC State,,North Florida,REG (Non-Conf),W 93-65,,9,1,3,.333,0,1,.000,1,2,.500,.333,0,0,,1,1,2,1,0,0,1,0,2,1.0,Camille Hobby,https://www.sports-reference.com/cbb/players/camille-hobby-1.html,north-carolina-state,2020-21
2,22,2,2020-11-29,NC State,,North Carolina Central,REG (Non-Conf),W 108-70,,11,1,3,.333,0,0,,1,3,.333,.333,0,0,,1,2,3,0,1,2,0,2,2,3.2,Camille Hobby,https://www.sports-reference.com/cbb/players/camille-hobby-1.html,north-carolina-state,2020-21
3,23,3,2020-12-03,NC State,@,South Carolina,REG (Non-Conf),W 54-46,,2,0,0,,0,0,,0,0,,,0,0,,1,0,1,0,0,0,0,1,0,0.3,Camille Hobby,https://www.sports-reference.com/cbb/players/camille-hobby-1.html,north-carolina-state,2020-21
4,24,4,2020-12-06,NC State,,Coastal Carolina,REG (Non-Conf),W 98-46,,16,5,7,.714,2,3,.667,3,4,.750,.857,0,0,,2,0,2,1,0,1,0,2,12,11.1,Camille Hobby,https://www.sports-reference.com/cbb/players/camille-hobby-1.html,north-carolina-state,2020-21
5,25,5,2020-12-09,NC State,,Elon,REG (Non-Conf),W 76-47,,9,2,2,1.000,0,0,,2,2,1.000,1.000,1,4,.250,0,1,1,0,0,1,2,3,5,1.0,Camille Hobby,https://www.sports-reference.com/cbb/players/camille-hobby-1.html,north-carolina-state,2020-21
6,26,6,2020-12-13,NC State,@,Boston College,REG (Conf),W 75-69,,6,0,0,,0,0,,0,0,,,0,0,,0,2,2,0,0,0,0,0,0,0.6,Camille Hobby,https://www.sports-reference.com/cbb/players/camille-hobby-1.html,north-carolina-state,2020-21
7,27,7,2020-12-17,NC State,,Wake Forest,REG (Conf),W 79-65,,11,1,4,.250,0,0,,1,4,.250,.250,0,0,,0,2,2,1,0,0,1,2,2,-0.9,Camille Hobby,https://www.sports-reference.com/cbb/players/camille-hobby-1.html,north-carolina-state,2020-21
8,28,8,2020-12-20,NC State,,Miami (FL),REG (Conf),W 78-47,,10,2,4,.500,0,1,.000,2,3,.667,.500,0,0,,1,2,3,0,0,0,1,4,4,0.7,Camille Hobby,https://www.sports-reference.com/cbb/players/camille-hobby-1.html,north-carolina-state,2020-21
9,29,9,2020-12-31,NC State,@,Georgia Tech,REG (Conf),W 84-75,,15,1,3,.333,0,0,,1,3,.333,.333,0,0,,0,4,4,0,0,1,2,1,2,-0.2,Camille Hobby,https://www.sports-reference.com/cbb/players/camille-hobby-1.html,north-carolina-state,2020-21
10,30,10,2021-01-03,NC State,,Boston College,REG (Conf),W 76-57,,6,1,2,.500,0,0,,1,2,.500,.500,0,0,,0,1,1,0,0,0,0,2,2,0.5,Camille Hobby,https://www.sports-reference.com/cbb/players/camille-hobby-1.html,north-carolina-state,2020-21
11,31,11,2021-01-24,NC State,,Virginia Tech,REG (Conf),W 89-87,,20,3,6,.500,2,4,.500,1,2,.500,.667,1,1,1.000,1,2,3,0,1,2,2,3,9,6.5,Camille Hobby,https://www.sports-reference.com/cbb/players/camille-hobby-1.html,north-carolina-state,2020-21
12,32,12,2021-01-28,NC State,@,Virginia Tech,REG (Conf),L 71-83 (OT),*,35,9,14,.643,1,3,.333,8,11,.727,.679,0,0,,1,8,9,1,1,1,2,4,19,14.7,Camille Hobby,https://www.sports-reference.com/cbb/players/camille-hobby-1.html,north-carolina-state,2020-21
13,33,13,2021-02-01,NC State,@,Louisville,REG (Conf),W 74-60,,10,1,3,.333,0,1,.000,1,2,.500,.333,0,0,,3,1,4,1,0,0,0,2,2,2.6,Camille Hobby,https://www.sports-reference.com/cbb/players/camille-hobby-1.html,north-carolina-state,2020-21
14,34,14,2021-02-07,NC State,@,North Carolina,REG (Conf),L 69-76,,16,2,4,.500,0,0,,2,4,.500,.500,0,2,.000,1,4,5,0,0,0,1,3,4,0.9,Camille Hobby,https://www.sports-reference.com/cbb/players/camille-hobby-1.html,north-carolina-state,2020-21
15,35,15,2021-02-11,NC State,,Clemson,REG (Conf),W 86-65,,18,6,11,.545,0,0,,6,11,.545,.545,0,0,,1,2,3,0,1,0,0,2,12,8.2,Camille Hobby,https://www.sports-reference.com/cbb/players/camille-hobby-1.html,north-carolina-state,2020-21
16,36,16,2021-02-18,NC State,@,Wake Forest,REG (Conf),W 66-47,,16,1,3,.333,0,0,,1,3,.333,.333,0,0,,0,3,3,0,0,1,0,3,2,0.7,Camille Hobby,https://www.sports-reference.com/cbb/players/camille-hobby-1.html,north-carolina-state,2020-21
17,37,17,2021-02-21,NC State,,North Carolina,REG (Conf),W 82-63,,7,1,1,1.000,0,0,,1,1,1.000,1.000,2,2,1.000,0,0,0,0,0,1,0,1,4,4.0,Camille Hobby,https://www.sports-reference.com/cbb/players/camille-hobby-1.html,north-carolina-state,2020-21
18,38,18,2021-02-25,NC State,,Pittsburgh,REG (Conf),W 83-53,,10,1,6,.167,0,1,.000,1,5,.200,.167,2,2,1.000,0,0,0,1,1,0,1,2,4,0.1,Camille Hobby,https://www.sports-reference.com/cbb/players/camille-hobby-1.html,north-carolina-state,2020-21
19,39,19,2021-02-28,NC State,@,Syracuse,REG (Conf),W 68-61,,10,3,8,.375,1,1,1.000,2,7,.286,.438,1,2,.500,1,1,2,0,0,0,0,0,8,4.2,Camille Hobby,https://www.sports-reference.com/cbb/players/camille-hobby-1.html,north-carolina-state,2020-21
20,40,20,2021-03-05,NC State,,Virginia Tech,CTOURN,W 68-55,,9,2,3,.667,0,0,,2,3,.667,.667,0,0,,1,4,5,0,0,0,0,0,4,4.6,Camille Hobby,https://www.sports-reference.com/cbb/players/camille-hobby-1.html,north-carolina-state,2020-21
21,41,21,2021-03-06,NC State,,Georgia Tech,CTOURN,W 66-61,,9,1,1,1.000,0,0,,1,1,1.000,1.000,0,0,,0,0,0,0,0,0,1,1,2,0.3,Camille Hobby,https://www.sports-reference.com/cbb/players/camille-hobby-1.html,north-carolina-state,2020-21
22,42,22,2021-03-07,NC State,@,Louisville,CTOURN,W 58-56,,8,1,2,.500,0,0,,1,2,.500,.500,2,2,1.000,0,2,2,0,1,0,1,1,4,3.2,Camille Hobby,https://www.sports-reference.com/cbb/players/camille-hobby-1.html,north-carolina-state,2020-21
23,43,23,2021-03-21,NC State,N,North Carolina A&T,ROUND-64,W 79-58,,14,1,4,.250,0,1,.000,1,3,.333,.250,2,2,1.000,0,1,1,0,1,0,2,1,4,0.5,Camille Hobby,https://www.sports-reference.com/cbb/players/camille-hobby-1.html,north-carolina-state,2020-21
24,44,24,2021-03-23,NC State,N,South Florida,ROUND-32,W 79-67,,4,0,1,.000,0,0,,0,1,.000,.000,3,4,.750,0,1,1,0,0,1,0,1,3,2.5,Camille Hobby,https://www.sports-reference.com/cbb/players/camille-hobby-1.html,north-carolina-state,2020-21
25,45,25,2021-03-27,NC State,N,Indiana,ROUND-16,L 70-73,,2,0,0,,0,0,,0,0,,,0,0,,0,1,1,0,0,0,0,1,0,-0.1,Camille Hobby,https://www.sports-reference.com/cbb/players/camille-hobby-1.html,north-carolina-state,2020-21
