ranker,player_game_num_career,team_game_num_season,date,team_name_abbr,game_location,opp_name_abbr,game_type,game_result,is_starter,mp,fg,fga,fg_pct,fg3,fg3a,fg3_pct,fg2,fg2a,fg2_pct,efg_pct,ft,fta,ft_pct,orb,drb,trb,ast,stl,blk,tov,pf,pts,game_score,player_name,player_sr_link,school,season
1,1,1,2020-11-25,NC State,,North Florida,REG (Non-Conf),W 93-65,,7,3,4,.750,1,1,1.000,2,3,.667,.875,0,0,,1,2,3,0,0,0,1,0,7,5.7,Dontavia Waggoner,https://www.sports-reference.com/cbb/players/dontavia-waggoner-1.html,north-carolina-state,2020-21
2,2,2,2020-11-29,NC State,,North Carolina Central,REG (Non-Conf),W 108-70,,9,1,2,.500,0,0,,1,2,.500,.500,1,2,.500,0,0,0,0,1,0,1,1,3,1.2,Dontavia Waggoner,https://www.sports-reference.com/cbb/players/dontavia-waggoner-1.html,north-carolina-state,2020-21
3,3,4,2020-12-06,NC State,,Coastal Carolina,REG (Non-Conf),W 98-46,,24,5,11,.455,0,4,.000,5,7,.714,.455,2,7,.286,1,2,3,3,1,0,2,0,12,6.7,Dontavia Waggoner,https://www.sports-reference.com/cbb/players/dontavia-waggoner-1.html,north-carolina-state,2020-21
4,4,5,2020-12-09,NC State,,Elon,REG (Non-Conf),W 76-47,,19,2,7,.286,0,0,,2,7,.286,.286,1,2,.500,2,2,4,0,2,1,1,2,5,3.4,Dontavia Waggoner,https://www.sports-reference.com/cbb/players/dontavia-waggoner-1.html,north-carolina-state,2020-21
5,5,6,2020-12-13,NC State,@,Boston College,REG (Conf),W 75-69,,2,0,1,.000,0,0,,0,1,.000,.000,0,0,,0,0,0,0,1,0,0,0,0,0.3,Dontavia Waggoner,https://www.sports-reference.com/cbb/players/dontavia-waggoner-1.html,north-carolina-state,2020-21
6,6,7,2020-12-17,NC State,,Wake Forest,REG (Conf),W 79-65,,7,0,1,.000,0,0,,0,1,.000,.000,0,0,,0,0,0,0,0,0,0,0,0,-0.7,Dontavia Waggoner,https://www.sports-reference.com/cbb/players/dontavia-waggoner-1.html,north-carolina-state,2020-21
7,7,8,2020-12-20,NC State,,Miami (FL),REG (Conf),W 78-47,,11,0,1,.000,0,1,.000,0,0,,.000,0,0,,0,1,1,0,1,1,1,1,0,-0.1,Dontavia Waggoner,https://www.sports-reference.com/cbb/players/dontavia-waggoner-1.html,north-carolina-state,2020-21
8,8,9,2020-12-31,NC State,@,Georgia Tech,REG (Conf),W 84-75,,1,0,0,,0,0,,0,0,,,0,0,,0,0,0,1,0,0,0,1,0,0.3,Dontavia Waggoner,https://www.sports-reference.com/cbb/players/dontavia-waggoner-1.html,north-carolina-state,2020-21
9,9,10,2021-01-03,NC State,,Boston College,REG (Conf),W 76-57,,2,0,0,,0,0,,0,0,,,0,0,,1,0,1,0,0,0,0,0,0,0.7,Dontavia Waggoner,https://www.sports-reference.com/cbb/players/dontavia-waggoner-1.html,north-carolina-state,2020-21
10,10,12,2021-01-28,NC State,@,Virginia Tech,REG (Conf),L 71-83 (OT),,1,0,0,,0,0,,0,0,,,0,0,,1,0,1,0,0,0,0,0,0,0.7,Dontavia Waggoner,https://www.sports-reference.com/cbb/players/dontavia-waggoner-1.html,north-carolina-state,2020-21
11,11,15,2021-02-11,NC State,,Clemson,REG (Conf),W 86-65,,7,0,1,.000,0,0,,0,1,.000,.000,0,0,,0,0,0,0,0,0,0,1,0,-1.1,Dontavia Waggoner,https://www.sports-reference.com/cbb/players/dontavia-waggoner-1.html,north-carolina-state,2020-21
12,12,16,2021-02-18,NC State,@,Wake Forest,REG (Conf),W 66-47,,4,0,0,,0,0,,0,0,,,0,0,,0,1,1,0,0,0,0,0,0,0.3,Dontavia Waggoner,https://www.sports-reference.com/cbb/players/dontavia-waggoner-1.html,north-carolina-state,2020-21
13,13,18,2021-02-25,NC State,,Pittsburgh,REG (Conf),W 83-53,,11,2,4,.500,1,2,.500,1,2,.500,.625,0,0,,1,1,2,0,2,0,0,0,5,6.0,Dontavia Waggoner,https://www.sports-reference.com/cbb/players/dontavia-waggoner-1.html,north-carolina-state,2020-21
14,14,20,2021-03-05,NC State,,Virginia Tech,CTOURN,W 68-55,,1,0,0,,0,0,,0,0,,,0,0,,0,0,0,0,0,0,0,0,0,0.0,Dontavia Waggoner,https://www.sports-reference.com/cbb/players/dontavia-waggoner-1.html,north-carolina-state,2020-21
15,15,23,2021-03-21,NC State,N,North Carolina A&T,ROUND-64,W 79-58,,8,1,2,.500,0,0,,1,2,.500,.500,0,0,,0,1,1,0,2,0,2,3,2,0.1,Dontavia Waggoner,https://www.sports-reference.com/cbb/players/dontavia-waggoner-1.html,north-carolina-state,2020-21
16,16,25,2021-03-27,NC State,N,Indiana,ROUND-16,L 70-73,,4,0,0,,0,0,,0,0,,,0,0,,0,0,0,0,0,0,1,1,0,-1.4,Dontavia Waggoner,https://www.sports-reference.com/cbb/players/dontavia-waggoner-1.html,north-carolina-state,2020-21
