ranker,player_game_num_career,team_game_num_season,date,team_name_abbr,game_location,opp_name_abbr,game_type,game_result,is_starter,mp,fg,fga,fg_pct,fg3,fg3a,fg3_pct,fg2,fg2a,fg2_pct,efg_pct,ft,fta,ft_pct,orb,drb,trb,ast,stl,blk,tov,pf,pts,game_score,player_name,player_sr_link,school,season
1,67,1,2020-11-25,NC State,,North Florida,REG (Non-Conf),W 93-65,*,22,4,11,.364,1,3,.333,3,8,.375,.409,3,3,1.000,2,2,4,0,0,1,1,3,12,6.4,Elissa Cunane,https://www.sports-reference.com/cbb/players/elissa-cunane-1.html,north-carolina-state,2020-21
2,68,2,2020-11-29,NC State,,North Carolina Central,REG (Non-Conf),W 108-70,*,20,6,6,1.000,0,0,,6,6,1.000,1.000,5,6,.833,1,4,5,3,0,0,2,2,17,16.0,Elissa Cunane,https://www.sports-reference.com/cbb/players/elissa-cunane-1.html,north-carolina-state,2020-21
3,69,3,2020-12-03,NC State,@,South Carolina,REG (Non-Conf),W 54-46,*,38,3,13,.231,0,2,.000,3,11,.273,.231,8,8,1.000,3,3,6,0,0,4,2,2,14,9.1,Elissa Cunane,https://www.sports-reference.com/cbb/players/elissa-cunane-1.html,north-carolina-state,2020-21
4,70,4,2020-12-06,NC State,,Coastal Carolina,REG (Non-Conf),W 98-46,*,13,2,5,.400,0,0,,2,5,.400,.400,0,0,,2,1,3,2,1,0,0,3,4,4.2,Elissa Cunane,https://www.sports-reference.com/cbb/players/elissa-cunane-1.html,north-carolina-state,2020-21
5,71,5,2020-12-09,NC State,,Elon,REG (Non-Conf),W 76-47,*,23,9,11,.818,1,1,1.000,8,10,.800,.864,3,3,1.000,3,10,13,1,0,2,1,1,22,23.7,Elissa Cunane,https://www.sports-reference.com/cbb/players/elissa-cunane-1.html,north-carolina-state,2020-21
6,72,6,2020-12-13,NC State,@,Boston College,REG (Conf),W 75-69,*,31,6,12,.500,0,0,,6,12,.500,.500,11,15,.733,7,8,15,0,1,2,3,3,23,20.9,Elissa Cunane,https://www.sports-reference.com/cbb/players/elissa-cunane-1.html,north-carolina-state,2020-21
7,73,7,2020-12-17,NC State,,Wake Forest,REG (Conf),W 79-65,*,24,7,11,.636,1,1,1.000,6,10,.600,.682,2,2,1.000,2,8,10,1,0,2,2,3,17,14.8,Elissa Cunane,https://www.sports-reference.com/cbb/players/elissa-cunane-1.html,north-carolina-state,2020-21
8,74,8,2020-12-20,NC State,,Miami (FL),REG (Conf),W 78-47,*,23,7,11,.636,3,5,.600,4,6,.667,.773,1,1,1.000,3,4,7,0,0,1,2,3,18,13.9,Elissa Cunane,https://www.sports-reference.com/cbb/players/elissa-cunane-1.html,north-carolina-state,2020-21
9,75,9,2020-12-31,NC State,@,Georgia Tech,REG (Conf),W 84-75,*,22,4,9,.444,0,1,.000,4,8,.500,.444,3,4,.750,1,3,4,2,2,0,2,4,11,7.3,Elissa Cunane,https://www.sports-reference.com/cbb/players/elissa-cunane-1.html,north-carolina-state,2020-21
10,76,10,2021-01-03,NC State,,Boston College,REG (Conf),W 76-57,*,32,9,9,1.000,0,0,,9,9,1.000,1.000,6,8,.750,1,7,8,1,3,2,4,2,24,23.6,Elissa Cunane,https://www.sports-reference.com/cbb/players/elissa-cunane-1.html,north-carolina-state,2020-21
11,77,13,2021-02-01,NC State,@,Louisville,REG (Conf),W 74-60,*,30,7,9,.778,1,1,1.000,6,8,.750,.833,1,1,1.000,1,5,6,2,0,0,2,1,16,13.7,Elissa Cunane,https://www.sports-reference.com/cbb/players/elissa-cunane-1.html,north-carolina-state,2020-21
12,78,14,2021-02-07,NC State,@,North Carolina,REG (Conf),L 69-76,*,22,4,7,.571,0,0,,4,7,.571,.571,6,7,.857,1,5,6,1,3,0,4,5,14,10.2,Elissa Cunane,https://www.sports-reference.com/cbb/players/elissa-cunane-1.html,north-carolina-state,2020-21
13,79,15,2021-02-11,NC State,,Clemson,REG (Conf),W 86-65,*,19,5,8,.625,1,1,1.000,4,7,.571,.688,0,0,,1,7,8,1,1,0,0,0,11,11.9,Elissa Cunane,https://www.sports-reference.com/cbb/players/elissa-cunane-1.html,north-carolina-state,2020-21
14,80,16,2021-02-18,NC State,@,Wake Forest,REG (Conf),W 66-47,*,24,6,13,.462,1,2,.500,5,11,.455,.500,2,2,1.000,3,7,10,3,0,2,1,0,15,15.0,Elissa Cunane,https://www.sports-reference.com/cbb/players/elissa-cunane-1.html,north-carolina-state,2020-21
15,81,17,2021-02-21,NC State,,North Carolina,REG (Conf),W 82-63,*,33,5,15,.333,0,3,.000,5,12,.417,.333,7,7,1.000,3,11,14,4,0,0,2,0,17,14.7,Elissa Cunane,https://www.sports-reference.com/cbb/players/elissa-cunane-1.html,north-carolina-state,2020-21
16,82,18,2021-02-25,NC State,,Pittsburgh,REG (Conf),W 83-53,*,24,4,6,.667,1,1,1.000,3,5,.600,.750,4,6,.667,3,5,8,2,0,1,1,2,13,13.5,Elissa Cunane,https://www.sports-reference.com/cbb/players/elissa-cunane-1.html,north-carolina-state,2020-21
17,83,19,2021-02-28,NC State,@,Syracuse,REG (Conf),W 68-61,*,29,5,11,.455,0,0,,5,11,.455,.455,7,7,1.000,2,7,9,3,0,0,3,3,17,12.7,Elissa Cunane,https://www.sports-reference.com/cbb/players/elissa-cunane-1.html,north-carolina-state,2020-21
18,84,20,2021-03-05,NC State,,Virginia Tech,CTOURN,W 68-55,*,31,10,15,.667,0,2,.000,10,13,.769,.667,7,8,.875,1,8,9,1,2,0,1,2,27,24.1,Elissa Cunane,https://www.sports-reference.com/cbb/players/elissa-cunane-1.html,north-carolina-state,2020-21
19,85,21,2021-03-06,NC State,,Georgia Tech,CTOURN,W 66-61,*,31,8,13,.615,0,0,,8,13,.615,.615,7,8,.875,0,9,9,0,0,0,2,3,23,16.2,Elissa Cunane,https://www.sports-reference.com/cbb/players/elissa-cunane-1.html,north-carolina-state,2020-21
20,86,22,2021-03-07,NC State,@,Louisville,CTOURN,W 58-56,*,32,7,12,.583,0,0,,7,12,.583,.583,6,8,.750,3,6,9,3,2,0,4,3,20,16.4,Elissa Cunane,https://www.sports-reference.com/cbb/players/elissa-cunane-1.html,north-carolina-state,2020-21
21,87,23,2021-03-21,NC State,N,North Carolina A&T,ROUND-64,W 79-58,*,24,3,7,.429,1,2,.500,2,5,.400,.500,5,7,.714,1,4,5,3,1,1,2,1,12,10.8,Elissa Cunane,https://www.sports-reference.com/cbb/players/elissa-cunane-1.html,north-carolina-state,2020-21
22,88,24,2021-03-23,NC State,N,South Florida,ROUND-32,W 79-67,*,36,3,15,.200,0,2,.000,3,13,.231,.200,6,7,.857,0,11,11,3,0,1,1,2,12,6.6,Elissa Cunane,https://www.sports-reference.com/cbb/players/elissa-cunane-1.html,north-carolina-state,2020-21
23,89,25,2021-03-27,NC State,N,Indiana,ROUND-16,L 70-73,*,38,6,15,.400,1,4,.250,5,11,.455,.433,2,3,.667,0,12,12,5,0,1,5,2,15,8.5,Elissa Cunane,https://www.sports-reference.com/cbb/players/elissa-cunane-1.html,north-carolina-state,2020-21
