ranker,player_game_num_career,team_game_num_season,date,team_name_abbr,game_location,opp_name_abbr,game_type,game_result,is_starter,mp,fg,fga,fg_pct,fg3,fg3a,fg3_pct,fg2,fg2a,fg2_pct,efg_pct,ft,fta,ft_pct,orb,drb,trb,ast,stl,blk,tov,pf,pts,game_score,player_name,player_sr_link,school,season
1,1,1,2020-11-25,NC State,,North Florida,REG (Non-Conf),W 93-65,,9,1,4,.250,0,3,.000,1,1,1.000,.250,0,0,,1,2,3,0,1,0,1,0,2,0.9,Elle Sutphin,https://www.sports-reference.com/cbb/players/elle-sutphin-1.html,north-carolina-state,2020-21
2,2,2,2020-11-29,NC State,,North Carolina Central,REG (Non-Conf),W 108-70,,19,4,7,.571,1,3,.333,3,4,.750,.643,0,0,,0,3,3,0,0,0,3,1,9,3.2,Elle Sutphin,https://www.sports-reference.com/cbb/players/elle-sutphin-1.html,north-carolina-state,2020-21
3,3,3,2020-12-03,NC State,@,South Carolina,REG (Non-Conf),W 54-46,,5,0,1,.000,0,1,.000,0,0,,.000,0,0,,1,1,2,0,0,1,0,1,0,0.6,Elle Sutphin,https://www.sports-reference.com/cbb/players/elle-sutphin-1.html,north-carolina-state,2020-21
4,4,4,2020-12-06,NC State,,Coastal Carolina,REG (Non-Conf),W 98-46,,22,3,7,.429,0,3,.000,3,4,.750,.429,2,2,1.000,0,2,2,3,1,0,1,0,8,7.0,Elle Sutphin,https://www.sports-reference.com/cbb/players/elle-sutphin-1.html,north-carolina-state,2020-21
5,5,5,2020-12-09,NC State,,Elon,REG (Non-Conf),W 76-47,,24,3,6,.500,1,2,.500,2,4,.500,.583,0,0,,0,2,2,0,3,0,0,2,7,6.8,Elle Sutphin,https://www.sports-reference.com/cbb/players/elle-sutphin-1.html,north-carolina-state,2020-21
6,6,6,2020-12-13,NC State,@,Boston College,REG (Conf),W 75-69,,3,0,1,.000,0,1,.000,0,0,,.000,0,0,,0,0,0,0,0,0,0,0,0,-0.7,Elle Sutphin,https://www.sports-reference.com/cbb/players/elle-sutphin-1.html,north-carolina-state,2020-21
7,7,7,2020-12-17,NC State,,Wake Forest,REG (Conf),W 79-65,,7,0,1,.000,0,1,.000,0,0,,.000,0,0,,1,0,1,0,0,1,1,0,0,-0.3,Elle Sutphin,https://www.sports-reference.com/cbb/players/elle-sutphin-1.html,north-carolina-state,2020-21
8,8,8,2020-12-20,NC State,,Miami (FL),REG (Conf),W 78-47,,9,1,2,.500,0,0,,1,2,.500,.500,0,0,,0,3,3,0,0,1,2,0,2,0.6,Elle Sutphin,https://www.sports-reference.com/cbb/players/elle-sutphin-1.html,north-carolina-state,2020-21
9,9,9,2020-12-31,NC State,@,Georgia Tech,REG (Conf),W 84-75,,1,0,0,,0,0,,0,0,,,0,0,,0,0,0,0,0,0,0,0,0,0.0,Elle Sutphin,https://www.sports-reference.com/cbb/players/elle-sutphin-1.html,north-carolina-state,2020-21
10,10,10,2021-01-03,NC State,,Boston College,REG (Conf),W 76-57,,3,0,0,,0,0,,0,0,,,1,2,.500,0,1,1,0,0,0,0,0,1,0.9,Elle Sutphin,https://www.sports-reference.com/cbb/players/elle-sutphin-1.html,north-carolina-state,2020-21
11,11,15,2021-02-11,NC State,,Clemson,REG (Conf),W 86-65,,3,0,1,.000,0,1,.000,0,0,,.000,0,0,,0,0,0,0,0,0,0,0,0,-0.7,Elle Sutphin,https://www.sports-reference.com/cbb/players/elle-sutphin-1.html,north-carolina-state,2020-21
12,12,16,2021-02-18,NC State,@,Wake Forest,REG (Conf),W 66-47,,4,0,2,.000,0,2,.000,0,0,,.000,0,0,,0,0,0,0,0,0,0,0,0,-1.4,Elle Sutphin,https://www.sports-reference.com/cbb/players/elle-sutphin-1.html,north-carolina-state,2020-21
13,13,18,2021-02-25,NC State,,Pittsburgh,REG (Conf),W 83-53,,6,0,1,.000,0,0,,0,1,.000,.000,0,0,,0,0,0,0,0,0,0,2,0,-1.5,Elle Sutphin,https://www.sports-reference.com/cbb/players/elle-sutphin-1.html,north-carolina-state,2020-21
14,14,23,2021-03-21,NC State,N,North Carolina A&T,ROUND-64,W 79-58,,5,0,0,,0,0,,0,0,,,0,0,,0,2,2,0,0,0,1,1,0,-0.8,Elle Sutphin,https://www.sports-reference.com/cbb/players/elle-sutphin-1.html,north-carolina-state,2020-21
15,15,24,2021-03-23,NC State,N,South Florida,ROUND-32,W 79-67,,7,2,2,1.000,0,0,,2,2,1.000,1.000,0,0,,1,0,1,0,0,0,0,2,4,3.3,Elle Sutphin,https://www.sports-reference.com/cbb/players/elle-sutphin-1.html,north-carolina-state,2020-21
16,16,25,2021-03-27,NC State,N,Indiana,ROUND-16,L 70-73,,5,0,1,.000,0,1,.000,0,0,,.000,0,0,,0,0,0,1,0,0,0,1,0,-0.4,Elle Sutphin,https://www.sports-reference.com/cbb/players/elle-sutphin-1.html,north-carolina-state,2020-21
