ranker,player_game_num_career,team_game_num_season,date,team_name_abbr,game_location,opp_name_abbr,game_type,game_result,is_starter,mp,fg,fga,fg_pct,fg3,fg3a,fg3_pct,fg2,fg2a,fg2_pct,efg_pct,ft,fta,ft_pct,orb,drb,trb,ast,stl,blk,tov,pf,pts,game_score,player_name,player_sr_link,school,season
1,1,1,2020-11-25,NC State,,North Florida,REG (Non-Conf),W 93-65,,13,2,6,.333,1,3,.333,1,3,.333,.417,0,0,,0,1,1,4,2,0,1,1,5,5.3,Genesis Bryant,https://www.sports-reference.com/cbb/players/genesis-bryant-1.html,north-carolina-state,2020-21
2,2,2,2020-11-29,NC State,,North Carolina Central,REG (Non-Conf),W 108-70,,12,1,2,.500,0,1,.000,1,1,1.000,.500,0,0,,1,3,4,3,1,0,5,4,2,-0.9,Genesis Bryant,https://www.sports-reference.com/cbb/players/genesis-bryant-1.html,north-carolina-state,2020-21
3,3,4,2020-12-06,NC State,,Coastal Carolina,REG (Non-Conf),W 98-46,,22,4,7,.571,1,2,.500,3,5,.600,.643,1,2,.500,0,3,3,1,5,2,1,1,10,12.9,Genesis Bryant,https://www.sports-reference.com/cbb/players/genesis-bryant-1.html,north-carolina-state,2020-21
4,4,5,2020-12-09,NC State,,Elon,REG (Non-Conf),W 76-47,,15,0,1,.000,0,0,,0,1,.000,.000,0,0,,1,2,3,2,0,0,2,2,0,-0.8,Genesis Bryant,https://www.sports-reference.com/cbb/players/genesis-bryant-1.html,north-carolina-state,2020-21
5,5,6,2020-12-13,NC State,@,Boston College,REG (Conf),W 75-69,,14,1,3,.333,1,2,.500,0,1,.000,.500,0,0,,0,1,1,1,1,0,1,1,3,1.9,Genesis Bryant,https://www.sports-reference.com/cbb/players/genesis-bryant-1.html,north-carolina-state,2020-21
6,6,7,2020-12-17,NC State,,Wake Forest,REG (Conf),W 79-65,,11,1,2,.500,0,0,,1,2,.500,.500,0,0,,0,0,0,2,0,0,1,1,2,1.0,Genesis Bryant,https://www.sports-reference.com/cbb/players/genesis-bryant-1.html,north-carolina-state,2020-21
7,7,8,2020-12-20,NC State,,Miami (FL),REG (Conf),W 78-47,,13,0,1,.000,0,1,.000,0,0,,.000,0,0,,0,2,2,4,1,0,3,1,0,0.3,Genesis Bryant,https://www.sports-reference.com/cbb/players/genesis-bryant-1.html,north-carolina-state,2020-21
8,8,9,2020-12-31,NC State,@,Georgia Tech,REG (Conf),W 84-75,,6,1,1,1.000,0,0,,1,1,1.000,1.000,0,0,,0,1,1,0,0,0,1,0,2,1.0,Genesis Bryant,https://www.sports-reference.com/cbb/players/genesis-bryant-1.html,north-carolina-state,2020-21
9,9,10,2021-01-03,NC State,,Boston College,REG (Conf),W 76-57,,3,0,0,,0,0,,0,0,,,0,0,,0,0,0,0,0,0,0,0,0,0.0,Genesis Bryant,https://www.sports-reference.com/cbb/players/genesis-bryant-1.html,north-carolina-state,2020-21
10,10,12,2021-01-28,NC State,@,Virginia Tech,REG (Conf),L 71-83 (OT),,1,0,1,.000,0,1,.000,0,0,,.000,0,0,,0,0,0,0,0,0,0,1,0,-1.1,Genesis Bryant,https://www.sports-reference.com/cbb/players/genesis-bryant-1.html,north-carolina-state,2020-21
11,11,15,2021-02-11,NC State,,Clemson,REG (Conf),W 86-65,,7,1,2,.500,0,1,.000,1,1,1.000,.500,1,2,.500,0,2,2,0,0,0,1,1,3,0.8,Genesis Bryant,https://www.sports-reference.com/cbb/players/genesis-bryant-1.html,north-carolina-state,2020-21
12,12,23,2021-03-21,NC State,N,North Carolina A&T,ROUND-64,W 79-58,,14,2,5,.400,1,3,.333,1,2,.500,.500,4,4,1.000,0,2,2,3,0,0,1,1,9,7.6,Genesis Bryant,https://www.sports-reference.com/cbb/players/genesis-bryant-1.html,north-carolina-state,2020-21
13,13,24,2021-03-23,NC State,N,South Florida,ROUND-32,W 79-67,,11,0,2,.000,0,1,.000,0,1,.000,.000,0,0,,0,2,2,0,0,0,1,1,0,-2.2,Genesis Bryant,https://www.sports-reference.com/cbb/players/genesis-bryant-1.html,north-carolina-state,2020-21
14,14,25,2021-03-27,NC State,N,Indiana,ROUND-16,L 70-73,,10,1,2,.500,0,1,.000,1,1,1.000,.500,0,0,,0,1,1,1,0,0,0,0,2,2.0,Genesis Bryant,https://www.sports-reference.com/cbb/players/genesis-bryant-1.html,north-carolina-state,2020-21
