ranker,player_game_num_career,team_game_num_season,date,team_name_abbr,game_location,opp_name_abbr,game_type,game_result,is_starter,mp,fg,fga,fg_pct,fg3,fg3a,fg2,fg2a,fg2_pct,efg_pct,ft,fta,ft_pct,orb,drb,trb,ast,stl,blk,tov,pf,pts,game_score,player_name,player_sr_link,school,season
1,23,1,2020-11-25,NC State,,North Florida,REG (Non-Conf),W 93-65,,10,2,3,.667,0,0,2,3,.667,.667,0,2,.000,0,3,3,0,0,0,1,0,4,1.8,Jada Rice,https://www.sports-reference.com/cbb/players/jada-rice-1.html,north-carolina-state,2020-21
2,24,2,2020-11-29,NC State,,North Carolina Central,REG (Non-Conf),W 108-70,,8,2,2,1.000,0,0,2,2,1.000,1.000,0,0,,0,3,3,0,1,1,1,1,4,4.6,Jada Rice,https://www.sports-reference.com/cbb/players/jada-rice-1.html,north-carolina-state,2020-21
3,25,4,2020-12-06,NC State,,Coastal Carolina,REG (Non-Conf),W 98-46,,11,1,3,.333,0,0,1,3,.333,.333,0,2,.000,4,2,6,0,0,3,1,0,2,4.0,Jada Rice,https://www.sports-reference.com/cbb/players/jada-rice-1.html,north-carolina-state,2020-21
4,26,5,2020-12-09,NC State,,Elon,REG (Non-Conf),W 76-47,,8,1,2,.500,0,0,1,2,.500,.500,0,0,,2,2,4,1,0,0,2,2,2,0.9,Jada Rice,https://www.sports-reference.com/cbb/players/jada-rice-1.html,north-carolina-state,2020-21
5,27,7,2020-12-17,NC State,,Wake Forest,REG (Conf),W 79-65,,5,0,1,.000,0,0,0,1,.000,.000,0,2,.000,0,1,1,0,0,0,0,0,0,-1.2,Jada Rice,https://www.sports-reference.com/cbb/players/jada-rice-1.html,north-carolina-state,2020-21
6,28,8,2020-12-20,NC State,,Miami (FL),REG (Conf),W 78-47,,7,2,2,1.000,0,0,2,2,1.000,1.000,0,0,,0,0,0,0,0,0,2,3,4,0.2,Jada Rice,https://www.sports-reference.com/cbb/players/jada-rice-1.html,north-carolina-state,2020-21
7,29,9,2020-12-31,NC State,@,Georgia Tech,REG (Conf),W 84-75,,3,1,1,1.000,0,0,1,1,1.000,1.000,0,2,.000,0,1,1,0,0,0,0,1,2,0.8,Jada Rice,https://www.sports-reference.com/cbb/players/jada-rice-1.html,north-carolina-state,2020-21
8,30,10,2021-01-03,NC State,,Boston College,REG (Conf),W 76-57,,2,0,1,.000,0,0,0,1,.000,.000,0,0,,0,1,1,0,0,0,0,1,0,-0.8,Jada Rice,https://www.sports-reference.com/cbb/players/jada-rice-1.html,north-carolina-state,2020-21
9,31,11,2021-01-24,NC State,,Virginia Tech,REG (Conf),W 89-87,*,10,1,2,.500,0,0,1,2,.500,.500,0,0,,0,2,2,0,0,0,0,1,2,1.2,Jada Rice,https://www.sports-reference.com/cbb/players/jada-rice-1.html,north-carolina-state,2020-21
10,32,12,2021-01-28,NC State,@,Virginia Tech,REG (Conf),L 71-83 (OT),,5,1,2,.500,0,0,1,2,.500,.500,0,2,.000,1,0,1,0,0,0,0,0,2,0.9,Jada Rice,https://www.sports-reference.com/cbb/players/jada-rice-1.html,north-carolina-state,2020-21
11,33,15,2021-02-11,NC State,,Clemson,REG (Conf),W 86-65,,3,0,0,,0,0,0,0,,,0,0,,1,0,1,0,0,0,1,0,0,-0.3,Jada Rice,https://www.sports-reference.com/cbb/players/jada-rice-1.html,north-carolina-state,2020-21
12,34,18,2021-02-25,NC State,,Pittsburgh,REG (Conf),W 83-53,,6,0,2,.000,0,0,0,2,.000,.000,0,0,,0,1,1,1,0,0,0,0,0,-0.4,Jada Rice,https://www.sports-reference.com/cbb/players/jada-rice-1.html,north-carolina-state,2020-21
13,35,23,2021-03-21,NC State,N,North Carolina A&T,ROUND-64,W 79-58,,3,0,0,,0,0,0,0,,,0,0,,0,0,0,0,0,0,1,0,0,-1.0,Jada Rice,https://www.sports-reference.com/cbb/players/jada-rice-1.html,north-carolina-state,2020-21
