ranker,player_game_num_career,team_game_num_season,date,team_name_abbr,game_location,opp_name_abbr,game_type,game_result,is_starter,mp,fg,fga,fg_pct,fg3,fg3a,fg3_pct,fg2,fg2a,fg2_pct,efg_pct,ft,fta,ft_pct,orb,drb,trb,ast,stl,blk,tov,pf,pts,game_score,player_name,player_sr_link,school,season
1,32,1,2020-11-25,NC State,,North Florida,REG (Non-Conf),W 93-65,*,25,6,10,.600,2,3,.667,4,7,.571,.700,1,2,.500,3,7,10,1,1,1,2,0,15,14.6,Jada Boyd,https://www.sports-reference.com/cbb/players/jada-boyd-1.html,north-carolina-state,2020-21
2,33,2,2020-11-29,NC State,,North Carolina Central,REG (Non-Conf),W 108-70,*,14,6,8,.750,0,1,.000,6,7,.857,.750,1,3,.333,1,1,2,1,2,0,1,2,13,10.9,Jada Boyd,https://www.sports-reference.com/cbb/players/jada-boyd-1.html,north-carolina-state,2020-21
3,34,7,2020-12-17,NC State,,Wake Forest,REG (Conf),W 79-65,,8,0,1,.000,0,0,,0,1,.000,.000,0,0,,0,1,1,0,0,0,3,3,0,-4.6,Jada Boyd,https://www.sports-reference.com/cbb/players/jada-boyd-1.html,north-carolina-state,2020-21
4,35,8,2020-12-20,NC State,,Miami (FL),REG (Conf),W 78-47,,12,1,3,.333,0,1,.000,1,2,.500,.333,4,4,1.000,0,9,9,0,0,0,4,1,6,2.6,Jada Boyd,https://www.sports-reference.com/cbb/players/jada-boyd-1.html,north-carolina-state,2020-21
5,36,9,2020-12-31,NC State,@,Georgia Tech,REG (Conf),W 84-75,,23,9,12,.750,0,1,.000,9,11,.818,.750,8,9,.889,2,8,10,2,0,0,0,3,26,24.8,Jada Boyd,https://www.sports-reference.com/cbb/players/jada-boyd-1.html,north-carolina-state,2020-21
6,37,10,2021-01-03,NC State,,Boston College,REG (Conf),W 76-57,,19,3,7,.429,0,0,,3,7,.429,.429,4,5,.800,2,6,8,0,0,0,2,1,10,6.7,Jada Boyd,https://www.sports-reference.com/cbb/players/jada-boyd-1.html,north-carolina-state,2020-21
7,38,11,2021-01-24,NC State,,Virginia Tech,REG (Conf),W 89-87,*,26,3,7,.429,0,1,.000,3,6,.500,.429,4,5,.800,0,4,4,0,0,0,0,4,10,5.5,Jada Boyd,https://www.sports-reference.com/cbb/players/jada-boyd-1.html,north-carolina-state,2020-21
8,39,12,2021-01-28,NC State,@,Virginia Tech,REG (Conf),L 71-83 (OT),,21,1,5,.200,0,2,.000,1,3,.333,.200,4,4,1.000,0,5,5,0,0,0,2,2,6,1.6,Jada Boyd,https://www.sports-reference.com/cbb/players/jada-boyd-1.html,north-carolina-state,2020-21
9,40,13,2021-02-01,NC State,@,Louisville,REG (Conf),W 74-60,,24,4,9,.444,0,0,,4,9,.444,.444,8,8,1.000,1,8,9,0,2,0,4,3,16,11.2,Jada Boyd,https://www.sports-reference.com/cbb/players/jada-boyd-1.html,north-carolina-state,2020-21
10,41,14,2021-02-07,NC State,@,North Carolina,REG (Conf),L 69-76,,21,6,14,.429,0,1,.000,6,13,.462,.429,0,0,,2,5,7,1,1,1,0,2,12,9.1,Jada Boyd,https://www.sports-reference.com/cbb/players/jada-boyd-1.html,north-carolina-state,2020-21
11,42,15,2021-02-11,NC State,,Clemson,REG (Conf),W 86-65,,20,4,8,.500,1,2,.500,3,6,.500,.563,0,0,,1,2,3,1,1,1,4,2,9,3.9,Jada Boyd,https://www.sports-reference.com/cbb/players/jada-boyd-1.html,north-carolina-state,2020-21
12,43,16,2021-02-18,NC State,@,Wake Forest,REG (Conf),W 66-47,,27,4,8,.500,1,3,.333,3,5,.600,.563,0,2,.000,0,5,5,0,0,1,1,1,9,5.0,Jada Boyd,https://www.sports-reference.com/cbb/players/jada-boyd-1.html,north-carolina-state,2020-21
13,44,17,2021-02-21,NC State,,North Carolina,REG (Conf),W 82-63,,16,2,8,.250,1,2,.500,1,6,.167,.313,1,2,.500,0,4,4,1,2,0,2,3,6,1.5,Jada Boyd,https://www.sports-reference.com/cbb/players/jada-boyd-1.html,north-carolina-state,2020-21
14,45,18,2021-02-25,NC State,,Pittsburgh,REG (Conf),W 83-53,,20,2,8,.250,1,2,.500,1,6,.167,.313,2,2,1.000,2,2,4,1,2,0,0,0,7,6.9,Jada Boyd,https://www.sports-reference.com/cbb/players/jada-boyd-1.html,north-carolina-state,2020-21
15,46,19,2021-02-28,NC State,@,Syracuse,REG (Conf),W 68-61,,24,8,13,.615,0,1,.000,8,12,.667,.615,0,1,.000,3,7,10,1,3,0,2,1,16,15.2,Jada Boyd,https://www.sports-reference.com/cbb/players/jada-boyd-1.html,north-carolina-state,2020-21
16,47,20,2021-03-05,NC State,,Virginia Tech,CTOURN,W 68-55,,28,5,12,.417,0,3,.000,5,9,.556,.417,3,6,.500,1,9,10,1,1,3,2,1,13,10.2,Jada Boyd,https://www.sports-reference.com/cbb/players/jada-boyd-1.html,north-carolina-state,2020-21
17,48,21,2021-03-06,NC State,,Georgia Tech,CTOURN,W 66-61,,13,2,9,.222,0,1,.000,2,8,.250,.222,2,2,1.000,2,0,2,0,0,1,0,1,6,2.2,Jada Boyd,https://www.sports-reference.com/cbb/players/jada-boyd-1.html,north-carolina-state,2020-21
18,49,22,2021-03-07,NC State,@,Louisville,CTOURN,W 58-56,,24,4,6,.667,0,0,,4,6,.667,.667,0,0,,1,2,3,2,1,2,4,0,8,6.5,Jada Boyd,https://www.sports-reference.com/cbb/players/jada-boyd-1.html,north-carolina-state,2020-21
19,50,23,2021-03-21,NC State,N,North Carolina A&T,ROUND-64,W 79-58,,27,8,11,.727,1,2,.500,7,9,.778,.773,1,2,.500,0,5,5,1,2,1,1,1,18,16.6,Jada Boyd,https://www.sports-reference.com/cbb/players/jada-boyd-1.html,north-carolina-state,2020-21
20,51,24,2021-03-23,NC State,N,South Florida,ROUND-32,W 79-67,*,33,6,11,.545,0,1,.000,6,10,.600,.545,6,9,.667,3,7,10,0,0,0,2,2,18,12.9,Jada Boyd,https://www.sports-reference.com/cbb/players/jada-boyd-1.html,north-carolina-state,2020-21
21,52,25,2021-03-27,NC State,N,Indiana,ROUND-16,L 70-73,*,29,8,12,.667,2,2,1.000,6,10,.600,.750,0,0,,0,2,2,2,0,0,2,5,18,10.8,Jada Boyd,https://www.sports-reference.com/cbb/players/jada-boyd-1.html,north-carolina-state,2020-21
