ranker,player_game_num_career,team_game_num_season,date,team_name_abbr,game_location,opp_name_abbr,game_type,game_result,is_starter,mp,fg,fga,fg_pct,fg3,fg3a,fg3_pct,fg2,fg2a,fg2_pct,efg_pct,ft,fta,ft_pct,orb,drb,trb,ast,stl,blk,tov,pf,pts,game_score,player_name,player_sr_link,school,season
1,33,1,2020-11-25,NC State,,North Florida,REG (Non-Conf),W 93-65,*,29,6,12,.500,1,3,.333,5,9,.556,.542,0,0,,4,3,7,6,2,0,1,1,13,15.5,Jakia Brown-Turner,https://www.sports-reference.com/cbb/players/jakia-brown-turner-1.html,north-carolina-state,2020-21
2,34,2,2020-11-29,NC State,,North Carolina Central,REG (Non-Conf),W 108-70,*,21,4,9,.444,1,4,.250,3,5,.600,.500,4,5,.800,1,3,4,2,1,0,1,3,13,9.7,Jakia Brown-Turner,https://www.sports-reference.com/cbb/players/jakia-brown-turner-1.html,north-carolina-state,2020-21
3,35,3,2020-12-03,NC State,@,South Carolina,REG (Non-Conf),W 54-46,*,37,5,19,.263,1,3,.333,4,16,.250,.289,0,0,,4,8,12,2,1,0,2,2,11,4.5,Jakia Brown-Turner,https://www.sports-reference.com/cbb/players/jakia-brown-turner-1.html,north-carolina-state,2020-21
4,36,4,2020-12-06,NC State,,Coastal Carolina,REG (Non-Conf),W 98-46,*,23,4,8,.500,1,3,.333,3,5,.600,.563,2,4,.500,0,5,5,8,1,1,0,1,11,14.6,Jakia Brown-Turner,https://www.sports-reference.com/cbb/players/jakia-brown-turner-1.html,north-carolina-state,2020-21
5,37,5,2020-12-09,NC State,,Elon,REG (Non-Conf),W 76-47,*,24,4,7,.571,2,4,.500,2,3,.667,.714,2,2,1.000,1,4,5,3,1,1,2,2,12,11.6,Jakia Brown-Turner,https://www.sports-reference.com/cbb/players/jakia-brown-turner-1.html,north-carolina-state,2020-21
6,38,6,2020-12-13,NC State,@,Boston College,REG (Conf),W 75-69,*,35,4,14,.286,0,5,.000,4,9,.444,.286,4,5,.800,2,5,7,1,1,1,3,5,12,3.7,Jakia Brown-Turner,https://www.sports-reference.com/cbb/players/jakia-brown-turner-1.html,north-carolina-state,2020-21
7,39,7,2020-12-17,NC State,,Wake Forest,REG (Conf),W 79-65,*,26,9,14,.643,4,5,.800,5,9,.556,.786,1,2,.500,3,2,5,4,2,1,0,1,23,24.2,Jakia Brown-Turner,https://www.sports-reference.com/cbb/players/jakia-brown-turner-1.html,north-carolina-state,2020-21
8,40,8,2020-12-20,NC State,,Miami (FL),REG (Conf),W 78-47,*,28,4,9,.444,2,5,.400,2,4,.500,.556,0,0,,1,3,4,2,1,0,1,2,10,7.5,Jakia Brown-Turner,https://www.sports-reference.com/cbb/players/jakia-brown-turner-1.html,north-carolina-state,2020-21
9,41,9,2020-12-31,NC State,@,Georgia Tech,REG (Conf),W 84-75,*,35,7,13,.538,3,4,.750,4,9,.444,.654,2,3,.667,0,3,3,2,1,0,0,2,19,14.8,Jakia Brown-Turner,https://www.sports-reference.com/cbb/players/jakia-brown-turner-1.html,north-carolina-state,2020-21
10,42,10,2021-01-03,NC State,,Boston College,REG (Conf),W 76-57,*,32,5,12,.417,2,6,.333,3,6,.500,.500,1,2,.500,2,3,5,2,1,0,0,4,13,9.3,Jakia Brown-Turner,https://www.sports-reference.com/cbb/players/jakia-brown-turner-1.html,north-carolina-state,2020-21
11,43,11,2021-01-24,NC State,,Virginia Tech,REG (Conf),W 89-87,*,36,8,13,.615,4,8,.500,4,5,.800,.769,3,4,.750,1,3,4,2,0,1,4,3,23,15.2,Jakia Brown-Turner,https://www.sports-reference.com/cbb/players/jakia-brown-turner-1.html,north-carolina-state,2020-21
12,44,12,2021-01-28,NC State,@,Virginia Tech,REG (Conf),L 71-83 (OT),*,41,5,10,.500,1,3,.333,4,7,.571,.550,4,7,.571,0,3,3,3,0,0,2,5,15,7.8,Jakia Brown-Turner,https://www.sports-reference.com/cbb/players/jakia-brown-turner-1.html,north-carolina-state,2020-21
13,45,13,2021-02-01,NC State,@,Louisville,REG (Conf),W 74-60,*,37,7,17,.412,2,7,.286,5,10,.500,.471,0,0,,0,1,1,3,0,0,2,3,16,6.1,Jakia Brown-Turner,https://www.sports-reference.com/cbb/players/jakia-brown-turner-1.html,north-carolina-state,2020-21
14,46,14,2021-02-07,NC State,@,North Carolina,REG (Conf),L 69-76,*,28,4,16,.250,1,6,.167,3,10,.300,.281,0,0,,1,6,7,1,0,0,3,0,9,-0.4,Jakia Brown-Turner,https://www.sports-reference.com/cbb/players/jakia-brown-turner-1.html,north-carolina-state,2020-21
15,47,15,2021-02-11,NC State,,Clemson,REG (Conf),W 86-65,*,27,5,13,.385,1,4,.250,4,9,.444,.423,2,2,1.000,1,4,5,0,1,0,2,1,13,6.4,Jakia Brown-Turner,https://www.sports-reference.com/cbb/players/jakia-brown-turner-1.html,north-carolina-state,2020-21
16,48,16,2021-02-18,NC State,@,Wake Forest,REG (Conf),W 66-47,*,29,9,14,.643,2,3,.667,7,11,.636,.714,1,1,1.000,2,3,5,1,0,0,1,1,21,16.4,Jakia Brown-Turner,https://www.sports-reference.com/cbb/players/jakia-brown-turner-1.html,north-carolina-state,2020-21
17,49,17,2021-02-21,NC State,,North Carolina,REG (Conf),W 82-63,*,35,10,16,.625,4,5,.800,6,11,.545,.750,1,2,.500,2,4,6,0,0,0,1,3,25,17.8,Jakia Brown-Turner,https://www.sports-reference.com/cbb/players/jakia-brown-turner-1.html,north-carolina-state,2020-21
18,50,18,2021-02-25,NC State,,Pittsburgh,REG (Conf),W 83-53,*,24,5,9,.556,2,4,.500,3,5,.600,.667,2,2,1.000,1,4,5,3,1,0,2,0,14,12.7,Jakia Brown-Turner,https://www.sports-reference.com/cbb/players/jakia-brown-turner-1.html,north-carolina-state,2020-21
19,51,19,2021-02-28,NC State,@,Syracuse,REG (Conf),W 68-61,*,33,3,10,.300,0,3,.000,3,7,.429,.300,2,2,1.000,1,4,5,5,1,0,2,3,8,5.4,Jakia Brown-Turner,https://www.sports-reference.com/cbb/players/jakia-brown-turner-1.html,north-carolina-state,2020-21
20,52,20,2021-03-05,NC State,,Virginia Tech,CTOURN,W 68-55,*,19,1,7,.143,0,3,.000,1,4,.250,.143,0,2,.000,1,0,1,1,1,0,1,3,2,-3.1,Jakia Brown-Turner,https://www.sports-reference.com/cbb/players/jakia-brown-turner-1.html,north-carolina-state,2020-21
21,53,21,2021-03-06,NC State,,Georgia Tech,CTOURN,W 66-61,*,35,4,11,.364,2,5,.400,2,6,.333,.455,0,0,,3,3,6,2,0,0,3,1,10,4.9,Jakia Brown-Turner,https://www.sports-reference.com/cbb/players/jakia-brown-turner-1.html,north-carolina-state,2020-21
22,54,22,2021-03-07,NC State,@,Louisville,CTOURN,W 58-56,*,27,3,8,.375,1,5,.200,2,3,.667,.438,0,0,,0,2,2,3,0,0,1,0,7,4.3,Jakia Brown-Turner,https://www.sports-reference.com/cbb/players/jakia-brown-turner-1.html,north-carolina-state,2020-21
23,55,23,2021-03-21,NC State,N,North Carolina A&T,ROUND-64,W 79-58,*,24,4,8,.500,0,1,.000,4,7,.571,.500,2,2,1.000,4,6,10,2,0,0,0,2,10,11.2,Jakia Brown-Turner,https://www.sports-reference.com/cbb/players/jakia-brown-turner-1.html,north-carolina-state,2020-21
24,56,24,2021-03-23,NC State,N,South Florida,ROUND-32,W 79-67,*,38,7,12,.583,2,4,.500,5,8,.625,.667,3,3,1.000,0,4,4,2,0,0,4,4,19,10.4,Jakia Brown-Turner,https://www.sports-reference.com/cbb/players/jakia-brown-turner-1.html,north-carolina-state,2020-21
25,57,25,2021-03-27,NC State,N,Indiana,ROUND-16,L 70-73,*,35,3,13,.231,1,5,.200,2,8,.250,.269,2,2,1.000,0,4,4,1,0,0,2,3,9,-0.2,Jakia Brown-Turner,https://www.sports-reference.com/cbb/players/jakia-brown-turner-1.html,north-carolina-state,2020-21
