ranker,player_game_num_career,team_game_num_season,date,team_name_abbr,game_location,opp_name_abbr,game_type,game_result,is_starter,mp,fg,fga,fg_pct,fg3,fg3a,fg3_pct,fg2,fg2a,fg2_pct,efg_pct,ft,fta,ft_pct,orb,drb,trb,ast,stl,blk,tov,pf,pts,game_score,player_name,player_sr_link,school,season
1,94,1,2020-11-25,NC State,,North Florida,REG (Non-Conf),W 93-65,*,26,8,10,.800,4,5,.800,4,5,.800,1.000,1,1,1.000,1,1,2,1,3,0,1,0,21,20.9,Kai Crutchfield,https://www.sports-reference.com/cbb/players/kai-crutchfield-1.html,north-carolina-state,2020-21
2,95,2,2020-11-29,NC State,,North Carolina Central,REG (Non-Conf),W 108-70,*,25,3,6,.500,2,4,.500,1,2,.500,.667,2,2,1.000,0,0,0,6,2,0,2,0,10,11.2,Kai Crutchfield,https://www.sports-reference.com/cbb/players/kai-crutchfield-1.html,north-carolina-state,2020-21
3,96,3,2020-12-03,NC State,@,South Carolina,REG (Non-Conf),W 54-46,*,38,1,7,.143,0,2,.000,1,5,.200,.143,0,0,,1,2,3,2,0,0,4,3,2,-5.0,Kai Crutchfield,https://www.sports-reference.com/cbb/players/kai-crutchfield-1.html,north-carolina-state,2020-21
4,97,6,2020-12-13,NC State,@,Boston College,REG (Conf),W 75-69,*,34,0,7,.000,0,4,.000,0,3,.000,.000,2,2,1.000,1,6,7,3,1,0,2,1,2,0.3,Kai Crutchfield,https://www.sports-reference.com/cbb/players/kai-crutchfield-1.html,north-carolina-state,2020-21
5,98,7,2020-12-17,NC State,,Wake Forest,REG (Conf),W 79-65,*,29,2,4,.500,1,2,.500,1,2,.500,.625,3,4,.750,0,1,1,2,1,0,2,1,8,5.9,Kai Crutchfield,https://www.sports-reference.com/cbb/players/kai-crutchfield-1.html,north-carolina-state,2020-21
6,99,8,2020-12-20,NC State,,Miami (FL),REG (Conf),W 78-47,*,28,5,8,.625,3,4,.750,2,4,.500,.813,1,1,1.000,2,3,5,3,2,0,0,0,14,16.8,Kai Crutchfield,https://www.sports-reference.com/cbb/players/kai-crutchfield-1.html,north-carolina-state,2020-21
7,100,9,2020-12-31,NC State,@,Georgia Tech,REG (Conf),W 84-75,*,26,0,3,.000,0,1,.000,0,2,.000,.000,0,0,,1,2,3,0,0,0,1,5,0,-3.8,Kai Crutchfield,https://www.sports-reference.com/cbb/players/kai-crutchfield-1.html,north-carolina-state,2020-21
8,101,10,2021-01-03,NC State,,Boston College,REG (Conf),W 76-57,*,33,2,5,.400,0,2,.000,2,3,.667,.400,0,0,,1,3,4,2,1,0,4,2,4,0.5,Kai Crutchfield,https://www.sports-reference.com/cbb/players/kai-crutchfield-1.html,north-carolina-state,2020-21
9,102,11,2021-01-24,NC State,,Virginia Tech,REG (Conf),W 89-87,*,38,7,10,.700,4,7,.571,3,3,1.000,.900,2,2,1.000,0,2,2,3,2,0,1,2,20,18.7,Kai Crutchfield,https://www.sports-reference.com/cbb/players/kai-crutchfield-1.html,north-carolina-state,2020-21
10,103,12,2021-01-28,NC State,@,Virginia Tech,REG (Conf),L 71-83 (OT),*,44,2,8,.250,1,3,.333,1,5,.200,.313,1,1,1.000,1,1,2,1,0,3,1,5,6,2.0,Kai Crutchfield,https://www.sports-reference.com/cbb/players/kai-crutchfield-1.html,north-carolina-state,2020-21
11,104,13,2021-02-01,NC State,@,Louisville,REG (Conf),W 74-60,*,28,1,4,.250,0,2,.000,1,2,.500,.250,2,2,1.000,0,3,3,1,0,0,0,2,4,2.4,Kai Crutchfield,https://www.sports-reference.com/cbb/players/kai-crutchfield-1.html,north-carolina-state,2020-21
12,105,14,2021-02-07,NC State,@,North Carolina,REG (Conf),L 69-76,*,37,4,10,.400,0,3,.000,4,7,.571,.400,1,1,1.000,1,5,6,1,2,0,2,3,9,5.3,Kai Crutchfield,https://www.sports-reference.com/cbb/players/kai-crutchfield-1.html,north-carolina-state,2020-21
13,106,15,2021-02-11,NC State,,Clemson,REG (Conf),W 86-65,*,30,2,5,.400,2,4,.500,0,1,.000,.600,0,0,,0,2,2,4,0,0,1,2,6,4.9,Kai Crutchfield,https://www.sports-reference.com/cbb/players/kai-crutchfield-1.html,north-carolina-state,2020-21
14,107,16,2021-02-18,NC State,@,Wake Forest,REG (Conf),W 66-47,*,35,0,5,.000,0,2,.000,0,3,.000,.000,0,0,,1,1,2,2,1,0,0,2,0,-0.9,Kai Crutchfield,https://www.sports-reference.com/cbb/players/kai-crutchfield-1.html,north-carolina-state,2020-21
15,108,17,2021-02-21,NC State,,North Carolina,REG (Conf),W 82-63,*,36,2,6,.333,1,3,.333,1,3,.333,.417,0,0,,0,5,5,4,1,0,0,1,5,6.5,Kai Crutchfield,https://www.sports-reference.com/cbb/players/kai-crutchfield-1.html,north-carolina-state,2020-21
16,109,18,2021-02-25,NC State,,Pittsburgh,REG (Conf),W 83-53,*,29,4,6,.667,3,4,.750,1,2,.500,.917,0,0,,0,2,2,1,4,0,2,2,11,10.9,Kai Crutchfield,https://www.sports-reference.com/cbb/players/kai-crutchfield-1.html,north-carolina-state,2020-21
17,110,19,2021-02-28,NC State,@,Syracuse,REG (Conf),W 68-61,*,37,2,6,.333,0,0,,2,6,.333,.333,0,0,,1,3,4,0,2,1,1,0,4,3.9,Kai Crutchfield,https://www.sports-reference.com/cbb/players/kai-crutchfield-1.html,north-carolina-state,2020-21
18,111,20,2021-03-05,NC State,,Virginia Tech,CTOURN,W 68-55,*,39,2,7,.286,1,4,.250,1,3,.333,.357,2,2,1.000,0,5,5,2,2,1,0,0,7,8.5,Kai Crutchfield,https://www.sports-reference.com/cbb/players/kai-crutchfield-1.html,north-carolina-state,2020-21
19,112,21,2021-03-06,NC State,,Georgia Tech,CTOURN,W 66-61,*,38,4,7,.571,1,3,.333,3,4,.750,.643,1,1,1.000,2,3,5,1,0,0,1,2,10,7.9,Kai Crutchfield,https://www.sports-reference.com/cbb/players/kai-crutchfield-1.html,north-carolina-state,2020-21
20,113,22,2021-03-07,NC State,@,Louisville,CTOURN,W 58-56,*,39,2,7,.286,2,4,.500,0,3,.000,.429,0,0,,1,2,3,1,1,0,1,0,6,3.9,Kai Crutchfield,https://www.sports-reference.com/cbb/players/kai-crutchfield-1.html,north-carolina-state,2020-21
21,114,23,2021-03-21,NC State,N,North Carolina A&T,ROUND-64,W 79-58,*,34,5,6,.833,4,5,.800,1,1,1.000,1.167,0,0,,0,0,0,2,1,1,1,0,14,13.9,Kai Crutchfield,https://www.sports-reference.com/cbb/players/kai-crutchfield-1.html,north-carolina-state,2020-21
22,115,24,2021-03-23,NC State,N,South Florida,ROUND-32,W 79-67,*,33,4,5,.800,3,3,1.000,1,2,.500,1.100,0,0,,0,1,1,6,0,0,1,4,11,11.0,Kai Crutchfield,https://www.sports-reference.com/cbb/players/kai-crutchfield-1.html,north-carolina-state,2020-21
23,116,25,2021-03-27,NC State,N,Indiana,ROUND-16,L 70-73,*,40,3,4,.750,3,3,1.000,0,1,.000,1.125,0,0,,0,7,7,3,1,0,2,2,9,9.8,Kai Crutchfield,https://www.sports-reference.com/cbb/players/kai-crutchfield-1.html,north-carolina-state,2020-21
