ranker,player_game_num_career,team_game_num_season,date,team_name_abbr,game_location,opp_name_abbr,game_type,game_result,is_starter,mp,fg,fga,fg_pct,fg3,fg3a,fg3_pct,fg2,fg2a,fg2_pct,efg_pct,ft,fta,ft_pct,orb,drb,trb,ast,stl,blk,tov,pf,pts,game_score,player_name,player_sr_link,school,season
1,82,1,2020-11-25,NC State,,North Florida,REG (Non-Conf),W 93-65,*,25,2,4,.500,0,0,,2,4,.500,.500,1,1,1.000,1,6,7,3,0,0,0,1,5,7.2,Kayla Jones,https://www.sports-reference.com/cbb/players/kayla-jones-1.html,north-carolina-state,2020-21
2,83,2,2020-11-29,NC State,,North Carolina Central,REG (Non-Conf),W 108-70,*,19,5,6,.833,2,3,.667,3,3,1.000,1.000,3,3,1.000,0,6,6,3,3,1,2,0,15,18.4,Kayla Jones,https://www.sports-reference.com/cbb/players/kayla-jones-1.html,north-carolina-state,2020-21
3,84,3,2020-12-03,NC State,@,South Carolina,REG (Non-Conf),W 54-46,*,35,6,13,.462,2,2,1.000,4,11,.364,.538,2,3,.667,3,9,12,2,0,1,1,3,16,13.6,Kayla Jones,https://www.sports-reference.com/cbb/players/kayla-jones-1.html,north-carolina-state,2020-21
4,85,4,2020-12-06,NC State,,Coastal Carolina,REG (Non-Conf),W 98-46,*,17,5,9,.556,1,3,.333,4,6,.667,.611,1,1,1.000,2,6,8,3,0,0,0,1,12,12.6,Kayla Jones,https://www.sports-reference.com/cbb/players/kayla-jones-1.html,north-carolina-state,2020-21
5,86,5,2020-12-09,NC State,,Elon,REG (Non-Conf),W 76-47,*,22,5,8,.625,1,2,.500,4,6,.667,.688,1,1,1.000,1,4,5,3,2,2,3,2,12,12.0,Kayla Jones,https://www.sports-reference.com/cbb/players/kayla-jones-1.html,north-carolina-state,2020-21
6,87,6,2020-12-13,NC State,@,Boston College,REG (Conf),W 75-69,*,38,9,16,.563,3,6,.500,6,10,.600,.656,4,5,.800,3,1,4,1,3,1,4,1,25,19.4,Kayla Jones,https://www.sports-reference.com/cbb/players/kayla-jones-1.html,north-carolina-state,2020-21
7,88,7,2020-12-17,NC State,,Wake Forest,REG (Conf),W 79-65,*,25,5,9,.556,1,1,1.000,4,8,.500,.611,1,2,.500,3,8,11,7,1,0,1,0,12,16.7,Kayla Jones,https://www.sports-reference.com/cbb/players/kayla-jones-1.html,north-carolina-state,2020-21
8,89,8,2020-12-20,NC State,,Miami (FL),REG (Conf),W 78-47,*,24,4,7,.571,1,2,.500,3,5,.600,.643,1,1,1.000,0,3,3,0,0,0,0,1,10,7.2,Kayla Jones,https://www.sports-reference.com/cbb/players/kayla-jones-1.html,north-carolina-state,2020-21
9,90,9,2020-12-31,NC State,@,Georgia Tech,REG (Conf),W 84-75,*,37,7,9,.778,2,4,.500,5,5,1.000,.889,0,3,.000,1,9,10,2,2,1,1,3,16,16.6,Kayla Jones,https://www.sports-reference.com/cbb/players/kayla-jones-1.html,north-carolina-state,2020-21
10,91,10,2021-01-03,NC State,,Boston College,REG (Conf),W 76-57,*,31,3,8,.375,0,2,.000,3,6,.500,.375,0,0,,1,3,4,3,0,0,4,4,6,-0.3,Kayla Jones,https://www.sports-reference.com/cbb/players/kayla-jones-1.html,north-carolina-state,2020-21
11,92,11,2021-01-24,NC State,,Virginia Tech,REG (Conf),W 89-87,,34,6,12,.500,4,6,.667,2,6,.333,.667,6,8,.750,1,6,7,4,2,1,3,2,22,19.4,Kayla Jones,https://www.sports-reference.com/cbb/players/kayla-jones-1.html,north-carolina-state,2020-21
12,93,12,2021-01-28,NC State,@,Virginia Tech,REG (Conf),L 71-83 (OT),*,37,2,11,.182,1,4,.250,1,7,.143,.227,2,3,.667,2,10,12,1,0,0,2,3,7,1.6,Kayla Jones,https://www.sports-reference.com/cbb/players/kayla-jones-1.html,north-carolina-state,2020-21
13,94,13,2021-02-01,NC State,@,Louisville,REG (Conf),W 74-60,*,34,2,10,.200,0,3,.000,2,7,.286,.200,1,1,1.000,4,9,13,4,3,0,3,2,5,6.3,Kayla Jones,https://www.sports-reference.com/cbb/players/kayla-jones-1.html,north-carolina-state,2020-21
14,95,14,2021-02-07,NC State,@,North Carolina,REG (Conf),L 69-76,*,37,4,11,.364,3,6,.500,1,5,.200,.500,2,2,1.000,3,7,10,1,0,1,1,3,13,10.3,Kayla Jones,https://www.sports-reference.com/cbb/players/kayla-jones-1.html,north-carolina-state,2020-21
15,96,15,2021-02-11,NC State,,Clemson,REG (Conf),W 86-65,*,28,8,10,.800,3,4,.750,5,6,.833,.950,2,5,.400,1,4,5,7,1,1,0,1,21,24.1,Kayla Jones,https://www.sports-reference.com/cbb/players/kayla-jones-1.html,north-carolina-state,2020-21
16,97,16,2021-02-18,NC State,@,Wake Forest,REG (Conf),W 66-47,*,15,7,9,.778,0,1,.000,7,8,.875,.778,2,3,.667,1,3,4,2,0,0,1,2,16,13.3,Kayla Jones,https://www.sports-reference.com/cbb/players/kayla-jones-1.html,north-carolina-state,2020-21
17,98,17,2021-02-21,NC State,,North Carolina,REG (Conf),W 82-63,*,35,9,17,.529,0,3,.000,9,14,.643,.529,2,2,1.000,2,6,8,2,1,1,2,1,20,15.6,Kayla Jones,https://www.sports-reference.com/cbb/players/kayla-jones-1.html,north-carolina-state,2020-21
18,99,18,2021-02-25,NC State,,Pittsburgh,REG (Conf),W 83-53,*,23,3,6,.500,3,3,1.000,0,3,.000,.750,1,2,.500,1,5,6,7,1,0,2,2,10,11.9,Kayla Jones,https://www.sports-reference.com/cbb/players/kayla-jones-1.html,north-carolina-state,2020-21
19,100,19,2021-02-28,NC State,@,Syracuse,REG (Conf),W 68-61,*,28,1,8,.125,0,3,.000,1,5,.200,.125,2,2,1.000,1,2,3,1,1,0,6,0,4,-4.2,Kayla Jones,https://www.sports-reference.com/cbb/players/kayla-jones-1.html,north-carolina-state,2020-21
20,101,20,2021-03-05,NC State,,Virginia Tech,CTOURN,W 68-55,*,33,3,7,.429,1,4,.250,2,3,.667,.500,0,1,.000,2,3,5,1,0,0,3,4,7,1.3,Kayla Jones,https://www.sports-reference.com/cbb/players/kayla-jones-1.html,north-carolina-state,2020-21
21,102,21,2021-03-06,NC State,,Georgia Tech,CTOURN,W 66-61,*,36,4,10,.400,2,5,.400,2,5,.400,.500,2,2,1.000,2,6,8,4,2,0,0,1,12,14.2,Kayla Jones,https://www.sports-reference.com/cbb/players/kayla-jones-1.html,north-carolina-state,2020-21
22,103,22,2021-03-07,NC State,@,Louisville,CTOURN,W 58-56,*,32,2,7,.286,0,2,.000,2,5,.400,.286,0,0,,2,8,10,1,1,0,1,1,4,4.0,Kayla Jones,https://www.sports-reference.com/cbb/players/kayla-jones-1.html,north-carolina-state,2020-21
23,104,23,2021-03-21,NC State,N,North Carolina A&T,ROUND-64,W 79-58,*,12,1,4,.250,0,2,.000,1,2,.500,.250,1,1,1.000,1,1,2,2,1,0,1,0,3,3.0,Kayla Jones,https://www.sports-reference.com/cbb/players/kayla-jones-1.html,north-carolina-state,2020-21
