ranker,player_game_num_career,team_game_num_season,date,team_name_abbr,game_location,opp_name_abbr,game_type,game_result,is_starter,mp,fg,fga,fg_pct,fg3,fg3a,fg3_pct,fg2,fg2a,fg2_pct,efg_pct,ft,fta,ft_pct,orb,drb,trb,ast,stl,blk,tov,pf,pts,game_score,player_name,player_sr_link,school,season
1,16,4,2020-12-06,NC State,,Coastal Carolina,REG (Non-Conf),W 98-46,,9,0,2,.000,0,1,.000,0,1,.000,.000,2,2,1.000,1,1,2,0,0,0,1,2,2,-0.2,Kendal Moore,https://www.sports-reference.com/cbb/players/kendal-moore-1.html,north-carolina-state,2020-21
2,17,5,2020-12-09,NC State,,Elon,REG (Non-Conf),W 76-47,,8,0,1,.000,0,0,,0,1,.000,.000,0,0,,0,1,1,1,1,0,1,0,0,0.3,Kendal Moore,https://www.sports-reference.com/cbb/players/kendal-moore-1.html,north-carolina-state,2020-21
3,18,7,2020-12-17,NC State,,Wake Forest,REG (Conf),W 79-65,,4,0,0,,0,0,,0,0,,,0,0,,0,0,0,0,0,0,0,1,0,-0.4,Kendal Moore,https://www.sports-reference.com/cbb/players/kendal-moore-1.html,north-carolina-state,2020-21
4,19,8,2020-12-20,NC State,,Miami (FL),REG (Conf),W 78-47,,3,1,1,1.000,0,0,,1,1,1.000,1.000,0,0,,0,1,1,0,0,0,0,0,2,2.0,Kendal Moore,https://www.sports-reference.com/cbb/players/kendal-moore-1.html,north-carolina-state,2020-21
5,20,15,2021-02-11,NC State,,Clemson,REG (Conf),W 86-65,,3,1,1,1.000,0,0,,1,1,1.000,1.000,1,1,1.000,0,1,1,0,0,0,0,1,3,2.6,Kendal Moore,https://www.sports-reference.com/cbb/players/kendal-moore-1.html,north-carolina-state,2020-21
6,21,16,2021-02-18,NC State,@,Wake Forest,REG (Conf),W 66-47,,2,0,0,,0,0,,0,0,,,0,0,,0,0,0,0,0,0,0,0,0,0.0,Kendal Moore,https://www.sports-reference.com/cbb/players/kendal-moore-1.html,north-carolina-state,2020-21
7,22,18,2021-02-25,NC State,,Pittsburgh,REG (Conf),W 83-53,,5,0,2,.000,0,2,.000,0,0,,.000,0,0,,0,0,0,0,0,0,0,0,0,-1.4,Kendal Moore,https://www.sports-reference.com/cbb/players/kendal-moore-1.html,north-carolina-state,2020-21
8,23,23,2021-03-21,NC State,N,North Carolina A&T,ROUND-64,W 79-58,,2,0,0,,0,0,,0,0,,,0,0,,0,0,0,0,0,0,1,1,0,-1.4,Kendal Moore,https://www.sports-reference.com/cbb/players/kendal-moore-1.html,north-carolina-state,2020-21
