ranker,player_game_num_career,team_game_num_season,date,team_name_abbr,game_location,opp_name_abbr,game_type,game_result,is_starter,mp,fg,fga,fg_pct,fg3,fg3a,fg3_pct,fg2,fg2a,fg2_pct,efg_pct,ft,fta,ft_pct,orb,drb,trb,ast,stl,blk,tov,pf,pts,game_score,player_name,player_sr_link,school,season
1,91,1,2020-11-25,NC State,,North Florida,REG (Non-Conf),W 93-65,,19,2,6,.333,0,2,.000,2,4,.500,.333,0,0,,0,2,2,4,1,0,0,1,4,4.6,Raina Perez,https://www.sports-reference.com/cbb/players/raina-perez-1.html,north-carolina-state,2020-21
2,92,2,2020-11-29,NC State,,North Carolina Central,REG (Non-Conf),W 108-70,,24,6,7,.857,2,2,1.000,4,5,.800,1.000,1,1,1.000,0,3,3,3,1,0,0,0,15,16.5,Raina Perez,https://www.sports-reference.com/cbb/players/raina-perez-1.html,north-carolina-state,2020-21
3,93,3,2020-12-03,NC State,@,South Carolina,REG (Non-Conf),W 54-46,*,36,5,11,.455,1,4,.250,4,7,.571,.500,0,1,.000,0,4,4,4,1,0,0,0,11,9.9,Raina Perez,https://www.sports-reference.com/cbb/players/raina-perez-1.html,north-carolina-state,2020-21
4,94,4,2020-12-06,NC State,,Coastal Carolina,REG (Non-Conf),W 98-46,*,20,5,8,.625,3,4,.750,2,4,.500,.813,4,4,1.000,3,5,8,6,1,0,1,2,17,20.4,Raina Perez,https://www.sports-reference.com/cbb/players/raina-perez-1.html,north-carolina-state,2020-21
5,95,5,2020-12-09,NC State,,Elon,REG (Non-Conf),W 76-47,*,27,1,4,.250,0,3,.000,1,1,1.000,.250,3,4,.750,0,6,6,7,0,0,2,1,5,6.5,Raina Perez,https://www.sports-reference.com/cbb/players/raina-perez-1.html,north-carolina-state,2020-21
6,96,6,2020-12-13,NC State,@,Boston College,REG (Conf),W 75-69,*,34,2,7,.286,0,1,.000,2,6,.333,.286,6,7,.857,1,5,6,2,1,0,1,2,10,8.3,Raina Perez,https://www.sports-reference.com/cbb/players/raina-perez-1.html,north-carolina-state,2020-21
7,97,7,2020-12-17,NC State,,Wake Forest,REG (Conf),W 79-65,*,25,4,7,.571,2,3,.667,2,4,.500,.714,0,0,,0,3,3,3,2,0,0,0,10,11.7,Raina Perez,https://www.sports-reference.com/cbb/players/raina-perez-1.html,north-carolina-state,2020-21
8,98,8,2020-12-20,NC State,,Miami (FL),REG (Conf),W 78-47,*,22,2,5,.400,0,3,.000,2,2,1.000,.400,0,0,,1,2,3,6,0,0,2,1,4,4.4,Raina Perez,https://www.sports-reference.com/cbb/players/raina-perez-1.html,north-carolina-state,2020-21
9,99,9,2020-12-31,NC State,@,Georgia Tech,REG (Conf),W 84-75,*,29,2,9,.222,0,1,.000,2,8,.250,.222,2,2,1.000,1,1,2,1,0,0,2,2,6,-0.6,Raina Perez,https://www.sports-reference.com/cbb/players/raina-perez-1.html,north-carolina-state,2020-21
10,100,10,2021-01-03,NC State,,Boston College,REG (Conf),W 76-57,*,36,7,11,.636,2,4,.500,5,7,.714,.727,0,0,,0,4,4,9,3,1,6,1,16,15.9,Raina Perez,https://www.sports-reference.com/cbb/players/raina-perez-1.html,north-carolina-state,2020-21
11,101,11,2021-01-24,NC State,,Virginia Tech,REG (Conf),W 89-87,*,36,1,6,.167,0,3,.000,1,3,.333,.167,1,2,.500,1,3,4,5,0,0,1,1,3,2.5,Raina Perez,https://www.sports-reference.com/cbb/players/raina-perez-1.html,north-carolina-state,2020-21
12,102,12,2021-01-28,NC State,@,Virginia Tech,REG (Conf),L 71-83 (OT),*,41,6,11,.545,1,3,.333,5,8,.625,.591,3,5,.600,1,2,3,7,2,0,7,0,16,11.1,Raina Perez,https://www.sports-reference.com/cbb/players/raina-perez-1.html,north-carolina-state,2020-21
13,103,13,2021-02-01,NC State,@,Louisville,REG (Conf),W 74-60,*,36,6,12,.500,3,7,.429,3,5,.600,.625,0,0,,1,2,3,3,1,0,2,0,15,11.4,Raina Perez,https://www.sports-reference.com/cbb/players/raina-perez-1.html,north-carolina-state,2020-21
14,104,14,2021-02-07,NC State,@,North Carolina,REG (Conf),L 69-76,*,38,4,9,.444,0,3,.000,4,6,.667,.444,0,0,,0,1,1,13,0,0,2,0,8,10.7,Raina Perez,https://www.sports-reference.com/cbb/players/raina-perez-1.html,north-carolina-state,2020-21
15,105,15,2021-02-11,NC State,,Clemson,REG (Conf),W 86-65,*,32,3,7,.429,2,4,.500,1,3,.333,.571,0,0,,1,3,4,7,2,0,1,2,8,11.0,Raina Perez,https://www.sports-reference.com/cbb/players/raina-perez-1.html,north-carolina-state,2020-21
16,106,16,2021-02-18,NC State,@,Wake Forest,REG (Conf),W 66-47,*,37,1,6,.167,1,4,.250,0,2,.000,.250,0,0,,1,4,5,5,3,0,4,2,3,2.8,Raina Perez,https://www.sports-reference.com/cbb/players/raina-perez-1.html,north-carolina-state,2020-21
17,107,17,2021-02-21,NC State,,North Carolina,REG (Conf),W 82-63,*,38,2,6,.333,1,4,.250,1,2,.500,.417,0,0,,0,5,5,2,1,0,1,1,5,4.1,Raina Perez,https://www.sports-reference.com/cbb/players/raina-perez-1.html,north-carolina-state,2020-21
18,108,18,2021-02-25,NC State,,Pittsburgh,REG (Conf),W 83-53,*,27,5,7,.714,4,5,.800,1,2,.500,1.000,0,0,,1,2,3,1,0,0,1,0,14,12.1,Raina Perez,https://www.sports-reference.com/cbb/players/raina-perez-1.html,north-carolina-state,2020-21
19,109,19,2021-02-28,NC State,@,Syracuse,REG (Conf),W 68-61,*,38,2,4,.500,0,1,.000,2,3,.667,.500,7,7,1.000,0,3,3,6,1,0,0,2,11,14.3,Raina Perez,https://www.sports-reference.com/cbb/players/raina-perez-1.html,north-carolina-state,2020-21
20,110,20,2021-03-05,NC State,,Virginia Tech,CTOURN,W 68-55,*,40,3,7,.429,2,6,.333,1,1,1.000,.571,0,0,,1,2,3,6,0,0,2,2,8,7.0,Raina Perez,https://www.sports-reference.com/cbb/players/raina-perez-1.html,north-carolina-state,2020-21
21,111,21,2021-03-06,NC State,,Georgia Tech,CTOURN,W 66-61,*,38,1,4,.250,1,2,.500,0,2,.000,.375,0,0,,0,2,2,5,0,0,1,1,3,3.3,Raina Perez,https://www.sports-reference.com/cbb/players/raina-perez-1.html,north-carolina-state,2020-21
22,112,22,2021-03-07,NC State,@,Louisville,CTOURN,W 58-56,*,37,3,9,.333,1,7,.143,2,2,1.000,.389,2,2,1.000,0,2,2,3,0,0,1,2,9,4.8,Raina Perez,https://www.sports-reference.com/cbb/players/raina-perez-1.html,north-carolina-state,2020-21
23,113,23,2021-03-21,NC State,N,North Carolina A&T,ROUND-64,W 79-58,*,29,3,5,.600,1,3,.333,2,2,1.000,.700,0,0,,1,1,2,4,1,0,1,1,7,8.1,Raina Perez,https://www.sports-reference.com/cbb/players/raina-perez-1.html,north-carolina-state,2020-21
24,114,24,2021-03-23,NC State,N,South Florida,ROUND-32,W 79-67,*,38,3,5,.600,1,3,.333,2,2,1.000,.700,5,6,.833,0,2,2,4,2,0,2,1,12,12.3,Raina Perez,https://www.sports-reference.com/cbb/players/raina-perez-1.html,north-carolina-state,2020-21
25,115,25,2021-03-27,NC State,N,Indiana,ROUND-16,L 70-73,*,37,7,9,.778,2,3,.667,5,6,.833,.889,1,2,.500,0,1,1,2,0,0,5,1,17,9.4,Raina Perez,https://www.sports-reference.com/cbb/players/raina-perez-1.html,north-carolina-state,2020-21
