ranker,player_game_num_career,team_game_num_season,date,team_name_abbr,game_location,opp_name_abbr,game_type,game_result,is_starter,mp,fg,fga,fg_pct,fg3,fg3a,fg2,fg2a,fg2_pct,efg_pct,ft,fta,ft_pct,orb,drb,trb,ast,stl,blk,tov,pf,pts,game_score,player_name,player_sr_link,school,season
1,1,1,2020-11-27,Troy,@,Southeastern Louisiana,REG (Non-Conf),W 81-69,,3,0,0,,0,0,0,0,,,0,0,,0,0,0,0,0,0,3,0,0,-3.0,Agustina Talasimov,https://www.sports-reference.com/cbb/players/agustina-talasimov-1.html,troy,2020-21
2,2,2,2020-11-28,Troy,,Alabama A&M,REG (Non-Conf),L 69-80,,1,0,0,,0,0,0,0,,,0,0,,0,1,1,0,0,0,0,0,0,0.3,Agustina Talasimov,https://www.sports-reference.com/cbb/players/agustina-talasimov-1.html,troy,2020-21
3,3,3,2020-12-07,Troy,,LaGrange,REG (Non-Conf),W 131-57,,17,1,4,.250,0,0,1,4,.250,.250,0,0,,0,1,1,2,1,1,1,1,2,1.6,Agustina Talasimov,https://www.sports-reference.com/cbb/players/agustina-talasimov-1.html,troy,2020-21
4,4,4,2020-12-09,Troy,,Chattanooga,REG (Non-Conf),W 95-74,,6,0,0,,0,0,0,0,,,1,2,.500,0,2,2,0,0,0,0,0,1,1.2,Agustina Talasimov,https://www.sports-reference.com/cbb/players/agustina-talasimov-1.html,troy,2020-21
5,5,5,2020-12-14,Troy,@,Mississippi State,REG (Non-Conf),L 76-103,,6,0,1,.000,0,0,0,1,.000,.000,0,0,,1,0,1,1,0,0,1,2,0,-1.1,Agustina Talasimov,https://www.sports-reference.com/cbb/players/agustina-talasimov-1.html,troy,2020-21
6,6,7,2020-12-20,Troy,,UT Southern,REG (Non-Conf),W 90-71,,4,0,1,.000,0,0,0,1,.000,.000,2,2,1.000,0,0,0,0,0,0,0,0,2,1.3,Agustina Talasimov,https://www.sports-reference.com/cbb/players/agustina-talasimov-1.html,troy,2020-21
7,7,12,2021-01-22,Troy,,Coastal Carolina,REG (Conf),W 104-59,,5,0,0,,0,0,0,0,,,0,0,,1,0,1,0,0,0,0,2,0,-0.1,Agustina Talasimov,https://www.sports-reference.com/cbb/players/agustina-talasimov-1.html,troy,2020-21
8,8,13,2021-01-23,Troy,,Coastal Carolina,REG (Conf),W 84-53,,6,0,1,.000,0,0,0,1,.000,.000,0,0,,0,1,1,0,0,0,0,2,0,-1.2,Agustina Talasimov,https://www.sports-reference.com/cbb/players/agustina-talasimov-1.html,troy,2020-21
9,9,18,2021-02-11,Troy,,South Alabama,REG (Conf),W 85-45,,6,0,1,.000,0,0,0,1,.000,.000,0,0,,0,0,0,3,1,0,0,1,0,2.0,Agustina Talasimov,https://www.sports-reference.com/cbb/players/agustina-talasimov-1.html,troy,2020-21
10,10,20,2021-02-16,Troy,@,Georgia State,REG (Conf),W 91-70,,0,0,0,,0,0,0,0,,,0,0,,0,0,0,0,0,0,0,0,0,0.0,Agustina Talasimov,https://www.sports-reference.com/cbb/players/agustina-talasimov-1.html,troy,2020-21
11,11,21,2021-02-19,Troy,,Georgia State,REG (Conf),W 79-60,,3,0,0,,0,0,0,0,,,0,0,,1,0,1,0,0,0,0,0,0,0.7,Agustina Talasimov,https://www.sports-reference.com/cbb/players/agustina-talasimov-1.html,troy,2020-21
12,12,24,2021-02-27,Troy,@,Coastal Carolina,REG (Conf),W 103-89,,1,0,0,,0,0,0,0,,,0,0,,0,0,0,0,0,0,0,0,0,0.0,Agustina Talasimov,https://www.sports-reference.com/cbb/players/agustina-talasimov-1.html,troy,2020-21
