ranker,player_game_num_career,team_game_num_season,date,team_name_abbr,game_location,opp_name_abbr,game_type,game_result,is_starter,mp,fg,fga,fg_pct,fg3,fg3a,fg3_pct,fg2,fg2a,fg2_pct,efg_pct,ft,fta,ft_pct,orb,drb,trb,ast,stl,blk,tov,pf,pts,game_score,player_name,player_sr_link,school,season
1,30,1,2020-11-27,Troy,@,Southeastern Louisiana,REG (Non-Conf),W 81-69,*,31,8,17,.471,0,0,,8,17,.471,.471,3,4,.750,1,11,12,2,2,1,8,4,19,8.4,Alexus Dye,https://www.sports-reference.com/cbb/players/alexus-dye-1.html,troy,2020-21
2,31,2,2020-11-28,Troy,,Alabama A&M,REG (Non-Conf),L 69-80,*,25,7,15,.467,0,0,,7,15,.467,.467,3,4,.750,6,6,12,0,0,0,3,5,17,9.9,Alexus Dye,https://www.sports-reference.com/cbb/players/alexus-dye-1.html,troy,2020-21
3,32,3,2020-12-07,Troy,,LaGrange,REG (Non-Conf),W 131-57,*,19,9,15,.600,0,0,,9,15,.600,.600,2,2,1.000,0,5,5,2,1,0,4,2,20,12.2,Alexus Dye,https://www.sports-reference.com/cbb/players/alexus-dye-1.html,troy,2020-21
4,33,4,2020-12-09,Troy,,Chattanooga,REG (Non-Conf),W 95-74,*,26,9,17,.529,0,0,,9,17,.529,.529,0,2,.000,4,10,14,1,1,0,2,4,18,12.8,Alexus Dye,https://www.sports-reference.com/cbb/players/alexus-dye-1.html,troy,2020-21
5,34,5,2020-12-14,Troy,@,Mississippi State,REG (Non-Conf),L 76-103,*,23,9,16,.563,0,0,,9,16,.563,.563,2,2,1.000,3,8,11,0,1,0,4,0,20,13.9,Alexus Dye,https://www.sports-reference.com/cbb/players/alexus-dye-1.html,troy,2020-21
6,35,6,2020-12-17,Troy,@,Middle Tennessee,REG (Non-Conf),L 76-92,*,29,13,19,.684,0,0,,13,19,.684,.684,4,6,.667,1,9,10,0,1,0,6,3,30,18.3,Alexus Dye,https://www.sports-reference.com/cbb/players/alexus-dye-1.html,troy,2020-21
7,36,7,2020-12-20,Troy,,UT Southern,REG (Non-Conf),W 90-71,*,21,5,8,.625,0,0,,5,8,.625,.625,3,4,.750,0,6,6,1,1,1,1,0,13,12.2,Alexus Dye,https://www.sports-reference.com/cbb/players/alexus-dye-1.html,troy,2020-21
8,37,8,2021-01-01,Troy,,Appalachian State,REG (Conf),L 66-78,*,35,6,17,.353,0,0,,6,17,.353,.353,3,4,.750,2,7,9,1,1,1,2,4,15,7.4,Alexus Dye,https://www.sports-reference.com/cbb/players/alexus-dye-1.html,troy,2020-21
9,38,9,2021-01-02,Troy,,Appalachian State,REG (Conf),W 85-65,*,23,6,13,.462,0,0,,6,13,.462,.462,1,2,.500,3,8,11,1,0,1,5,4,13,5.2,Alexus Dye,https://www.sports-reference.com/cbb/players/alexus-dye-1.html,troy,2020-21
10,39,10,2021-01-15,Troy,,Georgia Southern,REG (Conf),W 87-70,*,18,8,10,.800,0,0,,8,10,.800,.800,1,2,.500,4,8,12,3,0,1,3,2,17,17.0,Alexus Dye,https://www.sports-reference.com/cbb/players/alexus-dye-1.html,troy,2020-21
11,40,11,2021-01-16,Troy,,Georgia Southern,REG (Conf),W 82-69,*,29,8,12,.667,0,0,,8,12,.667,.667,0,0,,3,13,16,2,2,0,2,5,16,16.2,Alexus Dye,https://www.sports-reference.com/cbb/players/alexus-dye-1.html,troy,2020-21
12,41,12,2021-01-22,Troy,,Coastal Carolina,REG (Conf),W 104-59,*,20,7,11,.636,0,0,,7,11,.636,.636,0,0,,3,10,13,0,3,0,1,2,14,15.4,Alexus Dye,https://www.sports-reference.com/cbb/players/alexus-dye-1.html,troy,2020-21
13,42,13,2021-01-23,Troy,,Coastal Carolina,REG (Conf),W 84-53,*,19,6,13,.462,0,0,,6,13,.462,.462,0,0,,9,5,14,1,0,0,1,2,12,12.0,Alexus Dye,https://www.sports-reference.com/cbb/players/alexus-dye-1.html,troy,2020-21
14,43,14,2021-01-29,Troy,@,Appalachian State,REG (Conf),W 80-60,*,21,4,10,.400,0,0,,4,10,.400,.400,2,2,1.000,2,9,11,0,0,0,4,3,10,3.5,Alexus Dye,https://www.sports-reference.com/cbb/players/alexus-dye-1.html,troy,2020-21
15,44,15,2021-01-30,Troy,@,Appalachian State,REG (Conf),W 74-52,*,31,6,15,.400,0,0,,6,15,.400,.400,2,2,1.000,3,17,20,0,2,1,1,3,14,13.6,Alexus Dye,https://www.sports-reference.com/cbb/players/alexus-dye-1.html,troy,2020-21
16,45,16,2021-02-05,Troy,@,Georgia Southern,REG (Conf),L 91-96,*,33,5,13,.385,0,1,.000,5,12,.417,.385,0,1,.000,4,10,14,0,1,2,3,2,10,6.9,Alexus Dye,https://www.sports-reference.com/cbb/players/alexus-dye-1.html,troy,2020-21
17,46,17,2021-02-06,Troy,@,Georgia Southern,REG (Conf),W 92-83,*,31,5,12,.417,0,0,,5,12,.417,.417,1,4,.250,9,10,19,0,4,2,5,2,11,12.3,Alexus Dye,https://www.sports-reference.com/cbb/players/alexus-dye-1.html,troy,2020-21
18,47,18,2021-02-11,Troy,,South Alabama,REG (Conf),W 85-45,*,27,6,9,.667,0,0,,6,9,.667,.667,4,4,1.000,4,7,11,0,1,0,3,1,16,14.6,Alexus Dye,https://www.sports-reference.com/cbb/players/alexus-dye-1.html,troy,2020-21
19,48,19,2021-02-13,Troy,@,South Alabama,REG (Conf),W 84-77,*,32,8,20,.400,0,0,,8,20,.400,.400,1,1,1.000,7,11,18,3,2,1,2,3,17,16.0,Alexus Dye,https://www.sports-reference.com/cbb/players/alexus-dye-1.html,troy,2020-21
20,49,20,2021-02-16,Troy,@,Georgia State,REG (Conf),W 91-70,*,14,3,3,1.000,0,0,,3,3,1.000,1.000,3,4,.750,0,3,3,2,1,1,1,4,9,9.1,Alexus Dye,https://www.sports-reference.com/cbb/players/alexus-dye-1.html,troy,2020-21
21,50,21,2021-02-19,Troy,,Georgia State,REG (Conf),W 79-60,*,25,1,13,.077,0,0,,1,13,.077,.077,2,2,1.000,1,14,15,1,0,2,3,4,4,-2.3,Alexus Dye,https://www.sports-reference.com/cbb/players/alexus-dye-1.html,troy,2020-21
22,51,22,2021-02-20,Troy,,Georgia State,REG (Conf),W 84-78,*,31,7,18,.389,0,0,,7,18,.389,.389,2,2,1.000,5,10,15,1,0,0,3,4,16,8.8,Alexus Dye,https://www.sports-reference.com/cbb/players/alexus-dye-1.html,troy,2020-21
23,52,23,2021-02-26,Troy,@,Coastal Carolina,REG (Conf),W 97-82,*,34,9,15,.600,0,0,,9,15,.600,.600,5,6,.833,5,7,12,1,2,0,0,0,23,24.0,Alexus Dye,https://www.sports-reference.com/cbb/players/alexus-dye-1.html,troy,2020-21
24,53,24,2021-02-27,Troy,@,Coastal Carolina,REG (Conf),W 103-89,*,29,7,19,.368,0,0,,7,19,.368,.368,2,3,.667,5,8,13,0,1,0,1,3,16,9.8,Alexus Dye,https://www.sports-reference.com/cbb/players/alexus-dye-1.html,troy,2020-21
25,54,25,2021-03-06,Troy,,Texas State,CTOURN,W 103-90 (OT),*,36,16,25,.640,0,0,,16,25,.640,.640,5,6,.833,8,10,18,0,0,2,5,3,37,29.3,Alexus Dye,https://www.sports-reference.com/cbb/players/alexus-dye-1.html,troy,2020-21
26,55,26,2021-03-07,Troy,,Appalachian State,CTOURN,W 66-63,*,35,9,19,.474,0,0,,9,19,.474,.474,2,2,1.000,1,12,13,1,1,1,1,1,20,15.6,Alexus Dye,https://www.sports-reference.com/cbb/players/alexus-dye-1.html,troy,2020-21
27,56,27,2021-03-08,Troy,@,Louisiana,CTOURN,W 73-65,*,30,5,16,.313,0,0,,5,16,.313,.313,1,3,.333,6,8,14,2,1,1,1,1,11,9.3,Alexus Dye,https://www.sports-reference.com/cbb/players/alexus-dye-1.html,troy,2020-21
28,57,28,2021-03-22,Troy,N,Texas A&M,ROUND-64,L 80-84,*,27,12,22,.545,0,0,,12,22,.545,.545,2,2,1.000,3,8,11,0,3,1,4,5,26,17.6,Alexus Dye,https://www.sports-reference.com/cbb/players/alexus-dye-1.html,troy,2020-21
