ranker,player_game_num_career,team_game_num_season,date,team_name_abbr,game_location,opp_name_abbr,game_type,game_result,is_starter,mp,fg,fga,fg_pct,fg3,fg3a,fg3_pct,fg2,fg2a,fg2_pct,efg_pct,ft,fta,ft_pct,orb,drb,trb,ast,stl,blk,tov,pf,pts,game_score,player_name,player_sr_link,school,season
1,1,1,2020-11-27,Troy,@,Southeastern Louisiana,REG (Non-Conf),W 81-69,,13,2,4,.500,2,3,.667,0,1,.000,.750,0,0,,0,1,1,1,2,0,1,3,6,4.8,Dominique Camp,https://www.sports-reference.com/cbb/players/dominique-camp-1.html,troy,2020-21
2,2,2,2020-11-28,Troy,,Alabama A&M,REG (Non-Conf),L 69-80,,2,0,0,,0,0,,0,0,,,0,0,,0,0,0,0,0,0,0,2,0,-0.8,Dominique Camp,https://www.sports-reference.com/cbb/players/dominique-camp-1.html,troy,2020-21
3,3,3,2020-12-07,Troy,,LaGrange,REG (Non-Conf),W 131-57,,8,3,6,.500,0,1,.000,3,5,.600,.500,1,2,.500,0,2,2,1,1,0,0,0,7,5.9,Dominique Camp,https://www.sports-reference.com/cbb/players/dominique-camp-1.html,troy,2020-21
4,4,4,2020-12-09,Troy,,Chattanooga,REG (Non-Conf),W 95-74,,8,2,4,.500,1,2,.500,1,2,.500,.625,1,1,1.000,0,0,0,0,0,0,0,0,6,4.0,Dominique Camp,https://www.sports-reference.com/cbb/players/dominique-camp-1.html,troy,2020-21
5,5,5,2020-12-14,Troy,@,Mississippi State,REG (Non-Conf),L 76-103,,9,3,5,.600,3,5,.600,0,0,,.900,0,0,,0,3,3,0,1,0,1,0,9,7.6,Dominique Camp,https://www.sports-reference.com/cbb/players/dominique-camp-1.html,troy,2020-21
6,6,6,2020-12-17,Troy,@,Middle Tennessee,REG (Non-Conf),L 76-92,,13,0,1,.000,0,1,.000,0,0,,.000,0,0,,0,0,0,0,0,0,0,0,0,-0.7,Dominique Camp,https://www.sports-reference.com/cbb/players/dominique-camp-1.html,troy,2020-21
7,7,7,2020-12-20,Troy,,UT Southern,REG (Non-Conf),W 90-71,,6,0,1,.000,0,1,.000,0,0,,.000,0,0,,0,1,1,0,1,0,1,0,0,-0.4,Dominique Camp,https://www.sports-reference.com/cbb/players/dominique-camp-1.html,troy,2020-21
8,8,8,2021-01-01,Troy,,Appalachian State,REG (Conf),L 66-78,,7,0,1,.000,0,1,.000,0,0,,.000,0,0,,0,0,0,0,0,0,0,0,0,-0.7,Dominique Camp,https://www.sports-reference.com/cbb/players/dominique-camp-1.html,troy,2020-21
9,9,9,2021-01-02,Troy,,Appalachian State,REG (Conf),W 85-65,,11,1,1,1.000,1,1,1.000,0,0,,1.500,0,0,,0,1,1,1,0,0,2,1,3,1.3,Dominique Camp,https://www.sports-reference.com/cbb/players/dominique-camp-1.html,troy,2020-21
10,10,10,2021-01-15,Troy,,Georgia Southern,REG (Conf),W 87-70,,5,0,1,.000,0,1,.000,0,0,,.000,0,0,,1,1,2,1,0,0,1,0,0,0.0,Dominique Camp,https://www.sports-reference.com/cbb/players/dominique-camp-1.html,troy,2020-21
11,11,11,2021-01-16,Troy,,Georgia Southern,REG (Conf),W 82-69,,3,0,0,,0,0,,0,0,,,0,0,,0,0,0,0,0,0,0,0,0,0.0,Dominique Camp,https://www.sports-reference.com/cbb/players/dominique-camp-1.html,troy,2020-21
12,12,12,2021-01-22,Troy,,Coastal Carolina,REG (Conf),W 104-59,,8,0,2,.000,0,2,.000,0,0,,.000,0,0,,1,1,2,1,1,0,0,0,0,1.3,Dominique Camp,https://www.sports-reference.com/cbb/players/dominique-camp-1.html,troy,2020-21
13,13,13,2021-01-23,Troy,,Coastal Carolina,REG (Conf),W 84-53,,6,0,1,.000,0,1,.000,0,0,,.000,0,0,,0,0,0,0,0,0,0,0,0,-0.7,Dominique Camp,https://www.sports-reference.com/cbb/players/dominique-camp-1.html,troy,2020-21
14,14,18,2021-02-11,Troy,,South Alabama,REG (Conf),W 85-45,,3,0,2,.000,0,1,.000,0,1,.000,.000,0,0,,0,2,2,1,0,0,2,1,0,-2.5,Dominique Camp,https://www.sports-reference.com/cbb/players/dominique-camp-1.html,troy,2020-21
15,15,21,2021-02-19,Troy,,Georgia State,REG (Conf),W 79-60,,2,1,1,1.000,0,0,,1,1,1.000,1.000,0,0,,0,0,0,0,0,0,0,0,2,1.7,Dominique Camp,https://www.sports-reference.com/cbb/players/dominique-camp-1.html,troy,2020-21
16,16,22,2021-02-20,Troy,,Georgia State,REG (Conf),W 84-78,,1,0,0,,0,0,,0,0,,,0,0,,0,0,0,0,1,0,0,0,0,1.0,Dominique Camp,https://www.sports-reference.com/cbb/players/dominique-camp-1.html,troy,2020-21
17,17,24,2021-02-27,Troy,@,Coastal Carolina,REG (Conf),W 103-89,,3,0,1,.000,0,0,,0,1,.000,.000,0,0,,1,0,1,0,0,0,0,0,0,0.0,Dominique Camp,https://www.sports-reference.com/cbb/players/dominique-camp-1.html,troy,2020-21
