ranker,player_game_num_career,team_game_num_season,date,team_name_abbr,game_location,opp_name_abbr,game_type,game_result,is_starter,mp,fg,fga,fg_pct,fg3,fg3a,fg3_pct,fg2,fg2a,fg2_pct,efg_pct,ft,fta,ft_pct,orb,drb,trb,ast,stl,blk,tov,pf,pts,game_score,player_name,player_sr_link,school,season
1,44,1,2020-11-27,Troy,@,Southeastern Louisiana,REG (Non-Conf),W 81-69,*,26,3,6,.500,0,0,,3,6,.500,.500,0,2,.000,0,5,5,8,0,0,4,1,6,4.9,Emely Rosario,https://www.sports-reference.com/cbb/players/emely-rosario-1.html,troy,2020-21
2,45,2,2020-11-28,Troy,,Alabama A&M,REG (Non-Conf),L 69-80,*,16,1,3,.333,0,0,,1,3,.333,.333,0,0,,1,2,3,4,0,0,3,0,2,1.4,Emely Rosario,https://www.sports-reference.com/cbb/players/emely-rosario-1.html,troy,2020-21
3,46,3,2020-12-07,Troy,,LaGrange,REG (Non-Conf),W 131-57,*,12,0,2,.000,0,0,,0,2,.000,.000,0,2,.000,0,2,2,5,1,0,4,2,0,-1.9,Emely Rosario,https://www.sports-reference.com/cbb/players/emely-rosario-1.html,troy,2020-21
4,47,4,2020-12-09,Troy,,Chattanooga,REG (Non-Conf),W 95-74,*,13,0,1,.000,0,0,,0,1,.000,.000,0,0,,0,2,2,3,1,0,2,1,0,0.6,Emely Rosario,https://www.sports-reference.com/cbb/players/emely-rosario-1.html,troy,2020-21
5,48,5,2020-12-14,Troy,@,Mississippi State,REG (Non-Conf),L 76-103,*,18,3,6,.500,0,1,.000,3,5,.600,.500,0,0,,0,2,2,4,0,0,2,0,6,4.4,Emely Rosario,https://www.sports-reference.com/cbb/players/emely-rosario-1.html,troy,2020-21
6,49,6,2020-12-17,Troy,@,Middle Tennessee,REG (Non-Conf),L 76-92,,9,0,0,,0,0,,0,0,,,0,0,,0,0,0,0,0,0,2,0,0,-2.0,Emely Rosario,https://www.sports-reference.com/cbb/players/emely-rosario-1.html,troy,2020-21
7,50,8,2021-01-01,Troy,,Appalachian State,REG (Conf),L 66-78,,10,0,1,.000,0,0,,0,1,.000,.000,0,0,,0,0,0,3,0,0,1,0,0,0.4,Emely Rosario,https://www.sports-reference.com/cbb/players/emely-rosario-1.html,troy,2020-21
8,51,9,2021-01-02,Troy,,Appalachian State,REG (Conf),W 85-65,,9,0,2,.000,0,0,,0,2,.000,.000,0,0,,0,2,2,0,0,0,1,0,0,-1.8,Emely Rosario,https://www.sports-reference.com/cbb/players/emely-rosario-1.html,troy,2020-21
9,52,10,2021-01-15,Troy,,Georgia Southern,REG (Conf),W 87-70,,15,4,7,.571,0,0,,4,7,.571,.571,1,3,.333,0,2,2,3,4,0,1,0,9,10.6,Emely Rosario,https://www.sports-reference.com/cbb/players/emely-rosario-1.html,troy,2020-21
10,53,11,2021-01-16,Troy,,Georgia Southern,REG (Conf),W 82-69,,6,0,1,.000,0,0,,0,1,.000,.000,0,0,,0,0,0,3,0,0,1,0,0,0.4,Emely Rosario,https://www.sports-reference.com/cbb/players/emely-rosario-1.html,troy,2020-21
11,54,12,2021-01-22,Troy,,Coastal Carolina,REG (Conf),W 104-59,,15,0,1,.000,0,0,,0,1,.000,.000,0,0,,0,2,2,4,0,0,1,2,0,0.9,Emely Rosario,https://www.sports-reference.com/cbb/players/emely-rosario-1.html,troy,2020-21
12,55,13,2021-01-23,Troy,,Coastal Carolina,REG (Conf),W 84-53,,14,1,2,.500,0,0,,1,2,.500,.500,0,0,,0,0,0,4,1,0,1,0,2,3.8,Emely Rosario,https://www.sports-reference.com/cbb/players/emely-rosario-1.html,troy,2020-21
13,56,14,2021-01-29,Troy,@,Appalachian State,REG (Conf),W 80-60,,9,1,2,.500,0,0,,1,2,.500,.500,0,0,,0,0,0,0,0,0,1,0,2,0.0,Emely Rosario,https://www.sports-reference.com/cbb/players/emely-rosario-1.html,troy,2020-21
14,57,15,2021-01-30,Troy,@,Appalachian State,REG (Conf),W 74-52,,11,1,1,1.000,0,0,,1,1,1.000,1.000,0,0,,0,0,0,1,0,1,1,0,2,2.1,Emely Rosario,https://www.sports-reference.com/cbb/players/emely-rosario-1.html,troy,2020-21
15,58,16,2021-02-05,Troy,@,Georgia Southern,REG (Conf),L 91-96,,2,1,1,1.000,0,0,,1,1,1.000,1.000,0,0,,0,0,0,0,0,0,0,0,2,1.7,Emely Rosario,https://www.sports-reference.com/cbb/players/emely-rosario-1.html,troy,2020-21
16,59,17,2021-02-06,Troy,@,Georgia Southern,REG (Conf),W 92-83,,7,1,1,1.000,0,0,,1,1,1.000,1.000,0,0,,0,0,0,0,0,1,1,0,2,1.4,Emely Rosario,https://www.sports-reference.com/cbb/players/emely-rosario-1.html,troy,2020-21
17,60,18,2021-02-11,Troy,,South Alabama,REG (Conf),W 85-45,,8,1,2,.500,0,0,,1,2,.500,.500,0,0,,0,1,1,2,0,0,0,0,2,2.7,Emely Rosario,https://www.sports-reference.com/cbb/players/emely-rosario-1.html,troy,2020-21
18,61,19,2021-02-13,Troy,@,South Alabama,REG (Conf),W 84-77,,4,0,1,.000,0,1,.000,0,0,,.000,0,0,,0,0,0,0,0,0,1,2,0,-2.5,Emely Rosario,https://www.sports-reference.com/cbb/players/emely-rosario-1.html,troy,2020-21
19,62,20,2021-02-16,Troy,@,Georgia State,REG (Conf),W 91-70,,7,0,0,,0,0,,0,0,,,0,0,,0,0,0,1,1,0,2,1,0,-0.7,Emely Rosario,https://www.sports-reference.com/cbb/players/emely-rosario-1.html,troy,2020-21
20,63,21,2021-02-19,Troy,,Georgia State,REG (Conf),W 79-60,,4,1,1,1.000,0,0,,1,1,1.000,1.000,0,0,,0,0,0,2,0,0,1,1,2,1.7,Emely Rosario,https://www.sports-reference.com/cbb/players/emely-rosario-1.html,troy,2020-21
21,64,22,2021-02-20,Troy,,Georgia State,REG (Conf),W 84-78,,10,1,3,.333,0,1,.000,1,2,.500,.333,2,2,1.000,1,1,2,1,1,0,1,0,4,4.0,Emely Rosario,https://www.sports-reference.com/cbb/players/emely-rosario-1.html,troy,2020-21
22,65,23,2021-02-26,Troy,@,Coastal Carolina,REG (Conf),W 97-82,,7,1,3,.333,0,0,,1,3,.333,.333,2,2,1.000,1,3,4,3,1,0,1,1,4,5.6,Emely Rosario,https://www.sports-reference.com/cbb/players/emely-rosario-1.html,troy,2020-21
23,66,24,2021-02-27,Troy,@,Coastal Carolina,REG (Conf),W 103-89,,14,1,4,.250,0,0,,1,4,.250,.250,1,1,1.000,0,3,3,2,1,0,2,2,3,1.1,Emely Rosario,https://www.sports-reference.com/cbb/players/emely-rosario-1.html,troy,2020-21
24,67,25,2021-03-06,Troy,,Texas State,CTOURN,W 103-90 (OT),,2,0,0,,0,0,,0,0,,,0,0,,0,0,0,0,1,0,0,0,0,1.0,Emely Rosario,https://www.sports-reference.com/cbb/players/emely-rosario-1.html,troy,2020-21
25,68,26,2021-03-07,Troy,,Appalachian State,CTOURN,W 66-63,,9,0,2,.000,0,1,.000,0,1,.000,.000,0,0,,0,1,1,3,1,0,0,2,0,1.2,Emely Rosario,https://www.sports-reference.com/cbb/players/emely-rosario-1.html,troy,2020-21
26,69,27,2021-03-08,Troy,@,Louisiana,CTOURN,W 73-65,,10,0,1,.000,0,0,,0,1,.000,.000,0,0,,1,0,1,2,0,0,1,0,0,0.4,Emely Rosario,https://www.sports-reference.com/cbb/players/emely-rosario-1.html,troy,2020-21
27,70,28,2021-03-22,Troy,N,Texas A&M,ROUND-64,L 80-84,,5,0,0,,0,0,,0,0,,,0,0,,0,0,0,0,0,0,1,0,0,-1.0,Emely Rosario,https://www.sports-reference.com/cbb/players/emely-rosario-1.html,troy,2020-21
