ranker,player_game_num_career,team_game_num_season,date,team_name_abbr,game_location,opp_name_abbr,game_type,game_result,is_starter,mp,fg,fga,fg_pct,fg3,fg3a,fg3_pct,fg2,fg2a,fg2_pct,efg_pct,ft,fta,ft_pct,orb,drb,trb,ast,stl,blk,tov,pf,pts,game_score,player_name,player_sr_link,school,season
1,1,6,2020-12-17,Troy,@,Middle Tennessee,REG (Non-Conf),L 76-92,,22,5,13,.385,0,0,,5,13,.385,.385,4,6,.667,3,6,9,0,0,2,2,5,14,7.4,Felmas Koranga,https://www.sports-reference.com/cbb/players/felmas-koranga-1.html,troy,2020-21
2,2,7,2020-12-20,Troy,,UT Southern,REG (Non-Conf),W 90-71,*,26,7,16,.438,0,0,,7,16,.438,.438,0,0,,4,7,11,1,3,1,3,0,14,11.9,Felmas Koranga,https://www.sports-reference.com/cbb/players/felmas-koranga-1.html,troy,2020-21
3,3,8,2021-01-01,Troy,,Appalachian State,REG (Conf),L 66-78,*,19,2,14,.143,0,2,.000,2,12,.167,.143,5,6,.833,3,6,9,0,0,1,3,2,9,0.4,Felmas Koranga,https://www.sports-reference.com/cbb/players/felmas-koranga-1.html,troy,2020-21
4,4,9,2021-01-02,Troy,,Appalachian State,REG (Conf),W 85-65,,17,4,11,.364,0,0,,4,11,.364,.364,10,15,.667,7,7,14,0,0,0,2,1,18,14.5,Felmas Koranga,https://www.sports-reference.com/cbb/players/felmas-koranga-1.html,troy,2020-21
5,5,10,2021-01-15,Troy,,Georgia Southern,REG (Conf),W 87-70,*,27,5,12,.417,0,0,,5,12,.417,.417,5,5,1.000,3,8,11,1,2,1,2,1,15,14.1,Felmas Koranga,https://www.sports-reference.com/cbb/players/felmas-koranga-1.html,troy,2020-21
6,6,11,2021-01-16,Troy,,Georgia Southern,REG (Conf),W 82-69,*,32,3,9,.333,0,1,.000,3,8,.375,.333,5,6,.833,7,6,13,0,2,1,2,2,11,12.1,Felmas Koranga,https://www.sports-reference.com/cbb/players/felmas-koranga-1.html,troy,2020-21
7,7,12,2021-01-22,Troy,,Coastal Carolina,REG (Conf),W 104-59,*,20,6,9,.667,0,0,,6,9,.667,.667,0,0,,4,3,7,1,4,1,1,1,12,15.8,Felmas Koranga,https://www.sports-reference.com/cbb/players/felmas-koranga-1.html,troy,2020-21
8,8,13,2021-01-23,Troy,,Coastal Carolina,REG (Conf),W 84-53,*,20,6,14,.429,0,1,.000,6,13,.462,.429,3,5,.600,8,2,10,0,2,0,2,1,15,12.6,Felmas Koranga,https://www.sports-reference.com/cbb/players/felmas-koranga-1.html,troy,2020-21
9,9,14,2021-01-29,Troy,@,Appalachian State,REG (Conf),W 80-60,*,20,5,9,.556,1,1,1.000,4,8,.500,.611,3,3,1.000,2,5,7,1,2,0,2,1,14,12.9,Felmas Koranga,https://www.sports-reference.com/cbb/players/felmas-koranga-1.html,troy,2020-21
10,10,15,2021-01-30,Troy,@,Appalachian State,REG (Conf),W 74-52,*,17,3,7,.429,0,0,,3,7,.429,.429,3,5,.600,3,4,7,0,0,0,3,2,9,4.0,Felmas Koranga,https://www.sports-reference.com/cbb/players/felmas-koranga-1.html,troy,2020-21
11,11,16,2021-02-05,Troy,@,Georgia Southern,REG (Conf),L 91-96,*,27,6,15,.400,0,1,.000,6,14,.429,.400,0,0,,4,11,15,1,2,0,3,1,12,9.3,Felmas Koranga,https://www.sports-reference.com/cbb/players/felmas-koranga-1.html,troy,2020-21
12,12,17,2021-02-06,Troy,@,Georgia Southern,REG (Conf),W 92-83,*,27,5,11,.455,0,1,.000,5,10,.500,.455,2,2,1.000,6,7,13,0,1,0,1,1,12,12.2,Felmas Koranga,https://www.sports-reference.com/cbb/players/felmas-koranga-1.html,troy,2020-21
13,13,18,2021-02-11,Troy,,South Alabama,REG (Conf),W 85-45,*,21,4,9,.444,0,1,.000,4,8,.500,.444,2,2,1.000,1,8,9,0,1,0,1,1,10,8.0,Felmas Koranga,https://www.sports-reference.com/cbb/players/felmas-koranga-1.html,troy,2020-21
14,14,19,2021-02-13,Troy,@,South Alabama,REG (Conf),W 84-77,*,24,6,16,.375,0,1,.000,6,15,.400,.375,1,3,.333,3,7,10,0,3,2,1,0,13,11.0,Felmas Koranga,https://www.sports-reference.com/cbb/players/felmas-koranga-1.html,troy,2020-21
15,15,20,2021-02-16,Troy,@,Georgia State,REG (Conf),W 91-70,*,25,3,7,.429,0,0,,3,7,.429,.429,2,2,1.000,3,5,8,0,4,1,1,3,8,10.4,Felmas Koranga,https://www.sports-reference.com/cbb/players/felmas-koranga-1.html,troy,2020-21
16,16,21,2021-02-19,Troy,,Georgia State,REG (Conf),W 79-60,*,22,2,9,.222,0,0,,2,9,.222,.222,2,2,1.000,5,8,13,1,0,2,1,2,6,6.7,Felmas Koranga,https://www.sports-reference.com/cbb/players/felmas-koranga-1.html,troy,2020-21
17,17,22,2021-02-20,Troy,,Georgia State,REG (Conf),W 84-78,*,21,5,5,1.000,0,0,,5,5,1.000,1.000,4,7,.571,5,4,9,0,1,0,1,4,14,14.4,Felmas Koranga,https://www.sports-reference.com/cbb/players/felmas-koranga-1.html,troy,2020-21
18,18,23,2021-02-26,Troy,@,Coastal Carolina,REG (Conf),W 97-82,*,25,6,12,.500,0,1,.000,6,11,.545,.500,1,2,.500,3,2,5,0,2,0,3,3,13,7.1,Felmas Koranga,https://www.sports-reference.com/cbb/players/felmas-koranga-1.html,troy,2020-21
19,19,24,2021-02-27,Troy,@,Coastal Carolina,REG (Conf),W 103-89,*,30,9,18,.500,0,0,,9,18,.500,.500,0,1,.000,9,9,18,1,2,3,2,5,18,18.4,Felmas Koranga,https://www.sports-reference.com/cbb/players/felmas-koranga-1.html,troy,2020-21
20,20,25,2021-03-06,Troy,,Texas State,CTOURN,W 103-90 (OT),*,33,6,17,.353,0,1,.000,6,16,.375,.353,4,6,.667,8,11,19,4,0,0,1,2,16,15.6,Felmas Koranga,https://www.sports-reference.com/cbb/players/felmas-koranga-1.html,troy,2020-21
21,21,26,2021-03-07,Troy,,Appalachian State,CTOURN,W 66-63,*,24,5,12,.417,0,0,,5,12,.417,.417,0,0,,3,3,6,0,1,0,1,2,10,5.8,Felmas Koranga,https://www.sports-reference.com/cbb/players/felmas-koranga-1.html,troy,2020-21
22,22,27,2021-03-08,Troy,@,Louisiana,CTOURN,W 73-65,*,29,6,17,.353,0,0,,6,17,.353,.353,0,0,,11,11,22,2,1,2,4,2,12,12.5,Felmas Koranga,https://www.sports-reference.com/cbb/players/felmas-koranga-1.html,troy,2020-21
23,23,28,2021-03-22,Troy,N,Texas A&M,ROUND-64,L 80-84,*,33,9,13,.692,0,1,.000,9,12,.750,.692,2,5,.400,4,7,11,0,1,1,1,2,20,18.1,Felmas Koranga,https://www.sports-reference.com/cbb/players/felmas-koranga-1.html,troy,2020-21
