ranker,player_game_num_career,team_game_num_season,date,team_name_abbr,game_location,opp_name_abbr,game_type,game_result,is_starter,mp,fg,fga,fg_pct,fg3,fg3a,fg3_pct,fg2,fg2a,fg2_pct,efg_pct,ft,fta,ft_pct,orb,drb,trb,ast,stl,blk,tov,pf,pts,game_score,player_name,player_sr_link,school,season
1,1,1,2020-11-27,Troy,@,Southeastern Louisiana,REG (Non-Conf),W 81-69,,4,0,1,.000,0,1,.000,0,0,,.000,0,0,,0,1,1,0,0,0,1,0,0,-1.4,Janiah Ellis,https://www.sports-reference.com/cbb/players/janiah-ellis-1.html,troy,2020-21
2,2,2,2020-11-28,Troy,,Alabama A&M,REG (Non-Conf),L 69-80,,10,1,5,.200,1,4,.250,0,1,.000,.300,1,2,.500,2,0,2,1,0,0,0,2,4,1.8,Janiah Ellis,https://www.sports-reference.com/cbb/players/janiah-ellis-1.html,troy,2020-21
3,3,3,2020-12-07,Troy,,LaGrange,REG (Non-Conf),W 131-57,,16,5,9,.556,4,7,.571,1,2,.500,.778,1,1,1.000,2,0,2,0,0,1,1,0,15,11.8,Janiah Ellis,https://www.sports-reference.com/cbb/players/janiah-ellis-1.html,troy,2020-21
4,4,4,2020-12-09,Troy,,Chattanooga,REG (Non-Conf),W 95-74,,10,2,4,.500,1,3,.333,1,1,1.000,.625,0,0,,1,1,2,0,0,0,1,0,5,3.0,Janiah Ellis,https://www.sports-reference.com/cbb/players/janiah-ellis-1.html,troy,2020-21
5,5,5,2020-12-14,Troy,@,Mississippi State,REG (Non-Conf),L 76-103,,2,0,3,.000,0,3,.000,0,0,,.000,0,0,,0,0,0,0,0,0,0,0,0,-2.1,Janiah Ellis,https://www.sports-reference.com/cbb/players/janiah-ellis-1.html,troy,2020-21
6,6,6,2020-12-17,Troy,@,Middle Tennessee,REG (Non-Conf),L 76-92,,2,1,2,.500,1,2,.500,0,0,,.750,0,0,,0,0,0,0,0,0,0,0,3,2.0,Janiah Ellis,https://www.sports-reference.com/cbb/players/janiah-ellis-1.html,troy,2020-21
7,7,7,2020-12-20,Troy,,UT Southern,REG (Non-Conf),W 90-71,,9,1,7,.143,1,6,.167,0,1,.000,.214,0,0,,0,0,0,0,0,0,1,3,3,-3.7,Janiah Ellis,https://www.sports-reference.com/cbb/players/janiah-ellis-1.html,troy,2020-21
8,8,9,2021-01-02,Troy,,Appalachian State,REG (Conf),W 85-65,,3,0,0,,0,0,,0,0,,,0,0,,0,0,0,0,0,0,1,2,0,-1.8,Janiah Ellis,https://www.sports-reference.com/cbb/players/janiah-ellis-1.html,troy,2020-21
9,9,10,2021-01-15,Troy,,Georgia Southern,REG (Conf),W 87-70,,9,3,7,.429,3,6,.500,0,1,.000,.643,2,3,.667,0,0,0,0,0,0,0,1,11,6.5,Janiah Ellis,https://www.sports-reference.com/cbb/players/janiah-ellis-1.html,troy,2020-21
10,10,11,2021-01-16,Troy,,Georgia Southern,REG (Conf),W 82-69,,6,1,3,.333,0,1,.000,1,2,.500,.333,3,4,.750,0,1,1,0,0,0,0,0,5,3.2,Janiah Ellis,https://www.sports-reference.com/cbb/players/janiah-ellis-1.html,troy,2020-21
11,11,12,2021-01-22,Troy,,Coastal Carolina,REG (Conf),W 104-59,,5,0,4,.000,0,3,.000,0,1,.000,.000,0,0,,0,0,0,0,0,0,0,1,0,-3.2,Janiah Ellis,https://www.sports-reference.com/cbb/players/janiah-ellis-1.html,troy,2020-21
12,12,13,2021-01-23,Troy,,Coastal Carolina,REG (Conf),W 84-53,,13,2,7,.286,2,6,.333,0,1,.000,.429,0,0,,1,1,2,1,1,0,0,1,6,4.2,Janiah Ellis,https://www.sports-reference.com/cbb/players/janiah-ellis-1.html,troy,2020-21
13,13,15,2021-01-30,Troy,@,Appalachian State,REG (Conf),W 74-52,,3,1,2,.500,1,2,.500,0,0,,.750,0,0,,0,1,1,0,0,0,0,1,3,1.9,Janiah Ellis,https://www.sports-reference.com/cbb/players/janiah-ellis-1.html,troy,2020-21
14,14,17,2021-02-06,Troy,@,Georgia Southern,REG (Conf),W 92-83,,1,0,1,.000,0,0,,0,1,.000,.000,0,0,,0,0,0,0,0,0,0,0,0,-0.7,Janiah Ellis,https://www.sports-reference.com/cbb/players/janiah-ellis-1.html,troy,2020-21
15,15,18,2021-02-11,Troy,,South Alabama,REG (Conf),W 85-45,,7,2,3,.667,2,3,.667,0,0,,1.000,0,0,,0,0,0,0,0,0,1,1,6,3.3,Janiah Ellis,https://www.sports-reference.com/cbb/players/janiah-ellis-1.html,troy,2020-21
16,16,20,2021-02-16,Troy,@,Georgia State,REG (Conf),W 91-70,,2,0,0,,0,0,,0,0,,,0,0,,0,0,0,0,0,0,0,0,0,0.0,Janiah Ellis,https://www.sports-reference.com/cbb/players/janiah-ellis-1.html,troy,2020-21
17,17,21,2021-02-19,Troy,,Georgia State,REG (Conf),W 79-60,,2,0,0,,0,0,,0,0,,,0,0,,0,1,1,0,0,0,1,2,0,-1.5,Janiah Ellis,https://www.sports-reference.com/cbb/players/janiah-ellis-1.html,troy,2020-21
18,18,24,2021-02-27,Troy,@,Coastal Carolina,REG (Conf),W 103-89,,3,0,0,,0,0,,0,0,,,0,0,,0,0,0,0,0,0,0,0,0,0.0,Janiah Ellis,https://www.sports-reference.com/cbb/players/janiah-ellis-1.html,troy,2020-21
