ranker,player_game_num_career,team_game_num_season,date,team_name_abbr,game_location,opp_name_abbr,game_type,game_result,is_starter,mp,fg,fga,fg_pct,fg3,fg3a,fg3_pct,fg2,fg2a,fg2_pct,efg_pct,ft,fta,ft_pct,orb,drb,trb,ast,stl,blk,tov,pf,pts,game_score,player_name,player_sr_link,school,season
1,79,1,2020-11-27,Troy,@,Southeastern Louisiana,REG (Non-Conf),W 81-69,*,16,4,7,.571,3,5,.600,1,2,.500,.786,0,0,,1,4,5,0,0,0,1,4,11,7.0,Janiah Sandifer,https://www.sports-reference.com/cbb/players/janiah-sandifer-1.html,troy,2020-21
2,80,2,2020-11-28,Troy,,Alabama A&M,REG (Non-Conf),L 69-80,*,20,0,6,.000,0,3,.000,0,3,.000,.000,0,0,,1,3,4,0,1,0,1,0,0,-2.6,Janiah Sandifer,https://www.sports-reference.com/cbb/players/janiah-sandifer-1.html,troy,2020-21
3,81,4,2020-12-09,Troy,,Chattanooga,REG (Non-Conf),W 95-74,,17,3,9,.333,2,6,.333,1,3,.333,.444,1,2,.500,0,0,0,1,0,0,0,2,9,3.4,Janiah Sandifer,https://www.sports-reference.com/cbb/players/janiah-sandifer-1.html,troy,2020-21
4,82,5,2020-12-14,Troy,@,Mississippi State,REG (Non-Conf),L 76-103,,16,2,4,.500,1,3,.333,1,1,1.000,.625,0,0,,2,1,3,1,0,0,0,0,5,5.4,Janiah Sandifer,https://www.sports-reference.com/cbb/players/janiah-sandifer-1.html,troy,2020-21
5,83,6,2020-12-17,Troy,@,Middle Tennessee,REG (Non-Conf),L 76-92,*,27,2,5,.400,0,1,.000,2,4,.500,.400,2,3,.667,0,2,2,2,0,0,3,3,6,0.7,Janiah Sandifer,https://www.sports-reference.com/cbb/players/janiah-sandifer-1.html,troy,2020-21
6,84,7,2020-12-20,Troy,,UT Southern,REG (Non-Conf),W 90-71,*,23,4,8,.500,3,4,.750,1,4,.250,.688,8,8,1.000,4,2,6,2,0,0,2,0,19,17.8,Janiah Sandifer,https://www.sports-reference.com/cbb/players/janiah-sandifer-1.html,troy,2020-21
7,85,8,2021-01-01,Troy,,Appalachian State,REG (Conf),L 66-78,*,31,3,6,.500,2,4,.500,1,2,.500,.667,3,6,.500,3,0,3,3,6,0,5,4,11,10.4,Janiah Sandifer,https://www.sports-reference.com/cbb/players/janiah-sandifer-1.html,troy,2020-21
8,86,9,2021-01-02,Troy,,Appalachian State,REG (Conf),W 85-65,*,31,7,11,.636,5,7,.714,2,4,.500,.864,0,0,,0,3,3,3,0,0,2,1,19,14.7,Janiah Sandifer,https://www.sports-reference.com/cbb/players/janiah-sandifer-1.html,troy,2020-21
9,87,10,2021-01-15,Troy,,Georgia Southern,REG (Conf),W 87-70,*,18,1,8,.125,1,5,.200,0,3,.000,.188,0,0,,1,0,1,0,0,0,1,0,3,-2.5,Janiah Sandifer,https://www.sports-reference.com/cbb/players/janiah-sandifer-1.html,troy,2020-21
10,88,11,2021-01-16,Troy,,Georgia Southern,REG (Conf),W 82-69,*,24,3,10,.300,1,5,.200,2,5,.400,.350,6,8,.750,1,1,2,2,2,0,2,2,13,8.0,Janiah Sandifer,https://www.sports-reference.com/cbb/players/janiah-sandifer-1.html,troy,2020-21
11,89,12,2021-01-22,Troy,,Coastal Carolina,REG (Conf),W 104-59,*,26,5,10,.500,4,7,.571,1,3,.333,.700,2,2,1.000,2,0,2,6,1,0,0,2,16,16.8,Janiah Sandifer,https://www.sports-reference.com/cbb/players/janiah-sandifer-1.html,troy,2020-21
12,90,13,2021-01-23,Troy,,Coastal Carolina,REG (Conf),W 84-53,*,20,3,8,.375,1,5,.200,2,3,.667,.438,1,1,1.000,1,0,1,1,1,0,0,1,8,5.6,Janiah Sandifer,https://www.sports-reference.com/cbb/players/janiah-sandifer-1.html,troy,2020-21
13,91,14,2021-01-29,Troy,@,Appalachian State,REG (Conf),W 80-60,*,33,3,8,.375,2,5,.400,1,3,.333,.500,4,4,1.000,1,5,6,4,2,0,1,0,12,13.6,Janiah Sandifer,https://www.sports-reference.com/cbb/players/janiah-sandifer-1.html,troy,2020-21
14,92,15,2021-01-30,Troy,@,Appalachian State,REG (Conf),W 74-52,*,26,0,3,.000,0,2,.000,0,1,.000,.000,6,9,.667,0,3,3,0,1,0,2,3,6,1.4,Janiah Sandifer,https://www.sports-reference.com/cbb/players/janiah-sandifer-1.html,troy,2020-21
15,93,16,2021-02-05,Troy,@,Georgia Southern,REG (Conf),L 91-96,*,35,4,10,.400,0,4,.000,4,6,.667,.400,2,5,.400,0,0,0,4,1,0,0,1,10,6.8,Janiah Sandifer,https://www.sports-reference.com/cbb/players/janiah-sandifer-1.html,troy,2020-21
16,94,17,2021-02-06,Troy,@,Georgia Southern,REG (Conf),W 92-83,*,33,4,14,.286,3,6,.500,1,8,.125,.393,10,13,.769,2,1,3,2,1,0,1,2,21,13.9,Janiah Sandifer,https://www.sports-reference.com/cbb/players/janiah-sandifer-1.html,troy,2020-21
17,95,18,2021-02-11,Troy,,South Alabama,REG (Conf),W 85-45,*,30,1,3,.333,0,1,.000,1,2,.500,.333,1,2,.500,0,3,3,0,0,0,4,2,3,-3.0,Janiah Sandifer,https://www.sports-reference.com/cbb/players/janiah-sandifer-1.html,troy,2020-21
18,96,19,2021-02-13,Troy,@,South Alabama,REG (Conf),W 84-77,*,27,2,7,.286,1,4,.250,1,3,.333,.357,4,4,1.000,1,0,1,0,2,0,2,1,9,5.2,Janiah Sandifer,https://www.sports-reference.com/cbb/players/janiah-sandifer-1.html,troy,2020-21
19,97,20,2021-02-16,Troy,@,Georgia State,REG (Conf),W 91-70,*,32,4,6,.667,3,5,.600,1,1,1.000,.917,8,10,.800,1,2,3,3,0,0,0,0,19,19.0,Janiah Sandifer,https://www.sports-reference.com/cbb/players/janiah-sandifer-1.html,troy,2020-21
20,98,21,2021-02-19,Troy,,Georgia State,REG (Conf),W 79-60,*,32,3,10,.300,2,6,.333,1,4,.250,.400,6,9,.667,1,1,2,1,2,0,3,1,14,7.3,Janiah Sandifer,https://www.sports-reference.com/cbb/players/janiah-sandifer-1.html,troy,2020-21
21,99,22,2021-02-20,Troy,,Georgia State,REG (Conf),W 84-78,*,31,4,11,.364,1,6,.167,3,5,.600,.409,3,3,1.000,4,0,4,1,1,0,4,0,12,6.4,Janiah Sandifer,https://www.sports-reference.com/cbb/players/janiah-sandifer-1.html,troy,2020-21
22,100,23,2021-02-26,Troy,@,Coastal Carolina,REG (Conf),W 97-82,*,31,4,6,.667,3,4,.750,1,2,.500,.917,2,2,1.000,1,1,2,1,0,0,2,2,13,9.3,Janiah Sandifer,https://www.sports-reference.com/cbb/players/janiah-sandifer-1.html,troy,2020-21
23,101,24,2021-02-27,Troy,@,Coastal Carolina,REG (Conf),W 103-89,*,30,4,9,.444,3,6,.500,1,3,.333,.611,5,6,.833,4,1,5,2,2,0,3,2,16,13.6,Janiah Sandifer,https://www.sports-reference.com/cbb/players/janiah-sandifer-1.html,troy,2020-21
24,102,25,2021-03-06,Troy,,Texas State,CTOURN,W 103-90 (OT),*,37,4,10,.400,3,8,.375,1,2,.500,.550,0,0,,1,2,3,3,0,0,3,3,11,4.8,Janiah Sandifer,https://www.sports-reference.com/cbb/players/janiah-sandifer-1.html,troy,2020-21
25,103,26,2021-03-07,Troy,,Appalachian State,CTOURN,W 66-63,*,26,2,6,.333,1,4,.250,1,2,.500,.417,0,1,.000,3,3,6,3,0,1,4,4,5,1.4,Janiah Sandifer,https://www.sports-reference.com/cbb/players/janiah-sandifer-1.html,troy,2020-21
26,104,27,2021-03-08,Troy,@,Louisiana,CTOURN,W 73-65,*,25,2,3,.667,2,2,1.000,0,1,.000,1.000,0,0,,0,1,1,2,1,0,2,2,6,4.6,Janiah Sandifer,https://www.sports-reference.com/cbb/players/janiah-sandifer-1.html,troy,2020-21
27,105,28,2021-03-22,Troy,N,Texas A&M,ROUND-64,L 80-84,*,37,3,11,.273,3,9,.333,0,2,.000,.409,2,3,.667,0,2,2,4,0,0,1,1,11,6.1,Janiah Sandifer,https://www.sports-reference.com/cbb/players/janiah-sandifer-1.html,troy,2020-21
