ranker,player_game_num_career,team_game_num_season,date,team_name_abbr,game_location,opp_name_abbr,game_type,game_result,is_starter,mp,fg,fga,fg_pct,fg3,fg3a,fg3_pct,fg2,fg2a,fg2_pct,efg_pct,ft,fta,ft_pct,orb,drb,trb,ast,stl,blk,tov,pf,pts,game_score,player_name,player_sr_link,school,season
1,92,1,2020-11-27,Troy,@,Southeastern Louisiana,REG (Non-Conf),W 81-69,,15,1,6,.167,1,4,.250,0,2,.000,.250,0,0,,1,2,3,5,1,0,2,3,3,1.8,Jasmine Robinson,https://www.sports-reference.com/cbb/players/jasmine-robinson-3.html,troy,2020-21
2,93,2,2020-11-28,Troy,,Alabama A&M,REG (Non-Conf),L 69-80,,25,5,9,.556,3,4,.750,2,5,.400,.722,4,4,1.000,1,3,4,2,0,0,0,0,17,15.7,Jasmine Robinson,https://www.sports-reference.com/cbb/players/jasmine-robinson-3.html,troy,2020-21
3,94,3,2020-12-07,Troy,,LaGrange,REG (Non-Conf),W 131-57,*,24,3,5,.600,0,1,.000,3,4,.750,.600,0,2,.000,1,2,3,4,2,0,2,2,6,6.2,Jasmine Robinson,https://www.sports-reference.com/cbb/players/jasmine-robinson-3.html,troy,2020-21
4,95,4,2020-12-09,Troy,,Chattanooga,REG (Non-Conf),W 95-74,*,18,4,12,.333,0,3,.000,4,9,.444,.333,0,0,,2,0,2,0,0,0,3,1,8,-0.8,Jasmine Robinson,https://www.sports-reference.com/cbb/players/jasmine-robinson-3.html,troy,2020-21
5,96,5,2020-12-14,Troy,@,Mississippi State,REG (Non-Conf),L 76-103,*,25,2,10,.200,0,3,.000,2,7,.286,.200,4,4,1.000,0,1,1,2,1,0,3,1,8,1.1,Jasmine Robinson,https://www.sports-reference.com/cbb/players/jasmine-robinson-3.html,troy,2020-21
6,97,6,2020-12-17,Troy,@,Middle Tennessee,REG (Non-Conf),L 76-92,*,19,1,3,.333,0,1,.000,1,2,.500,.333,0,0,,0,1,1,4,1,0,0,2,2,3.6,Jasmine Robinson,https://www.sports-reference.com/cbb/players/jasmine-robinson-3.html,troy,2020-21
7,98,7,2020-12-20,Troy,,UT Southern,REG (Non-Conf),W 90-71,,26,1,1,1.000,0,0,,1,1,1.000,1.000,2,2,1.000,0,2,2,5,1,0,3,2,4,5.0,Jasmine Robinson,https://www.sports-reference.com/cbb/players/jasmine-robinson-3.html,troy,2020-21
8,99,10,2021-01-15,Troy,,Georgia Southern,REG (Conf),W 87-70,,17,1,2,.500,0,1,.000,1,1,1.000,.500,5,9,.556,0,1,1,5,2,0,1,0,7,9.2,Jasmine Robinson,https://www.sports-reference.com/cbb/players/jasmine-robinson-3.html,troy,2020-21
9,100,11,2021-01-16,Troy,,Georgia Southern,REG (Conf),W 82-69,,24,4,10,.400,1,3,.333,3,7,.429,.450,7,7,1.000,1,2,3,2,2,0,3,2,16,11.5,Jasmine Robinson,https://www.sports-reference.com/cbb/players/jasmine-robinson-3.html,troy,2020-21
10,101,12,2021-01-22,Troy,,Coastal Carolina,REG (Conf),W 104-59,,19,4,10,.400,0,2,.000,4,8,.500,.400,4,4,1.000,2,1,3,6,4,0,0,0,12,16.5,Jasmine Robinson,https://www.sports-reference.com/cbb/players/jasmine-robinson-3.html,troy,2020-21
11,102,13,2021-01-23,Troy,,Coastal Carolina,REG (Conf),W 84-53,,21,1,5,.200,0,1,.000,1,4,.250,.200,1,1,1.000,2,1,3,4,0,0,1,2,3,2.6,Jasmine Robinson,https://www.sports-reference.com/cbb/players/jasmine-robinson-3.html,troy,2020-21
12,103,14,2021-01-29,Troy,@,Appalachian State,REG (Conf),W 80-60,,20,3,8,.375,0,0,,3,8,.375,.375,2,2,1.000,2,2,4,4,2,0,3,3,8,6.2,Jasmine Robinson,https://www.sports-reference.com/cbb/players/jasmine-robinson-3.html,troy,2020-21
13,104,15,2021-01-30,Troy,@,Appalachian State,REG (Conf),W 74-52,,24,2,7,.286,0,1,.000,2,6,.333,.286,2,2,1.000,1,1,2,3,2,0,0,4,6,5.4,Jasmine Robinson,https://www.sports-reference.com/cbb/players/jasmine-robinson-3.html,troy,2020-21
14,105,16,2021-02-05,Troy,@,Georgia Southern,REG (Conf),L 91-96,,32,13,18,.722,6,9,.667,7,9,.778,.889,1,1,1.000,1,1,2,3,3,0,7,5,33,22.7,Jasmine Robinson,https://www.sports-reference.com/cbb/players/jasmine-robinson-3.html,troy,2020-21
15,106,17,2021-02-06,Troy,@,Georgia Southern,REG (Conf),W 92-83,*,31,5,16,.313,1,5,.200,4,11,.364,.344,9,9,1.000,0,4,4,5,2,0,1,3,20,15.3,Jasmine Robinson,https://www.sports-reference.com/cbb/players/jasmine-robinson-3.html,troy,2020-21
16,107,18,2021-02-11,Troy,,South Alabama,REG (Conf),W 85-45,*,24,2,7,.286,0,0,,2,7,.286,.286,1,2,.500,0,4,4,5,2,1,3,2,5,4.1,Jasmine Robinson,https://www.sports-reference.com/cbb/players/jasmine-robinson-3.html,troy,2020-21
17,108,19,2021-02-13,Troy,@,South Alabama,REG (Conf),W 84-77,*,31,2,7,.286,1,3,.333,1,4,.250,.357,10,15,.667,1,0,1,5,0,0,3,1,15,9.7,Jasmine Robinson,https://www.sports-reference.com/cbb/players/jasmine-robinson-3.html,troy,2020-21
18,109,20,2021-02-16,Troy,@,Georgia State,REG (Conf),W 91-70,*,25,4,9,.444,0,3,.000,4,6,.667,.444,2,4,.500,0,1,1,4,2,0,4,4,10,4.0,Jasmine Robinson,https://www.sports-reference.com/cbb/players/jasmine-robinson-3.html,troy,2020-21
19,110,21,2021-02-19,Troy,,Georgia State,REG (Conf),W 79-60,*,30,4,14,.286,3,6,.500,1,8,.125,.393,4,4,1.000,0,1,1,6,0,0,2,2,15,8.5,Jasmine Robinson,https://www.sports-reference.com/cbb/players/jasmine-robinson-3.html,troy,2020-21
20,111,22,2021-02-20,Troy,,Georgia State,REG (Conf),W 84-78,*,33,5,16,.313,2,7,.286,3,9,.333,.375,6,6,1.000,0,0,0,5,2,0,6,5,18,6.3,Jasmine Robinson,https://www.sports-reference.com/cbb/players/jasmine-robinson-3.html,troy,2020-21
21,112,23,2021-02-26,Troy,@,Coastal Carolina,REG (Conf),W 97-82,*,16,6,9,.667,3,5,.600,3,4,.750,.833,1,1,1.000,0,1,1,4,2,0,2,5,16,13.2,Jasmine Robinson,https://www.sports-reference.com/cbb/players/jasmine-robinson-3.html,troy,2020-21
22,113,24,2021-02-27,Troy,@,Coastal Carolina,REG (Conf),W 103-89,*,27,3,11,.273,1,3,.333,2,8,.250,.318,2,2,1.000,2,2,4,10,0,0,2,3,9,8.3,Jasmine Robinson,https://www.sports-reference.com/cbb/players/jasmine-robinson-3.html,troy,2020-21
23,114,25,2021-03-06,Troy,,Texas State,CTOURN,W 103-90 (OT),*,41,4,9,.444,2,4,.500,2,5,.400,.556,8,8,1.000,0,1,1,9,2,0,3,4,18,17.3,Jasmine Robinson,https://www.sports-reference.com/cbb/players/jasmine-robinson-3.html,troy,2020-21
24,115,26,2021-03-07,Troy,,Appalachian State,CTOURN,W 66-63,*,31,4,9,.444,2,3,.667,2,6,.333,.556,0,0,,1,1,2,3,0,0,4,1,10,4.0,Jasmine Robinson,https://www.sports-reference.com/cbb/players/jasmine-robinson-3.html,troy,2020-21
25,116,27,2021-03-08,Troy,@,Louisiana,CTOURN,W 73-65,*,39,6,20,.300,3,6,.500,3,14,.214,.375,2,2,1.000,0,5,5,9,2,0,1,0,17,14.2,Jasmine Robinson,https://www.sports-reference.com/cbb/players/jasmine-robinson-3.html,troy,2020-21
26,117,28,2021-03-22,Troy,N,Texas A&M,ROUND-64,L 80-84,*,23,1,12,.083,0,5,.000,1,7,.143,.083,2,2,1.000,1,2,3,5,1,0,3,4,4,-2.8,Jasmine Robinson,https://www.sports-reference.com/cbb/players/jasmine-robinson-3.html,troy,2020-21
