ranker,player_game_num_career,team_game_num_season,date,team_name_abbr,game_location,opp_name_abbr,game_type,game_result,is_starter,mp,fg,fga,fg_pct,fg3,fg3a,fg3_pct,fg2,fg2a,fg2_pct,efg_pct,ft,fta,ft_pct,orb,drb,trb,ast,stl,blk,tov,pf,pts,game_score,player_name,player_sr_link,school,season
1,1,1,2020-11-27,Troy,@,Southeastern Louisiana,REG (Non-Conf),W 81-69,,7,0,0,,0,0,,0,0,,,2,2,1.000,0,1,1,1,0,0,1,0,2,2.0,Jelissa Reese,https://www.sports-reference.com/cbb/players/jelissa-reese-1.html,troy,2020-21
2,2,2,2020-11-28,Troy,,Alabama A&M,REG (Non-Conf),L 69-80,,4,0,1,.000,0,0,,0,1,.000,.000,0,0,,2,0,2,0,0,0,0,0,0,0.7,Jelissa Reese,https://www.sports-reference.com/cbb/players/jelissa-reese-1.html,troy,2020-21
3,3,3,2020-12-07,Troy,,LaGrange,REG (Non-Conf),W 131-57,,18,3,5,.600,1,1,1.000,2,4,.500,.700,2,4,.500,1,4,5,2,1,0,0,1,9,9.8,Jelissa Reese,https://www.sports-reference.com/cbb/players/jelissa-reese-1.html,troy,2020-21
4,4,4,2020-12-09,Troy,,Chattanooga,REG (Non-Conf),W 95-74,,11,2,3,.667,0,0,,2,3,.667,.667,0,0,,0,2,2,1,0,0,0,4,4,2.4,Jelissa Reese,https://www.sports-reference.com/cbb/players/jelissa-reese-1.html,troy,2020-21
5,5,5,2020-12-14,Troy,@,Mississippi State,REG (Non-Conf),L 76-103,,8,1,3,.333,0,1,.000,1,2,.500,.333,0,0,,2,1,3,1,0,0,1,4,2,0.1,Jelissa Reese,https://www.sports-reference.com/cbb/players/jelissa-reese-1.html,troy,2020-21
6,6,6,2020-12-17,Troy,@,Middle Tennessee,REG (Non-Conf),L 76-92,,4,1,2,.500,1,2,.500,0,0,,.750,0,0,,0,0,0,0,0,0,0,1,3,1.6,Jelissa Reese,https://www.sports-reference.com/cbb/players/jelissa-reese-1.html,troy,2020-21
7,7,7,2020-12-20,Troy,,UT Southern,REG (Non-Conf),W 90-71,,5,0,1,.000,0,0,,0,1,.000,.000,0,0,,0,0,0,0,0,0,0,1,0,-1.1,Jelissa Reese,https://www.sports-reference.com/cbb/players/jelissa-reese-1.html,troy,2020-21
8,8,8,2021-01-01,Troy,,Appalachian State,REG (Conf),L 66-78,,3,0,0,,0,0,,0,0,,,0,0,,0,1,1,0,0,0,1,1,0,-1.1,Jelissa Reese,https://www.sports-reference.com/cbb/players/jelissa-reese-1.html,troy,2020-21
9,9,9,2021-01-02,Troy,,Appalachian State,REG (Conf),W 85-65,,8,0,0,,0,0,,0,0,,,0,0,,0,0,0,0,0,0,0,0,0,0.0,Jelissa Reese,https://www.sports-reference.com/cbb/players/jelissa-reese-1.html,troy,2020-21
10,10,10,2021-01-15,Troy,,Georgia Southern,REG (Conf),W 87-70,,17,1,3,.333,0,1,.000,1,2,.500,.333,2,2,1.000,2,4,6,0,1,0,3,1,4,2.5,Jelissa Reese,https://www.sports-reference.com/cbb/players/jelissa-reese-1.html,troy,2020-21
11,11,11,2021-01-16,Troy,,Georgia Southern,REG (Conf),W 82-69,,3,0,2,.000,0,0,,0,2,.000,.000,0,0,,0,0,0,0,0,0,1,1,0,-2.8,Jelissa Reese,https://www.sports-reference.com/cbb/players/jelissa-reese-1.html,troy,2020-21
12,12,12,2021-01-22,Troy,,Coastal Carolina,REG (Conf),W 104-59,,8,1,3,.333,0,1,.000,1,2,.500,.333,2,2,1.000,1,1,2,0,0,0,1,1,4,1.9,Jelissa Reese,https://www.sports-reference.com/cbb/players/jelissa-reese-1.html,troy,2020-21
13,13,13,2021-01-23,Troy,,Coastal Carolina,REG (Conf),W 84-53,,13,1,3,.333,0,1,.000,1,2,.500,.333,0,0,,1,1,2,2,0,0,1,0,2,1.7,Jelissa Reese,https://www.sports-reference.com/cbb/players/jelissa-reese-1.html,troy,2020-21
14,14,14,2021-01-29,Troy,@,Appalachian State,REG (Conf),W 80-60,,2,0,1,.000,0,0,,0,1,.000,.000,0,0,,0,0,0,0,0,0,0,0,0,-0.7,Jelissa Reese,https://www.sports-reference.com/cbb/players/jelissa-reese-1.html,troy,2020-21
15,15,15,2021-01-30,Troy,@,Appalachian State,REG (Conf),W 74-52,,3,0,1,.000,0,0,,0,1,.000,.000,0,0,,0,0,0,1,0,0,0,2,0,-0.8,Jelissa Reese,https://www.sports-reference.com/cbb/players/jelissa-reese-1.html,troy,2020-21
16,16,16,2021-02-05,Troy,@,Georgia Southern,REG (Conf),L 91-96,,5,0,0,,0,0,,0,0,,,0,0,,0,0,0,0,0,0,0,1,0,-0.4,Jelissa Reese,https://www.sports-reference.com/cbb/players/jelissa-reese-1.html,troy,2020-21
17,17,17,2021-02-06,Troy,@,Georgia Southern,REG (Conf),W 92-83,,1,0,0,,0,0,,0,0,,,0,0,,0,0,0,0,0,0,0,0,0,0.0,Jelissa Reese,https://www.sports-reference.com/cbb/players/jelissa-reese-1.html,troy,2020-21
18,18,18,2021-02-11,Troy,,South Alabama,REG (Conf),W 85-45,,9,2,2,1.000,0,0,,2,2,1.000,1.000,0,0,,2,4,6,2,1,0,1,2,4,6.6,Jelissa Reese,https://www.sports-reference.com/cbb/players/jelissa-reese-1.html,troy,2020-21
19,19,19,2021-02-13,Troy,@,South Alabama,REG (Conf),W 84-77,,2,0,0,,0,0,,0,0,,,0,0,,0,0,0,0,1,0,0,2,0,0.2,Jelissa Reese,https://www.sports-reference.com/cbb/players/jelissa-reese-1.html,troy,2020-21
20,20,20,2021-02-16,Troy,@,Georgia State,REG (Conf),W 91-70,,4,0,1,.000,0,0,,0,1,.000,.000,0,0,,0,1,1,0,0,0,0,1,0,-0.8,Jelissa Reese,https://www.sports-reference.com/cbb/players/jelissa-reese-1.html,troy,2020-21
21,21,21,2021-02-19,Troy,,Georgia State,REG (Conf),W 79-60,,2,0,0,,0,0,,0,0,,,0,0,,0,0,0,0,0,0,0,0,0,0.0,Jelissa Reese,https://www.sports-reference.com/cbb/players/jelissa-reese-1.html,troy,2020-21
22,22,22,2021-02-20,Troy,,Georgia State,REG (Conf),W 84-78,,6,0,2,.000,0,0,,0,2,.000,.000,0,0,,1,3,4,0,0,0,1,1,0,-1.2,Jelissa Reese,https://www.sports-reference.com/cbb/players/jelissa-reese-1.html,troy,2020-21
23,23,23,2021-02-26,Troy,@,Coastal Carolina,REG (Conf),W 97-82,,10,3,7,.429,0,0,,3,7,.429,.429,0,0,,2,2,4,0,1,0,0,2,6,4.5,Jelissa Reese,https://www.sports-reference.com/cbb/players/jelissa-reese-1.html,troy,2020-21
24,24,24,2021-02-27,Troy,@,Coastal Carolina,REG (Conf),W 103-89,,4,0,1,.000,0,0,,0,1,.000,.000,0,0,,1,0,1,0,0,0,0,0,0,0.0,Jelissa Reese,https://www.sports-reference.com/cbb/players/jelissa-reese-1.html,troy,2020-21
25,25,25,2021-03-06,Troy,,Texas State,CTOURN,W 103-90 (OT),,1,0,1,.000,0,0,,0,1,.000,.000,0,0,,0,0,0,0,0,0,1,0,0,-1.7,Jelissa Reese,https://www.sports-reference.com/cbb/players/jelissa-reese-1.html,troy,2020-21
26,26,26,2021-03-07,Troy,,Appalachian State,CTOURN,W 66-63,,11,1,2,.500,0,0,,1,2,.500,.500,0,0,,0,0,0,0,2,0,0,0,2,3.0,Jelissa Reese,https://www.sports-reference.com/cbb/players/jelissa-reese-1.html,troy,2020-21
