ranker,player_game_num_career,team_game_num_season,date,team_name_abbr,game_location,opp_name_abbr,game_type,game_result,is_starter,mp,fg,fga,fg_pct,fg3,fg3a,fg3_pct,fg2,fg2a,fg2_pct,efg_pct,ft,fta,ft_pct,orb,drb,trb,ast,stl,blk,tov,pf,pts,game_score,player_name,player_sr_link,school,season
1,25,6,2020-12-17,Troy,@,Middle Tennessee,REG (Non-Conf),L 76-92,,15,4,9,.444,2,3,.667,2,6,.333,.556,1,2,.500,1,3,4,2,2,2,1,2,11,10.5,Jhileiya Dunlap,https://www.sports-reference.com/cbb/players/jhileiya-dunlap-1.html,troy,2020-21
2,26,7,2020-12-20,Troy,,UT Southern,REG (Non-Conf),W 90-71,,15,6,9,.667,0,0,,6,9,.667,.667,0,2,.000,3,1,4,1,2,2,0,3,12,12.6,Jhileiya Dunlap,https://www.sports-reference.com/cbb/players/jhileiya-dunlap-1.html,troy,2020-21
3,27,8,2021-01-01,Troy,,Appalachian State,REG (Conf),L 66-78,,20,4,12,.333,0,1,.000,4,11,.364,.333,2,6,.333,3,3,6,1,1,3,5,5,10,1.4,Jhileiya Dunlap,https://www.sports-reference.com/cbb/players/jhileiya-dunlap-1.html,troy,2020-21
4,28,10,2021-01-15,Troy,,Georgia Southern,REG (Conf),W 87-70,,15,1,6,.167,0,1,.000,1,5,.200,.167,0,0,,0,0,0,1,0,2,0,0,2,0.3,Jhileiya Dunlap,https://www.sports-reference.com/cbb/players/jhileiya-dunlap-1.html,troy,2020-21
5,29,11,2021-01-16,Troy,,Georgia Southern,REG (Conf),W 82-69,,3,0,0,,0,0,,0,0,,,0,0,,0,0,0,0,0,0,0,1,0,-0.4,Jhileiya Dunlap,https://www.sports-reference.com/cbb/players/jhileiya-dunlap-1.html,troy,2020-21
6,30,12,2021-01-22,Troy,,Coastal Carolina,REG (Conf),W 104-59,,16,4,8,.500,0,0,,4,8,.500,.500,5,5,1.000,2,5,7,2,3,3,1,3,13,16.2,Jhileiya Dunlap,https://www.sports-reference.com/cbb/players/jhileiya-dunlap-1.html,troy,2020-21
7,31,13,2021-01-23,Troy,,Coastal Carolina,REG (Conf),W 84-53,,15,2,6,.333,0,1,.000,2,5,.400,.333,4,6,.667,3,1,4,0,0,1,1,2,8,5.1,Jhileiya Dunlap,https://www.sports-reference.com/cbb/players/jhileiya-dunlap-1.html,troy,2020-21
8,32,14,2021-01-29,Troy,@,Appalachian State,REG (Conf),W 80-60,,16,1,4,.250,0,1,.000,1,3,.333,.250,1,6,.167,2,3,5,2,1,1,0,2,3,3.2,Jhileiya Dunlap,https://www.sports-reference.com/cbb/players/jhileiya-dunlap-1.html,troy,2020-21
9,33,15,2021-01-30,Troy,@,Appalachian State,REG (Conf),W 74-52,,9,2,4,.500,0,0,,2,4,.500,.500,0,0,,2,1,3,0,1,1,0,3,4,4.2,Jhileiya Dunlap,https://www.sports-reference.com/cbb/players/jhileiya-dunlap-1.html,troy,2020-21
10,34,16,2021-02-05,Troy,@,Georgia Southern,REG (Conf),L 91-96,,6,0,2,.000,0,0,,0,2,.000,.000,1,2,.500,1,0,1,0,0,0,0,1,1,-0.5,Jhileiya Dunlap,https://www.sports-reference.com/cbb/players/jhileiya-dunlap-1.html,troy,2020-21
11,35,17,2021-02-06,Troy,@,Georgia Southern,REG (Conf),W 92-83,,12,3,7,.429,0,0,,3,7,.429,.429,1,3,.333,2,3,5,0,0,1,2,2,7,2.7,Jhileiya Dunlap,https://www.sports-reference.com/cbb/players/jhileiya-dunlap-1.html,troy,2020-21
12,36,18,2021-02-11,Troy,,South Alabama,REG (Conf),W 85-45,,12,1,3,.333,0,1,.000,1,2,.500,.333,0,0,,0,3,3,0,0,5,1,5,2,1.7,Jhileiya Dunlap,https://www.sports-reference.com/cbb/players/jhileiya-dunlap-1.html,troy,2020-21
13,37,19,2021-02-13,Troy,@,South Alabama,REG (Conf),W 84-77,,11,4,7,.571,0,0,,4,7,.571,.571,1,1,1.000,3,0,3,1,3,1,0,4,9,10.6,Jhileiya Dunlap,https://www.sports-reference.com/cbb/players/jhileiya-dunlap-1.html,troy,2020-21
14,38,20,2021-02-16,Troy,@,Georgia State,REG (Conf),W 91-70,,15,2,5,.400,0,0,,2,5,.400,.400,3,4,.750,2,3,5,0,1,4,1,5,7,7.0,Jhileiya Dunlap,https://www.sports-reference.com/cbb/players/jhileiya-dunlap-1.html,troy,2020-21
15,39,21,2021-02-19,Troy,,Georgia State,REG (Conf),W 79-60,,15,1,6,.167,0,0,,1,6,.167,.167,0,0,,2,4,6,0,0,2,1,4,2,-0.4,Jhileiya Dunlap,https://www.sports-reference.com/cbb/players/jhileiya-dunlap-1.html,troy,2020-21
16,40,22,2021-02-20,Troy,,Georgia State,REG (Conf),W 84-78,,10,1,3,.333,1,1,1.000,0,2,.000,.500,0,0,,0,2,2,0,0,5,0,4,3,3.8,Jhileiya Dunlap,https://www.sports-reference.com/cbb/players/jhileiya-dunlap-1.html,troy,2020-21
17,41,23,2021-02-26,Troy,@,Coastal Carolina,REG (Conf),W 97-82,,15,4,5,.800,0,0,,4,5,.800,.800,1,2,.500,3,2,5,2,2,2,3,1,9,10.8,Jhileiya Dunlap,https://www.sports-reference.com/cbb/players/jhileiya-dunlap-1.html,troy,2020-21
18,42,25,2021-03-06,Troy,,Texas State,CTOURN,W 103-90 (OT),,2,0,3,.000,0,1,.000,0,2,.000,.000,0,0,,0,0,0,1,0,1,0,3,0,-1.9,Jhileiya Dunlap,https://www.sports-reference.com/cbb/players/jhileiya-dunlap-1.html,troy,2020-21
19,43,26,2021-03-07,Troy,,Appalachian State,CTOURN,W 66-63,,5,1,2,.500,0,0,,1,2,.500,.500,0,0,,1,1,2,0,0,0,0,4,2,0.4,Jhileiya Dunlap,https://www.sports-reference.com/cbb/players/jhileiya-dunlap-1.html,troy,2020-21
20,44,27,2021-03-08,Troy,@,Louisiana,CTOURN,W 73-65,,9,2,4,.500,1,1,1.000,1,3,.333,.625,2,2,1.000,1,1,2,0,0,2,0,2,7,6.6,Jhileiya Dunlap,https://www.sports-reference.com/cbb/players/jhileiya-dunlap-1.html,troy,2020-21
21,45,28,2021-03-22,Troy,N,Texas A&M,ROUND-64,L 80-84,,6,1,1,1.000,0,0,,1,1,1.000,1.000,0,0,,0,1,1,0,0,1,0,1,2,2.3,Jhileiya Dunlap,https://www.sports-reference.com/cbb/players/jhileiya-dunlap-1.html,troy,2020-21
