ranker,player_game_num_career,team_game_num_season,date,team_name_abbr,game_location,opp_name_abbr,game_type,game_result,is_starter,mp,fg,fga,fg_pct,fg3,fg3a,fg2,fg2a,fg2_pct,efg_pct,ft,fta,ft_pct,orb,drb,trb,ast,stl,blk,tov,pf,pts,game_score,player_name,player_sr_link,school,season
1,1,1,2020-11-27,Troy,@,Southeastern Louisiana,REG (Non-Conf),W 81-69,,20,2,5,.400,0,0,2,5,.400,.400,1,1,1.000,2,3,5,0,0,1,0,1,5,4.9,Kennedi White,https://www.sports-reference.com/cbb/players/kennedi-white-1.html,troy,2020-21
2,2,2,2020-11-28,Troy,,Alabama A&M,REG (Non-Conf),L 69-80,,3,0,1,.000,0,0,0,1,.000,.000,0,2,.000,2,1,3,1,0,0,2,1,0,-1.5,Kennedi White,https://www.sports-reference.com/cbb/players/kennedi-white-1.html,troy,2020-21
3,3,3,2020-12-07,Troy,,LaGrange,REG (Non-Conf),W 131-57,,10,1,1,1.000,0,0,1,1,1.000,1.000,2,4,.500,1,3,4,0,0,1,2,1,4,2.8,Kennedi White,https://www.sports-reference.com/cbb/players/kennedi-white-1.html,troy,2020-21
4,4,4,2020-12-09,Troy,,Chattanooga,REG (Non-Conf),W 95-74,,7,0,3,.000,0,0,0,3,.000,.000,0,0,,3,0,3,1,0,0,0,5,0,-1.3,Kennedi White,https://www.sports-reference.com/cbb/players/kennedi-white-1.html,troy,2020-21
5,5,5,2020-12-14,Troy,@,Mississippi State,REG (Non-Conf),L 76-103,,7,0,3,.000,0,0,0,3,.000,.000,2,2,1.000,2,1,3,0,1,0,0,0,2,2.6,Kennedi White,https://www.sports-reference.com/cbb/players/kennedi-white-1.html,troy,2020-21
6,6,7,2020-12-20,Troy,,UT Southern,REG (Non-Conf),W 90-71,,4,0,0,,0,0,0,0,,,0,0,,0,1,1,0,0,0,0,0,0,0.3,Kennedi White,https://www.sports-reference.com/cbb/players/kennedi-white-1.html,troy,2020-21
