ranker,player_game_num_career,team_game_num_season,date,team_name_abbr,game_location,opp_name_abbr,game_type,game_result,is_starter,mp,fg,fga,fg_pct,fg3,fg3a,fg3_pct,fg2,fg2a,fg2_pct,efg_pct,ft,fta,ft_pct,orb,drb,trb,ast,stl,blk,tov,pf,pts,game_score,player_name,player_sr_link,school,season
1,1,1,2020-11-27,Troy,@,Southeastern Louisiana,REG (Non-Conf),W 81-69,*,16,1,4,.250,0,0,,1,4,.250,.250,1,2,.500,0,4,4,0,0,0,2,1,3,-1.0,Samira Moore,https://www.sports-reference.com/cbb/players/samira-moore-1.html,troy,2020-21
2,2,2,2020-11-28,Troy,,Alabama A&M,REG (Non-Conf),L 69-80,*,29,2,9,.222,0,0,,2,9,.222,.222,0,0,,5,1,6,0,0,2,0,4,4,2.1,Samira Moore,https://www.sports-reference.com/cbb/players/samira-moore-1.html,troy,2020-21
3,3,3,2020-12-07,Troy,,LaGrange,REG (Non-Conf),W 131-57,,15,4,5,.800,0,0,,4,5,.800,.800,2,2,1.000,1,1,2,1,0,0,0,2,10,9.0,Samira Moore,https://www.sports-reference.com/cbb/players/samira-moore-1.html,troy,2020-21
4,4,4,2020-12-09,Troy,,Chattanooga,REG (Non-Conf),W 95-74,,21,5,8,.625,0,0,,5,8,.625,.625,2,2,1.000,3,6,9,0,0,0,2,5,12,8.3,Samira Moore,https://www.sports-reference.com/cbb/players/samira-moore-1.html,troy,2020-21
5,5,5,2020-12-14,Troy,@,Mississippi State,REG (Non-Conf),L 76-103,,17,2,6,.333,0,1,.000,2,5,.400,.333,0,0,,0,6,6,0,1,0,0,0,4,3.4,Samira Moore,https://www.sports-reference.com/cbb/players/samira-moore-1.html,troy,2020-21
6,6,7,2020-12-20,Troy,,UT Southern,REG (Non-Conf),W 90-71,,13,1,3,.333,0,0,,1,3,.333,.333,0,0,,0,5,5,1,0,1,2,0,2,1.2,Samira Moore,https://www.sports-reference.com/cbb/players/samira-moore-1.html,troy,2020-21
7,7,8,2021-01-01,Troy,,Appalachian State,REG (Conf),L 66-78,,4,0,0,,0,0,,0,0,,,0,0,,0,0,0,0,1,0,0,2,0,0.2,Samira Moore,https://www.sports-reference.com/cbb/players/samira-moore-1.html,troy,2020-21
8,8,9,2021-01-02,Troy,,Appalachian State,REG (Conf),W 85-65,,12,1,4,.250,0,0,,1,4,.250,.250,0,0,,1,0,1,0,0,0,0,2,2,-0.5,Samira Moore,https://www.sports-reference.com/cbb/players/samira-moore-1.html,troy,2020-21
9,9,10,2021-01-15,Troy,,Georgia Southern,REG (Conf),W 87-70,,5,0,0,,0,0,,0,0,,,0,0,,0,0,0,1,0,1,0,1,0,1.0,Samira Moore,https://www.sports-reference.com/cbb/players/samira-moore-1.html,troy,2020-21
10,10,11,2021-01-16,Troy,,Georgia Southern,REG (Conf),W 82-69,,2,0,0,,0,0,,0,0,,,0,0,,0,0,0,0,0,0,0,0,0,0.0,Samira Moore,https://www.sports-reference.com/cbb/players/samira-moore-1.html,troy,2020-21
11,11,12,2021-01-22,Troy,,Coastal Carolina,REG (Conf),W 104-59,,10,1,2,.500,0,0,,1,2,.500,.500,0,0,,0,0,0,2,0,0,0,2,2,1.6,Samira Moore,https://www.sports-reference.com/cbb/players/samira-moore-1.html,troy,2020-21
12,12,13,2021-01-23,Troy,,Coastal Carolina,REG (Conf),W 84-53,,6,3,4,.750,0,0,,3,4,.750,.750,0,0,,1,0,1,0,1,0,0,0,6,6.1,Samira Moore,https://www.sports-reference.com/cbb/players/samira-moore-1.html,troy,2020-21
13,13,14,2021-01-29,Troy,@,Appalachian State,REG (Conf),W 80-60,,2,0,0,,0,0,,0,0,,,0,0,,0,0,0,0,0,0,0,1,0,-0.4,Samira Moore,https://www.sports-reference.com/cbb/players/samira-moore-1.html,troy,2020-21
