ranker,player_game_num_career,team_game_num_season,date,team_name_abbr,game_location,opp_name_abbr,game_type,game_result,is_starter,mp,fg,fga,fg_pct,fg3,fg3a,fg3_pct,fg2,fg2a,fg2_pct,efg_pct,ft,fta,ft_pct,orb,drb,trb,ast,stl,blk,tov,pf,pts,game_score,player_name,player_sr_link,school,season
1,1,1,2020-11-27,Troy,@,Southeastern Louisiana,REG (Non-Conf),W 81-69,,5,0,0,,0,0,,0,0,,,1,2,.500,1,1,2,1,1,0,0,1,1,2.9,Sharonica Hartsfield,https://www.sports-reference.com/cbb/players/sharonica-hartsfield-1.html,troy,2020-21
2,2,2,2020-11-28,Troy,,Alabama A&M,REG (Non-Conf),L 69-80,,11,0,1,.000,0,1,.000,0,0,,.000,0,0,,0,1,1,2,0,0,0,0,0,1.0,Sharonica Hartsfield,https://www.sports-reference.com/cbb/players/sharonica-hartsfield-1.html,troy,2020-21
3,3,3,2020-12-07,Troy,,LaGrange,REG (Non-Conf),W 131-57,,17,5,6,.833,1,1,1.000,4,5,.800,.917,2,3,.667,3,3,6,6,9,0,0,2,13,25.8,Sharonica Hartsfield,https://www.sports-reference.com/cbb/players/sharonica-hartsfield-1.html,troy,2020-21
4,4,4,2020-12-09,Troy,,Chattanooga,REG (Non-Conf),W 95-74,,20,1,4,.250,0,0,,1,4,.250,.250,0,0,,1,3,4,10,2,0,4,0,2,6.2,Sharonica Hartsfield,https://www.sports-reference.com/cbb/players/sharonica-hartsfield-1.html,troy,2020-21
5,5,5,2020-12-14,Troy,@,Mississippi State,REG (Non-Conf),L 76-103,,14,0,3,.000,0,1,.000,0,2,.000,.000,0,0,,0,0,0,4,1,0,3,2,0,-2.1,Sharonica Hartsfield,https://www.sports-reference.com/cbb/players/sharonica-hartsfield-1.html,troy,2020-21
6,6,6,2020-12-17,Troy,@,Middle Tennessee,REG (Non-Conf),L 76-92,,17,0,2,.000,0,0,,0,2,.000,.000,0,0,,1,1,2,5,1,0,1,2,0,2.3,Sharonica Hartsfield,https://www.sports-reference.com/cbb/players/sharonica-hartsfield-1.html,troy,2020-21
7,7,7,2020-12-20,Troy,,UT Southern,REG (Non-Conf),W 90-71,*,20,0,2,.000,0,1,.000,0,1,.000,.000,0,0,,0,1,1,5,5,0,4,2,0,2.6,Sharonica Hartsfield,https://www.sports-reference.com/cbb/players/sharonica-hartsfield-1.html,troy,2020-21
8,8,8,2021-01-01,Troy,,Appalachian State,REG (Conf),L 66-78,*,30,0,2,.000,0,1,.000,0,1,.000,.000,5,8,.625,1,1,2,0,3,0,1,2,5,4.6,Sharonica Hartsfield,https://www.sports-reference.com/cbb/players/sharonica-hartsfield-1.html,troy,2020-21
9,9,9,2021-01-02,Troy,,Appalachian State,REG (Conf),W 85-65,*,31,1,4,.250,0,2,.000,1,2,.500,.250,3,3,1.000,1,3,4,5,1,0,1,2,5,6.9,Sharonica Hartsfield,https://www.sports-reference.com/cbb/players/sharonica-hartsfield-1.html,troy,2020-21
10,10,10,2021-01-15,Troy,,Georgia Southern,REG (Conf),W 87-70,*,21,0,3,.000,0,2,.000,0,1,.000,.000,0,2,.000,2,1,3,6,2,0,2,3,0,1.8,Sharonica Hartsfield,https://www.sports-reference.com/cbb/players/sharonica-hartsfield-1.html,troy,2020-21
11,11,11,2021-01-16,Troy,,Georgia Southern,REG (Conf),W 82-69,*,25,0,6,.000,0,4,.000,0,2,.000,.000,0,0,,0,4,4,3,3,0,1,3,0,-0.1,Sharonica Hartsfield,https://www.sports-reference.com/cbb/players/sharonica-hartsfield-1.html,troy,2020-21
12,12,12,2021-01-22,Troy,,Coastal Carolina,REG (Conf),W 104-59,*,20,1,7,.143,0,6,.000,1,1,1.000,.143,0,0,,0,1,1,5,1,0,1,2,2,0.5,Sharonica Hartsfield,https://www.sports-reference.com/cbb/players/sharonica-hartsfield-1.html,troy,2020-21
13,13,13,2021-01-23,Troy,,Coastal Carolina,REG (Conf),W 84-53,*,18,3,4,.750,1,1,1.000,2,3,.667,.875,0,0,,0,1,1,4,1,0,0,0,7,9.5,Sharonica Hartsfield,https://www.sports-reference.com/cbb/players/sharonica-hartsfield-1.html,troy,2020-21
14,14,14,2021-01-29,Troy,@,Appalachian State,REG (Conf),W 80-60,*,23,0,4,.000,0,1,.000,0,3,.000,.000,0,0,,0,2,2,2,2,0,1,3,0,-1.0,Sharonica Hartsfield,https://www.sports-reference.com/cbb/players/sharonica-hartsfield-1.html,troy,2020-21
15,15,15,2021-01-30,Troy,@,Appalachian State,REG (Conf),W 74-52,*,18,2,3,.667,2,3,.667,0,0,,1.000,0,0,,1,3,4,3,0,0,4,2,6,3.6,Sharonica Hartsfield,https://www.sports-reference.com/cbb/players/sharonica-hartsfield-1.html,troy,2020-21
16,16,16,2021-02-05,Troy,@,Georgia Southern,REG (Conf),L 91-96,*,13,0,3,.000,0,1,.000,0,2,.000,.000,0,0,,0,1,1,1,1,0,6,2,0,-6.9,Sharonica Hartsfield,https://www.sports-reference.com/cbb/players/sharonica-hartsfield-1.html,troy,2020-21
17,17,17,2021-02-06,Troy,@,Georgia Southern,REG (Conf),W 92-83,,12,0,3,.000,0,2,.000,0,1,.000,.000,0,0,,0,3,3,1,3,0,1,2,0,0.7,Sharonica Hartsfield,https://www.sports-reference.com/cbb/players/sharonica-hartsfield-1.html,troy,2020-21
18,18,18,2021-02-11,Troy,,South Alabama,REG (Conf),W 85-45,,12,1,2,.500,0,0,,1,2,.500,.500,0,0,,0,1,1,3,1,0,0,0,2,4.4,Sharonica Hartsfield,https://www.sports-reference.com/cbb/players/sharonica-hartsfield-1.html,troy,2020-21
19,19,19,2021-02-13,Troy,@,South Alabama,REG (Conf),W 84-77,,16,1,2,.500,0,1,.000,1,1,1.000,.500,0,1,.000,0,1,1,2,3,0,3,2,2,1.5,Sharonica Hartsfield,https://www.sports-reference.com/cbb/players/sharonica-hartsfield-1.html,troy,2020-21
20,20,20,2021-02-16,Troy,@,Georgia State,REG (Conf),W 91-70,,21,2,5,.400,1,3,.333,1,2,.500,.500,0,0,,0,3,3,6,0,1,2,3,5,4.9,Sharonica Hartsfield,https://www.sports-reference.com/cbb/players/sharonica-hartsfield-1.html,troy,2020-21
21,21,21,2021-02-19,Troy,,Georgia State,REG (Conf),W 79-60,,21,3,3,1.000,2,2,1.000,1,1,1.000,1.333,0,0,,2,0,2,1,1,0,3,3,8,6.0,Sharonica Hartsfield,https://www.sports-reference.com/cbb/players/sharonica-hartsfield-1.html,troy,2020-21
22,22,22,2021-02-20,Troy,,Georgia State,REG (Conf),W 84-78,,14,0,4,.000,0,1,.000,0,3,.000,.000,3,4,.750,0,3,3,1,0,0,1,2,3,-0.4,Sharonica Hartsfield,https://www.sports-reference.com/cbb/players/sharonica-hartsfield-1.html,troy,2020-21
23,23,23,2021-02-26,Troy,@,Coastal Carolina,REG (Conf),W 97-82,,21,1,4,.250,1,2,.500,0,2,.000,.375,2,3,.667,0,3,3,6,1,0,2,0,5,6.3,Sharonica Hartsfield,https://www.sports-reference.com/cbb/players/sharonica-hartsfield-1.html,troy,2020-21
24,24,24,2021-02-27,Troy,@,Coastal Carolina,REG (Conf),W 103-89,,10,1,4,.250,1,3,.333,0,1,.000,.375,0,0,,0,0,0,2,1,0,2,2,3,0.2,Sharonica Hartsfield,https://www.sports-reference.com/cbb/players/sharonica-hartsfield-1.html,troy,2020-21
25,25,25,2021-03-06,Troy,,Texas State,CTOURN,W 103-90 (OT),,17,0,0,,0,0,,0,0,,,2,2,1.000,1,1,2,3,0,0,1,2,2,3.3,Sharonica Hartsfield,https://www.sports-reference.com/cbb/players/sharonica-hartsfield-1.html,troy,2020-21
26,26,26,2021-03-07,Troy,,Appalachian State,CTOURN,W 66-63,,13,1,1,1.000,1,1,1.000,0,0,,1.500,0,0,,0,0,0,2,1,0,0,2,3,4.3,Sharonica Hartsfield,https://www.sports-reference.com/cbb/players/sharonica-hartsfield-1.html,troy,2020-21
27,27,27,2021-03-08,Troy,@,Louisiana,CTOURN,W 73-65,,10,1,3,.333,0,0,,1,3,.333,.333,0,0,,0,1,1,0,1,0,0,2,2,0.8,Sharonica Hartsfield,https://www.sports-reference.com/cbb/players/sharonica-hartsfield-1.html,troy,2020-21
28,28,28,2021-03-22,Troy,N,Texas A&M,ROUND-64,L 80-84,,16,0,0,,0,0,,0,0,,,2,2,1.000,0,0,0,2,0,0,2,3,2,0.2,Sharonica Hartsfield,https://www.sports-reference.com/cbb/players/sharonica-hartsfield-1.html,troy,2020-21
