ranker,player_game_num_career,team_game_num_season,date,team_name_abbr,game_location,opp_name_abbr,game_type,game_result,is_starter,mp,fg,fga,fg_pct,fg3,fg3a,fg3_pct,fg2,fg2a,fg2_pct,efg_pct,ft,fta,ft_pct,orb,drb,trb,ast,stl,blk,tov,pf,pts,game_score,player_name,player_sr_link,school,season
1,30,1,2020-11-27,Troy,@,Southeastern Louisiana,REG (Non-Conf),W 81-69,*,32,5,6,.833,2,2,1.000,3,4,.750,1.000,7,12,.583,0,3,3,2,1,0,0,0,19,18.1,Tiyah Johnson,https://www.sports-reference.com/cbb/players/tiyah-johnson-1.html,troy,2020-21
2,31,2,2020-11-28,Troy,,Alabama A&M,REG (Non-Conf),L 69-80,*,30,3,19,.158,3,9,.333,0,10,.000,.237,2,2,1.000,2,0,2,0,1,0,0,3,11,0.1,Tiyah Johnson,https://www.sports-reference.com/cbb/players/tiyah-johnson-1.html,troy,2020-21
3,32,3,2020-12-07,Troy,,LaGrange,REG (Non-Conf),W 131-57,*,25,11,14,.786,4,4,1.000,7,10,.700,.929,4,5,.800,4,5,9,3,3,0,2,2,30,30.8,Tiyah Johnson,https://www.sports-reference.com/cbb/players/tiyah-johnson-1.html,troy,2020-21
4,33,4,2020-12-09,Troy,,Chattanooga,REG (Non-Conf),W 95-74,*,26,5,11,.455,1,4,.250,4,7,.571,.500,8,9,.889,2,2,4,2,2,1,0,2,19,18.2,Tiyah Johnson,https://www.sports-reference.com/cbb/players/tiyah-johnson-1.html,troy,2020-21
5,34,5,2020-12-14,Troy,@,Mississippi State,REG (Non-Conf),L 76-103,*,26,1,9,.111,1,5,.200,0,4,.000,.167,3,4,.750,4,1,5,3,2,0,2,1,6,4.5,Tiyah Johnson,https://www.sports-reference.com/cbb/players/tiyah-johnson-1.html,troy,2020-21
6,35,6,2020-12-17,Troy,@,Middle Tennessee,REG (Non-Conf),L 76-92,*,25,1,8,.125,0,3,.000,1,5,.200,.125,1,2,.500,0,5,5,1,1,0,0,1,3,0.2,Tiyah Johnson,https://www.sports-reference.com/cbb/players/tiyah-johnson-1.html,troy,2020-21
7,36,7,2020-12-20,Troy,,UT Southern,REG (Non-Conf),W 90-71,,12,1,2,.500,0,1,.000,1,1,1.000,.500,3,3,1.000,0,1,1,1,2,0,2,3,5,3.8,Tiyah Johnson,https://www.sports-reference.com/cbb/players/tiyah-johnson-1.html,troy,2020-21
8,37,8,2021-01-01,Troy,,Appalachian State,REG (Conf),L 66-78,,24,2,10,.200,1,5,.200,1,5,.200,.250,5,5,1.000,1,1,2,3,3,0,1,4,10,7.3,Tiyah Johnson,https://www.sports-reference.com/cbb/players/tiyah-johnson-1.html,troy,2020-21
9,38,9,2021-01-02,Troy,,Appalachian State,REG (Conf),W 85-65,*,27,1,4,.250,0,2,.000,1,2,.500,.250,1,2,.500,0,1,1,4,2,1,1,2,3,4.2,Tiyah Johnson,https://www.sports-reference.com/cbb/players/tiyah-johnson-1.html,troy,2020-21
10,39,10,2021-01-15,Troy,,Georgia Southern,REG (Conf),W 87-70,*,21,6,12,.500,1,3,.333,5,9,.556,.542,2,3,.667,4,1,5,0,1,0,2,4,15,9.1,Tiyah Johnson,https://www.sports-reference.com/cbb/players/tiyah-johnson-1.html,troy,2020-21
11,40,11,2021-01-16,Troy,,Georgia Southern,REG (Conf),W 82-69,*,30,6,13,.462,2,6,.333,4,7,.571,.538,1,2,.500,0,4,4,1,1,0,1,2,15,9.0,Tiyah Johnson,https://www.sports-reference.com/cbb/players/tiyah-johnson-1.html,troy,2020-21
12,41,12,2021-01-22,Troy,,Coastal Carolina,REG (Conf),W 104-59,*,20,7,11,.636,3,7,.429,4,4,1.000,.773,6,7,.857,2,2,4,1,2,1,2,2,23,20.3,Tiyah Johnson,https://www.sports-reference.com/cbb/players/tiyah-johnson-1.html,troy,2020-21
13,42,13,2021-01-23,Troy,,Coastal Carolina,REG (Conf),W 84-53,*,17,2,7,.286,1,5,.200,1,2,.500,.357,0,0,,1,2,3,1,1,0,1,1,5,2.5,Tiyah Johnson,https://www.sports-reference.com/cbb/players/tiyah-johnson-1.html,troy,2020-21
14,43,14,2021-01-29,Troy,@,Appalachian State,REG (Conf),W 80-60,*,33,8,19,.421,1,7,.143,7,12,.583,.447,0,0,,4,6,10,3,3,1,3,3,17,13.1,Tiyah Johnson,https://www.sports-reference.com/cbb/players/tiyah-johnson-1.html,troy,2020-21
15,44,15,2021-01-30,Troy,@,Appalachian State,REG (Conf),W 74-52,*,35,4,15,.267,1,6,.167,3,9,.333,.300,5,7,.714,2,1,3,3,1,0,4,2,14,4.3,Tiyah Johnson,https://www.sports-reference.com/cbb/players/tiyah-johnson-1.html,troy,2020-21
16,45,16,2021-02-05,Troy,@,Georgia Southern,REG (Conf),L 91-96,*,33,7,12,.583,2,4,.500,5,8,.625,.667,1,2,.500,0,1,1,0,3,0,0,2,17,13.5,Tiyah Johnson,https://www.sports-reference.com/cbb/players/tiyah-johnson-1.html,troy,2020-21
17,46,17,2021-02-06,Troy,@,Georgia Southern,REG (Conf),W 92-83,*,32,5,15,.333,2,8,.250,3,7,.429,.400,3,4,.750,5,1,6,0,1,0,0,3,15,9.7,Tiyah Johnson,https://www.sports-reference.com/cbb/players/tiyah-johnson-1.html,troy,2020-21
18,47,18,2021-02-11,Troy,,South Alabama,REG (Conf),W 85-45,*,23,9,13,.692,0,1,.000,9,12,.750,.692,3,5,.600,0,4,4,1,2,0,0,0,21,18.6,Tiyah Johnson,https://www.sports-reference.com/cbb/players/tiyah-johnson-1.html,troy,2020-21
19,48,19,2021-02-13,Troy,@,South Alabama,REG (Conf),W 84-77,*,29,4,14,.286,2,7,.286,2,7,.286,.357,1,4,.250,5,2,7,2,1,0,4,4,11,2.5,Tiyah Johnson,https://www.sports-reference.com/cbb/players/tiyah-johnson-1.html,troy,2020-21
20,49,20,2021-02-16,Troy,@,Georgia State,REG (Conf),W 91-70,*,31,5,16,.313,0,6,.000,5,10,.500,.313,3,4,.750,3,3,6,3,1,0,2,0,13,7.5,Tiyah Johnson,https://www.sports-reference.com/cbb/players/tiyah-johnson-1.html,troy,2020-21
21,50,21,2021-02-19,Troy,,Georgia State,REG (Conf),W 79-60,*,23,5,8,.625,3,4,.750,2,4,.500,.813,0,0,,1,7,8,1,0,0,2,1,13,10.5,Tiyah Johnson,https://www.sports-reference.com/cbb/players/tiyah-johnson-1.html,troy,2020-21
22,51,22,2021-02-20,Troy,,Georgia State,REG (Conf),W 84-78,*,32,4,8,.500,1,3,.333,3,5,.600,.563,2,2,1.000,3,1,4,0,2,0,0,4,11,9.8,Tiyah Johnson,https://www.sports-reference.com/cbb/players/tiyah-johnson-1.html,troy,2020-21
23,52,23,2021-02-26,Troy,@,Coastal Carolina,REG (Conf),W 97-82,*,26,2,11,.182,1,6,.167,1,5,.200,.227,0,0,,0,4,4,0,2,0,1,1,5,-0.1,Tiyah Johnson,https://www.sports-reference.com/cbb/players/tiyah-johnson-1.html,troy,2020-21
24,53,24,2021-02-27,Troy,@,Coastal Carolina,REG (Conf),W 103-89,*,30,6,12,.500,5,7,.714,1,5,.200,.708,4,4,1.000,4,1,5,2,0,0,1,2,21,17.7,Tiyah Johnson,https://www.sports-reference.com/cbb/players/tiyah-johnson-1.html,troy,2020-21
25,54,25,2021-03-06,Troy,,Texas State,CTOURN,W 103-90 (OT),*,35,3,10,.300,2,5,.400,1,5,.200,.400,4,4,1.000,1,6,7,2,0,0,1,2,12,8.3,Tiyah Johnson,https://www.sports-reference.com/cbb/players/tiyah-johnson-1.html,troy,2020-21
26,55,26,2021-03-07,Troy,,Appalachian State,CTOURN,W 66-63,*,32,4,13,.308,2,6,.333,2,7,.286,.385,0,0,,4,2,6,3,1,1,3,1,10,6.3,Tiyah Johnson,https://www.sports-reference.com/cbb/players/tiyah-johnson-1.html,troy,2020-21
27,56,27,2021-03-08,Troy,@,Louisiana,CTOURN,W 73-65,*,37,3,9,.333,1,4,.250,2,5,.400,.389,4,4,1.000,2,4,6,3,1,0,2,1,11,9.2,Tiyah Johnson,https://www.sports-reference.com/cbb/players/tiyah-johnson-1.html,troy,2020-21
28,57,28,2021-03-22,Troy,N,Texas A&M,ROUND-64,L 80-84,*,38,3,11,.273,1,8,.125,2,3,.667,.318,1,1,1.000,3,4,7,1,0,1,2,4,8,2.6,Tiyah Johnson,https://www.sports-reference.com/cbb/players/tiyah-johnson-1.html,troy,2020-21
