ranker,player_game_num_career,team_game_num_season,date,team_name_abbr,game_location,opp_name_abbr,game_type,game_result,is_starter,mp,fg,fga,fg_pct,fg3,fg3a,fg3_pct,fg2,fg2a,fg2_pct,efg_pct,ft,fta,ft_pct,orb,drb,trb,ast,stl,blk,tov,pf,pts,game_score,player_name,player_sr_link,school,season
1,27,1,2020-11-27,Troy,@,Southeastern Louisiana,REG (Non-Conf),W 81-69,,12,3,5,.600,0,0,,3,5,.600,.600,0,0,,1,3,4,1,0,0,0,2,6,5.2,Tyasia Moore,https://www.sports-reference.com/cbb/players/tyasia-moore-1.html,troy,2020-21
2,28,2,2020-11-28,Troy,,Alabama A&M,REG (Non-Conf),L 69-80,,25,5,10,.500,0,0,,5,10,.500,.500,4,7,.571,2,5,7,0,0,2,0,4,14,10.5,Tyasia Moore,https://www.sports-reference.com/cbb/players/tyasia-moore-1.html,troy,2020-21
3,29,3,2020-12-07,Troy,,LaGrange,REG (Non-Conf),W 131-57,*,19,7,11,.636,0,0,,7,11,.636,.636,1,2,.500,1,4,5,2,5,1,2,2,15,15.9,Tyasia Moore,https://www.sports-reference.com/cbb/players/tyasia-moore-1.html,troy,2020-21
4,30,4,2020-12-09,Troy,,Chattanooga,REG (Non-Conf),W 95-74,*,17,4,8,.500,0,0,,4,8,.500,.500,3,4,.750,3,3,6,1,4,0,0,5,11,12.3,Tyasia Moore,https://www.sports-reference.com/cbb/players/tyasia-moore-1.html,troy,2020-21
5,31,5,2020-12-14,Troy,@,Mississippi State,REG (Non-Conf),L 76-103,*,29,5,12,.417,0,0,,5,12,.417,.417,4,5,.800,2,5,7,0,0,0,1,3,14,7.9,Tyasia Moore,https://www.sports-reference.com/cbb/players/tyasia-moore-1.html,troy,2020-21
6,32,6,2020-12-17,Troy,@,Middle Tennessee,REG (Non-Conf),L 76-92,*,19,1,4,.250,0,0,,1,4,.250,.250,2,4,.500,2,4,6,1,1,0,1,2,4,3.3,Tyasia Moore,https://www.sports-reference.com/cbb/players/tyasia-moore-1.html,troy,2020-21
7,33,7,2020-12-20,Troy,,UT Southern,REG (Non-Conf),W 90-71,*,17,7,11,.636,0,0,,7,11,.636,.636,2,3,.667,2,4,6,1,1,1,4,2,16,10.9,Tyasia Moore,https://www.sports-reference.com/cbb/players/tyasia-moore-1.html,troy,2020-21
8,34,8,2021-01-01,Troy,,Appalachian State,REG (Conf),L 66-78,*,16,2,7,.286,0,0,,2,7,.286,.286,2,2,1.000,3,3,6,2,1,0,1,3,6,5.1,Tyasia Moore,https://www.sports-reference.com/cbb/players/tyasia-moore-1.html,troy,2020-21
9,35,9,2021-01-02,Troy,,Appalachian State,REG (Conf),W 85-65,*,28,9,16,.563,0,0,,9,16,.563,.563,4,4,1.000,4,9,13,4,1,0,4,1,22,19.3,Tyasia Moore,https://www.sports-reference.com/cbb/players/tyasia-moore-1.html,troy,2020-21
10,36,10,2021-01-15,Troy,,Georgia Southern,REG (Conf),W 87-70,,12,2,4,.500,0,0,,2,4,.500,.500,0,0,,0,1,1,1,1,0,1,1,4,2.6,Tyasia Moore,https://www.sports-reference.com/cbb/players/tyasia-moore-1.html,troy,2020-21
11,37,11,2021-01-16,Troy,,Georgia Southern,REG (Conf),W 82-69,,13,2,7,.286,0,0,,2,7,.286,.286,2,2,1.000,1,2,3,0,0,0,1,2,6,1.4,Tyasia Moore,https://www.sports-reference.com/cbb/players/tyasia-moore-1.html,troy,2020-21
12,38,12,2021-01-22,Troy,,Coastal Carolina,REG (Conf),W 104-59,,8,2,6,.333,0,0,,2,6,.333,.333,2,2,1.000,3,0,3,0,0,0,0,3,6,3.5,Tyasia Moore,https://www.sports-reference.com/cbb/players/tyasia-moore-1.html,troy,2020-21
13,39,13,2021-01-23,Troy,,Coastal Carolina,REG (Conf),W 84-53,,14,5,10,.500,0,1,.000,5,9,.556,.500,0,2,.000,4,1,5,1,2,0,1,3,10,7.8,Tyasia Moore,https://www.sports-reference.com/cbb/players/tyasia-moore-1.html,troy,2020-21
14,40,14,2021-01-29,Troy,@,Appalachian State,REG (Conf),W 80-60,,21,5,8,.625,1,1,1.000,4,7,.571,.688,3,3,1.000,3,3,6,0,1,0,2,1,14,12.0,Tyasia Moore,https://www.sports-reference.com/cbb/players/tyasia-moore-1.html,troy,2020-21
15,41,15,2021-01-30,Troy,@,Appalachian State,REG (Conf),W 74-52,,23,3,6,.500,0,1,.000,3,5,.600,.500,4,7,.571,4,4,8,1,3,0,2,4,10,9.9,Tyasia Moore,https://www.sports-reference.com/cbb/players/tyasia-moore-1.html,troy,2020-21
16,42,16,2021-02-05,Troy,@,Georgia Southern,REG (Conf),L 91-96,,15,3,7,.429,0,0,,3,7,.429,.429,0,0,,1,2,3,0,0,0,0,2,6,2.8,Tyasia Moore,https://www.sports-reference.com/cbb/players/tyasia-moore-1.html,troy,2020-21
17,43,17,2021-02-06,Troy,@,Georgia Southern,REG (Conf),W 92-83,,13,2,8,.250,0,1,.000,2,7,.286,.250,0,0,,1,3,4,0,1,0,1,3,4,-0.4,Tyasia Moore,https://www.sports-reference.com/cbb/players/tyasia-moore-1.html,troy,2020-21
18,44,18,2021-02-11,Troy,,South Alabama,REG (Conf),W 85-45,,17,7,13,.538,0,0,,7,13,.538,.538,0,0,,2,6,8,0,3,0,1,1,14,12.5,Tyasia Moore,https://www.sports-reference.com/cbb/players/tyasia-moore-1.html,troy,2020-21
19,45,19,2021-02-13,Troy,@,South Alabama,REG (Conf),W 84-77,,25,4,11,.364,0,0,,4,11,.364,.364,0,1,.000,1,8,9,1,1,1,2,4,8,3.4,Tyasia Moore,https://www.sports-reference.com/cbb/players/tyasia-moore-1.html,troy,2020-21
20,46,20,2021-02-16,Troy,@,Georgia State,REG (Conf),W 91-70,,24,7,13,.538,0,0,,7,13,.538,.538,6,6,1.000,2,8,10,1,0,0,2,3,20,15.0,Tyasia Moore,https://www.sports-reference.com/cbb/players/tyasia-moore-1.html,troy,2020-21
21,47,21,2021-02-19,Troy,,Georgia State,REG (Conf),W 79-60,,19,6,12,.500,0,1,.000,6,11,.545,.500,1,2,.500,1,6,7,3,2,0,1,2,13,11.4,Tyasia Moore,https://www.sports-reference.com/cbb/players/tyasia-moore-1.html,troy,2020-21
22,48,22,2021-02-20,Troy,,Georgia State,REG (Conf),W 84-78,,13,0,2,.000,0,0,,0,2,.000,.000,3,4,.750,2,1,3,0,0,0,0,3,3,1.7,Tyasia Moore,https://www.sports-reference.com/cbb/players/tyasia-moore-1.html,troy,2020-21
23,49,23,2021-02-26,Troy,@,Coastal Carolina,REG (Conf),W 97-82,,13,1,7,.143,0,1,.000,1,6,.167,.143,1,2,.500,0,3,3,0,2,1,1,3,3,-0.5,Tyasia Moore,https://www.sports-reference.com/cbb/players/tyasia-moore-1.html,troy,2020-21
24,50,24,2021-02-27,Troy,@,Coastal Carolina,REG (Conf),W 103-89,,19,5,13,.385,0,1,.000,5,12,.417,.385,7,8,.875,7,7,14,0,0,0,3,3,17,12.3,Tyasia Moore,https://www.sports-reference.com/cbb/players/tyasia-moore-1.html,troy,2020-21
25,51,25,2021-03-06,Troy,,Texas State,CTOURN,W 103-90 (OT),,21,3,6,.500,0,0,,3,6,.500,.500,1,2,.500,1,5,6,0,0,0,3,3,7,1.6,Tyasia Moore,https://www.sports-reference.com/cbb/players/tyasia-moore-1.html,troy,2020-21
26,52,26,2021-03-07,Troy,,Appalachian State,CTOURN,W 66-63,,13,1,6,.167,0,1,.000,1,5,.200,.167,2,2,1.000,2,2,4,3,0,0,2,2,4,1.5,Tyasia Moore,https://www.sports-reference.com/cbb/players/tyasia-moore-1.html,troy,2020-21
27,53,27,2021-03-08,Troy,@,Louisiana,CTOURN,W 73-65,,11,3,4,.750,0,0,,3,4,.750,.750,1,2,.500,1,1,2,1,1,0,1,0,7,6.7,Tyasia Moore,https://www.sports-reference.com/cbb/players/tyasia-moore-1.html,troy,2020-21
28,54,28,2021-03-22,Troy,N,Texas A&M,ROUND-64,L 80-84,,14,3,7,.429,0,0,,3,7,.429,.429,1,2,.500,5,3,8,0,0,0,4,5,7,1.3,Tyasia Moore,https://www.sports-reference.com/cbb/players/tyasia-moore-1.html,troy,2020-21
