ranker,player_game_num_career,team_game_num_season,date,team_name_abbr,game_location,opp_name_abbr,game_type,game_result,is_starter,mp,fg,fga,fg_pct,fg3,fg3a,fg3_pct,fg2,fg2a,fg2_pct,efg_pct,ft,fta,ft_pct,orb,drb,trb,ast,stl,blk,tov,pf,pts,game_score,player_name,player_sr_link,school,season
1,1,1,2024-11-04,Florida,,Florida Atlantic,REG (Non-Conf),W 82-54,,8,0,0,,0,0,,0,0,,,0,0,,0,0,0,0,0,1,1,1,0,-0.7,Daviane Mindoudi,https://www.sports-reference.com/cbb/players/daviane-mindoudi-1.html,florida,2024-25
2,2,2,2024-11-07,Florida,,Florida A&M,REG (Non-Conf),W 102-67,,13,2,3,.667,1,1,1.000,1,2,.500,.833,0,0,,0,0,0,1,1,0,0,0,5,5.4,Daviane Mindoudi,https://www.sports-reference.com/cbb/players/daviane-mindoudi-1.html,florida,2024-25
3,3,3,2024-11-12,Florida,,Chicago State,REG (Non-Conf),W 104-35,,19,1,3,.333,0,2,.000,1,1,1.000,.333,0,0,,0,1,1,0,1,1,1,1,2,0.9,Daviane Mindoudi,https://www.sports-reference.com/cbb/players/daviane-mindoudi-1.html,florida,2024-25
4,4,4,2024-11-16,Florida,,Miami (FL),REG (Non-Conf),L 73-83,,4,0,1,.000,0,0,,0,1,.000,.000,0,0,,0,0,0,0,0,0,0,0,0,-0.7,Daviane Mindoudi,https://www.sports-reference.com/cbb/players/daviane-mindoudi-1.html,florida,2024-25
5,5,5,2024-11-22,Florida,@,Florida State,REG (Non-Conf),L 74-98,,3,0,0,,0,0,,0,0,,,0,0,,0,0,0,0,0,0,0,1,0,-0.4,Daviane Mindoudi,https://www.sports-reference.com/cbb/players/daviane-mindoudi-1.html,florida,2024-25
6,6,8,2024-12-02,Florida,,Hofstra,REG (Non-Conf),W 75-48,,7,0,1,.000,0,0,,0,1,.000,.000,0,0,,0,0,0,0,0,0,0,0,0,-0.7,Daviane Mindoudi,https://www.sports-reference.com/cbb/players/daviane-mindoudi-1.html,florida,2024-25
7,7,10,2024-12-08,Florida,,Marshall,REG (Non-Conf),W 82-63,,1,0,0,,0,0,,0,0,,,0,0,,0,0,0,1,0,0,0,0,0,0.7,Daviane Mindoudi,https://www.sports-reference.com/cbb/players/daviane-mindoudi-1.html,florida,2024-25
8,8,11,2024-12-15,Florida,,Longwood,REG (Non-Conf),W 93-65,,9,1,1,1.000,0,0,,1,1,1.000,1.000,0,0,,1,0,1,0,1,0,1,0,2,2.4,Daviane Mindoudi,https://www.sports-reference.com/cbb/players/daviane-mindoudi-1.html,florida,2024-25
9,9,12,2024-12-18,Florida,N,North Carolina,REG (Non-Conf),L 57-77,,9,1,2,.500,1,1,1.000,0,1,.000,.750,0,0,,2,2,4,1,0,0,0,1,3,4.3,Daviane Mindoudi,https://www.sports-reference.com/cbb/players/daviane-mindoudi-1.html,florida,2024-25
10,10,13,2024-12-21,Florida,,North Florida,REG (Non-Conf),W 75-47,,8,0,0,,0,0,,0,0,,,0,0,,0,0,0,1,1,1,0,0,0,2.4,Daviane Mindoudi,https://www.sports-reference.com/cbb/players/daviane-mindoudi-1.html,florida,2024-25
11,11,14,2024-12-29,Florida,,Alabama State,REG (Non-Conf),W 88-31,,14,2,4,.500,1,3,.333,1,1,1.000,.625,0,0,,1,0,1,0,1,0,0,0,5,4.7,Daviane Mindoudi,https://www.sports-reference.com/cbb/players/daviane-mindoudi-1.html,florida,2024-25
12,12,17,2025-01-09,Florida,,Kentucky,REG (Conf),L 55-71,,6,0,0,,0,0,,0,0,,,0,0,,0,0,0,0,0,0,0,0,0,0.0,Daviane Mindoudi,https://www.sports-reference.com/cbb/players/daviane-mindoudi-1.html,florida,2024-25
13,13,18,2025-01-12,Florida,@,Missouri,REG (Conf),W 93-67,,2,0,0,,0,0,,0,0,,,0,0,,0,0,0,0,0,0,0,1,0,-0.4,Daviane Mindoudi,https://www.sports-reference.com/cbb/players/daviane-mindoudi-1.html,florida,2024-25
14,14,19,2025-01-16,Florida,@,Ole Miss,REG (Conf),L 69-94,,2,0,0,,0,0,,0,0,,,0,0,,0,0,0,0,0,0,0,0,0,0.0,Daviane Mindoudi,https://www.sports-reference.com/cbb/players/daviane-mindoudi-1.html,florida,2024-25
15,15,21,2025-01-26,Florida,@,Auburn,REG (Conf),L 51-74,,5,0,0,,0,0,,0,0,,,0,0,,0,0,0,0,1,0,0,0,0,1.0,Daviane Mindoudi,https://www.sports-reference.com/cbb/players/daviane-mindoudi-1.html,florida,2024-25
16,16,23,2025-02-03,Florida,@,Arkansas,REG (Conf),W 108-78,,8,2,2,1.000,2,2,1.000,0,0,,1.500,2,2,1.000,0,0,0,0,0,1,0,2,8,7.3,Daviane Mindoudi,https://www.sports-reference.com/cbb/players/daviane-mindoudi-1.html,florida,2024-25
17,17,25,2025-02-13,Florida,@,South Carolina,REG (Conf),L 63-101,,2,1,1,1.000,0,0,,1,1,1.000,1.000,0,0,,1,0,1,0,0,0,0,0,2,2.4,Daviane Mindoudi,https://www.sports-reference.com/cbb/players/daviane-mindoudi-1.html,florida,2024-25
18,18,27,2025-02-20,Florida,@,Texas A&M,REG (Conf),W 74-52,,8,0,1,.000,0,1,.000,0,0,,.000,0,0,,0,0,0,0,0,1,0,1,0,-0.4,Daviane Mindoudi,https://www.sports-reference.com/cbb/players/daviane-mindoudi-1.html,florida,2024-25
19,19,29,2025-02-27,Florida,,Oklahoma,REG (Conf),L 65-89,,3,0,1,.000,0,1,.000,0,0,,.000,0,0,,3,0,3,0,0,0,1,0,0,0.4,Daviane Mindoudi,https://www.sports-reference.com/cbb/players/daviane-mindoudi-1.html,florida,2024-25
20,20,30,2025-03-02,Florida,@,Texas,REG (Conf),L 46-72,,5,0,2,.000,0,0,,0,2,.000,.000,0,0,,0,0,0,0,0,0,1,0,0,-2.4,Daviane Mindoudi,https://www.sports-reference.com/cbb/players/daviane-mindoudi-1.html,florida,2024-25
21,21,33,2025-03-07,Florida,N,Louisiana State,CTOURN,L 87-101,,1,0,0,,0,0,,0,0,,,0,0,,0,0,0,0,0,0,0,0,0,0.0,Daviane Mindoudi,https://www.sports-reference.com/cbb/players/daviane-mindoudi-1.html,florida,2024-25
22,22,35,2025-03-23,Florida,@,UNLV,WBIT,W 86-84,,3,0,0,,0,0,,0,0,,,0,0,,0,0,0,0,0,0,0,0,0,0.0,Daviane Mindoudi,https://www.sports-reference.com/cbb/players/daviane-mindoudi-1.html,florida,2024-25
23,23,36,2025-03-27,Florida,,Texas Tech,WBIT,W 67-63,,2,0,0,,0,0,,0,0,,,0,0,,0,0,0,0,0,0,0,0,0,0.0,Daviane Mindoudi,https://www.sports-reference.com/cbb/players/daviane-mindoudi-1.html,florida,2024-25
