ranker,player_game_num_career,team_game_num_season,date,team_name_abbr,game_location,opp_name_abbr,game_type,game_result,is_starter,mp,fg,fga,fg_pct,fg3,fg3a,fg3_pct,fg2,fg2a,fg2_pct,efg_pct,ft,fta,ft_pct,orb,drb,trb,ast,stl,blk,tov,pf,pts,game_score,player_name,player_sr_link,school,season
1,1,1,2019-11-08,Cornell,@,Albany (NY),REG (Non-Conf),W 71-51,,13,3,6,.500,1,2,.500,2,4,.500,.583,0,0,,1,3,4,1,0,0,2,2,7,3.5,Ania McNicholas,https://www.sports-reference.com/cbb/players/ania-mcnicholas-1.html,cornell,2019-20
2,2,2,2019-11-10,Cornell,@,TCU,REG (Non-Conf),L 49-59,,3,0,1,.000,0,0,,0,1,.000,.000,2,3,.667,0,0,0,0,0,0,1,0,2,-0.1,Ania McNicholas,https://www.sports-reference.com/cbb/players/ania-mcnicholas-1.html,cornell,2019-20
3,3,3,2019-11-14,Cornell,,Colgate,REG (Non-Conf),L 58-62,,5,0,0,,0,0,,0,0,,,0,0,,0,1,1,0,0,0,1,1,0,-1.1,Ania McNicholas,https://www.sports-reference.com/cbb/players/ania-mcnicholas-1.html,cornell,2019-20
4,4,4,2019-11-16,Cornell,,NJIT,REG (Non-Conf),W 68-44,,10,1,1,1.000,1,1,1.000,0,0,,1.500,1,2,.500,0,1,1,0,1,0,3,0,4,1.6,Ania McNicholas,https://www.sports-reference.com/cbb/players/ania-mcnicholas-1.html,cornell,2019-20
5,5,5,2019-11-21,Cornell,,Niagara,REG (Non-Conf),W 82-59,,5,0,0,,0,0,,0,0,,,3,4,.750,0,1,1,1,1,0,0,0,3,4.6,Ania McNicholas,https://www.sports-reference.com/cbb/players/ania-mcnicholas-1.html,cornell,2019-20
6,6,6,2019-11-23,Cornell,@,Delaware State,REG (Non-Conf),W 77-51,,0,0,0,,0,0,,0,0,,,0,0,,0,0,0,0,0,0,0,0,0,0.0,Ania McNicholas,https://www.sports-reference.com/cbb/players/ania-mcnicholas-1.html,cornell,2019-20
7,7,7,2019-11-27,Cornell,@,UMass Lowell,REG (Non-Conf),W 70-56,,7,1,5,.200,0,2,.000,1,3,.333,.200,0,0,,2,0,2,0,0,0,1,3,2,-1.9,Ania McNicholas,https://www.sports-reference.com/cbb/players/ania-mcnicholas-1.html,cornell,2019-20
8,8,8,2019-12-05,Cornell,,Binghamton,REG (Non-Conf),L 56-59,,3,0,0,,0,0,,0,0,,,0,0,,0,0,0,1,0,0,0,0,0,0.7,Ania McNicholas,https://www.sports-reference.com/cbb/players/ania-mcnicholas-1.html,cornell,2019-20
9,9,9,2019-12-10,Cornell,,Duquesne,REG (Non-Conf),L 62-72,,1,0,0,,0,0,,0,0,,,0,0,,0,0,0,0,0,0,0,1,0,-0.4,Ania McNicholas,https://www.sports-reference.com/cbb/players/ania-mcnicholas-1.html,cornell,2019-20
10,10,10,2019-12-29,Cornell,@,St. Bonaventure,REG (Non-Conf),W 70-42,,8,1,1,1.000,0,0,,1,1,1.000,1.000,0,0,,0,2,2,0,1,0,3,2,2,-0.5,Ania McNicholas,https://www.sports-reference.com/cbb/players/ania-mcnicholas-1.html,cornell,2019-20
11,11,14,2020-01-25,Cornell,,Columbia,REG (Conf),W 80-77 (OT),,6,0,1,.000,0,1,.000,0,0,,.000,0,0,,1,0,1,1,0,0,0,2,0,-0.1,Ania McNicholas,https://www.sports-reference.com/cbb/players/ania-mcnicholas-1.html,cornell,2019-20
12,12,15,2020-01-31,Cornell,,Brown,REG (Conf),W 74-63,,4,0,3,.000,0,1,.000,0,2,.000,.000,0,0,,0,1,1,1,1,0,0,1,0,-0.5,Ania McNicholas,https://www.sports-reference.com/cbb/players/ania-mcnicholas-1.html,cornell,2019-20
13,13,17,2020-02-07,Cornell,@,Princeton,REG (Conf),L 29-60,,11,0,2,.000,0,1,.000,0,1,.000,.000,2,2,1.000,0,0,0,0,1,0,1,2,2,-0.2,Ania McNicholas,https://www.sports-reference.com/cbb/players/ania-mcnicholas-1.html,cornell,2019-20
14,14,18,2020-02-08,Cornell,@,Pennsylvania,REG (Conf),L 41-63,,1,0,0,,0,0,,0,0,,,0,0,,0,0,0,0,0,0,0,0,0,0.0,Ania McNicholas,https://www.sports-reference.com/cbb/players/ania-mcnicholas-1.html,cornell,2019-20
15,15,19,2020-02-14,Cornell,,Harvard,REG (Conf),L 58-73,,1,0,1,.000,0,0,,0,1,.000,.000,0,0,,0,0,0,0,0,0,0,0,0,-0.7,Ania McNicholas,https://www.sports-reference.com/cbb/players/ania-mcnicholas-1.html,cornell,2019-20
16,16,21,2020-02-21,Cornell,@,Yale,REG (Conf),L 51-65,,7,0,0,,0,0,,0,0,,,0,0,,0,0,0,0,0,0,1,3,0,-2.2,Ania McNicholas,https://www.sports-reference.com/cbb/players/ania-mcnicholas-1.html,cornell,2019-20
17,17,25,2020-03-06,Cornell,,Pennsylvania,REG (Conf),L 46-67,,7,2,3,.667,0,0,,2,3,.667,.667,0,0,,0,0,0,1,0,0,0,0,4,3.4,Ania McNicholas,https://www.sports-reference.com/cbb/players/ania-mcnicholas-1.html,cornell,2019-20
