ranker,player_game_num_career,team_game_num_season,date,team_name_abbr,game_location,opp_name_abbr,game_type,game_result,is_starter,mp,fg,fga,fg_pct,fg3,fg3a,fg3_pct,fg2,fg2a,fg2_pct,efg_pct,ft,fta,ft_pct,orb,drb,trb,ast,stl,blk,tov,pf,pts,game_score,player_name,player_sr_link,school,season
1,63,5,2019-11-21,Cornell,,Niagara,REG (Non-Conf),W 82-59,,8,1,1,1.000,0,0,,1,1,1.000,1.000,0,0,,0,1,1,1,1,0,1,0,2,2.7,Danielle Jorgenson,https://www.sports-reference.com/cbb/players/danielle-jorgenson-2.html,cornell,2019-20
2,64,6,2019-11-23,Cornell,@,Delaware State,REG (Non-Conf),W 77-51,,22,4,6,.667,2,4,.500,2,2,1.000,.833,1,2,.500,0,4,4,3,1,0,1,2,11,10.5,Danielle Jorgenson,https://www.sports-reference.com/cbb/players/danielle-jorgenson-2.html,cornell,2019-20
3,65,8,2019-12-05,Cornell,,Binghamton,REG (Non-Conf),L 56-59,,9,0,0,,0,0,,0,0,,,0,0,,0,0,0,1,1,0,0,0,0,1.7,Danielle Jorgenson,https://www.sports-reference.com/cbb/players/danielle-jorgenson-2.html,cornell,2019-20
4,66,9,2019-12-10,Cornell,,Duquesne,REG (Non-Conf),L 62-72,,8,1,2,.500,0,0,,1,2,.500,.500,0,0,,0,0,0,0,1,0,2,0,2,0.0,Danielle Jorgenson,https://www.sports-reference.com/cbb/players/danielle-jorgenson-2.html,cornell,2019-20
5,67,10,2019-12-29,Cornell,@,St. Bonaventure,REG (Non-Conf),W 70-42,,16,0,2,.000,0,2,.000,0,0,,.000,1,2,.500,0,1,1,2,0,0,5,1,1,-4.5,Danielle Jorgenson,https://www.sports-reference.com/cbb/players/danielle-jorgenson-2.html,cornell,2019-20
6,68,11,2019-12-31,Cornell,@,West Virginia,REG (Non-Conf),L 62-68,,12,0,2,.000,0,1,.000,0,1,.000,.000,0,0,,0,1,1,1,0,0,2,1,0,-2.8,Danielle Jorgenson,https://www.sports-reference.com/cbb/players/danielle-jorgenson-2.html,cornell,2019-20
7,69,12,2020-01-04,Cornell,,East Tennessee State,REG (Non-Conf),W 71-43,,18,0,4,.000,0,1,.000,0,3,.000,.000,0,0,,1,1,2,5,4,0,2,2,0,2.9,Danielle Jorgenson,https://www.sports-reference.com/cbb/players/danielle-jorgenson-2.html,cornell,2019-20
8,70,13,2020-01-18,Cornell,@,Columbia,REG (Conf),L 66-76,,17,3,5,.600,2,2,1.000,1,3,.333,.800,0,0,,2,2,4,2,3,0,2,1,8,9.7,Danielle Jorgenson,https://www.sports-reference.com/cbb/players/danielle-jorgenson-2.html,cornell,2019-20
9,71,14,2020-01-25,Cornell,,Columbia,REG (Conf),W 80-77 (OT),,11,0,1,.000,0,1,.000,0,0,,.000,0,0,,0,1,1,0,0,0,1,0,0,-1.4,Danielle Jorgenson,https://www.sports-reference.com/cbb/players/danielle-jorgenson-2.html,cornell,2019-20
10,72,15,2020-01-31,Cornell,,Brown,REG (Conf),W 74-63,,16,0,1,.000,0,1,.000,0,0,,.000,2,2,1.000,1,2,3,4,0,0,1,0,2,4.4,Danielle Jorgenson,https://www.sports-reference.com/cbb/players/danielle-jorgenson-2.html,cornell,2019-20
11,73,16,2020-02-01,Cornell,,Yale,REG (Conf),L 67-74,,15,2,2,1.000,1,1,1.000,1,1,1.000,1.250,1,1,1.000,0,0,0,4,1,0,1,3,6,7.0,Danielle Jorgenson,https://www.sports-reference.com/cbb/players/danielle-jorgenson-2.html,cornell,2019-20
12,74,17,2020-02-07,Cornell,@,Princeton,REG (Conf),L 29-60,,19,0,1,.000,0,1,.000,0,0,,.000,0,0,,0,1,1,0,0,0,4,0,0,-4.4,Danielle Jorgenson,https://www.sports-reference.com/cbb/players/danielle-jorgenson-2.html,cornell,2019-20
13,75,18,2020-02-08,Cornell,@,Pennsylvania,REG (Conf),L 41-63,,14,0,1,.000,0,1,.000,0,0,,.000,0,0,,2,1,3,2,1,0,2,0,0,1.4,Danielle Jorgenson,https://www.sports-reference.com/cbb/players/danielle-jorgenson-2.html,cornell,2019-20
14,76,19,2020-02-14,Cornell,,Harvard,REG (Conf),L 58-73,*,30,1,3,.333,0,1,.000,1,2,.500,.333,6,7,.857,0,1,1,5,4,0,1,1,8,12.3,Danielle Jorgenson,https://www.sports-reference.com/cbb/players/danielle-jorgenson-2.html,cornell,2019-20
15,77,20,2020-02-15,Cornell,,Dartmouth,REG (Conf),L 65-67,*,26,0,4,.000,0,1,.000,0,3,.000,.000,0,0,,1,0,1,4,2,0,1,2,0,0.9,Danielle Jorgenson,https://www.sports-reference.com/cbb/players/danielle-jorgenson-2.html,cornell,2019-20
16,78,21,2020-02-21,Cornell,@,Yale,REG (Conf),L 51-65,,7,0,0,,0,0,,0,0,,,0,0,,0,0,0,0,0,0,2,2,0,-2.8,Danielle Jorgenson,https://www.sports-reference.com/cbb/players/danielle-jorgenson-2.html,cornell,2019-20
17,79,22,2020-02-22,Cornell,@,Brown,REG (Conf),L 73-77,,3,0,0,,0,0,,0,0,,,0,0,,0,0,0,1,0,0,1,1,0,-0.7,Danielle Jorgenson,https://www.sports-reference.com/cbb/players/danielle-jorgenson-2.html,cornell,2019-20
18,80,23,2020-02-28,Cornell,@,Dartmouth,REG (Conf),L 79-82 (OT),,28,0,2,.000,0,2,.000,0,0,,.000,0,0,,0,1,1,2,1,0,1,4,0,-1.3,Danielle Jorgenson,https://www.sports-reference.com/cbb/players/danielle-jorgenson-2.html,cornell,2019-20
19,81,24,2020-02-29,Cornell,@,Harvard,REG (Conf),W 55-47,,13,1,4,.250,1,2,.500,0,2,.000,.375,0,0,,0,1,1,1,0,0,0,1,3,1.2,Danielle Jorgenson,https://www.sports-reference.com/cbb/players/danielle-jorgenson-2.html,cornell,2019-20
20,82,25,2020-03-06,Cornell,,Pennsylvania,REG (Conf),L 46-67,,21,1,3,.333,1,2,.500,0,1,.000,.500,0,0,,1,1,2,2,4,0,4,1,3,3.3,Danielle Jorgenson,https://www.sports-reference.com/cbb/players/danielle-jorgenson-2.html,cornell,2019-20
21,83,26,2020-03-07,Cornell,,Princeton,REG (Conf),L 50-69,*,33,3,5,.600,1,1,1.000,2,4,.500,.700,0,0,,1,1,2,3,4,0,3,4,7,7.2,Danielle Jorgenson,https://www.sports-reference.com/cbb/players/danielle-jorgenson-2.html,cornell,2019-20
