ranker,player_game_num_career,team_game_num_season,date,team_name_abbr,game_location,opp_name_abbr,game_type,game_result,is_starter,mp,fg,fga,fg_pct,fg3,fg3a,fg3_pct,fg2,fg2a,fg2_pct,efg_pct,ft,fta,ft_pct,orb,drb,trb,ast,stl,blk,tov,pf,pts,game_score,player_name,player_sr_link,school,season
1,51,1,2019-11-08,Cornell,@,Albany (NY),REG (Non-Conf),W 71-51,*,28,5,9,.556,1,3,.333,4,6,.667,.611,0,0,,1,2,3,4,4,0,2,2,11,12.0,Kate Sramac,https://www.sports-reference.com/cbb/players/kate-sramac-1.html,cornell,2019-20
2,52,2,2019-11-10,Cornell,@,TCU,REG (Non-Conf),L 49-59,*,26,1,8,.125,1,5,.200,0,3,.000,.188,0,0,,2,1,3,4,3,0,5,0,3,0.3,Kate Sramac,https://www.sports-reference.com/cbb/players/kate-sramac-1.html,cornell,2019-20
3,53,3,2019-11-14,Cornell,,Colgate,REG (Non-Conf),L 58-62,*,28,2,6,.333,2,5,.400,0,1,.000,.500,0,0,,0,5,5,1,2,0,1,2,6,5.0,Kate Sramac,https://www.sports-reference.com/cbb/players/kate-sramac-1.html,cornell,2019-20
4,54,4,2019-11-16,Cornell,,NJIT,REG (Non-Conf),W 68-44,*,18,4,8,.500,0,1,.000,4,7,.571,.500,0,0,,0,2,2,2,2,0,2,1,8,5.6,Kate Sramac,https://www.sports-reference.com/cbb/players/kate-sramac-1.html,cornell,2019-20
5,55,5,2019-11-21,Cornell,,Niagara,REG (Non-Conf),W 82-59,*,28,4,6,.667,2,4,.500,2,2,1.000,.833,0,0,,0,1,1,5,1,0,2,1,10,9.8,Kate Sramac,https://www.sports-reference.com/cbb/players/kate-sramac-1.html,cornell,2019-20
6,56,6,2019-11-23,Cornell,@,Delaware State,REG (Non-Conf),W 77-51,*,23,3,9,.333,1,6,.167,2,3,.667,.389,2,2,1.000,0,1,1,4,3,0,0,2,9,9.2,Kate Sramac,https://www.sports-reference.com/cbb/players/kate-sramac-1.html,cornell,2019-20
7,57,7,2019-11-27,Cornell,@,UMass Lowell,REG (Non-Conf),W 70-56,*,31,4,8,.500,4,7,.571,0,1,.000,.750,0,0,,0,3,3,2,3,0,3,1,12,9.9,Kate Sramac,https://www.sports-reference.com/cbb/players/kate-sramac-1.html,cornell,2019-20
8,58,8,2019-12-05,Cornell,,Binghamton,REG (Non-Conf),L 56-59,*,21,1,7,.143,0,3,.000,1,4,.250,.143,0,0,,0,1,1,2,1,1,3,5,2,-4.1,Kate Sramac,https://www.sports-reference.com/cbb/players/kate-sramac-1.html,cornell,2019-20
9,59,9,2019-12-10,Cornell,,Duquesne,REG (Non-Conf),L 62-72,*,26,1,7,.143,1,6,.167,0,1,.000,.214,2,2,1.000,0,3,3,3,2,0,2,1,5,3.1,Kate Sramac,https://www.sports-reference.com/cbb/players/kate-sramac-1.html,cornell,2019-20
10,60,10,2019-12-29,Cornell,@,St. Bonaventure,REG (Non-Conf),W 70-42,*,19,0,2,.000,0,1,.000,0,1,.000,.000,2,2,1.000,1,2,3,4,2,0,1,1,2,5.3,Kate Sramac,https://www.sports-reference.com/cbb/players/kate-sramac-1.html,cornell,2019-20
11,61,11,2019-12-31,Cornell,@,West Virginia,REG (Non-Conf),L 62-68,*,34,7,15,.467,2,7,.286,5,8,.625,.533,0,0,,2,4,6,5,2,0,2,3,16,13.2,Kate Sramac,https://www.sports-reference.com/cbb/players/kate-sramac-1.html,cornell,2019-20
12,62,12,2020-01-04,Cornell,,East Tennessee State,REG (Non-Conf),W 71-43,*,25,5,10,.500,1,3,.333,4,7,.571,.550,1,1,1.000,0,2,2,2,2,1,4,4,12,6.1,Kate Sramac,https://www.sports-reference.com/cbb/players/kate-sramac-1.html,cornell,2019-20
13,63,13,2020-01-18,Cornell,@,Columbia,REG (Conf),L 66-76,*,37,2,8,.250,2,6,.333,0,2,.000,.375,0,0,,0,4,4,3,1,0,2,3,6,2.3,Kate Sramac,https://www.sports-reference.com/cbb/players/kate-sramac-1.html,cornell,2019-20
14,64,14,2020-01-25,Cornell,,Columbia,REG (Conf),W 80-77 (OT),*,41,5,15,.333,2,5,.400,3,10,.300,.400,2,2,1.000,6,3,9,5,1,0,1,4,14,12.5,Kate Sramac,https://www.sports-reference.com/cbb/players/kate-sramac-1.html,cornell,2019-20
15,65,15,2020-01-31,Cornell,,Brown,REG (Conf),W 74-63,*,28,4,7,.571,3,3,1.000,1,4,.250,.786,0,0,,1,4,5,1,2,0,1,2,11,10.5,Kate Sramac,https://www.sports-reference.com/cbb/players/kate-sramac-1.html,cornell,2019-20
16,66,16,2020-02-01,Cornell,,Yale,REG (Conf),L 67-74,*,34,5,12,.417,2,4,.500,3,8,.375,.500,2,2,1.000,0,2,2,2,0,1,2,4,14,6.7,Kate Sramac,https://www.sports-reference.com/cbb/players/kate-sramac-1.html,cornell,2019-20
17,67,17,2020-02-07,Cornell,@,Princeton,REG (Conf),L 29-60,*,19,0,5,.000,0,2,.000,0,3,.000,.000,0,0,,0,1,1,0,2,0,2,1,0,-3.6,Kate Sramac,https://www.sports-reference.com/cbb/players/kate-sramac-1.html,cornell,2019-20
18,68,18,2020-02-08,Cornell,@,Pennsylvania,REG (Conf),L 41-63,*,21,2,4,.500,1,1,1.000,1,3,.333,.625,0,0,,1,3,4,1,1,0,1,3,5,4.1,Kate Sramac,https://www.sports-reference.com/cbb/players/kate-sramac-1.html,cornell,2019-20
19,69,19,2020-02-14,Cornell,,Harvard,REG (Conf),L 58-73,*,24,2,7,.286,1,5,.200,1,2,.500,.357,0,0,,1,1,2,2,3,0,4,2,5,1.5,Kate Sramac,https://www.sports-reference.com/cbb/players/kate-sramac-1.html,cornell,2019-20
20,70,20,2020-02-15,Cornell,,Dartmouth,REG (Conf),L 65-67,*,36,5,11,.455,2,5,.400,3,6,.500,.545,0,0,,2,3,5,5,7,0,3,2,12,15.3,Kate Sramac,https://www.sports-reference.com/cbb/players/kate-sramac-1.html,cornell,2019-20
21,71,21,2020-02-21,Cornell,@,Yale,REG (Conf),L 51-65,*,13,1,3,.333,0,1,.000,1,2,.500,.333,0,0,,0,1,1,2,1,0,3,5,2,-2.0,Kate Sramac,https://www.sports-reference.com/cbb/players/kate-sramac-1.html,cornell,2019-20
22,72,22,2020-02-22,Cornell,@,Brown,REG (Conf),L 73-77,*,27,2,4,.500,0,2,.000,2,2,1.000,.500,2,2,1.000,1,3,4,3,2,0,2,2,6,6.9,Kate Sramac,https://www.sports-reference.com/cbb/players/kate-sramac-1.html,cornell,2019-20
23,73,23,2020-02-28,Cornell,@,Dartmouth,REG (Conf),L 79-82 (OT),*,43,7,14,.500,2,6,.333,5,8,.625,.571,2,2,1.000,2,2,4,7,4,1,3,4,18,18.0,Kate Sramac,https://www.sports-reference.com/cbb/players/kate-sramac-1.html,cornell,2019-20
24,74,24,2020-02-29,Cornell,@,Harvard,REG (Conf),W 55-47,*,34,5,12,.417,3,6,.500,2,6,.333,.542,0,0,,6,7,13,4,1,0,2,1,13,14.3,Kate Sramac,https://www.sports-reference.com/cbb/players/kate-sramac-1.html,cornell,2019-20
25,75,25,2020-03-06,Cornell,,Pennsylvania,REG (Conf),L 46-67,*,23,1,5,.200,1,3,.333,0,2,.000,.300,0,0,,1,1,2,3,1,0,5,1,3,-1.4,Kate Sramac,https://www.sports-reference.com/cbb/players/kate-sramac-1.html,cornell,2019-20
26,76,26,2020-03-07,Cornell,,Princeton,REG (Conf),L 50-69,,9,0,0,,0,0,,0,0,,,0,0,,0,1,1,1,0,0,2,0,0,-1.0,Kate Sramac,https://www.sports-reference.com/cbb/players/kate-sramac-1.html,cornell,2019-20
