ranker,player_game_num_career,team_game_num_season,date,team_name_abbr,game_location,opp_name_abbr,game_type,game_result,is_starter,mp,fg,fga,fg_pct,fg3,fg3a,fg3_pct,fg2,fg2a,fg2_pct,efg_pct,ft,fta,ft_pct,orb,drb,trb,ast,stl,blk,tov,pf,pts,game_score,player_name,player_sr_link,school,season
1,1,1,2019-11-08,Cornell,@,Albany (NY),REG (Non-Conf),W 71-51,,3,0,0,,0,0,,0,0,,,1,2,.500,0,0,0,0,0,0,0,0,1,0.6,KC Carter,https://www.sports-reference.com/cbb/players/kc-carter-1.html,cornell,2019-20
2,2,4,2019-11-16,Cornell,,NJIT,REG (Non-Conf),W 68-44,,4,0,1,.000,0,1,.000,0,0,,.000,0,2,.000,0,0,0,1,1,0,0,0,0,0.2,KC Carter,https://www.sports-reference.com/cbb/players/kc-carter-1.html,cornell,2019-20
3,3,5,2019-11-21,Cornell,,Niagara,REG (Non-Conf),W 82-59,,3,1,2,.500,0,1,.000,1,1,1.000,.500,0,0,,0,0,0,0,0,0,0,0,2,1.0,KC Carter,https://www.sports-reference.com/cbb/players/kc-carter-1.html,cornell,2019-20
4,4,7,2019-11-27,Cornell,@,UMass Lowell,REG (Non-Conf),W 70-56,,5,1,3,.333,0,2,.000,1,1,1.000,.333,0,0,,0,0,0,0,0,0,0,0,2,0.3,KC Carter,https://www.sports-reference.com/cbb/players/kc-carter-1.html,cornell,2019-20
5,5,9,2019-12-10,Cornell,,Duquesne,REG (Non-Conf),L 62-72,,4,0,1,.000,0,1,.000,0,0,,.000,0,0,,0,1,1,0,0,0,0,0,0,-0.4,KC Carter,https://www.sports-reference.com/cbb/players/kc-carter-1.html,cornell,2019-20
6,6,10,2019-12-29,Cornell,@,St. Bonaventure,REG (Non-Conf),W 70-42,,3,1,2,.500,0,1,.000,1,1,1.000,.500,0,0,,0,0,0,0,1,0,0,0,2,2.0,KC Carter,https://www.sports-reference.com/cbb/players/kc-carter-1.html,cornell,2019-20
7,7,17,2020-02-07,Cornell,@,Princeton,REG (Conf),L 29-60,,4,0,0,,0,0,,0,0,,,0,0,,0,0,0,0,0,0,0,0,0,0.0,KC Carter,https://www.sports-reference.com/cbb/players/kc-carter-1.html,cornell,2019-20
8,8,21,2020-02-21,Cornell,@,Yale,REG (Conf),L 51-65,,3,0,0,,0,0,,0,0,,,0,0,,0,0,0,1,0,0,0,1,0,0.3,KC Carter,https://www.sports-reference.com/cbb/players/kc-carter-1.html,cornell,2019-20
