ranker,player_game_num_career,team_game_num_season,date,team_name_abbr,game_location,opp_name_abbr,game_type,game_result,is_starter,mp,fg,fga,fg_pct,fg3,fg3a,fg2,fg2a,fg2_pct,efg_pct,ft,fta,ft_pct,orb,drb,trb,ast,stl,blk,tov,pf,pts,game_score,player_name,player_sr_link,school,season
1,36,1,2019-11-08,Cornell,@,Albany (NY),REG (Non-Conf),W 71-51,,4,0,0,,0,0,0,0,,,0,0,,1,1,2,0,0,0,2,1,0,-1.4,Reena Olsen,https://www.sports-reference.com/cbb/players/reena-olsen-1.html,cornell,2019-20
2,37,4,2019-11-16,Cornell,,NJIT,REG (Non-Conf),W 68-44,,4,2,2,1.000,0,0,2,2,1.000,1.000,0,1,.000,2,0,2,0,0,0,1,0,4,3.4,Reena Olsen,https://www.sports-reference.com/cbb/players/reena-olsen-1.html,cornell,2019-20
3,38,5,2019-11-21,Cornell,,Niagara,REG (Non-Conf),W 82-59,,2,0,0,,0,0,0,0,,,0,2,.000,0,0,0,1,0,1,0,1,0,0.2,Reena Olsen,https://www.sports-reference.com/cbb/players/reena-olsen-1.html,cornell,2019-20
4,39,7,2019-11-27,Cornell,@,UMass Lowell,REG (Non-Conf),W 70-56,,6,0,0,,0,0,0,0,,,0,0,,1,0,1,0,1,0,1,0,0,0.7,Reena Olsen,https://www.sports-reference.com/cbb/players/reena-olsen-1.html,cornell,2019-20
5,40,8,2019-12-05,Cornell,,Binghamton,REG (Non-Conf),L 56-59,,5,1,1,1.000,0,0,1,1,1.000,1.000,0,0,,0,1,1,0,0,0,0,0,2,2.0,Reena Olsen,https://www.sports-reference.com/cbb/players/reena-olsen-1.html,cornell,2019-20
6,41,9,2019-12-10,Cornell,,Duquesne,REG (Non-Conf),L 62-72,,1,0,0,,0,0,0,0,,,0,0,,0,0,0,0,0,0,0,0,0,0.0,Reena Olsen,https://www.sports-reference.com/cbb/players/reena-olsen-1.html,cornell,2019-20
7,42,10,2019-12-29,Cornell,@,St. Bonaventure,REG (Non-Conf),W 70-42,,5,0,1,.000,0,0,0,1,.000,.000,0,0,,0,0,0,2,0,0,2,0,0,-1.3,Reena Olsen,https://www.sports-reference.com/cbb/players/reena-olsen-1.html,cornell,2019-20
8,43,12,2020-01-04,Cornell,,East Tennessee State,REG (Non-Conf),W 71-43,,2,0,0,,0,0,0,0,,,1,4,.250,0,0,0,0,0,0,0,0,1,-0.2,Reena Olsen,https://www.sports-reference.com/cbb/players/reena-olsen-1.html,cornell,2019-20
9,44,15,2020-01-31,Cornell,,Brown,REG (Conf),W 74-63,,0,0,0,,0,0,0,0,,,0,0,,0,0,0,0,0,0,0,0,0,0.0,Reena Olsen,https://www.sports-reference.com/cbb/players/reena-olsen-1.html,cornell,2019-20
10,45,16,2020-02-01,Cornell,,Yale,REG (Conf),L 67-74,,5,1,1,1.000,0,0,1,1,1.000,1.000,0,0,,0,0,0,2,1,0,1,1,2,2.7,Reena Olsen,https://www.sports-reference.com/cbb/players/reena-olsen-1.html,cornell,2019-20
11,46,17,2020-02-07,Cornell,@,Princeton,REG (Conf),L 29-60,,12,0,1,.000,0,0,0,1,.000,.000,0,0,,0,0,0,0,2,0,1,1,0,-0.1,Reena Olsen,https://www.sports-reference.com/cbb/players/reena-olsen-1.html,cornell,2019-20
12,47,19,2020-02-14,Cornell,,Harvard,REG (Conf),L 58-73,,1,0,0,,0,0,0,0,,,0,0,,0,0,0,0,0,0,0,0,0,0.0,Reena Olsen,https://www.sports-reference.com/cbb/players/reena-olsen-1.html,cornell,2019-20
13,48,20,2020-02-15,Cornell,,Dartmouth,REG (Conf),L 65-67,,1,0,0,,0,0,0,0,,,0,0,,1,0,1,0,0,0,0,0,0,0.7,Reena Olsen,https://www.sports-reference.com/cbb/players/reena-olsen-1.html,cornell,2019-20
14,49,21,2020-02-21,Cornell,@,Yale,REG (Conf),L 51-65,,1,0,0,,0,0,0,0,,,0,0,,0,1,1,1,0,0,0,0,0,1.0,Reena Olsen,https://www.sports-reference.com/cbb/players/reena-olsen-1.html,cornell,2019-20
15,50,25,2020-03-06,Cornell,,Pennsylvania,REG (Conf),L 46-67,,7,1,1,1.000,0,0,1,1,1.000,1.000,0,0,,0,1,1,1,0,0,0,0,2,2.7,Reena Olsen,https://www.sports-reference.com/cbb/players/reena-olsen-1.html,cornell,2019-20
16,51,26,2020-03-07,Cornell,,Princeton,REG (Conf),L 50-69,*,29,1,5,.200,0,0,1,5,.200,.200,0,0,,2,1,3,3,1,0,1,1,2,2.3,Reena Olsen,https://www.sports-reference.com/cbb/players/reena-olsen-1.html,cornell,2019-20
