ranker,player_game_num_career,team_game_num_season,date,team_name_abbr,game_location,opp_name_abbr,game_type,game_result,is_starter,mp,fg,fga,fg_pct,fg3,fg3a,fg3_pct,fg2,fg2a,fg2_pct,efg_pct,ft,fta,ft_pct,orb,drb,trb,ast,stl,blk,tov,pf,pts,game_score,player_name,player_sr_link,school,season
1,24,3,2019-11-14,Cornell,,Colgate,REG (Non-Conf),L 58-62,,8,1,2,.500,1,1,1.000,0,1,.000,.750,0,0,,0,1,1,2,0,0,2,1,3,1.3,Samantha Will,https://www.sports-reference.com/cbb/players/samantha-will-1.html,cornell,2019-20
2,25,4,2019-11-16,Cornell,,NJIT,REG (Non-Conf),W 68-44,,14,1,4,.250,0,2,.000,1,2,.500,.250,0,0,,0,1,1,2,0,0,0,2,2,0.5,Samantha Will,https://www.sports-reference.com/cbb/players/samantha-will-1.html,cornell,2019-20
3,26,5,2019-11-21,Cornell,,Niagara,REG (Non-Conf),W 82-59,,3,0,1,.000,0,1,.000,0,0,,.000,0,0,,0,1,1,0,0,0,1,0,0,-1.4,Samantha Will,https://www.sports-reference.com/cbb/players/samantha-will-1.html,cornell,2019-20
4,27,6,2019-11-23,Cornell,@,Delaware State,REG (Non-Conf),W 77-51,,1,0,0,,0,0,,0,0,,,0,0,,1,0,1,0,0,0,0,0,0,0.7,Samantha Will,https://www.sports-reference.com/cbb/players/samantha-will-1.html,cornell,2019-20
5,28,9,2019-12-10,Cornell,,Duquesne,REG (Non-Conf),L 62-72,,1,0,1,.000,0,1,.000,0,0,,.000,0,0,,0,1,1,0,0,0,1,0,0,-1.4,Samantha Will,https://www.sports-reference.com/cbb/players/samantha-will-1.html,cornell,2019-20
6,29,10,2019-12-29,Cornell,@,St. Bonaventure,REG (Non-Conf),W 70-42,,6,1,1,1.000,1,1,1.000,0,0,,1.500,0,0,,0,3,3,0,0,0,2,0,3,1.6,Samantha Will,https://www.sports-reference.com/cbb/players/samantha-will-1.html,cornell,2019-20
7,30,12,2020-01-04,Cornell,,East Tennessee State,REG (Non-Conf),W 71-43,,2,1,2,.500,1,2,.500,0,0,,.750,0,0,,0,0,0,0,0,0,0,0,3,2.0,Samantha Will,https://www.sports-reference.com/cbb/players/samantha-will-1.html,cornell,2019-20
8,31,17,2020-02-07,Cornell,@,Princeton,REG (Conf),L 29-60,,5,2,2,1.000,1,1,1.000,1,1,1.000,1.250,2,2,1.000,0,0,0,0,1,0,0,1,7,7.0,Samantha Will,https://www.sports-reference.com/cbb/players/samantha-will-1.html,cornell,2019-20
9,32,18,2020-02-08,Cornell,@,Pennsylvania,REG (Conf),L 41-63,,15,1,3,.333,0,0,,1,3,.333,.333,0,0,,0,0,0,0,0,0,1,0,2,-0.7,Samantha Will,https://www.sports-reference.com/cbb/players/samantha-will-1.html,cornell,2019-20
10,33,19,2020-02-14,Cornell,,Harvard,REG (Conf),L 58-73,,14,0,2,.000,0,1,.000,0,1,.000,.000,0,0,,0,1,1,0,1,1,0,2,0,-0.2,Samantha Will,https://www.sports-reference.com/cbb/players/samantha-will-1.html,cornell,2019-20
11,34,20,2020-02-15,Cornell,,Dartmouth,REG (Conf),L 65-67,,4,0,2,.000,0,2,.000,0,0,,.000,0,0,,1,0,1,0,0,0,1,1,0,-2.1,Samantha Will,https://www.sports-reference.com/cbb/players/samantha-will-1.html,cornell,2019-20
12,35,21,2020-02-21,Cornell,@,Yale,REG (Conf),L 51-65,,31,7,11,.636,2,5,.400,5,6,.833,.727,0,0,,0,1,1,0,1,1,1,1,16,11.7,Samantha Will,https://www.sports-reference.com/cbb/players/samantha-will-1.html,cornell,2019-20
13,36,22,2020-02-22,Cornell,@,Brown,REG (Conf),L 73-77,*,32,6,12,.500,1,5,.200,5,7,.714,.542,0,0,,1,4,5,1,0,0,3,2,13,5.8,Samantha Will,https://www.sports-reference.com/cbb/players/samantha-will-1.html,cornell,2019-20
14,37,23,2020-02-28,Cornell,@,Dartmouth,REG (Conf),L 79-82 (OT),,8,0,3,.000,0,2,.000,0,1,.000,.000,0,0,,1,0,1,1,0,0,1,1,0,-2.1,Samantha Will,https://www.sports-reference.com/cbb/players/samantha-will-1.html,cornell,2019-20
15,38,24,2020-02-29,Cornell,@,Harvard,REG (Conf),W 55-47,,5,0,2,.000,0,2,.000,0,0,,.000,0,0,,0,0,0,0,0,1,0,0,0,-0.7,Samantha Will,https://www.sports-reference.com/cbb/players/samantha-will-1.html,cornell,2019-20
16,39,25,2020-03-06,Cornell,,Pennsylvania,REG (Conf),L 46-67,,8,2,4,.500,2,3,.667,0,1,.000,.750,0,0,,0,1,1,0,0,1,1,1,6,3.6,Samantha Will,https://www.sports-reference.com/cbb/players/samantha-will-1.html,cornell,2019-20
17,40,26,2020-03-07,Cornell,,Princeton,REG (Conf),L 50-69,,3,0,0,,0,0,,0,0,,,0,0,,0,2,2,0,0,0,0,0,0,0.6,Samantha Will,https://www.sports-reference.com/cbb/players/samantha-will-1.html,cornell,2019-20
