ranker,player_game_num_career,team_game_num_season,date,team_name_abbr,game_location,opp_name_abbr,game_type,game_result,is_starter,mp,fg,fga,fg_pct,fg3,fg3a,fg2,fg2a,fg2_pct,efg_pct,ft,fta,ft_pct,orb,drb,trb,ast,stl,blk,tov,pf,pts,game_score,player_name,player_sr_link,school,season
1,27,1,2019-11-08,Cornell,@,Albany (NY),REG (Non-Conf),W 71-51,,10,4,5,.800,0,0,4,5,.800,.800,0,0,,0,1,1,1,0,0,2,3,8,3.9,Theresa Grace Mbanefo,https://www.sports-reference.com/cbb/players/theresa-grace-mbanefo-1.html,cornell,2019-20
2,28,2,2019-11-10,Cornell,@,TCU,REG (Non-Conf),L 49-59,,25,5,9,.556,0,0,5,9,.556,.556,0,0,,0,7,7,0,0,2,2,2,10,6.4,Theresa Grace Mbanefo,https://www.sports-reference.com/cbb/players/theresa-grace-mbanefo-1.html,cornell,2019-20
3,29,3,2019-11-14,Cornell,,Colgate,REG (Non-Conf),L 58-62,,15,1,5,.200,0,0,1,5,.200,.200,1,2,.500,2,2,4,0,0,1,5,2,3,-3.6,Theresa Grace Mbanefo,https://www.sports-reference.com/cbb/players/theresa-grace-mbanefo-1.html,cornell,2019-20
4,30,4,2019-11-16,Cornell,,NJIT,REG (Non-Conf),W 68-44,,19,5,6,.833,0,0,5,6,.833,.833,2,3,.667,2,6,8,2,0,3,3,0,12,13.1,Theresa Grace Mbanefo,https://www.sports-reference.com/cbb/players/theresa-grace-mbanefo-1.html,cornell,2019-20
5,31,5,2019-11-21,Cornell,,Niagara,REG (Non-Conf),W 82-59,,20,5,9,.556,0,0,5,9,.556,.556,0,1,.000,3,4,7,1,1,4,2,3,10,9.9,Theresa Grace Mbanefo,https://www.sports-reference.com/cbb/players/theresa-grace-mbanefo-1.html,cornell,2019-20
6,32,6,2019-11-23,Cornell,@,Delaware State,REG (Non-Conf),W 77-51,,19,2,6,.333,0,0,2,6,.333,.333,0,2,.000,1,2,3,1,0,0,0,3,4,0.6,Theresa Grace Mbanefo,https://www.sports-reference.com/cbb/players/theresa-grace-mbanefo-1.html,cornell,2019-20
7,33,7,2019-11-27,Cornell,@,UMass Lowell,REG (Non-Conf),W 70-56,,9,0,2,.000,0,0,0,2,.000,.000,0,2,.000,3,2,5,2,0,0,4,0,0,-2.1,Theresa Grace Mbanefo,https://www.sports-reference.com/cbb/players/theresa-grace-mbanefo-1.html,cornell,2019-20
8,34,8,2019-12-05,Cornell,,Binghamton,REG (Non-Conf),L 56-59,,11,1,3,.333,0,0,1,3,.333,.333,0,2,.000,4,1,5,0,1,0,3,3,2,-0.6,Theresa Grace Mbanefo,https://www.sports-reference.com/cbb/players/theresa-grace-mbanefo-1.html,cornell,2019-20
9,35,9,2019-12-10,Cornell,,Duquesne,REG (Non-Conf),L 62-72,,22,4,8,.500,0,0,4,8,.500,.500,0,0,,3,3,6,0,1,2,1,3,8,7.2,Theresa Grace Mbanefo,https://www.sports-reference.com/cbb/players/theresa-grace-mbanefo-1.html,cornell,2019-20
10,36,10,2019-12-29,Cornell,@,St. Bonaventure,REG (Non-Conf),W 70-42,,14,2,5,.400,0,0,2,5,.400,.400,1,1,1.000,0,2,2,2,0,0,0,1,5,3.9,Theresa Grace Mbanefo,https://www.sports-reference.com/cbb/players/theresa-grace-mbanefo-1.html,cornell,2019-20
11,37,11,2019-12-31,Cornell,@,West Virginia,REG (Non-Conf),L 62-68,,22,2,6,.333,0,0,2,6,.333,.333,0,2,.000,2,3,5,1,1,0,1,4,4,1.2,Theresa Grace Mbanefo,https://www.sports-reference.com/cbb/players/theresa-grace-mbanefo-1.html,cornell,2019-20
12,38,12,2020-01-04,Cornell,,East Tennessee State,REG (Non-Conf),W 71-43,,11,1,4,.250,0,0,1,4,.250,.250,0,2,.000,0,3,3,1,0,0,1,4,2,-2.2,Theresa Grace Mbanefo,https://www.sports-reference.com/cbb/players/theresa-grace-mbanefo-1.html,cornell,2019-20
13,39,13,2020-01-18,Cornell,@,Columbia,REG (Conf),L 66-76,,15,3,4,.750,0,0,3,4,.750,.750,1,4,.250,2,3,5,0,0,0,4,2,7,1.7,Theresa Grace Mbanefo,https://www.sports-reference.com/cbb/players/theresa-grace-mbanefo-1.html,cornell,2019-20
14,40,14,2020-01-25,Cornell,,Columbia,REG (Conf),W 80-77 (OT),,5,0,0,,0,0,0,0,,,0,0,,0,0,0,0,0,0,2,1,0,-2.4,Theresa Grace Mbanefo,https://www.sports-reference.com/cbb/players/theresa-grace-mbanefo-1.html,cornell,2019-20
15,41,15,2020-01-31,Cornell,,Brown,REG (Conf),W 74-63,,9,1,4,.250,0,0,1,4,.250,.250,0,0,,0,0,0,0,0,1,2,0,2,-1.7,Theresa Grace Mbanefo,https://www.sports-reference.com/cbb/players/theresa-grace-mbanefo-1.html,cornell,2019-20
16,42,16,2020-02-01,Cornell,,Yale,REG (Conf),L 67-74,,21,1,3,.333,0,0,1,3,.333,.333,0,0,,1,1,2,1,0,1,2,2,2,-0.1,Theresa Grace Mbanefo,https://www.sports-reference.com/cbb/players/theresa-grace-mbanefo-1.html,cornell,2019-20
17,43,17,2020-02-07,Cornell,@,Princeton,REG (Conf),L 29-60,,15,2,4,.500,0,0,2,4,.500,.500,1,5,.200,2,2,4,0,1,0,3,3,5,0.2,Theresa Grace Mbanefo,https://www.sports-reference.com/cbb/players/theresa-grace-mbanefo-1.html,cornell,2019-20
18,44,18,2020-02-08,Cornell,@,Pennsylvania,REG (Conf),L 41-63,,13,2,3,.667,0,0,2,3,.667,.667,0,0,,2,1,3,0,0,0,2,2,4,1.6,Theresa Grace Mbanefo,https://www.sports-reference.com/cbb/players/theresa-grace-mbanefo-1.html,cornell,2019-20
19,45,19,2020-02-14,Cornell,,Harvard,REG (Conf),L 58-73,,22,2,6,.333,0,0,2,6,.333,.333,0,1,.000,3,0,3,1,1,0,2,4,4,0.4,Theresa Grace Mbanefo,https://www.sports-reference.com/cbb/players/theresa-grace-mbanefo-1.html,cornell,2019-20
20,46,20,2020-02-15,Cornell,,Dartmouth,REG (Conf),L 65-67,,21,4,7,.571,0,0,4,7,.571,.571,0,3,.000,4,6,10,1,1,0,3,3,8,5.6,Theresa Grace Mbanefo,https://www.sports-reference.com/cbb/players/theresa-grace-mbanefo-1.html,cornell,2019-20
21,47,21,2020-02-21,Cornell,@,Yale,REG (Conf),L 51-65,,22,3,7,.429,0,0,3,7,.429,.429,0,0,,4,2,6,2,0,0,2,4,6,3.5,Theresa Grace Mbanefo,https://www.sports-reference.com/cbb/players/theresa-grace-mbanefo-1.html,cornell,2019-20
22,48,22,2020-02-22,Cornell,@,Brown,REG (Conf),L 73-77,*,29,4,8,.500,0,0,4,8,.500,.500,0,0,,3,4,7,0,0,0,2,2,8,4.5,Theresa Grace Mbanefo,https://www.sports-reference.com/cbb/players/theresa-grace-mbanefo-1.html,cornell,2019-20
23,49,23,2020-02-28,Cornell,@,Dartmouth,REG (Conf),L 79-82 (OT),*,33,4,6,.667,0,0,4,6,.667,.667,1,2,.500,2,3,5,2,1,1,4,3,9,6.2,Theresa Grace Mbanefo,https://www.sports-reference.com/cbb/players/theresa-grace-mbanefo-1.html,cornell,2019-20
24,50,24,2020-02-29,Cornell,@,Harvard,REG (Conf),W 55-47,*,31,5,15,.333,0,0,5,15,.333,.333,1,2,.500,5,7,12,1,0,2,4,1,11,5.4,Theresa Grace Mbanefo,https://www.sports-reference.com/cbb/players/theresa-grace-mbanefo-1.html,cornell,2019-20
25,51,25,2020-03-06,Cornell,,Pennsylvania,REG (Conf),L 46-67,*,25,2,4,.500,0,0,2,4,.500,.500,2,2,1.000,3,8,11,0,0,1,3,2,6,5.4,Theresa Grace Mbanefo,https://www.sports-reference.com/cbb/players/theresa-grace-mbanefo-1.html,cornell,2019-20
26,52,26,2020-03-07,Cornell,,Princeton,REG (Conf),L 50-69,,11,1,2,.500,0,0,1,2,.500,.500,0,0,,1,3,4,0,0,0,0,0,2,2.6,Theresa Grace Mbanefo,https://www.sports-reference.com/cbb/players/theresa-grace-mbanefo-1.html,cornell,2019-20
