ranker,player_game_num_career,team_game_num_season,date,team_name_abbr,game_location,opp_name_abbr,game_type,game_result,is_starter,mp,fg,fga,fg_pct,fg3,fg3a,fg3_pct,fg2,fg2a,fg2_pct,efg_pct,ft,fta,ft_pct,orb,drb,trb,ast,stl,blk,tov,pf,pts,game_score,player_name,player_sr_link,school,season
1,43,1,2022-11-07,Stony Brook,@,Syracuse,REG (Non-Conf),L 56-79,*,13,1,7,.143,1,3,.333,0,4,.000,.214,2,2,1.000,0,2,2,1,1,0,0,4,5,1.2,Nairimar Vargas-Reyes,https://www.sports-reference.com/cbb/players/nairimar-vargas-reyes-1.html,stony-brook,2022-23
2,44,3,2022-11-14,Stony Brook,,Iona,REG (Non-Conf),W 73-71,*,31,3,8,.375,0,1,.000,3,7,.429,.375,4,7,.571,6,5,11,0,0,0,0,4,10,8.5,Nairimar Vargas-Reyes,https://www.sports-reference.com/cbb/players/nairimar-vargas-reyes-1.html,stony-brook,2022-23
3,45,4,2022-11-19,Stony Brook,@,St. John's (NY),REG (Non-Conf),L 52-78,*,34,3,6,.500,2,4,.500,1,2,.500,.667,4,4,1.000,4,7,11,0,1,0,2,2,12,12.1,Nairimar Vargas-Reyes,https://www.sports-reference.com/cbb/players/nairimar-vargas-reyes-1.html,stony-brook,2022-23
4,46,5,2022-11-23,Stony Brook,N,High Point,REG (Non-Conf),W 86-72,*,18,3,7,.429,1,2,.500,2,5,.400,.500,2,4,.500,5,6,11,1,0,0,2,5,9,6.5,Nairimar Vargas-Reyes,https://www.sports-reference.com/cbb/players/nairimar-vargas-reyes-1.html,stony-brook,2022-23
5,47,6,2022-11-24,Stony Brook,N,Texas A&M–Corpus Christi,REG (Non-Conf),W 63-58,*,29,5,10,.500,1,2,.500,4,8,.500,.550,3,3,1.000,2,5,7,0,1,0,2,3,14,9.7,Nairimar Vargas-Reyes,https://www.sports-reference.com/cbb/players/nairimar-vargas-reyes-1.html,stony-brook,2022-23
6,48,7,2022-12-01,Stony Brook,@,Pennsylvania,REG (Non-Conf),L 53-73,*,31,7,14,.500,0,2,.000,7,12,.583,.500,5,6,.833,3,4,7,1,1,0,2,2,19,13.8,Nairimar Vargas-Reyes,https://www.sports-reference.com/cbb/players/nairimar-vargas-reyes-1.html,stony-brook,2022-23
7,49,8,2022-12-03,Stony Brook,@,Bucknell,REG (Non-Conf),L 58-64,*,28,4,8,.500,0,1,.000,4,7,.571,.500,1,2,.500,6,6,12,1,1,0,2,1,9,9.9,Nairimar Vargas-Reyes,https://www.sports-reference.com/cbb/players/nairimar-vargas-reyes-1.html,stony-brook,2022-23
8,50,9,2022-12-07,Stony Brook,,Columbia,REG (Non-Conf),L 68-84,*,19,2,4,.500,1,2,.500,1,2,.500,.625,1,2,.500,0,5,5,0,0,0,1,0,6,4.1,Nairimar Vargas-Reyes,https://www.sports-reference.com/cbb/players/nairimar-vargas-reyes-1.html,stony-brook,2022-23
