ranker,player_game_num_career,team_game_num_season,date,team_name_abbr,game_location,opp_name_abbr,game_type,game_result,is_starter,mp,fg,fga,fg_pct,fg3,fg3a,fg3_pct,fg2,fg2a,fg2_pct,efg_pct,ft,fta,ft_pct,orb,drb,trb,ast,stl,blk,tov,pf,pts,game_score,player_name,player_sr_link,school,season
1,1,1,2022-11-07,Mount St. Mary's,@,Virginia Tech,REG (Non-Conf),L 45-101,,11,0,1,.000,0,0,,0,1,.000,.000,0,0,,1,0,1,0,0,0,1,1,0,-1.4,Giana Hoddinott,https://www.sports-reference.com/cbb/players/giana-hoddinott-1.html,mount-st-marys,2022-23
2,2,2,2022-11-10,Mount St. Mary's,@,Richmond,REG (Non-Conf),L 44-87,,13,1,4,.250,0,2,.000,1,2,.500,.250,0,0,,1,1,2,1,1,0,2,0,2,0.3,Giana Hoddinott,https://www.sports-reference.com/cbb/players/giana-hoddinott-1.html,mount-st-marys,2022-23
3,3,3,2022-11-13,Mount St. Mary's,@,NC State,REG (Non-Conf),L 38-86,,3,0,0,,0,0,,0,0,,,0,0,,0,0,0,0,0,0,0,1,0,-0.4,Giana Hoddinott,https://www.sports-reference.com/cbb/players/giana-hoddinott-1.html,mount-st-marys,2022-23
4,4,4,2022-11-19,Mount St. Mary's,,Navy,REG (Non-Conf),W 68-59,,5,0,0,,0,0,,0,0,,,2,2,1.000,1,0,1,0,1,0,1,1,2,2.3,Giana Hoddinott,https://www.sports-reference.com/cbb/players/giana-hoddinott-1.html,mount-st-marys,2022-23
