ranker,player_game_num_career,team_game_num_season,date,team_name_abbr,game_location,opp_name_abbr,game_type,game_result,is_starter,mp,fg,fga,fg_pct,fg3,fg3a,fg3_pct,fg2,fg2a,fg2_pct,efg_pct,ft,fta,ft_pct,orb,drb,trb,ast,stl,blk,tov,pf,pts,game_score,player_name,player_sr_link,school,season
1,60,1,2020-11-27,Brigham Young,@,Louisiana State,REG (Non-Conf),W 67-51,,2,0,1,.000,0,1,.000,0,0,,.000,0,0,,0,0,0,0,0,0,0,0,0,-0.7,Babalu Stewart,https://www.sports-reference.com/cbb/players/babalu-stewart-1.html,brigham-young,2020-21
2,61,2,2020-11-28,Brigham Young,,Washington,REG (Non-Conf),L 48-77,,6,0,1,.000,0,1,.000,0,0,,.000,2,2,1.000,1,0,1,0,1,0,0,2,2,2.2,Babalu Stewart,https://www.sports-reference.com/cbb/players/babalu-stewart-1.html,brigham-young,2020-21
3,62,3,2020-12-07,Brigham Young,@,Utah State,REG (Non-Conf),W 87-66,,5,1,3,.333,0,0,,1,3,.333,.333,0,0,,1,1,2,0,0,0,0,0,2,1.3,Babalu Stewart,https://www.sports-reference.com/cbb/players/babalu-stewart-1.html,brigham-young,2020-21
4,63,4,2020-12-10,Brigham Young,,Montana State,REG (Non-Conf),W 72-58,,9,0,2,.000,0,1,.000,0,1,.000,.000,0,0,,0,3,3,0,0,1,3,1,0,-3.2,Babalu Stewart,https://www.sports-reference.com/cbb/players/babalu-stewart-1.html,brigham-young,2020-21
