ranker,player_game_num_career,team_game_num_season,date,team_name_abbr,game_location,opp_name_abbr,game_type,game_result,is_starter,mp,fg,fga,fg_pct,fg3,fg3a,fg3_pct,fg2,fg2a,fg2_pct,efg_pct,ft,fta,orb,drb,trb,ast,stl,blk,tov,pf,pts,game_score,player_name,player_sr_link,school,season
1,4,3,2020-12-07,Brigham Young,@,Utah State,REG (Non-Conf),W 87-66,,1,1,1,1.000,0,0,,1,1,1.000,1.000,0,0,0,0,0,0,1,0,0,0,2,2.7,Devry Millett,https://www.sports-reference.com/cbb/players/devry-millett-1.html,brigham-young,2020-21
2,5,4,2020-12-10,Brigham Young,,Montana State,REG (Non-Conf),W 72-58,,1,0,2,.000,0,1,.000,0,1,.000,.000,0,0,0,0,0,0,0,0,0,0,0,-1.4,Devry Millett,https://www.sports-reference.com/cbb/players/devry-millett-1.html,brigham-young,2020-21
3,6,6,2020-12-28,Brigham Young,,San Francisco,REG (Conf),W 70-46,,4,0,1,.000,0,0,,0,1,.000,.000,0,0,0,0,0,0,0,0,0,0,0,-0.7,Devry Millett,https://www.sports-reference.com/cbb/players/devry-millett-1.html,brigham-young,2020-21
4,7,7,2020-12-30,Brigham Young,,Santa Clara,REG (Conf),W 76-50,,4,0,1,.000,0,1,.000,0,0,,.000,0,0,0,0,0,0,0,0,2,1,0,-3.1,Devry Millett,https://www.sports-reference.com/cbb/players/devry-millett-1.html,brigham-young,2020-21
5,8,10,2021-01-14,Brigham Young,,St. Mary's (CA),REG (Conf),W 80-63,,1,0,0,,0,0,,0,0,,,0,0,0,0,0,0,0,0,0,0,0,0.0,Devry Millett,https://www.sports-reference.com/cbb/players/devry-millett-1.html,brigham-young,2020-21
6,9,11,2021-01-26,Brigham Young,,Pacific,REG (Conf),W 81-60,,2,0,0,,0,0,,0,0,,,0,0,0,0,0,0,0,0,0,0,0,0.0,Devry Millett,https://www.sports-reference.com/cbb/players/devry-millett-1.html,brigham-young,2020-21
7,10,14,2021-02-04,Brigham Young,,Pepperdine,REG (Conf),W 75-61,,1,0,1,.000,0,0,,0,1,.000,.000,0,0,0,0,0,0,0,0,0,0,0,-0.7,Devry Millett,https://www.sports-reference.com/cbb/players/devry-millett-1.html,brigham-young,2020-21
8,11,23,2021-03-08,Brigham Young,,San Francisco,CTOURN,W 85-55,,1,0,0,,0,0,,0,0,,,0,0,0,0,0,0,0,0,0,0,0,0.0,Devry Millett,https://www.sports-reference.com/cbb/players/devry-millett-1.html,brigham-young,2020-21
