ranker,player_game_num_career,team_game_num_season,date,team_name_abbr,game_location,opp_name_abbr,game_type,game_result,is_starter,mp,fg,fga,fg_pct,fg3,fg3a,fg3_pct,fg2,fg2a,fg2_pct,efg_pct,ft,fta,ft_pct,orb,drb,trb,ast,stl,blk,tov,pf,pts,game_score,player_name,player_sr_link,school,season
1,1,10,2021-01-14,Brigham Young,,St. Mary's (CA),REG (Conf),W 80-63,,1,1,1,1.000,0,0,,1,1,1.000,1.000,0,0,,0,0,0,0,0,0,0,2,2,0.9,Kate Vorwaller,https://www.sports-reference.com/cbb/players/kate-vorwaller-1.html,brigham-young,2020-21
2,2,11,2021-01-26,Brigham Young,,Pacific,REG (Conf),W 81-60,,2,0,0,,0,0,,0,0,,,0,0,,0,0,0,0,1,0,1,0,0,0.0,Kate Vorwaller,https://www.sports-reference.com/cbb/players/kate-vorwaller-1.html,brigham-young,2020-21
3,3,14,2021-02-04,Brigham Young,,Pepperdine,REG (Conf),W 75-61,,2,1,2,.500,1,1,1.000,0,1,.000,.750,0,2,.000,0,0,0,0,0,0,0,0,3,1.2,Kate Vorwaller,https://www.sports-reference.com/cbb/players/kate-vorwaller-1.html,brigham-young,2020-21
4,4,23,2021-03-08,Brigham Young,,San Francisco,CTOURN,W 85-55,,1,0,0,,0,0,,0,0,,,0,0,,0,0,0,0,0,0,0,0,0,0.0,Kate Vorwaller,https://www.sports-reference.com/cbb/players/kate-vorwaller-1.html,brigham-young,2020-21
