ranker,player_game_num_career,team_game_num_season,date,team_name_abbr,game_location,opp_name_abbr,game_type,game_result,is_starter,mp,fg,fga,fg_pct,fg3,fg3a,fg3_pct,fg2,fg2a,fg2_pct,efg_pct,ft,fta,ft_pct,orb,drb,trb,ast,stl,blk,tov,pf,pts,game_score,player_name,player_sr_link,school,season
1,28,1,2020-11-27,Brigham Young,@,Louisiana State,REG (Non-Conf),W 67-51,,12,1,2,.500,1,1,1.000,0,1,.000,.750,0,0,,0,1,1,0,0,0,1,1,3,0.9,Kaylee Smiler,https://www.sports-reference.com/cbb/players/kaylee-smiler-1.html,brigham-young,2020-21
2,29,2,2020-11-28,Brigham Young,,Washington,REG (Non-Conf),L 48-77,,17,2,3,.667,2,2,1.000,0,1,.000,1.000,0,0,,0,0,0,0,0,0,1,1,6,3.3,Kaylee Smiler,https://www.sports-reference.com/cbb/players/kaylee-smiler-1.html,brigham-young,2020-21
3,30,3,2020-12-07,Brigham Young,@,Utah State,REG (Non-Conf),W 87-66,,19,0,3,.000,0,3,.000,0,0,,.000,0,0,,0,2,2,2,0,0,0,2,0,-0.9,Kaylee Smiler,https://www.sports-reference.com/cbb/players/kaylee-smiler-1.html,brigham-young,2020-21
4,31,4,2020-12-10,Brigham Young,,Montana State,REG (Non-Conf),W 72-58,,21,3,6,.500,3,5,.600,0,1,.000,.750,0,0,,0,1,1,2,0,1,1,0,9,7.4,Kaylee Smiler,https://www.sports-reference.com/cbb/players/kaylee-smiler-1.html,brigham-young,2020-21
5,32,5,2020-12-18,Brigham Young,@,Southern Utah,REG (Non-Conf),W 84-74,,15,1,3,.333,1,2,.500,0,1,.000,.500,0,0,,0,1,1,1,0,0,0,0,3,2.3,Kaylee Smiler,https://www.sports-reference.com/cbb/players/kaylee-smiler-1.html,brigham-young,2020-21
6,33,6,2020-12-28,Brigham Young,,San Francisco,REG (Conf),W 70-46,,19,1,2,.500,1,2,.500,0,0,,.750,2,2,1.000,0,0,0,1,0,1,0,0,5,5.4,Kaylee Smiler,https://www.sports-reference.com/cbb/players/kaylee-smiler-1.html,brigham-young,2020-21
7,34,7,2020-12-30,Brigham Young,,Santa Clara,REG (Conf),W 76-50,,16,1,5,.200,1,5,.200,0,0,,.300,0,0,,0,0,0,2,1,0,1,2,3,0.5,Kaylee Smiler,https://www.sports-reference.com/cbb/players/kaylee-smiler-1.html,brigham-young,2020-21
8,35,8,2021-01-04,Brigham Young,@,San Diego,REG (Conf),L 56-58,,13,2,3,.667,1,2,.500,1,1,1.000,.833,0,0,,0,0,0,0,0,0,2,2,5,0.9,Kaylee Smiler,https://www.sports-reference.com/cbb/players/kaylee-smiler-1.html,brigham-young,2020-21
9,36,9,2021-01-07,Brigham Young,@,Loyola Marymount,REG (Conf),W 71-57,,16,3,5,.600,3,4,.750,0,1,.000,.900,0,0,,0,1,1,1,1,0,0,1,9,8.3,Kaylee Smiler,https://www.sports-reference.com/cbb/players/kaylee-smiler-1.html,brigham-young,2020-21
10,37,11,2021-01-26,Brigham Young,,Pacific,REG (Conf),W 81-60,,19,1,5,.200,1,2,.500,0,3,.000,.300,0,0,,0,3,3,0,1,1,0,1,3,2.1,Kaylee Smiler,https://www.sports-reference.com/cbb/players/kaylee-smiler-1.html,brigham-young,2020-21
11,38,13,2021-02-02,Brigham Young,@,Gonzaga,REG (Conf),L 56-63,,10,1,2,.500,1,2,.500,0,0,,.750,0,0,,1,1,2,1,0,1,2,1,3,2.0,Kaylee Smiler,https://www.sports-reference.com/cbb/players/kaylee-smiler-1.html,brigham-young,2020-21
12,39,14,2021-02-04,Brigham Young,,Pepperdine,REG (Conf),W 75-61,,16,0,1,.000,0,1,.000,0,0,,.000,0,0,,0,2,2,4,0,1,0,2,0,2.6,Kaylee Smiler,https://www.sports-reference.com/cbb/players/kaylee-smiler-1.html,brigham-young,2020-21
13,40,15,2021-02-06,Brigham Young,,Loyola Marymount,REG (Conf),W 69-50,,23,2,4,.500,0,2,.000,2,2,1.000,.500,0,0,,0,1,1,2,1,1,2,1,4,3.0,Kaylee Smiler,https://www.sports-reference.com/cbb/players/kaylee-smiler-1.html,brigham-young,2020-21
14,41,16,2021-02-09,Brigham Young,@,Pepperdine,REG (Conf),W 57-43,,13,0,2,.000,0,2,.000,0,0,,.000,0,0,,1,2,3,2,0,0,0,1,0,0.9,Kaylee Smiler,https://www.sports-reference.com/cbb/players/kaylee-smiler-1.html,brigham-young,2020-21
15,42,17,2021-02-11,Brigham Young,@,Pacific,REG (Conf),W 65-52,,17,0,1,.000,0,1,.000,0,0,,.000,0,0,,0,0,0,4,1,0,1,1,0,1.7,Kaylee Smiler,https://www.sports-reference.com/cbb/players/kaylee-smiler-1.html,brigham-young,2020-21
16,43,18,2021-02-13,Brigham Young,@,St. Mary's (CA),REG (Conf),W 79-61,,20,0,1,.000,0,1,.000,0,0,,.000,0,0,,0,2,2,0,1,1,1,0,0,0.6,Kaylee Smiler,https://www.sports-reference.com/cbb/players/kaylee-smiler-1.html,brigham-young,2020-21
17,44,19,2021-02-18,Brigham Young,,Gonzaga,REG (Conf),W 61-56,,16,1,3,.333,0,2,.000,1,1,1.000,.333,0,0,,0,2,2,0,0,0,1,0,2,-0.1,Kaylee Smiler,https://www.sports-reference.com/cbb/players/kaylee-smiler-1.html,brigham-young,2020-21
18,45,20,2021-02-20,Brigham Young,,Portland,REG (Conf),W 75-68,,17,1,2,.500,0,1,.000,1,1,1.000,.500,0,0,,0,0,0,0,1,0,1,3,2,-0.2,Kaylee Smiler,https://www.sports-reference.com/cbb/players/kaylee-smiler-1.html,brigham-young,2020-21
19,46,21,2021-02-25,Brigham Young,@,Santa Clara,REG (Conf),W 66-63,,22,1,2,.500,1,1,1.000,0,1,.000,.750,0,0,,0,0,0,1,4,0,1,3,3,4.5,Kaylee Smiler,https://www.sports-reference.com/cbb/players/kaylee-smiler-1.html,brigham-young,2020-21
20,47,22,2021-02-27,Brigham Young,@,San Francisco,REG (Conf),L 72-86,,12,1,2,.500,1,2,.500,0,0,,.750,0,0,,0,1,1,1,1,0,0,3,3,2.8,Kaylee Smiler,https://www.sports-reference.com/cbb/players/kaylee-smiler-1.html,brigham-young,2020-21
21,48,23,2021-03-08,Brigham Young,,San Francisco,CTOURN,W 85-55,,17,2,3,.667,1,2,.500,1,1,1.000,.833,0,0,,0,0,0,0,1,0,0,3,5,3.5,Kaylee Smiler,https://www.sports-reference.com/cbb/players/kaylee-smiler-1.html,brigham-young,2020-21
22,49,24,2021-03-09,Brigham Young,@,Gonzaga,CTOURN,L 42-43,,8,0,1,.000,0,1,.000,0,0,,.000,0,0,,1,0,1,0,1,0,0,0,0,1.0,Kaylee Smiler,https://www.sports-reference.com/cbb/players/kaylee-smiler-1.html,brigham-young,2020-21
23,50,25,2021-03-22,Brigham Young,N,Rutgers,ROUND-64,W 69-66,,13,1,1,1.000,1,1,1.000,0,0,,1.500,0,0,,0,1,1,1,1,0,1,2,3,2.9,Kaylee Smiler,https://www.sports-reference.com/cbb/players/kaylee-smiler-1.html,brigham-young,2020-21
24,51,26,2021-03-24,Brigham Young,N,Arizona,ROUND-32,L 46-52,,21,1,4,.250,1,4,.250,0,0,,.375,0,0,,0,0,0,0,1,0,0,0,3,1.6,Kaylee Smiler,https://www.sports-reference.com/cbb/players/kaylee-smiler-1.html,brigham-young,2020-21
