ranker,player_game_num_career,team_game_num_season,date,team_name_abbr,game_location,opp_name_abbr,game_type,game_result,is_starter,mp,fg,fga,fg_pct,fg3,fg3a,fg2,fg2a,fg2_pct,efg_pct,ft,fta,ft_pct,orb,drb,trb,ast,stl,blk,tov,pf,pts,game_score,player_name,player_sr_link,school,season
1,50,14,2021-02-04,Brigham Young,,Pepperdine,REG (Conf),W 75-61,,2,0,0,,0,0,0,0,,,0,0,,0,1,1,0,0,0,0,0,0,0.3,Kayla Belles-Lee,https://www.sports-reference.com/cbb/players/kayla-belles-lee-1.html,brigham-young,2020-21
2,51,15,2021-02-06,Brigham Young,,Loyola Marymount,REG (Conf),W 69-50,,2,1,2,.500,0,0,1,2,.500,.500,0,0,,1,0,1,0,0,0,0,0,2,1.7,Kayla Belles-Lee,https://www.sports-reference.com/cbb/players/kayla-belles-lee-1.html,brigham-young,2020-21
3,52,18,2021-02-13,Brigham Young,@,St. Mary's (CA),REG (Conf),W 79-61,,2,1,1,1.000,0,0,1,1,1.000,1.000,0,0,,0,0,0,0,0,1,0,1,2,2.0,Kayla Belles-Lee,https://www.sports-reference.com/cbb/players/kayla-belles-lee-1.html,brigham-young,2020-21
4,53,19,2021-02-18,Brigham Young,,Gonzaga,REG (Conf),W 61-56,,1,0,0,,0,0,0,0,,,0,0,,0,0,0,0,0,0,0,1,0,-0.4,Kayla Belles-Lee,https://www.sports-reference.com/cbb/players/kayla-belles-lee-1.html,brigham-young,2020-21
5,54,22,2021-02-27,Brigham Young,@,San Francisco,REG (Conf),L 72-86,,3,0,0,,0,0,0,0,,,0,0,,1,0,1,0,0,0,0,1,0,0.3,Kayla Belles-Lee,https://www.sports-reference.com/cbb/players/kayla-belles-lee-1.html,brigham-young,2020-21
6,55,23,2021-03-08,Brigham Young,,San Francisco,CTOURN,W 85-55,,6,1,2,.500,0,0,1,2,.500,.500,4,4,1.000,0,2,2,0,0,0,0,0,6,5.6,Kayla Belles-Lee,https://www.sports-reference.com/cbb/players/kayla-belles-lee-1.html,brigham-young,2020-21
7,56,24,2021-03-09,Brigham Young,@,Gonzaga,CTOURN,L 42-43,,2,0,0,,0,0,0,0,,,0,0,,0,0,0,1,0,0,0,0,0,0.7,Kayla Belles-Lee,https://www.sports-reference.com/cbb/players/kayla-belles-lee-1.html,brigham-young,2020-21
8,57,25,2021-03-22,Brigham Young,N,Rutgers,ROUND-64,W 69-66,,1,0,0,,0,0,0,0,,,0,0,,0,0,0,0,0,0,0,0,0,0.0,Kayla Belles-Lee,https://www.sports-reference.com/cbb/players/kayla-belles-lee-1.html,brigham-young,2020-21
