ranker,player_game_num_career,team_game_num_season,date,team_name_abbr,game_location,opp_name_abbr,game_type,game_result,is_starter,mp,fg,fga,fg_pct,fg3,fg3a,fg3_pct,fg2,fg2a,fg2_pct,efg_pct,ft,fta,ft_pct,orb,drb,trb,ast,stl,blk,tov,pf,pts,game_score,player_name,player_sr_link,school,season
1,1,2,2020-11-28,Brigham Young,,Washington,REG (Non-Conf),L 48-77,,5,0,1,.000,0,0,,0,1,.000,.000,0,0,,0,1,1,0,1,0,0,0,0,0.6,Kyra Beckman,https://www.sports-reference.com/cbb/players/kyra-beckman-1.html,brigham-young,2020-21
2,2,3,2020-12-07,Brigham Young,@,Utah State,REG (Non-Conf),W 87-66,,3,0,1,.000,0,0,,0,1,.000,.000,0,0,,0,1,1,0,0,0,1,0,0,-1.4,Kyra Beckman,https://www.sports-reference.com/cbb/players/kyra-beckman-1.html,brigham-young,2020-21
3,3,4,2020-12-10,Brigham Young,,Montana State,REG (Non-Conf),W 72-58,,5,1,1,1.000,1,1,1.000,0,0,,1.500,0,0,,0,1,1,0,0,0,0,0,3,3.0,Kyra Beckman,https://www.sports-reference.com/cbb/players/kyra-beckman-1.html,brigham-young,2020-21
4,4,6,2020-12-28,Brigham Young,,San Francisco,REG (Conf),W 70-46,,5,2,3,.667,0,0,,2,3,.667,.667,0,0,,1,4,5,0,0,0,0,1,4,4.2,Kyra Beckman,https://www.sports-reference.com/cbb/players/kyra-beckman-1.html,brigham-young,2020-21
5,5,7,2020-12-30,Brigham Young,,Santa Clara,REG (Conf),W 76-50,,6,0,2,.000,0,2,.000,0,0,,.000,0,0,,0,2,2,0,0,0,0,0,0,-0.8,Kyra Beckman,https://www.sports-reference.com/cbb/players/kyra-beckman-1.html,brigham-young,2020-21
6,6,9,2021-01-07,Brigham Young,@,Loyola Marymount,REG (Conf),W 71-57,,3,1,3,.333,0,1,.000,1,2,.500,.333,0,0,,0,1,1,0,0,0,1,0,2,-0.4,Kyra Beckman,https://www.sports-reference.com/cbb/players/kyra-beckman-1.html,brigham-young,2020-21
7,7,10,2021-01-14,Brigham Young,,St. Mary's (CA),REG (Conf),W 80-63,,3,0,1,.000,0,1,.000,0,0,,.000,0,0,,0,0,0,0,0,0,0,0,0,-0.7,Kyra Beckman,https://www.sports-reference.com/cbb/players/kyra-beckman-1.html,brigham-young,2020-21
8,8,11,2021-01-26,Brigham Young,,Pacific,REG (Conf),W 81-60,,7,0,1,.000,0,0,,0,1,.000,.000,0,0,,0,4,4,2,0,0,1,0,0,0.9,Kyra Beckman,https://www.sports-reference.com/cbb/players/kyra-beckman-1.html,brigham-young,2020-21
9,9,13,2021-02-02,Brigham Young,@,Gonzaga,REG (Conf),L 56-63,,0,0,0,,0,0,,0,0,,,0,0,,0,0,0,0,0,0,0,0,0,0.0,Kyra Beckman,https://www.sports-reference.com/cbb/players/kyra-beckman-1.html,brigham-young,2020-21
10,10,14,2021-02-04,Brigham Young,,Pepperdine,REG (Conf),W 75-61,,2,0,0,,0,0,,0,0,,,0,0,,0,0,0,0,0,0,1,0,0,-1.0,Kyra Beckman,https://www.sports-reference.com/cbb/players/kyra-beckman-1.html,brigham-young,2020-21
11,11,15,2021-02-06,Brigham Young,,Loyola Marymount,REG (Conf),W 69-50,,7,0,2,.000,0,1,.000,0,1,.000,.000,0,0,,0,3,3,0,0,0,1,2,0,-2.3,Kyra Beckman,https://www.sports-reference.com/cbb/players/kyra-beckman-1.html,brigham-young,2020-21
12,12,17,2021-02-11,Brigham Young,@,Pacific,REG (Conf),W 65-52,,1,0,0,,0,0,,0,0,,,0,0,,0,0,0,0,0,0,1,0,0,-1.0,Kyra Beckman,https://www.sports-reference.com/cbb/players/kyra-beckman-1.html,brigham-young,2020-21
13,13,18,2021-02-13,Brigham Young,@,St. Mary's (CA),REG (Conf),W 79-61,,3,0,2,.000,0,0,,0,2,.000,.000,0,0,,0,2,2,0,0,0,1,3,0,-3.0,Kyra Beckman,https://www.sports-reference.com/cbb/players/kyra-beckman-1.html,brigham-young,2020-21
14,14,22,2021-02-27,Brigham Young,@,San Francisco,REG (Conf),L 72-86,,0,1,1,1.000,0,0,,1,1,1.000,1.000,0,0,,0,0,0,0,0,0,0,0,2,1.7,Kyra Beckman,https://www.sports-reference.com/cbb/players/kyra-beckman-1.html,brigham-young,2020-21
15,15,23,2021-03-08,Brigham Young,,San Francisco,CTOURN,W 85-55,,4,0,0,,0,0,,0,0,,,1,2,.500,0,0,0,0,0,0,0,0,1,0.6,Kyra Beckman,https://www.sports-reference.com/cbb/players/kyra-beckman-1.html,brigham-young,2020-21
