ranker,player_game_num_career,team_game_num_season,date,team_name_abbr,game_location,opp_name_abbr,game_type,game_result,is_starter,mp,fg,fga,fg_pct,fg3,fg3a,fg3_pct,fg2,fg2a,fg2_pct,efg_pct,ft,fta,ft_pct,orb,drb,trb,ast,stl,blk,tov,pf,pts,game_score,player_name,player_sr_link,school,season
1,2,1,2020-11-27,Brigham Young,@,Louisiana State,REG (Non-Conf),W 67-51,*,38,3,8,.375,0,0,,3,8,.375,.375,0,0,,1,13,14,3,3,0,3,3,6,7.1,Lauren Gustin,https://www.sports-reference.com/cbb/players/lauren-gustin-1.html,brigham-young,2020-21
2,3,2,2020-11-28,Brigham Young,,Washington,REG (Non-Conf),L 48-77,*,33,5,6,.833,0,0,,5,6,.833,.833,3,4,.750,2,8,10,3,2,0,1,2,13,16.5,Lauren Gustin,https://www.sports-reference.com/cbb/players/lauren-gustin-1.html,brigham-young,2020-21
3,4,3,2020-12-07,Brigham Young,@,Utah State,REG (Non-Conf),W 87-66,*,31,7,15,.467,0,0,,7,15,.467,.467,7,10,.700,7,10,17,3,0,0,2,2,21,19.3,Lauren Gustin,https://www.sports-reference.com/cbb/players/lauren-gustin-1.html,brigham-young,2020-21
4,5,4,2020-12-10,Brigham Young,,Montana State,REG (Non-Conf),W 72-58,*,23,3,6,.500,0,0,,3,6,.500,.500,2,2,1.000,3,2,5,2,0,0,2,2,8,6.3,Lauren Gustin,https://www.sports-reference.com/cbb/players/lauren-gustin-1.html,brigham-young,2020-21
5,6,5,2020-12-18,Brigham Young,@,Southern Utah,REG (Non-Conf),W 84-74,*,37,8,13,.615,0,0,,8,13,.615,.615,3,5,.600,4,9,13,0,0,1,1,2,19,16.7,Lauren Gustin,https://www.sports-reference.com/cbb/players/lauren-gustin-1.html,brigham-young,2020-21
6,7,6,2020-12-28,Brigham Young,,San Francisco,REG (Conf),W 70-46,*,32,7,14,.500,0,0,,7,14,.500,.500,1,2,.500,3,14,17,2,2,1,3,2,15,14.2,Lauren Gustin,https://www.sports-reference.com/cbb/players/lauren-gustin-1.html,brigham-young,2020-21
7,8,7,2020-12-30,Brigham Young,,Santa Clara,REG (Conf),W 76-50,*,26,5,9,.556,0,0,,5,9,.556,.556,2,2,1.000,1,10,11,1,1,1,2,5,12,9.8,Lauren Gustin,https://www.sports-reference.com/cbb/players/lauren-gustin-1.html,brigham-young,2020-21
8,9,8,2021-01-04,Brigham Young,@,San Diego,REG (Conf),L 56-58,*,37,2,6,.333,0,0,,2,6,.333,.333,2,5,.400,3,15,18,2,0,0,2,1,6,7.0,Lauren Gustin,https://www.sports-reference.com/cbb/players/lauren-gustin-1.html,brigham-young,2020-21
9,10,9,2021-01-07,Brigham Young,@,Loyola Marymount,REG (Conf),W 71-57,*,32,5,11,.455,0,1,.000,5,10,.500,.455,1,2,.500,6,8,14,2,1,0,2,2,11,11.1,Lauren Gustin,https://www.sports-reference.com/cbb/players/lauren-gustin-1.html,brigham-young,2020-21
10,11,10,2021-01-14,Brigham Young,,St. Mary's (CA),REG (Conf),W 80-63,*,36,4,10,.400,0,0,,4,10,.400,.400,4,9,.444,5,11,16,3,2,0,3,2,12,11.7,Lauren Gustin,https://www.sports-reference.com/cbb/players/lauren-gustin-1.html,brigham-young,2020-21
11,12,13,2021-02-02,Brigham Young,@,Gonzaga,REG (Conf),L 56-63,*,35,2,10,.200,0,1,.000,2,9,.222,.200,0,0,,1,9,10,1,0,0,0,3,4,0.7,Lauren Gustin,https://www.sports-reference.com/cbb/players/lauren-gustin-1.html,brigham-young,2020-21
12,13,14,2021-02-04,Brigham Young,,Pepperdine,REG (Conf),W 75-61,*,33,12,17,.706,0,0,,12,17,.706,.706,3,4,.750,6,14,20,0,0,0,2,1,27,25.5,Lauren Gustin,https://www.sports-reference.com/cbb/players/lauren-gustin-1.html,brigham-young,2020-21
13,14,15,2021-02-06,Brigham Young,,Loyola Marymount,REG (Conf),W 69-50,*,26,2,10,.200,0,0,,2,10,.200,.200,2,2,1.000,2,4,6,3,0,0,2,1,6,2.1,Lauren Gustin,https://www.sports-reference.com/cbb/players/lauren-gustin-1.html,brigham-young,2020-21
14,15,16,2021-02-09,Brigham Young,@,Pepperdine,REG (Conf),W 57-43,*,35,4,10,.400,0,0,,4,10,.400,.400,0,0,,3,7,10,1,0,0,2,3,8,4.3,Lauren Gustin,https://www.sports-reference.com/cbb/players/lauren-gustin-1.html,brigham-young,2020-21
15,16,17,2021-02-11,Brigham Young,@,Pacific,REG (Conf),W 65-52,*,26,4,7,.571,0,0,,4,7,.571,.571,2,3,.667,5,8,13,1,1,0,5,2,10,8.1,Lauren Gustin,https://www.sports-reference.com/cbb/players/lauren-gustin-1.html,brigham-young,2020-21
16,17,18,2021-02-13,Brigham Young,@,St. Mary's (CA),REG (Conf),W 79-61,*,30,6,13,.462,0,0,,6,13,.462,.462,4,4,1.000,6,6,12,2,2,0,1,0,16,17.7,Lauren Gustin,https://www.sports-reference.com/cbb/players/lauren-gustin-1.html,brigham-young,2020-21
17,18,19,2021-02-18,Brigham Young,,Gonzaga,REG (Conf),W 61-56,*,36,5,12,.417,0,0,,5,12,.417,.417,0,0,,4,6,10,2,1,0,2,4,10,7.0,Lauren Gustin,https://www.sports-reference.com/cbb/players/lauren-gustin-1.html,brigham-young,2020-21
18,19,20,2021-02-20,Brigham Young,,Portland,REG (Conf),W 75-68,*,36,7,11,.636,0,0,,7,11,.636,.636,3,4,.750,6,10,16,5,2,0,5,2,17,18.6,Lauren Gustin,https://www.sports-reference.com/cbb/players/lauren-gustin-1.html,brigham-young,2020-21
19,20,21,2021-02-25,Brigham Young,@,Santa Clara,REG (Conf),W 66-63,*,38,7,12,.583,0,0,,7,12,.583,.583,0,0,,2,11,13,3,2,2,2,1,14,16.2,Lauren Gustin,https://www.sports-reference.com/cbb/players/lauren-gustin-1.html,brigham-young,2020-21
20,21,22,2021-02-27,Brigham Young,@,San Francisco,REG (Conf),L 72-86,*,34,0,3,.000,0,0,,0,3,.000,.000,1,2,.500,3,10,13,0,1,1,1,4,1,2.7,Lauren Gustin,https://www.sports-reference.com/cbb/players/lauren-gustin-1.html,brigham-young,2020-21
21,22,23,2021-03-08,Brigham Young,,San Francisco,CTOURN,W 85-55,*,25,4,5,.800,0,0,,4,5,.800,.800,2,2,1.000,1,9,10,4,1,0,2,0,10,13.3,Lauren Gustin,https://www.sports-reference.com/cbb/players/lauren-gustin-1.html,brigham-young,2020-21
22,23,24,2021-03-09,Brigham Young,@,Gonzaga,CTOURN,L 42-43,*,32,4,14,.286,0,0,,4,14,.286,.286,0,0,,4,9,13,1,0,0,4,3,8,0.8,Lauren Gustin,https://www.sports-reference.com/cbb/players/lauren-gustin-1.html,brigham-young,2020-21
23,24,25,2021-03-22,Brigham Young,N,Rutgers,ROUND-64,W 69-66,*,39,4,9,.444,0,0,,4,9,.444,.444,2,2,1.000,4,7,11,2,1,0,2,3,10,9.4,Lauren Gustin,https://www.sports-reference.com/cbb/players/lauren-gustin-1.html,brigham-young,2020-21
24,25,26,2021-03-24,Brigham Young,N,Arizona,ROUND-32,L 46-52,*,36,4,10,.400,0,1,.000,4,9,.444,.400,0,0,,3,8,11,2,1,0,3,3,8,5.3,Lauren Gustin,https://www.sports-reference.com/cbb/players/lauren-gustin-1.html,brigham-young,2020-21
