ranker,player_game_num_career,team_game_num_season,date,team_name_abbr,game_location,opp_name_abbr,game_type,game_result,is_starter,mp,fg,fga,fg_pct,fg3,fg3a,fg3_pct,fg2,fg2a,fg2_pct,efg_pct,ft,fta,ft_pct,orb,drb,trb,ast,stl,blk,tov,pf,pts,game_score,player_name,player_sr_link,school,season
1,44,1,2020-11-27,Brigham Young,@,Louisiana State,REG (Non-Conf),W 67-51,,5,0,1,.000,0,1,.000,0,0,,.000,0,0,,0,0,0,1,0,1,0,1,0,0.3,Malli Perri,https://www.sports-reference.com/cbb/players/malli-perri-1.html,brigham-young,2020-21
2,45,2,2020-11-28,Brigham Young,,Washington,REG (Non-Conf),L 48-77,,12,0,5,.000,0,1,.000,0,4,.000,.000,0,0,,0,2,2,0,0,1,0,2,0,-3.0,Malli Perri,https://www.sports-reference.com/cbb/players/malli-perri-1.html,brigham-young,2020-21
3,46,3,2020-12-07,Brigham Young,@,Utah State,REG (Non-Conf),W 87-66,,8,2,4,.500,1,3,.333,1,1,1.000,.625,0,0,,1,2,3,0,0,0,0,2,5,3.5,Malli Perri,https://www.sports-reference.com/cbb/players/malli-perri-1.html,brigham-young,2020-21
4,47,4,2020-12-10,Brigham Young,,Montana State,REG (Non-Conf),W 72-58,,13,1,2,.500,1,2,.500,0,0,,.750,0,0,,1,3,4,0,0,0,2,2,3,0.8,Malli Perri,https://www.sports-reference.com/cbb/players/malli-perri-1.html,brigham-young,2020-21
5,48,5,2020-12-18,Brigham Young,@,Southern Utah,REG (Non-Conf),W 84-74,,6,1,1,1.000,0,0,,1,1,1.000,1.000,0,0,,1,0,1,0,0,0,1,2,2,0.6,Malli Perri,https://www.sports-reference.com/cbb/players/malli-perri-1.html,brigham-young,2020-21
6,49,6,2020-12-28,Brigham Young,,San Francisco,REG (Conf),W 70-46,,10,0,3,.000,0,2,.000,0,1,.000,.000,0,0,,0,2,2,0,0,1,2,2,0,-3.6,Malli Perri,https://www.sports-reference.com/cbb/players/malli-perri-1.html,brigham-young,2020-21
7,50,7,2020-12-30,Brigham Young,,Santa Clara,REG (Conf),W 76-50,,12,2,5,.400,1,2,.500,1,3,.333,.500,0,0,,2,2,4,0,0,0,0,4,5,2.7,Malli Perri,https://www.sports-reference.com/cbb/players/malli-perri-1.html,brigham-young,2020-21
8,51,9,2021-01-07,Brigham Young,@,Loyola Marymount,REG (Conf),W 71-57,,7,0,0,,0,0,,0,0,,,0,0,,0,0,0,0,0,0,1,2,0,-1.8,Malli Perri,https://www.sports-reference.com/cbb/players/malli-perri-1.html,brigham-young,2020-21
9,52,10,2021-01-14,Brigham Young,,St. Mary's (CA),REG (Conf),W 80-63,,9,3,3,1.000,0,0,,3,3,1.000,1.000,0,0,,0,1,1,0,0,1,0,0,6,6.1,Malli Perri,https://www.sports-reference.com/cbb/players/malli-perri-1.html,brigham-young,2020-21
10,53,11,2021-01-26,Brigham Young,,Pacific,REG (Conf),W 81-60,,17,3,6,.500,0,1,.000,3,5,.600,.500,0,0,,1,1,2,0,0,0,0,0,6,4.0,Malli Perri,https://www.sports-reference.com/cbb/players/malli-perri-1.html,brigham-young,2020-21
11,54,13,2021-02-02,Brigham Young,@,Gonzaga,REG (Conf),L 56-63,,2,0,0,,0,0,,0,0,,,0,0,,0,0,0,0,1,0,0,1,0,0.6,Malli Perri,https://www.sports-reference.com/cbb/players/malli-perri-1.html,brigham-young,2020-21
12,55,14,2021-02-04,Brigham Young,,Pepperdine,REG (Conf),W 75-61,,11,1,5,.200,0,2,.000,1,3,.333,.200,0,0,,0,0,0,1,0,2,0,1,2,0.6,Malli Perri,https://www.sports-reference.com/cbb/players/malli-perri-1.html,brigham-young,2020-21
13,56,15,2021-02-06,Brigham Young,,Loyola Marymount,REG (Conf),W 69-50,,11,2,2,1.000,0,0,,2,2,1.000,1.000,0,0,,2,3,5,2,0,0,0,0,4,7.1,Malli Perri,https://www.sports-reference.com/cbb/players/malli-perri-1.html,brigham-young,2020-21
14,57,17,2021-02-11,Brigham Young,@,Pacific,REG (Conf),W 65-52,,12,2,3,.667,0,1,.000,2,2,1.000,.667,0,0,,1,0,1,1,0,1,0,2,4,4.0,Malli Perri,https://www.sports-reference.com/cbb/players/malli-perri-1.html,brigham-young,2020-21
15,58,18,2021-02-13,Brigham Young,@,St. Mary's (CA),REG (Conf),W 79-61,,6,0,1,.000,0,0,,0,1,.000,.000,0,0,,1,0,1,1,0,0,0,0,0,0.7,Malli Perri,https://www.sports-reference.com/cbb/players/malli-perri-1.html,brigham-young,2020-21
16,59,19,2021-02-18,Brigham Young,,Gonzaga,REG (Conf),W 61-56,,2,0,0,,0,0,,0,0,,,0,0,,0,0,0,0,0,0,1,0,0,-1.0,Malli Perri,https://www.sports-reference.com/cbb/players/malli-perri-1.html,brigham-young,2020-21
17,60,20,2021-02-20,Brigham Young,,Portland,REG (Conf),W 75-68,,2,0,0,,0,0,,0,0,,,0,0,,0,0,0,0,0,0,0,0,0,0.0,Malli Perri,https://www.sports-reference.com/cbb/players/malli-perri-1.html,brigham-young,2020-21
18,61,21,2021-02-25,Brigham Young,@,Santa Clara,REG (Conf),W 66-63,,1,0,0,,0,0,,0,0,,,0,0,,0,0,0,0,0,0,0,2,0,-0.8,Malli Perri,https://www.sports-reference.com/cbb/players/malli-perri-1.html,brigham-young,2020-21
19,62,22,2021-02-27,Brigham Young,@,San Francisco,REG (Conf),L 72-86,,1,0,0,,0,0,,0,0,,,0,0,,0,0,0,1,0,0,0,0,0,0.7,Malli Perri,https://www.sports-reference.com/cbb/players/malli-perri-1.html,brigham-young,2020-21
20,63,23,2021-03-08,Brigham Young,,San Francisco,CTOURN,W 85-55,,7,0,1,.000,0,1,.000,0,0,,.000,1,2,.500,0,0,0,0,0,0,0,2,1,-0.9,Malli Perri,https://www.sports-reference.com/cbb/players/malli-perri-1.html,brigham-young,2020-21
