ranker,player_game_num_career,team_game_num_season,date,team_name_abbr,game_location,opp_name_abbr,game_type,game_result,is_starter,mp,fg,fga,fg_pct,fg3,fg3a,fg3_pct,fg2,fg2a,fg2_pct,efg_pct,ft,fta,ft_pct,orb,drb,trb,ast,stl,blk,tov,pf,pts,game_score,player_name,player_sr_link,school,season
1,92,1,2020-11-27,Brigham Young,@,Louisiana State,REG (Non-Conf),W 67-51,*,28,1,6,.167,0,2,.000,1,4,.250,.167,6,6,1.000,1,0,1,4,0,0,1,0,8,6.7,Maria Albiero,https://www.sports-reference.com/cbb/players/maria-albiero-1.html,brigham-young,2020-21
2,93,2,2020-11-28,Brigham Young,,Washington,REG (Non-Conf),L 48-77,*,24,1,4,.250,0,2,.000,1,2,.500,.250,2,2,1.000,0,1,1,2,0,0,3,4,4,-1.3,Maria Albiero,https://www.sports-reference.com/cbb/players/maria-albiero-1.html,brigham-young,2020-21
3,94,3,2020-12-07,Brigham Young,@,Utah State,REG (Non-Conf),W 87-66,*,34,2,5,.400,1,3,.333,1,2,.500,.500,2,2,1.000,1,5,6,2,1,0,2,3,7,5.7,Maria Albiero,https://www.sports-reference.com/cbb/players/maria-albiero-1.html,brigham-young,2020-21
4,95,4,2020-12-10,Brigham Young,,Montana State,REG (Non-Conf),W 72-58,*,24,2,5,.400,1,3,.333,1,2,.500,.500,0,0,,0,4,4,4,0,0,1,2,5,4.5,Maria Albiero,https://www.sports-reference.com/cbb/players/maria-albiero-1.html,brigham-young,2020-21
5,96,5,2020-12-18,Brigham Young,@,Southern Utah,REG (Non-Conf),W 84-74,*,30,3,5,.600,2,3,.667,1,2,.500,.800,0,0,,0,1,1,7,2,0,2,2,8,10.1,Maria Albiero,https://www.sports-reference.com/cbb/players/maria-albiero-1.html,brigham-young,2020-21
6,97,6,2020-12-28,Brigham Young,,San Francisco,REG (Conf),W 70-46,*,32,0,4,.000,0,2,.000,0,2,.000,.000,0,0,,1,5,6,2,1,0,0,1,0,1.4,Maria Albiero,https://www.sports-reference.com/cbb/players/maria-albiero-1.html,brigham-young,2020-21
7,98,7,2020-12-30,Brigham Young,,Santa Clara,REG (Conf),W 76-50,*,28,2,4,.500,1,3,.333,1,1,1.000,.625,2,2,1.000,0,4,4,10,1,0,2,3,7,11.0,Maria Albiero,https://www.sports-reference.com/cbb/players/maria-albiero-1.html,brigham-young,2020-21
8,99,8,2021-01-04,Brigham Young,@,San Diego,REG (Conf),L 56-58,*,38,2,8,.250,1,4,.250,1,4,.250,.313,0,0,,0,2,2,3,1,0,4,4,5,-1.7,Maria Albiero,https://www.sports-reference.com/cbb/players/maria-albiero-1.html,brigham-young,2020-21
9,100,9,2021-01-07,Brigham Young,@,Loyola Marymount,REG (Conf),W 71-57,*,30,1,4,.250,0,2,.000,1,2,.500,.250,1,2,.500,0,3,3,1,0,0,2,3,3,-1.4,Maria Albiero,https://www.sports-reference.com/cbb/players/maria-albiero-1.html,brigham-young,2020-21
10,101,10,2021-01-14,Brigham Young,,St. Mary's (CA),REG (Conf),W 80-63,*,32,2,7,.286,1,4,.250,1,3,.333,.357,0,0,,0,1,1,5,0,0,1,2,5,2.9,Maria Albiero,https://www.sports-reference.com/cbb/players/maria-albiero-1.html,brigham-young,2020-21
11,102,11,2021-01-26,Brigham Young,,Pacific,REG (Conf),W 81-60,*,29,3,6,.500,1,4,.250,2,2,1.000,.583,0,0,,0,6,6,6,1,0,3,2,7,7.2,Maria Albiero,https://www.sports-reference.com/cbb/players/maria-albiero-1.html,brigham-young,2020-21
12,103,13,2021-02-02,Brigham Young,@,Gonzaga,REG (Conf),L 56-63,*,33,3,8,.375,1,3,.333,2,5,.400,.438,0,0,,1,1,2,4,0,0,7,0,7,-0.6,Maria Albiero,https://www.sports-reference.com/cbb/players/maria-albiero-1.html,brigham-young,2020-21
13,104,14,2021-02-04,Brigham Young,,Pepperdine,REG (Conf),W 75-61,*,27,3,7,.429,0,2,.000,3,5,.600,.429,4,4,1.000,0,2,2,1,1,0,0,2,10,7.8,Maria Albiero,https://www.sports-reference.com/cbb/players/maria-albiero-1.html,brigham-young,2020-21
14,105,15,2021-02-06,Brigham Young,,Loyola Marymount,REG (Conf),W 69-50,*,34,3,7,.429,2,3,.667,1,4,.250,.571,1,2,.500,1,2,3,1,0,0,2,1,9,4.5,Maria Albiero,https://www.sports-reference.com/cbb/players/maria-albiero-1.html,brigham-young,2020-21
15,106,16,2021-02-09,Brigham Young,@,Pepperdine,REG (Conf),W 57-43,*,29,1,6,.167,1,3,.333,0,3,.000,.250,0,0,,0,4,4,4,0,0,2,3,3,0.0,Maria Albiero,https://www.sports-reference.com/cbb/players/maria-albiero-1.html,brigham-young,2020-21
16,107,17,2021-02-11,Brigham Young,@,Pacific,REG (Conf),W 65-52,*,33,3,6,.500,2,4,.500,1,2,.500,.667,1,2,.500,0,6,6,3,0,1,3,0,9,7.2,Maria Albiero,https://www.sports-reference.com/cbb/players/maria-albiero-1.html,brigham-young,2020-21
17,108,18,2021-02-13,Brigham Young,@,St. Mary's (CA),REG (Conf),W 79-61,*,32,0,3,.000,0,2,.000,0,1,.000,.000,2,2,1.000,0,5,5,4,2,0,3,0,2,3.2,Maria Albiero,https://www.sports-reference.com/cbb/players/maria-albiero-1.html,brigham-young,2020-21
18,109,19,2021-02-18,Brigham Young,,Gonzaga,REG (Conf),W 61-56,*,32,2,5,.400,2,4,.500,0,1,.000,.600,0,0,,0,2,2,2,3,0,0,0,6,8.3,Maria Albiero,https://www.sports-reference.com/cbb/players/maria-albiero-1.html,brigham-young,2020-21
19,110,20,2021-02-20,Brigham Young,,Portland,REG (Conf),W 75-68,*,29,1,4,.250,0,2,.000,1,2,.500,.250,0,0,,0,1,1,3,0,0,2,5,2,-2.0,Maria Albiero,https://www.sports-reference.com/cbb/players/maria-albiero-1.html,brigham-young,2020-21
20,111,21,2021-02-25,Brigham Young,@,Santa Clara,REG (Conf),W 66-63,*,21,0,3,.000,0,2,.000,0,1,.000,.000,0,0,,0,1,1,1,0,0,0,0,0,-1.1,Maria Albiero,https://www.sports-reference.com/cbb/players/maria-albiero-1.html,brigham-young,2020-21
21,112,22,2021-02-27,Brigham Young,@,San Francisco,REG (Conf),L 72-86,*,34,6,10,.600,0,3,.000,6,7,.857,.600,2,3,.667,0,2,2,0,1,0,2,4,14,7.0,Maria Albiero,https://www.sports-reference.com/cbb/players/maria-albiero-1.html,brigham-young,2020-21
22,113,23,2021-03-08,Brigham Young,,San Francisco,CTOURN,W 85-55,*,30,1,5,.200,0,4,.000,1,1,1.000,.200,0,0,,1,2,3,2,0,0,2,2,2,-1.2,Maria Albiero,https://www.sports-reference.com/cbb/players/maria-albiero-1.html,brigham-young,2020-21
23,114,24,2021-03-09,Brigham Young,@,Gonzaga,CTOURN,L 42-43,*,35,0,5,.000,0,4,.000,0,1,.000,.000,0,0,,1,1,2,2,0,0,1,2,0,-2.9,Maria Albiero,https://www.sports-reference.com/cbb/players/maria-albiero-1.html,brigham-young,2020-21
24,115,25,2021-03-22,Brigham Young,N,Rutgers,ROUND-64,W 69-66,*,26,0,3,.000,0,2,.000,0,1,.000,.000,0,0,,0,0,0,1,1,0,1,0,0,-1.4,Maria Albiero,https://www.sports-reference.com/cbb/players/maria-albiero-1.html,brigham-young,2020-21
25,116,26,2021-03-24,Brigham Young,N,Arizona,ROUND-32,L 46-52,*,37,1,5,.200,0,2,.000,1,3,.333,.200,0,0,,1,0,1,3,0,0,5,4,2,-4.9,Maria Albiero,https://www.sports-reference.com/cbb/players/maria-albiero-1.html,brigham-young,2020-21
