ranker,player_game_num_career,team_game_num_season,date,team_name_abbr,game_location,opp_name_abbr,game_type,game_result,is_starter,mp,fg,fga,fg_pct,fg3,fg3a,fg3_pct,fg2,fg2a,fg2_pct,efg_pct,ft,fta,ft_pct,orb,drb,trb,ast,stl,blk,tov,pf,pts,game_score,player_name,player_sr_link,school,season
1,92,1,2020-11-27,Brigham Young,@,Louisiana State,REG (Non-Conf),W 67-51,*,34,5,11,.455,3,5,.600,2,6,.333,.591,0,0,,1,0,1,1,0,0,4,2,13,3.9,Paisley Harding,https://www.sports-reference.com/cbb/players/paisley-harding-1.html,brigham-young,2020-21
2,93,2,2020-11-28,Brigham Young,,Washington,REG (Non-Conf),L 48-77,*,28,2,13,.154,2,8,.250,0,5,.000,.231,3,3,1.000,1,0,1,2,1,0,2,3,9,0.6,Paisley Harding,https://www.sports-reference.com/cbb/players/paisley-harding-1.html,brigham-young,2020-21
3,94,3,2020-12-07,Brigham Young,@,Utah State,REG (Non-Conf),W 87-66,*,25,6,13,.462,0,3,.000,6,10,.600,.462,2,3,.667,1,3,4,3,0,0,0,0,14,10.6,Paisley Harding,https://www.sports-reference.com/cbb/players/paisley-harding-1.html,brigham-young,2020-21
4,95,4,2020-12-10,Brigham Young,,Montana State,REG (Non-Conf),W 72-58,*,27,3,10,.300,3,7,.429,0,3,.000,.450,2,2,1.000,0,0,0,6,1,0,0,3,11,9.2,Paisley Harding,https://www.sports-reference.com/cbb/players/paisley-harding-1.html,brigham-young,2020-21
5,96,5,2020-12-18,Brigham Young,@,Southern Utah,REG (Non-Conf),W 84-74,*,29,5,9,.556,1,3,.333,4,6,.667,.611,4,4,1.000,0,0,0,3,1,0,3,4,15,9.2,Paisley Harding,https://www.sports-reference.com/cbb/players/paisley-harding-1.html,brigham-young,2020-21
6,97,6,2020-12-28,Brigham Young,,San Francisco,REG (Conf),W 70-46,*,22,6,10,.600,1,4,.250,5,6,.833,.650,2,5,.400,0,1,1,2,1,0,3,3,15,7.7,Paisley Harding,https://www.sports-reference.com/cbb/players/paisley-harding-1.html,brigham-young,2020-21
7,98,7,2020-12-30,Brigham Young,,Santa Clara,REG (Conf),W 76-50,*,27,3,11,.273,1,7,.143,2,4,.500,.318,1,1,1.000,0,1,1,3,0,0,2,3,8,0.7,Paisley Harding,https://www.sports-reference.com/cbb/players/paisley-harding-1.html,brigham-young,2020-21
8,99,8,2021-01-04,Brigham Young,@,San Diego,REG (Conf),L 56-58,*,21,2,7,.286,1,4,.250,1,3,.333,.357,0,0,,0,2,2,2,2,0,5,5,5,-2.1,Paisley Harding,https://www.sports-reference.com/cbb/players/paisley-harding-1.html,brigham-young,2020-21
9,100,9,2021-01-07,Brigham Young,@,Loyola Marymount,REG (Conf),W 71-57,*,31,4,11,.364,2,4,.500,2,7,.286,.455,0,0,,0,3,3,1,1,0,1,2,10,4.7,Paisley Harding,https://www.sports-reference.com/cbb/players/paisley-harding-1.html,brigham-young,2020-21
10,101,10,2021-01-14,Brigham Young,,St. Mary's (CA),REG (Conf),W 80-63,*,27,7,11,.636,2,5,.400,5,6,.833,.727,4,6,.667,0,2,2,5,1,0,3,3,20,15.2,Paisley Harding,https://www.sports-reference.com/cbb/players/paisley-harding-1.html,brigham-young,2020-21
11,102,11,2021-01-26,Brigham Young,,Pacific,REG (Conf),W 81-60,*,26,3,12,.250,1,6,.167,2,6,.333,.292,0,0,,0,2,2,3,1,0,0,2,7,2.7,Paisley Harding,https://www.sports-reference.com/cbb/players/paisley-harding-1.html,brigham-young,2020-21
12,103,13,2021-02-02,Brigham Young,@,Gonzaga,REG (Conf),L 56-63,*,38,6,12,.500,2,5,.400,4,7,.571,.583,3,4,.750,0,2,2,3,0,0,4,5,17,7.3,Paisley Harding,https://www.sports-reference.com/cbb/players/paisley-harding-1.html,brigham-young,2020-21
13,104,14,2021-02-04,Brigham Young,,Pepperdine,REG (Conf),W 75-61,*,28,3,13,.231,0,5,.000,3,8,.375,.231,3,3,1.000,0,0,0,5,2,0,1,1,9,5.2,Paisley Harding,https://www.sports-reference.com/cbb/players/paisley-harding-1.html,brigham-young,2020-21
14,105,15,2021-02-06,Brigham Young,,Loyola Marymount,REG (Conf),W 69-50,*,20,5,10,.500,0,1,.000,5,9,.556,.500,4,5,.800,0,2,2,3,0,0,1,2,14,9.5,Paisley Harding,https://www.sports-reference.com/cbb/players/paisley-harding-1.html,brigham-young,2020-21
15,106,16,2021-02-09,Brigham Young,@,Pepperdine,REG (Conf),W 57-43,*,38,6,14,.429,5,10,.500,1,4,.250,.607,3,4,.750,4,1,5,5,0,0,1,0,20,17.8,Paisley Harding,https://www.sports-reference.com/cbb/players/paisley-harding-1.html,brigham-young,2020-21
16,107,17,2021-02-11,Brigham Young,@,Pacific,REG (Conf),W 65-52,*,32,6,14,.429,1,3,.333,5,11,.455,.464,1,2,.500,1,2,3,2,0,0,1,1,14,7.5,Paisley Harding,https://www.sports-reference.com/cbb/players/paisley-harding-1.html,brigham-young,2020-21
17,108,18,2021-02-13,Brigham Young,@,St. Mary's (CA),REG (Conf),W 79-61,*,32,12,20,.600,3,6,.500,9,14,.643,.675,1,1,1.000,1,2,3,0,0,0,4,3,28,14.9,Paisley Harding,https://www.sports-reference.com/cbb/players/paisley-harding-1.html,brigham-young,2020-21
18,109,19,2021-02-18,Brigham Young,,Gonzaga,REG (Conf),W 61-56,*,29,3,7,.429,1,3,.333,2,4,.500,.500,5,8,.625,0,2,2,2,0,0,0,3,12,7.9,Paisley Harding,https://www.sports-reference.com/cbb/players/paisley-harding-1.html,brigham-young,2020-21
19,110,20,2021-02-20,Brigham Young,,Portland,REG (Conf),W 75-68,*,39,7,16,.438,3,7,.429,4,9,.444,.531,1,2,.500,1,3,4,6,2,0,2,2,18,14.2,Paisley Harding,https://www.sports-reference.com/cbb/players/paisley-harding-1.html,brigham-young,2020-21
20,111,21,2021-02-25,Brigham Young,@,Santa Clara,REG (Conf),W 66-63,*,40,3,13,.231,1,4,.250,2,9,.222,.269,5,7,.714,0,5,5,10,0,0,3,2,12,8.0,Paisley Harding,https://www.sports-reference.com/cbb/players/paisley-harding-1.html,brigham-young,2020-21
21,112,22,2021-02-27,Brigham Young,@,San Francisco,REG (Conf),L 72-86,*,33,4,16,.250,2,7,.286,2,9,.222,.313,7,7,1.000,1,2,3,5,1,0,3,2,17,9.4,Paisley Harding,https://www.sports-reference.com/cbb/players/paisley-harding-1.html,brigham-young,2020-21
22,113,23,2021-03-08,Brigham Young,,San Francisco,CTOURN,W 85-55,*,29,9,17,.529,4,10,.400,5,7,.714,.647,1,1,1.000,0,7,7,2,4,0,4,3,23,17.0,Paisley Harding,https://www.sports-reference.com/cbb/players/paisley-harding-1.html,brigham-young,2020-21
23,114,24,2021-03-09,Brigham Young,@,Gonzaga,CTOURN,L 42-43,*,39,4,8,.500,0,3,.000,4,5,.800,.500,4,4,1.000,0,5,5,3,3,0,3,2,12,10.8,Paisley Harding,https://www.sports-reference.com/cbb/players/paisley-harding-1.html,brigham-young,2020-21
24,115,25,2021-03-22,Brigham Young,N,Rutgers,ROUND-64,W 69-66,*,39,8,17,.471,4,9,.444,4,8,.500,.588,8,10,.800,3,2,5,1,0,1,9,4,28,12.0,Paisley Harding,https://www.sports-reference.com/cbb/players/paisley-harding-1.html,brigham-young,2020-21
25,116,26,2021-03-24,Brigham Young,N,Arizona,ROUND-32,L 46-52,*,22,1,9,.111,0,1,.000,1,8,.125,.111,0,0,,1,3,4,0,0,0,3,2,2,-6.1,Paisley Harding,https://www.sports-reference.com/cbb/players/paisley-harding-1.html,brigham-young,2020-21
