ranker,player_game_num_career,team_game_num_season,date,team_name_abbr,game_location,opp_name_abbr,game_type,game_result,is_starter,mp,fg,fga,fg_pct,fg3,fg3a,fg3_pct,fg2,fg2a,fg2_pct,efg_pct,ft,fta,ft_pct,orb,drb,trb,ast,stl,blk,tov,pf,pts,game_score,player_name,player_sr_link,school,season
1,87,1,2020-11-27,Brigham Young,@,Louisiana State,REG (Non-Conf),W 67-51,*,10,0,0,,0,0,,0,0,,,0,0,,0,3,3,1,1,1,0,4,0,1.7,Sara Hamson,https://www.sports-reference.com/cbb/players/sara-hamson-1.html,brigham-young,2020-21
2,88,2,2020-11-28,Brigham Young,,Washington,REG (Non-Conf),L 48-77,*,8,0,0,,0,0,,0,0,,,0,0,,0,1,1,0,0,0,0,0,0,0.3,Sara Hamson,https://www.sports-reference.com/cbb/players/sara-hamson-1.html,brigham-young,2020-21
3,89,3,2020-12-07,Brigham Young,@,Utah State,REG (Non-Conf),W 87-66,*,12,1,2,.500,0,0,,1,2,.500,.500,0,0,,0,1,1,0,0,0,1,4,2,-1.3,Sara Hamson,https://www.sports-reference.com/cbb/players/sara-hamson-1.html,brigham-young,2020-21
4,90,4,2020-12-10,Brigham Young,,Montana State,REG (Non-Conf),W 72-58,*,15,2,2,1.000,0,0,,2,2,1.000,1.000,0,0,,1,6,7,1,1,3,0,3,4,8.5,Sara Hamson,https://www.sports-reference.com/cbb/players/sara-hamson-1.html,brigham-young,2020-21
5,91,5,2020-12-18,Brigham Young,@,Southern Utah,REG (Non-Conf),W 84-74,*,8,1,1,1.000,0,0,,1,1,1.000,1.000,0,0,,0,1,1,0,0,3,1,4,2,1.5,Sara Hamson,https://www.sports-reference.com/cbb/players/sara-hamson-1.html,brigham-young,2020-21
6,92,6,2020-12-28,Brigham Young,,San Francisco,REG (Conf),W 70-46,*,13,4,5,.800,0,0,,4,5,.800,.800,1,2,.500,2,2,4,2,0,1,0,4,9,9.2,Sara Hamson,https://www.sports-reference.com/cbb/players/sara-hamson-1.html,brigham-young,2020-21
7,93,7,2020-12-30,Brigham Young,,Santa Clara,REG (Conf),W 76-50,*,22,5,7,.714,0,0,,5,7,.714,.714,2,3,.667,4,4,8,0,1,5,0,2,12,16.4,Sara Hamson,https://www.sports-reference.com/cbb/players/sara-hamson-1.html,brigham-young,2020-21
8,94,8,2021-01-04,Brigham Young,@,San Diego,REG (Conf),L 56-58,*,27,3,3,1.000,0,0,,3,3,1.000,1.000,1,2,.500,4,2,6,1,0,6,1,1,7,12.6,Sara Hamson,https://www.sports-reference.com/cbb/players/sara-hamson-1.html,brigham-young,2020-21
9,95,9,2021-01-07,Brigham Young,@,Loyola Marymount,REG (Conf),W 71-57,*,15,1,1,1.000,0,0,,1,1,1.000,1.000,0,0,,0,2,2,1,2,2,1,0,2,5.4,Sara Hamson,https://www.sports-reference.com/cbb/players/sara-hamson-1.html,brigham-young,2020-21
10,96,10,2021-01-14,Brigham Young,,St. Mary's (CA),REG (Conf),W 80-63,*,20,4,5,.800,0,1,.000,4,4,1.000,.800,0,0,,1,2,3,0,1,4,0,2,8,10.4,Sara Hamson,https://www.sports-reference.com/cbb/players/sara-hamson-1.html,brigham-young,2020-21
11,97,11,2021-01-26,Brigham Young,,Pacific,REG (Conf),W 81-60,*,26,6,9,.667,0,0,,6,9,.667,.667,0,0,,1,8,9,0,3,5,0,2,12,16.9,Sara Hamson,https://www.sports-reference.com/cbb/players/sara-hamson-1.html,brigham-young,2020-21
12,98,13,2021-02-02,Brigham Young,@,Gonzaga,REG (Conf),L 56-63,*,17,2,3,.667,0,0,,2,3,.667,.667,0,0,,1,1,2,0,1,0,0,3,4,3.5,Sara Hamson,https://www.sports-reference.com/cbb/players/sara-hamson-1.html,brigham-young,2020-21
13,99,14,2021-02-04,Brigham Young,,Pepperdine,REG (Conf),W 75-61,*,13,0,0,,0,0,,0,0,,,0,0,,1,0,1,0,0,0,1,1,0,-0.7,Sara Hamson,https://www.sports-reference.com/cbb/players/sara-hamson-1.html,brigham-young,2020-21
14,100,15,2021-02-06,Brigham Young,,Loyola Marymount,REG (Conf),W 69-50,*,16,3,3,1.000,0,0,,3,3,1.000,1.000,3,3,1.000,2,3,5,1,1,2,1,2,9,11.7,Sara Hamson,https://www.sports-reference.com/cbb/players/sara-hamson-1.html,brigham-young,2020-21
15,101,16,2021-02-09,Brigham Young,@,Pepperdine,REG (Conf),W 57-43,*,21,1,2,.500,0,0,,1,2,.500,.500,0,0,,2,3,5,1,2,9,0,0,2,12.3,Sara Hamson,https://www.sports-reference.com/cbb/players/sara-hamson-1.html,brigham-young,2020-21
16,102,17,2021-02-11,Brigham Young,@,Pacific,REG (Conf),W 65-52,*,15,3,5,.600,0,0,,3,5,.600,.600,0,0,,2,5,7,1,1,3,4,5,6,4.4,Sara Hamson,https://www.sports-reference.com/cbb/players/sara-hamson-1.html,brigham-young,2020-21
17,103,18,2021-02-13,Brigham Young,@,St. Mary's (CA),REG (Conf),W 79-61,*,17,4,7,.571,0,0,,4,7,.571,.571,0,0,,1,2,3,0,3,1,1,1,8,8.3,Sara Hamson,https://www.sports-reference.com/cbb/players/sara-hamson-1.html,brigham-young,2020-21
18,104,19,2021-02-18,Brigham Young,,Gonzaga,REG (Conf),W 61-56,*,24,5,6,.833,0,0,,5,6,.833,.833,0,0,,1,4,5,0,0,5,3,2,10,9.4,Sara Hamson,https://www.sports-reference.com/cbb/players/sara-hamson-1.html,brigham-young,2020-21
19,105,20,2021-02-20,Brigham Young,,Portland,REG (Conf),W 75-68,*,12,1,4,.250,0,0,,1,4,.250,.250,0,0,,2,2,4,1,1,1,0,2,2,3.2,Sara Hamson,https://www.sports-reference.com/cbb/players/sara-hamson-1.html,brigham-young,2020-21
20,106,21,2021-02-25,Brigham Young,@,Santa Clara,REG (Conf),W 66-63,*,18,2,3,.667,0,0,,2,3,.667,.667,2,4,.500,1,5,6,1,0,3,1,3,6,6.7,Sara Hamson,https://www.sports-reference.com/cbb/players/sara-hamson-1.html,brigham-young,2020-21
21,107,22,2021-02-27,Brigham Young,@,San Francisco,REG (Conf),L 72-86,*,18,4,9,.444,0,0,,4,9,.444,.444,0,0,,0,1,1,0,1,1,1,1,8,3.9,Sara Hamson,https://www.sports-reference.com/cbb/players/sara-hamson-1.html,brigham-young,2020-21
22,108,23,2021-03-08,Brigham Young,,San Francisco,CTOURN,W 85-55,*,20,4,6,.667,0,0,,4,6,.667,.667,0,0,,4,1,5,2,2,1,1,1,8,11.2,Sara Hamson,https://www.sports-reference.com/cbb/players/sara-hamson-1.html,brigham-young,2020-21
23,109,24,2021-03-09,Brigham Young,@,Gonzaga,CTOURN,L 42-43,*,19,1,1,1.000,0,0,,1,1,1.000,1.000,0,0,,0,1,1,1,1,3,1,1,2,4.4,Sara Hamson,https://www.sports-reference.com/cbb/players/sara-hamson-1.html,brigham-young,2020-21
24,110,25,2021-03-22,Brigham Young,N,Rutgers,ROUND-64,W 69-66,*,11,1,1,1.000,0,0,,1,1,1.000,1.000,0,0,,2,1,3,0,0,1,1,4,2,1.5,Sara Hamson,https://www.sports-reference.com/cbb/players/sara-hamson-1.html,brigham-young,2020-21
25,111,26,2021-03-24,Brigham Young,N,Arizona,ROUND-32,L 46-52,*,13,1,1,1.000,0,0,,1,1,1.000,1.000,0,0,,0,5,5,0,0,2,0,3,2,3.4,Sara Hamson,https://www.sports-reference.com/cbb/players/sara-hamson-1.html,brigham-young,2020-21
