ranker,player_game_num_career,team_game_num_season,date,team_name_abbr,game_location,opp_name_abbr,game_type,game_result,is_starter,mp,fg,fga,fg_pct,fg3,fg3a,fg3_pct,fg2,fg2a,fg2_pct,efg_pct,ft,fta,ft_pct,orb,drb,trb,ast,stl,blk,tov,pf,pts,game_score,player_name,player_sr_link,school,season
1,34,1,2020-11-27,Brigham Young,@,Louisiana State,REG (Non-Conf),W 67-51,*,40,11,14,.786,6,7,.857,5,7,.714,1.000,2,2,1.000,1,3,4,3,3,0,10,1,30,20.9,Shaylee Gonzales,https://www.sports-reference.com/cbb/players/shaylee-gonzales-1.html,brigham-young,2020-21
2,35,2,2020-11-28,Brigham Young,,Washington,REG (Non-Conf),L 48-77,*,32,2,14,.143,1,7,.143,1,7,.143,.179,0,0,,2,4,6,0,0,0,2,2,5,-4.2,Shaylee Gonzales,https://www.sports-reference.com/cbb/players/shaylee-gonzales-1.html,brigham-young,2020-21
3,36,3,2020-12-07,Brigham Young,@,Utah State,REG (Non-Conf),W 87-66,*,30,11,17,.647,3,5,.600,8,12,.667,.735,2,2,1.000,0,4,4,3,4,0,3,2,27,23.0,Shaylee Gonzales,https://www.sports-reference.com/cbb/players/shaylee-gonzales-1.html,brigham-young,2020-21
4,37,4,2020-12-10,Brigham Young,,Montana State,REG (Non-Conf),W 72-58,*,29,6,9,.667,4,7,.571,2,2,1.000,.889,2,2,1.000,0,3,3,3,0,0,2,4,18,13.5,Shaylee Gonzales,https://www.sports-reference.com/cbb/players/shaylee-gonzales-1.html,brigham-young,2020-21
5,38,5,2020-12-18,Brigham Young,@,Southern Utah,REG (Non-Conf),W 84-74,*,38,12,21,.571,0,3,.000,12,18,.667,.571,2,3,.667,2,3,5,4,2,1,3,0,26,20.5,Shaylee Gonzales,https://www.sports-reference.com/cbb/players/shaylee-gonzales-1.html,brigham-young,2020-21
6,39,6,2020-12-28,Brigham Young,,San Francisco,REG (Conf),W 70-46,*,30,7,16,.438,0,3,.000,7,13,.538,.438,2,2,1.000,3,3,6,6,4,0,4,2,16,14.0,Shaylee Gonzales,https://www.sports-reference.com/cbb/players/shaylee-gonzales-1.html,brigham-young,2020-21
7,40,7,2020-12-30,Brigham Young,,Santa Clara,REG (Conf),W 76-50,*,30,8,12,.667,2,6,.333,6,6,1.000,.750,2,3,.667,2,6,8,3,2,0,3,3,20,17.5,Shaylee Gonzales,https://www.sports-reference.com/cbb/players/shaylee-gonzales-1.html,brigham-young,2020-21
8,41,8,2021-01-04,Brigham Young,@,San Diego,REG (Conf),L 56-58,*,39,9,20,.450,1,5,.200,8,15,.533,.475,2,3,.667,4,4,8,3,5,0,8,2,21,12.5,Shaylee Gonzales,https://www.sports-reference.com/cbb/players/shaylee-gonzales-1.html,brigham-young,2020-21
9,42,9,2021-01-07,Brigham Young,@,Loyola Marymount,REG (Conf),W 71-57,*,34,7,14,.500,0,4,.000,7,10,.700,.500,6,8,.750,1,2,3,5,2,0,3,1,20,15.6,Shaylee Gonzales,https://www.sports-reference.com/cbb/players/shaylee-gonzales-1.html,brigham-young,2020-21
10,43,10,2021-01-14,Brigham Young,,St. Mary's (CA),REG (Conf),W 80-63,*,36,7,18,.389,3,7,.429,4,11,.364,.472,2,2,1.000,3,3,6,6,1,0,2,2,19,14.6,Shaylee Gonzales,https://www.sports-reference.com/cbb/players/shaylee-gonzales-1.html,brigham-young,2020-21
11,44,11,2021-01-26,Brigham Young,,Pacific,REG (Conf),W 81-60,*,35,10,19,.526,0,4,.000,10,15,.667,.526,3,4,.750,2,5,7,6,6,0,3,0,23,23.4,Shaylee Gonzales,https://www.sports-reference.com/cbb/players/shaylee-gonzales-1.html,brigham-young,2020-21
12,45,13,2021-02-02,Brigham Young,@,Gonzaga,REG (Conf),L 56-63,*,38,5,15,.333,1,5,.200,4,10,.400,.367,1,2,.500,1,2,3,3,2,0,2,2,12,5.7,Shaylee Gonzales,https://www.sports-reference.com/cbb/players/shaylee-gonzales-1.html,brigham-young,2020-21
13,46,14,2021-02-04,Brigham Young,,Pepperdine,REG (Conf),W 75-61,*,32,5,20,.250,0,4,.000,5,16,.313,.250,1,2,.500,7,1,8,4,2,0,0,2,11,7.8,Shaylee Gonzales,https://www.sports-reference.com/cbb/players/shaylee-gonzales-1.html,brigham-young,2020-21
14,47,15,2021-02-06,Brigham Young,,Loyola Marymount,REG (Conf),W 69-50,*,27,2,8,.250,0,2,.000,2,6,.333,.250,4,6,.667,2,6,8,6,4,1,4,3,8,9.3,Shaylee Gonzales,https://www.sports-reference.com/cbb/players/shaylee-gonzales-1.html,brigham-young,2020-21
15,48,16,2021-02-09,Brigham Young,@,Pepperdine,REG (Conf),W 57-43,*,40,6,22,.273,1,6,.167,5,16,.313,.295,3,4,.750,3,4,7,3,2,1,2,2,16,7.9,Shaylee Gonzales,https://www.sports-reference.com/cbb/players/shaylee-gonzales-1.html,brigham-young,2020-21
16,49,17,2021-02-11,Brigham Young,@,Pacific,REG (Conf),W 65-52,*,31,5,12,.417,2,3,.667,3,9,.333,.500,2,2,1.000,1,3,4,4,1,1,2,1,14,11.3,Shaylee Gonzales,https://www.sports-reference.com/cbb/players/shaylee-gonzales-1.html,brigham-young,2020-21
17,50,18,2021-02-13,Brigham Young,@,St. Mary's (CA),REG (Conf),W 79-61,*,27,6,11,.545,2,4,.500,4,7,.571,.636,2,2,1.000,0,4,4,3,3,0,1,2,16,15.2,Shaylee Gonzales,https://www.sports-reference.com/cbb/players/shaylee-gonzales-1.html,brigham-young,2020-21
18,51,19,2021-02-18,Brigham Young,,Gonzaga,REG (Conf),W 61-56,*,39,6,12,.500,2,4,.500,4,8,.500,.583,2,5,.400,1,2,3,7,3,0,4,0,16,14.0,Shaylee Gonzales,https://www.sports-reference.com/cbb/players/shaylee-gonzales-1.html,brigham-young,2020-21
19,52,20,2021-02-20,Brigham Young,,Portland,REG (Conf),W 75-68,*,35,11,16,.688,2,5,.400,9,11,.818,.750,2,4,.500,1,0,1,3,1,0,2,2,26,19.4,Shaylee Gonzales,https://www.sports-reference.com/cbb/players/shaylee-gonzales-1.html,brigham-young,2020-21
20,53,21,2021-02-25,Brigham Young,@,Santa Clara,REG (Conf),W 66-63,*,38,8,18,.444,3,7,.429,5,11,.455,.528,1,1,1.000,2,1,3,1,2,0,3,4,20,10.4,Shaylee Gonzales,https://www.sports-reference.com/cbb/players/shaylee-gonzales-1.html,brigham-young,2020-21
21,54,22,2021-02-27,Brigham Young,@,San Francisco,REG (Conf),L 72-86,*,35,10,19,.526,1,7,.143,9,12,.750,.553,4,5,.800,8,0,8,2,1,0,3,2,25,19.5,Shaylee Gonzales,https://www.sports-reference.com/cbb/players/shaylee-gonzales-1.html,brigham-young,2020-21
22,55,23,2021-03-08,Brigham Young,,San Francisco,CTOURN,W 85-55,*,28,4,10,.400,1,3,.333,3,7,.429,.450,1,2,.500,0,6,6,7,2,0,4,3,10,7.7,Shaylee Gonzales,https://www.sports-reference.com/cbb/players/shaylee-gonzales-1.html,brigham-young,2020-21
23,56,24,2021-03-09,Brigham Young,@,Gonzaga,CTOURN,L 42-43,*,39,6,17,.353,1,4,.250,5,13,.385,.382,0,0,,0,3,3,1,4,0,3,0,13,6.1,Shaylee Gonzales,https://www.sports-reference.com/cbb/players/shaylee-gonzales-1.html,brigham-young,2020-21
24,57,25,2021-03-22,Brigham Young,N,Rutgers,ROUND-64,W 69-66,*,40,3,17,.176,1,7,.143,2,10,.200,.206,10,11,.909,4,2,6,4,3,0,2,2,17,12.3,Shaylee Gonzales,https://www.sports-reference.com/cbb/players/shaylee-gonzales-1.html,brigham-young,2020-21
25,58,26,2021-03-24,Brigham Young,N,Arizona,ROUND-32,L 46-52,*,40,5,13,.385,1,3,.333,4,10,.400,.423,5,7,.714,2,7,9,0,0,1,2,2,16,9.5,Shaylee Gonzales,https://www.sports-reference.com/cbb/players/shaylee-gonzales-1.html,brigham-young,2020-21
