ranker,player_game_num_career,team_game_num_season,date,team_name_abbr,game_location,opp_name_abbr,game_type,game_result,is_starter,mp,fg,fga,fg_pct,fg3,fg3a,fg3_pct,fg2,fg2a,fg2_pct,efg_pct,ft,fta,orb,drb,trb,ast,stl,blk,tov,pf,pts,game_score,player_name,player_sr_link,school,season
1,32,11,2021-01-26,Brigham Young,,Pacific,REG (Conf),W 81-60,,2,0,1,.000,0,0,,0,1,.000,.000,0,0,0,1,1,1,1,0,0,0,0,1.3,Signe Glantz,https://www.sports-reference.com/cbb/players/signe-glantz-1.html,brigham-young,2020-21
2,33,14,2021-02-04,Brigham Young,,Pepperdine,REG (Conf),W 75-61,,2,0,0,,0,0,,0,0,,,0,0,0,0,0,1,0,0,0,0,0,0.7,Signe Glantz,https://www.sports-reference.com/cbb/players/signe-glantz-1.html,brigham-young,2020-21
3,34,15,2021-02-06,Brigham Young,,Loyola Marymount,REG (Conf),W 69-50,,3,0,1,.000,0,1,.000,0,0,,.000,0,0,0,0,0,1,0,0,0,0,0,0.0,Signe Glantz,https://www.sports-reference.com/cbb/players/signe-glantz-1.html,brigham-young,2020-21
4,35,18,2021-02-13,Brigham Young,@,St. Mary's (CA),REG (Conf),W 79-61,,2,0,0,,0,0,,0,0,,,0,0,0,1,1,0,0,0,0,0,0,0.3,Signe Glantz,https://www.sports-reference.com/cbb/players/signe-glantz-1.html,brigham-young,2020-21
5,36,23,2021-03-08,Brigham Young,,San Francisco,CTOURN,W 85-55,,3,0,1,.000,0,0,,0,1,.000,.000,0,0,0,0,0,0,0,0,0,0,0,-0.7,Signe Glantz,https://www.sports-reference.com/cbb/players/signe-glantz-1.html,brigham-young,2020-21
