ranker,player_game_num_career,team_game_num_season,date,team_name_abbr,game_location,opp_name_abbr,game_type,game_result,is_starter,mp,fg,fga,fg_pct,fg3,fg3a,fg3_pct,fg2,fg2a,fg2_pct,efg_pct,ft,fta,ft_pct,orb,drb,trb,ast,stl,blk,tov,pf,pts,game_score,player_name,player_sr_link,school,season
1,1,1,2020-11-27,Brigham Young,@,Louisiana State,REG (Non-Conf),W 67-51,,4,0,0,,0,0,,0,0,,,0,0,,0,0,0,0,0,0,0,0,0,0.0,Tahlia White,https://www.sports-reference.com/cbb/players/tahlia-white-1.html,brigham-young,2020-21
2,2,2,2020-11-28,Brigham Young,,Washington,REG (Non-Conf),L 48-77,,10,0,1,.000,0,0,,0,1,.000,.000,1,2,.500,1,1,2,1,0,0,1,0,1,0.6,Tahlia White,https://www.sports-reference.com/cbb/players/tahlia-white-1.html,brigham-young,2020-21
3,3,3,2020-12-07,Brigham Young,@,Utah State,REG (Non-Conf),W 87-66,,6,0,0,,0,0,,0,0,,,0,0,,0,0,0,0,0,0,0,1,0,-0.4,Tahlia White,https://www.sports-reference.com/cbb/players/tahlia-white-1.html,brigham-young,2020-21
4,4,4,2020-12-10,Brigham Young,,Montana State,REG (Non-Conf),W 72-58,,12,1,3,.333,0,0,,1,3,.333,.333,0,0,,0,1,1,1,0,1,2,2,2,-0.8,Tahlia White,https://www.sports-reference.com/cbb/players/tahlia-white-1.html,brigham-young,2020-21
5,5,5,2020-12-18,Brigham Young,@,Southern Utah,REG (Non-Conf),W 84-74,,6,1,2,.500,1,2,.500,0,0,,.750,2,2,1.000,0,0,0,0,1,0,0,1,5,4.6,Tahlia White,https://www.sports-reference.com/cbb/players/tahlia-white-1.html,brigham-young,2020-21
6,6,6,2020-12-28,Brigham Young,,San Francisco,REG (Conf),W 70-46,,10,0,1,.000,0,1,.000,0,0,,.000,1,2,.500,0,0,0,0,0,0,0,1,1,-0.5,Tahlia White,https://www.sports-reference.com/cbb/players/tahlia-white-1.html,brigham-young,2020-21
7,7,7,2020-12-30,Brigham Young,,Santa Clara,REG (Conf),W 76-50,,6,0,3,.000,0,1,.000,0,2,.000,.000,1,2,.500,2,0,2,0,0,0,1,0,1,-1.1,Tahlia White,https://www.sports-reference.com/cbb/players/tahlia-white-1.html,brigham-young,2020-21
8,8,9,2021-01-07,Brigham Young,@,Loyola Marymount,REG (Conf),W 71-57,,6,0,0,,0,0,,0,0,,,0,0,,1,0,1,0,1,0,0,0,0,1.7,Tahlia White,https://www.sports-reference.com/cbb/players/tahlia-white-1.html,brigham-young,2020-21
9,9,10,2021-01-14,Brigham Young,,St. Mary's (CA),REG (Conf),W 80-63,,10,1,1,1.000,0,0,,1,1,1.000,1.000,0,0,,0,2,2,2,1,0,0,0,2,4.7,Tahlia White,https://www.sports-reference.com/cbb/players/tahlia-white-1.html,brigham-young,2020-21
10,10,11,2021-01-26,Brigham Young,,Pacific,REG (Conf),W 81-60,,8,3,3,1.000,2,2,1.000,1,1,1.000,1.333,0,0,,0,2,2,0,0,0,1,0,8,6.7,Tahlia White,https://www.sports-reference.com/cbb/players/tahlia-white-1.html,brigham-young,2020-21
11,11,13,2021-02-02,Brigham Young,@,Gonzaga,REG (Conf),L 56-63,,0,0,0,,0,0,,0,0,,,0,0,,0,0,0,0,0,0,0,0,0,0.0,Tahlia White,https://www.sports-reference.com/cbb/players/tahlia-white-1.html,brigham-young,2020-21
12,12,14,2021-02-04,Brigham Young,,Pepperdine,REG (Conf),W 75-61,,10,2,3,.667,2,2,1.000,0,1,.000,1.000,0,0,,1,0,1,1,0,0,0,0,6,6.1,Tahlia White,https://www.sports-reference.com/cbb/players/tahlia-white-1.html,brigham-young,2020-21
13,13,15,2021-02-06,Brigham Young,,Loyola Marymount,REG (Conf),W 69-50,,10,0,3,.000,0,1,.000,0,2,.000,.000,0,0,,0,2,2,0,1,0,1,2,0,-2.3,Tahlia White,https://www.sports-reference.com/cbb/players/tahlia-white-1.html,brigham-young,2020-21
14,14,17,2021-02-11,Brigham Young,@,Pacific,REG (Conf),W 65-52,,7,1,1,1.000,1,1,1.000,0,0,,1.500,0,0,,0,0,0,0,0,0,2,3,3,-0.5,Tahlia White,https://www.sports-reference.com/cbb/players/tahlia-white-1.html,brigham-young,2020-21
15,15,18,2021-02-13,Brigham Young,@,St. Mary's (CA),REG (Conf),W 79-61,,4,0,0,,0,0,,0,0,,,0,0,,0,0,0,0,0,0,1,0,0,-1.0,Tahlia White,https://www.sports-reference.com/cbb/players/tahlia-white-1.html,brigham-young,2020-21
16,16,19,2021-02-18,Brigham Young,,Gonzaga,REG (Conf),W 61-56,,3,0,0,,0,0,,0,0,,,0,0,,0,0,0,0,1,0,0,0,0,1.0,Tahlia White,https://www.sports-reference.com/cbb/players/tahlia-white-1.html,brigham-young,2020-21
17,17,22,2021-02-27,Brigham Young,@,San Francisco,REG (Conf),L 72-86,,3,0,0,,0,0,,0,0,,,0,0,,0,0,0,0,0,0,0,1,0,-0.4,Tahlia White,https://www.sports-reference.com/cbb/players/tahlia-white-1.html,brigham-young,2020-21
18,18,23,2021-03-08,Brigham Young,,San Francisco,CTOURN,W 85-55,,7,1,2,.500,0,1,.000,1,1,1.000,.500,1,2,.500,0,1,1,1,1,0,0,0,3,3.6,Tahlia White,https://www.sports-reference.com/cbb/players/tahlia-white-1.html,brigham-young,2020-21
