ranker,player_game_num_career,team_game_num_season,date,team_name_abbr,game_location,opp_name_abbr,game_type,game_result,is_starter,mp,fg,fga,fg_pct,fg3,fg3a,fg3_pct,fg2,fg2a,fg2_pct,efg_pct,ft,fta,ft_pct,orb,drb,trb,ast,stl,blk,tov,pf,pts,game_score,player_name,player_sr_link,school,season
1,99,1,2020-11-27,Brigham Young,@,Louisiana State,REG (Non-Conf),W 67-51,,27,3,3,1.000,1,1,1.000,2,2,1.000,1.167,0,0,,1,3,4,3,2,0,4,2,7,7.0,Tegan Graham,https://www.sports-reference.com/cbb/players/tegan-graham-1.html,brigham-young,2020-21
2,100,2,2020-11-28,Brigham Young,,Washington,REG (Non-Conf),L 48-77,,26,3,7,.429,2,5,.400,1,2,.500,.571,0,0,,0,1,1,0,0,0,1,1,8,3.2,Tegan Graham,https://www.sports-reference.com/cbb/players/tegan-graham-1.html,brigham-young,2020-21
3,101,3,2020-12-07,Brigham Young,@,Utah State,REG (Non-Conf),W 87-66,,26,3,6,.500,1,3,.333,2,3,.667,.583,0,0,,0,1,1,3,0,0,2,2,7,3.6,Tegan Graham,https://www.sports-reference.com/cbb/players/tegan-graham-1.html,brigham-young,2020-21
4,102,4,2020-12-10,Brigham Young,,Montana State,REG (Non-Conf),W 72-58,,19,3,4,.750,1,1,1.000,2,3,.667,.875,2,3,.667,1,1,2,1,0,0,2,2,9,5.9,Tegan Graham,https://www.sports-reference.com/cbb/players/tegan-graham-1.html,brigham-young,2020-21
5,103,5,2020-12-18,Brigham Young,@,Southern Utah,REG (Non-Conf),W 84-74,,31,1,6,.167,1,6,.167,0,0,,.250,1,2,.500,1,4,5,4,1,0,0,3,4,4.3,Tegan Graham,https://www.sports-reference.com/cbb/players/tegan-graham-1.html,brigham-young,2020-21
6,104,6,2020-12-28,Brigham Young,,San Francisco,REG (Conf),W 70-46,,23,2,3,.667,1,1,1.000,1,2,.500,.833,0,0,,0,3,3,2,0,1,2,3,5,3.5,Tegan Graham,https://www.sports-reference.com/cbb/players/tegan-graham-1.html,brigham-young,2020-21
7,105,7,2020-12-30,Brigham Young,,Santa Clara,REG (Conf),W 76-50,,21,3,5,.600,2,3,.667,1,2,.500,.800,0,0,,0,1,1,2,0,0,1,1,8,6.0,Tegan Graham,https://www.sports-reference.com/cbb/players/tegan-graham-1.html,brigham-young,2020-21
8,106,8,2021-01-04,Brigham Young,@,San Diego,REG (Conf),L 56-58,,26,2,4,.500,2,3,.667,0,1,.000,.750,1,2,.500,0,3,3,2,2,1,2,1,7,7.2,Tegan Graham,https://www.sports-reference.com/cbb/players/tegan-graham-1.html,brigham-young,2020-21
9,107,9,2021-01-07,Brigham Young,@,Loyola Marymount,REG (Conf),W 71-57,,25,5,7,.714,4,5,.800,1,2,.500,1.000,0,0,,2,1,3,5,1,0,2,1,14,14.9,Tegan Graham,https://www.sports-reference.com/cbb/players/tegan-graham-1.html,brigham-young,2020-21
10,108,10,2021-01-14,Brigham Young,,St. Mary's (CA),REG (Conf),W 80-63,,24,3,6,.500,0,3,.000,3,3,1.000,.500,0,0,,1,1,2,0,1,0,0,1,6,4.6,Tegan Graham,https://www.sports-reference.com/cbb/players/tegan-graham-1.html,brigham-young,2020-21
11,109,11,2021-01-26,Brigham Young,,Pacific,REG (Conf),W 81-60,*,26,5,9,.556,3,5,.600,2,4,.500,.722,2,2,1.000,3,3,6,1,0,1,3,4,15,10.5,Tegan Graham,https://www.sports-reference.com/cbb/players/tegan-graham-1.html,brigham-young,2020-21
12,110,13,2021-02-02,Brigham Young,@,Gonzaga,REG (Conf),L 56-63,,26,3,7,.429,3,7,.429,0,0,,.643,0,0,,0,4,4,0,0,1,1,5,9,4.2,Tegan Graham,https://www.sports-reference.com/cbb/players/tegan-graham-1.html,brigham-young,2020-21
13,111,14,2021-02-04,Brigham Young,,Pepperdine,REG (Conf),W 75-61,,21,3,7,.429,1,2,.500,2,5,.400,.500,0,0,,1,1,2,4,1,0,0,1,7,7.7,Tegan Graham,https://www.sports-reference.com/cbb/players/tegan-graham-1.html,brigham-young,2020-21
14,112,15,2021-02-06,Brigham Young,,Loyola Marymount,REG (Conf),W 69-50,,20,5,7,.714,3,4,.750,2,3,.667,.929,0,0,,0,4,4,1,0,0,0,2,13,11.2,Tegan Graham,https://www.sports-reference.com/cbb/players/tegan-graham-1.html,brigham-young,2020-21
15,113,16,2021-02-09,Brigham Young,@,Pepperdine,REG (Conf),W 57-43,,24,3,9,.333,2,8,.250,1,1,1.000,.444,0,0,,1,3,4,2,2,1,1,2,8,6.8,Tegan Graham,https://www.sports-reference.com/cbb/players/tegan-graham-1.html,brigham-young,2020-21
16,114,17,2021-02-11,Brigham Young,@,Pacific,REG (Conf),W 65-52,,25,2,8,.250,1,4,.250,1,4,.250,.313,0,0,,0,5,5,2,0,1,1,3,5,1.6,Tegan Graham,https://www.sports-reference.com/cbb/players/tegan-graham-1.html,brigham-young,2020-21
17,115,18,2021-02-13,Brigham Young,@,St. Mary's (CA),REG (Conf),W 79-61,,23,3,6,.500,1,3,.333,2,3,.667,.583,0,0,,1,2,3,1,0,1,1,4,7,4.1,Tegan Graham,https://www.sports-reference.com/cbb/players/tegan-graham-1.html,brigham-young,2020-21
18,116,19,2021-02-18,Brigham Young,,Gonzaga,REG (Conf),W 61-56,,17,2,4,.500,1,2,.500,1,2,.500,.625,0,0,,0,1,1,2,2,0,4,5,5,0.7,Tegan Graham,https://www.sports-reference.com/cbb/players/tegan-graham-1.html,brigham-young,2020-21
19,117,20,2021-02-20,Brigham Young,,Portland,REG (Conf),W 75-68,,30,4,9,.444,0,3,.000,4,6,.667,.444,0,0,,1,3,4,5,2,2,2,0,8,9.8,Tegan Graham,https://www.sports-reference.com/cbb/players/tegan-graham-1.html,brigham-young,2020-21
20,118,21,2021-02-25,Brigham Young,@,Santa Clara,REG (Conf),W 66-63,,22,3,5,.600,3,4,.750,0,1,.000,.900,2,3,.667,0,1,1,3,1,2,1,4,11,10.5,Tegan Graham,https://www.sports-reference.com/cbb/players/tegan-graham-1.html,brigham-young,2020-21
21,119,22,2021-02-27,Brigham Young,@,San Francisco,REG (Conf),L 72-86,,26,1,5,.200,0,2,.000,1,3,.333,.200,0,0,,0,2,2,1,0,0,0,0,2,0.2,Tegan Graham,https://www.sports-reference.com/cbb/players/tegan-graham-1.html,brigham-young,2020-21
22,120,23,2021-03-08,Brigham Young,,San Francisco,CTOURN,W 85-55,,22,5,7,.714,4,5,.800,1,2,.500,1.000,0,0,,0,1,1,1,2,0,2,3,14,10.9,Tegan Graham,https://www.sports-reference.com/cbb/players/tegan-graham-1.html,brigham-young,2020-21
23,121,24,2021-03-09,Brigham Young,@,Gonzaga,CTOURN,L 42-43,,27,3,5,.600,1,3,.333,2,2,1.000,.700,0,0,,0,3,3,0,1,0,0,5,7,4.6,Tegan Graham,https://www.sports-reference.com/cbb/players/tegan-graham-1.html,brigham-young,2020-21
24,122,25,2021-03-22,Brigham Young,N,Rutgers,ROUND-64,W 69-66,,31,3,6,.500,3,4,.750,0,2,.000,.750,0,0,,0,3,3,5,1,1,2,3,9,8.9,Tegan Graham,https://www.sports-reference.com/cbb/players/tegan-graham-1.html,brigham-young,2020-21
25,123,26,2021-03-24,Brigham Young,N,Arizona,ROUND-32,L 46-52,,31,5,9,.556,3,7,.429,2,2,1.000,.722,0,0,,0,5,5,3,1,1,0,3,13,12.8,Tegan Graham,https://www.sports-reference.com/cbb/players/tegan-graham-1.html,brigham-young,2020-21
