ranker,player_game_num_career,team_game_num_season,date,team_name_abbr,game_location,opp_name_abbr,game_type,game_result,is_starter,mp,fg,fga,fg_pct,fg3,fg3a,fg2,fg2a,fg2_pct,efg_pct,ft,fta,ft_pct,orb,drb,trb,ast,stl,blk,tov,pf,pts,game_score,player_name,player_sr_link,school,season
1,35,15,2025-01-05,Colgate,,Bucknell,REG (Conf),L 34-51,,13,2,7,.286,0,0,2,7,.286,.286,1,2,.500,0,2,2,0,0,1,0,2,5,1.0,Chidinma Okafor,https://www.sports-reference.com/cbb/players/chidinma-okafor-1.html,colgate,2024-25
2,36,18,2025-01-15,Colgate,,Navy,REG (Conf),W 62-54,,10,0,2,.000,0,0,0,2,.000,.000,2,2,1.000,4,1,5,1,2,0,2,1,2,4.0,Chidinma Okafor,https://www.sports-reference.com/cbb/players/chidinma-okafor-1.html,colgate,2024-25
3,37,19,2025-01-18,Colgate,,Lafayette,REG (Conf),W 72-56,,4,0,1,.000,0,0,0,1,.000,.000,0,0,,0,2,2,0,0,0,1,1,0,-1.5,Chidinma Okafor,https://www.sports-reference.com/cbb/players/chidinma-okafor-1.html,colgate,2024-25
4,38,20,2025-01-22,Colgate,@,Bucknell,REG (Conf),L 67-71 (OT),,6,0,1,.000,0,0,0,1,.000,.000,0,0,,0,1,1,0,0,0,1,3,0,-2.6,Chidinma Okafor,https://www.sports-reference.com/cbb/players/chidinma-okafor-1.html,colgate,2024-25
5,39,21,2025-01-25,Colgate,,American,REG (Conf),W 85-43,,4,2,2,1.000,0,0,2,2,1.000,1.000,0,0,,2,1,3,0,0,1,0,0,4,5.8,Chidinma Okafor,https://www.sports-reference.com/cbb/players/chidinma-okafor-1.html,colgate,2024-25
6,40,30,2025-03-01,Colgate,@,American,REG (Conf),W 83-64,,1,1,1,1.000,0,0,1,1,1.000,1.000,0,0,,0,0,0,0,0,0,0,0,2,1.7,Chidinma Okafor,https://www.sports-reference.com/cbb/players/chidinma-okafor-1.html,colgate,2024-25
7,41,31,2025-03-05,Colgate,,Lehigh,REG (Conf),W 78-59,,8,0,1,.000,0,0,0,1,.000,.000,2,2,1.000,2,2,4,2,0,0,0,1,2,4.3,Chidinma Okafor,https://www.sports-reference.com/cbb/players/chidinma-okafor-1.html,colgate,2024-25
8,42,32,2025-03-10,Colgate,,Bucknell,CTOURN,L 58-63,,2,0,0,,0,0,0,0,,,0,0,,0,1,1,0,0,0,0,1,0,-0.1,Chidinma Okafor,https://www.sports-reference.com/cbb/players/chidinma-okafor-1.html,colgate,2024-25
