ranker,player_game_num_career,team_game_num_season,date,team_name_abbr,game_location,opp_name_abbr,game_type,game_result,is_starter,mp,fg,fga,fg_pct,fg3,fg3a,fg2,fg2a,fg2_pct,efg_pct,ft,fta,ft_pct,orb,drb,trb,ast,stl,blk,tov,pf,pts,game_score,player_name,player_sr_link,school,season
1,1,2,2024-11-08,Colgate,@,Cal State Bakersfield,REG (Non-Conf),W 71-42,,1,0,0,,0,0,0,0,,,0,0,,0,1,1,0,1,0,0,0,0,1.3,Maryan Eniafe,https://www.sports-reference.com/cbb/players/maryan-eniafe-1.html,colgate,2024-25
2,2,3,2024-11-10,Colgate,@,UCLA,REG (Non-Conf),L 63-81,,1,0,0,,0,0,0,0,,,0,0,,0,0,0,0,1,0,1,0,0,0.0,Maryan Eniafe,https://www.sports-reference.com/cbb/players/maryan-eniafe-1.html,colgate,2024-25
3,3,7,2024-11-29,Colgate,,UMBC,REG (Non-Conf),W 75-49,,3,0,1,.000,0,0,0,1,.000,.000,3,4,.750,1,0,1,0,0,0,0,1,3,2.2,Maryan Eniafe,https://www.sports-reference.com/cbb/players/maryan-eniafe-1.html,colgate,2024-25
4,4,10,2024-12-10,Colgate,,Union (NY),REG (Non-Conf),W 92-51,,13,3,3,1.000,0,0,3,3,1.000,1.000,0,2,.000,1,2,3,1,0,0,1,1,6,4.9,Maryan Eniafe,https://www.sports-reference.com/cbb/players/maryan-eniafe-1.html,colgate,2024-25
5,5,21,2025-01-25,Colgate,,American,REG (Conf),W 85-43,,3,0,0,,0,0,0,0,,,0,0,,0,0,0,0,0,0,0,0,0,0.0,Maryan Eniafe,https://www.sports-reference.com/cbb/players/maryan-eniafe-1.html,colgate,2024-25
6,6,25,2025-02-12,Colgate,,Holy Cross,REG (Conf),W 73-51,,3,0,1,.000,0,0,0,1,.000,.000,0,2,.000,1,0,1,0,0,0,0,0,0,-0.8,Maryan Eniafe,https://www.sports-reference.com/cbb/players/maryan-eniafe-1.html,colgate,2024-25
7,7,30,2025-03-01,Colgate,@,American,REG (Conf),W 83-64,,2,0,0,,0,0,0,0,,,0,0,,0,0,0,1,0,0,0,0,0,0.7,Maryan Eniafe,https://www.sports-reference.com/cbb/players/maryan-eniafe-1.html,colgate,2024-25
8,8,32,2025-03-10,Colgate,,Bucknell,CTOURN,L 58-63,,4,0,0,,0,0,0,0,,,0,0,,0,3,3,0,1,0,0,1,0,1.5,Maryan Eniafe,https://www.sports-reference.com/cbb/players/maryan-eniafe-1.html,colgate,2024-25
9,9,33,2025-03-22,Colgate,,Coppin State,WNIT,L 48-58,,3,0,0,,0,0,0,0,,,0,0,,0,0,0,0,0,0,1,1,0,-1.4,Maryan Eniafe,https://www.sports-reference.com/cbb/players/maryan-eniafe-1.html,colgate,2024-25
