ranker,player_game_num_career,team_game_num_season,date,team_name_abbr,game_location,opp_name_abbr,game_type,game_result,is_starter,mp,fg,fga,fg_pct,fg3,fg3a,fg3_pct,fg2,fg2a,fg2_pct,efg_pct,ft,fta,ft_pct,orb,drb,trb,ast,stl,blk,tov,pf,pts,game_score,player_name,player_sr_link,school,season
1,1,1,2018-11-06,Brown,,Central Connecticut State,REG (Non-Conf),W 68-63,,4,0,1,.000,0,1,.000,0,0,,.000,0,0,,0,0,0,0,0,0,0,0,0,-0.7,Alana Kelley,https://www.sports-reference.com/cbb/players/alana-kelley-1.html,brown,2018-19
2,2,2,2018-11-08,Brown,@,Bryant,REG (Non-Conf),L 57-75,,7,0,2,.000,0,1,.000,0,1,.000,.000,0,0,,0,2,2,0,0,0,0,3,0,-2.0,Alana Kelley,https://www.sports-reference.com/cbb/players/alana-kelley-1.html,brown,2018-19
3,3,3,2018-11-12,Brown,@,Boston University,REG (Non-Conf),L 51-72,,5,0,1,.000,0,1,.000,0,0,,.000,0,0,,0,0,0,0,0,0,0,2,0,-1.5,Alana Kelley,https://www.sports-reference.com/cbb/players/alana-kelley-1.html,brown,2018-19
4,4,4,2018-11-15,Brown,,New Hampshire,REG (Non-Conf),W 76-70,,2,0,1,.000,0,0,,0,1,.000,.000,0,0,,0,0,0,0,0,0,0,0,0,-0.7,Alana Kelley,https://www.sports-reference.com/cbb/players/alana-kelley-1.html,brown,2018-19
5,5,5,2018-11-18,Brown,@,Holy Cross,REG (Non-Conf),W 89-85,,2,0,0,,0,0,,0,0,,,0,0,,0,0,0,0,0,0,1,2,0,-1.8,Alana Kelley,https://www.sports-reference.com/cbb/players/alana-kelley-1.html,brown,2018-19
6,6,6,2018-11-23,Brown,,Fairfield,REG (Non-Conf),W 68-49,,4,0,2,.000,0,1,.000,0,1,.000,.000,0,0,,0,1,1,0,0,0,0,0,0,-1.1,Alana Kelley,https://www.sports-reference.com/cbb/players/alana-kelley-1.html,brown,2018-19
7,7,7,2018-11-24,Brown,,Massachusetts,REG (Non-Conf),L 61-90,,4,0,1,.000,0,0,,0,1,.000,.000,0,0,,0,0,0,1,0,0,0,1,0,-0.4,Alana Kelley,https://www.sports-reference.com/cbb/players/alana-kelley-1.html,brown,2018-19
8,8,9,2018-11-27,Brown,,Johnson/Wales-RI,REG (Non-Conf),W 78-46,,15,1,6,.167,1,5,.200,0,1,.000,.250,0,0,,0,5,5,3,1,0,1,2,3,2.0,Alana Kelley,https://www.sports-reference.com/cbb/players/alana-kelley-1.html,brown,2018-19
9,9,10,2018-12-01,Brown,,Bryant,REG (Non-Conf),W 84-68,,4,0,1,.000,0,0,,0,1,.000,.000,0,0,,0,0,0,0,0,0,0,2,0,-1.5,Alana Kelley,https://www.sports-reference.com/cbb/players/alana-kelley-1.html,brown,2018-19
10,10,13,2018-12-30,Brown,@,Chicago State,REG (Non-Conf),W 90-65,,9,2,8,.250,0,2,.000,2,6,.333,.250,0,0,,1,2,3,0,0,0,1,2,4,-1.3,Alana Kelley,https://www.sports-reference.com/cbb/players/alana-kelley-1.html,brown,2018-19
11,11,15,2019-01-02,Brown,@,Adelphi,REG (Non-Conf),W 75-62,,7,1,2,.500,0,1,.000,1,1,1.000,.500,0,0,,0,0,0,0,0,0,0,0,2,1.0,Alana Kelley,https://www.sports-reference.com/cbb/players/alana-kelley-1.html,brown,2018-19
12,12,16,2019-01-04,Brown,@,Rutgers,REG (Non-Conf),L 52-73,,2,0,0,,0,0,,0,0,,,0,0,,0,1,1,0,0,0,0,0,0,0.3,Alana Kelley,https://www.sports-reference.com/cbb/players/alana-kelley-1.html,brown,2018-19
13,13,18,2019-01-26,Brown,@,Yale,REG (Conf),L 72-84,,3,0,0,,0,0,,0,0,,,0,0,,0,0,0,0,0,0,0,0,0,0.0,Alana Kelley,https://www.sports-reference.com/cbb/players/alana-kelley-1.html,brown,2018-19
14,14,19,2019-02-01,Brown,,Dartmouth,REG (Conf),L 61-81,,5,0,0,,0,0,,0,0,,,0,0,,1,1,2,0,0,0,1,0,0,0.0,Alana Kelley,https://www.sports-reference.com/cbb/players/alana-kelley-1.html,brown,2018-19
15,15,20,2019-02-02,Brown,,Harvard,REG (Conf),L 83-100,,3,0,1,.000,0,0,,0,1,.000,.000,0,0,,0,0,0,0,0,0,0,0,0,-0.7,Alana Kelley,https://www.sports-reference.com/cbb/players/alana-kelley-1.html,brown,2018-19
16,16,21,2019-02-08,Brown,@,Pennsylvania,REG (Conf),L 43-83,,9,0,3,.000,0,1,.000,0,2,.000,.000,0,0,,1,1,2,0,0,0,2,3,0,-4.3,Alana Kelley,https://www.sports-reference.com/cbb/players/alana-kelley-1.html,brown,2018-19
17,17,22,2019-02-09,Brown,@,Princeton,REG (Conf),L 74-93,,10,1,1,1.000,1,1,1.000,0,0,,1.500,0,0,,0,0,0,0,0,0,0,0,3,2.7,Alana Kelley,https://www.sports-reference.com/cbb/players/alana-kelley-1.html,brown,2018-19
18,18,24,2019-02-16,Brown,,Columbia,REG (Conf),L 81-83,,2,0,0,,0,0,,0,0,,,0,0,,1,0,1,0,0,0,0,0,0,0.7,Alana Kelley,https://www.sports-reference.com/cbb/players/alana-kelley-1.html,brown,2018-19
19,19,25,2019-02-22,Brown,@,Harvard,REG (Conf),L 55-98,,21,3,8,.375,0,3,.000,3,5,.600,.375,1,1,1.000,2,5,7,1,4,0,1,1,7,8.8,Alana Kelley,https://www.sports-reference.com/cbb/players/alana-kelley-1.html,brown,2018-19
20,20,26,2019-02-23,Brown,@,Dartmouth,REG (Conf),L 43-78,,17,1,3,.333,0,1,.000,1,2,.500,.333,0,0,,0,1,1,0,0,0,1,3,2,-1.6,Alana Kelley,https://www.sports-reference.com/cbb/players/alana-kelley-1.html,brown,2018-19
21,21,27,2019-03-01,Brown,@,Columbia,REG (Conf),L 62-93,,13,2,4,.500,0,0,,2,4,.500,.500,0,0,,1,2,3,0,0,0,2,3,4,0.1,Alana Kelley,https://www.sports-reference.com/cbb/players/alana-kelley-1.html,brown,2018-19
22,22,28,2019-03-02,Brown,@,Cornell,REG (Conf),L 48-66,,14,1,4,.250,0,2,.000,1,2,.500,.250,0,0,,0,2,2,1,1,0,0,1,2,1.5,Alana Kelley,https://www.sports-reference.com/cbb/players/alana-kelley-1.html,brown,2018-19
23,23,29,2019-03-08,Brown,,Princeton,REG (Conf),L 68-88,,16,0,2,.000,0,1,.000,0,1,.000,.000,0,0,,0,3,3,0,0,0,1,3,0,-2.7,Alana Kelley,https://www.sports-reference.com/cbb/players/alana-kelley-1.html,brown,2018-19
24,24,30,2019-03-09,Brown,,Pennsylvania,REG (Conf),L 53-75,,8,1,5,.200,0,2,.000,1,3,.333,.200,0,0,,0,0,0,0,0,0,1,2,2,-2.9,Alana Kelley,https://www.sports-reference.com/cbb/players/alana-kelley-1.html,brown,2018-19
