ranker,player_game_num_career,team_game_num_season,date,team_name_abbr,game_location,opp_name_abbr,game_type,game_result,is_starter,mp,fg,fga,fg_pct,fg3,fg3a,fg3_pct,fg2,fg2a,fg2_pct,efg_pct,ft,fta,ft_pct,orb,drb,trb,ast,stl,blk,tov,pf,pts,game_score,player_name,player_sr_link,school,season
1,27,18,2019-01-26,Brown,@,Yale,REG (Conf),L 72-84,,3,0,1,.000,0,1,.000,0,0,,.000,0,0,,0,0,0,1,0,0,1,0,0,-1.0,Dominique Leonidas,https://www.sports-reference.com/cbb/players/dominique-leonidas-1.html,brown,2018-19
2,28,19,2019-02-01,Brown,,Dartmouth,REG (Conf),L 61-81,,14,2,4,.500,0,1,.000,2,3,.667,.500,0,0,,0,1,1,0,2,0,1,3,4,2.1,Dominique Leonidas,https://www.sports-reference.com/cbb/players/dominique-leonidas-1.html,brown,2018-19
3,29,21,2019-02-08,Brown,@,Pennsylvania,REG (Conf),L 43-83,,14,1,3,.333,1,3,.333,0,0,,.500,0,0,,1,1,2,0,1,0,3,0,3,0.3,Dominique Leonidas,https://www.sports-reference.com/cbb/players/dominique-leonidas-1.html,brown,2018-19
4,30,22,2019-02-09,Brown,@,Princeton,REG (Conf),L 74-93,,13,1,3,.333,1,1,1.000,0,2,.000,.500,0,0,,0,2,2,1,1,0,0,2,3,2.8,Dominique Leonidas,https://www.sports-reference.com/cbb/players/dominique-leonidas-1.html,brown,2018-19
5,31,23,2019-02-15,Brown,,Cornell,REG (Conf),L 53-65,,8,1,3,.333,0,0,,1,3,.333,.333,0,0,,1,0,1,1,1,0,1,0,2,1.7,Dominique Leonidas,https://www.sports-reference.com/cbb/players/dominique-leonidas-1.html,brown,2018-19
6,32,24,2019-02-16,Brown,,Columbia,REG (Conf),L 81-83,*,33,2,6,.333,0,3,.000,2,3,.667,.333,2,2,1.000,1,1,2,7,2,0,3,4,6,5.9,Dominique Leonidas,https://www.sports-reference.com/cbb/players/dominique-leonidas-1.html,brown,2018-19
7,33,25,2019-02-22,Brown,@,Harvard,REG (Conf),L 55-98,*,21,2,6,.333,1,2,.500,1,4,.250,.417,2,3,.667,0,0,0,2,0,0,2,1,7,2.2,Dominique Leonidas,https://www.sports-reference.com/cbb/players/dominique-leonidas-1.html,brown,2018-19
8,34,26,2019-02-23,Brown,@,Dartmouth,REG (Conf),L 43-78,*,24,1,3,.333,0,1,.000,1,2,.500,.333,1,2,.500,2,4,6,3,1,0,6,3,3,-0.6,Dominique Leonidas,https://www.sports-reference.com/cbb/players/dominique-leonidas-1.html,brown,2018-19
9,35,27,2019-03-01,Brown,@,Columbia,REG (Conf),L 62-93,*,29,2,8,.250,1,2,.500,1,6,.167,.313,2,2,1.000,2,3,5,1,0,0,4,2,7,0.4,Dominique Leonidas,https://www.sports-reference.com/cbb/players/dominique-leonidas-1.html,brown,2018-19
10,36,28,2019-03-02,Brown,@,Cornell,REG (Conf),L 48-66,*,21,0,1,.000,0,1,.000,0,0,,.000,0,0,,0,2,2,5,1,0,6,4,0,-3.2,Dominique Leonidas,https://www.sports-reference.com/cbb/players/dominique-leonidas-1.html,brown,2018-19
