ranker,player_game_num_career,team_game_num_season,date,team_name_abbr,game_location,opp_name_abbr,game_type,game_result,is_starter,mp,fg,fga,fg_pct,fg3,fg3a,fg3_pct,fg2,fg2a,fg2_pct,efg_pct,ft,fta,ft_pct,orb,drb,trb,ast,stl,blk,tov,pf,pts,game_score,player_name,player_sr_link,school,season
1,1,2,2018-11-08,Brown,@,Bryant,REG (Non-Conf),L 57-75,,6,1,2,.500,0,1,.000,1,1,1.000,.500,1,1,1.000,0,1,1,0,0,2,0,3,3,2.5,Elle Baker,https://www.sports-reference.com/cbb/players/elle-baker-1.html,brown,2018-19
2,2,3,2018-11-12,Brown,@,Boston University,REG (Non-Conf),L 51-72,,12,0,4,.000,0,1,.000,0,3,.000,.000,0,0,,0,1,1,0,0,0,1,4,0,-5.1,Elle Baker,https://www.sports-reference.com/cbb/players/elle-baker-1.html,brown,2018-19
3,3,4,2018-11-15,Brown,,New Hampshire,REG (Non-Conf),W 76-70,,7,0,0,,0,0,,0,0,,,0,0,,0,0,0,0,0,2,1,1,0,0.0,Elle Baker,https://www.sports-reference.com/cbb/players/elle-baker-1.html,brown,2018-19
4,4,6,2018-11-23,Brown,,Fairfield,REG (Non-Conf),W 68-49,,4,0,0,,0,0,,0,0,,,0,2,.000,0,1,1,0,0,0,0,1,0,-0.9,Elle Baker,https://www.sports-reference.com/cbb/players/elle-baker-1.html,brown,2018-19
5,5,7,2018-11-24,Brown,,Massachusetts,REG (Non-Conf),L 61-90,,6,0,2,.000,0,0,,0,2,.000,.000,0,2,.000,1,1,2,0,0,0,1,1,0,-2.6,Elle Baker,https://www.sports-reference.com/cbb/players/elle-baker-1.html,brown,2018-19
6,6,8,2018-11-25,Brown,,Bucknell,REG (Non-Conf),L 78-91,,1,0,0,,0,0,,0,0,,,0,0,,0,0,0,0,0,0,1,1,0,-1.4,Elle Baker,https://www.sports-reference.com/cbb/players/elle-baker-1.html,brown,2018-19
7,7,9,2018-11-27,Brown,,Johnson/Wales-RI,REG (Non-Conf),W 78-46,,15,1,6,.167,0,2,.000,1,4,.250,.167,0,1,.000,3,2,5,0,0,2,1,0,2,0.9,Elle Baker,https://www.sports-reference.com/cbb/players/elle-baker-1.html,brown,2018-19
8,8,10,2018-12-01,Brown,,Bryant,REG (Non-Conf),W 84-68,,5,0,0,,0,0,,0,0,,,0,0,,0,1,1,0,0,0,2,1,0,-2.1,Elle Baker,https://www.sports-reference.com/cbb/players/elle-baker-1.html,brown,2018-19
9,9,11,2018-12-02,Brown,@,Rhode Island,REG (Non-Conf),L 67-72,,2,0,1,.000,0,0,,0,1,.000,.000,0,0,,0,0,0,0,0,0,0,1,0,-1.1,Elle Baker,https://www.sports-reference.com/cbb/players/elle-baker-1.html,brown,2018-19
10,10,15,2019-01-02,Brown,@,Adelphi,REG (Non-Conf),W 75-62,,2,0,1,.000,0,0,,0,1,.000,.000,0,0,,0,0,0,0,0,0,0,0,0,-0.7,Elle Baker,https://www.sports-reference.com/cbb/players/elle-baker-1.html,brown,2018-19
11,11,16,2019-01-04,Brown,@,Rutgers,REG (Non-Conf),L 52-73,,2,0,0,,0,0,,0,0,,,2,2,1.000,0,0,0,0,0,0,1,0,2,1.0,Elle Baker,https://www.sports-reference.com/cbb/players/elle-baker-1.html,brown,2018-19
12,12,19,2019-02-01,Brown,,Dartmouth,REG (Conf),L 61-81,,16,2,4,.500,1,1,1.000,1,3,.333,.625,4,4,1.000,3,1,4,0,0,2,1,3,9,8.6,Elle Baker,https://www.sports-reference.com/cbb/players/elle-baker-1.html,brown,2018-19
13,13,20,2019-02-02,Brown,,Harvard,REG (Conf),L 83-100,,10,0,0,,0,0,,0,0,,,0,0,,0,1,1,0,0,1,0,2,0,0.2,Elle Baker,https://www.sports-reference.com/cbb/players/elle-baker-1.html,brown,2018-19
14,14,21,2019-02-08,Brown,@,Pennsylvania,REG (Conf),L 43-83,,7,0,1,.000,0,0,,0,1,.000,.000,0,0,,1,0,1,0,0,0,0,1,0,-0.4,Elle Baker,https://www.sports-reference.com/cbb/players/elle-baker-1.html,brown,2018-19
