ranker,player_game_num_career,team_game_num_season,date,team_name_abbr,game_location,opp_name_abbr,game_type,game_result,is_starter,mp,fg,fga,fg_pct,fg3,fg3a,fg2,fg2a,fg2_pct,efg_pct,ft,fta,ft_pct,orb,drb,trb,ast,stl,blk,tov,pf,pts,game_score,player_name,player_sr_link,school,season
1,20,1,2018-11-06,Brown,,Central Connecticut State,REG (Non-Conf),W 68-63,,13,1,1,1.000,0,0,1,1,1.000,1.000,2,2,1.000,2,0,2,0,0,0,0,1,4,4.7,Haley Green,https://www.sports-reference.com/cbb/players/haley-green-1.html,brown,2018-19
2,21,2,2018-11-08,Brown,@,Bryant,REG (Non-Conf),L 57-75,,12,2,5,.400,0,0,2,5,.400,.400,0,0,,1,2,3,0,1,0,1,1,4,2.2,Haley Green,https://www.sports-reference.com/cbb/players/haley-green-1.html,brown,2018-19
3,22,3,2018-11-12,Brown,@,Boston University,REG (Non-Conf),L 51-72,,14,2,3,.667,0,0,2,3,.667,.667,2,2,1.000,1,2,3,0,0,0,0,0,6,6.0,Haley Green,https://www.sports-reference.com/cbb/players/haley-green-1.html,brown,2018-19
4,23,4,2018-11-15,Brown,,New Hampshire,REG (Non-Conf),W 76-70,,4,0,0,,0,0,0,0,,,0,0,,0,0,0,0,2,0,2,0,0,0.0,Haley Green,https://www.sports-reference.com/cbb/players/haley-green-1.html,brown,2018-19
5,24,5,2018-11-18,Brown,@,Holy Cross,REG (Non-Conf),W 89-85,,13,0,1,.000,0,0,0,1,.000,.000,2,2,1.000,1,4,5,0,1,0,2,2,2,1.4,Haley Green,https://www.sports-reference.com/cbb/players/haley-green-1.html,brown,2018-19
6,25,6,2018-11-23,Brown,,Fairfield,REG (Non-Conf),W 68-49,,8,0,0,,0,0,0,0,,,0,0,,1,0,1,0,0,0,1,0,0,-0.3,Haley Green,https://www.sports-reference.com/cbb/players/haley-green-1.html,brown,2018-19
7,26,7,2018-11-24,Brown,,Massachusetts,REG (Non-Conf),L 61-90,,9,1,3,.333,0,0,1,3,.333,.333,0,0,,2,0,2,1,1,0,1,0,2,2.4,Haley Green,https://www.sports-reference.com/cbb/players/haley-green-1.html,brown,2018-19
8,27,8,2018-11-25,Brown,,Bucknell,REG (Non-Conf),L 78-91,,13,1,1,1.000,0,0,1,1,1.000,1.000,0,0,,1,0,1,0,0,0,1,1,2,1.0,Haley Green,https://www.sports-reference.com/cbb/players/haley-green-1.html,brown,2018-19
9,28,9,2018-11-27,Brown,,Johnson/Wales-RI,REG (Non-Conf),W 78-46,*,20,4,5,.800,0,0,4,5,.800,.800,0,0,,3,2,5,2,0,1,2,0,8,8.9,Haley Green,https://www.sports-reference.com/cbb/players/haley-green-1.html,brown,2018-19
10,29,10,2018-12-01,Brown,,Bryant,REG (Non-Conf),W 84-68,,19,2,2,1.000,0,0,2,2,1.000,1.000,0,0,,2,7,9,1,2,1,4,3,4,5.1,Haley Green,https://www.sports-reference.com/cbb/players/haley-green-1.html,brown,2018-19
11,30,11,2018-12-02,Brown,@,Rhode Island,REG (Non-Conf),L 67-72,,6,0,0,,0,0,0,0,,,0,2,.000,1,2,3,0,0,1,0,2,0,0.4,Haley Green,https://www.sports-reference.com/cbb/players/haley-green-1.html,brown,2018-19
12,31,12,2018-12-08,Brown,@,Maine,REG (Non-Conf),L 96-102 (OT),,4,0,0,,0,0,0,0,,,0,0,,0,1,1,0,0,0,0,0,0,0.3,Haley Green,https://www.sports-reference.com/cbb/players/haley-green-1.html,brown,2018-19
13,32,13,2018-12-30,Brown,@,Chicago State,REG (Non-Conf),W 90-65,,15,5,5,1.000,0,0,5,5,1.000,1.000,5,7,.714,2,0,2,0,0,1,1,3,15,12.6,Haley Green,https://www.sports-reference.com/cbb/players/haley-green-1.html,brown,2018-19
14,33,14,2018-12-31,Brown,@,Northern Illinois,REG (Non-Conf),L 102-109 (2OT),,9,0,1,.000,0,0,0,1,.000,.000,0,0,,0,0,0,0,1,0,1,1,0,-1.1,Haley Green,https://www.sports-reference.com/cbb/players/haley-green-1.html,brown,2018-19
15,34,15,2019-01-02,Brown,@,Adelphi,REG (Non-Conf),W 75-62,,8,1,4,.250,0,0,1,4,.250,.250,0,0,,4,1,5,0,0,1,0,0,2,3.4,Haley Green,https://www.sports-reference.com/cbb/players/haley-green-1.html,brown,2018-19
16,35,16,2019-01-04,Brown,@,Rutgers,REG (Non-Conf),L 52-73,,3,0,0,,0,0,0,0,,,0,0,,0,1,1,0,0,0,0,0,0,0.3,Haley Green,https://www.sports-reference.com/cbb/players/haley-green-1.html,brown,2018-19
17,36,17,2019-01-18,Brown,,Yale,REG (Conf),W 86-71,,13,1,1,1.000,0,0,1,1,1.000,1.000,0,0,,1,3,4,1,2,0,0,0,2,6.0,Haley Green,https://www.sports-reference.com/cbb/players/haley-green-1.html,brown,2018-19
18,37,18,2019-01-26,Brown,@,Yale,REG (Conf),L 72-84,,11,0,0,,0,0,0,0,,,0,0,,0,1,1,0,0,1,0,2,0,0.2,Haley Green,https://www.sports-reference.com/cbb/players/haley-green-1.html,brown,2018-19
19,38,19,2019-02-01,Brown,,Dartmouth,REG (Conf),L 61-81,*,14,1,1,1.000,0,0,1,1,1.000,1.000,2,2,1.000,1,2,3,0,1,0,2,3,4,2.8,Haley Green,https://www.sports-reference.com/cbb/players/haley-green-1.html,brown,2018-19
20,39,20,2019-02-02,Brown,,Harvard,REG (Conf),L 83-100,*,11,1,2,.500,0,0,1,2,.500,.500,0,0,,0,2,2,1,1,0,0,1,2,2.9,Haley Green,https://www.sports-reference.com/cbb/players/haley-green-1.html,brown,2018-19
21,40,21,2019-02-08,Brown,@,Pennsylvania,REG (Conf),L 43-83,*,27,3,3,1.000,0,0,3,3,1.000,1.000,0,0,,2,6,8,0,0,0,0,1,6,7.9,Haley Green,https://www.sports-reference.com/cbb/players/haley-green-1.html,brown,2018-19
22,41,22,2019-02-09,Brown,@,Princeton,REG (Conf),L 74-93,*,21,3,6,.500,0,0,3,6,.500,.500,0,0,,2,5,7,2,0,1,0,0,6,8.0,Haley Green,https://www.sports-reference.com/cbb/players/haley-green-1.html,brown,2018-19
23,42,23,2019-02-15,Brown,,Cornell,REG (Conf),L 53-65,*,15,1,2,.500,0,0,1,2,.500,.500,0,0,,2,3,5,1,0,0,2,1,2,1.6,Haley Green,https://www.sports-reference.com/cbb/players/haley-green-1.html,brown,2018-19
24,43,24,2019-02-16,Brown,,Columbia,REG (Conf),L 81-83,,21,4,4,1.000,0,0,4,4,1.000,1.000,1,1,1.000,2,6,8,1,1,1,0,2,9,12.6,Haley Green,https://www.sports-reference.com/cbb/players/haley-green-1.html,brown,2018-19
25,44,25,2019-02-22,Brown,@,Harvard,REG (Conf),L 55-98,*,12,1,4,.250,0,0,1,4,.250,.250,0,0,,0,0,0,0,0,0,1,0,2,-1.4,Haley Green,https://www.sports-reference.com/cbb/players/haley-green-1.html,brown,2018-19
26,45,26,2019-02-23,Brown,@,Dartmouth,REG (Conf),L 43-78,,9,0,0,,0,0,0,0,,,0,0,,0,1,1,0,1,0,1,1,0,-0.1,Haley Green,https://www.sports-reference.com/cbb/players/haley-green-1.html,brown,2018-19
27,46,27,2019-03-01,Brown,@,Columbia,REG (Conf),L 62-93,,11,1,4,.250,0,0,1,4,.250,.250,0,2,.000,2,2,4,0,0,0,2,0,2,-1.2,Haley Green,https://www.sports-reference.com/cbb/players/haley-green-1.html,brown,2018-19
28,47,28,2019-03-02,Brown,@,Cornell,REG (Conf),L 48-66,,9,0,0,,0,0,0,0,,,0,0,,0,1,1,0,1,0,0,4,0,-0.3,Haley Green,https://www.sports-reference.com/cbb/players/haley-green-1.html,brown,2018-19
29,48,29,2019-03-08,Brown,,Princeton,REG (Conf),L 68-88,*,19,2,2,1.000,0,0,2,2,1.000,1.000,0,1,.000,0,6,6,1,0,1,1,1,4,4.8,Haley Green,https://www.sports-reference.com/cbb/players/haley-green-1.html,brown,2018-19
30,49,30,2019-03-09,Brown,,Pennsylvania,REG (Conf),L 53-75,,20,1,2,.500,0,0,1,2,.500,.500,0,0,,2,1,3,0,2,0,0,0,2,4.7,Haley Green,https://www.sports-reference.com/cbb/players/haley-green-1.html,brown,2018-19
