ranker,player_game_num_career,team_game_num_season,date,team_name_abbr,game_location,opp_name_abbr,game_type,game_result,is_starter,mp,fg,fga,fg_pct,fg3,fg3a,fg3_pct,fg2,fg2a,fg2_pct,efg_pct,ft,fta,ft_pct,orb,drb,trb,ast,stl,blk,tov,pf,pts,game_score,player_name,player_sr_link,school,season
1,15,1,2018-11-06,Brown,,Central Connecticut State,REG (Non-Conf),W 68-63,,2,0,2,.000,0,0,,0,2,.000,.000,0,0,,0,0,0,0,0,0,0,0,0,-1.4,Jenna Benzinger,https://www.sports-reference.com/cbb/players/jenna-benzinger-1.html,brown,2018-19
2,16,6,2018-11-23,Brown,,Fairfield,REG (Non-Conf),W 68-49,,1,0,1,.000,0,0,,0,1,.000,.000,0,0,,1,0,1,0,0,0,0,0,0,0.0,Jenna Benzinger,https://www.sports-reference.com/cbb/players/jenna-benzinger-1.html,brown,2018-19
3,17,7,2018-11-24,Brown,,Massachusetts,REG (Non-Conf),L 61-90,,1,0,2,.000,0,0,,0,2,.000,.000,0,0,,1,1,2,0,0,0,0,0,0,-0.4,Jenna Benzinger,https://www.sports-reference.com/cbb/players/jenna-benzinger-1.html,brown,2018-19
4,18,8,2018-11-25,Brown,,Bucknell,REG (Non-Conf),L 78-91,,10,1,1,1.000,0,0,,1,1,1.000,1.000,0,0,,0,1,1,0,0,0,0,3,2,0.8,Jenna Benzinger,https://www.sports-reference.com/cbb/players/jenna-benzinger-1.html,brown,2018-19
5,19,10,2018-12-01,Brown,,Bryant,REG (Non-Conf),W 84-68,,10,2,6,.333,0,0,,2,6,.333,.333,0,0,,1,2,3,0,0,0,0,0,4,1.9,Jenna Benzinger,https://www.sports-reference.com/cbb/players/jenna-benzinger-1.html,brown,2018-19
6,20,11,2018-12-02,Brown,@,Rhode Island,REG (Non-Conf),L 67-72,*,16,1,3,.333,0,0,,1,3,.333,.333,1,4,.250,1,2,3,0,0,1,0,1,3,1.7,Jenna Benzinger,https://www.sports-reference.com/cbb/players/jenna-benzinger-1.html,brown,2018-19
7,21,12,2018-12-08,Brown,@,Maine,REG (Non-Conf),L 96-102 (OT),,6,0,1,.000,0,0,,0,1,.000,.000,0,0,,1,1,2,0,0,0,0,0,0,0.3,Jenna Benzinger,https://www.sports-reference.com/cbb/players/jenna-benzinger-1.html,brown,2018-19
8,22,13,2018-12-30,Brown,@,Chicago State,REG (Non-Conf),W 90-65,,6,0,1,.000,0,0,,0,1,.000,.000,0,0,,0,1,1,0,0,0,0,1,0,-0.8,Jenna Benzinger,https://www.sports-reference.com/cbb/players/jenna-benzinger-1.html,brown,2018-19
9,23,15,2019-01-02,Brown,@,Adelphi,REG (Non-Conf),W 75-62,,2,0,1,.000,0,0,,0,1,.000,.000,0,0,,0,0,0,0,0,0,0,0,0,-0.7,Jenna Benzinger,https://www.sports-reference.com/cbb/players/jenna-benzinger-1.html,brown,2018-19
10,24,16,2019-01-04,Brown,@,Rutgers,REG (Non-Conf),L 52-73,,17,3,5,.600,0,1,.000,3,4,.750,.600,0,0,,0,2,2,0,0,0,0,1,6,3.9,Jenna Benzinger,https://www.sports-reference.com/cbb/players/jenna-benzinger-1.html,brown,2018-19
11,25,17,2019-01-18,Brown,,Yale,REG (Conf),W 86-71,,13,0,0,,0,0,,0,0,,,0,0,,1,2,3,0,0,0,1,2,0,-0.5,Jenna Benzinger,https://www.sports-reference.com/cbb/players/jenna-benzinger-1.html,brown,2018-19
12,26,18,2019-01-26,Brown,@,Yale,REG (Conf),L 72-84,,11,0,2,.000,0,0,,0,2,.000,.000,0,0,,1,2,3,0,0,0,0,1,0,-0.5,Jenna Benzinger,https://www.sports-reference.com/cbb/players/jenna-benzinger-1.html,brown,2018-19
13,27,19,2019-02-01,Brown,,Dartmouth,REG (Conf),L 61-81,,8,0,2,.000,0,0,,0,2,.000,.000,0,0,,1,0,1,0,0,1,1,0,0,-1.0,Jenna Benzinger,https://www.sports-reference.com/cbb/players/jenna-benzinger-1.html,brown,2018-19
14,28,20,2019-02-02,Brown,,Harvard,REG (Conf),L 83-100,,9,0,0,,0,0,,0,0,,,0,0,,0,1,1,0,0,0,0,2,0,-0.5,Jenna Benzinger,https://www.sports-reference.com/cbb/players/jenna-benzinger-1.html,brown,2018-19
