ranker,player_game_num_career,team_game_num_season,date,team_name_abbr,game_location,opp_name_abbr,game_type,game_result,is_starter,mp,fg,fga,fg_pct,fg3,fg3a,fg3_pct,fg2,fg2a,fg2_pct,efg_pct,ft,fta,ft_pct,orb,drb,trb,ast,stl,blk,tov,pf,pts,game_score,player_name,player_sr_link,school,season
1,51,1,2018-11-06,Brown,,Central Connecticut State,REG (Non-Conf),W 68-63,*,38,9,18,.500,1,5,.200,8,13,.615,.528,8,12,.667,5,3,8,2,3,0,2,2,27,22.4,Justine Gaziano,https://www.sports-reference.com/cbb/players/justine-gaziano-1.html,brown,2018-19
2,52,2,2018-11-08,Brown,@,Bryant,REG (Non-Conf),L 57-75,*,34,5,15,.333,2,7,.286,3,8,.375,.400,1,2,.500,3,3,6,1,2,1,4,3,13,5.3,Justine Gaziano,https://www.sports-reference.com/cbb/players/justine-gaziano-1.html,brown,2018-19
3,53,3,2018-11-12,Brown,@,Boston University,REG (Non-Conf),L 51-72,*,30,3,10,.300,0,4,.000,3,6,.500,.300,1,1,1.000,4,0,4,0,1,0,3,0,7,2.0,Justine Gaziano,https://www.sports-reference.com/cbb/players/justine-gaziano-1.html,brown,2018-19
4,54,4,2018-11-15,Brown,,New Hampshire,REG (Non-Conf),W 76-70,*,38,12,23,.522,0,5,.000,12,18,.667,.522,5,7,.714,6,5,11,3,0,0,3,2,29,20.9,Justine Gaziano,https://www.sports-reference.com/cbb/players/justine-gaziano-1.html,brown,2018-19
5,55,5,2018-11-18,Brown,@,Holy Cross,REG (Non-Conf),W 89-85,*,39,8,15,.533,3,6,.500,5,9,.556,.633,4,6,.667,5,1,6,1,1,0,0,1,23,20.0,Justine Gaziano,https://www.sports-reference.com/cbb/players/justine-gaziano-1.html,brown,2018-19
6,56,6,2018-11-23,Brown,,Fairfield,REG (Non-Conf),W 68-49,*,26,4,9,.444,1,3,.333,3,6,.500,.500,1,2,.500,1,0,1,0,1,1,2,2,10,4.5,Justine Gaziano,https://www.sports-reference.com/cbb/players/justine-gaziano-1.html,brown,2018-19
7,57,7,2018-11-24,Brown,,Massachusetts,REG (Non-Conf),L 61-90,*,30,5,13,.385,4,11,.364,1,2,.500,.538,1,2,.500,2,2,4,0,2,0,1,2,15,9.7,Justine Gaziano,https://www.sports-reference.com/cbb/players/justine-gaziano-1.html,brown,2018-19
8,58,8,2018-11-25,Brown,,Bucknell,REG (Non-Conf),L 78-91,*,39,9,18,.500,3,5,.600,6,13,.462,.583,0,1,.000,0,1,1,0,1,1,1,3,21,11.4,Justine Gaziano,https://www.sports-reference.com/cbb/players/justine-gaziano-1.html,brown,2018-19
9,59,9,2018-11-27,Brown,,Johnson/Wales-RI,REG (Non-Conf),W 78-46,*,29,7,13,.538,0,4,.000,7,9,.778,.538,0,2,.000,8,2,10,3,2,0,0,0,14,17.2,Justine Gaziano,https://www.sports-reference.com/cbb/players/justine-gaziano-1.html,brown,2018-19
10,60,10,2018-12-01,Brown,,Bryant,REG (Non-Conf),W 84-68,*,37,13,18,.722,5,5,1.000,8,13,.615,.861,4,5,.800,2,1,3,2,1,1,1,2,35,30.2,Justine Gaziano,https://www.sports-reference.com/cbb/players/justine-gaziano-1.html,brown,2018-19
11,61,11,2018-12-02,Brown,@,Rhode Island,REG (Non-Conf),L 67-72,*,40,9,22,.409,4,10,.400,5,12,.417,.500,3,4,.750,4,3,7,0,3,0,2,2,25,16.7,Justine Gaziano,https://www.sports-reference.com/cbb/players/justine-gaziano-1.html,brown,2018-19
12,62,12,2018-12-08,Brown,@,Maine,REG (Non-Conf),L 96-102 (OT),*,42,6,17,.353,1,8,.125,5,9,.556,.382,2,3,.667,0,3,3,2,1,1,1,4,15,6.5,Justine Gaziano,https://www.sports-reference.com/cbb/players/justine-gaziano-1.html,brown,2018-19
13,63,13,2018-12-30,Brown,@,Chicago State,REG (Non-Conf),W 90-65,*,29,10,17,.588,6,7,.857,4,10,.400,.765,3,3,1.000,3,0,3,1,2,0,0,2,29,25.1,Justine Gaziano,https://www.sports-reference.com/cbb/players/justine-gaziano-1.html,brown,2018-19
14,64,14,2018-12-31,Brown,@,Northern Illinois,REG (Non-Conf),L 102-109 (2OT),*,42,4,10,.400,2,5,.400,2,5,.400,.500,4,5,.800,1,0,1,1,1,0,3,3,14,6.4,Justine Gaziano,https://www.sports-reference.com/cbb/players/justine-gaziano-1.html,brown,2018-19
15,65,15,2019-01-02,Brown,@,Adelphi,REG (Non-Conf),W 75-62,*,37,8,14,.571,1,5,.200,7,9,.778,.607,0,0,,1,4,5,3,1,2,0,0,17,16.8,Justine Gaziano,https://www.sports-reference.com/cbb/players/justine-gaziano-1.html,brown,2018-19
16,66,16,2019-01-04,Brown,@,Rutgers,REG (Non-Conf),L 52-73,*,32,2,4,.500,2,4,.500,0,0,,.750,0,0,,0,2,2,1,2,0,2,3,6,4.1,Justine Gaziano,https://www.sports-reference.com/cbb/players/justine-gaziano-1.html,brown,2018-19
17,67,17,2019-01-18,Brown,,Yale,REG (Conf),W 86-71,*,35,8,17,.471,2,7,.286,6,10,.600,.529,1,4,.250,3,3,6,0,1,0,1,0,19,12.1,Justine Gaziano,https://www.sports-reference.com/cbb/players/justine-gaziano-1.html,brown,2018-19
18,68,18,2019-01-26,Brown,@,Yale,REG (Conf),L 72-84,*,36,8,15,.533,4,8,.500,4,7,.571,.667,4,4,1.000,5,1,6,0,0,0,1,4,24,17.9,Justine Gaziano,https://www.sports-reference.com/cbb/players/justine-gaziano-1.html,brown,2018-19
19,69,19,2019-02-01,Brown,,Dartmouth,REG (Conf),L 61-81,*,32,3,8,.375,1,4,.250,2,4,.500,.438,1,2,.500,5,4,9,0,0,0,3,2,8,4.1,Justine Gaziano,https://www.sports-reference.com/cbb/players/justine-gaziano-1.html,brown,2018-19
20,70,20,2019-02-02,Brown,,Harvard,REG (Conf),L 83-100,*,38,10,18,.556,5,10,.500,5,8,.625,.694,3,4,.750,1,1,2,1,0,0,0,3,28,19.5,Justine Gaziano,https://www.sports-reference.com/cbb/players/justine-gaziano-1.html,brown,2018-19
21,71,21,2019-02-08,Brown,@,Pennsylvania,REG (Conf),L 43-83,*,20,2,9,.222,0,3,.000,2,6,.333,.222,1,2,.500,1,3,4,0,0,0,0,0,5,0.7,Justine Gaziano,https://www.sports-reference.com/cbb/players/justine-gaziano-1.html,brown,2018-19
22,72,22,2019-02-09,Brown,@,Princeton,REG (Conf),L 74-93,*,37,8,19,.421,3,7,.429,5,12,.417,.500,4,4,1.000,1,4,5,2,0,0,1,2,23,14.4,Justine Gaziano,https://www.sports-reference.com/cbb/players/justine-gaziano-1.html,brown,2018-19
23,73,23,2019-02-15,Brown,,Cornell,REG (Conf),L 53-65,*,37,7,15,.467,0,5,.000,7,10,.700,.467,3,4,.750,1,3,4,1,2,1,3,2,17,10.1,Justine Gaziano,https://www.sports-reference.com/cbb/players/justine-gaziano-1.html,brown,2018-19
24,74,24,2019-02-16,Brown,,Columbia,REG (Conf),L 81-83,*,39,7,17,.412,4,6,.667,3,11,.273,.529,8,9,.889,2,4,6,1,1,0,0,0,26,20.8,Justine Gaziano,https://www.sports-reference.com/cbb/players/justine-gaziano-1.html,brown,2018-19
25,75,25,2019-02-22,Brown,@,Harvard,REG (Conf),L 55-98,*,37,6,12,.500,2,5,.400,4,7,.571,.583,2,2,1.000,0,2,2,2,0,0,1,1,16,10.6,Justine Gaziano,https://www.sports-reference.com/cbb/players/justine-gaziano-1.html,brown,2018-19
26,76,26,2019-02-23,Brown,@,Dartmouth,REG (Conf),L 43-78,*,37,7,16,.438,3,8,.375,4,8,.500,.531,2,2,1.000,1,1,2,0,0,1,1,2,19,10.5,Justine Gaziano,https://www.sports-reference.com/cbb/players/justine-gaziano-1.html,brown,2018-19
27,77,27,2019-03-01,Brown,@,Columbia,REG (Conf),L 62-93,*,32,3,10,.300,2,6,.333,1,4,.250,.400,4,4,1.000,0,3,3,3,0,0,1,1,12,7.8,Justine Gaziano,https://www.sports-reference.com/cbb/players/justine-gaziano-1.html,brown,2018-19
28,78,28,2019-03-02,Brown,@,Cornell,REG (Conf),L 48-66,*,34,5,13,.385,2,7,.286,3,6,.500,.462,3,6,.500,2,4,6,0,1,0,4,1,15,5.9,Justine Gaziano,https://www.sports-reference.com/cbb/players/justine-gaziano-1.html,brown,2018-19
29,79,29,2019-03-08,Brown,,Princeton,REG (Conf),L 68-88,*,33,2,7,.286,0,3,.000,2,4,.500,.286,1,3,.333,2,3,5,2,0,0,2,2,5,1.0,Justine Gaziano,https://www.sports-reference.com/cbb/players/justine-gaziano-1.html,brown,2018-19
30,80,30,2019-03-09,Brown,,Pennsylvania,REG (Conf),L 53-75,*,35,4,10,.400,1,5,.200,3,5,.600,.450,0,0,,3,2,5,1,1,0,1,2,9,6.2,Justine Gaziano,https://www.sports-reference.com/cbb/players/justine-gaziano-1.html,brown,2018-19
