ranker,player_game_num_career,team_game_num_season,date,team_name_abbr,game_location,opp_name_abbr,game_type,game_result,is_starter,mp,fg,fga,fg_pct,fg3,fg3a,fg3_pct,fg2,fg2a,fg2_pct,efg_pct,ft,fta,ft_pct,orb,drb,trb,ast,stl,blk,tov,pf,pts,game_score,player_name,player_sr_link,school,season
1,1,1,2018-11-06,Brown,,Central Connecticut State,REG (Non-Conf),W 68-63,,3,0,1,.000,0,1,.000,0,0,,.000,0,0,,0,0,0,0,0,0,1,0,0,-1.7,Maddie Mullin,https://www.sports-reference.com/cbb/players/maddie-mullin-1.html,brown,2018-19
2,2,2,2018-11-08,Brown,@,Bryant,REG (Non-Conf),L 57-75,,13,1,3,.333,1,3,.333,0,0,,.500,2,2,1.000,2,0,2,1,1,0,0,2,5,5.6,Maddie Mullin,https://www.sports-reference.com/cbb/players/maddie-mullin-1.html,brown,2018-19
3,3,3,2018-11-12,Brown,@,Boston University,REG (Non-Conf),L 51-72,,15,2,7,.286,1,5,.200,1,2,.500,.357,0,0,,1,2,3,0,1,0,1,2,5,1.4,Maddie Mullin,https://www.sports-reference.com/cbb/players/maddie-mullin-1.html,brown,2018-19
4,4,4,2018-11-15,Brown,,New Hampshire,REG (Non-Conf),W 76-70,,9,1,1,1.000,1,1,1.000,0,0,,1.500,0,0,,0,1,1,0,0,0,0,1,3,2.6,Maddie Mullin,https://www.sports-reference.com/cbb/players/maddie-mullin-1.html,brown,2018-19
5,5,5,2018-11-18,Brown,@,Holy Cross,REG (Non-Conf),W 89-85,,5,0,2,.000,0,2,.000,0,0,,.000,0,0,,0,0,0,0,0,0,1,0,0,-2.4,Maddie Mullin,https://www.sports-reference.com/cbb/players/maddie-mullin-1.html,brown,2018-19
6,6,6,2018-11-23,Brown,,Fairfield,REG (Non-Conf),W 68-49,,2,0,1,.000,0,1,.000,0,0,,.000,0,0,,0,0,0,0,0,0,0,1,0,-1.1,Maddie Mullin,https://www.sports-reference.com/cbb/players/maddie-mullin-1.html,brown,2018-19
7,7,7,2018-11-24,Brown,,Massachusetts,REG (Non-Conf),L 61-90,,9,0,3,.000,0,3,.000,0,0,,.000,0,0,,1,1,2,1,0,0,0,0,0,-0.4,Maddie Mullin,https://www.sports-reference.com/cbb/players/maddie-mullin-1.html,brown,2018-19
8,8,8,2018-11-25,Brown,,Bucknell,REG (Non-Conf),L 78-91,,2,0,0,,0,0,,0,0,,,0,0,,0,0,0,0,0,0,0,0,0,0.0,Maddie Mullin,https://www.sports-reference.com/cbb/players/maddie-mullin-1.html,brown,2018-19
9,9,9,2018-11-27,Brown,,Johnson/Wales-RI,REG (Non-Conf),W 78-46,,17,5,10,.500,5,10,.500,0,0,,.750,0,0,,1,2,3,0,0,0,0,0,15,11.3,Maddie Mullin,https://www.sports-reference.com/cbb/players/maddie-mullin-1.html,brown,2018-19
10,10,10,2018-12-01,Brown,,Bryant,REG (Non-Conf),W 84-68,,10,0,2,.000,0,2,.000,0,0,,.000,0,0,,1,2,3,2,0,0,3,2,0,-2.5,Maddie Mullin,https://www.sports-reference.com/cbb/players/maddie-mullin-1.html,brown,2018-19
11,11,12,2018-12-08,Brown,@,Maine,REG (Non-Conf),L 96-102 (OT),,4,0,0,,0,0,,0,0,,,0,0,,0,0,0,0,0,0,0,0,0,0.0,Maddie Mullin,https://www.sports-reference.com/cbb/players/maddie-mullin-1.html,brown,2018-19
12,12,13,2018-12-30,Brown,@,Chicago State,REG (Non-Conf),W 90-65,,10,0,4,.000,0,4,.000,0,0,,.000,0,0,,2,1,3,1,0,0,2,0,0,-2.4,Maddie Mullin,https://www.sports-reference.com/cbb/players/maddie-mullin-1.html,brown,2018-19
13,13,14,2018-12-31,Brown,@,Northern Illinois,REG (Non-Conf),L 102-109 (2OT),,1,1,1,1.000,1,1,1.000,0,0,,1.500,0,0,,0,0,0,0,0,0,0,2,3,1.9,Maddie Mullin,https://www.sports-reference.com/cbb/players/maddie-mullin-1.html,brown,2018-19
14,14,15,2019-01-02,Brown,@,Adelphi,REG (Non-Conf),W 75-62,,5,0,0,,0,0,,0,0,,,0,0,,0,0,0,0,1,0,1,0,0,0.0,Maddie Mullin,https://www.sports-reference.com/cbb/players/maddie-mullin-1.html,brown,2018-19
15,15,16,2019-01-04,Brown,@,Rutgers,REG (Non-Conf),L 52-73,,11,0,2,.000,0,2,.000,0,0,,.000,0,0,,0,0,0,1,0,0,0,0,0,-0.7,Maddie Mullin,https://www.sports-reference.com/cbb/players/maddie-mullin-1.html,brown,2018-19
16,16,17,2019-01-18,Brown,,Yale,REG (Conf),W 86-71,,5,0,0,,0,0,,0,0,,,0,0,,0,0,0,0,0,0,0,0,0,0.0,Maddie Mullin,https://www.sports-reference.com/cbb/players/maddie-mullin-1.html,brown,2018-19
17,17,18,2019-01-26,Brown,@,Yale,REG (Conf),L 72-84,,2,0,1,.000,0,1,.000,0,0,,.000,0,0,,0,0,0,0,0,0,0,1,0,-1.1,Maddie Mullin,https://www.sports-reference.com/cbb/players/maddie-mullin-1.html,brown,2018-19
18,18,19,2019-02-01,Brown,,Dartmouth,REG (Conf),L 61-81,,1,0,0,,0,0,,0,0,,,0,0,,0,0,0,0,0,0,0,0,0,0.0,Maddie Mullin,https://www.sports-reference.com/cbb/players/maddie-mullin-1.html,brown,2018-19
19,19,20,2019-02-02,Brown,,Harvard,REG (Conf),L 83-100,,16,0,4,.000,0,4,.000,0,0,,.000,0,0,,1,0,1,1,0,0,0,3,0,-2.6,Maddie Mullin,https://www.sports-reference.com/cbb/players/maddie-mullin-1.html,brown,2018-19
20,20,21,2019-02-08,Brown,@,Pennsylvania,REG (Conf),L 43-83,,11,0,4,.000,0,4,.000,0,0,,.000,0,0,,1,0,1,1,1,0,1,1,0,-1.8,Maddie Mullin,https://www.sports-reference.com/cbb/players/maddie-mullin-1.html,brown,2018-19
21,21,23,2019-02-15,Brown,,Cornell,REG (Conf),L 53-65,,10,0,2,.000,0,2,.000,0,0,,.000,0,0,,0,0,0,0,0,0,0,2,0,-2.2,Maddie Mullin,https://www.sports-reference.com/cbb/players/maddie-mullin-1.html,brown,2018-19
22,22,24,2019-02-16,Brown,,Columbia,REG (Conf),L 81-83,,1,0,0,,0,0,,0,0,,,0,0,,0,0,0,0,0,0,0,1,0,-0.4,Maddie Mullin,https://www.sports-reference.com/cbb/players/maddie-mullin-1.html,brown,2018-19
23,23,25,2019-02-22,Brown,@,Harvard,REG (Conf),L 55-98,,19,2,7,.286,1,4,.250,1,3,.333,.357,0,0,,1,0,1,1,0,0,0,0,5,2.3,Maddie Mullin,https://www.sports-reference.com/cbb/players/maddie-mullin-1.html,brown,2018-19
24,24,26,2019-02-23,Brown,@,Dartmouth,REG (Conf),L 43-78,,18,1,6,.167,1,5,.200,0,1,.000,.250,1,2,.500,0,0,0,0,0,0,0,2,4,-1.0,Maddie Mullin,https://www.sports-reference.com/cbb/players/maddie-mullin-1.html,brown,2018-19
25,25,27,2019-03-01,Brown,@,Columbia,REG (Conf),L 62-93,,12,1,2,.500,1,2,.500,0,0,,.750,0,0,,0,2,2,0,0,0,0,1,3,2.2,Maddie Mullin,https://www.sports-reference.com/cbb/players/maddie-mullin-1.html,brown,2018-19
26,26,28,2019-03-02,Brown,@,Cornell,REG (Conf),L 48-66,,24,2,7,.286,1,6,.167,1,1,1.000,.357,0,0,,4,1,5,3,0,0,1,1,5,4.7,Maddie Mullin,https://www.sports-reference.com/cbb/players/maddie-mullin-1.html,brown,2018-19
27,27,29,2019-03-08,Brown,,Princeton,REG (Conf),L 68-88,,10,1,3,.333,1,3,.333,0,0,,.500,0,0,,0,0,0,0,0,0,0,0,3,1.3,Maddie Mullin,https://www.sports-reference.com/cbb/players/maddie-mullin-1.html,brown,2018-19
28,28,30,2019-03-09,Brown,,Pennsylvania,REG (Conf),L 53-75,,17,1,1,1.000,1,1,1.000,0,0,,1.500,0,0,,0,2,2,0,1,0,0,1,3,3.9,Maddie Mullin,https://www.sports-reference.com/cbb/players/maddie-mullin-1.html,brown,2018-19
