ranker,player_game_num_career,team_game_num_season,date,team_name_abbr,game_location,opp_name_abbr,game_type,game_result,is_starter,mp,fg,fga,fg_pct,fg3,fg3a,fg3_pct,fg2,fg2a,fg2_pct,efg_pct,ft,fta,ft_pct,orb,drb,trb,ast,stl,blk,tov,pf,pts,game_score,player_name,player_sr_link,school,season
1,86,1,2018-11-06,Brown,,Central Connecticut State,REG (Non-Conf),W 68-63,*,35,2,10,.200,1,4,.250,1,6,.167,.250,0,0,,2,6,8,4,3,1,2,1,5,6.1,Mary Butler,https://www.sports-reference.com/cbb/players/mary-butler-1.html,brown,2018-19
2,87,2,2018-11-08,Brown,@,Bryant,REG (Non-Conf),L 57-75,*,32,2,5,.400,0,2,.000,2,3,.667,.400,3,4,.750,1,3,4,0,1,1,4,2,7,2.4,Mary Butler,https://www.sports-reference.com/cbb/players/mary-butler-1.html,brown,2018-19
3,88,3,2018-11-12,Brown,@,Boston University,REG (Non-Conf),L 51-72,*,25,0,5,.000,0,3,.000,0,2,.000,.000,0,0,,1,3,4,1,1,0,1,2,0,-2.0,Mary Butler,https://www.sports-reference.com/cbb/players/mary-butler-1.html,brown,2018-19
4,89,4,2018-11-15,Brown,,New Hampshire,REG (Non-Conf),W 76-70,*,32,2,8,.250,0,0,,2,8,.250,.250,1,2,.500,2,2,4,5,2,1,2,3,5,4.8,Mary Butler,https://www.sports-reference.com/cbb/players/mary-butler-1.html,brown,2018-19
5,90,5,2018-11-18,Brown,@,Holy Cross,REG (Non-Conf),W 89-85,*,32,2,8,.250,1,3,.333,1,5,.200,.313,1,2,.500,1,5,6,1,2,1,1,4,6,3.8,Mary Butler,https://www.sports-reference.com/cbb/players/mary-butler-1.html,brown,2018-19
6,91,6,2018-11-23,Brown,,Fairfield,REG (Non-Conf),W 68-49,*,30,1,4,.250,0,0,,1,4,.250,.250,1,2,.500,0,7,7,1,2,2,1,3,3,4.2,Mary Butler,https://www.sports-reference.com/cbb/players/mary-butler-1.html,brown,2018-19
7,92,7,2018-11-24,Brown,,Massachusetts,REG (Non-Conf),L 61-90,*,32,4,6,.667,0,0,,4,6,.667,.667,0,0,,0,4,4,3,0,2,3,1,8,6.7,Mary Butler,https://www.sports-reference.com/cbb/players/mary-butler-1.html,brown,2018-19
8,93,8,2018-11-25,Brown,,Bucknell,REG (Non-Conf),L 78-91,*,26,0,2,.000,0,2,.000,0,0,,.000,0,0,,0,2,2,4,1,1,0,5,0,1.7,Mary Butler,https://www.sports-reference.com/cbb/players/mary-butler-1.html,brown,2018-19
9,94,9,2018-11-27,Brown,,Johnson/Wales-RI,REG (Non-Conf),W 78-46,*,25,1,5,.200,0,3,.000,1,2,.500,.200,0,0,,0,3,3,1,1,0,1,0,2,0.5,Mary Butler,https://www.sports-reference.com/cbb/players/mary-butler-1.html,brown,2018-19
10,95,10,2018-12-01,Brown,,Bryant,REG (Non-Conf),W 84-68,*,26,3,9,.333,1,1,1.000,2,8,.250,.389,0,0,,2,3,5,3,1,1,1,3,7,5.8,Mary Butler,https://www.sports-reference.com/cbb/players/mary-butler-1.html,brown,2018-19
11,96,11,2018-12-02,Brown,@,Rhode Island,REG (Non-Conf),L 67-72,*,33,2,7,.286,0,0,,2,7,.286,.286,2,4,.500,0,8,8,1,2,4,1,4,6,6.4,Mary Butler,https://www.sports-reference.com/cbb/players/mary-butler-1.html,brown,2018-19
12,97,12,2018-12-08,Brown,@,Maine,REG (Non-Conf),L 96-102 (OT),*,36,4,7,.571,1,3,.333,3,4,.750,.643,4,4,1.000,1,3,4,1,1,1,1,4,13,11.1,Mary Butler,https://www.sports-reference.com/cbb/players/mary-butler-1.html,brown,2018-19
13,98,13,2018-12-30,Brown,@,Chicago State,REG (Non-Conf),W 90-65,*,23,2,6,.333,1,2,.500,1,4,.250,.417,3,4,.750,2,5,7,2,2,1,3,4,8,6.6,Mary Butler,https://www.sports-reference.com/cbb/players/mary-butler-1.html,brown,2018-19
14,99,14,2018-12-31,Brown,@,Northern Illinois,REG (Non-Conf),L 102-109 (2OT),*,42,7,12,.583,0,1,.000,7,11,.636,.583,3,4,.750,2,8,10,2,0,1,2,5,17,12.9,Mary Butler,https://www.sports-reference.com/cbb/players/mary-butler-1.html,brown,2018-19
15,100,15,2019-01-02,Brown,@,Adelphi,REG (Non-Conf),W 75-62,*,27,4,6,.667,1,1,1.000,3,5,.600,.750,0,0,,0,6,6,0,1,3,3,3,9,7.1,Mary Butler,https://www.sports-reference.com/cbb/players/mary-butler-1.html,brown,2018-19
16,101,16,2019-01-04,Brown,@,Rutgers,REG (Non-Conf),L 52-73,*,25,1,5,.200,0,1,.000,1,4,.250,.200,1,2,.500,1,4,5,1,0,1,1,3,3,0.6,Mary Butler,https://www.sports-reference.com/cbb/players/mary-butler-1.html,brown,2018-19
17,102,17,2019-01-18,Brown,,Yale,REG (Conf),W 86-71,*,27,0,2,.000,0,0,,0,2,.000,.000,0,0,,0,4,4,1,4,1,1,3,0,3.0,Mary Butler,https://www.sports-reference.com/cbb/players/mary-butler-1.html,brown,2018-19
18,103,18,2019-01-26,Brown,@,Yale,REG (Conf),L 72-84,*,18,0,2,.000,0,1,.000,0,1,.000,.000,0,0,,0,2,2,0,1,0,1,4,0,-2.4,Mary Butler,https://www.sports-reference.com/cbb/players/mary-butler-1.html,brown,2018-19
19,104,23,2019-02-15,Brown,,Cornell,REG (Conf),L 53-65,,12,0,2,.000,0,0,,0,2,.000,.000,0,0,,0,0,0,0,1,1,0,2,0,-0.5,Mary Butler,https://www.sports-reference.com/cbb/players/mary-butler-1.html,brown,2018-19
20,105,24,2019-02-16,Brown,,Columbia,REG (Conf),L 81-83,*,17,1,4,.250,0,1,.000,1,3,.333,.250,1,1,1.000,1,3,4,0,0,0,0,2,3,1.4,Mary Butler,https://www.sports-reference.com/cbb/players/mary-butler-1.html,brown,2018-19
21,106,25,2019-02-22,Brown,@,Harvard,REG (Conf),L 55-98,,9,0,0,,0,0,,0,0,,,0,0,,0,1,1,0,0,0,1,0,0,-0.7,Mary Butler,https://www.sports-reference.com/cbb/players/mary-butler-1.html,brown,2018-19
22,107,26,2019-02-23,Brown,@,Dartmouth,REG (Conf),L 43-78,*,11,0,1,.000,0,1,.000,0,0,,.000,0,0,,0,0,0,2,1,0,0,2,0,0.9,Mary Butler,https://www.sports-reference.com/cbb/players/mary-butler-1.html,brown,2018-19
23,108,30,2019-03-09,Brown,,Pennsylvania,REG (Conf),L 53-75,*,1,0,0,,0,0,,0,0,,,0,0,,0,0,0,0,0,0,0,0,0,0.0,Mary Butler,https://www.sports-reference.com/cbb/players/mary-butler-1.html,brown,2018-19
