ranker,player_game_num_career,team_game_num_season,date,team_name_abbr,game_location,opp_name_abbr,game_type,game_result,is_starter,mp,fg,fga,fg_pct,fg3,fg3a,fg3_pct,fg2,fg2a,fg2_pct,efg_pct,ft,fta,ft_pct,orb,drb,trb,ast,stl,blk,tov,pf,pts,game_score,player_name,player_sr_link,school,season
1,9,21,2019-02-08,Brown,@,Pennsylvania,REG (Conf),L 43-83,,9,2,5,.400,0,0,,2,5,.400,.400,0,0,,2,0,2,0,0,0,1,1,4,1.3,Morgan Clausen,https://www.sports-reference.com/cbb/players/morgan-clausen-1.html,brown,2018-19
2,10,22,2019-02-09,Brown,@,Princeton,REG (Conf),L 74-93,,10,0,2,.000,0,1,.000,0,1,.000,.000,1,2,.500,0,1,1,0,0,0,0,0,1,-0.5,Morgan Clausen,https://www.sports-reference.com/cbb/players/morgan-clausen-1.html,brown,2018-19
3,11,24,2019-02-16,Brown,,Columbia,REG (Conf),L 81-83,,2,0,0,,0,0,,0,0,,,0,0,,0,0,0,0,0,0,0,0,0,0.0,Morgan Clausen,https://www.sports-reference.com/cbb/players/morgan-clausen-1.html,brown,2018-19
4,12,25,2019-02-22,Brown,@,Harvard,REG (Conf),L 55-98,,16,2,3,.667,1,2,.500,1,1,1.000,.833,0,0,,0,0,0,0,1,0,3,1,5,1.3,Morgan Clausen,https://www.sports-reference.com/cbb/players/morgan-clausen-1.html,brown,2018-19
5,13,26,2019-02-23,Brown,@,Dartmouth,REG (Conf),L 43-78,,10,0,0,,0,0,,0,0,,,0,0,,0,2,2,1,0,0,3,2,0,-2.5,Morgan Clausen,https://www.sports-reference.com/cbb/players/morgan-clausen-1.html,brown,2018-19
6,14,27,2019-03-01,Brown,@,Columbia,REG (Conf),L 62-93,,3,1,1,1.000,1,1,1.000,0,0,,1.500,0,0,,0,0,0,0,0,0,1,1,3,1.3,Morgan Clausen,https://www.sports-reference.com/cbb/players/morgan-clausen-1.html,brown,2018-19
7,15,28,2019-03-02,Brown,@,Cornell,REG (Conf),L 48-66,,10,0,1,.000,0,0,,0,1,.000,.000,0,0,,0,0,0,0,1,0,0,1,0,-0.1,Morgan Clausen,https://www.sports-reference.com/cbb/players/morgan-clausen-1.html,brown,2018-19
8,16,29,2019-03-08,Brown,,Princeton,REG (Conf),L 68-88,,7,0,0,,0,0,,0,0,,,1,2,.500,0,0,0,0,1,0,0,0,1,1.6,Morgan Clausen,https://www.sports-reference.com/cbb/players/morgan-clausen-1.html,brown,2018-19
9,17,30,2019-03-09,Brown,,Pennsylvania,REG (Conf),L 53-75,,3,0,0,,0,0,,0,0,,,0,0,,0,0,0,0,0,0,0,0,0,0.0,Morgan Clausen,https://www.sports-reference.com/cbb/players/morgan-clausen-1.html,brown,2018-19
