ranker,player_game_num_career,team_game_num_season,date,team_name_abbr,game_location,opp_name_abbr,game_type,game_result,is_starter,mp,fg,fga,fg_pct,fg3,fg3a,fg3_pct,fg2,fg2a,fg2_pct,efg_pct,ft,fta,orb,drb,trb,ast,stl,blk,tov,pf,pts,game_score,player_name,player_sr_link,school,season
1,24,21,2019-02-08,Brown,@,Pennsylvania,REG (Conf),L 43-83,,6,0,0,,0,0,,0,0,,,0,0,0,0,0,2,0,0,0,0,0,1.4,Randi Richardson,https://www.sports-reference.com/cbb/players/randi-richardson-3.html,brown,2018-19
2,25,25,2019-02-22,Brown,@,Harvard,REG (Conf),L 55-98,,6,0,0,,0,0,,0,0,,,0,0,0,0,0,0,0,0,1,1,0,-1.4,Randi Richardson,https://www.sports-reference.com/cbb/players/randi-richardson-3.html,brown,2018-19
3,26,26,2019-02-23,Brown,@,Dartmouth,REG (Conf),L 43-78,,2,0,0,,0,0,,0,0,,,0,0,0,0,0,0,0,0,0,0,0,0.0,Randi Richardson,https://www.sports-reference.com/cbb/players/randi-richardson-3.html,brown,2018-19
4,27,27,2019-03-01,Brown,@,Columbia,REG (Conf),L 62-93,,2,0,0,,0,0,,0,0,,,0,0,0,0,0,1,0,0,0,0,0,0.7,Randi Richardson,https://www.sports-reference.com/cbb/players/randi-richardson-3.html,brown,2018-19
5,28,28,2019-03-02,Brown,@,Cornell,REG (Conf),L 48-66,,0,1,1,1.000,0,0,,1,1,1.000,1.000,0,0,1,0,1,0,0,0,0,0,2,2.4,Randi Richardson,https://www.sports-reference.com/cbb/players/randi-richardson-3.html,brown,2018-19
6,29,29,2019-03-08,Brown,,Princeton,REG (Conf),L 68-88,,2,1,1,1.000,1,1,1.000,0,0,,1.500,0,0,0,1,1,1,0,1,0,1,3,4.0,Randi Richardson,https://www.sports-reference.com/cbb/players/randi-richardson-3.html,brown,2018-19
7,30,30,2019-03-09,Brown,,Pennsylvania,REG (Conf),L 53-75,,2,0,0,,0,0,,0,0,,,0,0,0,0,0,0,0,0,0,0,0,0.0,Randi Richardson,https://www.sports-reference.com/cbb/players/randi-richardson-3.html,brown,2018-19
