ranker,player_game_num_career,team_game_num_season,date,team_name_abbr,game_location,opp_name_abbr,game_type,game_result,is_starter,mp,fg,fga,fg_pct,fg3,fg3a,fg3_pct,fg2,fg2a,fg2_pct,efg_pct,ft,fta,ft_pct,orb,drb,trb,ast,stl,blk,tov,pf,pts,game_score,player_name,player_sr_link,school,season
1,82,1,2018-11-06,Brown,,Central Connecticut State,REG (Non-Conf),W 68-63,*,37,4,12,.333,0,3,.000,4,9,.444,.333,8,12,.667,1,9,10,3,4,0,2,2,16,14.3,Shayna Mehta,https://www.sports-reference.com/cbb/players/shayna-mehta-1.html,brown,2018-19
2,83,2,2018-11-08,Brown,@,Bryant,REG (Non-Conf),L 57-75,*,32,4,14,.286,2,6,.333,2,8,.250,.357,2,2,1.000,1,5,6,3,1,0,6,5,12,1.1,Shayna Mehta,https://www.sports-reference.com/cbb/players/shayna-mehta-1.html,brown,2018-19
3,84,3,2018-11-12,Brown,@,Boston University,REG (Non-Conf),L 51-72,*,35,9,20,.450,2,8,.250,7,12,.583,.500,3,5,.600,2,5,7,2,2,0,4,1,23,13.7,Shayna Mehta,https://www.sports-reference.com/cbb/players/shayna-mehta-1.html,brown,2018-19
4,85,4,2018-11-15,Brown,,New Hampshire,REG (Non-Conf),W 76-70,*,37,5,14,.357,0,4,.000,5,10,.500,.357,3,4,.750,0,6,6,5,5,1,3,3,13,11.6,Shayna Mehta,https://www.sports-reference.com/cbb/players/shayna-mehta-1.html,brown,2018-19
5,86,5,2018-11-18,Brown,@,Holy Cross,REG (Non-Conf),W 89-85,*,33,12,20,.600,6,9,.667,6,11,.545,.750,4,6,.667,2,1,3,4,3,0,1,3,34,29.3,Shayna Mehta,https://www.sports-reference.com/cbb/players/shayna-mehta-1.html,brown,2018-19
6,87,6,2018-11-23,Brown,,Fairfield,REG (Non-Conf),W 68-49,*,39,8,17,.471,2,6,.333,6,11,.545,.529,1,2,.500,1,3,4,6,1,0,1,1,19,15.3,Shayna Mehta,https://www.sports-reference.com/cbb/players/shayna-mehta-1.html,brown,2018-19
7,88,7,2018-11-24,Brown,,Massachusetts,REG (Non-Conf),L 61-90,*,36,6,15,.400,4,9,.444,2,6,.333,.533,2,2,1.000,0,4,4,4,4,0,4,4,18,12.3,Shayna Mehta,https://www.sports-reference.com/cbb/players/shayna-mehta-1.html,brown,2018-19
8,89,8,2018-11-25,Brown,,Bucknell,REG (Non-Conf),L 78-91,*,38,12,22,.545,3,10,.300,9,12,.750,.614,2,2,1.000,1,5,6,3,6,0,4,3,29,23.5,Shayna Mehta,https://www.sports-reference.com/cbb/players/shayna-mehta-1.html,brown,2018-19
9,90,9,2018-11-27,Brown,,Johnson/Wales-RI,REG (Non-Conf),W 78-46,*,27,3,11,.273,2,9,.222,1,2,.500,.364,2,3,.667,0,8,8,7,2,0,4,2,10,7.6,Shayna Mehta,https://www.sports-reference.com/cbb/players/shayna-mehta-1.html,brown,2018-19
10,91,10,2018-12-01,Brown,,Bryant,REG (Non-Conf),W 84-68,*,21,5,9,.556,2,3,.667,3,6,.500,.667,0,0,,0,1,1,8,1,0,3,4,12,10.0,Shayna Mehta,https://www.sports-reference.com/cbb/players/shayna-mehta-1.html,brown,2018-19
11,92,11,2018-12-02,Brown,@,Rhode Island,REG (Non-Conf),L 67-72,*,39,6,23,.261,3,9,.333,3,14,.214,.326,2,2,1.000,2,3,5,8,2,0,2,4,17,9.6,Shayna Mehta,https://www.sports-reference.com/cbb/players/shayna-mehta-1.html,brown,2018-19
12,93,12,2018-12-08,Brown,@,Maine,REG (Non-Conf),L 96-102 (OT),*,45,6,16,.375,2,10,.200,4,6,.667,.438,0,0,,0,9,9,9,2,0,5,4,14,9.6,Shayna Mehta,https://www.sports-reference.com/cbb/players/shayna-mehta-1.html,brown,2018-19
13,94,13,2018-12-30,Brown,@,Chicago State,REG (Non-Conf),W 90-65,*,26,1,10,.100,1,3,.333,0,7,.000,.150,2,2,1.000,1,3,4,6,3,0,3,4,5,2.6,Shayna Mehta,https://www.sports-reference.com/cbb/players/shayna-mehta-1.html,brown,2018-19
14,95,14,2018-12-31,Brown,@,Northern Illinois,REG (Non-Conf),L 102-109 (2OT),*,44,9,25,.360,5,11,.455,4,14,.286,.460,2,3,.667,2,8,10,9,5,0,5,5,25,18.8,Shayna Mehta,https://www.sports-reference.com/cbb/players/shayna-mehta-1.html,brown,2018-19
15,96,15,2019-01-02,Brown,@,Adelphi,REG (Non-Conf),W 75-62,*,37,4,17,.235,3,11,.273,1,6,.167,.324,0,0,,0,9,9,2,5,0,5,1,11,4.4,Shayna Mehta,https://www.sports-reference.com/cbb/players/shayna-mehta-1.html,brown,2018-19
16,97,16,2019-01-04,Brown,@,Rutgers,REG (Non-Conf),L 52-73,*,38,5,17,.294,0,9,.000,5,8,.625,.294,0,0,,0,4,4,3,3,0,7,1,10,-1.0,Shayna Mehta,https://www.sports-reference.com/cbb/players/shayna-mehta-1.html,brown,2018-19
17,98,17,2019-01-18,Brown,,Yale,REG (Conf),W 86-71,*,40,10,19,.526,3,6,.500,7,13,.538,.605,14,15,.933,1,3,4,5,8,0,4,2,37,35.6,Shayna Mehta,https://www.sports-reference.com/cbb/players/shayna-mehta-1.html,brown,2018-19
18,99,18,2019-01-26,Brown,@,Yale,REG (Conf),L 72-84,*,39,4,20,.200,1,8,.125,3,12,.250,.225,4,4,1.000,1,4,5,5,7,0,4,4,13,7.4,Shayna Mehta,https://www.sports-reference.com/cbb/players/shayna-mehta-1.html,brown,2018-19
19,100,19,2019-02-01,Brown,,Dartmouth,REG (Conf),L 61-81,*,36,7,22,.318,0,7,.000,7,15,.467,.318,3,5,.600,0,4,4,3,6,0,1,4,17,10.3,Shayna Mehta,https://www.sports-reference.com/cbb/players/shayna-mehta-1.html,brown,2018-19
20,101,20,2019-02-02,Brown,,Harvard,REG (Conf),L 83-100,*,40,9,20,.450,2,8,.250,7,12,.583,.500,3,6,.500,1,8,9,8,3,0,3,0,23,20.1,Shayna Mehta,https://www.sports-reference.com/cbb/players/shayna-mehta-1.html,brown,2018-19
21,102,21,2019-02-08,Brown,@,Pennsylvania,REG (Conf),L 43-83,*,29,3,12,.250,1,7,.143,2,5,.400,.292,0,0,,1,2,3,1,1,0,4,1,7,-1.6,Shayna Mehta,https://www.sports-reference.com/cbb/players/shayna-mehta-1.html,brown,2018-19
22,103,22,2019-02-09,Brown,@,Princeton,REG (Conf),L 74-93,*,39,7,21,.333,5,8,.625,2,13,.154,.452,0,2,.000,0,4,4,4,3,0,1,1,19,11.9,Shayna Mehta,https://www.sports-reference.com/cbb/players/shayna-mehta-1.html,brown,2018-19
23,104,23,2019-02-15,Brown,,Cornell,REG (Conf),L 53-65,*,39,1,13,.077,1,8,.125,0,5,.000,.115,6,6,1.000,1,2,3,2,6,0,4,4,9,3.4,Shayna Mehta,https://www.sports-reference.com/cbb/players/shayna-mehta-1.html,brown,2018-19
24,105,24,2019-02-16,Brown,,Columbia,REG (Conf),L 81-83,*,36,8,23,.348,1,7,.143,7,16,.438,.370,0,0,,1,2,3,4,5,0,6,4,17,5.6,Shayna Mehta,https://www.sports-reference.com/cbb/players/shayna-mehta-1.html,brown,2018-19
25,106,25,2019-02-22,Brown,@,Harvard,REG (Conf),L 55-98,*,30,4,12,.333,2,7,.286,2,5,.400,.417,0,0,,1,2,3,2,2,0,1,3,10,5.7,Shayna Mehta,https://www.sports-reference.com/cbb/players/shayna-mehta-1.html,brown,2018-19
26,107,26,2019-02-23,Brown,@,Dartmouth,REG (Conf),L 43-78,*,33,2,7,.286,1,4,.250,1,3,.333,.357,0,0,,1,3,4,2,0,0,2,3,5,0.7,Shayna Mehta,https://www.sports-reference.com/cbb/players/shayna-mehta-1.html,brown,2018-19
27,108,27,2019-03-01,Brown,@,Columbia,REG (Conf),L 62-93,*,37,7,12,.583,4,4,1.000,3,8,.375,.750,1,1,1.000,1,2,3,1,1,0,2,1,19,14.0,Shayna Mehta,https://www.sports-reference.com/cbb/players/shayna-mehta-1.html,brown,2018-19
28,109,28,2019-03-02,Brown,@,Cornell,REG (Conf),L 48-66,*,36,3,10,.300,2,7,.286,1,3,.333,.400,0,0,,0,1,1,2,3,0,5,3,8,0.7,Shayna Mehta,https://www.sports-reference.com/cbb/players/shayna-mehta-1.html,brown,2018-19
29,110,29,2019-03-08,Brown,,Princeton,REG (Conf),L 68-88,*,40,11,23,.478,3,6,.500,8,17,.471,.543,2,2,1.000,1,4,5,4,2,0,4,2,27,17.2,Shayna Mehta,https://www.sports-reference.com/cbb/players/shayna-mehta-1.html,brown,2018-19
30,111,30,2019-03-09,Brown,,Pennsylvania,REG (Conf),L 53-75,*,39,6,15,.400,2,7,.286,4,8,.500,.467,2,2,1.000,1,6,7,5,0,0,3,3,16,9.7,Shayna Mehta,https://www.sports-reference.com/cbb/players/shayna-mehta-1.html,brown,2018-19
