ranker,player_game_num_career,team_game_num_season,date,team_name_abbr,game_location,opp_name_abbr,game_type,game_result,is_starter,mp,fg,fga,fg_pct,fg3,fg3a,fg3_pct,fg2,fg2a,fg2_pct,efg_pct,ft,fta,ft_pct,orb,drb,trb,ast,stl,blk,tov,pf,pts,game_score,player_name,player_sr_link,school,season
1,66,1,2018-11-06,Brown,,Central Connecticut State,REG (Non-Conf),W 68-63,*,29,2,10,.200,0,2,.000,2,8,.250,.200,5,10,.500,1,3,4,1,7,1,2,3,9,7.6,Taylor Will,https://www.sports-reference.com/cbb/players/taylor-will-1.html,brown,2018-19
2,67,2,2018-11-08,Brown,@,Bryant,REG (Non-Conf),L 57-75,*,29,2,11,.182,0,3,.000,2,8,.250,.182,4,6,.667,2,5,7,3,3,1,2,1,8,6.6,Taylor Will,https://www.sports-reference.com/cbb/players/taylor-will-1.html,brown,2018-19
3,68,3,2018-11-12,Brown,@,Boston University,REG (Non-Conf),L 51-72,*,29,1,3,.333,0,2,.000,1,1,1.000,.333,2,2,1.000,0,1,1,2,1,0,1,1,4,3.6,Taylor Will,https://www.sports-reference.com/cbb/players/taylor-will-1.html,brown,2018-19
4,69,4,2018-11-15,Brown,,New Hampshire,REG (Non-Conf),W 76-70,*,33,4,7,.571,2,5,.400,2,2,1.000,.714,2,2,1.000,3,2,5,3,0,0,3,1,12,10.1,Taylor Will,https://www.sports-reference.com/cbb/players/taylor-will-1.html,brown,2018-19
5,70,5,2018-11-18,Brown,@,Holy Cross,REG (Non-Conf),W 89-85,*,32,5,11,.455,2,5,.400,3,6,.500,.545,3,4,.750,1,5,6,4,3,0,2,4,15,13.3,Taylor Will,https://www.sports-reference.com/cbb/players/taylor-will-1.html,brown,2018-19
6,71,6,2018-11-23,Brown,,Fairfield,REG (Non-Conf),W 68-49,*,37,3,9,.333,1,2,.500,2,7,.286,.389,5,8,.625,1,5,6,2,3,0,1,2,12,10.5,Taylor Will,https://www.sports-reference.com/cbb/players/taylor-will-1.html,brown,2018-19
7,72,7,2018-11-24,Brown,,Massachusetts,REG (Non-Conf),L 61-90,*,28,4,11,.364,2,5,.400,2,6,.333,.455,2,3,.667,1,0,1,3,0,0,5,3,12,2.1,Taylor Will,https://www.sports-reference.com/cbb/players/taylor-will-1.html,brown,2018-19
8,73,8,2018-11-25,Brown,,Bucknell,REG (Non-Conf),L 78-91,*,34,6,7,.857,1,1,1.000,5,6,.833,.929,4,6,.667,0,4,4,2,3,0,2,4,17,15.7,Taylor Will,https://www.sports-reference.com/cbb/players/taylor-will-1.html,brown,2018-19
9,74,10,2018-12-01,Brown,,Bryant,REG (Non-Conf),W 84-68,*,28,6,16,.375,1,7,.143,5,9,.556,.406,3,3,1.000,0,10,10,3,1,2,2,1,16,12.3,Taylor Will,https://www.sports-reference.com/cbb/players/taylor-will-1.html,brown,2018-19
10,75,11,2018-12-02,Brown,@,Rhode Island,REG (Non-Conf),L 67-72,*,34,4,10,.400,0,2,.000,4,8,.500,.400,1,2,.500,1,3,4,1,3,0,1,2,9,6.7,Taylor Will,https://www.sports-reference.com/cbb/players/taylor-will-1.html,brown,2018-19
11,76,12,2018-12-08,Brown,@,Maine,REG (Non-Conf),L 96-102 (OT),*,29,4,8,.500,3,4,.750,1,4,.250,.688,2,2,1.000,2,1,3,4,1,0,2,5,13,10.5,Taylor Will,https://www.sports-reference.com/cbb/players/taylor-will-1.html,brown,2018-19
12,77,13,2018-12-30,Brown,@,Chicago State,REG (Non-Conf),W 90-65,*,32,3,9,.333,2,2,1.000,1,7,.143,.444,3,5,.600,0,5,5,6,4,0,1,4,11,12.2,Taylor Will,https://www.sports-reference.com/cbb/players/taylor-will-1.html,brown,2018-19
13,78,14,2018-12-31,Brown,@,Northern Illinois,REG (Non-Conf),L 102-109 (2OT),*,48,5,16,.313,0,6,.000,5,10,.500,.313,0,1,.000,0,4,4,2,2,0,4,2,10,0.2,Taylor Will,https://www.sports-reference.com/cbb/players/taylor-will-1.html,brown,2018-19
14,79,15,2019-01-02,Brown,@,Adelphi,REG (Non-Conf),W 75-62,*,27,2,5,.400,0,1,.000,2,4,.500,.400,2,3,.667,0,3,3,2,1,0,3,2,6,2.4,Taylor Will,https://www.sports-reference.com/cbb/players/taylor-will-1.html,brown,2018-19
15,80,16,2019-01-04,Brown,@,Rutgers,REG (Non-Conf),L 52-73,*,37,4,7,.571,4,5,.800,0,2,.000,.857,3,4,.750,0,4,4,2,0,0,3,3,15,9.7,Taylor Will,https://www.sports-reference.com/cbb/players/taylor-will-1.html,brown,2018-19
16,81,17,2019-01-18,Brown,,Yale,REG (Conf),W 86-71,*,33,5,9,.556,2,3,.667,3,6,.500,.667,1,2,.500,0,3,3,4,3,0,3,4,13,10.4,Taylor Will,https://www.sports-reference.com/cbb/players/taylor-will-1.html,brown,2018-19
17,82,18,2019-01-26,Brown,@,Yale,REG (Conf),L 72-84,*,38,9,14,.643,2,6,.333,7,8,.875,.714,3,4,.750,1,4,5,4,3,0,2,2,23,21.3,Taylor Will,https://www.sports-reference.com/cbb/players/taylor-will-1.html,brown,2018-19
18,83,19,2019-02-01,Brown,,Dartmouth,REG (Conf),L 61-81,*,31,2,11,.182,0,4,.000,2,7,.286,.182,6,6,1.000,2,6,8,1,1,1,3,5,10,3.7,Taylor Will,https://www.sports-reference.com/cbb/players/taylor-will-1.html,brown,2018-19
19,84,20,2019-02-02,Brown,,Harvard,REG (Conf),L 83-100,*,28,3,11,.273,2,5,.400,1,6,.167,.364,4,4,1.000,1,3,4,0,0,0,1,4,12,4.5,Taylor Will,https://www.sports-reference.com/cbb/players/taylor-will-1.html,brown,2018-19
20,85,21,2019-02-08,Brown,@,Pennsylvania,REG (Conf),L 43-83,*,24,1,7,.143,0,3,.000,1,4,.250,.143,1,1,1.000,3,2,5,3,1,0,2,2,3,1.5,Taylor Will,https://www.sports-reference.com/cbb/players/taylor-will-1.html,brown,2018-19
21,86,22,2019-02-09,Brown,@,Princeton,REG (Conf),L 74-93,*,30,3,5,.600,1,2,.500,2,3,.667,.700,2,2,1.000,0,2,2,3,2,0,4,4,9,5.8,Taylor Will,https://www.sports-reference.com/cbb/players/taylor-will-1.html,brown,2018-19
22,87,23,2019-02-15,Brown,,Cornell,REG (Conf),L 53-65,*,38,4,12,.333,1,3,.333,3,9,.333,.375,1,2,.500,2,3,5,3,5,0,3,3,10,8.0,Taylor Will,https://www.sports-reference.com/cbb/players/taylor-will-1.html,brown,2018-19
23,88,27,2019-03-01,Brown,@,Columbia,REG (Conf),L 62-93,*,23,2,7,.286,0,3,.000,2,4,.500,.286,1,2,.500,0,2,2,1,0,0,3,0,5,-1.2,Taylor Will,https://www.sports-reference.com/cbb/players/taylor-will-1.html,brown,2018-19
24,89,28,2019-03-02,Brown,@,Cornell,REG (Conf),L 48-66,*,13,0,3,.000,0,2,.000,0,1,.000,.000,0,0,,0,0,0,0,0,0,1,2,0,-3.9,Taylor Will,https://www.sports-reference.com/cbb/players/taylor-will-1.html,brown,2018-19
25,90,29,2019-03-08,Brown,,Princeton,REG (Conf),L 68-88,*,27,4,15,.267,1,4,.250,3,11,.273,.300,2,2,1.000,2,2,4,3,1,0,2,2,11,4.4,Taylor Will,https://www.sports-reference.com/cbb/players/taylor-will-1.html,brown,2018-19
26,91,30,2019-03-09,Brown,,Pennsylvania,REG (Conf),L 53-75,*,30,2,7,.286,0,3,.000,2,4,.500,.286,6,6,1.000,0,2,2,2,2,0,2,2,10,7.1,Taylor Will,https://www.sports-reference.com/cbb/players/taylor-will-1.html,brown,2018-19
