ranker,player_game_num_career,team_game_num_season,date,team_name_abbr,game_location,opp_name_abbr,game_type,game_result,is_starter,mp,fg,fga,fg_pct,fg3,fg3a,fg3_pct,fg2,fg2a,fg2_pct,efg_pct,ft,fta,ft_pct,orb,drb,trb,ast,stl,blk,tov,pf,pts,game_score,player_name,player_sr_link,school,season
1,21,1,2024-11-06,Tulsa,,Arkansas–Pine Bluff,REG (Non-Conf),W 63-60,,8,0,1,.000,0,0,,0,1,.000,.000,0,0,,0,1,1,1,0,0,0,0,0,0.3,McKayla Miller,https://www.sports-reference.com/cbb/players/mckayla-miller-1.html,tulsa,2024-25
2,22,2,2024-11-10,Tulsa,@,Missouri State,REG (Non-Conf),L 61-63,,5,0,0,,0,0,,0,0,,,1,4,.250,0,2,2,0,0,0,0,0,1,0.4,McKayla Miller,https://www.sports-reference.com/cbb/players/mckayla-miller-1.html,tulsa,2024-25
3,23,3,2024-11-17,Tulsa,,Oral Roberts,REG (Non-Conf),L 56-67,,3,0,0,,0,0,,0,0,,,0,0,,0,2,2,0,0,0,0,1,0,0.2,McKayla Miller,https://www.sports-reference.com/cbb/players/mckayla-miller-1.html,tulsa,2024-25
4,24,4,2024-11-21,Tulsa,N,Georgia,REG (Non-Conf),L 44-60,,13,1,2,.500,0,1,.000,1,1,1.000,.500,0,0,,0,1,1,0,0,0,1,0,2,0.3,McKayla Miller,https://www.sports-reference.com/cbb/players/mckayla-miller-1.html,tulsa,2024-25
5,25,5,2024-11-23,Tulsa,N,Marshall,REG (Non-Conf),L 80-84 (OT),,6,0,2,.000,0,0,,0,2,.000,.000,0,0,,0,1,1,0,0,1,0,1,0,-0.8,McKayla Miller,https://www.sports-reference.com/cbb/players/mckayla-miller-1.html,tulsa,2024-25
6,26,6,2024-11-27,Tulsa,,Chicago State,REG (Non-Conf),W 76-46,,9,1,1,1.000,0,0,,1,1,1.000,1.000,0,0,,0,1,1,2,0,0,2,0,2,1.4,McKayla Miller,https://www.sports-reference.com/cbb/players/mckayla-miller-1.html,tulsa,2024-25
7,27,7,2024-12-01,Tulsa,,Creighton,REG (Non-Conf),L 59-81,,5,0,2,.000,0,1,.000,0,1,.000,.000,0,0,,0,0,0,0,0,1,1,0,0,-1.7,McKayla Miller,https://www.sports-reference.com/cbb/players/mckayla-miller-1.html,tulsa,2024-25
8,28,8,2024-12-05,Tulsa,,Grambling State,REG (Non-Conf),W 77-60,,11,0,0,,0,0,,0,0,,,0,0,,0,4,4,1,0,0,1,1,0,0.5,McKayla Miller,https://www.sports-reference.com/cbb/players/mckayla-miller-1.html,tulsa,2024-25
9,29,9,2024-12-10,Tulsa,@,San Jose State,REG (Non-Conf),W 77-48,,8,1,3,.333,1,3,.333,0,0,,.500,0,0,,0,2,2,0,0,0,1,2,3,0.1,McKayla Miller,https://www.sports-reference.com/cbb/players/mckayla-miller-1.html,tulsa,2024-25
