ranker,player_game_num_career,team_game_num_season,date,team_name_abbr,game_location,opp_name_abbr,game_type,game_result,is_starter,mp,fg,fga,fg_pct,fg3,fg3a,fg3_pct,fg2,fg2a,fg2_pct,efg_pct,ft,fta,ft_pct,orb,drb,trb,ast,stl,blk,tov,pf,pts,game_score,player_name,player_sr_link,school,season
1,47,1,2024-11-06,Tulsa,,Arkansas–Pine Bluff,REG (Non-Conf),W 63-60,,25,3,14,.214,3,8,.375,0,6,.000,.321,0,0,,4,2,6,0,1,0,2,2,9,2.0,Paige Bradley,https://www.sports-reference.com/cbb/players/paige-bradley-2.html,tulsa,2024-25
2,48,2,2024-11-10,Tulsa,@,Missouri State,REG (Non-Conf),L 61-63,*,26,3,8,.375,1,3,.333,2,5,.400,.438,1,2,.500,2,1,3,0,1,0,1,4,8,3.3,Paige Bradley,https://www.sports-reference.com/cbb/players/paige-bradley-2.html,tulsa,2024-25
3,49,3,2024-11-17,Tulsa,,Oral Roberts,REG (Non-Conf),L 56-67,*,24,1,5,.200,1,4,.250,0,1,.000,.300,2,2,1.000,0,2,2,1,2,0,3,2,5,1.4,Paige Bradley,https://www.sports-reference.com/cbb/players/paige-bradley-2.html,tulsa,2024-25
4,50,4,2024-11-21,Tulsa,N,Georgia,REG (Non-Conf),L 44-60,*,21,1,8,.125,0,4,.000,1,4,.250,.125,1,1,1.000,1,0,1,1,1,0,1,4,3,-2.4,Paige Bradley,https://www.sports-reference.com/cbb/players/paige-bradley-2.html,tulsa,2024-25
5,51,5,2024-11-23,Tulsa,N,Marshall,REG (Non-Conf),L 80-84 (OT),*,35,3,8,.375,1,3,.333,2,5,.400,.438,4,4,1.000,5,5,10,3,1,0,3,4,11,10.1,Paige Bradley,https://www.sports-reference.com/cbb/players/paige-bradley-2.html,tulsa,2024-25
6,52,6,2024-11-27,Tulsa,,Chicago State,REG (Non-Conf),W 76-46,*,26,3,6,.500,1,2,.500,2,4,.500,.583,0,0,,2,6,8,6,1,0,1,2,7,10.6,Paige Bradley,https://www.sports-reference.com/cbb/players/paige-bradley-2.html,tulsa,2024-25
7,53,7,2024-12-01,Tulsa,,Creighton,REG (Non-Conf),L 59-81,*,19,2,4,.500,0,0,,2,4,.500,.500,0,0,,0,3,3,0,0,0,2,4,4,-0.7,Paige Bradley,https://www.sports-reference.com/cbb/players/paige-bradley-2.html,tulsa,2024-25
8,54,8,2024-12-05,Tulsa,,Grambling State,REG (Non-Conf),W 77-60,*,27,2,6,.333,0,1,.000,2,5,.400,.333,0,0,,2,2,4,4,1,0,1,3,4,4.2,Paige Bradley,https://www.sports-reference.com/cbb/players/paige-bradley-2.html,tulsa,2024-25
9,55,9,2024-12-10,Tulsa,@,San Jose State,REG (Non-Conf),W 77-48,*,29,7,10,.700,0,2,.000,7,8,.875,.700,3,5,.600,4,5,9,1,2,0,0,3,17,17.8,Paige Bradley,https://www.sports-reference.com/cbb/players/paige-bradley-2.html,tulsa,2024-25
10,56,10,2024-12-15,Tulsa,,Kansas City,REG (Non-Conf),W 89-61,*,22,6,11,.545,1,2,.500,5,9,.556,.591,2,4,.500,1,6,7,1,0,0,1,2,15,10.3,Paige Bradley,https://www.sports-reference.com/cbb/players/paige-bradley-2.html,tulsa,2024-25
11,57,11,2024-12-20,Tulsa,N,Montana,REG (Non-Conf),W 68-58,*,29,3,8,.375,0,2,.000,3,6,.500,.375,2,2,1.000,1,2,3,0,2,0,3,3,8,2.7,Paige Bradley,https://www.sports-reference.com/cbb/players/paige-bradley-2.html,tulsa,2024-25
12,58,12,2024-12-21,Tulsa,N,Tennessee,REG (Non-Conf),L 61-102,*,14,0,1,.000,0,1,.000,0,0,,.000,0,0,,1,2,3,0,1,0,2,5,0,-2.4,Paige Bradley,https://www.sports-reference.com/cbb/players/paige-bradley-2.html,tulsa,2024-25
13,59,13,2024-12-29,Tulsa,,East Carolina,REG (Conf),W 93-84,*,28,5,10,.500,0,1,.000,5,9,.556,.500,2,2,1.000,1,3,4,5,2,0,2,4,12,10.5,Paige Bradley,https://www.sports-reference.com/cbb/players/paige-bradley-2.html,tulsa,2024-25
14,60,14,2025-01-01,Tulsa,@,North Texas,REG (Conf),L 78-84,*,27,2,6,.333,0,3,.000,2,3,.667,.333,0,0,,0,2,2,2,1,0,1,3,4,1.4,Paige Bradley,https://www.sports-reference.com/cbb/players/paige-bradley-2.html,tulsa,2024-25
15,61,15,2025-01-04,Tulsa,,UTSA,REG (Conf),L 53-60,*,22,2,8,.250,0,2,.000,2,6,.333,.250,0,0,,4,0,4,1,0,0,0,4,4,1.1,Paige Bradley,https://www.sports-reference.com/cbb/players/paige-bradley-2.html,tulsa,2024-25
16,62,16,2025-01-08,Tulsa,,Charlotte,REG (Conf),W 76-70,*,28,2,9,.222,1,3,.333,1,6,.167,.278,0,0,,2,5,7,3,1,0,2,4,5,1.9,Paige Bradley,https://www.sports-reference.com/cbb/players/paige-bradley-2.html,tulsa,2024-25
17,63,17,2025-01-11,Tulsa,@,Temple,REG (Conf),L 71-73,*,23,6,8,.750,3,4,.750,3,4,.750,.938,0,0,,0,3,3,3,2,0,0,2,15,16.0,Paige Bradley,https://www.sports-reference.com/cbb/players/paige-bradley-2.html,tulsa,2024-25
18,64,18,2025-01-15,Tulsa,,Florida Atlantic,REG (Conf),W 79-64,*,21,5,6,.833,1,2,.500,4,4,1.000,.917,1,1,1.000,1,1,2,1,1,1,3,3,12,9.0,Paige Bradley,https://www.sports-reference.com/cbb/players/paige-bradley-2.html,tulsa,2024-25
19,65,23,2025-02-05,Tulsa,@,Charlotte,REG (Conf),W 81-53,*,21,2,5,.400,1,2,.500,1,3,.333,.500,0,0,,2,2,4,2,0,0,2,3,5,2.5,Paige Bradley,https://www.sports-reference.com/cbb/players/paige-bradley-2.html,tulsa,2024-25
20,66,24,2025-02-08,Tulsa,@,East Carolina,REG (Conf),L 64-73,*,32,5,10,.500,4,4,1.000,1,6,.167,.700,0,0,,0,4,4,1,1,1,0,5,14,10.6,Paige Bradley,https://www.sports-reference.com/cbb/players/paige-bradley-2.html,tulsa,2024-25
21,67,25,2025-02-15,Tulsa,,North Texas,REG (Conf),L 58-61,*,29,3,8,.375,2,5,.400,1,3,.333,.500,0,0,,1,4,5,3,2,0,0,3,8,8.4,Paige Bradley,https://www.sports-reference.com/cbb/players/paige-bradley-2.html,tulsa,2024-25
22,68,26,2025-02-19,Tulsa,,Tulane,REG (Conf),W 73-54,*,32,7,11,.636,2,4,.500,5,7,.714,.727,0,0,,0,3,3,3,2,0,2,2,16,13.3,Paige Bradley,https://www.sports-reference.com/cbb/players/paige-bradley-2.html,tulsa,2024-25
23,69,27,2025-02-22,Tulsa,@,UAB,REG (Conf),W 72-68 (OT),*,25,3,6,.500,0,1,.000,3,5,.600,.500,1,2,.500,0,3,3,2,2,0,2,5,7,3.9,Paige Bradley,https://www.sports-reference.com/cbb/players/paige-bradley-2.html,tulsa,2024-25
24,70,28,2025-02-26,Tulsa,,South Florida,REG (Conf),W 66-58,*,22,1,3,.333,1,1,1.000,0,2,.000,.500,2,2,1.000,3,1,4,0,1,0,0,3,5,5.5,Paige Bradley,https://www.sports-reference.com/cbb/players/paige-bradley-2.html,tulsa,2024-25
25,71,29,2025-03-01,Tulsa,@,Memphis,REG (Conf),W 81-79,*,29,1,6,.167,1,4,.250,0,2,.000,.250,0,0,,1,0,1,1,4,0,1,2,3,2.8,Paige Bradley,https://www.sports-reference.com/cbb/players/paige-bradley-2.html,tulsa,2024-25
26,72,30,2025-03-04,Tulsa,@,Wichita State,REG (Conf),W 58-46,*,20,0,3,.000,0,2,.000,0,1,.000,.000,0,0,,2,1,3,1,3,1,3,1,0,0.6,Paige Bradley,https://www.sports-reference.com/cbb/players/paige-bradley-2.html,tulsa,2024-25
27,73,31,2025-03-09,Tulsa,N,Charlotte,CTOURN,L 66-71,*,24,2,3,.667,1,1,1.000,1,2,.500,.833,0,0,,0,3,3,0,0,0,1,2,5,2.8,Paige Bradley,https://www.sports-reference.com/cbb/players/paige-bradley-2.html,tulsa,2024-25
28,74,32,2025-03-20,Tulsa,@,Lindenwood,WNIT,L 60-76,*,29,5,11,.455,3,7,.429,2,4,.500,.591,0,0,,0,5,5,1,3,0,3,1,13,9.1,Paige Bradley,https://www.sports-reference.com/cbb/players/paige-bradley-2.html,tulsa,2024-25
