ranker,player_game_num_career,team_game_num_season,date,team_name_abbr,game_location,opp_name_abbr,game_type,game_result,is_starter,mp,fg,fga,fg_pct,fg3,fg3a,fg3_pct,fg2,fg2a,fg2_pct,efg_pct,ft,fta,ft_pct,orb,drb,trb,ast,stl,blk,tov,pf,pts,game_score,player_name,player_sr_link,school,season
1,24,1,2018-11-06,Jacksonville State,@,Florida A&M,REG (Non-Conf),W 62-31,,19,3,7,.429,1,1,1.000,2,6,.333,.500,0,0,,2,0,2,2,3,0,3,2,7,5.3,Brianna Perry,https://www.sports-reference.com/cbb/players/brianna-perry-1.html,jacksonville-state,2018-19
2,25,2,2018-11-09,Jacksonville State,@,Texas Tech,REG (Non-Conf),L 58-71,,11,0,6,.000,0,4,.000,0,2,.000,.000,0,0,,0,0,0,0,1,0,1,0,0,-4.2,Brianna Perry,https://www.sports-reference.com/cbb/players/brianna-perry-1.html,jacksonville-state,2018-19
3,26,3,2018-11-17,Jacksonville State,@,Lipscomb,REG (Non-Conf),W 58-46,,19,2,6,.333,1,3,.333,1,3,.333,.417,0,1,.000,0,1,1,2,4,0,3,3,5,2.7,Brianna Perry,https://www.sports-reference.com/cbb/players/brianna-perry-1.html,jacksonville-state,2018-19
4,27,4,2018-11-23,Jacksonville State,@,Harvard,REG (Non-Conf),L 62-69,,23,3,8,.375,3,4,.750,0,4,.000,.563,0,0,,1,3,4,3,0,0,0,2,9,7.5,Brianna Perry,https://www.sports-reference.com/cbb/players/brianna-perry-1.html,jacksonville-state,2018-19
5,28,5,2018-11-24,Jacksonville State,@,Washington State,REG (Non-Conf),L 51-64,,18,1,5,.200,0,2,.000,1,3,.333,.200,2,4,.500,0,2,2,1,1,0,1,0,4,1.4,Brianna Perry,https://www.sports-reference.com/cbb/players/brianna-perry-1.html,jacksonville-state,2018-19
6,29,6,2018-11-27,Jacksonville State,,Montevallo,REG (Non-Conf),W 84-52,,19,0,8,.000,0,2,.000,0,6,.000,.000,4,4,1.000,0,2,2,3,1,0,0,2,4,1.3,Brianna Perry,https://www.sports-reference.com/cbb/players/brianna-perry-1.html,jacksonville-state,2018-19
7,30,7,2018-12-02,Jacksonville State,@,Ole Miss,REG (Non-Conf),W 60-49,,9,0,5,.000,0,3,.000,0,2,.000,.000,0,0,,0,1,1,1,0,0,0,0,0,-2.5,Brianna Perry,https://www.sports-reference.com/cbb/players/brianna-perry-1.html,jacksonville-state,2018-19
8,31,8,2018-12-12,Jacksonville State,@,Alabama A&M,REG (Non-Conf),W 55-48,,21,2,5,.400,0,3,.000,2,2,1.000,.400,2,3,.667,0,0,0,0,2,0,2,0,6,2.9,Brianna Perry,https://www.sports-reference.com/cbb/players/brianna-perry-1.html,jacksonville-state,2018-19
9,32,9,2018-12-15,Jacksonville State,,Georgia State,REG (Non-Conf),W 61-56 (OT),,12,0,5,.000,0,3,.000,0,2,.000,.000,0,0,,1,1,2,0,0,0,1,0,0,-3.5,Brianna Perry,https://www.sports-reference.com/cbb/players/brianna-perry-1.html,jacksonville-state,2018-19
10,33,10,2018-12-18,Jacksonville State,,Miami (OH),REG (Non-Conf),L 41-58,,6,0,4,.000,0,2,.000,0,2,.000,.000,0,0,,0,0,0,1,1,0,0,0,0,-1.1,Brianna Perry,https://www.sports-reference.com/cbb/players/brianna-perry-1.html,jacksonville-state,2018-19
11,34,11,2018-12-29,Jacksonville State,,Troy,REG (Non-Conf),L 63-89,,19,4,8,.500,1,3,.333,3,5,.600,.563,5,6,.833,1,2,3,1,0,0,1,3,14,9.4,Brianna Perry,https://www.sports-reference.com/cbb/players/brianna-perry-1.html,jacksonville-state,2018-19
12,35,12,2019-01-03,Jacksonville State,@,Belmont,REG (Conf),L 52-66,,14,1,6,.167,0,3,.000,1,3,.333,.167,2,2,1.000,0,0,0,1,0,0,1,1,4,-0.5,Brianna Perry,https://www.sports-reference.com/cbb/players/brianna-perry-1.html,jacksonville-state,2018-19
13,36,13,2019-01-05,Jacksonville State,@,Tennessee State,REG (Conf),W 62-52,,10,0,4,.000,0,1,.000,0,3,.000,.000,0,0,,3,1,4,1,0,0,2,3,0,-2.9,Brianna Perry,https://www.sports-reference.com/cbb/players/brianna-perry-1.html,jacksonville-state,2018-19
14,37,14,2019-01-10,Jacksonville State,,Eastern Illinois,REG (Conf),W 78-49,,17,1,3,.333,0,1,.000,1,2,.500,.333,0,0,,1,0,1,0,1,0,0,0,2,2.0,Brianna Perry,https://www.sports-reference.com/cbb/players/brianna-perry-1.html,jacksonville-state,2018-19
15,38,15,2019-01-12,Jacksonville State,,SIU Edwardsville,REG (Conf),L 47-51,,12,0,4,.000,0,3,.000,0,1,.000,.000,0,0,,1,0,1,1,0,0,1,1,0,-2.8,Brianna Perry,https://www.sports-reference.com/cbb/players/brianna-perry-1.html,jacksonville-state,2018-19
16,39,16,2019-01-17,Jacksonville State,,Belmont,REG (Conf),L 41-64,,16,1,6,.167,0,1,.000,1,5,.200,.167,2,2,1.000,2,2,4,0,3,0,0,3,4,4.0,Brianna Perry,https://www.sports-reference.com/cbb/players/brianna-perry-1.html,jacksonville-state,2018-19
17,40,17,2019-01-19,Jacksonville State,,Tennessee Tech,REG (Conf),L 49-66,,12,1,2,.500,0,0,,1,2,.500,.500,0,0,,2,0,2,3,2,0,0,1,2,6.1,Brianna Perry,https://www.sports-reference.com/cbb/players/brianna-perry-1.html,jacksonville-state,2018-19
18,41,18,2019-01-24,Jacksonville State,@,Eastern Kentucky,REG (Conf),W 53-44,,9,0,1,.000,0,0,,0,1,.000,.000,0,0,,0,0,0,1,0,0,1,1,0,-1.4,Brianna Perry,https://www.sports-reference.com/cbb/players/brianna-perry-1.html,jacksonville-state,2018-19
19,42,19,2019-01-26,Jacksonville State,@,Morehead State,REG (Conf),L 55-66,,12,2,4,.500,1,1,1.000,1,3,.333,.625,0,0,,1,0,1,1,1,1,1,3,5,3.9,Brianna Perry,https://www.sports-reference.com/cbb/players/brianna-perry-1.html,jacksonville-state,2018-19
20,43,20,2019-01-31,Jacksonville State,,Murray State,REG (Conf),L 59-64,,15,2,4,.500,0,1,.000,2,3,.667,.500,0,0,,1,1,2,0,1,0,0,1,4,3.6,Brianna Perry,https://www.sports-reference.com/cbb/players/brianna-perry-1.html,jacksonville-state,2018-19
21,44,21,2019-02-02,Jacksonville State,,Austin Peay,REG (Conf),W 67-56,,22,2,6,.333,0,1,.000,2,5,.400,.333,0,0,,0,3,3,3,1,0,2,2,4,1.8,Brianna Perry,https://www.sports-reference.com/cbb/players/brianna-perry-1.html,jacksonville-state,2018-19
22,45,22,2019-02-07,Jacksonville State,@,UT Martin,REG (Conf),L 72-77,,13,0,2,.000,0,0,,0,2,.000,.000,0,0,,0,1,1,1,0,0,3,0,0,-3.4,Brianna Perry,https://www.sports-reference.com/cbb/players/brianna-perry-1.html,jacksonville-state,2018-19
23,46,23,2019-02-09,Jacksonville State,@,Southeast Missouri State,REG (Conf),W 56-39,,10,0,1,.000,0,0,,0,1,.000,.000,0,0,,0,0,0,0,0,0,0,0,0,-0.7,Brianna Perry,https://www.sports-reference.com/cbb/players/brianna-perry-1.html,jacksonville-state,2018-19
24,47,24,2019-02-14,Jacksonville State,@,Tennessee Tech,REG (Conf),L 59-62,,19,2,4,.500,0,0,,2,4,.500,.500,0,0,,0,1,1,0,0,0,1,0,4,1.3,Brianna Perry,https://www.sports-reference.com/cbb/players/brianna-perry-1.html,jacksonville-state,2018-19
25,48,25,2019-02-16,Jacksonville State,,Tennessee State,REG (Conf),W 76-73 (OT),,15,1,4,.250,1,3,.333,0,1,.000,.375,3,4,.750,1,1,2,1,1,0,2,2,6,3.1,Brianna Perry,https://www.sports-reference.com/cbb/players/brianna-perry-1.html,jacksonville-state,2018-19
26,49,26,2019-02-21,Jacksonville State,,Morehead State,REG (Conf),W 68-57,,13,1,3,.333,1,2,.500,0,1,.000,.500,2,2,1.000,0,0,0,1,2,0,1,0,5,5.0,Brianna Perry,https://www.sports-reference.com/cbb/players/brianna-perry-1.html,jacksonville-state,2018-19
27,50,27,2019-02-23,Jacksonville State,,Eastern Kentucky,REG (Conf),W 69-64,,16,3,8,.375,0,5,.000,3,3,1.000,.375,0,0,,0,0,0,1,3,0,1,1,6,3.9,Brianna Perry,https://www.sports-reference.com/cbb/players/brianna-perry-1.html,jacksonville-state,2018-19
28,51,28,2019-02-28,Jacksonville State,@,Eastern Illinois,REG (Conf),L 49-52,,21,2,6,.333,2,5,.400,0,1,.000,.500,2,2,1.000,0,2,2,1,2,0,1,1,8,6.5,Brianna Perry,https://www.sports-reference.com/cbb/players/brianna-perry-1.html,jacksonville-state,2018-19
29,52,29,2019-03-02,Jacksonville State,@,SIU Edwardsville,REG (Conf),W 68-61,,22,2,6,.333,1,3,.333,1,3,.333,.417,0,0,,0,1,1,2,1,0,1,0,5,3.3,Brianna Perry,https://www.sports-reference.com/cbb/players/brianna-perry-1.html,jacksonville-state,2018-19
30,53,30,2019-03-06,Jacksonville State,@,Morehead State,CTOURN,L 60-77,,15,3,6,.500,1,3,.333,2,3,.667,.583,2,4,.500,0,1,1,0,0,0,0,3,9,4.3,Brianna Perry,https://www.sports-reference.com/cbb/players/brianna-perry-1.html,jacksonville-state,2018-19
