ranker,player_game_num_career,team_game_num_season,date,team_name_abbr,game_location,opp_name_abbr,game_type,game_result,is_starter,mp,fg,fga,fg_pct,fg3,fg3a,fg3_pct,fg2,fg2a,fg2_pct,efg_pct,ft,fta,ft_pct,orb,drb,trb,ast,stl,blk,tov,pf,pts,game_score,player_name,player_sr_link,school,season
1,68,1,2018-11-06,Jacksonville State,@,Florida A&M,REG (Non-Conf),W 62-31,*,23,3,6,.500,0,0,,3,6,.500,.500,1,2,.500,0,2,2,1,2,1,2,1,7,5.2,Chloe Long,https://www.sports-reference.com/cbb/players/chloe-long-1.html,jacksonville-state,2018-19
2,69,2,2018-11-09,Jacksonville State,@,Texas Tech,REG (Non-Conf),L 58-71,*,25,1,4,.250,0,0,,1,4,.250,.250,0,2,.000,1,6,7,5,0,0,3,4,2,0.2,Chloe Long,https://www.sports-reference.com/cbb/players/chloe-long-1.html,jacksonville-state,2018-19
3,70,3,2018-11-17,Jacksonville State,@,Lipscomb,REG (Non-Conf),W 58-46,,17,0,3,.000,0,0,,0,3,.000,.000,0,0,,1,1,2,1,0,1,1,1,0,-1.1,Chloe Long,https://www.sports-reference.com/cbb/players/chloe-long-1.html,jacksonville-state,2018-19
4,71,4,2018-11-23,Jacksonville State,@,Harvard,REG (Non-Conf),L 62-69,*,15,0,1,.000,0,0,,0,1,.000,.000,0,0,,0,2,2,0,0,0,0,0,0,-0.1,Chloe Long,https://www.sports-reference.com/cbb/players/chloe-long-1.html,jacksonville-state,2018-19
5,72,5,2018-11-24,Jacksonville State,@,Washington State,REG (Non-Conf),L 51-64,,26,1,5,.200,0,0,,1,5,.200,.200,0,0,,1,1,2,0,2,0,2,2,2,-0.9,Chloe Long,https://www.sports-reference.com/cbb/players/chloe-long-1.html,jacksonville-state,2018-19
6,73,6,2018-11-27,Jacksonville State,,Montevallo,REG (Non-Conf),W 84-52,,13,1,3,.333,0,0,,1,3,.333,.333,2,2,1.000,1,2,3,0,0,0,1,3,4,1.4,Chloe Long,https://www.sports-reference.com/cbb/players/chloe-long-1.html,jacksonville-state,2018-19
7,74,7,2018-12-02,Jacksonville State,@,Ole Miss,REG (Non-Conf),W 60-49,*,29,1,5,.200,0,0,,1,5,.200,.200,1,2,.500,3,5,8,2,0,0,2,2,3,1.7,Chloe Long,https://www.sports-reference.com/cbb/players/chloe-long-1.html,jacksonville-state,2018-19
8,75,8,2018-12-12,Jacksonville State,@,Alabama A&M,REG (Non-Conf),W 55-48,*,33,4,8,.500,0,1,.000,4,7,.571,.500,1,2,.500,5,5,10,1,0,1,2,1,9,8.6,Chloe Long,https://www.sports-reference.com/cbb/players/chloe-long-1.html,jacksonville-state,2018-19
9,76,9,2018-12-15,Jacksonville State,,Georgia State,REG (Non-Conf),W 61-56 (OT),*,32,2,2,1.000,0,0,,2,2,1.000,1.000,2,3,.667,0,6,6,2,0,2,2,1,6,7.2,Chloe Long,https://www.sports-reference.com/cbb/players/chloe-long-1.html,jacksonville-state,2018-19
10,77,10,2018-12-18,Jacksonville State,,Miami (OH),REG (Non-Conf),L 41-58,*,20,0,3,.000,0,0,,0,3,.000,.000,0,0,,0,2,2,0,0,2,2,2,0,-2.9,Chloe Long,https://www.sports-reference.com/cbb/players/chloe-long-1.html,jacksonville-state,2018-19
11,78,11,2018-12-29,Jacksonville State,,Troy,REG (Non-Conf),L 63-89,*,23,0,0,,0,0,,0,0,,,1,2,.500,0,5,5,1,0,2,2,3,1,1.0,Chloe Long,https://www.sports-reference.com/cbb/players/chloe-long-1.html,jacksonville-state,2018-19
12,79,12,2019-01-03,Jacksonville State,@,Belmont,REG (Conf),L 52-66,*,25,0,2,.000,0,0,,0,2,.000,.000,0,2,.000,0,2,2,1,0,1,2,2,0,-3.0,Chloe Long,https://www.sports-reference.com/cbb/players/chloe-long-1.html,jacksonville-state,2018-19
13,80,13,2019-01-05,Jacksonville State,@,Tennessee State,REG (Conf),W 62-52,*,26,3,5,.600,0,0,,3,5,.600,.600,0,0,,1,5,6,2,0,1,2,4,6,4.4,Chloe Long,https://www.sports-reference.com/cbb/players/chloe-long-1.html,jacksonville-state,2018-19
14,81,14,2019-01-10,Jacksonville State,,Eastern Illinois,REG (Conf),W 78-49,*,23,1,2,.500,0,0,,1,2,.500,.500,0,0,,0,5,5,1,1,2,2,3,2,2.4,Chloe Long,https://www.sports-reference.com/cbb/players/chloe-long-1.html,jacksonville-state,2018-19
15,82,15,2019-01-12,Jacksonville State,,SIU Edwardsville,REG (Conf),L 47-51,*,26,1,2,.500,0,0,,1,2,.500,.500,0,0,,0,3,3,1,0,0,2,1,2,0.2,Chloe Long,https://www.sports-reference.com/cbb/players/chloe-long-1.html,jacksonville-state,2018-19
16,83,16,2019-01-17,Jacksonville State,,Belmont,REG (Conf),L 41-64,*,25,2,4,.500,0,0,,2,4,.500,.500,1,2,.500,1,3,4,0,0,4,3,2,5,3.2,Chloe Long,https://www.sports-reference.com/cbb/players/chloe-long-1.html,jacksonville-state,2018-19
17,84,17,2019-01-19,Jacksonville State,,Tennessee Tech,REG (Conf),L 49-66,*,26,3,4,.750,0,0,,3,4,.750,.750,1,2,.500,1,3,4,0,0,0,0,0,7,6.6,Chloe Long,https://www.sports-reference.com/cbb/players/chloe-long-1.html,jacksonville-state,2018-19
18,85,18,2019-01-24,Jacksonville State,@,Eastern Kentucky,REG (Conf),W 53-44,*,26,4,6,.667,0,0,,4,6,.667,.667,2,3,.667,2,0,2,0,0,0,2,2,10,5.6,Chloe Long,https://www.sports-reference.com/cbb/players/chloe-long-1.html,jacksonville-state,2018-19
19,86,19,2019-01-26,Jacksonville State,@,Morehead State,REG (Conf),L 55-66,*,22,1,3,.333,0,0,,1,3,.333,.333,0,0,,0,6,6,0,0,0,2,4,2,-1.5,Chloe Long,https://www.sports-reference.com/cbb/players/chloe-long-1.html,jacksonville-state,2018-19
20,87,20,2019-01-31,Jacksonville State,,Murray State,REG (Conf),L 59-64,*,20,1,2,.500,0,0,,1,2,.500,.500,0,0,,1,3,4,3,0,2,2,4,2,2.5,Chloe Long,https://www.sports-reference.com/cbb/players/chloe-long-1.html,jacksonville-state,2018-19
21,88,21,2019-02-02,Jacksonville State,,Austin Peay,REG (Conf),W 67-56,*,30,2,3,.667,0,0,,2,3,.667,.667,0,0,,2,4,6,1,1,2,1,2,4,6.6,Chloe Long,https://www.sports-reference.com/cbb/players/chloe-long-1.html,jacksonville-state,2018-19
22,89,22,2019-02-07,Jacksonville State,@,UT Martin,REG (Conf),L 72-77,,18,0,2,.000,0,0,,0,2,.000,.000,0,0,,1,2,3,0,0,2,1,2,0,-0.5,Chloe Long,https://www.sports-reference.com/cbb/players/chloe-long-1.html,jacksonville-state,2018-19
23,90,23,2019-02-09,Jacksonville State,@,Southeast Missouri State,REG (Conf),W 56-39,*,20,2,2,1.000,0,0,,2,2,1.000,1.000,2,4,.500,3,1,4,0,0,0,3,1,6,3.6,Chloe Long,https://www.sports-reference.com/cbb/players/chloe-long-1.html,jacksonville-state,2018-19
24,91,24,2019-02-14,Jacksonville State,@,Tennessee Tech,REG (Conf),L 59-62,*,23,1,2,.500,0,0,,1,2,.500,.500,1,1,1.000,1,2,3,1,3,5,3,2,3,6.7,Chloe Long,https://www.sports-reference.com/cbb/players/chloe-long-1.html,jacksonville-state,2018-19
25,92,25,2019-02-16,Jacksonville State,,Tennessee State,REG (Conf),W 76-73 (OT),*,34,2,6,.333,0,0,,2,6,.333,.333,1,3,.333,0,2,2,5,1,0,1,2,5,4.1,Chloe Long,https://www.sports-reference.com/cbb/players/chloe-long-1.html,jacksonville-state,2018-19
26,93,26,2019-02-21,Jacksonville State,,Morehead State,REG (Conf),W 68-57,*,30,2,4,.500,0,0,,2,4,.500,.500,1,2,.500,0,5,5,0,1,0,1,1,5,3.7,Chloe Long,https://www.sports-reference.com/cbb/players/chloe-long-1.html,jacksonville-state,2018-19
27,94,27,2019-02-23,Jacksonville State,,Eastern Kentucky,REG (Conf),W 69-64,*,20,1,5,.200,0,0,,1,5,.200,.200,0,0,,2,3,5,1,2,0,1,2,2,2.1,Chloe Long,https://www.sports-reference.com/cbb/players/chloe-long-1.html,jacksonville-state,2018-19
28,95,28,2019-02-28,Jacksonville State,@,Eastern Illinois,REG (Conf),L 49-52,*,16,2,5,.400,0,0,,2,5,.400,.400,2,2,1.000,1,4,5,1,2,1,1,2,6,6.8,Chloe Long,https://www.sports-reference.com/cbb/players/chloe-long-1.html,jacksonville-state,2018-19
29,96,29,2019-03-02,Jacksonville State,@,SIU Edwardsville,REG (Conf),W 68-61,*,32,3,6,.500,0,0,,3,6,.500,.500,0,0,,4,6,10,4,2,1,1,2,6,11.3,Chloe Long,https://www.sports-reference.com/cbb/players/chloe-long-1.html,jacksonville-state,2018-19
30,97,30,2019-03-06,Jacksonville State,@,Morehead State,CTOURN,L 60-77,*,27,3,6,.500,0,0,,3,6,.500,.500,0,0,,4,4,8,1,1,1,0,2,6,8.6,Chloe Long,https://www.sports-reference.com/cbb/players/chloe-long-1.html,jacksonville-state,2018-19
