ranker,player_game_num_career,team_game_num_season,date,team_name_abbr,game_location,opp_name_abbr,game_type,game_result,is_starter,mp,fg,fga,fg_pct,fg3,fg3a,fg3_pct,fg2,fg2a,fg2_pct,efg_pct,ft,fta,ft_pct,orb,drb,trb,ast,stl,blk,tov,pf,pts,game_score,player_name,player_sr_link,school,season
1,62,1,2018-11-06,Jacksonville State,@,Florida A&M,REG (Non-Conf),W 62-31,*,22,1,5,.200,0,4,.000,1,1,1.000,.200,4,4,1.000,0,6,6,1,2,0,3,2,6,3.6,Destiney Elliott,https://www.sports-reference.com/cbb/players/destiney-elliott-1.html,jacksonville-state,2018-19
2,63,2,2018-11-09,Jacksonville State,@,Texas Tech,REG (Non-Conf),L 58-71,*,24,5,12,.417,2,6,.333,3,6,.500,.500,2,2,1.000,2,5,7,2,1,0,1,4,14,10.3,Destiney Elliott,https://www.sports-reference.com/cbb/players/destiney-elliott-1.html,jacksonville-state,2018-19
3,64,3,2018-11-17,Jacksonville State,@,Lipscomb,REG (Non-Conf),W 58-46,*,22,0,8,.000,0,6,.000,0,2,.000,.000,0,0,,3,5,8,6,3,0,4,2,0,0.4,Destiney Elliott,https://www.sports-reference.com/cbb/players/destiney-elliott-1.html,jacksonville-state,2018-19
4,65,4,2018-11-23,Jacksonville State,@,Harvard,REG (Non-Conf),L 62-69,*,31,8,13,.615,5,10,.500,3,3,1.000,.808,3,6,.500,1,3,4,4,0,1,1,1,24,20.6,Destiney Elliott,https://www.sports-reference.com/cbb/players/destiney-elliott-1.html,jacksonville-state,2018-19
5,66,5,2018-11-24,Jacksonville State,@,Washington State,REG (Non-Conf),L 51-64,*,36,5,14,.357,4,11,.364,1,3,.333,.500,3,6,.500,0,0,0,2,1,2,1,3,17,9.6,Destiney Elliott,https://www.sports-reference.com/cbb/players/destiney-elliott-1.html,jacksonville-state,2018-19
6,67,6,2018-11-27,Jacksonville State,,Montevallo,REG (Non-Conf),W 84-52,*,26,7,16,.438,4,10,.400,3,6,.500,.563,0,0,,4,5,9,0,1,1,6,4,18,8.0,Destiney Elliott,https://www.sports-reference.com/cbb/players/destiney-elliott-1.html,jacksonville-state,2018-19
7,68,7,2018-12-02,Jacksonville State,@,Ole Miss,REG (Non-Conf),W 60-49,*,36,8,17,.471,2,8,.250,6,9,.667,.529,2,2,1.000,3,5,8,2,3,0,1,1,20,17.9,Destiney Elliott,https://www.sports-reference.com/cbb/players/destiney-elliott-1.html,jacksonville-state,2018-19
8,69,8,2018-12-12,Jacksonville State,@,Alabama A&M,REG (Non-Conf),W 55-48,*,27,3,12,.250,0,4,.000,3,8,.375,.250,1,4,.250,3,4,7,1,2,0,2,3,7,1.4,Destiney Elliott,https://www.sports-reference.com/cbb/players/destiney-elliott-1.html,jacksonville-state,2018-19
9,70,9,2018-12-15,Jacksonville State,,Georgia State,REG (Non-Conf),W 61-56 (OT),*,31,4,12,.333,3,9,.333,1,3,.333,.458,1,2,.500,2,6,8,3,2,0,7,3,12,3.9,Destiney Elliott,https://www.sports-reference.com/cbb/players/destiney-elliott-1.html,jacksonville-state,2018-19
10,71,10,2018-12-18,Jacksonville State,,Miami (OH),REG (Non-Conf),L 41-58,*,29,4,12,.333,1,4,.250,3,8,.375,.375,0,2,.000,1,4,5,0,0,0,1,4,9,0.7,Destiney Elliott,https://www.sports-reference.com/cbb/players/destiney-elliott-1.html,jacksonville-state,2018-19
11,72,11,2018-12-29,Jacksonville State,,Troy,REG (Non-Conf),L 63-89,*,29,5,12,.417,0,5,.000,5,7,.714,.417,1,1,1.000,2,4,6,2,0,0,6,3,11,1.4,Destiney Elliott,https://www.sports-reference.com/cbb/players/destiney-elliott-1.html,jacksonville-state,2018-19
12,73,12,2019-01-03,Jacksonville State,@,Belmont,REG (Conf),L 52-66,*,28,4,7,.571,2,4,.500,2,3,.667,.714,1,2,.500,1,6,7,4,1,0,3,3,11,9.4,Destiney Elliott,https://www.sports-reference.com/cbb/players/destiney-elliott-1.html,jacksonville-state,2018-19
13,74,13,2019-01-05,Jacksonville State,@,Tennessee State,REG (Conf),W 62-52,*,18,1,5,.200,0,2,.000,1,3,.333,.200,6,8,.750,1,2,3,3,0,0,1,4,8,4.9,Destiney Elliott,https://www.sports-reference.com/cbb/players/destiney-elliott-1.html,jacksonville-state,2018-19
14,75,14,2019-01-10,Jacksonville State,,Eastern Illinois,REG (Conf),W 78-49,*,19,2,8,.250,1,4,.250,1,4,.250,.313,3,4,.750,3,0,3,2,2,1,1,2,8,7.2,Destiney Elliott,https://www.sports-reference.com/cbb/players/destiney-elliott-1.html,jacksonville-state,2018-19
15,76,15,2019-01-12,Jacksonville State,,SIU Edwardsville,REG (Conf),L 47-51,*,30,4,15,.267,1,7,.143,3,8,.375,.300,0,0,,2,2,4,2,1,0,0,2,9,3.7,Destiney Elliott,https://www.sports-reference.com/cbb/players/destiney-elliott-1.html,jacksonville-state,2018-19
16,77,16,2019-01-17,Jacksonville State,,Belmont,REG (Conf),L 41-64,*,24,2,7,.286,0,3,.000,2,4,.500,.286,0,0,,0,2,2,0,0,2,0,1,4,1.5,Destiney Elliott,https://www.sports-reference.com/cbb/players/destiney-elliott-1.html,jacksonville-state,2018-19
17,78,17,2019-01-19,Jacksonville State,,Tennessee Tech,REG (Conf),L 49-66,*,26,3,10,.300,1,3,.333,2,7,.286,.350,2,2,1.000,2,2,4,0,1,0,4,3,9,1.0,Destiney Elliott,https://www.sports-reference.com/cbb/players/destiney-elliott-1.html,jacksonville-state,2018-19
18,79,18,2019-01-24,Jacksonville State,@,Eastern Kentucky,REG (Conf),W 53-44,*,25,1,11,.091,0,4,.000,1,7,.143,.091,2,4,.500,1,4,5,2,0,0,1,2,4,-2.6,Destiney Elliott,https://www.sports-reference.com/cbb/players/destiney-elliott-1.html,jacksonville-state,2018-19
19,80,19,2019-01-26,Jacksonville State,@,Morehead State,REG (Conf),L 55-66,*,34,6,18,.333,1,6,.167,5,12,.417,.361,4,4,1.000,3,4,7,1,2,0,2,2,17,10.0,Destiney Elliott,https://www.sports-reference.com/cbb/players/destiney-elliott-1.html,jacksonville-state,2018-19
20,81,20,2019-01-31,Jacksonville State,,Murray State,REG (Conf),L 59-64,*,24,3,16,.188,1,9,.111,2,7,.286,.219,2,2,1.000,1,1,2,1,0,1,2,1,9,-1.0,Destiney Elliott,https://www.sports-reference.com/cbb/players/destiney-elliott-1.html,jacksonville-state,2018-19
21,82,21,2019-02-02,Jacksonville State,,Austin Peay,REG (Conf),W 67-56,*,28,4,8,.500,2,3,.667,2,5,.400,.625,11,12,.917,2,2,4,0,0,0,3,4,21,14.0,Destiney Elliott,https://www.sports-reference.com/cbb/players/destiney-elliott-1.html,jacksonville-state,2018-19
22,83,22,2019-02-07,Jacksonville State,@,UT Martin,REG (Conf),L 72-77,*,36,6,15,.400,3,10,.300,3,5,.600,.500,3,4,.750,2,8,10,4,0,0,6,2,18,9.3,Destiney Elliott,https://www.sports-reference.com/cbb/players/destiney-elliott-1.html,jacksonville-state,2018-19
23,84,23,2019-02-09,Jacksonville State,@,Southeast Missouri State,REG (Conf),W 56-39,*,26,3,11,.273,1,6,.167,2,5,.400,.318,2,2,1.000,0,1,1,1,0,0,2,3,9,0.3,Destiney Elliott,https://www.sports-reference.com/cbb/players/destiney-elliott-1.html,jacksonville-state,2018-19
24,85,24,2019-02-14,Jacksonville State,@,Tennessee Tech,REG (Conf),L 59-62,*,26,2,10,.200,0,5,.000,2,5,.400,.200,2,4,.500,2,3,5,5,3,2,2,1,6,6.8,Destiney Elliott,https://www.sports-reference.com/cbb/players/destiney-elliott-1.html,jacksonville-state,2018-19
25,86,25,2019-02-16,Jacksonville State,,Tennessee State,REG (Conf),W 76-73 (OT),*,29,5,9,.556,2,3,.667,3,6,.500,.667,5,6,.833,2,3,5,1,1,0,3,1,17,12.9,Destiney Elliott,https://www.sports-reference.com/cbb/players/destiney-elliott-1.html,jacksonville-state,2018-19
26,87,26,2019-02-21,Jacksonville State,,Morehead State,REG (Conf),W 68-57,*,24,1,6,.167,1,5,.200,0,1,.000,.250,3,6,.500,0,4,4,0,2,0,1,4,6,1.6,Destiney Elliott,https://www.sports-reference.com/cbb/players/destiney-elliott-1.html,jacksonville-state,2018-19
27,88,27,2019-02-23,Jacksonville State,,Eastern Kentucky,REG (Conf),W 69-64,*,20,1,6,.167,1,5,.200,0,1,.000,.250,0,0,,1,2,3,0,1,0,1,0,3,0.5,Destiney Elliott,https://www.sports-reference.com/cbb/players/destiney-elliott-1.html,jacksonville-state,2018-19
28,89,28,2019-02-28,Jacksonville State,@,Eastern Illinois,REG (Conf),L 49-52,*,23,1,6,.167,1,6,.167,0,0,,.250,0,0,,5,2,7,2,0,0,4,1,3,0.3,Destiney Elliott,https://www.sports-reference.com/cbb/players/destiney-elliott-1.html,jacksonville-state,2018-19
29,90,29,2019-03-02,Jacksonville State,@,SIU Edwardsville,REG (Conf),W 68-61,*,26,6,13,.462,2,4,.500,4,9,.444,.538,7,8,.875,2,5,7,2,0,0,0,1,21,17.8,Destiney Elliott,https://www.sports-reference.com/cbb/players/destiney-elliott-1.html,jacksonville-state,2018-19
30,91,30,2019-03-06,Jacksonville State,@,Morehead State,CTOURN,L 60-77,*,24,3,11,.273,0,7,.000,3,4,.750,.273,0,0,,1,1,2,0,0,0,5,3,6,-5.7,Destiney Elliott,https://www.sports-reference.com/cbb/players/destiney-elliott-1.html,jacksonville-state,2018-19
