ranker,player_game_num_career,team_game_num_season,date,team_name_abbr,game_location,opp_name_abbr,game_type,game_result,is_starter,mp,fg,fga,fg_pct,fg3,fg3a,fg3_pct,fg2,fg2a,fg2_pct,efg_pct,ft,fta,ft_pct,orb,drb,trb,ast,stl,blk,tov,pf,pts,game_score,player_name,player_sr_link,school,season
1,19,1,2018-11-06,Jacksonville State,@,Florida A&M,REG (Non-Conf),W 62-31,,17,0,2,.000,0,2,.000,0,0,,.000,0,0,,2,4,6,1,0,0,0,1,0,1.5,Jayla Walker,https://www.sports-reference.com/cbb/players/jayla-walker-1.html,jacksonville-state,2018-19
2,20,2,2018-11-09,Jacksonville State,@,Texas Tech,REG (Non-Conf),L 58-71,,17,2,4,.500,2,4,.500,0,0,,.750,0,0,,0,0,0,0,1,0,1,1,6,3.6,Jayla Walker,https://www.sports-reference.com/cbb/players/jayla-walker-1.html,jacksonville-state,2018-19
3,21,3,2018-11-17,Jacksonville State,@,Lipscomb,REG (Non-Conf),W 58-46,,18,4,7,.571,3,6,.500,1,1,1.000,.786,0,0,,0,1,1,3,1,0,1,0,11,10.1,Jayla Walker,https://www.sports-reference.com/cbb/players/jayla-walker-1.html,jacksonville-state,2018-19
4,22,4,2018-11-23,Jacksonville State,@,Harvard,REG (Non-Conf),L 62-69,,2,0,1,.000,0,0,,0,1,.000,.000,0,0,,0,0,0,0,0,0,0,0,0,-0.7,Jayla Walker,https://www.sports-reference.com/cbb/players/jayla-walker-1.html,jacksonville-state,2018-19
5,23,7,2018-12-02,Jacksonville State,@,Ole Miss,REG (Non-Conf),W 60-49,,11,0,5,.000,0,3,.000,0,2,.000,.000,0,0,,0,0,0,0,0,0,0,1,0,-3.9,Jayla Walker,https://www.sports-reference.com/cbb/players/jayla-walker-1.html,jacksonville-state,2018-19
6,24,8,2018-12-12,Jacksonville State,@,Alabama A&M,REG (Non-Conf),W 55-48,,13,0,8,.000,0,2,.000,0,6,.000,.000,0,0,,1,0,1,0,0,0,1,2,0,-6.7,Jayla Walker,https://www.sports-reference.com/cbb/players/jayla-walker-1.html,jacksonville-state,2018-19
7,25,9,2018-12-15,Jacksonville State,,Georgia State,REG (Non-Conf),W 61-56 (OT),,14,0,1,.000,0,0,,0,1,.000,.000,0,0,,0,0,0,0,0,0,0,1,0,-1.1,Jayla Walker,https://www.sports-reference.com/cbb/players/jayla-walker-1.html,jacksonville-state,2018-19
8,26,10,2018-12-18,Jacksonville State,,Miami (OH),REG (Non-Conf),L 41-58,,16,1,3,.333,0,1,.000,1,2,.500,.333,0,1,.000,1,1,2,1,0,0,2,1,2,-0.8,Jayla Walker,https://www.sports-reference.com/cbb/players/jayla-walker-1.html,jacksonville-state,2018-19
9,27,11,2018-12-29,Jacksonville State,,Troy,REG (Non-Conf),L 63-89,,10,0,4,.000,0,0,,0,4,.000,.000,1,2,.500,1,1,2,0,1,0,2,0,1,-2.2,Jayla Walker,https://www.sports-reference.com/cbb/players/jayla-walker-1.html,jacksonville-state,2018-19
10,28,12,2019-01-03,Jacksonville State,@,Belmont,REG (Conf),L 52-66,,20,3,7,.429,2,5,.400,1,2,.500,.571,0,0,,1,1,2,0,0,1,2,1,8,3.6,Jayla Walker,https://www.sports-reference.com/cbb/players/jayla-walker-1.html,jacksonville-state,2018-19
11,29,13,2019-01-05,Jacksonville State,@,Tennessee State,REG (Conf),W 62-52,,22,4,9,.444,1,5,.200,3,4,.750,.500,1,1,1.000,0,5,5,0,0,1,4,2,10,2.7,Jayla Walker,https://www.sports-reference.com/cbb/players/jayla-walker-1.html,jacksonville-state,2018-19
12,30,14,2019-01-10,Jacksonville State,,Eastern Illinois,REG (Conf),W 78-49,,18,3,8,.375,0,4,.000,3,4,.750,.375,0,0,,1,3,4,0,1,1,0,1,6,4.5,Jayla Walker,https://www.sports-reference.com/cbb/players/jayla-walker-1.html,jacksonville-state,2018-19
13,31,15,2019-01-12,Jacksonville State,,SIU Edwardsville,REG (Conf),L 47-51,,14,2,6,.333,1,5,.200,1,1,1.000,.417,0,0,,1,0,1,0,0,0,0,0,5,2.3,Jayla Walker,https://www.sports-reference.com/cbb/players/jayla-walker-1.html,jacksonville-state,2018-19
14,32,16,2019-01-17,Jacksonville State,,Belmont,REG (Conf),L 41-64,,10,1,4,.250,0,1,.000,1,3,.333,.250,0,0,,0,1,1,0,2,0,2,0,2,-0.1,Jayla Walker,https://www.sports-reference.com/cbb/players/jayla-walker-1.html,jacksonville-state,2018-19
15,33,17,2019-01-19,Jacksonville State,,Tennessee Tech,REG (Conf),L 49-66,,11,0,3,.000,0,1,.000,0,2,.000,.000,0,2,.000,0,1,1,0,0,0,0,1,0,-3.0,Jayla Walker,https://www.sports-reference.com/cbb/players/jayla-walker-1.html,jacksonville-state,2018-19
16,34,18,2019-01-24,Jacksonville State,@,Eastern Kentucky,REG (Conf),W 53-44,,5,0,1,.000,0,0,,0,1,.000,.000,0,0,,0,0,0,1,0,0,0,0,0,0.0,Jayla Walker,https://www.sports-reference.com/cbb/players/jayla-walker-1.html,jacksonville-state,2018-19
17,35,19,2019-01-26,Jacksonville State,@,Morehead State,REG (Conf),L 55-66,,20,2,6,.333,2,5,.400,0,1,.000,.500,0,0,,0,1,1,1,1,0,1,0,6,3.6,Jayla Walker,https://www.sports-reference.com/cbb/players/jayla-walker-1.html,jacksonville-state,2018-19
18,36,20,2019-01-31,Jacksonville State,,Murray State,REG (Conf),L 59-64,,20,4,8,.500,2,6,.333,2,2,1.000,.625,0,0,,1,1,2,1,1,0,1,1,10,7.3,Jayla Walker,https://www.sports-reference.com/cbb/players/jayla-walker-1.html,jacksonville-state,2018-19
19,37,21,2019-02-02,Jacksonville State,,Austin Peay,REG (Conf),W 67-56,*,28,4,10,.400,2,5,.400,2,5,.400,.500,1,2,.500,1,2,3,1,0,1,1,1,11,6.5,Jayla Walker,https://www.sports-reference.com/cbb/players/jayla-walker-1.html,jacksonville-state,2018-19
20,38,22,2019-02-07,Jacksonville State,@,UT Martin,REG (Conf),L 72-77,*,12,0,3,.000,0,2,.000,0,1,.000,.000,0,0,,0,1,1,2,0,0,2,5,0,-4.4,Jayla Walker,https://www.sports-reference.com/cbb/players/jayla-walker-1.html,jacksonville-state,2018-19
21,39,23,2019-02-09,Jacksonville State,@,Southeast Missouri State,REG (Conf),W 56-39,*,19,1,5,.200,1,4,.250,0,1,.000,.300,0,0,,0,3,3,0,0,1,0,0,3,1.5,Jayla Walker,https://www.sports-reference.com/cbb/players/jayla-walker-1.html,jacksonville-state,2018-19
22,40,24,2019-02-14,Jacksonville State,@,Tennessee Tech,REG (Conf),L 59-62,*,21,3,4,.750,0,1,.000,3,3,1.000,.750,1,1,1.000,0,0,0,0,0,0,2,2,7,2.6,Jayla Walker,https://www.sports-reference.com/cbb/players/jayla-walker-1.html,jacksonville-state,2018-19
23,41,25,2019-02-16,Jacksonville State,,Tennessee State,REG (Conf),W 76-73 (OT),*,23,1,6,.167,1,2,.500,0,4,.000,.250,0,0,,0,2,2,0,0,0,0,1,3,-0.6,Jayla Walker,https://www.sports-reference.com/cbb/players/jayla-walker-1.html,jacksonville-state,2018-19
24,42,26,2019-02-21,Jacksonville State,,Morehead State,REG (Conf),W 68-57,*,11,1,1,1.000,0,0,,1,1,1.000,1.000,0,0,,0,0,0,1,1,0,0,0,2,3.4,Jayla Walker,https://www.sports-reference.com/cbb/players/jayla-walker-1.html,jacksonville-state,2018-19
25,43,27,2019-02-23,Jacksonville State,,Eastern Kentucky,REG (Conf),W 69-64,*,16,0,1,.000,0,1,.000,0,0,,.000,0,0,,1,0,1,1,0,0,1,0,0,-0.3,Jayla Walker,https://www.sports-reference.com/cbb/players/jayla-walker-1.html,jacksonville-state,2018-19
26,44,28,2019-02-28,Jacksonville State,@,Eastern Illinois,REG (Conf),L 49-52,*,20,2,8,.250,2,8,.250,0,0,,.375,0,0,,1,1,2,1,0,1,0,0,6,3.6,Jayla Walker,https://www.sports-reference.com/cbb/players/jayla-walker-1.html,jacksonville-state,2018-19
27,45,29,2019-03-02,Jacksonville State,@,SIU Edwardsville,REG (Conf),W 68-61,*,20,4,4,1.000,1,1,1.000,3,3,1.000,1.125,0,0,,0,1,1,1,0,0,1,0,9,7.8,Jayla Walker,https://www.sports-reference.com/cbb/players/jayla-walker-1.html,jacksonville-state,2018-19
28,46,30,2019-03-06,Jacksonville State,@,Morehead State,CTOURN,L 60-77,*,21,0,5,.000,0,5,.000,0,0,,.000,1,2,.500,0,1,1,0,0,0,0,1,1,-3.0,Jayla Walker,https://www.sports-reference.com/cbb/players/jayla-walker-1.html,jacksonville-state,2018-19
