ranker,player_game_num_career,team_game_num_season,date,team_name_abbr,game_location,opp_name_abbr,game_type,game_result,is_starter,mp,fg,fga,fg_pct,fg3,fg3a,fg3_pct,fg2,fg2a,fg2_pct,efg_pct,ft,fta,ft_pct,orb,drb,trb,ast,stl,blk,tov,pf,pts,game_score,player_name,player_sr_link,school,season
1,19,1,2018-11-06,Jacksonville State,@,Florida A&M,REG (Non-Conf),W 62-31,,16,2,5,.400,0,1,.000,2,4,.500,.400,0,0,,4,2,6,0,0,0,2,4,4,1.1,Jessie Day,https://www.sports-reference.com/cbb/players/jessie-day-1.html,jacksonville-state,2018-19
2,20,2,2018-11-09,Jacksonville State,@,Texas Tech,REG (Non-Conf),L 58-71,,20,2,8,.250,2,4,.500,0,4,.000,.375,1,2,.500,0,0,0,0,1,0,0,1,7,2.4,Jessie Day,https://www.sports-reference.com/cbb/players/jessie-day-1.html,jacksonville-state,2018-19
3,21,3,2018-11-17,Jacksonville State,@,Lipscomb,REG (Non-Conf),W 58-46,*,26,3,4,.750,1,1,1.000,2,3,.667,.875,0,2,.000,1,2,3,1,0,1,2,1,7,4.9,Jessie Day,https://www.sports-reference.com/cbb/players/jessie-day-1.html,jacksonville-state,2018-19
4,22,4,2018-11-23,Jacksonville State,@,Harvard,REG (Non-Conf),L 62-69,,21,1,3,.333,1,2,.500,0,1,.000,.500,0,0,,1,4,5,0,0,0,0,2,3,2.4,Jessie Day,https://www.sports-reference.com/cbb/players/jessie-day-1.html,jacksonville-state,2018-19
5,23,5,2018-11-24,Jacksonville State,@,Washington State,REG (Non-Conf),L 51-64,*,14,0,2,.000,0,1,.000,0,1,.000,.000,1,2,.500,1,1,2,0,2,0,0,2,1,1.4,Jessie Day,https://www.sports-reference.com/cbb/players/jessie-day-1.html,jacksonville-state,2018-19
6,24,6,2018-11-27,Jacksonville State,,Montevallo,REG (Non-Conf),W 84-52,*,17,0,3,.000,0,0,,0,3,.000,.000,0,0,,2,0,2,1,0,0,0,4,0,-1.6,Jessie Day,https://www.sports-reference.com/cbb/players/jessie-day-1.html,jacksonville-state,2018-19
7,25,7,2018-12-02,Jacksonville State,@,Ole Miss,REG (Non-Conf),W 60-49,,13,1,3,.333,0,0,,1,3,.333,.333,0,0,,1,1,2,1,0,0,0,3,2,0.8,Jessie Day,https://www.sports-reference.com/cbb/players/jessie-day-1.html,jacksonville-state,2018-19
8,26,8,2018-12-12,Jacksonville State,@,Alabama A&M,REG (Non-Conf),W 55-48,,6,1,1,1.000,0,0,,1,1,1.000,1.000,0,0,,0,1,1,0,0,0,0,0,2,2.0,Jessie Day,https://www.sports-reference.com/cbb/players/jessie-day-1.html,jacksonville-state,2018-19
9,27,9,2018-12-15,Jacksonville State,,Georgia State,REG (Non-Conf),W 61-56 (OT),,13,1,3,.333,0,2,.000,1,1,1.000,.333,1,2,.500,1,4,5,1,1,1,2,1,3,2.8,Jessie Day,https://www.sports-reference.com/cbb/players/jessie-day-1.html,jacksonville-state,2018-19
10,28,10,2018-12-18,Jacksonville State,,Miami (OH),REG (Non-Conf),L 41-58,,20,2,4,.500,0,2,.000,2,2,1.000,.500,0,0,,1,2,3,0,0,0,4,1,4,-1.1,Jessie Day,https://www.sports-reference.com/cbb/players/jessie-day-1.html,jacksonville-state,2018-19
11,29,11,2018-12-29,Jacksonville State,,Troy,REG (Non-Conf),L 63-89,,24,2,6,.333,0,2,.000,2,4,.500,.333,5,6,.833,1,2,3,1,2,0,1,5,9,6.2,Jessie Day,https://www.sports-reference.com/cbb/players/jessie-day-1.html,jacksonville-state,2018-19
12,30,12,2019-01-03,Jacksonville State,@,Belmont,REG (Conf),L 52-66,,15,0,2,.000,0,0,,0,2,.000,.000,0,0,,0,2,2,0,1,0,2,3,0,-3.0,Jessie Day,https://www.sports-reference.com/cbb/players/jessie-day-1.html,jacksonville-state,2018-19
13,31,13,2019-01-05,Jacksonville State,@,Tennessee State,REG (Conf),W 62-52,,14,1,2,.500,0,0,,1,2,.500,.500,0,0,,0,2,2,0,0,0,1,2,2,-0.2,Jessie Day,https://www.sports-reference.com/cbb/players/jessie-day-1.html,jacksonville-state,2018-19
14,32,14,2019-01-10,Jacksonville State,,Eastern Illinois,REG (Conf),W 78-49,,19,2,3,.667,0,0,,2,3,.667,.667,1,4,.250,3,3,6,2,1,0,1,2,5,6.1,Jessie Day,https://www.sports-reference.com/cbb/players/jessie-day-1.html,jacksonville-state,2018-19
15,33,15,2019-01-12,Jacksonville State,,SIU Edwardsville,REG (Conf),L 47-51,,11,1,1,1.000,1,1,1.000,0,0,,1.500,1,2,.500,0,1,1,0,0,0,0,3,4,2.4,Jessie Day,https://www.sports-reference.com/cbb/players/jessie-day-1.html,jacksonville-state,2018-19
16,34,16,2019-01-17,Jacksonville State,,Belmont,REG (Conf),L 41-64,,16,1,4,.250,0,2,.000,1,2,.500,.250,1,1,1.000,0,3,3,0,1,0,1,2,3,0.7,Jessie Day,https://www.sports-reference.com/cbb/players/jessie-day-1.html,jacksonville-state,2018-19
17,35,17,2019-01-19,Jacksonville State,,Tennessee Tech,REG (Conf),L 49-66,,14,2,6,.333,0,0,,2,6,.333,.333,1,1,1.000,1,0,1,0,0,0,0,1,5,1.9,Jessie Day,https://www.sports-reference.com/cbb/players/jessie-day-1.html,jacksonville-state,2018-19
18,36,18,2019-01-24,Jacksonville State,@,Eastern Kentucky,REG (Conf),W 53-44,,20,2,5,.400,0,2,.000,2,3,.667,.400,0,0,,1,3,4,0,2,0,0,0,4,4.9,Jessie Day,https://www.sports-reference.com/cbb/players/jessie-day-1.html,jacksonville-state,2018-19
19,37,19,2019-01-26,Jacksonville State,@,Morehead State,REG (Conf),L 55-66,,14,0,1,.000,0,0,,0,1,.000,.000,1,2,.500,0,2,2,0,0,0,1,2,1,-1.3,Jessie Day,https://www.sports-reference.com/cbb/players/jessie-day-1.html,jacksonville-state,2018-19
20,38,20,2019-01-31,Jacksonville State,,Murray State,REG (Conf),L 59-64,,27,2,4,.500,0,0,,2,4,.500,.500,0,0,,0,5,5,1,1,0,2,3,4,2.0,Jessie Day,https://www.sports-reference.com/cbb/players/jessie-day-1.html,jacksonville-state,2018-19
21,39,21,2019-02-02,Jacksonville State,,Austin Peay,REG (Conf),W 67-56,,15,2,5,.400,0,1,.000,2,4,.500,.400,0,0,,1,1,2,0,1,1,1,0,4,3.0,Jessie Day,https://www.sports-reference.com/cbb/players/jessie-day-1.html,jacksonville-state,2018-19
22,40,22,2019-02-07,Jacksonville State,@,UT Martin,REG (Conf),L 72-77,*,22,2,3,.667,0,0,,2,3,.667,.667,0,0,,2,4,6,0,1,0,2,3,4,3.1,Jessie Day,https://www.sports-reference.com/cbb/players/jessie-day-1.html,jacksonville-state,2018-19
23,41,23,2019-02-09,Jacksonville State,@,Southeast Missouri State,REG (Conf),W 56-39,,19,1,5,.200,0,0,,1,5,.200,.200,0,0,,3,1,4,0,0,0,2,1,2,-1.1,Jessie Day,https://www.sports-reference.com/cbb/players/jessie-day-1.html,jacksonville-state,2018-19
24,42,24,2019-02-14,Jacksonville State,@,Tennessee Tech,REG (Conf),L 59-62,,8,0,0,,0,0,,0,0,,,0,0,,0,1,1,0,0,1,2,1,0,-1.4,Jessie Day,https://www.sports-reference.com/cbb/players/jessie-day-1.html,jacksonville-state,2018-19
25,43,25,2019-02-16,Jacksonville State,,Tennessee State,REG (Conf),W 76-73 (OT),,10,1,1,1.000,0,0,,1,1,1.000,1.000,0,0,,0,0,0,0,1,0,0,3,2,1.5,Jessie Day,https://www.sports-reference.com/cbb/players/jessie-day-1.html,jacksonville-state,2018-19
26,44,26,2019-02-21,Jacksonville State,,Morehead State,REG (Conf),W 68-57,,4,0,1,.000,0,1,.000,0,0,,.000,0,0,,0,0,0,0,1,0,0,2,0,-0.5,Jessie Day,https://www.sports-reference.com/cbb/players/jessie-day-1.html,jacksonville-state,2018-19
27,45,27,2019-02-23,Jacksonville State,,Eastern Kentucky,REG (Conf),W 69-64,,17,0,2,.000,0,1,.000,0,1,.000,.000,1,2,.500,0,2,2,1,0,0,3,2,1,-3.3,Jessie Day,https://www.sports-reference.com/cbb/players/jessie-day-1.html,jacksonville-state,2018-19
28,46,28,2019-02-28,Jacksonville State,@,Eastern Illinois,REG (Conf),L 49-52,,22,0,2,.000,0,1,.000,0,1,.000,.000,0,0,,3,1,4,2,1,0,0,2,0,2.6,Jessie Day,https://www.sports-reference.com/cbb/players/jessie-day-1.html,jacksonville-state,2018-19
29,47,29,2019-03-02,Jacksonville State,@,SIU Edwardsville,REG (Conf),W 68-61,,8,1,5,.200,0,1,.000,1,4,.250,.200,0,0,,0,1,1,0,1,0,0,3,2,-1.0,Jessie Day,https://www.sports-reference.com/cbb/players/jessie-day-1.html,jacksonville-state,2018-19
