ranker,player_game_num_career,team_game_num_season,date,team_name_abbr,game_location,opp_name_abbr,game_type,game_result,is_starter,mp,fg,fga,fg_pct,fg3,fg3a,fg3_pct,fg2,fg2a,fg2_pct,efg_pct,ft,fta,ft_pct,orb,drb,trb,ast,stl,blk,tov,pf,pts,game_score,player_name,player_sr_link,school,season
1,32,1,2018-11-06,Jacksonville State,@,Florida A&M,REG (Non-Conf),W 62-31,*,19,0,1,.000,0,0,,0,1,.000,.000,1,2,.500,0,1,1,0,1,0,2,1,1,-1.2,Kiana Johnson,https://www.sports-reference.com/cbb/players/kiana-johnson-2.html,jacksonville-state,2018-19
2,33,2,2018-11-09,Jacksonville State,@,Texas Tech,REG (Non-Conf),L 58-71,*,21,2,5,.400,0,0,,2,5,.400,.400,0,0,,3,0,3,0,2,0,1,1,4,4.0,Kiana Johnson,https://www.sports-reference.com/cbb/players/kiana-johnson-2.html,jacksonville-state,2018-19
3,34,3,2018-11-17,Jacksonville State,@,Lipscomb,REG (Non-Conf),W 58-46,*,20,1,6,.167,0,0,,1,6,.167,.167,0,0,,1,1,2,0,1,0,2,1,2,-2.2,Kiana Johnson,https://www.sports-reference.com/cbb/players/kiana-johnson-2.html,jacksonville-state,2018-19
4,35,4,2018-11-23,Jacksonville State,@,Harvard,REG (Non-Conf),L 62-69,*,29,4,9,.444,0,0,,4,9,.444,.444,0,0,,3,0,3,3,4,1,3,1,8,8.8,Kiana Johnson,https://www.sports-reference.com/cbb/players/kiana-johnson-2.html,jacksonville-state,2018-19
5,36,5,2018-11-24,Jacksonville State,@,Washington State,REG (Non-Conf),L 51-64,*,19,3,7,.429,0,0,,3,7,.429,.429,0,0,,1,2,3,1,2,0,2,1,6,3.9,Kiana Johnson,https://www.sports-reference.com/cbb/players/kiana-johnson-2.html,jacksonville-state,2018-19
6,37,6,2018-11-27,Jacksonville State,,Montevallo,REG (Non-Conf),W 84-52,*,27,1,3,.333,0,0,,1,3,.333,.333,1,1,1.000,3,3,6,2,2,0,2,1,3,5.3,Kiana Johnson,https://www.sports-reference.com/cbb/players/kiana-johnson-2.html,jacksonville-state,2018-19
7,38,16,2019-01-17,Jacksonville State,,Belmont,REG (Conf),L 41-64,,18,1,2,.500,0,0,,1,2,.500,.500,1,2,.500,0,1,1,1,0,1,0,2,3,2.5,Kiana Johnson,https://www.sports-reference.com/cbb/players/kiana-johnson-2.html,jacksonville-state,2018-19
8,39,17,2019-01-19,Jacksonville State,,Tennessee Tech,REG (Conf),L 49-66,,13,1,3,.333,0,1,.000,1,2,.500,.333,0,0,,0,0,0,1,0,0,0,0,2,1.0,Kiana Johnson,https://www.sports-reference.com/cbb/players/kiana-johnson-2.html,jacksonville-state,2018-19
9,40,18,2019-01-24,Jacksonville State,@,Eastern Kentucky,REG (Conf),W 53-44,,13,0,1,.000,0,0,,0,1,.000,.000,0,0,,0,0,0,1,1,0,1,1,0,-0.4,Kiana Johnson,https://www.sports-reference.com/cbb/players/kiana-johnson-2.html,jacksonville-state,2018-19
10,41,19,2019-01-26,Jacksonville State,@,Morehead State,REG (Conf),L 55-66,,4,0,2,.000,0,0,,0,2,.000,.000,0,0,,0,0,0,0,0,0,0,0,0,-1.4,Kiana Johnson,https://www.sports-reference.com/cbb/players/kiana-johnson-2.html,jacksonville-state,2018-19
11,42,21,2019-02-02,Jacksonville State,,Austin Peay,REG (Conf),W 67-56,,7,1,1,1.000,0,0,,1,1,1.000,1.000,0,0,,0,0,0,0,0,0,0,1,2,1.3,Kiana Johnson,https://www.sports-reference.com/cbb/players/kiana-johnson-2.html,jacksonville-state,2018-19
12,43,22,2019-02-07,Jacksonville State,@,UT Martin,REG (Conf),L 72-77,,18,4,4,1.000,0,0,,4,4,1.000,1.000,1,2,.500,1,0,1,1,0,0,3,2,9,5.0,Kiana Johnson,https://www.sports-reference.com/cbb/players/kiana-johnson-2.html,jacksonville-state,2018-19
13,44,23,2019-02-09,Jacksonville State,@,Southeast Missouri State,REG (Conf),W 56-39,,5,0,1,.000,0,0,,0,1,.000,.000,0,0,,0,0,0,0,0,0,0,1,0,-1.1,Kiana Johnson,https://www.sports-reference.com/cbb/players/kiana-johnson-2.html,jacksonville-state,2018-19
14,45,24,2019-02-14,Jacksonville State,@,Tennessee Tech,REG (Conf),L 59-62,,8,1,3,.333,0,0,,1,3,.333,.333,0,0,,0,0,0,0,0,0,0,0,2,0.3,Kiana Johnson,https://www.sports-reference.com/cbb/players/kiana-johnson-2.html,jacksonville-state,2018-19
15,46,25,2019-02-16,Jacksonville State,,Tennessee State,REG (Conf),W 76-73 (OT),,4,0,0,,0,0,,0,0,,,0,0,,0,0,0,0,0,0,1,0,0,-1.0,Kiana Johnson,https://www.sports-reference.com/cbb/players/kiana-johnson-2.html,jacksonville-state,2018-19
16,47,26,2019-02-21,Jacksonville State,,Morehead State,REG (Conf),W 68-57,,9,0,4,.000,0,0,,0,4,.000,.000,3,4,.750,0,2,2,0,0,0,1,1,3,-1.0,Kiana Johnson,https://www.sports-reference.com/cbb/players/kiana-johnson-2.html,jacksonville-state,2018-19
17,48,27,2019-02-23,Jacksonville State,,Eastern Kentucky,REG (Conf),W 69-64,,4,0,2,.000,0,0,,0,2,.000,.000,0,0,,0,0,0,0,1,0,0,0,0,-0.4,Kiana Johnson,https://www.sports-reference.com/cbb/players/kiana-johnson-2.html,jacksonville-state,2018-19
18,49,28,2019-02-28,Jacksonville State,@,Eastern Illinois,REG (Conf),L 49-52,,1,0,0,,0,0,,0,0,,,0,0,,0,1,1,0,0,0,1,0,0,-0.7,Kiana Johnson,https://www.sports-reference.com/cbb/players/kiana-johnson-2.html,jacksonville-state,2018-19
19,50,29,2019-03-02,Jacksonville State,@,SIU Edwardsville,REG (Conf),W 68-61,,13,3,4,.750,0,0,,3,4,.750,.750,0,0,,2,0,2,0,1,0,2,0,6,4.8,Kiana Johnson,https://www.sports-reference.com/cbb/players/kiana-johnson-2.html,jacksonville-state,2018-19
20,51,30,2019-03-06,Jacksonville State,@,Morehead State,CTOURN,L 60-77,,15,0,2,.000,0,0,,0,2,.000,.000,0,0,,1,1,2,1,0,0,0,0,0,0.3,Kiana Johnson,https://www.sports-reference.com/cbb/players/kiana-johnson-2.html,jacksonville-state,2018-19
