ranker,player_game_num_career,team_game_num_season,date,team_name_abbr,game_location,opp_name_abbr,game_type,game_result,is_starter,mp,fg,fga,fg_pct,fg3,fg3a,fg3_pct,fg2,fg2a,fg2_pct,efg_pct,ft,fta,orb,drb,trb,ast,stl,blk,tov,pf,pts,game_score,player_name,player_sr_link,school,season
1,18,14,2019-01-10,Jacksonville State,,Eastern Illinois,REG (Conf),W 78-49,,6,0,2,.000,0,1,.000,0,1,.000,.000,0,0,0,0,0,0,0,0,0,1,0,-1.8,McKenna Lawrence,https://www.sports-reference.com/cbb/players/mckenna-lawrence-1.html,jacksonville-state,2018-19
2,19,16,2019-01-17,Jacksonville State,,Belmont,REG (Conf),L 41-64,,2,0,0,,0,0,,0,0,,,0,0,1,0,1,0,0,0,0,0,0,0.7,McKenna Lawrence,https://www.sports-reference.com/cbb/players/mckenna-lawrence-1.html,jacksonville-state,2018-19
3,20,20,2019-01-31,Jacksonville State,,Murray State,REG (Conf),L 59-64,,11,1,5,.200,1,5,.200,0,0,,.300,0,0,1,1,2,0,0,0,1,0,3,-0.1,McKenna Lawrence,https://www.sports-reference.com/cbb/players/mckenna-lawrence-1.html,jacksonville-state,2018-19
4,21,21,2019-02-02,Jacksonville State,,Austin Peay,REG (Conf),W 67-56,,1,0,0,,0,0,,0,0,,,0,0,0,0,0,0,0,0,0,0,0,0.0,McKenna Lawrence,https://www.sports-reference.com/cbb/players/mckenna-lawrence-1.html,jacksonville-state,2018-19
5,22,27,2019-02-23,Jacksonville State,,Eastern Kentucky,REG (Conf),W 69-64,,11,3,4,.750,3,4,.750,0,0,,1.125,0,0,0,0,0,0,0,0,1,1,9,6.0,McKenna Lawrence,https://www.sports-reference.com/cbb/players/mckenna-lawrence-1.html,jacksonville-state,2018-19
6,23,28,2019-02-28,Jacksonville State,@,Eastern Illinois,REG (Conf),L 49-52,,13,2,5,.400,2,5,.400,0,0,,.600,0,0,1,0,1,0,1,0,2,1,6,2.6,McKenna Lawrence,https://www.sports-reference.com/cbb/players/mckenna-lawrence-1.html,jacksonville-state,2018-19
