ranker,player_game_num_career,team_game_num_season,date,team_name_abbr,game_location,opp_name_abbr,game_type,game_result,is_starter,mp,fg,fga,fg_pct,fg3,fg3a,fg3_pct,fg2,fg2a,fg2_pct,efg_pct,ft,fta,ft_pct,orb,drb,trb,ast,stl,blk,tov,pf,pts,game_score,player_name,player_sr_link,school,season
1,80,1,2018-11-06,Jacksonville State,@,Florida A&M,REG (Non-Conf),W 62-31,*,19,5,10,.500,0,0,,5,10,.500,.500,4,5,.800,4,6,10,1,1,1,5,2,14,9.8,Rayven Pearson,https://www.sports-reference.com/cbb/players/rayven-pearson-1.html,jacksonville-state,2018-19
2,81,2,2018-11-09,Jacksonville State,@,Texas Tech,REG (Non-Conf),L 58-71,*,23,5,9,.556,0,0,,5,9,.556,.556,0,0,,1,2,3,1,0,2,0,3,10,7.9,Rayven Pearson,https://www.sports-reference.com/cbb/players/rayven-pearson-1.html,jacksonville-state,2018-19
3,82,3,2018-11-17,Jacksonville State,@,Lipscomb,REG (Non-Conf),W 58-46,*,28,2,7,.286,0,0,,2,7,.286,.286,2,4,.500,4,6,10,0,2,4,3,2,6,6.7,Rayven Pearson,https://www.sports-reference.com/cbb/players/rayven-pearson-1.html,jacksonville-state,2018-19
4,83,4,2018-11-23,Jacksonville State,@,Harvard,REG (Non-Conf),L 62-69,*,29,6,13,.462,0,0,,6,13,.462,.462,2,4,.500,7,5,12,0,1,2,1,4,14,12.7,Rayven Pearson,https://www.sports-reference.com/cbb/players/rayven-pearson-1.html,jacksonville-state,2018-19
5,84,5,2018-11-24,Jacksonville State,@,Washington State,REG (Non-Conf),L 51-64,*,24,3,6,.500,0,0,,3,6,.500,.500,3,4,.750,6,6,12,1,0,1,1,3,9,10.8,Rayven Pearson,https://www.sports-reference.com/cbb/players/rayven-pearson-1.html,jacksonville-state,2018-19
6,85,6,2018-11-27,Jacksonville State,,Montevallo,REG (Non-Conf),W 84-52,*,28,3,8,.375,0,0,,3,8,.375,.375,4,6,.667,2,8,10,0,1,2,3,2,10,7.2,Rayven Pearson,https://www.sports-reference.com/cbb/players/rayven-pearson-1.html,jacksonville-state,2018-19
7,86,7,2018-12-02,Jacksonville State,@,Ole Miss,REG (Non-Conf),W 60-49,*,32,5,7,.714,0,0,,5,7,.714,.714,1,6,.167,4,5,9,2,0,2,0,2,11,12.4,Rayven Pearson,https://www.sports-reference.com/cbb/players/rayven-pearson-1.html,jacksonville-state,2018-19
8,87,8,2018-12-12,Jacksonville State,@,Alabama A&M,REG (Non-Conf),W 55-48,*,23,3,5,.600,0,0,,3,5,.600,.600,4,6,.667,5,3,8,1,0,0,3,4,10,7.4,Rayven Pearson,https://www.sports-reference.com/cbb/players/rayven-pearson-1.html,jacksonville-state,2018-19
9,88,9,2018-12-15,Jacksonville State,,Georgia State,REG (Non-Conf),W 61-56 (OT),*,20,4,6,.667,0,0,,4,6,.667,.667,0,0,,2,3,5,2,0,1,1,5,8,6.8,Rayven Pearson,https://www.sports-reference.com/cbb/players/rayven-pearson-1.html,jacksonville-state,2018-19
10,89,10,2018-12-18,Jacksonville State,,Miami (OH),REG (Non-Conf),L 41-58,*,30,8,12,.667,0,0,,8,12,.667,.667,1,1,1.000,3,9,12,0,0,4,1,1,17,18.0,Rayven Pearson,https://www.sports-reference.com/cbb/players/rayven-pearson-1.html,jacksonville-state,2018-19
11,90,12,2019-01-03,Jacksonville State,@,Belmont,REG (Conf),L 52-66,,23,1,5,.200,0,0,,1,5,.200,.200,1,2,.500,4,5,9,2,0,1,3,0,3,2.9,Rayven Pearson,https://www.sports-reference.com/cbb/players/rayven-pearson-1.html,jacksonville-state,2018-19
12,91,13,2019-01-05,Jacksonville State,@,Tennessee State,REG (Conf),W 62-52,*,19,4,8,.500,0,0,,4,8,.500,.500,3,4,.750,4,7,11,0,1,0,1,1,11,11.1,Rayven Pearson,https://www.sports-reference.com/cbb/players/rayven-pearson-1.html,jacksonville-state,2018-19
13,92,14,2019-01-10,Jacksonville State,,Eastern Illinois,REG (Conf),W 78-49,*,22,3,6,.500,0,0,,3,6,.500,.500,2,2,1.000,1,3,4,0,0,0,2,3,8,3.4,Rayven Pearson,https://www.sports-reference.com/cbb/players/rayven-pearson-1.html,jacksonville-state,2018-19
14,93,15,2019-01-12,Jacksonville State,,SIU Edwardsville,REG (Conf),L 47-51,*,30,2,7,.286,0,0,,2,7,.286,.286,5,9,.556,5,7,12,2,1,1,1,1,9,10.6,Rayven Pearson,https://www.sports-reference.com/cbb/players/rayven-pearson-1.html,jacksonville-state,2018-19
15,94,16,2019-01-17,Jacksonville State,,Belmont,REG (Conf),L 41-64,*,29,3,10,.300,0,0,,3,10,.300,.300,2,5,.400,4,4,8,1,0,1,1,2,8,4.6,Rayven Pearson,https://www.sports-reference.com/cbb/players/rayven-pearson-1.html,jacksonville-state,2018-19
16,95,17,2019-01-19,Jacksonville State,,Tennessee Tech,REG (Conf),L 49-66,*,30,6,12,.500,0,0,,6,12,.500,.500,1,1,1.000,4,11,15,1,0,2,3,2,13,11.4,Rayven Pearson,https://www.sports-reference.com/cbb/players/rayven-pearson-1.html,jacksonville-state,2018-19
17,96,18,2019-01-24,Jacksonville State,@,Eastern Kentucky,REG (Conf),W 53-44,*,29,1,8,.125,0,0,,1,8,.125,.125,3,4,.750,2,11,13,1,1,3,3,0,5,4.9,Rayven Pearson,https://www.sports-reference.com/cbb/players/rayven-pearson-1.html,jacksonville-state,2018-19
18,97,19,2019-01-26,Jacksonville State,@,Morehead State,REG (Conf),L 55-66,*,25,3,5,.600,0,0,,3,5,.600,.600,0,0,,4,9,13,2,1,0,3,2,6,7.8,Rayven Pearson,https://www.sports-reference.com/cbb/players/rayven-pearson-1.html,jacksonville-state,2018-19
19,98,20,2019-01-31,Jacksonville State,,Murray State,REG (Conf),L 59-64,*,25,4,6,.667,0,0,,4,6,.667,.667,1,2,.500,4,3,7,2,2,2,3,4,9,9.9,Rayven Pearson,https://www.sports-reference.com/cbb/players/rayven-pearson-1.html,jacksonville-state,2018-19
20,99,21,2019-02-02,Jacksonville State,,Austin Peay,REG (Conf),W 67-56,*,29,6,13,.462,0,0,,6,13,.462,.462,1,1,1.000,3,13,16,0,1,2,4,3,13,9.5,Rayven Pearson,https://www.sports-reference.com/cbb/players/rayven-pearson-1.html,jacksonville-state,2018-19
21,100,22,2019-02-07,Jacksonville State,@,UT Martin,REG (Conf),L 72-77,*,31,7,12,.583,0,0,,7,12,.583,.583,5,6,.833,6,5,11,1,1,2,1,3,19,19.6,Rayven Pearson,https://www.sports-reference.com/cbb/players/rayven-pearson-1.html,jacksonville-state,2018-19
22,101,23,2019-02-09,Jacksonville State,@,Southeast Missouri State,REG (Conf),W 56-39,*,23,3,9,.333,0,0,,3,9,.333,.333,4,8,.500,9,6,15,0,2,1,6,2,10,7.3,Rayven Pearson,https://www.sports-reference.com/cbb/players/rayven-pearson-1.html,jacksonville-state,2018-19
23,102,24,2019-02-14,Jacksonville State,@,Tennessee Tech,REG (Conf),L 59-62,*,18,4,6,.667,0,0,,4,6,.667,.667,0,0,,2,4,6,1,1,2,4,5,8,5.1,Rayven Pearson,https://www.sports-reference.com/cbb/players/rayven-pearson-1.html,jacksonville-state,2018-19
24,103,25,2019-02-16,Jacksonville State,,Tennessee State,REG (Conf),W 76-73 (OT),*,33,3,4,.750,0,0,,3,4,.750,.750,1,2,.500,0,5,5,3,1,1,1,2,7,8.5,Rayven Pearson,https://www.sports-reference.com/cbb/players/rayven-pearson-1.html,jacksonville-state,2018-19
25,104,26,2019-02-21,Jacksonville State,,Morehead State,REG (Conf),W 68-57,*,36,5,10,.500,0,0,,5,10,.500,.500,2,2,1.000,6,8,14,3,2,0,1,1,12,16.3,Rayven Pearson,https://www.sports-reference.com/cbb/players/rayven-pearson-1.html,jacksonville-state,2018-19
26,105,27,2019-02-23,Jacksonville State,,Eastern Kentucky,REG (Conf),W 69-64,*,28,7,11,.636,0,0,,7,11,.636,.636,6,14,.429,6,6,12,1,2,0,1,0,20,19.6,Rayven Pearson,https://www.sports-reference.com/cbb/players/rayven-pearson-1.html,jacksonville-state,2018-19
27,106,28,2019-02-28,Jacksonville State,@,Eastern Illinois,REG (Conf),L 49-52,*,35,5,7,.714,0,0,,5,7,.714,.714,3,5,.600,2,7,9,2,1,0,2,3,13,12.0,Rayven Pearson,https://www.sports-reference.com/cbb/players/rayven-pearson-1.html,jacksonville-state,2018-19
28,107,29,2019-03-02,Jacksonville State,@,SIU Edwardsville,REG (Conf),W 68-61,*,33,6,10,.600,0,1,.000,6,9,.667,.600,5,6,.833,4,8,12,2,1,1,2,2,17,17.5,Rayven Pearson,https://www.sports-reference.com/cbb/players/rayven-pearson-1.html,jacksonville-state,2018-19
29,108,30,2019-03-06,Jacksonville State,@,Morehead State,CTOURN,L 60-77,*,34,6,9,.667,0,0,,6,9,.667,.667,5,10,.500,5,9,14,2,0,0,3,1,17,15.3,Rayven Pearson,https://www.sports-reference.com/cbb/players/rayven-pearson-1.html,jacksonville-state,2018-19
