ranker,player_game_num_career,team_game_num_season,date,team_name_abbr,game_location,opp_name_abbr,game_type,game_result,is_starter,mp,fg,fga,fg_pct,fg3,fg3a,fg3_pct,fg2,fg2a,fg2_pct,efg_pct,ft,fta,ft_pct,orb,drb,trb,ast,stl,blk,tov,pf,pts,game_score,player_name,player_sr_link,school,season
1,32,1,2018-11-06,Jacksonville State,@,Florida A&M,REG (Non-Conf),W 62-31,*,18,4,11,.364,1,3,.333,3,8,.375,.409,3,4,.750,0,3,3,0,2,0,0,0,12,8.4,Taylor Hawks,https://www.sports-reference.com/cbb/players/taylor-hawks-1.html,jacksonville-state,2018-19
2,33,2,2018-11-09,Jacksonville State,@,Texas Tech,REG (Non-Conf),L 58-71,*,24,3,10,.300,1,5,.200,2,5,.400,.350,0,0,,2,1,3,5,3,0,4,2,7,4.6,Taylor Hawks,https://www.sports-reference.com/cbb/players/taylor-hawks-1.html,jacksonville-state,2018-19
3,34,3,2018-11-17,Jacksonville State,@,Lipscomb,REG (Non-Conf),W 58-46,*,20,7,11,.636,1,4,.250,6,7,.857,.682,2,2,1.000,1,1,2,2,1,1,2,3,17,13.0,Taylor Hawks,https://www.sports-reference.com/cbb/players/taylor-hawks-1.html,jacksonville-state,2018-19
4,35,4,2018-11-23,Jacksonville State,@,Harvard,REG (Non-Conf),L 62-69,*,17,0,8,.000,0,3,.000,0,5,.000,.000,0,0,,0,1,1,2,0,0,2,0,0,-5.9,Taylor Hawks,https://www.sports-reference.com/cbb/players/taylor-hawks-1.html,jacksonville-state,2018-19
5,36,5,2018-11-24,Jacksonville State,@,Washington State,REG (Non-Conf),L 51-64,*,23,2,12,.167,0,2,.000,2,10,.200,.167,0,0,,0,2,2,3,2,0,2,0,4,-0.9,Taylor Hawks,https://www.sports-reference.com/cbb/players/taylor-hawks-1.html,jacksonville-state,2018-19
6,37,6,2018-11-27,Jacksonville State,,Montevallo,REG (Non-Conf),W 84-52,*,22,6,12,.500,0,2,.000,6,10,.600,.500,1,4,.250,1,2,3,7,3,0,2,0,13,13.0,Taylor Hawks,https://www.sports-reference.com/cbb/players/taylor-hawks-1.html,jacksonville-state,2018-19
7,38,7,2018-12-02,Jacksonville State,@,Ole Miss,REG (Non-Conf),W 60-49,*,27,3,13,.231,1,5,.200,2,8,.250,.269,0,0,,1,2,3,4,0,0,1,2,7,1.4,Taylor Hawks,https://www.sports-reference.com/cbb/players/taylor-hawks-1.html,jacksonville-state,2018-19
8,39,8,2018-12-12,Jacksonville State,@,Alabama A&M,REG (Non-Conf),W 55-48,*,16,1,8,.125,0,4,.000,1,4,.250,.125,2,2,1.000,2,2,4,0,0,0,2,2,4,-2.0,Taylor Hawks,https://www.sports-reference.com/cbb/players/taylor-hawks-1.html,jacksonville-state,2018-19
9,40,9,2018-12-15,Jacksonville State,,Georgia State,REG (Non-Conf),W 61-56 (OT),*,29,2,7,.286,0,1,.000,2,6,.333,.286,4,4,1.000,1,2,3,2,1,0,1,2,8,5.8,Taylor Hawks,https://www.sports-reference.com/cbb/players/taylor-hawks-1.html,jacksonville-state,2018-19
10,41,10,2018-12-18,Jacksonville State,,Miami (OH),REG (Non-Conf),L 41-58,*,24,3,9,.333,0,1,.000,3,8,.375,.333,1,1,1.000,0,1,1,0,0,0,1,2,7,0.4,Taylor Hawks,https://www.sports-reference.com/cbb/players/taylor-hawks-1.html,jacksonville-state,2018-19
11,42,11,2018-12-29,Jacksonville State,,Troy,REG (Non-Conf),L 63-89,*,21,2,7,.286,0,2,.000,2,5,.400,.286,0,2,.000,0,2,2,0,0,0,2,3,4,-3.5,Taylor Hawks,https://www.sports-reference.com/cbb/players/taylor-hawks-1.html,jacksonville-state,2018-19
12,43,12,2019-01-03,Jacksonville State,@,Belmont,REG (Conf),L 52-66,*,27,3,9,.333,1,3,.333,2,6,.333,.389,3,4,.750,0,1,1,2,3,1,1,1,10,8.5,Taylor Hawks,https://www.sports-reference.com/cbb/players/taylor-hawks-1.html,jacksonville-state,2018-19
13,44,13,2019-01-05,Jacksonville State,@,Tennessee State,REG (Conf),W 62-52,*,19,4,6,.667,0,1,.000,4,5,.800,.667,7,9,.778,0,6,6,3,1,0,1,4,15,13.9,Taylor Hawks,https://www.sports-reference.com/cbb/players/taylor-hawks-1.html,jacksonville-state,2018-19
14,45,14,2019-01-10,Jacksonville State,,Eastern Illinois,REG (Conf),W 78-49,*,23,2,6,.333,2,4,.500,0,2,.000,.500,7,10,.700,2,5,7,4,2,0,3,0,13,13.1,Taylor Hawks,https://www.sports-reference.com/cbb/players/taylor-hawks-1.html,jacksonville-state,2018-19
15,46,15,2019-01-12,Jacksonville State,,SIU Edwardsville,REG (Conf),L 47-51,*,28,5,12,.417,1,5,.200,4,7,.571,.458,0,2,.000,1,3,4,4,0,0,3,2,11,4.4,Taylor Hawks,https://www.sports-reference.com/cbb/players/taylor-hawks-1.html,jacksonville-state,2018-19
16,47,16,2019-01-17,Jacksonville State,,Belmont,REG (Conf),L 41-64,*,18,1,7,.143,0,2,.000,1,5,.200,.143,0,0,,1,4,5,1,0,0,1,1,2,-1.3,Taylor Hawks,https://www.sports-reference.com/cbb/players/taylor-hawks-1.html,jacksonville-state,2018-19
17,48,17,2019-01-19,Jacksonville State,,Tennessee Tech,REG (Conf),L 49-66,*,27,2,5,.400,0,1,.000,2,4,.500,.400,1,1,1.000,1,2,3,3,0,0,3,1,5,2.3,Taylor Hawks,https://www.sports-reference.com/cbb/players/taylor-hawks-1.html,jacksonville-state,2018-19
18,49,18,2019-01-24,Jacksonville State,@,Eastern Kentucky,REG (Conf),W 53-44,*,31,4,10,.400,2,4,.500,2,6,.333,.500,1,1,1.000,0,6,6,3,3,0,2,1,11,10.1,Taylor Hawks,https://www.sports-reference.com/cbb/players/taylor-hawks-1.html,jacksonville-state,2018-19
19,50,19,2019-01-26,Jacksonville State,@,Morehead State,REG (Conf),L 55-66,*,27,4,11,.364,1,6,.167,3,5,.600,.409,1,2,.500,1,4,5,3,1,1,4,4,10,3.6,Taylor Hawks,https://www.sports-reference.com/cbb/players/taylor-hawks-1.html,jacksonville-state,2018-19
20,51,20,2019-01-31,Jacksonville State,,Murray State,REG (Conf),L 59-64,*,25,5,9,.556,2,4,.500,3,5,.600,.667,2,2,1.000,0,3,3,0,2,0,2,3,14,9.4,Taylor Hawks,https://www.sports-reference.com/cbb/players/taylor-hawks-1.html,jacksonville-state,2018-19
21,52,21,2019-02-02,Jacksonville State,,Austin Peay,REG (Conf),W 67-56,*,18,1,6,.167,1,2,.500,0,4,.000,.250,5,6,.833,0,0,0,7,0,0,1,3,8,6.5,Taylor Hawks,https://www.sports-reference.com/cbb/players/taylor-hawks-1.html,jacksonville-state,2018-19
22,53,22,2019-02-07,Jacksonville State,@,UT Martin,REG (Conf),L 72-77,*,27,3,9,.333,1,4,.250,2,5,.400,.389,5,6,.833,0,3,3,4,0,0,6,3,12,3.0,Taylor Hawks,https://www.sports-reference.com/cbb/players/taylor-hawks-1.html,jacksonville-state,2018-19
23,54,23,2019-02-09,Jacksonville State,@,Southeast Missouri State,REG (Conf),W 56-39,*,30,2,6,.333,1,4,.250,1,2,.500,.417,5,6,.833,1,3,4,1,2,0,2,1,10,8.1,Taylor Hawks,https://www.sports-reference.com/cbb/players/taylor-hawks-1.html,jacksonville-state,2018-19
24,55,24,2019-02-14,Jacksonville State,@,Tennessee Tech,REG (Conf),L 59-62,*,20,3,5,.600,0,1,.000,3,4,.750,.600,0,0,,0,1,1,3,0,0,2,4,6,2.5,Taylor Hawks,https://www.sports-reference.com/cbb/players/taylor-hawks-1.html,jacksonville-state,2018-19
25,56,25,2019-02-16,Jacksonville State,,Tennessee State,REG (Conf),W 76-73 (OT),*,33,5,10,.500,3,5,.600,2,5,.400,.650,7,10,.700,0,1,1,1,0,0,2,1,20,12.4,Taylor Hawks,https://www.sports-reference.com/cbb/players/taylor-hawks-1.html,jacksonville-state,2018-19
26,57,26,2019-02-21,Jacksonville State,,Morehead State,REG (Conf),W 68-57,*,27,2,7,.286,1,4,.250,1,3,.333,.357,7,8,.875,1,1,2,4,2,0,1,1,12,11.9,Taylor Hawks,https://www.sports-reference.com/cbb/players/taylor-hawks-1.html,jacksonville-state,2018-19
27,58,27,2019-02-23,Jacksonville State,,Eastern Kentucky,REG (Conf),W 69-64,*,25,1,8,.125,0,5,.000,1,3,.333,.125,6,10,.600,1,3,4,3,2,0,1,2,8,5.1,Taylor Hawks,https://www.sports-reference.com/cbb/players/taylor-hawks-1.html,jacksonville-state,2018-19
28,59,28,2019-02-28,Jacksonville State,@,Eastern Illinois,REG (Conf),L 49-52,*,20,0,5,.000,0,2,.000,0,3,.000,.000,1,2,.500,0,2,2,1,0,0,4,0,1,-5.6,Taylor Hawks,https://www.sports-reference.com/cbb/players/taylor-hawks-1.html,jacksonville-state,2018-19
29,60,29,2019-03-02,Jacksonville State,@,SIU Edwardsville,REG (Conf),W 68-61,*,18,0,5,.000,0,2,.000,0,3,.000,.000,0,0,,0,0,0,2,1,0,3,0,0,-4.1,Taylor Hawks,https://www.sports-reference.com/cbb/players/taylor-hawks-1.html,jacksonville-state,2018-19
30,61,30,2019-03-06,Jacksonville State,@,Morehead State,CTOURN,L 60-77,*,25,3,9,.333,2,6,.333,1,3,.333,.444,0,0,,1,1,2,3,1,0,3,3,8,2.8,Taylor Hawks,https://www.sports-reference.com/cbb/players/taylor-hawks-1.html,jacksonville-state,2018-19
