ranker,player_game_num_career,team_game_num_season,date,team_name_abbr,game_location,opp_name_abbr,game_type,game_result,is_starter,mp,fg,fga,fg_pct,fg3,fg3a,fg2,fg2a,fg2_pct,efg_pct,ft,fta,ft_pct,orb,drb,trb,ast,stl,blk,tov,pf,pts,game_score,player_name,player_sr_link,school,season
1,32,1,2019-11-05,Stony Brook,@,St. Francis Brooklyn,REG (Non-Conf),W 86-73,*,29,4,10,.400,0,0,4,10,.400,.400,1,2,.500,9,3,12,2,0,0,0,2,9,11.0,Cheyenne Clark,https://www.sports-reference.com/cbb/players/cheyenne-clark-1.html,stony-brook,2019-20
2,33,2,2019-11-08,Stony Brook,,Manhattan,REG (Non-Conf),W 59-54,*,34,5,8,.625,0,0,5,8,.625,.625,0,0,,8,2,10,2,6,0,2,1,10,17.6,Cheyenne Clark,https://www.sports-reference.com/cbb/players/cheyenne-clark-1.html,stony-brook,2019-20
3,34,3,2019-11-13,Stony Brook,@,Hofstra,REG (Non-Conf),W 81-38,*,20,4,5,.800,0,0,4,5,.800,.800,2,4,.500,5,1,6,0,2,0,2,1,10,10.7,Cheyenne Clark,https://www.sports-reference.com/cbb/players/cheyenne-clark-1.html,stony-brook,2019-20
4,35,4,2019-11-17,Stony Brook,@,Arkansas,REG (Non-Conf),L 58-88,*,16,2,7,.286,0,0,2,7,.286,.286,3,3,1.000,5,2,7,0,0,0,0,4,7,5.4,Cheyenne Clark,https://www.sports-reference.com/cbb/players/cheyenne-clark-1.html,stony-brook,2019-20
5,36,5,2019-11-21,Stony Brook,,Iona,REG (Non-Conf),W 59-40,*,18,3,9,.333,0,0,3,9,.333,.333,0,0,,5,2,7,0,1,0,0,1,6,5.6,Cheyenne Clark,https://www.sports-reference.com/cbb/players/cheyenne-clark-1.html,stony-brook,2019-20
6,37,6,2019-11-24,Stony Brook,,Sacred Heart,REG (Non-Conf),W 54-50,*,22,1,6,.167,0,0,1,6,.167,.167,3,6,.500,7,4,11,0,1,1,3,2,5,4.0,Cheyenne Clark,https://www.sports-reference.com/cbb/players/cheyenne-clark-1.html,stony-brook,2019-20
7,38,7,2019-11-27,Stony Brook,@,LIU,REG (Non-Conf),W 80-49,*,20,4,4,1.000,0,0,4,4,1.000,1.000,1,2,.500,2,6,8,0,3,1,1,1,9,12.9,Cheyenne Clark,https://www.sports-reference.com/cbb/players/cheyenne-clark-1.html,stony-brook,2019-20
8,39,8,2019-12-03,Stony Brook,,Molloy,REG (Non-Conf),W 66-49,*,24,1,2,.500,0,0,1,2,.500,.500,0,0,,3,5,8,1,2,1,2,0,2,6.0,Cheyenne Clark,https://www.sports-reference.com/cbb/players/cheyenne-clark-1.html,stony-brook,2019-20
9,40,9,2019-12-08,Stony Brook,@,Pittsburgh,REG (Non-Conf),W 59-56,*,20,1,6,.167,0,0,1,6,.167,.167,0,0,,2,2,4,1,0,0,1,2,2,-0.9,Cheyenne Clark,https://www.sports-reference.com/cbb/players/cheyenne-clark-1.html,stony-brook,2019-20
10,41,10,2019-12-15,Stony Brook,@,Wagner,REG (Non-Conf),W 66-45,*,21,0,2,.000,0,0,0,2,.000,.000,3,4,.750,3,2,5,1,2,0,4,2,3,1.8,Cheyenne Clark,https://www.sports-reference.com/cbb/players/cheyenne-clark-1.html,stony-brook,2019-20
11,42,11,2019-12-20,Stony Brook,@,Morgan State,REG (Non-Conf),W 63-56,*,15,1,2,.500,0,0,1,2,.500,.500,1,2,.500,1,4,5,0,0,0,2,0,3,1.5,Cheyenne Clark,https://www.sports-reference.com/cbb/players/cheyenne-clark-1.html,stony-brook,2019-20
12,43,12,2019-12-22,Stony Brook,,Western Michigan,REG (Non-Conf),W 50-47,*,19,0,0,,0,0,0,0,,,0,0,,1,2,3,1,1,0,0,1,0,2.6,Cheyenne Clark,https://www.sports-reference.com/cbb/players/cheyenne-clark-1.html,stony-brook,2019-20
13,44,13,2019-12-29,Stony Brook,,Bucknell,REG (Non-Conf),W 78-73 (2OT),*,41,3,8,.375,0,0,3,8,.375,.375,3,3,1.000,7,9,16,2,2,2,1,3,9,14.8,Cheyenne Clark,https://www.sports-reference.com/cbb/players/cheyenne-clark-1.html,stony-brook,2019-20
14,45,14,2020-01-02,Stony Brook,,UMBC,REG (Conf),W 57-45,*,38,7,8,.875,0,0,7,8,.875,.875,1,2,.500,7,8,15,4,2,0,3,3,15,19.7,Cheyenne Clark,https://www.sports-reference.com/cbb/players/cheyenne-clark-1.html,stony-brook,2019-20
15,46,15,2020-01-05,Stony Brook,,Maine,REG (Conf),W 73-69,*,27,0,3,.000,0,0,0,3,.000,.000,0,2,.000,4,2,6,2,0,2,1,0,0,2.3,Cheyenne Clark,https://www.sports-reference.com/cbb/players/cheyenne-clark-1.html,stony-brook,2019-20
16,47,16,2020-01-08,Stony Brook,,Vermont,REG (Conf),W 67-49,*,23,2,5,.400,0,0,2,5,.400,.400,0,0,,1,3,4,1,1,0,1,3,4,2.4,Cheyenne Clark,https://www.sports-reference.com/cbb/players/cheyenne-clark-1.html,stony-brook,2019-20
17,48,17,2020-01-11,Stony Brook,@,New Hampshire,REG (Conf),W 53-44 (OT),*,35,0,3,.000,0,0,0,3,.000,.000,1,2,.500,3,6,9,3,2,3,1,0,1,7.6,Cheyenne Clark,https://www.sports-reference.com/cbb/players/cheyenne-clark-1.html,stony-brook,2019-20
18,49,18,2020-01-15,Stony Brook,,Hartford,REG (Conf),W 66-55,*,14,0,1,.000,0,0,0,1,.000,.000,2,4,.500,4,7,11,2,0,0,0,2,2,6.0,Cheyenne Clark,https://www.sports-reference.com/cbb/players/cheyenne-clark-1.html,stony-brook,2019-20
19,50,19,2020-01-18,Stony Brook,@,Albany (NY),REG (Conf),W 73-53,*,30,2,6,.333,0,0,2,6,.333,.333,8,10,.800,10,4,14,2,4,0,0,1,12,21.0,Cheyenne Clark,https://www.sports-reference.com/cbb/players/cheyenne-clark-1.html,stony-brook,2019-20
20,51,20,2020-01-22,Stony Brook,@,Binghamton,REG (Conf),W 67-60,*,26,2,5,.400,0,0,2,5,.400,.400,5,5,1.000,2,3,5,1,1,0,0,1,9,9.9,Cheyenne Clark,https://www.sports-reference.com/cbb/players/cheyenne-clark-1.html,stony-brook,2019-20
21,52,21,2020-01-29,Stony Brook,,UMass Lowell,REG (Conf),W 60-41,*,20,5,7,.714,0,0,5,7,.714,.714,1,1,1.000,3,2,5,1,1,0,3,3,11,8.3,Cheyenne Clark,https://www.sports-reference.com/cbb/players/cheyenne-clark-1.html,stony-brook,2019-20
22,53,22,2020-02-01,Stony Brook,@,UMBC,REG (Conf),W 66-49,*,31,6,8,.750,0,0,6,8,.750,.750,2,7,.286,3,3,6,2,1,0,1,0,14,13.2,Cheyenne Clark,https://www.sports-reference.com/cbb/players/cheyenne-clark-1.html,stony-brook,2019-20
23,54,23,2020-02-05,Stony Brook,@,UMass Lowell,REG (Conf),W 89-69,*,24,3,4,.750,0,0,3,4,.750,.750,5,6,.833,3,5,8,2,1,0,0,1,11,14.6,Cheyenne Clark,https://www.sports-reference.com/cbb/players/cheyenne-clark-1.html,stony-brook,2019-20
24,55,24,2020-02-08,Stony Brook,,New Hampshire,REG (Conf),W 52-50,*,27,0,3,.000,0,0,0,3,.000,.000,0,0,,4,4,8,1,1,0,2,2,0,0.8,Cheyenne Clark,https://www.sports-reference.com/cbb/players/cheyenne-clark-1.html,stony-brook,2019-20
25,56,25,2020-02-12,Stony Brook,,Binghamton,REG (Conf),W 58-54,*,35,2,6,.333,0,0,2,6,.333,.333,1,2,.500,5,10,15,1,0,0,5,0,5,3.4,Cheyenne Clark,https://www.sports-reference.com/cbb/players/cheyenne-clark-1.html,stony-brook,2019-20
26,57,26,2020-02-19,Stony Brook,@,Vermont,REG (Conf),W 72-68,*,21,2,3,.667,0,0,2,3,.667,.667,0,0,,2,3,5,0,1,0,0,0,4,6.0,Cheyenne Clark,https://www.sports-reference.com/cbb/players/cheyenne-clark-1.html,stony-brook,2019-20
27,58,27,2020-02-23,Stony Brook,@,Maine,REG (Conf),L 62-64 (OT),*,31,3,11,.273,0,0,3,11,.273,.273,2,4,.500,6,6,12,1,3,1,0,1,8,10.7,Cheyenne Clark,https://www.sports-reference.com/cbb/players/cheyenne-clark-1.html,stony-brook,2019-20
28,59,28,2020-02-26,Stony Brook,@,Hartford,REG (Conf),L 67-70,*,18,1,3,.333,0,0,1,3,.333,.333,1,3,.333,3,3,6,0,2,0,3,2,3,1.7,Cheyenne Clark,https://www.sports-reference.com/cbb/players/cheyenne-clark-1.html,stony-brook,2019-20
29,60,29,2020-02-29,Stony Brook,,Albany (NY),REG (Conf),W 53-44,*,31,2,8,.250,0,0,2,8,.250,.250,3,6,.500,8,6,14,1,1,0,2,1,7,7.7,Cheyenne Clark,https://www.sports-reference.com/cbb/players/cheyenne-clark-1.html,stony-brook,2019-20
30,61,30,2020-03-04,Stony Brook,,Albany (NY),CTOURN,W 54-49 (OT),*,39,6,10,.600,0,0,6,10,.600,.600,3,4,.750,8,6,14,0,3,1,3,4,15,16.5,Cheyenne Clark,https://www.sports-reference.com/cbb/players/cheyenne-clark-1.html,stony-brook,2019-20
31,62,31,2020-03-08,Stony Brook,,Binghamton,CTOURN,W 57-42,*,36,1,1,1.000,0,0,1,1,1.000,1.000,0,2,.000,1,5,6,1,0,1,3,3,2,0.3,Cheyenne Clark,https://www.sports-reference.com/cbb/players/cheyenne-clark-1.html,stony-brook,2019-20
