ranker,player_game_num_career,team_game_num_season,date,team_name_abbr,game_location,opp_name_abbr,game_type,game_result,is_starter,mp,fg,fga,fg_pct,fg3,fg3a,fg3_pct,fg2,fg2a,fg2_pct,efg_pct,ft,fta,ft_pct,orb,drb,trb,ast,stl,blk,tov,pf,pts,game_score,player_name,player_sr_link,school,season
1,1,1,2019-11-05,Stony Brook,@,St. Francis Brooklyn,REG (Non-Conf),W 86-73,,8,1,4,.250,0,2,.000,1,2,.500,.250,0,0,,0,0,0,0,1,0,1,1,2,-0.8,Gigi Gonzalez,https://www.sports-reference.com/cbb/players/gigi-gonzalez-1.html,stony-brook,2019-20
2,2,2,2019-11-08,Stony Brook,,Manhattan,REG (Non-Conf),W 59-54,,5,0,1,.000,0,0,,0,1,.000,.000,0,0,,0,0,0,1,0,0,0,0,0,0.0,Gigi Gonzalez,https://www.sports-reference.com/cbb/players/gigi-gonzalez-1.html,stony-brook,2019-20
3,3,3,2019-11-13,Stony Brook,@,Hofstra,REG (Non-Conf),W 81-38,,12,1,1,1.000,0,0,,1,1,1.000,1.000,0,0,,0,2,2,3,3,0,1,1,2,6.0,Gigi Gonzalez,https://www.sports-reference.com/cbb/players/gigi-gonzalez-1.html,stony-brook,2019-20
4,4,4,2019-11-17,Stony Brook,@,Arkansas,REG (Non-Conf),L 58-88,,16,1,3,.333,0,1,.000,1,2,.500,.333,0,0,,0,4,4,1,0,0,2,2,2,-0.6,Gigi Gonzalez,https://www.sports-reference.com/cbb/players/gigi-gonzalez-1.html,stony-brook,2019-20
5,5,5,2019-11-21,Stony Brook,,Iona,REG (Non-Conf),W 59-40,,16,2,5,.400,2,3,.667,0,2,.000,.600,0,0,,0,2,2,1,0,0,2,1,6,2.2,Gigi Gonzalez,https://www.sports-reference.com/cbb/players/gigi-gonzalez-1.html,stony-brook,2019-20
6,6,6,2019-11-24,Stony Brook,,Sacred Heart,REG (Non-Conf),W 54-50,,7,0,2,.000,0,0,,0,2,.000,.000,0,0,,0,2,2,2,0,0,1,1,0,-0.8,Gigi Gonzalez,https://www.sports-reference.com/cbb/players/gigi-gonzalez-1.html,stony-brook,2019-20
7,7,7,2019-11-27,Stony Brook,@,LIU,REG (Non-Conf),W 80-49,,15,2,6,.333,0,2,.000,2,4,.500,.333,1,2,.500,0,2,2,2,1,0,1,0,5,3.2,Gigi Gonzalez,https://www.sports-reference.com/cbb/players/gigi-gonzalez-1.html,stony-brook,2019-20
8,8,8,2019-12-03,Stony Brook,,Molloy,REG (Non-Conf),W 66-49,,5,0,1,.000,0,0,,0,1,.000,.000,0,0,,0,1,1,1,1,0,0,0,0,1.3,Gigi Gonzalez,https://www.sports-reference.com/cbb/players/gigi-gonzalez-1.html,stony-brook,2019-20
9,9,10,2019-12-15,Stony Brook,@,Wagner,REG (Non-Conf),W 66-45,,4,0,3,.000,0,1,.000,0,2,.000,.000,1,2,.500,0,1,1,0,0,0,1,0,1,-2.2,Gigi Gonzalez,https://www.sports-reference.com/cbb/players/gigi-gonzalez-1.html,stony-brook,2019-20
10,10,11,2019-12-20,Stony Brook,@,Morgan State,REG (Non-Conf),W 63-56,,17,2,3,.667,1,2,.500,1,1,1.000,.833,1,2,.500,0,1,1,0,0,0,4,1,6,0.2,Gigi Gonzalez,https://www.sports-reference.com/cbb/players/gigi-gonzalez-1.html,stony-brook,2019-20
11,11,12,2019-12-22,Stony Brook,,Western Michigan,REG (Non-Conf),W 50-47,,27,2,9,.222,1,3,.333,1,6,.167,.278,1,4,.250,2,5,7,2,0,0,6,2,6,-3.2,Gigi Gonzalez,https://www.sports-reference.com/cbb/players/gigi-gonzalez-1.html,stony-brook,2019-20
12,12,13,2019-12-29,Stony Brook,,Bucknell,REG (Non-Conf),W 78-73 (2OT),*,12,1,3,.333,1,2,.500,0,1,.000,.500,2,2,1.000,0,2,2,1,1,0,3,2,5,1.8,Gigi Gonzalez,https://www.sports-reference.com/cbb/players/gigi-gonzalez-1.html,stony-brook,2019-20
13,13,14,2020-01-02,Stony Brook,,UMBC,REG (Conf),W 57-45,*,27,3,11,.273,2,6,.333,1,5,.200,.364,0,0,,0,2,2,4,3,0,4,0,8,3.9,Gigi Gonzalez,https://www.sports-reference.com/cbb/players/gigi-gonzalez-1.html,stony-brook,2019-20
14,14,15,2020-01-05,Stony Brook,,Maine,REG (Conf),W 73-69,*,7,0,1,.000,0,0,,0,1,.000,.000,0,0,,1,1,2,1,0,0,2,0,0,-1.0,Gigi Gonzalez,https://www.sports-reference.com/cbb/players/gigi-gonzalez-1.html,stony-brook,2019-20
15,15,16,2020-01-08,Stony Brook,,Vermont,REG (Conf),W 67-49,,7,0,4,.000,0,1,.000,0,3,.000,.000,0,0,,0,0,0,0,0,0,1,1,0,-4.2,Gigi Gonzalez,https://www.sports-reference.com/cbb/players/gigi-gonzalez-1.html,stony-brook,2019-20
16,16,17,2020-01-11,Stony Brook,@,New Hampshire,REG (Conf),W 53-44 (OT),,1,0,3,.000,0,1,.000,0,2,.000,.000,0,0,,0,0,0,0,0,0,0,0,0,-2.1,Gigi Gonzalez,https://www.sports-reference.com/cbb/players/gigi-gonzalez-1.html,stony-brook,2019-20
17,17,18,2020-01-15,Stony Brook,,Hartford,REG (Conf),W 66-55,,7,0,2,.000,0,1,.000,0,1,.000,.000,0,0,,0,0,0,1,0,0,2,0,0,-2.7,Gigi Gonzalez,https://www.sports-reference.com/cbb/players/gigi-gonzalez-1.html,stony-brook,2019-20
18,18,19,2020-01-18,Stony Brook,@,Albany (NY),REG (Conf),W 73-53,,1,0,0,,0,0,,0,0,,,0,0,,0,0,0,0,0,0,0,0,0,0.0,Gigi Gonzalez,https://www.sports-reference.com/cbb/players/gigi-gonzalez-1.html,stony-brook,2019-20
19,19,21,2020-01-29,Stony Brook,,UMass Lowell,REG (Conf),W 60-41,,2,0,0,,0,0,,0,0,,,0,0,,0,1,1,0,1,0,1,1,0,-0.1,Gigi Gonzalez,https://www.sports-reference.com/cbb/players/gigi-gonzalez-1.html,stony-brook,2019-20
20,20,22,2020-02-01,Stony Brook,@,UMBC,REG (Conf),W 66-49,,4,0,0,,0,0,,0,0,,,0,0,,0,0,0,1,1,0,2,1,0,-0.7,Gigi Gonzalez,https://www.sports-reference.com/cbb/players/gigi-gonzalez-1.html,stony-brook,2019-20
21,21,23,2020-02-05,Stony Brook,@,UMass Lowell,REG (Conf),W 89-69,,1,0,0,,0,0,,0,0,,,0,0,,0,0,0,0,0,0,0,0,0,0.0,Gigi Gonzalez,https://www.sports-reference.com/cbb/players/gigi-gonzalez-1.html,stony-brook,2019-20
