ranker,player_game_num_career,team_game_num_season,date,team_name_abbr,game_location,opp_name_abbr,game_type,game_result,is_starter,mp,fg,fga,fg_pct,fg3,fg3a,fg3_pct,fg2,fg2a,fg2_pct,efg_pct,ft,fta,ft_pct,orb,drb,trb,ast,stl,blk,tov,pf,pts,game_score,player_name,player_sr_link,school,season
1,61,1,2019-11-05,Stony Brook,@,St. Francis Brooklyn,REG (Non-Conf),W 86-73,*,20,1,3,.333,0,2,.000,1,1,1.000,.333,0,0,,1,1,2,1,0,2,0,1,2,3.0,Hailey Zeise,https://www.sports-reference.com/cbb/players/hailey-zeise-1.html,stony-brook,2019-20
2,62,2,2019-11-08,Stony Brook,,Manhattan,REG (Non-Conf),W 59-54,*,26,3,6,.500,2,4,.500,1,2,.500,.667,1,2,.500,4,4,8,2,2,1,1,1,9,12.3,Hailey Zeise,https://www.sports-reference.com/cbb/players/hailey-zeise-1.html,stony-brook,2019-20
3,63,3,2019-11-13,Stony Brook,@,Hofstra,REG (Non-Conf),W 81-38,*,25,1,3,.333,1,2,.500,0,1,.000,.500,0,0,,0,4,4,0,1,1,0,1,3,3.8,Hailey Zeise,https://www.sports-reference.com/cbb/players/hailey-zeise-1.html,stony-brook,2019-20
4,64,4,2019-11-17,Stony Brook,@,Arkansas,REG (Non-Conf),L 58-88,*,27,1,6,.167,1,3,.333,0,3,.000,.250,0,0,,2,1,3,1,0,4,0,2,3,3.6,Hailey Zeise,https://www.sports-reference.com/cbb/players/hailey-zeise-1.html,stony-brook,2019-20
5,65,5,2019-11-21,Stony Brook,,Iona,REG (Non-Conf),W 59-40,*,24,0,2,.000,0,1,.000,0,1,.000,.000,1,2,.500,1,0,1,1,1,1,2,0,1,0.3,Hailey Zeise,https://www.sports-reference.com/cbb/players/hailey-zeise-1.html,stony-brook,2019-20
6,66,6,2019-11-24,Stony Brook,,Sacred Heart,REG (Non-Conf),W 54-50,*,19,1,1,1.000,0,0,,1,1,1.000,1.000,0,0,,0,1,1,0,1,1,2,2,2,0.9,Hailey Zeise,https://www.sports-reference.com/cbb/players/hailey-zeise-1.html,stony-brook,2019-20
7,67,7,2019-11-27,Stony Brook,@,LIU,REG (Non-Conf),W 80-49,*,22,1,2,.500,1,2,.500,0,0,,.750,0,0,,0,4,4,1,2,1,0,1,3,6.2,Hailey Zeise,https://www.sports-reference.com/cbb/players/hailey-zeise-1.html,stony-brook,2019-20
8,68,8,2019-12-03,Stony Brook,,Molloy,REG (Non-Conf),W 66-49,*,20,2,7,.286,2,6,.333,0,1,.000,.429,0,0,,0,1,1,0,1,0,0,1,6,2.8,Hailey Zeise,https://www.sports-reference.com/cbb/players/hailey-zeise-1.html,stony-brook,2019-20
9,69,9,2019-12-08,Stony Brook,@,Pittsburgh,REG (Non-Conf),W 59-56,*,40,6,11,.545,4,8,.500,2,3,.667,.727,1,1,1.000,0,4,4,4,1,0,0,4,17,15.1,Hailey Zeise,https://www.sports-reference.com/cbb/players/hailey-zeise-1.html,stony-brook,2019-20
10,70,10,2019-12-15,Stony Brook,@,Wagner,REG (Non-Conf),W 66-45,*,23,0,2,.000,0,1,.000,0,1,.000,.000,2,2,1.000,1,3,4,0,2,1,0,2,2,4.1,Hailey Zeise,https://www.sports-reference.com/cbb/players/hailey-zeise-1.html,stony-brook,2019-20
11,71,11,2019-12-20,Stony Brook,@,Morgan State,REG (Non-Conf),W 63-56,*,29,2,3,.667,1,1,1.000,1,2,.500,.833,0,0,,0,5,5,1,0,0,3,2,5,2.1,Hailey Zeise,https://www.sports-reference.com/cbb/players/hailey-zeise-1.html,stony-brook,2019-20
12,72,12,2019-12-22,Stony Brook,,Western Michigan,REG (Non-Conf),W 50-47,*,28,2,6,.333,2,5,.400,0,1,.000,.500,0,0,,0,6,6,2,1,1,1,0,6,6.5,Hailey Zeise,https://www.sports-reference.com/cbb/players/hailey-zeise-1.html,stony-brook,2019-20
13,73,13,2019-12-29,Stony Brook,,Bucknell,REG (Non-Conf),W 78-73 (2OT),*,50,2,9,.222,1,6,.167,1,3,.333,.278,3,5,.600,2,1,3,5,1,0,0,4,8,6.3,Hailey Zeise,https://www.sports-reference.com/cbb/players/hailey-zeise-1.html,stony-brook,2019-20
14,74,14,2020-01-02,Stony Brook,,UMBC,REG (Conf),W 57-45,*,26,1,2,.500,0,1,.000,1,1,1.000,.500,0,0,,0,2,2,0,0,1,2,4,2,-1.3,Hailey Zeise,https://www.sports-reference.com/cbb/players/hailey-zeise-1.html,stony-brook,2019-20
15,75,15,2020-01-05,Stony Brook,,Maine,REG (Conf),W 73-69,*,36,0,4,.000,0,1,.000,0,3,.000,.000,1,2,.500,2,5,7,2,1,0,0,2,1,2.3,Hailey Zeise,https://www.sports-reference.com/cbb/players/hailey-zeise-1.html,stony-brook,2019-20
16,76,16,2020-01-08,Stony Brook,,Vermont,REG (Conf),W 67-49,*,31,3,6,.500,2,4,.500,1,2,.500,.667,1,1,1.000,3,4,7,2,2,0,1,0,9,11.7,Hailey Zeise,https://www.sports-reference.com/cbb/players/hailey-zeise-1.html,stony-brook,2019-20
17,77,17,2020-01-11,Stony Brook,@,New Hampshire,REG (Conf),W 53-44 (OT),*,37,0,2,.000,0,2,.000,0,0,,.000,0,0,,0,4,4,3,2,0,1,0,0,2.9,Hailey Zeise,https://www.sports-reference.com/cbb/players/hailey-zeise-1.html,stony-brook,2019-20
18,78,18,2020-01-15,Stony Brook,,Hartford,REG (Conf),W 66-55,*,24,3,4,.750,3,3,1.000,0,1,.000,1.125,2,3,.667,0,1,1,1,0,1,0,2,11,9.9,Hailey Zeise,https://www.sports-reference.com/cbb/players/hailey-zeise-1.html,stony-brook,2019-20
19,79,19,2020-01-18,Stony Brook,@,Albany (NY),REG (Conf),W 73-53,*,24,1,5,.200,1,2,.500,0,3,.000,.300,0,0,,1,3,4,2,0,1,2,3,3,0.4,Hailey Zeise,https://www.sports-reference.com/cbb/players/hailey-zeise-1.html,stony-brook,2019-20
20,80,20,2020-01-22,Stony Brook,@,Binghamton,REG (Conf),W 67-60,*,25,1,3,.333,1,1,1.000,0,2,.000,.500,0,0,,1,1,2,0,1,0,0,2,3,2.5,Hailey Zeise,https://www.sports-reference.com/cbb/players/hailey-zeise-1.html,stony-brook,2019-20
21,81,21,2020-01-29,Stony Brook,,UMass Lowell,REG (Conf),W 60-41,*,27,1,11,.091,1,6,.167,0,5,.000,.136,0,0,,3,4,7,1,0,1,0,2,3,-0.4,Hailey Zeise,https://www.sports-reference.com/cbb/players/hailey-zeise-1.html,stony-brook,2019-20
22,82,22,2020-02-01,Stony Brook,@,UMBC,REG (Conf),W 66-49,*,27,1,4,.250,1,4,.250,0,0,,.375,1,2,.500,1,1,2,4,0,0,1,0,4,4.0,Hailey Zeise,https://www.sports-reference.com/cbb/players/hailey-zeise-1.html,stony-brook,2019-20
23,83,23,2020-02-05,Stony Brook,@,UMass Lowell,REG (Conf),W 89-69,*,25,2,6,.333,0,3,.000,2,3,.667,.333,0,1,.000,2,1,3,1,1,0,1,1,4,2.2,Hailey Zeise,https://www.sports-reference.com/cbb/players/hailey-zeise-1.html,stony-brook,2019-20
24,84,24,2020-02-08,Stony Brook,,New Hampshire,REG (Conf),W 52-50,*,25,0,4,.000,0,3,.000,0,1,.000,.000,0,0,,1,2,3,2,1,1,2,2,0,-1.2,Hailey Zeise,https://www.sports-reference.com/cbb/players/hailey-zeise-1.html,stony-brook,2019-20
25,85,25,2020-02-12,Stony Brook,,Binghamton,REG (Conf),W 58-54,*,28,2,6,.333,1,3,.333,1,3,.333,.417,2,2,1.000,3,4,7,1,0,0,2,3,7,4.4,Hailey Zeise,https://www.sports-reference.com/cbb/players/hailey-zeise-1.html,stony-brook,2019-20
26,86,26,2020-02-19,Stony Brook,@,Vermont,REG (Conf),W 72-68,*,29,3,6,.500,3,5,.600,0,1,.000,.750,0,0,,0,5,5,3,0,0,3,1,9,6.2,Hailey Zeise,https://www.sports-reference.com/cbb/players/hailey-zeise-1.html,stony-brook,2019-20
27,87,27,2020-02-23,Stony Brook,@,Maine,REG (Conf),L 62-64 (OT),*,41,4,7,.571,2,3,.667,2,4,.500,.714,0,0,,0,2,2,2,4,0,1,0,10,11.7,Hailey Zeise,https://www.sports-reference.com/cbb/players/hailey-zeise-1.html,stony-brook,2019-20
28,88,28,2020-02-26,Stony Brook,@,Hartford,REG (Conf),L 67-70,*,33,4,9,.444,3,7,.429,1,2,.500,.611,0,0,,3,2,5,2,1,0,0,3,11,10.2,Hailey Zeise,https://www.sports-reference.com/cbb/players/hailey-zeise-1.html,stony-brook,2019-20
29,89,29,2020-02-29,Stony Brook,,Albany (NY),REG (Conf),W 53-44,*,32,2,5,.400,1,3,.333,1,2,.500,.500,3,4,.750,1,5,6,0,2,0,1,2,8,7.3,Hailey Zeise,https://www.sports-reference.com/cbb/players/hailey-zeise-1.html,stony-brook,2019-20
30,90,30,2020-03-04,Stony Brook,,Albany (NY),CTOURN,W 54-49 (OT),*,45,1,5,.200,0,4,.000,1,1,1.000,.200,0,0,,5,4,9,0,4,1,0,2,2,7.5,Hailey Zeise,https://www.sports-reference.com/cbb/players/hailey-zeise-1.html,stony-brook,2019-20
31,91,31,2020-03-08,Stony Brook,,Binghamton,CTOURN,W 57-42,*,26,2,7,.286,2,4,.500,0,3,.000,.429,0,0,,0,2,2,3,0,0,0,2,6,3.8,Hailey Zeise,https://www.sports-reference.com/cbb/players/hailey-zeise-1.html,stony-brook,2019-20
