ranker,player_game_num_career,team_game_num_season,date,team_name_abbr,game_location,opp_name_abbr,game_type,game_result,is_starter,mp,fg,fga,fg_pct,fg3,fg3a,fg3_pct,fg2,fg2a,fg2_pct,efg_pct,ft,fta,ft_pct,orb,drb,trb,ast,stl,blk,tov,pf,pts,game_score,player_name,player_sr_link,school,season
1,37,1,2019-11-05,Stony Brook,@,St. Francis Brooklyn,REG (Non-Conf),W 86-73,,19,3,5,.600,0,1,.000,3,4,.750,.600,0,0,,4,3,7,1,1,0,2,1,6,6.7,Jonae Cox,https://www.sports-reference.com/cbb/players/jonae-cox-1.html,stony-brook,2019-20
2,38,2,2019-11-08,Stony Brook,,Manhattan,REG (Non-Conf),W 59-54,,19,1,4,.250,0,2,.000,1,2,.500,.250,0,0,,1,1,2,1,1,0,3,0,2,-0.7,Jonae Cox,https://www.sports-reference.com/cbb/players/jonae-cox-1.html,stony-brook,2019-20
3,39,3,2019-11-13,Stony Brook,@,Hofstra,REG (Non-Conf),W 81-38,,13,4,6,.667,0,1,.000,4,5,.800,.667,0,0,,1,3,4,1,1,0,1,1,8,7.3,Jonae Cox,https://www.sports-reference.com/cbb/players/jonae-cox-1.html,stony-brook,2019-20
4,40,4,2019-11-17,Stony Brook,@,Arkansas,REG (Non-Conf),L 58-88,,20,2,5,.400,0,0,,2,5,.400,.400,0,0,,3,2,5,1,1,0,1,2,4,3.9,Jonae Cox,https://www.sports-reference.com/cbb/players/jonae-cox-1.html,stony-brook,2019-20
5,41,5,2019-11-21,Stony Brook,,Iona,REG (Non-Conf),W 59-40,,13,2,3,.667,0,0,,2,3,.667,.667,0,0,,1,1,2,0,0,0,0,1,4,3.3,Jonae Cox,https://www.sports-reference.com/cbb/players/jonae-cox-1.html,stony-brook,2019-20
6,42,6,2019-11-24,Stony Brook,,Sacred Heart,REG (Non-Conf),W 54-50,,25,2,5,.400,1,3,.333,1,2,.500,.500,4,6,.667,6,5,11,0,0,1,0,4,9,10.3,Jonae Cox,https://www.sports-reference.com/cbb/players/jonae-cox-1.html,stony-brook,2019-20
7,43,7,2019-11-27,Stony Brook,@,LIU,REG (Non-Conf),W 80-49,,15,1,5,.200,0,2,.000,1,3,.333,.200,2,2,1.000,4,0,4,3,0,0,3,1,4,2.4,Jonae Cox,https://www.sports-reference.com/cbb/players/jonae-cox-1.html,stony-brook,2019-20
8,44,8,2019-12-03,Stony Brook,,Molloy,REG (Non-Conf),W 66-49,,20,3,5,.600,3,5,.600,0,0,,.900,0,0,,1,1,2,1,1,0,3,3,9,5.2,Jonae Cox,https://www.sports-reference.com/cbb/players/jonae-cox-1.html,stony-brook,2019-20
9,45,9,2019-12-08,Stony Brook,@,Pittsburgh,REG (Non-Conf),W 59-56,,13,1,3,.333,1,3,.333,0,0,,.500,0,0,,0,4,4,2,1,1,0,2,3,4.8,Jonae Cox,https://www.sports-reference.com/cbb/players/jonae-cox-1.html,stony-brook,2019-20
10,46,10,2019-12-15,Stony Brook,@,Wagner,REG (Non-Conf),W 66-45,,22,3,9,.333,3,8,.375,0,1,.000,.500,1,2,.500,1,3,4,1,2,1,4,2,10,4.7,Jonae Cox,https://www.sports-reference.com/cbb/players/jonae-cox-1.html,stony-brook,2019-20
11,47,11,2019-12-20,Stony Brook,@,Morgan State,REG (Non-Conf),W 63-56,,21,1,3,.333,1,2,.500,0,1,.000,.500,0,0,,1,3,4,1,0,0,0,2,3,2.8,Jonae Cox,https://www.sports-reference.com/cbb/players/jonae-cox-1.html,stony-brook,2019-20
12,48,12,2019-12-22,Stony Brook,,Western Michigan,REG (Non-Conf),W 50-47,,22,1,3,.333,1,2,.500,0,1,.000,.500,0,0,,0,1,1,0,0,1,3,2,3,-1.5,Jonae Cox,https://www.sports-reference.com/cbb/players/jonae-cox-1.html,stony-brook,2019-20
13,49,13,2019-12-29,Stony Brook,,Bucknell,REG (Non-Conf),W 78-73 (2OT),,17,0,5,.000,0,3,.000,0,2,.000,.000,0,0,,1,0,1,3,0,0,0,2,0,-1.5,Jonae Cox,https://www.sports-reference.com/cbb/players/jonae-cox-1.html,stony-brook,2019-20
14,50,14,2020-01-02,Stony Brook,,UMBC,REG (Conf),W 57-45,,19,2,5,.400,0,2,.000,2,3,.667,.400,0,0,,1,1,2,0,1,1,0,0,4,4.0,Jonae Cox,https://www.sports-reference.com/cbb/players/jonae-cox-1.html,stony-brook,2019-20
15,51,15,2020-01-05,Stony Brook,,Maine,REG (Conf),W 73-69,,13,1,4,.250,1,4,.250,0,0,,.375,0,0,,0,1,1,1,0,0,0,2,3,0.8,Jonae Cox,https://www.sports-reference.com/cbb/players/jonae-cox-1.html,stony-brook,2019-20
16,52,16,2020-01-08,Stony Brook,,Vermont,REG (Conf),W 67-49,,9,0,1,.000,0,0,,0,1,.000,.000,0,0,,1,4,5,0,0,0,1,0,0,0.2,Jonae Cox,https://www.sports-reference.com/cbb/players/jonae-cox-1.html,stony-brook,2019-20
17,53,17,2020-01-11,Stony Brook,@,New Hampshire,REG (Conf),W 53-44 (OT),,8,0,1,.000,0,0,,0,1,.000,.000,0,0,,1,1,2,1,0,0,1,1,0,-0.4,Jonae Cox,https://www.sports-reference.com/cbb/players/jonae-cox-1.html,stony-brook,2019-20
18,54,18,2020-01-15,Stony Brook,,Hartford,REG (Conf),W 66-55,,13,1,1,1.000,0,0,,1,1,1.000,1.000,0,0,,1,1,2,2,0,0,1,1,2,2.7,Jonae Cox,https://www.sports-reference.com/cbb/players/jonae-cox-1.html,stony-brook,2019-20
19,55,19,2020-01-18,Stony Brook,@,Albany (NY),REG (Conf),W 73-53,,16,4,10,.400,3,7,.429,1,3,.333,.550,0,0,,0,2,2,2,1,0,3,0,11,5.6,Jonae Cox,https://www.sports-reference.com/cbb/players/jonae-cox-1.html,stony-brook,2019-20
20,56,20,2020-01-22,Stony Brook,@,Binghamton,REG (Conf),W 67-60,,20,1,3,.333,0,0,,1,3,.333,.333,0,0,,2,2,4,0,1,1,2,3,2,0.8,Jonae Cox,https://www.sports-reference.com/cbb/players/jonae-cox-1.html,stony-brook,2019-20
21,57,21,2020-01-29,Stony Brook,,UMass Lowell,REG (Conf),W 60-41,,12,0,4,.000,0,3,.000,0,1,.000,.000,0,0,,2,1,3,0,0,0,3,1,0,-4.5,Jonae Cox,https://www.sports-reference.com/cbb/players/jonae-cox-1.html,stony-brook,2019-20
22,58,22,2020-02-01,Stony Brook,@,UMBC,REG (Conf),W 66-49,,16,1,1,1.000,0,0,,1,1,1.000,1.000,0,0,,0,2,2,3,0,0,1,2,2,2.6,Jonae Cox,https://www.sports-reference.com/cbb/players/jonae-cox-1.html,stony-brook,2019-20
23,59,23,2020-02-05,Stony Brook,@,UMass Lowell,REG (Conf),W 89-69,,14,2,3,.667,0,1,.000,2,2,1.000,.667,0,0,,0,3,3,0,0,0,0,2,4,2.8,Jonae Cox,https://www.sports-reference.com/cbb/players/jonae-cox-1.html,stony-brook,2019-20
24,60,24,2020-02-08,Stony Brook,,New Hampshire,REG (Conf),W 52-50,,8,0,0,,0,0,,0,0,,,0,0,,0,1,1,0,0,0,1,0,0,-0.7,Jonae Cox,https://www.sports-reference.com/cbb/players/jonae-cox-1.html,stony-brook,2019-20
25,61,25,2020-02-12,Stony Brook,,Binghamton,REG (Conf),W 58-54,,18,1,4,.250,0,0,,1,4,.250,.250,0,0,,4,3,7,0,0,0,2,3,2,0.1,Jonae Cox,https://www.sports-reference.com/cbb/players/jonae-cox-1.html,stony-brook,2019-20
26,62,26,2020-02-19,Stony Brook,@,Vermont,REG (Conf),W 72-68,,6,0,3,.000,0,3,.000,0,0,,.000,0,0,,0,3,3,2,0,0,0,0,0,0.2,Jonae Cox,https://www.sports-reference.com/cbb/players/jonae-cox-1.html,stony-brook,2019-20
27,63,27,2020-02-23,Stony Brook,@,Maine,REG (Conf),L 62-64 (OT),,11,1,1,1.000,0,0,,1,1,1.000,1.000,0,0,,0,1,1,2,0,0,1,1,2,2.0,Jonae Cox,https://www.sports-reference.com/cbb/players/jonae-cox-1.html,stony-brook,2019-20
28,64,28,2020-02-26,Stony Brook,@,Hartford,REG (Conf),L 67-70,,7,1,1,1.000,0,0,,1,1,1.000,1.000,0,0,,0,2,2,0,0,0,1,1,2,0.9,Jonae Cox,https://www.sports-reference.com/cbb/players/jonae-cox-1.html,stony-brook,2019-20
29,65,29,2020-02-29,Stony Brook,,Albany (NY),REG (Conf),W 53-44,,9,0,2,.000,0,0,,0,2,.000,.000,0,0,,1,2,3,1,0,0,3,1,0,-2.8,Jonae Cox,https://www.sports-reference.com/cbb/players/jonae-cox-1.html,stony-brook,2019-20
30,66,31,2020-03-08,Stony Brook,,Binghamton,CTOURN,W 57-42,,14,0,2,.000,0,2,.000,0,0,,.000,2,3,.667,1,3,4,0,0,0,1,2,2,0.0,Jonae Cox,https://www.sports-reference.com/cbb/players/jonae-cox-1.html,stony-brook,2019-20
