ranker,player_game_num_career,team_game_num_season,date,team_name_abbr,game_location,opp_name_abbr,game_type,game_result,is_starter,mp,fg,fga,fg_pct,fg3,fg3a,fg2,fg2a,fg2_pct,efg_pct,ft,fta,ft_pct,orb,drb,trb,ast,stl,blk,tov,pf,pts,game_score,player_name,player_sr_link,school,season
1,53,1,2019-11-05,Stony Brook,@,St. Francis Brooklyn,REG (Non-Conf),W 86-73,,2,0,0,,0,0,0,0,,,0,0,,1,0,1,0,0,0,1,2,0,-1.1,Kina Smith,https://www.sports-reference.com/cbb/players/kina-smith-1.html,stony-brook,2019-20
2,54,2,2019-11-08,Stony Brook,,Manhattan,REG (Non-Conf),W 59-54,,9,1,1,1.000,0,0,1,1,1.000,1.000,0,0,,0,1,1,0,0,0,1,0,2,1.0,Kina Smith,https://www.sports-reference.com/cbb/players/kina-smith-1.html,stony-brook,2019-20
3,55,4,2019-11-17,Stony Brook,@,Arkansas,REG (Non-Conf),L 58-88,,20,2,7,.286,0,0,2,7,.286,.286,0,0,,3,2,5,0,1,0,0,1,4,3.2,Kina Smith,https://www.sports-reference.com/cbb/players/kina-smith-1.html,stony-brook,2019-20
4,56,5,2019-11-21,Stony Brook,,Iona,REG (Non-Conf),W 59-40,,7,1,1,1.000,0,0,1,1,1.000,1.000,0,0,,1,2,3,0,0,0,1,1,2,1.6,Kina Smith,https://www.sports-reference.com/cbb/players/kina-smith-1.html,stony-brook,2019-20
5,57,6,2019-11-24,Stony Brook,,Sacred Heart,REG (Non-Conf),W 54-50,,8,1,2,.500,0,0,1,2,.500,.500,0,0,,3,2,5,0,0,1,0,1,2,4.0,Kina Smith,https://www.sports-reference.com/cbb/players/kina-smith-1.html,stony-brook,2019-20
6,58,7,2019-11-27,Stony Brook,@,LIU,REG (Non-Conf),W 80-49,,10,2,4,.500,0,0,2,4,.500,.500,0,0,,1,3,4,1,0,0,0,2,4,3.5,Kina Smith,https://www.sports-reference.com/cbb/players/kina-smith-1.html,stony-brook,2019-20
7,59,9,2019-12-08,Stony Brook,@,Pittsburgh,REG (Non-Conf),W 59-56,,4,1,1,1.000,0,0,1,1,1.000,1.000,0,0,,1,1,2,0,0,0,0,1,2,2.3,Kina Smith,https://www.sports-reference.com/cbb/players/kina-smith-1.html,stony-brook,2019-20
8,60,10,2019-12-15,Stony Brook,@,Wagner,REG (Non-Conf),W 66-45,,10,0,1,.000,0,0,0,1,.000,.000,0,0,,0,4,4,0,0,0,0,2,0,-0.3,Kina Smith,https://www.sports-reference.com/cbb/players/kina-smith-1.html,stony-brook,2019-20
9,61,12,2019-12-22,Stony Brook,,Western Michigan,REG (Non-Conf),W 50-47,,8,0,2,.000,0,0,0,2,.000,.000,0,0,,1,0,1,0,0,0,0,1,0,-1.1,Kina Smith,https://www.sports-reference.com/cbb/players/kina-smith-1.html,stony-brook,2019-20
10,62,14,2020-01-02,Stony Brook,,UMBC,REG (Conf),W 57-45,,5,0,0,,0,0,0,0,,,0,0,,0,0,0,0,0,0,0,0,0,0.0,Kina Smith,https://www.sports-reference.com/cbb/players/kina-smith-1.html,stony-brook,2019-20
11,63,16,2020-01-08,Stony Brook,,Vermont,REG (Conf),W 67-49,,11,0,2,.000,0,0,0,2,.000,.000,0,0,,2,0,2,0,0,0,1,1,0,-1.4,Kina Smith,https://www.sports-reference.com/cbb/players/kina-smith-1.html,stony-brook,2019-20
12,64,18,2020-01-15,Stony Brook,,Hartford,REG (Conf),W 66-55,,4,0,1,.000,0,0,0,1,.000,.000,1,2,.500,1,0,1,0,0,0,0,1,1,0.2,Kina Smith,https://www.sports-reference.com/cbb/players/kina-smith-1.html,stony-brook,2019-20
13,65,22,2020-02-01,Stony Brook,@,UMBC,REG (Conf),W 66-49,,2,1,1,1.000,0,0,1,1,1.000,1.000,0,0,,0,2,2,0,0,0,0,0,2,2.3,Kina Smith,https://www.sports-reference.com/cbb/players/kina-smith-1.html,stony-brook,2019-20
14,66,23,2020-02-05,Stony Brook,@,UMass Lowell,REG (Conf),W 89-69,,1,0,0,,0,0,0,0,,,0,0,,0,0,0,0,0,0,0,0,0,0.0,Kina Smith,https://www.sports-reference.com/cbb/players/kina-smith-1.html,stony-brook,2019-20
15,67,28,2020-02-26,Stony Brook,@,Hartford,REG (Conf),L 67-70,,14,1,4,.250,0,0,1,4,.250,.250,0,2,.000,1,2,3,0,0,0,1,1,2,-1.3,Kina Smith,https://www.sports-reference.com/cbb/players/kina-smith-1.html,stony-brook,2019-20
16,68,29,2020-02-29,Stony Brook,,Albany (NY),REG (Conf),W 53-44,,14,0,0,,0,0,0,0,,,0,2,.000,1,4,5,1,0,0,2,3,0,-1.4,Kina Smith,https://www.sports-reference.com/cbb/players/kina-smith-1.html,stony-brook,2019-20
17,69,30,2020-03-04,Stony Brook,,Albany (NY),CTOURN,W 54-49 (OT),,7,1,1,1.000,0,0,1,1,1.000,1.000,0,0,,0,1,1,0,0,1,1,1,2,1.3,Kina Smith,https://www.sports-reference.com/cbb/players/kina-smith-1.html,stony-brook,2019-20
