ranker,player_game_num_career,team_game_num_season,date,team_name_abbr,game_location,opp_name_abbr,game_type,game_result,is_starter,mp,fg,fga,fg_pct,fg3,fg3a,fg2,fg2a,fg2_pct,efg_pct,ft,fta,ft_pct,orb,drb,trb,ast,stl,blk,tov,pf,pts,game_score,player_name,player_sr_link,school,season
1,18,3,2019-11-13,Stony Brook,@,Hofstra,REG (Non-Conf),W 81-38,,8,2,2,1.000,0,0,2,2,1.000,1.000,0,1,.000,0,0,0,0,0,0,0,1,4,2.6,Kyra Dixon,https://www.sports-reference.com/cbb/players/kyra-dixon-1.html,stony-brook,2019-20
2,19,5,2019-11-21,Stony Brook,,Iona,REG (Non-Conf),W 59-40,,4,0,0,,0,0,0,0,,,0,0,,0,3,3,0,0,0,0,0,0,0.9,Kyra Dixon,https://www.sports-reference.com/cbb/players/kyra-dixon-1.html,stony-brook,2019-20
3,20,7,2019-11-27,Stony Brook,@,LIU,REG (Non-Conf),W 80-49,,5,1,1,1.000,0,0,1,1,1.000,1.000,0,0,,1,1,2,0,0,0,1,1,2,1.3,Kyra Dixon,https://www.sports-reference.com/cbb/players/kyra-dixon-1.html,stony-brook,2019-20
4,21,8,2019-12-03,Stony Brook,,Molloy,REG (Non-Conf),W 66-49,,6,0,0,,0,0,0,0,,,0,0,,0,2,2,1,0,0,0,3,0,0.1,Kyra Dixon,https://www.sports-reference.com/cbb/players/kyra-dixon-1.html,stony-brook,2019-20
5,22,10,2019-12-15,Stony Brook,@,Wagner,REG (Non-Conf),W 66-45,,1,0,0,,0,0,0,0,,,0,0,,0,1,1,0,0,0,0,0,0,0.3,Kyra Dixon,https://www.sports-reference.com/cbb/players/kyra-dixon-1.html,stony-brook,2019-20
6,23,29,2020-02-29,Stony Brook,,Albany (NY),REG (Conf),W 53-44,,1,0,0,,0,0,0,0,,,0,0,,0,0,0,0,0,0,0,0,0,0.0,Kyra Dixon,https://www.sports-reference.com/cbb/players/kyra-dixon-1.html,stony-brook,2019-20
