ranker,player_game_num_career,team_game_num_season,date,team_name_abbr,game_location,opp_name_abbr,game_type,game_result,is_starter,mp,fg,fga,fg_pct,fg3,fg3a,fg2,fg2a,fg2_pct,efg_pct,ft,fta,ft_pct,orb,drb,trb,ast,stl,blk,tov,pf,pts,game_score,player_name,player_sr_link,school,season
1,60,1,2019-11-05,Stony Brook,@,St. Francis Brooklyn,REG (Non-Conf),W 86-73,,7,1,2,.500,0,0,1,2,.500,.500,0,0,,0,2,2,0,0,0,0,1,2,1.2,McKenzie Bushee,https://www.sports-reference.com/cbb/players/mckenzie-bushee-1.html,stony-brook,2019-20
2,61,2,2019-11-08,Stony Brook,,Manhattan,REG (Non-Conf),W 59-54,,11,3,4,.750,0,0,3,4,.750,.750,0,0,,2,2,4,1,0,0,0,2,6,6.3,McKenzie Bushee,https://www.sports-reference.com/cbb/players/mckenzie-bushee-1.html,stony-brook,2019-20
3,62,3,2019-11-13,Stony Brook,@,Hofstra,REG (Non-Conf),W 81-38,,20,2,7,.286,0,0,2,7,.286,.286,0,0,,4,2,6,2,0,3,0,2,4,6.0,McKenzie Bushee,https://www.sports-reference.com/cbb/players/mckenzie-bushee-1.html,stony-brook,2019-20
4,63,4,2019-11-17,Stony Brook,@,Arkansas,REG (Non-Conf),L 58-88,,5,0,1,.000,0,0,0,1,.000,.000,0,2,.000,0,0,0,0,0,0,0,1,0,-1.9,McKenzie Bushee,https://www.sports-reference.com/cbb/players/mckenzie-bushee-1.html,stony-brook,2019-20
5,64,5,2019-11-21,Stony Brook,,Iona,REG (Non-Conf),W 59-40,,5,0,1,.000,0,0,0,1,.000,.000,0,0,,0,0,0,0,0,0,0,0,0,-0.7,McKenzie Bushee,https://www.sports-reference.com/cbb/players/mckenzie-bushee-1.html,stony-brook,2019-20
6,65,7,2019-11-27,Stony Brook,@,LIU,REG (Non-Conf),W 80-49,,6,3,3,1.000,0,0,3,3,1.000,1.000,0,0,,0,0,0,0,0,2,0,0,6,6.5,McKenzie Bushee,https://www.sports-reference.com/cbb/players/mckenzie-bushee-1.html,stony-brook,2019-20
7,66,8,2019-12-03,Stony Brook,,Molloy,REG (Non-Conf),W 66-49,,15,2,4,.500,0,0,2,4,.500,.500,0,0,,2,2,4,0,1,0,0,2,4,4.2,McKenzie Bushee,https://www.sports-reference.com/cbb/players/mckenzie-bushee-1.html,stony-brook,2019-20
8,67,9,2019-12-08,Stony Brook,@,Pittsburgh,REG (Non-Conf),W 59-56,,13,4,6,.667,0,0,4,6,.667,.667,2,2,1.000,0,0,0,0,1,0,0,0,10,8.4,McKenzie Bushee,https://www.sports-reference.com/cbb/players/mckenzie-bushee-1.html,stony-brook,2019-20
9,68,10,2019-12-15,Stony Brook,@,Wagner,REG (Non-Conf),W 66-45,,10,0,0,,0,0,0,0,,,0,0,,0,1,1,0,0,0,1,2,0,-1.5,McKenzie Bushee,https://www.sports-reference.com/cbb/players/mckenzie-bushee-1.html,stony-brook,2019-20
10,69,11,2019-12-20,Stony Brook,@,Morgan State,REG (Non-Conf),W 63-56,,9,0,1,.000,0,0,0,1,.000,.000,0,0,,0,0,0,0,0,0,0,1,0,-1.1,McKenzie Bushee,https://www.sports-reference.com/cbb/players/mckenzie-bushee-1.html,stony-brook,2019-20
11,70,12,2019-12-22,Stony Brook,,Western Michigan,REG (Non-Conf),W 50-47,,3,1,2,.500,0,0,1,2,.500,.500,0,0,,0,0,0,1,0,0,0,0,2,1.7,McKenzie Bushee,https://www.sports-reference.com/cbb/players/mckenzie-bushee-1.html,stony-brook,2019-20
12,71,13,2019-12-29,Stony Brook,,Bucknell,REG (Non-Conf),W 78-73 (2OT),,3,0,2,.000,0,0,0,2,.000,.000,0,0,,0,1,1,0,0,0,0,2,0,-1.9,McKenzie Bushee,https://www.sports-reference.com/cbb/players/mckenzie-bushee-1.html,stony-brook,2019-20
13,72,14,2020-01-02,Stony Brook,,UMBC,REG (Conf),W 57-45,,9,0,2,.000,0,0,0,2,.000,.000,0,0,,2,1,3,2,0,1,0,1,0,2.0,McKenzie Bushee,https://www.sports-reference.com/cbb/players/mckenzie-bushee-1.html,stony-brook,2019-20
14,73,15,2020-01-05,Stony Brook,,Maine,REG (Conf),W 73-69,,8,1,4,.250,0,0,1,4,.250,.250,3,3,1.000,1,1,2,0,1,0,0,0,5,4.6,McKenzie Bushee,https://www.sports-reference.com/cbb/players/mckenzie-bushee-1.html,stony-brook,2019-20
15,74,16,2020-01-08,Stony Brook,,Vermont,REG (Conf),W 67-49,,12,1,4,.250,0,0,1,4,.250,.250,0,0,,1,0,1,0,1,1,0,2,2,1.2,McKenzie Bushee,https://www.sports-reference.com/cbb/players/mckenzie-bushee-1.html,stony-brook,2019-20
16,75,17,2020-01-11,Stony Brook,@,New Hampshire,REG (Conf),W 53-44 (OT),,7,1,1,1.000,0,0,1,1,1.000,1.000,0,0,,0,1,1,0,0,0,0,2,2,1.2,McKenzie Bushee,https://www.sports-reference.com/cbb/players/mckenzie-bushee-1.html,stony-brook,2019-20
17,76,18,2020-01-15,Stony Brook,,Hartford,REG (Conf),W 66-55,,16,1,4,.250,0,0,1,4,.250,.250,1,2,.500,1,1,2,1,0,0,2,3,3,-1.3,McKenzie Bushee,https://www.sports-reference.com/cbb/players/mckenzie-bushee-1.html,stony-brook,2019-20
18,77,19,2020-01-18,Stony Brook,@,Albany (NY),REG (Conf),W 73-53,,21,5,8,.625,0,0,5,8,.625,.625,0,0,,4,4,8,2,0,0,1,2,10,10.0,McKenzie Bushee,https://www.sports-reference.com/cbb/players/mckenzie-bushee-1.html,stony-brook,2019-20
19,78,20,2020-01-22,Stony Brook,@,Binghamton,REG (Conf),W 67-60,,10,1,1,1.000,0,0,1,1,1.000,1.000,0,0,,0,1,1,0,0,1,0,3,2,1.5,McKenzie Bushee,https://www.sports-reference.com/cbb/players/mckenzie-bushee-1.html,stony-brook,2019-20
20,79,21,2020-01-29,Stony Brook,,UMass Lowell,REG (Conf),W 60-41,,16,0,0,,0,0,0,0,,,0,0,,1,1,2,1,0,2,1,3,0,0.9,McKenzie Bushee,https://www.sports-reference.com/cbb/players/mckenzie-bushee-1.html,stony-brook,2019-20
21,80,22,2020-02-01,Stony Brook,@,UMBC,REG (Conf),W 66-49,,12,2,3,.667,0,0,2,3,.667,.667,0,0,,2,1,3,0,0,0,1,1,4,3.0,McKenzie Bushee,https://www.sports-reference.com/cbb/players/mckenzie-bushee-1.html,stony-brook,2019-20
22,81,23,2020-02-05,Stony Brook,@,UMass Lowell,REG (Conf),W 89-69,,20,4,7,.571,0,0,4,7,.571,.571,0,0,,7,3,10,2,1,0,0,2,8,12.1,McKenzie Bushee,https://www.sports-reference.com/cbb/players/mckenzie-bushee-1.html,stony-brook,2019-20
23,82,24,2020-02-08,Stony Brook,,New Hampshire,REG (Conf),W 52-50,,10,1,1,1.000,0,0,1,1,1.000,1.000,1,1,1.000,1,0,1,1,0,0,0,1,3,3.7,McKenzie Bushee,https://www.sports-reference.com/cbb/players/mckenzie-bushee-1.html,stony-brook,2019-20
24,83,25,2020-02-12,Stony Brook,,Binghamton,REG (Conf),W 58-54,,9,2,3,.667,0,0,2,3,.667,.667,0,0,,1,1,2,0,0,1,0,0,4,4.4,McKenzie Bushee,https://www.sports-reference.com/cbb/players/mckenzie-bushee-1.html,stony-brook,2019-20
25,84,26,2020-02-19,Stony Brook,@,Vermont,REG (Conf),W 72-68,,8,1,2,.500,0,0,1,2,.500,.500,0,0,,1,0,1,0,0,0,0,0,2,1.7,McKenzie Bushee,https://www.sports-reference.com/cbb/players/mckenzie-bushee-1.html,stony-brook,2019-20
26,85,27,2020-02-23,Stony Brook,@,Maine,REG (Conf),L 62-64 (OT),,14,2,3,.667,0,0,2,3,.667,.667,0,0,,0,2,2,0,1,0,1,1,4,2.9,McKenzie Bushee,https://www.sports-reference.com/cbb/players/mckenzie-bushee-1.html,stony-brook,2019-20
27,86,28,2020-02-26,Stony Brook,@,Hartford,REG (Conf),L 67-70,*,23,5,9,.556,0,0,5,9,.556,.556,0,0,,8,3,11,0,3,1,0,3,10,14.7,McKenzie Bushee,https://www.sports-reference.com/cbb/players/mckenzie-bushee-1.html,stony-brook,2019-20
28,87,29,2020-02-29,Stony Brook,,Albany (NY),REG (Conf),W 53-44,*,18,2,3,.667,0,0,2,3,.667,.667,0,0,,5,1,6,0,0,0,1,4,4,3.9,McKenzie Bushee,https://www.sports-reference.com/cbb/players/mckenzie-bushee-1.html,stony-brook,2019-20
29,88,30,2020-03-04,Stony Brook,,Albany (NY),CTOURN,W 54-49 (OT),*,11,0,5,.000,0,0,0,5,.000,.000,0,0,,1,1,2,0,0,1,0,1,0,-2.2,McKenzie Bushee,https://www.sports-reference.com/cbb/players/mckenzie-bushee-1.html,stony-brook,2019-20
30,89,31,2020-03-08,Stony Brook,,Binghamton,CTOURN,W 57-42,*,15,2,4,.500,0,0,2,4,.500,.500,0,0,,2,2,4,0,0,1,0,1,4,4.3,McKenzie Bushee,https://www.sports-reference.com/cbb/players/mckenzie-bushee-1.html,stony-brook,2019-20
