ranker,player_game_num_career,team_game_num_season,date,team_name_abbr,game_location,opp_name_abbr,game_type,game_result,is_starter,mp,fg,fga,fg_pct,fg3,fg3a,fg3_pct,fg2,fg2a,fg2_pct,efg_pct,ft,fta,ft_pct,orb,drb,trb,ast,stl,blk,tov,pf,pts,game_score,player_name,player_sr_link,school,season
1,45,1,2024-11-04,Virginia,,American,REG (Non-Conf),W 104-68,,17,2,2,1.000,1,1,1.000,1,1,1.000,1.250,2,2,1.000,0,2,2,0,0,0,3,2,7,3.2,Casey Valenti-Paea,https://www.sports-reference.com/cbb/players/casey-valenti-paea-1.html,virginia,2024-25
2,46,2,2024-11-08,Virginia,@,Oklahoma,REG (Non-Conf),L 51-95,,7,0,1,.000,0,1,.000,0,0,,.000,0,0,,0,1,1,0,1,0,0,1,0,0.2,Casey Valenti-Paea,https://www.sports-reference.com/cbb/players/casey-valenti-paea-1.html,virginia,2024-25
3,47,3,2024-11-13,Virginia,,Radford,REG (Non-Conf),W 83-41,,13,1,1,1.000,0,0,,1,1,1.000,1.000,3,3,1.000,1,1,2,0,1,0,1,1,5,5.3,Casey Valenti-Paea,https://www.sports-reference.com/cbb/players/casey-valenti-paea-1.html,virginia,2024-25
4,48,4,2024-11-17,Virginia,,La Salle,REG (Non-Conf),W 76-47,,17,0,3,.000,0,2,.000,0,1,.000,.000,4,4,1.000,0,2,2,2,0,0,1,1,4,2.5,Casey Valenti-Paea,https://www.sports-reference.com/cbb/players/casey-valenti-paea-1.html,virginia,2024-25
5,49,5,2024-11-20,Virginia,,Alabama State,REG (Non-Conf),W 85-50,,15,1,3,.333,0,1,.000,1,2,.500,.333,4,6,.667,1,1,2,2,2,0,2,2,6,5.1,Casey Valenti-Paea,https://www.sports-reference.com/cbb/players/casey-valenti-paea-1.html,virginia,2024-25
6,50,6,2024-11-24,Virginia,,Bethune-Cookman,REG (Non-Conf),W 82-48,,27,1,6,.167,1,3,.333,0,3,.000,.250,0,0,,3,2,5,2,2,1,2,0,3,4.0,Casey Valenti-Paea,https://www.sports-reference.com/cbb/players/casey-valenti-paea-1.html,virginia,2024-25
7,51,7,2024-11-28,Virginia,N,Green Bay,REG (Non-Conf),W 66-61,,4,1,1,1.000,0,0,,1,1,1.000,1.000,0,0,,0,1,1,0,1,0,0,1,2,2.6,Casey Valenti-Paea,https://www.sports-reference.com/cbb/players/casey-valenti-paea-1.html,virginia,2024-25
8,52,8,2024-11-29,Virginia,N,Washington State,REG (Non-Conf),L 74-75,,11,0,0,,0,0,,0,0,,,0,4,.000,2,0,2,2,1,0,0,1,0,1.8,Casey Valenti-Paea,https://www.sports-reference.com/cbb/players/casey-valenti-paea-1.html,virginia,2024-25
9,53,9,2024-11-30,Virginia,N,Wyoming,REG (Non-Conf),L 66-71,,16,0,0,,0,0,,0,0,,,2,2,1.000,1,0,1,1,0,1,1,5,2,1.1,Casey Valenti-Paea,https://www.sports-reference.com/cbb/players/casey-valenti-paea-1.html,virginia,2024-25
10,54,10,2024-12-05,Virginia,,Auburn,REG (Non-Conf),L 57-66,,17,0,2,.000,0,1,.000,0,1,.000,.000,2,2,1.000,1,1,2,1,0,0,1,0,2,1.3,Casey Valenti-Paea,https://www.sports-reference.com/cbb/players/casey-valenti-paea-1.html,virginia,2024-25
11,55,11,2024-12-08,Virginia,,Boston College,REG (Conf),L 57-72,,13,0,1,.000,0,0,,0,1,.000,.000,2,2,1.000,0,0,0,1,0,0,2,1,2,-0.4,Casey Valenti-Paea,https://www.sports-reference.com/cbb/players/casey-valenti-paea-1.html,virginia,2024-25
12,56,12,2024-12-17,Virginia,,Maryland Eastern Shore,REG (Non-Conf),W 80-64,,2,0,1,.000,0,1,.000,0,0,,.000,0,0,,0,1,1,0,0,0,0,0,0,-0.4,Casey Valenti-Paea,https://www.sports-reference.com/cbb/players/casey-valenti-paea-1.html,virginia,2024-25
13,57,13,2024-12-21,Virginia,,Coppin State,REG (Non-Conf),W 74-66,,9,0,0,,0,0,,0,0,,,1,2,.500,1,1,2,0,0,0,0,0,1,1.6,Casey Valenti-Paea,https://www.sports-reference.com/cbb/players/casey-valenti-paea-1.html,virginia,2024-25
14,58,14,2024-12-29,Virginia,@,Notre Dame,REG (Conf),L 54-95,,6,0,1,.000,0,0,,0,1,.000,.000,2,2,1.000,0,1,1,0,0,0,1,0,2,0.6,Casey Valenti-Paea,https://www.sports-reference.com/cbb/players/casey-valenti-paea-1.html,virginia,2024-25
15,59,15,2025-01-02,Virginia,,Wake Forest,REG (Conf),W 69-46,,3,1,1,1.000,0,0,,1,1,1.000,1.000,0,0,,0,2,2,1,0,0,0,0,2,3.0,Casey Valenti-Paea,https://www.sports-reference.com/cbb/players/casey-valenti-paea-1.html,virginia,2024-25
16,60,16,2025-01-09,Virginia,@,Clemson,REG (Conf),W 67-60,,3,0,0,,0,0,,0,0,,,0,0,,0,0,0,0,0,0,0,1,0,-0.4,Casey Valenti-Paea,https://www.sports-reference.com/cbb/players/casey-valenti-paea-1.html,virginia,2024-25
17,61,18,2025-01-16,Virginia,@,Virginia Tech,REG (Conf),W 73-65,,3,0,0,,0,0,,0,0,,,2,2,1.000,0,0,0,0,0,0,1,1,2,0.6,Casey Valenti-Paea,https://www.sports-reference.com/cbb/players/casey-valenti-paea-1.html,virginia,2024-25
18,62,19,2025-01-19,Virginia,@,NC State,REG (Conf),L 68-73,,3,0,0,,0,0,,0,0,,,0,0,,0,0,0,0,0,0,0,1,0,-0.4,Casey Valenti-Paea,https://www.sports-reference.com/cbb/players/casey-valenti-paea-1.html,virginia,2024-25
19,63,20,2025-01-23,Virginia,,Georgia Tech,REG (Conf),L 62-75,,11,0,1,.000,0,0,,0,1,.000,.000,0,0,,1,2,3,0,0,0,0,3,0,-0.6,Casey Valenti-Paea,https://www.sports-reference.com/cbb/players/casey-valenti-paea-1.html,virginia,2024-25
20,64,21,2025-01-26,Virginia,,Louisville,REG (Conf),L 65-68,,5,2,2,1.000,0,0,,2,2,1.000,1.000,0,1,.000,1,0,1,0,1,1,0,0,4,5.4,Casey Valenti-Paea,https://www.sports-reference.com/cbb/players/casey-valenti-paea-1.html,virginia,2024-25
21,65,22,2025-01-30,Virginia,@,Miami (FL),REG (Conf),L 74-77,,10,1,1,1.000,0,0,,1,1,1.000,1.000,0,0,,0,1,1,0,0,0,1,0,2,1.0,Casey Valenti-Paea,https://www.sports-reference.com/cbb/players/casey-valenti-paea-1.html,virginia,2024-25
22,66,23,2025-02-02,Virginia,@,Syracuse,REG (Conf),W 70-67,,12,0,0,,0,0,,0,0,,,0,0,,1,0,1,2,1,0,0,0,0,3.1,Casey Valenti-Paea,https://www.sports-reference.com/cbb/players/casey-valenti-paea-1.html,virginia,2024-25
23,67,24,2025-02-06,Virginia,,Florida State,REG (Conf),L 68-101,,17,0,4,.000,0,1,.000,0,3,.000,.000,0,0,,1,1,2,3,1,0,0,1,0,0.9,Casey Valenti-Paea,https://www.sports-reference.com/cbb/players/casey-valenti-paea-1.html,virginia,2024-25
24,68,25,2025-02-09,Virginia,,Virginia Tech,REG (Conf),L 62-87,,15,1,1,1.000,1,1,1.000,0,0,,1.500,0,0,,0,3,3,0,1,0,1,1,3,3.2,Casey Valenti-Paea,https://www.sports-reference.com/cbb/players/casey-valenti-paea-1.html,virginia,2024-25
25,69,26,2025-02-16,Virginia,@,Pittsburgh,REG (Conf),W 80-67,,28,3,5,.600,2,4,.500,1,1,1.000,.800,4,4,1.000,0,4,4,0,0,0,3,1,12,7.5,Casey Valenti-Paea,https://www.sports-reference.com/cbb/players/casey-valenti-paea-1.html,virginia,2024-25
26,70,27,2025-02-20,Virginia,,California,REG (Conf),L 70-76,,5,0,1,.000,0,0,,0,1,.000,.000,0,0,,0,0,0,0,0,0,0,1,0,-1.1,Casey Valenti-Paea,https://www.sports-reference.com/cbb/players/casey-valenti-paea-1.html,virginia,2024-25
27,71,28,2025-02-23,Virginia,,Stanford,REG (Conf),W 89-69,,11,0,1,.000,0,0,,0,1,.000,.000,0,0,,0,0,0,0,0,0,0,0,0,-0.7,Casey Valenti-Paea,https://www.sports-reference.com/cbb/players/casey-valenti-paea-1.html,virginia,2024-25
28,72,29,2025-02-27,Virginia,@,SMU,REG (Conf),W 63-51,,2,0,1,.000,0,1,.000,0,0,,.000,0,0,,0,0,0,0,0,0,0,0,0,-0.7,Casey Valenti-Paea,https://www.sports-reference.com/cbb/players/casey-valenti-paea-1.html,virginia,2024-25
29,73,31,2025-03-05,Virginia,N,Pittsburgh,CTOURN,W 64-50,,8,0,2,.000,0,1,.000,0,1,.000,.000,0,0,,1,1,2,1,0,0,0,0,0,0.3,Casey Valenti-Paea,https://www.sports-reference.com/cbb/players/casey-valenti-paea-1.html,virginia,2024-25
30,74,32,2025-03-06,Virginia,N,California,CTOURN,L 58-75,,3,0,0,,0,0,,0,0,,,2,2,1.000,1,1,2,0,1,0,0,0,2,4.0,Casey Valenti-Paea,https://www.sports-reference.com/cbb/players/casey-valenti-paea-1.html,virginia,2024-25
