ranker,player_game_num_career,team_game_num_season,date,team_name_abbr,game_location,opp_name_abbr,game_type,game_result,is_starter,mp,fg,fga,fg_pct,fg3,fg3a,fg3_pct,fg2,fg2a,fg2_pct,efg_pct,ft,fta,ft_pct,orb,drb,trb,ast,stl,blk,tov,pf,pts,game_score,player_name,player_sr_link,school,season
1,46,3,2024-11-13,Virginia,,Radford,REG (Non-Conf),W 83-41,,25,4,12,.333,3,6,.500,1,6,.167,.458,3,3,1.000,0,4,4,5,3,0,2,0,14,12.9,Yonta Vaughn,https://www.sports-reference.com/cbb/players/yonta-vaughn-1.html,virginia,2024-25
2,47,4,2024-11-17,Virginia,,La Salle,REG (Non-Conf),W 76-47,*,26,3,10,.300,2,6,.333,1,4,.250,.400,2,3,.667,0,1,1,4,1,0,1,2,10,6.1,Yonta Vaughn,https://www.sports-reference.com/cbb/players/yonta-vaughn-1.html,virginia,2024-25
3,48,5,2024-11-20,Virginia,,Alabama State,REG (Non-Conf),W 85-50,*,25,2,7,.286,0,3,.000,2,4,.500,.286,0,0,,0,2,2,7,2,0,2,1,4,5.0,Yonta Vaughn,https://www.sports-reference.com/cbb/players/yonta-vaughn-1.html,virginia,2024-25
4,49,6,2024-11-24,Virginia,,Bethune-Cookman,REG (Non-Conf),W 82-48,*,20,1,5,.200,1,3,.333,0,2,.000,.300,0,0,,1,3,4,9,0,0,2,2,3,5.0,Yonta Vaughn,https://www.sports-reference.com/cbb/players/yonta-vaughn-1.html,virginia,2024-25
5,50,7,2024-11-28,Virginia,N,Green Bay,REG (Non-Conf),W 66-61,*,30,5,11,.455,2,6,.333,3,5,.600,.545,0,0,,0,3,3,4,2,0,2,1,12,9.6,Yonta Vaughn,https://www.sports-reference.com/cbb/players/yonta-vaughn-1.html,virginia,2024-25
6,51,8,2024-11-29,Virginia,N,Washington State,REG (Non-Conf),L 74-75,*,14,1,4,.250,0,1,.000,1,3,.333,.250,0,0,,0,1,1,0,0,1,1,1,2,-0.8,Yonta Vaughn,https://www.sports-reference.com/cbb/players/yonta-vaughn-1.html,virginia,2024-25
7,52,9,2024-11-30,Virginia,N,Wyoming,REG (Non-Conf),L 66-71,*,23,4,10,.400,2,5,.400,2,5,.400,.500,1,1,1.000,0,4,4,2,0,0,3,1,11,4.8,Yonta Vaughn,https://www.sports-reference.com/cbb/players/yonta-vaughn-1.html,virginia,2024-25
8,53,10,2024-12-05,Virginia,,Auburn,REG (Non-Conf),L 57-66,,36,3,13,.231,0,5,.000,3,8,.375,.231,2,2,1.000,0,2,2,5,3,0,0,1,8,6.8,Yonta Vaughn,https://www.sports-reference.com/cbb/players/yonta-vaughn-1.html,virginia,2024-25
9,54,11,2024-12-08,Virginia,,Boston College,REG (Conf),L 57-72,*,28,1,8,.125,0,5,.000,1,3,.333,.125,1,2,.500,2,0,2,2,1,0,4,0,3,-2.8,Yonta Vaughn,https://www.sports-reference.com/cbb/players/yonta-vaughn-1.html,virginia,2024-25
