ranker,player_game_num_career,team_game_num_season,date,team_name_abbr,game_location,opp_name_abbr,game_type,game_result,is_starter,mp,fg,fga,fg_pct,fg3,fg3a,fg2,fg2a,fg2_pct,efg_pct,ft,fta,ft_pct,orb,drb,trb,ast,stl,blk,tov,pf,pts,game_score,player_name,player_sr_link,school,season
1,1,3,2020-12-08,Stony Brook,@,Manhattan,REG (Non-Conf),W 65-52,,3,0,1,.000,0,0,0,1,.000,.000,1,2,.500,1,0,1,0,0,0,1,1,1,-0.8,Aminata Zie,https://www.sports-reference.com/cbb/players/aminata-zie-1.html,stony-brook,2020-21
2,2,4,2020-12-14,Stony Brook,,Hofstra,REG (Non-Conf),W 63-52,,3,0,0,,0,0,0,0,,,0,0,,0,0,0,1,0,0,0,1,0,0.3,Aminata Zie,https://www.sports-reference.com/cbb/players/aminata-zie-1.html,stony-brook,2020-21
3,3,9,2021-01-16,Stony Brook,@,New Hampshire,REG (Conf),L 49-52,,2,0,1,.000,0,0,0,1,.000,.000,1,2,.500,1,0,1,0,0,0,0,1,1,0.2,Aminata Zie,https://www.sports-reference.com/cbb/players/aminata-zie-1.html,stony-brook,2020-21
4,4,10,2021-01-17,Stony Brook,@,New Hampshire,REG (Conf),W 64-41,,3,1,1,1.000,0,0,1,1,1.000,1.000,0,0,,0,0,0,0,0,0,1,1,2,0.3,Aminata Zie,https://www.sports-reference.com/cbb/players/aminata-zie-1.html,stony-brook,2020-21
5,5,11,2021-01-23,Stony Brook,,NJIT,REG (Conf),W 63-51,,6,1,1,1.000,0,0,1,1,1.000,1.000,0,0,,1,0,1,0,1,0,1,1,2,2.0,Aminata Zie,https://www.sports-reference.com/cbb/players/aminata-zie-1.html,stony-brook,2020-21
6,6,12,2021-01-24,Stony Brook,,NJIT,REG (Conf),W 73-41,,8,1,2,.500,0,0,1,2,.500,.500,0,0,,1,0,1,0,0,0,1,0,2,0.7,Aminata Zie,https://www.sports-reference.com/cbb/players/aminata-zie-1.html,stony-brook,2020-21
7,7,13,2021-01-30,Stony Brook,@,Hartford,REG (Conf),W 67-47,,2,0,0,,0,0,0,0,,,0,0,,0,0,0,1,0,1,0,0,0,1.4,Aminata Zie,https://www.sports-reference.com/cbb/players/aminata-zie-1.html,stony-brook,2020-21
8,8,18,2021-02-23,Stony Brook,,Albany (NY),REG (Conf),W 62-42,,3,0,0,,0,0,0,0,,,0,0,,0,0,0,0,0,0,0,1,0,-0.4,Aminata Zie,https://www.sports-reference.com/cbb/players/aminata-zie-1.html,stony-brook,2020-21
9,9,21,2021-03-22,Stony Brook,N,Arizona,ROUND-64,L 44-79,,2,1,1,1.000,0,0,1,1,1.000,1.000,1,2,.500,0,0,0,0,0,0,1,0,3,1.3,Aminata Zie,https://www.sports-reference.com/cbb/players/aminata-zie-1.html,stony-brook,2020-21
