ranker,player_game_num_career,team_game_num_season,date,team_name_abbr,game_location,opp_name_abbr,game_type,game_result,is_starter,mp,fg,fga,fg_pct,fg3,fg3a,fg3_pct,fg2,fg2a,fg2_pct,efg_pct,ft,fta,ft_pct,orb,drb,trb,ast,stl,blk,tov,pf,pts,game_score,player_name,player_sr_link,school,season
1,55,1,2020-11-25,Stony Brook,,Fordham,REG (Non-Conf),L 58-62,*,24,2,7,.286,1,2,.500,1,5,.200,.357,1,2,.500,1,0,1,1,0,0,1,4,6,0.3,Anastasia Warren,https://www.sports-reference.com/cbb/players/anastasia-warren-1.html,stony-brook,2020-21
2,56,2,2020-11-29,Stony Brook,,Syracuse,REG (Non-Conf),L 39-50,*,32,2,13,.154,0,6,.000,2,7,.286,.154,2,2,1.000,1,3,4,0,1,0,2,4,6,-3.3,Anastasia Warren,https://www.sports-reference.com/cbb/players/anastasia-warren-1.html,stony-brook,2020-21
3,57,3,2020-12-08,Stony Brook,@,Manhattan,REG (Non-Conf),W 65-52,*,29,5,10,.500,1,4,.250,4,6,.667,.550,3,3,1.000,1,5,6,3,0,0,1,5,14,10.3,Anastasia Warren,https://www.sports-reference.com/cbb/players/anastasia-warren-1.html,stony-brook,2020-21
4,58,4,2020-12-14,Stony Brook,,Hofstra,REG (Non-Conf),W 63-52,*,36,2,7,.286,0,2,.000,2,5,.400,.286,6,8,.750,0,3,3,7,3,0,3,3,10,9.7,Anastasia Warren,https://www.sports-reference.com/cbb/players/anastasia-warren-1.html,stony-brook,2020-21
5,59,5,2020-12-19,Stony Brook,,Binghamton,REG (Conf),W 61-52,*,32,2,7,.286,0,0,,2,7,.286,.286,6,6,1.000,3,3,6,2,1,0,2,0,10,9.3,Anastasia Warren,https://www.sports-reference.com/cbb/players/anastasia-warren-1.html,stony-brook,2020-21
6,60,6,2020-12-20,Stony Brook,,Binghamton,REG (Conf),W 55-47,*,18,1,8,.125,0,4,.000,1,4,.250,.125,0,0,,0,1,1,2,1,0,2,0,2,-2.5,Anastasia Warren,https://www.sports-reference.com/cbb/players/anastasia-warren-1.html,stony-brook,2020-21
7,61,7,2020-12-27,Stony Brook,@,UMass Lowell,REG (Conf),L 60-63,*,31,7,11,.636,3,6,.500,4,5,.800,.773,1,2,.500,1,3,4,0,3,0,3,2,18,13.5,Anastasia Warren,https://www.sports-reference.com/cbb/players/anastasia-warren-1.html,stony-brook,2020-21
8,62,8,2020-12-28,Stony Brook,@,UMass Lowell,REG (Conf),W 60-44,*,32,2,7,.286,0,4,.000,2,3,.667,.286,0,0,,0,2,2,2,3,0,4,2,4,0.1,Anastasia Warren,https://www.sports-reference.com/cbb/players/anastasia-warren-1.html,stony-brook,2020-21
9,63,9,2021-01-16,Stony Brook,@,New Hampshire,REG (Conf),L 49-52,*,32,6,10,.600,5,8,.625,1,2,.500,.850,2,2,1.000,0,4,4,3,1,1,3,0,19,16.4,Anastasia Warren,https://www.sports-reference.com/cbb/players/anastasia-warren-1.html,stony-brook,2020-21
10,64,10,2021-01-17,Stony Brook,@,New Hampshire,REG (Conf),W 64-41,*,27,5,8,.625,2,3,.667,3,5,.600,.750,1,4,.250,0,3,3,3,2,0,0,1,13,12.8,Anastasia Warren,https://www.sports-reference.com/cbb/players/anastasia-warren-1.html,stony-brook,2020-21
11,65,11,2021-01-23,Stony Brook,,NJIT,REG (Conf),W 63-51,*,32,3,7,.429,2,4,.500,1,3,.333,.571,2,3,.667,1,1,2,2,0,0,1,2,10,6.5,Anastasia Warren,https://www.sports-reference.com/cbb/players/anastasia-warren-1.html,stony-brook,2020-21
12,66,12,2021-01-24,Stony Brook,,NJIT,REG (Conf),W 73-41,*,20,3,10,.300,1,5,.200,2,5,.400,.350,0,0,,2,3,5,0,0,0,1,1,7,2.1,Anastasia Warren,https://www.sports-reference.com/cbb/players/anastasia-warren-1.html,stony-brook,2020-21
13,67,13,2021-01-30,Stony Brook,@,Hartford,REG (Conf),W 67-47,*,27,4,9,.444,1,3,.333,3,6,.500,.500,0,0,,2,0,2,3,1,0,1,0,9,7.8,Anastasia Warren,https://www.sports-reference.com/cbb/players/anastasia-warren-1.html,stony-brook,2020-21
14,68,14,2021-01-31,Stony Brook,@,Hartford,REG (Conf),W 62-49,*,28,3,11,.273,0,4,.000,3,7,.429,.273,0,0,,2,6,8,3,0,2,0,0,6,6.2,Anastasia Warren,https://www.sports-reference.com/cbb/players/anastasia-warren-1.html,stony-brook,2020-21
15,69,15,2021-02-13,Stony Brook,,Maine,REG (Conf),W 59-54,*,29,2,5,.400,0,2,.000,2,3,.667,.400,4,4,1.000,0,3,3,1,0,0,2,1,8,4.5,Anastasia Warren,https://www.sports-reference.com/cbb/players/anastasia-warren-1.html,stony-brook,2020-21
16,70,16,2021-02-14,Stony Brook,,Maine,REG (Conf),L 49-54,*,28,2,11,.182,1,4,.250,1,7,.143,.227,2,4,.500,2,3,5,1,1,0,1,0,7,2.3,Anastasia Warren,https://www.sports-reference.com/cbb/players/anastasia-warren-1.html,stony-brook,2020-21
17,71,17,2021-02-22,Stony Brook,,Albany (NY),REG (Conf),W 58-46,*,33,7,14,.500,3,6,.500,4,8,.500,.607,4,4,1.000,0,2,2,3,2,0,2,1,21,16.3,Anastasia Warren,https://www.sports-reference.com/cbb/players/anastasia-warren-1.html,stony-brook,2020-21
18,72,18,2021-02-23,Stony Brook,,Albany (NY),REG (Conf),W 62-42,*,31,3,6,.500,1,3,.333,2,3,.667,.583,3,3,1.000,2,3,5,3,2,0,1,1,10,12.0,Anastasia Warren,https://www.sports-reference.com/cbb/players/anastasia-warren-1.html,stony-brook,2020-21
19,73,19,2021-03-07,Stony Brook,,UMass Lowell,CTOURN,W 75-55,*,28,4,9,.444,3,6,.500,1,3,.333,.611,0,0,,0,5,5,1,1,0,0,1,11,9.1,Anastasia Warren,https://www.sports-reference.com/cbb/players/anastasia-warren-1.html,stony-brook,2020-21
20,74,20,2021-03-12,Stony Brook,@,Maine,CTOURN,W 64-60,*,38,11,18,.611,4,9,.444,7,9,.778,.722,5,5,1.000,1,8,9,2,1,1,2,2,31,26.2,Anastasia Warren,https://www.sports-reference.com/cbb/players/anastasia-warren-1.html,stony-brook,2020-21
21,75,21,2021-03-22,Stony Brook,N,Arizona,ROUND-64,L 44-79,*,25,0,6,.000,0,1,.000,0,5,.000,.000,0,0,,0,4,4,0,1,0,4,0,0,-6.0,Anastasia Warren,https://www.sports-reference.com/cbb/players/anastasia-warren-1.html,stony-brook,2020-21
