ranker,player_game_num_career,team_game_num_season,date,team_name_abbr,game_location,opp_name_abbr,game_type,game_result,is_starter,mp,fg,fga,fg_pct,fg3,fg3a,fg3_pct,fg2,fg2a,fg2_pct,efg_pct,ft,fta,ft_pct,orb,drb,trb,ast,stl,blk,tov,pf,pts,game_score,player_name,player_sr_link,school,season
1,61,1,2020-11-25,Stony Brook,,Fordham,REG (Non-Conf),L 58-62,*,37,10,15,.667,1,2,.500,9,13,.692,.700,1,3,.333,2,3,5,2,2,2,3,1,22,18.4,Asiah Dingle,https://www.sports-reference.com/cbb/players/asiah-dingle-1.html,stony-brook,2020-21
2,62,2,2020-11-29,Stony Brook,,Syracuse,REG (Non-Conf),L 39-50,*,29,3,10,.300,2,4,.500,1,6,.167,.400,1,4,.250,2,4,6,4,2,0,6,4,9,1.8,Asiah Dingle,https://www.sports-reference.com/cbb/players/asiah-dingle-1.html,stony-brook,2020-21
3,63,3,2020-12-08,Stony Brook,@,Manhattan,REG (Non-Conf),W 65-52,*,22,2,3,.667,0,0,,2,3,.667,.667,4,4,1.000,0,2,2,4,1,0,5,3,8,4.9,Asiah Dingle,https://www.sports-reference.com/cbb/players/asiah-dingle-1.html,stony-brook,2020-21
4,64,5,2020-12-19,Stony Brook,,Binghamton,REG (Conf),W 61-52,,3,1,2,.500,0,0,,1,2,.500,.500,0,0,,0,1,1,0,1,0,2,0,2,0.3,Asiah Dingle,https://www.sports-reference.com/cbb/players/asiah-dingle-1.html,stony-brook,2020-21
5,65,6,2020-12-20,Stony Brook,,Binghamton,REG (Conf),W 55-47,,22,6,9,.667,1,1,1.000,5,8,.625,.722,1,1,1.000,0,2,2,1,0,0,2,2,14,8.6,Asiah Dingle,https://www.sports-reference.com/cbb/players/asiah-dingle-1.html,stony-brook,2020-21
6,66,7,2020-12-27,Stony Brook,@,UMass Lowell,REG (Conf),L 60-63,*,32,4,12,.333,0,2,.000,4,10,.400,.333,2,2,1.000,0,7,7,4,1,0,4,5,10,3.1,Asiah Dingle,https://www.sports-reference.com/cbb/players/asiah-dingle-1.html,stony-brook,2020-21
7,67,8,2020-12-28,Stony Brook,@,UMass Lowell,REG (Conf),W 60-44,*,36,3,10,.300,0,3,.000,3,7,.429,.300,5,8,.625,1,2,3,4,2,1,3,3,11,6.6,Asiah Dingle,https://www.sports-reference.com/cbb/players/asiah-dingle-1.html,stony-brook,2020-21
8,68,9,2021-01-16,Stony Brook,@,New Hampshire,REG (Conf),L 49-52,*,35,2,7,.286,0,1,.000,2,6,.333,.286,4,5,.800,0,4,4,7,1,0,4,2,8,5.8,Asiah Dingle,https://www.sports-reference.com/cbb/players/asiah-dingle-1.html,stony-brook,2020-21
9,69,10,2021-01-17,Stony Brook,@,New Hampshire,REG (Conf),W 64-41,*,34,1,6,.167,0,1,.000,1,5,.200,.167,2,2,1.000,1,0,1,7,1,0,2,2,4,4.0,Asiah Dingle,https://www.sports-reference.com/cbb/players/asiah-dingle-1.html,stony-brook,2020-21
10,70,11,2021-01-23,Stony Brook,,NJIT,REG (Conf),W 63-51,*,32,4,10,.400,0,1,.000,4,9,.444,.400,3,5,.600,0,3,3,4,3,0,1,3,11,9.3,Asiah Dingle,https://www.sports-reference.com/cbb/players/asiah-dingle-1.html,stony-brook,2020-21
11,71,12,2021-01-24,Stony Brook,,NJIT,REG (Conf),W 73-41,*,25,6,14,.429,1,2,.500,5,12,.417,.464,3,5,.600,3,5,8,0,0,0,2,1,16,9.0,Asiah Dingle,https://www.sports-reference.com/cbb/players/asiah-dingle-1.html,stony-brook,2020-21
12,72,13,2021-01-30,Stony Brook,@,Hartford,REG (Conf),W 67-47,*,29,3,9,.333,0,2,.000,3,7,.429,.333,4,6,.667,1,3,4,4,1,0,3,4,10,4.9,Asiah Dingle,https://www.sports-reference.com/cbb/players/asiah-dingle-1.html,stony-brook,2020-21
13,73,14,2021-01-31,Stony Brook,@,Hartford,REG (Conf),W 62-49,*,31,4,11,.364,0,0,,4,11,.364,.364,4,5,.800,0,4,4,6,5,1,4,3,12,11.4,Asiah Dingle,https://www.sports-reference.com/cbb/players/asiah-dingle-1.html,stony-brook,2020-21
14,74,15,2021-02-13,Stony Brook,,Maine,REG (Conf),W 59-54,*,22,6,11,.545,0,0,,6,11,.545,.545,4,10,.400,0,3,3,2,0,0,2,4,16,7.0,Asiah Dingle,https://www.sports-reference.com/cbb/players/asiah-dingle-1.html,stony-brook,2020-21
15,75,16,2021-02-14,Stony Brook,,Maine,REG (Conf),L 49-54,*,38,3,11,.273,1,2,.500,2,9,.222,.318,3,3,1.000,0,0,0,5,1,0,7,2,10,0.2,Asiah Dingle,https://www.sports-reference.com/cbb/players/asiah-dingle-1.html,stony-brook,2020-21
16,76,17,2021-02-22,Stony Brook,,Albany (NY),REG (Conf),W 58-46,*,28,4,7,.571,1,2,.500,3,5,.600,.643,3,3,1.000,0,3,3,4,3,0,6,1,12,9.0,Asiah Dingle,https://www.sports-reference.com/cbb/players/asiah-dingle-1.html,stony-brook,2020-21
17,77,18,2021-02-23,Stony Brook,,Albany (NY),REG (Conf),W 62-42,*,26,4,11,.364,1,4,.250,3,7,.429,.409,4,4,1.000,0,1,1,1,1,1,1,2,13,7.8,Asiah Dingle,https://www.sports-reference.com/cbb/players/asiah-dingle-1.html,stony-brook,2020-21
18,78,19,2021-03-07,Stony Brook,,UMass Lowell,CTOURN,W 75-55,*,31,5,12,.417,0,1,.000,5,11,.455,.417,4,5,.800,3,2,5,7,6,0,4,3,14,15.6,Asiah Dingle,https://www.sports-reference.com/cbb/players/asiah-dingle-1.html,stony-brook,2020-21
19,79,20,2021-03-12,Stony Brook,@,Maine,CTOURN,W 64-60,*,29,10,16,.625,0,0,,10,16,.625,.625,0,0,,0,4,4,2,3,0,4,3,20,13.2,Asiah Dingle,https://www.sports-reference.com/cbb/players/asiah-dingle-1.html,stony-brook,2020-21
20,80,21,2021-03-22,Stony Brook,N,Arizona,ROUND-64,L 44-79,*,27,3,7,.429,1,1,1.000,2,6,.333,.500,7,8,.875,2,2,4,1,0,0,5,3,14,6.4,Asiah Dingle,https://www.sports-reference.com/cbb/players/asiah-dingle-1.html,stony-brook,2020-21
