ranker,player_game_num_career,team_game_num_season,date,team_name_abbr,game_location,opp_name_abbr,game_type,game_result,is_starter,mp,fg,fga,fg_pct,fg3,fg3a,fg3_pct,fg2,fg2a,fg2_pct,efg_pct,ft,fta,ft_pct,orb,drb,trb,ast,stl,blk,tov,pf,pts,game_score,player_name,player_sr_link,school,season
1,68,1,2020-11-25,Stony Brook,,Fordham,REG (Non-Conf),L 58-62,,14,2,3,.667,1,1,1.000,1,2,.500,.833,0,0,,0,1,1,2,1,0,0,0,5,6.4,Earlette Scott,https://www.sports-reference.com/cbb/players/earlette-scott-1.html,stony-brook,2020-21
2,69,2,2020-11-29,Stony Brook,,Syracuse,REG (Non-Conf),L 39-50,,29,1,6,.167,1,3,.333,0,3,.000,.250,0,0,,1,2,3,1,0,0,3,2,3,-2.6,Earlette Scott,https://www.sports-reference.com/cbb/players/earlette-scott-1.html,stony-brook,2020-21
3,70,3,2020-12-08,Stony Brook,@,Manhattan,REG (Non-Conf),W 65-52,,21,2,4,.500,2,3,.667,0,1,.000,.750,3,4,.750,0,9,9,0,1,3,1,1,9,11.0,Earlette Scott,https://www.sports-reference.com/cbb/players/earlette-scott-1.html,stony-brook,2020-21
4,71,4,2020-12-14,Stony Brook,,Hofstra,REG (Non-Conf),W 63-52,,25,5,10,.500,3,7,.429,2,3,.667,.650,1,2,.500,2,5,7,1,2,1,5,4,14,8.3,Earlette Scott,https://www.sports-reference.com/cbb/players/earlette-scott-1.html,stony-brook,2020-21
5,72,5,2020-12-19,Stony Brook,,Binghamton,REG (Conf),W 61-52,,26,4,5,.800,3,3,1.000,1,2,.500,1.100,4,6,.667,0,4,4,0,1,0,1,2,15,12.7,Earlette Scott,https://www.sports-reference.com/cbb/players/earlette-scott-1.html,stony-brook,2020-21
6,73,6,2020-12-20,Stony Brook,,Binghamton,REG (Conf),W 55-47,,21,3,5,.600,1,1,1.000,2,4,.500,.700,2,2,1.000,1,2,3,0,4,0,2,1,9,9.6,Earlette Scott,https://www.sports-reference.com/cbb/players/earlette-scott-1.html,stony-brook,2020-21
7,74,7,2020-12-27,Stony Brook,@,UMass Lowell,REG (Conf),L 60-63,,23,1,8,.125,0,4,.000,1,4,.250,.125,0,0,,0,4,4,2,1,0,2,3,2,-2.8,Earlette Scott,https://www.sports-reference.com/cbb/players/earlette-scott-1.html,stony-brook,2020-21
8,75,8,2020-12-28,Stony Brook,@,UMass Lowell,REG (Conf),W 60-44,,22,1,4,.250,0,2,.000,1,2,.500,.250,0,2,.000,1,2,3,3,0,0,1,3,2,0.0,Earlette Scott,https://www.sports-reference.com/cbb/players/earlette-scott-1.html,stony-brook,2020-21
9,76,9,2021-01-16,Stony Brook,@,New Hampshire,REG (Conf),L 49-52,,18,1,6,.167,0,4,.000,1,2,.500,.167,0,0,,1,3,4,0,0,0,0,2,2,-1.0,Earlette Scott,https://www.sports-reference.com/cbb/players/earlette-scott-1.html,stony-brook,2020-21
10,77,10,2021-01-17,Stony Brook,@,New Hampshire,REG (Conf),W 64-41,,25,2,3,.667,0,1,.000,2,2,1.000,.667,1,3,.333,1,4,5,3,5,4,5,1,5,9.3,Earlette Scott,https://www.sports-reference.com/cbb/players/earlette-scott-1.html,stony-brook,2020-21
11,78,11,2021-01-23,Stony Brook,,NJIT,REG (Conf),W 63-51,*,26,1,5,.200,0,2,.000,1,3,.333,.200,1,2,.500,1,5,6,1,0,0,1,2,3,0.6,Earlette Scott,https://www.sports-reference.com/cbb/players/earlette-scott-1.html,stony-brook,2020-21
12,79,12,2021-01-24,Stony Brook,,NJIT,REG (Conf),W 73-41,*,22,1,6,.167,1,4,.250,0,2,.000,.250,0,0,,1,3,4,4,0,1,1,0,3,3.3,Earlette Scott,https://www.sports-reference.com/cbb/players/earlette-scott-1.html,stony-brook,2020-21
13,80,13,2021-01-30,Stony Brook,@,Hartford,REG (Conf),W 67-47,*,27,2,6,.333,1,3,.333,1,3,.333,.417,0,0,,0,7,7,5,1,1,2,1,5,6.5,Earlette Scott,https://www.sports-reference.com/cbb/players/earlette-scott-1.html,stony-brook,2020-21
14,81,14,2021-01-31,Stony Brook,@,Hartford,REG (Conf),W 62-49,*,31,2,7,.286,0,2,.000,2,5,.400,.286,0,0,,3,6,9,4,1,2,1,2,4,7.2,Earlette Scott,https://www.sports-reference.com/cbb/players/earlette-scott-1.html,stony-brook,2020-21
15,82,15,2021-02-13,Stony Brook,,Maine,REG (Conf),W 59-54,*,33,2,3,.667,0,1,.000,2,2,1.000,.667,4,4,1.000,2,2,4,0,2,0,3,2,8,6.9,Earlette Scott,https://www.sports-reference.com/cbb/players/earlette-scott-1.html,stony-brook,2020-21
16,83,16,2021-02-14,Stony Brook,,Maine,REG (Conf),L 49-54,*,28,3,8,.375,0,1,.000,3,7,.429,.375,0,0,,2,3,5,2,0,1,1,3,6,3.8,Earlette Scott,https://www.sports-reference.com/cbb/players/earlette-scott-1.html,stony-brook,2020-21
17,84,17,2021-02-22,Stony Brook,,Albany (NY),REG (Conf),W 58-46,*,32,3,4,.750,1,2,.500,2,2,1.000,.875,1,1,1.000,0,5,5,4,0,0,3,2,8,6.9,Earlette Scott,https://www.sports-reference.com/cbb/players/earlette-scott-1.html,stony-brook,2020-21
18,85,18,2021-02-23,Stony Brook,,Albany (NY),REG (Conf),W 62-42,*,24,3,6,.500,2,4,.500,1,2,.500,.667,0,0,,3,5,8,0,1,0,2,2,8,6.8,Earlette Scott,https://www.sports-reference.com/cbb/players/earlette-scott-1.html,stony-brook,2020-21
19,86,19,2021-03-07,Stony Brook,,UMass Lowell,CTOURN,W 75-55,*,29,4,10,.400,0,2,.000,4,8,.500,.400,2,2,1.000,0,1,1,5,4,1,0,1,10,12.7,Earlette Scott,https://www.sports-reference.com/cbb/players/earlette-scott-1.html,stony-brook,2020-21
20,87,20,2021-03-12,Stony Brook,@,Maine,CTOURN,W 64-60,*,33,0,3,.000,0,1,.000,0,2,.000,.000,0,0,,2,5,7,5,0,0,2,2,0,1.5,Earlette Scott,https://www.sports-reference.com/cbb/players/earlette-scott-1.html,stony-brook,2020-21
21,88,21,2021-03-22,Stony Brook,N,Arizona,ROUND-64,L 44-79,*,31,5,11,.455,0,2,.000,5,9,.556,.455,0,0,,2,1,3,2,1,0,2,1,10,6.0,Earlette Scott,https://www.sports-reference.com/cbb/players/earlette-scott-1.html,stony-brook,2020-21
