ranker,player_game_num_career,team_game_num_season,date,team_name_abbr,game_location,opp_name_abbr,game_type,game_result,is_starter,mp,fg,fga,fg_pct,fg3,fg3a,fg3_pct,fg2,fg2a,fg2_pct,efg_pct,ft,fta,ft_pct,orb,drb,trb,ast,stl,blk,tov,pf,pts,game_score,player_name,player_sr_link,school,season
1,22,1,2020-11-25,Stony Brook,,Fordham,REG (Non-Conf),L 58-62,,3,0,0,,0,0,,0,0,,,0,0,,0,0,0,1,0,0,0,0,0,0.7,Gigi Gonzalez,https://www.sports-reference.com/cbb/players/gigi-gonzalez-1.html,stony-brook,2020-21
2,23,2,2020-11-29,Stony Brook,,Syracuse,REG (Non-Conf),L 39-50,,11,1,4,.250,0,2,.000,1,2,.500,.250,0,0,,0,2,2,0,1,0,2,2,2,-1.6,Gigi Gonzalez,https://www.sports-reference.com/cbb/players/gigi-gonzalez-1.html,stony-brook,2020-21
3,24,3,2020-12-08,Stony Brook,@,Manhattan,REG (Non-Conf),W 65-52,,15,1,3,.333,0,2,.000,1,1,1.000,.333,0,0,,0,1,1,2,0,0,1,0,2,1.0,Gigi Gonzalez,https://www.sports-reference.com/cbb/players/gigi-gonzalez-1.html,stony-brook,2020-21
4,25,4,2020-12-14,Stony Brook,,Hofstra,REG (Non-Conf),W 63-52,*,27,1,6,.167,0,3,.000,1,3,.333,.167,1,4,.250,0,1,1,3,3,0,4,2,3,-1.4,Gigi Gonzalez,https://www.sports-reference.com/cbb/players/gigi-gonzalez-1.html,stony-brook,2020-21
5,26,5,2020-12-19,Stony Brook,,Binghamton,REG (Conf),W 61-52,*,21,3,5,.600,1,3,.333,2,2,1.000,.700,1,1,1.000,0,2,2,3,1,0,2,0,8,7.4,Gigi Gonzalez,https://www.sports-reference.com/cbb/players/gigi-gonzalez-1.html,stony-brook,2020-21
6,27,6,2020-12-20,Stony Brook,,Binghamton,REG (Conf),W 55-47,*,14,1,4,.250,0,1,.000,1,3,.333,.250,0,0,,0,0,0,0,0,0,1,0,2,-1.4,Gigi Gonzalez,https://www.sports-reference.com/cbb/players/gigi-gonzalez-1.html,stony-brook,2020-21
7,28,7,2020-12-27,Stony Brook,@,UMass Lowell,REG (Conf),L 60-63,,8,3,4,.750,0,1,.000,3,3,1.000,.750,0,0,,2,0,2,0,0,0,2,1,6,3.4,Gigi Gonzalez,https://www.sports-reference.com/cbb/players/gigi-gonzalez-1.html,stony-brook,2020-21
8,29,10,2021-01-17,Stony Brook,@,New Hampshire,REG (Conf),W 64-41,,6,0,0,,0,0,,0,0,,,0,0,,0,1,1,0,0,0,1,0,0,-0.7,Gigi Gonzalez,https://www.sports-reference.com/cbb/players/gigi-gonzalez-1.html,stony-brook,2020-21
9,30,11,2021-01-23,Stony Brook,,NJIT,REG (Conf),W 63-51,,8,0,2,.000,0,1,.000,0,1,.000,.000,0,0,,0,2,2,0,0,0,0,0,0,-0.8,Gigi Gonzalez,https://www.sports-reference.com/cbb/players/gigi-gonzalez-1.html,stony-brook,2020-21
10,31,12,2021-01-24,Stony Brook,,NJIT,REG (Conf),W 73-41,,15,3,6,.500,2,3,.667,1,3,.333,.667,0,0,,0,2,2,0,0,0,0,0,8,5.6,Gigi Gonzalez,https://www.sports-reference.com/cbb/players/gigi-gonzalez-1.html,stony-brook,2020-21
11,32,13,2021-01-30,Stony Brook,@,Hartford,REG (Conf),W 67-47,,8,1,4,.250,1,2,.500,0,2,.000,.375,0,0,,0,2,2,2,1,0,2,0,3,1.6,Gigi Gonzalez,https://www.sports-reference.com/cbb/players/gigi-gonzalez-1.html,stony-brook,2020-21
12,33,14,2021-01-31,Stony Brook,@,Hartford,REG (Conf),W 62-49,,9,0,1,.000,0,0,,0,1,.000,.000,2,2,1.000,0,1,1,1,1,0,2,1,2,0.9,Gigi Gonzalez,https://www.sports-reference.com/cbb/players/gigi-gonzalez-1.html,stony-brook,2020-21
13,34,15,2021-02-13,Stony Brook,,Maine,REG (Conf),W 59-54,,11,2,3,.667,1,2,.500,1,1,1.000,.833,0,0,,0,2,2,0,0,0,2,1,5,1.9,Gigi Gonzalez,https://www.sports-reference.com/cbb/players/gigi-gonzalez-1.html,stony-brook,2020-21
14,35,16,2021-02-14,Stony Brook,,Maine,REG (Conf),L 49-54,,2,0,1,.000,0,1,.000,0,0,,.000,0,0,,0,0,0,0,0,0,1,0,0,-1.7,Gigi Gonzalez,https://www.sports-reference.com/cbb/players/gigi-gonzalez-1.html,stony-brook,2020-21
15,36,17,2021-02-22,Stony Brook,,Albany (NY),REG (Conf),W 58-46,,12,2,3,.667,0,0,,2,3,.667,.667,0,0,,0,0,0,0,3,0,2,0,4,3.7,Gigi Gonzalez,https://www.sports-reference.com/cbb/players/gigi-gonzalez-1.html,stony-brook,2020-21
16,37,18,2021-02-23,Stony Brook,,Albany (NY),REG (Conf),W 62-42,,14,1,4,.250,0,2,.000,1,2,.500,.250,2,2,1.000,0,1,1,1,2,0,2,2,4,1.8,Gigi Gonzalez,https://www.sports-reference.com/cbb/players/gigi-gonzalez-1.html,stony-brook,2020-21
17,38,19,2021-03-07,Stony Brook,,UMass Lowell,CTOURN,W 75-55,,9,1,1,1.000,0,0,,1,1,1.000,1.000,0,1,.000,1,0,1,0,0,0,0,0,2,2.0,Gigi Gonzalez,https://www.sports-reference.com/cbb/players/gigi-gonzalez-1.html,stony-brook,2020-21
18,39,20,2021-03-12,Stony Brook,@,Maine,CTOURN,W 64-60,,8,1,2,.500,0,0,,1,2,.500,.500,0,0,,0,0,0,1,0,0,0,1,2,1.3,Gigi Gonzalez,https://www.sports-reference.com/cbb/players/gigi-gonzalez-1.html,stony-brook,2020-21
19,40,21,2021-03-22,Stony Brook,N,Arizona,ROUND-64,L 44-79,,13,1,2,.500,0,0,,1,2,.500,.500,4,4,1.000,0,0,0,3,1,0,3,0,6,5.1,Gigi Gonzalez,https://www.sports-reference.com/cbb/players/gigi-gonzalez-1.html,stony-brook,2020-21
