ranker,player_game_num_career,team_game_num_season,date,team_name_abbr,game_location,opp_name_abbr,game_type,game_result,is_starter,mp,fg,fga,fg_pct,fg3,fg3a,fg3_pct,fg2,fg2a,fg2_pct,efg_pct,ft,fta,ft_pct,orb,drb,trb,ast,stl,blk,tov,pf,pts,game_score,player_name,player_sr_link,school,season
1,92,1,2020-11-25,Stony Brook,,Fordham,REG (Non-Conf),L 58-62,*,29,1,5,.200,0,3,.000,1,2,.500,.200,0,2,.000,0,2,2,1,4,1,3,3,2,-0.1,Hailey Zeise,https://www.sports-reference.com/cbb/players/hailey-zeise-1.html,stony-brook,2020-21
2,93,2,2020-11-29,Stony Brook,,Syracuse,REG (Non-Conf),L 39-50,*,22,1,6,.167,0,4,.000,1,2,.500,.167,0,0,,1,3,4,0,0,0,1,1,2,-1.6,Hailey Zeise,https://www.sports-reference.com/cbb/players/hailey-zeise-1.html,stony-brook,2020-21
3,94,3,2020-12-08,Stony Brook,@,Manhattan,REG (Non-Conf),W 65-52,*,25,1,6,.167,1,2,.500,0,4,.000,.250,0,0,,1,4,5,2,2,1,2,1,3,2.8,Hailey Zeise,https://www.sports-reference.com/cbb/players/hailey-zeise-1.html,stony-brook,2020-21
4,95,4,2020-12-14,Stony Brook,,Hofstra,REG (Non-Conf),W 63-52,*,31,1,6,.167,1,2,.500,0,4,.000,.250,0,2,.000,3,5,8,1,1,3,0,4,3,4.2,Hailey Zeise,https://www.sports-reference.com/cbb/players/hailey-zeise-1.html,stony-brook,2020-21
5,96,5,2020-12-19,Stony Brook,,Binghamton,REG (Conf),W 61-52,*,27,2,3,.667,0,0,,2,3,.667,.667,0,0,,0,2,2,1,2,2,1,0,4,6.4,Hailey Zeise,https://www.sports-reference.com/cbb/players/hailey-zeise-1.html,stony-brook,2020-21
6,97,6,2020-12-20,Stony Brook,,Binghamton,REG (Conf),W 55-47,*,26,1,5,.200,0,4,.000,1,1,1.000,.200,0,0,,0,2,2,0,2,1,0,0,2,2.2,Hailey Zeise,https://www.sports-reference.com/cbb/players/hailey-zeise-1.html,stony-brook,2020-21
7,98,7,2020-12-27,Stony Brook,@,UMass Lowell,REG (Conf),L 60-63,*,20,0,2,.000,0,1,.000,0,1,.000,.000,0,0,,1,2,3,0,0,0,1,2,0,-1.9,Hailey Zeise,https://www.sports-reference.com/cbb/players/hailey-zeise-1.html,stony-brook,2020-21
8,99,8,2020-12-28,Stony Brook,@,UMass Lowell,REG (Conf),W 60-44,*,17,3,6,.500,0,2,.000,3,4,.750,.500,0,0,,1,3,4,3,0,0,0,3,6,5.5,Hailey Zeise,https://www.sports-reference.com/cbb/players/hailey-zeise-1.html,stony-brook,2020-21
9,100,9,2021-01-16,Stony Brook,@,New Hampshire,REG (Conf),L 49-52,*,22,0,6,.000,0,2,.000,0,4,.000,.000,0,0,,2,0,2,0,0,1,3,1,0,-5.5,Hailey Zeise,https://www.sports-reference.com/cbb/players/hailey-zeise-1.html,stony-brook,2020-21
10,101,10,2021-01-17,Stony Brook,@,New Hampshire,REG (Conf),W 64-41,*,21,2,7,.286,0,1,.000,2,6,.333,.286,0,0,,1,1,2,2,2,0,0,2,4,3.5,Hailey Zeise,https://www.sports-reference.com/cbb/players/hailey-zeise-1.html,stony-brook,2020-21
11,102,12,2021-01-24,Stony Brook,,NJIT,REG (Conf),W 73-41,,23,0,5,.000,0,3,.000,0,2,.000,.000,0,0,,2,7,9,1,3,0,1,1,0,2.3,Hailey Zeise,https://www.sports-reference.com/cbb/players/hailey-zeise-1.html,stony-brook,2020-21
12,103,13,2021-01-30,Stony Brook,@,Hartford,REG (Conf),W 67-47,*,19,0,3,.000,0,2,.000,0,1,.000,.000,0,0,,1,2,3,0,3,0,0,2,0,1.4,Hailey Zeise,https://www.sports-reference.com/cbb/players/hailey-zeise-1.html,stony-brook,2020-21
13,104,14,2021-01-31,Stony Brook,@,Hartford,REG (Conf),W 62-49,*,26,3,4,.750,0,1,.000,3,3,1.000,.750,2,2,1.000,0,2,2,1,0,2,1,2,8,7.3,Hailey Zeise,https://www.sports-reference.com/cbb/players/hailey-zeise-1.html,stony-brook,2020-21
14,105,15,2021-02-13,Stony Brook,,Maine,REG (Conf),W 59-54,*,35,2,4,.500,0,1,.000,2,3,.667,.500,2,4,.500,2,6,8,1,1,3,1,1,6,8.8,Hailey Zeise,https://www.sports-reference.com/cbb/players/hailey-zeise-1.html,stony-brook,2020-21
15,106,16,2021-02-14,Stony Brook,,Maine,REG (Conf),L 49-54,*,34,1,3,.333,1,2,.500,0,1,.000,.500,0,0,,0,7,7,1,1,0,2,2,3,2.3,Hailey Zeise,https://www.sports-reference.com/cbb/players/hailey-zeise-1.html,stony-brook,2020-21
16,107,17,2021-02-22,Stony Brook,,Albany (NY),REG (Conf),W 58-46,*,23,1,2,.500,1,2,.500,0,0,,.750,0,0,,2,4,6,1,1,2,1,2,3,5.9,Hailey Zeise,https://www.sports-reference.com/cbb/players/hailey-zeise-1.html,stony-brook,2020-21
17,108,18,2021-02-23,Stony Brook,,Albany (NY),REG (Conf),W 62-42,*,19,0,1,.000,0,0,,0,1,.000,.000,2,2,1.000,2,0,2,0,2,3,0,0,2,6.8,Hailey Zeise,https://www.sports-reference.com/cbb/players/hailey-zeise-1.html,stony-brook,2020-21
18,109,19,2021-03-07,Stony Brook,,UMass Lowell,CTOURN,W 75-55,*,15,0,0,,0,0,,0,0,,,0,0,,2,2,4,0,1,1,3,0,0,0.7,Hailey Zeise,https://www.sports-reference.com/cbb/players/hailey-zeise-1.html,stony-brook,2020-21
19,110,20,2021-03-12,Stony Brook,@,Maine,CTOURN,W 64-60,*,26,1,1,1.000,0,0,,1,1,1.000,1.000,1,2,.500,2,1,3,1,0,0,1,3,3,2.5,Hailey Zeise,https://www.sports-reference.com/cbb/players/hailey-zeise-1.html,stony-brook,2020-21
20,111,21,2021-03-22,Stony Brook,N,Arizona,ROUND-64,L 44-79,*,19,0,6,.000,0,2,.000,0,4,.000,.000,0,0,,3,4,7,1,1,1,2,3,0,-1.7,Hailey Zeise,https://www.sports-reference.com/cbb/players/hailey-zeise-1.html,stony-brook,2020-21
