ranker,player_game_num_career,team_game_num_season,date,team_name_abbr,game_location,opp_name_abbr,game_type,game_result,is_starter,mp,fg,fga,fg_pct,fg3,fg3a,fg3_pct,fg2,fg2a,fg2_pct,efg_pct,ft,fta,ft_pct,orb,drb,trb,ast,stl,blk,tov,pf,pts,game_score,player_name,player_sr_link,school,season
1,88,1,2020-11-25,Stony Brook,,Fordham,REG (Non-Conf),L 58-62,*,34,5,16,.313,0,0,,5,16,.313,.313,2,2,1.000,4,6,10,3,0,0,0,2,12,8.7,India Pagan,https://www.sports-reference.com/cbb/players/india-pagan-1.html,stony-brook,2020-21
2,89,2,2020-11-29,Stony Brook,,Syracuse,REG (Non-Conf),L 39-50,*,17,0,6,.000,0,0,,0,6,.000,.000,0,2,.000,2,4,6,0,2,0,1,2,0,-2.2,India Pagan,https://www.sports-reference.com/cbb/players/india-pagan-1.html,stony-brook,2020-21
3,90,3,2020-12-08,Stony Brook,@,Manhattan,REG (Non-Conf),W 65-52,*,19,5,8,.625,0,0,,5,8,.625,.625,2,2,1.000,0,4,4,2,0,1,0,1,12,11.3,India Pagan,https://www.sports-reference.com/cbb/players/india-pagan-1.html,stony-brook,2020-21
4,91,4,2020-12-14,Stony Brook,,Hofstra,REG (Non-Conf),W 63-52,*,13,1,2,.500,0,0,,1,2,.500,.500,2,2,1.000,2,1,3,0,0,0,1,4,4,2.1,India Pagan,https://www.sports-reference.com/cbb/players/india-pagan-1.html,stony-brook,2020-21
5,92,5,2020-12-19,Stony Brook,,Binghamton,REG (Conf),W 61-52,*,26,4,12,.333,0,0,,4,12,.333,.333,4,5,.800,2,4,6,1,0,0,3,2,12,4.3,India Pagan,https://www.sports-reference.com/cbb/players/india-pagan-1.html,stony-brook,2020-21
6,93,6,2020-12-20,Stony Brook,,Binghamton,REG (Conf),W 55-47,*,26,4,8,.500,0,1,.000,4,7,.571,.500,2,2,1.000,1,5,6,0,0,1,2,3,10,5.7,India Pagan,https://www.sports-reference.com/cbb/players/india-pagan-1.html,stony-brook,2020-21
7,94,7,2020-12-27,Stony Brook,@,UMass Lowell,REG (Conf),L 60-63,*,26,3,7,.429,0,0,,3,7,.429,.429,3,4,.750,3,1,4,0,2,0,1,2,9,7.5,India Pagan,https://www.sports-reference.com/cbb/players/india-pagan-1.html,stony-brook,2020-21
8,95,8,2020-12-28,Stony Brook,@,UMass Lowell,REG (Conf),W 60-44,*,29,4,6,.667,0,0,,4,6,.667,.667,3,4,.750,2,2,4,0,0,0,2,3,11,6.8,India Pagan,https://www.sports-reference.com/cbb/players/india-pagan-1.html,stony-brook,2020-21
9,96,9,2021-01-16,Stony Brook,@,New Hampshire,REG (Conf),L 49-52,*,30,6,10,.600,0,0,,6,10,.600,.600,1,2,.500,3,4,7,1,2,0,3,1,13,10.6,India Pagan,https://www.sports-reference.com/cbb/players/india-pagan-1.html,stony-brook,2020-21
10,97,10,2021-01-17,Stony Brook,@,New Hampshire,REG (Conf),W 64-41,*,21,3,8,.375,0,0,,3,8,.375,.375,3,5,.600,5,1,6,0,0,0,2,1,9,5.2,India Pagan,https://www.sports-reference.com/cbb/players/india-pagan-1.html,stony-brook,2020-21
11,98,11,2021-01-23,Stony Brook,,NJIT,REG (Conf),W 63-51,*,18,3,8,.375,0,0,,3,8,.375,.375,2,3,.667,2,2,4,1,0,0,1,3,8,3.7,India Pagan,https://www.sports-reference.com/cbb/players/india-pagan-1.html,stony-brook,2020-21
12,99,12,2021-01-24,Stony Brook,,NJIT,REG (Conf),W 73-41,*,16,6,8,.750,0,0,,6,8,.750,.750,2,3,.667,3,1,4,1,2,0,2,1,14,13.1,India Pagan,https://www.sports-reference.com/cbb/players/india-pagan-1.html,stony-brook,2020-21
13,100,13,2021-01-30,Stony Brook,@,Hartford,REG (Conf),W 67-47,*,24,7,9,.778,0,0,,7,9,.778,.778,4,6,.667,1,3,4,1,1,1,2,2,18,14.9,India Pagan,https://www.sports-reference.com/cbb/players/india-pagan-1.html,stony-brook,2020-21
14,101,14,2021-01-31,Stony Brook,@,Hartford,REG (Conf),W 62-49,*,26,9,15,.600,0,0,,9,15,.600,.600,1,2,.500,3,3,6,1,0,0,0,0,19,15.4,India Pagan,https://www.sports-reference.com/cbb/players/india-pagan-1.html,stony-brook,2020-21
15,102,15,2021-02-13,Stony Brook,,Maine,REG (Conf),W 59-54,*,20,1,5,.200,0,0,,1,5,.200,.200,2,6,.333,0,5,5,1,2,1,3,1,4,0.8,India Pagan,https://www.sports-reference.com/cbb/players/india-pagan-1.html,stony-brook,2020-21
16,103,16,2021-02-14,Stony Brook,,Maine,REG (Conf),L 49-54,*,22,5,6,.833,0,0,,5,6,.833,.833,2,2,1.000,2,1,3,2,0,0,5,2,12,7.1,India Pagan,https://www.sports-reference.com/cbb/players/india-pagan-1.html,stony-brook,2020-21
17,104,17,2021-02-22,Stony Brook,,Albany (NY),REG (Conf),W 58-46,*,26,0,5,.000,0,0,,0,5,.000,.000,0,0,,4,4,8,1,3,0,1,0,0,3.2,India Pagan,https://www.sports-reference.com/cbb/players/india-pagan-1.html,stony-brook,2020-21
18,105,18,2021-02-23,Stony Brook,,Albany (NY),REG (Conf),W 62-42,*,23,3,7,.429,0,0,,3,7,.429,.429,1,1,1.000,2,3,5,0,0,0,1,3,7,3.4,India Pagan,https://www.sports-reference.com/cbb/players/india-pagan-1.html,stony-brook,2020-21
19,106,19,2021-03-07,Stony Brook,,UMass Lowell,CTOURN,W 75-55,*,25,4,7,.571,0,0,,4,7,.571,.571,2,2,1.000,1,1,2,1,0,1,2,1,10,6.7,India Pagan,https://www.sports-reference.com/cbb/players/india-pagan-1.html,stony-brook,2020-21
20,107,20,2021-03-12,Stony Brook,@,Maine,CTOURN,W 64-60,*,31,2,7,.286,0,0,,2,7,.286,.286,0,0,,3,4,7,2,1,1,5,0,4,1.3,India Pagan,https://www.sports-reference.com/cbb/players/india-pagan-1.html,stony-brook,2020-21
21,108,21,2021-03-22,Stony Brook,N,Arizona,ROUND-64,L 44-79,,13,1,2,.500,0,0,,1,2,.500,.500,0,0,,0,0,0,0,0,0,0,0,2,1.0,India Pagan,https://www.sports-reference.com/cbb/players/india-pagan-1.html,stony-brook,2020-21
