ranker,player_game_num_career,team_game_num_season,date,team_name_abbr,game_location,opp_name_abbr,game_type,game_result,is_starter,mp,fg,fga,fg_pct,fg3,fg3a,fg3_pct,fg2,fg2a,fg2_pct,efg_pct,ft,fta,ft_pct,orb,drb,trb,ast,stl,blk,tov,pf,pts,game_score,player_name,player_sr_link,school,season
1,67,1,2020-11-25,Stony Brook,,Fordham,REG (Non-Conf),L 58-62,,29,2,3,.667,0,1,.000,2,2,1.000,.667,0,0,,1,3,4,1,0,0,2,3,4,1.8,Jonae Cox,https://www.sports-reference.com/cbb/players/jonae-cox-1.html,stony-brook,2020-21
2,68,2,2020-11-29,Stony Brook,,Syracuse,REG (Non-Conf),L 39-50,*,9,0,3,.000,0,2,.000,0,1,.000,.000,0,0,,0,0,0,0,0,0,1,1,0,-3.5,Jonae Cox,https://www.sports-reference.com/cbb/players/jonae-cox-1.html,stony-brook,2020-21
3,69,3,2020-12-08,Stony Brook,@,Manhattan,REG (Non-Conf),W 65-52,,21,1,4,.250,0,1,.000,1,3,.333,.250,0,0,,1,4,5,0,0,0,0,0,2,1.5,Jonae Cox,https://www.sports-reference.com/cbb/players/jonae-cox-1.html,stony-brook,2020-21
4,70,4,2020-12-14,Stony Brook,,Hofstra,REG (Non-Conf),W 63-52,,12,2,3,.667,0,1,.000,2,2,1.000,.667,1,2,.500,1,4,5,2,0,0,3,1,5,3.2,Jonae Cox,https://www.sports-reference.com/cbb/players/jonae-cox-1.html,stony-brook,2020-21
5,71,5,2020-12-19,Stony Brook,,Binghamton,REG (Conf),W 61-52,,4,0,0,,0,0,,0,0,,,0,0,,0,0,0,0,0,0,0,1,0,-0.4,Jonae Cox,https://www.sports-reference.com/cbb/players/jonae-cox-1.html,stony-brook,2020-21
6,72,6,2020-12-20,Stony Brook,,Binghamton,REG (Conf),W 55-47,,12,0,0,,0,0,,0,0,,,1,2,.500,0,4,4,1,1,0,3,2,1,-0.3,Jonae Cox,https://www.sports-reference.com/cbb/players/jonae-cox-1.html,stony-brook,2020-21
7,73,8,2020-12-28,Stony Brook,@,UMass Lowell,REG (Conf),W 60-44,,7,0,2,.000,0,2,.000,0,0,,.000,0,0,,0,1,1,0,0,0,1,0,0,-2.1,Jonae Cox,https://www.sports-reference.com/cbb/players/jonae-cox-1.html,stony-brook,2020-21
8,74,9,2021-01-16,Stony Brook,@,New Hampshire,REG (Conf),L 49-52,,9,0,2,.000,0,1,.000,0,1,.000,.000,0,0,,0,1,1,1,1,0,1,0,0,-0.4,Jonae Cox,https://www.sports-reference.com/cbb/players/jonae-cox-1.html,stony-brook,2020-21
9,75,10,2021-01-17,Stony Brook,@,New Hampshire,REG (Conf),W 64-41,,3,0,0,,0,0,,0,0,,,0,0,,0,1,1,0,0,0,0,0,0,0.3,Jonae Cox,https://www.sports-reference.com/cbb/players/jonae-cox-1.html,stony-brook,2020-21
10,76,11,2021-01-23,Stony Brook,,NJIT,REG (Conf),W 63-51,,12,2,4,.500,1,2,.500,1,2,.500,.625,1,1,1.000,0,0,0,1,0,0,1,1,6,3.3,Jonae Cox,https://www.sports-reference.com/cbb/players/jonae-cox-1.html,stony-brook,2020-21
11,77,12,2021-01-24,Stony Brook,,NJIT,REG (Conf),W 73-41,,8,0,0,,0,0,,0,0,,,0,0,,1,0,1,2,0,0,1,1,0,0.7,Jonae Cox,https://www.sports-reference.com/cbb/players/jonae-cox-1.html,stony-brook,2020-21
12,78,13,2021-01-30,Stony Brook,@,Hartford,REG (Conf),W 67-47,,16,3,4,.750,2,2,1.000,1,2,.500,1.000,0,0,,1,1,2,1,1,0,0,1,8,8.7,Jonae Cox,https://www.sports-reference.com/cbb/players/jonae-cox-1.html,stony-brook,2020-21
13,79,14,2021-01-31,Stony Brook,@,Hartford,REG (Conf),W 62-49,,10,0,2,.000,0,1,.000,0,1,.000,.000,0,0,,0,0,0,1,0,1,1,2,0,-1.8,Jonae Cox,https://www.sports-reference.com/cbb/players/jonae-cox-1.html,stony-brook,2020-21
14,80,15,2021-02-13,Stony Brook,,Maine,REG (Conf),W 59-54,,13,2,3,.667,0,0,,2,3,.667,.667,0,0,,0,4,4,1,0,0,1,2,4,2.8,Jonae Cox,https://www.sports-reference.com/cbb/players/jonae-cox-1.html,stony-brook,2020-21
15,81,16,2021-02-14,Stony Brook,,Maine,REG (Conf),L 49-54,,22,4,6,.667,0,2,.000,4,4,1.000,.667,1,3,.333,0,4,4,1,1,0,0,1,9,8.1,Jonae Cox,https://www.sports-reference.com/cbb/players/jonae-cox-1.html,stony-brook,2020-21
16,82,17,2021-02-22,Stony Brook,,Albany (NY),REG (Conf),W 58-46,,4,0,0,,0,0,,0,0,,,0,0,,0,0,0,0,0,0,3,0,0,-3.0,Jonae Cox,https://www.sports-reference.com/cbb/players/jonae-cox-1.html,stony-brook,2020-21
17,83,18,2021-02-23,Stony Brook,,Albany (NY),REG (Conf),W 62-42,,9,0,1,.000,0,1,.000,0,0,,.000,2,2,1.000,0,0,0,1,0,0,1,2,2,0.2,Jonae Cox,https://www.sports-reference.com/cbb/players/jonae-cox-1.html,stony-brook,2020-21
18,84,19,2021-03-07,Stony Brook,,UMass Lowell,CTOURN,W 75-55,,12,3,7,.429,1,4,.250,2,3,.667,.500,0,0,,0,2,2,1,0,0,0,0,7,4.6,Jonae Cox,https://www.sports-reference.com/cbb/players/jonae-cox-1.html,stony-brook,2020-21
19,85,20,2021-03-12,Stony Brook,@,Maine,CTOURN,W 64-60,,7,0,0,,0,0,,0,0,,,0,0,,0,2,2,0,2,0,1,1,0,1.2,Jonae Cox,https://www.sports-reference.com/cbb/players/jonae-cox-1.html,stony-brook,2020-21
20,86,21,2021-03-22,Stony Brook,N,Arizona,ROUND-64,L 44-79,,8,0,2,.000,0,1,.000,0,1,.000,.000,0,0,,0,0,0,1,0,0,0,0,0,-0.7,Jonae Cox,https://www.sports-reference.com/cbb/players/jonae-cox-1.html,stony-brook,2020-21
