ranker,player_game_num_career,team_game_num_season,date,team_name_abbr,game_location,opp_name_abbr,game_type,game_result,is_starter,mp,fg,fga,fg_pct,fg3,fg3a,fg3_pct,fg2,fg2a,fg2_pct,efg_pct,ft,fta,orb,drb,trb,ast,stl,blk,tov,pf,pts,game_score,player_name,player_sr_link,school,season
1,6,3,2020-12-08,Stony Brook,@,Manhattan,REG (Non-Conf),W 65-52,,1,0,1,.000,0,1,.000,0,0,,.000,0,0,0,0,0,0,0,0,0,0,0,-0.7,Leah Burden,https://www.sports-reference.com/cbb/players/leah-burden-1.html,stony-brook,2020-21
2,7,10,2021-01-17,Stony Brook,@,New Hampshire,REG (Conf),W 64-41,,1,0,0,,0,0,,0,0,,,0,0,0,0,0,0,0,0,0,0,0,0.0,Leah Burden,https://www.sports-reference.com/cbb/players/leah-burden-1.html,stony-brook,2020-21
3,8,12,2021-01-24,Stony Brook,,NJIT,REG (Conf),W 73-41,,2,0,1,.000,0,0,,0,1,.000,.000,0,0,1,0,1,0,0,0,1,0,0,-1.0,Leah Burden,https://www.sports-reference.com/cbb/players/leah-burden-1.html,stony-brook,2020-21
4,9,21,2021-03-22,Stony Brook,N,Arizona,ROUND-64,L 44-79,,2,0,0,,0,0,,0,0,,,0,0,0,1,1,0,0,0,0,0,0,0.3,Leah Burden,https://www.sports-reference.com/cbb/players/leah-burden-1.html,stony-brook,2020-21
