ranker,player_game_num_career,team_game_num_season,date,team_name_abbr,game_location,opp_name_abbr,game_type,game_result,is_starter,mp,fg,fga,fg_pct,fg3,fg3a,fg3_pct,fg2,fg2a,fg2_pct,efg_pct,ft,fta,ft_pct,orb,drb,trb,ast,stl,blk,tov,pf,pts,game_score,player_name,player_sr_link,school,season
1,79,5,2020-12-19,Stony Brook,,Binghamton,REG (Conf),W 61-52,,20,2,8,.250,1,4,.250,1,4,.250,.313,0,0,,3,5,8,1,3,0,3,3,5,3.3,Leighah-Amori Wool,https://www.sports-reference.com/cbb/players/leighah-amori-wool-1.html,stony-brook,2020-21
2,80,6,2020-12-20,Stony Brook,,Binghamton,REG (Conf),W 55-47,,16,1,2,.500,0,0,,1,2,.500,.500,0,0,,0,1,1,0,0,0,0,1,2,0.9,Leighah-Amori Wool,https://www.sports-reference.com/cbb/players/leighah-amori-wool-1.html,stony-brook,2020-21
3,81,7,2020-12-27,Stony Brook,@,UMass Lowell,REG (Conf),L 60-63,,21,2,7,.286,1,2,.500,1,5,.200,.357,0,0,,3,2,5,2,0,0,1,1,5,3.6,Leighah-Amori Wool,https://www.sports-reference.com/cbb/players/leighah-amori-wool-1.html,stony-brook,2020-21
4,82,8,2020-12-28,Stony Brook,@,UMass Lowell,REG (Conf),W 60-44,,22,5,8,.625,3,5,.600,2,3,.667,.813,2,2,1.000,1,6,7,2,0,0,1,3,15,13.1,Leighah-Amori Wool,https://www.sports-reference.com/cbb/players/leighah-amori-wool-1.html,stony-brook,2020-21
5,83,9,2021-01-16,Stony Brook,@,New Hampshire,REG (Conf),L 49-52,,19,0,3,.000,0,2,.000,0,1,.000,.000,0,0,,0,1,1,0,0,0,0,1,0,-2.2,Leighah-Amori Wool,https://www.sports-reference.com/cbb/players/leighah-amori-wool-1.html,stony-brook,2020-21
6,84,10,2021-01-17,Stony Brook,@,New Hampshire,REG (Conf),W 64-41,,18,2,2,1.000,1,1,1.000,1,1,1.000,1.250,4,4,1.000,1,0,1,0,2,0,2,2,9,8.3,Leighah-Amori Wool,https://www.sports-reference.com/cbb/players/leighah-amori-wool-1.html,stony-brook,2020-21
7,85,11,2021-01-23,Stony Brook,,NJIT,REG (Conf),W 63-51,,24,4,11,.364,1,4,.250,3,7,.429,.409,1,2,.500,2,2,4,2,1,0,0,1,10,7.5,Leighah-Amori Wool,https://www.sports-reference.com/cbb/players/leighah-amori-wool-1.html,stony-brook,2020-21
8,86,12,2021-01-24,Stony Brook,,NJIT,REG (Conf),W 73-41,,18,5,9,.556,2,5,.400,3,4,.750,.667,2,2,1.000,2,8,10,1,1,1,0,1,14,15.5,Leighah-Amori Wool,https://www.sports-reference.com/cbb/players/leighah-amori-wool-1.html,stony-brook,2020-21
9,87,13,2021-01-30,Stony Brook,@,Hartford,REG (Conf),W 67-47,,20,2,7,.286,2,6,.333,0,1,.000,.429,0,0,,0,0,0,2,0,0,0,2,6,2.5,Leighah-Amori Wool,https://www.sports-reference.com/cbb/players/leighah-amori-wool-1.html,stony-brook,2020-21
10,88,14,2021-01-31,Stony Brook,@,Hartford,REG (Conf),W 62-49,,14,1,3,.333,1,3,.333,0,0,,.500,0,0,,0,2,2,1,1,0,0,1,3,3.2,Leighah-Amori Wool,https://www.sports-reference.com/cbb/players/leighah-amori-wool-1.html,stony-brook,2020-21
11,89,15,2021-02-13,Stony Brook,,Maine,REG (Conf),W 59-54,,14,1,6,.167,0,1,.000,1,5,.200,.167,2,2,1.000,1,2,3,1,0,0,2,1,4,-0.2,Leighah-Amori Wool,https://www.sports-reference.com/cbb/players/leighah-amori-wool-1.html,stony-brook,2020-21
12,90,16,2021-02-14,Stony Brook,,Maine,REG (Conf),L 49-54,,3,1,1,1.000,0,0,,1,1,1.000,1.000,0,0,,0,0,0,0,0,0,2,0,2,-0.3,Leighah-Amori Wool,https://www.sports-reference.com/cbb/players/leighah-amori-wool-1.html,stony-brook,2020-21
13,91,17,2021-02-22,Stony Brook,,Albany (NY),REG (Conf),W 58-46,,17,1,3,.333,0,1,.000,1,2,.500,.333,0,0,,0,1,1,0,0,1,0,1,2,0.9,Leighah-Amori Wool,https://www.sports-reference.com/cbb/players/leighah-amori-wool-1.html,stony-brook,2020-21
14,92,18,2021-02-23,Stony Brook,,Albany (NY),REG (Conf),W 62-42,,20,4,10,.400,0,4,.000,4,6,.667,.400,2,4,.500,1,2,3,2,0,0,0,2,10,5.7,Leighah-Amori Wool,https://www.sports-reference.com/cbb/players/leighah-amori-wool-1.html,stony-brook,2020-21
15,93,19,2021-03-07,Stony Brook,,UMass Lowell,CTOURN,W 75-55,,25,3,4,.750,2,2,1.000,1,2,.500,1.000,0,0,,2,9,11,4,1,4,1,1,8,15.7,Leighah-Amori Wool,https://www.sports-reference.com/cbb/players/leighah-amori-wool-1.html,stony-brook,2020-21
16,94,20,2021-03-12,Stony Brook,@,Maine,CTOURN,W 64-60,,11,1,7,.143,0,1,.000,1,6,.167,.143,0,0,,2,0,2,0,0,0,0,2,2,-1.9,Leighah-Amori Wool,https://www.sports-reference.com/cbb/players/leighah-amori-wool-1.html,stony-brook,2020-21
17,95,21,2021-03-22,Stony Brook,N,Arizona,ROUND-64,L 44-79,,19,1,6,.167,1,3,.333,0,3,.000,.250,2,2,1.000,0,5,5,0,1,0,0,1,5,3.3,Leighah-Amori Wool,https://www.sports-reference.com/cbb/players/leighah-amori-wool-1.html,stony-brook,2020-21
