ranker,player_game_num_career,team_game_num_season,date,team_name_abbr,game_location,opp_name_abbr,game_type,game_result,is_starter,mp,fg,fga,fg_pct,fg3,fg3a,fg2,fg2a,fg2_pct,efg_pct,ft,fta,ft_pct,orb,drb,trb,ast,stl,blk,tov,pf,pts,game_score,player_name,player_sr_link,school,season
1,90,1,2020-11-25,Stony Brook,,Fordham,REG (Non-Conf),L 58-62,,13,2,4,.500,0,0,2,4,.500,.500,2,2,1.000,2,3,5,0,0,0,0,1,6,5.9,McKenzie Bushee,https://www.sports-reference.com/cbb/players/mckenzie-bushee-1.html,stony-brook,2020-21
2,91,2,2020-11-29,Stony Brook,,Syracuse,REG (Non-Conf),L 39-50,,25,3,6,.500,0,0,3,6,.500,.500,0,2,.000,4,4,8,1,0,0,0,1,6,6.5,McKenzie Bushee,https://www.sports-reference.com/cbb/players/mckenzie-bushee-1.html,stony-brook,2020-21
3,92,3,2020-12-08,Stony Brook,@,Manhattan,REG (Non-Conf),W 65-52,,21,5,7,.714,0,0,5,7,.714,.714,0,0,,0,2,2,0,1,2,0,2,10,9.3,McKenzie Bushee,https://www.sports-reference.com/cbb/players/mckenzie-bushee-1.html,stony-brook,2020-21
4,93,4,2020-12-14,Stony Brook,,Hofstra,REG (Non-Conf),W 63-52,,30,5,7,.714,0,0,5,7,.714,.714,4,6,.667,1,1,2,1,4,0,1,2,14,14.2,McKenzie Bushee,https://www.sports-reference.com/cbb/players/mckenzie-bushee-1.html,stony-brook,2020-21
5,94,5,2020-12-19,Stony Brook,,Binghamton,REG (Conf),W 61-52,,7,0,1,.000,0,0,0,1,.000,.000,0,0,,0,2,2,0,0,0,1,3,0,-2.3,McKenzie Bushee,https://www.sports-reference.com/cbb/players/mckenzie-bushee-1.html,stony-brook,2020-21
6,95,6,2020-12-20,Stony Brook,,Binghamton,REG (Conf),W 55-47,,13,0,0,,0,0,0,0,,,3,4,.750,3,2,5,1,2,0,0,1,3,7.6,McKenzie Bushee,https://www.sports-reference.com/cbb/players/mckenzie-bushee-1.html,stony-brook,2020-21
7,96,7,2020-12-27,Stony Brook,@,UMass Lowell,REG (Conf),L 60-63,,14,4,7,.571,0,0,4,7,.571,.571,2,3,.667,4,1,5,0,0,1,2,2,10,7.3,McKenzie Bushee,https://www.sports-reference.com/cbb/players/mckenzie-bushee-1.html,stony-brook,2020-21
8,97,8,2020-12-28,Stony Brook,@,UMass Lowell,REG (Conf),W 60-44,,12,2,4,.500,0,0,2,4,.500,.500,2,2,1.000,1,0,1,0,0,0,0,0,6,4.7,McKenzie Bushee,https://www.sports-reference.com/cbb/players/mckenzie-bushee-1.html,stony-brook,2020-21
9,98,9,2021-01-16,Stony Brook,@,New Hampshire,REG (Conf),L 49-52,,8,3,6,.500,0,0,3,6,.500,.500,0,0,,0,2,2,0,0,0,0,4,6,2.0,McKenzie Bushee,https://www.sports-reference.com/cbb/players/mckenzie-bushee-1.html,stony-brook,2020-21
10,99,10,2021-01-17,Stony Brook,@,New Hampshire,REG (Conf),W 64-41,,16,3,7,.429,0,0,3,7,.429,.429,2,6,.333,4,3,7,0,0,1,2,0,8,5.1,McKenzie Bushee,https://www.sports-reference.com/cbb/players/mckenzie-bushee-1.html,stony-brook,2020-21
11,100,11,2021-01-23,Stony Brook,,NJIT,REG (Conf),W 63-51,*,24,5,9,.556,0,0,5,9,.556,.556,0,0,,4,2,6,1,0,2,0,1,10,10.8,McKenzie Bushee,https://www.sports-reference.com/cbb/players/mckenzie-bushee-1.html,stony-brook,2020-21
12,101,12,2021-01-24,Stony Brook,,NJIT,REG (Conf),W 73-41,*,24,2,3,.667,0,0,2,3,.667,.667,0,0,,2,1,3,1,0,1,0,2,4,5.0,McKenzie Bushee,https://www.sports-reference.com/cbb/players/mckenzie-bushee-1.html,stony-brook,2020-21
13,102,13,2021-01-30,Stony Brook,@,Hartford,REG (Conf),W 67-47,,16,3,8,.375,0,0,3,8,.375,.375,0,2,.000,1,2,3,1,0,1,1,1,6,2.1,McKenzie Bushee,https://www.sports-reference.com/cbb/players/mckenzie-bushee-1.html,stony-brook,2020-21
14,103,14,2021-01-31,Stony Brook,@,Hartford,REG (Conf),W 62-49,,14,2,4,.500,0,0,2,4,.500,.500,0,0,,1,1,2,0,0,0,1,2,4,1.2,McKenzie Bushee,https://www.sports-reference.com/cbb/players/mckenzie-bushee-1.html,stony-brook,2020-21
15,104,15,2021-02-13,Stony Brook,,Maine,REG (Conf),W 59-54,,8,2,3,.667,0,0,2,3,.667,.667,0,0,,0,3,3,0,0,0,1,2,4,1.8,McKenzie Bushee,https://www.sports-reference.com/cbb/players/mckenzie-bushee-1.html,stony-brook,2020-21
16,105,16,2021-02-14,Stony Brook,,Maine,REG (Conf),L 49-54,,15,0,3,.000,0,0,0,3,.000,.000,0,0,,3,4,7,0,1,2,0,2,0,2.8,McKenzie Bushee,https://www.sports-reference.com/cbb/players/mckenzie-bushee-1.html,stony-brook,2020-21
17,106,17,2021-02-22,Stony Brook,,Albany (NY),REG (Conf),W 58-46,,14,4,5,.800,0,0,4,5,.800,.800,0,0,,0,3,3,0,0,0,0,2,8,6.2,McKenzie Bushee,https://www.sports-reference.com/cbb/players/mckenzie-bushee-1.html,stony-brook,2020-21
18,107,18,2021-02-23,Stony Brook,,Albany (NY),REG (Conf),W 62-42,,14,1,2,.500,0,0,1,2,.500,.500,1,3,.333,1,0,1,0,0,0,3,1,3,-1.5,McKenzie Bushee,https://www.sports-reference.com/cbb/players/mckenzie-bushee-1.html,stony-brook,2020-21
19,108,19,2021-03-07,Stony Brook,,UMass Lowell,CTOURN,W 75-55,,15,2,5,.400,0,0,2,5,.400,.400,0,2,.000,1,1,2,2,0,2,0,2,4,3.5,McKenzie Bushee,https://www.sports-reference.com/cbb/players/mckenzie-bushee-1.html,stony-brook,2020-21
20,109,20,2021-03-12,Stony Brook,@,Maine,CTOURN,W 64-60,,5,1,1,1.000,0,0,1,1,1.000,1.000,0,0,,0,1,1,0,1,0,0,0,2,3.0,McKenzie Bushee,https://www.sports-reference.com/cbb/players/mckenzie-bushee-1.html,stony-brook,2020-21
21,110,21,2021-03-22,Stony Brook,N,Arizona,ROUND-64,L 44-79,*,26,2,3,.667,0,0,2,3,.667,.667,0,0,,1,1,2,0,0,1,3,4,4,-0.2,McKenzie Bushee,https://www.sports-reference.com/cbb/players/mckenzie-bushee-1.html,stony-brook,2020-21
