ranker,player_game_num_career,team_game_num_season,date,team_name_abbr,game_location,opp_name_abbr,game_type,game_result,is_starter,mp,fg,fga,fg_pct,fg3,fg3a,fg3_pct,fg2,fg2a,fg2_pct,efg_pct,ft,fta,ft_pct,orb,drb,trb,ast,stl,blk,tov,pf,pts,game_score,player_name,player_sr_link,school,season
1,1,1,2020-11-25,Stony Brook,,Fordham,REG (Non-Conf),L 58-62,,11,0,2,.000,0,1,.000,0,1,.000,.000,1,3,.333,0,0,0,0,0,0,0,0,1,-1.2,Nairimar Vargas-Reyes,https://www.sports-reference.com/cbb/players/nairimar-vargas-reyes-1.html,stony-brook,2020-21
2,2,2,2020-11-29,Stony Brook,,Syracuse,REG (Non-Conf),L 39-50,,23,2,6,.333,0,2,.000,2,4,.500,.333,7,10,.700,1,4,5,1,2,0,2,4,11,7.4,Nairimar Vargas-Reyes,https://www.sports-reference.com/cbb/players/nairimar-vargas-reyes-1.html,stony-brook,2020-21
3,3,3,2020-12-08,Stony Brook,@,Manhattan,REG (Non-Conf),W 65-52,*,12,0,1,.000,0,1,.000,0,0,,.000,2,2,1.000,2,0,2,1,0,0,0,3,2,2.2,Nairimar Vargas-Reyes,https://www.sports-reference.com/cbb/players/nairimar-vargas-reyes-1.html,stony-brook,2020-21
4,4,4,2020-12-14,Stony Brook,,Hofstra,REG (Non-Conf),W 63-52,*,24,4,7,.571,2,3,.667,2,4,.500,.714,0,0,,0,3,3,1,0,0,3,5,10,3.3,Nairimar Vargas-Reyes,https://www.sports-reference.com/cbb/players/nairimar-vargas-reyes-1.html,stony-brook,2020-21
5,5,5,2020-12-19,Stony Brook,,Binghamton,REG (Conf),W 61-52,*,26,1,4,.250,0,1,.000,1,3,.333,.250,2,3,.667,0,7,7,1,0,0,4,1,4,-0.4,Nairimar Vargas-Reyes,https://www.sports-reference.com/cbb/players/nairimar-vargas-reyes-1.html,stony-brook,2020-21
6,6,6,2020-12-20,Stony Brook,,Binghamton,REG (Conf),W 55-47,*,27,4,10,.400,0,2,.000,4,8,.500,.400,2,2,1.000,1,5,6,1,1,2,1,1,10,8.5,Nairimar Vargas-Reyes,https://www.sports-reference.com/cbb/players/nairimar-vargas-reyes-1.html,stony-brook,2020-21
7,7,7,2020-12-27,Stony Brook,@,UMass Lowell,REG (Conf),L 60-63,*,25,0,2,.000,0,1,.000,0,1,.000,.000,0,0,,3,1,4,0,1,0,2,2,0,-0.8,Nairimar Vargas-Reyes,https://www.sports-reference.com/cbb/players/nairimar-vargas-reyes-1.html,stony-brook,2020-21
8,8,8,2020-12-28,Stony Brook,@,UMass Lowell,REG (Conf),W 60-44,*,16,2,4,.500,0,1,.000,2,3,.667,.500,1,2,.500,3,4,7,1,1,0,3,3,5,3.4,Nairimar Vargas-Reyes,https://www.sports-reference.com/cbb/players/nairimar-vargas-reyes-1.html,stony-brook,2020-21
9,9,9,2021-01-16,Stony Brook,@,New Hampshire,REG (Conf),L 49-52,*,24,0,2,.000,0,1,.000,0,1,.000,.000,0,0,,2,1,3,2,0,0,1,3,0,-0.5,Nairimar Vargas-Reyes,https://www.sports-reference.com/cbb/players/nairimar-vargas-reyes-1.html,stony-brook,2020-21
10,10,10,2021-01-17,Stony Brook,@,New Hampshire,REG (Conf),W 64-41,*,25,4,4,1.000,0,0,,4,4,1.000,1.000,2,2,1.000,1,1,2,1,1,0,2,1,10,9.1,Nairimar Vargas-Reyes,https://www.sports-reference.com/cbb/players/nairimar-vargas-reyes-1.html,stony-brook,2020-21
11,11,13,2021-01-30,Stony Brook,@,Hartford,REG (Conf),W 67-47,,13,1,1,1.000,0,0,,1,1,1.000,1.000,0,0,,0,2,2,0,2,0,1,0,2,3.3,Nairimar Vargas-Reyes,https://www.sports-reference.com/cbb/players/nairimar-vargas-reyes-1.html,stony-brook,2020-21
12,12,14,2021-01-31,Stony Brook,@,Hartford,REG (Conf),W 62-49,,10,2,2,1.000,0,0,,2,2,1.000,1.000,0,0,,2,3,5,1,0,0,1,0,4,5.4,Nairimar Vargas-Reyes,https://www.sports-reference.com/cbb/players/nairimar-vargas-reyes-1.html,stony-brook,2020-21
13,13,15,2021-02-13,Stony Brook,,Maine,REG (Conf),W 59-54,,15,0,1,.000,0,1,.000,0,0,,.000,0,0,,1,0,1,1,0,1,2,0,0,-0.6,Nairimar Vargas-Reyes,https://www.sports-reference.com/cbb/players/nairimar-vargas-reyes-1.html,stony-brook,2020-21
14,14,16,2021-02-14,Stony Brook,,Maine,REG (Conf),L 49-54,,8,0,2,.000,0,0,,0,2,.000,.000,0,0,,0,0,0,1,0,0,0,3,0,-1.9,Nairimar Vargas-Reyes,https://www.sports-reference.com/cbb/players/nairimar-vargas-reyes-1.html,stony-brook,2020-21
15,15,17,2021-02-22,Stony Brook,,Albany (NY),REG (Conf),W 58-46,,11,0,2,.000,0,0,,0,2,.000,.000,0,0,,0,0,0,2,0,1,0,0,0,0.7,Nairimar Vargas-Reyes,https://www.sports-reference.com/cbb/players/nairimar-vargas-reyes-1.html,stony-brook,2020-21
16,16,18,2021-02-23,Stony Brook,,Albany (NY),REG (Conf),W 62-42,,16,1,3,.333,0,0,,1,3,.333,.333,1,2,.500,2,4,6,1,0,0,1,0,3,3.2,Nairimar Vargas-Reyes,https://www.sports-reference.com/cbb/players/nairimar-vargas-reyes-1.html,stony-brook,2020-21
17,17,19,2021-03-07,Stony Brook,,UMass Lowell,CTOURN,W 75-55,,11,4,6,.667,0,1,.000,4,5,.800,.667,1,2,.500,1,1,2,0,1,0,1,2,9,6.2,Nairimar Vargas-Reyes,https://www.sports-reference.com/cbb/players/nairimar-vargas-reyes-1.html,stony-brook,2020-21
18,18,20,2021-03-12,Stony Brook,@,Maine,CTOURN,W 64-60,,13,0,1,.000,0,0,,0,1,.000,.000,0,0,,4,1,5,0,0,0,4,0,0,-1.6,Nairimar Vargas-Reyes,https://www.sports-reference.com/cbb/players/nairimar-vargas-reyes-1.html,stony-brook,2020-21
19,19,21,2021-03-22,Stony Brook,N,Arizona,ROUND-64,L 44-79,,15,0,1,.000,0,0,,0,1,.000,.000,0,0,,0,2,2,0,1,0,2,0,0,-1.1,Nairimar Vargas-Reyes,https://www.sports-reference.com/cbb/players/nairimar-vargas-reyes-1.html,stony-brook,2020-21
