ranker,player_game_num_career,team_game_num_season,date,team_name_abbr,game_location,opp_name_abbr,game_type,game_result,is_starter,mp,fg,fga,fg_pct,fg3,fg3a,fg3_pct,fg2,fg2a,fg2_pct,efg_pct,ft,fta,ft_pct,orb,drb,trb,ast,stl,blk,tov,pf,pts,game_score,player_name,player_sr_link,school,season
1,32,1,2020-11-25,Stony Brook,,Fordham,REG (Non-Conf),L 58-62,*,7,0,2,.000,0,0,,0,2,.000,.000,0,0,,0,0,0,0,0,0,1,0,0,-2.4,Victoria Johnson,https://www.sports-reference.com/cbb/players/victoria-johnson-1.html,stony-brook,2020-21
2,33,2,2020-11-29,Stony Brook,,Syracuse,REG (Non-Conf),L 39-50,,4,0,2,.000,0,1,.000,0,1,.000,.000,0,0,,1,0,1,0,0,0,0,1,0,-1.1,Victoria Johnson,https://www.sports-reference.com/cbb/players/victoria-johnson-1.html,stony-brook,2020-21
3,34,3,2020-12-08,Stony Brook,@,Manhattan,REG (Non-Conf),W 65-52,,9,1,4,.250,0,1,.000,1,3,.333,.250,0,0,,0,1,1,0,0,0,2,1,2,-2.5,Victoria Johnson,https://www.sports-reference.com/cbb/players/victoria-johnson-1.html,stony-brook,2020-21
4,35,5,2020-12-19,Stony Brook,,Binghamton,REG (Conf),W 61-52,,7,0,3,.000,0,2,.000,0,1,.000,.000,1,2,.500,0,0,0,0,0,0,0,0,1,-1.5,Victoria Johnson,https://www.sports-reference.com/cbb/players/victoria-johnson-1.html,stony-brook,2020-21
5,36,6,2020-12-20,Stony Brook,,Binghamton,REG (Conf),W 55-47,,4,0,1,.000,0,0,,0,1,.000,.000,0,0,,0,0,0,0,0,0,1,0,0,-1.7,Victoria Johnson,https://www.sports-reference.com/cbb/players/victoria-johnson-1.html,stony-brook,2020-21
6,37,8,2020-12-28,Stony Brook,@,UMass Lowell,REG (Conf),W 60-44,,7,0,0,,0,0,,0,0,,,0,0,,1,1,2,0,0,0,2,0,0,-1.0,Victoria Johnson,https://www.sports-reference.com/cbb/players/victoria-johnson-1.html,stony-brook,2020-21
7,38,11,2021-01-23,Stony Brook,,NJIT,REG (Conf),W 63-51,,19,1,6,.167,0,2,.000,1,4,.250,.167,1,2,.500,1,2,3,0,0,0,0,0,3,0.1,Victoria Johnson,https://www.sports-reference.com/cbb/players/victoria-johnson-1.html,stony-brook,2020-21
8,39,12,2021-01-24,Stony Brook,,NJIT,REG (Conf),W 73-41,,15,1,5,.200,1,3,.333,0,2,.000,.300,2,2,1.000,2,1,3,1,0,0,1,2,5,2.5,Victoria Johnson,https://www.sports-reference.com/cbb/players/victoria-johnson-1.html,stony-brook,2020-21
