ranker,player_game_num_career,team_game_num_season,date,team_name_abbr,game_location,opp_name_abbr,game_type,game_result,is_starter,mp,fg,fga,fg_pct,fg3,fg3a,fg3_pct,fg2,fg2a,fg2_pct,efg_pct,ft,fta,ft_pct,orb,drb,trb,ast,stl,blk,tov,pf,pts,game_score,player_name,player_sr_link,school,season
1,1,1,2020-11-25,Jacksonville State,,Georgia Southern,REG (Non-Conf),W 70-58,,22,3,8,.375,2,6,.333,1,2,.500,.500,0,0,,2,2,4,0,0,0,2,1,8,3.2,Imari Martin,https://www.sports-reference.com/cbb/players/imari-martin-1.html,jacksonville-state,2020-21
2,2,2,2020-12-05,Jacksonville State,,New Orleans,REG (Non-Conf),W 72-55,,18,5,12,.417,2,7,.286,3,5,.600,.500,2,2,1.000,0,2,2,0,0,0,1,0,14,7.2,Imari Martin,https://www.sports-reference.com/cbb/players/imari-martin-1.html,jacksonville-state,2020-21
3,3,3,2020-12-09,Jacksonville State,@,Georgia,REG (Non-Conf),L 47-68,,17,0,5,.000,0,2,.000,0,3,.000,.000,0,0,,0,0,0,0,1,0,1,3,0,-4.7,Imari Martin,https://www.sports-reference.com/cbb/players/imari-martin-1.html,jacksonville-state,2020-21
4,4,4,2020-12-13,Jacksonville State,@,Tennessee Tech,REG (Conf),L 66-68,,21,3,9,.333,0,5,.000,3,4,.750,.333,0,0,,1,0,1,1,3,0,1,0,6,4.3,Imari Martin,https://www.sports-reference.com/cbb/players/imari-martin-1.html,jacksonville-state,2020-21
5,5,5,2020-12-16,Jacksonville State,,Samford,REG (Non-Conf),W 63-46,,17,4,9,.444,3,6,.500,1,3,.333,.611,1,2,.500,2,0,2,2,1,0,1,1,12,9.3,Imari Martin,https://www.sports-reference.com/cbb/players/imari-martin-1.html,jacksonville-state,2020-21
6,6,6,2020-12-30,Jacksonville State,,UT Martin,REG (Conf),W 72-67,,27,6,13,.462,5,10,.500,1,3,.333,.654,0,0,,0,1,1,3,0,0,3,1,17,9.3,Imari Martin,https://www.sports-reference.com/cbb/players/imari-martin-1.html,jacksonville-state,2020-21
7,7,7,2021-01-07,Jacksonville State,@,Eastern Kentucky,REG (Conf),W 74-60,,13,3,9,.333,2,7,.286,1,2,.500,.444,0,0,,0,0,0,1,1,0,0,3,8,3.4,Imari Martin,https://www.sports-reference.com/cbb/players/imari-martin-1.html,jacksonville-state,2020-21
8,8,8,2021-01-09,Jacksonville State,@,Morehead State,REG (Conf),W 69-56,,14,0,5,.000,0,4,.000,0,1,.000,.000,0,0,,0,0,0,1,1,0,0,2,0,-2.6,Imari Martin,https://www.sports-reference.com/cbb/players/imari-martin-1.html,jacksonville-state,2020-21
9,9,9,2021-01-14,Jacksonville State,,Tennessee State,REG (Conf),W 70-41,,18,1,7,.143,1,7,.143,0,0,,.214,0,0,,0,1,1,0,0,0,0,0,3,-1.2,Imari Martin,https://www.sports-reference.com/cbb/players/imari-martin-1.html,jacksonville-state,2020-21
10,10,10,2021-01-21,Jacksonville State,@,Murray State,REG (Conf),L 60-67,,14,0,6,.000,0,5,.000,0,1,.000,.000,0,0,,0,2,2,0,1,0,2,1,0,-5.0,Imari Martin,https://www.sports-reference.com/cbb/players/imari-martin-1.html,jacksonville-state,2020-21
11,11,11,2021-01-23,Jacksonville State,@,Austin Peay,REG (Conf),L 51-61,,17,0,2,.000,0,2,.000,0,0,,.000,3,4,.750,0,0,0,0,0,0,1,0,3,0.2,Imari Martin,https://www.sports-reference.com/cbb/players/imari-martin-1.html,jacksonville-state,2020-21
12,12,12,2021-01-25,Jacksonville State,,Tennessee Tech,REG (Conf),W 69-58,,28,4,10,.400,2,4,.500,2,6,.333,.500,0,3,.000,0,0,0,3,0,0,0,2,10,4.7,Imari Martin,https://www.sports-reference.com/cbb/players/imari-martin-1.html,jacksonville-state,2020-21
13,13,13,2021-02-04,Jacksonville State,@,UT Martin,REG (Conf),L 46-60,,19,4,8,.500,4,7,.571,0,1,.000,.750,0,0,,2,0,2,0,2,0,2,2,12,8.6,Imari Martin,https://www.sports-reference.com/cbb/players/imari-martin-1.html,jacksonville-state,2020-21
14,14,14,2021-02-06,Jacksonville State,@,Southeast Missouri State,REG (Conf),L 54-62,,18,0,4,.000,0,3,.000,0,1,.000,.000,0,0,,0,2,2,0,1,0,1,1,0,-2.6,Imari Martin,https://www.sports-reference.com/cbb/players/imari-martin-1.html,jacksonville-state,2020-21
15,15,15,2021-02-09,Jacksonville State,,Morehead State,REG (Conf),W 66-61,,8,0,2,.000,0,2,.000,0,0,,.000,0,0,,0,0,0,1,0,0,0,1,0,-1.1,Imari Martin,https://www.sports-reference.com/cbb/players/imari-martin-1.html,jacksonville-state,2020-21
16,16,16,2021-02-11,Jacksonville State,,Eastern Illinois,REG (Conf),W 58-56,,17,3,6,.500,3,6,.500,0,0,,.750,1,2,.500,0,2,2,2,2,0,1,0,10,9.6,Imari Martin,https://www.sports-reference.com/cbb/players/imari-martin-1.html,jacksonville-state,2020-21
17,17,17,2021-02-13,Jacksonville State,,SIU Edwardsville,REG (Conf),W 86-42,,20,6,12,.500,6,10,.600,0,2,.000,.750,3,3,1.000,0,1,1,0,0,0,0,1,21,14.9,Imari Martin,https://www.sports-reference.com/cbb/players/imari-martin-1.html,jacksonville-state,2020-21
18,18,18,2021-02-15,Jacksonville State,,Eastern Kentucky,REG (Conf),W 73-55,,35,7,12,.583,6,10,.600,1,2,.500,.833,4,4,1.000,0,2,2,4,1,0,3,2,24,19.0,Imari Martin,https://www.sports-reference.com/cbb/players/imari-martin-1.html,jacksonville-state,2020-21
19,19,19,2021-02-18,Jacksonville State,@,Belmont,REG (Conf),L 53-54,,14,1,6,.167,0,2,.000,1,4,.250,.167,0,0,,1,0,1,0,0,0,3,1,2,-4.5,Imari Martin,https://www.sports-reference.com/cbb/players/imari-martin-1.html,jacksonville-state,2020-21
20,20,20,2021-02-20,Jacksonville State,@,Tennessee State,REG (Conf),W 67-61,,25,5,10,.500,3,7,.429,2,3,.667,.650,8,10,.800,0,0,0,1,0,0,3,3,21,11.7,Imari Martin,https://www.sports-reference.com/cbb/players/imari-martin-1.html,jacksonville-state,2020-21
21,21,21,2021-02-22,Jacksonville State,@,SIU Edwardsville,REG (Conf),W 61-47,,27,5,11,.455,2,5,.400,3,6,.500,.545,1,1,1.000,1,2,3,0,1,0,2,1,13,7.2,Imari Martin,https://www.sports-reference.com/cbb/players/imari-martin-1.html,jacksonville-state,2020-21
22,22,22,2021-02-25,Jacksonville State,,Murray State,REG (Conf),L 75-78,,25,1,6,.167,1,4,.250,0,2,.000,.250,0,0,,2,0,2,0,2,0,4,1,3,-1.8,Imari Martin,https://www.sports-reference.com/cbb/players/imari-martin-1.html,jacksonville-state,2020-21
23,23,23,2021-02-27,Jacksonville State,,Austin Peay,REG (Conf),W 60-44,,18,2,6,.333,1,5,.200,1,1,1.000,.417,0,0,,0,1,1,0,0,0,1,0,5,0.9,Imari Martin,https://www.sports-reference.com/cbb/players/imari-martin-1.html,jacksonville-state,2020-21
24,24,24,2021-03-04,Jacksonville State,,Tennessee Tech,CTOURN,L 64-79,,15,1,7,.143,1,5,.200,0,2,.000,.214,0,0,,0,0,0,0,0,0,1,1,3,-2.9,Imari Martin,https://www.sports-reference.com/cbb/players/imari-martin-1.html,jacksonville-state,2020-21
