ranker,player_game_num_career,team_game_num_season,date,team_name_abbr,game_location,opp_name_abbr,game_type,game_result,is_starter,mp,fg,fga,fg_pct,fg3,fg3a,fg3_pct,fg2,fg2a,fg2_pct,efg_pct,ft,fta,orb,drb,trb,ast,stl,blk,tov,pf,pts,game_score,player_name,player_sr_link,school,season
1,73,1,2020-11-25,Jacksonville State,,Georgia Southern,REG (Non-Conf),W 70-58,,8,0,4,.000,0,4,.000,0,0,,.000,0,0,1,1,2,0,0,1,0,0,0,-1.1,Jayla Walker,https://www.sports-reference.com/cbb/players/jayla-walker-1.html,jacksonville-state,2020-21
2,74,2,2020-12-05,Jacksonville State,,New Orleans,REG (Non-Conf),W 72-55,,10,0,1,.000,0,0,,0,1,.000,.000,0,0,1,0,1,2,0,0,0,0,0,1.4,Jayla Walker,https://www.sports-reference.com/cbb/players/jayla-walker-1.html,jacksonville-state,2020-21
3,75,3,2020-12-09,Jacksonville State,@,Georgia,REG (Non-Conf),L 47-68,,5,1,3,.333,0,0,,1,3,.333,.333,0,0,0,1,1,0,0,0,0,0,2,0.6,Jayla Walker,https://www.sports-reference.com/cbb/players/jayla-walker-1.html,jacksonville-state,2020-21
4,76,4,2020-12-13,Jacksonville State,@,Tennessee Tech,REG (Conf),L 66-68,,8,0,1,.000,0,0,,0,1,.000,.000,0,0,0,2,2,0,0,0,0,1,0,-0.5,Jayla Walker,https://www.sports-reference.com/cbb/players/jayla-walker-1.html,jacksonville-state,2020-21
5,77,5,2020-12-16,Jacksonville State,,Samford,REG (Non-Conf),W 63-46,,1,0,1,.000,0,1,.000,0,0,,.000,0,0,0,1,1,0,0,0,0,0,0,-0.4,Jayla Walker,https://www.sports-reference.com/cbb/players/jayla-walker-1.html,jacksonville-state,2020-21
6,78,6,2020-12-30,Jacksonville State,,UT Martin,REG (Conf),W 72-67,,6,0,0,,0,0,,0,0,,,0,0,0,0,0,0,0,0,0,0,0,0.0,Jayla Walker,https://www.sports-reference.com/cbb/players/jayla-walker-1.html,jacksonville-state,2020-21
7,79,7,2021-01-07,Jacksonville State,@,Eastern Kentucky,REG (Conf),W 74-60,,5,0,1,.000,0,0,,0,1,.000,.000,0,0,0,0,0,1,0,0,0,0,0,0.0,Jayla Walker,https://www.sports-reference.com/cbb/players/jayla-walker-1.html,jacksonville-state,2020-21
8,80,8,2021-01-09,Jacksonville State,@,Morehead State,REG (Conf),W 69-56,,12,2,4,.500,0,2,.000,2,2,1.000,.500,0,0,1,0,1,1,1,1,1,1,4,3.7,Jayla Walker,https://www.sports-reference.com/cbb/players/jayla-walker-1.html,jacksonville-state,2020-21
9,81,17,2021-02-13,Jacksonville State,,SIU Edwardsville,REG (Conf),W 86-42,,4,0,3,.000,0,1,.000,0,2,.000,.000,0,0,0,1,1,1,0,0,0,1,0,-1.5,Jayla Walker,https://www.sports-reference.com/cbb/players/jayla-walker-1.html,jacksonville-state,2020-21
10,82,23,2021-02-27,Jacksonville State,,Austin Peay,REG (Conf),W 60-44,,5,0,1,.000,0,0,,0,1,.000,.000,0,0,0,0,0,1,0,0,1,0,0,-1.0,Jayla Walker,https://www.sports-reference.com/cbb/players/jayla-walker-1.html,jacksonville-state,2020-21
11,83,24,2021-03-04,Jacksonville State,,Tennessee Tech,CTOURN,L 64-79,,1,0,0,,0,0,,0,0,,,0,0,0,0,0,0,0,0,0,0,0,0.0,Jayla Walker,https://www.sports-reference.com/cbb/players/jayla-walker-1.html,jacksonville-state,2020-21
