ranker,player_game_num_career,team_game_num_season,date,team_name_abbr,game_location,opp_name_abbr,game_type,game_result,is_starter,mp,fg,fga,fg_pct,fg3,fg3a,fg3_pct,fg2,fg2a,fg2_pct,efg_pct,ft,fta,ft_pct,orb,drb,trb,ast,stl,blk,tov,pf,pts,game_score,player_name,player_sr_link,school,season
1,78,1,2020-11-25,Jacksonville State,,Georgia Southern,REG (Non-Conf),W 70-58,*,24,2,7,.286,1,5,.200,1,2,.500,.357,0,0,,0,4,4,1,1,1,1,3,5,2.3,Jessie Day,https://www.sports-reference.com/cbb/players/jessie-day-1.html,jacksonville-state,2020-21
2,79,2,2020-12-05,Jacksonville State,,New Orleans,REG (Non-Conf),W 72-55,*,29,2,5,.400,1,2,.500,1,3,.333,.500,0,0,,1,10,11,1,3,0,2,4,5,6.1,Jessie Day,https://www.sports-reference.com/cbb/players/jessie-day-1.html,jacksonville-state,2020-21
3,80,3,2020-12-09,Jacksonville State,@,Georgia,REG (Non-Conf),L 47-68,*,29,2,10,.200,0,6,.000,2,4,.500,.200,0,0,,1,6,7,1,0,0,4,1,4,-3.4,Jessie Day,https://www.sports-reference.com/cbb/players/jessie-day-1.html,jacksonville-state,2020-21
4,81,4,2020-12-13,Jacksonville State,@,Tennessee Tech,REG (Conf),L 66-68,*,31,2,6,.333,0,1,.000,2,5,.400,.333,1,2,.500,4,4,8,2,1,0,2,3,5,4.4,Jessie Day,https://www.sports-reference.com/cbb/players/jessie-day-1.html,jacksonville-state,2020-21
5,82,5,2020-12-16,Jacksonville State,,Samford,REG (Non-Conf),W 63-46,*,17,0,3,.000,0,1,.000,0,2,.000,.000,0,0,,0,1,1,0,0,1,0,4,0,-2.7,Jessie Day,https://www.sports-reference.com/cbb/players/jessie-day-1.html,jacksonville-state,2020-21
6,83,6,2020-12-30,Jacksonville State,,UT Martin,REG (Conf),W 72-67,*,28,2,4,.500,0,1,.000,2,3,.667,.500,0,0,,0,3,3,1,0,0,0,1,4,3.2,Jessie Day,https://www.sports-reference.com/cbb/players/jessie-day-1.html,jacksonville-state,2020-21
7,84,7,2021-01-07,Jacksonville State,@,Eastern Kentucky,REG (Conf),W 74-60,*,31,1,2,.500,0,0,,1,2,.500,.500,1,1,1.000,1,3,4,0,0,0,1,1,3,2.2,Jessie Day,https://www.sports-reference.com/cbb/players/jessie-day-1.html,jacksonville-state,2020-21
8,85,8,2021-01-09,Jacksonville State,@,Morehead State,REG (Conf),W 69-56,*,33,1,4,.250,1,3,.333,0,1,.000,.375,0,0,,3,10,13,2,0,1,1,2,3,6.0,Jessie Day,https://www.sports-reference.com/cbb/players/jessie-day-1.html,jacksonville-state,2020-21
9,86,9,2021-01-14,Jacksonville State,,Tennessee State,REG (Conf),W 70-41,*,29,5,6,.833,4,4,1.000,1,2,.500,1.167,0,0,,0,5,5,4,0,0,0,0,14,16.1,Jessie Day,https://www.sports-reference.com/cbb/players/jessie-day-1.html,jacksonville-state,2020-21
10,87,10,2021-01-21,Jacksonville State,@,Murray State,REG (Conf),L 60-67,*,32,1,5,.200,0,3,.000,1,2,.500,.200,0,0,,0,6,6,2,0,0,1,4,2,-0.5,Jessie Day,https://www.sports-reference.com/cbb/players/jessie-day-1.html,jacksonville-state,2020-21
11,88,11,2021-01-23,Jacksonville State,@,Austin Peay,REG (Conf),L 51-61,*,33,2,6,.333,0,1,.000,2,5,.400,.333,0,1,.000,3,4,7,2,0,0,0,2,4,4.1,Jessie Day,https://www.sports-reference.com/cbb/players/jessie-day-1.html,jacksonville-state,2020-21
12,89,12,2021-01-25,Jacksonville State,,Tennessee Tech,REG (Conf),W 69-58,*,32,1,1,1.000,1,1,1.000,0,0,,1.500,0,0,,2,4,6,1,0,0,1,1,3,4.6,Jessie Day,https://www.sports-reference.com/cbb/players/jessie-day-1.html,jacksonville-state,2020-21
13,90,13,2021-02-04,Jacksonville State,@,UT Martin,REG (Conf),L 46-60,*,27,0,3,.000,0,1,.000,0,2,.000,.000,0,0,,1,0,1,1,0,0,1,1,0,-2.1,Jessie Day,https://www.sports-reference.com/cbb/players/jessie-day-1.html,jacksonville-state,2020-21
14,91,14,2021-02-06,Jacksonville State,@,Southeast Missouri State,REG (Conf),L 54-62,*,38,4,9,.444,1,4,.250,3,5,.600,.500,1,3,.333,4,4,8,0,1,0,0,2,10,8.7,Jessie Day,https://www.sports-reference.com/cbb/players/jessie-day-1.html,jacksonville-state,2020-21
15,92,15,2021-02-09,Jacksonville State,,Morehead State,REG (Conf),W 66-61,*,29,2,3,.667,1,2,.500,1,1,1.000,.833,0,0,,3,6,9,1,3,0,3,3,5,7.1,Jessie Day,https://www.sports-reference.com/cbb/players/jessie-day-1.html,jacksonville-state,2020-21
16,93,16,2021-02-11,Jacksonville State,,Eastern Illinois,REG (Conf),W 58-56,*,34,0,2,.000,0,2,.000,0,0,,.000,1,2,.500,0,10,10,2,1,0,0,2,1,3.8,Jessie Day,https://www.sports-reference.com/cbb/players/jessie-day-1.html,jacksonville-state,2020-21
17,94,17,2021-02-13,Jacksonville State,,SIU Edwardsville,REG (Conf),W 86-42,*,23,1,5,.200,0,2,.000,1,3,.333,.200,2,4,.500,0,6,6,2,0,1,0,3,4,2.8,Jessie Day,https://www.sports-reference.com/cbb/players/jessie-day-1.html,jacksonville-state,2020-21
18,95,18,2021-02-15,Jacksonville State,,Eastern Kentucky,REG (Conf),W 73-55,*,33,0,4,.000,0,1,.000,0,3,.000,.000,0,0,,2,8,10,1,1,0,1,2,0,0.9,Jessie Day,https://www.sports-reference.com/cbb/players/jessie-day-1.html,jacksonville-state,2020-21
19,96,19,2021-02-18,Jacksonville State,@,Belmont,REG (Conf),L 53-54,*,31,3,7,.429,1,4,.250,2,3,.667,.500,0,0,,2,4,6,0,1,1,0,2,7,6.8,Jessie Day,https://www.sports-reference.com/cbb/players/jessie-day-1.html,jacksonville-state,2020-21
20,97,20,2021-02-20,Jacksonville State,@,Tennessee State,REG (Conf),W 67-61,*,26,0,3,.000,0,1,.000,0,2,.000,.000,3,4,.750,4,7,11,0,0,1,1,3,3,3.9,Jessie Day,https://www.sports-reference.com/cbb/players/jessie-day-1.html,jacksonville-state,2020-21
21,98,21,2021-02-22,Jacksonville State,@,SIU Edwardsville,REG (Conf),W 61-47,*,37,5,5,1.000,2,2,1.000,3,3,1.000,1.200,0,0,,2,5,7,3,1,0,1,1,12,15.1,Jessie Day,https://www.sports-reference.com/cbb/players/jessie-day-1.html,jacksonville-state,2020-21
22,99,22,2021-02-25,Jacksonville State,,Murray State,REG (Conf),L 75-78,*,29,3,7,.429,1,2,.500,2,5,.400,.500,1,2,.500,5,6,11,2,0,1,0,4,8,9.7,Jessie Day,https://www.sports-reference.com/cbb/players/jessie-day-1.html,jacksonville-state,2020-21
23,100,23,2021-02-27,Jacksonville State,,Austin Peay,REG (Conf),W 60-44,*,31,2,8,.250,1,2,.500,1,6,.167,.313,0,0,,0,8,8,0,1,0,0,3,5,2.4,Jessie Day,https://www.sports-reference.com/cbb/players/jessie-day-1.html,jacksonville-state,2020-21
24,101,24,2021-03-04,Jacksonville State,,Tennessee Tech,CTOURN,L 64-79,*,34,0,3,.000,0,2,.000,0,1,.000,.000,0,0,,1,4,5,1,0,2,0,2,0,1.1,Jessie Day,https://www.sports-reference.com/cbb/players/jessie-day-1.html,jacksonville-state,2020-21
