ranker,player_game_num_career,team_game_num_season,date,team_name_abbr,game_location,opp_name_abbr,game_type,game_result,is_starter,mp,fg,fga,fg_pct,fg3,fg3a,fg3_pct,fg2,fg2a,fg2_pct,efg_pct,ft,fta,ft_pct,orb,drb,trb,ast,stl,blk,tov,pf,pts,game_score,player_name,player_sr_link,school,season
1,1,1,2020-11-25,Jacksonville State,,Georgia Southern,REG (Non-Conf),W 70-58,,5,0,3,.000,0,3,.000,0,0,,.000,0,0,,0,0,0,0,1,0,0,0,0,-1.1,Kaiya Burnett,https://www.sports-reference.com/cbb/players/kaiya-burnett-1.html,jacksonville-state,2020-21
2,2,2,2020-12-05,Jacksonville State,,New Orleans,REG (Non-Conf),W 72-55,,6,1,4,.250,1,4,.250,0,0,,.375,0,0,,0,1,1,0,0,0,0,0,3,0.9,Kaiya Burnett,https://www.sports-reference.com/cbb/players/kaiya-burnett-1.html,jacksonville-state,2020-21
3,3,5,2020-12-16,Jacksonville State,,Samford,REG (Non-Conf),W 63-46,,1,0,0,,0,0,,0,0,,,0,0,,0,0,0,0,0,0,0,0,0,0.0,Kaiya Burnett,https://www.sports-reference.com/cbb/players/kaiya-burnett-1.html,jacksonville-state,2020-21
4,4,7,2021-01-07,Jacksonville State,@,Eastern Kentucky,REG (Conf),W 74-60,,2,0,1,.000,0,0,,0,1,.000,.000,0,0,,0,0,0,0,0,0,0,0,0,-0.7,Kaiya Burnett,https://www.sports-reference.com/cbb/players/kaiya-burnett-1.html,jacksonville-state,2020-21
5,5,9,2021-01-14,Jacksonville State,,Tennessee State,REG (Conf),W 70-41,,3,0,2,.000,0,2,.000,0,0,,.000,0,0,,0,0,0,0,0,0,0,0,0,-1.4,Kaiya Burnett,https://www.sports-reference.com/cbb/players/kaiya-burnett-1.html,jacksonville-state,2020-21
6,6,10,2021-01-21,Jacksonville State,@,Murray State,REG (Conf),L 60-67,,8,0,5,.000,0,3,.000,0,2,.000,.000,0,0,,0,0,0,0,1,0,0,1,0,-2.9,Kaiya Burnett,https://www.sports-reference.com/cbb/players/kaiya-burnett-1.html,jacksonville-state,2020-21
7,7,13,2021-02-04,Jacksonville State,@,UT Martin,REG (Conf),L 46-60,,12,1,4,.250,0,3,.000,1,1,1.000,.250,1,2,.500,1,2,3,1,2,0,0,1,3,3.8,Kaiya Burnett,https://www.sports-reference.com/cbb/players/kaiya-burnett-1.html,jacksonville-state,2020-21
8,8,17,2021-02-13,Jacksonville State,,SIU Edwardsville,REG (Conf),W 86-42,,6,2,3,.667,2,3,.667,0,0,,1.000,0,0,,0,0,0,0,0,0,0,0,6,4.7,Kaiya Burnett,https://www.sports-reference.com/cbb/players/kaiya-burnett-1.html,jacksonville-state,2020-21
9,9,20,2021-02-20,Jacksonville State,@,Tennessee State,REG (Conf),W 67-61,,2,0,2,.000,0,1,.000,0,1,.000,.000,0,0,,0,0,0,0,0,0,0,0,0,-1.4,Kaiya Burnett,https://www.sports-reference.com/cbb/players/kaiya-burnett-1.html,jacksonville-state,2020-21
