ranker,player_game_num_career,team_game_num_season,date,team_name_abbr,game_location,opp_name_abbr,game_type,game_result,is_starter,mp,fg,fga,fg_pct,fg3,fg3a,fg3_pct,fg2,fg2a,fg2_pct,efg_pct,ft,fta,ft_pct,orb,drb,trb,ast,stl,blk,tov,pf,pts,game_score,player_name,player_sr_link,school,season
1,1,1,2020-11-25,Jacksonville State,,Georgia Southern,REG (Non-Conf),W 70-58,*,22,2,11,.182,1,6,.167,1,5,.200,.227,0,0,,1,3,4,1,0,0,1,1,5,-1.0,Keiara Griffin,https://www.sports-reference.com/cbb/players/keiara-griffin-1.html,jacksonville-state,2020-21
2,2,2,2020-12-05,Jacksonville State,,New Orleans,REG (Non-Conf),W 72-55,*,14,2,6,.333,1,3,.333,1,3,.333,.417,0,2,.000,0,2,2,1,0,0,0,3,5,0.9,Keiara Griffin,https://www.sports-reference.com/cbb/players/keiara-griffin-1.html,jacksonville-state,2020-21
3,3,3,2020-12-09,Jacksonville State,@,Georgia,REG (Non-Conf),L 47-68,,19,4,11,.364,2,6,.333,2,5,.400,.455,0,0,,1,4,5,0,1,0,0,0,10,6.8,Keiara Griffin,https://www.sports-reference.com/cbb/players/keiara-griffin-1.html,jacksonville-state,2020-21
4,4,4,2020-12-13,Jacksonville State,@,Tennessee Tech,REG (Conf),L 66-68,*,19,1,2,.500,1,1,1.000,0,1,.000,.750,3,4,.750,1,5,6,2,1,0,2,3,6,6.0,Keiara Griffin,https://www.sports-reference.com/cbb/players/keiara-griffin-1.html,jacksonville-state,2020-21
5,5,5,2020-12-16,Jacksonville State,,Samford,REG (Non-Conf),W 63-46,*,22,3,12,.250,2,8,.250,1,4,.250,.333,0,0,,0,3,3,1,2,2,1,1,8,4.4,Keiara Griffin,https://www.sports-reference.com/cbb/players/keiara-griffin-1.html,jacksonville-state,2020-21
6,6,6,2020-12-30,Jacksonville State,,UT Martin,REG (Conf),W 72-67,*,28,2,8,.250,0,4,.000,2,4,.500,.250,0,2,.000,2,7,9,4,2,1,2,1,4,5.0,Keiara Griffin,https://www.sports-reference.com/cbb/players/keiara-griffin-1.html,jacksonville-state,2020-21
7,7,7,2021-01-07,Jacksonville State,@,Eastern Kentucky,REG (Conf),W 74-60,*,26,5,10,.500,0,3,.000,5,7,.714,.500,3,5,.600,1,3,4,0,0,1,0,1,13,9.1,Keiara Griffin,https://www.sports-reference.com/cbb/players/keiara-griffin-1.html,jacksonville-state,2020-21
8,8,8,2021-01-09,Jacksonville State,@,Morehead State,REG (Conf),W 69-56,*,22,4,6,.667,0,0,,4,6,.667,.667,0,1,.000,0,6,6,1,1,3,0,1,8,10.2,Keiara Griffin,https://www.sports-reference.com/cbb/players/keiara-griffin-1.html,jacksonville-state,2020-21
9,9,9,2021-01-14,Jacksonville State,,Tennessee State,REG (Conf),W 70-41,*,20,2,4,.500,0,1,.000,2,3,.667,.500,0,0,,4,2,6,1,1,0,1,1,4,5.7,Keiara Griffin,https://www.sports-reference.com/cbb/players/keiara-griffin-1.html,jacksonville-state,2020-21
10,10,10,2021-01-21,Jacksonville State,@,Murray State,REG (Conf),L 60-67,*,12,2,4,.500,0,0,,2,4,.500,.500,0,0,,0,3,3,0,2,0,1,3,4,2.7,Keiara Griffin,https://www.sports-reference.com/cbb/players/keiara-griffin-1.html,jacksonville-state,2020-21
11,11,11,2021-01-23,Jacksonville State,@,Austin Peay,REG (Conf),L 51-61,*,16,1,1,1.000,0,0,,1,1,1.000,1.000,0,0,,1,2,3,0,0,0,0,0,2,3.0,Keiara Griffin,https://www.sports-reference.com/cbb/players/keiara-griffin-1.html,jacksonville-state,2020-21
12,12,12,2021-01-25,Jacksonville State,,Tennessee Tech,REG (Conf),W 69-58,*,20,5,8,.625,0,1,.000,5,7,.714,.625,0,0,,0,3,3,0,0,0,2,2,10,4.5,Keiara Griffin,https://www.sports-reference.com/cbb/players/keiara-griffin-1.html,jacksonville-state,2020-21
13,13,13,2021-02-04,Jacksonville State,@,UT Martin,REG (Conf),L 46-60,*,24,2,5,.400,1,3,.333,1,2,.500,.500,0,1,.000,0,3,3,1,0,0,0,1,5,3.1,Keiara Griffin,https://www.sports-reference.com/cbb/players/keiara-griffin-1.html,jacksonville-state,2020-21
14,14,14,2021-02-06,Jacksonville State,@,Southeast Missouri State,REG (Conf),L 54-62,*,18,2,4,.500,1,2,.500,1,2,.500,.625,0,0,,0,3,3,1,1,0,1,1,5,4.2,Keiara Griffin,https://www.sports-reference.com/cbb/players/keiara-griffin-1.html,jacksonville-state,2020-21
15,15,15,2021-02-09,Jacksonville State,,Morehead State,REG (Conf),W 66-61,*,24,1,6,.167,0,5,.000,1,1,1.000,.167,0,0,,1,4,5,1,0,1,1,0,2,0.5,Keiara Griffin,https://www.sports-reference.com/cbb/players/keiara-griffin-1.html,jacksonville-state,2020-21
16,16,16,2021-02-11,Jacksonville State,,Eastern Illinois,REG (Conf),W 58-56,*,33,5,10,.500,1,3,.333,4,7,.571,.550,3,6,.500,2,6,8,0,2,1,3,0,14,10.7,Keiara Griffin,https://www.sports-reference.com/cbb/players/keiara-griffin-1.html,jacksonville-state,2020-21
17,17,17,2021-02-13,Jacksonville State,,SIU Edwardsville,REG (Conf),W 86-42,*,25,5,9,.556,2,4,.500,3,5,.600,.667,0,0,,4,6,10,5,2,1,1,3,12,16.3,Keiara Griffin,https://www.sports-reference.com/cbb/players/keiara-griffin-1.html,jacksonville-state,2020-21
18,18,18,2021-02-15,Jacksonville State,,Eastern Kentucky,REG (Conf),W 73-55,,21,2,7,.286,2,4,.500,0,3,.000,.429,0,0,,0,2,2,1,2,0,0,0,6,5.2,Keiara Griffin,https://www.sports-reference.com/cbb/players/keiara-griffin-1.html,jacksonville-state,2020-21
19,19,19,2021-02-18,Jacksonville State,@,Belmont,REG (Conf),L 53-54,*,20,0,6,.000,0,4,.000,0,2,.000,.000,0,0,,1,6,7,3,1,0,1,0,0,0.4,Keiara Griffin,https://www.sports-reference.com/cbb/players/keiara-griffin-1.html,jacksonville-state,2020-21
20,20,20,2021-02-20,Jacksonville State,@,Tennessee State,REG (Conf),W 67-61,*,25,2,4,.500,0,2,.000,2,2,1.000,.500,3,3,1.000,1,8,9,1,0,0,4,1,7,4.4,Keiara Griffin,https://www.sports-reference.com/cbb/players/keiara-griffin-1.html,jacksonville-state,2020-21
21,21,21,2021-02-22,Jacksonville State,@,SIU Edwardsville,REG (Conf),W 61-47,*,18,0,2,.000,0,0,,0,2,.000,.000,0,0,,0,4,4,0,0,0,1,1,0,-1.6,Keiara Griffin,https://www.sports-reference.com/cbb/players/keiara-griffin-1.html,jacksonville-state,2020-21
22,22,22,2021-02-25,Jacksonville State,,Murray State,REG (Conf),L 75-78,*,31,3,9,.333,1,2,.500,2,7,.286,.389,1,1,1.000,2,3,5,1,0,0,1,1,8,4.5,Keiara Griffin,https://www.sports-reference.com/cbb/players/keiara-griffin-1.html,jacksonville-state,2020-21
23,23,23,2021-02-27,Jacksonville State,,Austin Peay,REG (Conf),W 60-44,*,26,2,8,.250,1,3,.333,1,5,.200,.313,0,0,,1,4,5,3,0,0,2,0,5,2.2,Keiara Griffin,https://www.sports-reference.com/cbb/players/keiara-griffin-1.html,jacksonville-state,2020-21
24,24,24,2021-03-04,Jacksonville State,,Tennessee Tech,CTOURN,L 64-79,*,26,4,12,.333,2,7,.286,2,5,.400,.417,1,3,.333,2,5,7,3,0,1,0,1,11,8.7,Keiara Griffin,https://www.sports-reference.com/cbb/players/keiara-griffin-1.html,jacksonville-state,2020-21
