ranker,player_game_num_career,team_game_num_season,date,team_name_abbr,game_location,opp_name_abbr,game_type,game_result,is_starter,mp,fg,fga,fg_pct,fg3,fg3a,fg2,fg2a,fg2_pct,efg_pct,ft,fta,ft_pct,orb,drb,trb,ast,stl,blk,tov,pf,pts,game_score,player_name,player_sr_link,school,season
1,55,1,2020-11-25,Jacksonville State,,Georgia Southern,REG (Non-Conf),W 70-58,,16,1,3,.333,0,0,1,3,.333,.333,0,0,,2,8,10,0,0,0,1,1,2,2.7,Kennedy Gavin,https://www.sports-reference.com/cbb/players/kennedy-gavin-1.html,jacksonville-state,2020-21
2,56,2,2020-12-05,Jacksonville State,,New Orleans,REG (Non-Conf),W 72-55,,10,1,2,.500,0,0,1,2,.500,.500,0,0,,3,0,3,0,0,0,0,3,2,1.9,Kennedy Gavin,https://www.sports-reference.com/cbb/players/kennedy-gavin-1.html,jacksonville-state,2020-21
3,57,3,2020-12-09,Jacksonville State,@,Georgia,REG (Non-Conf),L 47-68,,10,1,3,.333,0,0,1,3,.333,.333,0,0,,1,1,2,0,0,0,2,3,2,-1.9,Kennedy Gavin,https://www.sports-reference.com/cbb/players/kennedy-gavin-1.html,jacksonville-state,2020-21
4,58,4,2020-12-13,Jacksonville State,@,Tennessee Tech,REG (Conf),L 66-68,,16,2,5,.400,0,0,2,5,.400,.400,0,2,.000,0,2,2,1,0,0,2,2,4,-1.0,Kennedy Gavin,https://www.sports-reference.com/cbb/players/kennedy-gavin-1.html,jacksonville-state,2020-21
5,59,5,2020-12-16,Jacksonville State,,Samford,REG (Non-Conf),W 63-46,,23,1,4,.250,0,0,1,4,.250,.250,0,0,,3,2,5,0,1,0,1,0,2,2.3,Kennedy Gavin,https://www.sports-reference.com/cbb/players/kennedy-gavin-1.html,jacksonville-state,2020-21
6,60,6,2020-12-30,Jacksonville State,,UT Martin,REG (Conf),W 72-67,,20,2,3,.667,0,0,2,3,.667,.667,0,0,,0,1,1,0,0,0,1,2,4,1.2,Kennedy Gavin,https://www.sports-reference.com/cbb/players/kennedy-gavin-1.html,jacksonville-state,2020-21
7,61,7,2021-01-07,Jacksonville State,@,Eastern Kentucky,REG (Conf),W 74-60,,19,2,7,.286,0,0,2,7,.286,.286,0,0,,3,2,5,1,0,0,2,4,4,-0.3,Kennedy Gavin,https://www.sports-reference.com/cbb/players/kennedy-gavin-1.html,jacksonville-state,2020-21
8,62,8,2021-01-09,Jacksonville State,@,Morehead State,REG (Conf),W 69-56,,14,0,5,.000,0,0,0,5,.000,.000,0,2,.000,3,4,7,0,0,1,1,4,0,-2.9,Kennedy Gavin,https://www.sports-reference.com/cbb/players/kennedy-gavin-1.html,jacksonville-state,2020-21
9,63,9,2021-01-14,Jacksonville State,,Tennessee State,REG (Conf),W 70-41,,18,3,8,.375,0,0,3,8,.375,.375,0,2,.000,3,6,9,2,0,0,0,1,6,5.7,Kennedy Gavin,https://www.sports-reference.com/cbb/players/kennedy-gavin-1.html,jacksonville-state,2020-21
10,64,10,2021-01-21,Jacksonville State,@,Murray State,REG (Conf),L 60-67,,15,2,4,.500,0,0,2,4,.500,.500,0,0,,1,1,2,0,0,0,0,2,4,2.2,Kennedy Gavin,https://www.sports-reference.com/cbb/players/kennedy-gavin-1.html,jacksonville-state,2020-21
11,65,11,2021-01-23,Jacksonville State,@,Austin Peay,REG (Conf),L 51-61,,19,2,5,.400,0,0,2,5,.400,.400,0,0,,2,3,5,0,1,0,0,1,4,4.2,Kennedy Gavin,https://www.sports-reference.com/cbb/players/kennedy-gavin-1.html,jacksonville-state,2020-21
12,66,12,2021-01-25,Jacksonville State,,Tennessee Tech,REG (Conf),W 69-58,,22,4,6,.667,0,0,4,6,.667,.667,2,2,1.000,1,1,2,1,1,0,0,3,10,8.9,Kennedy Gavin,https://www.sports-reference.com/cbb/players/kennedy-gavin-1.html,jacksonville-state,2020-21
13,67,13,2021-02-04,Jacksonville State,@,UT Martin,REG (Conf),L 46-60,,13,1,3,.333,0,0,1,3,.333,.333,0,0,,2,1,3,0,0,0,2,1,2,-0.4,Kennedy Gavin,https://www.sports-reference.com/cbb/players/kennedy-gavin-1.html,jacksonville-state,2020-21
14,68,14,2021-02-06,Jacksonville State,@,Southeast Missouri State,REG (Conf),L 54-62,,22,1,7,.143,0,0,1,7,.143,.143,1,2,.500,5,5,10,1,0,0,2,1,3,1.4,Kennedy Gavin,https://www.sports-reference.com/cbb/players/kennedy-gavin-1.html,jacksonville-state,2020-21
15,69,15,2021-02-09,Jacksonville State,,Morehead State,REG (Conf),W 66-61,,10,1,1,1.000,0,0,1,1,1.000,1.000,0,0,,2,2,4,0,0,0,2,0,2,1.7,Kennedy Gavin,https://www.sports-reference.com/cbb/players/kennedy-gavin-1.html,jacksonville-state,2020-21
16,70,16,2021-02-11,Jacksonville State,,Eastern Illinois,REG (Conf),W 58-56,,8,1,3,.333,0,0,1,3,.333,.333,0,0,,1,2,3,0,0,0,0,1,2,1.2,Kennedy Gavin,https://www.sports-reference.com/cbb/players/kennedy-gavin-1.html,jacksonville-state,2020-21
17,71,17,2021-02-13,Jacksonville State,,SIU Edwardsville,REG (Conf),W 86-42,,23,5,6,.833,0,0,5,6,.833,.833,4,4,1.000,5,4,9,0,0,1,0,1,14,16.8,Kennedy Gavin,https://www.sports-reference.com/cbb/players/kennedy-gavin-1.html,jacksonville-state,2020-21
18,72,18,2021-02-15,Jacksonville State,,Eastern Kentucky,REG (Conf),W 73-55,*,26,5,6,.833,0,0,5,6,.833,.833,2,2,1.000,3,2,5,1,0,0,2,3,12,10.0,Kennedy Gavin,https://www.sports-reference.com/cbb/players/kennedy-gavin-1.html,jacksonville-state,2020-21
19,73,19,2021-02-18,Jacksonville State,@,Belmont,REG (Conf),L 53-54,,12,1,2,.500,0,0,1,2,.500,.500,0,0,,1,1,2,0,0,1,1,0,2,1.7,Kennedy Gavin,https://www.sports-reference.com/cbb/players/kennedy-gavin-1.html,jacksonville-state,2020-21
20,74,20,2021-02-20,Jacksonville State,@,Tennessee State,REG (Conf),W 67-61,,14,1,2,.500,0,0,1,2,.500,.500,0,0,,2,2,4,0,0,0,0,1,2,2.6,Kennedy Gavin,https://www.sports-reference.com/cbb/players/kennedy-gavin-1.html,jacksonville-state,2020-21
21,75,21,2021-02-22,Jacksonville State,@,SIU Edwardsville,REG (Conf),W 61-47,,23,3,4,.750,0,0,3,4,.750,.750,2,4,.500,8,4,12,0,0,0,0,2,8,11.6,Kennedy Gavin,https://www.sports-reference.com/cbb/players/kennedy-gavin-1.html,jacksonville-state,2020-21
22,76,22,2021-02-25,Jacksonville State,,Murray State,REG (Conf),L 75-78,,9,2,4,.500,0,0,2,4,.500,.500,0,0,,0,2,2,0,0,0,0,0,4,2.6,Kennedy Gavin,https://www.sports-reference.com/cbb/players/kennedy-gavin-1.html,jacksonville-state,2020-21
23,77,23,2021-02-27,Jacksonville State,,Austin Peay,REG (Conf),W 60-44,,16,1,2,.500,0,0,1,2,.500,.500,1,2,.500,1,2,3,0,0,0,0,2,3,2.1,Kennedy Gavin,https://www.sports-reference.com/cbb/players/kennedy-gavin-1.html,jacksonville-state,2020-21
24,78,24,2021-03-04,Jacksonville State,,Tennessee Tech,CTOURN,L 64-79,,15,3,4,.750,0,0,3,4,.750,.750,0,0,,2,0,2,3,0,0,0,1,6,7.5,Kennedy Gavin,https://www.sports-reference.com/cbb/players/kennedy-gavin-1.html,jacksonville-state,2020-21
