ranker,player_game_num_career,team_game_num_season,date,team_name_abbr,game_location,opp_name_abbr,game_type,game_result,is_starter,mp,fg,fga,fg_pct,fg3,fg3a,fg3_pct,fg2,fg2a,fg2_pct,efg_pct,ft,fta,ft_pct,orb,drb,trb,ast,stl,blk,tov,pf,pts,game_score,player_name,player_sr_link,school,season
1,79,1,2020-11-25,Jacksonville State,,Georgia Southern,REG (Non-Conf),W 70-58,*,17,3,6,.500,1,1,1.000,2,5,.400,.583,0,0,,3,2,5,1,2,0,0,3,7,8.2,Kiana Johnson,https://www.sports-reference.com/cbb/players/kiana-johnson-2.html,jacksonville-state,2020-21
2,80,2,2020-12-05,Jacksonville State,,New Orleans,REG (Non-Conf),W 72-55,*,28,6,9,.667,1,2,.500,5,7,.714,.722,0,0,,1,0,1,3,0,0,1,1,13,10.5,Kiana Johnson,https://www.sports-reference.com/cbb/players/kiana-johnson-2.html,jacksonville-state,2020-21
3,81,3,2020-12-09,Jacksonville State,@,Georgia,REG (Non-Conf),L 47-68,*,30,0,3,.000,0,0,,0,3,.000,.000,0,0,,0,1,1,0,0,1,1,1,0,-2.5,Kiana Johnson,https://www.sports-reference.com/cbb/players/kiana-johnson-2.html,jacksonville-state,2020-21
4,82,4,2020-12-13,Jacksonville State,@,Tennessee Tech,REG (Conf),L 66-68,*,22,2,7,.286,0,0,,2,7,.286,.286,2,2,1.000,0,0,0,0,1,0,0,3,6,1.7,Kiana Johnson,https://www.sports-reference.com/cbb/players/kiana-johnson-2.html,jacksonville-state,2020-21
5,83,5,2020-12-16,Jacksonville State,,Samford,REG (Non-Conf),W 63-46,*,26,1,3,.333,0,1,.000,1,2,.500,.333,2,4,.500,1,2,3,1,0,0,0,0,4,3.5,Kiana Johnson,https://www.sports-reference.com/cbb/players/kiana-johnson-2.html,jacksonville-state,2020-21
6,84,6,2020-12-30,Jacksonville State,,UT Martin,REG (Conf),W 72-67,*,20,3,7,.429,0,0,,3,7,.429,.429,0,0,,1,2,3,1,0,0,2,1,6,1.9,Kiana Johnson,https://www.sports-reference.com/cbb/players/kiana-johnson-2.html,jacksonville-state,2020-21
7,85,7,2021-01-07,Jacksonville State,@,Eastern Kentucky,REG (Conf),W 74-60,*,29,5,12,.417,0,1,.000,5,11,.455,.417,3,3,1.000,0,3,3,3,1,0,1,0,13,9.6,Kiana Johnson,https://www.sports-reference.com/cbb/players/kiana-johnson-2.html,jacksonville-state,2020-21
8,86,8,2021-01-09,Jacksonville State,@,Morehead State,REG (Conf),W 69-56,*,28,7,11,.636,0,2,.000,7,9,.778,.636,2,2,1.000,0,1,1,0,1,2,3,1,16,10.4,Kiana Johnson,https://www.sports-reference.com/cbb/players/kiana-johnson-2.html,jacksonville-state,2020-21
9,87,9,2021-01-14,Jacksonville State,,Tennessee State,REG (Conf),W 70-41,*,24,5,9,.556,1,2,.500,4,7,.571,.611,1,2,.500,2,1,3,2,0,0,1,0,12,9.4,Kiana Johnson,https://www.sports-reference.com/cbb/players/kiana-johnson-2.html,jacksonville-state,2020-21
10,88,10,2021-01-21,Jacksonville State,@,Murray State,REG (Conf),L 60-67,*,28,2,4,.500,0,1,.000,2,3,.667,.500,0,0,,1,2,3,0,0,0,2,3,4,0.1,Kiana Johnson,https://www.sports-reference.com/cbb/players/kiana-johnson-2.html,jacksonville-state,2020-21
11,89,11,2021-01-23,Jacksonville State,@,Austin Peay,REG (Conf),L 51-61,*,32,5,16,.313,0,0,,5,16,.313,.313,0,0,,0,1,1,0,0,0,0,3,10,-0.1,Kiana Johnson,https://www.sports-reference.com/cbb/players/kiana-johnson-2.html,jacksonville-state,2020-21
12,90,12,2021-01-25,Jacksonville State,,Tennessee Tech,REG (Conf),W 69-58,*,28,2,5,.400,0,0,,2,5,.400,.400,0,0,,0,0,0,0,1,0,2,1,4,-0.1,Kiana Johnson,https://www.sports-reference.com/cbb/players/kiana-johnson-2.html,jacksonville-state,2020-21
13,91,13,2021-02-04,Jacksonville State,@,UT Martin,REG (Conf),L 46-60,*,17,0,9,.000,0,0,,0,9,.000,.000,0,0,,1,1,2,0,0,0,2,2,0,-8.1,Kiana Johnson,https://www.sports-reference.com/cbb/players/kiana-johnson-2.html,jacksonville-state,2020-21
14,92,14,2021-02-06,Jacksonville State,@,Southeast Missouri State,REG (Conf),L 54-62,*,33,4,13,.308,0,2,.000,4,11,.364,.308,1,2,.500,3,1,4,0,0,0,2,4,9,-0.1,Kiana Johnson,https://www.sports-reference.com/cbb/players/kiana-johnson-2.html,jacksonville-state,2020-21
15,93,15,2021-02-09,Jacksonville State,,Morehead State,REG (Conf),W 66-61,*,31,8,12,.667,1,2,.500,7,10,.700,.708,1,1,1.000,2,3,5,1,0,0,2,2,18,13.0,Kiana Johnson,https://www.sports-reference.com/cbb/players/kiana-johnson-2.html,jacksonville-state,2020-21
16,94,16,2021-02-11,Jacksonville State,,Eastern Illinois,REG (Conf),W 58-56,*,14,1,2,.500,0,0,,1,2,.500,.500,1,2,.500,1,0,1,0,1,0,3,3,3,-0.9,Kiana Johnson,https://www.sports-reference.com/cbb/players/kiana-johnson-2.html,jacksonville-state,2020-21
17,95,17,2021-02-13,Jacksonville State,,SIU Edwardsville,REG (Conf),W 86-42,*,24,2,7,.286,0,2,.000,2,5,.400,.286,0,2,.000,0,2,2,3,0,0,1,1,4,0.4,Kiana Johnson,https://www.sports-reference.com/cbb/players/kiana-johnson-2.html,jacksonville-state,2020-21
18,96,18,2021-02-15,Jacksonville State,,Eastern Kentucky,REG (Conf),W 73-55,*,16,1,5,.200,0,0,,1,5,.200,.200,2,2,1.000,0,0,0,0,1,0,1,0,4,0.9,Kiana Johnson,https://www.sports-reference.com/cbb/players/kiana-johnson-2.html,jacksonville-state,2020-21
19,97,19,2021-02-18,Jacksonville State,@,Belmont,REG (Conf),L 53-54,*,21,3,4,.750,0,0,,3,4,.750,.750,0,1,.000,0,1,1,0,2,0,1,2,6,4.5,Kiana Johnson,https://www.sports-reference.com/cbb/players/kiana-johnson-2.html,jacksonville-state,2020-21
20,98,20,2021-02-20,Jacksonville State,@,Tennessee State,REG (Conf),W 67-61,*,35,4,10,.400,0,0,,4,10,.400,.400,0,0,,0,2,2,0,0,0,2,3,8,0.0,Kiana Johnson,https://www.sports-reference.com/cbb/players/kiana-johnson-2.html,jacksonville-state,2020-21
21,99,21,2021-02-22,Jacksonville State,@,SIU Edwardsville,REG (Conf),W 61-47,*,19,1,4,.250,0,0,,1,4,.250,.250,1,1,1.000,2,2,4,1,0,0,4,4,3,-2.3,Kiana Johnson,https://www.sports-reference.com/cbb/players/kiana-johnson-2.html,jacksonville-state,2020-21
22,100,22,2021-02-25,Jacksonville State,,Murray State,REG (Conf),L 75-78,*,28,3,7,.429,0,0,,3,7,.429,.429,1,1,1.000,0,0,0,2,1,0,0,0,7,5.7,Kiana Johnson,https://www.sports-reference.com/cbb/players/kiana-johnson-2.html,jacksonville-state,2020-21
23,101,23,2021-02-27,Jacksonville State,,Austin Peay,REG (Conf),W 60-44,*,27,3,7,.429,0,1,.000,3,6,.500,.429,2,2,1.000,1,3,4,0,1,0,2,1,8,4.5,Kiana Johnson,https://www.sports-reference.com/cbb/players/kiana-johnson-2.html,jacksonville-state,2020-21
24,102,24,2021-03-04,Jacksonville State,,Tennessee Tech,CTOURN,L 64-79,*,27,4,7,.571,0,1,.000,4,6,.667,.571,0,0,,0,1,1,0,0,0,1,4,8,2.4,Kiana Johnson,https://www.sports-reference.com/cbb/players/kiana-johnson-2.html,jacksonville-state,2020-21
