ranker,player_game_num_career,team_game_num_season,date,team_name_abbr,game_location,opp_name_abbr,game_type,game_result,is_starter,mp,fg,fga,fg_pct,fg3,fg3a,fg3_pct,fg2,fg2a,fg2_pct,efg_pct,ft,fta,ft_pct,orb,drb,trb,ast,stl,blk,tov,pf,pts,game_score,player_name,player_sr_link,school,season
1,1,1,2020-11-25,Jacksonville State,,Georgia Southern,REG (Non-Conf),W 70-58,,2,0,0,,0,0,,0,0,,,0,0,,0,0,0,0,0,0,0,0,0,0.0,Kyra Williams,https://www.sports-reference.com/cbb/players/kyra-williams-1.html,jacksonville-state,2020-21
2,2,2,2020-12-05,Jacksonville State,,New Orleans,REG (Non-Conf),W 72-55,,2,0,3,.000,0,1,.000,0,2,.000,.000,0,0,,1,0,1,0,0,0,0,2,0,-2.2,Kyra Williams,https://www.sports-reference.com/cbb/players/kyra-williams-1.html,jacksonville-state,2020-21
3,3,4,2020-12-13,Jacksonville State,@,Tennessee Tech,REG (Conf),L 66-68,,4,0,0,,0,0,,0,0,,,0,2,.000,0,0,0,0,1,0,0,0,0,0.2,Kyra Williams,https://www.sports-reference.com/cbb/players/kyra-williams-1.html,jacksonville-state,2020-21
4,4,5,2020-12-16,Jacksonville State,,Samford,REG (Non-Conf),W 63-46,,5,0,0,,0,0,,0,0,,,0,0,,0,0,0,0,0,0,0,0,0,0.0,Kyra Williams,https://www.sports-reference.com/cbb/players/kyra-williams-1.html,jacksonville-state,2020-21
5,5,9,2021-01-14,Jacksonville State,,Tennessee State,REG (Conf),W 70-41,,9,0,4,.000,0,3,.000,0,1,.000,.000,0,0,,0,0,0,0,0,0,0,0,0,-2.8,Kyra Williams,https://www.sports-reference.com/cbb/players/kyra-williams-1.html,jacksonville-state,2020-21
6,6,10,2021-01-21,Jacksonville State,@,Murray State,REG (Conf),L 60-67,,3,0,1,.000,0,0,,0,1,.000,.000,0,0,,0,0,0,0,0,0,0,0,0,-0.7,Kyra Williams,https://www.sports-reference.com/cbb/players/kyra-williams-1.html,jacksonville-state,2020-21
7,7,13,2021-02-04,Jacksonville State,@,UT Martin,REG (Conf),L 46-60,,6,2,2,1.000,2,2,1.000,0,0,,1.500,0,1,.000,0,0,0,0,0,0,0,0,6,5.0,Kyra Williams,https://www.sports-reference.com/cbb/players/kyra-williams-1.html,jacksonville-state,2020-21
8,8,14,2021-02-06,Jacksonville State,@,Southeast Missouri State,REG (Conf),L 54-62,,0,0,0,,0,0,,0,0,,,0,0,,0,0,0,0,0,0,0,0,0,0.0,Kyra Williams,https://www.sports-reference.com/cbb/players/kyra-williams-1.html,jacksonville-state,2020-21
9,9,15,2021-02-09,Jacksonville State,,Morehead State,REG (Conf),W 66-61,,8,3,6,.500,1,4,.250,2,2,1.000,.583,0,0,,0,0,0,0,0,0,0,0,7,4.0,Kyra Williams,https://www.sports-reference.com/cbb/players/kyra-williams-1.html,jacksonville-state,2020-21
10,10,16,2021-02-11,Jacksonville State,,Eastern Illinois,REG (Conf),W 58-56,,16,3,6,.500,1,4,.250,2,2,1.000,.583,3,6,.500,0,2,2,2,3,0,3,2,10,7.0,Kyra Williams,https://www.sports-reference.com/cbb/players/kyra-williams-1.html,jacksonville-state,2020-21
11,11,17,2021-02-13,Jacksonville State,,SIU Edwardsville,REG (Conf),W 86-42,,14,1,6,.167,1,5,.200,0,1,.000,.250,0,0,,0,2,2,2,1,0,2,0,3,0.2,Kyra Williams,https://www.sports-reference.com/cbb/players/kyra-williams-1.html,jacksonville-state,2020-21
12,12,18,2021-02-15,Jacksonville State,,Eastern Kentucky,REG (Conf),W 73-55,,19,4,7,.571,1,2,.500,3,5,.600,.643,0,0,,1,2,3,1,1,0,2,2,9,5.9,Kyra Williams,https://www.sports-reference.com/cbb/players/kyra-williams-1.html,jacksonville-state,2020-21
13,13,19,2021-02-18,Jacksonville State,@,Belmont,REG (Conf),L 53-54,,15,0,2,.000,0,0,,0,2,.000,.000,2,4,.500,0,3,3,0,2,0,5,2,2,-3.1,Kyra Williams,https://www.sports-reference.com/cbb/players/kyra-williams-1.html,jacksonville-state,2020-21
14,14,20,2021-02-20,Jacksonville State,@,Tennessee State,REG (Conf),W 67-61,,3,0,2,.000,0,1,.000,0,1,.000,.000,0,0,,0,0,0,1,0,0,0,0,0,-0.7,Kyra Williams,https://www.sports-reference.com/cbb/players/kyra-williams-1.html,jacksonville-state,2020-21
15,15,21,2021-02-22,Jacksonville State,@,SIU Edwardsville,REG (Conf),W 61-47,,12,2,6,.333,0,2,.000,2,4,.500,.333,0,0,,0,1,1,0,0,0,2,2,4,-1.9,Kyra Williams,https://www.sports-reference.com/cbb/players/kyra-williams-1.html,jacksonville-state,2020-21
16,16,24,2021-03-04,Jacksonville State,,Tennessee Tech,CTOURN,L 64-79,,8,0,1,.000,0,1,.000,0,0,,.000,0,0,,1,0,1,0,0,0,0,1,0,-0.4,Kyra Williams,https://www.sports-reference.com/cbb/players/kyra-williams-1.html,jacksonville-state,2020-21
