ranker,player_game_num_career,team_game_num_season,date,team_name_abbr,game_location,opp_name_abbr,game_type,game_result,is_starter,mp,fg,fga,fg_pct,fg3,fg3a,fg3_pct,fg2,fg2a,fg2_pct,efg_pct,ft,fta,ft_pct,orb,drb,trb,ast,stl,blk,tov,pf,pts,game_score,player_name,player_sr_link,school,season
1,31,1,2020-11-25,Jacksonville State,,Georgia Southern,REG (Non-Conf),W 70-58,,18,3,4,.750,3,3,1.000,0,1,.000,1.125,0,0,,1,1,2,4,0,0,1,0,9,10.2,Nekiyah Thompson,https://www.sports-reference.com/cbb/players/nekiyah-thompson-1.html,jacksonville-state,2020-21
2,32,2,2020-12-05,Jacksonville State,,New Orleans,REG (Non-Conf),W 72-55,,12,1,2,.500,1,2,.500,0,0,,.750,2,2,1.000,0,0,0,0,0,0,1,4,5,1.4,Nekiyah Thompson,https://www.sports-reference.com/cbb/players/nekiyah-thompson-1.html,jacksonville-state,2020-21
3,33,3,2020-12-09,Jacksonville State,@,Georgia,REG (Non-Conf),L 47-68,,13,1,3,.333,0,0,,1,3,.333,.333,0,0,,0,2,2,0,0,0,0,2,2,0.1,Nekiyah Thompson,https://www.sports-reference.com/cbb/players/nekiyah-thompson-1.html,jacksonville-state,2020-21
4,34,4,2020-12-13,Jacksonville State,@,Tennessee Tech,REG (Conf),L 66-68,,18,5,8,.625,0,0,,5,8,.625,.625,1,2,.500,1,3,4,2,2,0,0,2,11,11.2,Nekiyah Thompson,https://www.sports-reference.com/cbb/players/nekiyah-thompson-1.html,jacksonville-state,2020-21
5,35,5,2020-12-16,Jacksonville State,,Samford,REG (Non-Conf),W 63-46,,15,2,6,.333,0,2,.000,2,4,.500,.333,0,0,,1,2,3,3,2,0,1,0,4,5.0,Nekiyah Thompson,https://www.sports-reference.com/cbb/players/nekiyah-thompson-1.html,jacksonville-state,2020-21
6,36,6,2020-12-30,Jacksonville State,,UT Martin,REG (Conf),W 72-67,,9,1,1,1.000,0,0,,1,1,1.000,1.000,0,0,,0,1,1,2,0,0,2,2,2,0.6,Nekiyah Thompson,https://www.sports-reference.com/cbb/players/nekiyah-thompson-1.html,jacksonville-state,2020-21
7,37,7,2021-01-07,Jacksonville State,@,Eastern Kentucky,REG (Conf),W 74-60,,12,1,3,.333,0,0,,1,3,.333,.333,0,0,,0,1,1,2,2,0,0,0,2,4.0,Nekiyah Thompson,https://www.sports-reference.com/cbb/players/nekiyah-thompson-1.html,jacksonville-state,2020-21
8,38,8,2021-01-09,Jacksonville State,@,Morehead State,REG (Conf),W 69-56,,17,6,8,.750,2,2,1.000,4,6,.667,.875,2,3,.667,0,0,0,1,1,0,0,0,16,14.1,Nekiyah Thompson,https://www.sports-reference.com/cbb/players/nekiyah-thompson-1.html,jacksonville-state,2020-21
9,39,9,2021-01-14,Jacksonville State,,Tennessee State,REG (Conf),W 70-41,,17,0,1,.000,0,1,.000,0,0,,.000,0,0,,0,2,2,2,1,0,1,0,0,1.3,Nekiyah Thompson,https://www.sports-reference.com/cbb/players/nekiyah-thompson-1.html,jacksonville-state,2020-21
10,40,10,2021-01-21,Jacksonville State,@,Murray State,REG (Conf),L 60-67,,24,3,7,.429,0,1,.000,3,6,.500,.429,3,3,1.000,0,4,4,2,2,0,4,4,9,4.3,Nekiyah Thompson,https://www.sports-reference.com/cbb/players/nekiyah-thompson-1.html,jacksonville-state,2020-21
11,41,11,2021-01-23,Jacksonville State,@,Austin Peay,REG (Conf),L 51-61,,22,1,4,.250,0,0,,1,4,.250,.250,1,2,.500,1,3,4,2,0,0,0,1,3,2.8,Nekiyah Thompson,https://www.sports-reference.com/cbb/players/nekiyah-thompson-1.html,jacksonville-state,2020-21
12,42,12,2021-01-25,Jacksonville State,,Tennessee Tech,REG (Conf),W 69-58,,18,1,3,.333,0,1,.000,1,2,.500,.333,2,2,1.000,0,3,3,2,1,0,2,2,4,2.8,Nekiyah Thompson,https://www.sports-reference.com/cbb/players/nekiyah-thompson-1.html,jacksonville-state,2020-21
13,43,13,2021-02-04,Jacksonville State,@,UT Martin,REG (Conf),L 46-60,,22,0,2,.000,0,2,.000,0,0,,.000,0,0,,0,1,1,2,3,0,5,2,0,-2.5,Nekiyah Thompson,https://www.sports-reference.com/cbb/players/nekiyah-thompson-1.html,jacksonville-state,2020-21
14,44,14,2021-02-06,Jacksonville State,@,Southeast Missouri State,REG (Conf),L 54-62,,12,0,2,.000,0,1,.000,0,1,.000,.000,1,2,.500,0,1,1,2,0,0,4,0,1,-3.1,Nekiyah Thompson,https://www.sports-reference.com/cbb/players/nekiyah-thompson-1.html,jacksonville-state,2020-21
15,45,15,2021-02-09,Jacksonville State,,Morehead State,REG (Conf),W 66-61,,18,2,4,.500,1,2,.500,1,2,.500,.625,0,0,,1,0,1,4,1,0,1,2,5,5.7,Nekiyah Thompson,https://www.sports-reference.com/cbb/players/nekiyah-thompson-1.html,jacksonville-state,2020-21
16,46,16,2021-02-11,Jacksonville State,,Eastern Illinois,REG (Conf),W 58-56,,17,3,4,.750,0,0,,3,4,.750,.750,2,2,1.000,1,1,2,1,0,0,3,2,8,4.3,Nekiyah Thompson,https://www.sports-reference.com/cbb/players/nekiyah-thompson-1.html,jacksonville-state,2020-21
17,47,17,2021-02-13,Jacksonville State,,SIU Edwardsville,REG (Conf),W 86-42,,15,1,4,.250,1,2,.500,0,2,.000,.375,4,4,1.000,0,1,1,1,0,0,2,1,7,3.2,Nekiyah Thompson,https://www.sports-reference.com/cbb/players/nekiyah-thompson-1.html,jacksonville-state,2020-21
18,48,18,2021-02-15,Jacksonville State,,Eastern Kentucky,REG (Conf),W 73-55,,19,4,5,.800,1,1,1.000,3,4,.750,.900,4,4,1.000,0,0,0,7,0,0,2,4,13,12.4,Nekiyah Thompson,https://www.sports-reference.com/cbb/players/nekiyah-thompson-1.html,jacksonville-state,2020-21
19,49,19,2021-02-18,Jacksonville State,@,Belmont,REG (Conf),L 53-54,,14,0,3,.000,0,2,.000,0,1,.000,.000,0,0,,0,1,1,1,0,0,0,3,0,-2.3,Nekiyah Thompson,https://www.sports-reference.com/cbb/players/nekiyah-thompson-1.html,jacksonville-state,2020-21
20,50,21,2021-02-22,Jacksonville State,@,SIU Edwardsville,REG (Conf),W 61-47,,13,0,3,.000,0,1,.000,0,2,.000,.000,2,2,1.000,1,1,2,3,0,0,0,0,2,3.0,Nekiyah Thompson,https://www.sports-reference.com/cbb/players/nekiyah-thompson-1.html,jacksonville-state,2020-21
21,51,22,2021-02-25,Jacksonville State,,Murray State,REG (Conf),L 75-78,,14,2,6,.333,0,1,.000,2,5,.400,.333,0,0,,0,0,0,1,1,0,2,3,4,-0.9,Nekiyah Thompson,https://www.sports-reference.com/cbb/players/nekiyah-thompson-1.html,jacksonville-state,2020-21
22,52,23,2021-02-27,Jacksonville State,,Austin Peay,REG (Conf),W 60-44,,18,1,3,.333,0,2,.000,1,1,1.000,.333,1,1,1.000,0,1,1,3,2,0,1,4,3,3.1,Nekiyah Thompson,https://www.sports-reference.com/cbb/players/nekiyah-thompson-1.html,jacksonville-state,2020-21
23,53,24,2021-03-04,Jacksonville State,,Tennessee Tech,CTOURN,L 64-79,,16,0,1,.000,0,0,,0,1,.000,.000,0,0,,1,1,2,1,0,0,3,0,0,-2.0,Nekiyah Thompson,https://www.sports-reference.com/cbb/players/nekiyah-thompson-1.html,jacksonville-state,2020-21
