ranker,player_game_num_career,team_game_num_season,date,team_name_abbr,game_location,opp_name_abbr,game_type,game_result,is_starter,mp,fg,fga,fg_pct,fg3,fg3a,fg2,fg2a,fg2_pct,efg_pct,ft,fta,orb,drb,trb,ast,stl,blk,tov,pf,pts,game_score,player_name,player_sr_link,school,season
1,44,6,2020-12-30,Jacksonville State,,UT Martin,REG (Conf),W 72-67,,4,1,1,1.000,0,0,1,1,1.000,1.000,0,0,0,1,1,2,0,0,2,2,2,0.6,Shawnta Shaw,https://www.sports-reference.com/cbb/players/shawnta-shaw-1.html,jacksonville-state,2020-21
2,45,7,2021-01-07,Jacksonville State,@,Eastern Kentucky,REG (Conf),W 74-60,,3,1,1,1.000,0,0,1,1,1.000,1.000,0,0,0,1,1,1,0,0,1,0,2,1.7,Shawnta Shaw,https://www.sports-reference.com/cbb/players/shawnta-shaw-1.html,jacksonville-state,2020-21
3,46,8,2021-01-09,Jacksonville State,@,Morehead State,REG (Conf),W 69-56,,2,0,0,,0,0,0,0,,,0,0,0,1,1,0,0,0,2,1,0,-2.1,Shawnta Shaw,https://www.sports-reference.com/cbb/players/shawnta-shaw-1.html,jacksonville-state,2020-21
4,47,11,2021-01-23,Jacksonville State,@,Austin Peay,REG (Conf),L 51-61,,2,0,2,.000,0,0,0,2,.000,.000,0,0,0,0,0,0,0,0,0,1,0,-1.8,Shawnta Shaw,https://www.sports-reference.com/cbb/players/shawnta-shaw-1.html,jacksonville-state,2020-21
