ranker,player_game_num_career,team_game_num_season,date,team_name_abbr,game_location,opp_name_abbr,game_type,game_result,is_starter,mp,fg,fga,fg_pct,fg3,fg3a,fg3_pct,fg2,fg2a,fg2_pct,efg_pct,ft,fta,ft_pct,orb,drb,trb,ast,stl,blk,tov,pf,pts,game_score,player_name,player_sr_link,school,season
1,92,1,2020-11-25,Jacksonville State,,Georgia Southern,REG (Non-Conf),W 70-58,*,22,3,8,.375,2,6,.333,1,2,.500,.500,2,4,.500,0,1,1,5,1,0,0,2,10,8.8,Taylor Hawks,https://www.sports-reference.com/cbb/players/taylor-hawks-1.html,jacksonville-state,2020-21
2,93,2,2020-12-05,Jacksonville State,,New Orleans,REG (Non-Conf),W 72-55,*,25,1,7,.143,1,4,.250,0,3,.000,.214,1,4,.250,0,3,3,4,0,0,0,4,4,0.4,Taylor Hawks,https://www.sports-reference.com/cbb/players/taylor-hawks-1.html,jacksonville-state,2020-21
3,94,3,2020-12-09,Jacksonville State,@,Georgia,REG (Non-Conf),L 47-68,*,27,5,9,.556,0,1,.000,5,8,.625,.556,1,2,.500,0,5,5,2,0,0,2,0,11,7.2,Taylor Hawks,https://www.sports-reference.com/cbb/players/taylor-hawks-1.html,jacksonville-state,2020-21
4,95,4,2020-12-13,Jacksonville State,@,Tennessee Tech,REG (Conf),L 66-68,*,21,2,6,.333,0,0,,2,6,.333,.333,0,0,,0,1,1,4,1,0,2,2,4,1.9,Taylor Hawks,https://www.sports-reference.com/cbb/players/taylor-hawks-1.html,jacksonville-state,2020-21
5,96,5,2020-12-16,Jacksonville State,,Samford,REG (Non-Conf),W 63-46,*,25,3,7,.429,1,4,.250,2,3,.667,.500,4,6,.667,1,6,7,4,0,0,0,1,11,11.4,Taylor Hawks,https://www.sports-reference.com/cbb/players/taylor-hawks-1.html,jacksonville-state,2020-21
6,97,6,2020-12-30,Jacksonville State,,UT Martin,REG (Conf),W 72-67,*,27,6,8,.750,1,2,.500,5,6,.833,.813,3,5,.600,0,7,7,3,2,1,4,1,16,14.5,Taylor Hawks,https://www.sports-reference.com/cbb/players/taylor-hawks-1.html,jacksonville-state,2020-21
7,98,7,2021-01-07,Jacksonville State,@,Eastern Kentucky,REG (Conf),W 74-60,*,25,6,10,.600,0,1,.000,6,9,.667,.600,2,2,1.000,1,5,6,3,3,0,1,2,14,14.9,Taylor Hawks,https://www.sports-reference.com/cbb/players/taylor-hawks-1.html,jacksonville-state,2020-21
8,99,8,2021-01-09,Jacksonville State,@,Morehead State,REG (Conf),W 69-56,*,22,6,10,.600,1,4,.250,5,6,.833,.650,4,6,.667,0,4,4,3,1,0,1,2,17,14.1,Taylor Hawks,https://www.sports-reference.com/cbb/players/taylor-hawks-1.html,jacksonville-state,2020-21
9,100,9,2021-01-14,Jacksonville State,,Tennessee State,REG (Conf),W 70-41,*,23,1,6,.167,0,3,.000,1,3,.333,.167,0,0,,1,3,4,7,1,0,3,0,2,2.7,Taylor Hawks,https://www.sports-reference.com/cbb/players/taylor-hawks-1.html,jacksonville-state,2020-21
10,101,10,2021-01-21,Jacksonville State,@,Murray State,REG (Conf),L 60-67,*,21,3,9,.333,0,2,.000,3,7,.429,.333,1,2,.500,1,3,4,2,0,1,2,1,7,2.8,Taylor Hawks,https://www.sports-reference.com/cbb/players/taylor-hawks-1.html,jacksonville-state,2020-21
11,102,11,2021-01-23,Jacksonville State,@,Austin Peay,REG (Conf),L 51-61,*,24,2,9,.222,0,3,.000,2,6,.333,.222,5,8,.625,1,4,5,0,0,1,2,2,9,2.1,Taylor Hawks,https://www.sports-reference.com/cbb/players/taylor-hawks-1.html,jacksonville-state,2020-21
12,103,12,2021-01-25,Jacksonville State,,Tennessee Tech,REG (Conf),W 69-58,*,22,6,9,.667,1,2,.500,5,7,.714,.722,2,4,.500,1,4,5,4,1,0,2,3,15,12.8,Taylor Hawks,https://www.sports-reference.com/cbb/players/taylor-hawks-1.html,jacksonville-state,2020-21
13,104,13,2021-02-04,Jacksonville State,@,UT Martin,REG (Conf),L 46-60,*,22,2,7,.286,0,3,.000,2,4,.500,.286,3,5,.600,0,3,3,4,0,0,3,0,7,2.8,Taylor Hawks,https://www.sports-reference.com/cbb/players/taylor-hawks-1.html,jacksonville-state,2020-21
14,105,14,2021-02-06,Jacksonville State,@,Southeast Missouri State,REG (Conf),L 54-62,*,28,2,8,.250,0,0,,2,8,.250,.250,9,10,.900,4,6,10,7,4,0,3,0,13,18.3,Taylor Hawks,https://www.sports-reference.com/cbb/players/taylor-hawks-1.html,jacksonville-state,2020-21
15,106,15,2021-02-09,Jacksonville State,,Morehead State,REG (Conf),W 66-61,*,22,4,6,.667,2,3,.667,2,3,.667,.833,5,8,.625,0,5,5,2,0,0,2,2,15,11.3,Taylor Hawks,https://www.sports-reference.com/cbb/players/taylor-hawks-1.html,jacksonville-state,2020-21
16,107,16,2021-02-11,Jacksonville State,,Eastern Illinois,REG (Conf),W 58-56,*,24,1,5,.200,0,2,.000,1,3,.333,.200,1,4,.250,0,2,2,4,1,0,1,1,3,1.7,Taylor Hawks,https://www.sports-reference.com/cbb/players/taylor-hawks-1.html,jacksonville-state,2020-21
17,108,17,2021-02-13,Jacksonville State,,SIU Edwardsville,REG (Conf),W 86-42,*,20,1,4,.250,0,1,.000,1,3,.333,.250,0,0,,0,3,3,1,1,0,0,1,2,1.8,Taylor Hawks,https://www.sports-reference.com/cbb/players/taylor-hawks-1.html,jacksonville-state,2020-21
18,109,18,2021-02-15,Jacksonville State,,Eastern Kentucky,REG (Conf),W 73-55,*,21,1,3,.333,0,1,.000,1,2,.500,.333,3,4,.750,1,2,3,1,0,0,2,0,5,2.9,Taylor Hawks,https://www.sports-reference.com/cbb/players/taylor-hawks-1.html,jacksonville-state,2020-21
19,110,19,2021-02-18,Jacksonville State,@,Belmont,REG (Conf),L 53-54,*,26,4,7,.571,2,3,.667,2,4,.500,.714,1,2,.500,0,1,1,3,0,0,2,0,11,7.7,Taylor Hawks,https://www.sports-reference.com/cbb/players/taylor-hawks-1.html,jacksonville-state,2020-21
20,111,20,2021-02-20,Jacksonville State,@,Tennessee State,REG (Conf),W 67-61,*,24,2,5,.400,0,0,,2,5,.400,.400,0,2,.000,1,3,4,1,0,0,3,2,4,-1.0,Taylor Hawks,https://www.sports-reference.com/cbb/players/taylor-hawks-1.html,jacksonville-state,2020-21
21,112,21,2021-02-22,Jacksonville State,@,SIU Edwardsville,REG (Conf),W 61-47,*,19,1,8,.125,1,4,.250,0,4,.000,.188,2,4,.500,0,5,5,2,1,0,2,1,5,0.5,Taylor Hawks,https://www.sports-reference.com/cbb/players/taylor-hawks-1.html,jacksonville-state,2020-21
22,113,22,2021-02-25,Jacksonville State,,Murray State,REG (Conf),L 75-78,*,26,5,15,.333,1,3,.333,4,12,.333,.367,6,9,.667,3,7,10,5,0,0,0,2,17,14.2,Taylor Hawks,https://www.sports-reference.com/cbb/players/taylor-hawks-1.html,jacksonville-state,2020-21
23,114,23,2021-02-27,Jacksonville State,,Austin Peay,REG (Conf),W 60-44,*,22,4,9,.444,2,2,1.000,2,7,.286,.556,2,7,.286,1,4,5,2,1,0,0,1,12,9.2,Taylor Hawks,https://www.sports-reference.com/cbb/players/taylor-hawks-1.html,jacksonville-state,2020-21
24,115,24,2021-03-04,Jacksonville State,,Tennessee Tech,CTOURN,L 64-79,*,26,4,8,.500,1,2,.500,3,6,.500,.563,2,2,1.000,2,1,3,2,1,0,0,2,11,10.3,Taylor Hawks,https://www.sports-reference.com/cbb/players/taylor-hawks-1.html,jacksonville-state,2020-21
