ranker,player_game_num_career,team_game_num_season,date,team_name_abbr,game_location,opp_name_abbr,game_type,game_result,is_starter,mp,fg,fga,fg_pct,fg3,fg3a,fg2,fg2a,fg2_pct,efg_pct,ft,fta,ft_pct,orb,drb,trb,ast,stl,blk,tov,pf,pts,game_score,player_name,player_sr_link,school,season
1,16,1,2020-11-25,Jacksonville State,,Georgia Southern,REG (Non-Conf),W 70-58,,16,2,5,.400,0,0,2,5,.400,.400,4,4,1.000,3,3,6,0,0,1,2,2,8,6.2,Winnie Kuimi,https://www.sports-reference.com/cbb/players/winnie-kuimi-1.html,jacksonville-state,2020-21
2,17,2,2020-12-05,Jacksonville State,,New Orleans,REG (Non-Conf),W 72-55,,24,4,6,.667,0,0,4,6,.667,.667,0,1,.000,5,2,7,1,1,0,0,0,8,10.8,Winnie Kuimi,https://www.sports-reference.com/cbb/players/winnie-kuimi-1.html,jacksonville-state,2020-21
3,18,3,2020-12-09,Jacksonville State,@,Georgia,REG (Non-Conf),L 47-68,*,22,0,5,.000,0,0,0,5,.000,.000,0,2,.000,3,3,6,0,0,1,2,3,0,-3.8,Winnie Kuimi,https://www.sports-reference.com/cbb/players/winnie-kuimi-1.html,jacksonville-state,2020-21
4,19,4,2020-12-13,Jacksonville State,@,Tennessee Tech,REG (Conf),L 66-68,,7,0,0,,0,0,0,0,,,0,0,,0,1,1,0,0,0,1,0,0,-0.7,Winnie Kuimi,https://www.sports-reference.com/cbb/players/winnie-kuimi-1.html,jacksonville-state,2020-21
5,20,5,2020-12-16,Jacksonville State,,Samford,REG (Non-Conf),W 63-46,,17,2,3,.667,0,0,2,3,.667,.667,4,5,.800,3,2,5,0,0,0,3,4,8,4.4,Winnie Kuimi,https://www.sports-reference.com/cbb/players/winnie-kuimi-1.html,jacksonville-state,2020-21
6,21,6,2020-12-30,Jacksonville State,,UT Martin,REG (Conf),W 72-67,,4,0,2,.000,0,0,0,2,.000,.000,0,2,.000,1,1,2,0,0,0,0,0,0,-1.2,Winnie Kuimi,https://www.sports-reference.com/cbb/players/winnie-kuimi-1.html,jacksonville-state,2020-21
7,22,7,2021-01-07,Jacksonville State,@,Eastern Kentucky,REG (Conf),W 74-60,,4,1,1,1.000,0,0,1,1,1.000,1.000,0,0,,1,1,2,0,0,0,1,2,2,0.9,Winnie Kuimi,https://www.sports-reference.com/cbb/players/winnie-kuimi-1.html,jacksonville-state,2020-21
8,23,8,2021-01-09,Jacksonville State,@,Morehead State,REG (Conf),W 69-56,,10,0,2,.000,0,0,0,2,.000,.000,0,0,,2,1,3,0,0,2,1,2,0,-0.1,Winnie Kuimi,https://www.sports-reference.com/cbb/players/winnie-kuimi-1.html,jacksonville-state,2020-21
9,24,9,2021-01-14,Jacksonville State,,Tennessee State,REG (Conf),W 70-41,,10,0,0,,0,0,0,0,,,0,0,,2,2,4,0,0,0,2,1,0,-0.4,Winnie Kuimi,https://www.sports-reference.com/cbb/players/winnie-kuimi-1.html,jacksonville-state,2020-21
10,25,10,2021-01-21,Jacksonville State,@,Murray State,REG (Conf),L 60-67,,11,3,4,.750,0,0,3,4,.750,.750,1,2,.500,3,4,7,0,0,0,1,0,7,7.3,Winnie Kuimi,https://www.sports-reference.com/cbb/players/winnie-kuimi-1.html,jacksonville-state,2020-21
11,26,11,2021-01-23,Jacksonville State,@,Austin Peay,REG (Conf),L 51-61,,7,0,0,,0,0,0,0,,,0,0,,0,3,3,0,0,0,0,1,0,0.5,Winnie Kuimi,https://www.sports-reference.com/cbb/players/winnie-kuimi-1.html,jacksonville-state,2020-21
12,27,12,2021-01-25,Jacksonville State,,Tennessee Tech,REG (Conf),W 69-58,,6,0,1,.000,0,0,0,1,.000,.000,0,0,,0,1,1,1,0,0,1,1,0,-1.1,Winnie Kuimi,https://www.sports-reference.com/cbb/players/winnie-kuimi-1.html,jacksonville-state,2020-21
13,28,13,2021-02-04,Jacksonville State,@,UT Martin,REG (Conf),L 46-60,,15,1,4,.250,0,0,1,4,.250,.250,2,3,.667,2,3,5,2,0,1,1,2,4,3.8,Winnie Kuimi,https://www.sports-reference.com/cbb/players/winnie-kuimi-1.html,jacksonville-state,2020-21
14,29,14,2021-02-06,Jacksonville State,@,Southeast Missouri State,REG (Conf),L 54-62,,2,0,0,,0,0,0,0,,,0,0,,1,0,1,0,0,0,1,0,0,-0.3,Winnie Kuimi,https://www.sports-reference.com/cbb/players/winnie-kuimi-1.html,jacksonville-state,2020-21
15,30,15,2021-02-09,Jacksonville State,,Morehead State,REG (Conf),W 66-61,,17,1,1,1.000,0,0,1,1,1.000,1.000,0,0,,0,1,1,0,0,1,0,3,2,1.5,Winnie Kuimi,https://www.sports-reference.com/cbb/players/winnie-kuimi-1.html,jacksonville-state,2020-21
16,31,16,2021-02-11,Jacksonville State,,Eastern Illinois,REG (Conf),W 58-56,,6,0,1,.000,0,0,0,1,.000,.000,0,0,,0,1,1,1,0,0,0,0,0,0.3,Winnie Kuimi,https://www.sports-reference.com/cbb/players/winnie-kuimi-1.html,jacksonville-state,2020-21
17,32,17,2021-02-13,Jacksonville State,,SIU Edwardsville,REG (Conf),W 86-42,,9,2,2,1.000,0,0,2,2,1.000,1.000,1,2,.500,2,2,4,0,0,0,2,5,5,2.0,Winnie Kuimi,https://www.sports-reference.com/cbb/players/winnie-kuimi-1.html,jacksonville-state,2020-21
18,33,19,2021-02-18,Jacksonville State,@,Belmont,REG (Conf),L 53-54,,17,3,3,1.000,0,0,3,3,1.000,1.000,2,2,1.000,4,3,7,0,1,1,3,1,8,9.1,Winnie Kuimi,https://www.sports-reference.com/cbb/players/winnie-kuimi-1.html,jacksonville-state,2020-21
19,34,20,2021-02-20,Jacksonville State,@,Tennessee State,REG (Conf),W 67-61,,15,1,3,.333,0,0,1,3,.333,.333,0,0,,3,6,9,0,0,0,0,1,2,3.8,Winnie Kuimi,https://www.sports-reference.com/cbb/players/winnie-kuimi-1.html,jacksonville-state,2020-21
20,35,21,2021-02-22,Jacksonville State,@,SIU Edwardsville,REG (Conf),W 61-47,,3,0,3,.000,0,0,0,3,.000,.000,0,0,,1,1,2,0,0,0,1,0,0,-2.1,Winnie Kuimi,https://www.sports-reference.com/cbb/players/winnie-kuimi-1.html,jacksonville-state,2020-21
21,36,22,2021-02-25,Jacksonville State,,Murray State,REG (Conf),L 75-78,,11,2,2,1.000,0,0,2,2,1.000,1.000,0,0,,2,1,3,0,1,0,0,1,4,5.7,Winnie Kuimi,https://www.sports-reference.com/cbb/players/winnie-kuimi-1.html,jacksonville-state,2020-21
22,37,23,2021-02-27,Jacksonville State,,Austin Peay,REG (Conf),W 60-44,,7,0,0,,0,0,0,0,,,0,0,,0,2,2,0,1,0,1,0,0,0.6,Winnie Kuimi,https://www.sports-reference.com/cbb/players/winnie-kuimi-1.html,jacksonville-state,2020-21
23,38,24,2021-03-04,Jacksonville State,,Tennessee Tech,CTOURN,L 64-79,,2,0,0,,0,0,0,0,,,0,0,,0,0,0,0,0,0,0,0,0,0.0,Winnie Kuimi,https://www.sports-reference.com/cbb/players/winnie-kuimi-1.html,jacksonville-state,2020-21
