ranker,player_game_num_career,team_game_num_season,date,team_name_abbr,game_location,opp_name_abbr,game_type,game_result,is_starter,mp,fg,fga,fg_pct,fg3,fg3a,fg3_pct,fg2,fg2a,fg2_pct,efg_pct,ft,fta,ft_pct,orb,drb,trb,ast,stl,blk,tov,pf,pts,game_score,player_name,player_sr_link,school,season
1,57,1,2020-11-25,Jacksonville State,,Georgia Southern,REG (Non-Conf),W 70-58,*,25,6,18,.333,4,10,.400,2,8,.250,.444,0,0,,0,4,4,5,1,0,1,2,16,9.7,Yamia Johnson,https://www.sports-reference.com/cbb/players/yamia-johnson-1.html,jacksonville-state,2020-21
2,58,2,2020-12-05,Jacksonville State,,New Orleans,REG (Non-Conf),W 72-55,*,22,5,11,.455,3,8,.375,2,3,.667,.591,0,0,,0,0,0,2,0,0,4,3,13,3.5,Yamia Johnson,https://www.sports-reference.com/cbb/players/yamia-johnson-1.html,jacksonville-state,2020-21
3,59,3,2020-12-09,Jacksonville State,@,Georgia,REG (Non-Conf),L 47-68,*,27,5,10,.500,2,3,.667,3,7,.429,.600,4,6,.667,0,6,6,0,1,0,5,3,16,6.8,Yamia Johnson,https://www.sports-reference.com/cbb/players/yamia-johnson-1.html,jacksonville-state,2020-21
4,60,4,2020-12-13,Jacksonville State,@,Tennessee Tech,REG (Conf),L 66-68,*,32,11,19,.579,1,5,.200,10,14,.714,.605,1,2,.500,1,4,5,0,1,0,3,4,24,13.0,Yamia Johnson,https://www.sports-reference.com/cbb/players/yamia-johnson-1.html,jacksonville-state,2020-21
5,61,5,2020-12-16,Jacksonville State,,Samford,REG (Non-Conf),W 63-46,*,30,4,9,.444,4,6,.667,0,3,.000,.667,2,4,.500,0,9,9,1,0,0,2,3,14,8.7,Yamia Johnson,https://www.sports-reference.com/cbb/players/yamia-johnson-1.html,jacksonville-state,2020-21
6,62,6,2020-12-30,Jacksonville State,,UT Martin,REG (Conf),W 72-67,*,27,5,8,.625,3,5,.600,2,3,.667,.813,4,4,1.000,2,6,8,0,1,0,2,3,17,14.4,Yamia Johnson,https://www.sports-reference.com/cbb/players/yamia-johnson-1.html,jacksonville-state,2020-21
7,63,7,2021-01-07,Jacksonville State,@,Eastern Kentucky,REG (Conf),W 74-60,*,31,5,11,.455,2,8,.250,3,3,1.000,.545,1,1,1.000,2,2,4,1,2,0,2,1,13,9.6,Yamia Johnson,https://www.sports-reference.com/cbb/players/yamia-johnson-1.html,jacksonville-state,2020-21
8,64,8,2021-01-09,Jacksonville State,@,Morehead State,REG (Conf),W 69-56,*,26,1,6,.167,1,3,.333,0,3,.000,.250,2,2,1.000,1,1,2,0,0,1,2,2,5,0.1,Yamia Johnson,https://www.sports-reference.com/cbb/players/yamia-johnson-1.html,jacksonville-state,2020-21
9,65,9,2021-01-14,Jacksonville State,,Tennessee State,REG (Conf),W 70-41,*,29,8,10,.800,7,9,.778,1,1,1.000,1.150,6,9,.667,0,10,10,2,0,0,4,2,29,23.6,Yamia Johnson,https://www.sports-reference.com/cbb/players/yamia-johnson-1.html,jacksonville-state,2020-21
10,66,10,2021-01-21,Jacksonville State,@,Murray State,REG (Conf),L 60-67,*,31,9,16,.563,3,8,.375,6,8,.750,.656,2,2,1.000,4,9,13,1,2,0,3,4,23,19.0,Yamia Johnson,https://www.sports-reference.com/cbb/players/yamia-johnson-1.html,jacksonville-state,2020-21
11,67,11,2021-01-23,Jacksonville State,@,Austin Peay,REG (Conf),L 51-61,*,27,5,16,.313,3,7,.429,2,9,.222,.406,3,6,.500,2,5,7,0,0,0,2,2,16,5.7,Yamia Johnson,https://www.sports-reference.com/cbb/players/yamia-johnson-1.html,jacksonville-state,2020-21
12,68,12,2021-01-25,Jacksonville State,,Tennessee Tech,REG (Conf),W 69-58,*,24,5,12,.417,3,6,.500,2,6,.333,.542,0,0,,1,3,4,1,1,1,5,4,13,4.0,Yamia Johnson,https://www.sports-reference.com/cbb/players/yamia-johnson-1.html,jacksonville-state,2020-21
13,69,13,2021-02-04,Jacksonville State,@,UT Martin,REG (Conf),L 46-60,*,22,2,11,.182,1,5,.200,1,6,.167,.227,2,2,1.000,0,4,4,1,0,0,0,1,7,1.6,Yamia Johnson,https://www.sports-reference.com/cbb/players/yamia-johnson-1.html,jacksonville-state,2020-21
14,70,14,2021-02-06,Jacksonville State,@,Southeast Missouri State,REG (Conf),L 54-62,*,29,5,15,.333,0,5,.000,5,10,.500,.333,3,5,.600,2,4,6,0,1,0,4,1,13,2.9,Yamia Johnson,https://www.sports-reference.com/cbb/players/yamia-johnson-1.html,jacksonville-state,2020-21
15,71,15,2021-02-09,Jacksonville State,,Morehead State,REG (Conf),W 66-61,*,33,2,10,.200,2,8,.250,0,2,.000,.300,4,6,.667,0,2,2,1,0,0,4,2,10,-0.5,Yamia Johnson,https://www.sports-reference.com/cbb/players/yamia-johnson-1.html,jacksonville-state,2020-21
16,72,16,2021-02-11,Jacksonville State,,Eastern Illinois,REG (Conf),W 58-56,*,31,3,12,.250,1,8,.125,2,4,.500,.292,0,0,,2,4,6,0,1,0,1,2,7,1.6,Yamia Johnson,https://www.sports-reference.com/cbb/players/yamia-johnson-1.html,jacksonville-state,2020-21
17,73,17,2021-02-13,Jacksonville State,,SIU Edwardsville,REG (Conf),W 86-42,*,16,2,5,.400,2,4,.500,0,1,.000,.600,2,2,1.000,1,2,3,1,0,1,1,0,8,7.0,Yamia Johnson,https://www.sports-reference.com/cbb/players/yamia-johnson-1.html,jacksonville-state,2020-21
18,74,18,2021-02-15,Jacksonville State,,Eastern Kentucky,REG (Conf),W 73-55,*,9,0,2,.000,0,1,.000,0,1,.000,.000,0,0,,0,0,0,0,0,0,1,1,0,-2.8,Yamia Johnson,https://www.sports-reference.com/cbb/players/yamia-johnson-1.html,jacksonville-state,2020-21
19,75,19,2021-02-18,Jacksonville State,@,Belmont,REG (Conf),L 53-54,*,29,6,10,.600,3,5,.600,3,5,.600,.750,0,0,,1,1,2,3,0,0,2,1,15,11.1,Yamia Johnson,https://www.sports-reference.com/cbb/players/yamia-johnson-1.html,jacksonville-state,2020-21
20,76,20,2021-02-20,Jacksonville State,@,Tennessee State,REG (Conf),W 67-61,*,30,6,12,.500,1,4,.250,5,8,.625,.542,7,7,1.000,0,0,0,0,2,1,2,0,20,14.7,Yamia Johnson,https://www.sports-reference.com/cbb/players/yamia-johnson-1.html,jacksonville-state,2020-21
21,77,21,2021-02-22,Jacksonville State,@,SIU Edwardsville,REG (Conf),W 61-47,*,30,4,15,.267,2,6,.333,2,9,.222,.333,4,7,.571,2,9,11,1,2,1,3,1,14,8.0,Yamia Johnson,https://www.sports-reference.com/cbb/players/yamia-johnson-1.html,jacksonville-state,2020-21
22,78,22,2021-02-25,Jacksonville State,,Murray State,REG (Conf),L 75-78,*,27,8,18,.444,2,8,.250,6,10,.600,.500,2,4,.500,2,3,5,0,0,0,1,2,20,10.3,Yamia Johnson,https://www.sports-reference.com/cbb/players/yamia-johnson-1.html,jacksonville-state,2020-21
23,79,23,2021-02-27,Jacksonville State,,Austin Peay,REG (Conf),W 60-44,*,31,6,12,.500,2,3,.667,4,9,.444,.583,5,5,1.000,1,4,5,0,0,0,0,0,19,14.9,Yamia Johnson,https://www.sports-reference.com/cbb/players/yamia-johnson-1.html,jacksonville-state,2020-21
24,80,24,2021-03-04,Jacksonville State,,Tennessee Tech,CTOURN,L 64-79,*,30,8,17,.471,4,7,.571,4,10,.400,.588,5,7,.714,0,3,3,1,0,1,4,3,25,12.6,Yamia Johnson,https://www.sports-reference.com/cbb/players/yamia-johnson-1.html,jacksonville-state,2020-21
