ranker,player_game_num_career,team_game_num_season,date,team_name_abbr,game_location,opp_name_abbr,game_type,game_result,is_starter,mp,fg,fga,fg_pct,fg3,fg3a,fg3_pct,fg2,fg2a,fg2_pct,efg_pct,ft,fta,ft_pct,orb,drb,trb,ast,stl,blk,tov,pf,pts,game_score,player_name,player_sr_link,school,season
1,42,1,2022-11-07,Robert Morris,,Saint Francis (PA),REG (Non-Conf),W 49-36,*,31,1,5,.200,1,3,.333,0,2,.000,.300,0,0,,0,0,0,6,3,0,4,4,3,1.5,Mackenzie Amalia,https://www.sports-reference.com/cbb/players/mackenzie-amalia-1.html,robert-morris,2022-23
2,43,2,2022-11-10,Robert Morris,,George Mason,REG (Non-Conf),W 53-52,*,29,2,8,.250,1,6,.167,1,2,.500,.313,0,0,,0,0,0,3,1,0,1,2,5,1.5,Mackenzie Amalia,https://www.sports-reference.com/cbb/players/mackenzie-amalia-1.html,robert-morris,2022-23
3,44,3,2022-11-12,Robert Morris,,Waynesburg,REG (Non-Conf),W 95-39,*,20,2,7,.286,0,3,.000,2,4,.500,.286,2,2,1.000,0,1,1,3,0,1,1,2,6,3.2,Mackenzie Amalia,https://www.sports-reference.com/cbb/players/mackenzie-amalia-1.html,robert-morris,2022-23
4,45,4,2022-11-14,Robert Morris,,Wheeling Jesuit,REG (Non-Conf),W 87-48,*,24,4,6,.667,3,4,.750,1,2,.500,.917,1,2,.500,2,1,3,4,2,0,0,1,12,15.1,Mackenzie Amalia,https://www.sports-reference.com/cbb/players/mackenzie-amalia-1.html,robert-morris,2022-23
5,46,5,2022-11-23,Robert Morris,@,Akron,REG (Non-Conf),L 50-68,*,26,2,7,.286,1,4,.250,1,3,.333,.357,0,0,,0,4,4,2,1,0,2,3,5,1.3,Mackenzie Amalia,https://www.sports-reference.com/cbb/players/mackenzie-amalia-1.html,robert-morris,2022-23
6,47,6,2022-11-26,Robert Morris,,Canisius,REG (Non-Conf),W 62-52,*,28,4,8,.500,2,3,.667,2,5,.400,.625,1,2,.500,2,0,2,3,6,0,2,3,11,12.9,Mackenzie Amalia,https://www.sports-reference.com/cbb/players/mackenzie-amalia-1.html,robert-morris,2022-23
7,48,7,2022-12-02,Robert Morris,@,Wright State,REG (Conf),W 68-47,*,29,1,7,.143,1,5,.200,0,2,.000,.214,1,2,.500,0,3,3,5,1,0,1,2,4,2.7,Mackenzie Amalia,https://www.sports-reference.com/cbb/players/mackenzie-amalia-1.html,robert-morris,2022-23
8,49,8,2022-12-04,Robert Morris,@,Northern Kentucky,REG (Conf),L 54-69,*,34,2,10,.200,0,4,.000,2,6,.333,.200,3,6,.500,0,1,1,1,1,0,3,2,7,-2.2,Mackenzie Amalia,https://www.sports-reference.com/cbb/players/mackenzie-amalia-1.html,robert-morris,2022-23
9,50,9,2022-12-08,Robert Morris,@,West Virginia,REG (Non-Conf),L 42-72,*,26,0,5,.000,0,3,.000,0,2,.000,.000,0,0,,1,1,2,0,0,0,2,3,0,-5.7,Mackenzie Amalia,https://www.sports-reference.com/cbb/players/mackenzie-amalia-1.html,robert-morris,2022-23
10,51,10,2022-12-11,Robert Morris,@,Oklahoma,REG (Non-Conf),L 65-94,*,37,5,13,.385,4,11,.364,1,2,.500,.538,1,4,.250,1,4,5,3,0,0,1,2,15,8.9,Mackenzie Amalia,https://www.sports-reference.com/cbb/players/mackenzie-amalia-1.html,robert-morris,2022-23
11,52,11,2022-12-16,Robert Morris,,St. Bonaventure,REG (Non-Conf),W 63-39,*,27,1,5,.200,1,5,.200,0,0,,.300,1,2,.500,0,3,3,5,0,0,3,2,4,1.1,Mackenzie Amalia,https://www.sports-reference.com/cbb/players/mackenzie-amalia-1.html,robert-morris,2022-23
12,53,12,2022-12-29,Robert Morris,,Purdue Fort Wayne,REG (Conf),L 41-52,*,29,1,6,.167,1,4,.250,0,2,.000,.250,1,2,.500,0,1,1,0,2,0,4,2,4,-2.7,Mackenzie Amalia,https://www.sports-reference.com/cbb/players/mackenzie-amalia-1.html,robert-morris,2022-23
13,54,13,2022-12-31,Robert Morris,,Cleveland State,REG (Conf),L 52-70,*,37,1,7,.143,1,6,.167,0,1,.000,.214,0,0,,1,1,2,4,2,0,3,1,3,0.9,Mackenzie Amalia,https://www.sports-reference.com/cbb/players/mackenzie-amalia-1.html,robert-morris,2022-23
14,55,14,2023-01-05,Robert Morris,@,Oakland,REG (Conf),L 59-71,*,33,1,7,.143,0,2,.000,1,5,.200,.143,0,0,,1,3,4,2,2,0,5,2,2,-3.3,Mackenzie Amalia,https://www.sports-reference.com/cbb/players/mackenzie-amalia-1.html,robert-morris,2022-23
15,56,15,2023-01-07,Robert Morris,@,Detroit Mercy,REG (Conf),L 58-64,*,35,4,9,.444,2,4,.500,2,5,.400,.556,0,0,,0,1,1,3,2,0,1,0,10,8.7,Mackenzie Amalia,https://www.sports-reference.com/cbb/players/mackenzie-amalia-1.html,robert-morris,2022-23
16,57,16,2023-01-12,Robert Morris,@,Youngstown State,REG (Conf),L 48-65,*,35,4,7,.571,2,2,1.000,2,5,.400,.714,2,2,1.000,1,5,6,3,0,1,3,2,12,9.9,Mackenzie Amalia,https://www.sports-reference.com/cbb/players/mackenzie-amalia-1.html,robert-morris,2022-23
17,58,17,2023-01-14,Robert Morris,,IUPUI,REG (Conf),W 69-63,*,31,3,7,.429,2,5,.400,1,2,.500,.571,3,4,.750,0,5,5,5,0,0,1,0,11,10.9,Mackenzie Amalia,https://www.sports-reference.com/cbb/players/mackenzie-amalia-1.html,robert-morris,2022-23
18,59,18,2023-01-20,Robert Morris,@,Milwaukee,REG (Conf),L 60-72,*,36,1,8,.125,1,5,.200,0,3,.000,.188,1,2,.500,0,2,2,2,2,0,0,3,4,1.2,Mackenzie Amalia,https://www.sports-reference.com/cbb/players/mackenzie-amalia-1.html,robert-morris,2022-23
19,60,19,2023-01-22,Robert Morris,@,Green Bay,REG (Conf),L 54-71,*,32,2,5,.400,1,4,.250,1,1,1.000,.500,1,2,.500,1,1,2,2,2,0,1,3,6,5.1,Mackenzie Amalia,https://www.sports-reference.com/cbb/players/mackenzie-amalia-1.html,robert-morris,2022-23
20,61,20,2023-01-26,Robert Morris,,Northern Kentucky,REG (Conf),L 47-62,*,38,3,8,.375,1,4,.250,2,4,.500,.438,1,2,.500,0,3,3,2,0,1,3,4,8,1.6,Mackenzie Amalia,https://www.sports-reference.com/cbb/players/mackenzie-amalia-1.html,robert-morris,2022-23
21,62,21,2023-01-28,Robert Morris,,Wright State,REG (Conf),L 49-83,*,37,1,8,.125,1,6,.167,0,2,.000,.188,0,0,,0,2,2,0,0,0,4,3,3,-6.8,Mackenzie Amalia,https://www.sports-reference.com/cbb/players/mackenzie-amalia-1.html,robert-morris,2022-23
22,63,22,2023-02-02,Robert Morris,@,Cleveland State,REG (Conf),L 43-61,*,38,2,8,.250,1,7,.143,1,1,1.000,.313,2,2,1.000,0,7,7,0,2,0,3,2,7,2.5,Mackenzie Amalia,https://www.sports-reference.com/cbb/players/mackenzie-amalia-1.html,robert-morris,2022-23
23,64,23,2023-02-04,Robert Morris,@,Purdue Fort Wayne,REG (Conf),W 71-63,*,39,1,5,.200,1,5,.200,0,0,,.300,1,4,.250,0,3,3,2,4,0,8,2,4,-2.8,Mackenzie Amalia,https://www.sports-reference.com/cbb/players/mackenzie-amalia-1.html,robert-morris,2022-23
24,65,24,2023-02-09,Robert Morris,,Detroit Mercy,REG (Conf),L 55-61,*,37,2,7,.286,0,4,.000,2,3,.667,.286,1,4,.250,0,1,1,6,0,1,2,4,5,1.3,Mackenzie Amalia,https://www.sports-reference.com/cbb/players/mackenzie-amalia-1.html,robert-morris,2022-23
25,66,25,2023-02-11,Robert Morris,,Oakland,REG (Conf),W 74-43,*,34,3,7,.429,2,5,.400,1,2,.500,.571,0,0,,0,3,3,1,0,0,4,3,8,0.7,Mackenzie Amalia,https://www.sports-reference.com/cbb/players/mackenzie-amalia-1.html,robert-morris,2022-23
26,67,26,2023-02-17,Robert Morris,,Green Bay,REG (Conf),L 37-61,*,27,0,6,.000,0,5,.000,0,1,.000,.000,2,2,1.000,2,1,3,2,0,0,3,1,2,-2.5,Mackenzie Amalia,https://www.sports-reference.com/cbb/players/mackenzie-amalia-1.html,robert-morris,2022-23
27,68,27,2023-02-19,Robert Morris,,Milwaukee,REG (Conf),W 50-45,*,33,0,5,.000,0,4,.000,0,1,.000,.000,0,0,,0,3,3,3,3,0,3,1,0,-0.9,Mackenzie Amalia,https://www.sports-reference.com/cbb/players/mackenzie-amalia-1.html,robert-morris,2022-23
28,69,28,2023-02-23,Robert Morris,@,IUPUI,REG (Conf),L 69-83,*,36,3,8,.375,3,7,.429,0,1,.000,.563,0,0,,1,2,3,4,1,0,2,3,9,6.5,Mackenzie Amalia,https://www.sports-reference.com/cbb/players/mackenzie-amalia-1.html,robert-morris,2022-23
29,70,29,2023-02-25,Robert Morris,,Youngstown State,REG (Conf),L 51-65,*,28,1,6,.167,0,2,.000,1,4,.250,.167,0,0,,1,1,2,2,3,0,1,2,2,1.8,Mackenzie Amalia,https://www.sports-reference.com/cbb/players/mackenzie-amalia-1.html,robert-morris,2022-23
30,71,30,2023-02-28,Robert Morris,@,Milwaukee,CTOURN,L 58-64,*,37,5,10,.500,1,4,.250,4,6,.667,.550,0,0,,0,4,4,5,2,0,3,0,11,9.7,Mackenzie Amalia,https://www.sports-reference.com/cbb/players/mackenzie-amalia-1.html,robert-morris,2022-23
