ranker,player_game_num_career,team_game_num_season,date,team_name_abbr,game_location,opp_name_abbr,game_type,game_result,is_starter,mp,fg,fga,fg_pct,fg3,fg3a,fg2,fg2a,fg2_pct,efg_pct,ft,fta,ft_pct,orb,drb,trb,ast,stl,blk,tov,pf,pts,game_score,player_name,player_sr_link,school,season
1,1,2,2023-11-11,Stony Brook,@,Le Moyne,REG (Non-Conf),W 82-61,,3,1,1,1.000,0,0,1,1,1.000,1.000,0,0,,0,1,1,0,0,0,1,0,2,1.0,Dallysshya Moreno,https://www.sports-reference.com/cbb/players/dallysshya-moreno-1.html,stony-brook,2023-24
2,2,5,2023-11-22,Stony Brook,,Delaware State,REG (Non-Conf),W 86-41,,5,0,0,,0,0,0,0,,,0,0,,0,1,1,0,0,0,0,1,0,-0.1,Dallysshya Moreno,https://www.sports-reference.com/cbb/players/dallysshya-moreno-1.html,stony-brook,2023-24
3,3,7,2023-12-02,Stony Brook,,Buffalo,REG (Non-Conf),W 83-52,,1,0,0,,0,0,0,0,,,0,0,,0,0,0,0,0,0,1,1,0,-1.4,Dallysshya Moreno,https://www.sports-reference.com/cbb/players/dallysshya-moreno-1.html,stony-brook,2023-24
4,4,9,2023-12-11,Stony Brook,,Longwood,REG (Non-Conf),W 85-49,,2,0,0,,0,0,0,0,,,2,2,1.000,0,0,0,1,0,0,0,0,2,2.7,Dallysshya Moreno,https://www.sports-reference.com/cbb/players/dallysshya-moreno-1.html,stony-brook,2023-24
5,5,10,2023-12-21,Stony Brook,@,Iona,REG (Non-Conf),W 71-49,,1,0,0,,0,0,0,0,,,0,0,,0,0,0,0,0,0,0,0,0,0.0,Dallysshya Moreno,https://www.sports-reference.com/cbb/players/dallysshya-moreno-1.html,stony-brook,2023-24
6,6,11,2023-12-30,Stony Brook,@,Cornell,REG (Non-Conf),W 81-56,,2,0,1,.000,0,0,0,1,.000,.000,0,0,,1,0,1,0,1,0,0,0,0,1.0,Dallysshya Moreno,https://www.sports-reference.com/cbb/players/dallysshya-moreno-1.html,stony-brook,2023-24
