ranker,player_game_num_career,team_game_num_season,date,team_name_abbr,game_location,opp_name_abbr,game_type,game_result,is_starter,mp,fg,fga,fg_pct,fg3,fg3a,fg3_pct,fg2,fg2a,fg2_pct,efg_pct,ft,fta,ft_pct,orb,drb,trb,ast,stl,blk,tov,pf,pts,game_score,player_name,player_sr_link,school,season
1,38,1,2018-11-08,Winthrop,@,Wisconsin,REG (Non-Conf),L 41-76,,26,2,4,.500,2,3,.667,0,1,.000,.750,0,0,,0,6,6,0,3,0,1,2,6,7.0,Angela Coello Perez,https://www.sports-reference.com/cbb/players/angela-coello-perez-1.html,winthrop,2018-19
2,39,2,2018-11-11,Winthrop,@,Georgia,REG (Non-Conf),L 39-85,,16,3,7,.429,0,2,.000,3,5,.600,.429,0,0,,0,1,1,0,0,0,1,2,6,0.8,Angela Coello Perez,https://www.sports-reference.com/cbb/players/angela-coello-perez-1.html,winthrop,2018-19
3,40,3,2018-11-14,Winthrop,,North Carolina Central,REG (Non-Conf),W 66-41,,17,2,5,.400,1,2,.500,1,3,.333,.500,0,0,,1,2,3,0,0,2,1,1,5,3.6,Angela Coello Perez,https://www.sports-reference.com/cbb/players/angela-coello-perez-1.html,winthrop,2018-19
4,41,4,2018-11-17,Winthrop,,Newberry,REG (Non-Conf),L 63-67,,4,0,2,.000,0,1,.000,0,1,.000,.000,0,0,,1,1,2,0,0,0,0,0,0,-0.4,Angela Coello Perez,https://www.sports-reference.com/cbb/players/angela-coello-perez-1.html,winthrop,2018-19
5,42,5,2018-11-20,Winthrop,@,Wofford,REG (Non-Conf),L 53-70,,8,0,2,.000,0,2,.000,0,0,,.000,2,2,1.000,0,1,1,0,0,0,1,0,2,-0.1,Angela Coello Perez,https://www.sports-reference.com/cbb/players/angela-coello-perez-1.html,winthrop,2018-19
6,43,6,2018-11-25,Winthrop,@,James Madison,REG (Non-Conf),L 39-56,,17,2,6,.333,0,2,.000,2,4,.500,.333,0,0,,0,2,2,0,0,0,0,1,4,0.8,Angela Coello Perez,https://www.sports-reference.com/cbb/players/angela-coello-perez-1.html,winthrop,2018-19
7,44,7,2018-11-29,Winthrop,@,College of Charleston,REG (Non-Conf),W 71-64,,13,0,8,.000,0,5,.000,0,3,.000,.000,1,2,.500,1,1,2,3,1,2,0,1,1,0.1,Angela Coello Perez,https://www.sports-reference.com/cbb/players/angela-coello-perez-1.html,winthrop,2018-19
8,45,8,2018-12-01,Winthrop,@,South Carolina State,REG (Non-Conf),W 58-50,,11,2,4,.500,0,1,.000,2,3,.667,.500,0,0,,1,1,2,0,0,0,1,2,4,1.2,Angela Coello Perez,https://www.sports-reference.com/cbb/players/angela-coello-perez-1.html,winthrop,2018-19
9,46,9,2018-12-09,Winthrop,,Elon,REG (Non-Conf),W 58-57,,1,0,1,.000,0,1,.000,0,0,,.000,0,0,,0,0,0,0,0,0,0,0,0,-0.7,Angela Coello Perez,https://www.sports-reference.com/cbb/players/angela-coello-perez-1.html,winthrop,2018-19
10,47,10,2018-12-18,Winthrop,@,Georgia Southern,REG (Non-Conf),L 55-64,,8,3,4,.750,0,0,,3,4,.750,.750,0,0,,0,3,3,0,0,1,0,0,6,6.0,Angela Coello Perez,https://www.sports-reference.com/cbb/players/angela-coello-perez-1.html,winthrop,2018-19
11,48,11,2018-12-21,Winthrop,,Western Carolina,REG (Non-Conf),L 57-65,,18,3,7,.429,1,2,.500,2,5,.400,.500,3,4,.750,0,6,6,1,3,0,1,2,10,9.6,Angela Coello Perez,https://www.sports-reference.com/cbb/players/angela-coello-perez-1.html,winthrop,2018-19
12,49,12,2019-01-05,Winthrop,,Longwood,REG (Conf),W 77-69,,4,0,0,,0,0,,0,0,,,0,0,,0,3,3,0,1,0,1,1,0,0.5,Angela Coello Perez,https://www.sports-reference.com/cbb/players/angela-coello-perez-1.html,winthrop,2018-19
13,50,13,2019-01-08,Winthrop,,Charleston Southern,REG (Conf),W 57-52,,2,0,2,.000,0,0,,0,2,.000,.000,0,0,,1,1,2,0,0,0,0,0,0,-0.4,Angela Coello Perez,https://www.sports-reference.com/cbb/players/angela-coello-perez-1.html,winthrop,2018-19
14,51,14,2019-01-10,Winthrop,,USC Upstate,REG (Conf),L 50-76,,16,2,5,.400,0,2,.000,2,3,.667,.400,4,6,.667,1,5,6,0,1,1,2,1,8,6.0,Angela Coello Perez,https://www.sports-reference.com/cbb/players/angela-coello-perez-1.html,winthrop,2018-19
15,52,15,2019-01-12,Winthrop,@,Radford,REG (Conf),L 49-70,,16,2,4,.500,1,2,.500,1,2,.500,.625,0,2,.000,1,2,3,1,2,0,2,1,5,3.8,Angela Coello Perez,https://www.sports-reference.com/cbb/players/angela-coello-perez-1.html,winthrop,2018-19
16,53,16,2019-01-15,Winthrop,@,Campbell,REG (Conf),W 59-46,*,26,6,8,.750,3,4,.750,3,4,.750,.938,0,0,,1,6,7,2,1,0,1,2,15,14.9,Angela Coello Perez,https://www.sports-reference.com/cbb/players/angela-coello-perez-1.html,winthrop,2018-19
17,54,17,2019-01-19,Winthrop,@,Gardner-Webb,REG (Conf),W 64-62,*,14,1,5,.200,0,3,.000,1,2,.500,.200,0,0,,0,3,3,0,0,0,1,1,2,-1.6,Angela Coello Perez,https://www.sports-reference.com/cbb/players/angela-coello-perez-1.html,winthrop,2018-19
18,55,18,2019-01-22,Winthrop,,Hampton,REG (Conf),L 63-84,,3,0,2,.000,0,2,.000,0,0,,.000,0,0,,1,0,1,0,0,0,0,0,0,-0.7,Angela Coello Perez,https://www.sports-reference.com/cbb/players/angela-coello-perez-1.html,winthrop,2018-19
19,56,19,2019-01-26,Winthrop,,Presbyterian,REG (Conf),W 55-52,,7,0,1,.000,0,0,,0,1,.000,.000,0,0,,0,1,1,0,3,0,1,0,0,1.6,Angela Coello Perez,https://www.sports-reference.com/cbb/players/angela-coello-perez-1.html,winthrop,2018-19
20,57,20,2019-01-29,Winthrop,@,High Point,REG (Conf),L 54-56,,8,1,3,.333,1,1,1.000,0,2,.000,.500,0,0,,1,1,2,1,0,0,0,1,3,2.6,Angela Coello Perez,https://www.sports-reference.com/cbb/players/angela-coello-perez-1.html,winthrop,2018-19
21,58,21,2019-02-02,Winthrop,@,UNC Asheville,REG (Conf),L 36-70,,20,2,5,.400,1,4,.250,1,1,1.000,.500,0,0,,2,3,5,0,2,0,1,1,5,5.2,Angela Coello Perez,https://www.sports-reference.com/cbb/players/angela-coello-perez-1.html,winthrop,2018-19
22,59,22,2019-02-09,Winthrop,@,Presbyterian,REG (Conf),W 62-54,,6,0,1,.000,0,1,.000,0,0,,.000,0,0,,0,0,0,0,0,0,0,0,0,-0.7,Angela Coello Perez,https://www.sports-reference.com/cbb/players/angela-coello-perez-1.html,winthrop,2018-19
23,60,23,2019-02-12,Winthrop,,Gardner-Webb,REG (Conf),L 52-65,,5,1,1,1.000,0,0,,1,1,1.000,1.000,0,0,,0,0,0,0,0,0,1,1,2,0.3,Angela Coello Perez,https://www.sports-reference.com/cbb/players/angela-coello-perez-1.html,winthrop,2018-19
24,61,25,2019-02-19,Winthrop,,Radford,REG (Conf),L 57-79,,17,1,9,.111,0,4,.000,1,5,.200,.111,1,2,.500,2,4,6,1,1,0,2,0,3,-1.0,Angela Coello Perez,https://www.sports-reference.com/cbb/players/angela-coello-perez-1.html,winthrop,2018-19
25,62,26,2019-02-26,Winthrop,@,USC Upstate,REG (Conf),L 49-58,,5,0,0,,0,0,,0,0,,,0,0,,0,0,0,0,0,0,0,0,0,0.0,Angela Coello Perez,https://www.sports-reference.com/cbb/players/angela-coello-perez-1.html,winthrop,2018-19
26,63,27,2019-03-02,Winthrop,,Campbell,REG (Conf),L 67-76,,14,1,4,.250,1,2,.500,0,2,.000,.375,0,0,,1,1,2,0,0,0,0,2,3,0.8,Angela Coello Perez,https://www.sports-reference.com/cbb/players/angela-coello-perez-1.html,winthrop,2018-19
27,64,28,2019-03-06,Winthrop,@,Charleston Southern,REG (Conf),L 57-67,,16,3,6,.500,2,5,.400,1,1,1.000,.667,1,2,.500,0,4,4,0,0,1,2,4,9,3.9,Angela Coello Perez,https://www.sports-reference.com/cbb/players/angela-coello-perez-1.html,winthrop,2018-19
28,65,29,2019-03-09,Winthrop,@,Hampton,REG (Conf),L 63-88,,18,2,7,.286,0,2,.000,2,5,.400,.286,1,2,.500,3,2,5,2,0,1,4,0,5,1.3,Angela Coello Perez,https://www.sports-reference.com/cbb/players/angela-coello-perez-1.html,winthrop,2018-19
29,66,30,2019-03-12,Winthrop,,Presbyterian,CTOURN,L 52-64,,11,0,3,.000,0,1,.000,0,2,.000,.000,0,0,,2,2,4,0,2,2,1,1,0,1.9,Angela Coello Perez,https://www.sports-reference.com/cbb/players/angela-coello-perez-1.html,winthrop,2018-19
