ranker,player_game_num_career,team_game_num_season,date,team_name_abbr,game_location,opp_name_abbr,game_type,game_result,is_starter,mp,fg,fga,fg_pct,fg3,fg3a,fg3_pct,fg2,fg2a,fg2_pct,efg_pct,ft,fta,ft_pct,orb,drb,trb,ast,stl,blk,tov,pf,pts,game_score,player_name,player_sr_link,school,season
1,31,1,2018-11-08,Winthrop,@,Wisconsin,REG (Non-Conf),L 41-76,*,12,2,7,.286,0,3,.000,2,4,.500,.286,0,1,.000,1,1,2,0,0,0,2,1,4,-1.9,Courtney Hagaman,https://www.sports-reference.com/cbb/players/courtney-hagaman-1.html,winthrop,2018-19
2,32,2,2018-11-11,Winthrop,@,Georgia,REG (Non-Conf),L 39-85,*,18,3,11,.273,2,6,.333,1,5,.200,.364,0,0,,2,0,2,0,3,0,2,1,8,3.5,Courtney Hagaman,https://www.sports-reference.com/cbb/players/courtney-hagaman-1.html,winthrop,2018-19
3,33,3,2018-11-14,Winthrop,,North Carolina Central,REG (Non-Conf),W 66-41,*,16,2,4,.500,0,1,.000,2,3,.667,.500,1,2,.500,0,2,2,2,1,0,3,2,5,1.8,Courtney Hagaman,https://www.sports-reference.com/cbb/players/courtney-hagaman-1.html,winthrop,2018-19
4,34,4,2018-11-17,Winthrop,,Newberry,REG (Non-Conf),L 63-67,*,6,1,3,.333,0,1,.000,1,2,.500,.333,0,0,,0,2,2,0,0,0,2,2,2,-1.9,Courtney Hagaman,https://www.sports-reference.com/cbb/players/courtney-hagaman-1.html,winthrop,2018-19
5,35,5,2018-11-20,Winthrop,@,Wofford,REG (Non-Conf),L 53-70,,22,4,10,.400,3,5,.600,1,5,.200,.550,0,0,,0,2,2,0,1,1,3,3,11,3.7,Courtney Hagaman,https://www.sports-reference.com/cbb/players/courtney-hagaman-1.html,winthrop,2018-19
6,36,6,2018-11-25,Winthrop,@,James Madison,REG (Non-Conf),L 39-56,*,17,2,5,.400,1,3,.333,1,2,.500,.500,0,0,,0,1,1,0,2,0,2,3,5,1.4,Courtney Hagaman,https://www.sports-reference.com/cbb/players/courtney-hagaman-1.html,winthrop,2018-19
7,37,7,2018-11-29,Winthrop,@,College of Charleston,REG (Non-Conf),W 71-64,*,18,2,7,.286,0,4,.000,2,3,.667,.286,0,1,.000,0,2,2,2,1,0,4,1,4,-1.9,Courtney Hagaman,https://www.sports-reference.com/cbb/players/courtney-hagaman-1.html,winthrop,2018-19
8,38,8,2018-12-01,Winthrop,@,South Carolina State,REG (Non-Conf),W 58-50,*,14,1,3,.333,0,0,,1,3,.333,.333,0,0,,1,0,1,1,0,0,2,0,2,-0.3,Courtney Hagaman,https://www.sports-reference.com/cbb/players/courtney-hagaman-1.html,winthrop,2018-19
9,39,9,2018-12-09,Winthrop,,Elon,REG (Non-Conf),W 58-57,*,24,9,19,.474,3,8,.375,6,11,.545,.553,2,3,.667,0,1,1,1,1,0,2,3,23,11.7,Courtney Hagaman,https://www.sports-reference.com/cbb/players/courtney-hagaman-1.html,winthrop,2018-19
10,40,10,2018-12-18,Winthrop,@,Georgia Southern,REG (Non-Conf),L 55-64,*,18,4,8,.500,3,5,.600,1,3,.333,.688,0,0,,2,0,2,1,0,0,2,2,11,6.3,Courtney Hagaman,https://www.sports-reference.com/cbb/players/courtney-hagaman-1.html,winthrop,2018-19
11,41,11,2018-12-21,Winthrop,,Western Carolina,REG (Non-Conf),L 57-65,*,12,0,4,.000,0,3,.000,0,1,.000,.000,2,2,1.000,0,0,0,0,0,0,2,2,2,-3.6,Courtney Hagaman,https://www.sports-reference.com/cbb/players/courtney-hagaman-1.html,winthrop,2018-19
12,42,12,2019-01-05,Winthrop,,Longwood,REG (Conf),W 77-69,*,19,1,6,.167,0,1,.000,1,5,.200,.167,0,0,,1,2,3,1,2,0,1,2,2,0.4,Courtney Hagaman,https://www.sports-reference.com/cbb/players/courtney-hagaman-1.html,winthrop,2018-19
13,43,13,2019-01-08,Winthrop,,Charleston Southern,REG (Conf),W 57-52,*,21,3,5,.600,1,2,.500,2,3,.667,.700,2,2,1.000,0,1,1,0,2,0,5,2,9,3.2,Courtney Hagaman,https://www.sports-reference.com/cbb/players/courtney-hagaman-1.html,winthrop,2018-19
14,44,14,2019-01-10,Winthrop,,USC Upstate,REG (Conf),L 50-76,*,15,1,6,.167,0,2,.000,1,4,.250,.167,2,2,1.000,0,0,0,0,0,0,0,1,4,-0.2,Courtney Hagaman,https://www.sports-reference.com/cbb/players/courtney-hagaman-1.html,winthrop,2018-19
15,45,15,2019-01-12,Winthrop,@,Radford,REG (Conf),L 49-70,,24,2,7,.286,2,5,.400,0,2,.000,.429,4,4,1.000,0,0,0,1,0,0,3,2,10,2.8,Courtney Hagaman,https://www.sports-reference.com/cbb/players/courtney-hagaman-1.html,winthrop,2018-19
16,46,16,2019-01-15,Winthrop,@,Campbell,REG (Conf),W 59-46,,15,1,3,.333,0,0,,1,3,.333,.333,1,2,.500,0,2,2,0,1,0,1,1,3,1.1,Courtney Hagaman,https://www.sports-reference.com/cbb/players/courtney-hagaman-1.html,winthrop,2018-19
17,47,17,2019-01-19,Winthrop,@,Gardner-Webb,REG (Conf),W 64-62,,9,0,3,.000,0,1,.000,0,2,.000,.000,0,0,,1,0,1,0,0,0,2,0,0,-3.4,Courtney Hagaman,https://www.sports-reference.com/cbb/players/courtney-hagaman-1.html,winthrop,2018-19
18,48,18,2019-01-22,Winthrop,,Hampton,REG (Conf),L 63-84,*,8,1,3,.333,1,2,.500,0,1,.000,.500,0,0,,0,0,0,0,0,0,3,1,3,-2.1,Courtney Hagaman,https://www.sports-reference.com/cbb/players/courtney-hagaman-1.html,winthrop,2018-19
19,49,19,2019-01-26,Winthrop,,Presbyterian,REG (Conf),W 55-52,,11,2,2,1.000,2,2,1.000,0,0,,1.500,0,0,,0,0,0,2,2,0,2,1,6,6.4,Courtney Hagaman,https://www.sports-reference.com/cbb/players/courtney-hagaman-1.html,winthrop,2018-19
20,50,20,2019-01-29,Winthrop,@,High Point,REG (Conf),L 54-56,,4,1,3,.333,1,3,.333,0,0,,.500,0,0,,0,0,0,0,1,0,1,0,3,1.3,Courtney Hagaman,https://www.sports-reference.com/cbb/players/courtney-hagaman-1.html,winthrop,2018-19
21,51,21,2019-02-02,Winthrop,@,UNC Asheville,REG (Conf),L 36-70,,19,3,9,.333,0,3,.000,3,6,.500,.333,4,4,1.000,1,0,1,2,4,0,1,2,10,9.2,Courtney Hagaman,https://www.sports-reference.com/cbb/players/courtney-hagaman-1.html,winthrop,2018-19
22,52,22,2019-02-09,Winthrop,@,Presbyterian,REG (Conf),W 62-54,,12,0,4,.000,0,2,.000,0,2,.000,.000,4,4,1.000,0,0,0,0,1,0,0,3,4,1.0,Courtney Hagaman,https://www.sports-reference.com/cbb/players/courtney-hagaman-1.html,winthrop,2018-19
23,53,23,2019-02-12,Winthrop,,Gardner-Webb,REG (Conf),L 52-65,,8,0,1,.000,0,0,,0,1,.000,.000,0,0,,0,1,1,0,0,0,3,1,0,-3.8,Courtney Hagaman,https://www.sports-reference.com/cbb/players/courtney-hagaman-1.html,winthrop,2018-19
24,54,24,2019-02-16,Winthrop,,UNC Asheville,REG (Conf),L 43-55,,22,4,9,.444,1,3,.333,3,6,.500,.500,3,4,.750,3,0,3,0,0,0,1,1,12,7.6,Courtney Hagaman,https://www.sports-reference.com/cbb/players/courtney-hagaman-1.html,winthrop,2018-19
25,55,25,2019-02-19,Winthrop,,Radford,REG (Conf),L 57-79,,20,4,11,.364,0,3,.000,4,8,.500,.364,0,0,,2,2,4,0,0,1,2,0,8,2.6,Courtney Hagaman,https://www.sports-reference.com/cbb/players/courtney-hagaman-1.html,winthrop,2018-19
26,56,26,2019-02-26,Winthrop,@,USC Upstate,REG (Conf),L 49-58,*,29,2,10,.200,2,7,.286,0,3,.000,.300,3,6,.500,2,0,2,2,2,0,3,1,9,3.0,Courtney Hagaman,https://www.sports-reference.com/cbb/players/courtney-hagaman-1.html,winthrop,2018-19
27,57,27,2019-03-02,Winthrop,,Campbell,REG (Conf),L 67-76,*,15,2,10,.200,0,2,.000,2,8,.250,.200,0,1,.000,2,0,2,0,0,0,1,2,4,-3.0,Courtney Hagaman,https://www.sports-reference.com/cbb/players/courtney-hagaman-1.html,winthrop,2018-19
28,58,28,2019-03-06,Winthrop,@,Charleston Southern,REG (Conf),L 57-67,,21,4,12,.333,0,5,.000,4,7,.571,.333,4,5,.800,2,1,3,1,1,0,1,4,12,5.6,Courtney Hagaman,https://www.sports-reference.com/cbb/players/courtney-hagaman-1.html,winthrop,2018-19
29,59,29,2019-03-09,Winthrop,@,Hampton,REG (Conf),L 63-88,,24,8,18,.444,1,7,.143,7,11,.636,.472,4,4,1.000,2,1,3,1,1,0,0,3,21,13.8,Courtney Hagaman,https://www.sports-reference.com/cbb/players/courtney-hagaman-1.html,winthrop,2018-19
30,60,30,2019-03-12,Winthrop,,Presbyterian,CTOURN,L 52-64,*,13,1,7,.143,1,4,.250,0,3,.000,.214,4,4,1.000,0,1,1,0,1,0,1,1,7,2.4,Courtney Hagaman,https://www.sports-reference.com/cbb/players/courtney-hagaman-1.html,winthrop,2018-19
