ranker,player_game_num_career,team_game_num_season,date,team_name_abbr,game_location,opp_name_abbr,game_type,game_result,is_starter,mp,fg,fga,fg_pct,fg3,fg3a,fg3_pct,fg2,fg2a,fg2_pct,efg_pct,ft,fta,ft_pct,orb,drb,trb,ast,stl,blk,tov,pf,pts,game_score,player_name,player_sr_link,school,season
1,1,1,2018-11-08,Winthrop,@,Wisconsin,REG (Non-Conf),L 41-76,,11,0,5,.000,0,2,.000,0,3,.000,.000,0,0,,0,0,0,0,0,0,0,2,0,-4.3,Destinee Jamison-Whitfield,https://www.sports-reference.com/cbb/players/destinee-jamison-whitfield-1.html,winthrop,2018-19
2,2,2,2018-11-11,Winthrop,@,Georgia,REG (Non-Conf),L 39-85,,16,0,4,.000,0,0,,0,4,.000,.000,2,2,1.000,0,1,1,0,1,0,2,2,2,-2.3,Destinee Jamison-Whitfield,https://www.sports-reference.com/cbb/players/destinee-jamison-whitfield-1.html,winthrop,2018-19
3,3,3,2018-11-14,Winthrop,,North Carolina Central,REG (Non-Conf),W 66-41,,11,2,4,.500,0,0,,2,4,.500,.500,3,4,.750,0,0,0,1,1,0,1,2,7,4.5,Destinee Jamison-Whitfield,https://www.sports-reference.com/cbb/players/destinee-jamison-whitfield-1.html,winthrop,2018-19
4,4,4,2018-11-17,Winthrop,,Newberry,REG (Non-Conf),L 63-67,,16,3,6,.500,1,3,.333,2,3,.667,.583,0,0,,1,0,1,0,3,0,0,1,7,7.3,Destinee Jamison-Whitfield,https://www.sports-reference.com/cbb/players/destinee-jamison-whitfield-1.html,winthrop,2018-19
5,5,5,2018-11-20,Winthrop,@,Wofford,REG (Non-Conf),L 53-70,,17,3,4,.750,2,3,.667,1,1,1.000,1.000,0,0,,0,3,3,1,0,0,1,1,8,6.6,Destinee Jamison-Whitfield,https://www.sports-reference.com/cbb/players/destinee-jamison-whitfield-1.html,winthrop,2018-19
6,6,16,2019-01-15,Winthrop,@,Campbell,REG (Conf),W 59-46,,5,0,4,.000,0,0,,0,4,.000,.000,0,0,,2,1,3,0,0,0,2,1,0,-3.5,Destinee Jamison-Whitfield,https://www.sports-reference.com/cbb/players/destinee-jamison-whitfield-1.html,winthrop,2018-19
7,7,17,2019-01-19,Winthrop,@,Gardner-Webb,REG (Conf),W 64-62,,22,6,10,.600,0,1,.000,6,9,.667,.600,0,0,,1,1,2,2,1,0,2,3,12,7.6,Destinee Jamison-Whitfield,https://www.sports-reference.com/cbb/players/destinee-jamison-whitfield-1.html,winthrop,2018-19
8,8,18,2019-01-22,Winthrop,,Hampton,REG (Conf),L 63-84,,17,2,7,.286,1,6,.167,1,1,1.000,.357,0,0,,0,1,1,0,0,0,3,2,5,-2.6,Destinee Jamison-Whitfield,https://www.sports-reference.com/cbb/players/destinee-jamison-whitfield-1.html,winthrop,2018-19
9,9,19,2019-01-26,Winthrop,,Presbyterian,REG (Conf),W 55-52,,13,1,4,.250,0,2,.000,1,2,.500,.250,0,0,,1,2,3,0,0,0,2,1,2,-1.5,Destinee Jamison-Whitfield,https://www.sports-reference.com/cbb/players/destinee-jamison-whitfield-1.html,winthrop,2018-19
10,10,20,2019-01-29,Winthrop,@,High Point,REG (Conf),L 54-56,,5,0,1,.000,0,1,.000,0,0,,.000,0,0,,0,0,0,1,0,0,1,3,0,-2.2,Destinee Jamison-Whitfield,https://www.sports-reference.com/cbb/players/destinee-jamison-whitfield-1.html,winthrop,2018-19
11,11,21,2019-02-02,Winthrop,@,UNC Asheville,REG (Conf),L 36-70,,9,1,6,.167,0,2,.000,1,4,.250,.167,0,0,,1,1,2,0,2,0,3,0,2,-1.8,Destinee Jamison-Whitfield,https://www.sports-reference.com/cbb/players/destinee-jamison-whitfield-1.html,winthrop,2018-19
12,12,22,2019-02-09,Winthrop,@,Presbyterian,REG (Conf),W 62-54,,19,3,7,.429,1,4,.250,2,3,.667,.500,0,0,,0,0,0,1,1,0,3,2,7,1.2,Destinee Jamison-Whitfield,https://www.sports-reference.com/cbb/players/destinee-jamison-whitfield-1.html,winthrop,2018-19
13,13,23,2019-02-12,Winthrop,,Gardner-Webb,REG (Conf),L 52-65,,17,3,4,.750,2,2,1.000,1,2,.500,1.000,0,0,,0,1,1,0,1,0,3,0,8,4.7,Destinee Jamison-Whitfield,https://www.sports-reference.com/cbb/players/destinee-jamison-whitfield-1.html,winthrop,2018-19
14,14,24,2019-02-16,Winthrop,,UNC Asheville,REG (Conf),L 43-55,,7,0,1,.000,0,1,.000,0,0,,.000,0,0,,1,0,1,1,0,0,1,0,0,-0.3,Destinee Jamison-Whitfield,https://www.sports-reference.com/cbb/players/destinee-jamison-whitfield-1.html,winthrop,2018-19
15,15,25,2019-02-19,Winthrop,,Radford,REG (Conf),L 57-79,,20,3,7,.429,1,2,.500,2,5,.400,.500,2,2,1.000,0,1,1,0,0,0,1,0,9,4.6,Destinee Jamison-Whitfield,https://www.sports-reference.com/cbb/players/destinee-jamison-whitfield-1.html,winthrop,2018-19
16,16,26,2019-02-26,Winthrop,@,USC Upstate,REG (Conf),L 49-58,,6,0,5,.000,0,2,.000,0,3,.000,.000,0,0,,0,2,2,0,1,0,2,0,0,-3.9,Destinee Jamison-Whitfield,https://www.sports-reference.com/cbb/players/destinee-jamison-whitfield-1.html,winthrop,2018-19
17,17,27,2019-03-02,Winthrop,,Campbell,REG (Conf),L 67-76,,22,2,8,.250,0,3,.000,2,5,.400,.250,4,5,.800,0,2,2,0,0,0,0,1,8,3.0,Destinee Jamison-Whitfield,https://www.sports-reference.com/cbb/players/destinee-jamison-whitfield-1.html,winthrop,2018-19
18,18,30,2019-03-12,Winthrop,,Presbyterian,CTOURN,L 52-64,,16,4,9,.444,0,2,.000,4,7,.571,.444,2,3,.667,1,1,2,1,0,1,0,3,10,6.1,Destinee Jamison-Whitfield,https://www.sports-reference.com/cbb/players/destinee-jamison-whitfield-1.html,winthrop,2018-19
