ranker,player_game_num_career,team_game_num_season,date,team_name_abbr,game_location,opp_name_abbr,game_type,game_result,is_starter,mp,fg,fga,fg_pct,fg3,fg3a,fg3_pct,fg2,fg2a,fg2_pct,efg_pct,ft,fta,ft_pct,orb,drb,trb,ast,stl,blk,tov,pf,pts,game_score,player_name,player_sr_link,school,season
1,1,1,2018-11-08,Winthrop,@,Wisconsin,REG (Non-Conf),L 41-76,*,30,2,13,.154,0,1,.000,2,12,.167,.154,4,4,1.000,0,6,6,0,3,0,1,2,8,2.7,Jah'Che Whitfield,https://www.sports-reference.com/cbb/players/jahche-whitfield-1.html,winthrop,2018-19
2,2,2,2018-11-11,Winthrop,@,Georgia,REG (Non-Conf),L 39-85,,17,1,7,.143,0,1,.000,1,6,.167,.143,3,8,.375,1,3,4,0,1,0,1,1,5,-0.3,Jah'Che Whitfield,https://www.sports-reference.com/cbb/players/jahche-whitfield-1.html,winthrop,2018-19
3,3,3,2018-11-14,Winthrop,,North Carolina Central,REG (Non-Conf),W 66-41,,19,5,9,.556,0,0,,5,9,.556,.556,5,6,.833,0,3,3,0,2,1,0,2,15,13.1,Jah'Che Whitfield,https://www.sports-reference.com/cbb/players/jahche-whitfield-1.html,winthrop,2018-19
4,4,4,2018-11-17,Winthrop,,Newberry,REG (Non-Conf),L 63-67,,23,3,11,.273,0,1,.000,3,10,.300,.273,2,2,1.000,0,1,1,3,0,0,0,1,8,3.5,Jah'Che Whitfield,https://www.sports-reference.com/cbb/players/jahche-whitfield-1.html,winthrop,2018-19
5,5,5,2018-11-20,Winthrop,@,Wofford,REG (Non-Conf),L 53-70,*,20,1,5,.200,0,1,.000,1,4,.250,.200,2,2,1.000,0,0,0,1,0,0,3,0,4,-1.4,Jah'Che Whitfield,https://www.sports-reference.com/cbb/players/jahche-whitfield-1.html,winthrop,2018-19
6,6,6,2018-11-25,Winthrop,@,James Madison,REG (Non-Conf),L 39-56,,15,1,5,.200,0,0,,1,5,.200,.200,1,2,.500,0,3,3,1,0,2,1,2,3,0.7,Jah'Che Whitfield,https://www.sports-reference.com/cbb/players/jahche-whitfield-1.html,winthrop,2018-19
7,7,7,2018-11-29,Winthrop,@,College of Charleston,REG (Non-Conf),W 71-64,,14,2,6,.333,0,0,,2,6,.333,.333,1,2,.500,1,2,3,2,2,0,4,1,5,1.5,Jah'Che Whitfield,https://www.sports-reference.com/cbb/players/jahche-whitfield-1.html,winthrop,2018-19
8,8,8,2018-12-01,Winthrop,@,South Carolina State,REG (Non-Conf),W 58-50,,9,1,3,.333,0,0,,1,3,.333,.333,0,0,,1,0,1,0,0,0,0,1,2,0.6,Jah'Che Whitfield,https://www.sports-reference.com/cbb/players/jahche-whitfield-1.html,winthrop,2018-19
9,9,9,2018-12-09,Winthrop,,Elon,REG (Non-Conf),W 58-57,,17,3,8,.375,0,0,,3,8,.375,.375,0,0,,2,2,4,1,2,0,2,2,6,3.5,Jah'Che Whitfield,https://www.sports-reference.com/cbb/players/jahche-whitfield-1.html,winthrop,2018-19
10,10,10,2018-12-18,Winthrop,@,Georgia Southern,REG (Non-Conf),L 55-64,,13,0,5,.000,0,1,.000,0,4,.000,.000,0,0,,1,0,1,0,0,0,0,0,0,-2.8,Jah'Che Whitfield,https://www.sports-reference.com/cbb/players/jahche-whitfield-1.html,winthrop,2018-19
11,11,11,2018-12-21,Winthrop,,Western Carolina,REG (Non-Conf),L 57-65,,12,4,8,.500,1,2,.500,3,6,.500,.563,0,0,,1,1,2,0,0,0,0,1,9,5.6,Jah'Che Whitfield,https://www.sports-reference.com/cbb/players/jahche-whitfield-1.html,winthrop,2018-19
12,12,12,2019-01-05,Winthrop,,Longwood,REG (Conf),W 77-69,,23,8,12,.667,0,0,,8,12,.667,.667,3,5,.600,0,1,1,1,0,0,1,1,19,12.6,Jah'Che Whitfield,https://www.sports-reference.com/cbb/players/jahche-whitfield-1.html,winthrop,2018-19
13,13,13,2019-01-08,Winthrop,,Charleston Southern,REG (Conf),W 57-52,,28,6,16,.375,1,2,.500,5,14,.357,.406,6,7,.857,0,3,3,0,2,0,2,0,19,10.7,Jah'Che Whitfield,https://www.sports-reference.com/cbb/players/jahche-whitfield-1.html,winthrop,2018-19
14,14,14,2019-01-10,Winthrop,,USC Upstate,REG (Conf),L 50-76,,38,5,15,.333,1,3,.333,4,12,.333,.367,1,3,.333,1,7,8,1,7,1,3,2,12,10.1,Jah'Che Whitfield,https://www.sports-reference.com/cbb/players/jahche-whitfield-1.html,winthrop,2018-19
15,15,15,2019-01-12,Winthrop,@,Radford,REG (Conf),L 49-70,*,36,5,12,.417,0,3,.000,5,9,.556,.417,3,4,.750,2,7,9,1,1,0,2,1,13,9.0,Jah'Che Whitfield,https://www.sports-reference.com/cbb/players/jahche-whitfield-1.html,winthrop,2018-19
16,16,16,2019-01-15,Winthrop,@,Campbell,REG (Conf),W 59-46,*,30,5,12,.417,1,1,1.000,4,11,.364,.458,0,0,,1,3,4,3,1,0,1,3,11,7.1,Jah'Che Whitfield,https://www.sports-reference.com/cbb/players/jahche-whitfield-1.html,winthrop,2018-19
17,17,17,2019-01-19,Winthrop,@,Gardner-Webb,REG (Conf),W 64-62,*,37,6,16,.375,0,2,.000,6,14,.429,.375,0,1,.000,2,4,6,1,0,0,2,2,12,3.3,Jah'Che Whitfield,https://www.sports-reference.com/cbb/players/jahche-whitfield-1.html,winthrop,2018-19
18,18,18,2019-01-22,Winthrop,,Hampton,REG (Conf),L 63-84,*,32,1,12,.083,0,3,.000,1,9,.111,.083,0,2,.000,2,4,6,0,3,0,3,1,2,-4.6,Jah'Che Whitfield,https://www.sports-reference.com/cbb/players/jahche-whitfield-1.html,winthrop,2018-19
19,19,19,2019-01-26,Winthrop,,Presbyterian,REG (Conf),W 55-52,*,34,6,11,.545,0,0,,6,11,.545,.545,1,2,.500,0,3,3,2,3,0,4,1,13,8.2,Jah'Che Whitfield,https://www.sports-reference.com/cbb/players/jahche-whitfield-1.html,winthrop,2018-19
20,20,20,2019-01-29,Winthrop,@,High Point,REG (Conf),L 54-56,*,31,6,12,.500,1,3,.333,5,9,.556,.542,0,2,.000,0,3,3,0,2,1,1,2,13,8.0,Jah'Che Whitfield,https://www.sports-reference.com/cbb/players/jahche-whitfield-1.html,winthrop,2018-19
21,21,21,2019-02-02,Winthrop,@,UNC Asheville,REG (Conf),L 36-70,*,25,0,9,.000,0,2,.000,0,7,.000,.000,0,2,.000,0,5,5,0,0,0,1,3,0,-7.8,Jah'Che Whitfield,https://www.sports-reference.com/cbb/players/jahche-whitfield-1.html,winthrop,2018-19
22,22,22,2019-02-09,Winthrop,@,Presbyterian,REG (Conf),W 62-54,*,38,6,12,.500,1,1,1.000,5,11,.455,.542,3,5,.600,4,5,9,3,3,0,4,1,16,14.2,Jah'Che Whitfield,https://www.sports-reference.com/cbb/players/jahche-whitfield-1.html,winthrop,2018-19
23,23,23,2019-02-12,Winthrop,,Gardner-Webb,REG (Conf),L 52-65,*,35,7,16,.438,0,1,.000,7,15,.467,.438,0,2,.000,2,3,5,2,1,0,3,2,14,5.7,Jah'Che Whitfield,https://www.sports-reference.com/cbb/players/jahche-whitfield-1.html,winthrop,2018-19
24,24,24,2019-02-16,Winthrop,,UNC Asheville,REG (Conf),L 43-55,*,36,2,14,.143,0,3,.000,2,11,.182,.143,3,4,.750,1,1,2,2,0,0,3,1,7,-3.4,Jah'Che Whitfield,https://www.sports-reference.com/cbb/players/jahche-whitfield-1.html,winthrop,2018-19
25,25,25,2019-02-19,Winthrop,,Radford,REG (Conf),L 57-79,*,25,6,11,.545,0,0,,6,11,.545,.545,0,0,,1,2,3,0,1,0,1,1,12,7.6,Jah'Che Whitfield,https://www.sports-reference.com/cbb/players/jahche-whitfield-1.html,winthrop,2018-19
26,26,26,2019-02-26,Winthrop,@,USC Upstate,REG (Conf),L 49-58,*,28,0,6,.000,0,3,.000,0,3,.000,.000,1,2,.500,0,4,4,3,2,0,2,4,1,-1.9,Jah'Che Whitfield,https://www.sports-reference.com/cbb/players/jahche-whitfield-1.html,winthrop,2018-19
27,27,27,2019-03-02,Winthrop,,Campbell,REG (Conf),L 67-76,*,31,5,11,.455,0,2,.000,5,9,.556,.455,5,5,1.000,1,4,5,3,1,0,1,1,15,12.9,Jah'Che Whitfield,https://www.sports-reference.com/cbb/players/jahche-whitfield-1.html,winthrop,2018-19
28,28,28,2019-03-06,Winthrop,@,Charleston Southern,REG (Conf),L 57-67,*,29,2,11,.182,0,2,.000,2,9,.222,.182,1,1,1.000,3,4,7,2,0,0,1,1,5,1.4,Jah'Che Whitfield,https://www.sports-reference.com/cbb/players/jahche-whitfield-1.html,winthrop,2018-19
29,29,29,2019-03-09,Winthrop,@,Hampton,REG (Conf),L 63-88,*,28,1,7,.143,0,2,.000,1,5,.200,.143,1,2,.500,2,4,6,4,1,0,6,0,3,-1.5,Jah'Che Whitfield,https://www.sports-reference.com/cbb/players/jahche-whitfield-1.html,winthrop,2018-19
30,30,30,2019-03-12,Winthrop,,Presbyterian,CTOURN,L 52-64,*,25,2,8,.250,0,1,.000,2,7,.286,.250,0,0,,1,3,4,3,0,0,2,2,4,0.1,Jah'Che Whitfield,https://www.sports-reference.com/cbb/players/jahche-whitfield-1.html,winthrop,2018-19
