ranker,player_game_num_career,team_game_num_season,date,team_name_abbr,game_location,opp_name_abbr,game_type,game_result,is_starter,mp,fg,fga,fg_pct,fg3,fg3a,fg3_pct,fg2,fg2a,fg2_pct,efg_pct,ft,fta,ft_pct,orb,drb,trb,ast,stl,blk,tov,pf,pts,game_score,player_name,player_sr_link,school,season
1,26,11,2018-12-21,Winthrop,,Western Carolina,REG (Non-Conf),L 57-65,,4,0,1,.000,0,0,,0,1,.000,.000,0,0,,0,0,0,0,0,0,1,1,0,-2.1,Marissa Cantrell,https://www.sports-reference.com/cbb/players/marissa-cantrell-1.html,winthrop,2018-19
2,27,14,2019-01-10,Winthrop,,USC Upstate,REG (Conf),L 50-76,,20,2,3,.667,0,0,,2,3,.667,.667,0,0,,0,1,1,1,2,0,5,1,4,0.3,Marissa Cantrell,https://www.sports-reference.com/cbb/players/marissa-cantrell-1.html,winthrop,2018-19
3,28,15,2019-01-12,Winthrop,@,Radford,REG (Conf),L 49-70,,7,0,1,.000,0,0,,0,1,.000,.000,0,0,,0,1,1,0,0,0,0,0,0,-0.4,Marissa Cantrell,https://www.sports-reference.com/cbb/players/marissa-cantrell-1.html,winthrop,2018-19
4,29,16,2019-01-15,Winthrop,@,Campbell,REG (Conf),W 59-46,,1,0,0,,0,0,,0,0,,,0,0,,0,0,0,0,0,0,0,0,0,0.0,Marissa Cantrell,https://www.sports-reference.com/cbb/players/marissa-cantrell-1.html,winthrop,2018-19
5,30,17,2019-01-19,Winthrop,@,Gardner-Webb,REG (Conf),W 64-62,,7,0,2,.000,0,0,,0,2,.000,.000,1,2,.500,2,0,2,1,2,0,1,0,1,2.3,Marissa Cantrell,https://www.sports-reference.com/cbb/players/marissa-cantrell-1.html,winthrop,2018-19
6,31,18,2019-01-22,Winthrop,,Hampton,REG (Conf),L 63-84,,5,0,3,.000,0,1,.000,0,2,.000,.000,0,0,,0,0,0,0,0,0,1,0,0,-3.1,Marissa Cantrell,https://www.sports-reference.com/cbb/players/marissa-cantrell-1.html,winthrop,2018-19
7,32,19,2019-01-26,Winthrop,,Presbyterian,REG (Conf),W 55-52,,0,0,0,,0,0,,0,0,,,0,0,,0,0,0,0,0,0,0,0,0,0.0,Marissa Cantrell,https://www.sports-reference.com/cbb/players/marissa-cantrell-1.html,winthrop,2018-19
8,33,20,2019-01-29,Winthrop,@,High Point,REG (Conf),L 54-56,,2,0,2,.000,0,0,,0,2,.000,.000,0,0,,0,0,0,0,1,0,0,0,0,-0.4,Marissa Cantrell,https://www.sports-reference.com/cbb/players/marissa-cantrell-1.html,winthrop,2018-19
9,34,21,2019-02-02,Winthrop,@,UNC Asheville,REG (Conf),L 36-70,,3,0,1,.000,0,0,,0,1,.000,.000,0,0,,0,0,0,0,0,0,0,1,0,-1.1,Marissa Cantrell,https://www.sports-reference.com/cbb/players/marissa-cantrell-1.html,winthrop,2018-19
10,35,24,2019-02-16,Winthrop,,UNC Asheville,REG (Conf),L 43-55,,1,0,0,,0,0,,0,0,,,0,0,,0,0,0,0,0,0,0,0,0,0.0,Marissa Cantrell,https://www.sports-reference.com/cbb/players/marissa-cantrell-1.html,winthrop,2018-19
11,36,25,2019-02-19,Winthrop,,Radford,REG (Conf),L 57-79,,19,2,5,.400,0,0,,2,5,.400,.400,0,0,,0,0,0,2,3,0,0,1,4,5.3,Marissa Cantrell,https://www.sports-reference.com/cbb/players/marissa-cantrell-1.html,winthrop,2018-19
12,37,26,2019-02-26,Winthrop,@,USC Upstate,REG (Conf),L 49-58,,34,4,13,.308,0,1,.000,4,12,.333,.308,0,0,,1,2,3,6,4,0,3,2,8,6.2,Marissa Cantrell,https://www.sports-reference.com/cbb/players/marissa-cantrell-1.html,winthrop,2018-19
13,38,27,2019-03-02,Winthrop,,Campbell,REG (Conf),L 67-76,,30,6,10,.600,0,0,,6,10,.600,.600,4,7,.571,1,2,3,1,3,0,4,3,16,10.0,Marissa Cantrell,https://www.sports-reference.com/cbb/players/marissa-cantrell-1.html,winthrop,2018-19
14,39,28,2019-03-06,Winthrop,@,Charleston Southern,REG (Conf),L 57-67,,20,1,5,.200,0,0,,1,5,.200,.200,2,5,.400,1,1,2,2,1,0,0,2,4,2.3,Marissa Cantrell,https://www.sports-reference.com/cbb/players/marissa-cantrell-1.html,winthrop,2018-19
15,40,29,2019-03-09,Winthrop,@,Hampton,REG (Conf),L 63-88,,7,0,1,.000,0,0,,0,1,.000,.000,0,0,,0,0,0,0,0,0,1,0,0,-1.7,Marissa Cantrell,https://www.sports-reference.com/cbb/players/marissa-cantrell-1.html,winthrop,2018-19
16,41,30,2019-03-12,Winthrop,,Presbyterian,CTOURN,L 52-64,,15,1,2,.500,0,0,,1,2,.500,.500,0,0,,1,1,2,1,2,0,1,2,2,2.9,Marissa Cantrell,https://www.sports-reference.com/cbb/players/marissa-cantrell-1.html,winthrop,2018-19
