ranker,player_game_num_career,team_game_num_season,date,team_name_abbr,game_location,opp_name_abbr,game_type,game_result,is_starter,mp,fg,fga,fg_pct,fg3,fg3a,fg3_pct,fg2,fg2a,fg2_pct,efg_pct,ft,fta,ft_pct,orb,drb,trb,ast,stl,blk,tov,pf,pts,game_score,player_name,player_sr_link,school,season
1,20,3,2018-11-14,Winthrop,,North Carolina Central,REG (Non-Conf),W 66-41,,25,0,2,.000,0,1,.000,0,1,.000,.000,2,2,1.000,0,4,4,1,1,0,1,0,2,2.5,Miquela Santoro,https://www.sports-reference.com/cbb/players/miquela-santoro-1.html,winthrop,2018-19
2,21,4,2018-11-17,Winthrop,,Newberry,REG (Non-Conf),L 63-67,*,31,2,8,.250,2,4,.500,0,4,.000,.375,0,0,,1,2,3,3,2,0,1,0,6,5.6,Miquela Santoro,https://www.sports-reference.com/cbb/players/miquela-santoro-1.html,winthrop,2018-19
3,22,5,2018-11-20,Winthrop,@,Wofford,REG (Non-Conf),L 53-70,*,24,2,7,.286,0,3,.000,2,4,.500,.286,0,0,,0,1,1,1,0,0,1,2,4,-0.9,Miquela Santoro,https://www.sports-reference.com/cbb/players/miquela-santoro-1.html,winthrop,2018-19
4,23,6,2018-11-25,Winthrop,@,James Madison,REG (Non-Conf),L 39-56,*,29,1,4,.250,0,1,.000,1,3,.333,.250,0,0,,3,0,3,0,0,0,3,0,2,-1.3,Miquela Santoro,https://www.sports-reference.com/cbb/players/miquela-santoro-1.html,winthrop,2018-19
5,24,7,2018-11-29,Winthrop,@,College of Charleston,REG (Non-Conf),W 71-64,*,34,5,9,.556,2,4,.500,3,5,.600,.667,5,6,.833,2,1,3,3,3,0,1,4,17,16.5,Miquela Santoro,https://www.sports-reference.com/cbb/players/miquela-santoro-1.html,winthrop,2018-19
6,25,8,2018-12-01,Winthrop,@,South Carolina State,REG (Non-Conf),W 58-50,*,32,3,8,.375,1,3,.333,2,5,.400,.438,4,4,1.000,1,4,5,3,0,0,3,1,11,7.2,Miquela Santoro,https://www.sports-reference.com/cbb/players/miquela-santoro-1.html,winthrop,2018-19
7,26,9,2018-12-09,Winthrop,,Elon,REG (Non-Conf),W 58-57,*,34,1,2,.500,0,0,,1,2,.500,.500,0,0,,2,0,2,2,2,0,0,2,2,5.0,Miquela Santoro,https://www.sports-reference.com/cbb/players/miquela-santoro-1.html,winthrop,2018-19
8,27,10,2018-12-18,Winthrop,@,Georgia Southern,REG (Non-Conf),L 55-64,*,36,3,7,.429,1,2,.500,2,5,.400,.500,0,0,,4,0,4,4,2,0,2,4,7,7.3,Miquela Santoro,https://www.sports-reference.com/cbb/players/miquela-santoro-1.html,winthrop,2018-19
9,28,11,2018-12-21,Winthrop,,Western Carolina,REG (Non-Conf),L 57-65,*,32,1,6,.167,0,2,.000,1,4,.250,.167,0,0,,1,1,2,3,0,0,2,2,2,-1.5,Miquela Santoro,https://www.sports-reference.com/cbb/players/miquela-santoro-1.html,winthrop,2018-19
10,29,12,2019-01-05,Winthrop,,Longwood,REG (Conf),W 77-69,*,36,3,8,.375,2,5,.400,1,3,.333,.500,2,2,1.000,3,0,3,4,1,0,2,4,10,7.9,Miquela Santoro,https://www.sports-reference.com/cbb/players/miquela-santoro-1.html,winthrop,2018-19
11,30,13,2019-01-08,Winthrop,,Charleston Southern,REG (Conf),W 57-52,*,32,0,0,,0,0,,0,0,,,6,6,1.000,1,1,2,2,1,0,2,0,6,7.4,Miquela Santoro,https://www.sports-reference.com/cbb/players/miquela-santoro-1.html,winthrop,2018-19
12,31,14,2019-01-10,Winthrop,,USC Upstate,REG (Conf),L 50-76,*,31,3,6,.500,3,3,1.000,0,3,.000,.750,0,0,,1,2,3,2,4,0,6,2,9,5.9,Miquela Santoro,https://www.sports-reference.com/cbb/players/miquela-santoro-1.html,winthrop,2018-19
13,32,15,2019-01-12,Winthrop,@,Radford,REG (Conf),L 49-70,*,35,1,3,.333,0,1,.000,1,2,.500,.333,2,4,.500,2,3,5,3,2,0,1,0,4,6.9,Miquela Santoro,https://www.sports-reference.com/cbb/players/miquela-santoro-1.html,winthrop,2018-19
14,33,16,2019-01-15,Winthrop,@,Campbell,REG (Conf),W 59-46,*,40,0,6,.000,0,3,.000,0,3,.000,.000,5,6,.833,0,1,1,7,1,0,5,1,5,1.2,Miquela Santoro,https://www.sports-reference.com/cbb/players/miquela-santoro-1.html,winthrop,2018-19
15,34,17,2019-01-19,Winthrop,@,Gardner-Webb,REG (Conf),W 64-62,*,23,1,2,.500,1,1,1.000,0,1,.000,.750,6,8,.750,1,0,1,0,0,0,4,5,9,1.9,Miquela Santoro,https://www.sports-reference.com/cbb/players/miquela-santoro-1.html,winthrop,2018-19
16,35,18,2019-01-22,Winthrop,,Hampton,REG (Conf),L 63-84,*,35,3,6,.500,3,3,1.000,0,3,.000,.750,2,2,1.000,0,3,3,6,2,0,1,0,11,14.1,Miquela Santoro,https://www.sports-reference.com/cbb/players/miquela-santoro-1.html,winthrop,2018-19
17,36,19,2019-01-26,Winthrop,,Presbyterian,REG (Conf),W 55-52,*,39,3,8,.375,2,4,.500,1,4,.250,.500,0,0,,0,2,2,6,2,0,4,1,8,6.0,Miquela Santoro,https://www.sports-reference.com/cbb/players/miquela-santoro-1.html,winthrop,2018-19
18,37,20,2019-01-29,Winthrop,@,High Point,REG (Conf),L 54-56,*,38,3,8,.375,1,4,.250,2,4,.500,.438,2,2,1.000,0,3,3,2,1,0,1,1,9,6.5,Miquela Santoro,https://www.sports-reference.com/cbb/players/miquela-santoro-1.html,winthrop,2018-19
19,38,21,2019-02-02,Winthrop,@,UNC Asheville,REG (Conf),L 36-70,*,32,2,6,.333,0,3,.000,2,3,.667,.333,1,2,.500,1,2,3,1,1,0,3,3,5,0.0,Miquela Santoro,https://www.sports-reference.com/cbb/players/miquela-santoro-1.html,winthrop,2018-19
20,39,22,2019-02-09,Winthrop,@,Presbyterian,REG (Conf),W 62-54,*,36,1,4,.250,1,2,.500,0,2,.000,.375,4,4,1.000,0,2,2,3,2,0,1,0,7,8.3,Miquela Santoro,https://www.sports-reference.com/cbb/players/miquela-santoro-1.html,winthrop,2018-19
21,40,23,2019-02-12,Winthrop,,Gardner-Webb,REG (Conf),L 52-65,*,37,1,6,.167,0,3,.000,1,3,.333,.167,0,0,,0,1,1,1,2,0,6,1,2,-5.2,Miquela Santoro,https://www.sports-reference.com/cbb/players/miquela-santoro-1.html,winthrop,2018-19
22,41,24,2019-02-16,Winthrop,,UNC Asheville,REG (Conf),L 43-55,,27,0,5,.000,0,1,.000,0,4,.000,.000,0,0,,0,1,1,2,3,0,1,2,0,-0.6,Miquela Santoro,https://www.sports-reference.com/cbb/players/miquela-santoro-1.html,winthrop,2018-19
23,42,25,2019-02-19,Winthrop,,Radford,REG (Conf),L 57-79,,0,0,0,,0,0,,0,0,,,0,0,,0,0,0,0,0,0,0,0,0,0.0,Miquela Santoro,https://www.sports-reference.com/cbb/players/miquela-santoro-1.html,winthrop,2018-19
24,43,28,2019-03-06,Winthrop,@,Charleston Southern,REG (Conf),L 57-67,,28,2,6,.333,1,4,.250,1,2,.500,.417,1,2,.500,0,3,3,3,0,0,0,3,6,4.0,Miquela Santoro,https://www.sports-reference.com/cbb/players/miquela-santoro-1.html,winthrop,2018-19
25,44,29,2019-03-09,Winthrop,@,Hampton,REG (Conf),L 63-88,*,30,0,3,.000,0,3,.000,0,0,,.000,1,2,.500,0,3,3,7,1,0,5,2,1,-0.5,Miquela Santoro,https://www.sports-reference.com/cbb/players/miquela-santoro-1.html,winthrop,2018-19
26,45,30,2019-03-12,Winthrop,,Presbyterian,CTOURN,L 52-64,*,35,1,5,.200,0,3,.000,1,2,.500,.200,0,0,,0,4,4,2,0,0,0,0,2,1.5,Miquela Santoro,https://www.sports-reference.com/cbb/players/miquela-santoro-1.html,winthrop,2018-19
