ranker,player_game_num_career,team_game_num_season,date,team_name_abbr,game_location,opp_name_abbr,game_type,game_result,is_starter,mp,fg,fga,fg_pct,fg3,fg3a,fg3_pct,fg2,fg2a,fg2_pct,efg_pct,ft,fta,ft_pct,orb,drb,trb,ast,stl,blk,tov,pf,pts,game_score,player_name,player_sr_link,school,season
1,1,1,2018-11-08,Winthrop,@,Wisconsin,REG (Non-Conf),L 41-76,*,32,2,6,.333,0,0,,2,6,.333,.333,2,2,1.000,0,1,1,4,1,0,4,1,6,2.3,Sydney Buckley,https://www.sports-reference.com/cbb/players/sydney-buckley-1.html,winthrop,2018-19
2,2,2,2018-11-11,Winthrop,@,Georgia,REG (Non-Conf),L 39-85,*,34,0,2,.000,0,0,,0,2,.000,.000,2,2,1.000,1,0,1,1,0,0,6,2,2,-4.8,Sydney Buckley,https://www.sports-reference.com/cbb/players/sydney-buckley-1.html,winthrop,2018-19
3,3,3,2018-11-14,Winthrop,,North Carolina Central,REG (Non-Conf),W 66-41,*,15,1,3,.333,0,0,,1,3,.333,.333,0,0,,1,1,2,0,0,0,1,0,2,0.3,Sydney Buckley,https://www.sports-reference.com/cbb/players/sydney-buckley-1.html,winthrop,2018-19
4,4,4,2018-11-17,Winthrop,,Newberry,REG (Non-Conf),L 63-67,,8,1,3,.333,1,2,.500,0,1,.000,.500,0,0,,0,0,0,0,0,0,0,1,3,0.9,Sydney Buckley,https://www.sports-reference.com/cbb/players/sydney-buckley-1.html,winthrop,2018-19
5,5,5,2018-11-20,Winthrop,@,Wofford,REG (Non-Conf),L 53-70,,23,0,2,.000,0,1,.000,0,1,.000,.000,0,0,,0,1,1,3,1,0,5,1,0,-3.4,Sydney Buckley,https://www.sports-reference.com/cbb/players/sydney-buckley-1.html,winthrop,2018-19
6,6,6,2018-11-25,Winthrop,@,James Madison,REG (Non-Conf),L 39-56,,17,2,2,1.000,0,0,,2,2,1.000,1.000,0,2,.000,0,1,1,1,0,0,1,1,4,2.2,Sydney Buckley,https://www.sports-reference.com/cbb/players/sydney-buckley-1.html,winthrop,2018-19
7,7,7,2018-11-29,Winthrop,@,College of Charleston,REG (Non-Conf),W 71-64,,18,1,3,.333,1,1,1.000,0,2,.000,.500,0,0,,1,1,2,1,0,0,1,0,3,2.0,Sydney Buckley,https://www.sports-reference.com/cbb/players/sydney-buckley-1.html,winthrop,2018-19
8,8,8,2018-12-01,Winthrop,@,South Carolina State,REG (Non-Conf),W 58-50,,8,1,1,1.000,0,0,,1,1,1.000,1.000,0,0,,1,0,1,2,0,0,2,0,2,1.8,Sydney Buckley,https://www.sports-reference.com/cbb/players/sydney-buckley-1.html,winthrop,2018-19
9,9,9,2018-12-09,Winthrop,,Elon,REG (Non-Conf),W 58-57,,6,0,0,,0,0,,0,0,,,0,0,,0,0,0,0,0,0,2,0,0,-2.0,Sydney Buckley,https://www.sports-reference.com/cbb/players/sydney-buckley-1.html,winthrop,2018-19
10,10,10,2018-12-18,Winthrop,@,Georgia Southern,REG (Non-Conf),L 55-64,,4,0,1,.000,0,1,.000,0,0,,.000,0,2,.000,0,0,0,0,0,0,0,0,0,-1.5,Sydney Buckley,https://www.sports-reference.com/cbb/players/sydney-buckley-1.html,winthrop,2018-19
11,11,11,2018-12-21,Winthrop,,Western Carolina,REG (Non-Conf),L 57-65,,6,0,1,.000,0,0,,0,1,.000,.000,0,0,,0,0,0,0,0,0,1,0,0,-1.7,Sydney Buckley,https://www.sports-reference.com/cbb/players/sydney-buckley-1.html,winthrop,2018-19
12,12,12,2019-01-05,Winthrop,,Longwood,REG (Conf),W 77-69,,4,1,2,.500,0,1,.000,1,1,1.000,.500,0,0,,0,0,0,0,0,0,0,0,2,1.0,Sydney Buckley,https://www.sports-reference.com/cbb/players/sydney-buckley-1.html,winthrop,2018-19
13,13,13,2019-01-08,Winthrop,,Charleston Southern,REG (Conf),W 57-52,,11,0,0,,0,0,,0,0,,,0,2,.000,0,1,1,1,2,0,1,1,0,0.8,Sydney Buckley,https://www.sports-reference.com/cbb/players/sydney-buckley-1.html,winthrop,2018-19
14,14,14,2019-01-10,Winthrop,,USC Upstate,REG (Conf),L 50-76,,7,0,1,.000,0,0,,0,1,.000,.000,0,0,,0,0,0,0,0,0,3,1,0,-4.1,Sydney Buckley,https://www.sports-reference.com/cbb/players/sydney-buckley-1.html,winthrop,2018-19
15,15,15,2019-01-12,Winthrop,@,Radford,REG (Conf),L 49-70,,5,0,1,.000,0,0,,0,1,.000,.000,1,2,.500,0,0,0,0,0,0,0,0,1,-0.1,Sydney Buckley,https://www.sports-reference.com/cbb/players/sydney-buckley-1.html,winthrop,2018-19
16,16,17,2019-01-19,Winthrop,@,Gardner-Webb,REG (Conf),W 64-62,,5,1,1,1.000,0,0,,1,1,1.000,1.000,0,0,,0,0,0,0,0,0,1,2,2,-0.1,Sydney Buckley,https://www.sports-reference.com/cbb/players/sydney-buckley-1.html,winthrop,2018-19
17,17,19,2019-01-26,Winthrop,,Presbyterian,REG (Conf),W 55-52,,2,0,1,.000,0,0,,0,1,.000,.000,0,0,,0,1,1,0,1,0,0,1,0,0.2,Sydney Buckley,https://www.sports-reference.com/cbb/players/sydney-buckley-1.html,winthrop,2018-19
18,18,20,2019-01-29,Winthrop,@,High Point,REG (Conf),L 54-56,,15,1,1,1.000,0,0,,1,1,1.000,1.000,0,0,,0,2,2,1,0,0,0,0,2,3.0,Sydney Buckley,https://www.sports-reference.com/cbb/players/sydney-buckley-1.html,winthrop,2018-19
19,19,21,2019-02-02,Winthrop,@,UNC Asheville,REG (Conf),L 36-70,,9,0,1,.000,0,0,,0,1,.000,.000,0,0,,0,1,1,0,0,0,2,0,0,-2.4,Sydney Buckley,https://www.sports-reference.com/cbb/players/sydney-buckley-1.html,winthrop,2018-19
20,20,22,2019-02-09,Winthrop,@,Presbyterian,REG (Conf),W 62-54,,8,0,0,,0,0,,0,0,,,1,2,.500,0,0,0,0,0,0,0,1,1,0.2,Sydney Buckley,https://www.sports-reference.com/cbb/players/sydney-buckley-1.html,winthrop,2018-19
21,21,23,2019-02-12,Winthrop,,Gardner-Webb,REG (Conf),L 52-65,,4,0,3,.000,0,0,,0,3,.000,.000,0,0,,0,0,0,1,0,0,0,0,0,-1.4,Sydney Buckley,https://www.sports-reference.com/cbb/players/sydney-buckley-1.html,winthrop,2018-19
22,22,24,2019-02-16,Winthrop,,UNC Asheville,REG (Conf),L 43-55,*,14,0,3,.000,0,2,.000,0,1,.000,.000,0,0,,0,1,1,1,2,0,0,2,0,0.1,Sydney Buckley,https://www.sports-reference.com/cbb/players/sydney-buckley-1.html,winthrop,2018-19
23,23,25,2019-02-19,Winthrop,,Radford,REG (Conf),L 57-79,*,19,2,4,.500,1,1,1.000,1,3,.333,.625,0,0,,2,0,2,0,2,0,1,1,5,5.0,Sydney Buckley,https://www.sports-reference.com/cbb/players/sydney-buckley-1.html,winthrop,2018-19
24,24,26,2019-02-26,Winthrop,@,USC Upstate,REG (Conf),L 49-58,*,11,0,2,.000,0,1,.000,0,1,.000,.000,2,2,1.000,0,1,1,1,0,0,2,0,2,-0.4,Sydney Buckley,https://www.sports-reference.com/cbb/players/sydney-buckley-1.html,winthrop,2018-19
25,25,27,2019-03-02,Winthrop,,Campbell,REG (Conf),L 67-76,*,21,2,3,.667,0,0,,2,3,.667,.667,2,2,1.000,1,2,3,2,2,0,1,2,6,7.6,Sydney Buckley,https://www.sports-reference.com/cbb/players/sydney-buckley-1.html,winthrop,2018-19
26,26,28,2019-03-06,Winthrop,@,Charleston Southern,REG (Conf),L 57-67,*,6,1,4,.250,0,2,.000,1,2,.500,.250,0,0,,0,0,0,0,0,0,0,0,2,-0.4,Sydney Buckley,https://www.sports-reference.com/cbb/players/sydney-buckley-1.html,winthrop,2018-19
27,27,29,2019-03-09,Winthrop,@,Hampton,REG (Conf),L 63-88,,7,0,3,.000,0,0,,0,3,.000,.000,1,2,.500,1,0,1,0,0,1,2,1,1,-2.5,Sydney Buckley,https://www.sports-reference.com/cbb/players/sydney-buckley-1.html,winthrop,2018-19
28,28,30,2019-03-12,Winthrop,,Presbyterian,CTOURN,L 52-64,,4,1,2,.500,0,0,,1,2,.500,.500,0,0,,0,0,0,0,0,0,0,3,2,-0.2,Sydney Buckley,https://www.sports-reference.com/cbb/players/sydney-buckley-1.html,winthrop,2018-19
