ranker,player_game_num_career,team_game_num_season,date,team_name_abbr,game_location,opp_name_abbr,game_type,game_result,is_starter,mp,fg,fga,fg_pct,fg3,fg3a,fg3_pct,fg2,fg2a,fg2_pct,efg_pct,ft,fta,ft_pct,orb,drb,trb,ast,stl,blk,tov,pf,pts,game_score,player_name,player_sr_link,school,season
1,1,2,2023-11-09,San Jose State,,Bellarmine,REG (Non-Conf),W 81-65,,7,1,1,1.000,0,0,,1,1,1.000,1.000,1,2,.500,0,2,2,1,0,0,2,3,3,0.4,Aniyah Quow,https://www.sports-reference.com/cbb/players/aniyah-quow-1.html,san-jose-state,2023-24
2,2,4,2023-11-14,San Jose State,@,Montana State,REG (Non-Conf),L 49-62,,4,0,0,,0,0,,0,0,,,0,0,,0,0,0,0,0,0,0,0,0,0.0,Aniyah Quow,https://www.sports-reference.com/cbb/players/aniyah-quow-1.html,san-jose-state,2023-24
3,3,5,2023-11-19,San Jose State,@,Loyola Marymount,REG (Non-Conf),W 61-53,,3,0,0,,0,0,,0,0,,,0,0,,0,0,0,0,0,0,1,0,0,-1.0,Aniyah Quow,https://www.sports-reference.com/cbb/players/aniyah-quow-1.html,san-jose-state,2023-24
4,4,6,2023-11-24,San Jose State,@,California,REG (Non-Conf),L 51-74,,4,0,0,,0,0,,0,0,,,0,0,,0,1,1,0,1,0,5,1,0,-4.1,Aniyah Quow,https://www.sports-reference.com/cbb/players/aniyah-quow-1.html,san-jose-state,2023-24
5,5,7,2023-11-25,San Jose State,N,Winthrop,REG (Non-Conf),L 49-56,,8,0,0,,0,0,,0,0,,,0,0,,1,3,4,0,1,0,2,0,0,0.6,Aniyah Quow,https://www.sports-reference.com/cbb/players/aniyah-quow-1.html,san-jose-state,2023-24
6,6,8,2023-11-27,San Jose State,,Bethesda CA,REG (Non-Conf),W 122-28,,4,0,1,.000,0,1,.000,0,0,,.000,0,0,,0,0,0,1,2,0,1,0,0,1.0,Aniyah Quow,https://www.sports-reference.com/cbb/players/aniyah-quow-1.html,san-jose-state,2023-24
7,7,10,2023-12-03,San Jose State,@,Hawaii,REG (Non-Conf),L 47-73,,1,0,0,,0,0,,0,0,,,0,0,,0,0,0,0,0,0,0,0,0,0.0,Aniyah Quow,https://www.sports-reference.com/cbb/players/aniyah-quow-1.html,san-jose-state,2023-24
8,8,15,2024-01-10,San Jose State,@,UNLV,REG (Conf),L 55-91,,4,0,0,,0,0,,0,0,,,0,0,,0,1,1,0,0,0,0,1,0,-0.1,Aniyah Quow,https://www.sports-reference.com/cbb/players/aniyah-quow-1.html,san-jose-state,2023-24
