ranker,player_game_num_career,team_game_num_season,date,team_name_abbr,game_location,opp_name_abbr,game_type,game_result,is_starter,mp,fg,fga,fg_pct,fg3,fg3a,fg2,fg2a,fg2_pct,efg_pct,ft,fta,ft_pct,orb,drb,trb,ast,stl,blk,tov,pf,pts,game_score,player_name,player_sr_link,school,season
1,15,1,2023-11-06,San Jose State,,Santa Clara,REG (Non-Conf),L 47-55,,19,2,4,.500,0,0,2,4,.500,.500,1,4,.250,1,5,6,1,1,0,1,4,5,3.1,Finau Tonga,https://www.sports-reference.com/cbb/players/finau-tonga-1.html,san-jose-state,2023-24
2,16,2,2023-11-09,San Jose State,,Bellarmine,REG (Non-Conf),W 81-65,,20,3,4,.750,0,0,3,4,.750,.750,2,5,.400,0,5,5,1,0,0,0,4,8,5.8,Finau Tonga,https://www.sports-reference.com/cbb/players/finau-tonga-1.html,san-jose-state,2023-24
3,17,3,2023-11-11,San Jose State,,Cal Poly,REG (Non-Conf),W 61-56,,11,2,5,.400,0,0,2,5,.400,.400,0,2,.000,2,2,4,1,0,0,1,0,4,2.2,Finau Tonga,https://www.sports-reference.com/cbb/players/finau-tonga-1.html,san-jose-state,2023-24
4,18,4,2023-11-14,San Jose State,@,Montana State,REG (Non-Conf),L 49-62,,17,5,8,.625,0,0,5,8,.625,.625,0,0,,3,1,4,0,1,0,0,1,10,9.4,Finau Tonga,https://www.sports-reference.com/cbb/players/finau-tonga-1.html,san-jose-state,2023-24
5,19,10,2023-12-03,San Jose State,@,Hawaii,REG (Non-Conf),L 47-73,,8,1,3,.333,0,0,1,3,.333,.333,0,0,,1,1,2,1,0,0,2,1,2,-0.4,Finau Tonga,https://www.sports-reference.com/cbb/players/finau-tonga-1.html,san-jose-state,2023-24
