ranker,player_game_num_career,team_game_num_season,date,team_name_abbr,game_location,opp_name_abbr,game_type,game_result,is_starter,mp,fg,fga,fg_pct,fg3,fg3a,fg3_pct,fg2,fg2a,fg2_pct,efg_pct,ft,fta,ft_pct,orb,drb,trb,ast,stl,blk,tov,pf,pts,game_score,player_name,player_sr_link,school,season
1,53,1,2023-11-06,San Jose State,,Santa Clara,REG (Non-Conf),L 47-55,*,22,2,3,.667,0,0,,2,3,.667,.667,0,0,,0,2,2,2,1,0,2,3,4,2.5,Jasmine Singleton,https://www.sports-reference.com/cbb/players/jasmine-singleton-1.html,san-jose-state,2023-24
2,54,2,2023-11-09,San Jose State,,Bellarmine,REG (Non-Conf),W 81-65,*,27,1,4,.250,0,1,.000,1,3,.333,.250,1,4,.250,3,1,4,6,2,0,0,2,3,7.2,Jasmine Singleton,https://www.sports-reference.com/cbb/players/jasmine-singleton-1.html,san-jose-state,2023-24
3,55,3,2023-11-11,San Jose State,,Cal Poly,REG (Non-Conf),W 61-56,*,33,0,3,.000,0,1,.000,0,2,.000,.000,0,0,,1,3,4,4,6,0,1,2,0,6.5,Jasmine Singleton,https://www.sports-reference.com/cbb/players/jasmine-singleton-1.html,san-jose-state,2023-24
4,56,4,2023-11-14,San Jose State,@,Montana State,REG (Non-Conf),L 49-62,*,27,0,4,.000,0,3,.000,0,1,.000,.000,0,0,,0,3,3,3,3,0,0,3,0,2.0,Jasmine Singleton,https://www.sports-reference.com/cbb/players/jasmine-singleton-1.html,san-jose-state,2023-24
5,57,10,2023-12-03,San Jose State,@,Hawaii,REG (Non-Conf),L 47-73,,27,0,4,.000,0,2,.000,0,2,.000,.000,0,0,,1,1,2,3,0,0,3,3,0,-3.9,Jasmine Singleton,https://www.sports-reference.com/cbb/players/jasmine-singleton-1.html,san-jose-state,2023-24
