ranker,player_game_num_career,team_game_num_season,date,team_name_abbr,game_location,opp_name_abbr,game_type,game_result,is_starter,mp,fg,fga,fg_pct,fg3,fg3a,fg3_pct,fg2,fg2a,fg2_pct,efg_pct,ft,fta,ft_pct,orb,drb,trb,ast,stl,blk,tov,pf,pts,game_score,player_name,player_sr_link,school,season
1,33,1,2023-11-06,San Jose State,,Santa Clara,REG (Non-Conf),L 47-55,*,30,4,6,.667,0,1,.000,4,5,.800,.667,0,0,,0,2,2,1,0,0,5,4,8,0.1,Marisa Davis-Jones,https://www.sports-reference.com/cbb/players/marisa-davis-jones-1.html,san-jose-state,2023-24
2,34,2,2023-11-09,San Jose State,,Bellarmine,REG (Non-Conf),W 81-65,*,21,5,9,.556,0,0,,5,9,.556,.556,7,9,.778,1,5,6,2,2,0,2,4,17,13.9,Marisa Davis-Jones,https://www.sports-reference.com/cbb/players/marisa-davis-jones-1.html,san-jose-state,2023-24
3,35,3,2023-11-11,San Jose State,,Cal Poly,REG (Non-Conf),W 61-56,*,32,2,9,.222,0,1,.000,2,8,.250,.222,4,4,1.000,0,1,1,0,1,0,3,2,8,0.0,Marisa Davis-Jones,https://www.sports-reference.com/cbb/players/marisa-davis-jones-1.html,san-jose-state,2023-24
4,36,9,2023-11-29,San Jose State,@,Cal State Fullerton,REG (Non-Conf),L 64-71,,25,2,5,.400,0,0,,2,5,.400,.400,3,4,.750,2,1,3,5,0,0,1,5,7,6.1,Marisa Davis-Jones,https://www.sports-reference.com/cbb/players/marisa-davis-jones-1.html,san-jose-state,2023-24
5,37,10,2023-12-03,San Jose State,@,Hawaii,REG (Non-Conf),L 47-73,,16,1,1,1.000,0,0,,1,1,1.000,1.000,2,4,.500,0,1,1,0,0,0,5,5,4,-3.8,Marisa Davis-Jones,https://www.sports-reference.com/cbb/players/marisa-davis-jones-1.html,san-jose-state,2023-24
6,38,13,2024-01-03,San Jose State,,Fresno State,REG (Conf),L 67-70,,23,2,3,.667,1,1,1.000,1,2,.500,.833,1,2,.500,2,2,4,0,1,1,7,3,6,-0.2,Marisa Davis-Jones,https://www.sports-reference.com/cbb/players/marisa-davis-jones-1.html,san-jose-state,2023-24
7,39,14,2024-01-06,San Jose State,@,Utah State,REG (Conf),W 69-54,,28,3,6,.500,1,2,.500,2,4,.500,.583,6,8,.750,4,3,7,5,0,0,2,3,13,13.2,Marisa Davis-Jones,https://www.sports-reference.com/cbb/players/marisa-davis-jones-1.html,san-jose-state,2023-24
8,40,15,2024-01-10,San Jose State,@,UNLV,REG (Conf),L 55-91,*,20,1,9,.111,0,2,.000,1,7,.143,.111,0,0,,0,1,1,1,0,1,1,0,2,-3.2,Marisa Davis-Jones,https://www.sports-reference.com/cbb/players/marisa-davis-jones-1.html,san-jose-state,2023-24
9,41,16,2024-01-13,San Jose State,,Nevada,REG (Conf),L 57-64,,16,3,7,.429,0,0,,3,7,.429,.429,1,1,1.000,2,3,5,0,0,0,4,4,7,0.0,Marisa Davis-Jones,https://www.sports-reference.com/cbb/players/marisa-davis-jones-1.html,san-jose-state,2023-24
10,42,17,2024-01-17,San Jose State,,Boise State,REG (Conf),L 64-68,,27,5,10,.500,1,2,.500,4,8,.500,.550,0,0,,0,3,3,2,1,0,2,3,11,6.1,Marisa Davis-Jones,https://www.sports-reference.com/cbb/players/marisa-davis-jones-1.html,san-jose-state,2023-24
11,43,18,2024-01-20,San Jose State,@,San Diego State,REG (Conf),L 51-63,*,14,1,1,1.000,0,0,,1,1,1.000,1.000,1,2,.500,1,3,4,0,0,0,3,4,3,-0.7,Marisa Davis-Jones,https://www.sports-reference.com/cbb/players/marisa-davis-jones-1.html,san-jose-state,2023-24
12,44,19,2024-01-27,San Jose State,@,Colorado State,REG (Conf),L 49-65,*,20,1,6,.167,0,1,.000,1,5,.200,.167,4,4,1.000,3,5,8,1,1,0,2,1,6,5.1,Marisa Davis-Jones,https://www.sports-reference.com/cbb/players/marisa-davis-jones-1.html,san-jose-state,2023-24
13,45,20,2024-01-31,San Jose State,,New Mexico,REG (Conf),L 54-65,*,39,4,14,.286,0,2,.000,4,12,.333,.286,1,2,.500,4,6,10,1,2,0,2,3,9,4.5,Marisa Davis-Jones,https://www.sports-reference.com/cbb/players/marisa-davis-jones-1.html,san-jose-state,2023-24
14,46,21,2024-02-03,San Jose State,,Air Force,REG (Conf),L 56-78,*,30,4,6,.667,0,0,,4,6,.667,.667,7,7,1.000,0,1,1,1,0,0,8,4,15,3.8,Marisa Davis-Jones,https://www.sports-reference.com/cbb/players/marisa-davis-jones-1.html,san-jose-state,2023-24
15,47,22,2024-02-07,San Jose State,@,Boise State,REG (Conf),L 42-73,*,32,1,8,.125,0,2,.000,1,6,.167,.125,0,0,,1,5,6,1,0,1,4,3,2,-4.8,Marisa Davis-Jones,https://www.sports-reference.com/cbb/players/marisa-davis-jones-1.html,san-jose-state,2023-24
16,48,23,2024-02-10,San Jose State,,San Diego State,REG (Conf),L 62-63,,14,1,3,.333,0,0,,1,3,.333,.333,0,0,,2,2,4,2,0,0,3,5,2,-1.3,Marisa Davis-Jones,https://www.sports-reference.com/cbb/players/marisa-davis-jones-1.html,san-jose-state,2023-24
17,49,28,2024-02-28,San Jose State,,Wyoming,REG (Conf),L 73-88,,4,2,2,1.000,0,0,,2,2,1.000,1.000,0,0,,0,0,0,0,1,0,1,0,4,3.4,Marisa Davis-Jones,https://www.sports-reference.com/cbb/players/marisa-davis-jones-1.html,san-jose-state,2023-24
18,50,29,2024-03-02,San Jose State,,Colorado State,REG (Conf),W 68-56,,20,1,4,.250,0,1,.000,1,3,.333,.250,0,0,,0,9,9,2,0,0,3,2,2,-0.1,Marisa Davis-Jones,https://www.sports-reference.com/cbb/players/marisa-davis-jones-1.html,san-jose-state,2023-24
19,51,30,2024-03-05,San Jose State,@,Nevada,REG (Conf),L 65-82,,16,2,3,.667,0,0,,2,3,.667,.667,0,0,,1,0,1,1,0,1,1,2,4,3.0,Marisa Davis-Jones,https://www.sports-reference.com/cbb/players/marisa-davis-jones-1.html,san-jose-state,2023-24
20,52,31,2024-03-10,San Jose State,N,San Diego State,CTOURN,L 51-72,,11,0,1,.000,0,0,,0,1,.000,.000,0,0,,3,2,5,0,0,0,3,5,0,-3.0,Marisa Davis-Jones,https://www.sports-reference.com/cbb/players/marisa-davis-jones-1.html,san-jose-state,2023-24
