ranker,player_game_num_career,team_game_num_season,date,team_name_abbr,game_location,opp_name_abbr,game_type,game_result,is_starter,mp,fg,fga,fg_pct,fg3,fg3a,fg2,fg2a,fg2_pct,efg_pct,ft,fta,ft_pct,orb,drb,trb,ast,stl,blk,tov,pf,pts,game_score,player_name,player_sr_link,school,season
1,90,1,2023-11-06,San Jose State,,Santa Clara,REG (Non-Conf),L 47-55,,10,0,2,.000,0,0,0,2,.000,.000,0,0,,1,1,2,1,0,0,2,0,0,-1.7,Semaj Smith,https://www.sports-reference.com/cbb/players/semaj-smith-1.html,san-jose-state,2023-24
2,91,2,2023-11-09,San Jose State,,Bellarmine,REG (Non-Conf),W 81-65,,8,2,5,.400,0,0,2,5,.400,.400,2,2,1.000,0,1,1,0,0,1,2,2,6,1.5,Semaj Smith,https://www.sports-reference.com/cbb/players/semaj-smith-1.html,san-jose-state,2023-24
3,92,3,2023-11-11,San Jose State,,Cal Poly,REG (Non-Conf),W 61-56,,4,0,1,.000,0,0,0,1,.000,.000,4,4,1.000,1,0,1,0,0,1,2,1,4,2.3,Semaj Smith,https://www.sports-reference.com/cbb/players/semaj-smith-1.html,san-jose-state,2023-24
4,93,4,2023-11-14,San Jose State,@,Montana State,REG (Non-Conf),L 49-62,,3,0,0,,0,0,0,0,,,0,0,,0,0,0,0,0,0,0,0,0,0.0,Semaj Smith,https://www.sports-reference.com/cbb/players/semaj-smith-1.html,san-jose-state,2023-24
5,94,5,2023-11-19,San Jose State,@,Loyola Marymount,REG (Non-Conf),W 61-53,,15,3,3,1.000,0,0,3,3,1.000,1.000,1,2,.500,0,1,1,1,0,0,1,2,7,4.9,Semaj Smith,https://www.sports-reference.com/cbb/players/semaj-smith-1.html,san-jose-state,2023-24
6,95,6,2023-11-24,San Jose State,@,California,REG (Non-Conf),L 51-74,,14,1,1,1.000,0,0,1,1,1.000,1.000,2,2,1.000,0,1,1,0,2,0,2,2,4,3.2,Semaj Smith,https://www.sports-reference.com/cbb/players/semaj-smith-1.html,san-jose-state,2023-24
7,96,7,2023-11-25,San Jose State,N,Winthrop,REG (Non-Conf),L 49-56,,15,2,5,.400,0,0,2,5,.400,.400,0,0,,0,1,1,1,0,0,1,0,4,1.3,Semaj Smith,https://www.sports-reference.com/cbb/players/semaj-smith-1.html,san-jose-state,2023-24
8,97,8,2023-11-27,San Jose State,,Bethesda CA,REG (Non-Conf),W 122-28,,18,6,9,.667,0,0,6,9,.667,.667,0,0,,3,6,9,2,1,0,0,0,12,14.4,Semaj Smith,https://www.sports-reference.com/cbb/players/semaj-smith-1.html,san-jose-state,2023-24
9,98,9,2023-11-29,San Jose State,@,Cal State Fullerton,REG (Non-Conf),L 64-71,,21,8,12,.667,0,0,8,12,.667,.667,0,0,,1,1,2,0,0,0,1,0,16,10.8,Semaj Smith,https://www.sports-reference.com/cbb/players/semaj-smith-1.html,san-jose-state,2023-24
10,99,10,2023-12-03,San Jose State,@,Hawaii,REG (Non-Conf),L 47-73,,16,6,8,.750,0,0,6,8,.750,.750,1,1,1.000,0,3,3,0,0,1,0,1,13,11.0,Semaj Smith,https://www.sports-reference.com/cbb/players/semaj-smith-1.html,san-jose-state,2023-24
11,100,11,2023-12-18,San Jose State,@,Cal State Northridge,REG (Non-Conf),W 70-53,*,16,4,7,.571,0,0,4,7,.571,.571,1,1,1.000,3,2,5,0,0,1,1,0,9,8.1,Semaj Smith,https://www.sports-reference.com/cbb/players/semaj-smith-1.html,san-jose-state,2023-24
12,101,12,2023-12-29,San Jose State,@,St. Mary's (CA),REG (Non-Conf),L 52-70,*,18,4,5,.800,0,0,4,5,.800,.800,0,0,,3,4,7,1,0,1,0,4,8,9.2,Semaj Smith,https://www.sports-reference.com/cbb/players/semaj-smith-1.html,san-jose-state,2023-24
13,102,14,2024-01-06,San Jose State,@,Utah State,REG (Conf),W 69-54,,15,0,4,.000,0,0,0,4,.000,.000,0,0,,1,2,3,1,1,1,3,2,0,-2.9,Semaj Smith,https://www.sports-reference.com/cbb/players/semaj-smith-1.html,san-jose-state,2023-24
14,103,15,2024-01-10,San Jose State,@,UNLV,REG (Conf),L 55-91,,11,0,1,.000,0,0,0,1,.000,.000,2,2,1.000,0,2,2,0,1,2,0,1,2,3.9,Semaj Smith,https://www.sports-reference.com/cbb/players/semaj-smith-1.html,san-jose-state,2023-24
15,104,16,2024-01-13,San Jose State,,Nevada,REG (Conf),L 57-64,,4,0,1,.000,0,0,0,1,.000,.000,0,0,,0,1,1,0,1,0,0,0,0,0.6,Semaj Smith,https://www.sports-reference.com/cbb/players/semaj-smith-1.html,san-jose-state,2023-24
16,105,17,2024-01-17,San Jose State,,Boise State,REG (Conf),L 64-68,,11,2,3,.667,0,0,2,3,.667,.667,1,1,1.000,1,1,2,0,1,1,0,3,5,5.2,Semaj Smith,https://www.sports-reference.com/cbb/players/semaj-smith-1.html,san-jose-state,2023-24
17,106,18,2024-01-20,San Jose State,@,San Diego State,REG (Conf),L 51-63,,10,1,2,.500,0,0,1,2,.500,.500,0,0,,0,4,4,0,0,1,0,1,2,2.5,Semaj Smith,https://www.sports-reference.com/cbb/players/semaj-smith-1.html,san-jose-state,2023-24
18,107,19,2024-01-27,San Jose State,@,Colorado State,REG (Conf),L 49-65,,5,0,1,.000,0,0,0,1,.000,.000,0,0,,0,2,2,0,0,0,2,2,0,-2.9,Semaj Smith,https://www.sports-reference.com/cbb/players/semaj-smith-1.html,san-jose-state,2023-24
19,108,20,2024-01-31,San Jose State,,New Mexico,REG (Conf),L 54-65,,16,3,7,.429,0,0,3,7,.429,.429,2,2,1.000,1,3,4,0,1,0,3,1,8,3.5,Semaj Smith,https://www.sports-reference.com/cbb/players/semaj-smith-1.html,san-jose-state,2023-24
20,109,21,2024-02-03,San Jose State,,Air Force,REG (Conf),L 56-78,*,8,1,1,1.000,0,0,1,1,1.000,1.000,0,0,,1,1,2,0,1,0,1,2,2,1.9,Semaj Smith,https://www.sports-reference.com/cbb/players/semaj-smith-1.html,san-jose-state,2023-24
21,110,22,2024-02-07,San Jose State,@,Boise State,REG (Conf),L 42-73,*,6,0,1,.000,0,0,0,1,.000,.000,0,0,,0,0,0,0,0,0,0,0,0,-0.7,Semaj Smith,https://www.sports-reference.com/cbb/players/semaj-smith-1.html,san-jose-state,2023-24
22,111,23,2024-02-10,San Jose State,,San Diego State,REG (Conf),L 62-63,,6,2,2,1.000,0,0,2,2,1.000,1.000,0,0,,0,2,2,0,0,0,0,1,4,3.6,Semaj Smith,https://www.sports-reference.com/cbb/players/semaj-smith-1.html,san-jose-state,2023-24
23,112,24,2024-02-14,San Jose State,@,New Mexico,REG (Conf),L 51-72,,4,2,2,1.000,0,0,2,2,1.000,1.000,0,0,,0,1,1,0,0,1,1,1,4,3.0,Semaj Smith,https://www.sports-reference.com/cbb/players/semaj-smith-1.html,san-jose-state,2023-24
24,113,25,2024-02-17,San Jose State,@,Fresno State,REG (Conf),L 59-74,,19,6,8,.750,0,0,6,8,.750,.750,1,2,.500,2,2,4,1,0,1,1,0,13,11.8,Semaj Smith,https://www.sports-reference.com/cbb/players/semaj-smith-1.html,san-jose-state,2023-24
25,114,26,2024-02-21,San Jose State,,Utah State,REG (Conf),L 70-71,,13,0,5,.000,0,0,0,5,.000,.000,0,0,,4,1,5,1,0,0,2,0,0,-1.7,Semaj Smith,https://www.sports-reference.com/cbb/players/semaj-smith-1.html,san-jose-state,2023-24
26,115,27,2024-02-24,San Jose State,@,Air Force,REG (Conf),L 53-67,,15,4,7,.571,0,0,4,7,.571,.571,0,0,,1,4,5,0,1,1,3,1,8,4.9,Semaj Smith,https://www.sports-reference.com/cbb/players/semaj-smith-1.html,san-jose-state,2023-24
27,116,28,2024-02-28,San Jose State,,Wyoming,REG (Conf),L 73-88,,11,0,2,.000,0,0,0,2,.000,.000,0,2,.000,1,4,5,2,0,0,1,3,0,-1.1,Semaj Smith,https://www.sports-reference.com/cbb/players/semaj-smith-1.html,san-jose-state,2023-24
28,117,29,2024-03-02,San Jose State,,Colorado State,REG (Conf),W 68-56,,8,5,7,.714,0,0,5,7,.714,.714,1,1,1.000,1,0,1,0,0,0,1,0,11,7.8,Semaj Smith,https://www.sports-reference.com/cbb/players/semaj-smith-1.html,san-jose-state,2023-24
29,118,30,2024-03-05,San Jose State,@,Nevada,REG (Conf),L 65-82,,11,2,3,.667,0,0,2,3,.667,.667,0,0,,0,0,0,1,0,0,3,3,4,-0.8,Semaj Smith,https://www.sports-reference.com/cbb/players/semaj-smith-1.html,san-jose-state,2023-24
30,119,31,2024-03-10,San Jose State,N,San Diego State,CTOURN,L 51-72,,18,0,4,.000,0,0,0,4,.000,.000,2,4,.500,4,2,6,2,0,1,4,3,2,-1.3,Semaj Smith,https://www.sports-reference.com/cbb/players/semaj-smith-1.html,san-jose-state,2023-24
