ranker,player_game_num_career,team_game_num_season,date,team_name_abbr,game_location,opp_name_abbr,game_type,game_result,is_starter,mp,fg,fga,fg_pct,fg3,fg3a,fg3_pct,fg2,fg2a,fg2_pct,efg_pct,ft,fta,ft_pct,orb,drb,trb,ast,stl,blk,tov,pf,pts,game_score,player_name,player_sr_link,school,season
1,25,8,2023-11-27,San Jose State,,Bethesda CA,REG (Non-Conf),W 122-28,,8,3,4,.750,1,2,.500,2,2,1.000,.875,1,2,.500,1,0,1,2,0,0,1,0,8,7.1,Sophia Jones,https://www.sports-reference.com/cbb/players/sophia-jones-1.html,san-jose-state,2023-24
2,26,9,2023-11-29,San Jose State,@,Cal State Fullerton,REG (Non-Conf),L 64-71,,3,0,0,,0,0,,0,0,,,0,0,,0,0,0,0,0,0,0,2,0,-0.8,Sophia Jones,https://www.sports-reference.com/cbb/players/sophia-jones-1.html,san-jose-state,2023-24
3,27,10,2023-12-03,San Jose State,@,Hawaii,REG (Non-Conf),L 47-73,*,15,0,1,.000,0,0,,0,1,.000,.000,0,0,,1,3,4,1,0,0,3,0,0,-1.4,Sophia Jones,https://www.sports-reference.com/cbb/players/sophia-jones-1.html,san-jose-state,2023-24
4,28,14,2024-01-06,San Jose State,@,Utah State,REG (Conf),W 69-54,,11,0,1,.000,0,0,,0,1,.000,.000,0,0,,0,2,2,0,2,0,1,0,0,0.9,Sophia Jones,https://www.sports-reference.com/cbb/players/sophia-jones-1.html,san-jose-state,2023-24
5,29,15,2024-01-10,San Jose State,@,UNLV,REG (Conf),L 55-91,,7,0,0,,0,0,,0,0,,,0,0,,0,0,0,0,0,0,1,0,0,-1.0,Sophia Jones,https://www.sports-reference.com/cbb/players/sophia-jones-1.html,san-jose-state,2023-24
6,30,31,2024-03-10,San Jose State,N,San Diego State,CTOURN,L 51-72,,1,0,0,,0,0,,0,0,,,0,0,,0,0,0,1,0,0,0,0,0,0.7,Sophia Jones,https://www.sports-reference.com/cbb/players/sophia-jones-1.html,san-jose-state,2023-24
