ranker,player_game_num_career,team_game_num_season,date,team_name_abbr,game_location,opp_name_abbr,game_type,game_result,is_starter,mp,fg,fga,fg_pct,fg3,fg3a,fg3_pct,fg2,fg2a,fg2_pct,efg_pct,ft,fta,orb,drb,trb,ast,stl,blk,tov,pf,pts,game_score,player_name,player_sr_link,school,season
1,22,3,2021-01-04,Northeastern,,Delaware,REG (Conf),L 59-86,,14,0,4,.000,0,3,.000,0,1,.000,.000,0,0,0,0,0,0,0,0,1,1,0,-4.2,Anna Boruta,https://www.sports-reference.com/cbb/players/anna-boruta-1.html,northeastern,2020-21
2,23,5,2021-01-07,Northeastern,,Hofstra,REG (Conf),L 57-68,,11,2,3,.667,2,3,.667,0,0,,1.000,0,0,0,1,1,1,0,0,0,2,6,4.9,Anna Boruta,https://www.sports-reference.com/cbb/players/anna-boruta-1.html,northeastern,2020-21
3,24,6,2021-01-09,Northeastern,@,Hofstra,REG (Conf),W 54-53,,4,0,0,,0,0,,0,0,,,0,0,0,0,0,0,0,0,0,0,0,0.0,Anna Boruta,https://www.sports-reference.com/cbb/players/anna-boruta-1.html,northeastern,2020-21
4,25,7,2021-01-19,Northeastern,@,Manhattan,REG (Non-Conf),W 62-50,,2,0,1,.000,0,1,.000,0,0,,.000,0,0,0,0,0,0,0,0,1,0,0,-1.7,Anna Boruta,https://www.sports-reference.com/cbb/players/anna-boruta-1.html,northeastern,2020-21
5,26,8,2021-01-25,Northeastern,@,James Madison,REG (Conf),L 49-67,,4,0,1,.000,0,1,.000,0,0,,.000,0,0,0,0,0,0,0,0,0,0,0,-0.7,Anna Boruta,https://www.sports-reference.com/cbb/players/anna-boruta-1.html,northeastern,2020-21
6,27,13,2021-02-07,Northeastern,@,Delaware,REG (Conf),L 59-65,,7,1,3,.333,1,3,.333,0,0,,.500,0,0,0,0,0,2,0,0,2,0,3,0.7,Anna Boruta,https://www.sports-reference.com/cbb/players/anna-boruta-1.html,northeastern,2020-21
7,28,14,2021-02-13,Northeastern,,Towson,REG (Conf),L 69-90,,1,0,0,,0,0,,0,0,,,0,0,0,0,0,0,0,0,0,0,0,0.0,Anna Boruta,https://www.sports-reference.com/cbb/players/anna-boruta-1.html,northeastern,2020-21
8,29,15,2021-02-14,Northeastern,,Towson,REG (Conf),W 72-62,,12,0,1,.000,0,1,.000,0,0,,.000,0,0,1,1,2,0,0,0,0,0,0,0.3,Anna Boruta,https://www.sports-reference.com/cbb/players/anna-boruta-1.html,northeastern,2020-21
9,30,16,2021-02-20,Northeastern,@,UNC Wilmington,REG (Conf),W 63-52,,3,0,0,,0,0,,0,0,,,0,0,0,0,0,0,0,0,0,0,0,0.0,Anna Boruta,https://www.sports-reference.com/cbb/players/anna-boruta-1.html,northeastern,2020-21
10,31,18,2021-02-28,Northeastern,,Hofstra,REG (Conf),W 68-39,,3,0,0,,0,0,,0,0,,,0,0,0,0,0,1,1,0,0,0,0,1.7,Anna Boruta,https://www.sports-reference.com/cbb/players/anna-boruta-1.html,northeastern,2020-21
