ranker,player_game_num_career,team_game_num_season,date,team_name_abbr,game_location,opp_name_abbr,game_type,game_result,is_starter,mp,fg,fga,fg_pct,fg3,fg3a,fg2,fg2a,fg2_pct,efg_pct,ft,fta,ft_pct,orb,drb,trb,ast,stl,blk,tov,pf,pts,game_score,player_name,player_sr_link,school,season
1,85,1,2020-12-16,Northeastern,@,UMass Lowell,REG (Non-Conf),L 59-69,*,38,4,9,.444,0,0,4,9,.444,.444,1,2,.500,0,2,2,4,1,0,3,2,9,4.5,Ayanna Dublin,https://www.sports-reference.com/cbb/players/ayanna-dublin-1.html,northeastern,2020-21
2,86,2,2020-12-20,Northeastern,,Maine,REG (Non-Conf),L 62-63,*,30,3,8,.375,0,0,3,8,.375,.375,2,4,.500,2,3,5,0,3,0,0,4,8,6.5,Ayanna Dublin,https://www.sports-reference.com/cbb/players/ayanna-dublin-1.html,northeastern,2020-21
3,87,3,2021-01-04,Northeastern,,Delaware,REG (Conf),L 59-86,*,27,0,2,.000,0,0,0,2,.000,.000,4,6,.667,2,3,5,1,0,0,6,3,4,-2.4,Ayanna Dublin,https://www.sports-reference.com/cbb/players/ayanna-dublin-1.html,northeastern,2020-21
4,88,4,2021-01-05,Northeastern,,Delaware,REG (Conf),L 61-68,*,28,4,5,.800,0,0,4,5,.800,.800,0,1,.000,1,5,6,5,0,1,2,2,8,9.3,Ayanna Dublin,https://www.sports-reference.com/cbb/players/ayanna-dublin-1.html,northeastern,2020-21
5,89,5,2021-01-07,Northeastern,,Hofstra,REG (Conf),L 57-68,*,32,1,3,.333,0,0,1,3,.333,.333,0,0,,1,1,2,2,2,1,4,5,2,-0.6,Ayanna Dublin,https://www.sports-reference.com/cbb/players/ayanna-dublin-1.html,northeastern,2020-21
6,90,6,2021-01-09,Northeastern,@,Hofstra,REG (Conf),W 54-53,*,34,2,4,.500,0,0,2,4,.500,.500,0,0,,1,7,8,3,1,0,3,5,4,2.9,Ayanna Dublin,https://www.sports-reference.com/cbb/players/ayanna-dublin-1.html,northeastern,2020-21
7,91,7,2021-01-19,Northeastern,@,Manhattan,REG (Non-Conf),W 62-50,*,30,5,8,.625,0,0,5,8,.625,.625,1,2,.500,3,1,4,1,1,0,2,3,11,7.9,Ayanna Dublin,https://www.sports-reference.com/cbb/players/ayanna-dublin-1.html,northeastern,2020-21
8,92,8,2021-01-25,Northeastern,@,James Madison,REG (Conf),L 49-67,*,28,3,9,.333,0,0,3,9,.333,.333,0,0,,2,4,6,4,0,0,1,4,6,3.7,Ayanna Dublin,https://www.sports-reference.com/cbb/players/ayanna-dublin-1.html,northeastern,2020-21
9,93,9,2021-01-26,Northeastern,@,James Madison,REG (Conf),W 77-69,*,25,3,6,.500,0,0,3,6,.500,.500,2,2,1.000,3,5,8,3,0,0,3,5,8,5.7,Ayanna Dublin,https://www.sports-reference.com/cbb/players/ayanna-dublin-1.html,northeastern,2020-21
10,94,10,2021-01-30,Northeastern,,Drexel,REG (Conf),L 64-79,*,35,5,7,.714,0,0,5,7,.714,.714,0,1,.000,4,2,6,4,1,0,4,0,10,9.9,Ayanna Dublin,https://www.sports-reference.com/cbb/players/ayanna-dublin-1.html,northeastern,2020-21
11,95,11,2021-01-31,Northeastern,,Drexel,REG (Conf),L 56-58,*,40,2,4,.500,0,0,2,4,.500,.500,0,0,,2,8,10,5,0,0,4,1,4,4.9,Ayanna Dublin,https://www.sports-reference.com/cbb/players/ayanna-dublin-1.html,northeastern,2020-21
12,96,12,2021-02-06,Northeastern,@,Delaware,REG (Conf),L 47-59,*,36,0,5,.000,0,0,0,5,.000,.000,1,2,.500,4,6,10,3,0,0,6,5,1,-4.2,Ayanna Dublin,https://www.sports-reference.com/cbb/players/ayanna-dublin-1.html,northeastern,2020-21
13,97,13,2021-02-07,Northeastern,@,Delaware,REG (Conf),L 59-65,*,36,3,4,.750,0,0,3,4,.750,.750,2,2,1.000,2,4,6,3,1,0,2,1,8,9.7,Ayanna Dublin,https://www.sports-reference.com/cbb/players/ayanna-dublin-1.html,northeastern,2020-21
14,98,14,2021-02-13,Northeastern,,Towson,REG (Conf),L 69-90,*,37,6,11,.545,0,0,6,11,.545,.545,1,3,.333,6,7,13,7,3,0,4,2,13,16.3,Ayanna Dublin,https://www.sports-reference.com/cbb/players/ayanna-dublin-1.html,northeastern,2020-21
15,99,15,2021-02-14,Northeastern,,Towson,REG (Conf),W 72-62,*,37,3,13,.231,0,0,3,13,.231,.231,1,4,.250,3,5,8,1,2,0,3,3,7,0.0,Ayanna Dublin,https://www.sports-reference.com/cbb/players/ayanna-dublin-1.html,northeastern,2020-21
16,100,16,2021-02-20,Northeastern,@,UNC Wilmington,REG (Conf),W 63-52,*,24,1,3,.333,0,0,1,3,.333,.333,0,0,,0,3,3,1,0,0,2,2,2,-0.9,Ayanna Dublin,https://www.sports-reference.com/cbb/players/ayanna-dublin-1.html,northeastern,2020-21
17,101,17,2021-02-21,Northeastern,@,UNC Wilmington,REG (Conf),W 78-58,*,31,3,8,.375,0,0,3,8,.375,.375,1,1,1.000,2,5,7,5,2,0,5,4,7,4.4,Ayanna Dublin,https://www.sports-reference.com/cbb/players/ayanna-dublin-1.html,northeastern,2020-21
18,102,18,2021-02-28,Northeastern,,Hofstra,REG (Conf),W 68-39,*,34,3,7,.429,0,0,3,7,.429,.429,1,1,1.000,0,4,4,5,3,0,4,0,7,7.0,Ayanna Dublin,https://www.sports-reference.com/cbb/players/ayanna-dublin-1.html,northeastern,2020-21
19,103,19,2021-03-02,Northeastern,@,Hofstra,REG (Conf),L 60-63,*,33,2,9,.222,0,0,2,9,.222,.222,1,3,.333,5,6,11,3,0,1,6,5,5,-1.2,Ayanna Dublin,https://www.sports-reference.com/cbb/players/ayanna-dublin-1.html,northeastern,2020-21
20,104,20,2021-03-11,Northeastern,@,James Madison,CTOURN,L 65-81,*,31,5,10,.500,0,0,5,10,.500,.500,0,1,.000,2,1,3,3,2,0,0,4,10,8.8,Ayanna Dublin,https://www.sports-reference.com/cbb/players/ayanna-dublin-1.html,northeastern,2020-21
