ranker,player_game_num_career,team_game_num_season,date,team_name_abbr,game_location,opp_name_abbr,game_type,game_result,is_starter,mp,fg,fga,fg_pct,fg3,fg3a,fg2,fg2a,fg2_pct,efg_pct,ft,fta,ft_pct,orb,drb,trb,ast,stl,blk,tov,pf,pts,game_score,player_name,player_sr_link,school,season
1,1,1,2020-12-16,Northeastern,@,UMass Lowell,REG (Non-Conf),L 59-69,,10,2,5,.400,0,0,2,5,.400,.400,0,0,,1,0,1,0,0,0,0,1,4,1.6,Izzy Larsen,https://www.sports-reference.com/cbb/players/izzy-larsen-1.html,northeastern,2020-21
2,2,2,2020-12-20,Northeastern,,Maine,REG (Non-Conf),L 62-63,,8,1,2,.500,0,0,1,2,.500,.500,0,0,,0,1,1,0,0,0,2,0,2,-0.7,Izzy Larsen,https://www.sports-reference.com/cbb/players/izzy-larsen-1.html,northeastern,2020-21
3,3,3,2021-01-04,Northeastern,,Delaware,REG (Conf),L 59-86,,17,2,4,.500,0,0,2,4,.500,.500,2,2,1.000,2,3,5,1,1,0,1,2,6,6.2,Izzy Larsen,https://www.sports-reference.com/cbb/players/izzy-larsen-1.html,northeastern,2020-21
4,4,4,2021-01-05,Northeastern,,Delaware,REG (Conf),L 61-68,,17,2,3,.667,0,0,2,3,.667,.667,2,2,1.000,1,3,4,1,0,0,2,2,6,4.2,Izzy Larsen,https://www.sports-reference.com/cbb/players/izzy-larsen-1.html,northeastern,2020-21
5,5,5,2021-01-07,Northeastern,,Hofstra,REG (Conf),L 57-68,,12,2,3,.667,0,0,2,3,.667,.667,0,0,,1,2,3,0,0,0,0,2,4,3.2,Izzy Larsen,https://www.sports-reference.com/cbb/players/izzy-larsen-1.html,northeastern,2020-21
6,6,6,2021-01-09,Northeastern,@,Hofstra,REG (Conf),W 54-53,,16,0,2,.000,0,0,0,2,.000,.000,0,2,.000,1,2,3,1,0,0,1,3,0,-2.4,Izzy Larsen,https://www.sports-reference.com/cbb/players/izzy-larsen-1.html,northeastern,2020-21
7,7,7,2021-01-19,Northeastern,@,Manhattan,REG (Non-Conf),W 62-50,,7,1,2,.500,0,0,1,2,.500,.500,0,0,,0,1,1,1,0,0,0,1,2,1.6,Izzy Larsen,https://www.sports-reference.com/cbb/players/izzy-larsen-1.html,northeastern,2020-21
8,8,8,2021-01-25,Northeastern,@,James Madison,REG (Conf),L 49-67,,2,0,0,,0,0,0,0,,,0,0,,0,0,0,0,1,0,1,0,0,0.0,Izzy Larsen,https://www.sports-reference.com/cbb/players/izzy-larsen-1.html,northeastern,2020-21
9,9,9,2021-01-26,Northeastern,@,James Madison,REG (Conf),W 77-69,,2,0,0,,0,0,0,0,,,0,0,,0,0,0,0,0,0,0,0,0,0.0,Izzy Larsen,https://www.sports-reference.com/cbb/players/izzy-larsen-1.html,northeastern,2020-21
10,10,10,2021-01-30,Northeastern,,Drexel,REG (Conf),L 64-79,,2,0,0,,0,0,0,0,,,0,0,,0,0,0,0,0,0,0,0,0,0.0,Izzy Larsen,https://www.sports-reference.com/cbb/players/izzy-larsen-1.html,northeastern,2020-21
11,11,11,2021-01-31,Northeastern,,Drexel,REG (Conf),L 56-58,,12,1,1,1.000,0,0,1,1,1.000,1.000,0,0,,1,0,1,1,2,0,1,2,2,3.3,Izzy Larsen,https://www.sports-reference.com/cbb/players/izzy-larsen-1.html,northeastern,2020-21
12,12,12,2021-02-06,Northeastern,@,Delaware,REG (Conf),L 47-59,,19,3,4,.750,0,0,3,4,.750,.750,0,0,,1,1,2,0,1,0,0,1,6,6.0,Izzy Larsen,https://www.sports-reference.com/cbb/players/izzy-larsen-1.html,northeastern,2020-21
13,13,13,2021-02-07,Northeastern,@,Delaware,REG (Conf),L 59-65,,13,0,0,,0,0,0,0,,,1,2,.500,0,2,2,1,0,0,1,0,1,0.9,Izzy Larsen,https://www.sports-reference.com/cbb/players/izzy-larsen-1.html,northeastern,2020-21
14,14,14,2021-02-13,Northeastern,,Towson,REG (Conf),L 69-90,,8,1,1,1.000,0,0,1,1,1.000,1.000,0,0,,1,0,1,0,0,1,0,0,2,3.1,Izzy Larsen,https://www.sports-reference.com/cbb/players/izzy-larsen-1.html,northeastern,2020-21
15,15,15,2021-02-14,Northeastern,,Towson,REG (Conf),W 72-62,,0,0,0,,0,0,0,0,,,0,0,,0,0,0,0,0,0,0,0,0,0.0,Izzy Larsen,https://www.sports-reference.com/cbb/players/izzy-larsen-1.html,northeastern,2020-21
16,16,16,2021-02-20,Northeastern,@,UNC Wilmington,REG (Conf),W 63-52,,5,0,0,,0,0,0,0,,,0,0,,0,0,0,0,0,0,0,0,0,0.0,Izzy Larsen,https://www.sports-reference.com/cbb/players/izzy-larsen-1.html,northeastern,2020-21
17,17,17,2021-02-21,Northeastern,@,UNC Wilmington,REG (Conf),W 78-58,,3,0,1,.000,0,0,0,1,.000,.000,0,0,,1,0,1,0,0,1,0,1,0,0.3,Izzy Larsen,https://www.sports-reference.com/cbb/players/izzy-larsen-1.html,northeastern,2020-21
18,18,18,2021-02-28,Northeastern,,Hofstra,REG (Conf),W 68-39,,12,1,3,.333,0,0,1,3,.333,.333,1,2,.500,0,3,3,0,0,0,2,3,3,-1.4,Izzy Larsen,https://www.sports-reference.com/cbb/players/izzy-larsen-1.html,northeastern,2020-21
19,19,19,2021-03-02,Northeastern,@,Hofstra,REG (Conf),L 60-63,,11,4,4,1.000,0,0,4,4,1.000,1.000,1,1,1.000,1,1,2,0,0,0,0,4,9,7.2,Izzy Larsen,https://www.sports-reference.com/cbb/players/izzy-larsen-1.html,northeastern,2020-21
20,20,20,2021-03-11,Northeastern,@,James Madison,CTOURN,L 65-81,,13,4,7,.571,0,0,4,7,.571,.571,0,0,,1,3,4,1,0,0,1,2,8,5.2,Izzy Larsen,https://www.sports-reference.com/cbb/players/izzy-larsen-1.html,northeastern,2020-21
