ranker,player_game_num_career,team_game_num_season,date,team_name_abbr,game_location,opp_name_abbr,game_type,game_result,is_starter,mp,fg,fga,fg_pct,fg3,fg3a,fg3_pct,fg2,fg2a,fg2_pct,efg_pct,ft,fta,ft_pct,orb,drb,trb,ast,stl,blk,tov,pf,pts,game_score,player_name,player_sr_link,school,season
1,56,1,2020-12-16,Northeastern,@,UMass Lowell,REG (Non-Conf),L 59-69,*,34,7,18,.389,1,4,.250,6,14,.429,.417,4,4,1.000,0,1,1,1,0,0,2,2,19,7.4,Kendall Currence,https://www.sports-reference.com/cbb/players/kendall-currence-1.html,northeastern,2020-21
2,57,2,2020-12-20,Northeastern,,Maine,REG (Non-Conf),L 62-63,*,37,6,10,.600,3,5,.600,3,5,.600,.750,4,6,.667,2,3,5,2,1,0,6,0,19,12.3,Kendall Currence,https://www.sports-reference.com/cbb/players/kendall-currence-1.html,northeastern,2020-21
3,58,3,2021-01-04,Northeastern,,Delaware,REG (Conf),L 59-86,*,20,2,8,.250,0,2,.000,2,6,.333,.250,1,3,.333,1,2,3,0,0,0,2,3,5,-2.5,Kendall Currence,https://www.sports-reference.com/cbb/players/kendall-currence-1.html,northeastern,2020-21
4,59,4,2021-01-05,Northeastern,,Delaware,REG (Conf),L 61-68,*,21,2,11,.182,2,7,.286,0,4,.000,.273,0,0,,0,0,0,1,0,0,0,3,6,-1.4,Kendall Currence,https://www.sports-reference.com/cbb/players/kendall-currence-1.html,northeastern,2020-21
5,60,5,2021-01-07,Northeastern,,Hofstra,REG (Conf),L 57-68,*,21,2,7,.286,0,3,.000,2,4,.500,.286,0,0,,2,1,3,1,0,0,1,0,4,1.3,Kendall Currence,https://www.sports-reference.com/cbb/players/kendall-currence-1.html,northeastern,2020-21
6,61,6,2021-01-09,Northeastern,@,Hofstra,REG (Conf),W 54-53,,8,1,3,.333,0,1,.000,1,2,.500,.333,1,1,1.000,1,0,1,0,1,0,2,0,3,1.0,Kendall Currence,https://www.sports-reference.com/cbb/players/kendall-currence-1.html,northeastern,2020-21
7,62,7,2021-01-19,Northeastern,@,Manhattan,REG (Non-Conf),W 62-50,,14,1,3,.333,0,1,.000,1,2,.500,.333,0,0,,0,1,1,2,0,1,0,0,2,2.7,Kendall Currence,https://www.sports-reference.com/cbb/players/kendall-currence-1.html,northeastern,2020-21
8,63,8,2021-01-25,Northeastern,@,James Madison,REG (Conf),L 49-67,,18,0,3,.000,0,2,.000,0,1,.000,.000,2,2,1.000,0,0,0,0,0,0,0,0,2,-0.1,Kendall Currence,https://www.sports-reference.com/cbb/players/kendall-currence-1.html,northeastern,2020-21
9,64,9,2021-01-26,Northeastern,@,James Madison,REG (Conf),W 77-69,,32,7,11,.636,4,6,.667,3,5,.600,.818,0,0,,0,2,2,2,3,0,0,0,18,18.1,Kendall Currence,https://www.sports-reference.com/cbb/players/kendall-currence-1.html,northeastern,2020-21
10,65,10,2021-01-30,Northeastern,,Drexel,REG (Conf),L 64-79,,34,10,12,.833,2,4,.500,8,8,1.000,.917,1,2,.500,0,4,4,5,1,0,1,3,23,21.7,Kendall Currence,https://www.sports-reference.com/cbb/players/kendall-currence-1.html,northeastern,2020-21
11,66,11,2021-01-31,Northeastern,,Drexel,REG (Conf),L 56-58,,28,5,8,.625,1,4,.250,4,4,1.000,.688,2,2,1.000,0,5,5,0,0,0,1,2,13,9.1,Kendall Currence,https://www.sports-reference.com/cbb/players/kendall-currence-1.html,northeastern,2020-21
12,67,12,2021-02-06,Northeastern,@,Delaware,REG (Conf),L 47-59,,31,4,9,.444,2,7,.286,2,2,1.000,.556,1,3,.333,0,4,4,2,2,0,4,2,11,5.3,Kendall Currence,https://www.sports-reference.com/cbb/players/kendall-currence-1.html,northeastern,2020-21
13,68,13,2021-02-07,Northeastern,@,Delaware,REG (Conf),L 59-65,,8,0,0,,0,0,,0,0,,,0,0,,0,0,0,0,0,0,1,1,0,-1.4,Kendall Currence,https://www.sports-reference.com/cbb/players/kendall-currence-1.html,northeastern,2020-21
14,69,14,2021-02-13,Northeastern,,Towson,REG (Conf),L 69-90,,37,8,13,.615,4,8,.500,4,5,.800,.769,1,1,1.000,1,6,7,5,0,0,2,3,21,17.9,Kendall Currence,https://www.sports-reference.com/cbb/players/kendall-currence-1.html,northeastern,2020-21
15,70,15,2021-02-14,Northeastern,,Towson,REG (Conf),W 72-62,,31,4,10,.400,2,3,.667,2,7,.286,.500,0,0,,1,6,7,0,2,0,1,3,10,6.9,Kendall Currence,https://www.sports-reference.com/cbb/players/kendall-currence-1.html,northeastern,2020-21
16,71,16,2021-02-20,Northeastern,@,UNC Wilmington,REG (Conf),W 63-52,,18,2,9,.222,0,5,.000,2,4,.500,.222,2,3,.667,0,2,2,2,1,0,1,1,6,1.7,Kendall Currence,https://www.sports-reference.com/cbb/players/kendall-currence-1.html,northeastern,2020-21
17,72,17,2021-02-21,Northeastern,@,UNC Wilmington,REG (Conf),W 78-58,,22,2,8,.250,2,4,.500,0,4,.000,.375,0,0,,2,2,4,0,1,0,2,3,6,1.0,Kendall Currence,https://www.sports-reference.com/cbb/players/kendall-currence-1.html,northeastern,2020-21
18,73,18,2021-02-28,Northeastern,,Hofstra,REG (Conf),W 68-39,,23,4,7,.571,3,4,.750,1,3,.333,.786,1,2,.500,0,3,3,1,0,0,0,2,12,9.1,Kendall Currence,https://www.sports-reference.com/cbb/players/kendall-currence-1.html,northeastern,2020-21
19,74,19,2021-03-02,Northeastern,@,Hofstra,REG (Conf),L 60-63,,29,8,18,.444,1,6,.167,7,12,.583,.472,1,2,.500,1,2,3,0,1,0,1,2,18,8.7,Kendall Currence,https://www.sports-reference.com/cbb/players/kendall-currence-1.html,northeastern,2020-21
20,75,20,2021-03-11,Northeastern,@,James Madison,CTOURN,L 65-81,,31,7,18,.389,0,4,.000,7,14,.500,.389,2,5,.400,1,6,7,1,2,0,3,2,16,6.4,Kendall Currence,https://www.sports-reference.com/cbb/players/kendall-currence-1.html,northeastern,2020-21
