ranker,player_game_num_career,team_game_num_season,date,team_name_abbr,game_location,opp_name_abbr,game_type,game_result,is_starter,mp,fg,fga,fg_pct,fg3,fg3a,fg2,fg2a,fg2_pct,efg_pct,ft,fta,ft_pct,orb,drb,trb,ast,stl,blk,tov,pf,pts,game_score,player_name,player_sr_link,school,season
1,1,1,2020-12-16,Northeastern,@,UMass Lowell,REG (Non-Conf),L 59-69,,13,3,4,.750,0,0,3,4,.750,.750,0,0,,2,3,5,2,1,2,1,2,6,8.7,Leyla Ozturk,https://www.sports-reference.com/cbb/players/leyla-ozturk-1.html,northeastern,2020-21
2,2,2,2020-12-20,Northeastern,,Maine,REG (Non-Conf),L 62-63,,21,1,2,.500,0,0,1,2,.500,.500,2,2,1.000,0,2,2,0,0,1,1,1,4,2.9,Leyla Ozturk,https://www.sports-reference.com/cbb/players/leyla-ozturk-1.html,northeastern,2020-21
3,3,4,2021-01-05,Northeastern,,Delaware,REG (Conf),L 61-68,,22,2,3,.667,0,0,2,3,.667,.667,1,1,1.000,3,1,4,1,1,1,1,2,5,6.7,Leyla Ozturk,https://www.sports-reference.com/cbb/players/leyla-ozturk-1.html,northeastern,2020-21
4,4,5,2021-01-07,Northeastern,,Hofstra,REG (Conf),L 57-68,,14,0,0,,0,0,0,0,,,0,0,,0,0,0,0,2,0,3,1,0,-1.4,Leyla Ozturk,https://www.sports-reference.com/cbb/players/leyla-ozturk-1.html,northeastern,2020-21
5,5,6,2021-01-09,Northeastern,@,Hofstra,REG (Conf),W 54-53,*,14,0,1,.000,0,0,0,1,.000,.000,0,0,,1,0,1,3,1,2,1,4,0,1.9,Leyla Ozturk,https://www.sports-reference.com/cbb/players/leyla-ozturk-1.html,northeastern,2020-21
6,6,7,2021-01-19,Northeastern,@,Manhattan,REG (Non-Conf),W 62-50,*,33,1,2,.500,0,0,1,2,.500,.500,3,3,1.000,1,4,5,1,1,3,1,1,5,8.3,Leyla Ozturk,https://www.sports-reference.com/cbb/players/leyla-ozturk-1.html,northeastern,2020-21
7,7,8,2021-01-25,Northeastern,@,James Madison,REG (Conf),L 49-67,*,28,1,1,1.000,0,0,1,1,1.000,1.000,1,2,.500,0,2,2,0,1,1,1,3,3,2.4,Leyla Ozturk,https://www.sports-reference.com/cbb/players/leyla-ozturk-1.html,northeastern,2020-21
8,8,9,2021-01-26,Northeastern,@,James Madison,REG (Conf),W 77-69,*,35,0,3,.000,0,0,0,3,.000,.000,0,0,,4,3,7,1,1,1,3,4,0,-0.6,Leyla Ozturk,https://www.sports-reference.com/cbb/players/leyla-ozturk-1.html,northeastern,2020-21
9,9,10,2021-01-30,Northeastern,,Drexel,REG (Conf),L 64-79,*,21,2,4,.500,0,0,2,4,.500,.500,0,0,,2,0,2,0,0,1,2,1,4,1.7,Leyla Ozturk,https://www.sports-reference.com/cbb/players/leyla-ozturk-1.html,northeastern,2020-21
10,10,11,2021-01-31,Northeastern,,Drexel,REG (Conf),L 56-58,*,13,1,2,.500,0,0,1,2,.500,.500,0,0,,0,2,2,0,0,0,1,2,2,-0.2,Leyla Ozturk,https://www.sports-reference.com/cbb/players/leyla-ozturk-1.html,northeastern,2020-21
11,11,12,2021-02-06,Northeastern,@,Delaware,REG (Conf),L 47-59,*,14,1,2,.500,0,0,1,2,.500,.500,1,2,.500,0,1,1,1,0,0,3,1,3,-0.8,Leyla Ozturk,https://www.sports-reference.com/cbb/players/leyla-ozturk-1.html,northeastern,2020-21
12,12,13,2021-02-07,Northeastern,@,Delaware,REG (Conf),L 59-65,*,9,1,1,1.000,0,0,1,1,1.000,1.000,0,0,,0,1,1,0,0,0,1,1,2,0.6,Leyla Ozturk,https://www.sports-reference.com/cbb/players/leyla-ozturk-1.html,northeastern,2020-21
13,13,14,2021-02-13,Northeastern,,Towson,REG (Conf),L 69-90,*,17,6,8,.750,0,0,6,8,.750,.750,2,2,1.000,0,1,1,1,0,0,2,5,14,7.8,Leyla Ozturk,https://www.sports-reference.com/cbb/players/leyla-ozturk-1.html,northeastern,2020-21
14,14,15,2021-02-14,Northeastern,,Towson,REG (Conf),W 72-62,*,29,1,4,.250,0,0,1,4,.250,.250,0,0,,2,2,4,6,1,0,3,4,2,2.2,Leyla Ozturk,https://www.sports-reference.com/cbb/players/leyla-ozturk-1.html,northeastern,2020-21
15,15,16,2021-02-20,Northeastern,@,UNC Wilmington,REG (Conf),W 63-52,*,28,1,2,.500,0,0,1,2,.500,.500,0,0,,2,3,5,1,1,1,0,3,2,4.5,Leyla Ozturk,https://www.sports-reference.com/cbb/players/leyla-ozturk-1.html,northeastern,2020-21
16,16,17,2021-02-21,Northeastern,@,UNC Wilmington,REG (Conf),W 78-58,*,19,2,4,.500,0,0,2,4,.500,.500,0,0,,3,1,4,0,0,1,0,4,4,3.5,Leyla Ozturk,https://www.sports-reference.com/cbb/players/leyla-ozturk-1.html,northeastern,2020-21
17,17,18,2021-02-28,Northeastern,,Hofstra,REG (Conf),W 68-39,*,12,0,0,,0,0,0,0,,,0,0,,0,0,0,0,0,2,1,1,0,0.0,Leyla Ozturk,https://www.sports-reference.com/cbb/players/leyla-ozturk-1.html,northeastern,2020-21
18,18,19,2021-03-02,Northeastern,@,Hofstra,REG (Conf),L 60-63,*,11,0,0,,0,0,0,0,,,0,0,,1,1,2,0,0,0,0,1,0,0.6,Leyla Ozturk,https://www.sports-reference.com/cbb/players/leyla-ozturk-1.html,northeastern,2020-21
19,19,20,2021-03-11,Northeastern,@,James Madison,CTOURN,L 65-81,*,14,0,0,,0,0,0,0,,,0,0,,0,0,0,1,0,0,1,3,0,-1.5,Leyla Ozturk,https://www.sports-reference.com/cbb/players/leyla-ozturk-1.html,northeastern,2020-21
