ranker,player_game_num_career,team_game_num_season,date,team_name_abbr,game_location,opp_name_abbr,game_type,game_result,is_starter,mp,fg,fga,fg_pct,fg3,fg3a,fg3_pct,fg2,fg2a,fg2_pct,efg_pct,ft,fta,ft_pct,orb,drb,trb,ast,stl,blk,tov,pf,pts,game_score,player_name,player_sr_link,school,season
1,1,1,2020-12-16,Northeastern,@,UMass Lowell,REG (Non-Conf),L 59-69,,13,0,3,.000,0,2,.000,0,1,.000,.000,0,0,,1,0,1,1,0,0,1,1,0,-2.1,Maddie Vizza,https://www.sports-reference.com/cbb/players/maddie-vizza-1.html,northeastern,2020-21
2,2,2,2020-12-20,Northeastern,,Maine,REG (Non-Conf),L 62-63,,8,0,1,.000,0,1,.000,0,0,,.000,0,0,,0,0,0,0,0,0,0,1,0,-1.1,Maddie Vizza,https://www.sports-reference.com/cbb/players/maddie-vizza-1.html,northeastern,2020-21
3,3,3,2021-01-04,Northeastern,,Delaware,REG (Conf),L 59-86,,23,1,3,.333,1,2,.500,0,1,.000,.500,0,0,,0,0,0,1,0,0,2,3,3,-1.2,Maddie Vizza,https://www.sports-reference.com/cbb/players/maddie-vizza-1.html,northeastern,2020-21
4,4,4,2021-01-05,Northeastern,,Delaware,REG (Conf),L 61-68,,27,2,6,.333,1,4,.250,1,2,.500,.417,0,0,,0,0,0,0,0,0,2,2,5,-1.2,Maddie Vizza,https://www.sports-reference.com/cbb/players/maddie-vizza-1.html,northeastern,2020-21
5,5,5,2021-01-07,Northeastern,,Hofstra,REG (Conf),L 57-68,,23,2,6,.333,2,6,.333,0,0,,.500,1,2,.500,0,0,0,0,1,0,5,2,7,-1.6,Maddie Vizza,https://www.sports-reference.com/cbb/players/maddie-vizza-1.html,northeastern,2020-21
6,6,6,2021-01-09,Northeastern,@,Hofstra,REG (Conf),W 54-53,*,19,2,3,.667,2,3,.667,0,0,,1.000,0,0,,0,1,1,1,1,0,1,1,6,5.3,Maddie Vizza,https://www.sports-reference.com/cbb/players/maddie-vizza-1.html,northeastern,2020-21
7,7,7,2021-01-19,Northeastern,@,Manhattan,REG (Non-Conf),W 62-50,*,14,2,5,.400,1,4,.250,1,1,1.000,.500,0,0,,1,1,2,0,0,0,2,0,5,1.3,Maddie Vizza,https://www.sports-reference.com/cbb/players/maddie-vizza-1.html,northeastern,2020-21
8,8,8,2021-01-25,Northeastern,@,James Madison,REG (Conf),L 49-67,*,16,0,2,.000,0,2,.000,0,0,,.000,0,0,,0,1,1,1,0,0,1,1,0,-1.8,Maddie Vizza,https://www.sports-reference.com/cbb/players/maddie-vizza-1.html,northeastern,2020-21
9,9,9,2021-01-26,Northeastern,@,James Madison,REG (Conf),W 77-69,,7,1,2,.500,1,2,.500,0,0,,.750,0,0,,0,1,1,1,0,0,0,0,3,3.0,Maddie Vizza,https://www.sports-reference.com/cbb/players/maddie-vizza-1.html,northeastern,2020-21
10,10,10,2021-01-30,Northeastern,,Drexel,REG (Conf),L 64-79,,16,2,3,.667,1,2,.500,1,1,1.000,.833,1,1,1.000,0,0,0,2,0,0,1,1,6,4.7,Maddie Vizza,https://www.sports-reference.com/cbb/players/maddie-vizza-1.html,northeastern,2020-21
11,11,11,2021-01-31,Northeastern,,Drexel,REG (Conf),L 56-58,*,28,4,8,.500,3,6,.500,1,2,.500,.688,0,0,,0,0,0,0,1,0,1,2,11,6.2,Maddie Vizza,https://www.sports-reference.com/cbb/players/maddie-vizza-1.html,northeastern,2020-21
12,12,12,2021-02-06,Northeastern,@,Delaware,REG (Conf),L 47-59,*,16,0,3,.000,0,3,.000,0,0,,.000,0,0,,1,0,1,0,0,0,0,1,0,-1.8,Maddie Vizza,https://www.sports-reference.com/cbb/players/maddie-vizza-1.html,northeastern,2020-21
13,13,13,2021-02-07,Northeastern,@,Delaware,REG (Conf),L 59-65,*,26,2,4,.500,1,3,.333,1,1,1.000,.625,0,0,,0,1,1,0,1,0,1,1,5,2.9,Maddie Vizza,https://www.sports-reference.com/cbb/players/maddie-vizza-1.html,northeastern,2020-21
14,14,14,2021-02-13,Northeastern,,Towson,REG (Conf),L 69-90,*,16,1,5,.200,1,5,.200,0,0,,.300,0,0,,0,0,0,1,0,0,0,1,3,0.2,Maddie Vizza,https://www.sports-reference.com/cbb/players/maddie-vizza-1.html,northeastern,2020-21
15,15,15,2021-02-14,Northeastern,,Towson,REG (Conf),W 72-62,*,40,8,13,.615,7,10,.700,1,3,.333,.885,0,0,,0,2,2,2,1,0,3,4,23,15.5,Maddie Vizza,https://www.sports-reference.com/cbb/players/maddie-vizza-1.html,northeastern,2020-21
16,16,16,2021-02-20,Northeastern,@,UNC Wilmington,REG (Conf),W 63-52,*,37,5,9,.556,5,9,.556,0,0,,.833,1,2,.500,0,2,2,1,1,1,1,0,16,13.3,Maddie Vizza,https://www.sports-reference.com/cbb/players/maddie-vizza-1.html,northeastern,2020-21
17,17,17,2021-02-21,Northeastern,@,UNC Wilmington,REG (Conf),W 78-58,*,37,4,10,.400,4,9,.444,0,1,.000,.600,0,0,,1,1,2,3,1,0,1,0,12,9.7,Maddie Vizza,https://www.sports-reference.com/cbb/players/maddie-vizza-1.html,northeastern,2020-21
18,18,18,2021-02-28,Northeastern,,Hofstra,REG (Conf),W 68-39,*,35,7,10,.700,6,8,.750,1,2,.500,1.000,1,2,.500,1,0,1,4,0,0,1,2,21,18.1,Maddie Vizza,https://www.sports-reference.com/cbb/players/maddie-vizza-1.html,northeastern,2020-21
19,19,19,2021-03-02,Northeastern,@,Hofstra,REG (Conf),L 60-63,*,27,3,8,.375,3,7,.429,0,1,.000,.563,0,0,,0,2,2,2,1,0,1,2,9,5.8,Maddie Vizza,https://www.sports-reference.com/cbb/players/maddie-vizza-1.html,northeastern,2020-21
20,20,20,2021-03-11,Northeastern,@,James Madison,CTOURN,L 65-81,*,25,1,4,.250,1,3,.333,0,1,.000,.375,1,2,.500,0,0,0,0,0,0,1,0,4,0.2,Maddie Vizza,https://www.sports-reference.com/cbb/players/maddie-vizza-1.html,northeastern,2020-21
