ranker,player_game_num_career,team_game_num_season,date,team_name_abbr,game_location,opp_name_abbr,game_type,game_result,is_starter,mp,fg,fga,fg_pct,fg3,fg3a,fg3_pct,fg2,fg2a,fg2_pct,efg_pct,ft,fta,ft_pct,orb,drb,trb,ast,stl,blk,tov,pf,pts,game_score,player_name,player_sr_link,school,season
1,26,1,2020-12-16,Northeastern,@,UMass Lowell,REG (Non-Conf),L 59-69,*,30,3,10,.300,0,1,.000,3,9,.333,.300,2,2,1.000,3,3,6,1,0,0,1,3,8,3.7,Mide Oriyomi,https://www.sports-reference.com/cbb/players/mide-oriyomi-1.html,northeastern,2020-21
2,27,2,2020-12-20,Northeastern,,Maine,REG (Non-Conf),L 62-63,*,22,0,3,.000,0,1,.000,0,2,.000,.000,0,0,,1,3,4,1,1,0,5,3,0,-5.0,Mide Oriyomi,https://www.sports-reference.com/cbb/players/mide-oriyomi-1.html,northeastern,2020-21
3,28,3,2021-01-04,Northeastern,,Delaware,REG (Conf),L 59-86,*,35,8,13,.615,1,2,.500,7,11,.636,.654,3,6,.500,6,4,10,0,0,0,4,2,20,13.5,Mide Oriyomi,https://www.sports-reference.com/cbb/players/mide-oriyomi-1.html,northeastern,2020-21
4,29,4,2021-01-05,Northeastern,,Delaware,REG (Conf),L 61-68,*,37,8,13,.615,2,4,.500,6,9,.667,.692,4,4,1.000,1,4,5,2,2,0,3,3,22,17.2,Mide Oriyomi,https://www.sports-reference.com/cbb/players/mide-oriyomi-1.html,northeastern,2020-21
5,30,5,2021-01-07,Northeastern,,Hofstra,REG (Conf),L 57-68,*,30,6,11,.545,0,2,.000,6,9,.667,.545,5,7,.714,3,2,5,0,1,0,2,4,17,11.0,Mide Oriyomi,https://www.sports-reference.com/cbb/players/mide-oriyomi-1.html,northeastern,2020-21
6,31,6,2021-01-09,Northeastern,@,Hofstra,REG (Conf),W 54-53,*,38,4,15,.267,2,4,.500,2,11,.182,.333,6,8,.750,0,5,5,1,2,0,2,5,16,6.5,Mide Oriyomi,https://www.sports-reference.com/cbb/players/mide-oriyomi-1.html,northeastern,2020-21
7,32,7,2021-01-19,Northeastern,@,Manhattan,REG (Non-Conf),W 62-50,*,36,3,16,.188,0,4,.000,3,12,.250,.188,8,8,1.000,7,10,17,1,2,0,3,3,14,10.4,Mide Oriyomi,https://www.sports-reference.com/cbb/players/mide-oriyomi-1.html,northeastern,2020-21
8,33,8,2021-01-25,Northeastern,@,James Madison,REG (Conf),L 49-67,*,35,8,17,.471,2,5,.400,6,12,.500,.529,1,1,1.000,2,7,9,0,0,0,5,2,19,8.0,Mide Oriyomi,https://www.sports-reference.com/cbb/players/mide-oriyomi-1.html,northeastern,2020-21
9,34,9,2021-01-26,Northeastern,@,James Madison,REG (Conf),W 77-69,*,24,2,6,.333,0,1,.000,2,5,.400,.333,4,4,1.000,0,3,3,1,1,0,2,1,8,4.8,Mide Oriyomi,https://www.sports-reference.com/cbb/players/mide-oriyomi-1.html,northeastern,2020-21
10,35,10,2021-01-30,Northeastern,,Drexel,REG (Conf),L 64-79,*,37,4,15,.267,1,5,.200,3,10,.300,.300,1,2,.500,3,2,5,0,0,0,3,0,10,0.4,Mide Oriyomi,https://www.sports-reference.com/cbb/players/mide-oriyomi-1.html,northeastern,2020-21
11,36,11,2021-01-31,Northeastern,,Drexel,REG (Conf),L 56-58,*,39,3,7,.429,2,3,.667,1,4,.250,.571,1,2,.500,1,7,8,1,1,1,4,4,9,4.5,Mide Oriyomi,https://www.sports-reference.com/cbb/players/mide-oriyomi-1.html,northeastern,2020-21
12,37,12,2021-02-06,Northeastern,@,Delaware,REG (Conf),L 47-59,*,19,3,10,.300,0,4,.000,3,6,.500,.300,0,0,,1,1,2,0,1,0,2,2,6,-0.6,Mide Oriyomi,https://www.sports-reference.com/cbb/players/mide-oriyomi-1.html,northeastern,2020-21
13,38,13,2021-02-07,Northeastern,@,Delaware,REG (Conf),L 59-65,*,35,8,14,.571,2,3,.667,6,11,.545,.643,0,0,,2,10,12,0,1,0,2,4,18,13.2,Mide Oriyomi,https://www.sports-reference.com/cbb/players/mide-oriyomi-1.html,northeastern,2020-21
14,39,14,2021-02-13,Northeastern,,Towson,REG (Conf),L 69-90,*,27,0,7,.000,0,4,.000,0,3,.000,.000,0,0,,0,6,6,0,1,0,2,4,0,-5.7,Mide Oriyomi,https://www.sports-reference.com/cbb/players/mide-oriyomi-1.html,northeastern,2020-21
15,40,15,2021-02-14,Northeastern,,Towson,REG (Conf),W 72-62,*,11,1,3,.333,1,2,.500,0,1,.000,.500,0,0,,0,1,1,1,0,0,0,1,3,1.9,Mide Oriyomi,https://www.sports-reference.com/cbb/players/mide-oriyomi-1.html,northeastern,2020-21
16,41,16,2021-02-20,Northeastern,@,UNC Wilmington,REG (Conf),W 63-52,*,28,4,11,.364,2,4,.500,2,7,.286,.455,0,0,,3,8,11,0,2,0,2,3,10,7.2,Mide Oriyomi,https://www.sports-reference.com/cbb/players/mide-oriyomi-1.html,northeastern,2020-21
17,42,17,2021-02-21,Northeastern,@,UNC Wilmington,REG (Conf),W 78-58,*,38,7,15,.467,2,4,.500,5,11,.455,.533,3,3,1.000,4,8,12,2,1,0,1,3,19,16.7,Mide Oriyomi,https://www.sports-reference.com/cbb/players/mide-oriyomi-1.html,northeastern,2020-21
18,43,18,2021-02-28,Northeastern,,Hofstra,REG (Conf),W 68-39,*,30,2,6,.333,2,3,.667,0,3,.000,.500,3,4,.750,2,12,14,0,2,0,4,1,9,7.8,Mide Oriyomi,https://www.sports-reference.com/cbb/players/mide-oriyomi-1.html,northeastern,2020-21
19,44,19,2021-03-02,Northeastern,@,Hofstra,REG (Conf),L 60-63,*,37,3,9,.333,1,3,.333,2,6,.333,.389,0,2,.000,6,7,13,4,3,0,1,3,7,11.0,Mide Oriyomi,https://www.sports-reference.com/cbb/players/mide-oriyomi-1.html,northeastern,2020-21
20,45,20,2021-03-11,Northeastern,@,James Madison,CTOURN,L 65-81,*,30,5,11,.455,1,4,.250,4,7,.571,.500,5,6,.833,1,4,5,0,0,1,1,3,16,10.3,Mide Oriyomi,https://www.sports-reference.com/cbb/players/mide-oriyomi-1.html,northeastern,2020-21
