ranker,player_game_num_career,team_game_num_season,date,team_name_abbr,game_location,opp_name_abbr,game_type,game_result,is_starter,mp,fg,fga,fg_pct,fg3,fg3a,fg3_pct,fg2,fg2a,fg2_pct,efg_pct,ft,fta,ft_pct,orb,drb,trb,ast,stl,blk,tov,pf,pts,game_score,player_name,player_sr_link,school,season
1,26,1,2020-12-16,Northeastern,@,UMass Lowell,REG (Non-Conf),L 59-69,*,30,3,9,.333,0,2,.000,3,7,.429,.333,0,0,,2,3,5,0,3,0,2,5,6,2.2,Mossi Staples,https://www.sports-reference.com/cbb/players/mossi-staples-1.html,northeastern,2020-21
2,27,2,2020-12-20,Northeastern,,Maine,REG (Non-Conf),L 62-63,*,33,1,5,.200,1,3,.333,0,2,.000,.300,5,6,.833,1,1,2,2,1,0,4,3,8,2.7,Mossi Staples,https://www.sports-reference.com/cbb/players/mossi-staples-1.html,northeastern,2020-21
3,28,3,2021-01-04,Northeastern,,Delaware,REG (Conf),L 59-86,*,27,3,10,.300,1,5,.200,2,5,.400,.350,1,2,.500,1,1,2,1,3,1,1,3,8,5.0,Mossi Staples,https://www.sports-reference.com/cbb/players/mossi-staples-1.html,northeastern,2020-21
4,29,4,2021-01-05,Northeastern,,Delaware,REG (Conf),L 61-68,*,10,1,2,.500,1,2,.500,0,0,,.750,0,0,,0,0,0,1,1,0,2,0,3,1.7,Mossi Staples,https://www.sports-reference.com/cbb/players/mossi-staples-1.html,northeastern,2020-21
5,30,5,2021-01-07,Northeastern,,Hofstra,REG (Conf),L 57-68,*,18,2,5,.400,1,2,.500,1,3,.333,.500,0,0,,0,2,2,1,2,0,4,0,5,1.6,Mossi Staples,https://www.sports-reference.com/cbb/players/mossi-staples-1.html,northeastern,2020-21
6,31,6,2021-01-09,Northeastern,@,Hofstra,REG (Conf),W 54-53,,26,4,8,.500,2,4,.500,2,4,.500,.625,3,3,1.000,0,1,1,2,1,1,2,4,13,8.8,Mossi Staples,https://www.sports-reference.com/cbb/players/mossi-staples-1.html,northeastern,2020-21
7,32,7,2021-01-19,Northeastern,@,Manhattan,REG (Non-Conf),W 62-50,,23,3,7,.429,0,2,.000,3,5,.600,.429,0,1,.000,0,5,5,1,1,0,1,2,6,3.3,Mossi Staples,https://www.sports-reference.com/cbb/players/mossi-staples-1.html,northeastern,2020-21
8,33,8,2021-01-25,Northeastern,@,James Madison,REG (Conf),L 49-67,,35,6,9,.667,0,1,.000,6,8,.750,.667,2,2,1.000,0,2,2,0,4,0,1,2,14,12.9,Mossi Staples,https://www.sports-reference.com/cbb/players/mossi-staples-1.html,northeastern,2020-21
9,34,9,2021-01-26,Northeastern,@,James Madison,REG (Conf),W 77-69,*,37,3,6,.500,1,1,1.000,2,5,.400,.583,5,5,1.000,0,3,3,2,1,0,3,1,12,8.9,Mossi Staples,https://www.sports-reference.com/cbb/players/mossi-staples-1.html,northeastern,2020-21
10,35,10,2021-01-30,Northeastern,,Drexel,REG (Conf),L 64-79,*,24,1,4,.250,0,0,,1,4,.250,.250,0,0,,0,1,1,2,0,0,5,4,2,-5.3,Mossi Staples,https://www.sports-reference.com/cbb/players/mossi-staples-1.html,northeastern,2020-21
11,36,12,2021-02-06,Northeastern,@,Delaware,REG (Conf),L 47-59,,27,2,5,.400,2,2,1.000,0,3,.000,.600,4,6,.667,0,1,1,2,2,0,7,2,10,2.4,Mossi Staples,https://www.sports-reference.com/cbb/players/mossi-staples-1.html,northeastern,2020-21
12,37,13,2021-02-07,Northeastern,@,Delaware,REG (Conf),L 59-65,,26,2,4,.500,0,1,.000,2,3,.667,.500,3,5,.600,0,1,1,1,1,0,1,4,7,3.6,Mossi Staples,https://www.sports-reference.com/cbb/players/mossi-staples-1.html,northeastern,2020-21
13,38,14,2021-02-13,Northeastern,,Towson,REG (Conf),L 69-90,,16,0,4,.000,0,2,.000,0,2,.000,.000,2,2,1.000,0,0,0,1,0,0,3,1,2,-3.5,Mossi Staples,https://www.sports-reference.com/cbb/players/mossi-staples-1.html,northeastern,2020-21
14,39,16,2021-02-20,Northeastern,@,UNC Wilmington,REG (Conf),W 63-52,,20,2,5,.400,1,2,.500,1,3,.333,.500,8,8,1.000,1,3,4,3,1,0,1,2,13,13.2,Mossi Staples,https://www.sports-reference.com/cbb/players/mossi-staples-1.html,northeastern,2020-21
15,40,17,2021-02-21,Northeastern,@,UNC Wilmington,REG (Conf),W 78-58,,11,1,3,.333,0,1,.000,1,2,.500,.333,0,0,,1,0,1,0,1,0,2,0,2,0.0,Mossi Staples,https://www.sports-reference.com/cbb/players/mossi-staples-1.html,northeastern,2020-21
16,41,18,2021-02-28,Northeastern,,Hofstra,REG (Conf),W 68-39,,15,1,4,.250,0,1,.000,1,3,.333,.250,0,0,,0,0,0,0,1,0,0,2,2,-0.2,Mossi Staples,https://www.sports-reference.com/cbb/players/mossi-staples-1.html,northeastern,2020-21
17,42,19,2021-03-02,Northeastern,@,Hofstra,REG (Conf),L 60-63,,13,1,2,.500,0,1,.000,1,1,1.000,.500,3,4,.750,0,0,0,2,1,0,1,2,5,4.2,Mossi Staples,https://www.sports-reference.com/cbb/players/mossi-staples-1.html,northeastern,2020-21
18,43,20,2021-03-11,Northeastern,@,James Madison,CTOURN,L 65-81,,15,1,3,.333,0,1,.000,1,2,.500,.333,0,0,,0,0,0,1,1,0,1,1,2,0.6,Mossi Staples,https://www.sports-reference.com/cbb/players/mossi-staples-1.html,northeastern,2020-21
