ranker,player_game_num_career,team_game_num_season,date,team_name_abbr,game_location,opp_name_abbr,game_type,game_result,is_starter,mp,fg,fga,fg_pct,fg3,fg3a,fg3_pct,fg2,fg2a,fg2_pct,efg_pct,ft,fta,ft_pct,orb,drb,trb,ast,stl,blk,tov,pf,pts,game_score,player_name,player_sr_link,school,season
1,86,1,2020-12-16,Northeastern,@,UMass Lowell,REG (Non-Conf),L 59-69,*,32,3,5,.600,0,2,.000,3,3,1.000,.600,1,1,1.000,1,3,4,2,4,0,3,3,7,7.5,Stella Clark,https://www.sports-reference.com/cbb/players/stella-clark-1.html,northeastern,2020-21
2,87,2,2020-12-20,Northeastern,,Maine,REG (Non-Conf),L 62-63,*,40,6,15,.400,5,8,.625,1,7,.143,.567,4,4,1.000,2,6,8,4,1,0,1,3,21,17.7,Stella Clark,https://www.sports-reference.com/cbb/players/stella-clark-1.html,northeastern,2020-21
3,88,3,2021-01-04,Northeastern,,Delaware,REG (Conf),L 59-86,*,38,5,14,.357,0,2,.000,5,12,.417,.357,3,4,.750,2,3,5,9,4,0,4,4,13,11.8,Stella Clark,https://www.sports-reference.com/cbb/players/stella-clark-1.html,northeastern,2020-21
4,89,4,2021-01-05,Northeastern,,Delaware,REG (Conf),L 61-68,*,38,3,13,.231,0,7,.000,3,6,.500,.231,0,0,,3,3,6,6,0,0,5,3,6,-0.9,Stella Clark,https://www.sports-reference.com/cbb/players/stella-clark-1.html,northeastern,2020-21
5,90,5,2021-01-07,Northeastern,,Hofstra,REG (Conf),L 57-68,*,39,3,17,.176,2,12,.167,1,5,.200,.235,4,4,1.000,3,2,5,5,0,0,2,5,12,3.5,Stella Clark,https://www.sports-reference.com/cbb/players/stella-clark-1.html,northeastern,2020-21
6,91,6,2021-01-09,Northeastern,@,Hofstra,REG (Conf),W 54-53,*,40,5,17,.294,2,10,.200,3,7,.429,.353,0,0,,3,2,5,3,1,0,5,2,12,2.1,Stella Clark,https://www.sports-reference.com/cbb/players/stella-clark-1.html,northeastern,2020-21
7,92,7,2021-01-19,Northeastern,@,Manhattan,REG (Non-Conf),W 62-50,*,40,5,9,.556,2,5,.400,3,4,.750,.667,5,6,.833,3,5,8,6,1,1,2,3,17,18.6,Stella Clark,https://www.sports-reference.com/cbb/players/stella-clark-1.html,northeastern,2020-21
8,93,8,2021-01-25,Northeastern,@,James Madison,REG (Conf),L 49-67,*,34,2,13,.154,1,5,.200,1,8,.125,.192,0,0,,0,4,4,2,0,0,6,3,5,-7.9,Stella Clark,https://www.sports-reference.com/cbb/players/stella-clark-1.html,northeastern,2020-21
9,94,9,2021-01-26,Northeastern,@,James Madison,REG (Conf),W 77-69,*,37,9,19,.474,5,12,.417,4,7,.571,.605,5,6,.833,1,4,5,4,0,0,4,1,28,18.2,Stella Clark,https://www.sports-reference.com/cbb/players/stella-clark-1.html,northeastern,2020-21
10,95,10,2021-01-30,Northeastern,,Drexel,REG (Conf),L 64-79,*,31,3,8,.375,1,4,.250,2,4,.500,.438,2,2,1.000,2,4,6,4,1,0,2,4,9,7.4,Stella Clark,https://www.sports-reference.com/cbb/players/stella-clark-1.html,northeastern,2020-21
11,96,11,2021-01-31,Northeastern,,Drexel,REG (Conf),L 56-58,*,40,7,13,.538,1,5,.200,6,8,.750,.577,0,0,,2,6,8,7,0,0,8,3,15,7.6,Stella Clark,https://www.sports-reference.com/cbb/players/stella-clark-1.html,northeastern,2020-21
12,97,12,2021-02-06,Northeastern,@,Delaware,REG (Conf),L 47-59,*,37,4,11,.364,1,5,.200,3,6,.500,.409,1,2,.500,0,7,7,3,2,0,5,4,10,3.1,Stella Clark,https://www.sports-reference.com/cbb/players/stella-clark-1.html,northeastern,2020-21
13,98,13,2021-02-07,Northeastern,@,Delaware,REG (Conf),L 59-65,*,39,6,17,.353,3,9,.333,3,8,.375,.441,0,0,,1,0,1,7,2,0,7,4,15,4.5,Stella Clark,https://www.sports-reference.com/cbb/players/stella-clark-1.html,northeastern,2020-21
14,99,14,2021-02-13,Northeastern,,Towson,REG (Conf),L 69-90,*,40,5,14,.357,4,12,.333,1,2,.500,.500,0,0,,1,5,6,7,1,0,8,4,14,4.7,Stella Clark,https://www.sports-reference.com/cbb/players/stella-clark-1.html,northeastern,2020-21
15,100,15,2021-02-14,Northeastern,,Towson,REG (Conf),W 72-62,*,40,8,15,.533,3,8,.375,5,7,.714,.633,8,10,.800,0,6,6,7,0,0,5,1,27,20.2,Stella Clark,https://www.sports-reference.com/cbb/players/stella-clark-1.html,northeastern,2020-21
16,101,16,2021-02-20,Northeastern,@,UNC Wilmington,REG (Conf),W 63-52,*,37,6,17,.353,2,10,.200,4,7,.571,.412,0,0,,1,2,3,6,0,0,3,2,14,6.2,Stella Clark,https://www.sports-reference.com/cbb/players/stella-clark-1.html,northeastern,2020-21
17,102,17,2021-02-21,Northeastern,@,UNC Wilmington,REG (Conf),W 78-58,*,40,9,14,.643,5,7,.714,4,7,.571,.821,5,7,.714,2,2,4,9,4,0,4,4,28,27.7,Stella Clark,https://www.sports-reference.com/cbb/players/stella-clark-1.html,northeastern,2020-21
18,103,18,2021-02-28,Northeastern,,Hofstra,REG (Conf),W 68-39,*,32,4,8,.500,3,5,.600,1,3,.333,.688,0,0,,0,4,4,5,5,0,8,2,11,7.9,Stella Clark,https://www.sports-reference.com/cbb/players/stella-clark-1.html,northeastern,2020-21
19,104,19,2021-03-02,Northeastern,@,Hofstra,REG (Conf),L 60-63,*,38,3,15,.200,1,9,.111,2,6,.333,.233,0,0,,0,5,5,5,4,0,6,4,7,-0.9,Stella Clark,https://www.sports-reference.com/cbb/players/stella-clark-1.html,northeastern,2020-21
20,105,20,2021-03-11,Northeastern,@,James Madison,CTOURN,L 65-81,*,40,2,9,.222,1,7,.143,1,2,.500,.278,4,4,1.000,0,4,4,8,1,0,1,3,9,9.1,Stella Clark,https://www.sports-reference.com/cbb/players/stella-clark-1.html,northeastern,2020-21
