ranker,player_game_num_career,team_game_num_season,date,team_name_abbr,game_location,opp_name_abbr,game_type,game_result,is_starter,mp,fg,fga,fg_pct,fg3,fg3a,fg3_pct,fg2,fg2a,fg2_pct,efg_pct,ft,fta,ft_pct,orb,drb,trb,ast,stl,blk,tov,pf,pts,game_score,player_name,player_sr_link,school,season
1,67,1,2020-12-03,William & Mary,@,Old Dominion,REG (Non-Conf),L 47-70,*,23,2,3,.667,0,0,,2,3,.667,.667,0,2,.000,3,11,14,3,1,2,1,4,4,9.2,Bailey Eichner,https://www.sports-reference.com/cbb/players/bailey-eichner-1.html,william-mary,2020-21
2,68,2,2020-12-06,William & Mary,,Richmond,REG (Non-Conf),L 55-72,*,26,0,5,.000,0,0,,0,5,.000,.000,0,0,,1,2,3,2,1,1,2,2,0,-1.9,Bailey Eichner,https://www.sports-reference.com/cbb/players/bailey-eichner-1.html,william-mary,2020-21
3,69,3,2020-12-13,William & Mary,,Navy,REG (Non-Conf),W 60-51,*,27,2,4,.500,0,0,,2,4,.500,.500,0,2,.000,0,8,8,2,1,0,0,3,4,4.8,Bailey Eichner,https://www.sports-reference.com/cbb/players/bailey-eichner-1.html,william-mary,2020-21
4,70,4,2020-12-16,William & Mary,@,George Mason,REG (Non-Conf),W 48-43,*,33,0,1,.000,0,0,,0,1,.000,.000,1,2,.500,2,8,10,2,0,1,2,4,1,2.2,Bailey Eichner,https://www.sports-reference.com/cbb/players/bailey-eichner-1.html,william-mary,2020-21
5,71,5,2020-12-20,William & Mary,@,Norfolk State,REG (Non-Conf),W 55-44,*,20,1,3,.333,0,0,,1,3,.333,.333,0,0,,4,1,5,2,2,0,0,4,2,5.2,Bailey Eichner,https://www.sports-reference.com/cbb/players/bailey-eichner-1.html,william-mary,2020-21
6,72,6,2021-01-02,William & Mary,,Hofstra,REG (Conf),W 63-56,*,26,1,1,1.000,0,0,,1,1,1.000,1.000,0,0,,1,7,8,3,0,1,0,4,2,5.7,Bailey Eichner,https://www.sports-reference.com/cbb/players/bailey-eichner-1.html,william-mary,2020-21
7,73,7,2021-01-03,William & Mary,,Hofstra,REG (Conf),L 68-75,*,29,4,7,.571,0,1,.000,4,6,.667,.571,0,0,,4,7,11,1,1,2,0,4,8,11.1,Bailey Eichner,https://www.sports-reference.com/cbb/players/bailey-eichner-1.html,william-mary,2020-21
8,74,8,2021-01-09,William & Mary,@,Delaware,REG (Conf),L 55-79,*,13,0,1,.000,0,0,,0,1,.000,.000,3,4,.750,1,2,3,0,0,0,2,5,3,-0.8,Bailey Eichner,https://www.sports-reference.com/cbb/players/bailey-eichner-1.html,william-mary,2020-21
9,75,9,2021-01-10,William & Mary,@,Delaware,REG (Conf),L 64-77,*,23,3,5,.600,0,0,,3,5,.600,.600,6,7,.857,1,4,5,2,0,0,5,4,12,6.0,Bailey Eichner,https://www.sports-reference.com/cbb/players/bailey-eichner-1.html,william-mary,2020-21
10,76,10,2021-01-16,William & Mary,,Drexel,REG (Conf),L 58-64,*,25,3,4,.750,0,0,,3,4,.750,.750,0,2,.000,3,4,7,1,1,2,2,5,6,6.0,Bailey Eichner,https://www.sports-reference.com/cbb/players/bailey-eichner-1.html,william-mary,2020-21
11,77,11,2021-01-17,William & Mary,,Drexel,REG (Conf),W 69-53,*,33,4,8,.500,0,1,.000,4,7,.571,.500,5,7,.714,1,12,13,8,0,3,0,2,13,19.4,Bailey Eichner,https://www.sports-reference.com/cbb/players/bailey-eichner-1.html,william-mary,2020-21
12,78,12,2021-01-23,William & Mary,@,College of Charleston,REG (Conf),W 57-44,*,27,2,6,.333,0,0,,2,6,.333,.333,0,0,,1,8,9,4,1,2,2,3,4,5.7,Bailey Eichner,https://www.sports-reference.com/cbb/players/bailey-eichner-1.html,william-mary,2020-21
13,79,13,2021-01-24,William & Mary,@,College of Charleston,REG (Conf),L 66-69,*,33,5,11,.455,0,0,,5,11,.455,.455,3,5,.600,3,7,10,4,3,1,3,4,13,12.6,Bailey Eichner,https://www.sports-reference.com/cbb/players/bailey-eichner-1.html,william-mary,2020-21
