ranker,player_game_num_career,team_game_num_season,date,team_name_abbr,game_location,opp_name_abbr,game_type,game_result,is_starter,mp,fg,fga,fg_pct,fg3,fg3a,fg3_pct,fg2,fg2a,fg2_pct,efg_pct,ft,fta,ft_pct,orb,drb,trb,ast,stl,blk,tov,pf,pts,game_score,player_name,player_sr_link,school,season
1,30,1,2020-12-03,William & Mary,@,Old Dominion,REG (Non-Conf),L 47-70,*,16,2,6,.333,1,1,1.000,1,5,.200,.417,0,0,,0,0,0,2,0,0,1,5,5,0.0,Bre Bellamy,https://www.sports-reference.com/cbb/players/bre-bellamy-1.html,william-mary,2020-21
2,31,2,2020-12-06,William & Mary,,Richmond,REG (Non-Conf),L 55-72,*,31,3,9,.333,1,2,.500,2,7,.286,.389,0,0,,1,0,1,3,0,0,2,4,7,1.1,Bre Bellamy,https://www.sports-reference.com/cbb/players/bre-bellamy-1.html,william-mary,2020-21
3,32,3,2020-12-13,William & Mary,,Navy,REG (Non-Conf),W 60-51,*,25,2,8,.250,2,4,.500,0,4,.000,.375,0,0,,0,2,2,4,2,1,3,4,6,2.7,Bre Bellamy,https://www.sports-reference.com/cbb/players/bre-bellamy-1.html,william-mary,2020-21
4,33,4,2020-12-16,William & Mary,@,George Mason,REG (Non-Conf),W 48-43,*,34,1,6,.167,0,2,.000,1,4,.250,.167,2,2,1.000,0,2,2,0,2,0,3,3,4,-1.4,Bre Bellamy,https://www.sports-reference.com/cbb/players/bre-bellamy-1.html,william-mary,2020-21
5,34,5,2020-12-20,William & Mary,@,Norfolk State,REG (Non-Conf),W 55-44,*,36,3,7,.429,0,3,.000,3,4,.750,.429,0,0,,1,3,4,1,0,1,4,4,6,-0.3,Bre Bellamy,https://www.sports-reference.com/cbb/players/bre-bellamy-1.html,william-mary,2020-21
6,35,6,2021-01-02,William & Mary,,Hofstra,REG (Conf),W 63-56,,34,3,8,.375,0,4,.000,3,4,.750,.375,0,0,,1,5,6,1,0,0,1,1,6,3.1,Bre Bellamy,https://www.sports-reference.com/cbb/players/bre-bellamy-1.html,william-mary,2020-21
7,36,7,2021-01-03,William & Mary,,Hofstra,REG (Conf),L 68-75,,16,1,3,.333,0,2,.000,1,1,1.000,.333,2,4,.500,1,4,5,1,0,1,4,5,4,-1.2,Bre Bellamy,https://www.sports-reference.com/cbb/players/bre-bellamy-1.html,william-mary,2020-21
8,37,8,2021-01-09,William & Mary,@,Delaware,REG (Conf),L 55-79,,28,2,4,.500,0,1,.000,2,3,.667,.500,1,4,.250,1,5,6,1,1,1,1,2,5,4.6,Bre Bellamy,https://www.sports-reference.com/cbb/players/bre-bellamy-1.html,william-mary,2020-21
9,38,9,2021-01-10,William & Mary,@,Delaware,REG (Conf),L 64-77,,17,1,2,.500,0,0,,1,2,.500,.500,3,5,.600,1,3,4,1,0,1,3,5,5,1.2,Bre Bellamy,https://www.sports-reference.com/cbb/players/bre-bellamy-1.html,william-mary,2020-21
10,39,10,2021-01-16,William & Mary,,Drexel,REG (Conf),L 58-64,,29,3,5,.600,0,2,.000,3,3,1.000,.600,0,0,,1,4,5,3,0,0,4,3,6,2.5,Bre Bellamy,https://www.sports-reference.com/cbb/players/bre-bellamy-1.html,william-mary,2020-21
11,40,11,2021-01-17,William & Mary,,Drexel,REG (Conf),W 69-53,,29,8,14,.571,3,6,.500,5,8,.625,.679,0,0,,1,5,6,3,1,1,2,0,19,16.4,Bre Bellamy,https://www.sports-reference.com/cbb/players/bre-bellamy-1.html,william-mary,2020-21
12,41,12,2021-01-23,William & Mary,@,College of Charleston,REG (Conf),W 57-44,,28,3,9,.333,1,4,.250,2,5,.400,.389,0,0,,1,9,10,1,1,1,3,3,7,3.5,Bre Bellamy,https://www.sports-reference.com/cbb/players/bre-bellamy-1.html,william-mary,2020-21
13,42,13,2021-01-24,William & Mary,@,College of Charleston,REG (Conf),L 66-69,,34,3,9,.333,0,1,.000,3,8,.375,.333,0,0,,3,1,4,4,2,1,2,2,6,6.0,Bre Bellamy,https://www.sports-reference.com/cbb/players/bre-bellamy-1.html,william-mary,2020-21
