ranker,player_game_num_career,team_game_num_season,date,team_name_abbr,game_location,opp_name_abbr,game_type,game_result,is_starter,mp,fg,fga,fg_pct,fg3,fg3a,fg3_pct,fg2,fg2a,fg2_pct,efg_pct,ft,fta,ft_pct,orb,drb,trb,ast,stl,blk,tov,pf,pts,game_score,player_name,player_sr_link,school,season
1,26,1,2020-12-03,William & Mary,@,Old Dominion,REG (Non-Conf),L 47-70,,27,0,6,.000,0,2,.000,0,4,.000,.000,2,2,1.000,1,1,2,0,0,0,4,2,2,-6.0,Chaniqwa Gilliam,https://www.sports-reference.com/cbb/players/chaniqwa-gilliam-1.html,william-mary,2020-21
2,27,2,2020-12-06,William & Mary,,Richmond,REG (Non-Conf),L 55-72,,18,1,5,.200,0,3,.000,1,2,.500,.200,3,4,.750,0,3,3,2,0,0,2,2,5,1.0,Chaniqwa Gilliam,https://www.sports-reference.com/cbb/players/chaniqwa-gilliam-1.html,william-mary,2020-21
3,28,3,2020-12-13,William & Mary,,Navy,REG (Non-Conf),W 60-51,,24,0,5,.000,0,4,.000,0,1,.000,.000,3,4,.750,0,0,0,2,2,0,3,0,3,-0.5,Chaniqwa Gilliam,https://www.sports-reference.com/cbb/players/chaniqwa-gilliam-1.html,william-mary,2020-21
4,29,4,2020-12-16,William & Mary,@,George Mason,REG (Non-Conf),W 48-43,,16,2,4,.500,0,1,.000,2,3,.667,.500,3,4,.750,0,0,0,1,2,0,3,0,7,4.3,Chaniqwa Gilliam,https://www.sports-reference.com/cbb/players/chaniqwa-gilliam-1.html,william-mary,2020-21
5,30,5,2020-12-20,William & Mary,@,Norfolk State,REG (Non-Conf),W 55-44,,27,2,5,.400,0,2,.000,2,3,.667,.400,1,2,.500,0,5,5,1,0,0,5,1,5,-1.3,Chaniqwa Gilliam,https://www.sports-reference.com/cbb/players/chaniqwa-gilliam-1.html,william-mary,2020-21
6,31,6,2021-01-02,William & Mary,,Hofstra,REG (Conf),W 63-56,*,21,1,2,.500,1,1,1.000,0,1,.000,.750,1,2,.500,0,1,1,0,1,0,4,1,4,-0.5,Chaniqwa Gilliam,https://www.sports-reference.com/cbb/players/chaniqwa-gilliam-1.html,william-mary,2020-21
7,32,7,2021-01-03,William & Mary,,Hofstra,REG (Conf),L 68-75,*,31,2,7,.286,1,3,.333,1,4,.250,.357,0,0,,0,2,2,2,0,1,0,3,5,2.4,Chaniqwa Gilliam,https://www.sports-reference.com/cbb/players/chaniqwa-gilliam-1.html,william-mary,2020-21
8,33,8,2021-01-09,William & Mary,@,Delaware,REG (Conf),L 55-79,*,31,5,9,.556,2,2,1.000,3,7,.429,.667,0,0,,0,1,1,1,0,0,1,1,12,7.3,Chaniqwa Gilliam,https://www.sports-reference.com/cbb/players/chaniqwa-gilliam-1.html,william-mary,2020-21
9,34,9,2021-01-10,William & Mary,@,Delaware,REG (Conf),L 64-77,*,23,0,6,.000,0,2,.000,0,4,.000,.000,2,2,1.000,0,0,0,1,0,0,0,0,2,-1.5,Chaniqwa Gilliam,https://www.sports-reference.com/cbb/players/chaniqwa-gilliam-1.html,william-mary,2020-21
10,35,10,2021-01-16,William & Mary,,Drexel,REG (Conf),L 58-64,*,31,5,10,.500,0,2,.000,5,8,.625,.500,0,0,,1,0,1,3,1,0,3,2,10,5.0,Chaniqwa Gilliam,https://www.sports-reference.com/cbb/players/chaniqwa-gilliam-1.html,william-mary,2020-21
11,36,11,2021-01-17,William & Mary,,Drexel,REG (Conf),W 69-53,*,36,3,8,.375,2,4,.500,1,4,.250,.500,1,2,.500,0,6,6,4,0,0,3,2,9,5.0,Chaniqwa Gilliam,https://www.sports-reference.com/cbb/players/chaniqwa-gilliam-1.html,william-mary,2020-21
12,37,12,2021-01-23,William & Mary,@,College of Charleston,REG (Conf),W 57-44,*,37,3,7,.429,1,4,.250,2,3,.667,.500,2,2,1.000,0,2,2,3,1,0,3,1,9,5.6,Chaniqwa Gilliam,https://www.sports-reference.com/cbb/players/chaniqwa-gilliam-1.html,william-mary,2020-21
13,38,13,2021-01-24,William & Mary,@,College of Charleston,REG (Conf),L 66-69,*,29,1,5,.200,1,4,.250,0,1,.000,.300,0,0,,0,1,1,2,0,0,4,4,3,-4.0,Chaniqwa Gilliam,https://www.sports-reference.com/cbb/players/chaniqwa-gilliam-1.html,william-mary,2020-21
