ranker,player_game_num_career,team_game_num_season,date,team_name_abbr,game_location,opp_name_abbr,game_type,game_result,is_starter,mp,fg,fga,fg_pct,fg3,fg3a,fg3_pct,fg2,fg2a,fg2_pct,efg_pct,ft,fta,ft_pct,orb,drb,trb,ast,stl,blk,tov,pf,pts,game_score,player_name,player_sr_link,school,season
1,48,1,2020-12-03,William & Mary,@,Old Dominion,REG (Non-Conf),L 47-70,,12,2,5,.400,1,3,.333,1,2,.500,.500,1,2,.500,3,0,3,0,0,0,1,4,6,2.4,Emma Krause,https://www.sports-reference.com/cbb/players/emma-krause-1.html,william-mary,2020-21
2,49,2,2020-12-06,William & Mary,,Richmond,REG (Non-Conf),L 55-72,,18,1,4,.250,1,3,.333,0,1,.000,.375,0,0,,0,2,2,0,0,2,1,2,3,0.8,Emma Krause,https://www.sports-reference.com/cbb/players/emma-krause-1.html,william-mary,2020-21
3,50,3,2020-12-13,William & Mary,,Navy,REG (Non-Conf),W 60-51,,16,2,5,.400,1,3,.333,1,2,.500,.500,2,2,1.000,0,0,0,0,0,0,1,1,7,2.9,Emma Krause,https://www.sports-reference.com/cbb/players/emma-krause-1.html,william-mary,2020-21
4,51,4,2020-12-16,William & Mary,@,George Mason,REG (Non-Conf),W 48-43,,4,0,0,,0,0,,0,0,,,0,0,,0,0,0,1,0,0,1,1,0,-0.7,Emma Krause,https://www.sports-reference.com/cbb/players/emma-krause-1.html,william-mary,2020-21
5,52,5,2020-12-20,William & Mary,@,Norfolk State,REG (Non-Conf),W 55-44,,14,0,2,.000,0,2,.000,0,0,,.000,1,2,.500,0,3,3,0,0,0,2,1,1,-2.3,Emma Krause,https://www.sports-reference.com/cbb/players/emma-krause-1.html,william-mary,2020-21
6,53,6,2021-01-02,William & Mary,,Hofstra,REG (Conf),W 63-56,,18,3,7,.429,2,6,.333,1,1,1.000,.571,0,2,.000,1,1,2,0,0,1,0,0,8,5.2,Emma Krause,https://www.sports-reference.com/cbb/players/emma-krause-1.html,william-mary,2020-21
7,54,7,2021-01-03,William & Mary,,Hofstra,REG (Conf),L 68-75,,16,3,3,1.000,2,2,1.000,1,1,1.000,1.333,0,2,.000,1,2,3,0,0,0,2,4,8,4.0,Emma Krause,https://www.sports-reference.com/cbb/players/emma-krause-1.html,william-mary,2020-21
8,55,8,2021-01-09,William & Mary,@,Delaware,REG (Conf),L 55-79,,12,0,2,.000,0,2,.000,0,0,,.000,0,0,,2,1,3,0,0,0,1,1,0,-1.1,Emma Krause,https://www.sports-reference.com/cbb/players/emma-krause-1.html,william-mary,2020-21
9,56,9,2021-01-10,William & Mary,@,Delaware,REG (Conf),L 64-77,,14,1,3,.333,0,1,.000,1,2,.500,.333,0,0,,0,2,2,0,0,0,1,5,2,-2.1,Emma Krause,https://www.sports-reference.com/cbb/players/emma-krause-1.html,william-mary,2020-21
10,57,10,2021-01-16,William & Mary,,Drexel,REG (Conf),L 58-64,*,23,3,4,.750,1,2,.500,2,2,1.000,.875,4,4,1.000,1,4,5,0,1,0,2,2,11,9.5,Emma Krause,https://www.sports-reference.com/cbb/players/emma-krause-1.html,william-mary,2020-21
11,58,11,2021-01-17,William & Mary,,Drexel,REG (Conf),W 69-53,*,11,1,3,.333,0,1,.000,1,2,.500,.333,0,0,,2,1,3,0,0,0,0,2,2,1.2,Emma Krause,https://www.sports-reference.com/cbb/players/emma-krause-1.html,william-mary,2020-21
12,59,12,2021-01-23,William & Mary,@,College of Charleston,REG (Conf),W 57-44,*,6,1,2,.500,0,1,.000,1,1,1.000,.500,0,0,,1,1,2,0,0,0,1,2,2,0.2,Emma Krause,https://www.sports-reference.com/cbb/players/emma-krause-1.html,william-mary,2020-21
13,60,13,2021-01-24,William & Mary,@,College of Charleston,REG (Conf),L 66-69,*,9,1,2,.500,1,2,.500,0,0,,.750,2,2,1.000,0,2,2,0,0,0,0,2,5,3.8,Emma Krause,https://www.sports-reference.com/cbb/players/emma-krause-1.html,william-mary,2020-21
