ranker,player_game_num_career,team_game_num_season,date,team_name_abbr,game_location,opp_name_abbr,game_type,game_result,is_starter,mp,fg,fga,fg_pct,fg3,fg3a,fg3_pct,fg2,fg2a,fg2_pct,efg_pct,ft,fta,ft_pct,orb,drb,trb,ast,stl,blk,tov,pf,pts,game_score,player_name,player_sr_link,school,season
1,89,1,2020-12-03,William & Mary,@,Old Dominion,REG (Non-Conf),L 47-70,*,25,3,11,.273,0,1,.000,3,10,.300,.273,3,3,1.000,1,3,4,1,0,0,0,2,9,4.0,Gabby Rogers,https://www.sports-reference.com/cbb/players/gabby-rogers-1.html,william-mary,2020-21
2,90,2,2020-12-06,William & Mary,,Richmond,REG (Non-Conf),L 55-72,*,26,4,8,.500,0,0,,4,8,.500,.500,0,0,,0,1,1,0,0,0,0,3,8,3.1,Gabby Rogers,https://www.sports-reference.com/cbb/players/gabby-rogers-1.html,william-mary,2020-21
3,91,3,2020-12-13,William & Mary,,Navy,REG (Non-Conf),W 60-51,*,28,3,6,.500,0,0,,3,6,.500,.500,3,4,.750,2,7,9,0,0,1,0,2,9,9.0,Gabby Rogers,https://www.sports-reference.com/cbb/players/gabby-rogers-1.html,william-mary,2020-21
4,92,4,2020-12-16,William & Mary,@,George Mason,REG (Non-Conf),W 48-43,*,31,3,8,.375,0,0,,3,8,.375,.375,0,0,,0,6,6,0,1,0,0,2,6,3.6,Gabby Rogers,https://www.sports-reference.com/cbb/players/gabby-rogers-1.html,william-mary,2020-21
5,93,5,2020-12-20,William & Mary,@,Norfolk State,REG (Non-Conf),W 55-44,*,17,0,3,.000,0,0,,0,3,.000,.000,0,0,,0,3,3,0,1,0,1,3,0,-2.4,Gabby Rogers,https://www.sports-reference.com/cbb/players/gabby-rogers-1.html,william-mary,2020-21
6,94,6,2021-01-02,William & Mary,,Hofstra,REG (Conf),W 63-56,*,18,1,3,.333,0,0,,1,3,.333,.333,1,2,.500,2,2,4,0,0,0,0,4,3,1.3,Gabby Rogers,https://www.sports-reference.com/cbb/players/gabby-rogers-1.html,william-mary,2020-21
7,95,7,2021-01-03,William & Mary,,Hofstra,REG (Conf),L 68-75,*,23,1,5,.200,0,1,.000,1,4,.250,.200,0,0,,1,0,1,1,2,0,0,3,2,1.1,Gabby Rogers,https://www.sports-reference.com/cbb/players/gabby-rogers-1.html,william-mary,2020-21
8,96,8,2021-01-09,William & Mary,@,Delaware,REG (Conf),L 55-79,*,21,1,4,.250,0,0,,1,4,.250,.250,2,2,1.000,2,5,7,0,2,1,0,0,4,7.2,Gabby Rogers,https://www.sports-reference.com/cbb/players/gabby-rogers-1.html,william-mary,2020-21
9,97,9,2021-01-10,William & Mary,@,Delaware,REG (Conf),L 64-77,*,17,1,6,.167,0,0,,1,6,.167,.167,4,6,.667,2,3,5,2,0,0,0,4,6,3.5,Gabby Rogers,https://www.sports-reference.com/cbb/players/gabby-rogers-1.html,william-mary,2020-21
10,98,10,2021-01-16,William & Mary,,Drexel,REG (Conf),L 58-64,,14,0,4,.000,0,0,,0,4,.000,.000,0,0,,3,3,6,1,0,1,0,1,0,1.2,Gabby Rogers,https://www.sports-reference.com/cbb/players/gabby-rogers-1.html,william-mary,2020-21
11,99,11,2021-01-17,William & Mary,,Drexel,REG (Conf),W 69-53,,16,1,2,.500,0,0,,1,2,.500,.500,0,0,,1,2,3,1,1,2,0,1,2,5.0,Gabby Rogers,https://www.sports-reference.com/cbb/players/gabby-rogers-1.html,william-mary,2020-21
12,100,12,2021-01-23,William & Mary,@,College of Charleston,REG (Conf),W 57-44,,19,2,3,.667,0,0,,2,3,.667,.667,0,0,,0,5,5,1,2,0,1,2,4,5.1,Gabby Rogers,https://www.sports-reference.com/cbb/players/gabby-rogers-1.html,william-mary,2020-21
13,101,13,2021-01-24,William & Mary,@,College of Charleston,REG (Conf),L 66-69,,19,1,2,.500,0,0,,1,2,.500,.500,0,0,,0,4,4,0,0,1,0,3,2,1.7,Gabby Rogers,https://www.sports-reference.com/cbb/players/gabby-rogers-1.html,william-mary,2020-21
