ranker,player_game_num_career,team_game_num_season,date,team_name_abbr,game_location,opp_name_abbr,game_type,game_result,is_starter,mp,fg,fga,fg_pct,fg3,fg3a,fg3_pct,fg2,fg2a,fg2_pct,efg_pct,ft,fta,orb,drb,trb,ast,stl,blk,tov,pf,pts,game_score,player_name,player_sr_link,school,season
1,1,1,2020-12-03,William & Mary,@,Old Dominion,REG (Non-Conf),L 47-70,,11,0,2,.000,0,0,,0,2,.000,.000,0,0,0,1,1,0,0,1,1,0,0,-1.4,Kayla Beckwith,https://www.sports-reference.com/cbb/players/kayla-beckwith-1.html,william-mary,2020-21
2,2,2,2020-12-06,William & Mary,,Richmond,REG (Non-Conf),L 55-72,,5,1,2,.500,0,1,.000,1,1,1.000,.500,0,0,0,1,1,0,0,0,1,0,2,0.3,Kayla Beckwith,https://www.sports-reference.com/cbb/players/kayla-beckwith-1.html,william-mary,2020-21
3,3,7,2021-01-03,William & Mary,,Hofstra,REG (Conf),L 68-75,,0,0,0,,0,0,,0,0,,,0,0,0,1,1,0,0,0,0,0,0,0.3,Kayla Beckwith,https://www.sports-reference.com/cbb/players/kayla-beckwith-1.html,william-mary,2020-21
4,4,8,2021-01-09,William & Mary,@,Delaware,REG (Conf),L 55-79,,4,1,1,1.000,0,0,,1,1,1.000,1.000,0,0,1,0,1,0,0,0,0,0,2,2.4,Kayla Beckwith,https://www.sports-reference.com/cbb/players/kayla-beckwith-1.html,william-mary,2020-21
5,5,9,2021-01-10,William & Mary,@,Delaware,REG (Conf),L 64-77,,3,0,1,.000,0,0,,0,1,.000,.000,0,0,1,0,1,0,0,0,1,2,0,-1.8,Kayla Beckwith,https://www.sports-reference.com/cbb/players/kayla-beckwith-1.html,william-mary,2020-21
