ranker,player_game_num_career,team_game_num_season,date,team_name_abbr,game_location,opp_name_abbr,game_type,game_result,is_starter,mp,fg,fga,fg_pct,fg3,fg3a,fg3_pct,fg2,fg2a,fg2_pct,efg_pct,ft,fta,ft_pct,orb,drb,trb,ast,stl,blk,tov,pf,pts,game_score,player_name,player_sr_link,school,season
1,1,1,2020-12-03,William & Mary,@,Old Dominion,REG (Non-Conf),L 47-70,,12,1,6,.167,1,4,.250,0,2,.000,.250,0,0,,2,0,2,0,0,0,1,2,3,-1.2,Lanni Brown,https://www.sports-reference.com/cbb/players/lanni-brown-1.html,william-mary,2020-21
2,2,4,2020-12-16,William & Mary,@,George Mason,REG (Non-Conf),W 48-43,,7,1,3,.333,1,2,.500,0,1,.000,.500,0,0,,0,0,0,0,0,0,0,1,3,0.9,Lanni Brown,https://www.sports-reference.com/cbb/players/lanni-brown-1.html,william-mary,2020-21
3,3,5,2020-12-20,William & Mary,@,Norfolk State,REG (Non-Conf),W 55-44,,4,0,0,,0,0,,0,0,,,0,0,,0,0,0,0,0,0,0,1,0,-0.4,Lanni Brown,https://www.sports-reference.com/cbb/players/lanni-brown-1.html,william-mary,2020-21
4,4,6,2021-01-02,William & Mary,,Hofstra,REG (Conf),W 63-56,,4,0,1,.000,0,1,.000,0,0,,.000,0,0,,1,0,1,0,0,0,0,0,0,0.0,Lanni Brown,https://www.sports-reference.com/cbb/players/lanni-brown-1.html,william-mary,2020-21
5,5,7,2021-01-03,William & Mary,,Hofstra,REG (Conf),L 68-75,,6,1,3,.333,1,3,.333,0,0,,.500,2,2,1.000,1,0,1,0,0,0,1,0,5,3.0,Lanni Brown,https://www.sports-reference.com/cbb/players/lanni-brown-1.html,william-mary,2020-21
6,6,8,2021-01-09,William & Mary,@,Delaware,REG (Conf),L 55-79,,11,0,6,.000,0,4,.000,0,2,.000,.000,0,0,,0,0,0,1,1,0,0,2,0,-3.3,Lanni Brown,https://www.sports-reference.com/cbb/players/lanni-brown-1.html,william-mary,2020-21
7,7,9,2021-01-10,William & Mary,@,Delaware,REG (Conf),L 64-77,,8,1,2,.500,0,1,.000,1,1,1.000,.500,0,0,,0,0,0,0,0,0,0,0,2,1.0,Lanni Brown,https://www.sports-reference.com/cbb/players/lanni-brown-1.html,william-mary,2020-21
8,8,10,2021-01-16,William & Mary,,Drexel,REG (Conf),L 58-64,,4,0,1,.000,0,1,.000,0,0,,.000,2,2,1.000,0,0,0,0,0,1,0,0,2,2.0,Lanni Brown,https://www.sports-reference.com/cbb/players/lanni-brown-1.html,william-mary,2020-21
9,9,11,2021-01-17,William & Mary,,Drexel,REG (Conf),W 69-53,,3,0,0,,0,0,,0,0,,,0,0,,0,0,0,0,0,0,1,1,0,-1.4,Lanni Brown,https://www.sports-reference.com/cbb/players/lanni-brown-1.html,william-mary,2020-21
10,10,12,2021-01-23,William & Mary,@,College of Charleston,REG (Conf),W 57-44,,1,0,0,,0,0,,0,0,,,0,0,,0,0,0,0,0,0,0,0,0,0.0,Lanni Brown,https://www.sports-reference.com/cbb/players/lanni-brown-1.html,william-mary,2020-21
