ranker,player_game_num_career,team_game_num_season,date,team_name_abbr,game_location,opp_name_abbr,game_type,game_result,is_starter,mp,fg,fga,fg_pct,fg3,fg3a,fg3_pct,fg2,fg2a,fg2_pct,efg_pct,ft,fta,ft_pct,orb,drb,trb,ast,stl,blk,tov,pf,pts,game_score,player_name,player_sr_link,school,season
1,90,1,2020-12-03,William & Mary,@,Old Dominion,REG (Non-Conf),L 47-70,*,33,2,6,.333,0,2,.000,2,4,.500,.333,0,0,,0,3,3,0,1,0,0,2,4,1.7,Nyla Pollard,https://www.sports-reference.com/cbb/players/nyla-pollard-1.html,william-mary,2020-21
2,91,2,2020-12-06,William & Mary,,Richmond,REG (Non-Conf),L 55-72,*,36,3,9,.333,2,5,.400,1,4,.250,.444,6,8,.750,2,4,6,4,5,0,2,3,14,15.3,Nyla Pollard,https://www.sports-reference.com/cbb/players/nyla-pollard-1.html,william-mary,2020-21
3,92,3,2020-12-13,William & Mary,,Navy,REG (Non-Conf),W 60-51,*,37,2,10,.200,2,7,.286,0,3,.000,.300,2,2,1.000,0,1,1,5,2,1,2,1,8,5.9,Nyla Pollard,https://www.sports-reference.com/cbb/players/nyla-pollard-1.html,william-mary,2020-21
4,93,4,2020-12-16,William & Mary,@,George Mason,REG (Non-Conf),W 48-43,*,36,0,5,.000,0,4,.000,0,1,.000,.000,0,0,,1,3,4,4,0,0,4,4,0,-4.7,Nyla Pollard,https://www.sports-reference.com/cbb/players/nyla-pollard-1.html,william-mary,2020-21
5,94,5,2020-12-20,William & Mary,@,Norfolk State,REG (Non-Conf),W 55-44,*,40,5,11,.455,0,3,.000,5,8,.625,.455,2,4,.500,3,5,8,3,1,0,4,2,12,7.4,Nyla Pollard,https://www.sports-reference.com/cbb/players/nyla-pollard-1.html,william-mary,2020-21
6,95,6,2021-01-02,William & Mary,,Hofstra,REG (Conf),W 63-56,*,39,8,13,.615,1,2,.500,7,11,.636,.654,4,4,1.000,1,2,3,5,2,0,1,1,21,20.5,Nyla Pollard,https://www.sports-reference.com/cbb/players/nyla-pollard-1.html,william-mary,2020-21
7,96,7,2021-01-03,William & Mary,,Hofstra,REG (Conf),L 68-75,*,36,3,10,.300,2,5,.400,1,5,.200,.400,4,5,.800,0,2,2,5,0,0,1,5,12,6.9,Nyla Pollard,https://www.sports-reference.com/cbb/players/nyla-pollard-1.html,william-mary,2020-21
8,97,8,2021-01-09,William & Mary,@,Delaware,REG (Conf),L 55-79,*,29,3,7,.429,0,2,.000,3,5,.600,.429,1,3,.333,0,2,2,2,1,0,3,2,7,1.7,Nyla Pollard,https://www.sports-reference.com/cbb/players/nyla-pollard-1.html,william-mary,2020-21
9,98,9,2021-01-10,William & Mary,@,Delaware,REG (Conf),L 64-77,*,34,2,6,.333,0,1,.000,2,5,.400,.333,0,0,,3,6,9,1,0,0,2,4,4,1.6,Nyla Pollard,https://www.sports-reference.com/cbb/players/nyla-pollard-1.html,william-mary,2020-21
10,99,10,2021-01-16,William & Mary,,Drexel,REG (Conf),L 58-64,*,30,1,6,.167,0,3,.000,1,3,.333,.167,1,2,.500,0,0,0,0,0,0,3,2,3,-5.0,Nyla Pollard,https://www.sports-reference.com/cbb/players/nyla-pollard-1.html,william-mary,2020-21
11,100,11,2021-01-17,William & Mary,,Drexel,REG (Conf),W 69-53,*,31,1,6,.167,0,4,.000,1,2,.500,.167,0,2,.000,2,2,4,0,1,0,2,4,2,-3.2,Nyla Pollard,https://www.sports-reference.com/cbb/players/nyla-pollard-1.html,william-mary,2020-21
12,101,12,2021-01-23,William & Mary,@,College of Charleston,REG (Conf),W 57-44,*,40,4,8,.500,1,3,.333,3,5,.600,.563,1,4,.250,0,0,0,2,0,0,4,3,10,1.0,Nyla Pollard,https://www.sports-reference.com/cbb/players/nyla-pollard-1.html,william-mary,2020-21
13,102,13,2021-01-24,William & Mary,@,College of Charleston,REG (Conf),L 66-69,*,33,2,7,.286,0,3,.000,2,4,.500,.286,5,5,1.000,3,2,5,1,1,0,1,3,9,7.1,Nyla Pollard,https://www.sports-reference.com/cbb/players/nyla-pollard-1.html,william-mary,2020-21
