ranker,player_game_num_career,team_game_num_season,date,team_name_abbr,game_location,opp_name_abbr,game_type,game_result,is_starter,mp,fg,fga,fg_pct,fg3,fg3a,fg3_pct,fg2,fg2a,fg2_pct,efg_pct,ft,fta,ft_pct,orb,drb,trb,ast,stl,blk,tov,pf,pts,game_score,player_name,player_sr_link,school,season
1,1,1,2020-12-03,William & Mary,@,Old Dominion,REG (Non-Conf),L 47-70,,9,0,5,.000,0,3,.000,0,2,.000,.000,0,2,.000,0,2,2,0,1,0,0,1,0,-3.1,Rebekah Frisby-Smith,https://www.sports-reference.com/cbb/players/rebekah-frisby-smith-1.html,william-mary,2020-21
2,2,2,2020-12-06,William & Mary,,Richmond,REG (Non-Conf),L 55-72,,7,1,2,.500,0,0,,1,2,.500,.500,0,1,.000,0,0,0,0,0,0,3,0,2,-2.4,Rebekah Frisby-Smith,https://www.sports-reference.com/cbb/players/rebekah-frisby-smith-1.html,william-mary,2020-21
3,3,3,2020-12-13,William & Mary,,Navy,REG (Non-Conf),W 60-51,,3,0,1,.000,0,1,.000,0,0,,.000,0,0,,0,0,0,1,0,0,0,1,0,-0.4,Rebekah Frisby-Smith,https://www.sports-reference.com/cbb/players/rebekah-frisby-smith-1.html,william-mary,2020-21
4,4,5,2020-12-20,William & Mary,@,Norfolk State,REG (Non-Conf),W 55-44,,1,0,0,,0,0,,0,0,,,0,0,,0,0,0,0,0,0,0,0,0,0.0,Rebekah Frisby-Smith,https://www.sports-reference.com/cbb/players/rebekah-frisby-smith-1.html,william-mary,2020-21
5,5,7,2021-01-03,William & Mary,,Hofstra,REG (Conf),L 68-75,,4,0,1,.000,0,0,,0,1,.000,.000,4,4,1.000,1,1,2,0,0,0,1,1,4,2.9,Rebekah Frisby-Smith,https://www.sports-reference.com/cbb/players/rebekah-frisby-smith-1.html,william-mary,2020-21
6,6,8,2021-01-09,William & Mary,@,Delaware,REG (Conf),L 55-79,,13,4,8,.500,1,2,.500,3,6,.500,.563,1,2,.500,0,1,1,0,0,0,1,0,10,4.9,Rebekah Frisby-Smith,https://www.sports-reference.com/cbb/players/rebekah-frisby-smith-1.html,william-mary,2020-21
7,7,9,2021-01-10,William & Mary,@,Delaware,REG (Conf),L 64-77,,18,0,3,.000,0,1,.000,0,2,.000,.000,0,0,,2,0,2,0,0,0,1,5,0,-3.7,Rebekah Frisby-Smith,https://www.sports-reference.com/cbb/players/rebekah-frisby-smith-1.html,william-mary,2020-21
8,8,10,2021-01-16,William & Mary,,Drexel,REG (Conf),L 58-64,,5,1,1,1.000,0,0,,1,1,1.000,1.000,0,0,,1,0,1,1,0,0,0,0,2,3.1,Rebekah Frisby-Smith,https://www.sports-reference.com/cbb/players/rebekah-frisby-smith-1.html,william-mary,2020-21
9,9,11,2021-01-17,William & Mary,,Drexel,REG (Conf),W 69-53,,2,0,0,,0,0,,0,0,,,0,0,,0,0,0,0,0,0,0,0,0,0.0,Rebekah Frisby-Smith,https://www.sports-reference.com/cbb/players/rebekah-frisby-smith-1.html,william-mary,2020-21
10,10,12,2021-01-23,William & Mary,@,College of Charleston,REG (Conf),W 57-44,,3,0,0,,0,0,,0,0,,,0,0,,0,0,0,0,0,0,0,0,0,0.0,Rebekah Frisby-Smith,https://www.sports-reference.com/cbb/players/rebekah-frisby-smith-1.html,william-mary,2020-21
11,11,13,2021-01-24,William & Mary,@,College of Charleston,REG (Conf),L 66-69,,2,0,0,,0,0,,0,0,,,0,0,,0,0,0,0,0,0,0,0,0,0.0,Rebekah Frisby-Smith,https://www.sports-reference.com/cbb/players/rebekah-frisby-smith-1.html,william-mary,2020-21
