ranker,player_game_num_career,team_game_num_season,date,team_name_abbr,game_location,opp_name_abbr,game_type,game_result,is_starter,mp,fg,fga,fg_pct,fg3,fg3a,fg3_pct,fg2,fg2a,fg2_pct,efg_pct,ft,fta,ft_pct,orb,drb,trb,ast,stl,blk,tov,pf,pts,game_score,player_name,player_sr_link,school,season
1,62,1,2020-12-03,William & Mary,@,Old Dominion,REG (Non-Conf),L 47-70,*,32,5,14,.357,0,5,.000,5,9,.556,.357,4,4,1.000,0,2,2,4,1,0,7,3,14,2.4,Sydney Wagner,https://www.sports-reference.com/cbb/players/sydney-wagner-1.html,william-mary,2020-21
2,63,2,2020-12-06,William & Mary,,Richmond,REG (Non-Conf),L 55-72,*,33,5,11,.455,4,7,.571,1,4,.250,.636,0,0,,1,1,2,3,3,0,1,2,14,12.6,Sydney Wagner,https://www.sports-reference.com/cbb/players/sydney-wagner-1.html,william-mary,2020-21
3,64,3,2020-12-13,William & Mary,,Navy,REG (Non-Conf),W 60-51,*,40,8,10,.800,5,7,.714,3,3,1.000,1.050,2,2,1.000,1,1,2,3,0,0,3,2,23,18.5,Sydney Wagner,https://www.sports-reference.com/cbb/players/sydney-wagner-1.html,william-mary,2020-21
4,65,4,2020-12-16,William & Mary,@,George Mason,REG (Non-Conf),W 48-43,*,40,10,18,.556,6,12,.500,4,6,.667,.722,1,2,.500,1,3,4,1,2,0,2,2,27,19.5,Sydney Wagner,https://www.sports-reference.com/cbb/players/sydney-wagner-1.html,william-mary,2020-21
5,66,5,2020-12-20,William & Mary,@,Norfolk State,REG (Non-Conf),W 55-44,*,40,9,17,.529,5,12,.417,4,5,.800,.676,6,9,.667,0,2,2,1,1,0,2,0,29,19.8,Sydney Wagner,https://www.sports-reference.com/cbb/players/sydney-wagner-1.html,william-mary,2020-21
6,67,6,2021-01-02,William & Mary,,Hofstra,REG (Conf),W 63-56,*,40,6,19,.316,1,8,.125,5,11,.455,.342,6,8,.750,0,1,1,3,1,0,3,1,19,7.3,Sydney Wagner,https://www.sports-reference.com/cbb/players/sydney-wagner-1.html,william-mary,2020-21
7,68,7,2021-01-03,William & Mary,,Hofstra,REG (Conf),L 68-75,*,39,7,20,.350,4,12,.333,3,8,.375,.450,2,3,.667,0,0,0,3,2,0,7,4,20,3.9,Sydney Wagner,https://www.sports-reference.com/cbb/players/sydney-wagner-1.html,william-mary,2020-21
8,69,8,2021-01-09,William & Mary,@,Delaware,REG (Conf),L 55-79,*,34,5,16,.313,1,9,.111,4,7,.571,.344,0,0,,0,3,3,2,1,0,4,1,11,0.7,Sydney Wagner,https://www.sports-reference.com/cbb/players/sydney-wagner-1.html,william-mary,2020-21
9,70,9,2021-01-10,William & Mary,@,Delaware,REG (Conf),L 64-77,*,40,9,21,.429,7,14,.500,2,7,.286,.595,6,6,1.000,0,3,3,1,1,0,1,3,31,20.3,Sydney Wagner,https://www.sports-reference.com/cbb/players/sydney-wagner-1.html,william-mary,2020-21
10,71,10,2021-01-16,William & Mary,,Drexel,REG (Conf),L 58-64,*,40,6,17,.353,4,9,.444,2,8,.250,.471,2,2,1.000,1,3,4,0,2,1,5,1,18,7.4,Sydney Wagner,https://www.sports-reference.com/cbb/players/sydney-wagner-1.html,william-mary,2020-21
11,72,11,2021-01-17,William & Mary,,Drexel,REG (Conf),W 69-53,*,39,9,14,.643,3,5,.600,6,9,.667,.750,1,2,.500,0,1,1,2,1,0,1,1,22,16.7,Sydney Wagner,https://www.sports-reference.com/cbb/players/sydney-wagner-1.html,william-mary,2020-21
12,73,12,2021-01-23,William & Mary,@,College of Charleston,REG (Conf),W 57-44,*,40,7,17,.412,5,9,.556,2,8,.250,.559,2,3,.667,0,4,4,2,1,0,2,1,21,12.7,Sydney Wagner,https://www.sports-reference.com/cbb/players/sydney-wagner-1.html,william-mary,2020-21
13,74,13,2021-01-24,William & Mary,@,College of Charleston,REG (Conf),L 66-69,*,40,10,26,.385,6,19,.316,4,7,.571,.500,2,2,1.000,0,1,1,5,0,0,2,2,28,14.8,Sydney Wagner,https://www.sports-reference.com/cbb/players/sydney-wagner-1.html,william-mary,2020-21
