ranker,player_game_num_career,team_game_num_season,date,team_name_abbr,game_location,opp_name_abbr,game_type,game_result,is_starter,mp,fg,fga,fg_pct,fg3,fg3a,fg3_pct,fg2,fg2a,fg2_pct,efg_pct,ft,fta,ft_pct,orb,drb,trb,ast,stl,blk,tov,pf,pts,game_score,player_name,player_sr_link,school,season
1,23,1,2023-11-08,Long Beach State,,Biola,REG (Non-Conf),W 82-62,,24,5,10,.500,0,2,.000,5,8,.625,.500,1,2,.500,2,7,9,1,0,0,1,3,11,7.6,Abby Shoff,https://www.sports-reference.com/cbb/players/abby-shoff-1.html,long-beach-state,2023-24
2,24,2,2023-11-12,Long Beach State,,Nevada,REG (Non-Conf),W 79-57,,28,8,10,.800,1,2,.500,7,8,.875,.850,1,1,1.000,2,7,9,2,0,0,1,2,18,17.3,Abby Shoff,https://www.sports-reference.com/cbb/players/abby-shoff-1.html,long-beach-state,2023-24
3,25,3,2023-11-15,Long Beach State,@,California Baptist,REG (Non-Conf),L 71-82,,27,3,7,.429,0,1,.000,3,6,.500,.429,0,0,,0,3,3,1,0,1,2,4,6,1.0,Abby Shoff,https://www.sports-reference.com/cbb/players/abby-shoff-1.html,long-beach-state,2023-24
4,26,4,2023-11-21,Long Beach State,@,Fresno State,REG (Non-Conf),L 64-74,,7,0,2,.000,0,1,.000,0,1,.000,.000,1,2,.500,1,2,3,0,1,0,0,0,1,1.5,Abby Shoff,https://www.sports-reference.com/cbb/players/abby-shoff-1.html,long-beach-state,2023-24
5,27,5,2023-11-27,Long Beach State,@,Pepperdine,REG (Non-Conf),W 68-53,,16,2,4,.500,0,0,,2,4,.500,.500,0,0,,0,1,1,1,0,0,1,0,4,2.0,Abby Shoff,https://www.sports-reference.com/cbb/players/abby-shoff-1.html,long-beach-state,2023-24
6,28,6,2023-12-06,Long Beach State,@,Texas,REG (Non-Conf),L 62-106,,24,2,7,.286,0,3,.000,2,4,.500,.286,3,4,.750,1,3,4,1,1,0,5,2,7,0.0,Abby Shoff,https://www.sports-reference.com/cbb/players/abby-shoff-1.html,long-beach-state,2023-24
