ranker,player_game_num_career,team_game_num_season,date,team_name_abbr,game_location,opp_name_abbr,game_type,game_result,is_starter,mp,fg,fga,fg_pct,fg3,fg3a,fg3_pct,fg2,fg2a,fg2_pct,efg_pct,ft,fta,ft_pct,orb,drb,trb,ast,stl,blk,tov,pf,pts,game_score,player_name,player_sr_link,school,season
1,3,1,2023-11-08,Long Beach State,,Biola,REG (Non-Conf),W 82-62,,17,2,2,1.000,0,0,,2,2,1.000,1.000,0,0,,0,2,2,1,1,0,4,2,4,0.9,Davai Matthews,https://www.sports-reference.com/cbb/players/davai-matthews-1.html,long-beach-state,2023-24
2,4,2,2023-11-12,Long Beach State,,Nevada,REG (Non-Conf),W 79-57,,12,1,3,.333,0,0,,1,3,.333,.333,0,2,.000,2,4,6,0,0,1,1,3,2,0.6,Davai Matthews,https://www.sports-reference.com/cbb/players/davai-matthews-1.html,long-beach-state,2023-24
3,5,3,2023-11-15,Long Beach State,@,California Baptist,REG (Non-Conf),L 71-82,,14,1,4,.250,0,1,.000,1,3,.333,.250,1,2,.500,0,4,4,0,0,2,2,3,3,-0.4,Davai Matthews,https://www.sports-reference.com/cbb/players/davai-matthews-1.html,long-beach-state,2023-24
4,6,4,2023-11-21,Long Beach State,@,Fresno State,REG (Non-Conf),L 64-74,,20,2,3,.667,0,0,,2,3,.667,.667,0,0,,3,3,6,0,0,6,1,4,4,7.3,Davai Matthews,https://www.sports-reference.com/cbb/players/davai-matthews-1.html,long-beach-state,2023-24
5,7,5,2023-11-27,Long Beach State,@,Pepperdine,REG (Non-Conf),W 68-53,,18,1,4,.250,0,1,.000,1,3,.333,.250,1,2,.500,2,3,5,0,1,0,2,4,3,-0.1,Davai Matthews,https://www.sports-reference.com/cbb/players/davai-matthews-1.html,long-beach-state,2023-24
6,8,6,2023-12-06,Long Beach State,@,Texas,REG (Non-Conf),L 62-106,,9,1,1,1.000,0,0,,1,1,1.000,1.000,0,0,,0,2,2,0,0,0,1,5,2,-0.7,Davai Matthews,https://www.sports-reference.com/cbb/players/davai-matthews-1.html,long-beach-state,2023-24
7,9,7,2023-12-15,Long Beach State,,Colorado State,REG (Non-Conf),W 77-76,,10,0,2,.000,0,0,,0,2,.000,.000,0,0,,1,1,2,0,0,0,3,5,0,-5.4,Davai Matthews,https://www.sports-reference.com/cbb/players/davai-matthews-1.html,long-beach-state,2023-24
8,10,8,2023-12-16,Long Beach State,,Pacific,REG (Non-Conf),L 86-90,,15,1,4,.250,0,0,,1,4,.250,.250,0,0,,1,3,4,0,1,1,2,4,2,-0.7,Davai Matthews,https://www.sports-reference.com/cbb/players/davai-matthews-1.html,long-beach-state,2023-24
9,11,9,2023-12-19,Long Beach State,,San Francisco,REG (Non-Conf),W 81-79,,21,4,8,.500,0,0,,4,8,.500,.500,2,2,1.000,3,5,8,5,0,0,0,3,10,11.9,Davai Matthews,https://www.sports-reference.com/cbb/players/davai-matthews-1.html,long-beach-state,2023-24
10,12,10,2023-12-21,Long Beach State,,Southern California,REG (Non-Conf),L 77-85,,16,0,2,.000,0,0,,0,2,.000,.000,1,2,.500,0,4,4,1,0,0,1,3,1,-1.1,Davai Matthews,https://www.sports-reference.com/cbb/players/davai-matthews-1.html,long-beach-state,2023-24
11,13,11,2023-12-28,Long Beach State,,Cal State Fullerton,REG (Conf),L 61-67,,20,0,3,.000,0,0,,0,3,.000,.000,1,2,.500,1,2,3,1,3,1,2,1,1,1.8,Davai Matthews,https://www.sports-reference.com/cbb/players/davai-matthews-1.html,long-beach-state,2023-24
12,14,12,2023-12-30,Long Beach State,@,Cal State Northridge,REG (Conf),W 76-58,,15,0,0,,0,0,,0,0,,,3,4,.750,1,1,2,0,0,1,1,5,3,1.3,Davai Matthews,https://www.sports-reference.com/cbb/players/davai-matthews-1.html,long-beach-state,2023-24
13,15,13,2024-01-04,Long Beach State,,Cal Poly,REG (Conf),L 56-64,,22,2,4,.500,0,0,,2,4,.500,.500,3,4,.750,4,4,8,1,0,1,2,4,7,6.4,Davai Matthews,https://www.sports-reference.com/cbb/players/davai-matthews-1.html,long-beach-state,2023-24
14,16,14,2024-01-06,Long Beach State,@,UC Riverside,REG (Conf),L 43-49,*,16,1,4,.250,0,0,,1,4,.250,.250,1,2,.500,1,4,5,2,1,1,7,5,3,-3.8,Davai Matthews,https://www.sports-reference.com/cbb/players/davai-matthews-1.html,long-beach-state,2023-24
15,17,15,2024-01-11,Long Beach State,,UC San Diego,REG (Conf),L 30-45,*,16,1,3,.333,0,1,.000,1,2,.500,.333,0,0,,0,3,3,0,0,0,3,5,2,-3.8,Davai Matthews,https://www.sports-reference.com/cbb/players/davai-matthews-1.html,long-beach-state,2023-24
16,18,16,2024-01-13,Long Beach State,,UC Santa Barbara,REG (Conf),L 56-69,*,19,0,0,,0,0,,0,0,,,0,0,,1,1,2,0,0,1,4,1,0,-2.7,Davai Matthews,https://www.sports-reference.com/cbb/players/davai-matthews-1.html,long-beach-state,2023-24
17,19,17,2024-01-19,Long Beach State,@,Hawaii,REG (Conf),L 55-68,*,18,0,2,.000,0,0,,0,2,.000,.000,1,2,.500,3,2,5,0,0,0,2,4,1,-1.7,Davai Matthews,https://www.sports-reference.com/cbb/players/davai-matthews-1.html,long-beach-state,2023-24
18,20,18,2024-01-25,Long Beach State,@,UC Irvine,REG (Conf),L 59-74,*,22,0,1,.000,0,0,,0,1,.000,.000,2,4,.500,2,4,6,0,0,0,1,4,2,0.5,Davai Matthews,https://www.sports-reference.com/cbb/players/davai-matthews-1.html,long-beach-state,2023-24
19,21,19,2024-01-27,Long Beach State,,UC Riverside,REG (Conf),W 54-52,*,22,0,3,.000,0,0,,0,3,.000,.000,0,0,,1,5,6,1,0,0,3,5,0,-4.2,Davai Matthews,https://www.sports-reference.com/cbb/players/davai-matthews-1.html,long-beach-state,2023-24
20,22,20,2024-02-01,Long Beach State,,Cal State Bakersfield,REG (Conf),W 70-57,*,27,3,4,.750,0,0,,3,4,.750,.750,0,0,,1,4,5,3,0,1,2,2,6,6.3,Davai Matthews,https://www.sports-reference.com/cbb/players/davai-matthews-1.html,long-beach-state,2023-24
21,23,21,2024-02-03,Long Beach State,@,UC San Diego,REG (Conf),L 45-78,*,25,2,7,.286,0,0,,2,7,.286,.286,1,2,.500,1,3,4,1,1,0,0,3,5,2.6,Davai Matthews,https://www.sports-reference.com/cbb/players/davai-matthews-1.html,long-beach-state,2023-24
22,24,22,2024-02-10,Long Beach State,@,Cal Poly,REG (Conf),L 76-84,*,27,5,8,.625,0,0,,5,8,.625,.625,5,7,.714,4,1,5,2,2,2,2,4,15,14.9,Davai Matthews,https://www.sports-reference.com/cbb/players/davai-matthews-1.html,long-beach-state,2023-24
23,25,23,2024-02-15,Long Beach State,,UC Davis,REG (Conf),W 78-52,*,20,2,5,.400,0,0,,2,5,.400,.400,4,6,.667,1,6,7,1,3,2,0,1,8,11.7,Davai Matthews,https://www.sports-reference.com/cbb/players/davai-matthews-1.html,long-beach-state,2023-24
24,26,24,2024-02-17,Long Beach State,,Cal State Northridge,REG (Conf),W 86-62,*,18,4,5,.800,0,0,,4,5,.800,.800,1,2,.500,4,2,6,1,2,0,2,3,9,9.6,Davai Matthews,https://www.sports-reference.com/cbb/players/davai-matthews-1.html,long-beach-state,2023-24
25,27,25,2024-02-22,Long Beach State,@,Cal State Bakersfield,REG (Conf),W 69-67,*,32,4,6,.667,0,0,,4,6,.667,.667,2,4,.500,2,8,10,3,1,0,2,1,10,11.1,Davai Matthews,https://www.sports-reference.com/cbb/players/davai-matthews-1.html,long-beach-state,2023-24
26,28,26,2024-02-24,Long Beach State,,Hawaii,REG (Conf),L 68-80,*,26,1,8,.125,0,1,.000,1,7,.143,.125,4,6,.667,3,3,6,2,1,1,1,2,6,4.3,Davai Matthews,https://www.sports-reference.com/cbb/players/davai-matthews-1.html,long-beach-state,2023-24
27,29,27,2024-02-29,Long Beach State,@,Cal State Fullerton,REG (Conf),W 74-59,*,25,1,5,.200,0,1,.000,1,4,.250,.200,1,2,.500,2,1,3,0,2,1,2,1,3,1.5,Davai Matthews,https://www.sports-reference.com/cbb/players/davai-matthews-1.html,long-beach-state,2023-24
28,30,28,2024-03-02,Long Beach State,,UC Irvine,REG (Conf),L 76-86 (OT),*,20,3,7,.429,0,0,,3,7,.429,.429,2,2,1.000,3,6,9,0,1,0,3,5,8,4.2,Davai Matthews,https://www.sports-reference.com/cbb/players/davai-matthews-1.html,long-beach-state,2023-24
29,31,29,2024-03-07,Long Beach State,@,UC Santa Barbara,REG (Conf),W 75-69,*,28,6,11,.545,0,0,,6,11,.545,.545,0,2,.000,2,2,4,0,1,0,0,1,12,8.5,Davai Matthews,https://www.sports-reference.com/cbb/players/davai-matthews-1.html,long-beach-state,2023-24
30,32,30,2024-03-09,Long Beach State,@,UC Davis,REG (Conf),L 58-70,*,14,2,4,.500,0,0,,2,4,.500,.500,0,0,,1,0,1,0,0,1,2,0,4,1.4,Davai Matthews,https://www.sports-reference.com/cbb/players/davai-matthews-1.html,long-beach-state,2023-24
31,33,31,2024-03-13,Long Beach State,N,UC Santa Barbara,CTOURN,W 90-75,*,4,1,2,.500,0,0,,1,2,.500,.500,1,1,1.000,1,0,1,1,1,0,0,1,3,4.0,Davai Matthews,https://www.sports-reference.com/cbb/players/davai-matthews-1.html,long-beach-state,2023-24
