ranker,player_game_num_career,team_game_num_season,date,team_name_abbr,game_location,opp_name_abbr,game_type,game_result,is_starter,mp,fg,fga,fg_pct,fg3,fg3a,fg3_pct,fg2,fg2a,fg2_pct,efg_pct,ft,fta,ft_pct,orb,drb,trb,ast,stl,blk,tov,pf,pts,game_score,player_name,player_sr_link,school,season
1,32,1,2020-11-25,Mount St. Mary's,@,James Madison,REG (Non-Conf),L 55-69,,21,3,6,.500,3,5,.600,0,1,.000,.750,0,0,,0,2,2,0,1,0,2,3,9,4.4,Aryna Taylor,https://www.sports-reference.com/cbb/players/aryna-taylor-1.html,mount-st-marys,2020-21
2,33,2,2020-11-30,Mount St. Mary's,@,Howard,REG (Non-Conf),L 83-87,,24,4,8,.500,2,6,.333,2,2,1.000,.625,2,2,1.000,0,0,0,1,2,0,1,5,12,7.7,Aryna Taylor,https://www.sports-reference.com/cbb/players/aryna-taylor-1.html,mount-st-marys,2020-21
3,34,3,2020-12-05,Mount St. Mary's,,UMBC,REG (Non-Conf),W 72-58,*,37,3,9,.333,1,6,.167,2,3,.667,.389,4,4,1.000,1,4,5,2,0,1,5,3,11,3.7,Aryna Taylor,https://www.sports-reference.com/cbb/players/aryna-taylor-1.html,mount-st-marys,2020-21
4,35,4,2021-01-07,Mount St. Mary's,,St. Francis Brooklyn,REG (Conf),W 76-68,*,34,6,11,.545,0,2,.000,6,9,.667,.545,1,2,.500,0,2,2,1,2,0,5,0,13,5.6,Aryna Taylor,https://www.sports-reference.com/cbb/players/aryna-taylor-1.html,mount-st-marys,2020-21
5,36,5,2021-01-08,Mount St. Mary's,,St. Francis Brooklyn,REG (Conf),W 65-59,*,37,4,11,.364,3,7,.429,1,4,.250,.500,3,4,.750,3,1,4,1,1,0,1,1,14,10.2,Aryna Taylor,https://www.sports-reference.com/cbb/players/aryna-taylor-1.html,mount-st-marys,2020-21
6,37,6,2021-01-14,Mount St. Mary's,@,Sacred Heart,REG (Conf),W 84-60,*,36,5,13,.385,1,5,.200,4,8,.500,.423,3,3,1.000,0,0,0,5,1,0,0,3,14,10.2,Aryna Taylor,https://www.sports-reference.com/cbb/players/aryna-taylor-1.html,mount-st-marys,2020-21
7,38,7,2021-01-15,Mount St. Mary's,@,Sacred Heart,REG (Conf),L 71-79,*,25,4,7,.571,1,3,.333,3,4,.750,.643,0,0,,0,3,3,0,0,1,2,2,9,4.5,Aryna Taylor,https://www.sports-reference.com/cbb/players/aryna-taylor-1.html,mount-st-marys,2020-21
8,39,8,2021-01-23,Mount St. Mary's,,Central Connecticut State,REG (Conf),W 81-52,*,24,4,8,.500,0,1,.000,4,7,.571,.500,0,0,,1,4,5,1,3,1,2,4,8,6.7,Aryna Taylor,https://www.sports-reference.com/cbb/players/aryna-taylor-1.html,mount-st-marys,2020-21
9,40,9,2021-01-24,Mount St. Mary's,,Central Connecticut State,REG (Conf),W 95-61,*,25,5,8,.625,2,4,.500,3,4,.750,.750,1,1,1.000,0,1,1,2,4,0,3,2,13,11.3,Aryna Taylor,https://www.sports-reference.com/cbb/players/aryna-taylor-1.html,mount-st-marys,2020-21
10,41,10,2021-01-28,Mount St. Mary's,,Fairleigh Dickinson,REG (Conf),L 54-59,*,28,6,13,.462,4,9,.444,2,4,.500,.615,0,0,,0,0,0,1,0,0,3,3,16,5.8,Aryna Taylor,https://www.sports-reference.com/cbb/players/aryna-taylor-1.html,mount-st-marys,2020-21
11,42,11,2021-01-29,Mount St. Mary's,,Fairleigh Dickinson,REG (Conf),W 68-55,*,29,2,9,.222,1,7,.143,1,2,.500,.278,1,2,.500,1,2,3,0,0,0,0,2,6,0.6,Aryna Taylor,https://www.sports-reference.com/cbb/players/aryna-taylor-1.html,mount-st-marys,2020-21
12,43,12,2021-02-13,Mount St. Mary's,@,LIU,REG (Conf),W 85-64,*,24,7,10,.700,5,8,.625,2,2,1.000,.950,0,0,,2,2,4,1,1,0,3,1,19,15.1,Aryna Taylor,https://www.sports-reference.com/cbb/players/aryna-taylor-1.html,mount-st-marys,2020-21
13,44,13,2021-02-14,Mount St. Mary's,@,LIU,REG (Conf),W 65-41,*,26,3,8,.375,2,4,.500,1,4,.250,.500,0,0,,1,3,4,1,0,0,2,3,8,2.7,Aryna Taylor,https://www.sports-reference.com/cbb/players/aryna-taylor-1.html,mount-st-marys,2020-21
14,45,14,2021-02-20,Mount St. Mary's,,Bryant,REG (Conf),W 92-54,*,25,3,9,.333,2,7,.286,1,2,.500,.444,0,0,,0,2,2,3,1,0,1,2,8,4.8,Aryna Taylor,https://www.sports-reference.com/cbb/players/aryna-taylor-1.html,mount-st-marys,2020-21
15,46,15,2021-02-21,Mount St. Mary's,,Bryant,REG (Conf),W 87-49,*,26,4,9,.444,3,6,.500,1,3,.333,.611,0,0,,0,5,5,1,1,0,2,0,11,7.5,Aryna Taylor,https://www.sports-reference.com/cbb/players/aryna-taylor-1.html,mount-st-marys,2020-21
16,47,16,2021-02-24,Mount St. Mary's,@,Merrimack,REG (Conf),W 79-65,*,25,4,10,.400,4,9,.444,0,1,.000,.600,0,0,,0,1,1,0,0,1,0,3,12,6.4,Aryna Taylor,https://www.sports-reference.com/cbb/players/aryna-taylor-1.html,mount-st-marys,2020-21
17,48,17,2021-02-25,Mount St. Mary's,@,Merrimack,REG (Conf),W 59-58,*,28,2,9,.222,1,4,.250,1,5,.200,.278,0,0,,1,3,4,1,0,0,3,0,5,-1.2,Aryna Taylor,https://www.sports-reference.com/cbb/players/aryna-taylor-1.html,mount-st-marys,2020-21
18,49,18,2021-02-28,Mount St. Mary's,,Saint Francis (PA),REG (Conf),W 71-55,,31,1,9,.111,1,6,.167,0,3,.000,.167,2,2,1.000,3,1,4,1,0,0,1,1,5,0.8,Aryna Taylor,https://www.sports-reference.com/cbb/players/aryna-taylor-1.html,mount-st-marys,2020-21
19,50,19,2021-03-01,Mount St. Mary's,@,Saint Francis (PA),REG (Conf),W 56-43,*,28,6,11,.545,4,7,.571,2,4,.500,.727,3,3,1.000,0,0,0,0,0,0,0,5,19,11.7,Aryna Taylor,https://www.sports-reference.com/cbb/players/aryna-taylor-1.html,mount-st-marys,2020-21
20,51,20,2021-03-04,Mount St. Mary's,@,Wagner,REG (Conf),L 62-73,*,28,4,9,.444,1,5,.200,3,4,.750,.500,2,3,.667,0,4,4,1,0,0,0,0,11,7.8,Aryna Taylor,https://www.sports-reference.com/cbb/players/aryna-taylor-1.html,mount-st-marys,2020-21
21,52,21,2021-03-05,Mount St. Mary's,@,Wagner,REG (Conf),L 68-73 (2OT),*,43,4,13,.308,1,7,.143,3,6,.500,.346,6,6,1.000,0,4,4,2,2,1,3,1,15,9.4,Aryna Taylor,https://www.sports-reference.com/cbb/players/aryna-taylor-1.html,mount-st-marys,2020-21
22,53,22,2021-03-10,Mount St. Mary's,,Fairleigh Dickinson,CTOURN,W 77-62,*,36,6,14,.429,3,8,.375,3,6,.500,.536,2,2,1.000,3,4,7,1,1,1,1,0,17,14.3,Aryna Taylor,https://www.sports-reference.com/cbb/players/aryna-taylor-1.html,mount-st-marys,2020-21
23,54,23,2021-03-14,Mount St. Mary's,,Wagner,CTOURN,W 70-38,*,36,6,12,.500,3,5,.600,3,7,.429,.625,3,3,1.000,0,4,4,2,2,1,4,1,18,12.9,Aryna Taylor,https://www.sports-reference.com/cbb/players/aryna-taylor-1.html,mount-st-marys,2020-21
24,55,24,2021-03-22,Mount St. Mary's,N,Maryland,ROUND-64,L 45-98,*,21,3,7,.429,2,6,.333,1,1,1.000,.571,0,0,,0,2,2,1,0,0,1,4,8,3.0,Aryna Taylor,https://www.sports-reference.com/cbb/players/aryna-taylor-1.html,mount-st-marys,2020-21
