ranker,player_game_num_career,team_game_num_season,date,team_name_abbr,game_location,opp_name_abbr,game_type,game_result,is_starter,mp,fg,fga,fg_pct,fg3,fg3a,fg3_pct,fg2,fg2a,fg2_pct,efg_pct,ft,fta,ft_pct,orb,drb,trb,ast,stl,blk,tov,pf,pts,game_score,player_name,player_sr_link,school,season
1,92,1,2020-11-25,Mount St. Mary's,@,James Madison,REG (Non-Conf),L 55-69,,18,1,10,.100,1,10,.100,0,0,,.150,2,2,1.000,0,0,0,1,0,0,0,2,5,-1.7,Bridget Birkhead,https://www.sports-reference.com/cbb/players/bridget-birkhead-1.html,mount-st-marys,2020-21
2,93,2,2020-11-30,Mount St. Mary's,@,Howard,REG (Non-Conf),L 83-87,,21,4,7,.571,3,5,.600,1,2,.500,.786,0,0,,1,2,3,1,0,0,0,4,11,8.1,Bridget Birkhead,https://www.sports-reference.com/cbb/players/bridget-birkhead-1.html,mount-st-marys,2020-21
3,94,3,2020-12-05,Mount St. Mary's,,UMBC,REG (Non-Conf),W 72-58,,32,5,9,.556,4,8,.500,1,1,1.000,.778,0,0,,1,5,6,4,3,0,4,2,14,12.9,Bridget Birkhead,https://www.sports-reference.com/cbb/players/bridget-birkhead-1.html,mount-st-marys,2020-21
4,95,4,2021-01-07,Mount St. Mary's,,St. Francis Brooklyn,REG (Conf),W 76-68,,34,5,7,.714,5,6,.833,0,1,.000,1.071,0,0,,0,5,5,0,1,1,1,2,15,13.5,Bridget Birkhead,https://www.sports-reference.com/cbb/players/bridget-birkhead-1.html,mount-st-marys,2020-21
5,96,5,2021-01-08,Mount St. Mary's,,St. Francis Brooklyn,REG (Conf),W 65-59,,23,1,7,.143,0,4,.000,1,3,.333,.143,2,2,1.000,1,4,5,1,0,0,0,0,4,2.1,Bridget Birkhead,https://www.sports-reference.com/cbb/players/bridget-birkhead-1.html,mount-st-marys,2020-21
6,97,6,2021-01-14,Mount St. Mary's,@,Sacred Heart,REG (Conf),W 84-60,,21,2,4,.500,2,3,.667,0,1,.000,.750,4,4,1.000,0,0,0,0,1,0,0,3,10,7.8,Bridget Birkhead,https://www.sports-reference.com/cbb/players/bridget-birkhead-1.html,mount-st-marys,2020-21
7,98,7,2021-01-15,Mount St. Mary's,@,Sacred Heart,REG (Conf),L 71-79,,16,0,3,.000,0,3,.000,0,0,,.000,0,0,,0,0,0,1,0,0,0,3,0,-2.6,Bridget Birkhead,https://www.sports-reference.com/cbb/players/bridget-birkhead-1.html,mount-st-marys,2020-21
8,99,8,2021-01-23,Mount St. Mary's,,Central Connecticut State,REG (Conf),W 81-52,,22,3,9,.333,2,6,.333,1,3,.333,.444,0,0,,0,3,3,2,1,2,0,1,8,7.2,Bridget Birkhead,https://www.sports-reference.com/cbb/players/bridget-birkhead-1.html,mount-st-marys,2020-21
9,100,9,2021-01-24,Mount St. Mary's,,Central Connecticut State,REG (Conf),W 95-61,,21,2,5,.400,1,2,.500,1,3,.333,.500,2,2,1.000,0,3,3,0,1,1,0,4,7,5.3,Bridget Birkhead,https://www.sports-reference.com/cbb/players/bridget-birkhead-1.html,mount-st-marys,2020-21
10,101,10,2021-01-28,Mount St. Mary's,,Fairleigh Dickinson,REG (Conf),L 54-59,,19,1,5,.200,1,3,.333,0,2,.000,.300,0,0,,0,1,1,0,1,1,0,1,3,1.5,Bridget Birkhead,https://www.sports-reference.com/cbb/players/bridget-birkhead-1.html,mount-st-marys,2020-21
11,102,11,2021-01-29,Mount St. Mary's,,Fairleigh Dickinson,REG (Conf),W 68-55,,22,3,4,.750,1,1,1.000,2,3,.667,.875,3,4,.750,0,1,1,0,1,0,1,3,10,7.1,Bridget Birkhead,https://www.sports-reference.com/cbb/players/bridget-birkhead-1.html,mount-st-marys,2020-21
12,103,12,2021-02-13,Mount St. Mary's,@,LIU,REG (Conf),W 85-64,,25,2,5,.400,1,4,.250,1,1,1.000,.500,1,2,.500,1,3,4,0,2,0,1,1,6,5.1,Bridget Birkhead,https://www.sports-reference.com/cbb/players/bridget-birkhead-1.html,mount-st-marys,2020-21
13,104,13,2021-02-14,Mount St. Mary's,@,LIU,REG (Conf),W 65-41,,23,2,7,.286,2,5,.400,0,2,.000,.429,0,0,,0,3,3,3,0,0,2,3,6,1.7,Bridget Birkhead,https://www.sports-reference.com/cbb/players/bridget-birkhead-1.html,mount-st-marys,2020-21
14,105,14,2021-02-20,Mount St. Mary's,,Bryant,REG (Conf),W 92-54,,17,6,10,.600,3,6,.500,3,4,.750,.750,1,1,1.000,2,0,2,1,0,0,3,4,16,8.9,Bridget Birkhead,https://www.sports-reference.com/cbb/players/bridget-birkhead-1.html,mount-st-marys,2020-21
15,106,15,2021-02-21,Mount St. Mary's,,Bryant,REG (Conf),W 87-49,,23,4,6,.667,3,5,.600,1,1,1.000,.917,0,0,,1,1,2,2,0,0,0,2,11,10.0,Bridget Birkhead,https://www.sports-reference.com/cbb/players/bridget-birkhead-1.html,mount-st-marys,2020-21
16,107,16,2021-02-24,Mount St. Mary's,@,Merrimack,REG (Conf),W 79-65,,18,4,5,.800,4,5,.800,0,0,,1.200,0,0,,0,0,0,4,2,0,1,2,12,13.1,Bridget Birkhead,https://www.sports-reference.com/cbb/players/bridget-birkhead-1.html,mount-st-marys,2020-21
17,108,17,2021-02-25,Mount St. Mary's,@,Merrimack,REG (Conf),W 59-58,,22,1,4,.250,1,2,.500,0,2,.000,.375,0,0,,0,1,1,1,0,0,1,2,3,-0.2,Bridget Birkhead,https://www.sports-reference.com/cbb/players/bridget-birkhead-1.html,mount-st-marys,2020-21
18,109,18,2021-02-28,Mount St. Mary's,,Saint Francis (PA),REG (Conf),W 71-55,*,13,1,3,.333,0,1,.000,1,2,.500,.333,0,0,,0,0,0,1,0,0,0,2,2,0.2,Bridget Birkhead,https://www.sports-reference.com/cbb/players/bridget-birkhead-1.html,mount-st-marys,2020-21
19,110,19,2021-03-01,Mount St. Mary's,@,Saint Francis (PA),REG (Conf),W 56-43,,13,0,4,.000,0,2,.000,0,2,.000,.000,0,0,,0,1,1,0,0,0,1,1,0,-3.9,Bridget Birkhead,https://www.sports-reference.com/cbb/players/bridget-birkhead-1.html,mount-st-marys,2020-21
20,111,20,2021-03-04,Mount St. Mary's,@,Wagner,REG (Conf),L 62-73,,17,2,5,.400,1,3,.333,1,2,.500,.500,0,0,,0,0,0,2,0,1,1,4,5,1.8,Bridget Birkhead,https://www.sports-reference.com/cbb/players/bridget-birkhead-1.html,mount-st-marys,2020-21
21,112,21,2021-03-05,Mount St. Mary's,@,Wagner,REG (Conf),L 68-73 (2OT),,34,5,12,.417,2,6,.333,3,6,.500,.500,0,0,,0,3,3,1,2,0,1,3,12,7.0,Bridget Birkhead,https://www.sports-reference.com/cbb/players/bridget-birkhead-1.html,mount-st-marys,2020-21
22,113,22,2021-03-10,Mount St. Mary's,,Fairleigh Dickinson,CTOURN,W 77-62,,20,1,5,.200,0,3,.000,1,2,.500,.200,2,2,1.000,0,1,1,0,0,0,0,2,4,0.4,Bridget Birkhead,https://www.sports-reference.com/cbb/players/bridget-birkhead-1.html,mount-st-marys,2020-21
23,114,23,2021-03-14,Mount St. Mary's,,Wagner,CTOURN,W 70-38,,15,0,4,.000,0,2,.000,0,2,.000,.000,0,0,,0,4,4,0,0,0,1,2,0,-3.4,Bridget Birkhead,https://www.sports-reference.com/cbb/players/bridget-birkhead-1.html,mount-st-marys,2020-21
24,115,24,2021-03-22,Mount St. Mary's,N,Maryland,ROUND-64,L 45-98,,31,3,15,.200,2,11,.182,1,4,.250,.267,0,0,,2,2,4,0,1,0,3,2,8,-2.1,Bridget Birkhead,https://www.sports-reference.com/cbb/players/bridget-birkhead-1.html,mount-st-marys,2020-21
