ranker,player_game_num_career,team_game_num_season,date,team_name_abbr,game_location,opp_name_abbr,game_type,game_result,is_starter,mp,fg,fga,fg_pct,fg3,fg3a,fg2,fg2a,fg2_pct,efg_pct,ft,fta,ft_pct,orb,drb,trb,ast,stl,blk,tov,pf,pts,game_score,player_name,player_sr_link,school,season
1,1,2,2020-11-30,Mount St. Mary's,@,Howard,REG (Non-Conf),L 83-87,,1,0,0,,0,0,0,0,,,0,0,,0,0,0,0,0,0,0,2,0,-0.8,Isabella Hunt,https://www.sports-reference.com/cbb/players/isabella-hunt-1.html,mount-st-marys,2020-21
2,2,3,2020-12-05,Mount St. Mary's,,UMBC,REG (Non-Conf),W 72-58,,6,1,1,1.000,0,0,1,1,1.000,1.000,0,0,,1,2,3,1,0,0,0,1,2,3.3,Isabella Hunt,https://www.sports-reference.com/cbb/players/isabella-hunt-1.html,mount-st-marys,2020-21
3,3,4,2021-01-07,Mount St. Mary's,,St. Francis Brooklyn,REG (Conf),W 76-68,,8,2,3,.667,0,0,2,3,.667,.667,0,0,,0,0,0,1,2,0,0,4,4,3.8,Isabella Hunt,https://www.sports-reference.com/cbb/players/isabella-hunt-1.html,mount-st-marys,2020-21
4,4,5,2021-01-08,Mount St. Mary's,,St. Francis Brooklyn,REG (Conf),W 65-59,,10,1,3,.333,0,0,1,3,.333,.333,1,1,1.000,3,1,4,0,0,1,2,2,3,1.6,Isabella Hunt,https://www.sports-reference.com/cbb/players/isabella-hunt-1.html,mount-st-marys,2020-21
5,5,6,2021-01-14,Mount St. Mary's,@,Sacred Heart,REG (Conf),W 84-60,,19,4,6,.667,0,0,4,6,.667,.667,0,0,,3,4,7,2,0,0,0,3,8,8.9,Isabella Hunt,https://www.sports-reference.com/cbb/players/isabella-hunt-1.html,mount-st-marys,2020-21
6,6,7,2021-01-15,Mount St. Mary's,@,Sacred Heart,REG (Conf),L 71-79,,8,1,2,.500,0,0,1,2,.500,.500,0,0,,1,0,1,2,0,0,1,1,2,1.7,Isabella Hunt,https://www.sports-reference.com/cbb/players/isabella-hunt-1.html,mount-st-marys,2020-21
7,7,8,2021-01-23,Mount St. Mary's,,Central Connecticut State,REG (Conf),W 81-52,,13,3,5,.600,0,0,3,5,.600,.600,0,0,,2,1,3,2,1,0,1,1,6,6.4,Isabella Hunt,https://www.sports-reference.com/cbb/players/isabella-hunt-1.html,mount-st-marys,2020-21
8,8,9,2021-01-24,Mount St. Mary's,,Central Connecticut State,REG (Conf),W 95-61,,17,5,6,.833,0,0,5,6,.833,.833,3,3,1.000,2,2,4,1,1,0,5,2,13,8.7,Isabella Hunt,https://www.sports-reference.com/cbb/players/isabella-hunt-1.html,mount-st-marys,2020-21
9,9,10,2021-01-28,Mount St. Mary's,,Fairleigh Dickinson,REG (Conf),L 54-59,,10,1,4,.250,0,0,1,4,.250,.250,1,2,.500,3,1,4,0,0,0,0,0,3,2.6,Isabella Hunt,https://www.sports-reference.com/cbb/players/isabella-hunt-1.html,mount-st-marys,2020-21
10,10,11,2021-01-29,Mount St. Mary's,,Fairleigh Dickinson,REG (Conf),W 68-55,,9,1,2,.500,0,0,1,2,.500,.500,0,0,,1,0,1,2,0,0,1,0,2,2.1,Isabella Hunt,https://www.sports-reference.com/cbb/players/isabella-hunt-1.html,mount-st-marys,2020-21
11,11,12,2021-02-13,Mount St. Mary's,@,LIU,REG (Conf),W 85-64,,16,3,7,.429,0,0,3,7,.429,.429,0,0,,7,2,9,0,2,0,2,1,6,7.4,Isabella Hunt,https://www.sports-reference.com/cbb/players/isabella-hunt-1.html,mount-st-marys,2020-21
12,12,13,2021-02-14,Mount St. Mary's,@,LIU,REG (Conf),W 65-41,,8,2,2,1.000,0,0,2,2,1.000,1.000,0,0,,2,0,2,1,0,0,2,4,4,1.9,Isabella Hunt,https://www.sports-reference.com/cbb/players/isabella-hunt-1.html,mount-st-marys,2020-21
13,13,14,2021-02-20,Mount St. Mary's,,Bryant,REG (Conf),W 92-54,,20,1,1,1.000,0,0,1,1,1.000,1.000,0,0,,2,6,8,1,2,1,1,4,2,5.7,Isabella Hunt,https://www.sports-reference.com/cbb/players/isabella-hunt-1.html,mount-st-marys,2020-21
14,14,15,2021-02-21,Mount St. Mary's,,Bryant,REG (Conf),W 87-49,,19,0,2,.000,0,0,0,2,.000,.000,0,2,.000,2,4,6,3,0,0,1,3,0,0.3,Isabella Hunt,https://www.sports-reference.com/cbb/players/isabella-hunt-1.html,mount-st-marys,2020-21
15,15,16,2021-02-24,Mount St. Mary's,@,Merrimack,REG (Conf),W 79-65,,19,0,1,.000,0,0,0,1,.000,.000,1,2,.500,1,3,4,2,0,1,0,2,1,2.8,Isabella Hunt,https://www.sports-reference.com/cbb/players/isabella-hunt-1.html,mount-st-marys,2020-21
16,16,17,2021-02-25,Mount St. Mary's,@,Merrimack,REG (Conf),W 59-58,,11,2,3,.667,0,0,2,3,.667,.667,2,2,1.000,1,3,4,0,0,0,3,2,6,2.5,Isabella Hunt,https://www.sports-reference.com/cbb/players/isabella-hunt-1.html,mount-st-marys,2020-21
17,17,18,2021-02-28,Mount St. Mary's,,Saint Francis (PA),REG (Conf),W 71-55,,8,0,0,,0,0,0,0,,,0,0,,1,3,4,0,0,0,0,2,0,0.8,Isabella Hunt,https://www.sports-reference.com/cbb/players/isabella-hunt-1.html,mount-st-marys,2020-21
18,18,19,2021-03-01,Mount St. Mary's,@,Saint Francis (PA),REG (Conf),W 56-43,,6,0,1,.000,0,0,0,1,.000,.000,2,2,1.000,0,2,2,0,1,0,2,1,2,0.5,Isabella Hunt,https://www.sports-reference.com/cbb/players/isabella-hunt-1.html,mount-st-marys,2020-21
19,19,20,2021-03-04,Mount St. Mary's,@,Wagner,REG (Conf),L 62-73,,17,1,3,.333,0,0,1,3,.333,.333,0,0,,0,3,3,1,1,1,1,2,2,1.8,Isabella Hunt,https://www.sports-reference.com/cbb/players/isabella-hunt-1.html,mount-st-marys,2020-21
20,20,21,2021-03-05,Mount St. Mary's,@,Wagner,REG (Conf),L 68-73 (2OT),,10,1,4,.250,0,0,1,4,.250,.250,2,2,1.000,3,1,4,1,1,1,0,2,4,5.6,Isabella Hunt,https://www.sports-reference.com/cbb/players/isabella-hunt-1.html,mount-st-marys,2020-21
21,21,22,2021-03-10,Mount St. Mary's,,Fairleigh Dickinson,CTOURN,W 77-62,,15,5,6,.833,0,0,5,6,.833,.833,0,0,,1,1,2,1,0,0,0,2,10,8.7,Isabella Hunt,https://www.sports-reference.com/cbb/players/isabella-hunt-1.html,mount-st-marys,2020-21
22,22,23,2021-03-14,Mount St. Mary's,,Wagner,CTOURN,W 70-38,,8,1,2,.500,0,0,1,2,.500,.500,0,0,,1,1,2,0,0,0,0,3,2,0.8,Isabella Hunt,https://www.sports-reference.com/cbb/players/isabella-hunt-1.html,mount-st-marys,2020-21
23,23,24,2021-03-22,Mount St. Mary's,N,Maryland,ROUND-64,L 45-98,,16,1,4,.250,0,0,1,4,.250,.250,0,0,,4,2,6,1,0,1,0,1,2,4.0,Isabella Hunt,https://www.sports-reference.com/cbb/players/isabella-hunt-1.html,mount-st-marys,2020-21
