ranker,player_game_num_career,team_game_num_season,date,team_name_abbr,game_location,opp_name_abbr,game_type,game_result,is_starter,mp,fg,fga,fg_pct,fg3,fg3a,fg3_pct,fg2,fg2a,fg2_pct,efg_pct,ft,fta,ft_pct,orb,drb,trb,ast,stl,blk,tov,pf,pts,game_score,player_name,player_sr_link,school,season
1,1,2,2020-11-30,Mount St. Mary's,@,Howard,REG (Non-Conf),L 83-87,,0,0,0,,0,0,,0,0,,,0,0,,0,0,0,0,0,0,0,0,0,0.0,Isabella Pelaia,https://www.sports-reference.com/cbb/players/isabella-pelaia-1.html,mount-st-marys,2020-21
2,2,3,2020-12-05,Mount St. Mary's,,UMBC,REG (Non-Conf),W 72-58,,1,0,1,.000,0,1,.000,0,0,,.000,0,0,,0,0,0,0,0,0,0,0,0,-0.7,Isabella Pelaia,https://www.sports-reference.com/cbb/players/isabella-pelaia-1.html,mount-st-marys,2020-21
3,3,6,2021-01-14,Mount St. Mary's,@,Sacred Heart,REG (Conf),W 84-60,,4,0,0,,0,0,,0,0,,,0,0,,0,0,0,0,0,0,0,0,0,0.0,Isabella Pelaia,https://www.sports-reference.com/cbb/players/isabella-pelaia-1.html,mount-st-marys,2020-21
4,4,8,2021-01-23,Mount St. Mary's,,Central Connecticut State,REG (Conf),W 81-52,,8,1,6,.167,0,3,.000,1,3,.333,.167,0,0,,0,0,0,0,1,0,0,0,2,-0.8,Isabella Pelaia,https://www.sports-reference.com/cbb/players/isabella-pelaia-1.html,mount-st-marys,2020-21
5,5,9,2021-01-24,Mount St. Mary's,,Central Connecticut State,REG (Conf),W 95-61,,10,0,4,.000,0,1,.000,0,3,.000,.000,1,2,.500,1,0,1,0,1,0,0,1,1,-0.9,Isabella Pelaia,https://www.sports-reference.com/cbb/players/isabella-pelaia-1.html,mount-st-marys,2020-21
6,6,12,2021-02-13,Mount St. Mary's,@,LIU,REG (Conf),W 85-64,,5,0,0,,0,0,,0,0,,,0,0,,0,0,0,0,0,0,0,1,0,-0.4,Isabella Pelaia,https://www.sports-reference.com/cbb/players/isabella-pelaia-1.html,mount-st-marys,2020-21
7,7,13,2021-02-14,Mount St. Mary's,@,LIU,REG (Conf),W 65-41,,2,1,2,.500,0,1,.000,1,1,1.000,.500,0,0,,0,0,0,0,0,0,0,0,2,1.0,Isabella Pelaia,https://www.sports-reference.com/cbb/players/isabella-pelaia-1.html,mount-st-marys,2020-21
8,8,14,2021-02-20,Mount St. Mary's,,Bryant,REG (Conf),W 92-54,,6,0,1,.000,0,0,,0,1,.000,.000,0,0,,1,0,1,0,1,0,0,0,0,1.0,Isabella Pelaia,https://www.sports-reference.com/cbb/players/isabella-pelaia-1.html,mount-st-marys,2020-21
9,9,15,2021-02-21,Mount St. Mary's,,Bryant,REG (Conf),W 87-49,,4,1,1,1.000,1,1,1.000,0,0,,1.500,0,0,,0,1,1,0,0,0,0,1,3,2.6,Isabella Pelaia,https://www.sports-reference.com/cbb/players/isabella-pelaia-1.html,mount-st-marys,2020-21
10,10,16,2021-02-24,Mount St. Mary's,@,Merrimack,REG (Conf),W 79-65,,1,0,0,,0,0,,0,0,,,0,0,,0,0,0,0,0,0,1,0,0,-1.0,Isabella Pelaia,https://www.sports-reference.com/cbb/players/isabella-pelaia-1.html,mount-st-marys,2020-21
11,11,20,2021-03-04,Mount St. Mary's,@,Wagner,REG (Conf),L 62-73,,4,0,1,.000,0,1,.000,0,0,,.000,2,2,1.000,1,2,3,0,0,0,1,0,2,1.6,Isabella Pelaia,https://www.sports-reference.com/cbb/players/isabella-pelaia-1.html,mount-st-marys,2020-21
12,12,21,2021-03-05,Mount St. Mary's,@,Wagner,REG (Conf),L 68-73 (2OT),,1,0,0,,0,0,,0,0,,,0,0,,0,0,0,0,0,0,0,0,0,0.0,Isabella Pelaia,https://www.sports-reference.com/cbb/players/isabella-pelaia-1.html,mount-st-marys,2020-21
13,13,23,2021-03-14,Mount St. Mary's,,Wagner,CTOURN,W 70-38,,2,0,0,,0,0,,0,0,,,0,0,,0,0,0,0,0,0,0,1,0,-0.4,Isabella Pelaia,https://www.sports-reference.com/cbb/players/isabella-pelaia-1.html,mount-st-marys,2020-21
14,14,24,2021-03-22,Mount St. Mary's,N,Maryland,ROUND-64,L 45-98,,3,0,0,,0,0,,0,0,,,0,0,,0,0,0,0,0,0,0,0,0,0.0,Isabella Pelaia,https://www.sports-reference.com/cbb/players/isabella-pelaia-1.html,mount-st-marys,2020-21
