ranker,player_game_num_career,team_game_num_season,date,team_name_abbr,game_location,opp_name_abbr,game_type,game_result,is_starter,mp,fg,fga,fg_pct,fg3,fg3a,fg3_pct,fg2,fg2a,fg2_pct,efg_pct,ft,fta,ft_pct,orb,drb,trb,ast,stl,blk,tov,pf,pts,game_score,player_name,player_sr_link,school,season
1,1,6,2021-01-14,Mount St. Mary's,@,Sacred Heart,REG (Conf),W 84-60,,12,0,1,.000,0,1,.000,0,0,,.000,2,2,1.000,0,2,2,2,0,0,3,1,2,-0.1,Jada Lee,https://www.sports-reference.com/cbb/players/jada-lee-1.html,mount-st-marys,2020-21
2,2,7,2021-01-15,Mount St. Mary's,@,Sacred Heart,REG (Conf),L 71-79,,3,0,0,,0,0,,0,0,,,0,0,,0,0,0,0,0,0,0,2,0,-0.8,Jada Lee,https://www.sports-reference.com/cbb/players/jada-lee-1.html,mount-st-marys,2020-21
3,3,8,2021-01-23,Mount St. Mary's,,Central Connecticut State,REG (Conf),W 81-52,,18,4,5,.800,0,0,,4,5,.800,.800,0,0,,2,2,4,2,2,0,0,0,8,11.5,Jada Lee,https://www.sports-reference.com/cbb/players/jada-lee-1.html,mount-st-marys,2020-21
4,4,9,2021-01-24,Mount St. Mary's,,Central Connecticut State,REG (Conf),W 95-61,,14,1,4,.250,0,1,.000,1,3,.333,.250,0,0,,0,1,1,1,1,0,0,1,2,1.2,Jada Lee,https://www.sports-reference.com/cbb/players/jada-lee-1.html,mount-st-marys,2020-21
5,5,10,2021-01-28,Mount St. Mary's,,Fairleigh Dickinson,REG (Conf),L 54-59,,7,0,1,.000,0,1,.000,0,0,,.000,0,0,,0,1,1,0,0,0,0,0,0,-0.4,Jada Lee,https://www.sports-reference.com/cbb/players/jada-lee-1.html,mount-st-marys,2020-21
6,6,11,2021-01-29,Mount St. Mary's,,Fairleigh Dickinson,REG (Conf),W 68-55,,12,0,0,,0,0,,0,0,,,0,0,,0,3,3,2,2,0,1,0,0,3.3,Jada Lee,https://www.sports-reference.com/cbb/players/jada-lee-1.html,mount-st-marys,2020-21
7,7,12,2021-02-13,Mount St. Mary's,@,LIU,REG (Conf),W 85-64,,17,1,3,.333,0,0,,1,3,.333,.333,5,6,.833,2,1,3,0,0,0,2,3,7,3.4,Jada Lee,https://www.sports-reference.com/cbb/players/jada-lee-1.html,mount-st-marys,2020-21
8,8,13,2021-02-14,Mount St. Mary's,@,LIU,REG (Conf),W 65-41,,6,0,3,.000,0,0,,0,3,.000,.000,0,0,,0,1,1,0,1,0,0,1,0,-1.2,Jada Lee,https://www.sports-reference.com/cbb/players/jada-lee-1.html,mount-st-marys,2020-21
9,9,14,2021-02-20,Mount St. Mary's,,Bryant,REG (Conf),W 92-54,,17,1,4,.250,0,3,.000,1,1,1.000,.250,1,3,.333,0,1,1,3,0,1,1,3,3,0.7,Jada Lee,https://www.sports-reference.com/cbb/players/jada-lee-1.html,mount-st-marys,2020-21
10,10,15,2021-02-21,Mount St. Mary's,,Bryant,REG (Conf),W 87-49,,14,1,4,.250,1,3,.333,0,1,.000,.375,2,2,1.000,3,0,3,1,2,0,1,2,5,5.6,Jada Lee,https://www.sports-reference.com/cbb/players/jada-lee-1.html,mount-st-marys,2020-21
11,11,16,2021-02-24,Mount St. Mary's,@,Merrimack,REG (Conf),W 79-65,,8,1,1,1.000,0,0,,1,1,1.000,1.000,0,0,,0,0,0,0,0,0,0,1,2,1.3,Jada Lee,https://www.sports-reference.com/cbb/players/jada-lee-1.html,mount-st-marys,2020-21
12,12,17,2021-02-25,Mount St. Mary's,@,Merrimack,REG (Conf),W 59-58,,4,0,1,.000,0,1,.000,0,0,,.000,0,0,,0,0,0,0,0,0,0,1,0,-1.1,Jada Lee,https://www.sports-reference.com/cbb/players/jada-lee-1.html,mount-st-marys,2020-21
13,13,18,2021-02-28,Mount St. Mary's,,Saint Francis (PA),REG (Conf),W 71-55,,3,0,0,,0,0,,0,0,,,1,2,.500,0,1,1,0,0,0,1,0,1,-0.1,Jada Lee,https://www.sports-reference.com/cbb/players/jada-lee-1.html,mount-st-marys,2020-21
14,14,19,2021-03-01,Mount St. Mary's,@,Saint Francis (PA),REG (Conf),W 56-43,,5,1,1,1.000,0,0,,1,1,1.000,1.000,0,0,,0,0,0,0,0,0,1,1,2,0.3,Jada Lee,https://www.sports-reference.com/cbb/players/jada-lee-1.html,mount-st-marys,2020-21
15,15,20,2021-03-04,Mount St. Mary's,@,Wagner,REG (Conf),L 62-73,,11,0,1,.000,0,0,,0,1,.000,.000,0,0,,0,0,0,0,1,0,1,1,0,-1.1,Jada Lee,https://www.sports-reference.com/cbb/players/jada-lee-1.html,mount-st-marys,2020-21
16,16,21,2021-03-05,Mount St. Mary's,@,Wagner,REG (Conf),L 68-73 (2OT),,2,0,0,,0,0,,0,0,,,0,0,,0,0,0,0,0,0,0,0,0,0.0,Jada Lee,https://www.sports-reference.com/cbb/players/jada-lee-1.html,mount-st-marys,2020-21
17,17,22,2021-03-10,Mount St. Mary's,,Fairleigh Dickinson,CTOURN,W 77-62,,7,0,3,.000,0,1,.000,0,2,.000,.000,0,0,,2,0,2,0,0,0,0,0,0,-0.7,Jada Lee,https://www.sports-reference.com/cbb/players/jada-lee-1.html,mount-st-marys,2020-21
18,18,23,2021-03-14,Mount St. Mary's,,Wagner,CTOURN,W 70-38,,2,0,0,,0,0,,0,0,,,0,0,,0,1,1,0,0,0,1,1,0,-1.1,Jada Lee,https://www.sports-reference.com/cbb/players/jada-lee-1.html,mount-st-marys,2020-21
19,19,24,2021-03-22,Mount St. Mary's,N,Maryland,ROUND-64,L 45-98,,6,0,1,.000,0,0,,0,1,.000,.000,1,2,.500,1,0,1,0,0,0,1,2,1,-1.2,Jada Lee,https://www.sports-reference.com/cbb/players/jada-lee-1.html,mount-st-marys,2020-21
