ranker,player_game_num_career,team_game_num_season,date,team_name_abbr,game_location,opp_name_abbr,game_type,game_result,is_starter,mp,fg,fga,fg_pct,fg3,fg3a,fg3_pct,fg2,fg2a,fg2_pct,efg_pct,ft,fta,ft_pct,orb,drb,trb,ast,stl,blk,tov,pf,pts,game_score,player_name,player_sr_link,school,season
1,1,1,2020-11-25,Mount St. Mary's,@,James Madison,REG (Non-Conf),L 55-69,,5,0,0,,0,0,,0,0,,,0,0,,0,0,0,0,0,0,0,2,0,-0.8,Jessica Tomasetti,https://www.sports-reference.com/cbb/players/jessica-tomasetti-1.html,mount-st-marys,2020-21
2,2,2,2020-11-30,Mount St. Mary's,@,Howard,REG (Non-Conf),L 83-87,,2,0,0,,0,0,,0,0,,,0,0,,0,0,0,0,0,0,0,1,0,-0.4,Jessica Tomasetti,https://www.sports-reference.com/cbb/players/jessica-tomasetti-1.html,mount-st-marys,2020-21
3,3,3,2020-12-05,Mount St. Mary's,,UMBC,REG (Non-Conf),W 72-58,,21,2,4,.500,2,4,.500,0,0,,.750,0,0,,0,2,2,0,0,0,0,1,6,4.2,Jessica Tomasetti,https://www.sports-reference.com/cbb/players/jessica-tomasetti-1.html,mount-st-marys,2020-21
4,4,4,2021-01-07,Mount St. Mary's,,St. Francis Brooklyn,REG (Conf),W 76-68,,11,0,1,.000,0,1,.000,0,0,,.000,1,2,.500,0,2,2,0,0,0,1,2,1,-1.3,Jessica Tomasetti,https://www.sports-reference.com/cbb/players/jessica-tomasetti-1.html,mount-st-marys,2020-21
5,5,5,2021-01-08,Mount St. Mary's,,St. Francis Brooklyn,REG (Conf),W 65-59,,14,0,0,,0,0,,0,0,,,0,0,,0,1,1,0,0,0,1,1,0,-1.1,Jessica Tomasetti,https://www.sports-reference.com/cbb/players/jessica-tomasetti-1.html,mount-st-marys,2020-21
6,6,6,2021-01-14,Mount St. Mary's,@,Sacred Heart,REG (Conf),W 84-60,,21,4,5,.800,2,2,1.000,2,3,.667,1.000,2,2,1.000,1,1,2,1,2,0,0,2,12,13.0,Jessica Tomasetti,https://www.sports-reference.com/cbb/players/jessica-tomasetti-1.html,mount-st-marys,2020-21
7,7,7,2021-01-15,Mount St. Mary's,@,Sacred Heart,REG (Conf),L 71-79,,22,4,4,1.000,0,0,,4,4,1.000,1.000,0,0,,0,1,1,1,2,0,0,1,8,9.4,Jessica Tomasetti,https://www.sports-reference.com/cbb/players/jessica-tomasetti-1.html,mount-st-marys,2020-21
8,8,8,2021-01-23,Mount St. Mary's,,Central Connecticut State,REG (Conf),W 81-52,,14,4,4,1.000,1,1,1.000,3,3,1.000,1.125,0,0,,1,0,1,0,3,0,2,4,9,7.9,Jessica Tomasetti,https://www.sports-reference.com/cbb/players/jessica-tomasetti-1.html,mount-st-marys,2020-21
9,9,9,2021-01-24,Mount St. Mary's,,Central Connecticut State,REG (Conf),W 95-61,,21,0,2,.000,0,0,,0,2,.000,.000,0,0,,0,4,4,3,1,1,3,0,0,0.6,Jessica Tomasetti,https://www.sports-reference.com/cbb/players/jessica-tomasetti-1.html,mount-st-marys,2020-21
10,10,10,2021-01-28,Mount St. Mary's,,Fairleigh Dickinson,REG (Conf),L 54-59,,24,2,5,.400,0,0,,2,5,.400,.400,0,0,,1,4,5,1,1,0,1,1,4,3.5,Jessica Tomasetti,https://www.sports-reference.com/cbb/players/jessica-tomasetti-1.html,mount-st-marys,2020-21
11,11,11,2021-01-29,Mount St. Mary's,,Fairleigh Dickinson,REG (Conf),W 68-55,,17,1,2,.500,0,0,,1,2,.500,.500,0,0,,0,1,1,2,1,0,1,0,2,2.7,Jessica Tomasetti,https://www.sports-reference.com/cbb/players/jessica-tomasetti-1.html,mount-st-marys,2020-21
12,12,12,2021-02-13,Mount St. Mary's,@,LIU,REG (Conf),W 85-64,,15,0,3,.000,0,2,.000,0,1,.000,.000,0,0,,0,1,1,0,0,0,1,1,0,-3.2,Jessica Tomasetti,https://www.sports-reference.com/cbb/players/jessica-tomasetti-1.html,mount-st-marys,2020-21
13,13,13,2021-02-14,Mount St. Mary's,@,LIU,REG (Conf),W 65-41,,13,1,5,.200,0,1,.000,1,4,.250,.200,2,2,1.000,2,2,4,1,0,0,1,0,4,2.6,Jessica Tomasetti,https://www.sports-reference.com/cbb/players/jessica-tomasetti-1.html,mount-st-marys,2020-21
14,14,14,2021-02-20,Mount St. Mary's,,Bryant,REG (Conf),W 92-54,,18,4,7,.571,1,2,.500,3,5,.600,.643,1,1,1.000,1,4,5,4,3,0,0,0,10,14.4,Jessica Tomasetti,https://www.sports-reference.com/cbb/players/jessica-tomasetti-1.html,mount-st-marys,2020-21
15,15,15,2021-02-21,Mount St. Mary's,,Bryant,REG (Conf),W 87-49,,20,6,10,.600,2,6,.333,4,4,1.000,.700,0,0,,1,2,3,1,2,0,1,2,14,11.6,Jessica Tomasetti,https://www.sports-reference.com/cbb/players/jessica-tomasetti-1.html,mount-st-marys,2020-21
16,16,16,2021-02-24,Mount St. Mary's,@,Merrimack,REG (Conf),W 79-65,,25,3,4,.750,1,2,.500,2,2,1.000,.875,0,0,,2,0,2,2,0,0,2,1,7,5.8,Jessica Tomasetti,https://www.sports-reference.com/cbb/players/jessica-tomasetti-1.html,mount-st-marys,2020-21
17,17,17,2021-02-25,Mount St. Mary's,@,Merrimack,REG (Conf),W 59-58,,23,1,4,.250,1,2,.500,0,2,.000,.375,0,0,,1,1,2,3,0,0,0,2,3,2.9,Jessica Tomasetti,https://www.sports-reference.com/cbb/players/jessica-tomasetti-1.html,mount-st-marys,2020-21
18,18,18,2021-02-28,Mount St. Mary's,,Saint Francis (PA),REG (Conf),W 71-55,,22,1,5,.200,0,0,,1,5,.200,.200,0,0,,1,2,3,1,1,0,0,2,2,1.1,Jessica Tomasetti,https://www.sports-reference.com/cbb/players/jessica-tomasetti-1.html,mount-st-marys,2020-21
19,19,19,2021-03-01,Mount St. Mary's,@,Saint Francis (PA),REG (Conf),W 56-43,,14,0,0,,0,0,,0,0,,,0,0,,0,3,3,0,0,0,0,0,0,0.9,Jessica Tomasetti,https://www.sports-reference.com/cbb/players/jessica-tomasetti-1.html,mount-st-marys,2020-21
20,20,20,2021-03-04,Mount St. Mary's,@,Wagner,REG (Conf),L 62-73,,15,0,2,.000,0,2,.000,0,0,,.000,0,0,,1,1,2,1,2,0,1,0,0,1.3,Jessica Tomasetti,https://www.sports-reference.com/cbb/players/jessica-tomasetti-1.html,mount-st-marys,2020-21
21,21,21,2021-03-05,Mount St. Mary's,@,Wagner,REG (Conf),L 68-73 (2OT),,7,0,1,.000,0,0,,0,1,.000,.000,0,0,,0,1,1,0,1,0,1,1,0,-0.8,Jessica Tomasetti,https://www.sports-reference.com/cbb/players/jessica-tomasetti-1.html,mount-st-marys,2020-21
22,22,22,2021-03-10,Mount St. Mary's,,Fairleigh Dickinson,CTOURN,W 77-62,,10,1,4,.250,0,0,,1,4,.250,.250,0,0,,1,1,2,0,0,0,0,0,2,0.6,Jessica Tomasetti,https://www.sports-reference.com/cbb/players/jessica-tomasetti-1.html,mount-st-marys,2020-21
23,23,23,2021-03-14,Mount St. Mary's,,Wagner,CTOURN,W 70-38,,14,1,1,1.000,0,0,,1,1,1.000,1.000,3,4,.750,0,1,1,1,1,0,0,0,5,6.3,Jessica Tomasetti,https://www.sports-reference.com/cbb/players/jessica-tomasetti-1.html,mount-st-marys,2020-21
24,24,24,2021-03-22,Mount St. Mary's,N,Maryland,ROUND-64,L 45-98,,12,1,2,.500,1,1,1.000,0,1,.000,.750,0,0,,1,1,2,0,0,0,0,1,3,2.6,Jessica Tomasetti,https://www.sports-reference.com/cbb/players/jessica-tomasetti-1.html,mount-st-marys,2020-21
