ranker,player_game_num_career,team_game_num_season,date,team_name_abbr,game_location,opp_name_abbr,game_type,game_result,is_starter,mp,fg,fga,fg_pct,fg3,fg3a,fg3_pct,fg2,fg2a,fg2_pct,efg_pct,ft,fta,ft_pct,orb,drb,trb,ast,stl,blk,tov,pf,pts,game_score,player_name,player_sr_link,school,season
1,74,1,2020-11-25,Mount St. Mary's,@,James Madison,REG (Non-Conf),L 55-69,*,34,1,12,.083,1,5,.200,0,7,.000,.125,5,6,.833,4,3,7,2,3,0,3,3,8,3.5,Kendall Bresee,https://www.sports-reference.com/cbb/players/kendall-bresee-1.html,mount-st-marys,2020-21
2,75,2,2020-11-30,Mount St. Mary's,@,Howard,REG (Non-Conf),L 83-87,*,32,4,11,.364,2,6,.333,2,5,.400,.455,6,8,.750,3,4,7,1,1,0,3,5,16,9.1,Kendall Bresee,https://www.sports-reference.com/cbb/players/kendall-bresee-1.html,mount-st-marys,2020-21
3,76,3,2020-12-05,Mount St. Mary's,,UMBC,REG (Non-Conf),W 72-58,*,22,4,8,.500,1,4,.250,3,4,.750,.563,1,1,1.000,0,1,1,3,1,1,2,4,10,6.5,Kendall Bresee,https://www.sports-reference.com/cbb/players/kendall-bresee-1.html,mount-st-marys,2020-21
4,77,4,2021-01-07,Mount St. Mary's,,St. Francis Brooklyn,REG (Conf),W 76-68,*,35,7,16,.438,2,4,.500,5,12,.417,.500,4,5,.800,2,8,10,6,2,1,1,5,20,18.9,Kendall Bresee,https://www.sports-reference.com/cbb/players/kendall-bresee-1.html,mount-st-marys,2020-21
5,78,5,2021-01-08,Mount St. Mary's,,St. Francis Brooklyn,REG (Conf),W 65-59,*,28,7,14,.500,0,4,.000,7,10,.700,.500,4,9,.444,2,9,11,3,3,0,3,3,18,14.0,Kendall Bresee,https://www.sports-reference.com/cbb/players/kendall-bresee-1.html,mount-st-marys,2020-21
6,79,6,2021-01-14,Mount St. Mary's,@,Sacred Heart,REG (Conf),W 84-60,*,31,4,12,.333,1,4,.250,3,8,.375,.375,1,2,.500,0,7,7,5,4,0,4,2,10,7.6,Kendall Bresee,https://www.sports-reference.com/cbb/players/kendall-bresee-1.html,mount-st-marys,2020-21
7,80,7,2021-01-15,Mount St. Mary's,@,Sacred Heart,REG (Conf),L 71-79,*,37,4,11,.364,1,3,.333,3,8,.375,.409,11,15,.733,0,10,10,2,1,4,2,2,20,17.7,Kendall Bresee,https://www.sports-reference.com/cbb/players/kendall-bresee-1.html,mount-st-marys,2020-21
8,81,8,2021-01-23,Mount St. Mary's,,Central Connecticut State,REG (Conf),W 81-52,*,28,2,10,.200,0,2,.000,2,8,.250,.200,1,2,.500,0,5,5,3,2,0,4,0,5,0.0,Kendall Bresee,https://www.sports-reference.com/cbb/players/kendall-bresee-1.html,mount-st-marys,2020-21
9,82,9,2021-01-24,Mount St. Mary's,,Central Connecticut State,REG (Conf),W 95-61,*,26,9,15,.600,3,4,.750,6,11,.545,.700,5,5,1.000,4,11,15,5,1,0,2,1,26,27.3,Kendall Bresee,https://www.sports-reference.com/cbb/players/kendall-bresee-1.html,mount-st-marys,2020-21
10,83,10,2021-01-28,Mount St. Mary's,,Fairleigh Dickinson,REG (Conf),L 54-59,*,36,10,20,.500,0,4,.000,10,16,.625,.500,3,5,.600,3,10,13,4,4,2,3,1,23,22.1,Kendall Bresee,https://www.sports-reference.com/cbb/players/kendall-bresee-1.html,mount-st-marys,2020-21
11,84,11,2021-01-29,Mount St. Mary's,,Fairleigh Dickinson,REG (Conf),W 68-55,*,35,5,15,.333,2,3,.667,3,12,.250,.400,3,3,1.000,2,12,14,4,4,0,8,0,15,10.3,Kendall Bresee,https://www.sports-reference.com/cbb/players/kendall-bresee-1.html,mount-st-marys,2020-21
12,85,12,2021-02-13,Mount St. Mary's,@,LIU,REG (Conf),W 85-64,*,33,5,13,.385,1,4,.250,4,9,.444,.423,10,10,1.000,3,5,8,7,4,0,2,2,21,23.6,Kendall Bresee,https://www.sports-reference.com/cbb/players/kendall-bresee-1.html,mount-st-marys,2020-21
13,86,13,2021-02-14,Mount St. Mary's,@,LIU,REG (Conf),W 65-41,*,36,1,7,.143,1,2,.500,0,5,.000,.214,7,8,.875,5,6,11,4,2,0,5,2,10,9.4,Kendall Bresee,https://www.sports-reference.com/cbb/players/kendall-bresee-1.html,mount-st-marys,2020-21
14,87,14,2021-02-20,Mount St. Mary's,,Bryant,REG (Conf),W 92-54,*,26,1,7,.143,1,3,.333,0,4,.000,.214,0,0,,1,4,5,6,1,1,2,2,3,3.5,Kendall Bresee,https://www.sports-reference.com/cbb/players/kendall-bresee-1.html,mount-st-marys,2020-21
15,88,15,2021-02-21,Mount St. Mary's,,Bryant,REG (Conf),W 87-49,*,28,3,7,.429,1,4,.250,2,3,.667,.500,11,12,.917,1,9,10,4,4,0,1,2,18,22.3,Kendall Bresee,https://www.sports-reference.com/cbb/players/kendall-bresee-1.html,mount-st-marys,2020-21
16,89,16,2021-02-24,Mount St. Mary's,@,Merrimack,REG (Conf),W 79-65,*,31,5,15,.333,2,4,.500,3,11,.273,.400,1,2,.500,2,8,10,8,2,0,3,0,13,12.5,Kendall Bresee,https://www.sports-reference.com/cbb/players/kendall-bresee-1.html,mount-st-marys,2020-21
17,90,17,2021-02-25,Mount St. Mary's,@,Merrimack,REG (Conf),W 59-58,*,28,4,5,.800,1,2,.500,3,3,1.000,.900,2,3,.667,3,6,9,2,0,1,3,5,11,9.7,Kendall Bresee,https://www.sports-reference.com/cbb/players/kendall-bresee-1.html,mount-st-marys,2020-21
18,91,18,2021-02-28,Mount St. Mary's,,Saint Francis (PA),REG (Conf),W 71-55,*,38,10,17,.588,5,7,.714,5,10,.500,.735,4,4,1.000,0,6,6,7,2,0,5,0,29,24.8,Kendall Bresee,https://www.sports-reference.com/cbb/players/kendall-bresee-1.html,mount-st-marys,2020-21
19,92,19,2021-03-01,Mount St. Mary's,@,Saint Francis (PA),REG (Conf),W 56-43,*,39,3,8,.375,0,2,.000,3,6,.500,.375,9,11,.818,0,6,6,3,2,0,5,3,15,9.5,Kendall Bresee,https://www.sports-reference.com/cbb/players/kendall-bresee-1.html,mount-st-marys,2020-21
20,93,20,2021-03-04,Mount St. Mary's,@,Wagner,REG (Conf),L 62-73,*,30,4,10,.400,1,3,.333,3,7,.429,.450,2,4,.500,1,4,5,3,1,0,6,3,11,2.6,Kendall Bresee,https://www.sports-reference.com/cbb/players/kendall-bresee-1.html,mount-st-marys,2020-21
21,94,21,2021-03-05,Mount St. Mary's,@,Wagner,REG (Conf),L 68-73 (2OT),*,46,2,13,.154,0,3,.000,2,10,.200,.154,0,0,,1,11,12,3,1,0,3,3,4,-1.4,Kendall Bresee,https://www.sports-reference.com/cbb/players/kendall-bresee-1.html,mount-st-marys,2020-21
22,95,22,2021-03-10,Mount St. Mary's,,Fairleigh Dickinson,CTOURN,W 77-62,*,31,3,10,.300,2,5,.400,1,5,.200,.400,0,0,,2,5,7,5,1,0,1,3,8,7.4,Kendall Bresee,https://www.sports-reference.com/cbb/players/kendall-bresee-1.html,mount-st-marys,2020-21
23,96,23,2021-03-14,Mount St. Mary's,,Wagner,CTOURN,W 70-38,*,35,4,8,.500,0,1,.000,4,7,.571,.500,2,4,.500,0,8,8,8,3,1,4,0,10,12.9,Kendall Bresee,https://www.sports-reference.com/cbb/players/kendall-bresee-1.html,mount-st-marys,2020-21
24,97,24,2021-03-22,Mount St. Mary's,N,Maryland,ROUND-64,L 45-98,*,36,0,10,.000,0,4,.000,0,6,.000,.000,5,6,.833,2,4,6,2,1,0,7,4,5,-6.0,Kendall Bresee,https://www.sports-reference.com/cbb/players/kendall-bresee-1.html,mount-st-marys,2020-21
