ranker,player_game_num_career,team_game_num_season,date,team_name_abbr,game_location,opp_name_abbr,game_type,game_result,is_starter,mp,fg,fga,fg_pct,fg3,fg3a,fg3_pct,fg2,fg2a,fg2_pct,efg_pct,ft,fta,ft_pct,orb,drb,trb,ast,stl,blk,tov,pf,pts,game_score,player_name,player_sr_link,school,season
1,63,1,2020-11-25,Mount St. Mary's,@,James Madison,REG (Non-Conf),L 55-69,*,35,3,14,.214,0,8,.000,3,6,.500,.214,0,0,,0,1,1,3,2,0,2,3,6,-1.4,Michaela Harrison,https://www.sports-reference.com/cbb/players/michaela-harrison-1.html,mount-st-marys,2020-21
2,64,2,2020-11-30,Mount St. Mary's,@,Howard,REG (Non-Conf),L 83-87,*,18,1,8,.125,1,6,.167,0,2,.000,.188,2,2,1.000,0,1,1,2,1,0,1,0,5,1.5,Michaela Harrison,https://www.sports-reference.com/cbb/players/michaela-harrison-1.html,mount-st-marys,2020-21
3,65,4,2021-01-07,Mount St. Mary's,,St. Francis Brooklyn,REG (Conf),W 76-68,*,28,2,8,.250,1,5,.200,1,3,.333,.313,2,2,1.000,0,3,3,1,0,1,3,3,7,0.3,Michaela Harrison,https://www.sports-reference.com/cbb/players/michaela-harrison-1.html,mount-st-marys,2020-21
4,66,5,2021-01-08,Mount St. Mary's,,St. Francis Brooklyn,REG (Conf),W 65-59,*,29,5,12,.417,3,9,.333,2,3,.667,.542,0,0,,1,3,4,3,0,0,4,2,13,5.5,Michaela Harrison,https://www.sports-reference.com/cbb/players/michaela-harrison-1.html,mount-st-marys,2020-21
5,67,6,2021-01-14,Mount St. Mary's,@,Sacred Heart,REG (Conf),W 84-60,*,26,5,11,.455,3,6,.500,2,5,.400,.591,2,3,.667,0,1,1,1,1,0,2,2,15,8.1,Michaela Harrison,https://www.sports-reference.com/cbb/players/michaela-harrison-1.html,mount-st-marys,2020-21
6,68,7,2021-01-15,Mount St. Mary's,@,Sacred Heart,REG (Conf),L 71-79,*,37,4,10,.400,2,6,.333,2,4,.500,.500,0,1,.000,0,3,3,0,1,0,6,4,10,-1.5,Michaela Harrison,https://www.sports-reference.com/cbb/players/michaela-harrison-1.html,mount-st-marys,2020-21
7,69,8,2021-01-23,Mount St. Mary's,,Central Connecticut State,REG (Conf),W 81-52,*,31,6,12,.500,1,5,.200,5,7,.714,.542,3,3,1.000,0,1,1,2,1,0,1,0,16,11.7,Michaela Harrison,https://www.sports-reference.com/cbb/players/michaela-harrison-1.html,mount-st-marys,2020-21
8,70,9,2021-01-24,Mount St. Mary's,,Central Connecticut State,REG (Conf),W 95-61,*,25,7,11,.636,4,6,.667,3,5,.600,.818,2,2,1.000,1,1,2,1,1,1,2,2,20,15.7,Michaela Harrison,https://www.sports-reference.com/cbb/players/michaela-harrison-1.html,mount-st-marys,2020-21
9,71,10,2021-01-28,Mount St. Mary's,,Fairleigh Dickinson,REG (Conf),L 54-59,*,36,0,9,.000,0,5,.000,0,4,.000,.000,1,2,.500,0,0,0,2,6,1,4,2,1,-2.4,Michaela Harrison,https://www.sports-reference.com/cbb/players/michaela-harrison-1.html,mount-st-marys,2020-21
10,72,11,2021-01-29,Mount St. Mary's,,Fairleigh Dickinson,REG (Conf),W 68-55,*,32,5,10,.500,3,7,.429,2,3,.667,.650,4,4,1.000,1,1,2,3,1,0,0,0,17,16.1,Michaela Harrison,https://www.sports-reference.com/cbb/players/michaela-harrison-1.html,mount-st-marys,2020-21
11,73,12,2021-02-13,Mount St. Mary's,@,LIU,REG (Conf),W 85-64,*,25,3,4,.750,3,4,.750,0,0,,1.125,2,2,1.000,0,1,1,1,0,1,0,1,11,10.7,Michaela Harrison,https://www.sports-reference.com/cbb/players/michaela-harrison-1.html,mount-st-marys,2020-21
12,74,13,2021-02-14,Mount St. Mary's,@,LIU,REG (Conf),W 65-41,*,24,6,10,.600,4,7,.571,2,3,.667,.800,1,2,.500,0,2,2,1,0,0,4,3,17,8.1,Michaela Harrison,https://www.sports-reference.com/cbb/players/michaela-harrison-1.html,mount-st-marys,2020-21
13,75,14,2021-02-20,Mount St. Mary's,,Bryant,REG (Conf),W 92-54,*,28,12,17,.706,9,14,.643,3,3,1.000,.971,2,2,1.000,0,2,2,1,4,0,1,1,35,31.8,Michaela Harrison,https://www.sports-reference.com/cbb/players/michaela-harrison-1.html,mount-st-marys,2020-21
14,76,15,2021-02-21,Mount St. Mary's,,Bryant,REG (Conf),W 87-49,*,25,5,14,.357,3,10,.300,2,4,.500,.464,0,0,,0,1,1,4,4,1,0,1,13,12.6,Michaela Harrison,https://www.sports-reference.com/cbb/players/michaela-harrison-1.html,mount-st-marys,2020-21
15,77,16,2021-02-24,Mount St. Mary's,@,Merrimack,REG (Conf),W 79-65,*,22,2,6,.333,1,4,.250,1,2,.500,.417,0,0,,1,3,4,4,0,1,1,3,5,4.5,Michaela Harrison,https://www.sports-reference.com/cbb/players/michaela-harrison-1.html,mount-st-marys,2020-21
16,78,17,2021-02-25,Mount St. Mary's,@,Merrimack,REG (Conf),W 59-58,*,29,5,15,.333,1,7,.143,4,8,.500,.367,0,0,,2,1,3,0,1,1,2,0,11,3.9,Michaela Harrison,https://www.sports-reference.com/cbb/players/michaela-harrison-1.html,mount-st-marys,2020-21
17,79,18,2021-02-28,Mount St. Mary's,,Saint Francis (PA),REG (Conf),W 71-55,*,35,6,14,.429,2,5,.400,4,9,.444,.500,2,2,1.000,0,2,2,3,1,0,1,2,16,10.5,Michaela Harrison,https://www.sports-reference.com/cbb/players/michaela-harrison-1.html,mount-st-marys,2020-21
18,80,19,2021-03-01,Mount St. Mary's,@,Saint Francis (PA),REG (Conf),W 56-43,*,32,3,11,.273,1,5,.200,2,6,.333,.318,0,1,.000,0,1,1,0,5,1,3,0,7,3.1,Michaela Harrison,https://www.sports-reference.com/cbb/players/michaela-harrison-1.html,mount-st-marys,2020-21
19,81,20,2021-03-04,Mount St. Mary's,@,Wagner,REG (Conf),L 62-73,*,28,3,9,.333,2,4,.500,1,5,.200,.444,0,0,,1,1,2,2,0,0,4,1,8,0.9,Michaela Harrison,https://www.sports-reference.com/cbb/players/michaela-harrison-1.html,mount-st-marys,2020-21
20,82,21,2021-03-05,Mount St. Mary's,@,Wagner,REG (Conf),L 68-73 (2OT),*,45,5,17,.294,2,10,.200,3,7,.429,.353,6,7,.857,2,3,5,0,2,0,4,3,18,6.8,Michaela Harrison,https://www.sports-reference.com/cbb/players/michaela-harrison-1.html,mount-st-marys,2020-21
21,83,22,2021-03-10,Mount St. Mary's,,Fairleigh Dickinson,CTOURN,W 77-62,*,27,3,10,.300,1,7,.143,2,3,.667,.350,4,4,1.000,2,2,4,3,2,0,1,2,11,9.5,Michaela Harrison,https://www.sports-reference.com/cbb/players/michaela-harrison-1.html,mount-st-marys,2020-21
22,84,23,2021-03-14,Mount St. Mary's,,Wagner,CTOURN,W 70-38,*,37,3,12,.250,1,5,.200,2,7,.286,.292,8,10,.800,0,3,3,0,0,2,5,2,15,3.5,Michaela Harrison,https://www.sports-reference.com/cbb/players/michaela-harrison-1.html,mount-st-marys,2020-21
23,85,24,2021-03-22,Mount St. Mary's,N,Maryland,ROUND-64,L 45-98,*,30,3,11,.273,2,10,.200,1,1,1.000,.364,0,0,,0,0,0,4,2,1,2,0,8,5.0,Michaela Harrison,https://www.sports-reference.com/cbb/players/michaela-harrison-1.html,mount-st-marys,2020-21
