ranker,player_game_num_career,team_game_num_season,date,team_name_abbr,game_location,opp_name_abbr,game_type,game_result,is_starter,mp,fg,fga,fg_pct,fg3,fg3a,fg2,fg2a,fg2_pct,efg_pct,ft,fta,ft_pct,orb,drb,trb,ast,stl,blk,tov,pf,pts,game_score,player_name,player_sr_link,school,season
1,90,1,2020-11-25,Mount St. Mary's,@,James Madison,REG (Non-Conf),L 55-69,*,25,6,13,.462,0,0,6,13,.462,.462,3,3,1.000,4,8,12,4,0,1,1,3,15,14.8,Rebecca Lee,https://www.sports-reference.com/cbb/players/rebecca-lee-1.html,mount-st-marys,2020-21
2,91,2,2020-11-30,Mount St. Mary's,@,Howard,REG (Non-Conf),L 83-87,*,7,0,5,.000,0,0,0,5,.000,.000,0,0,,2,2,4,0,0,0,4,2,0,-6.3,Rebecca Lee,https://www.sports-reference.com/cbb/players/rebecca-lee-1.html,mount-st-marys,2020-21
3,92,3,2020-12-05,Mount St. Mary's,,UMBC,REG (Non-Conf),W 72-58,*,23,4,6,.667,0,0,4,6,.667,.667,0,1,.000,4,1,5,0,0,0,6,2,8,1.3,Rebecca Lee,https://www.sports-reference.com/cbb/players/rebecca-lee-1.html,mount-st-marys,2020-21
4,93,4,2021-01-07,Mount St. Mary's,,St. Francis Brooklyn,REG (Conf),W 76-68,*,16,3,7,.429,0,0,3,7,.429,.429,1,2,.500,1,6,7,0,0,3,3,2,7,3.7,Rebecca Lee,https://www.sports-reference.com/cbb/players/rebecca-lee-1.html,mount-st-marys,2020-21
5,94,5,2021-01-08,Mount St. Mary's,,St. Francis Brooklyn,REG (Conf),W 65-59,*,27,3,7,.429,0,0,3,7,.429,.429,2,2,1.000,1,3,4,2,2,5,0,2,8,12.0,Rebecca Lee,https://www.sports-reference.com/cbb/players/rebecca-lee-1.html,mount-st-marys,2020-21
6,95,6,2021-01-14,Mount St. Mary's,@,Sacred Heart,REG (Conf),W 84-60,*,16,2,4,.500,0,0,2,4,.500,.500,2,2,1.000,1,2,3,0,0,2,1,1,6,5.3,Rebecca Lee,https://www.sports-reference.com/cbb/players/rebecca-lee-1.html,mount-st-marys,2020-21
7,96,7,2021-01-15,Mount St. Mary's,@,Sacred Heart,REG (Conf),L 71-79,*,20,4,10,.400,0,0,4,10,.400,.400,1,2,.500,5,4,9,0,0,2,5,2,9,3.5,Rebecca Lee,https://www.sports-reference.com/cbb/players/rebecca-lee-1.html,mount-st-marys,2020-21
8,97,8,2021-01-23,Mount St. Mary's,,Central Connecticut State,REG (Conf),W 81-52,*,16,4,7,.571,0,0,4,7,.571,.571,0,0,,2,7,9,1,0,0,3,3,8,4.7,Rebecca Lee,https://www.sports-reference.com/cbb/players/rebecca-lee-1.html,mount-st-marys,2020-21
9,98,9,2021-01-24,Mount St. Mary's,,Central Connecticut State,REG (Conf),W 95-61,*,14,1,4,.250,0,0,1,4,.250,.250,4,4,1.000,2,3,5,0,0,0,3,1,6,2.5,Rebecca Lee,https://www.sports-reference.com/cbb/players/rebecca-lee-1.html,mount-st-marys,2020-21
10,99,10,2021-01-28,Mount St. Mary's,,Fairleigh Dickinson,REG (Conf),L 54-59,*,9,1,4,.250,0,0,1,4,.250,.250,0,0,,1,0,1,0,0,0,2,1,2,-2.1,Rebecca Lee,https://www.sports-reference.com/cbb/players/rebecca-lee-1.html,mount-st-marys,2020-21
11,100,11,2021-01-29,Mount St. Mary's,,Fairleigh Dickinson,REG (Conf),W 68-55,*,17,6,8,.750,0,0,6,8,.750,.750,0,0,,0,3,3,0,0,1,1,0,12,9.4,Rebecca Lee,https://www.sports-reference.com/cbb/players/rebecca-lee-1.html,mount-st-marys,2020-21
12,101,12,2021-02-13,Mount St. Mary's,@,LIU,REG (Conf),W 85-64,*,13,5,9,.556,0,0,5,9,.556,.556,0,0,,2,3,5,0,0,2,2,4,10,5.8,Rebecca Lee,https://www.sports-reference.com/cbb/players/rebecca-lee-1.html,mount-st-marys,2020-21
13,102,13,2021-02-14,Mount St. Mary's,@,LIU,REG (Conf),W 65-41,*,31,3,8,.375,0,0,3,8,.375,.375,2,4,.500,3,7,10,3,1,1,1,3,8,8.6,Rebecca Lee,https://www.sports-reference.com/cbb/players/rebecca-lee-1.html,mount-st-marys,2020-21
14,103,14,2021-02-20,Mount St. Mary's,,Bryant,REG (Conf),W 92-54,*,19,4,7,.571,0,0,4,7,.571,.571,1,2,.500,0,7,7,3,0,2,3,4,9,6.3,Rebecca Lee,https://www.sports-reference.com/cbb/players/rebecca-lee-1.html,mount-st-marys,2020-21
15,104,15,2021-02-21,Mount St. Mary's,,Bryant,REG (Conf),W 87-49,*,20,2,4,.500,0,0,2,4,.500,.500,4,4,1.000,2,1,3,1,1,3,2,2,8,8.7,Rebecca Lee,https://www.sports-reference.com/cbb/players/rebecca-lee-1.html,mount-st-marys,2020-21
16,105,16,2021-02-24,Mount St. Mary's,@,Merrimack,REG (Conf),W 79-65,*,19,6,8,.750,0,0,6,8,.750,.750,4,4,1.000,3,8,11,0,0,2,2,2,16,15.9,Rebecca Lee,https://www.sports-reference.com/cbb/players/rebecca-lee-1.html,mount-st-marys,2020-21
17,106,17,2021-02-25,Mount St. Mary's,@,Merrimack,REG (Conf),W 59-58,*,25,10,11,.909,0,0,10,11,.909,.909,0,0,,2,7,9,1,0,2,2,4,20,18.3,Rebecca Lee,https://www.sports-reference.com/cbb/players/rebecca-lee-1.html,mount-st-marys,2020-21
18,107,18,2021-02-28,Mount St. Mary's,,Saint Francis (PA),REG (Conf),W 71-55,*,29,5,11,.455,0,0,5,11,.455,.455,1,1,1.000,5,9,14,1,0,1,3,3,11,8.7,Rebecca Lee,https://www.sports-reference.com/cbb/players/rebecca-lee-1.html,mount-st-marys,2020-21
19,108,19,2021-03-01,Mount St. Mary's,@,Saint Francis (PA),REG (Conf),W 56-43,*,30,3,9,.333,0,0,3,9,.333,.333,3,4,.750,4,5,9,2,2,1,1,2,9,10.1,Rebecca Lee,https://www.sports-reference.com/cbb/players/rebecca-lee-1.html,mount-st-marys,2020-21
20,109,20,2021-03-04,Mount St. Mary's,@,Wagner,REG (Conf),L 62-73,*,20,3,6,.500,0,0,3,6,.500,.500,2,2,1.000,1,4,5,2,0,0,1,1,8,6.9,Rebecca Lee,https://www.sports-reference.com/cbb/players/rebecca-lee-1.html,mount-st-marys,2020-21
21,110,21,2021-03-05,Mount St. Mary's,@,Wagner,REG (Conf),L 68-73 (2OT),*,33,3,12,.250,0,0,3,12,.250,.250,2,5,.400,3,3,6,0,1,5,2,3,8,3.9,Rebecca Lee,https://www.sports-reference.com/cbb/players/rebecca-lee-1.html,mount-st-marys,2020-21
22,111,22,2021-03-10,Mount St. Mary's,,Fairleigh Dickinson,CTOURN,W 77-62,*,24,7,19,.368,0,0,7,19,.368,.368,5,5,1.000,10,3,13,2,1,2,2,4,19,16.6,Rebecca Lee,https://www.sports-reference.com/cbb/players/rebecca-lee-1.html,mount-st-marys,2020-21
23,112,23,2021-03-14,Mount St. Mary's,,Wagner,CTOURN,W 70-38,*,25,8,12,.667,0,0,8,12,.667,.667,2,4,.500,7,4,11,0,3,2,2,4,18,18.9,Rebecca Lee,https://www.sports-reference.com/cbb/players/rebecca-lee-1.html,mount-st-marys,2020-21
24,113,24,2021-03-22,Mount St. Mary's,N,Maryland,ROUND-64,L 45-98,*,25,3,5,.600,0,0,3,5,.600,.600,1,2,.500,3,4,7,0,2,2,2,4,7,7.4,Rebecca Lee,https://www.sports-reference.com/cbb/players/rebecca-lee-1.html,mount-st-marys,2020-21
