ranker,player_game_num_career,team_game_num_season,date,team_name_abbr,game_location,opp_name_abbr,game_type,game_result,is_starter,mp,fg,fga,fg_pct,fg3,fg3a,fg3_pct,fg2,fg2a,fg2_pct,efg_pct,ft,fta,ft_pct,orb,drb,trb,ast,stl,blk,tov,pf,pts,game_score,player_name,player_sr_link,school,season
1,78,1,2023-11-06,North Carolina A&T,@,Georgia,REG (Non-Conf),L 59-71,,17,1,4,.250,0,2,.000,1,2,.500,.250,4,6,.667,0,2,2,2,2,0,1,0,6,5.8,Nyah Willis,https://www.sports-reference.com/cbb/players/nyah-willis-1.html,north-carolina-at,2023-24
2,79,2,2023-11-10,North Carolina A&T,,Guilford,REG (Non-Conf),W 114-41,,25,4,7,.571,2,4,.500,2,3,.667,.714,0,0,,2,2,4,6,0,1,2,1,10,11.2,Nyah Willis,https://www.sports-reference.com/cbb/players/nyah-willis-1.html,north-carolina-at,2023-24
3,80,3,2023-11-15,North Carolina A&T,@,Wake Forest,REG (Non-Conf),W 56-51,,25,1,5,.200,0,0,,1,5,.200,.200,3,4,.750,2,1,3,0,0,0,0,1,5,2.8,Nyah Willis,https://www.sports-reference.com/cbb/players/nyah-willis-1.html,north-carolina-at,2023-24
4,81,4,2023-11-19,North Carolina A&T,,Liberty,REG (Non-Conf),W 56-47,,18,2,3,.667,1,2,.500,1,1,1.000,.833,0,0,,0,1,1,0,1,0,3,0,5,2.0,Nyah Willis,https://www.sports-reference.com/cbb/players/nyah-willis-1.html,north-carolina-at,2023-24
5,82,5,2023-11-24,North Carolina A&T,@,St. Mary's (CA),REG (Non-Conf),L 65-73,,22,1,4,.250,1,3,.333,0,1,.000,.375,3,3,1.000,0,1,1,2,0,0,4,2,6,0.5,Nyah Willis,https://www.sports-reference.com/cbb/players/nyah-willis-1.html,north-carolina-at,2023-24
6,83,6,2023-11-25,North Carolina A&T,N,UT Arlington,REG (Non-Conf),L 76-87,,20,4,8,.500,1,3,.333,3,5,.600,.563,2,2,1.000,1,0,1,2,1,0,0,2,11,9.3,Nyah Willis,https://www.sports-reference.com/cbb/players/nyah-willis-1.html,north-carolina-at,2023-24
7,84,7,2023-12-03,North Carolina A&T,@,Louisville,REG (Non-Conf),L 40-80,,18,0,0,,0,0,,0,0,,,4,6,.667,0,1,1,2,0,1,3,2,4,1.8,Nyah Willis,https://www.sports-reference.com/cbb/players/nyah-willis-1.html,north-carolina-at,2023-24
