ranker,player_game_num_career,team_game_num_season,date,team_name_abbr,game_location,opp_name_abbr,game_type,game_result,is_starter,mp,fg,fga,fg_pct,fg3,fg3a,fg3_pct,fg2,fg2a,fg2_pct,efg_pct,ft,fta,ft_pct,orb,drb,trb,ast,stl,blk,tov,pf,pts,game_score,player_name,player_sr_link,school,season
1,42,1,2023-11-06,North Carolina A&T,@,Georgia,REG (Non-Conf),L 59-71,,14,0,3,.000,0,3,.000,0,0,,.000,0,0,,1,1,2,1,0,0,2,0,0,-2.4,Sean Kelly Darks,https://www.sports-reference.com/cbb/players/sean-kelly-darks-1.html,north-carolina-at,2023-24
2,43,8,2023-12-09,North Carolina A&T,,Mercer,REG (Non-Conf),L 52-55,,11,0,0,,0,0,,0,0,,,0,0,,0,0,0,0,0,0,3,0,0,-3.0,Sean Kelly Darks,https://www.sports-reference.com/cbb/players/sean-kelly-darks-1.html,north-carolina-at,2023-24
3,44,9,2023-12-19,North Carolina A&T,@,Stetson,REG (Non-Conf),W 57-54,,13,1,3,.333,1,1,1.000,0,2,.000,.500,4,6,.667,1,1,2,2,0,0,2,3,7,3.7,Sean Kelly Darks,https://www.sports-reference.com/cbb/players/sean-kelly-darks-1.html,north-carolina-at,2023-24
4,45,10,2023-12-20,North Carolina A&T,N,Bethune-Cookman,REG (Non-Conf),W 66-47,,17,1,4,.250,0,0,,1,4,.250,.250,2,2,1.000,0,0,0,0,1,0,0,0,4,2.6,Sean Kelly Darks,https://www.sports-reference.com/cbb/players/sean-kelly-darks-1.html,north-carolina-at,2023-24
5,46,11,2023-12-30,North Carolina A&T,,Averett,REG (Non-Conf),W 90-30,,20,3,8,.375,0,2,.000,3,6,.500,.375,1,2,.500,2,0,2,4,2,0,1,1,7,7.0,Sean Kelly Darks,https://www.sports-reference.com/cbb/players/sean-kelly-darks-1.html,north-carolina-at,2023-24
6,47,12,2024-01-05,North Carolina A&T,,College of Charleston,REG (Conf),L 58-63,,16,2,2,1.000,1,1,1.000,1,1,1.000,1.250,1,2,.500,1,6,7,4,0,0,2,0,6,8.3,Sean Kelly Darks,https://www.sports-reference.com/cbb/players/sean-kelly-darks-1.html,north-carolina-at,2023-24
7,48,13,2024-01-07,North Carolina A&T,,Towson,REG (Conf),W 62-52 (OT),,16,3,3,1.000,0,0,,3,3,1.000,1.000,1,2,.500,0,3,3,1,0,0,3,3,7,3.1,Sean Kelly Darks,https://www.sports-reference.com/cbb/players/sean-kelly-darks-1.html,north-carolina-at,2023-24
8,49,14,2024-01-12,North Carolina A&T,@,William & Mary,REG (Conf),W 53-51,,24,2,6,.333,0,2,.000,2,4,.500,.333,4,4,1.000,0,2,2,2,0,0,3,4,8,2.0,Sean Kelly Darks,https://www.sports-reference.com/cbb/players/sean-kelly-darks-1.html,north-carolina-at,2023-24
9,50,15,2024-01-14,North Carolina A&T,@,Hampton,REG (Conf),W 67-57,,11,1,3,.333,0,1,.000,1,2,.500,.333,0,0,,0,1,1,1,1,0,1,1,2,0.9,Sean Kelly Darks,https://www.sports-reference.com/cbb/players/sean-kelly-darks-1.html,north-carolina-at,2023-24
