ranker,player_game_num_career,team_game_num_season,date,team_name_abbr,game_location,opp_name_abbr,game_type,game_result,is_starter,mp,fg,fga,fg_pct,fg3,fg3a,fg3_pct,fg2,fg2a,fg2_pct,efg_pct,ft,fta,ft_pct,orb,drb,trb,ast,stl,blk,tov,pf,pts,game_score,player_name,player_sr_link,school,season
1,72,1,2024-11-05,Davidson,,Florida Gulf Coast,REG (Non-Conf),W 57-56,*,21,3,4,.750,2,3,.667,1,1,1.000,1.000,0,0,,0,3,3,0,2,0,3,3,8,5.1,Mallorie Haines,https://www.sports-reference.com/cbb/players/mallorie-haines-1.html,davidson,2024-25
2,73,2,2024-11-10,Davidson,@,High Point,REG (Non-Conf),L 53-56,*,21,1,2,.500,1,2,.500,0,0,,.750,0,0,,1,2,3,1,0,0,1,3,3,1.8,Mallorie Haines,https://www.sports-reference.com/cbb/players/mallorie-haines-1.html,davidson,2024-25
3,74,3,2024-11-13,Davidson,@,Cincinnati,REG (Non-Conf),L 50-68,*,19,2,7,.286,2,6,.333,0,1,.000,.429,0,0,,3,3,6,0,0,0,0,1,6,4.5,Mallorie Haines,https://www.sports-reference.com/cbb/players/mallorie-haines-1.html,davidson,2024-25
4,75,5,2024-11-23,Davidson,@,Wake Forest,REG (Non-Conf),L 55-60,,22,0,5,.000,0,5,.000,0,0,,.000,0,0,,0,4,4,1,0,0,1,4,0,-4.2,Mallorie Haines,https://www.sports-reference.com/cbb/players/mallorie-haines-1.html,davidson,2024-25
5,76,6,2024-11-24,Davidson,,Presbyterian,REG (Non-Conf),W 81-39,,17,4,6,.667,2,3,.667,2,3,.667,.833,2,3,.667,2,4,6,0,2,0,0,1,12,13.2,Mallorie Haines,https://www.sports-reference.com/cbb/players/mallorie-haines-1.html,davidson,2024-25
6,77,7,2024-11-29,Davidson,N,Virginia Tech,REG (Non-Conf),L 50-79,,13,0,1,.000,0,0,,0,1,.000,.000,1,2,.500,0,0,0,0,0,0,0,2,1,-0.9,Mallorie Haines,https://www.sports-reference.com/cbb/players/mallorie-haines-1.html,davidson,2024-25
7,78,8,2024-11-30,Davidson,N,Belmont,REG (Non-Conf),L 59-69,,20,1,3,.333,1,3,.333,0,0,,.500,0,0,,0,2,2,0,0,0,0,1,3,1.5,Mallorie Haines,https://www.sports-reference.com/cbb/players/mallorie-haines-1.html,davidson,2024-25
8,79,9,2024-12-05,Davidson,@,Ball State,REG (Non-Conf),L 61-80,*,21,2,6,.333,2,5,.400,0,1,.000,.500,0,0,,0,2,2,3,0,0,0,3,6,4.1,Mallorie Haines,https://www.sports-reference.com/cbb/players/mallorie-haines-1.html,davidson,2024-25
9,80,10,2024-12-11,Davidson,@,NC State,REG (Non-Conf),L 57-59,*,7,0,0,,0,0,,0,0,,,0,0,,0,0,0,1,0,0,0,0,0,0.7,Mallorie Haines,https://www.sports-reference.com/cbb/players/mallorie-haines-1.html,davidson,2024-25
10,81,11,2024-12-18,Davidson,,UNC Pembroke,REG (Non-Conf),W 84-53,*,27,5,7,.714,4,6,.667,1,1,1.000,1.000,0,0,,1,5,6,0,0,1,0,1,14,13.6,Mallorie Haines,https://www.sports-reference.com/cbb/players/mallorie-haines-1.html,davidson,2024-25
11,82,12,2024-12-21,Davidson,,Charlotte,REG (Non-Conf),W 82-55,*,23,1,3,.333,1,3,.333,0,0,,.500,1,2,.500,0,1,1,2,1,0,2,2,4,1.8,Mallorie Haines,https://www.sports-reference.com/cbb/players/mallorie-haines-1.html,davidson,2024-25
12,83,13,2024-12-29,Davidson,@,Duquesne,REG (Conf),W 76-70,*,20,0,2,.000,0,2,.000,0,0,,.000,4,4,1.000,1,2,3,0,0,1,0,0,4,4.6,Mallorie Haines,https://www.sports-reference.com/cbb/players/mallorie-haines-1.html,davidson,2024-25
13,84,14,2025-01-02,Davidson,,La Salle,REG (Conf),W 78-61,*,24,3,9,.333,3,8,.375,0,1,.000,.500,2,3,.667,1,6,7,1,1,0,1,2,11,7.9,Mallorie Haines,https://www.sports-reference.com/cbb/players/mallorie-haines-1.html,davidson,2024-25
14,85,15,2025-01-05,Davidson,@,Saint Louis,REG (Conf),W 94-53,*,20,4,4,1.000,3,3,1.000,1,1,1.000,1.375,0,0,,0,3,3,1,0,0,0,1,11,11.0,Mallorie Haines,https://www.sports-reference.com/cbb/players/mallorie-haines-1.html,davidson,2024-25
15,86,16,2025-01-08,Davidson,,Rhode Island,REG (Conf),W 65-55,*,27,2,2,1.000,2,2,1.000,0,0,,1.500,0,0,,0,1,1,0,0,1,1,3,6,4.2,Mallorie Haines,https://www.sports-reference.com/cbb/players/mallorie-haines-1.html,davidson,2024-25
16,87,17,2025-01-12,Davidson,,Richmond,REG (Conf),L 41-63,*,15,0,0,,0,0,,0,0,,,0,0,,0,2,2,0,0,0,0,1,0,0.2,Mallorie Haines,https://www.sports-reference.com/cbb/players/mallorie-haines-1.html,davidson,2024-25
17,88,18,2025-01-18,Davidson,@,St. Bonaventure,REG (Conf),W 83-45,*,26,5,9,.556,5,9,.556,0,0,,.833,0,0,,0,3,3,2,1,0,0,2,15,13.2,Mallorie Haines,https://www.sports-reference.com/cbb/players/mallorie-haines-1.html,davidson,2024-25
18,89,19,2025-01-22,Davidson,@,George Mason,REG (Conf),L 73-81,*,33,3,4,.750,1,2,.500,2,2,1.000,.875,0,0,,1,3,4,1,0,0,2,3,7,4.5,Mallorie Haines,https://www.sports-reference.com/cbb/players/mallorie-haines-1.html,davidson,2024-25
19,90,20,2025-01-26,Davidson,,Saint Louis,REG (Conf),L 51-60,*,27,3,7,.429,3,6,.500,0,1,.000,.643,0,0,,0,1,1,0,1,0,1,3,9,4.4,Mallorie Haines,https://www.sports-reference.com/cbb/players/mallorie-haines-1.html,davidson,2024-25
20,91,21,2025-01-29,Davidson,,Saint Joseph's,REG (Conf),L 46-60,*,22,1,6,.167,1,6,.167,0,0,,.250,0,0,,0,0,0,0,0,0,1,4,3,-3.4,Mallorie Haines,https://www.sports-reference.com/cbb/players/mallorie-haines-1.html,davidson,2024-25
21,92,22,2025-02-02,Davidson,@,VCU,REG (Conf),W 54-51,*,9,2,3,.667,1,2,.500,1,1,1.000,.833,0,0,,0,0,0,0,0,0,0,3,5,2.5,Mallorie Haines,https://www.sports-reference.com/cbb/players/mallorie-haines-1.html,davidson,2024-25
22,93,23,2025-02-05,Davidson,,Loyola Chicago,REG (Conf),W 68-51,*,20,4,12,.333,4,12,.333,0,0,,.500,0,0,,1,3,4,0,0,0,2,2,12,4.0,Mallorie Haines,https://www.sports-reference.com/cbb/players/mallorie-haines-1.html,davidson,2024-25
23,94,24,2025-02-08,Davidson,@,Massachusetts,REG (Conf),W 56-38,*,35,3,6,.500,2,5,.400,1,1,1.000,.667,0,0,,0,6,6,2,0,0,1,2,8,6.4,Mallorie Haines,https://www.sports-reference.com/cbb/players/mallorie-haines-1.html,davidson,2024-25
24,95,25,2025-02-12,Davidson,@,Dayton,REG (Conf),W 61-51,*,29,2,4,.500,2,4,.500,0,0,,.750,0,0,,0,2,2,1,0,0,0,1,6,4.9,Mallorie Haines,https://www.sports-reference.com/cbb/players/mallorie-haines-1.html,davidson,2024-25
25,96,26,2025-02-16,Davidson,,St. Bonaventure,REG (Conf),W 55-37,*,24,2,3,.667,2,2,1.000,0,1,.000,1.000,0,0,,0,4,4,0,0,1,0,2,6,5.8,Mallorie Haines,https://www.sports-reference.com/cbb/players/mallorie-haines-1.html,davidson,2024-25
26,97,27,2025-02-20,Davidson,,George Mason,REG (Conf),W 66-50,*,32,3,3,1.000,3,3,1.000,0,0,,1.500,0,0,,0,3,3,1,0,1,0,1,9,10.0,Mallorie Haines,https://www.sports-reference.com/cbb/players/mallorie-haines-1.html,davidson,2024-25
27,98,28,2025-02-23,Davidson,@,George Washington,REG (Conf),W 73-54,*,23,2,2,1.000,2,2,1.000,0,0,,1.500,1,2,.500,0,3,3,0,0,0,2,2,7,4.1,Mallorie Haines,https://www.sports-reference.com/cbb/players/mallorie-haines-1.html,davidson,2024-25
28,99,29,2025-02-26,Davidson,@,Richmond,REG (Conf),L 46-59,*,22,0,1,.000,0,1,.000,0,0,,.000,0,0,,1,3,4,0,1,1,0,2,0,1.8,Mallorie Haines,https://www.sports-reference.com/cbb/players/mallorie-haines-1.html,davidson,2024-25
29,100,30,2025-03-01,Davidson,,Fordham,REG (Conf),W 64-52,*,27,2,6,.333,2,6,.333,0,0,,.500,0,2,.000,2,3,5,0,0,0,0,2,6,3.3,Mallorie Haines,https://www.sports-reference.com/cbb/players/mallorie-haines-1.html,davidson,2024-25
30,101,31,2025-03-07,Davidson,N,Dayton,CTOURN,W 56-36,*,25,0,2,.000,0,1,.000,0,1,.000,.000,0,0,,0,2,2,0,2,0,2,1,0,-1.2,Mallorie Haines,https://www.sports-reference.com/cbb/players/mallorie-haines-1.html,davidson,2024-25
31,102,32,2025-03-08,Davidson,N,George Mason,CTOURN,L 50-63,*,26,2,3,.667,2,3,.667,0,0,,1.000,0,0,,1,4,5,0,1,0,0,0,6,7.6,Mallorie Haines,https://www.sports-reference.com/cbb/players/mallorie-haines-1.html,davidson,2024-25
32,103,33,2025-03-20,Davidson,@,James Madison,WBIT,L 50-77,*,18,1,3,.333,1,3,.333,0,0,,.500,0,0,,1,2,3,1,0,0,0,1,3,2.9,Mallorie Haines,https://www.sports-reference.com/cbb/players/mallorie-haines-1.html,davidson,2024-25
