ranker,player_game_num_career,team_game_num_season,date,team_name_abbr,game_location,opp_name_abbr,game_type,game_result,is_starter,mp,fg,fga,fg_pct,fg3,fg3a,fg2,fg2a,fg2_pct,efg_pct,ft,fta,ft_pct,orb,drb,trb,ast,stl,blk,tov,pf,pts,game_score,player_name,player_sr_link,school,season
1,70,1,2019-11-05,Georgetown,@,Davidson,REG (Non-Conf),L 52-66,*,36,3,6,.500,0,0,3,6,.500,.500,4,4,1.000,5,4,9,1,1,1,1,0,10,13.1,Anita Kelava,https://www.sports-reference.com/cbb/players/anita-kelava-1.html,georgetown,2019-20
2,71,2,2019-11-12,Georgetown,,Richmond,REG (Non-Conf),L 49-51,*,32,2,8,.250,0,0,2,8,.250,.250,2,2,1.000,3,4,7,5,3,1,2,2,6,8.9,Anita Kelava,https://www.sports-reference.com/cbb/players/anita-kelava-1.html,georgetown,2019-20
3,72,3,2019-11-16,Georgetown,@,Pittsburgh,REG (Non-Conf),W 66-56,*,38,3,6,.500,0,0,3,6,.500,.500,0,0,,3,11,14,1,1,5,4,1,6,9.2,Anita Kelava,https://www.sports-reference.com/cbb/players/anita-kelava-1.html,georgetown,2019-20
4,73,4,2019-11-21,Georgetown,,James Madison,REG (Non-Conf),L 59-66,*,34,2,5,.400,0,0,2,5,.400,.400,0,0,,1,6,7,2,0,3,2,2,4,4.5,Anita Kelava,https://www.sports-reference.com/cbb/players/anita-kelava-1.html,georgetown,2019-20
5,74,5,2019-11-24,Georgetown,@,George Washington,REG (Non-Conf),L 49-52,*,23,3,5,.600,0,0,3,5,.600,.600,2,2,1.000,3,2,5,3,2,1,4,1,8,8.8,Anita Kelava,https://www.sports-reference.com/cbb/players/anita-kelava-1.html,georgetown,2019-20
6,75,6,2019-11-29,Georgetown,@,Loyola Marymount,REG (Non-Conf),W 64-53,*,27,3,6,.500,0,0,3,6,.500,.500,0,0,,1,4,5,3,0,2,1,4,6,5.8,Anita Kelava,https://www.sports-reference.com/cbb/players/anita-kelava-1.html,georgetown,2019-20
7,76,7,2019-11-30,Georgetown,@,Fresno State,REG (Non-Conf),L 69-82,*,35,3,4,.750,0,0,3,4,.750,.750,0,0,,5,3,8,1,0,3,1,0,6,10.6,Anita Kelava,https://www.sports-reference.com/cbb/players/anita-kelava-1.html,georgetown,2019-20
8,77,8,2019-12-06,Georgetown,@,Columbia,REG (Non-Conf),L 49-54,*,28,0,5,.000,0,0,0,5,.000,.000,0,0,,2,6,8,4,0,1,1,1,0,1.8,Anita Kelava,https://www.sports-reference.com/cbb/players/anita-kelava-1.html,georgetown,2019-20
9,78,9,2019-12-08,Georgetown,@,Fordham,REG (Non-Conf),L 54-67,*,20,0,2,.000,0,0,0,2,.000,.000,0,0,,3,1,4,2,0,1,3,1,0,-0.3,Anita Kelava,https://www.sports-reference.com/cbb/players/anita-kelava-1.html,georgetown,2019-20
10,79,10,2019-12-14,Georgetown,,Rider,REG (Non-Conf),L 64-65,,10,1,3,.333,0,0,1,3,.333,.333,0,0,,1,1,2,0,0,0,1,0,2,0.3,Anita Kelava,https://www.sports-reference.com/cbb/players/anita-kelava-1.html,georgetown,2019-20
11,80,11,2019-12-21,Georgetown,@,Maryland Eastern Shore,REG (Non-Conf),W 57-39,,20,2,8,.250,0,0,2,8,.250,.250,0,0,,0,2,2,2,0,0,1,0,4,0.2,Anita Kelava,https://www.sports-reference.com/cbb/players/anita-kelava-1.html,georgetown,2019-20
12,81,12,2019-12-29,Georgetown,,Creighton,REG (Conf),L 56-65,*,33,3,10,.300,0,0,3,10,.300,.300,0,0,,0,6,6,2,0,2,0,2,6,4.0,Anita Kelava,https://www.sports-reference.com/cbb/players/anita-kelava-1.html,georgetown,2019-20
13,82,13,2019-12-31,Georgetown,,Providence,REG (Conf),W 62-53,*,40,1,4,.250,0,0,1,4,.250,.250,2,2,1.000,1,7,8,0,0,0,2,1,4,2.0,Anita Kelava,https://www.sports-reference.com/cbb/players/anita-kelava-1.html,georgetown,2019-20
14,83,14,2020-01-03,Georgetown,@,St. John's (NY),REG (Conf),L 54-71,*,27,1,3,.333,0,0,1,3,.333,.333,2,2,1.000,1,6,7,0,1,0,0,0,4,5.8,Anita Kelava,https://www.sports-reference.com/cbb/players/anita-kelava-1.html,georgetown,2019-20
15,84,15,2020-01-05,Georgetown,@,Seton Hall,REG (Conf),L 60-79,*,29,2,6,.333,0,0,2,6,.333,.333,0,0,,1,8,9,2,1,2,2,3,4,4.3,Anita Kelava,https://www.sports-reference.com/cbb/players/anita-kelava-1.html,georgetown,2019-20
16,85,16,2020-01-10,Georgetown,,Xavier,REG (Conf),L 64-85,*,28,3,6,.500,0,0,3,6,.500,.500,3,4,.750,3,3,6,0,1,3,3,3,9,7.5,Anita Kelava,https://www.sports-reference.com/cbb/players/anita-kelava-1.html,georgetown,2019-20
17,86,17,2020-01-12,Georgetown,,Butler,REG (Conf),L 46-47,*,40,3,7,.429,0,0,3,7,.429,.429,2,2,1.000,5,9,14,2,1,2,1,0,8,13.3,Anita Kelava,https://www.sports-reference.com/cbb/players/anita-kelava-1.html,georgetown,2019-20
18,87,18,2020-01-18,Georgetown,@,Villanova,REG (Conf),L 53-74,*,36,1,4,.250,0,0,1,4,.250,.250,0,0,,3,6,9,2,0,3,1,0,2,6.0,Anita Kelava,https://www.sports-reference.com/cbb/players/anita-kelava-1.html,georgetown,2019-20
19,88,19,2020-01-24,Georgetown,@,Marquette,REG (Conf),L 51-73,*,37,3,9,.333,0,0,3,9,.333,.333,0,0,,5,7,12,5,1,2,1,3,6,10.2,Anita Kelava,https://www.sports-reference.com/cbb/players/anita-kelava-1.html,georgetown,2019-20
20,89,20,2020-01-26,Georgetown,@,DePaul,REG (Conf),L 66-92,*,25,5,9,.556,0,0,5,9,.556,.556,0,0,,3,4,7,2,0,1,2,2,10,8.3,Anita Kelava,https://www.sports-reference.com/cbb/players/anita-kelava-1.html,georgetown,2019-20
21,90,21,2020-01-31,Georgetown,,Seton Hall,REG (Conf),L 47-61,*,40,4,11,.364,0,0,4,11,.364,.364,0,0,,8,2,10,1,2,2,1,2,8,10.4,Anita Kelava,https://www.sports-reference.com/cbb/players/anita-kelava-1.html,georgetown,2019-20
22,91,22,2020-02-02,Georgetown,,St. John's (NY),REG (Conf),L 68-74,*,36,5,9,.556,0,0,5,9,.556,.556,2,2,1.000,6,8,14,2,0,2,1,4,12,14.5,Anita Kelava,https://www.sports-reference.com/cbb/players/anita-kelava-1.html,georgetown,2019-20
23,92,23,2020-02-07,Georgetown,@,Butler,REG (Conf),L 42-60,*,39,3,6,.500,0,0,3,6,.500,.500,0,0,,1,2,3,0,1,0,4,4,6,-0.3,Anita Kelava,https://www.sports-reference.com/cbb/players/anita-kelava-1.html,georgetown,2019-20
24,93,24,2020-02-09,Georgetown,@,Xavier,REG (Conf),W 63-50,*,38,5,13,.385,0,0,5,13,.385,.385,2,3,.667,2,4,6,0,1,3,2,3,12,7.0,Anita Kelava,https://www.sports-reference.com/cbb/players/anita-kelava-1.html,georgetown,2019-20
25,94,25,2020-02-16,Georgetown,,Villanova,REG (Conf),L 40-48,*,35,2,3,.667,0,0,2,3,.667,.667,0,0,,2,6,8,0,0,4,1,0,4,7.7,Anita Kelava,https://www.sports-reference.com/cbb/players/anita-kelava-1.html,georgetown,2019-20
26,95,26,2020-02-21,Georgetown,,DePaul,REG (Conf),L 69-87,*,31,4,6,.667,0,0,4,6,.667,.667,2,4,.500,0,3,3,3,0,4,2,0,10,10.4,Anita Kelava,https://www.sports-reference.com/cbb/players/anita-kelava-1.html,georgetown,2019-20
27,96,27,2020-02-23,Georgetown,,Marquette,REG (Conf),L 56-76,*,35,2,8,.250,0,0,2,8,.250,.250,0,0,,1,5,6,2,2,1,0,3,4,4.3,Anita Kelava,https://www.sports-reference.com/cbb/players/anita-kelava-1.html,georgetown,2019-20
28,97,28,2020-02-28,Georgetown,@,Providence,REG (Conf),L 55-62,*,38,5,8,.625,0,0,5,8,.625,.625,2,4,.500,6,5,11,1,3,0,1,1,12,15.6,Anita Kelava,https://www.sports-reference.com/cbb/players/anita-kelava-1.html,georgetown,2019-20
29,98,29,2020-03-01,Georgetown,@,Creighton,REG (Conf),L 78-95,*,35,7,9,.778,0,0,7,9,.778,.778,2,3,.667,1,1,2,3,0,0,2,1,16,12.8,Anita Kelava,https://www.sports-reference.com/cbb/players/anita-kelava-1.html,georgetown,2019-20
30,99,30,2020-03-06,Georgetown,@,Providence,CTOURN,L 46-49,*,32,2,6,.333,0,0,2,6,.333,.333,4,4,1.000,3,8,11,1,1,4,3,0,8,10.6,Anita Kelava,https://www.sports-reference.com/cbb/players/anita-kelava-1.html,georgetown,2019-20
