ranker,player_game_num_career,team_game_num_season,date,team_name_abbr,game_location,opp_name_abbr,game_type,game_result,is_starter,mp,fg,fga,fg_pct,fg3,fg3a,fg3_pct,fg2,fg2a,fg2_pct,efg_pct,ft,fta,ft_pct,orb,drb,trb,ast,stl,blk,tov,pf,pts,game_score,player_name,player_sr_link,school,season
1,36,2,2019-11-12,Georgetown,,Richmond,REG (Non-Conf),L 49-51,,8,0,0,,0,0,,0,0,,,0,0,,0,0,0,0,0,0,1,0,0,-1.0,Breonna Mayfield,https://www.sports-reference.com/cbb/players/breonna-mayfield-1.html,georgetown,2019-20
2,37,3,2019-11-16,Georgetown,@,Pittsburgh,REG (Non-Conf),W 66-56,,9,1,1,1.000,0,0,,1,1,1.000,1.000,0,0,,0,4,4,0,0,1,1,0,2,2.6,Breonna Mayfield,https://www.sports-reference.com/cbb/players/breonna-mayfield-1.html,georgetown,2019-20
3,38,4,2019-11-21,Georgetown,,James Madison,REG (Non-Conf),L 59-66,,14,1,2,.500,0,0,,1,2,.500,.500,2,2,1.000,4,2,6,0,0,2,1,0,4,6.8,Breonna Mayfield,https://www.sports-reference.com/cbb/players/breonna-mayfield-1.html,georgetown,2019-20
4,39,5,2019-11-24,Georgetown,@,George Washington,REG (Non-Conf),L 49-52,,12,0,2,.000,0,0,,0,2,.000,.000,0,0,,4,1,5,0,1,0,1,0,0,1.7,Breonna Mayfield,https://www.sports-reference.com/cbb/players/breonna-mayfield-1.html,georgetown,2019-20
5,40,6,2019-11-29,Georgetown,@,Loyola Marymount,REG (Non-Conf),W 64-53,,24,2,4,.500,0,0,,2,4,.500,.500,0,2,.000,3,5,8,1,1,3,0,1,4,8.2,Breonna Mayfield,https://www.sports-reference.com/cbb/players/breonna-mayfield-1.html,georgetown,2019-20
6,41,8,2019-12-06,Georgetown,@,Columbia,REG (Non-Conf),L 49-54,,8,1,3,.333,0,0,,1,3,.333,.333,0,0,,0,1,1,0,0,0,0,0,2,0.6,Breonna Mayfield,https://www.sports-reference.com/cbb/players/breonna-mayfield-1.html,georgetown,2019-20
7,42,10,2019-12-14,Georgetown,,Rider,REG (Non-Conf),L 64-65,,5,1,4,.250,0,0,,1,4,.250,.250,0,0,,3,0,3,0,0,0,0,0,2,1.7,Breonna Mayfield,https://www.sports-reference.com/cbb/players/breonna-mayfield-1.html,georgetown,2019-20
8,43,11,2019-12-21,Georgetown,@,Maryland Eastern Shore,REG (Non-Conf),W 57-39,,7,0,1,.000,0,0,,0,1,.000,.000,0,0,,2,2,4,0,0,0,1,0,0,0.3,Breonna Mayfield,https://www.sports-reference.com/cbb/players/breonna-mayfield-1.html,georgetown,2019-20
9,44,13,2019-12-31,Georgetown,,Providence,REG (Conf),W 62-53,,17,2,6,.333,0,0,,2,6,.333,.333,0,0,,2,1,3,0,0,2,0,2,4,2.9,Breonna Mayfield,https://www.sports-reference.com/cbb/players/breonna-mayfield-1.html,georgetown,2019-20
10,45,14,2020-01-03,Georgetown,@,St. John's (NY),REG (Conf),L 54-71,,4,0,0,,0,0,,0,0,,,0,0,,1,0,1,0,0,0,1,0,0,-0.3,Breonna Mayfield,https://www.sports-reference.com/cbb/players/breonna-mayfield-1.html,georgetown,2019-20
11,46,15,2020-01-05,Georgetown,@,Seton Hall,REG (Conf),L 60-79,,5,0,0,,0,0,,0,0,,,0,0,,0,0,0,0,0,0,1,1,0,-1.4,Breonna Mayfield,https://www.sports-reference.com/cbb/players/breonna-mayfield-1.html,georgetown,2019-20
12,47,16,2020-01-10,Georgetown,,Xavier,REG (Conf),L 64-85,,8,0,3,.000,0,0,,0,3,.000,.000,0,0,,1,1,2,0,0,0,1,0,0,-2.1,Breonna Mayfield,https://www.sports-reference.com/cbb/players/breonna-mayfield-1.html,georgetown,2019-20
13,48,17,2020-01-12,Georgetown,,Butler,REG (Conf),L 46-47,,5,1,1,1.000,0,0,,1,1,1.000,1.000,0,0,,0,0,0,0,0,1,0,1,2,2.0,Breonna Mayfield,https://www.sports-reference.com/cbb/players/breonna-mayfield-1.html,georgetown,2019-20
14,49,19,2020-01-24,Georgetown,@,Marquette,REG (Conf),L 51-73,,3,0,0,,0,0,,0,0,,,0,0,,0,0,0,1,1,0,0,0,0,1.7,Breonna Mayfield,https://www.sports-reference.com/cbb/players/breonna-mayfield-1.html,georgetown,2019-20
15,50,20,2020-01-26,Georgetown,@,DePaul,REG (Conf),L 66-92,,6,0,1,.000,0,0,,0,1,.000,.000,0,0,,0,0,0,0,1,0,0,1,0,-0.1,Breonna Mayfield,https://www.sports-reference.com/cbb/players/breonna-mayfield-1.html,georgetown,2019-20
16,51,23,2020-02-07,Georgetown,@,Butler,REG (Conf),L 42-60,,6,0,1,.000,0,0,,0,1,.000,.000,0,0,,0,0,0,0,0,2,1,0,0,-0.3,Breonna Mayfield,https://www.sports-reference.com/cbb/players/breonna-mayfield-1.html,georgetown,2019-20
17,52,24,2020-02-09,Georgetown,@,Xavier,REG (Conf),W 63-50,,2,0,0,,0,0,,0,0,,,0,0,,0,1,1,0,0,0,0,0,0,0.3,Breonna Mayfield,https://www.sports-reference.com/cbb/players/breonna-mayfield-1.html,georgetown,2019-20
18,53,26,2020-02-21,Georgetown,,DePaul,REG (Conf),L 69-87,,4,0,1,.000,0,1,.000,0,0,,.000,0,2,.000,0,1,1,0,0,0,1,2,0,-3.0,Breonna Mayfield,https://www.sports-reference.com/cbb/players/breonna-mayfield-1.html,georgetown,2019-20
19,54,28,2020-02-28,Georgetown,@,Providence,REG (Conf),L 55-62,*,9,1,2,.500,0,0,,1,2,.500,.500,0,0,,1,0,1,0,0,1,2,1,2,0.0,Breonna Mayfield,https://www.sports-reference.com/cbb/players/breonna-mayfield-1.html,georgetown,2019-20
20,55,30,2020-03-06,Georgetown,@,Providence,CTOURN,L 46-49,*,9,0,1,.000,0,0,,0,1,.000,.000,0,0,,0,2,2,0,1,0,0,0,0,0.9,Breonna Mayfield,https://www.sports-reference.com/cbb/players/breonna-mayfield-1.html,georgetown,2019-20
