ranker,player_game_num_career,team_game_num_season,date,team_name_abbr,game_location,opp_name_abbr,game_type,game_result,is_starter,mp,fg,fga,fg_pct,fg3,fg3a,fg3_pct,fg2,fg2a,fg2_pct,efg_pct,ft,fta,ft_pct,orb,drb,trb,ast,stl,blk,tov,pf,pts,game_score,player_name,player_sr_link,school,season
1,79,1,2019-11-05,Georgetown,@,Davidson,REG (Non-Conf),L 52-66,*,21,2,6,.333,1,2,.500,1,4,.250,.417,0,0,,0,5,5,0,1,0,3,2,5,0.3,Brianna Jones,https://www.sports-reference.com/cbb/players/brianna-jones-3.html,georgetown,2019-20
2,80,2,2019-11-12,Georgetown,,Richmond,REG (Non-Conf),L 49-51,*,38,3,11,.273,1,3,.333,2,8,.250,.318,0,0,,1,8,9,2,1,0,0,1,7,5.6,Brianna Jones,https://www.sports-reference.com/cbb/players/brianna-jones-3.html,georgetown,2019-20
3,81,3,2019-11-16,Georgetown,@,Pittsburgh,REG (Non-Conf),W 66-56,*,19,3,8,.375,0,4,.000,3,4,.750,.375,2,3,.667,0,2,2,3,0,0,0,2,8,5.1,Brianna Jones,https://www.sports-reference.com/cbb/players/brianna-jones-3.html,georgetown,2019-20
4,82,4,2019-11-21,Georgetown,,James Madison,REG (Non-Conf),L 59-66,*,33,5,14,.357,2,6,.333,3,8,.375,.429,1,2,.500,0,1,1,2,0,1,0,1,13,6.8,Brianna Jones,https://www.sports-reference.com/cbb/players/brianna-jones-3.html,georgetown,2019-20
5,83,5,2019-11-24,Georgetown,@,George Washington,REG (Non-Conf),L 49-52,*,30,4,9,.444,1,2,.500,3,7,.429,.500,3,4,.750,0,2,2,0,1,1,1,1,12,7.8,Brianna Jones,https://www.sports-reference.com/cbb/players/brianna-jones-3.html,georgetown,2019-20
6,84,6,2019-11-29,Georgetown,@,Loyola Marymount,REG (Non-Conf),W 64-53,,26,6,12,.500,2,3,.667,4,9,.444,.583,2,2,1.000,2,4,6,1,3,0,3,2,16,12.5,Brianna Jones,https://www.sports-reference.com/cbb/players/brianna-jones-3.html,georgetown,2019-20
7,85,7,2019-11-30,Georgetown,@,Fresno State,REG (Non-Conf),L 69-82,,30,8,16,.500,2,7,.286,6,9,.667,.563,1,2,.500,0,3,3,2,1,1,0,2,19,13.8,Brianna Jones,https://www.sports-reference.com/cbb/players/brianna-jones-3.html,georgetown,2019-20
8,86,8,2019-12-06,Georgetown,@,Columbia,REG (Non-Conf),L 49-54,,31,3,14,.214,0,6,.000,3,8,.375,.214,0,0,,2,2,4,0,1,0,1,4,6,-2.2,Brianna Jones,https://www.sports-reference.com/cbb/players/brianna-jones-3.html,georgetown,2019-20
9,87,9,2019-12-08,Georgetown,@,Fordham,REG (Non-Conf),L 54-67,*,29,5,15,.333,1,3,.333,4,12,.333,.367,0,1,.000,2,5,7,1,1,0,0,4,11,5.1,Brianna Jones,https://www.sports-reference.com/cbb/players/brianna-jones-3.html,georgetown,2019-20
10,88,10,2019-12-14,Georgetown,,Rider,REG (Non-Conf),L 64-65,*,36,5,13,.385,1,3,.333,4,10,.400,.423,1,2,.500,1,4,5,2,0,0,2,1,12,5.4,Brianna Jones,https://www.sports-reference.com/cbb/players/brianna-jones-3.html,georgetown,2019-20
11,89,11,2019-12-21,Georgetown,@,Maryland Eastern Shore,REG (Non-Conf),W 57-39,*,23,1,6,.167,0,3,.000,1,3,.333,.167,0,0,,2,3,5,4,0,0,2,0,2,1.3,Brianna Jones,https://www.sports-reference.com/cbb/players/brianna-jones-3.html,georgetown,2019-20
12,90,12,2019-12-29,Georgetown,,Creighton,REG (Conf),L 56-65,*,33,1,8,.125,0,2,.000,1,6,.167,.125,1,1,1.000,2,9,11,0,3,0,0,3,3,3.7,Brianna Jones,https://www.sports-reference.com/cbb/players/brianna-jones-3.html,georgetown,2019-20
13,91,13,2019-12-31,Georgetown,,Providence,REG (Conf),W 62-53,*,18,2,5,.400,1,2,.500,1,3,.333,.500,0,0,,1,4,5,1,2,0,1,2,5,5.1,Brianna Jones,https://www.sports-reference.com/cbb/players/brianna-jones-3.html,georgetown,2019-20
14,92,14,2020-01-03,Georgetown,@,St. John's (NY),REG (Conf),L 54-71,*,21,5,10,.500,1,2,.500,4,8,.500,.550,0,0,,1,5,6,0,0,0,1,2,11,6.4,Brianna Jones,https://www.sports-reference.com/cbb/players/brianna-jones-3.html,georgetown,2019-20
15,93,15,2020-01-05,Georgetown,@,Seton Hall,REG (Conf),L 60-79,*,30,5,10,.500,1,3,.333,4,7,.571,.550,0,0,,0,4,4,1,0,0,0,2,11,7.1,Brianna Jones,https://www.sports-reference.com/cbb/players/brianna-jones-3.html,georgetown,2019-20
16,94,16,2020-01-10,Georgetown,,Xavier,REG (Conf),L 64-85,*,28,5,11,.455,1,6,.167,4,5,.800,.500,2,2,1.000,0,1,1,1,0,0,1,2,13,6.5,Brianna Jones,https://www.sports-reference.com/cbb/players/brianna-jones-3.html,georgetown,2019-20
17,95,17,2020-01-12,Georgetown,,Butler,REG (Conf),L 46-47,*,34,3,10,.300,0,2,.000,3,8,.375,.300,1,2,.500,1,5,6,5,1,1,1,1,7,6.8,Brianna Jones,https://www.sports-reference.com/cbb/players/brianna-jones-3.html,georgetown,2019-20
18,96,18,2020-01-18,Georgetown,@,Villanova,REG (Conf),L 53-74,*,26,2,11,.182,0,3,.000,2,8,.250,.182,0,0,,0,2,2,1,0,0,0,0,4,-1.6,Brianna Jones,https://www.sports-reference.com/cbb/players/brianna-jones-3.html,georgetown,2019-20
19,97,19,2020-01-24,Georgetown,@,Marquette,REG (Conf),L 51-73,*,29,2,11,.182,0,5,.000,2,6,.333,.182,1,1,1.000,0,4,4,0,0,0,3,1,5,-4.1,Brianna Jones,https://www.sports-reference.com/cbb/players/brianna-jones-3.html,georgetown,2019-20
20,98,20,2020-01-26,Georgetown,@,DePaul,REG (Conf),L 66-92,*,27,3,7,.429,1,3,.333,2,4,.500,.500,3,5,.600,1,5,6,1,0,0,1,0,10,7.4,Brianna Jones,https://www.sports-reference.com/cbb/players/brianna-jones-3.html,georgetown,2019-20
21,99,21,2020-01-31,Georgetown,,Seton Hall,REG (Conf),L 47-61,*,32,2,12,.167,1,6,.167,1,6,.167,.208,0,0,,0,3,3,2,0,0,2,2,5,-3.1,Brianna Jones,https://www.sports-reference.com/cbb/players/brianna-jones-3.html,georgetown,2019-20
22,100,22,2020-02-02,Georgetown,,St. John's (NY),REG (Conf),L 68-74,*,34,4,9,.444,2,4,.500,2,5,.400,.556,0,0,,0,2,2,1,0,1,2,3,10,4.1,Brianna Jones,https://www.sports-reference.com/cbb/players/brianna-jones-3.html,georgetown,2019-20
23,101,23,2020-02-07,Georgetown,@,Butler,REG (Conf),L 42-60,*,33,2,12,.167,0,3,.000,2,9,.222,.167,1,2,.500,2,6,8,3,0,0,4,1,5,-2.1,Brianna Jones,https://www.sports-reference.com/cbb/players/brianna-jones-3.html,georgetown,2019-20
24,102,24,2020-02-09,Georgetown,@,Xavier,REG (Conf),W 63-50,*,37,6,14,.429,3,7,.429,3,7,.429,.536,1,1,1.000,3,9,12,2,0,0,3,3,16,10.6,Brianna Jones,https://www.sports-reference.com/cbb/players/brianna-jones-3.html,georgetown,2019-20
25,103,25,2020-02-16,Georgetown,,Villanova,REG (Conf),L 40-48,*,22,1,7,.143,0,2,.000,1,5,.200,.143,0,0,,1,2,3,1,1,0,1,2,2,-1.3,Brianna Jones,https://www.sports-reference.com/cbb/players/brianna-jones-3.html,georgetown,2019-20
26,104,26,2020-02-21,Georgetown,,DePaul,REG (Conf),L 69-87,*,27,3,7,.429,2,3,.667,1,4,.250,.571,0,0,,0,2,2,3,0,0,2,4,8,3.4,Brianna Jones,https://www.sports-reference.com/cbb/players/brianna-jones-3.html,georgetown,2019-20
27,105,27,2020-02-23,Georgetown,,Marquette,REG (Conf),L 56-76,*,27,4,10,.400,1,2,.500,3,8,.375,.450,2,2,1.000,0,1,1,0,2,1,0,2,11,7.8,Brianna Jones,https://www.sports-reference.com/cbb/players/brianna-jones-3.html,georgetown,2019-20
28,106,28,2020-02-28,Georgetown,@,Providence,REG (Conf),L 55-62,*,40,10,16,.625,4,8,.500,6,8,.750,.750,0,0,,2,4,6,0,2,0,1,2,24,19.6,Brianna Jones,https://www.sports-reference.com/cbb/players/brianna-jones-3.html,georgetown,2019-20
29,107,29,2020-03-01,Georgetown,@,Creighton,REG (Conf),L 78-95,*,35,3,7,.429,1,2,.500,2,5,.400,.500,0,0,,0,5,5,1,1,0,2,3,7,3.3,Brianna Jones,https://www.sports-reference.com/cbb/players/brianna-jones-3.html,georgetown,2019-20
30,108,30,2020-03-06,Georgetown,@,Providence,CTOURN,L 46-49,*,34,2,15,.133,1,8,.125,1,7,.143,.167,2,2,1.000,3,3,6,3,1,0,0,2,7,2.6,Brianna Jones,https://www.sports-reference.com/cbb/players/brianna-jones-3.html,georgetown,2019-20
