ranker,player_game_num_career,team_game_num_season,date,team_name_abbr,game_location,opp_name_abbr,game_type,game_result,is_starter,mp,fg,fga,fg_pct,fg3,fg3a,fg3_pct,fg2,fg2a,fg2_pct,efg_pct,ft,fta,ft_pct,orb,drb,trb,ast,stl,blk,tov,pf,pts,game_score,player_name,player_sr_link,school,season
1,29,1,2019-11-05,Georgetown,@,Davidson,REG (Non-Conf),L 52-66,,22,2,11,.182,0,6,.000,2,5,.400,.182,0,0,,2,1,3,1,2,1,1,2,4,0.4,Cassandra Gordon,https://www.sports-reference.com/cbb/players/cassandra-gordon-1.html,georgetown,2019-20
2,30,2,2019-11-12,Georgetown,,Richmond,REG (Non-Conf),L 49-51,*,22,0,4,.000,0,2,.000,0,2,.000,.000,0,0,,0,1,1,0,0,0,1,1,0,-3.9,Cassandra Gordon,https://www.sports-reference.com/cbb/players/cassandra-gordon-1.html,georgetown,2019-20
3,31,3,2019-11-16,Georgetown,@,Pittsburgh,REG (Non-Conf),W 66-56,,27,5,11,.455,0,3,.000,5,8,.625,.455,2,4,.500,0,4,4,3,0,0,1,1,12,7.4,Cassandra Gordon,https://www.sports-reference.com/cbb/players/cassandra-gordon-1.html,georgetown,2019-20
4,32,4,2019-11-21,Georgetown,,James Madison,REG (Non-Conf),L 59-66,,11,1,2,.500,0,0,,1,2,.500,.500,0,0,,0,0,0,2,0,0,1,2,2,0.6,Cassandra Gordon,https://www.sports-reference.com/cbb/players/cassandra-gordon-1.html,georgetown,2019-20
5,33,5,2019-11-24,Georgetown,@,George Washington,REG (Non-Conf),L 49-52,,11,0,2,.000,0,1,.000,0,1,.000,.000,0,0,,1,0,1,0,1,0,1,1,0,-1.1,Cassandra Gordon,https://www.sports-reference.com/cbb/players/cassandra-gordon-1.html,georgetown,2019-20
6,34,6,2019-11-29,Georgetown,@,Loyola Marymount,REG (Non-Conf),W 64-53,*,27,3,13,.231,1,4,.250,2,9,.222,.269,0,0,,0,1,1,1,1,0,0,0,7,1.1,Cassandra Gordon,https://www.sports-reference.com/cbb/players/cassandra-gordon-1.html,georgetown,2019-20
7,35,7,2019-11-30,Georgetown,@,Fresno State,REG (Non-Conf),L 69-82,*,31,4,8,.500,0,3,.000,4,5,.800,.500,1,2,.500,2,4,6,2,1,0,2,3,9,6.4,Cassandra Gordon,https://www.sports-reference.com/cbb/players/cassandra-gordon-1.html,georgetown,2019-20
8,36,8,2019-12-06,Georgetown,@,Columbia,REG (Non-Conf),L 49-54,*,10,1,4,.250,1,3,.333,0,1,.000,.375,0,0,,0,0,0,0,0,0,1,0,3,-0.4,Cassandra Gordon,https://www.sports-reference.com/cbb/players/cassandra-gordon-1.html,georgetown,2019-20
9,37,9,2019-12-08,Georgetown,@,Fordham,REG (Non-Conf),L 54-67,,6,0,2,.000,0,0,,0,2,.000,.000,0,0,,0,0,0,0,0,0,0,1,0,-1.8,Cassandra Gordon,https://www.sports-reference.com/cbb/players/cassandra-gordon-1.html,georgetown,2019-20
10,38,11,2019-12-21,Georgetown,@,Maryland Eastern Shore,REG (Non-Conf),W 57-39,,7,1,2,.500,1,2,.500,0,0,,.750,0,0,,1,1,2,0,0,0,1,2,3,1.2,Cassandra Gordon,https://www.sports-reference.com/cbb/players/cassandra-gordon-1.html,georgetown,2019-20
11,39,12,2019-12-29,Georgetown,,Creighton,REG (Conf),L 56-65,,12,0,3,.000,0,2,.000,0,1,.000,.000,0,0,,0,1,1,1,0,0,0,0,0,-1.1,Cassandra Gordon,https://www.sports-reference.com/cbb/players/cassandra-gordon-1.html,georgetown,2019-20
12,40,14,2020-01-03,Georgetown,@,St. John's (NY),REG (Conf),L 54-71,,10,0,1,.000,0,0,,0,1,.000,.000,0,0,,0,0,0,0,0,0,1,0,0,-1.7,Cassandra Gordon,https://www.sports-reference.com/cbb/players/cassandra-gordon-1.html,georgetown,2019-20
13,41,15,2020-01-05,Georgetown,@,Seton Hall,REG (Conf),L 60-79,,19,0,0,,0,0,,0,0,,,0,0,,0,1,1,0,0,0,0,0,0,0.3,Cassandra Gordon,https://www.sports-reference.com/cbb/players/cassandra-gordon-1.html,georgetown,2019-20
14,42,16,2020-01-10,Georgetown,,Xavier,REG (Conf),L 64-85,,20,0,5,.000,0,2,.000,0,3,.000,.000,0,0,,0,2,2,2,0,0,0,0,0,-1.5,Cassandra Gordon,https://www.sports-reference.com/cbb/players/cassandra-gordon-1.html,georgetown,2019-20
15,43,17,2020-01-12,Georgetown,,Butler,REG (Conf),L 46-47,,18,0,2,.000,0,1,.000,0,1,.000,.000,0,0,,0,1,1,0,1,1,1,1,0,-0.8,Cassandra Gordon,https://www.sports-reference.com/cbb/players/cassandra-gordon-1.html,georgetown,2019-20
16,44,18,2020-01-18,Georgetown,@,Villanova,REG (Conf),L 53-74,,14,0,2,.000,0,1,.000,0,1,.000,.000,0,0,,0,0,0,1,0,0,0,0,0,-0.7,Cassandra Gordon,https://www.sports-reference.com/cbb/players/cassandra-gordon-1.html,georgetown,2019-20
17,45,19,2020-01-24,Georgetown,@,Marquette,REG (Conf),L 51-73,,5,0,0,,0,0,,0,0,,,0,0,,0,0,0,0,0,0,0,0,0,0.0,Cassandra Gordon,https://www.sports-reference.com/cbb/players/cassandra-gordon-1.html,georgetown,2019-20
18,46,20,2020-01-26,Georgetown,@,DePaul,REG (Conf),L 66-92,,22,3,5,.600,3,5,.600,0,0,,.900,0,0,,0,1,1,1,0,0,1,0,9,6.7,Cassandra Gordon,https://www.sports-reference.com/cbb/players/cassandra-gordon-1.html,georgetown,2019-20
19,47,21,2020-01-31,Georgetown,,Seton Hall,REG (Conf),L 47-61,,20,2,5,.400,2,4,.500,0,1,.000,.600,0,0,,0,3,3,0,1,0,1,1,6,3.8,Cassandra Gordon,https://www.sports-reference.com/cbb/players/cassandra-gordon-1.html,georgetown,2019-20
20,48,22,2020-02-02,Georgetown,,St. John's (NY),REG (Conf),L 68-74,,22,3,3,1.000,1,1,1.000,2,2,1.000,1.167,1,1,1.000,1,1,2,1,0,0,2,1,8,6.4,Cassandra Gordon,https://www.sports-reference.com/cbb/players/cassandra-gordon-1.html,georgetown,2019-20
21,49,23,2020-02-07,Georgetown,@,Butler,REG (Conf),L 42-60,,17,3,6,.500,2,4,.500,1,2,.500,.667,0,0,,1,3,4,0,0,0,1,0,8,5.6,Cassandra Gordon,https://www.sports-reference.com/cbb/players/cassandra-gordon-1.html,georgetown,2019-20
22,50,24,2020-02-09,Georgetown,@,Xavier,REG (Conf),W 63-50,,18,1,1,1.000,1,1,1.000,0,0,,1.500,0,0,,0,1,1,1,0,0,1,0,3,2.7,Cassandra Gordon,https://www.sports-reference.com/cbb/players/cassandra-gordon-1.html,georgetown,2019-20
23,51,25,2020-02-16,Georgetown,,Villanova,REG (Conf),L 40-48,,23,1,5,.200,0,2,.000,1,3,.333,.200,0,0,,0,4,4,1,0,0,0,1,2,0.4,Cassandra Gordon,https://www.sports-reference.com/cbb/players/cassandra-gordon-1.html,georgetown,2019-20
24,52,26,2020-02-21,Georgetown,,DePaul,REG (Conf),L 69-87,,23,4,6,.667,2,3,.667,2,3,.667,.833,0,0,,0,1,1,2,2,0,1,1,10,9.7,Cassandra Gordon,https://www.sports-reference.com/cbb/players/cassandra-gordon-1.html,georgetown,2019-20
25,53,27,2020-02-23,Georgetown,,Marquette,REG (Conf),L 56-76,,8,0,1,.000,0,0,,0,1,.000,.000,0,0,,0,1,1,1,0,0,0,1,0,-0.1,Cassandra Gordon,https://www.sports-reference.com/cbb/players/cassandra-gordon-1.html,georgetown,2019-20
26,54,28,2020-02-28,Georgetown,@,Providence,REG (Conf),L 55-62,,22,1,4,.250,0,2,.000,1,2,.500,.250,1,2,.500,0,1,1,1,1,0,2,1,3,-0.2,Cassandra Gordon,https://www.sports-reference.com/cbb/players/cassandra-gordon-1.html,georgetown,2019-20
27,55,29,2020-03-01,Georgetown,@,Creighton,REG (Conf),L 78-95,*,27,2,5,.400,1,2,.500,1,3,.333,.500,0,0,,1,7,8,0,1,0,0,1,5,5.7,Cassandra Gordon,https://www.sports-reference.com/cbb/players/cassandra-gordon-1.html,georgetown,2019-20
28,56,30,2020-03-06,Georgetown,@,Providence,CTOURN,L 46-49,,23,0,5,.000,0,2,.000,0,3,.000,.000,0,0,,0,2,2,0,0,0,0,1,0,-3.3,Cassandra Gordon,https://www.sports-reference.com/cbb/players/cassandra-gordon-1.html,georgetown,2019-20
