ranker,player_game_num_career,team_game_num_season,date,team_name_abbr,game_location,opp_name_abbr,game_type,game_result,is_starter,mp,fg,fga,fg_pct,fg3,fg3a,fg3_pct,fg2,fg2a,fg2_pct,efg_pct,ft,fta,ft_pct,orb,drb,trb,ast,stl,blk,tov,pf,pts,game_score,player_name,player_sr_link,school,season
1,24,1,2019-11-05,Georgetown,@,Davidson,REG (Non-Conf),L 52-66,,11,1,3,.333,0,1,.000,1,2,.500,.333,0,0,,0,3,3,0,1,0,1,3,2,0.0,Marvellous Osagie-Erese,https://www.sports-reference.com/cbb/players/marvellous-osagie-erese-1.html,georgetown,2019-20
2,25,2,2019-11-12,Georgetown,,Richmond,REG (Non-Conf),L 49-51,,2,0,0,,0,0,,0,0,,,0,0,,0,0,0,0,0,0,1,0,0,-1.0,Marvellous Osagie-Erese,https://www.sports-reference.com/cbb/players/marvellous-osagie-erese-1.html,georgetown,2019-20
3,26,7,2019-11-30,Georgetown,@,Fresno State,REG (Non-Conf),L 69-82,,7,1,4,.250,0,2,.000,1,2,.500,.250,2,2,1.000,0,1,1,1,3,0,0,1,4,5.2,Marvellous Osagie-Erese,https://www.sports-reference.com/cbb/players/marvellous-osagie-erese-1.html,georgetown,2019-20
4,27,9,2019-12-08,Georgetown,@,Fordham,REG (Non-Conf),L 54-67,,17,1,1,1.000,0,0,,1,1,1.000,1.000,2,4,.500,0,0,0,1,1,0,0,0,4,4.6,Marvellous Osagie-Erese,https://www.sports-reference.com/cbb/players/marvellous-osagie-erese-1.html,georgetown,2019-20
5,28,10,2019-12-14,Georgetown,,Rider,REG (Non-Conf),L 64-65,*,23,4,6,.667,2,3,.667,2,3,.667,.833,2,3,.667,1,2,3,3,2,1,0,5,12,13.1,Marvellous Osagie-Erese,https://www.sports-reference.com/cbb/players/marvellous-osagie-erese-1.html,georgetown,2019-20
6,29,11,2019-12-21,Georgetown,@,Maryland Eastern Shore,REG (Non-Conf),W 57-39,*,19,2,3,.667,1,1,1.000,1,2,.500,.833,0,0,,0,4,4,1,2,0,2,4,5,4.0,Marvellous Osagie-Erese,https://www.sports-reference.com/cbb/players/marvellous-osagie-erese-1.html,georgetown,2019-20
7,30,12,2019-12-29,Georgetown,,Creighton,REG (Conf),L 56-65,*,30,3,5,.600,1,3,.333,2,2,1.000,.700,2,2,1.000,0,6,6,3,0,0,1,4,9,8.0,Marvellous Osagie-Erese,https://www.sports-reference.com/cbb/players/marvellous-osagie-erese-1.html,georgetown,2019-20
8,31,13,2019-12-31,Georgetown,,Providence,REG (Conf),W 62-53,*,29,3,9,.333,1,2,.500,2,7,.286,.389,4,6,.667,3,3,6,4,1,0,1,2,11,10.1,Marvellous Osagie-Erese,https://www.sports-reference.com/cbb/players/marvellous-osagie-erese-1.html,georgetown,2019-20
9,32,14,2020-01-03,Georgetown,@,St. John's (NY),REG (Conf),L 54-71,*,17,0,1,.000,0,1,.000,0,0,,.000,1,2,.500,1,1,2,1,0,0,1,5,1,-1.4,Marvellous Osagie-Erese,https://www.sports-reference.com/cbb/players/marvellous-osagie-erese-1.html,georgetown,2019-20
10,33,15,2020-01-05,Georgetown,@,Seton Hall,REG (Conf),L 60-79,*,15,1,3,.333,0,0,,1,3,.333,.333,1,2,.500,0,0,0,0,2,0,3,2,3,-0.9,Marvellous Osagie-Erese,https://www.sports-reference.com/cbb/players/marvellous-osagie-erese-1.html,georgetown,2019-20
11,34,16,2020-01-10,Georgetown,,Xavier,REG (Conf),L 64-85,*,20,4,8,.500,0,1,.000,4,7,.571,.500,0,0,,0,1,1,4,3,1,1,1,8,9.4,Marvellous Osagie-Erese,https://www.sports-reference.com/cbb/players/marvellous-osagie-erese-1.html,georgetown,2019-20
12,35,17,2020-01-12,Georgetown,,Butler,REG (Conf),L 46-47,*,27,3,9,.333,1,3,.333,2,6,.333,.389,0,0,,1,5,6,2,0,0,7,4,7,-3.1,Marvellous Osagie-Erese,https://www.sports-reference.com/cbb/players/marvellous-osagie-erese-1.html,georgetown,2019-20
13,36,18,2020-01-18,Georgetown,@,Villanova,REG (Conf),L 53-74,*,19,3,6,.500,1,2,.500,2,4,.500,.583,0,0,,1,2,3,0,1,0,2,1,7,3.9,Marvellous Osagie-Erese,https://www.sports-reference.com/cbb/players/marvellous-osagie-erese-1.html,georgetown,2019-20
14,37,19,2020-01-24,Georgetown,@,Marquette,REG (Conf),L 51-73,*,17,3,8,.375,2,4,.500,1,4,.250,.500,2,2,1.000,0,1,1,5,1,0,2,3,10,7.2,Marvellous Osagie-Erese,https://www.sports-reference.com/cbb/players/marvellous-osagie-erese-1.html,georgetown,2019-20
15,38,20,2020-01-26,Georgetown,@,DePaul,REG (Conf),L 66-92,*,21,1,8,.125,0,1,.000,1,7,.143,.125,1,1,1.000,1,4,5,5,0,0,4,2,3,-1.6,Marvellous Osagie-Erese,https://www.sports-reference.com/cbb/players/marvellous-osagie-erese-1.html,georgetown,2019-20
16,39,21,2020-01-31,Georgetown,,Seton Hall,REG (Conf),L 47-61,*,31,0,8,.000,0,4,.000,0,4,.000,.000,2,2,1.000,0,2,2,3,1,1,2,3,2,-2.4,Marvellous Osagie-Erese,https://www.sports-reference.com/cbb/players/marvellous-osagie-erese-1.html,georgetown,2019-20
17,40,22,2020-02-02,Georgetown,,St. John's (NY),REG (Conf),L 68-74,*,31,5,18,.278,2,7,.286,3,11,.273,.333,0,0,,0,2,2,7,2,0,1,4,12,6.3,Marvellous Osagie-Erese,https://www.sports-reference.com/cbb/players/marvellous-osagie-erese-1.html,georgetown,2019-20
18,41,23,2020-02-07,Georgetown,@,Butler,REG (Conf),L 42-60,*,19,0,4,.000,0,2,.000,0,2,.000,.000,0,0,,1,4,5,4,2,0,1,4,0,1.3,Marvellous Osagie-Erese,https://www.sports-reference.com/cbb/players/marvellous-osagie-erese-1.html,georgetown,2019-20
19,42,24,2020-02-09,Georgetown,@,Xavier,REG (Conf),W 63-50,*,22,0,2,.000,0,1,.000,0,1,.000,.000,0,0,,0,3,3,1,1,0,3,2,0,-2.6,Marvellous Osagie-Erese,https://www.sports-reference.com/cbb/players/marvellous-osagie-erese-1.html,georgetown,2019-20
20,43,25,2020-02-16,Georgetown,,Villanova,REG (Conf),L 40-48,*,18,2,6,.333,1,2,.500,1,4,.250,.417,0,0,,2,2,4,1,0,0,0,3,5,3.1,Marvellous Osagie-Erese,https://www.sports-reference.com/cbb/players/marvellous-osagie-erese-1.html,georgetown,2019-20
21,44,26,2020-02-21,Georgetown,,DePaul,REG (Conf),L 69-87,*,21,1,8,.125,0,1,.000,1,7,.143,.125,0,0,,0,4,4,3,0,1,4,3,2,-4.4,Marvellous Osagie-Erese,https://www.sports-reference.com/cbb/players/marvellous-osagie-erese-1.html,georgetown,2019-20
22,45,27,2020-02-23,Georgetown,,Marquette,REG (Conf),L 56-76,*,18,1,6,.167,0,3,.000,1,3,.333,.167,0,0,,0,1,1,1,0,0,1,1,2,-2.2,Marvellous Osagie-Erese,https://www.sports-reference.com/cbb/players/marvellous-osagie-erese-1.html,georgetown,2019-20
23,46,28,2020-02-28,Georgetown,@,Providence,REG (Conf),L 55-62,*,23,0,4,.000,0,3,.000,0,1,.000,.000,1,2,.500,0,5,5,2,1,0,2,2,1,-1.1,Marvellous Osagie-Erese,https://www.sports-reference.com/cbb/players/marvellous-osagie-erese-1.html,georgetown,2019-20
24,47,29,2020-03-01,Georgetown,@,Creighton,REG (Conf),L 78-95,*,29,7,13,.538,0,2,.000,7,11,.636,.538,3,4,.750,0,5,5,7,0,2,2,4,17,14.5,Marvellous Osagie-Erese,https://www.sports-reference.com/cbb/players/marvellous-osagie-erese-1.html,georgetown,2019-20
25,48,30,2020-03-06,Georgetown,@,Providence,CTOURN,L 46-49,*,23,0,6,.000,0,2,.000,0,4,.000,.000,2,2,1.000,0,0,0,1,1,0,2,5,2,-4.5,Marvellous Osagie-Erese,https://www.sports-reference.com/cbb/players/marvellous-osagie-erese-1.html,georgetown,2019-20
