ranker,player_game_num_career,team_game_num_season,date,team_name_abbr,game_location,opp_name_abbr,game_type,game_result,is_starter,mp,fg,fga,fg_pct,fg3,fg3a,fg3_pct,fg2,fg2a,fg2_pct,efg_pct,ft,fta,ft_pct,orb,drb,trb,ast,stl,blk,tov,pf,pts,game_score,player_name,player_sr_link,school,season
1,36,1,2019-11-05,Georgetown,@,Davidson,REG (Non-Conf),L 52-66,*,31,5,12,.417,2,3,.667,3,9,.333,.500,0,0,,2,5,7,1,1,1,4,3,12,5.7,Nikola Kovacikova,https://www.sports-reference.com/cbb/players/nikola-kovacikova-1.html,georgetown,2019-20
2,37,2,2019-11-12,Georgetown,,Richmond,REG (Non-Conf),L 49-51,*,38,5,15,.333,2,8,.250,3,7,.429,.400,3,6,.500,0,5,5,3,2,0,2,2,15,8.1,Nikola Kovacikova,https://www.sports-reference.com/cbb/players/nikola-kovacikova-1.html,georgetown,2019-20
3,38,3,2019-11-16,Georgetown,@,Pittsburgh,REG (Non-Conf),W 66-56,*,27,3,11,.273,0,6,.000,3,5,.600,.273,0,0,,0,0,0,3,2,2,1,1,6,3.6,Nikola Kovacikova,https://www.sports-reference.com/cbb/players/nikola-kovacikova-1.html,georgetown,2019-20
4,39,4,2019-11-21,Georgetown,,James Madison,REG (Non-Conf),L 59-66,*,34,2,9,.222,0,3,.000,2,6,.333,.222,0,0,,1,1,2,4,1,0,7,4,4,-5.3,Nikola Kovacikova,https://www.sports-reference.com/cbb/players/nikola-kovacikova-1.html,georgetown,2019-20
5,40,5,2019-11-24,Georgetown,@,George Washington,REG (Non-Conf),L 49-52,*,34,0,10,.000,0,6,.000,0,4,.000,.000,0,0,,0,4,4,2,2,1,1,3,0,-3.9,Nikola Kovacikova,https://www.sports-reference.com/cbb/players/nikola-kovacikova-1.html,georgetown,2019-20
6,41,6,2019-11-29,Georgetown,@,Loyola Marymount,REG (Non-Conf),W 64-53,,14,1,5,.200,1,2,.500,0,3,.000,.300,0,0,,0,1,1,0,0,0,2,0,3,-1.8,Nikola Kovacikova,https://www.sports-reference.com/cbb/players/nikola-kovacikova-1.html,georgetown,2019-20
7,42,7,2019-11-30,Georgetown,@,Fresno State,REG (Non-Conf),L 69-82,,23,2,5,.400,2,5,.400,0,0,,.600,2,2,1.000,0,4,4,1,0,0,2,2,8,4.4,Nikola Kovacikova,https://www.sports-reference.com/cbb/players/nikola-kovacikova-1.html,georgetown,2019-20
8,43,8,2019-12-06,Georgetown,@,Columbia,REG (Non-Conf),L 49-54,,30,3,10,.300,0,4,.000,3,6,.500,.300,0,0,,0,4,4,1,0,0,0,2,6,1.3,Nikola Kovacikova,https://www.sports-reference.com/cbb/players/nikola-kovacikova-1.html,georgetown,2019-20
9,44,9,2019-12-08,Georgetown,@,Fordham,REG (Non-Conf),L 54-67,*,22,2,8,.250,0,1,.000,2,7,.286,.250,0,0,,0,1,1,1,1,0,2,2,4,-1.6,Nikola Kovacikova,https://www.sports-reference.com/cbb/players/nikola-kovacikova-1.html,georgetown,2019-20
10,45,10,2019-12-14,Georgetown,,Rider,REG (Non-Conf),L 64-65,,11,1,2,.500,1,1,1.000,0,1,.000,.750,0,0,,0,1,1,4,0,0,3,2,3,1.3,Nikola Kovacikova,https://www.sports-reference.com/cbb/players/nikola-kovacikova-1.html,georgetown,2019-20
11,46,11,2019-12-21,Georgetown,@,Maryland Eastern Shore,REG (Non-Conf),W 57-39,,14,2,5,.400,2,5,.400,0,0,,.600,0,0,,1,0,1,0,0,0,2,0,6,2.0,Nikola Kovacikova,https://www.sports-reference.com/cbb/players/nikola-kovacikova-1.html,georgetown,2019-20
12,47,12,2019-12-29,Georgetown,,Creighton,REG (Conf),L 56-65,,25,4,6,.667,2,3,.667,2,3,.667,.833,0,0,,1,0,1,2,2,0,4,1,10,7.1,Nikola Kovacikova,https://www.sports-reference.com/cbb/players/nikola-kovacikova-1.html,georgetown,2019-20
13,48,13,2019-12-31,Georgetown,,Providence,REG (Conf),W 62-53,,19,2,7,.286,1,2,.500,1,5,.200,.357,0,0,,0,0,0,2,1,0,0,2,5,2.5,Nikola Kovacikova,https://www.sports-reference.com/cbb/players/nikola-kovacikova-1.html,georgetown,2019-20
14,49,14,2020-01-03,Georgetown,@,St. John's (NY),REG (Conf),L 54-71,,24,5,8,.625,2,3,.667,3,5,.600,.750,3,4,.750,0,1,1,2,0,0,3,4,15,8.1,Nikola Kovacikova,https://www.sports-reference.com/cbb/players/nikola-kovacikova-1.html,georgetown,2019-20
15,50,15,2020-01-05,Georgetown,@,Seton Hall,REG (Conf),L 60-79,,17,2,7,.286,1,3,.333,1,4,.250,.357,1,1,1.000,0,2,2,4,0,0,2,0,6,3.3,Nikola Kovacikova,https://www.sports-reference.com/cbb/players/nikola-kovacikova-1.html,georgetown,2019-20
16,51,16,2020-01-10,Georgetown,,Xavier,REG (Conf),L 64-85,,22,6,9,.667,2,2,1.000,4,7,.571,.778,0,0,,2,3,5,1,1,0,2,1,14,11.7,Nikola Kovacikova,https://www.sports-reference.com/cbb/players/nikola-kovacikova-1.html,georgetown,2019-20
17,52,17,2020-01-12,Georgetown,,Butler,REG (Conf),L 46-47,,6,0,1,.000,0,1,.000,0,0,,.000,0,0,,0,1,1,0,0,0,0,0,0,-0.4,Nikola Kovacikova,https://www.sports-reference.com/cbb/players/nikola-kovacikova-1.html,georgetown,2019-20
18,53,18,2020-01-18,Georgetown,@,Villanova,REG (Conf),L 53-74,,29,3,7,.429,3,4,.750,0,3,.000,.643,4,4,1.000,0,1,1,3,1,1,2,3,13,10.2,Nikola Kovacikova,https://www.sports-reference.com/cbb/players/nikola-kovacikova-1.html,georgetown,2019-20
19,54,19,2020-01-24,Georgetown,@,Marquette,REG (Conf),L 51-73,,28,3,12,.250,2,5,.400,1,7,.143,.333,0,0,,2,1,3,2,0,0,5,4,8,-2.7,Nikola Kovacikova,https://www.sports-reference.com/cbb/players/nikola-kovacikova-1.html,georgetown,2019-20
20,55,20,2020-01-26,Georgetown,@,DePaul,REG (Conf),L 66-92,,24,2,6,.333,1,3,.333,1,3,.333,.417,0,0,,0,3,3,2,2,0,3,0,5,2.9,Nikola Kovacikova,https://www.sports-reference.com/cbb/players/nikola-kovacikova-1.html,georgetown,2019-20
21,56,21,2020-01-31,Georgetown,,Seton Hall,REG (Conf),L 47-61,*,37,8,20,.400,4,10,.400,4,10,.400,.500,0,0,,3,9,12,2,0,1,5,3,20,9.9,Nikola Kovacikova,https://www.sports-reference.com/cbb/players/nikola-kovacikova-1.html,georgetown,2019-20
22,57,22,2020-02-02,Georgetown,,St. John's (NY),REG (Conf),L 68-74,*,31,1,11,.091,0,2,.000,1,9,.111,.091,2,2,1.000,0,2,2,3,3,0,0,4,4,0.8,Nikola Kovacikova,https://www.sports-reference.com/cbb/players/nikola-kovacikova-1.html,georgetown,2019-20
23,58,23,2020-02-07,Georgetown,@,Butler,REG (Conf),L 42-60,*,33,3,8,.375,0,4,.000,3,4,.750,.375,0,0,,1,5,6,3,1,1,0,4,6,6.0,Nikola Kovacikova,https://www.sports-reference.com/cbb/players/nikola-kovacikova-1.html,georgetown,2019-20
24,59,24,2020-02-09,Georgetown,@,Xavier,REG (Conf),W 63-50,*,36,2,11,.182,1,4,.250,1,7,.143,.227,5,6,.833,3,7,10,5,1,1,2,2,10,9.3,Nikola Kovacikova,https://www.sports-reference.com/cbb/players/nikola-kovacikova-1.html,georgetown,2019-20
25,60,25,2020-02-16,Georgetown,,Villanova,REG (Conf),L 40-48,*,36,5,15,.333,2,4,.500,3,11,.273,.400,0,0,,2,2,4,6,1,0,1,3,12,8.5,Nikola Kovacikova,https://www.sports-reference.com/cbb/players/nikola-kovacikova-1.html,georgetown,2019-20
26,61,26,2020-02-21,Georgetown,,DePaul,REG (Conf),L 69-87,*,30,4,6,.667,1,1,1.000,3,5,.600,.750,2,2,1.000,0,2,2,2,3,0,5,3,11,7.2,Nikola Kovacikova,https://www.sports-reference.com/cbb/players/nikola-kovacikova-1.html,georgetown,2019-20
27,62,27,2020-02-23,Georgetown,,Marquette,REG (Conf),L 56-76,*,33,4,11,.364,0,1,.000,4,10,.400,.364,0,1,.000,2,2,4,5,3,0,4,3,8,4.8,Nikola Kovacikova,https://www.sports-reference.com/cbb/players/nikola-kovacikova-1.html,georgetown,2019-20
