ranker,player_game_num_career,team_game_num_season,date,team_name_abbr,game_location,opp_name_abbr,game_type,game_result,is_starter,mp,fg,fga,fg_pct,fg3,fg3a,fg3_pct,fg2,fg2a,fg2_pct,efg_pct,ft,fta,ft_pct,orb,drb,trb,ast,stl,blk,tov,pf,pts,game_score,player_name,player_sr_link,school,season
1,61,1,2019-11-05,Georgetown,@,Davidson,REG (Non-Conf),L 52-66,,15,3,8,.375,0,2,.000,3,6,.500,.375,2,4,.500,1,0,1,0,1,0,0,2,8,3.7,Tatiana Thompson,https://www.sports-reference.com/cbb/players/tatiana-thompson-1.html,georgetown,2019-20
2,62,2,2019-11-12,Georgetown,,Richmond,REG (Non-Conf),L 49-51,,32,6,14,.429,0,2,.000,6,12,.500,.429,1,2,.500,1,2,3,1,1,0,1,3,13,6.0,Tatiana Thompson,https://www.sports-reference.com/cbb/players/tatiana-thompson-1.html,georgetown,2019-20
3,63,3,2019-11-16,Georgetown,@,Pittsburgh,REG (Non-Conf),W 66-56,,5,0,0,,0,0,,0,0,,,0,0,,0,0,0,1,0,0,0,1,0,0.3,Tatiana Thompson,https://www.sports-reference.com/cbb/players/tatiana-thompson-1.html,georgetown,2019-20
4,64,4,2019-11-21,Georgetown,,James Madison,REG (Non-Conf),L 59-66,,6,0,4,.000,0,1,.000,0,3,.000,.000,0,0,,1,0,1,0,0,0,0,0,0,-2.1,Tatiana Thompson,https://www.sports-reference.com/cbb/players/tatiana-thompson-1.html,georgetown,2019-20
5,65,5,2019-11-24,Georgetown,@,George Washington,REG (Non-Conf),L 49-52,,17,2,7,.286,0,3,.000,2,4,.500,.286,3,5,.600,0,1,1,0,1,0,2,1,7,1.0,Tatiana Thompson,https://www.sports-reference.com/cbb/players/tatiana-thompson-1.html,georgetown,2019-20
6,66,6,2019-11-29,Georgetown,@,Loyola Marymount,REG (Non-Conf),W 64-53,,13,1,5,.200,0,1,.000,1,4,.250,.200,0,0,,1,3,4,0,1,0,0,2,2,0.7,Tatiana Thompson,https://www.sports-reference.com/cbb/players/tatiana-thompson-1.html,georgetown,2019-20
7,67,7,2019-11-30,Georgetown,@,Fresno State,REG (Non-Conf),L 69-82,*,18,2,5,.400,0,1,.000,2,4,.500,.400,0,0,,0,1,1,0,0,0,3,1,4,-1.8,Tatiana Thompson,https://www.sports-reference.com/cbb/players/tatiana-thompson-1.html,georgetown,2019-20
8,68,8,2019-12-06,Georgetown,@,Columbia,REG (Non-Conf),L 49-54,,21,3,6,.500,1,1,1.000,2,5,.400,.583,0,0,,0,2,2,2,0,1,1,2,7,4.9,Tatiana Thompson,https://www.sports-reference.com/cbb/players/tatiana-thompson-1.html,georgetown,2019-20
9,69,9,2019-12-08,Georgetown,@,Fordham,REG (Non-Conf),L 54-67,,23,4,8,.500,2,3,.667,2,5,.400,.625,0,0,,2,1,3,1,1,0,3,2,10,5.6,Tatiana Thompson,https://www.sports-reference.com/cbb/players/tatiana-thompson-1.html,georgetown,2019-20
10,70,10,2019-12-14,Georgetown,,Rider,REG (Non-Conf),L 64-65,*,30,1,9,.111,0,1,.000,1,8,.125,.111,6,6,1.000,5,6,11,0,1,0,3,2,8,4.6,Tatiana Thompson,https://www.sports-reference.com/cbb/players/tatiana-thompson-1.html,georgetown,2019-20
11,71,11,2019-12-21,Georgetown,@,Maryland Eastern Shore,REG (Non-Conf),W 57-39,*,24,2,5,.400,0,2,.000,2,3,.667,.400,1,2,.500,0,5,5,1,0,0,0,2,5,3.3,Tatiana Thompson,https://www.sports-reference.com/cbb/players/tatiana-thompson-1.html,georgetown,2019-20
12,72,12,2019-12-29,Georgetown,,Creighton,REG (Conf),L 56-65,,7,0,2,.000,0,0,,0,2,.000,.000,1,2,.500,0,1,1,0,0,0,2,1,1,-2.9,Tatiana Thompson,https://www.sports-reference.com/cbb/players/tatiana-thompson-1.html,georgetown,2019-20
13,73,13,2019-12-31,Georgetown,,Providence,REG (Conf),W 62-53,,7,0,1,.000,0,0,,0,1,.000,.000,0,0,,0,2,2,0,0,0,2,0,0,-2.1,Tatiana Thompson,https://www.sports-reference.com/cbb/players/tatiana-thompson-1.html,georgetown,2019-20
14,74,14,2020-01-03,Georgetown,@,St. John's (NY),REG (Conf),L 54-71,,9,0,3,.000,0,0,,0,3,.000,.000,1,2,.500,0,1,1,0,0,0,0,0,1,-1.2,Tatiana Thompson,https://www.sports-reference.com/cbb/players/tatiana-thompson-1.html,georgetown,2019-20
15,75,15,2020-01-05,Georgetown,@,Seton Hall,REG (Conf),L 60-79,,25,3,6,.500,0,1,.000,3,5,.600,.500,0,0,,0,2,2,0,0,0,2,2,6,0.8,Tatiana Thompson,https://www.sports-reference.com/cbb/players/tatiana-thompson-1.html,georgetown,2019-20
16,76,17,2020-01-12,Georgetown,,Butler,REG (Conf),L 46-47,,22,1,4,.250,0,0,,1,4,.250,.250,2,2,1.000,1,2,3,1,2,1,4,1,4,1.9,Tatiana Thompson,https://www.sports-reference.com/cbb/players/tatiana-thompson-1.html,georgetown,2019-20
17,77,19,2020-01-24,Georgetown,@,Marquette,REG (Conf),L 51-73,,3,0,2,.000,0,0,,0,2,.000,.000,0,0,,0,0,0,0,0,0,1,0,0,-2.4,Tatiana Thompson,https://www.sports-reference.com/cbb/players/tatiana-thompson-1.html,georgetown,2019-20
18,78,20,2020-01-26,Georgetown,@,DePaul,REG (Conf),L 66-92,,17,3,8,.375,1,2,.500,2,6,.333,.438,2,2,1.000,1,0,1,1,1,0,0,1,9,6.6,Tatiana Thompson,https://www.sports-reference.com/cbb/players/tatiana-thompson-1.html,georgetown,2019-20
19,79,21,2020-01-31,Georgetown,,Seton Hall,REG (Conf),L 47-61,,5,0,0,,0,0,,0,0,,,0,0,,0,1,1,0,0,0,1,0,0,-0.7,Tatiana Thompson,https://www.sports-reference.com/cbb/players/tatiana-thompson-1.html,georgetown,2019-20
20,80,22,2020-02-02,Georgetown,,St. John's (NY),REG (Conf),L 68-74,,10,0,2,.000,0,0,,0,2,.000,.000,0,0,,0,3,3,0,0,0,1,2,0,-2.3,Tatiana Thompson,https://www.sports-reference.com/cbb/players/tatiana-thompson-1.html,georgetown,2019-20
21,81,23,2020-02-07,Georgetown,@,Butler,REG (Conf),L 42-60,,4,0,1,.000,0,0,,0,1,.000,.000,0,0,,0,0,0,0,0,0,0,1,0,-1.1,Tatiana Thompson,https://www.sports-reference.com/cbb/players/tatiana-thompson-1.html,georgetown,2019-20
22,82,24,2020-02-09,Georgetown,@,Xavier,REG (Conf),W 63-50,,6,2,3,.667,0,0,,2,3,.667,.667,0,0,,0,1,1,0,0,0,0,1,4,2.6,Tatiana Thompson,https://www.sports-reference.com/cbb/players/tatiana-thompson-1.html,georgetown,2019-20
23,83,25,2020-02-16,Georgetown,,Villanova,REG (Conf),L 40-48,,24,1,6,.167,0,1,.000,1,5,.200,.167,0,0,,0,4,4,1,0,0,1,3,2,-2.1,Tatiana Thompson,https://www.sports-reference.com/cbb/players/tatiana-thompson-1.html,georgetown,2019-20
24,84,26,2020-02-21,Georgetown,,DePaul,REG (Conf),L 69-87,,1,0,0,,0,0,,0,0,,,0,0,,0,0,0,0,0,0,0,0,0,0.0,Tatiana Thompson,https://www.sports-reference.com/cbb/players/tatiana-thompson-1.html,georgetown,2019-20
25,85,27,2020-02-23,Georgetown,,Marquette,REG (Conf),L 56-76,,17,3,6,.500,2,3,.667,1,3,.333,.667,0,0,,0,2,2,0,1,0,0,3,8,5.4,Tatiana Thompson,https://www.sports-reference.com/cbb/players/tatiana-thompson-1.html,georgetown,2019-20
