ranker,player_game_num_career,team_game_num_season,date,team_name_abbr,game_location,opp_name_abbr,game_type,game_result,is_starter,mp,fg,fga,fg_pct,fg3,fg3a,fg3_pct,fg2,fg2a,fg2_pct,efg_pct,ft,fta,ft_pct,orb,drb,trb,ast,stl,blk,tov,pf,pts,game_score,player_name,player_sr_link,school,season
1,12,1,2019-11-05,Georgetown,@,Davidson,REG (Non-Conf),L 52-66,,4,0,0,,0,0,,0,0,,,0,0,,1,0,1,0,0,0,0,3,0,-0.5,Tayanna Jones,https://www.sports-reference.com/cbb/players/tayanna-jones-1.html,georgetown,2019-20
2,13,2,2019-11-12,Georgetown,,Richmond,REG (Non-Conf),L 49-51,,20,2,7,.286,2,4,.500,0,3,.000,.429,0,0,,0,3,3,1,2,0,0,3,6,4.3,Tayanna Jones,https://www.sports-reference.com/cbb/players/tayanna-jones-1.html,georgetown,2019-20
3,14,3,2019-11-16,Georgetown,@,Pittsburgh,REG (Non-Conf),W 66-56,,17,3,7,.429,2,6,.333,1,1,1.000,.571,0,0,,0,2,2,3,0,0,0,2,8,6.2,Tayanna Jones,https://www.sports-reference.com/cbb/players/tayanna-jones-1.html,georgetown,2019-20
4,15,4,2019-11-21,Georgetown,,James Madison,REG (Non-Conf),L 59-66,,23,5,14,.357,3,5,.600,2,9,.222,.464,0,2,.000,0,1,1,0,0,0,1,1,13,3.3,Tayanna Jones,https://www.sports-reference.com/cbb/players/tayanna-jones-1.html,georgetown,2019-20
5,16,5,2019-11-24,Georgetown,@,George Washington,REG (Non-Conf),L 49-52,,16,2,8,.250,0,3,.000,2,5,.400,.250,0,0,,0,3,3,0,0,1,1,1,4,-0.6,Tayanna Jones,https://www.sports-reference.com/cbb/players/tayanna-jones-1.html,georgetown,2019-20
6,17,6,2019-11-29,Georgetown,@,Loyola Marymount,REG (Non-Conf),W 64-53,*,26,6,15,.400,1,3,.333,5,12,.417,.433,2,4,.500,1,4,5,1,2,0,0,0,15,10.7,Tayanna Jones,https://www.sports-reference.com/cbb/players/tayanna-jones-1.html,georgetown,2019-20
7,18,7,2019-11-30,Georgetown,@,Fresno State,REG (Non-Conf),L 69-82,*,23,3,9,.333,1,4,.250,2,5,.400,.389,0,0,,0,2,2,0,0,0,1,4,7,-0.1,Tayanna Jones,https://www.sports-reference.com/cbb/players/tayanna-jones-1.html,georgetown,2019-20
8,19,8,2019-12-06,Georgetown,@,Columbia,REG (Non-Conf),L 49-54,*,10,0,6,.000,0,4,.000,0,2,.000,.000,0,0,,0,2,2,0,1,0,1,1,0,-4.0,Tayanna Jones,https://www.sports-reference.com/cbb/players/tayanna-jones-1.html,georgetown,2019-20
9,20,9,2019-12-08,Georgetown,@,Fordham,REG (Non-Conf),L 54-67,,17,2,6,.333,1,2,.500,1,4,.250,.417,0,0,,0,2,2,1,0,0,1,1,5,1.5,Tayanna Jones,https://www.sports-reference.com/cbb/players/tayanna-jones-1.html,georgetown,2019-20
10,21,10,2019-12-14,Georgetown,,Rider,REG (Non-Conf),L 64-65,,9,1,2,.500,0,0,,1,2,.500,.500,2,2,1.000,0,0,0,0,0,0,0,1,4,2.6,Tayanna Jones,https://www.sports-reference.com/cbb/players/tayanna-jones-1.html,georgetown,2019-20
11,22,11,2019-12-21,Georgetown,@,Maryland Eastern Shore,REG (Non-Conf),W 57-39,,10,1,6,.167,1,3,.333,0,3,.000,.250,0,0,,0,4,4,2,0,0,2,1,3,-0.6,Tayanna Jones,https://www.sports-reference.com/cbb/players/tayanna-jones-1.html,georgetown,2019-20
12,23,12,2019-12-29,Georgetown,,Creighton,REG (Conf),L 56-65,,20,5,7,.714,1,2,.500,4,5,.800,.786,0,0,,1,2,3,0,0,1,2,4,11,6.5,Tayanna Jones,https://www.sports-reference.com/cbb/players/tayanna-jones-1.html,georgetown,2019-20
13,24,13,2019-12-31,Georgetown,,Providence,REG (Conf),W 62-53,,22,5,9,.556,3,4,.750,2,5,.400,.722,1,2,.500,1,7,8,1,2,0,0,2,14,14.0,Tayanna Jones,https://www.sports-reference.com/cbb/players/tayanna-jones-1.html,georgetown,2019-20
14,25,14,2020-01-03,Georgetown,@,St. John's (NY),REG (Conf),L 54-71,,22,1,7,.143,0,4,.000,1,3,.333,.143,0,0,,0,5,5,1,0,1,3,1,2,-3.0,Tayanna Jones,https://www.sports-reference.com/cbb/players/tayanna-jones-1.html,georgetown,2019-20
15,26,15,2020-01-05,Georgetown,@,Seton Hall,REG (Conf),L 60-79,,17,2,8,.250,0,3,.000,2,5,.400,.250,0,0,,2,4,6,1,3,1,2,3,4,3.0,Tayanna Jones,https://www.sports-reference.com/cbb/players/tayanna-jones-1.html,georgetown,2019-20
16,27,16,2020-01-10,Georgetown,,Xavier,REG (Conf),L 64-85,,20,2,7,.286,0,1,.000,2,6,.333,.286,0,2,.000,1,3,4,0,2,1,4,4,4,-2.2,Tayanna Jones,https://www.sports-reference.com/cbb/players/tayanna-jones-1.html,georgetown,2019-20
17,28,18,2020-01-18,Georgetown,@,Villanova,REG (Conf),L 53-74,,19,2,8,.250,0,1,.000,2,7,.286,.250,0,0,,1,5,6,0,1,0,4,2,4,-2.4,Tayanna Jones,https://www.sports-reference.com/cbb/players/tayanna-jones-1.html,georgetown,2019-20
18,29,19,2020-01-24,Georgetown,@,Marquette,REG (Conf),L 51-73,,7,1,2,.500,0,1,.000,1,1,1.000,.500,0,0,,0,0,0,0,0,2,0,0,2,2.4,Tayanna Jones,https://www.sports-reference.com/cbb/players/tayanna-jones-1.html,georgetown,2019-20
19,30,20,2020-01-26,Georgetown,@,DePaul,REG (Conf),L 66-92,,18,3,8,.375,0,3,.000,3,5,.600,.375,2,3,.667,0,0,0,2,0,1,1,2,8,3.5,Tayanna Jones,https://www.sports-reference.com/cbb/players/tayanna-jones-1.html,georgetown,2019-20
20,31,23,2020-02-07,Georgetown,@,Butler,REG (Conf),L 42-60,,13,0,6,.000,0,2,.000,0,4,.000,.000,0,0,,0,1,1,0,0,1,2,1,0,-5.6,Tayanna Jones,https://www.sports-reference.com/cbb/players/tayanna-jones-1.html,georgetown,2019-20
21,32,24,2020-02-09,Georgetown,@,Xavier,REG (Conf),W 63-50,,3,0,1,.000,0,0,,0,1,.000,.000,0,0,,0,0,0,0,0,0,0,0,0,-0.7,Tayanna Jones,https://www.sports-reference.com/cbb/players/tayanna-jones-1.html,georgetown,2019-20
22,33,25,2020-02-16,Georgetown,,Villanova,REG (Conf),L 40-48,,18,3,11,.273,1,2,.500,2,9,.222,.318,0,0,,0,6,6,1,0,1,1,3,7,1.5,Tayanna Jones,https://www.sports-reference.com/cbb/players/tayanna-jones-1.html,georgetown,2019-20
23,34,26,2020-02-21,Georgetown,,DePaul,REG (Conf),L 69-87,,27,4,7,.571,1,1,1.000,3,6,.500,.643,0,0,,3,9,12,2,0,0,2,4,9,8.3,Tayanna Jones,https://www.sports-reference.com/cbb/players/tayanna-jones-1.html,georgetown,2019-20
24,35,27,2020-02-23,Georgetown,,Marquette,REG (Conf),L 56-76,,13,1,5,.200,0,2,.000,1,3,.333,.200,0,2,.000,0,1,1,1,0,0,2,1,2,-3.3,Tayanna Jones,https://www.sports-reference.com/cbb/players/tayanna-jones-1.html,georgetown,2019-20
25,36,28,2020-02-28,Georgetown,@,Providence,REG (Conf),L 55-62,,23,2,10,.200,1,5,.200,1,5,.200,.250,0,0,,0,3,3,3,1,0,1,2,5,1.0,Tayanna Jones,https://www.sports-reference.com/cbb/players/tayanna-jones-1.html,georgetown,2019-20
26,37,29,2020-03-01,Georgetown,@,Creighton,REG (Conf),L 78-95,,18,0,4,.000,0,2,.000,0,2,.000,.000,2,2,1.000,1,4,5,1,0,0,2,3,2,-1.4,Tayanna Jones,https://www.sports-reference.com/cbb/players/tayanna-jones-1.html,georgetown,2019-20
27,38,30,2020-03-06,Georgetown,@,Providence,CTOURN,L 46-49,,18,0,4,.000,0,4,.000,0,0,,.000,0,0,,0,3,3,0,0,0,2,4,0,-5.5,Tayanna Jones,https://www.sports-reference.com/cbb/players/tayanna-jones-1.html,georgetown,2019-20
