ranker,player_game_num_career,team_game_num_season,date,team_name_abbr,game_location,opp_name_abbr,game_type,game_result,is_starter,mp,fg,fga,fg_pct,fg3,fg3a,fg3_pct,fg2,fg2a,fg2_pct,efg_pct,ft,fta,ft_pct,orb,drb,trb,ast,stl,blk,tov,pf,pts,game_score,player_name,player_sr_link,school,season
1,85,1,2019-11-05,Georgetown,@,Davidson,REG (Non-Conf),L 52-66,*,31,2,12,.167,0,4,.000,2,8,.250,.167,0,0,,1,0,1,3,3,0,1,1,4,0.8,Taylor Barnes,https://www.sports-reference.com/cbb/players/taylor-barnes-1.html,georgetown,2019-20
2,86,3,2019-11-16,Georgetown,@,Pittsburgh,REG (Non-Conf),W 66-56,*,30,6,12,.500,3,9,.333,3,3,1.000,.625,3,3,1.000,1,1,2,4,0,0,2,3,18,12.6,Taylor Barnes,https://www.sports-reference.com/cbb/players/taylor-barnes-1.html,georgetown,2019-20
3,87,4,2019-11-21,Georgetown,,James Madison,REG (Non-Conf),L 59-66,*,20,1,3,.333,1,2,.500,0,1,.000,.500,5,6,.833,1,0,1,0,1,0,2,4,8,4.0,Taylor Barnes,https://www.sports-reference.com/cbb/players/taylor-barnes-1.html,georgetown,2019-20
4,88,5,2019-11-24,Georgetown,@,George Washington,REG (Non-Conf),L 49-52,*,28,3,10,.300,0,5,.000,3,5,.600,.300,1,1,1.000,1,1,2,1,2,0,0,3,7,3.7,Taylor Barnes,https://www.sports-reference.com/cbb/players/taylor-barnes-1.html,georgetown,2019-20
5,89,6,2019-11-29,Georgetown,@,Loyola Marymount,REG (Non-Conf),W 64-53,*,26,3,8,.375,2,4,.500,1,4,.250,.500,3,4,.750,0,0,0,5,1,0,2,3,11,7.5,Taylor Barnes,https://www.sports-reference.com/cbb/players/taylor-barnes-1.html,georgetown,2019-20
6,90,7,2019-11-30,Georgetown,@,Fresno State,REG (Non-Conf),L 69-82,*,18,3,5,.600,1,3,.333,2,2,1.000,.700,1,1,1.000,0,3,3,1,1,0,3,1,8,4.9,Taylor Barnes,https://www.sports-reference.com/cbb/players/taylor-barnes-1.html,georgetown,2019-20
7,91,8,2019-12-06,Georgetown,@,Columbia,REG (Non-Conf),L 49-54,*,37,5,15,.333,2,7,.286,3,8,.375,.400,5,9,.556,1,4,5,2,4,0,1,4,17,11.6,Taylor Barnes,https://www.sports-reference.com/cbb/players/taylor-barnes-1.html,georgetown,2019-20
8,92,9,2019-12-08,Georgetown,@,Fordham,REG (Non-Conf),L 54-67,*,31,5,13,.385,2,5,.400,3,8,.375,.462,1,2,.500,2,4,6,1,1,0,3,4,13,5.2,Taylor Barnes,https://www.sports-reference.com/cbb/players/taylor-barnes-1.html,georgetown,2019-20
9,93,10,2019-12-14,Georgetown,,Rider,REG (Non-Conf),L 64-65,*,36,2,13,.154,1,3,.333,1,10,.100,.192,7,8,.875,0,4,4,4,4,0,1,5,12,8.3,Taylor Barnes,https://www.sports-reference.com/cbb/players/taylor-barnes-1.html,georgetown,2019-20
10,94,11,2019-12-21,Georgetown,@,Maryland Eastern Shore,REG (Non-Conf),W 57-39,*,28,6,10,.600,4,8,.500,2,2,1.000,.800,0,0,,1,2,3,2,1,0,3,4,16,10.5,Taylor Barnes,https://www.sports-reference.com/cbb/players/taylor-barnes-1.html,georgetown,2019-20
11,95,12,2019-12-29,Georgetown,,Creighton,REG (Conf),L 56-65,*,35,3,10,.300,1,4,.250,2,6,.333,.350,9,11,.818,2,3,5,1,0,0,4,3,16,7.2,Taylor Barnes,https://www.sports-reference.com/cbb/players/taylor-barnes-1.html,georgetown,2019-20
12,96,13,2019-12-31,Georgetown,,Providence,REG (Conf),W 62-53,*,33,6,15,.400,1,4,.250,5,11,.455,.433,1,2,.500,0,2,2,2,0,0,4,2,14,2.7,Taylor Barnes,https://www.sports-reference.com/cbb/players/taylor-barnes-1.html,georgetown,2019-20
13,97,14,2020-01-03,Georgetown,@,St. John's (NY),REG (Conf),L 54-71,*,33,5,12,.417,1,4,.250,4,8,.500,.458,2,2,1.000,0,1,1,1,1,0,3,2,13,4.8,Taylor Barnes,https://www.sports-reference.com/cbb/players/taylor-barnes-1.html,georgetown,2019-20
14,98,15,2020-01-05,Georgetown,@,Seton Hall,REG (Conf),L 60-79,*,31,6,10,.600,4,6,.667,2,4,.500,.800,10,11,.909,0,3,3,6,1,0,4,3,26,21.9,Taylor Barnes,https://www.sports-reference.com/cbb/players/taylor-barnes-1.html,georgetown,2019-20
15,99,16,2020-01-10,Georgetown,,Xavier,REG (Conf),L 64-85,*,22,1,3,.333,1,3,.333,0,0,,.500,1,2,.500,0,1,1,4,0,0,4,2,4,0.2,Taylor Barnes,https://www.sports-reference.com/cbb/players/taylor-barnes-1.html,georgetown,2019-20
16,100,17,2020-01-12,Georgetown,,Butler,REG (Conf),L 46-47,*,36,5,12,.417,4,6,.667,1,6,.167,.583,2,2,1.000,2,4,6,2,2,0,4,1,16,11.2,Taylor Barnes,https://www.sports-reference.com/cbb/players/taylor-barnes-1.html,georgetown,2019-20
17,101,18,2020-01-18,Georgetown,@,Villanova,REG (Conf),L 53-74,*,32,4,15,.267,3,8,.375,1,7,.143,.367,3,4,.750,1,2,3,3,1,0,1,1,14,7.7,Taylor Barnes,https://www.sports-reference.com/cbb/players/taylor-barnes-1.html,georgetown,2019-20
18,102,19,2020-01-24,Georgetown,@,Marquette,REG (Conf),L 51-73,*,34,2,7,.286,1,3,.333,1,4,.250,.357,0,0,,0,1,1,1,1,1,5,2,5,-2.2,Taylor Barnes,https://www.sports-reference.com/cbb/players/taylor-barnes-1.html,georgetown,2019-20
19,103,20,2020-01-26,Georgetown,@,DePaul,REG (Conf),L 66-92,*,26,4,9,.444,2,5,.400,2,4,.500,.556,0,0,,0,3,3,2,1,0,1,4,10,6.0,Taylor Barnes,https://www.sports-reference.com/cbb/players/taylor-barnes-1.html,georgetown,2019-20
20,104,21,2020-01-31,Georgetown,,Seton Hall,REG (Conf),L 47-61,*,35,2,10,.200,0,3,.000,2,7,.286,.200,2,2,1.000,0,4,4,2,1,0,1,0,6,2.4,Taylor Barnes,https://www.sports-reference.com/cbb/players/taylor-barnes-1.html,georgetown,2019-20
21,105,22,2020-02-02,Georgetown,,St. John's (NY),REG (Conf),L 68-74,*,36,7,11,.636,3,4,.750,4,7,.571,.773,5,5,1.000,0,5,5,1,0,0,2,5,22,15.3,Taylor Barnes,https://www.sports-reference.com/cbb/players/taylor-barnes-1.html,georgetown,2019-20
22,106,23,2020-02-07,Georgetown,@,Butler,REG (Conf),L 42-60,*,36,6,14,.429,4,10,.400,2,4,.500,.571,1,2,.500,0,4,4,1,1,0,3,1,17,8.7,Taylor Barnes,https://www.sports-reference.com/cbb/players/taylor-barnes-1.html,georgetown,2019-20
23,107,24,2020-02-09,Georgetown,@,Xavier,REG (Conf),W 63-50,*,38,5,11,.455,2,3,.667,3,8,.375,.545,6,7,.857,2,3,5,4,3,0,2,2,18,17.2,Taylor Barnes,https://www.sports-reference.com/cbb/players/taylor-barnes-1.html,georgetown,2019-20
24,108,25,2020-02-16,Georgetown,,Villanova,REG (Conf),L 40-48,*,19,1,5,.200,0,1,.000,1,4,.250,.200,0,0,,0,1,1,1,0,0,4,1,2,-4.5,Taylor Barnes,https://www.sports-reference.com/cbb/players/taylor-barnes-1.html,georgetown,2019-20
25,109,26,2020-02-21,Georgetown,,DePaul,REG (Conf),L 69-87,*,27,3,10,.300,3,5,.600,0,5,.000,.450,4,4,1.000,0,0,0,2,1,0,3,1,13,6.2,Taylor Barnes,https://www.sports-reference.com/cbb/players/taylor-barnes-1.html,georgetown,2019-20
26,110,27,2020-02-23,Georgetown,,Marquette,REG (Conf),L 56-76,*,34,5,13,.385,1,3,.333,4,10,.400,.423,4,4,1.000,3,2,5,3,1,1,1,1,15,13.0,Taylor Barnes,https://www.sports-reference.com/cbb/players/taylor-barnes-1.html,georgetown,2019-20
27,111,28,2020-02-28,Georgetown,@,Providence,REG (Conf),L 55-62,*,31,2,17,.118,1,8,.125,1,9,.111,.147,0,0,,2,1,3,0,0,0,1,3,5,-6.6,Taylor Barnes,https://www.sports-reference.com/cbb/players/taylor-barnes-1.html,georgetown,2019-20
28,112,29,2020-03-01,Georgetown,@,Creighton,REG (Conf),L 78-95,*,40,8,14,.571,2,4,.500,6,10,.600,.643,6,7,.857,1,0,1,4,0,0,1,0,24,19.5,Taylor Barnes,https://www.sports-reference.com/cbb/players/taylor-barnes-1.html,georgetown,2019-20
29,113,30,2020-03-06,Georgetown,@,Providence,CTOURN,L 46-49,*,40,8,19,.421,6,12,.500,2,7,.286,.579,3,5,.600,1,2,3,2,2,1,0,0,25,19.5,Taylor Barnes,https://www.sports-reference.com/cbb/players/taylor-barnes-1.html,georgetown,2019-20
