ranker,player_game_num_career,team_game_num_season,date,team_name_abbr,game_location,opp_name_abbr,game_type,game_result,is_starter,mp,fg,fga,fg_pct,fg3,fg3a,fg3_pct,fg2,fg2a,fg2_pct,efg_pct,ft,fta,orb,drb,trb,ast,stl,blk,tov,pf,pts,game_score,player_name,player_sr_link,school,season
1,91,3,2020-12-06,Gonzaga,@,South Dakota State,REG (Non-Conf),L 72-75 (OT),,7,0,1,.000,0,1,.000,0,0,,.000,0,0,0,0,0,0,0,0,0,0,0,-0.7,Abby O'Connor,https://www.sports-reference.com/cbb/players/abby-oconnor-1.html,gonzaga,2020-21
2,92,4,2020-12-08,Gonzaga,@,Wyoming,REG (Non-Conf),W 89-50,,11,3,4,.750,3,4,.750,0,0,,1.125,0,0,0,1,1,0,0,0,0,0,9,7.7,Abby O'Connor,https://www.sports-reference.com/cbb/players/abby-oconnor-1.html,gonzaga,2020-21
3,93,5,2020-12-13,Gonzaga,,Montana,REG (Non-Conf),W 58-51,,4,0,1,.000,0,1,.000,0,0,,.000,0,0,0,0,0,1,0,0,0,0,0,0.0,Abby O'Connor,https://www.sports-reference.com/cbb/players/abby-oconnor-1.html,gonzaga,2020-21
4,94,6,2020-12-20,Gonzaga,@,Eastern Michigan,REG (Non-Conf),W 77-68,,11,1,1,1.000,1,1,1.000,0,0,,1.500,0,0,0,1,1,0,0,0,0,0,3,3.0,Abby O'Connor,https://www.sports-reference.com/cbb/players/abby-oconnor-1.html,gonzaga,2020-21
5,95,7,2020-12-21,Gonzaga,,North Alabama,REG (Non-Conf),W 87-57,,14,0,4,.000,0,1,.000,0,3,.000,.000,0,0,1,0,1,0,1,0,0,2,0,-1.9,Abby O'Connor,https://www.sports-reference.com/cbb/players/abby-oconnor-1.html,gonzaga,2020-21
6,96,8,2020-12-28,Gonzaga,@,Loyola Marymount,REG (Conf),W 65-62,,12,0,1,.000,0,1,.000,0,0,,.000,0,0,2,1,3,0,0,0,0,0,0,1.0,Abby O'Connor,https://www.sports-reference.com/cbb/players/abby-oconnor-1.html,gonzaga,2020-21
7,97,9,2020-12-30,Gonzaga,@,Pepperdine,REG (Conf),W 58-42,,12,0,1,.000,0,1,.000,0,0,,.000,0,0,0,0,0,1,0,0,1,2,0,-1.8,Abby O'Connor,https://www.sports-reference.com/cbb/players/abby-oconnor-1.html,gonzaga,2020-21
8,98,10,2021-01-02,Gonzaga,,St. Mary's (CA),REG (Conf),W 69-37,,12,1,4,.250,1,3,.333,0,1,.000,.375,0,0,1,0,1,0,0,0,1,0,3,0.3,Abby O'Connor,https://www.sports-reference.com/cbb/players/abby-oconnor-1.html,gonzaga,2020-21
9,99,11,2021-01-04,Gonzaga,,Pacific,REG (Conf),W 79-59,,11,1,1,1.000,1,1,1.000,0,0,,1.500,0,0,1,2,3,0,1,0,1,2,3,3.2,Abby O'Connor,https://www.sports-reference.com/cbb/players/abby-oconnor-1.html,gonzaga,2020-21
10,100,12,2021-01-09,Gonzaga,,Portland,REG (Conf),W 75-43,,18,2,5,.400,0,2,.000,2,3,.667,.400,0,0,1,2,3,2,1,0,1,2,4,3.2,Abby O'Connor,https://www.sports-reference.com/cbb/players/abby-oconnor-1.html,gonzaga,2020-21
11,101,13,2021-01-14,Gonzaga,@,Santa Clara,REG (Conf),W 71-52,,13,0,1,.000,0,1,.000,0,0,,.000,0,0,3,2,5,0,0,0,1,2,0,0.2,Abby O'Connor,https://www.sports-reference.com/cbb/players/abby-oconnor-1.html,gonzaga,2020-21
12,102,14,2021-01-16,Gonzaga,@,San Francisco,REG (Conf),W 76-52,,9,1,3,.333,0,1,.000,1,2,.500,.333,0,0,1,2,3,0,0,1,0,2,2,1.5,Abby O'Connor,https://www.sports-reference.com/cbb/players/abby-oconnor-1.html,gonzaga,2020-21
13,103,16,2021-01-24,Gonzaga,@,Portland,REG (Conf),W 79-61,,9,1,1,1.000,1,1,1.000,0,0,,1.500,0,0,0,0,0,2,0,1,1,1,3,3.4,Abby O'Connor,https://www.sports-reference.com/cbb/players/abby-oconnor-1.html,gonzaga,2020-21
14,104,17,2021-01-28,Gonzaga,@,Pacific,REG (Conf),W 77-65,,15,2,3,.667,1,1,1.000,1,2,.500,.833,0,0,0,1,1,0,0,0,0,1,5,3.6,Abby O'Connor,https://www.sports-reference.com/cbb/players/abby-oconnor-1.html,gonzaga,2020-21
15,105,18,2021-01-30,Gonzaga,@,St. Mary's (CA),REG (Conf),W 79-52,,15,0,3,.000,0,1,.000,0,2,.000,.000,0,0,0,1,1,1,1,1,1,0,0,-0.4,Abby O'Connor,https://www.sports-reference.com/cbb/players/abby-oconnor-1.html,gonzaga,2020-21
16,106,19,2021-02-02,Gonzaga,,Brigham Young,REG (Conf),W 63-56,,16,1,2,.500,0,1,.000,1,1,1.000,.500,0,0,0,2,2,0,0,0,0,3,2,0.4,Abby O'Connor,https://www.sports-reference.com/cbb/players/abby-oconnor-1.html,gonzaga,2020-21
17,107,20,2021-02-11,Gonzaga,,San Francisco,REG (Conf),W 79-66,,17,2,3,.667,2,3,.667,0,0,,1.000,0,0,0,1,1,0,0,0,0,2,6,4.2,Abby O'Connor,https://www.sports-reference.com/cbb/players/abby-oconnor-1.html,gonzaga,2020-21
18,108,21,2021-02-13,Gonzaga,,Santa Clara,REG (Conf),W 67-50,,14,1,4,.250,1,4,.250,0,0,,.375,0,0,1,2,3,1,0,0,0,0,3,2.6,Abby O'Connor,https://www.sports-reference.com/cbb/players/abby-oconnor-1.html,gonzaga,2020-21
19,109,22,2021-02-18,Gonzaga,@,Brigham Young,REG (Conf),L 56-61,,18,0,5,.000,0,3,.000,0,2,.000,.000,0,0,0,1,1,0,0,0,0,1,0,-3.6,Abby O'Connor,https://www.sports-reference.com/cbb/players/abby-oconnor-1.html,gonzaga,2020-21
20,110,23,2021-02-20,Gonzaga,@,San Diego,REG (Conf),W 69-47,,16,1,3,.333,1,3,.333,0,0,,.500,0,0,0,1,1,1,0,1,0,1,3,2.6,Abby O'Connor,https://www.sports-reference.com/cbb/players/abby-oconnor-1.html,gonzaga,2020-21
21,111,24,2021-02-25,Gonzaga,,Pepperdine,REG (Conf),W 95-49,,13,1,3,.333,1,3,.333,0,0,,.500,0,0,0,1,1,0,0,0,0,0,3,1.6,Abby O'Connor,https://www.sports-reference.com/cbb/players/abby-oconnor-1.html,gonzaga,2020-21
22,112,25,2021-02-27,Gonzaga,,Loyola Marymount,REG (Conf),W 77-39,,12,1,2,.500,1,2,.500,0,0,,.750,0,0,1,2,3,0,1,0,0,0,3,4.3,Abby O'Connor,https://www.sports-reference.com/cbb/players/abby-oconnor-1.html,gonzaga,2020-21
23,113,26,2021-03-08,Gonzaga,,Santa Clara,CTOURN,W 72-62,,14,1,1,1.000,1,1,1.000,0,0,,1.500,0,0,1,0,1,0,0,0,1,1,3,2.0,Abby O'Connor,https://www.sports-reference.com/cbb/players/abby-oconnor-1.html,gonzaga,2020-21
24,114,27,2021-03-09,Gonzaga,,Brigham Young,CTOURN,W 43-42,*,24,2,5,.400,1,2,.500,1,3,.333,.500,0,0,2,2,4,2,0,0,1,1,5,4.3,Abby O'Connor,https://www.sports-reference.com/cbb/players/abby-oconnor-1.html,gonzaga,2020-21
25,115,28,2021-03-22,Gonzaga,N,Belmont,ROUND-64,L 59-64,,19,3,4,.750,2,3,.667,1,1,1.000,1.000,0,0,0,4,4,0,0,0,1,1,8,6.2,Abby O'Connor,https://www.sports-reference.com/cbb/players/abby-oconnor-1.html,gonzaga,2020-21
