ranker,player_game_num_career,team_game_num_season,date,team_name_abbr,game_location,opp_name_abbr,game_type,game_result,is_starter,mp,fg,fga,fg_pct,fg3,fg3a,fg2,fg2a,fg2_pct,efg_pct,ft,fta,ft_pct,orb,drb,trb,ast,stl,blk,tov,pf,pts,game_score,player_name,player_sr_link,school,season
1,30,1,2020-11-29,Gonzaga,,South Carolina,REG (Non-Conf),L 72-79,,6,0,2,.000,0,0,0,2,.000,.000,0,0,,0,0,0,0,0,1,1,2,0,-2.5,Anamaria Virjoghe,https://www.sports-reference.com/cbb/players/anamaria-virjoghe-1.html,gonzaga,2020-21
2,31,2,2020-11-30,Gonzaga,@,South Dakota,REG (Non-Conf),W 54-50,,7,0,0,,0,0,0,0,,,0,0,,1,0,1,0,0,0,0,1,0,0.3,Anamaria Virjoghe,https://www.sports-reference.com/cbb/players/anamaria-virjoghe-1.html,gonzaga,2020-21
3,32,3,2020-12-06,Gonzaga,@,South Dakota State,REG (Non-Conf),L 72-75 (OT),,4,1,1,1.000,0,0,1,1,1.000,1.000,0,0,,0,0,0,0,0,0,0,0,2,1.7,Anamaria Virjoghe,https://www.sports-reference.com/cbb/players/anamaria-virjoghe-1.html,gonzaga,2020-21
4,33,4,2020-12-08,Gonzaga,@,Wyoming,REG (Non-Conf),W 89-50,,12,0,0,,0,0,0,0,,,0,0,,0,2,2,2,0,2,2,3,0,0.2,Anamaria Virjoghe,https://www.sports-reference.com/cbb/players/anamaria-virjoghe-1.html,gonzaga,2020-21
5,34,5,2020-12-13,Gonzaga,,Montana,REG (Non-Conf),W 58-51,,7,0,1,.000,0,0,0,1,.000,.000,0,0,,0,0,0,0,2,1,0,1,0,1.6,Anamaria Virjoghe,https://www.sports-reference.com/cbb/players/anamaria-virjoghe-1.html,gonzaga,2020-21
6,35,6,2020-12-20,Gonzaga,@,Eastern Michigan,REG (Non-Conf),W 77-68,,11,0,2,.000,0,0,0,2,.000,.000,3,4,.750,2,3,5,1,1,0,2,0,3,3.2,Anamaria Virjoghe,https://www.sports-reference.com/cbb/players/anamaria-virjoghe-1.html,gonzaga,2020-21
7,36,7,2020-12-21,Gonzaga,,North Alabama,REG (Non-Conf),W 87-57,,12,1,2,.500,0,0,1,2,.500,.500,0,0,,1,3,4,1,0,1,2,1,2,1.6,Anamaria Virjoghe,https://www.sports-reference.com/cbb/players/anamaria-virjoghe-1.html,gonzaga,2020-21
8,37,10,2021-01-02,Gonzaga,,St. Mary's (CA),REG (Conf),W 69-37,,8,1,1,1.000,0,0,1,1,1.000,1.000,1,2,.500,1,3,4,1,1,0,1,1,3,4.2,Anamaria Virjoghe,https://www.sports-reference.com/cbb/players/anamaria-virjoghe-1.html,gonzaga,2020-21
9,38,11,2021-01-04,Gonzaga,,Pacific,REG (Conf),W 79-59,,14,1,1,1.000,0,0,1,1,1.000,1.000,0,0,,0,1,1,1,1,3,1,1,2,4.4,Anamaria Virjoghe,https://www.sports-reference.com/cbb/players/anamaria-virjoghe-1.html,gonzaga,2020-21
10,39,12,2021-01-09,Gonzaga,,Portland,REG (Conf),W 75-43,,9,0,1,.000,0,0,0,1,.000,.000,2,2,1.000,1,3,4,0,0,0,0,0,2,2.9,Anamaria Virjoghe,https://www.sports-reference.com/cbb/players/anamaria-virjoghe-1.html,gonzaga,2020-21
11,40,13,2021-01-14,Gonzaga,@,Santa Clara,REG (Conf),W 71-52,,14,2,4,.500,0,0,2,4,.500,.500,0,0,,0,2,2,0,0,3,0,1,4,4.3,Anamaria Virjoghe,https://www.sports-reference.com/cbb/players/anamaria-virjoghe-1.html,gonzaga,2020-21
12,41,14,2021-01-16,Gonzaga,@,San Francisco,REG (Conf),W 76-52,,13,1,2,.500,0,0,1,2,.500,.500,0,0,,0,1,1,0,1,0,2,1,2,-0.1,Anamaria Virjoghe,https://www.sports-reference.com/cbb/players/anamaria-virjoghe-1.html,gonzaga,2020-21
13,42,16,2021-01-24,Gonzaga,@,Portland,REG (Conf),W 79-61,,6,0,0,,0,0,0,0,,,0,0,,0,0,0,0,0,1,0,1,0,0.3,Anamaria Virjoghe,https://www.sports-reference.com/cbb/players/anamaria-virjoghe-1.html,gonzaga,2020-21
14,43,17,2021-01-28,Gonzaga,@,Pacific,REG (Conf),W 77-65,,7,1,3,.333,0,0,1,3,.333,.333,0,0,,1,0,1,0,0,1,2,2,2,-1.1,Anamaria Virjoghe,https://www.sports-reference.com/cbb/players/anamaria-virjoghe-1.html,gonzaga,2020-21
15,44,18,2021-01-30,Gonzaga,@,St. Mary's (CA),REG (Conf),W 79-52,,8,0,2,.000,0,0,0,2,.000,.000,0,2,.000,1,2,3,0,0,1,0,0,0,-0.2,Anamaria Virjoghe,https://www.sports-reference.com/cbb/players/anamaria-virjoghe-1.html,gonzaga,2020-21
16,45,19,2021-02-02,Gonzaga,,Brigham Young,REG (Conf),W 63-56,,2,0,0,,0,0,0,0,,,2,2,1.000,0,0,0,0,0,0,0,0,2,2.0,Anamaria Virjoghe,https://www.sports-reference.com/cbb/players/anamaria-virjoghe-1.html,gonzaga,2020-21
17,46,20,2021-02-11,Gonzaga,,San Francisco,REG (Conf),W 79-66,,13,2,4,.500,0,0,2,4,.500,.500,0,0,,2,3,5,2,1,1,2,0,4,5.4,Anamaria Virjoghe,https://www.sports-reference.com/cbb/players/anamaria-virjoghe-1.html,gonzaga,2020-21
18,47,21,2021-02-13,Gonzaga,,Santa Clara,REG (Conf),W 67-50,,12,0,6,.000,0,0,0,6,.000,.000,2,2,1.000,3,2,5,0,0,0,0,0,2,0.5,Anamaria Virjoghe,https://www.sports-reference.com/cbb/players/anamaria-virjoghe-1.html,gonzaga,2020-21
19,48,22,2021-02-18,Gonzaga,@,Brigham Young,REG (Conf),L 56-61,,2,1,1,1.000,0,0,1,1,1.000,1.000,0,0,,0,1,1,0,0,0,0,0,2,2.0,Anamaria Virjoghe,https://www.sports-reference.com/cbb/players/anamaria-virjoghe-1.html,gonzaga,2020-21
20,49,23,2021-02-20,Gonzaga,@,San Diego,REG (Conf),W 69-47,,6,2,4,.500,0,0,2,4,.500,.500,0,0,,1,0,1,0,0,0,0,1,4,2.3,Anamaria Virjoghe,https://www.sports-reference.com/cbb/players/anamaria-virjoghe-1.html,gonzaga,2020-21
21,50,24,2021-02-25,Gonzaga,,Pepperdine,REG (Conf),W 95-49,,11,2,4,.500,0,0,2,4,.500,.500,0,0,,1,2,3,0,0,0,0,1,4,2.9,Anamaria Virjoghe,https://www.sports-reference.com/cbb/players/anamaria-virjoghe-1.html,gonzaga,2020-21
22,51,25,2021-02-27,Gonzaga,,Loyola Marymount,REG (Conf),W 77-39,,9,0,0,,0,0,0,0,,,0,0,,0,3,3,0,1,1,2,0,0,0.6,Anamaria Virjoghe,https://www.sports-reference.com/cbb/players/anamaria-virjoghe-1.html,gonzaga,2020-21
23,52,26,2021-03-08,Gonzaga,,Santa Clara,CTOURN,W 72-62,,4,0,1,.000,0,0,0,1,.000,.000,0,0,,1,2,3,0,0,0,0,1,0,0.2,Anamaria Virjoghe,https://www.sports-reference.com/cbb/players/anamaria-virjoghe-1.html,gonzaga,2020-21
24,53,28,2021-03-22,Gonzaga,N,Belmont,ROUND-64,L 59-64,,2,0,0,,0,0,0,0,,,0,0,,0,0,0,0,1,0,0,0,0,1.0,Anamaria Virjoghe,https://www.sports-reference.com/cbb/players/anamaria-virjoghe-1.html,gonzaga,2020-21
