ranker,player_game_num_career,team_game_num_season,date,team_name_abbr,game_location,opp_name_abbr,game_type,game_result,is_starter,mp,fg,fga,fg_pct,fg3,fg3a,fg3_pct,fg2,fg2a,fg2_pct,efg_pct,ft,fta,ft_pct,orb,drb,trb,ast,stl,blk,tov,pf,pts,game_score,player_name,player_sr_link,school,season
1,84,1,2020-11-29,Gonzaga,,South Carolina,REG (Non-Conf),L 72-79,*,31,4,7,.571,4,6,.667,0,1,.000,.857,1,2,.500,2,5,7,1,1,0,1,2,13,12.1,Cierra Walker,https://www.sports-reference.com/cbb/players/cierra-walker-1.html,gonzaga,2020-21
2,85,2,2020-11-30,Gonzaga,@,South Dakota,REG (Non-Conf),W 54-50,*,31,1,9,.111,1,6,.167,0,3,.000,.167,2,2,1.000,0,4,4,0,0,0,1,1,5,-1.1,Cierra Walker,https://www.sports-reference.com/cbb/players/cierra-walker-1.html,gonzaga,2020-21
3,86,3,2020-12-06,Gonzaga,@,South Dakota State,REG (Non-Conf),L 72-75 (OT),*,27,3,9,.333,1,6,.167,2,3,.667,.389,0,0,,2,2,4,2,0,0,2,1,7,2.9,Cierra Walker,https://www.sports-reference.com/cbb/players/cierra-walker-1.html,gonzaga,2020-21
4,87,4,2020-12-08,Gonzaga,@,Wyoming,REG (Non-Conf),W 89-50,*,17,4,4,1.000,4,4,1.000,0,0,,1.500,0,0,,0,1,1,0,0,0,0,1,12,10.7,Cierra Walker,https://www.sports-reference.com/cbb/players/cierra-walker-1.html,gonzaga,2020-21
5,88,5,2020-12-13,Gonzaga,,Montana,REG (Non-Conf),W 58-51,*,28,2,5,.400,2,4,.500,0,1,.000,.600,4,4,1.000,1,2,3,1,4,0,1,0,10,12.3,Cierra Walker,https://www.sports-reference.com/cbb/players/cierra-walker-1.html,gonzaga,2020-21
6,89,6,2020-12-20,Gonzaga,@,Eastern Michigan,REG (Non-Conf),W 77-68,*,27,1,6,.167,1,4,.250,0,2,.000,.250,2,2,1.000,2,1,3,1,0,0,1,3,5,1.4,Cierra Walker,https://www.sports-reference.com/cbb/players/cierra-walker-1.html,gonzaga,2020-21
7,90,7,2020-12-21,Gonzaga,,North Alabama,REG (Non-Conf),W 87-57,*,17,3,7,.429,2,5,.400,1,2,.500,.571,0,0,,0,0,0,2,2,0,0,0,8,7.7,Cierra Walker,https://www.sports-reference.com/cbb/players/cierra-walker-1.html,gonzaga,2020-21
8,91,8,2020-12-28,Gonzaga,@,Loyola Marymount,REG (Conf),W 65-62,*,31,4,10,.400,4,10,.400,0,0,,.600,0,0,,0,2,2,1,3,0,1,2,12,9.1,Cierra Walker,https://www.sports-reference.com/cbb/players/cierra-walker-1.html,gonzaga,2020-21
9,92,9,2020-12-30,Gonzaga,@,Pepperdine,REG (Conf),W 58-42,*,25,1,7,.143,1,5,.200,0,2,.000,.214,0,0,,1,3,4,2,0,0,0,0,3,1.5,Cierra Walker,https://www.sports-reference.com/cbb/players/cierra-walker-1.html,gonzaga,2020-21
10,93,10,2021-01-02,Gonzaga,,St. Mary's (CA),REG (Conf),W 69-37,*,26,2,5,.400,1,3,.333,1,2,.500,.500,3,3,1.000,1,1,2,1,2,0,0,1,8,8.6,Cierra Walker,https://www.sports-reference.com/cbb/players/cierra-walker-1.html,gonzaga,2020-21
11,94,11,2021-01-04,Gonzaga,,Pacific,REG (Conf),W 79-59,*,31,4,9,.444,3,6,.500,1,3,.333,.611,0,0,,0,2,2,0,1,0,0,1,11,7.5,Cierra Walker,https://www.sports-reference.com/cbb/players/cierra-walker-1.html,gonzaga,2020-21
12,95,12,2021-01-09,Gonzaga,,Portland,REG (Conf),W 75-43,*,21,3,6,.500,2,4,.500,1,2,.500,.667,0,0,,0,2,2,5,2,0,0,0,8,11.1,Cierra Walker,https://www.sports-reference.com/cbb/players/cierra-walker-1.html,gonzaga,2020-21
13,96,13,2021-01-14,Gonzaga,@,Santa Clara,REG (Conf),W 71-52,*,27,2,4,.500,2,3,.667,0,1,.000,.750,0,0,,0,1,1,2,1,0,4,2,6,1.9,Cierra Walker,https://www.sports-reference.com/cbb/players/cierra-walker-1.html,gonzaga,2020-21
14,97,14,2021-01-16,Gonzaga,@,San Francisco,REG (Conf),W 76-52,*,27,3,6,.500,2,4,.500,1,2,.500,.667,0,0,,1,3,4,1,0,0,0,0,8,7.3,Cierra Walker,https://www.sports-reference.com/cbb/players/cierra-walker-1.html,gonzaga,2020-21
15,98,16,2021-01-24,Gonzaga,@,Portland,REG (Conf),W 79-61,*,25,1,4,.250,0,3,.000,1,1,1.000,.250,0,0,,1,4,5,1,0,0,4,2,2,-2.6,Cierra Walker,https://www.sports-reference.com/cbb/players/cierra-walker-1.html,gonzaga,2020-21
16,99,17,2021-01-28,Gonzaga,@,Pacific,REG (Conf),W 77-65,*,24,0,5,.000,0,3,.000,0,2,.000,.000,0,0,,0,1,1,0,2,0,1,0,0,-2.2,Cierra Walker,https://www.sports-reference.com/cbb/players/cierra-walker-1.html,gonzaga,2020-21
17,100,18,2021-01-30,Gonzaga,@,St. Mary's (CA),REG (Conf),W 79-52,*,26,4,6,.667,3,4,.750,1,2,.500,.917,0,0,,0,3,3,0,1,0,1,1,11,8.9,Cierra Walker,https://www.sports-reference.com/cbb/players/cierra-walker-1.html,gonzaga,2020-21
18,101,19,2021-02-02,Gonzaga,,Brigham Young,REG (Conf),W 63-56,*,28,3,3,1.000,3,3,1.000,0,0,,1.500,0,0,,0,3,3,0,0,0,1,2,9,7.2,Cierra Walker,https://www.sports-reference.com/cbb/players/cierra-walker-1.html,gonzaga,2020-21
19,102,20,2021-02-11,Gonzaga,,San Francisco,REG (Conf),W 79-66,*,27,1,5,.200,1,1,1.000,0,4,.000,.300,0,0,,2,3,5,1,1,1,0,1,3,4.2,Cierra Walker,https://www.sports-reference.com/cbb/players/cierra-walker-1.html,gonzaga,2020-21
20,103,21,2021-02-13,Gonzaga,,Santa Clara,REG (Conf),W 67-50,*,24,0,1,.000,0,1,.000,0,0,,.000,2,2,1.000,1,3,4,4,1,0,0,1,2,6.3,Cierra Walker,https://www.sports-reference.com/cbb/players/cierra-walker-1.html,gonzaga,2020-21
21,104,22,2021-02-18,Gonzaga,@,Brigham Young,REG (Conf),L 56-61,*,29,1,4,.250,0,3,.000,1,1,1.000,.250,0,0,,0,0,0,1,0,0,0,1,2,-0.1,Cierra Walker,https://www.sports-reference.com/cbb/players/cierra-walker-1.html,gonzaga,2020-21
22,105,23,2021-02-20,Gonzaga,@,San Diego,REG (Conf),W 69-47,*,26,0,7,.000,0,3,.000,0,4,.000,.000,0,0,,1,1,2,0,0,0,0,0,0,-3.9,Cierra Walker,https://www.sports-reference.com/cbb/players/cierra-walker-1.html,gonzaga,2020-21
23,106,24,2021-02-25,Gonzaga,,Pepperdine,REG (Conf),W 95-49,*,19,3,6,.500,2,4,.500,1,2,.500,.667,0,0,,1,2,3,3,2,1,1,0,8,10.1,Cierra Walker,https://www.sports-reference.com/cbb/players/cierra-walker-1.html,gonzaga,2020-21
24,107,25,2021-02-27,Gonzaga,,Loyola Marymount,REG (Conf),W 77-39,,17,2,5,.400,2,4,.500,0,1,.000,.600,0,0,,0,1,1,0,1,0,0,0,6,4.6,Cierra Walker,https://www.sports-reference.com/cbb/players/cierra-walker-1.html,gonzaga,2020-21
25,108,26,2021-03-08,Gonzaga,,Santa Clara,CTOURN,W 72-62,*,24,5,10,.500,3,7,.429,2,3,.667,.650,0,0,,0,1,1,1,1,0,0,0,13,10.0,Cierra Walker,https://www.sports-reference.com/cbb/players/cierra-walker-1.html,gonzaga,2020-21
26,109,27,2021-03-09,Gonzaga,,Brigham Young,CTOURN,W 43-42,,15,0,2,.000,0,1,.000,0,1,.000,.000,0,0,,0,1,1,0,0,0,0,0,0,-1.1,Cierra Walker,https://www.sports-reference.com/cbb/players/cierra-walker-1.html,gonzaga,2020-21
27,110,28,2021-03-22,Gonzaga,N,Belmont,ROUND-64,L 59-64,*,27,1,4,.250,1,4,.250,0,0,,.375,0,0,,0,4,4,1,1,0,1,1,3,2.1,Cierra Walker,https://www.sports-reference.com/cbb/players/cierra-walker-1.html,gonzaga,2020-21
