ranker,player_game_num_career,team_game_num_season,date,team_name_abbr,game_location,opp_name_abbr,game_type,game_result,is_starter,mp,fg,fga,fg_pct,fg3,fg3a,fg3_pct,fg2,fg2a,fg2_pct,efg_pct,ft,fta,ft_pct,orb,drb,trb,ast,stl,blk,tov,pf,pts,game_score,player_name,player_sr_link,school,season
1,1,13,2021-01-14,Gonzaga,@,Santa Clara,REG (Conf),W 71-52,,7,0,1,.000,0,0,,0,1,.000,.000,0,0,,0,0,0,0,0,0,0,1,0,-1.1,Eliza Hollingsworth,https://www.sports-reference.com/cbb/players/eliza-hollingsworth-1.html,gonzaga,2020-21
2,2,14,2021-01-16,Gonzaga,@,San Francisco,REG (Conf),W 76-52,,5,1,2,.500,0,1,.000,1,1,1.000,.500,0,0,,0,1,1,0,0,0,0,0,2,1.3,Eliza Hollingsworth,https://www.sports-reference.com/cbb/players/eliza-hollingsworth-1.html,gonzaga,2020-21
3,3,16,2021-01-24,Gonzaga,@,Portland,REG (Conf),W 79-61,,1,1,1,1.000,0,0,,1,1,1.000,1.000,0,0,,1,1,2,0,0,0,0,0,2,2.7,Eliza Hollingsworth,https://www.sports-reference.com/cbb/players/eliza-hollingsworth-1.html,gonzaga,2020-21
4,4,17,2021-01-28,Gonzaga,@,Pacific,REG (Conf),W 77-65,,3,1,2,.500,0,0,,1,2,.500,.500,0,0,,0,1,1,0,0,1,0,1,2,1.6,Eliza Hollingsworth,https://www.sports-reference.com/cbb/players/eliza-hollingsworth-1.html,gonzaga,2020-21
5,5,18,2021-01-30,Gonzaga,@,St. Mary's (CA),REG (Conf),W 79-52,,3,1,1,1.000,1,1,1.000,0,0,,1.500,0,0,,0,1,1,0,0,0,1,2,3,1.2,Eliza Hollingsworth,https://www.sports-reference.com/cbb/players/eliza-hollingsworth-1.html,gonzaga,2020-21
6,6,21,2021-02-13,Gonzaga,,Santa Clara,REG (Conf),W 67-50,,1,1,1,1.000,0,0,,1,1,1.000,1.000,0,0,,1,0,1,0,0,0,0,0,2,2.4,Eliza Hollingsworth,https://www.sports-reference.com/cbb/players/eliza-hollingsworth-1.html,gonzaga,2020-21
7,7,23,2021-02-20,Gonzaga,@,San Diego,REG (Conf),W 69-47,,2,0,0,,0,0,,0,0,,,0,0,,0,0,0,0,0,0,0,0,0,0.0,Eliza Hollingsworth,https://www.sports-reference.com/cbb/players/eliza-hollingsworth-1.html,gonzaga,2020-21
8,8,24,2021-02-25,Gonzaga,,Pepperdine,REG (Conf),W 95-49,,6,3,4,.750,1,2,.500,2,2,1.000,.875,1,1,1.000,0,0,0,0,0,0,0,3,8,5.2,Eliza Hollingsworth,https://www.sports-reference.com/cbb/players/eliza-hollingsworth-1.html,gonzaga,2020-21
9,9,25,2021-02-27,Gonzaga,,Loyola Marymount,REG (Conf),W 77-39,,4,1,1,1.000,0,0,,1,1,1.000,1.000,0,0,,0,1,1,0,1,0,1,0,2,2.0,Eliza Hollingsworth,https://www.sports-reference.com/cbb/players/eliza-hollingsworth-1.html,gonzaga,2020-21
10,10,27,2021-03-09,Gonzaga,,Brigham Young,CTOURN,W 43-42,,5,1,2,.500,1,2,.500,0,0,,.750,0,0,,1,2,3,0,0,0,1,0,3,2.3,Eliza Hollingsworth,https://www.sports-reference.com/cbb/players/eliza-hollingsworth-1.html,gonzaga,2020-21
