ranker,player_game_num_career,team_game_num_season,date,team_name_abbr,game_location,opp_name_abbr,game_type,game_result,is_starter,mp,fg,fga,fg_pct,fg3,fg3a,fg3_pct,fg2,fg2a,fg2_pct,efg_pct,ft,fta,ft_pct,orb,drb,trb,ast,stl,blk,tov,pf,pts,game_score,player_name,player_sr_link,school,season
1,43,4,2020-12-08,Gonzaga,@,Wyoming,REG (Non-Conf),W 89-50,,6,0,0,,0,0,,0,0,,,1,2,.500,0,1,1,2,0,0,0,0,1,2.3,Gillian Barfield,https://www.sports-reference.com/cbb/players/gillian-barfield-1.html,gonzaga,2020-21
2,44,7,2020-12-21,Gonzaga,,North Alabama,REG (Non-Conf),W 87-57,,5,1,2,.500,0,0,,1,2,.500,.500,0,0,,0,0,0,0,0,0,1,1,2,-0.4,Gillian Barfield,https://www.sports-reference.com/cbb/players/gillian-barfield-1.html,gonzaga,2020-21
3,45,9,2020-12-30,Gonzaga,@,Pepperdine,REG (Conf),W 58-42,,1,0,0,,0,0,,0,0,,,0,0,,0,0,0,0,0,0,0,0,0,0.0,Gillian Barfield,https://www.sports-reference.com/cbb/players/gillian-barfield-1.html,gonzaga,2020-21
4,46,10,2021-01-02,Gonzaga,,St. Mary's (CA),REG (Conf),W 69-37,,2,0,0,,0,0,,0,0,,,0,0,,0,0,0,0,0,0,0,0,0,0.0,Gillian Barfield,https://www.sports-reference.com/cbb/players/gillian-barfield-1.html,gonzaga,2020-21
5,47,11,2021-01-04,Gonzaga,,Pacific,REG (Conf),W 79-59,,1,0,1,.000,0,1,.000,0,0,,.000,0,0,,0,1,1,0,0,0,0,0,0,-0.4,Gillian Barfield,https://www.sports-reference.com/cbb/players/gillian-barfield-1.html,gonzaga,2020-21
6,48,12,2021-01-09,Gonzaga,,Portland,REG (Conf),W 75-43,,5,0,2,.000,0,0,,0,2,.000,.000,0,0,,0,2,2,0,0,1,0,1,0,-0.5,Gillian Barfield,https://www.sports-reference.com/cbb/players/gillian-barfield-1.html,gonzaga,2020-21
7,49,17,2021-01-28,Gonzaga,@,Pacific,REG (Conf),W 77-65,,1,0,0,,0,0,,0,0,,,0,0,,0,1,1,0,0,0,1,0,0,-0.7,Gillian Barfield,https://www.sports-reference.com/cbb/players/gillian-barfield-1.html,gonzaga,2020-21
8,50,18,2021-01-30,Gonzaga,@,St. Mary's (CA),REG (Conf),W 79-52,,1,0,1,.000,0,1,.000,0,0,,.000,0,0,,0,0,0,0,0,0,0,0,0,-0.7,Gillian Barfield,https://www.sports-reference.com/cbb/players/gillian-barfield-1.html,gonzaga,2020-21
9,51,20,2021-02-11,Gonzaga,,San Francisco,REG (Conf),W 79-66,,1,0,0,,0,0,,0,0,,,0,0,,0,0,0,1,0,0,0,0,0,0.7,Gillian Barfield,https://www.sports-reference.com/cbb/players/gillian-barfield-1.html,gonzaga,2020-21
10,52,21,2021-02-13,Gonzaga,,Santa Clara,REG (Conf),W 67-50,,1,0,1,.000,0,1,.000,0,0,,.000,0,0,,0,0,0,0,0,0,0,0,0,-0.7,Gillian Barfield,https://www.sports-reference.com/cbb/players/gillian-barfield-1.html,gonzaga,2020-21
11,53,24,2021-02-25,Gonzaga,,Pepperdine,REG (Conf),W 95-49,,5,0,1,.000,0,1,.000,0,0,,.000,0,0,,0,0,0,0,0,0,0,1,0,-1.1,Gillian Barfield,https://www.sports-reference.com/cbb/players/gillian-barfield-1.html,gonzaga,2020-21
12,54,25,2021-02-27,Gonzaga,,Loyola Marymount,REG (Conf),W 77-39,*,2,0,1,.000,0,1,.000,0,0,,.000,0,0,,0,0,0,0,0,0,0,0,0,-0.7,Gillian Barfield,https://www.sports-reference.com/cbb/players/gillian-barfield-1.html,gonzaga,2020-21
