ranker,player_game_num_career,team_game_num_season,date,team_name_abbr,game_location,opp_name_abbr,game_type,game_result,is_starter,mp,fg,fga,fg_pct,fg3,fg3a,fg3_pct,fg2,fg2a,fg2_pct,efg_pct,ft,fta,ft_pct,orb,drb,trb,ast,stl,blk,tov,pf,pts,game_score,player_name,player_sr_link,school,season
1,92,1,2020-11-29,Gonzaga,,South Carolina,REG (Non-Conf),L 72-79,*,22,7,9,.778,0,0,,7,9,.778,.778,2,4,.500,1,3,4,1,0,1,2,5,16,10.7,Jenn Wirth,https://www.sports-reference.com/cbb/players/jenn-wirth-1.html,gonzaga,2020-21
2,93,2,2020-11-30,Gonzaga,@,South Dakota,REG (Non-Conf),W 54-50,*,29,2,7,.286,0,0,,2,7,.286,.286,2,4,.500,2,4,6,2,4,0,2,3,6,5.9,Jenn Wirth,https://www.sports-reference.com/cbb/players/jenn-wirth-1.html,gonzaga,2020-21
3,94,3,2020-12-06,Gonzaga,@,South Dakota State,REG (Non-Conf),L 72-75 (OT),*,35,3,8,.375,0,0,,3,8,.375,.375,1,3,.333,2,8,10,8,0,0,2,2,7,8.4,Jenn Wirth,https://www.sports-reference.com/cbb/players/jenn-wirth-1.html,gonzaga,2020-21
4,95,4,2020-12-08,Gonzaga,@,Wyoming,REG (Non-Conf),W 89-50,*,19,7,8,.875,0,0,,7,8,.875,.875,2,2,1.000,4,6,10,3,0,1,1,0,16,19.6,Jenn Wirth,https://www.sports-reference.com/cbb/players/jenn-wirth-1.html,gonzaga,2020-21
5,96,5,2020-12-13,Gonzaga,,Montana,REG (Non-Conf),W 58-51,*,27,4,14,.286,0,0,,4,14,.286,.286,1,4,.250,5,4,9,1,1,2,5,2,9,1.6,Jenn Wirth,https://www.sports-reference.com/cbb/players/jenn-wirth-1.html,gonzaga,2020-21
6,97,6,2020-12-20,Gonzaga,@,Eastern Michigan,REG (Non-Conf),W 77-68,*,28,7,12,.583,0,0,,7,12,.583,.583,4,8,.500,3,7,10,1,2,0,2,4,18,14.1,Jenn Wirth,https://www.sports-reference.com/cbb/players/jenn-wirth-1.html,gonzaga,2020-21
7,98,7,2020-12-21,Gonzaga,,North Alabama,REG (Non-Conf),W 87-57,*,20,7,9,.778,0,0,,7,9,.778,.778,0,0,,5,5,10,3,1,0,1,0,14,17.6,Jenn Wirth,https://www.sports-reference.com/cbb/players/jenn-wirth-1.html,gonzaga,2020-21
8,99,8,2020-12-28,Gonzaga,@,Loyola Marymount,REG (Conf),W 65-62,*,31,7,12,.583,0,0,,7,12,.583,.583,0,0,,5,5,10,4,2,1,0,2,14,18.1,Jenn Wirth,https://www.sports-reference.com/cbb/players/jenn-wirth-1.html,gonzaga,2020-21
9,100,9,2020-12-30,Gonzaga,@,Pepperdine,REG (Conf),W 58-42,*,27,5,6,.833,0,0,,5,6,.833,.833,2,2,1.000,3,11,14,0,1,0,2,2,12,13.4,Jenn Wirth,https://www.sports-reference.com/cbb/players/jenn-wirth-1.html,gonzaga,2020-21
10,101,10,2021-01-02,Gonzaga,,St. Mary's (CA),REG (Conf),W 69-37,*,26,5,9,.556,0,0,,5,9,.556,.556,1,1,1.000,4,10,14,1,0,1,2,2,11,11.1,Jenn Wirth,https://www.sports-reference.com/cbb/players/jenn-wirth-1.html,gonzaga,2020-21
11,102,11,2021-01-04,Gonzaga,,Pacific,REG (Conf),W 79-59,*,27,11,14,.786,0,0,,11,14,.786,.786,4,4,1.000,2,5,7,0,1,1,1,0,26,24.2,Jenn Wirth,https://www.sports-reference.com/cbb/players/jenn-wirth-1.html,gonzaga,2020-21
12,103,12,2021-01-09,Gonzaga,,Portland,REG (Conf),W 75-43,*,24,7,10,.700,0,0,,7,10,.700,.700,7,10,.700,5,5,10,0,1,0,0,1,21,21.2,Jenn Wirth,https://www.sports-reference.com/cbb/players/jenn-wirth-1.html,gonzaga,2020-21
13,104,13,2021-01-14,Gonzaga,@,Santa Clara,REG (Conf),W 71-52,*,24,7,10,.700,0,0,,7,10,.700,.700,1,1,1.000,2,2,4,4,1,0,1,0,15,15.6,Jenn Wirth,https://www.sports-reference.com/cbb/players/jenn-wirth-1.html,gonzaga,2020-21
14,105,14,2021-01-16,Gonzaga,@,San Francisco,REG (Conf),W 76-52,*,22,2,8,.250,0,0,,2,8,.250,.250,0,0,,2,1,3,4,0,1,3,3,4,0.2,Jenn Wirth,https://www.sports-reference.com/cbb/players/jenn-wirth-1.html,gonzaga,2020-21
15,106,16,2021-01-24,Gonzaga,@,Portland,REG (Conf),W 79-61,*,27,5,9,.556,0,0,,5,9,.556,.556,4,4,1.000,2,3,5,4,0,3,3,3,14,12.7,Jenn Wirth,https://www.sports-reference.com/cbb/players/jenn-wirth-1.html,gonzaga,2020-21
16,107,17,2021-01-28,Gonzaga,@,Pacific,REG (Conf),W 77-65,*,24,7,8,.875,0,0,,7,8,.875,.875,1,1,1.000,0,7,7,2,1,0,1,2,15,14.9,Jenn Wirth,https://www.sports-reference.com/cbb/players/jenn-wirth-1.html,gonzaga,2020-21
17,108,18,2021-01-30,Gonzaga,@,St. Mary's (CA),REG (Conf),W 79-52,*,24,6,12,.500,0,0,,6,12,.500,.500,2,2,1.000,5,9,14,1,2,1,2,1,14,15.2,Jenn Wirth,https://www.sports-reference.com/cbb/players/jenn-wirth-1.html,gonzaga,2020-21
18,109,19,2021-02-02,Gonzaga,,Brigham Young,REG (Conf),W 63-56,*,32,2,10,.200,0,0,,2,10,.200,.200,4,6,.667,2,5,7,2,3,2,2,0,8,7.7,Jenn Wirth,https://www.sports-reference.com/cbb/players/jenn-wirth-1.html,gonzaga,2020-21
19,110,20,2021-02-11,Gonzaga,,San Francisco,REG (Conf),W 79-66,*,18,5,10,.500,0,0,,5,10,.500,.500,4,4,1.000,2,7,9,3,0,1,2,4,14,11.7,Jenn Wirth,https://www.sports-reference.com/cbb/players/jenn-wirth-1.html,gonzaga,2020-21
20,111,21,2021-02-13,Gonzaga,,Santa Clara,REG (Conf),W 67-50,*,17,6,11,.545,0,0,,6,11,.545,.545,0,0,,6,3,9,1,1,0,1,3,12,11.3,Jenn Wirth,https://www.sports-reference.com/cbb/players/jenn-wirth-1.html,gonzaga,2020-21
21,112,22,2021-02-18,Gonzaga,@,Brigham Young,REG (Conf),L 56-61,*,31,7,15,.467,0,1,.000,7,14,.500,.467,4,5,.800,3,7,10,1,2,0,3,1,18,13.4,Jenn Wirth,https://www.sports-reference.com/cbb/players/jenn-wirth-1.html,gonzaga,2020-21
22,113,23,2021-02-20,Gonzaga,@,San Diego,REG (Conf),W 69-47,*,25,2,4,.500,0,0,,2,4,.500,.500,2,2,1.000,3,9,12,3,1,1,1,2,6,10.8,Jenn Wirth,https://www.sports-reference.com/cbb/players/jenn-wirth-1.html,gonzaga,2020-21
23,114,24,2021-02-25,Gonzaga,,Pepperdine,REG (Conf),W 95-49,*,18,2,6,.333,0,0,,2,6,.333,.333,3,4,.750,0,2,2,3,3,1,2,0,7,7.6,Jenn Wirth,https://www.sports-reference.com/cbb/players/jenn-wirth-1.html,gonzaga,2020-21
24,115,25,2021-02-27,Gonzaga,,Loyola Marymount,REG (Conf),W 77-39,*,27,9,12,.750,0,0,,9,12,.750,.750,1,1,1.000,2,4,6,3,1,0,1,3,19,17.7,Jenn Wirth,https://www.sports-reference.com/cbb/players/jenn-wirth-1.html,gonzaga,2020-21
25,116,26,2021-03-08,Gonzaga,,Santa Clara,CTOURN,W 72-62,*,29,6,13,.462,0,0,,6,13,.462,.462,0,0,,1,3,4,0,1,0,4,1,12,3.5,Jenn Wirth,https://www.sports-reference.com/cbb/players/jenn-wirth-1.html,gonzaga,2020-21
26,117,27,2021-03-09,Gonzaga,,Brigham Young,CTOURN,W 43-42,*,33,1,10,.100,0,0,,1,10,.100,.100,4,5,.800,4,4,8,3,0,0,3,4,6,0.5,Jenn Wirth,https://www.sports-reference.com/cbb/players/jenn-wirth-1.html,gonzaga,2020-21
27,118,28,2021-03-22,Gonzaga,N,Belmont,ROUND-64,L 59-64,*,29,2,6,.333,0,1,.000,2,5,.400,.333,5,6,.833,2,4,6,6,0,0,1,2,9,10.2,Jenn Wirth,https://www.sports-reference.com/cbb/players/jenn-wirth-1.html,gonzaga,2020-21
