ranker,player_game_num_career,team_game_num_season,date,team_name_abbr,game_location,opp_name_abbr,game_type,game_result,is_starter,mp,fg,fga,fg_pct,fg3,fg3a,fg3_pct,fg2,fg2a,fg2_pct,efg_pct,ft,fta,ft_pct,orb,drb,trb,ast,stl,blk,tov,pf,pts,game_score,player_name,player_sr_link,school,season
1,96,1,2020-11-29,Gonzaga,,South Carolina,REG (Non-Conf),L 72-79,*,32,6,13,.462,2,5,.400,4,8,.500,.538,1,2,.500,0,3,3,7,0,2,3,4,15,10.5,Jill Townsend,https://www.sports-reference.com/cbb/players/jill-townsend-1.html,gonzaga,2020-21
2,97,2,2020-11-30,Gonzaga,@,South Dakota,REG (Non-Conf),W 54-50,*,36,5,9,.556,2,3,.667,3,6,.500,.667,8,8,1.000,1,3,4,1,0,1,0,0,20,18.7,Jill Townsend,https://www.sports-reference.com/cbb/players/jill-townsend-1.html,gonzaga,2020-21
3,98,3,2020-12-06,Gonzaga,@,South Dakota State,REG (Non-Conf),L 72-75 (OT),*,36,12,19,.632,1,3,.333,11,16,.688,.658,4,5,.800,2,4,6,1,0,0,2,3,29,20.2,Jill Townsend,https://www.sports-reference.com/cbb/players/jill-townsend-1.html,gonzaga,2020-21
4,99,4,2020-12-08,Gonzaga,@,Wyoming,REG (Non-Conf),W 89-50,*,22,2,6,.333,0,2,.000,2,4,.500,.333,0,0,,0,3,3,1,1,1,0,1,4,3.5,Jill Townsend,https://www.sports-reference.com/cbb/players/jill-townsend-1.html,gonzaga,2020-21
5,100,5,2020-12-13,Gonzaga,,Montana,REG (Non-Conf),W 58-51,*,28,2,7,.286,0,3,.000,2,4,.500,.286,5,6,.833,1,3,4,2,2,1,1,2,9,8.4,Jill Townsend,https://www.sports-reference.com/cbb/players/jill-townsend-1.html,gonzaga,2020-21
6,101,6,2020-12-20,Gonzaga,@,Eastern Michigan,REG (Non-Conf),W 77-68,*,28,4,11,.364,1,5,.200,3,6,.500,.409,2,2,1.000,3,7,10,2,0,0,4,4,11,4.9,Jill Townsend,https://www.sports-reference.com/cbb/players/jill-townsend-1.html,gonzaga,2020-21
7,102,7,2020-12-21,Gonzaga,,North Alabama,REG (Non-Conf),W 87-57,*,22,6,11,.545,2,3,.667,4,8,.500,.636,0,0,,0,8,8,3,1,1,0,0,14,14.9,Jill Townsend,https://www.sports-reference.com/cbb/players/jill-townsend-1.html,gonzaga,2020-21
8,103,8,2020-12-28,Gonzaga,@,Loyola Marymount,REG (Conf),W 65-62,*,30,6,14,.429,0,3,.000,6,11,.545,.429,7,8,.875,1,9,10,1,0,1,1,3,19,13.8,Jill Townsend,https://www.sports-reference.com/cbb/players/jill-townsend-1.html,gonzaga,2020-21
9,104,9,2020-12-30,Gonzaga,@,Pepperdine,REG (Conf),W 58-42,*,29,5,14,.357,1,4,.250,4,10,.400,.393,2,2,1.000,5,6,11,4,0,0,2,0,13,11.3,Jill Townsend,https://www.sports-reference.com/cbb/players/jill-townsend-1.html,gonzaga,2020-21
10,105,10,2021-01-02,Gonzaga,,St. Mary's (CA),REG (Conf),W 69-37,*,22,2,6,.333,0,2,.000,2,4,.500,.333,4,4,1.000,0,1,1,6,0,0,1,0,8,8.1,Jill Townsend,https://www.sports-reference.com/cbb/players/jill-townsend-1.html,gonzaga,2020-21
11,106,11,2021-01-04,Gonzaga,,Pacific,REG (Conf),W 79-59,*,19,3,7,.429,0,2,.000,3,5,.600,.429,1,2,.500,1,2,3,3,2,0,1,3,7,6.1,Jill Townsend,https://www.sports-reference.com/cbb/players/jill-townsend-1.html,gonzaga,2020-21
12,107,12,2021-01-09,Gonzaga,,Portland,REG (Conf),W 75-43,*,26,3,9,.333,0,0,,3,9,.333,.333,2,2,1.000,3,4,7,2,2,0,2,2,8,6.8,Jill Townsend,https://www.sports-reference.com/cbb/players/jill-townsend-1.html,gonzaga,2020-21
13,108,13,2021-01-14,Gonzaga,@,Santa Clara,REG (Conf),W 71-52,*,27,9,12,.750,2,3,.667,7,9,.778,.833,0,0,,1,1,2,3,1,0,1,0,20,18.3,Jill Townsend,https://www.sports-reference.com/cbb/players/jill-townsend-1.html,gonzaga,2020-21
14,109,14,2021-01-16,Gonzaga,@,San Francisco,REG (Conf),W 76-52,*,27,4,8,.500,0,1,.000,4,7,.571,.500,0,0,,1,6,7,2,2,0,1,1,8,8.5,Jill Townsend,https://www.sports-reference.com/cbb/players/jill-townsend-1.html,gonzaga,2020-21
15,110,16,2021-01-24,Gonzaga,@,Portland,REG (Conf),W 79-61,*,30,4,8,.500,0,2,.000,4,6,.667,.500,3,4,.750,0,6,6,2,6,1,2,3,11,13.3,Jill Townsend,https://www.sports-reference.com/cbb/players/jill-townsend-1.html,gonzaga,2020-21
16,111,17,2021-01-28,Gonzaga,@,Pacific,REG (Conf),W 77-65,*,24,4,6,.667,0,1,.000,4,5,.800,.667,1,1,1.000,0,2,2,3,0,0,1,2,9,7.3,Jill Townsend,https://www.sports-reference.com/cbb/players/jill-townsend-1.html,gonzaga,2020-21
17,112,18,2021-01-30,Gonzaga,@,St. Mary's (CA),REG (Conf),W 79-52,*,23,8,15,.533,3,4,.750,5,11,.455,.633,1,1,1.000,1,3,4,0,0,0,3,1,20,10.9,Jill Townsend,https://www.sports-reference.com/cbb/players/jill-townsend-1.html,gonzaga,2020-21
18,113,19,2021-02-02,Gonzaga,,Brigham Young,REG (Conf),W 63-56,*,29,6,13,.462,2,3,.667,4,10,.400,.538,4,6,.667,0,4,4,1,2,1,1,0,18,14.1,Jill Townsend,https://www.sports-reference.com/cbb/players/jill-townsend-1.html,gonzaga,2020-21
19,114,20,2021-02-11,Gonzaga,,San Francisco,REG (Conf),W 79-66,*,27,7,11,.636,4,6,.667,3,5,.600,.818,1,1,1.000,1,1,2,2,0,1,3,5,19,12.2,Jill Townsend,https://www.sports-reference.com/cbb/players/jill-townsend-1.html,gonzaga,2020-21
20,115,21,2021-02-13,Gonzaga,,Santa Clara,REG (Conf),W 67-50,*,25,4,12,.333,2,6,.333,2,6,.333,.417,0,0,,2,1,3,3,0,0,3,1,10,3.6,Jill Townsend,https://www.sports-reference.com/cbb/players/jill-townsend-1.html,gonzaga,2020-21
21,116,22,2021-02-18,Gonzaga,@,Brigham Young,REG (Conf),L 56-61,*,28,1,7,.143,1,1,1.000,0,6,.000,.214,0,0,,3,2,5,1,3,0,0,0,3,4.9,Jill Townsend,https://www.sports-reference.com/cbb/players/jill-townsend-1.html,gonzaga,2020-21
22,117,23,2021-02-20,Gonzaga,@,San Diego,REG (Conf),W 69-47,*,19,7,11,.636,2,3,.667,5,8,.625,.727,0,0,,1,2,3,2,3,0,3,4,16,12.2,Jill Townsend,https://www.sports-reference.com/cbb/players/jill-townsend-1.html,gonzaga,2020-21
23,118,24,2021-02-25,Gonzaga,,Pepperdine,REG (Conf),W 95-49,*,18,8,12,.667,4,5,.800,4,7,.571,.833,3,3,1.000,3,5,8,6,2,0,1,0,23,26.6,Jill Townsend,https://www.sports-reference.com/cbb/players/jill-townsend-1.html,gonzaga,2020-21
24,119,25,2021-02-27,Gonzaga,,Loyola Marymount,REG (Conf),W 77-39,*,26,8,12,.667,1,3,.333,7,9,.778,.708,1,1,1.000,1,1,2,2,2,0,4,1,18,12.8,Jill Townsend,https://www.sports-reference.com/cbb/players/jill-townsend-1.html,gonzaga,2020-21
25,120,26,2021-03-08,Gonzaga,,Santa Clara,CTOURN,W 72-62,*,34,5,10,.500,1,4,.250,4,6,.667,.550,3,3,1.000,0,10,10,4,2,0,1,1,14,15.4,Jill Townsend,https://www.sports-reference.com/cbb/players/jill-townsend-1.html,gonzaga,2020-21
26,121,27,2021-03-09,Gonzaga,,Brigham Young,CTOURN,W 43-42,,18,1,6,.167,0,0,,1,6,.167,.167,0,0,,1,0,1,0,3,0,2,0,2,-0.1,Jill Townsend,https://www.sports-reference.com/cbb/players/jill-townsend-1.html,gonzaga,2020-21
27,122,28,2021-03-22,Gonzaga,N,Belmont,ROUND-64,L 59-64,*,27,7,11,.636,0,3,.000,7,8,.875,.636,3,6,.500,0,6,6,0,1,0,6,2,17,6.9,Jill Townsend,https://www.sports-reference.com/cbb/players/jill-townsend-1.html,gonzaga,2020-21
