ranker,player_game_num_career,team_game_num_season,date,team_name_abbr,game_location,opp_name_abbr,game_type,game_result,is_starter,mp,fg,fga,fg_pct,fg3,fg3a,fg3_pct,fg2,fg2a,fg2_pct,efg_pct,ft,fta,ft_pct,orb,drb,trb,ast,stl,blk,tov,pf,pts,game_score,player_name,player_sr_link,school,season
1,32,1,2020-11-29,Gonzaga,,South Carolina,REG (Non-Conf),L 72-79,,18,0,2,.000,0,2,.000,0,0,,.000,0,0,,1,1,2,4,1,0,0,0,0,3.4,Kaylynne Truong,https://www.sports-reference.com/cbb/players/kaylynne-truong-1.html,gonzaga,2020-21
2,33,2,2020-11-30,Gonzaga,@,South Dakota,REG (Non-Conf),W 54-50,,9,0,3,.000,0,2,.000,0,1,.000,.000,0,0,,0,0,0,0,0,0,1,1,0,-3.5,Kaylynne Truong,https://www.sports-reference.com/cbb/players/kaylynne-truong-1.html,gonzaga,2020-21
3,34,3,2020-12-06,Gonzaga,@,South Dakota State,REG (Non-Conf),L 72-75 (OT),,16,1,5,.200,0,3,.000,1,2,.500,.200,0,0,,0,0,0,2,0,0,0,1,2,-0.1,Kaylynne Truong,https://www.sports-reference.com/cbb/players/kaylynne-truong-1.html,gonzaga,2020-21
4,35,4,2020-12-08,Gonzaga,@,Wyoming,REG (Non-Conf),W 89-50,,15,3,4,.750,2,3,.667,1,1,1.000,1.000,0,0,,0,1,1,1,0,0,0,2,8,6.6,Kaylynne Truong,https://www.sports-reference.com/cbb/players/kaylynne-truong-1.html,gonzaga,2020-21
5,36,5,2020-12-13,Gonzaga,,Montana,REG (Non-Conf),W 58-51,,12,2,2,1.000,2,2,1.000,0,0,,1.500,0,0,,2,1,3,1,1,0,3,1,6,5.4,Kaylynne Truong,https://www.sports-reference.com/cbb/players/kaylynne-truong-1.html,gonzaga,2020-21
6,37,6,2020-12-20,Gonzaga,@,Eastern Michigan,REG (Non-Conf),W 77-68,,20,4,4,1.000,2,2,1.000,2,2,1.000,1.250,1,2,.500,0,3,3,4,1,0,2,2,11,11.3,Kaylynne Truong,https://www.sports-reference.com/cbb/players/kaylynne-truong-1.html,gonzaga,2020-21
7,38,7,2020-12-21,Gonzaga,,North Alabama,REG (Non-Conf),W 87-57,,13,1,4,.250,0,2,.000,1,2,.500,.250,0,0,,0,0,0,4,0,0,1,0,2,1.4,Kaylynne Truong,https://www.sports-reference.com/cbb/players/kaylynne-truong-1.html,gonzaga,2020-21
8,39,8,2020-12-28,Gonzaga,@,Loyola Marymount,REG (Conf),W 65-62,,15,0,5,.000,0,2,.000,0,3,.000,.000,0,0,,1,1,2,3,0,0,2,3,0,-3.6,Kaylynne Truong,https://www.sports-reference.com/cbb/players/kaylynne-truong-1.html,gonzaga,2020-21
9,40,9,2020-12-30,Gonzaga,@,Pepperdine,REG (Conf),W 58-42,,13,0,3,.000,0,1,.000,0,2,.000,.000,0,0,,0,0,0,2,1,0,3,1,0,-3.1,Kaylynne Truong,https://www.sports-reference.com/cbb/players/kaylynne-truong-1.html,gonzaga,2020-21
10,41,10,2021-01-02,Gonzaga,,St. Mary's (CA),REG (Conf),W 69-37,,16,1,4,.250,0,3,.000,1,1,1.000,.250,0,0,,1,0,1,2,1,0,3,3,2,-1.5,Kaylynne Truong,https://www.sports-reference.com/cbb/players/kaylynne-truong-1.html,gonzaga,2020-21
11,42,11,2021-01-04,Gonzaga,,Pacific,REG (Conf),W 79-59,,22,1,3,.333,1,3,.333,0,0,,.500,4,4,1.000,0,3,3,9,1,0,2,1,7,11.1,Kaylynne Truong,https://www.sports-reference.com/cbb/players/kaylynne-truong-1.html,gonzaga,2020-21
12,43,12,2021-01-09,Gonzaga,,Portland,REG (Conf),W 75-43,,10,1,1,1.000,0,0,,1,1,1.000,1.000,2,2,1.000,0,0,0,2,1,0,2,2,4,3.3,Kaylynne Truong,https://www.sports-reference.com/cbb/players/kaylynne-truong-1.html,gonzaga,2020-21
13,44,13,2021-01-14,Gonzaga,@,Santa Clara,REG (Conf),W 71-52,,18,2,3,.667,2,3,.667,0,0,,1.000,0,0,,0,4,4,5,0,0,2,1,6,7.0,Kaylynne Truong,https://www.sports-reference.com/cbb/players/kaylynne-truong-1.html,gonzaga,2020-21
14,45,14,2021-01-16,Gonzaga,@,San Francisco,REG (Conf),W 76-52,,19,2,5,.400,1,4,.250,1,1,1.000,.500,0,0,,1,2,3,4,1,0,2,1,5,5.0,Kaylynne Truong,https://www.sports-reference.com/cbb/players/kaylynne-truong-1.html,gonzaga,2020-21
15,46,16,2021-01-24,Gonzaga,@,Portland,REG (Conf),W 79-61,,17,2,4,.500,1,2,.500,1,2,.500,.625,2,2,1.000,0,1,1,4,2,0,1,2,7,8.3,Kaylynne Truong,https://www.sports-reference.com/cbb/players/kaylynne-truong-1.html,gonzaga,2020-21
16,47,17,2021-01-28,Gonzaga,@,Pacific,REG (Conf),W 77-65,,18,1,2,.500,1,1,1.000,0,1,.000,.750,0,0,,0,1,1,4,0,0,1,1,3,3.7,Kaylynne Truong,https://www.sports-reference.com/cbb/players/kaylynne-truong-1.html,gonzaga,2020-21
17,48,18,2021-01-30,Gonzaga,@,St. Mary's (CA),REG (Conf),W 79-52,,21,2,6,.333,2,4,.500,0,2,.000,.500,0,0,,0,3,3,4,0,0,2,1,6,3.9,Kaylynne Truong,https://www.sports-reference.com/cbb/players/kaylynne-truong-1.html,gonzaga,2020-21
18,49,19,2021-02-02,Gonzaga,,Brigham Young,REG (Conf),W 63-56,,18,1,2,.500,0,1,.000,1,1,1.000,.500,2,2,1.000,0,2,2,3,1,0,4,1,4,2.3,Kaylynne Truong,https://www.sports-reference.com/cbb/players/kaylynne-truong-1.html,gonzaga,2020-21
19,50,20,2021-02-11,Gonzaga,,San Francisco,REG (Conf),W 79-66,,19,2,8,.250,2,6,.333,0,2,.000,.375,0,0,,0,1,1,0,0,0,1,1,6,0.1,Kaylynne Truong,https://www.sports-reference.com/cbb/players/kaylynne-truong-1.html,gonzaga,2020-21
20,51,21,2021-02-13,Gonzaga,,Santa Clara,REG (Conf),W 67-50,,19,1,2,.500,0,1,.000,1,1,1.000,.500,0,0,,0,5,5,2,1,1,1,2,2,3.8,Kaylynne Truong,https://www.sports-reference.com/cbb/players/kaylynne-truong-1.html,gonzaga,2020-21
21,52,22,2021-02-18,Gonzaga,@,Brigham Young,REG (Conf),L 56-61,,19,2,4,.500,2,3,.667,0,1,.000,.750,0,0,,2,1,3,3,1,0,3,0,6,5.8,Kaylynne Truong,https://www.sports-reference.com/cbb/players/kaylynne-truong-1.html,gonzaga,2020-21
22,53,23,2021-02-20,Gonzaga,@,San Diego,REG (Conf),W 69-47,,20,1,4,.250,0,1,.000,1,3,.333,.250,0,1,.000,0,3,3,2,1,0,2,2,2,-0.3,Kaylynne Truong,https://www.sports-reference.com/cbb/players/kaylynne-truong-1.html,gonzaga,2020-21
23,54,24,2021-02-25,Gonzaga,,Pepperdine,REG (Conf),W 95-49,,14,3,5,.600,1,1,1.000,2,4,.500,.700,0,0,,1,3,4,2,3,0,0,1,7,10.3,Kaylynne Truong,https://www.sports-reference.com/cbb/players/kaylynne-truong-1.html,gonzaga,2020-21
24,55,25,2021-02-27,Gonzaga,,Loyola Marymount,REG (Conf),W 77-39,,15,1,6,.167,0,4,.000,1,2,.500,.167,0,0,,1,1,2,4,1,0,1,0,2,2.0,Kaylynne Truong,https://www.sports-reference.com/cbb/players/kaylynne-truong-1.html,gonzaga,2020-21
25,56,26,2021-03-08,Gonzaga,,Santa Clara,CTOURN,W 72-62,,25,0,5,.000,0,3,.000,0,2,.000,.000,2,2,1.000,0,1,1,4,0,0,4,1,2,-2.8,Kaylynne Truong,https://www.sports-reference.com/cbb/players/kaylynne-truong-1.html,gonzaga,2020-21
26,57,27,2021-03-09,Gonzaga,,Brigham Young,CTOURN,W 43-42,*,29,3,9,.333,2,6,.333,1,3,.333,.444,0,0,,0,2,2,2,2,0,0,1,8,6.5,Kaylynne Truong,https://www.sports-reference.com/cbb/players/kaylynne-truong-1.html,gonzaga,2020-21
27,58,28,2021-03-22,Gonzaga,N,Belmont,ROUND-64,L 59-64,,18,1,2,.500,1,1,1.000,0,1,.000,.750,0,0,,0,2,2,4,0,0,4,0,3,1.4,Kaylynne Truong,https://www.sports-reference.com/cbb/players/kaylynne-truong-1.html,gonzaga,2020-21
