ranker,player_game_num_career,team_game_num_season,date,team_name_abbr,game_location,opp_name_abbr,game_type,game_result,is_starter,mp,fg,fga,fg_pct,fg3,fg3a,fg3_pct,fg2,fg2a,fg2_pct,efg_pct,ft,fta,ft_pct,orb,drb,trb,ast,stl,blk,tov,pf,pts,game_score,player_name,player_sr_link,school,season
1,29,1,2020-11-29,Gonzaga,,South Carolina,REG (Non-Conf),L 72-79,*,19,2,3,.667,2,3,.667,0,0,,1.000,0,3,.000,0,1,1,3,0,0,1,3,6,3.7,Kayleigh Truong,https://www.sports-reference.com/cbb/players/kayleigh-truong-1.html,gonzaga,2020-21
2,30,2,2020-11-30,Gonzaga,@,South Dakota,REG (Non-Conf),W 54-50,*,29,5,11,.455,2,4,.500,3,7,.429,.545,0,1,.000,1,5,6,1,1,0,5,2,12,4.0,Kayleigh Truong,https://www.sports-reference.com/cbb/players/kayleigh-truong-1.html,gonzaga,2020-21
3,31,3,2020-12-06,Gonzaga,@,South Dakota State,REG (Non-Conf),L 72-75 (OT),*,28,1,8,.125,1,4,.250,0,4,.000,.188,0,0,,0,3,3,3,2,0,0,1,3,2.4,Kayleigh Truong,https://www.sports-reference.com/cbb/players/kayleigh-truong-1.html,gonzaga,2020-21
4,32,4,2020-12-08,Gonzaga,@,Wyoming,REG (Non-Conf),W 89-50,*,19,2,4,.500,1,1,1.000,1,3,.333,.625,2,2,1.000,0,1,1,3,1,0,1,0,7,7.4,Kayleigh Truong,https://www.sports-reference.com/cbb/players/kayleigh-truong-1.html,gonzaga,2020-21
5,33,5,2020-12-13,Gonzaga,,Montana,REG (Non-Conf),W 58-51,*,26,3,12,.250,1,6,.167,2,6,.333,.292,0,0,,1,4,5,1,2,0,2,2,7,1.6,Kayleigh Truong,https://www.sports-reference.com/cbb/players/kayleigh-truong-1.html,gonzaga,2020-21
6,34,6,2020-12-20,Gonzaga,@,Eastern Michigan,REG (Non-Conf),W 77-68,*,28,1,4,.250,1,4,.250,0,0,,.375,4,6,.667,0,2,2,5,0,0,1,3,7,5.7,Kayleigh Truong,https://www.sports-reference.com/cbb/players/kayleigh-truong-1.html,gonzaga,2020-21
7,35,7,2020-12-21,Gonzaga,,North Alabama,REG (Non-Conf),W 87-57,*,17,2,6,.333,1,3,.333,1,3,.333,.417,0,0,,0,1,1,6,0,0,4,1,5,1.7,Kayleigh Truong,https://www.sports-reference.com/cbb/players/kayleigh-truong-1.html,gonzaga,2020-21
8,36,8,2020-12-28,Gonzaga,@,Loyola Marymount,REG (Conf),W 65-62,*,26,2,12,.167,2,7,.286,0,5,.000,.250,2,2,1.000,1,4,5,7,1,0,3,3,8,4.0,Kayleigh Truong,https://www.sports-reference.com/cbb/players/kayleigh-truong-1.html,gonzaga,2020-21
9,37,9,2020-12-30,Gonzaga,@,Pepperdine,REG (Conf),W 58-42,*,23,3,6,.500,1,2,.500,2,4,.500,.583,1,1,1.000,0,0,0,5,1,0,3,2,8,5.7,Kayleigh Truong,https://www.sports-reference.com/cbb/players/kayleigh-truong-1.html,gonzaga,2020-21
10,38,10,2021-01-02,Gonzaga,,St. Mary's (CA),REG (Conf),W 69-37,*,25,2,6,.333,1,3,.333,1,3,.333,.417,0,0,,0,1,1,3,1,0,1,2,5,3.2,Kayleigh Truong,https://www.sports-reference.com/cbb/players/kayleigh-truong-1.html,gonzaga,2020-21
11,39,11,2021-01-04,Gonzaga,,Pacific,REG (Conf),W 79-59,*,23,1,4,.250,1,4,.250,0,0,,.375,1,2,.500,0,1,1,2,0,0,2,0,4,0.9,Kayleigh Truong,https://www.sports-reference.com/cbb/players/kayleigh-truong-1.html,gonzaga,2020-21
12,40,12,2021-01-09,Gonzaga,,Portland,REG (Conf),W 75-43,*,21,2,5,.400,2,3,.667,0,2,.000,.600,0,0,,1,0,1,2,1,0,0,2,6,5.6,Kayleigh Truong,https://www.sports-reference.com/cbb/players/kayleigh-truong-1.html,gonzaga,2020-21
13,41,13,2021-01-14,Gonzaga,@,Santa Clara,REG (Conf),W 71-52,*,22,2,4,.500,1,3,.333,1,1,1.000,.625,0,0,,0,2,2,6,1,0,4,1,5,4.4,Kayleigh Truong,https://www.sports-reference.com/cbb/players/kayleigh-truong-1.html,gonzaga,2020-21
14,42,14,2021-01-16,Gonzaga,@,San Francisco,REG (Conf),W 76-52,*,21,7,11,.636,3,5,.600,4,6,.667,.773,0,0,,1,3,4,5,0,0,3,1,17,13.8,Kayleigh Truong,https://www.sports-reference.com/cbb/players/kayleigh-truong-1.html,gonzaga,2020-21
15,43,16,2021-01-24,Gonzaga,@,Portland,REG (Conf),W 79-61,*,29,6,7,.857,3,3,1.000,3,4,.750,1.071,2,4,.500,0,1,1,5,0,0,2,3,17,14.3,Kayleigh Truong,https://www.sports-reference.com/cbb/players/kayleigh-truong-1.html,gonzaga,2020-21
16,44,17,2021-01-28,Gonzaga,@,Pacific,REG (Conf),W 77-65,*,25,4,9,.444,0,2,.000,4,7,.571,.444,2,3,.667,0,2,2,8,1,0,4,2,10,7.3,Kayleigh Truong,https://www.sports-reference.com/cbb/players/kayleigh-truong-1.html,gonzaga,2020-21
17,45,18,2021-01-30,Gonzaga,@,St. Mary's (CA),REG (Conf),W 79-52,*,22,3,8,.375,0,2,.000,3,6,.500,.375,1,2,.500,0,1,1,9,3,0,1,1,7,10.4,Kayleigh Truong,https://www.sports-reference.com/cbb/players/kayleigh-truong-1.html,gonzaga,2020-21
18,46,19,2021-02-02,Gonzaga,,Brigham Young,REG (Conf),W 63-56,*,28,4,8,.500,1,2,.500,3,6,.500,.563,2,2,1.000,0,4,4,1,1,0,4,2,11,5.1,Kayleigh Truong,https://www.sports-reference.com/cbb/players/kayleigh-truong-1.html,gonzaga,2020-21
19,47,20,2021-02-11,Gonzaga,,San Francisco,REG (Conf),W 79-66,*,27,3,7,.429,2,5,.400,1,2,.500,.571,3,4,.750,0,2,2,5,2,0,2,3,11,9.8,Kayleigh Truong,https://www.sports-reference.com/cbb/players/kayleigh-truong-1.html,gonzaga,2020-21
20,48,21,2021-02-13,Gonzaga,,Santa Clara,REG (Conf),W 67-50,*,25,4,7,.571,0,2,.000,4,5,.800,.571,0,0,,0,0,0,4,1,0,1,2,8,6.7,Kayleigh Truong,https://www.sports-reference.com/cbb/players/kayleigh-truong-1.html,gonzaga,2020-21
21,49,22,2021-02-18,Gonzaga,@,Brigham Young,REG (Conf),L 56-61,*,27,4,8,.500,1,4,.250,3,4,.750,.563,0,0,,0,3,3,3,1,0,6,2,9,2.2,Kayleigh Truong,https://www.sports-reference.com/cbb/players/kayleigh-truong-1.html,gonzaga,2020-21
22,50,23,2021-02-20,Gonzaga,@,San Diego,REG (Conf),W 69-47,*,29,4,10,.400,3,6,.500,1,4,.250,.550,2,2,1.000,0,2,2,3,2,0,3,1,13,8.9,Kayleigh Truong,https://www.sports-reference.com/cbb/players/kayleigh-truong-1.html,gonzaga,2020-21
23,51,24,2021-02-25,Gonzaga,,Pepperdine,REG (Conf),W 95-49,*,21,0,3,.000,0,1,.000,0,2,.000,.000,0,0,,1,1,2,7,0,0,0,0,0,3.8,Kayleigh Truong,https://www.sports-reference.com/cbb/players/kayleigh-truong-1.html,gonzaga,2020-21
24,52,25,2021-02-27,Gonzaga,,Loyola Marymount,REG (Conf),W 77-39,,23,2,7,.286,0,4,.000,2,3,.667,.286,4,4,1.000,0,4,4,5,0,0,1,0,8,7.6,Kayleigh Truong,https://www.sports-reference.com/cbb/players/kayleigh-truong-1.html,gonzaga,2020-21
25,53,26,2021-03-08,Gonzaga,,Santa Clara,CTOURN,W 72-62,*,23,3,9,.333,0,3,.000,3,6,.500,.333,4,5,.800,0,2,2,4,5,0,1,3,10,10.7,Kayleigh Truong,https://www.sports-reference.com/cbb/players/kayleigh-truong-1.html,gonzaga,2020-21
26,54,27,2021-03-09,Gonzaga,,Brigham Young,CTOURN,W 43-42,*,31,1,10,.100,0,1,.000,1,9,.111,.100,0,0,,0,3,3,1,2,0,1,1,2,-2.4,Kayleigh Truong,https://www.sports-reference.com/cbb/players/kayleigh-truong-1.html,gonzaga,2020-21
27,55,28,2021-03-22,Gonzaga,N,Belmont,ROUND-64,L 59-64,*,29,2,4,.500,1,3,.333,1,1,1.000,.625,0,0,,1,0,1,3,0,0,3,2,5,2.0,Kayleigh Truong,https://www.sports-reference.com/cbb/players/kayleigh-truong-1.html,gonzaga,2020-21
