ranker,player_game_num_career,team_game_num_season,date,team_name_abbr,game_location,opp_name_abbr,game_type,game_result,is_starter,mp,fg,fga,fg_pct,fg3,fg3a,fg3_pct,fg2,fg2a,fg2_pct,efg_pct,ft,fta,ft_pct,orb,drb,trb,ast,stl,blk,tov,pf,pts,game_score,player_name,player_sr_link,school,season
1,95,1,2020-11-29,Gonzaga,,South Carolina,REG (Non-Conf),L 72-79,*,26,3,6,.500,0,0,,3,6,.500,.500,1,2,.500,3,4,7,1,1,0,4,4,7,3.0,LeeAnne Wirth,https://www.sports-reference.com/cbb/players/leeanne-wirth-1.html,gonzaga,2020-21
2,96,2,2020-11-30,Gonzaga,@,South Dakota,REG (Non-Conf),W 54-50,*,22,2,7,.286,0,0,,2,7,.286,.286,0,0,,2,3,5,3,0,0,2,4,4,0.7,LeeAnne Wirth,https://www.sports-reference.com/cbb/players/leeanne-wirth-1.html,gonzaga,2020-21
3,97,3,2020-12-06,Gonzaga,@,South Dakota State,REG (Non-Conf),L 72-75 (OT),*,27,5,5,1.000,0,0,,5,5,1.000,1.000,0,0,,0,2,2,3,4,0,1,5,10,12.2,LeeAnne Wirth,https://www.sports-reference.com/cbb/players/leeanne-wirth-1.html,gonzaga,2020-21
4,98,4,2020-12-08,Gonzaga,@,Wyoming,REG (Non-Conf),W 89-50,*,20,4,7,.571,0,0,,4,7,.571,.571,2,2,1.000,1,4,5,2,0,3,3,1,10,8.7,LeeAnne Wirth,https://www.sports-reference.com/cbb/players/leeanne-wirth-1.html,gonzaga,2020-21
5,99,5,2020-12-13,Gonzaga,,Montana,REG (Non-Conf),W 58-51,*,23,4,10,.400,0,0,,4,10,.400,.400,4,5,.800,4,4,8,1,0,0,0,1,12,10.5,LeeAnne Wirth,https://www.sports-reference.com/cbb/players/leeanne-wirth-1.html,gonzaga,2020-21
6,100,6,2020-12-20,Gonzaga,@,Eastern Michigan,REG (Non-Conf),W 77-68,*,17,3,6,.500,0,0,,3,6,.500,.500,0,0,,1,2,3,3,0,0,3,4,6,1.8,LeeAnne Wirth,https://www.sports-reference.com/cbb/players/leeanne-wirth-1.html,gonzaga,2020-21
7,101,7,2020-12-21,Gonzaga,,North Alabama,REG (Non-Conf),W 87-57,*,18,6,9,.667,0,0,,6,9,.667,.667,2,2,1.000,6,6,12,4,0,0,1,1,14,17.5,LeeAnne Wirth,https://www.sports-reference.com/cbb/players/leeanne-wirth-1.html,gonzaga,2020-21
8,102,8,2020-12-28,Gonzaga,@,Loyola Marymount,REG (Conf),W 65-62,*,28,5,8,.625,0,0,,5,8,.625,.625,0,0,,3,1,4,1,1,0,2,1,10,8.1,LeeAnne Wirth,https://www.sports-reference.com/cbb/players/leeanne-wirth-1.html,gonzaga,2020-21
9,103,9,2020-12-30,Gonzaga,@,Pepperdine,REG (Conf),W 58-42,*,23,5,9,.556,0,0,,5,9,.556,.556,2,2,1.000,3,4,7,0,0,0,4,3,12,5.8,LeeAnne Wirth,https://www.sports-reference.com/cbb/players/leeanne-wirth-1.html,gonzaga,2020-21
10,104,10,2021-01-02,Gonzaga,,St. Mary's (CA),REG (Conf),W 69-37,*,22,4,7,.571,0,0,,4,7,.571,.571,2,2,1.000,1,5,6,0,1,1,0,0,10,10.6,LeeAnne Wirth,https://www.sports-reference.com/cbb/players/leeanne-wirth-1.html,gonzaga,2020-21
11,105,11,2021-01-04,Gonzaga,,Pacific,REG (Conf),W 79-59,*,12,0,1,.000,0,0,,0,1,.000,.000,0,0,,1,3,4,1,0,0,5,4,0,-5.0,LeeAnne Wirth,https://www.sports-reference.com/cbb/players/leeanne-wirth-1.html,gonzaga,2020-21
12,106,12,2021-01-09,Gonzaga,,Portland,REG (Conf),W 75-43,*,24,6,9,.667,0,0,,6,9,.667,.667,0,0,,1,6,7,2,0,2,1,1,12,12.0,LeeAnne Wirth,https://www.sports-reference.com/cbb/players/leeanne-wirth-1.html,gonzaga,2020-21
13,107,13,2021-01-14,Gonzaga,@,Santa Clara,REG (Conf),W 71-52,*,21,4,7,.571,0,0,,4,7,.571,.571,0,0,,2,4,6,3,2,0,0,2,8,10.6,LeeAnne Wirth,https://www.sports-reference.com/cbb/players/leeanne-wirth-1.html,gonzaga,2020-21
14,108,14,2021-01-16,Gonzaga,@,San Francisco,REG (Conf),W 76-52,*,22,4,6,.667,0,0,,4,6,.667,.667,1,1,1.000,1,4,5,3,1,0,1,2,9,9.6,LeeAnne Wirth,https://www.sports-reference.com/cbb/players/leeanne-wirth-1.html,gonzaga,2020-21
15,109,16,2021-01-24,Gonzaga,@,Portland,REG (Conf),W 79-61,*,22,3,6,.500,0,0,,3,6,.500,.500,2,2,1.000,1,4,5,0,2,1,0,1,8,9.2,LeeAnne Wirth,https://www.sports-reference.com/cbb/players/leeanne-wirth-1.html,gonzaga,2020-21
16,110,17,2021-01-28,Gonzaga,@,Pacific,REG (Conf),W 77-65,*,24,7,12,.583,0,0,,7,12,.583,.583,0,0,,2,7,9,1,0,2,1,1,14,12.6,LeeAnne Wirth,https://www.sports-reference.com/cbb/players/leeanne-wirth-1.html,gonzaga,2020-21
17,111,18,2021-01-30,Gonzaga,@,St. Mary's (CA),REG (Conf),W 79-52,*,23,3,4,.750,0,0,,3,4,.750,.750,2,4,.500,1,4,5,1,1,1,3,0,8,6.9,LeeAnne Wirth,https://www.sports-reference.com/cbb/players/leeanne-wirth-1.html,gonzaga,2020-21
18,112,19,2021-02-02,Gonzaga,,Brigham Young,REG (Conf),W 63-56,*,24,1,4,.250,0,1,.000,1,3,.333,.250,1,2,.500,0,4,4,2,2,1,1,3,3,3.3,LeeAnne Wirth,https://www.sports-reference.com/cbb/players/leeanne-wirth-1.html,gonzaga,2020-21
19,113,20,2021-02-11,Gonzaga,,San Francisco,REG (Conf),W 79-66,*,23,3,4,.750,0,0,,3,4,.750,.750,2,2,1.000,2,7,9,3,0,0,2,3,8,8.8,LeeAnne Wirth,https://www.sports-reference.com/cbb/players/leeanne-wirth-1.html,gonzaga,2020-21
20,114,21,2021-02-13,Gonzaga,,Santa Clara,REG (Conf),W 67-50,*,21,5,9,.556,1,2,.500,4,7,.571,.611,1,1,1.000,0,4,4,0,0,1,1,2,12,7.8,LeeAnne Wirth,https://www.sports-reference.com/cbb/players/leeanne-wirth-1.html,gonzaga,2020-21
21,115,22,2021-02-18,Gonzaga,@,Brigham Young,REG (Conf),L 56-61,*,27,1,6,.167,0,1,.000,1,5,.200,.167,4,4,1.000,2,4,6,1,0,0,0,4,6,3.9,LeeAnne Wirth,https://www.sports-reference.com/cbb/players/leeanne-wirth-1.html,gonzaga,2020-21
22,116,23,2021-02-20,Gonzaga,@,San Diego,REG (Conf),W 69-47,*,25,4,7,.571,0,0,,4,7,.571,.571,0,0,,2,4,6,5,1,0,0,2,8,11.0,LeeAnne Wirth,https://www.sports-reference.com/cbb/players/leeanne-wirth-1.html,gonzaga,2020-21
23,117,24,2021-02-25,Gonzaga,,Pepperdine,REG (Conf),W 95-49,*,18,8,9,.889,0,0,,8,9,.889,.889,0,0,,3,2,5,1,0,0,0,1,16,15.9,LeeAnne Wirth,https://www.sports-reference.com/cbb/players/leeanne-wirth-1.html,gonzaga,2020-21
24,118,25,2021-02-27,Gonzaga,,Loyola Marymount,REG (Conf),W 77-39,*,25,2,7,.286,0,0,,2,7,.286,.286,3,4,.750,4,2,6,1,4,0,3,3,7,6.4,LeeAnne Wirth,https://www.sports-reference.com/cbb/players/leeanne-wirth-1.html,gonzaga,2020-21
25,119,26,2021-03-08,Gonzaga,,Santa Clara,CTOURN,W 72-62,*,24,3,4,.750,0,0,,3,4,.750,.750,2,2,1.000,5,3,8,4,0,0,5,0,8,8.6,LeeAnne Wirth,https://www.sports-reference.com/cbb/players/leeanne-wirth-1.html,gonzaga,2020-21
26,120,28,2021-03-22,Gonzaga,N,Belmont,ROUND-64,L 59-64,*,26,5,5,1.000,0,0,,5,5,1.000,1.000,0,0,,3,5,8,1,1,1,2,3,10,11.3,LeeAnne Wirth,https://www.sports-reference.com/cbb/players/leeanne-wirth-1.html,gonzaga,2020-21
