ranker,player_game_num_career,team_game_num_season,date,team_name_abbr,game_location,opp_name_abbr,game_type,game_result,is_starter,mp,fg,fga,fg_pct,fg3,fg3a,fg3_pct,fg2,fg2a,fg2_pct,efg_pct,ft,fta,ft_pct,orb,drb,trb,ast,stl,blk,tov,pf,pts,game_score,player_name,player_sr_link,school,season
1,1,1,2020-11-29,Gonzaga,,South Carolina,REG (Non-Conf),L 72-79,,17,3,5,.600,1,3,.333,2,2,1.000,.700,0,0,,0,1,1,3,0,0,1,3,7,4.9,Lily Scanlon,https://www.sports-reference.com/cbb/players/lily-scanlon-1.html,gonzaga,2020-21
2,2,2,2020-11-30,Gonzaga,@,South Dakota,REG (Non-Conf),W 54-50,,13,0,2,.000,0,0,,0,2,.000,.000,2,4,.500,0,1,1,1,0,0,1,0,2,-0.2,Lily Scanlon,https://www.sports-reference.com/cbb/players/lily-scanlon-1.html,gonzaga,2020-21
3,3,3,2020-12-06,Gonzaga,@,South Dakota State,REG (Non-Conf),L 72-75 (OT),,11,0,2,.000,0,1,.000,0,1,.000,.000,3,4,.750,1,0,1,0,0,0,0,0,3,1.9,Lily Scanlon,https://www.sports-reference.com/cbb/players/lily-scanlon-1.html,gonzaga,2020-21
4,4,4,2020-12-08,Gonzaga,@,Wyoming,REG (Non-Conf),W 89-50,,13,2,6,.333,1,2,.500,1,4,.250,.417,2,2,1.000,0,1,1,1,0,0,1,2,7,2.8,Lily Scanlon,https://www.sports-reference.com/cbb/players/lily-scanlon-1.html,gonzaga,2020-21
5,5,5,2020-12-13,Gonzaga,,Montana,REG (Non-Conf),W 58-51,,10,0,3,.000,0,1,.000,0,2,.000,.000,0,0,,0,0,0,0,0,0,0,1,0,-2.5,Lily Scanlon,https://www.sports-reference.com/cbb/players/lily-scanlon-1.html,gonzaga,2020-21
6,6,7,2020-12-21,Gonzaga,,North Alabama,REG (Non-Conf),W 87-57,,15,1,1,1.000,0,0,,1,1,1.000,1.000,0,0,,1,1,2,5,0,1,3,5,2,1.9,Lily Scanlon,https://www.sports-reference.com/cbb/players/lily-scanlon-1.html,gonzaga,2020-21
7,7,8,2020-12-28,Gonzaga,@,Loyola Marymount,REG (Conf),W 65-62,,4,0,2,.000,0,1,.000,0,1,.000,.000,0,0,,0,0,0,1,0,0,1,0,0,-1.7,Lily Scanlon,https://www.sports-reference.com/cbb/players/lily-scanlon-1.html,gonzaga,2020-21
8,8,9,2020-12-30,Gonzaga,@,Pepperdine,REG (Conf),W 58-42,,7,0,3,.000,0,1,.000,0,2,.000,.000,1,2,.500,0,1,1,0,0,0,2,0,1,-3.2,Lily Scanlon,https://www.sports-reference.com/cbb/players/lily-scanlon-1.html,gonzaga,2020-21
9,9,10,2021-01-02,Gonzaga,,St. Mary's (CA),REG (Conf),W 69-37,,11,3,5,.600,1,2,.500,2,3,.667,.700,0,0,,0,0,0,0,0,0,1,0,7,3.7,Lily Scanlon,https://www.sports-reference.com/cbb/players/lily-scanlon-1.html,gonzaga,2020-21
10,10,11,2021-01-04,Gonzaga,,Pacific,REG (Conf),W 79-59,,10,2,4,.500,2,2,1.000,0,2,.000,.750,0,0,,0,1,1,1,0,0,0,1,6,4.6,Lily Scanlon,https://www.sports-reference.com/cbb/players/lily-scanlon-1.html,gonzaga,2020-21
11,11,12,2021-01-09,Gonzaga,,Portland,REG (Conf),W 75-43,,10,2,4,.500,0,1,.000,2,3,.667,.500,0,0,,0,0,0,1,0,0,2,0,4,0.7,Lily Scanlon,https://www.sports-reference.com/cbb/players/lily-scanlon-1.html,gonzaga,2020-21
12,12,13,2021-01-14,Gonzaga,@,Santa Clara,REG (Conf),W 71-52,,6,0,1,.000,0,0,,0,1,.000,.000,0,0,,0,0,0,0,0,0,2,0,0,-2.7,Lily Scanlon,https://www.sports-reference.com/cbb/players/lily-scanlon-1.html,gonzaga,2020-21
13,13,14,2021-01-16,Gonzaga,@,San Francisco,REG (Conf),W 76-52,,6,0,0,,0,0,,0,0,,,2,2,1.000,0,1,1,0,0,0,1,0,2,1.3,Lily Scanlon,https://www.sports-reference.com/cbb/players/lily-scanlon-1.html,gonzaga,2020-21
14,14,16,2021-01-24,Gonzaga,@,Portland,REG (Conf),W 79-61,,5,0,0,,0,0,,0,0,,,0,0,,0,0,0,0,0,0,1,2,0,-1.8,Lily Scanlon,https://www.sports-reference.com/cbb/players/lily-scanlon-1.html,gonzaga,2020-21
15,15,17,2021-01-28,Gonzaga,@,Pacific,REG (Conf),W 77-65,,9,2,3,.667,1,1,1.000,1,2,.500,.833,1,2,.500,0,0,0,1,1,0,1,0,6,5.0,Lily Scanlon,https://www.sports-reference.com/cbb/players/lily-scanlon-1.html,gonzaga,2020-21
16,16,18,2021-01-30,Gonzaga,@,St. Mary's (CA),REG (Conf),W 79-52,,4,0,0,,0,0,,0,0,,,0,0,,0,2,2,2,0,0,0,3,0,0.8,Lily Scanlon,https://www.sports-reference.com/cbb/players/lily-scanlon-1.html,gonzaga,2020-21
17,17,20,2021-02-11,Gonzaga,,San Francisco,REG (Conf),W 79-66,,1,0,0,,0,0,,0,0,,,0,0,,0,0,0,0,0,0,0,0,0,0.0,Lily Scanlon,https://www.sports-reference.com/cbb/players/lily-scanlon-1.html,gonzaga,2020-21
18,18,21,2021-02-13,Gonzaga,,Santa Clara,REG (Conf),W 67-50,,4,0,1,.000,0,1,.000,0,0,,.000,0,0,,0,0,0,0,0,0,2,0,0,-2.7,Lily Scanlon,https://www.sports-reference.com/cbb/players/lily-scanlon-1.html,gonzaga,2020-21
19,19,23,2021-02-20,Gonzaga,@,San Diego,REG (Conf),W 69-47,,3,0,1,.000,0,0,,0,1,.000,.000,1,2,.500,0,0,0,0,1,0,1,0,1,-0.1,Lily Scanlon,https://www.sports-reference.com/cbb/players/lily-scanlon-1.html,gonzaga,2020-21
20,20,24,2021-02-25,Gonzaga,,Pepperdine,REG (Conf),W 95-49,,11,0,2,.000,0,2,.000,0,0,,.000,0,0,,0,0,0,1,0,0,0,1,0,-1.1,Lily Scanlon,https://www.sports-reference.com/cbb/players/lily-scanlon-1.html,gonzaga,2020-21
21,21,25,2021-02-27,Gonzaga,,Loyola Marymount,REG (Conf),W 77-39,,5,0,0,,0,0,,0,0,,,0,0,,0,0,0,1,0,0,1,0,0,-0.3,Lily Scanlon,https://www.sports-reference.com/cbb/players/lily-scanlon-1.html,gonzaga,2020-21
