ranker,player_game_num_career,team_game_num_season,date,team_name_abbr,game_location,opp_name_abbr,game_type,game_result,is_starter,mp,fg,fga,fg_pct,fg3,fg3a,fg3_pct,fg2,fg2a,fg2_pct,efg_pct,ft,fta,ft_pct,orb,drb,trb,ast,stl,blk,tov,pf,pts,game_score,player_name,player_sr_link,school,season
1,72,1,2020-11-29,Gonzaga,,South Carolina,REG (Non-Conf),L 72-79,,1,0,0,,0,0,,0,0,,,0,0,,0,0,0,0,0,0,0,2,0,-0.8,Louise Forsyth,https://www.sports-reference.com/cbb/players/louise-forsyth-1.html,gonzaga,2020-21
2,73,3,2020-12-06,Gonzaga,@,South Dakota State,REG (Non-Conf),L 72-75 (OT),,8,1,2,.500,1,2,.500,0,0,,.750,0,0,,0,2,2,0,0,0,0,0,3,2.6,Louise Forsyth,https://www.sports-reference.com/cbb/players/louise-forsyth-1.html,gonzaga,2020-21
3,74,4,2020-12-08,Gonzaga,@,Wyoming,REG (Non-Conf),W 89-50,,11,1,2,.500,1,2,.500,0,0,,.750,0,0,,0,1,1,0,0,0,0,2,3,1.5,Louise Forsyth,https://www.sports-reference.com/cbb/players/louise-forsyth-1.html,gonzaga,2020-21
4,75,5,2020-12-13,Gonzaga,,Montana,REG (Non-Conf),W 58-51,,9,0,1,.000,0,1,.000,0,0,,.000,0,0,,1,1,2,0,0,0,0,2,0,-0.5,Louise Forsyth,https://www.sports-reference.com/cbb/players/louise-forsyth-1.html,gonzaga,2020-21
5,76,6,2020-12-20,Gonzaga,@,Eastern Michigan,REG (Non-Conf),W 77-68,,5,0,1,.000,0,0,,0,1,.000,.000,0,0,,0,2,2,0,0,0,1,1,0,-1.5,Louise Forsyth,https://www.sports-reference.com/cbb/players/louise-forsyth-1.html,gonzaga,2020-21
6,77,7,2020-12-21,Gonzaga,,North Alabama,REG (Non-Conf),W 87-57,,13,1,5,.200,0,2,.000,1,3,.333,.200,4,4,1.000,1,2,3,2,0,0,0,2,6,4.8,Louise Forsyth,https://www.sports-reference.com/cbb/players/louise-forsyth-1.html,gonzaga,2020-21
7,78,8,2020-12-28,Gonzaga,@,Loyola Marymount,REG (Conf),W 65-62,,1,0,0,,0,0,,0,0,,,0,0,,0,0,0,0,0,0,0,0,0,0.0,Louise Forsyth,https://www.sports-reference.com/cbb/players/louise-forsyth-1.html,gonzaga,2020-21
8,79,9,2020-12-30,Gonzaga,@,Pepperdine,REG (Conf),W 58-42,,7,0,0,,0,0,,0,0,,,0,0,,0,0,0,1,0,0,0,1,0,0.3,Louise Forsyth,https://www.sports-reference.com/cbb/players/louise-forsyth-1.html,gonzaga,2020-21
9,80,10,2021-01-02,Gonzaga,,St. Mary's (CA),REG (Conf),W 69-37,,6,1,2,.500,0,1,.000,1,1,1.000,.500,0,0,,0,0,0,0,0,0,0,1,2,0.6,Louise Forsyth,https://www.sports-reference.com/cbb/players/louise-forsyth-1.html,gonzaga,2020-21
10,81,11,2021-01-04,Gonzaga,,Pacific,REG (Conf),W 79-59,,2,0,0,,0,0,,0,0,,,0,0,,0,0,0,0,0,0,0,0,0,0.0,Louise Forsyth,https://www.sports-reference.com/cbb/players/louise-forsyth-1.html,gonzaga,2020-21
11,82,12,2021-01-09,Gonzaga,,Portland,REG (Conf),W 75-43,,8,0,3,.000,0,1,.000,0,2,.000,.000,0,0,,0,1,1,1,1,0,0,1,0,-0.5,Louise Forsyth,https://www.sports-reference.com/cbb/players/louise-forsyth-1.html,gonzaga,2020-21
12,83,13,2021-01-14,Gonzaga,@,Santa Clara,REG (Conf),W 71-52,,4,0,0,,0,0,,0,0,,,0,0,,0,0,0,0,0,0,0,0,0,0.0,Louise Forsyth,https://www.sports-reference.com/cbb/players/louise-forsyth-1.html,gonzaga,2020-21
13,84,14,2021-01-16,Gonzaga,@,San Francisco,REG (Conf),W 76-52,,8,2,2,1.000,2,2,1.000,0,0,,1.500,1,2,.500,0,0,0,0,0,0,0,0,7,6.0,Louise Forsyth,https://www.sports-reference.com/cbb/players/louise-forsyth-1.html,gonzaga,2020-21
14,85,16,2021-01-24,Gonzaga,@,Portland,REG (Conf),W 79-61,,4,0,1,.000,0,1,.000,0,0,,.000,0,0,,0,0,0,0,0,0,0,0,0,-0.7,Louise Forsyth,https://www.sports-reference.com/cbb/players/louise-forsyth-1.html,gonzaga,2020-21
15,86,17,2021-01-28,Gonzaga,@,Pacific,REG (Conf),W 77-65,,3,1,1,1.000,1,1,1.000,0,0,,1.500,0,0,,0,0,0,0,0,0,0,0,3,2.7,Louise Forsyth,https://www.sports-reference.com/cbb/players/louise-forsyth-1.html,gonzaga,2020-21
16,87,18,2021-01-30,Gonzaga,@,St. Mary's (CA),REG (Conf),W 79-52,,6,1,1,1.000,0,0,,1,1,1.000,1.000,0,0,,0,0,0,0,0,0,0,1,2,1.3,Louise Forsyth,https://www.sports-reference.com/cbb/players/louise-forsyth-1.html,gonzaga,2020-21
17,88,20,2021-02-11,Gonzaga,,San Francisco,REG (Conf),W 79-66,,1,0,0,,0,0,,0,0,,,0,0,,0,0,0,0,0,0,0,0,0,0.0,Louise Forsyth,https://www.sports-reference.com/cbb/players/louise-forsyth-1.html,gonzaga,2020-21
18,89,21,2021-02-13,Gonzaga,,Santa Clara,REG (Conf),W 67-50,,7,0,0,,0,0,,0,0,,,0,0,,0,0,0,0,0,1,0,0,0,0.7,Louise Forsyth,https://www.sports-reference.com/cbb/players/louise-forsyth-1.html,gonzaga,2020-21
19,90,23,2021-02-20,Gonzaga,@,San Diego,REG (Conf),W 69-47,,3,1,2,.500,0,0,,1,2,.500,.500,0,0,,0,0,0,0,0,0,0,0,2,1.0,Louise Forsyth,https://www.sports-reference.com/cbb/players/louise-forsyth-1.html,gonzaga,2020-21
20,91,24,2021-02-25,Gonzaga,,Pepperdine,REG (Conf),W 95-49,,14,1,4,.250,0,3,.000,1,1,1.000,.250,0,0,,1,4,5,1,0,0,2,1,2,-0.2,Louise Forsyth,https://www.sports-reference.com/cbb/players/louise-forsyth-1.html,gonzaga,2020-21
21,92,25,2021-02-27,Gonzaga,,Loyola Marymount,REG (Conf),W 77-39,*,13,1,3,.333,0,1,.000,1,2,.500,.333,1,2,.500,1,2,3,1,0,0,1,0,3,1.9,Louise Forsyth,https://www.sports-reference.com/cbb/players/louise-forsyth-1.html,gonzaga,2020-21
22,93,27,2021-03-09,Gonzaga,,Brigham Young,CTOURN,W 43-42,,2,0,0,,0,0,,0,0,,,0,0,,0,1,1,0,0,0,1,0,0,-0.7,Louise Forsyth,https://www.sports-reference.com/cbb/players/louise-forsyth-1.html,gonzaga,2020-21
