ranker,player_game_num_career,team_game_num_season,date,team_name_abbr,game_location,opp_name_abbr,game_type,game_result,is_starter,mp,fg,fga,fg_pct,fg3,fg3a,fg2,fg2a,fg2_pct,efg_pct,ft,fta,ft_pct,orb,drb,trb,ast,stl,blk,tov,pf,pts,game_score,player_name,player_sr_link,school,season
1,66,1,2020-11-29,Gonzaga,,South Carolina,REG (Non-Conf),L 72-79,,23,4,8,.500,0,0,4,8,.500,.500,0,0,,0,2,2,0,1,1,2,5,8,2.3,Melody Kempton,https://www.sports-reference.com/cbb/players/melody-kempton-1.html,gonzaga,2020-21
2,67,2,2020-11-30,Gonzaga,@,South Dakota,REG (Non-Conf),W 54-50,,22,2,3,.667,0,0,2,3,.667,.667,1,1,1.000,2,4,6,0,0,0,1,4,5,3.7,Melody Kempton,https://www.sports-reference.com/cbb/players/melody-kempton-1.html,gonzaga,2020-21
3,68,3,2020-12-06,Gonzaga,@,South Dakota State,REG (Non-Conf),L 72-75 (OT),,19,3,3,1.000,0,0,3,3,1.000,1.000,0,0,,0,2,2,1,1,0,0,4,6,5.8,Melody Kempton,https://www.sports-reference.com/cbb/players/melody-kempton-1.html,gonzaga,2020-21
4,69,4,2020-12-08,Gonzaga,@,Wyoming,REG (Non-Conf),W 89-50,,15,3,5,.600,0,0,3,5,.600,.600,0,0,,1,2,3,3,0,0,1,1,6,5.7,Melody Kempton,https://www.sports-reference.com/cbb/players/melody-kempton-1.html,gonzaga,2020-21
5,70,5,2020-12-13,Gonzaga,,Montana,REG (Non-Conf),W 58-51,,18,2,4,.500,0,0,2,4,.500,.500,1,2,.500,1,2,3,1,2,0,2,0,5,4.6,Melody Kempton,https://www.sports-reference.com/cbb/players/melody-kempton-1.html,gonzaga,2020-21
6,71,6,2020-12-20,Gonzaga,@,Eastern Michigan,REG (Non-Conf),W 77-68,,22,3,6,.500,0,0,3,6,.500,.500,7,12,.583,4,4,8,1,0,1,0,3,13,12.2,Melody Kempton,https://www.sports-reference.com/cbb/players/melody-kempton-1.html,gonzaga,2020-21
7,72,7,2020-12-21,Gonzaga,,North Alabama,REG (Non-Conf),W 87-57,,14,4,5,.800,0,0,4,5,.800,.800,2,2,1.000,3,1,4,0,1,0,0,2,10,10.7,Melody Kempton,https://www.sports-reference.com/cbb/players/melody-kempton-1.html,gonzaga,2020-21
8,73,8,2020-12-28,Gonzaga,@,Loyola Marymount,REG (Conf),W 65-62,,17,1,4,.250,0,0,1,4,.250,.250,0,2,.000,2,1,3,0,0,0,1,1,2,-0.9,Melody Kempton,https://www.sports-reference.com/cbb/players/melody-kempton-1.html,gonzaga,2020-21
9,74,9,2020-12-30,Gonzaga,@,Pepperdine,REG (Conf),W 58-42,,24,2,4,.500,0,0,2,4,.500,.500,1,2,.500,3,3,6,1,0,0,2,3,5,3.1,Melody Kempton,https://www.sports-reference.com/cbb/players/melody-kempton-1.html,gonzaga,2020-21
10,75,10,2021-01-02,Gonzaga,,St. Mary's (CA),REG (Conf),W 69-37,,17,3,7,.429,0,0,3,7,.429,.429,2,2,1.000,4,0,4,1,1,0,1,1,8,7.4,Melody Kempton,https://www.sports-reference.com/cbb/players/melody-kempton-1.html,gonzaga,2020-21
11,76,11,2021-01-04,Gonzaga,,Pacific,REG (Conf),W 79-59,,23,3,5,.600,0,0,3,5,.600,.600,5,6,.833,2,3,5,1,0,0,2,4,11,7.7,Melody Kempton,https://www.sports-reference.com/cbb/players/melody-kempton-1.html,gonzaga,2020-21
12,77,12,2021-01-09,Gonzaga,,Portland,REG (Conf),W 75-43,,15,1,3,.333,0,0,1,3,.333,.333,0,0,,1,1,2,0,1,0,2,3,2,-0.9,Melody Kempton,https://www.sports-reference.com/cbb/players/melody-kempton-1.html,gonzaga,2020-21
13,78,16,2021-01-24,Gonzaga,@,Portland,REG (Conf),W 79-61,,19,3,5,.600,0,0,3,5,.600,.600,3,6,.500,1,1,2,1,0,0,1,1,9,5.8,Melody Kempton,https://www.sports-reference.com/cbb/players/melody-kempton-1.html,gonzaga,2020-21
14,79,17,2021-01-28,Gonzaga,@,Pacific,REG (Conf),W 77-65,,16,3,4,.750,0,0,3,4,.750,.750,0,0,,1,1,2,2,2,0,1,1,6,7.4,Melody Kempton,https://www.sports-reference.com/cbb/players/melody-kempton-1.html,gonzaga,2020-21
15,80,18,2021-01-30,Gonzaga,@,St. Mary's (CA),REG (Conf),W 79-52,,15,3,4,.750,0,0,3,4,.750,.750,0,0,,0,2,2,0,0,0,1,2,6,3.2,Melody Kempton,https://www.sports-reference.com/cbb/players/melody-kempton-1.html,gonzaga,2020-21
16,81,19,2021-02-02,Gonzaga,,Brigham Young,REG (Conf),W 63-56,,23,2,4,.500,0,0,2,4,.500,.500,2,2,1.000,3,3,6,0,0,1,1,2,6,5.9,Melody Kempton,https://www.sports-reference.com/cbb/players/melody-kempton-1.html,gonzaga,2020-21
17,82,20,2021-02-11,Gonzaga,,San Francisco,REG (Conf),W 79-66,,16,2,3,.667,0,0,2,3,.667,.667,0,0,,3,2,5,1,0,0,3,4,4,1.5,Melody Kempton,https://www.sports-reference.com/cbb/players/melody-kempton-1.html,gonzaga,2020-21
18,83,21,2021-02-13,Gonzaga,,Santa Clara,REG (Conf),W 67-50,,20,5,8,.625,0,0,5,8,.625,.625,2,3,.667,1,2,3,0,0,0,2,1,12,6.9,Melody Kempton,https://www.sports-reference.com/cbb/players/melody-kempton-1.html,gonzaga,2020-21
19,84,22,2021-02-18,Gonzaga,@,Brigham Young,REG (Conf),L 56-61,,20,5,8,.625,0,0,5,8,.625,.625,0,0,,2,2,4,0,1,0,1,1,10,8.0,Melody Kempton,https://www.sports-reference.com/cbb/players/melody-kempton-1.html,gonzaga,2020-21
20,85,23,2021-02-20,Gonzaga,@,San Diego,REG (Conf),W 69-47,,18,4,5,.800,0,0,4,5,.800,.800,2,4,.500,1,4,5,0,0,1,2,3,10,6.7,Melody Kempton,https://www.sports-reference.com/cbb/players/melody-kempton-1.html,gonzaga,2020-21
21,86,24,2021-02-25,Gonzaga,,Pepperdine,REG (Conf),W 95-49,,15,3,3,1.000,0,0,3,3,1.000,1.000,2,3,.667,1,0,1,2,0,0,1,2,8,7.0,Melody Kempton,https://www.sports-reference.com/cbb/players/melody-kempton-1.html,gonzaga,2020-21
22,87,25,2021-02-27,Gonzaga,,Loyola Marymount,REG (Conf),W 77-39,,12,0,0,,0,0,0,0,,,2,2,1.000,1,3,4,0,0,1,2,3,2,1.1,Melody Kempton,https://www.sports-reference.com/cbb/players/melody-kempton-1.html,gonzaga,2020-21
23,88,26,2021-03-08,Gonzaga,,Santa Clara,CTOURN,W 72-62,,16,1,1,1.000,0,0,1,1,1.000,1.000,2,2,1.000,3,2,5,2,0,0,4,2,4,3.0,Melody Kempton,https://www.sports-reference.com/cbb/players/melody-kempton-1.html,gonzaga,2020-21
24,89,27,2021-03-09,Gonzaga,,Brigham Young,CTOURN,W 43-42,*,20,2,2,1.000,0,0,2,2,1.000,1.000,0,0,,0,1,1,0,0,0,6,3,4,-3.5,Melody Kempton,https://www.sports-reference.com/cbb/players/melody-kempton-1.html,gonzaga,2020-21
25,90,28,2021-03-22,Gonzaga,N,Belmont,ROUND-64,L 59-64,,17,1,3,.333,0,0,1,3,.333,.333,0,0,,1,1,2,1,0,0,1,2,2,0.2,Melody Kempton,https://www.sports-reference.com/cbb/players/melody-kempton-1.html,gonzaga,2020-21
