ranker,player_game_num_career,team_game_num_season,date,team_name_abbr,game_location,opp_name_abbr,game_type,game_result,is_starter,mp,fg,fga,fg_pct,fg3,fg3a,fg2,fg2a,fg2_pct,efg_pct,ft,fta,ft_pct,orb,drb,trb,ast,stl,blk,tov,pf,pts,game_score,player_name,player_sr_link,school,season
1,1,1,2020-11-29,Gonzaga,,South Carolina,REG (Non-Conf),L 72-79,,2,0,0,,0,0,0,0,,,0,0,,0,0,0,0,0,0,0,0,0,0.0,Yvonne Ejim,https://www.sports-reference.com/cbb/players/yvonne-ejim-1.html,gonzaga,2020-21
2,2,2,2020-11-30,Gonzaga,@,South Dakota,REG (Non-Conf),W 54-50,,1,0,0,,0,0,0,0,,,0,0,,0,0,0,0,0,0,0,2,0,-0.8,Yvonne Ejim,https://www.sports-reference.com/cbb/players/yvonne-ejim-1.html,gonzaga,2020-21
3,3,3,2020-12-06,Gonzaga,@,South Dakota State,REG (Non-Conf),L 72-75 (OT),,5,0,1,.000,0,0,0,1,.000,.000,0,0,,1,1,2,0,1,0,1,0,0,0.3,Yvonne Ejim,https://www.sports-reference.com/cbb/players/yvonne-ejim-1.html,gonzaga,2020-21
4,4,4,2020-12-08,Gonzaga,@,Wyoming,REG (Non-Conf),W 89-50,,9,2,7,.286,0,0,2,7,.286,.286,2,2,1.000,5,2,7,2,0,1,1,3,6,5.9,Yvonne Ejim,https://www.sports-reference.com/cbb/players/yvonne-ejim-1.html,gonzaga,2020-21
5,5,5,2020-12-13,Gonzaga,,Montana,REG (Non-Conf),W 58-51,,4,0,1,.000,0,0,0,1,.000,.000,0,0,,0,0,0,0,0,0,0,1,0,-1.1,Yvonne Ejim,https://www.sports-reference.com/cbb/players/yvonne-ejim-1.html,gonzaga,2020-21
6,6,6,2020-12-20,Gonzaga,@,Eastern Michigan,REG (Non-Conf),W 77-68,,1,0,0,,0,0,0,0,,,0,0,,0,0,0,0,0,0,1,1,0,-1.4,Yvonne Ejim,https://www.sports-reference.com/cbb/players/yvonne-ejim-1.html,gonzaga,2020-21
7,7,7,2020-12-21,Gonzaga,,North Alabama,REG (Non-Conf),W 87-57,,11,3,5,.600,0,0,3,5,.600,.600,0,2,.000,2,5,7,0,0,2,1,0,6,6.2,Yvonne Ejim,https://www.sports-reference.com/cbb/players/yvonne-ejim-1.html,gonzaga,2020-21
8,8,8,2020-12-28,Gonzaga,@,Loyola Marymount,REG (Conf),W 65-62,,4,0,2,.000,0,0,0,2,.000,.000,0,0,,1,0,1,0,0,0,0,1,0,-1.1,Yvonne Ejim,https://www.sports-reference.com/cbb/players/yvonne-ejim-1.html,gonzaga,2020-21
9,9,9,2020-12-30,Gonzaga,@,Pepperdine,REG (Conf),W 58-42,,5,2,2,1.000,0,0,2,2,1.000,1.000,0,0,,1,2,3,0,0,0,0,1,4,4.3,Yvonne Ejim,https://www.sports-reference.com/cbb/players/yvonne-ejim-1.html,gonzaga,2020-21
10,10,10,2021-01-02,Gonzaga,,St. Mary's (CA),REG (Conf),W 69-37,,4,1,1,1.000,0,0,1,1,1.000,1.000,0,0,,1,1,2,0,0,1,3,2,2,-0.4,Yvonne Ejim,https://www.sports-reference.com/cbb/players/yvonne-ejim-1.html,gonzaga,2020-21
11,11,11,2021-01-04,Gonzaga,,Pacific,REG (Conf),W 79-59,,3,1,1,1.000,0,0,1,1,1.000,1.000,0,0,,0,0,0,1,0,0,0,0,2,2.4,Yvonne Ejim,https://www.sports-reference.com/cbb/players/yvonne-ejim-1.html,gonzaga,2020-21
12,12,12,2021-01-09,Gonzaga,,Portland,REG (Conf),W 75-43,,3,2,2,1.000,0,0,2,2,1.000,1.000,0,2,.000,1,1,2,0,1,0,0,0,4,4.6,Yvonne Ejim,https://www.sports-reference.com/cbb/players/yvonne-ejim-1.html,gonzaga,2020-21
13,13,13,2021-01-14,Gonzaga,@,Santa Clara,REG (Conf),W 71-52,,15,2,3,.667,0,0,2,3,.667,.667,3,6,.500,1,1,2,0,0,0,0,2,7,4.7,Yvonne Ejim,https://www.sports-reference.com/cbb/players/yvonne-ejim-1.html,gonzaga,2020-21
14,14,14,2021-01-16,Gonzaga,@,San Francisco,REG (Conf),W 76-52,,15,5,5,1.000,0,0,5,5,1.000,1.000,0,0,,1,2,3,0,0,0,1,1,10,8.4,Yvonne Ejim,https://www.sports-reference.com/cbb/players/yvonne-ejim-1.html,gonzaga,2020-21
15,15,16,2021-01-24,Gonzaga,@,Portland,REG (Conf),W 79-61,,5,3,4,.750,0,0,3,4,.750,.750,0,0,,1,1,2,0,0,0,0,0,6,5.4,Yvonne Ejim,https://www.sports-reference.com/cbb/players/yvonne-ejim-1.html,gonzaga,2020-21
16,16,17,2021-01-28,Gonzaga,@,Pacific,REG (Conf),W 77-65,,5,1,2,.500,0,0,1,2,.500,.500,0,0,,1,1,2,0,1,0,1,0,2,2.0,Yvonne Ejim,https://www.sports-reference.com/cbb/players/yvonne-ejim-1.html,gonzaga,2020-21
17,17,18,2021-01-30,Gonzaga,@,St. Mary's (CA),REG (Conf),W 79-52,,5,0,2,.000,0,0,0,2,.000,.000,0,0,,0,0,0,0,1,0,0,1,0,-0.8,Yvonne Ejim,https://www.sports-reference.com/cbb/players/yvonne-ejim-1.html,gonzaga,2020-21
18,18,20,2021-02-11,Gonzaga,,San Francisco,REG (Conf),W 79-66,,9,2,3,.667,0,0,2,3,.667,.667,0,0,,1,0,1,0,1,0,3,1,4,1.0,Yvonne Ejim,https://www.sports-reference.com/cbb/players/yvonne-ejim-1.html,gonzaga,2020-21
19,19,21,2021-02-13,Gonzaga,,Santa Clara,REG (Conf),W 67-50,,8,1,2,.500,0,0,1,2,.500,.500,0,0,,1,0,1,0,0,0,0,0,2,1.7,Yvonne Ejim,https://www.sports-reference.com/cbb/players/yvonne-ejim-1.html,gonzaga,2020-21
20,20,23,2021-02-20,Gonzaga,@,San Diego,REG (Conf),W 69-47,,4,1,2,.500,0,0,1,2,.500,.500,2,2,1.000,2,0,2,1,1,0,0,1,4,5.7,Yvonne Ejim,https://www.sports-reference.com/cbb/players/yvonne-ejim-1.html,gonzaga,2020-21
21,21,24,2021-02-25,Gonzaga,,Pepperdine,REG (Conf),W 95-49,,7,2,2,1.000,0,0,2,2,1.000,1.000,2,2,1.000,0,0,0,1,0,0,0,0,6,6.1,Yvonne Ejim,https://www.sports-reference.com/cbb/players/yvonne-ejim-1.html,gonzaga,2020-21
22,22,25,2021-02-27,Gonzaga,,Loyola Marymount,REG (Conf),W 77-39,,4,3,3,1.000,0,0,3,3,1.000,1.000,1,1,1.000,2,0,2,0,1,0,0,1,7,8.1,Yvonne Ejim,https://www.sports-reference.com/cbb/players/yvonne-ejim-1.html,gonzaga,2020-21
23,23,26,2021-03-08,Gonzaga,,Santa Clara,CTOURN,W 72-62,,7,3,3,1.000,0,0,3,3,1.000,1.000,0,0,,1,1,2,0,0,0,0,1,6,5.7,Yvonne Ejim,https://www.sports-reference.com/cbb/players/yvonne-ejim-1.html,gonzaga,2020-21
24,24,27,2021-03-09,Gonzaga,,Brigham Young,CTOURN,W 43-42,,21,5,10,.500,0,0,5,10,.500,.500,3,5,.600,4,5,9,0,0,1,1,1,13,10.8,Yvonne Ejim,https://www.sports-reference.com/cbb/players/yvonne-ejim-1.html,gonzaga,2020-21
25,25,28,2021-03-22,Gonzaga,N,Belmont,ROUND-64,L 59-64,,6,1,3,.333,0,0,1,3,.333,.333,0,2,.000,2,0,2,0,1,1,0,1,2,2.2,Yvonne Ejim,https://www.sports-reference.com/cbb/players/yvonne-ejim-1.html,gonzaga,2020-21
