ranker,player_game_num_career,team_game_num_season,date,team_name_abbr,game_location,opp_name_abbr,game_type,game_result,is_starter,mp,fg,fga,fg_pct,fg3,fg3a,fg3_pct,fg2,fg2a,fg2_pct,efg_pct,ft,fta,ft_pct,orb,drb,trb,ast,stl,blk,tov,pf,pts,game_score,player_name,player_sr_link,school,season
1,56,1,2019-11-05,Stephen F. Austin,@,Tulsa,REG (Non-Conf),W 67-63,,14,0,4,.000,0,1,.000,0,3,.000,.000,0,0,,1,3,4,2,0,2,2,1,0,-0.8,Aaliyah Johnson,https://www.sports-reference.com/cbb/players/aaliyah-johnson-1.html,stephen-f-austin,2019-20
2,57,2,2019-11-09,Stephen F. Austin,,Alcorn State,REG (Non-Conf),W 67-62,,10,1,2,.500,0,0,,1,2,.500,.500,0,0,,1,1,2,1,1,0,1,0,2,2.7,Aaliyah Johnson,https://www.sports-reference.com/cbb/players/aaliyah-johnson-1.html,stephen-f-austin,2019-20
3,58,3,2019-11-16,Stephen F. Austin,,UCF,REG (Non-Conf),L 57-63,,26,2,4,.500,0,0,,2,4,.500,.500,0,0,,1,4,5,4,1,3,1,3,4,7.6,Aaliyah Johnson,https://www.sports-reference.com/cbb/players/aaliyah-johnson-1.html,stephen-f-austin,2019-20
4,59,4,2019-11-20,Stephen F. Austin,@,Oklahoma,REG (Non-Conf),L 62-75,,19,2,9,.222,0,2,.000,2,7,.286,.222,0,0,,2,1,3,1,1,0,1,2,4,0.1,Aaliyah Johnson,https://www.sports-reference.com/cbb/players/aaliyah-johnson-1.html,stephen-f-austin,2019-20
5,60,5,2019-11-29,Stephen F. Austin,,UC Santa Barbara,REG (Non-Conf),W 67-56,,7,2,3,.667,1,1,1.000,1,2,.500,.833,0,0,,0,0,0,0,0,0,0,0,5,3.7,Aaliyah Johnson,https://www.sports-reference.com/cbb/players/aaliyah-johnson-1.html,stephen-f-austin,2019-20
6,61,6,2019-12-01,Stephen F. Austin,@,Nevada,REG (Non-Conf),W 80-65,,8,0,0,,0,0,,0,0,,,0,0,,1,1,2,1,0,0,2,4,0,-1.9,Aaliyah Johnson,https://www.sports-reference.com/cbb/players/aaliyah-johnson-1.html,stephen-f-austin,2019-20
7,62,7,2019-12-07,Stephen F. Austin,,Central Christian College,REG (Non-Conf),W 104-46,,23,4,12,.333,0,4,.000,4,8,.500,.333,0,0,,3,3,6,1,1,2,1,2,8,5.5,Aaliyah Johnson,https://www.sports-reference.com/cbb/players/aaliyah-johnson-1.html,stephen-f-austin,2019-20
8,63,8,2019-12-15,Stephen F. Austin,,LSU Shreveport,REG (Non-Conf),W 75-32,,15,2,3,.667,0,0,,2,3,.667,.667,2,2,1.000,0,0,0,1,0,1,1,2,6,4.3,Aaliyah Johnson,https://www.sports-reference.com/cbb/players/aaliyah-johnson-1.html,stephen-f-austin,2019-20
9,64,9,2019-12-18,Stephen F. Austin,@,Houston Baptist,REG (Conf),W 59-42,,9,1,2,.500,0,0,,1,2,.500,.500,2,2,1.000,1,4,5,3,0,1,0,1,4,7.3,Aaliyah Johnson,https://www.sports-reference.com/cbb/players/aaliyah-johnson-1.html,stephen-f-austin,2019-20
10,65,10,2019-12-21,Stephen F. Austin,,McNeese State,REG (Conf),W 82-51,,17,1,2,.500,1,1,1.000,0,1,.000,.750,0,0,,1,1,2,2,0,1,1,2,3,3.3,Aaliyah Johnson,https://www.sports-reference.com/cbb/players/aaliyah-johnson-1.html,stephen-f-austin,2019-20
11,66,11,2019-12-29,Stephen F. Austin,,Our Lady,REG (Non-Conf),W 87-75,,13,1,2,.500,0,0,,1,2,.500,.500,0,0,,0,2,2,3,2,1,0,0,2,6.4,Aaliyah Johnson,https://www.sports-reference.com/cbb/players/aaliyah-johnson-1.html,stephen-f-austin,2019-20
12,67,12,2020-01-02,Stephen F. Austin,,Southeastern Louisiana,REG (Conf),W 77-51,,16,3,9,.333,0,1,.000,3,8,.375,.333,1,3,.333,3,1,4,1,0,1,0,0,7,4.9,Aaliyah Johnson,https://www.sports-reference.com/cbb/players/aaliyah-johnson-1.html,stephen-f-austin,2019-20
13,68,13,2020-01-04,Stephen F. Austin,@,New Orleans,REG (Conf),L 50-53,,8,0,5,.000,0,1,.000,0,4,.000,.000,0,0,,0,0,0,0,0,0,0,0,0,-3.5,Aaliyah Johnson,https://www.sports-reference.com/cbb/players/aaliyah-johnson-1.html,stephen-f-austin,2019-20
14,69,14,2020-01-08,Stephen F. Austin,@,Texas A&M–Corpus Christi,REG (Conf),W 66-44,,3,0,0,,0,0,,0,0,,,0,0,,0,1,1,0,0,0,1,2,0,-1.5,Aaliyah Johnson,https://www.sports-reference.com/cbb/players/aaliyah-johnson-1.html,stephen-f-austin,2019-20
15,70,15,2020-01-15,Stephen F. Austin,,Central Arkansas,REG (Conf),W 102-41,,19,3,5,.600,0,2,.000,3,3,1.000,.600,2,2,1.000,1,4,5,2,0,2,0,1,8,10.0,Aaliyah Johnson,https://www.sports-reference.com/cbb/players/aaliyah-johnson-1.html,stephen-f-austin,2019-20
16,71,16,2020-01-18,Stephen F. Austin,,Incarnate Word,REG (Conf),W 67-45,,10,4,8,.500,0,1,.000,4,7,.571,.500,3,3,1.000,2,1,3,1,1,1,0,0,11,11.1,Aaliyah Johnson,https://www.sports-reference.com/cbb/players/aaliyah-johnson-1.html,stephen-f-austin,2019-20
17,72,17,2020-01-22,Stephen F. Austin,,Northwestern State,REG (Conf),W 89-40,,17,1,2,.500,0,1,.000,1,1,1.000,.500,5,6,.833,1,3,4,0,1,2,1,2,7,7.8,Aaliyah Johnson,https://www.sports-reference.com/cbb/players/aaliyah-johnson-1.html,stephen-f-austin,2019-20
18,73,18,2020-01-25,Stephen F. Austin,@,Lamar,REG (Conf),W 54-53,,4,1,2,.500,0,1,.000,1,1,1.000,.500,0,1,.000,0,0,0,0,0,0,1,1,2,-0.8,Aaliyah Johnson,https://www.sports-reference.com/cbb/players/aaliyah-johnson-1.html,stephen-f-austin,2019-20
19,74,19,2020-01-29,Stephen F. Austin,,Abilene Christian,REG (Conf),W 69-59,,8,1,1,1.000,0,0,,1,1,1.000,1.000,0,0,,1,0,1,0,0,2,0,1,2,3.4,Aaliyah Johnson,https://www.sports-reference.com/cbb/players/aaliyah-johnson-1.html,stephen-f-austin,2019-20
20,75,20,2020-02-01,Stephen F. Austin,@,Sam Houston State,REG (Conf),L 55-63,,10,1,4,.250,0,1,.000,1,3,.333,.250,0,0,,1,1,2,2,0,1,1,1,2,1.3,Aaliyah Johnson,https://www.sports-reference.com/cbb/players/aaliyah-johnson-1.html,stephen-f-austin,2019-20
21,76,21,2020-02-05,Stephen F. Austin,@,Nicholls State,REG (Conf),W 78-61,,14,1,3,.333,0,0,,1,3,.333,.333,0,0,,1,1,2,1,0,3,3,0,2,1.1,Aaliyah Johnson,https://www.sports-reference.com/cbb/players/aaliyah-johnson-1.html,stephen-f-austin,2019-20
22,77,22,2020-02-08,Stephen F. Austin,,New Orleans,REG (Conf),W 59-47,,22,5,7,.714,2,3,.667,3,4,.750,.857,0,0,,0,3,3,2,2,2,0,3,12,13.6,Aaliyah Johnson,https://www.sports-reference.com/cbb/players/aaliyah-johnson-1.html,stephen-f-austin,2019-20
23,78,23,2020-02-12,Stephen F. Austin,,Texas A&M–Corpus Christi,REG (Conf),W 72-49,,6,0,0,,0,0,,0,0,,,0,0,,1,1,2,1,0,0,0,3,0,0.5,Aaliyah Johnson,https://www.sports-reference.com/cbb/players/aaliyah-johnson-1.html,stephen-f-austin,2019-20
24,79,24,2020-02-19,Stephen F. Austin,@,Central Arkansas,REG (Conf),W 58-37,,13,3,4,.750,2,3,.667,1,1,1.000,1.000,0,0,,0,5,5,0,0,2,1,1,8,7.9,Aaliyah Johnson,https://www.sports-reference.com/cbb/players/aaliyah-johnson-1.html,stephen-f-austin,2019-20
25,80,25,2020-02-22,Stephen F. Austin,@,Incarnate Word,REG (Conf),L 52-60,,5,0,1,.000,0,0,,0,1,.000,.000,0,0,,2,1,3,0,0,1,1,0,0,0.7,Aaliyah Johnson,https://www.sports-reference.com/cbb/players/aaliyah-johnson-1.html,stephen-f-austin,2019-20
26,81,26,2020-02-26,Stephen F. Austin,@,Northwestern State,REG (Conf),W 61-45,,15,0,2,.000,0,1,.000,0,1,.000,.000,0,0,,1,1,2,1,1,1,2,1,0,-0.4,Aaliyah Johnson,https://www.sports-reference.com/cbb/players/aaliyah-johnson-1.html,stephen-f-austin,2019-20
27,82,27,2020-02-29,Stephen F. Austin,,Lamar,REG (Conf),W 70-50,,20,0,4,.000,0,0,,0,4,.000,.000,0,0,,3,2,5,2,0,2,1,3,0,0.5,Aaliyah Johnson,https://www.sports-reference.com/cbb/players/aaliyah-johnson-1.html,stephen-f-austin,2019-20
28,83,28,2020-03-03,Stephen F. Austin,@,Abilene Christian,REG (Conf),L 62-88,,14,1,4,.250,0,1,.000,1,3,.333,.250,2,2,1.000,0,2,2,1,1,2,2,2,4,2.5,Aaliyah Johnson,https://www.sports-reference.com/cbb/players/aaliyah-johnson-1.html,stephen-f-austin,2019-20
29,84,29,2020-03-07,Stephen F. Austin,,Sam Houston State,REG (Conf),W 64-50,,13,1,5,.200,0,2,.000,1,3,.333,.200,0,2,.000,2,1,3,2,0,1,2,2,2,-0.9,Aaliyah Johnson,https://www.sports-reference.com/cbb/players/aaliyah-johnson-1.html,stephen-f-austin,2019-20
