ranker,player_game_num_career,team_game_num_season,date,team_name_abbr,game_location,opp_name_abbr,game_type,game_result,is_starter,mp,fg,fga,fg_pct,fg3,fg3a,fg3_pct,fg2,fg2a,fg2_pct,efg_pct,ft,fta,ft_pct,orb,drb,trb,ast,stl,blk,tov,pf,pts,game_score,player_name,player_sr_link,school,season
1,31,1,2019-11-05,Stephen F. Austin,@,Tulsa,REG (Non-Conf),W 67-63,*,26,4,9,.444,0,0,,4,9,.444,.444,0,0,,2,7,9,1,0,0,2,2,8,4.7,Aiyana Johnson,https://www.sports-reference.com/cbb/players/aiyana-johnson-1.html,stephen-f-austin,2019-20
2,32,2,2019-11-09,Stephen F. Austin,,Alcorn State,REG (Non-Conf),W 67-62,*,30,7,13,.538,0,0,,7,13,.538,.538,3,4,.750,8,9,17,2,2,4,3,4,17,20.2,Aiyana Johnson,https://www.sports-reference.com/cbb/players/aiyana-johnson-1.html,stephen-f-austin,2019-20
3,33,3,2019-11-16,Stephen F. Austin,,UCF,REG (Non-Conf),L 57-63,*,14,1,3,.333,0,0,,1,3,.333,.333,0,0,,0,1,1,1,1,0,3,1,2,-1.1,Aiyana Johnson,https://www.sports-reference.com/cbb/players/aiyana-johnson-1.html,stephen-f-austin,2019-20
4,34,4,2019-11-20,Stephen F. Austin,@,Oklahoma,REG (Non-Conf),L 62-75,*,21,2,5,.400,0,0,,2,5,.400,.400,0,0,,2,4,6,2,0,0,3,4,4,0.7,Aiyana Johnson,https://www.sports-reference.com/cbb/players/aiyana-johnson-1.html,stephen-f-austin,2019-20
5,35,5,2019-11-29,Stephen F. Austin,,UC Santa Barbara,REG (Non-Conf),W 67-56,*,33,5,9,.556,0,0,,5,9,.556,.556,5,6,.833,1,3,4,4,1,0,5,2,15,9.9,Aiyana Johnson,https://www.sports-reference.com/cbb/players/aiyana-johnson-1.html,stephen-f-austin,2019-20
6,36,6,2019-12-01,Stephen F. Austin,@,Nevada,REG (Non-Conf),W 80-65,*,32,6,12,.500,0,0,,6,12,.500,.500,0,2,.000,3,3,6,3,1,0,3,3,12,7.1,Aiyana Johnson,https://www.sports-reference.com/cbb/players/aiyana-johnson-1.html,stephen-f-austin,2019-20
7,37,7,2019-12-07,Stephen F. Austin,,Central Christian College,REG (Non-Conf),W 104-46,*,17,9,11,.818,0,0,,9,11,.818,.818,1,4,.250,2,5,7,6,2,1,1,0,19,22.5,Aiyana Johnson,https://www.sports-reference.com/cbb/players/aiyana-johnson-1.html,stephen-f-austin,2019-20
8,38,8,2019-12-15,Stephen F. Austin,,LSU Shreveport,REG (Non-Conf),W 75-32,*,25,7,12,.583,0,0,,7,12,.583,.583,0,1,.000,9,4,13,4,1,1,2,3,14,16.8,Aiyana Johnson,https://www.sports-reference.com/cbb/players/aiyana-johnson-1.html,stephen-f-austin,2019-20
9,39,9,2019-12-18,Stephen F. Austin,@,Houston Baptist,REG (Conf),W 59-42,*,31,10,15,.667,0,0,,10,15,.667,.667,0,1,.000,6,7,13,2,1,1,3,1,20,19.1,Aiyana Johnson,https://www.sports-reference.com/cbb/players/aiyana-johnson-1.html,stephen-f-austin,2019-20
10,40,10,2019-12-21,Stephen F. Austin,,McNeese State,REG (Conf),W 82-51,*,22,6,9,.667,0,0,,6,9,.667,.667,2,5,.400,2,6,8,4,1,1,4,2,14,11.8,Aiyana Johnson,https://www.sports-reference.com/cbb/players/aiyana-johnson-1.html,stephen-f-austin,2019-20
11,41,11,2019-12-29,Stephen F. Austin,,Our Lady,REG (Non-Conf),W 87-75,*,22,8,11,.727,0,0,,8,11,.727,.727,8,12,.667,2,4,6,0,1,1,3,3,24,18.0,Aiyana Johnson,https://www.sports-reference.com/cbb/players/aiyana-johnson-1.html,stephen-f-austin,2019-20
12,42,12,2020-01-02,Stephen F. Austin,,Southeastern Louisiana,REG (Conf),W 77-51,*,24,3,8,.375,0,0,,3,8,.375,.375,1,3,.333,1,5,6,4,0,1,2,1,7,5.1,Aiyana Johnson,https://www.sports-reference.com/cbb/players/aiyana-johnson-1.html,stephen-f-austin,2019-20
13,43,13,2020-01-04,Stephen F. Austin,@,New Orleans,REG (Conf),L 50-53,*,36,2,9,.222,0,0,,2,9,.222,.222,6,10,.600,5,6,11,2,1,1,1,1,10,9.9,Aiyana Johnson,https://www.sports-reference.com/cbb/players/aiyana-johnson-1.html,stephen-f-austin,2019-20
14,44,14,2020-01-08,Stephen F. Austin,@,Texas A&M–Corpus Christi,REG (Conf),W 66-44,*,37,8,14,.571,0,0,,8,14,.571,.571,2,5,.400,3,8,11,1,1,0,1,2,18,14.6,Aiyana Johnson,https://www.sports-reference.com/cbb/players/aiyana-johnson-1.html,stephen-f-austin,2019-20
15,45,15,2020-01-15,Stephen F. Austin,,Central Arkansas,REG (Conf),W 102-41,*,21,4,8,.500,0,0,,4,8,.500,.500,5,11,.455,3,6,9,2,0,2,1,0,13,12.3,Aiyana Johnson,https://www.sports-reference.com/cbb/players/aiyana-johnson-1.html,stephen-f-austin,2019-20
16,46,16,2020-01-18,Stephen F. Austin,,Incarnate Word,REG (Conf),W 67-45,*,30,6,9,.667,0,0,,6,9,.667,.667,0,5,.000,4,6,10,3,0,0,3,2,12,9.0,Aiyana Johnson,https://www.sports-reference.com/cbb/players/aiyana-johnson-1.html,stephen-f-austin,2019-20
17,47,17,2020-01-22,Stephen F. Austin,,Northwestern State,REG (Conf),W 89-40,*,23,6,9,.667,0,0,,6,9,.667,.667,6,8,.750,3,0,3,1,1,2,0,1,18,18.1,Aiyana Johnson,https://www.sports-reference.com/cbb/players/aiyana-johnson-1.html,stephen-f-austin,2019-20
18,48,18,2020-01-25,Stephen F. Austin,@,Lamar,REG (Conf),W 54-53,*,36,5,9,.556,0,0,,5,9,.556,.556,1,3,.333,2,7,9,3,1,1,4,1,11,8.8,Aiyana Johnson,https://www.sports-reference.com/cbb/players/aiyana-johnson-1.html,stephen-f-austin,2019-20
19,49,19,2020-01-29,Stephen F. Austin,,Abilene Christian,REG (Conf),W 69-59,*,31,2,5,.400,0,0,,2,5,.400,.400,2,4,.500,2,5,7,3,0,2,3,3,6,4.7,Aiyana Johnson,https://www.sports-reference.com/cbb/players/aiyana-johnson-1.html,stephen-f-austin,2019-20
20,50,20,2020-02-01,Stephen F. Austin,@,Sam Houston State,REG (Conf),L 55-63,*,30,4,11,.364,0,0,,4,11,.364,.364,5,12,.417,3,10,13,4,1,2,7,0,13,7.4,Aiyana Johnson,https://www.sports-reference.com/cbb/players/aiyana-johnson-1.html,stephen-f-austin,2019-20
21,51,21,2020-02-05,Stephen F. Austin,@,Nicholls State,REG (Conf),W 78-61,*,26,6,10,.600,0,0,,6,10,.600,.600,8,14,.571,5,7,12,1,1,2,2,3,20,18.5,Aiyana Johnson,https://www.sports-reference.com/cbb/players/aiyana-johnson-1.html,stephen-f-austin,2019-20
22,52,22,2020-02-08,Stephen F. Austin,,New Orleans,REG (Conf),W 59-47,*,18,3,9,.333,0,0,,3,9,.333,.333,1,2,.500,3,2,5,1,2,1,2,4,7,4.0,Aiyana Johnson,https://www.sports-reference.com/cbb/players/aiyana-johnson-1.html,stephen-f-austin,2019-20
23,53,23,2020-02-12,Stephen F. Austin,,Texas A&M–Corpus Christi,REG (Conf),W 72-49,*,34,6,12,.500,0,0,,6,12,.500,.500,2,3,.667,4,5,9,4,2,2,2,1,14,15.7,Aiyana Johnson,https://www.sports-reference.com/cbb/players/aiyana-johnson-1.html,stephen-f-austin,2019-20
24,54,24,2020-02-19,Stephen F. Austin,@,Central Arkansas,REG (Conf),W 58-37,*,27,7,11,.636,0,1,.000,7,10,.700,.636,3,6,.500,3,7,10,2,2,0,0,1,17,18.1,Aiyana Johnson,https://www.sports-reference.com/cbb/players/aiyana-johnson-1.html,stephen-f-austin,2019-20
25,55,25,2020-02-22,Stephen F. Austin,@,Incarnate Word,REG (Conf),L 52-60,*,34,6,15,.400,0,2,.000,6,13,.462,.400,7,11,.636,4,6,10,3,3,1,4,4,19,14.1,Aiyana Johnson,https://www.sports-reference.com/cbb/players/aiyana-johnson-1.html,stephen-f-austin,2019-20
26,56,26,2020-02-26,Stephen F. Austin,@,Northwestern State,REG (Conf),W 61-45,*,24,8,8,1.000,0,0,,8,8,1.000,1.000,3,6,.500,1,2,3,1,1,2,2,3,19,16.6,Aiyana Johnson,https://www.sports-reference.com/cbb/players/aiyana-johnson-1.html,stephen-f-austin,2019-20
27,57,27,2020-02-29,Stephen F. Austin,,Lamar,REG (Conf),W 70-50,*,12,3,4,.750,0,0,,3,4,.750,.750,0,0,,0,3,3,1,0,2,1,2,6,5.6,Aiyana Johnson,https://www.sports-reference.com/cbb/players/aiyana-johnson-1.html,stephen-f-austin,2019-20
28,58,28,2020-03-03,Stephen F. Austin,@,Abilene Christian,REG (Conf),L 62-88,*,25,4,7,.571,0,0,,4,7,.571,.571,1,3,.333,4,4,8,0,1,0,4,2,9,5.1,Aiyana Johnson,https://www.sports-reference.com/cbb/players/aiyana-johnson-1.html,stephen-f-austin,2019-20
29,59,29,2020-03-07,Stephen F. Austin,,Sam Houston State,REG (Conf),W 64-50,*,27,6,11,.545,0,0,,6,11,.545,.545,6,6,1.000,2,10,12,3,3,4,1,4,18,22.4,Aiyana Johnson,https://www.sports-reference.com/cbb/players/aiyana-johnson-1.html,stephen-f-austin,2019-20
