ranker,player_game_num_career,team_game_num_season,date,team_name_abbr,game_location,opp_name_abbr,game_type,game_result,is_starter,mp,fg,fga,fg_pct,fg3,fg3a,fg3_pct,fg2,fg2a,fg2_pct,efg_pct,ft,fta,ft_pct,orb,drb,trb,ast,stl,blk,tov,pf,pts,game_score,player_name,player_sr_link,school,season
1,49,1,2019-11-05,Stephen F. Austin,@,Tulsa,REG (Non-Conf),W 67-63,*,30,3,9,.333,0,1,.000,3,8,.375,.333,2,2,1.000,0,4,4,1,0,1,3,2,8,1.7,Alyssa Mayfield,https://www.sports-reference.com/cbb/players/alyssa-mayfield-1.html,stephen-f-austin,2019-20
2,50,2,2019-11-09,Stephen F. Austin,,Alcorn State,REG (Non-Conf),W 67-62,*,16,0,3,.000,0,0,,0,3,.000,.000,2,2,1.000,1,2,3,0,0,0,0,0,2,1.2,Alyssa Mayfield,https://www.sports-reference.com/cbb/players/alyssa-mayfield-1.html,stephen-f-austin,2019-20
3,51,3,2019-11-16,Stephen F. Austin,,UCF,REG (Non-Conf),L 57-63,,5,0,0,,0,0,,0,0,,,1,2,.500,1,0,1,1,0,0,1,0,1,1.0,Alyssa Mayfield,https://www.sports-reference.com/cbb/players/alyssa-mayfield-1.html,stephen-f-austin,2019-20
4,52,4,2019-11-20,Stephen F. Austin,@,Oklahoma,REG (Non-Conf),L 62-75,,12,3,5,.600,0,1,.000,3,4,.750,.600,2,2,1.000,1,1,2,1,0,0,0,0,8,7.4,Alyssa Mayfield,https://www.sports-reference.com/cbb/players/alyssa-mayfield-1.html,stephen-f-austin,2019-20
5,53,5,2019-11-29,Stephen F. Austin,,UC Santa Barbara,REG (Non-Conf),W 67-56,,24,1,7,.143,0,1,.000,1,6,.167,.143,8,10,.800,2,4,6,0,2,0,4,2,10,4.5,Alyssa Mayfield,https://www.sports-reference.com/cbb/players/alyssa-mayfield-1.html,stephen-f-austin,2019-20
6,54,6,2019-12-01,Stephen F. Austin,@,Nevada,REG (Non-Conf),W 80-65,,18,5,9,.556,1,1,1.000,4,8,.500,.611,1,1,1.000,2,2,4,1,0,0,1,2,12,8.6,Alyssa Mayfield,https://www.sports-reference.com/cbb/players/alyssa-mayfield-1.html,stephen-f-austin,2019-20
7,55,7,2019-12-07,Stephen F. Austin,,Central Christian College,REG (Non-Conf),W 104-46,,16,4,6,.667,0,1,.000,4,5,.800,.667,1,2,.500,1,6,7,1,1,0,2,2,9,7.4,Alyssa Mayfield,https://www.sports-reference.com/cbb/players/alyssa-mayfield-1.html,stephen-f-austin,2019-20
8,56,8,2019-12-15,Stephen F. Austin,,LSU Shreveport,REG (Non-Conf),W 75-32,,17,5,11,.455,0,1,.000,5,10,.500,.455,0,0,,3,4,7,1,0,0,2,1,10,5.9,Alyssa Mayfield,https://www.sports-reference.com/cbb/players/alyssa-mayfield-1.html,stephen-f-austin,2019-20
9,57,9,2019-12-18,Stephen F. Austin,@,Houston Baptist,REG (Conf),W 59-42,,19,3,7,.429,0,0,,3,7,.429,.429,1,3,.333,1,2,3,2,0,0,2,0,7,3.2,Alyssa Mayfield,https://www.sports-reference.com/cbb/players/alyssa-mayfield-1.html,stephen-f-austin,2019-20
10,58,10,2019-12-21,Stephen F. Austin,,McNeese State,REG (Conf),W 82-51,,26,5,10,.500,0,1,.000,5,9,.556,.500,2,4,.500,1,2,3,3,6,0,2,1,12,13.2,Alyssa Mayfield,https://www.sports-reference.com/cbb/players/alyssa-mayfield-1.html,stephen-f-austin,2019-20
11,59,11,2019-12-29,Stephen F. Austin,,Our Lady,REG (Non-Conf),W 87-75,,19,0,8,.000,0,3,.000,0,5,.000,.000,0,2,.000,4,2,6,2,1,0,1,1,0,-2.0,Alyssa Mayfield,https://www.sports-reference.com/cbb/players/alyssa-mayfield-1.html,stephen-f-austin,2019-20
12,60,12,2020-01-02,Stephen F. Austin,,Southeastern Louisiana,REG (Conf),W 77-51,,17,1,5,.200,0,1,.000,1,4,.250,.200,4,4,1.000,1,0,1,0,2,0,1,2,6,3.8,Alyssa Mayfield,https://www.sports-reference.com/cbb/players/alyssa-mayfield-1.html,stephen-f-austin,2019-20
13,61,13,2020-01-04,Stephen F. Austin,@,New Orleans,REG (Conf),L 50-53,,8,0,0,,0,0,,0,0,,,0,0,,0,1,1,0,1,0,2,2,0,-1.5,Alyssa Mayfield,https://www.sports-reference.com/cbb/players/alyssa-mayfield-1.html,stephen-f-austin,2019-20
14,62,14,2020-01-08,Stephen F. Austin,@,Texas A&M–Corpus Christi,REG (Conf),W 66-44,,14,1,3,.333,0,1,.000,1,2,.500,.333,0,0,,0,1,1,0,1,0,0,1,2,1.2,Alyssa Mayfield,https://www.sports-reference.com/cbb/players/alyssa-mayfield-1.html,stephen-f-austin,2019-20
15,63,15,2020-01-15,Stephen F. Austin,,Central Arkansas,REG (Conf),W 102-41,,21,3,4,.750,0,0,,3,4,.750,.750,4,7,.571,1,2,3,0,0,0,1,1,10,7.1,Alyssa Mayfield,https://www.sports-reference.com/cbb/players/alyssa-mayfield-1.html,stephen-f-austin,2019-20
16,64,16,2020-01-18,Stephen F. Austin,,Incarnate Word,REG (Conf),W 67-45,,13,3,5,.600,0,1,.000,3,4,.750,.600,4,5,.800,1,5,6,1,1,0,1,2,10,9.4,Alyssa Mayfield,https://www.sports-reference.com/cbb/players/alyssa-mayfield-1.html,stephen-f-austin,2019-20
17,65,17,2020-01-22,Stephen F. Austin,,Northwestern State,REG (Conf),W 89-40,,14,3,4,.750,0,0,,3,4,.750,.750,1,2,.500,2,1,3,0,2,0,2,1,7,6.3,Alyssa Mayfield,https://www.sports-reference.com/cbb/players/alyssa-mayfield-1.html,stephen-f-austin,2019-20
18,66,18,2020-01-25,Stephen F. Austin,@,Lamar,REG (Conf),W 54-53,,7,0,2,.000,0,0,,0,2,.000,.000,0,0,,0,1,1,1,0,0,2,2,0,-3.2,Alyssa Mayfield,https://www.sports-reference.com/cbb/players/alyssa-mayfield-1.html,stephen-f-austin,2019-20
19,67,19,2020-01-29,Stephen F. Austin,,Abilene Christian,REG (Conf),W 69-59,,15,1,3,.333,0,0,,1,3,.333,.333,1,2,.500,3,1,4,0,1,0,0,1,3,3.9,Alyssa Mayfield,https://www.sports-reference.com/cbb/players/alyssa-mayfield-1.html,stephen-f-austin,2019-20
20,68,20,2020-02-01,Stephen F. Austin,@,Sam Houston State,REG (Conf),L 55-63,,3,0,0,,0,0,,0,0,,,0,0,,0,0,0,0,0,0,1,0,0,-1.0,Alyssa Mayfield,https://www.sports-reference.com/cbb/players/alyssa-mayfield-1.html,stephen-f-austin,2019-20
21,69,21,2020-02-05,Stephen F. Austin,@,Nicholls State,REG (Conf),W 78-61,,22,3,5,.600,0,1,.000,3,4,.750,.600,8,8,1.000,0,7,7,3,2,0,1,2,14,16.1,Alyssa Mayfield,https://www.sports-reference.com/cbb/players/alyssa-mayfield-1.html,stephen-f-austin,2019-20
22,70,22,2020-02-08,Stephen F. Austin,,New Orleans,REG (Conf),W 59-47,,22,5,6,.833,2,2,1.000,3,4,.750,1.000,2,2,1.000,1,2,3,0,1,0,1,1,14,12.7,Alyssa Mayfield,https://www.sports-reference.com/cbb/players/alyssa-mayfield-1.html,stephen-f-austin,2019-20
23,71,23,2020-02-12,Stephen F. Austin,,Texas A&M–Corpus Christi,REG (Conf),W 72-49,,21,2,6,.333,0,1,.000,2,5,.400,.333,4,6,.667,3,3,6,0,1,0,2,3,8,4.6,Alyssa Mayfield,https://www.sports-reference.com/cbb/players/alyssa-mayfield-1.html,stephen-f-austin,2019-20
24,72,24,2020-02-19,Stephen F. Austin,@,Central Arkansas,REG (Conf),W 58-37,,24,3,7,.429,1,4,.250,2,3,.667,.500,4,6,.667,0,3,3,2,1,0,4,2,11,5.0,Alyssa Mayfield,https://www.sports-reference.com/cbb/players/alyssa-mayfield-1.html,stephen-f-austin,2019-20
25,73,25,2020-02-22,Stephen F. Austin,@,Incarnate Word,REG (Conf),L 52-60,,22,3,9,.333,0,4,.000,3,5,.600,.333,2,2,1.000,1,2,3,0,1,0,1,2,8,3.4,Alyssa Mayfield,https://www.sports-reference.com/cbb/players/alyssa-mayfield-1.html,stephen-f-austin,2019-20
26,74,26,2020-02-26,Stephen F. Austin,@,Northwestern State,REG (Conf),W 61-45,,25,0,5,.000,0,3,.000,0,2,.000,.000,0,2,.000,0,5,5,1,1,0,0,2,0,-1.9,Alyssa Mayfield,https://www.sports-reference.com/cbb/players/alyssa-mayfield-1.html,stephen-f-austin,2019-20
27,75,27,2020-02-29,Stephen F. Austin,,Lamar,REG (Conf),W 70-50,,24,3,7,.429,0,3,.000,3,4,.750,.429,2,3,.667,1,2,3,0,1,0,0,1,8,5.8,Alyssa Mayfield,https://www.sports-reference.com/cbb/players/alyssa-mayfield-1.html,stephen-f-austin,2019-20
28,76,28,2020-03-03,Stephen F. Austin,@,Abilene Christian,REG (Conf),L 62-88,,19,5,9,.556,1,4,.250,4,5,.800,.611,1,3,.333,2,4,6,1,0,0,2,2,12,7.4,Alyssa Mayfield,https://www.sports-reference.com/cbb/players/alyssa-mayfield-1.html,stephen-f-austin,2019-20
29,77,29,2020-03-07,Stephen F. Austin,,Sam Houston State,REG (Conf),W 64-50,,15,0,4,.000,0,1,.000,0,3,.000,.000,0,0,,0,2,2,1,1,0,1,2,0,-2.3,Alyssa Mayfield,https://www.sports-reference.com/cbb/players/alyssa-mayfield-1.html,stephen-f-austin,2019-20
