ranker,player_game_num_career,team_game_num_season,date,team_name_abbr,game_location,opp_name_abbr,game_type,game_result,is_starter,mp,fg,fga,fg_pct,fg3,fg3a,fg3_pct,fg2,fg2a,fg2_pct,efg_pct,ft,fta,ft_pct,orb,drb,trb,ast,stl,blk,tov,pf,pts,game_score,player_name,player_sr_link,school,season
1,33,2,2019-11-09,Stephen F. Austin,,Alcorn State,REG (Non-Conf),W 67-62,,5,0,3,.000,0,1,.000,0,2,.000,.000,0,0,,0,0,0,0,1,0,1,1,0,-2.5,Brianna Mitchell,https://www.sports-reference.com/cbb/players/brianna-mitchell-1.html,stephen-f-austin,2019-20
2,34,3,2019-11-16,Stephen F. Austin,,UCF,REG (Non-Conf),L 57-63,,2,0,0,,0,0,,0,0,,,0,0,,0,1,1,0,0,0,0,0,0,0.3,Brianna Mitchell,https://www.sports-reference.com/cbb/players/brianna-mitchell-1.html,stephen-f-austin,2019-20
3,35,4,2019-11-20,Stephen F. Austin,@,Oklahoma,REG (Non-Conf),L 62-75,,9,0,5,.000,0,1,.000,0,4,.000,.000,0,0,,1,2,3,0,0,0,1,0,0,-3.2,Brianna Mitchell,https://www.sports-reference.com/cbb/players/brianna-mitchell-1.html,stephen-f-austin,2019-20
4,36,5,2019-11-29,Stephen F. Austin,,UC Santa Barbara,REG (Non-Conf),W 67-56,,7,0,1,.000,0,0,,0,1,.000,.000,2,2,1.000,0,0,0,2,1,0,0,0,2,3.7,Brianna Mitchell,https://www.sports-reference.com/cbb/players/brianna-mitchell-1.html,stephen-f-austin,2019-20
5,37,6,2019-12-01,Stephen F. Austin,@,Nevada,REG (Non-Conf),W 80-65,,18,2,3,.667,0,0,,2,3,.667,.667,3,5,.600,0,1,1,3,1,0,4,3,7,3.1,Brianna Mitchell,https://www.sports-reference.com/cbb/players/brianna-mitchell-1.html,stephen-f-austin,2019-20
6,38,7,2019-12-07,Stephen F. Austin,,Central Christian College,REG (Non-Conf),W 104-46,,20,2,6,.333,0,3,.000,2,3,.667,.333,0,0,,1,1,2,5,4,0,0,0,4,9.1,Brianna Mitchell,https://www.sports-reference.com/cbb/players/brianna-mitchell-1.html,stephen-f-austin,2019-20
7,39,8,2019-12-15,Stephen F. Austin,,LSU Shreveport,REG (Non-Conf),W 75-32,,14,0,3,.000,0,0,,0,3,.000,.000,0,0,,0,3,3,3,0,0,1,0,0,-0.1,Brianna Mitchell,https://www.sports-reference.com/cbb/players/brianna-mitchell-1.html,stephen-f-austin,2019-20
8,40,9,2019-12-18,Stephen F. Austin,@,Houston Baptist,REG (Conf),W 59-42,,11,0,1,.000,0,1,.000,0,0,,.000,0,0,,0,1,1,0,0,0,2,3,0,-3.6,Brianna Mitchell,https://www.sports-reference.com/cbb/players/brianna-mitchell-1.html,stephen-f-austin,2019-20
9,41,10,2019-12-21,Stephen F. Austin,,McNeese State,REG (Conf),W 82-51,,12,1,3,.333,0,0,,1,3,.333,.333,2,2,1.000,1,0,1,1,2,0,0,2,4,4.9,Brianna Mitchell,https://www.sports-reference.com/cbb/players/brianna-mitchell-1.html,stephen-f-austin,2019-20
10,42,11,2019-12-29,Stephen F. Austin,,Our Lady,REG (Non-Conf),W 87-75,,13,0,2,.000,0,0,,0,2,.000,.000,0,0,,2,2,4,1,3,0,1,0,0,3.3,Brianna Mitchell,https://www.sports-reference.com/cbb/players/brianna-mitchell-1.html,stephen-f-austin,2019-20
11,43,12,2020-01-02,Stephen F. Austin,,Southeastern Louisiana,REG (Conf),W 77-51,,13,1,2,.500,0,0,,1,2,.500,.500,0,0,,0,1,1,2,1,0,2,2,2,0.9,Brianna Mitchell,https://www.sports-reference.com/cbb/players/brianna-mitchell-1.html,stephen-f-austin,2019-20
12,44,13,2020-01-04,Stephen F. Austin,@,New Orleans,REG (Conf),L 50-53,,6,0,0,,0,0,,0,0,,,0,0,,0,1,1,0,0,0,2,2,0,-2.5,Brianna Mitchell,https://www.sports-reference.com/cbb/players/brianna-mitchell-1.html,stephen-f-austin,2019-20
13,45,14,2020-01-08,Stephen F. Austin,@,Texas A&M–Corpus Christi,REG (Conf),W 66-44,,15,2,2,1.000,0,0,,2,2,1.000,1.000,2,2,1.000,0,0,0,1,1,0,2,4,6,3.5,Brianna Mitchell,https://www.sports-reference.com/cbb/players/brianna-mitchell-1.html,stephen-f-austin,2019-20
14,46,15,2020-01-15,Stephen F. Austin,,Central Arkansas,REG (Conf),W 102-41,,12,1,4,.250,0,2,.000,1,2,.500,.250,0,0,,1,1,2,1,2,0,1,1,2,1.9,Brianna Mitchell,https://www.sports-reference.com/cbb/players/brianna-mitchell-1.html,stephen-f-austin,2019-20
15,47,16,2020-01-18,Stephen F. Austin,,Incarnate Word,REG (Conf),W 67-45,,11,0,1,.000,0,0,,0,1,.000,.000,0,0,,0,1,1,1,0,0,1,1,0,-1.1,Brianna Mitchell,https://www.sports-reference.com/cbb/players/brianna-mitchell-1.html,stephen-f-austin,2019-20
16,48,17,2020-01-22,Stephen F. Austin,,Northwestern State,REG (Conf),W 89-40,,11,2,3,.667,0,0,,2,3,.667,.667,1,2,.500,0,1,1,0,0,0,1,0,5,2.6,Brianna Mitchell,https://www.sports-reference.com/cbb/players/brianna-mitchell-1.html,stephen-f-austin,2019-20
17,49,19,2020-01-29,Stephen F. Austin,,Abilene Christian,REG (Conf),W 69-59,,8,1,3,.333,0,2,.000,1,1,1.000,.333,1,2,.500,1,0,1,1,0,0,1,0,3,1.3,Brianna Mitchell,https://www.sports-reference.com/cbb/players/brianna-mitchell-1.html,stephen-f-austin,2019-20
18,50,20,2020-02-01,Stephen F. Austin,@,Sam Houston State,REG (Conf),L 55-63,,12,0,0,,0,0,,0,0,,,0,0,,0,0,0,1,1,0,0,1,0,1.3,Brianna Mitchell,https://www.sports-reference.com/cbb/players/brianna-mitchell-1.html,stephen-f-austin,2019-20
19,51,21,2020-02-05,Stephen F. Austin,@,Nicholls State,REG (Conf),W 78-61,,16,1,3,.333,0,1,.000,1,2,.500,.333,0,0,,0,1,1,1,1,0,3,2,2,-1.5,Brianna Mitchell,https://www.sports-reference.com/cbb/players/brianna-mitchell-1.html,stephen-f-austin,2019-20
20,52,22,2020-02-08,Stephen F. Austin,,New Orleans,REG (Conf),W 59-47,,16,0,2,.000,0,1,.000,0,1,.000,.000,0,0,,0,0,0,2,1,0,2,3,0,-2.2,Brianna Mitchell,https://www.sports-reference.com/cbb/players/brianna-mitchell-1.html,stephen-f-austin,2019-20
21,53,23,2020-02-12,Stephen F. Austin,,Texas A&M–Corpus Christi,REG (Conf),W 72-49,,11,2,3,.667,0,1,.000,2,2,1.000,.667,0,0,,0,1,1,1,0,0,1,2,4,1.9,Brianna Mitchell,https://www.sports-reference.com/cbb/players/brianna-mitchell-1.html,stephen-f-austin,2019-20
22,54,24,2020-02-19,Stephen F. Austin,@,Central Arkansas,REG (Conf),W 58-37,*,23,2,3,.667,1,1,1.000,1,2,.500,.833,1,2,.500,0,0,0,1,3,0,0,2,6,7.2,Brianna Mitchell,https://www.sports-reference.com/cbb/players/brianna-mitchell-1.html,stephen-f-austin,2019-20
23,55,25,2020-02-22,Stephen F. Austin,@,Incarnate Word,REG (Conf),L 52-60,*,21,1,4,.250,1,2,.500,0,2,.000,.375,0,0,,1,1,2,2,1,0,1,1,3,2.6,Brianna Mitchell,https://www.sports-reference.com/cbb/players/brianna-mitchell-1.html,stephen-f-austin,2019-20
24,56,26,2020-02-26,Stephen F. Austin,@,Northwestern State,REG (Conf),W 61-45,*,30,2,4,.500,1,2,.500,1,2,.500,.625,5,6,.833,0,1,1,3,1,0,0,2,10,10.2,Brianna Mitchell,https://www.sports-reference.com/cbb/players/brianna-mitchell-1.html,stephen-f-austin,2019-20
25,57,27,2020-02-29,Stephen F. Austin,,Lamar,REG (Conf),W 70-50,*,26,2,6,.333,1,1,1.000,1,5,.200,.417,0,0,,0,3,3,6,2,0,0,1,5,8.3,Brianna Mitchell,https://www.sports-reference.com/cbb/players/brianna-mitchell-1.html,stephen-f-austin,2019-20
26,58,28,2020-03-03,Stephen F. Austin,@,Abilene Christian,REG (Conf),L 62-88,*,13,1,3,.333,0,1,.000,1,2,.500,.333,1,1,1.000,0,1,1,0,1,0,1,2,3,0.8,Brianna Mitchell,https://www.sports-reference.com/cbb/players/brianna-mitchell-1.html,stephen-f-austin,2019-20
27,59,29,2020-03-07,Stephen F. Austin,,Sam Houston State,REG (Conf),W 64-50,,14,0,2,.000,0,0,,0,2,.000,.000,2,2,1.000,0,1,1,1,2,0,0,4,2,2.0,Brianna Mitchell,https://www.sports-reference.com/cbb/players/brianna-mitchell-1.html,stephen-f-austin,2019-20
