ranker,player_game_num_career,team_game_num_season,date,team_name_abbr,game_location,opp_name_abbr,game_type,game_result,is_starter,mp,fg,fga,fg_pct,fg3,fg3a,fg3_pct,fg2,fg2a,fg2_pct,efg_pct,ft,fta,ft_pct,orb,drb,trb,ast,stl,blk,tov,pf,pts,game_score,player_name,player_sr_link,school,season
1,60,1,2019-11-05,Stephen F. Austin,@,Tulsa,REG (Non-Conf),W 67-63,*,30,3,7,.429,3,6,.500,0,1,.000,.643,3,6,.500,0,1,1,2,0,0,1,2,12,7.0,Marissa Banfield,https://www.sports-reference.com/cbb/players/marissa-banfield-1.html,stephen-f-austin,2019-20
2,61,2,2019-11-09,Stephen F. Austin,,Alcorn State,REG (Non-Conf),W 67-62,*,29,6,14,.429,5,12,.417,1,2,.500,.607,1,2,.500,0,1,1,5,0,0,2,0,18,12.0,Marissa Banfield,https://www.sports-reference.com/cbb/players/marissa-banfield-1.html,stephen-f-austin,2019-20
3,62,3,2019-11-16,Stephen F. Austin,,UCF,REG (Non-Conf),L 57-63,*,35,4,10,.400,3,9,.333,1,1,1.000,.550,0,0,,0,0,0,3,0,0,5,1,11,2.3,Marissa Banfield,https://www.sports-reference.com/cbb/players/marissa-banfield-1.html,stephen-f-austin,2019-20
4,63,4,2019-11-20,Stephen F. Austin,@,Oklahoma,REG (Non-Conf),L 62-75,*,21,0,8,.000,0,6,.000,0,2,.000,.000,0,0,,1,1,2,1,0,0,2,0,0,-5.9,Marissa Banfield,https://www.sports-reference.com/cbb/players/marissa-banfield-1.html,stephen-f-austin,2019-20
5,64,5,2019-11-29,Stephen F. Austin,,UC Santa Barbara,REG (Non-Conf),W 67-56,*,33,5,9,.556,4,7,.571,1,2,.500,.778,2,4,.500,0,3,3,2,3,0,3,0,16,13.2,Marissa Banfield,https://www.sports-reference.com/cbb/players/marissa-banfield-1.html,stephen-f-austin,2019-20
6,65,6,2019-12-01,Stephen F. Austin,@,Nevada,REG (Non-Conf),W 80-65,*,22,3,10,.300,2,9,.222,1,1,1.000,.400,2,2,1.000,0,4,4,0,0,0,1,4,10,2.8,Marissa Banfield,https://www.sports-reference.com/cbb/players/marissa-banfield-1.html,stephen-f-austin,2019-20
7,66,7,2019-12-07,Stephen F. Austin,,Central Christian College,REG (Non-Conf),W 104-46,*,20,7,11,.636,7,11,.636,0,0,,.955,0,0,,0,1,1,1,0,0,1,1,21,15.7,Marissa Banfield,https://www.sports-reference.com/cbb/players/marissa-banfield-1.html,stephen-f-austin,2019-20
8,67,8,2019-12-15,Stephen F. Austin,,LSU Shreveport,REG (Non-Conf),W 75-32,*,25,1,7,.143,1,7,.143,0,0,,.214,0,0,,1,1,2,0,1,0,1,1,3,-0.9,Marissa Banfield,https://www.sports-reference.com/cbb/players/marissa-banfield-1.html,stephen-f-austin,2019-20
9,68,9,2019-12-18,Stephen F. Austin,@,Houston Baptist,REG (Conf),W 59-42,*,29,1,7,.143,1,5,.200,0,2,.000,.214,0,0,,0,2,2,1,1,0,2,2,3,-2.0,Marissa Banfield,https://www.sports-reference.com/cbb/players/marissa-banfield-1.html,stephen-f-austin,2019-20
10,69,10,2019-12-21,Stephen F. Austin,,McNeese State,REG (Conf),W 82-51,*,23,3,9,.333,1,5,.200,2,4,.500,.389,0,0,,1,2,3,0,0,0,2,2,7,0.4,Marissa Banfield,https://www.sports-reference.com/cbb/players/marissa-banfield-1.html,stephen-f-austin,2019-20
11,70,11,2019-12-29,Stephen F. Austin,,Our Lady,REG (Non-Conf),W 87-75,*,26,10,14,.714,8,12,.667,2,2,1.000,1.000,1,2,.500,1,0,1,2,1,0,2,3,29,22.7,Marissa Banfield,https://www.sports-reference.com/cbb/players/marissa-banfield-1.html,stephen-f-austin,2019-20
12,71,12,2020-01-02,Stephen F. Austin,,Southeastern Louisiana,REG (Conf),W 77-51,*,26,5,6,.833,4,5,.800,1,1,1.000,1.167,1,2,.500,0,1,1,2,0,0,2,0,15,12.1,Marissa Banfield,https://www.sports-reference.com/cbb/players/marissa-banfield-1.html,stephen-f-austin,2019-20
13,72,13,2020-01-04,Stephen F. Austin,@,New Orleans,REG (Conf),L 50-53,*,37,0,8,.000,0,7,.000,0,1,.000,.000,0,0,,1,0,1,3,3,0,4,2,0,-4.6,Marissa Banfield,https://www.sports-reference.com/cbb/players/marissa-banfield-1.html,stephen-f-austin,2019-20
14,73,14,2020-01-08,Stephen F. Austin,@,Texas A&M–Corpus Christi,REG (Conf),W 66-44,*,25,5,9,.556,4,8,.500,1,1,1.000,.778,2,2,1.000,0,1,1,3,2,0,2,1,16,13.7,Marissa Banfield,https://www.sports-reference.com/cbb/players/marissa-banfield-1.html,stephen-f-austin,2019-20
15,74,15,2020-01-15,Stephen F. Austin,,Central Arkansas,REG (Conf),W 102-41,*,20,4,9,.444,4,9,.444,0,0,,.667,0,0,,0,1,1,6,2,0,0,1,12,13.4,Marissa Banfield,https://www.sports-reference.com/cbb/players/marissa-banfield-1.html,stephen-f-austin,2019-20
16,75,16,2020-01-18,Stephen F. Austin,,Incarnate Word,REG (Conf),W 67-45,*,29,3,7,.429,2,6,.333,1,1,1.000,.571,0,0,,0,1,1,3,2,0,2,2,8,5.9,Marissa Banfield,https://www.sports-reference.com/cbb/players/marissa-banfield-1.html,stephen-f-austin,2019-20
17,76,17,2020-01-22,Stephen F. Austin,,Northwestern State,REG (Conf),W 89-40,*,21,2,6,.333,2,6,.333,0,0,,.500,1,2,.500,0,1,1,9,0,0,0,0,7,9.8,Marissa Banfield,https://www.sports-reference.com/cbb/players/marissa-banfield-1.html,stephen-f-austin,2019-20
18,77,18,2020-01-25,Stephen F. Austin,@,Lamar,REG (Conf),W 54-53,*,33,1,8,.125,1,8,.125,0,0,,.188,0,0,,0,3,3,2,0,0,1,0,3,-0.9,Marissa Banfield,https://www.sports-reference.com/cbb/players/marissa-banfield-1.html,stephen-f-austin,2019-20
19,78,19,2020-01-29,Stephen F. Austin,,Abilene Christian,REG (Conf),W 69-59,*,32,2,11,.182,2,10,.200,0,1,.000,.273,2,2,1.000,0,2,2,5,0,0,1,4,8,2.6,Marissa Banfield,https://www.sports-reference.com/cbb/players/marissa-banfield-1.html,stephen-f-austin,2019-20
20,79,20,2020-02-01,Stephen F. Austin,@,Sam Houston State,REG (Conf),L 55-63,*,20,0,2,.000,0,2,.000,0,0,,.000,0,0,,0,1,1,4,1,0,1,4,0,0.1,Marissa Banfield,https://www.sports-reference.com/cbb/players/marissa-banfield-1.html,stephen-f-austin,2019-20
21,80,21,2020-02-05,Stephen F. Austin,@,Nicholls State,REG (Conf),W 78-61,*,23,0,6,.000,0,6,.000,0,0,,.000,0,0,,0,1,1,4,4,0,0,2,0,2.1,Marissa Banfield,https://www.sports-reference.com/cbb/players/marissa-banfield-1.html,stephen-f-austin,2019-20
22,81,22,2020-02-08,Stephen F. Austin,,New Orleans,REG (Conf),W 59-47,*,35,0,5,.000,0,4,.000,0,1,.000,.000,0,0,,1,1,2,5,0,0,0,0,0,1.0,Marissa Banfield,https://www.sports-reference.com/cbb/players/marissa-banfield-1.html,stephen-f-austin,2019-20
23,82,23,2020-02-12,Stephen F. Austin,,Texas A&M–Corpus Christi,REG (Conf),W 72-49,*,29,4,10,.400,4,10,.400,0,0,,.600,0,0,,0,2,2,2,0,0,2,2,12,5.8,Marissa Banfield,https://www.sports-reference.com/cbb/players/marissa-banfield-1.html,stephen-f-austin,2019-20
24,83,28,2020-03-03,Stephen F. Austin,@,Abilene Christian,REG (Conf),L 62-88,,24,2,6,.333,2,4,.500,0,2,.000,.500,0,0,,1,0,1,1,1,0,1,2,6,3.2,Marissa Banfield,https://www.sports-reference.com/cbb/players/marissa-banfield-1.html,stephen-f-austin,2019-20
25,84,29,2020-03-07,Stephen F. Austin,,Sam Houston State,REG (Conf),W 64-50,*,26,4,7,.571,4,6,.667,0,1,.000,.857,5,6,.833,0,0,0,0,0,0,5,2,17,7.5,Marissa Banfield,https://www.sports-reference.com/cbb/players/marissa-banfield-1.html,stephen-f-austin,2019-20
