ranker,player_game_num_career,team_game_num_season,date,team_name_abbr,game_location,opp_name_abbr,game_type,game_result,is_starter,mp,fg,fga,fg_pct,fg3,fg3a,fg3_pct,fg2,fg2a,fg2_pct,efg_pct,ft,fta,ft_pct,orb,drb,trb,ast,stl,blk,tov,pf,pts,game_score,player_name,player_sr_link,school,season
1,1,4,2019-11-20,Stephen F. Austin,@,Oklahoma,REG (Non-Conf),L 62-75,,4,0,3,.000,0,1,.000,0,2,.000,.000,0,0,,0,0,0,0,1,0,0,0,0,-1.1,Mikayla Hutchinson,https://www.sports-reference.com/cbb/players/mikayla-hutchinson-1.html,stephen-f-austin,2019-20
2,2,7,2019-12-07,Stephen F. Austin,,Central Christian College,REG (Non-Conf),W 104-46,,17,3,4,.750,1,1,1.000,2,3,.667,.875,0,2,.000,0,3,3,1,4,2,2,0,7,9.6,Mikayla Hutchinson,https://www.sports-reference.com/cbb/players/mikayla-hutchinson-1.html,stephen-f-austin,2019-20
3,3,8,2019-12-15,Stephen F. Austin,,LSU Shreveport,REG (Non-Conf),W 75-32,,8,3,4,.750,0,1,.000,3,3,1.000,.750,0,0,,0,3,3,4,1,0,0,0,6,9.1,Mikayla Hutchinson,https://www.sports-reference.com/cbb/players/mikayla-hutchinson-1.html,stephen-f-austin,2019-20
4,4,9,2019-12-18,Stephen F. Austin,@,Houston Baptist,REG (Conf),W 59-42,,8,0,2,.000,0,1,.000,0,1,.000,.000,0,0,,0,0,0,0,0,0,0,0,0,-1.4,Mikayla Hutchinson,https://www.sports-reference.com/cbb/players/mikayla-hutchinson-1.html,stephen-f-austin,2019-20
5,5,10,2019-12-21,Stephen F. Austin,,McNeese State,REG (Conf),W 82-51,,5,2,3,.667,1,1,1.000,1,2,.500,.833,0,0,,0,0,0,1,0,0,0,0,5,4.4,Mikayla Hutchinson,https://www.sports-reference.com/cbb/players/mikayla-hutchinson-1.html,stephen-f-austin,2019-20
6,6,11,2019-12-29,Stephen F. Austin,,Our Lady,REG (Non-Conf),W 87-75,,4,0,0,,0,0,,0,0,,,0,0,,0,0,0,0,0,0,1,2,0,-1.8,Mikayla Hutchinson,https://www.sports-reference.com/cbb/players/mikayla-hutchinson-1.html,stephen-f-austin,2019-20
7,7,12,2020-01-02,Stephen F. Austin,,Southeastern Louisiana,REG (Conf),W 77-51,,5,2,2,1.000,0,0,,2,2,1.000,1.000,0,0,,0,1,1,0,0,0,0,0,4,3.7,Mikayla Hutchinson,https://www.sports-reference.com/cbb/players/mikayla-hutchinson-1.html,stephen-f-austin,2019-20
8,8,13,2020-01-04,Stephen F. Austin,@,New Orleans,REG (Conf),L 50-53,,10,2,5,.400,0,0,,2,5,.400,.400,0,0,,0,1,1,0,1,0,1,1,4,1.2,Mikayla Hutchinson,https://www.sports-reference.com/cbb/players/mikayla-hutchinson-1.html,stephen-f-austin,2019-20
9,9,14,2020-01-08,Stephen F. Austin,@,Texas A&M–Corpus Christi,REG (Conf),W 66-44,,4,0,0,,0,0,,0,0,,,0,0,,0,1,1,1,1,0,3,2,0,-1.8,Mikayla Hutchinson,https://www.sports-reference.com/cbb/players/mikayla-hutchinson-1.html,stephen-f-austin,2019-20
10,10,15,2020-01-15,Stephen F. Austin,,Central Arkansas,REG (Conf),W 102-41,,17,0,2,.000,0,0,,0,2,.000,.000,1,2,.500,1,0,1,2,1,1,0,1,1,2.6,Mikayla Hutchinson,https://www.sports-reference.com/cbb/players/mikayla-hutchinson-1.html,stephen-f-austin,2019-20
11,11,16,2020-01-18,Stephen F. Austin,,Incarnate Word,REG (Conf),W 67-45,,4,0,1,.000,0,1,.000,0,0,,.000,0,0,,0,0,0,0,1,0,0,1,0,-0.1,Mikayla Hutchinson,https://www.sports-reference.com/cbb/players/mikayla-hutchinson-1.html,stephen-f-austin,2019-20
12,12,17,2020-01-22,Stephen F. Austin,,Northwestern State,REG (Conf),W 89-40,,12,1,1,1.000,1,1,1.000,0,0,,1.500,1,2,.500,0,2,2,2,0,0,0,1,4,4.9,Mikayla Hutchinson,https://www.sports-reference.com/cbb/players/mikayla-hutchinson-1.html,stephen-f-austin,2019-20
13,13,20,2020-02-01,Stephen F. Austin,@,Sam Houston State,REG (Conf),L 55-63,,1,0,0,,0,0,,0,0,,,0,0,,0,0,0,0,0,0,0,0,0,0.0,Mikayla Hutchinson,https://www.sports-reference.com/cbb/players/mikayla-hutchinson-1.html,stephen-f-austin,2019-20
14,14,23,2020-02-12,Stephen F. Austin,,Texas A&M–Corpus Christi,REG (Conf),W 72-49,,9,1,2,.500,0,0,,1,2,.500,.500,0,0,,0,0,0,2,1,0,1,1,2,2.0,Mikayla Hutchinson,https://www.sports-reference.com/cbb/players/mikayla-hutchinson-1.html,stephen-f-austin,2019-20
15,15,26,2020-02-26,Stephen F. Austin,@,Northwestern State,REG (Conf),W 61-45,,3,0,0,,0,0,,0,0,,,0,0,,0,0,0,0,1,0,2,0,0,-1.0,Mikayla Hutchinson,https://www.sports-reference.com/cbb/players/mikayla-hutchinson-1.html,stephen-f-austin,2019-20
16,16,27,2020-02-29,Stephen F. Austin,,Lamar,REG (Conf),W 70-50,,3,0,0,,0,0,,0,0,,,0,0,,0,0,0,0,0,0,1,0,0,-1.0,Mikayla Hutchinson,https://www.sports-reference.com/cbb/players/mikayla-hutchinson-1.html,stephen-f-austin,2019-20
17,17,28,2020-03-03,Stephen F. Austin,@,Abilene Christian,REG (Conf),L 62-88,,6,0,1,.000,0,0,,0,1,.000,.000,0,0,,0,0,0,0,1,0,1,0,0,-0.7,Mikayla Hutchinson,https://www.sports-reference.com/cbb/players/mikayla-hutchinson-1.html,stephen-f-austin,2019-20
18,18,29,2020-03-07,Stephen F. Austin,,Sam Houston State,REG (Conf),W 64-50,,2,0,1,.000,0,0,,0,1,.000,.000,0,0,,0,0,0,0,0,0,1,2,0,-2.5,Mikayla Hutchinson,https://www.sports-reference.com/cbb/players/mikayla-hutchinson-1.html,stephen-f-austin,2019-20
