ranker,player_game_num_career,team_game_num_season,date,team_name_abbr,game_location,opp_name_abbr,game_type,game_result,is_starter,mp,fg,fga,fg_pct,fg3,fg3a,fg3_pct,fg2,fg2a,fg2_pct,efg_pct,ft,fta,ft_pct,orb,drb,trb,ast,stl,blk,tov,pf,pts,game_score,player_name,player_sr_link,school,season
1,33,1,2019-11-05,Stephen F. Austin,@,Tulsa,REG (Non-Conf),W 67-63,*,36,7,13,.538,2,5,.400,5,8,.625,.615,3,4,.750,6,7,13,4,5,0,5,2,19,20.6,Stephanie Visscher,https://www.sports-reference.com/cbb/players/stephanie-visscher-1.html,stephen-f-austin,2019-20
2,34,2,2019-11-09,Stephen F. Austin,,Alcorn State,REG (Non-Conf),W 67-62,*,34,3,12,.250,1,8,.125,2,4,.500,.292,0,0,,3,3,6,5,2,2,3,2,7,5.9,Stephanie Visscher,https://www.sports-reference.com/cbb/players/stephanie-visscher-1.html,stephen-f-austin,2019-20
3,35,3,2019-11-16,Stephen F. Austin,,UCF,REG (Non-Conf),L 57-63,*,34,9,12,.750,1,4,.250,8,8,1.000,.792,0,0,,0,4,4,2,2,1,2,4,19,15.9,Stephanie Visscher,https://www.sports-reference.com/cbb/players/stephanie-visscher-1.html,stephen-f-austin,2019-20
4,36,4,2019-11-20,Stephen F. Austin,@,Oklahoma,REG (Non-Conf),L 62-75,*,34,7,13,.538,1,3,.333,6,10,.600,.577,3,4,.750,1,3,4,3,4,1,6,4,18,12.1,Stephanie Visscher,https://www.sports-reference.com/cbb/players/stephanie-visscher-1.html,stephen-f-austin,2019-20
5,37,5,2019-11-29,Stephen F. Austin,,UC Santa Barbara,REG (Non-Conf),W 67-56,*,37,3,4,.750,2,3,.667,1,1,1.000,1.000,0,0,,1,6,7,4,2,1,0,1,8,14.0,Stephanie Visscher,https://www.sports-reference.com/cbb/players/stephanie-visscher-1.html,stephen-f-austin,2019-20
6,38,6,2019-12-01,Stephen F. Austin,@,Nevada,REG (Non-Conf),W 80-65,*,33,6,10,.600,1,3,.333,5,7,.714,.650,1,1,1.000,3,3,6,3,3,0,2,0,14,15.5,Stephanie Visscher,https://www.sports-reference.com/cbb/players/stephanie-visscher-1.html,stephen-f-austin,2019-20
7,39,7,2019-12-07,Stephen F. Austin,,Central Christian College,REG (Non-Conf),W 104-46,*,21,3,4,.750,1,2,.500,2,2,1.000,.875,0,0,,1,6,7,5,3,0,1,1,7,13.0,Stephanie Visscher,https://www.sports-reference.com/cbb/players/stephanie-visscher-1.html,stephen-f-austin,2019-20
8,40,8,2019-12-15,Stephen F. Austin,,LSU Shreveport,REG (Non-Conf),W 75-32,*,26,4,10,.400,1,6,.167,3,4,.750,.450,4,4,1.000,0,5,5,4,1,1,1,1,13,12.2,Stephanie Visscher,https://www.sports-reference.com/cbb/players/stephanie-visscher-1.html,stephen-f-austin,2019-20
9,41,9,2019-12-18,Stephen F. Austin,@,Houston Baptist,REG (Conf),W 59-42,*,34,5,10,.500,1,4,.250,4,6,.667,.550,1,2,.500,3,9,12,2,1,1,3,1,12,11.1,Stephanie Visscher,https://www.sports-reference.com/cbb/players/stephanie-visscher-1.html,stephen-f-austin,2019-20
10,42,10,2019-12-21,Stephen F. Austin,,McNeese State,REG (Conf),W 82-51,*,31,8,11,.727,2,4,.500,6,7,.857,.818,1,2,.500,2,3,5,5,1,1,3,0,19,18.6,Stephanie Visscher,https://www.sports-reference.com/cbb/players/stephanie-visscher-1.html,stephen-f-austin,2019-20
11,43,11,2019-12-29,Stephen F. Austin,,Our Lady,REG (Non-Conf),W 87-75,*,38,8,16,.500,3,7,.429,5,9,.556,.594,3,4,.750,6,7,13,7,1,1,1,0,22,25.5,Stephanie Visscher,https://www.sports-reference.com/cbb/players/stephanie-visscher-1.html,stephen-f-austin,2019-20
12,44,12,2020-01-02,Stephen F. Austin,,Southeastern Louisiana,REG (Conf),W 77-51,*,35,8,11,.727,1,3,.333,7,8,.875,.773,0,0,,2,13,15,3,1,0,2,1,17,18.5,Stephanie Visscher,https://www.sports-reference.com/cbb/players/stephanie-visscher-1.html,stephen-f-austin,2019-20
13,45,13,2020-01-04,Stephen F. Austin,@,New Orleans,REG (Conf),L 50-53,*,25,4,11,.364,1,5,.200,3,6,.500,.409,4,5,.800,2,5,7,0,2,1,2,2,13,9.3,Stephanie Visscher,https://www.sports-reference.com/cbb/players/stephanie-visscher-1.html,stephen-f-austin,2019-20
14,46,14,2020-01-08,Stephen F. Austin,@,Texas A&M–Corpus Christi,REG (Conf),W 66-44,*,39,7,13,.538,4,9,.444,3,4,.750,.692,2,2,1.000,1,4,5,2,1,1,0,1,20,18.3,Stephanie Visscher,https://www.sports-reference.com/cbb/players/stephanie-visscher-1.html,stephen-f-austin,2019-20
15,47,15,2020-01-15,Stephen F. Austin,,Central Arkansas,REG (Conf),W 102-41,*,23,5,8,.625,3,6,.500,2,2,1.000,.813,1,1,1.000,1,4,5,4,1,0,1,0,14,15.1,Stephanie Visscher,https://www.sports-reference.com/cbb/players/stephanie-visscher-1.html,stephen-f-austin,2019-20
16,48,16,2020-01-18,Stephen F. Austin,,Incarnate Word,REG (Conf),W 67-45,*,32,3,10,.300,2,6,.333,1,4,.250,.400,0,0,,2,6,8,3,3,1,2,2,8,8.4,Stephanie Visscher,https://www.sports-reference.com/cbb/players/stephanie-visscher-1.html,stephen-f-austin,2019-20
17,49,17,2020-01-22,Stephen F. Austin,,Northwestern State,REG (Conf),W 89-40,*,25,8,9,.889,3,4,.750,5,5,1.000,1.056,0,0,,0,3,3,2,3,0,1,1,19,19.8,Stephanie Visscher,https://www.sports-reference.com/cbb/players/stephanie-visscher-1.html,stephen-f-austin,2019-20
18,50,18,2020-01-25,Stephen F. Austin,@,Lamar,REG (Conf),W 54-53,*,40,5,16,.313,1,5,.200,4,11,.364,.344,2,2,1.000,1,10,11,3,1,1,3,1,13,7.9,Stephanie Visscher,https://www.sports-reference.com/cbb/players/stephanie-visscher-1.html,stephen-f-austin,2019-20
19,51,19,2020-01-29,Stephen F. Austin,,Abilene Christian,REG (Conf),W 69-59,*,34,10,14,.714,2,5,.400,8,9,.889,.786,2,4,.500,2,5,7,3,3,0,4,0,24,21.4,Stephanie Visscher,https://www.sports-reference.com/cbb/players/stephanie-visscher-1.html,stephen-f-austin,2019-20
20,52,20,2020-02-01,Stephen F. Austin,@,Sam Houston State,REG (Conf),L 55-63,*,36,2,8,.250,0,4,.000,2,4,.500,.250,1,2,.500,0,3,3,3,1,0,3,3,5,-0.4,Stephanie Visscher,https://www.sports-reference.com/cbb/players/stephanie-visscher-1.html,stephen-f-austin,2019-20
21,53,21,2020-02-05,Stephen F. Austin,@,Nicholls State,REG (Conf),W 78-61,*,25,6,9,.667,3,5,.600,3,4,.750,.833,0,0,,0,2,2,1,2,1,2,0,15,13.1,Stephanie Visscher,https://www.sports-reference.com/cbb/players/stephanie-visscher-1.html,stephen-f-austin,2019-20
22,54,22,2020-02-08,Stephen F. Austin,,New Orleans,REG (Conf),W 59-47,*,25,4,12,.333,1,6,.167,3,6,.500,.375,0,0,,1,4,5,2,2,0,3,2,9,3.7,Stephanie Visscher,https://www.sports-reference.com/cbb/players/stephanie-visscher-1.html,stephen-f-austin,2019-20
23,55,23,2020-02-12,Stephen F. Austin,,Texas A&M–Corpus Christi,REG (Conf),W 72-49,*,33,3,7,.429,1,4,.250,2,3,.667,.500,0,0,,0,4,4,5,2,2,0,3,7,10.2,Stephanie Visscher,https://www.sports-reference.com/cbb/players/stephanie-visscher-1.html,stephen-f-austin,2019-20
24,56,24,2020-02-19,Stephen F. Austin,@,Central Arkansas,REG (Conf),W 58-37,*,37,4,7,.571,2,3,.667,2,4,.500,.714,0,0,,0,7,7,4,3,0,3,1,10,11.2,Stephanie Visscher,https://www.sports-reference.com/cbb/players/stephanie-visscher-1.html,stephen-f-austin,2019-20
25,57,25,2020-02-22,Stephen F. Austin,@,Incarnate Word,REG (Conf),L 52-60,*,33,5,11,.455,2,6,.333,3,5,.600,.545,0,0,,0,4,4,1,0,0,4,4,12,2.6,Stephanie Visscher,https://www.sports-reference.com/cbb/players/stephanie-visscher-1.html,stephen-f-austin,2019-20
26,58,26,2020-02-26,Stephen F. Austin,@,Northwestern State,REG (Conf),W 61-45,*,31,3,8,.375,1,5,.200,2,3,.667,.438,0,0,,1,5,6,4,2,2,2,3,7,7.8,Stephanie Visscher,https://www.sports-reference.com/cbb/players/stephanie-visscher-1.html,stephen-f-austin,2019-20
27,59,27,2020-02-29,Stephen F. Austin,,Lamar,REG (Conf),W 70-50,*,31,9,17,.529,4,7,.571,5,10,.500,.647,2,3,.667,0,5,5,4,1,1,2,0,24,19.3,Stephanie Visscher,https://www.sports-reference.com/cbb/players/stephanie-visscher-1.html,stephen-f-austin,2019-20
28,60,28,2020-03-03,Stephen F. Austin,@,Abilene Christian,REG (Conf),L 62-88,*,30,1,5,.200,0,2,.000,1,3,.333,.200,2,2,1.000,0,1,1,2,3,2,4,1,4,2.6,Stephanie Visscher,https://www.sports-reference.com/cbb/players/stephanie-visscher-1.html,stephen-f-austin,2019-20
29,61,29,2020-03-07,Stephen F. Austin,,Sam Houston State,REG (Conf),W 64-50,*,31,1,7,.143,1,4,.250,0,3,.000,.214,5,8,.625,1,4,5,5,2,0,0,1,8,9.3,Stephanie Visscher,https://www.sports-reference.com/cbb/players/stephanie-visscher-1.html,stephen-f-austin,2019-20
