ranker,player_game_num_career,team_game_num_season,date,team_name_abbr,game_location,opp_name_abbr,game_type,game_result,is_starter,mp,fg,fga,fg_pct,fg3,fg3a,fg3_pct,fg2,fg2a,fg2_pct,efg_pct,ft,fta,ft_pct,orb,drb,trb,ast,stl,blk,tov,pf,pts,game_score,player_name,player_sr_link,school,season
1,1,1,2019-11-05,Stephen F. Austin,@,Tulsa,REG (Non-Conf),W 67-63,,18,3,10,.300,2,6,.333,1,4,.250,.400,0,0,,0,2,2,0,2,0,2,1,8,2.4,Zya Nugent,https://www.sports-reference.com/cbb/players/zya-nugent-1.html,stephen-f-austin,2019-20
2,2,2,2019-11-09,Stephen F. Austin,,Alcorn State,REG (Non-Conf),W 67-62,,24,4,12,.333,0,3,.000,4,9,.444,.333,1,2,.500,1,0,1,1,1,1,4,3,9,-0.3,Zya Nugent,https://www.sports-reference.com/cbb/players/zya-nugent-1.html,stephen-f-austin,2019-20
3,3,3,2019-11-16,Stephen F. Austin,,UCF,REG (Non-Conf),L 57-63,,21,2,7,.286,1,4,.250,1,3,.333,.357,0,0,,0,4,4,1,0,0,2,2,5,0.0,Zya Nugent,https://www.sports-reference.com/cbb/players/zya-nugent-1.html,stephen-f-austin,2019-20
4,4,4,2019-11-20,Stephen F. Austin,@,Oklahoma,REG (Non-Conf),L 62-75,,4,0,1,.000,0,1,.000,0,0,,.000,0,0,,0,1,1,0,0,0,0,1,0,-0.8,Zya Nugent,https://www.sports-reference.com/cbb/players/zya-nugent-1.html,stephen-f-austin,2019-20
5,5,5,2019-11-29,Stephen F. Austin,,UC Santa Barbara,REG (Non-Conf),W 67-56,,7,0,1,.000,0,0,,0,1,.000,.000,0,0,,1,0,1,0,0,0,1,1,0,-1.4,Zya Nugent,https://www.sports-reference.com/cbb/players/zya-nugent-1.html,stephen-f-austin,2019-20
6,6,6,2019-12-01,Stephen F. Austin,@,Nevada,REG (Non-Conf),W 80-65,,15,4,5,.800,1,2,.500,3,3,1.000,.900,0,0,,0,2,2,0,1,0,2,3,9,5.5,Zya Nugent,https://www.sports-reference.com/cbb/players/zya-nugent-1.html,stephen-f-austin,2019-20
7,7,7,2019-12-07,Stephen F. Austin,,Central Christian College,REG (Non-Conf),W 104-46,,21,5,10,.500,0,3,.000,5,7,.714,.500,4,5,.800,3,2,5,1,2,0,1,2,14,12.2,Zya Nugent,https://www.sports-reference.com/cbb/players/zya-nugent-1.html,stephen-f-austin,2019-20
8,8,8,2019-12-15,Stephen F. Austin,,LSU Shreveport,REG (Non-Conf),W 75-32,,23,4,13,.308,1,5,.200,3,8,.375,.346,4,6,.667,3,2,5,0,3,0,0,2,13,9.6,Zya Nugent,https://www.sports-reference.com/cbb/players/zya-nugent-1.html,stephen-f-austin,2019-20
9,9,9,2019-12-18,Stephen F. Austin,@,Houston Baptist,REG (Conf),W 59-42,,10,0,1,.000,0,0,,0,1,.000,.000,2,2,1.000,0,2,2,0,2,0,3,3,2,-0.3,Zya Nugent,https://www.sports-reference.com/cbb/players/zya-nugent-1.html,stephen-f-austin,2019-20
10,10,10,2019-12-21,Stephen F. Austin,,McNeese State,REG (Conf),W 82-51,,20,4,9,.444,0,2,.000,4,7,.571,.444,2,2,1.000,1,0,1,2,3,0,1,4,10,7.8,Zya Nugent,https://www.sports-reference.com/cbb/players/zya-nugent-1.html,stephen-f-austin,2019-20
11,11,11,2019-12-29,Stephen F. Austin,,Our Lady,REG (Non-Conf),W 87-75,,9,1,4,.250,0,2,.000,1,2,.500,.250,0,0,,2,0,2,0,0,0,1,2,2,-0.8,Zya Nugent,https://www.sports-reference.com/cbb/players/zya-nugent-1.html,stephen-f-austin,2019-20
12,12,12,2020-01-02,Stephen F. Austin,,Southeastern Louisiana,REG (Conf),W 77-51,,19,4,5,.800,2,3,.667,2,2,1.000,1.000,3,4,.750,2,2,4,1,0,0,3,1,13,10.0,Zya Nugent,https://www.sports-reference.com/cbb/players/zya-nugent-1.html,stephen-f-austin,2019-20
13,13,13,2020-01-04,Stephen F. Austin,@,New Orleans,REG (Conf),L 50-53,,10,2,7,.286,1,2,.500,1,5,.200,.357,0,0,,2,1,3,0,1,0,2,2,5,0.8,Zya Nugent,https://www.sports-reference.com/cbb/players/zya-nugent-1.html,stephen-f-austin,2019-20
14,14,14,2020-01-08,Stephen F. Austin,@,Texas A&M–Corpus Christi,REG (Conf),W 66-44,,11,0,3,.000,0,1,.000,0,2,.000,.000,0,0,,0,2,2,0,1,0,0,0,0,-0.5,Zya Nugent,https://www.sports-reference.com/cbb/players/zya-nugent-1.html,stephen-f-austin,2019-20
15,15,15,2020-01-15,Stephen F. Austin,,Central Arkansas,REG (Conf),W 102-41,,15,5,7,.714,2,3,.667,3,4,.750,.857,2,2,1.000,1,2,3,0,2,0,1,2,14,12.6,Zya Nugent,https://www.sports-reference.com/cbb/players/zya-nugent-1.html,stephen-f-austin,2019-20
16,16,16,2020-01-18,Stephen F. Austin,,Incarnate Word,REG (Conf),W 67-45,,19,3,8,.375,0,3,.000,3,5,.600,.375,1,1,1.000,1,2,3,1,0,0,3,3,7,0.4,Zya Nugent,https://www.sports-reference.com/cbb/players/zya-nugent-1.html,stephen-f-austin,2019-20
17,17,17,2020-01-22,Stephen F. Austin,,Northwestern State,REG (Conf),W 89-40,,20,1,7,.143,0,3,.000,1,4,.250,.143,3,4,.750,2,4,6,1,0,0,1,4,5,0.8,Zya Nugent,https://www.sports-reference.com/cbb/players/zya-nugent-1.html,stephen-f-austin,2019-20
18,18,18,2020-01-25,Stephen F. Austin,@,Lamar,REG (Conf),W 54-53,,26,6,12,.500,1,4,.250,5,8,.625,.542,1,2,.500,1,2,3,1,2,0,0,4,14,10.0,Zya Nugent,https://www.sports-reference.com/cbb/players/zya-nugent-1.html,stephen-f-austin,2019-20
19,19,19,2020-01-29,Stephen F. Austin,,Abilene Christian,REG (Conf),W 69-59,,16,3,7,.429,1,4,.250,2,3,.667,.500,1,3,.333,1,0,1,1,1,0,2,1,8,3.5,Zya Nugent,https://www.sports-reference.com/cbb/players/zya-nugent-1.html,stephen-f-austin,2019-20
20,20,20,2020-02-01,Stephen F. Austin,@,Sam Houston State,REG (Conf),L 55-63,,24,8,12,.667,0,2,.000,8,10,.800,.667,4,6,.667,1,1,2,1,1,0,4,4,20,11.1,Zya Nugent,https://www.sports-reference.com/cbb/players/zya-nugent-1.html,stephen-f-austin,2019-20
21,21,21,2020-02-05,Stephen F. Austin,@,Nicholls State,REG (Conf),W 78-61,,23,7,12,.583,1,4,.250,6,8,.750,.625,3,5,.600,2,2,4,1,2,0,3,4,18,11.7,Zya Nugent,https://www.sports-reference.com/cbb/players/zya-nugent-1.html,stephen-f-austin,2019-20
22,22,22,2020-02-08,Stephen F. Austin,,New Orleans,REG (Conf),W 59-47,,23,2,11,.182,1,4,.250,1,7,.143,.227,2,4,.500,2,1,3,1,1,0,3,4,7,-1.9,Zya Nugent,https://www.sports-reference.com/cbb/players/zya-nugent-1.html,stephen-f-austin,2019-20
23,23,23,2020-02-12,Stephen F. Austin,,Texas A&M–Corpus Christi,REG (Conf),W 72-49,,19,2,11,.182,1,5,.200,1,6,.167,.227,2,4,.500,1,0,1,1,2,0,0,1,7,2.3,Zya Nugent,https://www.sports-reference.com/cbb/players/zya-nugent-1.html,stephen-f-austin,2019-20
24,24,24,2020-02-19,Stephen F. Austin,@,Central Arkansas,REG (Conf),W 58-37,,13,0,2,.000,0,0,,0,2,.000,.000,2,2,1.000,1,3,4,2,0,0,2,2,2,0.8,Zya Nugent,https://www.sports-reference.com/cbb/players/zya-nugent-1.html,stephen-f-austin,2019-20
25,25,25,2020-02-22,Stephen F. Austin,@,Incarnate Word,REG (Conf),L 52-60,,20,2,6,.333,1,3,.333,1,3,.333,.417,1,7,.143,0,1,1,0,0,0,0,3,6,-0.7,Zya Nugent,https://www.sports-reference.com/cbb/players/zya-nugent-1.html,stephen-f-austin,2019-20
26,26,26,2020-02-26,Stephen F. Austin,@,Northwestern State,REG (Conf),W 61-45,,23,6,12,.500,5,9,.556,1,3,.333,.708,1,2,.500,0,2,2,1,1,0,2,1,18,11.5,Zya Nugent,https://www.sports-reference.com/cbb/players/zya-nugent-1.html,stephen-f-austin,2019-20
27,27,27,2020-02-29,Stephen F. Austin,,Lamar,REG (Conf),W 70-50,,23,7,14,.500,0,1,.000,7,13,.538,.500,3,3,1.000,2,2,4,2,1,0,1,2,17,12.6,Zya Nugent,https://www.sports-reference.com/cbb/players/zya-nugent-1.html,stephen-f-austin,2019-20
28,28,28,2020-03-03,Stephen F. Austin,@,Abilene Christian,REG (Conf),L 62-88,,21,4,8,.500,1,5,.200,3,3,1.000,.563,7,8,.875,0,3,3,2,1,0,1,5,16,11.9,Zya Nugent,https://www.sports-reference.com/cbb/players/zya-nugent-1.html,stephen-f-austin,2019-20
29,29,29,2020-03-07,Stephen F. Austin,,Sam Houston State,REG (Conf),W 64-50,,22,4,10,.400,2,4,.500,2,6,.333,.500,1,2,.500,1,5,6,1,2,0,3,2,11,6.3,Zya Nugent,https://www.sports-reference.com/cbb/players/zya-nugent-1.html,stephen-f-austin,2019-20
