ranker,player_game_num_career,team_game_num_season,date,team_name_abbr,game_location,opp_name_abbr,game_type,game_result,is_starter,mp,fg,fga,fg_pct,fg3,fg3a,fg3_pct,fg2,fg2a,fg2_pct,efg_pct,ft,fta,ft_pct,orb,drb,trb,ast,stl,blk,tov,pf,pts,game_score,player_name,player_sr_link,school,season
1,31,1,2019-11-07,Louisiana,,Loyola (LA),REG (Non-Conf),W 67-51,*,21,1,6,.167,1,3,.333,0,3,.000,.250,1,2,.500,0,2,2,1,2,0,2,2,4,0.3,Brandi Williams,https://www.sports-reference.com/cbb/players/brandi-williams-1.html,louisiana-lafayette,2019-20
2,32,2,2019-11-10,Louisiana,@,Sam Houston State,REG (Non-Conf),L 73-77,*,26,5,11,.455,0,2,.000,5,9,.556,.455,8,9,.889,1,3,4,0,0,0,2,2,18,10.7,Brandi Williams,https://www.sports-reference.com/cbb/players/brandi-williams-1.html,louisiana-lafayette,2019-20
3,33,3,2019-11-14,Louisiana,,McNeese State,REG (Non-Conf),W 75-55,*,26,4,10,.400,3,4,.750,1,6,.167,.550,3,4,.750,2,3,5,0,2,0,2,3,14,9.3,Brandi Williams,https://www.sports-reference.com/cbb/players/brandi-williams-1.html,louisiana-lafayette,2019-20
4,34,4,2019-11-17,Louisiana,,Southeastern Louisiana,REG (Non-Conf),W 60-50,*,36,5,10,.500,3,3,1.000,2,7,.286,.650,12,12,1.000,2,7,9,1,0,0,0,0,25,24.2,Brandi Williams,https://www.sports-reference.com/cbb/players/brandi-williams-1.html,louisiana-lafayette,2019-20
5,35,5,2019-11-21,Louisiana,@,New Orleans,REG (Non-Conf),W 65-60,*,27,6,9,.667,3,3,1.000,3,6,.500,.833,6,8,.750,2,1,3,1,2,0,2,1,21,18.3,Brandi Williams,https://www.sports-reference.com/cbb/players/brandi-williams-1.html,louisiana-lafayette,2019-20
6,36,6,2019-11-25,Louisiana,@,Lamar,REG (Non-Conf),W 74-63,*,29,3,7,.429,0,1,.000,3,6,.500,.429,8,9,.889,1,2,3,0,1,0,2,3,14,9.0,Brandi Williams,https://www.sports-reference.com/cbb/players/brandi-williams-1.html,louisiana-lafayette,2019-20
7,37,8,2019-12-07,Louisiana,@,North Texas,REG (Non-Conf),L 66-69,,35,7,12,.583,2,3,.667,5,9,.556,.667,2,3,.667,5,2,7,2,1,0,1,4,18,15.9,Brandi Williams,https://www.sports-reference.com/cbb/players/brandi-williams-1.html,louisiana-lafayette,2019-20
8,38,9,2019-12-16,Louisiana,,Mississippi State,REG (Non-Conf),L 48-64,*,26,1,8,.125,0,3,.000,1,5,.200,.125,2,2,1.000,0,1,1,2,2,0,4,2,4,-2.3,Brandi Williams,https://www.sports-reference.com/cbb/players/brandi-williams-1.html,louisiana-lafayette,2019-20
9,39,10,2019-12-20,Louisiana,@,Ole Miss,REG (Non-Conf),W 53-42,*,33,2,5,.400,0,1,.000,2,4,.500,.400,3,3,1.000,3,6,9,1,3,0,2,4,7,8.3,Brandi Williams,https://www.sports-reference.com/cbb/players/brandi-williams-1.html,louisiana-lafayette,2019-20
10,40,11,2019-12-29,Louisiana,@,Jackson State,REG (Non-Conf),L 54-65,*,31,5,12,.417,2,7,.286,3,5,.600,.500,1,2,.500,1,4,5,0,2,0,1,2,13,8.3,Brandi Williams,https://www.sports-reference.com/cbb/players/brandi-williams-1.html,louisiana-lafayette,2019-20
11,41,13,2020-01-04,Louisiana,@,Georgia Southern,REG (Conf),L 67-83,,27,2,8,.250,0,4,.000,2,4,.500,.250,5,6,.833,4,1,5,0,0,0,0,1,9,6.5,Brandi Williams,https://www.sports-reference.com/cbb/players/brandi-williams-1.html,louisiana-lafayette,2019-20
12,42,14,2020-01-09,Louisiana,,South Alabama,REG (Conf),W 73-68,*,34,2,5,.400,2,4,.500,0,1,.000,.600,3,4,.750,0,1,1,2,0,0,4,1,9,3.2,Brandi Williams,https://www.sports-reference.com/cbb/players/brandi-williams-1.html,louisiana-lafayette,2019-20
13,43,15,2020-01-11,Louisiana,@,Troy,REG (Conf),W 79-73,*,25,2,8,.250,1,4,.250,1,4,.250,.313,2,4,.500,1,3,4,0,1,0,5,2,7,-1.8,Brandi Williams,https://www.sports-reference.com/cbb/players/brandi-williams-1.html,louisiana-lafayette,2019-20
14,44,16,2020-01-16,Louisiana,@,UT Arlington,REG (Conf),L 52-79,*,26,5,11,.455,3,5,.600,2,6,.333,.591,0,0,,0,0,0,0,1,0,1,1,13,6.9,Brandi Williams,https://www.sports-reference.com/cbb/players/brandi-williams-1.html,louisiana-lafayette,2019-20
15,45,17,2020-01-18,Louisiana,@,Texas State,REG (Conf),W 73-67,*,36,3,8,.375,0,5,.000,3,3,1.000,.375,9,9,1.000,2,0,2,0,2,0,2,3,15,10.8,Brandi Williams,https://www.sports-reference.com/cbb/players/brandi-williams-1.html,louisiana-lafayette,2019-20
16,46,18,2020-01-23,Louisiana,,Arkansas State,REG (Conf),W 83-43,*,16,4,7,.571,2,5,.400,2,2,1.000,.714,1,2,.500,1,1,2,0,0,0,0,3,11,7.1,Brandi Williams,https://www.sports-reference.com/cbb/players/brandi-williams-1.html,louisiana-lafayette,2019-20
17,47,19,2020-01-25,Louisiana,,Louisiana–Monroe,REG (Conf),W 68-55,*,27,2,5,.400,2,3,.667,0,2,.000,.600,3,4,.750,2,0,2,0,2,0,1,0,9,8.3,Brandi Williams,https://www.sports-reference.com/cbb/players/brandi-williams-1.html,louisiana-lafayette,2019-20
18,48,20,2020-02-01,Louisiana,,Little Rock,REG (Conf),L 44-59,*,28,2,4,.500,1,2,.500,1,2,.500,.625,0,0,,1,1,2,0,1,0,2,0,5,3.0,Brandi Williams,https://www.sports-reference.com/cbb/players/brandi-williams-1.html,louisiana-lafayette,2019-20
19,49,21,2020-02-06,Louisiana,@,South Alabama,REG (Conf),L 63-78,*,38,4,11,.364,2,6,.333,2,5,.400,.455,4,6,.667,3,1,4,0,0,0,0,3,14,8.3,Brandi Williams,https://www.sports-reference.com/cbb/players/brandi-williams-1.html,louisiana-lafayette,2019-20
20,50,22,2020-02-08,Louisiana,,Troy,REG (Conf),L 64-67,*,31,3,7,.429,0,1,.000,3,6,.500,.429,9,9,1.000,1,5,6,0,1,0,2,0,15,12.5,Brandi Williams,https://www.sports-reference.com/cbb/players/brandi-williams-1.html,louisiana-lafayette,2019-20
21,51,23,2020-02-13,Louisiana,,Georgia State,REG (Conf),L 53-61,*,35,2,10,.200,0,3,.000,2,7,.286,.200,1,3,.333,1,1,2,3,1,0,3,1,5,-1.3,Brandi Williams,https://www.sports-reference.com/cbb/players/brandi-williams-1.html,louisiana-lafayette,2019-20
22,52,24,2020-02-15,Louisiana,,Georgia Southern,REG (Conf),W 72-60,*,33,4,11,.364,3,5,.600,1,6,.167,.500,3,3,1.000,2,2,4,1,2,0,2,1,14,10.2,Brandi Williams,https://www.sports-reference.com/cbb/players/brandi-williams-1.html,louisiana-lafayette,2019-20
23,53,25,2020-02-22,Louisiana,@,Louisiana–Monroe,REG (Conf),W 62-49,*,31,0,4,.000,0,2,.000,0,2,.000,.000,0,0,,3,1,4,0,1,1,1,4,0,-1.3,Brandi Williams,https://www.sports-reference.com/cbb/players/brandi-williams-1.html,louisiana-lafayette,2019-20
24,54,26,2020-02-27,Louisiana,@,Appalachian State,REG (Conf),W 57-51,*,37,2,6,.333,0,1,.000,2,5,.400,.333,8,10,.800,1,2,3,0,2,0,2,3,12,7.9,Brandi Williams,https://www.sports-reference.com/cbb/players/brandi-williams-1.html,louisiana-lafayette,2019-20
25,55,27,2020-02-29,Louisiana,@,Coastal Carolina,REG (Conf),L 74-83,*,37,6,13,.462,5,9,.556,1,4,.250,.654,2,2,1.000,1,3,4,4,0,0,1,1,19,15.3,Brandi Williams,https://www.sports-reference.com/cbb/players/brandi-williams-1.html,louisiana-lafayette,2019-20
26,56,28,2020-03-05,Louisiana,,UT Arlington,REG (Conf),L 66-73,*,37,3,6,.500,2,4,.500,1,2,.500,.667,3,4,.750,0,1,1,0,0,0,1,0,11,6.9,Brandi Williams,https://www.sports-reference.com/cbb/players/brandi-williams-1.html,louisiana-lafayette,2019-20
27,57,29,2020-03-07,Louisiana,,Texas State,REG (Conf),W 70-64,*,34,4,9,.444,2,4,.500,2,5,.400,.556,2,2,1.000,0,1,1,0,1,0,2,2,12,5.8,Brandi Williams,https://www.sports-reference.com/cbb/players/brandi-williams-1.html,louisiana-lafayette,2019-20
28,58,30,2020-03-10,Louisiana,,Georgia Southern,CTOURN,W 81-64,*,33,5,11,.455,2,4,.500,3,7,.429,.545,4,6,.667,2,1,3,1,1,0,1,0,16,11.9,Brandi Williams,https://www.sports-reference.com/cbb/players/brandi-williams-1.html,louisiana-lafayette,2019-20
29,59,31,2020-03-11,Louisiana,,Little Rock,CTOURN,W 49-46,*,36,1,6,.167,0,2,.000,1,4,.250,.167,2,2,1.000,3,2,5,0,0,0,3,1,4,-0.5,Brandi Williams,https://www.sports-reference.com/cbb/players/brandi-williams-1.html,louisiana-lafayette,2019-20
