ranker,player_game_num_career,team_game_num_season,date,team_name_abbr,game_location,opp_name_abbr,game_type,game_result,is_starter,mp,fg,fga,fg_pct,fg3,fg3a,fg2,fg2a,fg2_pct,efg_pct,ft,fta,ft_pct,orb,drb,trb,ast,stl,blk,tov,pf,pts,game_score,player_name,player_sr_link,school,season
1,1,1,2019-11-07,Louisiana,,Loyola (LA),REG (Non-Conf),W 67-51,*,22,3,4,.750,0,0,3,4,.750,.750,0,1,.000,1,2,3,3,0,0,2,3,6,4.2,Caira Wren,https://www.sports-reference.com/cbb/players/caira-wren-1.html,louisiana-lafayette,2019-20
2,2,2,2019-11-10,Louisiana,@,Sam Houston State,REG (Non-Conf),L 73-77,*,14,1,1,1.000,0,0,1,1,1.000,1.000,1,4,.250,2,1,3,0,0,0,0,2,3,2.4,Caira Wren,https://www.sports-reference.com/cbb/players/caira-wren-1.html,louisiana-lafayette,2019-20
3,3,3,2019-11-14,Louisiana,,McNeese State,REG (Non-Conf),W 75-55,,18,2,2,1.000,0,0,2,2,1.000,1.000,0,2,.000,4,3,7,0,1,0,1,3,4,5.1,Caira Wren,https://www.sports-reference.com/cbb/players/caira-wren-1.html,louisiana-lafayette,2019-20
4,4,4,2019-11-17,Louisiana,,Southeastern Louisiana,REG (Non-Conf),W 60-50,,12,1,1,1.000,0,0,1,1,1.000,1.000,1,2,.500,2,2,4,0,0,0,1,0,3,3.3,Caira Wren,https://www.sports-reference.com/cbb/players/caira-wren-1.html,louisiana-lafayette,2019-20
5,5,5,2019-11-21,Louisiana,@,New Orleans,REG (Non-Conf),W 65-60,,11,1,3,.333,0,0,1,3,.333,.333,1,2,.500,2,0,2,0,0,0,0,3,3,1.1,Caira Wren,https://www.sports-reference.com/cbb/players/caira-wren-1.html,louisiana-lafayette,2019-20
6,6,6,2019-11-25,Louisiana,@,Lamar,REG (Non-Conf),W 74-63,,10,0,0,,0,0,0,0,,,0,0,,0,0,0,1,1,0,0,2,0,0.9,Caira Wren,https://www.sports-reference.com/cbb/players/caira-wren-1.html,louisiana-lafayette,2019-20
7,7,7,2019-12-02,Louisiana,,Xavier (LA),REG (Non-Conf),W 62-49,,14,1,1,1.000,0,0,1,1,1.000,1.000,0,0,,0,1,1,1,0,0,0,1,2,2.3,Caira Wren,https://www.sports-reference.com/cbb/players/caira-wren-1.html,louisiana-lafayette,2019-20
8,8,8,2019-12-07,Louisiana,@,North Texas,REG (Non-Conf),L 66-69,,13,1,3,.333,0,0,1,3,.333,.333,0,0,,1,0,1,0,0,0,0,0,2,1.0,Caira Wren,https://www.sports-reference.com/cbb/players/caira-wren-1.html,louisiana-lafayette,2019-20
9,9,9,2019-12-16,Louisiana,,Mississippi State,REG (Non-Conf),L 48-64,,12,1,1,1.000,0,0,1,1,1.000,1.000,1,2,.500,1,3,4,0,0,0,3,1,3,0.5,Caira Wren,https://www.sports-reference.com/cbb/players/caira-wren-1.html,louisiana-lafayette,2019-20
10,10,10,2019-12-20,Louisiana,@,Ole Miss,REG (Non-Conf),W 53-42,,1,0,0,,0,0,0,0,,,0,0,,0,0,0,0,0,0,0,0,0,0.0,Caira Wren,https://www.sports-reference.com/cbb/players/caira-wren-1.html,louisiana-lafayette,2019-20
11,11,11,2019-12-29,Louisiana,@,Jackson State,REG (Non-Conf),L 54-65,*,15,0,1,.000,0,0,0,1,.000,.000,1,2,.500,0,3,3,2,1,1,2,1,1,1.5,Caira Wren,https://www.sports-reference.com/cbb/players/caira-wren-1.html,louisiana-lafayette,2019-20
12,12,12,2020-01-02,Louisiana,@,Georgia State,REG (Conf),W 75-65,,22,4,5,.800,0,0,4,5,.800,.800,0,3,.000,2,1,3,1,0,1,2,5,8,4.0,Caira Wren,https://www.sports-reference.com/cbb/players/caira-wren-1.html,louisiana-lafayette,2019-20
13,13,13,2020-01-04,Louisiana,@,Georgia Southern,REG (Conf),L 67-83,,2,0,0,,0,0,0,0,,,0,0,,0,0,0,0,0,0,0,0,0,0.0,Caira Wren,https://www.sports-reference.com/cbb/players/caira-wren-1.html,louisiana-lafayette,2019-20
14,14,14,2020-01-09,Louisiana,,South Alabama,REG (Conf),W 73-68,,3,1,1,1.000,0,0,1,1,1.000,1.000,0,0,,0,0,0,0,0,0,0,0,2,1.7,Caira Wren,https://www.sports-reference.com/cbb/players/caira-wren-1.html,louisiana-lafayette,2019-20
15,15,15,2020-01-11,Louisiana,@,Troy,REG (Conf),W 79-73,,4,0,1,.000,0,0,0,1,.000,.000,0,0,,0,0,0,0,0,0,0,0,0,-0.7,Caira Wren,https://www.sports-reference.com/cbb/players/caira-wren-1.html,louisiana-lafayette,2019-20
16,16,16,2020-01-16,Louisiana,@,UT Arlington,REG (Conf),L 52-79,,14,0,2,.000,0,0,0,2,.000,.000,0,0,,0,1,1,0,0,0,0,1,0,-1.5,Caira Wren,https://www.sports-reference.com/cbb/players/caira-wren-1.html,louisiana-lafayette,2019-20
17,17,18,2020-01-23,Louisiana,,Arkansas State,REG (Conf),W 83-43,,10,0,1,.000,0,0,0,1,.000,.000,0,0,,0,2,2,1,1,0,0,2,0,0.8,Caira Wren,https://www.sports-reference.com/cbb/players/caira-wren-1.html,louisiana-lafayette,2019-20
18,18,19,2020-01-25,Louisiana,,Louisiana–Monroe,REG (Conf),W 68-55,,4,0,0,,0,0,0,0,,,0,0,,0,0,0,0,0,0,1,3,0,-2.2,Caira Wren,https://www.sports-reference.com/cbb/players/caira-wren-1.html,louisiana-lafayette,2019-20
19,19,21,2020-02-06,Louisiana,@,South Alabama,REG (Conf),L 63-78,,3,0,0,,0,0,0,0,,,0,0,,1,0,1,0,0,0,0,2,0,-0.1,Caira Wren,https://www.sports-reference.com/cbb/players/caira-wren-1.html,louisiana-lafayette,2019-20
20,20,22,2020-02-08,Louisiana,,Troy,REG (Conf),L 64-67,,9,0,1,.000,0,0,0,1,.000,.000,0,0,,0,2,2,0,2,0,0,0,0,1.9,Caira Wren,https://www.sports-reference.com/cbb/players/caira-wren-1.html,louisiana-lafayette,2019-20
21,21,23,2020-02-13,Louisiana,,Georgia State,REG (Conf),L 53-61,,4,0,1,.000,0,0,0,1,.000,.000,0,0,,0,1,1,0,0,0,1,0,0,-1.4,Caira Wren,https://www.sports-reference.com/cbb/players/caira-wren-1.html,louisiana-lafayette,2019-20
22,22,24,2020-02-15,Louisiana,,Georgia Southern,REG (Conf),W 72-60,,1,0,0,,0,0,0,0,,,0,0,,0,0,0,0,0,0,0,0,0,0.0,Caira Wren,https://www.sports-reference.com/cbb/players/caira-wren-1.html,louisiana-lafayette,2019-20
23,23,25,2020-02-22,Louisiana,@,Louisiana–Monroe,REG (Conf),W 62-49,,2,0,0,,0,0,0,0,,,0,0,,0,0,0,0,0,0,0,0,0,0.0,Caira Wren,https://www.sports-reference.com/cbb/players/caira-wren-1.html,louisiana-lafayette,2019-20
24,24,29,2020-03-07,Louisiana,,Texas State,REG (Conf),W 70-64,,1,0,0,,0,0,0,0,,,0,0,,0,0,0,0,0,0,0,0,0,0.0,Caira Wren,https://www.sports-reference.com/cbb/players/caira-wren-1.html,louisiana-lafayette,2019-20
