ranker,player_game_num_career,team_game_num_season,date,team_name_abbr,game_location,opp_name_abbr,game_type,game_result,is_starter,mp,fg,fga,fg_pct,fg3,fg3a,fg3_pct,fg2,fg2a,fg2_pct,efg_pct,ft,fta,ft_pct,orb,drb,trb,ast,stl,blk,tov,pf,pts,game_score,player_name,player_sr_link,school,season
1,55,1,2019-11-07,Louisiana,,Loyola (LA),REG (Non-Conf),W 67-51,*,26,2,3,.667,1,2,.500,1,1,1.000,.833,0,0,,0,2,2,2,2,0,2,1,5,5.3,Jasmine Thomas,https://www.sports-reference.com/cbb/players/jasmine-thomas-3.html,louisiana-lafayette,2019-20
2,56,2,2019-11-10,Louisiana,@,Sam Houston State,REG (Non-Conf),L 73-77,*,10,0,5,.000,0,0,,0,5,.000,.000,2,2,1.000,0,3,3,2,0,0,3,1,2,-2.6,Jasmine Thomas,https://www.sports-reference.com/cbb/players/jasmine-thomas-3.html,louisiana-lafayette,2019-20
3,57,3,2019-11-14,Louisiana,,McNeese State,REG (Non-Conf),W 75-55,*,21,2,5,.400,1,3,.333,1,2,.500,.500,1,2,.500,0,0,0,5,1,0,0,1,6,7.0,Jasmine Thomas,https://www.sports-reference.com/cbb/players/jasmine-thomas-3.html,louisiana-lafayette,2019-20
4,58,4,2019-11-17,Louisiana,,Southeastern Louisiana,REG (Non-Conf),W 60-50,*,24,0,3,.000,0,2,.000,0,1,.000,.000,4,8,.500,0,3,3,0,2,0,0,0,4,3.2,Jasmine Thomas,https://www.sports-reference.com/cbb/players/jasmine-thomas-3.html,louisiana-lafayette,2019-20
5,59,5,2019-11-21,Louisiana,@,New Orleans,REG (Non-Conf),W 65-60,*,23,2,5,.400,1,2,.500,1,3,.333,.500,1,4,.250,1,3,4,0,2,0,2,3,6,2.5,Jasmine Thomas,https://www.sports-reference.com/cbb/players/jasmine-thomas-3.html,louisiana-lafayette,2019-20
6,60,6,2019-11-25,Louisiana,@,Lamar,REG (Non-Conf),W 74-63,*,26,4,7,.571,1,1,1.000,3,6,.500,.643,4,7,.571,2,6,8,2,3,0,2,2,13,13.3,Jasmine Thomas,https://www.sports-reference.com/cbb/players/jasmine-thomas-3.html,louisiana-lafayette,2019-20
7,61,7,2019-12-02,Louisiana,,Xavier (LA),REG (Non-Conf),W 62-49,*,18,2,4,.500,2,2,1.000,0,2,.000,.750,0,0,,0,0,0,1,1,1,0,2,6,5.6,Jasmine Thomas,https://www.sports-reference.com/cbb/players/jasmine-thomas-3.html,louisiana-lafayette,2019-20
8,62,8,2019-12-07,Louisiana,@,North Texas,REG (Non-Conf),L 66-69,*,14,0,3,.000,0,1,.000,0,2,.000,.000,0,0,,0,0,0,0,1,0,3,4,0,-5.7,Jasmine Thomas,https://www.sports-reference.com/cbb/players/jasmine-thomas-3.html,louisiana-lafayette,2019-20
9,63,9,2019-12-16,Louisiana,,Mississippi State,REG (Non-Conf),L 48-64,*,19,0,4,.000,0,1,.000,0,3,.000,.000,4,4,1.000,1,0,1,2,2,0,3,0,4,2.3,Jasmine Thomas,https://www.sports-reference.com/cbb/players/jasmine-thomas-3.html,louisiana-lafayette,2019-20
10,64,10,2019-12-20,Louisiana,@,Ole Miss,REG (Non-Conf),W 53-42,*,30,3,12,.250,1,4,.250,2,8,.250,.292,1,2,.500,1,3,4,3,1,0,2,0,8,3.1,Jasmine Thomas,https://www.sports-reference.com/cbb/players/jasmine-thomas-3.html,louisiana-lafayette,2019-20
11,65,11,2019-12-29,Louisiana,@,Jackson State,REG (Non-Conf),L 54-65,*,9,1,1,1.000,0,0,,1,1,1.000,1.000,0,0,,0,0,0,0,0,0,2,2,2,-1.1,Jasmine Thomas,https://www.sports-reference.com/cbb/players/jasmine-thomas-3.html,louisiana-lafayette,2019-20
12,66,25,2020-02-22,Louisiana,@,Louisiana–Monroe,REG (Conf),W 62-49,,2,0,0,,0,0,,0,0,,,0,0,,0,0,0,0,0,0,0,0,0,0.0,Jasmine Thomas,https://www.sports-reference.com/cbb/players/jasmine-thomas-3.html,louisiana-lafayette,2019-20
13,67,26,2020-02-27,Louisiana,@,Appalachian State,REG (Conf),W 57-51,,3,0,0,,0,0,,0,0,,,0,0,,0,1,1,0,0,0,2,0,0,-1.7,Jasmine Thomas,https://www.sports-reference.com/cbb/players/jasmine-thomas-3.html,louisiana-lafayette,2019-20
14,68,28,2020-03-05,Louisiana,,UT Arlington,REG (Conf),L 66-73,,24,3,7,.429,2,3,.667,1,4,.250,.571,0,2,.000,1,5,6,2,1,0,0,3,8,6.9,Jasmine Thomas,https://www.sports-reference.com/cbb/players/jasmine-thomas-3.html,louisiana-lafayette,2019-20
15,69,29,2020-03-07,Louisiana,,Texas State,REG (Conf),W 70-64,*,25,1,1,1.000,0,0,,1,1,1.000,1.000,0,0,,0,0,0,2,3,0,3,0,2,3.1,Jasmine Thomas,https://www.sports-reference.com/cbb/players/jasmine-thomas-3.html,louisiana-lafayette,2019-20
16,70,30,2020-03-10,Louisiana,,Georgia Southern,CTOURN,W 81-64,*,20,1,4,.250,1,4,.250,0,0,,.375,0,0,,0,2,2,2,0,0,2,4,3,-1.0,Jasmine Thomas,https://www.sports-reference.com/cbb/players/jasmine-thomas-3.html,louisiana-lafayette,2019-20
17,71,31,2020-03-11,Louisiana,,Little Rock,CTOURN,W 49-46,*,29,0,4,.000,0,0,,0,4,.000,.000,3,6,.500,3,6,9,1,1,0,1,3,3,2.4,Jasmine Thomas,https://www.sports-reference.com/cbb/players/jasmine-thomas-3.html,louisiana-lafayette,2019-20
