ranker,player_game_num_career,team_game_num_season,date,team_name_abbr,game_location,opp_name_abbr,game_type,game_result,is_starter,mp,fg,fga,fg_pct,fg3,fg3a,fg3_pct,fg2,fg2a,efg_pct,ft,fta,ft_pct,orb,drb,trb,ast,stl,blk,tov,pf,pts,game_score,player_name,player_sr_link,school,season
1,31,1,2019-11-07,Louisiana,,Loyola (LA),REG (Non-Conf),W 67-51,,1,0,0,,0,0,,0,0,,0,0,,0,0,0,1,0,0,0,0,0,0.7,Jazmyn Womack,https://www.sports-reference.com/cbb/players/jazmyn-womack-1.html,louisiana-lafayette,2019-20
2,32,7,2019-12-02,Louisiana,,Xavier (LA),REG (Non-Conf),W 62-49,,3,0,2,.000,0,2,.000,0,0,.000,2,2,1.000,1,1,2,0,0,0,0,0,2,1.6,Jazmyn Womack,https://www.sports-reference.com/cbb/players/jazmyn-womack-1.html,louisiana-lafayette,2019-20
3,33,9,2019-12-16,Louisiana,,Mississippi State,REG (Non-Conf),L 48-64,,2,0,0,,0,0,,0,0,,0,0,,0,1,1,0,0,0,0,0,0,0.3,Jazmyn Womack,https://www.sports-reference.com/cbb/players/jazmyn-womack-1.html,louisiana-lafayette,2019-20
4,34,11,2019-12-29,Louisiana,@,Jackson State,REG (Non-Conf),L 54-65,,1,0,1,.000,0,1,.000,0,0,.000,0,0,,0,0,0,0,0,0,0,0,0,-0.7,Jazmyn Womack,https://www.sports-reference.com/cbb/players/jazmyn-womack-1.html,louisiana-lafayette,2019-20
5,35,12,2020-01-02,Louisiana,@,Georgia State,REG (Conf),W 75-65,,1,0,0,,0,0,,0,0,,0,0,,0,0,0,0,0,0,0,0,0,0.0,Jazmyn Womack,https://www.sports-reference.com/cbb/players/jazmyn-womack-1.html,louisiana-lafayette,2019-20
6,36,13,2020-01-04,Louisiana,@,Georgia Southern,REG (Conf),L 67-83,,1,0,0,,0,0,,0,0,,0,0,,0,0,0,0,0,0,0,0,0,0.0,Jazmyn Womack,https://www.sports-reference.com/cbb/players/jazmyn-womack-1.html,louisiana-lafayette,2019-20
7,37,16,2020-01-16,Louisiana,@,UT Arlington,REG (Conf),L 52-79,,3,0,0,,0,0,,0,0,,0,0,,0,0,0,0,0,0,0,0,0,0.0,Jazmyn Womack,https://www.sports-reference.com/cbb/players/jazmyn-womack-1.html,louisiana-lafayette,2019-20
8,38,19,2020-01-25,Louisiana,,Louisiana–Monroe,REG (Conf),W 68-55,,2,0,1,.000,0,1,.000,0,0,.000,0,0,,0,0,0,0,0,0,0,0,0,-0.7,Jazmyn Womack,https://www.sports-reference.com/cbb/players/jazmyn-womack-1.html,louisiana-lafayette,2019-20
