ranker,player_game_num_career,team_game_num_season,date,team_name_abbr,game_location,opp_name_abbr,game_type,game_result,is_starter,mp,fg,fga,fg_pct,fg3,fg3a,fg3_pct,fg2,fg2a,fg2_pct,efg_pct,ft,fta,ft_pct,orb,drb,trb,ast,stl,blk,tov,pf,pts,game_score,player_name,player_sr_link,school,season
1,64,1,2019-11-07,Louisiana,,Loyola (LA),REG (Non-Conf),W 67-51,*,30,3,4,.750,0,0,,3,4,.750,.750,0,0,,1,2,3,2,0,0,2,1,6,4.7,Kimberly Burton,https://www.sports-reference.com/cbb/players/kimberly-burton-1.html,louisiana-lafayette,2019-20
2,65,2,2019-11-10,Louisiana,@,Sam Houston State,REG (Non-Conf),L 73-77,*,25,0,3,.000,0,0,,0,3,.000,.000,3,4,.750,2,1,3,0,1,0,0,3,3,2.0,Kimberly Burton,https://www.sports-reference.com/cbb/players/kimberly-burton-1.html,louisiana-lafayette,2019-20
3,66,3,2019-11-14,Louisiana,,McNeese State,REG (Non-Conf),W 75-55,*,17,2,4,.500,0,0,,2,4,.500,.500,0,0,,2,2,4,1,1,0,2,1,4,3.3,Kimberly Burton,https://www.sports-reference.com/cbb/players/kimberly-burton-1.html,louisiana-lafayette,2019-20
4,67,4,2019-11-17,Louisiana,,Southeastern Louisiana,REG (Non-Conf),W 60-50,*,24,1,5,.200,0,0,,1,5,.200,.200,0,4,.000,2,3,5,1,1,1,1,0,2,1.0,Kimberly Burton,https://www.sports-reference.com/cbb/players/kimberly-burton-1.html,louisiana-lafayette,2019-20
5,68,5,2019-11-21,Louisiana,@,New Orleans,REG (Non-Conf),W 65-60,*,25,1,4,.250,0,0,,1,4,.250,.250,0,0,,1,5,6,2,3,1,0,2,2,6.1,Kimberly Burton,https://www.sports-reference.com/cbb/players/kimberly-burton-1.html,louisiana-lafayette,2019-20
6,69,6,2019-11-25,Louisiana,@,Lamar,REG (Non-Conf),W 74-63,*,14,0,3,.000,0,0,,0,3,.000,.000,0,0,,2,1,3,1,0,1,1,2,0,-0.8,Kimberly Burton,https://www.sports-reference.com/cbb/players/kimberly-burton-1.html,louisiana-lafayette,2019-20
7,70,7,2019-12-02,Louisiana,,Xavier (LA),REG (Non-Conf),W 62-49,*,19,2,4,.500,0,0,,2,4,.500,.500,0,2,.000,1,2,3,0,0,1,0,0,4,3.2,Kimberly Burton,https://www.sports-reference.com/cbb/players/kimberly-burton-1.html,louisiana-lafayette,2019-20
8,71,8,2019-12-07,Louisiana,@,North Texas,REG (Non-Conf),L 66-69,*,23,4,5,.800,1,1,1.000,3,4,.750,.900,0,0,,0,1,1,2,0,0,1,1,9,7.4,Kimberly Burton,https://www.sports-reference.com/cbb/players/kimberly-burton-1.html,louisiana-lafayette,2019-20
9,72,9,2019-12-16,Louisiana,,Mississippi State,REG (Non-Conf),L 48-64,*,27,5,5,1.000,0,0,,5,5,1.000,1.000,0,0,,1,1,2,1,2,0,0,0,10,12.2,Kimberly Burton,https://www.sports-reference.com/cbb/players/kimberly-burton-1.html,louisiana-lafayette,2019-20
10,73,11,2019-12-29,Louisiana,@,Jackson State,REG (Non-Conf),L 54-65,*,20,3,6,.500,0,1,.000,3,5,.600,.500,5,8,.625,1,0,1,1,1,1,1,4,11,7.3,Kimberly Burton,https://www.sports-reference.com/cbb/players/kimberly-burton-1.html,louisiana-lafayette,2019-20
11,74,12,2020-01-02,Louisiana,@,Georgia State,REG (Conf),W 75-65,*,33,5,12,.417,0,0,,5,12,.417,.417,2,2,1.000,1,1,2,1,0,0,2,0,12,5.3,Kimberly Burton,https://www.sports-reference.com/cbb/players/kimberly-burton-1.html,louisiana-lafayette,2019-20
12,75,13,2020-01-04,Louisiana,@,Georgia Southern,REG (Conf),L 67-83,*,23,0,3,.000,0,0,,0,3,.000,.000,2,2,1.000,1,3,4,1,0,0,0,0,2,2.2,Kimberly Burton,https://www.sports-reference.com/cbb/players/kimberly-burton-1.html,louisiana-lafayette,2019-20
13,76,14,2020-01-09,Louisiana,,South Alabama,REG (Conf),W 73-68,*,22,5,14,.357,0,0,,5,14,.357,.357,2,4,.500,2,4,6,0,1,0,0,1,12,6.6,Kimberly Burton,https://www.sports-reference.com/cbb/players/kimberly-burton-1.html,louisiana-lafayette,2019-20
14,77,15,2020-01-11,Louisiana,@,Troy,REG (Conf),W 79-73,*,30,5,8,.625,1,1,1.000,4,7,.571,.688,4,4,1.000,1,4,5,1,0,2,1,3,15,13.2,Kimberly Burton,https://www.sports-reference.com/cbb/players/kimberly-burton-1.html,louisiana-lafayette,2019-20
15,78,16,2020-01-16,Louisiana,@,UT Arlington,REG (Conf),L 52-79,*,19,0,6,.000,0,0,,0,6,.000,.000,1,2,.500,0,1,1,1,1,0,0,3,1,-2.8,Kimberly Burton,https://www.sports-reference.com/cbb/players/kimberly-burton-1.html,louisiana-lafayette,2019-20
16,79,17,2020-01-18,Louisiana,@,Texas State,REG (Conf),W 73-67,*,23,3,7,.429,0,0,,3,7,.429,.429,2,2,1.000,0,1,1,0,1,0,2,3,8,2.4,Kimberly Burton,https://www.sports-reference.com/cbb/players/kimberly-burton-1.html,louisiana-lafayette,2019-20
17,80,18,2020-01-23,Louisiana,,Arkansas State,REG (Conf),W 83-43,*,21,3,5,.600,1,1,1.000,2,4,.500,.700,0,0,,0,2,2,3,2,1,2,1,7,7.7,Kimberly Burton,https://www.sports-reference.com/cbb/players/kimberly-burton-1.html,louisiana-lafayette,2019-20
18,81,19,2020-01-25,Louisiana,,Louisiana–Monroe,REG (Conf),W 68-55,*,22,2,8,.250,0,0,,2,8,.250,.250,0,0,,2,1,3,2,2,1,0,2,4,4.2,Kimberly Burton,https://www.sports-reference.com/cbb/players/kimberly-burton-1.html,louisiana-lafayette,2019-20
19,82,20,2020-02-01,Louisiana,,Little Rock,REG (Conf),L 44-59,*,15,0,4,.000,0,0,,0,4,.000,.000,0,0,,0,1,1,1,0,0,2,2,0,-4.6,Kimberly Burton,https://www.sports-reference.com/cbb/players/kimberly-burton-1.html,louisiana-lafayette,2019-20
20,83,21,2020-02-06,Louisiana,@,South Alabama,REG (Conf),L 63-78,*,21,3,6,.500,0,0,,3,6,.500,.500,3,4,.750,1,3,4,1,2,0,2,1,9,7.5,Kimberly Burton,https://www.sports-reference.com/cbb/players/kimberly-burton-1.html,louisiana-lafayette,2019-20
21,84,22,2020-02-08,Louisiana,,Troy,REG (Conf),L 64-67,*,21,3,6,.500,0,0,,3,6,.500,.500,0,0,,2,0,2,0,1,0,1,1,6,4.0,Kimberly Burton,https://www.sports-reference.com/cbb/players/kimberly-burton-1.html,louisiana-lafayette,2019-20
22,85,23,2020-02-13,Louisiana,,Georgia State,REG (Conf),L 53-61,*,23,1,8,.125,0,0,,1,8,.125,.125,0,0,,0,4,4,0,0,1,0,0,2,-1.3,Kimberly Burton,https://www.sports-reference.com/cbb/players/kimberly-burton-1.html,louisiana-lafayette,2019-20
23,86,24,2020-02-15,Louisiana,,Georgia Southern,REG (Conf),W 72-60,*,26,5,10,.500,0,0,,5,10,.500,.500,1,2,.500,2,4,6,0,3,0,0,2,11,10.4,Kimberly Burton,https://www.sports-reference.com/cbb/players/kimberly-burton-1.html,louisiana-lafayette,2019-20
24,87,25,2020-02-22,Louisiana,@,Louisiana–Monroe,REG (Conf),W 62-49,*,30,9,11,.818,0,0,,9,11,.818,.818,1,1,1.000,1,4,5,2,2,0,1,2,19,18.4,Kimberly Burton,https://www.sports-reference.com/cbb/players/kimberly-burton-1.html,louisiana-lafayette,2019-20
25,88,26,2020-02-27,Louisiana,@,Appalachian State,REG (Conf),W 57-51,*,30,2,5,.400,0,0,,2,5,.400,.400,0,0,,2,9,11,1,1,1,1,3,4,5.6,Kimberly Burton,https://www.sports-reference.com/cbb/players/kimberly-burton-1.html,louisiana-lafayette,2019-20
26,89,27,2020-02-29,Louisiana,@,Coastal Carolina,REG (Conf),L 74-83,*,38,6,8,.750,0,0,,6,8,.750,.750,0,0,,1,0,1,2,1,0,0,3,12,10.7,Kimberly Burton,https://www.sports-reference.com/cbb/players/kimberly-burton-1.html,louisiana-lafayette,2019-20
27,90,28,2020-03-05,Louisiana,,UT Arlington,REG (Conf),L 66-73,*,5,2,3,.667,0,0,,2,3,.667,.667,0,0,,1,0,1,0,0,0,1,1,4,2.0,Kimberly Burton,https://www.sports-reference.com/cbb/players/kimberly-burton-1.html,louisiana-lafayette,2019-20
28,91,29,2020-03-07,Louisiana,,Texas State,REG (Conf),W 70-64,,23,4,6,.667,2,2,1.000,2,4,.500,.833,5,6,.833,2,2,4,0,0,0,2,1,15,11.6,Kimberly Burton,https://www.sports-reference.com/cbb/players/kimberly-burton-1.html,louisiana-lafayette,2019-20
29,92,30,2020-03-10,Louisiana,,Georgia Southern,CTOURN,W 81-64,*,30,3,6,.500,0,0,,3,6,.500,.500,3,4,.750,0,6,6,0,1,0,1,1,9,7.0,Kimberly Burton,https://www.sports-reference.com/cbb/players/kimberly-burton-1.html,louisiana-lafayette,2019-20
30,93,31,2020-03-11,Louisiana,,Little Rock,CTOURN,W 49-46,*,31,1,6,.167,0,0,,1,6,.167,.167,1,2,.500,0,4,4,0,3,0,0,1,3,2.6,Kimberly Burton,https://www.sports-reference.com/cbb/players/kimberly-burton-1.html,louisiana-lafayette,2019-20
