ranker,player_game_num_career,team_game_num_season,date,team_name_abbr,game_location,opp_name_abbr,game_type,game_result,is_starter,mp,fg,fga,fg_pct,fg3,fg3a,fg2,fg2a,fg2_pct,efg_pct,ft,fta,ft_pct,orb,drb,trb,ast,stl,blk,tov,pf,pts,game_score,player_name,player_sr_link,school,season
1,24,1,2019-11-07,Louisiana,,Loyola (LA),REG (Non-Conf),W 67-51,,5,0,0,,0,0,0,0,,,0,0,,0,2,2,0,0,0,0,0,0,0.6,Kristen Daniels,https://www.sports-reference.com/cbb/players/kristen-daniels-1.html,louisiana-lafayette,2019-20
2,25,3,2019-11-14,Louisiana,,McNeese State,REG (Non-Conf),W 75-55,,5,0,0,,0,0,0,0,,,0,0,,1,0,1,0,0,0,0,1,0,0.3,Kristen Daniels,https://www.sports-reference.com/cbb/players/kristen-daniels-1.html,louisiana-lafayette,2019-20
3,26,7,2019-12-02,Louisiana,,Xavier (LA),REG (Non-Conf),W 62-49,,10,1,2,.500,0,0,1,2,.500,.500,0,0,,3,4,7,0,1,1,1,4,2,3.4,Kristen Daniels,https://www.sports-reference.com/cbb/players/kristen-daniels-1.html,louisiana-lafayette,2019-20
4,27,9,2019-12-16,Louisiana,,Mississippi State,REG (Non-Conf),L 48-64,,13,0,0,,0,0,0,0,,,4,6,.667,1,0,1,1,0,0,0,1,4,4.2,Kristen Daniels,https://www.sports-reference.com/cbb/players/kristen-daniels-1.html,louisiana-lafayette,2019-20
5,28,10,2019-12-20,Louisiana,@,Ole Miss,REG (Non-Conf),W 53-42,,7,0,1,.000,0,0,0,1,.000,.000,3,4,.750,0,1,1,0,0,0,0,0,3,2.2,Kristen Daniels,https://www.sports-reference.com/cbb/players/kristen-daniels-1.html,louisiana-lafayette,2019-20
6,29,11,2019-12-29,Louisiana,@,Jackson State,REG (Non-Conf),L 54-65,,26,1,4,.250,0,0,1,4,.250,.250,0,2,.000,2,6,8,2,2,0,2,3,2,2.2,Kristen Daniels,https://www.sports-reference.com/cbb/players/kristen-daniels-1.html,louisiana-lafayette,2019-20
7,30,12,2020-01-02,Louisiana,@,Georgia State,REG (Conf),W 75-65,*,16,3,3,1.000,0,0,3,3,1.000,1.000,0,1,.000,0,0,0,3,1,0,1,4,6,5.2,Kristen Daniels,https://www.sports-reference.com/cbb/players/kristen-daniels-1.html,louisiana-lafayette,2019-20
8,31,13,2020-01-04,Louisiana,@,Georgia Southern,REG (Conf),L 67-83,*,15,0,0,,0,0,0,0,,,4,6,.667,2,1,3,0,1,0,1,2,4,4.1,Kristen Daniels,https://www.sports-reference.com/cbb/players/kristen-daniels-1.html,louisiana-lafayette,2019-20
9,32,14,2020-01-09,Louisiana,,South Alabama,REG (Conf),W 73-68,,6,1,2,.500,0,0,1,2,.500,.500,2,2,1.000,1,0,1,1,0,0,1,2,4,2.6,Kristen Daniels,https://www.sports-reference.com/cbb/players/kristen-daniels-1.html,louisiana-lafayette,2019-20
10,33,15,2020-01-11,Louisiana,@,Troy,REG (Conf),W 79-73,,10,1,2,.500,0,0,1,2,.500,.500,0,0,,2,0,2,1,0,0,2,1,2,0.7,Kristen Daniels,https://www.sports-reference.com/cbb/players/kristen-daniels-1.html,louisiana-lafayette,2019-20
11,34,16,2020-01-16,Louisiana,@,UT Arlington,REG (Conf),L 52-79,,7,0,0,,0,0,0,0,,,0,0,,0,2,2,2,0,0,1,3,0,-0.2,Kristen Daniels,https://www.sports-reference.com/cbb/players/kristen-daniels-1.html,louisiana-lafayette,2019-20
12,35,17,2020-01-18,Louisiana,@,Texas State,REG (Conf),W 73-67,,8,0,2,.000,0,0,0,2,.000,.000,0,0,,4,2,6,0,0,0,0,0,0,2.0,Kristen Daniels,https://www.sports-reference.com/cbb/players/kristen-daniels-1.html,louisiana-lafayette,2019-20
13,36,18,2020-01-23,Louisiana,,Arkansas State,REG (Conf),W 83-43,,12,1,2,.500,0,0,1,2,.500,.500,1,1,1.000,2,4,6,2,0,0,0,2,3,5.2,Kristen Daniels,https://www.sports-reference.com/cbb/players/kristen-daniels-1.html,louisiana-lafayette,2019-20
14,37,19,2020-01-25,Louisiana,,Louisiana–Monroe,REG (Conf),W 68-55,,4,1,1,1.000,0,0,1,1,1.000,1.000,3,4,.750,0,0,0,0,0,0,0,1,5,3.9,Kristen Daniels,https://www.sports-reference.com/cbb/players/kristen-daniels-1.html,louisiana-lafayette,2019-20
15,38,20,2020-02-01,Louisiana,,Little Rock,REG (Conf),L 44-59,,13,1,3,.333,0,0,1,3,.333,.333,0,0,,1,2,3,1,0,0,1,2,2,0.5,Kristen Daniels,https://www.sports-reference.com/cbb/players/kristen-daniels-1.html,louisiana-lafayette,2019-20
16,39,21,2020-02-06,Louisiana,@,South Alabama,REG (Conf),L 63-78,,9,1,3,.333,0,0,1,3,.333,.333,0,0,,0,4,4,0,0,0,0,0,2,1.5,Kristen Daniels,https://www.sports-reference.com/cbb/players/kristen-daniels-1.html,louisiana-lafayette,2019-20
17,40,22,2020-02-08,Louisiana,,Troy,REG (Conf),L 64-67,,1,0,0,,0,0,0,0,,,0,0,,0,1,1,0,0,0,0,1,0,-0.1,Kristen Daniels,https://www.sports-reference.com/cbb/players/kristen-daniels-1.html,louisiana-lafayette,2019-20
18,41,23,2020-02-13,Louisiana,,Georgia State,REG (Conf),L 53-61,,3,0,0,,0,0,0,0,,,0,0,,0,0,0,0,0,0,0,1,0,-0.4,Kristen Daniels,https://www.sports-reference.com/cbb/players/kristen-daniels-1.html,louisiana-lafayette,2019-20
19,42,24,2020-02-15,Louisiana,,Georgia Southern,REG (Conf),W 72-60,,7,0,0,,0,0,0,0,,,0,0,,1,0,1,0,1,0,0,0,0,1.7,Kristen Daniels,https://www.sports-reference.com/cbb/players/kristen-daniels-1.html,louisiana-lafayette,2019-20
20,43,25,2020-02-22,Louisiana,@,Louisiana–Monroe,REG (Conf),W 62-49,,1,0,0,,0,0,0,0,,,0,0,,0,0,0,0,0,0,1,0,0,-1.0,Kristen Daniels,https://www.sports-reference.com/cbb/players/kristen-daniels-1.html,louisiana-lafayette,2019-20
21,44,26,2020-02-27,Louisiana,@,Appalachian State,REG (Conf),W 57-51,,2,0,1,.000,0,0,0,1,.000,.000,0,0,,2,0,2,0,0,0,0,0,0,0.7,Kristen Daniels,https://www.sports-reference.com/cbb/players/kristen-daniels-1.html,louisiana-lafayette,2019-20
22,45,30,2020-03-10,Louisiana,,Georgia Southern,CTOURN,W 81-64,,1,0,0,,0,0,0,0,,,0,0,,0,0,0,0,0,0,0,1,0,-0.4,Kristen Daniels,https://www.sports-reference.com/cbb/players/kristen-daniels-1.html,louisiana-lafayette,2019-20
