ranker,player_game_num_career,team_game_num_season,date,team_name_abbr,game_location,opp_name_abbr,game_type,game_result,is_starter,mp,fg,fga,fg_pct,fg3,fg3a,fg3_pct,fg2,fg2a,fg2_pct,efg_pct,ft,fta,ft_pct,orb,drb,trb,ast,stl,blk,tov,pf,pts,game_score,player_name,player_sr_link,school,season
1,54,1,2019-11-07,Louisiana,,Loyola (LA),REG (Non-Conf),W 67-51,*,17,3,8,.375,2,4,.500,1,4,.250,.500,4,4,1.000,0,2,2,1,0,0,0,0,12,8.9,Skyler Goodwin,https://www.sports-reference.com/cbb/players/skyler-goodwin-1.html,louisiana-lafayette,2019-20
2,55,2,2019-11-10,Louisiana,@,Sam Houston State,REG (Non-Conf),L 73-77,*,33,3,8,.375,0,2,.000,3,6,.500,.375,2,2,1.000,1,3,4,0,4,0,4,5,8,3.2,Skyler Goodwin,https://www.sports-reference.com/cbb/players/skyler-goodwin-1.html,louisiana-lafayette,2019-20
3,56,3,2019-11-14,Louisiana,,McNeese State,REG (Non-Conf),W 75-55,*,24,4,9,.444,1,1,1.000,3,8,.375,.500,0,0,,1,2,3,3,1,0,1,1,9,7.3,Skyler Goodwin,https://www.sports-reference.com/cbb/players/skyler-goodwin-1.html,louisiana-lafayette,2019-20
4,57,4,2019-11-17,Louisiana,,Southeastern Louisiana,REG (Non-Conf),W 60-50,*,25,3,9,.333,0,2,.000,3,7,.429,.333,3,3,1.000,1,2,3,0,0,0,1,1,9,3.8,Skyler Goodwin,https://www.sports-reference.com/cbb/players/skyler-goodwin-1.html,louisiana-lafayette,2019-20
5,58,5,2019-11-21,Louisiana,@,New Orleans,REG (Non-Conf),W 65-60,*,24,2,8,.250,0,1,.000,2,7,.286,.250,0,0,,1,4,5,0,0,1,2,2,4,-1.0,Skyler Goodwin,https://www.sports-reference.com/cbb/players/skyler-goodwin-1.html,louisiana-lafayette,2019-20
6,59,6,2019-11-25,Louisiana,@,Lamar,REG (Non-Conf),W 74-63,*,28,4,9,.444,0,1,.000,4,8,.500,.444,1,2,.500,1,2,3,2,2,0,1,0,9,7.6,Skyler Goodwin,https://www.sports-reference.com/cbb/players/skyler-goodwin-1.html,louisiana-lafayette,2019-20
7,60,7,2019-12-02,Louisiana,,Xavier (LA),REG (Non-Conf),W 62-49,*,27,3,12,.250,0,4,.000,3,8,.375,.250,0,0,,3,3,6,2,2,0,2,0,6,3.2,Skyler Goodwin,https://www.sports-reference.com/cbb/players/skyler-goodwin-1.html,louisiana-lafayette,2019-20
8,61,8,2019-12-07,Louisiana,@,North Texas,REG (Non-Conf),L 66-69,*,18,1,4,.250,0,2,.000,1,2,.500,.250,1,4,.250,0,4,4,0,0,0,1,1,3,-0.8,Skyler Goodwin,https://www.sports-reference.com/cbb/players/skyler-goodwin-1.html,louisiana-lafayette,2019-20
9,62,9,2019-12-16,Louisiana,,Mississippi State,REG (Non-Conf),L 48-64,*,25,3,12,.250,1,1,1.000,2,11,.182,.292,0,0,,1,2,3,0,2,0,0,1,7,2.7,Skyler Goodwin,https://www.sports-reference.com/cbb/players/skyler-goodwin-1.html,louisiana-lafayette,2019-20
10,63,10,2019-12-20,Louisiana,@,Ole Miss,REG (Non-Conf),W 53-42,*,32,2,12,.167,0,2,.000,2,10,.200,.167,4,4,1.000,2,5,7,1,0,0,2,2,8,1.2,Skyler Goodwin,https://www.sports-reference.com/cbb/players/skyler-goodwin-1.html,louisiana-lafayette,2019-20
11,64,12,2020-01-02,Louisiana,@,Georgia State,REG (Conf),W 75-65,*,31,4,9,.444,2,3,.667,2,6,.333,.556,1,2,.500,2,0,2,2,2,0,2,3,11,7.5,Skyler Goodwin,https://www.sports-reference.com/cbb/players/skyler-goodwin-1.html,louisiana-lafayette,2019-20
12,65,13,2020-01-04,Louisiana,@,Georgia Southern,REG (Conf),L 67-83,*,27,4,8,.500,0,1,.000,4,7,.571,.500,0,0,,0,3,3,3,1,0,4,4,8,2.4,Skyler Goodwin,https://www.sports-reference.com/cbb/players/skyler-goodwin-1.html,louisiana-lafayette,2019-20
13,66,14,2020-01-09,Louisiana,,South Alabama,REG (Conf),W 73-68,*,31,4,13,.308,2,4,.500,2,9,.222,.385,7,7,1.000,3,2,5,3,1,0,1,2,17,13.5,Skyler Goodwin,https://www.sports-reference.com/cbb/players/skyler-goodwin-1.html,louisiana-lafayette,2019-20
14,67,15,2020-01-11,Louisiana,@,Troy,REG (Conf),W 79-73,*,29,4,11,.364,0,2,.000,4,9,.444,.364,2,2,1.000,2,4,6,2,1,0,2,1,10,6.5,Skyler Goodwin,https://www.sports-reference.com/cbb/players/skyler-goodwin-1.html,louisiana-lafayette,2019-20
15,68,16,2020-01-16,Louisiana,@,UT Arlington,REG (Conf),L 52-79,*,24,1,5,.200,1,1,1.000,0,4,.000,.300,2,2,1.000,1,1,2,0,2,0,0,0,5,4.9,Skyler Goodwin,https://www.sports-reference.com/cbb/players/skyler-goodwin-1.html,louisiana-lafayette,2019-20
16,69,17,2020-01-18,Louisiana,@,Texas State,REG (Conf),W 73-67,*,33,6,10,.600,1,4,.250,5,6,.833,.650,7,8,.875,1,5,6,0,1,0,4,0,20,14.2,Skyler Goodwin,https://www.sports-reference.com/cbb/players/skyler-goodwin-1.html,louisiana-lafayette,2019-20
17,70,18,2020-01-23,Louisiana,,Arkansas State,REG (Conf),W 83-43,*,19,3,5,.600,1,2,.500,2,3,.667,.700,1,1,1.000,2,1,3,0,0,0,0,1,8,7.0,Skyler Goodwin,https://www.sports-reference.com/cbb/players/skyler-goodwin-1.html,louisiana-lafayette,2019-20
18,71,19,2020-01-25,Louisiana,,Louisiana–Monroe,REG (Conf),W 68-55,*,26,2,8,.250,1,3,.333,1,5,.200,.313,3,3,1.000,1,2,3,1,3,0,0,0,8,8.2,Skyler Goodwin,https://www.sports-reference.com/cbb/players/skyler-goodwin-1.html,louisiana-lafayette,2019-20
19,72,20,2020-02-01,Louisiana,,Little Rock,REG (Conf),L 44-59,*,29,3,9,.333,0,0,,3,9,.333,.333,0,0,,2,1,3,0,0,0,0,1,6,2.2,Skyler Goodwin,https://www.sports-reference.com/cbb/players/skyler-goodwin-1.html,louisiana-lafayette,2019-20
20,73,21,2020-02-06,Louisiana,@,South Alabama,REG (Conf),L 63-78,*,26,1,5,.200,0,1,.000,1,4,.250,.200,2,2,1.000,0,4,4,0,2,0,1,0,4,3.1,Skyler Goodwin,https://www.sports-reference.com/cbb/players/skyler-goodwin-1.html,louisiana-lafayette,2019-20
21,74,22,2020-02-08,Louisiana,,Troy,REG (Conf),L 64-67,*,30,2,11,.182,1,6,.167,1,5,.200,.227,3,4,.750,1,6,7,4,3,0,0,2,8,8.2,Skyler Goodwin,https://www.sports-reference.com/cbb/players/skyler-goodwin-1.html,louisiana-lafayette,2019-20
22,75,23,2020-02-13,Louisiana,,Georgia State,REG (Conf),L 53-61,*,32,3,5,.600,1,2,.500,2,3,.667,.700,4,4,1.000,1,4,5,1,0,0,1,0,11,10.3,Skyler Goodwin,https://www.sports-reference.com/cbb/players/skyler-goodwin-1.html,louisiana-lafayette,2019-20
23,76,24,2020-02-15,Louisiana,,Georgia Southern,REG (Conf),W 72-60,*,31,4,10,.400,1,4,.250,3,6,.500,.450,2,6,.333,4,7,11,1,2,0,5,1,11,6.2,Skyler Goodwin,https://www.sports-reference.com/cbb/players/skyler-goodwin-1.html,louisiana-lafayette,2019-20
24,77,25,2020-02-22,Louisiana,@,Louisiana–Monroe,REG (Conf),W 62-49,*,35,1,9,.111,0,3,.000,1,6,.167,.111,4,4,1.000,2,4,6,1,2,1,0,2,6,5.3,Skyler Goodwin,https://www.sports-reference.com/cbb/players/skyler-goodwin-1.html,louisiana-lafayette,2019-20
25,78,26,2020-02-27,Louisiana,@,Appalachian State,REG (Conf),W 57-51,,14,0,2,.000,0,1,.000,0,1,.000,.000,0,0,,0,0,0,0,0,0,0,0,0,-1.4,Skyler Goodwin,https://www.sports-reference.com/cbb/players/skyler-goodwin-1.html,louisiana-lafayette,2019-20
26,79,27,2020-02-29,Louisiana,@,Coastal Carolina,REG (Conf),L 74-83,,13,1,6,.167,0,2,.000,1,4,.250,.167,0,0,,1,0,1,1,0,0,0,2,2,-1.2,Skyler Goodwin,https://www.sports-reference.com/cbb/players/skyler-goodwin-1.html,louisiana-lafayette,2019-20
27,80,28,2020-03-05,Louisiana,,UT Arlington,REG (Conf),L 66-73,,24,2,7,.286,1,2,.500,1,5,.200,.357,8,8,1.000,0,2,2,2,0,0,1,4,13,8.3,Skyler Goodwin,https://www.sports-reference.com/cbb/players/skyler-goodwin-1.html,louisiana-lafayette,2019-20
28,81,29,2020-03-07,Louisiana,,Texas State,REG (Conf),W 70-64,,25,5,9,.556,1,2,.500,4,7,.571,.611,6,6,1.000,2,3,5,0,1,0,0,0,17,16.0,Skyler Goodwin,https://www.sports-reference.com/cbb/players/skyler-goodwin-1.html,louisiana-lafayette,2019-20
29,82,30,2020-03-10,Louisiana,,Georgia Southern,CTOURN,W 81-64,,25,3,8,.375,1,3,.333,2,5,.400,.438,3,4,.750,2,3,5,4,1,0,1,1,10,9.9,Skyler Goodwin,https://www.sports-reference.com/cbb/players/skyler-goodwin-1.html,louisiana-lafayette,2019-20
30,83,31,2020-03-11,Louisiana,,Little Rock,CTOURN,W 49-46,,26,3,4,.750,1,1,1.000,2,3,.667,.875,4,4,1.000,0,2,2,1,0,0,1,4,11,8.1,Skyler Goodwin,https://www.sports-reference.com/cbb/players/skyler-goodwin-1.html,louisiana-lafayette,2019-20
