ranker,player_game_num_career,team_game_num_season,date,team_name_abbr,game_location,opp_name_abbr,game_type,game_result,is_starter,mp,fg,fga,fg_pct,fg3,fg3a,fg3_pct,fg2,fg2a,fg2_pct,efg_pct,ft,fta,ft_pct,orb,drb,trb,ast,stl,blk,tov,pf,pts,game_score,player_name,player_sr_link,school,season
1,116,1,2021-11-11,Gonzaga,,Montana State,REG (Non-Conf),W 72-47,*,22,1,3,.333,0,2,.000,1,1,1.000,.333,1,2,.500,1,8,9,2,2,1,1,0,3,7.1,Abby O'Connor,https://www.sports-reference.com/cbb/players/abby-oconnor-1.html,gonzaga,2021-22
2,117,2,2021-11-14,Gonzaga,@,Montana,REG (Non-Conf),W 67-60,*,31,1,5,.200,0,1,.000,1,4,.250,.200,0,0,,1,0,1,2,1,0,1,1,2,0.6,Abby O'Connor,https://www.sports-reference.com/cbb/players/abby-oconnor-1.html,gonzaga,2021-22
3,118,3,2021-11-18,Gonzaga,,Idaho State,REG (Non-Conf),W 69-39,*,21,2,5,.400,0,3,.000,2,2,1.000,.400,2,6,.333,2,3,5,1,1,0,1,1,6,4.3,Abby O'Connor,https://www.sports-reference.com/cbb/players/abby-oconnor-1.html,gonzaga,2021-22
4,119,4,2021-11-21,Gonzaga,,Stanford,REG (Non-Conf),L 62-66,*,29,0,6,.000,0,4,.000,0,2,.000,.000,1,2,.500,0,3,3,1,1,0,2,3,1,-4.2,Abby O'Connor,https://www.sports-reference.com/cbb/players/abby-oconnor-1.html,gonzaga,2021-22
5,120,5,2021-11-26,Gonzaga,@,Utah,REG (Non-Conf),W 89-71,*,23,9,11,.818,3,4,.750,6,7,.857,.955,0,0,,2,2,4,2,0,0,1,2,21,18.5,Abby O'Connor,https://www.sports-reference.com/cbb/players/abby-oconnor-1.html,gonzaga,2021-22
6,121,6,2021-11-27,Gonzaga,,Eastern Illinois,REG (Non-Conf),W 74-53,*,23,4,8,.500,1,3,.333,3,5,.600,.563,0,0,,2,3,5,1,1,1,1,1,9,8.3,Abby O'Connor,https://www.sports-reference.com/cbb/players/abby-oconnor-1.html,gonzaga,2021-22
7,122,7,2021-11-28,Gonzaga,@,Hawaii,REG (Non-Conf),W 68-49,*,27,5,7,.714,3,4,.750,2,3,.667,.929,1,2,.500,0,4,4,0,1,0,0,0,14,12.9,Abby O'Connor,https://www.sports-reference.com/cbb/players/abby-oconnor-1.html,gonzaga,2021-22
8,123,8,2021-12-03,Gonzaga,,Wyoming,REG (Non-Conf),W 54-47,*,26,3,4,.750,1,1,1.000,2,3,.667,.875,2,2,1.000,1,1,2,0,2,1,1,0,9,10.1,Abby O'Connor,https://www.sports-reference.com/cbb/players/abby-oconnor-1.html,gonzaga,2021-22
9,124,9,2021-12-08,Gonzaga,,Washington State,REG (Non-Conf),L 49-51,*,25,2,5,.400,0,1,.000,2,4,.500,.400,0,0,,1,4,5,0,1,0,2,3,4,1.0,Abby O'Connor,https://www.sports-reference.com/cbb/players/abby-oconnor-1.html,gonzaga,2021-22
10,125,10,2021-12-12,Gonzaga,,Stephen F. Austin,REG (Non-Conf),W 64-54,*,34,1,6,.167,1,3,.333,0,3,.000,.250,3,4,.750,2,7,9,4,1,0,1,2,6,7.3,Abby O'Connor,https://www.sports-reference.com/cbb/players/abby-oconnor-1.html,gonzaga,2021-22
11,126,11,2021-12-19,Gonzaga,@,UC Davis,REG (Non-Conf),L 66-69,*,33,4,6,.667,0,1,.000,4,5,.800,.667,0,0,,3,4,7,0,3,0,1,2,8,9.9,Abby O'Connor,https://www.sports-reference.com/cbb/players/abby-oconnor-1.html,gonzaga,2021-22
12,127,12,2021-12-21,Gonzaga,@,Eastern Washington,REG (Non-Conf),W 76-48,*,21,4,9,.444,1,3,.333,3,6,.500,.500,0,0,,0,6,6,1,1,1,0,0,9,8.5,Abby O'Connor,https://www.sports-reference.com/cbb/players/abby-oconnor-1.html,gonzaga,2021-22
13,128,13,2022-01-06,Gonzaga,@,Portland,REG (Conf),W 76-65,,25,2,4,.500,0,1,.000,2,3,.667,.500,0,2,.000,1,5,6,0,0,0,1,3,4,1.2,Abby O'Connor,https://www.sports-reference.com/cbb/players/abby-oconnor-1.html,gonzaga,2021-22
14,129,14,2022-01-09,Gonzaga,@,Stanford,REG (Non-Conf),L 50-66,*,25,2,6,.333,0,2,.000,2,4,.500,.333,1,2,.500,1,3,4,0,0,0,0,2,5,2.0,Abby O'Connor,https://www.sports-reference.com/cbb/players/abby-oconnor-1.html,gonzaga,2021-22
15,130,15,2022-01-13,Gonzaga,@,Pacific,REG (Conf),W 92-51,*,18,3,7,.429,2,4,.500,1,3,.333,.571,0,0,,0,2,2,1,1,0,1,2,8,4.8,Abby O'Connor,https://www.sports-reference.com/cbb/players/abby-oconnor-1.html,gonzaga,2021-22
16,131,16,2022-01-15,Gonzaga,,San Diego,REG (Conf),W 76-66,*,27,3,5,.600,0,1,.000,3,4,.750,.600,2,2,1.000,3,1,4,1,2,0,1,2,8,9.0,Abby O'Connor,https://www.sports-reference.com/cbb/players/abby-oconnor-1.html,gonzaga,2021-22
17,132,17,2022-01-20,Gonzaga,,Portland,REG (Conf),W 68-59,*,33,2,6,.333,1,2,.500,1,4,.250,.417,0,0,,2,5,7,0,0,0,0,0,5,4.5,Abby O'Connor,https://www.sports-reference.com/cbb/players/abby-oconnor-1.html,gonzaga,2021-22
18,133,18,2022-01-22,Gonzaga,@,St. Mary's (CA),REG (Conf),W 66-53,*,28,3,8,.375,0,1,.000,3,7,.429,.375,0,0,,2,2,4,0,0,0,1,0,6,2.6,Abby O'Connor,https://www.sports-reference.com/cbb/players/abby-oconnor-1.html,gonzaga,2021-22
19,134,19,2022-01-27,Gonzaga,@,Pepperdine,REG (Conf),W 66-54,*,16,2,4,.500,0,1,.000,2,3,.667,.500,3,4,.750,0,2,2,1,0,0,0,2,7,5.1,Abby O'Connor,https://www.sports-reference.com/cbb/players/abby-oconnor-1.html,gonzaga,2021-22
20,135,20,2022-01-29,Gonzaga,@,San Diego,REG (Conf),W 69-43,*,25,0,4,.000,0,2,.000,0,2,.000,.000,0,0,,1,2,3,3,1,0,5,2,0,-4.2,Abby O'Connor,https://www.sports-reference.com/cbb/players/abby-oconnor-1.html,gonzaga,2021-22
21,136,21,2022-02-03,Gonzaga,,Pacific,REG (Conf),W 79-38,*,22,4,8,.500,2,4,.500,2,4,.500,.625,0,0,,1,2,3,2,0,0,2,1,10,6.3,Abby O'Connor,https://www.sports-reference.com/cbb/players/abby-oconnor-1.html,gonzaga,2021-22
22,137,22,2022-02-05,Gonzaga,,Brigham Young,REG (Conf),L 50-62,*,28,1,5,.200,0,2,.000,1,3,.333,.200,0,0,,2,4,6,0,3,0,1,0,2,3.5,Abby O'Connor,https://www.sports-reference.com/cbb/players/abby-oconnor-1.html,gonzaga,2021-22
23,138,23,2022-02-07,Gonzaga,,San Francisco,REG (Conf),W 55-49,*,24,0,7,.000,0,6,.000,0,1,.000,.000,0,0,,1,1,2,0,2,0,2,1,0,-4.3,Abby O'Connor,https://www.sports-reference.com/cbb/players/abby-oconnor-1.html,gonzaga,2021-22
24,139,24,2022-02-10,Gonzaga,@,Santa Clara,REG (Conf),W 72-55,*,29,4,8,.500,1,2,.500,3,6,.500,.563,0,0,,2,3,5,2,2,0,0,0,9,10.7,Abby O'Connor,https://www.sports-reference.com/cbb/players/abby-oconnor-1.html,gonzaga,2021-22
25,140,25,2022-02-12,Gonzaga,@,San Francisco,REG (Conf),W 83-82,*,27,3,9,.333,1,5,.200,2,4,.500,.389,5,6,.833,2,2,4,1,2,0,0,2,12,10.4,Abby O'Connor,https://www.sports-reference.com/cbb/players/abby-oconnor-1.html,gonzaga,2021-22
26,141,26,2022-02-17,Gonzaga,,St. Mary's (CA),REG (Conf),W 85-49,*,21,1,4,.250,0,1,.000,1,3,.333,.250,0,0,,1,1,2,1,4,0,1,0,2,4.3,Abby O'Connor,https://www.sports-reference.com/cbb/players/abby-oconnor-1.html,gonzaga,2021-22
27,142,27,2022-02-19,Gonzaga,@,Brigham Young,REG (Conf),L 39-63,*,26,0,7,.000,0,2,.000,0,5,.000,.000,1,2,.500,1,5,6,0,0,0,2,2,1,-4.9,Abby O'Connor,https://www.sports-reference.com/cbb/players/abby-oconnor-1.html,gonzaga,2021-22
28,143,28,2022-02-21,Gonzaga,,Santa Clara,REG (Conf),W 74-58,*,22,1,5,.200,0,3,.000,1,2,.500,.200,0,0,,0,3,3,1,1,0,1,2,2,-0.3,Abby O'Connor,https://www.sports-reference.com/cbb/players/abby-oconnor-1.html,gonzaga,2021-22
29,144,29,2022-02-24,Gonzaga,,Pepperdine,REG (Conf),W 85-41,*,21,4,5,.800,2,2,1.000,2,3,.667,1.000,0,0,,1,5,6,1,3,0,0,0,10,14.0,Abby O'Connor,https://www.sports-reference.com/cbb/players/abby-oconnor-1.html,gonzaga,2021-22
30,145,30,2022-02-26,Gonzaga,,Loyola Marymount,REG (Conf),W 83-62,*,22,2,7,.286,1,4,.250,1,3,.333,.357,2,2,1.000,2,2,4,5,1,0,3,2,7,5.6,Abby O'Connor,https://www.sports-reference.com/cbb/players/abby-oconnor-1.html,gonzaga,2021-22
31,146,31,2022-03-07,Gonzaga,,San Francisco,CTOURN,W 69-55,*,28,4,7,.571,3,6,.500,1,1,1.000,.786,0,0,,1,4,5,0,0,0,0,5,11,7.6,Abby O'Connor,https://www.sports-reference.com/cbb/players/abby-oconnor-1.html,gonzaga,2021-22
32,147,32,2022-03-08,Gonzaga,@,Brigham Young,CTOURN,W 71-59,*,28,2,5,.400,1,1,1.000,1,4,.250,.500,1,2,.500,4,6,10,2,3,0,1,3,6,9.7,Abby O'Connor,https://www.sports-reference.com/cbb/players/abby-oconnor-1.html,gonzaga,2021-22
33,148,33,2022-03-18,Gonzaga,@,Nebraska,ROUND-64,W 68-55,*,28,1,3,.333,1,1,1.000,0,2,.000,.500,0,0,,2,4,6,1,1,1,1,3,3,4.1,Abby O'Connor,https://www.sports-reference.com/cbb/players/abby-oconnor-1.html,gonzaga,2021-22
34,149,34,2022-03-20,Gonzaga,@,Louisville,ROUND-32,L 59-68,*,24,0,4,.000,0,2,.000,0,2,.000,.000,1,2,.500,2,3,5,0,1,0,1,2,1,-0.7,Abby O'Connor,https://www.sports-reference.com/cbb/players/abby-oconnor-1.html,gonzaga,2021-22
