ranker,player_game_num_career,team_game_num_season,date,team_name_abbr,game_location,opp_name_abbr,game_type,game_result,is_starter,mp,fg,fga,fg_pct,fg3,fg3a,fg2,fg2a,fg2_pct,efg_pct,ft,fta,ft_pct,orb,drb,trb,ast,stl,blk,tov,pf,pts,game_score,player_name,player_sr_link,school,season
1,54,1,2021-11-11,Gonzaga,,Montana State,REG (Non-Conf),W 72-47,*,19,2,5,.400,0,0,2,5,.400,.400,0,0,,1,1,2,1,1,1,3,2,4,0.9,Anamaria Virjoghe,https://www.sports-reference.com/cbb/players/anamaria-virjoghe-1.html,gonzaga,2021-22
2,55,2,2021-11-14,Gonzaga,@,Montana,REG (Non-Conf),W 67-60,*,25,3,6,.500,0,0,3,6,.500,.500,0,0,,4,6,10,0,0,3,1,2,6,7.9,Anamaria Virjoghe,https://www.sports-reference.com/cbb/players/anamaria-virjoghe-1.html,gonzaga,2021-22
3,56,3,2021-11-18,Gonzaga,,Idaho State,REG (Non-Conf),W 69-39,*,15,0,2,.000,0,0,0,2,.000,.000,0,0,,0,6,6,1,0,0,1,1,0,-0.3,Anamaria Virjoghe,https://www.sports-reference.com/cbb/players/anamaria-virjoghe-1.html,gonzaga,2021-22
4,57,4,2021-11-21,Gonzaga,,Stanford,REG (Non-Conf),L 62-66,*,16,1,2,.500,0,0,1,2,.500,.500,2,2,1.000,3,1,4,0,0,0,1,1,4,4.0,Anamaria Virjoghe,https://www.sports-reference.com/cbb/players/anamaria-virjoghe-1.html,gonzaga,2021-22
5,58,5,2021-11-26,Gonzaga,@,Utah,REG (Non-Conf),W 89-71,*,12,1,4,.250,0,0,1,4,.250,.250,0,0,,0,1,1,1,0,0,2,5,2,-3.4,Anamaria Virjoghe,https://www.sports-reference.com/cbb/players/anamaria-virjoghe-1.html,gonzaga,2021-22
6,59,6,2021-11-27,Gonzaga,,Eastern Illinois,REG (Non-Conf),W 74-53,*,17,1,3,.333,0,0,1,3,.333,.333,1,2,.500,2,5,7,1,0,4,1,0,3,6.3,Anamaria Virjoghe,https://www.sports-reference.com/cbb/players/anamaria-virjoghe-1.html,gonzaga,2021-22
7,60,7,2021-11-28,Gonzaga,@,Hawaii,REG (Non-Conf),W 68-49,*,13,1,2,.500,0,0,1,2,.500,.500,0,0,,3,3,6,0,0,0,2,4,2,0.4,Anamaria Virjoghe,https://www.sports-reference.com/cbb/players/anamaria-virjoghe-1.html,gonzaga,2021-22
8,61,8,2021-12-03,Gonzaga,,Wyoming,REG (Non-Conf),W 54-47,*,22,1,3,.333,0,0,1,3,.333,.333,0,0,,0,4,4,3,0,1,0,0,2,4.3,Anamaria Virjoghe,https://www.sports-reference.com/cbb/players/anamaria-virjoghe-1.html,gonzaga,2021-22
9,62,9,2021-12-08,Gonzaga,,Washington State,REG (Non-Conf),L 49-51,*,19,0,3,.000,0,0,0,3,.000,.000,0,0,,1,3,4,1,1,1,1,2,0,0.1,Anamaria Virjoghe,https://www.sports-reference.com/cbb/players/anamaria-virjoghe-1.html,gonzaga,2021-22
10,63,10,2021-12-12,Gonzaga,,Stephen F. Austin,REG (Non-Conf),W 64-54,*,27,2,5,.400,0,0,2,5,.400,.400,0,1,.000,9,4,13,1,0,4,1,3,4,9.7,Anamaria Virjoghe,https://www.sports-reference.com/cbb/players/anamaria-virjoghe-1.html,gonzaga,2021-22
11,64,11,2021-12-19,Gonzaga,@,UC Davis,REG (Non-Conf),L 66-69,*,19,1,4,.250,0,0,1,4,.250,.250,0,0,,1,2,3,0,0,1,1,3,2,-0.6,Anamaria Virjoghe,https://www.sports-reference.com/cbb/players/anamaria-virjoghe-1.html,gonzaga,2021-22
12,65,12,2021-12-21,Gonzaga,@,Eastern Washington,REG (Non-Conf),W 76-48,*,16,1,2,.500,0,0,1,2,.500,.500,0,0,,5,3,8,3,0,1,1,1,2,6.8,Anamaria Virjoghe,https://www.sports-reference.com/cbb/players/anamaria-virjoghe-1.html,gonzaga,2021-22
13,66,13,2022-01-06,Gonzaga,@,Portland,REG (Conf),W 76-65,*,16,0,3,.000,0,0,0,3,.000,.000,2,4,.500,2,2,4,2,1,1,2,2,2,1.4,Anamaria Virjoghe,https://www.sports-reference.com/cbb/players/anamaria-virjoghe-1.html,gonzaga,2021-22
14,67,14,2022-01-09,Gonzaga,@,Stanford,REG (Non-Conf),L 50-66,*,19,1,4,.250,0,0,1,4,.250,.250,0,0,,1,6,7,1,0,0,2,0,2,0.8,Anamaria Virjoghe,https://www.sports-reference.com/cbb/players/anamaria-virjoghe-1.html,gonzaga,2021-22
15,68,15,2022-01-13,Gonzaga,@,Pacific,REG (Conf),W 92-51,*,16,0,1,.000,0,0,0,1,.000,.000,0,0,,1,6,7,1,0,2,2,3,0,0.7,Anamaria Virjoghe,https://www.sports-reference.com/cbb/players/anamaria-virjoghe-1.html,gonzaga,2021-22
16,69,16,2022-01-15,Gonzaga,,San Diego,REG (Conf),W 76-66,*,13,0,0,,0,0,0,0,,,0,0,,1,3,4,1,0,1,0,0,0,3.0,Anamaria Virjoghe,https://www.sports-reference.com/cbb/players/anamaria-virjoghe-1.html,gonzaga,2021-22
17,70,17,2022-01-20,Gonzaga,,Portland,REG (Conf),W 68-59,*,22,2,4,.500,0,0,2,4,.500,.500,0,0,,1,5,6,1,0,2,0,3,4,5.1,Anamaria Virjoghe,https://www.sports-reference.com/cbb/players/anamaria-virjoghe-1.html,gonzaga,2021-22
18,71,18,2022-01-22,Gonzaga,@,St. Mary's (CA),REG (Conf),W 66-53,*,17,2,2,1.000,0,0,2,2,1.000,1.000,0,0,,3,3,6,0,0,0,1,2,4,4.6,Anamaria Virjoghe,https://www.sports-reference.com/cbb/players/anamaria-virjoghe-1.html,gonzaga,2021-22
19,72,19,2022-01-27,Gonzaga,@,Pepperdine,REG (Conf),W 66-54,*,23,2,2,1.000,0,0,2,2,1.000,1.000,0,0,,2,2,4,2,0,1,0,0,4,7.5,Anamaria Virjoghe,https://www.sports-reference.com/cbb/players/anamaria-virjoghe-1.html,gonzaga,2021-22
20,73,20,2022-01-29,Gonzaga,@,San Diego,REG (Conf),W 69-43,*,19,1,1,1.000,0,0,1,1,1.000,1.000,0,0,,1,2,3,1,0,2,3,3,2,0.9,Anamaria Virjoghe,https://www.sports-reference.com/cbb/players/anamaria-virjoghe-1.html,gonzaga,2021-22
21,74,21,2022-02-03,Gonzaga,,Pacific,REG (Conf),W 79-38,*,22,0,2,.000,0,0,0,2,.000,.000,4,4,1.000,2,4,6,0,2,2,1,1,4,7.2,Anamaria Virjoghe,https://www.sports-reference.com/cbb/players/anamaria-virjoghe-1.html,gonzaga,2021-22
22,75,22,2022-02-05,Gonzaga,,Brigham Young,REG (Conf),L 50-62,*,20,0,2,.000,0,0,0,2,.000,.000,0,0,,2,4,6,0,0,1,0,2,0,1.1,Anamaria Virjoghe,https://www.sports-reference.com/cbb/players/anamaria-virjoghe-1.html,gonzaga,2021-22
23,76,23,2022-02-07,Gonzaga,,San Francisco,REG (Conf),W 55-49,*,21,3,3,1.000,0,0,3,3,1.000,1.000,0,0,,0,8,8,1,0,1,1,2,6,7.1,Anamaria Virjoghe,https://www.sports-reference.com/cbb/players/anamaria-virjoghe-1.html,gonzaga,2021-22
24,77,24,2022-02-10,Gonzaga,@,Santa Clara,REG (Conf),W 72-55,*,17,2,4,.500,0,0,2,4,.500,.500,0,0,,2,0,2,2,0,2,4,3,4,1.0,Anamaria Virjoghe,https://www.sports-reference.com/cbb/players/anamaria-virjoghe-1.html,gonzaga,2021-22
25,78,25,2022-02-12,Gonzaga,@,San Francisco,REG (Conf),W 83-82,,20,1,2,.500,0,0,1,2,.500,.500,0,0,,2,5,7,0,0,2,2,1,2,2.9,Anamaria Virjoghe,https://www.sports-reference.com/cbb/players/anamaria-virjoghe-1.html,gonzaga,2021-22
26,79,26,2022-02-17,Gonzaga,,St. Mary's (CA),REG (Conf),W 85-49,*,14,1,3,.333,0,0,1,3,.333,.333,0,0,,2,3,5,1,1,1,0,2,2,4.2,Anamaria Virjoghe,https://www.sports-reference.com/cbb/players/anamaria-virjoghe-1.html,gonzaga,2021-22
27,80,27,2022-02-19,Gonzaga,@,Brigham Young,REG (Conf),L 39-63,*,19,0,6,.000,0,0,0,6,.000,.000,0,0,,4,0,4,3,0,0,2,1,0,-1.7,Anamaria Virjoghe,https://www.sports-reference.com/cbb/players/anamaria-virjoghe-1.html,gonzaga,2021-22
28,81,28,2022-02-21,Gonzaga,,Santa Clara,REG (Conf),W 74-58,*,23,6,9,.667,0,0,6,9,.667,.667,0,0,,2,7,9,0,1,1,2,3,12,10.1,Anamaria Virjoghe,https://www.sports-reference.com/cbb/players/anamaria-virjoghe-1.html,gonzaga,2021-22
29,82,29,2022-02-24,Gonzaga,,Pepperdine,REG (Conf),W 85-41,*,16,3,5,.600,0,0,3,5,.600,.600,0,0,,0,6,6,1,2,2,0,0,6,9.6,Anamaria Virjoghe,https://www.sports-reference.com/cbb/players/anamaria-virjoghe-1.html,gonzaga,2021-22
30,83,30,2022-02-26,Gonzaga,,Loyola Marymount,REG (Conf),W 83-62,*,18,4,5,.800,0,0,4,5,.800,.800,4,4,1.000,2,1,3,2,0,1,1,1,12,12.5,Anamaria Virjoghe,https://www.sports-reference.com/cbb/players/anamaria-virjoghe-1.html,gonzaga,2021-22
31,84,31,2022-03-07,Gonzaga,,San Francisco,CTOURN,W 69-55,*,24,4,10,.400,0,0,4,10,.400,.400,0,0,,2,7,9,1,1,1,0,1,8,8.1,Anamaria Virjoghe,https://www.sports-reference.com/cbb/players/anamaria-virjoghe-1.html,gonzaga,2021-22
32,85,32,2022-03-08,Gonzaga,@,Brigham Young,CTOURN,W 71-59,*,24,3,7,.429,0,0,3,7,.429,.429,0,0,,0,6,6,2,0,4,1,0,6,7.3,Anamaria Virjoghe,https://www.sports-reference.com/cbb/players/anamaria-virjoghe-1.html,gonzaga,2021-22
33,86,33,2022-03-18,Gonzaga,@,Nebraska,ROUND-64,W 68-55,*,20,4,5,.800,0,0,4,5,.800,.800,2,3,.667,0,3,3,1,0,2,0,1,10,10.3,Anamaria Virjoghe,https://www.sports-reference.com/cbb/players/anamaria-virjoghe-1.html,gonzaga,2021-22
34,87,34,2022-03-20,Gonzaga,@,Louisville,ROUND-32,L 59-68,*,20,1,3,.333,0,0,1,3,.333,.333,0,0,,1,4,5,0,1,1,3,2,2,0.1,Anamaria Virjoghe,https://www.sports-reference.com/cbb/players/anamaria-virjoghe-1.html,gonzaga,2021-22
