ranker,player_game_num_career,team_game_num_season,date,team_name_abbr,game_location,opp_name_abbr,game_type,game_result,is_starter,mp,fg,fga,fg_pct,fg3,fg3a,fg3_pct,fg2,fg2a,fg2_pct,efg_pct,ft,fta,ft_pct,orb,drb,trb,ast,stl,blk,tov,pf,pts,game_score,player_name,player_sr_link,school,season
1,1,1,2021-11-11,Gonzaga,,Montana State,REG (Non-Conf),W 72-47,,13,0,4,.000,0,1,.000,0,3,.000,.000,1,2,.500,3,1,4,3,0,1,3,1,1,-0.4,Bree Salenbien,https://www.sports-reference.com/cbb/players/bree-salenbien-1.html,gonzaga,2021-22
2,2,2,2021-11-14,Gonzaga,@,Montana,REG (Non-Conf),W 67-60,,10,1,3,.333,1,2,.500,0,1,.000,.500,2,2,1.000,0,2,2,1,0,0,2,2,5,1.8,Bree Salenbien,https://www.sports-reference.com/cbb/players/bree-salenbien-1.html,gonzaga,2021-22
3,3,3,2021-11-18,Gonzaga,,Idaho State,REG (Non-Conf),W 69-39,,11,2,3,.667,0,1,.000,2,2,1.000,.667,0,0,,0,0,0,0,0,0,1,0,4,1.7,Bree Salenbien,https://www.sports-reference.com/cbb/players/bree-salenbien-1.html,gonzaga,2021-22
4,4,4,2021-11-21,Gonzaga,,Stanford,REG (Non-Conf),L 62-66,,4,0,0,,0,0,,0,0,,,0,0,,0,0,0,0,1,0,0,1,0,0.6,Bree Salenbien,https://www.sports-reference.com/cbb/players/bree-salenbien-1.html,gonzaga,2021-22
5,5,5,2021-11-26,Gonzaga,@,Utah,REG (Non-Conf),W 89-71,,12,0,2,.000,0,1,.000,0,1,.000,.000,0,0,,2,0,2,1,0,0,1,0,0,-0.3,Bree Salenbien,https://www.sports-reference.com/cbb/players/bree-salenbien-1.html,gonzaga,2021-22
6,6,6,2021-11-27,Gonzaga,,Eastern Illinois,REG (Non-Conf),W 74-53,,13,2,7,.286,1,6,.167,1,1,1.000,.357,0,0,,0,3,3,0,0,0,3,1,5,-1.6,Bree Salenbien,https://www.sports-reference.com/cbb/players/bree-salenbien-1.html,gonzaga,2021-22
7,7,7,2021-11-28,Gonzaga,@,Hawaii,REG (Non-Conf),W 68-49,,16,0,2,.000,0,0,,0,2,.000,.000,4,6,.667,1,4,5,0,0,0,3,0,4,0.7,Bree Salenbien,https://www.sports-reference.com/cbb/players/bree-salenbien-1.html,gonzaga,2021-22
8,8,8,2021-12-03,Gonzaga,,Wyoming,REG (Non-Conf),W 54-47,,16,0,2,.000,0,1,.000,0,1,.000,.000,0,0,,0,2,2,1,0,0,1,2,0,-1.9,Bree Salenbien,https://www.sports-reference.com/cbb/players/bree-salenbien-1.html,gonzaga,2021-22
9,9,9,2021-12-08,Gonzaga,,Washington State,REG (Non-Conf),L 49-51,,6,0,1,.000,0,1,.000,0,0,,.000,0,0,,0,2,2,0,0,0,2,0,0,-2.1,Bree Salenbien,https://www.sports-reference.com/cbb/players/bree-salenbien-1.html,gonzaga,2021-22
10,10,10,2021-12-12,Gonzaga,,Stephen F. Austin,REG (Non-Conf),W 64-54,,8,0,1,.000,0,1,.000,0,0,,.000,0,0,,0,1,1,0,0,0,0,1,0,-0.8,Bree Salenbien,https://www.sports-reference.com/cbb/players/bree-salenbien-1.html,gonzaga,2021-22
11,11,12,2021-12-21,Gonzaga,@,Eastern Washington,REG (Non-Conf),W 76-48,,14,1,5,.200,1,2,.500,0,3,.000,.300,2,2,1.000,0,1,1,1,3,0,2,0,5,3.9,Bree Salenbien,https://www.sports-reference.com/cbb/players/bree-salenbien-1.html,gonzaga,2021-22
12,12,13,2022-01-06,Gonzaga,@,Portland,REG (Conf),W 76-65,,3,0,0,,0,0,,0,0,,,4,4,1.000,0,0,0,0,1,0,0,0,4,5.0,Bree Salenbien,https://www.sports-reference.com/cbb/players/bree-salenbien-1.html,gonzaga,2021-22
13,13,14,2022-01-09,Gonzaga,@,Stanford,REG (Non-Conf),L 50-66,,3,0,0,,0,0,,0,0,,,0,0,,0,0,0,0,0,0,0,0,0,0.0,Bree Salenbien,https://www.sports-reference.com/cbb/players/bree-salenbien-1.html,gonzaga,2021-22
14,14,15,2022-01-13,Gonzaga,@,Pacific,REG (Conf),W 92-51,,14,5,7,.714,4,4,1.000,1,3,.333,1.000,0,0,,0,2,2,0,1,0,2,1,14,10.3,Bree Salenbien,https://www.sports-reference.com/cbb/players/bree-salenbien-1.html,gonzaga,2021-22
15,15,16,2022-01-15,Gonzaga,,San Diego,REG (Conf),W 76-66,,4,1,2,.500,1,2,.500,0,0,,.750,0,0,,0,0,0,0,0,0,0,1,3,1.6,Bree Salenbien,https://www.sports-reference.com/cbb/players/bree-salenbien-1.html,gonzaga,2021-22
16,16,17,2022-01-20,Gonzaga,,Portland,REG (Conf),W 68-59,,3,0,0,,0,0,,0,0,,,0,0,,0,1,1,0,0,0,1,0,0,-0.7,Bree Salenbien,https://www.sports-reference.com/cbb/players/bree-salenbien-1.html,gonzaga,2021-22
17,17,18,2022-01-22,Gonzaga,@,St. Mary's (CA),REG (Conf),W 66-53,,5,0,3,.000,0,1,.000,0,2,.000,.000,0,0,,0,1,1,0,1,0,1,0,0,-1.8,Bree Salenbien,https://www.sports-reference.com/cbb/players/bree-salenbien-1.html,gonzaga,2021-22
18,18,19,2022-01-27,Gonzaga,@,Pepperdine,REG (Conf),W 66-54,,10,0,5,.000,0,3,.000,0,2,.000,.000,2,2,1.000,1,2,3,1,0,0,0,0,2,0.5,Bree Salenbien,https://www.sports-reference.com/cbb/players/bree-salenbien-1.html,gonzaga,2021-22
19,19,20,2022-01-29,Gonzaga,@,San Diego,REG (Conf),W 69-43,,10,1,2,.500,0,1,.000,1,1,1.000,.500,1,2,.500,0,1,1,0,0,0,2,1,3,-0.5,Bree Salenbien,https://www.sports-reference.com/cbb/players/bree-salenbien-1.html,gonzaga,2021-22
20,20,21,2022-02-03,Gonzaga,,Pacific,REG (Conf),W 79-38,,16,3,9,.333,1,5,.200,2,4,.500,.389,1,2,.500,0,2,2,1,0,0,3,2,8,0.0,Bree Salenbien,https://www.sports-reference.com/cbb/players/bree-salenbien-1.html,gonzaga,2021-22
21,21,22,2022-02-05,Gonzaga,,Brigham Young,REG (Conf),L 50-62,,3,1,1,1.000,1,1,1.000,0,0,,1.500,0,0,,0,1,1,0,0,0,0,0,3,3.0,Bree Salenbien,https://www.sports-reference.com/cbb/players/bree-salenbien-1.html,gonzaga,2021-22
22,22,23,2022-02-07,Gonzaga,,San Francisco,REG (Conf),W 55-49,,6,2,4,.500,1,2,.500,1,2,.500,.625,0,0,,0,1,1,0,0,0,0,0,5,3.3,Bree Salenbien,https://www.sports-reference.com/cbb/players/bree-salenbien-1.html,gonzaga,2021-22
23,23,24,2022-02-10,Gonzaga,@,Santa Clara,REG (Conf),W 72-55,,5,0,1,.000,0,1,.000,0,0,,.000,0,0,,0,0,0,0,0,0,0,3,0,-1.9,Bree Salenbien,https://www.sports-reference.com/cbb/players/bree-salenbien-1.html,gonzaga,2021-22
24,24,25,2022-02-12,Gonzaga,@,San Francisco,REG (Conf),W 83-82,,3,0,0,,0,0,,0,0,,,0,0,,0,0,0,1,0,0,0,0,0,0.7,Bree Salenbien,https://www.sports-reference.com/cbb/players/bree-salenbien-1.html,gonzaga,2021-22
25,25,26,2022-02-17,Gonzaga,,St. Mary's (CA),REG (Conf),W 85-49,,11,1,5,.200,0,3,.000,1,2,.500,.200,0,0,,1,1,2,3,2,0,1,1,2,2.6,Bree Salenbien,https://www.sports-reference.com/cbb/players/bree-salenbien-1.html,gonzaga,2021-22
26,26,27,2022-02-19,Gonzaga,@,Brigham Young,REG (Conf),L 39-63,,6,0,2,.000,0,1,.000,0,1,.000,.000,0,0,,1,0,1,0,0,0,2,1,0,-3.1,Bree Salenbien,https://www.sports-reference.com/cbb/players/bree-salenbien-1.html,gonzaga,2021-22
27,27,28,2022-02-21,Gonzaga,,Santa Clara,REG (Conf),W 74-58,,14,0,2,.000,0,2,.000,0,0,,.000,0,0,,0,0,0,0,2,0,1,2,0,-1.2,Bree Salenbien,https://www.sports-reference.com/cbb/players/bree-salenbien-1.html,gonzaga,2021-22
28,28,29,2022-02-24,Gonzaga,,Pepperdine,REG (Conf),W 85-41,,12,2,7,.286,1,2,.500,1,5,.200,.357,0,0,,2,1,3,1,0,0,0,0,5,3.3,Bree Salenbien,https://www.sports-reference.com/cbb/players/bree-salenbien-1.html,gonzaga,2021-22
29,29,30,2022-02-26,Gonzaga,,Loyola Marymount,REG (Conf),W 83-62,,9,1,2,.500,0,0,,1,2,.500,.500,0,0,,0,0,0,2,1,0,1,2,2,1.6,Bree Salenbien,https://www.sports-reference.com/cbb/players/bree-salenbien-1.html,gonzaga,2021-22
