ranker,player_game_num_career,team_game_num_season,date,team_name_abbr,game_location,opp_name_abbr,game_type,game_result,is_starter,mp,fg,fga,fg_pct,fg3,fg3a,fg3_pct,fg2,fg2a,fg2_pct,efg_pct,ft,fta,ft_pct,orb,drb,trb,ast,stl,blk,tov,pf,pts,game_score,player_name,player_sr_link,school,season
1,111,1,2021-11-11,Gonzaga,,Montana State,REG (Non-Conf),W 72-47,*,27,2,4,.500,1,3,.333,1,1,1.000,.625,0,0,,0,0,0,1,2,0,0,2,5,4.9,Cierra Walker,https://www.sports-reference.com/cbb/players/cierra-walker-1.html,gonzaga,2021-22
2,112,2,2021-11-14,Gonzaga,@,Montana,REG (Non-Conf),W 67-60,*,28,3,6,.500,2,5,.400,1,1,1.000,.667,2,2,1.000,1,1,2,0,0,0,0,0,10,8.0,Cierra Walker,https://www.sports-reference.com/cbb/players/cierra-walker-1.html,gonzaga,2021-22
3,113,3,2021-11-18,Gonzaga,,Idaho State,REG (Non-Conf),W 69-39,*,20,3,4,.750,3,4,.750,0,0,,1.125,1,2,.500,0,1,1,0,1,0,0,1,10,8.9,Cierra Walker,https://www.sports-reference.com/cbb/players/cierra-walker-1.html,gonzaga,2021-22
4,114,4,2021-11-21,Gonzaga,,Stanford,REG (Non-Conf),L 62-66,*,27,2,5,.400,2,2,1.000,0,3,.000,.600,0,0,,0,3,3,0,1,0,0,2,6,4.4,Cierra Walker,https://www.sports-reference.com/cbb/players/cierra-walker-1.html,gonzaga,2021-22
5,115,5,2021-11-26,Gonzaga,@,Utah,REG (Non-Conf),W 89-71,*,25,5,9,.556,3,5,.600,2,4,.500,.722,0,0,,1,0,1,2,0,0,0,1,13,10.4,Cierra Walker,https://www.sports-reference.com/cbb/players/cierra-walker-1.html,gonzaga,2021-22
6,116,6,2021-11-27,Gonzaga,,Eastern Illinois,REG (Non-Conf),W 74-53,*,22,2,5,.400,2,5,.400,0,0,,.600,0,0,,1,2,3,4,0,0,0,1,6,7.0,Cierra Walker,https://www.sports-reference.com/cbb/players/cierra-walker-1.html,gonzaga,2021-22
7,117,7,2021-11-28,Gonzaga,@,Hawaii,REG (Non-Conf),W 68-49,*,30,3,7,.429,1,4,.250,2,3,.667,.500,0,0,,1,2,3,3,1,0,0,0,7,7.7,Cierra Walker,https://www.sports-reference.com/cbb/players/cierra-walker-1.html,gonzaga,2021-22
8,118,8,2021-12-03,Gonzaga,,Wyoming,REG (Non-Conf),W 54-47,*,26,2,4,.500,1,1,1.000,1,3,.333,.625,2,2,1.000,0,3,3,0,0,0,1,0,7,4.9,Cierra Walker,https://www.sports-reference.com/cbb/players/cierra-walker-1.html,gonzaga,2021-22
9,119,9,2021-12-08,Gonzaga,,Washington State,REG (Non-Conf),L 49-51,*,27,2,8,.250,2,7,.286,0,1,.000,.375,0,0,,5,2,7,2,0,0,3,3,6,2.5,Cierra Walker,https://www.sports-reference.com/cbb/players/cierra-walker-1.html,gonzaga,2021-22
10,120,10,2021-12-12,Gonzaga,,Stephen F. Austin,REG (Non-Conf),W 64-54,*,31,6,13,.462,4,10,.400,2,3,.667,.615,2,2,1.000,2,2,4,1,1,0,1,1,18,13.6,Cierra Walker,https://www.sports-reference.com/cbb/players/cierra-walker-1.html,gonzaga,2021-22
11,121,11,2021-12-19,Gonzaga,@,UC Davis,REG (Non-Conf),L 66-69,*,26,2,8,.250,2,4,.500,0,4,.000,.375,0,0,,4,1,5,1,2,0,1,2,6,5.2,Cierra Walker,https://www.sports-reference.com/cbb/players/cierra-walker-1.html,gonzaga,2021-22
12,122,12,2021-12-21,Gonzaga,@,Eastern Washington,REG (Non-Conf),W 76-48,*,21,4,11,.364,3,10,.300,1,1,1.000,.500,0,0,,0,2,2,2,1,0,1,0,11,6.9,Cierra Walker,https://www.sports-reference.com/cbb/players/cierra-walker-1.html,gonzaga,2021-22
13,123,13,2022-01-06,Gonzaga,@,Portland,REG (Conf),W 76-65,*,27,3,5,.600,2,4,.500,1,1,1.000,.800,0,1,.000,1,2,3,0,0,0,0,0,8,6.6,Cierra Walker,https://www.sports-reference.com/cbb/players/cierra-walker-1.html,gonzaga,2021-22
14,124,14,2022-01-09,Gonzaga,@,Stanford,REG (Non-Conf),L 50-66,*,27,0,4,.000,0,2,.000,0,2,.000,.000,2,2,1.000,6,2,8,1,0,0,1,1,2,3.3,Cierra Walker,https://www.sports-reference.com/cbb/players/cierra-walker-1.html,gonzaga,2021-22
15,125,15,2022-01-13,Gonzaga,@,Pacific,REG (Conf),W 92-51,*,20,4,7,.571,1,4,.250,3,3,1.000,.643,1,1,1.000,0,2,2,3,0,0,0,1,10,9.0,Cierra Walker,https://www.sports-reference.com/cbb/players/cierra-walker-1.html,gonzaga,2021-22
16,126,16,2022-01-15,Gonzaga,,San Diego,REG (Conf),W 76-66,*,27,2,8,.250,1,4,.250,1,4,.250,.313,6,6,1.000,1,6,7,0,0,0,1,2,11,6.9,Cierra Walker,https://www.sports-reference.com/cbb/players/cierra-walker-1.html,gonzaga,2021-22
17,127,17,2022-01-20,Gonzaga,,Portland,REG (Conf),W 68-59,*,30,4,9,.444,3,8,.375,1,1,1.000,.611,4,4,1.000,0,1,1,3,2,0,0,0,15,14.7,Cierra Walker,https://www.sports-reference.com/cbb/players/cierra-walker-1.html,gonzaga,2021-22
18,128,18,2022-01-22,Gonzaga,@,St. Mary's (CA),REG (Conf),W 66-53,*,30,2,7,.286,2,3,.667,0,4,.000,.429,2,2,1.000,1,3,4,2,2,0,0,1,8,8.5,Cierra Walker,https://www.sports-reference.com/cbb/players/cierra-walker-1.html,gonzaga,2021-22
19,129,19,2022-01-27,Gonzaga,@,Pepperdine,REG (Conf),W 66-54,*,24,2,5,.400,2,4,.500,0,1,.000,.600,0,0,,3,3,6,0,0,0,0,0,6,6.3,Cierra Walker,https://www.sports-reference.com/cbb/players/cierra-walker-1.html,gonzaga,2021-22
20,130,20,2022-01-29,Gonzaga,@,San Diego,REG (Conf),W 69-43,*,26,7,12,.583,6,10,.600,1,2,.500,.833,1,1,1.000,1,3,4,0,2,0,1,0,21,18.0,Cierra Walker,https://www.sports-reference.com/cbb/players/cierra-walker-1.html,gonzaga,2021-22
21,131,21,2022-02-03,Gonzaga,,Pacific,REG (Conf),W 79-38,*,21,2,7,.286,1,4,.250,1,3,.333,.357,0,1,.000,2,1,3,3,1,0,1,0,5,4.3,Cierra Walker,https://www.sports-reference.com/cbb/players/cierra-walker-1.html,gonzaga,2021-22
22,132,22,2022-02-05,Gonzaga,,Brigham Young,REG (Conf),L 50-62,*,32,3,7,.429,3,5,.600,0,2,.000,.643,0,0,,1,2,3,1,0,0,2,3,9,4.1,Cierra Walker,https://www.sports-reference.com/cbb/players/cierra-walker-1.html,gonzaga,2021-22
23,133,23,2022-02-07,Gonzaga,,San Francisco,REG (Conf),W 55-49,*,27,0,3,.000,0,3,.000,0,0,,.000,0,0,,2,5,7,1,0,0,1,0,0,0.5,Cierra Walker,https://www.sports-reference.com/cbb/players/cierra-walker-1.html,gonzaga,2021-22
24,134,24,2022-02-10,Gonzaga,@,Santa Clara,REG (Conf),W 72-55,*,23,1,5,.200,0,2,.000,1,3,.333,.200,0,0,,1,1,2,2,0,0,0,1,2,0.9,Cierra Walker,https://www.sports-reference.com/cbb/players/cierra-walker-1.html,gonzaga,2021-22
25,135,25,2022-02-12,Gonzaga,@,San Francisco,REG (Conf),W 83-82,*,26,5,12,.417,4,8,.500,1,4,.250,.583,0,0,,3,1,4,0,0,0,0,3,14,8.8,Cierra Walker,https://www.sports-reference.com/cbb/players/cierra-walker-1.html,gonzaga,2021-22
26,136,26,2022-02-17,Gonzaga,,St. Mary's (CA),REG (Conf),W 85-49,*,22,4,13,.308,2,6,.333,2,7,.286,.385,2,2,1.000,4,0,4,1,1,0,0,0,12,9.0,Cierra Walker,https://www.sports-reference.com/cbb/players/cierra-walker-1.html,gonzaga,2021-22
27,137,27,2022-02-19,Gonzaga,@,Brigham Young,REG (Conf),L 39-63,*,27,2,4,.500,1,3,.333,1,1,1.000,.625,0,0,,2,1,3,0,0,0,1,0,5,3.7,Cierra Walker,https://www.sports-reference.com/cbb/players/cierra-walker-1.html,gonzaga,2021-22
28,138,28,2022-02-21,Gonzaga,,Santa Clara,REG (Conf),W 74-58,*,22,4,7,.571,2,4,.500,2,3,.667,.714,0,0,,0,3,3,3,0,0,0,1,10,9.3,Cierra Walker,https://www.sports-reference.com/cbb/players/cierra-walker-1.html,gonzaga,2021-22
29,139,29,2022-02-24,Gonzaga,,Pepperdine,REG (Conf),W 85-41,*,22,3,7,.429,3,5,.600,0,2,.000,.643,0,0,,2,3,5,4,0,0,0,1,9,10.0,Cierra Walker,https://www.sports-reference.com/cbb/players/cierra-walker-1.html,gonzaga,2021-22
30,140,30,2022-02-26,Gonzaga,,Loyola Marymount,REG (Conf),W 83-62,*,24,8,12,.667,8,11,.727,0,1,.000,1.000,0,0,,0,2,2,1,0,0,0,3,24,18.9,Cierra Walker,https://www.sports-reference.com/cbb/players/cierra-walker-1.html,gonzaga,2021-22
31,141,31,2022-03-07,Gonzaga,,San Francisco,CTOURN,W 69-55,*,22,2,6,.333,0,1,.000,2,5,.400,.333,2,2,1.000,1,3,4,2,1,0,0,0,6,6.6,Cierra Walker,https://www.sports-reference.com/cbb/players/cierra-walker-1.html,gonzaga,2021-22
32,142,32,2022-03-08,Gonzaga,@,Brigham Young,CTOURN,W 71-59,*,28,1,5,.200,1,5,.200,0,0,,.300,4,4,1.000,0,2,2,1,0,0,0,0,7,5.2,Cierra Walker,https://www.sports-reference.com/cbb/players/cierra-walker-1.html,gonzaga,2021-22
33,143,33,2022-03-18,Gonzaga,@,Nebraska,ROUND-64,W 68-55,*,32,1,7,.143,1,6,.167,0,1,.000,.214,1,2,.500,0,3,3,1,0,0,1,2,4,-1.1,Cierra Walker,https://www.sports-reference.com/cbb/players/cierra-walker-1.html,gonzaga,2021-22
34,144,34,2022-03-20,Gonzaga,@,Louisville,ROUND-32,L 59-68,*,28,2,7,.286,2,7,.286,0,0,,.429,4,4,1.000,1,5,6,2,0,0,2,1,10,7.1,Cierra Walker,https://www.sports-reference.com/cbb/players/cierra-walker-1.html,gonzaga,2021-22
