ranker,player_game_num_career,team_game_num_season,date,team_name_abbr,game_location,opp_name_abbr,game_type,game_result,is_starter,mp,fg,fga,fg_pct,fg3,fg3a,fg3_pct,fg2,fg2a,fg2_pct,efg_pct,ft,fta,ft_pct,orb,drb,trb,ast,stl,blk,tov,pf,pts,game_score,player_name,player_sr_link,school,season
1,11,1,2021-11-11,Gonzaga,,Montana State,REG (Non-Conf),W 72-47,,15,1,1,1.000,0,0,,1,1,1.000,1.000,1,2,.500,0,0,0,1,1,0,0,1,3,3.6,Eliza Hollingsworth,https://www.sports-reference.com/cbb/players/eliza-hollingsworth-1.html,gonzaga,2021-22
2,12,2,2021-11-14,Gonzaga,@,Montana,REG (Non-Conf),W 67-60,,10,0,1,.000,0,1,.000,0,0,,.000,0,0,,0,2,2,0,1,1,0,0,0,1.6,Eliza Hollingsworth,https://www.sports-reference.com/cbb/players/eliza-hollingsworth-1.html,gonzaga,2021-22
3,13,3,2021-11-18,Gonzaga,,Idaho State,REG (Non-Conf),W 69-39,,17,1,2,.500,0,0,,1,2,.500,.500,2,2,1.000,1,1,2,0,1,0,1,1,4,3.6,Eliza Hollingsworth,https://www.sports-reference.com/cbb/players/eliza-hollingsworth-1.html,gonzaga,2021-22
4,14,4,2021-11-21,Gonzaga,,Stanford,REG (Non-Conf),L 62-66,,11,4,7,.571,2,4,.500,2,3,.667,.714,2,2,1.000,1,1,2,0,0,0,2,0,12,7.7,Eliza Hollingsworth,https://www.sports-reference.com/cbb/players/eliza-hollingsworth-1.html,gonzaga,2021-22
5,15,5,2021-11-26,Gonzaga,@,Utah,REG (Non-Conf),W 89-71,,23,0,4,.000,0,3,.000,0,1,.000,.000,5,6,.833,1,6,7,0,0,0,0,2,5,3.5,Eliza Hollingsworth,https://www.sports-reference.com/cbb/players/eliza-hollingsworth-1.html,gonzaga,2021-22
6,16,6,2021-11-27,Gonzaga,,Eastern Illinois,REG (Non-Conf),W 74-53,,14,0,1,.000,0,0,,0,1,.000,.000,1,2,.500,2,2,4,0,0,0,1,0,1,0.9,Eliza Hollingsworth,https://www.sports-reference.com/cbb/players/eliza-hollingsworth-1.html,gonzaga,2021-22
7,17,7,2021-11-28,Gonzaga,@,Hawaii,REG (Non-Conf),W 68-49,,23,3,7,.429,0,0,,3,7,.429,.429,0,0,,2,3,5,0,0,1,0,0,6,5.3,Eliza Hollingsworth,https://www.sports-reference.com/cbb/players/eliza-hollingsworth-1.html,gonzaga,2021-22
8,18,8,2021-12-03,Gonzaga,,Wyoming,REG (Non-Conf),W 54-47,,10,1,3,.333,0,1,.000,1,2,.500,.333,0,0,,0,1,1,0,0,0,0,0,2,0.6,Eliza Hollingsworth,https://www.sports-reference.com/cbb/players/eliza-hollingsworth-1.html,gonzaga,2021-22
9,19,9,2021-12-08,Gonzaga,,Washington State,REG (Non-Conf),L 49-51,,8,0,0,,0,0,,0,0,,,0,0,,0,1,1,0,0,0,1,0,0,-0.7,Eliza Hollingsworth,https://www.sports-reference.com/cbb/players/eliza-hollingsworth-1.html,gonzaga,2021-22
10,20,11,2021-12-19,Gonzaga,@,UC Davis,REG (Non-Conf),L 66-69,,10,0,2,.000,0,0,,0,2,.000,.000,2,2,1.000,0,0,0,0,0,1,1,1,2,-0.1,Eliza Hollingsworth,https://www.sports-reference.com/cbb/players/eliza-hollingsworth-1.html,gonzaga,2021-22
11,21,12,2021-12-21,Gonzaga,@,Eastern Washington,REG (Non-Conf),W 76-48,,13,1,4,.250,0,2,.000,1,2,.500,.250,2,2,1.000,0,2,2,0,1,0,1,1,4,1.8,Eliza Hollingsworth,https://www.sports-reference.com/cbb/players/eliza-hollingsworth-1.html,gonzaga,2021-22
12,22,13,2022-01-06,Gonzaga,@,Portland,REG (Conf),W 76-65,,7,0,2,.000,0,0,,0,2,.000,.000,0,0,,0,1,1,0,0,0,0,0,0,-1.1,Eliza Hollingsworth,https://www.sports-reference.com/cbb/players/eliza-hollingsworth-1.html,gonzaga,2021-22
13,23,14,2022-01-09,Gonzaga,@,Stanford,REG (Non-Conf),L 50-66,,13,1,3,.333,1,2,.500,0,1,.000,.500,0,0,,0,2,2,0,0,0,0,1,3,1.5,Eliza Hollingsworth,https://www.sports-reference.com/cbb/players/eliza-hollingsworth-1.html,gonzaga,2021-22
14,24,15,2022-01-13,Gonzaga,@,Pacific,REG (Conf),W 92-51,,15,2,6,.333,1,2,.500,1,4,.250,.417,1,2,.500,4,2,6,0,1,0,2,0,6,4.6,Eliza Hollingsworth,https://www.sports-reference.com/cbb/players/eliza-hollingsworth-1.html,gonzaga,2021-22
15,25,16,2022-01-15,Gonzaga,,San Diego,REG (Conf),W 76-66,,11,1,2,.500,1,2,.500,0,0,,.750,2,2,1.000,0,1,1,0,1,0,2,5,5,1.3,Eliza Hollingsworth,https://www.sports-reference.com/cbb/players/eliza-hollingsworth-1.html,gonzaga,2021-22
16,26,17,2022-01-20,Gonzaga,,Portland,REG (Conf),W 68-59,,8,0,1,.000,0,0,,0,1,.000,.000,0,0,,0,0,0,0,1,0,0,0,0,0.3,Eliza Hollingsworth,https://www.sports-reference.com/cbb/players/eliza-hollingsworth-1.html,gonzaga,2021-22
17,27,18,2022-01-22,Gonzaga,@,St. Mary's (CA),REG (Conf),W 66-53,,7,1,3,.333,0,1,.000,1,2,.500,.333,0,0,,2,0,2,0,1,0,1,1,2,1.3,Eliza Hollingsworth,https://www.sports-reference.com/cbb/players/eliza-hollingsworth-1.html,gonzaga,2021-22
18,28,19,2022-01-27,Gonzaga,@,Pepperdine,REG (Conf),W 66-54,,13,5,8,.625,2,3,.667,3,5,.600,.750,0,0,,1,1,2,0,0,0,0,0,12,9.4,Eliza Hollingsworth,https://www.sports-reference.com/cbb/players/eliza-hollingsworth-1.html,gonzaga,2021-22
19,29,20,2022-01-29,Gonzaga,@,San Diego,REG (Conf),W 69-43,,8,1,1,1.000,0,0,,1,1,1.000,1.000,0,0,,1,1,2,1,0,0,1,0,2,2.4,Eliza Hollingsworth,https://www.sports-reference.com/cbb/players/eliza-hollingsworth-1.html,gonzaga,2021-22
20,30,21,2022-02-03,Gonzaga,,Pacific,REG (Conf),W 79-38,,16,3,6,.500,2,3,.667,1,3,.333,.667,2,3,.667,2,2,4,2,0,0,3,3,10,5.8,Eliza Hollingsworth,https://www.sports-reference.com/cbb/players/eliza-hollingsworth-1.html,gonzaga,2021-22
21,31,22,2022-02-05,Gonzaga,,Brigham Young,REG (Conf),L 50-62,,6,0,2,.000,0,2,.000,0,0,,.000,2,2,1.000,0,0,0,0,0,0,0,0,2,0.6,Eliza Hollingsworth,https://www.sports-reference.com/cbb/players/eliza-hollingsworth-1.html,gonzaga,2021-22
22,32,23,2022-02-07,Gonzaga,,San Francisco,REG (Conf),W 55-49,,11,1,4,.250,1,3,.333,0,1,.000,.375,0,0,,0,1,1,0,0,0,0,0,3,0.9,Eliza Hollingsworth,https://www.sports-reference.com/cbb/players/eliza-hollingsworth-1.html,gonzaga,2021-22
23,33,24,2022-02-10,Gonzaga,@,Santa Clara,REG (Conf),W 72-55,,11,2,6,.333,1,3,.333,1,3,.333,.417,0,0,,1,2,3,0,1,0,0,1,5,3.5,Eliza Hollingsworth,https://www.sports-reference.com/cbb/players/eliza-hollingsworth-1.html,gonzaga,2021-22
24,34,25,2022-02-12,Gonzaga,@,San Francisco,REG (Conf),W 83-82,,7,1,1,1.000,0,0,,1,1,1.000,1.000,0,0,,0,1,1,0,0,0,0,2,2,1.2,Eliza Hollingsworth,https://www.sports-reference.com/cbb/players/eliza-hollingsworth-1.html,gonzaga,2021-22
25,35,26,2022-02-17,Gonzaga,,St. Mary's (CA),REG (Conf),W 85-49,,20,1,3,.333,0,1,.000,1,2,.500,.333,1,2,.500,1,3,4,0,0,0,2,2,3,-0.3,Eliza Hollingsworth,https://www.sports-reference.com/cbb/players/eliza-hollingsworth-1.html,gonzaga,2021-22
26,36,27,2022-02-19,Gonzaga,@,Brigham Young,REG (Conf),L 39-63,,9,1,3,.333,1,2,.500,0,1,.000,.500,0,0,,1,2,3,1,0,0,0,2,3,2.5,Eliza Hollingsworth,https://www.sports-reference.com/cbb/players/eliza-hollingsworth-1.html,gonzaga,2021-22
27,37,28,2022-02-21,Gonzaga,,Santa Clara,REG (Conf),W 74-58,,14,0,1,.000,0,0,,0,1,.000,.000,0,0,,0,0,0,1,0,0,1,1,0,-1.4,Eliza Hollingsworth,https://www.sports-reference.com/cbb/players/eliza-hollingsworth-1.html,gonzaga,2021-22
28,38,29,2022-02-24,Gonzaga,,Pepperdine,REG (Conf),W 85-41,,13,2,7,.286,1,3,.333,1,4,.250,.357,2,2,1.000,3,1,4,0,0,1,0,0,7,6.0,Eliza Hollingsworth,https://www.sports-reference.com/cbb/players/eliza-hollingsworth-1.html,gonzaga,2021-22
29,39,30,2022-02-26,Gonzaga,,Loyola Marymount,REG (Conf),W 83-62,,15,4,7,.571,0,1,.000,4,6,.667,.571,2,3,.667,4,2,6,0,0,1,2,1,10,8.0,Eliza Hollingsworth,https://www.sports-reference.com/cbb/players/eliza-hollingsworth-1.html,gonzaga,2021-22
30,40,31,2022-03-07,Gonzaga,,San Francisco,CTOURN,W 69-55,,4,0,1,.000,0,0,,0,1,.000,.000,0,0,,0,0,0,0,0,1,0,2,0,-0.8,Eliza Hollingsworth,https://www.sports-reference.com/cbb/players/eliza-hollingsworth-1.html,gonzaga,2021-22
31,41,33,2022-03-18,Gonzaga,@,Nebraska,ROUND-64,W 68-55,,4,1,2,.500,1,2,.500,0,0,,.750,0,0,,0,1,1,0,0,0,0,1,3,1.9,Eliza Hollingsworth,https://www.sports-reference.com/cbb/players/eliza-hollingsworth-1.html,gonzaga,2021-22
32,42,34,2022-03-20,Gonzaga,@,Louisville,ROUND-32,L 59-68,,1,0,0,,0,0,,0,0,,,0,0,,0,0,0,0,0,0,0,0,0,0.0,Eliza Hollingsworth,https://www.sports-reference.com/cbb/players/eliza-hollingsworth-1.html,gonzaga,2021-22
