ranker,player_game_num_career,team_game_num_season,date,team_name_abbr,game_location,opp_name_abbr,game_type,game_result,is_starter,mp,fg,fga,fg_pct,fg3,fg3a,fg2,fg2a,fg2_pct,efg_pct,ft,fta,ft_pct,orb,drb,trb,ast,stl,blk,tov,pf,pts,game_score,player_name,player_sr_link,school,season
1,1,1,2021-11-11,Gonzaga,,Montana State,REG (Non-Conf),W 72-47,,2,0,0,,0,0,0,0,,,0,0,,0,0,0,0,0,0,0,0,0,0.0,Esther Little,https://www.sports-reference.com/cbb/players/esther-little-1.html,gonzaga,2021-22
2,2,3,2021-11-18,Gonzaga,,Idaho State,REG (Non-Conf),W 69-39,,7,0,0,,0,0,0,0,,,0,0,,0,0,0,0,2,0,0,0,0,2.0,Esther Little,https://www.sports-reference.com/cbb/players/esther-little-1.html,gonzaga,2021-22
3,3,5,2021-11-26,Gonzaga,@,Utah,REG (Non-Conf),W 89-71,,5,0,0,,0,0,0,0,,,0,0,,0,0,0,0,0,0,0,1,0,-0.4,Esther Little,https://www.sports-reference.com/cbb/players/esther-little-1.html,gonzaga,2021-22
4,4,6,2021-11-27,Gonzaga,,Eastern Illinois,REG (Non-Conf),W 74-53,,3,0,0,,0,0,0,0,,,0,0,,0,1,1,0,0,0,0,0,0,0.3,Esther Little,https://www.sports-reference.com/cbb/players/esther-little-1.html,gonzaga,2021-22
5,5,7,2021-11-28,Gonzaga,@,Hawaii,REG (Non-Conf),W 68-49,,2,0,0,,0,0,0,0,,,0,0,,0,0,0,0,0,0,0,1,0,-0.4,Esther Little,https://www.sports-reference.com/cbb/players/esther-little-1.html,gonzaga,2021-22
6,6,8,2021-12-03,Gonzaga,,Wyoming,REG (Non-Conf),W 54-47,,3,0,1,.000,0,0,0,1,.000,.000,0,0,,0,0,0,0,0,0,0,0,0,-0.7,Esther Little,https://www.sports-reference.com/cbb/players/esther-little-1.html,gonzaga,2021-22
7,7,12,2021-12-21,Gonzaga,@,Eastern Washington,REG (Non-Conf),W 76-48,,7,0,0,,0,0,0,0,,,0,0,,0,1,1,0,0,0,0,0,0,0.3,Esther Little,https://www.sports-reference.com/cbb/players/esther-little-1.html,gonzaga,2021-22
8,8,15,2022-01-13,Gonzaga,@,Pacific,REG (Conf),W 92-51,,9,1,1,1.000,0,0,1,1,1.000,1.000,1,2,.500,0,0,0,0,0,0,0,0,3,2.3,Esther Little,https://www.sports-reference.com/cbb/players/esther-little-1.html,gonzaga,2021-22
9,9,19,2022-01-27,Gonzaga,@,Pepperdine,REG (Conf),W 66-54,,3,0,0,,0,0,0,0,,,0,0,,0,0,0,0,0,0,0,0,0,0.0,Esther Little,https://www.sports-reference.com/cbb/players/esther-little-1.html,gonzaga,2021-22
10,10,20,2022-01-29,Gonzaga,@,San Diego,REG (Conf),W 69-43,,5,0,0,,0,0,0,0,,,0,0,,0,0,0,0,0,0,2,1,0,-2.4,Esther Little,https://www.sports-reference.com/cbb/players/esther-little-1.html,gonzaga,2021-22
11,11,21,2022-02-03,Gonzaga,,Pacific,REG (Conf),W 79-38,,6,0,0,,0,0,0,0,,,0,0,,0,0,0,0,0,0,0,0,0,0.0,Esther Little,https://www.sports-reference.com/cbb/players/esther-little-1.html,gonzaga,2021-22
12,12,26,2022-02-17,Gonzaga,,St. Mary's (CA),REG (Conf),W 85-49,,7,0,0,,0,0,0,0,,,0,0,,0,2,2,1,0,0,0,1,0,0.9,Esther Little,https://www.sports-reference.com/cbb/players/esther-little-1.html,gonzaga,2021-22
13,13,28,2022-02-21,Gonzaga,,Santa Clara,REG (Conf),W 74-58,,3,0,0,,0,0,0,0,,,0,0,,0,0,0,0,0,0,1,1,0,-1.4,Esther Little,https://www.sports-reference.com/cbb/players/esther-little-1.html,gonzaga,2021-22
14,14,29,2022-02-24,Gonzaga,,Pepperdine,REG (Conf),W 85-41,,5,0,1,.000,0,0,0,1,.000,.000,0,0,,1,0,1,0,0,0,1,0,0,-1.0,Esther Little,https://www.sports-reference.com/cbb/players/esther-little-1.html,gonzaga,2021-22
15,15,30,2022-02-26,Gonzaga,,Loyola Marymount,REG (Conf),W 83-62,,5,0,0,,0,0,0,0,,,0,0,,1,1,2,0,0,0,2,0,0,-1.0,Esther Little,https://www.sports-reference.com/cbb/players/esther-little-1.html,gonzaga,2021-22
