ranker,player_game_num_career,team_game_num_season,date,team_name_abbr,game_location,opp_name_abbr,game_type,game_result,is_starter,mp,fg,fga,fg_pct,fg3,fg3a,fg3_pct,fg2,fg2a,fg2_pct,efg_pct,ft,fta,ft_pct,orb,drb,trb,ast,stl,blk,tov,pf,pts,game_score,player_name,player_sr_link,school,season
1,59,1,2021-11-11,Gonzaga,,Montana State,REG (Non-Conf),W 72-47,,22,6,9,.667,3,3,1.000,3,6,.500,.833,1,3,.333,1,2,3,3,4,0,0,1,16,18.3,Kaylynne Truong,https://www.sports-reference.com/cbb/players/kaylynne-truong-1.html,gonzaga,2021-22
2,60,2,2021-11-14,Gonzaga,@,Montana,REG (Non-Conf),W 67-60,,22,6,12,.500,1,5,.200,5,7,.714,.542,2,2,1.000,0,4,4,1,1,0,0,2,15,11.1,Kaylynne Truong,https://www.sports-reference.com/cbb/players/kaylynne-truong-1.html,gonzaga,2021-22
3,61,3,2021-11-18,Gonzaga,,Idaho State,REG (Non-Conf),W 69-39,,25,3,6,.500,3,6,.500,0,0,,.750,2,2,1.000,0,3,3,3,2,0,1,0,11,12.0,Kaylynne Truong,https://www.sports-reference.com/cbb/players/kaylynne-truong-1.html,gonzaga,2021-22
4,62,4,2021-11-21,Gonzaga,,Stanford,REG (Non-Conf),L 62-66,,20,1,6,.167,1,4,.250,0,2,.000,.250,0,0,,0,1,1,4,1,0,4,3,3,-1.9,Kaylynne Truong,https://www.sports-reference.com/cbb/players/kaylynne-truong-1.html,gonzaga,2021-22
5,63,5,2021-11-26,Gonzaga,@,Utah,REG (Non-Conf),W 89-71,,25,2,10,.200,1,6,.167,1,4,.250,.250,2,2,1.000,0,4,4,5,0,0,3,2,7,1.7,Kaylynne Truong,https://www.sports-reference.com/cbb/players/kaylynne-truong-1.html,gonzaga,2021-22
6,64,6,2021-11-27,Gonzaga,,Eastern Illinois,REG (Non-Conf),W 74-53,,23,6,8,.750,5,6,.833,1,2,.500,1.063,0,0,,0,4,4,3,0,0,0,1,17,16.7,Kaylynne Truong,https://www.sports-reference.com/cbb/players/kaylynne-truong-1.html,gonzaga,2021-22
7,65,7,2021-11-28,Gonzaga,@,Hawaii,REG (Non-Conf),W 68-49,*,31,4,11,.364,1,4,.250,3,7,.429,.409,5,5,1.000,1,3,4,4,1,0,6,0,14,7.3,Kaylynne Truong,https://www.sports-reference.com/cbb/players/kaylynne-truong-1.html,gonzaga,2021-22
8,66,8,2021-12-03,Gonzaga,,Wyoming,REG (Non-Conf),W 54-47,*,34,3,10,.300,1,4,.250,2,6,.333,.350,4,4,1.000,0,0,0,5,1,0,6,2,11,2.9,Kaylynne Truong,https://www.sports-reference.com/cbb/players/kaylynne-truong-1.html,gonzaga,2021-22
9,67,9,2021-12-08,Gonzaga,,Washington State,REG (Non-Conf),L 49-51,*,29,5,13,.385,3,5,.600,2,8,.250,.500,0,0,,0,1,1,2,0,0,1,0,13,6.6,Kaylynne Truong,https://www.sports-reference.com/cbb/players/kaylynne-truong-1.html,gonzaga,2021-22
10,68,10,2021-12-12,Gonzaga,,Stephen F. Austin,REG (Non-Conf),W 64-54,*,32,5,10,.500,1,5,.200,4,5,.800,.550,7,8,.875,0,2,2,1,0,0,4,2,18,9.1,Kaylynne Truong,https://www.sports-reference.com/cbb/players/kaylynne-truong-1.html,gonzaga,2021-22
11,69,11,2021-12-19,Gonzaga,@,UC Davis,REG (Non-Conf),L 66-69,*,32,4,12,.333,3,7,.429,1,5,.200,.458,0,0,,3,2,5,5,1,0,1,1,11,10.0,Kaylynne Truong,https://www.sports-reference.com/cbb/players/kaylynne-truong-1.html,gonzaga,2021-22
12,70,12,2021-12-21,Gonzaga,@,Eastern Washington,REG (Non-Conf),W 76-48,*,27,2,10,.200,1,5,.200,1,5,.200,.250,2,2,1.000,1,3,4,7,1,0,0,1,7,7.9,Kaylynne Truong,https://www.sports-reference.com/cbb/players/kaylynne-truong-1.html,gonzaga,2021-22
13,71,13,2022-01-06,Gonzaga,@,Portland,REG (Conf),W 76-65,*,31,1,6,.167,0,2,.000,1,4,.250,.167,2,2,1.000,0,0,0,8,0,0,5,1,4,0.4,Kaylynne Truong,https://www.sports-reference.com/cbb/players/kaylynne-truong-1.html,gonzaga,2021-22
14,72,14,2022-01-09,Gonzaga,@,Stanford,REG (Non-Conf),L 50-66,,21,2,4,.500,0,1,.000,2,3,.667,.500,0,0,,0,1,1,1,0,0,2,2,4,0.2,Kaylynne Truong,https://www.sports-reference.com/cbb/players/kaylynne-truong-1.html,gonzaga,2021-22
15,73,15,2022-01-13,Gonzaga,@,Pacific,REG (Conf),W 92-51,,22,5,12,.417,2,9,.222,3,3,1.000,.500,0,0,,0,1,1,5,0,0,2,1,12,7.0,Kaylynne Truong,https://www.sports-reference.com/cbb/players/kaylynne-truong-1.html,gonzaga,2021-22
16,74,16,2022-01-15,Gonzaga,,San Diego,REG (Conf),W 76-66,,27,2,7,.286,2,7,.286,0,0,,.429,6,6,1.000,0,1,1,4,1,0,1,1,12,10.6,Kaylynne Truong,https://www.sports-reference.com/cbb/players/kaylynne-truong-1.html,gonzaga,2021-22
17,75,17,2022-01-20,Gonzaga,,Portland,REG (Conf),W 68-59,,19,2,6,.333,1,2,.500,1,4,.250,.417,4,4,1.000,0,1,1,3,1,0,4,2,9,4.2,Kaylynne Truong,https://www.sports-reference.com/cbb/players/kaylynne-truong-1.html,gonzaga,2021-22
18,76,18,2022-01-22,Gonzaga,@,St. Mary's (CA),REG (Conf),W 66-53,,24,4,7,.571,1,3,.333,3,4,.750,.643,5,6,.833,2,1,3,1,0,0,3,0,14,9.7,Kaylynne Truong,https://www.sports-reference.com/cbb/players/kaylynne-truong-1.html,gonzaga,2021-22
19,77,19,2022-01-27,Gonzaga,@,Pepperdine,REG (Conf),W 66-54,,23,4,6,.667,3,4,.750,1,2,.500,.917,0,0,,0,1,1,5,2,0,4,1,11,9.8,Kaylynne Truong,https://www.sports-reference.com/cbb/players/kaylynne-truong-1.html,gonzaga,2021-22
20,78,20,2022-01-29,Gonzaga,@,San Diego,REG (Conf),W 69-43,,21,4,8,.500,1,5,.200,3,3,1.000,.563,3,4,.750,0,3,3,4,2,0,3,2,12,9.5,Kaylynne Truong,https://www.sports-reference.com/cbb/players/kaylynne-truong-1.html,gonzaga,2021-22
21,79,21,2022-02-03,Gonzaga,,Pacific,REG (Conf),W 79-38,,16,3,3,1.000,2,2,1.000,1,1,1.000,1.333,2,2,1.000,0,2,2,1,1,0,5,3,10,5.2,Kaylynne Truong,https://www.sports-reference.com/cbb/players/kaylynne-truong-1.html,gonzaga,2021-22
22,80,22,2022-02-05,Gonzaga,,Brigham Young,REG (Conf),L 50-62,,25,1,10,.100,1,5,.200,0,5,.000,.150,0,0,,1,0,1,3,1,0,1,1,3,-1.2,Kaylynne Truong,https://www.sports-reference.com/cbb/players/kaylynne-truong-1.html,gonzaga,2021-22
23,81,23,2022-02-07,Gonzaga,,San Francisco,REG (Conf),W 55-49,,21,2,10,.200,0,3,.000,2,7,.286,.200,2,4,.500,1,1,2,3,3,0,2,1,6,2.7,Kaylynne Truong,https://www.sports-reference.com/cbb/players/kaylynne-truong-1.html,gonzaga,2021-22
24,82,24,2022-02-10,Gonzaga,@,Santa Clara,REG (Conf),W 72-55,,21,6,9,.667,4,5,.800,2,4,.500,.889,2,2,1.000,2,1,3,3,1,0,2,1,18,16.5,Kaylynne Truong,https://www.sports-reference.com/cbb/players/kaylynne-truong-1.html,gonzaga,2021-22
25,83,25,2022-02-12,Gonzaga,@,San Francisco,REG (Conf),W 83-82,,24,7,14,.500,3,9,.333,4,5,.800,.607,4,4,1.000,0,1,1,3,1,0,0,0,21,17.4,Kaylynne Truong,https://www.sports-reference.com/cbb/players/kaylynne-truong-1.html,gonzaga,2021-22
26,84,26,2022-02-17,Gonzaga,,St. Mary's (CA),REG (Conf),W 85-49,,23,7,12,.583,3,7,.429,4,5,.800,.708,1,1,1.000,0,1,1,4,0,0,1,0,18,14.5,Kaylynne Truong,https://www.sports-reference.com/cbb/players/kaylynne-truong-1.html,gonzaga,2021-22
27,85,27,2022-02-19,Gonzaga,@,Brigham Young,REG (Conf),L 39-63,,27,1,7,.143,0,4,.000,1,3,.333,.143,3,4,.750,0,1,1,3,1,0,2,2,5,0.7,Kaylynne Truong,https://www.sports-reference.com/cbb/players/kaylynne-truong-1.html,gonzaga,2021-22
28,86,28,2022-02-21,Gonzaga,,Santa Clara,REG (Conf),W 74-58,,19,3,7,.429,0,2,.000,3,5,.600,.429,0,0,,0,1,1,5,1,0,1,2,6,5.3,Kaylynne Truong,https://www.sports-reference.com/cbb/players/kaylynne-truong-1.html,gonzaga,2021-22
29,87,29,2022-02-24,Gonzaga,,Pepperdine,REG (Conf),W 85-41,,18,1,3,.333,0,1,.000,1,2,.500,.333,0,0,,0,1,1,4,1,0,0,1,2,4.0,Kaylynne Truong,https://www.sports-reference.com/cbb/players/kaylynne-truong-1.html,gonzaga,2021-22
30,88,30,2022-02-26,Gonzaga,,Loyola Marymount,REG (Conf),W 83-62,,22,2,9,.222,1,4,.250,1,5,.200,.278,0,0,,1,1,2,4,1,0,2,0,5,2.3,Kaylynne Truong,https://www.sports-reference.com/cbb/players/kaylynne-truong-1.html,gonzaga,2021-22
31,89,31,2022-03-07,Gonzaga,,San Francisco,CTOURN,W 69-55,,27,3,7,.429,1,2,.500,2,5,.400,.500,9,9,1.000,1,2,3,1,1,1,0,3,16,14.8,Kaylynne Truong,https://www.sports-reference.com/cbb/players/kaylynne-truong-1.html,gonzaga,2021-22
32,90,32,2022-03-08,Gonzaga,@,Brigham Young,CTOURN,W 71-59,,24,3,7,.429,2,4,.500,1,3,.333,.571,6,6,1.000,0,4,4,0,0,0,2,2,14,8.7,Kaylynne Truong,https://www.sports-reference.com/cbb/players/kaylynne-truong-1.html,gonzaga,2021-22
33,91,33,2022-03-18,Gonzaga,@,Nebraska,ROUND-64,W 68-55,,26,0,5,.000,0,3,.000,0,2,.000,.000,0,0,,1,2,3,6,2,0,3,3,0,-0.2,Kaylynne Truong,https://www.sports-reference.com/cbb/players/kaylynne-truong-1.html,gonzaga,2021-22
34,92,34,2022-03-20,Gonzaga,@,Louisville,ROUND-32,L 59-68,,24,3,8,.375,2,7,.286,1,1,1.000,.500,1,2,.500,0,2,2,1,1,1,2,2,9,4.4,Kaylynne Truong,https://www.sports-reference.com/cbb/players/kaylynne-truong-1.html,gonzaga,2021-22
