ranker,player_game_num_career,team_game_num_season,date,team_name_abbr,game_location,opp_name_abbr,game_type,game_result,is_starter,mp,fg,fga,fg_pct,fg3,fg3a,fg3_pct,fg2,fg2a,fg2_pct,efg_pct,ft,fta,ft_pct,orb,drb,trb,ast,stl,blk,tov,pf,pts,game_score,player_name,player_sr_link,school,season
1,56,1,2021-11-11,Gonzaga,,Montana State,REG (Non-Conf),W 72-47,*,22,3,8,.375,1,2,.500,2,6,.333,.438,5,6,.833,0,1,1,5,1,0,5,0,12,7.0,Kayleigh Truong,https://www.sports-reference.com/cbb/players/kayleigh-truong-1.html,gonzaga,2021-22
2,57,2,2021-11-14,Gonzaga,@,Montana,REG (Non-Conf),W 67-60,*,19,5,10,.500,0,1,.000,5,9,.556,.500,3,5,.600,1,2,3,1,0,0,1,4,13,6.6,Kayleigh Truong,https://www.sports-reference.com/cbb/players/kayleigh-truong-1.html,gonzaga,2021-22
3,58,3,2021-11-18,Gonzaga,,Idaho State,REG (Non-Conf),W 69-39,*,19,2,5,.400,0,3,.000,2,2,1.000,.400,5,5,1.000,0,0,0,1,0,0,2,3,9,3.8,Kayleigh Truong,https://www.sports-reference.com/cbb/players/kayleigh-truong-1.html,gonzaga,2021-22
4,59,4,2021-11-21,Gonzaga,,Stanford,REG (Non-Conf),L 62-66,*,28,1,9,.111,0,2,.000,1,7,.143,.111,7,7,1.000,0,2,2,6,3,0,0,2,9,10.1,Kayleigh Truong,https://www.sports-reference.com/cbb/players/kayleigh-truong-1.html,gonzaga,2021-22
5,60,5,2021-11-26,Gonzaga,@,Utah,REG (Non-Conf),W 89-71,*,24,6,11,.545,2,4,.500,4,7,.571,.636,4,4,1.000,0,2,2,5,2,0,1,2,18,17.0,Kayleigh Truong,https://www.sports-reference.com/cbb/players/kayleigh-truong-1.html,gonzaga,2021-22
6,61,6,2021-11-27,Gonzaga,,Eastern Illinois,REG (Non-Conf),W 74-53,*,18,4,5,.800,3,4,.750,1,1,1.000,1.100,0,0,,0,2,2,5,1,0,4,2,11,9.4,Kayleigh Truong,https://www.sports-reference.com/cbb/players/kayleigh-truong-1.html,gonzaga,2021-22
7,62,9,2021-12-08,Gonzaga,,Washington State,REG (Non-Conf),L 49-51,,20,3,8,.375,1,4,.250,2,4,.500,.438,4,4,1.000,0,2,2,3,1,0,5,1,11,4.9,Kayleigh Truong,https://www.sports-reference.com/cbb/players/kayleigh-truong-1.html,gonzaga,2021-22
8,63,11,2021-12-19,Gonzaga,@,UC Davis,REG (Non-Conf),L 66-69,,17,3,6,.500,1,1,1.000,2,5,.400,.583,2,2,1.000,1,1,2,4,1,0,0,1,9,10.4,Kayleigh Truong,https://www.sports-reference.com/cbb/players/kayleigh-truong-1.html,gonzaga,2021-22
9,64,12,2021-12-21,Gonzaga,@,Eastern Washington,REG (Non-Conf),W 76-48,,13,2,4,.500,1,1,1.000,1,3,.333,.625,2,2,1.000,0,0,0,0,0,0,2,1,7,2.6,Kayleigh Truong,https://www.sports-reference.com/cbb/players/kayleigh-truong-1.html,gonzaga,2021-22
10,65,13,2022-01-06,Gonzaga,@,Portland,REG (Conf),W 76-65,*,24,0,1,.000,0,1,.000,0,0,,.000,5,10,.500,0,4,4,3,3,0,3,4,5,4.0,Kayleigh Truong,https://www.sports-reference.com/cbb/players/kayleigh-truong-1.html,gonzaga,2021-22
11,66,14,2022-01-09,Gonzaga,@,Stanford,REG (Non-Conf),L 50-66,*,30,3,7,.429,2,3,.667,1,4,.250,.571,4,4,1.000,2,1,3,1,0,0,3,1,12,7.3,Kayleigh Truong,https://www.sports-reference.com/cbb/players/kayleigh-truong-1.html,gonzaga,2021-22
12,67,15,2022-01-13,Gonzaga,@,Pacific,REG (Conf),W 92-51,*,20,5,10,.500,3,7,.429,2,3,.667,.650,0,0,,0,1,1,5,1,0,3,1,13,9.4,Kayleigh Truong,https://www.sports-reference.com/cbb/players/kayleigh-truong-1.html,gonzaga,2021-22
13,68,16,2022-01-15,Gonzaga,,San Diego,REG (Conf),W 76-66,*,26,5,11,.455,1,4,.250,4,7,.571,.500,3,6,.500,2,0,2,6,1,0,5,3,14,7.5,Kayleigh Truong,https://www.sports-reference.com/cbb/players/kayleigh-truong-1.html,gonzaga,2021-22
14,69,17,2022-01-20,Gonzaga,,Portland,REG (Conf),W 68-59,*,27,4,7,.571,3,6,.500,1,1,1.000,.786,2,2,1.000,0,1,1,5,0,0,4,2,13,8.7,Kayleigh Truong,https://www.sports-reference.com/cbb/players/kayleigh-truong-1.html,gonzaga,2021-22
15,70,18,2022-01-22,Gonzaga,@,St. Mary's (CA),REG (Conf),W 66-53,*,25,5,12,.417,1,4,.250,4,8,.500,.458,3,4,.750,0,4,4,2,2,0,3,3,14,7.6,Kayleigh Truong,https://www.sports-reference.com/cbb/players/kayleigh-truong-1.html,gonzaga,2021-22
16,71,19,2022-01-27,Gonzaga,@,Pepperdine,REG (Conf),W 66-54,*,24,2,10,.200,1,5,.200,1,5,.200,.250,0,0,,0,2,2,3,2,0,1,2,5,1.7,Kayleigh Truong,https://www.sports-reference.com/cbb/players/kayleigh-truong-1.html,gonzaga,2021-22
17,72,20,2022-01-29,Gonzaga,@,San Diego,REG (Conf),W 69-43,*,21,5,12,.417,1,7,.143,4,5,.800,.458,3,3,1.000,1,3,4,2,0,0,4,3,14,5.4,Kayleigh Truong,https://www.sports-reference.com/cbb/players/kayleigh-truong-1.html,gonzaga,2021-22
18,73,21,2022-02-03,Gonzaga,,Pacific,REG (Conf),W 79-38,*,23,4,4,1.000,2,2,1.000,2,2,1.000,1.250,2,2,1.000,0,1,1,4,0,0,2,1,12,11.5,Kayleigh Truong,https://www.sports-reference.com/cbb/players/kayleigh-truong-1.html,gonzaga,2021-22
19,74,22,2022-02-05,Gonzaga,,Brigham Young,REG (Conf),L 50-62,*,25,3,11,.273,1,3,.333,2,8,.250,.318,2,2,1.000,3,1,4,5,2,0,5,5,9,3.4,Kayleigh Truong,https://www.sports-reference.com/cbb/players/kayleigh-truong-1.html,gonzaga,2021-22
20,75,23,2022-02-07,Gonzaga,,San Francisco,REG (Conf),W 55-49,*,28,3,9,.333,2,5,.400,1,4,.250,.444,3,3,1.000,1,1,2,1,0,0,1,0,11,6.6,Kayleigh Truong,https://www.sports-reference.com/cbb/players/kayleigh-truong-1.html,gonzaga,2021-22
21,76,24,2022-02-10,Gonzaga,@,Santa Clara,REG (Conf),W 72-55,*,29,5,12,.417,1,6,.167,4,6,.667,.458,3,3,1.000,0,5,5,4,2,0,4,2,14,9.1,Kayleigh Truong,https://www.sports-reference.com/cbb/players/kayleigh-truong-1.html,gonzaga,2021-22
22,77,25,2022-02-12,Gonzaga,@,San Francisco,REG (Conf),W 83-82,*,29,3,11,.273,1,6,.167,2,5,.400,.318,1,2,.500,0,3,3,2,1,0,1,1,8,3.0,Kayleigh Truong,https://www.sports-reference.com/cbb/players/kayleigh-truong-1.html,gonzaga,2021-22
23,78,26,2022-02-17,Gonzaga,,St. Mary's (CA),REG (Conf),W 85-49,*,21,4,11,.364,1,3,.333,3,8,.375,.409,3,3,1.000,1,3,4,7,3,0,2,0,12,13.4,Kayleigh Truong,https://www.sports-reference.com/cbb/players/kayleigh-truong-1.html,gonzaga,2021-22
24,79,27,2022-02-19,Gonzaga,@,Brigham Young,REG (Conf),L 39-63,*,19,2,5,.400,1,3,.333,1,2,.500,.500,4,5,.800,0,3,3,2,0,0,3,2,9,4.4,Kayleigh Truong,https://www.sports-reference.com/cbb/players/kayleigh-truong-1.html,gonzaga,2021-22
25,80,28,2022-02-21,Gonzaga,,Santa Clara,REG (Conf),W 74-58,*,24,6,7,.857,2,3,.667,4,4,1.000,1.000,1,1,1.000,0,1,1,4,4,0,2,1,15,17.2,Kayleigh Truong,https://www.sports-reference.com/cbb/players/kayleigh-truong-1.html,gonzaga,2021-22
26,81,29,2022-02-24,Gonzaga,,Pepperdine,REG (Conf),W 85-41,*,26,3,5,.600,3,5,.600,0,0,,.900,0,0,,0,2,2,11,0,0,3,0,9,12.0,Kayleigh Truong,https://www.sports-reference.com/cbb/players/kayleigh-truong-1.html,gonzaga,2021-22
27,82,30,2022-02-26,Gonzaga,,Loyola Marymount,REG (Conf),W 83-62,*,21,2,7,.286,2,5,.400,0,2,.000,.429,0,0,,0,5,5,3,0,0,3,1,6,2.1,Kayleigh Truong,https://www.sports-reference.com/cbb/players/kayleigh-truong-1.html,gonzaga,2021-22
28,83,31,2022-03-07,Gonzaga,,San Francisco,CTOURN,W 69-55,*,33,1,9,.111,0,5,.000,1,4,.250,.111,5,6,.833,1,3,4,7,0,0,1,1,7,5.8,Kayleigh Truong,https://www.sports-reference.com/cbb/players/kayleigh-truong-1.html,gonzaga,2021-22
29,84,32,2022-03-08,Gonzaga,@,Brigham Young,CTOURN,W 71-59,*,33,5,7,.714,1,2,.500,4,5,.800,.786,1,2,.500,0,2,2,4,0,0,0,0,12,12.1,Kayleigh Truong,https://www.sports-reference.com/cbb/players/kayleigh-truong-1.html,gonzaga,2021-22
30,85,33,2022-03-18,Gonzaga,@,Nebraska,ROUND-64,W 68-55,*,28,8,15,.533,2,5,.400,6,10,.600,.600,2,2,1.000,0,5,5,4,1,0,4,2,20,13.2,Kayleigh Truong,https://www.sports-reference.com/cbb/players/kayleigh-truong-1.html,gonzaga,2021-22
31,86,34,2022-03-20,Gonzaga,@,Louisville,ROUND-32,L 59-68,*,35,5,11,.455,0,3,.000,5,8,.625,.455,4,5,.800,1,3,4,2,1,0,6,2,14,5.1,Kayleigh Truong,https://www.sports-reference.com/cbb/players/kayleigh-truong-1.html,gonzaga,2021-22
