ranker,player_game_num_career,team_game_num_season,date,team_name_abbr,game_location,opp_name_abbr,game_type,game_result,is_starter,mp,fg,fga,fg_pct,fg3,fg3a,fg2,fg2a,fg2_pct,efg_pct,ft,fta,ft_pct,orb,drb,trb,ast,stl,blk,tov,pf,pts,game_score,player_name,player_sr_link,school,season
1,2,1,2021-11-11,Gonzaga,,Montana State,REG (Non-Conf),W 72-47,,5,1,1,1.000,0,0,1,1,1.000,1.000,0,0,,0,1,1,1,0,0,0,0,2,2.7,Maud Huijbens,https://www.sports-reference.com/cbb/players/maud-huijbens-1.html,gonzaga,2021-22
2,3,2,2021-11-14,Gonzaga,@,Montana,REG (Non-Conf),W 67-60,,1,0,1,.000,0,0,0,1,.000,.000,0,0,,0,1,1,0,0,0,0,0,0,-0.4,Maud Huijbens,https://www.sports-reference.com/cbb/players/maud-huijbens-1.html,gonzaga,2021-22
3,4,3,2021-11-18,Gonzaga,,Idaho State,REG (Non-Conf),W 69-39,,4,1,1,1.000,0,0,1,1,1.000,1.000,0,0,,0,1,1,0,0,0,0,0,2,2.0,Maud Huijbens,https://www.sports-reference.com/cbb/players/maud-huijbens-1.html,gonzaga,2021-22
4,5,5,2021-11-26,Gonzaga,@,Utah,REG (Non-Conf),W 89-71,,12,2,3,.667,0,0,2,3,.667,.667,0,0,,1,3,4,0,0,0,1,1,4,2.9,Maud Huijbens,https://www.sports-reference.com/cbb/players/maud-huijbens-1.html,gonzaga,2021-22
5,6,6,2021-11-27,Gonzaga,,Eastern Illinois,REG (Non-Conf),W 74-53,,7,0,0,,0,0,0,0,,,0,0,,0,0,0,0,0,0,2,0,0,-2.0,Maud Huijbens,https://www.sports-reference.com/cbb/players/maud-huijbens-1.html,gonzaga,2021-22
6,7,7,2021-11-28,Gonzaga,@,Hawaii,REG (Non-Conf),W 68-49,,10,0,3,.000,0,0,0,3,.000,.000,1,2,.500,1,2,3,0,0,0,0,2,1,-1.0,Maud Huijbens,https://www.sports-reference.com/cbb/players/maud-huijbens-1.html,gonzaga,2021-22
7,8,9,2021-12-08,Gonzaga,,Washington State,REG (Non-Conf),L 49-51,,1,0,0,,0,0,0,0,,,0,0,,0,0,0,0,0,0,0,0,0,0.0,Maud Huijbens,https://www.sports-reference.com/cbb/players/maud-huijbens-1.html,gonzaga,2021-22
8,9,10,2021-12-12,Gonzaga,,Stephen F. Austin,REG (Non-Conf),W 64-54,,3,1,1,1.000,0,0,1,1,1.000,1.000,0,0,,1,0,1,0,0,0,0,2,2,1.6,Maud Huijbens,https://www.sports-reference.com/cbb/players/maud-huijbens-1.html,gonzaga,2021-22
9,10,12,2021-12-21,Gonzaga,@,Eastern Washington,REG (Non-Conf),W 76-48,,9,0,0,,0,0,0,0,,,0,0,,0,2,2,0,1,0,2,0,0,-0.4,Maud Huijbens,https://www.sports-reference.com/cbb/players/maud-huijbens-1.html,gonzaga,2021-22
10,11,13,2022-01-06,Gonzaga,@,Portland,REG (Conf),W 76-65,,5,1,1,1.000,0,0,1,1,1.000,1.000,0,0,,0,0,0,0,0,0,1,0,2,0.7,Maud Huijbens,https://www.sports-reference.com/cbb/players/maud-huijbens-1.html,gonzaga,2021-22
11,12,14,2022-01-09,Gonzaga,@,Stanford,REG (Non-Conf),L 50-66,,1,0,0,,0,0,0,0,,,0,0,,0,0,0,0,0,0,0,1,0,-0.4,Maud Huijbens,https://www.sports-reference.com/cbb/players/maud-huijbens-1.html,gonzaga,2021-22
12,13,15,2022-01-13,Gonzaga,@,Pacific,REG (Conf),W 92-51,,12,0,1,.000,0,0,0,1,.000,.000,1,2,.500,3,1,4,2,1,0,3,2,1,0.9,Maud Huijbens,https://www.sports-reference.com/cbb/players/maud-huijbens-1.html,gonzaga,2021-22
13,14,19,2022-01-27,Gonzaga,@,Pepperdine,REG (Conf),W 66-54,,9,0,0,,0,0,0,0,,,0,0,,0,1,1,1,0,1,0,1,0,1.3,Maud Huijbens,https://www.sports-reference.com/cbb/players/maud-huijbens-1.html,gonzaga,2021-22
14,15,20,2022-01-29,Gonzaga,@,San Diego,REG (Conf),W 69-43,,6,0,1,.000,0,0,0,1,.000,.000,1,2,.500,0,2,2,0,1,0,1,1,1,0.1,Maud Huijbens,https://www.sports-reference.com/cbb/players/maud-huijbens-1.html,gonzaga,2021-22
15,16,21,2022-02-03,Gonzaga,,Pacific,REG (Conf),W 79-38,,8,0,0,,0,0,0,0,,,1,2,.500,0,1,1,0,1,0,0,1,1,1.5,Maud Huijbens,https://www.sports-reference.com/cbb/players/maud-huijbens-1.html,gonzaga,2021-22
16,17,24,2022-02-10,Gonzaga,@,Santa Clara,REG (Conf),W 72-55,,1,0,0,,0,0,0,0,,,0,0,,0,0,0,0,0,0,0,1,0,-0.4,Maud Huijbens,https://www.sports-reference.com/cbb/players/maud-huijbens-1.html,gonzaga,2021-22
17,18,26,2022-02-17,Gonzaga,,St. Mary's (CA),REG (Conf),W 85-49,,11,1,1,1.000,0,0,1,1,1.000,1.000,0,0,,0,1,1,0,0,0,2,2,2,-0.8,Maud Huijbens,https://www.sports-reference.com/cbb/players/maud-huijbens-1.html,gonzaga,2021-22
18,19,27,2022-02-19,Gonzaga,@,Brigham Young,REG (Conf),L 39-63,,1,0,0,,0,0,0,0,,,0,0,,0,0,0,0,0,0,0,0,0,0.0,Maud Huijbens,https://www.sports-reference.com/cbb/players/maud-huijbens-1.html,gonzaga,2021-22
19,20,29,2022-02-24,Gonzaga,,Pepperdine,REG (Conf),W 85-41,,12,4,8,.500,0,0,4,8,.500,.500,4,4,1.000,3,2,5,0,0,0,0,0,12,10.7,Maud Huijbens,https://www.sports-reference.com/cbb/players/maud-huijbens-1.html,gonzaga,2021-22
20,21,30,2022-02-26,Gonzaga,,Loyola Marymount,REG (Conf),W 83-62,,4,0,0,,0,0,0,0,,,1,2,.500,0,1,1,0,0,0,1,0,1,-0.1,Maud Huijbens,https://www.sports-reference.com/cbb/players/maud-huijbens-1.html,gonzaga,2021-22
21,22,31,2022-03-07,Gonzaga,,San Francisco,CTOURN,W 69-55,,6,0,1,.000,0,0,0,1,.000,.000,0,0,,0,0,0,1,0,0,0,1,0,-0.4,Maud Huijbens,https://www.sports-reference.com/cbb/players/maud-huijbens-1.html,gonzaga,2021-22
