ranker,player_game_num_career,team_game_num_season,date,team_name_abbr,game_location,opp_name_abbr,game_type,game_result,is_starter,mp,fg,fga,fg_pct,fg3,fg3a,fg3_pct,fg2,fg2a,fg2_pct,efg_pct,ft,fta,ft_pct,orb,drb,trb,ast,stl,blk,tov,pf,pts,game_score,player_name,player_sr_link,school,season
1,21,1,2021-11-11,Gonzaga,,Montana State,REG (Non-Conf),W 72-47,,17,0,4,.000,0,1,.000,0,3,.000,.000,0,0,,1,2,3,1,0,0,0,2,0,-1.6,McKayla Williams,https://www.sports-reference.com/cbb/players/mckayla-williams-1.html,gonzaga,2021-22
2,22,2,2021-11-14,Gonzaga,@,Montana,REG (Non-Conf),W 67-60,,9,1,2,.500,1,2,.500,0,0,,.750,0,0,,0,0,0,0,1,0,2,0,3,1.0,McKayla Williams,https://www.sports-reference.com/cbb/players/mckayla-williams-1.html,gonzaga,2021-22
3,23,3,2021-11-18,Gonzaga,,Idaho State,REG (Non-Conf),W 69-39,,16,2,2,1.000,0,0,,2,2,1.000,1.000,2,2,1.000,0,3,3,0,3,0,1,0,6,8.3,McKayla Williams,https://www.sports-reference.com/cbb/players/mckayla-williams-1.html,gonzaga,2021-22
4,24,4,2021-11-21,Gonzaga,,Stanford,REG (Non-Conf),L 62-66,,13,0,0,,0,0,,0,0,,,0,0,,0,0,0,1,1,0,0,1,0,1.3,McKayla Williams,https://www.sports-reference.com/cbb/players/mckayla-williams-1.html,gonzaga,2021-22
5,25,5,2021-11-26,Gonzaga,@,Utah,REG (Non-Conf),W 89-71,,5,0,1,.000,0,0,,0,1,.000,.000,0,0,,0,1,1,0,0,0,0,5,0,-2.4,McKayla Williams,https://www.sports-reference.com/cbb/players/mckayla-williams-1.html,gonzaga,2021-22
6,26,6,2021-11-27,Gonzaga,,Eastern Illinois,REG (Non-Conf),W 74-53,,17,1,5,.200,1,4,.250,0,1,.000,.300,0,0,,1,5,6,1,0,1,1,1,3,2.1,McKayla Williams,https://www.sports-reference.com/cbb/players/mckayla-williams-1.html,gonzaga,2021-22
7,27,7,2021-11-28,Gonzaga,@,Hawaii,REG (Non-Conf),W 68-49,,14,2,3,.667,1,2,.500,1,1,1.000,.833,0,0,,0,3,3,1,0,0,1,1,5,3.9,McKayla Williams,https://www.sports-reference.com/cbb/players/mckayla-williams-1.html,gonzaga,2021-22
8,28,8,2021-12-03,Gonzaga,,Wyoming,REG (Non-Conf),W 54-47,,15,0,3,.000,0,1,.000,0,2,.000,.000,0,0,,1,0,1,0,2,0,1,0,0,-0.4,McKayla Williams,https://www.sports-reference.com/cbb/players/mckayla-williams-1.html,gonzaga,2021-22
9,29,9,2021-12-08,Gonzaga,,Washington State,REG (Non-Conf),L 49-51,,12,0,0,,0,0,,0,0,,,0,0,,1,4,5,0,0,0,2,3,0,-1.3,McKayla Williams,https://www.sports-reference.com/cbb/players/mckayla-williams-1.html,gonzaga,2021-22
10,30,10,2021-12-12,Gonzaga,,Stephen F. Austin,REG (Non-Conf),W 64-54,,14,1,2,.500,0,1,.000,1,1,1.000,.500,0,0,,1,1,2,1,0,0,2,0,2,0.7,McKayla Williams,https://www.sports-reference.com/cbb/players/mckayla-williams-1.html,gonzaga,2021-22
11,31,11,2021-12-19,Gonzaga,@,UC Davis,REG (Non-Conf),L 66-69,,13,1,3,.333,0,0,,1,3,.333,.333,0,0,,0,1,1,0,0,0,1,0,2,-0.4,McKayla Williams,https://www.sports-reference.com/cbb/players/mckayla-williams-1.html,gonzaga,2021-22
12,32,12,2021-12-21,Gonzaga,@,Eastern Washington,REG (Non-Conf),W 76-48,,17,3,5,.600,0,1,.000,3,4,.750,.600,0,0,,0,3,3,1,2,0,1,1,6,5.9,McKayla Williams,https://www.sports-reference.com/cbb/players/mckayla-williams-1.html,gonzaga,2021-22
13,33,13,2022-01-06,Gonzaga,@,Portland,REG (Conf),W 76-65,,10,0,2,.000,0,0,,0,2,.000,.000,0,0,,0,5,5,1,0,1,1,2,0,-0.3,McKayla Williams,https://www.sports-reference.com/cbb/players/mckayla-williams-1.html,gonzaga,2021-22
14,34,14,2022-01-09,Gonzaga,@,Stanford,REG (Non-Conf),L 50-66,,14,0,4,.000,0,3,.000,0,1,.000,.000,0,0,,0,0,0,1,0,0,2,0,0,-4.1,McKayla Williams,https://www.sports-reference.com/cbb/players/mckayla-williams-1.html,gonzaga,2021-22
15,35,15,2022-01-13,Gonzaga,@,Pacific,REG (Conf),W 92-51,,18,2,3,.667,1,1,1.000,1,2,.500,.833,0,0,,2,3,5,4,1,0,1,3,5,7.6,McKayla Williams,https://www.sports-reference.com/cbb/players/mckayla-williams-1.html,gonzaga,2021-22
16,36,16,2022-01-15,Gonzaga,,San Diego,REG (Conf),W 76-66,,8,0,1,.000,0,0,,0,1,.000,.000,0,0,,0,1,1,0,0,0,2,0,0,-2.4,McKayla Williams,https://www.sports-reference.com/cbb/players/mckayla-williams-1.html,gonzaga,2021-22
17,37,17,2022-01-20,Gonzaga,,Portland,REG (Conf),W 68-59,,8,1,2,.500,0,1,.000,1,1,1.000,.500,2,2,1.000,0,1,1,1,0,0,0,1,4,3.6,McKayla Williams,https://www.sports-reference.com/cbb/players/mckayla-williams-1.html,gonzaga,2021-22
18,38,18,2022-01-22,Gonzaga,@,St. Mary's (CA),REG (Conf),W 66-53,,10,1,5,.200,0,0,,1,5,.200,.200,1,1,1.000,0,2,2,0,0,0,0,0,3,0.5,McKayla Williams,https://www.sports-reference.com/cbb/players/mckayla-williams-1.html,gonzaga,2021-22
19,39,19,2022-01-27,Gonzaga,@,Pepperdine,REG (Conf),W 66-54,,17,0,3,.000,0,0,,0,3,.000,.000,2,2,1.000,0,2,2,0,2,0,2,2,2,-0.3,McKayla Williams,https://www.sports-reference.com/cbb/players/mckayla-williams-1.html,gonzaga,2021-22
20,40,20,2022-01-29,Gonzaga,@,San Diego,REG (Conf),W 69-43,,13,0,0,,0,0,,0,0,,,0,0,,1,3,4,1,0,1,1,0,0,2.0,McKayla Williams,https://www.sports-reference.com/cbb/players/mckayla-williams-1.html,gonzaga,2021-22
21,41,21,2022-02-03,Gonzaga,,Pacific,REG (Conf),W 79-38,,17,1,1,1.000,0,0,,1,1,1.000,1.000,1,2,.500,1,2,3,1,1,0,0,1,3,4.9,McKayla Williams,https://www.sports-reference.com/cbb/players/mckayla-williams-1.html,gonzaga,2021-22
22,42,22,2022-02-05,Gonzaga,,Brigham Young,REG (Conf),L 50-62,,8,1,1,1.000,1,1,1.000,0,0,,1.500,0,0,,0,0,0,0,0,0,1,1,3,1.3,McKayla Williams,https://www.sports-reference.com/cbb/players/mckayla-williams-1.html,gonzaga,2021-22
23,43,23,2022-02-07,Gonzaga,,San Francisco,REG (Conf),W 55-49,,14,0,1,.000,0,0,,0,1,.000,.000,0,0,,1,1,2,0,1,0,1,3,0,-0.9,McKayla Williams,https://www.sports-reference.com/cbb/players/mckayla-williams-1.html,gonzaga,2021-22
24,44,24,2022-02-10,Gonzaga,@,Santa Clara,REG (Conf),W 72-55,,12,0,1,.000,0,1,.000,0,0,,.000,0,0,,2,0,2,1,2,0,0,0,0,3.4,McKayla Williams,https://www.sports-reference.com/cbb/players/mckayla-williams-1.html,gonzaga,2021-22
25,45,25,2022-02-12,Gonzaga,@,San Francisco,REG (Conf),W 83-82,,12,2,3,.667,1,2,.500,1,1,1.000,.833,0,0,,1,1,2,2,1,1,0,1,5,7.4,McKayla Williams,https://www.sports-reference.com/cbb/players/mckayla-williams-1.html,gonzaga,2021-22
26,46,26,2022-02-17,Gonzaga,,St. Mary's (CA),REG (Conf),W 85-49,,16,0,1,.000,0,0,,0,1,.000,.000,0,0,,2,1,3,3,2,0,0,4,0,3.5,McKayla Williams,https://www.sports-reference.com/cbb/players/mckayla-williams-1.html,gonzaga,2021-22
27,47,27,2022-02-19,Gonzaga,@,Brigham Young,REG (Conf),L 39-63,,15,0,1,.000,0,0,,0,1,.000,.000,0,0,,0,3,3,0,0,0,0,3,0,-1.0,McKayla Williams,https://www.sports-reference.com/cbb/players/mckayla-williams-1.html,gonzaga,2021-22
28,48,28,2022-02-21,Gonzaga,,Santa Clara,REG (Conf),W 74-58,,16,3,6,.500,0,1,.000,3,5,.600,.500,0,0,,0,1,1,0,0,0,1,0,6,2.3,McKayla Williams,https://www.sports-reference.com/cbb/players/mckayla-williams-1.html,gonzaga,2021-22
29,49,29,2022-02-24,Gonzaga,,Pepperdine,REG (Conf),W 85-41,,16,1,4,.250,0,2,.000,1,2,.500,.250,0,0,,1,0,1,0,2,0,0,1,2,1.9,McKayla Williams,https://www.sports-reference.com/cbb/players/mckayla-williams-1.html,gonzaga,2021-22
30,50,30,2022-02-26,Gonzaga,,Loyola Marymount,REG (Conf),W 83-62,,16,0,3,.000,0,1,.000,0,2,.000,.000,0,0,,1,2,3,1,2,1,3,1,0,-0.8,McKayla Williams,https://www.sports-reference.com/cbb/players/mckayla-williams-1.html,gonzaga,2021-22
31,51,31,2022-03-07,Gonzaga,,San Francisco,CTOURN,W 69-55,,10,1,2,.500,0,1,.000,1,1,1.000,.500,0,0,,1,1,2,2,0,0,1,1,2,2.0,McKayla Williams,https://www.sports-reference.com/cbb/players/mckayla-williams-1.html,gonzaga,2021-22
32,52,32,2022-03-08,Gonzaga,@,Brigham Young,CTOURN,W 71-59,,8,0,0,,0,0,,0,0,,,0,0,,0,1,1,1,2,0,0,0,0,3.0,McKayla Williams,https://www.sports-reference.com/cbb/players/mckayla-williams-1.html,gonzaga,2021-22
33,53,33,2022-03-18,Gonzaga,@,Nebraska,ROUND-64,W 68-55,,7,0,2,.000,0,0,,0,2,.000,.000,0,0,,0,0,0,0,0,0,0,0,0,-1.4,McKayla Williams,https://www.sports-reference.com/cbb/players/mckayla-williams-1.html,gonzaga,2021-22
34,54,34,2022-03-20,Gonzaga,@,Louisville,ROUND-32,L 59-68,,9,1,2,.500,0,1,.000,1,1,1.000,.500,0,0,,0,1,1,1,0,0,0,0,2,2.0,McKayla Williams,https://www.sports-reference.com/cbb/players/mckayla-williams-1.html,gonzaga,2021-22
