ranker,player_game_num_career,team_game_num_season,date,team_name_abbr,game_location,opp_name_abbr,game_type,game_result,is_starter,mp,fg,fga,fg_pct,fg3,fg3a,fg3_pct,fg2,fg2a,fg2_pct,efg_pct,ft,fta,ft_pct,orb,drb,trb,ast,stl,blk,tov,pf,pts,game_score,player_name,player_sr_link,school,season
1,91,1,2021-11-11,Gonzaga,,Montana State,REG (Non-Conf),W 72-47,*,21,5,7,.714,0,0,,5,7,.714,.714,2,4,.500,4,6,10,0,1,0,3,3,12,9.7,Melody Kempton,https://www.sports-reference.com/cbb/players/melody-kempton-1.html,gonzaga,2021-22
2,92,2,2021-11-14,Gonzaga,@,Montana,REG (Non-Conf),W 67-60,*,23,1,5,.200,0,0,,1,5,.200,.200,3,4,.750,1,1,2,1,1,0,4,5,5,-1.8,Melody Kempton,https://www.sports-reference.com/cbb/players/melody-kempton-1.html,gonzaga,2021-22
3,93,3,2021-11-18,Gonzaga,,Idaho State,REG (Non-Conf),W 69-39,*,24,3,6,.500,0,0,,3,6,.500,.500,1,2,.500,2,6,8,3,1,0,1,2,7,8.1,Melody Kempton,https://www.sports-reference.com/cbb/players/melody-kempton-1.html,gonzaga,2021-22
4,94,4,2021-11-21,Gonzaga,,Stanford,REG (Non-Conf),L 62-66,*,27,6,11,.545,0,0,,6,11,.545,.545,4,5,.800,3,2,5,1,0,1,0,3,16,13.2,Melody Kempton,https://www.sports-reference.com/cbb/players/melody-kempton-1.html,gonzaga,2021-22
5,95,5,2021-11-26,Gonzaga,@,Utah,REG (Non-Conf),W 89-71,*,17,3,4,.750,0,0,,3,4,.750,.750,6,6,1.000,1,4,5,3,1,1,1,4,12,13.5,Melody Kempton,https://www.sports-reference.com/cbb/players/melody-kempton-1.html,gonzaga,2021-22
6,96,6,2021-11-27,Gonzaga,,Eastern Illinois,REG (Non-Conf),W 74-53,*,23,3,5,.600,0,0,,3,5,.600,.600,3,4,.750,1,0,1,1,0,1,2,0,9,6.4,Melody Kempton,https://www.sports-reference.com/cbb/players/melody-kempton-1.html,gonzaga,2021-22
7,97,7,2021-11-28,Gonzaga,@,Hawaii,REG (Non-Conf),W 68-49,*,23,6,8,.750,0,0,,6,8,.750,.750,1,2,.500,2,1,3,1,0,2,4,3,13,8.0,Melody Kempton,https://www.sports-reference.com/cbb/players/melody-kempton-1.html,gonzaga,2021-22
8,98,8,2021-12-03,Gonzaga,,Wyoming,REG (Non-Conf),W 54-47,*,28,6,9,.667,0,0,,6,9,.667,.667,1,3,.333,1,5,6,3,2,4,2,1,13,15.0,Melody Kempton,https://www.sports-reference.com/cbb/players/melody-kempton-1.html,gonzaga,2021-22
9,99,9,2021-12-08,Gonzaga,,Washington State,REG (Non-Conf),L 49-51,*,29,2,5,.400,0,0,,2,5,.400,.400,3,3,1.000,1,4,5,0,0,0,1,2,7,4.4,Melody Kempton,https://www.sports-reference.com/cbb/players/melody-kempton-1.html,gonzaga,2021-22
10,100,10,2021-12-12,Gonzaga,,Stephen F. Austin,REG (Non-Conf),W 64-54,*,27,2,7,.286,0,0,,2,7,.286,.286,4,4,1.000,1,3,4,2,0,2,1,3,8,6.1,Melody Kempton,https://www.sports-reference.com/cbb/players/melody-kempton-1.html,gonzaga,2021-22
11,101,11,2021-12-19,Gonzaga,@,UC Davis,REG (Non-Conf),L 66-69,*,31,4,9,.444,0,0,,4,9,.444,.444,6,6,1.000,2,4,6,1,2,1,3,2,14,11.5,Melody Kempton,https://www.sports-reference.com/cbb/players/melody-kempton-1.html,gonzaga,2021-22
12,102,12,2021-12-21,Gonzaga,@,Eastern Washington,REG (Non-Conf),W 76-48,*,23,6,9,.667,0,0,,6,9,.667,.667,1,1,1.000,5,3,8,1,2,0,1,0,13,15.2,Melody Kempton,https://www.sports-reference.com/cbb/players/melody-kempton-1.html,gonzaga,2021-22
13,103,13,2022-01-06,Gonzaga,@,Portland,REG (Conf),W 76-65,*,32,10,15,.667,0,0,,10,15,.667,.667,5,6,.833,1,4,5,1,1,1,0,2,25,21.6,Melody Kempton,https://www.sports-reference.com/cbb/players/melody-kempton-1.html,gonzaga,2021-22
14,104,14,2022-01-09,Gonzaga,@,Stanford,REG (Non-Conf),L 50-66,*,25,4,8,.500,0,0,,4,8,.500,.500,0,0,,1,5,6,1,0,0,3,3,8,2.7,Melody Kempton,https://www.sports-reference.com/cbb/players/melody-kempton-1.html,gonzaga,2021-22
15,105,15,2022-01-13,Gonzaga,@,Pacific,REG (Conf),W 92-51,*,19,6,8,.750,0,0,,6,8,.750,.750,0,0,,1,7,8,3,1,1,1,3,12,13.2,Melody Kempton,https://www.sports-reference.com/cbb/players/melody-kempton-1.html,gonzaga,2021-22
16,106,16,2022-01-15,Gonzaga,,San Diego,REG (Conf),W 76-66,*,31,2,5,.400,0,0,,2,5,.400,.400,4,5,.800,2,8,10,1,2,0,0,1,8,11.0,Melody Kempton,https://www.sports-reference.com/cbb/players/melody-kempton-1.html,gonzaga,2021-22
17,107,17,2022-01-20,Gonzaga,,Portland,REG (Conf),W 68-59,*,24,4,7,.571,0,0,,4,7,.571,.571,2,2,1.000,5,2,7,2,1,0,3,3,10,9.0,Melody Kempton,https://www.sports-reference.com/cbb/players/melody-kempton-1.html,gonzaga,2021-22
18,108,18,2022-01-22,Gonzaga,@,St. Mary's (CA),REG (Conf),W 66-53,*,31,0,2,.000,0,0,,0,2,.000,.000,2,4,.500,4,6,10,4,0,2,4,1,2,4.2,Melody Kempton,https://www.sports-reference.com/cbb/players/melody-kempton-1.html,gonzaga,2021-22
19,109,19,2022-01-27,Gonzaga,@,Pepperdine,REG (Conf),W 66-54,*,25,4,8,.500,0,0,,4,8,.500,.500,6,6,1.000,2,4,6,1,0,1,1,3,14,11.8,Melody Kempton,https://www.sports-reference.com/cbb/players/melody-kempton-1.html,gonzaga,2021-22
20,110,20,2022-01-29,Gonzaga,@,San Diego,REG (Conf),W 69-43,*,26,4,6,.667,0,0,,4,6,.667,.667,1,2,.500,4,3,7,2,2,1,0,2,9,13.0,Melody Kempton,https://www.sports-reference.com/cbb/players/melody-kempton-1.html,gonzaga,2021-22
21,111,21,2022-02-03,Gonzaga,,Pacific,REG (Conf),W 79-38,*,20,2,4,.500,0,0,,2,4,.500,.500,4,5,.800,0,7,7,1,2,1,1,3,8,8.9,Melody Kempton,https://www.sports-reference.com/cbb/players/melody-kempton-1.html,gonzaga,2021-22
22,112,22,2022-02-05,Gonzaga,,Brigham Young,REG (Conf),L 50-62,*,31,4,10,.400,0,0,,4,10,.400,.400,2,6,.333,4,3,7,1,0,0,1,4,10,4.8,Melody Kempton,https://www.sports-reference.com/cbb/players/melody-kempton-1.html,gonzaga,2021-22
23,113,23,2022-02-07,Gonzaga,,San Francisco,REG (Conf),W 55-49,*,27,3,9,.333,0,0,,3,9,.333,.333,1,2,.500,5,5,10,1,0,0,1,1,7,5.8,Melody Kempton,https://www.sports-reference.com/cbb/players/melody-kempton-1.html,gonzaga,2021-22
24,114,24,2022-02-10,Gonzaga,@,Santa Clara,REG (Conf),W 72-55,*,26,2,4,.500,0,0,,2,4,.500,.500,4,8,.500,2,2,4,1,0,1,2,2,8,5.0,Melody Kempton,https://www.sports-reference.com/cbb/players/melody-kempton-1.html,gonzaga,2021-22
25,115,25,2022-02-12,Gonzaga,@,San Francisco,REG (Conf),W 83-82,*,33,4,12,.333,0,0,,4,12,.333,.333,4,4,1.000,6,3,9,4,0,0,1,3,12,10.9,Melody Kempton,https://www.sports-reference.com/cbb/players/melody-kempton-1.html,gonzaga,2021-22
26,116,26,2022-02-17,Gonzaga,,St. Mary's (CA),REG (Conf),W 85-49,*,21,7,11,.636,0,0,,7,11,.636,.636,3,3,1.000,7,5,12,1,4,0,1,2,17,21.4,Melody Kempton,https://www.sports-reference.com/cbb/players/melody-kempton-1.html,gonzaga,2021-22
27,117,27,2022-02-19,Gonzaga,@,Brigham Young,REG (Conf),L 39-63,*,26,5,12,.417,0,1,.000,5,11,.455,.417,1,2,.500,2,2,4,0,0,2,2,3,11,4.4,Melody Kempton,https://www.sports-reference.com/cbb/players/melody-kempton-1.html,gonzaga,2021-22
28,118,28,2022-02-21,Gonzaga,,Santa Clara,REG (Conf),W 74-58,*,21,5,5,1.000,0,0,,5,5,1.000,1.000,1,2,.500,1,5,6,2,0,1,2,1,11,11.0,Melody Kempton,https://www.sports-reference.com/cbb/players/melody-kempton-1.html,gonzaga,2021-22
29,119,29,2022-02-24,Gonzaga,,Pepperdine,REG (Conf),W 85-41,*,20,7,11,.636,0,0,,7,11,.636,.636,1,5,.200,2,4,6,3,1,0,0,1,15,13.8,Melody Kempton,https://www.sports-reference.com/cbb/players/melody-kempton-1.html,gonzaga,2021-22
30,120,30,2022-02-26,Gonzaga,,Loyola Marymount,REG (Conf),W 83-62,*,24,5,8,.625,0,0,,5,8,.625,.625,0,2,.000,2,5,7,5,2,1,0,3,10,13.5,Melody Kempton,https://www.sports-reference.com/cbb/players/melody-kempton-1.html,gonzaga,2021-22
31,121,31,2022-03-07,Gonzaga,,San Francisco,CTOURN,W 69-55,*,18,3,7,.429,0,0,,3,7,.429,.429,1,1,1.000,2,1,3,0,0,1,3,5,7,0.7,Melody Kempton,https://www.sports-reference.com/cbb/players/melody-kempton-1.html,gonzaga,2021-22
32,122,32,2022-03-08,Gonzaga,@,Brigham Young,CTOURN,W 71-59,*,30,6,11,.545,0,0,,6,11,.545,.545,3,4,.750,0,4,4,3,1,0,1,5,15,10.6,Melody Kempton,https://www.sports-reference.com/cbb/players/melody-kempton-1.html,gonzaga,2021-22
33,123,33,2022-03-18,Gonzaga,@,Nebraska,ROUND-64,W 68-55,*,31,7,12,.583,0,0,,7,12,.583,.583,0,0,,4,4,8,0,3,1,1,2,14,14.3,Melody Kempton,https://www.sports-reference.com/cbb/players/melody-kempton-1.html,gonzaga,2021-22
34,124,34,2022-03-20,Gonzaga,@,Louisville,ROUND-32,L 59-68,*,35,4,10,.400,0,0,,4,10,.400,.400,5,5,1.000,4,2,6,2,1,1,2,3,13,10.9,Melody Kempton,https://www.sports-reference.com/cbb/players/melody-kempton-1.html,gonzaga,2021-22
