ranker,player_game_num_career,team_game_num_season,date,team_name_abbr,game_location,opp_name_abbr,game_type,game_result,is_starter,mp,fg,fga,fg_pct,fg3,fg3a,fg3_pct,fg2,fg2a,fg2_pct,efg_pct,ft,fta,ft_pct,orb,drb,trb,ast,stl,blk,tov,pf,pts,game_score,player_name,player_sr_link,school,season
1,26,1,2021-11-11,Gonzaga,,Montana State,REG (Non-Conf),W 72-47,,20,7,9,.778,0,0,,7,9,.778,.778,0,0,,3,5,8,1,1,1,3,4,14,11.9,Yvonne Ejim,https://www.sports-reference.com/cbb/players/yvonne-ejim-1.html,gonzaga,2021-22
2,27,2,2021-11-14,Gonzaga,@,Montana,REG (Non-Conf),W 67-60,,22,4,10,.400,0,0,,4,10,.400,.400,0,0,,6,3,9,1,2,4,3,4,8,8.6,Yvonne Ejim,https://www.sports-reference.com/cbb/players/yvonne-ejim-1.html,gonzaga,2021-22
3,28,3,2021-11-18,Gonzaga,,Idaho State,REG (Non-Conf),W 69-39,,20,5,10,.500,0,0,,5,10,.500,.500,0,0,,1,2,3,1,1,0,6,4,10,0.4,Yvonne Ejim,https://www.sports-reference.com/cbb/players/yvonne-ejim-1.html,gonzaga,2021-22
4,29,4,2021-11-21,Gonzaga,,Stanford,REG (Non-Conf),L 62-66,,26,5,8,.625,0,0,,5,8,.625,.625,1,1,1.000,4,2,6,1,0,1,2,3,11,9.0,Yvonne Ejim,https://www.sports-reference.com/cbb/players/yvonne-ejim-1.html,gonzaga,2021-22
5,30,5,2021-11-26,Gonzaga,@,Utah,REG (Non-Conf),W 89-71,,15,3,4,.750,0,0,,3,4,.750,.750,1,2,.500,3,4,7,1,2,0,3,4,7,6.4,Yvonne Ejim,https://www.sports-reference.com/cbb/players/yvonne-ejim-1.html,gonzaga,2021-22
6,31,6,2021-11-27,Gonzaga,,Eastern Illinois,REG (Non-Conf),W 74-53,,19,5,10,.500,0,0,,5,10,.500,.500,0,2,.000,2,2,4,2,0,1,0,3,10,7.1,Yvonne Ejim,https://www.sports-reference.com/cbb/players/yvonne-ejim-1.html,gonzaga,2021-22
7,32,7,2021-11-28,Gonzaga,@,Hawaii,REG (Non-Conf),W 68-49,,11,1,3,.333,0,0,,1,3,.333,.333,0,0,,0,1,1,3,1,0,1,3,2,1.5,Yvonne Ejim,https://www.sports-reference.com/cbb/players/yvonne-ejim-1.html,gonzaga,2021-22
8,33,8,2021-12-03,Gonzaga,,Wyoming,REG (Non-Conf),W 54-47,,20,5,11,.455,0,0,,5,11,.455,.455,0,0,,2,3,5,0,2,0,3,4,10,4.0,Yvonne Ejim,https://www.sports-reference.com/cbb/players/yvonne-ejim-1.html,gonzaga,2021-22
9,34,9,2021-12-08,Gonzaga,,Washington State,REG (Non-Conf),L 49-51,,23,4,10,.400,0,0,,4,10,.400,.400,0,0,,1,4,5,1,3,1,1,2,8,7.1,Yvonne Ejim,https://www.sports-reference.com/cbb/players/yvonne-ejim-1.html,gonzaga,2021-22
10,35,10,2021-12-12,Gonzaga,,Stephen F. Austin,REG (Non-Conf),W 64-54,,23,3,10,.300,0,1,.000,3,9,.333,.300,0,0,,2,9,11,1,1,5,4,1,6,5.1,Yvonne Ejim,https://www.sports-reference.com/cbb/players/yvonne-ejim-1.html,gonzaga,2021-22
11,36,11,2021-12-19,Gonzaga,@,UC Davis,REG (Non-Conf),L 66-69,,20,4,7,.571,0,0,,4,7,.571,.571,4,6,.667,1,1,2,1,2,0,2,4,12,8.0,Yvonne Ejim,https://www.sports-reference.com/cbb/players/yvonne-ejim-1.html,gonzaga,2021-22
12,37,12,2021-12-21,Gonzaga,@,Eastern Washington,REG (Non-Conf),W 76-48,,19,6,6,1.000,0,0,,6,6,1.000,1.000,0,0,,0,3,3,0,1,1,4,2,12,8.0,Yvonne Ejim,https://www.sports-reference.com/cbb/players/yvonne-ejim-1.html,gonzaga,2021-22
13,38,13,2022-01-06,Gonzaga,@,Portland,REG (Conf),W 76-65,,21,9,13,.692,0,0,,9,13,.692,.692,4,7,.571,4,6,10,1,1,1,1,5,22,19.3,Yvonne Ejim,https://www.sports-reference.com/cbb/players/yvonne-ejim-1.html,gonzaga,2021-22
14,39,14,2022-01-09,Gonzaga,@,Stanford,REG (Non-Conf),L 50-66,,21,6,16,.375,0,1,.000,6,15,.400,.375,2,3,.667,2,2,4,0,0,1,3,2,14,3.7,Yvonne Ejim,https://www.sports-reference.com/cbb/players/yvonne-ejim-1.html,gonzaga,2021-22
15,40,15,2022-01-13,Gonzaga,@,Pacific,REG (Conf),W 92-51,,17,3,6,.500,0,0,,3,6,.500,.500,2,3,.667,2,4,6,3,1,2,3,2,8,7.9,Yvonne Ejim,https://www.sports-reference.com/cbb/players/yvonne-ejim-1.html,gonzaga,2021-22
16,41,16,2022-01-15,Gonzaga,,San Diego,REG (Conf),W 76-66,,25,7,12,.583,0,1,.000,7,11,.636,.583,1,2,.500,2,6,8,1,2,2,3,5,15,11.3,Yvonne Ejim,https://www.sports-reference.com/cbb/players/yvonne-ejim-1.html,gonzaga,2021-22
17,42,17,2022-01-20,Gonzaga,,Portland,REG (Conf),W 68-59,,25,3,9,.333,0,0,,3,9,.333,.333,2,4,.500,3,3,6,1,4,2,2,4,8,7.6,Yvonne Ejim,https://www.sports-reference.com/cbb/players/yvonne-ejim-1.html,gonzaga,2021-22
18,43,18,2022-01-22,Gonzaga,@,St. Mary's (CA),REG (Conf),W 66-53,,23,4,11,.364,0,0,,4,11,.364,.364,5,5,1.000,3,3,6,1,1,2,1,0,13,12.0,Yvonne Ejim,https://www.sports-reference.com/cbb/players/yvonne-ejim-1.html,gonzaga,2021-22
19,44,19,2022-01-27,Gonzaga,@,Pepperdine,REG (Conf),W 66-54,,13,0,3,.000,0,0,,0,3,.000,.000,3,4,.750,1,0,1,0,2,0,2,3,3,0.0,Yvonne Ejim,https://www.sports-reference.com/cbb/players/yvonne-ejim-1.html,gonzaga,2021-22
20,45,20,2022-01-29,Gonzaga,@,San Diego,REG (Conf),W 69-43,,21,1,3,.333,0,0,,1,3,.333,.333,3,3,1.000,3,3,6,1,2,1,2,2,5,6.9,Yvonne Ejim,https://www.sports-reference.com/cbb/players/yvonne-ejim-1.html,gonzaga,2021-22
21,46,21,2022-02-03,Gonzaga,,Pacific,REG (Conf),W 79-38,,14,2,3,.667,0,0,,2,3,.667,.667,4,6,.667,2,3,5,0,3,1,1,4,8,9.3,Yvonne Ejim,https://www.sports-reference.com/cbb/players/yvonne-ejim-1.html,gonzaga,2021-22
22,47,22,2022-02-05,Gonzaga,,Brigham Young,REG (Conf),L 50-62,,23,4,12,.333,0,0,,4,12,.333,.333,1,2,.500,4,2,6,1,0,1,1,1,9,5.2,Yvonne Ejim,https://www.sports-reference.com/cbb/players/yvonne-ejim-1.html,gonzaga,2021-22
23,48,23,2022-02-07,Gonzaga,,San Francisco,REG (Conf),W 55-49,,21,7,14,.500,0,0,,7,14,.500,.500,3,4,.750,3,5,8,1,2,3,1,4,17,15.4,Yvonne Ejim,https://www.sports-reference.com/cbb/players/yvonne-ejim-1.html,gonzaga,2021-22
24,49,24,2022-02-10,Gonzaga,@,Santa Clara,REG (Conf),W 72-55,,25,4,8,.500,0,0,,4,8,.500,.500,4,4,1.000,0,6,6,2,3,4,1,1,12,15.6,Yvonne Ejim,https://www.sports-reference.com/cbb/players/yvonne-ejim-1.html,gonzaga,2021-22
25,50,25,2022-02-12,Gonzaga,@,San Francisco,REG (Conf),W 83-82,*,20,3,6,.500,0,0,,3,6,.500,.500,1,2,.500,3,2,5,2,0,0,5,4,7,1.1,Yvonne Ejim,https://www.sports-reference.com/cbb/players/yvonne-ejim-1.html,gonzaga,2021-22
26,51,26,2022-02-17,Gonzaga,,St. Mary's (CA),REG (Conf),W 85-49,,14,7,11,.636,0,0,,7,11,.636,.636,1,1,1.000,2,0,2,0,1,1,3,3,15,9.0,Yvonne Ejim,https://www.sports-reference.com/cbb/players/yvonne-ejim-1.html,gonzaga,2021-22
27,52,27,2022-02-19,Gonzaga,@,Brigham Young,REG (Conf),L 39-63,,25,2,4,.500,0,0,,2,4,.500,.500,1,4,.250,1,2,3,1,3,0,1,3,5,4.6,Yvonne Ejim,https://www.sports-reference.com/cbb/players/yvonne-ejim-1.html,gonzaga,2021-22
28,53,28,2022-02-21,Gonzaga,,Santa Clara,REG (Conf),W 74-58,,22,6,9,.667,0,0,,6,9,.667,.667,0,0,,3,2,5,0,2,0,0,2,12,12.0,Yvonne Ejim,https://www.sports-reference.com/cbb/players/yvonne-ejim-1.html,gonzaga,2021-22
29,54,29,2022-02-24,Gonzaga,,Pepperdine,REG (Conf),W 85-41,,18,3,5,.600,0,0,,3,5,.600,.600,2,2,1.000,2,3,5,3,0,1,3,0,8,7.8,Yvonne Ejim,https://www.sports-reference.com/cbb/players/yvonne-ejim-1.html,gonzaga,2021-22
30,55,30,2022-02-26,Gonzaga,,Loyola Marymount,REG (Conf),W 83-62,,18,3,3,1.000,0,0,,3,3,1.000,1.000,0,0,,1,4,5,1,1,2,0,3,6,8.9,Yvonne Ejim,https://www.sports-reference.com/cbb/players/yvonne-ejim-1.html,gonzaga,2021-22
31,56,31,2022-03-07,Gonzaga,,San Francisco,CTOURN,W 69-55,,28,6,14,.429,0,0,,6,14,.429,.429,0,0,,5,9,14,1,0,2,0,1,12,12.5,Yvonne Ejim,https://www.sports-reference.com/cbb/players/yvonne-ejim-1.html,gonzaga,2021-22
32,57,32,2022-03-08,Gonzaga,@,Brigham Young,CTOURN,W 71-59,,25,4,7,.571,0,0,,4,7,.571,.571,3,4,.750,1,2,3,0,0,2,6,3,11,2.8,Yvonne Ejim,https://www.sports-reference.com/cbb/players/yvonne-ejim-1.html,gonzaga,2021-22
33,58,33,2022-03-18,Gonzaga,@,Nebraska,ROUND-64,W 68-55,,23,4,5,.800,0,0,,4,5,.800,.800,6,7,.857,1,5,6,1,0,0,3,2,14,10.8,Yvonne Ejim,https://www.sports-reference.com/cbb/players/yvonne-ejim-1.html,gonzaga,2021-22
34,59,34,2022-03-20,Gonzaga,@,Louisville,ROUND-32,L 59-68,,24,3,5,.600,0,0,,3,5,.600,.600,2,2,1.000,3,2,5,2,0,0,1,3,8,7.6,Yvonne Ejim,https://www.sports-reference.com/cbb/players/yvonne-ejim-1.html,gonzaga,2021-22
