ranker,player_game_num_career,team_game_num_season,date,team_name_abbr,game_location,opp_name_abbr,game_type,game_result,is_starter,mp,fg,fga,fg_pct,fg3,fg3a,fg3_pct,fg2,fg2a,fg2_pct,efg_pct,ft,fta,ft_pct,orb,drb,trb,ast,stl,blk,tov,pf,pts,game_score,player_name,player_sr_link,school,season
1,1,1,2019-11-08,Montana State,,UC Davis,REG (Non-Conf),W 77-65,,15,0,0,,0,0,,0,0,,,0,0,,1,0,1,0,0,0,2,2,0,-2.1,Kola Bad Bear,https://www.sports-reference.com/cbb/players/kola-bad-bear-1.html,montana-state,2019-20
2,2,2,2019-11-11,Montana State,,Carroll (MT),REG (Non-Conf),W 67-33,,16,0,1,.000,0,0,,0,1,.000,.000,1,2,.500,0,2,2,3,0,0,0,0,1,2.6,Kola Bad Bear,https://www.sports-reference.com/cbb/players/kola-bad-bear-1.html,montana-state,2019-20
3,3,3,2019-11-17,Montana State,,Montana St.–Northern,REG (Non-Conf),W 93-34,,16,3,9,.333,0,0,,3,9,.333,.333,0,0,,5,4,9,1,1,0,2,3,6,4.1,Kola Bad Bear,https://www.sports-reference.com/cbb/players/kola-bad-bear-1.html,montana-state,2019-20
4,4,4,2019-11-21,Montana State,@,South Dakota State,REG (Non-Conf),L 50-60,,13,2,3,.667,0,0,,2,3,.667,.667,1,2,.500,0,5,5,1,1,0,0,0,5,6.5,Kola Bad Bear,https://www.sports-reference.com/cbb/players/kola-bad-bear-1.html,montana-state,2019-20
5,5,5,2019-11-23,Montana State,@,Minnesota,REG (Non-Conf),L 60-71,,4,0,1,.000,0,0,,0,1,.000,.000,0,0,,0,0,0,0,0,0,0,3,0,-1.9,Kola Bad Bear,https://www.sports-reference.com/cbb/players/kola-bad-bear-1.html,montana-state,2019-20
6,6,6,2019-11-30,Montana State,@,Seattle,REG (Non-Conf),W 73-65,,18,2,5,.400,1,3,.333,1,2,.500,.500,0,0,,1,1,2,1,2,0,1,2,5,4.2,Kola Bad Bear,https://www.sports-reference.com/cbb/players/kola-bad-bear-1.html,montana-state,2019-20
7,7,7,2019-12-05,Montana State,,Gonzaga,REG (Non-Conf),L 55-70,,10,0,0,,0,0,,0,0,,,2,2,1.000,1,0,1,0,0,1,1,0,2,2.4,Kola Bad Bear,https://www.sports-reference.com/cbb/players/kola-bad-bear-1.html,montana-state,2019-20
8,8,8,2019-12-20,Montana State,,Wichita State,REG (Non-Conf),L 64-66,,13,0,1,.000,0,1,.000,0,0,,.000,0,0,,0,2,2,0,0,0,1,1,0,-1.5,Kola Bad Bear,https://www.sports-reference.com/cbb/players/kola-bad-bear-1.html,montana-state,2019-20
9,9,9,2019-12-21,Montana State,@,Texas A&M,REG (Non-Conf),L 67-78,,7,0,0,,0,0,,0,0,,,1,2,.500,0,2,2,1,2,1,0,0,1,4.6,Kola Bad Bear,https://www.sports-reference.com/cbb/players/kola-bad-bear-1.html,montana-state,2019-20
10,10,10,2019-12-28,Montana State,@,Sacramento State,REG (Conf),W 85-48,,11,4,6,.667,0,0,,4,6,.667,.667,0,2,.000,1,2,3,0,1,0,0,5,8,4.9,Kola Bad Bear,https://www.sports-reference.com/cbb/players/kola-bad-bear-1.html,montana-state,2019-20
11,11,11,2019-12-30,Montana State,@,Northern Arizona,REG (Conf),W 72-64,,8,0,1,.000,0,0,,0,1,.000,.000,0,0,,1,1,2,0,1,0,0,2,0,0.5,Kola Bad Bear,https://www.sports-reference.com/cbb/players/kola-bad-bear-1.html,montana-state,2019-20
12,12,12,2020-01-02,Montana State,,Northern Colorado,REG (Conf),W 91-58,,12,2,4,.500,0,0,,2,4,.500,.500,1,1,1.000,3,1,4,0,0,0,1,2,5,3.6,Kola Bad Bear,https://www.sports-reference.com/cbb/players/kola-bad-bear-1.html,montana-state,2019-20
13,13,13,2020-01-04,Montana State,,Southern Utah,REG (Conf),W 91-65,,11,1,4,.250,0,1,.000,1,3,.333,.250,0,0,,1,1,2,1,1,0,0,3,2,1.1,Kola Bad Bear,https://www.sports-reference.com/cbb/players/kola-bad-bear-1.html,montana-state,2019-20
14,14,14,2020-01-09,Montana State,,Idaho,REG (Conf),L 68-69 (2OT),,12,2,4,.500,0,1,.000,2,3,.667,.500,1,2,.500,3,2,5,0,0,0,1,1,5,3.9,Kola Bad Bear,https://www.sports-reference.com/cbb/players/kola-bad-bear-1.html,montana-state,2019-20
15,15,15,2020-01-11,Montana State,@,Portland State,REG (Conf),W 73-62,,8,1,4,.250,0,0,,1,4,.250,.250,0,0,,1,2,3,0,0,0,0,2,2,0.1,Kola Bad Bear,https://www.sports-reference.com/cbb/players/kola-bad-bear-1.html,montana-state,2019-20
16,16,16,2020-01-18,Montana State,@,Eastern Washington,REG (Conf),W 89-85 (2OT),,9,0,2,.000,0,0,,0,2,.000,.000,0,0,,0,0,0,0,0,1,0,1,0,-1.1,Kola Bad Bear,https://www.sports-reference.com/cbb/players/kola-bad-bear-1.html,montana-state,2019-20
17,17,17,2020-01-23,Montana State,,Weber State,REG (Conf),W 81-52,,16,1,4,.250,0,1,.000,1,3,.333,.250,3,4,.750,2,3,5,1,1,1,1,1,5,5.5,Kola Bad Bear,https://www.sports-reference.com/cbb/players/kola-bad-bear-1.html,montana-state,2019-20
18,18,18,2020-01-25,Montana State,,Idaho State,REG (Conf),W 67-59,,7,0,1,.000,0,0,,0,1,.000,.000,0,0,,2,1,3,0,0,0,0,0,0,1.0,Kola Bad Bear,https://www.sports-reference.com/cbb/players/kola-bad-bear-1.html,montana-state,2019-20
19,19,19,2020-02-01,Montana State,@,Montana,REG (Conf),W 66-61 (OT),,4,0,1,.000,0,1,.000,0,0,,.000,2,2,1.000,0,1,1,0,0,0,0,2,2,0.8,Kola Bad Bear,https://www.sports-reference.com/cbb/players/kola-bad-bear-1.html,montana-state,2019-20
20,20,20,2020-02-06,Montana State,@,Idaho,REG (Conf),W 62-56,,7,0,3,.000,0,1,.000,0,2,.000,.000,0,0,,1,0,1,0,0,0,2,2,0,-4.2,Kola Bad Bear,https://www.sports-reference.com/cbb/players/kola-bad-bear-1.html,montana-state,2019-20
21,21,21,2020-02-08,Montana State,,Eastern Washington,REG (Conf),W 79-47,,16,1,4,.250,0,0,,1,4,.250,.250,1,1,1.000,1,2,3,0,1,0,0,2,3,2.1,Kola Bad Bear,https://www.sports-reference.com/cbb/players/kola-bad-bear-1.html,montana-state,2019-20
22,22,22,2020-02-13,Montana State,@,Idaho State,REG (Conf),W 74-55,,12,1,1,1.000,1,1,1.000,0,0,,1.500,2,2,1.000,0,0,0,0,0,0,0,1,5,4.3,Kola Bad Bear,https://www.sports-reference.com/cbb/players/kola-bad-bear-1.html,montana-state,2019-20
23,23,23,2020-02-15,Montana State,@,Weber State,REG (Conf),W 102-67,,16,2,3,.667,0,0,,2,3,.667,.667,0,0,,0,1,1,0,0,0,2,5,4,-1.0,Kola Bad Bear,https://www.sports-reference.com/cbb/players/kola-bad-bear-1.html,montana-state,2019-20
24,24,24,2020-02-20,Montana State,,Portland State,REG (Conf),W 98-67,,14,2,4,.500,0,0,,2,4,.500,.500,0,0,,2,3,5,0,0,0,1,2,4,2.5,Kola Bad Bear,https://www.sports-reference.com/cbb/players/kola-bad-bear-1.html,montana-state,2019-20
25,25,25,2020-02-22,Montana State,,Montana,REG (Conf),W 92-78,,13,1,2,.500,0,0,,1,2,.500,.500,0,0,,0,1,1,0,0,1,0,2,2,1.2,Kola Bad Bear,https://www.sports-reference.com/cbb/players/kola-bad-bear-1.html,montana-state,2019-20
26,26,26,2020-02-27,Montana State,,Sacramento State,REG (Conf),W 113-69,,14,3,4,.750,0,0,,3,4,.750,.750,2,2,1.000,3,4,7,0,1,0,2,5,8,6.7,Kola Bad Bear,https://www.sports-reference.com/cbb/players/kola-bad-bear-1.html,montana-state,2019-20
27,27,27,2020-02-29,Montana State,,Northern Arizona,REG (Conf),W 73-71,,12,0,0,,0,0,,0,0,,,0,0,,0,2,2,0,0,0,1,1,0,-0.8,Kola Bad Bear,https://www.sports-reference.com/cbb/players/kola-bad-bear-1.html,montana-state,2019-20
28,28,28,2020-03-04,Montana State,@,Southern Utah,REG (Conf),W 81-65,,10,0,2,.000,0,1,.000,0,1,.000,.000,0,0,,1,1,2,0,0,0,0,2,0,-1.2,Kola Bad Bear,https://www.sports-reference.com/cbb/players/kola-bad-bear-1.html,montana-state,2019-20
29,29,29,2020-03-06,Montana State,@,Northern Colorado,REG (Conf),W 73-63,,6,0,1,.000,0,1,.000,0,0,,.000,0,0,,0,0,0,0,0,0,1,1,0,-2.1,Kola Bad Bear,https://www.sports-reference.com/cbb/players/kola-bad-bear-1.html,montana-state,2019-20
30,30,30,2020-03-10,Montana State,,Northern Colorado,CTOURN,W 67-62,,3,0,1,.000,0,0,,0,1,.000,.000,0,0,,0,0,0,0,0,0,1,2,0,-2.5,Kola Bad Bear,https://www.sports-reference.com/cbb/players/kola-bad-bear-1.html,montana-state,2019-20
31,31,31,2020-03-11,Montana State,,Northern Arizona,CTOURN,W 76-71,,7,1,1,1.000,0,0,,1,1,1.000,1.000,1,2,.500,1,2,3,0,1,0,0,0,3,4.6,Kola Bad Bear,https://www.sports-reference.com/cbb/players/kola-bad-bear-1.html,montana-state,2019-20
