ranker,player_game_num_career,team_game_num_season,date,team_name_abbr,game_location,opp_name_abbr,game_type,game_result,is_starter,mp,fg,fga,fg_pct,fg3,fg3a,fg3_pct,fg2,fg2a,fg2_pct,efg_pct,ft,fta,ft_pct,orb,drb,trb,ast,stl,blk,tov,pf,pts,game_score,player_name,player_sr_link,school,season
1,1,1,2019-11-08,Montana State,,UC Davis,REG (Non-Conf),W 77-65,,18,3,5,.600,1,2,.500,2,3,.667,.700,1,2,.500,1,3,4,1,2,1,0,2,8,9.5,Madison Hall,https://www.sports-reference.com/cbb/players/madison-jackson-1.html,montana-state,2019-20
2,2,2,2019-11-11,Montana State,,Carroll (MT),REG (Non-Conf),W 67-33,,20,3,9,.333,0,3,.000,3,6,.500,.333,0,1,.000,2,3,5,0,3,0,3,2,6,2.0,Madison Hall,https://www.sports-reference.com/cbb/players/madison-jackson-1.html,montana-state,2019-20
3,3,3,2019-11-17,Montana State,,Montana St.–Northern,REG (Non-Conf),W 93-34,,19,3,8,.375,1,2,.500,2,6,.333,.438,1,2,.500,2,3,5,0,2,1,0,2,8,7.4,Madison Hall,https://www.sports-reference.com/cbb/players/madison-jackson-1.html,montana-state,2019-20
4,4,4,2019-11-21,Montana State,@,South Dakota State,REG (Non-Conf),L 50-60,,17,0,3,.000,0,0,,0,3,.000,.000,2,2,1.000,0,3,3,0,1,0,3,4,2,-2.8,Madison Hall,https://www.sports-reference.com/cbb/players/madison-jackson-1.html,montana-state,2019-20
5,5,5,2019-11-23,Montana State,@,Minnesota,REG (Non-Conf),L 60-71,,12,1,4,.250,0,1,.000,1,3,.333,.250,0,0,,1,3,4,1,0,0,1,0,2,0.9,Madison Hall,https://www.sports-reference.com/cbb/players/madison-jackson-1.html,montana-state,2019-20
6,6,6,2019-11-30,Montana State,@,Seattle,REG (Non-Conf),W 73-65,,15,0,6,.000,0,1,.000,0,5,.000,.000,2,4,.500,2,0,2,0,1,0,1,1,2,-2.0,Madison Hall,https://www.sports-reference.com/cbb/players/madison-jackson-1.html,montana-state,2019-20
7,7,7,2019-12-05,Montana State,,Gonzaga,REG (Non-Conf),L 55-70,,14,2,4,.500,0,2,.000,2,2,1.000,.500,2,2,1.000,0,0,0,0,1,1,0,0,6,5.7,Madison Hall,https://www.sports-reference.com/cbb/players/madison-jackson-1.html,montana-state,2019-20
8,8,8,2019-12-20,Montana State,,Wichita State,REG (Non-Conf),L 64-66,,12,1,5,.200,1,2,.500,0,3,.000,.300,1,2,.500,2,2,4,0,1,1,2,3,4,1.0,Madison Hall,https://www.sports-reference.com/cbb/players/madison-jackson-1.html,montana-state,2019-20
9,9,9,2019-12-21,Montana State,@,Texas A&M,REG (Non-Conf),L 67-78,,11,1,4,.250,0,2,.000,1,2,.500,.250,0,0,,0,2,2,0,0,0,0,4,2,-1.4,Madison Hall,https://www.sports-reference.com/cbb/players/madison-jackson-1.html,montana-state,2019-20
10,10,10,2019-12-28,Montana State,@,Sacramento State,REG (Conf),W 85-48,,16,2,6,.333,0,2,.000,2,4,.500,.333,0,0,,2,3,5,1,0,3,1,1,4,4.3,Madison Hall,https://www.sports-reference.com/cbb/players/madison-jackson-1.html,montana-state,2019-20
11,11,11,2019-12-30,Montana State,@,Northern Arizona,REG (Conf),W 72-64,,14,2,4,.500,0,1,.000,2,3,.667,.500,1,4,.250,1,1,2,0,1,0,1,1,5,2.4,Madison Hall,https://www.sports-reference.com/cbb/players/madison-jackson-1.html,montana-state,2019-20
12,12,12,2020-01-02,Montana State,,Northern Colorado,REG (Conf),W 91-58,,14,6,10,.600,2,3,.667,4,7,.571,.700,0,0,,1,1,2,0,2,0,0,1,14,12.0,Madison Hall,https://www.sports-reference.com/cbb/players/madison-jackson-1.html,montana-state,2019-20
13,13,13,2020-01-04,Montana State,,Southern Utah,REG (Conf),W 91-65,,12,3,5,.600,1,2,.500,2,3,.667,.700,0,0,,0,0,0,0,1,0,0,2,7,4.9,Madison Hall,https://www.sports-reference.com/cbb/players/madison-jackson-1.html,montana-state,2019-20
14,14,14,2020-01-09,Montana State,,Idaho,REG (Conf),L 68-69 (2OT),,22,3,11,.273,2,6,.333,1,5,.200,.364,0,0,,2,4,6,0,2,1,3,3,8,2.6,Madison Hall,https://www.sports-reference.com/cbb/players/madison-jackson-1.html,montana-state,2019-20
15,15,15,2020-01-11,Montana State,@,Portland State,REG (Conf),W 73-62,,19,2,3,.667,1,1,1.000,1,2,.500,.833,0,0,,0,1,1,1,0,0,1,1,5,3.3,Madison Hall,https://www.sports-reference.com/cbb/players/madison-jackson-1.html,montana-state,2019-20
16,16,16,2020-01-18,Montana State,@,Eastern Washington,REG (Conf),W 89-85 (2OT),,29,5,11,.455,5,8,.625,0,3,.000,.682,0,2,.000,0,1,1,2,0,0,0,1,15,9.8,Madison Hall,https://www.sports-reference.com/cbb/players/madison-jackson-1.html,montana-state,2019-20
17,17,17,2020-01-23,Montana State,,Weber State,REG (Conf),W 81-52,,14,2,5,.400,0,1,.000,2,4,.500,.400,3,5,.600,1,1,2,0,1,0,1,0,7,4.5,Madison Hall,https://www.sports-reference.com/cbb/players/madison-jackson-1.html,montana-state,2019-20
18,18,18,2020-01-25,Montana State,,Idaho State,REG (Conf),W 67-59,,11,0,3,.000,0,1,.000,0,2,.000,.000,0,2,.000,3,1,4,2,2,0,1,2,0,1.1,Madison Hall,https://www.sports-reference.com/cbb/players/madison-jackson-1.html,montana-state,2019-20
19,19,19,2020-02-01,Montana State,@,Montana,REG (Conf),W 66-61 (OT),,9,1,3,.333,0,2,.000,1,1,1.000,.333,0,0,,2,0,2,0,0,0,0,1,2,1.3,Madison Hall,https://www.sports-reference.com/cbb/players/madison-jackson-1.html,montana-state,2019-20
20,20,20,2020-02-06,Montana State,@,Idaho,REG (Conf),W 62-56,,10,1,3,.333,0,1,.000,1,2,.500,.333,0,0,,1,1,2,0,0,0,0,1,2,0.9,Madison Hall,https://www.sports-reference.com/cbb/players/madison-jackson-1.html,montana-state,2019-20
21,21,21,2020-02-08,Montana State,,Eastern Washington,REG (Conf),W 79-47,,15,3,5,.600,0,1,.000,3,4,.750,.600,2,2,1.000,3,3,6,2,0,0,0,2,8,9.3,Madison Hall,https://www.sports-reference.com/cbb/players/madison-jackson-1.html,montana-state,2019-20
22,22,24,2020-02-20,Montana State,,Portland State,REG (Conf),W 98-67,,17,1,7,.143,1,3,.333,0,4,.000,.214,0,0,,0,3,3,2,1,0,2,3,3,-1.4,Madison Hall,https://www.sports-reference.com/cbb/players/madison-jackson-1.html,montana-state,2019-20
23,23,25,2020-02-22,Montana State,,Montana,REG (Conf),W 92-78,,9,0,2,.000,0,1,.000,0,1,.000,.000,0,0,,0,1,1,0,0,0,0,3,0,-2.3,Madison Hall,https://www.sports-reference.com/cbb/players/madison-jackson-1.html,montana-state,2019-20
24,24,28,2020-03-04,Montana State,@,Southern Utah,REG (Conf),W 81-65,,10,0,2,.000,0,1,.000,0,1,.000,.000,0,0,,0,0,0,0,1,0,0,0,0,-0.4,Madison Hall,https://www.sports-reference.com/cbb/players/madison-jackson-1.html,montana-state,2019-20
25,25,29,2020-03-06,Montana State,@,Northern Colorado,REG (Conf),W 73-63,,16,3,5,.600,0,1,.000,3,4,.750,.600,1,2,.500,0,0,0,1,3,0,0,3,7,6.8,Madison Hall,https://www.sports-reference.com/cbb/players/madison-jackson-1.html,montana-state,2019-20
26,26,30,2020-03-10,Montana State,,Northern Colorado,CTOURN,W 67-62,,18,3,3,1.000,0,0,,3,3,1.000,1.000,0,0,,0,0,0,1,3,0,0,3,6,7.6,Madison Hall,https://www.sports-reference.com/cbb/players/madison-jackson-1.html,montana-state,2019-20
27,27,31,2020-03-11,Montana State,,Northern Arizona,CTOURN,W 76-71,,19,3,6,.500,1,1,1.000,2,5,.400,.583,0,0,,0,2,2,1,2,0,1,2,7,5.5,Madison Hall,https://www.sports-reference.com/cbb/players/madison-jackson-1.html,montana-state,2019-20
