ranker,player_game_num_career,team_game_num_season,date,team_name_abbr,game_location,opp_name_abbr,game_type,game_result,is_starter,mp,fg,fga,fg_pct,fg3,fg3a,fg3_pct,fg2,fg2a,fg2_pct,efg_pct,ft,fta,ft_pct,orb,drb,trb,ast,stl,blk,tov,pf,pts,game_score,player_name,player_sr_link,school,season
1,92,1,2019-11-08,Montana State,,UC Davis,REG (Non-Conf),W 77-65,*,26,4,10,.400,2,6,.333,2,4,.500,.500,0,0,,0,3,3,1,0,0,2,1,10,3.8,Oliana Squires,https://www.sports-reference.com/cbb/players/oliana-squires-1.html,montana-state,2019-20
2,93,2,2019-11-11,Montana State,,Carroll (MT),REG (Non-Conf),W 67-33,*,24,2,6,.333,1,3,.333,1,3,.333,.417,0,0,,0,2,2,1,1,0,2,1,5,1.5,Oliana Squires,https://www.sports-reference.com/cbb/players/oliana-squires-1.html,montana-state,2019-20
3,94,3,2019-11-17,Montana State,,Montana St.–Northern,REG (Non-Conf),W 93-34,*,27,6,10,.600,1,4,.250,5,6,.833,.650,1,2,.500,0,3,3,6,2,0,1,3,14,13.9,Oliana Squires,https://www.sports-reference.com/cbb/players/oliana-squires-1.html,montana-state,2019-20
4,95,4,2019-11-21,Montana State,@,South Dakota State,REG (Non-Conf),L 50-60,*,30,3,13,.231,2,6,.333,1,7,.143,.308,2,4,.500,0,3,3,2,3,0,2,2,10,3.8,Oliana Squires,https://www.sports-reference.com/cbb/players/oliana-squires-1.html,montana-state,2019-20
5,96,5,2019-11-23,Montana State,@,Minnesota,REG (Non-Conf),L 60-71,*,29,5,14,.357,4,9,.444,1,5,.200,.500,0,0,,0,3,3,3,1,0,4,4,14,4.6,Oliana Squires,https://www.sports-reference.com/cbb/players/oliana-squires-1.html,montana-state,2019-20
6,97,6,2019-11-30,Montana State,@,Seattle,REG (Non-Conf),W 73-65,*,33,4,13,.308,2,6,.333,2,7,.286,.385,7,8,.875,0,6,6,4,0,0,5,2,17,7.9,Oliana Squires,https://www.sports-reference.com/cbb/players/oliana-squires-1.html,montana-state,2019-20
7,98,7,2019-12-05,Montana State,,Gonzaga,REG (Non-Conf),L 55-70,*,34,7,16,.438,0,4,.000,7,12,.583,.438,0,0,,0,5,5,2,2,0,3,2,14,6.7,Oliana Squires,https://www.sports-reference.com/cbb/players/oliana-squires-1.html,montana-state,2019-20
8,99,8,2019-12-20,Montana State,,Wichita State,REG (Non-Conf),L 64-66,*,34,4,10,.400,3,7,.429,1,3,.333,.550,0,0,,0,4,4,1,4,0,2,4,11,7.9,Oliana Squires,https://www.sports-reference.com/cbb/players/oliana-squires-1.html,montana-state,2019-20
9,100,9,2019-12-21,Montana State,@,Texas A&M,REG (Non-Conf),L 67-78,*,35,5,17,.294,2,11,.182,3,6,.500,.353,3,4,.750,0,4,4,5,1,0,1,2,15,8.6,Oliana Squires,https://www.sports-reference.com/cbb/players/oliana-squires-1.html,montana-state,2019-20
10,101,10,2019-12-28,Montana State,@,Sacramento State,REG (Conf),W 85-48,*,28,2,10,.200,0,5,.000,2,5,.400,.200,1,1,1.000,2,1,3,7,2,0,1,3,5,5.2,Oliana Squires,https://www.sports-reference.com/cbb/players/oliana-squires-1.html,montana-state,2019-20
11,102,11,2019-12-30,Montana State,@,Northern Arizona,REG (Conf),W 72-64,*,26,4,12,.333,3,5,.600,1,7,.143,.458,2,2,1.000,0,2,2,1,0,1,5,4,13,1.6,Oliana Squires,https://www.sports-reference.com/cbb/players/oliana-squires-1.html,montana-state,2019-20
12,103,12,2020-01-02,Montana State,,Northern Colorado,REG (Conf),W 91-58,*,22,4,12,.333,2,6,.333,2,6,.333,.417,2,2,1.000,0,2,2,4,1,0,3,3,12,5.4,Oliana Squires,https://www.sports-reference.com/cbb/players/oliana-squires-1.html,montana-state,2019-20
13,104,13,2020-01-04,Montana State,,Southern Utah,REG (Conf),W 91-65,*,28,4,11,.364,1,5,.200,3,6,.500,.409,2,2,1.000,0,1,1,3,2,0,1,2,11,7.5,Oliana Squires,https://www.sports-reference.com/cbb/players/oliana-squires-1.html,montana-state,2019-20
14,105,14,2020-01-09,Montana State,,Idaho,REG (Conf),L 68-69 (2OT),*,27,6,14,.429,1,2,.500,5,12,.417,.464,0,0,,0,1,1,3,2,1,1,0,13,9.7,Oliana Squires,https://www.sports-reference.com/cbb/players/oliana-squires-1.html,montana-state,2019-20
15,106,17,2020-01-23,Montana State,,Weber State,REG (Conf),W 81-52,,9,2,4,.500,0,1,.000,2,3,.667,.500,0,0,,0,1,1,1,1,0,1,0,4,3.0,Oliana Squires,https://www.sports-reference.com/cbb/players/oliana-squires-1.html,montana-state,2019-20
16,107,18,2020-01-25,Montana State,,Idaho State,REG (Conf),W 67-59,,24,6,12,.500,1,5,.200,5,7,.714,.542,0,0,,0,1,1,3,3,0,2,1,13,10.0,Oliana Squires,https://www.sports-reference.com/cbb/players/oliana-squires-1.html,montana-state,2019-20
17,108,19,2020-02-01,Montana State,@,Montana,REG (Conf),W 66-61 (OT),*,31,2,12,.167,1,7,.143,1,5,.200,.208,0,0,,0,1,1,1,3,0,2,3,5,-1.8,Oliana Squires,https://www.sports-reference.com/cbb/players/oliana-squires-1.html,montana-state,2019-20
18,109,20,2020-02-06,Montana State,@,Idaho,REG (Conf),W 62-56,*,33,5,13,.385,1,4,.250,4,9,.444,.423,1,2,.500,1,5,6,6,4,0,4,0,12,10.9,Oliana Squires,https://www.sports-reference.com/cbb/players/oliana-squires-1.html,montana-state,2019-20
19,110,21,2020-02-08,Montana State,,Eastern Washington,REG (Conf),W 79-47,*,28,3,10,.300,2,6,.333,1,4,.250,.400,2,2,1.000,0,1,1,6,0,0,3,0,10,5.7,Oliana Squires,https://www.sports-reference.com/cbb/players/oliana-squires-1.html,montana-state,2019-20
20,111,22,2020-02-13,Montana State,@,Idaho State,REG (Conf),W 74-55,*,25,0,4,.000,0,1,.000,0,3,.000,.000,0,0,,0,4,4,2,0,0,4,2,0,-5.0,Oliana Squires,https://www.sports-reference.com/cbb/players/oliana-squires-1.html,montana-state,2019-20
21,112,23,2020-02-15,Montana State,@,Weber State,REG (Conf),W 102-67,*,28,7,11,.636,5,5,1.000,2,6,.333,.864,2,2,1.000,0,0,0,4,1,0,0,2,21,19.1,Oliana Squires,https://www.sports-reference.com/cbb/players/oliana-squires-1.html,montana-state,2019-20
22,113,24,2020-02-20,Montana State,,Portland State,REG (Conf),W 98-67,*,21,3,8,.375,1,2,.500,2,6,.333,.438,0,0,,0,1,1,8,1,0,0,2,7,8.7,Oliana Squires,https://www.sports-reference.com/cbb/players/oliana-squires-1.html,montana-state,2019-20
23,114,25,2020-02-22,Montana State,,Montana,REG (Conf),W 92-78,*,31,5,14,.357,4,11,.364,1,3,.333,.500,1,1,1.000,0,3,3,3,0,0,3,1,15,6.8,Oliana Squires,https://www.sports-reference.com/cbb/players/oliana-squires-1.html,montana-state,2019-20
24,115,26,2020-02-27,Montana State,,Sacramento State,REG (Conf),W 113-69,*,25,6,8,.750,6,8,.750,0,0,,1.125,1,2,.500,0,4,4,7,2,0,2,1,19,21.1,Oliana Squires,https://www.sports-reference.com/cbb/players/oliana-squires-1.html,montana-state,2019-20
25,116,27,2020-02-29,Montana State,,Northern Arizona,REG (Conf),W 73-71,*,29,3,9,.333,0,2,.000,3,7,.429,.333,1,2,.500,0,0,0,4,2,0,5,1,7,0.9,Oliana Squires,https://www.sports-reference.com/cbb/players/oliana-squires-1.html,montana-state,2019-20
26,117,28,2020-03-04,Montana State,@,Southern Utah,REG (Conf),W 81-65,*,31,7,13,.538,1,4,.250,6,9,.667,.577,0,0,,2,3,5,3,2,0,2,3,15,11.9,Oliana Squires,https://www.sports-reference.com/cbb/players/oliana-squires-1.html,montana-state,2019-20
27,118,29,2020-03-06,Montana State,@,Northern Colorado,REG (Conf),W 73-63,*,35,6,14,.429,3,7,.429,3,7,.429,.536,0,0,,1,2,3,3,3,0,3,1,15,10.6,Oliana Squires,https://www.sports-reference.com/cbb/players/oliana-squires-1.html,montana-state,2019-20
28,119,30,2020-03-10,Montana State,,Northern Colorado,CTOURN,W 67-62,*,31,4,14,.286,2,3,.667,2,11,.182,.357,3,4,.750,0,4,4,0,4,0,2,3,13,6.4,Oliana Squires,https://www.sports-reference.com/cbb/players/oliana-squires-1.html,montana-state,2019-20
29,120,31,2020-03-11,Montana State,,Northern Arizona,CTOURN,W 76-71,*,27,2,10,.200,0,3,.000,2,7,.286,.200,4,4,1.000,0,3,3,0,1,0,2,2,8,0.9,Oliana Squires,https://www.sports-reference.com/cbb/players/oliana-squires-1.html,montana-state,2019-20
