ranker,player_game_num_career,team_game_num_season,date,team_name_abbr,game_location,opp_name_abbr,game_type,game_result,is_starter,mp,fg,fga,fg_pct,fg3,fg3a,fg3_pct,fg2,fg2a,fg2_pct,efg_pct,ft,fta,ft_pct,orb,drb,trb,ast,stl,blk,tov,pf,pts,game_score,player_name,player_sr_link,school,season
1,60,1,2019-11-08,Montana State,,UC Davis,REG (Non-Conf),W 77-65,,23,5,5,1.000,3,3,1.000,2,2,1.000,1.300,0,0,,0,4,4,1,1,0,0,0,13,14.4,Tori Martell,https://www.sports-reference.com/cbb/players/tori-martell-1.html,montana-state,2019-20
2,61,2,2019-11-11,Montana State,,Carroll (MT),REG (Non-Conf),W 67-33,,25,5,8,.625,3,5,.600,2,3,.667,.813,0,0,,0,1,1,2,1,0,1,1,13,10.7,Tori Martell,https://www.sports-reference.com/cbb/players/tori-martell-1.html,montana-state,2019-20
3,62,3,2019-11-17,Montana State,,Montana St.–Northern,REG (Non-Conf),W 93-34,,25,4,7,.571,3,6,.500,1,1,1.000,.786,1,2,.500,1,4,5,0,3,0,1,2,12,11.4,Tori Martell,https://www.sports-reference.com/cbb/players/tori-martell-1.html,montana-state,2019-20
4,63,4,2019-11-21,Montana State,@,South Dakota State,REG (Non-Conf),L 50-60,,24,1,3,.333,0,2,.000,1,1,1.000,.333,0,0,,0,2,2,2,2,0,0,1,2,3.9,Tori Martell,https://www.sports-reference.com/cbb/players/tori-martell-1.html,montana-state,2019-20
5,64,5,2019-11-23,Montana State,@,Minnesota,REG (Non-Conf),L 60-71,,16,1,2,.500,1,2,.500,0,0,,.750,0,0,,0,2,2,0,0,0,0,4,3,1.0,Tori Martell,https://www.sports-reference.com/cbb/players/tori-martell-1.html,montana-state,2019-20
6,65,6,2019-11-30,Montana State,@,Seattle,REG (Non-Conf),W 73-65,,18,2,8,.250,0,4,.000,2,4,.500,.250,1,1,1.000,0,1,1,0,3,0,1,1,5,2.1,Tori Martell,https://www.sports-reference.com/cbb/players/tori-martell-1.html,montana-state,2019-20
7,66,7,2019-12-05,Montana State,,Gonzaga,REG (Non-Conf),L 55-70,,22,0,6,.000,0,4,.000,0,2,.000,.000,0,0,,0,2,2,1,1,0,0,1,0,-2.3,Tori Martell,https://www.sports-reference.com/cbb/players/tori-martell-1.html,montana-state,2019-20
8,67,8,2019-12-20,Montana State,,Wichita State,REG (Non-Conf),L 64-66,,8,1,3,.333,1,3,.333,0,0,,.500,2,2,1.000,0,0,0,0,0,0,0,1,5,2.9,Tori Martell,https://www.sports-reference.com/cbb/players/tori-martell-1.html,montana-state,2019-20
9,68,9,2019-12-21,Montana State,@,Texas A&M,REG (Non-Conf),L 67-78,,14,3,6,.500,2,5,.400,1,1,1.000,.667,0,0,,0,1,1,0,1,0,0,1,8,5.9,Tori Martell,https://www.sports-reference.com/cbb/players/tori-martell-1.html,montana-state,2019-20
10,69,10,2019-12-28,Montana State,@,Sacramento State,REG (Conf),W 85-48,,16,3,6,.500,2,5,.400,1,1,1.000,.667,1,1,1.000,0,2,2,3,1,0,2,2,9,6.9,Tori Martell,https://www.sports-reference.com/cbb/players/tori-martell-1.html,montana-state,2019-20
11,70,11,2019-12-30,Montana State,@,Northern Arizona,REG (Conf),W 72-64,,15,1,3,.333,1,3,.333,0,0,,.500,2,2,1.000,0,4,4,0,1,0,2,1,5,3.1,Tori Martell,https://www.sports-reference.com/cbb/players/tori-martell-1.html,montana-state,2019-20
12,71,12,2020-01-02,Montana State,,Northern Colorado,REG (Conf),W 91-58,,19,2,5,.400,1,3,.333,1,2,.500,.500,0,0,,0,2,2,5,1,0,0,1,5,7.0,Tori Martell,https://www.sports-reference.com/cbb/players/tori-martell-1.html,montana-state,2019-20
13,72,13,2020-01-04,Montana State,,Southern Utah,REG (Conf),W 91-65,,22,3,6,.500,2,4,.500,1,2,.500,.667,0,0,,1,3,4,3,0,0,1,0,8,7.7,Tori Martell,https://www.sports-reference.com/cbb/players/tori-martell-1.html,montana-state,2019-20
14,73,14,2020-01-09,Montana State,,Idaho,REG (Conf),L 68-69 (2OT),,22,1,3,.333,0,2,.000,1,1,1.000,.333,0,0,,0,3,3,1,0,0,0,0,2,1.9,Tori Martell,https://www.sports-reference.com/cbb/players/tori-martell-1.html,montana-state,2019-20
15,74,15,2020-01-11,Montana State,@,Portland State,REG (Conf),W 73-62,*,33,5,10,.500,3,7,.429,2,3,.667,.650,0,0,,0,6,6,2,1,0,1,2,13,10.4,Tori Martell,https://www.sports-reference.com/cbb/players/tori-martell-1.html,montana-state,2019-20
16,75,16,2020-01-18,Montana State,@,Eastern Washington,REG (Conf),W 89-85 (2OT),*,34,5,10,.500,4,9,.444,1,1,1.000,.700,3,4,.750,0,1,1,2,2,0,3,2,17,11.5,Tori Martell,https://www.sports-reference.com/cbb/players/tori-martell-1.html,montana-state,2019-20
17,76,17,2020-01-23,Montana State,,Weber State,REG (Conf),W 81-52,*,31,6,12,.500,4,8,.500,2,4,.500,.667,0,0,,0,4,4,1,0,1,1,1,16,11.2,Tori Martell,https://www.sports-reference.com/cbb/players/tori-martell-1.html,montana-state,2019-20
18,77,18,2020-01-25,Montana State,,Idaho State,REG (Conf),W 67-59,*,18,1,5,.200,0,3,.000,1,2,.500,.200,0,0,,1,2,3,0,1,0,0,2,2,0.4,Tori Martell,https://www.sports-reference.com/cbb/players/tori-martell-1.html,montana-state,2019-20
19,78,19,2020-02-01,Montana State,@,Montana,REG (Conf),W 66-61 (OT),,17,0,2,.000,0,2,.000,0,0,,.000,0,0,,0,0,0,1,1,0,1,0,0,-0.7,Tori Martell,https://www.sports-reference.com/cbb/players/tori-martell-1.html,montana-state,2019-20
20,79,20,2020-02-06,Montana State,@,Idaho,REG (Conf),W 62-56,,22,3,6,.500,3,5,.600,0,1,.000,.750,2,2,1.000,0,3,3,1,1,0,0,1,11,10.2,Tori Martell,https://www.sports-reference.com/cbb/players/tori-martell-1.html,montana-state,2019-20
21,80,21,2020-02-08,Montana State,,Eastern Washington,REG (Conf),W 79-47,,22,5,9,.556,4,6,.667,1,3,.333,.778,0,0,,0,2,2,3,0,0,2,1,14,10.0,Tori Martell,https://www.sports-reference.com/cbb/players/tori-martell-1.html,montana-state,2019-20
22,81,22,2020-02-13,Montana State,@,Idaho State,REG (Conf),W 74-55,,26,4,9,.444,3,7,.429,1,2,.500,.611,2,2,1.000,0,7,7,0,2,0,5,2,13,6.6,Tori Martell,https://www.sports-reference.com/cbb/players/tori-martell-1.html,montana-state,2019-20
23,82,23,2020-02-15,Montana State,@,Weber State,REG (Conf),W 102-67,,28,3,8,.375,2,6,.333,1,2,.500,.500,0,0,,0,2,2,3,1,0,0,0,8,7.3,Tori Martell,https://www.sports-reference.com/cbb/players/tori-martell-1.html,montana-state,2019-20
24,83,24,2020-02-20,Montana State,,Portland State,REG (Conf),W 98-67,,21,3,6,.500,2,3,.667,1,3,.333,.667,2,2,1.000,0,2,2,2,0,0,1,2,10,7.2,Tori Martell,https://www.sports-reference.com/cbb/players/tori-martell-1.html,montana-state,2019-20
25,84,25,2020-02-22,Montana State,,Montana,REG (Conf),W 92-78,,21,5,9,.556,5,8,.625,0,1,.000,.833,0,0,,0,2,2,3,1,0,1,0,15,13.4,Tori Martell,https://www.sports-reference.com/cbb/players/tori-martell-1.html,montana-state,2019-20
26,85,26,2020-02-27,Montana State,,Sacramento State,REG (Conf),W 113-69,,26,4,8,.500,4,8,.500,0,0,,.750,0,0,,0,1,1,3,3,0,2,1,12,11.0,Tori Martell,https://www.sports-reference.com/cbb/players/tori-martell-1.html,montana-state,2019-20
27,86,27,2020-02-29,Montana State,,Northern Arizona,REG (Conf),W 73-71,,26,4,11,.364,4,7,.571,0,4,.000,.545,5,6,.833,0,1,1,1,0,0,1,2,17,9.7,Tori Martell,https://www.sports-reference.com/cbb/players/tori-martell-1.html,montana-state,2019-20
28,87,28,2020-03-04,Montana State,@,Southern Utah,REG (Conf),W 81-65,,17,1,4,.250,1,3,.333,0,1,.000,.375,0,0,,0,2,2,3,1,0,1,3,3,2.1,Tori Martell,https://www.sports-reference.com/cbb/players/tori-martell-1.html,montana-state,2019-20
29,88,29,2020-03-06,Montana State,@,Northern Colorado,REG (Conf),W 73-63,,13,1,5,.200,0,3,.000,1,2,.500,.200,0,0,,0,1,1,1,0,0,0,0,2,-0.1,Tori Martell,https://www.sports-reference.com/cbb/players/tori-martell-1.html,montana-state,2019-20
30,89,30,2020-03-10,Montana State,,Northern Colorado,CTOURN,W 67-62,,13,0,3,.000,0,1,.000,0,2,.000,.000,0,0,,0,1,1,0,0,0,1,2,0,-3.6,Tori Martell,https://www.sports-reference.com/cbb/players/tori-martell-1.html,montana-state,2019-20
31,90,31,2020-03-11,Montana State,,Northern Arizona,CTOURN,W 76-71,,21,3,7,.429,2,5,.400,1,2,.500,.571,0,0,,0,0,0,1,0,0,0,2,8,4.2,Tori Martell,https://www.sports-reference.com/cbb/players/tori-martell-1.html,montana-state,2019-20
