ranker,player_game_num_career,team_game_num_season,date,team_name_abbr,game_location,opp_name_abbr,game_type,game_result,is_starter,mp,fg,fga,fg_pct,fg3,fg3a,fg3_pct,fg2,fg2a,fg2_pct,efg_pct,ft,fta,ft_pct,orb,drb,trb,ast,stl,blk,tov,pf,pts,game_score,player_name,player_sr_link,school,season
1,1,1,2021-11-09,North Carolina A&T,@,North Carolina,REG (Non-Conf),L 47-92,*,21,1,5,.200,0,3,.000,1,2,.500,.200,0,0,,1,0,1,5,0,0,2,4,2,-0.5,Jordyn Dorsey,https://www.sports-reference.com/cbb/players/jordyn-dorsey-1.html,north-carolina-at,2021-22
2,2,2,2021-11-12,North Carolina A&T,,Western Kentucky,REG (Non-Conf),L 76-86,*,17,3,7,.429,1,1,1.000,2,6,.333,.500,0,0,,2,2,4,3,2,0,2,2,7,6.6,Jordyn Dorsey,https://www.sports-reference.com/cbb/players/jordyn-dorsey-1.html,north-carolina-at,2021-22
3,3,3,2021-11-14,North Carolina A&T,,UT Martin,REG (Non-Conf),L 40-58,,15,0,2,.000,0,1,.000,0,1,.000,.000,0,0,,0,0,0,1,0,1,1,0,0,-1.0,Jordyn Dorsey,https://www.sports-reference.com/cbb/players/jordyn-dorsey-1.html,north-carolina-at,2021-22
4,4,4,2021-11-15,North Carolina A&T,@,Kansas State,REG (Non-Conf),L 49-73,,25,2,7,.286,0,1,.000,2,6,.333,.286,0,0,,0,1,1,1,2,0,3,0,4,-0.1,Jordyn Dorsey,https://www.sports-reference.com/cbb/players/jordyn-dorsey-1.html,north-carolina-at,2021-22
5,5,5,2021-11-22,North Carolina A&T,@,Elon,REG (Non-Conf),L 66-76,*,31,3,8,.375,0,0,,3,8,.375,.375,0,0,,1,1,2,2,0,0,1,1,6,2.6,Jordyn Dorsey,https://www.sports-reference.com/cbb/players/jordyn-dorsey-1.html,north-carolina-at,2021-22
6,6,6,2021-11-29,North Carolina A&T,@,South Carolina,REG (Non-Conf),L 42-79,*,20,2,7,.286,0,3,.000,2,4,.500,.286,2,3,.667,1,1,2,0,0,0,2,1,6,0.1,Jordyn Dorsey,https://www.sports-reference.com/cbb/players/jordyn-dorsey-1.html,north-carolina-at,2021-22
7,7,7,2021-12-04,North Carolina A&T,,South Carolina State,REG (Non-Conf),W 86-46,*,19,2,6,.333,0,1,.000,2,5,.400,.333,2,2,1.000,2,2,4,3,1,0,3,3,6,3.5,Jordyn Dorsey,https://www.sports-reference.com/cbb/players/jordyn-dorsey-1.html,north-carolina-at,2021-22
8,8,8,2021-12-11,North Carolina A&T,,North Carolina Central,REG (Non-Conf),W 60-55,*,30,2,4,.500,1,2,.500,1,2,.500,.625,0,0,,2,2,4,3,1,0,3,2,5,4.3,Jordyn Dorsey,https://www.sports-reference.com/cbb/players/jordyn-dorsey-1.html,north-carolina-at,2021-22
9,9,9,2021-12-16,North Carolina A&T,,East Carolina,REG (Non-Conf),W 75-59,*,28,2,4,.500,2,2,1.000,0,2,.000,.750,4,4,1.000,4,4,8,4,0,0,2,0,10,12.8,Jordyn Dorsey,https://www.sports-reference.com/cbb/players/jordyn-dorsey-1.html,north-carolina-at,2021-22
10,10,10,2021-12-19,North Carolina A&T,@,Cincinnati,REG (Non-Conf),L 77-87 (2OT),*,35,1,9,.111,0,1,.000,1,8,.125,.111,3,4,.750,5,2,7,4,1,0,2,2,5,3.8,Jordyn Dorsey,https://www.sports-reference.com/cbb/players/jordyn-dorsey-1.html,north-carolina-at,2021-22
11,11,11,2021-12-29,North Carolina A&T,,Longwood,REG (Conf),L 45-76,*,34,2,13,.154,0,3,.000,2,10,.200,.154,0,0,,1,0,1,1,1,0,1,1,4,-3.3,Jordyn Dorsey,https://www.sports-reference.com/cbb/players/jordyn-dorsey-1.html,north-carolina-at,2021-22
12,12,13,2022-01-15,North Carolina A&T,@,USC Upstate,REG (Conf),L 64-67,*,24,4,9,.444,1,6,.167,3,3,1.000,.500,0,0,,0,1,1,3,0,0,1,1,9,5.3,Jordyn Dorsey,https://www.sports-reference.com/cbb/players/jordyn-dorsey-1.html,north-carolina-at,2021-22
13,13,14,2022-01-19,North Carolina A&T,,Charleston Southern,REG (Conf),W 88-50,*,21,4,5,.800,0,0,,4,5,.800,.800,2,3,.667,2,2,4,3,2,0,2,2,10,11.0,Jordyn Dorsey,https://www.sports-reference.com/cbb/players/jordyn-dorsey-1.html,north-carolina-at,2021-22
14,14,15,2022-01-22,North Carolina A&T,,Winthrop,REG (Conf),W 87-64,*,26,0,7,.000,0,5,.000,0,2,.000,.000,2,2,1.000,1,1,2,5,2,0,2,3,2,0.4,Jordyn Dorsey,https://www.sports-reference.com/cbb/players/jordyn-dorsey-1.html,north-carolina-at,2021-22
15,15,16,2022-01-25,North Carolina A&T,@,UNC Asheville,REG (Conf),W 75-68,,14,1,2,.500,0,1,.000,1,1,1.000,.500,0,0,,2,0,2,1,2,0,1,0,2,4.1,Jordyn Dorsey,https://www.sports-reference.com/cbb/players/jordyn-dorsey-1.html,north-carolina-at,2021-22
16,16,17,2022-01-27,North Carolina A&T,,Radford,REG (Conf),W 88-47,,23,2,8,.250,0,1,.000,2,7,.286,.250,4,6,.667,2,1,3,0,2,0,2,1,8,3.7,Jordyn Dorsey,https://www.sports-reference.com/cbb/players/jordyn-dorsey-1.html,north-carolina-at,2021-22
17,17,18,2022-01-29,North Carolina A&T,@,Gardner-Webb,REG (Conf),W 90-88,,18,3,4,.750,0,1,.000,3,3,1.000,.750,4,4,1.000,0,1,1,0,2,0,5,2,10,4.9,Jordyn Dorsey,https://www.sports-reference.com/cbb/players/jordyn-dorsey-1.html,north-carolina-at,2021-22
18,18,19,2022-01-31,North Carolina A&T,@,Campbell,REG (Conf),W 76-61,,3,0,1,.000,0,0,,0,1,.000,.000,0,0,,0,0,0,0,0,0,0,0,0,-0.7,Jordyn Dorsey,https://www.sports-reference.com/cbb/players/jordyn-dorsey-1.html,north-carolina-at,2021-22
19,19,20,2022-02-02,North Carolina A&T,,High Point,REG (Conf),L 53-72,,20,1,3,.333,0,0,,1,3,.333,.333,1,1,1.000,1,0,1,4,1,0,2,0,3,3.8,Jordyn Dorsey,https://www.sports-reference.com/cbb/players/jordyn-dorsey-1.html,north-carolina-at,2021-22
20,20,21,2022-02-05,North Carolina A&T,@,Radford,REG (Conf),W 77-63,,24,1,8,.125,0,2,.000,1,6,.167,.125,1,3,.333,1,5,6,2,0,0,4,2,3,-4.2,Jordyn Dorsey,https://www.sports-reference.com/cbb/players/jordyn-dorsey-1.html,north-carolina-at,2021-22
21,21,22,2022-02-08,North Carolina A&T,,Campbell,REG (Conf),L 48-56,,19,3,6,.500,1,1,1.000,2,5,.400,.583,2,2,1.000,1,0,1,1,0,0,2,1,9,5.0,Jordyn Dorsey,https://www.sports-reference.com/cbb/players/jordyn-dorsey-1.html,north-carolina-at,2021-22
22,22,23,2022-02-10,North Carolina A&T,,Presbyterian,REG (Conf),W 80-52,*,23,1,4,.250,0,1,.000,1,3,.333,.250,0,0,,0,1,1,5,1,0,0,1,2,4.0,Jordyn Dorsey,https://www.sports-reference.com/cbb/players/jordyn-dorsey-1.html,north-carolina-at,2021-22
23,23,24,2022-02-12,North Carolina A&T,@,Presbyterian,REG (Conf),W 73-56,*,28,3,6,.500,0,2,.000,3,4,.750,.500,1,1,1.000,0,4,4,5,2,0,2,0,7,8.7,Jordyn Dorsey,https://www.sports-reference.com/cbb/players/jordyn-dorsey-1.html,north-carolina-at,2021-22
24,24,25,2022-02-16,North Carolina A&T,@,Longwood,REG (Conf),L 71-85,*,19,4,6,.667,1,2,.500,3,4,.750,.750,0,0,,2,2,4,2,0,0,2,2,9,7.0,Jordyn Dorsey,https://www.sports-reference.com/cbb/players/jordyn-dorsey-1.html,north-carolina-at,2021-22
25,25,26,2022-02-19,North Carolina A&T,,Hampton,REG (Conf),W 68-51,*,25,0,4,.000,0,2,.000,0,2,.000,.000,0,0,,0,4,4,0,0,0,2,1,0,-4.0,Jordyn Dorsey,https://www.sports-reference.com/cbb/players/jordyn-dorsey-1.html,north-carolina-at,2021-22
26,26,27,2022-02-23,North Carolina A&T,@,Charleston Southern,REG (Conf),W 76-42,*,25,2,5,.400,1,2,.500,1,3,.333,.500,1,2,.500,1,1,2,5,0,0,2,0,6,5.4,Jordyn Dorsey,https://www.sports-reference.com/cbb/players/jordyn-dorsey-1.html,north-carolina-at,2021-22
27,27,28,2022-02-26,North Carolina A&T,,USC Upstate,REG (Conf),L 63-74,,19,0,2,.000,0,0,,0,2,.000,.000,2,2,1.000,0,1,1,0,0,0,2,1,2,-1.5,Jordyn Dorsey,https://www.sports-reference.com/cbb/players/jordyn-dorsey-1.html,north-carolina-at,2021-22
28,28,29,2022-03-01,North Carolina A&T,,UNC Asheville,CTOURN,L 59-68,*,26,3,7,.429,1,2,.500,2,5,.400,.500,0,0,,1,4,5,5,0,0,5,4,7,2.1,Jordyn Dorsey,https://www.sports-reference.com/cbb/players/jordyn-dorsey-1.html,north-carolina-at,2021-22
