ranker,player_game_num_career,team_game_num_season,date,team_name_abbr,game_location,opp_name_abbr,game_type,game_result,is_starter,mp,fg,fga,fg_pct,fg3,fg3a,fg3_pct,fg2,fg2a,fg2_pct,efg_pct,ft,fta,ft_pct,orb,drb,trb,ast,stl,blk,tov,pf,pts,game_score,player_name,player_sr_link,school,season
1,1,7,2021-12-04,North Carolina A&T,,South Carolina State,REG (Non-Conf),W 86-46,,2,0,0,,0,0,,0,0,,,0,0,,0,0,0,0,0,0,0,0,0,0.0,Nahndi Smith,https://www.sports-reference.com/cbb/players/nahndi-smith-1.html,north-carolina-at,2021-22
2,2,12,2022-01-01,North Carolina A&T,@,Hampton,REG (Conf),L 71-85,,25,2,5,.400,1,3,.333,1,2,.500,.500,0,0,,0,0,0,1,0,0,5,3,5,-3.2,Nahndi Smith,https://www.sports-reference.com/cbb/players/nahndi-smith-1.html,north-carolina-at,2021-22
3,3,15,2022-01-22,North Carolina A&T,,Winthrop,REG (Conf),W 87-64,,3,0,2,.000,0,2,.000,0,0,,.000,1,2,.500,0,1,1,0,0,0,0,0,1,-0.5,Nahndi Smith,https://www.sports-reference.com/cbb/players/nahndi-smith-1.html,north-carolina-at,2021-22
4,4,17,2022-01-27,North Carolina A&T,,Radford,REG (Conf),W 88-47,,3,0,0,,0,0,,0,0,,,0,0,,0,0,0,0,0,0,0,0,0,0.0,Nahndi Smith,https://www.sports-reference.com/cbb/players/nahndi-smith-1.html,north-carolina-at,2021-22
5,5,18,2022-01-29,North Carolina A&T,@,Gardner-Webb,REG (Conf),W 90-88,,1,0,0,,0,0,,0,0,,,0,0,,0,0,0,0,0,0,0,0,0,0.0,Nahndi Smith,https://www.sports-reference.com/cbb/players/nahndi-smith-1.html,north-carolina-at,2021-22
6,6,27,2022-02-23,North Carolina A&T,@,Charleston Southern,REG (Conf),W 76-42,,1,0,0,,0,0,,0,0,,,0,0,,0,0,0,0,0,0,0,0,0,0.0,Nahndi Smith,https://www.sports-reference.com/cbb/players/nahndi-smith-1.html,north-carolina-at,2021-22
