ranker,player_game_num_career,team_game_num_season,date,team_name_abbr,game_location,opp_name_abbr,game_type,game_result,is_starter,mp,fg,fga,fg_pct,fg3,fg3a,fg3_pct,fg2,fg2a,fg2_pct,efg_pct,ft,fta,ft_pct,orb,drb,trb,ast,stl,blk,tov,pf,pts,game_score,player_name,player_sr_link,school,season
1,75,1,2021-11-09,North Carolina A&T,@,North Carolina,REG (Non-Conf),L 47-92,*,18,2,5,.400,0,0,,2,5,.400,.400,0,2,.000,0,2,2,1,0,0,0,2,4,1.0,Rochelle Lee,https://www.sports-reference.com/cbb/players/rochelle-lee-1.html,north-carolina-at,2021-22
2,76,2,2021-11-12,North Carolina A&T,,Western Kentucky,REG (Non-Conf),L 76-86,,25,4,6,.667,0,0,,4,6,.667,.667,3,6,.500,4,3,7,0,1,0,0,2,11,11.1,Rochelle Lee,https://www.sports-reference.com/cbb/players/rochelle-lee-1.html,north-carolina-at,2021-22
3,77,3,2021-11-14,North Carolina A&T,,UT Martin,REG (Non-Conf),L 40-58,*,26,1,4,.250,0,0,,1,4,.250,.250,0,2,.000,0,2,2,1,0,0,2,0,2,-1.9,Rochelle Lee,https://www.sports-reference.com/cbb/players/rochelle-lee-1.html,north-carolina-at,2021-22
4,78,4,2021-11-15,North Carolina A&T,@,Kansas State,REG (Non-Conf),L 49-73,,19,3,11,.273,0,1,.000,3,10,.300,.273,1,5,.200,1,3,4,0,1,0,1,5,7,-1.5,Rochelle Lee,https://www.sports-reference.com/cbb/players/rochelle-lee-1.html,north-carolina-at,2021-22
5,79,5,2021-11-22,North Carolina A&T,@,Elon,REG (Non-Conf),L 66-76,*,10,0,2,.000,0,0,,0,2,.000,.000,0,0,,0,0,0,1,0,0,2,4,0,-4.3,Rochelle Lee,https://www.sports-reference.com/cbb/players/rochelle-lee-1.html,north-carolina-at,2021-22
6,80,6,2021-11-29,North Carolina A&T,@,South Carolina,REG (Non-Conf),L 42-79,*,16,0,5,.000,0,1,.000,0,4,.000,.000,2,2,1.000,0,2,2,0,0,0,1,4,2,-3.5,Rochelle Lee,https://www.sports-reference.com/cbb/players/rochelle-lee-1.html,north-carolina-at,2021-22
