ranker,player_game_num_career,team_game_num_season,date,team_name_abbr,game_location,opp_name_abbr,game_type,game_result,is_starter,mp,fg,fga,fg_pct,fg3,fg3a,fg3_pct,fg2,fg2a,fg2_pct,efg_pct,ft,fta,ft_pct,orb,drb,trb,ast,stl,blk,tov,pf,pts,game_score,player_name,player_sr_link,school,season
1,93,4,2019-11-17,George Washington,@,Memphis,REG (Non-Conf),W 64-63,,18,2,6,.333,0,3,.000,2,3,.667,.333,4,4,1.000,0,1,1,1,0,0,2,1,8,3.2,Ariel Stephenson,https://www.sports-reference.com/cbb/players/ariel-stephenson-1.html,george-washington,2019-20
2,94,5,2019-11-20,George Washington,@,Maryland,REG (Non-Conf),L 54-88,*,25,4,9,.444,0,1,.000,4,8,.500,.444,2,2,1.000,0,2,2,3,1,0,3,0,10,6.0,Ariel Stephenson,https://www.sports-reference.com/cbb/players/ariel-stephenson-1.html,george-washington,2019-20
3,95,6,2019-11-24,George Washington,,Georgetown,REG (Non-Conf),W 52-49,*,22,2,4,.500,1,1,1.000,1,3,.333,.625,1,4,.250,1,1,2,1,0,0,4,0,6,0.5,Ariel Stephenson,https://www.sports-reference.com/cbb/players/ariel-stephenson-1.html,george-washington,2019-20
4,96,7,2019-12-01,George Washington,,Coppin State,REG (Non-Conf),W 54-35,*,22,2,4,.500,1,3,.333,1,1,1.000,.625,0,0,,0,1,1,3,2,0,1,1,5,6.0,Ariel Stephenson,https://www.sports-reference.com/cbb/players/ariel-stephenson-1.html,george-washington,2019-20
5,97,8,2019-12-04,George Washington,@,Delaware,REG (Non-Conf),W 63-49,*,35,3,8,.375,1,3,.333,2,5,.400,.438,6,6,1.000,0,4,4,2,4,1,2,3,13,12.7,Ariel Stephenson,https://www.sports-reference.com/cbb/players/ariel-stephenson-1.html,george-washington,2019-20
6,98,9,2019-12-07,George Washington,@,Quinnipiac,REG (Non-Conf),W 78-67,*,30,1,8,.125,0,3,.000,1,5,.200,.125,0,4,.000,1,3,4,0,0,0,1,3,2,-5.4,Ariel Stephenson,https://www.sports-reference.com/cbb/players/ariel-stephenson-1.html,george-washington,2019-20
7,99,10,2019-12-10,George Washington,,Minnesota,REG (Non-Conf),L 50-83,*,26,2,4,.500,2,3,.667,0,1,.000,.750,0,0,,0,1,1,0,2,0,3,1,6,2.9,Ariel Stephenson,https://www.sports-reference.com/cbb/players/ariel-stephenson-1.html,george-washington,2019-20
8,100,14,2020-01-04,George Washington,@,George Mason,REG (Conf),L 60-70,,13,1,4,.250,1,3,.333,0,1,.000,.375,0,0,,0,2,2,1,0,0,1,0,3,0.9,Ariel Stephenson,https://www.sports-reference.com/cbb/players/ariel-stephenson-1.html,george-washington,2019-20
9,101,15,2020-01-08,George Washington,,Duquesne,REG (Conf),W 65-60,*,17,1,5,.200,0,4,.000,1,1,1.000,.200,1,2,.500,0,1,1,1,0,0,0,0,3,0.5,Ariel Stephenson,https://www.sports-reference.com/cbb/players/ariel-stephenson-1.html,george-washington,2019-20
10,102,16,2020-01-12,George Washington,@,Fordham,REG (Conf),L 47-53,*,27,3,7,.429,2,3,.667,1,4,.250,.571,1,2,.500,0,1,1,0,1,0,1,1,9,4.8,Ariel Stephenson,https://www.sports-reference.com/cbb/players/ariel-stephenson-1.html,george-washington,2019-20
11,103,17,2020-01-18,George Washington,@,Davidson,REG (Conf),L 55-62,*,28,1,7,.143,0,5,.000,1,2,.500,.143,1,1,1.000,0,1,1,2,0,0,1,3,3,-2.0,Ariel Stephenson,https://www.sports-reference.com/cbb/players/ariel-stephenson-1.html,george-washington,2019-20
12,104,18,2020-01-22,George Washington,,Dayton,REG (Conf),L 50-66,*,21,0,5,.000,0,3,.000,0,2,.000,.000,3,4,.750,0,1,1,0,0,0,0,2,3,-1.4,Ariel Stephenson,https://www.sports-reference.com/cbb/players/ariel-stephenson-1.html,george-washington,2019-20
13,105,19,2020-01-26,George Washington,,Massachusetts,REG (Conf),W 50-47,*,16,2,3,.667,2,3,.667,0,0,,1.000,0,0,,0,1,1,0,0,0,0,1,6,4.6,Ariel Stephenson,https://www.sports-reference.com/cbb/players/ariel-stephenson-1.html,george-washington,2019-20
14,106,20,2020-01-29,George Washington,@,Saint Joseph's,REG (Conf),W 56-50,*,21,2,6,.333,1,1,1.000,1,5,.200,.417,0,0,,1,3,4,3,0,0,2,0,5,3.3,Ariel Stephenson,https://www.sports-reference.com/cbb/players/ariel-stephenson-1.html,george-washington,2019-20
15,107,21,2020-02-02,George Washington,,Saint Louis,REG (Conf),L 45-59,*,15,1,3,.333,0,1,.000,1,2,.500,.333,0,0,,0,0,0,0,0,0,0,4,2,-1.3,Ariel Stephenson,https://www.sports-reference.com/cbb/players/ariel-stephenson-1.html,george-washington,2019-20
16,108,22,2020-02-06,George Washington,@,St. Bonaventure,REG (Conf),L 55-59,*,18,3,9,.333,1,5,.200,2,4,.500,.389,1,2,.500,0,4,4,0,0,0,0,0,8,3.7,Ariel Stephenson,https://www.sports-reference.com/cbb/players/ariel-stephenson-1.html,george-washington,2019-20
17,109,23,2020-02-09,George Washington,@,VCU,REG (Conf),W 56-55,*,21,1,4,.250,0,2,.000,1,2,.500,.250,2,2,1.000,0,0,0,0,0,0,1,0,4,0.6,Ariel Stephenson,https://www.sports-reference.com/cbb/players/ariel-stephenson-1.html,george-washington,2019-20
18,110,24,2020-02-12,George Washington,,La Salle,REG (Conf),L 54-61,*,19,1,6,.167,0,2,.000,1,4,.250,.167,2,4,.500,0,3,3,4,1,0,0,2,4,3.3,Ariel Stephenson,https://www.sports-reference.com/cbb/players/ariel-stephenson-1.html,george-washington,2019-20
19,111,25,2020-02-15,George Washington,,George Mason,REG (Conf),W 62-57,,13,1,3,.333,0,2,.000,1,1,1.000,.333,0,0,,2,1,3,1,0,0,0,0,2,2.7,Ariel Stephenson,https://www.sports-reference.com/cbb/players/ariel-stephenson-1.html,george-washington,2019-20
20,112,26,2020-02-19,George Washington,@,Dayton,REG (Conf),L 44-50,,13,0,1,.000,0,1,.000,0,0,,.000,0,0,,0,0,0,0,1,0,1,0,0,-0.7,Ariel Stephenson,https://www.sports-reference.com/cbb/players/ariel-stephenson-1.html,george-washington,2019-20
21,113,27,2020-02-22,George Washington,@,Duquesne,REG (Conf),W 72-65,,11,4,5,.800,4,5,.800,0,0,,1.200,0,0,,0,2,2,0,1,0,3,4,12,7.1,Ariel Stephenson,https://www.sports-reference.com/cbb/players/ariel-stephenson-1.html,george-washington,2019-20
22,114,28,2020-02-25,George Washington,,Rhode Island,REG (Conf),W 73-56,,11,0,0,,0,0,,0,0,,,0,0,,0,2,2,2,0,0,0,1,0,1.6,Ariel Stephenson,https://www.sports-reference.com/cbb/players/ariel-stephenson-1.html,george-washington,2019-20
23,115,29,2020-02-29,George Washington,,Richmond,REG (Conf),W 50-40,,15,0,3,.000,0,1,.000,0,2,.000,.000,0,0,,0,1,1,1,0,1,0,0,0,-0.4,Ariel Stephenson,https://www.sports-reference.com/cbb/players/ariel-stephenson-1.html,george-washington,2019-20
24,116,30,2020-03-03,George Washington,,Richmond,CTOURN,L 49-57,,12,0,2,.000,0,1,.000,0,1,.000,.000,2,2,1.000,0,2,2,1,2,0,1,0,2,2.9,Ariel Stephenson,https://www.sports-reference.com/cbb/players/ariel-stephenson-1.html,george-washington,2019-20
