ranker,player_game_num_career,team_game_num_season,date,team_name_abbr,game_location,opp_name_abbr,game_type,game_result,is_starter,mp,fg,fga,fg_pct,fg3,fg3a,fg3_pct,fg2,fg2a,fg2_pct,efg_pct,ft,fta,ft_pct,orb,drb,trb,ast,stl,blk,tov,pf,pts,game_score,player_name,player_sr_link,school,season
1,1,1,2019-11-06,George Washington,@,Villanova,REG (Non-Conf),W 68-56,,4,0,0,,0,0,,0,0,,,0,0,,0,0,0,0,0,0,1,2,0,-1.8,Essence Brown,https://www.sports-reference.com/cbb/players/essence-brown-2.html,george-washington,2019-20
2,2,2,2019-11-10,George Washington,,Princeton,REG (Non-Conf),L 50-75,,12,0,2,.000,0,0,,0,2,.000,.000,0,0,,0,1,1,1,1,0,2,5,0,-3.4,Essence Brown,https://www.sports-reference.com/cbb/players/essence-brown-2.html,george-washington,2019-20
3,3,3,2019-11-13,George Washington,@,Lehigh,REG (Non-Conf),L 53-59,,18,0,0,,0,0,,0,0,,,0,0,,1,1,2,0,2,0,4,5,0,-3.0,Essence Brown,https://www.sports-reference.com/cbb/players/essence-brown-2.html,george-washington,2019-20
4,4,5,2019-11-20,George Washington,@,Maryland,REG (Non-Conf),L 54-88,,16,1,3,.333,0,2,.000,1,1,1.000,.333,0,0,,0,0,0,0,2,0,0,3,2,1.1,Essence Brown,https://www.sports-reference.com/cbb/players/essence-brown-2.html,george-washington,2019-20
5,5,6,2019-11-24,George Washington,,Georgetown,REG (Non-Conf),W 52-49,,3,0,1,.000,0,0,,0,1,.000,.000,0,0,,0,0,0,0,0,0,0,0,0,-0.7,Essence Brown,https://www.sports-reference.com/cbb/players/essence-brown-2.html,george-washington,2019-20
6,6,7,2019-12-01,George Washington,,Coppin State,REG (Non-Conf),W 54-35,,5,0,0,,0,0,,0,0,,,0,0,,0,0,0,0,2,0,2,0,0,0.0,Essence Brown,https://www.sports-reference.com/cbb/players/essence-brown-2.html,george-washington,2019-20
7,7,9,2019-12-07,George Washington,@,Quinnipiac,REG (Non-Conf),W 78-67,,5,0,0,,0,0,,0,0,,,1,2,.500,0,1,1,0,0,0,2,0,1,-1.1,Essence Brown,https://www.sports-reference.com/cbb/players/essence-brown-2.html,george-washington,2019-20
8,8,10,2019-12-10,George Washington,,Minnesota,REG (Non-Conf),L 50-83,,12,1,2,.500,0,0,,1,2,.500,.500,3,4,.750,0,1,1,0,0,0,1,4,5,1.3,Essence Brown,https://www.sports-reference.com/cbb/players/essence-brown-2.html,george-washington,2019-20
9,9,11,2019-12-20,George Washington,,James Madison,REG (Non-Conf),L 50-69,,16,0,0,,0,0,,0,0,,,2,2,1.000,0,1,1,0,0,0,1,2,2,0.5,Essence Brown,https://www.sports-reference.com/cbb/players/essence-brown-2.html,george-washington,2019-20
10,10,12,2019-12-22,George Washington,@,American,REG (Non-Conf),L 53-66,,22,2,3,.667,0,0,,2,3,.667,.667,0,0,,2,0,2,2,0,0,0,3,4,4.3,Essence Brown,https://www.sports-reference.com/cbb/players/essence-brown-2.html,george-washington,2019-20
11,11,13,2019-12-29,George Washington,,William & Mary,REG (Non-Conf),L 51-63,,16,0,3,.000,0,2,.000,0,1,.000,.000,0,0,,0,3,3,0,1,0,2,2,0,-3.0,Essence Brown,https://www.sports-reference.com/cbb/players/essence-brown-2.html,george-washington,2019-20
12,12,14,2020-01-04,George Washington,@,George Mason,REG (Conf),L 60-70,,11,0,3,.000,0,1,.000,0,2,.000,.000,2,2,1.000,1,3,4,1,0,1,1,2,2,1.1,Essence Brown,https://www.sports-reference.com/cbb/players/essence-brown-2.html,george-washington,2019-20
13,13,15,2020-01-08,George Washington,,Duquesne,REG (Conf),W 65-60,,24,0,2,.000,0,0,,0,2,.000,.000,0,0,,0,8,8,0,2,0,1,0,0,2.0,Essence Brown,https://www.sports-reference.com/cbb/players/essence-brown-2.html,george-washington,2019-20
14,14,16,2020-01-12,George Washington,@,Fordham,REG (Conf),L 47-53,,12,0,4,.000,0,2,.000,0,2,.000,.000,0,0,,0,2,2,0,0,0,1,1,0,-3.6,Essence Brown,https://www.sports-reference.com/cbb/players/essence-brown-2.html,george-washington,2019-20
15,15,17,2020-01-18,George Washington,@,Davidson,REG (Conf),L 55-62,,3,0,0,,0,0,,0,0,,,0,0,,0,1,1,0,0,0,1,0,0,-0.7,Essence Brown,https://www.sports-reference.com/cbb/players/essence-brown-2.html,george-washington,2019-20
16,16,18,2020-01-22,George Washington,,Dayton,REG (Conf),L 50-66,,3,0,1,.000,0,0,,0,1,.000,.000,0,0,,0,0,0,0,0,0,0,0,0,-0.7,Essence Brown,https://www.sports-reference.com/cbb/players/essence-brown-2.html,george-washington,2019-20
17,17,19,2020-01-26,George Washington,,Massachusetts,REG (Conf),W 50-47,,3,0,1,.000,0,0,,0,1,.000,.000,0,0,,0,0,0,0,0,0,0,0,0,-0.7,Essence Brown,https://www.sports-reference.com/cbb/players/essence-brown-2.html,george-washington,2019-20
18,18,22,2020-02-06,George Washington,@,St. Bonaventure,REG (Conf),L 55-59,,15,1,2,.500,0,1,.000,1,1,1.000,.500,0,1,.000,2,2,4,1,0,0,0,1,2,2.9,Essence Brown,https://www.sports-reference.com/cbb/players/essence-brown-2.html,george-washington,2019-20
19,19,23,2020-02-09,George Washington,@,VCU,REG (Conf),W 56-55,,19,1,3,.333,1,1,1.000,0,2,.000,.500,0,0,,0,2,2,1,0,0,1,2,3,0.8,Essence Brown,https://www.sports-reference.com/cbb/players/essence-brown-2.html,george-washington,2019-20
20,20,24,2020-02-12,George Washington,,La Salle,REG (Conf),L 54-61,,15,0,3,.000,0,1,.000,0,2,.000,.000,0,0,,2,1,3,0,1,0,0,1,0,0.2,Essence Brown,https://www.sports-reference.com/cbb/players/essence-brown-2.html,george-washington,2019-20
21,21,25,2020-02-15,George Washington,,George Mason,REG (Conf),W 62-57,*,16,0,2,.000,0,1,.000,0,1,.000,.000,0,0,,0,1,1,0,1,0,2,4,0,-3.7,Essence Brown,https://www.sports-reference.com/cbb/players/essence-brown-2.html,george-washington,2019-20
22,22,26,2020-02-19,George Washington,@,Dayton,REG (Conf),L 44-50,*,17,0,1,.000,0,1,.000,0,0,,.000,0,0,,0,0,0,0,0,0,0,1,0,-1.1,Essence Brown,https://www.sports-reference.com/cbb/players/essence-brown-2.html,george-washington,2019-20
23,23,27,2020-02-22,George Washington,@,Duquesne,REG (Conf),W 72-65,*,17,0,0,,0,0,,0,0,,,2,2,1.000,1,1,2,2,1,0,2,4,2,1.8,Essence Brown,https://www.sports-reference.com/cbb/players/essence-brown-2.html,george-washington,2019-20
24,24,28,2020-02-25,George Washington,,Rhode Island,REG (Conf),W 73-56,*,29,1,4,.250,0,2,.000,1,2,.500,.250,0,0,,1,3,4,3,0,0,1,1,2,1.9,Essence Brown,https://www.sports-reference.com/cbb/players/essence-brown-2.html,george-washington,2019-20
25,25,29,2020-02-29,George Washington,,Richmond,REG (Conf),W 50-40,*,24,0,2,.000,0,1,.000,0,1,.000,.000,0,0,,1,3,4,2,0,0,1,2,0,-0.2,Essence Brown,https://www.sports-reference.com/cbb/players/essence-brown-2.html,george-washington,2019-20
26,26,30,2020-03-03,George Washington,,Richmond,CTOURN,L 49-57,*,17,0,1,.000,0,0,,0,1,.000,.000,2,2,1.000,0,3,3,1,0,0,0,3,2,1.7,Essence Brown,https://www.sports-reference.com/cbb/players/essence-brown-2.html,george-washington,2019-20
