ranker,player_game_num_career,team_game_num_season,date,team_name_abbr,game_location,opp_name_abbr,game_type,game_result,is_starter,mp,fg,fga,fg_pct,fg3,fg3a,fg3_pct,fg2,fg2a,fg2_pct,efg_pct,ft,fta,ft_pct,orb,drb,trb,ast,stl,blk,tov,pf,pts,game_score,player_name,player_sr_link,school,season
1,1,1,2019-11-06,George Washington,@,Villanova,REG (Non-Conf),W 68-56,*,31,1,3,.333,0,1,.000,1,2,.500,.333,1,2,.500,2,4,6,2,2,0,0,3,3,5.7,Faith Blethen,https://www.sports-reference.com/cbb/players/faith-blethen-1.html,george-washington,2019-20
2,2,2,2019-11-10,George Washington,,Princeton,REG (Non-Conf),L 50-75,*,30,6,12,.500,2,4,.500,4,8,.500,.583,2,3,.667,3,3,6,0,1,0,2,2,16,10.8,Faith Blethen,https://www.sports-reference.com/cbb/players/faith-blethen-1.html,george-washington,2019-20
3,3,3,2019-11-13,George Washington,@,Lehigh,REG (Non-Conf),L 53-59,*,26,1,2,.500,1,1,1.000,0,1,.000,.750,2,4,.500,0,3,3,0,2,0,3,3,5,1.9,Faith Blethen,https://www.sports-reference.com/cbb/players/faith-blethen-1.html,george-washington,2019-20
4,4,4,2019-11-17,George Washington,@,Memphis,REG (Non-Conf),W 64-63,*,33,4,11,.364,2,7,.286,2,4,.500,.455,0,0,,2,1,3,1,0,0,3,1,10,2.9,Faith Blethen,https://www.sports-reference.com/cbb/players/faith-blethen-1.html,george-washington,2019-20
5,5,5,2019-11-20,George Washington,@,Maryland,REG (Non-Conf),L 54-88,*,34,4,12,.333,2,6,.333,2,6,.333,.417,0,0,,2,1,3,3,1,0,1,2,10,6.2,Faith Blethen,https://www.sports-reference.com/cbb/players/faith-blethen-1.html,george-washington,2019-20
6,6,6,2019-11-24,George Washington,,Georgetown,REG (Non-Conf),W 52-49,*,33,3,7,.429,2,5,.400,1,2,.500,.571,0,0,,1,2,3,5,0,3,3,0,8,8.2,Faith Blethen,https://www.sports-reference.com/cbb/players/faith-blethen-1.html,george-washington,2019-20
7,7,7,2019-12-01,George Washington,,Coppin State,REG (Non-Conf),W 54-35,*,34,2,9,.222,2,6,.333,0,3,.000,.333,0,0,,1,5,6,0,3,1,1,2,6,4.6,Faith Blethen,https://www.sports-reference.com/cbb/players/faith-blethen-1.html,george-washington,2019-20
8,8,8,2019-12-04,George Washington,@,Delaware,REG (Non-Conf),W 63-49,*,25,1,1,1.000,0,0,,1,1,1.000,1.000,0,0,,0,5,5,3,1,1,1,2,2,5.2,Faith Blethen,https://www.sports-reference.com/cbb/players/faith-blethen-1.html,george-washington,2019-20
9,9,9,2019-12-07,George Washington,@,Quinnipiac,REG (Non-Conf),W 78-67,*,35,3,7,.429,2,4,.500,1,3,.333,.571,4,5,.800,1,4,5,4,0,0,0,2,12,11.8,Faith Blethen,https://www.sports-reference.com/cbb/players/faith-blethen-1.html,george-washington,2019-20
10,10,10,2019-12-10,George Washington,,Minnesota,REG (Non-Conf),L 50-83,*,31,2,5,.400,1,3,.333,1,2,.500,.500,0,0,,0,4,4,3,2,0,2,0,5,5.6,Faith Blethen,https://www.sports-reference.com/cbb/players/faith-blethen-1.html,george-washington,2019-20
11,11,11,2019-12-20,George Washington,,James Madison,REG (Non-Conf),L 50-69,*,24,2,6,.333,1,2,.500,1,4,.250,.417,0,0,,1,5,6,1,1,0,1,1,5,4.1,Faith Blethen,https://www.sports-reference.com/cbb/players/faith-blethen-1.html,george-washington,2019-20
12,12,12,2019-12-22,George Washington,@,American,REG (Non-Conf),L 53-66,*,32,3,6,.500,1,3,.333,2,3,.667,.583,0,0,,2,3,5,1,2,0,1,0,7,8.0,Faith Blethen,https://www.sports-reference.com/cbb/players/faith-blethen-1.html,george-washington,2019-20
13,13,13,2019-12-29,George Washington,,William & Mary,REG (Non-Conf),L 51-63,*,30,3,5,.600,2,3,.667,1,2,.500,.800,1,1,1.000,1,3,4,1,0,1,1,1,9,8.3,Faith Blethen,https://www.sports-reference.com/cbb/players/faith-blethen-1.html,george-washington,2019-20
14,14,14,2020-01-04,George Washington,@,George Mason,REG (Conf),L 60-70,*,25,2,3,.667,2,3,.667,0,0,,1.000,0,0,,0,3,3,0,1,0,1,0,6,5.6,Faith Blethen,https://www.sports-reference.com/cbb/players/faith-blethen-1.html,george-washington,2019-20
15,15,15,2020-01-08,George Washington,,Duquesne,REG (Conf),W 65-60,*,31,1,4,.250,1,4,.250,0,0,,.375,0,0,,2,4,6,1,2,0,0,1,3,5.5,Faith Blethen,https://www.sports-reference.com/cbb/players/faith-blethen-1.html,george-washington,2019-20
16,16,16,2020-01-12,George Washington,@,Fordham,REG (Conf),L 47-53,*,28,1,4,.250,0,3,.000,1,1,1.000,.250,0,0,,0,3,3,1,2,0,1,0,2,2.2,Faith Blethen,https://www.sports-reference.com/cbb/players/faith-blethen-1.html,george-washington,2019-20
17,17,17,2020-01-18,George Washington,@,Davidson,REG (Conf),L 55-62,,25,0,5,.000,0,4,.000,0,1,.000,.000,3,4,.750,1,2,3,1,1,1,0,0,3,2.8,Faith Blethen,https://www.sports-reference.com/cbb/players/faith-blethen-1.html,george-washington,2019-20
18,18,18,2020-01-22,George Washington,,Dayton,REG (Conf),L 50-66,,21,2,3,.667,1,2,.500,1,1,1.000,.833,2,2,1.000,1,2,3,3,2,0,0,0,7,11.1,Faith Blethen,https://www.sports-reference.com/cbb/players/faith-blethen-1.html,george-washington,2019-20
19,19,19,2020-01-26,George Washington,,Massachusetts,REG (Conf),W 50-47,*,27,2,4,.500,1,2,.500,1,2,.500,.625,0,0,,1,3,4,2,0,0,0,1,5,5.6,Faith Blethen,https://www.sports-reference.com/cbb/players/faith-blethen-1.html,george-washington,2019-20
20,20,20,2020-01-29,George Washington,@,Saint Joseph's,REG (Conf),W 56-50,*,30,3,4,.750,3,4,.750,0,0,,1.125,2,2,1.000,0,3,3,3,1,0,0,0,11,13.4,Faith Blethen,https://www.sports-reference.com/cbb/players/faith-blethen-1.html,george-washington,2019-20
21,21,21,2020-02-02,George Washington,,Saint Louis,REG (Conf),L 45-59,*,38,1,5,.200,0,3,.000,1,2,.500,.200,0,0,,0,3,3,2,2,0,1,0,2,2.2,Faith Blethen,https://www.sports-reference.com/cbb/players/faith-blethen-1.html,george-washington,2019-20
22,22,22,2020-02-06,George Washington,@,St. Bonaventure,REG (Conf),L 55-59,*,26,2,6,.333,2,5,.400,0,1,.000,.500,3,3,1.000,0,2,2,1,0,0,1,1,9,5.5,Faith Blethen,https://www.sports-reference.com/cbb/players/faith-blethen-1.html,george-washington,2019-20
23,23,23,2020-02-09,George Washington,@,VCU,REG (Conf),W 56-55,,20,0,0,,0,0,,0,0,,,0,0,,0,2,2,0,2,0,0,2,0,1.8,Faith Blethen,https://www.sports-reference.com/cbb/players/faith-blethen-1.html,george-washington,2019-20
24,24,24,2020-02-12,George Washington,,La Salle,REG (Conf),L 54-61,,22,1,10,.100,1,7,.143,0,3,.000,.150,0,0,,4,1,5,0,0,0,2,1,3,-2.9,Faith Blethen,https://www.sports-reference.com/cbb/players/faith-blethen-1.html,george-washington,2019-20
25,25,25,2020-02-15,George Washington,,George Mason,REG (Conf),W 62-57,*,30,2,5,.400,2,4,.500,0,1,.000,.600,0,0,,0,1,1,0,2,1,1,0,6,5.3,Faith Blethen,https://www.sports-reference.com/cbb/players/faith-blethen-1.html,george-washington,2019-20
26,26,26,2020-02-19,George Washington,@,Dayton,REG (Conf),L 44-50,*,18,0,2,.000,0,2,.000,0,0,,.000,0,0,,0,1,1,1,0,0,1,3,0,-2.6,Faith Blethen,https://www.sports-reference.com/cbb/players/faith-blethen-1.html,george-washington,2019-20
27,27,27,2020-02-22,George Washington,@,Duquesne,REG (Conf),W 72-65,*,32,0,1,.000,0,1,.000,0,0,,.000,0,0,,0,1,1,5,0,0,1,1,0,1.7,Faith Blethen,https://www.sports-reference.com/cbb/players/faith-blethen-1.html,george-washington,2019-20
28,28,28,2020-02-25,George Washington,,Rhode Island,REG (Conf),W 73-56,*,29,2,5,.400,1,4,.250,1,1,1.000,.500,0,0,,0,4,4,2,0,0,0,1,5,4.5,Faith Blethen,https://www.sports-reference.com/cbb/players/faith-blethen-1.html,george-washington,2019-20
29,29,29,2020-02-29,George Washington,,Richmond,REG (Conf),W 50-40,*,28,5,9,.556,3,6,.500,2,3,.667,.722,0,0,,1,2,3,1,2,0,0,1,13,12.3,Faith Blethen,https://www.sports-reference.com/cbb/players/faith-blethen-1.html,george-washington,2019-20
30,30,30,2020-03-03,George Washington,,Richmond,CTOURN,L 49-57,*,28,1,6,.167,0,3,.000,1,3,.333,.167,0,0,,2,4,6,2,1,0,1,0,2,2.2,Faith Blethen,https://www.sports-reference.com/cbb/players/faith-blethen-1.html,george-washington,2019-20
