ranker,player_game_num_career,team_game_num_season,date,team_name_abbr,game_location,opp_name_abbr,game_type,game_result,is_starter,mp,fg,fga,fg_pct,fg3,fg3a,fg2,fg2a,fg2_pct,efg_pct,ft,fta,ft_pct,orb,drb,trb,ast,stl,blk,tov,pf,pts,game_score,player_name,player_sr_link,school,season
1,56,4,2019-11-17,George Washington,@,Memphis,REG (Non-Conf),W 64-63,,13,0,1,.000,0,0,0,1,.000,.000,0,0,,0,2,2,0,1,0,1,4,0,-1.7,Olivia Gumbs,https://www.sports-reference.com/cbb/players/olivia-gumbs-1.html,george-washington,2019-20
2,57,5,2019-11-20,George Washington,@,Maryland,REG (Non-Conf),L 54-88,,22,0,9,.000,0,0,0,9,.000,.000,1,2,.500,2,2,4,1,1,0,1,4,1,-4.6,Olivia Gumbs,https://www.sports-reference.com/cbb/players/olivia-gumbs-1.html,george-washington,2019-20
3,58,6,2019-11-24,George Washington,,Georgetown,REG (Non-Conf),W 52-49,,11,0,0,,0,0,0,0,,,0,0,,0,2,2,0,1,1,1,2,0,0.5,Olivia Gumbs,https://www.sports-reference.com/cbb/players/olivia-gumbs-1.html,george-washington,2019-20
4,59,7,2019-12-01,George Washington,,Coppin State,REG (Non-Conf),W 54-35,,10,1,1,1.000,0,0,1,1,1.000,1.000,2,4,.500,2,2,4,1,0,0,1,4,4,3.0,Olivia Gumbs,https://www.sports-reference.com/cbb/players/olivia-gumbs-1.html,george-washington,2019-20
5,60,8,2019-12-04,George Washington,@,Delaware,REG (Non-Conf),W 63-49,,11,2,5,.400,0,0,2,5,.400,.400,1,2,.500,3,0,3,0,0,0,3,3,5,-0.2,Olivia Gumbs,https://www.sports-reference.com/cbb/players/olivia-gumbs-1.html,george-washington,2019-20
6,61,11,2019-12-20,George Washington,,James Madison,REG (Non-Conf),L 50-69,,5,2,3,.667,0,0,2,3,.667,.667,2,2,1.000,1,2,3,0,0,0,1,0,6,5.0,Olivia Gumbs,https://www.sports-reference.com/cbb/players/olivia-gumbs-1.html,george-washington,2019-20
7,62,13,2019-12-29,George Washington,,William & Mary,REG (Non-Conf),L 51-63,,2,0,0,,0,0,0,0,,,0,0,,0,0,0,0,0,0,1,2,0,-1.8,Olivia Gumbs,https://www.sports-reference.com/cbb/players/olivia-gumbs-1.html,george-washington,2019-20
8,63,14,2020-01-04,George Washington,@,George Mason,REG (Conf),L 60-70,,6,1,3,.333,0,0,1,3,.333,.333,0,0,,0,0,0,1,0,0,0,0,2,1.0,Olivia Gumbs,https://www.sports-reference.com/cbb/players/olivia-gumbs-1.html,george-washington,2019-20
9,64,25,2020-02-15,George Washington,,George Mason,REG (Conf),W 62-57,,2,0,0,,0,0,0,0,,,0,0,,0,0,0,0,1,0,2,0,0,-1.0,Olivia Gumbs,https://www.sports-reference.com/cbb/players/olivia-gumbs-1.html,george-washington,2019-20
10,65,26,2020-02-19,George Washington,@,Dayton,REG (Conf),L 44-50,,1,0,0,,0,0,0,0,,,0,0,,0,0,0,0,0,0,0,0,0,0.0,Olivia Gumbs,https://www.sports-reference.com/cbb/players/olivia-gumbs-1.html,george-washington,2019-20
11,66,29,2020-02-29,George Washington,,Richmond,REG (Conf),W 50-40,,8,0,0,,0,0,0,0,,,0,0,,1,0,1,0,0,0,0,2,0,-0.1,Olivia Gumbs,https://www.sports-reference.com/cbb/players/olivia-gumbs-1.html,george-washington,2019-20
