ranker,player_game_num_career,team_game_num_season,date,team_name_abbr,game_location,opp_name_abbr,game_type,game_result,is_starter,mp,fg,fga,fg_pct,fg3,fg3a,fg3_pct,fg2,fg2a,fg2_pct,efg_pct,ft,fta,ft_pct,orb,drb,trb,ast,stl,blk,tov,pf,pts,game_score,player_name,player_sr_link,school,season
1,57,3,2019-11-13,George Washington,@,Lehigh,REG (Non-Conf),L 53-59,,12,1,2,.500,0,0,,1,2,.500,.500,0,2,.000,1,2,3,0,0,1,2,1,2,-0.2,Sarah Overcash,https://www.sports-reference.com/cbb/players/sarah-overcash-1.html,george-washington,2019-20
2,58,4,2019-11-17,George Washington,@,Memphis,REG (Non-Conf),W 64-63,,6,0,0,,0,0,,0,0,,,0,0,,0,1,1,0,0,0,0,0,0,0.3,Sarah Overcash,https://www.sports-reference.com/cbb/players/sarah-overcash-1.html,george-washington,2019-20
3,59,5,2019-11-20,George Washington,@,Maryland,REG (Non-Conf),L 54-88,,3,0,0,,0,0,,0,0,,,0,0,,0,0,0,0,0,0,0,1,0,-0.4,Sarah Overcash,https://www.sports-reference.com/cbb/players/sarah-overcash-1.html,george-washington,2019-20
4,60,6,2019-11-24,George Washington,,Georgetown,REG (Non-Conf),W 52-49,,4,0,0,,0,0,,0,0,,,0,0,,0,0,0,0,0,0,0,1,0,-0.4,Sarah Overcash,https://www.sports-reference.com/cbb/players/sarah-overcash-1.html,george-washington,2019-20
5,61,7,2019-12-01,George Washington,,Coppin State,REG (Non-Conf),W 54-35,,13,2,4,.500,0,0,,2,4,.500,.500,0,2,.000,3,4,7,1,0,0,0,0,4,5.2,Sarah Overcash,https://www.sports-reference.com/cbb/players/sarah-overcash-1.html,george-washington,2019-20
6,62,8,2019-12-04,George Washington,@,Delaware,REG (Non-Conf),W 63-49,,13,0,0,,0,0,,0,0,,,0,0,,1,2,3,0,0,0,3,2,0,-2.5,Sarah Overcash,https://www.sports-reference.com/cbb/players/sarah-overcash-1.html,george-washington,2019-20
7,63,9,2019-12-07,George Washington,@,Quinnipiac,REG (Non-Conf),W 78-67,,0,0,0,,0,0,,0,0,,,0,0,,0,0,0,0,0,0,0,0,0,0.0,Sarah Overcash,https://www.sports-reference.com/cbb/players/sarah-overcash-1.html,george-washington,2019-20
8,64,10,2019-12-10,George Washington,,Minnesota,REG (Non-Conf),L 50-83,,2,0,0,,0,0,,0,0,,,0,0,,0,0,0,0,0,0,0,0,0,0.0,Sarah Overcash,https://www.sports-reference.com/cbb/players/sarah-overcash-1.html,george-washington,2019-20
9,65,11,2019-12-20,George Washington,,James Madison,REG (Non-Conf),L 50-69,,7,0,0,,0,0,,0,0,,,0,0,,0,1,1,0,0,0,1,1,0,-1.1,Sarah Overcash,https://www.sports-reference.com/cbb/players/sarah-overcash-1.html,george-washington,2019-20
10,66,12,2019-12-22,George Washington,@,American,REG (Non-Conf),L 53-66,,2,0,0,,0,0,,0,0,,,0,0,,0,0,0,0,0,0,0,0,0,0.0,Sarah Overcash,https://www.sports-reference.com/cbb/players/sarah-overcash-1.html,george-washington,2019-20
11,67,15,2020-01-08,George Washington,,Duquesne,REG (Conf),W 65-60,,3,0,1,.000,0,0,,0,1,.000,.000,0,0,,0,0,0,1,0,0,0,1,0,-0.4,Sarah Overcash,https://www.sports-reference.com/cbb/players/sarah-overcash-1.html,george-washington,2019-20
12,68,20,2020-01-29,George Washington,@,Saint Joseph's,REG (Conf),W 56-50,,2,0,0,,0,0,,0,0,,,0,0,,1,0,1,0,0,0,0,1,0,0.3,Sarah Overcash,https://www.sports-reference.com/cbb/players/sarah-overcash-1.html,george-washington,2019-20
13,69,25,2020-02-15,George Washington,,George Mason,REG (Conf),W 62-57,,2,0,0,,0,0,,0,0,,,0,0,,0,0,0,0,0,0,0,0,0,0.0,Sarah Overcash,https://www.sports-reference.com/cbb/players/sarah-overcash-1.html,george-washington,2019-20
14,70,26,2020-02-19,George Washington,@,Dayton,REG (Conf),L 44-50,,10,0,0,,0,0,,0,0,,,0,0,,3,0,3,1,0,0,1,1,0,1.4,Sarah Overcash,https://www.sports-reference.com/cbb/players/sarah-overcash-1.html,george-washington,2019-20
15,71,27,2020-02-22,George Washington,@,Duquesne,REG (Conf),W 72-65,,8,1,2,.500,0,1,.000,1,1,1.000,.500,0,0,,3,2,5,1,0,0,1,1,2,3.0,Sarah Overcash,https://www.sports-reference.com/cbb/players/sarah-overcash-1.html,george-washington,2019-20
16,72,28,2020-02-25,George Washington,,Rhode Island,REG (Conf),W 73-56,,11,2,3,.667,1,1,1.000,1,2,.500,.833,0,2,.000,0,1,1,1,0,0,1,0,5,2.9,Sarah Overcash,https://www.sports-reference.com/cbb/players/sarah-overcash-1.html,george-washington,2019-20
17,73,29,2020-02-29,George Washington,,Richmond,REG (Conf),W 50-40,,11,0,0,,0,0,,0,0,,,0,0,,0,3,3,0,0,0,1,0,0,-0.1,Sarah Overcash,https://www.sports-reference.com/cbb/players/sarah-overcash-1.html,george-washington,2019-20
18,74,30,2020-03-03,George Washington,,Richmond,CTOURN,L 49-57,,11,1,1,1.000,0,0,,1,1,1.000,1.000,0,0,,0,1,1,0,0,0,0,0,2,2.0,Sarah Overcash,https://www.sports-reference.com/cbb/players/sarah-overcash-1.html,george-washington,2019-20
