ranker,player_game_num_career,team_game_num_season,date,team_name_abbr,game_location,opp_name_abbr,game_type,game_result,is_starter,mp,fg,fga,fg_pct,fg3,fg3a,fg3_pct,fg2,fg2a,fg2_pct,efg_pct,ft,fta,ft_pct,orb,drb,trb,ast,stl,blk,tov,pf,pts,game_score,player_name,player_sr_link,school,season
1,63,1,2019-11-06,George Washington,@,Villanova,REG (Non-Conf),W 68-56,*,29,6,18,.333,3,6,.500,3,12,.250,.417,2,3,.667,0,1,1,5,2,0,5,0,17,7.2,Sydney Zambrotta,https://www.sports-reference.com/cbb/players/sydney-zambrotta-1.html,george-washington,2019-20
2,64,2,2019-11-10,George Washington,,Princeton,REG (Non-Conf),L 50-75,*,25,2,10,.200,0,5,.000,2,5,.400,.200,1,2,.500,1,0,1,2,1,1,6,1,5,-4.2,Sydney Zambrotta,https://www.sports-reference.com/cbb/players/sydney-zambrotta-1.html,george-washington,2019-20
3,65,3,2019-11-13,George Washington,@,Lehigh,REG (Non-Conf),L 53-59,*,33,7,13,.538,4,7,.571,3,6,.500,.692,0,0,,1,2,3,3,1,0,3,3,18,11.9,Sydney Zambrotta,https://www.sports-reference.com/cbb/players/sydney-zambrotta-1.html,george-washington,2019-20
4,66,11,2019-12-20,George Washington,,James Madison,REG (Non-Conf),L 50-69,*,35,3,12,.250,2,9,.222,1,3,.333,.333,0,0,,0,0,0,3,0,0,6,1,8,-3.5,Sydney Zambrotta,https://www.sports-reference.com/cbb/players/sydney-zambrotta-1.html,george-washington,2019-20
5,67,12,2019-12-22,George Washington,@,American,REG (Non-Conf),L 53-66,*,29,2,9,.222,1,3,.333,1,6,.167,.278,0,0,,1,1,2,2,0,0,2,1,5,-0.5,Sydney Zambrotta,https://www.sports-reference.com/cbb/players/sydney-zambrotta-1.html,george-washington,2019-20
6,68,13,2019-12-29,George Washington,,William & Mary,REG (Non-Conf),L 51-63,*,21,4,8,.500,2,3,.667,2,5,.400,.625,1,2,.500,1,2,3,3,0,0,1,4,11,7.4,Sydney Zambrotta,https://www.sports-reference.com/cbb/players/sydney-zambrotta-1.html,george-washington,2019-20
7,69,14,2020-01-04,George Washington,@,George Mason,REG (Conf),L 60-70,*,29,3,10,.300,2,7,.286,1,3,.333,.400,3,4,.750,0,0,0,2,1,0,2,1,11,4.8,Sydney Zambrotta,https://www.sports-reference.com/cbb/players/sydney-zambrotta-1.html,george-washington,2019-20
8,70,15,2020-01-08,George Washington,,Duquesne,REG (Conf),W 65-60,,29,6,11,.545,3,5,.600,3,6,.500,.682,1,2,.500,0,1,1,4,0,0,2,1,16,11.0,Sydney Zambrotta,https://www.sports-reference.com/cbb/players/sydney-zambrotta-1.html,george-washington,2019-20
9,71,16,2020-01-12,George Washington,@,Fordham,REG (Conf),L 47-53,,20,0,5,.000,0,3,.000,0,2,.000,.000,0,0,,0,1,1,3,1,0,3,1,0,-3.5,Sydney Zambrotta,https://www.sports-reference.com/cbb/players/sydney-zambrotta-1.html,george-washington,2019-20
10,72,17,2020-01-18,George Washington,@,Davidson,REG (Conf),L 55-62,*,35,2,11,.182,0,6,.000,2,5,.400,.182,7,8,.875,0,3,3,1,1,0,2,2,11,3.5,Sydney Zambrotta,https://www.sports-reference.com/cbb/players/sydney-zambrotta-1.html,george-washington,2019-20
11,73,18,2020-01-22,George Washington,,Dayton,REG (Conf),L 50-66,*,15,0,3,.000,0,1,.000,0,2,.000,.000,0,0,,0,1,1,0,1,0,0,0,0,-0.8,Sydney Zambrotta,https://www.sports-reference.com/cbb/players/sydney-zambrotta-1.html,george-washington,2019-20
12,74,19,2020-01-26,George Washington,,Massachusetts,REG (Conf),W 50-47,,31,1,9,.111,1,6,.167,0,3,.000,.167,4,4,1.000,0,2,2,3,1,0,2,2,7,2.0,Sydney Zambrotta,https://www.sports-reference.com/cbb/players/sydney-zambrotta-1.html,george-washington,2019-20
13,75,20,2020-01-29,George Washington,@,Saint Joseph's,REG (Conf),W 56-50,,28,4,9,.444,0,3,.000,4,6,.667,.444,3,4,.750,0,4,4,0,1,0,4,2,11,3.3,Sydney Zambrotta,https://www.sports-reference.com/cbb/players/sydney-zambrotta-1.html,george-washington,2019-20
14,76,21,2020-02-02,George Washington,,Saint Louis,REG (Conf),L 45-59,,30,5,11,.455,2,7,.286,3,4,.750,.545,4,4,1.000,0,2,2,1,2,0,2,1,16,11.2,Sydney Zambrotta,https://www.sports-reference.com/cbb/players/sydney-zambrotta-1.html,george-washington,2019-20
15,77,22,2020-02-06,George Washington,@,St. Bonaventure,REG (Conf),L 55-59,,23,4,9,.444,0,3,.000,4,6,.667,.444,2,2,1.000,0,1,1,1,0,1,2,0,10,5.0,Sydney Zambrotta,https://www.sports-reference.com/cbb/players/sydney-zambrotta-1.html,george-washington,2019-20
16,78,23,2020-02-09,George Washington,@,VCU,REG (Conf),W 56-55,,23,2,8,.250,2,4,.500,0,4,.000,.375,1,2,.500,1,2,3,5,0,0,1,1,7,5.2,Sydney Zambrotta,https://www.sports-reference.com/cbb/players/sydney-zambrotta-1.html,george-washington,2019-20
17,79,24,2020-02-12,George Washington,,La Salle,REG (Conf),L 54-61,,15,0,4,.000,0,1,.000,0,3,.000,.000,0,0,,0,2,2,1,1,0,2,0,0,-2.5,Sydney Zambrotta,https://www.sports-reference.com/cbb/players/sydney-zambrotta-1.html,george-washington,2019-20
18,80,25,2020-02-15,George Washington,,George Mason,REG (Conf),W 62-57,*,16,0,2,.000,0,2,.000,0,0,,.000,1,2,.500,0,1,1,1,0,0,0,3,1,-1.0,Sydney Zambrotta,https://www.sports-reference.com/cbb/players/sydney-zambrotta-1.html,george-washington,2019-20
19,81,26,2020-02-19,George Washington,@,Dayton,REG (Conf),L 44-50,,22,3,7,.429,2,4,.500,1,3,.333,.571,1,2,.500,0,3,3,1,1,0,1,0,9,6.5,Sydney Zambrotta,https://www.sports-reference.com/cbb/players/sydney-zambrotta-1.html,george-washington,2019-20
20,82,27,2020-02-22,George Washington,@,Duquesne,REG (Conf),W 72-65,,12,0,3,.000,0,2,.000,0,1,.000,.000,0,0,,0,0,0,1,1,0,0,1,0,-0.8,Sydney Zambrotta,https://www.sports-reference.com/cbb/players/sydney-zambrotta-1.html,george-washington,2019-20
21,83,28,2020-02-25,George Washington,,Rhode Island,REG (Conf),W 73-56,,17,2,7,.286,0,1,.000,2,6,.333,.286,1,1,1.000,2,1,3,5,0,0,0,0,5,6.1,Sydney Zambrotta,https://www.sports-reference.com/cbb/players/sydney-zambrotta-1.html,george-washington,2019-20
22,84,29,2020-02-29,George Washington,,Richmond,REG (Conf),W 50-40,,13,2,6,.333,2,3,.667,0,3,.000,.500,0,0,,0,3,3,0,0,0,2,0,6,1.5,Sydney Zambrotta,https://www.sports-reference.com/cbb/players/sydney-zambrotta-1.html,george-washington,2019-20
23,85,30,2020-03-03,George Washington,,Richmond,CTOURN,L 49-57,,20,4,11,.364,3,6,.500,1,5,.200,.500,0,0,,2,4,6,2,1,0,3,1,11,6.5,Sydney Zambrotta,https://www.sports-reference.com/cbb/players/sydney-zambrotta-1.html,george-washington,2019-20
