ranker,player_game_num_career,team_game_num_season,date,team_name_abbr,game_location,opp_name_abbr,game_type,game_result,is_starter,mp,fg,fga,fg_pct,fg3,fg3a,fg3_pct,fg2,fg2a,fg2_pct,efg_pct,ft,fta,ft_pct,orb,drb,trb,ast,stl,blk,tov,pf,pts,game_score,player_name,player_sr_link,school,season
1,1,1,2019-11-06,George Washington,@,Villanova,REG (Non-Conf),W 68-56,*,36,4,10,.400,2,4,.500,2,6,.333,.500,0,0,,0,6,6,3,0,0,2,1,10,6.1,Tori Hyduke,https://www.sports-reference.com/cbb/players/tori-hyduke-1.html,george-washington,2019-20
2,2,2,2019-11-10,George Washington,,Princeton,REG (Non-Conf),L 50-75,*,29,4,8,.500,1,3,.333,3,5,.600,.563,1,2,.500,0,2,2,2,0,0,2,2,10,4.8,Tori Hyduke,https://www.sports-reference.com/cbb/players/tori-hyduke-1.html,george-washington,2019-20
3,3,3,2019-11-13,George Washington,@,Lehigh,REG (Non-Conf),L 53-59,*,32,5,13,.385,1,4,.250,4,9,.444,.423,2,4,.500,1,1,2,3,1,1,3,2,13,6.1,Tori Hyduke,https://www.sports-reference.com/cbb/players/tori-hyduke-1.html,george-washington,2019-20
4,4,4,2019-11-17,George Washington,@,Memphis,REG (Non-Conf),W 64-63,*,21,3,4,.750,1,1,1.000,2,3,.667,.875,0,0,,0,4,4,0,1,0,5,0,7,2.6,Tori Hyduke,https://www.sports-reference.com/cbb/players/tori-hyduke-1.html,george-washington,2019-20
5,5,5,2019-11-20,George Washington,@,Maryland,REG (Non-Conf),L 54-88,*,34,4,9,.444,4,6,.667,0,3,.000,.667,0,0,,0,2,2,0,0,1,3,0,12,5.6,Tori Hyduke,https://www.sports-reference.com/cbb/players/tori-hyduke-1.html,george-washington,2019-20
6,6,6,2019-11-24,George Washington,,Georgetown,REG (Non-Conf),W 52-49,*,35,5,13,.385,3,5,.600,2,8,.250,.500,1,2,.500,0,7,7,3,1,0,2,0,14,9.7,Tori Hyduke,https://www.sports-reference.com/cbb/players/tori-hyduke-1.html,george-washington,2019-20
7,7,7,2019-12-01,George Washington,,Coppin State,REG (Non-Conf),W 54-35,*,29,4,14,.286,1,5,.200,3,9,.333,.321,0,2,.000,0,3,3,1,2,1,1,0,9,3.3,Tori Hyduke,https://www.sports-reference.com/cbb/players/tori-hyduke-1.html,george-washington,2019-20
8,8,8,2019-12-04,George Washington,@,Delaware,REG (Non-Conf),W 63-49,*,38,8,15,.533,5,9,.556,3,6,.500,.700,1,2,.500,1,1,2,1,5,0,3,1,22,17.6,Tori Hyduke,https://www.sports-reference.com/cbb/players/tori-hyduke-1.html,george-washington,2019-20
9,9,9,2019-12-07,George Washington,@,Quinnipiac,REG (Non-Conf),W 78-67,*,35,6,10,.600,4,6,.667,2,4,.500,.800,6,6,1.000,0,4,4,3,0,1,3,2,22,17.6,Tori Hyduke,https://www.sports-reference.com/cbb/players/tori-hyduke-1.html,george-washington,2019-20
10,10,10,2019-12-10,George Washington,,Minnesota,REG (Non-Conf),L 50-83,*,36,6,13,.462,1,4,.250,5,9,.556,.500,0,0,,0,6,6,2,0,0,3,1,13,6.1,Tori Hyduke,https://www.sports-reference.com/cbb/players/tori-hyduke-1.html,george-washington,2019-20
11,11,11,2019-12-20,George Washington,,James Madison,REG (Non-Conf),L 50-69,*,29,4,12,.333,1,6,.167,3,6,.500,.375,1,1,1.000,0,2,2,2,0,0,1,0,10,4.2,Tori Hyduke,https://www.sports-reference.com/cbb/players/tori-hyduke-1.html,george-washington,2019-20
12,12,12,2019-12-22,George Washington,@,American,REG (Non-Conf),L 53-66,*,39,4,11,.364,1,4,.250,3,7,.429,.409,0,0,,0,1,1,1,1,1,6,0,9,-0.4,Tori Hyduke,https://www.sports-reference.com/cbb/players/tori-hyduke-1.html,george-washington,2019-20
13,13,13,2019-12-29,George Washington,,William & Mary,REG (Non-Conf),L 51-63,*,39,3,9,.333,2,5,.400,1,4,.250,.444,2,4,.500,0,1,1,4,0,0,4,1,10,2.8,Tori Hyduke,https://www.sports-reference.com/cbb/players/tori-hyduke-1.html,george-washington,2019-20
14,14,14,2020-01-04,George Washington,@,George Mason,REG (Conf),L 60-70,*,32,1,6,.167,1,3,.333,0,3,.000,.250,0,2,.000,1,0,1,2,1,0,5,0,3,-3.5,Tori Hyduke,https://www.sports-reference.com/cbb/players/tori-hyduke-1.html,george-washington,2019-20
15,15,15,2020-01-08,George Washington,,Duquesne,REG (Conf),W 65-60,*,17,1,8,.125,1,4,.250,0,4,.000,.188,0,0,,0,1,1,1,0,0,0,0,3,-1.2,Tori Hyduke,https://www.sports-reference.com/cbb/players/tori-hyduke-1.html,george-washington,2019-20
16,16,16,2020-01-12,George Washington,@,Fordham,REG (Conf),L 47-53,*,34,2,4,.500,1,2,.500,1,2,.500,.625,1,2,.500,0,5,5,4,0,0,4,2,6,3.1,Tori Hyduke,https://www.sports-reference.com/cbb/players/tori-hyduke-1.html,george-washington,2019-20
17,17,17,2020-01-18,George Washington,@,Davidson,REG (Conf),L 55-62,*,30,0,4,.000,0,2,.000,0,2,.000,.000,0,0,,0,0,0,0,1,0,1,1,0,-3.2,Tori Hyduke,https://www.sports-reference.com/cbb/players/tori-hyduke-1.html,george-washington,2019-20
18,18,18,2020-01-22,George Washington,,Dayton,REG (Conf),L 50-66,*,26,2,9,.222,1,6,.167,1,3,.333,.278,2,2,1.000,0,1,1,0,1,0,0,2,7,2.0,Tori Hyduke,https://www.sports-reference.com/cbb/players/tori-hyduke-1.html,george-washington,2019-20
19,19,19,2020-01-26,George Washington,,Massachusetts,REG (Conf),W 50-47,*,26,2,6,.333,1,3,.333,1,3,.333,.417,0,0,,1,5,6,3,1,0,3,1,5,3.5,Tori Hyduke,https://www.sports-reference.com/cbb/players/tori-hyduke-1.html,george-washington,2019-20
20,20,20,2020-01-29,George Washington,@,Saint Joseph's,REG (Conf),W 56-50,*,37,2,8,.250,1,4,.250,1,4,.250,.313,0,0,,0,1,1,3,0,0,2,0,5,0.6,Tori Hyduke,https://www.sports-reference.com/cbb/players/tori-hyduke-1.html,george-washington,2019-20
21,21,21,2020-02-02,George Washington,,Saint Louis,REG (Conf),L 45-59,*,26,2,6,.333,2,5,.400,0,1,.000,.500,0,0,,0,2,2,3,1,0,3,2,6,2.5,Tori Hyduke,https://www.sports-reference.com/cbb/players/tori-hyduke-1.html,george-washington,2019-20
22,22,22,2020-02-06,George Washington,@,St. Bonaventure,REG (Conf),L 55-59,*,30,2,11,.182,2,6,.333,0,5,.000,.273,0,0,,0,0,0,1,0,0,4,0,6,-4.2,Tori Hyduke,https://www.sports-reference.com/cbb/players/tori-hyduke-1.html,george-washington,2019-20
23,23,23,2020-02-09,George Washington,@,VCU,REG (Conf),W 56-55,,19,3,3,1.000,2,2,1.000,1,1,1.000,1.333,0,0,,0,1,1,1,0,0,1,1,8,6.7,Tori Hyduke,https://www.sports-reference.com/cbb/players/tori-hyduke-1.html,george-washington,2019-20
24,24,24,2020-02-12,George Washington,,La Salle,REG (Conf),L 54-61,,22,5,10,.500,2,3,.667,3,7,.429,.600,1,1,1.000,0,2,2,1,1,2,3,0,13,8.7,Tori Hyduke,https://www.sports-reference.com/cbb/players/tori-hyduke-1.html,george-washington,2019-20
25,25,25,2020-02-15,George Washington,,George Mason,REG (Conf),W 62-57,*,26,2,8,.250,1,6,.167,1,2,.500,.313,2,2,1.000,0,0,0,2,1,0,0,0,7,4.6,Tori Hyduke,https://www.sports-reference.com/cbb/players/tori-hyduke-1.html,george-washington,2019-20
26,26,26,2020-02-19,George Washington,@,Dayton,REG (Conf),L 44-50,*,20,4,5,.800,3,3,1.000,1,2,.500,1.100,0,0,,0,1,1,3,2,0,1,3,11,11.3,Tori Hyduke,https://www.sports-reference.com/cbb/players/tori-hyduke-1.html,george-washington,2019-20
27,27,27,2020-02-22,George Washington,@,Duquesne,REG (Conf),W 72-65,*,28,1,2,.500,0,0,,1,2,.500,.500,5,6,.833,0,3,3,4,0,0,1,1,7,7.9,Tori Hyduke,https://www.sports-reference.com/cbb/players/tori-hyduke-1.html,george-washington,2019-20
28,28,28,2020-02-25,George Washington,,Rhode Island,REG (Conf),W 73-56,*,27,4,6,.667,4,5,.800,0,1,.000,1.000,0,0,,0,2,2,3,0,0,1,1,12,10.7,Tori Hyduke,https://www.sports-reference.com/cbb/players/tori-hyduke-1.html,george-washington,2019-20
29,29,29,2020-02-29,George Washington,,Richmond,REG (Conf),W 50-40,*,21,3,9,.333,1,5,.200,2,4,.500,.389,0,0,,0,3,3,3,1,0,3,0,7,2.9,Tori Hyduke,https://www.sports-reference.com/cbb/players/tori-hyduke-1.html,george-washington,2019-20
30,30,30,2020-03-03,George Washington,,Richmond,CTOURN,L 49-57,*,26,1,7,.143,0,4,.000,1,3,.333,.143,0,0,,0,1,1,2,0,0,0,0,2,-0.8,Tori Hyduke,https://www.sports-reference.com/cbb/players/tori-hyduke-1.html,george-washington,2019-20
