ranker,player_game_num_career,team_game_num_season,date,team_name_abbr,game_location,opp_name_abbr,game_type,game_result,is_starter,mp,fg,fga,fg_pct,fg3,fg3a,fg3_pct,fg2,fg2a,fg2_pct,efg_pct,ft,fta,ft_pct,orb,drb,trb,ast,stl,blk,tov,pf,pts,game_score,player_name,player_sr_link,school,season
1,58,1,2021-11-09,NC State,,South Carolina,REG (Non-Conf),L 57-66,*,38,8,16,.500,2,4,.500,6,12,.500,.563,0,0,,1,2,3,2,0,0,2,1,18,10.3,Jakia Brown-Turner,https://www.sports-reference.com/cbb/players/jakia-brown-turner-1.html,north-carolina-state,2021-22
2,59,2,2021-11-12,NC State,,Wofford,REG (Non-Conf),W 90-57,*,23,4,8,.500,2,6,.333,2,2,1.000,.625,0,0,,2,4,6,3,0,0,0,1,10,10.3,Jakia Brown-Turner,https://www.sports-reference.com/cbb/players/jakia-brown-turner-1.html,north-carolina-state,2021-22
3,60,3,2021-11-14,NC State,,Florida,REG (Non-Conf),W 85-52,*,22,2,2,1.000,1,1,1.000,1,1,1.000,1.250,0,0,,1,3,4,2,0,0,4,4,5,1.8,Jakia Brown-Turner,https://www.sports-reference.com/cbb/players/jakia-brown-turner-1.html,north-carolina-state,2021-22
4,61,4,2021-11-15,NC State,,Towson,REG (Non-Conf),W 100-52,*,20,5,9,.556,3,5,.600,2,4,.500,.722,0,0,,2,5,7,3,0,0,3,0,13,10.7,Jakia Brown-Turner,https://www.sports-reference.com/cbb/players/jakia-brown-turner-1.html,north-carolina-state,2021-22
5,62,5,2021-11-19,NC State,,Kansas State,REG (Non-Conf),W 90-69,*,30,3,8,.375,2,4,.500,1,4,.250,.500,0,0,,0,3,3,0,0,0,2,0,8,2.5,Jakia Brown-Turner,https://www.sports-reference.com/cbb/players/jakia-brown-turner-1.html,north-carolina-state,2021-22
6,63,6,2021-11-25,NC State,,Maryland,REG (Non-Conf),W 78-60,*,32,6,17,.353,0,4,.000,6,13,.462,.353,0,0,,4,7,11,1,1,0,4,3,12,3.9,Jakia Brown-Turner,https://www.sports-reference.com/cbb/players/jakia-brown-turner-1.html,north-carolina-state,2021-22
7,64,7,2021-11-27,NC State,,Washington State,REG (Non-Conf),W 62-34,*,29,2,11,.182,1,5,.200,1,6,.167,.227,1,2,.500,3,4,7,1,1,1,1,3,6,2.2,Jakia Brown-Turner,https://www.sports-reference.com/cbb/players/jakia-brown-turner-1.html,north-carolina-state,2021-22
8,65,8,2021-12-02,NC State,@,Indiana,REG (Non-Conf),W 66-58,*,22,0,3,.000,0,2,.000,0,1,.000,.000,1,2,.500,0,5,5,3,1,1,2,1,1,1.4,Jakia Brown-Turner,https://www.sports-reference.com/cbb/players/jakia-brown-turner-1.html,north-carolina-state,2021-22
9,66,10,2021-12-10,NC State,@,Pittsburgh,REG (Conf),W 89-54,*,23,3,7,.429,2,4,.500,1,3,.333,.571,0,0,,2,0,2,3,0,0,3,0,8,4.8,Jakia Brown-Turner,https://www.sports-reference.com/cbb/players/jakia-brown-turner-1.html,north-carolina-state,2021-22
10,67,11,2021-12-12,NC State,,St. Mary's (CA),REG (Non-Conf),W 101-73,*,20,4,9,.444,3,6,.500,1,3,.333,.611,0,0,,0,6,6,1,0,0,0,0,11,8.8,Jakia Brown-Turner,https://www.sports-reference.com/cbb/players/jakia-brown-turner-1.html,north-carolina-state,2021-22
11,68,12,2021-12-16,NC State,,Georgia,REG (Non-Conf),L 80-82 (OT),*,24,3,6,.500,0,1,.000,3,5,.600,.500,0,0,,0,1,1,0,0,0,1,2,6,1.5,Jakia Brown-Turner,https://www.sports-reference.com/cbb/players/jakia-brown-turner-1.html,north-carolina-state,2021-22
12,69,13,2021-12-19,NC State,,Virginia,REG (Conf),W 82-55,*,24,3,8,.375,0,1,.000,3,7,.429,.375,1,2,.500,0,2,2,1,2,1,0,1,7,5.8,Jakia Brown-Turner,https://www.sports-reference.com/cbb/players/jakia-brown-turner-1.html,north-carolina-state,2021-22
13,70,14,2021-12-30,NC State,@,Clemson,REG (Conf),W 79-52,*,24,2,5,.400,2,4,.500,0,1,.000,.600,2,2,1.000,0,3,3,3,1,0,2,1,8,6.9,Jakia Brown-Turner,https://www.sports-reference.com/cbb/players/jakia-brown-turner-1.html,north-carolina-state,2021-22
14,71,15,2022-01-06,NC State,,North Carolina,REG (Conf),W 72-45,*,29,3,11,.273,1,6,.167,2,5,.400,.318,0,0,,3,4,7,1,1,0,4,1,7,1.1,Jakia Brown-Turner,https://www.sports-reference.com/cbb/players/jakia-brown-turner-1.html,north-carolina-state,2021-22
15,72,16,2022-01-09,NC State,@,Miami (FL),REG (Conf),W 76-64,*,31,1,5,.200,1,4,.250,0,1,.000,.300,0,2,.000,1,2,3,4,1,0,0,2,3,3.4,Jakia Brown-Turner,https://www.sports-reference.com/cbb/players/jakia-brown-turner-1.html,north-carolina-state,2021-22
16,73,17,2022-01-13,NC State,@,Virginia,REG (Conf),W 66-43,*,23,1,5,.200,1,4,.250,0,1,.000,.300,5,6,.833,3,3,6,2,1,1,3,3,8,6.4,Jakia Brown-Turner,https://www.sports-reference.com/cbb/players/jakia-brown-turner-1.html,north-carolina-state,2021-22
17,74,18,2022-01-16,NC State,,Duke,REG (Conf),W 84-60,*,26,3,9,.333,1,3,.333,2,6,.333,.389,0,0,,0,3,3,1,1,0,0,1,7,4.1,Jakia Brown-Turner,https://www.sports-reference.com/cbb/players/jakia-brown-turner-1.html,north-carolina-state,2021-22
18,75,19,2022-01-20,NC State,,Louisville,REG (Conf),W 68-59,*,29,5,8,.625,2,5,.400,3,3,1.000,.750,2,2,1.000,1,1,2,2,1,0,4,1,14,9.4,Jakia Brown-Turner,https://www.sports-reference.com/cbb/players/jakia-brown-turner-1.html,north-carolina-state,2021-22
19,76,20,2022-01-23,NC State,,Virginia Tech,REG (Conf),W 51-45,*,29,6,10,.600,2,4,.500,4,6,.667,.700,0,0,,1,6,7,1,3,0,2,0,14,13.6,Jakia Brown-Turner,https://www.sports-reference.com/cbb/players/jakia-brown-turner-1.html,north-carolina-state,2021-22
20,77,21,2022-01-30,NC State,@,North Carolina,REG (Conf),W 66-58,*,32,5,10,.500,1,3,.333,4,7,.571,.550,2,2,1.000,1,5,6,1,2,0,2,2,13,10.1,Jakia Brown-Turner,https://www.sports-reference.com/cbb/players/jakia-brown-turner-1.html,north-carolina-state,2021-22
21,78,22,2022-02-01,NC State,@,Notre Dame,REG (Conf),L 66-69,*,29,4,6,.667,1,1,1.000,3,5,.600,.750,2,3,.667,1,2,3,1,0,0,3,1,11,6.6,Jakia Brown-Turner,https://www.sports-reference.com/cbb/players/jakia-brown-turner-1.html,north-carolina-state,2021-22
22,79,23,2022-02-03,NC State,,Florida State,REG (Conf),W 68-48,*,31,4,10,.400,3,5,.600,1,5,.200,.550,2,2,1.000,0,4,4,1,0,0,2,0,13,7.5,Jakia Brown-Turner,https://www.sports-reference.com/cbb/players/jakia-brown-turner-1.html,north-carolina-state,2021-22
23,80,24,2022-02-07,NC State,,Georgia Tech,REG (Conf),W 59-48,*,28,1,6,.167,0,1,.000,1,5,.200,.167,2,2,1.000,1,3,4,0,2,0,2,2,4,1.0,Jakia Brown-Turner,https://www.sports-reference.com/cbb/players/jakia-brown-turner-1.html,north-carolina-state,2021-22
24,81,25,2022-02-10,NC State,@,Boston College,REG (Conf),W 85-78 (OT),*,26,1,6,.167,0,3,.000,1,3,.333,.167,1,2,.500,0,1,1,3,2,0,1,2,3,1.4,Jakia Brown-Turner,https://www.sports-reference.com/cbb/players/jakia-brown-turner-1.html,north-carolina-state,2021-22
25,82,26,2022-02-13,NC State,@,Duke,REG (Conf),W 77-62,*,31,9,11,.818,1,1,1.000,8,10,.800,.864,0,1,.000,2,1,3,0,0,3,1,2,19,16.5,Jakia Brown-Turner,https://www.sports-reference.com/cbb/players/jakia-brown-turner-1.html,north-carolina-state,2021-22
26,83,27,2022-02-17,NC State,,Wake Forest,REG (Conf),W 92-61,*,27,6,9,.667,2,4,.500,4,5,.800,.778,1,2,.500,0,3,3,3,0,0,1,2,15,11.9,Jakia Brown-Turner,https://www.sports-reference.com/cbb/players/jakia-brown-turner-1.html,north-carolina-state,2021-22
27,84,28,2022-02-20,NC State,,Syracuse,REG (Conf),W 95-53,*,24,6,9,.667,2,5,.400,4,4,1.000,.778,0,0,,1,7,8,6,1,0,0,0,14,18.1,Jakia Brown-Turner,https://www.sports-reference.com/cbb/players/jakia-brown-turner-1.html,north-carolina-state,2021-22
28,85,29,2022-02-27,NC State,@,Virginia Tech,REG (Conf),W 68-66,*,30,3,8,.375,0,1,.000,3,7,.429,.375,1,2,.500,2,5,7,2,0,0,1,3,7,4.3,Jakia Brown-Turner,https://www.sports-reference.com/cbb/players/jakia-brown-turner-1.html,north-carolina-state,2021-22
29,86,30,2022-03-04,NC State,,Florida State,CTOURN,W 84-54,*,29,7,9,.778,1,2,.500,6,7,.857,.833,0,0,,1,5,6,6,2,0,0,0,15,19.9,Jakia Brown-Turner,https://www.sports-reference.com/cbb/players/jakia-brown-turner-1.html,north-carolina-state,2021-22
30,87,31,2022-03-05,NC State,,Virginia Tech,CTOURN,W 70-55,*,37,2,5,.400,0,2,.000,2,3,.667,.400,3,5,.600,1,5,6,6,0,1,2,3,7,7.4,Jakia Brown-Turner,https://www.sports-reference.com/cbb/players/jakia-brown-turner-1.html,north-carolina-state,2021-22
31,88,32,2022-03-06,NC State,,Miami (FL),CTOURN,W 60-47,*,28,0,6,.000,0,2,.000,0,4,.000,.000,2,2,1.000,1,2,3,1,1,0,1,2,2,-1.0,Jakia Brown-Turner,https://www.sports-reference.com/cbb/players/jakia-brown-turner-1.html,north-carolina-state,2021-22
32,89,33,2022-03-19,NC State,,Longwood,ROUND-64,W 96-68,*,28,5,9,.556,3,7,.429,2,2,1.000,.722,2,3,.667,5,2,7,2,0,0,0,1,15,15.4,Jakia Brown-Turner,https://www.sports-reference.com/cbb/players/jakia-brown-turner-1.html,north-carolina-state,2021-22
33,90,34,2022-03-21,NC State,,Kansas State,ROUND-32,W 89-57,*,24,4,9,.444,0,4,.000,4,5,.800,.444,1,2,.500,0,1,1,1,1,0,1,2,9,4.1,Jakia Brown-Turner,https://www.sports-reference.com/cbb/players/jakia-brown-turner-1.html,north-carolina-state,2021-22
34,91,35,2022-03-26,NC State,N,Notre Dame,ROUND-16,W 66-63,*,34,4,11,.364,0,3,.000,4,8,.500,.364,1,2,.500,2,2,4,1,1,0,2,1,9,3.8,Jakia Brown-Turner,https://www.sports-reference.com/cbb/players/jakia-brown-turner-1.html,north-carolina-state,2021-22
35,92,36,2022-03-28,NC State,N,Connecticut,ROUND-8,L 87-91 (2OT),*,47,6,14,.429,2,7,.286,4,7,.571,.500,6,6,1.000,1,7,8,5,1,2,1,1,20,19.9,Jakia Brown-Turner,https://www.sports-reference.com/cbb/players/jakia-brown-turner-1.html,north-carolina-state,2021-22
