ranker,player_game_num_career,team_game_num_season,date,team_name_abbr,game_location,opp_name_abbr,game_type,game_result,is_starter,mp,fg,fga,fg_pct,fg3,fg3a,fg3_pct,fg2,fg2a,fg2_pct,efg_pct,ft,fta,ft_pct,orb,drb,trb,ast,stl,blk,tov,pf,pts,game_score,player_name,player_sr_link,school,season
1,117,1,2021-11-09,NC State,,South Carolina,REG (Non-Conf),L 57-66,*,31,1,5,.200,0,3,.000,1,2,.500,.200,0,0,,1,2,3,1,1,0,0,3,2,0.7,Kai Crutchfield,https://www.sports-reference.com/cbb/players/kai-crutchfield-1.html,north-carolina-state,2021-22
2,118,2,2021-11-12,NC State,,Wofford,REG (Non-Conf),W 90-57,*,23,3,3,1.000,2,2,1.000,1,1,1.000,1.333,0,0,,0,1,1,2,0,0,2,0,8,6.8,Kai Crutchfield,https://www.sports-reference.com/cbb/players/kai-crutchfield-1.html,north-carolina-state,2021-22
3,119,3,2021-11-14,NC State,,Florida,REG (Non-Conf),W 85-52,*,26,5,7,.714,4,4,1.000,1,3,.333,1.000,3,5,.600,1,4,5,1,4,1,1,2,17,18.8,Kai Crutchfield,https://www.sports-reference.com/cbb/players/kai-crutchfield-1.html,north-carolina-state,2021-22
4,120,4,2021-11-15,NC State,,Towson,REG (Non-Conf),W 100-52,*,18,2,4,.500,1,2,.500,1,2,.500,.625,1,1,1.000,0,3,3,2,0,0,0,2,6,5.5,Kai Crutchfield,https://www.sports-reference.com/cbb/players/kai-crutchfield-1.html,north-carolina-state,2021-22
5,121,5,2021-11-19,NC State,,Kansas State,REG (Non-Conf),W 90-69,*,28,3,4,.750,2,2,1.000,1,2,.500,1.000,1,2,.500,0,2,2,2,0,0,0,0,9,9.0,Kai Crutchfield,https://www.sports-reference.com/cbb/players/kai-crutchfield-1.html,north-carolina-state,2021-22
6,122,6,2021-11-25,NC State,,Maryland,REG (Non-Conf),W 78-60,*,16,1,4,.250,1,3,.333,0,1,.000,.375,0,0,,0,2,2,0,0,1,1,3,3,-0.3,Kai Crutchfield,https://www.sports-reference.com/cbb/players/kai-crutchfield-1.html,north-carolina-state,2021-22
7,123,7,2021-11-27,NC State,,Washington State,REG (Non-Conf),W 62-34,*,30,2,7,.286,1,2,.500,1,5,.200,.357,2,2,1.000,1,4,5,3,3,0,0,1,7,9.5,Kai Crutchfield,https://www.sports-reference.com/cbb/players/kai-crutchfield-1.html,north-carolina-state,2021-22
8,124,8,2021-12-02,NC State,@,Indiana,REG (Non-Conf),W 66-58,*,35,1,3,.333,1,1,1.000,0,2,.000,.500,0,0,,1,3,4,1,0,0,3,2,3,-0.2,Kai Crutchfield,https://www.sports-reference.com/cbb/players/kai-crutchfield-1.html,north-carolina-state,2021-22
9,125,9,2021-12-05,NC State,,Elon,REG (Non-Conf),W 78-46,*,18,2,3,.667,0,1,.000,2,2,1.000,.667,0,0,,0,1,1,1,0,0,3,2,4,-0.1,Kai Crutchfield,https://www.sports-reference.com/cbb/players/kai-crutchfield-1.html,north-carolina-state,2021-22
10,126,10,2021-12-10,NC State,@,Pittsburgh,REG (Conf),W 89-54,*,17,1,3,.333,1,2,.500,0,1,.000,.500,0,0,,0,2,2,0,0,0,0,3,3,0.7,Kai Crutchfield,https://www.sports-reference.com/cbb/players/kai-crutchfield-1.html,north-carolina-state,2021-22
11,127,11,2021-12-12,NC State,,St. Mary's (CA),REG (Non-Conf),W 101-73,*,18,1,5,.200,0,1,.000,1,4,.250,.200,0,0,,1,1,2,1,2,0,2,0,2,0.6,Kai Crutchfield,https://www.sports-reference.com/cbb/players/kai-crutchfield-1.html,north-carolina-state,2021-22
12,128,12,2021-12-16,NC State,,Georgia,REG (Non-Conf),L 80-82 (OT),*,42,4,5,.800,0,1,.000,4,4,1.000,.800,2,2,1.000,1,4,5,3,0,0,0,3,10,10.9,Kai Crutchfield,https://www.sports-reference.com/cbb/players/kai-crutchfield-1.html,north-carolina-state,2021-22
13,129,13,2021-12-19,NC State,,Virginia,REG (Conf),W 82-55,*,23,1,3,.333,0,2,.000,1,1,1.000,.333,2,3,.667,0,2,2,1,0,0,2,1,4,0.8,Kai Crutchfield,https://www.sports-reference.com/cbb/players/kai-crutchfield-1.html,north-carolina-state,2021-22
14,130,14,2021-12-30,NC State,@,Clemson,REG (Conf),W 79-52,*,26,1,2,.500,1,2,.500,0,0,,.750,2,2,1.000,0,1,1,1,3,2,3,0,5,6.4,Kai Crutchfield,https://www.sports-reference.com/cbb/players/kai-crutchfield-1.html,north-carolina-state,2021-22
15,131,15,2022-01-06,NC State,,North Carolina,REG (Conf),W 72-45,*,30,2,6,.333,2,5,.400,0,1,.000,.500,0,0,,0,2,2,2,1,1,1,2,6,4.5,Kai Crutchfield,https://www.sports-reference.com/cbb/players/kai-crutchfield-1.html,north-carolina-state,2021-22
16,132,16,2022-01-09,NC State,@,Miami (FL),REG (Conf),W 76-64,*,26,4,5,.800,0,1,.000,4,4,1.000,.800,0,0,,0,2,2,1,0,1,2,1,8,5.7,Kai Crutchfield,https://www.sports-reference.com/cbb/players/kai-crutchfield-1.html,north-carolina-state,2021-22
17,133,17,2022-01-13,NC State,@,Virginia,REG (Conf),W 66-43,*,30,3,6,.500,1,2,.500,2,4,.500,.583,1,1,1.000,0,2,2,3,2,1,0,1,8,10.0,Kai Crutchfield,https://www.sports-reference.com/cbb/players/kai-crutchfield-1.html,north-carolina-state,2021-22
18,134,18,2022-01-16,NC State,,Duke,REG (Conf),W 84-60,*,26,2,5,.400,0,0,,2,5,.400,.400,0,0,,0,5,5,1,2,0,0,1,4,5.1,Kai Crutchfield,https://www.sports-reference.com/cbb/players/kai-crutchfield-1.html,north-carolina-state,2021-22
19,135,19,2022-01-20,NC State,,Louisville,REG (Conf),W 68-59,*,32,1,6,.167,0,2,.000,1,4,.250,.167,1,2,.500,0,2,2,2,1,1,3,2,3,-1.3,Kai Crutchfield,https://www.sports-reference.com/cbb/players/kai-crutchfield-1.html,north-carolina-state,2021-22
20,136,20,2022-01-23,NC State,,Virginia Tech,REG (Conf),W 51-45,*,33,1,4,.250,0,0,,1,4,.250,.250,0,0,,0,3,3,3,0,0,2,3,2,-0.6,Kai Crutchfield,https://www.sports-reference.com/cbb/players/kai-crutchfield-1.html,north-carolina-state,2021-22
21,137,21,2022-01-30,NC State,@,North Carolina,REG (Conf),W 66-58,*,36,6,11,.545,4,7,.571,2,4,.500,.727,0,0,,0,2,2,2,0,0,0,0,16,12.7,Kai Crutchfield,https://www.sports-reference.com/cbb/players/kai-crutchfield-1.html,north-carolina-state,2021-22
22,138,22,2022-02-01,NC State,@,Notre Dame,REG (Conf),L 66-69,*,39,3,10,.300,2,5,.400,1,5,.200,.400,0,0,,1,4,5,0,1,0,1,1,8,3.7,Kai Crutchfield,https://www.sports-reference.com/cbb/players/kai-crutchfield-1.html,north-carolina-state,2021-22
23,139,23,2022-02-03,NC State,,Florida State,REG (Conf),W 68-48,*,34,3,5,.600,2,4,.500,1,1,1.000,.800,2,2,1.000,0,4,4,3,0,0,1,0,10,10.0,Kai Crutchfield,https://www.sports-reference.com/cbb/players/kai-crutchfield-1.html,north-carolina-state,2021-22
24,140,24,2022-02-07,NC State,,Georgia Tech,REG (Conf),W 59-48,*,30,1,3,.333,1,2,.500,0,1,.000,.500,0,0,,0,1,1,2,0,0,0,2,3,2.2,Kai Crutchfield,https://www.sports-reference.com/cbb/players/kai-crutchfield-1.html,north-carolina-state,2021-22
25,141,25,2022-02-10,NC State,@,Boston College,REG (Conf),W 85-78 (OT),*,40,5,8,.625,1,3,.333,4,5,.800,.688,1,1,1.000,0,2,2,2,2,0,0,0,12,12.4,Kai Crutchfield,https://www.sports-reference.com/cbb/players/kai-crutchfield-1.html,north-carolina-state,2021-22
26,142,26,2022-02-13,NC State,@,Duke,REG (Conf),W 77-62,*,40,3,6,.500,1,2,.500,2,4,.500,.583,4,4,1.000,0,3,3,2,2,1,2,1,11,10.6,Kai Crutchfield,https://www.sports-reference.com/cbb/players/kai-crutchfield-1.html,north-carolina-state,2021-22
27,143,27,2022-02-17,NC State,,Wake Forest,REG (Conf),W 92-61,*,24,3,4,.750,3,4,.750,0,0,,1.125,0,0,,0,0,0,2,2,0,0,2,9,10.0,Kai Crutchfield,https://www.sports-reference.com/cbb/players/kai-crutchfield-1.html,north-carolina-state,2021-22
28,144,28,2022-02-20,NC State,,Syracuse,REG (Conf),W 95-53,*,23,2,4,.500,1,3,.333,1,1,1.000,.625,0,0,,1,3,4,2,1,1,0,0,5,7.7,Kai Crutchfield,https://www.sports-reference.com/cbb/players/kai-crutchfield-1.html,north-carolina-state,2021-22
29,145,29,2022-02-27,NC State,@,Virginia Tech,REG (Conf),W 68-66,*,38,2,6,.333,0,1,.000,2,5,.400,.333,0,0,,0,6,6,2,1,0,0,0,4,4.8,Kai Crutchfield,https://www.sports-reference.com/cbb/players/kai-crutchfield-1.html,north-carolina-state,2021-22
30,146,30,2022-03-04,NC State,,Florida State,CTOURN,W 84-54,*,26,2,5,.400,2,4,.500,0,1,.000,.600,0,0,,0,4,4,1,1,0,0,2,6,5.4,Kai Crutchfield,https://www.sports-reference.com/cbb/players/kai-crutchfield-1.html,north-carolina-state,2021-22
31,147,31,2022-03-05,NC State,,Virginia Tech,CTOURN,W 70-55,*,37,2,7,.286,2,6,.333,0,1,.000,.429,0,0,,1,6,7,3,1,0,0,2,6,6.7,Kai Crutchfield,https://www.sports-reference.com/cbb/players/kai-crutchfield-1.html,north-carolina-state,2021-22
32,148,32,2022-03-06,NC State,,Miami (FL),CTOURN,W 60-47,*,32,1,4,.250,0,1,.000,1,3,.333,.250,0,0,,1,4,5,2,1,0,0,0,2,3.9,Kai Crutchfield,https://www.sports-reference.com/cbb/players/kai-crutchfield-1.html,north-carolina-state,2021-22
33,149,33,2022-03-19,NC State,,Longwood,ROUND-64,W 96-68,*,27,0,3,.000,0,2,.000,0,1,.000,.000,0,0,,0,4,4,5,3,1,0,2,0,5.5,Kai Crutchfield,https://www.sports-reference.com/cbb/players/kai-crutchfield-1.html,north-carolina-state,2021-22
34,150,34,2022-03-21,NC State,,Kansas State,ROUND-32,W 89-57,*,26,1,1,1.000,0,0,,1,1,1.000,1.000,3,3,1.000,1,1,2,3,1,0,0,1,5,8.4,Kai Crutchfield,https://www.sports-reference.com/cbb/players/kai-crutchfield-1.html,north-carolina-state,2021-22
35,151,35,2022-03-26,NC State,N,Notre Dame,ROUND-16,W 66-63,*,40,5,10,.500,2,4,.500,3,6,.500,.600,2,3,.667,1,1,2,1,4,0,2,1,14,11.9,Kai Crutchfield,https://www.sports-reference.com/cbb/players/kai-crutchfield-1.html,north-carolina-state,2021-22
36,152,36,2022-03-28,NC State,N,Connecticut,ROUND-8,L 87-91 (2OT),*,43,4,10,.400,2,4,.500,2,6,.333,.500,2,3,.667,0,3,3,1,0,1,1,3,12,6.3,Kai Crutchfield,https://www.sports-reference.com/cbb/players/kai-crutchfield-1.html,north-carolina-state,2021-22
