ranker,player_game_num_career,team_game_num_season,date,team_name_abbr,game_location,opp_name_abbr,game_type,game_result,is_starter,mp,fg,fga,fg_pct,fg3,fg3a,fg3_pct,fg2,fg2a,fg2_pct,efg_pct,ft,fta,ft_pct,orb,drb,trb,ast,stl,blk,tov,pf,pts,game_score,player_name,player_sr_link,school,season
1,1,1,2020-11-25,Villanova,,Rider,REG (Non-Conf),W 70-37,,20,3,6,.500,0,1,.000,3,5,.600,.500,0,0,,1,3,4,2,1,0,2,1,6,4.6,Bella Runyan,https://www.sports-reference.com/cbb/players/bella-runyan-1.html,villanova,2020-21
2,2,2,2020-11-29,Villanova,@,Quinnipiac,REG (Non-Conf),W 63-60,,27,2,8,.250,0,3,.000,2,5,.400,.250,0,2,.000,1,3,4,6,2,1,1,2,4,5.1,Bella Runyan,https://www.sports-reference.com/cbb/players/bella-runyan-1.html,villanova,2020-21
3,3,3,2020-12-04,Villanova,@,Temple,REG (Non-Conf),W 90-72,,22,1,4,.250,1,3,.333,0,1,.000,.375,2,2,1.000,1,6,7,1,1,0,2,1,5,4.4,Bella Runyan,https://www.sports-reference.com/cbb/players/bella-runyan-1.html,villanova,2020-21
4,4,4,2020-12-06,Villanova,@,St. John's (NY),REG (Conf),W 74-65,,22,3,6,.500,2,5,.400,1,1,1.000,.667,0,0,,1,1,2,2,3,0,0,4,8,8.8,Bella Runyan,https://www.sports-reference.com/cbb/players/bella-runyan-1.html,villanova,2020-21
5,5,5,2020-12-09,Villanova,,La Salle,REG (Non-Conf),W 78-52,,19,0,3,.000,0,2,.000,0,1,.000,.000,0,0,,0,1,1,3,0,0,0,4,0,-1.3,Bella Runyan,https://www.sports-reference.com/cbb/players/bella-runyan-1.html,villanova,2020-21
6,6,6,2020-12-13,Villanova,,Drexel,REG (Non-Conf),W 48-46,*,33,1,5,.200,1,4,.250,0,1,.000,.300,0,0,,0,3,3,2,2,2,1,3,3,3.4,Bella Runyan,https://www.sports-reference.com/cbb/players/bella-runyan-1.html,villanova,2020-21
7,7,7,2020-12-19,Villanova,,Creighton,REG (Conf),W 73-68,,27,1,7,.143,1,6,.167,0,1,.000,.214,0,0,,1,1,2,3,1,1,1,0,3,2.3,Bella Runyan,https://www.sports-reference.com/cbb/players/bella-runyan-1.html,villanova,2020-21
8,8,8,2020-12-22,Villanova,,Connecticut,REG (Conf),L 52-90,,15,0,2,.000,0,2,.000,0,0,,.000,0,0,,1,0,1,1,0,0,0,0,0,0.0,Bella Runyan,https://www.sports-reference.com/cbb/players/bella-runyan-1.html,villanova,2020-21
9,9,9,2021-01-04,Villanova,@,DePaul,REG (Conf),L 82-94,,21,2,4,.500,0,1,.000,2,3,.667,.500,0,0,,1,2,3,2,0,0,4,4,4,-0.9,Bella Runyan,https://www.sports-reference.com/cbb/players/bella-runyan-1.html,villanova,2020-21
10,10,10,2021-01-06,Villanova,@,Seton Hall,REG (Conf),W 78-71,*,16,0,0,,0,0,,0,0,,,0,0,,0,1,1,1,1,0,2,4,0,-1.6,Bella Runyan,https://www.sports-reference.com/cbb/players/bella-runyan-1.html,villanova,2020-21
11,11,11,2021-01-25,Villanova,,St. John's (NY),REG (Conf),W 81-78 (OT),*,30,5,8,.625,2,5,.400,3,3,1.000,.750,3,4,.750,0,1,1,3,2,0,2,3,15,12.2,Bella Runyan,https://www.sports-reference.com/cbb/players/bella-runyan-1.html,villanova,2020-21
12,12,12,2021-01-27,Villanova,,Marquette,REG (Conf),L 77-95,*,30,3,6,.500,1,4,.250,2,2,1.000,.583,1,1,1.000,0,0,0,2,0,0,0,0,8,6.4,Bella Runyan,https://www.sports-reference.com/cbb/players/bella-runyan-1.html,villanova,2020-21
13,13,13,2021-01-31,Villanova,@,Butler,REG (Conf),W 90-53,,20,1,3,.333,0,2,.000,1,1,1.000,.333,4,4,1.000,1,0,1,1,0,1,1,4,6,3.8,Bella Runyan,https://www.sports-reference.com/cbb/players/bella-runyan-1.html,villanova,2020-21
14,14,14,2021-02-03,Villanova,,Providence,REG (Conf),W 67-53,,27,1,2,.500,1,2,.500,0,0,,.750,0,0,,0,4,4,3,1,1,0,1,3,6.6,Bella Runyan,https://www.sports-reference.com/cbb/players/bella-runyan-1.html,villanova,2020-21
15,15,15,2021-02-16,Villanova,,Butler,REG (Conf),W 98-74,,16,0,2,.000,0,2,.000,0,0,,.000,0,0,,0,0,0,4,1,0,1,3,0,0.2,Bella Runyan,https://www.sports-reference.com/cbb/players/bella-runyan-1.html,villanova,2020-21
16,16,16,2021-02-19,Villanova,@,Marquette,REG (Conf),L 57-65,,10,0,1,.000,0,0,,0,1,.000,.000,0,0,,0,0,0,1,0,0,0,1,0,-0.4,Bella Runyan,https://www.sports-reference.com/cbb/players/bella-runyan-1.html,villanova,2020-21
17,17,17,2021-02-21,Villanova,@,Georgetown,REG (Conf),W 64-56,,25,1,2,.500,0,1,.000,1,1,1.000,.500,0,0,,0,0,0,1,3,2,2,1,2,3.7,Bella Runyan,https://www.sports-reference.com/cbb/players/bella-runyan-1.html,villanova,2020-21
18,18,18,2021-02-24,Villanova,@,Providence,REG (Conf),W 63-58 (OT),,31,4,7,.571,1,3,.333,3,4,.750,.643,2,4,.500,1,4,5,3,1,2,0,1,11,12.9,Bella Runyan,https://www.sports-reference.com/cbb/players/bella-runyan-1.html,villanova,2020-21
19,19,19,2021-02-27,Villanova,,Seton Hall,REG (Conf),L 55-67,,14,0,3,.000,0,2,.000,0,1,.000,.000,0,0,,0,1,1,0,0,0,0,2,0,-2.6,Bella Runyan,https://www.sports-reference.com/cbb/players/bella-runyan-1.html,villanova,2020-21
20,20,20,2021-03-06,Villanova,@,DePaul,CTOURN,W 78-72 (OT),,17,1,5,.200,1,4,.250,0,1,.000,.300,0,0,,0,3,3,1,1,0,2,0,3,0.5,Bella Runyan,https://www.sports-reference.com/cbb/players/bella-runyan-1.html,villanova,2020-21
21,21,21,2021-03-07,Villanova,@,Connecticut,CTOURN,L 39-84,,30,1,5,.200,1,3,.333,0,2,.000,.300,0,0,,0,3,3,3,1,0,1,1,3,2.5,Bella Runyan,https://www.sports-reference.com/cbb/players/bella-runyan-1.html,villanova,2020-21
22,22,22,2021-03-19,Villanova,,Massachusetts,WNIT,W 78-51,,18,1,3,.333,0,0,,1,3,.333,.333,3,4,.750,1,4,5,2,0,0,1,1,5,4.8,Bella Runyan,https://www.sports-reference.com/cbb/players/bella-runyan-1.html,villanova,2020-21
23,23,23,2021-03-20,Villanova,,Florida,WNIT,W 77-57,,23,4,5,.800,2,3,.667,2,2,1.000,1.000,6,7,.857,0,0,0,1,2,0,0,1,16,16.0,Bella Runyan,https://www.sports-reference.com/cbb/players/bella-runyan-1.html,villanova,2020-21
24,24,24,2021-03-22,Villanova,@,Delaware,WNIT,L 70-77,,22,1,3,.333,1,1,1.000,0,2,.000,.500,9,12,.750,2,1,3,0,0,0,0,4,12,9.2,Bella Runyan,https://www.sports-reference.com/cbb/players/bella-runyan-1.html,villanova,2020-21
