ranker,player_game_num_career,team_game_num_season,date,team_name_abbr,game_location,opp_name_abbr,game_type,game_result,is_starter,mp,fg,fga,fg_pct,fg3,fg3a,fg3_pct,fg2,fg2a,fg2_pct,efg_pct,ft,fta,ft_pct,orb,drb,trb,ast,stl,blk,tov,pf,pts,game_score,player_name,player_sr_link,school,season
1,52,1,2020-11-25,Villanova,,Rider,REG (Non-Conf),W 70-37,*,22,4,6,.667,0,0,,4,6,.667,.667,0,0,,2,6,8,2,3,1,0,3,8,12.5,Brianna Herlihy,https://www.sports-reference.com/cbb/players/brianna-herlihy-1.html,villanova,2020-21
2,53,2,2020-11-29,Villanova,@,Quinnipiac,REG (Non-Conf),W 63-60,*,22,4,6,.667,1,1,1.000,3,5,.600,.750,1,1,1.000,2,5,7,3,1,1,2,3,10,10.9,Brianna Herlihy,https://www.sports-reference.com/cbb/players/brianna-herlihy-1.html,villanova,2020-21
3,54,3,2020-12-04,Villanova,@,Temple,REG (Non-Conf),W 90-72,*,26,8,12,.667,1,2,.500,7,10,.700,.708,5,11,.455,2,5,7,3,3,0,3,1,22,19.0,Brianna Herlihy,https://www.sports-reference.com/cbb/players/brianna-herlihy-1.html,villanova,2020-21
4,55,4,2020-12-06,Villanova,@,St. John's (NY),REG (Conf),W 74-65,*,35,6,14,.429,1,3,.333,5,11,.455,.464,0,0,,0,5,5,3,0,2,3,3,13,6.4,Brianna Herlihy,https://www.sports-reference.com/cbb/players/brianna-herlihy-1.html,villanova,2020-21
5,56,5,2020-12-09,Villanova,,La Salle,REG (Non-Conf),W 78-52,*,33,8,16,.500,1,4,.250,7,12,.583,.531,7,10,.700,2,7,9,0,2,6,3,2,24,20.7,Brianna Herlihy,https://www.sports-reference.com/cbb/players/brianna-herlihy-1.html,villanova,2020-21
6,57,6,2020-12-13,Villanova,,Drexel,REG (Non-Conf),W 48-46,*,37,5,13,.385,0,3,.000,5,10,.500,.385,3,3,1.000,3,9,12,4,1,1,3,2,13,11.4,Brianna Herlihy,https://www.sports-reference.com/cbb/players/brianna-herlihy-1.html,villanova,2020-21
7,58,7,2020-12-19,Villanova,,Creighton,REG (Conf),W 73-68,*,35,6,14,.429,0,4,.000,6,10,.600,.429,8,9,.889,1,5,6,4,0,2,3,1,20,15.2,Brianna Herlihy,https://www.sports-reference.com/cbb/players/brianna-herlihy-1.html,villanova,2020-21
8,59,8,2020-12-22,Villanova,,Connecticut,REG (Conf),L 52-90,*,29,3,12,.250,2,6,.333,1,6,.167,.333,1,2,.500,3,8,11,4,0,3,5,3,9,4.6,Brianna Herlihy,https://www.sports-reference.com/cbb/players/brianna-herlihy-1.html,villanova,2020-21
9,60,9,2021-01-04,Villanova,@,DePaul,REG (Conf),L 82-94,*,20,3,7,.429,0,0,,3,7,.429,.429,4,6,.667,0,3,3,3,0,0,0,3,10,7.3,Brianna Herlihy,https://www.sports-reference.com/cbb/players/brianna-herlihy-1.html,villanova,2020-21
10,61,10,2021-01-06,Villanova,@,Seton Hall,REG (Conf),W 78-71,*,30,8,15,.533,1,4,.250,7,11,.636,.567,3,4,.750,4,6,10,4,1,0,0,4,20,19.1,Brianna Herlihy,https://www.sports-reference.com/cbb/players/brianna-herlihy-1.html,villanova,2020-21
11,62,11,2021-01-25,Villanova,,St. John's (NY),REG (Conf),W 81-78 (OT),*,41,3,9,.333,1,3,.333,2,6,.333,.389,7,8,.875,3,9,12,6,0,1,2,0,14,16.2,Brianna Herlihy,https://www.sports-reference.com/cbb/players/brianna-herlihy-1.html,villanova,2020-21
12,63,12,2021-01-27,Villanova,,Marquette,REG (Conf),L 77-95,*,32,6,12,.500,1,2,.500,5,10,.500,.542,6,8,.750,2,4,6,3,0,3,2,2,19,16.2,Brianna Herlihy,https://www.sports-reference.com/cbb/players/brianna-herlihy-1.html,villanova,2020-21
13,64,13,2021-01-31,Villanova,@,Butler,REG (Conf),W 90-53,*,26,5,7,.714,1,1,1.000,4,6,.667,.786,0,0,,1,6,7,7,1,1,0,1,11,16.8,Brianna Herlihy,https://www.sports-reference.com/cbb/players/brianna-herlihy-1.html,villanova,2020-21
14,65,14,2021-02-03,Villanova,,Providence,REG (Conf),W 67-53,*,21,4,7,.571,1,1,1.000,3,6,.500,.643,1,2,.500,0,5,5,0,0,1,1,3,10,6.3,Brianna Herlihy,https://www.sports-reference.com/cbb/players/brianna-herlihy-1.html,villanova,2020-21
15,66,15,2021-02-16,Villanova,,Butler,REG (Conf),W 98-74,*,24,5,7,.714,1,2,.500,4,5,.800,.786,5,7,.714,3,5,8,4,3,0,5,2,16,15.9,Brianna Herlihy,https://www.sports-reference.com/cbb/players/brianna-herlihy-1.html,villanova,2020-21
16,67,16,2021-02-19,Villanova,@,Marquette,REG (Conf),L 57-65,*,37,8,17,.471,0,3,.000,8,14,.571,.471,3,3,1.000,0,6,6,5,1,0,3,0,19,13.6,Brianna Herlihy,https://www.sports-reference.com/cbb/players/brianna-herlihy-1.html,villanova,2020-21
17,68,17,2021-02-21,Villanova,@,Georgetown,REG (Conf),W 64-56,*,30,6,9,.667,1,1,1.000,5,8,.625,.722,5,6,.833,1,3,4,3,1,0,3,2,18,14.6,Brianna Herlihy,https://www.sports-reference.com/cbb/players/brianna-herlihy-1.html,villanova,2020-21
18,69,18,2021-02-24,Villanova,@,Providence,REG (Conf),W 63-58 (OT),*,31,3,8,.375,0,2,.000,3,6,.500,.375,1,2,.500,1,11,12,2,1,3,5,2,7,4.9,Brianna Herlihy,https://www.sports-reference.com/cbb/players/brianna-herlihy-1.html,villanova,2020-21
19,70,19,2021-02-27,Villanova,,Seton Hall,REG (Conf),L 55-67,*,24,2,7,.286,0,3,.000,2,4,.500,.286,1,2,.500,0,8,8,4,0,2,3,2,5,3.3,Brianna Herlihy,https://www.sports-reference.com/cbb/players/brianna-herlihy-1.html,villanova,2020-21
20,71,20,2021-03-06,Villanova,@,DePaul,CTOURN,W 78-72 (OT),*,30,7,13,.538,1,3,.333,6,10,.600,.577,4,6,.667,1,3,4,4,0,0,3,4,19,11.7,Brianna Herlihy,https://www.sports-reference.com/cbb/players/brianna-herlihy-1.html,villanova,2020-21
21,72,21,2021-03-07,Villanova,@,Connecticut,CTOURN,L 39-84,*,21,4,11,.364,1,4,.250,3,7,.429,.409,0,0,,0,2,2,2,0,1,0,4,9,4.0,Brianna Herlihy,https://www.sports-reference.com/cbb/players/brianna-herlihy-1.html,villanova,2020-21
22,73,22,2021-03-19,Villanova,,Massachusetts,WNIT,W 78-51,*,23,2,5,.400,0,0,,2,5,.400,.400,1,2,.500,1,4,5,2,0,1,1,1,5,4.5,Brianna Herlihy,https://www.sports-reference.com/cbb/players/brianna-herlihy-1.html,villanova,2020-21
23,74,23,2021-03-20,Villanova,,Florida,WNIT,W 77-57,*,26,7,12,.583,0,2,.000,7,10,.700,.583,1,1,1.000,0,7,7,5,0,0,0,4,15,13.4,Brianna Herlihy,https://www.sports-reference.com/cbb/players/brianna-herlihy-1.html,villanova,2020-21
24,75,24,2021-03-22,Villanova,@,Delaware,WNIT,L 70-77,*,35,5,11,.455,0,2,.000,5,9,.556,.455,5,6,.833,2,5,7,3,3,1,3,3,15,13.4,Brianna Herlihy,https://www.sports-reference.com/cbb/players/brianna-herlihy-1.html,villanova,2020-21
