ranker,player_game_num_career,team_game_num_season,date,team_name_abbr,game_location,opp_name_abbr,game_type,game_result,is_starter,mp,fg,fga,fg_pct,fg3,fg3a,fg3_pct,fg2,fg2a,fg2_pct,efg_pct,ft,fta,ft_pct,orb,drb,trb,ast,stl,blk,tov,pf,pts,game_score,player_name,player_sr_link,school,season
1,32,1,2020-11-25,Villanova,,Rider,REG (Non-Conf),W 70-37,*,24,2,3,.667,1,1,1.000,1,2,.500,.833,0,0,,0,1,1,4,1,1,0,2,5,7.7,Brooke Mullin,https://www.sports-reference.com/cbb/players/brooke-mullin-1.html,villanova,2020-21
2,33,2,2020-11-29,Villanova,@,Quinnipiac,REG (Non-Conf),W 63-60,*,17,0,4,.000,0,3,.000,0,1,.000,.000,0,0,,0,2,2,2,0,0,1,0,0,-1.8,Brooke Mullin,https://www.sports-reference.com/cbb/players/brooke-mullin-1.html,villanova,2020-21
3,34,3,2020-12-04,Villanova,@,Temple,REG (Non-Conf),W 90-72,*,17,3,9,.333,1,7,.143,2,2,1.000,.389,2,2,1.000,0,2,2,0,0,0,1,1,9,3.1,Brooke Mullin,https://www.sports-reference.com/cbb/players/brooke-mullin-1.html,villanova,2020-21
4,35,4,2020-12-06,Villanova,@,St. John's (NY),REG (Conf),W 74-65,*,23,2,9,.222,2,7,.286,0,2,.000,.333,0,0,,0,1,1,1,1,0,1,2,6,0.7,Brooke Mullin,https://www.sports-reference.com/cbb/players/brooke-mullin-1.html,villanova,2020-21
5,36,5,2020-12-09,Villanova,,La Salle,REG (Non-Conf),W 78-52,*,16,0,3,.000,0,2,.000,0,1,.000,.000,2,2,1.000,1,2,3,2,0,0,1,4,2,0.0,Brooke Mullin,https://www.sports-reference.com/cbb/players/brooke-mullin-1.html,villanova,2020-21
6,37,6,2020-12-13,Villanova,,Drexel,REG (Non-Conf),W 48-46,*,16,0,4,.000,0,4,.000,0,0,,.000,0,0,,1,3,4,0,0,0,2,0,0,-3.2,Brooke Mullin,https://www.sports-reference.com/cbb/players/brooke-mullin-1.html,villanova,2020-21
7,38,7,2020-12-19,Villanova,,Creighton,REG (Conf),W 73-68,*,35,2,7,.286,0,2,.000,2,5,.400,.286,1,2,.500,2,5,7,2,0,1,1,1,5,4.1,Brooke Mullin,https://www.sports-reference.com/cbb/players/brooke-mullin-1.html,villanova,2020-21
8,39,8,2020-12-22,Villanova,,Connecticut,REG (Conf),L 52-90,*,27,2,10,.200,2,9,.222,0,1,.000,.300,0,0,,0,3,3,3,0,0,1,1,6,1.4,Brooke Mullin,https://www.sports-reference.com/cbb/players/brooke-mullin-1.html,villanova,2020-21
9,40,9,2021-01-04,Villanova,@,DePaul,REG (Conf),L 82-94,*,7,0,0,,0,0,,0,0,,,0,0,,0,1,1,1,0,0,0,0,0,1.0,Brooke Mullin,https://www.sports-reference.com/cbb/players/brooke-mullin-1.html,villanova,2020-21
10,41,10,2021-01-06,Villanova,@,Seton Hall,REG (Conf),W 78-71,,19,1,3,.333,1,2,.500,0,1,.000,.500,0,0,,0,0,0,3,0,0,1,0,3,2.4,Brooke Mullin,https://www.sports-reference.com/cbb/players/brooke-mullin-1.html,villanova,2020-21
11,42,12,2021-01-27,Villanova,,Marquette,REG (Conf),L 77-95,,22,2,7,.286,2,7,.286,0,0,,.429,0,0,,0,5,5,1,0,1,0,0,6,4.8,Brooke Mullin,https://www.sports-reference.com/cbb/players/brooke-mullin-1.html,villanova,2020-21
12,43,13,2021-01-31,Villanova,@,Butler,REG (Conf),W 90-53,*,18,2,5,.400,1,4,.250,1,1,1.000,.500,0,0,,0,1,1,2,0,0,2,0,5,2.0,Brooke Mullin,https://www.sports-reference.com/cbb/players/brooke-mullin-1.html,villanova,2020-21
13,44,14,2021-02-03,Villanova,,Providence,REG (Conf),W 67-53,*,25,2,5,.400,1,3,.333,1,2,.500,.500,2,3,.667,0,1,1,2,1,0,1,0,7,5.6,Brooke Mullin,https://www.sports-reference.com/cbb/players/brooke-mullin-1.html,villanova,2020-21
14,45,15,2021-02-16,Villanova,,Butler,REG (Conf),W 98-74,*,24,2,4,.500,2,4,.500,0,0,,.750,0,0,,1,0,1,1,0,2,0,3,6,5.6,Brooke Mullin,https://www.sports-reference.com/cbb/players/brooke-mullin-1.html,villanova,2020-21
15,46,16,2021-02-19,Villanova,@,Marquette,REG (Conf),L 57-65,*,28,0,4,.000,0,3,.000,0,1,.000,.000,0,0,,0,1,1,0,1,0,1,3,0,-3.7,Brooke Mullin,https://www.sports-reference.com/cbb/players/brooke-mullin-1.html,villanova,2020-21
16,47,17,2021-02-21,Villanova,@,Georgetown,REG (Conf),W 64-56,*,12,0,1,.000,0,1,.000,0,0,,.000,0,0,,0,0,0,1,0,0,0,0,0,0.0,Brooke Mullin,https://www.sports-reference.com/cbb/players/brooke-mullin-1.html,villanova,2020-21
17,48,18,2021-02-24,Villanova,@,Providence,REG (Conf),W 63-58 (OT),*,33,3,7,.429,2,5,.400,1,2,.500,.571,1,2,.500,1,1,2,0,0,2,0,1,9,6.9,Brooke Mullin,https://www.sports-reference.com/cbb/players/brooke-mullin-1.html,villanova,2020-21
18,49,19,2021-02-27,Villanova,,Seton Hall,REG (Conf),L 55-67,,26,2,5,.400,0,1,.000,2,4,.500,.400,2,4,.500,1,2,3,2,0,0,0,2,6,4.4,Brooke Mullin,https://www.sports-reference.com/cbb/players/brooke-mullin-1.html,villanova,2020-21
19,50,20,2021-03-06,Villanova,@,DePaul,CTOURN,W 78-72 (OT),*,28,0,2,.000,0,2,.000,0,0,,.000,0,0,,0,4,4,3,1,0,0,0,0,2.9,Brooke Mullin,https://www.sports-reference.com/cbb/players/brooke-mullin-1.html,villanova,2020-21
20,51,21,2021-03-07,Villanova,@,Connecticut,CTOURN,L 39-84,*,10,0,3,.000,0,2,.000,0,1,.000,.000,0,0,,0,0,0,0,0,1,0,2,0,-2.2,Brooke Mullin,https://www.sports-reference.com/cbb/players/brooke-mullin-1.html,villanova,2020-21
21,52,22,2021-03-19,Villanova,,Massachusetts,WNIT,W 78-51,*,21,3,9,.333,3,6,.500,0,3,.000,.500,0,0,,1,2,3,5,0,2,0,0,9,10.1,Brooke Mullin,https://www.sports-reference.com/cbb/players/brooke-mullin-1.html,villanova,2020-21
22,53,23,2021-03-20,Villanova,,Florida,WNIT,W 77-57,*,25,0,3,.000,0,2,.000,0,1,.000,.000,0,0,,2,0,2,1,0,0,0,2,0,-0.8,Brooke Mullin,https://www.sports-reference.com/cbb/players/brooke-mullin-1.html,villanova,2020-21
23,54,24,2021-03-22,Villanova,@,Delaware,WNIT,L 70-77,*,11,2,3,.667,1,2,.500,1,1,1.000,.833,1,2,.500,0,2,2,0,1,0,3,4,6,1.3,Brooke Mullin,https://www.sports-reference.com/cbb/players/brooke-mullin-1.html,villanova,2020-21
