ranker,player_game_num_career,team_game_num_season,date,team_name_abbr,game_location,opp_name_abbr,game_type,game_result,is_starter,mp,fg,fga,fg_pct,fg3,fg3a,fg3_pct,fg2,fg2a,fg2_pct,efg_pct,ft,fta,ft_pct,orb,drb,trb,ast,stl,blk,tov,pf,pts,game_score,player_name,player_sr_link,school,season
1,30,1,2020-11-25,Villanova,,Rider,REG (Non-Conf),W 70-37,,18,1,5,.200,1,5,.200,0,0,,.300,0,0,,0,0,0,3,1,0,0,2,3,2.2,Kenzie Gardler,https://www.sports-reference.com/cbb/players/kenzie-gardler-1.html,villanova,2020-21
2,31,2,2020-11-29,Villanova,@,Quinnipiac,REG (Non-Conf),W 63-60,,9,0,0,,0,0,,0,0,,,0,0,,0,1,1,0,0,0,0,1,0,-0.1,Kenzie Gardler,https://www.sports-reference.com/cbb/players/kenzie-gardler-1.html,villanova,2020-21
3,32,3,2020-12-04,Villanova,@,Temple,REG (Non-Conf),W 90-72,,4,0,0,,0,0,,0,0,,,0,0,,0,0,0,1,0,0,2,3,0,-2.5,Kenzie Gardler,https://www.sports-reference.com/cbb/players/kenzie-gardler-1.html,villanova,2020-21
4,33,5,2020-12-09,Villanova,,La Salle,REG (Non-Conf),W 78-52,,16,4,6,.667,3,3,1.000,1,3,.333,.917,0,0,,2,0,2,0,1,0,1,3,11,8.6,Kenzie Gardler,https://www.sports-reference.com/cbb/players/kenzie-gardler-1.html,villanova,2020-21
5,34,6,2020-12-13,Villanova,,Drexel,REG (Non-Conf),W 48-46,,19,1,4,.250,1,4,.250,0,0,,.375,0,0,,0,0,0,0,2,0,0,1,3,2.2,Kenzie Gardler,https://www.sports-reference.com/cbb/players/kenzie-gardler-1.html,villanova,2020-21
6,35,7,2020-12-19,Villanova,,Creighton,REG (Conf),W 73-68,*,29,1,3,.333,0,2,.000,1,1,1.000,.333,0,0,,0,2,2,4,0,0,1,3,2,1.5,Kenzie Gardler,https://www.sports-reference.com/cbb/players/kenzie-gardler-1.html,villanova,2020-21
7,36,8,2020-12-22,Villanova,,Connecticut,REG (Conf),L 52-90,,15,0,2,.000,0,2,.000,0,0,,.000,0,0,,0,0,0,1,1,0,2,2,0,-2.5,Kenzie Gardler,https://www.sports-reference.com/cbb/players/kenzie-gardler-1.html,villanova,2020-21
8,37,9,2021-01-04,Villanova,@,DePaul,REG (Conf),L 82-94,,16,1,1,1.000,1,1,1.000,0,0,,1.500,0,0,,0,1,1,1,1,1,2,0,3,3.4,Kenzie Gardler,https://www.sports-reference.com/cbb/players/kenzie-gardler-1.html,villanova,2020-21
9,38,10,2021-01-06,Villanova,@,Seton Hall,REG (Conf),W 78-71,,6,0,1,.000,0,1,.000,0,0,,.000,0,0,,0,2,2,1,0,0,1,0,0,-0.4,Kenzie Gardler,https://www.sports-reference.com/cbb/players/kenzie-gardler-1.html,villanova,2020-21
10,39,11,2021-01-25,Villanova,,St. John's (NY),REG (Conf),W 81-78 (OT),,2,0,0,,0,0,,0,0,,,0,0,,0,0,0,0,0,0,0,2,0,-0.8,Kenzie Gardler,https://www.sports-reference.com/cbb/players/kenzie-gardler-1.html,villanova,2020-21
11,40,13,2021-01-31,Villanova,@,Butler,REG (Conf),W 90-53,,12,2,5,.400,1,3,.333,1,2,.500,.500,1,1,1.000,0,0,0,1,0,0,1,1,6,2.6,Kenzie Gardler,https://www.sports-reference.com/cbb/players/kenzie-gardler-1.html,villanova,2020-21
12,41,14,2021-02-03,Villanova,,Providence,REG (Conf),W 67-53,,12,0,1,.000,0,1,.000,0,0,,.000,0,0,,0,1,1,3,0,0,0,1,0,1.3,Kenzie Gardler,https://www.sports-reference.com/cbb/players/kenzie-gardler-1.html,villanova,2020-21
13,42,15,2021-02-16,Villanova,,Butler,REG (Conf),W 98-74,,20,2,4,.500,1,3,.333,1,1,1.000,.625,0,0,,0,1,1,6,0,0,1,0,5,6.5,Kenzie Gardler,https://www.sports-reference.com/cbb/players/kenzie-gardler-1.html,villanova,2020-21
14,43,16,2021-02-19,Villanova,@,Marquette,REG (Conf),L 57-65,,5,0,1,.000,0,1,.000,0,0,,.000,0,0,,0,0,0,1,0,0,0,0,0,0.0,Kenzie Gardler,https://www.sports-reference.com/cbb/players/kenzie-gardler-1.html,villanova,2020-21
15,44,17,2021-02-21,Villanova,@,Georgetown,REG (Conf),W 64-56,,11,0,0,,0,0,,0,0,,,0,0,,0,2,2,2,0,0,0,1,0,1.6,Kenzie Gardler,https://www.sports-reference.com/cbb/players/kenzie-gardler-1.html,villanova,2020-21
16,45,18,2021-02-24,Villanova,@,Providence,REG (Conf),W 63-58 (OT),,13,0,2,.000,0,2,.000,0,0,,.000,0,0,,1,2,3,3,0,0,2,0,0,0.0,Kenzie Gardler,https://www.sports-reference.com/cbb/players/kenzie-gardler-1.html,villanova,2020-21
17,46,19,2021-02-27,Villanova,,Seton Hall,REG (Conf),L 55-67,,9,0,1,.000,0,1,.000,0,0,,.000,0,0,,0,0,0,2,0,0,1,1,0,-0.7,Kenzie Gardler,https://www.sports-reference.com/cbb/players/kenzie-gardler-1.html,villanova,2020-21
18,47,21,2021-03-07,Villanova,@,Connecticut,CTOURN,L 39-84,,12,1,2,.500,1,2,.500,0,0,,.750,0,0,,0,1,1,3,1,0,0,0,3,5.4,Kenzie Gardler,https://www.sports-reference.com/cbb/players/kenzie-gardler-1.html,villanova,2020-21
19,48,22,2021-03-19,Villanova,,Massachusetts,WNIT,W 78-51,,16,1,1,1.000,1,1,1.000,0,0,,1.500,0,0,,0,2,2,2,0,0,0,2,3,3.9,Kenzie Gardler,https://www.sports-reference.com/cbb/players/kenzie-gardler-1.html,villanova,2020-21
20,49,23,2021-03-20,Villanova,,Florida,WNIT,W 77-57,,13,0,1,.000,0,0,,0,1,.000,.000,0,0,,0,1,1,0,0,0,0,1,0,-0.8,Kenzie Gardler,https://www.sports-reference.com/cbb/players/kenzie-gardler-1.html,villanova,2020-21
21,50,24,2021-03-22,Villanova,@,Delaware,WNIT,L 70-77,,6,0,1,.000,0,1,.000,0,0,,.000,0,0,,1,0,1,1,0,0,0,2,0,-0.1,Kenzie Gardler,https://www.sports-reference.com/cbb/players/kenzie-gardler-1.html,villanova,2020-21
