ranker,player_game_num_career,team_game_num_season,date,team_name_abbr,game_location,opp_name_abbr,game_type,game_result,is_starter,mp,fg,fga,fg_pct,fg3,fg3a,fg2,fg2a,fg2_pct,efg_pct,ft,fta,ft_pct,orb,drb,trb,ast,stl,blk,tov,pf,pts,game_score,player_name,player_sr_link,school,season
1,1,1,2020-11-25,Villanova,,Rider,REG (Non-Conf),W 70-37,,2,0,1,.000,0,0,0,1,.000,.000,0,0,,1,1,2,0,0,0,1,0,0,-0.7,Kylie Swider,https://www.sports-reference.com/cbb/players/kylie-swider-1.html,villanova,2020-21
2,2,5,2020-12-09,Villanova,,La Salle,REG (Non-Conf),W 78-52,,3,1,2,.500,0,0,1,2,.500,.500,0,0,,0,0,0,0,0,0,0,0,2,1.0,Kylie Swider,https://www.sports-reference.com/cbb/players/kylie-swider-1.html,villanova,2020-21
3,3,13,2021-01-31,Villanova,@,Butler,REG (Conf),W 90-53,,5,0,1,.000,0,0,0,1,.000,.000,0,0,,0,1,1,0,1,1,0,0,0,1.3,Kylie Swider,https://www.sports-reference.com/cbb/players/kylie-swider-1.html,villanova,2020-21
4,4,14,2021-02-03,Villanova,,Providence,REG (Conf),W 67-53,,1,0,0,,0,0,0,0,,,2,2,1.000,0,0,0,0,0,0,0,0,2,2.0,Kylie Swider,https://www.sports-reference.com/cbb/players/kylie-swider-1.html,villanova,2020-21
5,5,15,2021-02-16,Villanova,,Butler,REG (Conf),W 98-74,,3,1,1,1.000,0,0,1,1,1.000,1.000,0,0,,0,0,0,0,0,0,2,1,2,-0.7,Kylie Swider,https://www.sports-reference.com/cbb/players/kylie-swider-1.html,villanova,2020-21
6,6,21,2021-03-07,Villanova,@,Connecticut,CTOURN,L 39-84,,5,0,0,,0,0,0,0,,,0,0,,1,0,1,0,0,0,1,0,0,-0.3,Kylie Swider,https://www.sports-reference.com/cbb/players/kylie-swider-1.html,villanova,2020-21
7,7,22,2021-03-19,Villanova,,Massachusetts,WNIT,W 78-51,,4,0,0,,0,0,0,0,,,0,0,,0,0,0,0,0,0,1,1,0,-1.4,Kylie Swider,https://www.sports-reference.com/cbb/players/kylie-swider-1.html,villanova,2020-21
8,8,23,2021-03-20,Villanova,,Florida,WNIT,W 77-57,,2,0,0,,0,0,0,0,,,0,0,,0,0,0,0,0,0,0,0,0,0.0,Kylie Swider,https://www.sports-reference.com/cbb/players/kylie-swider-1.html,villanova,2020-21
