ranker,player_game_num_career,team_game_num_season,date,team_name_abbr,game_location,opp_name_abbr,game_type,game_result,is_starter,mp,fg,fga,fg_pct,fg3,fg3a,fg3_pct,fg2,fg2a,fg2_pct,efg_pct,ft,fta,ft_pct,orb,drb,trb,ast,stl,blk,tov,pf,pts,game_score,player_name,player_sr_link,school,season
1,1,1,2020-11-25,Villanova,,Rider,REG (Non-Conf),W 70-37,,16,4,6,.667,3,4,.750,1,2,.500,.917,0,0,,0,1,1,1,1,0,3,3,11,6.2,Lior Garzon,https://www.sports-reference.com/cbb/players/lior-garzon-1.html,villanova,2020-21
2,2,2,2020-11-29,Villanova,@,Quinnipiac,REG (Non-Conf),W 63-60,,18,2,6,.333,0,3,.000,2,3,.667,.333,0,0,,0,1,1,1,0,1,3,1,4,-1.1,Lior Garzon,https://www.sports-reference.com/cbb/players/lior-garzon-1.html,villanova,2020-21
3,3,3,2020-12-04,Villanova,@,Temple,REG (Non-Conf),W 90-72,,19,3,7,.429,0,4,.000,3,3,1.000,.429,1,1,1.000,1,3,4,1,0,1,1,2,7,4.5,Lior Garzon,https://www.sports-reference.com/cbb/players/lior-garzon-1.html,villanova,2020-21
4,4,4,2020-12-06,Villanova,@,St. John's (NY),REG (Conf),W 74-65,,13,4,5,.800,2,3,.667,2,2,1.000,1.000,2,3,.667,0,1,1,0,0,0,3,0,12,7.0,Lior Garzon,https://www.sports-reference.com/cbb/players/lior-garzon-1.html,villanova,2020-21
5,5,5,2020-12-09,Villanova,,La Salle,REG (Non-Conf),W 78-52,,18,2,6,.333,0,4,.000,2,2,1.000,.333,2,2,1.000,1,1,2,1,2,0,3,0,6,3.3,Lior Garzon,https://www.sports-reference.com/cbb/players/lior-garzon-1.html,villanova,2020-21
6,6,6,2020-12-13,Villanova,,Drexel,REG (Non-Conf),W 48-46,,27,4,8,.500,2,4,.500,2,4,.500,.625,0,0,,2,6,8,2,1,0,4,4,10,6.0,Lior Garzon,https://www.sports-reference.com/cbb/players/lior-garzon-1.html,villanova,2020-21
7,7,7,2020-12-19,Villanova,,Creighton,REG (Conf),W 73-68,*,23,1,3,.333,1,2,.500,0,1,.000,.500,0,0,,1,2,3,3,2,0,2,1,3,4.3,Lior Garzon,https://www.sports-reference.com/cbb/players/lior-garzon-1.html,villanova,2020-21
8,8,8,2020-12-22,Villanova,,Connecticut,REG (Conf),L 52-90,,14,1,5,.200,0,4,.000,1,1,1.000,.200,0,0,,0,1,1,0,0,0,1,4,2,-3.4,Lior Garzon,https://www.sports-reference.com/cbb/players/lior-garzon-1.html,villanova,2020-21
9,9,9,2021-01-04,Villanova,@,DePaul,REG (Conf),L 82-94,,23,5,7,.714,3,4,.750,2,3,.667,.929,1,2,.500,0,5,5,0,0,0,4,1,14,7.8,Lior Garzon,https://www.sports-reference.com/cbb/players/lior-garzon-1.html,villanova,2020-21
10,10,10,2021-01-06,Villanova,@,Seton Hall,REG (Conf),W 78-71,,23,3,7,.429,1,3,.333,2,4,.500,.500,0,0,,1,2,3,1,2,0,1,0,7,6.3,Lior Garzon,https://www.sports-reference.com/cbb/players/lior-garzon-1.html,villanova,2020-21
11,11,11,2021-01-25,Villanova,,St. John's (NY),REG (Conf),W 81-78 (OT),,21,5,9,.556,3,6,.500,2,3,.667,.722,3,3,1.000,0,2,2,1,0,0,6,4,16,5.4,Lior Garzon,https://www.sports-reference.com/cbb/players/lior-garzon-1.html,villanova,2020-21
12,12,12,2021-01-27,Villanova,,Marquette,REG (Conf),L 77-95,,11,0,4,.000,0,2,.000,0,2,.000,.000,0,0,,0,1,1,3,1,0,0,2,0,-0.2,Lior Garzon,https://www.sports-reference.com/cbb/players/lior-garzon-1.html,villanova,2020-21
13,13,13,2021-01-31,Villanova,@,Butler,REG (Conf),W 90-53,,22,7,11,.636,5,9,.556,2,2,1.000,.864,0,0,,0,0,0,1,1,0,1,2,19,14.0,Lior Garzon,https://www.sports-reference.com/cbb/players/lior-garzon-1.html,villanova,2020-21
14,14,14,2021-02-03,Villanova,,Providence,REG (Conf),W 67-53,,28,6,14,.429,3,5,.600,3,9,.333,.536,0,0,,4,1,5,1,1,0,1,2,15,10.6,Lior Garzon,https://www.sports-reference.com/cbb/players/lior-garzon-1.html,villanova,2020-21
15,15,15,2021-02-16,Villanova,,Butler,REG (Conf),W 98-74,,24,5,10,.500,3,6,.500,2,4,.500,.650,4,4,1.000,0,3,3,2,0,0,0,1,17,13.9,Lior Garzon,https://www.sports-reference.com/cbb/players/lior-garzon-1.html,villanova,2020-21
16,16,16,2021-02-19,Villanova,@,Marquette,REG (Conf),L 57-65,,25,3,10,.300,1,5,.200,2,5,.400,.350,1,1,1.000,1,0,1,1,0,0,4,2,8,-1.2,Lior Garzon,https://www.sports-reference.com/cbb/players/lior-garzon-1.html,villanova,2020-21
17,17,17,2021-02-21,Villanova,@,Georgetown,REG (Conf),W 64-56,,19,4,7,.571,3,5,.600,1,2,.500,.786,0,0,,0,1,1,2,1,0,1,2,11,8.6,Lior Garzon,https://www.sports-reference.com/cbb/players/lior-garzon-1.html,villanova,2020-21
18,18,18,2021-02-24,Villanova,@,Providence,REG (Conf),W 63-58 (OT),,33,3,13,.231,2,8,.250,1,5,.200,.308,0,0,,0,7,7,2,3,0,2,1,8,4.2,Lior Garzon,https://www.sports-reference.com/cbb/players/lior-garzon-1.html,villanova,2020-21
19,19,19,2021-02-27,Villanova,,Seton Hall,REG (Conf),L 55-67,,18,2,7,.286,2,5,.400,0,2,.000,.429,0,0,,0,4,4,0,1,0,3,1,6,0.7,Lior Garzon,https://www.sports-reference.com/cbb/players/lior-garzon-1.html,villanova,2020-21
20,20,20,2021-03-06,Villanova,@,DePaul,CTOURN,W 78-72 (OT),,16,0,6,.000,0,5,.000,0,1,.000,.000,0,0,,0,4,4,1,0,0,2,0,0,-4.3,Lior Garzon,https://www.sports-reference.com/cbb/players/lior-garzon-1.html,villanova,2020-21
21,21,21,2021-03-07,Villanova,@,Connecticut,CTOURN,L 39-84,,18,1,5,.200,1,5,.200,0,0,,.300,0,0,,0,0,0,2,0,0,1,2,3,-0.5,Lior Garzon,https://www.sports-reference.com/cbb/players/lior-garzon-1.html,villanova,2020-21
22,22,22,2021-03-19,Villanova,,Massachusetts,WNIT,W 78-51,,17,5,8,.625,2,5,.400,3,3,1.000,.750,1,2,.500,0,1,1,2,1,1,4,1,13,8.0,Lior Garzon,https://www.sports-reference.com/cbb/players/lior-garzon-1.html,villanova,2020-21
23,23,23,2021-03-20,Villanova,,Florida,WNIT,W 77-57,,21,4,10,.400,0,5,.000,4,5,.800,.400,0,0,,0,4,4,1,3,0,0,2,8,6.7,Lior Garzon,https://www.sports-reference.com/cbb/players/lior-garzon-1.html,villanova,2020-21
24,24,24,2021-03-22,Villanova,@,Delaware,WNIT,L 70-77,,30,3,10,.300,2,7,.286,1,3,.333,.400,2,2,1.000,1,6,7,2,0,0,1,0,10,7.1,Lior Garzon,https://www.sports-reference.com/cbb/players/lior-garzon-1.html,villanova,2020-21
