ranker,player_game_num_career,team_game_num_season,date,team_name_abbr,game_location,opp_name_abbr,game_type,game_result,is_starter,mp,fg,fga,fg_pct,fg3,fg3a,fg3_pct,fg2,fg2a,fg2_pct,efg_pct,ft,fta,ft_pct,orb,drb,trb,ast,stl,blk,tov,pf,pts,game_score,player_name,player_sr_link,school,season
1,32,1,2020-11-25,Villanova,,Rider,REG (Non-Conf),W 70-37,*,32,13,19,.684,2,5,.400,11,14,.786,.737,0,0,,2,8,10,1,1,1,5,2,28,20.3,Maddy Siegrist,https://www.sports-reference.com/cbb/players/maddy-siegrist-1.html,villanova,2020-21
2,33,2,2020-11-29,Villanova,@,Quinnipiac,REG (Non-Conf),W 63-60,*,37,9,18,.500,0,2,.000,9,16,.563,.500,7,8,.875,4,6,10,1,2,1,2,2,25,20.8,Maddy Siegrist,https://www.sports-reference.com/cbb/players/maddy-siegrist-1.html,villanova,2020-21
3,34,3,2020-12-04,Villanova,@,Temple,REG (Non-Conf),W 90-72,*,32,9,16,.563,1,4,.250,8,12,.667,.594,4,4,1.000,4,8,12,3,2,1,2,3,23,22.2,Maddy Siegrist,https://www.sports-reference.com/cbb/players/maddy-siegrist-1.html,villanova,2020-21
4,35,4,2020-12-06,Villanova,@,St. John's (NY),REG (Conf),W 74-65,*,34,8,16,.500,2,5,.400,6,11,.545,.563,1,2,.500,4,11,15,3,1,0,2,4,19,16.2,Maddy Siegrist,https://www.sports-reference.com/cbb/players/maddy-siegrist-1.html,villanova,2020-21
5,36,5,2020-12-09,Villanova,,La Salle,REG (Non-Conf),W 78-52,*,34,11,19,.579,1,5,.200,10,14,.714,.605,8,8,1.000,5,8,13,5,2,1,1,2,31,32.4,Maddy Siegrist,https://www.sports-reference.com/cbb/players/maddy-siegrist-1.html,villanova,2020-21
6,37,6,2020-12-13,Villanova,,Drexel,REG (Non-Conf),W 48-46,*,31,5,14,.357,1,2,.500,4,12,.333,.393,0,0,,4,5,9,0,0,0,1,4,11,4.9,Maddy Siegrist,https://www.sports-reference.com/cbb/players/maddy-siegrist-1.html,villanova,2020-21
7,38,7,2020-12-19,Villanova,,Creighton,REG (Conf),W 73-68,*,37,11,22,.500,2,7,.286,9,15,.600,.545,10,14,.714,8,11,19,3,1,3,2,4,34,31.9,Maddy Siegrist,https://www.sports-reference.com/cbb/players/maddy-siegrist-1.html,villanova,2020-21
8,39,8,2020-12-22,Villanova,,Connecticut,REG (Conf),L 52-90,*,39,6,22,.273,3,7,.429,3,15,.200,.341,0,0,,3,2,5,2,4,1,4,3,15,5.6,Maddy Siegrist,https://www.sports-reference.com/cbb/players/maddy-siegrist-1.html,villanova,2020-21
9,40,9,2021-01-04,Villanova,@,DePaul,REG (Conf),L 82-94,*,40,12,24,.500,1,5,.200,11,19,.579,.521,6,7,.857,2,7,9,5,1,4,2,3,31,26.2,Maddy Siegrist,https://www.sports-reference.com/cbb/players/maddy-siegrist-1.html,villanova,2020-21
10,41,10,2021-01-06,Villanova,@,Seton Hall,REG (Conf),W 78-71,*,37,9,16,.563,3,5,.600,6,11,.545,.656,2,2,1.000,4,5,9,3,2,0,3,2,23,20.0,Maddy Siegrist,https://www.sports-reference.com/cbb/players/maddy-siegrist-1.html,villanova,2020-21
11,42,11,2021-01-25,Villanova,,St. John's (NY),REG (Conf),W 81-78 (OT),*,43,9,20,.450,2,7,.286,7,13,.538,.500,4,5,.800,2,8,10,2,4,1,1,5,24,20.1,Maddy Siegrist,https://www.sports-reference.com/cbb/players/maddy-siegrist-1.html,villanova,2020-21
12,43,12,2021-01-27,Villanova,,Marquette,REG (Conf),L 77-95,*,31,7,14,.500,1,2,.500,6,12,.500,.536,4,5,.800,3,5,8,1,0,0,1,3,19,13.7,Maddy Siegrist,https://www.sports-reference.com/cbb/players/maddy-siegrist-1.html,villanova,2020-21
13,44,13,2021-01-31,Villanova,@,Butler,REG (Conf),W 90-53,*,31,10,18,.556,3,6,.500,7,12,.583,.639,3,4,.750,2,8,10,2,1,3,0,0,26,25.3,Maddy Siegrist,https://www.sports-reference.com/cbb/players/maddy-siegrist-1.html,villanova,2020-21
14,45,14,2021-02-03,Villanova,,Providence,REG (Conf),W 67-53,*,25,3,11,.273,0,4,.000,3,7,.429,.273,3,6,.500,2,5,7,1,0,0,3,4,9,0.3,Maddy Siegrist,https://www.sports-reference.com/cbb/players/maddy-siegrist-1.html,villanova,2020-21
15,46,15,2021-02-16,Villanova,,Butler,REG (Conf),W 98-74,*,29,9,20,.450,5,12,.417,4,8,.500,.575,1,3,.333,2,4,6,3,4,0,3,1,24,18.1,Maddy Siegrist,https://www.sports-reference.com/cbb/players/maddy-siegrist-1.html,villanova,2020-21
16,47,16,2021-02-19,Villanova,@,Marquette,REG (Conf),L 57-65,*,32,7,18,.389,1,5,.200,6,13,.462,.417,3,5,.600,3,8,11,0,1,1,1,4,18,11.0,Maddy Siegrist,https://www.sports-reference.com/cbb/players/maddy-siegrist-1.html,villanova,2020-21
17,48,17,2021-02-21,Villanova,@,Georgetown,REG (Conf),W 64-56,*,40,11,21,.524,1,3,.333,10,18,.556,.548,8,9,.889,3,13,16,0,1,2,5,2,31,22.9,Maddy Siegrist,https://www.sports-reference.com/cbb/players/maddy-siegrist-1.html,villanova,2020-21
18,49,18,2021-02-24,Villanova,@,Providence,REG (Conf),W 63-58 (OT),*,40,8,20,.400,1,5,.200,7,15,.467,.425,7,8,.875,3,4,7,1,0,0,6,3,24,9.6,Maddy Siegrist,https://www.sports-reference.com/cbb/players/maddy-siegrist-1.html,villanova,2020-21
19,50,19,2021-02-27,Villanova,,Seton Hall,REG (Conf),L 55-67,*,40,10,20,.500,2,5,.400,8,15,.533,.550,5,6,.833,3,7,10,2,1,1,3,2,27,20.1,Maddy Siegrist,https://www.sports-reference.com/cbb/players/maddy-siegrist-1.html,villanova,2020-21
20,51,20,2021-03-06,Villanova,@,DePaul,CTOURN,W 78-72 (OT),*,45,11,19,.579,3,4,.750,8,15,.533,.658,5,8,.625,3,8,11,3,2,0,3,2,30,24.7,Maddy Siegrist,https://www.sports-reference.com/cbb/players/maddy-siegrist-1.html,villanova,2020-21
21,52,21,2021-03-07,Villanova,@,Connecticut,CTOURN,L 39-84,*,27,1,10,.100,0,3,.000,1,7,.143,.100,1,1,1.000,1,3,4,0,0,0,1,4,3,-4.6,Maddy Siegrist,https://www.sports-reference.com/cbb/players/maddy-siegrist-1.html,villanova,2020-21
22,53,22,2021-03-19,Villanova,,Massachusetts,WNIT,W 78-51,*,29,13,18,.722,5,6,.833,8,12,.667,.861,1,1,1.000,1,5,6,1,2,2,3,4,32,26.3,Maddy Siegrist,https://www.sports-reference.com/cbb/players/maddy-siegrist-1.html,villanova,2020-21
23,54,23,2021-03-20,Villanova,,Florida,WNIT,W 77-57,*,35,9,20,.450,2,4,.500,7,16,.438,.500,6,9,.667,4,7,11,5,3,3,2,2,26,25.1,Maddy Siegrist,https://www.sports-reference.com/cbb/players/maddy-siegrist-1.html,villanova,2020-21
24,55,24,2021-03-22,Villanova,@,Delaware,WNIT,L 70-77,*,28,7,16,.438,1,5,.200,6,11,.545,.469,0,0,,1,6,7,2,0,1,7,5,15,2.2,Maddy Siegrist,https://www.sports-reference.com/cbb/players/maddy-siegrist-1.html,villanova,2020-21
