ranker,player_game_num_career,team_game_num_season,date,team_name_abbr,game_location,opp_name_abbr,game_type,game_result,is_starter,mp,fg,fga,fg_pct,fg3,fg3a,fg3_pct,fg2,fg2a,fg2_pct,efg_pct,ft,fta,orb,drb,trb,ast,stl,blk,tov,pf,pts,game_score,player_name,player_sr_link,school,season
1,86,1,2020-11-25,Villanova,,Rider,REG (Non-Conf),W 70-37,*,18,1,2,.500,0,0,,1,2,.500,.500,0,0,0,2,2,6,0,0,2,3,2,2.6,Raven James,https://www.sports-reference.com/cbb/players/raven-james-2.html,villanova,2020-21
2,87,2,2020-11-29,Villanova,@,Quinnipiac,REG (Non-Conf),W 63-60,*,15,0,2,.000,0,0,,0,2,.000,.000,0,0,0,2,2,2,1,0,3,1,0,-1.8,Raven James,https://www.sports-reference.com/cbb/players/raven-james-2.html,villanova,2020-21
3,88,3,2020-12-04,Villanova,@,Temple,REG (Non-Conf),W 90-72,*,13,1,3,.333,1,3,.333,0,0,,.500,0,0,0,1,1,3,1,0,0,2,3,3.9,Raven James,https://www.sports-reference.com/cbb/players/raven-james-2.html,villanova,2020-21
4,89,4,2020-12-06,Villanova,@,St. John's (NY),REG (Conf),W 74-65,*,17,1,3,.333,1,2,.500,0,1,.000,.500,0,0,0,0,0,3,0,0,0,1,3,3.0,Raven James,https://www.sports-reference.com/cbb/players/raven-james-2.html,villanova,2020-21
5,90,5,2020-12-09,Villanova,,La Salle,REG (Non-Conf),W 78-52,*,22,0,6,.000,0,3,.000,0,3,.000,.000,0,0,0,0,0,4,3,0,0,3,0,0.4,Raven James,https://www.sports-reference.com/cbb/players/raven-james-2.html,villanova,2020-21
6,91,6,2020-12-13,Villanova,,Drexel,REG (Non-Conf),W 48-46,*,22,3,7,.429,2,5,.400,1,2,.500,.571,0,0,0,0,0,2,0,0,2,1,8,3.3,Raven James,https://www.sports-reference.com/cbb/players/raven-james-2.html,villanova,2020-21
7,92,7,2020-12-19,Villanova,,Creighton,REG (Conf),W 73-68,,14,2,3,.667,2,3,.667,0,0,,1.000,0,0,0,0,0,0,2,0,0,4,6,5.1,Raven James,https://www.sports-reference.com/cbb/players/raven-james-2.html,villanova,2020-21
8,93,8,2020-12-22,Villanova,,Connecticut,REG (Conf),L 52-90,*,24,1,1,1.000,1,1,1.000,0,0,,1.500,0,0,0,1,1,7,0,0,2,2,3,5.1,Raven James,https://www.sports-reference.com/cbb/players/raven-james-2.html,villanova,2020-21
9,94,9,2021-01-04,Villanova,@,DePaul,REG (Conf),L 82-94,*,21,0,3,.000,0,0,,0,3,.000,.000,0,0,0,2,2,7,2,0,2,2,0,2.6,Raven James,https://www.sports-reference.com/cbb/players/raven-james-2.html,villanova,2020-21
10,95,10,2021-01-06,Villanova,@,Seton Hall,REG (Conf),W 78-71,*,20,0,3,.000,0,1,.000,0,2,.000,.000,0,0,0,2,2,7,0,0,2,4,0,-0.2,Raven James,https://www.sports-reference.com/cbb/players/raven-james-2.html,villanova,2020-21
11,96,11,2021-01-25,Villanova,,St. John's (NY),REG (Conf),W 81-78 (OT),*,33,0,4,.000,0,2,.000,0,2,.000,.000,0,0,0,1,1,8,3,0,3,3,0,1.9,Raven James,https://www.sports-reference.com/cbb/players/raven-james-2.html,villanova,2020-21
12,97,12,2021-01-27,Villanova,,Marquette,REG (Conf),L 77-95,*,9,1,1,1.000,1,1,1.000,0,0,,1.500,0,0,0,0,0,1,0,0,1,1,3,2.0,Raven James,https://www.sports-reference.com/cbb/players/raven-james-2.html,villanova,2020-21
13,98,13,2021-01-31,Villanova,@,Butler,REG (Conf),W 90-53,*,21,1,1,1.000,1,1,1.000,0,0,,1.500,0,0,0,1,1,6,2,0,1,1,3,7.8,Raven James,https://www.sports-reference.com/cbb/players/raven-james-2.html,villanova,2020-21
14,99,14,2021-02-03,Villanova,,Providence,REG (Conf),W 67-53,*,20,1,2,.500,1,1,1.000,0,1,.000,.750,0,0,0,1,1,6,2,0,1,3,3,6.3,Raven James,https://www.sports-reference.com/cbb/players/raven-james-2.html,villanova,2020-21
15,100,17,2021-02-21,Villanova,@,Georgetown,REG (Conf),W 64-56,*,10,0,2,.000,0,2,.000,0,0,,.000,0,0,0,0,0,1,0,0,2,1,0,-3.1,Raven James,https://www.sports-reference.com/cbb/players/raven-james-2.html,villanova,2020-21
16,101,18,2021-02-24,Villanova,@,Providence,REG (Conf),W 63-58 (OT),*,17,0,2,.000,0,2,.000,0,0,,.000,0,0,0,1,1,3,0,0,1,3,0,-1.2,Raven James,https://www.sports-reference.com/cbb/players/raven-james-2.html,villanova,2020-21
17,102,19,2021-02-27,Villanova,,Seton Hall,REG (Conf),L 55-67,*,18,0,2,.000,0,2,.000,0,0,,.000,0,0,0,0,0,2,0,0,3,3,0,-4.2,Raven James,https://www.sports-reference.com/cbb/players/raven-james-2.html,villanova,2020-21
18,103,20,2021-03-06,Villanova,@,DePaul,CTOURN,W 78-72 (OT),*,28,3,8,.375,2,5,.400,1,3,.333,.500,0,0,0,2,2,4,1,0,3,2,8,4.2,Raven James,https://www.sports-reference.com/cbb/players/raven-james-2.html,villanova,2020-21
19,104,21,2021-03-07,Villanova,@,Connecticut,CTOURN,L 39-84,*,7,0,1,.000,0,0,,0,1,.000,.000,0,0,0,0,0,0,1,0,1,1,0,-1.1,Raven James,https://www.sports-reference.com/cbb/players/raven-james-2.html,villanova,2020-21
20,105,22,2021-03-19,Villanova,,Massachusetts,WNIT,W 78-51,*,17,0,1,.000,0,0,,0,1,.000,.000,0,0,1,2,3,7,2,0,1,2,0,5.7,Raven James,https://www.sports-reference.com/cbb/players/raven-james-2.html,villanova,2020-21
21,106,23,2021-03-20,Villanova,,Florida,WNIT,W 77-57,*,11,0,2,.000,0,0,,0,2,.000,.000,0,0,0,0,0,3,1,0,0,4,0,0.1,Raven James,https://www.sports-reference.com/cbb/players/raven-james-2.html,villanova,2020-21
22,107,24,2021-03-22,Villanova,@,Delaware,WNIT,L 70-77,*,22,0,2,.000,0,2,.000,0,0,,.000,0,0,0,2,2,1,0,0,0,3,0,-1.3,Raven James,https://www.sports-reference.com/cbb/players/raven-james-2.html,villanova,2020-21
