ranker,player_game_num_career,team_game_num_season,date,team_name_abbr,game_location,opp_name_abbr,game_type,game_result,is_starter,mp,fg,fga,fg_pct,fg3,fg3a,fg3_pct,fg2,fg2a,fg2_pct,efg_pct,ft,fta,ft_pct,orb,drb,trb,ast,stl,blk,tov,pf,pts,game_score,player_name,player_sr_link,school,season
1,18,1,2020-11-25,Villanova,,Rider,REG (Non-Conf),W 70-37,,10,0,1,.000,0,1,.000,0,0,,.000,0,0,,0,2,2,2,0,0,0,0,0,1.3,Samantha Carangi,https://www.sports-reference.com/cbb/players/samantha-carangi-1.html,villanova,2020-21
2,19,2,2020-11-29,Villanova,@,Quinnipiac,REG (Non-Conf),W 63-60,,17,1,1,1.000,0,0,,1,1,1.000,1.000,0,0,,0,2,2,3,0,1,1,2,2,3.3,Samantha Carangi,https://www.sports-reference.com/cbb/players/samantha-carangi-1.html,villanova,2020-21
3,20,3,2020-12-04,Villanova,@,Temple,REG (Non-Conf),W 90-72,,23,1,1,1.000,1,1,1.000,0,0,,1.500,0,0,,0,1,1,4,0,0,1,2,3,4.0,Samantha Carangi,https://www.sports-reference.com/cbb/players/samantha-carangi-1.html,villanova,2020-21
4,21,4,2020-12-06,Villanova,@,St. John's (NY),REG (Conf),W 74-65,,24,0,3,.000,0,2,.000,0,1,.000,.000,0,0,,0,1,1,4,1,0,1,3,0,-0.2,Samantha Carangi,https://www.sports-reference.com/cbb/players/samantha-carangi-1.html,villanova,2020-21
5,22,5,2020-12-09,Villanova,,La Salle,REG (Non-Conf),W 78-52,,19,0,0,,0,0,,0,0,,,0,0,,0,3,3,3,0,0,0,2,0,2.2,Samantha Carangi,https://www.sports-reference.com/cbb/players/samantha-carangi-1.html,villanova,2020-21
6,23,6,2020-12-13,Villanova,,Drexel,REG (Non-Conf),W 48-46,,15,0,2,.000,0,1,.000,0,1,.000,.000,0,0,,0,0,0,2,1,0,2,1,0,-1.4,Samantha Carangi,https://www.sports-reference.com/cbb/players/samantha-carangi-1.html,villanova,2020-21
7,24,11,2021-01-25,Villanova,,St. John's (NY),REG (Conf),W 81-78 (OT),,5,0,0,,0,0,,0,0,,,0,0,,0,0,0,0,0,0,2,0,0,-2.0,Samantha Carangi,https://www.sports-reference.com/cbb/players/samantha-carangi-1.html,villanova,2020-21
8,25,12,2021-01-27,Villanova,,Marquette,REG (Conf),L 77-95,,27,2,5,.400,2,5,.400,0,0,,.600,0,0,,0,2,2,9,0,0,1,1,6,8.8,Samantha Carangi,https://www.sports-reference.com/cbb/players/samantha-carangi-1.html,villanova,2020-21
9,26,13,2021-01-31,Villanova,@,Butler,REG (Conf),W 90-53,,17,1,1,1.000,1,1,1.000,0,0,,1.500,0,0,,0,2,2,4,0,0,0,1,3,5.7,Samantha Carangi,https://www.sports-reference.com/cbb/players/samantha-carangi-1.html,villanova,2020-21
10,27,14,2021-02-03,Villanova,,Providence,REG (Conf),W 67-53,,8,0,1,.000,0,1,.000,0,0,,.000,0,0,,0,1,1,2,0,0,0,1,0,0.6,Samantha Carangi,https://www.sports-reference.com/cbb/players/samantha-carangi-1.html,villanova,2020-21
11,28,15,2021-02-16,Villanova,,Butler,REG (Conf),W 98-74,*,20,1,1,1.000,1,1,1.000,0,0,,1.500,2,2,1.000,1,1,2,4,0,0,2,2,5,5.7,Samantha Carangi,https://www.sports-reference.com/cbb/players/samantha-carangi-1.html,villanova,2020-21
12,29,16,2021-02-19,Villanova,@,Marquette,REG (Conf),L 57-65,*,30,1,4,.250,1,3,.333,0,1,.000,.375,0,0,,1,3,4,5,1,0,1,3,3,4.5,Samantha Carangi,https://www.sports-reference.com/cbb/players/samantha-carangi-1.html,villanova,2020-21
13,30,17,2021-02-21,Villanova,@,Georgetown,REG (Conf),W 64-56,,9,0,0,,0,0,,0,0,,,0,0,,0,0,0,1,0,0,0,1,0,0.3,Samantha Carangi,https://www.sports-reference.com/cbb/players/samantha-carangi-1.html,villanova,2020-21
14,31,18,2021-02-24,Villanova,@,Providence,REG (Conf),W 63-58 (OT),,3,0,0,,0,0,,0,0,,,0,0,,0,0,0,0,0,0,1,0,0,-1.0,Samantha Carangi,https://www.sports-reference.com/cbb/players/samantha-carangi-1.html,villanova,2020-21
15,32,19,2021-02-27,Villanova,,Seton Hall,REG (Conf),L 55-67,*,15,0,0,,0,0,,0,0,,,0,0,,0,0,0,2,0,0,0,4,0,-0.2,Samantha Carangi,https://www.sports-reference.com/cbb/players/samantha-carangi-1.html,villanova,2020-21
16,33,20,2021-03-06,Villanova,@,DePaul,CTOURN,W 78-72 (OT),,21,1,2,.500,1,2,.500,0,0,,.750,2,2,1.000,1,1,2,3,1,0,1,1,5,6.7,Samantha Carangi,https://www.sports-reference.com/cbb/players/samantha-carangi-1.html,villanova,2020-21
17,34,21,2021-03-07,Villanova,@,Connecticut,CTOURN,L 39-84,,21,0,2,.000,0,2,.000,0,0,,.000,0,0,,1,2,3,0,0,0,1,2,0,-1.9,Samantha Carangi,https://www.sports-reference.com/cbb/players/samantha-carangi-1.html,villanova,2020-21
18,35,22,2021-03-19,Villanova,,Massachusetts,WNIT,W 78-51,,7,0,1,.000,0,1,.000,0,0,,.000,0,0,,0,2,2,0,0,0,1,1,0,-1.5,Samantha Carangi,https://www.sports-reference.com/cbb/players/samantha-carangi-1.html,villanova,2020-21
19,36,23,2021-03-20,Villanova,,Florida,WNIT,W 77-57,,16,1,2,.500,1,2,.500,0,0,,.750,0,0,,0,0,0,2,0,0,1,1,3,2.0,Samantha Carangi,https://www.sports-reference.com/cbb/players/samantha-carangi-1.html,villanova,2020-21
20,37,24,2021-03-22,Villanova,@,Delaware,WNIT,L 70-77,,12,0,1,.000,0,1,.000,0,0,,.000,0,0,,0,0,0,2,0,0,0,1,0,0.3,Samantha Carangi,https://www.sports-reference.com/cbb/players/samantha-carangi-1.html,villanova,2020-21
