ranker,player_game_num_career,team_game_num_season,date,team_name_abbr,game_location,opp_name_abbr,game_type,game_result,is_starter,mp,fg,fga,fg_pct,fg3,fg3a,fg3_pct,fg2,fg2a,fg2_pct,efg_pct,ft,fta,ft_pct,orb,drb,trb,ast,stl,blk,tov,pf,pts,game_score,player_name,player_sr_link,school,season
1,91,1,2020-11-25,Villanova,,Rider,REG (Non-Conf),W 70-37,*,26,2,7,.286,1,3,.333,1,4,.250,.357,2,4,.500,1,4,5,2,1,1,4,0,7,3.1,Sarah Mortensen,https://www.sports-reference.com/cbb/players/sarah-mortensen-1.html,villanova,2020-21
2,92,2,2020-11-29,Villanova,@,Quinnipiac,REG (Non-Conf),W 63-60,*,27,7,13,.538,1,4,.250,6,9,.667,.577,1,1,1.000,2,1,3,2,2,1,1,4,16,12.9,Sarah Mortensen,https://www.sports-reference.com/cbb/players/sarah-mortensen-1.html,villanova,2020-21
3,93,3,2020-12-04,Villanova,@,Temple,REG (Non-Conf),W 90-72,*,30,8,13,.615,0,2,.000,8,11,.727,.615,2,3,.667,5,4,9,5,0,1,2,3,18,17.4,Sarah Mortensen,https://www.sports-reference.com/cbb/players/sarah-mortensen-1.html,villanova,2020-21
4,94,4,2020-12-06,Villanova,@,St. John's (NY),REG (Conf),W 74-65,*,32,6,13,.462,1,3,.333,5,10,.500,.500,0,0,,6,4,10,4,1,1,2,2,13,13.4,Sarah Mortensen,https://www.sports-reference.com/cbb/players/sarah-mortensen-1.html,villanova,2020-21
5,95,5,2020-12-09,Villanova,,La Salle,REG (Non-Conf),W 78-52,*,13,1,5,.200,0,0,,1,5,.200,.200,0,0,,2,0,2,1,2,0,1,5,2,0.0,Sarah Mortensen,https://www.sports-reference.com/cbb/players/sarah-mortensen-1.html,villanova,2020-21
6,96,8,2020-12-22,Villanova,,Connecticut,REG (Conf),L 52-90,*,34,7,14,.500,3,8,.375,4,6,.667,.607,0,0,,4,5,9,1,1,0,1,2,17,14.2,Sarah Mortensen,https://www.sports-reference.com/cbb/players/sarah-mortensen-1.html,villanova,2020-21
7,97,9,2021-01-04,Villanova,@,DePaul,REG (Conf),L 82-94,*,34,8,13,.615,1,3,.333,7,10,.700,.654,0,0,,1,2,3,2,1,0,1,2,17,13.0,Sarah Mortensen,https://www.sports-reference.com/cbb/players/sarah-mortensen-1.html,villanova,2020-21
8,98,10,2021-01-06,Villanova,@,Seton Hall,REG (Conf),W 78-71,*,29,7,13,.538,0,3,.000,7,10,.700,.538,0,0,,2,4,6,1,2,1,2,2,14,10.9,Sarah Mortensen,https://www.sports-reference.com/cbb/players/sarah-mortensen-1.html,villanova,2020-21
9,99,11,2021-01-25,Villanova,,St. John's (NY),REG (Conf),W 81-78 (OT),*,41,6,17,.353,0,2,.000,6,15,.400,.353,0,0,,7,4,11,2,2,0,2,2,12,9.2,Sarah Mortensen,https://www.sports-reference.com/cbb/players/sarah-mortensen-1.html,villanova,2020-21
10,100,12,2021-01-27,Villanova,,Marquette,REG (Conf),L 77-95,*,33,6,8,.750,1,1,1.000,5,7,.714,.813,0,0,,1,2,3,0,0,0,1,2,13,9.3,Sarah Mortensen,https://www.sports-reference.com/cbb/players/sarah-mortensen-1.html,villanova,2020-21
11,101,13,2021-01-31,Villanova,@,Butler,REG (Conf),W 90-53,*,16,2,5,.400,0,2,.000,2,3,.667,.400,0,0,,2,3,5,3,1,0,0,3,4,5.5,Sarah Mortensen,https://www.sports-reference.com/cbb/players/sarah-mortensen-1.html,villanova,2020-21
12,102,14,2021-02-03,Villanova,,Providence,REG (Conf),W 67-53,*,27,8,13,.615,2,2,1.000,6,11,.545,.692,0,0,,3,5,8,3,1,0,2,3,18,15.6,Sarah Mortensen,https://www.sports-reference.com/cbb/players/sarah-mortensen-1.html,villanova,2020-21
13,103,15,2021-02-16,Villanova,,Butler,REG (Conf),W 98-74,*,26,6,7,.857,3,4,.750,3,3,1.000,1.071,1,2,.500,3,1,4,3,1,2,1,2,16,18.2,Sarah Mortensen,https://www.sports-reference.com/cbb/players/sarah-mortensen-1.html,villanova,2020-21
14,104,16,2021-02-19,Villanova,@,Marquette,REG (Conf),L 57-65,*,35,4,11,.364,1,4,.250,3,7,.429,.409,0,0,,4,2,6,2,0,0,1,4,9,5.1,Sarah Mortensen,https://www.sports-reference.com/cbb/players/sarah-mortensen-1.html,villanova,2020-21
15,105,17,2021-02-21,Villanova,@,Georgetown,REG (Conf),W 64-56,*,25,0,5,.000,0,2,.000,0,3,.000,.000,0,0,,1,3,4,2,0,1,2,2,0,-2.6,Sarah Mortensen,https://www.sports-reference.com/cbb/players/sarah-mortensen-1.html,villanova,2020-21
16,106,18,2021-02-24,Villanova,@,Providence,REG (Conf),W 63-58 (OT),*,20,2,4,.500,0,1,.000,2,3,.667,.500,0,0,,1,4,5,0,0,0,2,3,4,0.7,Sarah Mortensen,https://www.sports-reference.com/cbb/players/sarah-mortensen-1.html,villanova,2020-21
17,107,19,2021-02-27,Villanova,,Seton Hall,REG (Conf),L 55-67,*,35,3,7,.429,1,2,.500,2,5,.400,.500,4,4,1.000,1,8,9,0,2,0,3,4,11,7.8,Sarah Mortensen,https://www.sports-reference.com/cbb/players/sarah-mortensen-1.html,villanova,2020-21
18,108,20,2021-03-06,Villanova,@,DePaul,CTOURN,W 78-72 (OT),*,37,5,8,.625,3,4,.750,2,4,.500,.813,0,0,,1,2,3,1,1,1,1,4,13,10.5,Sarah Mortensen,https://www.sports-reference.com/cbb/players/sarah-mortensen-1.html,villanova,2020-21
19,109,21,2021-03-07,Villanova,@,Connecticut,CTOURN,L 39-84,*,33,6,15,.400,1,6,.167,5,9,.556,.433,2,2,1.000,4,1,5,1,1,1,4,3,15,7.2,Sarah Mortensen,https://www.sports-reference.com/cbb/players/sarah-mortensen-1.html,villanova,2020-21
20,110,22,2021-03-19,Villanova,,Massachusetts,WNIT,W 78-51,*,30,1,6,.167,1,3,.333,0,3,.000,.250,0,0,,0,7,7,1,2,0,4,3,3,-1.2,Sarah Mortensen,https://www.sports-reference.com/cbb/players/sarah-mortensen-1.html,villanova,2020-21
21,111,23,2021-03-20,Villanova,,Florida,WNIT,W 77-57,*,18,4,8,.500,1,2,.500,3,6,.500,.563,0,0,,0,3,3,0,1,0,1,2,9,5.1,Sarah Mortensen,https://www.sports-reference.com/cbb/players/sarah-mortensen-1.html,villanova,2020-21
22,112,24,2021-03-22,Villanova,@,Delaware,WNIT,L 70-77,*,27,5,8,.625,0,2,.000,5,6,.833,.625,2,2,1.000,1,0,1,2,1,1,0,1,12,11.8,Sarah Mortensen,https://www.sports-reference.com/cbb/players/sarah-mortensen-1.html,villanova,2020-21
