ranker,player_game_num_career,team_game_num_season,date,team_name_abbr,game_location,opp_name_abbr,game_type,game_result,is_starter,mp,fg,fga,fg_pct,fg3,fg3a,fg3_pct,fg2,fg2a,fg2_pct,efg_pct,ft,fta,ft_pct,orb,drb,trb,ast,stl,blk,tov,pf,pts,game_score,player_name,player_sr_link,school,season
1,1,1,2020-11-25,Villanova,,Rider,REG (Non-Conf),W 70-37,,2,0,1,.000,0,0,,0,1,.000,.000,0,0,,0,0,0,1,0,0,0,0,0,0.0,Taliyah Medina,https://www.sports-reference.com/cbb/players/taliyah-medina-1.html,villanova,2020-21
2,2,3,2020-12-04,Villanova,@,Temple,REG (Non-Conf),W 90-72,,6,0,1,.000,0,0,,0,1,.000,.000,0,0,,0,1,1,0,0,0,1,0,0,-1.4,Taliyah Medina,https://www.sports-reference.com/cbb/players/taliyah-medina-1.html,villanova,2020-21
3,3,5,2020-12-09,Villanova,,La Salle,REG (Non-Conf),W 78-52,,3,0,0,,0,0,,0,0,,,0,0,,0,0,0,0,0,0,0,0,0,0.0,Taliyah Medina,https://www.sports-reference.com/cbb/players/taliyah-medina-1.html,villanova,2020-21
4,4,8,2020-12-22,Villanova,,Connecticut,REG (Conf),L 52-90,,2,0,1,.000,0,0,,0,1,.000,.000,0,0,,0,0,0,0,0,0,0,0,0,-0.7,Taliyah Medina,https://www.sports-reference.com/cbb/players/taliyah-medina-1.html,villanova,2020-21
5,5,9,2021-01-04,Villanova,@,DePaul,REG (Conf),L 82-94,,18,1,3,.333,0,1,.000,1,2,.500,.333,1,2,.500,1,0,1,3,2,0,1,3,3,3.5,Taliyah Medina,https://www.sports-reference.com/cbb/players/taliyah-medina-1.html,villanova,2020-21
6,6,10,2021-01-06,Villanova,@,Seton Hall,REG (Conf),W 78-71,,20,5,10,.500,1,2,.500,4,8,.500,.550,0,0,,1,5,6,0,0,0,3,1,11,4.8,Taliyah Medina,https://www.sports-reference.com/cbb/players/taliyah-medina-1.html,villanova,2020-21
7,7,11,2021-01-25,Villanova,,St. John's (NY),REG (Conf),W 81-78 (OT),,8,0,1,.000,0,0,,0,1,.000,.000,0,0,,1,0,1,1,0,0,0,1,0,0.3,Taliyah Medina,https://www.sports-reference.com/cbb/players/taliyah-medina-1.html,villanova,2020-21
8,8,12,2021-01-27,Villanova,,Marquette,REG (Conf),L 77-95,,5,1,2,.500,1,1,1.000,0,1,.000,.750,0,0,,0,1,1,0,0,0,3,0,3,-0.7,Taliyah Medina,https://www.sports-reference.com/cbb/players/taliyah-medina-1.html,villanova,2020-21
9,9,13,2021-01-31,Villanova,@,Butler,REG (Conf),W 90-53,,13,2,6,.333,1,4,.250,1,2,.500,.417,2,2,1.000,1,1,2,1,0,0,0,1,7,4.9,Taliyah Medina,https://www.sports-reference.com/cbb/players/taliyah-medina-1.html,villanova,2020-21
10,10,14,2021-02-03,Villanova,,Providence,REG (Conf),W 67-53,,6,0,1,.000,0,1,.000,0,0,,.000,0,0,,0,1,1,0,0,0,1,0,0,-1.4,Taliyah Medina,https://www.sports-reference.com/cbb/players/taliyah-medina-1.html,villanova,2020-21
11,11,15,2021-02-16,Villanova,,Butler,REG (Conf),W 98-74,,13,2,6,.333,1,2,.500,1,4,.250,.417,2,2,1.000,2,2,4,1,2,0,1,1,7,6.9,Taliyah Medina,https://www.sports-reference.com/cbb/players/taliyah-medina-1.html,villanova,2020-21
12,12,17,2021-02-21,Villanova,@,Georgetown,REG (Conf),W 64-56,,19,1,2,.500,0,1,.000,1,1,1.000,.500,0,0,,0,0,0,2,3,0,1,3,2,3.2,Taliyah Medina,https://www.sports-reference.com/cbb/players/taliyah-medina-1.html,villanova,2020-21
13,13,18,2021-02-24,Villanova,@,Providence,REG (Conf),W 63-58 (OT),,4,0,1,.000,0,1,.000,0,0,,.000,0,0,,0,0,0,0,0,0,1,1,0,-2.1,Taliyah Medina,https://www.sports-reference.com/cbb/players/taliyah-medina-1.html,villanova,2020-21
14,14,19,2021-02-27,Villanova,,Seton Hall,REG (Conf),L 55-67,,2,0,1,.000,0,1,.000,0,0,,.000,0,0,,0,0,0,0,0,0,0,1,0,-1.1,Taliyah Medina,https://www.sports-reference.com/cbb/players/taliyah-medina-1.html,villanova,2020-21
15,15,20,2021-03-06,Villanova,@,DePaul,CTOURN,W 78-72 (OT),,3,0,0,,0,0,,0,0,,,0,0,,0,0,0,0,0,0,0,1,0,-0.4,Taliyah Medina,https://www.sports-reference.com/cbb/players/taliyah-medina-1.html,villanova,2020-21
16,16,21,2021-03-07,Villanova,@,Connecticut,CTOURN,L 39-84,,15,1,7,.143,1,6,.167,0,1,.000,.214,0,0,,0,2,2,0,0,0,2,0,3,-2.9,Taliyah Medina,https://www.sports-reference.com/cbb/players/taliyah-medina-1.html,villanova,2020-21
17,17,22,2021-03-19,Villanova,,Massachusetts,WNIT,W 78-51,,17,2,3,.667,1,2,.500,1,1,1.000,.833,3,3,1.000,1,3,4,2,1,0,1,0,8,9.7,Taliyah Medina,https://www.sports-reference.com/cbb/players/taliyah-medina-1.html,villanova,2020-21
18,18,23,2021-03-20,Villanova,,Florida,WNIT,W 77-57,,10,0,2,.000,0,0,,0,2,.000,.000,0,0,,0,0,0,1,1,0,0,0,0,0.3,Taliyah Medina,https://www.sports-reference.com/cbb/players/taliyah-medina-1.html,villanova,2020-21
19,19,24,2021-03-22,Villanova,@,Delaware,WNIT,L 70-77,,6,0,0,,0,0,,0,0,,,0,0,,1,1,2,0,0,0,0,0,0,1.0,Taliyah Medina,https://www.sports-reference.com/cbb/players/taliyah-medina-1.html,villanova,2020-21
