ranker,player_game_num_career,team_game_num_season,date,team_name_abbr,game_location,opp_name_abbr,game_type,game_result,is_starter,mp,fg,fga,fg_pct,fg3,fg3a,fg2,fg2a,fg2_pct,efg_pct,ft,fta,ft_pct,orb,drb,trb,ast,stl,blk,tov,pf,pts,game_score,player_name,player_sr_link,school,season
1,51,1,2018-11-06,San Jose State,,San Fran. St.,REG (Non-Conf),L 66-73,,15,1,1,1.000,0,0,1,1,1.000,1.000,0,0,,1,1,2,0,1,0,4,2,2,-1.1,Alexis Harris,https://www.sports-reference.com/cbb/players/alexis-harris-2.html,san-jose-state,2018-19
2,52,2,2018-11-09,San Jose State,@,San Francisco,REG (Non-Conf),L 63-85,,6,1,2,.500,0,0,1,2,.500,.500,1,2,.500,2,1,3,1,1,0,1,0,3,4.0,Alexis Harris,https://www.sports-reference.com/cbb/players/alexis-harris-2.html,san-jose-state,2018-19
3,53,3,2018-11-11,San Jose State,@,Portland State,REG (Non-Conf),L 51-80,,2,0,1,.000,0,0,0,1,.000,.000,0,2,.000,1,0,1,0,0,0,0,1,0,-1.2,Alexis Harris,https://www.sports-reference.com/cbb/players/alexis-harris-2.html,san-jose-state,2018-19
4,54,4,2018-11-24,San Jose State,,Cal State Bakersfield,REG (Non-Conf),W 82-72,,11,1,1,1.000,0,0,1,1,1.000,1.000,1,2,.500,1,1,2,0,0,0,2,2,3,0.5,Alexis Harris,https://www.sports-reference.com/cbb/players/alexis-harris-2.html,san-jose-state,2018-19
5,55,5,2018-11-29,San Jose State,,Pacific,REG (Non-Conf),L 67-91,,8,0,1,.000,0,0,0,1,.000,.000,1,2,.500,0,0,0,0,0,1,1,4,1,-2.0,Alexis Harris,https://www.sports-reference.com/cbb/players/alexis-harris-2.html,san-jose-state,2018-19
6,56,6,2018-12-02,San Jose State,,UC Irvine,REG (Non-Conf),L 66-74,,14,2,4,.500,0,0,2,4,.500,.500,1,2,.500,4,2,6,0,0,1,0,1,5,6.3,Alexis Harris,https://www.sports-reference.com/cbb/players/alexis-harris-2.html,san-jose-state,2018-19
7,57,7,2018-12-06,San Jose State,@,Colorado,REG (Non-Conf),L 64-76,,11,0,1,.000,0,0,0,1,.000,.000,0,0,,0,2,2,0,0,0,0,1,0,-0.5,Alexis Harris,https://www.sports-reference.com/cbb/players/alexis-harris-2.html,san-jose-state,2018-19
8,58,8,2018-12-08,San Jose State,@,Nebraska,REG (Non-Conf),L 63-96,,20,1,2,.500,0,0,1,2,.500,.500,0,0,,0,1,1,1,0,0,1,3,2,-0.2,Alexis Harris,https://www.sports-reference.com/cbb/players/alexis-harris-2.html,san-jose-state,2018-19
9,59,9,2018-12-15,San Jose State,,Santa Clara,REG (Non-Conf),L 56-62,,3,0,1,.000,0,0,0,1,.000,.000,0,0,,0,0,0,0,0,0,0,0,0,-0.7,Alexis Harris,https://www.sports-reference.com/cbb/players/alexis-harris-2.html,san-jose-state,2018-19
10,60,10,2018-12-19,San Jose State,@,Cal State Northridge,REG (Non-Conf),L 40-76,,3,0,0,,0,0,0,0,,,0,0,,0,0,0,0,0,0,0,0,0,0.0,Alexis Harris,https://www.sports-reference.com/cbb/players/alexis-harris-2.html,san-jose-state,2018-19
11,61,11,2018-12-21,San Jose State,@,San Diego,REG (Non-Conf),L 79-83,,4,0,0,,0,0,0,0,,,0,0,,0,0,0,0,1,0,1,0,0,0.0,Alexis Harris,https://www.sports-reference.com/cbb/players/alexis-harris-2.html,san-jose-state,2018-19
12,62,12,2019-01-02,San Jose State,@,Fresno State,REG (Conf),L 48-77,,3,0,0,,0,0,0,0,,,0,0,,1,0,1,0,0,0,0,0,0,0.7,Alexis Harris,https://www.sports-reference.com/cbb/players/alexis-harris-2.html,san-jose-state,2018-19
13,63,13,2019-01-09,San Jose State,,Nevada,REG (Conf),L 49-52,,17,0,1,.000,0,0,0,1,.000,.000,1,2,.500,2,1,3,1,1,1,0,3,1,2.8,Alexis Harris,https://www.sports-reference.com/cbb/players/alexis-harris-2.html,san-jose-state,2018-19
14,64,14,2019-01-12,San Jose State,@,Boise State,REG (Conf),L 68-99,,12,3,5,.600,0,0,3,5,.600,.600,0,0,,2,1,3,0,0,0,0,2,6,4.6,Alexis Harris,https://www.sports-reference.com/cbb/players/alexis-harris-2.html,san-jose-state,2018-19
15,65,15,2019-01-16,San Jose State,@,Utah State,REG (Conf),L 49-82,,17,1,2,.500,0,0,1,2,.500,.500,1,2,.500,3,1,4,0,1,3,1,3,3,4.9,Alexis Harris,https://www.sports-reference.com/cbb/players/alexis-harris-2.html,san-jose-state,2018-19
16,66,16,2019-01-19,San Jose State,,UNLV,REG (Conf),L 43-53,,13,1,1,1.000,0,0,1,1,1.000,1.000,0,2,.000,2,2,4,0,1,0,0,0,2,3.9,Alexis Harris,https://www.sports-reference.com/cbb/players/alexis-harris-2.html,san-jose-state,2018-19
17,67,17,2019-01-23,San Jose State,,Wyoming,REG (Conf),L 56-70,,11,1,1,1.000,0,0,1,1,1.000,1.000,0,0,,1,0,1,0,0,2,0,1,2,3.4,Alexis Harris,https://www.sports-reference.com/cbb/players/alexis-harris-2.html,san-jose-state,2018-19
18,68,18,2019-01-26,San Jose State,@,Air Force,REG (Conf),L 77-88,,16,2,3,.667,0,0,2,3,.667,.667,0,2,.000,1,1,2,1,1,2,0,1,4,5.6,Alexis Harris,https://www.sports-reference.com/cbb/players/alexis-harris-2.html,san-jose-state,2018-19
19,69,19,2019-01-30,San Jose State,,Utah State,REG (Conf),W 68-59,,7,0,0,,0,0,0,0,,,0,0,,0,1,1,0,0,1,1,2,0,-0.8,Alexis Harris,https://www.sports-reference.com/cbb/players/alexis-harris-2.html,san-jose-state,2018-19
20,70,20,2019-02-02,San Jose State,@,San Diego State,REG (Conf),L 68-69,,4,0,0,,0,0,0,0,,,0,0,,0,0,0,0,0,0,0,0,0,0.0,Alexis Harris,https://www.sports-reference.com/cbb/players/alexis-harris-2.html,san-jose-state,2018-19
21,71,21,2019-02-09,San Jose State,,Boise State,REG (Conf),L 69-83,,5,0,1,.000,0,0,0,1,.000,.000,0,0,,0,0,0,0,1,0,0,0,0,0.3,Alexis Harris,https://www.sports-reference.com/cbb/players/alexis-harris-2.html,san-jose-state,2018-19
22,72,22,2019-02-13,San Jose State,,New Mexico,REG (Conf),L 60-79,,5,1,1,1.000,0,0,1,1,1.000,1.000,0,0,,0,0,0,0,0,0,0,0,2,1.7,Alexis Harris,https://www.sports-reference.com/cbb/players/alexis-harris-2.html,san-jose-state,2018-19
23,73,23,2019-02-16,San Jose State,@,UNLV,REG (Conf),L 70-74,,11,2,3,.667,0,0,2,3,.667,.667,2,2,1.000,1,0,1,0,0,2,1,2,6,5.0,Alexis Harris,https://www.sports-reference.com/cbb/players/alexis-harris-2.html,san-jose-state,2018-19
24,74,24,2019-02-20,San Jose State,@,Colorado State,REG (Conf),W 78-70,,9,2,2,1.000,0,0,2,2,1.000,1.000,0,0,,4,0,4,0,0,0,1,0,4,5.2,Alexis Harris,https://www.sports-reference.com/cbb/players/alexis-harris-2.html,san-jose-state,2018-19
25,75,25,2019-02-23,San Jose State,,Air Force,REG (Conf),W 73-60,,8,1,1,1.000,0,0,1,1,1.000,1.000,3,4,.750,2,2,4,0,0,0,1,2,5,4.5,Alexis Harris,https://www.sports-reference.com/cbb/players/alexis-harris-2.html,san-jose-state,2018-19
26,76,26,2019-02-27,San Jose State,@,New Mexico,REG (Conf),L 72-110,,13,1,1,1.000,0,0,1,1,1.000,1.000,0,0,,0,2,2,0,1,1,0,3,2,2.8,Alexis Harris,https://www.sports-reference.com/cbb/players/alexis-harris-2.html,san-jose-state,2018-19
27,77,27,2019-03-02,San Jose State,,San Diego State,REG (Conf),W 84-76,,4,0,0,,0,0,0,0,,,0,0,,0,0,0,0,0,1,0,2,0,-0.1,Alexis Harris,https://www.sports-reference.com/cbb/players/alexis-harris-2.html,san-jose-state,2018-19
28,78,28,2019-03-04,San Jose State,@,Wyoming,REG (Conf),L 56-85,,9,0,1,.000,0,0,0,1,.000,.000,1,2,.500,1,1,2,1,0,1,0,0,1,2.3,Alexis Harris,https://www.sports-reference.com/cbb/players/alexis-harris-2.html,san-jose-state,2018-19
29,79,29,2019-03-07,San Jose State,,Fresno State,REG (Conf),W 65-57,,9,0,1,.000,0,0,0,1,.000,.000,0,0,,1,0,1,1,0,1,0,1,0,1.0,Alexis Harris,https://www.sports-reference.com/cbb/players/alexis-harris-2.html,san-jose-state,2018-19
30,80,30,2019-03-10,San Jose State,@,Nevada,CTOURN,L 68-78,,5,0,0,,0,0,0,0,,,0,0,,0,1,1,0,0,0,0,1,0,-0.1,Alexis Harris,https://www.sports-reference.com/cbb/players/alexis-harris-2.html,san-jose-state,2018-19
