ranker,player_game_num_career,team_game_num_season,date,team_name_abbr,game_location,opp_name_abbr,game_type,game_result,is_starter,mp,fg,fga,fg_pct,fg3,fg3a,fg3_pct,fg2,fg2a,fg2_pct,efg_pct,ft,fta,ft_pct,orb,drb,trb,ast,stl,blk,tov,pf,pts,game_score,player_name,player_sr_link,school,season
1,47,1,2018-11-06,San Jose State,,San Fran. St.,REG (Non-Conf),L 66-73,,22,2,10,.200,2,9,.222,0,1,.000,.300,0,0,,0,4,4,4,1,0,2,4,6,1.2,Analyss Benally,https://www.sports-reference.com/cbb/players/analyss-benally-1.html,san-jose-state,2018-19
2,48,2,2018-11-09,San Jose State,@,San Francisco,REG (Non-Conf),L 63-85,,15,4,8,.500,4,8,.500,0,0,,.750,2,3,.667,0,1,1,0,1,0,1,4,14,8.3,Analyss Benally,https://www.sports-reference.com/cbb/players/analyss-benally-1.html,san-jose-state,2018-19
3,49,3,2018-11-11,San Jose State,@,Portland State,REG (Non-Conf),L 51-80,,19,1,8,.125,1,7,.143,0,1,.000,.188,0,0,,1,4,5,0,1,0,2,1,3,-1.7,Analyss Benally,https://www.sports-reference.com/cbb/players/analyss-benally-1.html,san-jose-state,2018-19
4,50,4,2018-11-24,San Jose State,,Cal State Bakersfield,REG (Non-Conf),W 82-72,,13,2,4,.500,1,3,.333,1,1,1.000,.625,0,0,,0,2,2,0,0,0,1,1,5,2.2,Analyss Benally,https://www.sports-reference.com/cbb/players/analyss-benally-1.html,san-jose-state,2018-19
5,51,5,2018-11-29,San Jose State,,Pacific,REG (Non-Conf),L 67-91,,27,3,8,.375,3,6,.500,0,2,.000,.563,0,0,,1,1,2,1,0,0,0,0,9,6.3,Analyss Benally,https://www.sports-reference.com/cbb/players/analyss-benally-1.html,san-jose-state,2018-19
6,52,6,2018-12-02,San Jose State,,UC Irvine,REG (Non-Conf),L 66-74,,17,0,7,.000,0,6,.000,0,1,.000,.000,0,0,,0,0,0,0,0,0,2,0,0,-6.9,Analyss Benally,https://www.sports-reference.com/cbb/players/analyss-benally-1.html,san-jose-state,2018-19
7,53,7,2018-12-06,San Jose State,@,Colorado,REG (Non-Conf),L 64-76,,20,3,12,.250,3,11,.273,0,1,.000,.375,0,0,,0,0,0,1,0,1,1,1,9,1.8,Analyss Benally,https://www.sports-reference.com/cbb/players/analyss-benally-1.html,san-jose-state,2018-19
8,54,8,2018-12-08,San Jose State,@,Nebraska,REG (Non-Conf),L 63-96,,15,5,9,.556,4,7,.571,1,2,.500,.778,0,0,,0,0,0,1,0,1,0,0,14,11.1,Analyss Benally,https://www.sports-reference.com/cbb/players/analyss-benally-1.html,san-jose-state,2018-19
9,55,9,2018-12-15,San Jose State,,Santa Clara,REG (Non-Conf),L 56-62,,19,4,9,.444,1,6,.167,3,3,1.000,.500,0,0,,1,0,1,1,0,0,2,0,9,3.7,Analyss Benally,https://www.sports-reference.com/cbb/players/analyss-benally-1.html,san-jose-state,2018-19
10,56,10,2018-12-19,San Jose State,@,Cal State Northridge,REG (Non-Conf),L 40-76,*,22,3,10,.300,3,10,.300,0,0,,.450,2,2,1.000,1,1,2,0,0,0,0,1,11,5.8,Analyss Benally,https://www.sports-reference.com/cbb/players/analyss-benally-1.html,san-jose-state,2018-19
11,57,11,2018-12-21,San Jose State,@,San Diego,REG (Non-Conf),L 79-83,,19,2,6,.333,2,5,.400,0,1,.000,.500,0,0,,0,1,1,0,0,0,0,3,6,1.7,Analyss Benally,https://www.sports-reference.com/cbb/players/analyss-benally-1.html,san-jose-state,2018-19
12,58,12,2019-01-02,San Jose State,@,Fresno State,REG (Conf),L 48-77,,23,1,9,.111,0,5,.000,1,4,.250,.111,0,0,,0,0,0,1,0,0,0,2,2,-4.0,Analyss Benally,https://www.sports-reference.com/cbb/players/analyss-benally-1.html,san-jose-state,2018-19
13,59,13,2019-01-09,San Jose State,,Nevada,REG (Conf),L 49-52,,16,1,6,.167,0,4,.000,1,2,.500,.167,0,0,,2,1,3,0,0,0,2,2,2,-2.9,Analyss Benally,https://www.sports-reference.com/cbb/players/analyss-benally-1.html,san-jose-state,2018-19
14,60,14,2019-01-12,San Jose State,@,Boise State,REG (Conf),L 68-99,,18,2,7,.286,1,6,.167,1,1,1.000,.357,0,0,,0,0,0,1,0,0,2,0,5,-0.4,Analyss Benally,https://www.sports-reference.com/cbb/players/analyss-benally-1.html,san-jose-state,2018-19
15,61,15,2019-01-16,San Jose State,@,Utah State,REG (Conf),L 49-82,,18,1,5,.200,1,4,.250,0,1,.000,.300,0,0,,0,1,1,1,0,0,0,0,3,0.9,Analyss Benally,https://www.sports-reference.com/cbb/players/analyss-benally-1.html,san-jose-state,2018-19
16,62,16,2019-01-19,San Jose State,,UNLV,REG (Conf),L 43-53,,19,3,8,.375,3,7,.429,0,1,.000,.563,0,0,,0,3,3,3,1,0,2,3,9,5.4,Analyss Benally,https://www.sports-reference.com/cbb/players/analyss-benally-1.html,san-jose-state,2018-19
17,63,17,2019-01-23,San Jose State,,Wyoming,REG (Conf),L 56-70,,20,1,2,.500,1,1,1.000,0,1,.000,.750,3,4,.750,0,0,0,1,0,0,1,2,6,3.5,Analyss Benally,https://www.sports-reference.com/cbb/players/analyss-benally-1.html,san-jose-state,2018-19
18,64,18,2019-01-26,San Jose State,@,Air Force,REG (Conf),L 77-88,,21,4,8,.500,3,5,.600,1,3,.333,.688,0,0,,0,2,2,0,0,1,1,2,11,6.5,Analyss Benally,https://www.sports-reference.com/cbb/players/analyss-benally-1.html,san-jose-state,2018-19
19,65,19,2019-01-30,San Jose State,,Utah State,REG (Conf),W 68-59,,19,2,5,.400,1,3,.333,1,2,.500,.500,2,2,1.000,0,1,1,0,1,0,1,1,7,4.2,Analyss Benally,https://www.sports-reference.com/cbb/players/analyss-benally-1.html,san-jose-state,2018-19
20,66,20,2019-02-02,San Jose State,@,San Diego State,REG (Conf),L 68-69,,26,5,9,.556,4,8,.500,1,1,1.000,.778,0,0,,1,3,4,1,0,0,0,3,14,10.8,Analyss Benally,https://www.sports-reference.com/cbb/players/analyss-benally-1.html,san-jose-state,2018-19
21,67,21,2019-02-09,San Jose State,,Boise State,REG (Conf),L 69-83,,25,4,9,.444,4,7,.571,0,2,.000,.667,5,5,1.000,0,2,2,0,1,1,2,1,17,12.2,Analyss Benally,https://www.sports-reference.com/cbb/players/analyss-benally-1.html,san-jose-state,2018-19
22,68,22,2019-02-13,San Jose State,,New Mexico,REG (Conf),L 60-79,*,31,2,11,.182,0,6,.000,2,5,.400,.182,2,3,.667,1,1,2,3,3,0,2,2,6,2.0,Analyss Benally,https://www.sports-reference.com/cbb/players/analyss-benally-1.html,san-jose-state,2018-19
23,69,23,2019-02-16,San Jose State,@,UNLV,REG (Conf),L 70-74,*,20,1,5,.200,0,3,.000,1,2,.500,.200,1,2,.500,0,1,1,2,0,0,2,1,3,-1.2,Analyss Benally,https://www.sports-reference.com/cbb/players/analyss-benally-1.html,san-jose-state,2018-19
24,70,24,2019-02-20,San Jose State,@,Colorado State,REG (Conf),W 78-70,*,31,4,10,.400,3,7,.429,1,3,.333,.550,1,2,.500,0,3,3,3,0,0,2,0,12,7.2,Analyss Benally,https://www.sports-reference.com/cbb/players/analyss-benally-1.html,san-jose-state,2018-19
25,71,25,2019-02-23,San Jose State,,Air Force,REG (Conf),W 73-60,*,26,5,12,.417,1,3,.333,4,9,.444,.458,0,0,,1,0,1,1,1,1,2,3,11,4.5,Analyss Benally,https://www.sports-reference.com/cbb/players/analyss-benally-1.html,san-jose-state,2018-19
26,72,26,2019-02-27,San Jose State,@,New Mexico,REG (Conf),L 72-110,*,32,3,10,.300,1,6,.167,2,4,.500,.350,2,2,1.000,1,1,2,1,1,0,3,2,9,2.1,Analyss Benally,https://www.sports-reference.com/cbb/players/analyss-benally-1.html,san-jose-state,2018-19
27,73,27,2019-03-02,San Jose State,,San Diego State,REG (Conf),W 84-76,*,32,10,17,.588,7,12,.583,3,5,.600,.794,4,4,1.000,1,3,4,0,0,0,1,0,31,23.7,Analyss Benally,https://www.sports-reference.com/cbb/players/analyss-benally-1.html,san-jose-state,2018-19
28,74,28,2019-03-04,San Jose State,@,Wyoming,REG (Conf),L 56-85,*,30,1,5,.200,1,4,.250,0,1,.000,.300,0,0,,0,0,0,0,0,0,3,1,3,-3.5,Analyss Benally,https://www.sports-reference.com/cbb/players/analyss-benally-1.html,san-jose-state,2018-19
29,75,29,2019-03-07,San Jose State,,Fresno State,REG (Conf),W 65-57,*,29,2,9,.222,1,6,.167,1,3,.333,.278,1,1,1.000,0,1,1,2,0,1,0,1,6,2.5,Analyss Benally,https://www.sports-reference.com/cbb/players/analyss-benally-1.html,san-jose-state,2018-19
30,76,30,2019-03-10,San Jose State,@,Nevada,CTOURN,L 68-78,*,31,2,5,.400,1,3,.333,1,2,.500,.500,0,0,,0,1,1,2,2,0,2,4,5,2.4,Analyss Benally,https://www.sports-reference.com/cbb/players/analyss-benally-1.html,san-jose-state,2018-19
