ranker,player_game_num_career,team_game_num_season,date,team_name_abbr,game_location,opp_name_abbr,game_type,game_result,is_starter,mp,fg,fga,fg_pct,fg3,fg3a,fg3_pct,fg2,fg2a,fg2_pct,efg_pct,ft,fta,ft_pct,orb,drb,trb,ast,stl,blk,tov,pf,pts,game_score,player_name,player_sr_link,school,season
1,62,1,2018-11-06,San Jose State,,San Fran. St.,REG (Non-Conf),L 66-73,,10,0,5,.000,0,4,.000,0,1,.000,.000,0,0,,1,1,2,0,0,0,0,1,0,-2.9,Andrea Kohlhaas,https://www.sports-reference.com/cbb/players/andrea-kohlhaas-1.html,san-jose-state,2018-19
2,63,2,2018-11-09,San Jose State,@,San Francisco,REG (Non-Conf),L 63-85,,28,1,5,.200,1,5,.200,0,0,,.300,0,0,,1,2,3,1,2,0,3,1,3,0.5,Andrea Kohlhaas,https://www.sports-reference.com/cbb/players/andrea-kohlhaas-1.html,san-jose-state,2018-19
3,64,3,2018-11-11,San Jose State,@,Portland State,REG (Non-Conf),L 51-80,,16,0,2,.000,0,1,.000,0,1,.000,.000,1,2,.500,2,2,4,0,1,0,2,3,1,-1.0,Andrea Kohlhaas,https://www.sports-reference.com/cbb/players/andrea-kohlhaas-1.html,san-jose-state,2018-19
4,65,4,2018-11-24,San Jose State,,Cal State Bakersfield,REG (Non-Conf),W 82-72,,9,2,2,1.000,2,2,1.000,0,0,,1.500,0,0,,0,1,1,0,0,0,0,1,6,5.3,Andrea Kohlhaas,https://www.sports-reference.com/cbb/players/andrea-kohlhaas-1.html,san-jose-state,2018-19
5,66,5,2018-11-29,San Jose State,,Pacific,REG (Non-Conf),L 67-91,,7,1,1,1.000,0,0,,1,1,1.000,1.000,0,0,,1,0,1,0,0,0,0,1,2,2.0,Andrea Kohlhaas,https://www.sports-reference.com/cbb/players/andrea-kohlhaas-1.html,san-jose-state,2018-19
6,67,6,2018-12-02,San Jose State,,UC Irvine,REG (Non-Conf),L 66-74,,7,0,0,,0,0,,0,0,,,0,0,,0,4,4,0,0,0,0,1,0,0.8,Andrea Kohlhaas,https://www.sports-reference.com/cbb/players/andrea-kohlhaas-1.html,san-jose-state,2018-19
7,68,7,2018-12-06,San Jose State,@,Colorado,REG (Non-Conf),L 64-76,,18,1,6,.167,1,3,.333,0,3,.000,.250,0,0,,0,1,1,0,2,0,0,1,3,1.1,Andrea Kohlhaas,https://www.sports-reference.com/cbb/players/andrea-kohlhaas-1.html,san-jose-state,2018-19
8,69,8,2018-12-08,San Jose State,@,Nebraska,REG (Non-Conf),L 63-96,,8,1,1,1.000,1,1,1.000,0,0,,1.500,0,0,,0,1,1,0,0,0,0,0,3,3.0,Andrea Kohlhaas,https://www.sports-reference.com/cbb/players/andrea-kohlhaas-1.html,san-jose-state,2018-19
9,70,9,2018-12-15,San Jose State,,Santa Clara,REG (Non-Conf),L 56-62,,9,0,3,.000,0,1,.000,0,2,.000,.000,0,0,,1,1,2,0,0,0,1,0,0,-2.1,Andrea Kohlhaas,https://www.sports-reference.com/cbb/players/andrea-kohlhaas-1.html,san-jose-state,2018-19
10,71,10,2018-12-19,San Jose State,@,Cal State Northridge,REG (Non-Conf),L 40-76,,10,0,1,.000,0,0,,0,1,.000,.000,0,0,,0,2,2,0,0,0,0,0,0,-0.1,Andrea Kohlhaas,https://www.sports-reference.com/cbb/players/andrea-kohlhaas-1.html,san-jose-state,2018-19
11,72,11,2018-12-21,San Jose State,@,San Diego,REG (Non-Conf),L 79-83,,17,3,8,.375,3,8,.375,0,0,,.563,0,0,,0,0,0,1,1,0,1,1,9,4.9,Andrea Kohlhaas,https://www.sports-reference.com/cbb/players/andrea-kohlhaas-1.html,san-jose-state,2018-19
12,73,12,2019-01-02,San Jose State,@,Fresno State,REG (Conf),L 48-77,,10,2,2,1.000,2,2,1.000,0,0,,1.500,0,0,,0,0,0,0,0,0,0,3,6,4.2,Andrea Kohlhaas,https://www.sports-reference.com/cbb/players/andrea-kohlhaas-1.html,san-jose-state,2018-19
13,74,13,2019-01-09,San Jose State,,Nevada,REG (Conf),L 49-52,*,16,0,3,.000,0,3,.000,0,0,,.000,0,0,,0,1,1,0,0,0,1,1,0,-3.2,Andrea Kohlhaas,https://www.sports-reference.com/cbb/players/andrea-kohlhaas-1.html,san-jose-state,2018-19
14,75,14,2019-01-12,San Jose State,@,Boise State,REG (Conf),L 68-99,*,17,0,3,.000,0,2,.000,0,1,.000,.000,0,0,,0,1,1,0,1,0,1,3,0,-3.0,Andrea Kohlhaas,https://www.sports-reference.com/cbb/players/andrea-kohlhaas-1.html,san-jose-state,2018-19
15,76,15,2019-01-16,San Jose State,@,Utah State,REG (Conf),L 49-82,*,16,2,5,.400,1,4,.250,1,1,1.000,.500,0,0,,0,5,5,0,0,0,1,1,5,2.4,Andrea Kohlhaas,https://www.sports-reference.com/cbb/players/andrea-kohlhaas-1.html,san-jose-state,2018-19
16,77,16,2019-01-19,San Jose State,,UNLV,REG (Conf),L 43-53,*,20,2,6,.333,2,6,.333,0,0,,.500,0,0,,0,0,0,0,0,0,1,3,6,0.4,Andrea Kohlhaas,https://www.sports-reference.com/cbb/players/andrea-kohlhaas-1.html,san-jose-state,2018-19
17,78,17,2019-01-23,San Jose State,,Wyoming,REG (Conf),L 56-70,,7,0,0,,0,0,,0,0,,,0,0,,0,3,3,0,0,0,0,3,0,-0.3,Andrea Kohlhaas,https://www.sports-reference.com/cbb/players/andrea-kohlhaas-1.html,san-jose-state,2018-19
18,79,18,2019-01-26,San Jose State,@,Air Force,REG (Conf),L 77-88,,22,0,3,.000,0,2,.000,0,1,.000,.000,0,0,,0,3,3,1,2,0,1,2,0,-0.3,Andrea Kohlhaas,https://www.sports-reference.com/cbb/players/andrea-kohlhaas-1.html,san-jose-state,2018-19
19,80,19,2019-01-30,San Jose State,,Utah State,REG (Conf),W 68-59,,11,0,3,.000,0,3,.000,0,0,,.000,0,0,,0,2,2,2,0,0,0,0,0,-0.1,Andrea Kohlhaas,https://www.sports-reference.com/cbb/players/andrea-kohlhaas-1.html,san-jose-state,2018-19
20,81,20,2019-02-02,San Jose State,@,San Diego State,REG (Conf),L 68-69,,12,1,3,.333,1,3,.333,0,0,,.500,0,0,,0,3,3,0,0,0,0,1,3,1.8,Andrea Kohlhaas,https://www.sports-reference.com/cbb/players/andrea-kohlhaas-1.html,san-jose-state,2018-19
21,82,21,2019-02-09,San Jose State,,Boise State,REG (Conf),L 69-83,,5,1,2,.500,1,1,1.000,0,1,.000,.750,0,0,,0,0,0,1,0,0,2,0,3,0.7,Andrea Kohlhaas,https://www.sports-reference.com/cbb/players/andrea-kohlhaas-1.html,san-jose-state,2018-19
22,83,22,2019-02-13,San Jose State,,New Mexico,REG (Conf),L 60-79,,5,1,2,.500,1,2,.500,0,0,,.750,0,0,,0,1,1,0,0,0,1,1,3,0.9,Andrea Kohlhaas,https://www.sports-reference.com/cbb/players/andrea-kohlhaas-1.html,san-jose-state,2018-19
23,84,23,2019-02-16,San Jose State,@,UNLV,REG (Conf),L 70-74,,3,0,0,,0,0,,0,0,,,0,0,,0,0,0,1,0,0,1,1,0,-0.7,Andrea Kohlhaas,https://www.sports-reference.com/cbb/players/andrea-kohlhaas-1.html,san-jose-state,2018-19
24,85,24,2019-02-20,San Jose State,@,Colorado State,REG (Conf),W 78-70,,10,1,3,.333,0,1,.000,1,2,.500,.333,0,0,,0,3,3,0,0,0,0,0,2,1.2,Andrea Kohlhaas,https://www.sports-reference.com/cbb/players/andrea-kohlhaas-1.html,san-jose-state,2018-19
25,86,25,2019-02-23,San Jose State,,Air Force,REG (Conf),W 73-60,,6,0,2,.000,0,2,.000,0,0,,.000,0,0,,0,0,0,0,1,0,0,0,0,-0.4,Andrea Kohlhaas,https://www.sports-reference.com/cbb/players/andrea-kohlhaas-1.html,san-jose-state,2018-19
26,87,26,2019-02-27,San Jose State,@,New Mexico,REG (Conf),L 72-110,,3,0,1,.000,0,1,.000,0,0,,.000,0,0,,0,0,0,0,0,1,2,0,0,-2.0,Andrea Kohlhaas,https://www.sports-reference.com/cbb/players/andrea-kohlhaas-1.html,san-jose-state,2018-19
27,88,27,2019-03-02,San Jose State,,San Diego State,REG (Conf),W 84-76,,5,0,0,,0,0,,0,0,,,0,0,,1,1,2,1,0,0,0,1,0,1.3,Andrea Kohlhaas,https://www.sports-reference.com/cbb/players/andrea-kohlhaas-1.html,san-jose-state,2018-19
28,89,28,2019-03-04,San Jose State,@,Wyoming,REG (Conf),L 56-85,,14,1,3,.333,1,3,.333,0,0,,.500,0,0,,0,1,1,0,1,0,0,2,3,1.8,Andrea Kohlhaas,https://www.sports-reference.com/cbb/players/andrea-kohlhaas-1.html,san-jose-state,2018-19
29,90,29,2019-03-07,San Jose State,,Fresno State,REG (Conf),W 65-57,,11,2,5,.400,0,2,.000,2,3,.667,.400,0,0,,0,1,1,0,0,0,3,0,4,-1.4,Andrea Kohlhaas,https://www.sports-reference.com/cbb/players/andrea-kohlhaas-1.html,san-jose-state,2018-19
30,91,30,2019-03-10,San Jose State,@,Nevada,CTOURN,L 68-78,,6,0,0,,0,0,,0,0,,,0,0,,0,0,0,0,0,2,1,2,0,-0.4,Andrea Kohlhaas,https://www.sports-reference.com/cbb/players/andrea-kohlhaas-1.html,san-jose-state,2018-19
