ranker,player_game_num_career,team_game_num_season,date,team_name_abbr,game_location,opp_name_abbr,game_type,game_result,is_starter,mp,fg,fga,fg_pct,fg3,fg3a,fg3_pct,fg2,fg2a,fg2_pct,efg_pct,ft,fta,ft_pct,orb,drb,trb,ast,stl,blk,tov,pf,pts,game_score,player_name,player_sr_link,school,season
1,31,1,2018-11-06,San Jose State,,San Fran. St.,REG (Non-Conf),L 66-73,*,25,3,3,1.000,1,1,1.000,2,2,1.000,1.167,4,4,1.000,6,1,7,2,0,0,5,5,11,9.0,Danae Marquez,https://www.sports-reference.com/cbb/players/danae-marquez-1.html,san-jose-state,2018-19
2,32,2,2018-11-09,San Jose State,@,San Francisco,REG (Non-Conf),L 63-85,*,34,1,6,.167,1,5,.200,0,1,.000,.250,0,0,,0,2,2,5,1,0,3,3,3,0.1,Danae Marquez,https://www.sports-reference.com/cbb/players/danae-marquez-1.html,san-jose-state,2018-19
3,33,3,2018-11-11,San Jose State,@,Portland State,REG (Non-Conf),L 51-80,*,30,0,5,.000,0,1,.000,0,4,.000,.000,0,0,,1,3,4,5,3,0,3,2,0,0.8,Danae Marquez,https://www.sports-reference.com/cbb/players/danae-marquez-1.html,san-jose-state,2018-19
4,34,4,2018-11-24,San Jose State,,Cal State Bakersfield,REG (Non-Conf),W 82-72,*,32,4,8,.500,3,5,.600,1,3,.333,.688,0,0,,1,7,8,8,2,0,7,0,11,10.4,Danae Marquez,https://www.sports-reference.com/cbb/players/danae-marquez-1.html,san-jose-state,2018-19
5,35,5,2018-11-29,San Jose State,,Pacific,REG (Non-Conf),L 67-91,*,30,3,7,.429,0,1,.000,3,6,.500,.429,2,2,1.000,0,2,2,6,3,0,3,0,8,9.1,Danae Marquez,https://www.sports-reference.com/cbb/players/danae-marquez-1.html,san-jose-state,2018-19
6,36,6,2018-12-02,San Jose State,,UC Irvine,REG (Non-Conf),L 66-74,*,33,4,10,.400,2,7,.286,2,3,.667,.500,3,3,1.000,0,2,2,4,1,0,4,4,13,6.4,Danae Marquez,https://www.sports-reference.com/cbb/players/danae-marquez-1.html,san-jose-state,2018-19
7,37,7,2018-12-06,San Jose State,@,Colorado,REG (Non-Conf),L 64-76,*,33,3,10,.300,1,6,.167,2,4,.500,.350,1,1,1.000,0,8,8,6,0,0,5,2,8,3.0,Danae Marquez,https://www.sports-reference.com/cbb/players/danae-marquez-1.html,san-jose-state,2018-19
8,38,8,2018-12-08,San Jose State,@,Nebraska,REG (Non-Conf),L 63-96,*,31,2,6,.333,1,4,.250,1,2,.500,.417,0,0,,0,3,3,2,1,0,2,2,5,2.1,Danae Marquez,https://www.sports-reference.com/cbb/players/danae-marquez-1.html,san-jose-state,2018-19
9,39,9,2018-12-15,San Jose State,,Santa Clara,REG (Non-Conf),L 56-62,*,34,0,4,.000,0,2,.000,0,2,.000,.000,2,2,1.000,0,4,4,6,3,0,5,2,2,1.8,Danae Marquez,https://www.sports-reference.com/cbb/players/danae-marquez-1.html,san-jose-state,2018-19
10,40,10,2018-12-19,San Jose State,@,Cal State Northridge,REG (Non-Conf),L 40-76,,22,1,6,.167,0,5,.000,1,1,1.000,.167,0,0,,0,3,3,2,4,0,3,2,2,0.7,Danae Marquez,https://www.sports-reference.com/cbb/players/danae-marquez-1.html,san-jose-state,2018-19
11,41,11,2018-12-21,San Jose State,@,San Diego,REG (Non-Conf),L 79-83,*,30,5,9,.556,2,3,.667,3,6,.500,.667,0,0,,0,4,4,7,2,0,3,2,12,12.0,Danae Marquez,https://www.sports-reference.com/cbb/players/danae-marquez-1.html,san-jose-state,2018-19
12,42,12,2019-01-02,San Jose State,@,Fresno State,REG (Conf),L 48-77,*,31,2,12,.167,1,7,.143,1,5,.200,.208,2,2,1.000,0,2,2,1,2,0,2,2,7,-0.1,Danae Marquez,https://www.sports-reference.com/cbb/players/danae-marquez-1.html,san-jose-state,2018-19
13,43,13,2019-01-09,San Jose State,,Nevada,REG (Conf),L 49-52,*,31,3,12,.250,1,4,.250,2,8,.250,.292,1,1,1.000,0,2,2,3,2,0,3,1,8,2.1,Danae Marquez,https://www.sports-reference.com/cbb/players/danae-marquez-1.html,san-jose-state,2018-19
14,44,14,2019-01-12,San Jose State,@,Boise State,REG (Conf),L 68-99,*,8,0,2,.000,0,1,.000,0,1,.000,.000,0,0,,0,1,1,0,0,0,1,1,0,-2.5,Danae Marquez,https://www.sports-reference.com/cbb/players/danae-marquez-1.html,san-jose-state,2018-19
15,45,16,2019-01-19,San Jose State,,UNLV,REG (Conf),L 43-53,,16,0,0,,0,0,,0,0,,,0,0,,1,0,1,5,0,1,2,2,0,2.1,Danae Marquez,https://www.sports-reference.com/cbb/players/danae-marquez-1.html,san-jose-state,2018-19
16,46,17,2019-01-23,San Jose State,,Wyoming,REG (Conf),L 56-70,*,25,1,2,.500,1,1,1.000,0,1,.000,.750,0,0,,0,0,0,3,1,0,3,1,3,1.7,Danae Marquez,https://www.sports-reference.com/cbb/players/danae-marquez-1.html,san-jose-state,2018-19
17,47,18,2019-01-26,San Jose State,@,Air Force,REG (Conf),L 77-88,*,28,4,7,.571,2,2,1.000,2,5,.400,.714,0,0,,1,1,2,3,1,0,4,5,10,4.8,Danae Marquez,https://www.sports-reference.com/cbb/players/danae-marquez-1.html,san-jose-state,2018-19
18,48,19,2019-01-30,San Jose State,,Utah State,REG (Conf),W 68-59,*,35,6,17,.353,3,11,.273,3,6,.500,.441,6,6,1.000,2,0,2,5,2,0,2,1,21,16.0,Danae Marquez,https://www.sports-reference.com/cbb/players/danae-marquez-1.html,san-jose-state,2018-19
19,49,20,2019-02-02,San Jose State,@,San Diego State,REG (Conf),L 68-69,*,31,1,9,.111,1,8,.125,0,1,.000,.167,0,0,,0,1,1,5,4,0,2,1,3,2.5,Danae Marquez,https://www.sports-reference.com/cbb/players/danae-marquez-1.html,san-jose-state,2018-19
20,50,21,2019-02-09,San Jose State,,Boise State,REG (Conf),L 69-83,*,26,4,12,.333,1,5,.200,3,7,.429,.375,0,0,,1,1,2,4,0,0,8,2,9,-2.8,Danae Marquez,https://www.sports-reference.com/cbb/players/danae-marquez-1.html,san-jose-state,2018-19
21,51,22,2019-02-13,San Jose State,,New Mexico,REG (Conf),L 60-79,*,24,4,10,.400,2,6,.333,2,4,.500,.500,0,0,,0,2,2,4,0,0,3,3,10,3.8,Danae Marquez,https://www.sports-reference.com/cbb/players/danae-marquez-1.html,san-jose-state,2018-19
22,52,23,2019-02-16,San Jose State,@,UNLV,REG (Conf),L 70-74,,22,3,8,.375,2,3,.667,1,5,.200,.500,2,3,.667,2,3,5,4,1,1,2,4,10,8.4,Danae Marquez,https://www.sports-reference.com/cbb/players/danae-marquez-1.html,san-jose-state,2018-19
23,53,24,2019-02-20,San Jose State,@,Colorado State,REG (Conf),W 78-70,*,33,5,10,.500,5,7,.714,0,3,.000,.750,2,2,1.000,1,4,5,4,0,0,1,1,17,15.3,Danae Marquez,https://www.sports-reference.com/cbb/players/danae-marquez-1.html,san-jose-state,2018-19
24,54,25,2019-02-23,San Jose State,,Air Force,REG (Conf),W 73-60,*,31,5,11,.455,1,4,.250,4,7,.571,.500,1,1,1.000,0,2,2,8,5,0,1,1,12,16.1,Danae Marquez,https://www.sports-reference.com/cbb/players/danae-marquez-1.html,san-jose-state,2018-19
25,55,26,2019-02-27,San Jose State,@,New Mexico,REG (Conf),L 72-110,*,29,3,11,.273,2,8,.250,1,3,.333,.364,0,0,,0,3,3,9,1,0,5,0,8,4.7,Danae Marquez,https://www.sports-reference.com/cbb/players/danae-marquez-1.html,san-jose-state,2018-19
26,56,27,2019-03-02,San Jose State,,San Diego State,REG (Conf),W 84-76,*,33,3,8,.375,1,4,.250,2,4,.500,.438,2,4,.500,0,3,3,15,2,0,2,2,9,14.4,Danae Marquez,https://www.sports-reference.com/cbb/players/danae-marquez-1.html,san-jose-state,2018-19
27,57,28,2019-03-04,San Jose State,@,Wyoming,REG (Conf),L 56-85,*,27,4,11,.364,1,5,.200,3,6,.500,.409,0,2,.000,0,3,3,3,3,0,1,1,9,6.7,Danae Marquez,https://www.sports-reference.com/cbb/players/danae-marquez-1.html,san-jose-state,2018-19
28,58,29,2019-03-07,San Jose State,,Fresno State,REG (Conf),W 65-57,*,30,6,11,.545,4,5,.800,2,6,.333,.727,5,8,.625,0,8,8,3,5,0,3,1,21,20.6,Danae Marquez,https://www.sports-reference.com/cbb/players/danae-marquez-1.html,san-jose-state,2018-19
29,59,30,2019-03-10,San Jose State,@,Nevada,CTOURN,L 68-78,*,32,7,15,.467,5,11,.455,2,4,.500,.633,0,0,,0,2,2,5,4,0,2,4,19,15.8,Danae Marquez,https://www.sports-reference.com/cbb/players/danae-marquez-1.html,san-jose-state,2018-19
