ranker,player_game_num_career,team_game_num_season,date,team_name_abbr,game_location,opp_name_abbr,game_type,game_result,is_starter,mp,fg,fga,fg_pct,fg3,fg3a,fg3_pct,fg2,fg2a,fg2_pct,efg_pct,ft,fta,ft_pct,orb,drb,trb,ast,stl,blk,tov,pf,pts,game_score,player_name,player_sr_link,school,season
1,61,1,2018-11-06,San Jose State,,San Fran. St.,REG (Non-Conf),L 66-73,*,30,3,13,.231,2,6,.333,1,7,.143,.308,0,0,,3,2,5,4,5,0,3,2,8,6.8,Fieme'a Hafoka,https://www.sports-reference.com/cbb/players/fiemea-hafoka-1.html,san-jose-state,2018-19
2,62,2,2018-11-09,San Jose State,@,San Francisco,REG (Non-Conf),L 63-85,*,27,2,8,.250,0,4,.000,2,4,.500,.250,2,2,1.000,3,0,3,1,4,0,2,0,6,6.0,Fieme'a Hafoka,https://www.sports-reference.com/cbb/players/fiemea-hafoka-1.html,san-jose-state,2018-19
3,63,3,2018-11-11,San Jose State,@,Portland State,REG (Non-Conf),L 51-80,*,22,3,11,.273,3,6,.500,0,5,.000,.409,0,0,,1,3,4,0,3,0,4,0,9,3.1,Fieme'a Hafoka,https://www.sports-reference.com/cbb/players/fiemea-hafoka-1.html,san-jose-state,2018-19
4,64,4,2018-11-24,San Jose State,,Cal State Bakersfield,REG (Non-Conf),W 82-72,*,33,6,8,.750,2,3,.667,4,5,.800,.875,0,0,,1,1,2,4,1,0,2,1,14,13.2,Fieme'a Hafoka,https://www.sports-reference.com/cbb/players/fiemea-hafoka-1.html,san-jose-state,2018-19
5,65,5,2018-11-29,San Jose State,,Pacific,REG (Non-Conf),L 67-91,*,35,7,13,.538,2,6,.333,5,7,.714,.615,1,1,1.000,0,2,2,2,2,0,3,1,17,11.3,Fieme'a Hafoka,https://www.sports-reference.com/cbb/players/fiemea-hafoka-1.html,san-jose-state,2018-19
6,66,6,2018-12-02,San Jose State,,UC Irvine,REG (Non-Conf),L 66-74,*,34,5,10,.500,3,4,.750,2,6,.333,.650,2,4,.500,3,1,4,3,1,0,2,4,15,11.1,Fieme'a Hafoka,https://www.sports-reference.com/cbb/players/fiemea-hafoka-1.html,san-jose-state,2018-19
7,67,7,2018-12-06,San Jose State,@,Colorado,REG (Non-Conf),L 64-76,*,27,3,8,.375,0,3,.000,3,5,.600,.375,0,0,,2,1,3,3,1,0,2,1,6,4.0,Fieme'a Hafoka,https://www.sports-reference.com/cbb/players/fiemea-hafoka-1.html,san-jose-state,2018-19
8,68,8,2018-12-08,San Jose State,@,Nebraska,REG (Non-Conf),L 63-96,*,25,1,9,.111,0,4,.000,1,5,.200,.111,0,0,,0,2,2,4,0,0,2,1,2,-2.9,Fieme'a Hafoka,https://www.sports-reference.com/cbb/players/fiemea-hafoka-1.html,san-jose-state,2018-19
9,69,9,2018-12-15,San Jose State,,Santa Clara,REG (Non-Conf),L 56-62,*,32,8,11,.727,1,1,1.000,7,10,.700,.773,0,0,,1,3,4,6,2,0,0,1,17,19.9,Fieme'a Hafoka,https://www.sports-reference.com/cbb/players/fiemea-hafoka-1.html,san-jose-state,2018-19
10,70,10,2018-12-19,San Jose State,@,Cal State Northridge,REG (Non-Conf),L 40-76,*,25,5,10,.500,0,2,.000,5,8,.625,.500,0,1,.000,0,1,1,2,1,0,2,4,10,3.7,Fieme'a Hafoka,https://www.sports-reference.com/cbb/players/fiemea-hafoka-1.html,san-jose-state,2018-19
11,71,11,2018-12-21,San Jose State,@,San Diego,REG (Non-Conf),L 79-83,*,26,3,7,.429,2,2,1.000,1,5,.200,.571,0,0,,0,0,0,2,0,2,1,4,8,4.5,Fieme'a Hafoka,https://www.sports-reference.com/cbb/players/fiemea-hafoka-1.html,san-jose-state,2018-19
12,72,12,2019-01-02,San Jose State,@,Fresno State,REG (Conf),L 48-77,*,23,1,4,.250,0,0,,1,4,.250,.250,0,0,,1,2,3,1,0,1,4,0,2,-1.7,Fieme'a Hafoka,https://www.sports-reference.com/cbb/players/fiemea-hafoka-1.html,san-jose-state,2018-19
13,73,13,2019-01-09,San Jose State,,Nevada,REG (Conf),L 49-52,*,26,6,11,.545,1,4,.250,5,7,.714,.591,0,0,,1,4,5,3,0,1,2,0,13,10.4,Fieme'a Hafoka,https://www.sports-reference.com/cbb/players/fiemea-hafoka-1.html,san-jose-state,2018-19
14,74,14,2019-01-12,San Jose State,@,Boise State,REG (Conf),L 68-99,*,27,5,8,.625,1,2,.500,4,6,.667,.688,0,0,,4,1,5,2,2,0,2,0,11,11.9,Fieme'a Hafoka,https://www.sports-reference.com/cbb/players/fiemea-hafoka-1.html,san-jose-state,2018-19
15,75,15,2019-01-16,San Jose State,@,Utah State,REG (Conf),L 49-82,*,24,1,5,.200,1,3,.333,0,2,.000,.300,0,0,,0,1,1,3,0,2,4,0,3,-0.3,Fieme'a Hafoka,https://www.sports-reference.com/cbb/players/fiemea-hafoka-1.html,san-jose-state,2018-19
16,76,16,2019-01-19,San Jose State,,UNLV,REG (Conf),L 43-53,*,27,1,7,.143,0,3,.000,1,4,.250,.143,0,0,,1,1,2,1,2,0,1,2,2,-0.6,Fieme'a Hafoka,https://www.sports-reference.com/cbb/players/fiemea-hafoka-1.html,san-jose-state,2018-19
17,77,17,2019-01-23,San Jose State,,Wyoming,REG (Conf),L 56-70,*,31,4,10,.400,0,0,,4,10,.400,.400,2,2,1.000,2,4,6,0,0,0,1,2,10,5.4,Fieme'a Hafoka,https://www.sports-reference.com/cbb/players/fiemea-hafoka-1.html,san-jose-state,2018-19
18,78,18,2019-01-26,San Jose State,@,Air Force,REG (Conf),L 77-88,*,24,4,8,.500,2,4,.500,2,4,.500,.625,2,2,1.000,1,2,3,2,0,0,2,0,12,8.7,Fieme'a Hafoka,https://www.sports-reference.com/cbb/players/fiemea-hafoka-1.html,san-jose-state,2018-19
19,79,19,2019-01-30,San Jose State,,Utah State,REG (Conf),W 68-59,*,29,3,5,.600,1,1,1.000,2,4,.500,.700,1,2,.500,1,5,6,3,0,0,5,1,8,4.2,Fieme'a Hafoka,https://www.sports-reference.com/cbb/players/fiemea-hafoka-1.html,san-jose-state,2018-19
20,80,20,2019-02-02,San Jose State,@,San Diego State,REG (Conf),L 68-69,*,27,3,8,.375,2,4,.500,1,4,.250,.500,2,2,1.000,0,5,5,2,1,0,2,2,10,6.7,Fieme'a Hafoka,https://www.sports-reference.com/cbb/players/fiemea-hafoka-1.html,san-jose-state,2018-19
21,81,21,2019-02-09,San Jose State,,Boise State,REG (Conf),L 69-83,*,30,3,7,.429,0,1,.000,3,6,.500,.429,0,0,,4,5,9,5,1,0,0,0,6,11.1,Fieme'a Hafoka,https://www.sports-reference.com/cbb/players/fiemea-hafoka-1.html,san-jose-state,2018-19
22,82,22,2019-02-13,San Jose State,,New Mexico,REG (Conf),L 60-79,*,27,0,4,.000,0,3,.000,0,1,.000,.000,0,0,,0,1,1,2,1,1,4,2,0,-4.2,Fieme'a Hafoka,https://www.sports-reference.com/cbb/players/fiemea-hafoka-1.html,san-jose-state,2018-19
23,83,23,2019-02-16,San Jose State,@,UNLV,REG (Conf),L 70-74,*,33,4,8,.500,3,7,.429,1,1,1.000,.688,0,0,,0,3,3,5,6,0,0,3,11,16.2,Fieme'a Hafoka,https://www.sports-reference.com/cbb/players/fiemea-hafoka-1.html,san-jose-state,2018-19
24,84,24,2019-02-20,San Jose State,@,Colorado State,REG (Conf),W 78-70,*,33,2,8,.250,2,4,.500,0,4,.000,.375,2,2,1.000,1,5,6,3,0,0,1,0,8,6.5,Fieme'a Hafoka,https://www.sports-reference.com/cbb/players/fiemea-hafoka-1.html,san-jose-state,2018-19
25,85,25,2019-02-23,San Jose State,,Air Force,REG (Conf),W 73-60,*,24,3,7,.429,1,2,.500,2,5,.400,.500,0,0,,2,3,5,5,1,0,5,3,7,3.9,Fieme'a Hafoka,https://www.sports-reference.com/cbb/players/fiemea-hafoka-1.html,san-jose-state,2018-19
26,86,26,2019-02-27,San Jose State,@,New Mexico,REG (Conf),L 72-110,*,20,1,6,.167,0,3,.000,1,3,.333,.167,1,2,.500,0,5,5,2,1,0,1,2,3,0.9,Fieme'a Hafoka,https://www.sports-reference.com/cbb/players/fiemea-hafoka-1.html,san-jose-state,2018-19
27,87,27,2019-03-02,San Jose State,,San Diego State,REG (Conf),W 84-76,*,29,4,7,.571,2,4,.500,2,3,.667,.714,4,5,.800,1,2,3,3,2,0,5,1,14,10.3,Fieme'a Hafoka,https://www.sports-reference.com/cbb/players/fiemea-hafoka-1.html,san-jose-state,2018-19
28,88,28,2019-03-04,San Jose State,@,Wyoming,REG (Conf),L 56-85,*,24,2,2,1.000,0,0,,2,2,1.000,1.000,2,2,1.000,0,4,4,0,0,0,2,2,6,3.8,Fieme'a Hafoka,https://www.sports-reference.com/cbb/players/fiemea-hafoka-1.html,san-jose-state,2018-19
29,89,29,2019-03-07,San Jose State,,Fresno State,REG (Conf),W 65-57,*,29,2,6,.333,0,0,,2,6,.333,.333,1,1,1.000,0,5,5,6,0,0,1,0,5,6.3,Fieme'a Hafoka,https://www.sports-reference.com/cbb/players/fiemea-hafoka-1.html,san-jose-state,2018-19
30,90,30,2019-03-10,San Jose State,@,Nevada,CTOURN,L 68-78,*,31,5,12,.417,3,6,.500,2,6,.333,.542,2,2,1.000,0,3,3,3,2,0,1,4,15,11.0,Fieme'a Hafoka,https://www.sports-reference.com/cbb/players/fiemea-hafoka-1.html,san-jose-state,2018-19
