ranker,player_game_num_career,team_game_num_season,date,team_name_abbr,game_location,opp_name_abbr,game_type,game_result,is_starter,mp,fg,fga,fg_pct,fg3,fg3a,fg3_pct,fg2,fg2a,fg2_pct,efg_pct,ft,fta,ft_pct,orb,drb,trb,ast,stl,blk,tov,pf,pts,game_score,player_name,player_sr_link,school,season
1,31,1,2018-11-06,San Jose State,,San Fran. St.,REG (Non-Conf),L 66-73,*,25,1,7,.143,1,5,.200,0,2,.000,.214,2,2,1.000,2,2,4,1,0,0,0,2,5,2.4,Megan Anderson,https://www.sports-reference.com/cbb/players/megan-anderson-2.html,san-jose-state,2018-19
2,32,2,2018-11-09,San Jose State,@,San Francisco,REG (Non-Conf),L 63-85,*,29,2,9,.222,2,9,.222,0,0,,.333,3,4,.750,1,3,4,0,0,0,0,0,9,4.7,Megan Anderson,https://www.sports-reference.com/cbb/players/megan-anderson-2.html,san-jose-state,2018-19
3,33,3,2018-11-11,San Jose State,@,Portland State,REG (Non-Conf),L 51-80,*,21,3,7,.429,2,6,.333,1,1,1.000,.571,2,2,1.000,0,3,3,2,3,0,2,3,10,8.4,Megan Anderson,https://www.sports-reference.com/cbb/players/megan-anderson-2.html,san-jose-state,2018-19
4,34,4,2018-11-24,San Jose State,,Cal State Bakersfield,REG (Non-Conf),W 82-72,*,27,5,7,.714,2,4,.500,3,3,1.000,.857,0,0,,0,3,3,0,0,0,0,1,12,9.6,Megan Anderson,https://www.sports-reference.com/cbb/players/megan-anderson-2.html,san-jose-state,2018-19
5,35,5,2018-11-29,San Jose State,,Pacific,REG (Non-Conf),L 67-91,*,32,1,5,.200,1,5,.200,0,0,,.300,2,2,1.000,0,2,2,1,0,1,0,1,5,3.5,Megan Anderson,https://www.sports-reference.com/cbb/players/megan-anderson-2.html,san-jose-state,2018-19
6,36,6,2018-12-02,San Jose State,,UC Irvine,REG (Non-Conf),L 66-74,*,26,3,5,.600,2,3,.667,1,2,.500,.800,0,0,,1,4,5,1,1,0,1,4,8,6.7,Megan Anderson,https://www.sports-reference.com/cbb/players/megan-anderson-2.html,san-jose-state,2018-19
7,37,7,2018-12-06,San Jose State,@,Colorado,REG (Non-Conf),L 64-76,*,23,3,4,.750,2,3,.667,1,1,1.000,1.000,0,0,,1,2,3,0,0,0,1,1,8,6.3,Megan Anderson,https://www.sports-reference.com/cbb/players/megan-anderson-2.html,san-jose-state,2018-19
8,38,8,2018-12-08,San Jose State,@,Nebraska,REG (Non-Conf),L 63-96,*,26,3,6,.500,1,2,.500,2,4,.500,.583,2,2,1.000,0,1,1,0,0,1,2,0,9,5.0,Megan Anderson,https://www.sports-reference.com/cbb/players/megan-anderson-2.html,san-jose-state,2018-19
9,39,9,2018-12-15,San Jose State,,Santa Clara,REG (Non-Conf),L 56-62,*,28,1,6,.167,1,5,.200,0,1,.000,.250,0,0,,0,2,2,1,0,0,1,1,3,-0.9,Megan Anderson,https://www.sports-reference.com/cbb/players/megan-anderson-2.html,san-jose-state,2018-19
10,40,10,2018-12-19,San Jose State,@,Cal State Northridge,REG (Non-Conf),L 40-76,*,28,3,8,.375,1,6,.167,2,2,1.000,.438,2,2,1.000,1,0,1,0,3,0,0,1,9,7.9,Megan Anderson,https://www.sports-reference.com/cbb/players/megan-anderson-2.html,san-jose-state,2018-19
11,41,11,2018-12-21,San Jose State,@,San Diego,REG (Non-Conf),L 79-83,*,26,3,11,.273,3,9,.333,0,2,.000,.409,1,2,.500,0,1,1,2,0,0,0,1,10,4.4,Megan Anderson,https://www.sports-reference.com/cbb/players/megan-anderson-2.html,san-jose-state,2018-19
12,42,12,2019-01-02,San Jose State,@,Fresno State,REG (Conf),L 48-77,*,29,3,9,.333,2,7,.286,1,2,.500,.444,0,0,,0,2,2,0,0,1,0,1,8,3.8,Megan Anderson,https://www.sports-reference.com/cbb/players/megan-anderson-2.html,san-jose-state,2018-19
13,43,13,2019-01-09,San Jose State,,Nevada,REG (Conf),L 49-52,*,29,3,7,.429,2,6,.333,1,1,1.000,.571,1,2,.500,0,1,1,2,1,0,1,1,9,6.2,Megan Anderson,https://www.sports-reference.com/cbb/players/megan-anderson-2.html,san-jose-state,2018-19
14,44,14,2019-01-12,San Jose State,@,Boise State,REG (Conf),L 68-99,*,27,1,6,.167,1,3,.333,0,3,.000,.250,2,2,1.000,0,2,2,0,0,0,1,0,5,0.8,Megan Anderson,https://www.sports-reference.com/cbb/players/megan-anderson-2.html,san-jose-state,2018-19
15,45,15,2019-01-16,San Jose State,@,Utah State,REG (Conf),L 49-82,*,24,3,6,.500,3,5,.600,0,1,.000,.750,2,2,1.000,1,1,2,1,4,1,1,2,11,12.6,Megan Anderson,https://www.sports-reference.com/cbb/players/megan-anderson-2.html,san-jose-state,2018-19
16,46,16,2019-01-19,San Jose State,,UNLV,REG (Conf),L 43-53,*,26,2,6,.333,0,4,.000,2,2,1.000,.333,0,0,,0,3,3,0,1,0,1,1,4,1.1,Megan Anderson,https://www.sports-reference.com/cbb/players/megan-anderson-2.html,san-jose-state,2018-19
17,47,17,2019-01-23,San Jose State,,Wyoming,REG (Conf),L 56-70,*,25,1,6,.167,0,2,.000,1,4,.250,.167,0,0,,0,2,2,0,0,0,1,1,2,-2.6,Megan Anderson,https://www.sports-reference.com/cbb/players/megan-anderson-2.html,san-jose-state,2018-19
18,48,18,2019-01-26,San Jose State,@,Air Force,REG (Conf),L 77-88,*,21,5,8,.625,4,6,.667,1,2,.500,.875,0,0,,0,0,0,0,2,0,0,1,14,12.0,Megan Anderson,https://www.sports-reference.com/cbb/players/megan-anderson-2.html,san-jose-state,2018-19
19,49,19,2019-01-30,San Jose State,,Utah State,REG (Conf),W 68-59,*,23,1,3,.333,1,3,.333,0,0,,.500,0,0,,0,5,5,0,0,1,1,1,3,2.1,Megan Anderson,https://www.sports-reference.com/cbb/players/megan-anderson-2.html,san-jose-state,2018-19
20,50,20,2019-02-02,San Jose State,@,San Diego State,REG (Conf),L 68-69,*,24,3,7,.429,3,6,.500,0,1,.000,.643,0,0,,0,5,5,0,1,0,0,0,9,7.8,Megan Anderson,https://www.sports-reference.com/cbb/players/megan-anderson-2.html,san-jose-state,2018-19
21,51,21,2019-02-09,San Jose State,,Boise State,REG (Conf),L 69-83,*,28,1,9,.111,1,8,.125,0,1,.000,.167,0,0,,0,5,5,2,2,0,2,1,3,-0.4,Megan Anderson,https://www.sports-reference.com/cbb/players/megan-anderson-2.html,san-jose-state,2018-19
22,52,22,2019-02-13,San Jose State,,New Mexico,REG (Conf),L 60-79,*,30,4,11,.364,3,10,.300,1,1,1.000,.500,0,0,,0,7,7,1,0,2,1,2,11,7.3,Megan Anderson,https://www.sports-reference.com/cbb/players/megan-anderson-2.html,san-jose-state,2018-19
23,53,23,2019-02-16,San Jose State,@,UNLV,REG (Conf),L 70-74,*,30,5,9,.556,3,6,.500,2,3,.667,.722,3,4,.750,1,8,9,1,0,0,2,1,16,12.7,Megan Anderson,https://www.sports-reference.com/cbb/players/megan-anderson-2.html,san-jose-state,2018-19
24,54,24,2019-02-20,San Jose State,@,Colorado State,REG (Conf),W 78-70,*,28,4,9,.444,3,6,.500,1,3,.333,.611,2,2,1.000,1,7,8,1,0,0,2,2,13,9.0,Megan Anderson,https://www.sports-reference.com/cbb/players/megan-anderson-2.html,san-jose-state,2018-19
25,55,25,2019-02-23,San Jose State,,Air Force,REG (Conf),W 73-60,*,27,1,6,.167,1,4,.250,0,2,.000,.250,2,2,1.000,0,2,2,0,1,0,2,2,5,0.0,Megan Anderson,https://www.sports-reference.com/cbb/players/megan-anderson-2.html,san-jose-state,2018-19
26,56,26,2019-02-27,San Jose State,@,New Mexico,REG (Conf),L 72-110,*,34,8,12,.667,6,8,.750,2,4,.500,.917,0,0,,1,2,3,2,0,0,2,0,22,17.5,Megan Anderson,https://www.sports-reference.com/cbb/players/megan-anderson-2.html,san-jose-state,2018-19
27,57,27,2019-03-02,San Jose State,,San Diego State,REG (Conf),W 84-76,*,34,4,11,.364,3,8,.375,1,3,.333,.500,0,0,,0,5,5,1,1,2,0,2,11,8.7,Megan Anderson,https://www.sports-reference.com/cbb/players/megan-anderson-2.html,san-jose-state,2018-19
28,58,28,2019-03-04,San Jose State,@,Wyoming,REG (Conf),L 56-85,*,23,3,5,.600,1,3,.333,2,2,1.000,.700,0,0,,0,3,3,0,0,0,0,0,7,5.6,Megan Anderson,https://www.sports-reference.com/cbb/players/megan-anderson-2.html,san-jose-state,2018-19
29,59,29,2019-03-07,San Jose State,,Fresno State,REG (Conf),W 65-57,*,32,6,10,.600,6,10,.600,0,0,,.900,0,0,,0,1,1,2,1,1,0,1,18,16.4,Megan Anderson,https://www.sports-reference.com/cbb/players/megan-anderson-2.html,san-jose-state,2018-19
30,60,30,2019-03-10,San Jose State,@,Nevada,CTOURN,L 68-78,*,34,2,6,.333,2,4,.500,0,2,.000,.500,2,2,1.000,0,2,2,0,0,0,1,1,8,3.8,Megan Anderson,https://www.sports-reference.com/cbb/players/megan-anderson-2.html,san-jose-state,2018-19
