ranker,player_game_num_career,team_game_num_season,date,team_name_abbr,game_location,opp_name_abbr,game_type,game_result,is_starter,mp,fg,fga,fg_pct,fg3,fg3a,fg2,fg2a,fg2_pct,efg_pct,ft,fta,ft_pct,orb,drb,trb,ast,stl,blk,tov,pf,pts,game_score,player_name,player_sr_link,school,season
1,31,1,2018-11-06,San Jose State,,San Fran. St.,REG (Non-Conf),L 66-73,,8,1,3,.333,0,0,1,3,.333,.333,0,0,,0,5,5,0,0,1,1,5,2,-0.5,Mikaylah Wilson,https://www.sports-reference.com/cbb/players/mikaylah-wilson-1.html,san-jose-state,2018-19
2,32,3,2018-11-11,San Jose State,@,Portland State,REG (Non-Conf),L 51-80,,24,6,14,.429,0,0,6,14,.429,.429,2,2,1.000,2,3,5,0,0,0,2,3,14,5.7,Mikaylah Wilson,https://www.sports-reference.com/cbb/players/mikaylah-wilson-1.html,san-jose-state,2018-19
3,33,4,2018-11-24,San Jose State,,Cal State Bakersfield,REG (Non-Conf),W 82-72,*,29,2,6,.333,0,0,2,6,.333,.333,1,2,.500,1,1,2,0,1,0,3,1,5,-0.2,Mikaylah Wilson,https://www.sports-reference.com/cbb/players/mikaylah-wilson-1.html,san-jose-state,2018-19
4,34,5,2018-11-29,San Jose State,,Pacific,REG (Non-Conf),L 67-91,*,10,1,5,.200,0,0,1,5,.200,.200,0,0,,2,0,2,0,1,1,1,1,2,0.6,Mikaylah Wilson,https://www.sports-reference.com/cbb/players/mikaylah-wilson-1.html,san-jose-state,2018-19
5,35,9,2018-12-15,San Jose State,,Santa Clara,REG (Non-Conf),L 56-62,,15,3,5,.600,0,0,3,5,.600,.600,0,0,,1,2,3,1,2,0,0,1,6,7.3,Mikaylah Wilson,https://www.sports-reference.com/cbb/players/mikaylah-wilson-1.html,san-jose-state,2018-19
6,36,10,2018-12-19,San Jose State,@,Cal State Northridge,REG (Non-Conf),L 40-76,,19,0,13,.000,0,0,0,13,.000,.000,2,2,1.000,1,2,3,0,2,1,1,2,2,-4.9,Mikaylah Wilson,https://www.sports-reference.com/cbb/players/mikaylah-wilson-1.html,san-jose-state,2018-19
7,37,11,2018-12-21,San Jose State,@,San Diego,REG (Non-Conf),L 79-83,,14,4,6,.667,0,0,4,6,.667,.667,0,0,,1,1,2,0,1,0,1,4,8,4.8,Mikaylah Wilson,https://www.sports-reference.com/cbb/players/mikaylah-wilson-1.html,san-jose-state,2018-19
8,38,12,2019-01-02,San Jose State,@,Fresno State,REG (Conf),L 48-77,*,20,3,5,.600,0,0,3,5,.600,.600,0,0,,1,4,5,0,0,0,1,2,6,3.8,Mikaylah Wilson,https://www.sports-reference.com/cbb/players/mikaylah-wilson-1.html,san-jose-state,2018-19
9,39,13,2019-01-09,San Jose State,,Nevada,REG (Conf),L 49-52,*,21,4,5,.800,0,0,4,5,.800,.800,0,0,,1,1,2,0,2,2,1,4,8,7.9,Mikaylah Wilson,https://www.sports-reference.com/cbb/players/mikaylah-wilson-1.html,san-jose-state,2018-19
10,40,14,2019-01-12,San Jose State,@,Boise State,REG (Conf),L 68-99,*,21,5,6,.833,0,0,5,6,.833,.833,0,0,,2,2,4,1,0,1,1,2,10,9.4,Mikaylah Wilson,https://www.sports-reference.com/cbb/players/mikaylah-wilson-1.html,san-jose-state,2018-19
11,41,15,2019-01-16,San Jose State,@,Utah State,REG (Conf),L 49-82,*,21,2,3,.667,0,0,2,3,.667,.667,1,2,.500,1,3,4,0,2,1,2,1,5,5.2,Mikaylah Wilson,https://www.sports-reference.com/cbb/players/mikaylah-wilson-1.html,san-jose-state,2018-19
12,42,16,2019-01-19,San Jose State,,UNLV,REG (Conf),L 43-53,*,19,2,8,.250,0,0,2,8,.250,.250,2,2,1.000,3,7,10,1,1,2,1,5,6,5.5,Mikaylah Wilson,https://www.sports-reference.com/cbb/players/mikaylah-wilson-1.html,san-jose-state,2018-19
13,43,17,2019-01-23,San Jose State,,Wyoming,REG (Conf),L 56-70,*,16,1,5,.200,0,0,1,5,.200,.200,0,0,,1,1,2,0,0,0,2,3,2,-3.3,Mikaylah Wilson,https://www.sports-reference.com/cbb/players/mikaylah-wilson-1.html,san-jose-state,2018-19
14,44,18,2019-01-26,San Jose State,@,Air Force,REG (Conf),L 77-88,*,19,3,7,.429,0,0,3,7,.429,.429,1,2,.500,2,1,3,1,2,1,2,3,7,4.8,Mikaylah Wilson,https://www.sports-reference.com/cbb/players/mikaylah-wilson-1.html,san-jose-state,2018-19
15,45,19,2019-01-30,San Jose State,,Utah State,REG (Conf),W 68-59,*,21,2,4,.500,0,0,2,4,.500,.500,1,2,.500,4,2,6,0,0,1,2,3,5,3.5,Mikaylah Wilson,https://www.sports-reference.com/cbb/players/mikaylah-wilson-1.html,san-jose-state,2018-19
16,46,20,2019-02-02,San Jose State,@,San Diego State,REG (Conf),L 68-69,*,28,5,10,.500,0,0,5,10,.500,.500,6,6,1.000,6,5,11,1,0,2,1,2,16,17.0,Mikaylah Wilson,https://www.sports-reference.com/cbb/players/mikaylah-wilson-1.html,san-jose-state,2018-19
17,47,21,2019-02-09,San Jose State,,Boise State,REG (Conf),L 69-83,*,23,4,8,.500,0,0,4,8,.500,.500,1,2,.500,3,5,8,0,0,1,2,2,9,6.1,Mikaylah Wilson,https://www.sports-reference.com/cbb/players/mikaylah-wilson-1.html,san-jose-state,2018-19
18,48,22,2019-02-13,San Jose State,,New Mexico,REG (Conf),L 60-79,*,22,7,12,.583,0,0,7,12,.583,.583,0,0,,4,8,12,1,1,1,1,4,14,13.4,Mikaylah Wilson,https://www.sports-reference.com/cbb/players/mikaylah-wilson-1.html,san-jose-state,2018-19
19,49,23,2019-02-16,San Jose State,@,UNLV,REG (Conf),L 70-74,*,24,2,8,.250,0,0,2,8,.250,.250,0,0,,1,3,4,0,1,1,2,4,4,-1.1,Mikaylah Wilson,https://www.sports-reference.com/cbb/players/mikaylah-wilson-1.html,san-jose-state,2018-19
20,50,24,2019-02-20,San Jose State,@,Colorado State,REG (Conf),W 78-70,*,25,4,11,.364,0,0,4,11,.364,.364,1,2,.500,3,3,6,3,2,1,1,3,9,8.1,Mikaylah Wilson,https://www.sports-reference.com/cbb/players/mikaylah-wilson-1.html,san-jose-state,2018-19
21,51,25,2019-02-23,San Jose State,,Air Force,REG (Conf),W 73-60,*,21,7,8,.875,0,0,7,8,.875,.875,2,4,.500,5,4,9,0,1,0,3,5,16,13.1,Mikaylah Wilson,https://www.sports-reference.com/cbb/players/mikaylah-wilson-1.html,san-jose-state,2018-19
22,52,26,2019-02-27,San Jose State,@,New Mexico,REG (Conf),L 72-110,*,16,3,6,.500,0,0,3,6,.500,.500,2,2,1.000,1,2,3,1,1,1,0,3,8,7.5,Mikaylah Wilson,https://www.sports-reference.com/cbb/players/mikaylah-wilson-1.html,san-jose-state,2018-19
23,53,27,2019-03-02,San Jose State,,San Diego State,REG (Conf),W 84-76,*,16,2,5,.400,0,0,2,5,.400,.400,0,0,,0,3,3,1,0,0,1,5,4,-0.1,Mikaylah Wilson,https://www.sports-reference.com/cbb/players/mikaylah-wilson-1.html,san-jose-state,2018-19
24,54,28,2019-03-04,San Jose State,@,Wyoming,REG (Conf),L 56-85,*,16,3,5,.600,0,0,3,5,.600,.600,1,1,1.000,1,2,3,1,0,0,2,2,7,3.9,Mikaylah Wilson,https://www.sports-reference.com/cbb/players/mikaylah-wilson-1.html,san-jose-state,2018-19
25,55,29,2019-03-07,San Jose State,,Fresno State,REG (Conf),W 65-57,*,15,1,5,.200,0,0,1,5,.200,.200,1,4,.250,2,5,7,1,0,1,0,3,3,1.8,Mikaylah Wilson,https://www.sports-reference.com/cbb/players/mikaylah-wilson-1.html,san-jose-state,2018-19
26,56,30,2019-03-10,San Jose State,@,Nevada,CTOURN,L 68-78,*,17,1,3,.333,0,0,1,3,.333,.333,1,1,1.000,1,3,4,1,1,0,0,3,3,3.4,Mikaylah Wilson,https://www.sports-reference.com/cbb/players/mikaylah-wilson-1.html,san-jose-state,2018-19
