ranker,player_game_num_career,team_game_num_season,date,team_name_abbr,game_location,opp_name_abbr,game_type,game_result,is_starter,mp,fg,fga,fg_pct,fg3,fg3a,fg3_pct,fg2,fg2a,fg2_pct,efg_pct,ft,fta,ft_pct,orb,drb,trb,ast,stl,blk,tov,pf,pts,game_score,player_name,player_sr_link,school,season
1,1,1,2018-11-06,San Jose State,,San Fran. St.,REG (Non-Conf),L 66-73,*,20,3,8,.375,0,1,.000,3,7,.429,.375,1,2,.500,1,1,2,1,1,2,5,5,7,-0.7,Raziya Potter,https://www.sports-reference.com/cbb/players/raziya-potter-1.html,san-jose-state,2018-19
2,2,2,2018-11-09,San Jose State,@,San Francisco,REG (Non-Conf),L 63-85,*,15,4,9,.444,0,0,,4,9,.444,.444,3,4,.750,3,1,4,2,0,0,5,2,11,3.9,Raziya Potter,https://www.sports-reference.com/cbb/players/raziya-potter-1.html,san-jose-state,2018-19
3,3,3,2018-11-11,San Jose State,@,Portland State,REG (Non-Conf),L 51-80,*,15,1,3,.333,0,2,.000,1,1,1.000,.333,2,2,1.000,2,2,4,2,2,0,3,1,4,4.3,Raziya Potter,https://www.sports-reference.com/cbb/players/raziya-potter-1.html,san-jose-state,2018-19
4,4,4,2018-11-24,San Jose State,,Cal State Bakersfield,REG (Non-Conf),W 82-72,,19,4,9,.444,2,4,.500,2,5,.400,.556,2,2,1.000,0,2,2,0,1,0,2,5,12,4.9,Raziya Potter,https://www.sports-reference.com/cbb/players/raziya-potter-1.html,san-jose-state,2018-19
5,5,5,2018-11-29,San Jose State,,Pacific,REG (Non-Conf),L 67-91,,20,5,10,.500,0,2,.000,5,8,.625,.500,0,1,.000,1,6,7,3,2,0,5,5,10,4.2,Raziya Potter,https://www.sports-reference.com/cbb/players/raziya-potter-1.html,san-jose-state,2018-19
6,6,6,2018-12-02,San Jose State,,UC Irvine,REG (Non-Conf),L 66-74,*,29,6,17,.353,2,6,.333,4,11,.364,.412,3,4,.750,0,2,2,5,0,0,3,4,17,6.6,Raziya Potter,https://www.sports-reference.com/cbb/players/raziya-potter-1.html,san-jose-state,2018-19
7,7,7,2018-12-06,San Jose State,@,Colorado,REG (Non-Conf),L 64-76,*,19,4,8,.500,3,4,.750,1,4,.250,.688,1,2,.500,0,4,4,3,0,0,1,3,12,8.7,Raziya Potter,https://www.sports-reference.com/cbb/players/raziya-potter-1.html,san-jose-state,2018-19
8,8,8,2018-12-08,San Jose State,@,Nebraska,REG (Non-Conf),L 63-96,*,30,3,12,.250,1,3,.333,2,9,.222,.292,0,0,,2,2,4,1,1,1,4,2,7,-0.6,Raziya Potter,https://www.sports-reference.com/cbb/players/raziya-potter-1.html,san-jose-state,2018-19
9,9,9,2018-12-15,San Jose State,,Santa Clara,REG (Non-Conf),L 56-62,*,19,3,8,.375,1,2,.500,2,6,.333,.438,1,2,.500,1,5,6,4,1,1,3,4,8,5.3,Raziya Potter,https://www.sports-reference.com/cbb/players/raziya-potter-1.html,san-jose-state,2018-19
10,10,10,2018-12-19,San Jose State,@,Cal State Northridge,REG (Non-Conf),L 40-76,*,26,1,7,.143,0,1,.000,1,6,.167,.143,0,0,,1,0,1,0,1,0,2,1,2,-3.2,Raziya Potter,https://www.sports-reference.com/cbb/players/raziya-potter-1.html,san-jose-state,2018-19
11,11,11,2018-12-21,San Jose State,@,San Diego,REG (Non-Conf),L 79-83,*,17,6,9,.667,0,1,.000,6,8,.750,.667,3,4,.750,0,4,4,2,2,2,1,4,15,14.1,Raziya Potter,https://www.sports-reference.com/cbb/players/raziya-potter-1.html,san-jose-state,2018-19
12,12,12,2019-01-02,San Jose State,@,Fresno State,REG (Conf),L 48-77,*,19,2,6,.333,0,1,.000,2,5,.400,.333,1,2,.500,0,3,3,2,1,0,3,5,5,-0.5,Raziya Potter,https://www.sports-reference.com/cbb/players/raziya-potter-1.html,san-jose-state,2018-19
13,13,13,2019-01-09,San Jose State,,Nevada,REG (Conf),L 49-52,,13,0,1,.000,0,1,.000,0,0,,.000,0,2,.000,0,3,3,2,0,0,7,3,0,-7.4,Raziya Potter,https://www.sports-reference.com/cbb/players/raziya-potter-1.html,san-jose-state,2018-19
14,14,14,2019-01-12,San Jose State,@,Boise State,REG (Conf),L 68-99,,24,6,10,.600,0,0,,6,10,.600,.600,2,4,.500,0,4,4,1,0,0,6,2,14,3.7,Raziya Potter,https://www.sports-reference.com/cbb/players/raziya-potter-1.html,san-jose-state,2018-19
15,15,15,2019-01-16,San Jose State,@,Utah State,REG (Conf),L 49-82,*,26,3,9,.333,1,2,.500,2,7,.286,.389,0,0,,0,3,3,4,1,0,4,2,7,1.8,Raziya Potter,https://www.sports-reference.com/cbb/players/raziya-potter-1.html,san-jose-state,2018-19
16,16,16,2019-01-19,San Jose State,,UNLV,REG (Conf),L 43-53,*,27,2,10,.200,0,3,.000,2,7,.286,.200,3,4,.750,0,3,3,1,0,0,3,3,7,-2.2,Raziya Potter,https://www.sports-reference.com/cbb/players/raziya-potter-1.html,san-jose-state,2018-19
17,17,17,2019-01-23,San Jose State,,Wyoming,REG (Conf),L 56-70,*,25,3,11,.273,0,1,.000,3,10,.300,.273,6,8,.750,1,3,4,2,1,1,4,4,12,3.8,Raziya Potter,https://www.sports-reference.com/cbb/players/raziya-potter-1.html,san-jose-state,2018-19
18,18,18,2019-01-26,San Jose State,@,Air Force,REG (Conf),L 77-88,,16,6,11,.545,0,0,,6,11,.545,.545,2,5,.400,0,3,3,2,3,1,3,5,14,8.5,Raziya Potter,https://www.sports-reference.com/cbb/players/raziya-potter-1.html,san-jose-state,2018-19
19,19,19,2019-01-30,San Jose State,,Utah State,REG (Conf),W 68-59,*,25,7,12,.583,0,1,.000,7,11,.636,.583,2,2,1.000,1,5,6,3,0,0,2,3,16,11.5,Raziya Potter,https://www.sports-reference.com/cbb/players/raziya-potter-1.html,san-jose-state,2018-19
20,20,20,2019-02-02,San Jose State,@,San Diego State,REG (Conf),L 68-69,*,22,3,10,.300,0,2,.000,3,8,.375,.300,3,6,.500,0,2,2,4,1,0,3,3,9,2.2,Raziya Potter,https://www.sports-reference.com/cbb/players/raziya-potter-1.html,san-jose-state,2018-19
21,21,21,2019-02-09,San Jose State,,Boise State,REG (Conf),L 69-83,*,26,5,11,.455,0,1,.000,5,10,.500,.455,0,1,.000,1,0,1,1,1,0,5,3,10,0.1,Raziya Potter,https://www.sports-reference.com/cbb/players/raziya-potter-1.html,san-jose-state,2018-19
22,22,22,2019-02-13,San Jose State,,New Mexico,REG (Conf),L 60-79,,15,0,3,.000,0,1,.000,0,2,.000,.000,5,8,.625,0,0,0,4,0,1,7,5,5,-3.8,Raziya Potter,https://www.sports-reference.com/cbb/players/raziya-potter-1.html,san-jose-state,2018-19
23,23,23,2019-02-16,San Jose State,@,UNLV,REG (Conf),L 70-74,*,22,3,8,.375,0,3,.000,3,5,.600,.375,3,7,.429,0,3,3,2,0,2,4,4,9,1.1,Raziya Potter,https://www.sports-reference.com/cbb/players/raziya-potter-1.html,san-jose-state,2018-19
24,24,24,2019-02-20,San Jose State,@,Colorado State,REG (Conf),W 78-70,,12,1,3,.333,0,0,,1,3,.333,.333,2,2,1.000,0,2,2,0,1,0,3,0,4,0.9,Raziya Potter,https://www.sports-reference.com/cbb/players/raziya-potter-1.html,san-jose-state,2018-19
25,25,25,2019-02-23,San Jose State,,Air Force,REG (Conf),W 73-60,,17,4,11,.364,1,1,1.000,3,10,.300,.409,3,5,.600,1,3,4,0,3,0,4,4,12,4.1,Raziya Potter,https://www.sports-reference.com/cbb/players/raziya-potter-1.html,san-jose-state,2018-19
26,26,26,2019-02-27,San Jose State,@,New Mexico,REG (Conf),L 72-110,,21,2,12,.167,1,3,.333,1,9,.111,.208,1,2,.500,0,2,2,3,0,1,3,5,6,-3.6,Raziya Potter,https://www.sports-reference.com/cbb/players/raziya-potter-1.html,san-jose-state,2018-19
27,27,27,2019-03-02,San Jose State,,San Diego State,REG (Conf),W 84-76,,20,3,5,.600,0,1,.000,3,4,.750,.600,4,6,.667,0,4,4,3,1,0,4,3,10,6.0,Raziya Potter,https://www.sports-reference.com/cbb/players/raziya-potter-1.html,san-jose-state,2018-19
28,28,28,2019-03-04,San Jose State,@,Wyoming,REG (Conf),L 56-85,,24,4,11,.364,1,2,.500,3,9,.333,.409,5,8,.625,0,6,6,0,1,0,3,3,14,5.3,Raziya Potter,https://www.sports-reference.com/cbb/players/raziya-potter-1.html,san-jose-state,2018-19
29,29,29,2019-03-07,San Jose State,,Fresno State,REG (Conf),W 65-57,,15,4,8,.500,0,1,.000,4,7,.571,.500,0,0,,0,1,1,1,0,1,4,2,8,0.9,Raziya Potter,https://www.sports-reference.com/cbb/players/raziya-potter-1.html,san-jose-state,2018-19
30,30,30,2019-03-10,San Jose State,@,Nevada,CTOURN,L 68-78,,14,0,3,.000,0,0,,0,3,.000,.000,3,4,.750,0,0,0,4,2,0,3,1,3,1.9,Raziya Potter,https://www.sports-reference.com/cbb/players/raziya-potter-1.html,san-jose-state,2018-19
