ranker,player_game_num_career,team_game_num_season,date,team_name_abbr,game_location,opp_name_abbr,game_type,game_result,is_starter,mp,fg,fga,fg_pct,fg3,fg3a,fg3_pct,fg2,fg2a,fg2_pct,efg_pct,ft,fta,ft_pct,orb,drb,trb,ast,stl,blk,tov,pf,pts,game_score,player_name,player_sr_link,school,season
1,29,1,2018-11-09,Omaha,,USC Upstate,REG (Non-Conf),W 96-69,*,17,4,10,.400,1,5,.200,3,5,.600,.450,2,2,1.000,1,1,2,3,1,0,2,3,11,6.5,Claire Killian,https://www.sports-reference.com/cbb/players/claire-killian-1.html,nebraska-omaha,2018-19
2,30,2,2018-11-12,Omaha,@,Kansas State,REG (Non-Conf),L 46-61,*,27,2,9,.222,1,4,.250,1,5,.200,.278,2,3,.667,0,4,4,1,3,0,4,3,7,0.8,Claire Killian,https://www.sports-reference.com/cbb/players/claire-killian-1.html,nebraska-omaha,2018-19
3,31,3,2018-11-16,Omaha,,Cal State Northridge,REG (Non-Conf),L 52-64,*,31,4,17,.235,4,14,.286,0,3,.000,.353,0,0,,0,2,2,1,2,2,1,1,12,5.0,Claire Killian,https://www.sports-reference.com/cbb/players/claire-killian-1.html,nebraska-omaha,2018-19
4,32,4,2018-11-23,Omaha,@,Campbell,REG (Non-Conf),L 52-65,*,29,2,7,.286,0,1,.000,2,6,.333,.286,0,1,.000,0,4,4,2,2,1,0,2,4,4.0,Claire Killian,https://www.sports-reference.com/cbb/players/claire-killian-1.html,nebraska-omaha,2018-19
5,33,5,2018-11-25,Omaha,@,Florida A&M,REG (Non-Conf),W 57-50,*,28,4,11,.364,3,6,.500,1,5,.200,.500,3,6,.500,1,2,3,1,2,2,2,1,14,9.7,Claire Killian,https://www.sports-reference.com/cbb/players/claire-killian-1.html,nebraska-omaha,2018-19
6,34,6,2018-11-29,Omaha,@,Detroit Mercy,REG (Non-Conf),W 51-42,*,28,1,6,.167,0,5,.000,1,1,1.000,.167,0,0,,0,5,5,1,0,0,1,0,2,-0.6,Claire Killian,https://www.sports-reference.com/cbb/players/claire-killian-1.html,nebraska-omaha,2018-19
7,35,7,2018-12-02,Omaha,,Graceland (IA),REG (Non-Conf),W 81-39,*,22,5,10,.500,1,6,.167,4,4,1.000,.550,1,2,.500,0,2,2,1,1,0,2,1,12,6.5,Claire Killian,https://www.sports-reference.com/cbb/players/claire-killian-1.html,nebraska-omaha,2018-19
8,36,8,2018-12-05,Omaha,@,Creighton,REG (Non-Conf),L 51-66,*,33,5,12,.417,0,4,.000,5,8,.625,.417,1,3,.333,1,9,10,1,1,0,1,1,11,7.5,Claire Killian,https://www.sports-reference.com/cbb/players/claire-killian-1.html,nebraska-omaha,2018-19
9,37,9,2018-12-09,Omaha,,Cal State Bakersfield,REG (Non-Conf),W 53-46,*,27,1,7,.143,0,5,.000,1,2,.500,.143,4,5,.800,1,1,2,3,0,0,3,4,6,-0.4,Claire Killian,https://www.sports-reference.com/cbb/players/claire-killian-1.html,nebraska-omaha,2018-19
10,38,10,2018-12-14,Omaha,,Bradley,REG (Non-Conf),L 60-80,*,24,1,6,.167,0,3,.000,1,3,.333,.167,0,0,,0,5,5,3,2,0,3,1,2,0.4,Claire Killian,https://www.sports-reference.com/cbb/players/claire-killian-1.html,nebraska-omaha,2018-19
11,39,11,2018-12-16,Omaha,@,Montana State,REG (Non-Conf),L 56-59,*,34,6,15,.400,2,5,.400,4,10,.400,.467,0,0,,0,4,4,1,1,0,4,0,14,4.8,Claire Killian,https://www.sports-reference.com/cbb/players/claire-killian-1.html,nebraska-omaha,2018-19
12,40,12,2018-12-21,Omaha,@,Northern Iowa,REG (Non-Conf),L 50-79,*,27,4,13,.308,1,8,.125,3,5,.600,.346,1,4,.250,0,1,1,0,1,0,3,1,10,-0.8,Claire Killian,https://www.sports-reference.com/cbb/players/claire-killian-1.html,nebraska-omaha,2018-19
13,41,13,2018-12-28,Omaha,,Denver,REG (Conf),L 68-95,*,31,6,14,.429,4,7,.571,2,7,.286,.571,5,6,.833,1,4,5,3,1,0,3,2,21,14.4,Claire Killian,https://www.sports-reference.com/cbb/players/claire-killian-1.html,nebraska-omaha,2018-19
14,42,14,2018-12-30,Omaha,,Oral Roberts,REG (Conf),L 56-71,*,24,6,11,.545,3,7,.429,3,4,.750,.682,0,0,,1,3,4,3,1,0,4,4,15,8.8,Claire Killian,https://www.sports-reference.com/cbb/players/claire-killian-1.html,nebraska-omaha,2018-19
15,43,15,2019-01-06,Omaha,,North Dakota State,REG (Conf),W 78-61,*,24,5,9,.556,4,8,.500,1,1,1.000,.778,2,2,1.000,0,1,1,2,3,0,5,1,16,11.0,Claire Killian,https://www.sports-reference.com/cbb/players/claire-killian-1.html,nebraska-omaha,2018-19
16,44,16,2019-01-09,Omaha,@,North Dakota,REG (Conf),L 57-68,*,34,2,10,.200,1,6,.167,1,4,.250,.250,5,6,.833,1,4,5,0,4,0,3,1,10,5.9,Claire Killian,https://www.sports-reference.com/cbb/players/claire-killian-1.html,nebraska-omaha,2018-19
17,45,17,2019-01-16,Omaha,@,Western Illinois,REG (Conf),L 70-78,*,23,1,12,.083,0,8,.000,1,4,.250,.083,0,0,,0,1,1,1,1,0,2,3,2,-7.2,Claire Killian,https://www.sports-reference.com/cbb/players/claire-killian-1.html,nebraska-omaha,2018-19
18,46,18,2019-01-20,Omaha,,South Dakota,REG (Conf),L 49-80,*,20,0,4,.000,0,2,.000,0,2,.000,.000,2,2,1.000,0,0,0,0,1,0,5,3,2,-6.0,Claire Killian,https://www.sports-reference.com/cbb/players/claire-killian-1.html,nebraska-omaha,2018-19
19,47,19,2019-01-24,Omaha,@,Purdue Fort Wayne,REG (Conf),L 48-56,*,35,2,9,.222,1,7,.143,1,2,.500,.278,2,2,1.000,0,1,1,3,0,0,1,1,7,2.5,Claire Killian,https://www.sports-reference.com/cbb/players/claire-killian-1.html,nebraska-omaha,2018-19
20,48,20,2019-01-26,Omaha,@,South Dakota State,REG (Conf),L 47-81,*,24,1,7,.143,1,5,.200,0,2,.000,.214,0,0,,1,2,3,0,0,0,1,3,3,-2.4,Claire Killian,https://www.sports-reference.com/cbb/players/claire-killian-1.html,nebraska-omaha,2018-19
21,49,21,2019-01-30,Omaha,,Peru St.,REG (Non-Conf),W 91-44,*,16,2,5,.400,2,4,.500,0,1,.000,.600,1,2,.500,0,2,2,1,3,0,0,1,7,7.8,Claire Killian,https://www.sports-reference.com/cbb/players/claire-killian-1.html,nebraska-omaha,2018-19
22,50,22,2019-02-03,Omaha,,North Dakota,REG (Conf),L 68-69,*,20,1,2,.500,1,2,.500,0,0,,.750,0,0,,0,2,2,1,1,0,1,1,3,2.9,Claire Killian,https://www.sports-reference.com/cbb/players/claire-killian-1.html,nebraska-omaha,2018-19
23,51,23,2019-02-06,Omaha,@,South Dakota,REG (Conf),L 33-78,*,32,4,9,.444,1,5,.200,3,4,.750,.500,0,0,,0,3,3,2,3,0,3,2,9,5.8,Claire Killian,https://www.sports-reference.com/cbb/players/claire-killian-1.html,nebraska-omaha,2018-19
24,52,24,2019-02-09,Omaha,,Western Illinois,REG (Conf),L 67-79,*,26,4,11,.364,2,5,.400,2,6,.333,.455,1,1,1.000,1,2,3,2,3,0,2,5,11,6.6,Claire Killian,https://www.sports-reference.com/cbb/players/claire-killian-1.html,nebraska-omaha,2018-19
25,53,25,2019-02-13,Omaha,,South Dakota State,REG (Conf),L 38-82,*,34,3,9,.333,1,4,.250,2,5,.400,.389,0,0,,0,0,0,0,1,0,2,1,7,0.5,Claire Killian,https://www.sports-reference.com/cbb/players/claire-killian-1.html,nebraska-omaha,2018-19
26,54,26,2019-02-16,Omaha,,Purdue Fort Wayne,REG (Conf),W 70-61,*,37,4,9,.444,0,2,.000,4,7,.571,.444,7,8,.875,1,3,4,4,6,0,1,2,15,18.5,Claire Killian,https://www.sports-reference.com/cbb/players/claire-killian-1.html,nebraska-omaha,2018-19
27,55,27,2019-02-23,Omaha,@,North Dakota State,REG (Conf),L 48-55,*,29,4,10,.400,0,3,.000,4,7,.571,.400,1,2,.500,2,2,4,0,2,0,2,4,9,3.6,Claire Killian,https://www.sports-reference.com/cbb/players/claire-killian-1.html,nebraska-omaha,2018-19
28,56,28,2019-02-28,Omaha,@,Oral Roberts,REG (Conf),L 64-65,*,37,2,5,.400,1,2,.500,1,3,.333,.500,1,2,.500,0,4,4,3,0,1,4,2,6,2.1,Claire Killian,https://www.sports-reference.com/cbb/players/claire-killian-1.html,nebraska-omaha,2018-19
29,57,29,2019-03-02,Omaha,@,Denver,REG (Conf),L 76-82,*,31,6,14,.429,5,10,.500,1,4,.250,.607,0,0,,0,1,1,1,1,0,1,5,17,8.6,Claire Killian,https://www.sports-reference.com/cbb/players/claire-killian-1.html,nebraska-omaha,2018-19
