ranker,player_game_num_career,team_game_num_season,date,team_name_abbr,game_location,opp_name_abbr,game_type,game_result,is_starter,mp,fg,fga,fg_pct,fg3,fg3a,fg3_pct,fg2,fg2a,fg2_pct,efg_pct,ft,fta,ft_pct,orb,drb,trb,ast,stl,blk,tov,pf,pts,game_score,player_name,player_sr_link,school,season
1,1,1,2018-11-09,Omaha,,USC Upstate,REG (Non-Conf),W 96-69,*,24,4,7,.571,0,0,,4,7,.571,.571,4,4,1.000,2,5,7,4,0,1,1,2,12,13.3,Elena Pilakouta,https://www.sports-reference.com/cbb/players/elena-pilakouta-1.html,nebraska-omaha,2018-19
2,2,2,2018-11-12,Omaha,@,Kansas State,REG (Non-Conf),L 46-61,*,26,5,11,.455,0,0,,5,11,.455,.455,0,2,.000,2,3,5,1,1,2,2,1,10,6.5,Elena Pilakouta,https://www.sports-reference.com/cbb/players/elena-pilakouta-1.html,nebraska-omaha,2018-19
3,3,3,2018-11-16,Omaha,,Cal State Northridge,REG (Non-Conf),L 52-64,*,23,2,5,.400,0,0,,2,5,.400,.400,1,2,.500,1,3,4,2,1,1,0,3,5,5.4,Elena Pilakouta,https://www.sports-reference.com/cbb/players/elena-pilakouta-1.html,nebraska-omaha,2018-19
4,4,4,2018-11-23,Omaha,@,Campbell,REG (Non-Conf),L 52-65,*,26,3,9,.333,0,0,,3,9,.333,.333,4,7,.571,2,4,6,3,0,1,2,2,10,6.3,Elena Pilakouta,https://www.sports-reference.com/cbb/players/elena-pilakouta-1.html,nebraska-omaha,2018-19
5,5,5,2018-11-25,Omaha,@,Florida A&M,REG (Non-Conf),W 57-50,*,28,6,11,.545,0,0,,6,11,.545,.545,1,2,.500,1,3,4,3,1,0,0,1,13,11.6,Elena Pilakouta,https://www.sports-reference.com/cbb/players/elena-pilakouta-1.html,nebraska-omaha,2018-19
6,6,6,2018-11-29,Omaha,@,Detroit Mercy,REG (Non-Conf),W 51-42,*,28,5,9,.556,0,0,,5,9,.556,.556,2,6,.333,3,8,11,4,0,4,5,1,12,10.8,Elena Pilakouta,https://www.sports-reference.com/cbb/players/elena-pilakouta-1.html,nebraska-omaha,2018-19
7,7,7,2018-12-02,Omaha,,Graceland (IA),REG (Non-Conf),W 81-39,*,17,3,4,.750,0,0,,3,4,.750,.750,0,0,,0,1,1,1,1,1,0,0,6,7.1,Elena Pilakouta,https://www.sports-reference.com/cbb/players/elena-pilakouta-1.html,nebraska-omaha,2018-19
8,8,8,2018-12-05,Omaha,@,Creighton,REG (Non-Conf),L 51-66,*,27,3,10,.300,0,0,,3,10,.300,.300,0,2,.000,2,7,9,2,2,0,4,1,6,1.9,Elena Pilakouta,https://www.sports-reference.com/cbb/players/elena-pilakouta-1.html,nebraska-omaha,2018-19
9,9,9,2018-12-09,Omaha,,Cal State Bakersfield,REG (Non-Conf),W 53-46,*,16,4,8,.500,0,0,,4,8,.500,.500,2,4,.500,4,2,6,2,0,0,3,4,10,5.4,Elena Pilakouta,https://www.sports-reference.com/cbb/players/elena-pilakouta-1.html,nebraska-omaha,2018-19
10,10,10,2018-12-14,Omaha,,Bradley,REG (Non-Conf),L 60-80,*,27,6,13,.462,0,0,,6,13,.462,.462,2,2,1.000,2,7,9,2,0,1,3,3,14,8.7,Elena Pilakouta,https://www.sports-reference.com/cbb/players/elena-pilakouta-1.html,nebraska-omaha,2018-19
11,11,11,2018-12-16,Omaha,@,Montana State,REG (Non-Conf),L 56-59,*,9,0,1,.000,0,0,,0,1,.000,.000,0,0,,0,0,0,0,0,0,1,1,0,-2.1,Elena Pilakouta,https://www.sports-reference.com/cbb/players/elena-pilakouta-1.html,nebraska-omaha,2018-19
12,12,13,2018-12-28,Omaha,,Denver,REG (Conf),L 68-95,*,29,4,8,.500,0,0,,4,8,.500,.500,5,5,1.000,2,7,9,0,1,1,3,1,13,10.8,Elena Pilakouta,https://www.sports-reference.com/cbb/players/elena-pilakouta-1.html,nebraska-omaha,2018-19
13,13,14,2018-12-30,Omaha,,Oral Roberts,REG (Conf),L 56-71,*,27,3,7,.429,0,0,,3,7,.429,.429,1,2,.500,3,3,6,2,3,0,1,3,7,8.1,Elena Pilakouta,https://www.sports-reference.com/cbb/players/elena-pilakouta-1.html,nebraska-omaha,2018-19
14,14,15,2019-01-06,Omaha,,North Dakota State,REG (Conf),W 78-61,*,25,4,7,.571,0,0,,4,7,.571,.571,0,0,,2,4,6,0,0,0,2,0,8,5.3,Elena Pilakouta,https://www.sports-reference.com/cbb/players/elena-pilakouta-1.html,nebraska-omaha,2018-19
15,15,16,2019-01-09,Omaha,@,North Dakota,REG (Conf),L 57-68,*,25,5,12,.417,0,0,,5,12,.417,.417,3,4,.750,1,7,8,1,1,2,2,1,13,9.7,Elena Pilakouta,https://www.sports-reference.com/cbb/players/elena-pilakouta-1.html,nebraska-omaha,2018-19
16,16,17,2019-01-16,Omaha,@,Western Illinois,REG (Conf),L 70-78,*,27,4,8,.500,0,0,,4,8,.500,.500,3,6,.500,5,4,9,2,2,4,2,0,11,14.7,Elena Pilakouta,https://www.sports-reference.com/cbb/players/elena-pilakouta-1.html,nebraska-omaha,2018-19
17,17,18,2019-01-20,Omaha,,South Dakota,REG (Conf),L 49-80,*,9,1,2,.500,0,0,,1,2,.500,.500,0,0,,0,1,1,0,1,0,0,3,2,1.1,Elena Pilakouta,https://www.sports-reference.com/cbb/players/elena-pilakouta-1.html,nebraska-omaha,2018-19
18,18,19,2019-01-24,Omaha,@,Purdue Fort Wayne,REG (Conf),L 48-56,*,11,0,2,.000,0,0,,0,2,.000,.000,1,2,.500,1,1,2,0,0,0,0,2,1,-0.6,Elena Pilakouta,https://www.sports-reference.com/cbb/players/elena-pilakouta-1.html,nebraska-omaha,2018-19
19,19,20,2019-01-26,Omaha,@,South Dakota State,REG (Conf),L 47-81,*,20,3,8,.375,0,0,,3,8,.375,.375,2,2,1.000,0,5,5,4,0,1,0,1,8,8.2,Elena Pilakouta,https://www.sports-reference.com/cbb/players/elena-pilakouta-1.html,nebraska-omaha,2018-19
20,20,21,2019-01-30,Omaha,,Peru St.,REG (Non-Conf),W 91-44,*,15,7,7,1.000,0,0,,7,7,1.000,1.000,0,1,.000,0,2,2,0,0,0,0,0,14,12.1,Elena Pilakouta,https://www.sports-reference.com/cbb/players/elena-pilakouta-1.html,nebraska-omaha,2018-19
21,21,22,2019-02-03,Omaha,,North Dakota,REG (Conf),L 68-69,*,27,3,11,.273,0,1,.000,3,10,.300,.273,3,4,.750,1,4,5,2,0,0,3,2,9,1.6,Elena Pilakouta,https://www.sports-reference.com/cbb/players/elena-pilakouta-1.html,nebraska-omaha,2018-19
22,22,23,2019-02-06,Omaha,@,South Dakota,REG (Conf),L 33-78,*,18,1,7,.143,0,0,,1,7,.143,.143,0,0,,0,3,3,0,0,0,0,2,2,-2.4,Elena Pilakouta,https://www.sports-reference.com/cbb/players/elena-pilakouta-1.html,nebraska-omaha,2018-19
23,23,25,2019-02-13,Omaha,,South Dakota State,REG (Conf),L 38-82,*,12,0,1,.000,0,0,,0,1,.000,.000,0,0,,1,2,3,0,0,0,1,1,0,-0.8,Elena Pilakouta,https://www.sports-reference.com/cbb/players/elena-pilakouta-1.html,nebraska-omaha,2018-19
24,24,26,2019-02-16,Omaha,,Purdue Fort Wayne,REG (Conf),W 70-61,*,9,0,1,.000,0,0,,0,1,.000,.000,0,0,,0,2,2,0,0,0,3,1,0,-3.5,Elena Pilakouta,https://www.sports-reference.com/cbb/players/elena-pilakouta-1.html,nebraska-omaha,2018-19
25,25,27,2019-02-23,Omaha,@,North Dakota State,REG (Conf),L 48-55,*,8,1,8,.125,0,0,,1,8,.125,.125,1,1,1.000,1,2,3,0,0,1,0,0,3,-0.2,Elena Pilakouta,https://www.sports-reference.com/cbb/players/elena-pilakouta-1.html,nebraska-omaha,2018-19
26,26,28,2019-02-28,Omaha,@,Oral Roberts,REG (Conf),L 64-65,*,30,9,13,.692,0,0,,9,13,.692,.692,0,1,.000,3,8,11,1,1,1,2,1,18,16.6,Elena Pilakouta,https://www.sports-reference.com/cbb/players/elena-pilakouta-1.html,nebraska-omaha,2018-19
27,27,29,2019-03-02,Omaha,@,Denver,REG (Conf),L 76-82,*,32,10,14,.714,0,0,,10,14,.714,.714,1,2,.500,2,8,10,2,0,0,2,1,21,17.6,Elena Pilakouta,https://www.sports-reference.com/cbb/players/elena-pilakouta-1.html,nebraska-omaha,2018-19
