ranker,player_game_num_career,team_game_num_season,date,team_name_abbr,game_location,opp_name_abbr,game_type,game_result,is_starter,mp,fg,fga,fg_pct,fg3,fg3a,fg3_pct,fg2,fg2a,fg2_pct,efg_pct,ft,fta,orb,drb,trb,ast,stl,blk,tov,pf,pts,game_score,player_name,player_sr_link,school,season
1,28,21,2019-01-30,Omaha,,Peru St.,REG (Non-Conf),W 91-44,,14,1,6,.167,1,5,.200,0,1,.000,.250,0,0,0,1,1,1,1,1,1,2,3,0.1,Emily Petersen,https://www.sports-reference.com/cbb/players/emily-petersen-1.html,nebraska-omaha,2018-19
2,29,23,2019-02-06,Omaha,@,South Dakota,REG (Conf),L 33-78,,17,4,12,.333,3,11,.273,1,1,1.000,.458,0,0,0,0,0,1,1,0,1,1,11,4.5,Emily Petersen,https://www.sports-reference.com/cbb/players/emily-petersen-1.html,nebraska-omaha,2018-19
3,30,24,2019-02-09,Omaha,,Western Illinois,REG (Conf),L 67-79,,23,3,14,.214,1,12,.083,2,2,1.000,.250,0,0,0,1,1,0,1,2,2,1,7,-1.3,Emily Petersen,https://www.sports-reference.com/cbb/players/emily-petersen-1.html,nebraska-omaha,2018-19
4,31,25,2019-02-13,Omaha,,South Dakota State,REG (Conf),L 38-82,,29,4,11,.364,2,8,.250,2,3,.667,.455,0,0,0,2,2,0,0,1,3,2,10,1.4,Emily Petersen,https://www.sports-reference.com/cbb/players/emily-petersen-1.html,nebraska-omaha,2018-19
5,32,26,2019-02-16,Omaha,,Purdue Fort Wayne,REG (Conf),W 70-61,,26,3,9,.333,2,8,.250,1,1,1.000,.444,0,0,0,1,1,0,0,0,0,1,8,2.8,Emily Petersen,https://www.sports-reference.com/cbb/players/emily-petersen-1.html,nebraska-omaha,2018-19
6,33,27,2019-02-23,Omaha,@,North Dakota State,REG (Conf),L 48-55,,9,0,2,.000,0,2,.000,0,0,,.000,0,0,0,2,2,1,0,0,0,1,0,-0.5,Emily Petersen,https://www.sports-reference.com/cbb/players/emily-petersen-1.html,nebraska-omaha,2018-19
7,34,28,2019-02-28,Omaha,@,Oral Roberts,REG (Conf),L 64-65,,4,0,1,.000,0,1,.000,0,0,,.000,0,0,0,0,0,0,0,0,0,0,0,-0.7,Emily Petersen,https://www.sports-reference.com/cbb/players/emily-petersen-1.html,nebraska-omaha,2018-19
8,35,29,2019-03-02,Omaha,@,Denver,REG (Conf),L 76-82,,5,1,3,.333,1,3,.333,0,0,,.500,0,0,0,0,0,0,0,0,1,2,3,-0.5,Emily Petersen,https://www.sports-reference.com/cbb/players/emily-petersen-1.html,nebraska-omaha,2018-19
