ranker,player_game_num_career,team_game_num_season,date,team_name_abbr,game_location,opp_name_abbr,game_type,game_result,is_starter,mp,fg,fga,fg_pct,fg3,fg3a,fg3_pct,fg2,fg2a,fg2_pct,efg_pct,ft,fta,ft_pct,orb,drb,trb,ast,stl,blk,tov,pf,pts,game_score,player_name,player_sr_link,school,season
1,1,1,2018-11-09,Omaha,,USC Upstate,REG (Non-Conf),W 96-69,*,18,1,5,.200,0,2,.000,1,3,.333,.200,3,4,.750,2,5,7,1,0,1,0,2,5,5.0,Josie Filer,https://www.sports-reference.com/cbb/players/josie-filer-1.html,nebraska-omaha,2018-19
2,2,2,2018-11-12,Omaha,@,Kansas State,REG (Non-Conf),L 46-61,*,23,2,5,.400,1,3,.333,1,2,.500,.500,0,0,,1,4,5,1,0,0,3,4,5,0.3,Josie Filer,https://www.sports-reference.com/cbb/players/josie-filer-1.html,nebraska-omaha,2018-19
3,3,3,2018-11-16,Omaha,,Cal State Northridge,REG (Non-Conf),L 52-64,*,33,3,7,.429,0,2,.000,3,5,.600,.429,5,6,.833,3,5,8,3,2,2,3,3,11,11.8,Josie Filer,https://www.sports-reference.com/cbb/players/josie-filer-1.html,nebraska-omaha,2018-19
4,4,4,2018-11-23,Omaha,@,Campbell,REG (Non-Conf),L 52-65,*,32,4,9,.444,2,3,.667,2,6,.333,.556,2,2,1.000,2,8,10,0,0,1,2,2,12,9.0,Josie Filer,https://www.sports-reference.com/cbb/players/josie-filer-1.html,nebraska-omaha,2018-19
5,5,5,2018-11-25,Omaha,@,Florida A&M,REG (Non-Conf),W 57-50,*,28,2,9,.222,0,2,.000,2,7,.286,.222,2,4,.500,5,9,14,4,0,1,1,3,6,7.2,Josie Filer,https://www.sports-reference.com/cbb/players/josie-filer-1.html,nebraska-omaha,2018-19
6,6,6,2018-11-29,Omaha,@,Detroit Mercy,REG (Non-Conf),W 51-42,*,32,2,6,.333,0,0,,2,6,.333,.333,1,2,.500,2,7,9,2,1,0,1,1,5,5.7,Josie Filer,https://www.sports-reference.com/cbb/players/josie-filer-1.html,nebraska-omaha,2018-19
7,7,7,2018-12-02,Omaha,,Graceland (IA),REG (Non-Conf),W 81-39,*,17,3,6,.500,0,1,.000,3,5,.600,.500,0,0,,4,3,7,2,2,0,0,0,6,10.1,Josie Filer,https://www.sports-reference.com/cbb/players/josie-filer-1.html,nebraska-omaha,2018-19
8,8,8,2018-12-05,Omaha,@,Creighton,REG (Non-Conf),L 51-66,*,28,3,8,.375,1,3,.333,2,5,.400,.438,1,2,.500,3,5,8,0,0,1,0,0,8,7.5,Josie Filer,https://www.sports-reference.com/cbb/players/josie-filer-1.html,nebraska-omaha,2018-19
9,9,9,2018-12-09,Omaha,,Cal State Bakersfield,REG (Non-Conf),W 53-46,*,34,2,6,.333,0,3,.000,2,3,.667,.333,4,5,.800,2,9,11,1,3,0,0,1,8,11.6,Josie Filer,https://www.sports-reference.com/cbb/players/josie-filer-1.html,nebraska-omaha,2018-19
10,10,10,2018-12-14,Omaha,,Bradley,REG (Non-Conf),L 60-80,*,25,3,6,.500,0,1,.000,3,5,.600,.500,4,4,1.000,2,5,7,0,0,0,4,3,10,4.7,Josie Filer,https://www.sports-reference.com/cbb/players/josie-filer-1.html,nebraska-omaha,2018-19
11,11,11,2018-12-16,Omaha,@,Montana State,REG (Non-Conf),L 56-59,*,31,6,12,.500,1,2,.500,5,10,.500,.542,2,4,.500,2,4,6,1,2,1,3,3,15,10.0,Josie Filer,https://www.sports-reference.com/cbb/players/josie-filer-1.html,nebraska-omaha,2018-19
12,12,12,2018-12-21,Omaha,@,Northern Iowa,REG (Non-Conf),L 50-79,*,25,3,9,.333,0,1,.000,3,8,.375,.333,0,0,,3,4,7,1,3,0,3,0,6,4.9,Josie Filer,https://www.sports-reference.com/cbb/players/josie-filer-1.html,nebraska-omaha,2018-19
13,13,13,2018-12-28,Omaha,,Denver,REG (Conf),L 68-95,*,12,0,1,.000,0,0,,0,1,.000,.000,0,0,,1,1,2,0,0,0,2,5,0,-3.7,Josie Filer,https://www.sports-reference.com/cbb/players/josie-filer-1.html,nebraska-omaha,2018-19
14,14,14,2018-12-30,Omaha,,Oral Roberts,REG (Conf),L 56-71,*,29,3,6,.500,0,0,,3,6,.500,.500,2,2,1.000,3,5,8,1,0,0,2,0,8,7.3,Josie Filer,https://www.sports-reference.com/cbb/players/josie-filer-1.html,nebraska-omaha,2018-19
15,15,15,2019-01-06,Omaha,,North Dakota State,REG (Conf),W 78-61,*,28,1,1,1.000,0,0,,1,1,1.000,1.000,2,2,1.000,4,4,8,3,0,0,1,2,4,8.0,Josie Filer,https://www.sports-reference.com/cbb/players/josie-filer-1.html,nebraska-omaha,2018-19
16,16,16,2019-01-09,Omaha,@,North Dakota,REG (Conf),L 57-68,*,22,2,5,.400,0,2,.000,2,3,.667,.400,1,2,.500,2,4,6,2,1,0,3,3,5,2.7,Josie Filer,https://www.sports-reference.com/cbb/players/josie-filer-1.html,nebraska-omaha,2018-19
17,17,17,2019-01-16,Omaha,@,Western Illinois,REG (Conf),L 70-78,*,21,0,2,.000,0,1,.000,0,1,.000,.000,0,0,,2,5,7,0,0,0,4,3,0,-3.7,Josie Filer,https://www.sports-reference.com/cbb/players/josie-filer-1.html,nebraska-omaha,2018-19
18,18,18,2019-01-20,Omaha,,South Dakota,REG (Conf),L 49-80,*,23,2,5,.400,1,2,.500,1,3,.333,.500,2,2,1.000,1,5,6,1,1,1,3,4,7,4.3,Josie Filer,https://www.sports-reference.com/cbb/players/josie-filer-1.html,nebraska-omaha,2018-19
19,19,19,2019-01-24,Omaha,@,Purdue Fort Wayne,REG (Conf),L 48-56,*,37,3,8,.375,0,1,.000,3,7,.429,.375,3,4,.750,5,2,7,0,0,0,3,4,9,3.7,Josie Filer,https://www.sports-reference.com/cbb/players/josie-filer-1.html,nebraska-omaha,2018-19
20,20,20,2019-01-26,Omaha,@,South Dakota State,REG (Conf),L 47-81,*,20,2,5,.400,1,3,.333,1,2,.500,.500,0,0,,3,6,9,0,0,1,3,2,5,3.1,Josie Filer,https://www.sports-reference.com/cbb/players/josie-filer-1.html,nebraska-omaha,2018-19
21,21,21,2019-01-30,Omaha,,Peru St.,REG (Non-Conf),W 91-44,*,22,2,3,.667,0,1,.000,2,2,1.000,.667,1,2,.500,2,9,11,3,1,0,0,0,5,10.5,Josie Filer,https://www.sports-reference.com/cbb/players/josie-filer-1.html,nebraska-omaha,2018-19
22,22,22,2019-02-03,Omaha,,North Dakota,REG (Conf),L 68-69,*,21,2,5,.400,0,2,.000,2,3,.667,.400,0,0,,3,2,5,1,0,0,2,1,4,2.3,Josie Filer,https://www.sports-reference.com/cbb/players/josie-filer-1.html,nebraska-omaha,2018-19
23,23,23,2019-02-06,Omaha,@,South Dakota,REG (Conf),L 33-78,*,28,0,4,.000,0,3,.000,0,1,.000,.000,0,0,,1,9,10,1,0,0,2,2,0,-1.5,Josie Filer,https://www.sports-reference.com/cbb/players/josie-filer-1.html,nebraska-omaha,2018-19
24,24,24,2019-02-09,Omaha,,Western Illinois,REG (Conf),L 67-79,*,33,7,10,.700,2,2,1.000,5,8,.625,.800,4,7,.571,6,4,10,1,1,0,1,4,20,19.1,Josie Filer,https://www.sports-reference.com/cbb/players/josie-filer-1.html,nebraska-omaha,2018-19
25,25,25,2019-02-13,Omaha,,South Dakota State,REG (Conf),L 38-82,*,29,1,4,.250,1,2,.500,0,2,.000,.375,0,0,,1,3,4,0,0,0,1,3,3,0.0,Josie Filer,https://www.sports-reference.com/cbb/players/josie-filer-1.html,nebraska-omaha,2018-19
26,26,26,2019-02-16,Omaha,,Purdue Fort Wayne,REG (Conf),W 70-61,*,22,2,4,.500,1,1,1.000,1,3,.333,.625,0,0,,0,6,6,0,0,0,0,1,5,4.4,Josie Filer,https://www.sports-reference.com/cbb/players/josie-filer-1.html,nebraska-omaha,2018-19
27,27,27,2019-02-23,Omaha,@,North Dakota State,REG (Conf),L 48-55,*,33,1,2,.500,0,0,,1,2,.500,.500,2,3,.667,1,8,9,0,1,3,1,4,4,6.2,Josie Filer,https://www.sports-reference.com/cbb/players/josie-filer-1.html,nebraska-omaha,2018-19
28,28,28,2019-02-28,Omaha,@,Oral Roberts,REG (Conf),L 64-65,*,25,4,6,.667,1,2,.500,3,4,.750,.750,4,5,.800,4,2,6,2,1,1,2,1,13,14.1,Josie Filer,https://www.sports-reference.com/cbb/players/josie-filer-1.html,nebraska-omaha,2018-19
