ranker,player_game_num_career,team_game_num_season,date,team_name_abbr,game_location,opp_name_abbr,game_type,game_result,is_starter,mp,fg,fga,fg_pct,fg3,fg3a,fg3_pct,fg2,fg2a,fg2_pct,efg_pct,ft,fta,ft_pct,orb,drb,trb,ast,stl,blk,tov,pf,pts,game_score,player_name,player_sr_link,school,season
1,1,1,2018-11-09,Omaha,,USC Upstate,REG (Non-Conf),W 96-69,,15,1,3,.333,1,3,.333,0,0,,.500,0,0,,1,1,2,2,1,0,0,1,3,4.3,Kylee Coulter,https://www.sports-reference.com/cbb/players/kylee-coulter-1.html,nebraska-omaha,2018-19
2,2,2,2018-11-12,Omaha,@,Kansas State,REG (Non-Conf),L 46-61,,11,0,0,,0,0,,0,0,,,0,0,,1,1,2,2,0,0,1,0,0,1.4,Kylee Coulter,https://www.sports-reference.com/cbb/players/kylee-coulter-1.html,nebraska-omaha,2018-19
3,3,3,2018-11-16,Omaha,,Cal State Northridge,REG (Non-Conf),L 52-64,,15,1,4,.250,0,3,.000,1,1,1.000,.250,0,0,,0,2,2,3,0,1,3,0,2,0.0,Kylee Coulter,https://www.sports-reference.com/cbb/players/kylee-coulter-1.html,nebraska-omaha,2018-19
4,4,4,2018-11-23,Omaha,@,Campbell,REG (Non-Conf),L 52-65,,7,0,0,,0,0,,0,0,,,0,0,,0,1,1,0,0,0,0,0,0,0.3,Kylee Coulter,https://www.sports-reference.com/cbb/players/kylee-coulter-1.html,nebraska-omaha,2018-19
5,5,5,2018-11-25,Omaha,@,Florida A&M,REG (Non-Conf),W 57-50,,3,0,0,,0,0,,0,0,,,0,0,,0,1,1,0,0,0,0,0,0,0.3,Kylee Coulter,https://www.sports-reference.com/cbb/players/kylee-coulter-1.html,nebraska-omaha,2018-19
6,6,6,2018-11-29,Omaha,@,Detroit Mercy,REG (Non-Conf),W 51-42,,0,0,0,,0,0,,0,0,,,0,0,,0,0,0,0,0,0,0,0,0,0.0,Kylee Coulter,https://www.sports-reference.com/cbb/players/kylee-coulter-1.html,nebraska-omaha,2018-19
7,7,7,2018-12-02,Omaha,,Graceland (IA),REG (Non-Conf),W 81-39,,17,3,7,.429,1,4,.250,2,3,.667,.500,0,0,,0,1,1,1,2,0,1,0,7,5.3,Kylee Coulter,https://www.sports-reference.com/cbb/players/kylee-coulter-1.html,nebraska-omaha,2018-19
8,8,8,2018-12-05,Omaha,@,Creighton,REG (Non-Conf),L 51-66,,2,1,1,1.000,1,1,1.000,0,0,,1.500,0,0,,0,0,0,0,0,0,0,1,3,2.3,Kylee Coulter,https://www.sports-reference.com/cbb/players/kylee-coulter-1.html,nebraska-omaha,2018-19
9,9,9,2018-12-09,Omaha,,Cal State Bakersfield,REG (Non-Conf),W 53-46,,3,0,0,,0,0,,0,0,,,0,0,,0,0,0,0,1,0,1,0,0,0.0,Kylee Coulter,https://www.sports-reference.com/cbb/players/kylee-coulter-1.html,nebraska-omaha,2018-19
10,10,10,2018-12-14,Omaha,,Bradley,REG (Non-Conf),L 60-80,,8,1,2,.500,0,1,.000,1,1,1.000,.500,0,0,,0,1,1,0,0,0,0,0,2,1.3,Kylee Coulter,https://www.sports-reference.com/cbb/players/kylee-coulter-1.html,nebraska-omaha,2018-19
11,11,12,2018-12-21,Omaha,@,Northern Iowa,REG (Non-Conf),L 50-79,,10,0,1,.000,0,0,,0,1,.000,.000,0,0,,1,0,1,0,1,0,0,2,0,0.2,Kylee Coulter,https://www.sports-reference.com/cbb/players/kylee-coulter-1.html,nebraska-omaha,2018-19
12,12,13,2018-12-28,Omaha,,Denver,REG (Conf),L 68-95,,11,2,4,.500,1,2,.500,1,2,.500,.625,0,0,,1,1,2,0,0,0,0,0,5,4.0,Kylee Coulter,https://www.sports-reference.com/cbb/players/kylee-coulter-1.html,nebraska-omaha,2018-19
13,13,14,2018-12-30,Omaha,,Oral Roberts,REG (Conf),L 56-71,,13,0,2,.000,0,2,.000,0,0,,.000,0,0,,0,1,1,0,1,0,3,3,0,-4.3,Kylee Coulter,https://www.sports-reference.com/cbb/players/kylee-coulter-1.html,nebraska-omaha,2018-19
14,14,15,2019-01-06,Omaha,,North Dakota State,REG (Conf),W 78-61,,11,2,5,.400,2,4,.500,0,1,.000,.600,0,0,,0,3,3,0,0,0,0,1,6,3.8,Kylee Coulter,https://www.sports-reference.com/cbb/players/kylee-coulter-1.html,nebraska-omaha,2018-19
15,15,16,2019-01-09,Omaha,@,North Dakota,REG (Conf),L 57-68,,11,0,2,.000,0,2,.000,0,0,,.000,0,0,,1,1,2,0,0,0,0,0,0,-0.4,Kylee Coulter,https://www.sports-reference.com/cbb/players/kylee-coulter-1.html,nebraska-omaha,2018-19
16,16,17,2019-01-16,Omaha,@,Western Illinois,REG (Conf),L 70-78,,19,3,6,.500,3,6,.500,0,0,,.750,0,0,,0,1,1,1,1,0,4,2,9,3.2,Kylee Coulter,https://www.sports-reference.com/cbb/players/kylee-coulter-1.html,nebraska-omaha,2018-19
17,17,18,2019-01-20,Omaha,,South Dakota,REG (Conf),L 49-80,,12,0,4,.000,0,3,.000,0,1,.000,.000,0,0,,1,0,1,0,0,0,0,1,0,-2.5,Kylee Coulter,https://www.sports-reference.com/cbb/players/kylee-coulter-1.html,nebraska-omaha,2018-19
18,18,19,2019-01-24,Omaha,@,Purdue Fort Wayne,REG (Conf),L 48-56,,6,0,1,.000,0,1,.000,0,0,,.000,0,0,,0,1,1,0,0,1,0,0,0,0.3,Kylee Coulter,https://www.sports-reference.com/cbb/players/kylee-coulter-1.html,nebraska-omaha,2018-19
19,19,20,2019-01-26,Omaha,@,South Dakota State,REG (Conf),L 47-81,,7,1,5,.200,1,5,.200,0,0,,.300,0,0,,0,0,0,0,0,0,0,0,3,-0.1,Kylee Coulter,https://www.sports-reference.com/cbb/players/kylee-coulter-1.html,nebraska-omaha,2018-19
20,20,21,2019-01-30,Omaha,,Peru St.,REG (Non-Conf),W 91-44,,15,3,10,.300,2,7,.286,1,3,.333,.400,1,2,.500,0,0,0,0,0,1,0,2,9,2.7,Kylee Coulter,https://www.sports-reference.com/cbb/players/kylee-coulter-1.html,nebraska-omaha,2018-19
21,21,22,2019-02-03,Omaha,,North Dakota,REG (Conf),L 68-69,,6,0,0,,0,0,,0,0,,,0,0,,0,1,1,0,0,0,1,0,0,-0.7,Kylee Coulter,https://www.sports-reference.com/cbb/players/kylee-coulter-1.html,nebraska-omaha,2018-19
22,22,23,2019-02-06,Omaha,@,South Dakota,REG (Conf),L 33-78,,12,1,3,.333,1,3,.333,0,0,,.500,0,0,,0,1,1,0,1,0,3,0,3,-0.4,Kylee Coulter,https://www.sports-reference.com/cbb/players/kylee-coulter-1.html,nebraska-omaha,2018-19
23,23,24,2019-02-09,Omaha,,Western Illinois,REG (Conf),L 67-79,,11,0,1,.000,0,1,.000,0,0,,.000,0,0,,0,4,4,1,0,0,1,1,0,-0.2,Kylee Coulter,https://www.sports-reference.com/cbb/players/kylee-coulter-1.html,nebraska-omaha,2018-19
24,24,25,2019-02-13,Omaha,,South Dakota State,REG (Conf),L 38-82,,5,0,3,.000,0,3,.000,0,0,,.000,0,0,,0,0,0,0,0,0,0,0,0,-2.1,Kylee Coulter,https://www.sports-reference.com/cbb/players/kylee-coulter-1.html,nebraska-omaha,2018-19
25,25,29,2019-03-02,Omaha,@,Denver,REG (Conf),L 76-82,,10,0,0,,0,0,,0,0,,,0,0,,0,3,3,0,1,0,0,0,0,1.9,Kylee Coulter,https://www.sports-reference.com/cbb/players/kylee-coulter-1.html,nebraska-omaha,2018-19
