ranker,player_game_num_career,team_game_num_season,date,team_name_abbr,game_location,opp_name_abbr,game_type,game_result,is_starter,mp,fg,fga,fg_pct,fg3,fg3a,fg3_pct,fg2,fg2a,fg2_pct,efg_pct,ft,fta,ft_pct,orb,drb,trb,ast,stl,blk,tov,pf,pts,game_score,player_name,player_sr_link,school,season
1,11,1,2018-11-09,Omaha,,USC Upstate,REG (Non-Conf),W 96-69,*,25,7,13,.538,0,1,.000,7,12,.583,.538,3,3,1.000,3,1,4,0,2,0,1,0,17,14.1,Rayanna Carter,https://www.sports-reference.com/cbb/players/rayanna-carter-1.html,nebraska-omaha,2018-19
2,12,2,2018-11-12,Omaha,@,Kansas State,REG (Non-Conf),L 46-61,*,26,1,11,.091,0,0,,1,11,.091,.091,1,2,.500,0,4,4,1,1,0,2,0,3,-3.8,Rayanna Carter,https://www.sports-reference.com/cbb/players/rayanna-carter-1.html,nebraska-omaha,2018-19
3,13,3,2018-11-16,Omaha,,Cal State Northridge,REG (Non-Conf),L 52-64,*,17,0,6,.000,0,0,,0,6,.000,.000,0,0,,3,3,6,4,1,0,2,0,0,0.6,Rayanna Carter,https://www.sports-reference.com/cbb/players/rayanna-carter-1.html,nebraska-omaha,2018-19
4,14,4,2018-11-23,Omaha,@,Campbell,REG (Non-Conf),L 52-65,*,14,4,8,.500,0,0,,4,8,.500,.500,0,0,,2,0,2,0,1,0,2,2,8,3.6,Rayanna Carter,https://www.sports-reference.com/cbb/players/rayanna-carter-1.html,nebraska-omaha,2018-19
5,15,5,2018-11-25,Omaha,@,Florida A&M,REG (Non-Conf),W 57-50,*,30,1,5,.200,0,2,.000,1,3,.333,.200,3,4,.750,1,4,5,5,1,0,3,2,5,4.1,Rayanna Carter,https://www.sports-reference.com/cbb/players/rayanna-carter-1.html,nebraska-omaha,2018-19
6,16,6,2018-11-29,Omaha,@,Detroit Mercy,REG (Non-Conf),W 51-42,*,24,5,5,1.000,2,2,1.000,3,3,1.000,1.200,0,0,,0,1,1,2,0,0,4,1,12,7.8,Rayanna Carter,https://www.sports-reference.com/cbb/players/rayanna-carter-1.html,nebraska-omaha,2018-19
7,17,7,2018-12-02,Omaha,,Graceland (IA),REG (Non-Conf),W 81-39,*,20,5,6,.833,0,0,,5,6,.833,.833,4,4,1.000,0,1,1,3,3,0,1,0,14,16.2,Rayanna Carter,https://www.sports-reference.com/cbb/players/rayanna-carter-1.html,nebraska-omaha,2018-19
8,18,8,2018-12-05,Omaha,@,Creighton,REG (Non-Conf),L 51-66,*,31,8,16,.500,1,2,.500,7,14,.500,.531,1,2,.500,0,3,3,1,0,0,2,1,18,8.8,Rayanna Carter,https://www.sports-reference.com/cbb/players/rayanna-carter-1.html,nebraska-omaha,2018-19
9,19,9,2018-12-09,Omaha,,Cal State Bakersfield,REG (Non-Conf),W 53-46,*,32,5,12,.417,1,1,1.000,4,11,.364,.458,4,5,.800,0,1,1,0,2,0,4,0,15,6.5,Rayanna Carter,https://www.sports-reference.com/cbb/players/rayanna-carter-1.html,nebraska-omaha,2018-19
10,20,10,2018-12-14,Omaha,,Bradley,REG (Non-Conf),L 60-80,*,33,5,11,.455,0,1,.000,5,10,.500,.455,2,2,1.000,1,2,3,3,0,0,1,1,12,8.3,Rayanna Carter,https://www.sports-reference.com/cbb/players/rayanna-carter-1.html,nebraska-omaha,2018-19
11,21,11,2018-12-16,Omaha,@,Montana State,REG (Non-Conf),L 56-59,*,17,1,3,.333,0,0,,1,3,.333,.333,0,0,,0,0,0,0,0,0,3,3,2,-3.9,Rayanna Carter,https://www.sports-reference.com/cbb/players/rayanna-carter-1.html,nebraska-omaha,2018-19
12,22,12,2018-12-21,Omaha,@,Northern Iowa,REG (Non-Conf),L 50-79,*,23,4,11,.364,0,1,.000,4,10,.400,.364,2,4,.500,0,1,1,2,2,0,1,2,10,5.0,Rayanna Carter,https://www.sports-reference.com/cbb/players/rayanna-carter-1.html,nebraska-omaha,2018-19
13,23,13,2018-12-28,Omaha,,Denver,REG (Conf),L 68-95,*,29,2,13,.154,0,1,.000,2,12,.167,.154,0,0,,2,1,3,2,0,0,1,0,4,-2.2,Rayanna Carter,https://www.sports-reference.com/cbb/players/rayanna-carter-1.html,nebraska-omaha,2018-19
14,24,14,2018-12-30,Omaha,,Oral Roberts,REG (Conf),L 56-71,*,39,7,14,.500,0,0,,7,14,.500,.500,5,6,.833,1,1,2,2,2,0,4,0,19,12.0,Rayanna Carter,https://www.sports-reference.com/cbb/players/rayanna-carter-1.html,nebraska-omaha,2018-19
15,25,15,2019-01-06,Omaha,,North Dakota State,REG (Conf),W 78-61,*,36,5,13,.385,2,3,.667,3,10,.300,.462,4,4,1.000,1,0,1,2,2,0,0,2,16,12.2,Rayanna Carter,https://www.sports-reference.com/cbb/players/rayanna-carter-1.html,nebraska-omaha,2018-19
16,26,16,2019-01-09,Omaha,@,North Dakota,REG (Conf),L 57-68,*,32,3,9,.333,0,0,,3,9,.333,.333,0,0,,0,1,1,1,0,0,3,0,6,-1.1,Rayanna Carter,https://www.sports-reference.com/cbb/players/rayanna-carter-1.html,nebraska-omaha,2018-19
17,27,17,2019-01-16,Omaha,@,Western Illinois,REG (Conf),L 70-78,*,26,5,11,.455,0,1,.000,5,10,.500,.455,0,0,,1,3,4,3,2,0,3,2,10,6.2,Rayanna Carter,https://www.sports-reference.com/cbb/players/rayanna-carter-1.html,nebraska-omaha,2018-19
18,28,18,2019-01-20,Omaha,,South Dakota,REG (Conf),L 49-80,*,31,5,12,.417,0,0,,5,12,.417,.417,2,2,1.000,1,2,3,3,2,0,3,0,12,8.0,Rayanna Carter,https://www.sports-reference.com/cbb/players/rayanna-carter-1.html,nebraska-omaha,2018-19
19,29,19,2019-01-24,Omaha,@,Purdue Fort Wayne,REG (Conf),L 48-56,*,38,3,12,.250,0,4,.000,3,8,.375,.250,1,2,.500,1,3,4,0,2,2,7,2,7,-3.4,Rayanna Carter,https://www.sports-reference.com/cbb/players/rayanna-carter-1.html,nebraska-omaha,2018-19
20,30,20,2019-01-26,Omaha,@,South Dakota State,REG (Conf),L 47-81,*,31,2,8,.250,0,0,,2,8,.250,.250,3,3,1.000,0,2,2,0,1,0,1,1,7,2.4,Rayanna Carter,https://www.sports-reference.com/cbb/players/rayanna-carter-1.html,nebraska-omaha,2018-19
21,31,21,2019-01-30,Omaha,,Peru St.,REG (Non-Conf),W 91-44,*,19,5,9,.556,0,0,,5,9,.556,.556,0,2,.000,0,2,2,2,0,0,0,2,10,6.1,Rayanna Carter,https://www.sports-reference.com/cbb/players/rayanna-carter-1.html,nebraska-omaha,2018-19
22,32,22,2019-02-03,Omaha,,North Dakota,REG (Conf),L 68-69,*,36,6,15,.400,1,3,.333,5,12,.417,.433,5,6,.833,0,3,3,3,1,0,1,2,18,11.7,Rayanna Carter,https://www.sports-reference.com/cbb/players/rayanna-carter-1.html,nebraska-omaha,2018-19
23,33,23,2019-02-06,Omaha,@,South Dakota,REG (Conf),L 33-78,*,21,0,6,.000,0,0,,0,6,.000,.000,0,0,,1,2,3,0,0,0,2,1,0,-5.3,Rayanna Carter,https://www.sports-reference.com/cbb/players/rayanna-carter-1.html,nebraska-omaha,2018-19
24,34,24,2019-02-09,Omaha,,Western Illinois,REG (Conf),L 67-79,*,37,4,13,.308,1,2,.500,3,11,.273,.346,4,4,1.000,1,3,4,4,2,0,4,3,13,6.7,Rayanna Carter,https://www.sports-reference.com/cbb/players/rayanna-carter-1.html,nebraska-omaha,2018-19
25,35,25,2019-02-13,Omaha,,South Dakota State,REG (Conf),L 38-82,*,25,2,10,.200,0,1,.000,2,9,.222,.200,1,4,.250,1,3,4,0,1,0,2,1,5,-2.2,Rayanna Carter,https://www.sports-reference.com/cbb/players/rayanna-carter-1.html,nebraska-omaha,2018-19
26,36,26,2019-02-16,Omaha,,Purdue Fort Wayne,REG (Conf),W 70-61,*,34,7,15,.467,0,0,,7,15,.467,.467,5,7,.714,1,2,3,1,0,1,1,1,19,11.8,Rayanna Carter,https://www.sports-reference.com/cbb/players/rayanna-carter-1.html,nebraska-omaha,2018-19
27,37,27,2019-02-23,Omaha,@,North Dakota State,REG (Conf),L 48-55,*,34,2,12,.167,1,2,.500,1,10,.100,.208,0,2,.000,1,1,2,4,2,0,1,3,5,0.2,Rayanna Carter,https://www.sports-reference.com/cbb/players/rayanna-carter-1.html,nebraska-omaha,2018-19
28,38,28,2019-02-28,Omaha,@,Oral Roberts,REG (Conf),L 64-65,*,23,0,5,.000,0,1,.000,0,4,.000,.000,0,0,,1,2,3,0,0,0,1,4,0,-4.8,Rayanna Carter,https://www.sports-reference.com/cbb/players/rayanna-carter-1.html,nebraska-omaha,2018-19
29,39,29,2019-03-02,Omaha,@,Denver,REG (Conf),L 76-82,*,30,2,8,.250,0,2,.000,2,6,.333,.250,3,4,.750,0,1,1,7,1,0,3,0,7,5.0,Rayanna Carter,https://www.sports-reference.com/cbb/players/rayanna-carter-1.html,nebraska-omaha,2018-19
