ranker,player_game_num_career,team_game_num_season,date,team_name_abbr,game_location,opp_name_abbr,game_type,game_result,is_starter,mp,fg,fga,fg_pct,fg3,fg3a,fg3_pct,fg2,fg2a,fg2_pct,efg_pct,ft,fta,ft_pct,orb,drb,trb,ast,stl,blk,tov,pf,pts,game_score,player_name,player_sr_link,school,season
1,28,1,2018-11-09,Omaha,,USC Upstate,REG (Non-Conf),W 96-69,,14,5,5,1.000,0,0,,5,5,1.000,1.000,0,2,.000,2,4,6,0,0,1,1,0,10,10.0,Romekia Wallace,https://www.sports-reference.com/cbb/players/romekia-wallace-1.html,nebraska-omaha,2018-19
2,29,2,2018-11-12,Omaha,@,Kansas State,REG (Non-Conf),L 46-61,,13,1,3,.333,0,0,,1,3,.333,.333,0,0,,0,3,3,0,1,0,2,2,2,-0.6,Romekia Wallace,https://www.sports-reference.com/cbb/players/romekia-wallace-1.html,nebraska-omaha,2018-19
3,30,3,2018-11-16,Omaha,,Cal State Northridge,REG (Non-Conf),L 52-64,,5,0,1,.000,0,0,,0,1,.000,.000,0,0,,0,0,0,0,0,0,0,0,0,-0.7,Romekia Wallace,https://www.sports-reference.com/cbb/players/romekia-wallace-1.html,nebraska-omaha,2018-19
4,31,4,2018-11-23,Omaha,@,Campbell,REG (Non-Conf),L 52-65,,9,1,3,.333,0,0,,1,3,.333,.333,0,0,,1,2,3,0,0,0,2,1,2,-0.8,Romekia Wallace,https://www.sports-reference.com/cbb/players/romekia-wallace-1.html,nebraska-omaha,2018-19
5,32,5,2018-11-25,Omaha,@,Florida A&M,REG (Non-Conf),W 57-50,,7,0,3,.000,0,0,,0,3,.000,.000,0,0,,2,0,2,0,0,0,0,0,0,-0.7,Romekia Wallace,https://www.sports-reference.com/cbb/players/romekia-wallace-1.html,nebraska-omaha,2018-19
6,33,6,2018-11-29,Omaha,@,Detroit Mercy,REG (Non-Conf),W 51-42,,10,2,3,.667,0,0,,2,3,.667,.667,0,0,,0,0,0,0,0,0,2,0,4,0.7,Romekia Wallace,https://www.sports-reference.com/cbb/players/romekia-wallace-1.html,nebraska-omaha,2018-19
7,34,7,2018-12-02,Omaha,,Graceland (IA),REG (Non-Conf),W 81-39,,15,1,4,.250,0,0,,1,4,.250,.250,0,0,,2,4,6,0,1,1,0,0,2,3.9,Romekia Wallace,https://www.sports-reference.com/cbb/players/romekia-wallace-1.html,nebraska-omaha,2018-19
8,35,8,2018-12-05,Omaha,@,Creighton,REG (Non-Conf),L 51-66,,3,0,0,,0,0,,0,0,,,0,0,,0,0,0,0,0,0,0,1,0,-0.4,Romekia Wallace,https://www.sports-reference.com/cbb/players/romekia-wallace-1.html,nebraska-omaha,2018-19
9,36,9,2018-12-09,Omaha,,Cal State Bakersfield,REG (Non-Conf),W 53-46,,14,0,6,.000,0,0,,0,6,.000,.000,0,0,,4,2,6,1,1,0,0,1,0,0.5,Romekia Wallace,https://www.sports-reference.com/cbb/players/romekia-wallace-1.html,nebraska-omaha,2018-19
10,37,10,2018-12-14,Omaha,,Bradley,REG (Non-Conf),L 60-80,,13,0,0,,0,0,,0,0,,,0,0,,1,3,4,0,1,0,1,0,0,1.6,Romekia Wallace,https://www.sports-reference.com/cbb/players/romekia-wallace-1.html,nebraska-omaha,2018-19
11,38,11,2018-12-16,Omaha,@,Montana State,REG (Non-Conf),L 56-59,,17,1,2,.500,0,0,,1,2,.500,.500,2,2,1.000,3,4,7,2,0,0,1,3,4,5.5,Romekia Wallace,https://www.sports-reference.com/cbb/players/romekia-wallace-1.html,nebraska-omaha,2018-19
12,39,12,2018-12-21,Omaha,@,Northern Iowa,REG (Non-Conf),L 50-79,*,21,0,3,.000,0,0,,0,3,.000,.000,0,0,,3,3,6,0,0,1,0,2,0,0.8,Romekia Wallace,https://www.sports-reference.com/cbb/players/romekia-wallace-1.html,nebraska-omaha,2018-19
13,40,13,2018-12-28,Omaha,,Denver,REG (Conf),L 68-95,,9,1,3,.333,0,1,.000,1,2,.500,.333,0,3,.000,3,3,6,1,0,0,0,2,2,2.0,Romekia Wallace,https://www.sports-reference.com/cbb/players/romekia-wallace-1.html,nebraska-omaha,2018-19
14,41,14,2018-12-30,Omaha,,Oral Roberts,REG (Conf),L 56-71,,13,0,1,.000,0,0,,0,1,.000,.000,2,4,.500,0,3,3,1,0,0,0,1,2,1.7,Romekia Wallace,https://www.sports-reference.com/cbb/players/romekia-wallace-1.html,nebraska-omaha,2018-19
15,42,15,2019-01-06,Omaha,,North Dakota State,REG (Conf),W 78-61,,4,0,0,,0,0,,0,0,,,0,0,,0,1,1,0,0,0,0,0,0,0.3,Romekia Wallace,https://www.sports-reference.com/cbb/players/romekia-wallace-1.html,nebraska-omaha,2018-19
16,43,16,2019-01-09,Omaha,@,North Dakota,REG (Conf),L 57-68,,11,1,1,1.000,0,0,,1,1,1.000,1.000,2,2,1.000,2,1,3,1,0,0,1,1,4,4.7,Romekia Wallace,https://www.sports-reference.com/cbb/players/romekia-wallace-1.html,nebraska-omaha,2018-19
17,44,17,2019-01-16,Omaha,@,Western Illinois,REG (Conf),L 70-78,,3,0,0,,0,0,,0,0,,,0,0,,0,0,0,0,0,0,0,0,0,0.0,Romekia Wallace,https://www.sports-reference.com/cbb/players/romekia-wallace-1.html,nebraska-omaha,2018-19
18,45,18,2019-01-20,Omaha,,South Dakota,REG (Conf),L 49-80,,18,0,1,.000,0,0,,0,1,.000,.000,0,0,,0,1,1,0,1,0,0,2,0,-0.2,Romekia Wallace,https://www.sports-reference.com/cbb/players/romekia-wallace-1.html,nebraska-omaha,2018-19
19,46,19,2019-01-24,Omaha,@,Purdue Fort Wayne,REG (Conf),L 48-56,,3,0,0,,0,0,,0,0,,,0,0,,1,1,2,1,0,0,0,0,0,1.7,Romekia Wallace,https://www.sports-reference.com/cbb/players/romekia-wallace-1.html,nebraska-omaha,2018-19
20,47,20,2019-01-26,Omaha,@,South Dakota State,REG (Conf),L 47-81,,10,0,1,.000,0,0,,0,1,.000,.000,0,0,,1,0,1,0,0,0,0,1,0,-0.4,Romekia Wallace,https://www.sports-reference.com/cbb/players/romekia-wallace-1.html,nebraska-omaha,2018-19
21,48,21,2019-01-30,Omaha,,Peru St.,REG (Non-Conf),W 91-44,,15,5,8,.625,0,0,,5,8,.625,.625,0,0,,2,4,6,2,1,0,0,0,10,11.4,Romekia Wallace,https://www.sports-reference.com/cbb/players/romekia-wallace-1.html,nebraska-omaha,2018-19
22,49,22,2019-02-03,Omaha,,North Dakota,REG (Conf),L 68-69,,11,2,4,.500,0,0,,2,4,.500,.500,3,4,.750,4,3,7,2,0,1,0,0,7,10.4,Romekia Wallace,https://www.sports-reference.com/cbb/players/romekia-wallace-1.html,nebraska-omaha,2018-19
23,50,23,2019-02-06,Omaha,@,South Dakota,REG (Conf),L 33-78,,10,0,0,,0,0,,0,0,,,0,0,,1,2,3,0,1,1,1,1,0,1.6,Romekia Wallace,https://www.sports-reference.com/cbb/players/romekia-wallace-1.html,nebraska-omaha,2018-19
24,51,24,2019-02-09,Omaha,,Western Illinois,REG (Conf),L 67-79,,8,0,2,.000,0,0,,0,2,.000,.000,0,0,,2,1,3,0,0,0,0,1,0,-0.1,Romekia Wallace,https://www.sports-reference.com/cbb/players/romekia-wallace-1.html,nebraska-omaha,2018-19
25,52,25,2019-02-13,Omaha,,South Dakota State,REG (Conf),L 38-82,,8,0,0,,0,0,,0,0,,,0,0,,0,2,2,0,0,0,1,0,0,-0.4,Romekia Wallace,https://www.sports-reference.com/cbb/players/romekia-wallace-1.html,nebraska-omaha,2018-19
26,53,27,2019-02-23,Omaha,@,North Dakota State,REG (Conf),L 48-55,,2,0,0,,0,0,,0,0,,,0,0,,1,0,1,1,0,0,0,1,0,1.0,Romekia Wallace,https://www.sports-reference.com/cbb/players/romekia-wallace-1.html,nebraska-omaha,2018-19
27,54,29,2019-03-02,Omaha,@,Denver,REG (Conf),L 76-82,,5,0,0,,0,0,,0,0,,,0,0,,0,1,1,1,0,0,0,1,0,0.6,Romekia Wallace,https://www.sports-reference.com/cbb/players/romekia-wallace-1.html,nebraska-omaha,2018-19
