ranker,player_game_num_career,team_game_num_season,date,team_name_abbr,game_location,opp_name_abbr,game_type,game_result,is_starter,mp,fg,fga,fg_pct,fg3,fg3a,fg3_pct,fg2,fg2a,fg2_pct,efg_pct,ft,fta,ft_pct,orb,drb,trb,ast,stl,blk,tov,pf,pts,game_score,player_name,player_sr_link,school,season
1,1,1,2018-11-09,Omaha,,USC Upstate,REG (Non-Conf),W 96-69,*,23,5,10,.500,0,3,.000,5,7,.714,.500,1,1,1.000,0,6,6,0,1,1,4,1,11,5.1,Sophie Johnston,https://www.sports-reference.com/cbb/players/sophie-johnston-1.html,nebraska-omaha,2018-19
2,2,2,2018-11-12,Omaha,@,Kansas State,REG (Non-Conf),L 46-61,*,30,2,5,.400,0,0,,2,5,.400,.400,2,2,1.000,1,3,4,1,0,0,2,2,6,2.8,Sophie Johnston,https://www.sports-reference.com/cbb/players/sophie-johnston-1.html,nebraska-omaha,2018-19
3,3,3,2018-11-16,Omaha,,Cal State Northridge,REG (Non-Conf),L 52-64,*,25,4,9,.444,3,7,.429,1,2,.500,.611,0,0,,4,0,4,3,1,0,3,1,11,8.8,Sophie Johnston,https://www.sports-reference.com/cbb/players/sophie-johnston-1.html,nebraska-omaha,2018-19
4,4,4,2018-11-23,Omaha,@,Campbell,REG (Non-Conf),L 52-65,*,30,1,4,.250,1,2,.500,0,2,.000,.375,2,2,1.000,0,0,0,1,0,0,2,2,5,0.5,Sophie Johnston,https://www.sports-reference.com/cbb/players/sophie-johnston-1.html,nebraska-omaha,2018-19
5,5,5,2018-11-25,Omaha,@,Florida A&M,REG (Non-Conf),W 57-50,*,15,1,4,.250,0,3,.000,1,1,1.000,.250,0,2,.000,1,0,1,1,2,0,0,0,2,2.2,Sophie Johnston,https://www.sports-reference.com/cbb/players/sophie-johnston-1.html,nebraska-omaha,2018-19
6,6,6,2018-11-29,Omaha,@,Detroit Mercy,REG (Non-Conf),W 51-42,*,19,1,2,.500,1,2,.500,0,0,,.750,0,0,,0,1,1,1,0,0,2,0,3,1.0,Sophie Johnston,https://www.sports-reference.com/cbb/players/sophie-johnston-1.html,nebraska-omaha,2018-19
7,7,7,2018-12-02,Omaha,,Graceland (IA),REG (Non-Conf),W 81-39,*,16,0,4,.000,0,2,.000,0,2,.000,.000,0,0,,1,2,3,1,0,0,0,1,0,-1.2,Sophie Johnston,https://www.sports-reference.com/cbb/players/sophie-johnston-1.html,nebraska-omaha,2018-19
8,8,8,2018-12-05,Omaha,@,Creighton,REG (Non-Conf),L 51-66,*,24,0,5,.000,0,3,.000,0,2,.000,.000,0,0,,0,3,3,4,1,0,1,0,0,0.2,Sophie Johnston,https://www.sports-reference.com/cbb/players/sophie-johnston-1.html,nebraska-omaha,2018-19
9,9,9,2018-12-09,Omaha,,Cal State Bakersfield,REG (Non-Conf),W 53-46,*,28,3,5,.600,1,3,.333,2,2,1.000,.700,0,0,,1,4,5,1,0,0,4,1,7,2.9,Sophie Johnston,https://www.sports-reference.com/cbb/players/sophie-johnston-1.html,nebraska-omaha,2018-19
10,10,10,2018-12-14,Omaha,,Bradley,REG (Non-Conf),L 60-80,*,30,3,5,.600,2,2,1.000,1,3,.333,.800,0,0,,1,1,2,4,0,0,1,2,8,7.7,Sophie Johnston,https://www.sports-reference.com/cbb/players/sophie-johnston-1.html,nebraska-omaha,2018-19
11,11,11,2018-12-16,Omaha,@,Montana State,REG (Non-Conf),L 56-59,*,31,4,8,.500,2,3,.667,2,5,.400,.625,0,0,,3,2,5,1,0,0,2,1,10,7.0,Sophie Johnston,https://www.sports-reference.com/cbb/players/sophie-johnston-1.html,nebraska-omaha,2018-19
12,12,12,2018-12-21,Omaha,@,Northern Iowa,REG (Non-Conf),L 50-79,*,31,2,7,.286,0,2,.000,2,5,.400,.286,0,0,,0,2,2,1,3,0,0,0,4,4.2,Sophie Johnston,https://www.sports-reference.com/cbb/players/sophie-johnston-1.html,nebraska-omaha,2018-19
13,13,13,2018-12-28,Omaha,,Denver,REG (Conf),L 68-95,*,23,3,5,.600,1,2,.500,2,3,.667,.700,2,2,1.000,0,0,0,3,0,0,1,2,9,7.0,Sophie Johnston,https://www.sports-reference.com/cbb/players/sophie-johnston-1.html,nebraska-omaha,2018-19
14,14,14,2018-12-30,Omaha,,Oral Roberts,REG (Conf),L 56-71,*,34,1,6,.167,1,3,.333,0,3,.000,.250,0,0,,1,1,2,3,1,0,1,1,3,1.9,Sophie Johnston,https://www.sports-reference.com/cbb/players/sophie-johnston-1.html,nebraska-omaha,2018-19
15,15,15,2019-01-06,Omaha,,North Dakota State,REG (Conf),W 78-61,*,31,2,7,.286,1,5,.200,1,2,.500,.357,2,2,1.000,2,3,5,3,1,0,0,1,7,7.9,Sophie Johnston,https://www.sports-reference.com/cbb/players/sophie-johnston-1.html,nebraska-omaha,2018-19
16,16,16,2019-01-09,Omaha,@,North Dakota,REG (Conf),L 57-68,*,26,2,5,.400,2,4,.500,0,1,.000,.600,3,4,.750,0,0,0,0,1,1,1,2,9,5.8,Sophie Johnston,https://www.sports-reference.com/cbb/players/sophie-johnston-1.html,nebraska-omaha,2018-19
17,17,17,2019-01-16,Omaha,@,Western Illinois,REG (Conf),L 70-78,*,19,1,4,.250,0,3,.000,1,1,1.000,.250,0,2,.000,1,2,3,2,0,0,2,3,2,-1.7,Sophie Johnston,https://www.sports-reference.com/cbb/players/sophie-johnston-1.html,nebraska-omaha,2018-19
18,18,18,2019-01-20,Omaha,,South Dakota,REG (Conf),L 49-80,*,25,2,3,.667,1,1,1.000,1,2,.500,.833,1,2,.500,0,4,4,1,0,0,3,1,6,2.8,Sophie Johnston,https://www.sports-reference.com/cbb/players/sophie-johnston-1.html,nebraska-omaha,2018-19
19,19,19,2019-01-24,Omaha,@,Purdue Fort Wayne,REG (Conf),L 48-56,*,23,0,4,.000,0,3,.000,0,1,.000,.000,0,0,,1,2,3,0,0,0,4,3,0,-6.7,Sophie Johnston,https://www.sports-reference.com/cbb/players/sophie-johnston-1.html,nebraska-omaha,2018-19
20,20,20,2019-01-26,Omaha,@,South Dakota State,REG (Conf),L 47-81,*,23,0,5,.000,0,2,.000,0,3,.000,.000,0,0,,0,4,4,0,0,0,2,1,0,-4.7,Sophie Johnston,https://www.sports-reference.com/cbb/players/sophie-johnston-1.html,nebraska-omaha,2018-19
21,21,21,2019-01-30,Omaha,,Peru St.,REG (Non-Conf),W 91-44,*,29,5,9,.556,1,3,.333,4,6,.667,.611,4,5,.800,1,2,3,6,0,0,1,0,15,14.8,Sophie Johnston,https://www.sports-reference.com/cbb/players/sophie-johnston-1.html,nebraska-omaha,2018-19
22,22,22,2019-02-03,Omaha,,North Dakota,REG (Conf),L 68-69,*,36,7,9,.778,4,4,1.000,3,5,.600,1.000,2,2,1.000,0,2,2,0,0,0,2,4,20,13.5,Sophie Johnston,https://www.sports-reference.com/cbb/players/sophie-johnston-1.html,nebraska-omaha,2018-19
23,23,23,2019-02-06,Omaha,@,South Dakota,REG (Conf),L 33-78,*,20,1,4,.250,0,2,.000,1,2,.500,.250,2,2,1.000,0,1,1,0,1,0,2,1,4,0.5,Sophie Johnston,https://www.sports-reference.com/cbb/players/sophie-johnston-1.html,nebraska-omaha,2018-19
24,24,24,2019-02-09,Omaha,,Western Illinois,REG (Conf),L 67-79,*,37,2,5,.400,1,4,.250,1,1,1.000,.500,2,2,1.000,1,6,7,0,0,0,3,4,7,2.2,Sophie Johnston,https://www.sports-reference.com/cbb/players/sophie-johnston-1.html,nebraska-omaha,2018-19
25,25,25,2019-02-13,Omaha,,South Dakota State,REG (Conf),L 38-82,*,22,1,8,.125,0,4,.000,1,4,.250,.125,0,0,,0,0,0,2,0,0,3,0,2,-4.8,Sophie Johnston,https://www.sports-reference.com/cbb/players/sophie-johnston-1.html,nebraska-omaha,2018-19
26,26,26,2019-02-16,Omaha,,Purdue Fort Wayne,REG (Conf),W 70-61,*,16,1,3,.333,0,1,.000,1,2,.500,.333,1,2,.500,0,1,1,0,0,0,2,1,3,-1.2,Sophie Johnston,https://www.sports-reference.com/cbb/players/sophie-johnston-1.html,nebraska-omaha,2018-19
27,27,27,2019-02-23,Omaha,@,North Dakota State,REG (Conf),L 48-55,*,33,2,7,.286,1,5,.200,1,2,.500,.357,2,2,1.000,1,1,2,0,1,0,2,0,7,2.9,Sophie Johnston,https://www.sports-reference.com/cbb/players/sophie-johnston-1.html,nebraska-omaha,2018-19
28,28,28,2019-02-28,Omaha,@,Oral Roberts,REG (Conf),L 64-65,*,39,3,6,.500,2,5,.400,1,1,1.000,.667,0,0,,0,2,2,3,0,0,1,2,8,5.9,Sophie Johnston,https://www.sports-reference.com/cbb/players/sophie-johnston-1.html,nebraska-omaha,2018-19
29,29,29,2019-03-02,Omaha,@,Denver,REG (Conf),L 76-82,*,39,5,7,.714,3,5,.600,2,2,1.000,.929,0,0,,0,2,2,5,1,0,0,2,13,14.4,Sophie Johnston,https://www.sports-reference.com/cbb/players/sophie-johnston-1.html,nebraska-omaha,2018-19
