ranker,player_game_num_career,team_game_num_season,date,team_name_abbr,game_location,opp_name_abbr,game_type,game_result,is_starter,mp,fg,fga,fg_pct,fg3,fg3a,fg3_pct,fg2,fg2a,fg2_pct,efg_pct,ft,fta,ft_pct,orb,drb,trb,ast,stl,blk,tov,pf,pts,game_score,player_name,player_sr_link,school,season
1,80,5,2018-12-01,Prairie View A&M,@,Texas A&M–Corpus Christi,REG (Non-Conf),W 67-59,,4,0,1,.000,0,1,.000,0,0,,.000,0,0,,0,0,0,0,0,0,2,0,0,-2.7,Chelsea Tieuel,https://www.sports-reference.com/cbb/players/chelsea-tieuel-1.html,prairie-view,2018-19
2,81,6,2018-12-08,Prairie View A&M,,Rice,REG (Non-Conf),L 58-68,,4,0,2,.000,0,1,.000,0,1,.000,.000,0,0,,0,1,1,0,0,1,0,1,0,-0.8,Chelsea Tieuel,https://www.sports-reference.com/cbb/players/chelsea-tieuel-1.html,prairie-view,2018-19
3,82,7,2018-12-12,Prairie View A&M,@,Colorado,REG (Non-Conf),L 38-79,,6,0,0,,0,0,,0,0,,,0,0,,0,0,0,0,0,0,1,0,0,-1.0,Chelsea Tieuel,https://www.sports-reference.com/cbb/players/chelsea-tieuel-1.html,prairie-view,2018-19
4,83,8,2018-12-16,Prairie View A&M,@,Arkansas,REG (Non-Conf),L 44-71,,13,1,3,.333,1,3,.333,0,0,,.500,0,0,,0,0,0,0,0,0,0,0,3,1.3,Chelsea Tieuel,https://www.sports-reference.com/cbb/players/chelsea-tieuel-1.html,prairie-view,2018-19
5,84,9,2018-12-19,Prairie View A&M,@,Iowa State,REG (Non-Conf),L 46-94,,14,3,7,.429,2,5,.400,1,2,.500,.571,0,0,,0,1,1,0,0,0,1,1,8,3.2,Chelsea Tieuel,https://www.sports-reference.com/cbb/players/chelsea-tieuel-1.html,prairie-view,2018-19
6,85,10,2018-12-21,Prairie View A&M,@,Texas A&M,REG (Non-Conf),L 57-70,*,25,0,4,.000,0,2,.000,0,2,.000,.000,0,0,,1,1,2,1,1,0,0,1,0,-0.5,Chelsea Tieuel,https://www.sports-reference.com/cbb/players/chelsea-tieuel-1.html,prairie-view,2018-19
7,86,12,2019-01-07,Prairie View A&M,@,Alcorn State,REG (Conf),W 82-61,,10,0,2,.000,0,1,.000,0,1,.000,.000,0,0,,0,0,0,1,0,0,0,1,0,-1.1,Chelsea Tieuel,https://www.sports-reference.com/cbb/players/chelsea-tieuel-1.html,prairie-view,2018-19
8,87,13,2019-01-12,Prairie View A&M,,Texas Southern,REG (Conf),L 44-52,,18,2,5,.400,2,5,.400,0,0,,.600,0,0,,3,1,4,2,0,0,1,3,6,4.9,Chelsea Tieuel,https://www.sports-reference.com/cbb/players/chelsea-tieuel-1.html,prairie-view,2018-19
9,88,14,2019-01-19,Prairie View A&M,,Jackson State,REG (Conf),W 76-57,,8,0,1,.000,0,1,.000,0,0,,.000,2,2,1.000,0,0,0,1,2,0,0,1,2,3.6,Chelsea Tieuel,https://www.sports-reference.com/cbb/players/chelsea-tieuel-1.html,prairie-view,2018-19
10,89,15,2019-01-21,Prairie View A&M,,Grambling State,REG (Conf),L 63-64,,2,0,0,,0,0,,0,0,,,0,0,,1,1,2,0,0,0,1,0,0,0.0,Chelsea Tieuel,https://www.sports-reference.com/cbb/players/chelsea-tieuel-1.html,prairie-view,2018-19
11,90,16,2019-01-26,Prairie View A&M,@,Mississippi Valley State,REG (Conf),W 75-65,,22,0,2,.000,0,1,.000,0,1,.000,.000,0,0,,0,2,2,1,1,0,0,1,0,0.5,Chelsea Tieuel,https://www.sports-reference.com/cbb/players/chelsea-tieuel-1.html,prairie-view,2018-19
12,91,17,2019-01-28,Prairie View A&M,@,Arkansas–Pine Bluff,REG (Conf),W 80-41,,16,1,3,.333,0,0,,1,3,.333,.333,3,3,1.000,2,3,5,0,1,0,0,1,5,6.2,Chelsea Tieuel,https://www.sports-reference.com/cbb/players/chelsea-tieuel-1.html,prairie-view,2018-19
13,92,18,2019-02-02,Prairie View A&M,,Alabama A&M,REG (Conf),W 77-65,,8,0,2,.000,0,1,.000,0,1,.000,.000,0,0,,0,1,1,0,0,0,0,2,0,-1.9,Chelsea Tieuel,https://www.sports-reference.com/cbb/players/chelsea-tieuel-1.html,prairie-view,2018-19
14,93,19,2019-02-04,Prairie View A&M,,Alabama State,REG (Conf),W 71-59,,15,1,2,.500,1,2,.500,0,0,,.750,1,2,.500,1,0,1,1,1,0,1,3,4,2.8,Chelsea Tieuel,https://www.sports-reference.com/cbb/players/chelsea-tieuel-1.html,prairie-view,2018-19
15,94,20,2019-02-09,Prairie View A&M,@,Texas Southern,REG (Conf),L 67-73,,21,4,4,1.000,3,3,1.000,1,1,1.000,1.375,1,2,.500,3,1,4,1,1,0,2,2,12,11.7,Chelsea Tieuel,https://www.sports-reference.com/cbb/players/chelsea-tieuel-1.html,prairie-view,2018-19
16,95,21,2019-02-16,Prairie View A&M,@,Jackson State,REG (Conf),W 89-80,,13,1,3,.333,1,2,.500,0,1,.000,.500,2,2,1.000,0,2,2,2,1,0,2,3,5,3.1,Chelsea Tieuel,https://www.sports-reference.com/cbb/players/chelsea-tieuel-1.html,prairie-view,2018-19
17,96,22,2019-02-18,Prairie View A&M,@,Grambling State,REG (Conf),L 57-73,,22,2,8,.250,1,7,.143,1,1,1.000,.313,0,0,,3,1,4,0,1,0,4,2,5,-1.2,Chelsea Tieuel,https://www.sports-reference.com/cbb/players/chelsea-tieuel-1.html,prairie-view,2018-19
18,97,23,2019-02-23,Prairie View A&M,,Mississippi Valley State,REG (Conf),W 91-55,,15,3,4,.750,2,3,.667,1,1,1.000,1.000,0,0,,0,0,0,1,0,0,0,0,8,7.1,Chelsea Tieuel,https://www.sports-reference.com/cbb/players/chelsea-tieuel-1.html,prairie-view,2018-19
19,98,24,2019-02-25,Prairie View A&M,,Arkansas–Pine Bluff,REG (Conf),W 79-46,,18,3,6,.500,2,4,.500,1,2,.500,.667,1,1,1.000,0,3,3,1,1,0,1,1,9,7.2,Chelsea Tieuel,https://www.sports-reference.com/cbb/players/chelsea-tieuel-1.html,prairie-view,2018-19
20,99,25,2019-03-02,Prairie View A&M,@,Alabama A&M,REG (Conf),W 72-69,*,18,2,6,.333,0,2,.000,2,4,.500,.333,0,2,.000,0,1,1,0,1,0,1,2,4,-0.7,Chelsea Tieuel,https://www.sports-reference.com/cbb/players/chelsea-tieuel-1.html,prairie-view,2018-19
21,100,26,2019-03-04,Prairie View A&M,@,Alabama State,REG (Conf),L 59-67 (OT),,25,2,5,.400,1,4,.250,1,1,1.000,.500,1,1,1.000,1,0,1,0,1,0,1,0,6,4.0,Chelsea Tieuel,https://www.sports-reference.com/cbb/players/chelsea-tieuel-1.html,prairie-view,2018-19
22,101,27,2019-03-07,Prairie View A&M,,Southern,REG (Conf),W 63-52,,29,1,3,.333,0,1,.000,1,2,.500,.333,6,6,1.000,1,4,5,1,0,0,1,1,8,7.5,Chelsea Tieuel,https://www.sports-reference.com/cbb/players/chelsea-tieuel-1.html,prairie-view,2018-19
23,102,28,2019-03-09,Prairie View A&M,,Alcorn State,REG (Conf),W 90-61,,19,2,4,.500,1,3,.333,1,1,1.000,.625,0,0,,0,1,1,2,0,0,0,0,5,4.7,Chelsea Tieuel,https://www.sports-reference.com/cbb/players/chelsea-tieuel-1.html,prairie-view,2018-19
24,103,29,2019-03-12,Prairie View A&M,,Alabama A&M,CTOURN,W 69-56,,22,2,5,.400,1,4,.250,1,1,1.000,.500,2,2,1.000,1,1,2,1,1,0,0,2,7,6.2,Chelsea Tieuel,https://www.sports-reference.com/cbb/players/chelsea-tieuel-1.html,prairie-view,2018-19
25,104,30,2019-03-15,Prairie View A&M,,Jackson State,CTOURN,L 63-75 (2OT),,35,3,14,.214,1,4,.250,2,10,.200,.250,0,0,,4,4,8,0,2,0,1,4,7,1.8,Chelsea Tieuel,https://www.sports-reference.com/cbb/players/chelsea-tieuel-1.html,prairie-view,2018-19
26,105,31,2019-03-21,Prairie View A&M,@,TCU,WNIT,L 41-72,*,15,1,6,.167,0,1,.000,1,5,.200,.167,2,2,1.000,1,0,1,1,1,0,3,1,4,-0.8,Chelsea Tieuel,https://www.sports-reference.com/cbb/players/chelsea-tieuel-1.html,prairie-view,2018-19
