ranker,player_game_num_career,team_game_num_season,date,team_name_abbr,game_location,opp_name_abbr,game_type,game_result,is_starter,mp,fg,fga,fg_pct,fg3,fg3a,fg3_pct,fg2,fg2a,fg2_pct,efg_pct,ft,fta,ft_pct,orb,drb,trb,ast,stl,blk,tov,pf,pts,game_score,player_name,player_sr_link,school,season
1,62,1,2018-11-09,Prairie View A&M,,Jarvis Christian,REG (Non-Conf),W 117-32,*,18,10,17,.588,1,6,.167,9,11,.818,.618,0,0,,1,1,2,3,6,0,0,2,21,21.4,Dominique Newman-Worrell,https://www.sports-reference.com/cbb/players/dominique-newman-1.html,prairie-view,2018-19
2,63,2,2018-11-15,Prairie View A&M,@,Oklahoma State,REG (Non-Conf),L 50-70,*,23,3,12,.250,1,6,.167,2,6,.333,.292,0,0,,0,1,1,1,1,0,1,4,7,-0.8,Dominique Newman-Worrell,https://www.sports-reference.com/cbb/players/dominique-newman-1.html,prairie-view,2018-19
3,64,3,2018-11-19,Prairie View A&M,,Arl Baptist,REG (Non-Conf),W 105-31,*,21,7,10,.700,5,7,.714,2,3,.667,.950,1,1,1.000,2,3,5,1,2,0,2,3,20,17.6,Dominique Newman-Worrell,https://www.sports-reference.com/cbb/players/dominique-newman-1.html,prairie-view,2018-19
4,65,4,2018-11-30,Prairie View A&M,@,Texas–Rio Grande Valley,REG (Non-Conf),L 50-57,*,16,0,3,.000,0,1,.000,0,2,.000,.000,0,0,,1,0,1,1,0,0,2,4,0,-4.3,Dominique Newman-Worrell,https://www.sports-reference.com/cbb/players/dominique-newman-1.html,prairie-view,2018-19
5,66,5,2018-12-01,Prairie View A&M,@,Texas A&M–Corpus Christi,REG (Non-Conf),W 67-59,*,32,6,11,.545,5,8,.625,1,3,.333,.773,3,5,.600,0,1,1,3,5,0,3,4,20,16.7,Dominique Newman-Worrell,https://www.sports-reference.com/cbb/players/dominique-newman-1.html,prairie-view,2018-19
6,67,6,2018-12-08,Prairie View A&M,,Rice,REG (Non-Conf),L 58-68,*,33,1,5,.200,1,4,.250,0,1,.000,.300,0,0,,2,2,4,1,0,0,2,3,3,-0.6,Dominique Newman-Worrell,https://www.sports-reference.com/cbb/players/dominique-newman-1.html,prairie-view,2018-19
7,68,7,2018-12-12,Prairie View A&M,@,Colorado,REG (Non-Conf),L 38-79,*,24,2,11,.182,1,9,.111,1,2,.500,.227,2,2,1.000,1,0,1,1,4,1,1,3,7,4.0,Dominique Newman-Worrell,https://www.sports-reference.com/cbb/players/dominique-newman-1.html,prairie-view,2018-19
8,69,8,2018-12-16,Prairie View A&M,@,Arkansas,REG (Non-Conf),L 44-71,*,18,1,6,.167,1,4,.250,0,2,.000,.250,0,0,,2,4,6,1,0,0,1,3,3,0.3,Dominique Newman-Worrell,https://www.sports-reference.com/cbb/players/dominique-newman-1.html,prairie-view,2018-19
9,70,9,2018-12-19,Prairie View A&M,@,Iowa State,REG (Non-Conf),L 46-94,*,33,2,9,.222,0,3,.000,2,6,.333,.222,0,0,,0,2,2,2,1,1,2,2,4,-0.6,Dominique Newman-Worrell,https://www.sports-reference.com/cbb/players/dominique-newman-1.html,prairie-view,2018-19
10,71,10,2018-12-21,Prairie View A&M,@,Texas A&M,REG (Non-Conf),L 57-70,*,32,4,10,.400,4,8,.500,0,2,.000,.600,2,2,1.000,1,3,4,5,1,0,3,4,14,10.1,Dominique Newman-Worrell,https://www.sports-reference.com/cbb/players/dominique-newman-1.html,prairie-view,2018-19
11,72,11,2019-01-05,Prairie View A&M,@,Southern,REG (Conf),W 55-54,*,33,0,4,.000,0,2,.000,0,2,.000,.000,2,2,1.000,2,2,4,2,2,0,5,1,2,-0.8,Dominique Newman-Worrell,https://www.sports-reference.com/cbb/players/dominique-newman-1.html,prairie-view,2018-19
12,73,12,2019-01-07,Prairie View A&M,@,Alcorn State,REG (Conf),W 82-61,*,17,2,3,.667,0,0,,2,3,.667,.667,0,0,,1,3,4,3,1,0,4,4,4,1.8,Dominique Newman-Worrell,https://www.sports-reference.com/cbb/players/dominique-newman-1.html,prairie-view,2018-19
13,74,13,2019-01-12,Prairie View A&M,,Texas Southern,REG (Conf),L 44-52,*,29,3,12,.250,1,7,.143,2,5,.400,.292,0,0,,1,0,1,1,1,0,1,4,7,-0.4,Dominique Newman-Worrell,https://www.sports-reference.com/cbb/players/dominique-newman-1.html,prairie-view,2018-19
14,75,14,2019-01-19,Prairie View A&M,,Jackson State,REG (Conf),W 76-57,*,28,3,10,.300,0,6,.000,3,4,.750,.300,0,0,,2,3,5,3,3,0,1,1,6,6.2,Dominique Newman-Worrell,https://www.sports-reference.com/cbb/players/dominique-newman-1.html,prairie-view,2018-19
15,76,15,2019-01-21,Prairie View A&M,,Grambling State,REG (Conf),L 63-64,*,36,3,6,.500,0,3,.000,3,3,1.000,.500,1,1,1.000,0,2,2,8,1,0,0,1,7,10.8,Dominique Newman-Worrell,https://www.sports-reference.com/cbb/players/dominique-newman-1.html,prairie-view,2018-19
16,77,16,2019-01-26,Prairie View A&M,@,Mississippi Valley State,REG (Conf),W 75-65,*,32,2,11,.182,2,7,.286,0,4,.000,.273,2,2,1.000,0,5,5,3,1,0,1,3,8,3.5,Dominique Newman-Worrell,https://www.sports-reference.com/cbb/players/dominique-newman-1.html,prairie-view,2018-19
17,78,17,2019-01-28,Prairie View A&M,@,Arkansas–Pine Bluff,REG (Conf),W 80-41,*,26,4,8,.500,3,5,.600,1,3,.333,.688,0,2,.000,1,1,2,2,3,0,0,2,11,10.8,Dominique Newman-Worrell,https://www.sports-reference.com/cbb/players/dominique-newman-1.html,prairie-view,2018-19
18,79,18,2019-02-02,Prairie View A&M,,Alabama A&M,REG (Conf),W 77-65,*,36,3,5,.600,0,1,.000,3,4,.750,.600,1,2,.500,1,4,5,1,1,0,1,3,7,5.7,Dominique Newman-Worrell,https://www.sports-reference.com/cbb/players/dominique-newman-1.html,prairie-view,2018-19
19,80,19,2019-02-04,Prairie View A&M,,Alabama State,REG (Conf),W 71-59,*,30,3,7,.429,3,5,.600,0,2,.000,.643,4,4,1.000,0,1,1,1,3,0,0,0,13,13.3,Dominique Newman-Worrell,https://www.sports-reference.com/cbb/players/dominique-newman-1.html,prairie-view,2018-19
20,81,20,2019-02-09,Prairie View A&M,@,Texas Southern,REG (Conf),L 67-73,*,30,1,5,.200,1,4,.250,0,1,.000,.300,0,0,,1,3,4,3,1,0,1,2,3,2.8,Dominique Newman-Worrell,https://www.sports-reference.com/cbb/players/dominique-newman-1.html,prairie-view,2018-19
21,82,21,2019-02-16,Prairie View A&M,@,Jackson State,REG (Conf),W 89-80,*,31,6,11,.545,4,8,.500,2,3,.667,.727,0,0,,2,3,5,1,0,0,2,5,16,9.7,Dominique Newman-Worrell,https://www.sports-reference.com/cbb/players/dominique-newman-1.html,prairie-view,2018-19
22,83,22,2019-02-18,Prairie View A&M,@,Grambling State,REG (Conf),L 57-73,*,30,1,7,.143,0,4,.000,1,3,.333,.143,1,2,.500,1,3,4,1,2,1,3,1,3,-0.3,Dominique Newman-Worrell,https://www.sports-reference.com/cbb/players/dominique-newman-1.html,prairie-view,2018-19
23,84,23,2019-02-23,Prairie View A&M,,Mississippi Valley State,REG (Conf),W 91-55,*,19,4,6,.667,2,2,1.000,2,4,.500,.833,0,0,,3,1,4,2,3,0,1,1,10,12.8,Dominique Newman-Worrell,https://www.sports-reference.com/cbb/players/dominique-newman-1.html,prairie-view,2018-19
24,85,24,2019-02-25,Prairie View A&M,,Arkansas–Pine Bluff,REG (Conf),W 79-46,*,22,3,7,.429,0,3,.000,3,4,.750,.429,5,5,1.000,1,1,2,3,3,0,2,1,11,11.0,Dominique Newman-Worrell,https://www.sports-reference.com/cbb/players/dominique-newman-1.html,prairie-view,2018-19
25,86,25,2019-03-02,Prairie View A&M,@,Alabama A&M,REG (Conf),W 72-69,*,22,1,3,.333,0,2,.000,1,1,1.000,.333,2,2,1.000,0,0,0,4,2,0,2,2,4,4.3,Dominique Newman-Worrell,https://www.sports-reference.com/cbb/players/dominique-newman-1.html,prairie-view,2018-19
26,87,26,2019-03-04,Prairie View A&M,@,Alabama State,REG (Conf),L 59-67 (OT),*,35,2,7,.286,1,6,.167,1,1,1.000,.357,0,0,,0,1,1,2,3,0,2,1,5,3.2,Dominique Newman-Worrell,https://www.sports-reference.com/cbb/players/dominique-newman-1.html,prairie-view,2018-19
27,88,27,2019-03-07,Prairie View A&M,,Southern,REG (Conf),W 63-52,*,21,3,7,.429,2,5,.400,1,2,.500,.571,1,2,.500,1,2,3,0,0,0,2,2,9,3.4,Dominique Newman-Worrell,https://www.sports-reference.com/cbb/players/dominique-newman-1.html,prairie-view,2018-19
28,89,28,2019-03-09,Prairie View A&M,,Alcorn State,REG (Conf),W 90-61,*,12,3,5,.600,1,2,.500,2,3,.667,.700,0,0,,0,2,2,2,2,0,0,0,7,8.7,Dominique Newman-Worrell,https://www.sports-reference.com/cbb/players/dominique-newman-1.html,prairie-view,2018-19
29,90,29,2019-03-12,Prairie View A&M,,Alabama A&M,CTOURN,W 69-56,*,34,4,13,.308,1,8,.125,3,5,.600,.346,1,1,1.000,3,4,7,0,2,0,2,3,10,4.6,Dominique Newman-Worrell,https://www.sports-reference.com/cbb/players/dominique-newman-1.html,prairie-view,2018-19
30,91,30,2019-03-15,Prairie View A&M,,Jackson State,CTOURN,L 63-75 (2OT),*,36,4,15,.267,1,7,.143,3,8,.375,.300,0,0,,0,4,4,2,4,0,5,3,9,0.5,Dominique Newman-Worrell,https://www.sports-reference.com/cbb/players/dominique-newman-1.html,prairie-view,2018-19
31,92,31,2019-03-21,Prairie View A&M,@,TCU,WNIT,L 41-72,*,29,2,7,.286,1,5,.200,1,2,.500,.357,0,0,,0,1,1,1,1,0,0,3,5,1.7,Dominique Newman-Worrell,https://www.sports-reference.com/cbb/players/dominique-newman-1.html,prairie-view,2018-19
