ranker,player_game_num_career,team_game_num_season,date,team_name_abbr,game_location,opp_name_abbr,game_type,game_result,is_starter,mp,fg,fga,fg_pct,fg3,fg3a,fg3_pct,fg2,fg2a,fg2_pct,efg_pct,ft,fta,ft_pct,orb,drb,trb,ast,stl,blk,tov,pf,pts,game_score,player_name,player_sr_link,school,season
1,28,1,2018-11-09,Prairie View A&M,,Jarvis Christian,REG (Non-Conf),W 117-32,,15,3,6,.500,0,0,,3,6,.500,.500,0,0,,1,0,1,4,4,0,2,0,6,8.5,Erin Willis,https://www.sports-reference.com/cbb/players/erin-willis-1.html,prairie-view,2018-19
2,29,2,2018-11-15,Prairie View A&M,@,Oklahoma State,REG (Non-Conf),L 50-70,,22,2,5,.400,1,2,.500,1,3,.333,.500,0,0,,0,0,0,0,1,1,1,2,5,2.2,Erin Willis,https://www.sports-reference.com/cbb/players/erin-willis-1.html,prairie-view,2018-19
3,30,3,2018-11-19,Prairie View A&M,,Arl Baptist,REG (Non-Conf),W 105-31,,19,3,4,.750,0,0,,3,4,.750,.750,4,5,.800,0,1,1,5,2,0,2,4,10,10.2,Erin Willis,https://www.sports-reference.com/cbb/players/erin-willis-1.html,prairie-view,2018-19
4,31,4,2018-11-30,Prairie View A&M,@,Texas–Rio Grande Valley,REG (Non-Conf),L 50-57,,24,6,9,.667,0,0,,6,9,.667,.667,1,1,1.000,0,1,1,2,3,0,4,4,13,8.2,Erin Willis,https://www.sports-reference.com/cbb/players/erin-willis-1.html,prairie-view,2018-19
5,32,5,2018-12-01,Prairie View A&M,@,Texas A&M–Corpus Christi,REG (Non-Conf),W 67-59,,18,1,2,.500,1,2,.500,0,0,,.750,0,0,,0,1,1,2,1,2,3,3,3,1.9,Erin Willis,https://www.sports-reference.com/cbb/players/erin-willis-1.html,prairie-view,2018-19
6,33,6,2018-12-08,Prairie View A&M,,Rice,REG (Non-Conf),L 58-68,,20,2,3,.667,0,0,,2,3,.667,.667,1,2,.500,1,0,1,3,1,0,0,4,5,5.5,Erin Willis,https://www.sports-reference.com/cbb/players/erin-willis-1.html,prairie-view,2018-19
7,34,7,2018-12-12,Prairie View A&M,@,Colorado,REG (Non-Conf),L 38-79,*,19,2,7,.286,0,1,.000,2,6,.333,.286,0,0,,0,4,4,0,1,0,3,1,4,-1.3,Erin Willis,https://www.sports-reference.com/cbb/players/erin-willis-1.html,prairie-view,2018-19
8,35,8,2018-12-16,Prairie View A&M,@,Arkansas,REG (Non-Conf),L 44-71,*,26,2,4,.500,0,0,,2,4,.500,.500,1,1,1.000,2,0,2,1,0,0,1,2,5,3.3,Erin Willis,https://www.sports-reference.com/cbb/players/erin-willis-1.html,prairie-view,2018-19
9,36,9,2018-12-19,Prairie View A&M,@,Iowa State,REG (Non-Conf),L 46-94,*,26,0,3,.000,0,0,,0,3,.000,.000,2,2,1.000,1,2,3,4,1,0,5,2,2,-0.8,Erin Willis,https://www.sports-reference.com/cbb/players/erin-willis-1.html,prairie-view,2018-19
10,37,10,2018-12-21,Prairie View A&M,@,Texas A&M,REG (Non-Conf),L 57-70,,22,1,5,.200,0,1,.000,1,4,.250,.200,1,2,.500,0,1,1,3,4,0,3,1,3,2.5,Erin Willis,https://www.sports-reference.com/cbb/players/erin-willis-1.html,prairie-view,2018-19
11,38,11,2019-01-05,Prairie View A&M,@,Southern,REG (Conf),W 55-54,,12,0,1,.000,0,1,.000,0,0,,.000,0,0,,0,3,3,2,0,0,2,3,0,-1.6,Erin Willis,https://www.sports-reference.com/cbb/players/erin-willis-1.html,prairie-view,2018-19
12,39,12,2019-01-07,Prairie View A&M,@,Alcorn State,REG (Conf),W 82-61,,23,0,0,,0,0,,0,0,,,3,4,.750,0,3,3,7,3,0,5,1,3,6.0,Erin Willis,https://www.sports-reference.com/cbb/players/erin-willis-1.html,prairie-view,2018-19
13,40,13,2019-01-12,Prairie View A&M,,Texas Southern,REG (Conf),L 44-52,,10,0,1,.000,0,0,,0,1,.000,.000,0,0,,1,0,1,1,0,0,2,1,0,-1.7,Erin Willis,https://www.sports-reference.com/cbb/players/erin-willis-1.html,prairie-view,2018-19
14,41,14,2019-01-19,Prairie View A&M,,Jackson State,REG (Conf),W 76-57,,13,1,3,.333,0,1,.000,1,2,.500,.333,4,4,1.000,0,1,1,0,1,0,3,2,6,1.8,Erin Willis,https://www.sports-reference.com/cbb/players/erin-willis-1.html,prairie-view,2018-19
15,42,15,2019-01-21,Prairie View A&M,,Grambling State,REG (Conf),L 63-64,,5,0,0,,0,0,,0,0,,,0,0,,0,0,0,2,0,0,2,0,0,-0.6,Erin Willis,https://www.sports-reference.com/cbb/players/erin-willis-1.html,prairie-view,2018-19
16,43,16,2019-01-26,Prairie View A&M,@,Mississippi Valley State,REG (Conf),W 75-65,*,20,1,1,1.000,0,0,,1,1,1.000,1.000,3,6,.500,0,3,3,0,5,1,8,3,5,0.9,Erin Willis,https://www.sports-reference.com/cbb/players/erin-willis-1.html,prairie-view,2018-19
17,44,17,2019-01-28,Prairie View A&M,@,Arkansas–Pine Bluff,REG (Conf),W 80-41,*,20,1,3,.333,0,0,,1,3,.333,.333,2,2,1.000,0,3,3,5,1,0,1,3,4,5.5,Erin Willis,https://www.sports-reference.com/cbb/players/erin-willis-1.html,prairie-view,2018-19
18,45,18,2019-02-02,Prairie View A&M,,Alabama A&M,REG (Conf),W 77-65,*,26,2,3,.667,0,0,,2,3,.667,.667,6,8,.750,0,2,2,5,2,0,4,3,10,8.8,Erin Willis,https://www.sports-reference.com/cbb/players/erin-willis-1.html,prairie-view,2018-19
19,46,19,2019-02-04,Prairie View A&M,,Alabama State,REG (Conf),W 71-59,*,18,1,3,.333,0,0,,1,3,.333,.333,3,4,.750,0,2,2,7,4,0,2,2,5,9.6,Erin Willis,https://www.sports-reference.com/cbb/players/erin-willis-1.html,prairie-view,2018-19
20,47,20,2019-02-09,Prairie View A&M,@,Texas Southern,REG (Conf),L 67-73,*,17,0,0,,0,0,,0,0,,,0,0,,0,0,0,0,0,0,3,2,0,-3.8,Erin Willis,https://www.sports-reference.com/cbb/players/erin-willis-1.html,prairie-view,2018-19
21,48,21,2019-02-16,Prairie View A&M,@,Jackson State,REG (Conf),W 89-80,*,27,3,6,.500,0,0,,3,6,.500,.500,5,6,.833,0,2,2,5,2,0,6,2,11,6.9,Erin Willis,https://www.sports-reference.com/cbb/players/erin-willis-1.html,prairie-view,2018-19
22,49,22,2019-02-18,Prairie View A&M,@,Grambling State,REG (Conf),L 57-73,*,18,1,5,.200,0,0,,1,5,.200,.200,2,2,1.000,1,1,2,2,3,2,4,3,4,2.5,Erin Willis,https://www.sports-reference.com/cbb/players/erin-willis-1.html,prairie-view,2018-19
23,50,23,2019-02-23,Prairie View A&M,,Mississippi Valley State,REG (Conf),W 91-55,*,13,3,3,1.000,2,2,1.000,1,1,1.000,1.333,1,3,.333,0,5,5,4,1,0,3,1,9,9.2,Erin Willis,https://www.sports-reference.com/cbb/players/erin-willis-1.html,prairie-view,2018-19
24,51,24,2019-02-25,Prairie View A&M,,Arkansas–Pine Bluff,REG (Conf),W 79-46,*,12,2,4,.500,0,0,,2,4,.500,.500,0,0,,0,0,0,7,2,0,0,3,4,7.7,Erin Willis,https://www.sports-reference.com/cbb/players/erin-willis-1.html,prairie-view,2018-19
25,52,25,2019-03-02,Prairie View A&M,@,Alabama A&M,REG (Conf),W 72-69,*,23,0,4,.000,0,1,.000,0,3,.000,.000,2,2,1.000,0,3,3,3,0,0,3,4,2,-2.4,Erin Willis,https://www.sports-reference.com/cbb/players/erin-willis-1.html,prairie-view,2018-19
26,53,26,2019-03-04,Prairie View A&M,@,Alabama State,REG (Conf),L 59-67 (OT),*,20,1,4,.250,0,2,.000,1,2,.500,.250,2,2,1.000,0,3,3,2,0,0,0,5,4,1.9,Erin Willis,https://www.sports-reference.com/cbb/players/erin-willis-1.html,prairie-view,2018-19
27,54,27,2019-03-07,Prairie View A&M,,Southern,REG (Conf),W 63-52,*,26,4,4,1.000,0,0,,4,4,1.000,1.000,5,9,.556,1,1,2,6,2,1,5,3,13,11.9,Erin Willis,https://www.sports-reference.com/cbb/players/erin-willis-1.html,prairie-view,2018-19
28,55,28,2019-03-09,Prairie View A&M,,Alcorn State,REG (Conf),W 90-61,*,16,3,3,1.000,0,0,,3,3,1.000,1.000,0,0,,1,1,2,6,2,0,2,0,6,10.3,Erin Willis,https://www.sports-reference.com/cbb/players/erin-willis-1.html,prairie-view,2018-19
29,56,29,2019-03-12,Prairie View A&M,,Alabama A&M,CTOURN,W 69-56,*,23,1,3,.333,0,0,,1,3,.333,.333,4,4,1.000,1,3,4,7,2,0,2,3,6,9.6,Erin Willis,https://www.sports-reference.com/cbb/players/erin-willis-1.html,prairie-view,2018-19
30,57,30,2019-03-15,Prairie View A&M,,Jackson State,CTOURN,L 63-75 (2OT),*,32,2,7,.286,2,4,.500,0,3,.000,.429,2,2,1.000,1,1,2,1,4,0,2,4,8,6.0,Erin Willis,https://www.sports-reference.com/cbb/players/erin-willis-1.html,prairie-view,2018-19
