ranker,player_game_num_career,team_game_num_season,date,team_name_abbr,game_location,opp_name_abbr,game_type,game_result,is_starter,mp,fg,fga,fg_pct,fg3,fg3a,fg2,fg2a,fg2_pct,efg_pct,ft,fta,ft_pct,orb,drb,trb,ast,stl,blk,tov,pf,pts,game_score,player_name,player_sr_link,school,season
1,1,1,2018-11-09,Prairie View A&M,,Jarvis Christian,REG (Non-Conf),W 117-32,,2,1,3,.333,0,0,1,3,.333,.333,0,0,,0,0,0,0,0,0,0,1,2,-0.1,Faith Isabell,https://www.sports-reference.com/cbb/players/faith-isabell-1.html,prairie-view,2018-19
2,2,3,2018-11-19,Prairie View A&M,,Arl Baptist,REG (Non-Conf),W 105-31,,9,0,0,,0,0,0,0,,,0,0,,0,0,0,1,1,0,0,0,0,1.7,Faith Isabell,https://www.sports-reference.com/cbb/players/faith-isabell-1.html,prairie-view,2018-19
3,3,12,2019-01-07,Prairie View A&M,@,Alcorn State,REG (Conf),W 82-61,,2,0,0,,0,0,0,0,,,0,0,,0,1,1,0,0,0,0,1,0,-0.1,Faith Isabell,https://www.sports-reference.com/cbb/players/faith-isabell-1.html,prairie-view,2018-19
4,4,14,2019-01-19,Prairie View A&M,,Jackson State,REG (Conf),W 76-57,,1,0,0,,0,0,0,0,,,0,0,,0,0,0,0,0,0,0,0,0,0.0,Faith Isabell,https://www.sports-reference.com/cbb/players/faith-isabell-1.html,prairie-view,2018-19
5,5,18,2019-02-02,Prairie View A&M,,Alabama A&M,REG (Conf),W 77-65,,1,0,0,,0,0,0,0,,,0,0,,0,0,0,0,0,0,0,0,0,0.0,Faith Isabell,https://www.sports-reference.com/cbb/players/faith-isabell-1.html,prairie-view,2018-19
6,6,23,2019-02-23,Prairie View A&M,,Mississippi Valley State,REG (Conf),W 91-55,,3,1,1,1.000,0,0,1,1,1.000,1.000,0,0,,0,1,1,0,0,0,0,1,2,1.6,Faith Isabell,https://www.sports-reference.com/cbb/players/faith-isabell-1.html,prairie-view,2018-19
7,7,24,2019-02-25,Prairie View A&M,,Arkansas–Pine Bluff,REG (Conf),W 79-46,,9,0,0,,0,0,0,0,,,0,0,,1,3,4,1,0,0,1,1,0,0.9,Faith Isabell,https://www.sports-reference.com/cbb/players/faith-isabell-1.html,prairie-view,2018-19
8,8,28,2019-03-09,Prairie View A&M,,Alcorn State,REG (Conf),W 90-61,,6,0,0,,0,0,0,0,,,1,2,.500,0,0,0,0,0,0,0,2,1,-0.2,Faith Isabell,https://www.sports-reference.com/cbb/players/faith-isabell-1.html,prairie-view,2018-19
