ranker,player_game_num_career,team_game_num_season,date,team_name_abbr,game_location,opp_name_abbr,game_type,game_result,is_starter,mp,fg,fga,fg_pct,fg3,fg3a,fg3_pct,fg2,fg2a,fg2_pct,efg_pct,ft,fta,ft_pct,orb,drb,trb,ast,stl,blk,tov,pf,pts,game_score,player_name,player_sr_link,school,season
1,31,1,2018-11-09,Prairie View A&M,,Jarvis Christian,REG (Non-Conf),W 117-32,,11,5,9,.556,0,0,,5,9,.556,.556,0,2,.000,5,3,8,3,0,1,3,0,10,9.1,Jhyrah Cobb,https://www.sports-reference.com/cbb/players/jhyrah-cobb-1.html,prairie-view,2018-19
2,32,2,2018-11-15,Prairie View A&M,@,Oklahoma State,REG (Non-Conf),L 50-70,,10,0,1,.000,0,0,,0,1,.000,.000,0,0,,1,3,4,0,0,0,1,3,0,-1.3,Jhyrah Cobb,https://www.sports-reference.com/cbb/players/jhyrah-cobb-1.html,prairie-view,2018-19
3,33,3,2018-11-19,Prairie View A&M,,Arl Baptist,REG (Non-Conf),W 105-31,,14,5,7,.714,0,0,,5,7,.714,.714,0,0,,2,5,7,0,1,2,2,1,10,10.0,Jhyrah Cobb,https://www.sports-reference.com/cbb/players/jhyrah-cobb-1.html,prairie-view,2018-19
4,34,4,2018-11-30,Prairie View A&M,@,Texas–Rio Grande Valley,REG (Non-Conf),L 50-57,,27,2,8,.250,0,0,,2,8,.250,.250,1,2,.500,0,5,5,1,1,6,3,3,5,3.0,Jhyrah Cobb,https://www.sports-reference.com/cbb/players/jhyrah-cobb-1.html,prairie-view,2018-19
5,35,5,2018-12-01,Prairie View A&M,@,Texas A&M–Corpus Christi,REG (Non-Conf),W 67-59,,6,0,3,.000,0,0,,0,3,.000,.000,0,0,,2,0,2,1,0,0,0,3,0,-1.2,Jhyrah Cobb,https://www.sports-reference.com/cbb/players/jhyrah-cobb-1.html,prairie-view,2018-19
6,36,6,2018-12-08,Prairie View A&M,,Rice,REG (Non-Conf),L 58-68,,8,0,1,.000,0,0,,0,1,.000,.000,0,0,,0,1,1,1,0,0,2,2,0,-2.5,Jhyrah Cobb,https://www.sports-reference.com/cbb/players/jhyrah-cobb-1.html,prairie-view,2018-19
7,37,7,2018-12-12,Prairie View A&M,@,Colorado,REG (Non-Conf),L 38-79,,17,1,2,.500,0,0,,1,2,.500,.500,2,4,.500,2,5,7,0,0,0,3,4,4,0.5,Jhyrah Cobb,https://www.sports-reference.com/cbb/players/jhyrah-cobb-1.html,prairie-view,2018-19
8,38,8,2018-12-16,Prairie View A&M,@,Arkansas,REG (Non-Conf),L 44-71,,14,1,5,.200,0,0,,1,5,.200,.200,0,0,,2,3,5,0,0,3,2,3,2,0.1,Jhyrah Cobb,https://www.sports-reference.com/cbb/players/jhyrah-cobb-1.html,prairie-view,2018-19
9,39,9,2018-12-19,Prairie View A&M,@,Iowa State,REG (Non-Conf),L 46-94,,15,0,2,.000,0,0,,0,2,.000,.000,2,2,1.000,1,3,4,0,0,1,1,5,2,-0.1,Jhyrah Cobb,https://www.sports-reference.com/cbb/players/jhyrah-cobb-1.html,prairie-view,2018-19
10,40,10,2018-12-21,Prairie View A&M,@,Texas A&M,REG (Non-Conf),L 57-70,,16,1,2,.500,0,0,,1,2,.500,.500,0,0,,2,2,4,1,0,4,0,5,2,4.5,Jhyrah Cobb,https://www.sports-reference.com/cbb/players/jhyrah-cobb-1.html,prairie-view,2018-19
11,41,11,2019-01-05,Prairie View A&M,@,Southern,REG (Conf),W 55-54,,12,0,2,.000,0,0,,0,2,.000,.000,0,0,,0,2,2,1,0,0,1,1,0,-1.5,Jhyrah Cobb,https://www.sports-reference.com/cbb/players/jhyrah-cobb-1.html,prairie-view,2018-19
12,42,12,2019-01-07,Prairie View A&M,@,Alcorn State,REG (Conf),W 82-61,,14,3,6,.500,0,1,.000,3,5,.600,.500,2,2,1.000,1,2,3,3,1,3,1,2,8,9.7,Jhyrah Cobb,https://www.sports-reference.com/cbb/players/jhyrah-cobb-1.html,prairie-view,2018-19
13,43,13,2019-01-12,Prairie View A&M,,Texas Southern,REG (Conf),L 44-52,,10,1,3,.333,0,0,,1,3,.333,.333,0,0,,1,1,2,1,0,0,1,3,2,-0.2,Jhyrah Cobb,https://www.sports-reference.com/cbb/players/jhyrah-cobb-1.html,prairie-view,2018-19
14,44,14,2019-01-19,Prairie View A&M,,Jackson State,REG (Conf),W 76-57,,17,1,2,.500,0,0,,1,2,.500,.500,1,2,.500,1,5,6,0,1,0,4,1,3,0.4,Jhyrah Cobb,https://www.sports-reference.com/cbb/players/jhyrah-cobb-1.html,prairie-view,2018-19
15,45,15,2019-01-21,Prairie View A&M,,Grambling State,REG (Conf),L 63-64,,12,2,4,.500,0,0,,2,4,.500,.500,0,0,,2,3,5,0,1,1,2,0,4,4.0,Jhyrah Cobb,https://www.sports-reference.com/cbb/players/jhyrah-cobb-1.html,prairie-view,2018-19
16,46,16,2019-01-26,Prairie View A&M,@,Mississippi Valley State,REG (Conf),W 75-65,,7,0,1,.000,0,0,,0,1,.000,.000,1,2,.500,1,1,2,0,1,0,0,0,1,1.9,Jhyrah Cobb,https://www.sports-reference.com/cbb/players/jhyrah-cobb-1.html,prairie-view,2018-19
17,47,17,2019-01-28,Prairie View A&M,@,Arkansas–Pine Bluff,REG (Conf),W 80-41,,6,1,1,1.000,0,0,,1,1,1.000,1.000,0,0,,0,1,1,0,0,0,0,2,2,1.2,Jhyrah Cobb,https://www.sports-reference.com/cbb/players/jhyrah-cobb-1.html,prairie-view,2018-19
18,48,18,2019-02-02,Prairie View A&M,,Alabama A&M,REG (Conf),W 77-65,,12,5,6,.833,0,0,,5,6,.833,.833,3,4,.750,1,3,4,0,2,0,5,3,13,7.8,Jhyrah Cobb,https://www.sports-reference.com/cbb/players/jhyrah-cobb-1.html,prairie-view,2018-19
19,49,19,2019-02-04,Prairie View A&M,,Alabama State,REG (Conf),W 71-59,,10,0,0,,0,0,,0,0,,,0,0,,1,0,1,0,0,0,1,3,0,-1.5,Jhyrah Cobb,https://www.sports-reference.com/cbb/players/jhyrah-cobb-1.html,prairie-view,2018-19
20,50,20,2019-02-09,Prairie View A&M,@,Texas Southern,REG (Conf),L 67-73,,18,3,5,.600,0,0,,3,5,.600,.600,0,0,,2,3,5,2,0,1,1,0,6,7.1,Jhyrah Cobb,https://www.sports-reference.com/cbb/players/jhyrah-cobb-1.html,prairie-view,2018-19
21,51,21,2019-02-16,Prairie View A&M,@,Jackson State,REG (Conf),W 89-80,,21,3,4,.750,0,0,,3,4,.750,.750,2,2,1.000,3,2,5,2,0,0,2,0,8,8.5,Jhyrah Cobb,https://www.sports-reference.com/cbb/players/jhyrah-cobb-1.html,prairie-view,2018-19
22,52,22,2019-02-18,Prairie View A&M,@,Grambling State,REG (Conf),L 57-73,,9,0,1,.000,0,0,,0,1,.000,.000,0,0,,1,1,2,0,0,0,2,1,0,-2.1,Jhyrah Cobb,https://www.sports-reference.com/cbb/players/jhyrah-cobb-1.html,prairie-view,2018-19
23,53,23,2019-02-23,Prairie View A&M,,Mississippi Valley State,REG (Conf),W 91-55,,14,2,2,1.000,0,0,,2,2,1.000,1.000,0,0,,0,2,2,0,0,2,1,1,4,4.0,Jhyrah Cobb,https://www.sports-reference.com/cbb/players/jhyrah-cobb-1.html,prairie-view,2018-19
24,54,24,2019-02-25,Prairie View A&M,,Arkansas–Pine Bluff,REG (Conf),W 79-46,,18,5,5,1.000,0,0,,5,5,1.000,1.000,0,0,,1,8,9,1,0,1,2,3,10,9.8,Jhyrah Cobb,https://www.sports-reference.com/cbb/players/jhyrah-cobb-1.html,prairie-view,2018-19
25,55,25,2019-03-02,Prairie View A&M,@,Alabama A&M,REG (Conf),W 72-69,,5,0,0,,0,0,,0,0,,,0,0,,0,0,0,0,0,1,1,2,0,-1.1,Jhyrah Cobb,https://www.sports-reference.com/cbb/players/jhyrah-cobb-1.html,prairie-view,2018-19
26,56,26,2019-03-04,Prairie View A&M,@,Alabama State,REG (Conf),L 59-67 (OT),,10,0,2,.000,0,0,,0,2,.000,.000,0,0,,0,4,4,0,0,1,1,2,0,-1.3,Jhyrah Cobb,https://www.sports-reference.com/cbb/players/jhyrah-cobb-1.html,prairie-view,2018-19
27,57,27,2019-03-07,Prairie View A&M,,Southern,REG (Conf),W 63-52,,11,4,4,1.000,0,0,,4,4,1.000,1.000,0,0,,0,3,3,0,0,1,0,4,8,6.8,Jhyrah Cobb,https://www.sports-reference.com/cbb/players/jhyrah-cobb-1.html,prairie-view,2018-19
28,58,28,2019-03-09,Prairie View A&M,,Alcorn State,REG (Conf),W 90-61,*,19,4,5,.800,0,0,,4,5,.800,.800,0,0,,3,4,7,2,0,0,2,0,8,8.8,Jhyrah Cobb,https://www.sports-reference.com/cbb/players/jhyrah-cobb-1.html,prairie-view,2018-19
29,59,29,2019-03-12,Prairie View A&M,,Alabama A&M,CTOURN,W 69-56,*,19,2,2,1.000,0,0,,2,2,1.000,1.000,0,0,,0,3,3,1,2,2,2,3,4,5.2,Jhyrah Cobb,https://www.sports-reference.com/cbb/players/jhyrah-cobb-1.html,prairie-view,2018-19
30,60,30,2019-03-15,Prairie View A&M,,Jackson State,CTOURN,L 63-75 (2OT),*,15,0,4,.000,0,0,,0,4,.000,.000,0,2,.000,3,2,5,0,0,0,0,2,0,-1.7,Jhyrah Cobb,https://www.sports-reference.com/cbb/players/jhyrah-cobb-1.html,prairie-view,2018-19
31,61,31,2019-03-21,Prairie View A&M,@,TCU,WNIT,L 41-72,*,13,1,6,.167,0,1,.000,1,5,.200,.167,0,0,,2,0,2,0,1,0,3,3,2,-3.6,Jhyrah Cobb,https://www.sports-reference.com/cbb/players/jhyrah-cobb-1.html,prairie-view,2018-19
