ranker,player_game_num_career,team_game_num_season,date,team_name_abbr,game_location,opp_name_abbr,game_type,game_result,is_starter,mp,fg,fga,fg_pct,fg3,fg3a,fg3_pct,fg2,fg2a,fg2_pct,efg_pct,ft,fta,ft_pct,orb,drb,trb,ast,stl,blk,tov,pf,pts,game_score,player_name,player_sr_link,school,season
1,1,1,2018-11-09,Prairie View A&M,,Jarvis Christian,REG (Non-Conf),W 117-32,,24,1,3,.333,0,1,.000,1,2,.500,.333,3,4,.750,5,2,7,4,3,0,0,2,5,12.0,Ke'Asia Williams,https://www.sports-reference.com/cbb/players/keasia-williams-1.html,prairie-view,2018-19
2,2,2,2018-11-15,Prairie View A&M,@,Oklahoma State,REG (Non-Conf),L 50-70,,17,3,6,.500,0,0,,3,6,.500,.500,0,0,,3,3,6,1,0,0,5,2,6,0.9,Ke'Asia Williams,https://www.sports-reference.com/cbb/players/keasia-williams-1.html,prairie-view,2018-19
3,3,3,2018-11-19,Prairie View A&M,,Arl Baptist,REG (Non-Conf),W 105-31,,22,3,5,.600,0,0,,3,5,.600,.600,3,4,.750,3,3,6,0,1,0,2,1,9,7.9,Ke'Asia Williams,https://www.sports-reference.com/cbb/players/keasia-williams-1.html,prairie-view,2018-19
4,4,4,2018-11-30,Prairie View A&M,@,Texas–Rio Grande Valley,REG (Non-Conf),L 50-57,,28,1,5,.200,0,0,,1,5,.200,.200,1,2,.500,5,5,10,2,1,0,1,2,3,5.1,Ke'Asia Williams,https://www.sports-reference.com/cbb/players/keasia-williams-1.html,prairie-view,2018-19
5,5,5,2018-12-01,Prairie View A&M,@,Texas A&M–Corpus Christi,REG (Non-Conf),W 67-59,,28,0,4,.000,0,0,,0,4,.000,.000,0,0,,3,6,9,2,1,0,2,2,0,0.7,Ke'Asia Williams,https://www.sports-reference.com/cbb/players/keasia-williams-1.html,prairie-view,2018-19
6,6,6,2018-12-08,Prairie View A&M,,Rice,REG (Non-Conf),L 58-68,,22,1,1,1.000,0,0,,1,1,1.000,1.000,3,4,.750,3,1,4,0,1,0,1,3,5,5.5,Ke'Asia Williams,https://www.sports-reference.com/cbb/players/keasia-williams-1.html,prairie-view,2018-19
7,7,7,2018-12-12,Prairie View A&M,@,Colorado,REG (Non-Conf),L 38-79,,23,0,4,.000,0,0,,0,4,.000,.000,2,2,1.000,8,4,12,1,0,1,1,1,2,6.0,Ke'Asia Williams,https://www.sports-reference.com/cbb/players/keasia-williams-1.html,prairie-view,2018-19
8,8,8,2018-12-16,Prairie View A&M,@,Arkansas,REG (Non-Conf),L 44-71,*,29,3,8,.375,0,0,,3,8,.375,.375,0,0,,6,6,12,2,1,0,1,1,6,8.6,Ke'Asia Williams,https://www.sports-reference.com/cbb/players/keasia-williams-1.html,prairie-view,2018-19
9,9,9,2018-12-19,Prairie View A&M,@,Iowa State,REG (Non-Conf),L 46-94,*,28,1,3,.333,0,0,,1,3,.333,.333,0,0,,2,3,5,2,1,0,0,5,2,3.0,Ke'Asia Williams,https://www.sports-reference.com/cbb/players/keasia-williams-1.html,prairie-view,2018-19
10,10,10,2018-12-21,Prairie View A&M,@,Texas A&M,REG (Non-Conf),L 57-70,*,11,1,2,.500,0,0,,1,2,.500,.500,0,0,,2,1,3,0,0,0,0,3,2,1.5,Ke'Asia Williams,https://www.sports-reference.com/cbb/players/keasia-williams-1.html,prairie-view,2018-19
11,11,11,2019-01-05,Prairie View A&M,@,Southern,REG (Conf),W 55-54,*,22,0,3,.000,0,1,.000,0,2,.000,.000,0,0,,1,1,2,1,0,0,2,3,0,-3.6,Ke'Asia Williams,https://www.sports-reference.com/cbb/players/keasia-williams-1.html,prairie-view,2018-19
12,12,12,2019-01-07,Prairie View A&M,@,Alcorn State,REG (Conf),W 82-61,,13,2,4,.500,0,0,,2,4,.500,.500,0,0,,1,3,4,0,0,0,1,1,4,2.2,Ke'Asia Williams,https://www.sports-reference.com/cbb/players/keasia-williams-1.html,prairie-view,2018-19
13,13,13,2019-01-12,Prairie View A&M,,Texas Southern,REG (Conf),L 44-52,,16,1,2,.500,0,0,,1,2,.500,.500,1,2,.500,3,2,5,1,1,0,2,3,3,2.8,Ke'Asia Williams,https://www.sports-reference.com/cbb/players/keasia-williams-1.html,prairie-view,2018-19
14,14,14,2019-01-19,Prairie View A&M,,Jackson State,REG (Conf),W 76-57,*,27,6,10,.600,2,2,1.000,4,8,.500,.700,0,0,,1,6,7,1,1,0,2,0,14,11.6,Ke'Asia Williams,https://www.sports-reference.com/cbb/players/keasia-williams-1.html,prairie-view,2018-19
15,15,15,2019-01-21,Prairie View A&M,,Grambling State,REG (Conf),L 63-64,*,29,1,4,.250,0,1,.000,1,3,.333,.250,2,4,.500,2,5,7,3,1,0,3,1,4,3.4,Ke'Asia Williams,https://www.sports-reference.com/cbb/players/keasia-williams-1.html,prairie-view,2018-19
16,16,16,2019-01-26,Prairie View A&M,@,Mississippi Valley State,REG (Conf),W 75-65,*,29,3,4,.750,0,0,,3,4,.750,.750,0,0,,1,3,4,1,0,0,3,1,6,3.3,Ke'Asia Williams,https://www.sports-reference.com/cbb/players/keasia-williams-1.html,prairie-view,2018-19
17,17,17,2019-01-28,Prairie View A&M,@,Arkansas–Pine Bluff,REG (Conf),W 80-41,*,23,2,6,.333,0,0,,2,6,.333,.333,2,2,1.000,4,7,11,0,1,0,0,0,6,8.5,Ke'Asia Williams,https://www.sports-reference.com/cbb/players/keasia-williams-1.html,prairie-view,2018-19
18,18,18,2019-02-02,Prairie View A&M,,Alabama A&M,REG (Conf),W 77-65,*,29,4,8,.500,0,0,,4,8,.500,.500,2,2,1.000,2,10,12,1,1,0,1,4,10,9.5,Ke'Asia Williams,https://www.sports-reference.com/cbb/players/keasia-williams-1.html,prairie-view,2018-19
19,19,19,2019-02-04,Prairie View A&M,,Alabama State,REG (Conf),W 71-59,*,26,2,4,.500,0,0,,2,4,.500,.500,0,0,,3,2,5,2,1,0,2,4,4,3.5,Ke'Asia Williams,https://www.sports-reference.com/cbb/players/keasia-williams-1.html,prairie-view,2018-19
20,20,20,2019-02-09,Prairie View A&M,@,Texas Southern,REG (Conf),L 67-73,*,25,2,5,.400,0,0,,2,5,.400,.400,0,0,,0,3,3,5,0,0,0,3,4,4.5,Ke'Asia Williams,https://www.sports-reference.com/cbb/players/keasia-williams-1.html,prairie-view,2018-19
21,21,21,2019-02-16,Prairie View A&M,@,Jackson State,REG (Conf),W 89-80,*,22,2,3,.667,0,0,,2,3,.667,.667,0,0,,0,5,5,1,2,0,4,3,4,1.7,Ke'Asia Williams,https://www.sports-reference.com/cbb/players/keasia-williams-1.html,prairie-view,2018-19
22,22,22,2019-02-18,Prairie View A&M,@,Grambling State,REG (Conf),L 57-73,*,30,5,8,.625,0,0,,5,8,.625,.625,0,0,,3,5,8,2,3,0,1,2,10,12.6,Ke'Asia Williams,https://www.sports-reference.com/cbb/players/keasia-williams-1.html,prairie-view,2018-19
23,23,23,2019-02-23,Prairie View A&M,,Mississippi Valley State,REG (Conf),W 91-55,*,25,2,4,.500,1,1,1.000,1,3,.333,.625,0,0,,3,9,12,3,1,1,0,2,5,10.8,Ke'Asia Williams,https://www.sports-reference.com/cbb/players/keasia-williams-1.html,prairie-view,2018-19
24,24,24,2019-02-25,Prairie View A&M,,Arkansas–Pine Bluff,REG (Conf),W 79-46,*,21,2,5,.400,0,0,,2,5,.400,.400,0,0,,1,6,7,0,0,0,0,3,4,2.6,Ke'Asia Williams,https://www.sports-reference.com/cbb/players/keasia-williams-1.html,prairie-view,2018-19
25,25,25,2019-03-02,Prairie View A&M,@,Alabama A&M,REG (Conf),W 72-69,*,32,4,5,.800,0,0,,4,5,.800,.800,1,2,.500,0,5,5,1,1,0,2,3,9,6.7,Ke'Asia Williams,https://www.sports-reference.com/cbb/players/keasia-williams-1.html,prairie-view,2018-19
26,26,26,2019-03-04,Prairie View A&M,@,Alabama State,REG (Conf),L 59-67 (OT),*,31,2,7,.286,0,0,,2,7,.286,.286,0,2,.000,1,6,7,1,2,1,7,4,4,-3.6,Ke'Asia Williams,https://www.sports-reference.com/cbb/players/keasia-williams-1.html,prairie-view,2018-19
27,27,27,2019-03-07,Prairie View A&M,,Southern,REG (Conf),W 63-52,*,27,2,5,.400,0,0,,2,5,.400,.400,1,2,.500,4,9,13,3,1,0,2,2,5,7.7,Ke'Asia Williams,https://www.sports-reference.com/cbb/players/keasia-williams-1.html,prairie-view,2018-19
28,28,28,2019-03-09,Prairie View A&M,,Alcorn State,REG (Conf),W 90-61,*,18,3,3,1.000,0,0,,3,3,1.000,1.000,0,0,,1,1,2,3,1,0,0,0,6,9.2,Ke'Asia Williams,https://www.sports-reference.com/cbb/players/keasia-williams-1.html,prairie-view,2018-19
29,29,29,2019-03-12,Prairie View A&M,,Alabama A&M,CTOURN,W 69-56,*,31,1,4,.250,0,1,.000,1,3,.333,.250,1,2,.500,1,2,3,0,1,0,1,2,3,0.7,Ke'Asia Williams,https://www.sports-reference.com/cbb/players/keasia-williams-1.html,prairie-view,2018-19
30,30,30,2019-03-15,Prairie View A&M,,Jackson State,CTOURN,L 63-75 (2OT),*,36,3,8,.375,0,0,,3,8,.375,.375,1,1,1.000,3,8,11,1,3,0,1,1,7,9.4,Ke'Asia Williams,https://www.sports-reference.com/cbb/players/keasia-williams-1.html,prairie-view,2018-19
31,31,31,2019-03-21,Prairie View A&M,@,TCU,WNIT,L 41-72,*,35,2,4,.500,0,0,,2,4,.500,.500,0,0,,1,7,8,2,1,0,5,2,4,1.4,Ke'Asia Williams,https://www.sports-reference.com/cbb/players/keasia-williams-1.html,prairie-view,2018-19
