ranker,player_game_num_career,team_game_num_season,date,team_name_abbr,game_location,opp_name_abbr,game_type,game_result,is_starter,mp,fg,fga,fg_pct,fg3,fg3a,fg3_pct,fg2,fg2a,fg2_pct,efg_pct,ft,fta,ft_pct,orb,drb,trb,ast,stl,blk,tov,pf,pts,game_score,player_name,player_sr_link,school,season
1,25,1,2018-11-09,Prairie View A&M,,Jarvis Christian,REG (Non-Conf),W 117-32,*,21,6,9,.667,0,0,,6,9,.667,.667,2,2,1.000,4,5,9,4,3,1,1,1,14,19.5,La'Neique Nealey,https://www.sports-reference.com/cbb/players/laneique-nealey-1.html,prairie-view,2018-19
2,26,2,2018-11-15,Prairie View A&M,@,Oklahoma State,REG (Non-Conf),L 50-70,*,25,1,3,.333,0,0,,1,3,.333,.333,2,2,1.000,2,1,3,2,2,0,0,1,4,7.0,La'Neique Nealey,https://www.sports-reference.com/cbb/players/laneique-nealey-1.html,prairie-view,2018-19
3,27,3,2018-11-19,Prairie View A&M,,Arl Baptist,REG (Non-Conf),W 105-31,*,15,1,3,.333,0,0,,1,3,.333,.333,0,0,,0,2,2,5,1,1,0,1,2,5.7,La'Neique Nealey,https://www.sports-reference.com/cbb/players/laneique-nealey-1.html,prairie-view,2018-19
4,28,4,2018-11-30,Prairie View A&M,@,Texas–Rio Grande Valley,REG (Non-Conf),L 50-57,,26,2,4,.500,0,0,,2,4,.500,.500,0,0,,3,3,6,2,1,1,1,4,4,5.5,La'Neique Nealey,https://www.sports-reference.com/cbb/players/laneique-nealey-1.html,prairie-view,2018-19
5,29,5,2018-12-01,Prairie View A&M,@,Texas A&M–Corpus Christi,REG (Non-Conf),W 67-59,,21,1,3,.333,0,0,,1,3,.333,.333,0,0,,1,1,2,0,5,0,3,3,2,2.1,La'Neique Nealey,https://www.sports-reference.com/cbb/players/laneique-nealey-1.html,prairie-view,2018-19
6,30,6,2018-12-08,Prairie View A&M,,Rice,REG (Non-Conf),L 58-68,,22,3,7,.429,0,1,.000,3,6,.500,.429,2,4,.500,3,2,5,1,0,1,1,5,8,4.6,La'Neique Nealey,https://www.sports-reference.com/cbb/players/laneique-nealey-1.html,prairie-view,2018-19
7,31,7,2018-12-12,Prairie View A&M,@,Colorado,REG (Non-Conf),L 38-79,*,27,1,1,1.000,0,0,,1,1,1.000,1.000,2,2,1.000,0,2,2,2,1,1,5,1,4,2.0,La'Neique Nealey,https://www.sports-reference.com/cbb/players/laneique-nealey-1.html,prairie-view,2018-19
8,32,8,2018-12-16,Prairie View A&M,@,Arkansas,REG (Non-Conf),L 44-71,*,19,2,7,.286,0,0,,2,7,.286,.286,0,2,.000,3,2,5,0,1,1,2,2,4,0.7,La'Neique Nealey,https://www.sports-reference.com/cbb/players/laneique-nealey-1.html,prairie-view,2018-19
9,33,9,2018-12-19,Prairie View A&M,@,Iowa State,REG (Non-Conf),L 46-94,*,10,0,1,.000,0,0,,0,1,.000,.000,2,2,1.000,0,0,0,1,0,0,2,0,2,0.0,La'Neique Nealey,https://www.sports-reference.com/cbb/players/laneique-nealey-1.html,prairie-view,2018-19
10,34,10,2018-12-21,Prairie View A&M,@,Texas A&M,REG (Non-Conf),L 57-70,*,29,4,8,.500,0,0,,4,8,.500,.500,0,0,,3,3,6,1,1,1,2,2,8,6.6,La'Neique Nealey,https://www.sports-reference.com/cbb/players/laneique-nealey-1.html,prairie-view,2018-19
11,35,11,2019-01-05,Prairie View A&M,@,Southern,REG (Conf),W 55-54,*,25,3,7,.429,0,0,,3,7,.429,.429,1,2,.500,1,2,3,2,1,1,4,1,7,2.9,La'Neique Nealey,https://www.sports-reference.com/cbb/players/laneique-nealey-1.html,prairie-view,2018-19
12,36,12,2019-01-07,Prairie View A&M,@,Alcorn State,REG (Conf),W 82-61,*,31,6,10,.600,0,0,,6,10,.600,.600,0,0,,2,3,5,4,2,1,5,3,12,9.0,La'Neique Nealey,https://www.sports-reference.com/cbb/players/laneique-nealey-1.html,prairie-view,2018-19
13,37,13,2019-01-12,Prairie View A&M,,Texas Southern,REG (Conf),L 44-52,*,29,2,7,.286,0,0,,2,7,.286,.286,0,0,,2,3,5,2,4,2,2,2,4,6.2,La'Neique Nealey,https://www.sports-reference.com/cbb/players/laneique-nealey-1.html,prairie-view,2018-19
14,38,14,2019-01-19,Prairie View A&M,,Jackson State,REG (Conf),W 76-57,*,25,1,3,.333,0,0,,1,3,.333,.333,0,0,,0,2,2,7,1,1,2,1,2,5.1,La'Neique Nealey,https://www.sports-reference.com/cbb/players/laneique-nealey-1.html,prairie-view,2018-19
15,39,15,2019-01-21,Prairie View A&M,,Grambling State,REG (Conf),L 63-64,*,28,5,9,.556,0,0,,5,9,.556,.556,0,0,,0,4,4,5,0,2,3,2,10,8.0,La'Neique Nealey,https://www.sports-reference.com/cbb/players/laneique-nealey-1.html,prairie-view,2018-19
16,40,16,2019-01-26,Prairie View A&M,@,Mississippi Valley State,REG (Conf),W 75-65,*,25,1,2,.500,0,0,,1,2,.500,.500,2,4,.500,2,9,11,0,1,2,3,4,4,4.1,La'Neique Nealey,https://www.sports-reference.com/cbb/players/laneique-nealey-1.html,prairie-view,2018-19
17,41,17,2019-01-28,Prairie View A&M,@,Arkansas–Pine Bluff,REG (Conf),W 80-41,*,27,2,4,.500,0,0,,2,4,.500,.500,1,2,.500,1,3,4,2,2,1,1,0,5,7.3,La'Neique Nealey,https://www.sports-reference.com/cbb/players/laneique-nealey-1.html,prairie-view,2018-19
18,42,18,2019-02-02,Prairie View A&M,,Alabama A&M,REG (Conf),W 77-65,*,25,1,6,.167,0,0,,1,6,.167,.167,0,0,,1,5,6,1,0,2,2,2,2,-0.3,La'Neique Nealey,https://www.sports-reference.com/cbb/players/laneique-nealey-1.html,prairie-view,2018-19
19,43,19,2019-02-04,Prairie View A&M,,Alabama State,REG (Conf),W 71-59,,17,2,4,.500,0,0,,2,4,.500,.500,2,3,.667,3,2,5,1,0,0,0,0,6,7.0,La'Neique Nealey,https://www.sports-reference.com/cbb/players/laneique-nealey-1.html,prairie-view,2018-19
20,44,20,2019-02-09,Prairie View A&M,@,Texas Southern,REG (Conf),L 67-73,,20,0,3,.000,0,1,.000,0,2,.000,.000,0,0,,1,4,5,2,2,0,4,2,0,-1.6,La'Neique Nealey,https://www.sports-reference.com/cbb/players/laneique-nealey-1.html,prairie-view,2018-19
21,45,22,2019-02-18,Prairie View A&M,@,Grambling State,REG (Conf),L 57-73,,13,1,3,.333,0,0,,1,3,.333,.333,1,2,.500,4,0,4,0,1,0,2,2,3,1.9,La'Neique Nealey,https://www.sports-reference.com/cbb/players/laneique-nealey-1.html,prairie-view,2018-19
22,46,23,2019-02-23,Prairie View A&M,,Mississippi Valley State,REG (Conf),W 91-55,,20,2,3,.667,0,0,,2,3,.667,.667,2,2,1.000,2,1,3,3,0,0,0,2,6,7.7,La'Neique Nealey,https://www.sports-reference.com/cbb/players/laneique-nealey-1.html,prairie-view,2018-19
23,47,24,2019-02-25,Prairie View A&M,,Arkansas–Pine Bluff,REG (Conf),W 79-46,,9,1,3,.333,0,0,,1,3,.333,.333,0,0,,0,3,3,0,0,0,4,0,2,-2.8,La'Neique Nealey,https://www.sports-reference.com/cbb/players/laneique-nealey-1.html,prairie-view,2018-19
24,48,25,2019-03-02,Prairie View A&M,@,Alabama A&M,REG (Conf),W 72-69,,21,3,12,.250,0,0,,3,12,.250,.250,4,6,.667,1,4,5,2,2,0,0,1,10,6.9,La'Neique Nealey,https://www.sports-reference.com/cbb/players/laneique-nealey-1.html,prairie-view,2018-19
25,49,26,2019-03-04,Prairie View A&M,@,Alabama State,REG (Conf),L 59-67 (OT),,17,1,2,.500,0,0,,1,2,.500,.500,1,1,1.000,1,3,4,0,0,7,3,2,3,4.7,La'Neique Nealey,https://www.sports-reference.com/cbb/players/laneique-nealey-1.html,prairie-view,2018-19
26,50,27,2019-03-07,Prairie View A&M,,Southern,REG (Conf),W 63-52,*,24,2,4,.500,0,0,,2,4,.500,.500,3,4,.750,1,4,5,1,2,2,4,2,7,5.8,La'Neique Nealey,https://www.sports-reference.com/cbb/players/laneique-nealey-1.html,prairie-view,2018-19
27,51,28,2019-03-09,Prairie View A&M,,Alcorn State,REG (Conf),W 90-61,*,20,3,6,.500,0,0,,3,6,.500,.500,0,0,,2,2,4,4,2,1,0,2,6,9.7,La'Neique Nealey,https://www.sports-reference.com/cbb/players/laneique-nealey-1.html,prairie-view,2018-19
28,52,29,2019-03-12,Prairie View A&M,,Alabama A&M,CTOURN,W 69-56,*,20,5,10,.500,0,0,,5,10,.500,.500,2,2,1.000,6,2,8,2,2,0,0,0,12,15.2,La'Neique Nealey,https://www.sports-reference.com/cbb/players/laneique-nealey-1.html,prairie-view,2018-19
29,53,30,2019-03-15,Prairie View A&M,,Jackson State,CTOURN,L 63-75 (2OT),*,18,0,4,.000,0,1,.000,0,3,.000,.000,0,0,,2,3,5,1,0,1,1,3,0,-1.3,La'Neique Nealey,https://www.sports-reference.com/cbb/players/laneique-nealey-1.html,prairie-view,2018-19
30,54,31,2019-03-21,Prairie View A&M,@,TCU,WNIT,L 41-72,,19,2,5,.400,0,0,,2,5,.400,.400,0,0,,1,4,5,5,0,1,1,3,4,5.2,La'Neique Nealey,https://www.sports-reference.com/cbb/players/laneique-nealey-1.html,prairie-view,2018-19
