ranker,player_game_num_career,team_game_num_season,date,team_name_abbr,game_location,opp_name_abbr,game_type,game_result,is_starter,mp,fg,fga,fg_pct,fg3,fg3a,fg3_pct,fg2,fg2a,fg2_pct,efg_pct,ft,fta,ft_pct,orb,drb,trb,ast,stl,blk,tov,pf,pts,game_score,player_name,player_sr_link,school,season
1,59,1,2018-11-09,Prairie View A&M,,Jarvis Christian,REG (Non-Conf),W 117-32,,14,2,4,.500,0,0,,2,4,.500,.500,1,2,.500,4,2,6,0,1,0,0,2,5,6.2,Mariah Campbell,https://www.sports-reference.com/cbb/players/mariah-campbell-1.html,prairie-view,2018-19
2,60,2,2018-11-15,Prairie View A&M,@,Oklahoma State,REG (Non-Conf),L 50-70,,19,1,3,.333,0,0,,1,3,.333,.333,0,0,,3,2,5,0,0,0,1,5,2,0.0,Mariah Campbell,https://www.sports-reference.com/cbb/players/mariah-campbell-1.html,prairie-view,2018-19
3,61,3,2018-11-19,Prairie View A&M,,Arl Baptist,REG (Non-Conf),W 105-31,,11,0,2,.000,0,0,,0,2,.000,.000,0,0,,0,2,2,0,2,0,1,1,0,-0.2,Mariah Campbell,https://www.sports-reference.com/cbb/players/mariah-campbell-1.html,prairie-view,2018-19
4,62,4,2018-11-30,Prairie View A&M,@,Texas–Rio Grande Valley,REG (Non-Conf),L 50-57,*,4,0,0,,0,0,,0,0,,,0,0,,0,1,1,0,0,0,1,3,0,-1.9,Mariah Campbell,https://www.sports-reference.com/cbb/players/mariah-campbell-1.html,prairie-view,2018-19
5,63,5,2018-12-01,Prairie View A&M,@,Texas A&M–Corpus Christi,REG (Non-Conf),W 67-59,*,13,0,1,.000,0,0,,0,1,.000,.000,0,0,,1,2,3,1,0,1,1,2,0,0.2,Mariah Campbell,https://www.sports-reference.com/cbb/players/mariah-campbell-1.html,prairie-view,2018-19
6,64,6,2018-12-08,Prairie View A&M,,Rice,REG (Non-Conf),L 58-68,*,15,0,2,.000,0,0,,0,2,.000,.000,0,0,,0,3,3,0,1,2,0,3,0,0.7,Mariah Campbell,https://www.sports-reference.com/cbb/players/mariah-campbell-1.html,prairie-view,2018-19
7,65,7,2018-12-12,Prairie View A&M,@,Colorado,REG (Non-Conf),L 38-79,,5,0,1,.000,0,0,,0,1,.000,.000,0,0,,0,0,0,0,0,0,0,2,0,-1.5,Mariah Campbell,https://www.sports-reference.com/cbb/players/mariah-campbell-1.html,prairie-view,2018-19
8,66,8,2018-12-16,Prairie View A&M,@,Arkansas,REG (Non-Conf),L 44-71,,10,2,4,.500,0,0,,2,4,.500,.500,2,4,.500,0,0,0,1,1,0,0,2,6,4.1,Mariah Campbell,https://www.sports-reference.com/cbb/players/mariah-campbell-1.html,prairie-view,2018-19
9,67,9,2018-12-19,Prairie View A&M,@,Iowa State,REG (Non-Conf),L 46-94,,11,0,1,.000,0,0,,0,1,.000,.000,0,0,,1,0,1,0,0,0,4,4,0,-5.6,Mariah Campbell,https://www.sports-reference.com/cbb/players/mariah-campbell-1.html,prairie-view,2018-19
10,68,10,2018-12-21,Prairie View A&M,@,Texas A&M,REG (Non-Conf),L 57-70,,17,4,6,.667,0,0,,4,6,.667,.667,0,0,,1,3,4,1,1,0,0,1,8,8.3,Mariah Campbell,https://www.sports-reference.com/cbb/players/mariah-campbell-1.html,prairie-view,2018-19
11,69,11,2019-01-05,Prairie View A&M,@,Southern,REG (Conf),W 55-54,*,15,1,2,.500,0,0,,1,2,.500,.500,1,2,.500,0,4,4,1,1,0,0,4,3,2.9,Mariah Campbell,https://www.sports-reference.com/cbb/players/mariah-campbell-1.html,prairie-view,2018-19
12,70,12,2019-01-07,Prairie View A&M,@,Alcorn State,REG (Conf),W 82-61,,12,1,2,.500,0,0,,1,2,.500,.500,0,0,,1,2,3,0,0,1,0,0,2,3.0,Mariah Campbell,https://www.sports-reference.com/cbb/players/mariah-campbell-1.html,prairie-view,2018-19
13,71,13,2019-01-12,Prairie View A&M,,Texas Southern,REG (Conf),L 44-52,,4,0,0,,0,0,,0,0,,,0,0,,0,0,0,0,0,0,2,1,0,-2.4,Mariah Campbell,https://www.sports-reference.com/cbb/players/mariah-campbell-1.html,prairie-view,2018-19
14,72,14,2019-01-19,Prairie View A&M,,Jackson State,REG (Conf),W 76-57,,8,1,2,.500,0,0,,1,2,.500,.500,1,2,.500,0,3,3,0,0,0,0,1,3,2.1,Mariah Campbell,https://www.sports-reference.com/cbb/players/mariah-campbell-1.html,prairie-view,2018-19
15,73,15,2019-01-21,Prairie View A&M,,Grambling State,REG (Conf),L 63-64,,13,2,3,.667,0,0,,2,3,.667,.667,2,3,.667,0,1,1,1,0,0,2,2,6,2.5,Mariah Campbell,https://www.sports-reference.com/cbb/players/mariah-campbell-1.html,prairie-view,2018-19
16,74,16,2019-01-26,Prairie View A&M,@,Mississippi Valley State,REG (Conf),W 75-65,,7,1,2,.500,0,0,,1,2,.500,.500,1,2,.500,0,2,2,0,0,0,1,3,3,0.0,Mariah Campbell,https://www.sports-reference.com/cbb/players/mariah-campbell-1.html,prairie-view,2018-19
17,75,17,2019-01-28,Prairie View A&M,@,Arkansas–Pine Bluff,REG (Conf),W 80-41,,14,1,4,.250,0,0,,1,4,.250,.250,0,1,.000,2,0,2,0,0,0,0,1,2,0.2,Mariah Campbell,https://www.sports-reference.com/cbb/players/mariah-campbell-1.html,prairie-view,2018-19
18,76,18,2019-02-02,Prairie View A&M,,Alabama A&M,REG (Conf),W 77-65,,6,0,2,.000,0,0,,0,2,.000,.000,2,2,1.000,0,0,0,0,0,0,1,3,2,-1.6,Mariah Campbell,https://www.sports-reference.com/cbb/players/mariah-campbell-1.html,prairie-view,2018-19
19,77,19,2019-02-04,Prairie View A&M,,Alabama State,REG (Conf),W 71-59,,7,0,1,.000,0,0,,0,1,.000,.000,0,0,,0,2,2,0,0,0,1,3,0,-2.3,Mariah Campbell,https://www.sports-reference.com/cbb/players/mariah-campbell-1.html,prairie-view,2018-19
20,78,20,2019-02-09,Prairie View A&M,@,Texas Southern,REG (Conf),L 67-73,,3,0,0,,0,0,,0,0,,,0,0,,0,0,0,0,0,0,0,1,0,-0.4,Mariah Campbell,https://www.sports-reference.com/cbb/players/mariah-campbell-1.html,prairie-view,2018-19
21,79,21,2019-02-16,Prairie View A&M,@,Jackson State,REG (Conf),W 89-80,,19,4,5,.800,0,0,,4,5,.800,.800,1,2,.500,1,1,2,2,1,0,0,3,9,8.9,Mariah Campbell,https://www.sports-reference.com/cbb/players/mariah-campbell-1.html,prairie-view,2018-19
22,80,22,2019-02-18,Prairie View A&M,@,Grambling State,REG (Conf),L 57-73,,24,4,8,.500,2,2,1.000,2,6,.333,.625,1,2,.500,2,6,8,1,1,0,2,1,11,9.1,Mariah Campbell,https://www.sports-reference.com/cbb/players/mariah-campbell-1.html,prairie-view,2018-19
23,81,23,2019-02-23,Prairie View A&M,,Mississippi Valley State,REG (Conf),W 91-55,,12,2,3,.667,0,0,,2,3,.667,.667,0,0,,1,1,2,2,0,1,2,1,4,3.4,Mariah Campbell,https://www.sports-reference.com/cbb/players/mariah-campbell-1.html,prairie-view,2018-19
24,82,24,2019-02-25,Prairie View A&M,,Arkansas–Pine Bluff,REG (Conf),W 79-46,,11,1,4,.250,0,1,.000,1,3,.333,.250,0,0,,2,2,4,0,0,0,2,3,2,-1.6,Mariah Campbell,https://www.sports-reference.com/cbb/players/mariah-campbell-1.html,prairie-view,2018-19
25,83,25,2019-03-02,Prairie View A&M,@,Alabama A&M,REG (Conf),W 72-69,*,4,0,2,.000,0,0,,0,2,.000,.000,0,0,,1,1,2,0,0,0,0,2,0,-1.2,Mariah Campbell,https://www.sports-reference.com/cbb/players/mariah-campbell-1.html,prairie-view,2018-19
26,84,26,2019-03-04,Prairie View A&M,@,Alabama State,REG (Conf),L 59-67 (OT),*,17,0,2,.000,0,0,,0,2,.000,.000,0,0,,0,1,1,0,0,0,1,1,0,-2.5,Mariah Campbell,https://www.sports-reference.com/cbb/players/mariah-campbell-1.html,prairie-view,2018-19
27,85,27,2019-03-07,Prairie View A&M,,Southern,REG (Conf),W 63-52,,7,0,0,,0,0,,0,0,,,2,4,.500,0,2,2,0,2,0,0,0,2,3.8,Mariah Campbell,https://www.sports-reference.com/cbb/players/mariah-campbell-1.html,prairie-view,2018-19
28,86,28,2019-03-09,Prairie View A&M,,Alcorn State,REG (Conf),W 90-61,,14,3,6,.500,0,0,,3,6,.500,.500,0,0,,0,3,3,1,2,0,2,2,6,3.8,Mariah Campbell,https://www.sports-reference.com/cbb/players/mariah-campbell-1.html,prairie-view,2018-19
29,87,29,2019-03-12,Prairie View A&M,,Alabama A&M,CTOURN,W 69-56,,3,0,1,.000,0,0,,0,1,.000,.000,0,0,,1,0,1,0,0,0,0,0,0,0.0,Mariah Campbell,https://www.sports-reference.com/cbb/players/mariah-campbell-1.html,prairie-view,2018-19
30,88,30,2019-03-15,Prairie View A&M,,Jackson State,CTOURN,L 63-75 (2OT),,8,0,2,.000,0,0,,0,2,.000,.000,0,0,,2,0,2,0,0,0,0,0,0,0.0,Mariah Campbell,https://www.sports-reference.com/cbb/players/mariah-campbell-1.html,prairie-view,2018-19
31,89,31,2019-03-21,Prairie View A&M,@,TCU,WNIT,L 41-72,,25,2,4,.500,0,1,.000,2,3,.667,.500,0,0,,0,5,5,1,2,0,0,4,4,4.6,Mariah Campbell,https://www.sports-reference.com/cbb/players/mariah-campbell-1.html,prairie-view,2018-19
