ranker,player_game_num_career,team_game_num_season,date,team_name_abbr,game_location,opp_name_abbr,game_type,game_result,is_starter,mp,fg,fga,fg_pct,fg3,fg3a,fg3_pct,fg2,fg2a,fg2_pct,efg_pct,ft,fta,ft_pct,orb,drb,trb,ast,stl,blk,tov,pf,pts,game_score,player_name,player_sr_link,school,season
1,32,1,2018-11-09,Prairie View A&M,,Jarvis Christian,REG (Non-Conf),W 117-32,*,16,6,13,.462,1,2,.500,5,11,.455,.500,3,3,1.000,1,2,3,3,2,1,1,2,16,13.6,Shala Dobbins,https://www.sports-reference.com/cbb/players/shala-dobbins-1.html,prairie-view,2018-19
2,33,2,2018-11-15,Prairie View A&M,@,Oklahoma State,REG (Non-Conf),L 50-70,*,20,1,11,.091,0,1,.000,1,10,.100,.091,6,6,1.000,1,3,4,1,2,0,4,4,8,-0.6,Shala Dobbins,https://www.sports-reference.com/cbb/players/shala-dobbins-1.html,prairie-view,2018-19
3,34,3,2018-11-19,Prairie View A&M,,Arl Baptist,REG (Non-Conf),W 105-31,*,15,5,8,.625,0,1,.000,5,7,.714,.625,1,2,.500,0,2,2,1,1,0,2,0,11,7.3,Shala Dobbins,https://www.sports-reference.com/cbb/players/shala-dobbins-1.html,prairie-view,2018-19
4,35,4,2018-11-30,Prairie View A&M,@,Texas–Rio Grande Valley,REG (Non-Conf),L 50-57,*,25,4,12,.333,0,2,.000,4,10,.400,.333,5,6,.833,0,2,2,0,0,0,3,5,13,1.4,Shala Dobbins,https://www.sports-reference.com/cbb/players/shala-dobbins-1.html,prairie-view,2018-19
5,36,5,2018-12-01,Prairie View A&M,@,Texas A&M–Corpus Christi,REG (Non-Conf),W 67-59,*,28,5,16,.313,0,1,.000,5,15,.333,.313,11,12,.917,1,3,4,2,2,0,2,4,21,12.8,Shala Dobbins,https://www.sports-reference.com/cbb/players/shala-dobbins-1.html,prairie-view,2018-19
6,37,6,2018-12-08,Prairie View A&M,,Rice,REG (Non-Conf),L 58-68,*,24,5,13,.385,1,3,.333,4,10,.400,.423,0,2,.000,0,1,1,1,1,0,1,2,11,3.3,Shala Dobbins,https://www.sports-reference.com/cbb/players/shala-dobbins-1.html,prairie-view,2018-19
7,38,7,2018-12-12,Prairie View A&M,@,Colorado,REG (Non-Conf),L 38-79,,24,3,12,.250,0,2,.000,3,10,.300,.250,3,5,.600,0,2,2,0,0,0,1,1,9,0.2,Shala Dobbins,https://www.sports-reference.com/cbb/players/shala-dobbins-1.html,prairie-view,2018-19
8,39,8,2018-12-16,Prairie View A&M,@,Arkansas,REG (Non-Conf),L 44-71,*,28,2,16,.125,0,4,.000,2,12,.167,.125,3,4,.750,1,1,2,1,1,0,2,2,7,-3.9,Shala Dobbins,https://www.sports-reference.com/cbb/players/shala-dobbins-1.html,prairie-view,2018-19
9,40,9,2018-12-19,Prairie View A&M,@,Iowa State,REG (Non-Conf),L 46-94,*,16,0,3,.000,0,1,.000,0,2,.000,.000,3,4,.750,0,0,0,0,0,0,1,1,3,-0.9,Shala Dobbins,https://www.sports-reference.com/cbb/players/shala-dobbins-1.html,prairie-view,2018-19
10,41,10,2018-12-21,Prairie View A&M,@,Texas A&M,REG (Non-Conf),L 57-70,,14,1,5,.200,0,0,,1,5,.200,.200,2,2,1.000,0,2,2,0,1,0,3,3,4,-1.7,Shala Dobbins,https://www.sports-reference.com/cbb/players/shala-dobbins-1.html,prairie-view,2018-19
11,42,11,2019-01-05,Prairie View A&M,@,Southern,REG (Conf),W 55-54,*,32,3,11,.273,1,3,.333,2,8,.250,.318,16,17,.941,2,6,8,1,1,0,6,3,23,13.8,Shala Dobbins,https://www.sports-reference.com/cbb/players/shala-dobbins-1.html,prairie-view,2018-19
12,43,12,2019-01-07,Prairie View A&M,@,Alcorn State,REG (Conf),W 82-61,*,30,10,11,.909,1,1,1.000,9,10,.900,.955,6,8,.750,0,8,8,2,2,0,1,2,27,26.5,Shala Dobbins,https://www.sports-reference.com/cbb/players/shala-dobbins-1.html,prairie-view,2018-19
13,44,13,2019-01-12,Prairie View A&M,,Texas Southern,REG (Conf),L 44-52,*,32,3,14,.214,1,6,.167,2,8,.250,.250,5,6,.833,0,5,5,1,0,0,3,2,12,1.4,Shala Dobbins,https://www.sports-reference.com/cbb/players/shala-dobbins-1.html,prairie-view,2018-19
14,45,14,2019-01-19,Prairie View A&M,,Jackson State,REG (Conf),W 76-57,*,20,5,6,.833,2,2,1.000,3,4,.750,1.000,6,8,.750,1,0,1,1,0,0,4,3,18,11.2,Shala Dobbins,https://www.sports-reference.com/cbb/players/shala-dobbins-1.html,prairie-view,2018-19
15,46,15,2019-01-21,Prairie View A&M,,Grambling State,REG (Conf),L 63-64,*,21,3,8,.375,2,5,.400,1,3,.333,.500,4,5,.800,1,2,3,1,2,1,4,5,12,5.9,Shala Dobbins,https://www.sports-reference.com/cbb/players/shala-dobbins-1.html,prairie-view,2018-19
16,47,16,2019-01-26,Prairie View A&M,@,Mississippi Valley State,REG (Conf),W 75-65,,28,7,10,.700,2,3,.667,5,7,.714,.800,14,14,1.000,2,4,6,1,1,0,2,2,30,27.3,Shala Dobbins,https://www.sports-reference.com/cbb/players/shala-dobbins-1.html,prairie-view,2018-19
17,48,17,2019-01-28,Prairie View A&M,@,Arkansas–Pine Bluff,REG (Conf),W 80-41,,15,5,7,.714,1,2,.500,4,5,.800,.786,8,10,.800,2,3,5,1,0,0,0,1,19,17.9,Shala Dobbins,https://www.sports-reference.com/cbb/players/shala-dobbins-1.html,prairie-view,2018-19
18,49,18,2019-02-02,Prairie View A&M,,Alabama A&M,REG (Conf),W 77-65,,16,3,8,.375,0,1,.000,3,7,.429,.375,13,13,1.000,0,2,2,3,1,0,0,4,19,16.7,Shala Dobbins,https://www.sports-reference.com/cbb/players/shala-dobbins-1.html,prairie-view,2018-19
19,50,19,2019-02-04,Prairie View A&M,,Alabama State,REG (Conf),W 71-59,*,27,5,11,.455,0,3,.000,5,8,.625,.455,5,6,.833,0,2,2,2,2,0,2,2,15,10.1,Shala Dobbins,https://www.sports-reference.com/cbb/players/shala-dobbins-1.html,prairie-view,2018-19
20,51,20,2019-02-09,Prairie View A&M,@,Texas Southern,REG (Conf),L 67-73,*,27,8,16,.500,2,5,.400,6,11,.545,.563,8,10,.800,2,3,5,0,4,0,7,4,26,14.9,Shala Dobbins,https://www.sports-reference.com/cbb/players/shala-dobbins-1.html,prairie-view,2018-19
21,52,21,2019-02-16,Prairie View A&M,@,Jackson State,REG (Conf),W 89-80,*,29,5,11,.455,1,2,.500,4,9,.444,.500,11,14,.786,0,4,4,1,1,0,2,4,22,14.4,Shala Dobbins,https://www.sports-reference.com/cbb/players/shala-dobbins-1.html,prairie-view,2018-19
22,53,22,2019-02-18,Prairie View A&M,@,Grambling State,REG (Conf),L 57-73,*,19,2,8,.250,1,4,.250,1,4,.250,.313,5,6,.833,0,2,2,1,2,0,3,3,10,3.9,Shala Dobbins,https://www.sports-reference.com/cbb/players/shala-dobbins-1.html,prairie-view,2018-19
23,54,23,2019-02-23,Prairie View A&M,,Mississippi Valley State,REG (Conf),W 91-55,*,19,3,9,.333,1,5,.200,2,4,.500,.389,0,0,,1,3,4,2,3,0,6,0,7,1.9,Shala Dobbins,https://www.sports-reference.com/cbb/players/shala-dobbins-1.html,prairie-view,2018-19
24,55,24,2019-02-25,Prairie View A&M,,Arkansas–Pine Bluff,REG (Conf),W 79-46,*,20,5,7,.714,3,3,1.000,2,4,.500,.929,6,8,.750,2,3,5,1,1,0,1,1,19,17.9,Shala Dobbins,https://www.sports-reference.com/cbb/players/shala-dobbins-1.html,prairie-view,2018-19
25,56,25,2019-03-02,Prairie View A&M,@,Alabama A&M,REG (Conf),W 72-69,,21,3,8,.375,1,3,.333,2,5,.400,.438,10,14,.714,2,3,5,1,1,0,2,3,17,11.8,Shala Dobbins,https://www.sports-reference.com/cbb/players/shala-dobbins-1.html,prairie-view,2018-19
26,57,26,2019-03-04,Prairie View A&M,@,Alabama State,REG (Conf),L 59-67 (OT),*,25,6,12,.500,3,5,.600,3,7,.429,.625,3,4,.750,0,2,2,0,5,0,2,5,18,13.2,Shala Dobbins,https://www.sports-reference.com/cbb/players/shala-dobbins-1.html,prairie-view,2018-19
27,58,27,2019-03-07,Prairie View A&M,,Southern,REG (Conf),W 63-52,*,16,1,4,.250,0,1,.000,1,3,.333,.250,2,2,1.000,0,3,3,0,1,0,2,1,4,1.1,Shala Dobbins,https://www.sports-reference.com/cbb/players/shala-dobbins-1.html,prairie-view,2018-19
28,59,28,2019-03-09,Prairie View A&M,,Alcorn State,REG (Conf),W 90-61,,19,6,8,.750,1,1,1.000,5,7,.714,.813,2,2,1.000,0,3,3,2,2,0,2,2,15,13.3,Shala Dobbins,https://www.sports-reference.com/cbb/players/shala-dobbins-1.html,prairie-view,2018-19
29,60,29,2019-03-12,Prairie View A&M,,Alabama A&M,CTOURN,W 69-56,,17,4,12,.333,4,5,.800,0,7,.000,.500,2,2,1.000,1,0,1,0,1,0,1,2,14,7.1,Shala Dobbins,https://www.sports-reference.com/cbb/players/shala-dobbins-1.html,prairie-view,2018-19
30,61,30,2019-03-15,Prairie View A&M,,Jackson State,CTOURN,L 63-75 (2OT),,33,3,12,.250,0,4,.000,3,8,.375,.250,12,14,.857,2,3,5,3,3,0,3,4,18,12.8,Shala Dobbins,https://www.sports-reference.com/cbb/players/shala-dobbins-1.html,prairie-view,2018-19
31,62,31,2019-03-21,Prairie View A&M,@,TCU,WNIT,L 41-72,,8,0,1,.000,0,0,,0,1,.000,.000,0,0,,0,3,3,1,0,0,0,1,0,0.5,Shala Dobbins,https://www.sports-reference.com/cbb/players/shala-dobbins-1.html,prairie-view,2018-19
