ranker,player_game_num_career,team_game_num_season,date,team_name_abbr,game_location,opp_name_abbr,game_type,game_result,is_starter,mp,fg,fga,fg_pct,fg3,fg3a,fg2,fg2a,fg2_pct,efg_pct,ft,fta,ft_pct,orb,drb,trb,ast,stl,blk,tov,pf,pts,game_score,player_name,player_sr_link,school,season
1,1,1,2024-11-04,California,,St. Mary's (CA),REG (Non-Conf),W 90-58,,3,0,0,,0,0,0,0,,,0,0,,1,0,1,0,0,0,0,0,0,0.7,Gabrielle Abigor,https://www.sports-reference.com/cbb/players/gabrielle-abigor-1.html,california,2024-25
2,2,2,2024-11-07,California,,Idaho State,REG (Non-Conf),W 88-36,,11,2,2,1.000,0,0,2,2,1.000,1.000,4,4,1.000,0,3,3,1,0,0,0,0,8,9.0,Gabrielle Abigor,https://www.sports-reference.com/cbb/players/gabrielle-abigor-1.html,california,2024-25
3,3,3,2024-11-09,California,@,San Jose State,REG (Non-Conf),W 82-53,,11,0,1,.000,0,0,0,1,.000,.000,2,2,1.000,1,1,2,1,1,1,0,3,2,3.5,Gabrielle Abigor,https://www.sports-reference.com/cbb/players/gabrielle-abigor-1.html,california,2024-25
4,4,4,2024-11-14,California,@,Gonzaga,REG (Non-Conf),W 86-65,,1,0,0,,0,0,0,0,,,0,0,,1,0,1,0,0,0,0,0,0,0.7,Gabrielle Abigor,https://www.sports-reference.com/cbb/players/gabrielle-abigor-1.html,california,2024-25
5,5,5,2024-11-20,California,,Grambling State,REG (Non-Conf),W 86-63,,11,4,4,1.000,0,0,4,4,1.000,1.000,3,4,.750,2,1,3,1,1,1,0,4,11,11.9,Gabrielle Abigor,https://www.sports-reference.com/cbb/players/gabrielle-abigor-1.html,california,2024-25
6,6,6,2024-11-22,California,,Auburn,REG (Non-Conf),W 63-59,,8,0,1,.000,0,0,0,1,.000,.000,0,0,,1,1,2,0,0,0,1,2,0,-1.5,Gabrielle Abigor,https://www.sports-reference.com/cbb/players/gabrielle-abigor-1.html,california,2024-25
7,7,7,2024-11-26,California,N,Michigan State,REG (Non-Conf),L 72-78,,15,2,3,.667,0,0,2,3,.667,.667,0,2,.000,1,3,4,0,0,3,1,3,4,3.4,Gabrielle Abigor,https://www.sports-reference.com/cbb/players/gabrielle-abigor-1.html,california,2024-25
8,8,8,2024-11-27,California,N,Arizona,REG (Non-Conf),W 74-62,,8,0,2,.000,0,0,0,2,.000,.000,0,2,.000,2,2,4,0,0,1,0,0,0,0.5,Gabrielle Abigor,https://www.sports-reference.com/cbb/players/gabrielle-abigor-1.html,california,2024-25
9,9,9,2024-12-05,California,,Alabama,REG (Non-Conf),W 69-65,,10,1,1,1.000,0,0,1,1,1.000,1.000,0,1,.000,0,2,2,0,1,0,0,2,2,2.1,Gabrielle Abigor,https://www.sports-reference.com/cbb/players/gabrielle-abigor-1.html,california,2024-25
10,10,10,2024-12-07,California,@,Pacific,REG (Non-Conf),W 74-66,,12,0,4,.000,0,0,0,4,.000,.000,0,0,,2,3,5,0,1,0,3,1,0,-2.9,Gabrielle Abigor,https://www.sports-reference.com/cbb/players/gabrielle-abigor-1.html,california,2024-25
11,11,11,2024-12-13,California,,Stanford,REG (Conf),W 83-63,,2,0,1,.000,0,0,0,1,.000,.000,0,0,,1,0,1,0,0,0,0,0,0,0.0,Gabrielle Abigor,https://www.sports-reference.com/cbb/players/gabrielle-abigor-1.html,california,2024-25
12,12,12,2024-12-15,California,,Austin Peay,REG (Non-Conf),W 71-45,,13,2,3,.667,0,0,2,3,.667,.667,1,2,.500,0,1,1,0,0,0,2,2,5,0.8,Gabrielle Abigor,https://www.sports-reference.com/cbb/players/gabrielle-abigor-1.html,california,2024-25
13,13,13,2024-12-21,California,,Fordham,REG (Non-Conf),W 69-53,,14,3,4,.750,0,0,3,4,.750,.750,0,2,.000,2,4,6,1,0,0,0,2,6,6.1,Gabrielle Abigor,https://www.sports-reference.com/cbb/players/gabrielle-abigor-1.html,california,2024-25
14,14,14,2024-12-22,California,,Temple,REG (Non-Conf),W 89-63,,13,2,2,1.000,0,0,2,2,1.000,1.000,2,2,1.000,4,1,5,0,0,1,0,0,6,9.2,Gabrielle Abigor,https://www.sports-reference.com/cbb/players/gabrielle-abigor-1.html,california,2024-25
15,15,15,2025-01-02,California,@,Clemson,REG (Conf),L 58-69,,3,0,0,,0,0,0,0,,,0,0,,1,1,2,0,0,0,0,2,0,0.2,Gabrielle Abigor,https://www.sports-reference.com/cbb/players/gabrielle-abigor-1.html,california,2024-25
16,16,16,2025-01-05,California,@,SMU,REG (Conf),W 81-66,,8,1,2,.500,0,0,1,2,.500,.500,0,0,,0,0,0,0,0,0,1,2,2,-0.8,Gabrielle Abigor,https://www.sports-reference.com/cbb/players/gabrielle-abigor-1.html,california,2024-25
17,17,17,2025-01-09,California,,NC State,REG (Conf),W 78-71,,16,2,4,.500,0,0,2,4,.500,.500,0,0,,2,0,2,1,0,1,2,2,4,2.0,Gabrielle Abigor,https://www.sports-reference.com/cbb/players/gabrielle-abigor-1.html,california,2024-25
18,18,18,2025-01-12,California,,Florida State,REG (Conf),W 82-70,,15,2,4,.500,0,0,2,4,.500,.500,0,0,,1,3,4,0,0,1,0,2,4,3.5,Gabrielle Abigor,https://www.sports-reference.com/cbb/players/gabrielle-abigor-1.html,california,2024-25
19,19,19,2025-01-16,California,@,Duke,REG (Conf),L 38-72,,10,2,4,.500,0,0,2,4,.500,.500,0,0,,1,0,1,0,0,0,1,2,4,0.9,Gabrielle Abigor,https://www.sports-reference.com/cbb/players/gabrielle-abigor-1.html,california,2024-25
20,20,20,2025-01-19,California,@,Wake Forest,REG (Conf),W 67-55,,7,1,2,.500,0,0,1,2,.500,.500,0,0,,1,0,1,1,0,1,1,1,2,1.7,Gabrielle Abigor,https://www.sports-reference.com/cbb/players/gabrielle-abigor-1.html,california,2024-25
21,21,21,2025-01-23,California,@,Stanford,REG (Conf),W 75-72,,2,1,1,1.000,0,0,1,1,1.000,1.000,0,0,,0,1,1,0,0,0,0,0,2,2.0,Gabrielle Abigor,https://www.sports-reference.com/cbb/players/gabrielle-abigor-1.html,california,2024-25
22,22,22,2025-01-30,California,,North Carolina,REG (Conf),L 52-65,,15,0,2,.000,0,0,0,2,.000,.000,0,0,,0,2,2,0,0,0,0,1,0,-1.2,Gabrielle Abigor,https://www.sports-reference.com/cbb/players/gabrielle-abigor-1.html,california,2024-25
23,23,23,2025-02-02,California,,Pittsburgh,REG (Conf),W 84-53,,10,0,2,.000,0,0,0,2,.000,.000,1,2,.500,4,2,6,1,0,0,0,2,1,2.5,Gabrielle Abigor,https://www.sports-reference.com/cbb/players/gabrielle-abigor-1.html,california,2024-25
24,24,24,2025-02-06,California,@,Louisville,REG (Conf),L 63-70,,3,0,0,,0,0,0,0,,,0,0,,0,0,0,0,0,0,0,0,0,0.0,Gabrielle Abigor,https://www.sports-reference.com/cbb/players/gabrielle-abigor-1.html,california,2024-25
25,25,25,2025-02-09,California,@,Notre Dame,REG (Conf),L 52-91,,3,0,1,.000,0,0,0,1,.000,.000,0,0,,1,0,1,0,1,0,2,1,0,-1.4,Gabrielle Abigor,https://www.sports-reference.com/cbb/players/gabrielle-abigor-1.html,california,2024-25
26,26,26,2025-02-13,California,,Boston College,REG (Conf),W 72-63,,3,0,0,,0,0,0,0,,,0,0,,1,0,1,0,0,0,0,0,0,0.7,Gabrielle Abigor,https://www.sports-reference.com/cbb/players/gabrielle-abigor-1.html,california,2024-25
27,27,27,2025-02-16,California,,Syracuse,REG (Conf),W 75-69,,9,1,3,.333,0,0,1,3,.333,.333,1,4,.250,1,3,4,0,0,0,0,4,3,0.1,Gabrielle Abigor,https://www.sports-reference.com/cbb/players/gabrielle-abigor-1.html,california,2024-25
28,28,28,2025-02-20,California,@,Virginia,REG (Conf),W 76-70,,5,1,3,.333,0,0,1,3,.333,.333,0,0,,1,1,2,1,0,0,0,0,2,2.0,Gabrielle Abigor,https://www.sports-reference.com/cbb/players/gabrielle-abigor-1.html,california,2024-25
29,29,29,2025-02-23,California,@,Virginia Tech,REG (Conf),L 84-87,,5,1,2,.500,0,0,1,2,.500,.500,0,0,,0,1,1,0,0,0,0,0,2,1.3,Gabrielle Abigor,https://www.sports-reference.com/cbb/players/gabrielle-abigor-1.html,california,2024-25
30,30,30,2025-02-27,California,,Georgia Tech,REG (Conf),W 79-65,,6,1,2,.500,0,0,1,2,.500,.500,1,2,.500,1,1,2,0,0,0,1,1,3,1.2,Gabrielle Abigor,https://www.sports-reference.com/cbb/players/gabrielle-abigor-1.html,california,2024-25
31,31,31,2025-03-02,California,,Miami (FL),REG (Conf),W 82-63,,4,0,0,,0,0,0,0,,,0,0,,0,0,0,0,0,0,0,1,0,-0.4,Gabrielle Abigor,https://www.sports-reference.com/cbb/players/gabrielle-abigor-1.html,california,2024-25
32,32,32,2025-03-06,California,N,Virginia,CTOURN,W 75-58,,6,1,1,1.000,0,0,1,1,1.000,1.000,0,0,,0,1,1,0,0,0,0,0,2,2.0,Gabrielle Abigor,https://www.sports-reference.com/cbb/players/gabrielle-abigor-1.html,california,2024-25
33,33,33,2025-03-07,California,N,Notre Dame,CTOURN,L 64-73,,8,0,0,,0,0,0,0,,,0,0,,0,3,3,0,0,0,1,2,0,-0.9,Gabrielle Abigor,https://www.sports-reference.com/cbb/players/gabrielle-abigor-1.html,california,2024-25
34,34,34,2025-03-22,California,N,Mississippi State,ROUND-64,L 46-59,,3,0,0,,0,0,0,0,,,0,0,,0,0,0,0,0,0,0,2,0,-0.8,Gabrielle Abigor,https://www.sports-reference.com/cbb/players/gabrielle-abigor-1.html,california,2024-25
