ranker,player_game_num_career,team_game_num_season,date,team_name_abbr,game_location,opp_name_abbr,game_type,game_result,is_starter,mp,fg,fga,fg_pct,fg3,fg3a,fg3_pct,fg2,fg2a,fg2_pct,efg_pct,ft,fta,ft_pct,orb,drb,trb,ast,stl,blk,tov,pf,pts,game_score,player_name,player_sr_link,school,season
1,1,1,2020-12-05,Eastern Washington,,Northern Arizona,REG (Conf),L 60-89,*,32,7,10,.700,1,4,.250,6,6,1.000,.750,3,3,1.000,2,1,3,5,4,1,6,0,18,17.7,Aaliyah Alexander,https://www.sports-reference.com/cbb/players/aaliyah-alexander-1.html,eastern-washington,2020-21
2,2,2,2020-12-06,Eastern Washington,,Northern Arizona,REG (Conf),L 55-69,*,37,6,17,.353,0,4,.000,6,13,.462,.353,4,5,.800,1,7,8,1,1,0,1,3,16,8.4,Aaliyah Alexander,https://www.sports-reference.com/cbb/players/aaliyah-alexander-1.html,eastern-washington,2020-21
3,3,3,2020-12-10,Eastern Washington,@,Boise State,REG (Non-Conf),L 64-84,*,31,3,13,.231,2,3,.667,1,10,.100,.308,0,0,,0,2,2,2,0,0,5,5,8,-4.9,Aaliyah Alexander,https://www.sports-reference.com/cbb/players/aaliyah-alexander-1.html,eastern-washington,2020-21
4,4,4,2020-12-14,Eastern Washington,,Grand Canyon,REG (Non-Conf),L 78-84,*,38,4,10,.400,3,5,.600,1,5,.200,.550,4,6,.667,0,5,5,4,0,1,4,4,15,8.2,Aaliyah Alexander,https://www.sports-reference.com/cbb/players/aaliyah-alexander-1.html,eastern-washington,2020-21
5,5,5,2020-12-17,Eastern Washington,,Coll. of Idaho,REG (Non-Conf),W 59-46,*,33,4,13,.308,2,7,.286,2,6,.333,.385,0,0,,1,2,3,2,4,0,2,2,10,6.4,Aaliyah Alexander,https://www.sports-reference.com/cbb/players/aaliyah-alexander-1.html,eastern-washington,2020-21
6,6,6,2020-12-19,Eastern Washington,,Seattle,REG (Non-Conf),L 65-77,*,34,5,14,.357,0,4,.000,5,10,.500,.357,4,6,.667,0,3,3,2,0,0,2,2,14,4.9,Aaliyah Alexander,https://www.sports-reference.com/cbb/players/aaliyah-alexander-1.html,eastern-washington,2020-21
7,7,7,2020-12-22,Eastern Washington,@,Washington State,REG (Non-Conf),L 52-73,*,32,4,9,.444,1,1,1.000,3,8,.375,.500,0,1,.000,1,1,2,2,1,1,4,3,9,2.8,Aaliyah Alexander,https://www.sports-reference.com/cbb/players/aaliyah-alexander-1.html,eastern-washington,2020-21
8,8,8,2020-12-31,Eastern Washington,@,Portland State,REG (Conf),W 73-71,*,37,4,10,.400,1,6,.167,3,4,.750,.450,2,4,.500,2,1,3,7,2,0,1,3,11,11.2,Aaliyah Alexander,https://www.sports-reference.com/cbb/players/aaliyah-alexander-1.html,eastern-washington,2020-21
9,9,9,2021-01-02,Eastern Washington,@,Portland State,REG (Conf),W 73-67,*,34,2,5,.400,1,2,.500,1,3,.333,.500,7,7,1.000,1,4,5,3,0,0,6,3,12,6.1,Aaliyah Alexander,https://www.sports-reference.com/cbb/players/aaliyah-alexander-1.html,eastern-washington,2020-21
10,10,10,2021-01-07,Eastern Washington,,Weber State,REG (Conf),W 78-57,*,37,3,11,.273,2,5,.400,1,6,.167,.364,7,8,.875,5,7,12,8,1,0,2,1,15,17.9,Aaliyah Alexander,https://www.sports-reference.com/cbb/players/aaliyah-alexander-1.html,eastern-washington,2020-21
11,11,11,2021-01-09,Eastern Washington,,Weber State,REG (Conf),W 71-59,*,39,4,7,.571,1,2,.500,3,5,.600,.643,6,6,1.000,3,7,10,2,2,0,4,2,15,14.5,Aaliyah Alexander,https://www.sports-reference.com/cbb/players/aaliyah-alexander-1.html,eastern-washington,2020-21
12,12,12,2021-01-21,Eastern Washington,,Northern Colorado,REG (Conf),L 55-58,*,36,2,8,.250,0,1,.000,2,7,.286,.250,1,1,1.000,1,2,3,2,1,0,2,3,5,0.7,Aaliyah Alexander,https://www.sports-reference.com/cbb/players/aaliyah-alexander-1.html,eastern-washington,2020-21
13,13,13,2021-01-23,Eastern Washington,,Northern Colorado,REG (Conf),L 55-74,*,28,2,12,.167,0,3,.000,2,9,.222,.167,5,6,.833,4,0,4,3,2,0,5,2,9,2.1,Aaliyah Alexander,https://www.sports-reference.com/cbb/players/aaliyah-alexander-1.html,eastern-washington,2020-21
14,14,14,2021-01-28,Eastern Washington,@,Sacramento State,REG (Conf),L 76-82,*,27,6,15,.400,1,4,.250,5,11,.455,.433,0,0,,0,5,5,2,4,0,2,4,13,8.2,Aaliyah Alexander,https://www.sports-reference.com/cbb/players/aaliyah-alexander-1.html,eastern-washington,2020-21
15,15,15,2021-01-30,Eastern Washington,@,Sacramento State,REG (Conf),W 73-61,*,31,2,4,.500,0,0,,2,4,.500,.500,4,4,1.000,2,2,4,4,2,0,7,1,8,5.4,Aaliyah Alexander,https://www.sports-reference.com/cbb/players/aaliyah-alexander-1.html,eastern-washington,2020-21
16,16,16,2021-02-04,Eastern Washington,,Idaho,REG (Conf),L 69-79,*,31,7,12,.583,1,2,.500,6,10,.600,.625,1,1,1.000,2,2,4,2,0,0,3,4,16,9.2,Aaliyah Alexander,https://www.sports-reference.com/cbb/players/aaliyah-alexander-1.html,eastern-washington,2020-21
17,17,17,2021-02-06,Eastern Washington,@,Idaho,REG (Conf),L 56-85,*,29,4,6,.667,0,0,,4,6,.667,.667,0,0,,2,4,6,3,3,0,4,1,8,8.7,Aaliyah Alexander,https://www.sports-reference.com/cbb/players/aaliyah-alexander-1.html,eastern-washington,2020-21
18,18,18,2021-02-11,Eastern Washington,,Montana State,REG (Conf),L 42-73,*,31,2,7,.286,1,4,.250,1,3,.333,.357,0,0,,0,1,1,2,1,0,3,4,5,-1.0,Aaliyah Alexander,https://www.sports-reference.com/cbb/players/aaliyah-alexander-1.html,eastern-washington,2020-21
19,19,19,2021-02-13,Eastern Washington,,Montana State,REG (Conf),L 64-76,*,27,4,8,.500,0,2,.000,4,6,.667,.500,0,0,,0,4,4,4,0,0,3,2,8,4.2,Aaliyah Alexander,https://www.sports-reference.com/cbb/players/aaliyah-alexander-1.html,eastern-washington,2020-21
20,20,20,2021-02-18,Eastern Washington,@,Montana,REG (Conf),L 53-65,*,37,3,10,.300,0,2,.000,3,8,.375,.300,3,3,1.000,2,3,5,3,0,0,2,1,9,5.2,Aaliyah Alexander,https://www.sports-reference.com/cbb/players/aaliyah-alexander-1.html,eastern-washington,2020-21
21,21,21,2021-02-20,Eastern Washington,,Montana,REG (Conf),L 62-65,*,9,0,4,.000,0,1,.000,0,3,.000,.000,0,0,,0,1,1,1,1,0,2,1,0,-3.2,Aaliyah Alexander,https://www.sports-reference.com/cbb/players/aaliyah-alexander-1.html,eastern-washington,2020-21
