ranker,player_game_num_career,team_game_num_season,date,team_name_abbr,game_location,opp_name_abbr,game_type,game_result,is_starter,mp,fg,fga,fg_pct,fg3,fg3a,fg3_pct,fg2,fg2a,fg2_pct,efg_pct,ft,fta,ft_pct,orb,drb,trb,ast,stl,blk,tov,pf,pts,game_score,player_name,player_sr_link,school,season
1,17,1,2020-12-05,Eastern Washington,,Northern Arizona,REG (Conf),L 60-89,*,15,3,6,.500,0,1,.000,3,5,.600,.500,3,3,1.000,1,1,2,1,0,0,4,3,9,2.5,Alexyss Newman,https://www.sports-reference.com/cbb/players/alexyss-newman-1.html,eastern-washington,2020-21
2,18,2,2020-12-06,Eastern Washington,,Northern Arizona,REG (Conf),L 55-69,*,27,5,8,.625,0,0,,5,8,.625,.625,3,4,.750,3,6,9,0,2,1,2,1,13,13.2,Alexyss Newman,https://www.sports-reference.com/cbb/players/alexyss-newman-1.html,eastern-washington,2020-21
3,19,3,2020-12-10,Eastern Washington,@,Boise State,REG (Non-Conf),L 64-84,*,20,3,8,.375,0,1,.000,3,7,.429,.375,0,0,,1,4,5,2,0,0,3,4,6,0.3,Alexyss Newman,https://www.sports-reference.com/cbb/players/alexyss-newman-1.html,eastern-washington,2020-21
4,20,4,2020-12-14,Eastern Washington,,Grand Canyon,REG (Non-Conf),L 78-84,,24,3,4,.750,1,2,.500,2,2,1.000,.875,9,10,.900,2,7,9,2,1,0,2,3,16,16.7,Alexyss Newman,https://www.sports-reference.com/cbb/players/alexyss-newman-1.html,eastern-washington,2020-21
5,21,7,2020-12-22,Eastern Washington,@,Washington State,REG (Non-Conf),L 52-73,,8,0,3,.000,0,1,.000,0,2,.000,.000,0,0,,0,1,1,1,3,0,1,1,0,0.5,Alexyss Newman,https://www.sports-reference.com/cbb/players/alexyss-newman-1.html,eastern-washington,2020-21
6,22,8,2020-12-31,Eastern Washington,@,Portland State,REG (Conf),W 73-71,,12,2,6,.333,0,0,,2,6,.333,.333,2,2,1.000,0,2,2,1,2,1,1,0,6,5.6,Alexyss Newman,https://www.sports-reference.com/cbb/players/alexyss-newman-1.html,eastern-washington,2020-21
7,23,9,2021-01-02,Eastern Washington,@,Portland State,REG (Conf),W 73-67,,12,0,0,,0,0,,0,0,,,2,2,1.000,1,3,4,0,0,0,2,2,2,0.8,Alexyss Newman,https://www.sports-reference.com/cbb/players/alexyss-newman-1.html,eastern-washington,2020-21
