ranker,player_game_num_career,team_game_num_season,date,team_name_abbr,game_location,opp_name_abbr,game_type,game_result,is_starter,mp,fg,fga,fg_pct,fg3,fg3a,fg3_pct,fg2,fg2a,fg2_pct,efg_pct,ft,fta,ft_pct,orb,drb,trb,ast,stl,blk,tov,pf,pts,game_score,player_name,player_sr_link,school,season
1,1,1,2020-12-05,Eastern Washington,,Northern Arizona,REG (Conf),L 60-89,,3,0,2,.000,0,0,,0,2,.000,.000,0,0,,0,0,0,0,0,0,0,0,0,-1.4,Britt Van Buren,https://www.sports-reference.com/cbb/players/britt-van-buren-1.html,eastern-washington,2020-21
2,2,5,2020-12-17,Eastern Washington,,Coll. of Idaho,REG (Non-Conf),W 59-46,,3,0,0,,0,0,,0,0,,,0,0,,0,0,0,0,0,0,1,0,0,-1.0,Britt Van Buren,https://www.sports-reference.com/cbb/players/britt-van-buren-1.html,eastern-washington,2020-21
3,3,7,2020-12-22,Eastern Washington,@,Washington State,REG (Non-Conf),L 52-73,,2,0,0,,0,0,,0,0,,,0,0,,0,0,0,1,0,0,0,0,0,0.7,Britt Van Buren,https://www.sports-reference.com/cbb/players/britt-van-buren-1.html,eastern-washington,2020-21
4,4,10,2021-01-07,Eastern Washington,,Weber State,REG (Conf),W 78-57,,1,0,0,,0,0,,0,0,,,0,0,,0,0,0,0,0,0,0,0,0,0.0,Britt Van Buren,https://www.sports-reference.com/cbb/players/britt-van-buren-1.html,eastern-washington,2020-21
5,5,13,2021-01-23,Eastern Washington,,Northern Colorado,REG (Conf),L 55-74,,1,0,0,,0,0,,0,0,,,0,0,,0,0,0,0,0,0,0,0,0,0.0,Britt Van Buren,https://www.sports-reference.com/cbb/players/britt-van-buren-1.html,eastern-washington,2020-21
6,6,17,2021-02-06,Eastern Washington,@,Idaho,REG (Conf),L 56-85,,3,0,1,.000,0,1,.000,0,0,,.000,0,0,,0,0,0,0,0,0,0,0,0,-0.7,Britt Van Buren,https://www.sports-reference.com/cbb/players/britt-van-buren-1.html,eastern-washington,2020-21
7,7,18,2021-02-11,Eastern Washington,,Montana State,REG (Conf),L 42-73,,2,0,0,,0,0,,0,0,,,1,2,.500,0,0,0,0,0,0,0,0,1,0.6,Britt Van Buren,https://www.sports-reference.com/cbb/players/britt-van-buren-1.html,eastern-washington,2020-21
8,8,22,2021-03-05,Eastern Washington,@,Idaho State,REG (Conf),L 51-86,,4,1,1,1.000,0,0,,1,1,1.000,1.000,0,0,,1,0,1,1,0,0,0,0,2,3.1,Britt Van Buren,https://www.sports-reference.com/cbb/players/britt-van-buren-1.html,eastern-washington,2020-21
