ranker,player_game_num_career,team_game_num_season,date,team_name_abbr,game_location,opp_name_abbr,game_type,game_result,is_starter,mp,fg,fga,fg_pct,fg3,fg3a,fg3_pct,fg2,fg2a,fg2_pct,efg_pct,ft,fta,ft_pct,orb,drb,trb,ast,stl,blk,tov,pf,pts,game_score,player_name,player_sr_link,school,season
1,1,8,2020-12-31,Eastern Washington,@,Portland State,REG (Conf),W 73-71,,4,1,3,.333,0,0,,1,3,.333,.333,0,0,,0,1,1,0,0,0,1,1,2,-0.8,Gabrielle Jung,https://www.sports-reference.com/cbb/players/gabrielle-jung-1.html,eastern-washington,2020-21
2,2,9,2021-01-02,Eastern Washington,@,Portland State,REG (Conf),W 73-67,,2,0,2,.000,0,2,.000,0,0,,.000,0,0,,0,0,0,0,0,0,0,0,0,-1.4,Gabrielle Jung,https://www.sports-reference.com/cbb/players/gabrielle-jung-1.html,eastern-washington,2020-21
3,3,10,2021-01-07,Eastern Washington,,Weber State,REG (Conf),W 78-57,,13,1,5,.200,1,2,.500,0,3,.000,.300,0,0,,1,0,1,1,0,0,1,2,3,-0.5,Gabrielle Jung,https://www.sports-reference.com/cbb/players/gabrielle-jung-1.html,eastern-washington,2020-21
4,4,11,2021-01-09,Eastern Washington,,Weber State,REG (Conf),W 71-59,,12,1,4,.250,0,3,.000,1,1,1.000,.250,2,2,1.000,0,4,4,3,0,1,0,1,4,5.2,Gabrielle Jung,https://www.sports-reference.com/cbb/players/gabrielle-jung-1.html,eastern-washington,2020-21
5,5,12,2021-01-21,Eastern Washington,,Northern Colorado,REG (Conf),L 55-58,,17,4,6,.667,1,1,1.000,3,5,.600,.750,0,0,,1,2,3,0,1,0,1,1,9,7.3,Gabrielle Jung,https://www.sports-reference.com/cbb/players/gabrielle-jung-1.html,eastern-washington,2020-21
6,6,13,2021-01-23,Eastern Washington,,Northern Colorado,REG (Conf),L 55-74,,15,0,4,.000,0,2,.000,0,2,.000,.000,0,0,,0,4,4,1,1,0,1,2,0,-1.7,Gabrielle Jung,https://www.sports-reference.com/cbb/players/gabrielle-jung-1.html,eastern-washington,2020-21
7,7,14,2021-01-28,Eastern Washington,@,Sacramento State,REG (Conf),L 76-82,,20,0,2,.000,0,2,.000,0,0,,.000,1,2,.500,0,4,4,1,1,0,1,2,1,0.3,Gabrielle Jung,https://www.sports-reference.com/cbb/players/gabrielle-jung-1.html,eastern-washington,2020-21
8,8,15,2021-01-30,Eastern Washington,@,Sacramento State,REG (Conf),W 73-61,,8,1,2,.500,1,2,.500,0,0,,.750,0,0,,0,0,0,3,1,1,0,0,3,5.8,Gabrielle Jung,https://www.sports-reference.com/cbb/players/gabrielle-jung-1.html,eastern-washington,2020-21
9,9,16,2021-02-04,Eastern Washington,,Idaho,REG (Conf),L 69-79,,12,1,4,.250,0,1,.000,1,3,.333,.250,0,0,,1,0,1,1,0,0,0,0,2,1.0,Gabrielle Jung,https://www.sports-reference.com/cbb/players/gabrielle-jung-1.html,eastern-washington,2020-21
10,10,17,2021-02-06,Eastern Washington,@,Idaho,REG (Conf),L 56-85,,17,3,7,.429,2,3,.667,1,4,.250,.571,0,0,,1,1,2,0,1,0,1,1,8,4.9,Gabrielle Jung,https://www.sports-reference.com/cbb/players/gabrielle-jung-1.html,eastern-washington,2020-21
11,11,18,2021-02-11,Eastern Washington,,Montana State,REG (Conf),L 42-73,,11,0,2,.000,0,2,.000,0,0,,.000,0,0,,0,2,2,0,0,0,2,0,0,-2.8,Gabrielle Jung,https://www.sports-reference.com/cbb/players/gabrielle-jung-1.html,eastern-washington,2020-21
12,12,19,2021-02-13,Eastern Washington,,Montana State,REG (Conf),L 64-76,,16,2,3,.667,2,2,1.000,0,1,.000,1.000,2,2,1.000,0,0,0,0,0,0,1,0,8,5.7,Gabrielle Jung,https://www.sports-reference.com/cbb/players/gabrielle-jung-1.html,eastern-washington,2020-21
13,13,20,2021-02-18,Eastern Washington,@,Montana,REG (Conf),L 53-65,,19,3,5,.600,1,2,.500,2,3,.667,.700,0,0,,1,0,1,1,2,0,1,2,7,6.3,Gabrielle Jung,https://www.sports-reference.com/cbb/players/gabrielle-jung-1.html,eastern-washington,2020-21
14,14,21,2021-02-20,Eastern Washington,,Montana,REG (Conf),L 62-65,,25,1,3,.333,1,2,.500,0,1,.000,.500,1,2,.500,0,2,2,2,1,0,0,0,4,4.9,Gabrielle Jung,https://www.sports-reference.com/cbb/players/gabrielle-jung-1.html,eastern-washington,2020-21
15,15,22,2021-03-05,Eastern Washington,@,Idaho State,REG (Conf),L 51-86,*,33,1,7,.143,1,3,.333,0,4,.000,.214,0,0,,0,1,1,0,0,1,3,1,3,-3.9,Gabrielle Jung,https://www.sports-reference.com/cbb/players/gabrielle-jung-1.html,eastern-washington,2020-21
16,16,23,2021-03-08,Eastern Washington,@,Portland State,CTOURN,L 51-71,,18,0,2,.000,0,2,.000,0,0,,.000,0,0,,2,0,2,1,0,0,1,0,0,-0.3,Gabrielle Jung,https://www.sports-reference.com/cbb/players/gabrielle-jung-1.html,eastern-washington,2020-21
