ranker,player_game_num_career,team_game_num_season,date,team_name_abbr,game_location,opp_name_abbr,game_type,game_result,is_starter,mp,fg,fga,fg_pct,fg3,fg3a,fg3_pct,fg2,fg2a,fg2_pct,efg_pct,ft,fta,ft_pct,orb,drb,trb,ast,stl,blk,tov,pf,pts,game_score,player_name,player_sr_link,school,season
1,64,1,2020-12-05,Eastern Washington,,Northern Arizona,REG (Conf),L 60-89,*,29,2,8,.250,0,3,.000,2,5,.400,.250,0,0,,0,2,2,0,0,0,2,3,4,-3.4,Grace Kirscher,https://www.sports-reference.com/cbb/players/grace-kirscher-1.html,eastern-washington,2020-21
2,65,2,2020-12-06,Eastern Washington,,Northern Arizona,REG (Conf),L 55-69,*,32,3,8,.375,0,3,.000,3,5,.600,.375,3,3,1.000,3,2,5,0,3,0,4,3,9,5.1,Grace Kirscher,https://www.sports-reference.com/cbb/players/grace-kirscher-1.html,eastern-washington,2020-21
3,66,3,2020-12-10,Eastern Washington,@,Boise State,REG (Non-Conf),L 64-84,*,26,3,4,.750,3,4,.750,0,0,,1.125,0,0,,0,1,1,2,0,0,2,1,9,6.7,Grace Kirscher,https://www.sports-reference.com/cbb/players/grace-kirscher-1.html,eastern-washington,2020-21
4,67,4,2020-12-14,Eastern Washington,,Grand Canyon,REG (Non-Conf),L 78-84,*,38,3,9,.333,2,8,.250,1,1,1.000,.444,3,6,.500,0,5,5,3,3,1,2,4,11,8.4,Grace Kirscher,https://www.sports-reference.com/cbb/players/grace-kirscher-1.html,eastern-washington,2020-21
5,68,5,2020-12-17,Eastern Washington,,Coll. of Idaho,REG (Non-Conf),W 59-46,*,13,1,1,1.000,0,0,,1,1,1.000,1.000,0,0,,0,0,0,0,2,0,1,2,2,1.9,Grace Kirscher,https://www.sports-reference.com/cbb/players/grace-kirscher-1.html,eastern-washington,2020-21
6,69,6,2020-12-19,Eastern Washington,,Seattle,REG (Non-Conf),L 65-77,*,37,4,7,.571,0,2,.000,4,5,.800,.571,0,0,,1,4,5,4,2,0,2,3,8,8.2,Grace Kirscher,https://www.sports-reference.com/cbb/players/grace-kirscher-1.html,eastern-washington,2020-21
7,70,7,2020-12-22,Eastern Washington,@,Washington State,REG (Non-Conf),L 52-73,*,32,3,8,.375,2,3,.667,1,5,.200,.500,2,2,1.000,2,4,6,5,1,0,2,2,10,9.9,Grace Kirscher,https://www.sports-reference.com/cbb/players/grace-kirscher-1.html,eastern-washington,2020-21
8,71,8,2020-12-31,Eastern Washington,@,Portland State,REG (Conf),W 73-71,*,26,3,8,.375,0,2,.000,3,6,.500,.375,2,4,.500,1,1,2,1,1,1,1,2,8,4.4,Grace Kirscher,https://www.sports-reference.com/cbb/players/grace-kirscher-1.html,eastern-washington,2020-21
9,72,9,2021-01-02,Eastern Washington,@,Portland State,REG (Conf),W 73-67,*,28,3,8,.375,2,3,.667,1,5,.200,.500,5,7,.714,1,2,3,7,1,1,3,1,13,12.3,Grace Kirscher,https://www.sports-reference.com/cbb/players/grace-kirscher-1.html,eastern-washington,2020-21
10,73,10,2021-01-07,Eastern Washington,,Weber State,REG (Conf),W 78-57,*,29,5,12,.417,3,8,.375,2,4,.500,.542,2,2,1.000,0,3,3,3,0,1,3,4,15,7.7,Grace Kirscher,https://www.sports-reference.com/cbb/players/grace-kirscher-1.html,eastern-washington,2020-21
11,74,11,2021-01-09,Eastern Washington,,Weber State,REG (Conf),W 71-59,*,38,3,12,.250,1,7,.143,2,5,.400,.292,2,2,1.000,1,2,3,2,1,0,2,2,9,2.7,Grace Kirscher,https://www.sports-reference.com/cbb/players/grace-kirscher-1.html,eastern-washington,2020-21
12,75,12,2021-01-21,Eastern Washington,,Northern Colorado,REG (Conf),L 55-58,*,37,8,18,.444,1,6,.167,7,12,.583,.472,2,2,1.000,0,1,1,2,1,1,1,2,19,11.2,Grace Kirscher,https://www.sports-reference.com/cbb/players/grace-kirscher-1.html,eastern-washington,2020-21
13,76,13,2021-01-23,Eastern Washington,,Northern Colorado,REG (Conf),L 55-74,*,31,3,8,.375,0,1,.000,3,7,.429,.375,2,2,1.000,0,3,3,3,3,1,4,5,8,4.3,Grace Kirscher,https://www.sports-reference.com/cbb/players/grace-kirscher-1.html,eastern-washington,2020-21
14,77,14,2021-01-28,Eastern Washington,@,Sacramento State,REG (Conf),L 76-82,*,38,3,8,.375,1,6,.167,2,2,1.000,.438,4,4,1.000,0,2,2,3,4,1,2,2,11,11.2,Grace Kirscher,https://www.sports-reference.com/cbb/players/grace-kirscher-1.html,eastern-washington,2020-21
15,78,15,2021-01-30,Eastern Washington,@,Sacramento State,REG (Conf),W 73-61,*,33,8,14,.571,3,6,.500,5,8,.625,.679,0,0,,0,4,4,0,2,1,1,2,19,14.5,Grace Kirscher,https://www.sports-reference.com/cbb/players/grace-kirscher-1.html,eastern-washington,2020-21
16,79,16,2021-02-04,Eastern Washington,,Idaho,REG (Conf),L 69-79,*,35,10,17,.588,3,5,.600,7,12,.583,.676,1,1,1.000,0,3,3,1,1,0,1,4,24,16.1,Grace Kirscher,https://www.sports-reference.com/cbb/players/grace-kirscher-1.html,eastern-washington,2020-21
17,80,17,2021-02-06,Eastern Washington,@,Idaho,REG (Conf),L 56-85,*,29,4,14,.286,2,7,.286,2,7,.286,.357,0,0,,0,2,2,0,1,1,3,2,10,0.3,Grace Kirscher,https://www.sports-reference.com/cbb/players/grace-kirscher-1.html,eastern-washington,2020-21
18,81,18,2021-02-11,Eastern Washington,,Montana State,REG (Conf),L 42-73,*,28,4,10,.400,3,8,.375,1,2,.500,.550,1,2,.500,0,2,2,0,2,0,3,1,12,5.4,Grace Kirscher,https://www.sports-reference.com/cbb/players/grace-kirscher-1.html,eastern-washington,2020-21
19,82,19,2021-02-13,Eastern Washington,,Montana State,REG (Conf),L 64-76,*,35,2,13,.154,1,9,.111,1,4,.250,.192,0,0,,1,3,4,3,1,0,1,0,5,0.4,Grace Kirscher,https://www.sports-reference.com/cbb/players/grace-kirscher-1.html,eastern-washington,2020-21
20,83,20,2021-02-18,Eastern Washington,@,Montana,REG (Conf),L 53-65,*,35,2,8,.250,0,5,.000,2,3,.667,.250,0,0,,0,6,6,0,1,2,2,2,4,0.6,Grace Kirscher,https://www.sports-reference.com/cbb/players/grace-kirscher-1.html,eastern-washington,2020-21
21,84,21,2021-02-20,Eastern Washington,,Montana,REG (Conf),L 62-65,,14,1,5,.200,1,3,.333,0,2,.000,.300,0,0,,1,1,2,3,0,0,0,5,3,1.0,Grace Kirscher,https://www.sports-reference.com/cbb/players/grace-kirscher-1.html,eastern-washington,2020-21
22,85,22,2021-03-05,Eastern Washington,@,Idaho State,REG (Conf),L 51-86,*,20,2,4,.500,1,1,1.000,1,3,.333,.625,2,2,1.000,0,1,1,0,1,0,1,1,7,4.9,Grace Kirscher,https://www.sports-reference.com/cbb/players/grace-kirscher-1.html,eastern-washington,2020-21
23,86,23,2021-03-08,Eastern Washington,@,Portland State,CTOURN,L 51-71,*,36,4,11,.364,2,6,.333,2,5,.400,.455,2,2,1.000,0,2,2,2,0,0,0,1,12,7.5,Grace Kirscher,https://www.sports-reference.com/cbb/players/grace-kirscher-1.html,eastern-washington,2020-21
