ranker,player_game_num_career,team_game_num_season,date,team_name_abbr,game_location,opp_name_abbr,game_type,game_result,is_starter,mp,fg,fga,fg_pct,fg3,fg3a,fg3_pct,fg2,fg2a,fg2_pct,efg_pct,ft,fta,ft_pct,orb,drb,trb,ast,stl,blk,tov,pf,pts,game_score,player_name,player_sr_link,school,season
1,31,1,2020-12-05,Eastern Washington,,Northern Arizona,REG (Conf),L 60-89,,30,3,9,.333,1,4,.250,2,5,.400,.389,2,4,.500,0,0,0,3,0,0,3,1,9,1.8,Jenna Dick,https://www.sports-reference.com/cbb/players/jenna-dick-1.html,eastern-washington,2020-21
2,32,2,2020-12-06,Eastern Washington,,Northern Arizona,REG (Conf),L 55-69,,29,1,5,.200,1,3,.333,0,2,.000,.300,4,4,1.000,1,2,3,2,1,0,4,2,7,2.8,Jenna Dick,https://www.sports-reference.com/cbb/players/jenna-dick-1.html,eastern-washington,2020-21
3,33,3,2020-12-10,Eastern Washington,@,Boise State,REG (Non-Conf),L 64-84,,25,4,7,.571,0,3,.000,4,4,1.000,.571,0,0,,0,1,1,3,4,0,2,0,8,9.1,Jenna Dick,https://www.sports-reference.com/cbb/players/jenna-dick-1.html,eastern-washington,2020-21
4,34,4,2020-12-14,Eastern Washington,,Grand Canyon,REG (Non-Conf),L 78-84,*,37,6,10,.600,5,8,.625,1,2,.500,.850,0,0,,1,3,4,3,0,0,2,2,17,13.3,Jenna Dick,https://www.sports-reference.com/cbb/players/jenna-dick-1.html,eastern-washington,2020-21
5,35,5,2020-12-17,Eastern Washington,,Coll. of Idaho,REG (Non-Conf),W 59-46,*,33,7,11,.636,3,7,.429,4,4,1.000,.773,0,0,,0,4,4,3,2,1,4,0,17,14.1,Jenna Dick,https://www.sports-reference.com/cbb/players/jenna-dick-1.html,eastern-washington,2020-21
6,36,6,2020-12-19,Eastern Washington,,Seattle,REG (Non-Conf),L 65-77,*,33,2,9,.222,2,8,.250,0,1,.000,.333,2,2,1.000,1,1,2,0,1,0,1,1,8,3.1,Jenna Dick,https://www.sports-reference.com/cbb/players/jenna-dick-1.html,eastern-washington,2020-21
7,37,7,2020-12-22,Eastern Washington,@,Washington State,REG (Non-Conf),L 52-73,*,18,1,3,.333,1,3,.333,0,0,,.500,0,0,,0,0,0,0,0,0,4,1,3,-3.1,Jenna Dick,https://www.sports-reference.com/cbb/players/jenna-dick-1.html,eastern-washington,2020-21
8,38,8,2020-12-31,Eastern Washington,@,Portland State,REG (Conf),W 73-71,*,33,4,7,.571,3,6,.500,1,1,1.000,.786,0,0,,0,4,4,4,0,0,0,2,11,10.9,Jenna Dick,https://www.sports-reference.com/cbb/players/jenna-dick-1.html,eastern-washington,2020-21
9,39,9,2021-01-02,Eastern Washington,@,Portland State,REG (Conf),W 73-67,*,37,1,6,.167,1,4,.250,0,2,.000,.250,2,4,.500,0,1,1,2,2,0,1,1,5,2.7,Jenna Dick,https://www.sports-reference.com/cbb/players/jenna-dick-1.html,eastern-washington,2020-21
10,40,10,2021-01-07,Eastern Washington,,Weber State,REG (Conf),W 78-57,*,33,7,12,.583,6,10,.600,1,2,.500,.833,1,1,1.000,0,0,0,6,2,1,1,2,21,20.5,Jenna Dick,https://www.sports-reference.com/cbb/players/jenna-dick-1.html,eastern-washington,2020-21
11,41,11,2021-01-09,Eastern Washington,,Weber State,REG (Conf),W 71-59,*,40,3,6,.500,1,4,.250,2,2,1.000,.583,4,5,.800,0,2,2,3,0,0,2,1,11,7.9,Jenna Dick,https://www.sports-reference.com/cbb/players/jenna-dick-1.html,eastern-washington,2020-21
12,42,12,2021-01-21,Eastern Washington,,Northern Colorado,REG (Conf),L 55-58,*,35,2,5,.400,1,3,.333,1,2,.500,.500,0,0,,0,5,5,4,1,0,5,1,5,2.2,Jenna Dick,https://www.sports-reference.com/cbb/players/jenna-dick-1.html,eastern-washington,2020-21
13,43,13,2021-01-23,Eastern Washington,,Northern Colorado,REG (Conf),L 55-74,*,27,1,7,.143,1,7,.143,0,0,,.214,2,2,1.000,0,2,2,2,1,0,0,0,5,3.5,Jenna Dick,https://www.sports-reference.com/cbb/players/jenna-dick-1.html,eastern-washington,2020-21
14,44,14,2021-01-28,Eastern Washington,@,Sacramento State,REG (Conf),L 76-82,*,32,5,8,.625,4,6,.667,1,2,.500,.875,0,0,,0,4,4,1,0,0,2,1,14,9.9,Jenna Dick,https://www.sports-reference.com/cbb/players/jenna-dick-1.html,eastern-washington,2020-21
15,45,15,2021-01-30,Eastern Washington,@,Sacramento State,REG (Conf),W 73-61,*,32,3,5,.600,2,4,.500,1,1,1.000,.800,0,0,,1,0,1,1,2,1,5,0,8,4.8,Jenna Dick,https://www.sports-reference.com/cbb/players/jenna-dick-1.html,eastern-washington,2020-21
16,46,16,2021-02-04,Eastern Washington,,Idaho,REG (Conf),L 69-79,*,29,1,7,.143,1,4,.250,0,3,.000,.214,0,0,,1,2,3,1,2,0,0,4,3,0.9,Jenna Dick,https://www.sports-reference.com/cbb/players/jenna-dick-1.html,eastern-washington,2020-21
17,47,17,2021-02-06,Eastern Washington,@,Idaho,REG (Conf),L 56-85,*,30,1,3,.333,0,1,.000,1,2,.500,.333,0,0,,0,1,1,2,1,0,2,1,2,0.6,Jenna Dick,https://www.sports-reference.com/cbb/players/jenna-dick-1.html,eastern-washington,2020-21
18,48,18,2021-02-11,Eastern Washington,,Montana State,REG (Conf),L 42-73,*,27,1,6,.167,1,5,.200,0,1,.000,.250,0,0,,0,4,4,2,2,0,5,0,3,-1.2,Jenna Dick,https://www.sports-reference.com/cbb/players/jenna-dick-1.html,eastern-washington,2020-21
19,49,19,2021-02-13,Eastern Washington,,Montana State,REG (Conf),L 64-76,*,16,3,9,.333,2,8,.250,1,1,1.000,.444,0,0,,1,0,1,0,0,0,1,2,8,1.8,Jenna Dick,https://www.sports-reference.com/cbb/players/jenna-dick-1.html,eastern-washington,2020-21
20,50,21,2021-02-20,Eastern Washington,,Montana,REG (Conf),L 62-65,*,40,3,10,.300,3,8,.375,0,2,.000,.450,0,0,,1,6,7,3,1,0,4,3,9,3.6,Jenna Dick,https://www.sports-reference.com/cbb/players/jenna-dick-1.html,eastern-washington,2020-21
21,51,22,2021-03-05,Eastern Washington,@,Idaho State,REG (Conf),L 51-86,,14,1,3,.333,0,1,.000,1,2,.500,.333,0,0,,0,0,0,1,2,0,3,0,2,0.0,Jenna Dick,https://www.sports-reference.com/cbb/players/jenna-dick-1.html,eastern-washington,2020-21
22,52,23,2021-03-08,Eastern Washington,@,Portland State,CTOURN,L 51-71,*,40,3,8,.375,3,7,.429,0,1,.000,.563,2,2,1.000,0,3,3,1,0,0,5,1,11,2.8,Jenna Dick,https://www.sports-reference.com/cbb/players/jenna-dick-1.html,eastern-washington,2020-21
