ranker,player_game_num_career,team_game_num_season,date,team_name_abbr,game_location,opp_name_abbr,game_type,game_result,is_starter,mp,fg,fga,fg_pct,fg3,fg3a,fg3_pct,fg2,fg2a,fg2_pct,efg_pct,ft,fta,orb,drb,trb,ast,stl,blk,tov,pf,pts,game_score,player_name,player_sr_link,school,season
1,1,1,2020-12-05,Eastern Washington,,Northern Arizona,REG (Conf),L 60-89,,17,1,4,.250,1,3,.333,0,1,.000,.375,0,0,0,1,1,0,0,0,0,0,3,0.9,Kallie Schaplow,https://www.sports-reference.com/cbb/players/kallie-schaplow-1.html,eastern-washington,2020-21
2,2,2,2020-12-06,Eastern Washington,,Northern Arizona,REG (Conf),L 55-69,,9,0,0,,0,0,,0,0,,,0,0,0,0,0,0,0,0,0,0,0,0.0,Kallie Schaplow,https://www.sports-reference.com/cbb/players/kallie-schaplow-1.html,eastern-washington,2020-21
3,3,4,2020-12-14,Eastern Washington,,Grand Canyon,REG (Non-Conf),L 78-84,,2,1,2,.500,1,2,.500,0,0,,.750,0,0,0,0,0,0,0,0,0,0,3,2.0,Kallie Schaplow,https://www.sports-reference.com/cbb/players/kallie-schaplow-1.html,eastern-washington,2020-21
4,4,5,2020-12-17,Eastern Washington,,Coll. of Idaho,REG (Non-Conf),W 59-46,,17,0,3,.000,0,2,.000,0,1,.000,.000,0,0,0,2,2,1,0,1,1,0,0,-1.1,Kallie Schaplow,https://www.sports-reference.com/cbb/players/kallie-schaplow-1.html,eastern-washington,2020-21
5,5,6,2020-12-19,Eastern Washington,,Seattle,REG (Non-Conf),L 65-77,,5,2,2,1.000,2,2,1.000,0,0,,1.500,0,0,0,0,0,0,0,0,0,1,6,5.0,Kallie Schaplow,https://www.sports-reference.com/cbb/players/kallie-schaplow-1.html,eastern-washington,2020-21
6,6,7,2020-12-22,Eastern Washington,@,Washington State,REG (Non-Conf),L 52-73,,7,0,0,,0,0,,0,0,,,0,0,0,0,0,1,0,0,1,2,0,-1.1,Kallie Schaplow,https://www.sports-reference.com/cbb/players/kallie-schaplow-1.html,eastern-washington,2020-21
7,7,8,2020-12-31,Eastern Washington,@,Portland State,REG (Conf),W 73-71,,3,0,0,,0,0,,0,0,,,0,0,0,0,0,0,0,0,0,0,0,0.0,Kallie Schaplow,https://www.sports-reference.com/cbb/players/kallie-schaplow-1.html,eastern-washington,2020-21
8,8,10,2021-01-07,Eastern Washington,,Weber State,REG (Conf),W 78-57,,2,0,1,.000,0,1,.000,0,0,,.000,0,0,0,0,0,0,0,0,0,0,0,-0.7,Kallie Schaplow,https://www.sports-reference.com/cbb/players/kallie-schaplow-1.html,eastern-washington,2020-21
9,9,11,2021-01-09,Eastern Washington,,Weber State,REG (Conf),W 71-59,,4,1,1,1.000,1,1,1.000,0,0,,1.500,0,0,0,0,0,0,0,0,1,0,3,1.7,Kallie Schaplow,https://www.sports-reference.com/cbb/players/kallie-schaplow-1.html,eastern-washington,2020-21
10,10,13,2021-01-23,Eastern Washington,,Northern Colorado,REG (Conf),L 55-74,,17,2,2,1.000,2,2,1.000,0,0,,1.500,0,0,0,0,0,0,0,0,0,0,6,5.4,Kallie Schaplow,https://www.sports-reference.com/cbb/players/kallie-schaplow-1.html,eastern-washington,2020-21
11,11,14,2021-01-28,Eastern Washington,@,Sacramento State,REG (Conf),L 76-82,,2,0,0,,0,0,,0,0,,,0,0,0,0,0,0,0,0,0,0,0,0.0,Kallie Schaplow,https://www.sports-reference.com/cbb/players/kallie-schaplow-1.html,eastern-washington,2020-21
12,12,15,2021-01-30,Eastern Washington,@,Sacramento State,REG (Conf),W 73-61,,2,0,2,.000,0,2,.000,0,0,,.000,0,0,0,0,0,1,0,0,0,0,0,-0.7,Kallie Schaplow,https://www.sports-reference.com/cbb/players/kallie-schaplow-1.html,eastern-washington,2020-21
13,13,17,2021-02-06,Eastern Washington,@,Idaho,REG (Conf),L 56-85,,11,2,3,.667,1,1,1.000,1,2,.500,.833,0,0,0,1,1,0,0,0,1,1,5,2.6,Kallie Schaplow,https://www.sports-reference.com/cbb/players/kallie-schaplow-1.html,eastern-washington,2020-21
14,14,18,2021-02-11,Eastern Washington,,Montana State,REG (Conf),L 42-73,,6,2,3,.667,2,3,.667,0,0,,1.000,0,0,0,0,0,0,0,0,1,0,6,3.7,Kallie Schaplow,https://www.sports-reference.com/cbb/players/kallie-schaplow-1.html,eastern-washington,2020-21
15,15,19,2021-02-13,Eastern Washington,,Montana State,REG (Conf),L 64-76,,4,0,0,,0,0,,0,0,,,0,0,0,0,0,0,0,0,0,0,0,0.0,Kallie Schaplow,https://www.sports-reference.com/cbb/players/kallie-schaplow-1.html,eastern-washington,2020-21
16,16,20,2021-02-18,Eastern Washington,@,Montana,REG (Conf),L 53-65,,5,1,2,.500,1,2,.500,0,0,,.750,0,0,0,1,1,0,0,0,0,1,3,1.9,Kallie Schaplow,https://www.sports-reference.com/cbb/players/kallie-schaplow-1.html,eastern-washington,2020-21
17,17,21,2021-02-20,Eastern Washington,,Montana,REG (Conf),L 62-65,,1,0,0,,0,0,,0,0,,,0,0,0,0,0,0,0,0,0,0,0,0.0,Kallie Schaplow,https://www.sports-reference.com/cbb/players/kallie-schaplow-1.html,eastern-washington,2020-21
18,18,22,2021-03-05,Eastern Washington,@,Idaho State,REG (Conf),L 51-86,,14,1,3,.333,1,3,.333,0,0,,.500,0,0,0,0,0,0,0,0,0,0,3,1.3,Kallie Schaplow,https://www.sports-reference.com/cbb/players/kallie-schaplow-1.html,eastern-washington,2020-21
