ranker,player_game_num_career,team_game_num_season,date,team_name_abbr,game_location,opp_name_abbr,game_type,game_result,is_starter,mp,fg,fga,fg_pct,fg3,fg3a,fg3_pct,fg2,fg2a,fg2_pct,efg_pct,ft,fta,ft_pct,orb,drb,trb,ast,stl,blk,tov,pf,pts,game_score,player_name,player_sr_link,school,season
1,25,1,2020-12-05,Eastern Washington,,Northern Arizona,REG (Conf),L 60-89,*,32,4,10,.400,0,4,.000,4,6,.667,.400,0,0,,0,9,9,2,1,0,5,2,8,1.9,Kennedy Dickie,https://www.sports-reference.com/cbb/players/kennedy-dickie-1.html,eastern-washington,2020-21
2,26,2,2020-12-06,Eastern Washington,,Northern Arizona,REG (Conf),L 55-69,*,33,2,12,.167,1,5,.200,1,7,.143,.208,3,4,.750,2,5,7,3,0,0,4,3,8,-0.2,Kennedy Dickie,https://www.sports-reference.com/cbb/players/kennedy-dickie-1.html,eastern-washington,2020-21
3,27,3,2020-12-10,Eastern Washington,@,Boise State,REG (Non-Conf),L 64-84,*,30,5,10,.500,2,2,1.000,3,8,.375,.600,4,4,1.000,0,1,1,1,0,1,3,1,16,9.3,Kennedy Dickie,https://www.sports-reference.com/cbb/players/kennedy-dickie-1.html,eastern-washington,2020-21
4,28,4,2020-12-14,Eastern Washington,,Grand Canyon,REG (Non-Conf),L 78-84,*,21,4,8,.500,2,6,.333,2,2,1.000,.625,1,2,.500,2,2,4,2,0,0,9,2,11,0.2,Kennedy Dickie,https://www.sports-reference.com/cbb/players/kennedy-dickie-1.html,eastern-washington,2020-21
5,29,5,2020-12-17,Eastern Washington,,Coll. of Idaho,REG (Non-Conf),W 59-46,*,25,6,17,.353,3,8,.375,3,9,.333,.441,4,4,1.000,4,5,9,1,0,0,2,3,19,11.3,Kennedy Dickie,https://www.sports-reference.com/cbb/players/kennedy-dickie-1.html,eastern-washington,2020-21
6,30,6,2020-12-19,Eastern Washington,,Seattle,REG (Non-Conf),L 65-77,*,32,6,14,.429,2,7,.286,4,7,.571,.500,3,3,1.000,2,4,6,1,1,0,4,2,17,9.1,Kennedy Dickie,https://www.sports-reference.com/cbb/players/kennedy-dickie-1.html,eastern-washington,2020-21
7,31,7,2020-12-22,Eastern Washington,@,Washington State,REG (Non-Conf),L 52-73,*,24,4,8,.500,2,5,.400,2,3,.667,.625,0,0,,1,1,2,0,0,2,8,3,10,-0.8,Kennedy Dickie,https://www.sports-reference.com/cbb/players/kennedy-dickie-1.html,eastern-washington,2020-21
8,32,8,2020-12-31,Eastern Washington,@,Portland State,REG (Conf),W 73-71,*,26,3,6,.500,3,4,.750,0,2,.000,.750,2,2,1.000,1,4,5,4,1,0,1,4,11,11.1,Kennedy Dickie,https://www.sports-reference.com/cbb/players/kennedy-dickie-1.html,eastern-washington,2020-21
9,33,9,2021-01-02,Eastern Washington,@,Portland State,REG (Conf),W 73-67,*,38,5,11,.455,2,4,.500,3,7,.429,.545,5,6,.833,3,8,11,1,3,1,4,3,17,14.6,Kennedy Dickie,https://www.sports-reference.com/cbb/players/kennedy-dickie-1.html,eastern-washington,2020-21
10,34,14,2021-01-28,Eastern Washington,@,Sacramento State,REG (Conf),L 76-82,,31,5,11,.455,2,7,.286,3,4,.750,.545,0,2,.000,1,5,6,2,1,1,4,2,12,6.0,Kennedy Dickie,https://www.sports-reference.com/cbb/players/kennedy-dickie-1.html,eastern-washington,2020-21
11,35,15,2021-01-30,Eastern Washington,@,Sacramento State,REG (Conf),W 73-61,,19,3,8,.375,2,5,.400,1,3,.333,.500,1,2,.500,0,8,8,2,2,0,3,2,9,6.2,Kennedy Dickie,https://www.sports-reference.com/cbb/players/kennedy-dickie-1.html,eastern-washington,2020-21
12,36,16,2021-02-04,Eastern Washington,,Idaho,REG (Conf),L 69-79,,26,2,6,.333,0,3,.000,2,3,.667,.333,2,4,.500,0,7,7,1,1,0,4,4,6,0.0,Kennedy Dickie,https://www.sports-reference.com/cbb/players/kennedy-dickie-1.html,eastern-washington,2020-21
13,37,17,2021-02-06,Eastern Washington,@,Idaho,REG (Conf),L 56-85,,21,3,6,.500,1,2,.500,2,4,.500,.583,0,0,,0,2,2,0,0,0,2,3,7,1.4,Kennedy Dickie,https://www.sports-reference.com/cbb/players/kennedy-dickie-1.html,eastern-washington,2020-21
14,38,18,2021-02-11,Eastern Washington,,Montana State,REG (Conf),L 42-73,,23,2,8,.250,1,5,.200,1,3,.333,.313,1,4,.250,0,4,4,0,1,0,5,0,6,-2.8,Kennedy Dickie,https://www.sports-reference.com/cbb/players/kennedy-dickie-1.html,eastern-washington,2020-21
15,39,19,2021-02-13,Eastern Washington,,Montana State,REG (Conf),L 64-76,,24,2,8,.250,2,6,.333,0,2,.000,.375,2,2,1.000,1,3,4,3,0,0,1,4,8,4.3,Kennedy Dickie,https://www.sports-reference.com/cbb/players/kennedy-dickie-1.html,eastern-washington,2020-21
16,40,20,2021-02-18,Eastern Washington,@,Montana,REG (Conf),L 53-65,*,33,4,15,.267,2,8,.250,2,7,.286,.333,0,0,,0,3,3,1,1,0,3,2,10,-0.1,Kennedy Dickie,https://www.sports-reference.com/cbb/players/kennedy-dickie-1.html,eastern-washington,2020-21
17,41,21,2021-02-20,Eastern Washington,,Montana,REG (Conf),L 62-65,*,36,5,16,.313,5,10,.500,0,6,.000,.469,4,4,1.000,1,6,7,1,2,0,3,2,19,11.2,Kennedy Dickie,https://www.sports-reference.com/cbb/players/kennedy-dickie-1.html,eastern-washington,2020-21
18,42,22,2021-03-05,Eastern Washington,@,Idaho State,REG (Conf),L 51-86,*,32,3,10,.300,1,7,.143,2,3,.667,.350,2,2,1.000,0,5,5,1,3,0,3,0,9,5.4,Kennedy Dickie,https://www.sports-reference.com/cbb/players/kennedy-dickie-1.html,eastern-washington,2020-21
19,43,23,2021-03-08,Eastern Washington,@,Portland State,CTOURN,L 51-71,*,39,3,11,.273,2,8,.250,1,3,.333,.364,2,2,1.000,1,6,7,2,5,0,3,4,10,7.8,Kennedy Dickie,https://www.sports-reference.com/cbb/players/kennedy-dickie-1.html,eastern-washington,2020-21
