ranker,player_game_num_career,team_game_num_season,date,team_name_abbr,game_location,opp_name_abbr,game_type,game_result,is_starter,mp,fg,fga,fg_pct,fg3,fg3a,fg3_pct,fg2,fg2a,fg2_pct,efg_pct,ft,fta,ft_pct,orb,drb,trb,ast,stl,blk,tov,pf,pts,game_score,player_name,player_sr_link,school,season
1,1,2,2020-12-06,Eastern Washington,,Northern Arizona,REG (Conf),L 55-69,,10,0,6,.000,0,0,,0,6,.000,.000,0,0,,4,2,6,0,1,1,4,2,0,-3.9,Maisie Burnham,https://www.sports-reference.com/cbb/players/maisie-burnham-1.html,eastern-washington,2020-21
2,2,3,2020-12-10,Eastern Washington,@,Boise State,REG (Non-Conf),L 64-84,,19,4,7,.571,1,3,.333,3,4,.750,.643,3,4,.750,2,2,4,0,2,1,3,4,12,8.4,Maisie Burnham,https://www.sports-reference.com/cbb/players/maisie-burnham-1.html,eastern-washington,2020-21
3,3,4,2020-12-14,Eastern Washington,,Grand Canyon,REG (Non-Conf),L 78-84,,26,1,6,.167,0,3,.000,1,3,.333,.167,3,6,.500,5,0,5,1,0,0,4,4,5,-1.4,Maisie Burnham,https://www.sports-reference.com/cbb/players/maisie-burnham-1.html,eastern-washington,2020-21
4,4,5,2020-12-17,Eastern Washington,,Coll. of Idaho,REG (Non-Conf),W 59-46,,29,4,10,.400,0,1,.000,4,9,.444,.400,1,1,1.000,6,4,10,1,2,2,6,3,9,5.9,Maisie Burnham,https://www.sports-reference.com/cbb/players/maisie-burnham-1.html,eastern-washington,2020-21
5,5,6,2020-12-19,Eastern Washington,,Seattle,REG (Non-Conf),L 65-77,*,22,4,11,.364,1,3,.333,3,8,.375,.409,2,2,1.000,1,2,3,0,1,0,2,5,11,3.2,Maisie Burnham,https://www.sports-reference.com/cbb/players/maisie-burnham-1.html,eastern-washington,2020-21
6,6,7,2020-12-22,Eastern Washington,@,Washington State,REG (Non-Conf),L 52-73,*,37,5,9,.556,0,2,.000,5,7,.714,.556,6,12,.500,3,5,8,1,3,0,4,3,16,11.4,Maisie Burnham,https://www.sports-reference.com/cbb/players/maisie-burnham-1.html,eastern-washington,2020-21
7,7,8,2020-12-31,Eastern Washington,@,Portland State,REG (Conf),W 73-71,*,31,7,15,.467,0,1,.000,7,14,.500,.467,2,4,.500,3,3,6,2,0,0,3,5,16,6.9,Maisie Burnham,https://www.sports-reference.com/cbb/players/maisie-burnham-1.html,eastern-washington,2020-21
8,8,9,2021-01-02,Eastern Washington,@,Portland State,REG (Conf),W 73-67,*,34,6,15,.400,0,1,.000,6,14,.429,.400,9,12,.750,3,2,5,2,4,1,2,3,21,17.3,Maisie Burnham,https://www.sports-reference.com/cbb/players/maisie-burnham-1.html,eastern-washington,2020-21
9,9,10,2021-01-07,Eastern Washington,,Weber State,REG (Conf),W 78-57,*,38,7,16,.438,2,6,.333,5,10,.500,.500,2,2,1.000,1,5,6,2,4,0,6,2,18,10.4,Maisie Burnham,https://www.sports-reference.com/cbb/players/maisie-burnham-1.html,eastern-washington,2020-21
10,10,11,2021-01-09,Eastern Washington,,Weber State,REG (Conf),W 71-59,*,25,7,16,.438,3,3,1.000,4,13,.308,.531,0,0,,1,3,4,0,2,0,1,3,17,10.0,Maisie Burnham,https://www.sports-reference.com/cbb/players/maisie-burnham-1.html,eastern-washington,2020-21
11,11,12,2021-01-21,Eastern Washington,,Northern Colorado,REG (Conf),L 55-58,*,35,5,15,.333,0,1,.000,5,14,.357,.333,5,5,1.000,3,6,9,2,2,0,3,4,15,9.2,Maisie Burnham,https://www.sports-reference.com/cbb/players/maisie-burnham-1.html,eastern-washington,2020-21
12,12,13,2021-01-23,Eastern Washington,,Northern Colorado,REG (Conf),L 55-74,*,33,8,15,.533,0,3,.000,8,12,.667,.533,6,8,.750,4,7,11,0,0,0,3,3,22,14.6,Maisie Burnham,https://www.sports-reference.com/cbb/players/maisie-burnham-1.html,eastern-washington,2020-21
13,13,14,2021-01-28,Eastern Washington,@,Sacramento State,REG (Conf),L 76-82,*,28,7,11,.636,0,0,,7,11,.636,.636,11,12,.917,3,2,5,3,0,0,3,4,25,19.9,Maisie Burnham,https://www.sports-reference.com/cbb/players/maisie-burnham-1.html,eastern-washington,2020-21
14,14,15,2021-01-30,Eastern Washington,@,Sacramento State,REG (Conf),W 73-61,*,37,8,13,.615,1,1,1.000,7,12,.583,.654,2,2,1.000,1,3,4,5,2,2,5,1,19,16.2,Maisie Burnham,https://www.sports-reference.com/cbb/players/maisie-burnham-1.html,eastern-washington,2020-21
15,15,16,2021-02-04,Eastern Washington,,Idaho,REG (Conf),L 69-79,*,38,3,9,.333,1,1,1.000,2,8,.250,.389,3,3,1.000,0,5,5,1,0,0,2,2,10,4.3,Maisie Burnham,https://www.sports-reference.com/cbb/players/maisie-burnham-1.html,eastern-washington,2020-21
16,16,17,2021-02-06,Eastern Washington,@,Idaho,REG (Conf),L 56-85,*,23,4,7,.571,0,0,,4,7,.571,.571,6,6,1.000,1,1,2,2,2,0,6,4,14,7.5,Maisie Burnham,https://www.sports-reference.com/cbb/players/maisie-burnham-1.html,eastern-washington,2020-21
17,17,18,2021-02-11,Eastern Washington,,Montana State,REG (Conf),L 42-73,*,32,2,13,.154,0,1,.000,2,12,.167,.154,3,4,.750,1,5,6,4,1,0,6,3,7,-2.9,Maisie Burnham,https://www.sports-reference.com/cbb/players/maisie-burnham-1.html,eastern-washington,2020-21
18,18,19,2021-02-13,Eastern Washington,,Montana State,REG (Conf),L 64-76,*,38,6,12,.500,0,1,.000,6,11,.545,.500,4,4,1.000,1,7,8,4,4,1,9,2,16,10.5,Maisie Burnham,https://www.sports-reference.com/cbb/players/maisie-burnham-1.html,eastern-washington,2020-21
19,19,20,2021-02-18,Eastern Washington,@,Montana,REG (Conf),L 53-65,*,30,6,13,.462,1,3,.333,5,10,.500,.500,1,1,1.000,1,4,5,1,3,0,3,4,14,8.3,Maisie Burnham,https://www.sports-reference.com/cbb/players/maisie-burnham-1.html,eastern-washington,2020-21
20,20,21,2021-02-20,Eastern Washington,,Montana,REG (Conf),L 62-65,*,33,6,13,.462,2,4,.500,4,9,.444,.538,2,2,1.000,0,2,2,5,3,0,4,4,16,10.8,Maisie Burnham,https://www.sports-reference.com/cbb/players/maisie-burnham-1.html,eastern-washington,2020-21
21,21,22,2021-03-05,Eastern Washington,@,Idaho State,REG (Conf),L 51-86,*,30,4,8,.500,1,1,1.000,3,7,.429,.563,9,12,.750,1,1,2,3,0,2,5,1,18,11.9,Maisie Burnham,https://www.sports-reference.com/cbb/players/maisie-burnham-1.html,eastern-washington,2020-21
22,22,23,2021-03-08,Eastern Washington,@,Portland State,CTOURN,L 51-71,*,34,3,14,.214,1,2,.500,2,12,.167,.250,6,6,1.000,3,1,4,3,1,1,7,3,13,2.4,Maisie Burnham,https://www.sports-reference.com/cbb/players/maisie-burnham-1.html,eastern-washington,2020-21
