ranker,player_game_num_career,team_game_num_season,date,team_name_abbr,game_location,opp_name_abbr,game_type,game_result,is_starter,mp,fg,fga,fg_pct,fg3,fg3a,fg3_pct,fg2,fg2a,fg2_pct,efg_pct,ft,fta,orb,drb,trb,ast,stl,blk,tov,pf,pts,game_score,player_name,player_sr_link,school,season
1,1,1,2020-12-05,Eastern Washington,,Northern Arizona,REG (Conf),L 60-89,,1,0,0,,0,0,,0,0,,,0,0,0,0,0,0,0,0,0,0,0,0.0,Megan Fossen,https://www.sports-reference.com/cbb/players/megan-fossen-1.html,eastern-washington,2020-21
2,2,5,2020-12-17,Eastern Washington,,Coll. of Idaho,REG (Non-Conf),W 59-46,,14,0,1,.000,0,1,.000,0,0,,.000,0,0,0,1,1,0,0,0,0,1,0,-0.8,Megan Fossen,https://www.sports-reference.com/cbb/players/megan-fossen-1.html,eastern-washington,2020-21
3,3,6,2020-12-19,Eastern Washington,,Seattle,REG (Non-Conf),L 65-77,,9,0,1,.000,0,1,.000,0,0,,.000,0,0,0,1,1,1,1,0,0,0,0,1.3,Megan Fossen,https://www.sports-reference.com/cbb/players/megan-fossen-1.html,eastern-washington,2020-21
4,4,7,2020-12-22,Eastern Washington,@,Washington State,REG (Non-Conf),L 52-73,,11,1,2,.500,1,2,.500,0,0,,.750,0,0,0,0,0,0,1,0,0,1,3,2.6,Megan Fossen,https://www.sports-reference.com/cbb/players/megan-fossen-1.html,eastern-washington,2020-21
5,5,10,2021-01-07,Eastern Washington,,Weber State,REG (Conf),W 78-57,,3,0,1,.000,0,0,,0,1,.000,.000,0,0,0,0,0,0,0,0,0,1,0,-1.1,Megan Fossen,https://www.sports-reference.com/cbb/players/megan-fossen-1.html,eastern-washington,2020-21
6,6,17,2021-02-06,Eastern Washington,@,Idaho,REG (Conf),L 56-85,,3,0,0,,0,0,,0,0,,,0,0,0,0,0,0,0,0,1,2,0,-1.8,Megan Fossen,https://www.sports-reference.com/cbb/players/megan-fossen-1.html,eastern-washington,2020-21
7,7,18,2021-02-11,Eastern Washington,,Montana State,REG (Conf),L 42-73,,2,0,0,,0,0,,0,0,,,0,0,0,1,1,0,0,0,0,0,0,0.3,Megan Fossen,https://www.sports-reference.com/cbb/players/megan-fossen-1.html,eastern-washington,2020-21
8,8,22,2021-03-05,Eastern Washington,@,Idaho State,REG (Conf),L 51-86,,5,0,1,.000,0,1,.000,0,0,,.000,0,0,0,0,0,0,0,0,0,0,0,-0.7,Megan Fossen,https://www.sports-reference.com/cbb/players/megan-fossen-1.html,eastern-washington,2020-21
