ranker,player_game_num_career,team_game_num_season,date,team_name_abbr,game_location,opp_name_abbr,game_type,game_result,is_starter,mp,fg,fga,fg_pct,fg3,fg3a,fg2,fg2a,fg2_pct,efg_pct,ft,fta,ft_pct,orb,drb,trb,ast,stl,blk,tov,pf,pts,game_score,player_name,player_sr_link,school,season
1,30,1,2020-12-05,Eastern Washington,,Northern Arizona,REG (Conf),L 60-89,*,18,2,3,.667,0,0,2,3,.667,.667,0,0,,3,6,9,0,0,0,4,2,4,1.8,Milly Knowles,https://www.sports-reference.com/cbb/players/milly-knowles-1.html,eastern-washington,2020-21
2,31,2,2020-12-06,Eastern Washington,,Northern Arizona,REG (Conf),L 55-69,*,11,1,1,1.000,0,0,1,1,1.000,1.000,0,0,,1,1,2,0,0,0,2,2,2,-0.1,Milly Knowles,https://www.sports-reference.com/cbb/players/milly-knowles-1.html,eastern-washington,2020-21
3,32,3,2020-12-10,Eastern Washington,@,Boise State,REG (Non-Conf),L 64-84,*,26,0,2,.000,0,0,0,2,.000,.000,0,0,,2,3,5,0,1,2,1,0,0,2.3,Milly Knowles,https://www.sports-reference.com/cbb/players/milly-knowles-1.html,eastern-washington,2020-21
4,33,4,2020-12-14,Eastern Washington,,Grand Canyon,REG (Non-Conf),L 78-84,*,12,0,0,,0,0,0,0,,,0,0,,1,0,1,0,1,0,1,3,0,-0.5,Milly Knowles,https://www.sports-reference.com/cbb/players/milly-knowles-1.html,eastern-washington,2020-21
5,34,5,2020-12-17,Eastern Washington,,Coll. of Idaho,REG (Non-Conf),W 59-46,*,16,0,2,.000,0,0,0,2,.000,.000,0,0,,2,2,4,1,2,0,4,3,0,-1.9,Milly Knowles,https://www.sports-reference.com/cbb/players/milly-knowles-1.html,eastern-washington,2020-21
6,35,7,2020-12-22,Eastern Washington,@,Washington State,REG (Non-Conf),L 52-73,,15,0,0,,0,0,0,0,,,0,0,,1,0,1,0,2,1,0,2,0,2.6,Milly Knowles,https://www.sports-reference.com/cbb/players/milly-knowles-1.html,eastern-washington,2020-21
7,36,8,2020-12-31,Eastern Washington,@,Portland State,REG (Conf),W 73-71,,15,3,5,.600,0,0,3,5,.600,.600,0,2,.000,3,0,3,1,0,0,0,4,6,4.1,Milly Knowles,https://www.sports-reference.com/cbb/players/milly-knowles-1.html,eastern-washington,2020-21
8,37,9,2021-01-02,Eastern Washington,@,Portland State,REG (Conf),W 73-67,,5,0,0,,0,0,0,0,,,1,2,.500,1,1,2,0,0,0,0,2,1,0.8,Milly Knowles,https://www.sports-reference.com/cbb/players/milly-knowles-1.html,eastern-washington,2020-21
9,38,10,2021-01-07,Eastern Washington,,Weber State,REG (Conf),W 78-57,*,25,1,3,.333,0,0,1,3,.333,.333,0,0,,2,6,8,2,1,0,1,4,2,3.3,Milly Knowles,https://www.sports-reference.com/cbb/players/milly-knowles-1.html,eastern-washington,2020-21
10,39,11,2021-01-09,Eastern Washington,,Weber State,REG (Conf),W 71-59,*,16,1,2,.500,0,0,1,2,.500,.500,0,0,,1,2,3,0,0,0,2,4,2,-1.3,Milly Knowles,https://www.sports-reference.com/cbb/players/milly-knowles-1.html,eastern-washington,2020-21
11,40,12,2021-01-21,Eastern Washington,,Northern Colorado,REG (Conf),L 55-58,*,18,0,2,.000,0,0,0,2,.000,.000,0,0,,2,2,4,2,1,1,0,3,0,2.5,Milly Knowles,https://www.sports-reference.com/cbb/players/milly-knowles-1.html,eastern-washington,2020-21
12,41,13,2021-01-23,Eastern Washington,,Northern Colorado,REG (Conf),L 55-74,*,24,0,4,.000,0,0,0,4,.000,.000,0,0,,1,1,2,1,1,0,0,3,0,-1.3,Milly Knowles,https://www.sports-reference.com/cbb/players/milly-knowles-1.html,eastern-washington,2020-21
13,42,14,2021-01-28,Eastern Washington,@,Sacramento State,REG (Conf),L 76-82,,8,0,0,,0,0,0,0,,,0,0,,0,0,0,1,0,0,2,3,0,-2.5,Milly Knowles,https://www.sports-reference.com/cbb/players/milly-knowles-1.html,eastern-washington,2020-21
14,43,15,2021-01-30,Eastern Washington,@,Sacramento State,REG (Conf),W 73-61,,16,1,2,.500,0,0,1,2,.500,.500,0,0,,1,2,3,0,1,1,0,1,2,3.6,Milly Knowles,https://www.sports-reference.com/cbb/players/milly-knowles-1.html,eastern-washington,2020-21
15,44,16,2021-02-04,Eastern Washington,,Idaho,REG (Conf),L 69-79,,5,0,1,.000,0,0,0,1,.000,.000,0,0,,0,1,1,0,0,1,1,1,0,-1.1,Milly Knowles,https://www.sports-reference.com/cbb/players/milly-knowles-1.html,eastern-washington,2020-21
16,45,17,2021-02-06,Eastern Washington,@,Idaho,REG (Conf),L 56-85,,13,0,3,.000,0,0,0,3,.000,.000,0,0,,0,1,1,0,0,2,2,2,0,-3.2,Milly Knowles,https://www.sports-reference.com/cbb/players/milly-knowles-1.html,eastern-washington,2020-21
17,46,18,2021-02-11,Eastern Washington,,Montana State,REG (Conf),L 42-73,,18,0,0,,0,0,0,0,,,2,2,1.000,2,1,3,1,0,0,0,1,2,4.0,Milly Knowles,https://www.sports-reference.com/cbb/players/milly-knowles-1.html,eastern-washington,2020-21
18,47,19,2021-02-13,Eastern Washington,,Montana State,REG (Conf),L 64-76,,18,3,4,.750,0,0,3,4,.750,.750,1,2,.500,4,3,7,0,2,0,0,0,7,10.7,Milly Knowles,https://www.sports-reference.com/cbb/players/milly-knowles-1.html,eastern-washington,2020-21
19,48,20,2021-02-18,Eastern Washington,@,Montana,REG (Conf),L 53-65,,25,1,2,.500,0,0,1,2,.500,.500,2,4,.500,3,2,5,1,1,0,3,4,4,2.0,Milly Knowles,https://www.sports-reference.com/cbb/players/milly-knowles-1.html,eastern-washington,2020-21
20,49,21,2021-02-20,Eastern Washington,,Montana,REG (Conf),L 62-65,*,29,3,4,.750,0,0,3,4,.750,.750,1,2,.500,0,5,5,1,1,1,1,4,7,6.3,Milly Knowles,https://www.sports-reference.com/cbb/players/milly-knowles-1.html,eastern-washington,2020-21
21,50,22,2021-03-05,Eastern Washington,@,Idaho State,REG (Conf),L 51-86,,19,1,2,.500,0,0,1,2,.500,.500,0,0,,2,1,3,0,1,0,0,1,2,3.3,Milly Knowles,https://www.sports-reference.com/cbb/players/milly-knowles-1.html,eastern-washington,2020-21
22,51,23,2021-03-08,Eastern Washington,@,Portland State,CTOURN,L 51-71,,14,1,2,.500,0,0,1,2,.500,.500,1,2,.500,3,0,3,1,1,1,1,4,3,3.5,Milly Knowles,https://www.sports-reference.com/cbb/players/milly-knowles-1.html,eastern-washington,2020-21
