ranker,player_game_num_career,team_game_num_season,date,team_name_abbr,game_location,opp_name_abbr,game_type,game_result,is_starter,mp,fg,fga,fg_pct,fg3,fg3a,fg2,fg2a,fg2_pct,efg_pct,ft,fta,ft_pct,orb,drb,trb,ast,stl,blk,tov,pf,pts,game_score,player_name,player_sr_link,school,season
1,1,1,2020-12-05,Eastern Washington,,Northern Arizona,REG (Conf),L 60-89,,15,2,2,1.000,0,0,2,2,1.000,1.000,1,2,.500,2,3,5,1,0,2,1,2,5,6.6,Nuria Cunill,https://www.sports-reference.com/cbb/players/nuria-cunill-1.html,eastern-washington,2020-21
2,2,2,2020-12-06,Eastern Washington,,Northern Arizona,REG (Conf),L 55-69,,11,0,0,,0,0,0,0,,,0,0,,0,2,2,0,0,0,0,0,0,0.6,Nuria Cunill,https://www.sports-reference.com/cbb/players/nuria-cunill-1.html,eastern-washington,2020-21
3,3,3,2020-12-10,Eastern Washington,@,Boise State,REG (Non-Conf),L 64-84,,23,2,6,.333,0,0,2,6,.333,.333,1,2,.500,2,4,6,2,2,0,0,1,5,6.8,Nuria Cunill,https://www.sports-reference.com/cbb/players/nuria-cunill-1.html,eastern-washington,2020-21
4,4,4,2020-12-14,Eastern Washington,,Grand Canyon,REG (Non-Conf),L 78-84,,2,0,0,,0,0,0,0,,,0,0,,0,0,0,1,0,0,0,3,0,-0.5,Nuria Cunill,https://www.sports-reference.com/cbb/players/nuria-cunill-1.html,eastern-washington,2020-21
5,5,5,2020-12-17,Eastern Washington,,Coll. of Idaho,REG (Non-Conf),W 59-46,,10,1,1,1.000,0,0,1,1,1.000,1.000,0,0,,1,1,2,0,0,0,1,1,2,1.3,Nuria Cunill,https://www.sports-reference.com/cbb/players/nuria-cunill-1.html,eastern-washington,2020-21
6,6,6,2020-12-19,Eastern Washington,,Seattle,REG (Non-Conf),L 65-77,,29,0,4,.000,0,0,0,4,.000,.000,1,2,.500,3,4,7,1,2,3,3,4,1,1.3,Nuria Cunill,https://www.sports-reference.com/cbb/players/nuria-cunill-1.html,eastern-washington,2020-21
7,7,7,2020-12-22,Eastern Washington,@,Washington State,REG (Non-Conf),L 52-73,,14,0,1,.000,0,0,0,1,.000,.000,1,2,.500,0,2,2,0,1,0,1,0,1,0.5,Nuria Cunill,https://www.sports-reference.com/cbb/players/nuria-cunill-1.html,eastern-washington,2020-21
8,8,8,2020-12-31,Eastern Washington,@,Portland State,REG (Conf),W 73-71,,13,1,2,.500,0,0,1,2,.500,.500,0,0,,2,5,7,1,0,1,2,1,2,2.9,Nuria Cunill,https://www.sports-reference.com/cbb/players/nuria-cunill-1.html,eastern-washington,2020-21
9,9,9,2021-01-02,Eastern Washington,@,Portland State,REG (Conf),W 73-67,,9,1,3,.333,0,0,1,3,.333,.333,0,0,,3,0,3,0,0,0,0,0,2,2.4,Nuria Cunill,https://www.sports-reference.com/cbb/players/nuria-cunill-1.html,eastern-washington,2020-21
10,10,10,2021-01-07,Eastern Washington,,Weber State,REG (Conf),W 78-57,,18,2,3,.667,0,0,2,3,.667,.667,0,0,,1,3,4,0,1,0,0,2,4,4.5,Nuria Cunill,https://www.sports-reference.com/cbb/players/nuria-cunill-1.html,eastern-washington,2020-21
11,11,11,2021-01-09,Eastern Washington,,Weber State,REG (Conf),W 71-59,,24,5,7,.714,0,0,5,7,.714,.714,0,0,,3,4,7,0,1,0,2,4,10,7.8,Nuria Cunill,https://www.sports-reference.com/cbb/players/nuria-cunill-1.html,eastern-washington,2020-21
12,12,12,2021-01-21,Eastern Washington,,Northern Colorado,REG (Conf),L 55-58,,22,1,5,.200,0,0,1,5,.200,.200,0,0,,3,2,5,0,0,2,1,2,2,1.2,Nuria Cunill,https://www.sports-reference.com/cbb/players/nuria-cunill-1.html,eastern-washington,2020-21
13,13,13,2021-01-23,Eastern Washington,,Northern Colorado,REG (Conf),L 55-74,,18,2,3,.667,0,0,2,3,.667,.667,0,0,,0,3,3,0,1,0,0,0,4,4.6,Nuria Cunill,https://www.sports-reference.com/cbb/players/nuria-cunill-1.html,eastern-washington,2020-21
14,14,14,2021-01-28,Eastern Washington,@,Sacramento State,REG (Conf),L 76-82,*,16,0,1,.000,0,0,0,1,.000,.000,0,0,,1,3,4,1,3,1,0,2,0,4.5,Nuria Cunill,https://www.sports-reference.com/cbb/players/nuria-cunill-1.html,eastern-washington,2020-21
15,15,15,2021-01-30,Eastern Washington,@,Sacramento State,REG (Conf),W 73-61,*,21,2,3,.667,0,0,2,3,.667,.667,1,2,.500,4,5,9,0,1,2,0,2,5,9.2,Nuria Cunill,https://www.sports-reference.com/cbb/players/nuria-cunill-1.html,eastern-washington,2020-21
16,16,16,2021-02-04,Eastern Washington,,Idaho,REG (Conf),L 69-79,*,24,4,7,.571,0,0,4,7,.571,.571,0,0,,2,4,6,2,1,1,2,2,8,7.6,Nuria Cunill,https://www.sports-reference.com/cbb/players/nuria-cunill-1.html,eastern-washington,2020-21
17,17,17,2021-02-06,Eastern Washington,@,Idaho,REG (Conf),L 56-85,*,17,1,3,.333,0,0,1,3,.333,.333,0,2,.000,1,4,5,0,1,0,1,3,2,0.2,Nuria Cunill,https://www.sports-reference.com/cbb/players/nuria-cunill-1.html,eastern-washington,2020-21
18,18,18,2021-02-11,Eastern Washington,,Montana State,REG (Conf),L 42-73,*,20,0,0,,0,0,0,0,,,0,0,,1,4,5,1,1,1,0,0,0,4.3,Nuria Cunill,https://www.sports-reference.com/cbb/players/nuria-cunill-1.html,eastern-washington,2020-21
19,19,19,2021-02-13,Eastern Washington,,Montana State,REG (Conf),L 64-76,*,22,2,2,1.000,0,0,2,2,1.000,1.000,0,0,,0,3,3,0,1,2,1,2,4,4.9,Nuria Cunill,https://www.sports-reference.com/cbb/players/nuria-cunill-1.html,eastern-washington,2020-21
20,20,20,2021-02-18,Eastern Washington,@,Montana,REG (Conf),L 53-65,*,15,1,3,.333,0,0,1,3,.333,.333,0,0,,0,4,4,0,0,0,0,3,2,0.3,Nuria Cunill,https://www.sports-reference.com/cbb/players/nuria-cunill-1.html,eastern-washington,2020-21
21,21,21,2021-02-20,Eastern Washington,,Montana,REG (Conf),L 62-65,,12,2,3,.667,0,0,2,3,.667,.667,0,0,,0,0,0,0,0,1,1,2,4,1.6,Nuria Cunill,https://www.sports-reference.com/cbb/players/nuria-cunill-1.html,eastern-washington,2020-21
22,22,22,2021-03-05,Eastern Washington,@,Idaho State,REG (Conf),L 51-86,*,21,2,4,.500,0,0,2,4,.500,.500,0,0,,2,3,5,1,1,0,1,3,4,3.8,Nuria Cunill,https://www.sports-reference.com/cbb/players/nuria-cunill-1.html,eastern-washington,2020-21
23,23,23,2021-03-08,Eastern Washington,@,Portland State,CTOURN,L 51-71,*,18,1,2,.500,0,0,1,2,.500,.500,0,0,,1,6,7,2,1,1,2,4,2,3.0,Nuria Cunill,https://www.sports-reference.com/cbb/players/nuria-cunill-1.html,eastern-washington,2020-21
