ranker,player_game_num_career,team_game_num_season,date,team_name_abbr,game_location,opp_name_abbr,game_type,game_result,is_starter,mp,fg,fga,fg_pct,fg3,fg3a,fg3_pct,fg2,fg2a,fg2_pct,efg_pct,ft,fta,ft_pct,orb,drb,trb,ast,stl,blk,tov,pf,pts,game_score,player_name,player_sr_link,school,season
1,24,11,2021-01-09,Eastern Washington,,Weber State,REG (Conf),W 71-59,,2,0,2,.000,0,1,.000,0,1,.000,.000,0,0,,0,0,0,0,0,0,0,1,0,-1.8,Tatiana Reese,https://www.sports-reference.com/cbb/players/tatiana-reese-1.html,eastern-washington,2020-21
2,25,13,2021-01-23,Eastern Washington,,Northern Colorado,REG (Conf),L 55-74,,5,0,0,,0,0,,0,0,,,1,2,.500,0,0,0,0,0,0,0,0,1,0.6,Tatiana Reese,https://www.sports-reference.com/cbb/players/tatiana-reese-1.html,eastern-washington,2020-21
3,26,17,2021-02-06,Eastern Washington,@,Idaho,REG (Conf),L 56-85,,5,0,1,.000,0,1,.000,0,0,,.000,0,0,,0,0,0,0,0,0,0,2,0,-1.5,Tatiana Reese,https://www.sports-reference.com/cbb/players/tatiana-reese-1.html,eastern-washington,2020-21
4,27,22,2021-03-05,Eastern Washington,@,Idaho State,REG (Conf),L 51-86,,8,0,1,.000,0,1,.000,0,0,,.000,1,2,.500,0,0,0,0,0,0,3,2,1,-3.9,Tatiana Reese,https://www.sports-reference.com/cbb/players/tatiana-reese-1.html,eastern-washington,2020-21
