ranker,player_game_num_career,team_game_num_season,date,team_name_abbr,game_location,opp_name_abbr,game_type,game_result,is_starter,mp,fg,fga,fg_pct,fg3,fg3a,fg3_pct,fg2,fg2a,fg2_pct,efg_pct,ft,fta,ft_pct,orb,drb,trb,ast,stl,blk,tov,pf,pts,game_score,player_name,player_sr_link,school,season
1,109,16,2025-01-09,James Madison,,Marshall,REG (Conf),W 71-59,,2,0,0,,0,0,,0,0,,,0,0,,0,0,0,0,0,0,0,0,0,0.0,Olivia Mullins,https://www.sports-reference.com/cbb/players/olivia-mullins-1.html,james-madison,2024-25
2,110,17,2025-01-11,James Madison,,Georgia Southern,REG (Conf),W 85-68,,1,0,0,,0,0,,0,0,,,0,0,,0,0,0,0,0,0,0,1,0,-0.4,Olivia Mullins,https://www.sports-reference.com/cbb/players/olivia-mullins-1.html,james-madison,2024-25
3,111,18,2025-01-15,James Madison,@,Marshall,REG (Conf),W 93-65,,2,0,1,.000,0,0,,0,1,.000,.000,0,0,,0,0,0,1,0,0,1,1,0,-1.4,Olivia Mullins,https://www.sports-reference.com/cbb/players/olivia-mullins-1.html,james-madison,2024-25
4,112,19,2025-01-18,James Madison,@,Coastal Carolina,REG (Conf),W 74-54,,4,0,1,.000,0,0,,0,1,.000,.000,0,0,,0,0,0,0,1,0,0,0,0,0.3,Olivia Mullins,https://www.sports-reference.com/cbb/players/olivia-mullins-1.html,james-madison,2024-25
5,113,22,2025-01-29,James Madison,@,Georgia Southern,REG (Conf),W 77-60,,2,1,1,1.000,0,0,,1,1,1.000,1.000,0,0,,0,0,0,0,0,0,0,0,2,1.7,Olivia Mullins,https://www.sports-reference.com/cbb/players/olivia-mullins-1.html,james-madison,2024-25
6,114,23,2025-02-01,James Madison,@,Old Dominion,REG (Conf),W 85-62,,5,0,1,.000,0,1,.000,0,0,,.000,0,0,,0,0,0,0,0,0,0,0,0,-0.7,Olivia Mullins,https://www.sports-reference.com/cbb/players/olivia-mullins-1.html,james-madison,2024-25
7,115,31,2025-02-28,James Madison,,Louisiana–Monroe,REG (Conf),W 79-51,*,9,1,2,.500,0,0,,1,2,.500,.500,1,2,.500,0,0,0,0,0,0,1,1,3,0.2,Olivia Mullins,https://www.sports-reference.com/cbb/players/olivia-mullins-1.html,james-madison,2024-25
8,116,32,2025-03-09,James Madison,N,Coastal Carolina,CTOURN,W 89-65,,1,0,0,,0,0,,0,0,,,0,0,,0,0,0,0,0,0,0,0,0,0.0,Olivia Mullins,https://www.sports-reference.com/cbb/players/olivia-mullins-1.html,james-madison,2024-25
9,117,36,2025-03-27,James Madison,,Belmont,WBIT,L 45-90,,5,0,0,,0,0,,0,0,,,0,0,,0,0,0,0,0,0,2,0,0,-2.0,Olivia Mullins,https://www.sports-reference.com/cbb/players/olivia-mullins-1.html,james-madison,2024-25
