ranker,player_game_num_career,team_game_num_season,date,team_name_abbr,game_location,opp_name_abbr,game_type,game_result,is_starter,mp,fg,fga,fg_pct,fg3,fg3a,fg2,fg2a,fg2_pct,efg_pct,ft,fta,ft_pct,orb,drb,trb,ast,stl,blk,tov,pf,pts,game_score,player_name,player_sr_link,school,season
1,1,1,2018-11-09,Northeastern,,Boston University,REG (Non-Conf),W 81-51,,16,1,4,.250,0,0,1,4,.250,.250,3,4,.750,1,4,5,1,0,1,2,3,5,2.3,Alexis Hill,https://www.sports-reference.com/cbb/players/alexis-hill-2.html,northeastern,2018-19
2,2,2,2018-11-11,Northeastern,,Fordham,REG (Non-Conf),W 58-54,,8,0,2,.000,0,0,0,2,.000,.000,2,2,1.000,0,0,0,0,0,1,2,1,2,-1.1,Alexis Hill,https://www.sports-reference.com/cbb/players/alexis-hill-2.html,northeastern,2018-19
3,3,3,2018-11-17,Northeastern,@,Dayton,REG (Non-Conf),W 84-79 (OT),,3,0,1,.000,0,0,0,1,.000,.000,0,0,,0,0,0,0,1,0,0,0,0,0.3,Alexis Hill,https://www.sports-reference.com/cbb/players/alexis-hill-2.html,northeastern,2018-19
4,4,4,2018-11-21,Northeastern,,New Hampshire,REG (Non-Conf),W 69-54,,16,3,4,.750,0,0,3,4,.750,.750,3,3,1.000,1,2,3,3,1,1,1,1,9,11.1,Alexis Hill,https://www.sports-reference.com/cbb/players/alexis-hill-2.html,northeastern,2018-19
5,5,5,2018-11-24,Northeastern,,Air Force,REG (Non-Conf),W 54-41,,24,1,5,.200,0,0,1,5,.200,.200,2,2,1.000,2,5,7,3,2,0,4,0,4,3.9,Alexis Hill,https://www.sports-reference.com/cbb/players/alexis-hill-2.html,northeastern,2018-19
6,6,6,2018-11-28,Northeastern,@,Florida,REG (Non-Conf),W 79-66,,12,1,1,1.000,0,0,1,1,1.000,1.000,0,0,,0,0,0,1,0,0,0,0,2,2.4,Alexis Hill,https://www.sports-reference.com/cbb/players/alexis-hill-2.html,northeastern,2018-19
7,7,7,2018-12-02,Northeastern,,Massachusetts,REG (Non-Conf),W 53-52,,5,0,0,,0,0,0,0,,,0,0,,0,1,1,0,0,0,0,0,0,0.3,Alexis Hill,https://www.sports-reference.com/cbb/players/alexis-hill-2.html,northeastern,2018-19
8,8,8,2018-12-05,Northeastern,@,Fairfield,REG (Non-Conf),W 59-50,,17,0,1,.000,0,0,0,1,.000,.000,2,2,1.000,0,2,2,1,0,0,1,0,2,1.6,Alexis Hill,https://www.sports-reference.com/cbb/players/alexis-hill-2.html,northeastern,2018-19
9,9,9,2018-12-15,Northeastern,@,Providence,REG (Non-Conf),W 65-59,,15,1,2,.500,0,0,1,2,.500,.500,0,2,.000,0,3,3,0,0,0,2,3,2,-2.1,Alexis Hill,https://www.sports-reference.com/cbb/players/alexis-hill-2.html,northeastern,2018-19
10,10,10,2018-12-18,Northeastern,@,Marist,REG (Non-Conf),L 84-90,,12,2,5,.400,0,0,2,5,.400,.400,0,1,.000,1,2,3,0,1,0,2,1,4,0.8,Alexis Hill,https://www.sports-reference.com/cbb/players/alexis-hill-2.html,northeastern,2018-19
11,11,11,2018-12-22,Northeastern,,Maine,REG (Non-Conf),W 63-55,,5,0,0,,0,0,0,0,,,0,0,,0,0,0,0,0,0,1,1,0,-1.4,Alexis Hill,https://www.sports-reference.com/cbb/players/alexis-hill-2.html,northeastern,2018-19
12,12,12,2019-01-04,Northeastern,,Elon,REG (Conf),W 79-71,,17,3,6,.500,0,0,3,6,.500,.500,0,0,,3,3,6,1,1,1,3,3,6,4.2,Alexis Hill,https://www.sports-reference.com/cbb/players/alexis-hill-2.html,northeastern,2018-19
13,13,13,2019-01-06,Northeastern,,William & Mary,REG (Conf),W 88-74,,15,3,5,.600,0,0,3,5,.600,.600,1,2,.500,3,6,9,1,0,0,3,3,7,4.7,Alexis Hill,https://www.sports-reference.com/cbb/players/alexis-hill-2.html,northeastern,2018-19
14,14,14,2019-01-11,Northeastern,@,Towson,REG (Conf),L 83-88,,6,1,4,.250,0,0,1,4,.250,.250,0,0,,0,0,0,2,1,0,0,3,2,0.8,Alexis Hill,https://www.sports-reference.com/cbb/players/alexis-hill-2.html,northeastern,2018-19
15,15,15,2019-01-13,Northeastern,@,James Madison,REG (Conf),L 49-84,,10,0,2,.000,0,0,0,2,.000,.000,0,0,,0,2,2,0,0,0,2,3,0,-4.0,Alexis Hill,https://www.sports-reference.com/cbb/players/alexis-hill-2.html,northeastern,2018-19
16,16,16,2019-01-18,Northeastern,,Drexel,REG (Conf),L 59-61,,24,4,4,1.000,0,0,4,4,1.000,1.000,0,2,.000,4,1,5,0,1,0,2,3,8,6.9,Alexis Hill,https://www.sports-reference.com/cbb/players/alexis-hill-2.html,northeastern,2018-19
17,17,17,2019-01-20,Northeastern,,Delaware,REG (Conf),W 75-62,,12,1,3,.333,0,0,1,3,.333,.333,3,4,.750,2,0,2,0,1,0,2,1,5,2.9,Alexis Hill,https://www.sports-reference.com/cbb/players/alexis-hill-2.html,northeastern,2018-19
18,18,18,2019-01-27,Northeastern,@,Hofstra,REG (Conf),L 61-78,,10,1,3,.333,0,0,1,3,.333,.333,1,4,.250,4,1,5,0,1,0,0,3,3,3.0,Alexis Hill,https://www.sports-reference.com/cbb/players/alexis-hill-2.html,northeastern,2018-19
19,19,19,2019-02-01,Northeastern,@,College of Charleston,REG (Conf),W 87-56,,12,0,1,.000,0,0,0,1,.000,.000,0,2,.000,2,1,3,1,1,0,1,2,0,0.1,Alexis Hill,https://www.sports-reference.com/cbb/players/alexis-hill-2.html,northeastern,2018-19
20,20,20,2019-02-03,Northeastern,@,UNC Wilmington,REG (Conf),L 70-83,,23,2,7,.286,0,0,2,7,.286,.286,3,5,.600,6,2,8,0,1,0,1,1,7,6.5,Alexis Hill,https://www.sports-reference.com/cbb/players/alexis-hill-2.html,northeastern,2018-19
21,21,21,2019-02-08,Northeastern,,James Madison,REG (Conf),L 51-58,,4,0,1,.000,0,0,0,1,.000,.000,1,2,.500,0,1,1,0,0,0,0,0,1,0.2,Alexis Hill,https://www.sports-reference.com/cbb/players/alexis-hill-2.html,northeastern,2018-19
22,22,22,2019-02-10,Northeastern,,Towson,REG (Conf),W 77-68,,9,0,0,,0,0,0,0,,,0,0,,1,1,2,1,0,0,0,2,0,0.9,Alexis Hill,https://www.sports-reference.com/cbb/players/alexis-hill-2.html,northeastern,2018-19
23,23,23,2019-02-15,Northeastern,@,Delaware,REG (Conf),L 63-77,,8,0,1,.000,0,0,0,1,.000,.000,1,2,.500,0,0,0,0,0,0,0,0,1,-0.1,Alexis Hill,https://www.sports-reference.com/cbb/players/alexis-hill-2.html,northeastern,2018-19
24,24,24,2019-02-17,Northeastern,@,Drexel,REG (Conf),L 45-76,,13,2,6,.333,0,0,2,6,.333,.333,2,6,.333,4,1,5,0,0,0,2,3,6,0.9,Alexis Hill,https://www.sports-reference.com/cbb/players/alexis-hill-2.html,northeastern,2018-19
25,25,25,2019-02-24,Northeastern,,Hofstra,REG (Conf),L 62-63,,13,1,3,.333,0,0,1,3,.333,.333,2,4,.500,3,3,6,1,2,1,3,1,4,4.5,Alexis Hill,https://www.sports-reference.com/cbb/players/alexis-hill-2.html,northeastern,2018-19
26,26,26,2019-03-01,Northeastern,,UNC Wilmington,REG (Conf),W 83-54,,24,3,6,.500,0,0,3,6,.500,.500,1,1,1.000,4,4,8,5,0,1,3,0,7,9.2,Alexis Hill,https://www.sports-reference.com/cbb/players/alexis-hill-2.html,northeastern,2018-19
27,27,27,2019-03-03,Northeastern,,College of Charleston,REG (Conf),W 81-69,,19,1,3,.333,0,0,1,3,.333,.333,2,2,1.000,3,3,6,3,1,0,1,3,4,6.2,Alexis Hill,https://www.sports-reference.com/cbb/players/alexis-hill-2.html,northeastern,2018-19
28,28,28,2019-03-07,Northeastern,@,William & Mary,REG (Conf),W 75-71,,19,2,5,.400,0,0,2,5,.400,.400,4,6,.667,2,1,3,1,1,0,0,0,8,7.9,Alexis Hill,https://www.sports-reference.com/cbb/players/alexis-hill-2.html,northeastern,2018-19
29,29,29,2019-03-09,Northeastern,@,Elon,REG (Conf),W 83-57,,19,5,6,.833,0,0,5,6,.833,.833,4,5,.800,1,2,3,1,1,0,1,2,14,12.6,Alexis Hill,https://www.sports-reference.com/cbb/players/alexis-hill-2.html,northeastern,2018-19
30,30,30,2019-03-14,Northeastern,@,UNC Wilmington,CTOURN,W 75-64,,27,8,11,.727,0,0,8,11,.727,.727,0,0,,5,3,8,1,0,3,3,2,16,14.9,Alexis Hill,https://www.sports-reference.com/cbb/players/alexis-hill-2.html,northeastern,2018-19
31,31,31,2019-03-15,Northeastern,@,Drexel,CTOURN,L 69-73 (OT),,26,5,7,.714,0,0,5,7,.714,.714,2,3,.667,2,1,3,0,1,0,1,5,12,8.4,Alexis Hill,https://www.sports-reference.com/cbb/players/alexis-hill-2.html,northeastern,2018-19
32,32,32,2019-03-21,Northeastern,@,Butler,WNIT,L 72-89,,18,0,2,.000,0,0,0,2,.000,.000,1,2,.500,0,0,0,1,0,0,1,2,1,-1.9,Alexis Hill,https://www.sports-reference.com/cbb/players/alexis-hill-2.html,northeastern,2018-19
