ranker,player_game_num_career,team_game_num_season,date,team_name_abbr,game_location,opp_name_abbr,game_type,game_result,is_starter,mp,fg,fga,fg_pct,fg3,fg3a,fg2,fg2a,fg2_pct,efg_pct,ft,fta,ft_pct,orb,drb,trb,ast,stl,blk,tov,pf,pts,game_score,player_name,player_sr_link,school,season
1,27,1,2018-11-09,Northeastern,,Boston University,REG (Non-Conf),W 81-51,*,20,1,3,.333,0,0,1,3,.333,.333,2,2,1.000,3,4,7,0,0,0,1,2,4,3.8,Ayanna Dublin,https://www.sports-reference.com/cbb/players/ayanna-dublin-1.html,northeastern,2018-19
2,28,2,2018-11-11,Northeastern,,Fordham,REG (Non-Conf),W 58-54,*,30,6,9,.667,0,0,6,9,.667,.667,2,2,1.000,6,5,11,4,1,0,4,3,14,14.4,Ayanna Dublin,https://www.sports-reference.com/cbb/players/ayanna-dublin-1.html,northeastern,2018-19
3,29,3,2018-11-17,Northeastern,@,Dayton,REG (Non-Conf),W 84-79 (OT),*,21,2,7,.286,0,0,2,7,.286,.286,1,2,.500,1,3,4,1,1,0,0,5,5,1.8,Ayanna Dublin,https://www.sports-reference.com/cbb/players/ayanna-dublin-1.html,northeastern,2018-19
4,30,4,2018-11-21,Northeastern,,New Hampshire,REG (Non-Conf),W 69-54,*,14,1,5,.200,0,0,1,5,.200,.200,1,1,1.000,4,4,8,1,0,0,1,2,3,2.8,Ayanna Dublin,https://www.sports-reference.com/cbb/players/ayanna-dublin-1.html,northeastern,2018-19
5,31,5,2018-11-24,Northeastern,,Air Force,REG (Non-Conf),W 54-41,*,37,5,7,.714,0,0,5,7,.714,.714,2,2,1.000,2,4,6,3,1,0,2,0,12,12.8,Ayanna Dublin,https://www.sports-reference.com/cbb/players/ayanna-dublin-1.html,northeastern,2018-19
6,32,6,2018-11-28,Northeastern,@,Florida,REG (Non-Conf),W 79-66,*,27,5,10,.500,0,0,5,10,.500,.500,4,6,.667,2,3,5,1,2,0,2,3,14,10.0,Ayanna Dublin,https://www.sports-reference.com/cbb/players/ayanna-dublin-1.html,northeastern,2018-19
7,33,7,2018-12-02,Northeastern,,Massachusetts,REG (Non-Conf),W 53-52,*,37,3,8,.375,0,0,3,8,.375,.375,3,7,.429,3,6,9,4,0,0,3,3,9,5.5,Ayanna Dublin,https://www.sports-reference.com/cbb/players/ayanna-dublin-1.html,northeastern,2018-19
8,34,8,2018-12-05,Northeastern,@,Fairfield,REG (Non-Conf),W 59-50,*,25,2,3,.667,0,0,2,3,.667,.667,0,0,,0,4,4,1,0,0,5,3,4,-1.6,Ayanna Dublin,https://www.sports-reference.com/cbb/players/ayanna-dublin-1.html,northeastern,2018-19
9,35,9,2018-12-15,Northeastern,@,Providence,REG (Non-Conf),W 65-59,*,27,0,1,.000,0,0,0,1,.000,.000,0,0,,3,4,7,3,0,0,3,3,0,0.5,Ayanna Dublin,https://www.sports-reference.com/cbb/players/ayanna-dublin-1.html,northeastern,2018-19
10,36,10,2018-12-18,Northeastern,@,Marist,REG (Non-Conf),L 84-90,*,22,3,4,.750,0,0,3,4,.750,.750,2,2,1.000,2,0,2,3,0,0,3,5,8,4.9,Ayanna Dublin,https://www.sports-reference.com/cbb/players/ayanna-dublin-1.html,northeastern,2018-19
11,37,11,2018-12-22,Northeastern,,Maine,REG (Non-Conf),W 63-55,*,30,5,8,.625,0,0,5,8,.625,.625,1,2,.500,6,4,10,4,1,0,1,4,11,13.6,Ayanna Dublin,https://www.sports-reference.com/cbb/players/ayanna-dublin-1.html,northeastern,2018-19
12,38,12,2019-01-04,Northeastern,,Elon,REG (Conf),W 79-71,*,28,4,7,.571,0,0,4,7,.571,.571,4,5,.800,3,4,7,1,0,0,3,3,12,8.1,Ayanna Dublin,https://www.sports-reference.com/cbb/players/ayanna-dublin-1.html,northeastern,2018-19
13,39,13,2019-01-06,Northeastern,,William & Mary,REG (Conf),W 88-74,*,26,2,5,.400,0,0,2,5,.400,.400,4,4,1.000,0,3,3,2,0,0,1,2,8,5.8,Ayanna Dublin,https://www.sports-reference.com/cbb/players/ayanna-dublin-1.html,northeastern,2018-19
14,40,14,2019-01-11,Northeastern,@,Towson,REG (Conf),L 83-88,*,31,3,10,.300,0,0,3,10,.300,.300,3,4,.750,3,3,6,0,2,0,2,2,9,5.0,Ayanna Dublin,https://www.sports-reference.com/cbb/players/ayanna-dublin-1.html,northeastern,2018-19
15,41,15,2019-01-13,Northeastern,@,James Madison,REG (Conf),L 49-84,*,21,1,6,.167,0,0,1,6,.167,.167,1,2,.500,3,0,3,0,0,0,1,1,3,-0.5,Ayanna Dublin,https://www.sports-reference.com/cbb/players/ayanna-dublin-1.html,northeastern,2018-19
16,42,16,2019-01-18,Northeastern,,Drexel,REG (Conf),L 59-61,*,33,2,7,.286,0,0,2,7,.286,.286,2,2,1.000,1,4,5,4,0,0,1,3,6,4.4,Ayanna Dublin,https://www.sports-reference.com/cbb/players/ayanna-dublin-1.html,northeastern,2018-19
17,43,17,2019-01-20,Northeastern,,Delaware,REG (Conf),W 75-62,*,19,2,5,.400,0,0,2,5,.400,.400,0,0,,1,3,4,3,0,0,0,4,4,3.4,Ayanna Dublin,https://www.sports-reference.com/cbb/players/ayanna-dublin-1.html,northeastern,2018-19
18,44,18,2019-01-27,Northeastern,@,Hofstra,REG (Conf),L 61-78,*,19,1,4,.250,0,0,1,4,.250,.250,0,0,,0,3,3,2,2,0,2,2,2,1.1,Ayanna Dublin,https://www.sports-reference.com/cbb/players/ayanna-dublin-1.html,northeastern,2018-19
19,45,19,2019-02-01,Northeastern,@,College of Charleston,REG (Conf),W 87-56,*,19,4,5,.800,0,0,4,5,.800,.800,3,3,1.000,4,2,6,0,0,0,0,4,11,10.9,Ayanna Dublin,https://www.sports-reference.com/cbb/players/ayanna-dublin-1.html,northeastern,2018-19
20,46,20,2019-02-03,Northeastern,@,UNC Wilmington,REG (Conf),L 70-83,*,28,1,4,.250,0,0,1,4,.250,.250,2,2,1.000,3,3,6,2,0,0,4,2,4,1.2,Ayanna Dublin,https://www.sports-reference.com/cbb/players/ayanna-dublin-1.html,northeastern,2018-19
21,47,21,2019-02-08,Northeastern,,James Madison,REG (Conf),L 51-58,*,27,5,13,.385,0,0,5,13,.385,.385,1,2,.500,1,1,2,2,1,0,5,4,11,0.3,Ayanna Dublin,https://www.sports-reference.com/cbb/players/ayanna-dublin-1.html,northeastern,2018-19
22,48,22,2019-02-10,Northeastern,,Towson,REG (Conf),W 77-68,*,8,0,2,.000,0,0,0,2,.000,.000,2,2,1.000,0,0,0,1,1,0,3,3,2,-1.9,Ayanna Dublin,https://www.sports-reference.com/cbb/players/ayanna-dublin-1.html,northeastern,2018-19
23,49,23,2019-02-15,Northeastern,@,Delaware,REG (Conf),L 63-77,*,24,2,10,.200,0,0,2,10,.200,.200,5,8,.625,5,3,8,1,3,0,4,5,9,3.7,Ayanna Dublin,https://www.sports-reference.com/cbb/players/ayanna-dublin-1.html,northeastern,2018-19
24,50,24,2019-02-17,Northeastern,@,Drexel,REG (Conf),L 45-76,*,30,3,8,.375,0,0,3,8,.375,.375,2,4,.500,2,1,3,2,0,0,5,2,8,0.1,Ayanna Dublin,https://www.sports-reference.com/cbb/players/ayanna-dublin-1.html,northeastern,2018-19
25,51,25,2019-02-24,Northeastern,,Hofstra,REG (Conf),L 62-63,*,34,3,11,.273,0,0,3,11,.273,.273,7,8,.875,4,2,6,2,1,0,3,4,13,7.3,Ayanna Dublin,https://www.sports-reference.com/cbb/players/ayanna-dublin-1.html,northeastern,2018-19
26,52,26,2019-03-01,Northeastern,,UNC Wilmington,REG (Conf),W 83-54,*,24,2,3,.667,0,0,2,3,.667,.667,2,3,.667,2,1,3,3,2,0,3,4,6,5.5,Ayanna Dublin,https://www.sports-reference.com/cbb/players/ayanna-dublin-1.html,northeastern,2018-19
27,53,27,2019-03-03,Northeastern,,College of Charleston,REG (Conf),W 81-69,*,29,3,5,.600,0,0,3,5,.600,.600,5,6,.833,2,4,6,2,0,1,2,3,11,9.8,Ayanna Dublin,https://www.sports-reference.com/cbb/players/ayanna-dublin-1.html,northeastern,2018-19
28,54,28,2019-03-07,Northeastern,@,William & Mary,REG (Conf),W 75-71,*,28,4,10,.400,0,0,4,10,.400,.400,4,9,.444,5,1,6,1,3,0,2,0,12,10.1,Ayanna Dublin,https://www.sports-reference.com/cbb/players/ayanna-dublin-1.html,northeastern,2018-19
29,55,29,2019-03-09,Northeastern,@,Elon,REG (Conf),W 83-57,*,32,5,8,.625,0,0,5,8,.625,.625,4,4,1.000,3,6,9,1,0,0,2,3,14,11.8,Ayanna Dublin,https://www.sports-reference.com/cbb/players/ayanna-dublin-1.html,northeastern,2018-19
30,56,30,2019-03-14,Northeastern,@,UNC Wilmington,CTOURN,W 75-64,*,36,3,8,.375,0,0,3,8,.375,.375,1,2,.500,1,4,5,4,1,0,1,0,7,6.9,Ayanna Dublin,https://www.sports-reference.com/cbb/players/ayanna-dublin-1.html,northeastern,2018-19
31,57,31,2019-03-15,Northeastern,@,Drexel,CTOURN,L 69-73 (OT),*,39,6,15,.400,0,0,6,15,.400,.400,4,5,.800,6,3,9,2,0,0,2,0,16,12.0,Ayanna Dublin,https://www.sports-reference.com/cbb/players/ayanna-dublin-1.html,northeastern,2018-19
32,58,32,2019-03-21,Northeastern,@,Butler,WNIT,L 72-89,*,26,4,6,.667,0,0,4,6,.667,.667,1,1,1.000,2,4,6,0,0,0,4,5,9,3.0,Ayanna Dublin,https://www.sports-reference.com/cbb/players/ayanna-dublin-1.html,northeastern,2018-19
