ranker,player_game_num_career,team_game_num_season,date,team_name_abbr,game_location,opp_name_abbr,game_type,game_result,is_starter,mp,fg,fga,fg_pct,fg3,fg3a,fg3_pct,fg2,fg2a,fg2_pct,efg_pct,ft,fta,ft_pct,orb,drb,trb,ast,stl,blk,tov,pf,pts,game_score,player_name,player_sr_link,school,season
1,91,1,2018-11-09,Northeastern,,Boston University,REG (Non-Conf),W 81-51,*,22,4,8,.500,2,5,.400,2,3,.667,.625,0,0,,0,2,2,5,2,0,3,0,10,9.1,Jess Genco,https://www.sports-reference.com/cbb/players/jess-genco-1.html,northeastern,2018-19
2,92,2,2018-11-11,Northeastern,,Fordham,REG (Non-Conf),W 58-54,*,40,1,10,.100,0,5,.000,1,5,.200,.100,6,6,1.000,0,4,4,3,1,1,1,0,8,5.4,Jess Genco,https://www.sports-reference.com/cbb/players/jess-genco-1.html,northeastern,2018-19
3,93,3,2018-11-17,Northeastern,@,Dayton,REG (Non-Conf),W 84-79 (OT),*,45,11,29,.379,3,13,.231,8,16,.500,.431,6,6,1.000,4,7,11,6,2,0,0,2,31,25.4,Jess Genco,https://www.sports-reference.com/cbb/players/jess-genco-1.html,northeastern,2018-19
4,94,4,2018-11-21,Northeastern,,New Hampshire,REG (Non-Conf),W 69-54,*,22,6,10,.600,1,3,.333,5,7,.714,.650,2,2,1.000,0,0,0,1,0,0,3,1,15,7.7,Jess Genco,https://www.sports-reference.com/cbb/players/jess-genco-1.html,northeastern,2018-19
5,95,5,2018-11-24,Northeastern,,Air Force,REG (Non-Conf),W 54-41,*,36,5,13,.385,2,6,.333,3,7,.429,.462,4,5,.800,0,1,1,1,4,0,6,1,16,7.1,Jess Genco,https://www.sports-reference.com/cbb/players/jess-genco-1.html,northeastern,2018-19
6,96,6,2018-11-28,Northeastern,@,Florida,REG (Non-Conf),W 79-66,*,40,8,15,.533,8,14,.571,0,1,.000,.800,2,2,1.000,0,5,5,5,2,0,3,1,26,22.3,Jess Genco,https://www.sports-reference.com/cbb/players/jess-genco-1.html,northeastern,2018-19
7,97,7,2018-12-02,Northeastern,,Massachusetts,REG (Non-Conf),W 53-52,*,40,5,16,.313,4,13,.308,1,3,.333,.438,0,0,,0,9,9,3,1,0,1,2,14,8.8,Jess Genco,https://www.sports-reference.com/cbb/players/jess-genco-1.html,northeastern,2018-19
8,98,8,2018-12-05,Northeastern,@,Fairfield,REG (Non-Conf),W 59-50,*,37,1,7,.143,1,4,.250,0,3,.000,.214,3,4,.750,0,4,4,2,3,0,4,0,6,2.7,Jess Genco,https://www.sports-reference.com/cbb/players/jess-genco-1.html,northeastern,2018-19
9,99,9,2018-12-15,Northeastern,@,Providence,REG (Non-Conf),W 65-59,*,38,11,16,.688,9,12,.750,2,4,.500,.969,0,0,,0,7,7,3,1,0,7,2,31,21.6,Jess Genco,https://www.sports-reference.com/cbb/players/jess-genco-1.html,northeastern,2018-19
10,100,10,2018-12-18,Northeastern,@,Marist,REG (Non-Conf),L 84-90,*,40,11,22,.500,6,12,.500,5,10,.500,.636,2,2,1.000,0,1,1,2,2,0,2,1,30,20.3,Jess Genco,https://www.sports-reference.com/cbb/players/jess-genco-1.html,northeastern,2018-19
11,101,11,2018-12-22,Northeastern,,Maine,REG (Non-Conf),W 63-55,*,40,3,13,.231,0,6,.000,3,7,.429,.231,2,2,1.000,0,4,4,5,3,1,4,2,8,3.7,Jess Genco,https://www.sports-reference.com/cbb/players/jess-genco-1.html,northeastern,2018-19
12,102,12,2019-01-04,Northeastern,,Elon,REG (Conf),W 79-71,*,38,7,16,.438,2,6,.333,5,10,.500,.500,8,9,.889,1,6,7,6,1,0,2,2,24,20.1,Jess Genco,https://www.sports-reference.com/cbb/players/jess-genco-1.html,northeastern,2018-19
13,103,13,2019-01-06,Northeastern,,William & Mary,REG (Conf),W 88-74,*,40,7,13,.538,4,9,.444,3,4,.750,.692,12,14,.857,0,5,5,7,2,0,3,3,30,27.1,Jess Genco,https://www.sports-reference.com/cbb/players/jess-genco-1.html,northeastern,2018-19
14,104,14,2019-01-11,Northeastern,@,Towson,REG (Conf),L 83-88,*,40,10,22,.455,3,12,.250,7,10,.700,.523,5,5,1.000,2,6,8,4,2,0,5,0,28,19.6,Jess Genco,https://www.sports-reference.com/cbb/players/jess-genco-1.html,northeastern,2018-19
15,105,15,2019-01-13,Northeastern,@,James Madison,REG (Conf),L 49-84,*,40,5,15,.333,3,9,.333,2,6,.333,.433,0,0,,1,2,3,2,0,0,3,0,13,4.2,Jess Genco,https://www.sports-reference.com/cbb/players/jess-genco-1.html,northeastern,2018-19
16,106,16,2019-01-18,Northeastern,,Drexel,REG (Conf),L 59-61,*,40,3,10,.300,2,5,.400,1,5,.200,.400,0,0,,0,4,4,2,3,0,4,1,8,3.4,Jess Genco,https://www.sports-reference.com/cbb/players/jess-genco-1.html,northeastern,2018-19
17,107,17,2019-01-20,Northeastern,,Delaware,REG (Conf),W 75-62,*,40,9,12,.750,7,10,.700,2,2,1.000,1.042,7,7,1.000,0,2,2,2,2,0,3,0,32,28.2,Jess Genco,https://www.sports-reference.com/cbb/players/jess-genco-1.html,northeastern,2018-19
18,108,18,2019-01-27,Northeastern,@,Hofstra,REG (Conf),L 61-78,*,38,5,12,.417,2,5,.400,3,7,.429,.500,0,0,,2,2,4,3,6,0,3,3,12,11.5,Jess Genco,https://www.sports-reference.com/cbb/players/jess-genco-1.html,northeastern,2018-19
19,109,19,2019-02-01,Northeastern,@,College of Charleston,REG (Conf),W 87-56,*,38,3,10,.300,1,6,.167,2,4,.500,.350,0,0,,1,1,2,12,2,0,2,1,7,10.2,Jess Genco,https://www.sports-reference.com/cbb/players/jess-genco-1.html,northeastern,2018-19
20,110,20,2019-02-03,Northeastern,@,UNC Wilmington,REG (Conf),L 70-83,*,40,5,12,.417,0,3,.000,5,9,.556,.417,0,0,,1,2,3,5,2,0,5,1,10,5.0,Jess Genco,https://www.sports-reference.com/cbb/players/jess-genco-1.html,northeastern,2018-19
21,111,21,2019-02-08,Northeastern,,James Madison,REG (Conf),L 51-58,*,40,3,9,.333,3,6,.500,0,3,.000,.500,0,0,,2,2,4,5,1,0,2,1,9,8.0,Jess Genco,https://www.sports-reference.com/cbb/players/jess-genco-1.html,northeastern,2018-19
22,112,22,2019-02-10,Northeastern,,Towson,REG (Conf),W 77-68,*,37,5,13,.385,2,4,.500,3,9,.333,.462,4,4,1.000,0,2,2,11,1,0,7,5,16,9.2,Jess Genco,https://www.sports-reference.com/cbb/players/jess-genco-1.html,northeastern,2018-19
23,113,23,2019-02-15,Northeastern,@,Delaware,REG (Conf),L 63-77,*,40,3,7,.429,2,5,.400,1,2,.500,.571,3,4,.750,3,2,5,7,0,0,1,4,11,11.9,Jess Genco,https://www.sports-reference.com/cbb/players/jess-genco-1.html,northeastern,2018-19
24,114,24,2019-02-17,Northeastern,@,Drexel,REG (Conf),L 45-76,*,33,0,3,.000,0,2,.000,0,1,.000,.000,2,2,1.000,1,4,5,2,3,0,5,0,2,1.2,Jess Genco,https://www.sports-reference.com/cbb/players/jess-genco-1.html,northeastern,2018-19
25,115,25,2019-02-24,Northeastern,,Hofstra,REG (Conf),L 62-63,*,40,4,10,.400,1,4,.250,3,6,.500,.450,5,6,.833,0,3,3,3,1,0,3,1,14,8.8,Jess Genco,https://www.sports-reference.com/cbb/players/jess-genco-1.html,northeastern,2018-19
26,116,26,2019-03-01,Northeastern,,UNC Wilmington,REG (Conf),W 83-54,*,40,10,16,.625,6,10,.600,4,6,.667,.813,2,2,1.000,1,5,6,2,2,1,4,0,28,23.1,Jess Genco,https://www.sports-reference.com/cbb/players/jess-genco-1.html,northeastern,2018-19
27,117,27,2019-03-03,Northeastern,,College of Charleston,REG (Conf),W 81-69,*,40,11,18,.611,5,9,.556,6,9,.667,.750,8,8,1.000,0,2,2,5,1,0,0,0,35,31.9,Jess Genco,https://www.sports-reference.com/cbb/players/jess-genco-1.html,northeastern,2018-19
28,118,28,2019-03-07,Northeastern,@,William & Mary,REG (Conf),W 75-71,*,40,5,13,.385,2,5,.400,3,8,.375,.462,2,2,1.000,0,2,2,5,1,0,6,2,14,5.2,Jess Genco,https://www.sports-reference.com/cbb/players/jess-genco-1.html,northeastern,2018-19
29,119,29,2019-03-09,Northeastern,@,Elon,REG (Conf),W 83-57,*,39,4,11,.364,1,6,.167,3,5,.600,.409,6,6,1.000,1,0,1,8,4,0,3,3,15,15.0,Jess Genco,https://www.sports-reference.com/cbb/players/jess-genco-1.html,northeastern,2018-19
30,120,30,2019-03-14,Northeastern,@,UNC Wilmington,CTOURN,W 75-64,*,40,4,11,.364,1,8,.125,3,3,1.000,.409,13,16,.813,1,5,6,5,3,0,5,0,22,18.4,Jess Genco,https://www.sports-reference.com/cbb/players/jess-genco-1.html,northeastern,2018-19
31,121,31,2019-03-15,Northeastern,@,Drexel,CTOURN,L 69-73 (OT),*,45,2,15,.133,2,9,.222,0,6,.000,.200,7,7,1.000,0,1,1,4,5,0,1,0,13,10.4,Jess Genco,https://www.sports-reference.com/cbb/players/jess-genco-1.html,northeastern,2018-19
32,122,32,2019-03-21,Northeastern,@,Butler,WNIT,L 72-89,*,39,6,16,.375,4,11,.364,2,5,.400,.500,5,6,.833,1,2,3,8,2,0,5,2,21,14.9,Jess Genco,https://www.sports-reference.com/cbb/players/jess-genco-1.html,northeastern,2018-19
