ranker,player_game_num_career,team_game_num_season,date,team_name_abbr,game_location,opp_name_abbr,game_type,game_result,is_starter,mp,fg,fga,fg_pct,fg3,fg3a,fg3_pct,fg2,fg2a,fg2_pct,efg_pct,ft,fta,ft_pct,orb,drb,trb,ast,stl,blk,tov,pf,pts,game_score,player_name,player_sr_link,school,season
1,1,1,2018-11-09,Northeastern,,Boston University,REG (Non-Conf),W 81-51,*,31,3,5,.600,2,3,.667,1,2,.500,.800,0,0,,0,3,3,4,2,0,0,2,8,10.6,Katie May,https://www.sports-reference.com/cbb/players/katie-may-1.html,northeastern,2018-19
2,2,2,2018-11-11,Northeastern,,Fordham,REG (Non-Conf),W 58-54,*,27,0,4,.000,0,3,.000,0,1,.000,.000,0,0,,0,7,7,0,0,1,0,1,0,-0.4,Katie May,https://www.sports-reference.com/cbb/players/katie-may-1.html,northeastern,2018-19
3,3,3,2018-11-17,Northeastern,@,Dayton,REG (Non-Conf),W 84-79 (OT),*,27,0,2,.000,0,1,.000,0,1,.000,.000,0,0,,2,2,4,1,0,0,0,5,0,-0.7,Katie May,https://www.sports-reference.com/cbb/players/katie-may-1.html,northeastern,2018-19
4,4,4,2018-11-21,Northeastern,,New Hampshire,REG (Non-Conf),W 69-54,*,29,1,2,.500,0,1,.000,1,1,1.000,.500,0,0,,2,3,5,5,2,1,0,0,2,9.5,Katie May,https://www.sports-reference.com/cbb/players/katie-may-1.html,northeastern,2018-19
5,5,5,2018-11-24,Northeastern,,Air Force,REG (Non-Conf),W 54-41,*,30,3,5,.600,2,4,.500,1,1,1.000,.800,0,0,,0,0,0,2,1,1,0,1,8,8.4,Katie May,https://www.sports-reference.com/cbb/players/katie-may-1.html,northeastern,2018-19
6,6,6,2018-11-28,Northeastern,@,Florida,REG (Non-Conf),W 79-66,*,25,1,2,.500,0,1,.000,1,1,1.000,.500,0,0,,0,3,3,2,0,0,0,1,2,2.9,Katie May,https://www.sports-reference.com/cbb/players/katie-may-1.html,northeastern,2018-19
7,7,7,2018-12-02,Northeastern,,Massachusetts,REG (Non-Conf),W 53-52,*,23,1,5,.200,1,4,.250,0,1,.000,.300,0,0,,0,3,3,1,0,0,1,0,3,0.5,Katie May,https://www.sports-reference.com/cbb/players/katie-may-1.html,northeastern,2018-19
8,8,8,2018-12-05,Northeastern,@,Fairfield,REG (Non-Conf),W 59-50,*,19,2,3,.667,1,2,.500,1,1,1.000,.833,0,0,,0,4,4,2,0,0,0,0,5,6.3,Katie May,https://www.sports-reference.com/cbb/players/katie-may-1.html,northeastern,2018-19
9,9,9,2018-12-15,Northeastern,@,Providence,REG (Non-Conf),W 65-59,*,22,1,3,.333,1,3,.333,0,0,,.500,0,0,,1,1,2,1,0,0,2,2,3,0.2,Katie May,https://www.sports-reference.com/cbb/players/katie-may-1.html,northeastern,2018-19
10,10,10,2018-12-18,Northeastern,@,Marist,REG (Non-Conf),L 84-90,*,25,2,2,1.000,0,0,,2,2,1.000,1.000,1,2,.500,1,3,4,2,0,1,0,5,5,5.7,Katie May,https://www.sports-reference.com/cbb/players/katie-may-1.html,northeastern,2018-19
11,11,11,2018-12-22,Northeastern,,Maine,REG (Non-Conf),W 63-55,*,36,3,7,.429,1,3,.333,2,4,.500,.500,0,0,,1,3,4,1,0,1,0,1,7,5.9,Katie May,https://www.sports-reference.com/cbb/players/katie-may-1.html,northeastern,2018-19
12,12,12,2019-01-04,Northeastern,,Elon,REG (Conf),W 79-71,*,35,6,8,.750,5,5,1.000,1,3,.333,1.063,1,2,.500,0,10,10,2,1,3,2,3,18,18.7,Katie May,https://www.sports-reference.com/cbb/players/katie-may-1.html,northeastern,2018-19
13,13,13,2019-01-06,Northeastern,,William & Mary,REG (Conf),W 88-74,*,38,3,4,.750,2,3,.667,1,1,1.000,1.000,0,0,,0,1,1,0,0,0,2,3,8,3.5,Katie May,https://www.sports-reference.com/cbb/players/katie-may-1.html,northeastern,2018-19
14,14,14,2019-01-11,Northeastern,@,Towson,REG (Conf),L 83-88,*,31,1,5,.200,1,4,.250,0,1,.000,.300,0,0,,1,3,4,0,1,1,1,4,3,0.6,Katie May,https://www.sports-reference.com/cbb/players/katie-may-1.html,northeastern,2018-19
15,15,15,2019-01-13,Northeastern,@,James Madison,REG (Conf),L 49-84,*,25,0,2,.000,0,1,.000,0,1,.000,.000,0,0,,1,3,4,0,0,0,1,0,0,-0.8,Katie May,https://www.sports-reference.com/cbb/players/katie-may-1.html,northeastern,2018-19
16,16,16,2019-01-18,Northeastern,,Drexel,REG (Conf),L 59-61,*,17,0,2,.000,0,0,,0,2,.000,.000,0,0,,0,2,2,1,0,0,2,0,0,-2.1,Katie May,https://www.sports-reference.com/cbb/players/katie-may-1.html,northeastern,2018-19
17,17,17,2019-01-20,Northeastern,,Delaware,REG (Conf),W 75-62,*,37,1,4,.250,0,1,.000,1,3,.333,.250,0,0,,0,3,3,2,5,1,0,2,2,6.8,Katie May,https://www.sports-reference.com/cbb/players/katie-may-1.html,northeastern,2018-19
18,18,18,2019-01-27,Northeastern,@,Hofstra,REG (Conf),L 61-78,*,20,1,4,.250,1,3,.333,0,1,.000,.375,0,0,,0,2,2,1,0,0,2,3,3,-1.3,Katie May,https://www.sports-reference.com/cbb/players/katie-may-1.html,northeastern,2018-19
19,19,19,2019-02-01,Northeastern,@,College of Charleston,REG (Conf),W 87-56,*,29,4,6,.667,2,4,.500,2,2,1.000,.833,0,0,,0,2,2,2,0,0,1,0,10,8.4,Katie May,https://www.sports-reference.com/cbb/players/katie-may-1.html,northeastern,2018-19
20,20,20,2019-02-03,Northeastern,@,UNC Wilmington,REG (Conf),L 70-83,*,20,2,4,.500,0,1,.000,2,3,.667,.500,0,0,,0,1,1,1,1,0,0,1,4,3.6,Katie May,https://www.sports-reference.com/cbb/players/katie-may-1.html,northeastern,2018-19
21,21,21,2019-02-08,Northeastern,,James Madison,REG (Conf),L 51-58,*,22,2,5,.400,1,3,.333,1,2,.500,.500,0,0,,0,3,3,1,1,0,0,1,5,4.5,Katie May,https://www.sports-reference.com/cbb/players/katie-may-1.html,northeastern,2018-19
22,22,22,2019-02-10,Northeastern,,Towson,REG (Conf),W 77-68,*,30,1,6,.167,0,4,.000,1,2,.500,.167,2,4,.500,1,0,1,2,2,0,0,0,4,3.5,Katie May,https://www.sports-reference.com/cbb/players/katie-may-1.html,northeastern,2018-19
23,23,26,2019-03-01,Northeastern,,UNC Wilmington,REG (Conf),W 83-54,,22,2,3,.667,0,0,,2,3,.667,.667,0,0,,0,5,5,1,1,0,1,1,4,4.5,Katie May,https://www.sports-reference.com/cbb/players/katie-may-1.html,northeastern,2018-19
24,24,27,2019-03-03,Northeastern,,College of Charleston,REG (Conf),W 81-69,*,33,3,6,.500,0,1,.000,3,5,.600,.500,1,2,.500,0,3,3,1,0,2,0,1,7,6.2,Katie May,https://www.sports-reference.com/cbb/players/katie-may-1.html,northeastern,2018-19
25,25,28,2019-03-07,Northeastern,@,William & Mary,REG (Conf),W 75-71,*,26,2,4,.500,2,2,1.000,0,2,.000,.750,0,0,,0,0,0,2,0,1,1,2,6,4.3,Katie May,https://www.sports-reference.com/cbb/players/katie-may-1.html,northeastern,2018-19
26,26,29,2019-03-09,Northeastern,@,Elon,REG (Conf),W 83-57,*,22,2,7,.286,2,6,.333,0,1,.000,.429,0,0,,0,3,3,2,0,0,2,1,6,1.8,Katie May,https://www.sports-reference.com/cbb/players/katie-may-1.html,northeastern,2018-19
27,27,30,2019-03-14,Northeastern,@,UNC Wilmington,CTOURN,W 75-64,*,25,0,3,.000,0,1,.000,0,2,.000,.000,0,0,,0,2,2,0,0,0,0,2,0,-2.3,Katie May,https://www.sports-reference.com/cbb/players/katie-may-1.html,northeastern,2018-19
28,28,31,2019-03-15,Northeastern,@,Drexel,CTOURN,L 69-73 (OT),*,32,2,6,.333,1,3,.333,1,3,.333,.417,0,0,,0,6,6,1,0,0,0,3,5,2.9,Katie May,https://www.sports-reference.com/cbb/players/katie-may-1.html,northeastern,2018-19
29,29,32,2019-03-21,Northeastern,@,Butler,WNIT,L 72-89,*,16,2,4,.500,1,2,.500,1,2,.500,.625,0,0,,0,1,1,1,1,0,2,2,5,2.2,Katie May,https://www.sports-reference.com/cbb/players/katie-may-1.html,northeastern,2018-19
