ranker,player_game_num_career,team_game_num_season,date,team_name_abbr,game_location,opp_name_abbr,game_type,game_result,is_starter,mp,fg,fga,fg_pct,fg3,fg3a,fg3_pct,fg2,fg2a,fg2_pct,efg_pct,ft,fta,ft_pct,orb,drb,trb,ast,stl,blk,tov,pf,pts,game_score,player_name,player_sr_link,school,season
1,1,1,2018-11-09,Northeastern,,Boston University,REG (Non-Conf),W 81-51,,12,1,2,.500,1,2,.500,0,0,,.750,2,2,1.000,0,3,3,0,0,0,1,0,5,3.9,Kendall Currence,https://www.sports-reference.com/cbb/players/kendall-currence-1.html,northeastern,2018-19
2,2,4,2018-11-21,Northeastern,,New Hampshire,REG (Non-Conf),W 69-54,,15,2,4,.500,1,2,.500,1,2,.500,.625,0,0,,0,2,2,0,0,0,1,1,5,2.2,Kendall Currence,https://www.sports-reference.com/cbb/players/kendall-currence-1.html,northeastern,2018-19
3,3,5,2018-11-24,Northeastern,,Air Force,REG (Non-Conf),W 54-41,,4,0,2,.000,0,0,,0,2,.000,.000,0,0,,0,0,0,0,0,0,1,0,0,-2.4,Kendall Currence,https://www.sports-reference.com/cbb/players/kendall-currence-1.html,northeastern,2018-19
4,4,8,2018-12-05,Northeastern,@,Fairfield,REG (Non-Conf),W 59-50,,13,2,2,1.000,1,1,1.000,1,1,1.000,1.250,0,1,.000,0,0,0,0,0,0,0,1,5,3.6,Kendall Currence,https://www.sports-reference.com/cbb/players/kendall-currence-1.html,northeastern,2018-19
5,5,9,2018-12-15,Northeastern,@,Providence,REG (Non-Conf),W 65-59,,4,0,0,,0,0,,0,0,,,0,0,,0,0,0,0,0,0,1,0,0,-1.0,Kendall Currence,https://www.sports-reference.com/cbb/players/kendall-currence-1.html,northeastern,2018-19
6,6,10,2018-12-18,Northeastern,@,Marist,REG (Non-Conf),L 84-90,,10,3,6,.500,0,2,.000,3,4,.750,.500,0,0,,1,0,1,0,0,0,0,1,6,3.3,Kendall Currence,https://www.sports-reference.com/cbb/players/kendall-currence-1.html,northeastern,2018-19
7,7,11,2018-12-22,Northeastern,,Maine,REG (Non-Conf),W 63-55,,4,1,2,.500,1,1,1.000,0,1,.000,.750,0,0,,0,0,0,0,0,0,0,0,3,2.0,Kendall Currence,https://www.sports-reference.com/cbb/players/kendall-currence-1.html,northeastern,2018-19
8,8,12,2019-01-04,Northeastern,,Elon,REG (Conf),W 79-71,,4,0,0,,0,0,,0,0,,,0,0,,1,2,3,0,0,0,1,2,0,-0.5,Kendall Currence,https://www.sports-reference.com/cbb/players/kendall-currence-1.html,northeastern,2018-19
9,9,13,2019-01-06,Northeastern,,William & Mary,REG (Conf),W 88-74,,2,0,1,.000,0,1,.000,0,0,,.000,0,0,,0,0,0,0,0,0,0,0,0,-0.7,Kendall Currence,https://www.sports-reference.com/cbb/players/kendall-currence-1.html,northeastern,2018-19
10,10,14,2019-01-11,Northeastern,@,Towson,REG (Conf),L 83-88,,2,0,0,,0,0,,0,0,,,0,0,,0,0,0,0,0,0,0,1,0,-0.4,Kendall Currence,https://www.sports-reference.com/cbb/players/kendall-currence-1.html,northeastern,2018-19
11,11,15,2019-01-13,Northeastern,@,James Madison,REG (Conf),L 49-84,,14,0,1,.000,0,0,,0,1,.000,.000,0,0,,0,0,0,0,0,0,1,1,0,-2.1,Kendall Currence,https://www.sports-reference.com/cbb/players/kendall-currence-1.html,northeastern,2018-19
12,12,17,2019-01-20,Northeastern,,Delaware,REG (Conf),W 75-62,,2,0,0,,0,0,,0,0,,,0,0,,0,0,0,0,0,0,0,0,0,0.0,Kendall Currence,https://www.sports-reference.com/cbb/players/kendall-currence-1.html,northeastern,2018-19
13,13,18,2019-01-27,Northeastern,@,Hofstra,REG (Conf),L 61-78,,12,3,4,.750,0,1,.000,3,3,1.000,.750,2,3,.667,2,2,4,1,1,0,1,1,8,8.3,Kendall Currence,https://www.sports-reference.com/cbb/players/kendall-currence-1.html,northeastern,2018-19
14,14,19,2019-02-01,Northeastern,@,College of Charleston,REG (Conf),W 87-56,,24,6,7,.857,2,3,.667,4,4,1.000,1.000,1,3,.333,1,4,5,4,1,0,2,1,15,15.0,Kendall Currence,https://www.sports-reference.com/cbb/players/kendall-currence-1.html,northeastern,2018-19
15,15,20,2019-02-03,Northeastern,@,UNC Wilmington,REG (Conf),L 70-83,,20,4,6,.667,2,4,.500,2,2,1.000,.833,0,0,,2,0,2,1,2,0,2,3,10,8.3,Kendall Currence,https://www.sports-reference.com/cbb/players/kendall-currence-1.html,northeastern,2018-19
16,16,21,2019-02-08,Northeastern,,James Madison,REG (Conf),L 51-58,,18,0,6,.000,0,3,.000,0,3,.000,.000,0,0,,0,0,0,0,0,0,0,1,0,-4.6,Kendall Currence,https://www.sports-reference.com/cbb/players/kendall-currence-1.html,northeastern,2018-19
17,17,22,2019-02-10,Northeastern,,Towson,REG (Conf),W 77-68,,28,4,8,.500,2,4,.500,2,4,.500,.625,6,6,1.000,1,3,4,1,1,0,2,0,16,13.3,Kendall Currence,https://www.sports-reference.com/cbb/players/kendall-currence-1.html,northeastern,2018-19
18,18,23,2019-02-15,Northeastern,@,Delaware,REG (Conf),L 63-77,,23,2,5,.400,0,3,.000,2,2,1.000,.400,2,2,1.000,1,0,1,2,0,0,1,4,6,2.8,Kendall Currence,https://www.sports-reference.com/cbb/players/kendall-currence-1.html,northeastern,2018-19
19,19,24,2019-02-17,Northeastern,@,Drexel,REG (Conf),L 45-76,,31,5,7,.714,2,2,1.000,3,5,.600,.857,1,2,.500,0,1,1,0,0,0,1,1,13,8.6,Kendall Currence,https://www.sports-reference.com/cbb/players/kendall-currence-1.html,northeastern,2018-19
20,20,25,2019-02-24,Northeastern,,Hofstra,REG (Conf),L 62-63,,16,2,4,.500,1,1,1.000,1,3,.333,.625,0,1,.000,0,2,2,2,1,0,3,2,5,1.8,Kendall Currence,https://www.sports-reference.com/cbb/players/kendall-currence-1.html,northeastern,2018-19
21,21,26,2019-03-01,Northeastern,,UNC Wilmington,REG (Conf),W 83-54,,25,4,8,.500,3,5,.600,1,3,.333,.688,0,2,.000,3,4,7,0,0,0,1,1,11,8.1,Kendall Currence,https://www.sports-reference.com/cbb/players/kendall-currence-1.html,northeastern,2018-19
22,22,27,2019-03-03,Northeastern,,College of Charleston,REG (Conf),W 81-69,,29,3,6,.500,2,5,.400,1,1,1.000,.667,0,0,,0,1,1,1,1,0,2,0,8,5.0,Kendall Currence,https://www.sports-reference.com/cbb/players/kendall-currence-1.html,northeastern,2018-19
23,23,28,2019-03-07,Northeastern,@,William & Mary,REG (Conf),W 75-71,,29,5,7,.714,1,1,1.000,4,6,.667,.786,3,3,1.000,1,3,4,1,5,0,2,1,14,16.0,Kendall Currence,https://www.sports-reference.com/cbb/players/kendall-currence-1.html,northeastern,2018-19
24,24,29,2019-03-09,Northeastern,@,Elon,REG (Conf),W 83-57,,31,3,7,.429,2,2,1.000,1,5,.200,.571,2,4,.500,2,5,7,2,0,0,1,2,10,8.0,Kendall Currence,https://www.sports-reference.com/cbb/players/kendall-currence-1.html,northeastern,2018-19
25,25,30,2019-03-14,Northeastern,@,UNC Wilmington,CTOURN,W 75-64,,22,1,7,.143,0,2,.000,1,5,.200,.143,1,2,.500,1,2,3,0,0,1,0,0,3,0.1,Kendall Currence,https://www.sports-reference.com/cbb/players/kendall-currence-1.html,northeastern,2018-19
26,26,31,2019-03-15,Northeastern,@,Drexel,CTOURN,L 69-73 (OT),,17,0,5,.000,0,2,.000,0,3,.000,.000,0,0,,0,1,1,3,2,0,2,1,0,-1.5,Kendall Currence,https://www.sports-reference.com/cbb/players/kendall-currence-1.html,northeastern,2018-19
27,27,32,2019-03-21,Northeastern,@,Butler,WNIT,L 72-89,,17,3,7,.429,2,6,.333,1,1,1.000,.571,3,4,.750,1,0,1,0,0,0,1,1,11,6.2,Kendall Currence,https://www.sports-reference.com/cbb/players/kendall-currence-1.html,northeastern,2018-19
