ranker,player_game_num_career,team_game_num_season,date,team_name_abbr,game_location,opp_name_abbr,game_type,game_result,is_starter,mp,fg,fga,fg_pct,fg3,fg3a,fg3_pct,fg2,fg2a,fg2_pct,efg_pct,ft,fta,ft_pct,orb,drb,trb,ast,stl,blk,tov,pf,pts,game_score,player_name,player_sr_link,school,season
1,7,1,2018-11-09,Northeastern,,Boston University,REG (Non-Conf),W 81-51,,8,0,0,,0,0,,0,0,,,1,2,.500,1,0,1,1,1,0,1,0,1,2.0,Samantha Michel,https://www.sports-reference.com/cbb/players/samantha-michel-1.html,northeastern,2018-19
2,8,4,2018-11-21,Northeastern,,New Hampshire,REG (Non-Conf),W 69-54,,12,1,5,.200,0,0,,1,5,.200,.200,1,1,1.000,2,1,3,1,0,1,3,2,3,-0.8,Samantha Michel,https://www.sports-reference.com/cbb/players/samantha-michel-1.html,northeastern,2018-19
3,9,14,2019-01-11,Northeastern,@,Towson,REG (Conf),L 83-88,,0,0,0,,0,0,,0,0,,,0,0,,0,0,0,0,0,0,0,1,0,-0.4,Samantha Michel,https://www.sports-reference.com/cbb/players/samantha-michel-1.html,northeastern,2018-19
4,10,15,2019-01-13,Northeastern,@,James Madison,REG (Conf),L 49-84,,8,0,6,.000,0,1,.000,0,5,.000,.000,0,0,,1,1,2,0,0,0,1,2,0,-5.0,Samantha Michel,https://www.sports-reference.com/cbb/players/samantha-michel-1.html,northeastern,2018-19
5,11,19,2019-02-01,Northeastern,@,College of Charleston,REG (Conf),W 87-56,,4,2,4,.500,0,0,,2,4,.500,.500,2,4,.500,3,2,5,0,0,0,0,0,6,5.9,Samantha Michel,https://www.sports-reference.com/cbb/players/samantha-michel-1.html,northeastern,2018-19
6,12,21,2019-02-08,Northeastern,,James Madison,REG (Conf),L 51-58,,11,2,4,.500,0,0,,2,4,.500,.500,0,0,,1,5,6,1,0,1,0,5,4,3.6,Samantha Michel,https://www.sports-reference.com/cbb/players/samantha-michel-1.html,northeastern,2018-19
7,13,22,2019-02-10,Northeastern,,Towson,REG (Conf),W 77-68,,1,0,0,,0,0,,0,0,,,0,0,,0,0,0,0,0,0,0,1,0,-0.4,Samantha Michel,https://www.sports-reference.com/cbb/players/samantha-michel-1.html,northeastern,2018-19
8,14,23,2019-02-15,Northeastern,@,Delaware,REG (Conf),L 63-77,,7,0,2,.000,0,0,,0,2,.000,.000,1,2,.500,0,2,2,0,0,2,1,3,1,-1.0,Samantha Michel,https://www.sports-reference.com/cbb/players/samantha-michel-1.html,northeastern,2018-19
9,15,24,2019-02-17,Northeastern,@,Drexel,REG (Conf),L 45-76,,5,0,0,,0,0,,0,0,,,0,0,,0,0,0,0,0,0,1,2,0,-1.8,Samantha Michel,https://www.sports-reference.com/cbb/players/samantha-michel-1.html,northeastern,2018-19
10,16,25,2019-02-24,Northeastern,,Hofstra,REG (Conf),L 62-63,,3,1,1,1.000,0,0,,1,1,1.000,1.000,0,0,,0,0,0,1,0,1,0,1,2,2.7,Samantha Michel,https://www.sports-reference.com/cbb/players/samantha-michel-1.html,northeastern,2018-19
11,17,26,2019-03-01,Northeastern,,UNC Wilmington,REG (Conf),W 83-54,,2,0,0,,0,0,,0,0,,,1,2,.500,1,0,1,0,0,0,1,1,1,-0.1,Samantha Michel,https://www.sports-reference.com/cbb/players/samantha-michel-1.html,northeastern,2018-19
12,18,29,2019-03-09,Northeastern,@,Elon,REG (Conf),W 83-57,,3,1,1,1.000,0,0,,1,1,1.000,1.000,0,0,,1,1,2,0,0,0,1,1,2,1.3,Samantha Michel,https://www.sports-reference.com/cbb/players/samantha-michel-1.html,northeastern,2018-19
13,19,31,2019-03-15,Northeastern,@,Drexel,CTOURN,L 69-73 (OT),,0,0,1,.000,0,0,,0,1,.000,.000,0,0,,0,0,0,0,0,0,0,0,0,-0.7,Samantha Michel,https://www.sports-reference.com/cbb/players/samantha-michel-1.html,northeastern,2018-19
14,20,32,2019-03-21,Northeastern,@,Butler,WNIT,L 72-89,,1,0,1,.000,0,0,,0,1,.000,.000,0,0,,0,1,1,0,0,0,0,0,0,-0.4,Samantha Michel,https://www.sports-reference.com/cbb/players/samantha-michel-1.html,northeastern,2018-19
