ranker,player_game_num_career,team_game_num_season,date,team_name_abbr,game_location,opp_name_abbr,game_type,game_result,is_starter,mp,fg,fga,fg_pct,fg3,fg3a,fg3_pct,fg2,fg2a,fg2_pct,efg_pct,ft,fta,ft_pct,orb,drb,trb,ast,stl,blk,tov,pf,pts,game_score,player_name,player_sr_link,school,season
1,55,1,2018-11-09,Northeastern,,Boston University,REG (Non-Conf),W 81-51,*,22,2,9,.222,0,3,.000,2,6,.333,.222,0,0,,1,1,2,2,0,0,0,0,4,0.9,Shannon Todd,https://www.sports-reference.com/cbb/players/shannon-todd-1.html,northeastern,2018-19
2,56,2,2018-11-11,Northeastern,,Fordham,REG (Non-Conf),W 58-54,*,22,3,9,.333,2,3,.667,1,6,.167,.444,4,5,.800,2,2,4,1,0,0,2,2,12,6.4,Shannon Todd,https://www.sports-reference.com/cbb/players/shannon-todd-1.html,northeastern,2018-19
3,57,3,2018-11-17,Northeastern,@,Dayton,REG (Non-Conf),W 84-79 (OT),*,44,7,14,.500,3,8,.375,4,6,.667,.607,3,4,.750,4,4,8,4,0,1,0,2,20,19.3,Shannon Todd,https://www.sports-reference.com/cbb/players/shannon-todd-1.html,northeastern,2018-19
4,58,4,2018-11-21,Northeastern,,New Hampshire,REG (Non-Conf),W 69-54,*,21,5,5,1.000,1,1,1.000,4,4,1.000,1.100,0,0,,0,3,3,2,0,0,1,0,11,10.8,Shannon Todd,https://www.sports-reference.com/cbb/players/shannon-todd-1.html,northeastern,2018-19
5,59,5,2018-11-24,Northeastern,,Air Force,REG (Non-Conf),W 54-41,*,34,2,6,.333,0,2,.000,2,4,.500,.333,1,2,.500,3,5,8,0,2,0,5,4,5,0.2,Shannon Todd,https://www.sports-reference.com/cbb/players/shannon-todd-1.html,northeastern,2018-19
6,60,6,2018-11-28,Northeastern,@,Florida,REG (Non-Conf),W 79-66,*,31,5,7,.714,3,4,.750,2,3,.667,.929,0,0,,0,3,3,4,1,0,4,2,13,10.0,Shannon Todd,https://www.sports-reference.com/cbb/players/shannon-todd-1.html,northeastern,2018-19
7,61,7,2018-12-02,Northeastern,,Massachusetts,REG (Non-Conf),W 53-52,*,34,3,13,.231,2,8,.250,1,5,.200,.308,1,3,.333,4,2,6,1,0,0,2,1,9,2.0,Shannon Todd,https://www.sports-reference.com/cbb/players/shannon-todd-1.html,northeastern,2018-19
8,62,8,2018-12-05,Northeastern,@,Fairfield,REG (Non-Conf),W 59-50,*,29,4,8,.500,2,5,.400,2,3,.667,.625,0,2,.000,3,3,6,2,0,0,1,2,10,7.8,Shannon Todd,https://www.sports-reference.com/cbb/players/shannon-todd-1.html,northeastern,2018-19
9,63,9,2018-12-15,Northeastern,@,Providence,REG (Non-Conf),W 65-59,*,40,4,10,.400,2,5,.400,2,5,.400,.500,4,5,.800,2,3,5,3,3,0,5,1,14,10.2,Shannon Todd,https://www.sports-reference.com/cbb/players/shannon-todd-1.html,northeastern,2018-19
10,64,10,2018-12-18,Northeastern,@,Marist,REG (Non-Conf),L 84-90,*,39,2,13,.154,2,8,.250,0,5,.000,.231,0,0,,0,4,4,2,1,0,0,3,6,0.1,Shannon Todd,https://www.sports-reference.com/cbb/players/shannon-todd-1.html,northeastern,2018-19
11,65,11,2018-12-22,Northeastern,,Maine,REG (Non-Conf),W 63-55,*,15,0,2,.000,0,2,.000,0,0,,.000,4,6,.667,2,5,7,2,0,0,0,4,4,4.5,Shannon Todd,https://www.sports-reference.com/cbb/players/shannon-todd-1.html,northeastern,2018-19
12,66,12,2019-01-04,Northeastern,,Elon,REG (Conf),W 79-71,*,27,2,8,.250,1,4,.250,1,4,.250,.313,2,2,1.000,0,2,2,2,2,2,2,1,7,5.2,Shannon Todd,https://www.sports-reference.com/cbb/players/shannon-todd-1.html,northeastern,2018-19
13,67,13,2019-01-06,Northeastern,,William & Mary,REG (Conf),W 88-74,*,35,5,10,.500,2,5,.400,3,5,.600,.600,5,6,.833,1,3,4,3,0,2,2,3,17,13.5,Shannon Todd,https://www.sports-reference.com/cbb/players/shannon-todd-1.html,northeastern,2018-19
14,68,14,2019-01-11,Northeastern,@,Towson,REG (Conf),L 83-88,*,32,7,12,.583,2,4,.500,5,8,.625,.667,3,4,.750,2,1,3,4,0,0,1,5,19,14.5,Shannon Todd,https://www.sports-reference.com/cbb/players/shannon-todd-1.html,northeastern,2018-19
15,69,15,2019-01-13,Northeastern,@,James Madison,REG (Conf),L 49-84,*,22,2,4,.500,2,4,.500,0,0,,.750,2,2,1.000,0,0,0,1,0,0,1,3,8,4.5,Shannon Todd,https://www.sports-reference.com/cbb/players/shannon-todd-1.html,northeastern,2018-19
16,70,16,2019-01-18,Northeastern,,Drexel,REG (Conf),L 59-61,*,35,4,10,.400,2,5,.400,2,5,.400,.500,2,2,1.000,2,2,4,1,1,0,2,2,12,7.5,Shannon Todd,https://www.sports-reference.com/cbb/players/shannon-todd-1.html,northeastern,2018-19
17,71,17,2019-01-20,Northeastern,,Delaware,REG (Conf),W 75-62,*,28,3,7,.429,0,2,.000,3,5,.600,.429,2,2,1.000,0,6,6,2,1,0,5,4,8,1.9,Shannon Todd,https://www.sports-reference.com/cbb/players/shannon-todd-1.html,northeastern,2018-19
18,72,18,2019-01-27,Northeastern,@,Hofstra,REG (Conf),L 61-78,*,33,4,12,.333,1,7,.143,3,5,.600,.375,0,0,,1,1,2,3,0,1,3,5,9,1.0,Shannon Todd,https://www.sports-reference.com/cbb/players/shannon-todd-1.html,northeastern,2018-19
19,73,19,2019-02-01,Northeastern,@,College of Charleston,REG (Conf),W 87-56,*,17,3,6,.500,0,3,.000,3,3,1.000,.500,0,1,.000,0,1,1,1,1,0,2,4,6,1.0,Shannon Todd,https://www.sports-reference.com/cbb/players/shannon-todd-1.html,northeastern,2018-19
20,74,20,2019-02-03,Northeastern,@,UNC Wilmington,REG (Conf),L 70-83,*,33,7,19,.368,2,9,.222,5,10,.500,.421,2,2,1.000,1,4,5,1,2,1,3,5,18,7.8,Shannon Todd,https://www.sports-reference.com/cbb/players/shannon-todd-1.html,northeastern,2018-19
21,75,21,2019-02-08,Northeastern,,James Madison,REG (Conf),L 51-58,*,25,4,6,.667,1,3,.333,3,3,1.000,.750,3,3,1.000,0,3,3,0,0,0,1,3,12,8.1,Shannon Todd,https://www.sports-reference.com/cbb/players/shannon-todd-1.html,northeastern,2018-19
22,76,22,2019-02-10,Northeastern,,Towson,REG (Conf),W 77-68,*,39,3,13,.231,1,5,.200,2,8,.250,.269,3,4,.750,2,4,6,2,1,0,3,1,10,3.3,Shannon Todd,https://www.sports-reference.com/cbb/players/shannon-todd-1.html,northeastern,2018-19
23,77,23,2019-02-15,Northeastern,@,Delaware,REG (Conf),L 63-77,*,39,6,16,.375,3,10,.300,3,6,.500,.469,0,0,,0,4,4,0,0,0,0,2,15,6.6,Shannon Todd,https://www.sports-reference.com/cbb/players/shannon-todd-1.html,northeastern,2018-19
24,78,24,2019-02-17,Northeastern,@,Drexel,REG (Conf),L 45-76,*,30,6,10,.600,2,6,.333,4,4,1.000,.700,0,0,,0,4,4,2,2,1,5,3,14,8.5,Shannon Todd,https://www.sports-reference.com/cbb/players/shannon-todd-1.html,northeastern,2018-19
25,79,25,2019-02-24,Northeastern,,Hofstra,REG (Conf),L 62-63,*,36,5,12,.417,1,6,.167,4,6,.667,.458,3,4,.750,0,3,3,1,4,0,5,2,14,7.0,Shannon Todd,https://www.sports-reference.com/cbb/players/shannon-todd-1.html,northeastern,2018-19
26,80,26,2019-03-01,Northeastern,,UNC Wilmington,REG (Conf),W 83-54,*,29,5,11,.455,4,7,.571,1,4,.250,.636,4,4,1.000,0,2,2,1,1,0,0,4,18,13.0,Shannon Todd,https://www.sports-reference.com/cbb/players/shannon-todd-1.html,northeastern,2018-19
27,81,27,2019-03-03,Northeastern,,College of Charleston,REG (Conf),W 81-69,*,22,2,6,.333,1,4,.250,1,2,.500,.417,0,0,,0,0,0,2,0,1,2,2,5,0.9,Shannon Todd,https://www.sports-reference.com/cbb/players/shannon-todd-1.html,northeastern,2018-19
28,82,28,2019-03-07,Northeastern,@,William & Mary,REG (Conf),W 75-71,*,37,5,10,.500,2,4,.500,3,6,.500,.600,2,2,1.000,1,1,2,6,3,0,2,1,14,14.8,Shannon Todd,https://www.sports-reference.com/cbb/players/shannon-todd-1.html,northeastern,2018-19
29,83,29,2019-03-09,Northeastern,@,Elon,REG (Conf),W 83-57,*,33,4,7,.571,2,3,.667,2,4,.500,.714,2,2,1.000,0,3,3,3,1,0,2,3,12,9.5,Shannon Todd,https://www.sports-reference.com/cbb/players/shannon-todd-1.html,northeastern,2018-19
30,84,30,2019-03-14,Northeastern,@,UNC Wilmington,CTOURN,W 75-64,*,33,5,8,.625,4,7,.571,1,1,1.000,.875,2,2,1.000,2,4,6,5,0,0,3,3,16,14.3,Shannon Todd,https://www.sports-reference.com/cbb/players/shannon-todd-1.html,northeastern,2018-19
31,85,31,2019-03-15,Northeastern,@,Drexel,CTOURN,L 69-73 (OT),*,41,2,7,.286,2,6,.333,0,1,.000,.429,3,4,.750,2,2,4,6,0,0,3,5,9,5.7,Shannon Todd,https://www.sports-reference.com/cbb/players/shannon-todd-1.html,northeastern,2018-19
32,86,32,2019-03-21,Northeastern,@,Butler,WNIT,L 72-89,*,34,5,13,.385,2,5,.400,3,8,.375,.462,1,3,.333,3,2,5,3,2,0,1,4,13,9.3,Shannon Todd,https://www.sports-reference.com/cbb/players/shannon-todd-1.html,northeastern,2018-19
