ranker,player_game_num_career,team_game_num_season,date,team_name_abbr,game_location,opp_name_abbr,game_type,game_result,is_starter,mp,fg,fga,fg_pct,fg3,fg3a,fg3_pct,fg2,fg2a,fg2_pct,efg_pct,ft,fta,ft_pct,orb,drb,trb,ast,stl,blk,tov,pf,pts,game_score,player_name,player_sr_link,school,season
1,30,1,2018-11-09,Northeastern,,Boston University,REG (Non-Conf),W 81-51,,21,7,8,.875,4,4,1.000,3,4,.750,1.125,1,1,1.000,2,4,6,2,1,0,2,3,19,18.0,Stella Clark,https://www.sports-reference.com/cbb/players/stella-clark-1.html,northeastern,2018-19
2,31,2,2018-11-11,Northeastern,,Fordham,REG (Non-Conf),W 58-54,,29,2,6,.333,1,3,.333,1,3,.333,.417,3,4,.750,1,3,4,4,0,0,2,3,8,5.4,Stella Clark,https://www.sports-reference.com/cbb/players/stella-clark-1.html,northeastern,2018-19
3,32,3,2018-11-17,Northeastern,@,Dayton,REG (Non-Conf),W 84-79 (OT),,38,0,3,.000,0,2,.000,0,1,.000,.000,2,2,1.000,1,3,4,3,3,0,3,3,2,2.4,Stella Clark,https://www.sports-reference.com/cbb/players/stella-clark-1.html,northeastern,2018-19
4,33,4,2018-11-21,Northeastern,,New Hampshire,REG (Non-Conf),W 69-54,,28,2,3,.667,0,1,.000,2,2,1.000,.667,0,0,,1,8,9,6,1,0,6,4,4,3.4,Stella Clark,https://www.sports-reference.com/cbb/players/stella-clark-1.html,northeastern,2018-19
5,34,5,2018-11-24,Northeastern,,Air Force,REG (Non-Conf),W 54-41,,19,2,4,.500,1,2,.500,1,2,.500,.625,2,2,1.000,1,6,7,2,0,0,5,5,7,1.9,Stella Clark,https://www.sports-reference.com/cbb/players/stella-clark-1.html,northeastern,2018-19
6,35,6,2018-11-28,Northeastern,@,Florida,REG (Non-Conf),W 79-66,,27,3,10,.300,2,7,.286,1,3,.333,.400,0,0,,2,2,4,5,0,0,3,4,8,3.1,Stella Clark,https://www.sports-reference.com/cbb/players/stella-clark-1.html,northeastern,2018-19
7,36,7,2018-12-02,Northeastern,,Massachusetts,REG (Non-Conf),W 53-52,,30,3,11,.273,3,8,.375,0,3,.000,.409,0,0,,3,1,4,3,0,0,4,2,9,2.2,Stella Clark,https://www.sports-reference.com/cbb/players/stella-clark-1.html,northeastern,2018-19
8,37,8,2018-12-05,Northeastern,@,Fairfield,REG (Non-Conf),W 59-50,,29,4,10,.400,2,4,.500,2,6,.333,.500,8,10,.800,1,2,3,1,1,0,2,4,18,11.2,Stella Clark,https://www.sports-reference.com/cbb/players/stella-clark-1.html,northeastern,2018-19
9,38,9,2018-12-15,Northeastern,@,Providence,REG (Non-Conf),W 65-59,,30,0,7,.000,0,3,.000,0,4,.000,.000,4,4,1.000,1,2,3,2,2,0,2,3,4,0.6,Stella Clark,https://www.sports-reference.com/cbb/players/stella-clark-1.html,northeastern,2018-19
10,39,10,2018-12-18,Northeastern,@,Marist,REG (Non-Conf),L 84-90,,26,5,6,.833,2,3,.667,3,3,1.000,1.000,1,2,.500,1,2,3,5,0,0,5,4,13,8.6,Stella Clark,https://www.sports-reference.com/cbb/players/stella-clark-1.html,northeastern,2018-19
11,40,11,2018-12-22,Northeastern,,Maine,REG (Non-Conf),W 63-55,,32,6,10,.600,2,4,.500,4,6,.667,.700,1,6,.167,4,4,8,1,2,0,3,2,15,11.3,Stella Clark,https://www.sports-reference.com/cbb/players/stella-clark-1.html,northeastern,2018-19
12,41,12,2019-01-04,Northeastern,,Elon,REG (Conf),W 79-71,,30,1,8,.125,0,4,.000,1,4,.250,.125,1,2,.500,0,1,1,6,1,0,6,3,3,-4.3,Stella Clark,https://www.sports-reference.com/cbb/players/stella-clark-1.html,northeastern,2018-19
13,42,13,2019-01-06,Northeastern,,William & Mary,REG (Conf),W 88-74,,17,0,2,.000,0,1,.000,0,1,.000,.000,3,4,.750,0,4,4,1,1,0,3,4,3,-0.5,Stella Clark,https://www.sports-reference.com/cbb/players/stella-clark-1.html,northeastern,2018-19
14,43,14,2019-01-11,Northeastern,@,Towson,REG (Conf),L 83-88,,28,4,12,.333,2,7,.286,2,5,.400,.417,7,8,.875,4,4,8,1,1,0,8,4,17,5.9,Stella Clark,https://www.sports-reference.com/cbb/players/stella-clark-1.html,northeastern,2018-19
15,44,15,2019-01-13,Northeastern,@,James Madison,REG (Conf),L 49-84,,19,2,4,.500,1,2,.500,1,2,.500,.625,1,2,.500,2,1,3,3,0,0,7,3,6,-0.8,Stella Clark,https://www.sports-reference.com/cbb/players/stella-clark-1.html,northeastern,2018-19
16,45,16,2019-01-18,Northeastern,,Drexel,REG (Conf),L 59-61,,33,5,14,.357,2,5,.400,3,9,.333,.429,3,3,1.000,0,5,5,1,3,0,6,2,15,5.6,Stella Clark,https://www.sports-reference.com/cbb/players/stella-clark-1.html,northeastern,2018-19
17,46,17,2019-01-20,Northeastern,,Delaware,REG (Conf),W 75-62,,26,4,10,.400,2,5,.400,2,5,.400,.500,0,0,,0,7,7,5,1,0,5,3,10,5.0,Stella Clark,https://www.sports-reference.com/cbb/players/stella-clark-1.html,northeastern,2018-19
18,47,18,2019-01-27,Northeastern,@,Hofstra,REG (Conf),L 61-78,,30,6,13,.462,2,6,.333,4,7,.571,.538,0,0,,2,2,4,2,0,0,3,4,14,6.1,Stella Clark,https://www.sports-reference.com/cbb/players/stella-clark-1.html,northeastern,2018-19
19,48,19,2019-02-01,Northeastern,@,College of Charleston,REG (Conf),W 87-56,,26,5,11,.455,1,4,.250,4,7,.571,.500,0,0,,0,3,3,2,3,0,2,5,11,6.6,Stella Clark,https://www.sports-reference.com/cbb/players/stella-clark-1.html,northeastern,2018-19
20,49,20,2019-02-03,Northeastern,@,UNC Wilmington,REG (Conf),L 70-83,,12,3,8,.375,2,5,.400,1,3,.333,.500,0,0,,1,0,1,1,1,0,1,3,8,3.8,Stella Clark,https://www.sports-reference.com/cbb/players/stella-clark-1.html,northeastern,2018-19
21,50,21,2019-02-08,Northeastern,,James Madison,REG (Conf),L 51-58,,25,0,3,.000,0,2,.000,0,1,.000,.000,0,0,,2,3,5,4,0,0,4,3,0,-2.2,Stella Clark,https://www.sports-reference.com/cbb/players/stella-clark-1.html,northeastern,2018-19
22,51,22,2019-02-10,Northeastern,,Towson,REG (Conf),W 77-68,,15,3,5,.600,2,2,1.000,1,3,.333,.800,1,2,.500,0,2,2,0,0,0,4,4,9,1.3,Stella Clark,https://www.sports-reference.com/cbb/players/stella-clark-1.html,northeastern,2018-19
23,52,23,2019-02-15,Northeastern,@,Delaware,REG (Conf),L 63-77,*,31,6,10,.600,2,3,.667,4,7,.571,.700,0,2,.000,2,2,4,2,1,0,4,5,14,7.0,Stella Clark,https://www.sports-reference.com/cbb/players/stella-clark-1.html,northeastern,2018-19
24,53,24,2019-02-17,Northeastern,@,Drexel,REG (Conf),L 45-76,*,35,1,6,.167,0,2,.000,1,4,.250,.167,0,0,,1,3,4,6,0,0,3,3,2,-0.2,Stella Clark,https://www.sports-reference.com/cbb/players/stella-clark-1.html,northeastern,2018-19
25,54,25,2019-02-24,Northeastern,,Hofstra,REG (Conf),L 62-63,*,31,2,6,.333,1,2,.500,1,4,.250,.417,1,2,.500,2,3,5,1,2,0,3,5,6,2.2,Stella Clark,https://www.sports-reference.com/cbb/players/stella-clark-1.html,northeastern,2018-19
26,55,26,2019-03-01,Northeastern,,UNC Wilmington,REG (Conf),W 83-54,*,3,0,2,.000,0,1,.000,0,1,.000,.000,0,0,,1,1,2,1,0,0,0,1,0,-0.1,Stella Clark,https://www.sports-reference.com/cbb/players/stella-clark-1.html,northeastern,2018-19
27,56,32,2019-03-21,Northeastern,@,Butler,WNIT,L 72-89,,18,2,3,.667,2,3,.667,0,0,,1.000,0,0,,0,2,2,1,1,0,2,4,6,3.4,Stella Clark,https://www.sports-reference.com/cbb/players/stella-clark-1.html,northeastern,2018-19
