ranker,player_game_num_career,team_game_num_season,date,team_name_abbr,game_location,opp_name_abbr,game_type,game_result,is_starter,mp,fg,fga,fg_pct,fg3,fg3a,fg3_pct,fg2,fg2a,fg2_pct,efg_pct,ft,fta,ft_pct,orb,drb,trb,ast,stl,blk,tov,pf,pts,game_score,player_name,player_sr_link,school,season
1,63,1,2018-11-09,Northeastern,,Boston University,REG (Non-Conf),W 81-51,,17,0,3,.000,0,1,.000,0,2,.000,.000,3,3,1.000,1,3,4,3,2,0,0,3,3,5.4,Zoe Zwerling,https://www.sports-reference.com/cbb/players/zoe-zwerling-1.html,northeastern,2018-19
2,64,2,2018-11-11,Northeastern,,Fordham,REG (Non-Conf),W 58-54,,9,0,0,,0,0,,0,0,,,0,2,.000,0,0,0,0,0,0,0,0,0,-0.8,Zoe Zwerling,https://www.sports-reference.com/cbb/players/zoe-zwerling-1.html,northeastern,2018-19
3,65,3,2018-11-17,Northeastern,@,Dayton,REG (Non-Conf),W 84-79 (OT),,5,0,1,.000,0,0,,0,1,.000,.000,2,2,1.000,0,1,1,2,0,0,0,0,2,3.0,Zoe Zwerling,https://www.sports-reference.com/cbb/players/zoe-zwerling-1.html,northeastern,2018-19
4,66,4,2018-11-21,Northeastern,,New Hampshire,REG (Non-Conf),W 69-54,,17,3,4,.750,1,2,.500,2,2,1.000,.875,0,0,,1,2,3,1,0,0,1,3,7,5.2,Zoe Zwerling,https://www.sports-reference.com/cbb/players/zoe-zwerling-1.html,northeastern,2018-19
5,67,5,2018-11-24,Northeastern,,Air Force,REG (Non-Conf),W 54-41,,7,0,1,.000,0,0,,0,1,.000,.000,0,0,,0,0,0,1,0,0,1,0,0,-1.0,Zoe Zwerling,https://www.sports-reference.com/cbb/players/zoe-zwerling-1.html,northeastern,2018-19
6,68,7,2018-12-02,Northeastern,,Massachusetts,REG (Non-Conf),W 53-52,,3,0,0,,0,0,,0,0,,,0,0,,0,0,0,0,0,0,1,0,0,-1.0,Zoe Zwerling,https://www.sports-reference.com/cbb/players/zoe-zwerling-1.html,northeastern,2018-19
7,69,8,2018-12-05,Northeastern,@,Fairfield,REG (Non-Conf),W 59-50,,3,0,2,.000,0,2,.000,0,0,,.000,0,0,,1,0,1,0,0,0,0,1,0,-1.1,Zoe Zwerling,https://www.sports-reference.com/cbb/players/zoe-zwerling-1.html,northeastern,2018-19
8,70,10,2018-12-18,Northeastern,@,Marist,REG (Non-Conf),L 84-90,,0,0,0,,0,0,,0,0,,,0,0,,0,0,0,0,0,0,0,0,0,0.0,Zoe Zwerling,https://www.sports-reference.com/cbb/players/zoe-zwerling-1.html,northeastern,2018-19
9,71,14,2019-01-11,Northeastern,@,Towson,REG (Conf),L 83-88,,7,0,2,.000,0,2,.000,0,0,,.000,0,0,,0,0,0,0,0,0,0,0,0,-1.4,Zoe Zwerling,https://www.sports-reference.com/cbb/players/zoe-zwerling-1.html,northeastern,2018-19
10,72,15,2019-01-13,Northeastern,@,James Madison,REG (Conf),L 49-84,,8,1,1,1.000,0,0,,1,1,1.000,1.000,0,0,,1,0,1,1,1,0,1,0,2,3.1,Zoe Zwerling,https://www.sports-reference.com/cbb/players/zoe-zwerling-1.html,northeastern,2018-19
11,73,17,2019-01-20,Northeastern,,Delaware,REG (Conf),W 75-62,,6,0,0,,0,0,,0,0,,,0,0,,0,0,0,1,0,0,1,0,0,-0.3,Zoe Zwerling,https://www.sports-reference.com/cbb/players/zoe-zwerling-1.html,northeastern,2018-19
12,74,18,2019-01-27,Northeastern,@,Hofstra,REG (Conf),L 61-78,,6,0,1,.000,0,1,.000,0,0,,.000,0,0,,0,0,0,0,0,0,0,1,0,-1.1,Zoe Zwerling,https://www.sports-reference.com/cbb/players/zoe-zwerling-1.html,northeastern,2018-19
13,75,19,2019-02-01,Northeastern,@,College of Charleston,REG (Conf),W 87-56,,3,0,0,,0,0,,0,0,,,0,0,,0,0,0,0,0,0,0,1,0,-0.4,Zoe Zwerling,https://www.sports-reference.com/cbb/players/zoe-zwerling-1.html,northeastern,2018-19
14,76,20,2019-02-03,Northeastern,@,UNC Wilmington,REG (Conf),L 70-83,,4,2,3,.667,2,3,.667,0,0,,1.000,0,0,,0,0,0,0,0,0,1,1,6,3.3,Zoe Zwerling,https://www.sports-reference.com/cbb/players/zoe-zwerling-1.html,northeastern,2018-19
15,77,21,2019-02-08,Northeastern,,James Madison,REG (Conf),L 51-58,,4,0,0,,0,0,,0,0,,,0,0,,0,0,0,0,0,0,0,1,0,-0.4,Zoe Zwerling,https://www.sports-reference.com/cbb/players/zoe-zwerling-1.html,northeastern,2018-19
16,78,23,2019-02-15,Northeastern,@,Delaware,REG (Conf),L 63-77,,4,0,1,.000,0,1,.000,0,0,,.000,0,0,,1,1,2,1,0,0,0,1,0,0.6,Zoe Zwerling,https://www.sports-reference.com/cbb/players/zoe-zwerling-1.html,northeastern,2018-19
