ranker,player_game_num_career,team_game_num_season,date,team_name_abbr,game_location,opp_name_abbr,game_type,game_result,is_starter,mp,fg,fga,fg_pct,fg3,fg3a,fg3_pct,fg2,fg2a,fg2_pct,efg_pct,ft,fta,ft_pct,orb,drb,trb,ast,stl,blk,tov,pf,pts,game_score,player_name,player_sr_link,school,season
1,72,1,2024-11-04,Holy Cross,,Quinnipiac,REG (Non-Conf),L 74-78,*,22,1,3,.333,1,1,1.000,0,2,.000,.500,0,2,.000,0,3,3,1,0,0,1,1,3,0.7,Grace Munt,https://www.sports-reference.com/cbb/players/grace-munt-1.html,holy-cross,2024-25
2,73,2,2024-11-09,Holy Cross,@,UMass Lowell,REG (Non-Conf),W 61-49,*,8,1,1,1.000,0,0,,1,1,1.000,1.000,0,0,,1,0,1,0,0,0,1,1,2,1.0,Grace Munt,https://www.sports-reference.com/cbb/players/grace-munt-1.html,holy-cross,2024-25
3,74,9,2024-12-08,Holy Cross,,Stony Brook,REG (Non-Conf),W 73-56,,2,0,0,,0,0,,0,0,,,0,0,,0,1,1,0,0,0,0,1,0,-0.1,Grace Munt,https://www.sports-reference.com/cbb/players/grace-munt-1.html,holy-cross,2024-25
4,75,10,2024-12-17,Holy Cross,,Marist,REG (Non-Conf),W 66-49,,9,0,1,.000,0,1,.000,0,0,,.000,0,0,,1,1,2,0,0,0,2,0,0,-1.7,Grace Munt,https://www.sports-reference.com/cbb/players/grace-munt-1.html,holy-cross,2024-25
5,76,11,2024-12-21,Holy Cross,@,Northeastern,REG (Non-Conf),W 61-37,,13,0,3,.000,0,1,.000,0,2,.000,.000,1,2,.500,2,2,4,1,0,1,0,0,1,1.9,Grace Munt,https://www.sports-reference.com/cbb/players/grace-munt-1.html,holy-cross,2024-25
6,77,12,2025-01-02,Holy Cross,@,Loyola (MD),REG (Conf),W 49-46,,3,0,0,,0,0,,0,0,,,0,0,,1,0,1,0,0,0,0,0,0,0.7,Grace Munt,https://www.sports-reference.com/cbb/players/grace-munt-1.html,holy-cross,2024-25
