ranker,player_game_num_career,team_game_num_season,date,team_name_abbr,game_location,opp_name_abbr,game_type,game_result,is_starter,mp,fg,fga,fg_pct,fg3,fg3a,fg3_pct,fg2,fg2a,fg2_pct,efg_pct,ft,fta,ft_pct,orb,drb,trb,ast,stl,blk,tov,pf,pts,game_score,player_name,player_sr_link,school,season
1,32,1,2024-11-04,Holy Cross,,Quinnipiac,REG (Non-Conf),L 74-78,,25,2,6,.333,0,3,.000,2,3,.667,.333,2,2,1.000,0,1,1,2,1,0,2,2,6,2.5,Kendall Eddy,https://www.sports-reference.com/cbb/players/kendall-eddy-1.html,holy-cross,2024-25
2,33,2,2024-11-09,Holy Cross,@,UMass Lowell,REG (Non-Conf),W 61-49,,28,2,13,.154,1,7,.143,1,6,.167,.192,2,2,1.000,1,1,2,0,2,1,2,0,7,0.4,Kendall Eddy,https://www.sports-reference.com/cbb/players/kendall-eddy-1.html,holy-cross,2024-25
3,34,3,2024-11-13,Holy Cross,@,Brown,REG (Non-Conf),W 68-53,,24,6,11,.545,1,2,.500,5,9,.556,.591,1,2,.500,2,3,5,1,1,0,4,1,14,7.9,Kendall Eddy,https://www.sports-reference.com/cbb/players/kendall-eddy-1.html,holy-cross,2024-25
4,35,4,2024-11-16,Holy Cross,@,Vermont,REG (Non-Conf),L 50-67,,23,5,6,.833,2,3,.667,3,3,1.000,1.000,0,0,,0,1,1,0,3,0,1,0,12,12.1,Kendall Eddy,https://www.sports-reference.com/cbb/players/kendall-eddy-1.html,holy-cross,2024-25
5,36,5,2024-11-20,Holy Cross,@,Massachusetts,REG (Non-Conf),W 75-70,,33,4,9,.444,2,6,.333,2,3,.667,.556,2,3,.667,0,0,0,2,3,0,5,4,12,4.7,Kendall Eddy,https://www.sports-reference.com/cbb/players/kendall-eddy-1.html,holy-cross,2024-25
6,37,6,2024-11-23,Holy Cross,,Boston College,REG (Non-Conf),L 55-81,*,30,3,11,.273,1,5,.200,2,6,.333,.318,0,0,,0,0,0,3,1,0,5,1,7,-1.8,Kendall Eddy,https://www.sports-reference.com/cbb/players/kendall-eddy-1.html,holy-cross,2024-25
7,38,7,2024-11-26,Holy Cross,@,New Hampshire,REG (Non-Conf),W 57-43,*,34,4,10,.400,3,5,.600,1,5,.200,.550,0,0,,0,2,2,3,0,0,1,3,11,6.1,Kendall Eddy,https://www.sports-reference.com/cbb/players/kendall-eddy-1.html,holy-cross,2024-25
8,39,8,2024-12-03,Holy Cross,@,Connecticut,REG (Non-Conf),L 52-88,,19,1,4,.250,0,2,.000,1,2,.500,.250,2,2,1.000,0,0,0,2,1,0,6,0,4,-2.0,Kendall Eddy,https://www.sports-reference.com/cbb/players/kendall-eddy-1.html,holy-cross,2024-25
9,40,9,2024-12-08,Holy Cross,,Stony Brook,REG (Non-Conf),W 73-56,,13,0,0,,0,0,,0,0,,,0,0,,0,0,0,1,1,1,1,0,0,1.4,Kendall Eddy,https://www.sports-reference.com/cbb/players/kendall-eddy-1.html,holy-cross,2024-25
10,41,10,2024-12-17,Holy Cross,,Marist,REG (Non-Conf),W 66-49,,20,1,3,.333,1,2,.500,0,1,.000,.500,0,0,,1,1,2,2,2,0,3,2,3,1.9,Kendall Eddy,https://www.sports-reference.com/cbb/players/kendall-eddy-1.html,holy-cross,2024-25
11,42,11,2024-12-21,Holy Cross,@,Northeastern,REG (Non-Conf),W 61-37,,24,3,7,.429,2,4,.500,1,3,.333,.571,0,0,,0,1,1,2,0,1,2,1,8,4.3,Kendall Eddy,https://www.sports-reference.com/cbb/players/kendall-eddy-1.html,holy-cross,2024-25
12,43,12,2025-01-02,Holy Cross,@,Loyola (MD),REG (Conf),W 49-46,,25,1,7,.143,1,6,.167,0,1,.000,.214,0,0,,0,1,1,2,2,0,0,2,3,1.4,Kendall Eddy,https://www.sports-reference.com/cbb/players/kendall-eddy-1.html,holy-cross,2024-25
13,44,13,2025-01-05,Holy Cross,,American,REG (Conf),W 69-61,,24,1,3,.333,0,2,.000,1,1,1.000,.333,0,0,,0,1,1,2,2,0,3,1,2,0.6,Kendall Eddy,https://www.sports-reference.com/cbb/players/kendall-eddy-1.html,holy-cross,2024-25
14,45,14,2025-01-08,Holy Cross,@,Navy,REG (Conf),L 56-67,,26,2,11,.182,1,6,.167,1,5,.200,.227,0,2,.000,1,2,3,3,0,0,1,0,5,-0.3,Kendall Eddy,https://www.sports-reference.com/cbb/players/kendall-eddy-1.html,holy-cross,2024-25
15,46,15,2025-01-11,Holy Cross,,Lafayette,REG (Conf),W 75-69,*,36,7,17,.412,5,11,.455,2,6,.333,.559,0,0,,1,3,4,4,0,0,3,2,19,10.5,Kendall Eddy,https://www.sports-reference.com/cbb/players/kendall-eddy-1.html,holy-cross,2024-25
16,47,16,2025-01-15,Holy Cross,,Bucknell,REG (Conf),W 63-37,*,29,1,5,.200,0,2,.000,1,3,.333,.200,0,0,,0,3,3,1,3,0,2,2,2,0.7,Kendall Eddy,https://www.sports-reference.com/cbb/players/kendall-eddy-1.html,holy-cross,2024-25
17,48,17,2025-01-18,Holy Cross,@,American,REG (Conf),W 76-44,*,28,4,14,.286,3,8,.375,1,6,.167,.393,0,0,,0,1,1,2,1,0,2,2,11,2.7,Kendall Eddy,https://www.sports-reference.com/cbb/players/kendall-eddy-1.html,holy-cross,2024-25
18,49,18,2025-01-22,Holy Cross,@,Army,REG (Conf),W 61-52,*,29,5,11,.455,2,5,.400,3,6,.500,.545,4,5,.800,0,3,3,1,0,0,2,3,16,8.3,Kendall Eddy,https://www.sports-reference.com/cbb/players/kendall-eddy-1.html,holy-cross,2024-25
19,50,19,2025-01-25,Holy Cross,,Loyola (MD),REG (Conf),W 53-27,*,28,5,11,.455,1,5,.200,4,6,.667,.500,0,0,,0,3,3,1,2,0,2,0,11,6.9,Kendall Eddy,https://www.sports-reference.com/cbb/players/kendall-eddy-1.html,holy-cross,2024-25
20,51,20,2025-01-27,Holy Cross,@,Boston University,REG (Conf),L 49-52,*,9,0,1,.000,0,0,,0,1,.000,.000,0,0,,0,0,0,1,0,0,1,1,0,-1.4,Kendall Eddy,https://www.sports-reference.com/cbb/players/kendall-eddy-1.html,holy-cross,2024-25
21,52,22,2025-02-08,Holy Cross,,Boston University,REG (Conf),W 60-47,,24,3,8,.375,0,3,.000,3,5,.600,.375,0,0,,0,4,4,3,1,0,3,1,6,2.5,Kendall Eddy,https://www.sports-reference.com/cbb/players/kendall-eddy-1.html,holy-cross,2024-25
22,53,23,2025-02-12,Holy Cross,@,Colgate,REG (Conf),L 51-73,,21,1,5,.200,1,2,.500,0,3,.000,.300,0,0,,0,1,1,2,2,0,1,2,3,1.8,Kendall Eddy,https://www.sports-reference.com/cbb/players/kendall-eddy-1.html,holy-cross,2024-25
23,54,24,2025-02-15,Holy Cross,,Lehigh,REG (Conf),L 59-69 (OT),,31,2,10,.200,2,6,.333,0,4,.000,.300,0,0,,0,0,0,2,3,0,5,2,6,-1.6,Kendall Eddy,https://www.sports-reference.com/cbb/players/kendall-eddy-1.html,holy-cross,2024-25
24,55,25,2025-02-19,Holy Cross,@,Lafayette,REG (Conf),W 83-42,,17,3,5,.600,2,4,.500,1,1,1.000,.800,0,0,,1,1,2,1,1,0,0,0,8,8.4,Kendall Eddy,https://www.sports-reference.com/cbb/players/kendall-eddy-1.html,holy-cross,2024-25
25,56,26,2025-02-22,Holy Cross,,Navy,REG (Conf),L 57-66,,27,4,12,.333,1,3,.333,3,9,.333,.375,0,0,,1,2,3,4,0,0,2,1,9,3.9,Kendall Eddy,https://www.sports-reference.com/cbb/players/kendall-eddy-1.html,holy-cross,2024-25
26,57,27,2025-02-26,Holy Cross,,Colgate,REG (Conf),W 59-55,,10,0,3,.000,0,1,.000,0,2,.000,.000,0,0,,0,1,1,0,0,0,0,3,0,-3.0,Kendall Eddy,https://www.sports-reference.com/cbb/players/kendall-eddy-1.html,holy-cross,2024-25
27,58,28,2025-03-01,Holy Cross,@,Bucknell,REG (Conf),W 67-60,,21,4,7,.571,1,4,.250,3,3,1.000,.643,0,0,,1,1,2,0,1,1,3,0,9,5.4,Kendall Eddy,https://www.sports-reference.com/cbb/players/kendall-eddy-1.html,holy-cross,2024-25
28,59,29,2025-03-05,Holy Cross,,Army,REG (Conf),L 46-64,,22,1,6,.167,1,5,.200,0,1,.000,.250,0,0,,1,0,1,3,2,0,2,1,3,1.6,Kendall Eddy,https://www.sports-reference.com/cbb/players/kendall-eddy-1.html,holy-cross,2024-25
29,60,30,2025-03-10,Holy Cross,@,Navy,CTOURN,W 66-52,,31,6,11,.545,3,5,.600,3,6,.500,.682,0,0,,1,1,2,1,1,0,2,1,15,10.0,Kendall Eddy,https://www.sports-reference.com/cbb/players/kendall-eddy-1.html,holy-cross,2024-25
30,61,31,2025-03-13,Holy Cross,@,Lehigh,CTOURN,L 44-65,,20,0,4,.000,0,2,.000,0,2,.000,.000,0,0,,0,0,0,1,1,1,5,1,0,-5.8,Kendall Eddy,https://www.sports-reference.com/cbb/players/kendall-eddy-1.html,holy-cross,2024-25
