ranker,player_game_num_career,team_game_num_season,date,team_name_abbr,game_location,opp_name_abbr,game_type,game_result,is_starter,mp,fg,fga,fg_pct,fg3,fg3a,fg3_pct,fg2,fg2a,fg2_pct,efg_pct,ft,fta,ft_pct,orb,drb,trb,ast,stl,blk,tov,pf,pts,game_score,player_name,player_sr_link,school,season
1,18,1,2021-11-09,Georgetown,@,Navy,REG (Non-Conf),W 73-62,*,28,5,11,.455,0,3,.000,5,8,.625,.455,2,4,.500,0,3,3,4,4,0,0,3,12,12.0,Kelsey Ransom,https://www.sports-reference.com/cbb/players/kelsey-ransom-1.html,georgetown,2021-22
2,19,2,2021-11-12,Georgetown,,Salem Int'l,REG (Non-Conf),W 86-48,*,28,4,8,.500,0,0,,4,8,.500,.500,0,4,.000,0,7,7,11,3,2,5,3,8,10.4,Kelsey Ransom,https://www.sports-reference.com/cbb/players/kelsey-ransom-1.html,georgetown,2021-22
3,20,3,2021-11-17,Georgetown,,Davidson,REG (Non-Conf),L 55-70,*,31,5,10,.500,1,3,.333,4,7,.571,.550,2,4,.500,4,5,9,7,2,1,4,3,13,13.9,Kelsey Ransom,https://www.sports-reference.com/cbb/players/kelsey-ransom-1.html,georgetown,2021-22
4,21,4,2021-11-21,Georgetown,,Columbia,REG (Non-Conf),L 56-66 (2OT),*,48,5,12,.417,0,1,.000,5,11,.455,.417,1,3,.333,0,3,3,6,5,0,7,4,11,5.3,Kelsey Ransom,https://www.sports-reference.com/cbb/players/kelsey-ransom-1.html,georgetown,2021-22
5,22,5,2021-11-24,Georgetown,,Loyola (MD),REG (Non-Conf),W 66-55,*,31,5,10,.500,1,2,.500,4,8,.500,.550,4,5,.800,0,5,5,5,2,0,1,4,15,14.0,Kelsey Ransom,https://www.sports-reference.com/cbb/players/kelsey-ransom-1.html,georgetown,2021-22
6,23,6,2021-11-30,Georgetown,,Temple,REG (Non-Conf),L 47-49,*,40,6,15,.400,0,0,,6,15,.400,.400,3,4,.750,1,3,4,1,2,0,6,2,15,4.0,Kelsey Ransom,https://www.sports-reference.com/cbb/players/kelsey-ransom-1.html,georgetown,2021-22
7,24,7,2021-12-03,Georgetown,@,Creighton,REG (Conf),L 38-64,*,14,1,5,.200,1,1,1.000,0,4,.000,.300,0,0,,0,0,0,0,1,0,5,4,3,-5.7,Kelsey Ransom,https://www.sports-reference.com/cbb/players/kelsey-ransom-1.html,georgetown,2021-22
8,25,8,2021-12-05,Georgetown,@,Providence,REG (Conf),W 55-47,*,39,5,15,.333,0,3,.000,5,12,.417,.333,11,15,.733,2,2,4,4,3,0,2,1,21,16.3,Kelsey Ransom,https://www.sports-reference.com/cbb/players/kelsey-ransom-1.html,georgetown,2021-22
9,26,9,2021-12-09,Georgetown,,George Washington,REG (Non-Conf),W 68-63,*,36,4,9,.444,0,0,,4,9,.444,.444,1,1,1.000,1,1,2,7,2,0,3,3,9,8.0,Kelsey Ransom,https://www.sports-reference.com/cbb/players/kelsey-ransom-1.html,georgetown,2021-22
10,27,10,2021-12-13,Georgetown,,Coppin State,REG (Non-Conf),W 59-53,*,33,5,11,.455,0,0,,5,11,.455,.455,3,3,1.000,1,5,6,6,3,0,2,5,13,12.7,Kelsey Ransom,https://www.sports-reference.com/cbb/players/kelsey-ransom-1.html,georgetown,2021-22
11,28,11,2022-01-14,Georgetown,@,Marquette,REG (Conf),L 32-68,*,29,2,9,.222,0,0,,2,9,.222,.222,0,0,,1,2,3,2,3,1,7,4,4,-3.7,Kelsey Ransom,https://www.sports-reference.com/cbb/players/kelsey-ransom-1.html,georgetown,2021-22
12,29,12,2022-01-16,Georgetown,@,DePaul,REG (Conf),L 69-102,*,23,5,10,.500,0,1,.000,5,9,.556,.500,3,5,.600,0,3,3,3,1,0,4,3,13,6.0,Kelsey Ransom,https://www.sports-reference.com/cbb/players/kelsey-ransom-1.html,georgetown,2021-22
13,30,13,2022-01-21,Georgetown,,Creighton,REG (Conf),L 70-80,*,38,6,12,.500,0,1,.000,6,11,.545,.500,6,9,.667,3,6,9,8,5,0,4,5,18,19.3,Kelsey Ransom,https://www.sports-reference.com/cbb/players/kelsey-ransom-1.html,georgetown,2021-22
14,31,14,2022-01-23,Georgetown,,Providence,REG (Conf),L 58-66 (OT),*,45,8,17,.471,1,2,.500,7,15,.467,.500,4,5,.800,2,7,9,3,2,0,13,1,21,6.1,Kelsey Ransom,https://www.sports-reference.com/cbb/players/kelsey-ransom-1.html,georgetown,2021-22
15,32,15,2022-01-25,Georgetown,,St. John's (NY),REG (Conf),L 52-80,*,31,3,10,.300,0,0,,3,10,.300,.300,3,3,1.000,2,4,6,0,3,0,5,2,9,3.0,Kelsey Ransom,https://www.sports-reference.com/cbb/players/kelsey-ransom-1.html,georgetown,2021-22
16,33,16,2022-01-28,Georgetown,,Xavier,REG (Conf),L 67-70 (OT),*,36,7,12,.583,0,0,,7,12,.583,.583,2,3,.667,1,5,6,4,3,0,5,4,16,11.4,Kelsey Ransom,https://www.sports-reference.com/cbb/players/kelsey-ransom-1.html,georgetown,2021-22
17,34,18,2022-02-02,Georgetown,@,Seton Hall,REG (Conf),L 62-91,*,23,3,7,.429,0,0,,3,7,.429,.429,2,2,1.000,1,2,3,4,3,0,4,1,8,7.0,Kelsey Ransom,https://www.sports-reference.com/cbb/players/kelsey-ransom-1.html,georgetown,2021-22
18,35,19,2022-02-06,Georgetown,@,Villanova,REG (Conf),L 57-76,*,38,4,9,.444,0,0,,4,9,.444,.444,2,2,1.000,0,5,5,4,2,0,6,3,10,4.4,Kelsey Ransom,https://www.sports-reference.com/cbb/players/kelsey-ransom-1.html,georgetown,2021-22
19,36,20,2022-02-09,Georgetown,,Seton Hall,REG (Conf),L 50-60,*,25,3,9,.333,0,0,,3,9,.333,.333,6,9,.667,2,4,6,3,2,0,4,4,12,6.8,Kelsey Ransom,https://www.sports-reference.com/cbb/players/kelsey-ransom-1.html,georgetown,2021-22
20,37,21,2022-02-11,Georgetown,@,St. John's (NY),REG (Conf),L 45-79,*,25,4,8,.500,0,0,,4,8,.500,.500,3,3,1.000,1,6,7,2,2,0,2,3,11,9.7,Kelsey Ransom,https://www.sports-reference.com/cbb/players/kelsey-ransom-1.html,georgetown,2021-22
21,38,22,2022-02-13,Georgetown,,DePaul,REG (Conf),L 104-105 (2OT),*,42,12,17,.706,0,0,,12,17,.706,.706,5,5,1.000,3,6,9,6,3,0,3,3,29,28.8,Kelsey Ransom,https://www.sports-reference.com/cbb/players/kelsey-ransom-1.html,georgetown,2021-22
22,39,23,2022-02-18,Georgetown,,Marquette,REG (Conf),L 57-64,,27,3,5,.600,0,1,.000,3,4,.750,.600,4,6,.667,0,2,2,4,0,1,5,3,10,4.8,Kelsey Ransom,https://www.sports-reference.com/cbb/players/kelsey-ransom-1.html,georgetown,2021-22
23,40,24,2022-02-20,Georgetown,@,Connecticut,REG (Conf),L 49-90,*,22,3,7,.429,0,1,.000,3,6,.500,.429,2,2,1.000,1,2,3,2,2,0,6,4,8,1.4,Kelsey Ransom,https://www.sports-reference.com/cbb/players/kelsey-ransom-1.html,georgetown,2021-22
24,41,25,2022-02-22,Georgetown,,Villanova,REG (Conf),L 61-73,*,31,1,8,.125,0,1,.000,1,7,.143,.125,3,9,.333,0,3,3,0,1,1,4,4,5,-5.6,Kelsey Ransom,https://www.sports-reference.com/cbb/players/kelsey-ransom-1.html,georgetown,2021-22
25,42,26,2022-02-25,Georgetown,@,Xavier,REG (Conf),W 54-40,*,24,1,4,.250,0,0,,1,4,.250,.250,2,2,1.000,2,4,6,3,3,0,2,4,4,5.7,Kelsey Ransom,https://www.sports-reference.com/cbb/players/kelsey-ransom-1.html,georgetown,2021-22
26,43,27,2022-02-27,Georgetown,@,Butler,REG (Conf),W 69-48,*,31,7,12,.583,1,3,.333,6,9,.667,.625,0,0,,1,0,1,5,3,0,3,1,15,13.2,Kelsey Ransom,https://www.sports-reference.com/cbb/players/kelsey-ransom-1.html,georgetown,2021-22
27,44,28,2022-03-04,Georgetown,@,Providence,CTOURN,W 68-55,*,28,4,10,.400,0,1,.000,4,9,.444,.400,2,6,.333,3,3,6,4,2,0,1,1,10,9.4,Kelsey Ransom,https://www.sports-reference.com/cbb/players/kelsey-ransom-1.html,georgetown,2021-22
