ranker,player_game_num_career,team_game_num_season,date,team_name_abbr,game_location,opp_name_abbr,game_type,game_result,is_starter,mp,fg,fga,fg_pct,fg3,fg3a,fg3_pct,fg2,fg2a,fg2_pct,efg_pct,ft,fta,ft_pct,orb,drb,trb,ast,stl,blk,tov,pf,pts,game_score,player_name,player_sr_link,school,season
1,40,1,2022-11-07,William & Mary,,Navy,REG (Non-Conf),W 79-64,,19,1,5,.200,0,2,.000,1,3,.333,.200,4,6,.667,3,1,4,1,1,0,0,2,6,5.4,Rebekah Frisby-Smith,https://www.sports-reference.com/cbb/players/rebekah-frisby-smith-1.html,william-mary,2022-23
2,41,2,2022-11-11,William & Mary,@,VCU,REG (Non-Conf),W 66-61 (OT),,26,1,4,.250,1,3,.333,0,1,.000,.375,1,2,.500,1,3,4,2,0,0,1,2,4,2.4,Rebekah Frisby-Smith,https://www.sports-reference.com/cbb/players/rebekah-frisby-smith-1.html,william-mary,2022-23
3,42,3,2022-11-15,William & Mary,@,Old Dominion,REG (Non-Conf),L 43-59,,23,0,2,.000,0,2,.000,0,0,,.000,2,4,.500,0,2,2,0,1,0,3,2,2,-2.4,Rebekah Frisby-Smith,https://www.sports-reference.com/cbb/players/rebekah-frisby-smith-1.html,william-mary,2022-23
4,43,4,2022-11-21,William & Mary,@,George Mason,REG (Non-Conf),L 61-71,,27,0,4,.000,0,3,.000,0,1,.000,.000,0,0,,1,4,5,2,1,1,1,3,0,0.0,Rebekah Frisby-Smith,https://www.sports-reference.com/cbb/players/rebekah-frisby-smith-1.html,william-mary,2022-23
5,44,5,2022-11-27,William & Mary,,Army,REG (Non-Conf),W 69-66,*,34,0,4,.000,0,4,.000,0,0,,.000,5,6,.833,4,4,8,1,1,0,2,1,5,5.1,Rebekah Frisby-Smith,https://www.sports-reference.com/cbb/players/rebekah-frisby-smith-1.html,william-mary,2022-23
6,45,6,2022-12-01,William & Mary,,Richmond,REG (Non-Conf),L 62-74,*,35,3,9,.333,2,6,.333,1,3,.333,.444,0,0,,2,6,8,2,0,0,2,4,8,3.9,Rebekah Frisby-Smith,https://www.sports-reference.com/cbb/players/rebekah-frisby-smith-1.html,william-mary,2022-23
7,46,7,2022-12-04,William & Mary,,Coppin State,REG (Non-Conf),W 84-81 (OT),*,27,3,5,.600,2,3,.667,1,2,.500,.800,0,0,,1,4,5,0,2,0,1,4,8,7.0,Rebekah Frisby-Smith,https://www.sports-reference.com/cbb/players/rebekah-frisby-smith-1.html,william-mary,2022-23
8,47,8,2022-12-07,William & Mary,,Virginia,REG (Non-Conf),L 54-83,*,23,2,7,.286,1,3,.333,1,4,.250,.357,0,0,,2,2,4,1,3,0,4,3,5,1.4,Rebekah Frisby-Smith,https://www.sports-reference.com/cbb/players/rebekah-frisby-smith-1.html,william-mary,2022-23
9,48,9,2022-12-11,William & Mary,,James Madison,REG (Non-Conf),L 60-75,*,32,2,6,.333,1,5,.200,1,1,1.000,.417,0,0,,2,4,6,1,1,0,1,1,5,4.5,Rebekah Frisby-Smith,https://www.sports-reference.com/cbb/players/rebekah-frisby-smith-1.html,william-mary,2022-23
10,49,10,2022-12-18,William & Mary,@,Longwood,REG (Non-Conf),W 67-57,*,32,1,6,.167,0,3,.000,1,3,.333,.167,0,0,,5,6,11,2,2,0,2,3,2,3.7,Rebekah Frisby-Smith,https://www.sports-reference.com/cbb/players/rebekah-frisby-smith-1.html,william-mary,2022-23
11,50,11,2022-12-21,William & Mary,@,Norfolk State,REG (Non-Conf),L 52-70,*,21,1,4,.250,0,2,.000,1,2,.500,.250,0,0,,1,3,4,1,0,0,3,0,2,-1.1,Rebekah Frisby-Smith,https://www.sports-reference.com/cbb/players/rebekah-frisby-smith-1.html,william-mary,2022-23
12,51,12,2022-12-30,William & Mary,@,Stony Brook,REG (Conf),L 61-89,,18,0,3,.000,0,2,.000,0,1,.000,.000,0,0,,1,0,1,2,0,0,0,5,0,-2.0,Rebekah Frisby-Smith,https://www.sports-reference.com/cbb/players/rebekah-frisby-smith-1.html,william-mary,2022-23
13,52,13,2023-01-01,William & Mary,@,Northeastern,REG (Conf),L 57-71,,15,3,7,.429,2,6,.333,1,1,1.000,.571,0,0,,0,1,1,0,1,0,2,1,8,3.2,Rebekah Frisby-Smith,https://www.sports-reference.com/cbb/players/rebekah-frisby-smith-1.html,william-mary,2022-23
14,53,14,2023-01-08,William & Mary,,College of Charleston,REG (Conf),W 81-67,*,22,4,5,.800,3,4,.750,1,1,1.000,1.100,0,0,,1,5,6,2,0,0,2,4,11,9.1,Rebekah Frisby-Smith,https://www.sports-reference.com/cbb/players/rebekah-frisby-smith-1.html,william-mary,2022-23
15,54,15,2023-01-13,William & Mary,@,Towson,REG (Conf),L 43-75,*,25,2,9,.222,2,6,.333,0,3,.000,.333,0,0,,3,1,4,2,2,0,1,1,6,4.9,Rebekah Frisby-Smith,https://www.sports-reference.com/cbb/players/rebekah-frisby-smith-1.html,william-mary,2022-23
16,55,16,2023-01-15,William & Mary,,Drexel,REG (Conf),W 74-58,*,24,2,8,.250,1,4,.250,1,4,.250,.313,4,4,1.000,2,4,6,4,3,0,2,4,9,9.0,Rebekah Frisby-Smith,https://www.sports-reference.com/cbb/players/rebekah-frisby-smith-1.html,william-mary,2022-23
17,56,17,2023-01-19,William & Mary,,Hampton,REG (Conf),W 69-54,*,35,4,12,.333,2,5,.400,2,7,.286,.417,2,2,1.000,2,7,9,3,3,0,2,3,12,10.6,Rebekah Frisby-Smith,https://www.sports-reference.com/cbb/players/rebekah-frisby-smith-1.html,william-mary,2022-23
18,57,18,2023-01-22,William & Mary,@,College of Charleston,REG (Conf),W 80-74 (OT),*,33,3,6,.500,3,6,.500,0,0,,.750,3,4,.750,1,8,9,4,2,0,2,3,12,13.3,Rebekah Frisby-Smith,https://www.sports-reference.com/cbb/players/rebekah-frisby-smith-1.html,william-mary,2022-23
19,58,19,2023-01-27,William & Mary,,UNC Wilmington,REG (Conf),W 62-48,*,27,3,7,.429,2,3,.667,1,4,.250,.571,2,2,1.000,2,3,5,5,3,0,1,1,10,13.7,Rebekah Frisby-Smith,https://www.sports-reference.com/cbb/players/rebekah-frisby-smith-1.html,william-mary,2022-23
20,59,20,2023-01-29,William & Mary,,Delaware,REG (Conf),L 72-74,*,30,2,3,.667,2,2,1.000,0,1,.000,1.000,1,2,.500,0,6,6,3,2,0,3,1,7,7.8,Rebekah Frisby-Smith,https://www.sports-reference.com/cbb/players/rebekah-frisby-smith-1.html,william-mary,2022-23
21,60,21,2023-02-03,William & Mary,@,Hampton,REG (Conf),W 77-67,*,25,3,5,.600,2,4,.500,1,1,1.000,.800,2,4,.500,1,3,4,1,1,0,1,3,10,8.0,Rebekah Frisby-Smith,https://www.sports-reference.com/cbb/players/rebekah-frisby-smith-1.html,william-mary,2022-23
22,61,22,2023-02-05,William & Mary,,Monmouth,REG (Conf),W 73-68,*,34,1,5,.200,0,3,.000,1,2,.500,.200,3,4,.750,3,5,8,1,3,1,0,2,5,8.7,Rebekah Frisby-Smith,https://www.sports-reference.com/cbb/players/rebekah-frisby-smith-1.html,william-mary,2022-23
23,62,23,2023-02-10,William & Mary,@,Elon,REG (Conf),W 84-74 (OT),*,42,7,13,.538,2,8,.250,5,5,1.000,.615,2,3,.667,1,6,7,2,1,0,1,2,18,14.4,Rebekah Frisby-Smith,https://www.sports-reference.com/cbb/players/rebekah-frisby-smith-1.html,william-mary,2022-23
24,63,24,2023-02-12,William & Mary,@,North Carolina A&T,REG (Conf),W 79-64,*,35,6,12,.500,5,11,.455,1,1,1.000,.708,0,0,,1,4,5,2,2,0,1,3,17,14.1,Rebekah Frisby-Smith,https://www.sports-reference.com/cbb/players/rebekah-frisby-smith-1.html,william-mary,2022-23
25,64,25,2023-02-17,William & Mary,,Towson,REG (Conf),L 59-66,*,39,1,5,.200,1,2,.500,0,3,.000,.300,2,2,1.000,0,5,5,2,2,1,3,2,5,3.7,Rebekah Frisby-Smith,https://www.sports-reference.com/cbb/players/rebekah-frisby-smith-1.html,william-mary,2022-23
26,65,26,2023-02-24,William & Mary,,Elon,REG (Conf),W 69-53,*,35,2,9,.222,2,7,.286,0,2,.000,.333,3,4,.750,0,7,7,4,2,0,1,1,9,8.6,Rebekah Frisby-Smith,https://www.sports-reference.com/cbb/players/rebekah-frisby-smith-1.html,william-mary,2022-23
27,66,27,2023-02-26,William & Mary,@,Drexel,REG (Conf),L 47-55,*,36,2,4,.500,0,2,.000,2,2,1.000,.500,0,0,,2,4,6,2,0,0,3,3,4,1.8,Rebekah Frisby-Smith,https://www.sports-reference.com/cbb/players/rebekah-frisby-smith-1.html,william-mary,2022-23
28,67,28,2023-03-02,William & Mary,@,Monmouth,REG (Conf),W 70-60,*,39,4,15,.267,3,9,.333,1,6,.167,.367,2,2,1.000,1,6,7,3,3,0,1,4,13,9.1,Rebekah Frisby-Smith,https://www.sports-reference.com/cbb/players/rebekah-frisby-smith-1.html,william-mary,2022-23
29,68,29,2023-03-04,William & Mary,,Hofstra,REG (Conf),W 69-50,*,26,1,5,.200,1,4,.250,0,1,.000,.300,2,2,1.000,2,3,5,2,1,0,1,3,5,4.4,Rebekah Frisby-Smith,https://www.sports-reference.com/cbb/players/rebekah-frisby-smith-1.html,william-mary,2022-23
30,69,30,2023-03-10,William & Mary,N,Hofstra,CTOURN,W 74-64,*,34,4,10,.400,2,6,.333,2,4,.500,.500,0,0,,1,3,4,1,0,1,0,3,10,6.4,Rebekah Frisby-Smith,https://www.sports-reference.com/cbb/players/rebekah-frisby-smith-1.html,william-mary,2022-23
31,70,31,2023-03-11,William & Mary,@,Towson,CTOURN,L 59-76,*,37,1,2,.500,1,1,1.000,0,1,.000,.750,0,0,,0,2,2,3,2,0,2,2,3,3.9,Rebekah Frisby-Smith,https://www.sports-reference.com/cbb/players/rebekah-frisby-smith-1.html,william-mary,2022-23
