ranker,player_game_num_career,team_game_num_season,date,team_name_abbr,game_location,opp_name_abbr,game_type,game_result,is_starter,mp,fg,fga,fg_pct,fg3,fg3a,fg3_pct,fg2,fg2a,fg2_pct,efg_pct,ft,fta,ft_pct,orb,drb,trb,ast,stl,blk,tov,pf,pts,game_score,player_name,player_sr_link,school,season
1,91,5,2018-11-23,Cal State Northridge,,Washington State,REG (Non-Conf),W 65-52,,9,0,1,.000,0,1,.000,0,0,,.000,0,0,,0,0,0,0,0,0,1,1,0,-2.1,Claudia Ramos,https://www.sports-reference.com/cbb/players/claudia-ramos-1.html,cal-state-northridge,2018-19
2,92,6,2018-11-24,Cal State Northridge,,Harvard,REG (Non-Conf),L 55-75,,19,3,9,.333,2,7,.286,1,2,.500,.444,0,0,,0,0,0,1,1,0,0,1,8,4.2,Claudia Ramos,https://www.sports-reference.com/cbb/players/claudia-ramos-1.html,cal-state-northridge,2018-19
3,93,7,2018-11-28,Cal State Northridge,,California Baptist,REG (Non-Conf),W 73-67,*,17,2,6,.333,1,3,.333,1,3,.333,.417,0,0,,0,3,3,0,0,0,0,0,5,2.5,Claudia Ramos,https://www.sports-reference.com/cbb/players/claudia-ramos-1.html,cal-state-northridge,2018-19
4,94,8,2018-11-30,Cal State Northridge,@,Santa Clara,REG (Non-Conf),W 53-38,*,12,1,3,.333,1,3,.333,0,0,,.500,0,0,,0,0,0,1,0,0,0,1,3,1.6,Claudia Ramos,https://www.sports-reference.com/cbb/players/claudia-ramos-1.html,cal-state-northridge,2018-19
5,95,9,2018-12-02,Cal State Northridge,@,California,REG (Non-Conf),L 42-67,*,19,1,5,.200,1,3,.333,0,2,.000,.300,0,0,,0,1,1,0,0,0,1,2,3,-1.6,Claudia Ramos,https://www.sports-reference.com/cbb/players/claudia-ramos-1.html,cal-state-northridge,2018-19
6,96,10,2018-12-07,Cal State Northridge,,Loyola Marymount,REG (Non-Conf),L 53-72,*,19,1,3,.333,1,2,.500,0,1,.000,.500,0,0,,0,1,1,3,0,1,2,4,3,0.8,Claudia Ramos,https://www.sports-reference.com/cbb/players/claudia-ramos-1.html,cal-state-northridge,2018-19
7,97,11,2018-12-09,Cal State Northridge,,San Diego State,REG (Non-Conf),W 77-74,,12,0,0,,0,0,,0,0,,,0,0,,0,4,4,2,0,1,0,2,0,2.5,Claudia Ramos,https://www.sports-reference.com/cbb/players/claudia-ramos-1.html,cal-state-northridge,2018-19
8,98,12,2018-12-16,Cal State Northridge,@,Southern California,REG (Non-Conf),L 42-58,,33,1,9,.111,1,7,.143,0,2,.000,.167,2,4,.500,0,3,3,2,0,2,1,2,5,0.2,Claudia Ramos,https://www.sports-reference.com/cbb/players/claudia-ramos-1.html,cal-state-northridge,2018-19
9,99,13,2018-12-19,Cal State Northridge,,San Jose State,REG (Non-Conf),W 76-40,,23,0,6,.000,0,5,.000,0,1,.000,.000,0,0,,1,6,7,0,0,1,0,1,0,-1.4,Claudia Ramos,https://www.sports-reference.com/cbb/players/claudia-ramos-1.html,cal-state-northridge,2018-19
10,100,14,2018-12-29,Cal State Northridge,@,Stanford,REG (Non-Conf),L 43-69,,18,2,8,.250,2,5,.400,0,3,.000,.375,0,0,,0,3,3,1,1,0,2,1,6,1.4,Claudia Ramos,https://www.sports-reference.com/cbb/players/claudia-ramos-1.html,cal-state-northridge,2018-19
11,101,15,2019-01-05,Cal State Northridge,,UC Santa Barbara,REG (Conf),W 73-65,,2,1,3,.333,0,2,.000,1,1,1.000,.333,0,0,,1,0,1,0,0,0,0,0,2,1.0,Claudia Ramos,https://www.sports-reference.com/cbb/players/claudia-ramos-1.html,cal-state-northridge,2018-19
12,102,17,2019-01-18,Cal State Northridge,@,Hawaii,REG (Conf),W 49-29,,6,0,3,.000,0,2,.000,0,1,.000,.000,0,0,,0,1,1,1,0,0,0,0,0,-1.1,Claudia Ramos,https://www.sports-reference.com/cbb/players/claudia-ramos-1.html,cal-state-northridge,2018-19
13,103,18,2019-01-19,Cal State Northridge,,UC Riverside,REG (Conf),W 69-56,,15,2,4,.500,1,2,.500,1,2,.500,.625,1,2,.500,0,2,2,1,0,0,0,1,6,4.5,Claudia Ramos,https://www.sports-reference.com/cbb/players/claudia-ramos-1.html,cal-state-northridge,2018-19
14,104,19,2019-01-24,Cal State Northridge,,UC Davis,REG (Conf),L 49-60,,22,3,6,.500,3,6,.500,0,0,,.750,0,0,,1,6,7,2,0,0,2,0,9,7.9,Claudia Ramos,https://www.sports-reference.com/cbb/players/claudia-ramos-1.html,cal-state-northridge,2018-19
15,105,20,2019-01-26,Cal State Northridge,@,Long Beach State,REG (Conf),W 51-37,,16,2,5,.400,2,4,.500,0,1,.000,.600,0,0,,0,1,1,0,2,0,1,0,6,4.6,Claudia Ramos,https://www.sports-reference.com/cbb/players/claudia-ramos-1.html,cal-state-northridge,2018-19
16,106,21,2019-01-31,Cal State Northridge,,Cal State Fullerton,REG (Conf),W 74-44,,16,1,5,.200,0,3,.000,1,2,.500,.200,0,0,,0,2,2,3,0,2,1,1,2,1.6,Claudia Ramos,https://www.sports-reference.com/cbb/players/claudia-ramos-1.html,cal-state-northridge,2018-19
17,107,22,2019-02-02,Cal State Northridge,@,UC Davis,REG (Conf),L 54-70,,20,1,3,.333,0,1,.000,1,2,.500,.333,2,2,1.000,0,2,2,0,0,0,3,2,4,-0.9,Claudia Ramos,https://www.sports-reference.com/cbb/players/claudia-ramos-1.html,cal-state-northridge,2018-19
18,108,23,2019-02-09,Cal State Northridge,@,UC Santa Barbara,REG (Conf),L 60-61,,14,1,3,.333,1,2,.500,0,1,.000,.500,0,0,,1,1,2,1,0,0,1,2,3,1.2,Claudia Ramos,https://www.sports-reference.com/cbb/players/claudia-ramos-1.html,cal-state-northridge,2018-19
19,109,24,2019-02-14,Cal State Northridge,,Cal Poly,REG (Conf),W 68-52,*,18,2,7,.286,1,4,.250,1,3,.333,.357,0,0,,1,3,4,1,1,0,2,2,5,1.4,Claudia Ramos,https://www.sports-reference.com/cbb/players/claudia-ramos-1.html,cal-state-northridge,2018-19
20,110,25,2019-02-16,Cal State Northridge,@,Cal State Fullerton,REG (Conf),W 73-64,*,11,1,3,.333,1,2,.500,0,1,.000,.500,2,2,1.000,1,1,2,1,2,1,2,0,5,5.7,Claudia Ramos,https://www.sports-reference.com/cbb/players/claudia-ramos-1.html,cal-state-northridge,2018-19
21,111,26,2019-02-21,Cal State Northridge,,Long Beach State,REG (Conf),W 60-45,*,24,1,5,.200,0,3,.000,1,2,.500,.200,0,0,,0,4,4,2,0,0,1,1,2,0.1,Claudia Ramos,https://www.sports-reference.com/cbb/players/claudia-ramos-1.html,cal-state-northridge,2018-19
22,112,27,2019-02-28,Cal State Northridge,@,UC Riverside,REG (Conf),L 51-63,*,10,0,4,.000,0,4,.000,0,0,,.000,0,0,,0,1,1,1,0,0,0,0,0,-1.8,Claudia Ramos,https://www.sports-reference.com/cbb/players/claudia-ramos-1.html,cal-state-northridge,2018-19
23,113,28,2019-03-02,Cal State Northridge,@,Cal Poly,REG (Conf),W 61-49,*,13,2,3,.667,1,2,.500,1,1,1.000,.833,0,0,,0,2,2,2,0,0,1,1,5,4.3,Claudia Ramos,https://www.sports-reference.com/cbb/players/claudia-ramos-1.html,cal-state-northridge,2018-19
24,114,29,2019-03-06,Cal State Northridge,,UC Irvine,REG (Conf),W 68-58,*,4,1,2,.500,1,2,.500,0,0,,.750,0,0,,0,1,1,0,0,0,1,0,3,1.3,Claudia Ramos,https://www.sports-reference.com/cbb/players/claudia-ramos-1.html,cal-state-northridge,2018-19
25,115,30,2019-03-09,Cal State Northridge,,Hawaii,REG (Conf),L 68-69,*,22,1,2,.500,0,1,.000,1,1,1.000,.500,0,0,,0,3,3,2,0,0,0,0,2,3.3,Claudia Ramos,https://www.sports-reference.com/cbb/players/claudia-ramos-1.html,cal-state-northridge,2018-19
26,116,31,2019-03-13,Cal State Northridge,,UC Irvine,CTOURN,L 57-59,*,18,1,3,.333,0,1,.000,1,2,.500,.333,0,0,,3,2,5,2,2,0,1,0,2,5.4,Claudia Ramos,https://www.sports-reference.com/cbb/players/claudia-ramos-1.html,cal-state-northridge,2018-19
