ranker,player_game_num_career,team_game_num_season,date,team_name_abbr,game_location,opp_name_abbr,game_type,game_result,is_starter,mp,fg,fga,fg_pct,fg3,fg3a,fg3_pct,fg2,fg2a,fg2_pct,efg_pct,ft,fta,ft_pct,orb,drb,trb,ast,stl,blk,tov,pf,pts,game_score,player_name,player_sr_link,school,season
1,15,1,2018-11-06,Cal State Northridge,@,Idaho,REG (Non-Conf),L 73-88,*,32,0,3,.000,0,3,.000,0,0,,.000,0,0,,0,0,0,1,2,0,0,2,0,-0.2,Destiny Brooks,https://www.sports-reference.com/cbb/players/destiny-brooks-1.html,cal-state-northridge,2018-19
2,16,2,2018-11-08,Cal State Northridge,@,Boise State,REG (Non-Conf),L 63-74,,34,2,8,.250,2,7,.286,0,1,.000,.375,0,0,,1,0,1,3,2,0,2,1,6,3.6,Destiny Brooks,https://www.sports-reference.com/cbb/players/destiny-brooks-1.html,cal-state-northridge,2018-19
3,17,3,2018-11-16,Cal State Northridge,@,Omaha,REG (Non-Conf),W 64-52,,17,1,5,.200,1,1,1.000,0,4,.000,.300,0,2,.000,0,2,2,1,1,1,1,1,3,0.7,Destiny Brooks,https://www.sports-reference.com/cbb/players/destiny-brooks-1.html,cal-state-northridge,2018-19
4,18,4,2018-11-18,Cal State Northridge,@,Drake,REG (Non-Conf),L 63-73,,29,5,10,.500,5,10,.500,0,0,,.750,0,0,,0,2,2,0,1,0,1,2,15,9.8,Destiny Brooks,https://www.sports-reference.com/cbb/players/destiny-brooks-1.html,cal-state-northridge,2018-19
5,19,5,2018-11-23,Cal State Northridge,,Washington State,REG (Non-Conf),W 65-52,,11,1,4,.250,0,1,.000,1,3,.333,.250,0,0,,0,2,2,1,1,0,1,3,2,-0.3,Destiny Brooks,https://www.sports-reference.com/cbb/players/destiny-brooks-1.html,cal-state-northridge,2018-19
6,20,6,2018-11-24,Cal State Northridge,,Harvard,REG (Non-Conf),L 55-75,,27,0,8,.000,0,8,.000,0,0,,.000,0,0,,0,2,2,1,1,0,0,0,0,-3.3,Destiny Brooks,https://www.sports-reference.com/cbb/players/destiny-brooks-1.html,cal-state-northridge,2018-19
7,21,7,2018-11-28,Cal State Northridge,,California Baptist,REG (Non-Conf),W 73-67,,4,0,1,.000,0,1,.000,0,0,,.000,0,0,,0,2,2,1,0,0,1,0,0,-0.4,Destiny Brooks,https://www.sports-reference.com/cbb/players/destiny-brooks-1.html,cal-state-northridge,2018-19
8,22,8,2018-11-30,Cal State Northridge,@,Santa Clara,REG (Non-Conf),W 53-38,,27,1,7,.143,1,3,.333,0,4,.000,.214,0,2,.000,1,2,3,2,1,0,2,1,3,-1.0,Destiny Brooks,https://www.sports-reference.com/cbb/players/destiny-brooks-1.html,cal-state-northridge,2018-19
9,23,9,2018-12-02,Cal State Northridge,@,California,REG (Non-Conf),L 42-67,,20,0,5,.000,0,5,.000,0,0,,.000,0,0,,0,0,0,0,0,0,1,1,0,-4.9,Destiny Brooks,https://www.sports-reference.com/cbb/players/destiny-brooks-1.html,cal-state-northridge,2018-19
10,24,10,2018-12-07,Cal State Northridge,,Loyola Marymount,REG (Non-Conf),L 53-72,,16,0,1,.000,0,1,.000,0,0,,.000,0,0,,0,1,1,2,0,0,0,0,0,1.0,Destiny Brooks,https://www.sports-reference.com/cbb/players/destiny-brooks-1.html,cal-state-northridge,2018-19
11,25,11,2018-12-09,Cal State Northridge,,San Diego State,REG (Non-Conf),W 77-74,,19,2,5,.400,1,3,.333,1,2,.500,.500,2,2,1.000,0,2,2,3,1,0,1,2,7,6.2,Destiny Brooks,https://www.sports-reference.com/cbb/players/destiny-brooks-1.html,cal-state-northridge,2018-19
12,26,12,2018-12-16,Cal State Northridge,@,Southern California,REG (Non-Conf),L 42-58,,2,0,0,,0,0,,0,0,,,0,0,,0,0,0,0,0,0,1,0,0,-1.0,Destiny Brooks,https://www.sports-reference.com/cbb/players/destiny-brooks-1.html,cal-state-northridge,2018-19
13,27,13,2018-12-19,Cal State Northridge,,San Jose State,REG (Non-Conf),W 76-40,,7,1,5,.200,1,5,.200,0,0,,.300,0,0,,0,0,0,0,0,0,1,1,3,-1.5,Destiny Brooks,https://www.sports-reference.com/cbb/players/destiny-brooks-1.html,cal-state-northridge,2018-19
14,28,14,2018-12-29,Cal State Northridge,@,Stanford,REG (Non-Conf),L 43-69,,3,2,3,.667,1,2,.500,1,1,1.000,.833,0,0,,0,0,0,0,0,0,0,0,5,3.7,Destiny Brooks,https://www.sports-reference.com/cbb/players/destiny-brooks-1.html,cal-state-northridge,2018-19
15,29,15,2019-01-05,Cal State Northridge,,UC Santa Barbara,REG (Conf),W 73-65,,26,5,10,.500,4,8,.500,1,2,.500,.700,0,0,,0,1,1,2,2,0,3,3,14,8.5,Destiny Brooks,https://www.sports-reference.com/cbb/players/destiny-brooks-1.html,cal-state-northridge,2018-19
16,30,16,2019-01-12,Cal State Northridge,@,UC Irvine,REG (Conf),L 61-65,,17,0,4,.000,0,4,.000,0,0,,.000,0,0,,0,2,2,1,1,0,2,1,0,-2.9,Destiny Brooks,https://www.sports-reference.com/cbb/players/destiny-brooks-1.html,cal-state-northridge,2018-19
17,31,17,2019-01-18,Cal State Northridge,@,Hawaii,REG (Conf),W 49-29,,26,3,8,.375,2,5,.400,1,3,.333,.500,0,0,,0,0,0,0,0,0,0,0,8,3.6,Destiny Brooks,https://www.sports-reference.com/cbb/players/destiny-brooks-1.html,cal-state-northridge,2018-19
18,32,18,2019-01-19,Cal State Northridge,,UC Riverside,REG (Conf),W 69-56,,17,1,4,.250,1,4,.250,0,0,,.375,0,0,,0,3,3,1,0,0,0,2,3,1.4,Destiny Brooks,https://www.sports-reference.com/cbb/players/destiny-brooks-1.html,cal-state-northridge,2018-19
19,33,19,2019-01-24,Cal State Northridge,,UC Davis,REG (Conf),L 49-60,,9,1,4,.250,0,2,.000,1,2,.500,.250,0,0,,0,0,0,1,0,0,2,1,2,-2.1,Destiny Brooks,https://www.sports-reference.com/cbb/players/destiny-brooks-1.html,cal-state-northridge,2018-19
20,34,20,2019-01-26,Cal State Northridge,@,Long Beach State,REG (Conf),W 51-37,,29,3,11,.273,1,6,.167,2,5,.400,.318,0,0,,0,2,2,2,5,0,2,2,7,4.7,Destiny Brooks,https://www.sports-reference.com/cbb/players/destiny-brooks-1.html,cal-state-northridge,2018-19
21,35,21,2019-01-31,Cal State Northridge,,Cal State Fullerton,REG (Conf),W 74-44,,23,2,8,.250,2,7,.286,0,1,.000,.375,0,0,,0,3,3,3,0,0,1,2,6,2.4,Destiny Brooks,https://www.sports-reference.com/cbb/players/destiny-brooks-1.html,cal-state-northridge,2018-19
22,36,22,2019-02-02,Cal State Northridge,@,UC Davis,REG (Conf),L 54-70,,24,1,5,.200,1,4,.250,0,1,.000,.300,1,2,.500,0,1,1,0,1,0,1,1,4,0.4,Destiny Brooks,https://www.sports-reference.com/cbb/players/destiny-brooks-1.html,cal-state-northridge,2018-19
23,37,23,2019-02-09,Cal State Northridge,@,UC Santa Barbara,REG (Conf),L 60-61,,5,0,1,.000,0,1,.000,0,0,,.000,0,0,,0,0,0,0,0,0,0,1,0,-1.1,Destiny Brooks,https://www.sports-reference.com/cbb/players/destiny-brooks-1.html,cal-state-northridge,2018-19
24,38,24,2019-02-14,Cal State Northridge,,Cal Poly,REG (Conf),W 68-52,,11,0,2,.000,0,1,.000,0,1,.000,.000,0,0,,0,0,0,1,0,0,0,2,0,-1.5,Destiny Brooks,https://www.sports-reference.com/cbb/players/destiny-brooks-1.html,cal-state-northridge,2018-19
25,39,27,2019-02-28,Cal State Northridge,@,UC Riverside,REG (Conf),L 51-63,,3,0,0,,0,0,,0,0,,,0,0,,0,0,0,0,0,0,0,0,0,0.0,Destiny Brooks,https://www.sports-reference.com/cbb/players/destiny-brooks-1.html,cal-state-northridge,2018-19
26,40,28,2019-03-02,Cal State Northridge,@,Cal Poly,REG (Conf),W 61-49,,26,5,5,1.000,4,4,1.000,1,1,1.000,1.400,0,0,,0,3,3,0,1,0,2,3,14,11.2,Destiny Brooks,https://www.sports-reference.com/cbb/players/destiny-brooks-1.html,cal-state-northridge,2018-19
27,41,29,2019-03-06,Cal State Northridge,,UC Irvine,REG (Conf),W 68-58,,22,2,9,.222,2,6,.333,0,3,.000,.333,0,0,,0,0,0,4,0,0,2,2,6,0.5,Destiny Brooks,https://www.sports-reference.com/cbb/players/destiny-brooks-1.html,cal-state-northridge,2018-19
28,42,30,2019-03-09,Cal State Northridge,,Hawaii,REG (Conf),L 68-69,,12,0,2,.000,0,0,,0,2,.000,.000,0,0,,0,0,0,1,3,0,1,0,0,1.3,Destiny Brooks,https://www.sports-reference.com/cbb/players/destiny-brooks-1.html,cal-state-northridge,2018-19
29,43,31,2019-03-13,Cal State Northridge,,UC Irvine,CTOURN,L 57-59,,24,3,6,.500,2,5,.400,1,1,1.000,.667,0,0,,0,3,3,1,1,0,2,1,8,5.2,Destiny Brooks,https://www.sports-reference.com/cbb/players/destiny-brooks-1.html,cal-state-northridge,2018-19
