ranker,player_game_num_career,team_game_num_season,date,team_name_abbr,game_location,opp_name_abbr,game_type,game_result,is_starter,mp,fg,fga,fg_pct,fg3,fg3a,fg2,fg2a,fg2_pct,efg_pct,ft,fta,ft_pct,orb,drb,trb,ast,stl,blk,tov,pf,pts,game_score,player_name,player_sr_link,school,season
1,55,4,2018-11-18,Cal State Northridge,@,Drake,REG (Non-Conf),L 63-73,,17,2,7,.286,0,0,2,7,.286,.286,3,4,.750,2,3,5,0,2,0,2,1,7,4.4,Eliza Matthews,https://www.sports-reference.com/cbb/players/eliza-matthews-1.html,cal-state-northridge,2018-19
2,56,5,2018-11-23,Cal State Northridge,,Washington State,REG (Non-Conf),W 65-52,*,15,2,5,.400,0,0,2,5,.400,.400,0,0,,3,1,4,0,0,0,1,1,4,2.3,Eliza Matthews,https://www.sports-reference.com/cbb/players/eliza-matthews-1.html,cal-state-northridge,2018-19
3,57,6,2018-11-24,Cal State Northridge,,Harvard,REG (Non-Conf),L 55-75,*,15,1,2,.500,0,0,1,2,.500,.500,2,2,1.000,4,2,6,0,2,0,1,3,4,6.2,Eliza Matthews,https://www.sports-reference.com/cbb/players/eliza-matthews-1.html,cal-state-northridge,2018-19
4,58,7,2018-11-28,Cal State Northridge,,California Baptist,REG (Non-Conf),W 73-67,*,12,1,4,.250,0,0,1,4,.250,.250,0,0,,0,2,2,0,0,0,2,2,2,-2.6,Eliza Matthews,https://www.sports-reference.com/cbb/players/eliza-matthews-1.html,cal-state-northridge,2018-19
5,59,8,2018-11-30,Cal State Northridge,@,Santa Clara,REG (Non-Conf),W 53-38,,1,0,0,,0,0,0,0,,,0,0,,0,0,0,0,0,0,0,2,0,-0.8,Eliza Matthews,https://www.sports-reference.com/cbb/players/eliza-matthews-1.html,cal-state-northridge,2018-19
6,60,11,2018-12-09,Cal State Northridge,,San Diego State,REG (Non-Conf),W 77-74,,11,0,2,.000,0,0,0,2,.000,.000,0,0,,2,5,7,0,0,0,1,2,0,-0.3,Eliza Matthews,https://www.sports-reference.com/cbb/players/eliza-matthews-1.html,cal-state-northridge,2018-19
7,61,12,2018-12-16,Cal State Northridge,@,Southern California,REG (Non-Conf),L 42-58,*,24,2,5,.400,0,0,2,5,.400,.400,2,4,.500,1,3,4,0,0,1,0,3,6,3.6,Eliza Matthews,https://www.sports-reference.com/cbb/players/eliza-matthews-1.html,cal-state-northridge,2018-19
8,62,13,2018-12-19,Cal State Northridge,,San Jose State,REG (Non-Conf),W 76-40,*,18,2,6,.333,0,0,2,6,.333,.333,2,4,.500,5,6,11,2,2,1,1,0,6,10.2,Eliza Matthews,https://www.sports-reference.com/cbb/players/eliza-matthews-1.html,cal-state-northridge,2018-19
9,63,14,2018-12-29,Cal State Northridge,@,Stanford,REG (Non-Conf),L 43-69,*,11,1,3,.333,0,0,1,3,.333,.333,1,3,.333,2,1,3,1,0,0,2,1,3,0.5,Eliza Matthews,https://www.sports-reference.com/cbb/players/eliza-matthews-1.html,cal-state-northridge,2018-19
10,64,15,2019-01-05,Cal State Northridge,,UC Santa Barbara,REG (Conf),W 73-65,*,23,1,3,.333,0,0,1,3,.333,.333,0,0,,4,1,5,2,0,0,2,2,2,2.0,Eliza Matthews,https://www.sports-reference.com/cbb/players/eliza-matthews-1.html,cal-state-northridge,2018-19
11,65,16,2019-01-12,Cal State Northridge,@,UC Irvine,REG (Conf),L 61-65,*,18,2,2,1.000,0,0,2,2,1.000,1.000,2,2,1.000,2,3,5,1,1,0,2,1,6,7.0,Eliza Matthews,https://www.sports-reference.com/cbb/players/eliza-matthews-1.html,cal-state-northridge,2018-19
12,66,18,2019-01-19,Cal State Northridge,,UC Riverside,REG (Conf),W 69-56,,14,1,2,.500,0,0,1,2,.500,.500,2,6,.333,2,3,5,1,0,0,1,1,4,3.0,Eliza Matthews,https://www.sports-reference.com/cbb/players/eliza-matthews-1.html,cal-state-northridge,2018-19
13,67,19,2019-01-24,Cal State Northridge,,UC Davis,REG (Conf),L 49-60,*,17,1,2,.500,0,0,1,2,.500,.500,3,4,.750,1,3,4,1,0,0,2,1,5,3.5,Eliza Matthews,https://www.sports-reference.com/cbb/players/eliza-matthews-1.html,cal-state-northridge,2018-19
14,68,20,2019-01-26,Cal State Northridge,@,Long Beach State,REG (Conf),W 51-37,*,12,0,0,,0,0,0,0,,,0,0,,1,4,5,0,0,0,1,0,0,0.9,Eliza Matthews,https://www.sports-reference.com/cbb/players/eliza-matthews-1.html,cal-state-northridge,2018-19
15,69,21,2019-01-31,Cal State Northridge,,Cal State Fullerton,REG (Conf),W 74-44,*,15,6,6,1.000,0,0,6,6,1.000,1.000,0,0,,1,3,4,1,1,1,1,1,12,12.8,Eliza Matthews,https://www.sports-reference.com/cbb/players/eliza-matthews-1.html,cal-state-northridge,2018-19
16,70,22,2019-02-02,Cal State Northridge,@,UC Davis,REG (Conf),L 54-70,*,16,3,4,.750,0,0,3,4,.750,.750,1,1,1.000,2,4,6,1,2,0,1,1,7,9.3,Eliza Matthews,https://www.sports-reference.com/cbb/players/eliza-matthews-1.html,cal-state-northridge,2018-19
17,71,23,2019-02-09,Cal State Northridge,@,UC Santa Barbara,REG (Conf),L 60-61,*,23,1,4,.250,0,0,1,4,.250,.250,0,2,.000,1,4,5,2,0,1,1,3,2,0.6,Eliza Matthews,https://www.sports-reference.com/cbb/players/eliza-matthews-1.html,cal-state-northridge,2018-19
18,72,24,2019-02-14,Cal State Northridge,,Cal Poly,REG (Conf),W 68-52,*,15,1,2,.500,0,0,1,2,.500,.500,0,0,,1,3,4,0,0,0,2,3,2,-0.6,Eliza Matthews,https://www.sports-reference.com/cbb/players/eliza-matthews-1.html,cal-state-northridge,2018-19
19,73,25,2019-02-16,Cal State Northridge,@,Cal State Fullerton,REG (Conf),W 73-64,*,24,2,4,.500,0,0,2,4,.500,.500,3,4,.750,4,8,12,1,1,0,2,3,7,8.3,Eliza Matthews,https://www.sports-reference.com/cbb/players/eliza-matthews-1.html,cal-state-northridge,2018-19
20,74,26,2019-02-21,Cal State Northridge,,Long Beach State,REG (Conf),W 60-45,*,23,3,7,.429,0,0,3,7,.429,.429,2,4,.500,2,6,8,0,1,0,1,1,8,6.3,Eliza Matthews,https://www.sports-reference.com/cbb/players/eliza-matthews-1.html,cal-state-northridge,2018-19
21,75,27,2019-02-28,Cal State Northridge,@,UC Riverside,REG (Conf),L 51-63,*,25,1,3,.333,0,0,1,3,.333,.333,6,8,.750,3,4,7,1,0,0,3,1,8,6.1,Eliza Matthews,https://www.sports-reference.com/cbb/players/eliza-matthews-1.html,cal-state-northridge,2018-19
22,76,28,2019-03-02,Cal State Northridge,@,Cal Poly,REG (Conf),W 61-49,*,11,2,3,.667,0,0,2,3,.667,.667,0,0,,1,4,5,1,0,1,1,4,4,3.4,Eliza Matthews,https://www.sports-reference.com/cbb/players/eliza-matthews-1.html,cal-state-northridge,2018-19
23,77,29,2019-03-06,Cal State Northridge,,UC Irvine,REG (Conf),W 68-58,*,25,3,6,.500,0,0,3,6,.500,.500,4,4,1.000,3,4,7,1,0,0,1,0,10,10.0,Eliza Matthews,https://www.sports-reference.com/cbb/players/eliza-matthews-1.html,cal-state-northridge,2018-19
24,78,30,2019-03-09,Cal State Northridge,,Hawaii,REG (Conf),L 68-69,*,23,2,7,.286,0,0,2,7,.286,.286,2,2,1.000,5,2,7,3,0,1,0,2,6,8.0,Eliza Matthews,https://www.sports-reference.com/cbb/players/eliza-matthews-1.html,cal-state-northridge,2018-19
25,79,31,2019-03-13,Cal State Northridge,,UC Irvine,CTOURN,L 57-59,*,31,4,6,.667,0,0,4,6,.667,.667,1,2,.500,2,6,8,1,0,0,0,2,9,9.1,Eliza Matthews,https://www.sports-reference.com/cbb/players/eliza-matthews-1.html,cal-state-northridge,2018-19
