ranker,player_game_num_career,team_game_num_season,date,team_name_abbr,game_location,opp_name_abbr,game_type,game_result,is_starter,mp,fg,fga,fg_pct,fg3,fg3a,fg3_pct,fg2,fg2a,fg2_pct,efg_pct,ft,fta,ft_pct,orb,drb,trb,ast,stl,blk,tov,pf,pts,game_score,player_name,player_sr_link,school,season
1,62,1,2018-11-06,Cal State Northridge,@,Idaho,REG (Non-Conf),L 73-88,*,22,2,7,.286,0,2,.000,2,5,.400,.286,0,0,,0,2,2,1,0,0,2,4,4,-2.4,Hayley Tanabe,https://www.sports-reference.com/cbb/players/hayley-tanabe-1.html,cal-state-northridge,2018-19
2,63,2,2018-11-08,Cal State Northridge,@,Boise State,REG (Non-Conf),L 63-74,*,15,1,4,.250,0,1,.000,1,3,.333,.250,1,2,.500,0,1,1,0,0,0,3,1,3,-2.9,Hayley Tanabe,https://www.sports-reference.com/cbb/players/hayley-tanabe-1.html,cal-state-northridge,2018-19
3,64,3,2018-11-16,Cal State Northridge,@,Omaha,REG (Non-Conf),W 64-52,*,38,5,8,.625,4,6,.667,1,2,.500,.875,0,0,,0,3,3,4,1,0,0,1,14,14.7,Hayley Tanabe,https://www.sports-reference.com/cbb/players/hayley-tanabe-1.html,cal-state-northridge,2018-19
4,65,4,2018-11-18,Cal State Northridge,@,Drake,REG (Non-Conf),L 63-73,*,38,3,7,.429,2,4,.500,1,3,.333,.571,1,2,.500,1,4,5,3,1,0,0,3,9,8.7,Hayley Tanabe,https://www.sports-reference.com/cbb/players/hayley-tanabe-1.html,cal-state-northridge,2018-19
5,66,5,2018-11-23,Cal State Northridge,,Washington State,REG (Non-Conf),W 65-52,*,30,2,6,.333,1,1,1.000,1,5,.200,.417,2,4,.500,0,5,5,4,1,0,1,1,7,6.7,Hayley Tanabe,https://www.sports-reference.com/cbb/players/hayley-tanabe-1.html,cal-state-northridge,2018-19
6,67,6,2018-11-24,Cal State Northridge,,Harvard,REG (Non-Conf),L 55-75,*,32,0,7,.000,0,2,.000,0,5,.000,.000,4,4,1.000,1,1,2,5,0,0,0,1,4,3.2,Hayley Tanabe,https://www.sports-reference.com/cbb/players/hayley-tanabe-1.html,cal-state-northridge,2018-19
7,68,7,2018-11-28,Cal State Northridge,,California Baptist,REG (Non-Conf),W 73-67,*,14,0,1,.000,0,0,,0,1,.000,.000,0,0,,0,1,1,2,0,0,2,2,0,-1.8,Hayley Tanabe,https://www.sports-reference.com/cbb/players/hayley-tanabe-1.html,cal-state-northridge,2018-19
8,69,17,2019-01-18,Cal State Northridge,@,Hawaii,REG (Conf),W 49-29,,18,0,0,,0,0,,0,0,,,0,0,,0,0,0,3,0,0,1,0,0,1.1,Hayley Tanabe,https://www.sports-reference.com/cbb/players/hayley-tanabe-1.html,cal-state-northridge,2018-19
9,70,18,2019-01-19,Cal State Northridge,,UC Riverside,REG (Conf),W 69-56,,19,2,3,.667,0,1,.000,2,2,1.000,.667,4,6,.667,0,1,1,4,0,0,4,1,8,4.6,Hayley Tanabe,https://www.sports-reference.com/cbb/players/hayley-tanabe-1.html,cal-state-northridge,2018-19
10,71,19,2019-01-24,Cal State Northridge,,UC Davis,REG (Conf),L 49-60,,14,1,4,.250,0,1,.000,1,3,.333,.250,0,0,,0,1,1,1,0,0,0,0,2,0.6,Hayley Tanabe,https://www.sports-reference.com/cbb/players/hayley-tanabe-1.html,cal-state-northridge,2018-19
11,72,20,2019-01-26,Cal State Northridge,@,Long Beach State,REG (Conf),W 51-37,*,26,0,2,.000,0,1,.000,0,1,.000,.000,5,6,.833,0,1,1,1,1,0,2,1,5,2.8,Hayley Tanabe,https://www.sports-reference.com/cbb/players/hayley-tanabe-1.html,cal-state-northridge,2018-19
12,73,21,2019-01-31,Cal State Northridge,,Cal State Fullerton,REG (Conf),W 74-44,*,27,1,3,.333,0,0,,1,3,.333,.333,0,0,,1,1,2,2,2,0,0,1,2,4.3,Hayley Tanabe,https://www.sports-reference.com/cbb/players/hayley-tanabe-1.html,cal-state-northridge,2018-19
13,74,22,2019-02-02,Cal State Northridge,@,UC Davis,REG (Conf),L 54-70,*,22,0,1,.000,0,1,.000,0,0,,.000,0,0,,0,0,0,1,0,0,0,1,0,-0.4,Hayley Tanabe,https://www.sports-reference.com/cbb/players/hayley-tanabe-1.html,cal-state-northridge,2018-19
14,75,23,2019-02-09,Cal State Northridge,@,UC Santa Barbara,REG (Conf),L 60-61,,10,0,0,,0,0,,0,0,,,0,0,,1,0,1,0,0,0,0,2,0,-0.1,Hayley Tanabe,https://www.sports-reference.com/cbb/players/hayley-tanabe-1.html,cal-state-northridge,2018-19
15,76,24,2019-02-14,Cal State Northridge,,Cal Poly,REG (Conf),W 68-52,,32,0,3,.000,0,3,.000,0,0,,.000,3,4,.750,0,2,2,5,0,0,1,3,3,2.4,Hayley Tanabe,https://www.sports-reference.com/cbb/players/hayley-tanabe-1.html,cal-state-northridge,2018-19
16,77,25,2019-02-16,Cal State Northridge,@,Cal State Fullerton,REG (Conf),W 73-64,,29,2,3,.667,0,1,.000,2,2,1.000,.667,2,4,.500,0,7,7,4,0,0,0,3,6,7.6,Hayley Tanabe,https://www.sports-reference.com/cbb/players/hayley-tanabe-1.html,cal-state-northridge,2018-19
17,78,26,2019-02-21,Cal State Northridge,,Long Beach State,REG (Conf),W 60-45,*,31,1,2,.500,0,1,.000,1,1,1.000,.500,3,4,.750,0,2,2,4,2,0,0,1,5,8.6,Hayley Tanabe,https://www.sports-reference.com/cbb/players/hayley-tanabe-1.html,cal-state-northridge,2018-19
18,79,27,2019-02-28,Cal State Northridge,@,UC Riverside,REG (Conf),L 51-63,*,23,0,4,.000,0,2,.000,0,2,.000,.000,0,0,,0,0,0,4,0,0,0,0,0,0.0,Hayley Tanabe,https://www.sports-reference.com/cbb/players/hayley-tanabe-1.html,cal-state-northridge,2018-19
19,80,28,2019-03-02,Cal State Northridge,@,Cal Poly,REG (Conf),W 61-49,*,13,0,4,.000,0,2,.000,0,2,.000,.000,0,0,,1,0,1,2,0,0,0,2,0,-1.5,Hayley Tanabe,https://www.sports-reference.com/cbb/players/hayley-tanabe-1.html,cal-state-northridge,2018-19
20,81,29,2019-03-06,Cal State Northridge,,UC Irvine,REG (Conf),W 68-58,*,37,3,6,.500,3,5,.600,0,1,.000,.750,0,2,.000,0,2,2,7,1,0,2,0,9,9.7,Hayley Tanabe,https://www.sports-reference.com/cbb/players/hayley-tanabe-1.html,cal-state-northridge,2018-19
21,82,30,2019-03-09,Cal State Northridge,,Hawaii,REG (Conf),L 68-69,*,32,2,7,.286,1,2,.500,1,5,.200,.357,2,3,.667,2,2,4,7,3,0,2,0,7,10.4,Hayley Tanabe,https://www.sports-reference.com/cbb/players/hayley-tanabe-1.html,cal-state-northridge,2018-19
22,83,31,2019-03-13,Cal State Northridge,,UC Irvine,CTOURN,L 57-59,*,29,3,6,.500,1,3,.333,2,3,.667,.583,1,2,.500,0,1,1,3,1,0,4,0,8,4.0,Hayley Tanabe,https://www.sports-reference.com/cbb/players/hayley-tanabe-1.html,cal-state-northridge,2018-19
