ranker,player_game_num_career,team_game_num_season,date,team_name_abbr,game_location,opp_name_abbr,game_type,game_result,is_starter,mp,fg,fga,fg_pct,fg3,fg3a,fg3_pct,fg2,fg2a,fg2_pct,efg_pct,ft,fta,ft_pct,orb,drb,trb,ast,stl,blk,tov,pf,pts,game_score,player_name,player_sr_link,school,season
1,1,1,2018-11-06,Cal State Northridge,@,Idaho,REG (Non-Conf),L 73-88,,16,4,7,.571,2,5,.400,2,2,1.000,.714,1,1,1.000,1,1,2,3,1,0,2,5,11,7.8,Jordyn Jackson,https://www.sports-reference.com/cbb/players/jordyn-jackson-1.html,cal-state-northridge,2018-19
2,2,2,2018-11-08,Cal State Northridge,@,Boise State,REG (Non-Conf),L 63-74,*,31,3,12,.250,2,2,1.000,1,10,.100,.333,3,4,.750,1,2,3,4,1,0,4,1,11,4.1,Jordyn Jackson,https://www.sports-reference.com/cbb/players/jordyn-jackson-1.html,cal-state-northridge,2018-19
3,3,3,2018-11-16,Cal State Northridge,@,Omaha,REG (Non-Conf),W 64-52,,12,1,4,.250,0,2,.000,1,2,.500,.250,0,0,,0,2,2,0,1,0,2,2,2,-1.6,Jordyn Jackson,https://www.sports-reference.com/cbb/players/jordyn-jackson-1.html,cal-state-northridge,2018-19
4,4,4,2018-11-18,Cal State Northridge,@,Drake,REG (Non-Conf),L 63-73,,2,0,0,,0,0,,0,0,,,0,0,,0,0,0,1,0,0,1,1,0,-0.7,Jordyn Jackson,https://www.sports-reference.com/cbb/players/jordyn-jackson-1.html,cal-state-northridge,2018-19
5,5,5,2018-11-23,Cal State Northridge,,Washington State,REG (Non-Conf),W 65-52,,3,0,0,,0,0,,0,0,,,0,0,,0,0,0,0,0,0,1,1,0,-1.4,Jordyn Jackson,https://www.sports-reference.com/cbb/players/jordyn-jackson-1.html,cal-state-northridge,2018-19
6,6,6,2018-11-24,Cal State Northridge,,Harvard,REG (Non-Conf),L 55-75,,7,1,1,1.000,1,1,1.000,0,0,,1.500,0,0,,1,0,1,0,1,0,2,0,3,2.4,Jordyn Jackson,https://www.sports-reference.com/cbb/players/jordyn-jackson-1.html,cal-state-northridge,2018-19
7,7,7,2018-11-28,Cal State Northridge,,California Baptist,REG (Non-Conf),W 73-67,,26,2,8,.250,1,4,.250,1,4,.250,.313,0,0,,1,1,2,3,1,0,0,1,5,3.9,Jordyn Jackson,https://www.sports-reference.com/cbb/players/jordyn-jackson-1.html,cal-state-northridge,2018-19
8,8,8,2018-11-30,Cal State Northridge,@,Santa Clara,REG (Non-Conf),W 53-38,,28,0,3,.000,0,2,.000,0,1,.000,.000,0,0,,0,3,3,2,1,0,0,0,0,1.2,Jordyn Jackson,https://www.sports-reference.com/cbb/players/jordyn-jackson-1.html,cal-state-northridge,2018-19
9,9,9,2018-12-02,Cal State Northridge,@,California,REG (Non-Conf),L 42-67,,35,4,11,.364,2,3,.667,2,8,.250,.455,0,0,,0,2,2,3,0,0,3,2,10,2.8,Jordyn Jackson,https://www.sports-reference.com/cbb/players/jordyn-jackson-1.html,cal-state-northridge,2018-19
10,10,10,2018-12-07,Cal State Northridge,,Loyola Marymount,REG (Non-Conf),L 53-72,*,26,1,9,.111,1,2,.500,0,7,.000,.167,0,0,,0,2,2,5,1,0,3,3,3,-2.0,Jordyn Jackson,https://www.sports-reference.com/cbb/players/jordyn-jackson-1.html,cal-state-northridge,2018-19
11,11,11,2018-12-09,Cal State Northridge,,San Diego State,REG (Non-Conf),W 77-74,*,30,5,9,.556,5,7,.714,0,2,.000,.833,1,2,.500,0,0,0,5,0,0,1,2,16,13.0,Jordyn Jackson,https://www.sports-reference.com/cbb/players/jordyn-jackson-1.html,cal-state-northridge,2018-19
12,12,12,2018-12-16,Cal State Northridge,@,Southern California,REG (Non-Conf),L 42-58,*,32,1,9,.111,0,4,.000,1,5,.200,.111,0,0,,2,1,3,4,2,0,6,3,2,-4.6,Jordyn Jackson,https://www.sports-reference.com/cbb/players/jordyn-jackson-1.html,cal-state-northridge,2018-19
13,13,13,2018-12-19,Cal State Northridge,,San Jose State,REG (Non-Conf),W 76-40,*,22,3,6,.500,0,2,.000,3,4,.750,.500,0,0,,2,0,2,6,0,0,3,1,6,5.2,Jordyn Jackson,https://www.sports-reference.com/cbb/players/jordyn-jackson-1.html,cal-state-northridge,2018-19
14,14,14,2018-12-29,Cal State Northridge,@,Stanford,REG (Non-Conf),L 43-69,,17,1,2,.500,0,0,,1,2,.500,.500,0,0,,0,0,0,1,1,0,2,0,2,0.7,Jordyn Jackson,https://www.sports-reference.com/cbb/players/jordyn-jackson-1.html,cal-state-northridge,2018-19
15,15,15,2019-01-05,Cal State Northridge,,UC Santa Barbara,REG (Conf),W 73-65,,3,0,1,.000,0,1,.000,0,0,,.000,0,0,,0,0,0,1,0,0,1,0,0,-1.0,Jordyn Jackson,https://www.sports-reference.com/cbb/players/jordyn-jackson-1.html,cal-state-northridge,2018-19
16,16,16,2019-01-12,Cal State Northridge,@,UC Irvine,REG (Conf),L 61-65,,26,2,5,.400,2,4,.500,0,1,.000,.600,5,6,.833,0,2,2,4,0,0,1,1,11,9.9,Jordyn Jackson,https://www.sports-reference.com/cbb/players/jordyn-jackson-1.html,cal-state-northridge,2018-19
17,17,17,2019-01-18,Cal State Northridge,@,Hawaii,REG (Conf),W 49-29,,13,0,2,.000,0,1,.000,0,1,.000,.000,0,0,,0,0,0,1,1,0,2,0,0,-1.7,Jordyn Jackson,https://www.sports-reference.com/cbb/players/jordyn-jackson-1.html,cal-state-northridge,2018-19
18,18,18,2019-01-19,Cal State Northridge,,UC Riverside,REG (Conf),W 69-56,,6,0,1,.000,0,1,.000,0,0,,.000,0,0,,0,0,0,2,0,0,2,1,0,-1.7,Jordyn Jackson,https://www.sports-reference.com/cbb/players/jordyn-jackson-1.html,cal-state-northridge,2018-19
19,19,19,2019-01-24,Cal State Northridge,,UC Davis,REG (Conf),L 49-60,,9,0,0,,0,0,,0,0,,,0,0,,0,0,0,1,0,0,2,0,0,-1.3,Jordyn Jackson,https://www.sports-reference.com/cbb/players/jordyn-jackson-1.html,cal-state-northridge,2018-19
20,20,20,2019-01-26,Cal State Northridge,@,Long Beach State,REG (Conf),W 51-37,,15,1,3,.333,0,1,.000,1,2,.500,.333,0,0,,0,0,0,4,1,0,0,0,2,4.1,Jordyn Jackson,https://www.sports-reference.com/cbb/players/jordyn-jackson-1.html,cal-state-northridge,2018-19
21,21,21,2019-01-31,Cal State Northridge,,Cal State Fullerton,REG (Conf),W 74-44,,12,2,2,1.000,0,0,,2,2,1.000,1.000,0,0,,0,2,2,5,1,0,2,0,4,6.5,Jordyn Jackson,https://www.sports-reference.com/cbb/players/jordyn-jackson-1.html,cal-state-northridge,2018-19
22,22,22,2019-02-02,Cal State Northridge,@,UC Davis,REG (Conf),L 54-70,,11,0,3,.000,0,1,.000,0,2,.000,.000,1,2,.500,0,1,1,1,0,0,2,1,1,-2.9,Jordyn Jackson,https://www.sports-reference.com/cbb/players/jordyn-jackson-1.html,cal-state-northridge,2018-19
23,23,23,2019-02-09,Cal State Northridge,@,UC Santa Barbara,REG (Conf),L 60-61,*,30,6,10,.600,3,5,.600,3,5,.600,.750,0,2,.000,0,1,1,1,1,0,2,1,15,9.2,Jordyn Jackson,https://www.sports-reference.com/cbb/players/jordyn-jackson-1.html,cal-state-northridge,2018-19
24,24,24,2019-02-14,Cal State Northridge,,Cal Poly,REG (Conf),W 68-52,*,22,1,2,.500,1,2,.500,0,0,,.750,4,4,1.000,0,0,0,1,0,0,7,3,7,-1.5,Jordyn Jackson,https://www.sports-reference.com/cbb/players/jordyn-jackson-1.html,cal-state-northridge,2018-19
25,25,25,2019-02-16,Cal State Northridge,@,Cal State Fullerton,REG (Conf),W 73-64,*,15,1,4,.250,0,1,.000,1,3,.333,.250,0,0,,0,0,0,1,0,0,2,1,2,-2.1,Jordyn Jackson,https://www.sports-reference.com/cbb/players/jordyn-jackson-1.html,cal-state-northridge,2018-19
26,26,26,2019-02-21,Cal State Northridge,,Long Beach State,REG (Conf),W 60-45,,14,0,2,.000,0,2,.000,0,0,,.000,0,0,,0,1,1,2,2,0,0,1,0,1.9,Jordyn Jackson,https://www.sports-reference.com/cbb/players/jordyn-jackson-1.html,cal-state-northridge,2018-19
27,27,27,2019-02-28,Cal State Northridge,@,UC Riverside,REG (Conf),L 51-63,,16,2,6,.333,0,3,.000,2,3,.667,.333,1,2,.500,1,0,1,1,0,0,3,1,5,-0.8,Jordyn Jackson,https://www.sports-reference.com/cbb/players/jordyn-jackson-1.html,cal-state-northridge,2018-19
28,28,28,2019-03-02,Cal State Northridge,@,Cal Poly,REG (Conf),W 61-49,,18,0,4,.000,0,1,.000,0,3,.000,.000,0,0,,1,1,2,2,0,0,4,3,0,-5.6,Jordyn Jackson,https://www.sports-reference.com/cbb/players/jordyn-jackson-1.html,cal-state-northridge,2018-19
29,29,29,2019-03-06,Cal State Northridge,,UC Irvine,REG (Conf),W 68-58,,2,0,1,.000,0,0,,0,1,.000,.000,0,0,,0,0,0,0,0,0,0,0,0,-0.7,Jordyn Jackson,https://www.sports-reference.com/cbb/players/jordyn-jackson-1.html,cal-state-northridge,2018-19
30,30,30,2019-03-09,Cal State Northridge,,Hawaii,REG (Conf),L 68-69,,7,0,1,.000,0,0,,0,1,.000,.000,0,0,,0,0,0,0,0,0,0,0,0,-0.7,Jordyn Jackson,https://www.sports-reference.com/cbb/players/jordyn-jackson-1.html,cal-state-northridge,2018-19
31,31,31,2019-03-13,Cal State Northridge,,UC Irvine,CTOURN,L 57-59,,3,0,0,,0,0,,0,0,,,0,0,,0,0,0,0,0,0,1,1,0,-1.4,Jordyn Jackson,https://www.sports-reference.com/cbb/players/jordyn-jackson-1.html,cal-state-northridge,2018-19
