ranker,player_game_num_career,team_game_num_season,date,team_name_abbr,game_location,opp_name_abbr,game_type,game_result,is_starter,mp,fg,fga,fg_pct,fg3,fg3a,fg3_pct,fg2,fg2a,fg2_pct,efg_pct,ft,fta,ft_pct,orb,drb,trb,ast,stl,blk,tov,pf,pts,game_score,player_name,player_sr_link,school,season
1,101,1,2018-11-06,Cal State Northridge,@,Idaho,REG (Non-Conf),L 73-88,*,24,4,10,.400,2,6,.333,2,4,.500,.500,2,2,1.000,1,3,4,2,0,0,1,3,12,7.4,Serafina Maulupe,https://www.sports-reference.com/cbb/players/serafina-maulupe-1.html,cal-state-northridge,2018-19
2,102,2,2018-11-08,Cal State Northridge,@,Boise State,REG (Non-Conf),L 63-74,*,20,0,8,.000,0,5,.000,0,3,.000,.000,1,2,.500,0,0,0,1,1,0,2,3,1,-6.5,Serafina Maulupe,https://www.sports-reference.com/cbb/players/serafina-maulupe-1.html,cal-state-northridge,2018-19
3,103,3,2018-11-16,Cal State Northridge,@,Omaha,REG (Non-Conf),W 64-52,*,26,6,11,.545,4,5,.800,2,6,.333,.727,0,2,.000,0,1,1,1,3,0,0,0,16,13.9,Serafina Maulupe,https://www.sports-reference.com/cbb/players/serafina-maulupe-1.html,cal-state-northridge,2018-19
4,104,4,2018-11-18,Cal State Northridge,@,Drake,REG (Non-Conf),L 63-73,*,31,2,14,.143,2,11,.182,0,3,.000,.214,0,0,,3,0,3,1,2,0,2,2,6,-1.0,Serafina Maulupe,https://www.sports-reference.com/cbb/players/serafina-maulupe-1.html,cal-state-northridge,2018-19
5,105,5,2018-11-23,Cal State Northridge,,Washington State,REG (Non-Conf),W 65-52,*,30,5,11,.455,1,5,.200,4,6,.667,.500,2,2,1.000,1,0,1,3,0,0,0,3,13,8.9,Serafina Maulupe,https://www.sports-reference.com/cbb/players/serafina-maulupe-1.html,cal-state-northridge,2018-19
6,106,6,2018-11-24,Cal State Northridge,,Harvard,REG (Non-Conf),L 55-75,*,25,3,9,.333,2,4,.500,1,5,.200,.444,0,0,,1,2,3,1,0,0,0,2,8,4.1,Serafina Maulupe,https://www.sports-reference.com/cbb/players/serafina-maulupe-1.html,cal-state-northridge,2018-19
7,107,7,2018-11-28,Cal State Northridge,,California Baptist,REG (Non-Conf),W 73-67,,25,6,12,.500,4,8,.500,2,4,.500,.667,0,1,.000,1,2,3,4,1,0,1,1,16,13.3,Serafina Maulupe,https://www.sports-reference.com/cbb/players/serafina-maulupe-1.html,cal-state-northridge,2018-19
8,108,8,2018-11-30,Cal State Northridge,@,Santa Clara,REG (Non-Conf),W 53-38,*,20,0,4,.000,0,4,.000,0,0,,.000,0,0,,0,2,2,0,0,0,0,2,0,-3.0,Serafina Maulupe,https://www.sports-reference.com/cbb/players/serafina-maulupe-1.html,cal-state-northridge,2018-19
9,109,9,2018-12-02,Cal State Northridge,@,California,REG (Non-Conf),L 42-67,*,22,1,5,.200,1,4,.250,0,1,.000,.300,0,0,,0,1,1,0,1,0,0,2,3,0.4,Serafina Maulupe,https://www.sports-reference.com/cbb/players/serafina-maulupe-1.html,cal-state-northridge,2018-19
10,110,10,2018-12-07,Cal State Northridge,,Loyola Marymount,REG (Non-Conf),L 53-72,,29,2,7,.286,2,7,.286,0,0,,.429,0,0,,0,1,1,0,0,0,0,1,6,1.8,Serafina Maulupe,https://www.sports-reference.com/cbb/players/serafina-maulupe-1.html,cal-state-northridge,2018-19
11,111,11,2018-12-09,Cal State Northridge,,San Diego State,REG (Non-Conf),W 77-74,*,35,6,14,.429,5,12,.417,1,2,.500,.607,5,8,.625,0,4,4,7,1,0,2,3,22,17.3,Serafina Maulupe,https://www.sports-reference.com/cbb/players/serafina-maulupe-1.html,cal-state-northridge,2018-19
12,112,12,2018-12-16,Cal State Northridge,@,Southern California,REG (Non-Conf),L 42-58,*,30,2,4,.500,0,2,.000,2,2,1.000,.500,0,0,,1,2,3,1,0,0,1,1,4,2.6,Serafina Maulupe,https://www.sports-reference.com/cbb/players/serafina-maulupe-1.html,cal-state-northridge,2018-19
13,113,13,2018-12-19,Cal State Northridge,,San Jose State,REG (Non-Conf),W 76-40,*,26,5,10,.500,4,9,.444,1,1,1.000,.700,0,0,,2,1,3,2,0,0,1,3,14,9.9,Serafina Maulupe,https://www.sports-reference.com/cbb/players/serafina-maulupe-1.html,cal-state-northridge,2018-19
14,114,14,2018-12-29,Cal State Northridge,@,Stanford,REG (Non-Conf),L 43-69,*,23,1,9,.111,1,7,.143,0,2,.000,.167,2,2,1.000,1,3,4,0,0,0,1,1,5,-0.7,Serafina Maulupe,https://www.sports-reference.com/cbb/players/serafina-maulupe-1.html,cal-state-northridge,2018-19
15,115,15,2019-01-05,Cal State Northridge,,UC Santa Barbara,REG (Conf),W 73-65,*,18,4,7,.571,3,6,.500,1,1,1.000,.786,0,0,,0,0,0,1,0,0,1,1,11,7.0,Serafina Maulupe,https://www.sports-reference.com/cbb/players/serafina-maulupe-1.html,cal-state-northridge,2018-19
16,116,16,2019-01-12,Cal State Northridge,@,UC Irvine,REG (Conf),L 61-65,*,25,1,7,.143,1,4,.250,0,3,.000,.214,0,0,,0,3,3,0,1,0,4,2,3,-4.4,Serafina Maulupe,https://www.sports-reference.com/cbb/players/serafina-maulupe-1.html,cal-state-northridge,2018-19
17,117,17,2019-01-18,Cal State Northridge,@,Hawaii,REG (Conf),W 49-29,*,12,1,2,.500,0,1,.000,1,1,1.000,.500,0,0,,0,3,3,0,0,0,1,0,2,0.9,Serafina Maulupe,https://www.sports-reference.com/cbb/players/serafina-maulupe-1.html,cal-state-northridge,2018-19
18,118,18,2019-01-19,Cal State Northridge,,UC Riverside,REG (Conf),W 69-56,*,16,5,6,.833,3,4,.750,2,2,1.000,1.083,1,3,.333,1,3,4,0,1,0,2,2,14,10.8,Serafina Maulupe,https://www.sports-reference.com/cbb/players/serafina-maulupe-1.html,cal-state-northridge,2018-19
19,119,19,2019-01-24,Cal State Northridge,,UC Davis,REG (Conf),L 49-60,*,21,2,7,.286,1,5,.200,1,2,.500,.357,0,0,,0,0,0,2,1,0,0,1,5,2.9,Serafina Maulupe,https://www.sports-reference.com/cbb/players/serafina-maulupe-1.html,cal-state-northridge,2018-19
20,120,20,2019-01-26,Cal State Northridge,@,Long Beach State,REG (Conf),W 51-37,*,11,0,6,.000,0,6,.000,0,0,,.000,0,0,,0,1,1,1,0,0,1,0,0,-4.2,Serafina Maulupe,https://www.sports-reference.com/cbb/players/serafina-maulupe-1.html,cal-state-northridge,2018-19
21,121,21,2019-01-31,Cal State Northridge,,Cal State Fullerton,REG (Conf),W 74-44,*,17,3,5,.600,3,3,1.000,0,2,.000,.900,0,0,,1,0,1,1,1,0,0,2,9,8.3,Serafina Maulupe,https://www.sports-reference.com/cbb/players/serafina-maulupe-1.html,cal-state-northridge,2018-19
22,122,22,2019-02-02,Cal State Northridge,@,UC Davis,REG (Conf),L 54-70,*,18,3,7,.429,1,3,.333,2,4,.500,.500,1,2,.500,2,2,4,0,1,0,1,2,8,5.1,Serafina Maulupe,https://www.sports-reference.com/cbb/players/serafina-maulupe-1.html,cal-state-northridge,2018-19
23,123,23,2019-02-09,Cal State Northridge,@,UC Santa Barbara,REG (Conf),L 60-61,*,30,3,9,.333,1,5,.200,2,4,.500,.389,1,2,.500,1,1,2,5,2,0,2,1,8,6.6,Serafina Maulupe,https://www.sports-reference.com/cbb/players/serafina-maulupe-1.html,cal-state-northridge,2018-19
24,124,24,2019-02-14,Cal State Northridge,,Cal Poly,REG (Conf),W 68-52,*,21,5,17,.294,2,11,.182,3,6,.500,.353,0,0,,3,3,6,3,2,0,2,0,12,7.2,Serafina Maulupe,https://www.sports-reference.com/cbb/players/serafina-maulupe-1.html,cal-state-northridge,2018-19
25,125,25,2019-02-16,Cal State Northridge,@,Cal State Fullerton,REG (Conf),W 73-64,*,38,8,14,.571,3,5,.600,5,9,.556,.679,4,4,1.000,1,4,5,1,1,0,2,3,23,16.8,Serafina Maulupe,https://www.sports-reference.com/cbb/players/serafina-maulupe-1.html,cal-state-northridge,2018-19
26,126,26,2019-02-21,Cal State Northridge,,Long Beach State,REG (Conf),W 60-45,*,23,2,9,.222,1,3,.333,1,6,.167,.278,0,0,,2,2,4,0,1,0,0,3,5,1.3,Serafina Maulupe,https://www.sports-reference.com/cbb/players/serafina-maulupe-1.html,cal-state-northridge,2018-19
27,127,27,2019-02-28,Cal State Northridge,@,UC Riverside,REG (Conf),L 51-63,*,36,4,14,.286,2,7,.286,2,7,.286,.357,0,0,,0,1,1,2,2,0,2,1,10,3.1,Serafina Maulupe,https://www.sports-reference.com/cbb/players/serafina-maulupe-1.html,cal-state-northridge,2018-19
28,128,28,2019-03-02,Cal State Northridge,@,Cal Poly,REG (Conf),W 61-49,*,32,5,13,.385,2,7,.286,3,6,.500,.462,0,0,,2,5,7,2,1,0,1,1,12,8.8,Serafina Maulupe,https://www.sports-reference.com/cbb/players/serafina-maulupe-1.html,cal-state-northridge,2018-19
29,129,29,2019-03-06,Cal State Northridge,,UC Irvine,REG (Conf),W 68-58,*,21,3,8,.375,2,5,.400,1,3,.333,.500,0,0,,0,0,0,2,2,0,1,2,8,5.2,Serafina Maulupe,https://www.sports-reference.com/cbb/players/serafina-maulupe-1.html,cal-state-northridge,2018-19
30,130,30,2019-03-09,Cal State Northridge,,Hawaii,REG (Conf),L 68-69,*,32,10,16,.625,4,4,1.000,6,12,.500,.750,0,0,,1,0,1,1,0,0,0,2,24,17.4,Serafina Maulupe,https://www.sports-reference.com/cbb/players/serafina-maulupe-1.html,cal-state-northridge,2018-19
31,131,31,2019-03-13,Cal State Northridge,,UC Irvine,CTOURN,L 57-59,*,24,1,11,.091,1,8,.125,0,3,.000,.136,0,0,,0,1,1,1,0,0,2,1,3,-5.7,Serafina Maulupe,https://www.sports-reference.com/cbb/players/serafina-maulupe-1.html,cal-state-northridge,2018-19
