ranker,player_game_num_career,team_game_num_season,date,team_name_abbr,game_location,opp_name_abbr,game_type,game_result,is_starter,mp,fg,fga,fg_pct,fg3,fg3a,fg3_pct,fg2,fg2a,fg2_pct,efg_pct,ft,fta,ft_pct,orb,drb,trb,ast,stl,blk,tov,pf,pts,game_score,player_name,player_sr_link,school,season
1,68,1,2019-11-08,Marist,@,Boston University,REG (Non-Conf),W 89-75,*,28,2,3,.667,1,2,.500,1,1,1.000,.833,0,0,,0,2,2,5,0,0,3,3,5,3.6,Allie Best,https://www.sports-reference.com/cbb/players/allie-best-1.html,marist,2019-20
2,69,2,2019-11-13,Marist,,Albany (NY),REG (Non-Conf),W 76-52,,17,2,3,.667,2,3,.667,0,0,,1.000,0,0,,0,1,1,3,2,0,1,0,6,8.1,Allie Best,https://www.sports-reference.com/cbb/players/allie-best-1.html,marist,2019-20
3,70,3,2019-11-17,Marist,,Elon,REG (Non-Conf),W 63-55,,25,1,5,.200,0,2,.000,1,3,.333,.200,2,2,1.000,0,4,4,3,0,0,1,2,4,2.4,Allie Best,https://www.sports-reference.com/cbb/players/allie-best-1.html,marist,2019-20
4,71,4,2019-11-22,Marist,,North Florida,REG (Non-Conf),W 69-54,,22,0,2,.000,0,1,.000,0,1,.000,.000,2,2,1.000,0,3,3,5,2,0,2,1,2,4.6,Allie Best,https://www.sports-reference.com/cbb/players/allie-best-1.html,marist,2019-20
5,72,5,2019-11-23,Marist,@,Lipscomb,REG (Non-Conf),W 74-63,,19,1,2,.500,0,0,,1,2,.500,.500,1,2,.500,1,1,2,4,1,0,3,2,3,2.6,Allie Best,https://www.sports-reference.com/cbb/players/allie-best-1.html,marist,2019-20
6,73,6,2019-11-30,Marist,@,Central Michigan,REG (Non-Conf),L 54-77,,22,0,3,.000,0,1,.000,0,2,.000,.000,0,0,,0,4,4,2,1,0,0,1,0,1.1,Allie Best,https://www.sports-reference.com/cbb/players/allie-best-1.html,marist,2019-20
7,74,7,2019-12-07,Marist,,Princeton,REG (Non-Conf),L 50-62,,19,0,1,.000,0,0,,0,1,.000,.000,0,0,,0,1,1,1,0,0,1,3,0,-1.9,Allie Best,https://www.sports-reference.com/cbb/players/allie-best-1.html,marist,2019-20
8,75,8,2019-12-15,Marist,,Green Bay,REG (Non-Conf),W 72-60,,20,0,3,.000,0,3,.000,0,0,,.000,0,0,,0,3,3,3,1,0,0,1,0,1.5,Allie Best,https://www.sports-reference.com/cbb/players/allie-best-1.html,marist,2019-20
9,76,9,2019-12-19,Marist,@,UT Arlington,REG (Non-Conf),W 73-57,,12,0,2,.000,0,2,.000,0,0,,.000,0,0,,1,2,3,3,0,0,1,2,0,0.2,Allie Best,https://www.sports-reference.com/cbb/players/allie-best-1.html,marist,2019-20
10,77,10,2020-01-02,Marist,,Monmouth,REG (Conf),W 76-66,,13,0,0,,0,0,,0,0,,,0,0,,0,0,0,2,0,0,1,1,0,0.0,Allie Best,https://www.sports-reference.com/cbb/players/allie-best-1.html,marist,2019-20
11,78,11,2020-01-04,Marist,,Saint Peter's,REG (Conf),W 96-76,,19,2,3,.667,2,3,.667,0,0,,1.000,0,0,,0,1,1,2,1,0,1,0,6,6.4,Allie Best,https://www.sports-reference.com/cbb/players/allie-best-1.html,marist,2019-20
12,79,12,2020-01-09,Marist,@,Canisius,REG (Conf),W 90-59,,14,2,3,.667,1,2,.500,1,1,1.000,.833,0,0,,0,2,2,2,0,0,2,1,5,3.3,Allie Best,https://www.sports-reference.com/cbb/players/allie-best-1.html,marist,2019-20
13,80,13,2020-01-11,Marist,@,Niagara,REG (Conf),W 94-67,,14,1,3,.333,1,2,.500,0,1,.000,.500,0,0,,0,1,1,4,0,0,1,1,3,3.0,Allie Best,https://www.sports-reference.com/cbb/players/allie-best-1.html,marist,2019-20
14,81,14,2020-01-16,Marist,,Rider,REG (Conf),L 72-76 (OT),,27,2,5,.400,1,2,.500,1,3,.333,.500,4,4,1.000,0,1,1,4,0,0,2,1,9,7.0,Allie Best,https://www.sports-reference.com/cbb/players/allie-best-1.html,marist,2019-20
15,82,15,2020-01-18,Marist,@,Manhattan,REG (Conf),W 71-66,*,32,4,7,.571,2,4,.500,2,3,.667,.714,0,0,,0,2,2,4,2,0,1,2,10,10.3,Allie Best,https://www.sports-reference.com/cbb/players/allie-best-1.html,marist,2019-20
16,83,16,2020-01-23,Marist,,Quinnipiac,REG (Conf),W 73-60,*,28,1,5,.200,1,4,.250,0,1,.000,.300,0,0,,0,2,2,1,0,0,3,2,3,-2.6,Allie Best,https://www.sports-reference.com/cbb/players/allie-best-1.html,marist,2019-20
17,84,17,2020-01-25,Marist,@,Monmouth,REG (Conf),W 74-53,*,24,0,4,.000,0,0,,0,4,.000,.000,1,2,.500,0,2,2,5,1,0,2,2,1,0.1,Allie Best,https://www.sports-reference.com/cbb/players/allie-best-1.html,marist,2019-20
18,85,18,2020-01-30,Marist,@,Fairfield,REG (Conf),L 48-52,*,28,0,3,.000,0,2,.000,0,1,.000,.000,0,0,,0,0,0,3,1,0,0,1,0,0.6,Allie Best,https://www.sports-reference.com/cbb/players/allie-best-1.html,marist,2019-20
19,86,19,2020-02-01,Marist,,Niagara,REG (Conf),W 82-57,*,20,0,2,.000,0,1,.000,0,1,.000,.000,0,0,,1,0,1,4,3,0,2,1,0,2.7,Allie Best,https://www.sports-reference.com/cbb/players/allie-best-1.html,marist,2019-20
20,87,20,2020-02-04,Marist,@,Iona,REG (Conf),W 73-56,*,21,3,8,.375,2,6,.333,1,2,.500,.500,0,0,,2,5,7,4,1,0,1,0,8,9.3,Allie Best,https://www.sports-reference.com/cbb/players/allie-best-1.html,marist,2019-20
21,88,21,2020-02-08,Marist,,Manhattan,REG (Conf),W 74-53,,15,1,1,1.000,1,1,1.000,0,0,,1.500,0,0,,0,0,0,2,0,0,1,1,3,2.7,Allie Best,https://www.sports-reference.com/cbb/players/allie-best-1.html,marist,2019-20
22,89,22,2020-02-11,Marist,@,Rider,REG (Conf),W 63-58,,15,1,1,1.000,1,1,1.000,0,0,,1.500,2,2,1.000,0,2,2,0,0,0,1,1,5,3.9,Allie Best,https://www.sports-reference.com/cbb/players/allie-best-1.html,marist,2019-20
23,90,23,2020-02-13,Marist,,Canisius,REG (Conf),W 86-72,,14,1,2,.500,0,1,.000,1,1,1.000,.500,0,0,,0,1,1,4,0,1,1,0,2,3.8,Allie Best,https://www.sports-reference.com/cbb/players/allie-best-1.html,marist,2019-20
24,91,24,2020-02-16,Marist,@,Siena,REG (Conf),W 78-55,,16,0,5,.000,0,3,.000,0,2,.000,.000,0,0,,0,0,0,2,1,0,1,1,0,-2.5,Allie Best,https://www.sports-reference.com/cbb/players/allie-best-1.html,marist,2019-20
25,92,25,2020-02-20,Marist,@,Saint Peter's,REG (Conf),W 82-60,,25,1,1,1.000,1,1,1.000,0,0,,1.500,1,2,.500,0,3,3,3,1,0,3,2,4,3.5,Allie Best,https://www.sports-reference.com/cbb/players/allie-best-1.html,marist,2019-20
26,93,26,2020-02-24,Marist,,Fairfield,REG (Conf),W 75-45,,16,0,4,.000,0,4,.000,0,0,,.000,0,0,,0,0,0,1,0,0,1,1,0,-3.5,Allie Best,https://www.sports-reference.com/cbb/players/allie-best-1.html,marist,2019-20
27,94,27,2020-02-29,Marist,@,Quinnipiac,REG (Conf),W 64-51,,10,0,0,,0,0,,0,0,,,2,2,1.000,0,0,0,0,0,0,0,1,2,1.6,Allie Best,https://www.sports-reference.com/cbb/players/allie-best-1.html,marist,2019-20
28,95,28,2020-03-05,Marist,,Iona,REG (Conf),W 59-47,,23,0,1,.000,0,1,.000,0,0,,.000,0,0,,0,0,0,2,0,0,2,0,0,-1.3,Allie Best,https://www.sports-reference.com/cbb/players/allie-best-1.html,marist,2019-20
29,96,29,2020-03-07,Marist,,Siena,REG (Conf),W 81-69,,19,1,1,1.000,1,1,1.000,0,0,,1.500,0,0,,0,1,1,6,0,1,0,2,3,7.1,Allie Best,https://www.sports-reference.com/cbb/players/allie-best-1.html,marist,2019-20
30,97,30,2020-03-11,Marist,,Monmouth,CTOURN,W 68-44,,24,0,1,.000,0,0,,0,1,.000,.000,0,0,,0,2,2,3,0,0,2,1,0,-0.4,Allie Best,https://www.sports-reference.com/cbb/players/allie-best-1.html,marist,2019-20
