ranker,player_game_num_career,team_game_num_season,date,team_name_abbr,game_location,opp_name_abbr,game_type,game_result,is_starter,mp,fg,fga,fg_pct,fg3,fg3a,fg3_pct,fg2,fg2a,fg2_pct,efg_pct,ft,fta,orb,drb,trb,ast,stl,blk,tov,pf,pts,game_score,player_name,player_sr_link,school,season
1,1,6,2019-11-30,Marist,@,Central Michigan,REG (Non-Conf),L 54-77,,1,0,0,,0,0,,0,0,,,0,0,0,0,0,0,0,0,0,0,0,0.0,Camille Loussedes,https://www.sports-reference.com/cbb/players/camille-loussedes-1.html,marist,2019-20
2,2,11,2020-01-04,Marist,,Saint Peter's,REG (Conf),W 96-76,,1,0,0,,0,0,,0,0,,,0,0,0,0,0,0,0,0,0,0,0,0.0,Camille Loussedes,https://www.sports-reference.com/cbb/players/camille-loussedes-1.html,marist,2019-20
3,3,13,2020-01-11,Marist,@,Niagara,REG (Conf),W 94-67,,3,0,1,.000,0,1,.000,0,0,,.000,0,0,0,0,0,0,1,0,0,0,0,0.3,Camille Loussedes,https://www.sports-reference.com/cbb/players/camille-loussedes-1.html,marist,2019-20
4,4,17,2020-01-25,Marist,@,Monmouth,REG (Conf),W 74-53,,1,0,0,,0,0,,0,0,,,0,0,0,0,0,0,0,0,0,0,0,0.0,Camille Loussedes,https://www.sports-reference.com/cbb/players/camille-loussedes-1.html,marist,2019-20
5,5,19,2020-02-01,Marist,,Niagara,REG (Conf),W 82-57,,2,1,1,1.000,0,0,,1,1,1.000,1.000,0,0,0,1,1,0,0,0,1,0,2,1.0,Camille Loussedes,https://www.sports-reference.com/cbb/players/camille-loussedes-1.html,marist,2019-20
6,6,20,2020-02-04,Marist,@,Iona,REG (Conf),W 73-56,,1,0,0,,0,0,,0,0,,,0,0,0,0,0,0,0,0,0,0,0,0.0,Camille Loussedes,https://www.sports-reference.com/cbb/players/camille-loussedes-1.html,marist,2019-20
7,7,21,2020-02-08,Marist,,Manhattan,REG (Conf),W 74-53,,2,0,1,.000,0,0,,0,1,.000,.000,0,0,0,0,0,0,0,0,0,0,0,-0.7,Camille Loussedes,https://www.sports-reference.com/cbb/players/camille-loussedes-1.html,marist,2019-20
8,8,26,2020-02-24,Marist,,Fairfield,REG (Conf),W 75-45,,2,0,0,,0,0,,0,0,,,0,0,0,0,0,0,0,0,0,0,0,0.0,Camille Loussedes,https://www.sports-reference.com/cbb/players/camille-loussedes-1.html,marist,2019-20
9,9,30,2020-03-11,Marist,,Monmouth,CTOURN,W 68-44,,1,0,0,,0,0,,0,0,,,0,0,0,0,0,0,0,0,0,0,0,0.0,Camille Loussedes,https://www.sports-reference.com/cbb/players/camille-loussedes-1.html,marist,2019-20
