ranker,player_game_num_career,team_game_num_season,date,team_name_abbr,game_location,opp_name_abbr,game_type,game_result,is_starter,mp,fg,fga,fg_pct,fg3,fg3a,fg3_pct,fg2,fg2a,fg2_pct,efg_pct,ft,fta,ft_pct,orb,drb,trb,ast,stl,blk,tov,pf,pts,game_score,player_name,player_sr_link,school,season
1,82,1,2019-11-08,Marist,@,Boston University,REG (Non-Conf),W 89-75,*,25,5,9,.556,2,5,.400,3,4,.750,.667,6,6,1.000,2,7,9,5,1,1,3,2,18,18.6,Grace Vander Weide,https://www.sports-reference.com/cbb/players/grace-vander-weide-1.html,marist,2019-20
2,83,2,2019-11-13,Marist,,Albany (NY),REG (Non-Conf),W 76-52,*,23,4,8,.500,1,2,.500,3,6,.500,.563,0,0,,2,6,8,6,1,0,1,1,9,12.0,Grace Vander Weide,https://www.sports-reference.com/cbb/players/grace-vander-weide-1.html,marist,2019-20
3,84,3,2019-11-17,Marist,,Elon,REG (Non-Conf),W 63-55,*,30,2,7,.286,0,3,.000,2,4,.500,.286,8,9,.889,1,4,5,0,0,1,6,2,12,3.3,Grace Vander Weide,https://www.sports-reference.com/cbb/players/grace-vander-weide-1.html,marist,2019-20
4,85,4,2019-11-22,Marist,,North Florida,REG (Non-Conf),W 69-54,*,32,5,6,.833,3,4,.750,2,2,1.000,1.083,2,2,1.000,3,3,6,5,0,0,2,1,15,16.9,Grace Vander Weide,https://www.sports-reference.com/cbb/players/grace-vander-weide-1.html,marist,2019-20
5,86,5,2019-11-23,Marist,@,Lipscomb,REG (Non-Conf),W 74-63,*,36,4,7,.571,3,6,.500,1,1,1.000,.786,0,0,,1,5,6,11,1,0,2,1,11,16.2,Grace Vander Weide,https://www.sports-reference.com/cbb/players/grace-vander-weide-1.html,marist,2019-20
6,87,6,2019-11-30,Marist,@,Central Michigan,REG (Non-Conf),L 54-77,*,26,3,10,.300,0,1,.000,3,9,.333,.300,0,0,,1,3,4,4,2,0,4,2,6,1.8,Grace Vander Weide,https://www.sports-reference.com/cbb/players/grace-vander-weide-1.html,marist,2019-20
7,88,7,2019-12-07,Marist,,Princeton,REG (Non-Conf),L 50-62,*,36,5,6,.833,1,2,.500,4,4,1.000,.917,0,0,,2,3,5,3,0,0,7,4,11,4.6,Grace Vander Weide,https://www.sports-reference.com/cbb/players/grace-vander-weide-1.html,marist,2019-20
8,89,8,2019-12-15,Marist,,Green Bay,REG (Non-Conf),W 72-60,*,35,6,10,.600,4,6,.667,2,4,.500,.800,4,4,1.000,4,8,12,6,0,1,3,0,20,22.5,Grace Vander Weide,https://www.sports-reference.com/cbb/players/grace-vander-weide-1.html,marist,2019-20
9,90,9,2019-12-19,Marist,@,UT Arlington,REG (Non-Conf),W 73-57,*,32,4,10,.400,1,4,.250,3,6,.500,.450,3,5,.600,2,2,4,8,0,0,3,2,12,9.6,Grace Vander Weide,https://www.sports-reference.com/cbb/players/grace-vander-weide-1.html,marist,2019-20
10,91,10,2020-01-02,Marist,,Monmouth,REG (Conf),W 76-66,*,24,5,10,.500,2,4,.500,3,6,.500,.600,3,4,.750,4,4,8,6,1,0,5,2,15,13.0,Grace Vander Weide,https://www.sports-reference.com/cbb/players/grace-vander-weide-1.html,marist,2019-20
11,92,11,2020-01-04,Marist,,Saint Peter's,REG (Conf),W 96-76,*,24,5,11,.455,0,3,.000,5,8,.625,.455,0,0,,1,10,11,6,1,1,1,0,10,12.9,Grace Vander Weide,https://www.sports-reference.com/cbb/players/grace-vander-weide-1.html,marist,2019-20
12,93,12,2020-01-09,Marist,@,Canisius,REG (Conf),W 90-59,*,30,5,10,.500,3,7,.429,2,3,.667,.650,0,0,,0,0,0,10,2,1,0,1,13,17.3,Grace Vander Weide,https://www.sports-reference.com/cbb/players/grace-vander-weide-1.html,marist,2019-20
13,94,13,2020-01-11,Marist,@,Niagara,REG (Conf),W 94-67,*,21,5,11,.455,1,2,.500,4,9,.444,.500,0,0,,2,5,7,5,0,0,1,2,11,9.9,Grace Vander Weide,https://www.sports-reference.com/cbb/players/grace-vander-weide-1.html,marist,2019-20
14,95,14,2020-01-16,Marist,,Rider,REG (Conf),L 72-76 (OT),*,42,5,10,.500,1,3,.333,4,7,.571,.550,5,8,.625,3,5,8,8,1,1,8,2,16,11.9,Grace Vander Weide,https://www.sports-reference.com/cbb/players/grace-vander-weide-1.html,marist,2019-20
15,96,15,2020-01-18,Marist,@,Manhattan,REG (Conf),W 71-66,*,36,4,9,.444,1,2,.500,3,7,.429,.500,3,4,.750,1,1,2,9,1,1,4,0,12,11.9,Grace Vander Weide,https://www.sports-reference.com/cbb/players/grace-vander-weide-1.html,marist,2019-20
16,97,16,2020-01-23,Marist,,Quinnipiac,REG (Conf),W 73-60,*,33,4,9,.444,1,2,.500,3,7,.429,.500,0,0,,7,4,11,7,2,0,5,2,9,11.5,Grace Vander Weide,https://www.sports-reference.com/cbb/players/grace-vander-weide-1.html,marist,2019-20
17,98,17,2020-01-25,Marist,@,Monmouth,REG (Conf),W 74-53,*,31,5,8,.625,2,3,.667,3,5,.600,.750,2,4,.500,1,4,5,4,1,0,0,4,14,13.7,Grace Vander Weide,https://www.sports-reference.com/cbb/players/grace-vander-weide-1.html,marist,2019-20
18,99,18,2020-01-30,Marist,@,Fairfield,REG (Conf),L 48-52,*,36,4,8,.500,1,2,.500,3,6,.500,.563,1,2,.500,2,6,8,5,0,0,2,2,10,9.5,Grace Vander Weide,https://www.sports-reference.com/cbb/players/grace-vander-weide-1.html,marist,2019-20
19,100,19,2020-02-01,Marist,,Niagara,REG (Conf),W 82-57,*,32,5,8,.625,3,5,.600,2,3,.667,.813,0,0,,0,4,4,8,3,0,3,1,13,15.8,Grace Vander Weide,https://www.sports-reference.com/cbb/players/grace-vander-weide-1.html,marist,2019-20
20,101,20,2020-02-04,Marist,@,Iona,REG (Conf),W 73-56,*,27,0,3,.000,0,3,.000,0,0,,.000,0,0,,1,9,10,12,2,0,3,2,0,7.9,Grace Vander Weide,https://www.sports-reference.com/cbb/players/grace-vander-weide-1.html,marist,2019-20
21,102,21,2020-02-08,Marist,,Manhattan,REG (Conf),W 74-53,*,26,1,5,.200,0,3,.000,1,2,.500,.200,0,0,,1,8,9,7,2,0,4,1,2,4.5,Grace Vander Weide,https://www.sports-reference.com/cbb/players/grace-vander-weide-1.html,marist,2019-20
22,103,22,2020-02-11,Marist,@,Rider,REG (Conf),W 63-58,*,39,1,8,.125,0,2,.000,1,6,.167,.125,5,6,.833,1,9,10,5,2,1,4,1,7,6.6,Grace Vander Weide,https://www.sports-reference.com/cbb/players/grace-vander-weide-1.html,marist,2019-20
23,104,23,2020-02-13,Marist,,Canisius,REG (Conf),W 86-72,*,28,6,9,.667,2,3,.667,4,6,.667,.778,0,0,,0,7,7,7,2,1,2,0,14,17.8,Grace Vander Weide,https://www.sports-reference.com/cbb/players/grace-vander-weide-1.html,marist,2019-20
24,105,24,2020-02-16,Marist,@,Siena,REG (Conf),W 78-55,*,32,1,8,.125,1,5,.200,0,3,.000,.188,0,0,,5,1,6,11,0,0,4,2,3,4.5,Grace Vander Weide,https://www.sports-reference.com/cbb/players/grace-vander-weide-1.html,marist,2019-20
25,106,25,2020-02-20,Marist,@,Saint Peter's,REG (Conf),W 82-60,*,34,5,9,.556,3,4,.750,2,5,.400,.722,1,2,.500,2,6,8,5,0,0,1,0,14,15.0,Grace Vander Weide,https://www.sports-reference.com/cbb/players/grace-vander-weide-1.html,marist,2019-20
26,107,26,2020-02-24,Marist,,Fairfield,REG (Conf),W 75-45,*,29,4,6,.667,2,3,.667,2,3,.667,.833,0,0,,2,4,6,6,2,0,1,0,10,15.2,Grace Vander Weide,https://www.sports-reference.com/cbb/players/grace-vander-weide-1.html,marist,2019-20
27,108,27,2020-02-29,Marist,@,Quinnipiac,REG (Conf),W 64-51,*,37,6,11,.545,3,6,.500,3,5,.600,.682,6,8,.750,3,6,9,2,3,1,5,2,21,18.1,Grace Vander Weide,https://www.sports-reference.com/cbb/players/grace-vander-weide-1.html,marist,2019-20
28,109,28,2020-03-05,Marist,,Iona,REG (Conf),W 59-47,*,29,1,6,.167,0,2,.000,1,4,.250,.167,0,0,,0,6,6,2,5,1,7,2,2,-0.7,Grace Vander Weide,https://www.sports-reference.com/cbb/players/grace-vander-weide-1.html,marist,2019-20
29,110,29,2020-03-07,Marist,,Siena,REG (Conf),W 81-69,*,36,5,11,.455,2,7,.286,3,4,.750,.545,6,8,.750,0,7,7,8,0,1,3,2,18,16.1,Grace Vander Weide,https://www.sports-reference.com/cbb/players/grace-vander-weide-1.html,marist,2019-20
30,111,30,2020-03-11,Marist,,Monmouth,CTOURN,W 68-44,*,32,5,8,.625,3,4,.750,2,4,.500,.813,1,4,.250,0,6,6,8,2,0,2,3,14,15.4,Grace Vander Weide,https://www.sports-reference.com/cbb/players/grace-vander-weide-1.html,marist,2019-20
