ranker,player_game_num_career,team_game_num_season,date,team_name_abbr,game_location,opp_name_abbr,game_type,game_result,is_starter,mp,fg,fga,fg_pct,fg3,fg3a,fg3_pct,fg2,fg2a,fg2_pct,efg_pct,ft,fta,ft_pct,orb,drb,trb,ast,stl,blk,tov,pf,pts,game_score,player_name,player_sr_link,school,season
1,46,1,2019-11-08,Marist,@,Boston University,REG (Non-Conf),W 89-75,,7,0,1,.000,0,0,,0,1,.000,.000,0,0,,0,0,0,0,0,0,0,0,0,-0.7,Hannah Hand,https://www.sports-reference.com/cbb/players/hannah-hand-1.html,marist,2019-20
2,47,2,2019-11-13,Marist,,Albany (NY),REG (Non-Conf),W 76-52,,15,3,3,1.000,1,1,1.000,2,2,1.000,1.167,0,0,,3,0,3,3,0,0,0,3,7,9.1,Hannah Hand,https://www.sports-reference.com/cbb/players/hannah-hand-1.html,marist,2019-20
3,48,3,2019-11-17,Marist,,Elon,REG (Non-Conf),W 63-55,,2,0,0,,0,0,,0,0,,,0,0,,0,0,0,0,0,0,0,1,0,-0.4,Hannah Hand,https://www.sports-reference.com/cbb/players/hannah-hand-1.html,marist,2019-20
4,49,4,2019-11-22,Marist,,North Florida,REG (Non-Conf),W 69-54,,5,0,1,.000,0,1,.000,0,0,,.000,0,0,,0,0,0,1,0,0,1,0,0,-1.0,Hannah Hand,https://www.sports-reference.com/cbb/players/hannah-hand-1.html,marist,2019-20
5,50,5,2019-11-23,Marist,@,Lipscomb,REG (Non-Conf),W 74-63,,5,0,1,.000,0,1,.000,0,0,,.000,0,0,,0,0,0,0,0,0,1,0,0,-1.7,Hannah Hand,https://www.sports-reference.com/cbb/players/hannah-hand-1.html,marist,2019-20
6,51,6,2019-11-30,Marist,@,Central Michigan,REG (Non-Conf),L 54-77,,7,0,1,.000,0,1,.000,0,0,,.000,0,0,,0,0,0,0,0,0,0,0,0,-0.7,Hannah Hand,https://www.sports-reference.com/cbb/players/hannah-hand-1.html,marist,2019-20
7,52,9,2019-12-19,Marist,@,UT Arlington,REG (Non-Conf),W 73-57,*,20,2,5,.400,2,3,.667,0,2,.000,.600,0,0,,1,3,4,2,0,0,0,2,6,5.5,Hannah Hand,https://www.sports-reference.com/cbb/players/hannah-hand-1.html,marist,2019-20
8,53,10,2020-01-02,Marist,,Monmouth,REG (Conf),W 76-66,,7,0,0,,0,0,,0,0,,,0,0,,1,1,2,0,0,0,0,0,0,1.0,Hannah Hand,https://www.sports-reference.com/cbb/players/hannah-hand-1.html,marist,2019-20
9,54,11,2020-01-04,Marist,,Saint Peter's,REG (Conf),W 96-76,,5,1,1,1.000,0,0,,1,1,1.000,1.000,0,0,,2,0,2,0,0,1,1,1,2,2.4,Hannah Hand,https://www.sports-reference.com/cbb/players/hannah-hand-1.html,marist,2019-20
10,55,12,2020-01-09,Marist,@,Canisius,REG (Conf),W 90-59,,9,0,0,,0,0,,0,0,,,0,0,,0,0,0,0,0,0,0,1,0,-0.4,Hannah Hand,https://www.sports-reference.com/cbb/players/hannah-hand-1.html,marist,2019-20
11,56,13,2020-01-11,Marist,@,Niagara,REG (Conf),W 94-67,,16,2,6,.333,0,2,.000,2,4,.500,.333,0,0,,1,1,2,1,0,0,0,2,4,1.5,Hannah Hand,https://www.sports-reference.com/cbb/players/hannah-hand-1.html,marist,2019-20
12,57,15,2020-01-18,Marist,@,Manhattan,REG (Conf),W 71-66,,3,0,0,,0,0,,0,0,,,0,0,,0,0,0,0,0,0,0,0,0,0.0,Hannah Hand,https://www.sports-reference.com/cbb/players/hannah-hand-1.html,marist,2019-20
13,58,19,2020-02-01,Marist,,Niagara,REG (Conf),W 82-57,,12,2,6,.333,0,2,.000,2,4,.500,.333,3,3,1.000,0,0,0,1,0,0,0,3,7,3.1,Hannah Hand,https://www.sports-reference.com/cbb/players/hannah-hand-1.html,marist,2019-20
14,59,20,2020-02-04,Marist,@,Iona,REG (Conf),W 73-56,,24,6,8,.750,3,5,.600,3,3,1.000,.938,0,0,,1,4,5,1,2,0,2,2,15,13.6,Hannah Hand,https://www.sports-reference.com/cbb/players/hannah-hand-1.html,marist,2019-20
15,60,21,2020-02-08,Marist,,Manhattan,REG (Conf),W 74-53,,10,2,5,.400,0,2,.000,2,3,.667,.400,2,2,1.000,0,1,1,0,0,0,0,0,6,3.6,Hannah Hand,https://www.sports-reference.com/cbb/players/hannah-hand-1.html,marist,2019-20
16,61,22,2020-02-11,Marist,@,Rider,REG (Conf),W 63-58,,6,2,2,1.000,0,0,,2,2,1.000,1.000,0,0,,0,1,1,0,1,0,0,0,4,4.7,Hannah Hand,https://www.sports-reference.com/cbb/players/hannah-hand-1.html,marist,2019-20
17,62,23,2020-02-13,Marist,,Canisius,REG (Conf),W 86-72,,16,3,4,.750,1,2,.500,2,2,1.000,.875,0,1,.000,2,0,2,1,1,0,0,3,7,6.9,Hannah Hand,https://www.sports-reference.com/cbb/players/hannah-hand-1.html,marist,2019-20
18,63,24,2020-02-16,Marist,@,Siena,REG (Conf),W 78-55,,11,3,5,.600,2,4,.500,1,1,1.000,.800,0,0,,0,1,1,0,0,0,2,1,8,3.6,Hannah Hand,https://www.sports-reference.com/cbb/players/hannah-hand-1.html,marist,2019-20
19,64,25,2020-02-20,Marist,@,Saint Peter's,REG (Conf),W 82-60,,4,0,1,.000,0,0,,0,1,.000,.000,0,2,.000,0,0,0,0,1,0,1,1,0,-1.9,Hannah Hand,https://www.sports-reference.com/cbb/players/hannah-hand-1.html,marist,2019-20
20,65,26,2020-02-24,Marist,,Fairfield,REG (Conf),W 75-45,,12,2,4,.500,0,2,.000,2,2,1.000,.500,2,2,1.000,2,1,3,1,1,0,2,0,6,5.4,Hannah Hand,https://www.sports-reference.com/cbb/players/hannah-hand-1.html,marist,2019-20
21,66,27,2020-02-29,Marist,@,Quinnipiac,REG (Conf),W 64-51,,6,0,0,,0,0,,0,0,,,0,0,,0,2,2,0,0,0,1,1,0,-0.8,Hannah Hand,https://www.sports-reference.com/cbb/players/hannah-hand-1.html,marist,2019-20
22,67,28,2020-03-05,Marist,,Iona,REG (Conf),W 59-47,,12,1,3,.333,1,2,.500,0,1,.000,.500,0,0,,1,1,2,1,0,0,0,1,3,2.6,Hannah Hand,https://www.sports-reference.com/cbb/players/hannah-hand-1.html,marist,2019-20
23,68,29,2020-03-07,Marist,,Siena,REG (Conf),W 81-69,*,13,1,2,.500,1,2,.500,0,0,,.750,2,2,1.000,0,1,1,0,1,1,0,1,5,5.6,Hannah Hand,https://www.sports-reference.com/cbb/players/hannah-hand-1.html,marist,2019-20
24,69,30,2020-03-11,Marist,,Monmouth,CTOURN,W 68-44,,2,0,0,,0,0,,0,0,,,0,0,,0,0,0,0,0,0,0,0,0,0.0,Hannah Hand,https://www.sports-reference.com/cbb/players/hannah-hand-1.html,marist,2019-20
