ranker,player_game_num_career,team_game_num_season,date,team_name_abbr,game_location,opp_name_abbr,game_type,game_result,is_starter,mp,fg,fga,fg_pct,fg3,fg3a,fg3_pct,fg2,fg2a,fg2_pct,efg_pct,ft,fta,ft_pct,orb,drb,trb,ast,stl,blk,tov,pf,pts,game_score,player_name,player_sr_link,school,season
1,1,2,2019-11-13,Marist,,Albany (NY),REG (Non-Conf),W 76-52,,3,2,4,.500,0,1,.000,2,3,.667,.500,0,0,,0,0,0,0,0,0,0,0,4,2.0,Julianna Bonilla,https://www.sports-reference.com/cbb/players/julianna-bonilla-1.html,marist,2019-20
2,2,5,2019-11-23,Marist,@,Lipscomb,REG (Non-Conf),W 74-63,,2,0,0,,0,0,,0,0,,,1,4,.250,0,1,1,0,0,0,1,3,1,-2.1,Julianna Bonilla,https://www.sports-reference.com/cbb/players/julianna-bonilla-1.html,marist,2019-20
3,3,6,2019-11-30,Marist,@,Central Michigan,REG (Non-Conf),L 54-77,,2,0,0,,0,0,,0,0,,,0,0,,0,0,0,0,0,0,0,0,0,0.0,Julianna Bonilla,https://www.sports-reference.com/cbb/players/julianna-bonilla-1.html,marist,2019-20
4,4,7,2019-12-07,Marist,,Princeton,REG (Non-Conf),L 50-62,,1,0,1,.000,0,1,.000,0,0,,.000,0,0,,0,0,0,0,0,0,0,0,0,-0.7,Julianna Bonilla,https://www.sports-reference.com/cbb/players/julianna-bonilla-1.html,marist,2019-20
5,5,10,2020-01-02,Marist,,Monmouth,REG (Conf),W 76-66,,3,0,1,.000,0,1,.000,0,0,,.000,0,0,,0,1,1,0,0,0,0,0,0,-0.4,Julianna Bonilla,https://www.sports-reference.com/cbb/players/julianna-bonilla-1.html,marist,2019-20
6,6,11,2020-01-04,Marist,,Saint Peter's,REG (Conf),W 96-76,,5,0,3,.000,0,1,.000,0,2,.000,.000,0,0,,0,0,0,0,0,0,0,1,0,-2.5,Julianna Bonilla,https://www.sports-reference.com/cbb/players/julianna-bonilla-1.html,marist,2019-20
7,7,12,2020-01-09,Marist,@,Canisius,REG (Conf),W 90-59,,2,2,2,1.000,1,1,1.000,1,1,1.000,1.250,0,1,.000,0,0,0,0,0,0,1,2,5,2.2,Julianna Bonilla,https://www.sports-reference.com/cbb/players/julianna-bonilla-1.html,marist,2019-20
8,8,13,2020-01-11,Marist,@,Niagara,REG (Conf),W 94-67,,7,1,2,.500,0,1,.000,1,1,1.000,.500,2,2,1.000,0,1,1,1,0,0,0,1,4,3.6,Julianna Bonilla,https://www.sports-reference.com/cbb/players/julianna-bonilla-1.html,marist,2019-20
9,9,17,2020-01-25,Marist,@,Monmouth,REG (Conf),W 74-53,,3,0,0,,0,0,,0,0,,,0,0,,0,1,1,0,0,0,0,1,0,-0.1,Julianna Bonilla,https://www.sports-reference.com/cbb/players/julianna-bonilla-1.html,marist,2019-20
10,10,19,2020-02-01,Marist,,Niagara,REG (Conf),W 82-57,,2,0,0,,0,0,,0,0,,,0,0,,0,1,1,0,0,0,0,0,0,0.3,Julianna Bonilla,https://www.sports-reference.com/cbb/players/julianna-bonilla-1.html,marist,2019-20
11,11,20,2020-02-04,Marist,@,Iona,REG (Conf),W 73-56,,5,0,2,.000,0,1,.000,0,1,.000,.000,0,0,,0,0,0,0,0,0,1,0,0,-2.4,Julianna Bonilla,https://www.sports-reference.com/cbb/players/julianna-bonilla-1.html,marist,2019-20
12,12,21,2020-02-08,Marist,,Manhattan,REG (Conf),W 74-53,,3,0,0,,0,0,,0,0,,,0,0,,0,1,1,0,0,0,0,0,0,0.3,Julianna Bonilla,https://www.sports-reference.com/cbb/players/julianna-bonilla-1.html,marist,2019-20
13,13,23,2020-02-13,Marist,,Canisius,REG (Conf),W 86-72,,2,0,0,,0,0,,0,0,,,0,0,,0,0,0,1,0,1,0,0,0,1.4,Julianna Bonilla,https://www.sports-reference.com/cbb/players/julianna-bonilla-1.html,marist,2019-20
14,14,25,2020-02-20,Marist,@,Saint Peter's,REG (Conf),W 82-60,,1,0,0,,0,0,,0,0,,,0,0,,0,0,0,0,0,0,0,0,0,0.0,Julianna Bonilla,https://www.sports-reference.com/cbb/players/julianna-bonilla-1.html,marist,2019-20
15,15,26,2020-02-24,Marist,,Fairfield,REG (Conf),W 75-45,,4,0,0,,0,0,,0,0,,,0,0,,0,0,0,1,0,0,1,0,0,-0.3,Julianna Bonilla,https://www.sports-reference.com/cbb/players/julianna-bonilla-1.html,marist,2019-20
16,16,29,2020-03-07,Marist,,Siena,REG (Conf),W 81-69,,1,0,0,,0,0,,0,0,,,0,0,,0,0,0,0,0,0,0,1,0,-0.4,Julianna Bonilla,https://www.sports-reference.com/cbb/players/julianna-bonilla-1.html,marist,2019-20
17,17,30,2020-03-11,Marist,,Monmouth,CTOURN,W 68-44,,3,0,0,,0,0,,0,0,,,0,0,,0,0,0,0,0,0,2,1,0,-2.4,Julianna Bonilla,https://www.sports-reference.com/cbb/players/julianna-bonilla-1.html,marist,2019-20
