ranker,player_game_num_career,team_game_num_season,date,team_name_abbr,game_location,opp_name_abbr,game_type,game_result,is_starter,mp,fg,fga,fg_pct,fg3,fg3a,fg3_pct,fg2,fg2a,fg2_pct,efg_pct,ft,fta,ft_pct,orb,drb,trb,ast,stl,blk,tov,pf,pts,game_score,player_name,player_sr_link,school,season
1,29,1,2019-11-08,Marist,@,Boston University,REG (Non-Conf),W 89-75,,2,0,1,.000,0,1,.000,0,0,,.000,0,0,,0,1,1,0,0,0,0,1,0,-0.8,Kendall Krick,https://www.sports-reference.com/cbb/players/kendall-krick-1.html,marist,2019-20
2,30,2,2019-11-13,Marist,,Albany (NY),REG (Non-Conf),W 76-52,,6,1,1,1.000,0,0,,1,1,1.000,1.000,0,0,,1,0,1,0,0,0,0,1,2,2.0,Kendall Krick,https://www.sports-reference.com/cbb/players/kendall-krick-1.html,marist,2019-20
3,31,3,2019-11-17,Marist,,Elon,REG (Non-Conf),W 63-55,,16,2,3,.667,2,3,.667,0,0,,1.000,0,0,,0,3,3,0,1,0,0,1,6,6.2,Kendall Krick,https://www.sports-reference.com/cbb/players/kendall-krick-1.html,marist,2019-20
4,32,4,2019-11-22,Marist,,North Florida,REG (Non-Conf),W 69-54,,2,0,1,.000,0,0,,0,1,.000,.000,0,0,,0,0,0,0,1,0,1,0,0,-0.7,Kendall Krick,https://www.sports-reference.com/cbb/players/kendall-krick-1.html,marist,2019-20
5,33,5,2019-11-23,Marist,@,Lipscomb,REG (Non-Conf),W 74-63,,5,0,0,,0,0,,0,0,,,5,6,.833,0,2,2,0,0,0,0,0,5,5.2,Kendall Krick,https://www.sports-reference.com/cbb/players/kendall-krick-1.html,marist,2019-20
6,34,6,2019-11-30,Marist,@,Central Michigan,REG (Non-Conf),L 54-77,,4,0,1,.000,0,1,.000,0,0,,.000,0,0,,0,0,0,0,0,0,0,1,0,-1.1,Kendall Krick,https://www.sports-reference.com/cbb/players/kendall-krick-1.html,marist,2019-20
7,35,7,2019-12-07,Marist,,Princeton,REG (Non-Conf),L 50-62,,7,0,0,,0,0,,0,0,,,2,2,1.000,0,1,1,0,0,0,0,1,2,1.9,Kendall Krick,https://www.sports-reference.com/cbb/players/kendall-krick-1.html,marist,2019-20
8,36,8,2019-12-15,Marist,,Green Bay,REG (Non-Conf),W 72-60,,17,2,4,.500,2,3,.667,0,1,.000,.750,0,0,,0,2,2,0,0,0,0,1,6,4.2,Kendall Krick,https://www.sports-reference.com/cbb/players/kendall-krick-1.html,marist,2019-20
9,37,9,2019-12-19,Marist,@,UT Arlington,REG (Non-Conf),W 73-57,,12,1,2,.500,1,2,.500,0,0,,.750,0,0,,0,3,3,0,0,0,0,0,3,2.9,Kendall Krick,https://www.sports-reference.com/cbb/players/kendall-krick-1.html,marist,2019-20
10,38,10,2020-01-02,Marist,,Monmouth,REG (Conf),W 76-66,,10,3,5,.600,0,2,.000,3,3,1.000,.600,0,0,,1,0,1,1,0,0,0,0,6,5.1,Kendall Krick,https://www.sports-reference.com/cbb/players/kendall-krick-1.html,marist,2019-20
11,39,11,2020-01-04,Marist,,Saint Peter's,REG (Conf),W 96-76,,16,1,6,.167,1,3,.333,0,3,.000,.250,0,0,,0,0,0,1,0,0,1,0,3,-1.1,Kendall Krick,https://www.sports-reference.com/cbb/players/kendall-krick-1.html,marist,2019-20
12,40,12,2020-01-09,Marist,@,Canisius,REG (Conf),W 90-59,,9,3,6,.500,1,3,.333,2,3,.667,.583,0,0,,2,0,2,1,2,0,1,1,7,6.7,Kendall Krick,https://www.sports-reference.com/cbb/players/kendall-krick-1.html,marist,2019-20
13,41,13,2020-01-11,Marist,@,Niagara,REG (Conf),W 94-67,,11,2,2,1.000,1,1,1.000,1,1,1.000,1.250,0,0,,1,1,2,0,1,0,2,0,5,4.4,Kendall Krick,https://www.sports-reference.com/cbb/players/kendall-krick-1.html,marist,2019-20
14,42,14,2020-01-16,Marist,,Rider,REG (Conf),L 72-76 (OT),,7,0,0,,0,0,,0,0,,,0,0,,0,0,0,0,0,0,0,0,0,0.0,Kendall Krick,https://www.sports-reference.com/cbb/players/kendall-krick-1.html,marist,2019-20
15,43,15,2020-01-18,Marist,@,Manhattan,REG (Conf),W 71-66,,5,0,1,.000,0,0,,0,1,.000,.000,0,0,,0,1,1,0,0,0,0,0,0,-0.4,Kendall Krick,https://www.sports-reference.com/cbb/players/kendall-krick-1.html,marist,2019-20
16,44,16,2020-01-23,Marist,,Quinnipiac,REG (Conf),W 73-60,,19,1,3,.333,0,2,.000,1,1,1.000,.333,0,0,,0,2,2,1,0,0,0,2,2,0.8,Kendall Krick,https://www.sports-reference.com/cbb/players/kendall-krick-1.html,marist,2019-20
17,45,17,2020-01-25,Marist,@,Monmouth,REG (Conf),W 74-53,,20,2,5,.400,1,2,.500,1,3,.333,.500,0,0,,0,2,2,2,1,0,1,1,5,3.9,Kendall Krick,https://www.sports-reference.com/cbb/players/kendall-krick-1.html,marist,2019-20
18,46,18,2020-01-30,Marist,@,Fairfield,REG (Conf),L 48-52,,19,1,6,.167,0,3,.000,1,3,.333,.167,0,0,,0,1,1,0,1,0,1,1,2,-1.9,Kendall Krick,https://www.sports-reference.com/cbb/players/kendall-krick-1.html,marist,2019-20
19,47,19,2020-02-01,Marist,,Niagara,REG (Conf),W 82-57,,16,0,1,.000,0,0,,0,1,.000,.000,2,2,1.000,1,2,3,1,1,0,2,2,2,1.5,Kendall Krick,https://www.sports-reference.com/cbb/players/kendall-krick-1.html,marist,2019-20
20,48,20,2020-02-04,Marist,@,Iona,REG (Conf),W 73-56,,17,1,4,.250,0,3,.000,1,1,1.000,.250,0,0,,0,2,2,1,0,0,1,0,2,-0.1,Kendall Krick,https://www.sports-reference.com/cbb/players/kendall-krick-1.html,marist,2019-20
21,49,21,2020-02-08,Marist,,Manhattan,REG (Conf),W 74-53,,11,1,4,.250,1,3,.333,0,1,.000,.375,0,0,,1,1,2,0,0,0,0,0,3,1.6,Kendall Krick,https://www.sports-reference.com/cbb/players/kendall-krick-1.html,marist,2019-20
22,50,22,2020-02-11,Marist,@,Rider,REG (Conf),W 63-58,,0,0,0,,0,0,,0,0,,,0,0,,0,0,0,0,1,0,0,0,0,1.0,Kendall Krick,https://www.sports-reference.com/cbb/players/kendall-krick-1.html,marist,2019-20
23,51,23,2020-02-13,Marist,,Canisius,REG (Conf),W 86-72,,10,2,3,.667,0,1,.000,2,2,1.000,.667,0,1,.000,0,1,1,1,0,0,0,0,4,3.3,Kendall Krick,https://www.sports-reference.com/cbb/players/kendall-krick-1.html,marist,2019-20
24,52,24,2020-02-16,Marist,@,Siena,REG (Conf),W 78-55,,9,1,3,.333,0,2,.000,1,1,1.000,.333,0,0,,0,0,0,0,0,0,0,0,2,0.3,Kendall Krick,https://www.sports-reference.com/cbb/players/kendall-krick-1.html,marist,2019-20
25,53,25,2020-02-20,Marist,@,Saint Peter's,REG (Conf),W 82-60,,4,0,0,,0,0,,0,0,,,0,0,,0,2,2,0,0,0,0,0,0,0.6,Kendall Krick,https://www.sports-reference.com/cbb/players/kendall-krick-1.html,marist,2019-20
26,54,26,2020-02-24,Marist,,Fairfield,REG (Conf),W 75-45,,6,1,2,.500,0,1,.000,1,1,1.000,.500,0,0,,0,1,1,0,0,0,0,0,2,1.3,Kendall Krick,https://www.sports-reference.com/cbb/players/kendall-krick-1.html,marist,2019-20
27,55,28,2020-03-05,Marist,,Iona,REG (Conf),W 59-47,,2,0,0,,0,0,,0,0,,,0,0,,0,0,0,0,0,0,0,0,0,0.0,Kendall Krick,https://www.sports-reference.com/cbb/players/kendall-krick-1.html,marist,2019-20
28,56,29,2020-03-07,Marist,,Siena,REG (Conf),W 81-69,,1,0,0,,0,0,,0,0,,,0,0,,0,0,0,0,0,0,0,0,0,0.0,Kendall Krick,https://www.sports-reference.com/cbb/players/kendall-krick-1.html,marist,2019-20
29,57,30,2020-03-11,Marist,,Monmouth,CTOURN,W 68-44,,6,0,1,.000,0,0,,0,1,.000,.000,0,0,,0,0,0,0,0,0,0,0,0,-0.7,Kendall Krick,https://www.sports-reference.com/cbb/players/kendall-krick-1.html,marist,2019-20
