ranker,player_game_num_career,team_game_num_season,date,team_name_abbr,game_location,opp_name_abbr,game_type,game_result,is_starter,mp,fg,fga,fg_pct,fg3,fg3a,fg3_pct,fg2,fg2a,fg2_pct,efg_pct,ft,fta,ft_pct,orb,drb,trb,ast,stl,blk,tov,pf,pts,game_score,player_name,player_sr_link,school,season
1,38,1,2019-11-08,Marist,@,Boston University,REG (Non-Conf),W 89-75,,26,2,6,.333,1,2,.500,1,4,.250,.417,7,8,.875,1,8,9,1,0,2,2,4,12,9.8,Molly Smith,https://www.sports-reference.com/cbb/players/molly-smith-1.html,marist,2019-20
2,39,2,2019-11-13,Marist,,Albany (NY),REG (Non-Conf),W 76-52,,18,2,5,.400,1,2,.500,1,3,.333,.500,0,0,,1,2,3,0,2,0,0,4,5,4.0,Molly Smith,https://www.sports-reference.com/cbb/players/molly-smith-1.html,marist,2019-20
3,40,3,2019-11-17,Marist,,Elon,REG (Non-Conf),W 63-55,,4,0,1,.000,0,1,.000,0,0,,.000,0,0,,0,0,0,0,0,0,0,0,0,-0.7,Molly Smith,https://www.sports-reference.com/cbb/players/molly-smith-1.html,marist,2019-20
4,41,4,2019-11-22,Marist,,North Florida,REG (Non-Conf),W 69-54,,25,3,4,.750,2,2,1.000,1,2,.500,1.000,0,0,,0,3,3,1,1,0,1,1,8,7.6,Molly Smith,https://www.sports-reference.com/cbb/players/molly-smith-1.html,marist,2019-20
5,42,5,2019-11-23,Marist,@,Lipscomb,REG (Non-Conf),W 74-63,*,29,3,7,.429,0,2,.000,3,5,.600,.429,0,0,,3,2,5,2,1,2,2,3,6,5.6,Molly Smith,https://www.sports-reference.com/cbb/players/molly-smith-1.html,marist,2019-20
6,43,6,2019-11-30,Marist,@,Central Michigan,REG (Non-Conf),L 54-77,*,25,0,3,.000,0,1,.000,0,2,.000,.000,0,0,,1,0,1,0,1,0,2,1,0,-2.8,Molly Smith,https://www.sports-reference.com/cbb/players/molly-smith-1.html,marist,2019-20
7,44,7,2019-12-07,Marist,,Princeton,REG (Non-Conf),L 50-62,*,23,1,2,.500,0,0,,1,2,.500,.500,2,2,1.000,2,5,7,0,1,1,1,3,4,5.4,Molly Smith,https://www.sports-reference.com/cbb/players/molly-smith-1.html,marist,2019-20
8,45,8,2019-12-15,Marist,,Green Bay,REG (Non-Conf),W 72-60,*,35,2,8,.250,1,5,.200,1,3,.333,.313,0,0,,1,1,2,2,0,0,0,3,5,1.4,Molly Smith,https://www.sports-reference.com/cbb/players/molly-smith-1.html,marist,2019-20
9,46,9,2019-12-19,Marist,@,UT Arlington,REG (Non-Conf),W 73-57,*,26,1,1,1.000,1,1,1.000,0,0,,1.500,0,0,,1,4,5,3,0,2,1,4,3,5.5,Molly Smith,https://www.sports-reference.com/cbb/players/molly-smith-1.html,marist,2019-20
10,47,10,2020-01-02,Marist,,Monmouth,REG (Conf),W 76-66,*,22,2,6,.333,2,3,.667,0,3,.000,.500,0,0,,0,2,2,1,3,0,0,1,6,6.5,Molly Smith,https://www.sports-reference.com/cbb/players/molly-smith-1.html,marist,2019-20
11,48,11,2020-01-04,Marist,,Saint Peter's,REG (Conf),W 96-76,*,8,3,3,1.000,0,0,,3,3,1.000,1.000,0,0,,0,1,1,1,0,0,0,1,6,5.7,Molly Smith,https://www.sports-reference.com/cbb/players/molly-smith-1.html,marist,2019-20
12,49,12,2020-01-09,Marist,@,Canisius,REG (Conf),W 90-59,,14,1,2,.500,0,0,,1,2,.500,.500,0,0,,0,0,0,0,0,1,2,2,2,-1.1,Molly Smith,https://www.sports-reference.com/cbb/players/molly-smith-1.html,marist,2019-20
13,50,13,2020-01-11,Marist,@,Niagara,REG (Conf),W 94-67,,14,3,5,.600,1,3,.333,2,2,1.000,.700,0,0,,0,0,0,1,1,0,0,0,7,6.4,Molly Smith,https://www.sports-reference.com/cbb/players/molly-smith-1.html,marist,2019-20
14,51,14,2020-01-16,Marist,,Rider,REG (Conf),L 72-76 (OT),,8,0,1,.000,0,0,,0,1,.000,.000,0,0,,0,0,0,0,0,0,0,0,0,-0.7,Molly Smith,https://www.sports-reference.com/cbb/players/molly-smith-1.html,marist,2019-20
15,52,15,2020-01-18,Marist,@,Manhattan,REG (Conf),W 71-66,,6,3,3,1.000,0,0,,3,3,1.000,1.000,1,2,.500,0,1,1,0,1,0,0,1,7,6.6,Molly Smith,https://www.sports-reference.com/cbb/players/molly-smith-1.html,marist,2019-20
16,53,16,2020-01-23,Marist,,Quinnipiac,REG (Conf),W 73-60,,15,2,3,.667,2,3,.667,0,0,,1.000,0,0,,0,2,2,0,0,0,0,1,6,4.9,Molly Smith,https://www.sports-reference.com/cbb/players/molly-smith-1.html,marist,2019-20
17,54,17,2020-01-25,Marist,@,Monmouth,REG (Conf),W 74-53,,17,1,4,.250,1,2,.500,0,2,.000,.375,1,2,.500,0,2,2,1,1,0,0,2,4,2.7,Molly Smith,https://www.sports-reference.com/cbb/players/molly-smith-1.html,marist,2019-20
18,55,18,2020-01-30,Marist,@,Fairfield,REG (Conf),L 48-52,,19,1,6,.167,1,3,.333,0,3,.000,.250,0,0,,1,2,3,2,0,0,0,1,3,1.5,Molly Smith,https://www.sports-reference.com/cbb/players/molly-smith-1.html,marist,2019-20
19,56,19,2020-02-01,Marist,,Niagara,REG (Conf),W 82-57,,11,1,4,.250,0,2,.000,1,2,.500,.250,0,0,,0,1,1,1,0,0,1,1,2,-0.8,Molly Smith,https://www.sports-reference.com/cbb/players/molly-smith-1.html,marist,2019-20
20,57,20,2020-02-04,Marist,@,Iona,REG (Conf),W 73-56,,20,2,5,.400,1,3,.333,1,2,.500,.500,0,0,,0,5,5,4,0,0,2,1,5,4.2,Molly Smith,https://www.sports-reference.com/cbb/players/molly-smith-1.html,marist,2019-20
21,58,21,2020-02-08,Marist,,Manhattan,REG (Conf),W 74-53,,14,3,3,1.000,2,2,1.000,1,1,1.000,1.333,0,0,,1,3,4,1,0,0,1,0,8,8.4,Molly Smith,https://www.sports-reference.com/cbb/players/molly-smith-1.html,marist,2019-20
22,59,22,2020-02-11,Marist,@,Rider,REG (Conf),W 63-58,,14,2,5,.400,0,1,.000,2,4,.500,.400,0,0,,1,2,3,1,1,0,0,1,4,3.9,Molly Smith,https://www.sports-reference.com/cbb/players/molly-smith-1.html,marist,2019-20
23,60,23,2020-02-13,Marist,,Canisius,REG (Conf),W 86-72,,14,2,3,.667,0,1,.000,2,2,1.000,.667,0,0,,0,1,1,1,0,0,1,1,4,2.3,Molly Smith,https://www.sports-reference.com/cbb/players/molly-smith-1.html,marist,2019-20
24,61,24,2020-02-16,Marist,@,Siena,REG (Conf),W 78-55,,14,2,4,.500,1,3,.333,1,1,1.000,.625,0,0,,1,0,1,0,0,0,0,1,5,3.3,Molly Smith,https://www.sports-reference.com/cbb/players/molly-smith-1.html,marist,2019-20
25,62,25,2020-02-20,Marist,@,Saint Peter's,REG (Conf),W 82-60,,9,2,3,.667,2,3,.667,0,0,,1.000,0,0,,0,2,2,0,0,0,0,1,6,4.9,Molly Smith,https://www.sports-reference.com/cbb/players/molly-smith-1.html,marist,2019-20
26,63,26,2020-02-24,Marist,,Fairfield,REG (Conf),W 75-45,,16,1,3,.333,0,1,.000,1,2,.500,.333,0,0,,1,4,5,0,0,1,0,1,2,2.5,Molly Smith,https://www.sports-reference.com/cbb/players/molly-smith-1.html,marist,2019-20
27,64,27,2020-02-29,Marist,@,Quinnipiac,REG (Conf),W 64-51,,15,0,2,.000,0,1,.000,0,1,.000,.000,0,0,,0,2,2,1,1,0,1,2,0,-0.9,Molly Smith,https://www.sports-reference.com/cbb/players/molly-smith-1.html,marist,2019-20
28,65,28,2020-03-05,Marist,,Iona,REG (Conf),W 59-47,,12,1,2,.500,1,2,.500,0,0,,.750,0,0,,0,2,2,1,0,0,0,0,3,3.3,Molly Smith,https://www.sports-reference.com/cbb/players/molly-smith-1.html,marist,2019-20
29,66,29,2020-03-07,Marist,,Siena,REG (Conf),W 81-69,*,14,1,2,.500,0,1,.000,1,1,1.000,.500,0,0,,0,0,0,0,0,2,1,0,2,1.4,Molly Smith,https://www.sports-reference.com/cbb/players/molly-smith-1.html,marist,2019-20
30,67,30,2020-03-11,Marist,,Monmouth,CTOURN,W 68-44,,18,3,6,.500,2,4,.500,1,2,.500,.667,0,0,,0,2,2,0,2,1,0,2,8,7.5,Molly Smith,https://www.sports-reference.com/cbb/players/molly-smith-1.html,marist,2019-20
