ranker,player_game_num_career,team_game_num_season,date,team_name_abbr,game_location,opp_name_abbr,game_type,game_result,is_starter,mp,fg,fga,fg_pct,fg3,fg3a,fg3_pct,fg2,fg2a,fg2_pct,efg_pct,ft,fta,ft_pct,orb,drb,trb,ast,stl,blk,tov,pf,pts,game_score,player_name,player_sr_link,school,season
1,97,1,2019-11-08,Marist,@,Boston University,REG (Non-Conf),W 89-75,*,36,8,14,.571,4,6,.667,4,8,.500,.714,7,8,.875,4,4,8,1,0,0,1,3,27,22.5,Rebekah Hand,https://www.sports-reference.com/cbb/players/rebekah-hand-1.html,marist,2019-20
2,98,2,2019-11-13,Marist,,Albany (NY),REG (Non-Conf),W 76-52,*,25,3,6,.500,2,4,.500,1,2,.500,.667,2,2,1.000,0,0,0,2,0,0,2,3,10,5.2,Rebekah Hand,https://www.sports-reference.com/cbb/players/rebekah-hand-1.html,marist,2019-20
3,99,3,2019-11-17,Marist,,Elon,REG (Non-Conf),W 63-55,*,35,6,13,.462,1,5,.200,5,8,.625,.500,9,10,.900,2,2,4,3,2,0,2,3,22,17.8,Rebekah Hand,https://www.sports-reference.com/cbb/players/rebekah-hand-1.html,marist,2019-20
4,100,4,2019-11-22,Marist,,North Florida,REG (Non-Conf),W 69-54,*,31,6,16,.375,3,11,.273,3,5,.600,.469,2,2,1.000,2,2,4,4,4,0,5,2,17,11.2,Rebekah Hand,https://www.sports-reference.com/cbb/players/rebekah-hand-1.html,marist,2019-20
5,101,5,2019-11-23,Marist,@,Lipscomb,REG (Non-Conf),W 74-63,*,37,10,15,.667,4,8,.500,6,7,.857,.800,0,0,,2,1,3,1,1,0,1,2,24,19.1,Rebekah Hand,https://www.sports-reference.com/cbb/players/rebekah-hand-1.html,marist,2019-20
6,102,6,2019-11-30,Marist,@,Central Michigan,REG (Non-Conf),L 54-77,*,35,4,12,.333,1,8,.125,3,4,.750,.375,6,6,1.000,1,3,4,2,1,1,2,0,15,10.9,Rebekah Hand,https://www.sports-reference.com/cbb/players/rebekah-hand-1.html,marist,2019-20
7,103,7,2019-12-07,Marist,,Princeton,REG (Non-Conf),L 50-62,*,36,7,13,.538,2,5,.400,5,8,.625,.615,2,3,.667,0,1,1,1,1,1,1,2,18,12.2,Rebekah Hand,https://www.sports-reference.com/cbb/players/rebekah-hand-1.html,marist,2019-20
8,104,8,2019-12-15,Marist,,Green Bay,REG (Non-Conf),W 72-60,*,36,5,13,.385,2,8,.250,3,5,.600,.462,2,2,1.000,2,8,10,3,0,0,0,0,14,12.8,Rebekah Hand,https://www.sports-reference.com/cbb/players/rebekah-hand-1.html,marist,2019-20
9,105,9,2019-12-19,Marist,@,UT Arlington,REG (Non-Conf),W 73-57,*,35,8,14,.571,1,4,.250,7,10,.700,.607,3,3,1.000,2,9,11,3,0,0,1,1,20,18.2,Rebekah Hand,https://www.sports-reference.com/cbb/players/rebekah-hand-1.html,marist,2019-20
10,106,10,2020-01-02,Marist,,Monmouth,REG (Conf),W 76-66,*,28,4,8,.500,1,3,.333,3,5,.600,.563,2,4,.500,1,4,5,4,1,1,3,2,11,8.8,Rebekah Hand,https://www.sports-reference.com/cbb/players/rebekah-hand-1.html,marist,2019-20
11,107,11,2020-01-04,Marist,,Saint Peter's,REG (Conf),W 96-76,*,29,9,16,.563,3,7,.429,6,9,.667,.656,4,5,.800,4,3,7,6,2,0,1,1,25,25.5,Rebekah Hand,https://www.sports-reference.com/cbb/players/rebekah-hand-1.html,marist,2019-20
12,108,12,2020-01-09,Marist,@,Canisius,REG (Conf),W 90-59,*,26,7,12,.583,4,7,.571,3,5,.600,.750,0,0,,4,6,10,5,1,0,1,0,18,20.5,Rebekah Hand,https://www.sports-reference.com/cbb/players/rebekah-hand-1.html,marist,2019-20
13,109,13,2020-01-11,Marist,@,Niagara,REG (Conf),W 94-67,*,18,8,9,.889,2,2,1.000,6,7,.857,1.000,0,0,,0,2,2,2,1,0,0,2,18,17.1,Rebekah Hand,https://www.sports-reference.com/cbb/players/rebekah-hand-1.html,marist,2019-20
14,110,14,2020-01-16,Marist,,Rider,REG (Conf),L 72-76 (OT),*,35,5,13,.385,2,4,.500,3,9,.333,.462,2,2,1.000,1,5,6,1,1,1,1,5,14,8.5,Rebekah Hand,https://www.sports-reference.com/cbb/players/rebekah-hand-1.html,marist,2019-20
15,111,15,2020-01-18,Marist,@,Manhattan,REG (Conf),W 71-66,*,38,9,13,.692,4,6,.667,5,7,.714,.846,2,2,1.000,1,2,3,3,2,0,4,2,24,19.1,Rebekah Hand,https://www.sports-reference.com/cbb/players/rebekah-hand-1.html,marist,2019-20
16,112,16,2020-01-23,Marist,,Quinnipiac,REG (Conf),W 73-60,*,35,5,9,.556,2,3,.667,3,6,.500,.667,1,2,.500,0,6,6,4,1,0,3,2,13,10.1,Rebekah Hand,https://www.sports-reference.com/cbb/players/rebekah-hand-1.html,marist,2019-20
17,113,17,2020-01-25,Marist,@,Monmouth,REG (Conf),W 74-53,*,32,4,12,.333,4,9,.444,0,3,.000,.500,0,0,,3,2,5,6,1,1,1,1,12,12.4,Rebekah Hand,https://www.sports-reference.com/cbb/players/rebekah-hand-1.html,marist,2019-20
18,114,18,2020-01-30,Marist,@,Fairfield,REG (Conf),L 48-52,*,40,8,14,.571,1,3,.333,7,11,.636,.607,1,2,.500,1,5,6,2,3,1,2,2,18,15.5,Rebekah Hand,https://www.sports-reference.com/cbb/players/rebekah-hand-1.html,marist,2019-20
19,115,19,2020-02-01,Marist,,Niagara,REG (Conf),W 82-57,*,31,7,14,.500,2,6,.333,5,8,.625,.571,0,0,,5,7,12,3,1,0,2,0,16,15.7,Rebekah Hand,https://www.sports-reference.com/cbb/players/rebekah-hand-1.html,marist,2019-20
20,116,20,2020-02-04,Marist,@,Iona,REG (Conf),W 73-56,*,28,5,8,.625,1,2,.500,4,6,.667,.688,1,2,.500,3,3,6,1,0,0,0,0,12,11.7,Rebekah Hand,https://www.sports-reference.com/cbb/players/rebekah-hand-1.html,marist,2019-20
21,117,21,2020-02-08,Marist,,Manhattan,REG (Conf),W 74-53,*,30,5,12,.417,4,7,.571,1,5,.200,.583,0,0,,0,1,1,5,1,0,1,1,14,11.0,Rebekah Hand,https://www.sports-reference.com/cbb/players/rebekah-hand-1.html,marist,2019-20
22,118,22,2020-02-11,Marist,@,Rider,REG (Conf),W 63-58,*,35,5,14,.357,0,4,.000,5,10,.500,.357,10,11,.909,2,3,5,5,0,0,4,2,20,12.8,Rebekah Hand,https://www.sports-reference.com/cbb/players/rebekah-hand-1.html,marist,2019-20
23,119,23,2020-02-13,Marist,,Canisius,REG (Conf),W 86-72,*,31,6,13,.462,2,9,.222,4,4,1.000,.538,4,4,1.000,0,1,1,7,2,0,0,2,18,17.7,Rebekah Hand,https://www.sports-reference.com/cbb/players/rebekah-hand-1.html,marist,2019-20
24,120,24,2020-02-16,Marist,@,Siena,REG (Conf),W 78-55,*,36,14,17,.824,4,7,.571,10,10,1.000,.941,0,0,,1,3,4,2,2,0,0,0,32,30.7,Rebekah Hand,https://www.sports-reference.com/cbb/players/rebekah-hand-1.html,marist,2019-20
25,121,25,2020-02-20,Marist,@,Saint Peter's,REG (Conf),W 82-60,*,36,7,9,.778,4,5,.800,3,4,.750,1.000,8,8,1.000,2,1,3,3,2,0,1,2,26,26.5,Rebekah Hand,https://www.sports-reference.com/cbb/players/rebekah-hand-1.html,marist,2019-20
26,122,26,2020-02-24,Marist,,Fairfield,REG (Conf),W 75-45,*,30,5,10,.500,2,5,.400,3,5,.600,.600,8,8,1.000,5,5,10,6,1,0,2,1,20,22.8,Rebekah Hand,https://www.sports-reference.com/cbb/players/rebekah-hand-1.html,marist,2019-20
27,123,27,2020-02-29,Marist,@,Quinnipiac,REG (Conf),W 64-51,*,38,4,13,.308,2,6,.333,2,7,.286,.385,2,4,.500,1,5,6,7,0,1,2,2,12,8.7,Rebekah Hand,https://www.sports-reference.com/cbb/players/rebekah-hand-1.html,marist,2019-20
28,124,28,2020-03-05,Marist,,Iona,REG (Conf),W 59-47,*,36,5,11,.455,1,4,.250,4,7,.571,.500,4,4,1.000,5,4,9,2,1,0,5,1,15,11.0,Rebekah Hand,https://www.sports-reference.com/cbb/players/rebekah-hand-1.html,marist,2019-20
29,125,29,2020-03-07,Marist,,Siena,REG (Conf),W 81-69,*,37,7,13,.538,4,9,.444,3,4,.750,.692,0,0,,3,1,4,5,3,0,6,2,18,13.8,Rebekah Hand,https://www.sports-reference.com/cbb/players/rebekah-hand-1.html,marist,2019-20
30,126,30,2020-03-11,Marist,,Monmouth,CTOURN,W 68-44,*,26,7,14,.500,1,5,.200,6,9,.667,.536,3,3,1.000,0,4,4,4,1,0,2,3,18,12.8,Rebekah Hand,https://www.sports-reference.com/cbb/players/rebekah-hand-1.html,marist,2019-20
