ranker,player_game_num_career,team_game_num_season,date,team_name_abbr,game_location,opp_name_abbr,game_type,game_result,is_starter,mp,fg,fga,fg_pct,fg3,fg3a,fg3_pct,fg2,fg2a,fg2_pct,efg_pct,ft,fta,ft_pct,orb,drb,trb,ast,stl,blk,tov,pf,pts,game_score,player_name,player_sr_link,school,season
1,1,2,2019-11-13,Marist,,Albany (NY),REG (Non-Conf),W 76-52,,3,0,1,.000,0,0,,0,1,.000,.000,0,0,,0,0,0,0,0,0,0,0,0,-0.7,Samantha Bailey,https://www.sports-reference.com/cbb/players/samantha-bailey-1.html,marist,2019-20
2,2,4,2019-11-22,Marist,,North Florida,REG (Non-Conf),W 69-54,,1,0,0,,0,0,,0,0,,,0,0,,0,0,0,0,0,0,0,0,0,0.0,Samantha Bailey,https://www.sports-reference.com/cbb/players/samantha-bailey-1.html,marist,2019-20
3,3,5,2019-11-23,Marist,@,Lipscomb,REG (Non-Conf),W 74-63,,7,0,1,.000,0,0,,0,1,.000,.000,0,0,,0,1,1,0,0,0,0,0,0,-0.4,Samantha Bailey,https://www.sports-reference.com/cbb/players/samantha-bailey-1.html,marist,2019-20
4,4,6,2019-11-30,Marist,@,Central Michigan,REG (Non-Conf),L 54-77,,8,0,1,.000,0,0,,0,1,.000,.000,0,0,,0,0,0,0,0,0,0,0,0,-0.7,Samantha Bailey,https://www.sports-reference.com/cbb/players/samantha-bailey-1.html,marist,2019-20
5,5,7,2019-12-07,Marist,,Princeton,REG (Non-Conf),L 50-62,,1,0,0,,0,0,,0,0,,,0,0,,0,0,0,0,0,0,0,0,0,0.0,Samantha Bailey,https://www.sports-reference.com/cbb/players/samantha-bailey-1.html,marist,2019-20
6,6,8,2019-12-15,Marist,,Green Bay,REG (Non-Conf),W 72-60,,7,0,0,,0,0,,0,0,,,1,2,.500,0,0,0,0,0,0,0,0,1,0.6,Samantha Bailey,https://www.sports-reference.com/cbb/players/samantha-bailey-1.html,marist,2019-20
7,7,9,2019-12-19,Marist,@,UT Arlington,REG (Non-Conf),W 73-57,,12,0,1,.000,0,0,,0,1,.000,.000,0,0,,0,1,1,1,0,1,0,1,0,0.6,Samantha Bailey,https://www.sports-reference.com/cbb/players/samantha-bailey-1.html,marist,2019-20
8,8,10,2020-01-02,Marist,,Monmouth,REG (Conf),W 76-66,,9,0,1,.000,0,0,,0,1,.000,.000,0,0,,0,0,0,0,1,0,1,0,0,-0.7,Samantha Bailey,https://www.sports-reference.com/cbb/players/samantha-bailey-1.html,marist,2019-20
9,9,11,2020-01-04,Marist,,Saint Peter's,REG (Conf),W 96-76,,4,1,1,1.000,0,0,,1,1,1.000,1.000,0,0,,1,0,1,0,0,0,0,1,2,2.0,Samantha Bailey,https://www.sports-reference.com/cbb/players/samantha-bailey-1.html,marist,2019-20
10,10,12,2020-01-09,Marist,@,Canisius,REG (Conf),W 90-59,,11,1,1,1.000,0,0,,1,1,1.000,1.000,2,2,1.000,0,0,0,1,1,0,0,3,4,4.2,Samantha Bailey,https://www.sports-reference.com/cbb/players/samantha-bailey-1.html,marist,2019-20
11,11,13,2020-01-11,Marist,@,Niagara,REG (Conf),W 94-67,,15,1,5,.200,0,2,.000,1,3,.333,.200,1,2,.500,0,0,0,1,0,0,1,2,3,-1.6,Samantha Bailey,https://www.sports-reference.com/cbb/players/samantha-bailey-1.html,marist,2019-20
12,12,15,2020-01-18,Marist,@,Manhattan,REG (Conf),W 71-66,,2,0,1,.000,0,0,,0,1,.000,.000,0,0,,0,0,0,0,0,0,0,0,0,-0.7,Samantha Bailey,https://www.sports-reference.com/cbb/players/samantha-bailey-1.html,marist,2019-20
13,13,17,2020-01-25,Marist,@,Monmouth,REG (Conf),W 74-53,,3,0,0,,0,0,,0,0,,,0,0,,0,0,0,0,0,0,0,0,0,0.0,Samantha Bailey,https://www.sports-reference.com/cbb/players/samantha-bailey-1.html,marist,2019-20
14,14,19,2020-02-01,Marist,,Niagara,REG (Conf),W 82-57,,2,1,1,1.000,0,0,,1,1,1.000,1.000,0,0,,0,1,1,0,0,1,0,0,2,2.7,Samantha Bailey,https://www.sports-reference.com/cbb/players/samantha-bailey-1.html,marist,2019-20
15,15,20,2020-02-04,Marist,@,Iona,REG (Conf),W 73-56,,6,0,0,,0,0,,0,0,,,0,0,,1,1,2,0,0,0,1,0,0,0.0,Samantha Bailey,https://www.sports-reference.com/cbb/players/samantha-bailey-1.html,marist,2019-20
16,16,21,2020-02-08,Marist,,Manhattan,REG (Conf),W 74-53,,3,0,0,,0,0,,0,0,,,0,0,,0,1,1,0,0,0,0,0,0,0.3,Samantha Bailey,https://www.sports-reference.com/cbb/players/samantha-bailey-1.html,marist,2019-20
17,17,23,2020-02-13,Marist,,Canisius,REG (Conf),W 86-72,,2,0,1,.000,0,0,,0,1,.000,.000,0,0,,0,0,0,0,0,0,0,0,0,-0.7,Samantha Bailey,https://www.sports-reference.com/cbb/players/samantha-bailey-1.html,marist,2019-20
18,18,24,2020-02-16,Marist,@,Siena,REG (Conf),W 78-55,,2,0,0,,0,0,,0,0,,,0,0,,1,0,1,0,0,0,0,0,0,0.7,Samantha Bailey,https://www.sports-reference.com/cbb/players/samantha-bailey-1.html,marist,2019-20
19,19,26,2020-02-24,Marist,,Fairfield,REG (Conf),W 75-45,,4,1,1,1.000,0,0,,1,1,1.000,1.000,0,0,,0,1,1,0,0,0,0,0,2,2.0,Samantha Bailey,https://www.sports-reference.com/cbb/players/samantha-bailey-1.html,marist,2019-20
20,20,29,2020-03-07,Marist,,Siena,REG (Conf),W 81-69,,1,0,0,,0,0,,0,0,,,0,0,,0,0,0,0,0,0,0,0,0,0.0,Samantha Bailey,https://www.sports-reference.com/cbb/players/samantha-bailey-1.html,marist,2019-20
21,21,30,2020-03-11,Marist,,Monmouth,CTOURN,W 68-44,,3,0,0,,0,0,,0,0,,,0,2,.000,0,0,0,0,0,0,0,1,0,-1.2,Samantha Bailey,https://www.sports-reference.com/cbb/players/samantha-bailey-1.html,marist,2019-20
