ranker,player_game_num_career,team_game_num_season,date,team_name_abbr,game_location,opp_name_abbr,game_type,game_result,is_starter,mp,fg,fga,fg_pct,fg3,fg3a,fg3_pct,fg2,fg2a,fg2_pct,efg_pct,ft,fta,ft_pct,orb,drb,trb,ast,stl,blk,tov,pf,pts,game_score,player_name,player_sr_link,school,season
1,34,1,2019-11-08,Marist,@,Boston University,REG (Non-Conf),W 89-75,,17,1,3,.333,0,1,.000,1,2,.500,.333,0,0,,0,1,1,2,0,0,2,3,2,-1.2,Sarah Barcello,https://www.sports-reference.com/cbb/players/sarah-barcello-1.html,marist,2019-20
2,35,2,2019-11-13,Marist,,Albany (NY),REG (Non-Conf),W 76-52,*,20,5,10,.500,2,5,.400,3,5,.600,.600,0,0,,0,0,0,0,0,1,0,1,12,7.3,Sarah Barcello,https://www.sports-reference.com/cbb/players/sarah-barcello-1.html,marist,2019-20
3,36,3,2019-11-17,Marist,,Elon,REG (Non-Conf),W 63-55,*,17,1,3,.333,0,1,.000,1,2,.500,.333,0,0,,1,1,2,2,0,0,0,0,2,2.7,Sarah Barcello,https://www.sports-reference.com/cbb/players/sarah-barcello-1.html,marist,2019-20
4,37,4,2019-11-22,Marist,,North Florida,REG (Non-Conf),W 69-54,*,21,3,9,.333,1,4,.250,2,5,.400,.389,0,0,,1,1,2,2,0,0,0,2,7,3.5,Sarah Barcello,https://www.sports-reference.com/cbb/players/sarah-barcello-1.html,marist,2019-20
5,38,5,2019-11-23,Marist,@,Lipscomb,REG (Non-Conf),W 74-63,*,19,1,4,.250,0,3,.000,1,1,1.000,.250,0,1,.000,0,2,2,2,2,0,1,3,2,1.0,Sarah Barcello,https://www.sports-reference.com/cbb/players/sarah-barcello-1.html,marist,2019-20
6,39,6,2019-11-30,Marist,@,Central Michigan,REG (Non-Conf),L 54-77,*,30,5,6,.833,1,1,1.000,4,5,.800,.917,5,7,.714,3,4,7,0,0,0,3,4,16,11.7,Sarah Barcello,https://www.sports-reference.com/cbb/players/sarah-barcello-1.html,marist,2019-20
7,40,7,2019-12-07,Marist,,Princeton,REG (Non-Conf),L 50-62,*,29,1,6,.167,0,4,.000,1,2,.500,.167,1,2,.500,0,3,3,2,1,0,0,3,3,0.9,Sarah Barcello,https://www.sports-reference.com/cbb/players/sarah-barcello-1.html,marist,2019-20
8,41,8,2019-12-15,Marist,,Green Bay,REG (Non-Conf),W 72-60,*,26,3,10,.300,2,9,.222,1,1,1.000,.400,0,0,,1,5,6,3,1,0,0,0,8,7.5,Sarah Barcello,https://www.sports-reference.com/cbb/players/sarah-barcello-1.html,marist,2019-20
9,42,9,2019-12-19,Marist,@,UT Arlington,REG (Non-Conf),W 73-57,,13,3,5,.600,2,3,.667,1,2,.500,.800,0,0,,0,1,1,0,0,0,0,0,8,6.0,Sarah Barcello,https://www.sports-reference.com/cbb/players/sarah-barcello-1.html,marist,2019-20
10,43,10,2020-01-02,Marist,,Monmouth,REG (Conf),W 76-66,*,23,1,3,.333,1,3,.333,0,0,,.500,0,0,,0,2,2,1,0,0,1,1,3,1.2,Sarah Barcello,https://www.sports-reference.com/cbb/players/sarah-barcello-1.html,marist,2019-20
11,44,11,2020-01-04,Marist,,Saint Peter's,REG (Conf),W 96-76,*,24,5,7,.714,1,3,.333,4,4,1.000,.786,0,0,,1,3,4,1,1,0,0,2,11,10.6,Sarah Barcello,https://www.sports-reference.com/cbb/players/sarah-barcello-1.html,marist,2019-20
12,45,12,2020-01-09,Marist,@,Canisius,REG (Conf),W 90-59,*,13,2,4,.500,0,1,.000,2,3,.667,.500,0,0,,1,0,1,2,0,0,0,4,4,2.5,Sarah Barcello,https://www.sports-reference.com/cbb/players/sarah-barcello-1.html,marist,2019-20
13,46,13,2020-01-11,Marist,@,Niagara,REG (Conf),W 94-67,*,18,2,2,1.000,0,0,,2,2,1.000,1.000,0,0,,0,1,1,1,0,0,1,3,4,2.2,Sarah Barcello,https://www.sports-reference.com/cbb/players/sarah-barcello-1.html,marist,2019-20
14,47,14,2020-01-16,Marist,,Rider,REG (Conf),L 72-76 (OT),*,25,4,7,.571,2,5,.400,2,2,1.000,.714,0,0,,2,1,3,2,1,0,2,3,10,7.6,Sarah Barcello,https://www.sports-reference.com/cbb/players/sarah-barcello-1.html,marist,2019-20
15,48,21,2020-02-08,Marist,,Manhattan,REG (Conf),W 74-53,*,22,4,6,.667,4,6,.667,0,0,,1.000,0,0,,0,1,1,1,1,0,2,1,12,9.0,Sarah Barcello,https://www.sports-reference.com/cbb/players/sarah-barcello-1.html,marist,2019-20
16,49,22,2020-02-11,Marist,@,Rider,REG (Conf),W 63-58,*,24,2,6,.333,0,1,.000,2,5,.400,.333,2,3,.667,2,1,3,0,0,0,2,1,6,1.5,Sarah Barcello,https://www.sports-reference.com/cbb/players/sarah-barcello-1.html,marist,2019-20
17,50,23,2020-02-13,Marist,,Canisius,REG (Conf),W 86-72,*,17,4,6,.667,2,4,.500,2,2,1.000,.833,0,0,,0,2,2,2,0,0,0,1,10,9.0,Sarah Barcello,https://www.sports-reference.com/cbb/players/sarah-barcello-1.html,marist,2019-20
18,51,24,2020-02-16,Marist,@,Siena,REG (Conf),W 78-55,*,15,1,6,.167,0,2,.000,1,4,.250,.167,0,0,,1,0,1,2,0,0,2,1,2,-2.1,Sarah Barcello,https://www.sports-reference.com/cbb/players/sarah-barcello-1.html,marist,2019-20
19,52,25,2020-02-20,Marist,@,Saint Peter's,REG (Conf),W 82-60,*,19,0,4,.000,0,3,.000,0,1,.000,.000,0,0,,0,1,1,3,1,0,1,1,0,-0.8,Sarah Barcello,https://www.sports-reference.com/cbb/players/sarah-barcello-1.html,marist,2019-20
20,53,26,2020-02-24,Marist,,Fairfield,REG (Conf),W 75-45,*,20,2,6,.333,1,5,.200,1,1,1.000,.417,0,0,,0,1,1,0,0,0,0,2,5,1.1,Sarah Barcello,https://www.sports-reference.com/cbb/players/sarah-barcello-1.html,marist,2019-20
21,54,27,2020-02-29,Marist,@,Quinnipiac,REG (Conf),W 64-51,*,29,1,3,.333,1,2,.500,0,1,.000,.500,1,4,.250,1,2,3,0,1,1,1,0,4,3.1,Sarah Barcello,https://www.sports-reference.com/cbb/players/sarah-barcello-1.html,marist,2019-20
22,55,28,2020-03-05,Marist,,Iona,REG (Conf),W 59-47,*,30,4,9,.444,2,5,.400,2,4,.500,.556,3,6,.500,3,2,5,1,1,0,0,1,13,11.1,Sarah Barcello,https://www.sports-reference.com/cbb/players/sarah-barcello-1.html,marist,2019-20
23,56,29,2020-03-07,Marist,,Siena,REG (Conf),W 81-69,,14,2,5,.400,1,2,.500,1,3,.333,.500,0,0,,1,0,1,0,1,0,2,2,5,1.2,Sarah Barcello,https://www.sports-reference.com/cbb/players/sarah-barcello-1.html,marist,2019-20
24,57,30,2020-03-11,Marist,,Monmouth,CTOURN,W 68-44,*,26,1,2,.500,1,2,.500,0,0,,.750,0,0,,0,3,3,1,1,0,1,4,3,2.0,Sarah Barcello,https://www.sports-reference.com/cbb/players/sarah-barcello-1.html,marist,2019-20
