ranker,player_game_num_career,team_game_num_season,date,team_name_abbr,game_location,opp_name_abbr,game_type,game_result,is_starter,mp,fg,fga,fg_pct,fg3,fg3a,fg3_pct,fg2,fg2a,fg2_pct,efg_pct,ft,fta,ft_pct,orb,drb,trb,ast,stl,blk,tov,pf,pts,game_score,player_name,player_sr_link,school,season
1,1,1,2019-11-08,Marist,@,Boston University,REG (Non-Conf),W 89-75,,2,1,2,.500,1,1,1.000,0,1,.000,.750,0,0,,0,0,0,0,0,0,2,2,3,-0.8,Trinasia Kennedy,https://www.sports-reference.com/cbb/players/trinasia-kennedy-1.html,marist,2019-20
2,2,2,2019-11-13,Marist,,Albany (NY),REG (Non-Conf),W 76-52,,5,2,3,.667,0,0,,2,3,.667,.667,0,0,,0,0,0,0,0,0,0,0,4,2.7,Trinasia Kennedy,https://www.sports-reference.com/cbb/players/trinasia-kennedy-1.html,marist,2019-20
3,3,3,2019-11-17,Marist,,Elon,REG (Non-Conf),W 63-55,,5,1,3,.333,0,1,.000,1,2,.500,.333,0,0,,0,2,2,0,0,0,1,0,2,-0.1,Trinasia Kennedy,https://www.sports-reference.com/cbb/players/trinasia-kennedy-1.html,marist,2019-20
4,4,4,2019-11-22,Marist,,North Florida,REG (Non-Conf),W 69-54,,5,0,2,.000,0,1,.000,0,1,.000,.000,0,0,,0,0,0,1,0,0,0,0,0,-0.7,Trinasia Kennedy,https://www.sports-reference.com/cbb/players/trinasia-kennedy-1.html,marist,2019-20
5,5,5,2019-11-23,Marist,@,Lipscomb,REG (Non-Conf),W 74-63,,13,0,4,.000,0,3,.000,0,1,.000,.000,5,8,.625,0,2,2,1,2,0,1,0,5,3.3,Trinasia Kennedy,https://www.sports-reference.com/cbb/players/trinasia-kennedy-1.html,marist,2019-20
6,6,6,2019-11-30,Marist,@,Central Michigan,REG (Non-Conf),L 54-77,,6,0,1,.000,0,0,,0,1,.000,.000,0,0,,0,0,0,0,0,0,1,1,0,-2.1,Trinasia Kennedy,https://www.sports-reference.com/cbb/players/trinasia-kennedy-1.html,marist,2019-20
7,7,7,2019-12-07,Marist,,Princeton,REG (Non-Conf),L 50-62,,10,0,2,.000,0,2,.000,0,0,,.000,1,4,.250,0,1,1,0,0,1,2,2,1,-3.4,Trinasia Kennedy,https://www.sports-reference.com/cbb/players/trinasia-kennedy-1.html,marist,2019-20
8,8,8,2019-12-15,Marist,,Green Bay,REG (Non-Conf),W 72-60,,1,0,0,,0,0,,0,0,,,0,0,,0,0,0,0,0,0,0,0,0,0.0,Trinasia Kennedy,https://www.sports-reference.com/cbb/players/trinasia-kennedy-1.html,marist,2019-20
9,9,9,2019-12-19,Marist,@,UT Arlington,REG (Non-Conf),W 73-57,,0,0,0,,0,0,,0,0,,,0,0,,0,0,0,0,0,0,1,1,0,-1.4,Trinasia Kennedy,https://www.sports-reference.com/cbb/players/trinasia-kennedy-1.html,marist,2019-20
10,10,10,2020-01-02,Marist,,Monmouth,REG (Conf),W 76-66,,9,0,2,.000,0,2,.000,0,0,,.000,1,2,.500,0,0,0,2,1,0,2,1,1,-0.8,Trinasia Kennedy,https://www.sports-reference.com/cbb/players/trinasia-kennedy-1.html,marist,2019-20
11,11,11,2020-01-04,Marist,,Saint Peter's,REG (Conf),W 96-76,,13,4,6,.667,2,2,1.000,2,4,.500,.833,0,2,.000,1,1,2,1,0,0,2,0,10,6.3,Trinasia Kennedy,https://www.sports-reference.com/cbb/players/trinasia-kennedy-1.html,marist,2019-20
12,12,12,2020-01-09,Marist,@,Canisius,REG (Conf),W 90-59,,13,1,3,.333,1,1,1.000,0,2,.000,.500,2,2,1.000,1,1,2,3,3,0,1,1,5,8.0,Trinasia Kennedy,https://www.sports-reference.com/cbb/players/trinasia-kennedy-1.html,marist,2019-20
13,13,13,2020-01-11,Marist,@,Niagara,REG (Conf),W 94-67,,12,1,3,.333,0,0,,1,3,.333,.333,1,3,.333,0,0,0,1,0,0,2,3,3,-2.0,Trinasia Kennedy,https://www.sports-reference.com/cbb/players/trinasia-kennedy-1.html,marist,2019-20
14,14,15,2020-01-18,Marist,@,Manhattan,REG (Conf),W 71-66,,2,0,1,.000,0,1,.000,0,0,,.000,0,0,,0,1,1,0,0,0,0,0,0,-0.4,Trinasia Kennedy,https://www.sports-reference.com/cbb/players/trinasia-kennedy-1.html,marist,2019-20
15,15,16,2020-01-23,Marist,,Quinnipiac,REG (Conf),W 73-60,,5,1,1,1.000,0,0,,1,1,1.000,1.000,0,0,,0,0,0,0,0,0,0,1,2,1.3,Trinasia Kennedy,https://www.sports-reference.com/cbb/players/trinasia-kennedy-1.html,marist,2019-20
16,16,17,2020-01-25,Marist,@,Monmouth,REG (Conf),W 74-53,,10,3,4,.750,2,2,1.000,1,2,.500,1.000,0,0,,0,1,1,0,0,0,3,0,8,3.7,Trinasia Kennedy,https://www.sports-reference.com/cbb/players/trinasia-kennedy-1.html,marist,2019-20
17,17,18,2020-01-30,Marist,@,Fairfield,REG (Conf),L 48-52,,3,0,0,,0,0,,0,0,,,0,0,,0,0,0,0,1,0,0,1,0,0.6,Trinasia Kennedy,https://www.sports-reference.com/cbb/players/trinasia-kennedy-1.html,marist,2019-20
18,18,19,2020-02-01,Marist,,Niagara,REG (Conf),W 82-57,,8,1,2,.500,0,1,.000,1,1,1.000,.500,0,0,,0,0,0,0,1,0,1,0,2,1.0,Trinasia Kennedy,https://www.sports-reference.com/cbb/players/trinasia-kennedy-1.html,marist,2019-20
19,19,20,2020-02-04,Marist,@,Iona,REG (Conf),W 73-56,,14,2,4,.500,0,1,.000,2,3,.667,.500,0,2,.000,0,0,0,0,1,0,3,1,4,-1.2,Trinasia Kennedy,https://www.sports-reference.com/cbb/players/trinasia-kennedy-1.html,marist,2019-20
20,20,21,2020-02-08,Marist,,Manhattan,REG (Conf),W 74-53,,7,1,3,.333,1,2,.500,0,1,.000,.500,0,0,,0,1,1,1,0,0,0,1,3,1.9,Trinasia Kennedy,https://www.sports-reference.com/cbb/players/trinasia-kennedy-1.html,marist,2019-20
21,21,23,2020-02-13,Marist,,Canisius,REG (Conf),W 86-72,,4,0,1,.000,0,1,.000,0,0,,.000,0,0,,0,0,0,0,1,0,2,1,0,-2.1,Trinasia Kennedy,https://www.sports-reference.com/cbb/players/trinasia-kennedy-1.html,marist,2019-20
22,22,24,2020-02-16,Marist,@,Siena,REG (Conf),W 78-55,,2,0,0,,0,0,,0,0,,,0,0,,0,1,1,0,0,0,0,0,0,0.3,Trinasia Kennedy,https://www.sports-reference.com/cbb/players/trinasia-kennedy-1.html,marist,2019-20
23,23,25,2020-02-20,Marist,@,Saint Peter's,REG (Conf),W 82-60,,2,0,2,.000,0,1,.000,0,1,.000,.000,0,0,,0,0,0,0,0,0,0,0,0,-1.4,Trinasia Kennedy,https://www.sports-reference.com/cbb/players/trinasia-kennedy-1.html,marist,2019-20
24,24,26,2020-02-24,Marist,,Fairfield,REG (Conf),W 75-45,,6,0,2,.000,0,1,.000,0,1,.000,.000,0,0,,1,1,2,1,1,0,3,0,0,-1.7,Trinasia Kennedy,https://www.sports-reference.com/cbb/players/trinasia-kennedy-1.html,marist,2019-20
25,25,29,2020-03-07,Marist,,Siena,REG (Conf),W 81-69,,1,0,0,,0,0,,0,0,,,0,0,,0,0,0,0,0,0,0,0,0,0.0,Trinasia Kennedy,https://www.sports-reference.com/cbb/players/trinasia-kennedy-1.html,marist,2019-20
26,26,30,2020-03-11,Marist,,Monmouth,CTOURN,W 68-44,,7,0,2,.000,0,0,,0,2,.000,.000,0,0,,0,0,0,0,1,0,2,1,0,-2.8,Trinasia Kennedy,https://www.sports-reference.com/cbb/players/trinasia-kennedy-1.html,marist,2019-20
