ranker,player_game_num_career,team_game_num_season,date,team_name_abbr,game_location,opp_name_abbr,game_type,game_result,is_starter,mp,fg,fga,fg_pct,fg3,fg3a,fg3_pct,fg2,fg2a,fg2_pct,efg_pct,ft,fta,ft_pct,orb,drb,trb,ast,stl,blk,tov,pf,pts,game_score,player_name,player_sr_link,school,season
1,68,1,2019-11-08,Marist,@,Boston University,REG (Non-Conf),W 89-75,*,14,1,3,.333,0,0,,1,3,.333,.333,0,0,,0,1,1,1,0,1,2,5,2,-2.0,Willow Duffell,https://www.sports-reference.com/cbb/players/willow-duffell-1.html,marist,2019-20
2,69,2,2019-11-13,Marist,,Albany (NY),REG (Non-Conf),W 76-52,*,26,2,7,.286,1,2,.500,1,5,.200,.357,0,0,,2,6,8,1,1,0,0,0,5,5.8,Willow Duffell,https://www.sports-reference.com/cbb/players/willow-duffell-1.html,marist,2019-20
3,70,3,2019-11-17,Marist,,Elon,REG (Non-Conf),W 63-55,*,27,2,4,.500,0,0,,2,4,.500,.500,2,4,.500,1,1,2,0,0,1,1,2,6,3.1,Willow Duffell,https://www.sports-reference.com/cbb/players/willow-duffell-1.html,marist,2019-20
4,71,4,2019-11-22,Marist,,North Florida,REG (Non-Conf),W 69-54,*,27,1,1,1.000,0,0,,1,1,1.000,1.000,0,0,,1,3,4,0,2,0,0,0,2,5.3,Willow Duffell,https://www.sports-reference.com/cbb/players/willow-duffell-1.html,marist,2019-20
5,72,10,2020-01-02,Marist,,Monmouth,REG (Conf),W 76-66,,13,2,2,1.000,1,1,1.000,1,1,1.000,1.250,0,0,,0,2,2,0,1,0,0,1,5,5.6,Willow Duffell,https://www.sports-reference.com/cbb/players/willow-duffell-1.html,marist,2019-20
6,73,11,2020-01-04,Marist,,Saint Peter's,REG (Conf),W 96-76,,13,1,2,.500,0,0,,1,2,.500,.500,0,0,,1,1,2,2,2,0,2,1,2,3.0,Willow Duffell,https://www.sports-reference.com/cbb/players/willow-duffell-1.html,marist,2019-20
7,74,12,2020-01-09,Marist,@,Canisius,REG (Conf),W 90-59,*,25,1,4,.250,1,2,.500,0,2,.000,.375,0,0,,0,6,6,2,1,0,2,0,3,2.8,Willow Duffell,https://www.sports-reference.com/cbb/players/willow-duffell-1.html,marist,2019-20
8,75,13,2020-01-11,Marist,@,Niagara,REG (Conf),W 94-67,*,21,4,5,.800,0,0,,4,5,.800,.800,0,0,,0,3,3,7,1,0,0,0,8,12.9,Willow Duffell,https://www.sports-reference.com/cbb/players/willow-duffell-1.html,marist,2019-20
9,76,14,2020-01-16,Marist,,Rider,REG (Conf),L 72-76 (OT),*,38,1,4,.250,0,1,.000,1,3,.333,.250,0,0,,5,8,13,0,0,1,0,2,2,5.4,Willow Duffell,https://www.sports-reference.com/cbb/players/willow-duffell-1.html,marist,2019-20
10,77,15,2020-01-18,Marist,@,Manhattan,REG (Conf),W 71-66,*,33,3,10,.300,1,1,1.000,2,9,.222,.350,0,0,,1,9,10,5,1,0,1,2,7,7.3,Willow Duffell,https://www.sports-reference.com/cbb/players/willow-duffell-1.html,marist,2019-20
11,78,16,2020-01-23,Marist,,Quinnipiac,REG (Conf),W 73-60,*,30,4,5,.800,0,1,.000,4,4,1.000,.800,0,0,,2,2,4,2,0,1,2,1,8,7.8,Willow Duffell,https://www.sports-reference.com/cbb/players/willow-duffell-1.html,marist,2019-20
12,79,17,2020-01-25,Marist,@,Monmouth,REG (Conf),W 74-53,*,28,7,13,.538,0,2,.000,7,11,.636,.538,0,0,,4,2,6,1,0,0,0,2,14,11.0,Willow Duffell,https://www.sports-reference.com/cbb/players/willow-duffell-1.html,marist,2019-20
13,80,18,2020-01-30,Marist,@,Fairfield,REG (Conf),L 48-52,*,20,3,6,.500,0,0,,3,6,.500,.500,0,0,,0,6,6,1,0,0,1,5,6,2.5,Willow Duffell,https://www.sports-reference.com/cbb/players/willow-duffell-1.html,marist,2019-20
14,81,19,2020-02-01,Marist,,Niagara,REG (Conf),W 82-57,*,30,6,10,.600,0,0,,6,10,.600,.600,1,2,.500,4,3,7,7,0,1,1,0,13,16.3,Willow Duffell,https://www.sports-reference.com/cbb/players/willow-duffell-1.html,marist,2019-20
15,82,20,2020-02-04,Marist,@,Iona,REG (Conf),W 73-56,*,14,5,7,.714,0,0,,5,7,.714,.714,1,1,1.000,1,3,4,3,0,0,3,3,11,7.6,Willow Duffell,https://www.sports-reference.com/cbb/players/willow-duffell-1.html,marist,2019-20
16,83,21,2020-02-08,Marist,,Manhattan,REG (Conf),W 74-53,*,26,3,6,.500,0,1,.000,3,5,.600,.500,5,6,.833,2,8,10,2,0,3,2,0,11,12.9,Willow Duffell,https://www.sports-reference.com/cbb/players/willow-duffell-1.html,marist,2019-20
17,84,22,2020-02-11,Marist,@,Rider,REG (Conf),W 63-58,*,33,4,6,.667,0,0,,4,6,.667,.667,0,0,,0,7,7,1,1,1,4,1,8,5.5,Willow Duffell,https://www.sports-reference.com/cbb/players/willow-duffell-1.html,marist,2019-20
18,85,23,2020-02-13,Marist,,Canisius,REG (Conf),W 86-72,*,30,3,8,.375,0,0,,3,8,.375,.375,1,3,.333,4,5,9,3,0,0,1,1,7,6.8,Willow Duffell,https://www.sports-reference.com/cbb/players/willow-duffell-1.html,marist,2019-20
19,86,24,2020-02-16,Marist,@,Siena,REG (Conf),W 78-55,*,30,2,4,.500,0,0,,2,4,.500,.500,2,2,1.000,4,5,9,2,4,3,1,1,6,14.4,Willow Duffell,https://www.sports-reference.com/cbb/players/willow-duffell-1.html,marist,2019-20
20,87,25,2020-02-20,Marist,@,Saint Peter's,REG (Conf),W 82-60,*,31,5,9,.556,0,0,,5,9,.556,.556,2,2,1.000,0,7,7,2,0,1,1,1,12,10.5,Willow Duffell,https://www.sports-reference.com/cbb/players/willow-duffell-1.html,marist,2019-20
21,88,26,2020-02-24,Marist,,Fairfield,REG (Conf),W 75-45,*,24,4,5,.800,0,0,,4,5,.800,.800,1,2,.500,4,5,9,0,0,0,2,1,9,8.6,Willow Duffell,https://www.sports-reference.com/cbb/players/willow-duffell-1.html,marist,2019-20
22,89,27,2020-02-29,Marist,@,Quinnipiac,REG (Conf),W 64-51,*,28,4,7,.571,0,2,.000,4,5,.800,.571,1,2,.500,2,4,6,2,1,3,3,3,9,8.2,Willow Duffell,https://www.sports-reference.com/cbb/players/willow-duffell-1.html,marist,2019-20
23,90,28,2020-03-05,Marist,,Iona,REG (Conf),W 59-47,*,21,4,7,.571,0,0,,4,7,.571,.571,2,4,.500,1,3,4,0,0,0,0,0,10,7.5,Willow Duffell,https://www.sports-reference.com/cbb/players/willow-duffell-1.html,marist,2019-20
24,91,29,2020-03-07,Marist,,Siena,REG (Conf),W 81-69,,27,5,6,.833,0,0,,5,6,.833,.833,2,3,.667,1,5,6,0,0,0,0,3,12,10.4,Willow Duffell,https://www.sports-reference.com/cbb/players/willow-duffell-1.html,marist,2019-20
25,92,30,2020-03-11,Marist,,Monmouth,CTOURN,W 68-44,*,25,5,5,1.000,0,0,,5,5,1.000,1.000,0,0,,1,5,6,1,0,0,2,2,10,8.6,Willow Duffell,https://www.sports-reference.com/cbb/players/willow-duffell-1.html,marist,2019-20
