ranker,player_game_num_career,team_game_num_season,date,team_name_abbr,game_location,opp_name_abbr,game_type,game_result,is_starter,mp,fg,fga,fg_pct,fg3,fg3a,fg3_pct,fg2,fg2a,fg2_pct,efg_pct,ft,fta,ft_pct,orb,drb,trb,ast,stl,blk,tov,pf,pts,game_score,player_name,player_sr_link,school,season
1,24,1,2020-12-19,Georgetown,@,DePaul,REG (Conf),L 54-72,*,20,3,5,.600,0,0,,3,5,.600,.600,0,0,,2,4,6,1,0,1,3,3,6,3.5,Graceann Bennett,https://www.sports-reference.com/cbb/players/graceann-bennett-1.html,georgetown,2020-21
2,25,2,2020-12-31,Georgetown,,Butler,REG (Conf),W 56-45,*,27,5,7,.714,0,0,,5,7,.714,.714,0,0,,2,2,4,0,1,2,1,1,10,10.1,Graceann Bennett,https://www.sports-reference.com/cbb/players/graceann-bennett-1.html,georgetown,2020-21
3,26,3,2021-01-13,Georgetown,@,Butler,REG (Conf),L 40-58,*,29,2,5,.400,0,0,,2,5,.400,.400,0,0,,7,9,16,1,0,1,2,4,4,6.7,Graceann Bennett,https://www.sports-reference.com/cbb/players/graceann-bennett-1.html,georgetown,2020-21
4,27,4,2021-01-16,Georgetown,,DePaul,REG (Conf),L 54-78,*,21,1,3,.333,0,0,,1,3,.333,.333,0,0,,2,5,7,1,0,1,8,1,2,-3.8,Graceann Bennett,https://www.sports-reference.com/cbb/players/graceann-bennett-1.html,georgetown,2020-21
5,28,5,2021-01-20,Georgetown,@,Marquette,REG (Conf),L 40-72,*,17,1,4,.250,0,1,.000,1,3,.333,.250,0,0,,2,0,2,0,1,0,2,0,2,0.0,Graceann Bennett,https://www.sports-reference.com/cbb/players/graceann-bennett-1.html,georgetown,2020-21
6,29,6,2021-01-23,Georgetown,@,Connecticut,REG (Conf),L 41-72,*,24,2,6,.333,1,4,.250,1,2,.500,.417,0,0,,1,2,3,1,0,0,2,4,5,0.0,Graceann Bennett,https://www.sports-reference.com/cbb/players/graceann-bennett-1.html,georgetown,2020-21
7,30,7,2021-01-27,Georgetown,,St. John's (NY),REG (Conf),L 53-70,*,31,4,7,.571,0,0,,4,7,.571,.571,1,3,.333,5,7,12,2,1,3,1,4,9,12.4,Graceann Bennett,https://www.sports-reference.com/cbb/players/graceann-bennett-1.html,georgetown,2020-21
8,31,8,2021-01-30,Georgetown,@,Creighton,REG (Conf),L 57-65,*,16,2,4,.500,0,0,,2,4,.500,.500,0,0,,2,2,4,1,0,0,0,4,4,3.1,Graceann Bennett,https://www.sports-reference.com/cbb/players/graceann-bennett-1.html,georgetown,2020-21
9,32,9,2021-02-03,Georgetown,,Marquette,REG (Conf),L 48-55,*,29,6,8,.750,0,0,,6,8,.750,.750,0,0,,1,5,6,2,0,1,2,2,12,10.3,Graceann Bennett,https://www.sports-reference.com/cbb/players/graceann-bennett-1.html,georgetown,2020-21
10,33,10,2021-02-08,Georgetown,,Seton Hall,REG (Conf),L 52-60,*,32,7,10,.700,0,0,,7,10,.700,.700,1,2,.500,6,8,14,2,0,1,3,3,15,14.9,Graceann Bennett,https://www.sports-reference.com/cbb/players/graceann-bennett-1.html,georgetown,2020-21
11,34,11,2021-02-12,Georgetown,,Connecticut,REG (Conf),L 40-64,*,20,1,1,1.000,0,0,,1,1,1.000,1.000,0,0,,1,1,2,1,0,0,3,2,2,-0.4,Graceann Bennett,https://www.sports-reference.com/cbb/players/graceann-bennett-1.html,georgetown,2020-21
12,35,12,2021-02-15,Georgetown,,Creighton,REG (Conf),L 41-42,*,30,4,11,.364,0,2,.000,4,9,.444,.364,1,2,.500,1,5,6,1,1,0,0,4,9,4.8,Graceann Bennett,https://www.sports-reference.com/cbb/players/graceann-bennett-1.html,georgetown,2020-21
13,36,13,2021-02-18,Georgetown,@,Seton Hall,REG (Conf),L 72-79 (OT),*,31,7,10,.700,1,3,.333,6,7,.857,.750,2,2,1.000,2,6,8,0,1,2,3,4,17,13.8,Graceann Bennett,https://www.sports-reference.com/cbb/players/graceann-bennett-1.html,georgetown,2020-21
14,37,14,2021-02-21,Georgetown,,Villanova,REG (Conf),L 56-64,*,27,6,8,.750,0,0,,6,8,.750,.750,1,1,1.000,2,3,5,0,0,0,2,3,13,8.9,Graceann Bennett,https://www.sports-reference.com/cbb/players/graceann-bennett-1.html,georgetown,2020-21
15,38,15,2021-02-24,Georgetown,@,St. John's (NY),REG (Conf),W 62-58 (OT),*,33,4,9,.444,1,2,.500,3,7,.429,.500,2,5,.400,6,1,7,2,2,2,3,1,11,11.0,Graceann Bennett,https://www.sports-reference.com/cbb/players/graceann-bennett-1.html,georgetown,2020-21
16,39,16,2021-02-28,Georgetown,@,Xavier,REG (Conf),L 48-58,*,17,2,5,.400,0,0,,2,5,.400,.400,1,2,.500,2,2,4,0,1,0,0,3,5,3.7,Graceann Bennett,https://www.sports-reference.com/cbb/players/graceann-bennett-1.html,georgetown,2020-21
17,40,17,2021-03-05,Georgetown,@,Creighton,CTOURN,L 42-56,*,25,1,4,.250,0,1,.000,1,3,.333,.250,0,0,,0,2,2,2,1,1,0,5,2,1.3,Graceann Bennett,https://www.sports-reference.com/cbb/players/graceann-bennett-1.html,georgetown,2020-21
