ranker,player_game_num_career,team_game_num_season,date,team_name_abbr,game_location,opp_name_abbr,game_type,game_result,is_starter,mp,fg,fga,fg_pct,fg3,fg3a,fg3_pct,fg2,fg2a,fg2_pct,efg_pct,ft,fta,ft_pct,orb,drb,trb,ast,stl,blk,tov,pf,pts,game_score,player_name,player_sr_link,school,season
1,1,1,2020-12-19,Georgetown,@,DePaul,REG (Conf),L 54-72,,22,2,5,.400,2,4,.500,0,1,.000,.600,2,2,1.000,0,5,5,1,2,1,6,2,8,3.4,Jazmyn Harmon,https://www.sports-reference.com/cbb/players/jazmyn-harmon-1.html,georgetown,2020-21
2,2,2,2020-12-31,Georgetown,,Butler,REG (Conf),W 56-45,,21,3,9,.333,1,5,.200,2,4,.500,.389,2,3,.667,1,3,4,0,0,0,1,3,9,2.9,Jazmyn Harmon,https://www.sports-reference.com/cbb/players/jazmyn-harmon-1.html,georgetown,2020-21
3,3,3,2021-01-13,Georgetown,@,Butler,REG (Conf),L 40-58,,26,1,5,.200,0,3,.000,1,2,.500,.200,0,0,,0,2,2,1,0,0,2,2,2,-2.6,Jazmyn Harmon,https://www.sports-reference.com/cbb/players/jazmyn-harmon-1.html,georgetown,2020-21
4,4,4,2021-01-16,Georgetown,,DePaul,REG (Conf),L 54-78,*,21,0,3,.000,0,2,.000,0,1,.000,.000,0,2,.000,1,2,3,1,1,2,2,3,0,-1.7,Jazmyn Harmon,https://www.sports-reference.com/cbb/players/jazmyn-harmon-1.html,georgetown,2020-21
5,5,5,2021-01-20,Georgetown,@,Marquette,REG (Conf),L 40-72,,29,2,7,.286,0,4,.000,2,3,.667,.286,1,1,1.000,1,2,3,1,0,0,4,2,5,-1.9,Jazmyn Harmon,https://www.sports-reference.com/cbb/players/jazmyn-harmon-1.html,georgetown,2020-21
6,6,6,2021-01-23,Georgetown,@,Connecticut,REG (Conf),L 41-72,,23,0,3,.000,0,2,.000,0,1,.000,.000,0,0,,0,2,2,0,3,1,1,1,0,0.8,Jazmyn Harmon,https://www.sports-reference.com/cbb/players/jazmyn-harmon-1.html,georgetown,2020-21
7,7,7,2021-01-27,Georgetown,,St. John's (NY),REG (Conf),L 53-70,,14,1,3,.333,1,2,.500,0,1,.000,.500,0,0,,0,0,0,1,0,0,0,3,3,0.8,Jazmyn Harmon,https://www.sports-reference.com/cbb/players/jazmyn-harmon-1.html,georgetown,2020-21
8,8,8,2021-01-30,Georgetown,@,Creighton,REG (Conf),L 57-65,,11,0,3,.000,0,1,.000,0,2,.000,.000,0,0,,1,1,2,0,0,0,0,0,0,-1.1,Jazmyn Harmon,https://www.sports-reference.com/cbb/players/jazmyn-harmon-1.html,georgetown,2020-21
9,9,11,2021-02-12,Georgetown,,Connecticut,REG (Conf),L 40-64,,5,0,1,.000,0,1,.000,0,0,,.000,2,2,1.000,0,1,1,0,0,0,0,0,2,1.6,Jazmyn Harmon,https://www.sports-reference.com/cbb/players/jazmyn-harmon-1.html,georgetown,2020-21
10,10,12,2021-02-15,Georgetown,,Creighton,REG (Conf),L 41-42,,30,1,5,.200,0,2,.000,1,3,.333,.200,4,4,1.000,1,1,2,4,3,0,3,2,6,5.9,Jazmyn Harmon,https://www.sports-reference.com/cbb/players/jazmyn-harmon-1.html,georgetown,2020-21
11,11,16,2021-02-28,Georgetown,@,Xavier,REG (Conf),L 48-58,,11,2,3,.667,1,1,1.000,1,2,.500,.833,0,1,.000,0,0,0,0,1,0,1,0,5,3.3,Jazmyn Harmon,https://www.sports-reference.com/cbb/players/jazmyn-harmon-1.html,georgetown,2020-21
12,12,17,2021-03-05,Georgetown,@,Creighton,CTOURN,L 42-56,,24,2,5,.400,1,2,.500,1,3,.333,.500,0,0,,0,1,1,0,0,1,1,3,5,1.1,Jazmyn Harmon,https://www.sports-reference.com/cbb/players/jazmyn-harmon-1.html,georgetown,2020-21
