ranker,player_game_num_career,team_game_num_season,date,team_name_abbr,game_location,opp_name_abbr,game_type,game_result,is_starter,mp,fg,fga,fg_pct,fg3,fg3a,fg3_pct,fg2,fg2a,fg2_pct,efg_pct,ft,fta,ft_pct,orb,drb,trb,ast,stl,blk,tov,pf,pts,game_score,player_name,player_sr_link,school,season
1,19,1,2020-12-19,Georgetown,@,DePaul,REG (Conf),L 54-72,*,28,1,5,.200,0,0,,1,5,.200,.200,0,0,,2,4,6,1,1,3,3,3,2,1.1,Jillian Archer,https://www.sports-reference.com/cbb/players/jillian-archer-1.html,georgetown,2020-21
2,20,2,2020-12-31,Georgetown,,Butler,REG (Conf),W 56-45,*,26,4,9,.444,0,1,.000,4,8,.500,.444,2,4,.500,6,5,11,1,0,2,1,1,10,10.9,Jillian Archer,https://www.sports-reference.com/cbb/players/jillian-archer-1.html,georgetown,2020-21
3,21,3,2021-01-13,Georgetown,@,Butler,REG (Conf),L 40-58,*,20,1,3,.333,0,1,.000,1,2,.500,.333,0,0,,3,2,5,0,1,1,1,1,2,3.3,Jillian Archer,https://www.sports-reference.com/cbb/players/jillian-archer-1.html,georgetown,2020-21
4,22,4,2021-01-16,Georgetown,,DePaul,REG (Conf),L 54-78,*,26,3,3,1.000,0,0,,3,3,1.000,1.000,3,3,1.000,0,5,5,0,1,1,0,2,9,10.5,Jillian Archer,https://www.sports-reference.com/cbb/players/jillian-archer-1.html,georgetown,2020-21
5,23,5,2021-01-20,Georgetown,@,Marquette,REG (Conf),L 40-72,*,24,4,7,.571,0,1,.000,4,6,.667,.571,1,2,.500,1,6,7,0,1,0,0,2,9,8.0,Jillian Archer,https://www.sports-reference.com/cbb/players/jillian-archer-1.html,georgetown,2020-21
6,24,6,2021-01-23,Georgetown,@,Connecticut,REG (Conf),L 41-72,*,31,2,6,.333,0,0,,2,6,.333,.333,0,0,,2,6,8,0,1,0,1,1,4,3.4,Jillian Archer,https://www.sports-reference.com/cbb/players/jillian-archer-1.html,georgetown,2020-21
7,25,7,2021-01-27,Georgetown,,St. John's (NY),REG (Conf),L 53-70,*,26,2,7,.286,1,1,1.000,1,6,.167,.357,0,4,.000,3,4,7,2,0,1,1,5,5,1.7,Jillian Archer,https://www.sports-reference.com/cbb/players/jillian-archer-1.html,georgetown,2020-21
8,26,8,2021-01-30,Georgetown,@,Creighton,REG (Conf),L 57-65,*,35,4,6,.667,0,1,.000,4,5,.800,.667,3,6,.500,3,6,9,1,2,0,4,2,11,9.0,Jillian Archer,https://www.sports-reference.com/cbb/players/jillian-archer-1.html,georgetown,2020-21
9,27,9,2021-02-03,Georgetown,,Marquette,REG (Conf),L 48-55,*,36,4,4,1.000,0,0,,4,4,1.000,1.000,1,1,1.000,1,8,9,0,3,0,1,3,9,11.7,Jillian Archer,https://www.sports-reference.com/cbb/players/jillian-archer-1.html,georgetown,2020-21
10,28,10,2021-02-08,Georgetown,,Seton Hall,REG (Conf),L 52-60,*,37,2,7,.286,0,0,,2,7,.286,.286,1,2,.500,4,14,18,1,0,2,3,1,5,6.2,Jillian Archer,https://www.sports-reference.com/cbb/players/jillian-archer-1.html,georgetown,2020-21
11,29,11,2021-02-12,Georgetown,,Connecticut,REG (Conf),L 40-64,*,25,1,5,.200,0,0,,1,5,.200,.200,0,0,,1,1,2,0,0,0,1,2,2,-1.9,Jillian Archer,https://www.sports-reference.com/cbb/players/jillian-archer-1.html,georgetown,2020-21
12,30,12,2021-02-15,Georgetown,,Creighton,REG (Conf),L 41-42,*,14,0,1,.000,0,0,,0,1,.000,.000,0,0,,0,5,5,1,0,0,3,3,0,-2.7,Jillian Archer,https://www.sports-reference.com/cbb/players/jillian-archer-1.html,georgetown,2020-21
13,31,13,2021-02-18,Georgetown,@,Seton Hall,REG (Conf),L 72-79 (OT),*,30,6,9,.667,1,1,1.000,5,8,.625,.722,3,3,1.000,0,7,7,0,0,0,2,4,16,10.6,Jillian Archer,https://www.sports-reference.com/cbb/players/jillian-archer-1.html,georgetown,2020-21
14,32,14,2021-02-21,Georgetown,,Villanova,REG (Conf),L 56-64,*,40,4,8,.500,0,0,,4,8,.500,.500,1,2,.500,1,2,3,1,2,2,7,4,9,1.4,Jillian Archer,https://www.sports-reference.com/cbb/players/jillian-archer-1.html,georgetown,2020-21
15,33,15,2021-02-24,Georgetown,@,St. John's (NY),REG (Conf),W 62-58 (OT),*,41,4,8,.500,1,1,1.000,3,7,.429,.563,0,0,,2,5,7,1,0,3,4,3,9,5.5,Jillian Archer,https://www.sports-reference.com/cbb/players/jillian-archer-1.html,georgetown,2020-21
16,34,16,2021-02-28,Georgetown,@,Xavier,REG (Conf),L 48-58,*,40,10,17,.588,0,0,,10,17,.588,.588,3,4,.750,4,5,9,0,1,1,8,2,23,11.9,Jillian Archer,https://www.sports-reference.com/cbb/players/jillian-archer-1.html,georgetown,2020-21
17,35,17,2021-03-05,Georgetown,@,Creighton,CTOURN,L 42-56,*,29,4,12,.333,1,4,.250,3,8,.375,.375,1,1,1.000,3,3,6,0,0,0,1,4,10,3.6,Jillian Archer,https://www.sports-reference.com/cbb/players/jillian-archer-1.html,georgetown,2020-21
