ranker,player_game_num_career,team_game_num_season,date,team_name_abbr,game_location,opp_name_abbr,game_type,game_result,is_starter,mp,fg,fga,fg_pct,fg3,fg3a,fg3_pct,fg2,fg2a,fg2_pct,efg_pct,ft,fta,ft_pct,orb,drb,trb,ast,stl,blk,tov,pf,pts,game_score,player_name,player_sr_link,school,season
1,1,1,2020-12-19,Georgetown,@,DePaul,REG (Conf),L 54-72,*,33,5,16,.313,0,1,.000,5,15,.333,.313,4,8,.500,1,2,3,2,4,0,9,4,14,-0.7,Kelsey Ransom,https://www.sports-reference.com/cbb/players/kelsey-ransom-1.html,georgetown,2020-21
2,2,2,2020-12-31,Georgetown,,Butler,REG (Conf),W 56-45,*,37,3,12,.250,2,6,.333,1,6,.167,.333,0,0,,0,6,6,5,2,1,0,0,8,8.8,Kelsey Ransom,https://www.sports-reference.com/cbb/players/kelsey-ransom-1.html,georgetown,2020-21
3,3,3,2021-01-13,Georgetown,@,Butler,REG (Conf),L 40-58,*,28,3,12,.250,0,2,.000,3,10,.300,.250,3,6,.500,3,2,5,1,4,0,7,4,9,-0.6,Kelsey Ransom,https://www.sports-reference.com/cbb/players/kelsey-ransom-1.html,georgetown,2020-21
4,4,4,2021-01-16,Georgetown,,DePaul,REG (Conf),L 54-78,*,22,5,9,.556,0,1,.000,5,8,.625,.556,3,4,.750,1,6,7,2,1,1,8,5,13,3.9,Kelsey Ransom,https://www.sports-reference.com/cbb/players/kelsey-ransom-1.html,georgetown,2020-21
5,5,5,2021-01-20,Georgetown,@,Marquette,REG (Conf),L 40-72,*,21,1,6,.167,0,2,.000,1,4,.250,.167,0,0,,1,1,2,2,0,0,2,3,2,-2.6,Kelsey Ransom,https://www.sports-reference.com/cbb/players/kelsey-ransom-1.html,georgetown,2020-21
6,6,6,2021-01-23,Georgetown,@,Connecticut,REG (Conf),L 41-72,*,34,5,13,.385,1,4,.250,4,9,.444,.423,2,3,.667,2,3,5,4,1,1,6,3,13,5.1,Kelsey Ransom,https://www.sports-reference.com/cbb/players/kelsey-ransom-1.html,georgetown,2020-21
7,7,7,2021-01-27,Georgetown,,St. John's (NY),REG (Conf),L 53-70,*,30,3,11,.273,1,4,.250,2,7,.286,.318,1,2,.500,0,3,3,4,1,0,3,4,8,1.2,Kelsey Ransom,https://www.sports-reference.com/cbb/players/kelsey-ransom-1.html,georgetown,2020-21
8,8,8,2021-01-30,Georgetown,@,Creighton,REG (Conf),L 57-65,*,38,8,14,.571,0,1,.000,8,13,.615,.571,6,6,1.000,2,5,7,3,2,1,4,4,22,17.5,Kelsey Ransom,https://www.sports-reference.com/cbb/players/kelsey-ransom-1.html,georgetown,2020-21
9,9,9,2021-02-03,Georgetown,,Marquette,REG (Conf),L 48-55,*,39,4,14,.286,0,3,.000,4,11,.364,.286,1,2,.500,0,3,3,4,1,0,7,2,9,-2.7,Kelsey Ransom,https://www.sports-reference.com/cbb/players/kelsey-ransom-1.html,georgetown,2020-21
10,10,10,2021-02-08,Georgetown,,Seton Hall,REG (Conf),L 52-60,*,35,5,16,.313,2,6,.333,3,10,.300,.375,1,2,.500,1,4,5,3,0,4,7,3,13,2.0,Kelsey Ransom,https://www.sports-reference.com/cbb/players/kelsey-ransom-1.html,georgetown,2020-21
11,11,11,2021-02-12,Georgetown,,Connecticut,REG (Conf),L 40-64,*,34,6,13,.462,1,3,.333,5,10,.500,.500,2,3,.667,0,4,4,3,4,0,6,2,15,8.4,Kelsey Ransom,https://www.sports-reference.com/cbb/players/kelsey-ransom-1.html,georgetown,2020-21
12,12,12,2021-02-15,Georgetown,,Creighton,REG (Conf),L 41-42,*,39,0,5,.000,0,0,,0,5,.000,.000,2,2,1.000,0,6,6,5,1,1,3,3,2,1.3,Kelsey Ransom,https://www.sports-reference.com/cbb/players/kelsey-ransom-1.html,georgetown,2020-21
13,13,13,2021-02-18,Georgetown,@,Seton Hall,REG (Conf),L 72-79 (OT),*,41,5,10,.500,0,1,.000,5,9,.556,.500,4,5,.800,2,6,8,10,2,0,9,4,14,10.2,Kelsey Ransom,https://www.sports-reference.com/cbb/players/kelsey-ransom-1.html,georgetown,2020-21
14,14,14,2021-02-21,Georgetown,,Villanova,REG (Conf),L 56-64,*,35,3,16,.188,0,1,.000,3,15,.200,.188,4,4,1.000,2,4,6,6,2,1,4,5,10,3.5,Kelsey Ransom,https://www.sports-reference.com/cbb/players/kelsey-ransom-1.html,georgetown,2020-21
15,15,15,2021-02-24,Georgetown,@,St. John's (NY),REG (Conf),W 62-58 (OT),*,39,6,17,.353,0,2,.000,6,15,.400,.353,0,0,,0,5,5,3,7,1,4,4,12,8.2,Kelsey Ransom,https://www.sports-reference.com/cbb/players/kelsey-ransom-1.html,georgetown,2020-21
16,16,16,2021-02-28,Georgetown,@,Xavier,REG (Conf),L 48-58,*,28,2,6,.333,0,2,.000,2,4,.500,.333,0,0,,0,3,3,6,1,0,6,5,4,-1.3,Kelsey Ransom,https://www.sports-reference.com/cbb/players/kelsey-ransom-1.html,georgetown,2020-21
17,17,17,2021-03-05,Georgetown,@,Creighton,CTOURN,L 42-56,*,37,3,12,.250,0,1,.000,3,11,.273,.250,4,7,.571,1,4,5,3,4,1,4,4,10,4.7,Kelsey Ransom,https://www.sports-reference.com/cbb/players/kelsey-ransom-1.html,georgetown,2020-21
