ranker,player_game_num_career,team_game_num_season,date,team_name_abbr,game_location,opp_name_abbr,game_type,game_result,is_starter,mp,fg,fga,fg_pct,fg3,fg3a,fg3_pct,fg2,fg2a,fg2_pct,efg_pct,ft,fta,ft_pct,orb,drb,trb,ast,stl,blk,tov,pf,pts,game_score,player_name,player_sr_link,school,season
1,86,3,2021-01-13,Georgetown,@,Butler,REG (Conf),L 40-58,,27,3,15,.200,3,14,.214,0,1,.000,.300,0,0,,1,1,2,0,2,0,1,1,9,1.3,Milan Bolden-Morris,https://www.sports-reference.com/cbb/players/milan-bolden-morris-1.html,georgetown,2020-21
2,87,4,2021-01-16,Georgetown,,DePaul,REG (Conf),L 54-78,,21,4,11,.364,2,8,.250,2,3,.667,.455,1,2,.500,0,2,2,0,0,0,4,2,11,0.3,Milan Bolden-Morris,https://www.sports-reference.com/cbb/players/milan-bolden-morris-1.html,georgetown,2020-21
3,88,5,2021-01-20,Georgetown,@,Marquette,REG (Conf),L 40-72,*,28,5,15,.333,1,6,.167,4,9,.444,.367,0,0,,1,3,4,1,0,1,0,0,11,5.5,Milan Bolden-Morris,https://www.sports-reference.com/cbb/players/milan-bolden-morris-1.html,georgetown,2020-21
4,89,6,2021-01-23,Georgetown,@,Connecticut,REG (Conf),L 41-72,*,19,1,4,.250,1,3,.333,0,1,.000,.375,1,2,.500,0,1,1,0,0,0,4,0,4,-2.5,Milan Bolden-Morris,https://www.sports-reference.com/cbb/players/milan-bolden-morris-1.html,georgetown,2020-21
5,90,7,2021-01-27,Georgetown,,St. John's (NY),REG (Conf),L 53-70,*,31,7,17,.412,4,13,.308,3,4,.750,.529,0,1,.000,2,4,6,0,0,0,2,0,18,9.1,Milan Bolden-Morris,https://www.sports-reference.com/cbb/players/milan-bolden-morris-1.html,georgetown,2020-21
6,91,8,2021-01-30,Georgetown,@,Creighton,REG (Conf),L 57-65,*,34,7,15,.467,1,7,.143,6,8,.750,.500,1,3,.333,1,3,4,0,0,2,3,2,16,6.7,Milan Bolden-Morris,https://www.sports-reference.com/cbb/players/milan-bolden-morris-1.html,georgetown,2020-21
7,92,9,2021-02-03,Georgetown,,Marquette,REG (Conf),L 48-55,*,33,3,8,.375,1,4,.250,2,4,.500,.438,2,2,1.000,0,1,1,0,0,0,3,4,9,0.3,Milan Bolden-Morris,https://www.sports-reference.com/cbb/players/milan-bolden-morris-1.html,georgetown,2020-21
8,93,10,2021-02-08,Georgetown,,Seton Hall,REG (Conf),L 52-60,*,37,4,17,.235,1,11,.091,3,6,.500,.265,0,0,,1,3,4,1,0,2,1,0,9,1.4,Milan Bolden-Morris,https://www.sports-reference.com/cbb/players/milan-bolden-morris-1.html,georgetown,2020-21
9,94,11,2021-02-12,Georgetown,,Connecticut,REG (Conf),L 40-64,*,30,2,11,.182,2,9,.222,0,2,.000,.273,0,0,,0,3,3,0,2,0,3,0,6,-1.0,Milan Bolden-Morris,https://www.sports-reference.com/cbb/players/milan-bolden-morris-1.html,georgetown,2020-21
10,95,12,2021-02-15,Georgetown,,Creighton,REG (Conf),L 41-42,*,34,6,9,.667,3,5,.600,3,4,.750,.833,2,2,1.000,0,3,3,0,1,1,1,0,17,14.7,Milan Bolden-Morris,https://www.sports-reference.com/cbb/players/milan-bolden-morris-1.html,georgetown,2020-21
11,96,13,2021-02-18,Georgetown,@,Seton Hall,REG (Conf),L 72-79 (OT),*,45,4,10,.400,1,4,.250,3,6,.500,.450,0,0,,1,2,3,1,2,1,2,4,9,4.7,Milan Bolden-Morris,https://www.sports-reference.com/cbb/players/milan-bolden-morris-1.html,georgetown,2020-21
12,97,14,2021-02-21,Georgetown,,Villanova,REG (Conf),L 56-64,*,36,2,11,.182,1,7,.143,1,4,.250,.227,1,2,.500,1,4,5,1,1,0,2,2,6,-0.5,Milan Bolden-Morris,https://www.sports-reference.com/cbb/players/milan-bolden-morris-1.html,georgetown,2020-21
13,98,15,2021-02-24,Georgetown,@,St. John's (NY),REG (Conf),W 62-58 (OT),*,41,3,12,.250,2,10,.200,1,2,.500,.333,2,2,1.000,0,4,4,1,0,0,0,2,10,3.9,Milan Bolden-Morris,https://www.sports-reference.com/cbb/players/milan-bolden-morris-1.html,georgetown,2020-21
14,99,16,2021-02-28,Georgetown,@,Xavier,REG (Conf),L 48-58,*,30,2,7,.286,1,4,.250,1,3,.333,.357,0,0,,0,5,5,1,3,1,1,0,5,5.8,Milan Bolden-Morris,https://www.sports-reference.com/cbb/players/milan-bolden-morris-1.html,georgetown,2020-21
15,100,17,2021-03-05,Georgetown,@,Creighton,CTOURN,L 42-56,*,32,1,5,.200,0,1,.000,1,4,.250,.200,0,0,,0,4,4,3,0,0,2,1,2,-0.2,Milan Bolden-Morris,https://www.sports-reference.com/cbb/players/milan-bolden-morris-1.html,georgetown,2020-21
