ranker,player_game_num_career,team_game_num_season,date,team_name_abbr,game_location,opp_name_abbr,game_type,game_result,is_starter,mp,fg,fga,fg_pct,fg3,fg3a,fg3_pct,fg2,fg2a,fg2_pct,efg_pct,ft,fta,ft_pct,orb,drb,trb,ast,stl,blk,tov,pf,pts,game_score,player_name,player_sr_link,school,season
1,36,1,2020-12-19,Georgetown,@,DePaul,REG (Conf),L 54-72,,12,1,2,.500,0,0,,1,2,.500,.500,3,6,.500,1,2,3,0,2,1,1,3,5,4.6,Shanniah Wright,https://www.sports-reference.com/cbb/players/shanniah-wright-1.html,georgetown,2020-21
2,37,2,2020-12-31,Georgetown,,Butler,REG (Conf),W 56-45,,9,0,3,.000,0,0,,0,3,.000,.000,2,2,1.000,2,2,4,1,0,0,2,1,2,0.2,Shanniah Wright,https://www.sports-reference.com/cbb/players/shanniah-wright-1.html,georgetown,2020-21
3,38,3,2021-01-13,Georgetown,@,Butler,REG (Conf),L 40-58,,7,0,2,.000,0,0,,0,2,.000,.000,0,0,,2,1,3,0,1,0,0,3,0,0.1,Shanniah Wright,https://www.sports-reference.com/cbb/players/shanniah-wright-1.html,georgetown,2020-21
4,39,4,2021-01-16,Georgetown,,DePaul,REG (Conf),L 54-78,,5,1,1,1.000,0,0,,1,1,1.000,1.000,0,0,,0,1,1,0,0,0,0,1,2,1.6,Shanniah Wright,https://www.sports-reference.com/cbb/players/shanniah-wright-1.html,georgetown,2020-21
5,40,5,2021-01-20,Georgetown,@,Marquette,REG (Conf),L 40-72,,13,2,3,.667,0,0,,2,3,.667,.667,0,0,,2,1,3,0,1,1,0,0,4,6.1,Shanniah Wright,https://www.sports-reference.com/cbb/players/shanniah-wright-1.html,georgetown,2020-21
6,41,6,2021-01-23,Georgetown,@,Connecticut,REG (Conf),L 41-72,,11,0,3,.000,0,0,,0,3,.000,.000,0,4,.000,3,1,4,0,2,0,1,2,0,-1.1,Shanniah Wright,https://www.sports-reference.com/cbb/players/shanniah-wright-1.html,georgetown,2020-21
7,42,9,2021-02-03,Georgetown,,Marquette,REG (Conf),L 48-55,,11,0,0,,0,0,,0,0,,,0,0,,1,0,1,0,1,0,0,1,0,1.3,Shanniah Wright,https://www.sports-reference.com/cbb/players/shanniah-wright-1.html,georgetown,2020-21
8,43,10,2021-02-08,Georgetown,,Seton Hall,REG (Conf),L 52-60,,11,3,5,.600,0,1,.000,3,4,.750,.600,0,0,,3,2,5,0,0,1,1,1,6,5.7,Shanniah Wright,https://www.sports-reference.com/cbb/players/shanniah-wright-1.html,georgetown,2020-21
9,44,11,2021-02-12,Georgetown,,Connecticut,REG (Conf),L 40-64,,20,1,4,.250,0,0,,1,4,.250,.250,0,0,,0,5,5,1,0,0,2,4,2,-1.8,Shanniah Wright,https://www.sports-reference.com/cbb/players/shanniah-wright-1.html,georgetown,2020-21
10,45,12,2021-02-15,Georgetown,,Creighton,REG (Conf),L 41-42,,10,1,4,.250,0,0,,1,4,.250,.250,1,1,1.000,2,1,3,0,0,0,0,0,3,2.3,Shanniah Wright,https://www.sports-reference.com/cbb/players/shanniah-wright-1.html,georgetown,2020-21
11,46,13,2021-02-18,Georgetown,@,Seton Hall,REG (Conf),L 72-79 (OT),,7,1,2,.500,0,1,.000,1,1,1.000,.500,0,0,,1,0,1,0,1,0,0,0,2,2.7,Shanniah Wright,https://www.sports-reference.com/cbb/players/shanniah-wright-1.html,georgetown,2020-21
12,47,14,2021-02-21,Georgetown,,Villanova,REG (Conf),L 56-64,,13,3,6,.500,0,0,,3,6,.500,.500,1,2,.500,3,3,6,1,0,0,1,1,7,5.9,Shanniah Wright,https://www.sports-reference.com/cbb/players/shanniah-wright-1.html,georgetown,2020-21
13,48,15,2021-02-24,Georgetown,@,St. John's (NY),REG (Conf),W 62-58 (OT),,12,3,4,.750,0,0,,3,4,.750,.750,0,0,,2,1,3,1,0,0,1,0,6,5.8,Shanniah Wright,https://www.sports-reference.com/cbb/players/shanniah-wright-1.html,georgetown,2020-21
14,49,16,2021-02-28,Georgetown,@,Xavier,REG (Conf),L 48-58,,17,1,3,.333,0,0,,1,3,.333,.333,0,1,.000,2,2,4,2,0,0,1,0,2,2.3,Shanniah Wright,https://www.sports-reference.com/cbb/players/shanniah-wright-1.html,georgetown,2020-21
15,50,17,2021-03-05,Georgetown,@,Creighton,CTOURN,L 42-56,,15,5,9,.556,1,2,.500,4,7,.571,.611,0,0,,3,1,4,0,0,0,0,2,11,8.3,Shanniah Wright,https://www.sports-reference.com/cbb/players/shanniah-wright-1.html,georgetown,2020-21
