ranker,player_game_num_career,team_game_num_season,date,team_name_abbr,game_location,opp_name_abbr,game_type,game_result,is_starter,mp,fg,fga,fg_pct,fg3,fg3a,fg3_pct,fg2,fg2a,fg2_pct,efg_pct,ft,fta,ft_pct,orb,drb,trb,ast,stl,blk,tov,pf,pts,game_score,player_name,player_sr_link,school,season
1,70,1,2020-12-19,Georgetown,@,DePaul,REG (Conf),L 54-72,,20,0,1,.000,0,0,,0,1,.000,.000,1,4,.250,5,4,9,1,0,1,1,2,1,3.4,Taylor Baur,https://www.sports-reference.com/cbb/players/taylor-baur-1.html,georgetown,2020-21
2,71,2,2020-12-31,Georgetown,,Butler,REG (Conf),W 56-45,,18,0,1,.000,0,0,,0,1,.000,.000,0,0,,1,1,2,3,3,0,2,3,0,2.2,Taylor Baur,https://www.sports-reference.com/cbb/players/taylor-baur-1.html,georgetown,2020-21
3,72,3,2021-01-13,Georgetown,@,Butler,REG (Conf),L 40-58,,24,4,6,.667,0,1,.000,4,5,.800,.667,4,5,.800,5,6,11,0,2,1,1,1,12,15.6,Taylor Baur,https://www.sports-reference.com/cbb/players/taylor-baur-1.html,georgetown,2020-21
4,73,4,2021-01-16,Georgetown,,DePaul,REG (Conf),L 54-78,,28,2,6,.333,0,1,.000,2,5,.400,.333,1,2,.500,10,4,14,1,1,1,4,1,5,7.4,Taylor Baur,https://www.sports-reference.com/cbb/players/taylor-baur-1.html,georgetown,2020-21
5,74,5,2021-01-20,Georgetown,@,Marquette,REG (Conf),L 40-72,,27,0,4,.000,0,0,,0,4,.000,.000,2,4,.500,3,3,6,1,2,1,1,2,2,3.0,Taylor Baur,https://www.sports-reference.com/cbb/players/taylor-baur-1.html,georgetown,2020-21
6,75,6,2021-01-23,Georgetown,@,Connecticut,REG (Conf),L 41-72,,20,2,4,.500,0,0,,2,4,.500,.500,1,1,1.000,3,0,3,1,0,1,0,2,5,5.7,Taylor Baur,https://www.sports-reference.com/cbb/players/taylor-baur-1.html,georgetown,2020-21
7,76,7,2021-01-27,Georgetown,,St. John's (NY),REG (Conf),L 53-70,,23,2,3,.667,0,0,,2,3,.667,.667,0,0,,2,2,4,1,1,0,2,1,4,4.0,Taylor Baur,https://www.sports-reference.com/cbb/players/taylor-baur-1.html,georgetown,2020-21
8,77,8,2021-01-30,Georgetown,@,Creighton,REG (Conf),L 57-65,,28,0,3,.000,0,0,,0,3,.000,.000,0,0,,2,3,5,0,1,3,0,2,0,2.5,Taylor Baur,https://www.sports-reference.com/cbb/players/taylor-baur-1.html,georgetown,2020-21
9,78,9,2021-02-03,Georgetown,,Marquette,REG (Conf),L 48-55,*,32,2,5,.400,0,0,,2,5,.400,.400,1,2,.500,1,7,8,0,1,1,1,2,5,4.6,Taylor Baur,https://www.sports-reference.com/cbb/players/taylor-baur-1.html,georgetown,2020-21
10,79,10,2021-02-08,Georgetown,,Seton Hall,REG (Conf),L 52-60,*,14,0,1,.000,0,1,.000,0,0,,.000,0,0,,2,2,4,0,0,0,4,4,0,-4.3,Taylor Baur,https://www.sports-reference.com/cbb/players/taylor-baur-1.html,georgetown,2020-21
11,80,11,2021-02-12,Georgetown,,Connecticut,REG (Conf),L 40-64,*,26,1,2,.500,0,0,,1,2,.500,.500,0,0,,1,1,2,1,1,0,2,3,2,0.5,Taylor Baur,https://www.sports-reference.com/cbb/players/taylor-baur-1.html,georgetown,2020-21
12,81,12,2021-02-15,Georgetown,,Creighton,REG (Conf),L 41-42,*,31,1,7,.143,0,1,.000,1,6,.167,.143,0,0,,4,3,7,1,1,0,0,0,2,2.9,Taylor Baur,https://www.sports-reference.com/cbb/players/taylor-baur-1.html,georgetown,2020-21
13,82,13,2021-02-18,Georgetown,@,Seton Hall,REG (Conf),L 72-79 (OT),*,30,2,2,1.000,0,0,,2,2,1.000,1.000,0,0,,4,6,10,1,1,0,1,5,4,6.7,Taylor Baur,https://www.sports-reference.com/cbb/players/taylor-baur-1.html,georgetown,2020-21
14,83,14,2021-02-21,Georgetown,,Villanova,REG (Conf),L 56-64,*,38,3,4,.750,0,0,,3,4,.750,.750,1,3,.333,2,3,5,3,3,0,0,3,7,10.8,Taylor Baur,https://www.sports-reference.com/cbb/players/taylor-baur-1.html,georgetown,2020-21
15,84,15,2021-02-24,Georgetown,@,St. John's (NY),REG (Conf),W 62-58 (OT),*,32,1,4,.250,0,1,.000,1,3,.333,.250,4,4,1.000,4,8,12,2,0,0,0,2,6,9.4,Taylor Baur,https://www.sports-reference.com/cbb/players/taylor-baur-1.html,georgetown,2020-21
16,85,16,2021-02-28,Georgetown,@,Xavier,REG (Conf),L 48-58,*,32,0,1,.000,0,0,,0,1,.000,.000,1,2,.500,0,2,2,0,1,0,1,1,1,0.1,Taylor Baur,https://www.sports-reference.com/cbb/players/taylor-baur-1.html,georgetown,2020-21
17,86,17,2021-03-05,Georgetown,@,Creighton,CTOURN,L 42-56,*,23,1,7,.143,0,2,.000,1,5,.200,.143,0,0,,2,4,6,1,0,0,0,1,2,0.4,Taylor Baur,https://www.sports-reference.com/cbb/players/taylor-baur-1.html,georgetown,2020-21
