ranker,player_game_num_career,team_game_num_season,date,team_name_abbr,game_location,opp_name_abbr,game_type,game_result,is_starter,mp,fg,fga,fg_pct,fg3,fg3a,fg3_pct,fg2,fg2a,fg2_pct,efg_pct,ft,fta,orb,drb,trb,ast,stl,blk,tov,pf,pts,game_score,player_name,player_sr_link,school,season
1,1,1,2020-12-19,Georgetown,@,DePaul,REG (Conf),L 54-72,*,20,0,8,.000,0,4,.000,0,4,.000,.000,0,0,1,1,2,1,1,0,2,2,0,-5.7,Taylia Stimpson,https://www.sports-reference.com/cbb/players/taylia-stimpson-1.html,georgetown,2020-21
2,2,2,2020-12-31,Georgetown,,Butler,REG (Conf),W 56-45,*,19,2,8,.250,0,3,.000,2,5,.400,.250,0,0,0,4,4,1,1,0,2,2,4,-0.7,Taylia Stimpson,https://www.sports-reference.com/cbb/players/taylia-stimpson-1.html,georgetown,2020-21
3,3,3,2021-01-13,Georgetown,@,Butler,REG (Conf),L 40-58,*,4,0,1,.000,0,0,,0,1,.000,.000,0,0,0,0,0,0,0,0,1,0,0,-1.7,Taylia Stimpson,https://www.sports-reference.com/cbb/players/taylia-stimpson-1.html,georgetown,2020-21
4,4,4,2021-01-16,Georgetown,,DePaul,REG (Conf),L 54-78,,18,4,7,.571,1,3,.333,3,4,.750,.643,0,0,0,0,0,2,2,0,1,4,9,6.5,Taylia Stimpson,https://www.sports-reference.com/cbb/players/taylia-stimpson-1.html,georgetown,2020-21
5,5,5,2021-01-20,Georgetown,@,Marquette,REG (Conf),L 40-72,,9,1,3,.333,1,1,1.000,0,2,.000,.500,0,0,1,0,1,0,1,0,1,1,3,1.6,Taylia Stimpson,https://www.sports-reference.com/cbb/players/taylia-stimpson-1.html,georgetown,2020-21
6,6,6,2021-01-23,Georgetown,@,Connecticut,REG (Conf),L 41-72,,3,0,2,.000,0,1,.000,0,1,.000,.000,0,0,0,0,0,0,0,0,1,0,0,-2.4,Taylia Stimpson,https://www.sports-reference.com/cbb/players/taylia-stimpson-1.html,georgetown,2020-21
7,7,7,2021-01-27,Georgetown,,St. John's (NY),REG (Conf),L 53-70,,2,0,0,,0,0,,0,0,,,0,0,0,0,0,0,0,0,0,0,0,0.0,Taylia Stimpson,https://www.sports-reference.com/cbb/players/taylia-stimpson-1.html,georgetown,2020-21
8,8,8,2021-01-30,Georgetown,@,Creighton,REG (Conf),L 57-65,,10,1,3,.333,0,1,.000,1,2,.500,.333,0,0,0,0,0,0,0,0,2,4,2,-3.3,Taylia Stimpson,https://www.sports-reference.com/cbb/players/taylia-stimpson-1.html,georgetown,2020-21
9,9,9,2021-02-03,Georgetown,,Marquette,REG (Conf),L 48-55,,1,0,0,,0,0,,0,0,,,0,0,0,0,0,0,0,0,0,0,0,0.0,Taylia Stimpson,https://www.sports-reference.com/cbb/players/taylia-stimpson-1.html,georgetown,2020-21
10,10,10,2021-02-08,Georgetown,,Seton Hall,REG (Conf),L 52-60,,6,0,1,.000,0,1,.000,0,0,,.000,0,0,1,0,1,0,1,0,0,3,0,-0.2,Taylia Stimpson,https://www.sports-reference.com/cbb/players/taylia-stimpson-1.html,georgetown,2020-21
11,11,11,2021-02-12,Georgetown,,Connecticut,REG (Conf),L 40-64,,4,0,0,,0,0,,0,0,,,0,0,0,0,0,0,0,0,1,1,0,-1.4,Taylia Stimpson,https://www.sports-reference.com/cbb/players/taylia-stimpson-1.html,georgetown,2020-21
12,12,12,2021-02-15,Georgetown,,Creighton,REG (Conf),L 41-42,,1,0,0,,0,0,,0,0,,,0,0,0,1,1,0,0,0,1,0,0,-0.7,Taylia Stimpson,https://www.sports-reference.com/cbb/players/taylia-stimpson-1.html,georgetown,2020-21
13,13,13,2021-02-18,Georgetown,@,Seton Hall,REG (Conf),L 72-79 (OT),,4,1,2,.500,0,0,,1,2,.500,.500,0,0,1,0,1,0,0,0,1,0,2,0.7,Taylia Stimpson,https://www.sports-reference.com/cbb/players/taylia-stimpson-1.html,georgetown,2020-21
