ranker,player_game_num_career,team_game_num_season,date,team_name_abbr,game_location,opp_name_abbr,game_type,game_result,is_starter,mp,fg,fga,fg_pct,fg3,fg3a,fg3_pct,fg2,fg2a,fg2_pct,efg_pct,ft,fta,ft_pct,orb,drb,trb,ast,stl,blk,tov,pf,pts,game_score,player_name,player_sr_link,school,season
1,1,1,2020-12-19,Georgetown,@,DePaul,REG (Conf),L 54-72,,7,0,2,.000,0,2,.000,0,0,,.000,0,0,,0,0,0,1,0,0,1,0,0,-1.7,Teaghan Flaherty,https://www.sports-reference.com/cbb/players/teaghan-flaherty-1.html,georgetown,2020-21
2,2,2,2020-12-31,Georgetown,,Butler,REG (Conf),W 56-45,,3,0,0,,0,0,,0,0,,,0,0,,0,0,0,0,0,0,0,0,0,0.0,Teaghan Flaherty,https://www.sports-reference.com/cbb/players/teaghan-flaherty-1.html,georgetown,2020-21
3,3,4,2021-01-16,Georgetown,,DePaul,REG (Conf),L 54-78,,3,0,2,.000,0,2,.000,0,0,,.000,0,0,,0,0,0,0,0,0,0,0,0,-1.4,Teaghan Flaherty,https://www.sports-reference.com/cbb/players/teaghan-flaherty-1.html,georgetown,2020-21
4,4,7,2021-01-27,Georgetown,,St. John's (NY),REG (Conf),L 53-70,,13,1,4,.250,1,3,.333,0,1,.000,.375,0,0,,0,1,1,1,0,0,0,0,3,1.6,Teaghan Flaherty,https://www.sports-reference.com/cbb/players/teaghan-flaherty-1.html,georgetown,2020-21
5,5,10,2021-02-08,Georgetown,,Seton Hall,REG (Conf),L 52-60,,10,1,2,.500,1,2,.500,0,0,,.750,0,0,,0,0,0,0,0,0,0,1,3,1.6,Teaghan Flaherty,https://www.sports-reference.com/cbb/players/teaghan-flaherty-1.html,georgetown,2020-21
6,6,11,2021-02-12,Georgetown,,Connecticut,REG (Conf),L 40-64,,10,0,3,.000,0,3,.000,0,0,,.000,1,2,.500,0,0,0,1,0,0,0,0,1,-0.8,Teaghan Flaherty,https://www.sports-reference.com/cbb/players/teaghan-flaherty-1.html,georgetown,2020-21
7,7,13,2021-02-18,Georgetown,@,Seton Hall,REG (Conf),L 72-79 (OT),,3,0,0,,0,0,,0,0,,,0,0,,0,0,0,0,0,0,0,0,0,0.0,Teaghan Flaherty,https://www.sports-reference.com/cbb/players/teaghan-flaherty-1.html,georgetown,2020-21
8,8,15,2021-02-24,Georgetown,@,St. John's (NY),REG (Conf),W 62-58 (OT),,4,0,1,.000,0,1,.000,0,0,,.000,0,0,,0,0,0,0,0,0,0,0,0,-0.7,Teaghan Flaherty,https://www.sports-reference.com/cbb/players/teaghan-flaherty-1.html,georgetown,2020-21
9,9,17,2021-03-05,Georgetown,@,Creighton,CTOURN,L 42-56,,3,0,0,,0,0,,0,0,,,0,0,,0,0,0,0,0,0,0,0,0,0.0,Teaghan Flaherty,https://www.sports-reference.com/cbb/players/teaghan-flaherty-1.html,georgetown,2020-21
