ranker,player_game_num_career,team_game_num_season,date,team_name_abbr,game_location,opp_name_abbr,game_type,game_result,is_starter,mp,fg,fga,fg_pct,fg3,fg3a,fg3_pct,fg2,fg2a,fg2_pct,efg_pct,ft,fta,ft_pct,orb,drb,trb,ast,stl,blk,tov,pf,pts,game_score,player_name,player_sr_link,school,season
1,1,1,2020-12-19,Georgetown,@,DePaul,REG (Conf),L 54-72,*,39,7,10,.700,4,6,.667,3,4,.750,.900,0,0,,0,2,2,1,3,0,6,1,18,11.7,Yasmin Ott,https://www.sports-reference.com/cbb/players/yasmin-ott-1.html,georgetown,2020-21
2,2,2,2020-12-31,Georgetown,,Butler,REG (Conf),W 56-45,*,40,5,8,.625,3,6,.500,2,2,1.000,.813,0,0,,0,1,1,1,1,0,2,1,13,9.0,Yasmin Ott,https://www.sports-reference.com/cbb/players/yasmin-ott-1.html,georgetown,2020-21
3,3,3,2021-01-13,Georgetown,@,Butler,REG (Conf),L 40-58,*,36,1,16,.063,0,7,.000,1,9,.111,.063,0,0,,0,0,0,3,0,0,4,2,2,-11.5,Yasmin Ott,https://www.sports-reference.com/cbb/players/yasmin-ott-1.html,georgetown,2020-21
4,4,4,2021-01-16,Georgetown,,DePaul,REG (Conf),L 54-78,*,35,1,10,.100,0,3,.000,1,7,.143,.100,1,2,.500,0,1,1,3,1,0,5,3,3,-6.8,Yasmin Ott,https://www.sports-reference.com/cbb/players/yasmin-ott-1.html,georgetown,2020-21
5,5,5,2021-01-20,Georgetown,@,Marquette,REG (Conf),L 40-72,*,31,0,12,.000,0,2,.000,0,10,.000,.000,2,4,.500,0,1,1,3,1,0,3,1,2,-7.2,Yasmin Ott,https://www.sports-reference.com/cbb/players/yasmin-ott-1.html,georgetown,2020-21
6,6,6,2021-01-23,Georgetown,@,Connecticut,REG (Conf),L 41-72,*,34,4,14,.286,2,6,.333,2,8,.250,.357,0,0,,0,2,2,0,0,0,3,1,10,-1.0,Yasmin Ott,https://www.sports-reference.com/cbb/players/yasmin-ott-1.html,georgetown,2020-21
7,7,7,2021-01-27,Georgetown,,St. John's (NY),REG (Conf),L 53-70,*,30,1,13,.077,1,7,.143,0,6,.000,.115,0,0,,0,2,2,2,0,0,3,2,3,-7.5,Yasmin Ott,https://www.sports-reference.com/cbb/players/yasmin-ott-1.html,georgetown,2020-21
8,8,8,2021-01-30,Georgetown,@,Creighton,REG (Conf),L 57-65,*,27,1,6,.167,0,3,.000,1,3,.333,.167,0,0,,0,0,0,2,0,1,0,3,2,-0.9,Yasmin Ott,https://www.sports-reference.com/cbb/players/yasmin-ott-1.html,georgetown,2020-21
9,9,9,2021-02-03,Georgetown,,Marquette,REG (Conf),L 48-55,,19,2,9,.222,0,3,.000,2,6,.333,.222,0,0,,0,2,2,2,1,0,1,0,4,0.5,Yasmin Ott,https://www.sports-reference.com/cbb/players/yasmin-ott-1.html,georgetown,2020-21
10,10,10,2021-02-08,Georgetown,,Seton Hall,REG (Conf),L 52-60,,18,0,4,.000,0,1,.000,0,3,.000,.000,1,2,.500,1,1,2,3,2,0,2,2,1,0.1,Yasmin Ott,https://www.sports-reference.com/cbb/players/yasmin-ott-1.html,georgetown,2020-21
11,11,11,2021-02-12,Georgetown,,Connecticut,REG (Conf),L 40-64,,23,3,8,.375,2,4,.500,1,4,.250,.500,0,0,,0,4,4,0,1,0,0,1,8,5.4,Yasmin Ott,https://www.sports-reference.com/cbb/players/yasmin-ott-1.html,georgetown,2020-21
12,12,12,2021-02-15,Georgetown,,Creighton,REG (Conf),L 41-42,,11,1,4,.250,0,1,.000,1,3,.333,.250,0,0,,0,0,0,0,0,0,0,0,2,-0.4,Yasmin Ott,https://www.sports-reference.com/cbb/players/yasmin-ott-1.html,georgetown,2020-21
13,13,13,2021-02-18,Georgetown,@,Seton Hall,REG (Conf),L 72-79 (OT),,34,4,15,.267,0,4,.000,4,11,.364,.267,0,0,,0,4,4,0,0,0,3,4,8,-4.3,Yasmin Ott,https://www.sports-reference.com/cbb/players/yasmin-ott-1.html,georgetown,2020-21
14,14,14,2021-02-21,Georgetown,,Villanova,REG (Conf),L 56-64,,10,2,4,.500,0,0,,2,4,.500,.500,0,0,,0,0,0,1,0,0,1,0,4,1.7,Yasmin Ott,https://www.sports-reference.com/cbb/players/yasmin-ott-1.html,georgetown,2020-21
15,15,15,2021-02-24,Georgetown,@,St. John's (NY),REG (Conf),W 62-58 (OT),,23,3,9,.333,2,3,.667,1,6,.167,.444,0,0,,0,1,1,1,2,0,0,0,8,5.9,Yasmin Ott,https://www.sports-reference.com/cbb/players/yasmin-ott-1.html,georgetown,2020-21
16,16,16,2021-02-28,Georgetown,@,Xavier,REG (Conf),L 48-58,,25,1,5,.200,0,0,,1,5,.200,.200,1,2,.500,1,3,4,1,3,1,2,2,3,2.7,Yasmin Ott,https://www.sports-reference.com/cbb/players/yasmin-ott-1.html,georgetown,2020-21
17,17,17,2021-03-05,Georgetown,@,Creighton,CTOURN,L 42-56,,12,0,5,.000,0,2,.000,0,3,.000,.000,0,0,,0,0,0,0,1,0,0,1,0,-2.9,Yasmin Ott,https://www.sports-reference.com/cbb/players/yasmin-ott-1.html,georgetown,2020-21
