ranker,player_game_num_career,team_game_num_season,date,team_name_abbr,game_location,opp_name_abbr,game_type,game_result,is_starter,mp,fg,fga,fg_pct,fg3,fg3a,fg2,fg2a,fg2_pct,efg_pct,ft,fta,ft_pct,orb,drb,trb,ast,stl,blk,tov,pf,pts,game_score,player_name,player_sr_link,school,season
1,88,1,2020-12-03,Louisiana–Monroe,@,Arkansas,REG (Non-Conf),L 50-103,*,16,0,0,,0,0,0,0,,,4,4,1.000,1,2,3,0,0,0,0,0,4,5.3,Diamond Brooks,https://www.sports-reference.com/cbb/players/diamond-brooks-1.html,louisiana-monroe,2020-21
2,89,2,2020-12-06,Louisiana–Monroe,,La. Christian,REG (Non-Conf),W 96-48,,8,4,5,.800,0,0,4,5,.800,.800,3,4,.750,0,1,1,0,0,0,0,1,11,8.6,Diamond Brooks,https://www.sports-reference.com/cbb/players/diamond-brooks-1.html,louisiana-monroe,2020-21
3,90,3,2020-12-10,Louisiana–Monroe,,Grambling State,REG (Non-Conf),L 42-66,,16,2,4,.500,0,0,2,4,.500,.500,0,0,,2,4,6,1,1,0,1,1,4,4.9,Diamond Brooks,https://www.sports-reference.com/cbb/players/diamond-brooks-1.html,louisiana-monroe,2020-21
4,91,4,2020-12-12,Louisiana–Monroe,@,Northwestern State,REG (Non-Conf),W 68-55,*,28,5,9,.556,0,0,5,9,.556,.556,1,4,.250,2,3,5,1,4,0,1,1,11,11.1,Diamond Brooks,https://www.sports-reference.com/cbb/players/diamond-brooks-1.html,louisiana-monroe,2020-21
5,92,5,2020-12-15,Louisiana–Monroe,,Mississippi Valley State,REG (Non-Conf),L 51-53,*,26,2,5,.400,0,0,2,5,.400,.400,0,0,,3,6,9,0,0,0,0,1,4,4.8,Diamond Brooks,https://www.sports-reference.com/cbb/players/diamond-brooks-1.html,louisiana-monroe,2020-21
6,93,6,2020-12-17,Louisiana–Monroe,@,Louisiana Tech,REG (Non-Conf),L 45-63,,10,1,2,.500,0,0,1,2,.500,.500,0,0,,1,2,3,0,0,0,1,0,2,1.3,Diamond Brooks,https://www.sports-reference.com/cbb/players/diamond-brooks-1.html,louisiana-monroe,2020-21
7,94,7,2021-01-08,Louisiana–Monroe,@,UT Arlington,REG (Conf),L 37-82,*,16,0,1,.000,0,0,0,1,.000,.000,4,4,1.000,2,4,6,0,1,1,2,0,4,5.6,Diamond Brooks,https://www.sports-reference.com/cbb/players/diamond-brooks-1.html,louisiana-monroe,2020-21
8,95,8,2021-01-09,Louisiana–Monroe,@,UT Arlington,REG (Conf),L 37-61,*,21,4,5,.800,0,0,4,5,.800,.800,2,2,1.000,0,4,4,0,1,0,5,4,10,3.7,Diamond Brooks,https://www.sports-reference.com/cbb/players/diamond-brooks-1.html,louisiana-monroe,2020-21
9,96,9,2021-01-15,Louisiana–Monroe,,Arkansas State,REG (Conf),L 50-64,*,32,2,2,1.000,0,0,2,2,1.000,1.000,0,0,,0,3,3,2,0,0,0,3,4,4.5,Diamond Brooks,https://www.sports-reference.com/cbb/players/diamond-brooks-1.html,louisiana-monroe,2020-21
10,97,10,2021-01-16,Louisiana–Monroe,,Arkansas State,REG (Conf),L 44-59,*,14,2,2,1.000,0,0,2,2,1.000,1.000,0,0,,1,4,5,1,0,0,0,2,4,5.2,Diamond Brooks,https://www.sports-reference.com/cbb/players/diamond-brooks-1.html,louisiana-monroe,2020-21
11,98,11,2021-01-22,Louisiana–Monroe,@,Texas State,REG (Conf),L 52-74,*,13,0,1,.000,0,0,0,1,.000,.000,0,0,,0,3,3,1,1,0,0,4,0,0.3,Diamond Brooks,https://www.sports-reference.com/cbb/players/diamond-brooks-1.html,louisiana-monroe,2020-21
12,99,12,2021-01-23,Louisiana–Monroe,@,Texas State,REG (Conf),L 50-64,*,30,4,5,.800,0,0,4,5,.800,.800,0,0,,3,4,7,0,0,0,3,4,8,4.8,Diamond Brooks,https://www.sports-reference.com/cbb/players/diamond-brooks-1.html,louisiana-monroe,2020-21
13,100,13,2021-01-29,Louisiana–Monroe,@,Little Rock,REG (Conf),L 36-71,*,19,1,2,.500,0,0,1,2,.500,.500,0,0,,1,0,1,1,0,1,3,2,2,-0.7,Diamond Brooks,https://www.sports-reference.com/cbb/players/diamond-brooks-1.html,louisiana-monroe,2020-21
14,101,14,2021-01-30,Louisiana–Monroe,@,Little Rock,REG (Conf),L 42-67,*,29,2,3,.667,0,0,2,3,.667,.667,0,1,.000,0,5,5,0,0,1,2,4,4,0.9,Diamond Brooks,https://www.sports-reference.com/cbb/players/diamond-brooks-1.html,louisiana-monroe,2020-21
15,102,15,2021-02-05,Louisiana–Monroe,,UT Arlington,REG (Conf),L 60-72,*,26,4,7,.571,0,0,4,7,.571,.571,0,0,,2,1,3,3,1,0,2,1,8,7.1,Diamond Brooks,https://www.sports-reference.com/cbb/players/diamond-brooks-1.html,louisiana-monroe,2020-21
16,103,16,2021-02-06,Louisiana–Monroe,,UT Arlington,REG (Conf),L 39-64,*,17,2,6,.333,0,0,2,6,.333,.333,0,0,,1,2,3,0,0,0,3,5,4,-3.1,Diamond Brooks,https://www.sports-reference.com/cbb/players/diamond-brooks-1.html,louisiana-monroe,2020-21
17,104,17,2021-02-11,Louisiana–Monroe,@,Louisiana,REG (Conf),L 51-65,*,13,3,5,.600,0,0,3,5,.600,.600,0,0,,0,2,2,0,0,0,0,0,6,4.3,Diamond Brooks,https://www.sports-reference.com/cbb/players/diamond-brooks-1.html,louisiana-monroe,2020-21
18,105,18,2021-02-13,Louisiana–Monroe,,Louisiana,REG (Conf),L 59-64,*,13,1,3,.333,0,0,1,3,.333,.333,1,2,.500,3,0,3,0,0,0,1,3,3,0.8,Diamond Brooks,https://www.sports-reference.com/cbb/players/diamond-brooks-1.html,louisiana-monroe,2020-21
19,106,19,2021-02-21,Louisiana–Monroe,,Little Rock,REG (Conf),L 46-66,*,28,6,9,.667,0,0,6,9,.667,.667,0,1,.000,3,3,6,0,1,0,1,4,12,9.1,Diamond Brooks,https://www.sports-reference.com/cbb/players/diamond-brooks-1.html,louisiana-monroe,2020-21
20,107,20,2021-02-22,Louisiana–Monroe,,Little Rock,REG (Conf),W 62-44,*,30,3,4,.750,0,0,3,4,.750,.750,0,2,.000,2,6,8,0,1,0,2,3,6,4.6,Diamond Brooks,https://www.sports-reference.com/cbb/players/diamond-brooks-1.html,louisiana-monroe,2020-21
21,108,21,2021-02-26,Louisiana–Monroe,,Texas State,REG (Conf),L 62-85,*,28,1,3,.333,0,0,1,3,.333,.333,2,4,.500,1,4,5,1,0,0,1,2,4,2.3,Diamond Brooks,https://www.sports-reference.com/cbb/players/diamond-brooks-1.html,louisiana-monroe,2020-21
22,109,22,2021-02-27,Louisiana–Monroe,,Texas State,REG (Conf),L 56-68,*,18,2,2,1.000,0,0,2,2,1.000,1.000,2,2,1.000,1,2,3,0,1,2,3,4,6,4.5,Diamond Brooks,https://www.sports-reference.com/cbb/players/diamond-brooks-1.html,louisiana-monroe,2020-21
23,110,23,2021-03-05,Louisiana–Monroe,@,Appalachian State,CTOURN,L 60-70,*,25,8,10,.800,0,0,8,10,.800,.800,2,5,.400,1,7,8,0,0,0,1,2,18,14.0,Diamond Brooks,https://www.sports-reference.com/cbb/players/diamond-brooks-1.html,louisiana-monroe,2020-21
