ranker,player_game_num_career,team_game_num_season,date,team_name_abbr,game_location,opp_name_abbr,game_type,game_result,is_starter,mp,fg,fga,fg_pct,fg3,fg3a,fg3_pct,fg2,fg2a,fg2_pct,efg_pct,ft,fta,ft_pct,orb,drb,trb,ast,stl,blk,tov,pf,pts,game_score,player_name,player_sr_link,school,season
1,30,1,2020-12-03,Louisiana–Monroe,@,Arkansas,REG (Non-Conf),L 50-103,*,17,2,7,.286,1,2,.500,1,5,.200,.357,0,0,,0,4,4,1,0,0,4,3,5,-2.4,Gara Beth Self,https://www.sports-reference.com/cbb/players/gara-beth-self-1.html,louisiana-monroe,2020-21
2,31,2,2020-12-06,Louisiana–Monroe,,La. Christian,REG (Non-Conf),W 96-48,,19,4,6,.667,0,0,,4,6,.667,.667,1,2,.500,0,1,1,3,0,1,3,1,9,5.7,Gara Beth Self,https://www.sports-reference.com/cbb/players/gara-beth-self-1.html,louisiana-monroe,2020-21
3,32,3,2020-12-10,Louisiana–Monroe,,Grambling State,REG (Non-Conf),L 42-66,,9,0,2,.000,0,0,,0,2,.000,.000,0,0,,0,1,1,2,0,1,2,4,0,-2.6,Gara Beth Self,https://www.sports-reference.com/cbb/players/gara-beth-self-1.html,louisiana-monroe,2020-21
4,33,4,2020-12-12,Louisiana–Monroe,@,Northwestern State,REG (Non-Conf),W 68-55,,28,3,9,.333,0,2,.000,3,7,.429,.333,6,8,.750,1,2,3,5,2,0,2,2,12,10.1,Gara Beth Self,https://www.sports-reference.com/cbb/players/gara-beth-self-1.html,louisiana-monroe,2020-21
5,34,5,2020-12-15,Louisiana–Monroe,,Mississippi Valley State,REG (Non-Conf),L 51-53,*,39,6,15,.400,1,6,.167,5,9,.556,.433,1,2,.500,0,2,2,4,2,0,2,4,14,7.3,Gara Beth Self,https://www.sports-reference.com/cbb/players/gara-beth-self-1.html,louisiana-monroe,2020-21
6,35,6,2020-12-17,Louisiana–Monroe,@,Louisiana Tech,REG (Non-Conf),L 45-63,*,23,2,5,.400,1,1,1.000,1,4,.250,.500,0,0,,0,4,4,2,0,0,3,1,5,1.5,Gara Beth Self,https://www.sports-reference.com/cbb/players/gara-beth-self-1.html,louisiana-monroe,2020-21
7,36,7,2021-01-08,Louisiana–Monroe,@,UT Arlington,REG (Conf),L 37-82,*,18,1,6,.167,0,3,.000,1,3,.333,.167,0,0,,1,0,1,2,0,0,1,0,2,-0.7,Gara Beth Self,https://www.sports-reference.com/cbb/players/gara-beth-self-1.html,louisiana-monroe,2020-21
8,37,8,2021-01-09,Louisiana–Monroe,@,UT Arlington,REG (Conf),L 37-61,*,29,0,4,.000,0,0,,0,4,.000,.000,1,2,.500,0,4,4,4,1,0,1,2,1,1.0,Gara Beth Self,https://www.sports-reference.com/cbb/players/gara-beth-self-1.html,louisiana-monroe,2020-21
9,38,9,2021-01-15,Louisiana–Monroe,,Arkansas State,REG (Conf),L 50-64,*,25,4,7,.571,1,2,.500,3,5,.600,.643,2,3,.667,0,1,1,2,3,0,3,1,11,8.6,Gara Beth Self,https://www.sports-reference.com/cbb/players/gara-beth-self-1.html,louisiana-monroe,2020-21
10,39,11,2021-01-22,Louisiana–Monroe,@,Texas State,REG (Conf),L 52-74,,9,1,3,.333,0,1,.000,1,2,.500,.333,2,4,.500,0,0,0,0,0,0,2,2,4,-1.3,Gara Beth Self,https://www.sports-reference.com/cbb/players/gara-beth-self-1.html,louisiana-monroe,2020-21
11,40,12,2021-01-23,Louisiana–Monroe,@,Texas State,REG (Conf),L 50-64,*,23,0,3,.000,0,0,,0,3,.000,.000,0,0,,0,1,1,0,0,0,2,0,0,-3.8,Gara Beth Self,https://www.sports-reference.com/cbb/players/gara-beth-self-1.html,louisiana-monroe,2020-21
12,41,13,2021-01-29,Louisiana–Monroe,@,Little Rock,REG (Conf),L 36-71,*,26,1,8,.125,0,2,.000,1,6,.167,.125,0,0,,0,1,1,1,0,0,4,2,2,-7.0,Gara Beth Self,https://www.sports-reference.com/cbb/players/gara-beth-self-1.html,louisiana-monroe,2020-21
13,42,14,2021-01-30,Louisiana–Monroe,@,Little Rock,REG (Conf),L 42-67,*,36,4,9,.444,1,2,.500,3,7,.429,.500,0,0,,0,4,4,2,1,0,4,4,9,2.3,Gara Beth Self,https://www.sports-reference.com/cbb/players/gara-beth-self-1.html,louisiana-monroe,2020-21
14,43,15,2021-02-05,Louisiana–Monroe,,UT Arlington,REG (Conf),L 60-72,*,29,4,7,.571,2,3,.667,2,4,.500,.714,0,0,,0,1,1,5,0,0,1,1,10,9.1,Gara Beth Self,https://www.sports-reference.com/cbb/players/gara-beth-self-1.html,louisiana-monroe,2020-21
15,44,16,2021-02-06,Louisiana–Monroe,,UT Arlington,REG (Conf),L 39-64,*,23,1,4,.250,1,3,.333,0,1,.000,.375,0,0,,0,0,0,3,0,0,2,2,3,-0.1,Gara Beth Self,https://www.sports-reference.com/cbb/players/gara-beth-self-1.html,louisiana-monroe,2020-21
16,45,17,2021-02-11,Louisiana–Monroe,@,Louisiana,REG (Conf),L 51-65,*,17,1,2,.500,0,0,,1,2,.500,.500,0,0,,0,0,0,1,0,0,0,2,2,0.9,Gara Beth Self,https://www.sports-reference.com/cbb/players/gara-beth-self-1.html,louisiana-monroe,2020-21
17,46,18,2021-02-13,Louisiana–Monroe,,Louisiana,REG (Conf),L 59-64,*,23,2,4,.500,0,1,.000,2,3,.667,.500,0,0,,0,0,0,2,1,0,1,4,4,1.8,Gara Beth Self,https://www.sports-reference.com/cbb/players/gara-beth-self-1.html,louisiana-monroe,2020-21
18,47,19,2021-02-21,Louisiana–Monroe,,Little Rock,REG (Conf),L 46-66,*,26,2,4,.500,0,0,,2,4,.500,.500,0,2,.000,0,2,2,0,0,0,1,2,4,0.0,Gara Beth Self,https://www.sports-reference.com/cbb/players/gara-beth-self-1.html,louisiana-monroe,2020-21
19,48,20,2021-02-22,Louisiana–Monroe,,Little Rock,REG (Conf),W 62-44,*,29,4,10,.400,3,7,.429,1,3,.333,.550,1,2,.500,0,3,3,1,1,0,1,3,12,6.6,Gara Beth Self,https://www.sports-reference.com/cbb/players/gara-beth-self-1.html,louisiana-monroe,2020-21
20,49,21,2021-02-26,Louisiana–Monroe,,Texas State,REG (Conf),L 62-85,*,34,6,10,.600,4,6,.667,2,4,.500,.800,0,0,,1,1,2,1,0,0,4,2,16,8.3,Gara Beth Self,https://www.sports-reference.com/cbb/players/gara-beth-self-1.html,louisiana-monroe,2020-21
21,50,22,2021-02-27,Louisiana–Monroe,,Texas State,REG (Conf),L 56-68,*,35,2,12,.167,2,3,.667,0,9,.000,.250,3,4,.750,0,3,3,0,0,0,3,2,9,-1.9,Gara Beth Self,https://www.sports-reference.com/cbb/players/gara-beth-self-1.html,louisiana-monroe,2020-21
22,51,23,2021-03-05,Louisiana–Monroe,@,Appalachian State,CTOURN,L 60-70,*,27,1,6,.167,0,2,.000,1,4,.250,.167,0,0,,0,0,0,1,0,0,4,0,2,-5.1,Gara Beth Self,https://www.sports-reference.com/cbb/players/gara-beth-self-1.html,louisiana-monroe,2020-21
