ranker,player_game_num_career,team_game_num_season,date,team_name_abbr,game_location,opp_name_abbr,game_type,game_result,is_starter,mp,fg,fga,fg_pct,fg3,fg3a,fg3_pct,fg2,fg2a,fg2_pct,efg_pct,ft,fta,ft_pct,orb,drb,trb,ast,stl,blk,tov,pf,pts,game_score,player_name,player_sr_link,school,season
1,1,1,2020-12-03,Louisiana–Monroe,@,Arkansas,REG (Non-Conf),L 50-103,,24,2,7,.286,0,1,.000,2,6,.333,.286,0,0,,0,0,0,3,0,0,3,3,4,-2.2,Gracen Williams,https://www.sports-reference.com/cbb/players/gracen-williams-1.html,louisiana-monroe,2020-21
2,2,2,2020-12-06,Louisiana–Monroe,,La. Christian,REG (Non-Conf),W 96-48,*,18,2,3,.667,0,0,,2,3,.667,.667,0,0,,0,1,1,5,1,0,3,3,4,3.3,Gracen Williams,https://www.sports-reference.com/cbb/players/gracen-williams-1.html,louisiana-monroe,2020-21
3,3,3,2020-12-10,Louisiana–Monroe,,Grambling State,REG (Non-Conf),L 42-66,*,23,2,5,.400,1,3,.333,1,2,.500,.500,0,0,,0,2,2,2,0,0,2,0,5,2.3,Gracen Williams,https://www.sports-reference.com/cbb/players/gracen-williams-1.html,louisiana-monroe,2020-21
4,4,4,2020-12-12,Louisiana–Monroe,@,Northwestern State,REG (Non-Conf),W 68-55,*,12,0,3,.000,0,0,,0,3,.000,.000,0,0,,0,1,1,4,0,0,1,2,0,-0.8,Gracen Williams,https://www.sports-reference.com/cbb/players/gracen-williams-1.html,louisiana-monroe,2020-21
5,5,5,2020-12-15,Louisiana–Monroe,,Mississippi Valley State,REG (Non-Conf),L 51-53,,1,0,0,,0,0,,0,0,,,0,0,,0,0,0,0,0,0,0,1,0,-0.4,Gracen Williams,https://www.sports-reference.com/cbb/players/gracen-williams-1.html,louisiana-monroe,2020-21
6,6,6,2020-12-17,Louisiana–Monroe,@,Louisiana Tech,REG (Non-Conf),L 45-63,,17,0,2,.000,0,2,.000,0,0,,.000,0,0,,0,1,1,1,0,0,3,1,0,-3.8,Gracen Williams,https://www.sports-reference.com/cbb/players/gracen-williams-1.html,louisiana-monroe,2020-21
7,7,7,2021-01-08,Louisiana–Monroe,@,UT Arlington,REG (Conf),L 37-82,,12,0,3,.000,0,2,.000,0,1,.000,.000,0,0,,1,1,2,1,0,0,2,2,0,-3.2,Gracen Williams,https://www.sports-reference.com/cbb/players/gracen-williams-1.html,louisiana-monroe,2020-21
8,8,8,2021-01-09,Louisiana–Monroe,@,UT Arlington,REG (Conf),L 37-61,,3,0,1,.000,0,1,.000,0,0,,.000,0,0,,0,0,0,0,1,0,0,0,0,0.3,Gracen Williams,https://www.sports-reference.com/cbb/players/gracen-williams-1.html,louisiana-monroe,2020-21
9,9,9,2021-01-15,Louisiana–Monroe,,Arkansas State,REG (Conf),L 50-64,,19,0,2,.000,0,1,.000,0,1,.000,.000,1,2,.500,0,2,2,5,0,0,4,3,1,-1.9,Gracen Williams,https://www.sports-reference.com/cbb/players/gracen-williams-1.html,louisiana-monroe,2020-21
10,10,10,2021-01-16,Louisiana–Monroe,,Arkansas State,REG (Conf),L 44-59,*,21,0,2,.000,0,1,.000,0,1,.000,.000,0,0,,0,1,1,4,0,0,3,0,0,-1.3,Gracen Williams,https://www.sports-reference.com/cbb/players/gracen-williams-1.html,louisiana-monroe,2020-21
11,11,11,2021-01-22,Louisiana–Monroe,@,Texas State,REG (Conf),L 52-74,*,31,0,0,,0,0,,0,0,,,1,2,.500,0,1,1,2,2,0,2,2,1,1.5,Gracen Williams,https://www.sports-reference.com/cbb/players/gracen-williams-1.html,louisiana-monroe,2020-21
12,12,12,2021-01-23,Louisiana–Monroe,@,Texas State,REG (Conf),L 50-64,,17,1,2,.500,0,0,,1,2,.500,.500,0,1,.000,0,1,1,2,0,0,4,1,2,-2.1,Gracen Williams,https://www.sports-reference.com/cbb/players/gracen-williams-1.html,louisiana-monroe,2020-21
13,13,13,2021-01-29,Louisiana–Monroe,@,Little Rock,REG (Conf),L 36-71,,17,0,1,.000,0,0,,0,1,.000,.000,0,0,,0,0,0,0,0,0,1,2,0,-2.5,Gracen Williams,https://www.sports-reference.com/cbb/players/gracen-williams-1.html,louisiana-monroe,2020-21
14,14,14,2021-01-30,Louisiana–Monroe,@,Little Rock,REG (Conf),L 42-67,,22,0,2,.000,0,0,,0,2,.000,.000,3,4,.750,0,3,3,1,1,0,3,1,3,0.4,Gracen Williams,https://www.sports-reference.com/cbb/players/gracen-williams-1.html,louisiana-monroe,2020-21
15,15,15,2021-02-05,Louisiana–Monroe,,UT Arlington,REG (Conf),L 60-72,,16,0,1,.000,0,1,.000,0,0,,.000,0,0,,0,0,0,4,0,0,2,4,0,-1.5,Gracen Williams,https://www.sports-reference.com/cbb/players/gracen-williams-1.html,louisiana-monroe,2020-21
16,16,16,2021-02-06,Louisiana–Monroe,,UT Arlington,REG (Conf),L 39-64,,19,0,1,.000,0,0,,0,1,.000,.000,0,0,,0,1,1,2,0,1,3,1,0,-1.7,Gracen Williams,https://www.sports-reference.com/cbb/players/gracen-williams-1.html,louisiana-monroe,2020-21
17,17,17,2021-02-11,Louisiana–Monroe,@,Louisiana,REG (Conf),L 51-65,,34,2,3,.667,1,1,1.000,1,2,.500,.833,2,3,.667,0,2,2,5,4,0,3,4,7,8.8,Gracen Williams,https://www.sports-reference.com/cbb/players/gracen-williams-1.html,louisiana-monroe,2020-21
18,18,18,2021-02-13,Louisiana–Monroe,,Louisiana,REG (Conf),L 59-64,,22,1,4,.250,0,0,,1,4,.250,.250,1,1,1.000,0,1,1,1,0,0,4,5,3,-4.4,Gracen Williams,https://www.sports-reference.com/cbb/players/gracen-williams-1.html,louisiana-monroe,2020-21
19,19,19,2021-02-21,Louisiana–Monroe,,Little Rock,REG (Conf),L 46-66,,24,1,2,.500,0,0,,1,2,.500,.500,2,2,1.000,0,0,0,3,1,0,3,1,4,2.7,Gracen Williams,https://www.sports-reference.com/cbb/players/gracen-williams-1.html,louisiana-monroe,2020-21
20,20,20,2021-02-22,Louisiana–Monroe,,Little Rock,REG (Conf),W 62-44,*,38,1,4,.250,0,0,,1,4,.250,.250,5,6,.833,0,2,2,8,0,0,2,1,7,8.0,Gracen Williams,https://www.sports-reference.com/cbb/players/gracen-williams-1.html,louisiana-monroe,2020-21
21,21,21,2021-02-26,Louisiana–Monroe,,Texas State,REG (Conf),L 62-85,*,19,0,2,.000,0,1,.000,0,1,.000,.000,0,0,,0,2,2,0,1,0,2,2,0,-2.6,Gracen Williams,https://www.sports-reference.com/cbb/players/gracen-williams-1.html,louisiana-monroe,2020-21
22,22,22,2021-02-27,Louisiana–Monroe,,Texas State,REG (Conf),L 56-68,*,7,0,1,.000,0,1,.000,0,0,,.000,0,0,,0,4,4,0,0,0,1,2,0,-1.3,Gracen Williams,https://www.sports-reference.com/cbb/players/gracen-williams-1.html,louisiana-monroe,2020-21
23,23,23,2021-03-05,Louisiana–Monroe,@,Appalachian State,CTOURN,L 60-70,,15,0,0,,0,0,,0,0,,,0,0,,0,1,1,2,0,0,3,2,0,-2.1,Gracen Williams,https://www.sports-reference.com/cbb/players/gracen-williams-1.html,louisiana-monroe,2020-21
