ranker,player_game_num_career,team_game_num_season,date,team_name_abbr,game_location,opp_name_abbr,game_type,game_result,is_starter,mp,fg,fga,fg_pct,fg3,fg3a,fg2,fg2a,fg2_pct,efg_pct,ft,fta,ft_pct,orb,drb,trb,ast,stl,blk,tov,pf,pts,game_score,player_name,player_sr_link,school,season
1,1,1,2020-12-03,Louisiana–Monroe,@,Arkansas,REG (Non-Conf),L 50-103,,10,0,2,.000,0,0,0,2,.000,.000,0,0,,0,3,3,0,0,1,0,0,0,0.2,Hannah Edwards,https://www.sports-reference.com/cbb/players/hannah-edwards-1.html,louisiana-monroe,2020-21
2,2,2,2020-12-06,Louisiana–Monroe,,La. Christian,REG (Non-Conf),W 96-48,,12,1,6,.167,0,0,1,6,.167,.167,1,2,.500,4,7,11,0,0,3,0,1,3,5.4,Hannah Edwards,https://www.sports-reference.com/cbb/players/hannah-edwards-1.html,louisiana-monroe,2020-21
3,3,3,2020-12-10,Louisiana–Monroe,,Grambling State,REG (Non-Conf),L 42-66,,4,1,2,.500,0,0,1,2,.500,.500,0,2,.000,1,1,2,1,0,0,1,3,2,-0.3,Hannah Edwards,https://www.sports-reference.com/cbb/players/hannah-edwards-1.html,louisiana-monroe,2020-21
4,4,4,2020-12-12,Louisiana–Monroe,@,Northwestern State,REG (Non-Conf),W 68-55,,1,0,0,,0,0,0,0,,,0,0,,0,0,0,0,0,0,1,1,0,-1.4,Hannah Edwards,https://www.sports-reference.com/cbb/players/hannah-edwards-1.html,louisiana-monroe,2020-21
5,5,5,2020-12-15,Louisiana–Monroe,,Mississippi Valley State,REG (Non-Conf),L 51-53,,2,0,0,,0,0,0,0,,,0,0,,0,0,0,0,0,1,0,0,0,0.7,Hannah Edwards,https://www.sports-reference.com/cbb/players/hannah-edwards-1.html,louisiana-monroe,2020-21
6,6,6,2020-12-17,Louisiana–Monroe,@,Louisiana Tech,REG (Non-Conf),L 45-63,,6,0,1,.000,0,0,0,1,.000,.000,0,0,,0,1,1,0,0,1,1,0,0,-0.7,Hannah Edwards,https://www.sports-reference.com/cbb/players/hannah-edwards-1.html,louisiana-monroe,2020-21
7,7,10,2021-01-16,Louisiana–Monroe,,Arkansas State,REG (Conf),L 44-59,,2,0,1,.000,0,0,0,1,.000,.000,0,0,,0,0,0,0,0,0,0,0,0,-0.7,Hannah Edwards,https://www.sports-reference.com/cbb/players/hannah-edwards-1.html,louisiana-monroe,2020-21
8,8,11,2021-01-22,Louisiana–Monroe,@,Texas State,REG (Conf),L 52-74,,1,0,0,,0,0,0,0,,,1,2,.500,0,0,0,0,0,0,0,0,1,0.6,Hannah Edwards,https://www.sports-reference.com/cbb/players/hannah-edwards-1.html,louisiana-monroe,2020-21
9,9,16,2021-02-06,Louisiana–Monroe,,UT Arlington,REG (Conf),L 39-64,,2,0,0,,0,0,0,0,,,0,0,,0,0,0,0,0,0,0,0,0,0.0,Hannah Edwards,https://www.sports-reference.com/cbb/players/hannah-edwards-1.html,louisiana-monroe,2020-21
