ranker,player_game_num_career,team_game_num_season,date,team_name_abbr,game_location,opp_name_abbr,game_type,game_result,is_starter,mp,fg,fga,fg_pct,fg3,fg3a,fg3_pct,fg2,fg2a,fg2_pct,efg_pct,ft,fta,ft_pct,orb,drb,trb,ast,stl,blk,tov,pf,pts,game_score,player_name,player_sr_link,school,season
1,1,2,2020-12-06,Louisiana–Monroe,,La. Christian,REG (Non-Conf),W 96-48,*,28,5,15,.333,1,6,.167,4,9,.444,.367,4,5,.800,1,0,1,1,0,0,6,3,15,0.3,Kierra Brimzy,https://www.sports-reference.com/cbb/players/kierra-brimzy-1.html,louisiana-monroe,2020-21
2,2,3,2020-12-10,Louisiana–Monroe,,Grambling State,REG (Non-Conf),L 42-66,*,22,3,13,.231,0,2,.000,3,11,.273,.231,5,11,.455,2,2,4,1,0,0,7,2,11,-4.4,Kierra Brimzy,https://www.sports-reference.com/cbb/players/kierra-brimzy-1.html,louisiana-monroe,2020-21
3,3,4,2020-12-12,Louisiana–Monroe,@,Northwestern State,REG (Non-Conf),W 68-55,*,34,8,17,.471,4,10,.400,4,7,.571,.588,4,6,.667,2,3,5,3,0,0,5,2,24,13.1,Kierra Brimzy,https://www.sports-reference.com/cbb/players/kierra-brimzy-1.html,louisiana-monroe,2020-21
4,4,5,2020-12-15,Louisiana–Monroe,,Mississippi Valley State,REG (Non-Conf),L 51-53,*,36,6,18,.333,1,7,.143,5,11,.455,.361,0,0,,0,3,3,3,1,0,4,4,13,1.2,Kierra Brimzy,https://www.sports-reference.com/cbb/players/kierra-brimzy-1.html,louisiana-monroe,2020-21
5,5,6,2020-12-17,Louisiana–Monroe,@,Louisiana Tech,REG (Non-Conf),L 45-63,*,34,7,16,.438,2,6,.333,5,10,.500,.500,0,0,,0,4,4,1,0,0,3,2,16,5.7,Kierra Brimzy,https://www.sports-reference.com/cbb/players/kierra-brimzy-1.html,louisiana-monroe,2020-21
6,6,7,2021-01-08,Louisiana–Monroe,@,UT Arlington,REG (Conf),L 37-82,*,26,6,14,.429,0,3,.000,6,11,.545,.429,4,6,.667,0,1,1,0,0,0,4,1,16,3.7,Kierra Brimzy,https://www.sports-reference.com/cbb/players/kierra-brimzy-1.html,louisiana-monroe,2020-21
7,7,8,2021-01-09,Louisiana–Monroe,@,UT Arlington,REG (Conf),L 37-61,*,31,4,11,.364,0,2,.000,4,9,.444,.364,0,0,,0,4,4,0,0,0,2,2,8,0.3,Kierra Brimzy,https://www.sports-reference.com/cbb/players/kierra-brimzy-1.html,louisiana-monroe,2020-21
8,8,9,2021-01-15,Louisiana–Monroe,,Arkansas State,REG (Conf),L 50-64,*,31,6,11,.545,1,5,.200,5,6,.833,.591,0,0,,0,2,2,1,0,0,4,0,13,5.0,Kierra Brimzy,https://www.sports-reference.com/cbb/players/kierra-brimzy-1.html,louisiana-monroe,2020-21
9,9,10,2021-01-16,Louisiana–Monroe,,Arkansas State,REG (Conf),L 44-59,*,33,3,12,.250,1,5,.200,2,7,.286,.292,0,0,,1,1,2,2,0,0,5,3,7,-4.0,Kierra Brimzy,https://www.sports-reference.com/cbb/players/kierra-brimzy-1.html,louisiana-monroe,2020-21
10,10,11,2021-01-22,Louisiana–Monroe,@,Texas State,REG (Conf),L 52-74,*,33,6,18,.333,2,6,.333,4,12,.333,.389,2,2,1.000,1,3,4,0,0,0,1,1,16,6.0,Kierra Brimzy,https://www.sports-reference.com/cbb/players/kierra-brimzy-1.html,louisiana-monroe,2020-21
11,11,12,2021-01-23,Louisiana–Monroe,@,Texas State,REG (Conf),L 50-64,*,34,11,24,.458,1,7,.143,10,17,.588,.479,1,1,1.000,0,3,3,3,0,0,3,3,24,10.4,Kierra Brimzy,https://www.sports-reference.com/cbb/players/kierra-brimzy-1.html,louisiana-monroe,2020-21
12,12,13,2021-01-29,Louisiana–Monroe,@,Little Rock,REG (Conf),L 36-71,*,25,3,13,.231,1,4,.250,2,9,.222,.269,2,3,.667,1,2,3,2,0,0,4,1,9,-1.0,Kierra Brimzy,https://www.sports-reference.com/cbb/players/kierra-brimzy-1.html,louisiana-monroe,2020-21
13,13,14,2021-01-30,Louisiana–Monroe,@,Little Rock,REG (Conf),L 42-67,*,36,1,8,.125,0,3,.000,1,5,.200,.125,0,0,,1,1,2,1,1,0,3,0,2,-3.5,Kierra Brimzy,https://www.sports-reference.com/cbb/players/kierra-brimzy-1.html,louisiana-monroe,2020-21
14,14,15,2021-02-05,Louisiana–Monroe,,UT Arlington,REG (Conf),L 60-72,*,35,9,14,.643,3,5,.600,6,9,.667,.750,1,2,.500,1,5,6,2,0,0,9,1,22,9.6,Kierra Brimzy,https://www.sports-reference.com/cbb/players/kierra-brimzy-1.html,louisiana-monroe,2020-21
15,15,16,2021-02-06,Louisiana–Monroe,,UT Arlington,REG (Conf),L 39-64,*,28,1,10,.100,0,4,.000,1,6,.167,.100,3,4,.750,1,4,5,2,0,0,1,1,5,-0.1,Kierra Brimzy,https://www.sports-reference.com/cbb/players/kierra-brimzy-1.html,louisiana-monroe,2020-21
16,16,17,2021-02-11,Louisiana–Monroe,@,Louisiana,REG (Conf),L 51-65,*,26,4,12,.333,0,3,.000,4,9,.444,.333,0,0,,1,2,3,3,1,0,3,2,8,1.8,Kierra Brimzy,https://www.sports-reference.com/cbb/players/kierra-brimzy-1.html,louisiana-monroe,2020-21
17,17,18,2021-02-13,Louisiana–Monroe,,Louisiana,REG (Conf),L 59-64,*,37,9,16,.563,4,5,.800,5,11,.455,.688,1,1,1.000,0,5,5,1,1,0,0,1,23,18.2,Kierra Brimzy,https://www.sports-reference.com/cbb/players/kierra-brimzy-1.html,louisiana-monroe,2020-21
18,18,19,2021-02-21,Louisiana–Monroe,,Little Rock,REG (Conf),L 46-66,*,35,5,17,.294,0,5,.000,5,12,.417,.294,6,8,.750,0,1,1,2,1,0,2,1,16,5.6,Kierra Brimzy,https://www.sports-reference.com/cbb/players/kierra-brimzy-1.html,louisiana-monroe,2020-21
19,19,20,2021-02-22,Louisiana–Monroe,,Little Rock,REG (Conf),W 62-44,*,17,1,11,.091,1,2,.500,0,9,.000,.136,1,2,.500,0,3,3,0,0,0,2,4,4,-6.4,Kierra Brimzy,https://www.sports-reference.com/cbb/players/kierra-brimzy-1.html,louisiana-monroe,2020-21
20,20,21,2021-02-26,Louisiana–Monroe,,Texas State,REG (Conf),L 62-85,*,31,3,9,.333,0,2,.000,3,7,.429,.333,6,6,1.000,0,3,3,4,0,0,5,2,12,4.8,Kierra Brimzy,https://www.sports-reference.com/cbb/players/kierra-brimzy-1.html,louisiana-monroe,2020-21
21,21,22,2021-02-27,Louisiana–Monroe,,Texas State,REG (Conf),L 56-68,*,37,6,19,.316,3,6,.500,3,13,.231,.395,0,0,,0,0,0,7,2,0,5,2,15,5.2,Kierra Brimzy,https://www.sports-reference.com/cbb/players/kierra-brimzy-1.html,louisiana-monroe,2020-21
22,22,23,2021-03-05,Louisiana–Monroe,@,Appalachian State,CTOURN,L 60-70,*,40,9,15,.600,0,0,,9,15,.600,.600,4,5,.800,0,4,4,2,0,0,3,0,22,14.3,Kierra Brimzy,https://www.sports-reference.com/cbb/players/kierra-brimzy-1.html,louisiana-monroe,2020-21
