ranker,player_game_num_career,team_game_num_season,date,team_name_abbr,game_location,opp_name_abbr,game_type,game_result,is_starter,mp,fg,fga,fg_pct,fg3,fg3a,fg2,fg2a,fg2_pct,efg_pct,ft,fta,ft_pct,orb,drb,trb,ast,stl,blk,tov,pf,pts,game_score,player_name,player_sr_link,school,season
1,28,1,2020-12-03,Louisiana–Monroe,@,Arkansas,REG (Non-Conf),L 50-103,*,27,1,3,.333,0,0,1,3,.333,.333,0,2,.000,2,9,11,0,2,0,0,4,2,4.0,Kierra Crockett,https://www.sports-reference.com/cbb/players/kierra-crockett-1.html,louisiana-monroe,2020-21
2,29,2,2020-12-06,Louisiana–Monroe,,La. Christian,REG (Non-Conf),W 96-48,*,13,0,0,,0,0,0,0,,,1,2,.500,0,7,7,1,1,0,0,3,1,3.2,Kierra Crockett,https://www.sports-reference.com/cbb/players/kierra-crockett-1.html,louisiana-monroe,2020-21
3,30,3,2020-12-10,Louisiana–Monroe,,Grambling State,REG (Non-Conf),L 42-66,*,19,1,5,.200,0,0,1,5,.200,.200,4,7,.571,4,5,9,0,0,0,2,1,6,3.6,Kierra Crockett,https://www.sports-reference.com/cbb/players/kierra-crockett-1.html,louisiana-monroe,2020-21
4,31,4,2020-12-12,Louisiana–Monroe,@,Northwestern State,REG (Non-Conf),W 68-55,*,31,5,9,.556,0,0,5,9,.556,.556,6,6,1.000,8,5,13,0,0,2,1,2,16,18.4,Kierra Crockett,https://www.sports-reference.com/cbb/players/kierra-crockett-1.html,louisiana-monroe,2020-21
5,32,5,2020-12-15,Louisiana–Monroe,,Mississippi Valley State,REG (Non-Conf),L 51-53,*,23,0,3,.000,0,0,0,3,.000,.000,0,2,.000,6,2,8,0,1,0,1,5,0,-0.1,Kierra Crockett,https://www.sports-reference.com/cbb/players/kierra-crockett-1.html,louisiana-monroe,2020-21
6,33,6,2020-12-17,Louisiana–Monroe,@,Louisiana Tech,REG (Non-Conf),L 45-63,*,20,2,4,.500,0,0,2,4,.500,.500,0,1,.000,2,5,7,0,1,1,2,4,4,2.6,Kierra Crockett,https://www.sports-reference.com/cbb/players/kierra-crockett-1.html,louisiana-monroe,2020-21
7,34,7,2021-01-08,Louisiana–Monroe,@,UT Arlington,REG (Conf),L 37-82,*,25,3,5,.600,0,0,3,5,.600,.600,0,2,.000,2,6,8,1,1,0,5,3,6,1.6,Kierra Crockett,https://www.sports-reference.com/cbb/players/kierra-crockett-1.html,louisiana-monroe,2020-21
8,35,8,2021-01-09,Louisiana–Monroe,@,UT Arlington,REG (Conf),L 37-61,*,27,2,4,.500,0,0,2,4,.500,.500,4,6,.667,4,11,15,0,1,0,1,2,8,10.5,Kierra Crockett,https://www.sports-reference.com/cbb/players/kierra-crockett-1.html,louisiana-monroe,2020-21
9,36,9,2021-01-15,Louisiana–Monroe,,Arkansas State,REG (Conf),L 50-64,*,14,1,2,.500,0,0,1,2,.500,.500,0,0,,2,2,4,0,0,0,2,5,2,-1.0,Kierra Crockett,https://www.sports-reference.com/cbb/players/kierra-crockett-1.html,louisiana-monroe,2020-21
10,37,10,2021-01-16,Louisiana–Monroe,,Arkansas State,REG (Conf),L 44-59,*,36,3,8,.375,0,0,3,8,.375,.375,2,3,.667,3,11,14,1,2,1,2,2,8,9.2,Kierra Crockett,https://www.sports-reference.com/cbb/players/kierra-crockett-1.html,louisiana-monroe,2020-21
11,38,11,2021-01-22,Louisiana–Monroe,@,Texas State,REG (Conf),L 52-74,*,28,5,9,.556,0,0,5,9,.556,.556,3,10,.300,5,3,8,0,1,2,0,4,13,11.1,Kierra Crockett,https://www.sports-reference.com/cbb/players/kierra-crockett-1.html,louisiana-monroe,2020-21
12,39,12,2021-01-23,Louisiana–Monroe,@,Texas State,REG (Conf),L 50-64,*,23,2,4,.500,0,0,2,4,.500,.500,1,2,.500,3,5,8,2,0,1,4,5,5,2.3,Kierra Crockett,https://www.sports-reference.com/cbb/players/kierra-crockett-1.html,louisiana-monroe,2020-21
13,40,13,2021-01-29,Louisiana–Monroe,@,Little Rock,REG (Conf),L 36-71,*,36,4,8,.500,0,0,4,8,.500,.500,1,2,.500,2,6,8,2,2,0,3,3,9,7.0,Kierra Crockett,https://www.sports-reference.com/cbb/players/kierra-crockett-1.html,louisiana-monroe,2020-21
14,41,14,2021-01-30,Louisiana–Monroe,@,Little Rock,REG (Conf),L 42-67,*,23,3,3,1.000,0,0,3,3,1.000,1.000,1,1,1.000,0,4,4,0,0,0,4,4,7,1.7,Kierra Crockett,https://www.sports-reference.com/cbb/players/kierra-crockett-1.html,louisiana-monroe,2020-21
15,42,15,2021-02-05,Louisiana–Monroe,,UT Arlington,REG (Conf),L 60-72,*,28,2,6,.333,0,0,2,6,.333,.333,1,4,.250,2,6,8,0,0,0,1,2,5,1.8,Kierra Crockett,https://www.sports-reference.com/cbb/players/kierra-crockett-1.html,louisiana-monroe,2020-21
16,43,16,2021-02-06,Louisiana–Monroe,,UT Arlington,REG (Conf),L 39-64,*,25,2,7,.286,0,0,2,7,.286,.286,3,4,.750,0,10,10,0,0,0,3,2,7,1.7,Kierra Crockett,https://www.sports-reference.com/cbb/players/kierra-crockett-1.html,louisiana-monroe,2020-21
17,44,17,2021-02-11,Louisiana–Monroe,@,Louisiana,REG (Conf),L 51-65,*,32,4,10,.400,0,0,4,10,.400,.400,1,3,.333,4,6,10,0,2,0,4,5,9,3.4,Kierra Crockett,https://www.sports-reference.com/cbb/players/kierra-crockett-1.html,louisiana-monroe,2020-21
18,45,18,2021-02-13,Louisiana–Monroe,,Louisiana,REG (Conf),L 59-64,*,26,1,4,.250,0,0,1,4,.250,.250,0,1,.000,1,7,8,0,2,0,4,4,2,-1.6,Kierra Crockett,https://www.sports-reference.com/cbb/players/kierra-crockett-1.html,louisiana-monroe,2020-21
19,46,19,2021-02-21,Louisiana–Monroe,,Little Rock,REG (Conf),L 46-66,*,35,1,5,.200,0,0,1,5,.200,.200,0,0,,1,5,6,1,1,0,3,0,2,-0.2,Kierra Crockett,https://www.sports-reference.com/cbb/players/kierra-crockett-1.html,louisiana-monroe,2020-21
20,47,20,2021-02-22,Louisiana–Monroe,,Little Rock,REG (Conf),W 62-44,*,13,2,3,.667,0,0,2,3,.667,.667,1,1,1.000,1,2,3,0,1,0,1,4,5,3.4,Kierra Crockett,https://www.sports-reference.com/cbb/players/kierra-crockett-1.html,louisiana-monroe,2020-21
21,48,21,2021-02-26,Louisiana–Monroe,,Texas State,REG (Conf),L 62-85,*,25,2,5,.400,0,0,2,5,.400,.400,3,4,.750,2,0,2,1,0,0,3,3,7,1.8,Kierra Crockett,https://www.sports-reference.com/cbb/players/kierra-crockett-1.html,louisiana-monroe,2020-21
22,49,22,2021-02-27,Louisiana–Monroe,,Texas State,REG (Conf),L 56-68,*,18,2,2,1.000,0,0,2,2,1.000,1.000,1,2,.500,1,4,5,1,1,0,1,5,5,4.6,Kierra Crockett,https://www.sports-reference.com/cbb/players/kierra-crockett-1.html,louisiana-monroe,2020-21
23,50,23,2021-03-05,Louisiana–Monroe,@,Appalachian State,CTOURN,L 60-70,*,6,0,1,.000,0,0,0,1,.000,.000,0,0,,0,0,0,1,0,0,1,3,0,-2.2,Kierra Crockett,https://www.sports-reference.com/cbb/players/kierra-crockett-1.html,louisiana-monroe,2020-21
