ranker,player_game_num_career,team_game_num_season,date,team_name_abbr,game_location,opp_name_abbr,game_type,game_result,is_starter,mp,fg,fga,fg_pct,fg3,fg3a,fg3_pct,fg2,fg2a,fg2_pct,efg_pct,ft,fta,ft_pct,orb,drb,trb,ast,stl,blk,tov,pf,pts,game_score,player_name,player_sr_link,school,season
1,1,1,2020-12-03,Louisiana–Monroe,@,Arkansas,REG (Non-Conf),L 50-103,*,19,2,12,.167,0,3,.000,2,9,.222,.167,4,4,1.000,0,1,1,0,0,0,4,2,8,-4.1,Kyren Whittington,https://www.sports-reference.com/cbb/players/kyren-whittington-1.html,louisiana-monroe,2020-21
2,2,2,2020-12-06,Louisiana–Monroe,,La. Christian,REG (Non-Conf),W 96-48,,16,2,5,.400,0,1,.000,2,4,.500,.400,6,6,1.000,1,3,4,1,0,0,1,2,10,7.8,Kyren Whittington,https://www.sports-reference.com/cbb/players/kyren-whittington-1.html,louisiana-monroe,2020-21
3,3,3,2020-12-10,Louisiana–Monroe,,Grambling State,REG (Non-Conf),L 42-66,,17,0,3,.000,0,1,.000,0,2,.000,.000,2,2,1.000,3,6,9,1,2,0,6,5,2,-1.5,Kyren Whittington,https://www.sports-reference.com/cbb/players/kyren-whittington-1.html,louisiana-monroe,2020-21
4,4,4,2020-12-12,Louisiana–Monroe,@,Northwestern State,REG (Non-Conf),W 68-55,,3,0,0,,0,0,,0,0,,,0,0,,0,1,1,0,0,0,0,0,0,0.3,Kyren Whittington,https://www.sports-reference.com/cbb/players/kyren-whittington-1.html,louisiana-monroe,2020-21
5,5,5,2020-12-15,Louisiana–Monroe,,Mississippi Valley State,REG (Non-Conf),L 51-53,,4,0,1,.000,0,0,,0,1,.000,.000,0,0,,0,1,1,0,1,0,0,0,0,0.6,Kyren Whittington,https://www.sports-reference.com/cbb/players/kyren-whittington-1.html,louisiana-monroe,2020-21
6,6,6,2020-12-17,Louisiana–Monroe,@,Louisiana Tech,REG (Non-Conf),L 45-63,,18,5,9,.556,1,1,1.000,4,8,.500,.611,2,2,1.000,1,1,2,1,0,0,8,4,13,0.8,Kyren Whittington,https://www.sports-reference.com/cbb/players/kyren-whittington-1.html,louisiana-monroe,2020-21
7,7,7,2021-01-08,Louisiana–Monroe,@,UT Arlington,REG (Conf),L 37-82,,17,2,6,.333,0,1,.000,2,5,.400,.333,1,2,.500,1,3,4,0,0,0,2,1,5,0.4,Kyren Whittington,https://www.sports-reference.com/cbb/players/kyren-whittington-1.html,louisiana-monroe,2020-21
8,8,8,2021-01-09,Louisiana–Monroe,@,UT Arlington,REG (Conf),L 37-61,,20,1,8,.125,0,0,,1,8,.125,.125,0,0,,0,2,2,2,3,0,3,2,2,-2.0,Kyren Whittington,https://www.sports-reference.com/cbb/players/kyren-whittington-1.html,louisiana-monroe,2020-21
9,9,9,2021-01-15,Louisiana–Monroe,,Arkansas State,REG (Conf),L 50-64,,6,0,0,,0,0,,0,0,,,0,0,,0,2,2,0,1,1,1,0,0,1.3,Kyren Whittington,https://www.sports-reference.com/cbb/players/kyren-whittington-1.html,louisiana-monroe,2020-21
