ranker,player_game_num_career,team_game_num_season,date,team_name_abbr,game_location,opp_name_abbr,game_type,game_result,is_starter,mp,fg,fga,fg_pct,fg3,fg3a,fg3_pct,fg2,fg2a,fg2_pct,efg_pct,ft,fta,ft_pct,orb,drb,trb,ast,stl,blk,tov,pf,pts,game_score,player_name,player_sr_link,school,season
1,25,1,2020-12-03,Louisiana–Monroe,@,Arkansas,REG (Non-Conf),L 50-103,,18,2,8,.250,2,7,.286,0,1,.000,.375,2,4,.500,0,2,2,0,0,0,1,3,8,0.8,Linda Van Schaik,https://www.sports-reference.com/cbb/players/linda-van-schaik-1.html,louisiana-monroe,2020-21
2,26,2,2020-12-06,Louisiana–Monroe,,La. Christian,REG (Non-Conf),W 96-48,*,15,5,7,.714,1,3,.333,4,4,1.000,.786,0,1,.000,1,3,4,0,3,1,6,3,11,5.8,Linda Van Schaik,https://www.sports-reference.com/cbb/players/linda-van-schaik-1.html,louisiana-monroe,2020-21
3,27,3,2020-12-10,Louisiana–Monroe,,Grambling State,REG (Non-Conf),L 42-66,*,17,0,4,.000,0,1,.000,0,3,.000,.000,0,0,,0,1,1,0,0,0,4,1,0,-6.9,Linda Van Schaik,https://www.sports-reference.com/cbb/players/linda-van-schaik-1.html,louisiana-monroe,2020-21
4,28,4,2020-12-12,Louisiana–Monroe,@,Northwestern State,REG (Non-Conf),W 68-55,,4,0,1,.000,0,1,.000,0,0,,.000,0,0,,0,2,2,0,0,1,0,1,0,0.2,Linda Van Schaik,https://www.sports-reference.com/cbb/players/linda-van-schaik-1.html,louisiana-monroe,2020-21
5,29,5,2020-12-15,Louisiana–Monroe,,Mississippi Valley State,REG (Non-Conf),L 51-53,,14,5,7,.714,3,5,.600,2,2,1.000,.929,3,6,.500,0,1,1,1,0,0,2,2,16,10.1,Linda Van Schaik,https://www.sports-reference.com/cbb/players/linda-van-schaik-1.html,louisiana-monroe,2020-21
6,30,6,2020-12-17,Louisiana–Monroe,@,Louisiana Tech,REG (Non-Conf),L 45-63,*,23,2,8,.250,1,5,.200,1,3,.333,.313,0,0,,0,4,4,2,0,0,2,4,5,-0.8,Linda Van Schaik,https://www.sports-reference.com/cbb/players/linda-van-schaik-1.html,louisiana-monroe,2020-21
7,31,7,2021-01-08,Louisiana–Monroe,@,UT Arlington,REG (Conf),L 37-82,*,17,1,6,.167,1,4,.250,0,2,.000,.250,0,2,.000,1,0,1,0,1,1,3,2,3,-3.0,Linda Van Schaik,https://www.sports-reference.com/cbb/players/linda-van-schaik-1.html,louisiana-monroe,2020-21
8,32,8,2021-01-09,Louisiana–Monroe,@,UT Arlington,REG (Conf),L 37-61,*,25,1,11,.091,0,5,.000,1,6,.167,.091,2,4,.500,1,4,5,1,0,0,3,2,4,-5.3,Linda Van Schaik,https://www.sports-reference.com/cbb/players/linda-van-schaik-1.html,louisiana-monroe,2020-21
9,33,9,2021-01-15,Louisiana–Monroe,,Arkansas State,REG (Conf),L 50-64,*,30,0,2,.000,0,1,.000,0,1,.000,.000,0,0,,0,3,3,1,1,1,6,2,0,-4.9,Linda Van Schaik,https://www.sports-reference.com/cbb/players/linda-van-schaik-1.html,louisiana-monroe,2020-21
10,34,10,2021-01-16,Louisiana–Monroe,,Arkansas State,REG (Conf),L 44-59,*,30,3,9,.333,1,6,.167,2,3,.667,.389,0,0,,1,1,2,0,1,1,2,4,7,1.0,Linda Van Schaik,https://www.sports-reference.com/cbb/players/linda-van-schaik-1.html,louisiana-monroe,2020-21
11,35,11,2021-01-22,Louisiana–Monroe,@,Texas State,REG (Conf),L 52-74,*,25,1,5,.200,0,3,.000,1,2,.500,.200,4,4,1.000,0,1,1,2,1,0,2,3,6,2.4,Linda Van Schaik,https://www.sports-reference.com/cbb/players/linda-van-schaik-1.html,louisiana-monroe,2020-21
12,36,12,2021-01-23,Louisiana–Monroe,@,Texas State,REG (Conf),L 50-64,,12,0,3,.000,0,1,.000,0,2,.000,.000,0,0,,1,2,3,0,1,0,1,2,0,-1.6,Linda Van Schaik,https://www.sports-reference.com/cbb/players/linda-van-schaik-1.html,louisiana-monroe,2020-21
13,37,13,2021-01-29,Louisiana–Monroe,@,Little Rock,REG (Conf),L 36-71,*,13,0,3,.000,0,0,,0,3,.000,.000,0,0,,0,0,0,1,1,0,0,0,0,-0.4,Linda Van Schaik,https://www.sports-reference.com/cbb/players/linda-van-schaik-1.html,louisiana-monroe,2020-21
14,38,14,2021-01-30,Louisiana–Monroe,@,Little Rock,REG (Conf),L 42-67,,9,0,0,,0,0,,0,0,,,0,0,,0,0,0,1,0,0,1,3,0,-1.5,Linda Van Schaik,https://www.sports-reference.com/cbb/players/linda-van-schaik-1.html,louisiana-monroe,2020-21
15,39,15,2021-02-05,Louisiana–Monroe,,UT Arlington,REG (Conf),L 60-72,,10,0,1,.000,0,1,.000,0,0,,.000,0,0,,1,1,2,2,0,0,2,4,0,-1.9,Linda Van Schaik,https://www.sports-reference.com/cbb/players/linda-van-schaik-1.html,louisiana-monroe,2020-21
16,40,16,2021-02-06,Louisiana–Monroe,,UT Arlington,REG (Conf),L 39-64,,31,4,7,.571,3,5,.600,1,2,.500,.786,4,4,1.000,0,7,7,1,1,1,0,4,15,14.6,Linda Van Schaik,https://www.sports-reference.com/cbb/players/linda-van-schaik-1.html,louisiana-monroe,2020-21
17,41,17,2021-02-11,Louisiana–Monroe,@,Louisiana,REG (Conf),L 51-65,,17,1,6,.167,1,5,.200,0,1,.000,.250,0,0,,0,2,2,1,1,0,2,3,3,-1.7,Linda Van Schaik,https://www.sports-reference.com/cbb/players/linda-van-schaik-1.html,louisiana-monroe,2020-21
18,42,18,2021-02-13,Louisiana–Monroe,,Louisiana,REG (Conf),L 59-64,,24,2,9,.222,2,5,.400,0,4,.000,.333,0,0,,3,3,6,6,1,2,2,2,6,7.3,Linda Van Schaik,https://www.sports-reference.com/cbb/players/linda-van-schaik-1.html,louisiana-monroe,2020-21
19,43,19,2021-02-21,Louisiana–Monroe,,Little Rock,REG (Conf),L 46-66,,15,0,4,.000,0,0,,0,4,.000,.000,0,0,,0,0,0,1,1,0,2,2,0,-3.9,Linda Van Schaik,https://www.sports-reference.com/cbb/players/linda-van-schaik-1.html,louisiana-monroe,2020-21
20,44,20,2021-02-22,Louisiana–Monroe,,Little Rock,REG (Conf),W 62-44,,28,5,6,.833,3,4,.750,2,2,1.000,1.083,6,8,.750,2,6,8,2,0,1,1,1,19,19.9,Linda Van Schaik,https://www.sports-reference.com/cbb/players/linda-van-schaik-1.html,louisiana-monroe,2020-21
21,45,21,2021-02-26,Louisiana–Monroe,,Texas State,REG (Conf),L 62-85,,20,1,6,.167,1,4,.250,0,2,.000,.250,3,3,1.000,1,2,3,3,0,0,0,5,6,3.6,Linda Van Schaik,https://www.sports-reference.com/cbb/players/linda-van-schaik-1.html,louisiana-monroe,2020-21
22,46,22,2021-02-27,Louisiana–Monroe,,Texas State,REG (Conf),L 56-68,,13,2,2,1.000,1,1,1.000,1,1,1.000,1.250,0,0,,0,1,1,0,1,0,2,5,5,1.7,Linda Van Schaik,https://www.sports-reference.com/cbb/players/linda-van-schaik-1.html,louisiana-monroe,2020-21
23,47,23,2021-03-05,Louisiana–Monroe,@,Appalachian State,CTOURN,L 60-70,,19,2,4,.500,0,1,.000,2,3,.667,.500,2,2,1.000,0,4,4,0,1,0,0,0,6,6.2,Linda Van Schaik,https://www.sports-reference.com/cbb/players/linda-van-schaik-1.html,louisiana-monroe,2020-21
