ranker,player_game_num_career,team_game_num_season,date,team_name_abbr,game_location,opp_name_abbr,game_type,game_result,is_starter,mp,fg,fga,fg_pct,fg3,fg3a,fg3_pct,fg2,fg2a,fg2_pct,efg_pct,ft,fta,ft_pct,orb,drb,trb,ast,stl,blk,tov,pf,pts,game_score,player_name,player_sr_link,school,season
1,29,7,2021-01-08,Louisiana–Monroe,@,UT Arlington,REG (Conf),L 37-82,,5,0,2,.000,0,0,,0,2,.000,.000,0,0,,0,3,3,0,0,2,0,1,0,0.5,Maddi Gatte,https://www.sports-reference.com/cbb/players/maddi-gatte-1.html,louisiana-monroe,2020-21
2,30,8,2021-01-09,Louisiana–Monroe,@,UT Arlington,REG (Conf),L 37-61,,7,1,1,1.000,0,0,,1,1,1.000,1.000,0,0,,0,0,0,0,1,0,1,0,2,1.7,Maddi Gatte,https://www.sports-reference.com/cbb/players/maddi-gatte-1.html,louisiana-monroe,2020-21
3,31,9,2021-01-15,Louisiana–Monroe,,Arkansas State,REG (Conf),L 50-64,,12,2,4,.500,0,1,.000,2,3,.667,.500,2,2,1.000,0,0,0,0,1,0,2,3,6,1.8,Maddi Gatte,https://www.sports-reference.com/cbb/players/maddi-gatte-1.html,louisiana-monroe,2020-21
4,32,10,2021-01-16,Louisiana–Monroe,,Arkansas State,REG (Conf),L 44-59,,22,1,8,.125,0,3,.000,1,5,.200,.125,2,2,1.000,1,3,4,2,1,0,1,0,4,1.8,Maddi Gatte,https://www.sports-reference.com/cbb/players/maddi-gatte-1.html,louisiana-monroe,2020-21
5,33,11,2021-01-22,Louisiana–Monroe,@,Texas State,REG (Conf),L 52-74,,17,2,3,.667,0,0,,2,3,.667,.667,0,0,,0,0,0,2,1,0,2,1,4,2.7,Maddi Gatte,https://www.sports-reference.com/cbb/players/maddi-gatte-1.html,louisiana-monroe,2020-21
6,34,12,2021-01-23,Louisiana–Monroe,@,Texas State,REG (Conf),L 50-64,,8,0,0,,0,0,,0,0,,,0,0,,0,2,2,0,0,0,5,0,0,-4.4,Maddi Gatte,https://www.sports-reference.com/cbb/players/maddi-gatte-1.html,louisiana-monroe,2020-21
7,35,13,2021-01-29,Louisiana–Monroe,@,Little Rock,REG (Conf),L 36-71,,12,0,3,.000,0,0,,0,3,.000,.000,0,0,,0,1,1,0,0,0,0,0,0,-1.8,Maddi Gatte,https://www.sports-reference.com/cbb/players/maddi-gatte-1.html,louisiana-monroe,2020-21
8,36,14,2021-01-30,Louisiana–Monroe,@,Little Rock,REG (Conf),L 42-67,,2,0,0,,0,0,,0,0,,,0,0,,0,0,0,0,0,0,0,0,0,0.0,Maddi Gatte,https://www.sports-reference.com/cbb/players/maddi-gatte-1.html,louisiana-monroe,2020-21
9,37,15,2021-02-05,Louisiana–Monroe,,UT Arlington,REG (Conf),L 60-72,,1,0,0,,0,0,,0,0,,,0,0,,0,0,0,0,0,0,0,0,0,0.0,Maddi Gatte,https://www.sports-reference.com/cbb/players/maddi-gatte-1.html,louisiana-monroe,2020-21
