ranker,player_game_num_career,team_game_num_season,date,team_name_abbr,game_location,opp_name_abbr,game_type,game_result,is_starter,mp,fg,fga,fg_pct,fg3,fg3a,fg2,fg2a,fg2_pct,efg_pct,ft,fta,ft_pct,orb,drb,trb,ast,stl,blk,tov,pf,pts,game_score,player_name,player_sr_link,school,season
1,1,1,2020-12-03,Louisiana–Monroe,@,Arkansas,REG (Non-Conf),L 50-103,,7,0,0,,0,0,0,0,,,0,2,.000,1,1,2,0,0,1,1,4,0,-1.7,Morgan Hill,https://www.sports-reference.com/cbb/players/morgan-hill-3.html,louisiana-monroe,2020-21
2,2,2,2020-12-06,Louisiana–Monroe,,La. Christian,REG (Non-Conf),W 96-48,,12,2,2,1.000,0,0,2,2,1.000,1.000,6,7,.857,1,1,2,0,1,1,3,1,10,8.3,Morgan Hill,https://www.sports-reference.com/cbb/players/morgan-hill-3.html,louisiana-monroe,2020-21
3,3,3,2020-12-10,Louisiana–Monroe,,Grambling State,REG (Non-Conf),L 42-66,,12,0,2,.000,0,0,0,2,.000,.000,0,0,,2,2,4,0,0,1,2,4,0,-2.3,Morgan Hill,https://www.sports-reference.com/cbb/players/morgan-hill-3.html,louisiana-monroe,2020-21
4,4,5,2020-12-15,Louisiana–Monroe,,Mississippi Valley State,REG (Non-Conf),L 51-53,,9,2,4,.500,0,0,2,4,.500,.500,0,0,,2,1,3,0,0,0,1,2,4,1.9,Morgan Hill,https://www.sports-reference.com/cbb/players/morgan-hill-3.html,louisiana-monroe,2020-21
5,5,6,2020-12-17,Louisiana–Monroe,@,Louisiana Tech,REG (Non-Conf),L 45-63,,19,0,2,.000,0,0,0,2,.000,.000,0,0,,2,1,3,0,0,1,0,2,0,0.2,Morgan Hill,https://www.sports-reference.com/cbb/players/morgan-hill-3.html,louisiana-monroe,2020-21
6,6,7,2021-01-08,Louisiana–Monroe,@,UT Arlington,REG (Conf),L 37-82,,18,0,1,.000,0,0,0,1,.000,.000,0,0,,1,1,2,0,0,1,0,4,0,-0.6,Morgan Hill,https://www.sports-reference.com/cbb/players/morgan-hill-3.html,louisiana-monroe,2020-21
7,7,8,2021-01-09,Louisiana–Monroe,@,UT Arlington,REG (Conf),L 37-61,,3,0,0,,0,0,0,0,,,0,0,,0,0,0,0,0,0,1,2,0,-1.8,Morgan Hill,https://www.sports-reference.com/cbb/players/morgan-hill-3.html,louisiana-monroe,2020-21
8,8,9,2021-01-15,Louisiana–Monroe,,Arkansas State,REG (Conf),L 50-64,,3,1,1,1.000,0,0,1,1,1.000,1.000,0,0,,0,0,0,0,0,0,0,1,2,1.3,Morgan Hill,https://www.sports-reference.com/cbb/players/morgan-hill-3.html,louisiana-monroe,2020-21
9,9,10,2021-01-16,Louisiana–Monroe,,Arkansas State,REG (Conf),L 44-59,,11,2,3,.667,0,0,2,3,.667,.667,0,1,.000,3,3,6,0,0,0,0,2,4,4.5,Morgan Hill,https://www.sports-reference.com/cbb/players/morgan-hill-3.html,louisiana-monroe,2020-21
10,10,11,2021-01-22,Louisiana–Monroe,@,Texas State,REG (Conf),L 52-74,,17,1,1,1.000,0,0,1,1,1.000,1.000,1,2,.500,0,4,4,0,0,0,4,4,3,-2.1,Morgan Hill,https://www.sports-reference.com/cbb/players/morgan-hill-3.html,louisiana-monroe,2020-21
11,11,12,2021-01-23,Louisiana–Monroe,@,Texas State,REG (Conf),L 50-64,,9,2,2,1.000,0,0,2,2,1.000,1.000,0,0,,0,2,2,0,0,0,1,2,4,2.2,Morgan Hill,https://www.sports-reference.com/cbb/players/morgan-hill-3.html,louisiana-monroe,2020-21
12,12,13,2021-01-29,Louisiana–Monroe,@,Little Rock,REG (Conf),L 36-71,,9,0,1,.000,0,0,0,1,.000,.000,0,0,,1,1,2,0,0,0,0,1,0,-0.1,Morgan Hill,https://www.sports-reference.com/cbb/players/morgan-hill-3.html,louisiana-monroe,2020-21
13,13,14,2021-01-30,Louisiana–Monroe,@,Little Rock,REG (Conf),L 42-67,,2,0,1,.000,0,0,0,1,.000,.000,0,0,,0,0,0,0,0,0,1,1,0,-2.1,Morgan Hill,https://www.sports-reference.com/cbb/players/morgan-hill-3.html,louisiana-monroe,2020-21
14,14,15,2021-02-05,Louisiana–Monroe,,UT Arlington,REG (Conf),L 60-72,,11,2,2,1.000,0,0,2,2,1.000,1.000,0,0,,0,0,0,1,0,1,0,2,4,4.0,Morgan Hill,https://www.sports-reference.com/cbb/players/morgan-hill-3.html,louisiana-monroe,2020-21
15,15,16,2021-02-06,Louisiana–Monroe,,UT Arlington,REG (Conf),L 39-64,,18,0,3,.000,0,0,0,3,.000,.000,2,2,1.000,2,1,3,0,0,0,2,3,2,-1.6,Morgan Hill,https://www.sports-reference.com/cbb/players/morgan-hill-3.html,louisiana-monroe,2020-21
16,16,17,2021-02-11,Louisiana–Monroe,@,Louisiana,REG (Conf),L 51-65,,24,5,10,.500,0,0,5,10,.500,.500,1,2,.500,6,2,8,0,0,0,1,1,11,9.0,Morgan Hill,https://www.sports-reference.com/cbb/players/morgan-hill-3.html,louisiana-monroe,2020-21
17,17,18,2021-02-13,Louisiana–Monroe,,Louisiana,REG (Conf),L 59-64,,27,7,11,.636,0,0,7,11,.636,.636,2,2,1.000,3,7,10,1,0,2,0,1,16,17.0,Morgan Hill,https://www.sports-reference.com/cbb/players/morgan-hill-3.html,louisiana-monroe,2020-21
18,18,19,2021-02-21,Louisiana–Monroe,,Little Rock,REG (Conf),L 46-66,,11,3,3,1.000,0,0,3,3,1.000,1.000,0,0,,1,2,3,0,0,0,0,2,6,5.6,Morgan Hill,https://www.sports-reference.com/cbb/players/morgan-hill-3.html,louisiana-monroe,2020-21
19,19,20,2021-02-22,Louisiana–Monroe,,Little Rock,REG (Conf),W 62-44,,10,2,2,1.000,0,0,2,2,1.000,1.000,0,0,,2,1,3,0,0,0,2,1,4,2.7,Morgan Hill,https://www.sports-reference.com/cbb/players/morgan-hill-3.html,louisiana-monroe,2020-21
20,20,21,2021-02-26,Louisiana–Monroe,,Texas State,REG (Conf),L 62-85,,14,2,6,.333,0,0,2,6,.333,.333,1,3,.333,2,2,4,1,1,0,2,4,5,0.9,Morgan Hill,https://www.sports-reference.com/cbb/players/morgan-hill-3.html,louisiana-monroe,2020-21
21,21,22,2021-02-27,Louisiana–Monroe,,Texas State,REG (Conf),L 56-68,,11,2,2,1.000,0,0,2,2,1.000,1.000,0,0,,1,0,1,0,0,0,0,3,4,2.9,Morgan Hill,https://www.sports-reference.com/cbb/players/morgan-hill-3.html,louisiana-monroe,2020-21
22,22,23,2021-03-05,Louisiana–Monroe,@,Appalachian State,CTOURN,L 60-70,,10,0,0,,0,0,0,0,,,0,0,,0,2,2,0,0,0,0,2,0,-0.2,Morgan Hill,https://www.sports-reference.com/cbb/players/morgan-hill-3.html,louisiana-monroe,2020-21
