ranker,player_game_num_career,team_game_num_season,date,team_name_abbr,game_location,opp_name_abbr,game_type,game_result,is_starter,mp,fg,fga,fg_pct,fg3,fg3a,fg3_pct,fg2,fg2a,fg2_pct,efg_pct,ft,fta,ft_pct,orb,drb,trb,ast,stl,blk,tov,pf,pts,game_score,player_name,player_sr_link,school,season
1,1,1,2020-12-03,Louisiana–Monroe,@,Arkansas,REG (Non-Conf),L 50-103,,20,3,7,.429,0,0,,3,7,.429,.429,0,0,,0,0,0,2,0,0,2,1,6,1.3,Sadie Williams,https://www.sports-reference.com/cbb/players/sadie-williams-1.html,louisiana-monroe,2020-21
2,2,2,2020-12-06,Louisiana–Monroe,,La. Christian,REG (Non-Conf),W 96-48,,15,1,2,.500,0,1,.000,1,1,1.000,.500,6,6,1.000,0,3,3,0,0,0,2,0,8,5.9,Sadie Williams,https://www.sports-reference.com/cbb/players/sadie-williams-1.html,louisiana-monroe,2020-21
3,3,3,2020-12-10,Louisiana–Monroe,,Grambling State,REG (Non-Conf),L 42-66,,7,0,0,,0,0,,0,0,,,0,2,.000,0,0,0,0,0,1,1,0,0,-1.1,Sadie Williams,https://www.sports-reference.com/cbb/players/sadie-williams-1.html,louisiana-monroe,2020-21
4,4,4,2020-12-12,Louisiana–Monroe,@,Northwestern State,REG (Non-Conf),W 68-55,,7,0,0,,0,0,,0,0,,,0,0,,0,1,1,0,0,0,0,0,0,0.3,Sadie Williams,https://www.sports-reference.com/cbb/players/sadie-williams-1.html,louisiana-monroe,2020-21
5,5,5,2020-12-15,Louisiana–Monroe,,Mississippi Valley State,REG (Non-Conf),L 51-53,,3,0,0,,0,0,,0,0,,,0,0,,0,0,0,0,0,0,0,0,0,0.0,Sadie Williams,https://www.sports-reference.com/cbb/players/sadie-williams-1.html,louisiana-monroe,2020-21
6,6,6,2020-12-17,Louisiana–Monroe,@,Louisiana Tech,REG (Non-Conf),L 45-63,,7,0,0,,0,0,,0,0,,,0,0,,0,2,2,0,0,0,1,0,0,-0.4,Sadie Williams,https://www.sports-reference.com/cbb/players/sadie-williams-1.html,louisiana-monroe,2020-21
7,7,7,2021-01-08,Louisiana–Monroe,@,UT Arlington,REG (Conf),L 37-82,,14,0,5,.000,0,2,.000,0,3,.000,.000,1,2,.500,2,1,3,0,0,0,1,0,1,-2.2,Sadie Williams,https://www.sports-reference.com/cbb/players/sadie-williams-1.html,louisiana-monroe,2020-21
8,8,8,2021-01-09,Louisiana–Monroe,@,UT Arlington,REG (Conf),L 37-61,,4,0,0,,0,0,,0,0,,,0,0,,0,0,0,0,0,0,1,0,0,-1.0,Sadie Williams,https://www.sports-reference.com/cbb/players/sadie-williams-1.html,louisiana-monroe,2020-21
