ranker,player_game_num_career,team_game_num_season,date,team_name_abbr,game_location,opp_name_abbr,game_type,game_result,is_starter,mp,fg,fga,fg_pct,fg3,fg3a,fg2,fg2a,fg2_pct,efg_pct,ft,fta,ft_pct,orb,drb,trb,ast,stl,blk,tov,pf,pts,game_score,player_name,player_sr_link,school,season
1,1,1,2020-12-03,Louisiana–Monroe,@,Arkansas,REG (Non-Conf),L 50-103,,20,1,3,.333,0,0,1,3,.333,.333,0,0,,1,3,4,0,0,0,1,2,2,0.1,Tasionna McDowell,https://www.sports-reference.com/cbb/players/tasionna-mcdowell-1.html,louisiana-monroe,2020-21
2,2,2,2020-12-06,Louisiana–Monroe,,La. Christian,REG (Non-Conf),W 96-48,,23,3,5,.600,0,0,3,5,.600,.600,2,2,1.000,6,6,12,2,1,0,1,0,8,13.1,Tasionna McDowell,https://www.sports-reference.com/cbb/players/tasionna-mcdowell-1.html,louisiana-monroe,2020-21
3,3,3,2020-12-10,Louisiana–Monroe,,Grambling State,REG (Non-Conf),L 42-66,,23,1,3,.333,0,0,1,3,.333,.333,0,2,.000,4,2,6,0,0,0,2,2,2,0.1,Tasionna McDowell,https://www.sports-reference.com/cbb/players/tasionna-mcdowell-1.html,louisiana-monroe,2020-21
4,4,4,2020-12-12,Louisiana–Monroe,@,Northwestern State,REG (Non-Conf),W 68-55,,15,1,3,.333,0,0,1,3,.333,.333,0,0,,1,4,5,1,1,0,1,1,2,2.5,Tasionna McDowell,https://www.sports-reference.com/cbb/players/tasionna-mcdowell-1.html,louisiana-monroe,2020-21
5,5,5,2020-12-15,Louisiana–Monroe,,Mississippi Valley State,REG (Non-Conf),L 51-53,,6,0,1,.000,0,0,0,1,.000,.000,0,0,,1,0,1,0,1,0,2,1,0,-1.4,Tasionna McDowell,https://www.sports-reference.com/cbb/players/tasionna-mcdowell-1.html,louisiana-monroe,2020-21
6,6,6,2020-12-17,Louisiana–Monroe,@,Louisiana Tech,REG (Non-Conf),L 45-63,,10,0,2,.000,0,0,0,2,.000,.000,0,0,,1,3,4,0,0,0,0,2,0,-0.6,Tasionna McDowell,https://www.sports-reference.com/cbb/players/tasionna-mcdowell-1.html,louisiana-monroe,2020-21
7,7,7,2021-01-08,Louisiana–Monroe,@,UT Arlington,REG (Conf),L 37-82,,16,0,2,.000,0,0,0,2,.000,.000,0,2,.000,0,4,4,0,0,0,1,2,0,-2.8,Tasionna McDowell,https://www.sports-reference.com/cbb/players/tasionna-mcdowell-1.html,louisiana-monroe,2020-21
8,8,8,2021-01-09,Louisiana–Monroe,@,UT Arlington,REG (Conf),L 37-61,,6,0,0,,0,0,0,0,,,0,0,,0,1,1,0,0,0,0,0,0,0.3,Tasionna McDowell,https://www.sports-reference.com/cbb/players/tasionna-mcdowell-1.html,louisiana-monroe,2020-21
9,9,9,2021-01-15,Louisiana–Monroe,,Arkansas State,REG (Conf),L 50-64,,0,0,0,,0,0,0,0,,,0,0,,0,0,0,0,0,1,0,1,0,0.3,Tasionna McDowell,https://www.sports-reference.com/cbb/players/tasionna-mcdowell-1.html,louisiana-monroe,2020-21
10,10,11,2021-01-22,Louisiana–Monroe,@,Texas State,REG (Conf),L 52-74,,9,0,0,,0,0,0,0,,,0,0,,1,1,2,0,0,0,1,1,0,-0.4,Tasionna McDowell,https://www.sports-reference.com/cbb/players/tasionna-mcdowell-1.html,louisiana-monroe,2020-21
11,11,12,2021-01-23,Louisiana–Monroe,@,Texas State,REG (Conf),L 50-64,,13,0,0,,0,0,0,0,,,1,2,.500,0,0,0,0,0,0,0,2,1,-0.2,Tasionna McDowell,https://www.sports-reference.com/cbb/players/tasionna-mcdowell-1.html,louisiana-monroe,2020-21
12,12,13,2021-01-29,Louisiana–Monroe,@,Little Rock,REG (Conf),L 36-71,,16,1,1,1.000,0,0,1,1,1.000,1.000,0,0,,1,2,3,0,0,0,0,3,2,1.8,Tasionna McDowell,https://www.sports-reference.com/cbb/players/tasionna-mcdowell-1.html,louisiana-monroe,2020-21
13,13,14,2021-01-30,Louisiana–Monroe,@,Little Rock,REG (Conf),L 42-67,,9,0,0,,0,0,0,0,,,0,0,,2,1,3,0,1,0,2,1,0,0.3,Tasionna McDowell,https://www.sports-reference.com/cbb/players/tasionna-mcdowell-1.html,louisiana-monroe,2020-21
14,14,15,2021-02-05,Louisiana–Monroe,,UT Arlington,REG (Conf),L 60-72,,10,0,0,,0,0,0,0,,,0,0,,1,3,4,0,0,0,2,1,0,-0.8,Tasionna McDowell,https://www.sports-reference.com/cbb/players/tasionna-mcdowell-1.html,louisiana-monroe,2020-21
15,15,16,2021-02-06,Louisiana–Monroe,,UT Arlington,REG (Conf),L 39-64,,18,1,1,1.000,0,0,1,1,1.000,1.000,1,2,.500,0,4,4,0,1,0,1,2,3,2.7,Tasionna McDowell,https://www.sports-reference.com/cbb/players/tasionna-mcdowell-1.html,louisiana-monroe,2020-21
16,16,17,2021-02-11,Louisiana–Monroe,@,Louisiana,REG (Conf),L 51-65,,7,0,0,,0,0,0,0,,,0,0,,0,0,0,0,0,0,0,0,0,0.0,Tasionna McDowell,https://www.sports-reference.com/cbb/players/tasionna-mcdowell-1.html,louisiana-monroe,2020-21
17,17,18,2021-02-13,Louisiana–Monroe,,Louisiana,REG (Conf),L 59-64,,0,0,0,,0,0,0,0,,,0,0,,0,1,1,0,0,0,1,1,0,-1.1,Tasionna McDowell,https://www.sports-reference.com/cbb/players/tasionna-mcdowell-1.html,louisiana-monroe,2020-21
18,18,19,2021-02-21,Louisiana–Monroe,,Little Rock,REG (Conf),L 46-66,,3,0,0,,0,0,0,0,,,0,0,,0,0,0,0,0,0,0,0,0,0.0,Tasionna McDowell,https://www.sports-reference.com/cbb/players/tasionna-mcdowell-1.html,louisiana-monroe,2020-21
19,19,20,2021-02-22,Louisiana–Monroe,,Little Rock,REG (Conf),W 62-44,,2,0,0,,0,0,0,0,,,0,0,,0,0,0,0,0,0,0,1,0,-0.4,Tasionna McDowell,https://www.sports-reference.com/cbb/players/tasionna-mcdowell-1.html,louisiana-monroe,2020-21
20,20,21,2021-02-26,Louisiana–Monroe,,Texas State,REG (Conf),L 62-85,,3,0,0,,0,0,0,0,,,0,0,,0,0,0,0,0,0,0,1,0,-0.4,Tasionna McDowell,https://www.sports-reference.com/cbb/players/tasionna-mcdowell-1.html,louisiana-monroe,2020-21
21,21,22,2021-02-27,Louisiana–Monroe,,Texas State,REG (Conf),L 56-68,,24,2,2,1.000,0,0,2,2,1.000,1.000,1,2,.500,4,1,5,1,1,0,3,2,5,5.0,Tasionna McDowell,https://www.sports-reference.com/cbb/players/tasionna-mcdowell-1.html,louisiana-monroe,2020-21
22,22,23,2021-03-05,Louisiana–Monroe,@,Appalachian State,CTOURN,L 60-70,,25,2,3,.667,0,0,2,3,.667,.667,3,4,.750,2,1,3,1,2,0,0,2,7,8.9,Tasionna McDowell,https://www.sports-reference.com/cbb/players/tasionna-mcdowell-1.html,louisiana-monroe,2020-21
