ranker,player_game_num_career,team_game_num_season,date,team_name_abbr,game_location,opp_name_abbr,game_type,game_result,is_starter,mp,fg,fga,fg_pct,fg3,fg3a,fg3_pct,fg2,fg2a,fg2_pct,efg_pct,ft,fta,ft_pct,orb,drb,trb,ast,stl,blk,tov,pf,pts,game_score,player_name,player_sr_link,school,season
1,89,1,2020-12-03,Louisiana–Monroe,@,Arkansas,REG (Non-Conf),L 50-103,*,22,4,10,.400,3,6,.500,1,4,.250,.550,0,0,,2,0,2,1,0,0,2,2,11,4.9,Whitney Goins,https://www.sports-reference.com/cbb/players/whitney-goins-1.html,louisiana-monroe,2020-21
2,90,2,2020-12-06,Louisiana–Monroe,,La. Christian,REG (Non-Conf),W 96-48,*,22,2,6,.333,1,4,.250,1,2,.500,.417,1,2,.500,0,5,5,0,1,3,0,0,6,6.8,Whitney Goins,https://www.sports-reference.com/cbb/players/whitney-goins-1.html,louisiana-monroe,2020-21
3,91,3,2020-12-10,Louisiana–Monroe,,Grambling State,REG (Non-Conf),L 42-66,*,30,4,9,.444,2,5,.400,2,4,.500,.556,0,0,,0,3,3,2,1,0,1,1,10,7.2,Whitney Goins,https://www.sports-reference.com/cbb/players/whitney-goins-1.html,louisiana-monroe,2020-21
4,92,4,2020-12-12,Louisiana–Monroe,@,Northwestern State,REG (Non-Conf),W 68-55,*,36,1,6,.167,1,5,.200,0,1,.000,.250,0,0,,0,6,6,0,1,1,2,0,3,0.7,Whitney Goins,https://www.sports-reference.com/cbb/players/whitney-goins-1.html,louisiana-monroe,2020-21
5,93,5,2020-12-15,Louisiana–Monroe,,Mississippi Valley State,REG (Non-Conf),L 51-53,*,37,0,5,.000,0,3,.000,0,2,.000,.000,0,0,,0,3,3,0,1,1,1,3,0,-3.1,Whitney Goins,https://www.sports-reference.com/cbb/players/whitney-goins-1.html,louisiana-monroe,2020-21
6,94,6,2020-12-17,Louisiana–Monroe,@,Louisiana Tech,REG (Non-Conf),L 45-63,*,12,0,3,.000,0,2,.000,0,1,.000,.000,0,0,,0,0,0,1,1,0,1,2,0,-2.2,Whitney Goins,https://www.sports-reference.com/cbb/players/whitney-goins-1.html,louisiana-monroe,2020-21
7,95,7,2021-01-08,Louisiana–Monroe,@,UT Arlington,REG (Conf),L 37-82,,15,0,4,.000,0,3,.000,0,1,.000,.000,0,0,,0,2,2,0,0,0,1,0,0,-3.2,Whitney Goins,https://www.sports-reference.com/cbb/players/whitney-goins-1.html,louisiana-monroe,2020-21
8,96,8,2021-01-09,Louisiana–Monroe,@,UT Arlington,REG (Conf),L 37-61,,24,1,5,.200,0,1,.000,1,4,.250,.200,0,0,,0,2,2,1,0,0,0,1,2,-0.2,Whitney Goins,https://www.sports-reference.com/cbb/players/whitney-goins-1.html,louisiana-monroe,2020-21
9,97,9,2021-01-15,Louisiana–Monroe,,Arkansas State,REG (Conf),L 50-64,,29,4,9,.444,2,4,.500,2,5,.400,.556,1,3,.333,0,2,2,1,3,0,1,1,11,8.4,Whitney Goins,https://www.sports-reference.com/cbb/players/whitney-goins-1.html,louisiana-monroe,2020-21
10,98,10,2021-01-16,Louisiana–Monroe,,Arkansas State,REG (Conf),L 44-59,,32,4,12,.333,2,7,.286,2,5,.400,.417,0,0,,1,2,3,1,2,0,2,2,10,4.4,Whitney Goins,https://www.sports-reference.com/cbb/players/whitney-goins-1.html,louisiana-monroe,2020-21
11,99,11,2021-01-22,Louisiana–Monroe,@,Texas State,REG (Conf),L 52-74,,17,2,5,.400,0,2,.000,2,3,.667,.400,0,0,,1,0,1,0,0,0,1,0,4,1.0,Whitney Goins,https://www.sports-reference.com/cbb/players/whitney-goins-1.html,louisiana-monroe,2020-21
12,100,12,2021-01-23,Louisiana–Monroe,@,Texas State,REG (Conf),L 50-64,*,30,2,8,.250,2,6,.333,0,2,.000,.375,0,0,,0,5,5,3,0,0,0,1,6,4.4,Whitney Goins,https://www.sports-reference.com/cbb/players/whitney-goins-1.html,louisiana-monroe,2020-21
13,101,13,2021-01-29,Louisiana–Monroe,@,Little Rock,REG (Conf),L 36-71,,28,5,13,.385,2,7,.286,3,6,.500,.462,0,1,.000,0,6,6,1,0,0,1,1,12,5.6,Whitney Goins,https://www.sports-reference.com/cbb/players/whitney-goins-1.html,louisiana-monroe,2020-21
14,102,14,2021-01-30,Louisiana–Monroe,@,Little Rock,REG (Conf),L 42-67,*,31,7,16,.438,2,7,.286,5,9,.556,.500,1,2,.500,0,0,0,0,1,0,3,2,17,5.4,Whitney Goins,https://www.sports-reference.com/cbb/players/whitney-goins-1.html,louisiana-monroe,2020-21
15,103,15,2021-02-05,Louisiana–Monroe,,UT Arlington,REG (Conf),L 60-72,*,35,4,6,.667,3,5,.600,1,1,1.000,.917,0,0,,1,5,6,1,0,1,4,0,11,8.0,Whitney Goins,https://www.sports-reference.com/cbb/players/whitney-goins-1.html,louisiana-monroe,2020-21
16,104,16,2021-02-06,Louisiana–Monroe,,UT Arlington,REG (Conf),L 39-64,*,19,0,6,.000,0,3,.000,0,3,.000,.000,0,0,,0,2,2,0,0,0,2,0,0,-5.6,Whitney Goins,https://www.sports-reference.com/cbb/players/whitney-goins-1.html,louisiana-monroe,2020-21
17,105,17,2021-02-11,Louisiana–Monroe,@,Louisiana,REG (Conf),L 51-65,*,30,2,6,.333,1,4,.250,1,2,.500,.417,0,0,,1,2,3,0,1,1,4,3,5,-0.6,Whitney Goins,https://www.sports-reference.com/cbb/players/whitney-goins-1.html,louisiana-monroe,2020-21
18,106,18,2021-02-13,Louisiana–Monroe,,Louisiana,REG (Conf),L 59-64,*,28,1,7,.143,0,3,.000,1,4,.250,.143,0,0,,0,1,1,3,1,0,1,0,2,-0.1,Whitney Goins,https://www.sports-reference.com/cbb/players/whitney-goins-1.html,louisiana-monroe,2020-21
19,107,19,2021-02-21,Louisiana–Monroe,,Little Rock,REG (Conf),L 46-66,*,22,1,7,.143,0,2,.000,1,5,.200,.143,0,0,,2,0,2,2,0,0,1,2,2,-1.5,Whitney Goins,https://www.sports-reference.com/cbb/players/whitney-goins-1.html,louisiana-monroe,2020-21
20,108,20,2021-02-22,Louisiana–Monroe,,Little Rock,REG (Conf),W 62-44,,34,2,3,.667,0,1,.000,2,2,1.000,.667,1,3,.333,0,5,5,0,0,0,1,1,5,3.0,Whitney Goins,https://www.sports-reference.com/cbb/players/whitney-goins-1.html,louisiana-monroe,2020-21
21,109,21,2021-02-26,Louisiana–Monroe,,Texas State,REG (Conf),L 62-85,,27,4,6,.667,4,5,.800,0,1,.000,1.000,0,0,,0,1,1,0,0,0,4,4,12,4.1,Whitney Goins,https://www.sports-reference.com/cbb/players/whitney-goins-1.html,louisiana-monroe,2020-21
22,110,22,2021-02-27,Louisiana–Monroe,,Texas State,REG (Conf),L 56-68,,37,1,6,.167,0,5,.000,1,1,1.000,.167,5,6,.833,1,6,7,3,2,1,1,1,7,8.7,Whitney Goins,https://www.sports-reference.com/cbb/players/whitney-goins-1.html,louisiana-monroe,2020-21
23,111,23,2021-03-05,Louisiana–Monroe,@,Appalachian State,CTOURN,L 60-70,*,34,2,8,.250,0,3,.000,2,5,.400,.250,1,1,1.000,3,4,7,3,0,0,2,1,5,3.2,Whitney Goins,https://www.sports-reference.com/cbb/players/whitney-goins-1.html,louisiana-monroe,2020-21
