ranker,player_game_num_career,team_game_num_season,date,team_name_abbr,game_location,opp_name_abbr,game_type,game_result,is_starter,mp,fg,fga,fg_pct,fg3,fg3a,fg3_pct,fg2,fg2a,fg2_pct,efg_pct,ft,fta,ft_pct,orb,drb,trb,ast,stl,blk,tov,pf,pts,game_score,player_name,player_sr_link,school,season
1,93,1,2019-11-06,Villanova,,George Washington,REG (Non-Conf),L 56-68,*,21,4,8,.500,2,5,.400,2,3,.667,.625,2,4,.500,1,2,3,3,1,1,0,2,12,11.5,Bridget Herlihy,https://www.sports-reference.com/cbb/players/bridget-herlihy-1.html,villanova,2019-20
2,94,2,2019-11-09,Villanova,,James Madison,REG (Non-Conf),L 52-56,*,34,3,14,.214,1,8,.125,2,6,.333,.250,3,4,.750,2,5,7,1,1,2,3,2,10,3.2,Bridget Herlihy,https://www.sports-reference.com/cbb/players/bridget-herlihy-1.html,villanova,2019-20
3,95,3,2019-11-14,Villanova,@,American,REG (Non-Conf),L 54-76,*,31,2,11,.182,0,7,.000,2,4,.500,.182,0,0,,1,3,4,3,1,1,1,2,4,0.7,Bridget Herlihy,https://www.sports-reference.com/cbb/players/bridget-herlihy-1.html,villanova,2019-20
4,96,4,2019-11-17,Villanova,@,Fordham,REG (Non-Conf),W 73-66,*,34,2,3,.667,0,0,,2,3,.667,.667,1,2,.500,0,3,3,3,0,3,3,4,5,3.8,Bridget Herlihy,https://www.sports-reference.com/cbb/players/bridget-herlihy-1.html,villanova,2019-20
5,97,5,2019-11-21,Villanova,,Manhattan,REG (Non-Conf),W 63-51,*,34,2,7,.286,1,4,.250,1,3,.333,.357,0,0,,1,9,10,6,1,2,4,3,5,5.7,Bridget Herlihy,https://www.sports-reference.com/cbb/players/bridget-herlihy-1.html,villanova,2019-20
6,98,6,2019-11-24,Villanova,@,Georgia,REG (Non-Conf),W 63-58,*,23,0,5,.000,0,3,.000,0,2,.000,.000,4,6,.667,1,1,2,3,0,1,2,3,4,0.3,Bridget Herlihy,https://www.sports-reference.com/cbb/players/bridget-herlihy-1.html,villanova,2019-20
7,99,7,2019-12-04,Villanova,@,Drexel,REG (Non-Conf),L 52-54 (OT),*,40,2,10,.200,1,4,.250,1,6,.167,.250,0,0,,0,10,10,2,1,6,3,4,5,3.8,Bridget Herlihy,https://www.sports-reference.com/cbb/players/bridget-herlihy-1.html,villanova,2019-20
8,100,8,2019-12-07,Villanova,,Saint Joseph's,REG (Non-Conf),W 60-44,*,35,1,5,.200,1,4,.250,0,1,.000,.300,2,4,.500,1,10,11,3,0,4,1,4,5,7.1,Bridget Herlihy,https://www.sports-reference.com/cbb/players/bridget-herlihy-1.html,villanova,2019-20
9,101,9,2019-12-10,Villanova,@,Temple,REG (Non-Conf),L 69-74,*,29,2,6,.333,0,3,.000,2,3,.667,.333,0,0,,0,1,1,4,1,0,4,3,4,-0.5,Bridget Herlihy,https://www.sports-reference.com/cbb/players/bridget-herlihy-1.html,villanova,2019-20
10,102,10,2019-12-21,Villanova,@,La Salle,REG (Non-Conf),W 77-69,*,35,4,6,.667,2,4,.500,2,2,1.000,.833,0,0,,1,7,8,4,0,1,2,4,10,10.1,Bridget Herlihy,https://www.sports-reference.com/cbb/players/bridget-herlihy-1.html,villanova,2019-20
11,103,11,2019-12-29,Villanova,,Providence,REG (Conf),W 51-49,*,31,1,9,.111,1,6,.167,0,3,.000,.167,0,2,.000,1,7,8,2,1,1,4,0,3,-1.8,Bridget Herlihy,https://www.sports-reference.com/cbb/players/bridget-herlihy-1.html,villanova,2019-20
12,104,12,2019-12-31,Villanova,,Creighton,REG (Conf),L 42-58,*,16,1,5,.200,1,3,.333,0,2,.000,.300,0,0,,1,1,2,0,0,1,1,4,3,-1.0,Bridget Herlihy,https://www.sports-reference.com/cbb/players/bridget-herlihy-1.html,villanova,2019-20
13,105,13,2020-01-03,Villanova,@,Seton Hall,REG (Conf),W 61-55,*,34,4,10,.400,3,6,.500,1,4,.250,.550,0,0,,0,5,5,4,0,0,1,1,11,8.5,Bridget Herlihy,https://www.sports-reference.com/cbb/players/bridget-herlihy-1.html,villanova,2019-20
14,106,14,2020-01-05,Villanova,@,St. John's (NY),REG (Conf),W 67-62 (OT),*,39,5,8,.625,1,4,.250,4,4,1.000,.688,0,0,,0,4,4,1,1,0,2,2,11,7.5,Bridget Herlihy,https://www.sports-reference.com/cbb/players/bridget-herlihy-1.html,villanova,2019-20
15,107,15,2020-01-10,Villanova,,Butler,REG (Conf),L 41-58,*,23,1,7,.143,1,4,.250,0,3,.000,.214,3,6,.500,3,2,5,1,0,3,0,3,6,4.6,Bridget Herlihy,https://www.sports-reference.com/cbb/players/bridget-herlihy-1.html,villanova,2019-20
16,108,16,2020-01-12,Villanova,,Xavier,REG (Conf),W 66-54,*,30,2,6,.333,0,2,.000,2,4,.500,.333,4,4,1.000,0,3,3,6,1,1,2,5,8,7.4,Bridget Herlihy,https://www.sports-reference.com/cbb/players/bridget-herlihy-1.html,villanova,2019-20
17,109,17,2020-01-15,Villanova,,Pennsylvania,REG (Non-Conf),W 70-58,*,22,5,10,.500,3,5,.600,2,5,.400,.650,0,0,,1,2,3,3,0,0,5,4,13,4.8,Bridget Herlihy,https://www.sports-reference.com/cbb/players/bridget-herlihy-1.html,villanova,2019-20
18,110,18,2020-01-18,Villanova,,Georgetown,REG (Conf),W 74-53,*,34,7,16,.438,2,5,.400,5,11,.455,.500,1,1,1.000,0,5,5,5,0,4,1,2,17,14.6,Bridget Herlihy,https://www.sports-reference.com/cbb/players/bridget-herlihy-1.html,villanova,2019-20
19,111,19,2020-01-24,Villanova,@,DePaul,REG (Conf),L 69-85,*,28,5,9,.556,2,3,.667,3,6,.500,.667,2,5,.400,0,7,7,4,0,1,5,1,14,8.7,Bridget Herlihy,https://www.sports-reference.com/cbb/players/bridget-herlihy-1.html,villanova,2019-20
20,112,20,2020-01-26,Villanova,@,Marquette,REG (Conf),L 52-57,*,35,3,9,.333,3,8,.375,0,1,.000,.500,0,0,,0,4,4,1,2,2,3,4,9,4.6,Bridget Herlihy,https://www.sports-reference.com/cbb/players/bridget-herlihy-1.html,villanova,2019-20
21,113,21,2020-01-31,Villanova,,St. John's (NY),REG (Conf),W 66-64 (OT),*,44,2,5,.400,0,0,,2,5,.400,.400,0,2,.000,0,9,9,1,0,2,0,0,4,5.3,Bridget Herlihy,https://www.sports-reference.com/cbb/players/bridget-herlihy-1.html,villanova,2019-20
22,114,22,2020-02-02,Villanova,,Seton Hall,REG (Conf),L 63-65,*,28,3,8,.375,0,2,.000,3,6,.500,.375,3,4,.750,1,2,3,2,0,0,1,5,9,3.9,Bridget Herlihy,https://www.sports-reference.com/cbb/players/bridget-herlihy-1.html,villanova,2019-20
23,115,23,2020-02-07,Villanova,@,Xavier,REG (Conf),W 55-54,*,40,5,12,.417,4,10,.400,1,2,.500,.583,2,2,1.000,2,6,8,4,0,4,4,1,16,14.0,Bridget Herlihy,https://www.sports-reference.com/cbb/players/bridget-herlihy-1.html,villanova,2019-20
24,116,24,2020-02-09,Villanova,@,Butler,REG (Conf),L 61-63,*,31,3,7,.429,3,6,.500,0,1,.000,.643,0,0,,2,4,6,3,1,1,2,3,9,8.5,Bridget Herlihy,https://www.sports-reference.com/cbb/players/bridget-herlihy-1.html,villanova,2019-20
25,117,25,2020-02-16,Villanova,@,Georgetown,REG (Conf),W 48-40,*,39,6,15,.400,3,9,.333,3,6,.500,.500,0,0,,1,4,5,1,0,3,3,1,15,8.2,Bridget Herlihy,https://www.sports-reference.com/cbb/players/bridget-herlihy-1.html,villanova,2019-20
26,118,26,2020-02-21,Villanova,,Marquette,REG (Conf),W 61-47,*,33,7,14,.500,3,7,.429,4,7,.571,.607,1,2,.500,2,3,5,3,2,1,1,4,18,15.1,Bridget Herlihy,https://www.sports-reference.com/cbb/players/bridget-herlihy-1.html,villanova,2019-20
27,119,27,2020-02-23,Villanova,,DePaul,REG (Conf),W 76-58,*,19,1,3,.333,0,2,.000,1,1,1.000,.333,2,2,1.000,0,1,1,1,0,0,6,4,4,-4.3,Bridget Herlihy,https://www.sports-reference.com/cbb/players/bridget-herlihy-1.html,villanova,2019-20
28,120,28,2020-02-28,Villanova,@,Creighton,REG (Conf),L 47-67,*,29,2,10,.200,1,3,.333,1,7,.143,.250,0,0,,1,4,5,3,0,1,5,4,5,-3.1,Bridget Herlihy,https://www.sports-reference.com/cbb/players/bridget-herlihy-1.html,villanova,2019-20
29,121,29,2020-03-01,Villanova,@,Providence,REG (Conf),W 74-63,*,35,6,11,.545,2,6,.333,4,5,.800,.636,0,0,,0,4,4,2,0,1,1,2,14,10.2,Bridget Herlihy,https://www.sports-reference.com/cbb/players/bridget-herlihy-1.html,villanova,2019-20
30,122,30,2020-03-06,Villanova,,Xavier,CTOURN,W 64-56 (OT),*,35,6,15,.400,0,6,.000,6,9,.667,.400,1,2,.500,1,3,4,2,0,2,5,4,13,2.3,Bridget Herlihy,https://www.sports-reference.com/cbb/players/bridget-herlihy-1.html,villanova,2019-20
31,123,31,2020-03-07,Villanova,@,Marquette,CTOURN,L 59-72,*,34,8,18,.444,2,6,.333,6,12,.500,.500,4,4,1.000,0,3,3,2,0,4,2,3,22,14.5,Bridget Herlihy,https://www.sports-reference.com/cbb/players/bridget-herlihy-1.html,villanova,2019-20
