ranker,player_game_num_career,team_game_num_season,date,team_name_abbr,game_location,opp_name_abbr,game_type,game_result,is_starter,mp,fg,fga,fg_pct,fg3,fg3a,fg3_pct,fg2,fg2a,fg2_pct,efg_pct,ft,fta,ft_pct,orb,drb,trb,ast,stl,blk,tov,pf,pts,game_score,player_name,player_sr_link,school,season
1,1,3,2019-11-14,Villanova,@,American,REG (Non-Conf),L 54-76,,4,0,1,.000,0,0,,0,1,.000,.000,0,0,,0,0,0,0,0,0,0,0,0,-0.7,Brie Wajer,https://www.sports-reference.com/cbb/players/brie-wajer-1.html,villanova,2019-20
2,2,5,2019-11-21,Villanova,,Manhattan,REG (Non-Conf),W 63-51,,2,0,0,,0,0,,0,0,,,4,4,1.000,0,0,0,0,0,0,0,0,4,4.0,Brie Wajer,https://www.sports-reference.com/cbb/players/brie-wajer-1.html,villanova,2019-20
3,3,6,2019-11-24,Villanova,@,Georgia,REG (Non-Conf),W 63-58,,3,0,1,.000,0,0,,0,1,.000,.000,0,0,,0,0,0,0,0,0,0,0,0,-0.7,Brie Wajer,https://www.sports-reference.com/cbb/players/brie-wajer-1.html,villanova,2019-20
4,4,8,2019-12-07,Villanova,,Saint Joseph's,REG (Non-Conf),W 60-44,,4,0,1,.000,0,1,.000,0,0,,.000,0,0,,0,0,0,0,0,0,0,1,0,-1.1,Brie Wajer,https://www.sports-reference.com/cbb/players/brie-wajer-1.html,villanova,2019-20
5,5,9,2019-12-10,Villanova,@,Temple,REG (Non-Conf),L 69-74,,3,0,1,.000,0,1,.000,0,0,,.000,0,0,,0,1,1,0,0,0,0,2,0,-1.2,Brie Wajer,https://www.sports-reference.com/cbb/players/brie-wajer-1.html,villanova,2019-20
6,6,10,2019-12-21,Villanova,@,La Salle,REG (Non-Conf),W 77-69,,2,0,0,,0,0,,0,0,,,0,0,,0,0,0,0,0,0,0,0,0,0.0,Brie Wajer,https://www.sports-reference.com/cbb/players/brie-wajer-1.html,villanova,2019-20
7,7,12,2019-12-31,Villanova,,Creighton,REG (Conf),L 42-58,,8,1,3,.333,1,3,.333,0,0,,.500,0,0,,0,0,0,0,0,0,0,1,3,0.9,Brie Wajer,https://www.sports-reference.com/cbb/players/brie-wajer-1.html,villanova,2019-20
8,8,13,2020-01-03,Villanova,@,Seton Hall,REG (Conf),W 61-55,,6,0,1,.000,0,0,,0,1,.000,.000,0,0,,0,0,0,0,0,0,0,0,0,-0.7,Brie Wajer,https://www.sports-reference.com/cbb/players/brie-wajer-1.html,villanova,2019-20
9,9,22,2020-02-02,Villanova,,Seton Hall,REG (Conf),L 63-65,,1,0,0,,0,0,,0,0,,,0,0,,0,0,0,0,0,0,0,0,0,0.0,Brie Wajer,https://www.sports-reference.com/cbb/players/brie-wajer-1.html,villanova,2019-20
10,10,24,2020-02-09,Villanova,@,Butler,REG (Conf),L 61-63,,6,0,4,.000,0,3,.000,0,1,.000,.000,0,0,,0,0,0,0,0,0,1,1,0,-4.2,Brie Wajer,https://www.sports-reference.com/cbb/players/brie-wajer-1.html,villanova,2019-20
11,11,25,2020-02-16,Villanova,@,Georgetown,REG (Conf),W 48-40,,4,0,1,.000,0,1,.000,0,0,,.000,0,0,,0,0,0,0,0,0,0,0,0,-0.7,Brie Wajer,https://www.sports-reference.com/cbb/players/brie-wajer-1.html,villanova,2019-20
12,12,26,2020-02-21,Villanova,,Marquette,REG (Conf),W 61-47,,2,0,1,.000,0,0,,0,1,.000,.000,0,0,,0,0,0,0,0,0,0,0,0,-0.7,Brie Wajer,https://www.sports-reference.com/cbb/players/brie-wajer-1.html,villanova,2019-20
13,13,27,2020-02-23,Villanova,,DePaul,REG (Conf),W 76-58,,1,0,0,,0,0,,0,0,,,0,0,,0,0,0,0,0,0,0,0,0,0.0,Brie Wajer,https://www.sports-reference.com/cbb/players/brie-wajer-1.html,villanova,2019-20
14,14,28,2020-02-28,Villanova,@,Creighton,REG (Conf),L 47-67,,3,0,0,,0,0,,0,0,,,0,0,,0,0,0,1,0,0,0,0,0,0.7,Brie Wajer,https://www.sports-reference.com/cbb/players/brie-wajer-1.html,villanova,2019-20
15,15,29,2020-03-01,Villanova,@,Providence,REG (Conf),W 74-63,,4,1,2,.500,1,2,.500,0,0,,.750,1,2,.500,0,0,0,0,1,0,0,0,4,3.6,Brie Wajer,https://www.sports-reference.com/cbb/players/brie-wajer-1.html,villanova,2019-20
16,16,30,2020-03-06,Villanova,,Xavier,CTOURN,W 64-56 (OT),,1,0,0,,0,0,,0,0,,,0,0,,0,0,0,0,0,0,0,0,0,0.0,Brie Wajer,https://www.sports-reference.com/cbb/players/brie-wajer-1.html,villanova,2019-20
17,17,31,2020-03-07,Villanova,@,Marquette,CTOURN,L 59-72,,0,0,0,,0,0,,0,0,,,0,0,,0,0,0,1,0,0,0,0,0,0.7,Brie Wajer,https://www.sports-reference.com/cbb/players/brie-wajer-1.html,villanova,2019-20
