ranker,player_game_num_career,team_game_num_season,date,team_name_abbr,game_location,opp_name_abbr,game_type,game_result,is_starter,mp,fg,fga,fg_pct,fg3,fg3a,fg3_pct,fg2,fg2a,fg2_pct,efg_pct,ft,fta,ft_pct,orb,drb,trb,ast,stl,blk,tov,pf,pts,game_score,player_name,player_sr_link,school,season
1,53,1,2019-11-06,Villanova,,George Washington,REG (Non-Conf),L 56-68,,24,0,2,.000,0,2,.000,0,0,,.000,0,0,,1,1,2,2,1,0,2,1,0,-0.4,Cameron Onken,https://www.sports-reference.com/cbb/players/cameron-onken-1.html,villanova,2019-20
2,54,2,2019-11-09,Villanova,,James Madison,REG (Non-Conf),L 52-56,,33,0,3,.000,0,3,.000,0,0,,.000,1,2,.500,3,5,8,2,1,0,0,4,1,2.9,Cameron Onken,https://www.sports-reference.com/cbb/players/cameron-onken-1.html,villanova,2019-20
3,55,3,2019-11-14,Villanova,@,American,REG (Non-Conf),L 54-76,*,24,0,1,.000,0,0,,0,1,.000,.000,1,2,.500,4,1,5,2,0,0,3,1,1,1.0,Cameron Onken,https://www.sports-reference.com/cbb/players/cameron-onken-1.html,villanova,2019-20
4,56,4,2019-11-17,Villanova,@,Fordham,REG (Non-Conf),W 73-66,*,36,0,4,.000,0,2,.000,0,2,.000,.000,0,0,,0,8,8,6,2,0,2,1,0,3.4,Cameron Onken,https://www.sports-reference.com/cbb/players/cameron-onken-1.html,villanova,2019-20
5,57,5,2019-11-21,Villanova,,Manhattan,REG (Non-Conf),W 63-51,*,30,1,5,.200,0,3,.000,1,2,.500,.200,0,0,,1,4,5,1,3,0,0,2,2,3.7,Cameron Onken,https://www.sports-reference.com/cbb/players/cameron-onken-1.html,villanova,2019-20
6,58,6,2019-11-24,Villanova,@,Georgia,REG (Non-Conf),W 63-58,*,40,2,2,1.000,0,0,,2,2,1.000,1.000,2,2,1.000,1,4,5,2,0,2,0,2,6,9.3,Cameron Onken,https://www.sports-reference.com/cbb/players/cameron-onken-1.html,villanova,2019-20
7,59,7,2019-12-04,Villanova,@,Drexel,REG (Non-Conf),L 52-54 (OT),*,31,0,3,.000,0,2,.000,0,1,.000,.000,0,0,,0,3,3,4,1,0,2,2,0,-0.2,Cameron Onken,https://www.sports-reference.com/cbb/players/cameron-onken-1.html,villanova,2019-20
8,60,8,2019-12-07,Villanova,,Saint Joseph's,REG (Non-Conf),W 60-44,*,40,3,7,.429,2,6,.333,1,1,1.000,.571,0,0,,4,9,13,7,0,0,1,3,8,12.5,Cameron Onken,https://www.sports-reference.com/cbb/players/cameron-onken-1.html,villanova,2019-20
9,61,9,2019-12-10,Villanova,@,Temple,REG (Non-Conf),L 69-74,*,38,6,13,.462,3,7,.429,3,6,.500,.577,2,4,.500,4,6,10,5,1,0,0,1,17,18.2,Cameron Onken,https://www.sports-reference.com/cbb/players/cameron-onken-1.html,villanova,2019-20
10,62,10,2019-12-21,Villanova,@,La Salle,REG (Non-Conf),W 77-69,*,29,0,4,.000,0,4,.000,0,0,,.000,0,0,,0,4,4,1,0,1,0,4,0,-1.8,Cameron Onken,https://www.sports-reference.com/cbb/players/cameron-onken-1.html,villanova,2019-20
11,63,11,2019-12-29,Villanova,,Providence,REG (Conf),W 51-49,*,38,0,4,.000,0,2,.000,0,2,.000,.000,2,2,1.000,4,4,8,5,0,0,0,3,2,5.5,Cameron Onken,https://www.sports-reference.com/cbb/players/cameron-onken-1.html,villanova,2019-20
12,64,12,2019-12-31,Villanova,,Creighton,REG (Conf),L 42-58,*,27,0,3,.000,0,2,.000,0,1,.000,.000,0,0,,2,3,5,2,0,0,2,3,0,-1.6,Cameron Onken,https://www.sports-reference.com/cbb/players/cameron-onken-1.html,villanova,2019-20
13,65,13,2020-01-03,Villanova,@,Seton Hall,REG (Conf),W 61-55,*,35,0,3,.000,0,3,.000,0,0,,.000,0,0,,1,8,9,1,1,0,1,2,0,0.9,Cameron Onken,https://www.sports-reference.com/cbb/players/cameron-onken-1.html,villanova,2019-20
14,66,14,2020-01-05,Villanova,@,St. John's (NY),REG (Conf),W 67-62 (OT),*,33,0,4,.000,0,4,.000,0,0,,.000,0,0,,1,5,6,4,0,0,4,1,0,-2.2,Cameron Onken,https://www.sports-reference.com/cbb/players/cameron-onken-1.html,villanova,2019-20
15,67,15,2020-01-10,Villanova,,Butler,REG (Conf),L 41-58,*,19,0,3,.000,0,1,.000,0,2,.000,.000,2,2,1.000,2,2,4,1,2,0,2,0,2,2.6,Cameron Onken,https://www.sports-reference.com/cbb/players/cameron-onken-1.html,villanova,2019-20
16,68,16,2020-01-12,Villanova,,Xavier,REG (Conf),W 66-54,*,33,0,2,.000,0,1,.000,0,1,.000,.000,3,6,.500,2,6,8,3,2,0,3,1,3,4.3,Cameron Onken,https://www.sports-reference.com/cbb/players/cameron-onken-1.html,villanova,2019-20
17,69,17,2020-01-15,Villanova,,Pennsylvania,REG (Non-Conf),W 70-58,*,37,0,3,.000,0,2,.000,0,1,.000,.000,0,0,,2,10,12,4,2,0,2,2,0,4.3,Cameron Onken,https://www.sports-reference.com/cbb/players/cameron-onken-1.html,villanova,2019-20
18,70,18,2020-01-18,Villanova,,Georgetown,REG (Conf),W 74-53,*,35,4,7,.571,3,4,.750,1,3,.333,.786,2,2,1.000,3,3,6,2,0,0,0,1,13,13.7,Cameron Onken,https://www.sports-reference.com/cbb/players/cameron-onken-1.html,villanova,2019-20
19,71,19,2020-01-24,Villanova,@,DePaul,REG (Conf),L 69-85,*,34,0,3,.000,0,2,.000,0,1,.000,.000,1,2,.500,0,9,9,6,1,0,2,0,1,4.4,Cameron Onken,https://www.sports-reference.com/cbb/players/cameron-onken-1.html,villanova,2019-20
20,72,20,2020-01-26,Villanova,@,Marquette,REG (Conf),L 52-57,*,28,0,3,.000,0,3,.000,0,0,,.000,0,0,,1,3,4,0,3,0,1,3,0,0.3,Cameron Onken,https://www.sports-reference.com/cbb/players/cameron-onken-1.html,villanova,2019-20
21,73,21,2020-01-31,Villanova,,St. John's (NY),REG (Conf),W 66-64 (OT),*,42,3,8,.375,3,6,.500,0,2,.000,.563,0,0,,2,3,5,3,3,0,2,2,9,9.2,Cameron Onken,https://www.sports-reference.com/cbb/players/cameron-onken-1.html,villanova,2019-20
22,74,22,2020-02-02,Villanova,,Seton Hall,REG (Conf),L 63-65,*,34,2,4,.500,2,4,.500,0,0,,.750,0,0,,1,4,5,2,0,0,1,1,6,5.9,Cameron Onken,https://www.sports-reference.com/cbb/players/cameron-onken-1.html,villanova,2019-20
23,75,23,2020-02-07,Villanova,@,Xavier,REG (Conf),W 55-54,*,33,0,5,.000,0,4,.000,0,1,.000,.000,1,2,.500,2,7,9,2,0,1,1,0,1,1.7,Cameron Onken,https://www.sports-reference.com/cbb/players/cameron-onken-1.html,villanova,2019-20
24,76,24,2020-02-09,Villanova,@,Butler,REG (Conf),L 61-63,*,39,1,3,.333,1,3,.333,0,0,,.500,1,2,.500,4,4,8,1,1,0,4,2,4,2.8,Cameron Onken,https://www.sports-reference.com/cbb/players/cameron-onken-1.html,villanova,2019-20
25,77,25,2020-02-16,Villanova,@,Georgetown,REG (Conf),W 48-40,*,37,0,2,.000,0,1,.000,0,1,.000,.000,0,0,,0,8,8,1,1,0,0,1,0,2.3,Cameron Onken,https://www.sports-reference.com/cbb/players/cameron-onken-1.html,villanova,2019-20
26,78,26,2020-02-21,Villanova,,Marquette,REG (Conf),W 61-47,*,31,3,6,.500,3,5,.600,0,1,.000,.750,0,0,,2,2,4,4,2,0,1,4,9,10.2,Cameron Onken,https://www.sports-reference.com/cbb/players/cameron-onken-1.html,villanova,2019-20
27,79,27,2020-02-23,Villanova,,DePaul,REG (Conf),W 76-58,*,39,4,9,.444,2,5,.400,2,4,.500,.556,2,4,.500,5,13,18,10,0,0,5,1,12,15.5,Cameron Onken,https://www.sports-reference.com/cbb/players/cameron-onken-1.html,villanova,2019-20
28,80,28,2020-02-28,Villanova,@,Creighton,REG (Conf),L 47-67,*,29,1,2,.500,0,1,.000,1,1,1.000,.500,0,0,,0,6,6,4,0,0,4,4,2,0.0,Cameron Onken,https://www.sports-reference.com/cbb/players/cameron-onken-1.html,villanova,2019-20
29,81,29,2020-03-01,Villanova,@,Providence,REG (Conf),W 74-63,*,35,1,5,.200,1,4,.250,0,1,.000,.300,0,0,,1,3,4,1,1,0,2,3,3,0.0,Cameron Onken,https://www.sports-reference.com/cbb/players/cameron-onken-1.html,villanova,2019-20
30,82,30,2020-03-06,Villanova,,Xavier,CTOURN,W 64-56 (OT),*,42,0,5,.000,0,4,.000,0,1,.000,.000,0,0,,0,4,4,2,0,2,3,2,0,-3.3,Cameron Onken,https://www.sports-reference.com/cbb/players/cameron-onken-1.html,villanova,2019-20
31,83,31,2020-03-07,Villanova,@,Marquette,CTOURN,L 59-72,*,37,0,1,.000,0,1,.000,0,0,,.000,0,0,,1,5,6,2,0,0,1,2,0,1.1,Cameron Onken,https://www.sports-reference.com/cbb/players/cameron-onken-1.html,villanova,2019-20
