ranker,player_game_num_career,team_game_num_season,date,team_name_abbr,game_location,opp_name_abbr,game_type,game_result,is_starter,mp,fg,fga,fg_pct,fg3,fg3a,fg3_pct,fg2,fg2a,fg2_pct,efg_pct,ft,fta,ft_pct,orb,drb,trb,ast,stl,blk,tov,pf,pts,game_score,player_name,player_sr_link,school,season
1,18,3,2019-11-14,Villanova,@,American,REG (Non-Conf),L 54-76,,3,0,0,,0,0,,0,0,,,0,0,,0,1,1,0,0,0,0,0,0,0.3,Grace Lange,https://www.sports-reference.com/cbb/players/grace-lange-1.html,villanova,2019-20
2,19,6,2019-11-24,Villanova,@,Georgia,REG (Non-Conf),W 63-58,,3,0,1,.000,0,0,,0,1,.000,.000,0,0,,0,0,0,0,0,0,0,0,0,-0.7,Grace Lange,https://www.sports-reference.com/cbb/players/grace-lange-1.html,villanova,2019-20
3,20,9,2019-12-10,Villanova,@,Temple,REG (Non-Conf),L 69-74,,4,0,0,,0,0,,0,0,,,0,0,,0,0,0,0,0,0,0,0,0,0.0,Grace Lange,https://www.sports-reference.com/cbb/players/grace-lange-1.html,villanova,2019-20
4,21,11,2019-12-29,Villanova,,Providence,REG (Conf),W 51-49,,1,0,0,,0,0,,0,0,,,0,0,,0,0,0,0,0,0,0,0,0,0.0,Grace Lange,https://www.sports-reference.com/cbb/players/grace-lange-1.html,villanova,2019-20
5,22,12,2019-12-31,Villanova,,Creighton,REG (Conf),L 42-58,,12,0,3,.000,0,3,.000,0,0,,.000,1,2,.500,1,2,3,0,0,0,1,1,1,-1.6,Grace Lange,https://www.sports-reference.com/cbb/players/grace-lange-1.html,villanova,2019-20
6,23,13,2020-01-03,Villanova,@,Seton Hall,REG (Conf),W 61-55,,1,0,0,,0,0,,0,0,,,0,0,,0,0,0,0,0,0,0,0,0,0.0,Grace Lange,https://www.sports-reference.com/cbb/players/grace-lange-1.html,villanova,2019-20
7,24,14,2020-01-05,Villanova,@,St. John's (NY),REG (Conf),W 67-62 (OT),,0,0,0,,0,0,,0,0,,,0,0,,0,0,0,0,0,0,0,0,0,0.0,Grace Lange,https://www.sports-reference.com/cbb/players/grace-lange-1.html,villanova,2019-20
8,25,15,2020-01-10,Villanova,,Butler,REG (Conf),L 41-58,,4,0,1,.000,0,1,.000,0,0,,.000,0,0,,0,1,1,0,0,0,2,0,0,-2.4,Grace Lange,https://www.sports-reference.com/cbb/players/grace-lange-1.html,villanova,2019-20
9,26,17,2020-01-15,Villanova,,Pennsylvania,REG (Non-Conf),W 70-58,,0,0,0,,0,0,,0,0,,,0,0,,0,0,0,0,0,0,0,0,0,0.0,Grace Lange,https://www.sports-reference.com/cbb/players/grace-lange-1.html,villanova,2019-20
10,27,18,2020-01-18,Villanova,,Georgetown,REG (Conf),W 74-53,,2,0,2,.000,0,2,.000,0,0,,.000,0,0,,0,0,0,0,0,0,0,0,0,-1.4,Grace Lange,https://www.sports-reference.com/cbb/players/grace-lange-1.html,villanova,2019-20
11,28,19,2020-01-24,Villanova,@,DePaul,REG (Conf),L 69-85,,3,0,0,,0,0,,0,0,,,0,0,,0,0,0,0,0,0,0,2,0,-0.8,Grace Lange,https://www.sports-reference.com/cbb/players/grace-lange-1.html,villanova,2019-20
12,29,20,2020-01-26,Villanova,@,Marquette,REG (Conf),L 52-57,,2,0,0,,0,0,,0,0,,,0,0,,0,0,0,0,0,0,0,2,0,-0.8,Grace Lange,https://www.sports-reference.com/cbb/players/grace-lange-1.html,villanova,2019-20
13,30,22,2020-02-02,Villanova,,Seton Hall,REG (Conf),L 63-65,,0,0,0,,0,0,,0,0,,,0,0,,0,0,0,0,0,0,0,0,0,0.0,Grace Lange,https://www.sports-reference.com/cbb/players/grace-lange-1.html,villanova,2019-20
14,31,24,2020-02-09,Villanova,@,Butler,REG (Conf),L 61-63,,2,0,0,,0,0,,0,0,,,0,0,,0,0,0,0,0,0,1,1,0,-1.4,Grace Lange,https://www.sports-reference.com/cbb/players/grace-lange-1.html,villanova,2019-20
15,32,26,2020-02-21,Villanova,,Marquette,REG (Conf),W 61-47,,1,0,0,,0,0,,0,0,,,0,0,,0,0,0,0,0,0,0,0,0,0.0,Grace Lange,https://www.sports-reference.com/cbb/players/grace-lange-1.html,villanova,2019-20
16,33,27,2020-02-23,Villanova,,DePaul,REG (Conf),W 76-58,,1,0,0,,0,0,,0,0,,,0,0,,0,0,0,0,0,0,0,0,0,0.0,Grace Lange,https://www.sports-reference.com/cbb/players/grace-lange-1.html,villanova,2019-20
17,34,28,2020-02-28,Villanova,@,Creighton,REG (Conf),L 47-67,,1,0,0,,0,0,,0,0,,,0,0,,0,0,0,0,0,0,0,0,0,0.0,Grace Lange,https://www.sports-reference.com/cbb/players/grace-lange-1.html,villanova,2019-20
18,35,31,2020-03-07,Villanova,@,Marquette,CTOURN,L 59-72,,0,1,1,1.000,1,1,1.000,0,0,,1.500,0,0,,0,0,0,0,0,0,0,0,3,2.7,Grace Lange,https://www.sports-reference.com/cbb/players/grace-lange-1.html,villanova,2019-20
