ranker,player_game_num_career,team_game_num_season,date,team_name_abbr,game_location,opp_name_abbr,game_type,game_result,is_starter,mp,fg,fga,fg_pct,fg3,fg3a,fg3_pct,fg2,fg2a,fg2_pct,efg_pct,ft,fta,orb,drb,trb,ast,stl,blk,tov,pf,pts,game_score,player_name,player_sr_link,school,season
1,1,1,2019-11-06,Villanova,,George Washington,REG (Non-Conf),L 56-68,,12,0,2,.000,0,1,.000,0,1,.000,.000,0,0,0,2,2,1,1,0,1,1,0,-0.5,Kenzie Gardler,https://www.sports-reference.com/cbb/players/kenzie-gardler-1.html,villanova,2019-20
2,2,2,2019-11-09,Villanova,,James Madison,REG (Non-Conf),L 52-56,,14,1,3,.333,0,2,.000,1,1,1.000,.333,0,0,0,1,1,1,0,0,0,2,2,0.5,Kenzie Gardler,https://www.sports-reference.com/cbb/players/kenzie-gardler-1.html,villanova,2019-20
3,3,3,2019-11-14,Villanova,@,American,REG (Non-Conf),L 54-76,,12,1,1,1.000,1,1,1.000,0,0,,1.500,0,0,1,0,1,3,0,0,1,0,3,4.5,Kenzie Gardler,https://www.sports-reference.com/cbb/players/kenzie-gardler-1.html,villanova,2019-20
4,4,4,2019-11-17,Villanova,@,Fordham,REG (Non-Conf),W 73-66,,4,0,0,,0,0,,0,0,,,0,0,0,0,0,0,1,0,0,0,0,1.0,Kenzie Gardler,https://www.sports-reference.com/cbb/players/kenzie-gardler-1.html,villanova,2019-20
5,5,5,2019-11-21,Villanova,,Manhattan,REG (Non-Conf),W 63-51,,7,0,0,,0,0,,0,0,,,0,0,0,0,0,0,0,0,2,1,0,-2.4,Kenzie Gardler,https://www.sports-reference.com/cbb/players/kenzie-gardler-1.html,villanova,2019-20
6,6,6,2019-11-24,Villanova,@,Georgia,REG (Non-Conf),W 63-58,,12,2,4,.500,2,3,.667,0,1,.000,.750,0,0,1,1,2,1,1,0,1,1,6,5.3,Kenzie Gardler,https://www.sports-reference.com/cbb/players/kenzie-gardler-1.html,villanova,2019-20
7,7,7,2019-12-04,Villanova,@,Drexel,REG (Non-Conf),L 52-54 (OT),,14,2,3,.667,0,1,.000,2,2,1.000,.667,0,0,0,0,0,1,0,0,3,2,4,-0.4,Kenzie Gardler,https://www.sports-reference.com/cbb/players/kenzie-gardler-1.html,villanova,2019-20
8,8,10,2019-12-21,Villanova,@,La Salle,REG (Non-Conf),W 77-69,,13,0,3,.000,0,1,.000,0,2,.000,.000,0,0,0,0,0,1,0,0,0,0,0,-1.4,Kenzie Gardler,https://www.sports-reference.com/cbb/players/kenzie-gardler-1.html,villanova,2019-20
9,9,11,2019-12-29,Villanova,,Providence,REG (Conf),W 51-49,,18,1,5,.200,1,4,.250,0,1,.000,.300,0,0,0,0,0,0,1,0,2,1,3,-1.5,Kenzie Gardler,https://www.sports-reference.com/cbb/players/kenzie-gardler-1.html,villanova,2019-20
10,10,12,2019-12-31,Villanova,,Creighton,REG (Conf),L 42-58,,17,0,4,.000,0,3,.000,0,1,.000,.000,0,0,0,1,1,0,0,0,0,0,0,-2.5,Kenzie Gardler,https://www.sports-reference.com/cbb/players/kenzie-gardler-1.html,villanova,2019-20
11,11,13,2020-01-03,Villanova,@,Seton Hall,REG (Conf),W 61-55,,7,0,1,.000,0,0,,0,1,.000,.000,0,0,0,0,0,0,0,0,1,2,0,-2.5,Kenzie Gardler,https://www.sports-reference.com/cbb/players/kenzie-gardler-1.html,villanova,2019-20
12,12,14,2020-01-05,Villanova,@,St. John's (NY),REG (Conf),W 67-62 (OT),,8,1,1,1.000,1,1,1.000,0,0,,1.500,0,0,0,0,0,0,1,0,1,0,3,2.7,Kenzie Gardler,https://www.sports-reference.com/cbb/players/kenzie-gardler-1.html,villanova,2019-20
13,13,15,2020-01-10,Villanova,,Butler,REG (Conf),L 41-58,,13,1,4,.250,0,3,.000,1,1,1.000,.250,0,0,0,1,1,0,0,0,0,1,2,-0.5,Kenzie Gardler,https://www.sports-reference.com/cbb/players/kenzie-gardler-1.html,villanova,2019-20
14,14,16,2020-01-12,Villanova,,Xavier,REG (Conf),W 66-54,,8,1,1,1.000,1,1,1.000,0,0,,1.500,0,0,0,0,0,0,0,0,1,1,3,1.3,Kenzie Gardler,https://www.sports-reference.com/cbb/players/kenzie-gardler-1.html,villanova,2019-20
15,15,17,2020-01-15,Villanova,,Pennsylvania,REG (Non-Conf),W 70-58,,2,0,0,,0,0,,0,0,,,0,0,0,0,0,0,1,0,0,0,0,1.0,Kenzie Gardler,https://www.sports-reference.com/cbb/players/kenzie-gardler-1.html,villanova,2019-20
16,16,18,2020-01-18,Villanova,,Georgetown,REG (Conf),W 74-53,,9,1,1,1.000,1,1,1.000,0,0,,1.500,0,0,0,1,1,0,0,0,0,0,3,3.0,Kenzie Gardler,https://www.sports-reference.com/cbb/players/kenzie-gardler-1.html,villanova,2019-20
17,17,19,2020-01-24,Villanova,@,DePaul,REG (Conf),L 69-85,,22,2,3,.667,2,3,.667,0,0,,1.000,0,0,0,2,2,2,1,0,0,0,6,7.7,Kenzie Gardler,https://www.sports-reference.com/cbb/players/kenzie-gardler-1.html,villanova,2019-20
18,18,20,2020-01-26,Villanova,@,Marquette,REG (Conf),L 52-57,,9,1,5,.200,0,2,.000,1,3,.333,.200,0,0,0,0,0,0,0,0,0,3,2,-2.3,Kenzie Gardler,https://www.sports-reference.com/cbb/players/kenzie-gardler-1.html,villanova,2019-20
19,19,21,2020-01-31,Villanova,,St. John's (NY),REG (Conf),W 66-64 (OT),,4,0,0,,0,0,,0,0,,,0,0,0,0,0,2,0,0,0,0,0,1.4,Kenzie Gardler,https://www.sports-reference.com/cbb/players/kenzie-gardler-1.html,villanova,2019-20
20,20,22,2020-02-02,Villanova,,Seton Hall,REG (Conf),L 63-65,,6,1,2,.500,1,2,.500,0,0,,.750,0,0,0,1,1,0,0,0,1,1,3,0.9,Kenzie Gardler,https://www.sports-reference.com/cbb/players/kenzie-gardler-1.html,villanova,2019-20
21,21,23,2020-02-07,Villanova,@,Xavier,REG (Conf),W 55-54,,8,0,1,.000,0,1,.000,0,0,,.000,0,0,0,0,0,0,0,0,1,0,0,-1.7,Kenzie Gardler,https://www.sports-reference.com/cbb/players/kenzie-gardler-1.html,villanova,2019-20
22,22,24,2020-02-09,Villanova,@,Butler,REG (Conf),L 61-63,,11,0,1,.000,0,1,.000,0,0,,.000,0,0,0,0,0,1,0,0,2,1,0,-2.4,Kenzie Gardler,https://www.sports-reference.com/cbb/players/kenzie-gardler-1.html,villanova,2019-20
23,23,25,2020-02-16,Villanova,@,Georgetown,REG (Conf),W 48-40,,4,1,2,.500,0,1,.000,1,1,1.000,.500,0,0,0,0,0,0,0,0,1,0,2,0.0,Kenzie Gardler,https://www.sports-reference.com/cbb/players/kenzie-gardler-1.html,villanova,2019-20
24,24,26,2020-02-21,Villanova,,Marquette,REG (Conf),W 61-47,,13,1,3,.333,1,2,.500,0,1,.000,.500,0,0,0,0,0,2,1,0,0,1,3,3.3,Kenzie Gardler,https://www.sports-reference.com/cbb/players/kenzie-gardler-1.html,villanova,2019-20
25,25,27,2020-02-23,Villanova,,DePaul,REG (Conf),W 76-58,,3,0,0,,0,0,,0,0,,,0,0,0,0,0,0,0,0,0,0,0,0.0,Kenzie Gardler,https://www.sports-reference.com/cbb/players/kenzie-gardler-1.html,villanova,2019-20
26,26,28,2020-02-28,Villanova,@,Creighton,REG (Conf),L 47-67,,15,0,1,.000,0,1,.000,0,0,,.000,0,0,0,0,0,0,1,0,0,1,0,-0.1,Kenzie Gardler,https://www.sports-reference.com/cbb/players/kenzie-gardler-1.html,villanova,2019-20
27,27,29,2020-03-01,Villanova,@,Providence,REG (Conf),W 74-63,,10,0,0,,0,0,,0,0,,,0,0,0,0,0,1,2,0,0,0,0,2.7,Kenzie Gardler,https://www.sports-reference.com/cbb/players/kenzie-gardler-1.html,villanova,2019-20
28,28,30,2020-03-06,Villanova,,Xavier,CTOURN,W 64-56 (OT),,12,1,3,.333,1,3,.333,0,0,,.500,0,0,1,0,1,0,0,0,0,1,3,1.6,Kenzie Gardler,https://www.sports-reference.com/cbb/players/kenzie-gardler-1.html,villanova,2019-20
29,29,31,2020-03-07,Villanova,@,Marquette,CTOURN,L 59-72,,4,0,0,,0,0,,0,0,,,0,0,0,0,0,0,1,0,1,1,0,-0.4,Kenzie Gardler,https://www.sports-reference.com/cbb/players/kenzie-gardler-1.html,villanova,2019-20
