ranker,player_game_num_career,team_game_num_season,date,team_name_abbr,game_location,opp_name_abbr,game_type,game_result,is_starter,mp,fg,fga,fg_pct,fg3,fg3a,fg3_pct,fg2,fg2a,fg2_pct,efg_pct,ft,fta,ft_pct,orb,drb,trb,ast,stl,blk,tov,pf,pts,game_score,player_name,player_sr_link,school,season
1,1,1,2019-11-06,Villanova,,George Washington,REG (Non-Conf),L 56-68,,26,5,15,.333,1,5,.200,4,10,.400,.367,3,4,.750,5,4,9,1,1,2,2,2,14,10.1,Maddy Siegrist,https://www.sports-reference.com/cbb/players/maddy-siegrist-1.html,villanova,2019-20
2,2,2,2019-11-09,Villanova,,James Madison,REG (Non-Conf),L 52-56,,20,5,11,.455,4,8,.500,1,3,.333,.636,0,2,.000,2,3,5,0,1,1,4,4,14,5.9,Maddy Siegrist,https://www.sports-reference.com/cbb/players/maddy-siegrist-1.html,villanova,2019-20
3,3,3,2019-11-14,Villanova,@,American,REG (Non-Conf),L 54-76,,29,9,20,.450,2,5,.400,7,15,.467,.500,2,3,.667,3,5,8,0,1,0,0,4,22,14.2,Maddy Siegrist,https://www.sports-reference.com/cbb/players/maddy-siegrist-1.html,villanova,2019-20
4,4,4,2019-11-17,Villanova,@,Fordham,REG (Non-Conf),W 73-66,*,28,13,16,.813,3,5,.600,10,11,.909,.906,0,3,.000,2,4,6,3,0,1,2,4,29,23.6,Maddy Siegrist,https://www.sports-reference.com/cbb/players/maddy-siegrist-1.html,villanova,2019-20
5,5,5,2019-11-21,Villanova,,Manhattan,REG (Non-Conf),W 63-51,*,38,13,22,.591,1,4,.250,12,18,.667,.614,1,2,.500,6,8,14,1,0,4,3,1,28,24.1,Maddy Siegrist,https://www.sports-reference.com/cbb/players/maddy-siegrist-1.html,villanova,2019-20
6,6,6,2019-11-24,Villanova,@,Georgia,REG (Non-Conf),W 63-58,*,38,4,11,.364,0,1,.000,4,10,.400,.364,0,0,,3,5,8,0,1,1,1,2,8,5.4,Maddy Siegrist,https://www.sports-reference.com/cbb/players/maddy-siegrist-1.html,villanova,2019-20
7,7,7,2019-12-04,Villanova,@,Drexel,REG (Non-Conf),L 52-54 (OT),*,42,7,14,.500,1,4,.250,6,10,.600,.536,9,9,1.000,1,4,5,2,0,1,4,3,24,15.8,Maddy Siegrist,https://www.sports-reference.com/cbb/players/maddy-siegrist-1.html,villanova,2019-20
8,8,8,2019-12-07,Villanova,,Saint Joseph's,REG (Non-Conf),W 60-44,*,38,10,19,.526,3,9,.333,7,10,.700,.605,0,0,,3,5,8,3,3,1,1,2,23,21.3,Maddy Siegrist,https://www.sports-reference.com/cbb/players/maddy-siegrist-1.html,villanova,2019-20
9,9,9,2019-12-10,Villanova,@,Temple,REG (Non-Conf),L 69-74,*,32,7,18,.389,1,7,.143,6,11,.545,.417,2,3,.667,3,7,10,2,0,1,1,3,17,10.9,Maddy Siegrist,https://www.sports-reference.com/cbb/players/maddy-siegrist-1.html,villanova,2019-20
10,10,10,2019-12-21,Villanova,@,La Salle,REG (Non-Conf),W 77-69,*,35,13,19,.684,6,10,.600,7,9,.778,.842,9,10,.900,1,9,10,3,1,3,4,3,41,35.9,Maddy Siegrist,https://www.sports-reference.com/cbb/players/maddy-siegrist-1.html,villanova,2019-20
11,11,11,2019-12-29,Villanova,,Providence,REG (Conf),W 51-49,*,36,7,17,.412,3,7,.429,4,10,.400,.500,1,1,1.000,1,5,6,1,2,1,3,0,18,11.5,Maddy Siegrist,https://www.sports-reference.com/cbb/players/maddy-siegrist-1.html,villanova,2019-20
12,12,12,2019-12-31,Villanova,,Creighton,REG (Conf),L 42-58,*,28,5,10,.500,0,2,.000,5,8,.625,.500,0,0,,3,5,8,1,1,0,2,3,10,7.1,Maddy Siegrist,https://www.sports-reference.com/cbb/players/maddy-siegrist-1.html,villanova,2019-20
13,13,13,2020-01-03,Villanova,@,Seton Hall,REG (Conf),W 61-55,*,38,5,14,.357,3,9,.333,2,5,.400,.464,5,6,.833,2,8,10,3,3,0,2,3,18,15.5,Maddy Siegrist,https://www.sports-reference.com/cbb/players/maddy-siegrist-1.html,villanova,2019-20
14,14,14,2020-01-05,Villanova,@,St. John's (NY),REG (Conf),W 67-62 (OT),*,45,8,15,.533,4,7,.571,4,8,.500,.667,2,2,1.000,5,10,15,0,1,1,3,3,22,18.7,Maddy Siegrist,https://www.sports-reference.com/cbb/players/maddy-siegrist-1.html,villanova,2019-20
15,15,15,2020-01-10,Villanova,,Butler,REG (Conf),L 41-58,*,35,4,14,.286,2,5,.400,2,9,.222,.357,1,2,.500,4,7,11,0,0,0,2,4,11,3.7,Maddy Siegrist,https://www.sports-reference.com/cbb/players/maddy-siegrist-1.html,villanova,2019-20
16,16,16,2020-01-12,Villanova,,Xavier,REG (Conf),W 66-54,*,37,10,19,.526,2,7,.286,8,12,.667,.579,1,2,.500,5,11,16,0,0,0,3,2,23,16.3,Maddy Siegrist,https://www.sports-reference.com/cbb/players/maddy-siegrist-1.html,villanova,2019-20
17,17,17,2020-01-15,Villanova,,Pennsylvania,REG (Non-Conf),W 70-58,*,37,11,17,.647,5,8,.625,6,9,.667,.794,0,0,,3,3,6,3,2,2,3,2,27,24.2,Maddy Siegrist,https://www.sports-reference.com/cbb/players/maddy-siegrist-1.html,villanova,2019-20
18,18,18,2020-01-18,Villanova,,Georgetown,REG (Conf),W 74-53,*,27,5,14,.357,3,6,.500,2,8,.250,.464,2,2,1.000,3,9,12,2,0,0,1,3,15,11.2,Maddy Siegrist,https://www.sports-reference.com/cbb/players/maddy-siegrist-1.html,villanova,2019-20
19,19,19,2020-01-24,Villanova,@,DePaul,REG (Conf),L 69-85,*,34,9,18,.500,1,4,.250,8,14,.571,.528,0,1,.000,2,5,7,1,1,0,1,1,19,12.8,Maddy Siegrist,https://www.sports-reference.com/cbb/players/maddy-siegrist-1.html,villanova,2019-20
20,20,20,2020-01-26,Villanova,@,Marquette,REG (Conf),L 52-57,*,37,10,19,.526,5,10,.500,5,9,.556,.658,0,0,,2,4,6,0,0,1,1,2,25,17.2,Maddy Siegrist,https://www.sports-reference.com/cbb/players/maddy-siegrist-1.html,villanova,2019-20
21,21,21,2020-01-31,Villanova,,St. John's (NY),REG (Conf),W 66-64 (OT),*,38,7,16,.438,2,4,.500,5,12,.417,.500,6,8,.750,1,3,4,1,1,3,0,4,22,16.6,Maddy Siegrist,https://www.sports-reference.com/cbb/players/maddy-siegrist-1.html,villanova,2019-20
22,22,22,2020-02-02,Villanova,,Seton Hall,REG (Conf),L 63-65,*,38,5,19,.263,1,13,.077,4,6,.667,.289,2,2,1.000,3,7,10,1,0,1,3,3,13,3.1,Maddy Siegrist,https://www.sports-reference.com/cbb/players/maddy-siegrist-1.html,villanova,2019-20
23,23,23,2020-02-07,Villanova,@,Xavier,REG (Conf),W 55-54,*,34,8,20,.400,1,6,.167,7,14,.500,.425,4,7,.571,3,4,7,0,2,1,1,4,21,12.4,Maddy Siegrist,https://www.sports-reference.com/cbb/players/maddy-siegrist-1.html,villanova,2019-20
24,24,24,2020-02-09,Villanova,@,Butler,REG (Conf),L 61-63,*,38,6,14,.429,3,7,.429,3,7,.429,.536,6,6,1.000,0,8,8,1,0,0,3,3,21,12.5,Maddy Siegrist,https://www.sports-reference.com/cbb/players/maddy-siegrist-1.html,villanova,2019-20
25,25,25,2020-02-16,Villanova,@,Georgetown,REG (Conf),W 48-40,*,39,4,17,.235,0,8,.000,4,9,.444,.235,2,2,1.000,2,11,13,3,3,1,0,2,10,9.4,Maddy Siegrist,https://www.sports-reference.com/cbb/players/maddy-siegrist-1.html,villanova,2019-20
26,26,26,2020-02-21,Villanova,,Marquette,REG (Conf),W 61-47,*,28,2,8,.250,0,3,.000,2,5,.400,.250,1,1,1.000,1,4,5,2,1,0,2,4,5,0.9,Maddy Siegrist,https://www.sports-reference.com/cbb/players/maddy-siegrist-1.html,villanova,2019-20
27,27,27,2020-02-23,Villanova,,DePaul,REG (Conf),W 76-58,*,40,14,25,.560,0,4,.000,14,21,.667,.560,1,1,1.000,4,9,13,2,1,1,0,2,29,24.9,Maddy Siegrist,https://www.sports-reference.com/cbb/players/maddy-siegrist-1.html,villanova,2019-20
28,28,28,2020-02-28,Villanova,@,Creighton,REG (Conf),L 47-67,*,37,4,15,.267,0,3,.000,4,12,.333,.267,2,2,1.000,3,6,9,0,0,2,1,1,10,5.0,Maddy Siegrist,https://www.sports-reference.com/cbb/players/maddy-siegrist-1.html,villanova,2019-20
29,29,29,2020-03-01,Villanova,@,Providence,REG (Conf),W 74-63,*,34,5,16,.313,2,8,.250,3,8,.375,.375,2,2,1.000,2,5,7,1,0,1,1,4,14,6.5,Maddy Siegrist,https://www.sports-reference.com/cbb/players/maddy-siegrist-1.html,villanova,2019-20
30,30,30,2020-03-06,Villanova,,Xavier,CTOURN,W 64-56 (OT),*,44,3,19,.158,1,9,.111,2,10,.200,.184,2,4,.500,4,13,17,2,1,2,2,4,9,3.0,Maddy Siegrist,https://www.sports-reference.com/cbb/players/maddy-siegrist-1.html,villanova,2019-20
31,31,31,2020-03-07,Villanova,@,Marquette,CTOURN,L 59-72,*,37,9,17,.529,2,3,.667,7,14,.500,.588,1,1,1.000,1,3,4,0,1,1,0,5,21,14.0,Maddy Siegrist,https://www.sports-reference.com/cbb/players/maddy-siegrist-1.html,villanova,2019-20
