ranker,player_game_num_career,team_game_num_season,date,team_name_abbr,game_location,opp_name_abbr,game_type,game_result,is_starter,mp,fg,fga,fg_pct,fg3,fg3a,fg3_pct,fg2,fg2a,fg2_pct,efg_pct,ft,fta,ft_pct,orb,drb,trb,ast,stl,blk,tov,pf,pts,game_score,player_name,player_sr_link,school,season
1,100,1,2019-11-06,Villanova,,George Washington,REG (Non-Conf),L 56-68,*,35,1,5,.200,0,4,.000,1,1,1.000,.200,0,0,,0,7,7,3,0,1,6,1,2,-2.6,Mary Gedaka,https://www.sports-reference.com/cbb/players/mary-gedaka-1.html,villanova,2019-20
2,101,2,2019-11-09,Villanova,,James Madison,REG (Non-Conf),L 52-56,*,40,5,10,.500,1,4,.250,4,6,.667,.550,5,5,1.000,1,3,4,1,1,0,4,4,16,8.7,Mary Gedaka,https://www.sports-reference.com/cbb/players/mary-gedaka-1.html,villanova,2019-20
3,102,3,2019-11-14,Villanova,@,American,REG (Non-Conf),L 54-76,*,34,5,13,.385,1,4,.250,4,9,.444,.423,4,4,1.000,2,3,5,3,0,0,2,2,15,9.5,Mary Gedaka,https://www.sports-reference.com/cbb/players/mary-gedaka-1.html,villanova,2019-20
4,103,4,2019-11-17,Villanova,@,Fordham,REG (Non-Conf),W 73-66,*,40,11,16,.688,0,1,.000,11,15,.733,.688,5,9,.556,2,3,5,3,1,0,7,1,27,16.6,Mary Gedaka,https://www.sports-reference.com/cbb/players/mary-gedaka-1.html,villanova,2019-20
5,104,5,2019-11-21,Villanova,,Manhattan,REG (Non-Conf),W 63-51,*,36,6,14,.429,2,4,.500,4,10,.400,.500,3,4,.750,1,4,5,4,2,1,4,1,17,12.2,Mary Gedaka,https://www.sports-reference.com/cbb/players/mary-gedaka-1.html,villanova,2019-20
6,105,6,2019-11-24,Villanova,@,Georgia,REG (Non-Conf),W 63-58,*,36,9,15,.600,3,4,.750,6,11,.545,.700,0,0,,1,1,2,5,1,0,0,3,21,18.4,Mary Gedaka,https://www.sports-reference.com/cbb/players/mary-gedaka-1.html,villanova,2019-20
7,106,7,2019-12-04,Villanova,@,Drexel,REG (Non-Conf),L 52-54 (OT),*,44,7,14,.500,0,3,.000,7,11,.636,.500,2,3,.667,2,14,16,0,1,4,5,4,16,11.4,Mary Gedaka,https://www.sports-reference.com/cbb/players/mary-gedaka-1.html,villanova,2019-20
8,107,8,2019-12-07,Villanova,,Saint Joseph's,REG (Non-Conf),W 60-44,*,40,8,16,.500,0,0,,8,16,.500,.500,3,4,.750,1,4,5,1,0,1,2,0,19,11.9,Mary Gedaka,https://www.sports-reference.com/cbb/players/mary-gedaka-1.html,villanova,2019-20
9,108,9,2019-12-10,Villanova,@,Temple,REG (Non-Conf),L 69-74,*,40,7,17,.412,5,9,.556,2,8,.250,.559,1,2,.500,1,1,2,5,4,2,1,1,20,19.0,Mary Gedaka,https://www.sports-reference.com/cbb/players/mary-gedaka-1.html,villanova,2019-20
10,109,10,2019-12-21,Villanova,@,La Salle,REG (Non-Conf),W 77-69,*,39,6,13,.462,1,3,.333,5,10,.500,.500,2,2,1.000,0,5,5,7,0,1,0,0,15,15.4,Mary Gedaka,https://www.sports-reference.com/cbb/players/mary-gedaka-1.html,villanova,2019-20
11,110,11,2019-12-29,Villanova,,Providence,REG (Conf),W 51-49,*,36,8,13,.615,2,7,.286,6,6,1.000,.692,0,1,.000,0,10,10,4,1,0,3,1,18,15.1,Mary Gedaka,https://www.sports-reference.com/cbb/players/mary-gedaka-1.html,villanova,2019-20
12,111,12,2019-12-31,Villanova,,Creighton,REG (Conf),L 42-58,*,37,6,13,.462,1,2,.500,5,11,.455,.500,5,9,.556,1,4,5,1,0,0,1,2,18,10.5,Mary Gedaka,https://www.sports-reference.com/cbb/players/mary-gedaka-1.html,villanova,2019-20
13,112,13,2020-01-03,Villanova,@,Seton Hall,REG (Conf),W 61-55,*,39,9,16,.563,1,5,.200,8,11,.727,.594,1,2,.500,3,4,7,2,1,2,3,2,20,15.3,Mary Gedaka,https://www.sports-reference.com/cbb/players/mary-gedaka-1.html,villanova,2019-20
14,113,14,2020-01-05,Villanova,@,St. John's (NY),REG (Conf),W 67-62 (OT),*,44,10,23,.435,1,7,.143,9,16,.563,.457,0,3,.000,0,6,6,1,1,2,3,2,21,8.8,Mary Gedaka,https://www.sports-reference.com/cbb/players/mary-gedaka-1.html,villanova,2019-20
15,114,15,2020-01-10,Villanova,,Butler,REG (Conf),L 41-58,*,36,2,11,.182,0,4,.000,2,7,.286,.182,0,2,.000,0,3,3,2,4,1,2,2,4,0.5,Mary Gedaka,https://www.sports-reference.com/cbb/players/mary-gedaka-1.html,villanova,2019-20
16,115,16,2020-01-12,Villanova,,Xavier,REG (Conf),W 66-54,*,40,7,12,.583,0,1,.000,7,11,.636,.583,6,8,.750,1,3,4,1,1,1,2,1,20,15.2,Mary Gedaka,https://www.sports-reference.com/cbb/players/mary-gedaka-1.html,villanova,2019-20
17,116,17,2020-01-15,Villanova,,Pennsylvania,REG (Non-Conf),W 70-58,*,40,7,19,.368,0,6,.000,7,13,.538,.368,7,10,.700,6,3,9,4,2,1,2,0,21,17.9,Mary Gedaka,https://www.sports-reference.com/cbb/players/mary-gedaka-1.html,villanova,2019-20
18,117,18,2020-01-18,Villanova,,Georgetown,REG (Conf),W 74-53,*,34,7,12,.583,1,3,.333,6,9,.667,.625,2,5,.400,0,5,5,3,0,0,2,0,17,11.8,Mary Gedaka,https://www.sports-reference.com/cbb/players/mary-gedaka-1.html,villanova,2019-20
19,118,19,2020-01-24,Villanova,@,DePaul,REG (Conf),L 69-85,*,35,8,17,.471,1,4,.250,7,13,.538,.500,3,3,1.000,3,4,7,3,0,0,4,1,20,12.3,Mary Gedaka,https://www.sports-reference.com/cbb/players/mary-gedaka-1.html,villanova,2019-20
20,119,20,2020-01-26,Villanova,@,Marquette,REG (Conf),L 52-57,*,40,6,13,.462,0,3,.000,6,10,.600,.462,4,4,1.000,1,3,4,7,1,0,3,1,16,13.4,Mary Gedaka,https://www.sports-reference.com/cbb/players/mary-gedaka-1.html,villanova,2019-20
21,120,21,2020-01-31,Villanova,,St. John's (NY),REG (Conf),W 66-64 (OT),*,45,5,14,.357,1,4,.250,4,10,.400,.393,5,8,.625,2,11,13,4,1,0,4,1,16,11.1,Mary Gedaka,https://www.sports-reference.com/cbb/players/mary-gedaka-1.html,villanova,2019-20
22,121,22,2020-02-02,Villanova,,Seton Hall,REG (Conf),L 63-65,*,36,8,12,.667,2,4,.500,6,8,.750,.750,8,10,.800,2,5,7,4,2,0,2,2,26,24.9,Mary Gedaka,https://www.sports-reference.com/cbb/players/mary-gedaka-1.html,villanova,2019-20
23,122,23,2020-02-07,Villanova,@,Xavier,REG (Conf),W 55-54,*,40,5,13,.385,1,4,.250,4,9,.444,.423,0,0,,5,6,11,1,1,3,1,1,11,11.6,Mary Gedaka,https://www.sports-reference.com/cbb/players/mary-gedaka-1.html,villanova,2019-20
24,123,24,2020-02-09,Villanova,@,Butler,REG (Conf),L 61-63,*,40,8,14,.571,1,2,.500,7,12,.583,.607,4,4,1.000,1,12,13,3,0,1,4,1,21,17.1,Mary Gedaka,https://www.sports-reference.com/cbb/players/mary-gedaka-1.html,villanova,2019-20
25,124,25,2020-02-16,Villanova,@,Georgetown,REG (Conf),W 48-40,*,33,3,11,.273,1,5,.200,2,6,.333,.318,8,10,.800,3,0,3,3,0,0,2,2,15,9.1,Mary Gedaka,https://www.sports-reference.com/cbb/players/mary-gedaka-1.html,villanova,2019-20
26,125,26,2020-02-21,Villanova,,Marquette,REG (Conf),W 61-47,*,39,9,13,.692,2,4,.500,7,9,.778,.769,1,2,.500,1,2,3,2,1,0,3,0,21,15.8,Mary Gedaka,https://www.sports-reference.com/cbb/players/mary-gedaka-1.html,villanova,2019-20
27,126,27,2020-02-23,Villanova,,DePaul,REG (Conf),W 76-58,*,37,7,12,.583,1,3,.333,6,9,.667,.625,2,3,.667,2,6,8,4,1,1,2,1,17,16.3,Mary Gedaka,https://www.sports-reference.com/cbb/players/mary-gedaka-1.html,villanova,2019-20
28,127,28,2020-02-28,Villanova,@,Creighton,REG (Conf),L 47-67,*,34,4,9,.444,0,1,.000,4,8,.500,.444,2,2,1.000,2,3,5,1,0,0,4,2,10,3.5,Mary Gedaka,https://www.sports-reference.com/cbb/players/mary-gedaka-1.html,villanova,2019-20
29,128,29,2020-03-01,Villanova,@,Providence,REG (Conf),W 74-63,*,40,10,16,.625,3,4,.750,7,12,.583,.719,3,4,.750,7,9,16,6,3,0,1,1,26,31.8,Mary Gedaka,https://www.sports-reference.com/cbb/players/mary-gedaka-1.html,villanova,2019-20
30,129,30,2020-03-06,Villanova,,Xavier,CTOURN,W 64-56 (OT),*,45,6,12,.500,0,2,.000,6,10,.600,.500,7,11,.636,4,8,12,3,3,1,1,4,19,19.8,Mary Gedaka,https://www.sports-reference.com/cbb/players/mary-gedaka-1.html,villanova,2019-20
31,130,31,2020-03-07,Villanova,@,Marquette,CTOURN,L 59-72,*,38,3,17,.176,0,4,.000,3,13,.231,.176,7,8,.875,4,6,10,3,2,0,2,4,13,7.0,Mary Gedaka,https://www.sports-reference.com/cbb/players/mary-gedaka-1.html,villanova,2019-20
