ranker,player_game_num_career,team_game_num_season,date,team_name_abbr,game_location,opp_name_abbr,game_type,game_result,is_starter,mp,fg,fga,fg_pct,fg3,fg3a,fg3_pct,fg2,fg2a,fg2_pct,efg_pct,ft,fta,ft_pct,orb,drb,trb,ast,stl,blk,tov,pf,pts,game_score,player_name,player_sr_link,school,season
1,55,1,2019-11-06,Villanova,,George Washington,REG (Non-Conf),L 56-68,*,23,3,5,.600,0,2,.000,3,3,1.000,.600,1,1,1.000,0,2,2,1,1,0,0,3,7,5.8,Raven James,https://www.sports-reference.com/cbb/players/raven-james-2.html,villanova,2019-20
2,56,2,2019-11-09,Villanova,,James Madison,REG (Non-Conf),L 52-56,*,16,0,3,.000,0,1,.000,0,2,.000,.000,0,0,,1,2,3,1,1,0,0,2,0,0.1,Raven James,https://www.sports-reference.com/cbb/players/raven-james-2.html,villanova,2019-20
3,57,3,2019-11-14,Villanova,@,American,REG (Non-Conf),L 54-76,*,25,1,6,.167,1,5,.200,0,1,.000,.250,0,0,,0,1,1,0,1,0,3,3,3,-3.7,Raven James,https://www.sports-reference.com/cbb/players/raven-james-2.html,villanova,2019-20
4,58,4,2019-11-17,Villanova,@,Fordham,REG (Non-Conf),W 73-66,*,14,0,1,.000,0,1,.000,0,0,,.000,1,2,.500,0,0,0,0,1,0,0,1,1,0.5,Raven James,https://www.sports-reference.com/cbb/players/raven-james-2.html,villanova,2019-20
5,59,5,2019-11-21,Villanova,,Manhattan,REG (Non-Conf),W 63-51,*,32,1,5,.200,0,2,.000,1,3,.333,.200,5,6,.833,0,5,5,2,1,1,1,2,7,6.3,Raven James,https://www.sports-reference.com/cbb/players/raven-james-2.html,villanova,2019-20
6,60,6,2019-11-24,Villanova,@,Georgia,REG (Non-Conf),W 63-58,*,31,4,9,.444,2,7,.286,2,2,1.000,.556,2,2,1.000,0,5,5,4,0,0,4,2,12,6.8,Raven James,https://www.sports-reference.com/cbb/players/raven-james-2.html,villanova,2019-20
7,61,7,2019-12-04,Villanova,@,Drexel,REG (Non-Conf),L 52-54 (OT),*,33,0,5,.000,0,1,.000,0,4,.000,.000,1,2,.500,0,2,2,2,1,0,2,2,1,-2.7,Raven James,https://www.sports-reference.com/cbb/players/raven-james-2.html,villanova,2019-20
8,62,8,2019-12-07,Villanova,,Saint Joseph's,REG (Non-Conf),W 60-44,*,21,0,3,.000,0,2,.000,0,1,.000,.000,0,0,,0,1,1,2,0,1,3,3,0,-3.9,Raven James,https://www.sports-reference.com/cbb/players/raven-james-2.html,villanova,2019-20
9,63,9,2019-12-10,Villanova,@,Temple,REG (Non-Conf),L 69-74,*,31,1,7,.143,1,4,.250,0,3,.000,.214,0,0,,0,2,2,6,0,0,1,3,3,1.1,Raven James,https://www.sports-reference.com/cbb/players/raven-james-2.html,villanova,2019-20
10,64,10,2019-12-21,Villanova,@,La Salle,REG (Non-Conf),W 77-69,*,27,3,14,.214,3,10,.300,0,4,.000,.321,2,2,1.000,0,3,3,4,1,1,2,1,11,5.4,Raven James,https://www.sports-reference.com/cbb/players/raven-james-2.html,villanova,2019-20
11,65,11,2019-12-29,Villanova,,Providence,REG (Conf),W 51-49,*,30,3,5,.600,1,1,1.000,2,4,.500,.700,0,0,,0,1,1,2,0,1,1,3,7,4.9,Raven James,https://www.sports-reference.com/cbb/players/raven-james-2.html,villanova,2019-20
12,66,12,2019-12-31,Villanova,,Creighton,REG (Conf),L 42-58,*,35,1,5,.200,0,4,.000,1,1,1.000,.200,2,2,1.000,0,2,2,6,1,0,3,1,4,3.3,Raven James,https://www.sports-reference.com/cbb/players/raven-james-2.html,villanova,2019-20
13,67,13,2020-01-03,Villanova,@,Seton Hall,REG (Conf),W 61-55,*,16,1,3,.333,1,1,1.000,0,2,.000,.500,1,2,.500,0,1,1,2,2,0,2,3,4,2.4,Raven James,https://www.sports-reference.com/cbb/players/raven-james-2.html,villanova,2019-20
14,68,14,2020-01-05,Villanova,@,St. John's (NY),REG (Conf),W 67-62 (OT),*,32,2,8,.250,1,6,.167,1,2,.500,.313,2,2,1.000,2,2,4,6,0,0,1,3,7,6.2,Raven James,https://www.sports-reference.com/cbb/players/raven-james-2.html,villanova,2019-20
15,69,15,2020-01-10,Villanova,,Butler,REG (Conf),L 41-58,*,27,1,6,.167,1,3,.333,0,3,.000,.250,0,0,,0,0,0,2,2,0,1,1,3,1.2,Raven James,https://www.sports-reference.com/cbb/players/raven-james-2.html,villanova,2019-20
16,70,16,2020-01-12,Villanova,,Xavier,REG (Conf),W 66-54,*,32,2,4,.500,0,1,.000,2,3,.667,.500,2,4,.500,0,1,1,3,2,1,4,3,6,3.1,Raven James,https://www.sports-reference.com/cbb/players/raven-james-2.html,villanova,2019-20
17,71,17,2020-01-15,Villanova,,Pennsylvania,REG (Non-Conf),W 70-58,*,34,2,5,.400,2,5,.400,0,0,,.600,0,0,,0,4,4,3,1,0,2,0,6,5.6,Raven James,https://www.sports-reference.com/cbb/players/raven-james-2.html,villanova,2019-20
18,72,18,2020-01-18,Villanova,,Georgetown,REG (Conf),W 74-53,*,29,3,5,.600,1,2,.500,2,3,.667,.700,2,2,1.000,0,4,4,6,1,0,2,2,9,10.3,Raven James,https://www.sports-reference.com/cbb/players/raven-james-2.html,villanova,2019-20
19,73,19,2020-01-24,Villanova,@,DePaul,REG (Conf),L 69-85,*,18,1,5,.200,0,1,.000,1,4,.250,.200,2,2,1.000,0,0,0,5,1,0,2,3,4,2.2,Raven James,https://www.sports-reference.com/cbb/players/raven-james-2.html,villanova,2019-20
20,74,20,2020-01-26,Villanova,@,Marquette,REG (Conf),L 52-57,*,31,0,6,.000,0,3,.000,0,3,.000,.000,0,0,,0,0,0,4,0,0,1,1,0,-2.8,Raven James,https://www.sports-reference.com/cbb/players/raven-james-2.html,villanova,2019-20
21,75,21,2020-01-31,Villanova,,St. John's (NY),REG (Conf),W 66-64 (OT),*,22,2,6,.333,2,4,.500,0,2,.000,.500,1,2,.500,0,0,0,3,2,0,1,2,7,5.5,Raven James,https://www.sports-reference.com/cbb/players/raven-james-2.html,villanova,2019-20
22,76,22,2020-02-02,Villanova,,Seton Hall,REG (Conf),L 63-65,*,26,0,4,.000,0,3,.000,0,1,.000,.000,0,0,,0,1,1,3,2,0,3,2,0,-2.2,Raven James,https://www.sports-reference.com/cbb/players/raven-james-2.html,villanova,2019-20
23,77,23,2020-02-07,Villanova,@,Xavier,REG (Conf),W 55-54,*,32,1,6,.167,1,6,.167,0,0,,.250,0,0,,0,1,1,8,1,1,3,4,3,2.2,Raven James,https://www.sports-reference.com/cbb/players/raven-james-2.html,villanova,2019-20
24,78,24,2020-02-09,Villanova,@,Butler,REG (Conf),L 61-63,*,17,1,3,.333,0,2,.000,1,1,1.000,.333,1,1,1.000,0,0,0,4,0,0,4,3,3,-1.1,Raven James,https://www.sports-reference.com/cbb/players/raven-james-2.html,villanova,2019-20
25,79,25,2020-02-16,Villanova,@,Georgetown,REG (Conf),W 48-40,*,33,2,6,.333,2,5,.400,0,1,.000,.500,0,0,,1,4,5,3,1,0,3,2,6,3.8,Raven James,https://www.sports-reference.com/cbb/players/raven-james-2.html,villanova,2019-20
26,80,26,2020-02-21,Villanova,,Marquette,REG (Conf),W 61-47,*,31,1,7,.143,0,3,.000,1,4,.250,.143,0,0,,0,3,3,2,2,0,3,1,2,-1.6,Raven James,https://www.sports-reference.com/cbb/players/raven-james-2.html,villanova,2019-20
27,81,27,2020-02-23,Villanova,,DePaul,REG (Conf),W 76-58,*,37,3,8,.375,3,4,.750,0,4,.000,.563,0,0,,1,0,1,9,1,1,3,1,9,9.9,Raven James,https://www.sports-reference.com/cbb/players/raven-james-2.html,villanova,2019-20
28,82,28,2020-02-28,Villanova,@,Creighton,REG (Conf),L 47-67,*,29,5,10,.500,5,8,.625,0,2,.000,.750,0,0,,1,2,3,6,0,1,3,4,15,11.6,Raven James,https://www.sports-reference.com/cbb/players/raven-james-2.html,villanova,2019-20
29,83,29,2020-03-01,Villanova,@,Providence,REG (Conf),W 74-63,*,33,2,8,.250,2,7,.286,0,1,.000,.375,2,2,1.000,0,1,1,4,0,0,2,2,8,3.5,Raven James,https://www.sports-reference.com/cbb/players/raven-james-2.html,villanova,2019-20
30,84,30,2020-03-06,Villanova,,Xavier,CTOURN,W 64-56 (OT),*,37,6,8,.750,6,7,.857,0,1,.000,1.125,2,4,.500,1,3,4,2,0,0,3,2,20,15.2,Raven James,https://www.sports-reference.com/cbb/players/raven-james-2.html,villanova,2019-20
31,85,31,2020-03-07,Villanova,@,Marquette,CTOURN,L 59-72,*,34,0,4,.000,0,2,.000,0,2,.000,.000,0,0,,0,1,1,4,1,0,1,3,0,-0.9,Raven James,https://www.sports-reference.com/cbb/players/raven-james-2.html,villanova,2019-20
