ranker,player_game_num_career,team_game_num_season,date,team_name_abbr,game_location,opp_name_abbr,game_type,game_result,is_starter,mp,fg,fga,fg_pct,fg3,fg3a,fg3_pct,fg2,fg2a,fg2_pct,efg_pct,ft,fta,orb,drb,trb,ast,stl,blk,tov,pf,pts,game_score,player_name,player_sr_link,school,season
1,2,1,2019-11-06,Villanova,,George Washington,REG (Non-Conf),L 56-68,*,23,1,4,.250,1,3,.333,0,1,.000,.375,0,0,0,1,1,3,1,0,1,1,3,2.6,Samantha Carangi,https://www.sports-reference.com/cbb/players/samantha-carangi-1.html,villanova,2019-20
2,3,2,2019-11-09,Villanova,,James Madison,REG (Non-Conf),L 52-56,*,7,1,2,.500,1,2,.500,0,0,,.750,0,0,0,0,0,0,0,0,0,1,3,1.6,Samantha Carangi,https://www.sports-reference.com/cbb/players/samantha-carangi-1.html,villanova,2019-20
3,4,3,2019-11-14,Villanova,@,American,REG (Non-Conf),L 54-76,*,19,0,2,.000,0,1,.000,0,1,.000,.000,0,0,1,3,4,0,0,0,0,0,0,0.2,Samantha Carangi,https://www.sports-reference.com/cbb/players/samantha-carangi-1.html,villanova,2019-20
4,5,4,2019-11-17,Villanova,@,Fordham,REG (Non-Conf),W 73-66,,24,1,3,.333,0,1,.000,1,2,.500,.333,0,0,1,1,2,1,0,0,1,1,2,0.6,Samantha Carangi,https://www.sports-reference.com/cbb/players/samantha-carangi-1.html,villanova,2019-20
5,6,5,2019-11-21,Villanova,,Manhattan,REG (Non-Conf),W 63-51,,14,0,0,,0,0,,0,0,,,0,0,0,0,0,1,0,0,1,1,0,-0.7,Samantha Carangi,https://www.sports-reference.com/cbb/players/samantha-carangi-1.html,villanova,2019-20
6,7,7,2019-12-04,Villanova,@,Drexel,REG (Non-Conf),L 52-54 (OT),,3,0,0,,0,0,,0,0,,,0,0,0,0,0,0,0,0,1,0,0,-1.0,Samantha Carangi,https://www.sports-reference.com/cbb/players/samantha-carangi-1.html,villanova,2019-20
7,8,10,2019-12-21,Villanova,@,La Salle,REG (Non-Conf),W 77-69,,6,0,0,,0,0,,0,0,,,0,0,0,0,0,2,0,0,0,1,0,1.0,Samantha Carangi,https://www.sports-reference.com/cbb/players/samantha-carangi-1.html,villanova,2019-20
8,9,13,2020-01-03,Villanova,@,Seton Hall,REG (Conf),W 61-55,,20,3,7,.429,2,5,.400,1,2,.500,.571,0,0,1,1,2,1,1,0,2,0,8,5.0,Samantha Carangi,https://www.sports-reference.com/cbb/players/samantha-carangi-1.html,villanova,2019-20
9,10,14,2020-01-05,Villanova,@,St. John's (NY),REG (Conf),W 67-62 (OT),,18,1,1,1.000,1,1,1.000,0,0,,1.500,0,0,0,2,2,2,0,0,1,0,3,3.7,Samantha Carangi,https://www.sports-reference.com/cbb/players/samantha-carangi-1.html,villanova,2019-20
10,11,15,2020-01-10,Villanova,,Butler,REG (Conf),L 41-58,,26,3,7,.429,3,6,.500,0,1,.000,.643,0,0,0,1,1,3,0,0,0,1,9,7.3,Samantha Carangi,https://www.sports-reference.com/cbb/players/samantha-carangi-1.html,villanova,2019-20
11,12,16,2020-01-12,Villanova,,Xavier,REG (Conf),W 66-54,,10,0,1,.000,0,1,.000,0,0,,.000,0,0,0,0,0,1,0,0,1,1,0,-1.4,Samantha Carangi,https://www.sports-reference.com/cbb/players/samantha-carangi-1.html,villanova,2019-20
12,13,17,2020-01-15,Villanova,,Pennsylvania,REG (Non-Conf),W 70-58,,21,1,2,.500,1,1,1.000,0,1,.000,.750,0,0,0,0,0,3,0,0,1,3,3,1.9,Samantha Carangi,https://www.sports-reference.com/cbb/players/samantha-carangi-1.html,villanova,2019-20
13,14,18,2020-01-18,Villanova,,Georgetown,REG (Conf),W 74-53,,5,0,0,,0,0,,0,0,,,0,0,0,0,0,0,0,0,1,1,0,-1.4,Samantha Carangi,https://www.sports-reference.com/cbb/players/samantha-carangi-1.html,villanova,2019-20
14,15,19,2020-01-24,Villanova,@,DePaul,REG (Conf),L 69-85,,5,0,0,,0,0,,0,0,,,0,0,0,0,0,0,0,0,1,1,0,-1.4,Samantha Carangi,https://www.sports-reference.com/cbb/players/samantha-carangi-1.html,villanova,2019-20
15,16,21,2020-01-31,Villanova,,St. John's (NY),REG (Conf),W 66-64 (OT),,19,3,5,.600,2,2,1.000,1,3,.333,.800,0,0,0,1,1,1,0,1,2,2,8,4.6,Samantha Carangi,https://www.sports-reference.com/cbb/players/samantha-carangi-1.html,villanova,2019-20
16,17,22,2020-02-02,Villanova,,Seton Hall,REG (Conf),L 63-65,,12,1,1,1.000,1,1,1.000,0,0,,1.500,0,0,0,1,1,1,0,0,1,1,3,2.3,Samantha Carangi,https://www.sports-reference.com/cbb/players/samantha-carangi-1.html,villanova,2019-20
