ranker,player_game_num_career,team_game_num_season,date,team_name_abbr,game_location,opp_name_abbr,game_type,game_result,is_starter,mp,fg,fga,fg_pct,fg3,fg3a,fg3_pct,fg2,fg2a,fg2_pct,efg_pct,ft,fta,ft_pct,orb,drb,trb,ast,stl,blk,tov,pf,pts,game_score,player_name,player_sr_link,school,season
1,35,1,2018-11-11,Marist,@,Navy,REG (Non-Conf),W 72-48,,16,1,2,.500,1,2,.500,0,0,,.750,0,0,,2,3,5,3,0,0,2,1,3,4.0,Allie Best,https://www.sports-reference.com/cbb/players/allie-best-1.html,marist,2018-19
2,36,2,2018-11-16,Marist,,Boston University,REG (Non-Conf),W 68-57,,17,1,5,.200,1,3,.333,0,2,.000,.300,0,0,,0,1,1,2,0,0,0,0,3,1.6,Allie Best,https://www.sports-reference.com/cbb/players/allie-best-1.html,marist,2018-19
3,37,3,2018-11-18,Marist,,Temple,REG (Non-Conf),W 74-68,,16,1,2,.500,0,0,,1,2,.500,.500,0,0,,0,2,2,1,3,0,1,3,2,3.1,Allie Best,https://www.sports-reference.com/cbb/players/allie-best-1.html,marist,2018-19
4,38,4,2018-11-23,Marist,@,Stetson,REG (Non-Conf),W 76-69,,16,0,3,.000,0,3,.000,0,0,,.000,0,0,,0,2,2,3,1,0,3,0,0,-1.4,Allie Best,https://www.sports-reference.com/cbb/players/allie-best-1.html,marist,2018-19
5,39,5,2018-11-24,Marist,,Hofstra,REG (Non-Conf),W 71-57,,21,0,2,.000,0,1,.000,0,1,.000,.000,0,0,,0,2,2,9,0,0,3,1,0,2.1,Allie Best,https://www.sports-reference.com/cbb/players/allie-best-1.html,marist,2018-19
6,40,6,2018-11-25,Marist,@,Wright State,REG (Non-Conf),L 60-76,,19,0,2,.000,0,1,.000,0,1,.000,.000,4,6,.667,1,0,1,2,0,0,1,2,4,2.1,Allie Best,https://www.sports-reference.com/cbb/players/allie-best-1.html,marist,2018-19
7,41,7,2018-11-30,Marist,@,Elon,REG (Non-Conf),W 61-57,,19,2,4,.500,0,1,.000,2,3,.667,.500,0,0,,0,2,2,0,2,0,1,1,4,3.2,Allie Best,https://www.sports-reference.com/cbb/players/allie-best-1.html,marist,2018-19
8,42,8,2018-12-02,Marist,@,Duke,REG (Non-Conf),L 56-64,,21,3,7,.429,3,6,.500,0,1,.000,.643,0,0,,1,2,3,3,0,1,3,0,9,6.4,Allie Best,https://www.sports-reference.com/cbb/players/allie-best-1.html,marist,2018-19
9,43,9,2018-12-08,Marist,@,Albany (NY),REG (Non-Conf),W 74-56,,22,1,3,.333,1,2,.500,0,1,.000,.500,0,0,,0,1,1,4,1,0,2,2,3,2.6,Allie Best,https://www.sports-reference.com/cbb/players/allie-best-1.html,marist,2018-19
10,44,10,2018-12-15,Marist,@,Princeton,REG (Non-Conf),L 57-60,,16,0,3,.000,0,1,.000,0,2,.000,.000,0,0,,0,1,1,4,0,0,1,0,0,0.0,Allie Best,https://www.sports-reference.com/cbb/players/allie-best-1.html,marist,2018-19
11,45,11,2018-12-18,Marist,,Northeastern,REG (Non-Conf),W 90-84,,24,1,3,.333,0,1,.000,1,2,.500,.333,0,0,,0,1,1,2,1,0,2,2,2,0.2,Allie Best,https://www.sports-reference.com/cbb/players/allie-best-1.html,marist,2018-19
12,46,12,2018-12-29,Marist,,Massachusetts,REG (Non-Conf),L 55-70,,14,1,3,.333,1,3,.333,0,0,,.500,1,2,.500,0,1,1,2,1,0,1,2,4,2.8,Allie Best,https://www.sports-reference.com/cbb/players/allie-best-1.html,marist,2018-19
13,47,13,2019-01-03,Marist,@,Niagara,REG (Conf),W 87-58,,24,4,5,.800,2,2,1.000,2,3,.667,1.000,2,2,1.000,0,1,1,7,0,0,1,1,12,13.9,Allie Best,https://www.sports-reference.com/cbb/players/allie-best-1.html,marist,2018-19
14,48,14,2019-01-05,Marist,@,Canisius,REG (Conf),W 71-66,,28,2,7,.286,0,4,.000,2,3,.667,.286,0,0,,0,1,1,4,1,0,1,0,4,3.0,Allie Best,https://www.sports-reference.com/cbb/players/allie-best-1.html,marist,2018-19
15,49,15,2019-01-10,Marist,,Quinnipiac,REG (Conf),L 69-76,*,27,1,5,.200,0,2,.000,1,3,.333,.200,4,4,1.000,1,2,3,1,0,0,3,3,6,0.7,Allie Best,https://www.sports-reference.com/cbb/players/allie-best-1.html,marist,2018-19
16,50,16,2019-01-12,Marist,@,Fairfield,REG (Conf),W 56-46,,22,0,2,.000,0,0,,0,2,.000,.000,2,2,1.000,0,3,3,3,1,0,2,2,2,1.8,Allie Best,https://www.sports-reference.com/cbb/players/allie-best-1.html,marist,2018-19
17,51,17,2019-01-15,Marist,,Monmouth,REG (Conf),W 69-45,,22,2,4,.500,1,2,.500,1,2,.500,.625,1,1,1.000,0,4,4,5,1,0,2,2,6,6.9,Allie Best,https://www.sports-reference.com/cbb/players/allie-best-1.html,marist,2018-19
18,52,18,2019-01-17,Marist,,Siena,REG (Conf),W 88-59,,28,2,7,.286,2,6,.333,0,1,.000,.429,0,0,,0,3,3,3,0,1,0,0,6,5.6,Allie Best,https://www.sports-reference.com/cbb/players/allie-best-1.html,marist,2018-19
19,53,19,2019-01-21,Marist,,Iona,REG (Conf),W 76-36,,25,1,5,.200,0,1,.000,1,4,.250,.200,1,2,.500,0,2,2,3,1,0,0,0,3,3.2,Allie Best,https://www.sports-reference.com/cbb/players/allie-best-1.html,marist,2018-19
20,54,20,2019-01-25,Marist,@,Saint Peter's,REG (Conf),W 62-42,,26,2,3,.667,0,0,,2,3,.667,.667,0,0,,1,7,8,2,0,1,2,2,4,4.8,Allie Best,https://www.sports-reference.com/cbb/players/allie-best-1.html,marist,2018-19
21,55,21,2019-01-27,Marist,,Manhattan,REG (Conf),L 51-69,,14,0,2,.000,0,1,.000,0,1,.000,.000,0,0,,0,1,1,3,0,0,3,2,0,-2.8,Allie Best,https://www.sports-reference.com/cbb/players/allie-best-1.html,marist,2018-19
22,56,22,2019-01-30,Marist,,Rider,REG (Conf),L 58-68,*,26,2,7,.286,1,3,.333,1,4,.250,.357,0,0,,0,3,3,1,0,0,5,5,5,-4.5,Allie Best,https://www.sports-reference.com/cbb/players/allie-best-1.html,marist,2018-19
23,57,23,2019-02-01,Marist,@,Siena,REG (Conf),W 73-58,,16,1,2,.500,1,1,1.000,0,1,.000,.750,0,0,,0,4,4,2,0,2,1,0,3,5.0,Allie Best,https://www.sports-reference.com/cbb/players/allie-best-1.html,marist,2018-19
24,58,24,2019-02-07,Marist,@,Manhattan,REG (Conf),W 62-51,,24,1,5,.200,0,3,.000,1,2,.500,.200,2,2,1.000,0,2,2,6,0,0,3,2,4,1.9,Allie Best,https://www.sports-reference.com/cbb/players/allie-best-1.html,marist,2018-19
25,59,25,2019-02-09,Marist,@,Rider,REG (Conf),L 64-70,,19,2,3,.667,1,2,.500,1,1,1.000,.833,2,2,1.000,1,0,1,1,0,0,3,0,7,4.1,Allie Best,https://www.sports-reference.com/cbb/players/allie-best-1.html,marist,2018-19
26,60,26,2019-02-16,Marist,,Canisius,REG (Conf),W 66-50,,14,1,3,.333,1,2,.500,0,1,.000,.500,0,0,,0,1,1,3,0,0,0,0,3,3.7,Allie Best,https://www.sports-reference.com/cbb/players/allie-best-1.html,marist,2018-19
27,61,27,2019-02-19,Marist,,Fairfield,REG (Conf),W 85-44,,19,3,4,.750,0,1,.000,3,3,1.000,.750,2,2,1.000,0,1,1,0,1,0,1,0,8,6.7,Allie Best,https://www.sports-reference.com/cbb/players/allie-best-1.html,marist,2018-19
28,62,28,2019-02-23,Marist,@,Quinnipiac,REG (Conf),L 66-78,,15,0,5,.000,0,3,.000,0,2,.000,.000,0,0,,0,0,0,0,0,0,3,2,0,-7.3,Allie Best,https://www.sports-reference.com/cbb/players/allie-best-1.html,marist,2018-19
29,63,29,2019-02-28,Marist,@,Monmouth,REG (Conf),W 69-45,,23,1,5,.200,1,4,.250,0,1,.000,.300,0,0,,0,3,3,3,2,0,0,0,3,4.9,Allie Best,https://www.sports-reference.com/cbb/players/allie-best-1.html,marist,2018-19
30,64,30,2019-03-02,Marist,,Niagara,REG (Conf),W 82-69,,24,1,5,.200,0,3,.000,1,2,.500,.200,2,2,1.000,1,3,4,3,2,0,3,2,4,2.8,Allie Best,https://www.sports-reference.com/cbb/players/allie-best-1.html,marist,2018-19
31,65,31,2019-03-09,Marist,,Manhattan,CTOURN,W 65-51,,17,0,1,.000,0,1,.000,0,0,,.000,0,0,,0,0,0,3,0,0,1,2,0,-0.4,Allie Best,https://www.sports-reference.com/cbb/players/allie-best-1.html,marist,2018-19
32,66,32,2019-03-10,Marist,@,Rider,CTOURN,W 62-52,,17,1,4,.250,0,1,.000,1,3,.333,.250,2,2,1.000,0,1,1,3,1,0,2,1,4,2.6,Allie Best,https://www.sports-reference.com/cbb/players/allie-best-1.html,marist,2018-19
33,67,33,2019-03-11,Marist,@,Quinnipiac,CTOURN,L 51-81,,20,0,3,.000,0,1,.000,0,2,.000,.000,0,0,,0,2,2,2,1,0,2,0,0,-1.1,Allie Best,https://www.sports-reference.com/cbb/players/allie-best-1.html,marist,2018-19
