ranker,player_game_num_career,team_game_num_season,date,team_name_abbr,game_location,opp_name_abbr,game_type,game_result,is_starter,mp,fg,fga,fg_pct,fg3,fg3a,fg3_pct,fg2,fg2a,fg2_pct,efg_pct,ft,fta,ft_pct,orb,drb,trb,ast,stl,blk,tov,pf,pts,game_score,player_name,player_sr_link,school,season
1,66,1,2018-11-11,Marist,@,Navy,REG (Non-Conf),W 72-48,,14,0,3,.000,0,3,.000,0,0,,.000,2,2,1.000,0,1,1,0,0,0,1,1,2,-1.2,Claire Oberdorf,https://www.sports-reference.com/cbb/players/claire-oberdorf-1.html,marist,2018-19
2,67,2,2018-11-16,Marist,,Boston University,REG (Non-Conf),W 68-57,*,14,0,1,.000,0,1,.000,0,0,,.000,1,2,.500,1,0,1,2,2,0,0,0,1,4.0,Claire Oberdorf,https://www.sports-reference.com/cbb/players/claire-oberdorf-1.html,marist,2018-19
3,68,3,2018-11-18,Marist,,Temple,REG (Non-Conf),W 74-68,,9,1,3,.333,1,1,1.000,0,2,.000,.500,1,2,.500,0,2,2,1,1,0,0,1,4,3.8,Claire Oberdorf,https://www.sports-reference.com/cbb/players/claire-oberdorf-1.html,marist,2018-19
4,69,4,2018-11-23,Marist,@,Stetson,REG (Non-Conf),W 76-69,,7,0,1,.000,0,1,.000,0,0,,.000,0,0,,0,0,0,0,0,0,2,4,0,-4.3,Claire Oberdorf,https://www.sports-reference.com/cbb/players/claire-oberdorf-1.html,marist,2018-19
5,70,5,2018-11-24,Marist,,Hofstra,REG (Non-Conf),W 71-57,,20,2,3,.667,2,3,.667,0,0,,1.000,0,0,,1,1,2,2,0,0,1,1,6,5.7,Claire Oberdorf,https://www.sports-reference.com/cbb/players/claire-oberdorf-1.html,marist,2018-19
6,71,6,2018-11-25,Marist,@,Wright State,REG (Non-Conf),L 60-76,,14,0,1,.000,0,1,.000,0,0,,.000,0,0,,1,0,1,3,0,0,3,4,0,-2.5,Claire Oberdorf,https://www.sports-reference.com/cbb/players/claire-oberdorf-1.html,marist,2018-19
7,72,7,2018-11-30,Marist,@,Elon,REG (Non-Conf),W 61-57,,14,1,2,.500,1,1,1.000,0,1,.000,.750,0,0,,0,1,1,0,0,0,1,2,3,0.5,Claire Oberdorf,https://www.sports-reference.com/cbb/players/claire-oberdorf-1.html,marist,2018-19
8,73,20,2019-01-25,Marist,@,Saint Peter's,REG (Conf),W 62-42,,1,0,0,,0,0,,0,0,,,0,0,,0,1,1,0,0,0,0,0,0,0.3,Claire Oberdorf,https://www.sports-reference.com/cbb/players/claire-oberdorf-1.html,marist,2018-19
9,74,21,2019-01-27,Marist,,Manhattan,REG (Conf),L 51-69,,10,0,1,.000,0,1,.000,0,0,,.000,0,0,,0,0,0,0,0,0,1,1,0,-2.1,Claire Oberdorf,https://www.sports-reference.com/cbb/players/claire-oberdorf-1.html,marist,2018-19
10,75,22,2019-01-30,Marist,,Rider,REG (Conf),L 58-68,,19,0,1,.000,0,0,,0,1,.000,.000,1,2,.500,0,2,2,2,0,0,3,2,1,-1.9,Claire Oberdorf,https://www.sports-reference.com/cbb/players/claire-oberdorf-1.html,marist,2018-19
11,76,23,2019-02-01,Marist,@,Siena,REG (Conf),W 73-58,,4,0,1,.000,0,1,.000,0,0,,.000,0,0,,0,0,0,0,1,0,1,0,0,-0.7,Claire Oberdorf,https://www.sports-reference.com/cbb/players/claire-oberdorf-1.html,marist,2018-19
12,77,26,2019-02-16,Marist,,Canisius,REG (Conf),W 66-50,,16,1,2,.500,1,2,.500,0,0,,.750,0,0,,1,2,3,3,0,0,1,2,3,3.6,Claire Oberdorf,https://www.sports-reference.com/cbb/players/claire-oberdorf-1.html,marist,2018-19
13,78,27,2019-02-19,Marist,,Fairfield,REG (Conf),W 85-44,,17,1,1,1.000,1,1,1.000,0,0,,1.500,1,2,.500,1,1,2,2,2,0,2,3,4,4.5,Claire Oberdorf,https://www.sports-reference.com/cbb/players/claire-oberdorf-1.html,marist,2018-19
14,79,28,2019-02-23,Marist,@,Quinnipiac,REG (Conf),L 66-78,,3,0,0,,0,0,,0,0,,,0,0,,0,0,0,0,0,0,0,1,0,-0.4,Claire Oberdorf,https://www.sports-reference.com/cbb/players/claire-oberdorf-1.html,marist,2018-19
15,80,29,2019-02-28,Marist,@,Monmouth,REG (Conf),W 69-45,,11,1,1,1.000,1,1,1.000,0,0,,1.500,0,0,,0,3,3,0,0,0,0,0,3,3.6,Claire Oberdorf,https://www.sports-reference.com/cbb/players/claire-oberdorf-1.html,marist,2018-19
16,81,30,2019-03-02,Marist,,Niagara,REG (Conf),W 82-69,,17,1,1,1.000,0,0,,1,1,1.000,1.000,0,0,,0,3,3,2,0,0,3,0,2,1.0,Claire Oberdorf,https://www.sports-reference.com/cbb/players/claire-oberdorf-1.html,marist,2018-19
17,82,31,2019-03-09,Marist,,Manhattan,CTOURN,W 65-51,,6,0,0,,0,0,,0,0,,,2,2,1.000,0,0,0,1,1,0,1,0,2,2.7,Claire Oberdorf,https://www.sports-reference.com/cbb/players/claire-oberdorf-1.html,marist,2018-19
18,83,32,2019-03-10,Marist,@,Rider,CTOURN,W 62-52,,5,0,0,,0,0,,0,0,,,0,0,,0,1,1,0,0,0,1,1,0,-1.1,Claire Oberdorf,https://www.sports-reference.com/cbb/players/claire-oberdorf-1.html,marist,2018-19
19,84,33,2019-03-11,Marist,@,Quinnipiac,CTOURN,L 51-81,,2,0,0,,0,0,,0,0,,,0,0,,0,0,0,0,0,0,0,0,0,0.0,Claire Oberdorf,https://www.sports-reference.com/cbb/players/claire-oberdorf-1.html,marist,2018-19
