ranker,player_game_num_career,team_game_num_season,date,team_name_abbr,game_location,opp_name_abbr,game_type,game_result,is_starter,mp,fg,fga,fg_pct,fg3,fg3a,fg3_pct,fg2,fg2a,fg2_pct,efg_pct,ft,fta,ft_pct,orb,drb,trb,ast,stl,blk,tov,pf,pts,game_score,player_name,player_sr_link,school,season
1,50,1,2018-11-11,Marist,@,Navy,REG (Non-Conf),W 72-48,*,21,2,4,.500,1,2,.500,1,2,.500,.625,2,2,1.000,3,4,7,1,1,0,2,0,7,8.0,Grace Vander Weide,https://www.sports-reference.com/cbb/players/grace-vander-weide-1.html,marist,2018-19
2,51,2,2018-11-16,Marist,,Boston University,REG (Non-Conf),W 68-57,*,26,2,4,.500,2,2,1.000,0,2,.000,.750,0,0,,2,2,4,2,2,0,3,1,6,6.0,Grace Vander Weide,https://www.sports-reference.com/cbb/players/grace-vander-weide-1.html,marist,2018-19
3,52,3,2018-11-18,Marist,,Temple,REG (Non-Conf),W 74-68,*,26,2,3,.667,0,0,,2,3,.667,.667,0,0,,3,2,5,5,0,0,3,1,4,5.5,Grace Vander Weide,https://www.sports-reference.com/cbb/players/grace-vander-weide-1.html,marist,2018-19
4,53,4,2018-11-23,Marist,@,Stetson,REG (Non-Conf),W 76-69,*,25,5,8,.625,3,4,.750,2,4,.500,.813,4,4,1.000,1,2,3,7,1,0,1,0,17,19.6,Grace Vander Weide,https://www.sports-reference.com/cbb/players/grace-vander-weide-1.html,marist,2018-19
5,54,5,2018-11-24,Marist,,Hofstra,REG (Non-Conf),W 71-57,*,19,4,5,.800,1,1,1.000,3,4,.750,.900,0,0,,1,1,2,2,1,0,2,1,9,8.1,Grace Vander Weide,https://www.sports-reference.com/cbb/players/grace-vander-weide-1.html,marist,2018-19
6,55,6,2018-11-25,Marist,@,Wright State,REG (Non-Conf),L 60-76,*,18,2,5,.400,1,2,.500,1,3,.333,.500,0,0,,1,2,3,5,0,0,2,4,5,3.5,Grace Vander Weide,https://www.sports-reference.com/cbb/players/grace-vander-weide-1.html,marist,2018-19
7,56,7,2018-11-30,Marist,@,Elon,REG (Non-Conf),W 61-57,*,27,2,4,.500,0,1,.000,2,3,.667,.500,0,0,,2,5,7,1,1,0,1,1,4,5.2,Grace Vander Weide,https://www.sports-reference.com/cbb/players/grace-vander-weide-1.html,marist,2018-19
8,57,8,2018-12-02,Marist,@,Duke,REG (Non-Conf),L 56-64,*,28,0,1,.000,0,1,.000,0,0,,.000,0,0,,2,4,6,7,0,0,5,4,0,0.2,Grace Vander Weide,https://www.sports-reference.com/cbb/players/grace-vander-weide-1.html,marist,2018-19
9,58,9,2018-12-08,Marist,@,Albany (NY),REG (Non-Conf),W 74-56,*,19,2,2,1.000,0,0,,2,2,1.000,1.000,0,0,,0,3,3,6,2,0,5,1,4,5.1,Grace Vander Weide,https://www.sports-reference.com/cbb/players/grace-vander-weide-1.html,marist,2018-19
10,59,10,2018-12-15,Marist,@,Princeton,REG (Non-Conf),L 57-60,*,27,3,4,.750,1,2,.500,2,2,1.000,.875,0,0,,2,5,7,3,2,0,6,1,7,6.0,Grace Vander Weide,https://www.sports-reference.com/cbb/players/grace-vander-weide-1.html,marist,2018-19
11,60,11,2018-12-18,Marist,,Northeastern,REG (Non-Conf),W 90-84,*,27,1,2,.500,0,1,.000,1,1,1.000,.500,4,6,.667,1,2,3,6,0,0,4,2,6,4.9,Grace Vander Weide,https://www.sports-reference.com/cbb/players/grace-vander-weide-1.html,marist,2018-19
12,61,12,2018-12-29,Marist,,Massachusetts,REG (Non-Conf),L 55-70,*,32,2,6,.333,1,2,.500,1,4,.250,.417,0,0,,1,3,4,7,1,0,2,3,5,5.9,Grace Vander Weide,https://www.sports-reference.com/cbb/players/grace-vander-weide-1.html,marist,2018-19
13,62,13,2019-01-03,Marist,@,Niagara,REG (Conf),W 87-58,*,21,2,6,.333,0,2,.000,2,4,.500,.333,0,0,,0,3,3,5,0,0,0,1,4,4.6,Grace Vander Weide,https://www.sports-reference.com/cbb/players/grace-vander-weide-1.html,marist,2018-19
14,63,14,2019-01-05,Marist,@,Canisius,REG (Conf),W 71-66,*,31,3,7,.429,2,5,.400,1,2,.500,.571,4,4,1.000,2,2,4,4,0,1,4,2,12,9.0,Grace Vander Weide,https://www.sports-reference.com/cbb/players/grace-vander-weide-1.html,marist,2018-19
15,64,15,2019-01-10,Marist,,Quinnipiac,REG (Conf),L 69-76,*,34,4,9,.444,0,2,.000,4,7,.571,.444,5,6,.833,0,3,3,2,2,0,4,3,13,7.0,Grace Vander Weide,https://www.sports-reference.com/cbb/players/grace-vander-weide-1.html,marist,2018-19
16,65,16,2019-01-12,Marist,@,Fairfield,REG (Conf),W 56-46,*,32,2,6,.333,0,1,.000,2,5,.400,.333,3,4,.750,1,4,5,2,1,1,3,0,7,5.2,Grace Vander Weide,https://www.sports-reference.com/cbb/players/grace-vander-weide-1.html,marist,2018-19
17,66,17,2019-01-15,Marist,,Monmouth,REG (Conf),W 69-45,*,21,2,3,.667,0,0,,2,3,.667,.667,0,0,,2,1,3,6,1,0,2,0,4,7.6,Grace Vander Weide,https://www.sports-reference.com/cbb/players/grace-vander-weide-1.html,marist,2018-19
18,67,18,2019-01-17,Marist,,Siena,REG (Conf),W 88-59,*,23,3,7,.429,1,2,.500,2,5,.400,.500,2,4,.500,0,6,6,4,2,0,0,1,9,10.7,Grace Vander Weide,https://www.sports-reference.com/cbb/players/grace-vander-weide-1.html,marist,2018-19
19,68,19,2019-01-21,Marist,,Iona,REG (Conf),W 76-36,*,23,2,4,.500,1,2,.500,1,2,.500,.625,0,0,,1,4,5,7,1,0,0,0,5,10.8,Grace Vander Weide,https://www.sports-reference.com/cbb/players/grace-vander-weide-1.html,marist,2018-19
20,69,20,2019-01-25,Marist,@,Saint Peter's,REG (Conf),W 62-42,*,32,0,2,.000,0,0,,0,2,.000,.000,3,4,.750,0,5,5,9,1,1,3,3,3,6.5,Grace Vander Weide,https://www.sports-reference.com/cbb/players/grace-vander-weide-1.html,marist,2018-19
21,70,21,2019-01-27,Marist,,Manhattan,REG (Conf),L 51-69,*,26,1,3,.333,0,1,.000,1,2,.500,.333,0,0,,1,1,2,2,0,0,1,3,2,0.5,Grace Vander Weide,https://www.sports-reference.com/cbb/players/grace-vander-weide-1.html,marist,2018-19
22,71,23,2019-02-01,Marist,@,Siena,REG (Conf),W 73-58,*,33,3,5,.600,2,4,.500,1,1,1.000,.800,1,2,.500,5,5,10,7,1,0,3,2,9,13.4,Grace Vander Weide,https://www.sports-reference.com/cbb/players/grace-vander-weide-1.html,marist,2018-19
23,72,24,2019-02-07,Marist,@,Manhattan,REG (Conf),W 62-51,*,36,4,7,.571,0,2,.000,4,5,.800,.571,4,6,.667,0,5,5,2,1,1,4,1,12,8.1,Grace Vander Weide,https://www.sports-reference.com/cbb/players/grace-vander-weide-1.html,marist,2018-19
24,73,25,2019-02-09,Marist,@,Rider,REG (Conf),L 64-70,*,31,2,6,.333,1,3,.333,1,3,.333,.417,0,0,,0,4,4,7,1,0,3,4,5,4.1,Grace Vander Weide,https://www.sports-reference.com/cbb/players/grace-vander-weide-1.html,marist,2018-19
25,74,26,2019-02-16,Marist,,Canisius,REG (Conf),W 66-50,*,22,1,3,.333,1,1,1.000,0,2,.000,.500,2,2,1.000,0,6,6,7,3,0,3,1,5,9.6,Grace Vander Weide,https://www.sports-reference.com/cbb/players/grace-vander-weide-1.html,marist,2018-19
26,75,27,2019-02-19,Marist,,Fairfield,REG (Conf),W 85-44,*,26,7,11,.636,3,5,.600,4,6,.667,.773,1,2,.500,1,4,5,6,0,0,1,0,18,17.8,Grace Vander Weide,https://www.sports-reference.com/cbb/players/grace-vander-weide-1.html,marist,2018-19
27,76,28,2019-02-23,Marist,@,Quinnipiac,REG (Conf),L 66-78,*,39,4,8,.500,0,1,.000,4,7,.571,.500,1,2,.500,2,6,8,15,1,1,7,2,9,12.2,Grace Vander Weide,https://www.sports-reference.com/cbb/players/grace-vander-weide-1.html,marist,2018-19
28,77,29,2019-02-28,Marist,@,Monmouth,REG (Conf),W 69-45,*,27,2,3,.667,0,0,,2,3,.667,.667,5,5,1.000,0,4,4,6,2,0,5,1,9,9.7,Grace Vander Weide,https://www.sports-reference.com/cbb/players/grace-vander-weide-1.html,marist,2018-19
29,78,30,2019-03-02,Marist,,Niagara,REG (Conf),W 82-69,*,22,2,2,1.000,1,1,1.000,1,1,1.000,1.250,0,0,,0,1,1,2,1,0,3,2,5,3.3,Grace Vander Weide,https://www.sports-reference.com/cbb/players/grace-vander-weide-1.html,marist,2018-19
30,79,31,2019-03-09,Marist,,Manhattan,CTOURN,W 65-51,*,35,5,10,.500,1,3,.333,4,7,.571,.550,2,3,.667,1,5,6,2,2,0,3,0,13,10.2,Grace Vander Weide,https://www.sports-reference.com/cbb/players/grace-vander-weide-1.html,marist,2018-19
31,80,32,2019-03-10,Marist,@,Rider,CTOURN,W 62-52,*,29,4,8,.500,1,2,.500,3,6,.500,.563,5,6,.833,1,5,6,7,1,1,3,4,14,13.8,Grace Vander Weide,https://www.sports-reference.com/cbb/players/grace-vander-weide-1.html,marist,2018-19
32,81,33,2019-03-11,Marist,@,Quinnipiac,CTOURN,L 51-81,*,36,11,17,.647,3,4,.750,8,13,.615,.735,0,1,.000,3,4,7,2,3,2,3,0,25,23.2,Grace Vander Weide,https://www.sports-reference.com/cbb/players/grace-vander-weide-1.html,marist,2018-19
