ranker,player_game_num_career,team_game_num_season,date,team_name_abbr,game_location,opp_name_abbr,game_type,game_result,is_starter,mp,fg,fga,fg_pct,fg3,fg3a,fg3_pct,fg2,fg2a,fg2_pct,efg_pct,ft,fta,ft_pct,orb,drb,trb,ast,stl,blk,tov,pf,pts,game_score,player_name,player_sr_link,school,season
1,1,1,2018-11-11,Marist,@,Navy,REG (Non-Conf),W 72-48,,7,2,3,.667,0,0,,2,3,.667,.667,0,0,,1,2,3,0,0,0,0,1,4,3.6,Kendall Krick,https://www.sports-reference.com/cbb/players/kendall-krick-1.html,marist,2018-19
2,2,2,2018-11-16,Marist,,Boston University,REG (Non-Conf),W 68-57,,3,0,1,.000,0,1,.000,0,0,,.000,1,2,.500,0,0,0,0,0,0,0,1,1,-0.5,Kendall Krick,https://www.sports-reference.com/cbb/players/kendall-krick-1.html,marist,2018-19
3,3,4,2018-11-23,Marist,@,Stetson,REG (Non-Conf),W 76-69,,2,0,0,,0,0,,0,0,,,0,0,,0,0,0,0,0,0,0,0,0,0.0,Kendall Krick,https://www.sports-reference.com/cbb/players/kendall-krick-1.html,marist,2018-19
4,4,5,2018-11-24,Marist,,Hofstra,REG (Non-Conf),W 71-57,,7,0,0,,0,0,,0,0,,,0,0,,0,1,1,0,0,0,0,1,0,-0.1,Kendall Krick,https://www.sports-reference.com/cbb/players/kendall-krick-1.html,marist,2018-19
5,5,6,2018-11-25,Marist,@,Wright State,REG (Non-Conf),L 60-76,,2,0,0,,0,0,,0,0,,,0,0,,0,0,0,0,0,0,1,0,0,-1.0,Kendall Krick,https://www.sports-reference.com/cbb/players/kendall-krick-1.html,marist,2018-19
6,6,9,2018-12-08,Marist,@,Albany (NY),REG (Non-Conf),W 74-56,,9,0,0,,0,0,,0,0,,,0,0,,0,0,0,0,0,0,0,1,0,-0.4,Kendall Krick,https://www.sports-reference.com/cbb/players/kendall-krick-1.html,marist,2018-19
7,7,11,2018-12-18,Marist,,Northeastern,REG (Non-Conf),W 90-84,,2,0,0,,0,0,,0,0,,,0,0,,0,0,0,0,0,0,0,0,0,0.0,Kendall Krick,https://www.sports-reference.com/cbb/players/kendall-krick-1.html,marist,2018-19
8,8,12,2018-12-29,Marist,,Massachusetts,REG (Non-Conf),L 55-70,,12,1,2,.500,0,1,.000,1,1,1.000,.500,0,0,,1,0,1,0,0,0,0,0,2,1.7,Kendall Krick,https://www.sports-reference.com/cbb/players/kendall-krick-1.html,marist,2018-19
9,9,13,2019-01-03,Marist,@,Niagara,REG (Conf),W 87-58,,17,2,5,.400,2,3,.667,0,2,.000,.600,0,0,,0,2,2,1,0,0,1,0,6,3.6,Kendall Krick,https://www.sports-reference.com/cbb/players/kendall-krick-1.html,marist,2018-19
10,10,14,2019-01-05,Marist,@,Canisius,REG (Conf),W 71-66,,2,0,0,,0,0,,0,0,,,0,0,,0,0,0,0,0,0,0,1,0,-0.4,Kendall Krick,https://www.sports-reference.com/cbb/players/kendall-krick-1.html,marist,2018-19
11,11,15,2019-01-10,Marist,,Quinnipiac,REG (Conf),L 69-76,,5,0,0,,0,0,,0,0,,,0,0,,0,0,0,0,0,0,1,0,0,-1.0,Kendall Krick,https://www.sports-reference.com/cbb/players/kendall-krick-1.html,marist,2018-19
12,12,16,2019-01-12,Marist,@,Fairfield,REG (Conf),W 56-46,,3,0,1,.000,0,0,,0,1,.000,.000,0,0,,0,0,0,0,0,0,0,0,0,-0.7,Kendall Krick,https://www.sports-reference.com/cbb/players/kendall-krick-1.html,marist,2018-19
13,13,17,2019-01-15,Marist,,Monmouth,REG (Conf),W 69-45,,14,0,4,.000,0,1,.000,0,3,.000,.000,0,0,,0,3,3,1,0,0,0,1,0,-1.6,Kendall Krick,https://www.sports-reference.com/cbb/players/kendall-krick-1.html,marist,2018-19
14,14,18,2019-01-17,Marist,,Siena,REG (Conf),W 88-59,,15,4,5,.800,2,2,1.000,2,3,.667,1.000,1,2,.500,0,1,1,1,0,0,0,2,11,8.9,Kendall Krick,https://www.sports-reference.com/cbb/players/kendall-krick-1.html,marist,2018-19
15,15,19,2019-01-21,Marist,,Iona,REG (Conf),W 76-36,,22,2,5,.400,1,3,.333,1,2,.500,.500,3,4,.750,2,1,3,1,1,0,0,0,8,8.3,Kendall Krick,https://www.sports-reference.com/cbb/players/kendall-krick-1.html,marist,2018-19
16,16,20,2019-01-25,Marist,@,Saint Peter's,REG (Conf),W 62-42,,7,0,1,.000,0,0,,0,1,.000,.000,0,0,,1,0,1,1,0,0,1,0,0,-0.3,Kendall Krick,https://www.sports-reference.com/cbb/players/kendall-krick-1.html,marist,2018-19
17,17,21,2019-01-27,Marist,,Manhattan,REG (Conf),L 51-69,,6,0,1,.000,0,0,,0,1,.000,.000,0,0,,1,0,1,0,1,0,0,0,0,1.0,Kendall Krick,https://www.sports-reference.com/cbb/players/kendall-krick-1.html,marist,2018-19
18,18,22,2019-01-30,Marist,,Rider,REG (Conf),L 58-68,,22,1,3,.333,0,0,,1,3,.333,.333,0,0,,1,1,2,0,3,0,1,1,2,2.9,Kendall Krick,https://www.sports-reference.com/cbb/players/kendall-krick-1.html,marist,2018-19
19,19,23,2019-02-01,Marist,@,Siena,REG (Conf),W 73-58,,3,0,1,.000,0,0,,0,1,.000,.000,0,0,,0,0,0,0,0,0,0,0,0,-0.7,Kendall Krick,https://www.sports-reference.com/cbb/players/kendall-krick-1.html,marist,2018-19
20,20,24,2019-02-07,Marist,@,Manhattan,REG (Conf),W 62-51,,6,0,0,,0,0,,0,0,,,0,0,,0,1,1,0,0,0,1,0,0,-0.7,Kendall Krick,https://www.sports-reference.com/cbb/players/kendall-krick-1.html,marist,2018-19
21,21,25,2019-02-09,Marist,@,Rider,REG (Conf),L 64-70,,4,0,0,,0,0,,0,0,,,0,0,,0,1,1,0,1,0,0,1,0,0.9,Kendall Krick,https://www.sports-reference.com/cbb/players/kendall-krick-1.html,marist,2018-19
22,22,26,2019-02-16,Marist,,Canisius,REG (Conf),W 66-50,,14,2,7,.286,1,5,.200,1,2,.500,.357,0,0,,0,1,1,0,0,0,1,3,5,-1.0,Kendall Krick,https://www.sports-reference.com/cbb/players/kendall-krick-1.html,marist,2018-19
23,23,27,2019-02-19,Marist,,Fairfield,REG (Conf),W 85-44,,10,0,0,,0,0,,0,0,,,1,2,.500,0,3,3,1,0,0,1,0,1,1.2,Kendall Krick,https://www.sports-reference.com/cbb/players/kendall-krick-1.html,marist,2018-19
24,24,28,2019-02-23,Marist,@,Quinnipiac,REG (Conf),L 66-78,,3,0,0,,0,0,,0,0,,,0,0,,0,0,0,0,0,0,0,0,0,0.0,Kendall Krick,https://www.sports-reference.com/cbb/players/kendall-krick-1.html,marist,2018-19
25,25,29,2019-02-28,Marist,@,Monmouth,REG (Conf),W 69-45,,8,1,1,1.000,0,0,,1,1,1.000,1.000,0,0,,0,0,0,0,1,0,1,2,2,0.9,Kendall Krick,https://www.sports-reference.com/cbb/players/kendall-krick-1.html,marist,2018-19
26,26,30,2019-03-02,Marist,,Niagara,REG (Conf),W 82-69,,7,1,1,1.000,0,0,,1,1,1.000,1.000,0,0,,0,0,0,0,0,0,0,1,2,1.3,Kendall Krick,https://www.sports-reference.com/cbb/players/kendall-krick-1.html,marist,2018-19
27,27,31,2019-03-09,Marist,,Manhattan,CTOURN,W 65-51,,2,0,0,,0,0,,0,0,,,0,0,,0,0,0,0,0,0,0,0,0,0.0,Kendall Krick,https://www.sports-reference.com/cbb/players/kendall-krick-1.html,marist,2018-19
28,28,33,2019-03-11,Marist,@,Quinnipiac,CTOURN,L 51-81,,2,0,1,.000,0,0,,0,1,.000,.000,1,2,.500,0,0,0,0,0,0,0,1,1,-0.5,Kendall Krick,https://www.sports-reference.com/cbb/players/kendall-krick-1.html,marist,2018-19
