ranker,player_game_num_career,team_game_num_season,date,team_name_abbr,game_location,opp_name_abbr,game_type,game_result,is_starter,mp,fg,fga,fg_pct,fg3,fg3a,fg3_pct,fg2,fg2a,fg2_pct,efg_pct,ft,fta,ft_pct,orb,drb,trb,ast,stl,blk,tov,pf,pts,game_score,player_name,player_sr_link,school,season
1,83,1,2018-11-11,Marist,@,Navy,REG (Non-Conf),W 72-48,,17,4,7,.571,1,4,.250,3,3,1.000,.643,0,0,,1,3,4,1,1,0,2,1,9,6.6,Lovisa Henningsdottir,https://www.sports-reference.com/cbb/players/lovisa-henningsdottir-1.html,marist,2018-19
2,84,2,2018-11-16,Marist,,Boston University,REG (Non-Conf),W 68-57,,23,4,5,.800,2,3,.667,2,2,1.000,1.000,3,4,.750,0,3,3,0,1,1,1,4,13,10.7,Lovisa Henningsdottir,https://www.sports-reference.com/cbb/players/lovisa-henningsdottir-1.html,marist,2018-19
3,85,3,2018-11-18,Marist,,Temple,REG (Non-Conf),W 74-68,,15,2,4,.500,1,2,.500,1,2,.500,.625,0,0,,1,1,2,1,1,3,0,0,5,7.8,Lovisa Henningsdottir,https://www.sports-reference.com/cbb/players/lovisa-henningsdottir-1.html,marist,2018-19
4,86,4,2018-11-23,Marist,@,Stetson,REG (Non-Conf),W 76-69,,15,2,4,.500,0,2,.000,2,2,1.000,.500,0,0,,0,3,3,1,1,2,0,1,4,5.6,Lovisa Henningsdottir,https://www.sports-reference.com/cbb/players/lovisa-henningsdottir-1.html,marist,2018-19
5,87,5,2018-11-24,Marist,,Hofstra,REG (Non-Conf),W 71-57,,19,2,6,.333,1,5,.200,1,1,1.000,.417,0,0,,0,0,0,0,0,1,0,2,5,1.5,Lovisa Henningsdottir,https://www.sports-reference.com/cbb/players/lovisa-henningsdottir-1.html,marist,2018-19
6,88,6,2018-11-25,Marist,@,Wright State,REG (Non-Conf),L 60-76,,14,0,5,.000,0,4,.000,0,1,.000,.000,0,0,,0,0,0,0,0,0,2,1,0,-5.9,Lovisa Henningsdottir,https://www.sports-reference.com/cbb/players/lovisa-henningsdottir-1.html,marist,2018-19
7,89,7,2018-11-30,Marist,@,Elon,REG (Non-Conf),W 61-57,,13,0,1,.000,0,1,.000,0,0,,.000,0,0,,1,1,2,0,1,2,0,2,0,1.9,Lovisa Henningsdottir,https://www.sports-reference.com/cbb/players/lovisa-henningsdottir-1.html,marist,2018-19
8,90,8,2018-12-02,Marist,@,Duke,REG (Non-Conf),L 56-64,,19,0,2,.000,0,1,.000,0,1,.000,.000,0,2,.000,2,0,2,0,0,2,0,1,0,0.2,Lovisa Henningsdottir,https://www.sports-reference.com/cbb/players/lovisa-henningsdottir-1.html,marist,2018-19
9,91,9,2018-12-08,Marist,@,Albany (NY),REG (Non-Conf),W 74-56,*,21,3,8,.375,2,4,.500,1,4,.250,.500,2,2,1.000,0,5,5,1,1,2,2,3,10,7.0,Lovisa Henningsdottir,https://www.sports-reference.com/cbb/players/lovisa-henningsdottir-1.html,marist,2018-19
10,92,10,2018-12-15,Marist,@,Princeton,REG (Non-Conf),L 57-60,,11,3,5,.600,1,2,.500,2,3,.667,.700,0,0,,0,3,3,0,1,1,2,3,7,4.1,Lovisa Henningsdottir,https://www.sports-reference.com/cbb/players/lovisa-henningsdottir-1.html,marist,2018-19
11,93,11,2018-12-18,Marist,,Northeastern,REG (Non-Conf),W 90-84,,11,2,5,.400,2,4,.500,0,1,.000,.600,0,0,,0,3,3,0,1,2,0,0,6,6.6,Lovisa Henningsdottir,https://www.sports-reference.com/cbb/players/lovisa-henningsdottir-1.html,marist,2018-19
12,94,12,2018-12-29,Marist,,Massachusetts,REG (Non-Conf),L 55-70,,24,4,8,.500,2,6,.333,2,2,1.000,.625,0,2,.000,1,4,5,0,1,2,1,4,10,6.9,Lovisa Henningsdottir,https://www.sports-reference.com/cbb/players/lovisa-henningsdottir-1.html,marist,2018-19
13,95,13,2019-01-03,Marist,@,Niagara,REG (Conf),W 87-58,,16,3,6,.500,1,3,.333,2,3,.667,.583,0,0,,0,2,2,0,0,1,1,4,7,2.7,Lovisa Henningsdottir,https://www.sports-reference.com/cbb/players/lovisa-henningsdottir-1.html,marist,2018-19
14,96,14,2019-01-05,Marist,@,Canisius,REG (Conf),W 71-66,,14,1,3,.333,1,3,.333,0,0,,.500,1,2,.500,1,1,2,1,0,1,0,0,4,4.3,Lovisa Henningsdottir,https://www.sports-reference.com/cbb/players/lovisa-henningsdottir-1.html,marist,2018-19
15,97,15,2019-01-10,Marist,,Quinnipiac,REG (Conf),L 69-76,,21,5,6,.833,4,5,.800,1,1,1.000,1.167,2,2,1.000,0,3,3,0,0,2,3,3,16,11.9,Lovisa Henningsdottir,https://www.sports-reference.com/cbb/players/lovisa-henningsdottir-1.html,marist,2018-19
16,98,16,2019-01-12,Marist,@,Fairfield,REG (Conf),W 56-46,,24,4,9,.444,1,5,.200,3,4,.750,.500,0,0,,0,1,1,0,1,0,2,1,9,3.2,Lovisa Henningsdottir,https://www.sports-reference.com/cbb/players/lovisa-henningsdottir-1.html,marist,2018-19
17,99,17,2019-01-15,Marist,,Monmouth,REG (Conf),W 69-45,,21,2,5,.400,0,2,.000,2,3,.667,.400,0,1,.000,0,4,4,0,1,4,0,2,4,5.1,Lovisa Henningsdottir,https://www.sports-reference.com/cbb/players/lovisa-henningsdottir-1.html,marist,2018-19
18,100,18,2019-01-17,Marist,,Siena,REG (Conf),W 88-59,,20,2,7,.286,2,6,.333,0,1,.000,.429,0,0,,0,5,5,1,0,2,0,5,6,3.5,Lovisa Henningsdottir,https://www.sports-reference.com/cbb/players/lovisa-henningsdottir-1.html,marist,2018-19
19,101,19,2019-01-21,Marist,,Iona,REG (Conf),W 76-36,,22,4,8,.500,2,6,.333,2,2,1.000,.625,2,2,1.000,0,2,2,2,1,1,0,1,12,11.3,Lovisa Henningsdottir,https://www.sports-reference.com/cbb/players/lovisa-henningsdottir-1.html,marist,2018-19
20,102,20,2019-01-25,Marist,@,Saint Peter's,REG (Conf),W 62-42,,16,0,2,.000,0,2,.000,0,0,,.000,0,0,,0,0,0,0,1,1,1,0,0,-0.7,Lovisa Henningsdottir,https://www.sports-reference.com/cbb/players/lovisa-henningsdottir-1.html,marist,2018-19
21,103,21,2019-01-27,Marist,,Manhattan,REG (Conf),L 51-69,,21,3,8,.375,0,3,.000,3,5,.600,.375,0,0,,0,3,3,0,3,0,1,0,6,4.5,Lovisa Henningsdottir,https://www.sports-reference.com/cbb/players/lovisa-henningsdottir-1.html,marist,2018-19
22,104,22,2019-01-30,Marist,,Rider,REG (Conf),L 58-68,,18,2,8,.250,0,4,.000,2,4,.500,.250,2,2,1.000,1,1,2,0,0,1,1,3,6,0.7,Lovisa Henningsdottir,https://www.sports-reference.com/cbb/players/lovisa-henningsdottir-1.html,marist,2018-19
23,105,23,2019-02-01,Marist,@,Siena,REG (Conf),W 73-58,,10,1,6,.167,0,1,.000,1,5,.200,.167,0,0,,5,3,8,1,0,0,0,3,2,2.1,Lovisa Henningsdottir,https://www.sports-reference.com/cbb/players/lovisa-henningsdottir-1.html,marist,2018-19
24,106,24,2019-02-07,Marist,@,Manhattan,REG (Conf),W 62-51,,16,1,3,.333,1,3,.333,0,0,,.500,1,2,.500,1,6,7,0,0,1,2,1,4,2.7,Lovisa Henningsdottir,https://www.sports-reference.com/cbb/players/lovisa-henningsdottir-1.html,marist,2018-19
25,107,25,2019-02-09,Marist,@,Rider,REG (Conf),L 64-70,,21,3,9,.333,1,4,.250,2,5,.400,.389,0,0,,0,3,3,1,0,2,1,1,7,3.5,Lovisa Henningsdottir,https://www.sports-reference.com/cbb/players/lovisa-henningsdottir-1.html,marist,2018-19
26,108,26,2019-02-16,Marist,,Canisius,REG (Conf),W 66-50,,21,3,8,.375,2,5,.400,1,3,.333,.500,0,0,,0,2,2,0,0,0,2,3,8,1.0,Lovisa Henningsdottir,https://www.sports-reference.com/cbb/players/lovisa-henningsdottir-1.html,marist,2018-19
27,109,27,2019-02-19,Marist,,Fairfield,REG (Conf),W 85-44,,21,4,7,.571,4,7,.571,0,0,,.857,0,0,,1,1,2,1,0,3,0,3,12,11.3,Lovisa Henningsdottir,https://www.sports-reference.com/cbb/players/lovisa-henningsdottir-1.html,marist,2018-19
28,110,28,2019-02-23,Marist,@,Quinnipiac,REG (Conf),L 66-78,,26,7,9,.778,5,7,.714,2,2,1.000,1.056,0,0,,0,2,2,1,0,0,1,3,19,14.6,Lovisa Henningsdottir,https://www.sports-reference.com/cbb/players/lovisa-henningsdottir-1.html,marist,2018-19
29,111,29,2019-02-28,Marist,@,Monmouth,REG (Conf),W 69-45,*,31,4,10,.400,4,8,.500,0,2,.000,.600,0,0,,0,1,1,0,1,2,0,2,12,8.5,Lovisa Henningsdottir,https://www.sports-reference.com/cbb/players/lovisa-henningsdottir-1.html,marist,2018-19
30,112,30,2019-03-02,Marist,,Niagara,REG (Conf),W 82-69,*,31,9,16,.563,5,9,.556,4,7,.571,.719,1,2,.500,1,2,3,1,0,2,0,2,24,18.6,Lovisa Henningsdottir,https://www.sports-reference.com/cbb/players/lovisa-henningsdottir-1.html,marist,2018-19
31,113,31,2019-03-09,Marist,,Manhattan,CTOURN,W 65-51,,19,4,11,.364,1,4,.250,3,7,.429,.409,1,1,1.000,1,2,3,0,0,1,0,1,10,5.5,Lovisa Henningsdottir,https://www.sports-reference.com/cbb/players/lovisa-henningsdottir-1.html,marist,2018-19
32,114,32,2019-03-10,Marist,@,Rider,CTOURN,W 62-52,*,27,5,10,.500,2,5,.400,3,5,.600,.600,0,0,,1,2,3,0,1,1,0,3,12,8.8,Lovisa Henningsdottir,https://www.sports-reference.com/cbb/players/lovisa-henningsdottir-1.html,marist,2018-19
33,115,33,2019-03-11,Marist,@,Quinnipiac,CTOURN,L 51-81,,23,1,7,.143,0,3,.000,1,4,.250,.143,0,0,,1,4,5,1,1,1,2,4,2,-1.8,Lovisa Henningsdottir,https://www.sports-reference.com/cbb/players/lovisa-henningsdottir-1.html,marist,2018-19
