ranker,player_game_num_career,team_game_num_season,date,team_name_abbr,game_location,opp_name_abbr,game_type,game_result,is_starter,mp,fg,fga,fg_pct,fg3,fg3a,fg3_pct,fg2,fg2a,fg2_pct,efg_pct,ft,fta,ft_pct,orb,drb,trb,ast,stl,blk,tov,pf,pts,game_score,player_name,player_sr_link,school,season
1,99,1,2018-11-11,Marist,@,Navy,REG (Non-Conf),W 72-48,*,27,1,7,.143,0,3,.000,1,4,.250,.143,1,2,.500,0,6,6,4,0,0,3,2,3,-1.1,Maura Fitzpatrick,https://www.sports-reference.com/cbb/players/maura-fitzpatrick-1.html,marist,2018-19
2,100,2,2018-11-16,Marist,,Boston University,REG (Non-Conf),W 68-57,,24,3,8,.375,0,3,.000,3,5,.600,.375,1,2,.500,4,2,6,2,0,0,1,3,7,4.8,Maura Fitzpatrick,https://www.sports-reference.com/cbb/players/maura-fitzpatrick-1.html,marist,2018-19
3,101,3,2018-11-18,Marist,,Temple,REG (Non-Conf),W 74-68,*,37,1,6,.167,0,2,.000,1,4,.250,.167,0,2,.000,1,6,7,1,3,1,2,4,2,0.7,Maura Fitzpatrick,https://www.sports-reference.com/cbb/players/maura-fitzpatrick-1.html,marist,2018-19
4,102,4,2018-11-23,Marist,@,Stetson,REG (Non-Conf),W 76-69,*,32,1,7,.143,0,2,.000,1,5,.200,.143,5,6,.833,3,5,8,1,0,0,1,3,7,4.2,Maura Fitzpatrick,https://www.sports-reference.com/cbb/players/maura-fitzpatrick-1.html,marist,2018-19
5,103,5,2018-11-24,Marist,,Hofstra,REG (Non-Conf),W 71-57,*,20,4,7,.571,0,1,.000,4,6,.667,.571,1,2,.500,1,3,4,1,2,0,0,0,9,9.6,Maura Fitzpatrick,https://www.sports-reference.com/cbb/players/maura-fitzpatrick-1.html,marist,2018-19
6,104,6,2018-11-25,Marist,@,Wright State,REG (Non-Conf),L 60-76,*,31,4,7,.571,2,4,.500,2,3,.667,.714,3,4,.750,0,2,2,1,0,1,1,2,13,9.5,Maura Fitzpatrick,https://www.sports-reference.com/cbb/players/maura-fitzpatrick-1.html,marist,2018-19
7,105,7,2018-11-30,Marist,@,Elon,REG (Non-Conf),W 61-57,*,25,2,8,.250,0,3,.000,2,5,.400,.250,2,2,1.000,0,1,1,0,2,0,3,3,6,-0.7,Maura Fitzpatrick,https://www.sports-reference.com/cbb/players/maura-fitzpatrick-1.html,marist,2018-19
8,106,8,2018-12-02,Marist,@,Duke,REG (Non-Conf),L 56-64,*,31,1,7,.143,0,4,.000,1,3,.333,.143,0,0,,2,1,3,2,3,0,2,2,2,0.8,Maura Fitzpatrick,https://www.sports-reference.com/cbb/players/maura-fitzpatrick-1.html,marist,2018-19
9,107,9,2018-12-08,Marist,@,Albany (NY),REG (Non-Conf),W 74-56,,27,3,4,.750,2,3,.667,1,1,1.000,1.000,2,4,.500,3,2,5,1,1,0,0,3,10,10.8,Maura Fitzpatrick,https://www.sports-reference.com/cbb/players/maura-fitzpatrick-1.html,marist,2018-19
10,108,10,2018-12-15,Marist,@,Princeton,REG (Non-Conf),L 57-60,*,36,2,9,.222,1,6,.167,1,3,.333,.278,0,0,,0,3,3,1,0,0,0,3,5,-0.1,Maura Fitzpatrick,https://www.sports-reference.com/cbb/players/maura-fitzpatrick-1.html,marist,2018-19
11,109,11,2018-12-18,Marist,,Northeastern,REG (Non-Conf),W 90-84,*,23,2,7,.286,0,2,.000,2,5,.400,.286,2,2,1.000,5,2,7,2,0,1,2,1,6,5.7,Maura Fitzpatrick,https://www.sports-reference.com/cbb/players/maura-fitzpatrick-1.html,marist,2018-19
