ranker,player_game_num_career,team_game_num_season,date,team_name_abbr,game_location,opp_name_abbr,game_type,game_result,is_starter,mp,fg,fga,fg_pct,fg3,fg3a,fg3_pct,fg2,fg2a,fg2_pct,efg_pct,ft,fta,ft_pct,orb,drb,trb,ast,stl,blk,tov,pf,pts,game_score,player_name,player_sr_link,school,season
1,20,9,2018-12-08,Marist,@,Albany (NY),REG (Non-Conf),W 74-56,,2,0,3,.000,0,1,.000,0,2,.000,.000,1,2,.500,0,0,0,0,0,0,0,0,1,-1.5,Molly Smith,https://www.sports-reference.com/cbb/players/molly-smith-1.html,marist,2018-19
2,21,13,2019-01-03,Marist,@,Niagara,REG (Conf),W 87-58,,17,1,2,.500,0,0,,1,2,.500,.500,0,0,,1,3,4,1,0,0,0,1,2,2.9,Molly Smith,https://www.sports-reference.com/cbb/players/molly-smith-1.html,marist,2018-19
3,22,14,2019-01-05,Marist,@,Canisius,REG (Conf),W 71-66,,4,0,0,,0,0,,0,0,,,0,0,,0,2,2,0,0,0,0,0,0,0.6,Molly Smith,https://www.sports-reference.com/cbb/players/molly-smith-1.html,marist,2018-19
4,23,15,2019-01-10,Marist,,Quinnipiac,REG (Conf),L 69-76,,2,0,0,,0,0,,0,0,,,0,0,,0,0,0,0,0,0,0,1,0,-0.4,Molly Smith,https://www.sports-reference.com/cbb/players/molly-smith-1.html,marist,2018-19
5,24,17,2019-01-15,Marist,,Monmouth,REG (Conf),W 69-45,,8,1,3,.333,1,2,.500,0,1,.000,.500,0,0,,1,0,1,0,0,0,0,2,3,1.2,Molly Smith,https://www.sports-reference.com/cbb/players/molly-smith-1.html,marist,2018-19
6,25,18,2019-01-17,Marist,,Siena,REG (Conf),W 88-59,,11,1,4,.250,1,2,.500,0,2,.000,.375,0,0,,3,0,3,1,0,0,1,2,3,1.6,Molly Smith,https://www.sports-reference.com/cbb/players/molly-smith-1.html,marist,2018-19
7,26,19,2019-01-21,Marist,,Iona,REG (Conf),W 76-36,,8,0,1,.000,0,1,.000,0,0,,.000,0,0,,0,2,2,0,0,0,0,1,0,-0.5,Molly Smith,https://www.sports-reference.com/cbb/players/molly-smith-1.html,marist,2018-19
8,27,20,2019-01-25,Marist,@,Saint Peter's,REG (Conf),W 62-42,,1,0,0,,0,0,,0,0,,,0,0,,0,0,0,0,0,0,0,0,0,0.0,Molly Smith,https://www.sports-reference.com/cbb/players/molly-smith-1.html,marist,2018-19
9,28,21,2019-01-27,Marist,,Manhattan,REG (Conf),L 51-69,,3,0,2,.000,0,1,.000,0,1,.000,.000,2,2,1.000,0,0,0,0,0,0,0,1,2,0.2,Molly Smith,https://www.sports-reference.com/cbb/players/molly-smith-1.html,marist,2018-19
10,29,23,2019-02-01,Marist,@,Siena,REG (Conf),W 73-58,,1,0,1,.000,0,0,,0,1,.000,.000,0,0,,0,0,0,0,0,0,0,0,0,-0.7,Molly Smith,https://www.sports-reference.com/cbb/players/molly-smith-1.html,marist,2018-19
11,30,24,2019-02-07,Marist,@,Manhattan,REG (Conf),W 62-51,,4,0,0,,0,0,,0,0,,,2,2,1.000,0,0,0,0,0,0,0,0,2,2.0,Molly Smith,https://www.sports-reference.com/cbb/players/molly-smith-1.html,marist,2018-19
12,31,26,2019-02-16,Marist,,Canisius,REG (Conf),W 66-50,,12,0,1,.000,0,1,.000,0,0,,.000,2,3,.667,0,1,1,1,0,0,0,0,2,1.9,Molly Smith,https://www.sports-reference.com/cbb/players/molly-smith-1.html,marist,2018-19
13,32,27,2019-02-19,Marist,,Fairfield,REG (Conf),W 85-44,,12,2,6,.333,1,2,.500,1,4,.250,.417,2,2,1.000,1,1,2,1,0,0,0,1,7,4.9,Molly Smith,https://www.sports-reference.com/cbb/players/molly-smith-1.html,marist,2018-19
14,33,29,2019-02-28,Marist,@,Monmouth,REG (Conf),W 69-45,,7,1,2,.500,0,0,,1,2,.500,.500,0,0,,0,2,2,0,0,0,0,0,2,1.6,Molly Smith,https://www.sports-reference.com/cbb/players/molly-smith-1.html,marist,2018-19
15,34,30,2019-03-02,Marist,,Niagara,REG (Conf),W 82-69,,5,0,1,.000,0,0,,0,1,.000,.000,0,0,,0,1,1,0,0,0,0,0,0,-0.4,Molly Smith,https://www.sports-reference.com/cbb/players/molly-smith-1.html,marist,2018-19
16,35,31,2019-03-09,Marist,,Manhattan,CTOURN,W 65-51,,2,0,0,,0,0,,0,0,,,0,0,,0,0,0,0,0,0,0,0,0,0.0,Molly Smith,https://www.sports-reference.com/cbb/players/molly-smith-1.html,marist,2018-19
17,36,32,2019-03-10,Marist,@,Rider,CTOURN,W 62-52,,20,2,6,.333,0,2,.000,2,4,.500,.333,1,1,1.000,0,7,7,0,0,0,1,3,5,1.5,Molly Smith,https://www.sports-reference.com/cbb/players/molly-smith-1.html,marist,2018-19
18,37,33,2019-03-11,Marist,@,Quinnipiac,CTOURN,L 51-81,,4,0,0,,0,0,,0,0,,,0,0,,0,0,0,0,0,0,0,1,0,-0.4,Molly Smith,https://www.sports-reference.com/cbb/players/molly-smith-1.html,marist,2018-19
