ranker,player_game_num_career,team_game_num_season,date,team_name_abbr,game_location,opp_name_abbr,game_type,game_result,is_starter,mp,fg,fga,fg_pct,fg3,fg3a,fg3_pct,fg2,fg2a,fg2_pct,efg_pct,ft,fta,ft_pct,orb,drb,trb,ast,stl,blk,tov,pf,pts,game_score,player_name,player_sr_link,school,season
1,1,1,2018-11-11,Marist,@,Navy,REG (Non-Conf),W 72-48,,15,2,4,.500,2,4,.500,0,0,,.750,1,2,.500,0,3,3,1,0,0,0,1,7,5.8,Sarah Barcello,https://www.sports-reference.com/cbb/players/sarah-barcello-1.html,marist,2018-19
2,2,2,2018-11-16,Marist,,Boston University,REG (Non-Conf),W 68-57,,17,3,4,.750,2,3,.667,1,1,1.000,1.000,0,0,,0,0,0,1,0,0,0,0,8,7.1,Sarah Barcello,https://www.sports-reference.com/cbb/players/sarah-barcello-1.html,marist,2018-19
3,3,3,2018-11-18,Marist,,Temple,REG (Non-Conf),W 74-68,,14,1,6,.167,1,6,.167,0,0,,.250,3,4,.750,0,2,2,0,0,0,0,0,6,2.4,Sarah Barcello,https://www.sports-reference.com/cbb/players/sarah-barcello-1.html,marist,2018-19
4,4,4,2018-11-23,Marist,@,Stetson,REG (Non-Conf),W 76-69,,12,1,2,.500,0,1,.000,1,1,1.000,.500,0,0,,0,0,0,0,0,0,2,0,2,-1.0,Sarah Barcello,https://www.sports-reference.com/cbb/players/sarah-barcello-1.html,marist,2018-19
5,5,5,2018-11-24,Marist,,Hofstra,REG (Non-Conf),W 71-57,,13,2,2,1.000,2,2,1.000,0,0,,1.500,0,0,,0,0,0,0,0,0,1,0,6,4.4,Sarah Barcello,https://www.sports-reference.com/cbb/players/sarah-barcello-1.html,marist,2018-19
6,6,6,2018-11-25,Marist,@,Wright State,REG (Non-Conf),L 60-76,,9,1,3,.333,1,2,.500,0,1,.000,.500,0,0,,1,2,3,0,0,0,0,1,3,2.2,Sarah Barcello,https://www.sports-reference.com/cbb/players/sarah-barcello-1.html,marist,2018-19
7,7,7,2018-11-30,Marist,@,Elon,REG (Non-Conf),W 61-57,,3,0,1,.000,0,1,.000,0,0,,.000,0,0,,0,1,1,0,0,0,1,1,0,-1.8,Sarah Barcello,https://www.sports-reference.com/cbb/players/sarah-barcello-1.html,marist,2018-19
8,8,8,2018-12-02,Marist,@,Duke,REG (Non-Conf),L 56-64,,13,1,4,.250,1,4,.250,0,0,,.375,0,0,,0,0,0,0,0,0,0,0,3,0.6,Sarah Barcello,https://www.sports-reference.com/cbb/players/sarah-barcello-1.html,marist,2018-19
9,9,9,2018-12-08,Marist,@,Albany (NY),REG (Non-Conf),W 74-56,,20,2,6,.333,2,4,.500,0,2,.000,.500,0,0,,1,3,4,0,0,0,1,2,6,2.4,Sarah Barcello,https://www.sports-reference.com/cbb/players/sarah-barcello-1.html,marist,2018-19
10,10,10,2018-12-15,Marist,@,Princeton,REG (Non-Conf),L 57-60,,14,1,5,.200,1,3,.333,0,2,.000,.300,0,0,,0,0,0,2,1,0,0,1,3,1.9,Sarah Barcello,https://www.sports-reference.com/cbb/players/sarah-barcello-1.html,marist,2018-19
11,11,11,2018-12-18,Marist,,Northeastern,REG (Non-Conf),W 90-84,,28,4,10,.400,3,7,.429,1,3,.333,.550,0,2,.000,2,4,6,2,2,0,1,0,11,9.8,Sarah Barcello,https://www.sports-reference.com/cbb/players/sarah-barcello-1.html,marist,2018-19
12,12,12,2018-12-29,Marist,,Massachusetts,REG (Non-Conf),L 55-70,*,29,3,6,.500,2,5,.400,1,1,1.000,.667,0,0,,0,1,1,0,0,0,1,1,8,3.9,Sarah Barcello,https://www.sports-reference.com/cbb/players/sarah-barcello-1.html,marist,2018-19
13,13,13,2019-01-03,Marist,@,Niagara,REG (Conf),W 87-58,*,24,3,9,.333,2,5,.400,1,4,.250,.444,0,0,,1,3,4,3,1,0,0,1,8,7.2,Sarah Barcello,https://www.sports-reference.com/cbb/players/sarah-barcello-1.html,marist,2018-19
14,14,14,2019-01-05,Marist,@,Canisius,REG (Conf),W 71-66,*,22,4,9,.444,1,4,.250,3,5,.600,.500,0,0,,1,1,2,1,1,0,0,0,9,7.0,Sarah Barcello,https://www.sports-reference.com/cbb/players/sarah-barcello-1.html,marist,2018-19
15,15,15,2019-01-10,Marist,,Quinnipiac,REG (Conf),L 69-76,,27,0,2,.000,0,1,.000,0,1,.000,.000,3,3,1.000,3,3,6,1,0,0,1,3,3,3.1,Sarah Barcello,https://www.sports-reference.com/cbb/players/sarah-barcello-1.html,marist,2018-19
16,16,16,2019-01-12,Marist,@,Fairfield,REG (Conf),W 56-46,*,28,1,6,.167,0,2,.000,1,4,.250,.167,0,0,,1,1,2,1,3,0,1,0,2,1.9,Sarah Barcello,https://www.sports-reference.com/cbb/players/sarah-barcello-1.html,marist,2018-19
17,17,17,2019-01-15,Marist,,Monmouth,REG (Conf),W 69-45,*,25,2,5,.400,1,2,.500,1,3,.333,.500,0,0,,1,3,4,0,0,0,2,1,5,1.5,Sarah Barcello,https://www.sports-reference.com/cbb/players/sarah-barcello-1.html,marist,2018-19
18,18,18,2019-01-17,Marist,,Siena,REG (Conf),W 88-59,*,19,3,5,.600,2,4,.500,1,1,1.000,.800,1,3,.333,1,2,3,1,0,0,2,4,9,4.3,Sarah Barcello,https://www.sports-reference.com/cbb/players/sarah-barcello-1.html,marist,2018-19
19,19,19,2019-01-21,Marist,,Iona,REG (Conf),W 76-36,*,23,1,2,.500,1,2,.500,0,0,,.750,0,0,,0,1,1,0,0,0,0,1,3,1.9,Sarah Barcello,https://www.sports-reference.com/cbb/players/sarah-barcello-1.html,marist,2018-19
20,20,20,2019-01-25,Marist,@,Saint Peter's,REG (Conf),W 62-42,*,27,3,12,.250,3,7,.429,0,5,.000,.375,0,0,,1,4,5,1,3,0,0,2,9,6.6,Sarah Barcello,https://www.sports-reference.com/cbb/players/sarah-barcello-1.html,marist,2018-19
21,21,21,2019-01-27,Marist,,Manhattan,REG (Conf),L 51-69,*,27,2,4,.500,2,4,.500,0,0,,.750,0,0,,1,1,2,1,0,0,0,1,6,5.3,Sarah Barcello,https://www.sports-reference.com/cbb/players/sarah-barcello-1.html,marist,2018-19
22,22,22,2019-01-30,Marist,,Rider,REG (Conf),L 58-68,*,20,0,4,.000,0,3,.000,0,1,.000,.000,0,0,,0,1,1,2,0,0,2,1,0,-3.5,Sarah Barcello,https://www.sports-reference.com/cbb/players/sarah-barcello-1.html,marist,2018-19
23,23,23,2019-02-01,Marist,@,Siena,REG (Conf),W 73-58,*,30,5,10,.500,3,6,.500,2,4,.500,.650,0,0,,2,2,4,1,1,0,1,3,13,9.5,Sarah Barcello,https://www.sports-reference.com/cbb/players/sarah-barcello-1.html,marist,2018-19
24,24,24,2019-02-07,Marist,@,Manhattan,REG (Conf),W 62-51,*,27,2,5,.400,1,3,.333,1,2,.500,.500,1,2,.500,3,2,5,0,0,1,2,3,6,3.1,Sarah Barcello,https://www.sports-reference.com/cbb/players/sarah-barcello-1.html,marist,2018-19
25,25,25,2019-02-09,Marist,@,Rider,REG (Conf),L 64-70,*,30,3,7,.429,2,5,.400,1,2,.500,.571,0,0,,1,2,3,2,1,0,1,2,8,6.2,Sarah Barcello,https://www.sports-reference.com/cbb/players/sarah-barcello-1.html,marist,2018-19
26,26,26,2019-02-16,Marist,,Canisius,REG (Conf),W 66-50,*,18,0,5,.000,0,4,.000,0,1,.000,.000,0,0,,0,2,2,1,2,0,1,0,0,-1.2,Sarah Barcello,https://www.sports-reference.com/cbb/players/sarah-barcello-1.html,marist,2018-19
27,27,27,2019-02-19,Marist,,Fairfield,REG (Conf),W 85-44,*,19,1,2,.500,1,2,.500,0,0,,.750,0,0,,0,0,0,0,1,0,1,1,3,1.6,Sarah Barcello,https://www.sports-reference.com/cbb/players/sarah-barcello-1.html,marist,2018-19
28,28,28,2019-02-23,Marist,@,Quinnipiac,REG (Conf),L 66-78,*,15,1,1,1.000,1,1,1.000,0,0,,1.500,0,0,,0,0,0,0,0,0,0,0,3,2.7,Sarah Barcello,https://www.sports-reference.com/cbb/players/sarah-barcello-1.html,marist,2018-19
29,29,29,2019-02-28,Marist,@,Monmouth,REG (Conf),W 69-45,,13,3,8,.375,1,2,.500,2,6,.333,.438,0,0,,1,2,3,1,0,0,1,2,7,2.8,Sarah Barcello,https://www.sports-reference.com/cbb/players/sarah-barcello-1.html,marist,2018-19
30,30,30,2019-03-02,Marist,,Niagara,REG (Conf),W 82-69,,20,3,7,.429,2,5,.400,1,2,.500,.571,0,0,,1,4,5,0,1,0,0,1,8,6.8,Sarah Barcello,https://www.sports-reference.com/cbb/players/sarah-barcello-1.html,marist,2018-19
31,31,31,2019-03-09,Marist,,Manhattan,CTOURN,W 65-51,*,25,4,7,.571,3,5,.600,1,2,.500,.786,0,0,,1,3,4,1,0,0,1,0,11,9.0,Sarah Barcello,https://www.sports-reference.com/cbb/players/sarah-barcello-1.html,marist,2018-19
32,32,32,2019-03-10,Marist,@,Rider,CTOURN,W 62-52,*,31,4,6,.667,3,4,.750,1,2,.500,.917,0,0,,0,1,1,2,0,0,2,0,11,8.1,Sarah Barcello,https://www.sports-reference.com/cbb/players/sarah-barcello-1.html,marist,2018-19
33,33,33,2019-03-11,Marist,@,Quinnipiac,CTOURN,L 51-81,*,27,2,6,.333,2,4,.500,0,2,.000,.500,0,0,,0,0,0,0,1,0,0,0,6,3.6,Sarah Barcello,https://www.sports-reference.com/cbb/players/sarah-barcello-1.html,marist,2018-19
