ranker,player_game_num_career,team_game_num_season,date,team_name_abbr,game_location,opp_name_abbr,game_type,game_result,is_starter,mp,fg,fga,fg_pct,fg3,fg3a,fg3_pct,fg2,fg2a,fg2_pct,efg_pct,ft,fta,ft_pct,orb,drb,trb,ast,stl,blk,tov,pf,pts,game_score,player_name,player_sr_link,school,season
1,35,1,2018-11-11,Marist,@,Navy,REG (Non-Conf),W 72-48,*,20,2,4,.500,0,0,,2,4,.500,.500,1,2,.500,0,6,6,2,0,1,0,2,5,5.7,Willow Duffell,https://www.sports-reference.com/cbb/players/willow-duffell-1.html,marist,2018-19
2,36,2,2018-11-16,Marist,,Boston University,REG (Non-Conf),W 68-57,*,17,1,5,.200,0,0,,1,5,.200,.200,0,0,,2,2,4,0,0,0,2,5,2,-3.1,Willow Duffell,https://www.sports-reference.com/cbb/players/willow-duffell-1.html,marist,2018-19
3,37,3,2018-11-18,Marist,,Temple,REG (Non-Conf),W 74-68,*,23,4,13,.308,0,0,,4,13,.308,.308,1,2,.500,3,3,6,2,0,0,1,4,9,2.9,Willow Duffell,https://www.sports-reference.com/cbb/players/willow-duffell-1.html,marist,2018-19
4,38,4,2018-11-23,Marist,@,Stetson,REG (Non-Conf),W 76-69,*,25,4,5,.800,0,0,,4,5,.800,.800,0,1,.000,0,2,2,0,0,0,1,3,8,4.1,Willow Duffell,https://www.sports-reference.com/cbb/players/willow-duffell-1.html,marist,2018-19
5,39,5,2018-11-24,Marist,,Hofstra,REG (Non-Conf),W 71-57,*,22,5,9,.556,0,0,,5,9,.556,.556,0,0,,3,5,8,2,1,0,1,2,10,9.9,Willow Duffell,https://www.sports-reference.com/cbb/players/willow-duffell-1.html,marist,2018-19
6,40,6,2018-11-25,Marist,@,Wright State,REG (Non-Conf),L 60-76,*,26,4,7,.571,0,0,,4,7,.571,.571,1,2,.500,3,4,7,2,0,0,1,3,9,7.8,Willow Duffell,https://www.sports-reference.com/cbb/players/willow-duffell-1.html,marist,2018-19
7,41,7,2018-11-30,Marist,@,Elon,REG (Non-Conf),W 61-57,*,28,2,7,.286,0,0,,2,7,.286,.286,1,3,.333,0,4,4,1,1,0,3,1,5,-0.4,Willow Duffell,https://www.sports-reference.com/cbb/players/willow-duffell-1.html,marist,2018-19
8,42,8,2018-12-02,Marist,@,Duke,REG (Non-Conf),L 56-64,,19,1,2,.500,0,0,,1,2,.500,.500,0,0,,0,2,2,3,1,1,2,4,2,1.8,Willow Duffell,https://www.sports-reference.com/cbb/players/willow-duffell-1.html,marist,2018-19
9,43,9,2018-12-08,Marist,@,Albany (NY),REG (Non-Conf),W 74-56,*,20,5,7,.714,0,0,,5,7,.714,.714,3,3,1.000,2,4,6,0,0,0,1,0,13,11.7,Willow Duffell,https://www.sports-reference.com/cbb/players/willow-duffell-1.html,marist,2018-19
10,44,10,2018-12-15,Marist,@,Princeton,REG (Non-Conf),L 57-60,*,28,0,3,.000,0,0,,0,3,.000,.000,2,2,1.000,2,3,5,2,0,0,5,2,2,-2.2,Willow Duffell,https://www.sports-reference.com/cbb/players/willow-duffell-1.html,marist,2018-19
11,45,11,2018-12-18,Marist,,Northeastern,REG (Non-Conf),W 90-84,*,16,0,3,.000,0,0,,0,3,.000,.000,1,2,.500,1,3,4,1,0,1,1,2,1,-0.3,Willow Duffell,https://www.sports-reference.com/cbb/players/willow-duffell-1.html,marist,2018-19
12,46,12,2018-12-29,Marist,,Massachusetts,REG (Non-Conf),L 55-70,*,16,1,2,.500,0,0,,1,2,.500,.500,0,0,,2,3,5,1,0,0,3,1,2,0.6,Willow Duffell,https://www.sports-reference.com/cbb/players/willow-duffell-1.html,marist,2018-19
13,47,13,2019-01-03,Marist,@,Niagara,REG (Conf),W 87-58,*,20,4,6,.667,0,0,,4,6,.667,.667,5,5,1.000,1,8,9,2,0,0,2,1,13,12.5,Willow Duffell,https://www.sports-reference.com/cbb/players/willow-duffell-1.html,marist,2018-19
14,48,14,2019-01-05,Marist,@,Canisius,REG (Conf),W 71-66,*,26,2,5,.400,0,0,,2,5,.400,.400,3,4,.750,1,4,5,3,1,0,0,1,7,8.5,Willow Duffell,https://www.sports-reference.com/cbb/players/willow-duffell-1.html,marist,2018-19
15,49,15,2019-01-10,Marist,,Quinnipiac,REG (Conf),L 69-76,*,21,2,3,.667,0,0,,2,3,.667,.667,2,2,1.000,0,5,5,0,0,0,2,3,6,3.0,Willow Duffell,https://www.sports-reference.com/cbb/players/willow-duffell-1.html,marist,2018-19
16,50,16,2019-01-12,Marist,@,Fairfield,REG (Conf),W 56-46,*,19,3,5,.600,0,0,,3,5,.600,.600,0,1,.000,1,3,4,0,2,0,0,1,6,6.5,Willow Duffell,https://www.sports-reference.com/cbb/players/willow-duffell-1.html,marist,2018-19
17,51,17,2019-01-15,Marist,,Monmouth,REG (Conf),W 69-45,*,22,4,6,.667,0,0,,4,6,.667,.667,2,4,.500,0,3,3,2,0,0,0,0,10,8.9,Willow Duffell,https://www.sports-reference.com/cbb/players/willow-duffell-1.html,marist,2018-19
18,52,18,2019-01-17,Marist,,Siena,REG (Conf),W 88-59,*,18,4,5,.800,0,0,,4,5,.800,.800,3,3,1.000,1,5,6,0,0,0,2,1,11,8.9,Willow Duffell,https://www.sports-reference.com/cbb/players/willow-duffell-1.html,marist,2018-19
19,53,19,2019-01-21,Marist,,Iona,REG (Conf),W 76-36,*,18,6,7,.857,0,0,,6,7,.857,.857,2,2,1.000,0,4,4,0,1,1,2,0,14,12.4,Willow Duffell,https://www.sports-reference.com/cbb/players/willow-duffell-1.html,marist,2018-19
20,54,20,2019-01-25,Marist,@,Saint Peter's,REG (Conf),W 62-42,*,21,4,10,.400,0,0,,4,10,.400,.400,1,3,.333,6,5,11,0,2,2,1,4,9,9.3,Willow Duffell,https://www.sports-reference.com/cbb/players/willow-duffell-1.html,marist,2018-19
21,55,21,2019-01-27,Marist,,Manhattan,REG (Conf),L 51-69,*,24,1,5,.200,0,0,,1,5,.200,.200,4,4,1.000,1,1,2,0,1,0,0,2,6,4.1,Willow Duffell,https://www.sports-reference.com/cbb/players/willow-duffell-1.html,marist,2018-19
22,56,22,2019-01-30,Marist,,Rider,REG (Conf),L 58-68,*,25,2,3,.667,0,0,,2,3,.667,.667,2,2,1.000,0,3,3,1,0,0,3,1,6,2.9,Willow Duffell,https://www.sports-reference.com/cbb/players/willow-duffell-1.html,marist,2018-19
23,57,23,2019-02-01,Marist,@,Siena,REG (Conf),W 73-58,*,31,7,12,.583,0,0,,7,12,.583,.583,1,2,.500,4,7,11,3,0,4,2,3,15,15.6,Willow Duffell,https://www.sports-reference.com/cbb/players/willow-duffell-1.html,marist,2018-19
24,58,24,2019-02-07,Marist,@,Manhattan,REG (Conf),W 62-51,*,29,2,2,1.000,0,0,,2,2,1.000,1.000,3,5,.600,3,6,9,3,2,0,1,4,7,11.0,Willow Duffell,https://www.sports-reference.com/cbb/players/willow-duffell-1.html,marist,2018-19
25,59,25,2019-02-09,Marist,@,Rider,REG (Conf),L 64-70,*,19,1,3,.333,0,0,,1,3,.333,.333,0,0,,1,4,5,2,1,0,3,2,2,0.8,Willow Duffell,https://www.sports-reference.com/cbb/players/willow-duffell-1.html,marist,2018-19
26,60,26,2019-02-16,Marist,,Canisius,REG (Conf),W 66-50,*,22,2,4,.500,1,1,1.000,1,3,.333,.625,0,0,,2,2,4,2,0,0,2,1,5,4.0,Willow Duffell,https://www.sports-reference.com/cbb/players/willow-duffell-1.html,marist,2018-19
27,61,27,2019-02-19,Marist,,Fairfield,REG (Conf),W 85-44,*,21,6,7,.857,0,0,,6,7,.857,.857,1,1,1.000,0,5,5,4,0,1,0,2,13,14.7,Willow Duffell,https://www.sports-reference.com/cbb/players/willow-duffell-1.html,marist,2018-19
28,62,28,2019-02-23,Marist,@,Quinnipiac,REG (Conf),L 66-78,*,33,2,6,.333,0,0,,2,6,.333,.333,0,0,,3,3,6,1,1,0,2,3,4,2.1,Willow Duffell,https://www.sports-reference.com/cbb/players/willow-duffell-1.html,marist,2018-19
29,63,29,2019-02-28,Marist,@,Monmouth,REG (Conf),W 69-45,*,15,1,2,.500,0,0,,1,2,.500,.500,0,0,,1,3,4,2,0,0,2,4,2,0.4,Willow Duffell,https://www.sports-reference.com/cbb/players/willow-duffell-1.html,marist,2018-19
30,64,30,2019-03-02,Marist,,Niagara,REG (Conf),W 82-69,,17,2,4,.500,0,0,,2,4,.500,.500,1,4,.250,2,5,7,0,0,1,1,0,5,4.4,Willow Duffell,https://www.sports-reference.com/cbb/players/willow-duffell-1.html,marist,2018-19
31,65,31,2019-03-09,Marist,,Manhattan,CTOURN,W 65-51,*,27,0,6,.000,0,2,.000,0,4,.000,.000,2,4,.500,2,4,6,2,0,0,0,1,2,0.6,Willow Duffell,https://www.sports-reference.com/cbb/players/willow-duffell-1.html,marist,2018-19
32,66,32,2019-03-10,Marist,@,Rider,CTOURN,W 62-52,*,32,1,3,.333,0,0,,1,3,.333,.333,0,0,,2,9,11,3,0,0,2,1,2,4.1,Willow Duffell,https://www.sports-reference.com/cbb/players/willow-duffell-1.html,marist,2018-19
33,67,33,2019-03-11,Marist,@,Quinnipiac,CTOURN,L 51-81,*,26,1,1,1.000,0,0,,1,1,1.000,1.000,2,2,1.000,1,4,5,3,0,0,4,4,4,2.1,Willow Duffell,https://www.sports-reference.com/cbb/players/willow-duffell-1.html,marist,2018-19
