ranker,player_game_num_career,team_game_num_season,date,team_name_abbr,game_location,opp_name_abbr,game_type,game_result,is_starter,mp,fg,fga,fg_pct,fg3,fg3a,fg3_pct,fg2,fg2a,fg2_pct,efg_pct,ft,fta,ft_pct,orb,drb,trb,ast,stl,blk,tov,pf,pts,game_score,player_name,player_sr_link,school,season
1,1,1,2020-11-25,George Washington,,Lincoln (PA),REG (Non-Conf),W 53-38,,22,3,7,.429,0,0,,3,7,.429,.429,4,4,1.000,0,5,5,1,0,1,1,3,10,7.0,Ali Brigham,https://www.sports-reference.com/cbb/players/ali-brigham-1.html,george-washington,2020-21
2,2,2,2020-11-28,George Washington,,Old Dominion,REG (Non-Conf),W 55-37,,18,5,9,.556,0,1,.000,5,8,.625,.556,0,0,,5,1,6,0,0,2,2,1,10,8.5,Ali Brigham,https://www.sports-reference.com/cbb/players/ali-brigham-1.html,george-washington,2020-21
3,3,3,2020-12-01,George Washington,@,Virginia Tech,REG (Non-Conf),L 57-92,,24,6,10,.600,0,0,,6,10,.600,.600,1,2,.500,0,3,3,0,2,1,3,0,13,8.6,Ali Brigham,https://www.sports-reference.com/cbb/players/ali-brigham-1.html,george-washington,2020-21
4,4,4,2020-12-09,George Washington,@,James Madison,REG (Non-Conf),L 69-79,,24,8,13,.615,1,2,.500,7,11,.636,.654,2,4,.500,3,3,6,2,0,1,2,1,19,15.0,Ali Brigham,https://www.sports-reference.com/cbb/players/ali-brigham-1.html,george-washington,2020-21
5,5,5,2020-12-13,George Washington,@,Howard,REG (Non-Conf),L 53-63,*,24,4,15,.267,0,0,,4,15,.267,.267,0,0,,6,5,11,0,0,2,6,3,8,-1.0,Ali Brigham,https://www.sports-reference.com/cbb/players/ali-brigham-1.html,george-washington,2020-21
6,6,6,2020-12-20,George Washington,,Delaware,REG (Non-Conf),W 61-56,*,16,3,7,.429,0,0,,3,7,.429,.429,0,1,.000,2,2,4,2,1,1,3,3,6,2.8,Ali Brigham,https://www.sports-reference.com/cbb/players/ali-brigham-1.html,george-washington,2020-21
7,7,7,2021-01-01,George Washington,@,Davidson,REG (Conf),L 62-66,*,15,3,5,.600,0,0,,3,5,.600,.600,1,2,.500,0,2,2,0,0,1,2,4,7,2.0,Ali Brigham,https://www.sports-reference.com/cbb/players/ali-brigham-1.html,george-washington,2020-21
8,8,8,2021-01-03,George Washington,@,Fordham,REG (Conf),L 47-53,*,22,5,13,.385,0,1,.000,5,12,.417,.385,0,0,,0,3,3,1,0,0,1,0,10,3.5,Ali Brigham,https://www.sports-reference.com/cbb/players/ali-brigham-1.html,george-washington,2020-21
9,9,9,2021-01-10,George Washington,,Dayton,REG (Conf),L 54-67,*,16,4,12,.333,0,1,.000,4,11,.364,.333,0,0,,1,4,5,0,0,0,1,1,8,1.7,Ali Brigham,https://www.sports-reference.com/cbb/players/ali-brigham-1.html,george-washington,2020-21
10,10,10,2021-01-13,George Washington,@,Richmond,REG (Conf),L 42-47,*,18,4,6,.667,0,0,,4,6,.667,.667,2,2,1.000,1,2,3,0,1,1,0,2,10,9.6,Ali Brigham,https://www.sports-reference.com/cbb/players/ali-brigham-1.html,george-washington,2020-21
11,11,11,2021-01-17,George Washington,@,George Mason,REG (Conf),W 67-47,*,21,8,14,.571,0,3,.000,8,11,.727,.571,2,5,.400,1,2,3,0,0,3,0,3,18,12.4,Ali Brigham,https://www.sports-reference.com/cbb/players/ali-brigham-1.html,george-washington,2020-21
12,12,12,2021-01-22,George Washington,@,La Salle,REG (Conf),L 45-60,*,21,2,2,1.000,0,0,,2,2,1.000,1.000,0,0,,1,4,5,1,0,0,4,3,4,0.8,Ali Brigham,https://www.sports-reference.com/cbb/players/ali-brigham-1.html,george-washington,2020-21
13,13,13,2021-01-24,George Washington,@,Saint Joseph's,REG (Conf),L 61-63,*,28,5,11,.455,0,0,,5,11,.455,.455,6,6,1.000,1,1,2,1,1,0,2,0,16,11.0,Ali Brigham,https://www.sports-reference.com/cbb/players/ali-brigham-1.html,george-washington,2020-21
14,14,14,2021-01-27,George Washington,@,VCU,REG (Conf),L 60-67,*,25,12,15,.800,0,1,.000,12,14,.857,.800,2,3,.667,2,2,4,0,1,0,1,2,26,21.1,Ali Brigham,https://www.sports-reference.com/cbb/players/ali-brigham-1.html,george-washington,2020-21
15,15,15,2021-01-29,George Washington,,Richmond,REG (Conf),L 49-60,*,26,3,10,.300,0,0,,3,10,.300,.300,2,4,.500,6,2,8,2,2,1,5,1,8,4.9,Ali Brigham,https://www.sports-reference.com/cbb/players/ali-brigham-1.html,george-washington,2020-21
16,16,16,2021-02-01,George Washington,,VCU,REG (Conf),L 50-64,*,28,9,14,.643,0,0,,9,14,.643,.643,0,0,,4,1,5,0,1,4,1,0,18,17.7,Ali Brigham,https://www.sports-reference.com/cbb/players/ali-brigham-1.html,george-washington,2020-21
17,17,17,2021-02-12,George Washington,,Duquesne,REG (Conf),W 63-45,*,27,6,10,.600,0,1,.000,6,9,.667,.600,1,2,.500,2,3,5,2,0,2,2,1,13,10.7,Ali Brigham,https://www.sports-reference.com/cbb/players/ali-brigham-1.html,george-washington,2020-21
18,18,18,2021-02-14,George Washington,,St. Bonaventure,REG (Conf),W 56-39,*,28,6,10,.600,0,0,,6,10,.600,.600,3,4,.750,1,3,4,2,0,1,1,1,15,12.3,Ali Brigham,https://www.sports-reference.com/cbb/players/ali-brigham-1.html,george-washington,2020-21
19,19,19,2021-02-18,George Washington,,Davidson,REG (Conf),W 59-44,*,28,7,16,.438,0,0,,7,16,.438,.438,0,0,,3,2,5,0,0,0,3,3,14,4.1,Ali Brigham,https://www.sports-reference.com/cbb/players/ali-brigham-1.html,george-washington,2020-21
20,20,20,2021-02-28,George Washington,,George Mason,REG (Conf),W 68-39,*,23,6,15,.400,0,0,,6,15,.400,.400,0,0,,6,3,9,1,1,1,2,1,12,9.0,Ali Brigham,https://www.sports-reference.com/cbb/players/ali-brigham-1.html,george-washington,2020-21
21,21,21,2021-03-04,George Washington,,Fordham,REG (Non-Conf),L 43-48,*,23,4,9,.444,0,0,,4,9,.444,.444,0,0,,2,0,2,0,0,0,6,1,8,-1.7,Ali Brigham,https://www.sports-reference.com/cbb/players/ali-brigham-1.html,george-washington,2020-21
22,22,22,2021-03-10,George Washington,,George Mason,CTOURN,W 62-56,*,26,6,8,.750,0,0,,6,8,.750,.750,1,2,.500,2,2,4,1,1,2,1,3,13,12.3,Ali Brigham,https://www.sports-reference.com/cbb/players/ali-brigham-1.html,george-washington,2020-21
23,23,23,2021-03-11,George Washington,@,Richmond,CTOURN,L 54-58 (OT),*,25,3,11,.273,0,0,,3,11,.273,.273,1,2,.500,1,2,3,2,2,2,4,5,7,0.2,Ali Brigham,https://www.sports-reference.com/cbb/players/ali-brigham-1.html,george-washington,2020-21
