ranker,player_game_num_career,team_game_num_season,date,team_name_abbr,game_location,opp_name_abbr,game_type,game_result,is_starter,mp,fg,fga,fg_pct,fg3,fg3a,fg3_pct,fg2,fg2a,fg2_pct,efg_pct,ft,fta,ft_pct,orb,drb,trb,ast,stl,blk,tov,pf,pts,game_score,player_name,player_sr_link,school,season
1,1,1,2020-11-25,George Washington,,Lincoln (PA),REG (Non-Conf),W 53-38,,17,0,2,.000,0,1,.000,0,1,.000,.000,1,2,.500,0,1,1,3,1,0,1,1,1,1.2,Aurea Gingras,https://www.sports-reference.com/cbb/players/aurea-gingras-1.html,george-washington,2020-21
2,2,2,2020-11-28,George Washington,,Old Dominion,REG (Non-Conf),W 55-37,,20,2,6,.333,0,2,.000,2,4,.500,.333,0,0,,1,0,1,1,1,0,1,0,4,2.0,Aurea Gingras,https://www.sports-reference.com/cbb/players/aurea-gingras-1.html,george-washington,2020-21
3,3,3,2020-12-01,George Washington,@,Virginia Tech,REG (Non-Conf),L 57-92,,22,1,1,1.000,0,0,,1,1,1.000,1.000,1,4,.250,0,1,1,1,2,0,0,0,3,4.5,Aurea Gingras,https://www.sports-reference.com/cbb/players/aurea-gingras-1.html,george-washington,2020-21
4,4,4,2020-12-09,George Washington,@,James Madison,REG (Non-Conf),L 69-79,,29,3,5,.600,1,1,1.000,2,4,.500,.700,0,0,,0,4,4,3,3,0,4,2,7,6.2,Aurea Gingras,https://www.sports-reference.com/cbb/players/aurea-gingras-1.html,george-washington,2020-21
5,5,5,2020-12-13,George Washington,@,Howard,REG (Non-Conf),L 53-63,,16,1,8,.125,0,2,.000,1,6,.167,.125,0,0,,0,1,1,0,0,0,4,3,2,-8.1,Aurea Gingras,https://www.sports-reference.com/cbb/players/aurea-gingras-1.html,george-washington,2020-21
6,6,6,2020-12-20,George Washington,,Delaware,REG (Non-Conf),W 61-56,,37,5,8,.625,0,2,.000,5,6,.833,.625,2,3,.667,1,6,7,4,1,0,2,3,12,11.1,Aurea Gingras,https://www.sports-reference.com/cbb/players/aurea-gingras-1.html,george-washington,2020-21
7,7,7,2021-01-01,George Washington,@,Davidson,REG (Conf),L 62-66,,27,2,7,.286,0,2,.000,2,5,.400,.286,1,2,.500,0,1,1,0,0,0,2,2,5,-2.0,Aurea Gingras,https://www.sports-reference.com/cbb/players/aurea-gingras-1.html,george-washington,2020-21
8,8,8,2021-01-03,George Washington,@,Fordham,REG (Conf),L 47-53,,30,2,8,.250,0,2,.000,2,6,.333,.250,1,2,.500,1,1,2,1,1,0,0,4,5,0.9,Aurea Gingras,https://www.sports-reference.com/cbb/players/aurea-gingras-1.html,george-washington,2020-21
9,9,9,2021-01-10,George Washington,,Dayton,REG (Conf),L 54-67,,22,0,3,.000,0,1,.000,0,2,.000,.000,3,4,.750,0,2,2,2,1,0,0,3,3,2.3,Aurea Gingras,https://www.sports-reference.com/cbb/players/aurea-gingras-1.html,george-washington,2020-21
10,10,10,2021-01-13,George Washington,@,Richmond,REG (Conf),L 42-47,,20,2,6,.333,1,1,1.000,1,5,.200,.417,0,2,.000,1,2,3,2,0,0,0,2,5,2.7,Aurea Gingras,https://www.sports-reference.com/cbb/players/aurea-gingras-1.html,george-washington,2020-21
11,11,11,2021-01-17,George Washington,@,George Mason,REG (Conf),W 67-47,,20,1,4,.250,1,3,.333,0,1,.000,.375,1,2,.500,2,1,3,1,0,0,1,2,4,1.8,Aurea Gingras,https://www.sports-reference.com/cbb/players/aurea-gingras-1.html,george-washington,2020-21
12,12,12,2021-01-22,George Washington,@,La Salle,REG (Conf),L 45-60,,20,2,7,.286,1,3,.333,1,4,.250,.357,0,0,,1,3,4,2,2,0,3,3,5,1.7,Aurea Gingras,https://www.sports-reference.com/cbb/players/aurea-gingras-1.html,george-washington,2020-21
13,13,13,2021-01-24,George Washington,@,Saint Joseph's,REG (Conf),L 61-63,,13,0,1,.000,0,1,.000,0,0,,.000,0,0,,0,3,3,0,0,0,2,1,0,-2.2,Aurea Gingras,https://www.sports-reference.com/cbb/players/aurea-gingras-1.html,george-washington,2020-21
14,14,14,2021-01-27,George Washington,@,VCU,REG (Conf),L 60-67,,22,2,6,.333,1,3,.333,1,3,.333,.417,0,0,,1,1,2,0,1,0,1,0,5,2.6,Aurea Gingras,https://www.sports-reference.com/cbb/players/aurea-gingras-1.html,george-washington,2020-21
15,15,15,2021-01-29,George Washington,,Richmond,REG (Conf),L 49-60,,28,2,7,.286,1,3,.333,1,4,.250,.357,0,0,,2,2,4,0,1,0,2,3,5,0.7,Aurea Gingras,https://www.sports-reference.com/cbb/players/aurea-gingras-1.html,george-washington,2020-21
16,16,16,2021-02-01,George Washington,,VCU,REG (Conf),L 50-64,,6,0,2,.000,0,1,.000,0,1,.000,.000,0,0,,0,0,0,1,0,0,3,0,0,-3.7,Aurea Gingras,https://www.sports-reference.com/cbb/players/aurea-gingras-1.html,george-washington,2020-21
17,17,17,2021-02-12,George Washington,,Duquesne,REG (Conf),W 63-45,,10,2,7,.286,0,1,.000,2,6,.333,.286,0,0,,1,0,1,0,1,0,1,1,4,0.2,Aurea Gingras,https://www.sports-reference.com/cbb/players/aurea-gingras-1.html,george-washington,2020-21
18,18,18,2021-02-14,George Washington,,St. Bonaventure,REG (Conf),W 56-39,,14,1,3,.333,0,1,.000,1,2,.500,.333,0,0,,0,4,4,2,1,0,2,0,2,1.9,Aurea Gingras,https://www.sports-reference.com/cbb/players/aurea-gingras-1.html,george-washington,2020-21
19,19,19,2021-02-18,George Washington,,Davidson,REG (Conf),W 59-44,,19,0,2,.000,0,1,.000,0,1,.000,.000,1,3,.333,0,2,2,3,0,0,2,2,1,-1.3,Aurea Gingras,https://www.sports-reference.com/cbb/players/aurea-gingras-1.html,george-washington,2020-21
20,20,20,2021-02-28,George Washington,,George Mason,REG (Conf),W 68-39,,7,1,2,.500,0,1,.000,1,1,1.000,.500,0,1,.000,1,2,3,1,0,0,2,1,2,0.2,Aurea Gingras,https://www.sports-reference.com/cbb/players/aurea-gingras-1.html,george-washington,2020-21
21,21,21,2021-03-04,George Washington,,Fordham,REG (Non-Conf),L 43-48,,2,0,0,,0,0,,0,0,,,0,0,,0,0,0,0,1,0,0,1,0,0.6,Aurea Gingras,https://www.sports-reference.com/cbb/players/aurea-gingras-1.html,george-washington,2020-21
22,22,22,2021-03-10,George Washington,,George Mason,CTOURN,W 62-56,,3,0,0,,0,0,,0,0,,,0,0,,0,0,0,1,0,0,0,1,0,0.3,Aurea Gingras,https://www.sports-reference.com/cbb/players/aurea-gingras-1.html,george-washington,2020-21
