ranker,player_game_num_career,team_game_num_season,date,team_name_abbr,game_location,opp_name_abbr,game_type,game_result,is_starter,mp,fg,fga,fg_pct,fg3,fg3a,fg3_pct,fg2,fg2a,fg2_pct,efg_pct,ft,fta,ft_pct,orb,drb,trb,ast,stl,blk,tov,pf,pts,game_score,player_name,player_sr_link,school,season
1,1,3,2020-12-01,George Washington,@,Virginia Tech,REG (Non-Conf),L 57-92,,15,1,3,.333,0,0,,1,3,.333,.333,0,0,,0,0,0,1,0,0,2,1,2,-1.4,Caranda Perea,https://www.sports-reference.com/cbb/players/caranda-perea-1.html,george-washington,2020-21
2,2,4,2020-12-09,George Washington,@,James Madison,REG (Non-Conf),L 69-79,,19,3,5,.600,0,0,,3,5,.600,.600,0,0,,0,4,4,1,0,1,2,2,6,3.5,Caranda Perea,https://www.sports-reference.com/cbb/players/caranda-perea-1.html,george-washington,2020-21
3,3,5,2020-12-13,George Washington,@,Howard,REG (Non-Conf),L 53-63,,12,2,3,.667,0,0,,2,3,.667,.667,0,0,,2,2,4,0,0,1,0,5,4,3.4,Caranda Perea,https://www.sports-reference.com/cbb/players/caranda-perea-1.html,george-washington,2020-21
4,4,6,2020-12-20,George Washington,,Delaware,REG (Non-Conf),W 61-56,,26,2,6,.333,0,1,.000,2,5,.400,.333,2,2,1.000,1,4,5,2,1,0,3,0,6,3.9,Caranda Perea,https://www.sports-reference.com/cbb/players/caranda-perea-1.html,george-washington,2020-21
5,5,7,2021-01-01,George Washington,@,Davidson,REG (Conf),L 62-66,,18,2,4,.500,0,1,.000,2,3,.667,.500,0,0,,2,4,6,0,1,1,2,0,4,4.3,Caranda Perea,https://www.sports-reference.com/cbb/players/caranda-perea-1.html,george-washington,2020-21
6,6,8,2021-01-03,George Washington,@,Fordham,REG (Conf),L 47-53,,22,4,7,.571,2,2,1.000,2,5,.400,.714,0,0,,0,2,2,3,1,2,2,0,10,9.8,Caranda Perea,https://www.sports-reference.com/cbb/players/caranda-perea-1.html,george-washington,2020-21
7,7,9,2021-01-10,George Washington,,Dayton,REG (Conf),L 54-67,,19,1,5,.200,1,2,.500,0,3,.000,.300,2,2,1.000,0,2,2,0,0,2,0,0,5,3.9,Caranda Perea,https://www.sports-reference.com/cbb/players/caranda-perea-1.html,george-washington,2020-21
8,8,10,2021-01-13,George Washington,@,Richmond,REG (Conf),L 42-47,,22,3,5,.600,1,3,.333,2,2,1.000,.700,0,0,,1,2,3,0,0,1,2,2,7,3.9,Caranda Perea,https://www.sports-reference.com/cbb/players/caranda-perea-1.html,george-washington,2020-21
9,9,11,2021-01-17,George Washington,@,George Mason,REG (Conf),W 67-47,,26,2,7,.286,1,2,.500,1,5,.200,.357,3,4,.750,1,6,7,2,1,1,1,0,8,8.1,Caranda Perea,https://www.sports-reference.com/cbb/players/caranda-perea-1.html,george-washington,2020-21
10,10,12,2021-01-22,George Washington,@,La Salle,REG (Conf),L 45-60,,19,1,4,.250,0,0,,1,4,.250,.250,0,0,,1,0,1,0,0,0,1,0,2,-0.7,Caranda Perea,https://www.sports-reference.com/cbb/players/caranda-perea-1.html,george-washington,2020-21
11,11,13,2021-01-24,George Washington,@,Saint Joseph's,REG (Conf),L 61-63,,17,3,4,.750,1,1,1.000,2,3,.667,.875,0,0,,0,1,1,1,0,0,2,1,7,4.0,Caranda Perea,https://www.sports-reference.com/cbb/players/caranda-perea-1.html,george-washington,2020-21
12,12,14,2021-01-27,George Washington,@,VCU,REG (Conf),L 60-67,,25,2,9,.222,1,1,1.000,1,8,.125,.278,0,0,,2,2,4,3,0,0,2,1,5,1.2,Caranda Perea,https://www.sports-reference.com/cbb/players/caranda-perea-1.html,george-washington,2020-21
13,13,15,2021-01-29,George Washington,,Richmond,REG (Conf),L 49-60,,17,2,6,.333,0,3,.000,2,3,.667,.333,0,0,,0,0,0,1,1,1,3,4,4,-1.6,Caranda Perea,https://www.sports-reference.com/cbb/players/caranda-perea-1.html,george-washington,2020-21
14,14,16,2021-02-01,George Washington,,VCU,REG (Conf),L 50-64,,15,1,5,.200,0,0,,1,5,.200,.200,1,1,1.000,1,2,3,0,0,0,1,0,3,0.2,Caranda Perea,https://www.sports-reference.com/cbb/players/caranda-perea-1.html,george-washington,2020-21
15,15,20,2021-02-28,George Washington,,George Mason,REG (Conf),W 68-39,,11,1,3,.333,0,0,,1,3,.333,.333,0,0,,0,0,0,1,0,1,0,1,2,1.3,Caranda Perea,https://www.sports-reference.com/cbb/players/caranda-perea-1.html,george-washington,2020-21
16,16,21,2021-03-04,George Washington,,Fordham,REG (Non-Conf),L 43-48,,4,0,0,,0,0,,0,0,,,0,0,,0,0,0,0,0,0,1,0,0,-1.0,Caranda Perea,https://www.sports-reference.com/cbb/players/caranda-perea-1.html,george-washington,2020-21
17,17,22,2021-03-10,George Washington,,George Mason,CTOURN,W 62-56,,5,0,0,,0,0,,0,0,,,0,0,,0,0,0,0,1,0,0,2,0,0.2,Caranda Perea,https://www.sports-reference.com/cbb/players/caranda-perea-1.html,george-washington,2020-21
18,18,23,2021-03-11,George Washington,@,Richmond,CTOURN,L 54-58 (OT),,11,0,1,.000,0,1,.000,0,0,,.000,0,0,,0,0,0,0,0,1,1,0,0,-1.0,Caranda Perea,https://www.sports-reference.com/cbb/players/caranda-perea-1.html,george-washington,2020-21
