ranker,player_game_num_career,team_game_num_season,date,team_name_abbr,game_location,opp_name_abbr,game_type,game_result,is_starter,mp,fg,fga,fg_pct,fg3,fg3a,fg3_pct,fg2,fg2a,fg2_pct,efg_pct,ft,fta,ft_pct,orb,drb,trb,ast,stl,blk,tov,pf,pts,game_score,player_name,player_sr_link,school,season
1,27,1,2020-11-25,George Washington,,Lincoln (PA),REG (Non-Conf),W 53-38,*,19,1,7,.143,1,3,.333,0,4,.000,.214,0,0,,0,2,2,1,0,1,2,4,3,-3.1,Essence Brown,https://www.sports-reference.com/cbb/players/essence-brown-2.html,george-washington,2020-21
2,28,2,2020-11-28,George Washington,,Old Dominion,REG (Non-Conf),W 55-37,*,21,1,3,.333,0,0,,1,3,.333,.333,0,0,,0,2,2,2,0,0,2,3,2,-0.9,Essence Brown,https://www.sports-reference.com/cbb/players/essence-brown-2.html,george-washington,2020-21
3,29,3,2020-12-01,George Washington,@,Virginia Tech,REG (Non-Conf),L 57-92,,23,1,2,.500,0,0,,1,2,.500,.500,1,2,.500,0,0,0,1,0,0,1,1,3,0.9,Essence Brown,https://www.sports-reference.com/cbb/players/essence-brown-2.html,george-washington,2020-21
4,30,4,2020-12-09,George Washington,@,James Madison,REG (Non-Conf),L 69-79,,21,1,2,.500,0,0,,1,2,.500,.500,0,0,,0,1,1,2,1,0,0,2,2,2.9,Essence Brown,https://www.sports-reference.com/cbb/players/essence-brown-2.html,george-washington,2020-21
5,31,5,2020-12-13,George Washington,@,Howard,REG (Non-Conf),L 53-63,*,34,1,6,.167,0,1,.000,1,5,.200,.167,1,1,1.000,7,4,11,1,0,1,4,1,3,2.3,Essence Brown,https://www.sports-reference.com/cbb/players/essence-brown-2.html,george-washington,2020-21
6,32,6,2020-12-20,George Washington,,Delaware,REG (Non-Conf),W 61-56,*,10,2,3,.667,0,0,,2,3,.667,.667,0,0,,1,1,2,0,1,0,3,0,4,1.7,Essence Brown,https://www.sports-reference.com/cbb/players/essence-brown-2.html,george-washington,2020-21
7,33,7,2021-01-01,George Washington,@,Davidson,REG (Conf),L 62-66,*,22,2,3,.667,1,1,1.000,1,2,.500,.833,1,4,.250,1,1,2,1,1,0,3,3,6,2.0,Essence Brown,https://www.sports-reference.com/cbb/players/essence-brown-2.html,george-washington,2020-21
8,34,8,2021-01-03,George Washington,@,Fordham,REG (Conf),L 47-53,*,25,0,1,.000,0,0,,0,1,.000,.000,2,2,1.000,1,2,3,0,1,1,1,0,2,3.3,Essence Brown,https://www.sports-reference.com/cbb/players/essence-brown-2.html,george-washington,2020-21
9,35,9,2021-01-10,George Washington,,Dayton,REG (Conf),L 54-67,*,11,2,2,1.000,0,0,,2,2,1.000,1.000,0,0,,1,1,2,1,0,0,0,2,4,4.3,Essence Brown,https://www.sports-reference.com/cbb/players/essence-brown-2.html,george-washington,2020-21
10,36,10,2021-01-13,George Washington,@,Richmond,REG (Conf),L 42-47,*,8,0,2,.000,0,0,,0,2,.000,.000,0,0,,1,0,1,0,1,0,0,2,0,-0.5,Essence Brown,https://www.sports-reference.com/cbb/players/essence-brown-2.html,george-washington,2020-21
11,37,11,2021-01-17,George Washington,@,George Mason,REG (Conf),W 67-47,,4,0,1,.000,0,0,,0,1,.000,.000,0,0,,1,0,1,0,0,0,0,1,0,-0.4,Essence Brown,https://www.sports-reference.com/cbb/players/essence-brown-2.html,george-washington,2020-21
12,38,16,2021-02-01,George Washington,,VCU,REG (Conf),L 50-64,,4,1,1,1.000,0,0,,1,1,1.000,1.000,0,0,,0,0,0,0,0,0,0,0,2,1.7,Essence Brown,https://www.sports-reference.com/cbb/players/essence-brown-2.html,george-washington,2020-21
13,39,17,2021-02-12,George Washington,,Duquesne,REG (Conf),W 63-45,,22,2,2,1.000,0,0,,2,2,1.000,1.000,0,0,,0,2,2,2,0,0,1,0,4,4.4,Essence Brown,https://www.sports-reference.com/cbb/players/essence-brown-2.html,george-washington,2020-21
14,40,18,2021-02-14,George Washington,,St. Bonaventure,REG (Conf),W 56-39,,22,4,6,.667,2,3,.667,2,3,.667,.833,0,0,,0,7,7,1,1,0,3,0,10,8.2,Essence Brown,https://www.sports-reference.com/cbb/players/essence-brown-2.html,george-washington,2020-21
15,41,19,2021-02-18,George Washington,,Davidson,REG (Conf),W 59-44,,12,1,1,1.000,1,1,1.000,0,0,,1.500,0,0,,0,1,1,0,0,0,1,1,3,1.6,Essence Brown,https://www.sports-reference.com/cbb/players/essence-brown-2.html,george-washington,2020-21
16,42,20,2021-02-28,George Washington,,George Mason,REG (Conf),W 68-39,,11,1,4,.250,0,2,.000,1,2,.500,.250,1,2,.500,0,0,0,0,1,0,0,0,3,1.2,Essence Brown,https://www.sports-reference.com/cbb/players/essence-brown-2.html,george-washington,2020-21
17,43,21,2021-03-04,George Washington,,Fordham,REG (Non-Conf),L 43-48,,24,1,4,.250,0,2,.000,1,2,.500,.250,0,0,,0,1,1,0,0,0,0,3,2,-1.3,Essence Brown,https://www.sports-reference.com/cbb/players/essence-brown-2.html,george-washington,2020-21
18,44,22,2021-03-10,George Washington,,George Mason,CTOURN,W 62-56,,28,2,5,.400,1,4,.250,1,1,1.000,.500,0,0,,2,0,2,3,0,0,2,1,5,3.4,Essence Brown,https://www.sports-reference.com/cbb/players/essence-brown-2.html,george-washington,2020-21
19,45,23,2021-03-11,George Washington,@,Richmond,CTOURN,L 54-58 (OT),,15,1,5,.200,0,2,.000,1,3,.333,.200,0,0,,3,0,3,1,0,0,1,1,2,0.3,Essence Brown,https://www.sports-reference.com/cbb/players/essence-brown-2.html,george-washington,2020-21
