ranker,player_game_num_career,team_game_num_season,date,team_name_abbr,game_location,opp_name_abbr,game_type,game_result,is_starter,mp,fg,fga,fg_pct,fg3,fg3a,fg3_pct,fg2,fg2a,fg2_pct,efg_pct,ft,fta,ft_pct,orb,drb,trb,ast,stl,blk,tov,pf,pts,game_score,player_name,player_sr_link,school,season
1,31,1,2020-11-25,George Washington,,Lincoln (PA),REG (Non-Conf),W 53-38,*,35,5,14,.357,3,9,.333,2,5,.400,.464,0,0,,2,5,7,4,1,1,5,2,13,6.8,Faith Blethen,https://www.sports-reference.com/cbb/players/faith-blethen-1.html,george-washington,2020-21
2,32,2,2020-11-28,George Washington,,Old Dominion,REG (Non-Conf),W 55-37,*,28,2,7,.286,1,4,.250,1,3,.333,.357,0,0,,1,6,7,1,2,2,4,4,5,1.9,Faith Blethen,https://www.sports-reference.com/cbb/players/faith-blethen-1.html,george-washington,2020-21
3,33,3,2020-12-01,George Washington,@,Virginia Tech,REG (Non-Conf),L 57-92,*,26,2,6,.333,1,3,.333,1,3,.333,.417,0,0,,0,2,2,3,1,0,0,0,5,5.3,Faith Blethen,https://www.sports-reference.com/cbb/players/faith-blethen-1.html,george-washington,2020-21
4,34,4,2020-12-09,George Washington,@,James Madison,REG (Non-Conf),L 69-79,*,17,1,5,.200,0,4,.000,1,1,1.000,.200,3,3,1.000,1,2,3,0,1,0,0,3,5,3.0,Faith Blethen,https://www.sports-reference.com/cbb/players/faith-blethen-1.html,george-washington,2020-21
5,35,5,2020-12-13,George Washington,@,Howard,REG (Non-Conf),L 53-63,,9,1,6,.167,1,5,.200,0,1,.000,.250,0,0,,1,2,3,0,0,0,0,0,3,0.5,Faith Blethen,https://www.sports-reference.com/cbb/players/faith-blethen-1.html,george-washington,2020-21
6,36,6,2020-12-20,George Washington,,Delaware,REG (Non-Conf),W 61-56,,8,0,1,.000,0,0,,0,1,.000,.000,0,0,,0,2,2,0,1,0,1,1,0,-0.5,Faith Blethen,https://www.sports-reference.com/cbb/players/faith-blethen-1.html,george-washington,2020-21
7,37,7,2021-01-01,George Washington,@,Davidson,REG (Conf),L 62-66,,4,0,1,.000,0,1,.000,0,0,,.000,0,0,,0,0,0,0,0,0,0,0,0,-0.7,Faith Blethen,https://www.sports-reference.com/cbb/players/faith-blethen-1.html,george-washington,2020-21
8,38,8,2021-01-03,George Washington,@,Fordham,REG (Conf),L 47-53,,2,0,1,.000,0,1,.000,0,0,,.000,0,0,,0,1,1,0,0,0,0,0,0,-0.4,Faith Blethen,https://www.sports-reference.com/cbb/players/faith-blethen-1.html,george-washington,2020-21
9,39,9,2021-01-10,George Washington,,Dayton,REG (Conf),L 54-67,,3,0,0,,0,0,,0,0,,,0,0,,0,1,1,0,0,0,0,0,0,0.3,Faith Blethen,https://www.sports-reference.com/cbb/players/faith-blethen-1.html,george-washington,2020-21
10,40,10,2021-01-13,George Washington,@,Richmond,REG (Conf),L 42-47,,5,0,3,.000,0,3,.000,0,0,,.000,0,0,,0,0,0,0,0,0,0,1,0,-2.5,Faith Blethen,https://www.sports-reference.com/cbb/players/faith-blethen-1.html,george-washington,2020-21
11,41,11,2021-01-17,George Washington,@,George Mason,REG (Conf),W 67-47,,5,0,1,.000,0,1,.000,0,0,,.000,0,0,,1,0,1,0,1,0,0,0,0,1.0,Faith Blethen,https://www.sports-reference.com/cbb/players/faith-blethen-1.html,george-washington,2020-21
12,42,12,2021-01-22,George Washington,@,La Salle,REG (Conf),L 45-60,,9,0,3,.000,0,2,.000,0,1,.000,.000,0,0,,0,0,0,1,0,0,1,1,0,-2.8,Faith Blethen,https://www.sports-reference.com/cbb/players/faith-blethen-1.html,george-washington,2020-21
13,43,13,2021-01-24,George Washington,@,Saint Joseph's,REG (Conf),L 61-63,,1,0,0,,0,0,,0,0,,,0,0,,0,0,0,0,1,0,0,2,0,0.2,Faith Blethen,https://www.sports-reference.com/cbb/players/faith-blethen-1.html,george-washington,2020-21
14,44,14,2021-01-27,George Washington,@,VCU,REG (Conf),L 60-67,,9,1,3,.333,0,1,.000,1,2,.500,.333,1,1,1.000,1,1,2,0,0,0,1,0,3,1.3,Faith Blethen,https://www.sports-reference.com/cbb/players/faith-blethen-1.html,george-washington,2020-21
15,45,15,2021-01-29,George Washington,,Richmond,REG (Conf),L 49-60,,2,0,0,,0,0,,0,0,,,0,0,,0,0,0,0,0,0,0,1,0,-0.4,Faith Blethen,https://www.sports-reference.com/cbb/players/faith-blethen-1.html,george-washington,2020-21
16,46,16,2021-02-01,George Washington,,VCU,REG (Conf),L 50-64,,19,0,3,.000,0,2,.000,0,1,.000,.000,0,0,,1,5,6,0,0,0,0,0,0,0.1,Faith Blethen,https://www.sports-reference.com/cbb/players/faith-blethen-1.html,george-washington,2020-21
17,47,17,2021-02-12,George Washington,,Duquesne,REG (Conf),W 63-45,,22,1,4,.250,1,3,.333,0,1,.000,.375,0,0,,0,1,1,0,0,0,1,1,3,-0.5,Faith Blethen,https://www.sports-reference.com/cbb/players/faith-blethen-1.html,george-washington,2020-21
18,48,18,2021-02-14,George Washington,,St. Bonaventure,REG (Conf),W 56-39,,15,1,3,.333,1,3,.333,0,0,,.500,0,0,,0,1,1,0,0,0,0,1,3,1.2,Faith Blethen,https://www.sports-reference.com/cbb/players/faith-blethen-1.html,george-washington,2020-21
19,49,19,2021-02-18,George Washington,,Davidson,REG (Conf),W 59-44,,10,1,1,1.000,1,1,1.000,0,0,,1.500,0,0,,1,0,1,0,0,0,1,1,3,2.0,Faith Blethen,https://www.sports-reference.com/cbb/players/faith-blethen-1.html,george-washington,2020-21
20,50,20,2021-02-28,George Washington,,George Mason,REG (Conf),W 68-39,,11,1,3,.333,1,3,.333,0,0,,.500,0,0,,0,0,0,0,0,0,1,2,3,-0.5,Faith Blethen,https://www.sports-reference.com/cbb/players/faith-blethen-1.html,george-washington,2020-21
21,51,21,2021-03-04,George Washington,,Fordham,REG (Non-Conf),L 43-48,,7,0,1,.000,0,1,.000,0,0,,.000,0,0,,0,0,0,0,0,0,0,1,0,-1.1,Faith Blethen,https://www.sports-reference.com/cbb/players/faith-blethen-1.html,george-washington,2020-21
22,52,22,2021-03-10,George Washington,,George Mason,CTOURN,W 62-56,,10,0,3,.000,0,1,.000,0,2,.000,.000,0,0,,0,0,0,1,0,0,0,1,0,-1.8,Faith Blethen,https://www.sports-reference.com/cbb/players/faith-blethen-1.html,george-washington,2020-21
23,53,23,2021-03-11,George Washington,@,Richmond,CTOURN,L 54-58 (OT),,13,0,4,.000,0,3,.000,0,1,.000,.000,0,0,,0,0,0,0,1,0,0,1,0,-2.2,Faith Blethen,https://www.sports-reference.com/cbb/players/faith-blethen-1.html,george-washington,2020-21
