ranker,player_game_num_career,team_game_num_season,date,team_name_abbr,game_location,opp_name_abbr,game_type,game_result,is_starter,mp,fg,fga,fg_pct,fg3,fg3a,fg3_pct,fg2,fg2a,fg2_pct,efg_pct,ft,fta,ft_pct,orb,drb,trb,ast,stl,blk,tov,pf,pts,game_score,player_name,player_sr_link,school,season
1,91,7,2021-01-01,George Washington,@,Davidson,REG (Conf),L 62-66,,14,1,5,.200,0,2,.000,1,3,.333,.200,0,0,,2,0,2,2,1,0,2,0,2,0.7,Gabby Nikitinaite,https://www.sports-reference.com/cbb/players/gabby-nikitinaite-1.html,george-washington,2020-21
2,92,8,2021-01-03,George Washington,@,Fordham,REG (Conf),L 47-53,,14,2,4,.500,2,4,.500,0,0,,.750,0,0,,1,3,4,1,0,0,0,0,6,6.3,Gabby Nikitinaite,https://www.sports-reference.com/cbb/players/gabby-nikitinaite-1.html,george-washington,2020-21
3,93,9,2021-01-10,George Washington,,Dayton,REG (Conf),L 54-67,*,29,1,6,.167,1,5,.200,0,1,.000,.250,2,2,1.000,0,2,2,3,0,2,1,1,5,3.9,Gabby Nikitinaite,https://www.sports-reference.com/cbb/players/gabby-nikitinaite-1.html,george-washington,2020-21
4,94,10,2021-01-13,George Washington,@,Richmond,REG (Conf),L 42-47,*,15,0,5,.000,0,1,.000,0,4,.000,.000,0,0,,0,1,1,0,0,0,1,5,0,-6.2,Gabby Nikitinaite,https://www.sports-reference.com/cbb/players/gabby-nikitinaite-1.html,george-washington,2020-21
5,95,11,2021-01-17,George Washington,@,George Mason,REG (Conf),W 67-47,*,30,4,9,.444,1,5,.200,3,4,.750,.500,1,1,1.000,3,4,7,3,0,0,1,0,10,9.7,Gabby Nikitinaite,https://www.sports-reference.com/cbb/players/gabby-nikitinaite-1.html,george-washington,2020-21
6,96,12,2021-01-22,George Washington,@,La Salle,REG (Conf),L 45-60,*,24,1,3,.333,1,1,1.000,0,2,.000,.500,0,0,,0,4,4,0,0,0,3,1,3,-0.9,Gabby Nikitinaite,https://www.sports-reference.com/cbb/players/gabby-nikitinaite-1.html,george-washington,2020-21
7,97,13,2021-01-24,George Washington,@,Saint Joseph's,REG (Conf),L 61-63,*,25,3,5,.600,1,2,.500,2,3,.667,.700,0,0,,0,3,3,2,2,0,3,0,7,6.0,Gabby Nikitinaite,https://www.sports-reference.com/cbb/players/gabby-nikitinaite-1.html,george-washington,2020-21
8,98,14,2021-01-27,George Washington,@,VCU,REG (Conf),L 60-67,*,13,0,4,.000,0,2,.000,0,2,.000,.000,0,0,,0,2,2,1,0,0,0,0,0,-1.5,Gabby Nikitinaite,https://www.sports-reference.com/cbb/players/gabby-nikitinaite-1.html,george-washington,2020-21
9,99,15,2021-01-29,George Washington,,Richmond,REG (Conf),L 49-60,*,17,1,6,.167,0,4,.000,1,2,.500,.167,3,3,1.000,2,3,5,0,0,0,1,1,5,2.1,Gabby Nikitinaite,https://www.sports-reference.com/cbb/players/gabby-nikitinaite-1.html,george-washington,2020-21
10,100,16,2021-02-01,George Washington,,VCU,REG (Conf),L 50-64,*,26,4,10,.400,2,4,.500,2,6,.333,.500,1,2,.500,2,4,6,1,0,0,3,0,11,5.5,Gabby Nikitinaite,https://www.sports-reference.com/cbb/players/gabby-nikitinaite-1.html,george-washington,2020-21
11,101,17,2021-02-12,George Washington,,Duquesne,REG (Conf),W 63-45,,10,1,4,.250,1,2,.500,0,2,.000,.375,2,2,1.000,0,1,1,0,0,0,1,2,5,1.1,Gabby Nikitinaite,https://www.sports-reference.com/cbb/players/gabby-nikitinaite-1.html,george-washington,2020-21
12,102,18,2021-02-14,George Washington,,St. Bonaventure,REG (Conf),W 56-39,,17,1,1,1.000,1,1,1.000,0,0,,1.500,0,0,,0,1,1,1,1,0,2,0,3,2.7,Gabby Nikitinaite,https://www.sports-reference.com/cbb/players/gabby-nikitinaite-1.html,george-washington,2020-21
13,103,19,2021-02-18,George Washington,,Davidson,REG (Conf),W 59-44,,16,4,6,.667,2,3,.667,2,3,.667,.833,0,0,,1,1,2,1,1,0,1,0,10,9.1,Gabby Nikitinaite,https://www.sports-reference.com/cbb/players/gabby-nikitinaite-1.html,george-washington,2020-21
14,104,20,2021-02-28,George Washington,,George Mason,REG (Conf),W 68-39,,22,8,14,.571,5,9,.556,3,5,.600,.750,1,1,1.000,0,2,2,0,1,1,0,0,22,17.7,Gabby Nikitinaite,https://www.sports-reference.com/cbb/players/gabby-nikitinaite-1.html,george-washington,2020-21
15,105,21,2021-03-04,George Washington,,Fordham,REG (Non-Conf),L 43-48,,26,2,7,.286,1,4,.250,1,3,.333,.357,4,4,1.000,3,1,4,1,2,0,4,2,9,5.2,Gabby Nikitinaite,https://www.sports-reference.com/cbb/players/gabby-nikitinaite-1.html,george-washington,2020-21
16,106,22,2021-03-10,George Washington,,George Mason,CTOURN,W 62-56,,27,6,11,.545,4,8,.500,2,3,.667,.727,0,1,.000,0,2,2,0,3,0,1,0,16,12.9,Gabby Nikitinaite,https://www.sports-reference.com/cbb/players/gabby-nikitinaite-1.html,george-washington,2020-21
17,107,23,2021-03-11,George Washington,@,Richmond,CTOURN,L 54-58 (OT),,27,3,7,.429,1,5,.200,2,2,1.000,.500,1,2,.500,1,5,6,1,1,1,2,0,8,6.5,Gabby Nikitinaite,https://www.sports-reference.com/cbb/players/gabby-nikitinaite-1.html,george-washington,2020-21
