ranker,player_game_num_career,team_game_num_season,date,team_name_abbr,game_location,opp_name_abbr,game_type,game_result,is_starter,mp,fg,fga,fg_pct,fg3,fg3a,fg3_pct,fg2,fg2a,fg2_pct,efg_pct,ft,fta,ft_pct,orb,drb,trb,ast,stl,blk,tov,pf,pts,game_score,player_name,player_sr_link,school,season
1,92,1,2020-11-25,George Washington,,Lincoln (PA),REG (Non-Conf),W 53-38,*,38,3,10,.300,0,3,.000,3,7,.429,.300,0,0,,0,5,5,3,0,0,0,3,6,2.6,Jasmine Whitney,https://www.sports-reference.com/cbb/players/jasmine-whitney-1.html,george-washington,2020-21
2,93,2,2020-11-28,George Washington,,Old Dominion,REG (Non-Conf),W 55-37,*,38,1,8,.125,0,0,,1,8,.125,.125,4,4,1.000,1,7,8,4,5,1,3,0,6,9.1,Jasmine Whitney,https://www.sports-reference.com/cbb/players/jasmine-whitney-1.html,george-washington,2020-21
3,94,3,2020-12-01,George Washington,@,Virginia Tech,REG (Non-Conf),L 57-92,*,27,5,12,.417,1,3,.333,4,9,.444,.458,2,2,1.000,0,1,1,3,1,1,0,2,13,9.9,Jasmine Whitney,https://www.sports-reference.com/cbb/players/jasmine-whitney-1.html,george-washington,2020-21
4,95,4,2020-12-09,George Washington,@,James Madison,REG (Non-Conf),L 69-79,*,32,0,9,.000,0,2,.000,0,7,.000,.000,4,4,1.000,2,2,4,3,2,0,2,4,4,0.2,Jasmine Whitney,https://www.sports-reference.com/cbb/players/jasmine-whitney-1.html,george-washington,2020-21
5,96,5,2020-12-13,George Washington,@,Howard,REG (Non-Conf),L 53-63,*,34,3,9,.333,0,4,.000,3,5,.600,.333,2,2,1.000,1,0,1,6,3,0,4,3,8,5.6,Jasmine Whitney,https://www.sports-reference.com/cbb/players/jasmine-whitney-1.html,george-washington,2020-21
6,97,6,2020-12-20,George Washington,,Delaware,REG (Non-Conf),W 61-56,*,38,5,13,.385,1,3,.333,4,10,.400,.423,5,6,.833,1,4,5,3,3,0,1,1,16,14.1,Jasmine Whitney,https://www.sports-reference.com/cbb/players/jasmine-whitney-1.html,george-washington,2020-21
7,98,7,2021-01-01,George Washington,@,Davidson,REG (Conf),L 62-66,*,37,7,15,.467,2,4,.500,5,11,.455,.533,2,2,1.000,1,4,5,7,6,0,3,4,18,18.5,Jasmine Whitney,https://www.sports-reference.com/cbb/players/jasmine-whitney-1.html,george-washington,2020-21
8,99,8,2021-01-03,George Washington,@,Fordham,REG (Conf),L 47-53,*,36,1,8,.125,0,1,.000,1,7,.143,.125,0,0,,0,3,3,5,3,0,0,0,2,4.2,Jasmine Whitney,https://www.sports-reference.com/cbb/players/jasmine-whitney-1.html,george-washington,2020-21
9,100,9,2021-01-10,George Washington,,Dayton,REG (Conf),L 54-67,*,33,5,9,.556,0,3,.000,5,6,.833,.556,0,0,,2,1,3,4,3,0,2,3,10,10.0,Jasmine Whitney,https://www.sports-reference.com/cbb/players/jasmine-whitney-1.html,george-washington,2020-21
10,101,10,2021-01-13,George Washington,@,Richmond,REG (Conf),L 42-47,*,39,1,10,.100,0,3,.000,1,7,.143,.100,0,1,.000,1,2,3,5,4,1,2,2,2,1.7,Jasmine Whitney,https://www.sports-reference.com/cbb/players/jasmine-whitney-1.html,george-washington,2020-21
11,102,11,2021-01-17,George Washington,@,George Mason,REG (Conf),W 67-47,*,31,2,6,.333,0,0,,2,6,.333,.333,0,0,,0,3,3,6,2,0,0,1,4,7.3,Jasmine Whitney,https://www.sports-reference.com/cbb/players/jasmine-whitney-1.html,george-washington,2020-21
12,103,12,2021-01-22,George Washington,@,La Salle,REG (Conf),L 45-60,*,39,4,12,.333,0,2,.000,4,10,.400,.333,2,3,.667,0,6,6,4,1,0,2,2,10,5.6,Jasmine Whitney,https://www.sports-reference.com/cbb/players/jasmine-whitney-1.html,george-washington,2020-21
13,104,13,2021-01-24,George Washington,@,Saint Joseph's,REG (Conf),L 61-63,*,33,5,12,.417,2,3,.667,3,9,.333,.500,0,0,,3,5,8,5,1,0,1,3,12,11.5,Jasmine Whitney,https://www.sports-reference.com/cbb/players/jasmine-whitney-1.html,george-washington,2020-21
14,105,14,2021-01-27,George Washington,@,VCU,REG (Conf),L 60-67,*,37,3,6,.500,0,2,.000,3,4,.750,.500,0,0,,0,4,4,4,3,1,4,2,6,5.9,Jasmine Whitney,https://www.sports-reference.com/cbb/players/jasmine-whitney-1.html,george-washington,2020-21
15,106,15,2021-01-29,George Washington,,Richmond,REG (Conf),L 49-60,*,40,2,9,.222,0,2,.000,2,7,.286,.222,3,4,.750,0,2,2,6,7,1,3,3,7,9.4,Jasmine Whitney,https://www.sports-reference.com/cbb/players/jasmine-whitney-1.html,george-washington,2020-21
16,107,16,2021-02-01,George Washington,,VCU,REG (Conf),L 50-64,*,40,4,10,.400,1,3,.333,3,7,.429,.450,0,0,,0,2,2,3,3,0,2,3,9,6.1,Jasmine Whitney,https://www.sports-reference.com/cbb/players/jasmine-whitney-1.html,george-washington,2020-21
17,108,17,2021-02-12,George Washington,,Duquesne,REG (Conf),W 63-45,*,34,3,7,.429,3,5,.600,0,2,.000,.643,0,0,,0,7,7,5,3,1,4,2,9,9.8,Jasmine Whitney,https://www.sports-reference.com/cbb/players/jasmine-whitney-1.html,george-washington,2020-21
18,109,18,2021-02-14,George Washington,,St. Bonaventure,REG (Conf),W 56-39,*,37,3,8,.375,1,3,.333,2,5,.400,.438,2,2,1.000,1,6,7,9,1,1,0,1,9,14.7,Jasmine Whitney,https://www.sports-reference.com/cbb/players/jasmine-whitney-1.html,george-washington,2020-21
19,110,19,2021-02-18,George Washington,,Davidson,REG (Conf),W 59-44,*,36,4,10,.400,0,2,.000,4,8,.500,.400,3,4,.750,0,8,8,7,2,0,4,0,11,10.5,Jasmine Whitney,https://www.sports-reference.com/cbb/players/jasmine-whitney-1.html,george-washington,2020-21
20,111,20,2021-02-28,George Washington,,George Mason,REG (Conf),W 68-39,*,37,4,6,.667,1,2,.500,3,4,.750,.750,0,0,,0,7,7,6,6,1,0,1,9,19.0,Jasmine Whitney,https://www.sports-reference.com/cbb/players/jasmine-whitney-1.html,george-washington,2020-21
21,112,21,2021-03-04,George Washington,,Fordham,REG (Non-Conf),L 43-48,*,34,3,6,.500,0,2,.000,3,4,.750,.500,0,0,,0,1,1,2,2,0,0,3,6,5.5,Jasmine Whitney,https://www.sports-reference.com/cbb/players/jasmine-whitney-1.html,george-washington,2020-21
22,113,22,2021-03-10,George Washington,,George Mason,CTOURN,W 62-56,*,40,1,9,.111,1,4,.250,0,5,.000,.167,5,6,.833,1,3,4,4,2,0,2,1,8,5.7,Jasmine Whitney,https://www.sports-reference.com/cbb/players/jasmine-whitney-1.html,george-washington,2020-21
23,114,23,2021-03-11,George Washington,@,Richmond,CTOURN,L 54-58 (OT),*,45,6,12,.500,1,5,.200,5,7,.714,.542,0,0,,1,3,4,2,6,1,1,2,13,14.9,Jasmine Whitney,https://www.sports-reference.com/cbb/players/jasmine-whitney-1.html,george-washington,2020-21
