ranker,player_game_num_career,team_game_num_season,date,team_name_abbr,game_location,opp_name_abbr,game_type,game_result,is_starter,mp,fg,fga,fg_pct,fg3,fg3a,fg3_pct,fg2,fg2a,fg2_pct,efg_pct,ft,fta,ft_pct,orb,drb,trb,ast,stl,blk,tov,pf,pts,game_score,player_name,player_sr_link,school,season
1,53,1,2020-11-25,George Washington,,Lincoln (PA),REG (Non-Conf),W 53-38,*,36,1,10,.100,0,8,.000,1,2,.500,.100,2,2,1.000,0,4,4,3,0,0,2,0,4,-1.3,Maddie Loder,https://www.sports-reference.com/cbb/players/maddie-loder-1.html,george-washington,2020-21
2,54,2,2020-11-28,George Washington,,Old Dominion,REG (Non-Conf),W 55-37,*,27,2,10,.200,0,2,.000,2,8,.250,.200,2,2,1.000,0,2,2,3,1,0,2,1,6,1.1,Maddie Loder,https://www.sports-reference.com/cbb/players/maddie-loder-1.html,george-washington,2020-21
3,55,3,2020-12-01,George Washington,@,Virginia Tech,REG (Non-Conf),L 57-92,*,23,2,6,.333,0,2,.000,2,4,.500,.333,4,4,1.000,0,3,3,4,2,0,1,1,8,8.9,Maddie Loder,https://www.sports-reference.com/cbb/players/maddie-loder-1.html,george-washington,2020-21
4,56,4,2020-12-09,George Washington,@,James Madison,REG (Non-Conf),L 69-79,*,20,1,8,.125,0,4,.000,1,4,.250,.125,4,4,1.000,0,0,0,2,0,0,2,2,6,-0.6,Maddie Loder,https://www.sports-reference.com/cbb/players/maddie-loder-1.html,george-washington,2020-21
5,57,5,2020-12-13,George Washington,@,Howard,REG (Non-Conf),L 53-63,*,30,5,10,.500,2,6,.333,3,4,.750,.600,5,6,.833,0,2,2,2,1,0,3,3,17,10.4,Maddie Loder,https://www.sports-reference.com/cbb/players/maddie-loder-1.html,george-washington,2020-21
6,58,6,2020-12-20,George Washington,,Delaware,REG (Non-Conf),W 61-56,*,27,3,6,.500,0,2,.000,3,4,.750,.500,3,3,1.000,0,3,3,1,0,0,1,1,9,6.2,Maddie Loder,https://www.sports-reference.com/cbb/players/maddie-loder-1.html,george-washington,2020-21
7,59,7,2021-01-01,George Washington,@,Davidson,REG (Conf),L 62-66,*,17,0,5,.000,0,3,.000,0,2,.000,.000,2,2,1.000,0,0,0,1,0,0,2,1,2,-3.2,Maddie Loder,https://www.sports-reference.com/cbb/players/maddie-loder-1.html,george-washington,2020-21
8,60,8,2021-01-03,George Washington,@,Fordham,REG (Conf),L 47-53,*,13,0,0,,0,0,,0,0,,,0,0,,0,0,0,3,1,0,1,0,0,2.1,Maddie Loder,https://www.sports-reference.com/cbb/players/maddie-loder-1.html,george-washington,2020-21
9,61,9,2021-01-10,George Washington,,Dayton,REG (Conf),L 54-67,,9,0,3,.000,0,2,.000,0,1,.000,.000,0,0,,0,0,0,1,1,0,0,0,0,-0.4,Maddie Loder,https://www.sports-reference.com/cbb/players/maddie-loder-1.html,george-washington,2020-21
10,62,10,2021-01-13,George Washington,@,Richmond,REG (Conf),L 42-47,,14,1,3,.333,0,0,,1,3,.333,.333,1,1,1.000,0,2,2,0,0,0,1,0,3,0.9,Maddie Loder,https://www.sports-reference.com/cbb/players/maddie-loder-1.html,george-washington,2020-21
11,63,11,2021-01-17,George Washington,@,George Mason,REG (Conf),W 67-47,,4,0,2,.000,0,1,.000,0,1,.000,.000,0,0,,0,0,0,0,0,0,0,0,0,-1.4,Maddie Loder,https://www.sports-reference.com/cbb/players/maddie-loder-1.html,george-washington,2020-21
12,64,12,2021-01-22,George Washington,@,La Salle,REG (Conf),L 45-60,,4,0,1,.000,0,1,.000,0,0,,.000,0,0,,0,1,1,0,0,0,0,0,0,-0.4,Maddie Loder,https://www.sports-reference.com/cbb/players/maddie-loder-1.html,george-washington,2020-21
13,65,13,2021-01-24,George Washington,@,Saint Joseph's,REG (Conf),L 61-63,,18,0,1,.000,0,0,,0,1,.000,.000,0,0,,0,2,2,1,0,0,0,0,0,0.6,Maddie Loder,https://www.sports-reference.com/cbb/players/maddie-loder-1.html,george-washington,2020-21
14,66,14,2021-01-27,George Washington,@,VCU,REG (Conf),L 60-67,*,33,4,7,.571,0,1,.000,4,6,.667,.571,3,5,.600,0,3,3,3,1,1,5,3,11,5.4,Maddie Loder,https://www.sports-reference.com/cbb/players/maddie-loder-1.html,george-washington,2020-21
15,67,15,2021-01-29,George Washington,,Richmond,REG (Conf),L 49-60,*,33,5,11,.455,1,3,.333,4,8,.500,.500,2,2,1.000,1,1,2,4,3,0,3,2,13,10.3,Maddie Loder,https://www.sports-reference.com/cbb/players/maddie-loder-1.html,george-washington,2020-21
16,68,16,2021-02-01,George Washington,,VCU,REG (Conf),L 50-64,*,33,3,11,.273,1,2,.500,2,9,.222,.318,0,0,,0,2,2,4,1,1,1,0,7,4.6,Maddie Loder,https://www.sports-reference.com/cbb/players/maddie-loder-1.html,george-washington,2020-21
17,69,17,2021-02-12,George Washington,,Duquesne,REG (Conf),W 63-45,*,29,5,6,.833,4,4,1.000,1,2,.500,1.167,1,2,.500,0,0,0,2,3,0,1,0,15,15.8,Maddie Loder,https://www.sports-reference.com/cbb/players/maddie-loder-1.html,george-washington,2020-21
18,70,18,2021-02-14,George Washington,,St. Bonaventure,REG (Conf),W 56-39,*,9,0,5,.000,0,2,.000,0,3,.000,.000,0,0,,0,1,1,0,0,0,1,0,0,-4.2,Maddie Loder,https://www.sports-reference.com/cbb/players/maddie-loder-1.html,george-washington,2020-21
19,71,19,2021-02-18,George Washington,,Davidson,REG (Conf),W 59-44,*,18,1,4,.250,0,1,.000,1,3,.333,.250,0,0,,1,2,3,0,0,0,0,0,2,0.9,Maddie Loder,https://www.sports-reference.com/cbb/players/maddie-loder-1.html,george-washington,2020-21
20,72,20,2021-02-28,George Washington,,George Mason,REG (Conf),W 68-39,*,15,2,7,.286,1,3,.333,1,4,.250,.357,0,0,,0,0,0,1,2,0,0,0,5,3.6,Maddie Loder,https://www.sports-reference.com/cbb/players/maddie-loder-1.html,george-washington,2020-21
21,73,21,2021-03-04,George Washington,,Fordham,REG (Non-Conf),L 43-48,*,12,0,0,,0,0,,0,0,,,0,0,,0,1,1,0,0,0,1,2,0,-1.5,Maddie Loder,https://www.sports-reference.com/cbb/players/maddie-loder-1.html,george-washington,2020-21
22,74,22,2021-03-10,George Washington,,George Mason,CTOURN,W 62-56,*,17,1,3,.333,1,1,1.000,0,2,.000,.500,0,0,,0,0,0,0,0,0,0,0,3,1.3,Maddie Loder,https://www.sports-reference.com/cbb/players/maddie-loder-1.html,george-washington,2020-21
23,75,23,2021-03-11,George Washington,@,Richmond,CTOURN,L 54-58 (OT),*,30,0,3,.000,0,2,.000,0,1,.000,.000,0,0,,0,1,1,1,0,0,2,2,0,-3.9,Maddie Loder,https://www.sports-reference.com/cbb/players/maddie-loder-1.html,george-washington,2020-21
