ranker,player_game_num_career,team_game_num_season,date,team_name_abbr,game_location,opp_name_abbr,game_type,game_result,is_starter,mp,fg,fga,fg_pct,fg3,fg3a,fg2,fg2a,fg2_pct,efg_pct,ft,fta,ft_pct,orb,drb,trb,ast,stl,blk,tov,pf,pts,game_score,player_name,player_sr_link,school,season
1,31,2,2020-11-28,George Washington,,Old Dominion,REG (Non-Conf),W 55-37,,16,0,2,.000,0,0,0,2,.000,.000,4,4,1.000,2,5,7,0,3,0,2,0,4,6.5,Mayowa Taiwo,https://www.sports-reference.com/cbb/players/mayowa-taiwo-1.html,george-washington,2020-21
2,32,3,2020-12-01,George Washington,@,Virginia Tech,REG (Non-Conf),L 57-92,*,23,3,10,.300,0,0,3,10,.300,.300,2,8,.250,1,3,4,0,2,0,1,3,8,1.2,Mayowa Taiwo,https://www.sports-reference.com/cbb/players/mayowa-taiwo-1.html,george-washington,2020-21
3,33,4,2020-12-09,George Washington,@,James Madison,REG (Non-Conf),L 69-79,*,11,0,3,.000,0,0,0,3,.000,.000,4,6,.667,3,1,4,0,2,2,1,3,4,4.7,Mayowa Taiwo,https://www.sports-reference.com/cbb/players/mayowa-taiwo-1.html,george-washington,2020-21
4,34,5,2020-12-13,George Washington,@,Howard,REG (Non-Conf),L 53-63,,21,0,6,.000,0,0,0,6,.000,.000,0,5,.000,2,1,3,0,1,0,2,2,0,-6.3,Mayowa Taiwo,https://www.sports-reference.com/cbb/players/mayowa-taiwo-1.html,george-washington,2020-21
5,35,6,2020-12-20,George Washington,,Delaware,REG (Non-Conf),W 61-56,,8,1,2,.500,0,0,1,2,.500,.500,2,2,1.000,0,4,4,0,1,0,4,2,4,0.4,Mayowa Taiwo,https://www.sports-reference.com/cbb/players/mayowa-taiwo-1.html,george-washington,2020-21
6,36,7,2021-01-01,George Washington,@,Davidson,REG (Conf),L 62-66,,16,3,7,.429,0,0,3,7,.429,.429,1,4,.250,3,5,8,0,1,0,0,2,7,5.9,Mayowa Taiwo,https://www.sports-reference.com/cbb/players/mayowa-taiwo-1.html,george-washington,2020-21
7,37,8,2021-01-03,George Washington,@,Fordham,REG (Conf),L 47-53,,11,1,3,.333,0,0,1,3,.333,.333,0,0,,0,1,1,1,0,0,2,4,2,-2.3,Mayowa Taiwo,https://www.sports-reference.com/cbb/players/mayowa-taiwo-1.html,george-washington,2020-21
8,38,9,2021-01-10,George Washington,,Dayton,REG (Conf),L 54-67,,14,2,2,1.000,0,0,2,2,1.000,1.000,0,2,.000,1,1,2,1,0,0,2,2,4,1.5,Mayowa Taiwo,https://www.sports-reference.com/cbb/players/mayowa-taiwo-1.html,george-washington,2020-21
9,39,10,2021-01-13,George Washington,@,Richmond,REG (Conf),L 42-47,,6,0,2,.000,0,0,0,2,.000,.000,0,0,,1,1,2,1,0,0,0,1,0,-0.1,Mayowa Taiwo,https://www.sports-reference.com/cbb/players/mayowa-taiwo-1.html,george-washington,2020-21
10,40,11,2021-01-17,George Washington,@,George Mason,REG (Conf),W 67-47,*,10,2,3,.667,0,0,2,3,.667,.667,0,0,,1,3,4,0,1,0,0,0,4,5.3,Mayowa Taiwo,https://www.sports-reference.com/cbb/players/mayowa-taiwo-1.html,george-washington,2020-21
11,41,17,2021-02-12,George Washington,,Duquesne,REG (Conf),W 63-45,*,25,4,5,.800,0,0,4,5,.800,.800,0,0,,4,4,8,2,3,0,5,1,8,9.1,Mayowa Taiwo,https://www.sports-reference.com/cbb/players/mayowa-taiwo-1.html,george-washington,2020-21
12,42,18,2021-02-14,George Washington,,St. Bonaventure,REG (Conf),W 56-39,*,29,4,8,.500,0,0,4,8,.500,.500,0,2,.000,3,1,4,1,1,1,2,2,8,5.2,Mayowa Taiwo,https://www.sports-reference.com/cbb/players/mayowa-taiwo-1.html,george-washington,2020-21
13,43,19,2021-02-18,George Washington,,Davidson,REG (Conf),W 59-44,*,27,1,3,.333,0,0,1,3,.333,.333,3,6,.500,3,3,6,1,2,0,1,1,5,6.4,Mayowa Taiwo,https://www.sports-reference.com/cbb/players/mayowa-taiwo-1.html,george-washington,2020-21
14,44,20,2021-02-28,George Washington,,George Mason,REG (Conf),W 68-39,*,21,1,4,.250,0,0,1,4,.250,.250,1,2,.500,3,0,3,3,0,0,1,1,3,3.0,Mayowa Taiwo,https://www.sports-reference.com/cbb/players/mayowa-taiwo-1.html,george-washington,2020-21
15,45,21,2021-03-04,George Washington,,Fordham,REG (Non-Conf),L 43-48,*,21,3,6,.500,0,0,3,6,.500,.500,1,2,.500,2,2,4,1,4,0,2,2,7,7.5,Mayowa Taiwo,https://www.sports-reference.com/cbb/players/mayowa-taiwo-1.html,george-washington,2020-21
16,46,22,2021-03-10,George Washington,,George Mason,CTOURN,W 62-56,*,28,6,11,.545,0,0,6,11,.545,.545,5,6,.833,4,5,9,1,3,0,1,3,17,17.1,Mayowa Taiwo,https://www.sports-reference.com/cbb/players/mayowa-taiwo-1.html,george-washington,2020-21
17,47,23,2021-03-11,George Washington,@,Richmond,CTOURN,L 54-58 (OT),*,34,7,10,.700,0,0,7,10,.700,.700,5,11,.455,6,5,11,2,5,0,1,2,19,22.7,Mayowa Taiwo,https://www.sports-reference.com/cbb/players/mayowa-taiwo-1.html,george-washington,2020-21
