ranker,player_game_num_career,team_game_num_season,date,team_name_abbr,game_location,opp_name_abbr,game_type,game_result,is_starter,mp,fg,fga,fg_pct,fg3,fg3a,fg3_pct,fg2,fg2a,fg2_pct,efg_pct,ft,fta,ft_pct,orb,drb,trb,ast,stl,blk,tov,pf,pts,game_score,player_name,player_sr_link,school,season
1,69,1,2020-11-25,George Washington,,Lincoln (PA),REG (Non-Conf),W 53-38,*,34,8,14,.571,0,1,.000,8,13,.615,.571,0,0,,8,9,17,2,2,0,2,4,16,17.5,Neila Luma,https://www.sports-reference.com/cbb/players/neila-luma-1.html,george-washington,2020-21
2,70,2,2020-11-28,George Washington,,Old Dominion,REG (Non-Conf),W 55-37,*,33,8,13,.615,0,0,,8,13,.615,.615,2,2,1.000,1,4,5,2,1,0,1,3,18,14.2,Neila Luma,https://www.sports-reference.com/cbb/players/neila-luma-1.html,george-washington,2020-21
3,71,3,2020-12-01,George Washington,@,Virginia Tech,REG (Non-Conf),L 57-92,*,15,1,5,.200,0,1,.000,1,4,.250,.200,0,0,,0,0,0,0,1,0,0,5,2,-2.1,Neila Luma,https://www.sports-reference.com/cbb/players/neila-luma-1.html,george-washington,2020-21
4,72,4,2020-12-09,George Washington,@,James Madison,REG (Non-Conf),L 69-79,*,26,4,9,.444,0,0,,4,9,.444,.444,8,11,.727,1,4,5,0,0,0,4,1,16,7.6,Neila Luma,https://www.sports-reference.com/cbb/players/neila-luma-1.html,george-washington,2020-21
5,73,5,2020-12-13,George Washington,@,Howard,REG (Non-Conf),L 53-63,*,20,3,12,.250,0,0,,3,12,.250,.250,2,2,1.000,3,1,4,1,0,0,0,5,8,1.9,Neila Luma,https://www.sports-reference.com/cbb/players/neila-luma-1.html,george-washington,2020-21
6,74,6,2020-12-20,George Washington,,Delaware,REG (Non-Conf),W 61-56,*,30,1,9,.111,0,0,,1,9,.111,.111,2,4,.500,1,3,4,0,0,0,3,1,4,-4.5,Neila Luma,https://www.sports-reference.com/cbb/players/neila-luma-1.html,george-washington,2020-21
7,75,7,2021-01-01,George Washington,@,Davidson,REG (Conf),L 62-66,*,32,3,4,.750,0,0,,3,4,.750,.750,5,7,.714,1,9,10,1,2,0,3,2,11,10.9,Neila Luma,https://www.sports-reference.com/cbb/players/neila-luma-1.html,george-washington,2020-21
8,76,8,2021-01-03,George Washington,@,Fordham,REG (Conf),L 47-53,*,26,4,9,.444,0,0,,4,9,.444,.444,2,3,.667,1,6,7,1,0,0,1,2,10,6.3,Neila Luma,https://www.sports-reference.com/cbb/players/neila-luma-1.html,george-washington,2020-21
9,77,9,2021-01-10,George Washington,,Dayton,REG (Conf),L 54-67,*,31,6,12,.500,0,1,.000,6,11,.545,.500,0,0,,3,3,6,2,0,0,1,4,12,7.8,Neila Luma,https://www.sports-reference.com/cbb/players/neila-luma-1.html,george-washington,2020-21
10,78,10,2021-01-13,George Washington,@,Richmond,REG (Conf),L 42-47,*,35,6,11,.545,0,0,,6,11,.545,.545,0,0,,2,5,7,0,0,1,0,4,12,8.7,Neila Luma,https://www.sports-reference.com/cbb/players/neila-luma-1.html,george-washington,2020-21
11,79,11,2021-01-17,George Washington,@,George Mason,REG (Conf),W 67-47,*,30,6,12,.500,0,0,,6,12,.500,.500,0,0,,2,3,5,2,1,0,1,1,12,9.3,Neila Luma,https://www.sports-reference.com/cbb/players/neila-luma-1.html,george-washington,2020-21
12,80,12,2021-01-22,George Washington,@,La Salle,REG (Conf),L 45-60,*,31,2,8,.250,0,0,,2,8,.250,.250,0,0,,1,7,8,4,0,0,4,2,4,0.0,Neila Luma,https://www.sports-reference.com/cbb/players/neila-luma-1.html,george-washington,2020-21
13,81,13,2021-01-24,George Washington,@,Saint Joseph's,REG (Conf),L 61-63,*,35,3,8,.375,0,0,,3,8,.375,.375,0,2,.000,3,5,8,2,1,1,2,3,6,4.3,Neila Luma,https://www.sports-reference.com/cbb/players/neila-luma-1.html,george-washington,2020-21
14,82,14,2021-01-27,George Washington,@,VCU,REG (Conf),L 60-67,*,24,2,5,.400,0,0,,2,5,.400,.400,0,2,.000,1,7,8,3,0,0,1,5,4,2.4,Neila Luma,https://www.sports-reference.com/cbb/players/neila-luma-1.html,george-washington,2020-21
15,83,15,2021-01-29,George Washington,,Richmond,REG (Conf),L 49-60,*,35,3,11,.273,0,0,,3,11,.273,.273,1,2,.500,2,4,6,1,2,0,3,2,7,1.6,Neila Luma,https://www.sports-reference.com/cbb/players/neila-luma-1.html,george-washington,2020-21
16,84,16,2021-02-01,George Washington,,VCU,REG (Conf),L 50-64,*,30,0,4,.000,0,0,,0,4,.000,.000,0,0,,2,2,4,6,1,0,1,0,0,3.4,Neila Luma,https://www.sports-reference.com/cbb/players/neila-luma-1.html,george-washington,2020-21
17,85,17,2021-02-12,George Washington,,Duquesne,REG (Conf),W 63-45,*,21,1,4,.250,0,0,,1,4,.250,.250,0,0,,0,3,3,2,1,0,0,3,2,1.7,Neila Luma,https://www.sports-reference.com/cbb/players/neila-luma-1.html,george-washington,2020-21
18,86,18,2021-02-14,George Washington,,St. Bonaventure,REG (Conf),W 56-39,*,29,3,5,.600,0,0,,3,5,.600,.600,0,2,.000,3,4,7,1,1,0,1,4,6,5.3,Neila Luma,https://www.sports-reference.com/cbb/players/neila-luma-1.html,george-washington,2020-21
19,87,19,2021-02-18,George Washington,,Davidson,REG (Conf),W 59-44,*,33,5,6,.833,0,0,,5,6,.833,.833,0,0,,0,5,5,3,0,0,0,3,10,10.2,Neila Luma,https://www.sports-reference.com/cbb/players/neila-luma-1.html,george-washington,2020-21
20,88,20,2021-02-28,George Washington,,George Mason,REG (Conf),W 68-39,*,29,2,11,.182,0,0,,2,11,.182,.182,0,0,,5,4,9,2,2,1,0,1,4,5.5,Neila Luma,https://www.sports-reference.com/cbb/players/neila-luma-1.html,george-washington,2020-21
21,89,21,2021-03-04,George Washington,,Fordham,REG (Non-Conf),L 43-48,*,38,3,9,.333,0,0,,3,9,.333,.333,3,8,.375,1,4,5,2,0,0,3,2,9,1.4,Neila Luma,https://www.sports-reference.com/cbb/players/neila-luma-1.html,george-washington,2020-21
22,90,22,2021-03-10,George Washington,,George Mason,CTOURN,W 62-56,*,16,0,3,.000,0,0,,0,3,.000,.000,0,0,,2,1,3,0,0,0,1,2,0,-2.2,Neila Luma,https://www.sports-reference.com/cbb/players/neila-luma-1.html,george-washington,2020-21
23,91,23,2021-03-11,George Washington,@,Richmond,CTOURN,L 54-58 (OT),*,26,2,6,.333,0,0,,2,6,.333,.333,1,4,.250,2,3,5,1,0,0,3,3,5,-0.8,Neila Luma,https://www.sports-reference.com/cbb/players/neila-luma-1.html,george-washington,2020-21
