ranker,player_game_num_career,team_game_num_season,date,team_name_abbr,game_location,opp_name_abbr,game_type,game_result,is_starter,mp,fg,fga,fg_pct,fg3,fg3a,fg3_pct,fg2,fg2a,fg2_pct,efg_pct,ft,fta,ft_pct,orb,drb,trb,ast,stl,blk,tov,pf,pts,game_score,player_name,player_sr_link,school,season
1,86,9,2021-01-10,George Washington,,Dayton,REG (Conf),L 54-67,,12,1,8,.125,1,5,.200,0,3,.000,.188,0,0,,1,0,1,0,0,0,0,0,3,-1.5,Sydney Zambrotta,https://www.sports-reference.com/cbb/players/sydney-zambrotta-1.html,george-washington,2020-21
2,87,10,2021-01-13,George Washington,@,Richmond,REG (Conf),L 42-47,,18,1,7,.143,0,4,.000,1,3,.333,.143,1,2,.500,0,2,2,0,0,0,0,1,3,-1.7,Sydney Zambrotta,https://www.sports-reference.com/cbb/players/sydney-zambrotta-1.html,george-washington,2020-21
3,88,11,2021-01-17,George Washington,@,George Mason,REG (Conf),W 67-47,,18,3,9,.333,1,4,.250,2,5,.400,.389,0,1,.000,0,2,2,0,2,0,0,2,7,3.3,Sydney Zambrotta,https://www.sports-reference.com/cbb/players/sydney-zambrotta-1.html,george-washington,2020-21
4,89,12,2021-01-22,George Washington,@,La Salle,REG (Conf),L 45-60,*,32,6,14,.429,2,5,.400,4,9,.444,.500,3,3,1.000,2,2,4,1,2,0,2,4,17,10.7,Sydney Zambrotta,https://www.sports-reference.com/cbb/players/sydney-zambrotta-1.html,george-washington,2020-21
5,90,13,2021-01-24,George Washington,@,Saint Joseph's,REG (Conf),L 61-63,*,31,4,14,.286,1,7,.143,3,7,.429,.321,4,4,1.000,1,3,4,3,1,1,1,2,13,8.4,Sydney Zambrotta,https://www.sports-reference.com/cbb/players/sydney-zambrotta-1.html,george-washington,2020-21
6,91,14,2021-01-27,George Washington,@,VCU,REG (Conf),L 60-67,,12,0,2,.000,0,1,.000,0,1,.000,.000,0,0,,0,2,2,2,1,0,1,2,0,-0.2,Sydney Zambrotta,https://www.sports-reference.com/cbb/players/sydney-zambrotta-1.html,george-washington,2020-21
7,92,15,2021-01-29,George Washington,,Richmond,REG (Conf),L 49-60,,2,0,0,,0,0,,0,0,,,0,0,,0,0,0,0,0,0,1,1,0,-1.4,Sydney Zambrotta,https://www.sports-reference.com/cbb/players/sydney-zambrotta-1.html,george-washington,2020-21
8,93,20,2021-02-28,George Washington,,George Mason,REG (Conf),W 68-39,,10,1,3,.333,1,2,.500,0,1,.000,.500,0,0,,0,1,1,2,1,1,1,2,3,2.9,Sydney Zambrotta,https://www.sports-reference.com/cbb/players/sydney-zambrotta-1.html,george-washington,2020-21
9,94,21,2021-03-04,George Washington,,Fordham,REG (Non-Conf),L 43-48,,9,0,1,.000,0,1,.000,0,0,,.000,2,2,1.000,0,0,0,0,0,0,0,2,2,0.5,Sydney Zambrotta,https://www.sports-reference.com/cbb/players/sydney-zambrotta-1.html,george-washington,2020-21
