ranker,player_game_num_career,team_game_num_season,date,team_name_abbr,game_location,opp_name_abbr,game_type,game_result,is_starter,mp,fg,fga,fg_pct,fg3,fg3a,fg3_pct,fg2,fg2a,fg2_pct,efg_pct,ft,fta,ft_pct,orb,drb,trb,ast,stl,blk,tov,pf,pts,game_score,player_name,player_sr_link,school,season
1,1,7,2024-11-25,Duke,N,Kansas State,REG (Non-Conf),W 73-62,,2,0,0,,0,0,,0,0,,,0,0,,0,0,0,0,0,0,1,2,0,-1.8,Jenessa Cotton,https://www.sports-reference.com/cbb/players/jenessa-cotton-1.html,duke,2024-25
2,2,8,2024-11-27,Duke,N,Oklahoma,REG (Non-Conf),W 109-99 (OT),,14,2,4,.500,0,0,,2,4,.500,.500,0,0,,1,2,3,1,0,0,1,2,4,2.2,Jenessa Cotton,https://www.sports-reference.com/cbb/players/jenessa-cotton-1.html,duke,2024-25
3,3,9,2024-12-01,Duke,,Columbia,REG (Non-Conf),W 77-61,,2,0,1,.000,0,0,,0,1,.000,.000,0,0,,0,1,1,0,0,0,2,0,0,-2.4,Jenessa Cotton,https://www.sports-reference.com/cbb/players/jenessa-cotton-1.html,duke,2024-25
4,4,10,2024-12-05,Duke,@,South Carolina,REG (Non-Conf),L 70-81,,4,0,1,.000,0,1,.000,0,0,,.000,0,0,,0,0,0,0,0,0,1,0,0,-1.7,Jenessa Cotton,https://www.sports-reference.com/cbb/players/jenessa-cotton-1.html,duke,2024-25
5,5,11,2024-12-08,Duke,,Virginia Tech,REG (Conf),W 81-59,,3,1,2,.500,0,0,,1,2,.500,.500,0,0,,0,0,0,0,0,0,1,1,2,-0.4,Jenessa Cotton,https://www.sports-reference.com/cbb/players/jenessa-cotton-1.html,duke,2024-25
6,6,14,2025-01-02,Duke,@,Boston College,REG (Conf),W 86-59,,6,1,1,1.000,0,0,,1,1,1.000,1.000,0,0,,0,2,2,0,0,1,1,1,2,1.6,Jenessa Cotton,https://www.sports-reference.com/cbb/players/jenessa-cotton-1.html,duke,2024-25
7,7,15,2025-01-05,Duke,,Pittsburgh,REG (Conf),W 69-31,,12,0,4,.000,0,1,.000,0,3,.000,.000,0,4,.000,0,0,0,1,1,1,1,2,0,-3.8,Jenessa Cotton,https://www.sports-reference.com/cbb/players/jenessa-cotton-1.html,duke,2024-25
8,8,18,2025-01-16,Duke,,California,REG (Conf),W 72-38,,3,0,1,.000,0,0,,0,1,.000,.000,0,0,,0,0,0,0,0,0,0,0,0,-0.7,Jenessa Cotton,https://www.sports-reference.com/cbb/players/jenessa-cotton-1.html,duke,2024-25
