ranker,player_game_num_career,team_game_num_season,date,team_name_abbr,game_location,opp_name_abbr,game_type,game_result,is_starter,mp,fg,fga,fg_pct,fg3,fg3a,fg3_pct,fg2,fg2a,fg2_pct,efg_pct,ft,fta,ft_pct,orb,drb,trb,ast,stl,blk,tov,pf,pts,game_score,player_name,player_sr_link,school,season
1,15,1,2024-11-04,Duke,,Radford,REG (Non-Conf),W 89-36,,23,4,6,.667,0,2,.000,4,4,1.000,.667,5,7,.714,2,6,8,0,2,2,1,3,13,14.0,Jordan Wood,https://www.sports-reference.com/cbb/players/jordan-wood-4.html,duke,2024-25
2,16,2,2024-11-07,Duke,@,Liberty,REG (Non-Conf),W 83-67,,16,4,6,.667,0,0,,4,6,.667,.667,2,3,.667,3,1,4,0,0,0,1,0,10,8.4,Jordan Wood,https://www.sports-reference.com/cbb/players/jordan-wood-4.html,duke,2024-25
3,17,3,2024-11-10,Duke,@,Maryland,REG (Non-Conf),L 80-85,,6,1,2,.500,1,1,1.000,0,1,.000,.750,0,0,,1,0,1,1,0,0,0,2,3,2.6,Jordan Wood,https://www.sports-reference.com/cbb/players/jordan-wood-4.html,duke,2024-25
4,18,4,2024-11-14,Duke,,Dayton,REG (Non-Conf),W 84-49,,20,8,11,.727,1,2,.500,7,9,.778,.773,0,2,.000,0,3,3,1,3,1,1,2,17,15.2,Jordan Wood,https://www.sports-reference.com/cbb/players/jordan-wood-4.html,duke,2024-25
5,19,5,2024-11-17,Duke,@,South Dakota State,REG (Non-Conf),W 75-71,,12,1,3,.333,0,1,.000,1,2,.500,.333,0,0,,2,1,3,0,0,0,1,2,2,0.2,Jordan Wood,https://www.sports-reference.com/cbb/players/jordan-wood-4.html,duke,2024-25
6,20,6,2024-11-21,Duke,,Belmont,REG (Non-Conf),W 79-47,,23,3,4,.750,0,1,.000,3,3,1.000,.750,2,2,1.000,2,11,13,4,1,0,2,2,8,12.1,Jordan Wood,https://www.sports-reference.com/cbb/players/jordan-wood-4.html,duke,2024-25
7,21,7,2024-11-25,Duke,N,Kansas State,REG (Non-Conf),W 73-62,,8,1,2,.500,0,0,,1,2,.500,.500,0,0,,3,1,4,0,0,0,1,1,2,2.0,Jordan Wood,https://www.sports-reference.com/cbb/players/jordan-wood-4.html,duke,2024-25
8,22,8,2024-11-27,Duke,N,Oklahoma,REG (Non-Conf),W 109-99 (OT),,22,6,8,.750,1,2,.500,5,6,.833,.813,0,0,,0,2,2,3,1,1,2,0,13,12.2,Jordan Wood,https://www.sports-reference.com/cbb/players/jordan-wood-4.html,duke,2024-25
9,23,9,2024-12-01,Duke,,Columbia,REG (Non-Conf),W 77-61,,15,4,6,.667,0,0,,4,6,.667,.667,0,0,,1,3,4,1,1,1,0,1,8,9.0,Jordan Wood,https://www.sports-reference.com/cbb/players/jordan-wood-4.html,duke,2024-25
10,24,10,2024-12-05,Duke,@,South Carolina,REG (Non-Conf),L 70-81,,12,1,4,.250,1,2,.500,0,2,.000,.375,0,0,,0,0,0,3,1,0,3,3,3,-0.5,Jordan Wood,https://www.sports-reference.com/cbb/players/jordan-wood-4.html,duke,2024-25
11,25,11,2024-12-08,Duke,,Virginia Tech,REG (Conf),W 81-59,,17,2,5,.400,2,3,.667,0,2,.000,.600,1,2,.500,0,3,3,2,0,1,0,1,7,6.5,Jordan Wood,https://www.sports-reference.com/cbb/players/jordan-wood-4.html,duke,2024-25
12,26,12,2024-12-18,Duke,,Wofford,REG (Non-Conf),W 93-58,,20,3,5,.600,1,3,.333,2,2,1.000,.700,2,3,.667,0,8,8,1,0,1,2,0,9,8.1,Jordan Wood,https://www.sports-reference.com/cbb/players/jordan-wood-4.html,duke,2024-25
13,27,13,2024-12-21,Duke,@,South Florida,REG (Non-Conf),L 56-65,,13,1,3,.333,0,2,.000,1,1,1.000,.333,3,4,.750,2,1,3,0,0,0,3,1,5,1.2,Jordan Wood,https://www.sports-reference.com/cbb/players/jordan-wood-4.html,duke,2024-25
14,28,14,2025-01-02,Duke,@,Boston College,REG (Conf),W 86-59,,13,0,3,.000,0,0,,0,3,.000,.000,2,2,1.000,0,1,1,0,1,2,0,3,2,1.4,Jordan Wood,https://www.sports-reference.com/cbb/players/jordan-wood-4.html,duke,2024-25
15,29,15,2025-01-05,Duke,,Pittsburgh,REG (Conf),W 69-31,,26,3,5,.600,1,1,1.000,2,4,.500,.700,2,4,.500,3,4,7,2,2,4,3,1,9,12.0,Jordan Wood,https://www.sports-reference.com/cbb/players/jordan-wood-4.html,duke,2024-25
16,30,16,2025-01-09,Duke,@,North Carolina,REG (Conf),L 46-53 (OT),,9,1,2,.500,0,1,.000,1,1,1.000,.500,0,0,,0,0,0,0,0,0,2,2,2,-1.8,Jordan Wood,https://www.sports-reference.com/cbb/players/jordan-wood-4.html,duke,2024-25
17,31,17,2025-01-12,Duke,@,Virginia,REG (Conf),W 60-55,,9,0,3,.000,0,2,.000,0,1,.000,.000,0,0,,0,1,1,1,0,0,1,1,0,-2.5,Jordan Wood,https://www.sports-reference.com/cbb/players/jordan-wood-4.html,duke,2024-25
18,32,18,2025-01-16,Duke,,California,REG (Conf),W 72-38,,13,1,5,.200,1,2,.500,0,3,.000,.300,0,0,,3,2,5,1,0,0,1,2,3,1.5,Jordan Wood,https://www.sports-reference.com/cbb/players/jordan-wood-4.html,duke,2024-25
19,33,19,2025-01-19,Duke,,Stanford,REG (Conf),W 74-49,,16,1,5,.200,1,3,.333,0,2,.000,.300,0,0,,0,6,6,0,1,0,0,1,3,2.3,Jordan Wood,https://www.sports-reference.com/cbb/players/jordan-wood-4.html,duke,2024-25
20,34,20,2025-01-23,Duke,@,SMU,REG (Conf),W 81-46,,9,1,2,.500,0,1,.000,1,1,1.000,.500,0,0,,1,0,1,0,0,0,0,0,2,1.7,Jordan Wood,https://www.sports-reference.com/cbb/players/jordan-wood-4.html,duke,2024-25
21,35,21,2025-01-26,Duke,@,Georgia Tech,REG (Conf),W 55-50,,4,0,1,.000,0,1,.000,0,0,,.000,0,0,,0,0,0,0,0,0,0,1,0,-1.1,Jordan Wood,https://www.sports-reference.com/cbb/players/jordan-wood-4.html,duke,2024-25
22,36,22,2025-02-03,Duke,@,NC State,REG (Conf),L 83-89,,3,0,1,.000,0,1,.000,0,0,,.000,0,0,,0,1,1,0,0,0,1,1,0,-1.8,Jordan Wood,https://www.sports-reference.com/cbb/players/jordan-wood-4.html,duke,2024-25
23,37,23,2025-02-06,Duke,,Clemson,REG (Conf),W 74-55,,8,0,4,.000,0,2,.000,0,2,.000,.000,0,0,,0,2,2,0,0,0,0,1,0,-2.6,Jordan Wood,https://www.sports-reference.com/cbb/players/jordan-wood-4.html,duke,2024-25
24,38,25,2025-02-13,Duke,@,Wake Forest,REG (Conf),W 72-47,,15,0,2,.000,0,0,,0,2,.000,.000,0,0,,0,2,2,1,2,0,1,2,0,0.1,Jordan Wood,https://www.sports-reference.com/cbb/players/jordan-wood-4.html,duke,2024-25
25,39,26,2025-02-17,Duke,@,Notre Dame,REG (Conf),L 49-64,,7,1,2,.500,0,1,.000,1,1,1.000,.500,0,0,,0,3,3,0,0,0,1,2,2,0.1,Jordan Wood,https://www.sports-reference.com/cbb/players/jordan-wood-4.html,duke,2024-25
26,40,27,2025-02-20,Duke,,Louisville,REG (Conf),L 62-70,,2,0,0,,0,0,,0,0,,,0,0,,0,0,0,0,0,0,1,1,0,-1.4,Jordan Wood,https://www.sports-reference.com/cbb/players/jordan-wood-4.html,duke,2024-25
27,41,28,2025-02-23,Duke,,Syracuse,REG (Conf),W 80-49,,17,1,2,.500,0,0,,1,2,.500,.500,0,0,,2,3,5,0,1,2,1,4,2,3.1,Jordan Wood,https://www.sports-reference.com/cbb/players/jordan-wood-4.html,duke,2024-25
28,42,29,2025-02-27,Duke,,North Carolina,REG (Conf),W 68-53,,1,0,0,,0,0,,0,0,,,0,0,,0,1,1,0,0,0,0,0,0,0.3,Jordan Wood,https://www.sports-reference.com/cbb/players/jordan-wood-4.html,duke,2024-25
29,43,30,2025-03-02,Duke,@,Florida State,REG (Conf),W 71-57,,5,0,0,,0,0,,0,0,,,0,0,,1,1,2,0,1,0,0,0,0,2.0,Jordan Wood,https://www.sports-reference.com/cbb/players/jordan-wood-4.html,duke,2024-25
30,44,31,2025-03-07,Duke,N,Louisville,CTOURN,W 61-48,,11,1,1,1.000,0,0,,1,1,1.000,1.000,0,0,,0,2,2,0,1,0,0,1,2,2.9,Jordan Wood,https://www.sports-reference.com/cbb/players/jordan-wood-4.html,duke,2024-25
31,45,32,2025-03-08,Duke,N,Notre Dame,CTOURN,W 61-56,,5,1,2,.500,0,1,.000,1,1,1.000,.500,0,0,,0,0,0,0,0,0,0,2,2,0.2,Jordan Wood,https://www.sports-reference.com/cbb/players/jordan-wood-4.html,duke,2024-25
32,46,33,2025-03-09,Duke,N,NC State,CTOURN,W 76-62,,3,2,2,1.000,1,1,1.000,1,1,1.000,1.250,0,0,,0,1,1,0,0,0,0,1,5,4.3,Jordan Wood,https://www.sports-reference.com/cbb/players/jordan-wood-4.html,duke,2024-25
33,47,34,2025-03-21,Duke,,Lehigh,ROUND-64,W 86-25,,24,2,4,.500,0,2,.000,2,2,1.000,.500,2,2,1.000,1,5,6,0,0,3,1,0,6,7.3,Jordan Wood,https://www.sports-reference.com/cbb/players/jordan-wood-4.html,duke,2024-25
34,48,35,2025-03-23,Duke,,Oregon,ROUND-32,W 59-53,,15,2,6,.333,0,0,,2,6,.333,.333,1,2,.500,2,1,3,1,0,0,1,1,5,2.2,Jordan Wood,https://www.sports-reference.com/cbb/players/jordan-wood-4.html,duke,2024-25
35,49,36,2025-03-28,Duke,N,North Carolina,ROUND-16,W 47-38,,4,1,2,.500,0,0,,1,2,.500,.500,1,2,.500,1,0,1,0,1,0,0,1,3,2.9,Jordan Wood,https://www.sports-reference.com/cbb/players/jordan-wood-4.html,duke,2024-25
36,50,37,2025-03-30,Duke,N,South Carolina,ROUND-8,L 50-54,,8,0,2,.000,0,0,,0,2,.000,.000,0,0,,1,2,3,0,0,0,0,0,0,-0.1,Jordan Wood,https://www.sports-reference.com/cbb/players/jordan-wood-4.html,duke,2024-25
