ranker,player_game_num_career,team_game_num_season,date,team_name_abbr,game_location,opp_name_abbr,game_type,game_result,is_starter,mp,fg,fga,fg_pct,fg3,fg3a,fg3_pct,fg2,fg2a,fg2_pct,efg_pct,ft,fta,ft_pct,orb,drb,trb,ast,stl,blk,tov,pf,pts,game_score,player_name,player_sr_link,school,season
1,1,1,2024-11-04,Denver,,Colo. Christian,REG (Non-Conf),L 66-73,,5,0,0,,0,0,,0,0,,,0,0,,0,0,0,1,0,0,0,0,0,0.7,Macy Hanzlick,https://www.sports-reference.com/cbb/players/macy-hanzlick-1.html,denver,2024-25
2,2,3,2024-11-17,Denver,@,High Point,REG (Non-Conf),L 55-63,,2,0,1,.000,0,1,.000,0,0,,.000,0,0,,0,0,0,0,0,0,0,0,0,-0.7,Macy Hanzlick,https://www.sports-reference.com/cbb/players/macy-hanzlick-1.html,denver,2024-25
3,3,4,2024-11-22,Denver,,Christian Bros.,REG (Non-Conf),W 78-48,,4,2,2,1.000,0,0,,2,2,1.000,1.000,0,0,,0,0,0,0,0,1,2,1,4,1.7,Macy Hanzlick,https://www.sports-reference.com/cbb/players/macy-hanzlick-1.html,denver,2024-25
4,4,7,2024-12-04,Denver,@,Idaho State,REG (Non-Conf),L 61-73,,2,0,1,.000,0,0,,0,1,.000,.000,0,0,,0,1,1,1,0,0,0,1,0,-0.1,Macy Hanzlick,https://www.sports-reference.com/cbb/players/macy-hanzlick-1.html,denver,2024-25
5,5,8,2024-12-07,Denver,,Portland State,REG (Non-Conf),W 57-41,,1,0,0,,0,0,,0,0,,,0,0,,0,0,0,0,0,0,0,0,0,0.0,Macy Hanzlick,https://www.sports-reference.com/cbb/players/macy-hanzlick-1.html,denver,2024-25
6,6,15,2025-01-04,Denver,,South Dakota State,REG (Conf),L 42-79,,6,0,1,.000,0,1,.000,0,0,,.000,0,0,,0,0,0,0,0,0,1,0,0,-1.7,Macy Hanzlick,https://www.sports-reference.com/cbb/players/macy-hanzlick-1.html,denver,2024-25
7,7,20,2025-01-22,Denver,,Omaha,REG (Conf),W 71-56,,2,0,1,.000,0,1,.000,0,0,,.000,2,2,1.000,0,0,0,0,0,0,0,0,2,1.3,Macy Hanzlick,https://www.sports-reference.com/cbb/players/macy-hanzlick-1.html,denver,2024-25
8,8,28,2025-02-27,Denver,@,South Dakota State,REG (Conf),L 37-71,,3,0,1,.000,0,1,.000,0,0,,.000,0,0,,0,0,0,0,0,0,1,0,0,-1.7,Macy Hanzlick,https://www.sports-reference.com/cbb/players/macy-hanzlick-1.html,denver,2024-25
