ranker,player_game_num_career,team_game_num_season,date,team_name_abbr,game_location,opp_name_abbr,game_type,game_result,is_starter,mp,fg,fga,fg_pct,fg3,fg3a,fg3_pct,fg2,fg2a,fg2_pct,efg_pct,ft,fta,ft_pct,orb,drb,trb,ast,stl,blk,tov,pf,pts,game_score,player_name,player_sr_link,school,season
1,1,1,2022-11-07,Detroit Mercy,@,North Dakota,REG (Non-Conf),L 61-70,*,21,6,10,.600,2,4,.500,4,6,.667,.700,1,1,1.000,0,4,4,0,0,0,3,3,15,7.4,Amaya Burch,https://www.sports-reference.com/cbb/players/amaya-burch-1.html,detroit-mercy,2022-23
2,2,2,2022-11-10,Detroit Mercy,@,Xavier,REG (Non-Conf),L 57-71,*,30,4,19,.211,1,5,.200,3,14,.214,.237,2,4,.500,2,5,7,1,0,0,1,3,11,-0.1,Amaya Burch,https://www.sports-reference.com/cbb/players/amaya-burch-1.html,detroit-mercy,2022-23
3,3,3,2022-11-13,Detroit Mercy,,Canisius,REG (Non-Conf),W 70-65,*,32,4,14,.286,1,7,.143,3,7,.429,.321,3,3,1.000,1,5,6,0,1,0,6,2,12,0.2,Amaya Burch,https://www.sports-reference.com/cbb/players/amaya-burch-1.html,detroit-mercy,2022-23
4,4,5,2022-11-22,Detroit Mercy,,Northern Illinois,REG (Non-Conf),L 63-65,*,27,7,15,.467,5,11,.455,2,4,.500,.633,4,5,.800,2,9,11,0,0,0,2,3,23,15.8,Amaya Burch,https://www.sports-reference.com/cbb/players/amaya-burch-1.html,detroit-mercy,2022-23
5,5,6,2022-11-28,Detroit Mercy,@,Bowling Green,REG (Non-Conf),L 29-76,*,20,0,8,.000,0,4,.000,0,4,.000,.000,0,0,,1,3,4,0,0,1,3,0,0,-6.3,Amaya Burch,https://www.sports-reference.com/cbb/players/amaya-burch-1.html,detroit-mercy,2022-23
6,6,7,2022-12-02,Detroit Mercy,@,Purdue Fort Wayne,REG (Conf),L 49-58,*,29,5,16,.313,0,5,.000,5,11,.455,.313,1,3,.333,1,7,8,1,1,0,2,1,11,3.1,Amaya Burch,https://www.sports-reference.com/cbb/players/amaya-burch-1.html,detroit-mercy,2022-23
7,7,8,2022-12-04,Detroit Mercy,@,Cleveland State,REG (Conf),L 30-86,*,7,0,2,.000,0,1,.000,0,1,.000,.000,0,0,,1,2,3,1,0,0,2,0,0,-1.4,Amaya Burch,https://www.sports-reference.com/cbb/players/amaya-burch-1.html,detroit-mercy,2022-23
8,8,9,2022-12-08,Detroit Mercy,,MU-Hamilton,REG (Non-Conf),W 91-84,*,18,1,4,.250,1,3,.333,0,1,.000,.375,2,4,.500,1,2,3,0,0,0,0,2,5,2.3,Amaya Burch,https://www.sports-reference.com/cbb/players/amaya-burch-1.html,detroit-mercy,2022-23
9,9,10,2022-12-11,Detroit Mercy,,Georgia Southern,REG (Non-Conf),L 79-82 (OT),,23,3,8,.375,1,5,.200,2,3,.667,.438,1,2,.500,0,2,2,3,1,0,0,1,8,6.5,Amaya Burch,https://www.sports-reference.com/cbb/players/amaya-burch-1.html,detroit-mercy,2022-23
10,10,11,2022-12-18,Detroit Mercy,@,Michigan State,REG (Non-Conf),L 41-91,,22,4,13,.308,0,5,.000,4,8,.500,.308,2,2,1.000,1,3,4,1,1,0,1,2,10,4.0,Amaya Burch,https://www.sports-reference.com/cbb/players/amaya-burch-1.html,detroit-mercy,2022-23
11,11,12,2022-12-21,Detroit Mercy,@,Indiana State,REG (Non-Conf),L 47-72,,17,1,3,.333,0,1,.000,1,2,.500,.333,4,4,1.000,1,3,4,1,1,0,3,1,6,4.2,Amaya Burch,https://www.sports-reference.com/cbb/players/amaya-burch-1.html,detroit-mercy,2022-23
12,12,13,2022-12-29,Detroit Mercy,@,Milwaukee,REG (Conf),L 29-63,,18,0,6,.000,0,4,.000,0,2,.000,.000,3,4,.750,0,1,1,0,0,0,4,0,3,-5.3,Amaya Burch,https://www.sports-reference.com/cbb/players/amaya-burch-1.html,detroit-mercy,2022-23
13,13,14,2022-12-31,Detroit Mercy,@,Green Bay,REG (Conf),L 33-80,*,23,2,13,.154,1,7,.143,1,6,.167,.192,0,0,,1,3,4,0,1,0,0,0,5,-0.7,Amaya Burch,https://www.sports-reference.com/cbb/players/amaya-burch-1.html,detroit-mercy,2022-23
14,14,15,2023-01-05,Detroit Mercy,,Youngstown State,REG (Conf),L 45-77,*,23,0,1,.000,0,1,.000,0,0,,.000,2,4,.500,1,4,5,2,0,0,3,0,2,0.8,Amaya Burch,https://www.sports-reference.com/cbb/players/amaya-burch-1.html,detroit-mercy,2022-23
15,15,16,2023-01-07,Detroit Mercy,,Robert Morris,REG (Conf),W 64-58,*,34,6,12,.500,3,7,.429,3,5,.600,.625,3,4,.750,2,14,16,1,0,0,2,1,18,15.5,Amaya Burch,https://www.sports-reference.com/cbb/players/amaya-burch-1.html,detroit-mercy,2022-23
16,16,17,2023-01-13,Detroit Mercy,,Wright State,REG (Conf),L 69-82,*,29,5,13,.385,1,6,.167,4,7,.571,.423,0,0,,3,8,11,0,0,0,3,3,11,4.2,Amaya Burch,https://www.sports-reference.com/cbb/players/amaya-burch-1.html,detroit-mercy,2022-23
17,17,18,2023-01-15,Detroit Mercy,,Northern Kentucky,REG (Conf),L 51-75,*,35,1,13,.077,0,6,.000,1,7,.143,.077,0,0,,0,4,4,1,0,0,3,3,2,-9.0,Amaya Burch,https://www.sports-reference.com/cbb/players/amaya-burch-1.html,detroit-mercy,2022-23
18,18,19,2023-01-18,Detroit Mercy,,Oakland,REG (Conf),L 66-81,*,37,5,11,.455,1,2,.500,4,9,.444,.500,1,1,1.000,2,4,6,1,2,0,6,2,12,4.8,Amaya Burch,https://www.sports-reference.com/cbb/players/amaya-burch-1.html,detroit-mercy,2022-23
19,19,20,2023-01-20,Detroit Mercy,@,IUPUI,REG (Conf),L 64-74,*,26,4,9,.444,2,5,.400,2,4,.500,.556,0,0,,0,6,6,0,1,0,3,2,10,4.3,Amaya Burch,https://www.sports-reference.com/cbb/players/amaya-burch-1.html,detroit-mercy,2022-23
20,20,21,2023-01-26,Detroit Mercy,,Cleveland State,REG (Conf),L 65-107,*,21,5,9,.556,3,7,.429,2,2,1.000,.722,0,0,,1,2,3,0,0,0,2,1,13,7.6,Amaya Burch,https://www.sports-reference.com/cbb/players/amaya-burch-1.html,detroit-mercy,2022-23
21,21,22,2023-01-28,Detroit Mercy,,Purdue Fort Wayne,REG (Conf),L 45-69,*,22,1,8,.125,1,5,.200,0,3,.000,.188,0,0,,0,1,1,0,0,0,4,0,3,-5.9,Amaya Burch,https://www.sports-reference.com/cbb/players/amaya-burch-1.html,detroit-mercy,2022-23
22,22,25,2023-02-09,Detroit Mercy,@,Robert Morris,REG (Conf),W 61-55,,10,0,0,,0,0,,0,0,,,0,0,,0,1,1,1,0,0,0,0,0,1.0,Amaya Burch,https://www.sports-reference.com/cbb/players/amaya-burch-1.html,detroit-mercy,2022-23
23,23,26,2023-02-11,Detroit Mercy,@,Youngstown State,REG (Conf),L 67-72,,11,1,2,.500,1,1,1.000,0,1,.000,.750,0,0,,0,1,1,0,0,0,1,1,3,0.9,Amaya Burch,https://www.sports-reference.com/cbb/players/amaya-burch-1.html,detroit-mercy,2022-23
24,24,27,2023-02-16,Detroit Mercy,,IUPUI,REG (Conf),W 57-48,,16,3,5,.600,1,2,.500,2,3,.667,.700,0,0,,1,4,5,0,1,0,0,0,7,7.6,Amaya Burch,https://www.sports-reference.com/cbb/players/amaya-burch-1.html,detroit-mercy,2022-23
25,25,28,2023-02-20,Detroit Mercy,@,Oakland,REG (Conf),L 65-66,,25,3,5,.600,1,1,1.000,2,4,.500,.700,0,0,,0,0,0,0,1,0,0,1,7,5.3,Amaya Burch,https://www.sports-reference.com/cbb/players/amaya-burch-1.html,detroit-mercy,2022-23
26,26,29,2023-02-23,Detroit Mercy,@,Northern Kentucky,REG (Conf),L 46-65,,20,2,5,.400,0,2,.000,2,3,.667,.400,0,0,,0,4,4,0,0,0,0,4,4,0.9,Amaya Burch,https://www.sports-reference.com/cbb/players/amaya-burch-1.html,detroit-mercy,2022-23
27,27,30,2023-02-25,Detroit Mercy,@,Wright State,REG (Conf),L 74-86,,11,2,2,1.000,0,0,,2,2,1.000,1.000,0,0,,0,3,3,0,0,0,1,1,4,2.9,Amaya Burch,https://www.sports-reference.com/cbb/players/amaya-burch-1.html,detroit-mercy,2022-23
28,28,31,2023-02-28,Detroit Mercy,@,Purdue Fort Wayne,CTOURN,L 61-65,,26,6,11,.545,3,4,.750,3,7,.429,.682,0,0,,3,1,4,1,2,0,2,2,15,12.0,Amaya Burch,https://www.sports-reference.com/cbb/players/amaya-burch-1.html,detroit-mercy,2022-23
