ranker,player_game_num_career,team_game_num_season,date,team_name_abbr,game_location,opp_name_abbr,game_type,game_result,is_starter,mp,fg,fga,fg_pct,fg3,fg3a,fg3_pct,fg2,fg2a,fg2_pct,efg_pct,ft,fta,ft_pct,orb,drb,trb,ast,stl,blk,tov,pf,pts,game_score,player_name,player_sr_link,school,season
1,1,1,2022-11-07,Detroit Mercy,@,North Dakota,REG (Non-Conf),L 61-70,,15,2,3,.667,1,1,1.000,1,2,.500,.833,2,2,1.000,3,0,3,0,0,1,2,1,7,6.1,Maite Lara Garcia,https://www.sports-reference.com/cbb/players/maite-lara-garcia-1.html,detroit-mercy,2022-23
2,2,2,2022-11-10,Detroit Mercy,@,Xavier,REG (Non-Conf),L 57-71,,5,0,1,.000,0,0,,0,1,.000,.000,0,0,,2,0,2,0,0,0,0,0,0,0.7,Maite Lara Garcia,https://www.sports-reference.com/cbb/players/maite-lara-garcia-1.html,detroit-mercy,2022-23
3,3,3,2022-11-13,Detroit Mercy,,Canisius,REG (Non-Conf),W 70-65,,13,0,0,,0,0,,0,0,,,2,2,1.000,3,6,9,0,1,0,2,0,2,4.9,Maite Lara Garcia,https://www.sports-reference.com/cbb/players/maite-lara-garcia-1.html,detroit-mercy,2022-23
4,4,5,2022-11-22,Detroit Mercy,,Northern Illinois,REG (Non-Conf),L 63-65,,21,5,5,1.000,0,0,,5,5,1.000,1.000,1,2,.500,4,2,6,0,0,0,2,1,11,10.1,Maite Lara Garcia,https://www.sports-reference.com/cbb/players/maite-lara-garcia-1.html,detroit-mercy,2022-23
5,5,6,2022-11-28,Detroit Mercy,@,Bowling Green,REG (Non-Conf),L 29-76,,23,1,5,.200,0,0,,1,5,.200,.200,0,0,,3,3,6,2,0,0,5,2,2,-2.5,Maite Lara Garcia,https://www.sports-reference.com/cbb/players/maite-lara-garcia-1.html,detroit-mercy,2022-23
6,6,7,2022-12-02,Detroit Mercy,@,Purdue Fort Wayne,REG (Conf),L 49-58,,9,1,2,.500,0,0,,1,2,.500,.500,1,2,.500,1,0,1,0,0,0,0,0,3,2.3,Maite Lara Garcia,https://www.sports-reference.com/cbb/players/maite-lara-garcia-1.html,detroit-mercy,2022-23
7,7,8,2022-12-04,Detroit Mercy,@,Cleveland State,REG (Conf),L 30-86,,16,1,3,.333,0,0,,1,3,.333,.333,1,2,.500,2,0,2,0,0,0,3,2,3,-1.5,Maite Lara Garcia,https://www.sports-reference.com/cbb/players/maite-lara-garcia-1.html,detroit-mercy,2022-23
8,8,10,2022-12-11,Detroit Mercy,,Georgia Southern,REG (Non-Conf),L 79-82 (OT),,0,0,0,,0,0,,0,0,,,0,0,,0,0,0,0,0,0,0,0,0,0.0,Maite Lara Garcia,https://www.sports-reference.com/cbb/players/maite-lara-garcia-1.html,detroit-mercy,2022-23
9,9,11,2022-12-18,Detroit Mercy,@,Michigan State,REG (Non-Conf),L 41-91,,5,0,1,.000,0,0,,0,1,.000,.000,0,0,,0,1,1,0,0,0,0,0,0,-0.4,Maite Lara Garcia,https://www.sports-reference.com/cbb/players/maite-lara-garcia-1.html,detroit-mercy,2022-23
10,10,12,2022-12-21,Detroit Mercy,@,Indiana State,REG (Non-Conf),L 47-72,,5,0,0,,0,0,,0,0,,,0,0,,0,1,1,0,0,0,2,1,0,-2.1,Maite Lara Garcia,https://www.sports-reference.com/cbb/players/maite-lara-garcia-1.html,detroit-mercy,2022-23
11,11,13,2022-12-29,Detroit Mercy,@,Milwaukee,REG (Conf),L 29-63,,5,0,1,.000,0,0,,0,1,.000,.000,0,0,,0,0,0,0,0,0,1,2,0,-2.5,Maite Lara Garcia,https://www.sports-reference.com/cbb/players/maite-lara-garcia-1.html,detroit-mercy,2022-23
12,12,14,2022-12-31,Detroit Mercy,@,Green Bay,REG (Conf),L 33-80,,7,0,1,.000,0,0,,0,1,.000,.000,0,0,,0,0,0,0,0,0,1,0,0,-1.7,Maite Lara Garcia,https://www.sports-reference.com/cbb/players/maite-lara-garcia-1.html,detroit-mercy,2022-23
13,13,15,2023-01-05,Detroit Mercy,,Youngstown State,REG (Conf),L 45-77,,5,0,1,.000,0,0,,0,1,.000,.000,0,0,,0,0,0,0,0,0,0,0,0,-0.7,Maite Lara Garcia,https://www.sports-reference.com/cbb/players/maite-lara-garcia-1.html,detroit-mercy,2022-23
14,14,16,2023-01-07,Detroit Mercy,,Robert Morris,REG (Conf),W 64-58,,2,0,0,,0,0,,0,0,,,0,0,,0,0,0,0,0,0,0,0,0,0.0,Maite Lara Garcia,https://www.sports-reference.com/cbb/players/maite-lara-garcia-1.html,detroit-mercy,2022-23
15,15,17,2023-01-13,Detroit Mercy,,Wright State,REG (Conf),L 69-82,,2,0,0,,0,0,,0,0,,,0,0,,0,0,0,1,0,0,0,0,0,0.7,Maite Lara Garcia,https://www.sports-reference.com/cbb/players/maite-lara-garcia-1.html,detroit-mercy,2022-23
16,16,18,2023-01-15,Detroit Mercy,,Northern Kentucky,REG (Conf),L 51-75,,4,0,1,.000,0,0,,0,1,.000,.000,0,0,,0,1,1,0,0,0,0,1,0,-0.8,Maite Lara Garcia,https://www.sports-reference.com/cbb/players/maite-lara-garcia-1.html,detroit-mercy,2022-23
17,17,19,2023-01-18,Detroit Mercy,,Oakland,REG (Conf),L 66-81,,6,0,0,,0,0,,0,0,,,1,2,.500,1,0,1,0,0,0,0,1,1,0.9,Maite Lara Garcia,https://www.sports-reference.com/cbb/players/maite-lara-garcia-1.html,detroit-mercy,2022-23
18,18,21,2023-01-26,Detroit Mercy,,Cleveland State,REG (Conf),L 65-107,,21,4,4,1.000,0,0,,4,4,1.000,1.000,1,1,1.000,0,3,3,1,0,0,3,2,9,5.6,Maite Lara Garcia,https://www.sports-reference.com/cbb/players/maite-lara-garcia-1.html,detroit-mercy,2022-23
19,19,22,2023-01-28,Detroit Mercy,,Purdue Fort Wayne,REG (Conf),L 45-69,,10,0,0,,0,0,,0,0,,,0,0,,0,4,4,0,0,0,0,3,0,0.0,Maite Lara Garcia,https://www.sports-reference.com/cbb/players/maite-lara-garcia-1.html,detroit-mercy,2022-23
20,20,23,2023-02-03,Detroit Mercy,,Green Bay,REG (Conf),L 47-56,,4,0,1,.000,0,0,,0,1,.000,.000,0,0,,1,0,1,0,0,0,0,1,0,-0.4,Maite Lara Garcia,https://www.sports-reference.com/cbb/players/maite-lara-garcia-1.html,detroit-mercy,2022-23
21,21,24,2023-02-05,Detroit Mercy,,Milwaukee,REG (Conf),L 57-62,,2,0,0,,0,0,,0,0,,,0,0,,0,0,0,0,0,0,0,0,0,0.0,Maite Lara Garcia,https://www.sports-reference.com/cbb/players/maite-lara-garcia-1.html,detroit-mercy,2022-23
22,22,25,2023-02-09,Detroit Mercy,@,Robert Morris,REG (Conf),W 61-55,,4,0,2,.000,0,1,.000,0,1,.000,.000,0,0,,0,2,2,0,0,0,0,0,0,-0.8,Maite Lara Garcia,https://www.sports-reference.com/cbb/players/maite-lara-garcia-1.html,detroit-mercy,2022-23
23,23,27,2023-02-16,Detroit Mercy,,IUPUI,REG (Conf),W 57-48,,1,0,0,,0,0,,0,0,,,0,0,,0,0,0,0,0,0,0,0,0,0.0,Maite Lara Garcia,https://www.sports-reference.com/cbb/players/maite-lara-garcia-1.html,detroit-mercy,2022-23
24,24,29,2023-02-23,Detroit Mercy,@,Northern Kentucky,REG (Conf),L 46-65,,9,1,2,.500,0,0,,1,2,.500,.500,0,0,,0,3,3,1,0,0,0,2,2,1.8,Maite Lara Garcia,https://www.sports-reference.com/cbb/players/maite-lara-garcia-1.html,detroit-mercy,2022-23
25,25,30,2023-02-25,Detroit Mercy,@,Wright State,REG (Conf),L 74-86,,2,1,1,1.000,0,0,,1,1,1.000,1.000,0,0,,0,0,0,0,0,0,0,0,2,1.7,Maite Lara Garcia,https://www.sports-reference.com/cbb/players/maite-lara-garcia-1.html,detroit-mercy,2022-23
26,26,31,2023-02-28,Detroit Mercy,@,Purdue Fort Wayne,CTOURN,L 61-65,,1,0,0,,0,0,,0,0,,,0,0,,0,0,0,0,0,0,0,0,0,0.0,Maite Lara Garcia,https://www.sports-reference.com/cbb/players/maite-lara-garcia-1.html,detroit-mercy,2022-23
