ranker,player_game_num_career,team_game_num_season,date,team_name_abbr,game_location,opp_name_abbr,game_type,game_result,is_starter,mp,fg,fga,fg_pct,fg3,fg3a,fg2,fg2a,fg2_pct,efg_pct,ft,fta,ft_pct,orb,drb,trb,ast,stl,blk,tov,pf,pts,game_score,player_name,player_sr_link,school,season
1,21,5,2022-11-22,Detroit Mercy,,Northern Illinois,REG (Non-Conf),L 63-65,,5,0,0,,0,0,0,0,,,0,0,,0,0,0,1,0,0,0,1,0,0.3,Sonia Pereda,https://www.sports-reference.com/cbb/players/sonia-pereda-1.html,detroit-mercy,2022-23
2,22,6,2022-11-28,Detroit Mercy,@,Bowling Green,REG (Non-Conf),L 29-76,,18,0,2,.000,0,0,0,2,.000,.000,1,2,.500,0,0,0,2,1,0,2,1,1,-0.8,Sonia Pereda,https://www.sports-reference.com/cbb/players/sonia-pereda-1.html,detroit-mercy,2022-23
3,23,7,2022-12-02,Detroit Mercy,@,Purdue Fort Wayne,REG (Conf),L 49-58,,2,0,0,,0,0,0,0,,,0,0,,0,0,0,0,0,0,0,0,0,0.0,Sonia Pereda,https://www.sports-reference.com/cbb/players/sonia-pereda-1.html,detroit-mercy,2022-23
4,24,8,2022-12-04,Detroit Mercy,@,Cleveland State,REG (Conf),L 30-86,,8,0,1,.000,0,0,0,1,.000,.000,0,0,,0,0,0,0,0,0,1,0,0,-1.7,Sonia Pereda,https://www.sports-reference.com/cbb/players/sonia-pereda-1.html,detroit-mercy,2022-23
5,25,11,2022-12-18,Detroit Mercy,@,Michigan State,REG (Non-Conf),L 41-91,,2,0,0,,0,0,0,0,,,0,0,,0,0,0,0,0,0,0,0,0,0.0,Sonia Pereda,https://www.sports-reference.com/cbb/players/sonia-pereda-1.html,detroit-mercy,2022-23
