ranker,player_game_num_career,team_game_num_season,date,team_name_abbr,game_location,opp_name_abbr,game_type,game_result,is_starter,mp,fg,fga,fg_pct,fg3,fg3a,fg3_pct,fg2,fg2a,fg2_pct,efg_pct,ft,fta,ft_pct,orb,drb,trb,ast,stl,blk,tov,pf,pts,game_score,player_name,player_sr_link,school,season
1,50,1,2018-11-07,Jacksonville,,Webber,REG (Non-Conf),W 73-39,*,17,1,6,.167,0,0,,1,6,.167,.167,3,4,.750,3,4,7,1,2,1,1,1,5,6.1,Alexis Burns,https://www.sports-reference.com/cbb/players/alexis-burns-1.html,jacksonville,2018-19
2,51,2,2018-11-11,Jacksonville,@,Texas A&M,REG (Non-Conf),L 53-73,,5,0,0,,0,0,,0,0,,,0,0,,0,0,0,0,0,0,2,0,0,-2.0,Alexis Burns,https://www.sports-reference.com/cbb/players/alexis-burns-1.html,jacksonville,2018-19
3,52,3,2018-11-15,Jacksonville,@,Florida State,REG (Non-Conf),L 46-79,,14,0,1,.000,0,0,,0,1,.000,.000,0,0,,0,0,0,1,0,0,3,1,0,-3.4,Alexis Burns,https://www.sports-reference.com/cbb/players/alexis-burns-1.html,jacksonville,2018-19
4,53,4,2018-11-19,Jacksonville,@,Savannah State,REG (Non-Conf),W 68-58,,13,2,4,.500,0,0,,2,4,.500,.500,2,2,1.000,2,0,2,1,0,1,1,0,6,5.8,Alexis Burns,https://www.sports-reference.com/cbb/players/alexis-burns-1.html,jacksonville,2018-19
5,54,5,2018-11-24,Jacksonville,@,Old Dominion,REG (Non-Conf),L 76-78 (OT),,9,1,3,.333,1,1,1.000,0,2,.000,.500,0,0,,0,0,0,1,2,0,0,1,3,3.6,Alexis Burns,https://www.sports-reference.com/cbb/players/alexis-burns-1.html,jacksonville,2018-19
6,55,6,2018-11-25,Jacksonville,@,Charleston Southern,REG (Non-Conf),W 68-58,,24,1,6,.167,0,1,.000,1,5,.200,.167,5,6,.833,4,5,9,2,2,0,2,1,7,8.1,Alexis Burns,https://www.sports-reference.com/cbb/players/alexis-burns-1.html,jacksonville,2018-19
7,56,7,2018-11-28,Jacksonville,,Bethune-Cookman,REG (Non-Conf),L 56-58,,14,0,4,.000,0,0,,0,4,.000,.000,0,0,,1,1,2,1,1,0,1,1,0,-1.5,Alexis Burns,https://www.sports-reference.com/cbb/players/alexis-burns-1.html,jacksonville,2018-19
8,57,8,2018-12-02,Jacksonville,@,Penn State,REG (Non-Conf),L 61-80,,4,0,0,,0,0,,0,0,,,0,0,,0,0,0,0,0,0,0,0,0,0.0,Alexis Burns,https://www.sports-reference.com/cbb/players/alexis-burns-1.html,jacksonville,2018-19
9,58,10,2018-12-20,Jacksonville,,Warner,REG (Non-Conf),W 105-55,,9,1,3,.333,1,2,.500,0,1,.000,.500,2,4,.500,1,3,4,0,0,0,2,3,5,0.9,Alexis Burns,https://www.sports-reference.com/cbb/players/alexis-burns-1.html,jacksonville,2018-19
10,59,11,2018-12-21,Jacksonville,@,Alabama A&M,REG (Non-Conf),L 60-65,,11,1,4,.250,0,1,.000,1,3,.333,.250,1,2,.500,0,5,5,1,0,0,1,0,3,1.4,Alexis Burns,https://www.sports-reference.com/cbb/players/alexis-burns-1.html,jacksonville,2018-19
11,60,12,2018-12-30,Jacksonville,@,Florida International,REG (Non-Conf),W 73-62,,8,1,3,.333,0,0,,1,3,.333,.333,0,0,,0,1,1,0,1,0,0,1,2,1.2,Alexis Burns,https://www.sports-reference.com/cbb/players/alexis-burns-1.html,jacksonville,2018-19
12,61,13,2019-01-02,Jacksonville,,Mercer,REG (Non-Conf),W 71-66,*,16,0,4,.000,0,0,,0,4,.000,.000,0,0,,3,2,5,1,0,0,0,1,0,0.2,Alexis Burns,https://www.sports-reference.com/cbb/players/alexis-burns-1.html,jacksonville,2018-19
13,62,14,2019-01-05,Jacksonville,,Lipscomb,REG (Conf),W 62-47,,6,0,0,,0,0,,0,0,,,0,0,,0,1,1,0,1,0,0,1,0,0.9,Alexis Burns,https://www.sports-reference.com/cbb/players/alexis-burns-1.html,jacksonville,2018-19
14,63,15,2019-01-08,Jacksonville,@,Kennesaw State,REG (Conf),L 55-75,,14,1,1,1.000,0,0,,1,1,1.000,1.000,3,4,.750,0,2,2,0,0,0,1,1,5,3.5,Alexis Burns,https://www.sports-reference.com/cbb/players/alexis-burns-1.html,jacksonville,2018-19
15,64,16,2019-01-12,Jacksonville,@,Liberty,REG (Conf),W 64-52,,6,0,1,.000,0,0,,0,1,.000,.000,0,0,,0,0,0,1,1,0,2,1,0,-1.4,Alexis Burns,https://www.sports-reference.com/cbb/players/alexis-burns-1.html,jacksonville,2018-19
16,65,17,2019-01-15,Jacksonville,,North Alabama,REG (Conf),L 59-62,,4,0,2,.000,0,1,.000,0,1,.000,.000,0,0,,0,0,0,0,0,0,0,0,0,-1.4,Alexis Burns,https://www.sports-reference.com/cbb/players/alexis-burns-1.html,jacksonville,2018-19
17,66,18,2019-01-19,Jacksonville,@,NJIT,REG (Conf),W 61-56,,9,0,0,,0,0,,0,0,,,0,2,.000,0,4,4,0,0,0,0,0,0,0.4,Alexis Burns,https://www.sports-reference.com/cbb/players/alexis-burns-1.html,jacksonville,2018-19
18,67,19,2019-01-22,Jacksonville,@,North Florida,REG (Conf),W 80-72,,4,1,2,.500,0,0,,1,2,.500,.500,0,0,,2,0,2,0,0,0,1,0,2,1.4,Alexis Burns,https://www.sports-reference.com/cbb/players/alexis-burns-1.html,jacksonville,2018-19
19,68,20,2019-01-26,Jacksonville,,Liberty,REG (Conf),L 75-85 (OT),,14,3,4,.750,1,1,1.000,2,3,.667,.875,2,4,.500,0,2,2,0,1,0,1,0,9,7.2,Alexis Burns,https://www.sports-reference.com/cbb/players/alexis-burns-1.html,jacksonville,2018-19
20,69,21,2019-01-29,Jacksonville,,Stetson,REG (Conf),L 56-69,,10,0,0,,0,0,,0,0,,,0,0,,0,1,1,1,0,0,2,2,0,-1.8,Alexis Burns,https://www.sports-reference.com/cbb/players/alexis-burns-1.html,jacksonville,2018-19
21,70,22,2019-02-02,Jacksonville,@,Florida Gulf Coast,REG (Conf),L 58-82,,30,2,6,.333,0,0,,2,6,.333,.333,0,1,.000,1,3,4,2,0,1,5,3,4,-2.3,Alexis Burns,https://www.sports-reference.com/cbb/players/alexis-burns-1.html,jacksonville,2018-19
22,71,23,2019-02-05,Jacksonville,,Kennesaw State,REG (Conf),W 68-53,,15,2,4,.500,0,0,,2,4,.500,.500,0,0,,2,0,2,1,2,0,1,1,4,4.7,Alexis Burns,https://www.sports-reference.com/cbb/players/alexis-burns-1.html,jacksonville,2018-19
23,72,24,2019-02-09,Jacksonville,@,Lipscomb,REG (Conf),L 58-61,,11,0,2,.000,0,0,,0,2,.000,.000,0,0,,1,1,2,2,0,0,0,0,0,1.0,Alexis Burns,https://www.sports-reference.com/cbb/players/alexis-burns-1.html,jacksonville,2018-19
24,73,25,2019-02-12,Jacksonville,@,Stetson,REG (Conf),L 46-54,*,17,3,5,.600,0,0,,3,5,.600,.600,0,0,,0,2,2,0,0,0,1,0,6,3.3,Alexis Burns,https://www.sports-reference.com/cbb/players/alexis-burns-1.html,jacksonville,2018-19
25,74,26,2019-02-19,Jacksonville,,North Florida,REG (Conf),W 75-63,,20,3,5,.600,1,1,1.000,2,4,.500,.700,3,4,.750,1,1,2,1,1,1,1,2,10,8.9,Alexis Burns,https://www.sports-reference.com/cbb/players/alexis-burns-1.html,jacksonville,2018-19
26,75,28,2019-02-27,Jacksonville,@,North Alabama,REG (Conf),L 59-68,,17,0,4,.000,0,0,,0,4,.000,.000,3,4,.750,0,2,2,2,2,0,3,5,3,-1.2,Alexis Burns,https://www.sports-reference.com/cbb/players/alexis-burns-1.html,jacksonville,2018-19
27,76,29,2019-03-02,Jacksonville,,Florida Gulf Coast,REG (Conf),L 62-68,,9,0,2,.000,0,1,.000,0,1,.000,.000,1,2,.500,0,0,0,1,0,0,1,2,1,-1.9,Alexis Burns,https://www.sports-reference.com/cbb/players/alexis-burns-1.html,jacksonville,2018-19
28,77,30,2019-03-08,Jacksonville,@,Liberty,CTOURN,L 53-65,,8,2,5,.400,0,0,,2,5,.400,.400,0,0,,0,0,0,1,0,0,0,2,4,1.2,Alexis Burns,https://www.sports-reference.com/cbb/players/alexis-burns-1.html,jacksonville,2018-19
