ranker,player_game_num_career,team_game_num_season,date,team_name_abbr,game_location,opp_name_abbr,game_type,game_result,is_starter,mp,fg,fga,fg_pct,fg3,fg3a,fg3_pct,fg2,fg2a,fg2_pct,efg_pct,ft,fta,ft_pct,orb,drb,trb,ast,stl,blk,tov,pf,pts,game_score,player_name,player_sr_link,school,season
1,85,1,2018-11-07,Jacksonville,,Webber,REG (Non-Conf),W 73-39,*,34,8,12,.667,4,7,.571,4,5,.800,.833,0,0,,0,4,4,3,2,1,1,0,20,19.8,Jasmyn Brown,https://www.sports-reference.com/cbb/players/jasmyn-brown-1.html,jacksonville,2018-19
2,86,2,2018-11-11,Jacksonville,@,Texas A&M,REG (Non-Conf),L 53-73,*,36,3,13,.231,1,6,.167,2,7,.286,.269,0,0,,1,3,4,1,1,1,2,4,7,-0.5,Jasmyn Brown,https://www.sports-reference.com/cbb/players/jasmyn-brown-1.html,jacksonville,2018-19
3,87,3,2018-11-15,Jacksonville,@,Florida State,REG (Non-Conf),L 46-79,*,28,5,13,.385,2,6,.333,3,7,.429,.462,0,0,,1,2,3,0,0,0,0,3,12,5.0,Jasmyn Brown,https://www.sports-reference.com/cbb/players/jasmyn-brown-1.html,jacksonville,2018-19
4,88,4,2018-11-19,Jacksonville,@,Savannah State,REG (Non-Conf),W 68-58,*,38,8,19,.421,4,9,.444,4,10,.400,.526,0,0,,1,6,7,2,1,1,4,2,20,10.7,Jasmyn Brown,https://www.sports-reference.com/cbb/players/jasmyn-brown-1.html,jacksonville,2018-19
5,89,5,2018-11-24,Jacksonville,@,Old Dominion,REG (Non-Conf),L 76-78 (OT),*,36,5,14,.357,0,4,.000,5,10,.500,.357,4,5,.800,0,4,4,2,1,1,3,4,14,5.5,Jasmyn Brown,https://www.sports-reference.com/cbb/players/jasmyn-brown-1.html,jacksonville,2018-19
6,90,6,2018-11-25,Jacksonville,@,Charleston Southern,REG (Non-Conf),W 68-58,*,40,5,16,.313,1,10,.100,4,6,.667,.344,0,0,,1,4,5,5,0,0,1,2,11,5.4,Jasmyn Brown,https://www.sports-reference.com/cbb/players/jasmyn-brown-1.html,jacksonville,2018-19
7,91,7,2018-11-28,Jacksonville,,Bethune-Cookman,REG (Non-Conf),L 56-58,*,40,5,13,.385,1,6,.167,4,7,.571,.423,3,4,.750,1,7,8,2,0,1,2,1,14,9.0,Jasmyn Brown,https://www.sports-reference.com/cbb/players/jasmyn-brown-1.html,jacksonville,2018-19
8,92,8,2018-12-02,Jacksonville,@,Penn State,REG (Non-Conf),L 61-80,*,40,7,27,.259,4,14,.286,3,13,.231,.333,2,2,1.000,2,6,8,1,1,3,3,2,20,7.1,Jasmyn Brown,https://www.sports-reference.com/cbb/players/jasmyn-brown-1.html,jacksonville,2018-19
9,93,9,2018-12-15,Jacksonville,,Edward Waters,REG (Non-Conf),W 100-48,*,33,9,17,.529,5,10,.500,4,7,.571,.676,0,0,,0,3,3,2,0,2,0,0,23,18.4,Jasmyn Brown,https://www.sports-reference.com/cbb/players/jasmyn-brown-1.html,jacksonville,2018-19
10,94,10,2018-12-20,Jacksonville,,Warner,REG (Non-Conf),W 105-55,*,20,4,10,.400,0,5,.000,4,5,.800,.400,2,3,.667,0,3,3,3,1,0,2,2,10,5.4,Jasmyn Brown,https://www.sports-reference.com/cbb/players/jasmyn-brown-1.html,jacksonville,2018-19
11,95,11,2018-12-21,Jacksonville,@,Alabama A&M,REG (Non-Conf),L 60-65,*,40,5,12,.417,3,7,.429,2,5,.400,.542,2,2,1.000,1,5,6,1,2,0,4,0,15,9.5,Jasmyn Brown,https://www.sports-reference.com/cbb/players/jasmyn-brown-1.html,jacksonville,2018-19
12,96,12,2018-12-30,Jacksonville,@,Florida International,REG (Non-Conf),W 73-62,*,37,9,14,.643,3,4,.750,6,10,.600,.750,0,0,,0,1,1,6,5,1,1,1,21,23.6,Jasmyn Brown,https://www.sports-reference.com/cbb/players/jasmyn-brown-1.html,jacksonville,2018-19
13,97,13,2019-01-02,Jacksonville,,Mercer,REG (Non-Conf),W 71-66,*,40,3,15,.200,1,7,.143,2,8,.250,.233,3,3,1.000,0,3,3,1,1,0,1,1,10,1.9,Jasmyn Brown,https://www.sports-reference.com/cbb/players/jasmyn-brown-1.html,jacksonville,2018-19
14,98,14,2019-01-05,Jacksonville,,Lipscomb,REG (Conf),W 62-47,*,37,3,10,.300,3,8,.375,0,2,.000,.450,3,4,.750,1,6,7,2,3,1,2,2,12,10.6,Jasmyn Brown,https://www.sports-reference.com/cbb/players/jasmyn-brown-1.html,jacksonville,2018-19
15,99,15,2019-01-08,Jacksonville,@,Kennesaw State,REG (Conf),L 55-75,*,38,3,8,.375,1,3,.333,2,5,.400,.438,1,1,1.000,0,2,2,4,0,1,2,2,8,4.9,Jasmyn Brown,https://www.sports-reference.com/cbb/players/jasmyn-brown-1.html,jacksonville,2018-19
16,100,16,2019-01-12,Jacksonville,@,Liberty,REG (Conf),W 64-52,*,29,6,11,.545,1,5,.200,5,6,.833,.591,2,2,1.000,0,3,3,1,3,1,2,2,15,12.2,Jasmyn Brown,https://www.sports-reference.com/cbb/players/jasmyn-brown-1.html,jacksonville,2018-19
17,101,17,2019-01-15,Jacksonville,,North Alabama,REG (Conf),L 59-62,*,40,5,13,.385,1,1,1.000,4,12,.333,.423,6,8,.750,0,3,3,3,0,1,3,3,17,8.6,Jasmyn Brown,https://www.sports-reference.com/cbb/players/jasmyn-brown-1.html,jacksonville,2018-19
18,102,18,2019-01-19,Jacksonville,@,NJIT,REG (Conf),W 61-56,*,39,6,12,.500,1,4,.250,5,8,.625,.542,0,2,.000,1,7,8,0,0,1,4,2,13,4.9,Jasmyn Brown,https://www.sports-reference.com/cbb/players/jasmyn-brown-1.html,jacksonville,2018-19
19,103,19,2019-01-22,Jacksonville,@,North Florida,REG (Conf),W 80-72,*,40,10,21,.476,5,13,.385,5,8,.625,.595,0,0,,2,6,8,5,1,1,3,3,25,18.5,Jasmyn Brown,https://www.sports-reference.com/cbb/players/jasmyn-brown-1.html,jacksonville,2018-19
20,104,20,2019-01-26,Jacksonville,,Liberty,REG (Conf),L 75-85 (OT),*,45,8,16,.500,2,6,.333,6,10,.600,.563,5,6,.833,0,6,6,3,3,0,5,4,23,14.9,Jasmyn Brown,https://www.sports-reference.com/cbb/players/jasmyn-brown-1.html,jacksonville,2018-19
21,105,21,2019-01-29,Jacksonville,,Stetson,REG (Conf),L 56-69,*,40,6,13,.462,3,7,.429,3,6,.500,.577,2,2,1.000,1,7,8,3,0,0,5,3,17,9.0,Jasmyn Brown,https://www.sports-reference.com/cbb/players/jasmyn-brown-1.html,jacksonville,2018-19
22,106,22,2019-02-02,Jacksonville,@,Florida Gulf Coast,REG (Conf),L 58-82,*,39,5,15,.333,3,6,.500,2,9,.222,.433,5,6,.833,0,3,3,0,1,0,1,1,18,9.6,Jasmyn Brown,https://www.sports-reference.com/cbb/players/jasmyn-brown-1.html,jacksonville,2018-19
23,107,23,2019-02-05,Jacksonville,,Kennesaw State,REG (Conf),W 68-53,*,28,5,10,.500,2,6,.333,3,4,.750,.600,0,0,,0,3,3,1,0,0,2,3,12,5.4,Jasmyn Brown,https://www.sports-reference.com/cbb/players/jasmyn-brown-1.html,jacksonville,2018-19
24,108,24,2019-02-09,Jacksonville,@,Lipscomb,REG (Conf),L 58-61,*,40,6,20,.300,2,13,.154,4,7,.571,.350,2,2,1.000,1,5,6,4,1,0,1,0,16,9.4,Jasmyn Brown,https://www.sports-reference.com/cbb/players/jasmyn-brown-1.html,jacksonville,2018-19
25,109,25,2019-02-12,Jacksonville,@,Stetson,REG (Conf),L 46-54,*,40,4,12,.333,1,7,.143,3,5,.600,.375,0,0,,0,3,3,3,1,0,2,2,9,3.4,Jasmyn Brown,https://www.sports-reference.com/cbb/players/jasmyn-brown-1.html,jacksonville,2018-19
26,110,26,2019-02-19,Jacksonville,,North Florida,REG (Conf),W 75-63,*,38,3,14,.214,3,6,.500,0,8,.000,.321,2,2,1.000,2,6,8,1,2,1,7,2,11,1.2,Jasmyn Brown,https://www.sports-reference.com/cbb/players/jasmyn-brown-1.html,jacksonville,2018-19
27,111,27,2019-02-23,Jacksonville,,NJIT,REG (Conf),W 69-55,*,40,6,18,.333,2,8,.250,4,10,.400,.389,0,0,,0,4,4,3,0,0,2,2,14,4.3,Jasmyn Brown,https://www.sports-reference.com/cbb/players/jasmyn-brown-1.html,jacksonville,2018-19
28,112,28,2019-02-27,Jacksonville,@,North Alabama,REG (Conf),L 59-68,*,40,2,5,.400,0,1,.000,2,4,.500,.400,7,8,.875,0,6,6,0,0,2,4,1,11,6.7,Jasmyn Brown,https://www.sports-reference.com/cbb/players/jasmyn-brown-1.html,jacksonville,2018-19
29,113,29,2019-03-02,Jacksonville,,Florida Gulf Coast,REG (Conf),L 62-68,*,37,6,15,.400,1,2,.500,5,13,.385,.433,1,1,1.000,0,5,5,2,0,0,0,1,14,8.4,Jasmyn Brown,https://www.sports-reference.com/cbb/players/jasmyn-brown-1.html,jacksonville,2018-19
30,114,30,2019-03-08,Jacksonville,@,Liberty,CTOURN,L 53-65,*,40,5,7,.714,2,3,.667,3,4,.750,.857,5,6,.833,0,2,2,0,3,0,2,1,17,14.9,Jasmyn Brown,https://www.sports-reference.com/cbb/players/jasmyn-brown-1.html,jacksonville,2018-19
