ranker,player_game_num_career,team_game_num_season,date,team_name_abbr,game_location,opp_name_abbr,game_type,game_result,is_starter,mp,fg,fga,fg_pct,fg3,fg3a,fg3_pct,fg2,fg2a,fg2_pct,efg_pct,ft,fta,ft_pct,orb,drb,trb,ast,stl,blk,tov,pf,pts,game_score,player_name,player_sr_link,school,season
1,1,1,2018-11-07,Jacksonville,,Webber,REG (Non-Conf),W 73-39,,7,0,2,.000,0,0,,0,2,.000,.000,0,0,,0,0,0,0,0,0,2,1,0,-3.8,Johne Stewart,https://www.sports-reference.com/cbb/players/johne-stewart-1.html,jacksonville,2018-19
2,2,3,2018-11-15,Jacksonville,@,Florida State,REG (Non-Conf),L 46-79,,6,0,0,,0,0,,0,0,,,0,0,,0,1,1,0,1,0,1,0,0,0.3,Johne Stewart,https://www.sports-reference.com/cbb/players/johne-stewart-1.html,jacksonville,2018-19
3,3,4,2018-11-19,Jacksonville,@,Savannah State,REG (Non-Conf),W 68-58,,9,0,3,.000,0,1,.000,0,2,.000,.000,2,2,1.000,1,0,1,0,0,0,1,0,2,-0.4,Johne Stewart,https://www.sports-reference.com/cbb/players/johne-stewart-1.html,jacksonville,2018-19
4,4,5,2018-11-24,Jacksonville,@,Old Dominion,REG (Non-Conf),L 76-78 (OT),,6,3,3,1.000,2,2,1.000,1,1,1.000,1.333,0,0,,0,1,1,0,0,0,0,1,8,7.0,Johne Stewart,https://www.sports-reference.com/cbb/players/johne-stewart-1.html,jacksonville,2018-19
5,5,6,2018-11-25,Jacksonville,@,Charleston Southern,REG (Non-Conf),W 68-58,,24,5,10,.500,0,2,.000,5,8,.625,.500,8,13,.615,0,1,1,1,2,0,1,2,18,12.2,Johne Stewart,https://www.sports-reference.com/cbb/players/johne-stewart-1.html,jacksonville,2018-19
6,6,7,2018-11-28,Jacksonville,,Bethune-Cookman,REG (Non-Conf),L 56-58,*,19,2,8,.250,1,2,.500,1,6,.167,.313,0,0,,1,1,2,0,2,0,1,2,5,1.4,Johne Stewart,https://www.sports-reference.com/cbb/players/johne-stewart-1.html,jacksonville,2018-19
7,7,8,2018-12-02,Jacksonville,@,Penn State,REG (Non-Conf),L 61-80,*,31,1,9,.111,1,2,.500,0,7,.000,.167,0,0,,1,0,1,3,1,0,4,3,3,-4.3,Johne Stewart,https://www.sports-reference.com/cbb/players/johne-stewart-1.html,jacksonville,2018-19
8,8,9,2018-12-15,Jacksonville,,Edward Waters,REG (Non-Conf),W 100-48,*,29,3,7,.429,0,1,.000,3,6,.500,.429,0,0,,0,1,1,6,0,0,3,3,6,2.6,Johne Stewart,https://www.sports-reference.com/cbb/players/johne-stewart-1.html,jacksonville,2018-19
9,9,10,2018-12-20,Jacksonville,,Warner,REG (Non-Conf),W 105-55,*,13,3,5,.600,2,3,.667,1,2,.500,.800,2,2,1.000,0,0,0,0,0,0,3,0,10,4.7,Johne Stewart,https://www.sports-reference.com/cbb/players/johne-stewart-1.html,jacksonville,2018-19
10,10,11,2018-12-21,Jacksonville,@,Alabama A&M,REG (Non-Conf),L 60-65,*,18,1,7,.143,0,3,.000,1,4,.250,.143,0,2,.000,1,0,1,2,0,0,2,1,2,-3.6,Johne Stewart,https://www.sports-reference.com/cbb/players/johne-stewart-1.html,jacksonville,2018-19
11,11,12,2018-12-30,Jacksonville,@,Florida International,REG (Non-Conf),W 73-62,,3,0,0,,0,0,,0,0,,,0,0,,0,0,0,1,0,0,0,1,0,0.3,Johne Stewart,https://www.sports-reference.com/cbb/players/johne-stewart-1.html,jacksonville,2018-19
12,12,13,2019-01-02,Jacksonville,,Mercer,REG (Non-Conf),W 71-66,,0,0,0,,0,0,,0,0,,,0,0,,0,0,0,0,0,0,0,0,0,0.0,Johne Stewart,https://www.sports-reference.com/cbb/players/johne-stewart-1.html,jacksonville,2018-19
13,13,14,2019-01-05,Jacksonville,,Lipscomb,REG (Conf),W 62-47,,6,0,2,.000,0,1,.000,0,1,.000,.000,0,0,,0,0,0,1,1,0,3,1,0,-3.1,Johne Stewart,https://www.sports-reference.com/cbb/players/johne-stewart-1.html,jacksonville,2018-19
14,14,15,2019-01-08,Jacksonville,@,Kennesaw State,REG (Conf),L 55-75,,6,1,2,.500,0,0,,1,2,.500,.500,0,0,,0,1,1,0,0,0,1,0,2,0.3,Johne Stewart,https://www.sports-reference.com/cbb/players/johne-stewart-1.html,jacksonville,2018-19
15,15,16,2019-01-12,Jacksonville,@,Liberty,REG (Conf),W 64-52,*,14,1,3,.333,1,1,1.000,0,2,.000,.500,0,0,,0,1,1,1,1,1,3,0,3,1.0,Johne Stewart,https://www.sports-reference.com/cbb/players/johne-stewart-1.html,jacksonville,2018-19
16,16,17,2019-01-15,Jacksonville,,North Alabama,REG (Conf),L 59-62,*,19,2,4,.500,1,2,.500,1,2,.500,.625,0,0,,1,1,2,0,1,0,3,2,5,1.2,Johne Stewart,https://www.sports-reference.com/cbb/players/johne-stewart-1.html,jacksonville,2018-19
17,17,18,2019-01-19,Jacksonville,@,NJIT,REG (Conf),W 61-56,,5,0,3,.000,0,0,,0,3,.000,.000,0,0,,0,0,0,0,0,0,0,1,0,-2.5,Johne Stewart,https://www.sports-reference.com/cbb/players/johne-stewart-1.html,jacksonville,2018-19
18,18,21,2019-01-29,Jacksonville,,Stetson,REG (Conf),L 56-69,,0,0,1,.000,0,0,,0,1,.000,.000,0,0,,0,0,0,0,0,0,0,0,0,-0.7,Johne Stewart,https://www.sports-reference.com/cbb/players/johne-stewart-1.html,jacksonville,2018-19
19,19,22,2019-02-02,Jacksonville,@,Florida Gulf Coast,REG (Conf),L 58-82,,9,0,2,.000,0,1,.000,0,1,.000,.000,0,0,,0,0,0,1,0,0,2,0,0,-2.7,Johne Stewart,https://www.sports-reference.com/cbb/players/johne-stewart-1.html,jacksonville,2018-19
20,20,23,2019-02-05,Jacksonville,,Kennesaw State,REG (Conf),W 68-53,,3,0,0,,0,0,,0,0,,,0,0,,0,0,0,1,0,0,1,1,0,-0.7,Johne Stewart,https://www.sports-reference.com/cbb/players/johne-stewart-1.html,jacksonville,2018-19
21,21,24,2019-02-09,Jacksonville,@,Lipscomb,REG (Conf),L 58-61,,6,1,3,.333,1,2,.500,0,1,.000,.500,0,2,.000,0,1,1,1,1,0,0,0,3,2.5,Johne Stewart,https://www.sports-reference.com/cbb/players/johne-stewart-1.html,jacksonville,2018-19
22,22,25,2019-02-12,Jacksonville,@,Stetson,REG (Conf),L 46-54,,3,0,1,.000,0,0,,0,1,.000,.000,0,0,,0,0,0,0,0,0,1,0,0,-1.7,Johne Stewart,https://www.sports-reference.com/cbb/players/johne-stewart-1.html,jacksonville,2018-19
23,23,26,2019-02-19,Jacksonville,,North Florida,REG (Conf),W 75-63,,2,0,0,,0,0,,0,0,,,1,6,.167,0,0,0,0,0,0,0,0,1,-1.0,Johne Stewart,https://www.sports-reference.com/cbb/players/johne-stewart-1.html,jacksonville,2018-19
24,24,28,2019-02-27,Jacksonville,@,North Alabama,REG (Conf),L 59-68,,8,0,2,.000,0,1,.000,0,1,.000,.000,0,0,,0,0,0,1,0,0,1,0,0,-1.7,Johne Stewart,https://www.sports-reference.com/cbb/players/johne-stewart-1.html,jacksonville,2018-19
25,25,29,2019-03-02,Jacksonville,,Florida Gulf Coast,REG (Conf),L 62-68,,3,0,0,,0,0,,0,0,,,0,0,,0,0,0,0,0,0,0,1,0,-0.4,Johne Stewart,https://www.sports-reference.com/cbb/players/johne-stewart-1.html,jacksonville,2018-19
26,26,30,2019-03-08,Jacksonville,@,Liberty,CTOURN,L 53-65,,0,0,1,.000,0,1,.000,0,0,,.000,0,0,,0,0,0,0,0,0,0,0,0,-0.7,Johne Stewart,https://www.sports-reference.com/cbb/players/johne-stewart-1.html,jacksonville,2018-19
