ranker,player_game_num_career,team_game_num_season,date,team_name_abbr,game_location,opp_name_abbr,game_type,game_result,is_starter,mp,fg,fga,fg_pct,fg3,fg3a,fg2,fg2a,fg2_pct,efg_pct,ft,fta,ft_pct,orb,drb,trb,ast,stl,blk,tov,pf,pts,game_score,player_name,player_sr_link,school,season
1,36,1,2018-11-07,Jacksonville,,Webber,REG (Non-Conf),W 73-39,,13,5,9,.556,0,0,5,9,.556,.556,1,2,.500,5,2,7,1,0,0,0,2,11,10.3,Khadijah Brown,https://www.sports-reference.com/cbb/players/khadijah-brown-1.html,jacksonville,2018-19
2,37,2,2018-11-11,Jacksonville,@,Texas A&M,REG (Non-Conf),L 53-73,,16,3,9,.333,0,0,3,9,.333,.333,0,0,,2,3,5,0,1,1,0,4,6,3.3,Khadijah Brown,https://www.sports-reference.com/cbb/players/khadijah-brown-1.html,jacksonville,2018-19
3,38,3,2018-11-15,Jacksonville,@,Florida State,REG (Non-Conf),L 46-79,*,27,6,9,.667,0,0,6,9,.667,.667,3,5,.600,3,4,7,0,1,1,1,2,15,13.5,Khadijah Brown,https://www.sports-reference.com/cbb/players/khadijah-brown-1.html,jacksonville,2018-19
4,39,4,2018-11-19,Jacksonville,@,Savannah State,REG (Non-Conf),W 68-58,*,16,1,6,.167,0,0,1,6,.167,.167,2,4,.500,3,2,5,1,1,2,2,4,4,1.6,Khadijah Brown,https://www.sports-reference.com/cbb/players/khadijah-brown-1.html,jacksonville,2018-19
5,40,5,2018-11-24,Jacksonville,@,Old Dominion,REG (Non-Conf),L 76-78 (OT),,21,2,3,.667,0,0,2,3,.667,.667,2,4,.500,1,6,7,0,0,1,3,4,6,2.5,Khadijah Brown,https://www.sports-reference.com/cbb/players/khadijah-brown-1.html,jacksonville,2018-19
6,41,6,2018-11-25,Jacksonville,@,Charleston Southern,REG (Non-Conf),W 68-58,,25,8,14,.571,0,0,8,14,.571,.571,1,2,.500,5,8,13,0,0,1,2,5,17,12.6,Khadijah Brown,https://www.sports-reference.com/cbb/players/khadijah-brown-1.html,jacksonville,2018-19
7,42,7,2018-11-28,Jacksonville,,Bethune-Cookman,REG (Non-Conf),L 56-58,*,12,2,5,.400,0,0,2,5,.400,.400,0,0,,0,3,3,0,0,1,0,5,4,0.9,Khadijah Brown,https://www.sports-reference.com/cbb/players/khadijah-brown-1.html,jacksonville,2018-19
8,43,8,2018-12-02,Jacksonville,@,Penn State,REG (Non-Conf),L 61-80,,14,0,4,.000,0,0,0,4,.000,.000,0,0,,2,2,4,0,1,1,0,1,0,0.5,Khadijah Brown,https://www.sports-reference.com/cbb/players/khadijah-brown-1.html,jacksonville,2018-19
9,44,9,2018-12-15,Jacksonville,,Edward Waters,REG (Non-Conf),W 100-48,*,16,4,7,.571,0,0,4,7,.571,.571,2,2,1.000,1,2,3,0,0,2,4,2,10,4.6,Khadijah Brown,https://www.sports-reference.com/cbb/players/khadijah-brown-1.html,jacksonville,2018-19
10,45,10,2018-12-20,Jacksonville,,Warner,REG (Non-Conf),W 105-55,,11,3,7,.429,0,0,3,7,.429,.429,2,4,.500,2,2,4,0,0,1,2,2,8,3.4,Khadijah Brown,https://www.sports-reference.com/cbb/players/khadijah-brown-1.html,jacksonville,2018-19
11,46,11,2018-12-21,Jacksonville,@,Alabama A&M,REG (Non-Conf),L 60-65,,14,3,7,.429,0,0,3,7,.429,.429,0,3,.000,1,6,7,1,0,0,1,3,6,2.1,Khadijah Brown,https://www.sports-reference.com/cbb/players/khadijah-brown-1.html,jacksonville,2018-19
12,47,12,2018-12-30,Jacksonville,@,Florida International,REG (Non-Conf),W 73-62,,14,0,2,.000,0,0,0,2,.000,.000,0,0,,1,7,8,0,0,1,2,1,0,-0.3,Khadijah Brown,https://www.sports-reference.com/cbb/players/khadijah-brown-1.html,jacksonville,2018-19
13,48,14,2019-01-05,Jacksonville,,Lipscomb,REG (Conf),W 62-47,,18,4,8,.500,0,0,4,8,.500,.500,0,0,,1,5,6,1,0,0,2,2,8,4.1,Khadijah Brown,https://www.sports-reference.com/cbb/players/khadijah-brown-1.html,jacksonville,2018-19
14,49,15,2019-01-08,Jacksonville,@,Kennesaw State,REG (Conf),L 55-75,,10,1,1,1.000,0,0,1,1,1.000,1.000,0,0,,0,1,1,0,0,1,1,2,2,0.9,Khadijah Brown,https://www.sports-reference.com/cbb/players/khadijah-brown-1.html,jacksonville,2018-19
15,50,16,2019-01-12,Jacksonville,@,Liberty,REG (Conf),W 64-52,,8,1,1,1.000,0,0,1,1,1.000,1.000,2,2,1.000,0,2,2,0,0,0,1,2,4,2.5,Khadijah Brown,https://www.sports-reference.com/cbb/players/khadijah-brown-1.html,jacksonville,2018-19
16,51,17,2019-01-15,Jacksonville,,North Alabama,REG (Conf),L 59-62,,8,0,1,.000,0,0,0,1,.000,.000,0,0,,0,1,1,0,1,0,1,3,0,-1.6,Khadijah Brown,https://www.sports-reference.com/cbb/players/khadijah-brown-1.html,jacksonville,2018-19
17,52,18,2019-01-19,Jacksonville,@,NJIT,REG (Conf),W 61-56,,8,1,1,1.000,0,0,1,1,1.000,1.000,0,0,,1,0,1,0,0,1,1,3,2,0.9,Khadijah Brown,https://www.sports-reference.com/cbb/players/khadijah-brown-1.html,jacksonville,2018-19
18,53,19,2019-01-22,Jacksonville,@,North Florida,REG (Conf),W 80-72,,8,2,5,.400,0,0,2,5,.400,.400,0,1,.000,2,1,3,0,0,1,0,1,4,2.9,Khadijah Brown,https://www.sports-reference.com/cbb/players/khadijah-brown-1.html,jacksonville,2018-19
19,54,20,2019-01-26,Jacksonville,,Liberty,REG (Conf),L 75-85 (OT),,1,0,2,.000,0,0,0,2,.000,.000,0,0,,0,0,0,0,0,0,0,0,0,-1.4,Khadijah Brown,https://www.sports-reference.com/cbb/players/khadijah-brown-1.html,jacksonville,2018-19
20,55,21,2019-01-29,Jacksonville,,Stetson,REG (Conf),L 56-69,,9,0,3,.000,0,0,0,3,.000,.000,0,0,,2,0,2,0,1,0,0,1,0,-0.1,Khadijah Brown,https://www.sports-reference.com/cbb/players/khadijah-brown-1.html,jacksonville,2018-19
