ranker,player_game_num_career,team_game_num_season,date,team_name_abbr,game_location,opp_name_abbr,game_type,game_result,is_starter,mp,fg,fga,fg_pct,fg3,fg3a,fg3_pct,fg2,fg2a,fg2_pct,efg_pct,ft,fta,ft_pct,orb,drb,trb,ast,stl,blk,tov,pf,pts,game_score,player_name,player_sr_link,school,season
1,1,1,2018-11-07,Jacksonville,,Webber,REG (Non-Conf),W 73-39,*,20,2,4,.500,0,0,,2,4,.500,.500,0,0,,1,2,3,4,1,0,2,3,4,3.9,Kiara Meeks,https://www.sports-reference.com/cbb/players/kiara-meeks-1.html,jacksonville,2018-19
2,2,2,2018-11-11,Jacksonville,@,Texas A&M,REG (Non-Conf),L 53-73,*,36,9,14,.643,2,3,.667,7,11,.636,.714,2,2,1.000,0,5,5,1,0,0,5,4,22,11.4,Kiara Meeks,https://www.sports-reference.com/cbb/players/kiara-meeks-1.html,jacksonville,2018-19
3,3,3,2018-11-15,Jacksonville,@,Florida State,REG (Non-Conf),L 46-79,*,34,1,5,.200,0,1,.000,1,4,.250,.200,0,0,,0,1,1,2,0,0,7,1,2,-6.8,Kiara Meeks,https://www.sports-reference.com/cbb/players/kiara-meeks-1.html,jacksonville,2018-19
4,4,4,2018-11-19,Jacksonville,@,Savannah State,REG (Non-Conf),W 68-58,*,31,3,7,.429,0,1,.000,3,6,.500,.429,4,6,.667,1,5,6,3,1,0,6,0,10,4.8,Kiara Meeks,https://www.sports-reference.com/cbb/players/kiara-meeks-1.html,jacksonville,2018-19
5,5,5,2018-11-24,Jacksonville,@,Old Dominion,REG (Non-Conf),L 76-78 (OT),*,26,2,6,.333,0,1,.000,2,5,.400,.333,2,2,1.000,1,3,4,4,0,0,7,1,6,-0.4,Kiara Meeks,https://www.sports-reference.com/cbb/players/kiara-meeks-1.html,jacksonville,2018-19
6,6,6,2018-11-25,Jacksonville,@,Charleston Southern,REG (Non-Conf),W 68-58,,9,1,3,.333,0,1,.000,1,2,.500,.333,0,0,,0,2,2,2,1,0,1,0,2,2.3,Kiara Meeks,https://www.sports-reference.com/cbb/players/kiara-meeks-1.html,jacksonville,2018-19
7,7,7,2018-11-28,Jacksonville,,Bethune-Cookman,REG (Non-Conf),L 56-58,,24,5,9,.556,0,0,,5,9,.556,.556,2,3,.667,0,1,1,2,0,0,2,1,12,6.6,Kiara Meeks,https://www.sports-reference.com/cbb/players/kiara-meeks-1.html,jacksonville,2018-19
8,8,8,2018-12-02,Jacksonville,@,Penn State,REG (Non-Conf),L 61-80,*,16,0,4,.000,0,0,,0,4,.000,.000,1,2,.500,0,5,5,1,1,0,4,1,1,-3.4,Kiara Meeks,https://www.sports-reference.com/cbb/players/kiara-meeks-1.html,jacksonville,2018-19
9,9,9,2018-12-15,Jacksonville,,Edward Waters,REG (Non-Conf),W 100-48,,27,6,8,.750,0,0,,6,8,.750,.750,4,5,.800,2,3,5,3,4,0,0,2,16,20.0,Kiara Meeks,https://www.sports-reference.com/cbb/players/kiara-meeks-1.html,jacksonville,2018-19
10,10,10,2018-12-20,Jacksonville,,Warner,REG (Non-Conf),W 105-55,*,21,3,4,.750,0,1,.000,3,3,1.000,.750,7,8,.875,1,1,2,5,3,0,2,3,13,15.3,Kiara Meeks,https://www.sports-reference.com/cbb/players/kiara-meeks-1.html,jacksonville,2018-19
11,11,11,2018-12-21,Jacksonville,@,Alabama A&M,REG (Non-Conf),L 60-65,*,28,4,9,.444,0,3,.000,4,6,.667,.444,0,4,.000,0,1,1,4,2,0,3,3,8,2.6,Kiara Meeks,https://www.sports-reference.com/cbb/players/kiara-meeks-1.html,jacksonville,2018-19
12,12,12,2018-12-30,Jacksonville,@,Florida International,REG (Non-Conf),W 73-62,*,37,4,12,.333,0,2,.000,4,10,.400,.333,0,0,,0,4,4,7,1,0,5,0,8,3.3,Kiara Meeks,https://www.sports-reference.com/cbb/players/kiara-meeks-1.html,jacksonville,2018-19
13,13,13,2019-01-02,Jacksonville,,Mercer,REG (Non-Conf),W 71-66,*,37,6,12,.500,0,1,.000,6,11,.545,.500,9,14,.643,1,3,4,3,1,0,2,2,21,14.9,Kiara Meeks,https://www.sports-reference.com/cbb/players/kiara-meeks-1.html,jacksonville,2018-19
14,14,14,2019-01-05,Jacksonville,,Lipscomb,REG (Conf),W 62-47,*,25,1,2,.500,0,1,.000,1,1,1.000,.500,4,4,1.000,0,2,2,2,0,0,7,3,6,-1.2,Kiara Meeks,https://www.sports-reference.com/cbb/players/kiara-meeks-1.html,jacksonville,2018-19
15,15,15,2019-01-08,Jacksonville,@,Kennesaw State,REG (Conf),L 55-75,*,26,2,4,.500,0,1,.000,2,3,.667,.500,1,2,.500,0,0,0,3,2,0,5,0,5,1.7,Kiara Meeks,https://www.sports-reference.com/cbb/players/kiara-meeks-1.html,jacksonville,2018-19
16,16,16,2019-01-12,Jacksonville,@,Liberty,REG (Conf),W 64-52,,31,1,4,.250,0,0,,1,4,.250,.250,3,4,.750,2,2,4,0,0,0,3,1,5,0.8,Kiara Meeks,https://www.sports-reference.com/cbb/players/kiara-meeks-1.html,jacksonville,2018-19
17,17,17,2019-01-15,Jacksonville,,North Alabama,REG (Conf),L 59-62,,26,3,3,1.000,0,0,,3,3,1.000,1.000,0,0,,0,0,0,1,1,0,3,3,6,2.6,Kiara Meeks,https://www.sports-reference.com/cbb/players/kiara-meeks-1.html,jacksonville,2018-19
18,18,18,2019-01-19,Jacksonville,@,NJIT,REG (Conf),W 61-56,,28,2,6,.333,0,0,,2,6,.333,.333,7,8,.875,4,4,8,5,1,0,6,2,11,8.9,Kiara Meeks,https://www.sports-reference.com/cbb/players/kiara-meeks-1.html,jacksonville,2018-19
19,19,19,2019-01-22,Jacksonville,@,North Florida,REG (Conf),W 80-72,*,21,0,3,.000,0,2,.000,0,1,.000,.000,2,2,1.000,0,2,2,3,2,0,3,4,2,0.0,Kiara Meeks,https://www.sports-reference.com/cbb/players/kiara-meeks-1.html,jacksonville,2018-19
20,20,20,2019-01-26,Jacksonville,,Liberty,REG (Conf),L 75-85 (OT),*,34,2,5,.400,0,0,,2,5,.400,.400,8,8,1.000,4,1,5,5,1,0,5,4,12,10.3,Kiara Meeks,https://www.sports-reference.com/cbb/players/kiara-meeks-1.html,jacksonville,2018-19
21,21,21,2019-01-29,Jacksonville,,Stetson,REG (Conf),L 56-69,*,28,1,7,.143,0,2,.000,1,5,.200,.143,3,4,.750,2,0,2,2,2,0,6,1,5,-1.5,Kiara Meeks,https://www.sports-reference.com/cbb/players/kiara-meeks-1.html,jacksonville,2018-19
22,22,22,2019-02-02,Jacksonville,@,Florida Gulf Coast,REG (Conf),L 58-82,*,23,3,9,.333,0,0,,3,9,.333,.333,0,0,,1,3,4,2,0,0,4,1,6,-0.5,Kiara Meeks,https://www.sports-reference.com/cbb/players/kiara-meeks-1.html,jacksonville,2018-19
23,23,23,2019-02-05,Jacksonville,,Kennesaw State,REG (Conf),W 68-53,,29,1,8,.125,0,3,.000,1,5,.200,.125,0,0,,3,3,6,2,1,0,5,4,2,-4.4,Kiara Meeks,https://www.sports-reference.com/cbb/players/kiara-meeks-1.html,jacksonville,2018-19
24,24,24,2019-02-09,Jacksonville,@,Lipscomb,REG (Conf),L 58-61,,18,2,7,.286,0,0,,2,7,.286,.286,0,0,,2,1,3,1,1,0,2,3,4,0.1,Kiara Meeks,https://www.sports-reference.com/cbb/players/kiara-meeks-1.html,jacksonville,2018-19
25,25,25,2019-02-12,Jacksonville,@,Stetson,REG (Conf),L 46-54,,19,2,6,.333,0,0,,2,6,.333,.333,2,3,.667,3,3,6,0,2,0,1,2,6,5.4,Kiara Meeks,https://www.sports-reference.com/cbb/players/kiara-meeks-1.html,jacksonville,2018-19
26,26,26,2019-02-19,Jacksonville,,North Florida,REG (Conf),W 75-63,*,30,4,8,.500,1,1,1.000,3,7,.429,.563,0,0,,2,5,7,1,0,0,3,1,9,5.2,Kiara Meeks,https://www.sports-reference.com/cbb/players/kiara-meeks-1.html,jacksonville,2018-19
27,27,27,2019-02-23,Jacksonville,,NJIT,REG (Conf),W 69-55,*,37,6,9,.667,3,3,1.000,3,6,.500,.833,1,3,.333,2,4,6,5,6,0,4,2,16,18.6,Kiara Meeks,https://www.sports-reference.com/cbb/players/kiara-meeks-1.html,jacksonville,2018-19
28,28,28,2019-02-27,Jacksonville,@,North Alabama,REG (Conf),L 59-68,*,27,2,7,.286,0,1,.000,2,6,.333,.286,1,2,.500,0,6,6,2,0,0,5,4,5,-2.9,Kiara Meeks,https://www.sports-reference.com/cbb/players/kiara-meeks-1.html,jacksonville,2018-19
29,29,29,2019-03-02,Jacksonville,,Florida Gulf Coast,REG (Conf),L 62-68,,23,3,11,.273,0,2,.000,3,9,.333,.273,3,4,.750,4,1,5,2,1,0,5,4,9,1.0,Kiara Meeks,https://www.sports-reference.com/cbb/players/kiara-meeks-1.html,jacksonville,2018-19
30,30,30,2019-03-08,Jacksonville,@,Liberty,CTOURN,L 53-65,*,36,3,7,.429,0,2,.000,3,5,.600,.429,0,2,.000,0,3,3,4,2,0,4,3,6,2.0,Kiara Meeks,https://www.sports-reference.com/cbb/players/kiara-meeks-1.html,jacksonville,2018-19
