ranker,player_game_num_career,team_game_num_season,date,team_name_abbr,game_location,opp_name_abbr,game_type,game_result,is_starter,mp,fg,fga,fg_pct,fg3,fg3a,fg3_pct,fg2,fg2a,fg2_pct,efg_pct,ft,fta,ft_pct,orb,drb,trb,ast,stl,blk,tov,pf,pts,game_score,player_name,player_sr_link,school,season
1,44,1,2018-11-07,Jacksonville,,Webber,REG (Non-Conf),W 73-39,*,31,1,9,.111,0,5,.000,1,4,.250,.111,3,4,.750,3,7,10,4,0,0,3,0,5,2.7,Rolanda Hayes,https://www.sports-reference.com/cbb/players/rolanda-hayes-1.html,jacksonville,2018-19
2,45,2,2018-11-11,Jacksonville,@,Texas A&M,REG (Non-Conf),L 53-73,*,23,1,9,.111,0,2,.000,1,7,.143,.111,0,0,,0,3,3,0,0,1,3,2,2,-6.1,Rolanda Hayes,https://www.sports-reference.com/cbb/players/rolanda-hayes-1.html,jacksonville,2018-19
3,46,3,2018-11-15,Jacksonville,@,Florida State,REG (Non-Conf),L 46-79,*,27,3,13,.231,1,4,.250,2,9,.222,.269,3,4,.750,3,1,4,2,2,0,2,4,10,3.9,Rolanda Hayes,https://www.sports-reference.com/cbb/players/rolanda-hayes-1.html,jacksonville,2018-19
4,47,4,2018-11-19,Jacksonville,@,Savannah State,REG (Non-Conf),W 68-58,*,12,0,3,.000,0,1,.000,0,2,.000,.000,0,0,,0,1,1,1,0,1,2,2,0,-3.2,Rolanda Hayes,https://www.sports-reference.com/cbb/players/rolanda-hayes-1.html,jacksonville,2018-19
5,48,5,2018-11-24,Jacksonville,@,Old Dominion,REG (Non-Conf),L 76-78 (OT),,5,0,2,.000,0,0,,0,2,.000,.000,0,0,,0,0,0,2,1,0,0,0,0,1.0,Rolanda Hayes,https://www.sports-reference.com/cbb/players/rolanda-hayes-1.html,jacksonville,2018-19
6,49,7,2018-11-28,Jacksonville,,Bethune-Cookman,REG (Non-Conf),L 56-58,,4,0,0,,0,0,,0,0,,,0,0,,0,1,1,0,0,0,2,1,0,-2.1,Rolanda Hayes,https://www.sports-reference.com/cbb/players/rolanda-hayes-1.html,jacksonville,2018-19
7,50,8,2018-12-02,Jacksonville,@,Penn State,REG (Non-Conf),L 61-80,,3,0,1,.000,0,1,.000,0,0,,.000,1,2,.500,0,1,1,0,0,0,3,1,1,-3.2,Rolanda Hayes,https://www.sports-reference.com/cbb/players/rolanda-hayes-1.html,jacksonville,2018-19
8,51,9,2018-12-15,Jacksonville,,Edward Waters,REG (Non-Conf),W 100-48,,3,0,1,.000,0,1,.000,0,0,,.000,0,0,,0,0,0,0,0,0,0,0,0,-0.7,Rolanda Hayes,https://www.sports-reference.com/cbb/players/rolanda-hayes-1.html,jacksonville,2018-19
9,52,10,2018-12-20,Jacksonville,,Warner,REG (Non-Conf),W 105-55,,10,1,2,.500,0,0,,1,2,.500,.500,0,0,,0,0,0,0,3,0,0,2,2,3.2,Rolanda Hayes,https://www.sports-reference.com/cbb/players/rolanda-hayes-1.html,jacksonville,2018-19
10,53,11,2018-12-21,Jacksonville,@,Alabama A&M,REG (Non-Conf),L 60-65,,0,0,0,,0,0,,0,0,,,0,0,,0,0,0,0,0,0,0,0,0,0.0,Rolanda Hayes,https://www.sports-reference.com/cbb/players/rolanda-hayes-1.html,jacksonville,2018-19
11,54,12,2018-12-30,Jacksonville,@,Florida International,REG (Non-Conf),W 73-62,*,39,10,14,.714,5,6,.833,5,8,.625,.893,4,6,.667,0,3,3,4,1,0,2,2,29,24.3,Rolanda Hayes,https://www.sports-reference.com/cbb/players/rolanda-hayes-1.html,jacksonville,2018-19
12,55,13,2019-01-02,Jacksonville,,Mercer,REG (Non-Conf),W 71-66,*,40,5,12,.417,3,5,.600,2,7,.286,.542,3,4,.750,0,1,1,1,1,0,2,0,16,9.2,Rolanda Hayes,https://www.sports-reference.com/cbb/players/rolanda-hayes-1.html,jacksonville,2018-19
13,56,14,2019-01-05,Jacksonville,,Lipscomb,REG (Conf),W 62-47,*,40,4,16,.250,3,11,.273,1,5,.200,.344,0,0,,0,3,3,1,2,0,4,3,11,-0.2,Rolanda Hayes,https://www.sports-reference.com/cbb/players/rolanda-hayes-1.html,jacksonville,2018-19
14,57,15,2019-01-08,Jacksonville,@,Kennesaw State,REG (Conf),L 55-75,*,29,4,13,.308,2,4,.500,2,9,.222,.385,1,2,.500,0,2,2,2,2,2,11,3,11,-3.7,Rolanda Hayes,https://www.sports-reference.com/cbb/players/rolanda-hayes-1.html,jacksonville,2018-19
15,58,16,2019-01-12,Jacksonville,@,Liberty,REG (Conf),W 64-52,*,39,5,13,.385,0,4,.000,5,9,.556,.385,2,2,1.000,0,3,3,1,1,0,1,1,12,6.1,Rolanda Hayes,https://www.sports-reference.com/cbb/players/rolanda-hayes-1.html,jacksonville,2018-19
16,59,17,2019-01-15,Jacksonville,,North Alabama,REG (Conf),L 59-62,*,38,6,12,.500,2,6,.333,4,6,.667,.583,0,0,,2,2,4,4,2,0,1,1,14,13.4,Rolanda Hayes,https://www.sports-reference.com/cbb/players/rolanda-hayes-1.html,jacksonville,2018-19
17,60,18,2019-01-19,Jacksonville,@,NJIT,REG (Conf),W 61-56,*,32,0,7,.000,0,1,.000,0,6,.000,.000,4,10,.400,0,3,3,1,0,0,0,0,4,-1.7,Rolanda Hayes,https://www.sports-reference.com/cbb/players/rolanda-hayes-1.html,jacksonville,2018-19
18,61,19,2019-01-22,Jacksonville,@,North Florida,REG (Conf),W 80-72,*,40,5,13,.385,4,11,.364,1,2,.500,.538,2,4,.500,1,2,3,7,2,0,3,3,16,12.1,Rolanda Hayes,https://www.sports-reference.com/cbb/players/rolanda-hayes-1.html,jacksonville,2018-19
19,62,20,2019-01-26,Jacksonville,,Liberty,REG (Conf),L 75-85 (OT),*,40,6,16,.375,3,6,.500,3,10,.300,.469,0,0,,1,4,5,1,1,0,4,2,15,5.0,Rolanda Hayes,https://www.sports-reference.com/cbb/players/rolanda-hayes-1.html,jacksonville,2018-19
20,63,21,2019-01-29,Jacksonville,,Stetson,REG (Conf),L 56-69,*,34,4,18,.222,2,9,.222,2,9,.222,.278,0,0,,2,4,6,3,2,0,3,2,10,1.9,Rolanda Hayes,https://www.sports-reference.com/cbb/players/rolanda-hayes-1.html,jacksonville,2018-19
21,64,22,2019-02-02,Jacksonville,@,Florida Gulf Coast,REG (Conf),L 58-82,*,27,4,14,.286,1,5,.200,3,9,.333,.321,0,2,.000,0,2,2,2,0,0,0,1,9,1.6,Rolanda Hayes,https://www.sports-reference.com/cbb/players/rolanda-hayes-1.html,jacksonville,2018-19
22,65,23,2019-02-05,Jacksonville,,Kennesaw State,REG (Conf),W 68-53,*,35,5,15,.333,3,8,.375,2,7,.286,.433,0,0,,0,2,2,2,2,0,4,0,13,4.5,Rolanda Hayes,https://www.sports-reference.com/cbb/players/rolanda-hayes-1.html,jacksonville,2018-19
23,66,24,2019-02-09,Jacksonville,@,Lipscomb,REG (Conf),L 58-61,*,35,1,14,.071,1,7,.143,0,7,.000,.107,1,2,.500,0,1,1,3,0,0,3,4,4,-8.0,Rolanda Hayes,https://www.sports-reference.com/cbb/players/rolanda-hayes-1.html,jacksonville,2018-19
24,67,25,2019-02-12,Jacksonville,@,Stetson,REG (Conf),L 46-54,*,34,1,8,.125,0,3,.000,1,5,.200,.125,2,2,1.000,0,1,1,2,3,0,3,2,4,-0.3,Rolanda Hayes,https://www.sports-reference.com/cbb/players/rolanda-hayes-1.html,jacksonville,2018-19
25,68,26,2019-02-19,Jacksonville,,North Florida,REG (Conf),W 75-63,*,28,8,14,.571,2,6,.333,6,8,.750,.643,0,0,,0,7,7,1,0,0,4,4,18,8.6,Rolanda Hayes,https://www.sports-reference.com/cbb/players/rolanda-hayes-1.html,jacksonville,2018-19
26,69,27,2019-02-23,Jacksonville,,NJIT,REG (Conf),W 69-55,*,26,3,6,.500,1,3,.333,2,3,.667,.583,0,0,,0,2,2,2,0,0,1,4,7,3.4,Rolanda Hayes,https://www.sports-reference.com/cbb/players/rolanda-hayes-1.html,jacksonville,2018-19
27,70,28,2019-02-27,Jacksonville,@,North Alabama,REG (Conf),L 59-68,*,35,10,18,.556,2,8,.250,8,10,.800,.611,2,2,1.000,1,4,5,3,3,0,3,3,24,18.2,Rolanda Hayes,https://www.sports-reference.com/cbb/players/rolanda-hayes-1.html,jacksonville,2018-19
28,71,29,2019-03-02,Jacksonville,,Florida Gulf Coast,REG (Conf),L 62-68,*,36,2,7,.286,1,3,.333,1,4,.250,.357,0,0,,0,0,0,0,0,1,3,5,5,-3.4,Rolanda Hayes,https://www.sports-reference.com/cbb/players/rolanda-hayes-1.html,jacksonville,2018-19
29,72,30,2019-03-08,Jacksonville,@,Liberty,CTOURN,L 53-65,*,33,3,7,.429,0,2,.000,3,5,.600,.429,2,2,1.000,0,3,3,1,2,0,6,3,8,0.7,Rolanda Hayes,https://www.sports-reference.com/cbb/players/rolanda-hayes-1.html,jacksonville,2018-19
