ranker,player_game_num_career,team_game_num_season,date,team_name_abbr,game_location,opp_name_abbr,game_type,game_result,is_starter,mp,fg,fga,fg_pct,fg3,fg3a,fg2,fg2a,fg2_pct,efg_pct,ft,fta,ft_pct,orb,drb,trb,ast,stl,blk,tov,pf,pts,game_score,player_name,player_sr_link,school,season
1,57,1,2018-11-07,Jacksonville,,Webber,REG (Non-Conf),W 73-39,*,24,4,7,.571,0,0,4,7,.571,.571,0,0,,1,3,4,1,0,0,0,1,8,6.6,Shalonda Neely,https://www.sports-reference.com/cbb/players/shalonda-neely-1.html,jacksonville,2018-19
2,58,2,2018-11-11,Jacksonville,@,Texas A&M,REG (Non-Conf),L 53-73,*,15,1,3,.333,0,0,1,3,.333,.333,0,0,,1,1,2,0,0,0,0,1,2,0.9,Shalonda Neely,https://www.sports-reference.com/cbb/players/shalonda-neely-1.html,jacksonville,2018-19
3,59,3,2018-11-15,Jacksonville,@,Florida State,REG (Non-Conf),L 46-79,,7,1,2,.500,0,0,1,2,.500,.500,0,0,,0,0,0,0,0,1,1,0,2,0.7,Shalonda Neely,https://www.sports-reference.com/cbb/players/shalonda-neely-1.html,jacksonville,2018-19
4,60,4,2018-11-19,Jacksonville,@,Savannah State,REG (Non-Conf),W 68-58,*,27,6,10,.600,0,0,6,10,.600,.600,2,6,.333,3,5,8,1,1,0,5,5,14,6.1,Shalonda Neely,https://www.sports-reference.com/cbb/players/shalonda-neely-1.html,jacksonville,2018-19
5,61,5,2018-11-24,Jacksonville,@,Old Dominion,REG (Non-Conf),L 76-78 (OT),*,24,2,6,.333,0,0,2,6,.333,.333,2,2,1.000,1,3,4,1,0,3,2,3,6,3.8,Shalonda Neely,https://www.sports-reference.com/cbb/players/shalonda-neely-1.html,jacksonville,2018-19
6,62,6,2018-11-25,Jacksonville,@,Charleston Southern,REG (Non-Conf),W 68-58,*,12,0,1,.000,0,0,0,1,.000,.000,0,0,,3,1,4,0,0,0,2,1,0,-0.7,Shalonda Neely,https://www.sports-reference.com/cbb/players/shalonda-neely-1.html,jacksonville,2018-19
7,63,7,2018-11-28,Jacksonville,,Bethune-Cookman,REG (Non-Conf),L 56-58,,7,1,1,1.000,0,0,1,1,1.000,1.000,2,2,1.000,1,0,1,0,2,0,1,2,4,4.6,Shalonda Neely,https://www.sports-reference.com/cbb/players/shalonda-neely-1.html,jacksonville,2018-19
8,64,8,2018-12-02,Jacksonville,@,Penn State,REG (Non-Conf),L 61-80,*,17,3,5,.600,0,0,3,5,.600,.600,2,2,1.000,3,1,4,0,0,0,3,2,8,4.3,Shalonda Neely,https://www.sports-reference.com/cbb/players/shalonda-neely-1.html,jacksonville,2018-19
9,65,9,2018-12-15,Jacksonville,,Edward Waters,REG (Non-Conf),W 100-48,,12,5,6,.833,0,0,5,6,.833,.833,4,6,.667,3,2,5,1,0,0,0,0,14,14.4,Shalonda Neely,https://www.sports-reference.com/cbb/players/shalonda-neely-1.html,jacksonville,2018-19
10,66,10,2018-12-20,Jacksonville,,Warner,REG (Non-Conf),W 105-55,,20,3,4,.750,0,0,3,4,.750,.750,3,4,.750,1,6,7,3,1,2,1,1,9,12.6,Shalonda Neely,https://www.sports-reference.com/cbb/players/shalonda-neely-1.html,jacksonville,2018-19
11,67,11,2018-12-21,Jacksonville,@,Alabama A&M,REG (Non-Conf),L 60-65,,18,3,6,.500,0,0,3,6,.500,.500,1,2,.500,4,3,7,0,1,1,2,5,7,5.0,Shalonda Neely,https://www.sports-reference.com/cbb/players/shalonda-neely-1.html,jacksonville,2018-19
12,68,12,2018-12-30,Jacksonville,@,Florida International,REG (Non-Conf),W 73-62,,13,0,1,.000,0,0,0,1,.000,.000,0,0,,0,3,3,1,1,1,3,3,0,-1.6,Shalonda Neely,https://www.sports-reference.com/cbb/players/shalonda-neely-1.html,jacksonville,2018-19
13,69,13,2019-01-02,Jacksonville,,Mercer,REG (Non-Conf),W 71-66,,26,4,5,.800,0,0,4,5,.800,.800,1,1,1.000,1,6,7,1,0,0,2,3,9,7.1,Shalonda Neely,https://www.sports-reference.com/cbb/players/shalonda-neely-1.html,jacksonville,2018-19
14,70,14,2019-01-05,Jacksonville,,Lipscomb,REG (Conf),W 62-47,,20,3,5,.600,0,0,3,5,.600,.600,0,0,,4,1,5,5,0,0,1,1,6,8.9,Shalonda Neely,https://www.sports-reference.com/cbb/players/shalonda-neely-1.html,jacksonville,2018-19
15,71,15,2019-01-08,Jacksonville,@,Kennesaw State,REG (Conf),L 55-75,,9,0,1,.000,0,0,0,1,.000,.000,1,2,.500,0,0,0,0,0,1,1,1,1,-0.8,Shalonda Neely,https://www.sports-reference.com/cbb/players/shalonda-neely-1.html,jacksonville,2018-19
16,72,16,2019-01-12,Jacksonville,@,Liberty,REG (Conf),W 64-52,,19,1,5,.200,0,0,1,5,.200,.200,6,6,1.000,2,1,3,2,1,1,2,2,8,6.9,Shalonda Neely,https://www.sports-reference.com/cbb/players/shalonda-neely-1.html,jacksonville,2018-19
17,73,17,2019-01-15,Jacksonville,,North Alabama,REG (Conf),L 59-62,,7,0,2,.000,0,0,0,2,.000,.000,1,2,.500,0,3,3,0,0,0,1,0,1,-0.9,Shalonda Neely,https://www.sports-reference.com/cbb/players/shalonda-neely-1.html,jacksonville,2018-19
18,74,18,2019-01-19,Jacksonville,@,NJIT,REG (Conf),W 61-56,,21,3,7,.429,0,0,3,7,.429,.429,3,4,.750,3,6,9,1,2,2,4,4,9,7.3,Shalonda Neely,https://www.sports-reference.com/cbb/players/shalonda-neely-1.html,jacksonville,2018-19
19,75,19,2019-01-22,Jacksonville,@,North Florida,REG (Conf),W 80-72,*,27,1,2,.500,0,0,1,2,.500,.500,0,0,,2,1,3,1,2,2,0,3,2,5.6,Shalonda Neely,https://www.sports-reference.com/cbb/players/shalonda-neely-1.html,jacksonville,2018-19
20,76,20,2019-01-26,Jacksonville,,Liberty,REG (Conf),L 75-85 (OT),*,21,1,2,.500,0,0,1,2,.500,.500,0,0,,1,1,2,0,0,0,2,1,2,-0.4,Shalonda Neely,https://www.sports-reference.com/cbb/players/shalonda-neely-1.html,jacksonville,2018-19
21,77,21,2019-01-29,Jacksonville,,Stetson,REG (Conf),L 56-69,,15,2,5,.400,0,0,2,5,.400,.400,0,0,,3,0,3,0,0,0,1,1,4,2.0,Shalonda Neely,https://www.sports-reference.com/cbb/players/shalonda-neely-1.html,jacksonville,2018-19
22,78,22,2019-02-02,Jacksonville,@,Florida Gulf Coast,REG (Conf),L 58-82,,13,2,9,.222,0,0,2,9,.222,.222,1,1,1.000,2,3,5,2,0,1,2,4,5,0.3,Shalonda Neely,https://www.sports-reference.com/cbb/players/shalonda-neely-1.html,jacksonville,2018-19
23,79,23,2019-02-05,Jacksonville,,Kennesaw State,REG (Conf),W 68-53,,18,4,5,.800,0,0,4,5,.800,.800,4,5,.800,3,4,7,1,1,5,0,3,12,17.0,Shalonda Neely,https://www.sports-reference.com/cbb/players/shalonda-neely-1.html,jacksonville,2018-19
24,80,24,2019-02-09,Jacksonville,@,Lipscomb,REG (Conf),L 58-61,*,16,2,4,.500,0,0,2,4,.500,.500,0,0,,2,3,5,0,2,2,2,3,4,4.5,Shalonda Neely,https://www.sports-reference.com/cbb/players/shalonda-neely-1.html,jacksonville,2018-19
25,81,25,2019-02-12,Jacksonville,@,Stetson,REG (Conf),L 46-54,*,25,4,7,.571,0,0,4,7,.571,.571,0,0,,0,2,2,0,0,1,2,3,8,2.8,Shalonda Neely,https://www.sports-reference.com/cbb/players/shalonda-neely-1.html,jacksonville,2018-19
26,82,26,2019-02-19,Jacksonville,,North Florida,REG (Conf),W 75-63,,8,3,8,.375,0,0,3,8,.375,.375,2,2,1.000,2,1,3,0,2,0,1,4,8,4.7,Shalonda Neely,https://www.sports-reference.com/cbb/players/shalonda-neely-1.html,jacksonville,2018-19
27,83,27,2019-02-23,Jacksonville,,NJIT,REG (Conf),W 69-55,,18,2,5,.400,0,0,2,5,.400,.400,1,4,.250,3,0,3,3,1,0,1,1,5,4.9,Shalonda Neely,https://www.sports-reference.com/cbb/players/shalonda-neely-1.html,jacksonville,2018-19
28,84,28,2019-02-27,Jacksonville,@,North Alabama,REG (Conf),L 59-68,,19,3,7,.429,0,0,3,7,.429,.429,0,0,,2,1,3,0,0,1,0,0,6,4.7,Shalonda Neely,https://www.sports-reference.com/cbb/players/shalonda-neely-1.html,jacksonville,2018-19
29,85,29,2019-03-02,Jacksonville,,Florida Gulf Coast,REG (Conf),L 62-68,*,26,6,8,.750,0,0,6,8,.750,.750,2,2,1.000,0,3,3,1,0,0,2,2,14,9.6,Shalonda Neely,https://www.sports-reference.com/cbb/players/shalonda-neely-1.html,jacksonville,2018-19
30,86,30,2019-03-08,Jacksonville,@,Liberty,CTOURN,L 53-65,*,18,2,6,.333,0,0,2,6,.333,.333,2,4,.500,2,1,3,0,3,0,0,5,6,4.5,Shalonda Neely,https://www.sports-reference.com/cbb/players/shalonda-neely-1.html,jacksonville,2018-19
