ranker,player_game_num_career,team_game_num_season,date,team_name_abbr,game_location,opp_name_abbr,game_type,game_result,is_starter,mp,fg,fga,fg_pct,fg3,fg3a,fg3_pct,fg2,fg2a,fg2_pct,efg_pct,ft,fta,ft_pct,orb,drb,trb,ast,stl,blk,tov,pf,pts,game_score,player_name,player_sr_link,school,season
1,16,1,2018-11-07,Jacksonville,,Webber,REG (Non-Conf),W 73-39,,15,4,7,.571,0,0,,4,7,.571,.571,2,2,1.000,3,4,7,1,0,0,2,2,10,7.9,Trudy Walker,https://www.sports-reference.com/cbb/players/trudy-walker-1.html,jacksonville,2018-19
2,17,2,2018-11-11,Jacksonville,@,Texas A&M,REG (Non-Conf),L 53-73,*,22,3,6,.500,0,0,,3,6,.500,.500,1,2,.500,1,5,6,0,2,0,1,1,7,6.4,Trudy Walker,https://www.sports-reference.com/cbb/players/trudy-walker-1.html,jacksonville,2018-19
3,18,3,2018-11-15,Jacksonville,@,Florida State,REG (Non-Conf),L 46-79,*,19,1,4,.250,0,0,,1,4,.250,.250,0,0,,2,2,4,0,1,0,1,3,2,0.4,Trudy Walker,https://www.sports-reference.com/cbb/players/trudy-walker-1.html,jacksonville,2018-19
4,19,4,2018-11-19,Jacksonville,@,Savannah State,REG (Non-Conf),W 68-58,,23,2,5,.400,0,0,,2,5,.400,.400,0,0,,6,6,12,1,2,0,2,2,4,7.2,Trudy Walker,https://www.sports-reference.com/cbb/players/trudy-walker-1.html,jacksonville,2018-19
5,20,5,2018-11-24,Jacksonville,@,Old Dominion,REG (Non-Conf),L 76-78 (OT),*,40,8,14,.571,0,0,,8,14,.571,.571,1,3,.333,7,13,20,0,0,0,1,4,17,15.8,Trudy Walker,https://www.sports-reference.com/cbb/players/trudy-walker-1.html,jacksonville,2018-19
6,21,6,2018-11-25,Jacksonville,@,Charleston Southern,REG (Non-Conf),W 68-58,*,29,2,6,.333,0,0,,2,6,.333,.333,2,4,.500,5,6,11,1,3,0,3,3,6,6.6,Trudy Walker,https://www.sports-reference.com/cbb/players/trudy-walker-1.html,jacksonville,2018-19
7,22,7,2018-11-28,Jacksonville,,Bethune-Cookman,REG (Non-Conf),L 56-58,*,36,4,8,.500,0,0,,4,8,.500,.500,2,6,.333,5,11,16,0,3,0,6,2,10,7.4,Trudy Walker,https://www.sports-reference.com/cbb/players/trudy-walker-1.html,jacksonville,2018-19
8,23,8,2018-12-02,Jacksonville,@,Penn State,REG (Non-Conf),L 61-80,*,33,5,7,.714,0,0,,5,7,.714,.714,4,4,1.000,3,8,11,0,2,0,4,3,14,12.4,Trudy Walker,https://www.sports-reference.com/cbb/players/trudy-walker-1.html,jacksonville,2018-19
9,24,9,2018-12-15,Jacksonville,,Edward Waters,REG (Non-Conf),W 100-48,*,28,4,7,.571,0,0,,4,7,.571,.571,5,8,.625,7,4,11,0,3,0,2,0,13,15.6,Trudy Walker,https://www.sports-reference.com/cbb/players/trudy-walker-1.html,jacksonville,2018-19
10,25,10,2018-12-20,Jacksonville,,Warner,REG (Non-Conf),W 105-55,*,23,3,3,1.000,0,0,,3,3,1.000,1.000,1,2,.500,3,7,10,0,2,0,2,3,7,8.7,Trudy Walker,https://www.sports-reference.com/cbb/players/trudy-walker-1.html,jacksonville,2018-19
11,26,11,2018-12-21,Jacksonville,@,Alabama A&M,REG (Non-Conf),L 60-65,*,28,5,9,.556,0,0,,5,9,.556,.556,1,3,.333,6,4,10,0,0,0,1,5,11,8.3,Trudy Walker,https://www.sports-reference.com/cbb/players/trudy-walker-1.html,jacksonville,2018-19
12,27,12,2018-12-30,Jacksonville,@,Florida International,REG (Non-Conf),W 73-62,*,27,4,8,.500,0,0,,4,8,.500,.500,0,0,,3,6,9,1,0,2,1,3,8,7.8,Trudy Walker,https://www.sports-reference.com/cbb/players/trudy-walker-1.html,jacksonville,2018-19
13,28,13,2019-01-02,Jacksonville,,Mercer,REG (Non-Conf),W 71-66,*,34,5,8,.625,0,1,.000,5,7,.714,.625,2,4,.500,3,6,9,0,6,0,2,4,12,13.9,Trudy Walker,https://www.sports-reference.com/cbb/players/trudy-walker-1.html,jacksonville,2018-19
14,29,14,2019-01-05,Jacksonville,,Lipscomb,REG (Conf),W 62-47,*,19,3,3,1.000,0,0,,3,3,1.000,1.000,4,4,1.000,4,5,9,0,0,0,4,3,10,8.2,Trudy Walker,https://www.sports-reference.com/cbb/players/trudy-walker-1.html,jacksonville,2018-19
15,30,15,2019-01-08,Jacksonville,@,Kennesaw State,REG (Conf),L 55-75,*,33,6,8,.750,0,0,,6,8,.750,.750,0,2,.000,2,9,11,1,0,0,2,1,12,10.4,Trudy Walker,https://www.sports-reference.com/cbb/players/trudy-walker-1.html,jacksonville,2018-19
16,31,16,2019-01-12,Jacksonville,@,Liberty,REG (Conf),W 64-52,*,28,6,12,.500,0,0,,6,12,.500,.500,0,2,.000,4,5,9,0,1,1,2,3,12,8.0,Trudy Walker,https://www.sports-reference.com/cbb/players/trudy-walker-1.html,jacksonville,2018-19
17,32,17,2019-01-15,Jacksonville,,North Alabama,REG (Conf),L 59-62,*,28,6,8,.750,0,0,,6,8,.750,.750,2,3,.667,3,3,6,1,1,0,1,2,14,13.3,Trudy Walker,https://www.sports-reference.com/cbb/players/trudy-walker-1.html,jacksonville,2018-19
18,33,18,2019-01-19,Jacksonville,@,NJIT,REG (Conf),W 61-56,*,22,3,8,.375,0,0,,3,8,.375,.375,3,4,.750,4,7,11,0,2,0,2,4,9,7.5,Trudy Walker,https://www.sports-reference.com/cbb/players/trudy-walker-1.html,jacksonville,2018-19
19,34,19,2019-01-22,Jacksonville,@,North Florida,REG (Conf),W 80-72,*,30,6,7,.857,0,0,,6,7,.857,.857,4,8,.500,1,7,8,0,2,0,3,1,16,13.3,Trudy Walker,https://www.sports-reference.com/cbb/players/trudy-walker-1.html,jacksonville,2018-19
20,35,20,2019-01-26,Jacksonville,,Liberty,REG (Conf),L 75-85 (OT),*,40,4,14,.286,0,0,,4,14,.286,.286,6,8,.750,6,6,12,0,2,0,1,3,14,10.8,Trudy Walker,https://www.sports-reference.com/cbb/players/trudy-walker-1.html,jacksonville,2018-19
21,36,21,2019-01-29,Jacksonville,,Stetson,REG (Conf),L 56-69,*,26,6,11,.545,0,0,,6,11,.545,.545,4,6,.667,8,8,16,2,1,1,0,4,16,19.4,Trudy Walker,https://www.sports-reference.com/cbb/players/trudy-walker-1.html,jacksonville,2018-19
22,37,22,2019-02-02,Jacksonville,@,Florida Gulf Coast,REG (Conf),L 58-82,*,13,2,2,1.000,0,0,,2,2,1.000,1.000,0,0,,0,1,1,0,0,0,0,1,4,3.3,Trudy Walker,https://www.sports-reference.com/cbb/players/trudy-walker-1.html,jacksonville,2018-19
23,38,23,2019-02-05,Jacksonville,,Kennesaw State,REG (Conf),W 68-53,*,28,5,7,.714,0,0,,5,7,.714,.714,0,1,.000,4,8,12,0,4,0,4,3,10,10.7,Trudy Walker,https://www.sports-reference.com/cbb/players/trudy-walker-1.html,jacksonville,2018-19
24,39,24,2019-02-09,Jacksonville,@,Lipscomb,REG (Conf),L 58-61,*,28,6,8,.750,0,0,,6,8,.750,.750,3,6,.500,11,4,15,0,4,0,4,4,15,17.9,Trudy Walker,https://www.sports-reference.com/cbb/players/trudy-walker-1.html,jacksonville,2018-19
25,40,25,2019-02-12,Jacksonville,@,Stetson,REG (Conf),L 46-54,*,34,3,5,.600,0,0,,3,5,.600,.600,0,2,.000,3,7,10,1,5,0,3,4,6,8.2,Trudy Walker,https://www.sports-reference.com/cbb/players/trudy-walker-1.html,jacksonville,2018-19
26,41,26,2019-02-19,Jacksonville,,North Florida,REG (Conf),W 75-63,*,22,2,8,.250,0,1,.000,2,7,.286,.250,2,2,1.000,2,4,6,0,5,0,2,2,6,6.0,Trudy Walker,https://www.sports-reference.com/cbb/players/trudy-walker-1.html,jacksonville,2018-19
27,42,27,2019-02-23,Jacksonville,,NJIT,REG (Conf),W 69-55,*,27,7,10,.700,0,0,,7,10,.700,.700,2,4,.500,4,7,11,0,2,1,1,3,16,16.4,Trudy Walker,https://www.sports-reference.com/cbb/players/trudy-walker-1.html,jacksonville,2018-19
28,43,28,2019-02-27,Jacksonville,@,North Alabama,REG (Conf),L 59-68,*,11,2,2,1.000,0,0,,2,2,1.000,1.000,0,0,,0,1,1,0,0,0,0,4,4,2.1,Trudy Walker,https://www.sports-reference.com/cbb/players/trudy-walker-1.html,jacksonville,2018-19
29,44,29,2019-03-02,Jacksonville,,Florida Gulf Coast,REG (Conf),L 62-68,*,34,6,8,.750,0,0,,6,8,.750,.750,5,6,.833,7,9,16,0,5,2,2,1,17,25.0,Trudy Walker,https://www.sports-reference.com/cbb/players/trudy-walker-1.html,jacksonville,2018-19
30,45,30,2019-03-08,Jacksonville,@,Liberty,CTOURN,L 53-65,*,20,1,3,.333,0,0,,1,3,.333,.333,0,0,,1,4,5,1,1,0,1,4,2,1.3,Trudy Walker,https://www.sports-reference.com/cbb/players/trudy-walker-1.html,jacksonville,2018-19
