ranker,player_game_num_career,team_game_num_season,date,team_name_abbr,game_location,opp_name_abbr,game_type,game_result,is_starter,mp,fg,fga,fg_pct,fg3,fg3a,fg3_pct,fg2,fg2a,fg2_pct,efg_pct,ft,fta,ft_pct,orb,drb,trb,ast,stl,blk,tov,pf,pts,game_score,player_name,player_sr_link,school,season
1,85,1,2020-11-25,Stephen F. Austin,@,Arizona State,REG (Non-Conf),L 47-56,,7,0,1,.000,0,0,,0,1,.000,.000,0,0,,0,0,0,0,0,0,1,1,0,-2.1,Aaliyah Johnson,https://www.sports-reference.com/cbb/players/aaliyah-johnson-1.html,stephen-f-austin,2020-21
2,86,2,2020-11-27,Stephen F. Austin,,St. Mary's (CA),REG (Non-Conf),W 69-59,,13,3,6,.500,1,4,.250,2,2,1.000,.583,0,0,,0,1,1,2,0,1,0,0,7,6.4,Aaliyah Johnson,https://www.sports-reference.com/cbb/players/aaliyah-johnson-1.html,stephen-f-austin,2020-21
3,87,3,2020-11-28,Stephen F. Austin,@,VCU,REG (Non-Conf),W 71-66,,2,0,0,,0,0,,0,0,,,0,0,,0,0,0,1,0,0,0,2,0,-0.1,Aaliyah Johnson,https://www.sports-reference.com/cbb/players/aaliyah-johnson-1.html,stephen-f-austin,2020-21
4,88,4,2020-12-03,Stephen F. Austin,,Jackson State,REG (Non-Conf),W 88-58,,13,2,4,.500,0,2,.000,2,2,1.000,.500,2,2,1.000,0,0,0,0,1,0,0,2,6,4.2,Aaliyah Johnson,https://www.sports-reference.com/cbb/players/aaliyah-johnson-1.html,stephen-f-austin,2020-21
5,89,5,2020-12-05,Stephen F. Austin,,Texas-Dallas,REG (Non-Conf),W 96-37,,7,3,3,1.000,2,2,1.000,1,1,1.000,1.333,0,0,,0,0,0,1,0,1,1,2,8,6.7,Aaliyah Johnson,https://www.sports-reference.com/cbb/players/aaliyah-johnson-1.html,stephen-f-austin,2020-21
6,90,6,2020-12-08,Stephen F. Austin,,UT Arlington,REG (Non-Conf),W 79-57,,8,2,6,.333,2,5,.400,0,1,.000,.500,0,0,,0,0,0,2,0,0,0,2,6,3.2,Aaliyah Johnson,https://www.sports-reference.com/cbb/players/aaliyah-johnson-1.html,stephen-f-austin,2020-21
7,91,7,2020-12-11,Stephen F. Austin,@,Houston,REG (Non-Conf),L 59-61,,6,0,4,.000,0,1,.000,0,3,.000,.000,0,0,,0,0,0,1,1,0,0,1,0,-1.5,Aaliyah Johnson,https://www.sports-reference.com/cbb/players/aaliyah-johnson-1.html,stephen-f-austin,2020-21
8,92,8,2020-12-16,Stephen F. Austin,@,Auburn,REG (Non-Conf),W 67-54,,4,0,1,.000,0,0,,0,1,.000,.000,0,0,,1,1,2,0,0,0,1,2,0,-1.5,Aaliyah Johnson,https://www.sports-reference.com/cbb/players/aaliyah-johnson-1.html,stephen-f-austin,2020-21
9,93,9,2020-12-19,Stephen F. Austin,,Texas-Tyler,REG (Non-Conf),W 85-43,,13,4,6,.667,0,0,,4,6,.667,.667,0,1,.000,2,1,3,3,1,2,1,1,8,9.8,Aaliyah Johnson,https://www.sports-reference.com/cbb/players/aaliyah-johnson-1.html,stephen-f-austin,2020-21
10,94,10,2020-12-21,Stephen F. Austin,,Texas Southern,REG (Non-Conf),W 100-61,,13,5,8,.625,0,3,.000,5,5,1.000,.625,2,2,1.000,0,1,1,1,0,1,2,0,12,8.1,Aaliyah Johnson,https://www.sports-reference.com/cbb/players/aaliyah-johnson-1.html,stephen-f-austin,2020-21
11,95,11,2021-01-02,Stephen F. Austin,,New Orleans,REG (Conf),W 88-29,,15,3,4,.750,0,1,.000,3,3,1.000,.750,1,2,.500,1,2,3,1,1,0,1,0,7,7.0,Aaliyah Johnson,https://www.sports-reference.com/cbb/players/aaliyah-johnson-1.html,stephen-f-austin,2020-21
12,96,12,2021-01-06,Stephen F. Austin,,Texas A&M–Corpus Christi,REG (Conf),W 100-41,,10,2,4,.500,2,3,.667,0,1,.000,.750,0,0,,1,0,1,1,0,1,3,4,6,1.5,Aaliyah Johnson,https://www.sports-reference.com/cbb/players/aaliyah-johnson-1.html,stephen-f-austin,2020-21
13,97,13,2021-01-13,Stephen F. Austin,@,Central Arkansas,REG (Conf),W 85-44,,13,2,3,.667,0,1,.000,2,2,1.000,.667,0,0,,0,0,0,1,0,0,1,1,4,2.0,Aaliyah Johnson,https://www.sports-reference.com/cbb/players/aaliyah-johnson-1.html,stephen-f-austin,2020-21
14,98,14,2021-01-16,Stephen F. Austin,@,Incarnate Word,REG (Conf),W 91-48,,14,1,4,.250,1,4,.250,0,0,,.375,0,0,,1,2,3,1,0,2,1,2,3,2.2,Aaliyah Johnson,https://www.sports-reference.com/cbb/players/aaliyah-johnson-1.html,stephen-f-austin,2020-21
15,99,15,2021-01-20,Stephen F. Austin,@,Northwestern State,REG (Conf),W 87-28,,12,2,4,.500,1,2,.500,1,2,.500,.625,0,1,.000,0,1,1,1,0,1,1,2,5,2.5,Aaliyah Johnson,https://www.sports-reference.com/cbb/players/aaliyah-johnson-1.html,stephen-f-austin,2020-21
16,100,16,2021-01-23,Stephen F. Austin,,Lamar,REG (Conf),W 69-39,,13,3,7,.429,0,2,.000,3,5,.600,.429,0,0,,1,2,3,0,0,0,0,0,6,3.6,Aaliyah Johnson,https://www.sports-reference.com/cbb/players/aaliyah-johnson-1.html,stephen-f-austin,2020-21
17,101,17,2021-01-27,Stephen F. Austin,@,Abilene Christian,REG (Conf),W 73-52,,10,1,2,.500,1,1,1.000,0,1,.000,.750,0,0,,1,2,3,0,0,1,1,4,3,1.4,Aaliyah Johnson,https://www.sports-reference.com/cbb/players/aaliyah-johnson-1.html,stephen-f-austin,2020-21
18,102,18,2021-01-30,Stephen F. Austin,,Sam Houston State,REG (Conf),W 104-69,,19,5,6,.833,3,3,1.000,2,3,.667,1.083,0,0,,0,4,4,6,1,3,0,2,13,18.5,Aaliyah Johnson,https://www.sports-reference.com/cbb/players/aaliyah-johnson-1.html,stephen-f-austin,2020-21
19,103,19,2021-02-06,Stephen F. Austin,@,New Orleans,REG (Conf),W 105-36,,15,3,7,.429,1,3,.333,2,4,.500,.500,0,1,.000,3,3,6,3,2,2,0,1,7,11.0,Aaliyah Johnson,https://www.sports-reference.com/cbb/players/aaliyah-johnson-1.html,stephen-f-austin,2020-21
20,104,20,2021-02-22,Stephen F. Austin,,Central Arkansas,REG (Conf),W 82-59,,11,0,1,.000,0,0,,0,1,.000,.000,0,0,,1,0,1,2,3,1,0,5,0,3.1,Aaliyah Johnson,https://www.sports-reference.com/cbb/players/aaliyah-johnson-1.html,stephen-f-austin,2020-21
21,105,21,2021-02-24,Stephen F. Austin,,Northwestern State,REG (Conf),W 114-58,,13,2,6,.333,0,3,.000,2,3,.667,.333,0,0,,2,0,2,2,0,0,0,0,4,3.4,Aaliyah Johnson,https://www.sports-reference.com/cbb/players/aaliyah-johnson-1.html,stephen-f-austin,2020-21
22,106,22,2021-02-27,Stephen F. Austin,@,Lamar,REG (Conf),W 92-64,,15,3,5,.600,1,2,.500,2,3,.667,.700,0,0,,1,2,3,1,1,0,1,3,7,5.5,Aaliyah Johnson,https://www.sports-reference.com/cbb/players/aaliyah-johnson-1.html,stephen-f-austin,2020-21
23,107,23,2021-03-03,Stephen F. Austin,,Abilene Christian,REG (Conf),W 82-55,*,12,1,2,.500,1,1,1.000,0,1,.000,.750,0,0,,3,1,4,2,0,2,2,2,3,4.4,Aaliyah Johnson,https://www.sports-reference.com/cbb/players/aaliyah-johnson-1.html,stephen-f-austin,2020-21
24,108,24,2021-03-06,Stephen F. Austin,@,Sam Houston State,REG (Conf),W 69-57,,12,2,4,.500,0,1,.000,2,3,.667,.500,2,2,1.000,2,2,4,2,0,0,0,4,6,5.8,Aaliyah Johnson,https://www.sports-reference.com/cbb/players/aaliyah-johnson-1.html,stephen-f-austin,2020-21
25,109,25,2021-03-13,Stephen F. Austin,,Central Arkansas,CTOURN,W 55-47,,8,1,3,.333,0,1,.000,1,2,.500,.333,0,0,,0,0,0,0,0,0,0,0,2,0.3,Aaliyah Johnson,https://www.sports-reference.com/cbb/players/aaliyah-johnson-1.html,stephen-f-austin,2020-21
26,110,26,2021-03-14,Stephen F. Austin,,Sam Houston State,CTOURN,W 56-45,,10,1,3,.333,0,1,.000,1,2,.500,.333,0,0,,0,2,2,1,2,1,0,2,2,3.5,Aaliyah Johnson,https://www.sports-reference.com/cbb/players/aaliyah-johnson-1.html,stephen-f-austin,2020-21
27,111,27,2021-03-21,Stephen F. Austin,N,Georgia Tech,ROUND-64,L 52-54 (OT),,23,2,5,.400,1,3,.333,1,2,.500,.500,1,2,.500,1,1,2,1,1,1,0,1,6,5.9,Aaliyah Johnson,https://www.sports-reference.com/cbb/players/aaliyah-johnson-1.html,stephen-f-austin,2020-21
