ranker,player_game_num_career,team_game_num_season,date,team_name_abbr,game_location,opp_name_abbr,game_type,game_result,is_starter,mp,fg,fga,fg_pct,fg3,fg3a,fg3_pct,fg2,fg2a,fg2_pct,efg_pct,ft,fta,ft_pct,orb,drb,trb,ast,stl,blk,tov,pf,pts,game_score,player_name,player_sr_link,school,season
1,60,1,2020-11-25,Stephen F. Austin,@,Arizona State,REG (Non-Conf),L 47-56,*,35,2,8,.250,0,0,,2,8,.250,.250,1,4,.250,3,5,8,2,1,4,3,2,5,4.0,Aiyana Johnson,https://www.sports-reference.com/cbb/players/aiyana-johnson-1.html,stephen-f-austin,2020-21
2,61,2,2020-11-27,Stephen F. Austin,,St. Mary's (CA),REG (Non-Conf),W 69-59,*,26,4,8,.500,0,0,,4,8,.500,.500,3,8,.375,1,4,5,3,0,1,3,3,11,5.5,Aiyana Johnson,https://www.sports-reference.com/cbb/players/aiyana-johnson-1.html,stephen-f-austin,2020-21
3,62,3,2020-11-28,Stephen F. Austin,@,VCU,REG (Non-Conf),W 71-66,*,38,11,13,.846,0,0,,11,13,.846,.846,0,3,.000,5,7,12,0,0,1,7,0,22,15.4,Aiyana Johnson,https://www.sports-reference.com/cbb/players/aiyana-johnson-1.html,stephen-f-austin,2020-21
4,63,4,2020-12-03,Stephen F. Austin,,Jackson State,REG (Non-Conf),W 88-58,*,16,1,2,.500,0,0,,1,2,.500,.500,0,0,,2,5,7,1,1,0,2,3,2,2.4,Aiyana Johnson,https://www.sports-reference.com/cbb/players/aiyana-johnson-1.html,stephen-f-austin,2020-21
5,64,5,2020-12-05,Stephen F. Austin,,Texas-Dallas,REG (Non-Conf),W 96-37,*,24,2,3,.667,0,0,,2,3,.667,.667,3,6,.500,0,3,3,3,2,2,1,0,7,9.9,Aiyana Johnson,https://www.sports-reference.com/cbb/players/aiyana-johnson-1.html,stephen-f-austin,2020-21
6,65,6,2020-12-08,Stephen F. Austin,,UT Arlington,REG (Non-Conf),W 79-57,*,24,2,6,.333,0,0,,2,6,.333,.333,1,6,.167,0,1,1,2,1,2,1,3,5,1.5,Aiyana Johnson,https://www.sports-reference.com/cbb/players/aiyana-johnson-1.html,stephen-f-austin,2020-21
7,66,7,2020-12-11,Stephen F. Austin,@,Houston,REG (Non-Conf),L 59-61,*,27,8,13,.615,0,0,,8,13,.615,.615,1,2,.500,1,7,8,1,3,0,2,3,17,14.0,Aiyana Johnson,https://www.sports-reference.com/cbb/players/aiyana-johnson-1.html,stephen-f-austin,2020-21
8,67,8,2020-12-16,Stephen F. Austin,@,Auburn,REG (Non-Conf),W 67-54,*,29,1,4,.250,0,0,,1,4,.250,.250,2,4,.500,3,9,12,3,0,1,2,3,4,5.2,Aiyana Johnson,https://www.sports-reference.com/cbb/players/aiyana-johnson-1.html,stephen-f-austin,2020-21
9,68,9,2020-12-19,Stephen F. Austin,,Texas-Tyler,REG (Non-Conf),W 85-43,*,19,0,3,.000,0,0,,0,3,.000,.000,3,4,.750,1,2,3,0,1,2,0,1,3,3.8,Aiyana Johnson,https://www.sports-reference.com/cbb/players/aiyana-johnson-1.html,stephen-f-austin,2020-21
10,69,10,2020-12-21,Stephen F. Austin,,Texas Southern,REG (Non-Conf),W 100-61,*,19,2,7,.286,0,0,,2,7,.286,.286,0,0,,1,2,3,5,2,1,3,0,4,4.4,Aiyana Johnson,https://www.sports-reference.com/cbb/players/aiyana-johnson-1.html,stephen-f-austin,2020-21
11,70,11,2021-01-02,Stephen F. Austin,,New Orleans,REG (Conf),W 88-29,*,20,3,6,.500,0,0,,3,6,.500,.500,6,7,.857,2,5,7,2,0,4,0,1,12,15.3,Aiyana Johnson,https://www.sports-reference.com/cbb/players/aiyana-johnson-1.html,stephen-f-austin,2020-21
12,71,12,2021-01-06,Stephen F. Austin,,Texas A&M–Corpus Christi,REG (Conf),W 100-41,*,16,5,6,.833,0,0,,5,6,.833,.833,0,0,,1,3,4,4,1,3,3,2,10,11.5,Aiyana Johnson,https://www.sports-reference.com/cbb/players/aiyana-johnson-1.html,stephen-f-austin,2020-21
13,72,13,2021-01-13,Stephen F. Austin,@,Central Arkansas,REG (Conf),W 85-44,*,23,6,10,.600,0,0,,6,10,.600,.600,4,4,1.000,4,5,9,3,0,4,4,2,16,15.8,Aiyana Johnson,https://www.sports-reference.com/cbb/players/aiyana-johnson-1.html,stephen-f-austin,2020-21
14,73,14,2021-01-16,Stephen F. Austin,@,Incarnate Word,REG (Conf),W 91-48,*,20,7,9,.778,0,0,,7,9,.778,.778,0,0,,3,7,10,2,1,1,1,3,14,15.6,Aiyana Johnson,https://www.sports-reference.com/cbb/players/aiyana-johnson-1.html,stephen-f-austin,2020-21
15,74,15,2021-01-20,Stephen F. Austin,@,Northwestern State,REG (Conf),W 87-28,*,23,4,5,.800,0,0,,4,5,.800,.800,3,4,.750,3,7,10,5,0,4,5,3,11,13.0,Aiyana Johnson,https://www.sports-reference.com/cbb/players/aiyana-johnson-1.html,stephen-f-austin,2020-21
16,75,16,2021-01-23,Stephen F. Austin,,Lamar,REG (Conf),W 69-39,*,24,2,2,1.000,0,0,,2,2,1.000,1.000,0,1,.000,3,4,7,3,0,3,2,1,4,8.1,Aiyana Johnson,https://www.sports-reference.com/cbb/players/aiyana-johnson-1.html,stephen-f-austin,2020-21
17,76,17,2021-01-27,Stephen F. Austin,@,Abilene Christian,REG (Conf),W 73-52,*,30,6,9,.667,0,0,,6,9,.667,.667,2,3,.667,1,5,6,1,3,1,3,0,14,13.3,Aiyana Johnson,https://www.sports-reference.com/cbb/players/aiyana-johnson-1.html,stephen-f-austin,2020-21
18,77,18,2021-01-30,Stephen F. Austin,,Sam Houston State,REG (Conf),W 104-69,*,14,3,4,.750,0,0,,3,4,.750,.750,0,0,,1,3,4,2,0,1,3,3,6,3.9,Aiyana Johnson,https://www.sports-reference.com/cbb/players/aiyana-johnson-1.html,stephen-f-austin,2020-21
19,78,19,2021-02-06,Stephen F. Austin,@,New Orleans,REG (Conf),W 105-36,*,21,4,6,.667,0,0,,4,6,.667,.667,7,8,.875,2,2,4,3,2,1,2,1,15,16.4,Aiyana Johnson,https://www.sports-reference.com/cbb/players/aiyana-johnson-1.html,stephen-f-austin,2020-21
20,79,20,2021-02-22,Stephen F. Austin,,Central Arkansas,REG (Conf),W 82-59,*,27,4,8,.500,0,0,,4,8,.500,.500,6,6,1.000,2,9,11,3,2,2,5,2,14,13.8,Aiyana Johnson,https://www.sports-reference.com/cbb/players/aiyana-johnson-1.html,stephen-f-austin,2020-21
21,80,21,2021-02-24,Stephen F. Austin,,Northwestern State,REG (Conf),W 114-58,*,20,3,5,.600,0,0,,3,5,.600,.600,0,0,,0,5,5,5,0,3,1,0,6,9.8,Aiyana Johnson,https://www.sports-reference.com/cbb/players/aiyana-johnson-1.html,stephen-f-austin,2020-21
22,81,22,2021-02-27,Stephen F. Austin,@,Lamar,REG (Conf),W 92-64,*,20,5,6,.833,0,0,,5,6,.833,.833,2,2,1.000,1,4,5,1,0,3,3,5,12,9.5,Aiyana Johnson,https://www.sports-reference.com/cbb/players/aiyana-johnson-1.html,stephen-f-austin,2020-21
23,82,23,2021-03-03,Stephen F. Austin,,Abilene Christian,REG (Conf),W 82-55,,26,5,12,.417,0,0,,5,12,.417,.417,2,3,.667,6,2,8,5,4,1,0,1,12,17.8,Aiyana Johnson,https://www.sports-reference.com/cbb/players/aiyana-johnson-1.html,stephen-f-austin,2020-21
24,83,24,2021-03-06,Stephen F. Austin,@,Sam Houston State,REG (Conf),W 69-57,*,19,3,6,.500,0,0,,3,6,.500,.500,1,1,1.000,0,4,4,2,0,1,1,4,7,4.7,Aiyana Johnson,https://www.sports-reference.com/cbb/players/aiyana-johnson-1.html,stephen-f-austin,2020-21
25,84,25,2021-03-13,Stephen F. Austin,,Central Arkansas,CTOURN,W 55-47,*,32,3,9,.333,0,0,,3,9,.333,.333,1,2,.500,3,1,4,2,1,3,2,2,7,5.6,Aiyana Johnson,https://www.sports-reference.com/cbb/players/aiyana-johnson-1.html,stephen-f-austin,2020-21
26,85,26,2021-03-14,Stephen F. Austin,,Sam Houston State,CTOURN,W 56-45,*,30,8,15,.533,0,0,,8,15,.533,.533,0,0,,4,4,8,2,2,3,5,1,16,12.8,Aiyana Johnson,https://www.sports-reference.com/cbb/players/aiyana-johnson-1.html,stephen-f-austin,2020-21
27,86,27,2021-03-21,Stephen F. Austin,N,Georgia Tech,ROUND-64,L 52-54 (OT),*,22,1,8,.125,0,1,.000,1,7,.143,.125,0,0,,0,2,2,3,0,1,1,5,2,-2.8,Aiyana Johnson,https://www.sports-reference.com/cbb/players/aiyana-johnson-1.html,stephen-f-austin,2020-21
