ranker,player_game_num_career,team_game_num_season,date,team_name_abbr,game_location,opp_name_abbr,game_type,game_result,is_starter,mp,fg,fga,fg_pct,fg3,fg3a,fg3_pct,fg2,fg2a,fg2_pct,efg_pct,ft,fta,ft_pct,orb,drb,trb,ast,stl,blk,tov,pf,pts,game_score,player_name,player_sr_link,school,season
1,78,1,2020-11-25,Stephen F. Austin,@,Arizona State,REG (Non-Conf),L 47-56,*,19,1,3,.333,0,1,.000,1,2,.500,.333,2,2,1.000,0,1,1,0,3,0,2,4,4,2.0,Alyssa Mayfield,https://www.sports-reference.com/cbb/players/alyssa-mayfield-1.html,stephen-f-austin,2020-21
2,79,2,2020-11-27,Stephen F. Austin,,St. Mary's (CA),REG (Non-Conf),W 69-59,*,27,3,8,.375,0,2,.000,3,6,.500,.375,1,2,.500,0,4,4,1,3,0,1,2,7,5.3,Alyssa Mayfield,https://www.sports-reference.com/cbb/players/alyssa-mayfield-1.html,stephen-f-austin,2020-21
3,80,3,2020-11-28,Stephen F. Austin,@,VCU,REG (Non-Conf),W 71-66,*,26,2,3,.667,0,1,.000,2,2,1.000,.667,4,4,1.000,0,6,6,2,2,0,2,1,8,9.5,Alyssa Mayfield,https://www.sports-reference.com/cbb/players/alyssa-mayfield-1.html,stephen-f-austin,2020-21
4,81,4,2020-12-03,Stephen F. Austin,,Jackson State,REG (Non-Conf),W 88-58,*,20,1,3,.333,0,2,.000,1,1,1.000,.333,3,4,.750,0,0,0,0,2,0,1,0,5,3.9,Alyssa Mayfield,https://www.sports-reference.com/cbb/players/alyssa-mayfield-1.html,stephen-f-austin,2020-21
5,82,5,2020-12-05,Stephen F. Austin,,Texas-Dallas,REG (Non-Conf),W 96-37,*,21,6,8,.750,1,1,1.000,5,7,.714,.813,1,1,1.000,4,2,6,1,2,0,1,1,14,15.5,Alyssa Mayfield,https://www.sports-reference.com/cbb/players/alyssa-mayfield-1.html,stephen-f-austin,2020-21
6,83,6,2020-12-08,Stephen F. Austin,,UT Arlington,REG (Non-Conf),W 79-57,*,18,6,7,.857,1,1,1.000,5,6,.833,.929,1,3,.333,1,2,3,1,1,0,2,0,14,11.7,Alyssa Mayfield,https://www.sports-reference.com/cbb/players/alyssa-mayfield-1.html,stephen-f-austin,2020-21
7,84,7,2020-12-11,Stephen F. Austin,@,Houston,REG (Non-Conf),L 59-61,*,16,1,3,.333,0,0,,1,3,.333,.333,1,2,.500,1,2,3,1,1,0,0,2,3,3.1,Alyssa Mayfield,https://www.sports-reference.com/cbb/players/alyssa-mayfield-1.html,stephen-f-austin,2020-21
8,85,8,2020-12-16,Stephen F. Austin,@,Auburn,REG (Non-Conf),W 67-54,*,30,7,12,.583,1,2,.500,6,10,.600,.625,4,4,1.000,0,4,4,1,1,0,2,2,19,13.5,Alyssa Mayfield,https://www.sports-reference.com/cbb/players/alyssa-mayfield-1.html,stephen-f-austin,2020-21
9,86,9,2020-12-19,Stephen F. Austin,,Texas-Tyler,REG (Non-Conf),W 85-43,*,19,2,6,.333,0,2,.000,2,4,.500,.333,4,4,1.000,3,5,8,4,0,0,0,2,8,10.2,Alyssa Mayfield,https://www.sports-reference.com/cbb/players/alyssa-mayfield-1.html,stephen-f-austin,2020-21
10,87,10,2020-12-21,Stephen F. Austin,,Texas Southern,REG (Non-Conf),W 100-61,*,17,4,4,1.000,2,2,1.000,2,2,1.000,1.250,1,2,.500,1,3,4,2,2,0,0,0,11,14.4,Alyssa Mayfield,https://www.sports-reference.com/cbb/players/alyssa-mayfield-1.html,stephen-f-austin,2020-21
11,88,11,2021-01-02,Stephen F. Austin,,New Orleans,REG (Conf),W 88-29,*,21,6,12,.500,3,6,.500,3,6,.500,.625,0,0,,1,4,5,1,1,0,2,2,15,9.8,Alyssa Mayfield,https://www.sports-reference.com/cbb/players/alyssa-mayfield-1.html,stephen-f-austin,2020-21
12,89,12,2021-01-06,Stephen F. Austin,,Texas A&M–Corpus Christi,REG (Conf),W 100-41,*,23,5,10,.500,0,1,.000,5,9,.556,.500,1,2,.500,2,5,7,1,3,0,0,1,11,11.8,Alyssa Mayfield,https://www.sports-reference.com/cbb/players/alyssa-mayfield-1.html,stephen-f-austin,2020-21
13,90,13,2021-01-13,Stephen F. Austin,@,Central Arkansas,REG (Conf),W 85-44,*,18,0,2,.000,0,0,,0,2,.000,.000,2,2,1.000,0,5,5,2,0,0,0,1,2,3.1,Alyssa Mayfield,https://www.sports-reference.com/cbb/players/alyssa-mayfield-1.html,stephen-f-austin,2020-21
14,91,14,2021-01-16,Stephen F. Austin,@,Incarnate Word,REG (Conf),W 91-48,*,23,5,8,.625,0,2,.000,5,6,.833,.625,4,4,1.000,4,2,6,2,1,0,3,3,14,12.0,Alyssa Mayfield,https://www.sports-reference.com/cbb/players/alyssa-mayfield-1.html,stephen-f-austin,2020-21
15,92,15,2021-01-20,Stephen F. Austin,@,Northwestern State,REG (Conf),W 87-28,*,22,3,5,.600,0,1,.000,3,4,.750,.600,5,6,.833,0,6,6,3,0,0,1,0,11,11.2,Alyssa Mayfield,https://www.sports-reference.com/cbb/players/alyssa-mayfield-1.html,stephen-f-austin,2020-21
16,93,16,2021-01-23,Stephen F. Austin,,Lamar,REG (Conf),W 69-39,*,11,1,2,.500,0,1,.000,1,1,1.000,.500,0,0,,0,5,5,0,0,0,0,3,2,1.3,Alyssa Mayfield,https://www.sports-reference.com/cbb/players/alyssa-mayfield-1.html,stephen-f-austin,2020-21
17,94,17,2021-01-27,Stephen F. Austin,@,Abilene Christian,REG (Conf),W 73-52,*,23,2,6,.333,0,2,.000,2,4,.500,.333,0,0,,0,5,5,4,1,0,4,2,4,1.1,Alyssa Mayfield,https://www.sports-reference.com/cbb/players/alyssa-mayfield-1.html,stephen-f-austin,2020-21
18,95,18,2021-01-30,Stephen F. Austin,,Sam Houston State,REG (Conf),W 104-69,*,27,6,9,.667,2,3,.667,4,6,.667,.778,6,8,.750,0,1,1,1,3,0,1,2,20,17.5,Alyssa Mayfield,https://www.sports-reference.com/cbb/players/alyssa-mayfield-1.html,stephen-f-austin,2020-21
19,96,19,2021-02-06,Stephen F. Austin,@,New Orleans,REG (Conf),W 105-36,*,17,2,6,.333,0,1,.000,2,5,.400,.333,5,6,.833,2,8,10,5,2,0,2,2,9,11.7,Alyssa Mayfield,https://www.sports-reference.com/cbb/players/alyssa-mayfield-1.html,stephen-f-austin,2020-21
20,97,20,2021-02-22,Stephen F. Austin,,Central Arkansas,REG (Conf),W 82-59,*,12,0,1,.000,0,0,,0,1,.000,.000,3,4,.750,0,1,1,1,0,0,1,2,3,1.1,Alyssa Mayfield,https://www.sports-reference.com/cbb/players/alyssa-mayfield-1.html,stephen-f-austin,2020-21
21,98,21,2021-02-24,Stephen F. Austin,,Northwestern State,REG (Conf),W 114-58,*,20,4,8,.500,0,1,.000,4,7,.571,.500,5,9,.556,3,3,6,3,3,1,2,3,13,13.0,Alyssa Mayfield,https://www.sports-reference.com/cbb/players/alyssa-mayfield-1.html,stephen-f-austin,2020-21
22,99,22,2021-02-27,Stephen F. Austin,@,Lamar,REG (Conf),W 92-64,*,19,3,7,.429,0,1,.000,3,6,.500,.429,1,2,.500,1,3,4,0,0,0,3,2,7,0.7,Alyssa Mayfield,https://www.sports-reference.com/cbb/players/alyssa-mayfield-1.html,stephen-f-austin,2020-21
23,100,23,2021-03-03,Stephen F. Austin,,Abilene Christian,REG (Conf),W 82-55,*,21,2,8,.250,0,2,.000,2,6,.333,.250,0,2,.000,2,4,6,2,0,0,1,2,4,0.6,Alyssa Mayfield,https://www.sports-reference.com/cbb/players/alyssa-mayfield-1.html,stephen-f-austin,2020-21
24,101,24,2021-03-06,Stephen F. Austin,@,Sam Houston State,REG (Conf),W 69-57,*,29,4,10,.400,0,1,.000,4,9,.444,.400,5,5,1.000,2,6,8,1,1,0,0,2,13,11.7,Alyssa Mayfield,https://www.sports-reference.com/cbb/players/alyssa-mayfield-1.html,stephen-f-austin,2020-21
25,102,25,2021-03-13,Stephen F. Austin,,Central Arkansas,CTOURN,W 55-47,*,25,7,13,.538,0,3,.000,7,10,.700,.538,2,2,1.000,3,2,5,0,3,0,4,4,16,9.8,Alyssa Mayfield,https://www.sports-reference.com/cbb/players/alyssa-mayfield-1.html,stephen-f-austin,2020-21
26,103,26,2021-03-14,Stephen F. Austin,,Sam Houston State,CTOURN,W 56-45,*,18,1,2,.500,0,1,.000,1,1,1.000,.500,0,0,,0,2,2,0,3,1,1,0,2,4.3,Alyssa Mayfield,https://www.sports-reference.com/cbb/players/alyssa-mayfield-1.html,stephen-f-austin,2020-21
27,104,27,2021-03-21,Stephen F. Austin,N,Georgia Tech,ROUND-64,L 52-54 (OT),*,14,2,5,.400,0,2,.000,2,3,.667,.400,0,0,,0,1,1,0,0,0,1,1,4,0.2,Alyssa Mayfield,https://www.sports-reference.com/cbb/players/alyssa-mayfield-1.html,stephen-f-austin,2020-21
