ranker,player_game_num_career,team_game_num_season,date,team_name_abbr,game_location,opp_name_abbr,game_type,game_result,is_starter,mp,fg,fga,fg_pct,fg3,fg3a,fg3_pct,fg2,fg2a,fg2_pct,efg_pct,ft,fta,ft_pct,orb,drb,trb,ast,stl,blk,tov,pf,pts,game_score,player_name,player_sr_link,school,season
1,1,1,2020-11-25,Stephen F. Austin,@,Arizona State,REG (Non-Conf),L 47-56,,18,1,4,.250,0,0,,1,4,.250,.250,1,2,.500,2,10,12,1,0,2,1,2,3,4.9,Avery Brittingham,https://www.sports-reference.com/cbb/players/avery-brittingham-1.html,stephen-f-austin,2020-21
2,2,2,2020-11-27,Stephen F. Austin,,St. Mary's (CA),REG (Non-Conf),W 69-59,,13,4,6,.667,0,1,.000,4,5,.800,.667,1,4,.250,1,2,3,0,5,1,1,3,9,10.0,Avery Brittingham,https://www.sports-reference.com/cbb/players/avery-brittingham-1.html,stephen-f-austin,2020-21
3,3,3,2020-11-28,Stephen F. Austin,@,VCU,REG (Non-Conf),W 71-66,,14,1,4,.250,0,0,,1,4,.250,.250,2,2,1.000,0,5,5,2,0,1,1,1,4,3.8,Avery Brittingham,https://www.sports-reference.com/cbb/players/avery-brittingham-1.html,stephen-f-austin,2020-21
4,4,4,2020-12-03,Stephen F. Austin,,Jackson State,REG (Non-Conf),W 88-58,,17,3,4,.750,1,1,1.000,2,3,.667,.875,1,4,.250,3,5,8,2,3,1,0,3,8,12.7,Avery Brittingham,https://www.sports-reference.com/cbb/players/avery-brittingham-1.html,stephen-f-austin,2020-21
5,5,5,2020-12-05,Stephen F. Austin,,Texas-Dallas,REG (Non-Conf),W 96-37,,11,3,5,.600,0,1,.000,3,4,.750,.600,5,7,.714,2,1,3,1,3,0,0,1,11,12.9,Avery Brittingham,https://www.sports-reference.com/cbb/players/avery-brittingham-1.html,stephen-f-austin,2020-21
6,6,6,2020-12-08,Stephen F. Austin,,UT Arlington,REG (Non-Conf),W 79-57,,18,1,6,.167,0,0,,1,6,.167,.167,2,4,.500,3,7,10,3,3,0,0,2,4,7.9,Avery Brittingham,https://www.sports-reference.com/cbb/players/avery-brittingham-1.html,stephen-f-austin,2020-21
7,7,7,2020-12-11,Stephen F. Austin,@,Houston,REG (Non-Conf),L 59-61,,14,3,6,.500,0,0,,3,6,.500,.500,1,2,.500,0,4,4,0,1,0,3,3,7,1.6,Avery Brittingham,https://www.sports-reference.com/cbb/players/avery-brittingham-1.html,stephen-f-austin,2020-21
8,8,8,2020-12-16,Stephen F. Austin,@,Auburn,REG (Non-Conf),W 67-54,,17,2,4,.500,0,0,,2,4,.500,.500,0,1,.000,1,3,4,0,1,0,2,3,4,1.0,Avery Brittingham,https://www.sports-reference.com/cbb/players/avery-brittingham-1.html,stephen-f-austin,2020-21
9,9,9,2020-12-19,Stephen F. Austin,,Texas-Tyler,REG (Non-Conf),W 85-43,,12,4,5,.800,0,0,,4,5,.800,.800,2,4,.500,2,6,8,1,2,0,2,2,10,10.4,Avery Brittingham,https://www.sports-reference.com/cbb/players/avery-brittingham-1.html,stephen-f-austin,2020-21
10,10,10,2020-12-21,Stephen F. Austin,,Texas Southern,REG (Non-Conf),W 100-61,,17,4,5,.800,0,0,,4,5,.800,.800,0,1,.000,4,2,6,1,1,1,3,0,8,8.5,Avery Brittingham,https://www.sports-reference.com/cbb/players/avery-brittingham-1.html,stephen-f-austin,2020-21
11,11,11,2021-01-02,Stephen F. Austin,,New Orleans,REG (Conf),W 88-29,,18,3,4,.750,0,0,,3,4,.750,.750,3,7,.429,4,10,14,3,3,1,3,0,9,14.4,Avery Brittingham,https://www.sports-reference.com/cbb/players/avery-brittingham-1.html,stephen-f-austin,2020-21
12,12,12,2021-01-06,Stephen F. Austin,,Texas A&M–Corpus Christi,REG (Conf),W 100-41,,14,3,7,.429,0,1,.000,3,6,.500,.429,1,1,1.000,2,1,3,3,5,0,2,0,7,10.1,Avery Brittingham,https://www.sports-reference.com/cbb/players/avery-brittingham-1.html,stephen-f-austin,2020-21
13,13,13,2021-01-13,Stephen F. Austin,@,Central Arkansas,REG (Conf),W 85-44,,17,2,4,.500,0,0,,2,4,.500,.500,1,5,.200,1,1,2,1,1,1,0,1,5,4.4,Avery Brittingham,https://www.sports-reference.com/cbb/players/avery-brittingham-1.html,stephen-f-austin,2020-21
14,14,14,2021-01-16,Stephen F. Austin,@,Incarnate Word,REG (Conf),W 91-48,,15,5,8,.625,0,0,,5,8,.625,.625,0,5,.000,4,2,6,2,1,0,1,3,10,8.0,Avery Brittingham,https://www.sports-reference.com/cbb/players/avery-brittingham-1.html,stephen-f-austin,2020-21
15,15,15,2021-01-20,Stephen F. Austin,@,Northwestern State,REG (Conf),W 87-28,,12,1,2,.500,0,0,,1,2,.500,.500,0,2,.000,3,5,8,0,1,1,3,1,2,2.1,Avery Brittingham,https://www.sports-reference.com/cbb/players/avery-brittingham-1.html,stephen-f-austin,2020-21
16,16,16,2021-01-23,Stephen F. Austin,,Lamar,REG (Conf),W 69-39,,21,7,9,.778,0,0,,7,9,.778,.778,2,5,.400,6,8,14,3,0,0,0,3,16,18.8,Avery Brittingham,https://www.sports-reference.com/cbb/players/avery-brittingham-1.html,stephen-f-austin,2020-21
17,17,17,2021-01-27,Stephen F. Austin,@,Abilene Christian,REG (Conf),W 73-52,,17,3,7,.429,0,0,,3,7,.429,.429,2,4,.500,5,3,8,2,3,0,1,2,8,10.5,Avery Brittingham,https://www.sports-reference.com/cbb/players/avery-brittingham-1.html,stephen-f-austin,2020-21
18,18,18,2021-01-30,Stephen F. Austin,,Sam Houston State,REG (Conf),W 104-69,,16,5,8,.625,0,1,.000,5,7,.714,.625,3,7,.429,0,2,2,1,2,1,2,5,13,7.8,Avery Brittingham,https://www.sports-reference.com/cbb/players/avery-brittingham-1.html,stephen-f-austin,2020-21
19,19,19,2021-02-06,Stephen F. Austin,@,New Orleans,REG (Conf),W 105-36,,19,4,6,.667,0,0,,4,6,.667,.667,6,10,.600,3,5,8,7,2,0,0,2,14,19.5,Avery Brittingham,https://www.sports-reference.com/cbb/players/avery-brittingham-1.html,stephen-f-austin,2020-21
20,20,20,2021-02-22,Stephen F. Austin,,Central Arkansas,REG (Conf),W 82-59,,23,8,11,.727,0,0,,8,11,.727,.727,2,3,.667,3,2,5,3,2,0,0,2,18,19.1,Avery Brittingham,https://www.sports-reference.com/cbb/players/avery-brittingham-1.html,stephen-f-austin,2020-21
21,21,21,2021-02-24,Stephen F. Austin,,Northwestern State,REG (Conf),W 114-58,,13,4,5,.800,0,0,,4,5,.800,.800,3,3,1.000,4,1,5,4,2,0,1,1,11,15.6,Avery Brittingham,https://www.sports-reference.com/cbb/players/avery-brittingham-1.html,stephen-f-austin,2020-21
22,22,22,2021-02-27,Stephen F. Austin,@,Lamar,REG (Conf),W 92-64,,18,3,5,.600,0,0,,3,5,.600,.600,1,1,1.000,2,2,4,2,2,0,4,2,7,5.3,Avery Brittingham,https://www.sports-reference.com/cbb/players/avery-brittingham-1.html,stephen-f-austin,2020-21
23,23,23,2021-03-03,Stephen F. Austin,,Abilene Christian,REG (Conf),W 82-55,,17,2,4,.500,0,0,,2,4,.500,.500,3,4,.750,2,4,6,1,3,0,0,3,7,9.7,Avery Brittingham,https://www.sports-reference.com/cbb/players/avery-brittingham-1.html,stephen-f-austin,2020-21
24,24,24,2021-03-06,Stephen F. Austin,@,Sam Houston State,REG (Conf),W 69-57,,15,2,7,.286,0,1,.000,2,6,.333,.286,2,2,1.000,3,3,6,0,0,0,3,3,6,0.7,Avery Brittingham,https://www.sports-reference.com/cbb/players/avery-brittingham-1.html,stephen-f-austin,2020-21
25,25,25,2021-03-13,Stephen F. Austin,,Central Arkansas,CTOURN,W 55-47,,15,1,2,.500,0,0,,1,2,.500,.500,1,2,.500,2,1,3,0,0,1,1,4,3,1.4,Avery Brittingham,https://www.sports-reference.com/cbb/players/avery-brittingham-1.html,stephen-f-austin,2020-21
26,26,26,2021-03-14,Stephen F. Austin,,Sam Houston State,CTOURN,W 56-45,,22,4,5,.800,0,0,,4,5,.800,.800,0,3,.000,1,2,3,1,4,1,1,4,8,9.0,Avery Brittingham,https://www.sports-reference.com/cbb/players/avery-brittingham-1.html,stephen-f-austin,2020-21
27,27,27,2021-03-21,Stephen F. Austin,N,Georgia Tech,ROUND-64,L 52-54 (OT),,28,5,13,.385,0,0,,5,13,.385,.385,6,6,1.000,5,8,13,0,1,1,0,3,16,15.3,Avery Brittingham,https://www.sports-reference.com/cbb/players/avery-brittingham-1.html,stephen-f-austin,2020-21
