ranker,player_game_num_career,team_game_num_season,date,team_name_abbr,game_location,opp_name_abbr,game_type,game_result,is_starter,mp,fg,fga,fg_pct,fg3,fg3a,fg3_pct,fg2,fg2a,fg2_pct,efg_pct,ft,fta,ft_pct,orb,drb,trb,ast,stl,blk,tov,pf,pts,game_score,player_name,player_sr_link,school,season
1,60,1,2020-11-25,Stephen F. Austin,@,Arizona State,REG (Non-Conf),L 47-56,,15,0,2,.000,0,0,,0,2,.000,.000,0,0,,1,0,1,0,3,0,2,1,0,-0.1,Brianna Mitchell,https://www.sports-reference.com/cbb/players/brianna-mitchell-1.html,stephen-f-austin,2020-21
2,61,2,2020-11-27,Stephen F. Austin,,St. Mary's (CA),REG (Non-Conf),W 69-59,,17,0,3,.000,0,1,.000,0,2,.000,.000,0,0,,0,1,1,1,0,0,0,2,0,-1.9,Brianna Mitchell,https://www.sports-reference.com/cbb/players/brianna-mitchell-1.html,stephen-f-austin,2020-21
3,62,3,2020-11-28,Stephen F. Austin,@,VCU,REG (Non-Conf),W 71-66,,13,1,1,1.000,0,0,,1,1,1.000,1.000,0,0,,0,0,0,0,0,0,2,1,2,-0.7,Brianna Mitchell,https://www.sports-reference.com/cbb/players/brianna-mitchell-1.html,stephen-f-austin,2020-21
4,63,4,2020-12-03,Stephen F. Austin,,Jackson State,REG (Non-Conf),W 88-58,,16,2,4,.500,0,1,.000,2,3,.667,.500,0,0,,0,0,0,4,1,0,1,1,4,4.4,Brianna Mitchell,https://www.sports-reference.com/cbb/players/brianna-mitchell-1.html,stephen-f-austin,2020-21
5,64,5,2020-12-05,Stephen F. Austin,,Texas-Dallas,REG (Non-Conf),W 96-37,,15,2,4,.500,1,3,.333,1,1,1.000,.625,0,0,,1,0,1,1,3,0,1,0,5,6.4,Brianna Mitchell,https://www.sports-reference.com/cbb/players/brianna-mitchell-1.html,stephen-f-austin,2020-21
6,65,6,2020-12-08,Stephen F. Austin,,UT Arlington,REG (Non-Conf),W 79-57,,11,1,3,.333,0,2,.000,1,1,1.000,.333,0,0,,1,0,1,1,1,0,0,1,2,2.3,Brianna Mitchell,https://www.sports-reference.com/cbb/players/brianna-mitchell-1.html,stephen-f-austin,2020-21
7,66,7,2020-12-11,Stephen F. Austin,@,Houston,REG (Non-Conf),L 59-61,,32,3,6,.500,0,0,,3,6,.500,.500,0,1,.000,0,1,1,3,3,0,2,3,6,4.8,Brianna Mitchell,https://www.sports-reference.com/cbb/players/brianna-mitchell-1.html,stephen-f-austin,2020-21
8,67,8,2020-12-16,Stephen F. Austin,@,Auburn,REG (Non-Conf),W 67-54,,24,2,5,.400,1,2,.500,1,3,.333,.500,8,9,.889,1,1,2,3,1,0,3,2,13,10.2,Brianna Mitchell,https://www.sports-reference.com/cbb/players/brianna-mitchell-1.html,stephen-f-austin,2020-21
9,68,9,2020-12-19,Stephen F. Austin,,Texas-Tyler,REG (Non-Conf),W 85-43,,13,3,3,1.000,2,2,1.000,1,1,1.000,1.333,0,0,,1,1,2,1,0,0,2,3,8,5.6,Brianna Mitchell,https://www.sports-reference.com/cbb/players/brianna-mitchell-1.html,stephen-f-austin,2020-21
10,69,10,2020-12-21,Stephen F. Austin,,Texas Southern,REG (Non-Conf),W 100-61,,12,1,2,.500,0,1,.000,1,1,1.000,.500,0,0,,0,0,0,2,4,0,4,2,2,1.6,Brianna Mitchell,https://www.sports-reference.com/cbb/players/brianna-mitchell-1.html,stephen-f-austin,2020-21
11,70,11,2021-01-02,Stephen F. Austin,,New Orleans,REG (Conf),W 88-29,,23,1,5,.200,0,2,.000,1,3,.333,.200,2,4,.500,3,0,3,6,4,0,2,1,4,8.0,Brianna Mitchell,https://www.sports-reference.com/cbb/players/brianna-mitchell-1.html,stephen-f-austin,2020-21
12,71,12,2021-01-06,Stephen F. Austin,,Texas A&M–Corpus Christi,REG (Conf),W 100-41,,13,1,2,.500,1,1,1.000,0,1,.000,.750,0,0,,0,0,0,2,0,0,1,1,3,2.0,Brianna Mitchell,https://www.sports-reference.com/cbb/players/brianna-mitchell-1.html,stephen-f-austin,2020-21
13,72,13,2021-01-13,Stephen F. Austin,@,Central Arkansas,REG (Conf),W 85-44,,13,1,2,.500,1,1,1.000,0,1,.000,.750,0,0,,1,1,2,0,2,0,4,3,3,-0.2,Brianna Mitchell,https://www.sports-reference.com/cbb/players/brianna-mitchell-1.html,stephen-f-austin,2020-21
14,73,14,2021-01-16,Stephen F. Austin,@,Incarnate Word,REG (Conf),W 91-48,,16,1,4,.250,1,2,.500,0,2,.000,.375,0,0,,2,0,2,3,3,0,3,0,3,4.1,Brianna Mitchell,https://www.sports-reference.com/cbb/players/brianna-mitchell-1.html,stephen-f-austin,2020-21
15,74,15,2021-01-20,Stephen F. Austin,@,Northwestern State,REG (Conf),W 87-28,,11,4,7,.571,1,4,.250,3,3,1.000,.643,0,0,,2,1,3,0,0,0,0,5,9,5.4,Brianna Mitchell,https://www.sports-reference.com/cbb/players/brianna-mitchell-1.html,stephen-f-austin,2020-21
16,75,16,2021-01-23,Stephen F. Austin,,Lamar,REG (Conf),W 69-39,,20,2,6,.333,1,4,.250,1,2,.500,.417,0,0,,1,1,2,0,1,0,0,3,5,2.4,Brianna Mitchell,https://www.sports-reference.com/cbb/players/brianna-mitchell-1.html,stephen-f-austin,2020-21
17,76,17,2021-01-27,Stephen F. Austin,@,Abilene Christian,REG (Conf),W 73-52,,11,2,4,.500,0,1,.000,2,3,.667,.500,1,2,.500,0,0,0,1,0,0,0,1,5,2.9,Brianna Mitchell,https://www.sports-reference.com/cbb/players/brianna-mitchell-1.html,stephen-f-austin,2020-21
18,77,18,2021-01-30,Stephen F. Austin,,Sam Houston State,REG (Conf),W 104-69,,21,5,9,.556,1,1,1.000,4,8,.500,.611,1,2,.500,0,0,0,1,3,0,3,2,12,7.2,Brianna Mitchell,https://www.sports-reference.com/cbb/players/brianna-mitchell-1.html,stephen-f-austin,2020-21
19,78,19,2021-02-06,Stephen F. Austin,@,New Orleans,REG (Conf),W 105-36,,20,2,6,.333,0,3,.000,2,3,.667,.333,0,0,,1,1,2,4,1,0,1,1,4,4.0,Brianna Mitchell,https://www.sports-reference.com/cbb/players/brianna-mitchell-1.html,stephen-f-austin,2020-21
20,79,20,2021-02-22,Stephen F. Austin,,Central Arkansas,REG (Conf),W 82-59,,23,3,6,.500,1,3,.333,2,3,.667,.583,0,0,,0,0,0,3,3,0,5,4,7,2.5,Brianna Mitchell,https://www.sports-reference.com/cbb/players/brianna-mitchell-1.html,stephen-f-austin,2020-21
21,80,21,2021-02-24,Stephen F. Austin,,Northwestern State,REG (Conf),W 114-58,,23,1,5,.200,1,3,.333,0,2,.000,.300,0,0,,0,0,0,4,2,0,0,3,3,3.5,Brianna Mitchell,https://www.sports-reference.com/cbb/players/brianna-mitchell-1.html,stephen-f-austin,2020-21
22,81,22,2021-02-27,Stephen F. Austin,@,Lamar,REG (Conf),W 92-64,,13,3,3,1.000,2,2,1.000,1,1,1.000,1.333,0,0,,0,1,1,3,2,0,1,3,8,9.3,Brianna Mitchell,https://www.sports-reference.com/cbb/players/brianna-mitchell-1.html,stephen-f-austin,2020-21
23,82,23,2021-03-03,Stephen F. Austin,,Abilene Christian,REG (Conf),W 82-55,,20,4,6,.667,1,2,.500,3,4,.750,.750,1,1,1.000,0,0,0,2,1,0,0,1,10,9.4,Brianna Mitchell,https://www.sports-reference.com/cbb/players/brianna-mitchell-1.html,stephen-f-austin,2020-21
24,83,24,2021-03-06,Stephen F. Austin,@,Sam Houston State,REG (Conf),W 69-57,,19,3,6,.500,0,1,.000,3,5,.600,.500,0,0,,0,1,1,3,0,0,0,5,6,3.4,Brianna Mitchell,https://www.sports-reference.com/cbb/players/brianna-mitchell-1.html,stephen-f-austin,2020-21
25,84,25,2021-03-13,Stephen F. Austin,,Central Arkansas,CTOURN,W 55-47,,19,2,7,.286,0,1,.000,2,6,.333,.286,1,2,.500,0,2,2,3,0,0,2,1,5,0.8,Brianna Mitchell,https://www.sports-reference.com/cbb/players/brianna-mitchell-1.html,stephen-f-austin,2020-21
26,85,26,2021-03-14,Stephen F. Austin,,Sam Houston State,CTOURN,W 56-45,,20,1,1,1.000,0,0,,1,1,1.000,1.000,2,2,1.000,0,0,0,2,0,0,0,2,4,4.3,Brianna Mitchell,https://www.sports-reference.com/cbb/players/brianna-mitchell-1.html,stephen-f-austin,2020-21
27,86,27,2021-03-21,Stephen F. Austin,N,Georgia Tech,ROUND-64,L 52-54 (OT),,27,0,2,.000,0,1,.000,0,1,.000,.000,1,2,.500,0,2,2,1,0,0,2,4,1,-3.1,Brianna Mitchell,https://www.sports-reference.com/cbb/players/brianna-mitchell-1.html,stephen-f-austin,2020-21
