ranker,player_game_num_career,team_game_num_season,date,team_name_abbr,game_location,opp_name_abbr,game_type,game_result,is_starter,mp,fg,fga,fg_pct,fg3,fg3a,fg3_pct,fg2,fg2a,fg2_pct,efg_pct,ft,fta,ft_pct,orb,drb,trb,ast,stl,blk,tov,pf,pts,game_score,player_name,player_sr_link,school,season
1,1,4,2020-12-03,Stephen F. Austin,,Jackson State,REG (Non-Conf),W 88-58,,3,0,1,.000,0,1,.000,0,0,,.000,0,2,.000,0,1,1,1,0,0,0,0,0,-0.5,Brionna Scott,https://www.sports-reference.com/cbb/players/brionna-scott-1.html,stephen-f-austin,2020-21
2,2,5,2020-12-05,Stephen F. Austin,,Texas-Dallas,REG (Non-Conf),W 96-37,,10,1,6,.167,0,0,,1,6,.167,.167,0,2,.000,0,1,1,1,2,0,0,1,2,0.0,Brionna Scott,https://www.sports-reference.com/cbb/players/brionna-scott-1.html,stephen-f-austin,2020-21
3,3,6,2020-12-08,Stephen F. Austin,,UT Arlington,REG (Non-Conf),W 79-57,,2,1,1,1.000,0,0,,1,1,1.000,1.000,0,0,,0,1,1,0,0,0,1,1,2,0.6,Brionna Scott,https://www.sports-reference.com/cbb/players/brionna-scott-1.html,stephen-f-austin,2020-21
4,4,9,2020-12-19,Stephen F. Austin,,Texas-Tyler,REG (Non-Conf),W 85-43,,13,3,5,.600,0,2,.000,3,3,1.000,.600,0,3,.000,2,0,2,1,1,0,1,1,6,4.2,Brionna Scott,https://www.sports-reference.com/cbb/players/brionna-scott-1.html,stephen-f-austin,2020-21
5,5,10,2020-12-21,Stephen F. Austin,,Texas Southern,REG (Non-Conf),W 100-61,,6,2,3,.667,0,0,,2,3,.667,.667,0,0,,1,0,1,0,1,0,1,1,4,3.0,Brionna Scott,https://www.sports-reference.com/cbb/players/brionna-scott-1.html,stephen-f-austin,2020-21
6,6,11,2021-01-02,Stephen F. Austin,,New Orleans,REG (Conf),W 88-29,,12,2,3,.667,2,2,1.000,0,1,.000,1.000,0,0,,0,0,0,0,0,0,0,2,6,3.9,Brionna Scott,https://www.sports-reference.com/cbb/players/brionna-scott-1.html,stephen-f-austin,2020-21
7,7,12,2021-01-06,Stephen F. Austin,,Texas A&M–Corpus Christi,REG (Conf),W 100-41,,12,1,6,.167,0,2,.000,1,4,.250,.167,0,0,,1,1,2,2,1,0,0,0,2,1.6,Brionna Scott,https://www.sports-reference.com/cbb/players/brionna-scott-1.html,stephen-f-austin,2020-21
8,8,13,2021-01-13,Stephen F. Austin,@,Central Arkansas,REG (Conf),W 85-44,,7,1,2,.500,0,0,,1,2,.500,.500,0,0,,1,1,2,2,0,0,0,1,2,3.0,Brionna Scott,https://www.sports-reference.com/cbb/players/brionna-scott-1.html,stephen-f-austin,2020-21
9,9,14,2021-01-16,Stephen F. Austin,@,Incarnate Word,REG (Conf),W 91-48,,4,0,1,.000,0,0,,0,1,.000,.000,3,4,.750,0,1,1,0,1,0,0,0,3,3.2,Brionna Scott,https://www.sports-reference.com/cbb/players/brionna-scott-1.html,stephen-f-austin,2020-21
10,10,15,2021-01-20,Stephen F. Austin,@,Northwestern State,REG (Conf),W 87-28,,11,0,1,.000,0,1,.000,0,0,,.000,0,0,,0,2,2,2,0,0,0,0,0,1.3,Brionna Scott,https://www.sports-reference.com/cbb/players/brionna-scott-1.html,stephen-f-austin,2020-21
11,11,16,2021-01-23,Stephen F. Austin,,Lamar,REG (Conf),W 69-39,,7,1,2,.500,0,1,.000,1,1,1.000,.500,0,0,,0,2,2,0,0,0,2,1,2,-0.8,Brionna Scott,https://www.sports-reference.com/cbb/players/brionna-scott-1.html,stephen-f-austin,2020-21
12,12,17,2021-01-27,Stephen F. Austin,@,Abilene Christian,REG (Conf),W 73-52,,1,0,0,,0,0,,0,0,,,0,0,,0,1,1,0,0,0,1,1,0,-1.1,Brionna Scott,https://www.sports-reference.com/cbb/players/brionna-scott-1.html,stephen-f-austin,2020-21
13,13,18,2021-01-30,Stephen F. Austin,,Sam Houston State,REG (Conf),W 104-69,,2,1,1,1.000,1,1,1.000,0,0,,1.500,0,0,,1,0,1,0,0,0,1,0,3,2.4,Brionna Scott,https://www.sports-reference.com/cbb/players/brionna-scott-1.html,stephen-f-austin,2020-21
14,14,19,2021-02-06,Stephen F. Austin,@,New Orleans,REG (Conf),W 105-36,,12,1,2,.500,0,0,,1,2,.500,.500,0,1,.000,1,2,3,0,0,1,1,0,2,1.6,Brionna Scott,https://www.sports-reference.com/cbb/players/brionna-scott-1.html,stephen-f-austin,2020-21
15,15,20,2021-02-22,Stephen F. Austin,,Central Arkansas,REG (Conf),W 82-59,,2,1,2,.500,1,2,.500,0,0,,.750,0,0,,0,0,0,0,0,0,0,0,3,2.0,Brionna Scott,https://www.sports-reference.com/cbb/players/brionna-scott-1.html,stephen-f-austin,2020-21
16,16,21,2021-02-24,Stephen F. Austin,,Northwestern State,REG (Conf),W 114-58,,13,2,4,.500,1,2,.500,1,2,.500,.625,0,0,,0,1,1,3,2,0,0,0,5,7.4,Brionna Scott,https://www.sports-reference.com/cbb/players/brionna-scott-1.html,stephen-f-austin,2020-21
17,17,22,2021-02-27,Stephen F. Austin,@,Lamar,REG (Conf),W 92-64,,7,0,2,.000,0,1,.000,0,1,.000,.000,0,0,,0,1,1,0,0,0,1,1,0,-2.5,Brionna Scott,https://www.sports-reference.com/cbb/players/brionna-scott-1.html,stephen-f-austin,2020-21
18,18,23,2021-03-03,Stephen F. Austin,,Abilene Christian,REG (Conf),W 82-55,,1,0,0,,0,0,,0,0,,,0,0,,0,0,0,1,0,0,0,1,0,0.3,Brionna Scott,https://www.sports-reference.com/cbb/players/brionna-scott-1.html,stephen-f-austin,2020-21
