ranker,player_game_num_career,team_game_num_season,date,team_name_abbr,game_location,opp_name_abbr,game_type,game_result,is_starter,mp,fg,fga,fg_pct,fg3,fg3a,fg3_pct,fg2,fg2a,fg2_pct,efg_pct,ft,fta,ft_pct,orb,drb,trb,ast,stl,blk,tov,pf,pts,game_score,player_name,player_sr_link,school,season
1,1,4,2020-12-03,Stephen F. Austin,,Jackson State,REG (Non-Conf),W 88-58,,3,1,1,1.000,0,0,,1,1,1.000,1.000,0,0,,0,2,2,0,0,0,0,1,2,1.9,Franziska Prinz,https://www.sports-reference.com/cbb/players/franziska-prinz-1.html,stephen-f-austin,2020-21
2,2,5,2020-12-05,Stephen F. Austin,,Texas-Dallas,REG (Non-Conf),W 96-37,,9,2,3,.667,0,1,.000,2,2,1.000,.667,0,1,.000,2,2,4,0,1,0,1,2,4,3.5,Franziska Prinz,https://www.sports-reference.com/cbb/players/franziska-prinz-1.html,stephen-f-austin,2020-21
3,3,6,2020-12-08,Stephen F. Austin,,UT Arlington,REG (Non-Conf),W 79-57,,2,0,0,,0,0,,0,0,,,0,0,,0,0,0,1,0,0,1,2,0,-1.1,Franziska Prinz,https://www.sports-reference.com/cbb/players/franziska-prinz-1.html,stephen-f-austin,2020-21
4,4,9,2020-12-19,Stephen F. Austin,,Texas-Tyler,REG (Non-Conf),W 85-43,,9,1,4,.250,0,1,.000,1,3,.333,.250,0,0,,2,2,4,1,0,0,3,1,2,-1.1,Franziska Prinz,https://www.sports-reference.com/cbb/players/franziska-prinz-1.html,stephen-f-austin,2020-21
5,5,10,2020-12-21,Stephen F. Austin,,Texas Southern,REG (Non-Conf),W 100-61,,8,0,2,.000,0,0,,0,2,.000,.000,0,0,,3,1,4,2,1,0,1,0,0,2.4,Franziska Prinz,https://www.sports-reference.com/cbb/players/franziska-prinz-1.html,stephen-f-austin,2020-21
6,6,11,2021-01-02,Stephen F. Austin,,New Orleans,REG (Conf),W 88-29,,8,1,2,.500,0,0,,1,2,.500,.500,0,0,,0,0,0,0,0,0,2,0,2,-1.0,Franziska Prinz,https://www.sports-reference.com/cbb/players/franziska-prinz-1.html,stephen-f-austin,2020-21
7,7,12,2021-01-06,Stephen F. Austin,,Texas A&M–Corpus Christi,REG (Conf),W 100-41,,10,1,3,.333,0,0,,1,3,.333,.333,0,0,,1,0,1,0,0,1,0,2,2,0.9,Franziska Prinz,https://www.sports-reference.com/cbb/players/franziska-prinz-1.html,stephen-f-austin,2020-21
8,8,13,2021-01-13,Stephen F. Austin,@,Central Arkansas,REG (Conf),W 85-44,,4,1,1,1.000,1,1,1.000,0,0,,1.500,0,2,.000,0,1,1,0,0,0,0,1,3,1.8,Franziska Prinz,https://www.sports-reference.com/cbb/players/franziska-prinz-1.html,stephen-f-austin,2020-21
9,9,14,2021-01-16,Stephen F. Austin,@,Incarnate Word,REG (Conf),W 91-48,,4,0,1,.000,0,1,.000,0,0,,.000,2,2,1.000,0,0,0,0,0,0,1,0,2,0.3,Franziska Prinz,https://www.sports-reference.com/cbb/players/franziska-prinz-1.html,stephen-f-austin,2020-21
