ranker,player_game_num_career,team_game_num_season,date,team_name_abbr,game_location,opp_name_abbr,game_type,game_result,is_starter,mp,fg,fga,fg_pct,fg3,fg3a,fg3_pct,fg2,fg2a,fg2_pct,efg_pct,ft,fta,ft_pct,orb,drb,trb,ast,stl,blk,tov,pf,pts,game_score,player_name,player_sr_link,school,season
1,85,1,2020-11-25,Stephen F. Austin,@,Arizona State,REG (Non-Conf),L 47-56,*,31,5,12,.417,3,8,.375,2,4,.500,.542,1,2,.500,1,0,1,0,0,0,1,1,14,6.5,Marissa Banfield,https://www.sports-reference.com/cbb/players/marissa-banfield-1.html,stephen-f-austin,2020-21
2,86,2,2020-11-27,Stephen F. Austin,,St. Mary's (CA),REG (Non-Conf),W 69-59,*,22,1,5,.200,1,3,.333,0,2,.000,.300,2,4,.500,1,0,1,3,0,0,1,3,5,1.7,Marissa Banfield,https://www.sports-reference.com/cbb/players/marissa-banfield-1.html,stephen-f-austin,2020-21
3,87,3,2020-11-28,Stephen F. Austin,@,VCU,REG (Non-Conf),W 71-66,*,27,2,5,.400,1,3,.333,1,2,.500,.500,1,2,.500,0,1,1,3,2,1,3,1,6,4.6,Marissa Banfield,https://www.sports-reference.com/cbb/players/marissa-banfield-1.html,stephen-f-austin,2020-21
4,88,4,2020-12-03,Stephen F. Austin,,Jackson State,REG (Non-Conf),W 88-58,*,29,7,10,.700,6,9,.667,1,1,1.000,1.000,0,0,,0,0,0,2,1,0,1,3,20,16.0,Marissa Banfield,https://www.sports-reference.com/cbb/players/marissa-banfield-1.html,stephen-f-austin,2020-21
5,89,5,2020-12-05,Stephen F. Austin,,Texas-Dallas,REG (Non-Conf),W 96-37,*,19,3,9,.333,3,9,.333,0,0,,.500,0,0,,0,2,2,7,3,0,0,3,9,11.2,Marissa Banfield,https://www.sports-reference.com/cbb/players/marissa-banfield-1.html,stephen-f-austin,2020-21
6,90,6,2020-12-08,Stephen F. Austin,,UT Arlington,REG (Non-Conf),W 79-57,*,30,4,8,.500,3,6,.500,1,2,.500,.688,0,0,,0,1,1,4,3,0,2,1,11,10.7,Marissa Banfield,https://www.sports-reference.com/cbb/players/marissa-banfield-1.html,stephen-f-austin,2020-21
7,91,7,2020-12-11,Stephen F. Austin,@,Houston,REG (Non-Conf),L 59-61,*,16,0,4,.000,0,4,.000,0,0,,.000,0,0,,0,0,0,0,0,0,3,0,0,-5.8,Marissa Banfield,https://www.sports-reference.com/cbb/players/marissa-banfield-1.html,stephen-f-austin,2020-21
8,92,8,2020-12-16,Stephen F. Austin,@,Auburn,REG (Non-Conf),W 67-54,*,25,1,10,.100,1,10,.100,0,0,,.150,0,0,,0,0,0,2,1,0,1,0,3,-2.2,Marissa Banfield,https://www.sports-reference.com/cbb/players/marissa-banfield-1.html,stephen-f-austin,2020-21
9,93,9,2020-12-19,Stephen F. Austin,,Texas-Tyler,REG (Non-Conf),W 85-43,*,20,4,9,.444,4,9,.444,0,0,,.667,0,0,,1,0,1,2,3,0,0,1,12,12.0,Marissa Banfield,https://www.sports-reference.com/cbb/players/marissa-banfield-1.html,stephen-f-austin,2020-21
10,94,10,2020-12-21,Stephen F. Austin,,Texas Southern,REG (Non-Conf),W 100-61,*,22,6,7,.857,4,5,.800,2,2,1.000,1.143,0,0,,0,0,0,3,1,0,0,1,16,16.2,Marissa Banfield,https://www.sports-reference.com/cbb/players/marissa-banfield-1.html,stephen-f-austin,2020-21
11,95,11,2021-01-02,Stephen F. Austin,,New Orleans,REG (Conf),W 88-29,*,27,2,8,.250,1,6,.167,1,2,.500,.313,0,0,,0,2,2,1,3,0,0,2,5,3.7,Marissa Banfield,https://www.sports-reference.com/cbb/players/marissa-banfield-1.html,stephen-f-austin,2020-21
12,96,12,2021-01-06,Stephen F. Austin,,Texas A&M–Corpus Christi,REG (Conf),W 100-41,*,21,4,7,.571,2,5,.400,2,2,1.000,.714,0,0,,0,0,0,1,2,0,0,2,10,8.6,Marissa Banfield,https://www.sports-reference.com/cbb/players/marissa-banfield-1.html,stephen-f-austin,2020-21
13,97,13,2021-01-13,Stephen F. Austin,@,Central Arkansas,REG (Conf),W 85-44,*,24,2,3,.667,2,3,.667,0,0,,1.000,4,5,.800,0,1,1,1,1,0,0,2,10,9.5,Marissa Banfield,https://www.sports-reference.com/cbb/players/marissa-banfield-1.html,stephen-f-austin,2020-21
14,98,14,2021-01-16,Stephen F. Austin,@,Incarnate Word,REG (Conf),W 91-48,*,20,1,5,.200,1,3,.333,0,2,.000,.300,0,0,,0,0,0,4,2,0,1,2,3,2.9,Marissa Banfield,https://www.sports-reference.com/cbb/players/marissa-banfield-1.html,stephen-f-austin,2020-21
15,99,15,2021-01-20,Stephen F. Austin,@,Northwestern State,REG (Conf),W 87-28,*,25,5,9,.556,4,8,.500,1,1,1.000,.778,0,0,,0,1,1,2,2,0,3,3,14,9.2,Marissa Banfield,https://www.sports-reference.com/cbb/players/marissa-banfield-1.html,stephen-f-austin,2020-21
16,100,16,2021-01-23,Stephen F. Austin,,Lamar,REG (Conf),W 69-39,*,24,3,10,.300,3,10,.300,0,0,,.450,0,0,,0,1,1,3,2,0,1,1,9,6.2,Marissa Banfield,https://www.sports-reference.com/cbb/players/marissa-banfield-1.html,stephen-f-austin,2020-21
17,101,17,2021-01-27,Stephen F. Austin,@,Abilene Christian,REG (Conf),W 73-52,*,32,6,10,.600,4,8,.500,2,2,1.000,.800,0,0,,0,1,1,4,0,0,1,3,16,12.3,Marissa Banfield,https://www.sports-reference.com/cbb/players/marissa-banfield-1.html,stephen-f-austin,2020-21
18,102,18,2021-01-30,Stephen F. Austin,,Sam Houston State,REG (Conf),W 104-69,*,24,1,1,1.000,0,0,,1,1,1.000,1.000,1,2,.500,0,0,0,2,0,0,0,1,3,3.3,Marissa Banfield,https://www.sports-reference.com/cbb/players/marissa-banfield-1.html,stephen-f-austin,2020-21
19,103,19,2021-02-06,Stephen F. Austin,@,New Orleans,REG (Conf),W 105-36,*,22,6,9,.667,5,8,.625,1,1,1.000,.944,0,0,,1,1,2,1,2,0,1,1,17,15.4,Marissa Banfield,https://www.sports-reference.com/cbb/players/marissa-banfield-1.html,stephen-f-austin,2020-21
20,104,20,2021-02-22,Stephen F. Austin,,Central Arkansas,REG (Conf),W 82-59,*,22,2,5,.400,2,5,.400,0,0,,.600,0,0,,1,0,1,0,2,0,1,2,6,4.2,Marissa Banfield,https://www.sports-reference.com/cbb/players/marissa-banfield-1.html,stephen-f-austin,2020-21
21,105,21,2021-02-24,Stephen F. Austin,,Northwestern State,REG (Conf),W 114-58,*,20,6,8,.750,6,8,.750,0,0,,1.125,0,0,,0,2,2,4,2,1,0,3,18,19.7,Marissa Banfield,https://www.sports-reference.com/cbb/players/marissa-banfield-1.html,stephen-f-austin,2020-21
22,106,22,2021-02-27,Stephen F. Austin,@,Lamar,REG (Conf),W 92-64,*,27,4,8,.500,3,7,.429,1,1,1.000,.688,0,0,,0,1,1,3,1,0,0,3,11,9.2,Marissa Banfield,https://www.sports-reference.com/cbb/players/marissa-banfield-1.html,stephen-f-austin,2020-21
23,107,23,2021-03-03,Stephen F. Austin,,Abilene Christian,REG (Conf),W 82-55,*,26,4,10,.400,4,10,.400,0,0,,.600,0,0,,1,2,3,4,2,0,1,1,12,11.3,Marissa Banfield,https://www.sports-reference.com/cbb/players/marissa-banfield-1.html,stephen-f-austin,2020-21
24,108,24,2021-03-06,Stephen F. Austin,@,Sam Houston State,REG (Conf),W 69-57,*,19,1,4,.250,0,1,.000,1,3,.333,.250,0,0,,0,0,0,1,1,0,1,3,2,-0.9,Marissa Banfield,https://www.sports-reference.com/cbb/players/marissa-banfield-1.html,stephen-f-austin,2020-21
25,109,25,2021-03-13,Stephen F. Austin,,Central Arkansas,CTOURN,W 55-47,*,22,1,3,.333,1,3,.333,0,0,,.500,0,0,,0,1,1,3,2,0,1,0,3,4.7,Marissa Banfield,https://www.sports-reference.com/cbb/players/marissa-banfield-1.html,stephen-f-austin,2020-21
26,110,26,2021-03-14,Stephen F. Austin,,Sam Houston State,CTOURN,W 56-45,*,21,2,3,.667,1,2,.500,1,1,1.000,.833,0,0,,0,1,1,2,0,0,0,0,5,5.4,Marissa Banfield,https://www.sports-reference.com/cbb/players/marissa-banfield-1.html,stephen-f-austin,2020-21
27,111,27,2021-03-21,Stephen F. Austin,N,Georgia Tech,ROUND-64,L 52-54 (OT),*,28,2,4,.500,2,4,.500,0,0,,.750,0,0,,0,2,2,3,0,0,3,0,6,3.7,Marissa Banfield,https://www.sports-reference.com/cbb/players/marissa-banfield-1.html,stephen-f-austin,2020-21
