ranker,player_game_num_career,team_game_num_season,date,team_name_abbr,game_location,opp_name_abbr,game_type,game_result,is_starter,mp,fg,fga,fg_pct,fg3,fg3a,fg3_pct,fg2,fg2a,fg2_pct,efg_pct,ft,fta,ft_pct,orb,drb,trb,ast,stl,blk,tov,pf,pts,game_score,player_name,player_sr_link,school,season
1,1,4,2020-12-03,Stephen F. Austin,,Jackson State,REG (Non-Conf),W 88-58,,3,1,2,.500,0,1,.000,1,1,1.000,.500,0,0,,0,1,1,0,0,0,0,1,2,0.9,Mariia Semenichenko,https://www.sports-reference.com/cbb/players/mariia-semenichenko-1.html,stephen-f-austin,2020-21
2,2,5,2020-12-05,Stephen F. Austin,,Texas-Dallas,REG (Non-Conf),W 96-37,,8,1,1,1.000,0,0,,1,1,1.000,1.000,0,0,,0,1,1,0,0,0,0,0,2,2.0,Mariia Semenichenko,https://www.sports-reference.com/cbb/players/mariia-semenichenko-1.html,stephen-f-austin,2020-21
3,3,6,2020-12-08,Stephen F. Austin,,UT Arlington,REG (Non-Conf),W 79-57,,2,0,0,,0,0,,0,0,,,0,0,,0,1,1,0,0,0,0,1,0,-0.1,Mariia Semenichenko,https://www.sports-reference.com/cbb/players/mariia-semenichenko-1.html,stephen-f-austin,2020-21
4,4,9,2020-12-19,Stephen F. Austin,,Texas-Tyler,REG (Non-Conf),W 85-43,,8,1,3,.333,0,1,.000,1,2,.500,.333,0,0,,1,0,1,0,0,0,0,1,2,0.6,Mariia Semenichenko,https://www.sports-reference.com/cbb/players/mariia-semenichenko-1.html,stephen-f-austin,2020-21
5,5,10,2020-12-21,Stephen F. Austin,,Texas Southern,REG (Non-Conf),W 100-61,,6,2,2,1.000,0,0,,2,2,1.000,1.000,0,0,,1,1,2,0,0,1,0,1,4,4.7,Mariia Semenichenko,https://www.sports-reference.com/cbb/players/mariia-semenichenko-1.html,stephen-f-austin,2020-21
6,6,11,2021-01-02,Stephen F. Austin,,New Orleans,REG (Conf),W 88-29,,6,0,0,,0,0,,0,0,,,0,0,,0,2,2,0,0,0,1,0,0,-0.4,Mariia Semenichenko,https://www.sports-reference.com/cbb/players/mariia-semenichenko-1.html,stephen-f-austin,2020-21
7,7,12,2021-01-06,Stephen F. Austin,,Texas A&M–Corpus Christi,REG (Conf),W 100-41,,7,2,4,.500,0,1,.000,2,3,.667,.500,3,3,1.000,0,4,4,0,0,1,0,1,7,6.5,Mariia Semenichenko,https://www.sports-reference.com/cbb/players/mariia-semenichenko-1.html,stephen-f-austin,2020-21
8,8,13,2021-01-13,Stephen F. Austin,@,Central Arkansas,REG (Conf),W 85-44,,3,1,1,1.000,1,1,1.000,0,0,,1.500,4,4,1.000,0,0,0,0,0,0,0,1,7,6.3,Mariia Semenichenko,https://www.sports-reference.com/cbb/players/mariia-semenichenko-1.html,stephen-f-austin,2020-21
9,9,14,2021-01-16,Stephen F. Austin,@,Incarnate Word,REG (Conf),W 91-48,,4,0,1,.000,0,1,.000,0,0,,.000,0,0,,0,2,2,0,0,1,0,0,0,0.6,Mariia Semenichenko,https://www.sports-reference.com/cbb/players/mariia-semenichenko-1.html,stephen-f-austin,2020-21
10,10,15,2021-01-20,Stephen F. Austin,@,Northwestern State,REG (Conf),W 87-28,,6,0,1,.000,0,1,.000,0,0,,.000,0,0,,0,1,1,0,0,1,1,0,0,-0.7,Mariia Semenichenko,https://www.sports-reference.com/cbb/players/mariia-semenichenko-1.html,stephen-f-austin,2020-21
11,11,16,2021-01-23,Stephen F. Austin,,Lamar,REG (Conf),W 69-39,,7,1,1,1.000,0,0,,1,1,1.000,1.000,0,0,,1,2,3,0,0,0,0,1,2,2.6,Mariia Semenichenko,https://www.sports-reference.com/cbb/players/mariia-semenichenko-1.html,stephen-f-austin,2020-21
12,12,18,2021-01-30,Stephen F. Austin,,Sam Houston State,REG (Conf),W 104-69,,2,0,0,,0,0,,0,0,,,0,0,,0,0,0,0,0,0,0,0,0,0.0,Mariia Semenichenko,https://www.sports-reference.com/cbb/players/mariia-semenichenko-1.html,stephen-f-austin,2020-21
13,13,19,2021-02-06,Stephen F. Austin,@,New Orleans,REG (Conf),W 105-36,,4,1,1,1.000,0,0,,1,1,1.000,1.000,0,0,,0,3,3,0,0,0,0,0,2,2.6,Mariia Semenichenko,https://www.sports-reference.com/cbb/players/mariia-semenichenko-1.html,stephen-f-austin,2020-21
14,14,20,2021-02-22,Stephen F. Austin,,Central Arkansas,REG (Conf),W 82-59,,1,0,0,,0,0,,0,0,,,0,0,,0,0,0,0,0,0,0,0,0,0.0,Mariia Semenichenko,https://www.sports-reference.com/cbb/players/mariia-semenichenko-1.html,stephen-f-austin,2020-21
15,15,21,2021-02-24,Stephen F. Austin,,Northwestern State,REG (Conf),W 114-58,,6,1,2,.500,1,1,1.000,0,1,.000,.750,0,0,,0,2,2,0,0,0,1,2,3,0.8,Mariia Semenichenko,https://www.sports-reference.com/cbb/players/mariia-semenichenko-1.html,stephen-f-austin,2020-21
16,16,22,2021-02-27,Stephen F. Austin,@,Lamar,REG (Conf),W 92-64,,5,0,1,.000,0,0,,0,1,.000,.000,0,0,,0,1,1,0,0,0,0,0,0,-0.4,Mariia Semenichenko,https://www.sports-reference.com/cbb/players/mariia-semenichenko-1.html,stephen-f-austin,2020-21
17,17,23,2021-03-03,Stephen F. Austin,,Abilene Christian,REG (Conf),W 82-55,,2,0,0,,0,0,,0,0,,,0,0,,0,1,1,0,0,0,0,0,0,0.3,Mariia Semenichenko,https://www.sports-reference.com/cbb/players/mariia-semenichenko-1.html,stephen-f-austin,2020-21
18,18,24,2021-03-06,Stephen F. Austin,@,Sam Houston State,REG (Conf),W 69-57,,0,0,0,,0,0,,0,0,,,0,0,,0,0,0,0,0,0,0,0,0,0.0,Mariia Semenichenko,https://www.sports-reference.com/cbb/players/mariia-semenichenko-1.html,stephen-f-austin,2020-21
