ranker,player_game_num_career,team_game_num_season,date,team_name_abbr,game_location,opp_name_abbr,game_type,game_result,is_starter,mp,fg,fga,fg_pct,fg3,fg3a,fg3_pct,fg2,fg2a,fg2_pct,efg_pct,ft,fta,orb,drb,trb,ast,stl,blk,tov,pf,pts,game_score,player_name,player_sr_link,school,season
1,1,2,2020-11-27,Stephen F. Austin,,St. Mary's (CA),REG (Non-Conf),W 69-59,,3,0,0,,0,0,,0,0,,,0,0,1,0,1,0,1,0,0,1,0,1.3,Rebekah Crane,https://www.sports-reference.com/cbb/players/rebekah-crane-1.html,stephen-f-austin,2020-21
2,2,4,2020-12-03,Stephen F. Austin,,Jackson State,REG (Non-Conf),W 88-58,,3,0,0,,0,0,,0,0,,,0,0,1,0,1,0,0,0,0,1,0,0.3,Rebekah Crane,https://www.sports-reference.com/cbb/players/rebekah-crane-1.html,stephen-f-austin,2020-21
3,3,5,2020-12-05,Stephen F. Austin,,Texas-Dallas,REG (Non-Conf),W 96-37,,11,1,3,.333,1,1,1.000,0,2,.000,.500,0,0,0,1,1,0,0,0,0,3,3,0.4,Rebekah Crane,https://www.sports-reference.com/cbb/players/rebekah-crane-1.html,stephen-f-austin,2020-21
4,4,6,2020-12-08,Stephen F. Austin,,UT Arlington,REG (Non-Conf),W 79-57,,2,0,0,,0,0,,0,0,,,0,0,0,0,0,0,0,0,0,0,0,0.0,Rebekah Crane,https://www.sports-reference.com/cbb/players/rebekah-crane-1.html,stephen-f-austin,2020-21
5,5,9,2020-12-19,Stephen F. Austin,,Texas-Tyler,REG (Non-Conf),W 85-43,,13,1,3,.333,1,3,.333,0,0,,.500,0,0,0,3,3,0,0,0,0,0,3,2.2,Rebekah Crane,https://www.sports-reference.com/cbb/players/rebekah-crane-1.html,stephen-f-austin,2020-21
6,6,10,2020-12-21,Stephen F. Austin,,Texas Southern,REG (Non-Conf),W 100-61,,6,0,0,,0,0,,0,0,,,0,0,0,3,3,1,0,0,1,0,0,0.6,Rebekah Crane,https://www.sports-reference.com/cbb/players/rebekah-crane-1.html,stephen-f-austin,2020-21
7,7,11,2021-01-02,Stephen F. Austin,,New Orleans,REG (Conf),W 88-29,,9,1,4,.250,1,4,.250,0,0,,.375,0,0,0,1,1,0,0,0,0,2,3,0.1,Rebekah Crane,https://www.sports-reference.com/cbb/players/rebekah-crane-1.html,stephen-f-austin,2020-21
8,8,12,2021-01-06,Stephen F. Austin,,Texas A&M–Corpus Christi,REG (Conf),W 100-41,,7,1,1,1.000,1,1,1.000,0,0,,1.500,0,0,0,1,1,0,1,0,1,1,3,2.6,Rebekah Crane,https://www.sports-reference.com/cbb/players/rebekah-crane-1.html,stephen-f-austin,2020-21
9,9,13,2021-01-13,Stephen F. Austin,@,Central Arkansas,REG (Conf),W 85-44,,8,0,0,,0,0,,0,0,,,0,0,1,0,1,1,0,0,0,0,0,1.4,Rebekah Crane,https://www.sports-reference.com/cbb/players/rebekah-crane-1.html,stephen-f-austin,2020-21
10,10,14,2021-01-16,Stephen F. Austin,@,Incarnate Word,REG (Conf),W 91-48,,10,0,1,.000,0,0,,0,1,.000,.000,0,0,0,0,0,0,1,0,0,1,0,-0.1,Rebekah Crane,https://www.sports-reference.com/cbb/players/rebekah-crane-1.html,stephen-f-austin,2020-21
11,11,15,2021-01-20,Stephen F. Austin,@,Northwestern State,REG (Conf),W 87-28,,9,2,3,.667,2,3,.667,0,0,,1.000,0,0,0,0,0,1,0,0,1,0,6,4.4,Rebekah Crane,https://www.sports-reference.com/cbb/players/rebekah-crane-1.html,stephen-f-austin,2020-21
12,12,16,2021-01-23,Stephen F. Austin,,Lamar,REG (Conf),W 69-39,,3,0,0,,0,0,,0,0,,,0,0,0,1,1,0,0,0,0,0,0,0.3,Rebekah Crane,https://www.sports-reference.com/cbb/players/rebekah-crane-1.html,stephen-f-austin,2020-21
13,13,18,2021-01-30,Stephen F. Austin,,Sam Houston State,REG (Conf),W 104-69,,2,0,1,.000,0,1,.000,0,0,,.000,0,0,0,0,0,1,0,0,0,0,0,0.0,Rebekah Crane,https://www.sports-reference.com/cbb/players/rebekah-crane-1.html,stephen-f-austin,2020-21
14,14,19,2021-02-06,Stephen F. Austin,@,New Orleans,REG (Conf),W 105-36,,4,0,1,.000,0,1,.000,0,0,,.000,0,0,0,0,0,0,0,0,0,0,0,-0.7,Rebekah Crane,https://www.sports-reference.com/cbb/players/rebekah-crane-1.html,stephen-f-austin,2020-21
15,15,21,2021-02-24,Stephen F. Austin,,Northwestern State,REG (Conf),W 114-58,,6,2,3,.667,2,3,.667,0,0,,1.000,0,0,0,0,0,0,0,0,1,0,6,3.7,Rebekah Crane,https://www.sports-reference.com/cbb/players/rebekah-crane-1.html,stephen-f-austin,2020-21
16,16,22,2021-02-27,Stephen F. Austin,@,Lamar,REG (Conf),W 92-64,,6,1,1,1.000,1,1,1.000,0,0,,1.500,0,0,0,0,0,1,0,0,1,1,3,2.0,Rebekah Crane,https://www.sports-reference.com/cbb/players/rebekah-crane-1.html,stephen-f-austin,2020-21
17,17,23,2021-03-03,Stephen F. Austin,,Abilene Christian,REG (Conf),W 82-55,,1,0,0,,0,0,,0,0,,,0,0,0,0,0,0,0,0,0,0,0,0.0,Rebekah Crane,https://www.sports-reference.com/cbb/players/rebekah-crane-1.html,stephen-f-austin,2020-21
