ranker,player_game_num_career,team_game_num_season,date,team_name_abbr,game_location,opp_name_abbr,game_type,game_result,is_starter,mp,fg,fga,fg_pct,fg3,fg3a,fg3_pct,fg2,fg2a,fg2_pct,efg_pct,ft,fta,ft_pct,orb,drb,trb,ast,stl,blk,tov,pf,pts,game_score,player_name,player_sr_link,school,season
1,62,1,2020-11-25,Stephen F. Austin,@,Arizona State,REG (Non-Conf),L 47-56,*,35,7,11,.636,0,3,.000,7,8,.875,.636,2,6,.333,1,4,5,2,3,0,3,0,16,12.8,Stephanie Visscher,https://www.sports-reference.com/cbb/players/stephanie-visscher-1.html,stephen-f-austin,2020-21
2,63,2,2020-11-27,Stephen F. Austin,,St. Mary's (CA),REG (Non-Conf),W 69-59,*,31,1,6,.167,0,4,.000,1,2,.500,.167,1,2,.500,0,3,3,4,2,1,0,2,3,4.4,Stephanie Visscher,https://www.sports-reference.com/cbb/players/stephanie-visscher-1.html,stephen-f-austin,2020-21
3,64,3,2020-11-28,Stephen F. Austin,@,VCU,REG (Non-Conf),W 71-66,*,35,1,7,.143,0,3,.000,1,4,.250,.143,0,0,,1,4,5,3,2,1,3,2,2,0.4,Stephanie Visscher,https://www.sports-reference.com/cbb/players/stephanie-visscher-1.html,stephen-f-austin,2020-21
4,65,4,2020-12-03,Stephen F. Austin,,Jackson State,REG (Non-Conf),W 88-58,*,24,5,10,.500,2,4,.500,3,6,.500,.600,4,4,1.000,2,1,3,3,4,1,4,2,16,14.7,Stephanie Visscher,https://www.sports-reference.com/cbb/players/stephanie-visscher-1.html,stephen-f-austin,2020-21
5,66,5,2020-12-05,Stephen F. Austin,,Texas-Dallas,REG (Non-Conf),W 96-37,*,22,7,10,.700,3,6,.500,4,4,1.000,.850,0,0,,2,2,4,6,2,0,1,0,17,20.0,Stephanie Visscher,https://www.sports-reference.com/cbb/players/stephanie-visscher-1.html,stephen-f-austin,2020-21
6,67,6,2020-12-08,Stephen F. Austin,,UT Arlington,REG (Non-Conf),W 79-57,*,31,6,10,.600,1,4,.250,5,6,.833,.650,1,1,1.000,1,3,4,3,2,0,1,1,14,13.7,Stephanie Visscher,https://www.sports-reference.com/cbb/players/stephanie-visscher-1.html,stephen-f-austin,2020-21
7,68,7,2020-12-11,Stephen F. Austin,@,Houston,REG (Non-Conf),L 59-61,*,40,3,5,.600,1,2,.500,2,3,.667,.700,8,8,1.000,0,3,3,3,1,2,2,2,15,15.3,Stephanie Visscher,https://www.sports-reference.com/cbb/players/stephanie-visscher-1.html,stephen-f-austin,2020-21
8,69,8,2020-12-16,Stephen F. Austin,@,Auburn,REG (Non-Conf),W 67-54,*,40,6,13,.462,3,8,.375,3,5,.600,.577,0,0,,0,7,7,1,2,1,1,3,15,11.6,Stephanie Visscher,https://www.sports-reference.com/cbb/players/stephanie-visscher-1.html,stephen-f-austin,2020-21
9,70,9,2020-12-19,Stephen F. Austin,,Texas-Tyler,REG (Non-Conf),W 85-43,*,26,1,7,.143,0,6,.000,1,1,1.000,.143,1,1,1.000,1,2,3,3,3,0,3,2,3,1.1,Stephanie Visscher,https://www.sports-reference.com/cbb/players/stephanie-visscher-1.html,stephen-f-austin,2020-21
10,71,10,2020-12-21,Stephen F. Austin,,Texas Southern,REG (Non-Conf),W 100-61,*,24,3,5,.600,1,3,.333,2,2,1.000,.700,0,0,,0,3,3,2,2,0,0,0,7,9.0,Stephanie Visscher,https://www.sports-reference.com/cbb/players/stephanie-visscher-1.html,stephen-f-austin,2020-21
11,72,11,2021-01-02,Stephen F. Austin,,New Orleans,REG (Conf),W 88-29,*,14,3,4,.750,1,2,.500,2,2,1.000,.875,2,2,1.000,1,1,2,0,1,0,3,3,9,5.2,Stephanie Visscher,https://www.sports-reference.com/cbb/players/stephanie-visscher-1.html,stephen-f-austin,2020-21
12,73,12,2021-01-06,Stephen F. Austin,,Texas A&M–Corpus Christi,REG (Conf),W 100-41,*,25,7,9,.778,3,4,.750,4,5,.800,.944,2,3,.667,1,3,4,8,6,0,0,2,19,27.5,Stephanie Visscher,https://www.sports-reference.com/cbb/players/stephanie-visscher-1.html,stephen-f-austin,2020-21
13,74,13,2021-01-13,Stephen F. Austin,@,Central Arkansas,REG (Conf),W 85-44,*,25,6,10,.600,4,7,.571,2,3,.667,.800,2,3,.667,1,6,7,0,0,2,1,2,18,15.1,Stephanie Visscher,https://www.sports-reference.com/cbb/players/stephanie-visscher-1.html,stephen-f-austin,2020-21
14,75,14,2021-01-16,Stephen F. Austin,@,Incarnate Word,REG (Conf),W 91-48,*,27,4,8,.500,2,5,.400,2,3,.667,.625,4,4,1.000,0,0,0,5,1,0,1,1,14,13.1,Stephanie Visscher,https://www.sports-reference.com/cbb/players/stephanie-visscher-1.html,stephen-f-austin,2020-21
15,76,15,2021-01-20,Stephen F. Austin,@,Northwestern State,REG (Conf),W 87-28,*,23,7,11,.636,4,7,.571,3,4,.750,.818,0,0,,0,4,4,2,0,4,3,0,18,15.5,Stephanie Visscher,https://www.sports-reference.com/cbb/players/stephanie-visscher-1.html,stephen-f-austin,2020-21
16,77,16,2021-01-23,Stephen F. Austin,,Lamar,REG (Conf),W 69-39,*,28,2,10,.200,1,5,.200,1,5,.200,.250,8,8,1.000,0,3,3,3,1,2,1,1,13,10.8,Stephanie Visscher,https://www.sports-reference.com/cbb/players/stephanie-visscher-1.html,stephen-f-austin,2020-21
17,78,17,2021-01-27,Stephen F. Austin,@,Abilene Christian,REG (Conf),W 73-52,*,33,3,8,.375,1,3,.333,2,5,.400,.438,0,0,,3,3,6,5,4,1,1,2,7,12.0,Stephanie Visscher,https://www.sports-reference.com/cbb/players/stephanie-visscher-1.html,stephen-f-austin,2020-21
18,79,18,2021-01-30,Stephen F. Austin,,Sam Houston State,REG (Conf),W 104-69,*,32,7,9,.778,1,1,1.000,6,8,.750,.833,3,3,1.000,2,5,7,4,4,1,3,2,18,21.1,Stephanie Visscher,https://www.sports-reference.com/cbb/players/stephanie-visscher-1.html,stephen-f-austin,2020-21
19,80,19,2021-02-06,Stephen F. Austin,@,New Orleans,REG (Conf),W 105-36,*,21,5,6,.833,2,3,.667,3,3,1.000,1.000,0,0,,0,4,4,2,1,1,1,1,12,12.7,Stephanie Visscher,https://www.sports-reference.com/cbb/players/stephanie-visscher-1.html,stephen-f-austin,2020-21
20,81,20,2021-02-22,Stephen F. Austin,,Central Arkansas,REG (Conf),W 82-59,*,36,7,12,.583,3,7,.429,4,5,.800,.708,0,0,,0,3,3,6,6,2,4,3,17,18.7,Stephanie Visscher,https://www.sports-reference.com/cbb/players/stephanie-visscher-1.html,stephen-f-austin,2020-21
21,82,21,2021-02-24,Stephen F. Austin,,Northwestern State,REG (Conf),W 114-58,*,24,4,5,.800,2,3,.667,2,2,1.000,1.000,4,4,1.000,1,4,5,3,3,2,0,1,14,20.1,Stephanie Visscher,https://www.sports-reference.com/cbb/players/stephanie-visscher-1.html,stephen-f-austin,2020-21
22,83,22,2021-02-27,Stephen F. Austin,@,Lamar,REG (Conf),W 92-64,*,26,8,12,.667,4,7,.571,4,5,.800,.833,0,0,,3,2,5,8,3,1,2,2,20,24.0,Stephanie Visscher,https://www.sports-reference.com/cbb/players/stephanie-visscher-1.html,stephen-f-austin,2020-21
23,84,23,2021-03-03,Stephen F. Austin,,Abilene Christian,REG (Conf),W 82-55,*,29,5,9,.556,3,5,.600,2,4,.500,.722,0,0,,1,4,5,3,4,2,4,4,13,12.5,Stephanie Visscher,https://www.sports-reference.com/cbb/players/stephanie-visscher-1.html,stephen-f-austin,2020-21
24,85,24,2021-03-06,Stephen F. Austin,@,Sam Houston State,REG (Conf),W 69-57,*,27,5,8,.625,2,3,.667,3,5,.600,.750,0,0,,2,4,6,2,5,2,1,2,12,17.0,Stephanie Visscher,https://www.sports-reference.com/cbb/players/stephanie-visscher-1.html,stephen-f-austin,2020-21
25,86,25,2021-03-13,Stephen F. Austin,,Central Arkansas,CTOURN,W 55-47,*,31,2,5,.400,1,1,1.000,1,4,.250,.500,2,2,1.000,0,3,3,1,2,0,5,2,7,2.1,Stephanie Visscher,https://www.sports-reference.com/cbb/players/stephanie-visscher-1.html,stephen-f-austin,2020-21
26,87,26,2021-03-14,Stephen F. Austin,,Sam Houston State,CTOURN,W 56-45,*,26,2,8,.250,0,2,.000,2,6,.333,.250,2,2,1.000,1,2,3,1,1,2,2,2,6,2.8,Stephanie Visscher,https://www.sports-reference.com/cbb/players/stephanie-visscher-1.html,stephen-f-austin,2020-21
27,88,27,2021-03-21,Stephen F. Austin,N,Georgia Tech,ROUND-64,L 52-54 (OT),*,45,5,18,.278,2,6,.333,3,12,.250,.333,2,2,1.000,2,10,12,0,1,2,3,2,14,6.4,Stephanie Visscher,https://www.sports-reference.com/cbb/players/stephanie-visscher-1.html,stephen-f-austin,2020-21
