ranker,player_game_num_career,team_game_num_season,date,team_name_abbr,game_location,opp_name_abbr,game_type,game_result,is_starter,mp,fg,fga,fg_pct,fg3,fg3a,fg3_pct,fg2,fg2a,fg2_pct,efg_pct,ft,fta,ft_pct,orb,drb,trb,ast,stl,blk,tov,pf,pts,game_score,player_name,player_sr_link,school,season
1,19,1,2020-11-25,Stephen F. Austin,@,Arizona State,REG (Non-Conf),L 47-56,,12,0,3,.000,0,2,.000,0,1,.000,.000,0,0,,1,1,2,1,0,0,0,3,0,-1.6,Tasharian Robinson,https://www.sports-reference.com/cbb/players/tasharian-robinson-1.html,stephen-f-austin,2020-21
2,20,2,2020-11-27,Stephen F. Austin,,St. Mary's (CA),REG (Non-Conf),W 69-59,,17,5,7,.714,3,5,.600,2,2,1.000,.929,0,0,,0,1,1,0,3,0,0,2,13,12.6,Tasharian Robinson,https://www.sports-reference.com/cbb/players/tasharian-robinson-1.html,stephen-f-austin,2020-21
3,21,3,2020-11-28,Stephen F. Austin,@,VCU,REG (Non-Conf),W 71-66,,20,0,2,.000,0,2,.000,0,0,,.000,1,3,.333,0,1,1,0,1,0,1,1,1,-1.3,Tasharian Robinson,https://www.sports-reference.com/cbb/players/tasharian-robinson-1.html,stephen-f-austin,2020-21
4,22,4,2020-12-03,Stephen F. Austin,,Jackson State,REG (Non-Conf),W 88-58,,23,5,12,.417,1,7,.143,4,5,.800,.458,0,0,,0,1,1,2,3,0,3,1,11,5.9,Tasharian Robinson,https://www.sports-reference.com/cbb/players/tasharian-robinson-1.html,stephen-f-austin,2020-21
5,23,5,2020-12-05,Stephen F. Austin,,Texas-Dallas,REG (Non-Conf),W 96-37,,11,0,3,.000,0,1,.000,0,2,.000,.000,0,0,,1,1,2,0,1,0,0,1,0,-0.5,Tasharian Robinson,https://www.sports-reference.com/cbb/players/tasharian-robinson-1.html,stephen-f-austin,2020-21
6,24,6,2020-12-08,Stephen F. Austin,,UT Arlington,REG (Non-Conf),W 79-57,,15,2,5,.400,1,3,.333,1,2,.500,.500,0,0,,0,0,0,1,1,1,0,3,5,3.5,Tasharian Robinson,https://www.sports-reference.com/cbb/players/tasharian-robinson-1.html,stephen-f-austin,2020-21
7,25,7,2020-12-11,Stephen F. Austin,@,Houston,REG (Non-Conf),L 59-61,,25,2,7,.286,1,5,.200,1,2,.500,.357,0,0,,1,1,2,2,4,0,1,2,5,5.5,Tasharian Robinson,https://www.sports-reference.com/cbb/players/tasharian-robinson-1.html,stephen-f-austin,2020-21
8,26,8,2020-12-16,Stephen F. Austin,@,Auburn,REG (Non-Conf),W 67-54,,8,0,1,.000,0,1,.000,0,0,,.000,0,0,,1,1,2,0,0,0,2,3,0,-2.9,Tasharian Robinson,https://www.sports-reference.com/cbb/players/tasharian-robinson-1.html,stephen-f-austin,2020-21
9,27,9,2020-12-19,Stephen F. Austin,,Texas-Tyler,REG (Non-Conf),W 85-43,,13,4,8,.500,1,4,.250,3,4,.750,.563,0,0,,0,4,4,3,4,0,0,0,9,12.3,Tasharian Robinson,https://www.sports-reference.com/cbb/players/tasharian-robinson-1.html,stephen-f-austin,2020-21
10,28,10,2020-12-21,Stephen F. Austin,,Texas Southern,REG (Non-Conf),W 100-61,,16,3,4,.750,1,2,.500,2,2,1.000,.875,0,0,,1,1,2,2,1,0,1,1,7,7.4,Tasharian Robinson,https://www.sports-reference.com/cbb/players/tasharian-robinson-1.html,stephen-f-austin,2020-21
11,29,11,2021-01-02,Stephen F. Austin,,New Orleans,REG (Conf),W 88-29,,7,1,4,.250,0,3,.000,1,1,1.000,.250,0,0,,1,0,1,1,0,0,1,5,2,-2.0,Tasharian Robinson,https://www.sports-reference.com/cbb/players/tasharian-robinson-1.html,stephen-f-austin,2020-21
12,30,12,2021-01-06,Stephen F. Austin,,Texas A&M–Corpus Christi,REG (Conf),W 100-41,,11,1,5,.200,0,2,.000,1,3,.333,.200,1,1,1.000,1,1,2,1,1,0,0,0,3,2.6,Tasharian Robinson,https://www.sports-reference.com/cbb/players/tasharian-robinson-1.html,stephen-f-austin,2020-21
13,31,13,2021-01-13,Stephen F. Austin,@,Central Arkansas,REG (Conf),W 85-44,,17,0,4,.000,0,3,.000,0,1,.000,.000,2,2,1.000,0,0,0,2,1,0,2,2,2,-1.2,Tasharian Robinson,https://www.sports-reference.com/cbb/players/tasharian-robinson-1.html,stephen-f-austin,2020-21
14,32,14,2021-01-16,Stephen F. Austin,@,Incarnate Word,REG (Conf),W 91-48,,14,3,6,.500,0,1,.000,3,5,.600,.500,1,2,.500,0,3,3,0,1,0,0,0,7,5.5,Tasharian Robinson,https://www.sports-reference.com/cbb/players/tasharian-robinson-1.html,stephen-f-austin,2020-21
15,33,15,2021-01-20,Stephen F. Austin,@,Northwestern State,REG (Conf),W 87-28,,17,1,4,.250,0,2,.000,1,2,.500,.250,1,1,1.000,0,6,6,2,1,0,0,4,3,3.2,Tasharian Robinson,https://www.sports-reference.com/cbb/players/tasharian-robinson-1.html,stephen-f-austin,2020-21
16,34,16,2021-01-23,Stephen F. Austin,,Lamar,REG (Conf),W 69-39,,13,0,2,.000,0,2,.000,0,0,,.000,0,2,.000,0,1,1,4,0,0,0,1,0,0.5,Tasharian Robinson,https://www.sports-reference.com/cbb/players/tasharian-robinson-1.html,stephen-f-austin,2020-21
17,35,17,2021-01-27,Stephen F. Austin,@,Abilene Christian,REG (Conf),W 73-52,,8,0,1,.000,0,1,.000,0,0,,.000,0,0,,0,2,2,1,0,0,0,0,0,0.6,Tasharian Robinson,https://www.sports-reference.com/cbb/players/tasharian-robinson-1.html,stephen-f-austin,2020-21
18,36,18,2021-01-30,Stephen F. Austin,,Sam Houston State,REG (Conf),W 104-69,,19,3,4,.750,0,0,,3,4,.750,.750,0,0,,1,1,2,3,3,0,2,2,6,7.7,Tasharian Robinson,https://www.sports-reference.com/cbb/players/tasharian-robinson-1.html,stephen-f-austin,2020-21
19,37,19,2021-02-06,Stephen F. Austin,@,New Orleans,REG (Conf),W 105-36,,19,4,6,.667,4,5,.800,0,1,.000,1.000,0,0,,0,1,1,0,0,0,1,1,12,8.3,Tasharian Robinson,https://www.sports-reference.com/cbb/players/tasharian-robinson-1.html,stephen-f-austin,2020-21
20,38,20,2021-02-22,Stephen F. Austin,,Central Arkansas,REG (Conf),W 82-59,,20,2,4,.500,0,2,.000,2,2,1.000,.500,1,2,.500,0,2,2,2,0,0,1,0,5,3.6,Tasharian Robinson,https://www.sports-reference.com/cbb/players/tasharian-robinson-1.html,stephen-f-austin,2020-21
21,39,21,2021-02-24,Stephen F. Austin,,Northwestern State,REG (Conf),W 114-58,,13,4,5,.800,2,3,.667,2,2,1.000,1.000,0,0,,0,0,0,0,1,0,3,2,10,5.3,Tasharian Robinson,https://www.sports-reference.com/cbb/players/tasharian-robinson-1.html,stephen-f-austin,2020-21
22,40,22,2021-02-27,Stephen F. Austin,@,Lamar,REG (Conf),W 92-64,,18,3,5,.600,2,3,.667,1,2,.500,.800,0,0,,0,2,2,2,0,0,0,2,8,6.9,Tasharian Robinson,https://www.sports-reference.com/cbb/players/tasharian-robinson-1.html,stephen-f-austin,2020-21
23,41,23,2021-03-03,Stephen F. Austin,,Abilene Christian,REG (Conf),W 82-55,,19,4,6,.667,3,5,.600,1,1,1.000,.917,0,0,,0,0,0,2,1,0,1,1,11,9.4,Tasharian Robinson,https://www.sports-reference.com/cbb/players/tasharian-robinson-1.html,stephen-f-austin,2020-21
24,42,24,2021-03-06,Stephen F. Austin,@,Sam Houston State,REG (Conf),W 69-57,,20,1,2,.500,1,2,.500,0,0,,.750,0,0,,1,2,3,0,1,0,4,3,3,-0.9,Tasharian Robinson,https://www.sports-reference.com/cbb/players/tasharian-robinson-1.html,stephen-f-austin,2020-21
25,43,25,2021-03-13,Stephen F. Austin,,Central Arkansas,CTOURN,W 55-47,,19,1,3,.333,1,3,.333,0,0,,.500,0,2,.000,2,1,3,1,0,0,1,0,3,1.9,Tasharian Robinson,https://www.sports-reference.com/cbb/players/tasharian-robinson-1.html,stephen-f-austin,2020-21
26,44,26,2021-03-14,Stephen F. Austin,,Sam Houston State,CTOURN,W 56-45,,18,0,0,,0,0,,0,0,,,0,0,,0,0,0,0,0,0,0,1,0,-0.4,Tasharian Robinson,https://www.sports-reference.com/cbb/players/tasharian-robinson-1.html,stephen-f-austin,2020-21
27,45,27,2021-03-21,Stephen F. Austin,N,Georgia Tech,ROUND-64,L 52-54 (OT),,20,0,3,.000,0,2,.000,0,1,.000,.000,0,0,,0,0,0,3,0,0,0,1,0,-0.4,Tasharian Robinson,https://www.sports-reference.com/cbb/players/tasharian-robinson-1.html,stephen-f-austin,2020-21
