ranker,player_game_num_career,team_game_num_season,date,team_name_abbr,game_location,opp_name_abbr,game_type,game_result,is_starter,mp,fg,fga,fg_pct,fg3,fg3a,fg3_pct,fg2,fg2a,fg2_pct,efg_pct,ft,fta,ft_pct,orb,drb,trb,ast,stl,blk,tov,pf,pts,game_score,player_name,player_sr_link,school,season
1,30,1,2020-11-25,Stephen F. Austin,@,Arizona State,REG (Non-Conf),L 47-56,*,28,2,8,.250,0,3,.000,2,5,.400,.250,1,2,.500,0,1,1,1,2,0,3,4,5,-1.8,Zya Nugent,https://www.sports-reference.com/cbb/players/zya-nugent-1.html,stephen-f-austin,2020-21
2,31,2,2020-11-27,Stephen F. Austin,,St. Mary's (CA),REG (Non-Conf),W 69-59,*,31,5,12,.417,0,4,.000,5,8,.625,.417,4,6,.667,2,3,5,3,3,0,2,3,14,11.0,Zya Nugent,https://www.sports-reference.com/cbb/players/zya-nugent-1.html,stephen-f-austin,2020-21
3,32,3,2020-11-28,Stephen F. Austin,@,VCU,REG (Non-Conf),W 71-66,*,25,11,17,.647,4,7,.571,7,10,.700,.765,0,0,,0,6,6,1,0,0,6,5,26,13.0,Zya Nugent,https://www.sports-reference.com/cbb/players/zya-nugent-1.html,stephen-f-austin,2020-21
4,33,4,2020-12-03,Stephen F. Austin,,Jackson State,REG (Non-Conf),W 88-58,*,27,4,8,.500,2,4,.500,2,4,.500,.625,2,2,1.000,0,1,1,5,1,0,3,2,12,9.0,Zya Nugent,https://www.sports-reference.com/cbb/players/zya-nugent-1.html,stephen-f-austin,2020-21
5,34,5,2020-12-05,Stephen F. Austin,,Texas-Dallas,REG (Non-Conf),W 96-37,*,19,6,9,.667,1,1,1.000,5,8,.625,.722,1,2,.500,0,2,2,2,1,0,1,0,14,11.7,Zya Nugent,https://www.sports-reference.com/cbb/players/zya-nugent-1.html,stephen-f-austin,2020-21
6,35,6,2020-12-08,Stephen F. Austin,,UT Arlington,REG (Non-Conf),W 79-57,*,34,6,14,.429,2,8,.250,4,6,.667,.500,2,2,1.000,1,4,5,2,3,0,2,3,16,11.7,Zya Nugent,https://www.sports-reference.com/cbb/players/zya-nugent-1.html,stephen-f-austin,2020-21
7,36,7,2020-12-11,Stephen F. Austin,@,Houston,REG (Non-Conf),L 59-61,*,24,3,12,.250,0,3,.000,3,9,.333,.250,0,0,,2,2,4,2,0,0,1,4,6,-0.4,Zya Nugent,https://www.sports-reference.com/cbb/players/zya-nugent-1.html,stephen-f-austin,2020-21
8,37,8,2020-12-16,Stephen F. Austin,@,Auburn,REG (Non-Conf),W 67-54,*,24,3,4,.750,1,2,.500,2,2,1.000,.875,2,3,.667,0,2,2,2,1,0,8,3,9,0.8,Zya Nugent,https://www.sports-reference.com/cbb/players/zya-nugent-1.html,stephen-f-austin,2020-21
9,38,9,2020-12-19,Stephen F. Austin,,Texas-Tyler,REG (Non-Conf),W 85-43,*,15,4,8,.500,2,6,.333,2,2,1.000,.625,1,1,1.000,0,2,2,3,0,0,1,2,11,7.9,Zya Nugent,https://www.sports-reference.com/cbb/players/zya-nugent-1.html,stephen-f-austin,2020-21
10,39,10,2020-12-21,Stephen F. Austin,,Texas Southern,REG (Non-Conf),W 100-61,*,22,9,12,.750,2,3,.667,7,9,.778,.833,3,4,.750,3,3,6,6,2,0,4,2,23,22.2,Zya Nugent,https://www.sports-reference.com/cbb/players/zya-nugent-1.html,stephen-f-austin,2020-21
11,40,11,2021-01-02,Stephen F. Austin,,New Orleans,REG (Conf),W 88-29,*,21,4,8,.500,1,2,.500,3,6,.500,.563,5,7,.714,2,1,3,4,2,0,1,3,14,13.5,Zya Nugent,https://www.sports-reference.com/cbb/players/zya-nugent-1.html,stephen-f-austin,2020-21
12,41,12,2021-01-06,Stephen F. Austin,,Texas A&M–Corpus Christi,REG (Conf),W 100-41,*,24,5,10,.500,1,4,.250,4,6,.667,.550,4,5,.800,0,3,3,1,3,0,2,2,15,11.4,Zya Nugent,https://www.sports-reference.com/cbb/players/zya-nugent-1.html,stephen-f-austin,2020-21
13,42,13,2021-01-13,Stephen F. Austin,@,Central Arkansas,REG (Conf),W 85-44,*,24,4,9,.444,0,2,.000,4,7,.571,.444,5,6,.833,0,3,3,4,1,1,4,2,13,8.5,Zya Nugent,https://www.sports-reference.com/cbb/players/zya-nugent-1.html,stephen-f-austin,2020-21
14,43,14,2021-01-16,Stephen F. Austin,@,Incarnate Word,REG (Conf),W 91-48,*,25,5,10,.500,2,4,.500,3,6,.500,.600,4,4,1.000,0,5,5,1,3,0,5,3,16,10.0,Zya Nugent,https://www.sports-reference.com/cbb/players/zya-nugent-1.html,stephen-f-austin,2020-21
15,44,15,2021-01-20,Stephen F. Austin,@,Northwestern State,REG (Conf),W 87-28,*,21,2,4,.500,1,3,.333,1,1,1.000,.625,3,3,1.000,3,2,5,3,0,0,0,4,8,9.2,Zya Nugent,https://www.sports-reference.com/cbb/players/zya-nugent-1.html,stephen-f-austin,2020-21
16,45,16,2021-01-23,Stephen F. Austin,,Lamar,REG (Conf),W 69-39,*,24,4,10,.400,0,3,.000,4,7,.571,.400,1,1,1.000,1,1,2,1,1,0,5,1,9,0.9,Zya Nugent,https://www.sports-reference.com/cbb/players/zya-nugent-1.html,stephen-f-austin,2020-21
17,46,17,2021-01-27,Stephen F. Austin,@,Abilene Christian,REG (Conf),W 73-52,*,34,5,18,.278,2,10,.200,3,8,.375,.333,4,4,1.000,1,1,2,1,3,0,1,3,16,7.9,Zya Nugent,https://www.sports-reference.com/cbb/players/zya-nugent-1.html,stephen-f-austin,2020-21
18,47,18,2021-01-30,Stephen F. Austin,,Sam Houston State,REG (Conf),W 104-69,*,20,3,7,.429,0,0,,3,7,.429,.429,4,4,1.000,1,0,1,3,2,0,2,4,10,7.5,Zya Nugent,https://www.sports-reference.com/cbb/players/zya-nugent-1.html,stephen-f-austin,2020-21
19,48,19,2021-02-06,Stephen F. Austin,@,New Orleans,REG (Conf),W 105-36,*,22,4,8,.500,0,3,.000,4,5,.800,.500,2,3,.667,0,1,1,1,2,0,3,1,10,5.2,Zya Nugent,https://www.sports-reference.com/cbb/players/zya-nugent-1.html,stephen-f-austin,2020-21
20,49,20,2021-02-22,Stephen F. Austin,,Central Arkansas,REG (Conf),W 82-59,*,24,3,8,.375,1,5,.200,2,3,.667,.438,2,2,1.000,0,2,2,3,2,0,3,3,9,5.1,Zya Nugent,https://www.sports-reference.com/cbb/players/zya-nugent-1.html,stephen-f-austin,2020-21
21,50,21,2021-02-24,Stephen F. Austin,,Northwestern State,REG (Conf),W 114-58,*,20,7,11,.636,1,4,.250,6,7,.857,.682,4,5,.800,2,1,3,2,1,0,1,4,19,15.2,Zya Nugent,https://www.sports-reference.com/cbb/players/zya-nugent-1.html,stephen-f-austin,2020-21
22,51,22,2021-02-27,Stephen F. Austin,@,Lamar,REG (Conf),W 92-64,*,24,3,8,.375,1,4,.250,2,4,.500,.438,2,2,1.000,2,4,6,5,2,1,3,2,9,9.6,Zya Nugent,https://www.sports-reference.com/cbb/players/zya-nugent-1.html,stephen-f-austin,2020-21
23,52,23,2021-03-03,Stephen F. Austin,,Abilene Christian,REG (Conf),W 82-55,*,24,4,12,.333,0,4,.000,4,8,.500,.333,2,3,.667,1,1,2,1,2,0,2,0,10,4.5,Zya Nugent,https://www.sports-reference.com/cbb/players/zya-nugent-1.html,stephen-f-austin,2020-21
24,53,24,2021-03-06,Stephen F. Austin,@,Sam Houston State,REG (Conf),W 69-57,*,40,5,15,.333,1,3,.333,4,12,.333,.367,3,4,.750,3,6,9,1,3,0,3,2,14,8.9,Zya Nugent,https://www.sports-reference.com/cbb/players/zya-nugent-1.html,stephen-f-austin,2020-21
25,54,25,2021-03-13,Stephen F. Austin,,Central Arkansas,CTOURN,W 55-47,*,29,2,9,.222,2,5,.400,0,4,.000,.333,3,4,.750,1,2,3,2,0,2,2,2,9,4.4,Zya Nugent,https://www.sports-reference.com/cbb/players/zya-nugent-1.html,stephen-f-austin,2020-21
26,55,26,2021-03-14,Stephen F. Austin,,Sam Houston State,CTOURN,W 56-45,*,34,4,12,.333,2,5,.400,2,7,.286,.417,3,4,.750,1,5,6,2,1,0,8,2,13,1.6,Zya Nugent,https://www.sports-reference.com/cbb/players/zya-nugent-1.html,stephen-f-austin,2020-21
27,56,27,2021-03-21,Stephen F. Austin,N,Georgia Tech,ROUND-64,L 52-54 (OT),*,19,1,5,.200,1,3,.333,0,2,.000,.300,0,0,,0,1,1,2,0,0,1,4,3,-1.0,Zya Nugent,https://www.sports-reference.com/cbb/players/zya-nugent-1.html,stephen-f-austin,2020-21
