ranker,player_game_num_career,team_game_num_season,date,team_name_abbr,game_location,opp_name_abbr,game_type,game_result,is_starter,mp,fg,fga,fg_pct,fg3,fg3a,fg2,fg2a,fg2_pct,efg_pct,ft,fta,ft_pct,orb,drb,trb,ast,stl,blk,tov,pf,pts,game_score,player_name,player_sr_link,school,season
1,1,2,2021-11-13,Mount St. Mary's,,Valley Forge,REG (Non-Conf),W 102-15,,12,2,4,.500,0,0,2,4,.500,.500,2,2,1.000,3,4,7,1,1,1,0,4,6,8.1,Abby Bailey,https://www.sports-reference.com/cbb/players/abby-bailey-1.html,mount-st-marys,2021-22
2,2,3,2021-11-16,Mount St. Mary's,@,Maryland,REG (Non-Conf),L 57-98,,7,1,2,.500,0,0,1,2,.500,.500,0,0,,1,0,1,0,0,0,1,2,2,-0.1,Abby Bailey,https://www.sports-reference.com/cbb/players/abby-bailey-1.html,mount-st-marys,2021-22
3,3,4,2021-11-19,Mount St. Mary's,@,Lehigh,REG (Non-Conf),L 72-91,,1,0,0,,0,0,0,0,,,1,2,.500,0,0,0,0,0,0,0,0,1,0.6,Abby Bailey,https://www.sports-reference.com/cbb/players/abby-bailey-1.html,mount-st-marys,2021-22
4,4,6,2021-11-28,Mount St. Mary's,@,Clemson,REG (Non-Conf),L 59-83,,4,0,0,,0,0,0,0,,,0,0,,0,1,1,0,0,0,0,1,0,-0.1,Abby Bailey,https://www.sports-reference.com/cbb/players/abby-bailey-1.html,mount-st-marys,2021-22
