ranker,player_game_num_career,team_game_num_season,date,team_name_abbr,game_location,opp_name_abbr,game_type,game_result,is_starter,mp,fg,fga,fg_pct,fg3,fg3a,fg3_pct,fg2,fg2a,fg2_pct,efg_pct,ft,fta,ft_pct,orb,drb,trb,ast,stl,blk,tov,pf,pts,game_score,player_name,player_sr_link,school,season
1,56,1,2021-11-09,Mount St. Mary's,@,Seton Hall,REG (Non-Conf),L 68-81,*,32,1,5,.200,0,2,.000,1,3,.333,.200,4,4,1.000,0,5,5,0,1,0,4,4,6,-0.2,Aryna Taylor,https://www.sports-reference.com/cbb/players/aryna-taylor-1.html,mount-st-marys,2021-22
2,57,2,2021-11-13,Mount St. Mary's,,Valley Forge,REG (Non-Conf),W 102-15,*,20,9,9,1.000,5,5,1.000,4,4,1.000,1.278,2,2,1.000,0,1,1,1,1,1,0,0,25,25.0,Aryna Taylor,https://www.sports-reference.com/cbb/players/aryna-taylor-1.html,mount-st-marys,2021-22
3,58,3,2021-11-16,Mount St. Mary's,@,Maryland,REG (Non-Conf),L 57-98,*,34,6,14,.429,5,10,.500,1,4,.250,.607,4,5,.800,0,3,3,1,0,0,3,2,21,11.0,Aryna Taylor,https://www.sports-reference.com/cbb/players/aryna-taylor-1.html,mount-st-marys,2021-22
4,59,4,2021-11-19,Mount St. Mary's,@,Lehigh,REG (Non-Conf),L 72-91,*,31,3,6,.500,3,4,.750,0,2,.000,.750,0,0,,0,2,2,1,1,0,2,3,9,5.1,Aryna Taylor,https://www.sports-reference.com/cbb/players/aryna-taylor-1.html,mount-st-marys,2021-22
5,60,5,2021-11-23,Mount St. Mary's,,Howard,REG (Non-Conf),L 49-56,*,24,1,7,.143,1,5,.200,0,2,.000,.214,0,0,,0,1,1,1,0,0,3,2,3,-4.3,Aryna Taylor,https://www.sports-reference.com/cbb/players/aryna-taylor-1.html,mount-st-marys,2021-22
6,61,6,2021-11-28,Mount St. Mary's,@,Clemson,REG (Non-Conf),L 59-83,*,26,2,8,.250,1,5,.200,1,3,.333,.313,0,2,.000,0,1,1,2,0,0,3,1,5,-2.3,Aryna Taylor,https://www.sports-reference.com/cbb/players/aryna-taylor-1.html,mount-st-marys,2021-22
7,62,7,2021-12-04,Mount St. Mary's,@,Loyola (MD),REG (Non-Conf),L 55-56,*,28,2,11,.182,0,3,.000,2,8,.250,.182,0,0,,0,4,4,1,0,0,1,1,4,-2.4,Aryna Taylor,https://www.sports-reference.com/cbb/players/aryna-taylor-1.html,mount-st-marys,2021-22
8,63,8,2021-12-07,Mount St. Mary's,@,Ohio State,REG (Non-Conf),L 50-94,*,33,3,11,.273,2,7,.286,1,4,.250,.364,0,0,,0,1,1,4,0,0,5,1,8,-0.8,Aryna Taylor,https://www.sports-reference.com/cbb/players/aryna-taylor-1.html,mount-st-marys,2021-22
9,64,9,2021-12-18,Mount St. Mary's,,Maryland Eastern Shore,REG (Non-Conf),W 82-65,*,18,2,5,.400,1,2,.500,1,3,.333,.500,0,0,,0,0,0,2,0,0,1,5,5,0.7,Aryna Taylor,https://www.sports-reference.com/cbb/players/aryna-taylor-1.html,mount-st-marys,2021-22
10,65,17,2022-01-29,Mount St. Mary's,,Saint Francis (PA),REG (Conf),L 58-70,,16,2,3,.667,0,1,.000,2,2,1.000,.667,1,1,1.000,0,2,2,0,1,1,2,3,5,2.8,Aryna Taylor,https://www.sports-reference.com/cbb/players/aryna-taylor-1.html,mount-st-marys,2021-22
11,66,18,2022-02-03,Mount St. Mary's,@,Merrimack,REG (Conf),W 68-58,,24,3,6,.500,2,4,.500,1,2,.500,.667,0,0,,1,1,2,1,0,0,7,4,8,-1.9,Aryna Taylor,https://www.sports-reference.com/cbb/players/aryna-taylor-1.html,mount-st-marys,2021-22
12,67,19,2022-02-05,Mount St. Mary's,@,Bryant,REG (Conf),W 68-52,,24,4,8,.500,2,6,.333,2,2,1.000,.625,0,0,,1,0,1,0,0,0,1,2,10,4.9,Aryna Taylor,https://www.sports-reference.com/cbb/players/aryna-taylor-1.html,mount-st-marys,2021-22
13,68,20,2022-02-10,Mount St. Mary's,,Wagner,REG (Conf),W 53-51,,25,4,7,.571,2,3,.667,2,4,.500,.714,0,0,,0,1,1,0,3,0,1,1,10,8.6,Aryna Taylor,https://www.sports-reference.com/cbb/players/aryna-taylor-1.html,mount-st-marys,2021-22
14,69,21,2022-02-17,Mount St. Mary's,@,St. Francis Brooklyn,REG (Conf),L 53-58,,27,6,15,.400,2,7,.286,4,8,.500,.467,0,0,,0,3,3,1,1,0,2,1,14,6.1,Aryna Taylor,https://www.sports-reference.com/cbb/players/aryna-taylor-1.html,mount-st-marys,2021-22
15,70,22,2022-02-19,Mount St. Mary's,@,LIU,REG (Conf),L 46-60,,27,5,11,.455,3,6,.500,2,5,.400,.591,0,0,,0,0,0,1,1,0,4,4,13,3.4,Aryna Taylor,https://www.sports-reference.com/cbb/players/aryna-taylor-1.html,mount-st-marys,2021-22
16,71,23,2022-02-24,Mount St. Mary's,,Sacred Heart,REG (Conf),W 63-40,,31,2,9,.222,1,6,.167,1,3,.333,.278,3,4,.750,1,2,3,0,0,0,1,1,8,2.0,Aryna Taylor,https://www.sports-reference.com/cbb/players/aryna-taylor-1.html,mount-st-marys,2021-22
17,72,24,2022-02-26,Mount St. Mary's,,Central Connecticut State,REG (Conf),W 64-47,,14,3,6,.500,3,5,.600,0,1,.000,.750,0,0,,0,2,2,2,0,0,1,5,9,5.0,Aryna Taylor,https://www.sports-reference.com/cbb/players/aryna-taylor-1.html,mount-st-marys,2021-22
18,73,25,2022-03-03,Mount St. Mary's,@,Saint Francis (PA),REG (Conf),W 61-48,,24,3,7,.429,1,4,.250,2,3,.667,.500,5,6,.833,1,0,1,2,1,1,1,1,12,10.3,Aryna Taylor,https://www.sports-reference.com/cbb/players/aryna-taylor-1.html,mount-st-marys,2021-22
19,74,26,2022-03-07,Mount St. Mary's,,Saint Francis (PA),CTOURN,W 69-53,,21,4,7,.571,2,4,.500,2,3,.667,.714,0,0,,0,2,2,1,1,0,1,3,10,6.8,Aryna Taylor,https://www.sports-reference.com/cbb/players/aryna-taylor-1.html,mount-st-marys,2021-22
20,75,27,2022-03-10,Mount St. Mary's,,Wagner,CTOURN,W 62-50,,26,1,8,.125,1,7,.143,0,1,.000,.188,0,0,,0,2,2,1,0,0,4,3,3,-6.1,Aryna Taylor,https://www.sports-reference.com/cbb/players/aryna-taylor-1.html,mount-st-marys,2021-22
