ranker,player_game_num_career,team_game_num_season,date,team_name_abbr,game_location,opp_name_abbr,game_type,game_result,is_starter,mp,fg,fga,fg_pct,fg3,fg3a,fg3_pct,fg2,fg2a,fg2_pct,efg_pct,ft,fta,ft_pct,orb,drb,trb,ast,stl,blk,tov,pf,pts,game_score,player_name,player_sr_link,school,season
1,1,1,2019-11-05,Fordham,,Notre Dame,REG (Non-Conf),L 55-60,*,37,5,16,.313,0,6,.000,5,10,.500,.313,0,0,,2,7,9,9,1,0,4,4,10,6.0,Anna DeWolfe,https://www.sports-reference.com/cbb/players/anna-dewolfe-1.html,fordham,2019-20
2,2,2,2019-11-10,Fordham,@,Columbia,REG (Non-Conf),L 51-70,*,34,4,11,.364,1,5,.200,3,6,.500,.409,0,0,,0,6,6,2,0,0,1,1,9,4.7,Anna DeWolfe,https://www.sports-reference.com/cbb/players/anna-dewolfe-1.html,fordham,2019-20
3,3,3,2019-11-13,Fordham,@,Penn State,REG (Non-Conf),L 59-72,*,36,4,14,.286,1,3,.333,3,11,.273,.321,0,0,,2,2,4,2,1,0,2,3,9,2.0,Anna DeWolfe,https://www.sports-reference.com/cbb/players/anna-dewolfe-1.html,fordham,2019-20
4,4,4,2019-11-17,Fordham,,Villanova,REG (Non-Conf),L 66-73,*,35,7,12,.583,1,2,.500,6,10,.600,.625,0,0,,1,2,3,2,1,0,2,3,15,9.9,Anna DeWolfe,https://www.sports-reference.com/cbb/players/anna-dewolfe-1.html,fordham,2019-20
5,5,5,2019-11-20,Fordham,,Northeastern,REG (Non-Conf),W 74-58,*,33,5,9,.556,3,6,.500,2,3,.667,.722,2,2,1.000,1,3,4,3,3,0,4,5,15,11.4,Anna DeWolfe,https://www.sports-reference.com/cbb/players/anna-dewolfe-1.html,fordham,2019-20
6,6,6,2019-11-24,Fordham,@,Charlotte,REG (Non-Conf),W 76-51,*,40,10,22,.455,4,11,.364,6,11,.545,.545,1,1,1.000,2,1,3,3,0,0,3,2,25,13.6,Anna DeWolfe,https://www.sports-reference.com/cbb/players/anna-dewolfe-1.html,fordham,2019-20
7,7,7,2019-11-29,Fordham,@,Arkansas,REG (Non-Conf),L 59-71,*,32,4,13,.308,3,7,.429,1,6,.167,.423,1,2,.500,0,4,4,3,0,0,3,3,12,3.2,Anna DeWolfe,https://www.sports-reference.com/cbb/players/anna-dewolfe-1.html,fordham,2019-20
8,8,8,2019-11-30,Fordham,@,Lehigh,REG (Non-Conf),W 59-57,*,34,3,9,.333,1,4,.250,2,5,.400,.389,0,0,,2,1,3,5,2,0,5,2,7,3.3,Anna DeWolfe,https://www.sports-reference.com/cbb/players/anna-dewolfe-1.html,fordham,2019-20
9,9,9,2019-12-05,Fordham,@,Manhattan,REG (Non-Conf),W 51-45,*,34,5,12,.417,3,7,.429,2,5,.400,.542,0,0,,1,3,4,0,1,1,6,1,13,3.5,Anna DeWolfe,https://www.sports-reference.com/cbb/players/anna-dewolfe-1.html,fordham,2019-20
10,10,10,2019-12-08,Fordham,,Georgetown,REG (Non-Conf),W 67-54,*,37,7,13,.538,4,8,.500,3,5,.600,.692,0,0,,2,4,6,4,1,0,4,1,18,13.7,Anna DeWolfe,https://www.sports-reference.com/cbb/players/anna-dewolfe-1.html,fordham,2019-20
11,11,11,2019-12-14,Fordham,,Southern,REG (Non-Conf),W 65-52,*,33,3,11,.273,2,7,.286,1,4,.250,.364,0,0,,0,4,4,1,0,0,1,2,8,1.6,Anna DeWolfe,https://www.sports-reference.com/cbb/players/anna-dewolfe-1.html,fordham,2019-20
12,12,12,2019-12-29,Fordham,,Samford,REG (Non-Conf),W 68-37,*,24,4,10,.400,1,5,.200,3,5,.600,.450,0,0,,2,2,4,4,1,0,2,3,9,6.2,Anna DeWolfe,https://www.sports-reference.com/cbb/players/anna-dewolfe-1.html,fordham,2019-20
13,13,13,2019-12-30,Fordham,,Houston,REG (Non-Conf),W 63-54,*,35,7,10,.700,2,3,.667,5,7,.714,.800,1,1,1.000,2,3,5,1,1,0,2,4,17,13.2,Anna DeWolfe,https://www.sports-reference.com/cbb/players/anna-dewolfe-1.html,fordham,2019-20
14,14,14,2020-01-04,Fordham,,St. Bonaventure,REG (Conf),W 79-53,*,36,5,7,.714,1,2,.500,4,5,.800,.786,2,2,1.000,0,6,6,3,0,0,1,1,13,12.6,Anna DeWolfe,https://www.sports-reference.com/cbb/players/anna-dewolfe-1.html,fordham,2019-20
15,15,15,2020-01-08,Fordham,@,Davidson,REG (Conf),L 62-74,*,40,7,15,.467,1,3,.333,6,12,.500,.500,0,0,,0,0,0,0,0,0,0,3,15,6.1,Anna DeWolfe,https://www.sports-reference.com/cbb/players/anna-dewolfe-1.html,fordham,2019-20
16,16,16,2020-01-12,Fordham,,George Washington,REG (Conf),W 53-47,*,35,4,10,.400,2,5,.400,2,5,.400,.500,0,0,,1,1,2,2,0,0,4,0,10,3.0,Anna DeWolfe,https://www.sports-reference.com/cbb/players/anna-dewolfe-1.html,fordham,2019-20
17,17,17,2020-01-19,Fordham,@,George Mason,REG (Conf),W 66-54,*,26,1,6,.167,1,3,.333,0,3,.000,.250,1,2,.500,0,0,0,1,0,0,0,4,4,-1.1,Anna DeWolfe,https://www.sports-reference.com/cbb/players/anna-dewolfe-1.html,fordham,2019-20
18,18,18,2020-01-23,Fordham,,Saint Louis,REG (Conf),W 66-54,*,35,5,11,.455,2,5,.400,3,6,.500,.545,2,2,1.000,2,2,4,2,2,0,1,2,14,11.9,Anna DeWolfe,https://www.sports-reference.com/cbb/players/anna-dewolfe-1.html,fordham,2019-20
19,19,19,2020-01-26,Fordham,@,Dayton,REG (Conf),L 44-48,*,40,6,14,.429,1,5,.200,5,9,.556,.464,2,3,.667,0,0,0,0,1,0,2,3,15,5.0,Anna DeWolfe,https://www.sports-reference.com/cbb/players/anna-dewolfe-1.html,fordham,2019-20
20,20,20,2020-01-29,Fordham,@,VCU,REG (Conf),L 52-62,*,38,4,11,.364,1,4,.250,3,7,.429,.409,0,0,,2,3,5,5,1,0,4,3,9,4.5,Anna DeWolfe,https://www.sports-reference.com/cbb/players/anna-dewolfe-1.html,fordham,2019-20
21,21,21,2020-02-01,Fordham,,La Salle,REG (Conf),W 62-45,*,38,6,16,.375,0,4,.000,6,12,.500,.375,0,0,,2,7,9,5,1,1,2,0,12,9.9,Anna DeWolfe,https://www.sports-reference.com/cbb/players/anna-dewolfe-1.html,fordham,2019-20
22,22,22,2020-02-05,Fordham,,Rhode Island,REG (Conf),W 60-50,*,34,6,10,.600,1,2,.500,5,8,.625,.650,5,5,1.000,1,2,3,1,1,0,0,2,18,15.6,Anna DeWolfe,https://www.sports-reference.com/cbb/players/anna-dewolfe-1.html,fordham,2019-20
23,23,23,2020-02-08,Fordham,@,Massachusetts,REG (Conf),W 69-64,*,40,6,14,.429,0,5,.000,6,9,.667,.429,0,0,,0,2,2,2,1,0,2,1,12,5.2,Anna DeWolfe,https://www.sports-reference.com/cbb/players/anna-dewolfe-1.html,fordham,2019-20
24,24,24,2020-02-13,Fordham,,Davidson,REG (Conf),W 47-46,*,40,5,13,.385,0,2,.000,5,11,.455,.385,0,0,,1,3,4,0,2,0,1,2,10,4.7,Anna DeWolfe,https://www.sports-reference.com/cbb/players/anna-dewolfe-1.html,fordham,2019-20
25,25,25,2020-02-16,Fordham,@,Richmond,REG (Conf),W 64-47,*,40,8,20,.400,1,4,.250,7,16,.438,.425,0,0,,2,4,6,3,3,0,0,2,17,13.1,Anna DeWolfe,https://www.sports-reference.com/cbb/players/anna-dewolfe-1.html,fordham,2019-20
26,26,26,2020-02-19,Fordham,@,Saint Louis,REG (Conf),L 49-59,*,40,2,12,.167,2,6,.333,0,6,.000,.250,0,0,,0,1,1,4,1,0,0,1,6,2.1,Anna DeWolfe,https://www.sports-reference.com/cbb/players/anna-dewolfe-1.html,fordham,2019-20
27,27,27,2020-02-22,Fordham,,Dayton,REG (Conf),W 50-38,*,38,3,9,.333,0,1,.000,3,8,.375,.333,0,0,,2,2,4,0,0,0,4,3,6,-2.3,Anna DeWolfe,https://www.sports-reference.com/cbb/players/anna-dewolfe-1.html,fordham,2019-20
28,28,28,2020-02-25,Fordham,@,Duquesne,REG (Conf),L 63-74,*,38,9,21,.429,1,6,.167,8,15,.533,.452,0,0,,3,0,3,3,0,0,0,4,19,10.5,Anna DeWolfe,https://www.sports-reference.com/cbb/players/anna-dewolfe-1.html,fordham,2019-20
29,29,29,2020-02-29,Fordham,,Saint Joseph's,REG (Conf),W 67-45,*,37,7,13,.538,2,5,.400,5,8,.625,.615,0,0,,0,1,1,3,3,0,5,0,16,10.1,Anna DeWolfe,https://www.sports-reference.com/cbb/players/anna-dewolfe-1.html,fordham,2019-20
30,30,30,2020-03-03,Fordham,,Saint Joseph's,CTOURN,W 59-36,*,33,5,11,.455,1,3,.333,4,8,.500,.500,0,0,,2,2,4,0,3,0,2,2,11,7.5,Anna DeWolfe,https://www.sports-reference.com/cbb/players/anna-dewolfe-1.html,fordham,2019-20
31,31,31,2020-03-06,Fordham,,Duquesne,CTOURN,W 54-47,*,39,5,11,.455,2,4,.500,3,7,.429,.545,2,2,1.000,0,2,2,1,0,0,1,2,14,7.8,Anna DeWolfe,https://www.sports-reference.com/cbb/players/anna-dewolfe-1.html,fordham,2019-20
32,32,32,2020-03-07,Fordham,@,VCU,CTOURN,L 55-60,*,40,7,13,.538,2,6,.333,5,7,.714,.615,0,0,,1,2,3,0,0,0,2,3,16,7.8,Anna DeWolfe,https://www.sports-reference.com/cbb/players/anna-dewolfe-1.html,fordham,2019-20
