ranker,player_game_num_career,team_game_num_season,date,team_name_abbr,game_location,opp_name_abbr,game_type,game_result,is_starter,mp,fg,fga,fg_pct,fg3,fg3a,fg3_pct,fg2,fg2a,fg2_pct,efg_pct,ft,fta,ft_pct,orb,drb,trb,ast,stl,blk,tov,pf,pts,game_score,player_name,player_sr_link,school,season
1,69,1,2019-11-05,Fordham,,Notre Dame,REG (Non-Conf),L 55-60,*,40,6,22,.273,2,12,.167,4,10,.400,.318,0,0,,5,3,8,2,1,0,1,3,14,5.6,Bre Cavanaugh,https://www.sports-reference.com/cbb/players/bre-cavanaugh-1.html,fordham,2019-20
2,70,2,2019-11-10,Fordham,@,Columbia,REG (Non-Conf),L 51-70,*,40,2,11,.182,0,5,.000,2,6,.333,.182,4,4,1.000,0,7,7,2,0,0,2,0,8,2.6,Bre Cavanaugh,https://www.sports-reference.com/cbb/players/bre-cavanaugh-1.html,fordham,2019-20
3,71,3,2019-11-13,Fordham,@,Penn State,REG (Non-Conf),L 59-72,*,38,3,13,.231,1,5,.200,2,8,.250,.269,2,2,1.000,1,2,3,2,0,0,1,3,9,1.6,Bre Cavanaugh,https://www.sports-reference.com/cbb/players/bre-cavanaugh-1.html,fordham,2019-20
4,72,4,2019-11-17,Fordham,,Villanova,REG (Non-Conf),L 66-73,*,40,7,18,.389,2,7,.286,5,11,.455,.444,7,10,.700,1,2,3,4,4,0,3,1,23,16.7,Bre Cavanaugh,https://www.sports-reference.com/cbb/players/bre-cavanaugh-1.html,fordham,2019-20
5,73,5,2019-11-20,Fordham,,Northeastern,REG (Non-Conf),W 74-58,*,40,7,16,.438,2,6,.333,5,10,.500,.500,5,5,1.000,1,5,6,2,2,0,1,2,21,16.4,Bre Cavanaugh,https://www.sports-reference.com/cbb/players/bre-cavanaugh-1.html,fordham,2019-20
6,74,6,2019-11-24,Fordham,@,Charlotte,REG (Non-Conf),W 76-51,*,39,3,9,.333,2,7,.286,1,2,.500,.444,4,4,1.000,1,2,3,2,2,0,2,0,12,9.6,Bre Cavanaugh,https://www.sports-reference.com/cbb/players/bre-cavanaugh-1.html,fordham,2019-20
7,75,7,2019-11-29,Fordham,@,Arkansas,REG (Non-Conf),L 59-71,*,39,6,17,.353,2,10,.200,4,7,.571,.412,5,5,1.000,3,9,12,2,2,0,1,4,19,15.1,Bre Cavanaugh,https://www.sports-reference.com/cbb/players/bre-cavanaugh-1.html,fordham,2019-20
8,76,8,2019-11-30,Fordham,@,Lehigh,REG (Non-Conf),W 59-57,*,37,4,11,.364,0,5,.000,4,6,.667,.364,3,4,.750,1,3,4,1,2,0,2,2,11,6.0,Bre Cavanaugh,https://www.sports-reference.com/cbb/players/bre-cavanaugh-1.html,fordham,2019-20
9,77,9,2019-12-05,Fordham,@,Manhattan,REG (Non-Conf),W 51-45,*,39,7,20,.350,3,9,.333,4,11,.364,.425,4,6,.667,3,9,12,0,2,0,1,0,21,14.8,Bre Cavanaugh,https://www.sports-reference.com/cbb/players/bre-cavanaugh-1.html,fordham,2019-20
10,78,10,2019-12-08,Fordham,,Georgetown,REG (Non-Conf),W 67-54,*,39,7,17,.412,3,9,.333,4,8,.500,.500,6,8,.750,2,8,10,2,3,0,0,2,23,20.5,Bre Cavanaugh,https://www.sports-reference.com/cbb/players/bre-cavanaugh-1.html,fordham,2019-20
11,79,11,2019-12-14,Fordham,,Southern,REG (Non-Conf),W 65-52,*,38,6,12,.500,4,8,.500,2,4,.500,.667,8,10,.800,0,2,2,4,1,0,2,0,24,19.6,Bre Cavanaugh,https://www.sports-reference.com/cbb/players/bre-cavanaugh-1.html,fordham,2019-20
12,80,12,2019-12-29,Fordham,,Samford,REG (Non-Conf),W 68-37,*,33,5,11,.455,2,5,.400,3,6,.500,.545,2,2,1.000,2,7,9,3,1,0,0,0,14,14.9,Bre Cavanaugh,https://www.sports-reference.com/cbb/players/bre-cavanaugh-1.html,fordham,2019-20
13,81,13,2019-12-30,Fordham,,Houston,REG (Non-Conf),W 63-54,*,39,6,23,.261,3,13,.231,3,10,.300,.326,4,4,1.000,2,3,5,4,3,1,0,1,19,13.7,Bre Cavanaugh,https://www.sports-reference.com/cbb/players/bre-cavanaugh-1.html,fordham,2019-20
14,82,14,2020-01-04,Fordham,,St. Bonaventure,REG (Conf),W 79-53,*,33,10,14,.714,5,6,.833,5,8,.625,.893,4,6,.667,1,2,3,0,1,0,0,0,29,24.7,Bre Cavanaugh,https://www.sports-reference.com/cbb/players/bre-cavanaugh-1.html,fordham,2019-20
15,83,15,2020-01-08,Fordham,@,Davidson,REG (Conf),L 62-74,*,38,9,17,.529,1,6,.167,8,11,.727,.559,2,4,.500,0,8,8,1,0,0,2,2,21,12.2,Bre Cavanaugh,https://www.sports-reference.com/cbb/players/bre-cavanaugh-1.html,fordham,2019-20
16,84,16,2020-01-12,Fordham,,George Washington,REG (Conf),W 53-47,*,40,4,14,.286,1,5,.200,3,9,.333,.321,3,4,.750,1,5,6,3,0,0,0,1,12,7.3,Bre Cavanaugh,https://www.sports-reference.com/cbb/players/bre-cavanaugh-1.html,fordham,2019-20
17,85,17,2020-01-19,Fordham,@,George Mason,REG (Conf),W 66-54,*,39,9,20,.450,5,8,.625,4,12,.333,.575,6,6,1.000,0,5,5,2,0,0,0,1,29,21.1,Bre Cavanaugh,https://www.sports-reference.com/cbb/players/bre-cavanaugh-1.html,fordham,2019-20
18,86,18,2020-01-23,Fordham,,Saint Louis,REG (Conf),W 66-54,*,40,10,22,.455,4,12,.333,6,10,.600,.545,3,3,1.000,0,7,7,3,2,0,3,1,27,18.4,Bre Cavanaugh,https://www.sports-reference.com/cbb/players/bre-cavanaugh-1.html,fordham,2019-20
19,87,19,2020-01-26,Fordham,@,Dayton,REG (Conf),L 44-48,*,40,8,22,.364,2,12,.167,6,10,.600,.409,3,3,1.000,0,4,4,0,0,0,2,2,21,7.2,Bre Cavanaugh,https://www.sports-reference.com/cbb/players/bre-cavanaugh-1.html,fordham,2019-20
20,88,20,2020-01-29,Fordham,@,VCU,REG (Conf),L 52-62,*,40,8,18,.444,2,7,.286,6,11,.545,.500,4,4,1.000,1,5,6,0,1,0,1,4,22,13.2,Bre Cavanaugh,https://www.sports-reference.com/cbb/players/bre-cavanaugh-1.html,fordham,2019-20
21,89,21,2020-02-01,Fordham,,La Salle,REG (Conf),W 62-45,*,38,8,18,.444,3,6,.500,5,12,.417,.528,2,3,.667,1,6,7,4,2,0,0,0,21,18.5,Bre Cavanaugh,https://www.sports-reference.com/cbb/players/bre-cavanaugh-1.html,fordham,2019-20
22,90,22,2020-02-05,Fordham,,Rhode Island,REG (Conf),W 60-50,*,40,5,18,.278,1,8,.125,4,10,.400,.306,6,6,1.000,0,7,7,1,0,0,0,2,17,8.4,Bre Cavanaugh,https://www.sports-reference.com/cbb/players/bre-cavanaugh-1.html,fordham,2019-20
23,91,23,2020-02-08,Fordham,@,Massachusetts,REG (Conf),W 69-64,*,40,6,16,.375,0,5,.000,6,11,.545,.375,10,10,1.000,1,4,5,4,1,0,1,1,22,17.5,Bre Cavanaugh,https://www.sports-reference.com/cbb/players/bre-cavanaugh-1.html,fordham,2019-20
24,92,24,2020-02-13,Fordham,,Davidson,REG (Conf),W 47-46,*,40,8,27,.296,1,9,.111,7,18,.389,.315,3,3,1.000,0,9,9,1,4,0,0,2,20,10.9,Bre Cavanaugh,https://www.sports-reference.com/cbb/players/bre-cavanaugh-1.html,fordham,2019-20
25,93,25,2020-02-16,Fordham,@,Richmond,REG (Conf),W 64-47,*,40,3,18,.167,1,5,.200,2,13,.154,.194,4,4,1.000,1,1,2,0,3,0,0,0,11,3.6,Bre Cavanaugh,https://www.sports-reference.com/cbb/players/bre-cavanaugh-1.html,fordham,2019-20
26,94,26,2020-02-19,Fordham,@,Saint Louis,REG (Conf),L 49-59,*,40,7,20,.350,1,6,.167,6,14,.429,.375,6,6,1.000,1,2,3,3,1,0,1,0,21,13.2,Bre Cavanaugh,https://www.sports-reference.com/cbb/players/bre-cavanaugh-1.html,fordham,2019-20
27,95,27,2020-02-22,Fordham,,Dayton,REG (Conf),W 50-38,*,40,5,19,.263,2,7,.286,3,12,.250,.316,8,10,.800,2,7,9,1,1,0,1,0,20,12.1,Bre Cavanaugh,https://www.sports-reference.com/cbb/players/bre-cavanaugh-1.html,fordham,2019-20
28,96,28,2020-02-25,Fordham,@,Duquesne,REG (Conf),L 63-74,*,40,7,18,.389,2,7,.286,5,11,.455,.444,7,7,1.000,2,7,9,1,1,0,0,0,23,18.4,Bre Cavanaugh,https://www.sports-reference.com/cbb/players/bre-cavanaugh-1.html,fordham,2019-20
29,97,29,2020-02-29,Fordham,,Saint Joseph's,REG (Conf),W 67-45,*,36,12,18,.667,3,6,.500,9,12,.750,.750,3,4,.750,2,5,7,2,2,1,1,0,30,27.8,Bre Cavanaugh,https://www.sports-reference.com/cbb/players/bre-cavanaugh-1.html,fordham,2019-20
30,98,30,2020-03-03,Fordham,,Saint Joseph's,CTOURN,W 59-36,*,36,8,17,.471,4,7,.571,4,10,.400,.588,2,2,1.000,1,4,5,3,1,0,1,1,22,16.9,Bre Cavanaugh,https://www.sports-reference.com/cbb/players/bre-cavanaugh-1.html,fordham,2019-20
31,99,31,2020-03-06,Fordham,,Duquesne,CTOURN,W 54-47,*,40,5,16,.313,2,7,.286,3,9,.333,.375,10,10,1.000,1,9,10,2,0,0,4,1,22,13.2,Bre Cavanaugh,https://www.sports-reference.com/cbb/players/bre-cavanaugh-1.html,fordham,2019-20
32,100,32,2020-03-07,Fordham,@,VCU,CTOURN,L 55-60,*,40,7,22,.318,1,6,.167,6,16,.375,.341,2,2,1.000,1,4,5,1,0,0,2,1,17,4.6,Bre Cavanaugh,https://www.sports-reference.com/cbb/players/bre-cavanaugh-1.html,fordham,2019-20
