ranker,player_game_num_career,team_game_num_season,date,team_name_abbr,game_location,opp_name_abbr,game_type,game_result,is_starter,mp,fg,fga,fg_pct,fg3,fg3a,fg2,fg2a,fg2_pct,efg_pct,ft,fta,ft_pct,orb,drb,trb,ast,stl,blk,tov,pf,pts,game_score,player_name,player_sr_link,school,season
1,3,14,2020-01-04,Fordham,,St. Bonaventure,REG (Conf),W 79-53,,8,0,1,.000,0,0,0,1,.000,.000,2,4,.500,0,0,0,0,0,0,0,1,2,0.1,Chloe Chaffin,https://www.sports-reference.com/cbb/players/chloe-chaffin-1.html,fordham,2019-20
2,4,17,2020-01-19,Fordham,@,George Mason,REG (Conf),W 66-54,,1,0,0,,0,0,0,0,,,0,0,,0,0,0,0,0,0,0,0,0,0.0,Chloe Chaffin,https://www.sports-reference.com/cbb/players/chloe-chaffin-1.html,fordham,2019-20
3,5,21,2020-02-01,Fordham,,La Salle,REG (Conf),W 62-45,,2,0,0,,0,0,0,0,,,0,0,,0,0,0,0,0,0,0,0,0,0.0,Chloe Chaffin,https://www.sports-reference.com/cbb/players/chloe-chaffin-1.html,fordham,2019-20
4,6,29,2020-02-29,Fordham,,Saint Joseph's,REG (Conf),W 67-45,,4,0,0,,0,0,0,0,,,0,0,,0,0,0,0,0,0,1,0,0,-1.0,Chloe Chaffin,https://www.sports-reference.com/cbb/players/chloe-chaffin-1.html,fordham,2019-20
5,7,30,2020-03-03,Fordham,,Saint Joseph's,CTOURN,W 59-36,,4,0,0,,0,0,0,0,,,0,0,,0,0,0,0,1,0,0,1,0,0.6,Chloe Chaffin,https://www.sports-reference.com/cbb/players/chloe-chaffin-1.html,fordham,2019-20
