ranker,player_game_num_career,team_game_num_season,date,team_name_abbr,game_location,opp_name_abbr,game_type,game_result,is_starter,mp,fg,fga,fg_pct,fg3,fg3a,fg2,fg2a,fg2_pct,efg_pct,ft,fta,ft_pct,orb,drb,trb,ast,stl,blk,tov,pf,pts,game_score,player_name,player_sr_link,school,season
1,4,6,2019-11-24,Fordham,@,Charlotte,REG (Non-Conf),W 76-51,,0,0,0,,0,0,0,0,,,0,0,,0,0,0,0,0,0,0,0,0,0.0,Edona Thaqi,https://www.sports-reference.com/cbb/players/edona-thaqi-1.html,fordham,2019-20
2,5,10,2019-12-08,Fordham,,Georgetown,REG (Non-Conf),W 67-54,,1,0,0,,0,0,0,0,,,0,0,,0,0,0,0,0,0,0,0,0,0.0,Edona Thaqi,https://www.sports-reference.com/cbb/players/edona-thaqi-1.html,fordham,2019-20
3,6,11,2019-12-14,Fordham,,Southern,REG (Non-Conf),W 65-52,,1,0,0,,0,0,0,0,,,0,0,,0,0,0,0,0,0,0,0,0,0.0,Edona Thaqi,https://www.sports-reference.com/cbb/players/edona-thaqi-1.html,fordham,2019-20
4,7,12,2019-12-29,Fordham,,Samford,REG (Non-Conf),W 68-37,,3,0,0,,0,0,0,0,,,0,0,,0,1,1,0,0,0,0,0,0,0.3,Edona Thaqi,https://www.sports-reference.com/cbb/players/edona-thaqi-1.html,fordham,2019-20
5,8,13,2019-12-30,Fordham,,Houston,REG (Non-Conf),W 63-54,,1,0,0,,0,0,0,0,,,0,0,,0,0,0,0,0,0,0,0,0,0.0,Edona Thaqi,https://www.sports-reference.com/cbb/players/edona-thaqi-1.html,fordham,2019-20
6,9,14,2020-01-04,Fordham,,St. Bonaventure,REG (Conf),W 79-53,,4,0,2,.000,0,0,0,2,.000,.000,1,2,.500,0,0,0,0,0,0,0,0,1,-0.8,Edona Thaqi,https://www.sports-reference.com/cbb/players/edona-thaqi-1.html,fordham,2019-20
7,10,17,2020-01-19,Fordham,@,George Mason,REG (Conf),W 66-54,,1,0,0,,0,0,0,0,,,0,0,,0,0,0,0,0,0,1,0,0,-1.0,Edona Thaqi,https://www.sports-reference.com/cbb/players/edona-thaqi-1.html,fordham,2019-20
8,11,29,2020-02-29,Fordham,,Saint Joseph's,REG (Conf),W 67-45,,3,0,2,.000,0,0,0,2,.000,.000,0,0,,0,0,0,0,1,0,0,0,0,-0.4,Edona Thaqi,https://www.sports-reference.com/cbb/players/edona-thaqi-1.html,fordham,2019-20
9,12,30,2020-03-03,Fordham,,Saint Joseph's,CTOURN,W 59-36,,3,0,1,.000,0,0,0,1,.000,.000,0,0,,0,1,1,0,0,0,0,0,0,-0.4,Edona Thaqi,https://www.sports-reference.com/cbb/players/edona-thaqi-1.html,fordham,2019-20
