ranker,player_game_num_career,team_game_num_season,date,team_name_abbr,game_location,opp_name_abbr,game_type,game_result,is_starter,mp,fg,fga,fg_pct,fg3,fg3a,fg3_pct,fg2,fg2a,fg2_pct,efg_pct,ft,fta,ft_pct,orb,drb,trb,ast,stl,blk,tov,pf,pts,game_score,player_name,player_sr_link,school,season
1,35,1,2019-11-05,Fordham,,Notre Dame,REG (Non-Conf),L 55-60,*,34,3,11,.273,1,8,.125,2,3,.667,.318,0,0,,6,5,11,0,5,2,3,5,7,7.6,Kaitlyn Downey,https://www.sports-reference.com/cbb/players/kaitlyn-downey-1.html,fordham,2019-20
2,36,2,2019-11-10,Fordham,@,Columbia,REG (Non-Conf),L 51-70,*,32,8,14,.571,3,4,.750,5,10,.500,.679,0,0,,1,2,3,2,0,1,3,5,19,10.8,Kaitlyn Downey,https://www.sports-reference.com/cbb/players/kaitlyn-downey-1.html,fordham,2019-20
3,37,3,2019-11-13,Fordham,@,Penn State,REG (Non-Conf),L 59-72,,20,5,8,.625,4,6,.667,1,2,.500,.875,0,0,,0,2,2,2,2,0,1,0,14,13.4,Kaitlyn Downey,https://www.sports-reference.com/cbb/players/kaitlyn-downey-1.html,fordham,2019-20
4,38,4,2019-11-17,Fordham,,Villanova,REG (Non-Conf),L 66-73,*,28,3,10,.300,0,4,.000,3,6,.500,.300,2,2,1.000,1,3,4,2,0,0,0,4,8,3.6,Kaitlyn Downey,https://www.sports-reference.com/cbb/players/kaitlyn-downey-1.html,fordham,2019-20
5,39,5,2019-11-20,Fordham,,Northeastern,REG (Non-Conf),W 74-58,*,21,2,5,.400,1,4,.250,1,1,1.000,.500,0,0,,0,4,4,2,0,2,2,3,5,3.1,Kaitlyn Downey,https://www.sports-reference.com/cbb/players/kaitlyn-downey-1.html,fordham,2019-20
6,40,6,2019-11-24,Fordham,@,Charlotte,REG (Non-Conf),W 76-51,*,33,8,10,.800,6,8,.750,2,2,1.000,1.100,2,2,1.000,0,5,5,0,0,0,0,2,24,20.9,Kaitlyn Downey,https://www.sports-reference.com/cbb/players/kaitlyn-downey-1.html,fordham,2019-20
7,41,7,2019-11-29,Fordham,@,Arkansas,REG (Non-Conf),L 59-71,*,31,6,11,.545,1,5,.200,5,6,.833,.591,0,0,,1,4,5,1,1,1,3,3,13,7.8,Kaitlyn Downey,https://www.sports-reference.com/cbb/players/kaitlyn-downey-1.html,fordham,2019-20
8,42,8,2019-11-30,Fordham,@,Lehigh,REG (Non-Conf),W 59-57,*,32,3,9,.333,3,7,.429,0,2,.000,.500,0,0,,1,3,4,0,0,1,2,2,9,3.4,Kaitlyn Downey,https://www.sports-reference.com/cbb/players/kaitlyn-downey-1.html,fordham,2019-20
9,43,9,2019-12-05,Fordham,@,Manhattan,REG (Non-Conf),W 51-45,*,33,3,10,.300,1,4,.250,2,6,.333,.350,4,4,1.000,2,9,11,1,1,2,0,2,11,11.6,Kaitlyn Downey,https://www.sports-reference.com/cbb/players/kaitlyn-downey-1.html,fordham,2019-20
10,44,10,2019-12-08,Fordham,,Georgetown,REG (Non-Conf),W 67-54,*,27,3,8,.375,1,2,.500,2,6,.333,.438,2,3,.667,3,4,7,4,1,1,2,4,9,8.4,Kaitlyn Downey,https://www.sports-reference.com/cbb/players/kaitlyn-downey-1.html,fordham,2019-20
11,45,11,2019-12-14,Fordham,,Southern,REG (Non-Conf),W 65-52,*,29,4,9,.444,1,5,.200,3,4,.750,.500,0,0,,1,3,4,4,1,4,1,1,9,11.1,Kaitlyn Downey,https://www.sports-reference.com/cbb/players/kaitlyn-downey-1.html,fordham,2019-20
12,46,12,2019-12-29,Fordham,,Samford,REG (Non-Conf),W 68-37,*,26,4,9,.444,1,4,.250,3,5,.600,.500,0,0,,2,3,5,0,0,0,2,1,9,4.2,Kaitlyn Downey,https://www.sports-reference.com/cbb/players/kaitlyn-downey-1.html,fordham,2019-20
13,47,13,2019-12-30,Fordham,,Houston,REG (Non-Conf),W 63-54,*,31,2,11,.182,2,10,.200,0,1,.000,.273,0,0,,0,11,11,2,2,1,0,4,6,4.9,Kaitlyn Downey,https://www.sports-reference.com/cbb/players/kaitlyn-downey-1.html,fordham,2019-20
14,48,14,2020-01-04,Fordham,,St. Bonaventure,REG (Conf),W 79-53,*,26,4,6,.667,1,1,1.000,3,5,.600,.750,1,2,.500,0,2,2,2,0,0,2,2,10,6.2,Kaitlyn Downey,https://www.sports-reference.com/cbb/players/kaitlyn-downey-1.html,fordham,2019-20
15,49,15,2020-01-08,Fordham,@,Davidson,REG (Conf),L 62-74,*,28,5,10,.500,1,2,.500,4,8,.500,.550,0,0,,1,3,4,2,1,0,2,4,11,6.4,Kaitlyn Downey,https://www.sports-reference.com/cbb/players/kaitlyn-downey-1.html,fordham,2019-20
16,50,16,2020-01-12,Fordham,,George Washington,REG (Conf),W 53-47,*,32,5,10,.500,3,6,.500,2,4,.500,.650,0,0,,0,7,7,2,2,1,2,2,13,11.4,Kaitlyn Downey,https://www.sports-reference.com/cbb/players/kaitlyn-downey-1.html,fordham,2019-20
17,51,17,2020-01-19,Fordham,@,George Mason,REG (Conf),W 66-54,*,33,5,12,.417,3,9,.333,2,3,.667,.542,2,2,1.000,1,6,7,2,3,0,2,3,15,12.3,Kaitlyn Downey,https://www.sports-reference.com/cbb/players/kaitlyn-downey-1.html,fordham,2019-20
18,52,18,2020-01-23,Fordham,,Saint Louis,REG (Conf),W 66-54,*,35,4,11,.364,1,5,.200,3,6,.500,.409,4,4,1.000,0,3,3,3,0,1,0,3,13,9.4,Kaitlyn Downey,https://www.sports-reference.com/cbb/players/kaitlyn-downey-1.html,fordham,2019-20
19,53,19,2020-01-26,Fordham,@,Dayton,REG (Conf),L 44-48,*,20,1,7,.143,0,3,.000,1,4,.250,.143,1,2,.500,0,5,5,2,1,1,1,5,3,-0.3,Kaitlyn Downey,https://www.sports-reference.com/cbb/players/kaitlyn-downey-1.html,fordham,2019-20
20,54,20,2020-01-29,Fordham,@,VCU,REG (Conf),L 52-62,*,29,2,10,.200,0,4,.000,2,6,.333,.200,6,6,1.000,2,4,6,0,1,0,1,4,10,4.8,Kaitlyn Downey,https://www.sports-reference.com/cbb/players/kaitlyn-downey-1.html,fordham,2019-20
21,55,21,2020-02-01,Fordham,,La Salle,REG (Conf),W 62-45,*,28,5,10,.500,0,1,.000,5,9,.556,.500,2,2,1.000,0,5,5,4,2,0,2,3,12,10.1,Kaitlyn Downey,https://www.sports-reference.com/cbb/players/kaitlyn-downey-1.html,fordham,2019-20
22,56,22,2020-02-05,Fordham,,Rhode Island,REG (Conf),W 60-50,*,28,2,8,.250,2,6,.333,0,2,.000,.375,0,0,,0,1,1,1,3,0,2,3,6,2.0,Kaitlyn Downey,https://www.sports-reference.com/cbb/players/kaitlyn-downey-1.html,fordham,2019-20
23,57,23,2020-02-08,Fordham,@,Massachusetts,REG (Conf),W 69-64,*,28,3,6,.500,1,2,.500,2,4,.500,.583,4,4,1.000,1,8,9,3,0,0,2,4,11,9.6,Kaitlyn Downey,https://www.sports-reference.com/cbb/players/kaitlyn-downey-1.html,fordham,2019-20
24,58,24,2020-02-13,Fordham,,Davidson,REG (Conf),W 47-46,*,31,3,11,.273,0,4,.000,3,7,.429,.273,0,0,,0,8,8,4,0,1,2,2,6,2.6,Kaitlyn Downey,https://www.sports-reference.com/cbb/players/kaitlyn-downey-1.html,fordham,2019-20
25,59,25,2020-02-16,Fordham,@,Richmond,REG (Conf),W 64-47,*,22,0,4,.000,0,2,.000,0,2,.000,.000,0,0,,0,3,3,2,0,1,5,3,0,-6.0,Kaitlyn Downey,https://www.sports-reference.com/cbb/players/kaitlyn-downey-1.html,fordham,2019-20
26,60,26,2020-02-19,Fordham,@,Saint Louis,REG (Conf),L 49-59,*,35,5,13,.385,3,8,.375,2,5,.400,.500,3,3,1.000,3,7,10,2,1,0,1,1,16,14.1,Kaitlyn Downey,https://www.sports-reference.com/cbb/players/kaitlyn-downey-1.html,fordham,2019-20
27,61,27,2020-02-22,Fordham,,Dayton,REG (Conf),W 50-38,*,29,2,9,.222,0,5,.000,2,4,.500,.222,3,3,1.000,0,6,6,1,1,0,1,1,7,3.6,Kaitlyn Downey,https://www.sports-reference.com/cbb/players/kaitlyn-downey-1.html,fordham,2019-20
28,62,28,2020-02-25,Fordham,@,Duquesne,REG (Conf),L 63-74,*,23,2,10,.200,1,4,.250,1,6,.167,.250,0,0,,3,3,6,1,2,2,0,3,5,4.7,Kaitlyn Downey,https://www.sports-reference.com/cbb/players/kaitlyn-downey-1.html,fordham,2019-20
29,63,29,2020-02-29,Fordham,,Saint Joseph's,REG (Conf),W 67-45,*,24,2,7,.286,1,2,.500,1,5,.200,.357,2,2,1.000,0,5,5,8,4,0,1,1,7,12.6,Kaitlyn Downey,https://www.sports-reference.com/cbb/players/kaitlyn-downey-1.html,fordham,2019-20
30,64,30,2020-03-03,Fordham,,Saint Joseph's,CTOURN,W 59-36,*,22,0,4,.000,0,4,.000,0,0,,.000,0,0,,1,5,6,4,0,0,1,1,0,0.8,Kaitlyn Downey,https://www.sports-reference.com/cbb/players/kaitlyn-downey-1.html,fordham,2019-20
31,65,31,2020-03-06,Fordham,,Duquesne,CTOURN,W 54-47,*,32,4,11,.364,1,5,.200,3,6,.500,.409,1,2,.500,0,5,5,3,1,0,1,2,10,6.3,Kaitlyn Downey,https://www.sports-reference.com/cbb/players/kaitlyn-downey-1.html,fordham,2019-20
32,66,32,2020-03-07,Fordham,@,VCU,CTOURN,L 55-60,*,31,4,10,.400,3,6,.500,1,4,.250,.550,2,4,.500,1,7,8,2,0,1,2,3,13,8.5,Kaitlyn Downey,https://www.sports-reference.com/cbb/players/kaitlyn-downey-1.html,fordham,2019-20
