ranker,player_game_num_career,team_game_num_season,date,team_name_abbr,game_location,opp_name_abbr,game_type,game_result,is_starter,mp,fg,fga,fg_pct,fg3,fg3a,fg3_pct,fg2,fg2a,fg2_pct,efg_pct,ft,fta,ft_pct,orb,drb,trb,ast,stl,blk,tov,pf,pts,game_score,player_name,player_sr_link,school,season
1,26,1,2019-11-05,Fordham,,Notre Dame,REG (Non-Conf),L 55-60,,5,0,2,.000,0,2,.000,0,0,,.000,0,0,,0,0,0,0,0,0,0,0,0,-1.4,Katie McLoughlin,https://www.sports-reference.com/cbb/players/katie-mcloughlin-1.html,fordham,2019-20
2,27,2,2019-11-10,Fordham,@,Columbia,REG (Non-Conf),L 51-70,,5,0,0,,0,0,,0,0,,,0,0,,0,0,0,0,0,0,0,1,0,-0.4,Katie McLoughlin,https://www.sports-reference.com/cbb/players/katie-mcloughlin-1.html,fordham,2019-20
3,28,3,2019-11-13,Fordham,@,Penn State,REG (Non-Conf),L 59-72,,9,0,1,.000,0,1,.000,0,0,,.000,0,0,,2,0,2,0,2,0,0,0,0,2.7,Katie McLoughlin,https://www.sports-reference.com/cbb/players/katie-mcloughlin-1.html,fordham,2019-20
4,29,4,2019-11-17,Fordham,,Villanova,REG (Non-Conf),L 66-73,,3,0,0,,0,0,,0,0,,,0,0,,1,0,1,0,0,0,0,2,0,-0.1,Katie McLoughlin,https://www.sports-reference.com/cbb/players/katie-mcloughlin-1.html,fordham,2019-20
5,30,5,2019-11-20,Fordham,,Northeastern,REG (Non-Conf),W 74-58,,12,2,4,.500,2,3,.667,0,1,.000,.750,0,0,,0,0,0,2,2,0,0,1,6,7.0,Katie McLoughlin,https://www.sports-reference.com/cbb/players/katie-mcloughlin-1.html,fordham,2019-20
6,31,6,2019-11-24,Fordham,@,Charlotte,REG (Non-Conf),W 76-51,,21,2,3,.667,1,2,.500,1,1,1.000,.833,0,0,,3,0,3,1,1,0,2,2,5,4.7,Katie McLoughlin,https://www.sports-reference.com/cbb/players/katie-mcloughlin-1.html,fordham,2019-20
7,32,7,2019-11-29,Fordham,@,Arkansas,REG (Non-Conf),L 59-71,,1,0,0,,0,0,,0,0,,,0,0,,0,0,0,0,0,0,1,1,0,-1.4,Katie McLoughlin,https://www.sports-reference.com/cbb/players/katie-mcloughlin-1.html,fordham,2019-20
8,33,8,2019-11-30,Fordham,@,Lehigh,REG (Non-Conf),W 59-57,,1,0,0,,0,0,,0,0,,,0,0,,0,0,0,0,0,0,0,1,0,-0.4,Katie McLoughlin,https://www.sports-reference.com/cbb/players/katie-mcloughlin-1.html,fordham,2019-20
9,34,9,2019-12-05,Fordham,@,Manhattan,REG (Non-Conf),W 51-45,,3,1,1,1.000,0,0,,1,1,1.000,1.000,0,0,,1,0,1,0,0,0,0,1,2,2.0,Katie McLoughlin,https://www.sports-reference.com/cbb/players/katie-mcloughlin-1.html,fordham,2019-20
10,35,10,2019-12-08,Fordham,,Georgetown,REG (Non-Conf),W 67-54,,5,0,0,,0,0,,0,0,,,0,0,,0,0,0,0,0,0,0,0,0,0.0,Katie McLoughlin,https://www.sports-reference.com/cbb/players/katie-mcloughlin-1.html,fordham,2019-20
11,36,11,2019-12-14,Fordham,,Southern,REG (Non-Conf),W 65-52,,5,0,0,,0,0,,0,0,,,0,0,,0,1,1,0,0,0,1,0,0,-0.7,Katie McLoughlin,https://www.sports-reference.com/cbb/players/katie-mcloughlin-1.html,fordham,2019-20
12,37,12,2019-12-29,Fordham,,Samford,REG (Non-Conf),W 68-37,,9,1,2,.500,1,1,1.000,0,1,.000,.750,2,2,1.000,1,0,1,0,1,0,0,0,5,5.7,Katie McLoughlin,https://www.sports-reference.com/cbb/players/katie-mcloughlin-1.html,fordham,2019-20
13,38,13,2019-12-30,Fordham,,Houston,REG (Non-Conf),W 63-54,,1,0,0,,0,0,,0,0,,,0,0,,0,0,0,0,0,0,1,0,0,-1.0,Katie McLoughlin,https://www.sports-reference.com/cbb/players/katie-mcloughlin-1.html,fordham,2019-20
14,39,17,2020-01-19,Fordham,@,George Mason,REG (Conf),W 66-54,,1,0,0,,0,0,,0,0,,,0,0,,0,0,0,0,0,0,0,0,0,0.0,Katie McLoughlin,https://www.sports-reference.com/cbb/players/katie-mcloughlin-1.html,fordham,2019-20
15,40,19,2020-01-26,Fordham,@,Dayton,REG (Conf),L 44-48,,1,0,1,.000,0,1,.000,0,0,,.000,0,0,,0,0,0,0,1,0,0,0,0,0.3,Katie McLoughlin,https://www.sports-reference.com/cbb/players/katie-mcloughlin-1.html,fordham,2019-20
16,41,20,2020-01-29,Fordham,@,VCU,REG (Conf),L 52-62,,2,0,0,,0,0,,0,0,,,0,0,,1,0,1,0,0,0,0,0,0,0.7,Katie McLoughlin,https://www.sports-reference.com/cbb/players/katie-mcloughlin-1.html,fordham,2019-20
17,42,21,2020-02-01,Fordham,,La Salle,REG (Conf),W 62-45,,2,0,0,,0,0,,0,0,,,0,0,,1,0,1,0,0,0,0,0,0,0.7,Katie McLoughlin,https://www.sports-reference.com/cbb/players/katie-mcloughlin-1.html,fordham,2019-20
18,43,23,2020-02-08,Fordham,@,Massachusetts,REG (Conf),W 69-64,,1,0,0,,0,0,,0,0,,,1,2,.500,0,0,0,0,1,0,0,2,1,0.8,Katie McLoughlin,https://www.sports-reference.com/cbb/players/katie-mcloughlin-1.html,fordham,2019-20
19,44,26,2020-02-19,Fordham,@,Saint Louis,REG (Conf),L 49-59,,2,0,0,,0,0,,0,0,,,0,0,,0,0,0,0,0,0,0,0,0,0.0,Katie McLoughlin,https://www.sports-reference.com/cbb/players/katie-mcloughlin-1.html,fordham,2019-20
20,45,28,2020-02-25,Fordham,@,Duquesne,REG (Conf),L 63-74,,4,0,0,,0,0,,0,0,,,0,0,,0,0,0,1,0,0,0,1,0,0.3,Katie McLoughlin,https://www.sports-reference.com/cbb/players/katie-mcloughlin-1.html,fordham,2019-20
21,46,29,2020-02-29,Fordham,,Saint Joseph's,REG (Conf),W 67-45,,6,0,1,.000,0,1,.000,0,0,,.000,0,0,,0,0,0,1,1,0,0,0,0,1.0,Katie McLoughlin,https://www.sports-reference.com/cbb/players/katie-mcloughlin-1.html,fordham,2019-20
22,47,30,2020-03-03,Fordham,,Saint Joseph's,CTOURN,W 59-36,,7,0,0,,0,0,,0,0,,,0,0,,0,1,1,0,0,0,1,1,0,-1.1,Katie McLoughlin,https://www.sports-reference.com/cbb/players/katie-mcloughlin-1.html,fordham,2019-20
23,48,32,2020-03-07,Fordham,@,VCU,CTOURN,L 55-60,,0,0,0,,0,0,,0,0,,,0,0,,0,0,0,0,0,0,0,0,0,0.0,Katie McLoughlin,https://www.sports-reference.com/cbb/players/katie-mcloughlin-1.html,fordham,2019-20
