ranker,player_game_num_career,team_game_num_season,date,team_name_abbr,game_location,opp_name_abbr,game_type,game_result,is_starter,mp,fg,fga,fg_pct,fg3,fg3a,fg3_pct,fg2,fg2a,fg2_pct,efg_pct,ft,fta,ft_pct,orb,drb,trb,ast,stl,blk,tov,pf,pts,game_score,player_name,player_sr_link,school,season
1,68,1,2019-11-05,Fordham,,Notre Dame,REG (Non-Conf),L 55-60,*,27,5,10,.500,4,7,.571,1,3,.333,.700,0,0,,0,9,9,0,0,1,6,4,14,4.8,Kendell Heremaia,https://www.sports-reference.com/cbb/players/kendell-heremaia-1.html,fordham,2019-20
2,69,2,2019-11-10,Fordham,@,Columbia,REG (Non-Conf),L 51-70,*,34,5,11,.455,1,5,.200,4,6,.667,.500,2,2,1.000,0,4,4,1,1,1,3,3,13,6.7,Kendell Heremaia,https://www.sports-reference.com/cbb/players/kendell-heremaia-1.html,fordham,2019-20
3,70,3,2019-11-13,Fordham,@,Penn State,REG (Non-Conf),L 59-72,*,34,7,17,.412,5,11,.455,2,6,.333,.559,0,0,,3,3,6,3,0,0,4,3,19,9.8,Kendell Heremaia,https://www.sports-reference.com/cbb/players/kendell-heremaia-1.html,fordham,2019-20
4,71,4,2019-11-17,Fordham,,Villanova,REG (Non-Conf),L 66-73,*,33,5,10,.500,2,6,.333,3,4,.750,.600,1,2,.500,0,7,7,2,1,0,4,5,13,6.1,Kendell Heremaia,https://www.sports-reference.com/cbb/players/kendell-heremaia-1.html,fordham,2019-20
5,72,5,2019-11-20,Fordham,,Northeastern,REG (Non-Conf),W 74-58,*,29,0,3,.000,0,2,.000,0,1,.000,.000,5,6,.833,1,5,6,5,3,1,6,3,5,4.7,Kendell Heremaia,https://www.sports-reference.com/cbb/players/kendell-heremaia-1.html,fordham,2019-20
6,73,6,2019-11-24,Fordham,@,Charlotte,REG (Non-Conf),W 76-51,*,32,2,5,.400,2,3,.667,0,2,.000,.600,2,2,1.000,2,12,14,6,0,0,1,2,8,12.7,Kendell Heremaia,https://www.sports-reference.com/cbb/players/kendell-heremaia-1.html,fordham,2019-20
7,74,7,2019-11-29,Fordham,@,Arkansas,REG (Non-Conf),L 59-71,*,28,2,6,.333,0,1,.000,2,5,.400,.333,0,0,,0,5,5,2,0,0,3,3,4,-0.7,Kendell Heremaia,https://www.sports-reference.com/cbb/players/kendell-heremaia-1.html,fordham,2019-20
8,75,8,2019-11-30,Fordham,@,Lehigh,REG (Non-Conf),W 59-57,*,27,7,12,.583,3,6,.500,4,6,.667,.708,2,2,1.000,1,12,13,4,0,1,4,3,19,16.0,Kendell Heremaia,https://www.sports-reference.com/cbb/players/kendell-heremaia-1.html,fordham,2019-20
9,76,9,2019-12-05,Fordham,@,Manhattan,REG (Non-Conf),W 51-45,*,29,2,12,.167,0,2,.000,2,10,.200,.167,0,0,,3,7,10,1,0,0,1,2,4,-0.5,Kendell Heremaia,https://www.sports-reference.com/cbb/players/kendell-heremaia-1.html,fordham,2019-20
10,77,10,2019-12-08,Fordham,,Georgetown,REG (Non-Conf),W 67-54,*,32,3,12,.250,2,8,.250,1,4,.250,.333,2,2,1.000,2,7,9,4,2,0,2,1,10,8.7,Kendell Heremaia,https://www.sports-reference.com/cbb/players/kendell-heremaia-1.html,fordham,2019-20
11,78,11,2019-12-14,Fordham,,Southern,REG (Non-Conf),W 65-52,*,36,8,12,.667,4,6,.667,4,6,.667,.833,4,4,1.000,1,7,8,2,2,1,3,3,24,21.5,Kendell Heremaia,https://www.sports-reference.com/cbb/players/kendell-heremaia-1.html,fordham,2019-20
12,79,12,2019-12-29,Fordham,,Samford,REG (Non-Conf),W 68-37,*,30,8,14,.571,5,8,.625,3,6,.500,.750,0,0,,2,9,11,8,0,0,4,2,21,19.3,Kendell Heremaia,https://www.sports-reference.com/cbb/players/kendell-heremaia-1.html,fordham,2019-20
13,80,13,2019-12-30,Fordham,,Houston,REG (Non-Conf),W 63-54,*,31,4,15,.267,2,7,.286,2,8,.250,.333,2,2,1.000,3,4,7,6,1,1,3,2,12,8.5,Kendell Heremaia,https://www.sports-reference.com/cbb/players/kendell-heremaia-1.html,fordham,2019-20
14,81,14,2020-01-04,Fordham,,St. Bonaventure,REG (Conf),W 79-53,*,29,7,14,.500,2,3,.667,5,11,.455,.571,0,0,,3,8,11,5,2,1,3,1,16,16.3,Kendell Heremaia,https://www.sports-reference.com/cbb/players/kendell-heremaia-1.html,fordham,2019-20
15,82,15,2020-01-08,Fordham,@,Davidson,REG (Conf),L 62-74,*,33,6,19,.316,0,5,.000,6,14,.429,.316,2,4,.500,1,10,11,0,3,1,1,1,14,8.3,Kendell Heremaia,https://www.sports-reference.com/cbb/players/kendell-heremaia-1.html,fordham,2019-20
16,83,16,2020-01-12,Fordham,,George Washington,REG (Conf),W 53-47,*,29,5,14,.357,2,8,.250,3,6,.500,.429,2,2,1.000,1,5,6,1,4,0,6,3,14,5.9,Kendell Heremaia,https://www.sports-reference.com/cbb/players/kendell-heremaia-1.html,fordham,2019-20
17,84,17,2020-01-19,Fordham,@,George Mason,REG (Conf),W 66-54,*,30,3,11,.273,2,6,.333,1,5,.200,.364,0,0,,0,5,5,7,1,1,2,0,8,7.6,Kendell Heremaia,https://www.sports-reference.com/cbb/players/kendell-heremaia-1.html,fordham,2019-20
18,85,18,2020-01-23,Fordham,,Saint Louis,REG (Conf),W 66-54,*,29,2,5,.400,1,3,.333,1,2,.500,.500,0,0,,3,5,8,3,3,0,4,3,5,5.8,Kendell Heremaia,https://www.sports-reference.com/cbb/players/kendell-heremaia-1.html,fordham,2019-20
19,86,19,2020-01-26,Fordham,@,Dayton,REG (Conf),L 44-48,*,33,2,13,.154,1,8,.125,1,5,.200,.192,0,0,,1,13,14,3,2,0,6,4,5,-2.2,Kendell Heremaia,https://www.sports-reference.com/cbb/players/kendell-heremaia-1.html,fordham,2019-20
20,87,20,2020-01-29,Fordham,@,VCU,REG (Conf),L 52-62,*,35,5,13,.385,0,3,.000,5,10,.500,.385,1,1,1.000,0,3,3,1,6,0,4,1,11,7.1,Kendell Heremaia,https://www.sports-reference.com/cbb/players/kendell-heremaia-1.html,fordham,2019-20
21,88,21,2020-02-01,Fordham,,La Salle,REG (Conf),W 62-45,*,31,5,10,.500,2,3,.667,3,7,.429,.600,1,1,1.000,0,9,9,2,1,1,4,3,13,8.6,Kendell Heremaia,https://www.sports-reference.com/cbb/players/kendell-heremaia-1.html,fordham,2019-20
22,89,22,2020-02-05,Fordham,,Rhode Island,REG (Conf),W 60-50,*,39,4,11,.364,2,8,.250,2,3,.667,.455,0,0,,0,8,8,1,2,0,3,0,10,6.0,Kendell Heremaia,https://www.sports-reference.com/cbb/players/kendell-heremaia-1.html,fordham,2019-20
23,90,23,2020-02-08,Fordham,@,Massachusetts,REG (Conf),W 69-64,*,36,5,9,.556,2,3,.667,3,6,.500,.667,5,6,.833,0,2,2,4,1,0,2,4,17,13.1,Kendell Heremaia,https://www.sports-reference.com/cbb/players/kendell-heremaia-1.html,fordham,2019-20
24,91,24,2020-02-13,Fordham,,Davidson,REG (Conf),W 47-46,*,19,2,7,.286,0,1,.000,2,6,.333,.286,1,2,.500,0,7,7,1,1,0,1,3,5,2.1,Kendell Heremaia,https://www.sports-reference.com/cbb/players/kendell-heremaia-1.html,fordham,2019-20
25,92,25,2020-02-16,Fordham,@,Richmond,REG (Conf),W 64-47,*,37,12,17,.706,5,9,.556,7,8,.875,.853,0,0,,1,9,10,3,1,3,2,3,29,27.3,Kendell Heremaia,https://www.sports-reference.com/cbb/players/kendell-heremaia-1.html,fordham,2019-20
26,93,26,2020-02-19,Fordham,@,Saint Louis,REG (Conf),L 49-59,*,28,1,7,.143,1,5,.200,0,2,.000,.214,1,2,.500,0,6,6,3,2,1,6,5,4,-2.3,Kendell Heremaia,https://www.sports-reference.com/cbb/players/kendell-heremaia-1.html,fordham,2019-20
27,94,27,2020-02-22,Fordham,,Dayton,REG (Conf),W 50-38,*,38,7,15,.467,3,6,.500,4,9,.444,.567,0,0,,2,5,7,2,0,0,2,3,17,10.4,Kendell Heremaia,https://www.sports-reference.com/cbb/players/kendell-heremaia-1.html,fordham,2019-20
28,95,28,2020-02-25,Fordham,@,Duquesne,REG (Conf),L 63-74,*,37,4,23,.174,2,7,.286,2,16,.125,.217,0,0,,3,7,10,2,2,0,3,1,10,-0.3,Kendell Heremaia,https://www.sports-reference.com/cbb/players/kendell-heremaia-1.html,fordham,2019-20
29,96,29,2020-02-29,Fordham,,Saint Joseph's,REG (Conf),W 67-45,*,25,3,9,.333,0,1,.000,3,8,.375,.333,0,0,,1,1,2,1,3,0,1,1,6,4.2,Kendell Heremaia,https://www.sports-reference.com/cbb/players/kendell-heremaia-1.html,fordham,2019-20
30,97,30,2020-03-03,Fordham,,Saint Joseph's,CTOURN,W 59-36,*,26,6,14,.429,1,4,.250,5,10,.500,.464,2,2,1.000,0,8,8,0,0,3,2,3,15,8.9,Kendell Heremaia,https://www.sports-reference.com/cbb/players/kendell-heremaia-1.html,fordham,2019-20
31,98,31,2020-03-06,Fordham,,Duquesne,CTOURN,W 54-47,*,34,3,12,.250,0,5,.000,3,7,.429,.250,0,0,,0,6,6,3,0,1,1,4,6,0.8,Kendell Heremaia,https://www.sports-reference.com/cbb/players/kendell-heremaia-1.html,fordham,2019-20
32,99,32,2020-03-07,Fordham,@,VCU,CTOURN,L 55-60,*,33,2,6,.333,1,3,.333,1,3,.333,.417,0,0,,1,7,8,1,2,1,1,5,5,4.8,Kendell Heremaia,https://www.sports-reference.com/cbb/players/kendell-heremaia-1.html,fordham,2019-20
