ranker,player_game_num_career,team_game_num_season,date,team_name_abbr,game_location,opp_name_abbr,game_type,game_result,is_starter,mp,fg,fga,fg_pct,fg3,fg3a,fg2,fg2a,fg2_pct,efg_pct,ft,fta,ft_pct,orb,drb,trb,ast,stl,blk,tov,pf,pts,game_score,player_name,player_sr_link,school,season
1,16,1,2019-11-05,Fordham,,Notre Dame,REG (Non-Conf),L 55-60,*,13,1,1,1.000,0,0,1,1,1.000,1.000,0,0,,0,0,0,0,1,0,1,4,2,0.1,Vilisi Tavui,https://www.sports-reference.com/cbb/players/vilisi-tavui-1.html,fordham,2019-20
2,17,2,2019-11-10,Fordham,@,Columbia,REG (Non-Conf),L 51-70,*,14,0,2,.000,0,0,0,2,.000,.000,0,0,,0,1,1,0,0,0,0,2,0,-1.9,Vilisi Tavui,https://www.sports-reference.com/cbb/players/vilisi-tavui-1.html,fordham,2019-20
3,18,3,2019-11-13,Fordham,@,Penn State,REG (Non-Conf),L 59-72,*,9,0,1,.000,0,0,0,1,.000,.000,0,0,,0,0,0,0,0,0,0,1,0,-1.1,Vilisi Tavui,https://www.sports-reference.com/cbb/players/vilisi-tavui-1.html,fordham,2019-20
4,19,5,2019-11-20,Fordham,,Northeastern,REG (Non-Conf),W 74-58,,7,3,3,1.000,0,0,3,3,1.000,1.000,0,1,.000,0,1,1,0,0,0,1,2,6,3.2,Vilisi Tavui,https://www.sports-reference.com/cbb/players/vilisi-tavui-1.html,fordham,2019-20
5,20,6,2019-11-24,Fordham,@,Charlotte,REG (Non-Conf),W 76-51,,4,0,0,,0,0,0,0,,,0,0,,0,0,0,0,0,1,1,1,0,-0.7,Vilisi Tavui,https://www.sports-reference.com/cbb/players/vilisi-tavui-1.html,fordham,2019-20
6,21,7,2019-11-29,Fordham,@,Arkansas,REG (Non-Conf),L 59-71,,1,1,1,1.000,0,0,1,1,1.000,1.000,0,0,,0,0,0,0,0,0,0,0,2,1.7,Vilisi Tavui,https://www.sports-reference.com/cbb/players/vilisi-tavui-1.html,fordham,2019-20
7,22,8,2019-11-30,Fordham,@,Lehigh,REG (Non-Conf),W 59-57,,1,0,0,,0,0,0,0,,,0,0,,0,0,0,0,0,0,0,1,0,-0.4,Vilisi Tavui,https://www.sports-reference.com/cbb/players/vilisi-tavui-1.html,fordham,2019-20
8,23,10,2019-12-08,Fordham,,Georgetown,REG (Non-Conf),W 67-54,,2,0,1,.000,0,0,0,1,.000,.000,0,0,,0,1,1,0,0,0,0,0,0,-0.4,Vilisi Tavui,https://www.sports-reference.com/cbb/players/vilisi-tavui-1.html,fordham,2019-20
9,24,11,2019-12-14,Fordham,,Southern,REG (Non-Conf),W 65-52,,2,0,0,,0,0,0,0,,,0,0,,0,1,1,0,0,0,0,0,0,0.3,Vilisi Tavui,https://www.sports-reference.com/cbb/players/vilisi-tavui-1.html,fordham,2019-20
10,25,12,2019-12-29,Fordham,,Samford,REG (Non-Conf),W 68-37,,11,0,2,.000,0,0,0,2,.000,.000,0,2,.000,0,1,1,0,0,0,1,3,0,-4.1,Vilisi Tavui,https://www.sports-reference.com/cbb/players/vilisi-tavui-1.html,fordham,2019-20
11,26,13,2019-12-30,Fordham,,Houston,REG (Non-Conf),W 63-54,,1,0,0,,0,0,0,0,,,0,0,,0,0,0,0,0,0,0,0,0,0.0,Vilisi Tavui,https://www.sports-reference.com/cbb/players/vilisi-tavui-1.html,fordham,2019-20
12,27,14,2020-01-04,Fordham,,St. Bonaventure,REG (Conf),W 79-53,,4,1,2,.500,0,0,1,2,.500,.500,0,0,,1,1,2,0,0,0,1,0,2,1.0,Vilisi Tavui,https://www.sports-reference.com/cbb/players/vilisi-tavui-1.html,fordham,2019-20
13,28,16,2020-01-12,Fordham,,George Washington,REG (Conf),W 53-47,,2,0,0,,0,0,0,0,,,0,0,,0,2,2,0,0,0,0,0,0,0.6,Vilisi Tavui,https://www.sports-reference.com/cbb/players/vilisi-tavui-1.html,fordham,2019-20
14,29,17,2020-01-19,Fordham,@,George Mason,REG (Conf),W 66-54,,13,2,3,.667,0,0,2,3,.667,.667,0,0,,1,5,6,1,0,0,0,2,4,4.8,Vilisi Tavui,https://www.sports-reference.com/cbb/players/vilisi-tavui-1.html,fordham,2019-20
15,30,18,2020-01-23,Fordham,,Saint Louis,REG (Conf),W 66-54,,13,1,1,1.000,0,0,1,1,1.000,1.000,1,2,.500,2,4,6,0,0,0,3,2,3,1.1,Vilisi Tavui,https://www.sports-reference.com/cbb/players/vilisi-tavui-1.html,fordham,2019-20
16,31,19,2020-01-26,Fordham,@,Dayton,REG (Conf),L 44-48,,7,0,1,.000,0,0,0,1,.000,.000,0,0,,2,0,2,0,0,0,1,1,0,-0.7,Vilisi Tavui,https://www.sports-reference.com/cbb/players/vilisi-tavui-1.html,fordham,2019-20
17,32,20,2020-01-29,Fordham,@,VCU,REG (Conf),L 52-62,,5,0,0,,0,0,0,0,,,0,0,,0,1,1,0,0,0,0,1,0,-0.1,Vilisi Tavui,https://www.sports-reference.com/cbb/players/vilisi-tavui-1.html,fordham,2019-20
18,33,21,2020-02-01,Fordham,,La Salle,REG (Conf),W 62-45,,8,1,2,.500,0,0,1,2,.500,.500,0,0,,0,0,0,0,0,0,1,3,2,-1.2,Vilisi Tavui,https://www.sports-reference.com/cbb/players/vilisi-tavui-1.html,fordham,2019-20
19,34,22,2020-02-05,Fordham,,Rhode Island,REG (Conf),W 60-50,,12,1,2,.500,0,0,1,2,.500,.500,0,0,,1,2,3,1,0,0,1,1,2,1.6,Vilisi Tavui,https://www.sports-reference.com/cbb/players/vilisi-tavui-1.html,fordham,2019-20
20,35,23,2020-02-08,Fordham,@,Massachusetts,REG (Conf),W 69-64,,9,1,2,.500,0,0,1,2,.500,.500,0,0,,0,2,2,0,0,0,0,0,2,1.6,Vilisi Tavui,https://www.sports-reference.com/cbb/players/vilisi-tavui-1.html,fordham,2019-20
21,36,24,2020-02-13,Fordham,,Davidson,REG (Conf),W 47-46,,26,2,4,.500,0,0,2,4,.500,.500,0,2,.000,2,3,5,1,0,0,0,0,4,4.2,Vilisi Tavui,https://www.sports-reference.com/cbb/players/vilisi-tavui-1.html,fordham,2019-20
22,37,25,2020-02-16,Fordham,@,Richmond,REG (Conf),W 64-47,,8,0,3,.000,0,0,0,3,.000,.000,0,0,,2,0,2,0,0,0,0,0,0,-0.7,Vilisi Tavui,https://www.sports-reference.com/cbb/players/vilisi-tavui-1.html,fordham,2019-20
23,38,26,2020-02-19,Fordham,@,Saint Louis,REG (Conf),L 49-59,,6,0,1,.000,0,0,0,1,.000,.000,0,0,,0,1,1,0,0,0,0,1,0,-0.8,Vilisi Tavui,https://www.sports-reference.com/cbb/players/vilisi-tavui-1.html,fordham,2019-20
24,39,28,2020-02-25,Fordham,@,Duquesne,REG (Conf),L 63-74,,15,1,2,.500,0,0,1,2,.500,.500,0,0,,1,2,3,1,1,1,0,4,2,3.1,Vilisi Tavui,https://www.sports-reference.com/cbb/players/vilisi-tavui-1.html,fordham,2019-20
25,40,29,2020-02-29,Fordham,,Saint Joseph's,REG (Conf),W 67-45,,3,0,0,,0,0,0,0,,,0,0,,0,0,0,0,0,0,0,2,0,-0.8,Vilisi Tavui,https://www.sports-reference.com/cbb/players/vilisi-tavui-1.html,fordham,2019-20
26,41,30,2020-03-03,Fordham,,Saint Joseph's,CTOURN,W 59-36,,7,0,1,.000,0,0,0,1,.000,.000,0,0,,0,0,0,1,0,0,1,0,0,-1.0,Vilisi Tavui,https://www.sports-reference.com/cbb/players/vilisi-tavui-1.html,fordham,2019-20
27,42,31,2020-03-06,Fordham,,Duquesne,CTOURN,W 54-47,,5,0,0,,0,0,0,0,,,0,0,,0,2,2,0,0,0,0,1,0,0.2,Vilisi Tavui,https://www.sports-reference.com/cbb/players/vilisi-tavui-1.html,fordham,2019-20
28,43,32,2020-03-07,Fordham,@,VCU,CTOURN,L 55-60,,4,0,0,,0,0,0,0,,,1,2,.500,1,0,1,0,0,0,0,0,1,1.3,Vilisi Tavui,https://www.sports-reference.com/cbb/players/vilisi-tavui-1.html,fordham,2019-20
