ranker,player_game_num_career,team_game_num_season,date,team_name_abbr,game_location,opp_name_abbr,game_type,game_result,is_starter,mp,fg,fga,fg_pct,fg3,fg3a,fg3_pct,fg2,fg2a,fg2_pct,efg_pct,ft,fta,ft_pct,orb,drb,trb,ast,stl,blk,tov,pf,pts,game_score,player_name,player_sr_link,school,season
1,69,1,2019-11-05,Fordham,,Notre Dame,REG (Non-Conf),L 55-60,,4,0,0,,0,0,,0,0,,,0,0,,0,0,0,0,0,0,0,0,0,0.0,Zara Jillings,https://www.sports-reference.com/cbb/players/zara-jillings-1.html,fordham,2019-20
2,70,2,2019-11-10,Fordham,@,Columbia,REG (Non-Conf),L 51-70,,4,0,0,,0,0,,0,0,,,0,0,,0,0,0,0,0,0,0,0,0,0.0,Zara Jillings,https://www.sports-reference.com/cbb/players/zara-jillings-1.html,fordham,2019-20
3,71,3,2019-11-13,Fordham,@,Penn State,REG (Non-Conf),L 59-72,,5,0,0,,0,0,,0,0,,,0,0,,0,0,0,0,0,0,0,1,0,-0.4,Zara Jillings,https://www.sports-reference.com/cbb/players/zara-jillings-1.html,fordham,2019-20
4,72,4,2019-11-17,Fordham,,Villanova,REG (Non-Conf),L 66-73,,8,0,1,.000,0,0,,0,1,.000,.000,0,0,,1,2,3,1,0,0,2,1,0,-1.1,Zara Jillings,https://www.sports-reference.com/cbb/players/zara-jillings-1.html,fordham,2019-20
5,73,5,2019-11-20,Fordham,,Northeastern,REG (Non-Conf),W 74-58,,1,0,0,,0,0,,0,0,,,0,0,,0,0,0,0,0,0,0,0,0,0.0,Zara Jillings,https://www.sports-reference.com/cbb/players/zara-jillings-1.html,fordham,2019-20
6,74,6,2019-11-24,Fordham,@,Charlotte,REG (Non-Conf),W 76-51,,6,0,0,,0,0,,0,0,,,0,0,,0,2,2,1,0,0,0,0,0,1.3,Zara Jillings,https://www.sports-reference.com/cbb/players/zara-jillings-1.html,fordham,2019-20
7,75,7,2019-11-29,Fordham,@,Arkansas,REG (Non-Conf),L 59-71,,11,0,0,,0,0,,0,0,,,3,4,.750,1,1,2,1,0,0,1,2,3,2.5,Zara Jillings,https://www.sports-reference.com/cbb/players/zara-jillings-1.html,fordham,2019-20
8,76,8,2019-11-30,Fordham,@,Lehigh,REG (Non-Conf),W 59-57,,15,2,3,.667,0,0,,2,3,.667,.667,0,0,,0,4,4,0,1,0,1,0,4,3.9,Zara Jillings,https://www.sports-reference.com/cbb/players/zara-jillings-1.html,fordham,2019-20
9,77,9,2019-12-05,Fordham,@,Manhattan,REG (Non-Conf),W 51-45,,9,0,0,,0,0,,0,0,,,0,0,,0,0,0,2,0,0,2,0,0,-0.6,Zara Jillings,https://www.sports-reference.com/cbb/players/zara-jillings-1.html,fordham,2019-20
10,78,10,2019-12-08,Fordham,,Georgetown,REG (Non-Conf),W 67-54,,8,0,0,,0,0,,0,0,,,0,0,,0,0,0,0,0,0,1,1,0,-1.4,Zara Jillings,https://www.sports-reference.com/cbb/players/zara-jillings-1.html,fordham,2019-20
11,79,11,2019-12-14,Fordham,,Southern,REG (Non-Conf),W 65-52,,8,0,2,.000,0,2,.000,0,0,,.000,0,0,,2,0,2,0,0,0,1,1,0,-1.4,Zara Jillings,https://www.sports-reference.com/cbb/players/zara-jillings-1.html,fordham,2019-20
12,80,12,2019-12-29,Fordham,,Samford,REG (Non-Conf),W 68-37,,14,1,2,.500,1,2,.500,0,0,,.750,0,0,,3,2,5,1,1,0,0,0,3,6.4,Zara Jillings,https://www.sports-reference.com/cbb/players/zara-jillings-1.html,fordham,2019-20
13,81,13,2019-12-30,Fordham,,Houston,REG (Non-Conf),W 63-54,,13,0,1,.000,0,1,.000,0,0,,.000,0,0,,0,2,2,0,1,1,0,0,0,1.6,Zara Jillings,https://www.sports-reference.com/cbb/players/zara-jillings-1.html,fordham,2019-20
14,82,14,2020-01-04,Fordham,,St. Bonaventure,REG (Conf),W 79-53,,7,0,0,,0,0,,0,0,,,0,0,,0,2,2,1,0,0,0,0,0,1.3,Zara Jillings,https://www.sports-reference.com/cbb/players/zara-jillings-1.html,fordham,2019-20
15,83,15,2020-01-08,Fordham,@,Davidson,REG (Conf),L 62-74,*,16,0,1,.000,0,0,,0,1,.000,.000,0,0,,1,1,2,0,0,0,0,0,0,0.3,Zara Jillings,https://www.sports-reference.com/cbb/players/zara-jillings-1.html,fordham,2019-20
16,84,16,2020-01-12,Fordham,,George Washington,REG (Conf),W 53-47,,6,0,1,.000,0,1,.000,0,0,,.000,0,0,,0,1,1,3,0,0,0,0,0,1.7,Zara Jillings,https://www.sports-reference.com/cbb/players/zara-jillings-1.html,fordham,2019-20
17,85,17,2020-01-19,Fordham,@,George Mason,REG (Conf),W 66-54,,14,1,1,1.000,0,0,,1,1,1.000,1.000,0,0,,2,1,3,1,2,1,1,1,2,5.4,Zara Jillings,https://www.sports-reference.com/cbb/players/zara-jillings-1.html,fordham,2019-20
18,86,18,2020-01-23,Fordham,,Saint Louis,REG (Conf),W 66-54,,4,0,0,,0,0,,0,0,,,0,0,,0,0,0,0,0,0,0,1,0,-0.4,Zara Jillings,https://www.sports-reference.com/cbb/players/zara-jillings-1.html,fordham,2019-20
19,87,19,2020-01-26,Fordham,@,Dayton,REG (Conf),L 44-48,,8,0,0,,0,0,,0,0,,,0,0,,0,0,0,0,0,0,0,1,0,-0.4,Zara Jillings,https://www.sports-reference.com/cbb/players/zara-jillings-1.html,fordham,2019-20
20,88,20,2020-01-29,Fordham,@,VCU,REG (Conf),L 52-62,,18,0,2,.000,0,1,.000,0,1,.000,.000,0,0,,1,3,4,0,0,0,0,0,0,0.2,Zara Jillings,https://www.sports-reference.com/cbb/players/zara-jillings-1.html,fordham,2019-20
21,89,21,2020-02-01,Fordham,,La Salle,REG (Conf),W 62-45,,12,0,0,,0,0,,0,0,,,0,0,,2,2,4,0,0,0,2,2,0,-0.8,Zara Jillings,https://www.sports-reference.com/cbb/players/zara-jillings-1.html,fordham,2019-20
22,90,22,2020-02-05,Fordham,,Rhode Island,REG (Conf),W 60-50,,20,3,3,1.000,1,1,1.000,2,2,1.000,1.167,0,0,,2,3,5,1,0,1,1,2,7,8.0,Zara Jillings,https://www.sports-reference.com/cbb/players/zara-jillings-1.html,fordham,2019-20
23,91,23,2020-02-08,Fordham,@,Massachusetts,REG (Conf),W 69-64,,11,1,1,1.000,0,0,,1,1,1.000,1.000,0,0,,0,2,2,0,0,0,0,1,2,1.9,Zara Jillings,https://www.sports-reference.com/cbb/players/zara-jillings-1.html,fordham,2019-20
24,92,24,2020-02-13,Fordham,,Davidson,REG (Conf),W 47-46,,6,0,0,,0,0,,0,0,,,0,0,,0,0,0,1,0,0,0,0,0,0.7,Zara Jillings,https://www.sports-reference.com/cbb/players/zara-jillings-1.html,fordham,2019-20
25,93,25,2020-02-16,Fordham,@,Richmond,REG (Conf),W 64-47,,3,0,0,,0,0,,0,0,,,0,0,,0,0,0,0,0,0,0,1,0,-0.4,Zara Jillings,https://www.sports-reference.com/cbb/players/zara-jillings-1.html,fordham,2019-20
26,94,26,2020-02-19,Fordham,@,Saint Louis,REG (Conf),L 49-59,,3,0,0,,0,0,,0,0,,,0,0,,0,0,0,0,0,0,0,0,0,0.0,Zara Jillings,https://www.sports-reference.com/cbb/players/zara-jillings-1.html,fordham,2019-20
27,95,27,2020-02-22,Fordham,,Dayton,REG (Conf),W 50-38,,16,0,0,,0,0,,0,0,,,0,0,,1,2,3,0,0,0,0,3,0,0.1,Zara Jillings,https://www.sports-reference.com/cbb/players/zara-jillings-1.html,fordham,2019-20
28,96,28,2020-02-25,Fordham,@,Duquesne,REG (Conf),L 63-74,,5,0,1,.000,0,0,,0,1,.000,.000,0,0,,0,0,0,0,0,0,0,2,0,-1.5,Zara Jillings,https://www.sports-reference.com/cbb/players/zara-jillings-1.html,fordham,2019-20
29,97,29,2020-02-29,Fordham,,Saint Joseph's,REG (Conf),W 67-45,,14,0,1,.000,0,1,.000,0,0,,.000,0,0,,0,0,0,0,1,0,0,1,0,-0.1,Zara Jillings,https://www.sports-reference.com/cbb/players/zara-jillings-1.html,fordham,2019-20
30,98,30,2020-03-03,Fordham,,Saint Joseph's,CTOURN,W 59-36,,13,1,1,1.000,1,1,1.000,0,0,,1.500,2,2,1.000,2,1,3,0,0,1,0,0,5,7.1,Zara Jillings,https://www.sports-reference.com/cbb/players/zara-jillings-1.html,fordham,2019-20
31,99,31,2020-03-06,Fordham,,Duquesne,CTOURN,W 54-47,,9,0,0,,0,0,,0,0,,,0,0,,1,0,1,1,1,0,0,0,0,2.4,Zara Jillings,https://www.sports-reference.com/cbb/players/zara-jillings-1.html,fordham,2019-20
32,100,32,2020-03-07,Fordham,@,VCU,CTOURN,L 55-60,,12,0,0,,0,0,,0,0,,,1,2,.500,0,4,4,0,0,0,1,2,1,0.0,Zara Jillings,https://www.sports-reference.com/cbb/players/zara-jillings-1.html,fordham,2019-20
