ranker,player_game_num_career,team_game_num_season,date,team_name_abbr,game_location,opp_name_abbr,game_type,game_result,is_starter,mp,fg,fga,fg_pct,fg3,fg3a,fg2,fg2a,fg2_pct,efg_pct,ft,fta,orb,drb,trb,ast,stl,blk,tov,pf,pts,game_score,player_name,player_sr_link,school,season
1,8,1,2018-11-07,Gonzaga,,Montana,REG (Non-Conf),W 76-52,,3,0,0,,0,0,0,0,,,0,0,0,0,0,0,0,0,0,1,0,-0.4,Gillian Barfield,https://www.sports-reference.com/cbb/players/gillian-barfield-1.html,gonzaga,2018-19
2,9,3,2018-11-13,Gonzaga,,Idaho State,REG (Non-Conf),W 70-51,,0,0,0,,0,0,0,0,,,0,0,0,0,0,0,0,0,0,0,0,0.0,Gillian Barfield,https://www.sports-reference.com/cbb/players/gillian-barfield-1.html,gonzaga,2018-19
3,10,5,2018-11-22,Gonzaga,@,Notre Dame,REG (Non-Conf),L 65-81,,1,0,0,,0,0,0,0,,,0,0,0,0,0,0,0,0,0,0,0,0.0,Gillian Barfield,https://www.sports-reference.com/cbb/players/gillian-barfield-1.html,gonzaga,2018-19
4,11,6,2018-11-23,Gonzaga,,Rutgers,REG (Non-Conf),W 57-40,,1,0,0,,0,0,0,0,,,0,0,0,1,1,0,0,0,0,0,0,0.3,Gillian Barfield,https://www.sports-reference.com/cbb/players/gillian-barfield-1.html,gonzaga,2018-19
5,12,7,2018-11-24,Gonzaga,,Western Kentucky,REG (Non-Conf),W 76-55,,3,1,2,.500,0,0,1,2,.500,.500,0,0,0,2,2,0,0,0,1,0,2,0.6,Gillian Barfield,https://www.sports-reference.com/cbb/players/gillian-barfield-1.html,gonzaga,2018-19
6,13,10,2018-12-09,Gonzaga,,Washington State,REG (Non-Conf),W 76-53,,1,0,0,,0,0,0,0,,,0,0,0,0,0,0,0,0,0,0,0,0.0,Gillian Barfield,https://www.sports-reference.com/cbb/players/gillian-barfield-1.html,gonzaga,2018-19
7,14,12,2018-12-20,Gonzaga,,Idaho,REG (Non-Conf),W 88-51,,2,0,1,.000,0,0,0,1,.000,.000,0,0,0,0,0,0,0,0,1,0,0,-1.7,Gillian Barfield,https://www.sports-reference.com/cbb/players/gillian-barfield-1.html,gonzaga,2018-19
8,15,13,2018-12-29,Gonzaga,@,Loyola Marymount,REG (Conf),W 78-53,,2,0,0,,0,0,0,0,,,0,0,0,0,0,0,0,0,0,0,0,0.0,Gillian Barfield,https://www.sports-reference.com/cbb/players/gillian-barfield-1.html,gonzaga,2018-19
9,16,14,2018-12-31,Gonzaga,@,Pepperdine,REG (Conf),W 79-54,,1,0,0,,0,0,0,0,,,0,0,1,0,1,0,0,0,0,0,0,0.7,Gillian Barfield,https://www.sports-reference.com/cbb/players/gillian-barfield-1.html,gonzaga,2018-19
10,17,16,2019-01-05,Gonzaga,,Pacific,REG (Conf),W 88-65,,2,0,2,.000,0,0,0,2,.000,.000,0,0,0,0,0,1,0,0,0,0,0,-0.7,Gillian Barfield,https://www.sports-reference.com/cbb/players/gillian-barfield-1.html,gonzaga,2018-19
11,18,17,2019-01-12,Gonzaga,,Portland,REG (Conf),W 97-71,,2,0,1,.000,0,0,0,1,.000,.000,0,0,0,0,0,0,0,0,1,1,0,-2.1,Gillian Barfield,https://www.sports-reference.com/cbb/players/gillian-barfield-1.html,gonzaga,2018-19
12,19,19,2019-01-19,Gonzaga,@,San Diego,REG (Conf),W 86-61,,1,0,0,,0,0,0,0,,,0,0,0,0,0,0,0,0,0,0,0,0.0,Gillian Barfield,https://www.sports-reference.com/cbb/players/gillian-barfield-1.html,gonzaga,2018-19
13,20,24,2019-02-09,Gonzaga,@,Portland,REG (Conf),W 93-62,,1,0,0,,0,0,0,0,,,0,0,0,0,0,0,0,0,0,1,0,-0.4,Gillian Barfield,https://www.sports-reference.com/cbb/players/gillian-barfield-1.html,gonzaga,2018-19
14,21,25,2019-02-14,Gonzaga,,San Diego,REG (Conf),W 71-44,,3,0,0,,0,0,0,0,,,0,0,0,0,0,0,0,0,0,1,0,-0.4,Gillian Barfield,https://www.sports-reference.com/cbb/players/gillian-barfield-1.html,gonzaga,2018-19
15,22,27,2019-02-21,Gonzaga,@,Santa Clara,REG (Conf),W 74-61,,1,0,1,.000,0,0,0,1,.000,.000,0,0,0,0,0,0,0,0,0,1,0,-1.1,Gillian Barfield,https://www.sports-reference.com/cbb/players/gillian-barfield-1.html,gonzaga,2018-19
16,23,28,2019-02-23,Gonzaga,@,San Francisco,REG (Conf),W 64-44,,1,0,0,,0,0,0,0,,,0,0,0,0,0,0,0,0,0,0,0,0.0,Gillian Barfield,https://www.sports-reference.com/cbb/players/gillian-barfield-1.html,gonzaga,2018-19
17,24,29,2019-02-28,Gonzaga,,Pepperdine,REG (Conf),W 83-60,,1,0,0,,0,0,0,0,,,0,0,0,0,0,0,0,0,0,0,0,0.0,Gillian Barfield,https://www.sports-reference.com/cbb/players/gillian-barfield-1.html,gonzaga,2018-19
18,25,33,2019-03-23,Gonzaga,,Little Rock,ROUND-64,W 68-51,,0,0,0,,0,0,0,0,,,0,0,0,0,0,0,0,0,0,0,0,0.0,Gillian Barfield,https://www.sports-reference.com/cbb/players/gillian-barfield-1.html,gonzaga,2018-19
