ranker,player_game_num_career,team_game_num_season,date,team_name_abbr,game_location,opp_name_abbr,game_type,game_result,is_starter,mp,fg,fga,fg_pct,fg3,fg3a,fg2,fg2a,fg2_pct,efg_pct,ft,fta,ft_pct,orb,drb,trb,ast,stl,blk,tov,pf,pts,game_score,player_name,player_sr_link,school,season
1,34,8,2018-11-28,Gonzaga,,Colorado State,REG (Non-Conf),W 50-39,,12,1,3,.333,0,0,1,3,.333,.333,0,0,,2,2,4,0,0,0,0,1,2,1.9,Jenn Wirth,https://www.sports-reference.com/cbb/players/jenn-wirth-1.html,gonzaga,2018-19
2,35,9,2018-12-02,Gonzaga,,Stanford,REG (Non-Conf),W 79-73,,18,3,3,1.000,0,0,3,3,1.000,1.000,2,3,.667,3,3,6,0,1,0,1,0,8,9.7,Jenn Wirth,https://www.sports-reference.com/cbb/players/jenn-wirth-1.html,gonzaga,2018-19
3,36,10,2018-12-09,Gonzaga,,Washington State,REG (Non-Conf),W 76-53,,21,3,4,.750,0,0,3,4,.750,.750,2,2,1.000,2,0,2,2,0,1,1,0,8,8.9,Jenn Wirth,https://www.sports-reference.com/cbb/players/jenn-wirth-1.html,gonzaga,2018-19
4,37,11,2018-12-16,Gonzaga,@,Missouri State,REG (Non-Conf),W 70-67,,22,5,8,.625,0,0,5,8,.625,.625,4,7,.571,2,1,3,0,1,0,1,2,14,10.1,Jenn Wirth,https://www.sports-reference.com/cbb/players/jenn-wirth-1.html,gonzaga,2018-19
5,38,12,2018-12-20,Gonzaga,,Idaho,REG (Non-Conf),W 88-51,,20,4,8,.500,0,0,4,8,.500,.500,4,6,.667,5,5,10,0,0,4,2,3,12,11.8,Jenn Wirth,https://www.sports-reference.com/cbb/players/jenn-wirth-1.html,gonzaga,2018-19
6,39,13,2018-12-29,Gonzaga,@,Loyola Marymount,REG (Conf),W 78-53,,16,5,8,.625,0,0,5,8,.625,.625,0,0,,1,3,4,0,1,0,2,1,10,6.6,Jenn Wirth,https://www.sports-reference.com/cbb/players/jenn-wirth-1.html,gonzaga,2018-19
7,40,14,2018-12-31,Gonzaga,@,Pepperdine,REG (Conf),W 79-54,,17,3,6,.500,0,0,3,6,.500,.500,3,5,.600,1,2,3,0,0,1,1,2,9,5.4,Jenn Wirth,https://www.sports-reference.com/cbb/players/jenn-wirth-1.html,gonzaga,2018-19
8,41,15,2019-01-03,Gonzaga,,St. Mary's (CA),REG (Conf),W 74-62,,20,2,4,.500,0,0,2,4,.500,.500,0,0,,0,3,3,1,0,2,2,3,4,1.8,Jenn Wirth,https://www.sports-reference.com/cbb/players/jenn-wirth-1.html,gonzaga,2018-19
9,42,16,2019-01-05,Gonzaga,,Pacific,REG (Conf),W 88-65,,24,6,7,.857,0,0,6,7,.857,.857,4,4,1.000,1,6,7,0,1,0,3,4,16,12.4,Jenn Wirth,https://www.sports-reference.com/cbb/players/jenn-wirth-1.html,gonzaga,2018-19
10,43,17,2019-01-12,Gonzaga,,Portland,REG (Conf),W 97-71,,13,2,5,.400,0,0,2,5,.400,.400,1,3,.333,3,2,5,2,1,1,1,3,5,5.1,Jenn Wirth,https://www.sports-reference.com/cbb/players/jenn-wirth-1.html,gonzaga,2018-19
11,44,18,2019-01-17,Gonzaga,@,Brigham Young,REG (Conf),L 68-70,,25,4,6,.667,0,0,4,6,.667,.667,0,1,.000,0,6,6,1,0,1,2,3,8,5.0,Jenn Wirth,https://www.sports-reference.com/cbb/players/jenn-wirth-1.html,gonzaga,2018-19
12,45,19,2019-01-19,Gonzaga,@,San Diego,REG (Conf),W 86-61,,26,5,8,.625,0,0,5,8,.625,.625,3,3,1.000,2,8,10,1,0,0,0,0,13,13.9,Jenn Wirth,https://www.sports-reference.com/cbb/players/jenn-wirth-1.html,gonzaga,2018-19
13,46,20,2019-01-24,Gonzaga,,San Francisco,REG (Conf),W 78-51,,21,3,4,.750,0,0,3,4,.750,.750,0,0,,3,5,8,1,0,1,1,0,6,8.4,Jenn Wirth,https://www.sports-reference.com/cbb/players/jenn-wirth-1.html,gonzaga,2018-19
14,47,21,2019-01-26,Gonzaga,,Santa Clara,REG (Conf),W 78-61,,23,5,9,.556,0,0,5,9,.556,.556,0,0,,1,1,2,1,2,1,1,2,10,8.3,Jenn Wirth,https://www.sports-reference.com/cbb/players/jenn-wirth-1.html,gonzaga,2018-19
15,48,22,2019-01-31,Gonzaga,@,Pacific,REG (Conf),W 63-51,,20,3,6,.500,0,0,3,6,.500,.500,1,1,1.000,1,1,2,0,0,0,1,1,7,3.6,Jenn Wirth,https://www.sports-reference.com/cbb/players/jenn-wirth-1.html,gonzaga,2018-19
16,49,23,2019-02-02,Gonzaga,@,St. Mary's (CA),REG (Conf),W 66-52,,24,6,11,.545,0,0,6,11,.545,.545,2,2,1.000,2,5,7,0,1,1,2,1,14,10.9,Jenn Wirth,https://www.sports-reference.com/cbb/players/jenn-wirth-1.html,gonzaga,2018-19
17,50,24,2019-02-09,Gonzaga,@,Portland,REG (Conf),W 93-62,,20,2,4,.500,0,0,2,4,.500,.500,2,2,1.000,2,3,5,2,0,0,1,3,6,5.5,Jenn Wirth,https://www.sports-reference.com/cbb/players/jenn-wirth-1.html,gonzaga,2018-19
18,51,25,2019-02-14,Gonzaga,,San Diego,REG (Conf),W 71-44,,17,2,7,.286,0,0,2,7,.286,.286,1,2,.500,1,8,9,2,1,1,3,2,5,2.9,Jenn Wirth,https://www.sports-reference.com/cbb/players/jenn-wirth-1.html,gonzaga,2018-19
19,52,26,2019-02-16,Gonzaga,,Brigham Young,REG (Conf),L 64-66,,25,4,7,.571,0,0,4,7,.571,.571,0,4,.000,2,4,6,0,0,0,2,1,8,3.3,Jenn Wirth,https://www.sports-reference.com/cbb/players/jenn-wirth-1.html,gonzaga,2018-19
20,53,27,2019-02-21,Gonzaga,@,Santa Clara,REG (Conf),W 74-61,,22,5,9,.556,0,0,5,9,.556,.556,2,3,.667,3,5,8,1,0,0,1,2,12,9.8,Jenn Wirth,https://www.sports-reference.com/cbb/players/jenn-wirth-1.html,gonzaga,2018-19
21,54,28,2019-02-23,Gonzaga,@,San Francisco,REG (Conf),W 64-44,,19,1,5,.200,0,0,1,5,.200,.200,0,0,,1,2,3,0,0,1,2,2,2,-1.9,Jenn Wirth,https://www.sports-reference.com/cbb/players/jenn-wirth-1.html,gonzaga,2018-19
22,55,29,2019-02-28,Gonzaga,,Pepperdine,REG (Conf),W 83-60,,22,4,6,.667,0,0,4,6,.667,.667,0,0,,0,8,8,0,0,0,2,0,8,5.8,Jenn Wirth,https://www.sports-reference.com/cbb/players/jenn-wirth-1.html,gonzaga,2018-19
23,56,30,2019-03-02,Gonzaga,,Loyola Marymount,REG (Conf),W 68-58,,23,1,3,.333,0,0,1,3,.333,.333,0,0,,2,1,3,1,1,2,2,1,2,2.7,Jenn Wirth,https://www.sports-reference.com/cbb/players/jenn-wirth-1.html,gonzaga,2018-19
24,57,31,2019-03-11,Gonzaga,,St. Mary's (CA),CTOURN,W 78-77 (2OT),,29,5,9,.556,0,0,5,9,.556,.556,0,0,,2,2,4,2,2,2,1,2,10,10.7,Jenn Wirth,https://www.sports-reference.com/cbb/players/jenn-wirth-1.html,gonzaga,2018-19
25,58,32,2019-03-12,Gonzaga,,Brigham Young,CTOURN,L 68-82,,23,2,5,.400,0,0,2,5,.400,.400,6,6,1.000,0,5,5,1,0,1,1,5,10,7.2,Jenn Wirth,https://www.sports-reference.com/cbb/players/jenn-wirth-1.html,gonzaga,2018-19
26,59,33,2019-03-23,Gonzaga,,Little Rock,ROUND-64,W 68-51,,15,2,4,.500,0,0,2,4,.500,.500,2,2,1.000,1,3,4,1,0,0,3,4,6,1.7,Jenn Wirth,https://www.sports-reference.com/cbb/players/jenn-wirth-1.html,gonzaga,2018-19
27,60,34,2019-03-25,Gonzaga,@,Oregon State,ROUND-32,L 70-76,,25,3,10,.300,0,0,3,10,.300,.300,2,4,.500,3,4,7,1,0,0,1,1,8,4.0,Jenn Wirth,https://www.sports-reference.com/cbb/players/jenn-wirth-1.html,gonzaga,2018-19
