ranker,player_game_num_career,team_game_num_season,date,team_name_abbr,game_location,opp_name_abbr,game_type,game_result,is_starter,mp,fg,fga,fg_pct,fg3,fg3a,fg3_pct,fg2,fg2a,fg2_pct,efg_pct,ft,fta,ft_pct,orb,drb,trb,ast,stl,blk,tov,pf,pts,game_score,player_name,player_sr_link,school,season
1,34,1,2018-11-07,Gonzaga,,Montana,REG (Non-Conf),W 76-52,,24,5,12,.417,2,3,.667,3,9,.333,.500,2,2,1.000,1,5,6,1,3,1,1,1,14,12.8,Jill Townsend,https://www.sports-reference.com/cbb/players/jill-townsend-1.html,gonzaga,2018-19
2,35,2,2018-11-11,Gonzaga,@,Eastern Washington,REG (Non-Conf),W 63-51,,19,4,10,.400,1,2,.500,3,8,.375,.450,1,2,.500,4,6,10,0,0,0,0,4,10,7.2,Jill Townsend,https://www.sports-reference.com/cbb/players/jill-townsend-1.html,gonzaga,2018-19
3,36,3,2018-11-13,Gonzaga,,Idaho State,REG (Non-Conf),W 70-51,,19,3,6,.500,0,0,,3,6,.500,.500,3,3,1.000,3,4,7,0,2,0,4,4,9,5.7,Jill Townsend,https://www.sports-reference.com/cbb/players/jill-townsend-1.html,gonzaga,2018-19
4,37,4,2018-11-17,Gonzaga,@,UNLV,REG (Non-Conf),W 70-59,,19,5,8,.625,1,3,.333,4,5,.800,.688,0,0,,1,0,1,1,2,0,0,3,11,9.6,Jill Townsend,https://www.sports-reference.com/cbb/players/jill-townsend-1.html,gonzaga,2018-19
5,38,5,2018-11-22,Gonzaga,@,Notre Dame,REG (Non-Conf),L 65-81,,24,1,4,.250,0,0,,1,4,.250,.250,2,2,1.000,2,5,7,0,0,2,0,3,4,4.7,Jill Townsend,https://www.sports-reference.com/cbb/players/jill-townsend-1.html,gonzaga,2018-19
6,39,6,2018-11-23,Gonzaga,,Rutgers,REG (Non-Conf),W 57-40,,17,1,4,.250,0,0,,1,4,.250,.250,3,4,.750,2,0,2,1,0,0,0,4,5,2.7,Jill Townsend,https://www.sports-reference.com/cbb/players/jill-townsend-1.html,gonzaga,2018-19
7,40,7,2018-11-24,Gonzaga,,Western Kentucky,REG (Non-Conf),W 76-55,,21,4,6,.667,0,0,,4,6,.667,.667,0,2,.000,4,2,6,1,0,1,1,3,8,7.2,Jill Townsend,https://www.sports-reference.com/cbb/players/jill-townsend-1.html,gonzaga,2018-19
8,41,8,2018-11-28,Gonzaga,,Colorado State,REG (Non-Conf),W 50-39,,18,1,2,.500,0,1,.000,1,1,1.000,.500,2,2,1.000,0,3,3,1,1,0,1,0,4,4.6,Jill Townsend,https://www.sports-reference.com/cbb/players/jill-townsend-1.html,gonzaga,2018-19
9,42,9,2018-12-02,Gonzaga,,Stanford,REG (Non-Conf),W 79-73,,24,5,6,.833,2,3,.667,3,3,1.000,1.000,3,4,.750,1,2,3,2,0,0,3,3,15,10.9,Jill Townsend,https://www.sports-reference.com/cbb/players/jill-townsend-1.html,gonzaga,2018-19
10,43,10,2018-12-09,Gonzaga,,Washington State,REG (Non-Conf),W 76-53,,24,6,8,.750,0,0,,6,8,.750,.750,1,1,1.000,3,2,5,2,1,0,1,1,13,13.5,Jill Townsend,https://www.sports-reference.com/cbb/players/jill-townsend-1.html,gonzaga,2018-19
11,44,11,2018-12-16,Gonzaga,@,Missouri State,REG (Non-Conf),W 70-67,,20,2,5,.400,0,0,,2,5,.400,.400,2,2,1.000,2,3,5,2,1,0,1,1,6,6.6,Jill Townsend,https://www.sports-reference.com/cbb/players/jill-townsend-1.html,gonzaga,2018-19
12,45,12,2018-12-20,Gonzaga,,Idaho,REG (Non-Conf),W 88-51,,23,2,4,.500,1,2,.500,1,2,.500,.625,0,0,,3,5,8,5,1,0,0,0,5,11.1,Jill Townsend,https://www.sports-reference.com/cbb/players/jill-townsend-1.html,gonzaga,2018-19
13,46,13,2018-12-29,Gonzaga,@,Loyola Marymount,REG (Conf),W 78-53,,22,3,5,.600,0,0,,3,5,.600,.600,3,3,1.000,2,3,5,1,1,0,2,1,9,8.3,Jill Townsend,https://www.sports-reference.com/cbb/players/jill-townsend-1.html,gonzaga,2018-19
14,47,14,2018-12-31,Gonzaga,@,Pepperdine,REG (Conf),W 79-54,,25,4,7,.571,1,1,1.000,3,6,.500,.643,0,0,,1,6,7,0,0,0,1,1,9,6.8,Jill Townsend,https://www.sports-reference.com/cbb/players/jill-townsend-1.html,gonzaga,2018-19
15,48,15,2019-01-03,Gonzaga,,St. Mary's (CA),REG (Conf),W 74-62,,22,4,7,.571,1,1,1.000,3,6,.500,.643,1,2,.500,2,4,6,1,2,0,2,3,10,8.4,Jill Townsend,https://www.sports-reference.com/cbb/players/jill-townsend-1.html,gonzaga,2018-19
16,49,16,2019-01-05,Gonzaga,,Pacific,REG (Conf),W 88-65,,24,5,9,.556,1,4,.250,4,5,.800,.611,2,4,.500,0,2,2,2,1,0,1,1,13,9.5,Jill Townsend,https://www.sports-reference.com/cbb/players/jill-townsend-1.html,gonzaga,2018-19
17,50,17,2019-01-12,Gonzaga,,Portland,REG (Conf),W 97-71,,18,5,8,.625,1,3,.333,4,5,.800,.688,0,2,.000,1,3,4,2,1,0,0,5,11,8.6,Jill Townsend,https://www.sports-reference.com/cbb/players/jill-townsend-1.html,gonzaga,2018-19
18,51,18,2019-01-17,Gonzaga,@,Brigham Young,REG (Conf),L 68-70,,20,2,3,.667,0,0,,2,3,.667,.667,5,6,.833,3,1,4,2,2,0,1,1,9,11.7,Jill Townsend,https://www.sports-reference.com/cbb/players/jill-townsend-1.html,gonzaga,2018-19
19,52,19,2019-01-19,Gonzaga,@,San Diego,REG (Conf),W 86-61,,21,3,5,.600,1,2,.500,2,3,.667,.700,0,0,,3,1,4,2,1,0,1,1,7,8.1,Jill Townsend,https://www.sports-reference.com/cbb/players/jill-townsend-1.html,gonzaga,2018-19
20,53,20,2019-01-24,Gonzaga,,San Francisco,REG (Conf),W 78-51,,28,4,9,.444,0,1,.000,4,8,.500,.444,1,4,.250,1,4,5,2,1,0,1,1,9,6.0,Jill Townsend,https://www.sports-reference.com/cbb/players/jill-townsend-1.html,gonzaga,2018-19
21,54,21,2019-01-26,Gonzaga,,Santa Clara,REG (Conf),W 78-61,,23,4,7,.571,4,6,.667,0,1,.000,.857,2,2,1.000,3,2,5,1,1,0,3,1,14,11.7,Jill Townsend,https://www.sports-reference.com/cbb/players/jill-townsend-1.html,gonzaga,2018-19
22,55,22,2019-01-31,Gonzaga,@,Pacific,REG (Conf),W 63-51,,27,2,9,.222,0,4,.000,2,5,.400,.222,0,0,,3,3,6,1,0,0,0,0,4,2.2,Jill Townsend,https://www.sports-reference.com/cbb/players/jill-townsend-1.html,gonzaga,2018-19
23,56,23,2019-02-02,Gonzaga,@,St. Mary's (CA),REG (Conf),W 66-52,,20,5,8,.625,0,2,.000,5,6,.833,.625,2,2,1.000,1,2,3,0,1,0,0,0,12,10.7,Jill Townsend,https://www.sports-reference.com/cbb/players/jill-townsend-1.html,gonzaga,2018-19
24,57,24,2019-02-09,Gonzaga,@,Portland,REG (Conf),W 93-62,,16,6,8,.750,0,2,.000,6,6,1.000,.750,0,0,,0,3,3,2,1,0,3,3,12,7.9,Jill Townsend,https://www.sports-reference.com/cbb/players/jill-townsend-1.html,gonzaga,2018-19
25,58,25,2019-02-14,Gonzaga,,San Diego,REG (Conf),W 71-44,,22,2,3,.667,1,2,.500,1,1,1.000,.833,2,4,.500,2,3,5,2,0,0,1,4,7,6.0,Jill Townsend,https://www.sports-reference.com/cbb/players/jill-townsend-1.html,gonzaga,2018-19
26,59,26,2019-02-16,Gonzaga,,Brigham Young,REG (Conf),L 64-66,,23,4,10,.400,1,1,1.000,3,9,.333,.450,3,4,.750,6,0,6,0,2,0,1,3,12,10.2,Jill Townsend,https://www.sports-reference.com/cbb/players/jill-townsend-1.html,gonzaga,2018-19
27,60,27,2019-02-21,Gonzaga,@,Santa Clara,REG (Conf),W 74-61,,21,2,7,.286,0,1,.000,2,6,.333,.286,0,0,,3,1,4,1,1,0,1,0,4,3.0,Jill Townsend,https://www.sports-reference.com/cbb/players/jill-townsend-1.html,gonzaga,2018-19
28,61,28,2019-02-23,Gonzaga,@,San Francisco,REG (Conf),W 64-44,,23,4,7,.571,0,1,.000,4,6,.667,.571,2,2,1.000,1,5,6,1,1,0,1,2,10,8.8,Jill Townsend,https://www.sports-reference.com/cbb/players/jill-townsend-1.html,gonzaga,2018-19
29,62,29,2019-02-28,Gonzaga,,Pepperdine,REG (Conf),W 83-60,,17,3,5,.600,1,1,1.000,2,4,.500,.700,1,2,.500,1,1,2,1,1,0,0,2,8,7.2,Jill Townsend,https://www.sports-reference.com/cbb/players/jill-townsend-1.html,gonzaga,2018-19
30,63,30,2019-03-02,Gonzaga,,Loyola Marymount,REG (Conf),W 68-58,,22,2,8,.250,2,3,.667,0,5,.000,.375,2,2,1.000,0,1,1,0,1,0,1,1,8,3.1,Jill Townsend,https://www.sports-reference.com/cbb/players/jill-townsend-1.html,gonzaga,2018-19
31,64,31,2019-03-11,Gonzaga,,St. Mary's (CA),CTOURN,W 78-77 (2OT),,26,6,11,.545,2,3,.667,4,8,.500,.636,5,5,1.000,3,3,6,0,1,0,1,2,19,15.9,Jill Townsend,https://www.sports-reference.com/cbb/players/jill-townsend-1.html,gonzaga,2018-19
