ranker,player_game_num_career,team_game_num_season,date,team_name_abbr,game_location,opp_name_abbr,game_type,game_result,is_starter,mp,fg,fga,fg_pct,fg3,fg3a,fg3_pct,fg2,fg2a,fg2_pct,efg_pct,ft,fta,ft_pct,orb,drb,trb,ast,stl,blk,tov,pf,pts,game_score,player_name,player_sr_link,school,season
1,30,1,2018-11-07,Gonzaga,,Montana,REG (Non-Conf),W 76-52,,23,5,8,.625,3,4,.750,2,4,.500,.813,0,0,,0,2,2,1,4,1,1,1,13,14.0,Katie Campbell,https://www.sports-reference.com/cbb/players/katie-campbell-1.html,gonzaga,2018-19
2,31,2,2018-11-11,Gonzaga,@,Eastern Washington,REG (Non-Conf),W 63-51,,20,1,6,.167,0,3,.000,1,3,.333,.167,2,2,1.000,0,1,1,1,3,0,0,1,4,3.8,Katie Campbell,https://www.sports-reference.com/cbb/players/katie-campbell-1.html,gonzaga,2018-19
3,32,3,2018-11-13,Gonzaga,,Idaho State,REG (Non-Conf),W 70-51,,17,5,9,.556,2,3,.667,3,6,.500,.667,2,2,1.000,2,1,3,1,1,0,1,0,14,12.1,Katie Campbell,https://www.sports-reference.com/cbb/players/katie-campbell-1.html,gonzaga,2018-19
4,33,4,2018-11-17,Gonzaga,@,UNLV,REG (Non-Conf),W 70-59,,19,4,7,.571,2,5,.400,2,2,1.000,.714,0,0,,0,1,1,0,1,0,0,3,10,6.8,Katie Campbell,https://www.sports-reference.com/cbb/players/katie-campbell-1.html,gonzaga,2018-19
5,34,5,2018-11-22,Gonzaga,@,Notre Dame,REG (Non-Conf),L 65-81,,21,1,5,.200,1,3,.333,0,2,.000,.300,0,0,,0,0,0,1,0,0,0,2,3,-0.2,Katie Campbell,https://www.sports-reference.com/cbb/players/katie-campbell-1.html,gonzaga,2018-19
6,35,6,2018-11-23,Gonzaga,,Rutgers,REG (Non-Conf),W 57-40,,23,2,3,.667,2,2,1.000,0,1,.000,1.000,2,2,1.000,0,5,5,0,1,0,3,0,8,6.2,Katie Campbell,https://www.sports-reference.com/cbb/players/katie-campbell-1.html,gonzaga,2018-19
7,36,7,2018-11-24,Gonzaga,,Western Kentucky,REG (Non-Conf),W 76-55,,20,4,8,.500,4,7,.571,0,1,.000,.750,0,0,,0,1,1,1,2,0,1,4,12,8.4,Katie Campbell,https://www.sports-reference.com/cbb/players/katie-campbell-1.html,gonzaga,2018-19
8,37,8,2018-11-28,Gonzaga,,Colorado State,REG (Non-Conf),W 50-39,,19,3,7,.429,3,7,.429,0,0,,.643,0,0,,0,1,1,0,0,0,0,1,9,5.2,Katie Campbell,https://www.sports-reference.com/cbb/players/katie-campbell-1.html,gonzaga,2018-19
9,38,9,2018-12-02,Gonzaga,,Stanford,REG (Non-Conf),W 79-73,*,30,5,6,.833,5,6,.833,0,0,,1.250,0,0,,1,6,7,1,2,0,1,1,15,16.6,Katie Campbell,https://www.sports-reference.com/cbb/players/katie-campbell-1.html,gonzaga,2018-19
10,39,10,2018-12-09,Gonzaga,,Washington State,REG (Non-Conf),W 76-53,*,24,3,7,.429,1,2,.500,2,5,.400,.500,4,4,1.000,0,4,4,2,1,0,0,2,11,10.1,Katie Campbell,https://www.sports-reference.com/cbb/players/katie-campbell-1.html,gonzaga,2018-19
11,40,11,2018-12-16,Gonzaga,@,Missouri State,REG (Non-Conf),W 70-67,*,23,1,5,.200,1,3,.333,0,2,.000,.300,0,0,,0,1,1,2,1,0,0,4,3,1.0,Katie Campbell,https://www.sports-reference.com/cbb/players/katie-campbell-1.html,gonzaga,2018-19
12,41,12,2018-12-20,Gonzaga,,Idaho,REG (Non-Conf),W 88-51,*,20,3,8,.375,2,4,.500,1,4,.250,.500,2,2,1.000,1,1,2,0,4,0,0,2,10,9.8,Katie Campbell,https://www.sports-reference.com/cbb/players/katie-campbell-1.html,gonzaga,2018-19
13,42,13,2018-12-29,Gonzaga,@,Loyola Marymount,REG (Conf),W 78-53,*,25,3,8,.375,2,5,.400,1,3,.333,.500,2,2,1.000,0,4,4,2,2,1,3,3,10,6.7,Katie Campbell,https://www.sports-reference.com/cbb/players/katie-campbell-1.html,gonzaga,2018-19
14,43,14,2018-12-31,Gonzaga,@,Pepperdine,REG (Conf),W 79-54,*,20,2,6,.333,2,6,.333,0,0,,.500,0,0,,1,1,2,0,0,0,0,0,6,3.6,Katie Campbell,https://www.sports-reference.com/cbb/players/katie-campbell-1.html,gonzaga,2018-19
15,44,15,2019-01-03,Gonzaga,,St. Mary's (CA),REG (Conf),W 74-62,*,22,2,6,.333,1,5,.200,1,1,1.000,.417,0,0,,1,5,6,1,1,0,5,0,5,0.5,Katie Campbell,https://www.sports-reference.com/cbb/players/katie-campbell-1.html,gonzaga,2018-19
16,45,16,2019-01-05,Gonzaga,,Pacific,REG (Conf),W 88-65,*,22,2,3,.667,2,2,1.000,0,1,.000,1.000,4,4,1.000,2,2,4,0,2,0,1,1,10,11.3,Katie Campbell,https://www.sports-reference.com/cbb/players/katie-campbell-1.html,gonzaga,2018-19
17,46,17,2019-01-12,Gonzaga,,Portland,REG (Conf),W 97-71,*,22,1,4,.250,1,4,.250,0,0,,.375,1,2,.500,1,6,7,3,1,0,1,3,4,4.6,Katie Campbell,https://www.sports-reference.com/cbb/players/katie-campbell-1.html,gonzaga,2018-19
18,47,18,2019-01-17,Gonzaga,@,Brigham Young,REG (Conf),L 68-70,*,23,3,7,.429,3,5,.600,0,2,.000,.643,0,0,,0,1,1,2,1,0,0,1,9,7.6,Katie Campbell,https://www.sports-reference.com/cbb/players/katie-campbell-1.html,gonzaga,2018-19
19,48,19,2019-01-19,Gonzaga,@,San Diego,REG (Conf),W 86-61,*,21,6,9,.667,5,7,.714,1,2,.500,.944,0,0,,0,3,3,0,3,0,1,2,17,15.2,Katie Campbell,https://www.sports-reference.com/cbb/players/katie-campbell-1.html,gonzaga,2018-19
20,49,20,2019-01-24,Gonzaga,,San Francisco,REG (Conf),W 78-51,*,22,4,7,.571,2,5,.400,2,2,1.000,.714,2,2,1.000,0,1,1,2,2,0,3,3,12,8.2,Katie Campbell,https://www.sports-reference.com/cbb/players/katie-campbell-1.html,gonzaga,2018-19
21,50,21,2019-01-26,Gonzaga,,Santa Clara,REG (Conf),W 78-61,*,19,2,7,.286,1,6,.167,1,1,1.000,.357,4,6,.667,1,4,5,1,0,0,0,2,9,5.9,Katie Campbell,https://www.sports-reference.com/cbb/players/katie-campbell-1.html,gonzaga,2018-19
22,51,22,2019-01-31,Gonzaga,@,Pacific,REG (Conf),W 63-51,*,13,0,2,.000,0,2,.000,0,0,,.000,0,0,,0,0,0,0,1,0,0,2,0,-1.2,Katie Campbell,https://www.sports-reference.com/cbb/players/katie-campbell-1.html,gonzaga,2018-19
23,52,23,2019-02-02,Gonzaga,@,St. Mary's (CA),REG (Conf),W 66-52,*,25,3,7,.429,3,5,.600,0,2,.000,.643,1,2,.500,0,1,1,3,0,0,1,1,10,6.9,Katie Campbell,https://www.sports-reference.com/cbb/players/katie-campbell-1.html,gonzaga,2018-19
24,53,24,2019-02-09,Gonzaga,@,Portland,REG (Conf),W 93-62,*,24,3,6,.500,1,3,.333,2,3,.667,.583,4,4,1.000,0,3,3,2,4,0,0,3,11,13.1,Katie Campbell,https://www.sports-reference.com/cbb/players/katie-campbell-1.html,gonzaga,2018-19
25,54,25,2019-02-14,Gonzaga,,San Diego,REG (Conf),W 71-44,*,16,2,4,.500,1,3,.333,1,1,1.000,.625,0,0,,1,1,2,2,0,0,3,2,5,1.6,Katie Campbell,https://www.sports-reference.com/cbb/players/katie-campbell-1.html,gonzaga,2018-19
26,55,26,2019-02-16,Gonzaga,,Brigham Young,REG (Conf),L 64-66,*,19,0,1,.000,0,1,.000,0,0,,.000,0,0,,0,1,1,0,2,0,0,0,0,1.6,Katie Campbell,https://www.sports-reference.com/cbb/players/katie-campbell-1.html,gonzaga,2018-19
27,56,27,2019-02-21,Gonzaga,@,Santa Clara,REG (Conf),W 74-61,*,20,3,5,.600,2,4,.500,1,1,1.000,.800,0,0,,0,1,1,1,1,0,0,1,8,7.3,Katie Campbell,https://www.sports-reference.com/cbb/players/katie-campbell-1.html,gonzaga,2018-19
28,57,28,2019-02-23,Gonzaga,@,San Francisco,REG (Conf),W 64-44,*,15,1,2,.500,0,1,.000,1,1,1.000,.500,0,0,,0,0,0,1,1,1,0,4,2,1.8,Katie Campbell,https://www.sports-reference.com/cbb/players/katie-campbell-1.html,gonzaga,2018-19
29,58,29,2019-02-28,Gonzaga,,Pepperdine,REG (Conf),W 83-60,*,18,2,4,.500,1,3,.333,1,1,1.000,.625,0,0,,0,2,2,4,1,0,1,4,5,4.8,Katie Campbell,https://www.sports-reference.com/cbb/players/katie-campbell-1.html,gonzaga,2018-19
30,59,30,2019-03-02,Gonzaga,,Loyola Marymount,REG (Conf),W 68-58,*,18,2,6,.333,2,4,.500,0,2,.000,.500,3,6,.500,0,2,2,2,1,0,0,3,9,6.2,Katie Campbell,https://www.sports-reference.com/cbb/players/katie-campbell-1.html,gonzaga,2018-19
31,60,31,2019-03-11,Gonzaga,,St. Mary's (CA),CTOURN,W 78-77 (2OT),*,31,2,3,.667,1,1,1.000,1,2,.500,.833,3,3,1.000,0,0,0,3,0,0,0,1,8,8.4,Katie Campbell,https://www.sports-reference.com/cbb/players/katie-campbell-1.html,gonzaga,2018-19
32,61,32,2019-03-12,Gonzaga,,Brigham Young,CTOURN,L 68-82,*,33,2,8,.250,2,8,.250,0,0,,.375,2,2,1.000,1,2,3,1,2,0,0,1,8,6.8,Katie Campbell,https://www.sports-reference.com/cbb/players/katie-campbell-1.html,gonzaga,2018-19
33,62,33,2019-03-23,Gonzaga,,Little Rock,ROUND-64,W 68-51,*,31,5,8,.625,5,6,.833,0,2,.000,.938,0,0,,0,7,7,1,1,2,3,3,15,12.4,Katie Campbell,https://www.sports-reference.com/cbb/players/katie-campbell-1.html,gonzaga,2018-19
34,63,34,2019-03-25,Gonzaga,@,Oregon State,ROUND-32,L 70-76,*,36,0,6,.000,0,5,.000,0,1,.000,.000,2,2,1.000,1,1,2,0,1,0,1,4,2,-2.8,Katie Campbell,https://www.sports-reference.com/cbb/players/katie-campbell-1.html,gonzaga,2018-19
