ranker,player_game_num_career,team_game_num_season,date,team_name_abbr,game_location,opp_name_abbr,game_type,game_result,is_starter,mp,fg,fga,fg_pct,fg3,fg3a,fg3_pct,fg2,fg2a,fg2_pct,efg_pct,ft,fta,ft_pct,orb,drb,trb,ast,stl,blk,tov,pf,pts,game_score,player_name,player_sr_link,school,season
1,14,1,2018-11-07,Gonzaga,,Montana,REG (Non-Conf),W 76-52,,11,2,4,.500,0,1,.000,2,3,.667,.500,1,1,1.000,0,0,0,0,0,0,1,2,5,1.2,Louise Forsyth,https://www.sports-reference.com/cbb/players/louise-forsyth-1.html,gonzaga,2018-19
2,15,2,2018-11-11,Gonzaga,@,Eastern Washington,REG (Non-Conf),W 63-51,,3,1,1,1.000,1,1,1.000,0,0,,1.500,0,0,,0,2,2,0,0,0,0,1,3,2.9,Louise Forsyth,https://www.sports-reference.com/cbb/players/louise-forsyth-1.html,gonzaga,2018-19
3,16,3,2018-11-13,Gonzaga,,Idaho State,REG (Non-Conf),W 70-51,,7,0,2,.000,0,2,.000,0,0,,.000,0,0,,0,0,0,0,0,0,0,1,0,-1.8,Louise Forsyth,https://www.sports-reference.com/cbb/players/louise-forsyth-1.html,gonzaga,2018-19
4,17,4,2018-11-17,Gonzaga,@,UNLV,REG (Non-Conf),W 70-59,,3,0,0,,0,0,,0,0,,,0,0,,0,1,1,0,0,0,0,0,0,0.3,Louise Forsyth,https://www.sports-reference.com/cbb/players/louise-forsyth-1.html,gonzaga,2018-19
5,18,5,2018-11-22,Gonzaga,@,Notre Dame,REG (Non-Conf),L 65-81,,14,1,3,.333,1,2,.500,0,1,.000,.500,0,0,,0,0,0,0,1,0,0,5,3,0.3,Louise Forsyth,https://www.sports-reference.com/cbb/players/louise-forsyth-1.html,gonzaga,2018-19
6,19,6,2018-11-23,Gonzaga,,Rutgers,REG (Non-Conf),W 57-40,,6,0,2,.000,0,0,,0,2,.000,.000,0,0,,2,0,2,0,0,0,0,0,0,0.0,Louise Forsyth,https://www.sports-reference.com/cbb/players/louise-forsyth-1.html,gonzaga,2018-19
7,20,7,2018-11-24,Gonzaga,,Western Kentucky,REG (Non-Conf),W 76-55,,10,1,3,.333,1,2,.500,0,1,.000,.500,0,0,,1,1,2,0,0,0,0,0,3,2.3,Louise Forsyth,https://www.sports-reference.com/cbb/players/louise-forsyth-1.html,gonzaga,2018-19
8,21,8,2018-11-28,Gonzaga,,Colorado State,REG (Non-Conf),W 50-39,,4,0,2,.000,0,1,.000,0,1,.000,.000,0,0,,0,0,0,0,1,0,2,0,0,-2.4,Louise Forsyth,https://www.sports-reference.com/cbb/players/louise-forsyth-1.html,gonzaga,2018-19
9,22,10,2018-12-09,Gonzaga,,Washington State,REG (Non-Conf),W 76-53,,7,0,0,,0,0,,0,0,,,0,0,,0,1,1,0,0,0,0,1,0,-0.1,Louise Forsyth,https://www.sports-reference.com/cbb/players/louise-forsyth-1.html,gonzaga,2018-19
10,23,12,2018-12-20,Gonzaga,,Idaho,REG (Non-Conf),W 88-51,,13,2,4,.500,1,3,.333,1,1,1.000,.625,0,0,,0,1,1,0,3,0,0,0,5,6.3,Louise Forsyth,https://www.sports-reference.com/cbb/players/louise-forsyth-1.html,gonzaga,2018-19
11,24,13,2018-12-29,Gonzaga,@,Loyola Marymount,REG (Conf),W 78-53,,3,0,0,,0,0,,0,0,,,0,0,,0,0,0,0,0,0,0,0,0,0.0,Louise Forsyth,https://www.sports-reference.com/cbb/players/louise-forsyth-1.html,gonzaga,2018-19
12,25,14,2018-12-31,Gonzaga,@,Pepperdine,REG (Conf),W 79-54,,6,1,3,.333,1,3,.333,0,0,,.500,0,0,,1,0,1,0,0,0,1,0,3,1.0,Louise Forsyth,https://www.sports-reference.com/cbb/players/louise-forsyth-1.html,gonzaga,2018-19
13,26,16,2019-01-05,Gonzaga,,Pacific,REG (Conf),W 88-65,,6,0,1,.000,0,0,,0,1,.000,.000,2,2,1.000,0,1,1,0,1,0,0,1,2,2.2,Louise Forsyth,https://www.sports-reference.com/cbb/players/louise-forsyth-1.html,gonzaga,2018-19
14,27,17,2019-01-12,Gonzaga,,Portland,REG (Conf),W 97-71,,6,1,3,.333,1,3,.333,0,0,,.500,0,0,,0,0,0,0,0,0,0,2,3,0.5,Louise Forsyth,https://www.sports-reference.com/cbb/players/louise-forsyth-1.html,gonzaga,2018-19
15,28,19,2019-01-19,Gonzaga,@,San Diego,REG (Conf),W 86-61,,5,0,3,.000,0,2,.000,0,1,.000,.000,0,0,,0,0,0,0,0,0,0,0,0,-2.1,Louise Forsyth,https://www.sports-reference.com/cbb/players/louise-forsyth-1.html,gonzaga,2018-19
16,29,20,2019-01-24,Gonzaga,,San Francisco,REG (Conf),W 78-51,,7,3,4,.750,2,2,1.000,1,2,.500,1.000,0,0,,0,0,0,0,0,0,0,2,8,5.6,Louise Forsyth,https://www.sports-reference.com/cbb/players/louise-forsyth-1.html,gonzaga,2018-19
17,30,21,2019-01-26,Gonzaga,,Santa Clara,REG (Conf),W 78-61,,1,0,0,,0,0,,0,0,,,0,0,,0,1,1,0,0,0,0,0,0,0.3,Louise Forsyth,https://www.sports-reference.com/cbb/players/louise-forsyth-1.html,gonzaga,2018-19
18,31,23,2019-02-02,Gonzaga,@,St. Mary's (CA),REG (Conf),W 66-52,,0,0,0,,0,0,,0,0,,,0,0,,0,0,0,0,0,0,0,0,0,0.0,Louise Forsyth,https://www.sports-reference.com/cbb/players/louise-forsyth-1.html,gonzaga,2018-19
19,32,24,2019-02-09,Gonzaga,@,Portland,REG (Conf),W 93-62,,10,4,5,.800,3,4,.750,1,1,1.000,1.100,0,0,,0,3,3,0,1,0,0,0,11,11.0,Louise Forsyth,https://www.sports-reference.com/cbb/players/louise-forsyth-1.html,gonzaga,2018-19
20,33,25,2019-02-14,Gonzaga,,San Diego,REG (Conf),W 71-44,,10,1,2,.500,1,2,.500,0,0,,.750,0,0,,0,0,0,1,0,0,1,2,3,0.9,Louise Forsyth,https://www.sports-reference.com/cbb/players/louise-forsyth-1.html,gonzaga,2018-19
21,34,27,2019-02-21,Gonzaga,@,Santa Clara,REG (Conf),W 74-61,,5,1,1,1.000,1,1,1.000,0,0,,1.500,0,0,,0,1,1,0,0,0,0,0,3,3.0,Louise Forsyth,https://www.sports-reference.com/cbb/players/louise-forsyth-1.html,gonzaga,2018-19
22,35,28,2019-02-23,Gonzaga,@,San Francisco,REG (Conf),W 64-44,,1,0,0,,0,0,,0,0,,,0,0,,0,0,0,0,0,0,0,0,0,0.0,Louise Forsyth,https://www.sports-reference.com/cbb/players/louise-forsyth-1.html,gonzaga,2018-19
23,36,29,2019-02-28,Gonzaga,,Pepperdine,REG (Conf),W 83-60,,2,0,0,,0,0,,0,0,,,0,0,,0,0,0,0,0,0,0,0,0,0.0,Louise Forsyth,https://www.sports-reference.com/cbb/players/louise-forsyth-1.html,gonzaga,2018-19
24,37,31,2019-03-11,Gonzaga,,St. Mary's (CA),CTOURN,W 78-77 (2OT),,2,0,0,,0,0,,0,0,,,0,0,,0,0,0,0,0,0,0,0,0,0.0,Louise Forsyth,https://www.sports-reference.com/cbb/players/louise-forsyth-1.html,gonzaga,2018-19
25,38,32,2019-03-12,Gonzaga,,Brigham Young,CTOURN,L 68-82,,12,0,1,.000,0,1,.000,0,0,,.000,0,0,,0,2,2,1,0,0,0,1,0,0.2,Louise Forsyth,https://www.sports-reference.com/cbb/players/louise-forsyth-1.html,gonzaga,2018-19
26,39,33,2019-03-23,Gonzaga,,Little Rock,ROUND-64,W 68-51,,17,2,3,.667,2,2,1.000,0,1,.000,1.000,2,2,1.000,1,1,2,0,0,0,1,2,8,5.9,Louise Forsyth,https://www.sports-reference.com/cbb/players/louise-forsyth-1.html,gonzaga,2018-19
27,40,34,2019-03-25,Gonzaga,@,Oregon State,ROUND-32,L 70-76,,12,0,0,,0,0,,0,0,,,0,0,,0,1,1,0,0,0,1,3,0,-1.9,Louise Forsyth,https://www.sports-reference.com/cbb/players/louise-forsyth-1.html,gonzaga,2018-19
