ranker,player_game_num_career,team_game_num_season,date,team_name_abbr,game_location,opp_name_abbr,game_type,game_result,is_starter,mp,fg,fga,fg_pct,fg3,fg3a,fg2,fg2a,fg2_pct,efg_pct,ft,fta,ft_pct,orb,drb,trb,ast,stl,blk,tov,pf,pts,game_score,player_name,player_sr_link,school,season
1,1,1,2018-11-07,Gonzaga,,Montana,REG (Non-Conf),W 76-52,,22,2,5,.400,0,0,2,5,.400,.400,0,0,,3,2,5,0,1,1,2,3,4,2.5,Melody Kempton,https://www.sports-reference.com/cbb/players/melody-kempton-1.html,gonzaga,2018-19
2,2,2,2018-11-11,Gonzaga,@,Eastern Washington,REG (Non-Conf),W 63-51,,14,1,4,.250,0,0,1,4,.250,.250,0,0,,1,2,3,1,1,1,1,1,2,1.9,Melody Kempton,https://www.sports-reference.com/cbb/players/melody-kempton-1.html,gonzaga,2018-19
3,3,3,2018-11-13,Gonzaga,,Idaho State,REG (Non-Conf),W 70-51,,17,3,3,1.000,0,0,3,3,1.000,1.000,1,2,.500,3,2,5,0,1,1,2,5,7,6.1,Melody Kempton,https://www.sports-reference.com/cbb/players/melody-kempton-1.html,gonzaga,2018-19
4,4,4,2018-11-17,Gonzaga,@,UNLV,REG (Non-Conf),W 70-59,,17,3,9,.333,0,0,3,9,.333,.333,2,2,1.000,7,1,8,1,0,1,0,0,8,9.5,Melody Kempton,https://www.sports-reference.com/cbb/players/melody-kempton-1.html,gonzaga,2018-19
5,5,5,2018-11-22,Gonzaga,@,Notre Dame,REG (Non-Conf),L 65-81,,20,6,11,.545,0,0,6,11,.545,.545,2,4,.500,4,0,4,0,1,3,2,2,14,11.0,Melody Kempton,https://www.sports-reference.com/cbb/players/melody-kempton-1.html,gonzaga,2018-19
6,6,6,2018-11-23,Gonzaga,,Rutgers,REG (Non-Conf),W 57-40,,17,1,4,.250,0,0,1,4,.250,.250,3,4,.750,3,0,3,0,1,0,1,1,5,3.9,Melody Kempton,https://www.sports-reference.com/cbb/players/melody-kempton-1.html,gonzaga,2018-19
7,7,7,2018-11-24,Gonzaga,,Western Kentucky,REG (Non-Conf),W 76-55,,10,2,7,.286,0,0,2,7,.286,.286,0,0,,3,1,4,1,0,0,0,4,4,1.4,Melody Kempton,https://www.sports-reference.com/cbb/players/melody-kempton-1.html,gonzaga,2018-19
8,8,8,2018-11-28,Gonzaga,,Colorado State,REG (Non-Conf),W 50-39,,13,0,1,.000,0,0,0,1,.000,.000,0,0,,1,1,2,1,0,0,0,3,0,-0.2,Melody Kempton,https://www.sports-reference.com/cbb/players/melody-kempton-1.html,gonzaga,2018-19
9,9,9,2018-12-02,Gonzaga,,Stanford,REG (Non-Conf),W 79-73,,16,2,3,.667,0,0,2,3,.667,.667,2,2,1.000,0,1,1,1,2,2,1,2,6,7.3,Melody Kempton,https://www.sports-reference.com/cbb/players/melody-kempton-1.html,gonzaga,2018-19
10,10,10,2018-12-09,Gonzaga,,Washington State,REG (Non-Conf),W 76-53,,21,2,6,.333,0,0,2,6,.333,.333,0,0,,4,6,10,1,0,1,1,0,4,5.6,Melody Kempton,https://www.sports-reference.com/cbb/players/melody-kempton-1.html,gonzaga,2018-19
11,11,11,2018-12-16,Gonzaga,@,Missouri State,REG (Non-Conf),W 70-67,,11,0,2,.000,0,0,0,2,.000,.000,0,0,,3,2,5,0,2,0,2,0,0,1.3,Melody Kempton,https://www.sports-reference.com/cbb/players/melody-kempton-1.html,gonzaga,2018-19
12,12,12,2018-12-20,Gonzaga,,Idaho,REG (Non-Conf),W 88-51,,20,0,0,,0,0,0,0,,,2,2,1.000,0,4,4,0,1,1,2,1,2,2.5,Melody Kempton,https://www.sports-reference.com/cbb/players/melody-kempton-1.html,gonzaga,2018-19
13,13,13,2018-12-29,Gonzaga,@,Loyola Marymount,REG (Conf),W 78-53,,15,2,3,.667,0,0,2,3,.667,.667,1,2,.500,1,1,2,0,1,1,1,1,5,4.6,Melody Kempton,https://www.sports-reference.com/cbb/players/melody-kempton-1.html,gonzaga,2018-19
14,14,14,2018-12-31,Gonzaga,@,Pepperdine,REG (Conf),W 79-54,,17,3,6,.500,0,0,3,6,.500,.500,0,0,,1,0,1,0,1,3,1,1,6,5.4,Melody Kempton,https://www.sports-reference.com/cbb/players/melody-kempton-1.html,gonzaga,2018-19
15,15,15,2019-01-03,Gonzaga,,St. Mary's (CA),REG (Conf),W 74-62,,5,0,0,,0,0,0,0,,,1,2,.500,0,1,1,0,0,1,1,1,1,0.2,Melody Kempton,https://www.sports-reference.com/cbb/players/melody-kempton-1.html,gonzaga,2018-19
16,16,16,2019-01-05,Gonzaga,,Pacific,REG (Conf),W 88-65,,14,2,3,.667,0,0,2,3,.667,.667,1,2,.500,2,1,3,2,0,0,1,3,5,4.2,Melody Kempton,https://www.sports-reference.com/cbb/players/melody-kempton-1.html,gonzaga,2018-19
17,17,17,2019-01-12,Gonzaga,,Portland,REG (Conf),W 97-71,,21,5,8,.625,0,0,5,8,.625,.625,0,0,,4,2,6,1,2,0,0,1,10,12.1,Melody Kempton,https://www.sports-reference.com/cbb/players/melody-kempton-1.html,gonzaga,2018-19
18,18,18,2019-01-17,Gonzaga,@,Brigham Young,REG (Conf),L 68-70,,6,1,2,.500,0,0,1,2,.500,.500,0,0,,0,0,0,0,0,0,0,1,2,0.6,Melody Kempton,https://www.sports-reference.com/cbb/players/melody-kempton-1.html,gonzaga,2018-19
19,19,19,2019-01-19,Gonzaga,@,San Diego,REG (Conf),W 86-61,,18,4,4,1.000,0,0,4,4,1.000,1.000,0,0,,0,3,3,1,1,0,1,1,8,8.0,Melody Kempton,https://www.sports-reference.com/cbb/players/melody-kempton-1.html,gonzaga,2018-19
20,20,20,2019-01-24,Gonzaga,,San Francisco,REG (Conf),W 78-51,,9,1,1,1.000,0,0,1,1,1.000,1.000,0,0,,0,3,3,0,0,1,2,1,2,0.9,Melody Kempton,https://www.sports-reference.com/cbb/players/melody-kempton-1.html,gonzaga,2018-19
21,21,21,2019-01-26,Gonzaga,,Santa Clara,REG (Conf),W 78-61,,5,0,2,.000,0,0,0,2,.000,.000,0,0,,0,0,0,0,0,0,0,0,0,-1.4,Melody Kempton,https://www.sports-reference.com/cbb/players/melody-kempton-1.html,gonzaga,2018-19
22,22,22,2019-01-31,Gonzaga,@,Pacific,REG (Conf),W 63-51,,10,2,3,.667,0,0,2,3,.667,.667,3,3,1.000,3,1,4,0,1,2,3,2,7,6.7,Melody Kempton,https://www.sports-reference.com/cbb/players/melody-kempton-1.html,gonzaga,2018-19
23,23,23,2019-02-02,Gonzaga,@,St. Mary's (CA),REG (Conf),W 66-52,,13,1,1,1.000,0,0,1,1,1.000,1.000,0,0,,0,4,4,1,0,0,1,3,2,1.4,Melody Kempton,https://www.sports-reference.com/cbb/players/melody-kempton-1.html,gonzaga,2018-19
24,24,24,2019-02-09,Gonzaga,@,Portland,REG (Conf),W 93-62,,16,3,6,.500,0,0,3,6,.500,.500,3,4,.750,1,1,2,2,1,0,1,3,9,6.8,Melody Kempton,https://www.sports-reference.com/cbb/players/melody-kempton-1.html,gonzaga,2018-19
25,25,25,2019-02-14,Gonzaga,,San Diego,REG (Conf),W 71-44,,15,0,3,.000,0,0,0,3,.000,.000,0,0,,2,6,8,0,0,1,0,2,0,1.0,Melody Kempton,https://www.sports-reference.com/cbb/players/melody-kempton-1.html,gonzaga,2018-19
26,26,26,2019-02-16,Gonzaga,,Brigham Young,REG (Conf),L 64-66,,7,2,3,.667,0,0,2,3,.667,.667,0,0,,1,0,1,0,0,0,0,0,4,3.4,Melody Kempton,https://www.sports-reference.com/cbb/players/melody-kempton-1.html,gonzaga,2018-19
27,27,27,2019-02-21,Gonzaga,@,Santa Clara,REG (Conf),W 74-61,,11,1,1,1.000,0,0,1,1,1.000,1.000,0,0,,0,1,1,0,0,0,0,1,2,1.6,Melody Kempton,https://www.sports-reference.com/cbb/players/melody-kempton-1.html,gonzaga,2018-19
28,28,28,2019-02-23,Gonzaga,@,San Francisco,REG (Conf),W 64-44,,16,2,5,.400,0,0,2,5,.400,.400,2,2,1.000,3,2,5,0,0,0,1,4,6,3.4,Melody Kempton,https://www.sports-reference.com/cbb/players/melody-kempton-1.html,gonzaga,2018-19
29,29,29,2019-02-28,Gonzaga,,Pepperdine,REG (Conf),W 83-60,,14,2,3,.667,0,0,2,3,.667,.667,0,0,,2,2,4,0,0,0,1,1,4,3.3,Melody Kempton,https://www.sports-reference.com/cbb/players/melody-kempton-1.html,gonzaga,2018-19
30,30,30,2019-03-02,Gonzaga,,Loyola Marymount,REG (Conf),W 68-58,,9,0,0,,0,0,0,0,,,1,2,.500,1,0,1,0,0,0,2,2,1,-1.5,Melody Kempton,https://www.sports-reference.com/cbb/players/melody-kempton-1.html,gonzaga,2018-19
31,31,31,2019-03-11,Gonzaga,,St. Mary's (CA),CTOURN,W 78-77 (2OT),,7,2,3,.667,0,0,2,3,.667,.667,0,0,,0,1,1,0,0,0,0,2,4,2.2,Melody Kempton,https://www.sports-reference.com/cbb/players/melody-kempton-1.html,gonzaga,2018-19
32,32,32,2019-03-12,Gonzaga,,Brigham Young,CTOURN,L 68-82,,12,0,2,.000,0,0,0,2,.000,.000,0,2,.000,1,1,2,0,1,0,0,0,0,-0.2,Melody Kempton,https://www.sports-reference.com/cbb/players/melody-kempton-1.html,gonzaga,2018-19
33,33,33,2019-03-23,Gonzaga,,Little Rock,ROUND-64,W 68-51,,12,2,2,1.000,0,0,2,2,1.000,1.000,1,1,1.000,1,1,2,0,0,0,0,3,5,4.2,Melody Kempton,https://www.sports-reference.com/cbb/players/melody-kempton-1.html,gonzaga,2018-19
34,34,34,2019-03-25,Gonzaga,@,Oregon State,ROUND-32,L 70-76,,14,2,3,.667,0,0,2,3,.667,.667,2,4,.500,1,0,1,1,2,0,0,2,6,6.5,Melody Kempton,https://www.sports-reference.com/cbb/players/melody-kempton-1.html,gonzaga,2018-19
