ranker,player_game_num_career,team_game_num_season,date,team_name_abbr,game_location,opp_name_abbr,game_type,game_result,is_starter,mp,fg,fga,fg_pct,fg3,fg3a,fg3_pct,fg2,fg2a,fg2_pct,efg_pct,ft,fta,ft_pct,orb,drb,trb,ast,stl,blk,tov,pf,pts,game_score,player_name,player_sr_link,school,season
1,78,1,2018-11-07,Gonzaga,,Montana,REG (Non-Conf),W 76-52,*,24,4,12,.333,0,0,,4,12,.333,.333,3,6,.500,3,6,9,2,2,1,6,3,11,3.8,Zykera Rice,https://www.sports-reference.com/cbb/players/zykera-rice-1.html,gonzaga,2018-19
2,79,2,2018-11-11,Gonzaga,@,Eastern Washington,REG (Non-Conf),W 63-51,*,27,2,6,.333,0,0,,2,6,.333,.333,0,2,.000,3,7,10,0,1,0,5,5,4,-2.0,Zykera Rice,https://www.sports-reference.com/cbb/players/zykera-rice-1.html,gonzaga,2018-19
3,80,3,2018-11-13,Gonzaga,,Idaho State,REG (Non-Conf),W 70-51,*,30,7,14,.500,0,0,,7,14,.500,.500,3,4,.750,1,6,7,1,0,2,0,3,17,13.0,Zykera Rice,https://www.sports-reference.com/cbb/players/zykera-rice-1.html,gonzaga,2018-19
4,81,4,2018-11-17,Gonzaga,@,UNLV,REG (Non-Conf),W 70-59,*,26,5,10,.500,0,0,,5,10,.500,.500,1,2,.500,1,6,7,3,2,1,2,3,11,9.7,Zykera Rice,https://www.sports-reference.com/cbb/players/zykera-rice-1.html,gonzaga,2018-19
5,82,5,2018-11-22,Gonzaga,@,Notre Dame,REG (Non-Conf),L 65-81,*,25,6,15,.400,0,0,,6,15,.400,.400,4,4,1.000,3,4,7,3,3,1,0,2,16,16.2,Zykera Rice,https://www.sports-reference.com/cbb/players/zykera-rice-1.html,gonzaga,2018-19
6,83,6,2018-11-23,Gonzaga,,Rutgers,REG (Non-Conf),W 57-40,*,27,6,10,.600,0,0,,6,10,.600,.600,4,6,.667,2,3,5,1,1,1,1,0,16,14.3,Zykera Rice,https://www.sports-reference.com/cbb/players/zykera-rice-1.html,gonzaga,2018-19
7,84,7,2018-11-24,Gonzaga,,Western Kentucky,REG (Non-Conf),W 76-55,*,23,4,7,.571,0,0,,4,7,.571,.571,2,4,.500,1,10,11,0,0,1,1,1,10,8.9,Zykera Rice,https://www.sports-reference.com/cbb/players/zykera-rice-1.html,gonzaga,2018-19
8,85,8,2018-11-28,Gonzaga,,Colorado State,REG (Non-Conf),W 50-39,*,27,5,9,.556,0,0,,5,9,.556,.556,2,4,.500,1,10,11,2,0,2,0,1,12,13.0,Zykera Rice,https://www.sports-reference.com/cbb/players/zykera-rice-1.html,gonzaga,2018-19
9,86,9,2018-12-02,Gonzaga,,Stanford,REG (Non-Conf),W 79-73,*,21,1,6,.167,0,0,,1,6,.167,.167,2,2,1.000,2,4,6,1,0,0,2,5,4,-0.5,Zykera Rice,https://www.sports-reference.com/cbb/players/zykera-rice-1.html,gonzaga,2018-19
10,87,10,2018-12-09,Gonzaga,,Washington State,REG (Non-Conf),W 76-53,*,20,4,7,.571,0,0,,4,7,.571,.571,2,2,1.000,0,1,1,2,0,1,2,2,10,6.3,Zykera Rice,https://www.sports-reference.com/cbb/players/zykera-rice-1.html,gonzaga,2018-19
11,88,11,2018-12-16,Gonzaga,@,Missouri State,REG (Non-Conf),W 70-67,*,26,3,12,.250,0,0,,3,12,.250,.250,7,8,.875,3,5,8,0,1,1,1,1,13,9.3,Zykera Rice,https://www.sports-reference.com/cbb/players/zykera-rice-1.html,gonzaga,2018-19
12,89,12,2018-12-20,Gonzaga,,Idaho,REG (Non-Conf),W 88-51,*,16,4,11,.364,0,0,,4,11,.364,.364,8,11,.727,4,2,6,0,0,1,1,2,16,11.0,Zykera Rice,https://www.sports-reference.com/cbb/players/zykera-rice-1.html,gonzaga,2018-19
13,90,13,2018-12-29,Gonzaga,@,Loyola Marymount,REG (Conf),W 78-53,*,24,7,13,.538,0,0,,7,13,.538,.538,1,2,.500,6,2,8,1,1,2,2,0,15,14.2,Zykera Rice,https://www.sports-reference.com/cbb/players/zykera-rice-1.html,gonzaga,2018-19
14,91,14,2018-12-31,Gonzaga,@,Pepperdine,REG (Conf),W 79-54,*,27,11,12,.917,0,0,,11,12,.917,.917,1,1,1.000,2,4,6,5,2,0,2,0,23,25.1,Zykera Rice,https://www.sports-reference.com/cbb/players/zykera-rice-1.html,gonzaga,2018-19
15,92,15,2019-01-03,Gonzaga,,St. Mary's (CA),REG (Conf),W 74-62,*,23,6,13,.462,0,0,,6,13,.462,.462,4,4,1.000,0,0,0,0,0,0,1,2,16,7.5,Zykera Rice,https://www.sports-reference.com/cbb/players/zykera-rice-1.html,gonzaga,2018-19
16,93,16,2019-01-05,Gonzaga,,Pacific,REG (Conf),W 88-65,*,21,10,16,.625,0,0,,10,16,.625,.625,1,4,.250,3,4,7,1,1,1,3,1,21,14.9,Zykera Rice,https://www.sports-reference.com/cbb/players/zykera-rice-1.html,gonzaga,2018-19
17,94,17,2019-01-12,Gonzaga,,Portland,REG (Conf),W 97-71,*,23,11,13,.846,0,0,,11,13,.846,.846,6,7,.857,5,2,7,3,1,1,3,2,28,27.0,Zykera Rice,https://www.sports-reference.com/cbb/players/zykera-rice-1.html,gonzaga,2018-19
18,95,18,2019-01-17,Gonzaga,@,Brigham Young,REG (Conf),L 68-70,*,25,4,9,.444,0,0,,4,9,.444,.444,5,9,.556,1,1,2,2,2,0,4,2,13,6.3,Zykera Rice,https://www.sports-reference.com/cbb/players/zykera-rice-1.html,gonzaga,2018-19
19,96,19,2019-01-19,Gonzaga,@,San Diego,REG (Conf),W 86-61,*,12,4,5,.800,0,0,,4,5,.800,.800,0,2,.000,0,0,0,4,1,0,1,3,8,6.9,Zykera Rice,https://www.sports-reference.com/cbb/players/zykera-rice-1.html,gonzaga,2018-19
20,97,20,2019-01-24,Gonzaga,,San Francisco,REG (Conf),W 78-51,*,24,6,10,.600,0,0,,6,10,.600,.600,3,4,.750,1,4,5,2,0,1,1,1,15,12.6,Zykera Rice,https://www.sports-reference.com/cbb/players/zykera-rice-1.html,gonzaga,2018-19
21,98,21,2019-01-26,Gonzaga,,Santa Clara,REG (Conf),W 78-61,*,24,5,16,.313,0,0,,5,16,.313,.313,8,9,.889,3,5,8,2,2,0,0,1,18,15.0,Zykera Rice,https://www.sports-reference.com/cbb/players/zykera-rice-1.html,gonzaga,2018-19
22,99,22,2019-01-31,Gonzaga,@,Pacific,REG (Conf),W 63-51,*,24,5,9,.556,0,0,,5,9,.556,.556,3,3,1.000,3,4,7,1,3,0,2,2,13,12.9,Zykera Rice,https://www.sports-reference.com/cbb/players/zykera-rice-1.html,gonzaga,2018-19
23,100,23,2019-02-02,Gonzaga,@,St. Mary's (CA),REG (Conf),W 66-52,*,19,3,7,.429,0,0,,3,7,.429,.429,2,2,1.000,0,4,4,2,2,2,1,3,8,8.1,Zykera Rice,https://www.sports-reference.com/cbb/players/zykera-rice-1.html,gonzaga,2018-19
24,101,24,2019-02-09,Gonzaga,@,Portland,REG (Conf),W 93-62,*,24,7,12,.583,0,0,,7,12,.583,.583,0,0,,1,4,5,1,1,0,3,2,14,8.2,Zykera Rice,https://www.sports-reference.com/cbb/players/zykera-rice-1.html,gonzaga,2018-19
25,102,25,2019-02-14,Gonzaga,,San Diego,REG (Conf),W 71-44,*,21,5,6,.833,0,0,,5,6,.833,.833,5,6,.833,1,2,3,1,1,2,4,4,15,11.2,Zykera Rice,https://www.sports-reference.com/cbb/players/zykera-rice-1.html,gonzaga,2018-19
26,103,26,2019-02-16,Gonzaga,,Brigham Young,REG (Conf),L 64-66,*,26,6,15,.400,0,0,,6,15,.400,.400,8,8,1.000,2,3,5,0,1,1,0,2,20,15.1,Zykera Rice,https://www.sports-reference.com/cbb/players/zykera-rice-1.html,gonzaga,2018-19
27,104,27,2019-02-21,Gonzaga,@,Santa Clara,REG (Conf),W 74-61,*,25,6,15,.400,0,0,,6,15,.400,.400,3,6,.500,1,8,9,4,2,1,1,2,15,12.5,Zykera Rice,https://www.sports-reference.com/cbb/players/zykera-rice-1.html,gonzaga,2018-19
28,105,28,2019-02-23,Gonzaga,@,San Francisco,REG (Conf),W 64-44,*,25,6,8,.750,0,0,,6,8,.750,.750,0,0,,0,5,5,0,1,2,2,3,12,9.5,Zykera Rice,https://www.sports-reference.com/cbb/players/zykera-rice-1.html,gonzaga,2018-19
29,106,29,2019-02-28,Gonzaga,,Pepperdine,REG (Conf),W 83-60,*,22,9,12,.750,0,0,,9,12,.750,.750,5,7,.714,1,5,6,1,0,0,0,1,23,19.9,Zykera Rice,https://www.sports-reference.com/cbb/players/zykera-rice-1.html,gonzaga,2018-19
30,107,30,2019-03-02,Gonzaga,,Loyola Marymount,REG (Conf),W 68-58,*,21,4,8,.500,0,0,,4,8,.500,.500,2,2,1.000,0,1,1,0,1,0,2,4,10,3.7,Zykera Rice,https://www.sports-reference.com/cbb/players/zykera-rice-1.html,gonzaga,2018-19
31,108,31,2019-03-11,Gonzaga,,St. Mary's (CA),CTOURN,W 78-77 (2OT),*,34,7,18,.389,0,0,,7,18,.389,.389,7,8,.875,1,7,8,0,0,1,4,0,21,10.3,Zykera Rice,https://www.sports-reference.com/cbb/players/zykera-rice-1.html,gonzaga,2018-19
32,109,32,2019-03-12,Gonzaga,,Brigham Young,CTOURN,L 68-82,*,24,6,10,.600,1,1,1.000,5,9,.556,.650,12,12,1.000,3,2,5,0,0,0,3,4,25,18.5,Zykera Rice,https://www.sports-reference.com/cbb/players/zykera-rice-1.html,gonzaga,2018-19
33,110,33,2019-03-23,Gonzaga,,Little Rock,ROUND-64,W 68-51,*,29,8,14,.571,0,1,.000,8,13,.615,.571,2,3,.667,3,3,6,0,0,0,3,0,18,11.0,Zykera Rice,https://www.sports-reference.com/cbb/players/zykera-rice-1.html,gonzaga,2018-19
34,111,34,2019-03-25,Gonzaga,@,Oregon State,ROUND-32,L 70-76,*,19,8,13,.615,2,2,1.000,6,11,.545,.692,2,2,1.000,1,2,3,0,1,0,1,4,20,13.8,Zykera Rice,https://www.sports-reference.com/cbb/players/zykera-rice-1.html,gonzaga,2018-19
