ranker,player_game_num_career,team_game_num_season,date,team_name_abbr,game_location,opp_name_abbr,game_type,game_result,is_starter,mp,fg,fga,fg_pct,fg3,fg3a,fg3_pct,fg2,fg2a,fg2_pct,efg_pct,ft,fta,ft_pct,orb,drb,trb,ast,stl,blk,tov,pf,pts,game_score,player_name,player_sr_link,school,season
1,96,1,2023-11-06,Missouri,,Belmont,REG (Non-Conf),W 72-61,*,13,1,4,.250,0,0,,1,4,.250,.250,2,2,1.000,0,3,3,0,1,0,1,4,4,0.9,Angelique Ngalakulondi,https://www.sports-reference.com/cbb/players/angelique-ngalakulondi-1.html,missouri,2023-24
2,97,2,2023-11-09,Missouri,,Indiana State,REG (Non-Conf),W 98-57,*,14,4,7,.571,0,0,,4,7,.571,.571,0,0,,1,4,5,2,1,1,1,1,8,8.3,Angelique Ngalakulondi,https://www.sports-reference.com/cbb/players/angelique-ngalakulondi-1.html,missouri,2023-24
3,98,3,2023-11-12,Missouri,@,Saint Louis,REG (Non-Conf),L 85-93,*,11,1,2,.500,0,0,,1,2,.500,.500,0,0,,0,5,5,0,0,0,2,5,2,-1.5,Angelique Ngalakulondi,https://www.sports-reference.com/cbb/players/angelique-ngalakulondi-1.html,missouri,2023-24
4,99,4,2023-11-14,Missouri,,North Alabama,REG (Non-Conf),W 83-72,*,13,4,7,.571,0,1,.000,4,6,.667,.571,1,2,.500,4,3,7,1,2,1,0,0,9,12.4,Angelique Ngalakulondi,https://www.sports-reference.com/cbb/players/angelique-ngalakulondi-1.html,missouri,2023-24
5,100,5,2023-11-20,Missouri,,Southern Indiana,REG (Non-Conf),W 96-62,*,16,4,7,.571,0,0,,4,7,.571,.571,1,1,1.000,5,3,8,0,1,1,0,2,9,11.0,Angelique Ngalakulondi,https://www.sports-reference.com/cbb/players/angelique-ngalakulondi-1.html,missouri,2023-24
6,101,6,2023-11-24,Missouri,N,Tennessee Tech,REG (Non-Conf),W 66-65,*,11,0,0,,0,0,,0,0,,,2,2,1.000,0,2,2,1,0,0,1,5,2,0.3,Angelique Ngalakulondi,https://www.sports-reference.com/cbb/players/angelique-ngalakulondi-1.html,missouri,2023-24
7,102,7,2023-11-25,Missouri,N,Kent State,REG (Non-Conf),L 64-67,*,6,0,1,.000,0,0,,0,1,.000,.000,0,0,,0,1,1,1,0,1,0,0,0,1.0,Angelique Ngalakulondi,https://www.sports-reference.com/cbb/players/angelique-ngalakulondi-1.html,missouri,2023-24
8,103,8,2023-11-30,Missouri,@,Virginia,REG (Non-Conf),L 81-87 (OT),*,17,3,7,.429,0,0,,3,7,.429,.429,2,6,.333,4,1,5,1,1,0,2,3,8,4.3,Angelique Ngalakulondi,https://www.sports-reference.com/cbb/players/angelique-ngalakulondi-1.html,missouri,2023-24
