ranker,player_game_num_career,team_game_num_season,date,team_name_abbr,game_location,opp_name_abbr,game_type,game_result,is_starter,mp,fg,fga,fg_pct,fg3,fg3a,fg3_pct,fg2,fg2a,fg2_pct,efg_pct,ft,fta,ft_pct,orb,drb,trb,ast,stl,blk,tov,pf,pts,game_score,player_name,player_sr_link,school,season
1,1,1,2018-11-06,Robert Morris,@,Youngstown State,REG (Non-Conf),L 59-69 (OT),,18,1,5,.200,1,4,.250,0,1,.000,.300,0,0,,0,1,1,1,1,1,0,1,3,2.2,Esther Castedo,https://www.sports-reference.com/cbb/players/esther-castedo-1.html,robert-morris,2018-19
2,2,2,2018-11-11,Robert Morris,,La Salle,REG (Non-Conf),W 67-39,,24,4,8,.500,4,7,.571,0,1,.000,.750,0,0,,1,3,4,7,1,0,3,3,12,11.3,Esther Castedo,https://www.sports-reference.com/cbb/players/esther-castedo-1.html,robert-morris,2018-19
3,3,3,2018-11-13,Robert Morris,,Rhode Island,REG (Non-Conf),L 41-46,,20,2,8,.250,2,6,.333,0,2,.000,.375,0,0,,0,1,1,1,2,0,3,0,6,1.2,Esther Castedo,https://www.sports-reference.com/cbb/players/esther-castedo-1.html,robert-morris,2018-19
4,4,4,2018-11-17,Robert Morris,@,Bowling Green,REG (Non-Conf),L 60-61,,23,4,7,.571,4,5,.800,0,2,.000,.857,2,2,1.000,3,3,6,1,1,1,1,0,14,15.1,Esther Castedo,https://www.sports-reference.com/cbb/players/esther-castedo-1.html,robert-morris,2018-19
5,5,5,2018-11-23,Robert Morris,,SMU,REG (Non-Conf),L 55-60,,25,2,5,.400,2,4,.500,0,1,.000,.600,2,3,.667,2,4,6,4,0,0,5,2,8,4.5,Esther Castedo,https://www.sports-reference.com/cbb/players/esther-castedo-1.html,robert-morris,2018-19
6,6,6,2018-11-24,Robert Morris,@,Loyola Marymount,REG (Non-Conf),L 53-61,,24,0,3,.000,0,1,.000,0,2,.000,.000,2,2,1.000,0,2,2,1,2,0,2,2,2,0.4,Esther Castedo,https://www.sports-reference.com/cbb/players/esther-castedo-1.html,robert-morris,2018-19
7,7,7,2018-12-02,Robert Morris,@,Iowa,REG (Non-Conf),L 63-92,,23,4,7,.571,2,4,.500,2,3,.667,.714,0,0,,1,1,2,0,0,0,3,1,10,4.3,Esther Castedo,https://www.sports-reference.com/cbb/players/esther-castedo-1.html,robert-morris,2018-19
8,8,8,2018-12-07,Robert Morris,,Kent State,REG (Non-Conf),L 46-54,,24,0,4,.000,0,3,.000,0,1,.000,.000,0,0,,0,2,2,2,0,0,4,1,0,-5.2,Esther Castedo,https://www.sports-reference.com/cbb/players/esther-castedo-1.html,robert-morris,2018-19
9,9,9,2018-12-15,Robert Morris,,Pitt.-Johnstown,REG (Non-Conf),W 73-53,,15,1,4,.250,1,3,.333,0,1,.000,.375,0,0,,1,1,2,2,4,0,2,2,3,4.2,Esther Castedo,https://www.sports-reference.com/cbb/players/esther-castedo-1.html,robert-morris,2018-19
10,10,10,2018-12-18,Robert Morris,,Delaware State,REG (Non-Conf),W 64-63,,16,4,12,.333,2,8,.250,2,4,.500,.417,0,0,,0,2,2,2,0,0,3,1,10,1.8,Esther Castedo,https://www.sports-reference.com/cbb/players/esther-castedo-1.html,robert-morris,2018-19
11,11,11,2018-12-30,Robert Morris,,James Madison,REG (Non-Conf),L 36-59,,21,1,5,.200,0,0,,1,5,.200,.200,2,2,1.000,1,1,2,0,1,0,4,3,4,-2.3,Esther Castedo,https://www.sports-reference.com/cbb/players/esther-castedo-1.html,robert-morris,2018-19
12,12,12,2019-01-05,Robert Morris,,Mount St. Mary's,REG (Conf),W 70-58,,11,0,2,.000,0,1,.000,0,1,.000,.000,1,2,.500,0,0,0,0,0,0,1,1,1,-2.2,Esther Castedo,https://www.sports-reference.com/cbb/players/esther-castedo-1.html,robert-morris,2018-19
13,13,13,2019-01-07,Robert Morris,,Fairleigh Dickinson,REG (Conf),W 71-49,,16,2,5,.400,2,5,.400,0,0,,.600,0,0,,0,0,0,0,1,0,2,2,6,1.5,Esther Castedo,https://www.sports-reference.com/cbb/players/esther-castedo-1.html,robert-morris,2018-19
14,14,14,2019-01-12,Robert Morris,@,St. Francis Brooklyn,REG (Conf),W 75-56,,19,5,8,.625,3,5,.600,2,3,.667,.813,0,0,,0,1,1,3,0,0,1,1,13,10.4,Esther Castedo,https://www.sports-reference.com/cbb/players/esther-castedo-1.html,robert-morris,2018-19
15,15,15,2019-01-14,Robert Morris,@,LIU Brooklyn,REG (Conf),W 89-37,,23,7,12,.583,3,7,.429,4,5,.800,.708,0,0,,0,3,3,1,3,0,2,3,17,12.8,Esther Castedo,https://www.sports-reference.com/cbb/players/esther-castedo-1.html,robert-morris,2018-19
16,16,16,2019-01-19,Robert Morris,@,Bryant,REG (Conf),W 60-57,,22,3,12,.250,2,7,.286,1,5,.200,.333,0,0,,0,2,2,1,1,0,4,0,8,-0.9,Esther Castedo,https://www.sports-reference.com/cbb/players/esther-castedo-1.html,robert-morris,2018-19
17,17,17,2019-01-21,Robert Morris,@,Central Connecticut State,REG (Conf),W 64-57,,13,2,4,.500,0,1,.000,2,3,.667,.500,1,2,.500,1,1,2,2,1,0,2,0,5,4.0,Esther Castedo,https://www.sports-reference.com/cbb/players/esther-castedo-1.html,robert-morris,2018-19
18,18,18,2019-01-26,Robert Morris,,Wagner,REG (Conf),W 69-46,,18,1,5,.200,1,4,.250,0,1,.000,.300,0,0,,0,0,0,2,1,0,1,1,3,0.9,Esther Castedo,https://www.sports-reference.com/cbb/players/esther-castedo-1.html,robert-morris,2018-19
19,19,19,2019-01-28,Robert Morris,,Sacred Heart,REG (Conf),W 64-46,,12,3,5,.600,1,2,.500,2,3,.667,.700,0,0,,0,1,1,1,0,0,0,4,7,4.1,Esther Castedo,https://www.sports-reference.com/cbb/players/esther-castedo-1.html,robert-morris,2018-19
20,20,20,2019-02-02,Robert Morris,@,Fairleigh Dickinson,REG (Conf),W 63-43,,17,2,5,.400,0,2,.000,2,3,.667,.400,0,0,,2,2,4,1,0,0,1,0,4,3.0,Esther Castedo,https://www.sports-reference.com/cbb/players/esther-castedo-1.html,robert-morris,2018-19
21,21,21,2019-02-09,Robert Morris,,Bryant,REG (Conf),W 59-56,,11,0,1,.000,0,0,,0,1,.000,.000,0,0,,0,1,1,0,0,0,1,0,0,-1.4,Esther Castedo,https://www.sports-reference.com/cbb/players/esther-castedo-1.html,robert-morris,2018-19
22,22,22,2019-02-11,Robert Morris,,Central Connecticut State,REG (Conf),W 60-40,,17,1,2,.500,1,2,.500,0,0,,.750,0,0,,0,1,1,1,0,0,1,1,3,1.6,Esther Castedo,https://www.sports-reference.com/cbb/players/esther-castedo-1.html,robert-morris,2018-19
23,23,23,2019-02-16,Robert Morris,@,Mount St. Mary's,REG (Conf),L 55-61,,11,1,4,.250,1,3,.333,0,1,.000,.375,0,0,,0,0,0,1,1,0,0,1,3,1.9,Esther Castedo,https://www.sports-reference.com/cbb/players/esther-castedo-1.html,robert-morris,2018-19
24,24,24,2019-02-18,Robert Morris,@,Saint Francis (PA),REG (Conf),W 66-60,,24,2,10,.200,0,6,.000,2,4,.500,.200,2,2,1.000,1,3,4,2,3,0,2,0,6,3.8,Esther Castedo,https://www.sports-reference.com/cbb/players/esther-castedo-1.html,robert-morris,2018-19
25,25,25,2019-02-23,Robert Morris,,St. Francis Brooklyn,REG (Conf),W 74-57,,16,1,3,.333,0,1,.000,1,2,.500,.333,1,2,.500,1,1,2,2,0,0,2,1,3,0.9,Esther Castedo,https://www.sports-reference.com/cbb/players/esther-castedo-1.html,robert-morris,2018-19
26,26,26,2019-02-25,Robert Morris,,LIU Brooklyn,REG (Conf),W 71-54,,23,4,7,.571,3,5,.600,1,2,.500,.786,0,2,.000,0,1,1,1,1,0,1,0,11,7.9,Esther Castedo,https://www.sports-reference.com/cbb/players/esther-castedo-1.html,robert-morris,2018-19
27,27,28,2019-03-04,Robert Morris,@,Sacred Heart,REG (Conf),L 45-54,,18,3,8,.375,1,5,.200,2,3,.667,.438,2,2,1.000,0,0,0,2,2,0,0,0,9,8.0,Esther Castedo,https://www.sports-reference.com/cbb/players/esther-castedo-1.html,robert-morris,2018-19
28,28,29,2019-03-07,Robert Morris,,Saint Francis (PA),REG (Conf),W 66-53,*,28,3,10,.300,3,8,.375,0,2,.000,.450,0,0,,0,3,3,4,0,0,2,1,9,4.5,Esther Castedo,https://www.sports-reference.com/cbb/players/esther-castedo-1.html,robert-morris,2018-19
29,29,30,2019-03-11,Robert Morris,,Fairleigh Dickinson,CTOURN,W 64-38,,13,1,1,1.000,1,1,1.000,0,0,,1.500,0,0,,1,0,1,1,1,0,0,1,3,4.7,Esther Castedo,https://www.sports-reference.com/cbb/players/esther-castedo-1.html,robert-morris,2018-19
30,30,31,2019-03-14,Robert Morris,,Mount St. Mary's,CTOURN,W 69-65,,14,3,5,.600,3,3,1.000,0,2,.000,.900,0,0,,0,1,1,3,1,0,1,0,9,9.1,Esther Castedo,https://www.sports-reference.com/cbb/players/esther-castedo-1.html,robert-morris,2018-19
31,31,32,2019-03-17,Robert Morris,,Saint Francis (PA),CTOURN,W 65-54,,22,3,8,.375,2,5,.400,1,3,.333,.500,0,0,,0,2,2,0,0,1,0,4,8,3.3,Esther Castedo,https://www.sports-reference.com/cbb/players/esther-castedo-1.html,robert-morris,2018-19
32,32,33,2019-03-22,Robert Morris,@,Louisville,ROUND-64,L 34-69,,27,1,11,.091,0,4,.000,1,7,.143,.091,0,0,,0,2,2,1,0,1,1,2,2,-5.1,Esther Castedo,https://www.sports-reference.com/cbb/players/esther-castedo-1.html,robert-morris,2018-19
