ranker,player_game_num_career,team_game_num_season,date,team_name_abbr,game_location,opp_name_abbr,game_type,game_result,is_starter,mp,fg,fga,fg_pct,fg3,fg3a,fg3_pct,fg2,fg2a,fg2_pct,efg_pct,ft,fta,ft_pct,orb,drb,trb,ast,stl,blk,tov,pf,pts,game_score,player_name,player_sr_link,school,season
1,33,1,2018-11-06,Robert Morris,@,Youngstown State,REG (Non-Conf),L 59-69 (OT),,24,5,11,.455,5,9,.556,0,2,.000,.682,0,0,,0,2,2,2,1,1,2,1,15,10.6,Honoka Ikematsu,https://www.sports-reference.com/cbb/players/honoka-ikematsu-1.html,robert-morris,2018-19
2,34,2,2018-11-11,Robert Morris,,La Salle,REG (Non-Conf),W 67-39,,13,2,6,.333,2,5,.400,0,1,.000,.500,1,2,.500,0,2,2,0,1,0,2,4,7,1.2,Honoka Ikematsu,https://www.sports-reference.com/cbb/players/honoka-ikematsu-1.html,robert-morris,2018-19
3,35,3,2018-11-13,Robert Morris,,Rhode Island,REG (Non-Conf),L 41-46,,22,3,6,.500,3,5,.600,0,1,.000,.750,0,0,,0,0,0,1,0,0,0,1,9,6.3,Honoka Ikematsu,https://www.sports-reference.com/cbb/players/honoka-ikematsu-1.html,robert-morris,2018-19
4,36,4,2018-11-17,Robert Morris,@,Bowling Green,REG (Non-Conf),L 60-61,,8,1,6,.167,1,4,.250,0,2,.000,.250,0,0,,0,0,0,0,0,0,0,0,3,-0.8,Honoka Ikematsu,https://www.sports-reference.com/cbb/players/honoka-ikematsu-1.html,robert-morris,2018-19
5,37,5,2018-11-23,Robert Morris,,SMU,REG (Non-Conf),L 55-60,,16,3,7,.429,2,6,.333,1,1,1.000,.571,0,0,,0,0,0,1,0,0,0,3,8,3.8,Honoka Ikematsu,https://www.sports-reference.com/cbb/players/honoka-ikematsu-1.html,robert-morris,2018-19
6,38,6,2018-11-24,Robert Morris,@,Loyola Marymount,REG (Non-Conf),L 53-61,,15,2,6,.333,1,4,.250,1,2,.500,.417,0,0,,0,1,1,1,0,0,0,0,5,2.6,Honoka Ikematsu,https://www.sports-reference.com/cbb/players/honoka-ikematsu-1.html,robert-morris,2018-19
7,39,7,2018-12-02,Robert Morris,@,Iowa,REG (Non-Conf),L 63-92,,10,0,6,.000,0,5,.000,0,1,.000,.000,1,2,.500,0,0,0,0,0,0,0,0,1,-3.6,Honoka Ikematsu,https://www.sports-reference.com/cbb/players/honoka-ikematsu-1.html,robert-morris,2018-19
8,40,8,2018-12-07,Robert Morris,,Kent State,REG (Non-Conf),L 46-54,,11,1,2,.500,1,1,1.000,0,1,.000,.750,0,0,,0,1,1,1,0,0,1,2,3,1.2,Honoka Ikematsu,https://www.sports-reference.com/cbb/players/honoka-ikematsu-1.html,robert-morris,2018-19
9,41,9,2018-12-15,Robert Morris,,Pitt.-Johnstown,REG (Non-Conf),W 73-53,*,18,2,8,.250,0,3,.000,2,5,.400,.250,2,2,1.000,0,0,0,1,4,0,2,4,6,2.3,Honoka Ikematsu,https://www.sports-reference.com/cbb/players/honoka-ikematsu-1.html,robert-morris,2018-19
10,42,10,2018-12-18,Robert Morris,,Delaware State,REG (Non-Conf),W 64-63,*,27,3,14,.214,1,8,.125,2,6,.333,.250,0,0,,1,3,4,3,2,0,1,0,7,3.1,Honoka Ikematsu,https://www.sports-reference.com/cbb/players/honoka-ikematsu-1.html,robert-morris,2018-19
11,43,11,2018-12-30,Robert Morris,,James Madison,REG (Non-Conf),L 36-59,*,16,1,4,.250,0,2,.000,1,2,.500,.250,0,0,,0,0,0,1,0,0,1,1,2,-1.1,Honoka Ikematsu,https://www.sports-reference.com/cbb/players/honoka-ikematsu-1.html,robert-morris,2018-19
12,44,12,2019-01-05,Robert Morris,,Mount St. Mary's,REG (Conf),W 70-58,*,24,2,7,.286,2,6,.333,0,1,.000,.429,2,2,1.000,0,1,1,0,0,0,3,2,8,0.4,Honoka Ikematsu,https://www.sports-reference.com/cbb/players/honoka-ikematsu-1.html,robert-morris,2018-19
13,45,13,2019-01-07,Robert Morris,,Fairleigh Dickinson,REG (Conf),W 71-49,*,20,3,6,.500,2,5,.400,1,1,1.000,.667,1,1,1.000,0,0,0,0,2,0,2,0,9,6.0,Honoka Ikematsu,https://www.sports-reference.com/cbb/players/honoka-ikematsu-1.html,robert-morris,2018-19
14,46,14,2019-01-12,Robert Morris,@,St. Francis Brooklyn,REG (Conf),W 75-56,*,28,3,14,.214,2,11,.182,1,3,.333,.286,0,0,,0,0,0,3,1,0,1,2,8,0.7,Honoka Ikematsu,https://www.sports-reference.com/cbb/players/honoka-ikematsu-1.html,robert-morris,2018-19
15,47,15,2019-01-14,Robert Morris,@,LIU Brooklyn,REG (Conf),W 89-37,*,24,3,7,.429,3,6,.500,0,1,.000,.643,2,2,1.000,0,3,3,3,0,0,0,3,11,9.1,Honoka Ikematsu,https://www.sports-reference.com/cbb/players/honoka-ikematsu-1.html,robert-morris,2018-19
16,48,16,2019-01-19,Robert Morris,@,Bryant,REG (Conf),W 60-57,*,27,1,5,.200,1,5,.200,0,0,,.300,3,4,.750,0,1,1,3,2,0,4,1,6,2.5,Honoka Ikematsu,https://www.sports-reference.com/cbb/players/honoka-ikematsu-1.html,robert-morris,2018-19
17,49,17,2019-01-21,Robert Morris,@,Central Connecticut State,REG (Conf),W 64-57,*,29,7,11,.636,5,7,.714,2,4,.500,.864,0,0,,0,2,2,0,0,0,2,1,19,12.3,Honoka Ikematsu,https://www.sports-reference.com/cbb/players/honoka-ikematsu-1.html,robert-morris,2018-19
18,50,18,2019-01-26,Robert Morris,,Wagner,REG (Conf),W 69-46,*,32,5,12,.417,4,11,.364,1,1,1.000,.583,0,0,,0,2,2,4,2,0,3,3,14,8.8,Honoka Ikematsu,https://www.sports-reference.com/cbb/players/honoka-ikematsu-1.html,robert-morris,2018-19
19,51,19,2019-01-28,Robert Morris,,Sacred Heart,REG (Conf),W 64-46,*,25,1,4,.250,0,3,.000,1,1,1.000,.250,0,0,,0,3,3,0,1,0,2,4,2,-2.1,Honoka Ikematsu,https://www.sports-reference.com/cbb/players/honoka-ikematsu-1.html,robert-morris,2018-19
20,52,20,2019-02-02,Robert Morris,@,Fairleigh Dickinson,REG (Conf),W 63-43,*,28,3,8,.375,3,6,.500,0,2,.000,.563,0,0,,0,1,1,1,1,0,0,2,9,5.8,Honoka Ikematsu,https://www.sports-reference.com/cbb/players/honoka-ikematsu-1.html,robert-morris,2018-19
21,53,21,2019-02-09,Robert Morris,,Bryant,REG (Conf),W 59-56,*,34,1,5,.200,1,3,.333,0,2,.000,.300,0,0,,0,2,2,1,3,0,1,3,3,2.0,Honoka Ikematsu,https://www.sports-reference.com/cbb/players/honoka-ikematsu-1.html,robert-morris,2018-19
22,54,22,2019-02-11,Robert Morris,,Central Connecticut State,REG (Conf),W 60-40,*,33,6,14,.429,2,6,.333,4,8,.500,.500,0,0,,1,1,2,2,2,0,0,0,14,11.0,Honoka Ikematsu,https://www.sports-reference.com/cbb/players/honoka-ikematsu-1.html,robert-morris,2018-19
23,55,24,2019-02-18,Robert Morris,@,Saint Francis (PA),REG (Conf),W 66-60,,16,0,5,.000,0,4,.000,0,1,.000,.000,1,2,.500,1,0,1,2,0,0,0,2,1,-1.6,Honoka Ikematsu,https://www.sports-reference.com/cbb/players/honoka-ikematsu-1.html,robert-morris,2018-19
24,56,25,2019-02-23,Robert Morris,,St. Francis Brooklyn,REG (Conf),W 74-57,,11,2,6,.333,2,5,.400,0,1,.000,.500,0,0,,0,1,1,2,0,0,1,1,6,2.9,Honoka Ikematsu,https://www.sports-reference.com/cbb/players/honoka-ikematsu-1.html,robert-morris,2018-19
25,57,26,2019-02-25,Robert Morris,,LIU Brooklyn,REG (Conf),W 71-54,,11,1,4,.250,1,4,.250,0,0,,.375,0,0,,0,1,1,0,0,0,2,0,3,-1.1,Honoka Ikematsu,https://www.sports-reference.com/cbb/players/honoka-ikematsu-1.html,robert-morris,2018-19
26,58,27,2019-03-02,Robert Morris,@,Wagner,REG (Conf),W 77-57,,21,2,9,.222,1,4,.250,1,5,.200,.278,1,1,1.000,1,1,2,1,1,0,0,2,6,2.4,Honoka Ikematsu,https://www.sports-reference.com/cbb/players/honoka-ikematsu-1.html,robert-morris,2018-19
27,59,28,2019-03-04,Robert Morris,@,Sacred Heart,REG (Conf),L 45-54,,13,1,6,.167,1,5,.200,0,1,.000,.250,0,0,,0,0,0,0,0,0,1,1,3,-2.2,Honoka Ikematsu,https://www.sports-reference.com/cbb/players/honoka-ikematsu-1.html,robert-morris,2018-19
28,60,29,2019-03-07,Robert Morris,,Saint Francis (PA),REG (Conf),W 66-53,,23,3,7,.429,2,6,.333,1,1,1.000,.571,0,0,,0,3,3,2,0,0,0,4,8,5.0,Honoka Ikematsu,https://www.sports-reference.com/cbb/players/honoka-ikematsu-1.html,robert-morris,2018-19
29,61,30,2019-03-11,Robert Morris,,Fairleigh Dickinson,CTOURN,W 64-38,,19,5,9,.556,2,4,.500,3,5,.600,.667,0,0,,2,0,2,0,1,0,1,2,12,8.3,Honoka Ikematsu,https://www.sports-reference.com/cbb/players/honoka-ikematsu-1.html,robert-morris,2018-19
30,62,31,2019-03-14,Robert Morris,,Mount St. Mary's,CTOURN,W 69-65,,15,2,4,.500,2,3,.667,0,1,.000,.750,1,2,.500,0,1,1,0,0,0,2,4,7,1.3,Honoka Ikematsu,https://www.sports-reference.com/cbb/players/honoka-ikematsu-1.html,robert-morris,2018-19
31,63,32,2019-03-17,Robert Morris,,Saint Francis (PA),CTOURN,W 65-54,,17,2,7,.286,0,5,.000,2,2,1.000,.286,0,0,,2,0,2,1,2,0,1,3,4,1.8,Honoka Ikematsu,https://www.sports-reference.com/cbb/players/honoka-ikematsu-1.html,robert-morris,2018-19
32,64,33,2019-03-22,Robert Morris,@,Louisville,ROUND-64,L 34-69,,22,1,6,.167,1,3,.333,0,3,.000,.250,0,0,,0,1,1,1,1,0,2,0,3,-0.8,Honoka Ikematsu,https://www.sports-reference.com/cbb/players/honoka-ikematsu-1.html,robert-morris,2018-19
