ranker,player_game_num_career,team_game_num_season,date,team_name_abbr,game_location,opp_name_abbr,game_type,game_result,is_starter,mp,fg,fga,fg_pct,fg3,fg3a,fg2,fg2a,fg2_pct,efg_pct,ft,fta,ft_pct,orb,drb,trb,ast,stl,blk,tov,pf,pts,game_score,player_name,player_sr_link,school,season
1,18,1,2018-11-06,Robert Morris,@,Youngstown State,REG (Non-Conf),L 59-69 (OT),,23,1,2,.500,0,0,1,2,.500,.500,0,0,,2,6,8,0,2,2,3,4,2,3.0,Irekpitan Ozzy-Momodu,https://www.sports-reference.com/cbb/players/irekpitan-ozzy-momodu-1.html,robert-morris,2018-19
2,19,2,2018-11-11,Robert Morris,,La Salle,REG (Non-Conf),W 67-39,,20,3,3,1.000,0,0,3,3,1.000,1.000,1,2,.500,5,8,13,0,0,0,3,1,7,8.2,Irekpitan Ozzy-Momodu,https://www.sports-reference.com/cbb/players/irekpitan-ozzy-momodu-1.html,robert-morris,2018-19
3,20,3,2018-11-13,Robert Morris,,Rhode Island,REG (Non-Conf),L 41-46,,15,1,3,.333,0,0,1,3,.333,.333,0,1,.000,4,4,8,0,2,0,2,2,2,3.1,Irekpitan Ozzy-Momodu,https://www.sports-reference.com/cbb/players/irekpitan-ozzy-momodu-1.html,robert-morris,2018-19
4,21,4,2018-11-17,Robert Morris,@,Bowling Green,REG (Non-Conf),L 60-61,,9,0,1,.000,0,0,0,1,.000,.000,3,4,.750,2,2,4,0,0,1,3,5,3,-0.4,Irekpitan Ozzy-Momodu,https://www.sports-reference.com/cbb/players/irekpitan-ozzy-momodu-1.html,robert-morris,2018-19
5,22,5,2018-11-23,Robert Morris,,SMU,REG (Non-Conf),L 55-60,,19,2,5,.400,0,0,2,5,.400,.400,2,2,1.000,3,1,4,1,0,0,1,3,6,4.2,Irekpitan Ozzy-Momodu,https://www.sports-reference.com/cbb/players/irekpitan-ozzy-momodu-1.html,robert-morris,2018-19
6,23,6,2018-11-24,Robert Morris,@,Loyola Marymount,REG (Non-Conf),L 53-61,,10,3,4,.750,0,0,3,4,.750,.750,0,0,,0,1,1,0,2,0,0,4,6,5.1,Irekpitan Ozzy-Momodu,https://www.sports-reference.com/cbb/players/irekpitan-ozzy-momodu-1.html,robert-morris,2018-19
7,24,7,2018-12-02,Robert Morris,@,Iowa,REG (Non-Conf),L 63-92,,7,0,0,,0,0,0,0,,,0,0,,0,0,0,0,0,0,0,4,0,-1.6,Irekpitan Ozzy-Momodu,https://www.sports-reference.com/cbb/players/irekpitan-ozzy-momodu-1.html,robert-morris,2018-19
8,25,8,2018-12-07,Robert Morris,,Kent State,REG (Non-Conf),L 46-54,,10,2,3,.667,0,0,2,3,.667,.667,0,2,.000,2,6,8,1,1,0,3,1,4,3.4,Irekpitan Ozzy-Momodu,https://www.sports-reference.com/cbb/players/irekpitan-ozzy-momodu-1.html,robert-morris,2018-19
9,26,9,2018-12-15,Robert Morris,,Pitt.-Johnstown,REG (Non-Conf),W 73-53,,21,4,8,.500,0,0,4,8,.500,.500,3,8,.375,7,9,16,0,2,1,4,1,11,10.9,Irekpitan Ozzy-Momodu,https://www.sports-reference.com/cbb/players/irekpitan-ozzy-momodu-1.html,robert-morris,2018-19
10,27,10,2018-12-18,Robert Morris,,Delaware State,REG (Non-Conf),W 64-63,,29,4,7,.571,0,0,4,7,.571,.571,4,4,1.000,5,6,11,1,0,0,2,2,12,11.9,Irekpitan Ozzy-Momodu,https://www.sports-reference.com/cbb/players/irekpitan-ozzy-momodu-1.html,robert-morris,2018-19
11,28,11,2018-12-30,Robert Morris,,James Madison,REG (Non-Conf),L 36-59,,21,1,4,.250,0,0,1,4,.250,.250,4,6,.667,0,4,4,0,3,0,2,0,6,5.0,Irekpitan Ozzy-Momodu,https://www.sports-reference.com/cbb/players/irekpitan-ozzy-momodu-1.html,robert-morris,2018-19
12,29,12,2019-01-05,Robert Morris,,Mount St. Mary's,REG (Conf),W 70-58,,18,8,11,.727,0,0,8,11,.727,.727,1,4,.250,1,7,8,0,0,2,2,3,17,12.3,Irekpitan Ozzy-Momodu,https://www.sports-reference.com/cbb/players/irekpitan-ozzy-momodu-1.html,robert-morris,2018-19
13,30,13,2019-01-07,Robert Morris,,Fairleigh Dickinson,REG (Conf),W 71-49,,18,4,10,.400,0,0,4,10,.400,.400,2,2,1.000,6,3,9,0,1,1,0,2,10,10.6,Irekpitan Ozzy-Momodu,https://www.sports-reference.com/cbb/players/irekpitan-ozzy-momodu-1.html,robert-morris,2018-19
14,31,14,2019-01-12,Robert Morris,@,St. Francis Brooklyn,REG (Conf),W 75-56,,12,2,4,.500,0,0,2,4,.500,.500,0,0,,2,3,5,1,0,0,0,3,4,3.8,Irekpitan Ozzy-Momodu,https://www.sports-reference.com/cbb/players/irekpitan-ozzy-momodu-1.html,robert-morris,2018-19
15,32,15,2019-01-14,Robert Morris,@,LIU Brooklyn,REG (Conf),W 89-37,,12,3,5,.600,0,0,3,5,.600,.600,2,3,.667,2,7,9,0,0,0,2,2,8,6.0,Irekpitan Ozzy-Momodu,https://www.sports-reference.com/cbb/players/irekpitan-ozzy-momodu-1.html,robert-morris,2018-19
16,33,16,2019-01-19,Robert Morris,@,Bryant,REG (Conf),W 60-57,,20,4,4,1.000,0,0,4,4,1.000,1.000,0,0,,3,2,5,0,1,1,1,3,8,9.0,Irekpitan Ozzy-Momodu,https://www.sports-reference.com/cbb/players/irekpitan-ozzy-momodu-1.html,robert-morris,2018-19
17,34,17,2019-01-21,Robert Morris,@,Central Connecticut State,REG (Conf),W 64-57,,14,0,4,.000,0,0,0,4,.000,.000,0,2,.000,3,6,9,1,0,0,2,2,0,-1.8,Irekpitan Ozzy-Momodu,https://www.sports-reference.com/cbb/players/irekpitan-ozzy-momodu-1.html,robert-morris,2018-19
18,35,18,2019-01-26,Robert Morris,,Wagner,REG (Conf),W 69-46,,13,1,2,.500,0,0,1,2,.500,.500,1,2,.500,0,5,5,0,1,0,1,0,3,3.1,Irekpitan Ozzy-Momodu,https://www.sports-reference.com/cbb/players/irekpitan-ozzy-momodu-1.html,robert-morris,2018-19
19,36,19,2019-01-28,Robert Morris,,Sacred Heart,REG (Conf),W 64-46,,16,6,7,.857,0,0,6,7,.857,.857,2,2,1.000,2,9,11,0,0,0,0,1,14,15.2,Irekpitan Ozzy-Momodu,https://www.sports-reference.com/cbb/players/irekpitan-ozzy-momodu-1.html,robert-morris,2018-19
20,37,20,2019-02-02,Robert Morris,@,Fairleigh Dickinson,REG (Conf),W 63-43,,13,1,4,.250,0,0,1,4,.250,.250,0,0,,3,5,8,0,0,0,2,3,2,0.0,Irekpitan Ozzy-Momodu,https://www.sports-reference.com/cbb/players/irekpitan-ozzy-momodu-1.html,robert-morris,2018-19
21,38,21,2019-02-09,Robert Morris,,Bryant,REG (Conf),W 59-56,,18,2,4,.500,0,0,2,4,.500,.500,3,4,.750,0,5,5,1,1,0,2,3,7,4.6,Irekpitan Ozzy-Momodu,https://www.sports-reference.com/cbb/players/irekpitan-ozzy-momodu-1.html,robert-morris,2018-19
22,39,22,2019-02-11,Robert Morris,,Central Connecticut State,REG (Conf),W 60-40,,16,4,5,.800,0,0,4,5,.800,.800,0,0,,2,5,7,0,0,0,1,2,8,7.2,Irekpitan Ozzy-Momodu,https://www.sports-reference.com/cbb/players/irekpitan-ozzy-momodu-1.html,robert-morris,2018-19
23,40,23,2019-02-16,Robert Morris,@,Mount St. Mary's,REG (Conf),L 55-61,,13,4,6,.667,0,0,4,6,.667,.667,0,0,,4,1,5,0,2,0,1,3,8,8.3,Irekpitan Ozzy-Momodu,https://www.sports-reference.com/cbb/players/irekpitan-ozzy-momodu-1.html,robert-morris,2018-19
24,41,24,2019-02-18,Robert Morris,@,Saint Francis (PA),REG (Conf),W 66-60,,10,1,1,1.000,0,0,1,1,1.000,1.000,2,2,1.000,1,3,4,1,0,0,3,0,4,3.0,Irekpitan Ozzy-Momodu,https://www.sports-reference.com/cbb/players/irekpitan-ozzy-momodu-1.html,robert-morris,2018-19
25,42,25,2019-02-23,Robert Morris,,St. Francis Brooklyn,REG (Conf),W 74-57,,16,4,7,.571,0,0,4,7,.571,.571,4,4,1.000,1,5,6,1,0,0,0,2,12,10.8,Irekpitan Ozzy-Momodu,https://www.sports-reference.com/cbb/players/irekpitan-ozzy-momodu-1.html,robert-morris,2018-19
26,43,26,2019-02-25,Robert Morris,,LIU Brooklyn,REG (Conf),W 71-54,,13,3,6,.500,0,0,3,6,.500,.500,1,2,.500,2,2,4,0,1,1,4,4,7,1.7,Irekpitan Ozzy-Momodu,https://www.sports-reference.com/cbb/players/irekpitan-ozzy-momodu-1.html,robert-morris,2018-19
27,44,27,2019-03-02,Robert Morris,@,Wagner,REG (Conf),W 77-57,,23,6,10,.600,0,0,6,10,.600,.600,4,7,.571,7,2,9,0,2,2,4,2,16,14.3,Irekpitan Ozzy-Momodu,https://www.sports-reference.com/cbb/players/irekpitan-ozzy-momodu-1.html,robert-morris,2018-19
28,45,28,2019-03-04,Robert Morris,@,Sacred Heart,REG (Conf),L 45-54,,13,0,2,.000,0,0,0,2,.000,.000,1,2,.500,1,5,6,0,0,0,2,2,1,-1.4,Irekpitan Ozzy-Momodu,https://www.sports-reference.com/cbb/players/irekpitan-ozzy-momodu-1.html,robert-morris,2018-19
29,46,29,2019-03-07,Robert Morris,,Saint Francis (PA),REG (Conf),W 66-53,,11,1,1,1.000,0,0,1,1,1.000,1.000,1,1,1.000,1,5,6,0,0,1,1,1,3,4.2,Irekpitan Ozzy-Momodu,https://www.sports-reference.com/cbb/players/irekpitan-ozzy-momodu-1.html,robert-morris,2018-19
30,47,30,2019-03-11,Robert Morris,,Fairleigh Dickinson,CTOURN,W 64-38,,13,3,4,.750,0,0,3,4,.750,.750,2,4,.500,0,3,3,0,0,0,4,2,8,1.7,Irekpitan Ozzy-Momodu,https://www.sports-reference.com/cbb/players/irekpitan-ozzy-momodu-1.html,robert-morris,2018-19
31,48,31,2019-03-14,Robert Morris,,Mount St. Mary's,CTOURN,W 69-65,,10,2,2,1.000,0,0,2,2,1.000,1.000,2,2,1.000,1,3,4,0,1,0,1,2,6,6.2,Irekpitan Ozzy-Momodu,https://www.sports-reference.com/cbb/players/irekpitan-ozzy-momodu-1.html,robert-morris,2018-19
32,49,32,2019-03-17,Robert Morris,,Saint Francis (PA),CTOURN,W 65-54,,10,1,2,.500,0,0,1,2,.500,.500,1,2,.500,5,5,10,1,0,1,2,0,3,6.0,Irekpitan Ozzy-Momodu,https://www.sports-reference.com/cbb/players/irekpitan-ozzy-momodu-1.html,robert-morris,2018-19
33,50,33,2019-03-22,Robert Morris,@,Louisville,ROUND-64,L 34-69,,15,1,2,.500,0,0,1,2,.500,.500,4,4,1.000,4,4,8,1,0,0,1,1,6,8.3,Irekpitan Ozzy-Momodu,https://www.sports-reference.com/cbb/players/irekpitan-ozzy-momodu-1.html,robert-morris,2018-19
