ranker,player_game_num_career,team_game_num_season,date,team_name_abbr,game_location,opp_name_abbr,game_type,game_result,is_starter,mp,fg,fga,fg_pct,fg3,fg3a,fg3_pct,fg2,fg2a,fg2_pct,efg_pct,ft,fta,ft_pct,orb,drb,trb,ast,stl,blk,tov,pf,pts,game_score,player_name,player_sr_link,school,season
1,1,1,2018-11-06,Robert Morris,@,Youngstown State,REG (Non-Conf),L 59-69 (OT),,27,2,7,.286,0,2,.000,2,5,.400,.286,1,2,.500,0,0,0,8,3,0,2,2,5,6.3,Isabella Posset,https://www.sports-reference.com/cbb/players/isabella-posset-1.html,robert-morris,2018-19
2,2,2,2018-11-11,Robert Morris,,La Salle,REG (Non-Conf),W 67-39,,18,4,8,.500,2,3,.667,2,5,.400,.625,2,2,1.000,0,2,2,3,2,0,2,1,12,10.3,Isabella Posset,https://www.sports-reference.com/cbb/players/isabella-posset-1.html,robert-morris,2018-19
3,3,3,2018-11-13,Robert Morris,,Rhode Island,REG (Non-Conf),L 41-46,,22,1,10,.100,1,4,.250,0,6,.000,.150,2,4,.500,0,2,2,1,2,0,2,1,5,-1.5,Isabella Posset,https://www.sports-reference.com/cbb/players/isabella-posset-1.html,robert-morris,2018-19
4,4,4,2018-11-17,Robert Morris,@,Bowling Green,REG (Non-Conf),L 60-61,,13,0,4,.000,0,3,.000,0,1,.000,.000,0,0,,0,0,0,1,1,1,1,1,0,-1.8,Isabella Posset,https://www.sports-reference.com/cbb/players/isabella-posset-1.html,robert-morris,2018-19
5,5,5,2018-11-23,Robert Morris,,SMU,REG (Non-Conf),L 55-60,,25,4,9,.444,0,2,.000,4,7,.571,.444,2,3,.667,0,2,2,1,1,1,5,4,10,1.3,Isabella Posset,https://www.sports-reference.com/cbb/players/isabella-posset-1.html,robert-morris,2018-19
6,6,6,2018-11-24,Robert Morris,@,Loyola Marymount,REG (Non-Conf),L 53-61,,19,2,9,.222,0,4,.000,2,5,.400,.222,0,0,,0,2,2,2,1,0,3,3,4,-2.7,Isabella Posset,https://www.sports-reference.com/cbb/players/isabella-posset-1.html,robert-morris,2018-19
7,7,7,2018-12-02,Robert Morris,@,Iowa,REG (Non-Conf),L 63-92,,16,2,5,.400,1,3,.333,1,2,.500,.500,0,0,,0,0,0,2,1,0,0,2,5,3.9,Isabella Posset,https://www.sports-reference.com/cbb/players/isabella-posset-1.html,robert-morris,2018-19
8,8,8,2018-12-07,Robert Morris,,Kent State,REG (Non-Conf),L 46-54,,32,3,12,.250,1,5,.200,2,7,.286,.292,5,6,.833,0,3,3,4,2,2,3,4,12,6.9,Isabella Posset,https://www.sports-reference.com/cbb/players/isabella-posset-1.html,robert-morris,2018-19
9,9,9,2018-12-15,Robert Morris,,Pitt.-Johnstown,REG (Non-Conf),W 73-53,*,28,5,8,.625,4,7,.571,1,1,1.000,.875,2,3,.667,0,3,3,1,1,1,2,3,16,12.1,Isabella Posset,https://www.sports-reference.com/cbb/players/isabella-posset-1.html,robert-morris,2018-19
10,10,10,2018-12-18,Robert Morris,,Delaware State,REG (Non-Conf),W 64-63,*,31,4,8,.500,2,4,.500,2,4,.500,.625,0,0,,0,2,2,2,1,0,2,3,10,5.8,Isabella Posset,https://www.sports-reference.com/cbb/players/isabella-posset-1.html,robert-morris,2018-19
11,11,11,2018-12-30,Robert Morris,,James Madison,REG (Non-Conf),L 36-59,*,31,2,9,.222,0,4,.000,2,5,.400,.222,0,0,,1,3,4,0,1,0,2,2,4,-1.7,Isabella Posset,https://www.sports-reference.com/cbb/players/isabella-posset-1.html,robert-morris,2018-19
12,12,12,2019-01-05,Robert Morris,,Mount St. Mary's,REG (Conf),W 70-58,*,26,3,7,.429,0,3,.000,3,4,.750,.429,7,8,.875,1,6,7,7,2,0,3,4,13,13.7,Isabella Posset,https://www.sports-reference.com/cbb/players/isabella-posset-1.html,robert-morris,2018-19
13,13,13,2019-01-07,Robert Morris,,Fairleigh Dickinson,REG (Conf),W 71-49,*,26,4,13,.308,0,2,.000,4,11,.364,.308,1,1,1.000,3,3,6,5,1,0,1,2,9,7.2,Isabella Posset,https://www.sports-reference.com/cbb/players/isabella-posset-1.html,robert-morris,2018-19
14,14,14,2019-01-12,Robert Morris,@,St. Francis Brooklyn,REG (Conf),W 75-56,*,23,3,6,.500,2,4,.500,1,2,.500,.667,0,0,,0,1,1,2,2,2,5,3,8,3.9,Isabella Posset,https://www.sports-reference.com/cbb/players/isabella-posset-1.html,robert-morris,2018-19
15,15,15,2019-01-14,Robert Morris,@,LIU Brooklyn,REG (Conf),W 89-37,*,23,4,8,.500,1,2,.500,3,6,.500,.563,5,8,.625,2,6,8,3,2,0,1,4,14,13.5,Isabella Posset,https://www.sports-reference.com/cbb/players/isabella-posset-1.html,robert-morris,2018-19
16,16,16,2019-01-19,Robert Morris,@,Bryant,REG (Conf),W 60-57,*,25,2,5,.400,1,2,.500,1,3,.333,.500,1,2,.500,0,1,1,2,2,1,1,3,6,5.1,Isabella Posset,https://www.sports-reference.com/cbb/players/isabella-posset-1.html,robert-morris,2018-19
17,17,17,2019-01-21,Robert Morris,@,Central Connecticut State,REG (Conf),W 64-57,*,26,1,5,.200,1,2,.500,0,3,.000,.300,3,4,.750,0,3,3,5,1,0,1,0,6,6.9,Isabella Posset,https://www.sports-reference.com/cbb/players/isabella-posset-1.html,robert-morris,2018-19
18,18,18,2019-01-26,Robert Morris,,Wagner,REG (Conf),W 69-46,*,28,0,3,.000,0,1,.000,0,2,.000,.000,2,4,.500,0,4,4,0,6,0,2,4,2,2.7,Isabella Posset,https://www.sports-reference.com/cbb/players/isabella-posset-1.html,robert-morris,2018-19
19,19,19,2019-01-28,Robert Morris,,Sacred Heart,REG (Conf),W 64-46,*,29,3,10,.300,2,4,.500,1,6,.167,.400,0,0,,2,1,3,4,1,0,1,0,8,6.7,Isabella Posset,https://www.sports-reference.com/cbb/players/isabella-posset-1.html,robert-morris,2018-19
20,20,20,2019-02-02,Robert Morris,@,Fairleigh Dickinson,REG (Conf),W 63-43,*,22,4,6,.667,1,2,.500,3,4,.750,.750,0,0,,0,1,1,1,2,0,1,2,9,7.6,Isabella Posset,https://www.sports-reference.com/cbb/players/isabella-posset-1.html,robert-morris,2018-19
21,21,21,2019-02-09,Robert Morris,,Bryant,REG (Conf),W 59-56,*,23,4,8,.500,0,3,.000,4,5,.800,.500,1,2,.500,0,2,2,3,1,0,5,2,9,2.5,Isabella Posset,https://www.sports-reference.com/cbb/players/isabella-posset-1.html,robert-morris,2018-19
22,22,22,2019-02-11,Robert Morris,,Central Connecticut State,REG (Conf),W 60-40,*,24,2,6,.333,1,3,.333,1,3,.333,.417,2,2,1.000,0,0,0,2,3,0,3,1,7,4.6,Isabella Posset,https://www.sports-reference.com/cbb/players/isabella-posset-1.html,robert-morris,2018-19
23,23,23,2019-02-16,Robert Morris,@,Mount St. Mary's,REG (Conf),L 55-61,*,33,1,7,.143,1,4,.250,0,3,.000,.214,3,4,.750,1,6,7,0,3,0,2,5,6,2.6,Isabella Posset,https://www.sports-reference.com/cbb/players/isabella-posset-1.html,robert-morris,2018-19
24,24,24,2019-02-18,Robert Morris,@,Saint Francis (PA),REG (Conf),W 66-60,*,24,2,8,.250,2,7,.286,0,1,.000,.375,1,2,.500,2,5,7,3,1,0,2,4,7,4.2,Isabella Posset,https://www.sports-reference.com/cbb/players/isabella-posset-1.html,robert-morris,2018-19
25,25,25,2019-02-23,Robert Morris,,St. Francis Brooklyn,REG (Conf),W 74-57,*,33,4,11,.364,1,3,.333,3,8,.375,.409,2,2,1.000,0,0,0,4,5,1,0,2,11,12.6,Isabella Posset,https://www.sports-reference.com/cbb/players/isabella-posset-1.html,robert-morris,2018-19
26,26,26,2019-02-25,Robert Morris,,LIU Brooklyn,REG (Conf),W 71-54,*,29,0,4,.000,0,1,.000,0,3,.000,.000,1,2,.500,1,2,3,5,3,0,0,2,1,4.8,Isabella Posset,https://www.sports-reference.com/cbb/players/isabella-posset-1.html,robert-morris,2018-19
27,27,27,2019-03-02,Robert Morris,@,Wagner,REG (Conf),W 77-57,*,28,5,10,.500,2,5,.400,3,5,.600,.600,2,2,1.000,0,3,3,2,1,1,2,3,14,9.8,Isabella Posset,https://www.sports-reference.com/cbb/players/isabella-posset-1.html,robert-morris,2018-19
28,28,28,2019-03-04,Robert Morris,@,Sacred Heart,REG (Conf),L 45-54,*,22,2,10,.200,1,8,.125,1,2,.500,.250,0,0,,0,2,2,0,1,0,1,4,5,-2.2,Isabella Posset,https://www.sports-reference.com/cbb/players/isabella-posset-1.html,robert-morris,2018-19
29,29,29,2019-03-07,Robert Morris,,Saint Francis (PA),REG (Conf),W 66-53,*,26,3,6,.500,3,6,.500,0,0,,.750,4,4,1.000,0,3,3,4,3,0,6,4,13,9.1,Isabella Posset,https://www.sports-reference.com/cbb/players/isabella-posset-1.html,robert-morris,2018-19
30,30,30,2019-03-11,Robert Morris,,Fairleigh Dickinson,CTOURN,W 64-38,*,22,2,5,.400,1,3,.333,1,2,.500,.500,1,2,.500,0,1,1,2,1,0,1,3,6,3.4,Isabella Posset,https://www.sports-reference.com/cbb/players/isabella-posset-1.html,robert-morris,2018-19
31,31,31,2019-03-14,Robert Morris,,Mount St. Mary's,CTOURN,W 69-65,*,35,0,7,.000,0,3,.000,0,4,.000,.000,1,2,.500,0,2,2,4,2,0,3,2,1,-2.7,Isabella Posset,https://www.sports-reference.com/cbb/players/isabella-posset-1.html,robert-morris,2018-19
32,32,32,2019-03-17,Robert Morris,,Saint Francis (PA),CTOURN,W 65-54,*,28,3,6,.500,3,6,.500,0,0,,.750,3,4,.750,1,2,3,6,2,0,2,2,12,13.3,Isabella Posset,https://www.sports-reference.com/cbb/players/isabella-posset-1.html,robert-morris,2018-19
33,33,33,2019-03-22,Robert Morris,@,Louisville,ROUND-64,L 34-69,*,34,0,6,.000,0,3,.000,0,3,.000,.000,0,2,.000,0,1,1,0,1,0,5,3,0,-9.9,Isabella Posset,https://www.sports-reference.com/cbb/players/isabella-posset-1.html,robert-morris,2018-19
