ranker,player_game_num_career,team_game_num_season,date,team_name_abbr,game_location,opp_name_abbr,game_type,game_result,is_starter,mp,fg,fga,fg_pct,fg3,fg3a,fg3_pct,fg2,fg2a,fg2_pct,efg_pct,ft,fta,ft_pct,orb,drb,trb,ast,stl,blk,tov,pf,pts,game_score,player_name,player_sr_link,school,season
1,34,1,2018-11-06,Robert Morris,@,Youngstown State,REG (Non-Conf),L 59-69 (OT),,2,0,0,,0,0,,0,0,,,0,0,,0,0,0,0,0,0,0,0,0,0.0,Laura Carrasco,https://www.sports-reference.com/cbb/players/laura-carrasco-1.html,robert-morris,2018-19
2,35,2,2018-11-11,Robert Morris,,La Salle,REG (Non-Conf),W 67-39,,13,0,1,.000,0,0,,0,1,.000,.000,0,2,.000,2,0,2,1,1,0,0,0,0,1.6,Laura Carrasco,https://www.sports-reference.com/cbb/players/laura-carrasco-1.html,robert-morris,2018-19
3,36,4,2018-11-17,Robert Morris,@,Bowling Green,REG (Non-Conf),L 60-61,,2,0,0,,0,0,,0,0,,,0,0,,0,1,1,0,0,0,0,0,0,0.3,Laura Carrasco,https://www.sports-reference.com/cbb/players/laura-carrasco-1.html,robert-morris,2018-19
4,37,5,2018-11-23,Robert Morris,,SMU,REG (Non-Conf),L 55-60,,1,0,0,,0,0,,0,0,,,0,0,,0,0,0,0,0,0,0,0,0,0.0,Laura Carrasco,https://www.sports-reference.com/cbb/players/laura-carrasco-1.html,robert-morris,2018-19
5,38,7,2018-12-02,Robert Morris,@,Iowa,REG (Non-Conf),L 63-92,,8,1,2,.500,1,1,1.000,0,1,.000,.750,0,0,,0,0,0,1,0,0,1,1,3,1.3,Laura Carrasco,https://www.sports-reference.com/cbb/players/laura-carrasco-1.html,robert-morris,2018-19
6,39,8,2018-12-07,Robert Morris,,Kent State,REG (Non-Conf),L 46-54,,5,0,0,,0,0,,0,0,,,0,0,,0,0,0,0,0,0,1,1,0,-1.4,Laura Carrasco,https://www.sports-reference.com/cbb/players/laura-carrasco-1.html,robert-morris,2018-19
7,40,9,2018-12-15,Robert Morris,,Pitt.-Johnstown,REG (Non-Conf),W 73-53,,6,0,1,.000,0,1,.000,0,0,,.000,0,0,,0,1,1,0,0,0,1,1,0,-1.8,Laura Carrasco,https://www.sports-reference.com/cbb/players/laura-carrasco-1.html,robert-morris,2018-19
8,41,10,2018-12-18,Robert Morris,,Delaware State,REG (Non-Conf),W 64-63,,2,0,0,,0,0,,0,0,,,0,0,,0,0,0,0,1,0,0,1,0,0.6,Laura Carrasco,https://www.sports-reference.com/cbb/players/laura-carrasco-1.html,robert-morris,2018-19
9,42,11,2018-12-30,Robert Morris,,James Madison,REG (Non-Conf),L 36-59,,7,0,1,.000,0,1,.000,0,0,,.000,0,0,,1,0,1,0,0,0,0,0,0,0.0,Laura Carrasco,https://www.sports-reference.com/cbb/players/laura-carrasco-1.html,robert-morris,2018-19
10,43,12,2019-01-05,Robert Morris,,Mount St. Mary's,REG (Conf),W 70-58,,7,1,2,.500,1,2,.500,0,0,,.750,0,0,,0,0,0,0,0,0,0,3,3,0.8,Laura Carrasco,https://www.sports-reference.com/cbb/players/laura-carrasco-1.html,robert-morris,2018-19
11,44,13,2019-01-07,Robert Morris,,Fairleigh Dickinson,REG (Conf),W 71-49,,16,2,2,1.000,2,2,1.000,0,0,,1.500,1,2,.500,0,1,1,2,2,0,2,1,7,7.3,Laura Carrasco,https://www.sports-reference.com/cbb/players/laura-carrasco-1.html,robert-morris,2018-19
12,45,14,2019-01-12,Robert Morris,@,St. Francis Brooklyn,REG (Conf),W 75-56,,8,1,2,.500,0,1,.000,1,1,1.000,.500,0,0,,0,0,0,2,0,0,0,1,2,2.0,Laura Carrasco,https://www.sports-reference.com/cbb/players/laura-carrasco-1.html,robert-morris,2018-19
13,46,15,2019-01-14,Robert Morris,@,LIU Brooklyn,REG (Conf),W 89-37,,17,0,2,.000,0,2,.000,0,0,,.000,0,2,.000,0,0,0,1,3,0,1,1,0,0.1,Laura Carrasco,https://www.sports-reference.com/cbb/players/laura-carrasco-1.html,robert-morris,2018-19
14,47,16,2019-01-19,Robert Morris,@,Bryant,REG (Conf),W 60-57,,1,0,0,,0,0,,0,0,,,0,0,,0,0,0,0,0,0,0,0,0,0.0,Laura Carrasco,https://www.sports-reference.com/cbb/players/laura-carrasco-1.html,robert-morris,2018-19
15,48,17,2019-01-21,Robert Morris,@,Central Connecticut State,REG (Conf),W 64-57,,8,1,1,1.000,1,1,1.000,0,0,,1.500,0,0,,1,0,1,1,1,0,0,1,3,4.7,Laura Carrasco,https://www.sports-reference.com/cbb/players/laura-carrasco-1.html,robert-morris,2018-19
16,49,18,2019-01-26,Robert Morris,,Wagner,REG (Conf),W 69-46,,3,0,2,.000,0,1,.000,0,1,.000,.000,0,0,,0,0,0,0,0,0,0,0,0,-1.4,Laura Carrasco,https://www.sports-reference.com/cbb/players/laura-carrasco-1.html,robert-morris,2018-19
17,50,19,2019-01-28,Robert Morris,,Sacred Heart,REG (Conf),W 64-46,,8,0,3,.000,0,0,,0,3,.000,.000,0,0,,0,0,0,0,0,0,0,2,0,-2.9,Laura Carrasco,https://www.sports-reference.com/cbb/players/laura-carrasco-1.html,robert-morris,2018-19
18,51,20,2019-02-02,Robert Morris,@,Fairleigh Dickinson,REG (Conf),W 63-43,,6,0,0,,0,0,,0,0,,,0,0,,0,0,0,0,0,0,0,0,0,0.0,Laura Carrasco,https://www.sports-reference.com/cbb/players/laura-carrasco-1.html,robert-morris,2018-19
19,52,21,2019-02-09,Robert Morris,,Bryant,REG (Conf),W 59-56,,1,0,0,,0,0,,0,0,,,0,0,,0,0,0,0,0,0,0,0,0,0.0,Laura Carrasco,https://www.sports-reference.com/cbb/players/laura-carrasco-1.html,robert-morris,2018-19
20,53,22,2019-02-11,Robert Morris,,Central Connecticut State,REG (Conf),W 60-40,,7,0,0,,0,0,,0,0,,,0,0,,0,0,0,2,0,0,0,0,0,1.4,Laura Carrasco,https://www.sports-reference.com/cbb/players/laura-carrasco-1.html,robert-morris,2018-19
21,54,23,2019-02-16,Robert Morris,@,Mount St. Mary's,REG (Conf),L 55-61,,15,1,1,1.000,1,1,1.000,0,0,,1.500,0,0,,0,1,1,3,2,0,0,1,3,6.7,Laura Carrasco,https://www.sports-reference.com/cbb/players/laura-carrasco-1.html,robert-morris,2018-19
22,55,24,2019-02-18,Robert Morris,@,Saint Francis (PA),REG (Conf),W 66-60,,4,0,1,.000,0,1,.000,0,0,,.000,0,0,,0,0,0,0,0,0,0,3,0,-1.9,Laura Carrasco,https://www.sports-reference.com/cbb/players/laura-carrasco-1.html,robert-morris,2018-19
23,56,25,2019-02-23,Robert Morris,,St. Francis Brooklyn,REG (Conf),W 74-57,,3,0,0,,0,0,,0,0,,,0,0,,0,1,1,0,0,0,2,1,0,-2.1,Laura Carrasco,https://www.sports-reference.com/cbb/players/laura-carrasco-1.html,robert-morris,2018-19
24,57,26,2019-02-25,Robert Morris,,LIU Brooklyn,REG (Conf),W 71-54,,6,0,0,,0,0,,0,0,,,0,0,,0,0,0,1,0,0,0,1,0,0.3,Laura Carrasco,https://www.sports-reference.com/cbb/players/laura-carrasco-1.html,robert-morris,2018-19
25,58,27,2019-03-02,Robert Morris,@,Wagner,REG (Conf),W 77-57,,12,0,1,.000,0,1,.000,0,0,,.000,0,0,,0,0,0,0,0,0,0,2,0,-1.5,Laura Carrasco,https://www.sports-reference.com/cbb/players/laura-carrasco-1.html,robert-morris,2018-19
26,59,28,2019-03-04,Robert Morris,@,Sacred Heart,REG (Conf),L 45-54,,10,1,4,.250,1,2,.500,0,2,.000,.375,0,0,,1,0,1,1,1,0,0,1,3,2.6,Laura Carrasco,https://www.sports-reference.com/cbb/players/laura-carrasco-1.html,robert-morris,2018-19
27,60,29,2019-03-07,Robert Morris,,Saint Francis (PA),REG (Conf),W 66-53,,7,1,3,.333,1,1,1.000,0,2,.000,.500,0,0,,0,1,1,1,0,1,0,2,3,2.2,Laura Carrasco,https://www.sports-reference.com/cbb/players/laura-carrasco-1.html,robert-morris,2018-19
28,61,30,2019-03-11,Robert Morris,,Fairleigh Dickinson,CTOURN,W 64-38,,8,1,1,1.000,0,0,,1,1,1.000,1.000,0,0,,0,0,0,0,0,0,0,1,2,1.3,Laura Carrasco,https://www.sports-reference.com/cbb/players/laura-carrasco-1.html,robert-morris,2018-19
29,62,33,2019-03-22,Robert Morris,@,Louisville,ROUND-64,L 34-69,,9,0,1,.000,0,1,.000,0,0,,.000,0,0,,0,0,0,0,2,0,0,0,0,1.3,Laura Carrasco,https://www.sports-reference.com/cbb/players/laura-carrasco-1.html,robert-morris,2018-19
