ranker,player_game_num_career,team_game_num_season,date,team_name_abbr,game_location,opp_name_abbr,game_type,game_result,is_starter,mp,fg,fga,fg_pct,fg3,fg3a,fg3_pct,fg2,fg2a,fg2_pct,efg_pct,ft,fta,ft_pct,orb,drb,trb,ast,stl,blk,tov,pf,pts,game_score,player_name,player_sr_link,school,season
1,1,1,2018-11-06,Robert Morris,@,Youngstown State,REG (Non-Conf),L 59-69 (OT),,3,0,0,,0,0,,0,0,,,0,0,,0,0,0,0,0,0,1,0,0,-1.0,Natalie Villaflor,https://www.sports-reference.com/cbb/players/natalie-villaflor-1.html,robert-morris,2018-19
2,2,2,2018-11-11,Robert Morris,,La Salle,REG (Non-Conf),W 67-39,,7,1,1,1.000,0,0,,1,1,1.000,1.000,0,0,,0,0,0,0,1,0,1,0,2,1.7,Natalie Villaflor,https://www.sports-reference.com/cbb/players/natalie-villaflor-1.html,robert-morris,2018-19
3,3,3,2018-11-13,Robert Morris,,Rhode Island,REG (Non-Conf),L 41-46,,4,0,0,,0,0,,0,0,,,0,0,,0,0,0,0,1,0,1,3,0,-1.2,Natalie Villaflor,https://www.sports-reference.com/cbb/players/natalie-villaflor-1.html,robert-morris,2018-19
4,4,4,2018-11-17,Robert Morris,@,Bowling Green,REG (Non-Conf),L 60-61,,11,0,1,.000,0,1,.000,0,0,,.000,0,0,,0,2,2,0,1,0,2,2,0,-1.9,Natalie Villaflor,https://www.sports-reference.com/cbb/players/natalie-villaflor-1.html,robert-morris,2018-19
5,5,5,2018-11-23,Robert Morris,,SMU,REG (Non-Conf),L 55-60,,8,0,1,.000,0,1,.000,0,0,,.000,0,0,,0,0,0,0,0,0,0,3,0,-1.9,Natalie Villaflor,https://www.sports-reference.com/cbb/players/natalie-villaflor-1.html,robert-morris,2018-19
6,6,6,2018-11-24,Robert Morris,@,Loyola Marymount,REG (Non-Conf),L 53-61,,8,0,1,.000,0,1,.000,0,0,,.000,0,0,,1,2,3,2,0,1,0,0,0,2.7,Natalie Villaflor,https://www.sports-reference.com/cbb/players/natalie-villaflor-1.html,robert-morris,2018-19
7,7,7,2018-12-02,Robert Morris,@,Iowa,REG (Non-Conf),L 63-92,,13,0,1,.000,0,1,.000,0,0,,.000,0,0,,1,2,3,0,0,0,0,3,0,-0.6,Natalie Villaflor,https://www.sports-reference.com/cbb/players/natalie-villaflor-1.html,robert-morris,2018-19
8,8,8,2018-12-07,Robert Morris,,Kent State,REG (Non-Conf),L 46-54,,22,0,3,.000,0,2,.000,0,1,.000,.000,0,0,,0,2,2,0,0,0,1,2,0,-3.3,Natalie Villaflor,https://www.sports-reference.com/cbb/players/natalie-villaflor-1.html,robert-morris,2018-19
9,9,9,2018-12-15,Robert Morris,,Pitt.-Johnstown,REG (Non-Conf),W 73-53,,12,0,2,.000,0,2,.000,0,0,,.000,0,0,,1,0,1,0,1,0,0,4,0,-1.3,Natalie Villaflor,https://www.sports-reference.com/cbb/players/natalie-villaflor-1.html,robert-morris,2018-19
10,10,10,2018-12-18,Robert Morris,,Delaware State,REG (Non-Conf),W 64-63,,16,1,2,.500,0,0,,1,2,.500,.500,0,0,,1,3,4,1,0,0,0,1,2,2.9,Natalie Villaflor,https://www.sports-reference.com/cbb/players/natalie-villaflor-1.html,robert-morris,2018-19
11,11,11,2018-12-30,Robert Morris,,James Madison,REG (Non-Conf),L 36-59,,6,0,0,,0,0,,0,0,,,0,0,,1,0,1,0,0,0,2,1,0,-1.7,Natalie Villaflor,https://www.sports-reference.com/cbb/players/natalie-villaflor-1.html,robert-morris,2018-19
12,12,12,2019-01-05,Robert Morris,,Mount St. Mary's,REG (Conf),W 70-58,,11,0,1,.000,0,1,.000,0,0,,.000,0,0,,0,1,1,1,0,1,0,1,0,0.6,Natalie Villaflor,https://www.sports-reference.com/cbb/players/natalie-villaflor-1.html,robert-morris,2018-19
13,13,13,2019-01-07,Robert Morris,,Fairleigh Dickinson,REG (Conf),W 71-49,,18,1,3,.333,1,1,1.000,0,2,.000,.500,0,0,,1,2,3,0,2,0,1,2,3,2.8,Natalie Villaflor,https://www.sports-reference.com/cbb/players/natalie-villaflor-1.html,robert-morris,2018-19
14,14,14,2019-01-12,Robert Morris,@,St. Francis Brooklyn,REG (Conf),W 75-56,,15,2,4,.500,2,3,.667,0,1,.000,.750,0,0,,0,3,3,1,1,1,0,1,6,6.9,Natalie Villaflor,https://www.sports-reference.com/cbb/players/natalie-villaflor-1.html,robert-morris,2018-19
15,15,15,2019-01-14,Robert Morris,@,LIU Brooklyn,REG (Conf),W 89-37,,22,2,3,.667,1,1,1.000,1,2,.500,.833,2,3,.667,1,1,2,2,1,0,0,3,7,7.5,Natalie Villaflor,https://www.sports-reference.com/cbb/players/natalie-villaflor-1.html,robert-morris,2018-19
16,16,16,2019-01-19,Robert Morris,@,Bryant,REG (Conf),W 60-57,,21,3,3,1.000,0,0,,3,3,1.000,1.000,1,1,1.000,0,4,4,0,0,0,3,3,7,3.1,Natalie Villaflor,https://www.sports-reference.com/cbb/players/natalie-villaflor-1.html,robert-morris,2018-19
17,17,17,2019-01-21,Robert Morris,@,Central Connecticut State,REG (Conf),W 64-57,,20,3,5,.600,0,0,,3,5,.600,.600,1,2,.500,0,3,3,0,4,1,0,0,7,9.9,Natalie Villaflor,https://www.sports-reference.com/cbb/players/natalie-villaflor-1.html,robert-morris,2018-19
18,18,18,2019-01-26,Robert Morris,,Wagner,REG (Conf),W 69-46,,20,3,4,.750,0,0,,3,4,.750,.750,3,4,.750,1,2,3,1,0,0,2,3,9,5.8,Natalie Villaflor,https://www.sports-reference.com/cbb/players/natalie-villaflor-1.html,robert-morris,2018-19
19,19,19,2019-01-28,Robert Morris,,Sacred Heart,REG (Conf),W 64-46,,20,0,1,.000,0,0,,0,1,.000,.000,1,2,.500,1,3,4,0,0,1,1,2,1,0.4,Natalie Villaflor,https://www.sports-reference.com/cbb/players/natalie-villaflor-1.html,robert-morris,2018-19
20,20,20,2019-02-02,Robert Morris,@,Fairleigh Dickinson,REG (Conf),W 63-43,,24,3,7,.429,1,2,.500,2,5,.400,.500,3,3,1.000,1,4,5,1,1,1,1,2,10,8.8,Natalie Villaflor,https://www.sports-reference.com/cbb/players/natalie-villaflor-1.html,robert-morris,2018-19
21,21,21,2019-02-09,Robert Morris,,Bryant,REG (Conf),W 59-56,,15,2,5,.400,0,2,.000,2,3,.667,.400,2,2,1.000,1,0,1,0,0,0,1,0,6,3.0,Natalie Villaflor,https://www.sports-reference.com/cbb/players/natalie-villaflor-1.html,robert-morris,2018-19
22,22,22,2019-02-11,Robert Morris,,Central Connecticut State,REG (Conf),W 60-40,,20,0,3,.000,0,1,.000,0,2,.000,.000,2,2,1.000,0,4,4,1,0,0,2,3,2,-1.4,Natalie Villaflor,https://www.sports-reference.com/cbb/players/natalie-villaflor-1.html,robert-morris,2018-19
23,23,23,2019-02-16,Robert Morris,@,Mount St. Mary's,REG (Conf),L 55-61,,25,3,12,.250,1,4,.250,2,8,.250,.292,0,0,,2,2,4,2,1,0,2,2,7,1.4,Natalie Villaflor,https://www.sports-reference.com/cbb/players/natalie-villaflor-1.html,robert-morris,2018-19
24,24,24,2019-02-18,Robert Morris,@,Saint Francis (PA),REG (Conf),W 66-60,,21,3,9,.333,1,6,.167,2,3,.667,.389,0,0,,1,6,7,2,1,3,0,1,7,8.5,Natalie Villaflor,https://www.sports-reference.com/cbb/players/natalie-villaflor-1.html,robert-morris,2018-19
25,25,25,2019-02-23,Robert Morris,,St. Francis Brooklyn,REG (Conf),W 74-57,,17,1,3,.333,0,1,.000,1,2,.500,.333,0,0,,1,3,4,1,2,0,2,0,2,2.6,Natalie Villaflor,https://www.sports-reference.com/cbb/players/natalie-villaflor-1.html,robert-morris,2018-19
26,26,26,2019-02-25,Robert Morris,,LIU Brooklyn,REG (Conf),W 71-54,,23,1,5,.200,0,1,.000,1,4,.250,.200,0,0,,2,4,6,3,2,0,2,1,2,3.2,Natalie Villaflor,https://www.sports-reference.com/cbb/players/natalie-villaflor-1.html,robert-morris,2018-19
27,27,27,2019-03-02,Robert Morris,@,Wagner,REG (Conf),W 77-57,,11,0,1,.000,0,1,.000,0,0,,.000,0,0,,0,2,2,0,1,0,1,2,0,-0.9,Natalie Villaflor,https://www.sports-reference.com/cbb/players/natalie-villaflor-1.html,robert-morris,2018-19
28,28,28,2019-03-04,Robert Morris,@,Sacred Heart,REG (Conf),L 45-54,,14,0,1,.000,0,0,,0,1,.000,.000,0,0,,0,3,3,0,0,0,0,1,0,-0.2,Natalie Villaflor,https://www.sports-reference.com/cbb/players/natalie-villaflor-1.html,robert-morris,2018-19
29,29,29,2019-03-07,Robert Morris,,Saint Francis (PA),REG (Conf),W 66-53,,18,2,6,.333,0,1,.000,2,5,.400,.333,1,2,.500,2,2,4,0,0,1,0,3,5,2.7,Natalie Villaflor,https://www.sports-reference.com/cbb/players/natalie-villaflor-1.html,robert-morris,2018-19
30,30,30,2019-03-11,Robert Morris,,Fairleigh Dickinson,CTOURN,W 64-38,,19,1,4,.250,0,2,.000,1,2,.500,.250,2,4,.500,1,6,7,0,0,0,1,2,4,1.5,Natalie Villaflor,https://www.sports-reference.com/cbb/players/natalie-villaflor-1.html,robert-morris,2018-19
31,31,31,2019-03-14,Robert Morris,,Mount St. Mary's,CTOURN,W 69-65,,9,0,1,.000,0,0,,0,1,.000,.000,0,0,,0,0,0,0,0,1,0,0,0,0.0,Natalie Villaflor,https://www.sports-reference.com/cbb/players/natalie-villaflor-1.html,robert-morris,2018-19
32,32,32,2019-03-17,Robert Morris,,Saint Francis (PA),CTOURN,W 65-54,,17,3,6,.500,0,1,.000,3,5,.600,.500,0,0,,1,2,3,1,0,0,1,0,6,4.0,Natalie Villaflor,https://www.sports-reference.com/cbb/players/natalie-villaflor-1.html,robert-morris,2018-19
33,33,33,2019-03-22,Robert Morris,@,Louisville,ROUND-64,L 34-69,,26,5,9,.556,3,4,.750,2,5,.400,.722,0,0,,0,3,3,0,1,2,0,2,13,11.2,Natalie Villaflor,https://www.sports-reference.com/cbb/players/natalie-villaflor-1.html,robert-morris,2018-19
