ranker,player_game_num_career,team_game_num_season,date,team_name_abbr,game_location,opp_name_abbr,game_type,game_result,is_starter,mp,fg,fga,fg_pct,fg3,fg3a,fg3_pct,fg2,fg2a,fg2_pct,efg_pct,ft,fta,ft_pct,orb,drb,trb,ast,stl,blk,tov,pf,pts,game_score,player_name,player_sr_link,school,season
1,34,1,2018-11-06,Robert Morris,@,Youngstown State,REG (Non-Conf),L 59-69 (OT),*,19,2,6,.333,0,3,.000,2,3,.667,.333,0,0,,0,1,1,2,0,0,2,3,4,-0.9,Nina Augustin,https://www.sports-reference.com/cbb/players/nina-augustin-1.html,robert-morris,2018-19
2,35,2,2018-11-11,Robert Morris,,La Salle,REG (Non-Conf),W 67-39,*,21,1,5,.200,1,2,.500,0,3,.000,.300,0,0,,0,2,2,4,1,0,1,1,3,2.9,Nina Augustin,https://www.sports-reference.com/cbb/players/nina-augustin-1.html,robert-morris,2018-19
3,36,3,2018-11-13,Robert Morris,,Rhode Island,REG (Non-Conf),L 41-46,*,18,0,3,.000,0,3,.000,0,0,,.000,1,2,.500,0,0,0,1,0,0,4,4,1,-6.4,Nina Augustin,https://www.sports-reference.com/cbb/players/nina-augustin-1.html,robert-morris,2018-19
4,37,4,2018-11-17,Robert Morris,@,Bowling Green,REG (Non-Conf),L 60-61,*,27,3,7,.429,2,3,.667,1,4,.250,.571,0,0,,0,3,3,6,1,0,5,1,8,5.0,Nina Augustin,https://www.sports-reference.com/cbb/players/nina-augustin-1.html,robert-morris,2018-19
5,38,5,2018-11-23,Robert Morris,,SMU,REG (Non-Conf),L 55-60,*,15,0,2,.000,0,0,,0,2,.000,.000,0,0,,1,1,2,1,3,0,2,4,0,-0.3,Nina Augustin,https://www.sports-reference.com/cbb/players/nina-augustin-1.html,robert-morris,2018-19
6,39,6,2018-11-24,Robert Morris,@,Loyola Marymount,REG (Non-Conf),L 53-61,*,21,1,4,.250,1,2,.500,0,2,.000,.375,2,2,1.000,1,0,1,4,3,1,5,2,5,4.0,Nina Augustin,https://www.sports-reference.com/cbb/players/nina-augustin-1.html,robert-morris,2018-19
7,40,7,2018-12-02,Robert Morris,@,Iowa,REG (Non-Conf),L 63-92,*,24,2,6,.333,2,5,.400,0,1,.000,.500,0,0,,0,2,2,3,1,0,1,3,6,4.1,Nina Augustin,https://www.sports-reference.com/cbb/players/nina-augustin-1.html,robert-morris,2018-19
8,41,8,2018-12-07,Robert Morris,,Kent State,REG (Non-Conf),L 46-54,*,8,0,1,.000,0,0,,0,1,.000,.000,0,0,,0,1,1,0,0,0,2,1,0,-2.8,Nina Augustin,https://www.sports-reference.com/cbb/players/nina-augustin-1.html,robert-morris,2018-19
9,42,9,2018-12-15,Robert Morris,,Pitt.-Johnstown,REG (Non-Conf),W 73-53,,21,5,11,.455,2,5,.400,3,6,.500,.545,1,2,.500,0,1,1,2,2,0,0,1,13,10.2,Nina Augustin,https://www.sports-reference.com/cbb/players/nina-augustin-1.html,robert-morris,2018-19
10,43,10,2018-12-18,Robert Morris,,Delaware State,REG (Non-Conf),W 64-63,,22,3,7,.429,2,4,.500,1,3,.333,.571,0,0,,0,0,0,2,1,0,2,3,8,3.5,Nina Augustin,https://www.sports-reference.com/cbb/players/nina-augustin-1.html,robert-morris,2018-19
11,44,11,2018-12-30,Robert Morris,,James Madison,REG (Non-Conf),L 36-59,,23,1,5,.200,1,3,.333,0,2,.000,.300,0,0,,0,2,2,2,2,2,0,1,3,4.9,Nina Augustin,https://www.sports-reference.com/cbb/players/nina-augustin-1.html,robert-morris,2018-19
12,45,12,2019-01-05,Robert Morris,,Mount St. Mary's,REG (Conf),W 70-58,,19,1,5,.200,0,2,.000,1,3,.333,.200,2,2,1.000,0,0,0,4,1,0,2,5,4,0.7,Nina Augustin,https://www.sports-reference.com/cbb/players/nina-augustin-1.html,robert-morris,2018-19
13,46,13,2019-01-07,Robert Morris,,Fairleigh Dickinson,REG (Conf),W 71-49,,14,3,5,.600,0,1,.000,3,4,.750,.600,0,1,.000,0,1,1,4,2,0,0,2,6,7.6,Nina Augustin,https://www.sports-reference.com/cbb/players/nina-augustin-1.html,robert-morris,2018-19
14,47,14,2019-01-12,Robert Morris,@,St. Francis Brooklyn,REG (Conf),W 75-56,,24,3,6,.500,2,4,.500,1,2,.500,.667,1,3,.333,0,3,3,3,0,0,1,2,9,6.4,Nina Augustin,https://www.sports-reference.com/cbb/players/nina-augustin-1.html,robert-morris,2018-19
15,48,15,2019-01-14,Robert Morris,@,LIU Brooklyn,REG (Conf),W 89-37,,17,1,5,.200,1,3,.333,0,2,.000,.300,0,0,,0,0,0,2,2,0,1,1,3,1.9,Nina Augustin,https://www.sports-reference.com/cbb/players/nina-augustin-1.html,robert-morris,2018-19
16,49,16,2019-01-19,Robert Morris,@,Bryant,REG (Conf),W 60-57,,27,3,7,.429,2,3,.667,1,4,.250,.571,2,4,.500,0,1,1,2,0,0,2,2,10,4.4,Nina Augustin,https://www.sports-reference.com/cbb/players/nina-augustin-1.html,robert-morris,2018-19
17,50,17,2019-01-21,Robert Morris,@,Central Connecticut State,REG (Conf),W 64-57,,17,2,6,.333,0,2,.000,2,4,.500,.333,0,0,,0,0,0,0,0,0,2,4,4,-3.0,Nina Augustin,https://www.sports-reference.com/cbb/players/nina-augustin-1.html,robert-morris,2018-19
18,51,18,2019-01-26,Robert Morris,,Wagner,REG (Conf),W 69-46,,18,5,9,.556,4,5,.800,1,4,.250,.778,0,0,,1,2,3,2,0,0,1,1,14,11.0,Nina Augustin,https://www.sports-reference.com/cbb/players/nina-augustin-1.html,robert-morris,2018-19
19,52,19,2019-01-28,Robert Morris,,Sacred Heart,REG (Conf),W 64-46,,21,0,0,,0,0,,0,0,,,0,0,,0,2,2,2,0,0,3,1,0,-1.4,Nina Augustin,https://www.sports-reference.com/cbb/players/nina-augustin-1.html,robert-morris,2018-19
20,53,20,2019-02-02,Robert Morris,@,Fairleigh Dickinson,REG (Conf),W 63-43,,24,3,6,.500,2,2,1.000,1,4,.250,.667,2,2,1.000,0,2,2,2,0,0,1,2,10,7.2,Nina Augustin,https://www.sports-reference.com/cbb/players/nina-augustin-1.html,robert-morris,2018-19
21,54,21,2019-02-09,Robert Morris,,Bryant,REG (Conf),W 59-56,,26,4,7,.571,2,4,.500,2,3,.667,.714,2,2,1.000,0,1,1,3,3,0,5,1,12,8.7,Nina Augustin,https://www.sports-reference.com/cbb/players/nina-augustin-1.html,robert-morris,2018-19
22,55,22,2019-02-11,Robert Morris,,Central Connecticut State,REG (Conf),W 60-40,,16,2,8,.250,0,4,.000,2,4,.500,.250,0,0,,0,1,1,1,0,0,2,1,4,-2.2,Nina Augustin,https://www.sports-reference.com/cbb/players/nina-augustin-1.html,robert-morris,2018-19
23,56,23,2019-02-16,Robert Morris,@,Mount St. Mary's,REG (Conf),L 55-61,*,32,2,6,.333,1,3,.333,1,3,.333,.417,1,2,.500,0,1,1,1,0,0,3,0,6,0.2,Nina Augustin,https://www.sports-reference.com/cbb/players/nina-augustin-1.html,robert-morris,2018-19
24,57,24,2019-02-18,Robert Morris,@,Saint Francis (PA),REG (Conf),W 66-60,*,36,6,13,.462,6,12,.500,0,1,.000,.692,0,0,,2,2,4,1,1,0,3,2,18,11.2,Nina Augustin,https://www.sports-reference.com/cbb/players/nina-augustin-1.html,robert-morris,2018-19
25,58,25,2019-02-23,Robert Morris,,St. Francis Brooklyn,REG (Conf),W 74-57,*,33,6,10,.600,2,4,.500,4,6,.667,.700,0,0,,0,0,0,2,2,0,1,1,14,11.4,Nina Augustin,https://www.sports-reference.com/cbb/players/nina-augustin-1.html,robert-morris,2018-19
26,59,26,2019-02-25,Robert Morris,,LIU Brooklyn,REG (Conf),W 71-54,*,34,3,7,.429,2,4,.500,1,3,.333,.571,3,3,1.000,1,4,5,2,2,0,1,3,11,10.4,Nina Augustin,https://www.sports-reference.com/cbb/players/nina-augustin-1.html,robert-morris,2018-19
27,60,27,2019-03-02,Robert Morris,@,Wagner,REG (Conf),W 77-57,*,29,3,7,.429,2,3,.667,1,4,.250,.571,0,0,,1,1,2,4,0,0,2,4,8,4.5,Nina Augustin,https://www.sports-reference.com/cbb/players/nina-augustin-1.html,robert-morris,2018-19
28,61,28,2019-03-04,Robert Morris,@,Sacred Heart,REG (Conf),L 45-54,*,38,3,12,.250,2,9,.222,1,3,.333,.333,1,2,.500,1,6,7,1,1,0,2,2,9,2.8,Nina Augustin,https://www.sports-reference.com/cbb/players/nina-augustin-1.html,robert-morris,2018-19
29,62,29,2019-03-07,Robert Morris,,Saint Francis (PA),REG (Conf),W 66-53,*,24,4,9,.444,4,9,.444,0,0,,.667,2,2,1.000,0,0,0,2,4,0,2,3,14,11.5,Nina Augustin,https://www.sports-reference.com/cbb/players/nina-augustin-1.html,robert-morris,2018-19
30,63,30,2019-03-11,Robert Morris,,Fairleigh Dickinson,CTOURN,W 64-38,*,32,4,8,.500,3,6,.500,1,2,.500,.688,2,2,1.000,0,4,4,4,2,0,2,1,13,12.6,Nina Augustin,https://www.sports-reference.com/cbb/players/nina-augustin-1.html,robert-morris,2018-19
31,64,31,2019-03-14,Robert Morris,,Mount St. Mary's,CTOURN,W 69-65,*,29,4,8,.500,2,5,.400,2,3,.667,.625,2,4,.500,0,2,2,5,0,0,5,3,12,5.1,Nina Augustin,https://www.sports-reference.com/cbb/players/nina-augustin-1.html,robert-morris,2018-19
32,65,32,2019-03-17,Robert Morris,,Saint Francis (PA),CTOURN,W 65-54,*,34,4,10,.400,4,8,.500,0,2,.000,.600,2,2,1.000,0,2,2,1,1,0,1,1,14,9.5,Nina Augustin,https://www.sports-reference.com/cbb/players/nina-augustin-1.html,robert-morris,2018-19
33,66,33,2019-03-22,Robert Morris,@,Louisville,ROUND-64,L 34-69,*,14,0,2,.000,0,1,.000,0,1,.000,.000,0,0,,0,0,0,1,0,0,2,4,0,-4.3,Nina Augustin,https://www.sports-reference.com/cbb/players/nina-augustin-1.html,robert-morris,2018-19
