ranker,player_game_num_career,team_game_num_season,date,team_name_abbr,game_location,opp_name_abbr,game_type,game_result,is_starter,mp,fg,fga,fg_pct,fg3,fg3a,fg3_pct,fg2,fg2a,fg2_pct,efg_pct,ft,fta,ft_pct,orb,drb,trb,ast,stl,blk,tov,pf,pts,game_score,player_name,player_sr_link,school,season
1,60,1,2022-11-07,Omaha,@,Nebraska,REG (Non-Conf),L 36-100,*,21,0,9,.000,0,2,.000,0,7,.000,.000,1,2,.500,0,2,2,1,0,0,3,0,1,-7.4,Aaliyah Stanley,https://www.sports-reference.com/cbb/players/aaliyah-stanley-1.html,nebraska-omaha,2022-23
2,61,2,2022-11-12,Omaha,,Wichita State,REG (Non-Conf),W 72-67 (OT),*,23,2,8,.250,1,4,.250,1,4,.250,.313,3,4,.750,1,3,4,2,0,0,2,2,8,3.0,Aaliyah Stanley,https://www.sports-reference.com/cbb/players/aaliyah-stanley-1.html,nebraska-omaha,2022-23
3,62,3,2022-11-16,Omaha,,Weber State,REG (Non-Conf),W 91-73,*,27,6,14,.429,2,5,.400,4,9,.444,.500,4,4,1.000,0,6,6,4,1,0,0,2,18,15.4,Aaliyah Stanley,https://www.sports-reference.com/cbb/players/aaliyah-stanley-1.html,nebraska-omaha,2022-23
4,63,4,2022-11-19,Omaha,,Peru St.,REG (Non-Conf),W 91-60,*,19,3,6,.500,1,2,.500,2,4,.500,.583,2,2,1.000,0,3,3,3,1,0,2,2,9,7.2,Aaliyah Stanley,https://www.sports-reference.com/cbb/players/aaliyah-stanley-1.html,nebraska-omaha,2022-23
5,64,5,2022-11-22,Omaha,,Creighton,REG (Non-Conf),L 71-93,*,29,6,12,.500,2,4,.500,4,8,.500,.583,1,2,.500,1,4,5,2,1,0,1,1,15,11.5,Aaliyah Stanley,https://www.sports-reference.com/cbb/players/aaliyah-stanley-1.html,nebraska-omaha,2022-23
6,65,6,2022-11-27,Omaha,@,Tennessee State,REG (Non-Conf),L 72-74,*,30,8,10,.800,4,4,1.000,4,6,.667,1.000,4,5,.800,2,5,7,3,2,0,4,3,24,21.6,Aaliyah Stanley,https://www.sports-reference.com/cbb/players/aaliyah-stanley-1.html,nebraska-omaha,2022-23
7,66,7,2022-12-01,Omaha,@,Pepperdine,REG (Non-Conf),W 56-51,*,29,1,9,.111,0,3,.000,1,6,.167,.111,2,2,1.000,1,4,5,2,4,0,1,3,4,3.2,Aaliyah Stanley,https://www.sports-reference.com/cbb/players/aaliyah-stanley-1.html,nebraska-omaha,2022-23
8,67,8,2022-12-04,Omaha,@,Cal State Bakersfield,REG (Non-Conf),L 68-69 (OT),*,34,3,12,.250,0,5,.000,3,7,.429,.250,3,5,.600,0,4,4,1,3,0,3,1,9,2.5,Aaliyah Stanley,https://www.sports-reference.com/cbb/players/aaliyah-stanley-1.html,nebraska-omaha,2022-23
9,68,9,2022-12-09,Omaha,@,Missouri,REG (Non-Conf),L 36-83,*,23,2,6,.333,1,1,1.000,1,5,.200,.417,2,2,1.000,0,3,3,2,0,0,2,1,7,3.5,Aaliyah Stanley,https://www.sports-reference.com/cbb/players/aaliyah-stanley-1.html,nebraska-omaha,2022-23
10,69,10,2022-12-11,Omaha,,Saint Mary (NE),REG (Non-Conf),W 84-34,*,22,2,7,.286,0,2,.000,2,5,.400,.286,1,1,1.000,0,5,5,1,0,0,1,1,5,1.7,Aaliyah Stanley,https://www.sports-reference.com/cbb/players/aaliyah-stanley-1.html,nebraska-omaha,2022-23
11,70,11,2022-12-16,Omaha,@,Northern Colorado,REG (Non-Conf),L 45-67,*,20,2,8,.250,2,5,.400,0,3,.000,.375,0,0,,0,0,0,0,0,0,2,4,6,-2.4,Aaliyah Stanley,https://www.sports-reference.com/cbb/players/aaliyah-stanley-1.html,nebraska-omaha,2022-23
12,71,12,2022-12-29,Omaha,@,Oral Roberts,REG (Conf),L 63-75,*,29,1,10,.100,0,3,.000,1,7,.143,.100,7,8,.875,2,4,6,1,2,0,4,1,9,2.9,Aaliyah Stanley,https://www.sports-reference.com/cbb/players/aaliyah-stanley-1.html,nebraska-omaha,2022-23
13,72,13,2022-12-31,Omaha,@,Kansas City,REG (Conf),W 75-64,*,34,12,17,.706,2,4,.500,10,13,.769,.765,8,10,.800,0,5,5,1,2,1,5,3,34,24.8,Aaliyah Stanley,https://www.sports-reference.com/cbb/players/aaliyah-stanley-1.html,nebraska-omaha,2022-23
14,73,14,2023-01-05,Omaha,,Western Illinois,REG (Conf),W 76-64,*,30,8,14,.571,3,6,.500,5,8,.625,.679,2,2,1.000,0,6,6,1,3,0,3,3,21,15.7,Aaliyah Stanley,https://www.sports-reference.com/cbb/players/aaliyah-stanley-1.html,nebraska-omaha,2022-23
15,74,15,2023-01-07,Omaha,,St. Thomas,REG (Conf),W 80-77 (OT),*,41,8,13,.615,3,4,.750,5,9,.556,.731,1,2,.500,0,6,6,1,1,0,1,3,20,15.0,Aaliyah Stanley,https://www.sports-reference.com/cbb/players/aaliyah-stanley-1.html,nebraska-omaha,2022-23
16,75,16,2023-01-12,Omaha,@,North Dakota,REG (Conf),L 63-65,*,31,4,13,.308,3,5,.600,1,8,.125,.423,0,0,,2,2,4,2,0,0,2,1,11,4.5,Aaliyah Stanley,https://www.sports-reference.com/cbb/players/aaliyah-stanley-1.html,nebraska-omaha,2022-23
17,76,17,2023-01-14,Omaha,@,North Dakota State,REG (Conf),L 71-83,*,31,5,8,.625,0,3,.000,5,5,1.000,.625,3,3,1.000,0,1,1,2,0,0,2,5,13,7.1,Aaliyah Stanley,https://www.sports-reference.com/cbb/players/aaliyah-stanley-1.html,nebraska-omaha,2022-23
18,77,18,2023-01-16,Omaha,@,Denver,REG (Conf),W 75-64,*,26,4,5,.800,1,2,.500,3,3,1.000,.900,1,2,.500,0,4,4,1,0,0,3,1,10,6.2,Aaliyah Stanley,https://www.sports-reference.com/cbb/players/aaliyah-stanley-1.html,nebraska-omaha,2022-23
19,78,19,2023-01-19,Omaha,,South Dakota State,REG (Conf),L 61-68,*,27,2,10,.200,1,4,.250,1,6,.167,.250,1,4,.250,1,6,7,1,0,0,3,0,6,-1.2,Aaliyah Stanley,https://www.sports-reference.com/cbb/players/aaliyah-stanley-1.html,nebraska-omaha,2022-23
20,79,20,2023-01-21,Omaha,,South Dakota,REG (Conf),L 63-70,*,34,4,11,.364,3,10,.300,1,1,1.000,.500,5,5,1.000,0,2,2,4,0,0,2,1,16,10.9,Aaliyah Stanley,https://www.sports-reference.com/cbb/players/aaliyah-stanley-1.html,nebraska-omaha,2022-23
21,80,21,2023-01-26,Omaha,,Kansas City,REG (Conf),L 55-64,*,25,2,8,.250,1,5,.200,1,3,.333,.313,0,0,,0,2,2,4,1,0,1,2,5,2.8,Aaliyah Stanley,https://www.sports-reference.com/cbb/players/aaliyah-stanley-1.html,nebraska-omaha,2022-23
22,81,22,2023-01-28,Omaha,,Oral Roberts,REG (Conf),L 90-94 (OT),*,31,6,14,.429,1,4,.250,5,10,.500,.464,2,2,1.000,0,3,3,2,3,0,4,4,15,7.3,Aaliyah Stanley,https://www.sports-reference.com/cbb/players/aaliyah-stanley-1.html,nebraska-omaha,2022-23
23,82,23,2023-02-02,Omaha,@,St. Thomas,REG (Conf),W 58-54,*,32,3,9,.333,2,6,.333,1,3,.333,.444,2,2,1.000,0,2,2,5,2,0,4,2,10,6.2,Aaliyah Stanley,https://www.sports-reference.com/cbb/players/aaliyah-stanley-1.html,nebraska-omaha,2022-23
24,83,24,2023-02-04,Omaha,@,Western Illinois,REG (Conf),W 57-55,*,27,5,13,.385,3,7,.429,2,6,.333,.500,4,4,1.000,0,5,5,0,2,0,0,2,17,12.6,Aaliyah Stanley,https://www.sports-reference.com/cbb/players/aaliyah-stanley-1.html,nebraska-omaha,2022-23
25,84,25,2023-02-09,Omaha,,North Dakota State,REG (Conf),W 63-58,*,22,2,10,.200,2,4,.500,0,6,.000,.300,2,2,1.000,0,3,3,0,0,1,3,0,8,0.4,Aaliyah Stanley,https://www.sports-reference.com/cbb/players/aaliyah-stanley-1.html,nebraska-omaha,2022-23
26,85,26,2023-02-11,Omaha,,North Dakota,REG (Conf),L 61-79,*,19,2,9,.222,1,4,.250,1,5,.200,.278,0,1,.000,0,2,2,0,1,0,1,1,5,-0.7,Aaliyah Stanley,https://www.sports-reference.com/cbb/players/aaliyah-stanley-1.html,nebraska-omaha,2022-23
27,86,27,2023-02-16,Omaha,@,South Dakota,REG (Conf),L 41-61,*,20,1,8,.125,0,3,.000,1,5,.200,.125,1,1,1.000,1,3,4,2,0,0,2,0,3,-1.2,Aaliyah Stanley,https://www.sports-reference.com/cbb/players/aaliyah-stanley-1.html,nebraska-omaha,2022-23
28,87,28,2023-02-18,Omaha,@,South Dakota State,REG (Conf),L 54-87,,17,2,3,.667,1,2,.500,1,1,1.000,.833,2,2,1.000,0,0,0,1,0,0,1,3,7,4.2,Aaliyah Stanley,https://www.sports-reference.com/cbb/players/aaliyah-stanley-1.html,nebraska-omaha,2022-23
29,88,29,2023-02-25,Omaha,,Denver,REG (Conf),W 83-73,*,27,4,11,.364,1,2,.500,3,9,.333,.409,2,4,.500,2,3,5,3,1,0,1,4,11,6.9,Aaliyah Stanley,https://www.sports-reference.com/cbb/players/aaliyah-stanley-1.html,nebraska-omaha,2022-23
30,89,30,2023-03-05,Omaha,N,North Dakota,CTOURN,W 84-81,*,30,5,8,.625,1,3,.333,4,5,.800,.688,3,4,.750,1,3,4,1,1,0,2,0,14,11.3,Aaliyah Stanley,https://www.sports-reference.com/cbb/players/aaliyah-stanley-1.html,nebraska-omaha,2022-23
31,90,31,2023-03-06,Omaha,N,Kansas City,CTOURN,W 69-60,*,27,6,13,.462,1,5,.200,5,8,.625,.500,2,2,1.000,1,2,3,1,3,0,2,2,15,10.5,Aaliyah Stanley,https://www.sports-reference.com/cbb/players/aaliyah-stanley-1.html,nebraska-omaha,2022-23
32,91,32,2023-03-07,Omaha,N,South Dakota State,CTOURN,L 51-93,*,23,1,8,.125,0,3,.000,1,5,.200,.125,4,4,1.000,2,3,5,2,1,0,2,3,6,2.3,Aaliyah Stanley,https://www.sports-reference.com/cbb/players/aaliyah-stanley-1.html,nebraska-omaha,2022-23
