ranker,player_game_num_career,team_game_num_season,date,team_name_abbr,game_location,opp_name_abbr,game_type,game_result,is_starter,mp,fg,fga,fg_pct,fg3,fg3a,fg3_pct,fg2,fg2a,fg2_pct,efg_pct,ft,fta,ft_pct,orb,drb,trb,ast,stl,blk,tov,pf,pts,game_score,player_name,player_sr_link,school,season
1,33,1,2022-11-07,Omaha,@,Nebraska,REG (Non-Conf),L 36-100,*,24,1,7,.143,1,5,.200,0,2,.000,.214,0,0,,2,1,3,2,1,0,0,1,3,2.2,Katie Keitges,https://www.sports-reference.com/cbb/players/katie-keitges-1.html,nebraska-omaha,2022-23
2,34,2,2022-11-12,Omaha,,Wichita State,REG (Non-Conf),W 72-67 (OT),*,22,2,4,.500,0,2,.000,2,2,1.000,.500,0,0,,0,1,1,1,0,0,0,1,4,2.6,Katie Keitges,https://www.sports-reference.com/cbb/players/katie-keitges-1.html,nebraska-omaha,2022-23
3,35,3,2022-11-16,Omaha,,Weber State,REG (Non-Conf),W 91-73,*,12,0,1,.000,0,1,.000,0,0,,.000,0,0,,1,2,3,2,1,0,1,4,0,0.4,Katie Keitges,https://www.sports-reference.com/cbb/players/katie-keitges-1.html,nebraska-omaha,2022-23
4,36,4,2022-11-19,Omaha,,Peru St.,REG (Non-Conf),W 91-60,*,19,2,6,.333,1,3,.333,1,3,.333,.417,0,0,,1,2,3,3,0,0,1,0,5,4.0,Katie Keitges,https://www.sports-reference.com/cbb/players/katie-keitges-1.html,nebraska-omaha,2022-23
5,37,5,2022-11-22,Omaha,,Creighton,REG (Non-Conf),L 71-93,*,17,0,3,.000,0,3,.000,0,0,,.000,0,0,,0,3,3,1,0,0,1,1,0,-1.9,Katie Keitges,https://www.sports-reference.com/cbb/players/katie-keitges-1.html,nebraska-omaha,2022-23
6,38,6,2022-11-27,Omaha,@,Tennessee State,REG (Non-Conf),L 72-74,*,17,0,3,.000,0,2,.000,0,1,.000,.000,0,0,,1,1,2,1,0,0,1,3,0,-2.6,Katie Keitges,https://www.sports-reference.com/cbb/players/katie-keitges-1.html,nebraska-omaha,2022-23
7,39,7,2022-12-01,Omaha,@,Pepperdine,REG (Non-Conf),W 56-51,*,15,0,2,.000,0,2,.000,0,0,,.000,0,0,,0,1,1,0,3,0,3,2,0,-1.9,Katie Keitges,https://www.sports-reference.com/cbb/players/katie-keitges-1.html,nebraska-omaha,2022-23
8,40,8,2022-12-04,Omaha,@,Cal State Bakersfield,REG (Non-Conf),L 68-69 (OT),*,11,0,3,.000,0,2,.000,0,1,.000,.000,0,0,,1,1,2,0,0,0,2,1,0,-3.5,Katie Keitges,https://www.sports-reference.com/cbb/players/katie-keitges-1.html,nebraska-omaha,2022-23
9,41,9,2022-12-09,Omaha,@,Missouri,REG (Non-Conf),L 36-83,,21,0,3,.000,0,3,.000,0,0,,.000,0,0,,0,1,1,0,0,2,0,1,0,-0.8,Katie Keitges,https://www.sports-reference.com/cbb/players/katie-keitges-1.html,nebraska-omaha,2022-23
10,42,10,2022-12-11,Omaha,,Saint Mary (NE),REG (Non-Conf),W 84-34,,20,0,4,.000,0,3,.000,0,1,.000,.000,0,0,,2,1,3,1,0,0,0,0,0,-0.4,Katie Keitges,https://www.sports-reference.com/cbb/players/katie-keitges-1.html,nebraska-omaha,2022-23
11,43,11,2022-12-16,Omaha,@,Northern Colorado,REG (Non-Conf),L 45-67,,8,0,1,.000,0,1,.000,0,0,,.000,0,0,,0,0,0,1,0,0,2,3,0,-3.2,Katie Keitges,https://www.sports-reference.com/cbb/players/katie-keitges-1.html,nebraska-omaha,2022-23
12,44,12,2022-12-29,Omaha,@,Oral Roberts,REG (Conf),L 63-75,*,32,2,4,.500,2,3,.667,0,1,.000,.750,0,0,,0,0,0,2,0,1,1,3,6,3.9,Katie Keitges,https://www.sports-reference.com/cbb/players/katie-keitges-1.html,nebraska-omaha,2022-23
13,45,13,2022-12-31,Omaha,@,Kansas City,REG (Conf),W 75-64,*,30,4,7,.571,2,3,.667,2,4,.500,.714,0,0,,1,2,3,1,4,0,3,3,10,8.5,Katie Keitges,https://www.sports-reference.com/cbb/players/katie-keitges-1.html,nebraska-omaha,2022-23
14,46,14,2023-01-05,Omaha,,Western Illinois,REG (Conf),W 76-64,*,19,0,2,.000,0,2,.000,0,0,,.000,0,0,,2,1,3,2,0,0,0,1,0,1.3,Katie Keitges,https://www.sports-reference.com/cbb/players/katie-keitges-1.html,nebraska-omaha,2022-23
15,47,15,2023-01-07,Omaha,,St. Thomas,REG (Conf),W 80-77 (OT),*,14,1,1,1.000,1,1,1.000,0,0,,1.500,0,0,,0,0,0,0,0,0,1,1,3,1.3,Katie Keitges,https://www.sports-reference.com/cbb/players/katie-keitges-1.html,nebraska-omaha,2022-23
16,48,16,2023-01-12,Omaha,@,North Dakota,REG (Conf),L 63-65,*,17,0,3,.000,0,3,.000,0,0,,.000,0,0,,0,2,2,1,1,0,2,3,0,-3.0,Katie Keitges,https://www.sports-reference.com/cbb/players/katie-keitges-1.html,nebraska-omaha,2022-23
17,49,17,2023-01-14,Omaha,@,North Dakota State,REG (Conf),L 71-83,*,14,0,2,.000,0,1,.000,0,1,.000,.000,0,0,,0,1,1,0,0,0,0,0,0,-1.1,Katie Keitges,https://www.sports-reference.com/cbb/players/katie-keitges-1.html,nebraska-omaha,2022-23
18,50,18,2023-01-16,Omaha,@,Denver,REG (Conf),W 75-64,*,11,1,3,.333,1,2,.500,0,1,.000,.500,0,0,,0,0,0,1,1,1,0,2,3,2.9,Katie Keitges,https://www.sports-reference.com/cbb/players/katie-keitges-1.html,nebraska-omaha,2022-23
19,51,19,2023-01-19,Omaha,,South Dakota State,REG (Conf),L 61-68,,19,2,4,.500,2,3,.667,0,1,.000,.750,0,0,,0,1,1,0,1,0,1,0,6,4.3,Katie Keitges,https://www.sports-reference.com/cbb/players/katie-keitges-1.html,nebraska-omaha,2022-23
20,52,20,2023-01-21,Omaha,,South Dakota,REG (Conf),L 63-70,,12,1,3,.333,0,2,.000,1,1,1.000,.333,0,0,,1,1,2,1,0,0,0,2,2,1.2,Katie Keitges,https://www.sports-reference.com/cbb/players/katie-keitges-1.html,nebraska-omaha,2022-23
21,53,21,2023-01-26,Omaha,,Kansas City,REG (Conf),L 55-64,,12,1,4,.250,0,3,.000,1,1,1.000,.250,0,0,,0,0,0,0,1,0,0,1,2,0.2,Katie Keitges,https://www.sports-reference.com/cbb/players/katie-keitges-1.html,nebraska-omaha,2022-23
22,54,22,2023-01-28,Omaha,,Oral Roberts,REG (Conf),L 90-94 (OT),,26,2,5,.400,2,4,.500,0,1,.000,.600,0,0,,0,2,2,1,1,0,1,2,6,3.8,Katie Keitges,https://www.sports-reference.com/cbb/players/katie-keitges-1.html,nebraska-omaha,2022-23
23,55,23,2023-02-02,Omaha,@,St. Thomas,REG (Conf),W 58-54,,25,0,1,.000,0,1,.000,0,0,,.000,0,0,,0,3,3,1,2,0,1,1,0,1.5,Katie Keitges,https://www.sports-reference.com/cbb/players/katie-keitges-1.html,nebraska-omaha,2022-23
24,56,24,2023-02-04,Omaha,@,Western Illinois,REG (Conf),W 57-55,,15,2,3,.667,0,1,.000,2,2,1.000,.667,1,2,.500,0,1,1,0,2,0,0,3,5,4.4,Katie Keitges,https://www.sports-reference.com/cbb/players/katie-keitges-1.html,nebraska-omaha,2022-23
25,57,25,2023-02-09,Omaha,,North Dakota State,REG (Conf),W 63-58,,4,0,0,,0,0,,0,0,,,0,0,,0,0,0,0,0,0,1,0,0,-1.0,Katie Keitges,https://www.sports-reference.com/cbb/players/katie-keitges-1.html,nebraska-omaha,2022-23
26,58,26,2023-02-11,Omaha,,North Dakota,REG (Conf),L 61-79,,18,1,3,.333,0,1,.000,1,2,.500,.333,0,0,,1,1,2,0,1,0,0,1,2,1.9,Katie Keitges,https://www.sports-reference.com/cbb/players/katie-keitges-1.html,nebraska-omaha,2022-23
27,59,27,2023-02-16,Omaha,@,South Dakota,REG (Conf),L 41-61,,25,1,2,.500,1,2,.500,0,0,,.750,0,0,,1,1,2,0,1,0,0,3,3,2.8,Katie Keitges,https://www.sports-reference.com/cbb/players/katie-keitges-1.html,nebraska-omaha,2022-23
28,60,28,2023-02-18,Omaha,@,South Dakota State,REG (Conf),L 54-87,*,12,0,0,,0,0,,0,0,,,0,0,,0,1,1,0,0,0,1,1,0,-1.1,Katie Keitges,https://www.sports-reference.com/cbb/players/katie-keitges-1.html,nebraska-omaha,2022-23
29,61,29,2023-02-25,Omaha,,Denver,REG (Conf),W 83-73,,16,0,1,.000,0,1,.000,0,0,,.000,0,0,,0,1,1,0,0,0,1,3,0,-2.6,Katie Keitges,https://www.sports-reference.com/cbb/players/katie-keitges-1.html,nebraska-omaha,2022-23
30,62,30,2023-03-05,Omaha,N,North Dakota,CTOURN,W 84-81,,25,2,4,.500,2,4,.500,0,0,,.750,2,2,1.000,0,3,3,1,4,0,1,1,8,10.2,Katie Keitges,https://www.sports-reference.com/cbb/players/katie-keitges-1.html,nebraska-omaha,2022-23
31,63,31,2023-03-06,Omaha,N,Kansas City,CTOURN,W 69-60,,30,2,4,.500,0,2,.000,2,2,1.000,.500,2,2,1.000,1,2,3,2,0,0,1,1,6,5.3,Katie Keitges,https://www.sports-reference.com/cbb/players/katie-keitges-1.html,nebraska-omaha,2022-23
32,64,32,2023-03-07,Omaha,N,South Dakota State,CTOURN,L 51-93,,22,4,7,.571,3,5,.600,1,2,.500,.786,0,0,,0,2,2,0,2,0,1,2,11,8.5,Katie Keitges,https://www.sports-reference.com/cbb/players/katie-keitges-1.html,nebraska-omaha,2022-23
