ranker,player_game_num_career,team_game_num_season,date,team_name_abbr,game_location,opp_name_abbr,game_type,game_result,is_starter,mp,fg,fga,fg_pct,fg3,fg3a,fg3_pct,fg2,fg2a,fg2_pct,efg_pct,ft,fta,ft_pct,orb,drb,trb,ast,stl,blk,tov,pf,pts,game_score,player_name,player_sr_link,school,season
1,39,1,2023-11-09,Mount St. Mary's,@,Howard,REG (Non-Conf),L 39-58,,2,0,0,,0,0,,0,0,,,0,0,,0,0,0,0,0,0,1,0,0,-1.0,Aniya Walker,https://www.sports-reference.com/cbb/players/aniya-walker-1.html,mount-st-marys,2023-24
2,40,4,2023-11-22,Mount St. Mary's,@,FDU,REG (Non-Conf),W 64-50,,2,0,0,,0,0,,0,0,,,0,0,,0,1,1,0,0,0,2,2,0,-2.5,Aniya Walker,https://www.sports-reference.com/cbb/players/aniya-walker-1.html,mount-st-marys,2023-24
3,41,6,2023-12-02,Mount St. Mary's,@,Loyola (MD),REG (Non-Conf),L 42-63,,6,0,2,.000,0,1,.000,0,1,.000,.000,0,0,,0,2,2,0,0,0,1,0,0,-1.8,Aniya Walker,https://www.sports-reference.com/cbb/players/aniya-walker-1.html,mount-st-marys,2023-24
4,42,9,2023-12-16,Mount St. Mary's,@,Fairfield,REG (Conf),L 44-62,,1,1,1,1.000,0,0,,1,1,1.000,1.000,0,1,.000,0,0,0,0,0,0,0,0,2,1.3,Aniya Walker,https://www.sports-reference.com/cbb/players/aniya-walker-1.html,mount-st-marys,2023-24
